id,hindi,santali
1,"अब हमारे पास 4 महीने के चूहे हैं कि अविभ्यिक हैं जो अभ्य्य्य हैं, वह जोड़ा गया.","⁣ᱩᱱᱤ ᱞᱟᱹᱭ ᱠᱮᱜ-ᱟᱭ, ""ᱟᱞᱮ ᱴᱷᱮᱱ ᱔ ᱪᱟᱸᱫᱚ ᱨᱤᱱᱤᱡ ᱜᱩᱰᱩ ᱢᱮᱱᱟᱭᱟ ᱡᱟᱦᱟᱸᱭ ᱫᱚ ᱵᱟᱭ ᱰᱟᱭᱵᱮᱴᱤᱥᱟ ᱩᱱᱤ ᱯᱩᱭᱞᱩ ᱰᱟᱭᱵᱮᱴᱤᱥ ᱛᱟᱦᱮᱸᱠᱟᱱᱟ᱾"""
2,इस बारे में एहूद ऊर नाम के एक डॉक्टर ने चेतावनी दी कि कनाडा की डायबिटीज़ की जाँच के शुरूआती दिनों में भी चल रही है ।,"ᱰᱨᱹ ᱮᱦᱩᱫᱽ ᱩᱨ, ᱦᱟᱞᱤᱯᱷᱟᱠᱥ ᱨᱮᱭᱟᱜ ᱰᱟᱞᱦᱟᱣᱥᱤ ᱵᱤᱨᱫᱟᱹᱜᱟᱲ ᱨᱤᱱᱤᱡ ᱢᱮᱰᱤᱥᱤᱱ ᱯᱨᱚᱯᱷᱮᱥᱟᱨ, ᱱᱚᱣᱟ ᱥᱠᱚᱴᱤᱭᱟ ᱟᱨ ᱪᱮᱭᱟᱨ ᱚᱯᱷ ᱠᱞᱤᱱᱤᱠᱟᱞ ᱟᱨ ᱠᱟᱱᱟᱰᱤᱭᱟᱱ ᱰᱟᱭᱵᱮᱴᱤᱥ ᱜᱟᱶᱛᱟ ᱨᱮᱭᱟᱜ ᱥᱟᱬᱮᱥᱤᱭᱟᱹ ᱪᱟᱸᱜᱟ ᱠᱚ ᱥᱟᱣᱫᱷᱟᱱ ᱟᱠᱟᱫᱟ ᱡᱮ ᱠᱷᱚᱡᱽ ᱫᱚ ᱮᱛᱚᱦᱚᱵ ᱢᱟᱦᱟᱸ ᱨᱮᱜᱮ ᱢᱮᱱᱟᱜᱼᱟ᱾"
3,"कुछ अन्य विशेषज्ञों की तरह, वह इस बात पर संदेह करता है कि डायबिटीज़ ठीक हो सकती है या नहीं ।","ᱮᱴᱟᱜ ᱜᱟᱹᱠᱷᱩᱲᱟᱱ ᱦᱚᱲ ᱠᱚ ᱞᱮᱠᱟ, ᱩᱱᱤ ᱰᱟᱭᱵᱮᱴᱤᱥ ᱠᱷᱚᱱ ᱠᱚ ᱵᱮᱥᱚᱜ-ᱟ‌ ᱢᱮᱱᱛᱮ ᱦᱤᱫᱤᱡᱚᱜ ᱠᱟᱱᱟ, ᱡᱟᱦᱟᱸ ᱫᱚ ᱑ ᱰᱟᱭᱵᱮᱴᱤᱥ ᱞᱮᱠᱟᱱ ᱠᱩᱫ ᱦᱚᱲ ᱠᱚ ᱞᱟᱹᱜᱤᱫ ᱪᱮᱫ ᱦᱚᱸ ᱡᱚᱲᱟᱣ ᱜᱮ ᱵᱟᱹᱱᱩᱜ-ᱟ᱾"
4,"सन्‌ 2016 में, सन्‌ 1616 की जीत के बारे में बॉब डेंटन शहर में जीत हासिल करने में नाकाम रहा ।","ᱚᱛᱮ ᱢᱟᱦᱟᱸ, ᱥᱟᱨᱟ ᱰᱟᱱᱤᱭᱚᱥ, ᱥᱣᱮᱫᱤᱥ ᱟᱠᱟᱫᱮᱢᱤ ᱥᱟᱶᱦᱮᱫ ᱨᱮᱭᱟᱜ ᱱᱩᱵᱮᱞ ᱠᱩᱢᱩᱴ ᱨᱤᱱᱤᱡ ᱛᱷᱟᱱᱤᱛ ᱥᱩᱛᱨᱮᱛ, ᱥᱣᱮᱨᱤᱜᱽᱥ ᱨᱤᱰᱤᱭᱚ ᱨᱮᱭᱟᱜ ᱢᱤᱫ ᱯᱨᱚᱜᱨᱟᱢᱚᱨ ᱨᱮ ᱦᱚᱲ ᱛᱟᱞᱟᱨᱮ ᱞᱟᱹᱭ ᱞᱮᱜ-ᱟᱭ ᱡᱮ ᱒᱐᱑᱖ ᱨᱮ ᱥᱟᱶᱦᱮᱫ ᱨᱤᱱᱤᱡ ᱱᱳᱵᱮᱞ ᱡᱤᱛᱠᱟᱹᱨᱤᱭᱟᱹ ᱵᱚᱵᱽ ᱰᱟᱭᱞᱟᱱ ᱴᱷᱮᱱ ᱵᱟᱝ ᱥᱮᱴᱮᱨ ᱞᱮᱱᱟ, ᱱᱚᱶᱟ ᱫᱚ ᱚᱱᱟ ᱞᱟᱹᱜᱤᱫ ᱢᱤᱫ ᱠᱩᱨᱩᱢᱩᱴᱩ᱾"
5,"दानियुस ने कहा, अभी हम कुछ नहीं कर रहे हैं; मैं ने अपने सबसे निकट सहयोगियों को बुलाकर, बहुत ही दोस्ताना उत्तर दिए हैं।","ᱰᱟᱱᱤᱭᱚᱥ ᱞᱟᱹᱭ ᱠᱮᱫᱟᱭ, ""ᱱᱤᱛᱚᱜ ᱫᱚ ᱟᱞᱮ ᱪᱮᱫ ᱦᱚᱸ ᱵᱟᱞᱮ ᱪᱤᱠᱟᱹᱭᱮᱫᱟ᱾ ᱤᱧ ᱟᱡᱤᱡ ᱜᱟᱛᱮ ᱴᱷᱮᱱ ᱯᱷᱚᱱ ᱟᱨ ᱤᱢᱮᱞ ᱞᱮᱫᱟ ᱟᱨ ᱟᱡ ᱠᱷᱟᱱ ᱟᱹᱰᱤ ᱜᱟᱛᱮ ᱞᱮᱠᱟᱱ ᱛᱮᱞᱟᱧ ᱧᱟᱢ ᱨᱩᱣᱟᱹᱲ ᱞᱮᱫᱟ᱾ ᱱᱤᱛ ᱵᱷᱩᱨ, ᱚᱱᱟᱜᱮ ᱡᱟᱹᱥᱛᱤᱭᱟ᱾"""
6,"पहले, Ringsing Cannfffff, कंपनी ने कहा कि जब उसकी दरवाजे से उसकी दुकान से नहीं बोल रहा था.","ᱱᱟᱶᱟ ᱠᱷᱚᱱ ᱢᱟᱬᱟᱝᱨᱮ, ᱨᱤᱝ-ᱤᱡ ᱥᱤᱹᱤᱹᱳᱹ, ᱡᱟᱢᱤᱭ ᱥᱤᱢᱤᱱᱚᱯᱷ, ᱞᱟᱹᱭ ᱞᱮᱜ-ᱟᱭ ᱡᱮ ᱠᱩᱢᱯᱟᱹᱱᱤ ᱫᱚ ᱩᱱᱨᱮ ᱮᱛᱚᱦᱚᱵ ᱞᱮᱱᱟ ᱡᱟᱦᱟᱸᱛᱤᱥ ᱟᱡᱟᱜ ᱜᱮᱨᱮᱡᱽ ᱨᱮᱭᱟᱜ ᱥᱤᱞᱯᱤᱧ ᱜᱷᱟᱹᱱᱴᱤ ᱟᱡᱟᱜ ᱫᱚᱠᱟᱱᱨᱮ ᱵᱟᱝ ᱥᱟᱰᱮ ᱠᱟᱱ ᱛᱟᱦᱮᱸᱫ᱾"
7,"उन्होंने कहा कि एक विफ़िक दरवाजा घंटी बनाया, उसने कहा.","ᱩᱱᱤ ᱞᱟᱹᱭ ᱠᱮᱰ-ᱟ, ᱩᱱᱤ ᱫᱚ ᱢᱤᱫ ᱣᱟᱭᱯᱷᱟᱭ ᱫᱩᱣᱟᱹᱨ ᱜᱷᱟᱱᱴᱤ ᱵᱮᱱᱟᱣ ᱟᱠᱟᱫ-ᱟᱭ᱾"
8,"एक शार्क पक्षी ने कहा कि सन्‌ 2013 की एक घटना पर गौर करने से पता चलता है कि हाल ही में उसने जो पैसा जमा किया था, उसके बाद उसकी बिक्री बढ़ गयी ।",ᱥᱤᱢᱤᱱᱚᱯᱷ ᱞᱟᱹᱭ ᱟᱠᱟᱫ-ᱟᱭ ᱡᱮ ᱒᱐᱑᱓ ᱥᱟᱨᱠ ᱴᱮᱸᱠ ᱮᱯᱤᱥᱳᱰ ᱨᱮ ᱟᱡ ᱦᱮᱡ ᱞᱮᱱ ᱛᱟᱭᱚᱢ ᱟᱹᱠᱷᱨᱤᱧ ᱰᱷᱮᱨ ᱞᱮᱱᱟ ᱡᱟᱦᱟᱸᱨᱮ ᱥᱳ ᱯᱟᱱᱮᱞ ᱫᱚ ᱥᱴᱟᱴᱚᱯ ᱞᱟᱹᱜᱤᱱ ᱛᱮ ᱯᱩᱭᱥᱟᱹ ᱮᱢᱚᱜ-ᱮ ᱢᱟᱱᱟ ᱞᱮᱜ-ᱟI
9,"सन्‌ 2017 के आखिर में, टी. वी.","᱒᱐᱑᱗ ᱢᱩᱪᱟᱹᱫ ᱨᱮ, ᱥᱤᱢᱤᱱᱚᱯᱷ ᱧᱮᱱᱮᱞᱚᱢ ᱪᱟᱱᱮᱞ QVC ᱨᱮ ᱧᱮᱞ ᱞᱮᱱᱟ᱾"
10,"इसके अलावा, ए. डी. ए. डी.","ᱨᱤᱝ ᱫᱚ ᱟᱨᱦᱚᱸ ᱦᱮᱯᱨᱟᱣ ᱥᱩᱨᱚᱠᱷᱭᱟ ᱠᱚᱢᱯᱟᱱᱤ, ᱮ.ᱰᱤ.ᱴᱤ ᱠᱚᱨᱯᱚᱨᱮᱥᱚᱱ ᱥᱟᱶ ᱢᱚᱠᱚᱨᱫᱚᱢᱟ ᱚᱝᱥᱟᱨ ᱥᱚᱞᱦᱮ ᱟᱠᱟᱫ-ᱟᱭI"
11,"जबकि एक प्रयोगात्मक वैक्सीन अब तक ऐरोकामा की मृत्यु को कम करने में समर्थ हुई है, कोई भी दवा स्पष्ट रूप से मौजूदा संक्रमण का इलाज करने के लिए उपयुक्‍त साबित नहीं हुई है ।","ᱢᱤᱫ ᱮᱠᱥᱯᱮᱨᱤᱢᱮᱱᱴᱟᱞ ᱵᱷᱮᱠᱥᱤᱱ ᱤᱵᱳᱞᱟ ᱛᱮ ᱜᱩᱡᱩᱜ-ᱮ ᱠᱚᱢ ᱞᱮᱜ-ᱟ, ᱱᱤᱛ ᱵᱷᱩᱨ ᱛᱮ, ᱪᱮᱫ  ᱨᱟᱱ ᱠᱚᱦᱚᱸ ᱱᱚᱶᱟ ᱤᱱᱯᱷᱮᱠᱥᱚᱱ ᱠᱷᱚᱱ ᱨᱩᱠᱷᱤᱭᱟᱹᱜ ᱞᱟᱹᱜᱤᱫ ᱵᱟᱝ ᱠᱚ ᱥᱚᱫᱚᱨ ᱞᱮᱜ-ᱟ᱾"
12,"शुरू - शुरू में, सीएमप्पे ने वादा किया था कि एक व्यक्‍ति को मौत को रोकने में कोई फायदा नहीं होगा ।","ᱢᱤᱫ ᱟᱱᱴᱤᱵᱚᱰᱤ ᱠᱚᱠᱴᱮᱞ, ZMapp, ᱱᱚᱶᱟ ᱡᱟᱭᱜᱟ ᱞᱟᱹᱜᱤᱫ ᱱᱟᱯᱟᱭ ᱥᱟᱹᱵᱤᱛ ᱞᱮᱱᱟ, ᱢᱮᱱᱠᱷᱟᱱ ᱯᱟᱲᱦᱟᱣ ᱫᱚᱭ ᱩᱫᱩᱜᱮᱜ-ᱟ ᱡᱮ ᱦᱚᱲ ᱜᱩᱡᱩᱜ ᱟᱠᱚᱴ ᱞᱟᱹᱜᱤᱫ ᱱᱚᱶᱟ ᱵᱟᱭ ᱠᱟᱹᱢᱤ ᱠᱟᱱᱟ᱾"
13,सी.) का इस्तेमाल करते थे और उसके तीन अन्य उपचारों की तुलना करते थे ।,"PALM ᱴᱨᱟᱭᱮᱞ ᱨᱮ , ZMapp ᱫᱚ ᱢᱤᱫ ᱠᱚᱵᱚᱡᱽ ᱞᱮᱠᱟᱭ ᱠᱟᱹᱢᱤ ᱠᱮᱜ-ᱟ, ᱢᱮᱱᱮᱛ ᱥᱟᱬᱮᱥᱤᱭᱟᱹ ᱠᱚ ᱱᱚᱶᱟ ᱢᱤᱫ ᱵᱮᱥᱞᱟᱭᱤᱱ ᱞᱮᱠᱟ ᱠᱚ ᱵᱮᱵᱷᱟᱨ ᱠᱮᱜ-ᱟ ᱟᱨ ᱮᱴᱟᱜ ᱯᱮᱭᱟ ᱴᱨᱤᱴᱢᱮᱸᱴ ᱥᱟᱶ ᱱᱚᱶᱟ ᱠᱚ ᱡᱚᱠᱷᱟ ᱠᱮᱜ-ᱟ᱾"
14,यू. यू. एस. ए.,USA ᱡᱤᱢᱱᱟᱥᱴᱤᱠ ᱭᱩᱱᱟᱭᱴᱮᱰ ᱥᱴᱮᱴᱥ-ᱟᱜ ᱚᱞᱢᱯᱤᱠ ᱠᱩᱢᱩᱴᱟᱜ ᱪᱤᱴᱷᱤ ᱠᱚ ᱢᱟᱱᱟᱣᱮᱫᱟ ᱟᱨ ᱚᱞᱚᱢᱯᱤᱠ ᱜᱷᱟᱨᱚᱸᱡᱽ ᱨᱮᱭᱟᱜ ᱡᱟᱦᱟᱸ ᱠᱷᱚᱡᱽ ᱠᱚ ᱢᱟᱱᱟᱣ ᱟᱛᱮ ᱥᱟᱱᱟᱢ ᱠᱷᱮᱞᱚᱸᱰᱤᱭᱟᱹ ᱠᱚ ᱞᱟᱹᱜᱤᱫ ᱱᱟᱯᱟᱭ ᱥᱟᱪᱟᱨᱦᱮ ᱠᱚ ᱯᱟᱥᱱᱟᱣᱮᱫᱟ᱾
15,"हम अमेरिकाओसी के बयान से सहमत हैं कि हमारे खिलाड़ियों और क्लब के शौक, और उनके खेल, हमारे संगठन के भीतर अर्थपूर्ण परिवर्तन के साथ आगे बढ़ने के द्वारा बेहतर सेवा की जा सकती है, नहीं.","ᱟᱞᱮ ᱭᱩ.ᱮᱥ.ᱳ.ᱥᱤ ᱦᱟᱜ ᱨᱚᱲ ᱞᱮ ᱵᱟᱛᱟᱣᱮᱫᱟ ᱡᱟᱦᱟᱸ ᱫᱚ ᱟᱞᱮᱨᱤᱱ ᱠᱷᱮᱞᱚᱸᱰᱤᱭᱟᱹ ᱟᱨ ᱜᱟᱶᱛᱟ ᱠᱚ, ᱟᱨ ᱟᱠᱚᱣᱟᱜ ᱠᱷᱮᱞ, ᱜᱚᱱᱚᱴᱷᱚᱱ ᱨᱮ ᱜᱩᱱᱢᱟᱱᱟᱣ ᱵᱚᱫᱚᱞ ᱟᱛᱮ ᱟᱠᱚ ᱢᱟᱬᱟᱝ ᱥᱮᱱ ᱞᱟᱦᱟ ᱞᱟᱹᱠᱛᱤ ᱠᱟᱱᱟ, ᱟᱨ ᱵᱟᱝ ᱫᱚ ᱰᱮᱥᱟᱨᱴᱤᱯᱷᱤᱠᱮᱥᱚᱱ ᱞᱮᱠᱟᱛᱮI"
16,यू. एस. ए.) के बचनेवालों ने इतने लंबे अरसे तक और किसी भी ज़रूरी और उचित परिवर्तनों को स्वीकार नहीं किया ।,USA ᱡᱤᱢᱱᱟᱥᱴᱤᱠ ᱢᱤᱫ ᱵᱷᱮᱜᱟᱨ ᱤᱱᱵᱷᱮᱥᱴᱤᱜᱮᱥᱚᱱᱮ ᱥᱟᱯᱚᱴᱮᱫᱟ ᱡᱟᱦᱟᱸ ᱞᱟᱨᱤ ᱱᱟᱥᱟᱨᱤᱱ ᱵᱟᱧᱪᱟᱣ ᱟᱠᱟᱱ ᱦᱚᱲ ᱠᱚ ᱞᱟᱹᱭ ᱞᱮᱠᱟᱛᱮ ᱱᱤᱛ ᱵᱷᱩᱨ ᱵᱟᱝ ᱴᱷᱤᱠᱟᱹ ᱞᱮᱱᱟ ᱟᱨ ᱚᱱᱟᱨᱮ ᱵᱚᱫᱚᱞᱚᱜ ᱠᱷᱚᱡᱚᱜ ᱠᱟᱱᱟ᱾
17,यू. एस. ए. ए.,"USA ᱡᱤᱢᱱᱟᱥᱴᱤᱠ ᱟᱨ USOC-ᱟᱜ ᱡᱚᱥ ᱫᱚ ᱢᱤᱫ ᱜᱮᱭᱟ — ᱡᱤᱢᱱᱟᱥᱴᱤᱠ ᱟᱨ ᱮᱴᱟᱜ ᱠᱷᱮᱞ ᱠᱚ ᱠᱷᱮᱞᱚᱸᱰᱤᱭᱟᱹ ᱠᱚ ᱞᱟᱹᱜᱤᱫ ᱱᱤᱨᱟᱯᱚᱫᱽ ᱵᱮᱱᱟᱣ ᱡᱮᱢᱚᱱ ᱠᱷᱮᱞᱚᱸᱰᱤᱭᱟᱹ ᱠᱚ ᱟᱠᱚᱣᱟᱜ ᱠᱩᱠᱢᱩ ᱱᱤᱨᱟᱯᱚᱫᱽ, ᱯᱚᱡᱮᱴᱤᱵᱽ ᱟᱨ ᱮᱢᱯᱟᱣᱟᱨᱰ ᱥᱟᱪᱟᱨᱦᱮ ᱛᱮᱠᱚ ᱯᱟᱸᱡᱟ ᱫᱟᱲᱮᱭᱟᱜ-ᱟ᱾"
18,"सन्‌ 1960 से लेकर सन्‌ 1960 के दौरान, बीज़ेजीस्की ने जॉन एफ.","᱑᱙᱖᱐ ᱦᱟᱹᱵᱤᱡ, ᱵᱨᱡᱮᱡᱤᱱᱥᱠᱤ ᱫᱚ ᱡᱚᱱ ᱮᱯᱷ. ᱠᱮᱱᱮᱰᱤ-ᱤᱡ ᱟᱰᱵᱷᱟᱭᱡᱚᱨ ᱞᱮᱠᱟᱛᱮ ᱠᱟᱹᱢᱤ ᱞᱮᱜ-ᱟᱭ ᱚᱱᱟ ᱛᱟᱭᱚᱢ ᱫᱚ ᱞᱤᱱᱰᱚᱱ ᱵᱤ. ᱡᱚᱱᱥᱚᱱ ᱟᱰᱢᱤᱱᱤᱥᱴᱨᱮᱥᱚᱱ᱾"
19,सन्‌ 1976 में उसने विदेशी नीति पर कार्टर को सलाह दी ।,"᱑᱙᱗᱖ ᱨᱮᱭᱟᱜ ᱵᱟᱪᱷᱱᱟᱣ ᱚᱠᱛᱚᱨᱮ ᱩᱱᱤ ᱯᱷᱚᱨᱮᱱ ᱯᱚᱞᱤᱥᱤ ᱵᱟᱲᱮᱛᱮ ᱠᱟᱨᱴᱚᱨ ᱟᱰᱵᱷᱟᱭᱤᱥ ᱮᱢᱟᱫᱮ ᱛᱟᱦᱮᱸᱫ, ᱚᱱᱟ ᱯᱚᱨ ᱑᱙᱗᱗ ᱠᱷᱚᱱ ᱑᱙᱘᱑ ᱦᱟᱹᱵᱤᱡ ᱱᱮᱥᱱᱟᱞ ᱥᱤᱠᱭᱩᱨᱤᱴᱤ ᱚᱯᱷ ᱟᱰᱵᱷᱟᱭᱡᱚᱨ (ᱮᱱ.ᱮᱥ.ᱮ.), ᱞᱮᱠᱟᱛᱮ ᱦᱮᱱᱨᱤ ᱠᱤᱥᱤᱝᱜᱚᱨᱮ ᱥᱚᱯᱷᱚᱲ ᱞᱮᱫᱮᱭᱟ᱾"
20,"NAS के रूप में, उन्होंने कैम्प डेविड पोस्टर, 1978; सामान्य रूप से अमेरिका के संबंध में १९७० के दशक के आखिर में सोचा; ईरानी क्रांति, जो ईरानी बंधक संकट, 1979, और सोवियत हमले की ओर ले गया.","ᱮᱱ.ᱮᱥ.ᱮ. ᱞᱮᱠᱟᱛᱮ, ᱩᱱᱤ ᱡᱮᱜᱮᱛᱟᱹᱨᱤ ᱟᱯᱷᱮᱭᱟᱨᱥ ᱵᱟᱨᱮᱛᱮ ᱠᱟᱨᱚᱨᱮ ᱟᱥᱤᱥᱴ ᱞᱮᱫᱮᱭᱟ, ᱡᱮᱢᱚᱱ ᱠᱮᱸᱯ ᱰᱮᱵᱷᱤᱰ ᱟᱠᱚᱨᱰ, ᱑᱙᱗᱘; ᱭᱩ.ᱮᱥ. ᱟᱨ ᱪᱟᱭᱱᱟ-ᱟᱜ ᱥᱟᱹᱜᱟᱹᱭᱮ ᱱᱚᱨᱢᱟᱞᱟᱭᱤᱡᱽ ᱠᱮᱜ-ᱟ ᱑᱙᱗᱐ ᱢᱩᱪᱟᱹᱫ ᱥᱮᱱᱨᱮ; ᱤᱨᱟᱱᱤᱭᱟ ᱨᱤᱵᱷᱚᱞᱭᱩᱥᱚᱱ, ᱡᱟᱦᱟᱸ ᱤᱨᱟᱱ ᱦᱚᱥᱴᱮᱡᱽ ᱮᱴᱠᱮᱴᱚᱬᱮ ᱛᱮ ᱟᱹᱜᱩ ᱞᱮᱫ ᱠᱚᱣᱟᱭ, ᱑᱙᱗᱙; ᱟᱨ ᱟᱯᱷᱜᱷᱟᱱᱤᱥᱛᱟ ᱨᱮ ᱥᱳᱵᱷᱤᱭᱮᱛ ᱤᱱᱵᱷᱟᱡᱚᱱ, ᱑᱙᱗᱙᱾"
21,उस फिल्म में रायन गोलिंग और एमास स्टोन दिखाया गया था ।,"ᱚᱱᱟ ᱯᱷᱤᱞᱤᱢ, ᱡᱟᱸᱦᱟᱸ ᱫᱚ ᱨᱭᱟᱱ ᱜᱳᱥᱞᱤᱝ ᱟᱨ ᱮᱢᱟ ᱥᱴᱚᱱ ᱠᱤᱱ ᱠᱚᱨᱟᱣ ᱞᱮᱫᱟ, ᱚᱱᱟ ᱥᱟᱱᱟᱢ ᱢᱟᱨᱟᱝ ᱠᱟᱴᱮᱜᱳᱨᱤ ᱨᱮᱭᱟᱜ ᱵᱟᱪᱷᱚᱱ ᱨᱮ ᱴᱷᱟᱶᱮ ᱧᱟᱢ ᱟᱠᱟᱫ-ᱟ᱾"
22,"लेकिन, सा. यु. पू.",ᱜᱳᱥᱞᱤᱝ ᱟᱨ ᱥᱴᱚᱱ ᱫᱚ ᱱᱟᱯᱟᱭ ᱟᱠᱴᱚᱨ ᱟᱨ ᱱᱟᱯᱟᱭ ᱟᱠᱴᱨᱮᱥ ᱞᱟᱹᱜᱤᱫ ᱠᱚ ᱵᱟᱪᱷᱚᱱ ᱠᱮᱫ ᱠᱤᱱᱟ᱾
23,"अन्य नवीकरणों में उत्तम चित्र, प्रत्यक्ष चित्र, सुधारी, रंगीन डिज़ाइन, मूल अंक, उत्पाद संपादन, ध्वनि संपादन, ध्वनि कौशल और मूल स्क्रीन खेल शामिल हैं.","ᱮᱴᱟᱜ ᱵᱟᱪᱷᱚᱱ ᱠᱚᱫᱚ ᱱᱟᱯᱟᱭ ᱯᱤᱠᱪᱚᱨ, ᱰᱤᱨᱮᱠᱴᱚᱨ, ᱥᱤᱱᱮᱢᱟᱴᱚᱜᱨᱟᱯᱷᱤ, ᱠᱚᱥᱴᱚᱢ ᱰᱤᱡᱟᱭᱤᱱ, ᱯᱷᱤᱞᱢ ᱮᱰᱤᱴᱤᱝ, ᱚᱨᱤᱡᱤᱱᱟᱞ ᱥᱠᱚᱨ, ᱯᱨᱚᱰᱚᱠᱥᱚᱱ ᱰᱤᱡᱟᱭᱤᱱ, ᱥᱟᱶᱰ ᱮᱰᱤᱴᱤᱝ, ᱥᱟᱶᱰ ᱢᱤᱠᱥᱤᱝ ᱟᱨ ᱚᱨᱤᱡᱤᱱᱟᱞ ᱥᱠᱨᱤᱱ ᱯᱞᱮᱭ ᱮᱢᱟᱱ ᱠᱚ᱾"
24,फिल्म से दो गीत (जो मूर्ख सपने आते हैं) और तारों के शहर के दो गीतों को सबसे अच्छे मूल गीत के लिए कोई कमी नहीं मिली ।,"ᱯᱷᱤᱞᱢ ᱨᱮᱭᱟᱜ ᱵᱟᱨᱭᱟ ᱥᱮᱨᱮᱧ, ᱚᱰᱤᱥᱚᱱ (ᱫᱤ ᱯᱷᱩᱞᱥ ᱦᱩ ᱰᱨᱤᱢ) ᱟᱨ ᱥᱤᱴᱤ ᱚᱯᱷ ᱥᱴᱟᱨᱥ, ᱫᱚ ᱥᱚᱨᱮᱥ ᱢᱩᱞ ᱥᱮᱨᱮᱧ ᱞᱟᱹᱜᱤᱫ ᱢᱚᱱᱚᱱᱤᱛ ᱧᱟ ᱞᱮᱱᱟ᱾ ᱞᱟᱭᱚᱱᱥᱜᱮᱴ ᱥᱴᱩᱰᱤᱭᱳ ᱫᱚ ᱒᱖ ᱢᱚᱱᱚᱱᱤᱛ ᱧᱟᱢ ᱞᱮᱫ-ᱟᱭ — ᱟᱨ ᱮᱴᱟᱜ ᱥᱴᱩᱰᱤᱭᱳ ᱠᱷᱚᱱ ᱰᱷᱮᱨ ᱜᱮI"
25,"रविवार के दिन, संयुक्‍त राज्य अमरीका के राष्ट्रपति ट्रम्प ने प्रेस सचिव द्वारा दिए एक कथन में, घोषणा की कि अमेरिका के सैनिकों को अराम छोड़ दिया जाएगा ।","ᱥᱤᱸᱜᱤ ᱢᱟᱦᱟᱸ ᱧᱤᱫᱟᱹ, ᱭᱩᱱᱟᱭᱴᱮᱰ ᱥᱴᱮᱴᱥ ᱯᱟᱨᱥᱮᱛ ᱰᱳᱱᱟᱞᱰᱚ ᱴᱨᱚᱢᱯ, ᱯᱨᱮᱥ ᱨᱮ ᱞᱟᱹᱭ ᱞᱮᱜ-ᱟᱭ ᱡᱮ ᱭᱩ.ᱮᱥ. ᱴᱨᱚᱯ ᱫᱚ ᱥᱤᱨᱤᱭᱟ ᱠᱷᱚᱱ ᱠᱚ ᱨᱩᱣᱟᱹᱲᱟ᱾"
26,"इस घोषणा के बाद, ट्रम्प ने तुर्की राष्ट्रपति Reypipiocan के साथ फोन पर एक फोन किया।",ᱱᱚᱶᱟ ᱦᱚᱦᱚ ᱫᱚ ᱛᱩᱨᱠᱤ ᱯᱟᱨᱥᱮᱛ ᱨᱤᱥᱤᱯ ᱛᱟᱭᱤᱯ ᱮᱨᱰᱚᱜᱟᱱ ᱥᱟᱶ ᱴᱨᱚᱸᱯ ᱥᱟᱶ ᱯᱷᱚᱱ ᱛᱮ ᱨᱚᱯᱚᱲ ᱦᱩᱭ ᱠᱟᱛᱮ ᱜᱟᱱᱮᱱᱟ᱾
27,"तुर्की की रक्षा करने के लिए रक्षात्मक लड़ाई - झगड़ों को भी ले जाएगा, जो कि कथन ने कहा है, यूरोपीय राष्ट्रों ने पुनर्भरण करने से इनकार कर दिया है ।","ᱥᱟᱵ ᱦᱚᱪᱚ ᱟᱠᱟᱱ ᱟᱭ.ᱮᱥ.ᱟᱭ.ᱮᱥ ᱯᱷᱟᱭᱴᱚᱨ ᱠᱚ ᱫᱚ ᱛᱩᱨᱠᱤ ᱦᱚᱨᱦᱚ ᱠᱚᱣᱟᱭ, ᱟᱨ ᱦᱚᱸ ᱠᱟᱛᱷᱟ ᱞᱮᱠᱟᱛᱮ, ᱭᱩᱨᱩᱯᱤᱭᱟᱱ ᱱᱮᱥᱚᱱ ᱱᱚᱶᱟ ᱟᱠᱚ ᱢᱩᱞᱩᱠ ᱛᱮ ᱨᱩᱣᱟᱹᱲᱮ ᱢᱟᱱᱟ ᱟᱠᱟᱫᱟ᱾"
28,"यह केवल इस बात की पुष्टि नहीं करता कि कम - से - कम कुछ जड़ी - बूटियों के परे होते हैं, एक सिद्धांत पहले से ही व्यापक है, लेकिन विवरण प्रदान करता है आम तौर पर रंग और तीन-छोटे व्यवस्था ।","ᱱᱚᱶᱟ ᱫᱚ ᱵᱟᱭ ᱴᱷᱟᱹᱣᱠᱟ.ᱣᱮᱫ ᱛᱟᱦᱮᱸᱫ ᱡᱮ ᱰᱟᱭᱱᱮᱥᱚᱨᱟᱜ ᱯᱷᱟᱹᱠᱬᱟ.ᱜ ᱛᱟᱦᱮᱸ ᱠᱟᱱᱟ, ᱢᱤᱫ ᱛᱷᱤᱣᱨᱤ ᱢᱟᱬᱟᱝ ᱠᱷᱚᱱᱮ ᱞᱟᱹᱭ ᱥᱟᱰᱮ ᱟᱠᱟᱫᱟ, ᱢᱮᱱᱠᱷᱟᱱ ᱦᱚᱲᱢᱚ ᱛᱚᱨᱚᱡ ᱱᱚᱶᱟ ᱠᱚ ᱵᱟᱭ ᱴᱷᱟᱹᱣᱠᱟᱹᱭᱟ ᱡᱮᱢᱚᱱ ᱨᱚᱝ ᱯᱮ-ᱰᱟᱭᱢᱮᱱᱥᱚᱱᱟᱞ ᱟᱨᱮᱸᱡᱽᱢᱮᱸᱴ᱾"
29,वैज्ञानिकों का कहना है कि इस जानवर का झुकाव एक पीला या कार्टेन के साथ शीर्ष पर था।,ᱥᱟᱬᱮᱥᱤᱭᱟ ᱠᱚᱣᱟᱜ ᱢᱮᱱ ᱠᱟᱱᱟ ᱡᱮ ᱱᱩᱭ ᱡᱟᱱᱣᱟᱨᱟᱜ ᱤᱞ ᱪᱮᱛᱟᱱ ᱠᱷᱚᱱ ᱥᱟᱦᱵᱩᱛ - ᱯᱮᱨᱮᱡ ᱨᱚᱝ ᱨᱮᱱᱟᱜ ᱛᱟᱦᱮᱸ ᱠᱟᱱᱟ ᱟᱨ ᱞᱟᱛᱟᱨ ᱟᱜ ᱦᱟᱹᱴᱤᱧ ᱫᱚ ᱥᱟᱥᱟᱝ ᱥᱮ ᱠᱮᱭᱨᱚᱴᱤᱱᱚᱭᱰ ᱨᱚᱝ ᱨᱮᱱᱟᱜ ᱛᱟᱦᱮᱸ ᱠᱟᱱᱟ᱾
30,इस खोज से पक्षियों के पंखों के विकास की समझ भी मिलती है ।,ᱱᱚᱶᱟ ᱠᱷᱚᱡᱽ ᱪᱮᱬᱮ ᱨᱮ ᱤᱞ ᱦᱟᱨᱟᱜ ᱨᱮ ᱦᱚᱸ ᱚᱱᱛᱟᱨᱫᱽᱨᱤᱥᱴᱤ ᱯᱨᱚᱫᱟᱱ ᱮᱫᱟᱭ᱾
31,"क्योंकि इन अन्य लक्षणों को एक अच्छी तरह से बना हुआ पंख नहीं होता, लेकिन पंखों की अन्य विशेषताएँ भी होती हैं — बार्ब और टेब्स — इन वैज्ञानिकों को बाद में विकास के विकास की संभावना थी कि इन अन्य लक्षणों के बारे में.","ᱪᱮᱫᱟᱜ ᱥᱮ ᱰᱟᱭᱱᱟᱥᱚᱨ ᱟᱜ ᱤᱞ ᱨᱮ ᱢᱤᱫ ᱦᱟᱨᱟᱜ ᱞᱮᱠᱟᱱ ᱵᱮᱥ ᱥᱟᱯᱷᱴ ᱵᱟᱝ ᱠᱷᱟᱱ ᱛᱟᱦᱮᱱ ᱠᱟᱱᱟ, ᱡᱟᱦᱟᱸ ᱫᱚ ᱨᱮᱭᱪᱤᱥ ᱠᱚ ᱢᱮᱛᱟᱜ ᱠᱟᱱᱟ, ᱢᱮᱱᱠᱷᱟᱱ ᱤᱞ ᱨᱮᱱᱟᱜ ᱟᱭᱢᱟ ᱵᱤᱥᱮᱥᱛᱟ ᱠᱚ ᱢᱮᱱᱟᱜᱼᱟ — ᱵᱟᱵᱟᱨᱥ ᱟᱨ ᱵᱟᱨᱵᱩᱞᱥ — ᱠᱷᱚᱡᱽ ᱨᱮ ᱟᱜᱽᱢᱟ ᱞᱟᱜᱟᱣ ᱦᱩᱭ ᱟᱠᱟᱱᱟ ᱡᱮ ᱨᱮᱭᱪᱤᱥ ᱥᱚᱢᱵᱷᱚᱣᱛᱟ ᱢᱤᱫ ᱛᱟᱦᱮᱸ ᱠᱟᱱᱟ ᱛᱟᱭᱚᱢ ᱛᱮ ᱵᱤᱠᱟᱥᱵᱟᱫᱤ ᱠᱚᱣᱟᱜ ᱡᱮ ᱨᱮᱭᱪᱤᱥ ᱚᱱᱟ ᱨᱮᱱᱟᱜ ᱵᱮᱵᱷᱟᱨ ᱩᱰᱟᱹᱣ ᱨᱮ ᱵᱟᱝ ᱠᱟᱛᱮ ᱢᱮᱱᱠᱷᱟᱱ ᱛᱚᱯᱢᱟᱱ ᱣᱤᱱᱤᱢᱟᱭ ᱥᱮ ᱯᱨᱚᱫᱚᱨᱥᱚᱱ ᱞᱟᱹᱜᱤᱫ ᱦᱩᱭ ᱞᱮᱱ ᱛᱟᱦᱮᱸ ᱠᱟᱱᱟ᱾"
32,"पंखों की संरचना का सुझाव है कि वे उड़ान में प्रयोग नहीं किया गया था लेकिन तापमान या प्रदर्शन के बजाय. खोजकर्ताओं ने सुझाव दिया कि, हालांकि यह एक युवा Merer की पूंछ है, नमूना वयस्कों को दिखाई देता है और न कि एक लड़की के नीचे.","ᱛᱚᱞᱟᱥ ᱟᱱᱤᱡ ᱠᱚ ᱞᱟᱹᱭ ᱠᱮᱫᱼᱟ ᱡᱮ, ᱦᱩᱭ ᱫᱟᱲᱮᱭᱟᱜᱼᱟ ᱱᱚᱶᱟ ᱡᱮ ᱢᱤᱫ ᱡᱩᱣᱟᱹᱱ ᱰᱟᱭᱱᱟᱥᱚᱨ ᱟᱜ ᱪᱩᱯᱤ ᱢᱮᱱᱟᱜᱼᱟ, ᱱᱚᱢᱩᱱᱟ ᱣᱭᱟᱥᱠ ᱤᱞ ᱩᱫᱩᱜᱚᱜ ᱠᱟᱱᱟ, ᱵᱟᱝ ᱫᱚ ᱰᱩᱡᱮ ᱠᱚ ᱞᱟᱛᱟᱨ᱾"
33,"वैज्ञानिकों ने सुझाव दिया कि, हालांकि यह एक युवा फ़्लॉसर की पूंछ है, नमूना वयस्कों को दिखाई देता है और एक लड़की के नीचे नहीं.","ᱛᱚᱞᱟᱥ ᱟᱱᱤᱡ ᱠᱚ ᱞᱟᱹᱭ ᱠᱮᱫᱼᱟ ᱡᱮ, ᱦᱩᱭ ᱫᱟᱲᱮᱭᱟᱜᱼᱟ ᱱᱚᱶᱟ ᱡᱮ ᱢᱤᱫ ᱡᱩᱣᱟᱹᱱ ᱰᱟᱭᱱᱟᱥᱳᱨ ᱟᱜ ᱪᱩᱯᱤ ᱢᱮᱱᱟᱜᱼᱟ, ᱱᱚᱢᱩᱱᱟ ᱣᱭᱟᱥᱠ ᱤᱞ ᱩᱫᱩᱜᱚᱜ ᱠᱟᱱᱟ, ᱵᱟᱝ ᱫᱚ ᱢᱤᱫ ᱪᱤᱠ ᱰᱟᱣᱩᱱ᱾"
34,पुलिस मुख्यालय में एक कार बम विस्फोट ने कल रात को दो पुलिस अफ़सरों को मार डाला और बीस से ज़्यादा लोगों को घायल किया ।,ᱛᱩᱨᱠᱤ ᱨᱮᱱᱟᱜ ᱜᱟᱡᱤᱭᱟᱸᱴᱮᱯ ᱨᱮ ᱯᱩᱞᱤᱥ ᱢᱩᱠᱷᱭᱟᱞᱚᱭ ᱨᱮ ᱦᱚᱞ ᱥᱮᱛᱟᱜ ᱢᱤᱫ ᱠᱟᱨ ᱵᱚᱢ ᱚᱴᱮᱫ ᱨᱮ ᱵᱟᱨᱭᱟ ᱯᱩᱞᱤᱥ ᱟᱫᱷᱤᱠᱟᱨᱤ ᱠᱤᱱᱟᱜ ᱜᱩᱨ ᱦᱩᱭ ᱮᱱᱟ ᱟᱨ ᱵᱟᱨ ᱜᱮᱞ ᱜᱚᱴᱟᱝ ᱠᱷᱚᱱ ᱵᱟᱹᱲᱛᱤ ᱦᱚᱲ ᱠᱚ ᱜᱷᱟᱣ ᱮᱱᱟ᱾
35,राज्यपाल के कार्यालय ने कहा कि घायल लोगों में से उन्नीस पुलिस अधिकारी थे।,ᱯᱚᱱᱚᱛ ᱜᱚᱢᱠᱮ ᱟᱹᱢᱟᱹᱞᱤᱨᱮ ᱢᱮᱱ ᱠᱮᱫᱼᱟ ᱡᱮ ᱜᱷᱟᱣ ᱟᱠᱟᱱ ᱠᱚ ᱫᱚ ᱜᱮ ᱟᱨᱮ ᱯᱩᱞᱤᱥ ᱟᱫᱷᱤᱠᱟᱨᱤ ᱠᱚ ᱛᱟᱦᱮᱸ ᱠᱟᱱᱟ᱾
36,पुलिस ने कहा कि वे हमले की जिम्मेदारी के सैन्य रूप से संदेह करते हैं।,ᱯᱩᱞᱤᱥ ᱠᱚ ᱢᱮᱱ ᱠᱮᱫᱼᱟ ᱡᱮ ᱩᱱᱠᱩ ᱦᱟᱢᱞᱟ ᱨᱮᱱᱟᱜ ᱵᱚᱡᱷ ᱨᱮ ᱢᱤᱫ ᱠᱚᱛᱷᱤᱛ ᱫᱟ ᱮᱥ (ᱟᱭᱤ ᱮᱥ ᱟᱭᱤ ᱮᱞ) ᱟᱛᱟᱝᱠᱣᱟᱫᱤ ᱨᱮ ᱥᱟᱠ ᱢᱮᱱᱟᱜᱼᱟ᱾
37,"उन्होंने सूर्य को अन्य तारों के रूप में अन्य बुनियादी सिद्धांतों पर प्रयोग किया: तंत्र के सभी तारों का कार्य उनकी चमक - दमक, उनका परिक्रमण, और कोई दूसरा नहीं पाया गया ।","ᱩᱱᱠᱩᱠᱚ ᱧᱟᱢ ᱠᱮᱫᱼᱟ ᱡᱮ ᱥᱤᱧ ᱪᱟᱸᱫᱚ ᱮᱴᱟᱜ ᱤᱯᱤᱞ ᱠᱚᱣᱟᱜ ᱥᱚᱢᱟᱱ ᱢᱩᱬ ᱥᱤᱫᱷᱟᱱᱛᱚ ᱨᱮ ᱥᱟᱧᱪᱟᱞᱤᱛ ᱦᱩᱭᱩᱜ ᱠᱟᱱᱟ: ᱥᱤᱥᱴᱚᱢ ᱨᱮ ᱥᱟᱱᱟᱢ ᱤᱯᱤᱞ ᱠᱚᱣᱟᱜ ᱜᱚᱛᱤᱵᱤᱫᱷᱤ ᱩᱱᱠᱩᱣᱟᱜ ᱡᱷᱤᱞᱢᱤᱞᱟᱹᱣ, ᱩᱱᱠᱩᱣᱟᱜ ᱟᱹᱪᱩᱨᱚᱜ ᱟᱨ ᱠᱤᱪᱷᱩ ᱜᱟᱱ ᱦᱚᱛᱮᱛᱮᱦᱚᱸ ᱥᱚᱧᱪᱟᱞᱚᱜ ᱠᱟᱱᱟI"
38,"एक तारे की रॉस संख्या, जो प्लाविका के प्रवाह से सम्बन्धित है, निर्धारित करने के लिए प्रकाश और घुमाव एक साथ इस्तेमाल किया जाता है.","ᱪᱟᱢᱠᱟᱜ ᱟᱨ ᱜᱷᱩᱨᱱᱟᱱ ᱨᱮᱱᱟᱜ ᱠᱟᱹᱢᱤ ᱢᱤᱫ ᱥᱴᱟᱨ ᱟᱜ ᱱᱤᱨᱫᱷᱟᱨᱟᱱ ᱞᱟᱹᱜᱤᱫ ᱢᱤᱫ ᱫᱷᱟᱣ ᱛᱮ ᱦᱩᱭᱩᱜ ᱠᱟᱱᱟ ᱨᱚᱵᱽᱥᱤ ᱮᱞ, ᱡᱟᱦᱟᱸ ᱫᱚ ᱯᱞᱟᱡᱽᱢᱟ ᱯᱨᱟᱣᱟᱦ ᱥᱟᱶ ᱥᱟᱹᱜᱟᱹᱭ ᱢᱮᱱᱟᱜᱼᱟ᱾"
39,"रोबी नंबरों में छोटे - छोटे तारे, जिस तारे को चुंबकीय सुधार के संबंध में सक्रिय करते हैं, वह कम सक्रिय होता है ।","ᱨᱚᱵᱽᱥᱤ ᱮᱞ ᱡᱟᱦᱟᱸ ᱛᱤᱱᱟᱹᱜ ᱠᱟᱹᱴᱤᱡ ᱢᱮᱱᱟᱜᱼᱟ, ᱪᱩᱢᱩᱠ ᱩᱛᱠᱨᱚᱢᱚᱬ ᱨᱮᱱᱟᱜ ᱡᱚᱯᱚᱲᱟᱣ ᱨᱮ ᱥᱴᱟᱨ ᱩᱱᱟᱹᱜ ᱜᱮ ᱠᱚᱢ ᱥᱚᱠᱨᱤᱭᱚ ᱠᱚ ᱛᱟᱦᱮᱱᱟ᱾"
40,"उनकी यात्रा के दौरान, मैं कई अवसरों पर परेशान हो गया ।","ᱫᱟᱬᱟᱱ ᱚᱠᱛᱚ, ᱤᱣᱟᱥᱟᱠᱤ ᱟᱭᱢᱟ ᱫᱷᱟᱣ ᱮᱴᱠᱮᱴᱚᱬᱮ ᱨᱮᱭ ᱧᱩᱨ ᱞᱮᱱᱟ᱾"
41,"वह समुद्री डाकूों द्वारा लूट लिया गया था, एक नौसिखिया कुत्ते द्वारा हमला किया गया, नेपाल में शादी से बच गया और भारत में गिरफ्तार कर लिया गया ।","ᱩᱱᱤ ᱫᱚᱨᱮᱭᱟ ᱨᱮᱱ ᱰᱟᱹᱠᱩ ᱠᱚ ᱞᱩᱴ ᱞᱮᱫᱮᱭᱟ, ᱛᱤᱵᱵᱚᱛ ᱨᱮ ᱠᱚᱝᱠᱟ ᱥᱮᱛᱟ ᱴᱷᱮᱱ ᱮ ᱟᱠᱨᱳᱢᱳᱱ ᱚᱪᱚ ᱞᱮᱱᱟ, ᱱᱮᱯᱟᱞ ᱨᱮ ᱵᱟᱯᱞᱟ ᱠᱷᱚᱱ ᱮ ᱫᱟᱹᱲ ᱞᱮᱫᱟ ᱟᱨ ᱥᱤᱧᱚᱛ ᱨᱮᱭ ᱮᱨᱮᱥᱴ ᱞᱮᱱᱟ᱾"
42,802.11n मानक 24Gez और 5.0GERT पर काम करता है.,᱘᱐᱒.᱑᱑n ᱥᱴᱮᱱᱰᱟᱨᱰ ᱒.᱔Ghz ᱟᱨ ᱕.᱐Ghz ᱵᱟᱱᱟᱨ ᱯᱷᱨᱤᱠᱩᱭᱮᱱᱥᱤ ᱨᱮᱜᱮᱭ ᱠᱟᱹᱢᱤᱭᱟ᱾
43,"यह इसे 802 के साथ संगत होने की अनुमति देगा.11a, 802.11b और 802 g, प्रदान करता है कि आधार स्टेशन में दो रेडियो है.","ᱱᱚᱣᱟ ᱫᱚ ᱘᱐᱒.᱑᱑a, ᱘᱐᱒.᱑᱑b ᱟᱨ ᱘᱐᱒.᱑᱑g ᱥᱟᱶ ᱛᱟᱭᱚᱢ ᱥᱮᱫ ᱠᱚᱢᱯᱮᱴᱮᱵᱚᱞ ᱚᱪᱚᱭᱟᱭ, ᱡᱩᱫᱤ ᱵᱮᱥ ᱥᱴᱮᱥᱚᱱ ᱨᱮ ᱰᱩᱣᱟᱞ ᱨᱮᱰᱤᱭᱚ ᱛᱟᱦᱮᱸᱱ ᱠᱷᱟᱱ᱾"
44,802.11n की गति इतनी तेज़ होती है जितना कि उसके पूर्ववासियों की अधिकतम स्वाभाविक रूप से 600- बिट/s द्वारा अधिकतम स्वाभाविक रूप से।,᱘᱐᱒.᱑᱑n ᱨᱮᱭᱟᱜ ᱛᱟᱹᱯᱤᱥ ᱖᱐᱐Mbit/s ᱨᱮᱭᱟᱜ ᱢᱮᱠᱥᱤᱢᱟᱢ ᱛᱷᱤᱭᱚᱨᱮᱴᱤᱠᱟᱞ ᱛᱷᱨᱚᱯᱩᱴ ᱥᱟᱶ ᱞᱟᱦᱟᱛᱮᱱᱤᱡ ᱠᱷᱚᱱ ᱟᱹᱰᱤ ᱜᱟᱱ ᱜᱮ ᱰᱷᱮᱨ ᱜᱮᱭᱟ᱾
45,दो बड़े बच्चों की शादी हो चुकी है ।,"ᱰᱩᱵᱷᱟᱞ, ᱡᱟᱦᱟᱸᱭ ᱫᱚ ᱵᱟᱨᱭᱟ ᱩᱢᱮᱨᱟᱱ ᱜᱤᱫᱽᱨᱟᱹ ᱟᱛᱮᱡ ᱮ ᱵᱟᱯᱞᱟ ᱟᱠᱟᱱᱟ, ᱢᱤᱞᱟᱨ ᱪᱮᱛᱟᱱ ᱢᱟᱨᱟᱝ ᱪᱷᱟᱯ ᱵᱟᱭ ᱵᱟᱹᱜᱤ ᱟᱠᱟᱫᱟ, ᱡᱟᱦᱟᱸ᱖ᱥᱟᱶ ᱱᱚᱣᱟ ᱠᱟᱹᱦᱱᱤ ᱡᱚᱯᱲᱟᱣ ᱢᱮᱱᱟᱜᱼᱟ᱾"
46,"जब उसने टिप्पणी के लिए पूछा, Mecak ने कहा, ""माइक सुनने के दौरान एक बहुत कुछ बात करते हैं ... मैं तैयार हो रहा था तो मैं वास्तव में वह क्या कह रहा था नहीं सुना था. ""","ᱨᱚᱲ ᱞᱟᱹᱜᱤᱫ ᱠᱩᱞᱤᱭᱮ ᱛᱟᱭᱚᱢ, ᱢᱤᱞᱟᱨ ᱮ ᱞᱟᱹᱭ ᱠᱮᱫᱟ, ""ᱟᱼᱟᱸᱡᱚᱢ ᱡᱚᱠᱷᱮᱡ ᱢᱟᱭᱤᱠ ᱟᱹᱰᱤᱭᱮ ᱨᱚᱲᱼᱟ…ᱤᱧ ᱥᱟᱯᱲᱟᱣᱚᱜ ᱠᱟᱱ ᱛᱟᱦᱮᱸᱱᱟ ᱚᱱᱟ ᱛᱮ ᱟᱥᱚᱞ ᱨᱮ ᱵᱟᱹᱧ ᱟᱸᱡᱚᱢ ᱞᱮᱫᱟ ᱩᱱᱤ ᱪᱮᱫ ᱮ ᱞᱟᱹᱭᱮᱫᱟ᱾"""
47,हम सन्‌ 2005 के स्तर से 2020 तक कार्बन डाइऑक्साइड को नष्ट करने की कोशिश करेंगे ।,"⁣ᱦᱩ ᱢᱮᱱ ᱠᱮᱜᱼᱟᱭ, ""ᱟᱵᱟ ᱒᱐᱒᱐ ᱫᱷᱟᱹᱵᱤᱡ‌ GDP ᱨᱮᱭᱟᱜ ᱡᱷᱟᱛᱚ ᱦᱟᱹᱴᱤᱧ ᱠᱟᱨᱵᱟᱱ ᱰᱟᱭᱚᱠᱥᱟᱭᱤᱰ ᱨᱮᱭᱟᱜ ᱩᱰᱟᱹᱣ ᱪᱷᱟᱹᱲ ᱠᱚ ᱒᱐᱐᱕ ᱫᱷᱟᱹᱲ ᱨᱮᱭᱟᱜ ᱚᱱᱛᱚᱨ ᱠᱷᱟᱱ ᱠᱟᱢ ᱠᱚᱨᱟᱣ ᱨᱮᱭᱟᱜ ᱪᱮᱥᱴᱟ ᱠᱚᱨᱟᱣᱟ᱾"""
48,उन्होंने कहा कि वे चीन के आर्थिक आउटपुट पर आधारित बनाया जाएगा एक आंकड़ा सेट नहीं किया.,"ᱩᱱᱤ ᱠᱚ ᱠᱷᱚᱴᱚ ᱞᱟᱹᱜᱤᱫ ᱪᱮᱫ ᱟᱝᱠᱲᱟ ᱵᱟᱭ ᱥᱮᱴ ᱞᱮᱜᱼᱟᱭ, ᱩᱱᱠᱩ ᱠᱚ ᱢᱮᱱ ᱮᱫᱟ ᱡᱮ ᱩᱱᱠᱩ ᱫᱚ ᱪᱤᱱ ᱨᱮᱭᱟᱜ ᱟᱨᱛᱷᱟ ᱱᱤᱛᱤ ᱠᱚ ᱯᱟᱧᱡᱟ ᱠᱟᱛᱮ ᱠᱚ ᱛᱮᱭᱟᱨᱟ᱾"
49,"हह ने विकासशील देशों को प्रोत्साहित किया ""पहले प्रदूषण के पुराने रास्ते से दूर रहने के लिए और बाद में साफ सफाई.""","ᱦᱩ ᱫᱚ ᱵᱤᱠᱥᱤᱛᱟᱜ ᱫᱤᱥᱟᱢ ᱠᱚ ""ᱢᱟᱨᱮ ᱛᱚᱨᱠᱟ ᱨᱮᱭᱟᱜ ᱵᱟᱹᱲᱤᱡ ᱦᱚᱨ ᱠᱷᱚᱱ ᱵᱟᱸᱪᱟᱣ ᱟᱨ ᱛᱟᱭᱟᱢ ᱛᱮ ᱥᱟᱯᱷᱟ ᱯᱩᱨᱟᱹᱣ ᱞᱟᱹᱜᱤᱫ"" ᱥᱟᱨᱦᱟᱣ ᱪᱟᱞ ᱟᱫ ᱠᱚᱣᱟᱭ᱾"
50,"उसने आगे कहा, ""नहीं, बल्कि उन ज़िम्मेदारियों को पूरा करने के लिए कहा जाना चाहिए जो उनके विकास, ज़िम्मेदारी और क्षमता से बाहर हैं।""","ᱩᱱᱤ ᱟᱨᱦᱚᱸ ᱢᱮᱱ ᱠᱮᱜᱼᱟᱭ ᱡᱮ ""ᱮᱱᱦᱚᱸ, ᱩᱱᱠᱩ ᱚᱱᱟ ᱫᱟᱭᱤᱛᱭᱚ ᱠᱚ ᱵᱟᱝ ᱮᱢ ᱞᱟᱹᱠᱛᱤ ᱠᱟᱛᱷᱟ ᱡᱟᱦᱟᱸ ᱩᱱᱠᱩᱣᱟᱜ ᱵᱤᱠᱟᱥ ᱪᱚᱨᱚᱱ, ᱫᱟᱭᱤᱛᱭᱚ ᱟᱨ ᱫᱟᱲᱮ ᱠᱚᱨᱮ ᱠᱷᱚᱱ ᱰᱷᱮᱨ ᱦᱩᱭᱩᱜ-ᱟI"""
51,"इराक अध्ययन समूह ने अपनी रिपोर्ट आज १२,०० जीएमटी पर पेश की ।",ᱤᱨᱟᱠ ᱯᱟᱹᱴᱷᱩᱣᱟᱹ ᱠᱚ ᱛᱮᱦᱮᱸᱧ ᱑᱒.᱐᱐ GMT ᱨᱮ ᱠᱷᱚᱵᱚᱨ ᱩᱫᱩᱜ ᱠᱚ ᱫᱚᱦᱚ ᱠᱮᱜᱼᱟ᱾
52,यह कोई आश्‍चर्य की बात नहीं कि इराक में कोई भी कार्य करने का कोई निश्‍चय नहीं कर सकता ।,"ᱱᱟᱶᱟ ᱦᱩᱥᱤᱭᱟᱨᱮᱫᱟᱭ ᱡᱮ ᱪᱮᱫ ᱜᱚᱴᱟᱟᱹᱨᱤᱪ ᱵᱟᱹᱱᱩᱜᱼᱟ ᱡᱮ ᱪᱮᱞᱠᱟ ᱱᱤᱛ ᱟᱠᱛᱟ ᱨᱮ ᱤᱨᱟᱠ ᱨᱮ ᱥᱚᱢᱨᱚᱫᱟᱭ ᱛᱟᱯᱟᱢ, ᱰᱷᱮᱨᱚᱜ ᱠᱟᱱ ᱦᱤᱝᱥᱟ, ᱟᱨ ᱵᱟᱝ ᱚᱨᱟᱡᱟᱠᱛᱟ ᱪᱮᱛᱟᱱ ᱨᱮ ᱠᱟᱹᱢᱤ ᱦᱩᱭᱩᱜᱼᱟ᱾"
53,"रिपोर्ट, खुले बहस के लिए और मध्य पूर्व की नीति के बारे में संयुक्त राज्य अमेरिका में एक विवाद की स्थापना के लिए शुरू होती है.",ᱛᱟᱞᱟ ᱥᱟᱢᱟᱝ ᱨᱮᱭᱟᱜ ᱯᱨᱚᱛᱤᱱᱤᱫᱷᱤ ᱠᱚᱣᱟᱜ ᱠᱷᱚᱵᱚᱨ ᱡᱩᱢᱤᱫ ᱯᱚᱱᱚᱛ ᱟᱢᱮᱨᱤᱠᱟ ᱨᱮ ᱠᱷᱩᱞᱟᱹ ᱜᱟᱯᱟᱞᱢᱟᱨᱟᱣ ᱟᱨ ᱥᱟᱱᱟᱢ ᱠᱚ ᱴᱷᱟᱹᱣᱠᱟᱹ ᱠᱟᱫ ᱫᱚᱞᱤᱞ ᱥᱟᱶᱛᱮ ᱮᱛᱦᱚᱵᱚᱜ ᱠᱟᱱᱟ᱾
54,इस रिपोर्ट में इराक की ओर एक्ज़ैंड नीति के लगभग हर पहलू की अत्यधिक आलोचना की गयी है और यह तत्काल दिशा के परिवर्तन का आग्रह करता है ।,ᱤᱨᱟᱠ ᱨᱮᱭᱟᱜ ᱠᱷᱚᱵᱚᱨ ᱯᱨᱟᱛᱤ ᱠᱟᱹᱢᱤᱦᱚᱨᱟ ᱨᱮᱭᱟᱜ ᱱᱤᱛᱚᱜᱼᱟᱜ ᱱᱤᱛᱤ ᱨᱮ ᱛᱤᱱᱟᱹᱜ ᱜᱟᱱ ᱴᱷᱟᱹᱣ ᱨᱮ ᱰᱷᱮᱨ ᱟᱸᱴᱟᱠ ᱢᱮᱱᱟᱜᱼᱟ ᱟᱨ ᱱᱚᱶᱟ ᱱᱟᱠᱷᱟ ᱛᱚᱛᱠᱟᱞ ᱜᱮ ᱵᱚᱫᱚᱞ ᱥᱮᱫ ᱩᱫᱩᱜᱮᱫ ᱟᱭ᱾
55,इसके 78 सुझावों में से सबसे पहले यह है कि इस साल के अंत के अंत में इस साल इराक की सीमाओं को सुरक्षित रखने और अपने पड़ोसियों के साथ संबंध फिर से स्थापित करने के लिए।,ᱱᱟᱶᱟ ᱨᱮᱭᱟᱜ ᱗᱘ ᱱᱮᱦᱚᱨ ᱠᱷᱟᱱ ᱯᱩᱭᱞᱩ ᱨᱮ ᱢᱮᱱᱟᱜᱼᱟ ᱡᱮ ᱱᱚᱶᱟ ᱥᱮᱨᱢᱟ ᱯᱩᱨᱟᱹᱣ ᱢᱟᱲᱟᱝ ᱨᱮ ᱢᱤᱫᱴᱟᱹᱝ ᱱᱟᱶᱟ ᱨᱟᱡᱽᱱᱟᱭᱤᱠ ᱠᱟᱹᱢᱤ ᱦᱚᱨᱟ ᱠᱚᱨᱟᱣ ᱫᱚᱨᱠᱟᱨ ᱢᱮᱱᱠᱷᱟᱱ ᱚᱥᱛᱨᱚᱥᱚᱥᱛᱨᱚ ᱛᱟᱞᱟ ᱨᱮ ᱯᱟᱲᱟᱣ ᱵᱤᱨᱩᱫ ᱨᱮ ᱤᱨᱟᱠ ᱨᱮᱭᱟᱜ ᱥᱤᱢᱟᱹ ᱠᱚ ᱨᱩᱠᱷᱤᱭᱟᱹ ᱫᱟᱲᱮᱭᱟᱜ ᱢᱟᱸ ᱠᱚ ᱟᱨ ᱟᱠᱚᱣᱟᱜ ᱟᱰᱮ ᱯᱟᱥᱮ ᱠᱚ ᱥᱟᱶ ᱨᱟᱡᱱᱤᱛᱤᱠ ᱡᱩᱲᱟᱹᱣ ᱫᱩᱦᱲᱟᱹ ᱛᱮᱭᱟᱨ ᱜᱟᱱᱚᱜ ᱢᱟᱸ᱾
56,"हाल ही में, भूतपूर्व लेडी क्रेन और आर्गनिन ने पहली लेडी क्रेना दे करर ने अपने राष्ट्रपति को कल की शाम ला प्लेटा में घोषणा की, एक शहर में 50 किलोमीटर (31 मील) दूर.","ᱱᱤᱛᱟᱜᱤᱡ ᱥᱤᱱᱮᱢᱚᱨ ᱟᱨ ᱟᱨᱡᱮᱱᱴᱤᱱᱟᱤᱡ ᱯᱩᱭᱞᱩ ᱠᱩᱲᱤ ᱠᱨᱤᱥᱴᱤᱭᱟᱱᱟ ᱯᱷᱟᱹᱨᱱᱟᱱᱰᱮᱡᱽ ᱰᱮ ᱠᱤᱨᱪᱱᱟᱹᱨ ᱫᱚ ᱦᱚᱞᱟ ᱵᱮᱲᱟ ᱨᱮ ᱞᱟ ᱯᱞᱟᱴᱟ, ᱵᱩᱮᱱᱚᱥ ᱟᱭᱨᱮᱥ ᱠᱷᱚᱱ ᱕᱐ ᱠᱤᱞᱚᱢᱤᱴᱚᱨ (᱓᱑ ᱢᱟᱭᱤᱞᱥ) ᱨᱮᱭᱟᱜ ᱢᱤᱫᱴᱟᱹᱝ ᱥᱚᱦᱚᱨ ᱨᱮ ᱟᱡᱟᱜ ᱯᱨᱮᱥᱤᱰᱮᱱᱥᱤᱭᱟᱹᱞ ᱠᱮᱱᱰᱤᱰᱮᱱᱥᱭ ᱦᱚᱞᱟ ᱢᱮᱱ ᱠᱮᱜᱼᱟᱭ᱾"
57,"श्रीमती कर्टर ने कहा कि वह Elantitin में राष्ट्रपति के लिए चलाने का इरादा करती है, वही जगह जो वह अपने 2005 अभियान के लिए काम करती थी Cussssssan प्रांत के प्रतिनिधि के रूप में सीनेट अभियान शुरू करने के लिए.","ᱢᱤᱥ ᱡᱤᱨᱪᱱᱟᱹᱨ ᱫᱚ ᱟᱨᱡᱮᱱᱴᱤᱱᱮ ᱛᱷᱤᱭᱮᱴᱟᱹᱨ ᱨᱮ ᱯᱨᱮᱥᱤᱰᱮᱱᱴ ᱞᱟᱹᱜᱤᱫ ᱢᱚᱱᱮ ᱠᱚ ᱴᱷᱟᱹᱣᱠᱟᱹ ᱠᱮᱜᱼᱟᱭ, ᱚᱱᱟ ᱡᱟᱭᱜᱟ ᱨᱮᱜᱮ ᱩᱱᱤ ᱵᱣᱮᱱᱚᱥ ᱟᱭᱨᱤᱥ ᱯᱨᱟᱱᱛ ᱨᱤᱱᱤᱡ ᱨᱟᱹᱥᱠᱟᱹ ᱜᱟᱸᱣᱛᱟ ᱞᱮᱠᱷᱟ ᱛᱮ ᱥᱮᱱᱮᱴ ᱞᱟᱹᱜᱤᱫ ᱟᱡᱟᱜ ᱒᱐᱐᱕ ᱠᱟᱹᱢᱤ ᱯᱩᱨᱟᱹᱣ ᱠᱮᱜᱼᱟᱭ᱾"
58,"इस बहस पर बहस जाग गई, राहत और नवीकरण पर खर्च किया गया ... ... ... जो कुछ Faconsesssemody कहा गया है ""एक नया पारा डील""।","ᱦᱟᱭ ᱠᱮᱴᱨᱤᱱᱟ ᱨᱮᱭᱟᱜ ᱨᱩᱠᱷᱤᱭᱟᱹ ᱟᱨ ᱫᱩᱦᱲᱟᱹ ᱛᱮᱭᱟᱨ ᱚᱲᱟᱜ ᱪᱮᱛᱟᱱ ᱨᱮᱭᱟᱜ ᱠᱷᱚᱨᱚᱪ ᱪᱮᱛᱟᱱ ᱨᱮ ᱟᱹᱰᱤ ᱢᱟᱨᱟᱝ ᱠᱟᱛᱷᱟ ᱪᱟᱞᱟᱣ ᱮᱱᱟ; ᱡᱮᱞᱠᱟ ᱨᱟᱡᱽᱠᱚᱥᱤ ᱨᱩᱰᱷᱤᱣᱟᱫᱤ ᱫᱚ ᱵᱤᱵᱟᱫᱤᱭᱟᱹ ᱫᱷᱟᱨᱟ ᱛᱮ ""ᱵᱤᱴᱩᱥ ᱱᱤᱭᱩ ᱚᱨᱞᱤᱱᱥ ᱰᱮᱞ"" ᱢᱮᱱᱛᱮ ᱠᱚ ᱠᱚᱨᱟᱣᱟ ᱫᱮᱭᱟ᱾"
59,हाल ही में न्यू यॉर्क शहर में एक सर्वे लिया गया था ।,ᱵᱮᱱᱟᱣ ᱫᱚᱦᱲᱟ ᱨᱮᱭᱟᱜ ᱯᱨᱚᱭᱟᱥ ᱨᱮᱭᱟᱜ ᱩᱫᱟᱨ ᱟᱞᱚᱪᱱᱟ ᱨᱮ ᱢᱮᱼᱢᱮᱱᱤᱡ ᱣᱟᱥᱤᱝᱴᱚᱱ ᱨᱤᱱᱤᱠ ᱵᱷᱤᱛᱨᱭ ᱥᱩᱛᱨᱚ ᱠᱚ ᱫᱩᱦᱲᱟᱹ ᱛᱮᱭᱟᱨ ᱠᱟᱨᱟᱣ ᱪᱷᱚ ᱞᱟᱹᱜᱩᱫ ᱫᱷᱭᱟᱱ ᱮᱢ ᱪᱷᱚ ᱠᱮᱜᱼᱟᱭ᱾
60,चार लाख से ज़्यादा लोग अंत्येष्टि में उपस्थित होने के लिए रोम गए ।,ᱵᱷᱟᱱᱫᱟᱱ ᱨᱮ ᱥᱮᱞᱮᱫᱚᱜ ᱞᱟᱹᱜᱤᱫ ᱯᱳᱱ ᱢᱤᱞᱤᱭᱚᱱ ᱠᱷᱚᱱ ᱦᱚᱸ ᱰᱷᱮᱨ ᱦᱚᱲ ᱨᱚᱢ ᱛᱮᱠᱚ ᱪᱟᱞᱟᱣ ᱮᱱᱟ᱾
61,वहाँ उपस्थित लोगों की संख्या इतनी बड़ी थी कि हर किसी के लिए सेंट पीटर वर्ग में अंत्येष्टि के लिए पहुँच पाना संभव नहीं था।,ᱥᱮᱴᱮᱨ ᱟᱠᱟᱱ ᱦᱚᱲ ᱠᱚᱣᱟᱜ ᱞᱮᱠᱷᱟ ᱤᱱᱟᱹᱜ ᱥᱟᱸᱜᱮ ᱛᱟᱦᱮᱸ ᱠᱟᱱᱟ ᱡᱮᱢᱚᱱ ᱡᱚᱛᱚ ᱠᱚ ᱞᱟᱹᱜᱤᱫ ᱮᱥ.ᱴᱤ ᱯᱤᱴᱚᱨ ᱥᱠᱣᱟᱭᱚᱨ ᱨᱮ ᱜᱚᱡ ᱜᱷᱟᱴ ᱦᱟᱹᱵᱤᱡ ᱥᱮᱴᱮᱨᱚᱜ ᱥᱟᱢᱵᱷᱟᱣ ᱵᱟᱝ ᱛᱟᱦᱮᱸ ᱞᱮᱱᱟ᱾
62,रोम के विभिन्‍न स्थानों में अनेक बड़े टी. वी.,ᱦᱚᱲᱠᱚ ᱥᱚᱢᱟᱨᱚᱦ ᱧᱮᱞ ᱞᱟᱹᱜᱤᱫ ᱨᱳᱢ ᱨᱮᱭᱟᱜ ᱟᱹᱰᱤ ᱜᱟᱱ ᱡᱩᱫᱟᱹ-ᱡᱩᱫᱟ. ᱡᱟᱭᱜᱟ ᱠᱚᱨᱮ ᱟᱹᱰᱤ ᱜᱟᱱ ᱢᱟᱨᱟᱝ ᱴᱮᱞᱤᱵᱤᱡᱚᱱ ᱥᱠᱨᱤᱱ ᱞᱟᱜᱟᱣ ᱞᱮᱫ ᱛᱟᱦᱮᱸᱱ ᱟᱠᱚI
63,"इटली और बाकी देशों के कई शहरों में, खासकर पोलैंड में भी इसी तरह के सेटअप बनाए जाते थे ।","ᱤᱴᱞᱤ ᱨᱮᱱᱟᱜ ᱟᱹᱰᱤ ᱜᱟᱱ ᱟᱨᱦᱚᱸ ᱥᱟᱦᱟᱨ ᱠᱚ ᱟᱨ ᱫᱩᱱᱤᱭᱟᱹ ᱨᱮᱭᱟᱜ ᱥᱟᱨᱮᱡ ᱦᱤᱸᱥ ᱠᱚᱨᱮ, ᱵᱤᱥᱮᱥ ᱨᱩᱯ ᱛᱮ ᱯᱚᱞᱮᱸᱰ ᱨᱮ, ᱱᱚᱝᱠᱟ ᱞᱮᱠᱟᱱᱟᱜ ᱜᱮ ᱥᱮᱴᱟᱯ ᱵᱮᱱᱟᱣ ᱞᱮᱫ ᱛᱟᱦᱮᱱᱟ, ᱡᱟᱦᱟᱸᱭ ᱫᱚ ᱟᱹᱰᱤ ᱩᱛᱟᱹᱨ ᱞᱮᱠᱷᱟ ᱨᱮ ᱦᱚᱲ ᱠᱚ ᱧᱮᱞ ᱞᱮᱫ ᱛᱟᱦᱮᱱᱟ᱾"
64,इतिहासकारों ने पिछले एफ. बी.,"ᱱᱟᱜᱟᱢᱤᱭᱟᱹ ᱠᱚ ᱫᱚ ᱮᱡᱮᱸᱥᱤᱭᱟᱜ ᱥᱚᱯᱚᱞᱛᱟ ᱫᱚᱨ ᱵᱟᱲᱦᱟᱣ ᱨᱮᱱᱟᱜ ᱢᱚᱱᱮ ᱛᱮ ᱚᱱᱟ ᱠᱚ ᱢᱟᱢᱞᱟ ᱨᱮ ᱥᱟᱸᱥᱟᱫᱷᱟᱱ ᱨᱮ ᱫᱷᱮᱭᱟᱱ ᱫᱚᱦᱚ ᱞᱟᱹᱜᱤᱫ ᱛᱮ ᱛᱟᱭᱱᱚᱢᱟᱜ FBI ᱱᱤᱛᱤ ᱨᱮᱭᱟᱜ ᱟᱞᱚᱪᱱᱟ ᱟᱠᱟᱣᱟᱱᱟ, ᱡᱟᱦᱟᱸᱴᱟᱜ ᱥᱚᱞᱦᱮ ᱞᱟᱹᱜᱤᱫ ᱟᱞᱜᱟ ᱜᱮᱭᱟ, ᱵᱤᱥᱮᱥ ᱨᱩᱯ ᱛᱮ ᱠᱟᱨ ᱟᱛᱠᱤᱨ ᱟᱠᱟᱛ ᱨᱮᱱᱟᱜ ᱢᱟᱢᱞᱟ ᱠᱚ᱾"
65,सन्‌ 2005 में इस अभियान में भाग लेने और यह निर्धारित करने के लिए कि एफ. आई.,ᱠᱚᱝᱜᱽᱨᱮᱥ ᱫᱚ ᱱᱯᱟᱨᱚᱢ ᱢᱮᱱ ᱥᱮᱨᱢᱟ ᱒᱐᱐᱕ ᱨᱮ ᱯᱚᱨᱱᱚᱜᱽᱨᱟᱯᱷᱤ ᱯᱟᱦᱟᱞ ᱞᱟᱹᱜᱤᱫ ᱛᱮ ᱠᱟᱹᱣᱰᱤ ᱮᱢᱚᱜᱚᱜ ᱮᱦᱚᱵ ᱠᱮᱫᱟ ᱟᱨ FBI ᱠᱚᱣᱟᱜ ᱑᱐ ᱮᱡᱮᱸᱴ ᱠᱚ ᱡᱩᱣᱟᱹᱱ ᱯᱚᱨᱱᱚᱜᱽᱨᱟᱯᱷᱤ ᱞᱟᱹᱜᱤᱫ ᱰᱮᱰᱤᱠᱮᱴ ᱠᱚᱨᱟᱣ ᱞᱟᱠᱛᱤ᱾
66,"मेक्सिको में 11 से 20,000 लोगों को मार डालने के द्वारा 70 बस 41 गेंदों में दौड़ता है ।",ᱨᱳᱵᱤᱱ ᱩᱛᱷᱯᱯᱟ ᱫᱚ ᱢᱚᱦᱚᱡ ᱔᱑ ᱜᱮᱸᱫᱟ ᱨᱮ ᱑᱑ ᱪᱟᱹᱣᱠᱟᱹ ᱟᱨ ᱒ ᱪᱷᱟᱠᱠᱟ ᱨᱮᱱᱟᱝ ᱜᱚᱲᱚ ᱛᱮ ᱗᱐ ᱨᱚᱱ ᱵᱮᱱᱟᱣ ᱠᱟᱛᱮ ᱯᱟᱹᱨᱤ ᱨᱮᱱᱟᱝ ᱥᱟᱣᱳᱨᱪ ᱥᱠᱚᱨ ᱵᱮᱱᱟᱣ ᱠᱮᱫᱟ᱾
67,"मध्य आदेश दोस्तों, Scutin Tutio और राहुल डॉव्ड, अच्छी तरह से काम किया और एक सौ रन साझेदारी का हिस्सा बनाया.",ᱛᱟᱞᱟᱨᱤᱱ ᱵᱟᱞᱞᱮᱵᱟᱡ ᱥᱟᱪᱤᱱ ᱛᱮᱸᱫᱩᱞᱠᱟᱨ ᱟᱨ ᱨᱟᱦᱩᱞ ᱫᱽᱨᱟᱣᱤᱲ ᱠᱤᱱ ᱱᱟᱯᱟᱭ ᱯᱚᱨᱫᱚᱨᱥᱚᱱ ᱠᱚᱨᱟᱣ ᱛᱩᱞᱩᱡ ᱢᱤᱫ ᱥᱟᱭ ᱨᱚᱱ ᱨᱮᱱᱟᱜ ᱥᱟᱡᱷᱟ ᱠᱮᱫᱟ᱾
68,"लेकिन, कप्तान की बत्ती भारत को खो देने के बाद केवल 36 लोगों को 7 दीवटों को खत्म करने के लिए चलाता है.","ᱢᱮᱱᱠᱟᱷᱟᱱ, ᱠᱟᱯᱛᱟᱱ ᱟᱜ ᱵᱤᱠᱮᱴ ᱛᱟᱭᱚᱢ ᱵᱷᱟᱨᱟᱛ ᱫᱚ ᱯᱟᱹᱨᱤ ᱢᱩᱪᱟᱹᱫ ᱞᱟᱹᱜᱤᱫ ᱛᱮ ᱗ ᱵᱤᱠᱮᱴ ᱪᱟᱵᱟ ᱠᱟᱛᱮ ᱓᱖ ᱨᱚᱱ ᱜᱮᱭ ᱵᱮᱱᱟᱣ ᱠᱮᱫᱟ᱾"
69,अमरीका के राष्ट्रपति जॉर्ज बीबी ने नवंबर 16 की सुबह को एशिया का एक हफ्ते का सफर शुरू किया ।,ᱟᱢᱮᱨᱤᱠᱟ ᱨᱤᱱ ᱨᱟᱥᱴᱨᱚᱯᱚᱛᱤ ᱡᱚᱨᱡᱽ ᱰᱚᱵᱽᱞᱩ ᱵᱩᱥ ᱑᱖ ᱱᱚᱵᱷᱮᱢᱵᱚᱨ ᱥᱮᱛᱟᱜ ᱥᱤᱝᱜᱟᱯᱩᱨ ᱥᱮᱴᱮᱨ ᱠᱟᱛᱮ ᱟᱨ ᱢᱤᱫ ᱮᱢᱟᱦᱟᱸ ᱨᱮᱱᱟᱜ ᱮᱥᱤᱭᱟ ᱫᱟᱬᱟᱱ ᱮᱛᱚᱦᱚᱵ ᱞᱮᱫ-ᱟᱭI
70,उसे सिंगापुर के डिप्टी प्रधानमंत्री से सलाम किया गया और सिंगापुर के प्रधानमंत्री ली लींग लींग के साथ व्यापार और आतंकवाद मुद्दों पर चर्चा की.,ᱥᱤᱸᱜᱟᱯᱩᱨ ᱨᱤᱱ ᱩᱯ ᱯᱨᱟᱫᱷᱟᱱ ᱢᱚᱱᱛᱤᱨᱤ ᱣᱚᱸᱜ ᱠᱟᱱ ᱥᱮᱸᱜ ᱫᱚ ᱩᱱᱤᱭᱟᱜ ᱥᱟᱹᱜᱩᱱ ᱫᱟᱨᱟᱢ ᱠᱮᱫᱮᱭᱟ ᱟᱨ ᱥᱤᱸᱜᱟᱯᱩᱨ ᱨᱤᱱ ᱢᱟᱨᱟᱝ ᱢᱚᱱᱛᱨᱤ ᱞᱤ ᱥᱤᱱ ᱞᱩᱸᱜ ᱥᱟᱶ ᱵᱮᱯᱟᱨ ᱟᱨ ᱞᱚᱞᱚ ᱦᱟᱛᱟᱝ ᱨᱮᱱᱟᱜ ᱢᱩᱫᱫᱟ ᱨᱮ ᱜᱟᱞᱚᱪ ᱠᱮᱫᱟᱭ᱾
71,एक हफ्ते के बाद बिलश ने एशिया में व्यापार के फैलाव के बारे में श्रोताओं को बताया ।,"ᱢᱟᱭᱟᱣᱫᱷᱤ ᱪᱩᱱᱟᱹᱣ ᱨᱮ ᱢᱤᱫ ᱮᱢᱟᱦᱟᱸ ᱨᱮᱱᱟᱜ ᱦᱟᱨᱟᱣᱮᱱ ᱛᱟᱭᱚᱢ, ᱵᱩᱥ ᱫᱚ ᱦᱚᱲᱠᱚ ᱮᱥᱤᱭᱟ ᱵᱮᱯᱟᱨ ᱨᱮᱱᱟᱜ ᱜᱟᱹᱦᱤᱨ ᱛᱮ ᱞᱟᱹᱭ ᱠᱮᱫᱟᱭ᱾"
72,"प्रधानमंत्री स्टीवन हार्पर ने सरकार के स्वच्छ वायु कार्य को भेजने के लिए सहमत किया है' एक पर पुनर्विचार के लिए, अपने दूसरे पढ़ने से पहले, मंगलवार के २५ मिनट के बाद NDP नेता जैक लेटन के साथ बैठक के बाद।","ᱢᱟᱨᱟᱝ ᱢᱚᱱᱛᱨᱤ ᱥᱴᱤᱯᱷᱮᱱ ᱦᱟᱨᱯᱮᱨ PMO ᱨᱮ ᱵᱟᱞᱮ ᱢᱟᱦᱟᱸ ᱦᱤᱞᱚᱜ NDP ᱞᱤᱰᱚᱨ ᱡᱮᱠ ᱞᱟᱭᱴᱚᱱ ᱥᱟᱶ ᱒᱕ ᱴᱤᱯᱤᱡ ᱫᱩᱲᱩᱵ ᱨᱮ ᱨᱮᱵᱮᱱ ᱠᱟᱱᱟᱭ ᱡᱮ, 'ᱯᱷᱟᱨᱪᱟ ᱦᱟᱣᱟ ᱱᱤᱭᱟᱹᱢ'-ᱟᱜ ᱫᱚᱥᱟᱨ ᱯᱟᱲᱦᱟᱣ ᱞᱟᱦᱟᱨᱮ ᱥᱟᱱᱟᱢ ᱯᱟᱴᱤ ᱠᱩᱢᱩᱴ ᱠᱷᱚᱱ ᱨᱤᱵᱷᱭᱩ ᱠᱚ ᱮᱢ-ᱟ᱾"
73,Henton ने कहा था की बैठक के दौरान चिकित्सकओं के पर्यावरण बिल के लिए परिवर्तनों के लिए कहा था...,"ᱯᱤ.ᱮᱢ. ᱥᱟᱶ ᱜᱟᱯᱟᱞ ᱢᱟᱨᱟᱣ ᱫᱩᱲᱩᱵ ᱨᱮ ᱠᱚᱱᱡᱚᱨᱵᱷᱮᱴᱤᱵᱽ ᱥᱟᱪᱟᱨᱦᱮ ᱵᱤᱞ ᱵᱚᱫᱚᱞ ᱨᱮᱭᱟᱜ ᱞᱟᱭᱴᱚᱱᱮ ᱨᱚᱲ ᱞᱮᱜ-ᱟ, ᱠᱚᱱᱡᱚᱨᱵᱷᱮᱴᱤᱵᱽ ᱯᱟᱨᱴᱤ ᱨᱮᱭᱟᱜ ᱥᱟᱪᱟᱨᱦᱮ ᱵᱤᱞ ᱫᱚ ""ᱛᱷᱚᱨᱚ ᱟᱨ ᱠᱚᱢᱯᱞᱤᱴ ᱨᱟᱭᱴᱤᱝ"" ᱦᱩᱭᱩᱜ ᱢᱮᱱᱛᱮ ᱨᱚᱲ ᱞᱮᱜ-ᱟᱭ᱾"
74,"सन्‌ १९७० के दशक में, संयुक्‍त राष्ट्र संघ संघीय चुनाव में शामिल होने के लिए संघीय चुनाव के लिए सरकारी वकील के रूप में इस कार्य का विरोध किया गया है ।","ᱰᱮᱵᱷᱚᱱᱯᱳᱨᱴ, ᱛᱟᱥᱢᱟᱱᱤᱭᱟ ᱨᱮᱭᱟᱜ ᱢᱮᱨᱥᱤ ᱚᱥᱯᱟᱛᱟᱞ ᱨᱮᱭᱟᱜ ᱯᱷᱚᱱᱰᱤᱝ ᱡᱟᱦᱟᱸ ᱛᱤᱥ ᱠᱷᱚᱱ ᱯᱷᱮᱰᱮᱨᱟᱞ ᱥᱚᱨᱠᱟᱨᱮ ᱦᱟᱛᱟᱣ ᱠᱮᱜ-ᱟ, ᱩᱱ ᱦᱤᱞᱚᱜ ᱠᱷᱚᱱ ᱯᱚᱱᱚᱛ ᱥᱚᱨᱠᱟᱨ ᱟᱨ ᱠᱤᱪᱷᱩ ᱠᱮᱱᱫᱨᱚ ᱥᱟᱝᱥᱚᱫᱽ ᱠᱟᱨᱛᱤ ᱨᱮ ᱦᱩᱭᱩᱜ ᱨᱮᱭᱟᱜ ᱯᱷᱮᱰᱮᱨᱟᱞ ᱵᱟᱪᱷᱱᱟᱣ ᱵᱟᱵᱚᱫᱽᱛᱮ ᱱᱚᱶᱟ ᱠᱚ ᱥᱚᱢᱟᱞᱚᱪᱚᱱᱟ ᱟᱠᱟᱫᱟ᱾"
75,लेकिन प्रधानमंत्री जॉन हॉवर्ड ने कहा है कि इस कार्य को सिर्फ़ तस्मानियाई सरकार द्वारा आक्रमण किए जाने से लेकर अस्पताल की सुविधाओं की रक्षा करने के लिए ही था ।,"ᱢᱮᱱᱠᱷᱟᱱ ᱢᱟᱨᱟᱝ ᱢᱩᱱᱛᱨᱤ ᱡᱚᱱ ᱦᱟᱣᱟᱨᱰᱮ ᱞᱟᱹᱭ ᱟᱠᱟᱫᱟ ᱡᱮ ᱱᱚᱶᱟ ᱟᱹᱱ ᱫᱚ ᱦᱟᱥᱯᱟᱛᱟᱞ ᱨᱮᱭᱟᱜ ᱥᱩᱵᱽᱫᱷᱟ ᱥᱚᱡᱚᱜᱽ ᱟᱞᱚ ᱰᱷᱤᱞᱟᱹᱣᱜ ᱨᱮᱭᱟᱜ ᱠᱟᱱᱟ, ᱚᱱᱟ ᱥᱟᱶᱛᱮ ᱛᱟᱥᱢᱟᱱᱤᱭᱟ ᱥᱚᱨᱠᱟᱨ AUD$᱔᱕ ᱢᱤᱞᱤᱭᱟᱱ ᱴᱟᱠᱟᱭ ᱮᱢᱚᱜ-ᱟ᱾"
76,"हाल ही में, समुद्र के स्तर के अनुसार, समुद्री स्तर में एक सुनामी उत्पन्‍न की गयी ।","ᱱᱟᱶᱟᱱ ᱵᱩᱞᱮᱴᱤᱱ ᱠᱚ ᱞᱮᱠᱟᱛᱮ, ᱫᱟᱨᱭᱟ ᱫᱟᱜ ᱯᱟᱲᱦᱟᱣ ᱠᱷᱚᱱ ᱵᱟᱰᱟᱭᱧᱟᱢ ᱠᱟᱱ ᱡᱮ ᱥᱩᱱᱟᱢᱤ ᱫᱚ ᱵᱮᱱᱟᱣ ᱦᱩᱭ ᱠᱟᱱᱟ᱾ ᱯᱟᱜᱚ ᱯᱟᱜᱚ ᱟᱨ ᱱᱤᱭᱮ ᱥᱩᱨ ᱨᱮ ᱥᱩᱱᱟᱢᱤ-ᱟᱜ ᱠᱟᱨᱫᱷᱟᱹᱱᱤ ᱮᱠᱚᱰ ᱟᱠᱟᱱᱟ᱾"
77,"इसके अलावा, कुछ समय के लिए, कुछ समय के लिए शक्‍ति कम हो गयी ।","ᱴᱚᱝᱜᱟᱱ ᱨᱮ ᱡᱟᱦᱟᱱ ᱢᱟᱨᱟᱝ ᱠᱷᱤᱛᱤ ᱟᱨ ᱵᱟᱝ ᱤᱧᱡᱩᱨᱤ ᱠᱚ ᱵᱟᱭ ᱦᱩᱭ ᱠᱟᱱᱟ, ᱢᱮᱱᱠᱷᱟᱱ ᱯᱟᱣᱟᱨ ᱫᱚ ᱴᱮᱢᱯᱚᱨᱟᱨᱤᱞᱤ ᱟᱫ ᱠᱟᱱᱟ, ᱡᱟᱦᱟᱸ ᱫᱚ PTWC ᱠᱚᱣᱟᱜ ᱥᱩᱱᱟᱹᱢᱤ ᱪᱮᱛᱟᱵᱚᱱᱤ ᱴᱚᱝᱜᱟᱱ ᱚᱛᱷᱚᱨᱤᱴᱤᱭ ᱵᱟᱝᱠᱚ ᱧᱟᱢ ᱫᱟᱲᱮᱭᱟᱜ-ᱟ᱾"
78,"हवाई तटों पर स्थित या पास - पास की तटों पर स्थित चौदह स्कूलों में बुधवार के सभी कार्यक्रम हटा दिए गए, इसके बावजूद कि चेतावनियों को हटा दिया गया ।",ᱪᱮᱛᱚᱵᱟᱱᱤ ᱧᱟᱢᱮᱱ ᱛᱟᱭᱚᱢ ᱦᱟᱣᱟᱭᱤ ᱥᱩᱨ ᱟᱨ ᱚᱱᱟ ᱫᱚᱨᱭᱟ ᱥᱩᱨ ᱠᱚᱨᱮᱭᱟᱜ ᱢᱤᱫ ᱜᱮᱞ ᱯᱩᱱ ᱜᱚᱴᱟᱝ ᱟᱥᱲᱟ ᱥᱟᱹᱜᱩᱱ ᱢᱟᱦᱟᱸ ᱦᱤᱞᱚᱜ ᱠᱚ ᱵᱚᱸᱫᱚ ᱟᱠᱟᱫᱟ᱾
79,अमरीका के राष्ट्रपति जॉर्ज डब्ल्यू.,ᱭᱩ.ᱮᱥ. ᱫᱤᱥᱚᱢ ᱜᱚᱢᱠᱮ ᱡᱚᱨᱡᱽ ᱰᱚᱵᱞᱩ. ᱵᱩᱥ ᱮᱛᱚᱦᱚᱵ ᱞᱟᱹᱭ ᱯᱟᱥᱱᱟᱣᱮ ᱥᱟᱹᱜᱩᱱ ᱫᱟᱨᱟᱢ ᱠᱮᱜ-ᱟᱭ᱾
80,"ब्राश-श प्रवक्ता ने उत्तरी कोरिया के वादे का नाम दिया ""एक प्रमुख कदम के लक्ष्य के लिए कोरियाई प्रायद्वीप के सहनीकरण प्राप्त करने के लक्ष्य पर।","ᱵᱩᱥ ᱨᱤᱱᱤᱡ ᱥᱯᱚᱠᱥ ᱯᱚᱨᱥᱚᱱ ᱡᱚᱨᱰᱟᱱᱡᱚᱱᱰᱨᱚᱭᱤ ᱱᱚᱨᱛᱷ ᱠᱳᱨᱤᱭᱟ ᱯᱨᱚᱛᱤᱥᱨᱩᱛᱤ ᱮᱢ ᱠᱫᱮᱭᱟᱭ ᱡᱮ ""ᱠᱚᱨᱤᱭᱟ ᱩᱯᱚᱫᱤᱯ ᱨᱮ ᱵᱤᱰᱟᱹᱣ ᱜᱟᱱᱚᱜ ᱵᱮᱼᱱᱤᱣᱠᱞᱤᱨᱟᱭᱡᱮᱥᱟᱱ ᱡᱚᱥ ᱧᱟᱢ ᱞᱟᱹᱜᱤᱫ ᱢᱤᱫ ᱢᱟᱨᱟᱝ ᱥᱴᱮᱯ᱾"""
81,"अटलांटिक महासागर में आज का तूफान, भूमध्य सागर में बनाया गया था ।","ᱟᱴᱞᱟᱱᱴᱤᱠ ᱦᱩᱨᱤᱠᱮᱱ ᱥᱤᱡᱚᱱ ᱨᱮᱭᱟᱜ ᱜᱮᱞ ᱧᱩᱛᱩᱢᱟᱱ ᱵᱟᱹᱛᱤᱭᱟᱹ, ᱥᱚᱵᱴᱨᱚᱯᱤᱠᱟᱞ ᱥᱴᱚᱨᱢ ᱡᱮᱨᱤ, ᱟᱴᱞᱟᱱᱴᱤᱠ ᱫᱚᱨᱭᱟ ᱨᱮ ᱛᱤᱦᱤᱧ ᱵᱮᱱᱟᱣᱮᱱᱟ᱾"
82,राष्ट्रीय तूफान केंद्र (NHC) कहता है कि इस समय नर - मादा ज़मीन के लिए कोई ख़तरा नहीं पैदा करते ।,ᱱᱮᱥᱱᱟᱞ ᱦᱩᱨᱤᱠᱮᱱ ᱥᱮᱱᱴᱚᱨ (ᱱᱮ.ᱦᱩ.ᱥᱮ.)-ᱟᱜ ᱞᱟᱹᱭ ᱡᱮ ᱱᱤᱛᱚᱜ ᱡᱮᱨᱤ ᱛᱮ ᱥᱮᱱᱚᱜ ᱨᱮᱭᱟᱜ ᱪᱮᱫ ᱵᱚᱛᱚᱨ ᱵᱟᱹᱱᱩᱜ-ᱟ᱾
83,"अमरीका के विमानों का अनुमान है कि 6 इंच बारिश की वजह से जो नुकसान हुआ, वह खराब हो सकता है ।",ᱭᱩ.ᱮᱥ.-ᱟᱜ ᱠᱨᱚᱯᱥ ᱚᱯᱷ ᱤᱸᱡᱤᱱᱤᱭᱚᱨᱥ ᱚᱱᱟᱢᱟᱱᱮᱫ ᱠᱟᱱᱟ ᱡᱮ ᱖ ᱤᱸᱪ ᱫᱟᱜ ᱫᱚ ᱯᱩᱭᱞᱩ ᱠᱷᱚᱱ ᱵᱟᱹᱲᱤᱡ ᱟᱠᱟᱱ ᱫᱟᱨᱮ ᱥᱟᱠᱟᱢ ᱠᱚᱭ ᱧᱩᱨᱟ ᱫᱟᱲᱮᱭᱟᱜ-ᱟ᱾
84,"तूफान तूफान के दौरान बाढ़ को 20 फुट के रूप में देखा, जो वर्तमान में कमर के नीचे के जल में है.","ᱟᱨᱮ ᱜᱚᱴᱟᱝ-ᱟᱜ ᱣᱟᱰ, ᱡᱟᱦᱟᱸ ᱫᱚ  ᱠᱟᱴᱨᱤᱱᱟ ᱵᱟᱹᱨᱰᱩ ᱚᱠᱛᱮᱹ ᱨᱮ ᱒᱐ ᱯᱷᱩᱴ ᱪᱮᱛᱟᱱ ᱰᱩᱵᱟᱹ ᱫᱟᱜ ᱨᱟᱠᱟᱵ ᱞᱮᱱᱟ, ᱚᱱᱟ ᱫᱚ ᱱᱤᱛᱚᱜ ᱰᱟᱸᱰᱟ ᱦᱟᱹᱵᱤᱡ ᱨᱮ ᱢᱮᱱᱟᱜ-ᱟ ᱪᱮᱫᱟᱜ ᱥᱮ ᱥᱩᱨ ᱨᱮᱭᱟᱜ ᱞᱮᱵᱤ ᱚᱵᱷᱟᱨᱴᱚᱯ ᱟᱠᱟᱱᱟ᱾"
85,पानी एक भाग 100 फुट चौड़ा है ।,᱑᱐᱐ ᱯᱷᱩᱴ ᱚᱥᱟᱨ ᱛᱮ ᱞᱤᱵᱷᱤ ᱪᱮᱛᱟᱱ ᱨᱮ ᱫᱟᱜ ᱪᱷᱤᱴᱠᱟᱹᱣ ᱦᱟᱹᱨᱤᱡ ᱠᱟᱱᱟ᱾
86,"आम तौर पर एक अधिकारी, आदम क्यूरसन ने अंतिम महीने में वर्क नये लोगों से बात करते वक्‍त अपनी निराशा ज़ाहिर की ।",ᱠᱚᱢᱚᱱᱥ ᱯᱨᱚᱥᱟᱥᱚᱠ ᱮᱰᱚᱢ ᱠᱩᱮᱨᱰᱚᱱ ᱫᱚ ᱚᱪᱚᱫ ᱨᱮ ᱟᱡᱟᱜ ᱱᱤᱨᱟᱥᱟ ᱥᱚᱫᱚᱨ ᱨᱮᱱᱟᱜ ᱡᱚᱠᱷᱚᱱ ᱩᱱᱤ ᱞᱟᱦᱟ ᱫᱷᱟᱣ ᱣᱤᱠᱤ ᱠᱷᱚᱵᱚᱨ ᱠᱷᱚᱱ ᱜᱟᱞᱢᱟᱨᱟᱣ ᱞᱮᱱ ᱛᱟᱦᱮᱱᱟᱭ᱾
87,"उसने मूल रूप से हमें शुरू से ही झूठ बोला था। सबसे पहले, ऐसा करने के द्वारा, जैसा कि यह कानूनी कारणों के लिए था। दूसरा, वह हमारी बात सुन रहा था, सही अपनी कला को मिटाने के लिए।","⁣""ᱩᱱᱤ ᱫᱚ ᱢᱩᱞ ᱨᱩᱯ ᱛᱮ ᱮᱦᱚᱵ ᱠᱷᱚᱱ ᱜᱮ ᱤᱧ ᱠᱷᱚᱱᱟᱜ ᱮᱲᱮ ᱨᱚᱲ ᱠᱮᱫᱼᱟᱭ ᱾ ᱥᱟᱱᱟᱢ ᱠᱷᱚᱱ ᱢᱟᱲᱟᱝ, ᱚᱱᱠᱟᱱ ᱯᱟᱴ ᱞᱟᱹᱜᱤᱫ ᱞᱮᱠᱟᱱ ᱡᱮ ᱱᱚᱶᱟ ᱠᱟᱱᱩᱱᱤ ᱠᱟᱨᱚᱱ ᱠᱷᱚᱱ ᱛᱟᱦᱮᱸ ᱠᱟᱱᱟ᱾"""
88,समुदाय चिढ़ के कारण साइट के बारे में यौन सामग्री के बारे में एक नीति बनाने की कोशिश की जो लाखों खुले संचार माध्यमों के.,"ᱜᱟᱶᱛᱟ ᱠᱚᱣᱟᱜ ᱡᱚᱞᱚᱱ ᱨᱮ ᱥᱟᱭᱤᱴ ᱞᱟᱹᱜᱤᱫ ᱭᱚᱣᱱ ᱥᱚᱢᱟᱱ ᱨᱮᱱᱟᱜ ᱥᱟᱹᱜᱟᱹᱭ ᱨᱮ ᱢᱤᱫ ᱱᱤᱛᱤ ᱨᱮᱱᱟᱜ ᱢᱟᱥᱚᱣᱫᱟ ᱥᱟᱯᱲᱟᱣ ᱞᱟᱹᱜᱤᱫ ᱛᱮ ᱱᱤᱛᱟᱝ ᱨᱤᱠᱟᱹ ᱨᱮᱱᱟᱜ ᱡᱟᱱᱟᱢ ᱮᱢ ᱦᱩᱭ ᱞᱮᱱᱟ, ᱡᱟᱦᱟᱸ ᱫᱚ ᱞᱟᱠ ᱡᱷᱤᱡ - ᱞᱟᱭᱤᱥᱮᱱᱥ ᱟᱱᱟᱜ ᱢᱤᱰᱤᱭᱟ ᱫᱚ ᱦᱚᱥᱴ ᱮᱫᱟᱭ᱾"
89,यह काम ज़्यादातर अटकलें लगाकर किया जाता था ।,"ᱦᱩᱭ ᱟᱠᱟᱱ ᱠᱟᱹᱢᱤ ᱵᱟᱹᱲᱛᱤ ᱥᱮᱭᱫᱷᱟᱱᱛᱤᱠ ᱛᱟᱦᱮᱸ ᱠᱟᱱᱟ, ᱢᱮᱱᱠᱷᱟᱱ ᱠᱟᱨᱭᱚᱠᱨᱟᱢ ᱫᱚ ᱫᱷᱚᱱᱩ ᱟᱠᱟᱥᱜᱚᱝᱜᱟ ᱠᱷᱚᱱ ᱵᱟᱱᱟᱣ ᱯᱨᱮᱪᱷᱟᱱ ᱨᱮᱱᱟᱜ ᱚᱱᱩᱠᱟᱨᱟᱱ ᱞᱟᱹᱜᱤᱫ ᱚᱞ ᱦᱩᱭ ᱞᱮᱱ ᱛᱟᱦᱮᱸ ᱠᱟᱱᱟ᱾"
90,इसका प्रभाव टीम के लिए देख रहा था ... ... ... आकाशगंगा के अंधेरे मामले और आकाश के अंधेरे मामले के बीच.,"ᱡᱟᱦᱟᱸᱭ ᱴᱤᱢ ᱯᱨᱚᱵᱷᱟᱣ ᱨᱮᱱᱟᱜ ᱛᱚᱞᱟᱥ ᱮᱫ ᱛᱟᱦᱮᱱ, ᱩᱱᱤ ᱟᱠᱟᱥ ᱜᱚᱝᱜᱟ ᱨᱮᱱᱟᱜ ᱦᱮᱱᱫᱮ ᱯᱚᱫᱟᱨᱛᱷ ᱟᱨ ᱛᱚᱣᱟ ᱞᱮᱠᱟᱱ ᱚᱱᱟ ᱦᱮᱱᱫᱮ ᱯᱚᱫᱟᱨᱛᱷ ᱛᱟᱞᱟ ᱡᱽᱣᱟᱨᱤᱭᱚ ᱩᱵ ᱨᱮᱱᱟᱜ ᱠᱟᱨᱚᱱ ᱛᱟᱦᱮᱱᱟ᱾"
91,"उसी तरह, चाँद की तरह धरती पर भी एक लहर दौड़ रही है ।","ᱡᱮᱞᱮᱠᱟ ᱪᱟᱸᱫᱚ ᱚᱛ ᱨᱮ ᱢᱤᱫ ᱚᱨ ᱮ ᱟᱹᱜᱩ ᱮᱫᱼᱟ, ᱡᱽᱣᱟᱨ ᱨᱮᱱᱟᱜ ᱠᱟᱨᱚᱱ ᱮ ᱵᱮᱱᱟᱣ ᱮᱫᱼᱟ, ᱚᱱᱟᱛᱮ ᱢᱤᱞᱠᱤ ᱞᱮᱠᱟᱱ ᱚᱱᱟ ᱫᱷᱚᱱᱩ ᱟᱠᱟᱥᱜᱚᱝᱜᱟ ᱨᱮ ᱢᱤᱫ ᱫᱟᱲᱮ ᱞᱟᱜᱟᱣᱜᱼᱟ᱾"
92,वैज्ञानिकों ने इस नतीजे पर पहुँचने में मदद दी कि अंधकार की वजह से हर दिन होनेवाली किसी बात पर कोई ज़ोर नहीं दिया जा सकता ।,ᱥᱟᱬᱮᱥᱤᱭᱟ ᱠᱚᱣᱟᱜ ᱱᱚᱶᱟ ᱱᱤᱥᱠᱟᱨᱥ ᱚᱰᱚᱠ ᱨᱮ ᱥᱚᱪᱷᱚᱢ ᱛᱟᱦᱮᱸ ᱠᱟᱱᱟ ᱡᱮ ᱰᱟᱨᱠ ᱢᱮᱭᱴᱚᱨ ᱟᱭᱢᱟ ᱰᱟᱨᱠ ᱢᱮᱭᱴᱚᱨ ᱫᱚ ᱚᱱᱟ ᱞᱮᱠᱟ ᱜᱮ ᱯᱨᱚᱵᱷᱟᱣ ᱮᱫᱼᱟᱭ ᱟᱨ ᱡᱟᱦᱟᱸ ᱫᱚ ᱫᱤᱱᱟᱹᱢ ᱢᱮᱭᱴᱚᱨ ᱮᱫᱼᱟᱭ᱾
93,इस सिद्धांत से पता चलता है कि आकाशगंगा के आस - पास एक आकाशगंगा है जो एक किस्म के हाइलो में पायी जाती है और उसमें छोटे - छोटे कण बनाए जाते हैं ।,"ᱱᱚᱶᱟ ᱥᱤᱫᱷᱟᱸᱛ ᱢᱮᱱ ᱠᱮᱫᱼᱟᱭ ᱡᱮ ᱟᱠᱟᱥᱜᱚᱝᱜᱟ ᱨᱮᱱᱟᱜ ᱯᱩᱱᱟᱹᱜ ᱥᱟᱱᱟᱢ ᱠᱷᱚᱱ ᱰᱟᱨᱠ ᱢᱮᱭᱴᱚᱨ ᱢᱮᱱᱟᱜᱼᱟ, ᱢᱤᱫ ᱞᱮᱠᱟᱱ ᱟᱜ ᱯᱨᱚᱵᱷᱟᱢᱟᱱᱰᱟᱞ ᱨᱮ ᱢᱤᱫ ᱟᱠᱟᱥᱜᱟᱝᱜᱟ ᱨᱮᱱᱟᱜ ᱯᱩᱱᱟᱹᱜ ᱥᱮᱫ ᱟᱨ ᱟᱭᱢᱟ ᱵᱷᱟᱜᱤ ᱞᱮᱠᱟᱱ ᱥᱟᱱᱟᱢ ᱠᱟᱹᱴᱤᱡ ᱠᱟᱬ ᱠᱷᱚᱱ ᱵᱟᱱᱟᱣ ᱟᱠᱟᱱᱟ᱾"
94,टी. वी.,ᱴᱮᱞᱤᱵᱷᱤᱡᱮᱱ ᱨᱤᱯᱚᱨᱴᱥ ᱨᱮ ᱫᱟᱨᱮ ᱠᱷᱚᱱ ᱯᱚᱸᱰ ᱫᱷᱩᱶᱟᱹ ᱚᱰᱚᱠᱚᱜ ᱠᱟᱱ ᱧᱮᱞᱚᱜ ᱠᱟᱱᱟ᱾
95,"स्थानीय अधिकारी इस पेड़ के आस - पास के निवासियों को चेतावनी दे रहे हैं, हवा की जांचरों को बंद कर दें और न पानी पीना.","ᱴᱷᱟᱶ ᱟᱫᱷᱤᱠᱟᱨᱤ ᱯᱞᱟᱱᱴ ᱨᱮᱱᱟᱜ ᱟᱲᱮ ᱯᱟᱥᱮᱡ ᱨᱤᱱᱤᱡ ᱛᱟᱦᱮᱱᱟᱱ ᱠᱚ ᱚᱲᱟᱜ ᱨᱮᱱᱟᱜ ᱵᱷᱤᱛᱨᱤ ᱨᱮ ᱛᱟᱦᱮᱱ, ᱦᱚᱭ ᱵᱚᱸᱫᱽ ᱞᱟᱹᱜᱤᱫ ᱨᱮᱱᱟᱜ ᱪᱮᱛᱟᱣᱟᱱᱤ ᱮᱢᱚᱜ ᱠᱟᱱᱟᱭ᱾"
96,"जापान के परमाणु संस्थान के अनुसार, रेडियो ट्रांसलेटियम और आइसोटोन को पेड़ पर पहचाना गया है.","ᱡᱟᱯᱟᱱ ᱨᱮᱱᱟᱜ ᱯᱚᱨᱢᱟᱬᱩ ᱮᱡᱮᱱᱥᱤ ᱠᱚᱣᱟᱜ ᱞᱮᱠᱟᱛᱮ, ᱥᱚᱝᱭᱚᱱᱛᱨᱚ ᱨᱮ ᱨᱮᱰᱤᱭᱚ ᱫᱷᱚᱨᱢᱤ ᱥᱤᱡᱤᱭᱟᱢ ᱟᱨ ᱟᱭᱚᱰᱤᱱ ᱨᱮᱱᱟᱜ ᱩᱯᱨᱩᱢ ᱧᱟᱢ ᱦᱩᱭ ᱮᱱᱟ᱾"
97,अधिकारी अनुमान लगाते हैं कि इस साइट पर गरमा - गरम ईंधन रखने के बरतन शायद फट गए हों और उनमें पानी आ रहा है ।,ᱟᱫᱷᱤᱠᱟᱨᱤ ᱠᱚᱣᱟᱜ ᱯᱟᱹᱛᱭᱟᱹᱣ ᱠᱟᱱᱟ ᱡᱮ ᱱᱚᱶᱟ ᱤᱝᱜᱤᱛ ᱮᱫᱟᱭ ᱦᱩᱭ ᱫᱟᱲᱮᱭᱟᱜᱼᱟ ᱡᱮ ᱥᱟᱭᱤᱴ ᱨᱮ ᱭᱩᱨᱮᱱᱤᱭᱟᱢ ᱤᱱᱫᱷᱟᱱ ᱫᱚᱦᱚ ᱟᱱᱟᱜ ᱠᱚᱱᱴᱮᱱᱚᱨ ᱚᱲᱮᱡ ᱮᱱᱟ ᱟᱨ ᱞᱤᱠ ᱦᱩᱭ ᱤᱫᱤ ᱠᱟᱱᱟ᱾
98,डॉ. टोनी मोजे ने दक्षिण अफ्रीकी क्षेत्र के Kuzau-Nol में सबसे अधिक नशीले पदार्थ (XDR-TB) प्राप्त किया.,ᱰᱨ.ᱴᱚᱱᱤ ᱢᱚᱞ ᱮᱛᱚᱢ ᱟᱯᱷᱨᱤᱠᱟᱱ ᱴᱚᱴᱷᱟ ᱠᱣᱟᱡᱩᱞᱩ-ᱱᱟᱛᱟᱞ ᱨᱮ ᱟᱹᱰᱤ ᱰᱷᱮᱨ ᱨᱟᱱ ᱨᱮᱥᱤᱥᱴ ᱴᱤᱭᱩᱵᱟᱨᱠᱤᱣᱞᱚᱥᱤᱥ (XDR-TB) ᱨᱮᱭᱟᱜ ᱮ ᱥᱮᱸᱫᱽᱨᱟ ᱞᱮᱫᱟ᱾
99,"एक इंटरव्यू में, उन्होंने कहा कि नए अंतर ""बहुत अधिक घातक दर के कारण बहुत ही परेशान और परेशान था।""","ᱢᱤᱫ ᱤᱱᱴᱟᱨᱵᱷᱤᱣ ᱨᱮ, ᱩᱱᱤᱭ ᱢᱮᱱ ᱟᱠᱟᱫᱟ ᱡᱮ ᱱᱟᱣᱟ ᱨᱩᱯ ᱫᱚ ""ᱟᱹᱰᱤ ᱰᱷᱮᱨ ᱜᱩᱨ ᱨᱮᱭᱟᱜ ᱫᱚᱨ ᱠᱷᱟᱹᱛᱤᱨ ᱟᱹᱰᱤ ᱟᱭᱢᱟ ᱮᱴᱠᱮᱴᱚᱬᱮ ᱟᱨ ᱵᱚᱛᱚᱨᱟᱱ ᱜᱮ ᱛᱟᱦᱮᱸ ᱠᱟᱱᱟ᱾"""
100,"कुछ मरीज़ों ने शायद अस्पताल में बग को महसूस किया हो, डॉ. मोल सोचता है, और कम - से - कम दो मरीज़ अस्पताल के स्वास्थ्य कर्मचारी थे ।","ᱰᱨ. ᱢᱚᱞ ᱮ ᱢᱚᱱᱮᱭᱮᱫᱟ, ᱟᱫᱚᱢ ᱨᱩᱜᱤ ᱦᱟᱥᱯᱟᱛᱟᱞ ᱨᱮ ᱵᱟᱜᱽ ᱛᱮᱠᱚ ᱥᱚᱝᱠᱨᱚᱢᱚᱱ ᱫᱟᱲᱮᱭᱟᱜᱼᱟ, ᱟᱨ ᱠᱚᱢ ᱠᱟᱛᱮ ᱦᱚᱸ ᱵᱟᱨᱭᱟ ᱦᱟᱥᱯᱟᱛᱟᱞ ᱨᱮᱱ ᱠᱟᱹᱢᱤᱭᱟᱹ ᱠᱤᱱ ᱛᱟᱦᱮᱸ ᱠᱟᱱᱟ᱾"
101,"एक साल के समय में, एक संक्रमित व्यक्ति १० से १५ नज़दीकी संपर्कों को संक्रमित कर सकता है.",ᱢᱤᱫ ᱥᱮᱨᱢᱟ ᱨᱮ ᱢᱤᱫ ᱤᱱᱯᱷᱮᱠᱴᱮᱰ ᱦᱚᱲ ᱥᱩᱨᱼᱥᱩᱯᱩᱨ ᱑᱐ ᱠᱷᱚᱱ ᱑᱕ ᱦᱚᱲ ᱮ ᱤᱱᱯᱷᱮᱠᱴ ᱫᱟᱲᱮᱭᱟᱠᱚᱣᱟ᱾
102,"हालांकि, टी. बी. के लोगों के पूरे समूह में XDB का प्रतिशत कम प्रतीत होता है, दक्षिण अफ्रीका में किसी भी विशेष क्षण में कुल 30,000 लोग संक्रमित होते हैं.","ᱛᱚᱵᱮ ᱴᱤᱣᱵᱟᱨᱠᱩᱞᱚᱥᱤᱥ ᱧᱟᱢ ᱟᱠᱟᱫ ᱠᱚ ᱦᱚᱲ ᱠᱚᱣᱟᱜ ᱯᱩᱨᱟᱹ ᱜᱩᱥᱴᱤ ᱢᱩᱸᱫᱽ ᱨᱮ XDR-TB ᱨᱮᱭᱟᱜ ᱥᱟᱭᱠᱚᱲᱟ ᱫᱚ ᱠᱚᱢ ᱜᱮᱭᱟ; ᱮᱛᱚᱢ ᱟᱯᱷᱨᱤᱠᱟ ᱨᱮ ᱡᱟᱦᱟᱸᱱ ᱢᱤᱫ ᱚᱠᱛᱚ ᱨᱮ ᱤᱱᱯᱷᱮᱠᱴᱮᱰ ᱟᱠᱟᱱ ᱜᱩᱴ ᱓᱓᱐,᱐᱐᱐ ᱢᱩᱸᱫᱽ ᱨᱮ ᱖᱐᱐᱐᱾"
103,उन्होंने पृथ्वी के ऊपर से 491 किलोमीटर का सफर तय किया ।,"ᱩᱯᱚᱜᱨᱚᱦᱚ, ᱵᱟᱱᱟᱨ ᱠᱤᱱ ᱑,᱐᱐᱐ ᱯᱟᱣᱩᱸᱰ ᱠᱷᱚᱱ ᱰᱷᱮᱨ ᱜᱮᱭᱟ, ᱟᱨ ᱑᱗,᱕᱐᱐ ᱢᱟᱭᱤᱞᱥ ᱯᱟᱹᱨ ᱟᱣᱟᱹᱨ ᱛᱮ ᱜᱚᱛᱤᱟᱭ, ᱯᱨᱩᱛᱷᱤᱵᱤ ᱠᱷᱚᱱ ᱔᱙᱑ ᱢᱟᱭᱤᱞ ᱪᱮᱛᱟᱱ ᱨᱮ ᱵᱟᱡᱟᱣᱜᱼᱟᱭ।"
104,वैज्ञानिकों का कहना है कि संघर्ष से उत्पन्‍न होनेवाले विस्फोट अत्यधिक था ।,ᱥᱟᱬᱮᱥᱤᱭᱟᱹᱠᱚ ᱢᱮᱱ ᱟᱠᱟᱫ ᱟᱠᱟ ᱡᱮ ᱴᱷᱚᱠᱚᱨ ᱟᱛᱮ ᱵᱤᱥᱯᱷᱚᱴ ᱫᱚ ᱟᱹᱰᱤ ᱢᱟᱨᱟᱝ ᱜᱮ ᱛᱟᱦᱮᱸ ᱠᱟᱱᱟI
105,वे अभी भी यह निर्धारित करने की कोशिश कर रहे हैं कि यह कितना बड़ा था और पृथ्वी कैसे प्रभावित होगी ।,ᱩᱱᱠᱩ ᱱᱤᱛ ᱦᱟᱹᱵᱤᱡ ᱵᱩᱡᱷᱟᱹᱣ ᱨᱮᱭᱟᱜ ᱪᱮᱥᱴᱟ ᱮᱫᱟ ᱠᱚ ᱡᱮ ᱠᱨᱟᱥ ᱫᱚ ᱛᱤᱱᱟᱹᱜ ᱢᱟᱨᱟᱝ ᱛᱟᱦᱮᱸ ᱠᱟᱱᱟ ᱟᱨ ᱫᱷᱟᱹᱨᱛᱤ ᱫᱚ ᱪᱮᱫ ᱞᱮᱠᱟ ᱯᱨᱚᱵᱷᱟᱵᱚᱜᱼᱟI
106,संयुक्‍त राज्य अमेरिका के रक्षा विभाग के संयुक्‍त आदेश को बिगाड़ रहा है ।,ᱭᱩ.ᱮᱥ ᱰᱤᱯᱟᱨᱴᱢᱮᱸᱴ ᱚᱯᱷ ᱰᱤᱯᱷᱮᱱᱥ ᱚᱯᱷᱤᱥ ᱨᱮᱭᱟᱜ ᱭᱩᱱᱟᱭᱴᱮᱰ ᱥᱴᱮᱴᱥ ᱨᱮᱭᱟᱜ ᱨᱚᱱᱱᱤᱛᱤ ᱠᱚᱢᱟᱸᱰ ᱫᱚ ᱚᱸᱡᱽᱨᱟ ᱨᱮ ᱟᱵᱚᱨᱡᱚᱱᱟ ᱠᱚ ᱴᱨᱟᱠ ᱮᱫ-ᱟᱭI
107,योजना विश्लेषण का परिणाम एक सार्वजनिक वेबसाइट पर लगाया जाएगा.,ᱯᱞᱚᱴᱤᱝ ᱮᱱᱟᱞᱤᱥᱤᱥ ᱨᱮᱭᱟᱜ ᱛᱮᱞᱟ ᱫᱚ ᱯᱟᱹᱵᱞᱤᱠ ᱣᱮᱵᱽᱥᱟᱭᱤᱴ ᱨᱮ ᱯᱚᱥᱴ ᱟᱠᱚ।
108,"एक डॉक्टर जो बच्चों के अस्पताल में काम करता था, पॆन्सिलवेनिया पर आरोप लगाया जाएगा... ... उसकी माँ के मरने के बाद... ... उसकी कार बुधवार के तने में मृत पाया गया था, ओहायो में अधिकारी कहते हैं.","ᱚᱦᱤᱭᱳ ᱨᱮᱱ ᱚᱛᱷᱚᱨᱤᱴᱤ ᱠᱚ ᱞᱟᱹᱭ ᱟᱠᱟᱫᱟ ᱡᱮ, ᱯᱮᱱᱥᱮᱞᱵᱷᱮᱱᱤᱭᱟ, ᱯᱤᱴᱟᱨᱥᱵᱟᱨᱜᱽ ᱨᱮᱭᱟᱜ ᱢᱤᱫ ᱜᱤᱫᱽᱨᱟᱹ ᱦᱟᱥᱯᱟᱛᱟᱞ ᱨᱮ ᱠᱟᱹᱢᱤ ᱠᱟᱱ ᱢᱤᱫ ᱰᱟᱠᱴᱚᱨ ᱵᱤᱨᱩᱫᱽ ᱨᱮ ᱥᱟᱹᱜᱩᱱ ᱢᱟᱦᱟᱸ ᱩᱱᱤᱭᱟᱜ ᱜᱟᱹᱰᱤ ᱨᱮᱭᱟᱜ ᱰᱤᱪᱠᱤ ᱨᱮ ᱩᱱᱤ ᱟᱡ ᱜᱚᱜᱚ ᱟᱜ ᱜᱚᱡ ᱦᱚᱲᱢᱚ ᱧᱟᱢ ᱛᱟᱭᱚᱢ ᱜᱟᱹᱦᱤᱨ ᱢᱟᱰᱟᱨ ᱨᱮᱭᱟᱜ ᱟᱨᱳᱯ ᱞᱟᱜᱟᱣ ᱦᱩᱭᱩᱜᱼᱟ᱾"
109,"डॉ M - टाइटेरियन राज्य में, डॉ. ब्बल बालभिकन, 29 ब्लू अशी, ओहायो के एक उपनगर में पाया गया था, जो लगभग 15 मील उत्तर की दूरी पर है एक T-दूसरे रास्ते के किनारे सड़क पर और एक बहुत ही तंग हवादार राज्य में.","ᱰᱨ. ᱢᱟᱞᱟᱨ ᱵᱟᱞᱟᱥᱩᱵᱨᱚᱢᱟᱱᱤᱭᱟᱱ, ᱒᱙, ᱵᱞᱩ ᱮᱥ, ᱚᱦᱤᱭᱳ ᱨᱮᱭ ᱧᱟᱢ ᱞᱮᱱᱟ, ᱡᱟᱦᱟᱸ ᱫᱚ ᱥᱤᱱᱥᱤᱱᱟᱴᱤ ᱨᱮᱭᱟᱜ ᱠᱚᱸᱭᱮ ᱨᱮ ᱟᱢᱫᱟᱡᱽ ᱑᱕ ᱢᱟᱭᱤᱞ ᱠᱚᱸᱭᱮ ᱨᱮ ᱢᱮᱱᱟᱜ ᱢᱤᱫ ᱩᱯᱚᱥᱚᱦᱚᱨ ᱠᱟᱱᱟ, ᱢᱤᱫ ᱴᱤᱼᱥᱟᱨᱴ ᱟᱨ ᱟᱱᱰᱟᱨᱣᱮᱨ ᱛᱮ ᱦᱚᱨ ᱟᱲᱮ ᱨᱮᱭ ᱜᱤᱛᱤᱡ ᱟᱠᱟᱱ ᱛᱟᱦᱮᱸᱱᱟ ᱡᱟᱦᱟᱸᱭ ᱫᱚ ᱮᱠᱟᱞ ᱛᱮ ᱟᱹᱰᱤ ᱨᱟᱱᱟᱱ ᱚᱵᱚᱥᱛᱷᱟ ᱨᱮᱭ ᱛᱟᱦᱮᱸ ᱠᱟᱱᱟ᱾"
110,उसने अधिकारियों को अपने काले पुराने पुराने कमरे में भेज दिया जो 500 फुट दूर था ।,ᱩᱱᱤ ᱚᱯᱷᱤᱥᱟᱨ ᱠᱚ ᱟᱡᱟᱜ ᱦᱮᱸᱫᱮ ᱚᱞᱰᱥᱢᱚᱵᱟᱭᱤᱞ ᱤᱸᱴᱨᱤᱜᱩᱭ ᱮ ᱩᱫᱩᱜ ᱠᱮᱫᱟ ᱡᱟᱦᱟᱸ ᱫᱚ ᱕᱐᱐ ᱯᱷᱩᱴ ᱥᱟᱺᱜᱤᱧ ᱨᱮ ᱛᱟᱦᱮᱸ ᱠᱟᱱᱟ᱾
111,"वहाँ, वे Sababamamamamarian के शरीर पाया, 53, खून के कगारों से ढक दिया.","ᱚᱱᱰᱮ, ᱢᱟᱭᱟᱢ ᱛᱮ ᱞᱚᱴᱞᱚᱴ ᱳᱭᱳᱱᱟᱜ ᱛᱮ ᱵᱮᱫᱦᱟᱣ ᱕᱓ ᱥᱮᱨᱢᱟᱠᱤᱭᱟᱹ ᱥᱟᱹᱨᱚᱡᱟ ᱵᱟᱞᱟᱵᱩᱵᱽᱨᱟᱹᱢᱟᱹᱱᱤᱭᱟᱹᱱ ᱟᱜ ᱜᱚᱡ ᱦᱚᱲᱢᱚ ᱠᱚ ᱧᱟᱢ ᱠᱮᱜᱼᱟ᱾"
112,पुलिस ने कहा कि शरीर वहाँ एक दिन के लिए मौजूद रहा है.,ᱯᱚᱞᱤᱥ ᱢᱮᱱ ᱠᱮᱜᱼᱟᱭ ᱜᱚᱡ ᱦᱚᱲᱢᱚ ᱫᱚ ᱢᱤᱫ ᱫᱤᱱ ᱠᱷᱚᱱ ᱚᱝᱠᱟ ᱢᱮᱱᱟᱜᱼᱟ᱾
113,इस रोग के पहले मामले जुलाई में रिपोर्ट किए गए थे ।,ᱱᱚᱶᱟ ᱨᱤᱛᱩ ᱨᱮ ᱱᱚᱶᱟ ᱵᱮᱢᱟᱨ ᱢᱟᱲᱟᱝ ᱨᱮ ᱯᱩᱭᱞᱩ ᱢᱟᱹᱢᱞᱟᱹ‌ ᱱᱤᱭᱟᱹ ᱥᱟᱱ ᱨᱮᱭᱟᱜ ᱢᱩᱪᱟᱹᱫ ᱨᱮ ᱦᱮᱡ ᱞᱮᱱᱟ᱾
114,"यह रोग सूअरों द्वारा चलाया जाता है, जो फिर मच्छरों के माध्यम से मनुष्यों में फैल जाते हैं ।","ᱱᱚᱶᱟ ᱵᱮᱢᱟᱨ ᱫᱚ ᱥᱩᱠᱨᱤ ᱴᱷᱮᱱ ᱠᱷᱚᱱ ᱯᱟᱨᱪᱟᱣᱜᱼᱟ, ᱡᱟᱦᱟᱸᱭ ᱫᱚ ᱥᱤᱠᱬᱤᱡ ᱨᱮᱭᱟᱜ ᱜᱚᱲᱚ ᱛᱮ ᱦᱚᱲ ᱴᱷᱮᱱ ᱠᱚ ᱩᱪᱟᱹᱲᱚᱜᱼᱟ᱾"
115,भारत की सरकार ने बड़ी तेज़ी से प्रभावित क्षेत्रों में सूअर पकड़ने के आरोपों के रूप में ऐसे क़दम उठाने के लिए प्रेरित किया है ।,"ᱚᱱᱟ ᱴᱟᱠᱟ ᱮᱛᱦᱚᱵ ᱵᱷᱟᱨᱚᱛ ᱥᱚᱨᱠᱟᱨ ᱫᱚ ᱯᱨᱚᱣᱟᱣ ᱡᱟᱭᱜᱟ ᱨᱮ ᱥᱩᱠᱨᱤ ᱥᱟᱵ ᱠᱩᱜ ᱫᱚᱦᱚ ᱠᱮᱫ ᱠᱚᱣᱟᱭ, ᱦᱟᱡᱟᱨ ᱥᱤᱠᱬᱤᱡ ᱢᱚᱥᱟᱨᱤ ᱟᱨ ᱠᱤᱱᱱᱟᱥᱚᱠ ᱨᱮᱭᱟᱜ ᱫᱷᱩᱸᱶᱟᱹ ᱪᱷᱚ ᱞᱟᱹᱜᱤᱫ ᱦᱟᱹᱴᱤᱧ ᱠᱮᱜᱼᱟᱭ᱾"
116,इसके अलावा सरकार ने दस लाख लोगों से यह वादा भी किया है कि अगले साल स्वास्थ्य एजॆंसियों को तैयार करने में मदद मिलेगी ।,"ᱥᱚᱨᱠᱟᱨ ᱢᱤᱞᱤᱭᱚᱱ ᱵᱩᱴᱩᱞ ᱜᱟᱱ ᱮᱱᱥᱮᱯᱷᱮᱞᱟᱭᱴᱤᱡᱽ ᱣᱮᱠᱥᱤᱱ ᱨᱮᱭᱟᱜ ᱠᱟᱛᱷᱟ ᱮᱢ ᱟᱠᱟᱫᱟᱭ, ᱡᱟᱦᱟᱸ ᱫᱟ ᱦᱟᱹᱡᱩᱜ ᱠᱟᱱ ᱥᱮᱨᱢᱟ ᱨᱮ ᱱᱤᱯᱷᱩᱴ ᱥᱮᱫ ᱮᱡᱮᱱᱥᱭ ᱜᱚᱲᱚ ᱠᱚ ᱧᱟᱢ ᱫᱟᱲᱮᱭᱟᱜᱼᱟ᱾"
117,"इस साल के दौरान, इस साल के सबसे बड़े - बड़े इलाकों में टी. बी.",ᱱᱤᱭᱟᱹ ᱥᱮᱨᱢᱟ ᱦᱤᱛᱟᱹᱞᱮᱱ ᱦᱤᱥᱟᱹᱵ ᱛᱮ ᱰᱷᱮᱨ ᱯᱨᱚᱣᱟᱣ ᱡᱟᱭᱜᱟ ᱨᱮ ᱴᱤᱠᱟ ᱨᱮᱭᱟᱜ ᱦᱟᱹᱴᱤᱧ ᱨᱮᱭᱟᱜ ᱱᱤᱛᱤ ᱨᱮ ᱯᱩᱭᱥᱟᱹ ᱨᱮᱭᱟᱜ ᱠᱚᱢᱤ ᱟᱨ ᱮᱴᱟᱜ ᱵᱮᱢᱟᱨ ᱨᱮᱭᱟᱜ ᱥᱟᱹᱜᱟᱹᱭ ᱛᱮ ᱠᱚᱢ‌ ᱮᱛᱵᱚᱵ ᱵᱤᱥᱮᱥ ᱞᱟᱹᱜᱤᱫ ᱵᱤᱞᱚᱢ ᱦᱩᱭᱮᱱᱟ᱾
118,"सन्‌ 1956 में स्वायया स्वीडन जाकर रहने लगी, जहाँ तीन साल बाद उसने स्वीडिश पोस्ट ऑफिस के लिए काम करना शुरू कर दिया और उनका मुख्य मंच बन गया ।","᱑᱙᱕᱖ ᱨᱮ ᱥᱟᱭᱱᱟ ᱥᱣᱤᱰᱮᱱ ᱪᱟᱞᱟᱣ ᱮᱱᱟᱭ,‌ ᱡᱟᱦᱟᱸᱭ ᱨᱮ ᱩᱱᱤ ᱯᱮ ᱥᱮᱨᱢᱟ ᱛᱟᱭᱟᱢ ᱩᱱᱤ ᱥᱣᱤᱰᱮᱱ ᱰᱟᱠ ᱚᱯᱷᱤᱥ ᱞᱟᱹᱜᱩᱫ ᱠᱟᱹᱢᱤ ᱠᱚᱨᱟᱣ ᱮᱛᱦᱚᱵ ᱠᱮᱜᱼᱟᱭ ᱟᱨ ᱩᱱᱤᱭᱤᱡ ᱢᱩᱞ ᱩᱠᱮᱨ ᱛᱟᱦᱮᱸ ᱠᱟᱱᱟᱭ ᱵᱮᱱᱟᱣ ᱮᱱᱟᱭ᱾"
119,"उसने स्वीडन और २८ अन्य देशों के १,००० से ज़्यादा टिकट निकाले ।","ᱩᱱᱤ ᱫᱚ ᱥᱣᱤᱰᱮᱱ ᱟᱨ ᱒᱘ ᱮᱴᱟᱜ ᱫᱤᱥᱚᱢ ᱠᱚ ᱞᱟᱹᱜᱤᱫ ᱑,᱐᱐᱐ ᱠᱷᱚᱱ ᱰᱷᱮᱨ ᱰᱟᱠ ᱴᱤᱠᱚᱴ ᱠᱚ ᱨᱮᱭᱟᱜ ᱛᱮᱭᱟᱨ ᱟᱠᱟᱫ-ᱟᱭI"
120,"उसका काम इस प्रकार के प्रसिद्ध गुण और विस्तार का है कि वह कुछ ही प्रकार के ज्ञानियों में से एक है ""घर के नामों में से""। कुछ विशेष रूप से अपने काम को अकेले इकट्ठा करने में।","ᱩᱱᱤᱭᱟᱜ ᱠᱟᱹᱢᱤ ᱩᱱᱟᱹᱜ ᱢᱟᱱᱭᱚᱛᱟ ᱜᱩᱬᱭᱟᱹᱛ ᱜᱩᱱ ᱟᱨ ᱣᱤᱥᱛᱟᱹᱨ ᱨᱮᱭᱟᱜ ᱛᱟᱦᱮᱸ ᱠᱟᱱᱟ ᱡᱮ ᱩᱱᱤ ᱰᱟᱠ ᱚᱲᱟᱜ ᱥᱚᱝᱜᱽᱨᱟᱦᱚᱠᱚᱨᱛᱟ ᱛᱟᱞᱟ ᱨᱮ ᱟᱹᱰᱤ ᱠᱚᱢ ""ᱚᱲᱟᱜ ᱧᱩᱛᱩᱢ"" ᱠᱷᱟᱱ ᱢᱤᱫᱴᱟᱹᱝ ᱠᱟᱱᱟᱭ᱾ ᱛᱤᱱᱟᱹᱝ ᱜᱟᱱ ᱟᱠᱚ ᱛᱮᱜᱮ ᱠᱟᱹᱢᱤ ᱡᱟᱣᱨᱟ ᱨᱮ ᱯᱟᱹᱨᱩᱠᱷᱤᱭᱟᱹ ᱜᱮᱭᱟ ᱠᱚ᱾"
121,"उसका 1,000वीं टिकट था स्वीडिश राजा दाऊद के द्वारा महान ""बहुत बड़े काम"" जो सन्‌ 2000 में, डेविड क्लॉल्‌स पैंलर ऑफ वर्ल्ड रिकॉर्ड बुक में सूचीबद्ध किया गया है।","᱒᱐᱐᱐ ᱨᱮ ᱰᱮᱣᱤᱰ ᱠᱞᱚᱠᱟᱹᱨ ᱮᱨᱮᱱᱥᱴᱟᱞ ᱛᱮ ᱩᱱᱠᱤᱱᱟᱜ ᱑᱐᱐᱐ ᱛᱟᱢ ᱴᱤᱠᱚᱴ ᱟᱹᱰᱤ ᱱᱟᱯᱟᱭ ""ᱥᱣᱤᱰᱤᱥ ᱠᱤᱝᱜᱥ ᱛᱮ ᱜᱽᱨᱮᱴ ᱰᱤᱰᱥ"" ᱛᱟᱦᱮᱸ ᱠᱟᱱᱟ, ᱚᱠᱟ ᱫᱚ ᱜᱤᱱᱤᱡ ᱵᱩᱠ ᱣᱟᱞᱰ ᱨᱮᱠᱚᱰ ᱨᱮ ᱥᱩᱪᱤ ᱞᱟᱜᱼᱟ ᱠᱚ᱾"
122,"हाल ही में, कनाडा में नए - नए डॉलर और 100 डॉलर के नोटों पर एक - के - बाद - एक छापा गया ।","ᱩᱱᱤ ᱟᱭᱢᱟ ᱫᱤᱥᱚᱢ ᱞᱟᱹᱜᱤᱫ ᱵᱮᱝᱠ ᱱᱚᱴ ᱠᱚ ᱜᱚᱨᱦᱚᱱ ᱨᱮ ᱞᱟᱜᱟᱣ ᱞᱮᱱᱟᱭ, ᱩᱱᱤᱭᱟᱜ ᱠᱟᱹᱢᱤ ᱨᱮᱭᱟᱜ ᱦᱟᱹᱞᱤ ᱫᱟᱹᱭᱠᱟᱹ ᱡᱟᱦᱟᱸ ᱨᱮ ᱱᱟᱣᱟ ᱠᱟᱱᱟᱰᱤᱭᱟᱱ $᱕ ᱟᱨ $᱑᱐᱐ ᱵᱤᱞᱠᱚ ᱥᱟᱢᱟᱝ ᱨᱮ ᱢᱟᱨᱟᱝ ᱢᱚᱱᱛᱨᱤ ᱭᱟᱜ ᱪᱤᱛᱟᱹᱨ ᱦᱚᱸ ᱥᱟᱹᱢᱤᱞ ᱢᱮᱱᱟᱜᱼᱟI"
123,"दुर्घटना के बाद, बर्नसन को अस्पताल ले जाया गया मगर उसके कुछ ही समय बाद उसकी मौत हो गयी ।","ᱵᱮᱜᱷᱚᱴᱚᱱ ᱦᱩᱭ ᱠᱟᱛᱮ, ᱜᱤᱵᱥᱚᱱ ᱦᱚᱥᱯᱤᱴᱟᱞ ᱥᱮᱫ ᱠᱚ ᱤᱫᱤ ᱠᱮᱫᱮᱭᱟ ᱦᱮᱞᱮ ᱩᱱᱤ ᱛᱤᱱᱟᱹᱜ ᱚᱠᱛᱚ ᱛᱟᱭᱚᱢ ᱜᱟᱡ ᱮᱱᱟᱱᱭ᱾"
124,"ट्रक ड्राइवर, जो 64 साल का है, दुर्घटना में घायल नहीं हुआ ।","ᱴᱨᱚᱠ ᱪᱟᱞᱚᱠ, ᱡᱟᱦᱟᱸᱭ ᱫᱚ ᱖᱔ ᱩᱢᱮᱨ ᱛᱟᱭ, ᱫᱟ ᱵᱮᱜᱷᱚᱴᱚᱱ ᱡᱷᱚᱜ ᱵᱟᱭ ᱟᱸᱫᱟᱜ ᱛᱟᱣᱟᱜ ᱞᱮᱱᱟᱭ᱾"
125,उसी दिन लगभग 1200 जीएमटी में दुर्घटना के दृश्‍य से स्वयं गाड़ी ले जाया गया ।,ᱚᱱᱟ ᱫᱤᱱ ᱜᱮ ᱑᱒᱐᱐ GMT ᱡᱷᱚᱜ ᱜᱟᱹᱰᱤ ᱫᱚ ᱵᱮᱜᱷᱚᱴᱚᱱ ᱡᱟᱭᱜᱟ ᱠᱷᱚᱱ ᱡᱷᱟᱹᱞ ᱥᱮᱫ ᱠᱚ ᱤᱫᱤ ᱠᱮᱜᱼᱟ᱾
126,और एक शख्स ऐसा भी था कि वह किताबे खुदा की राह में जेहाद करने लगा था तो कहने लगा कि अब (कुछ तुम ही में) तो ऐसे बच्चे थे कि (ऐ रसूल) तुम अनक़रीब (इसका नतीजा) उन्हें मालूम हो जाएगा,"ᱚᱠᱟ ᱜᱚᱨᱟᱡᱽ ᱨᱮ ᱵᱮᱜᱷᱚᱴᱚᱱ ᱦᱩᱭ ᱮᱱᱟ, ᱚᱱᱰᱮ ᱠᱟᱹᱢᱤᱭᱤᱡᱽ ᱢᱤᱫᱴᱟᱹᱝ ᱦᱚᱲᱮ ᱢᱮᱱ ᱠᱮᱜᱼᱟᱭ: ""ᱜᱤᱫᱽᱨᱟᱹ ᱥᱚᱰᱚᱠ ᱯᱟᱨ ᱠᱚᱨᱟᱣ ᱨᱮᱭᱟᱜ ᱛᱟᱹᱝᱜᱤ ᱟᱠᱟᱫᱼᱟ ᱠᱚ ᱟᱨ ᱡᱷᱚᱛᱚ ᱡᱩᱨᱼᱡᱩᱨ ᱛᱮᱠᱚ ᱨᱟᱜᱮᱫ ᱛᱟᱦᱮᱸᱡ᱾"""
127,वे सब वहाँ से भाग गए जहाँ दुर्घटना हुई थी ।,ᱚᱠᱟ ᱡᱟᱭᱜᱟ ᱨᱮ ᱵᱮᱜᱷᱚᱴᱚᱱ ᱦᱩᱭ ᱞᱮᱱᱟ ᱚᱱᱰᱮ ᱠᱷᱚᱱ ᱡᱷᱚᱛᱚ ᱠᱚ ᱫᱟᱹᱲ ᱠᱮᱫᱼᱟ᱾
128,"बालि में एग्मी पर अन्य विषयों में दुनिया के शेष जंगलों को बचाने, और विकासशील देशों में विकसित होने के तरीकों में मदद देने के लिए .",ᱵᱟᱞᱤ ᱨᱤᱱᱰᱟ ᱮᱡᱮᱱᱰᱟ ᱨᱮ ᱮᱴᱟᱜ ᱵᱤᱥᱚᱭ ᱨᱮ ᱡᱮᱜᱮᱛ ᱨᱮᱭᱟᱜ ᱵᱟᱧᱪᱟᱣ ᱠᱟᱱ ᱵᱤᱨ ᱠᱚ ᱵᱟᱧᱪᱟᱣ ᱟᱨ ᱵᱤᱠᱟᱥᱤᱞ ᱫᱤᱥᱟᱢ ᱠᱚ ᱠᱟᱢ ᱯᱨᱚᱫᱭᱩᱥᱚᱱ ᱠᱟᱱ ᱛᱟᱨᱠᱟ ᱠᱷᱚᱱ ᱵᱤᱠᱥᱤᱛ ᱞᱟᱹᱜᱩᱫ ᱜᱚᱲᱚ ᱮᱢ ᱞᱟᱹᱜᱤᱫ ᱴᱮᱠᱱᱚᱞᱚᱜᱤ ᱠᱚ ᱦᱟᱹᱴᱤᱧ ᱨᱮᱭᱟᱜ ᱢᱮᱱᱟᱜᱼᱟ᱾
129,अमरीका भी प्रभावों का सामना करने के लिए पृथ्वी के तापमान के प्रभाव से प्रभावित देशों की मदद करने के लिए एक अंशदान देने की आशा करता है.,ᱥᱟᱶᱛᱟ ᱫᱤᱥᱚᱢ ᱡᱮᱜᱮᱛ ᱩᱨᱜᱩᱢ ᱵᱤᱵᱷᱟᱹᱜᱽ ᱠᱷᱚᱱ ᱯᱨᱚᱣᱟᱣ ᱠᱟᱱ ᱫᱤᱥᱚᱢ ᱠᱚ ᱯᱨᱚᱣᱟᱣ ᱠᱷᱚᱱ ᱚᱲᱚᱠᱚᱜ ᱞᱟᱹᱜᱤᱫ ᱜᱚᱲᱚ ᱮᱢᱟ ᱞᱟᱹᱜᱩᱫ ᱢᱤᱫᱴᱟᱹᱝ ᱯᱷᱚᱸᱰ ᱠᱚ ᱢᱩᱪᱟᱹᱫ ᱪᱮᱦᱨᱟ ᱫᱚᱦᱚ ᱨᱮᱭᱟᱜ ᱪᱮᱥᱴᱟ ᱪᱟᱹᱞᱩ ᱠᱟᱱᱟ᱾
130,"पैसे बाढ़ - ग्रस्त घरों, बेहतर पानी प्रबंधन, और विभिन्‍न फ़सलों की ओर जा सकते हैं ।","ᱯᱩᱭᱥᱟᱹ ᱫᱚ ᱵᱟᱱ ᱨᱩᱠᱷᱤᱭᱟᱹ ᱚᱲᱟᱜ, ᱵᱮᱥ ᱫᱟᱜ ᱨᱮᱭᱟᱜ ᱯᱨᱚᱵᱚᱸᱫ ᱟᱨ ᱯᱷᱚᱥᱚᱞ ᱵᱤᱣᱤᱫᱛᱟ ᱥᱮᱫ ᱪᱟᱞᱟᱜᱼᱟ᱾"
131,"एफएच.डी., अमरीका (g02 3 / 22)",ᱯᱷᱞᱩᱠ ᱚᱞ ᱟᱠᱟᱫᱼᱟᱭ ᱛᱤᱱᱟᱹᱝ ᱜᱟᱱ ᱠᱩᱲᱤ ᱠᱚ ᱨᱮᱭᱟᱜ ᱱᱤᱯᱷᱩᱴ ᱥᱤᱫ ᱵᱟᱵᱚᱛ ᱢᱮᱱ ᱞᱮᱠᱷᱟᱱ ᱡᱩᱲᱤᱠᱚ ᱵᱟᱦᱨᱮ ᱚᱰᱚᱠ ᱨᱮᱭᱟᱜ ᱪᱮᱥᱴᱟ ᱵᱟᱭ ᱨᱟᱹᱥ ᱪᱟᱞᱟᱜᱼᱟ᱾
132,"वह इस नतीजे पर पहुँची कि स्त्री और पुरुष दोनों ने उसे जो प्रोत्साहन दिया और प्रोत्साहन दिया, वह इस नतीजे पर पहुँची कि गर्भनिरोधक दवाओं को एक चिकित्सीय आवश्‍यकता समझा जाना चाहिए ।",ᱠᱩᱲᱤ ᱟᱨ ᱠᱚᱲᱟ ᱵᱟᱨᱭᱟ ᱦᱚᱲ ᱛᱮ ᱩᱱᱠᱩ ᱵᱷᱮᱡᱟ ᱠᱟᱱ ᱦᱮᱸᱥᱟᱨᱤ ᱴᱤᱯᱬᱤ ᱟᱨ ᱯᱨᱚᱛᱥᱟᱦᱟᱹᱱ ᱨᱮᱭᱟᱜ ᱵᱷᱤᱲ ᱞᱟᱹᱜᱩᱫ ᱩᱱᱤ ᱟᱱᱟ ᱴᱷᱟᱶ ᱨᱮ ᱴᱷᱟᱹᱣᱠᱟᱹ ᱠᱮᱜᱼᱟᱭ ᱡᱮ ᱜᱚᱨᱵᱱᱤᱨᱚᱫ ᱨᱟᱱ ᱫᱟ ᱢᱤᱫᱴᱟᱹᱝ ᱯᱷᱟᱨᱪᱟᱜ ᱞᱟᱹᱜᱤᱫ ᱡᱟᱹᱨᱩᱲ ᱜᱮ ᱢᱟᱱᱟᱣᱜᱼᱟ᱾
133,"जब घायल लोगों को अस्पताल ले जाया गया, तो करीब 40 दूसरे कैदी जेल में रहे और उन्होंने अपनी कोशिकाओं में वापस आने से इनकार कर दिया ।","ᱚᱠᱟ ᱡᱷᱚᱜ ᱫᱟᱠᱛᱚᱨᱠᱷᱟᱱᱟ ᱤᱫᱤ ᱠᱟᱛᱮ ᱛᱟᱯᱟᱢ ᱠᱚ ᱵᱚᱸᱫ ᱦᱩᱭ ᱮᱱᱟ, ᱛᱚ ᱵᱟᱧᱪᱟᱣ ᱠᱟᱱ ᱔᱐ ᱴᱤ ᱜᱟᱱ ᱮᱴᱟᱜ ᱠᱚᱭᱫᱤ ᱭᱟᱰ ᱨᱮ ᱛᱟᱦᱮᱸ ᱮᱱᱟ ᱠᱚ ᱟᱨ ᱟᱠᱚᱣᱟᱜ ᱵᱤᱵᱷᱟᱜᱽ ᱛᱮ ᱪᱟᱞᱟᱣ ᱠᱚ ᱢᱟᱱᱟ ᱠᱮᱜᱼᱟ᱾"
134,"नेदरलैंड्‌स ने स्थिति को सुधारने की कोशिश की, लेकिन क़ैदी की मांग स्पष्ट नहीं हैं.","ᱜᱟᱞᱢᱟᱨᱟᱣᱤᱭᱟᱹ ᱥᱛᱤᱛᱷᱤ ᱥᱩᱫᱷᱨᱟᱹᱣ ᱞᱟᱹᱜᱤᱫ ᱪᱮᱥᱴᱟ ᱠᱮᱜᱼᱟ ᱠᱚ, ᱦᱮᱞᱮ ᱠᱚᱭᱫᱤᱠᱚᱣᱟᱜ ᱠᱚᱭ ᱵᱟᱭ ᱴᱷᱟᱹᱣᱠᱟᱹ ᱞᱮᱱᱟ᱾"
135,"10: 00-11: 00 बजे, आँगन में कैदियों द्वारा आग शुरू की गई थी.",ᱧᱤᱱᱫᱟᱹ ᱑᱐:᱐᱐ pm ᱵᱟᱡᱮ ᱠᱷᱚᱱ ᱑᱑:᱐᱐ pm ᱫᱷᱟᱹᱵᱤᱡ MDT ᱨᱮ ᱠᱚᱭᱫᱤ ᱠᱚ ᱭᱟᱰ ᱟᱛᱟᱨ ᱟᱫᱟ ᱠᱚ᱾
136,"कुछ ही समय बाद, अधिकारियों ने घर के आँगन में प्रवेश किया और कैदियों को गैस से उड़ा दिया ।","ᱞᱚᱜᱚᱱ ᱜᱮ, ᱫᱟᱝᱜᱟ ᱛᱮ ᱯᱩᱨᱟᱹᱣ ᱠᱟᱱ ᱚᱫᱷᱤᱠᱟᱹᱨᱤ ᱠᱚ ᱭᱟᱰ ᱨᱮ ᱵᱚᱞᱚ ᱮᱱᱟ ᱠᱚ ᱟᱨ ᱠᱚᱭᱫᱤ ᱠᱚ ᱢᱮᱫᱼᱫᱟᱜᱼᱡᱚᱨᱚ ᱜᱮᱭᱟᱥ ᱛᱮ ᱜᱷᱮᱨᱟᱣ ᱠᱮᱫ ᱠᱚᱣᱟ ᱠᱚ᱾"
137,आग से बचाव दल आख़िर में ११: ३५ pm द्वारा आग का प्रयोग करते हैं ।,ᱫᱚᱢᱠᱚᱞ ᱠᱟᱹᱢᱤᱭᱟ ᱠᱚ ᱟᱠᱷᱨᱤ ᱧᱤᱸᱫᱟ ᱑᱑:᱓᱕ pm ᱵᱟᱡᱟ ᱦᱟᱹᱵᱤᱡ ᱥᱮᱸᱜᱮᱞ ᱠᱚ ᱥᱟᱢᱵᱽᱲᱟᱣ ᱠᱮᱫᱟ᱾
138,"सन्‌ 1963 में बाँध बनाने के बाद, नदी में बाढ़ आने लगी ।","᱑᱙᱖᱓ ᱨᱮ ᱵᱟᱸᱫᱷ ᱵᱮᱱᱟᱣ ᱛᱟᱭᱚᱢ, ᱥᱤᱡᱚᱱ ᱵᱟᱱ ᱫᱟᱜ ᱡᱟᱦᱟᱸ ᱫᱚ ᱯᱩᱨᱟ ᱱᱟᱹᱭ ᱨᱮ ᱪᱷᱟᱪᱷᱟᱞᱠᱟᱜ ᱪᱷᱟᱹᱨᱭᱟᱹᱣ ᱛᱟᱦᱮᱸ ᱠᱟᱱᱟ, ᱨᱚᱠᱟᱣ ᱫᱚᱦᱚ ᱛᱟᱦᱮ ᱠᱟᱱᱟ᱾"
139,इस वजह से रेत के किनारे और समुद्र - तट बनाने के लिए ज़रूरी था कि वे जंगली जीव - जंतुओं की देखभाल करें ।,"ᱱᱚᱶᱟ ᱛᱚᱞᱪᱷᱟᱴ ᱥᱮᱱᱰᱵᱟᱨ ᱟᱨ ᱫᱚᱨᱭᱟ ᱛᱚᱴ ᱛᱮᱭᱟᱨ ᱞᱟᱹᱜᱩᱫ ᱡᱟᱹᱨᱩᱲ ᱜᱮ ᱛᱟᱦᱮᱸ ᱠᱟᱱᱟ, ᱚᱠᱚᱭ ᱫᱚ ᱣᱚᱱᱡᱤᱣᱚᱱ ᱨᱮᱭᱟᱜ ᱟᱣᱟᱥ ᱨᱩᱯ ᱨᱮ ᱠᱟᱹᱢᱤ ᱠᱚᱨᱟᱣᱟ ᱠᱚ᱾"
140,"इसके परिणामस्वरूप, दो मछलियाँ लुप्त हो गयी हैं, और दो अन्य जाति ख़तरे में हो गयी हैं, जिस में शुतुरमुग भी शामिल है ।","ᱛᱮᱞᱟ ᱞᱮᱠᱷᱟᱛᱮ, ᱵᱟᱨᱭᱟ ᱦᱟᱹᱠᱩ ᱡᱟᱹᱛᱤ ᱡᱤᱱ ᱵᱤᱞᱩᱯᱛ ᱮᱱᱟ ᱠᱤᱱ, ᱟᱨ ᱵᱟᱨᱭᱟ ᱠᱤᱱ ᱞᱤᱯᱛ ᱮᱱᱟ,‌ ᱡᱟᱦᱟᱸᱭ ᱨᱮ ᱫᱚ ᱦᱮᱢᱯᱵᱮᱠ ᱪᱟᱹᱵ ᱦᱚᱸ ᱛᱟᱦᱮᱸ ᱠᱟᱱᱟᱭ᱾"
141,"हालाँकि बाढ़ के बाद पानी का स्तर केवल कुछ चरण ही उठ जाएगा, अधिकारियों को आशा है कि रेत के भंवरों को ठीक करने के लिए पर्याप्त होगा ।","ᱦᱮᱞᱮ ᱵᱟᱱ ᱡᱷᱚᱜ ᱠᱷᱟᱹᱞᱤ ᱛᱤᱱᱟᱹᱜ ᱯᱷᱩᱴ ᱜᱟᱱ ᱥᱛᱚᱨ ᱰᱷᱮᱨᱚᱜᱼᱟ, ᱚᱫᱷᱤᱠᱟᱹᱨᱤ ᱠᱚ ᱴᱷᱟᱹᱣᱠᱟᱹ ᱮᱫᱟ ᱚᱱᱟ ᱞᱟᱛᱟᱨ ᱥᱮᱫ ᱢᱮᱴᱟᱣ ᱦᱩᱭ ᱠᱟᱱ ᱥᱮᱸᱰᱵᱟᱨ ᱠᱚ ᱵᱚᱦᱟᱞ ᱠᱚᱨᱟᱣ ᱨᱮ ᱠᱟᱹᱢᱤ ᱮᱢᱟᱭ᱾"
142,"कोई चेतावनी जारी नहीं की गयी है, और यास्ताभिकेशन के अनुसार, कोई चेतावनी नहीं दी जाएगी क्योंकि भूकंप ने ६.५ माँग नहीं की थी ।","ᱪᱮᱫ ᱦᱚᱸ ᱚᱱᱠᱟ ᱥᱩᱱᱟᱢᱤ ᱪᱮᱛᱟᱣᱟᱱᱤ ᱵᱟᱭ ᱡᱟᱨᱤ ᱟᱠᱟᱫᱼᱟ, ᱟᱨ ᱡᱟᱠᱟᱨᱛᱟ ᱵᱷᱩᱵᱚᱣᱛᱤᱠ ᱮᱡᱮᱱᱥᱤ ᱟᱜ ᱞᱮᱠᱟᱛᱮ, ᱚᱠᱟ ᱜᱮ ᱥᱩᱱᱟᱢᱤ ᱨᱮᱱᱟᱜ ᱪᱮᱛᱟᱣᱟᱱᱤ ᱡᱟᱨᱤ ᱵᱟᱝ ᱦᱩᱭᱩᱜᱼᱟ ᱪᱮᱫᱟᱜ ᱥᱮ ᱚᱛ ᱦᱤᱞᱟᱹᱣᱜ ᱨᱮᱱᱟᱜ ᱧᱤᱨ ᱖.᱕ ᱨᱮᱱᱟᱜ ᱞᱟᱹᱠᱛᱤ ᱵᱟᱝ ᱯᱩᱨᱟᱹᱜ ᱠᱟᱱ ᱛᱟᱦᱮᱱᱟ᱾"
143,"इसके बावजूद, लोगों ने डर के मारे अपने कारोबार और घर छोड़कर जाने लगे ।","ᱥᱩᱱᱟᱢᱤ ᱨᱮᱱᱟᱜ ᱪᱮᱫ ᱦᱚᱸ ᱵᱚᱛᱚᱨ ᱵᱟᱝ ᱠᱟᱛᱮ, ᱛᱟᱦᱮᱱᱟᱱ ᱠᱚ ᱫᱚ ᱦᱚᱨᱚᱵᱚᱨᱚ ᱠᱚ ᱮᱛᱚᱦᱚᱵ ᱠᱮᱫᱼᱟ ᱟᱨ ᱟᱯᱱᱟᱨ ᱚᱲᱟᱜ ᱟᱨ ᱠᱟᱹᱢᱤ ᱫᱚ ᱠᱚ ᱤᱠᱟᱹ ᱠᱮᱫᱼᱟ᱾"
144,"हालाँकि विनी को उसकी पीठ में फाड़ दिया गया था, उसने अपने प्रशंसकों के लिए यह स्पष्ट कर दिया कि वह वापस हो जाएगा।","ᱦᱩᱭ ᱫᱟᱲᱮᱭᱟᱜᱼᱟ ᱣᱤᱱᱯᱷᱨᱮ ᱟᱜ ᱵᱤᱫᱟᱹᱭ ᱨᱮ ᱢᱮᱫ ᱫᱟᱜ ᱡᱚᱨᱚᱜ ᱠᱟᱱ ᱛᱟᱦᱮᱱᱟ, ᱢᱮᱱᱠᱷᱟᱱ ᱩᱱᱤ ᱫᱚ ᱟᱡᱟᱜ ᱯᱨᱚᱥᱟᱸᱥᱚᱠ ᱟᱜ ᱥᱚᱫᱚᱨ ᱦᱩᱭ ᱮᱱᱟ ᱡᱮ ᱩᱱᱤ ᱨᱩᱣᱟᱹᱲ ᱟᱭ᱾"
145,यह अलविदा नहीं होने जा रहा है ।,"⁣⁣""ᱱᱩᱭ ᱵᱤᱫᱟᱹᱭ ᱞᱟᱹᱜᱤᱫ ᱫᱚ ᱵᱟᱭ ᱥᱮᱱᱚᱜ ᱠᱟᱱᱟ᱾ ᱱᱩᱭ ᱫᱚ ᱢᱤᱫ ᱥᱟᱦᱴᱟ ᱵᱚᱸᱫᱽ ᱠᱟᱛᱮ ᱱᱟᱶᱟ ᱴᱟᱜ ᱮ ᱡᱷᱤᱡ ᱮᱫᱼᱟ᱾"""
146,"नामीबिया के राष्ट्रपति और संसद चुनावों के अंतिम परिणाम दिखाते हैं कि इस आधारभूत राष्ट्रपति, हाइकिइक पोम्पबा, एक बड़े हाशिया द्वारा फिर से चयनित किया गया है।","ᱱᱟᱢᱤᱵᱤᱭᱟ ᱨᱤᱱ ᱯᱟᱨᱥᱮᱛ ᱟᱨ ᱥᱚᱸᱥᱫᱤᱭᱚ ᱵᱟᱪᱷᱱᱟᱣ ᱨᱮ ᱢᱩᱪᱟᱹᱫ ᱚᱨᱥᱚᱝ ᱨᱮ ᱥᱚᱸᱠᱮᱛ ᱮᱢ ᱮᱱᱟ ᱡᱮ ᱢᱮᱱᱟᱜ ᱟᱠᱟᱫᱮ ᱯᱟᱨᱥᱮᱛ, ᱦᱤᱯᱷᱤᱠᱮᱯᱩᱱᱮ ᱯᱚᱦᱟᱸᱵᱟ ᱨᱮ ᱢᱟᱨᱟᱝ ᱵᱷᱮᱜᱟᱨ ᱨᱮ ᱫᱚᱦᱲᱟ ᱛᱮ ᱵᱟᱪᱷᱟᱣ ᱦᱩᱭᱮᱱᱟ᱾"
147,"सरकार की पार्टी, दक्षिण पश्चिम अफ्रीका के लोगों के संगठन (SPPO) में भी कुछ चुनावों में शामिल है।","ᱨᱟᱡᱽ ᱮᱫ ᱫᱚᱞ, ᱠᱚᱧᱮ ᱯᱟᱪᱮ ᱟᱯᱷᱨᱤᱠᱟ ᱯᱤᱯᱩᱞᱥ ᱚᱨᱜᱟᱱᱟᱭᱡᱮᱥᱚᱱ (ᱮᱥ.ᱰᱚᱵᱽᱞᱩ.ᱮ.ᱯᱤ.ᱳ) ᱦᱚᱸ ᱥᱚᱝᱥᱚᱫᱽ ᱵᱟᱪᱷᱱᱟᱣ ᱨᱮ ᱵᱚᱦᱩᱢᱚᱛ ᱫᱚᱦᱚ ᱠᱮᱫ ᱜᱮᱭᱟᱭI"
148,इस जगह और दूसरे विमानों को मदद के लिए भेजा गया है ।,ᱜᱟᱴᱷᱵᱟᱸᱫᱷᱟᱱ ᱟᱨ ᱟᱯᱷᱜᱟᱱ ᱥᱮᱱᱤᱠ ᱠᱚ ᱥᱟᱭᱤᱴ ᱨᱮᱱᱟᱜ ᱥᱚᱱᱛᱚᱨᱚᱜ ᱞᱟᱹᱜᱤᱫ ᱡᱟᱭᱜᱟ ᱨᱮ ᱵᱚᱞᱚᱭᱮᱱᱟᱭ ᱟᱨ ᱮᱴᱟᱜ ᱜᱟᱴᱷᱵᱟᱸᱫᱷᱟᱱ ᱵᱤᱢᱟᱱ ᱜᱚᱜᱲᱚ ᱞᱟᱹᱜᱤᱫ ᱮ ᱠᱩᱞ ᱠᱮᱫ ᱠᱚᱣᱟ᱾
149,इस दुर्घटना की वजह से पहाड़ी इलाकों में काफी तबाही मच गयी और माना जाता है कि दुश्‍मन आग का अंजाम हुआ है ।,ᱵᱮᱜᱷᱚᱴᱚᱱ ᱯᱟᱦᱰᱤ ᱮᱞᱟᱠᱟ ᱨᱮ ᱦᱩᱭ ᱞᱮᱱᱟ ᱟᱨ ᱢᱮᱱᱟᱠᱚ ᱚᱱᱟ ᱫᱚ ᱵᱚᱭᱮᱨ ᱞᱟᱹᱜᱤᱫ ᱚᱝᱠᱟ ᱠᱟᱨᱟᱣ ᱨᱮᱭᱟᱜ ᱯᱤᱴᱟᱹᱣ ᱠᱟᱱᱟ᱾
150,दुर्घटना स्थल की खोज करने के प्रयास बुरे मौसम और कठोर क्षेत्रों से मिलते हैं ।,ᱠᱷᱟᱨᱟᱯ ᱯᱟᱜᱚ ᱟᱨ ᱠᱩᱴᱷᱤᱱ ᱡᱟᱭᱜᱟ ᱠᱚᱨᱮ ᱠᱷᱚᱱ ᱵᱮᱜᱷᱚᱴᱚᱱ ᱡᱟᱭᱜᱟ ᱨᱮᱭᱟᱜ ᱯᱟᱱᱛᱮ ᱪᱟᱹᱞᱩ ᱯᱨᱚᱭᱟᱥ ᱟᱠᱟᱱᱟI
151,डॉक्टर मैनगोला कहते हैं कि यह देश में सबसे बदतर बढ़ोतरी है ।,"ᱢᱮᱰᱤᱠᱟᱞ ᱪᱮᱨᱤᱴᱤ ᱢᱚᱝᱜᱚᱞᱟ, ᱢᱮᱰᱤᱥᱤᱱᱥ ᱥᱟᱱᱥ ᱯᱷᱨᱳᱱᱴᱤᱭᱚᱨᱥ ᱟᱨ ᱡᱮᱜᱮᱛ ᱦᱚᱲᱢᱚᱱ ᱥᱟᱶᱟᱨ ᱥᱮᱢᱞᱮᱫ ᱣᱟᱜ ᱢᱮᱱ ᱠᱟᱱᱟ ᱡᱮ ᱱᱚᱣᱟ ᱫᱤᱥᱚᱢ ᱨᱮ ᱞᱮᱠᱷᱟ ᱟᱠᱟᱱ ᱡᱚᱛᱚ ᱠᱷᱚᱱ ᱵᱟᱹᱲᱤᱡ ᱚᱨᱥᱚᱝ ᱯᱟᱲᱟᱣ ᱟᱠᱟᱱᱟI"
152,"मेग्ननस से पूछा: ""आगोला अपनी सबसे बुरी वृद्धि के लिए जा रहा है और स्थिति अंगोला में बहुत बुरा रहता है,"" उन्होंने कहा.","ᱢᱮᱰᱤᱥᱤᱱ ᱥᱮᱱᱥ ᱯᱨᱟᱸᱴᱤᱭᱚᱨ ᱨᱮᱱ ᱯᱨᱟᱣᱟᱠᱛᱟ ᱨᱤᱪᱟᱨᱰ ᱣᱤᱨᱢᱮᱱ ᱮ ᱢᱮᱱ ᱠᱮᱫᱟᱭ: ""ᱟᱸᱜᱚᱞᱟ ᱟᱡᱛᱮ ᱡᱚᱛᱚ ᱠᱷᱚᱱᱟᱜ ᱵᱟᱹᱲᱤᱡ ᱯᱨᱟᱠᱚᱯ ᱛᱮ ᱞᱟᱦᱟᱜ ᱠᱟᱱᱟᱭ ᱟᱨ ᱟᱸᱜᱚᱞᱟ ᱨᱮ ᱥᱤᱪᱣᱮᱥᱚᱱ ᱟᱹᱰᱤ ᱵᱟᱹᱲᱤᱡ ᱢᱮᱱᱟᱜᱼᱟ,"" ᱩᱱᱤ ᱢᱮᱱ ᱠᱮᱫᱟᱭ᱾"
153,"खेल १०:०० बजे बड़ा मौसम के साथ बाहर लात मारी और मध्य सुबह की फुहार के अलावा जो जल्दी साफ कर दिया, यह 7 के rugart के लिए एक अच्छा दिन था.","ᱠᱷᱮᱞ ᱠᱚᱫᱚ ᱑᱐:᱐᱐ ᱵᱟᱡᱮ ᱠᱷᱚᱱ ᱵᱮᱥ ᱯᱟᱜᱚ ᱥᱟᱞᱟᱜ ᱮᱦᱚᱵ ᱞᱮᱱᱟ ᱟᱨ ᱛᱟᱞᱟ ᱵᱟᱹᱥᱭᱟᱹᱢ ᱛᱮ ᱡᱷᱤᱯᱤᱨ ᱫᱟᱜ ᱡᱟᱹᱲᱤᱛᱮ ᱞᱚᱜᱚᱱ ᱜᱮ ᱥᱟᱯᱷᱟ ᱮᱱᱟ, ᱱᱚᱣᱟ ᱫᱚ ᱗'ᱟᱱᱟᱜ ᱨᱳᱜᱽᱵᱤ ᱞᱟᱹᱜᱤᱫ ᱵᱮᱥ ᱫᱤᱱ ᱛᱟᱦᱮᱸ ᱠᱟᱱᱟ।"
154,दक्षिण अफ्रीका के सबसे ऊँचे बीजों ने सही नोट किया जब उन्हें ५वीं वंश के विरुद्ध ५.०० - ०० जीतने के लिए एक आराम से २६ - ०० जीतने का मौक़ा मिला ।,ᱴᱩᱨᱢᱟᱢᱮᱸᱴ ᱨᱮᱭᱟᱜ ᱪᱚᱴᱟᱛ ᱚᱨᱡᱚ ᱠᱚᱨᱮ ᱫᱚᱠᱷᱤᱬ ᱟᱯᱷᱨᱤᱠᱟ ᱫᱚ ᱵᱷᱟᱹᱜᱤ ᱮᱦᱚᱵ ᱞᱮᱫᱼᱟᱭ ᱩᱱᱡᱷᱚᱜ ᱩᱱᱠᱩ ᱫᱚ ᱕ ᱟᱱᱟᱜ ᱡᱤᱛᱟᱠᱟᱹᱨ ᱡᱤᱢᱵᱟᱣᱮ ᱥᱟᱶ ᱥᱚᱦᱚᱡᱽ ᱒᱖ - ᱐᱐ ᱥᱟᱶᱛᱮ ᱡᱤᱛᱠᱟᱹᱨ ᱞᱮᱱᱟ ᱠᱚ।
155,"उनकी दक्षिणी बहनों के विरुद्ध खेल में देखते हुए, दक्षिण अफ्रीका में धीरे - धीरे सुधार हुआ ।",ᱟᱠᱚ ᱨᱤᱱ ᱠᱚᱧᱮ ᱟᱯᱷᱨᱤᱠᱟ ᱵᱩᱦᱤᱱᱠᱚ ᱦᱮᱯᱮᱨᱤᱭᱟᱹᱣ ᱠᱷᱮᱞ ᱨᱮ ᱴᱷᱟᱹᱣᱠᱟᱹ ᱠᱚᱞᱚᱝᱠᱚ ᱧᱮᱞᱚᱜ ᱠᱟᱱ
156,"उनकी रक्षा द्वारा रक्षा, गेंद कौशल और उत्कृष्ट टीम के काम को नियंत्रित करने के लिए उन्हें बाहर खड़े किया गया और यह स्पष्ट था कि यह टीम हरा करने के लिए थी ।","ᱩᱱᱤᱭᱟᱜ ᱚᱱᱩᱥᱟᱥᱤᱛ ᱨᱚᱠᱷᱥᱭᱟ, ᱵᱚᱞ ᱩᱠᱩ ᱥᱠᱤᱞ ᱟᱨ ᱥᱟᱨᱦᱟᱣ ᱴᱤᱢ ᱞᱟᱹᱜᱤᱫ ᱡᱷᱚᱛᱚ ᱠᱷᱚᱱ ᱵᱮᱥ ᱛᱟᱦᱮᱸ ᱠᱟᱱᱟ ᱟᱨ ᱚᱱᱟ ᱴᱤᱢ ᱢᱟᱛ ᱮᱢ ᱞᱟᱹᱜᱤᱫ ᱴᱷᱟᱹᱣᱠᱟ ᱞᱮᱱᱟ᱾"
157,एमस्टरस्टरस्टर शहर और ऐन फ्रैंक पार्क राज्य के अधिकारी कहते हैं कि पेड़ एक मौज - मस्ती से जुड़ा हुआ है और यह पेड़ एक आम स्वास्थ्य ख़तरा बना देता है ।,ᱟᱢᱥᱴᱚᱨᱰᱟᱢ ᱥᱚᱦᱚᱨ ᱟᱨ ᱟᱱᱱᱮ ᱯᱷᱨᱟᱸᱠ ᱥᱚᱝᱜᱨᱚᱦᱟᱲᱚᱭ ᱨᱤᱱ ᱚᱫᱷᱤᱠᱟᱨᱤ ᱠᱚᱣᱟᱜ ᱢᱮᱱ ᱛᱟᱦᱮᱸ ᱠᱟᱱᱟ ᱡᱮ ᱫᱟᱨᱮ ᱢᱤᱫ ᱜᱩᱢᱟᱹ ᱛᱮ ᱥᱚᱝᱠᱨᱚᱢᱤᱛ ᱟᱠᱟᱱᱟ ᱟᱨ ᱥᱟᱱᱟᱢ ᱱᱤᱯᱷᱩᱴ ᱥᱤᱫ ᱞᱟᱹᱜᱤᱫ ᱵᱚᱛᱚᱨ ᱨᱮᱭᱟᱜ ᱠᱟᱛᱷᱟ ᱠᱟᱱᱟ ᱪᱮᱫᱟᱜ ᱥᱮ ᱩᱱᱠᱩᱣᱟᱜ ᱛᱚᱨᱠᱚ ᱠᱟᱱᱟ ᱡᱮ ᱚᱱᱟ ᱫᱟᱨᱮ ᱫᱚ ᱵᱷᱤᱸᱫᱟᱹᱲ ᱫᱟᱲᱮᱭᱟᱜᱼᱟI
158,"यह तय किया गया था कि मंगलवार को काट दिया जाए, लेकिन एक आपातकालीन अदालत के फैसले के बाद बच जाएगा ।","ᱵᱟᱞᱮ ᱢᱟᱦᱟᱸ ᱦᱤᱞᱚᱜ ᱱᱚᱶᱟ ᱠᱚᱴᱣᱟ ᱨᱮᱭᱟᱜ ᱠᱟᱹᱢᱤᱥᱟᱲᱟ ᱛᱟᱦᱮᱸ ᱠᱟᱱᱟ, ᱢᱮᱱᱠᱷᱟᱱ ᱚᱫᱟᱞᱚᱛ ᱨᱮᱭᱟᱜ ᱢᱤᱫᱴᱟᱹᱝ ᱟᱯᱟᱛᱠᱟᱞᱤᱱ ᱯᱷᱮᱥᱞᱟ ᱦᱩᱭᱮᱱ ᱛᱟᱭᱚᱢ ᱱᱟᱶᱟ ᱫᱚ ᱵᱟᱧᱪᱟᱣ ᱫᱟᱦᱚ ᱦᱩᱭ ᱮᱱᱟ᱾"
159,"सभी गुफा प्रवेश द्वार, जो ""सात बहनें"" नाम से लिए गए थे, व्यास में कम से कम 100 मीटर (3 से 820 फीट) हैं।","ᱡᱷᱚᱛᱚ ᱜᱷᱚᱝᱜᱚᱨ ᱫᱩᱣᱟᱹᱨ, ᱡᱟᱦᱟᱸ ᱫᱚ ᱫᱚ ᱥᱮᱵᱷᱮᱱ ᱥᱤᱥᱴᱚᱨ"" ᱠᱚ ᱧᱩᱢ ᱟᱠᱟᱫᱟ, ᱚᱱᱟ ᱠᱚᱨᱮᱱᱟᱜ ᱰᱟᱭᱢᱤᱴᱚᱨ ᱫᱚ ᱚᱛᱤ ᱠᱚᱢᱨᱮ ᱑᱐᱐ ᱠᱷᱚᱱ ᱒᱕᱐ ᱢᱤᱴᱚᱨ (᱓᱒᱘ ᱠᱷᱚᱱ ᱘᱒᱐ ᱯᱷᱩᱴ) ᱦᱩᱭᱩᱜᱼᱟ᱾"
160,इन्फ्रारेड छवियों से पता चलता है कि रात - दिन तापमान अलग - अलग होता है ।,ᱤᱱᱯᱷᱨᱟᱨᱮᱰ ᱪᱤᱛᱟᱹᱨ ᱛᱮ ᱴᱷᱤᱠᱟᱹᱜ ᱠᱟᱱᱟ ᱡᱮ ᱥᱤᱧ ᱟᱨ ᱧᱤᱫᱟᱹ ᱨᱮᱭᱟᱜ ᱛᱟᱯᱢᱟᱱ ᱚᱫᱚᱞᱵᱚᱫᱚᱞ ᱛᱮ ᱴᱷᱤᱠᱟᱹᱜ ᱠᱟᱱᱟ ᱡᱮ ᱱᱚᱣᱟ ᱠᱚᱫᱚ ᱜᱷᱚᱝᱜᱚᱨ ᱠᱟᱱᱟ᱾
161,वे दिन में चारों ओर की सतह से ज़्यादा गर्म हैं और रात में गर्म हैं ।,ᱩᱱᱠᱩ ᱫᱚ ᱫᱤᱱ ᱵᱮᱲᱟ ᱟᱠᱚ ᱥᱩᱨ ᱥᱩᱯᱩᱨ ᱥᱚᱨᱯᱷᱮᱥ ᱠᱷᱚᱱ ᱨᱮᱭᱟᱲ ᱟᱨ ᱧᱤᱫᱟᱹ ᱫᱚ ᱩᱨᱜᱩᱢ ᱠᱚ ᱛᱟᱦᱮᱱ ᱠᱟᱱᱟ᱾
162,"अमरीका के जीव - वैज्ञानिक सर्वे (SSSSSS) के ग्लैडियेटर (SSSS) ने कहा कि इन्हें पृथ्वी पर एक बहुत ही बड़ी गुफा के रूप में बनाए रखना चाहिए, लेकिन यह पृथ्वी के गहरे छेदों से मेल खाता है ।","⁣""ᱟᱠᱚᱣᱟᱜ ᱛᱷᱟᱹᱨᱢᱟᱹᱞ ᱵᱮᱵᱷᱟᱨ ᱫᱷᱟᱹᱨᱛᱤ ᱪᱮᱛᱟᱱ ᱨᱮ ᱢᱟᱨᱟᱝ ᱜᱩᱯᱷᱟᱹ ᱩᱱᱟᱹᱝ ᱵᱟᱭ ᱢᱟᱨᱟᱝᱼᱟ, ᱟᱠᱟ ᱠᱚ ᱥᱛᱷᱤᱨ ᱛᱟᱯ ᱠᱚ ᱫᱚᱦᱚᱭᱟ,"" ᱦᱮᱞᱮ ᱱᱟᱶᱟ ᱚᱛ ᱨᱮ ᱜᱟᱹᱦᱤᱨ ᱵᱷᱩᱜᱟᱹᱜ ᱦᱩᱭᱩᱜ ᱨᱮᱭᱟᱜ ᱠᱟᱱᱟ, ᱭᱩᱱᱟᱭᱴᱮᱰ ᱥᱴᱮᱴᱥ ᱡᱤᱭᱚᱞᱚᱡᱤᱠᱥ ᱥᱟᱹᱨᱣᱮ (USGS) ᱮᱥᱴᱨᱚᱡᱤᱭᱚᱞᱚᱡᱤ ᱫᱚᱞ ᱟᱨ ᱮᱛᱚᱢ ᱨᱤᱱ ᱜᱞᱮᱱ ᱠᱤᱥᱤᱝ ᱢᱮᱱ ᱠᱮᱜᱼᱟᱭ᱾ ᱮᱨᱤᱡᱟᱱᱟ ᱡᱮᱜᱮᱛ ᱵᱤᱨᱫᱟᱹᱜᱟᱹᱲ ᱯᱷᱞᱮᱜᱥᱴᱚᱯ, ᱮᱨᱤᱡᱚᱱᱟ ᱨᱮ ᱢᱮᱱᱟᱜᱼᱟ᱾"
163,"फ्रांस में वोट देने का चलन आम तौर पर कम हो गया है: अपने आप को एक दृश्य में अलग रखते हैं, कागज का एक पूर्वनिर्धारित शीट डाल दिया एक लिफाफा में उनके चुनाव के उम्मीदवार को सूचित करने में.","ᱯᱷᱨᱟᱱᱥ ᱨᱮ, ᱵᱷᱳᱴ ᱮᱢ ᱫᱚ ᱢᱤᱫ ᱞᱚᱼᱴᱮᱠ ᱟᱹᱭᱠᱟᱹᱣ ᱠᱟᱱᱟ: ᱵᱷᱳᱴᱟᱨ ᱢᱤᱫ ᱵᱩᱛᱷ ᱨᱮ ᱟᱡ ᱮᱠᱞᱟ ᱨᱮᱭ ᱚᱪᱚᱜᱚᱜᱼᱟ, ᱢᱤᱫ ᱠᱷᱟᱢ ᱨᱮ ᱟᱡ ᱨᱮᱱ ᱠᱩᱥᱤᱭᱤᱡ ᱠᱮᱱᱰᱤᱰᱮᱴ ᱩᱫᱩᱜ ᱠᱟᱛᱮ ᱢᱤᱫ ᱞᱟᱦᱟᱸ ᱠᱷᱚᱱ ᱪᱷᱟᱯᱟ ᱠᱟᱜᱚᱡᱽ ᱨᱮᱭ ᱫᱚᱦᱚᱭᱟ᱾"
164,"अधिकारियों ने वोटर की पहचान की पुष्टि करने के बाद, वोट देनेवाले ने लिफाफा को गेंद के बॉक्स में और वोट के चिह्नों को भेज दिया।","ᱟᱫᱷᱤᱠᱟᱨᱤ ᱠᱚ ᱦᱚᱛᱮᱛᱮ ᱵᱷᱚᱴ ᱨᱮᱱᱟᱜ ᱩᱯᱨᱩᱢ ᱯᱨᱩᱵᱷ ᱞᱟᱹᱜᱤᱫ ᱚᱱᱟ ᱛᱟᱭᱚᱢ, ᱵᱷᱚᱴ ᱞᱤᱯᱷᱟᱯᱷᱟ ᱫᱚ ᱵᱷᱚᱴᱯᱮᱴᱤ ᱨᱮ ᱤᱠᱟᱹ ᱠᱟᱜᱼᱟ ᱟᱨ ᱵᱷᱚᱴ ᱛᱟᱞᱠᱟᱹ ᱨᱮ ᱥᱩᱦᱤ ᱦᱩᱭᱩᱜᱼᱟ᱾"
165,फ्रांसीसी चुने गए कानून के बजाय निश्‍चित रूप से कार्यवाहीों को समर्थन देते हैं ।,ᱯᱷᱨᱟᱱᱥᱤᱥᱤ ᱪᱩᱱᱟᱣ ᱠᱟᱱᱩᱱ ᱠᱟᱨᱭᱟᱣᱟᱦᱤ ᱫᱚ ᱥᱚᱠᱷᱛᱤ ᱠᱷᱚᱱ ᱥᱟᱸᱦᱤᱛᱟᱵᱟᱫᱽ ᱮᱫᱟᱭ᱾
166,"सन्‌ 1988 से, गेंद के बक्से पारदर्शी होना चाहिए ताकि जनता और दर्शकों को गवाही दे सकें कि वोट की शुरूआत में कोई लिफाफा मौजूद नहीं है ।","᱑᱙᱘᱘ ᱠᱷᱚᱱ, ᱵᱷᱚᱴᱯᱮᱴᱤ ᱫᱚ ᱯᱟᱨᱫᱟᱨᱥᱤ ᱦᱩᱭᱩᱜ ᱞᱟᱹᱠᱛᱤᱭᱟ ᱡᱮᱢᱚᱱ ᱵᱷᱚᱴ ᱮᱢᱟᱱ ᱠᱚ ᱟᱨ ᱯᱟᱨᱭᱣᱮᱪᱷᱟᱠ ᱱᱚᱶᱟ ᱧᱮᱞ ᱫᱟᱲᱮᱭᱟᱜᱼᱟ ᱡᱮ ᱵᱷᱚᱴ ᱨᱮᱱᱟᱜ ᱮᱛᱚᱦᱚᱵ ᱨᱮ ᱡᱟᱦᱟᱱ ᱞᱤᱯᱷᱟᱯᱷᱟ ᱮᱢᱟᱱ ᱵᱟᱹᱱᱩᱜ ᱟᱨ ᱵᱤᱫᱷᱤᱣᱟᱛ ᱞᱮᱠᱷᱟ ᱟᱨ ᱟᱫᱷᱤᱠᱮᱤᱛ ᱵᱷᱚᱴ ᱮᱢᱟᱱ ᱠᱷᱚᱱ ᱮᱴᱟᱜ ᱞᱤᱯᱷᱟᱯᱷᱟ ᱵᱟᱝ ᱤᱠᱟᱹ ᱟᱠᱟᱱᱟ᱾"
167,"इसके अलावा, यह भी बताया गया है कि कौन - से कदम उठाए जा सकते हैं और कौन - से कदम उठाए जाएँगे ।","ᱩᱢᱢᱤᱫᱽᱣᱟᱛ ᱯᱨᱚᱠᱨᱤᱭᱟ ᱨᱮᱱᱟᱜ ᱥᱟᱱᱟᱢ ᱦᱟᱹᱴᱤᱧ ᱧᱮᱞ ᱞᱟᱹᱜᱤᱫ ᱛᱮ ᱯᱨᱚᱛᱤᱱᱤᱫᱷᱤ ᱠᱩᱞ ᱫᱟᱲᱮᱭᱟᱜᱼᱟ᱾ ᱧᱩᱦᱩᱢ ᱫᱚ, ᱵᱤᱥᱮᱥ ᱯᱨᱚᱠᱨᱤᱭᱟ ᱨᱮᱱᱟᱜ ᱯᱟᱞᱚᱱ ᱥᱟᱶ, ᱵᱷᱟᱨᱤ ᱱᱤᱜᱽᱨᱟᱱᱤ ᱨᱮ ᱥᱟᱶᱟᱭᱥᱮᱣᱟᱠ ᱦᱚᱛᱮᱛᱮ ᱵᱷᱚᱴ ᱨᱮᱱᱟᱜ ᱞᱮᱠᱷᱟ ᱦᱩᱭᱩᱜ ᱠᱟᱱᱟ᱾"
168,"AAS ES PAN पीसी, पहले खर्च करने और कार्य विषयों के लिए पूरी दुनिया शुरू किया, 2007 इसे मासिक मासिक में एक गर्म विषय बन गया.","ASUS Eee PC, ᱯᱟᱹᱦᱤᱞ ᱞᱟᱜᱟᱣ-ᱵᱟᱧᱪᱟᱣ ᱟᱨ ᱠᱟᱹᱢᱤ ᱪᱷᱚᱢᱛᱟ ᱠᱟᱨᱚᱠ ᱞᱟᱹᱜᱤᱫ ᱫᱩᱱᱤᱭᱟᱹ ᱵᱷᱩᱨ ᱨᱮ ᱠᱟᱧᱰ ᱦᱩᱭᱩᱜ ᱠᱟᱱ ᱛᱟᱦᱮᱱᱟ, ᱒᱐᱐᱗ ᱛᱟᱭᱤᱯᱮ ᱟᱭᱤᱴᱤ ᱢᱟᱦ ᱨᱮ ᱢᱤᱫ ᱞᱚᱞᱚ ᱥᱟᱛᱟᱢ ᱵᱮᱱᱟᱣ ᱮᱱᱟ᱾"
169,लेकिन लैपटॉप कंप्यूटर पर उपभोक्ताओं को व्यापक रूप से विविध रूप से विभाजित किया जाएगा और इसके बाद AAUS को २०वीं सदी में चीन गणराज्य ऑफ यूमीन द्वारा आयोजित किया गया था.,ᱢᱮᱱᱠᱷᱟᱱ ᱪᱤᱱ ᱦᱚᱲ ᱞᱮᱠᱷᱟ ᱠᱟᱹᱢᱤᱭᱟᱱ ᱭᱩᱣᱟᱱ ᱠᱚ ᱦᱚᱛᱮᱛᱮ ᱒᱐᱐᱗ ᱞᱟᱭᱤᱣᱟᱱ ᱥᱟᱥᱴᱮᱱᱮᱵᱟᱞ ᱥᱤᱨᱯᱷᱟᱹ ᱨᱮ ASUS ᱠᱚ ᱪᱟᱞ ᱠᱮᱫ ᱠᱚ ᱛᱟᱭᱚᱢ ᱞᱮᱯᱴᱚᱯ ᱠᱚᱢᱯᱭᱩᱴᱟᱨ ᱨᱮ ᱩᱯᱵᱷᱳᱠᱛᱟ ᱦᱟᱴ ᱦᱚᱲ ᱠᱚᱣᱟᱜ ᱨᱩᱯ ᱠᱷᱚᱱ ᱵᱷᱮᱫᱽ ᱟᱨ ᱵᱚᱫᱚᱞᱚᱜᱼᱟ᱾
170,"स्टेशन के वेब साइट शो का वर्णन ""एक नए और घृणित girodyring के साथ"" के रूप में करता है।","ᱥᱴᱮᱥᱟᱱ ᱨᱮᱱᱟᱜ ᱣᱮᱵᱽᱥᱟᱭᱤᱢ ᱥᱳ ᱫᱚ ""ᱢᱤᱫ ᱱᱟᱶᱟ ᱟᱨ ᱟᱯᱢᱟᱱᱡᱚᱱᱠᱚ ᱜᱤᱠᱤ ᱥᱯᱤᱱ ᱥᱟᱶ ᱢᱟᱨᱮ ᱟᱥᱲᱟ ᱨᱮᱰᱤᱭᱳ ᱛᱷᱤᱭᱮᱴᱟᱨ!"""
171,"अपने शुरूआत के दिनों में, शो केवल लंबे सफरी इंटरनेट पर दिखाया गया था रेडियो साइट पर, भाषण रेडियो पर एक साइट.","ᱟᱯᱱᱟᱨ ᱮᱛᱚᱦᱚᱵ ᱢᱟᱦᱟᱸ ᱨᱮ, ᱱᱚᱶᱟ ᱥᱳ ᱯᱩᱨᱟᱹᱣ ᱞᱮᱠᱟ ᱠᱷᱚᱱ ᱡᱮᱞᱮᱝ ᱚᱠᱛᱚ ᱠᱷᱚᱱ ᱪᱟᱞᱟᱜ ᱠᱟᱱ ᱤᱱᱴᱟᱨᱱᱮᱴ ᱨᱮᱰᱤᱭᱳ ᱥᱟᱭᱤᱴ TogiNet Radio ᱨᱮ ᱧᱮᱞ ᱞᱮᱱ ᱛᱟᱦᱮᱱᱟ, ᱡᱟᱦᱟᱸ ᱫᱚ ᱴᱚᱞᱠ ᱨᱮᱰᱤᱭᱳ ᱨᱮ ᱥᱮᱱᱴᱟᱨ ᱥᱟᱭᱤᱴ ᱢᱮᱱᱟᱜᱼᱟ᱾"
172,"सन्‌ 2015 के आखिर में, टोरीनेट ने रेडियो को उप - प्रधान स्टेशन के तौर पर स्थापित किया ।","᱒᱐᱑᱕ ᱨᱮᱱᱟᱜ ᱢᱩᱪᱟᱹᱫ ᱨᱮ, ᱴᱚᱜᱤᱱᱮᱴ ᱫᱚ ᱵᱟᱹᱲᱛᱤ ᱮᱥᱴᱨᱚᱱᱮᱴ ᱨᱮᱰᱤᱭᱳ ᱫᱚ ᱢᱤᱫ ᱜᱚᱲᱚᱣᱟᱱ ᱥᱴᱮᱥᱟᱱ ᱨᱩᱯ ᱨᱮ ᱛᱷᱟᱯᱚᱱ ᱦᱩᱭ ᱞᱮᱱ ᱛᱟᱦᱮᱸ ᱠᱟᱱᱟ᱾"
173,"यह दिखाया गया है कि शुरू में टाइटेसिस ध्वनि कर्ता, पूर्वी टेक्सास के स्थानीय.","ᱥᱳ ᱨᱮ ᱢᱩᱞ ᱨᱩᱯ ᱛᱮ ᱥᱮᱭᱠᱤᱭᱟ ᱟᱲᱟᱝ ᱯᱟᱯᱟᱴᱤᱭᱟᱹ ᱠᱚ ᱩᱫᱩᱜ ᱮᱫ ᱛᱟᱦᱮᱱᱟ, ᱡᱟᱦᱟᱸ ᱫᱚ ᱥᱟᱢᱟᱝ ᱴᱮᱠᱥᱟᱥ ᱨᱤᱱ ᱛᱟᱦᱮᱱᱟᱱ ᱠᱚ ᱛᱟᱦᱮᱸ ᱠᱟᱱᱟ᱾"
174,"व्यापक रूप से रिपोर्ट की गई एक रात जारी रही, जैसे कि कानून कवरों की सड़कों पर मौजूद नहीं थे।","ᱠᱚᱛᱷᱤᱛ ᱛᱳᱣᱨ ᱨᱮ ᱣᱭᱟᱯᱚᱠ ᱨᱩᱯ ᱠᱷᱚᱱ ᱞᱩᱴᱯᱟᱴ ᱧᱤᱫᱟᱹ ᱵᱷᱩᱨ ᱡᱟᱨᱤ ᱛᱟᱦᱮᱸᱭᱮᱱᱟ, ᱪᱮᱫᱟᱜ ᱥᱮ ᱠᱟᱱᱩᱱ ᱯᱨᱚᱣᱟᱨᱛᱟᱱ ᱟᱫᱷᱤᱠᱟᱨᱤ ᱵᱤᱥᱠᱮᱠ ᱨᱮᱱᱟᱜ ᱦᱚᱨ ᱨᱮ ᱢᱳᱡᱩᱫᱽ ᱵᱟᱝ ᱛᱟᱦᱮᱸ ᱠᱟᱱᱟ᱾"
175,"एक दर्शक द्वारा ""अमरीकी"" की एक राज्य में डूबने के रूप में कहा गया, लोगों के गिरोह सड़कों पर घूम रहे हैं और उपभोक्ताओं के माल के भंडार.","ᱢᱤᱫ ᱯᱟᱨᱭᱟᱣᱮᱪᱷᱚᱠ ᱦᱚᱛᱮᱛᱮ ᱵᱤᱥᱣᱮᱠᱮᱠ ᱫᱚ ""ᱟᱨᱟᱡᱟᱠᱛᱟ"" ᱨᱮᱱᱟᱜ ᱴᱷᱟᱶ ᱨᱮ ᱰᱩᱵᱩᱡᱚᱜ ᱞᱮᱠᱟᱛᱮ ᱣᱟᱨᱬᱤᱛ ᱦᱩᱭ ᱞᱮᱱᱟ, ᱪᱮᱫᱟᱜ ᱥᱮ ᱦᱚᱲ ᱠᱚ ᱜᱤᱨᱚᱦ ᱦᱚᱨ ᱨᱮ ᱫᱟᱲᱟᱱ ᱠᱟᱱ ᱛᱟᱦᱮᱱᱟ ᱟᱨ ᱩᱳᱵᱷᱳᱠᱛᱟ ᱥᱚᱢᱟᱱ ᱨᱮᱱᱟᱜ ᱫᱩᱞᱟᱹᱱ ᱠᱚ ᱠᱩᱢᱲᱩ ᱮᱫ ᱛᱟᱦᱮᱱᱟ᱾"
176,अनेक तथाकथित निवासियों ने अधर्म के लिए दक्षिण से विरोधियों पर आरोप लगाया ।,ᱛᱤᱱᱟᱹᱜ ᱜᱟᱱ ᱵᱤᱥᱠᱮᱠ ᱛᱟᱦᱮᱸᱱᱟᱱ ᱠᱚ ᱚᱨᱟᱡᱚᱠᱚᱛᱟ ᱞᱟᱹᱜᱤᱫ ᱫᱟᱠᱷᱤᱱ ᱨᱮᱱ ᱯᱨᱚᱫᱚᱨᱥᱚᱱᱣᱤᱭᱟᱹᱠᱚ ᱫᱚᱥ ᱠᱮᱫ ᱠᱚᱣᱟI
177,दक्षिण अफ्रीका (न्यू ज़ीलैंड) ने दक्षिण अफ्रीका के रफ़ॉनबर्ग शहर के रॉयल बीफ़ॉइंग स्टेडियम में एक नौवें स्टेडियम में सभी ब्लैक्स (न्यू ज़ीलैंड) को हरा दिया है ।,ᱫᱟᱠᱷᱤᱬ ᱟᱯᱷᱨᱤᱠᱟ ᱨᱮ ᱫᱟᱠᱷᱤᱱ ᱨᱮᱱᱟᱜ ᱨᱟᱥᱴᱮᱱᱵᱟᱨᱜᱽ ᱨᱮᱱᱟᱜ ᱨᱳᱭᱟᱞ ᱵᱟᱯᱷᱳᱠᱮᱸᱜᱽ ᱥᱴᱮᱰᱤᱭᱟᱢ ᱨᱮ ᱢᱤᱫ ᱨᱟᱜᱽᱵᱤ ᱭᱩᱱᱤᱭᱟᱱ ᱴᱨᱟᱭ ᱱᱮᱥᱟᱱᱥ ᱢᱣᱭᱪ ᱨᱮ ᱟᱹᱞ ᱵᱽᱞᱮᱠᱥ (ᱱᱭᱩᱡᱤᱞᱮᱭᱱᱰ) ᱠᱚ ᱦᱟᱨᱟᱣ ᱠᱮᱫ ᱠᱚᱣᱟ᱾
178,"अंतिम अंक एक- माध्यम विजय था, 21 से 20 तक सभी काला खेल जीतने के लिए।","ᱢᱩᱪᱟᱹᱫ ᱥᱠᱳᱨ ᱒᱑ ᱠᱷᱚᱱ ᱒᱐ ᱦᱟᱹᱵᱤᱡ ᱢᱤᱫ ᱮᱞ ᱡᱤᱛᱠᱟᱹᱨ ᱦᱩᱭ ᱞᱮᱱᱟ, ᱡᱟᱦᱟᱸᱭ ᱟᱹᱞ ᱵᱽᱞᱮᱠᱥ ᱨᱮᱱᱟᱜ ᱑᱕ ᱠᱷᱤᱞᱚᱸᱰ ᱡᱤᱛᱠᱟᱹᱨ ᱟᱱᱟᱜ ᱞᱟᱠᱤᱨ ᱠᱚ ᱪᱟᱵᱟ ᱠᱮᱫᱼᱟ᱾"
179,"वसंत ऋतु के लिए, यह एक पांच metakiked खत्म हो गया.","ᱥᱯᱨᱤᱝᱜᱽᱵᱚᱠᱥ ᱞᱟᱹᱜᱤᱫ, ᱩᱱᱤ ᱫᱚ ᱢᱚᱬᱮ ᱜᱚᱴᱟᱝ ᱢᱮᱭᱪ ᱨᱮᱱᱟᱜ ᱦᱟᱨᱟᱣ ᱨᱮᱱᱟᱜ ᱥᱤᱞᱥᱤᱞᱟ ᱪᱟᱵᱟ ᱦᱩᱭ ᱮᱱᱟ᱾"
180,"यह सब ब्लैक्स के लिए अंतिम मैच था, जो पहले से ही टाइटे को जीत लिया था दो सप्ताह पहले.","ᱱᱚᱶᱟ ᱟᱹᱞ ᱵᱽᱞᱮᱠᱥ ᱞᱟᱹᱜᱤᱫ ᱢᱩᱪᱟᱹᱫ ᱯᱮᱭᱪ ᱛᱟᱦᱮᱸ ᱠᱟᱱᱟ, ᱡᱟᱦᱟᱸ ᱫᱚ ᱯᱟᱹᱦᱤᱞ ᱠᱷᱚᱱ ᱛᱟᱦᱮᱸ ᱠᱟᱱᱟ ᱵᱟᱨ ᱦᱟᱯᱛᱟ ᱞᱟᱦᱟ ᱴᱨᱳᱯᱷᱤ ᱡᱤᱛᱠᱟᱹᱨ ᱦᱩᱭ ᱞᱮᱱᱟ᱾"
181,"अगले हफ्ते, जब वसंत - ऋतु में वसंत - ऋतु में ऑस्ट्रेलिया खेलती है, तब श्रंखला का आखिरी जोड़ एलस पार्क में होगा ।","ᱥᱤᱨᱤᱡᱽ ᱨᱮᱱᱟᱜ ᱯᱷᱟᱭᱱᱟᱞ ᱢᱮᱭᱪ ᱫᱚᱥᱟᱨ ᱦᱟᱯᱛᱟ ᱡᱚᱦᱟᱱᱵᱟᱨᱜᱽ ᱨᱮᱱᱟᱜ ᱮᱞᱤᱥ ᱯᱟᱨᱠ ᱨᱮ ᱦᱩᱭᱩᱜᱼᱟ, ᱡᱚᱠᱷᱚᱱ ᱥᱯᱨᱤᱝᱜᱽᱵᱚᱠᱥ ᱟᱥᱴᱨᱮᱞᱤᱭᱟ ᱠᱷᱚᱱ ᱠᱚ ᱠᱷᱮᱞᱚᱜᱼᱟ᱾"
182,सन्‌ 10:08 पर पश्‍चिम रोईना में एक ज़बरदस्त भूकंप आया ।,ᱯᱚᱪᱷᱤᱢᱤ ᱢᱚᱸᱴᱟᱱᱟ ᱨᱮ ᱧᱤᱫᱟᱹ ᱚᱛᱮ ᱢᱟᱦᱟᱸ ᱦᱤᱞᱚᱜ ᱑᱐:᱐᱘ p.m. ᱴᱟᱲᱟᱝ ᱚᱛ ᱦᱤᱞᱟᱹᱣᱜ ᱠᱟᱱ ᱛᱟᱦᱮᱱᱟ᱾
183,अमरीका के भूविज्ञानिक सर्वे (SSS) और उसके राष्ट्रीय भूकंप जानकारी केंद्र ने जल्द ही नुकसान की कोई रिपोर्ट नहीं दी है ।,ᱥᱮᱞᱮᱫ ᱨᱟᱡᱽᱭᱚ ᱚᱛᱥᱟᱬᱮᱥᱤᱭᱟ ᱥᱚᱨᱵᱮᱪᱷᱚᱱ (ᱭᱩ.ᱮᱥ.ᱡᱤ.ᱮᱥ) ᱟᱨ ᱱᱚᱣᱟ ᱨᱮᱭᱟᱜ ᱡᱟᱹᱛᱤᱭᱟᱹᱨᱤ ᱚᱛ ᱦᱤᱞᱟᱹᱣᱜ ᱠᱷᱚᱵᱚᱨ ᱛᱟᱞᱢᱟ ᱫᱚ ᱵᱟᱹᱲᱤᱡ ᱨᱮᱱᱟᱜ ᱨᱚᱠᱟ ᱟᱭᱢᱟ ᱨᱤᱯᱳᱨᱴ ᱠᱚ ᱵᱟᱝ ᱧᱟᱢ ᱟᱠᱟᱱᱟI
184,भूकंप करीब 15 किलोमीटर की दूरी पर था ।,ᱵᱷᱩᱠᱟᱢᱯ ᱰᱤᱞᱟᱱ ᱨᱮᱱᱟᱜ ᱩᱛᱟᱨ-ᱩᱛᱟᱨ-ᱥᱟᱢᱟᱝ ᱨᱮ ᱒᱐ ᱠᱤᱢᱤ ᱜᱟᱱ (᱑᱕ ᱢᱤᱠ) ᱟᱨ ᱵᱟᱴᱴᱟ ᱨᱮᱱᱟᱜ ᱫᱟᱠᱷᱤᱱ ᱨᱮ ᱖᱕ ᱠᱤᱢᱤ (᱔᱐ ᱢᱤᱞ) ᱫᱟᱠᱷᱤᱱ ᱨᱮ ᱥᱮᱱᱴᱟᱨ ᱟᱠᱟᱱ ᱛᱟᱦᱮᱸ ᱠᱟᱱᱟ᱾
185,"सन्‌ 195N1 की बात है कि फ्रांस के पूर्वी भाग में, सन्‌ सोमवार को एक मृत जंगली बत्तख को संक्रमित किया गया था ।","ᱢᱟᱹᱱᱢᱤ ᱠᱚ ᱞᱟᱹᱜᱤᱫ ᱜᱷᱟᱴᱟ ᱵᱟᱨᱰ ᱯᱷᱞᱩ ᱨᱮᱱᱟᱜ ᱥᱴᱮᱭᱱ, H᱕N᱑, ᱫᱚ ᱚᱛᱮ ᱢᱟᱦᱟᱸ ᱦᱤᱞᱚᱜ ᱫᱚ ᱯᱷᱨᱟᱱᱥ ᱨᱤᱱᱤᱡ ᱯᱟᱹᱦᱤᱞ ᱨᱮ ᱞᱭᱳᱱ ᱟᱜ ᱥᱟᱶ ᱫᱚᱫᱚᱞᱩ ᱚᱛ ᱨᱮ ᱧᱟᱢ ᱞᱮᱱᱟ ᱢᱤᱫ ᱜᱩᱨ ᱡᱟᱝᱜᱽᱞᱤ ᱜᱮᱰᱮ ᱟᱜ ᱥᱚᱝᱠᱨᱟᱢᱤᱛ ᱞᱟᱹᱜᱤᱫ ᱯᱩᱥᱴᱤ ᱦᱩᱭ ᱮᱱᱟ᱾"
186,"यूरोप में इस वायरस का सामना करने के लिए फ्रांस का सातवाँ देश है; ऑस्ट्रिया, जर्मनी, स्लोवेनिया, बल्गारिया और इटली ।","ᱯᱷᱨᱟᱱᱥ ᱮᱭᱟᱭᱜ ᱫᱤᱥᱚᱢ ᱠᱟᱱᱟ ᱭᱩᱨᱳᱯᱤᱭᱚ ᱥᱚᱝᱜᱷ ᱱᱚᱶᱟ ᱵᱷᱟᱭᱨᱟᱥ ᱫᱚ ᱡᱷᱮᱞᱟᱣ ᱞᱟᱹᱜᱤᱫ ᱟᱥᱴᱨᱮᱞᱤᱭᱟ, ᱡᱟᱨᱢᱟᱱᱤ, ᱥᱞᱳᱣᱮᱱᱤᱭᱟ, ᱵᱩᱞᱜᱟᱨᱤᱭᱟ, ᱜᱽᱨᱤᱥ ᱟᱨ ᱤᱴᱞᱤ ᱛᱟᱭᱚᱢ᱾"
187,क्रोएशिया और डेनमार्क में एच5N1 के मामले हमेशा अटल रहते हैं ।,ᱠᱨᱚᱴᱤᱭᱟ ᱟᱨ ᱰᱮᱱᱢᱟᱨᱠ ᱨᱮ H5N1 ᱨᱮᱱᱟᱜ ᱥᱚᱱᱷᱮᱭᱟᱱ ᱢᱟᱢᱞᱟ ᱱᱤᱛ ᱦᱚᱸ ᱴᱷᱟᱹᱣᱠᱟᱹ ᱵᱟᱹᱱᱩᱜ-ᱟI
188,"चेम्बर ने ""पूरी दुनिया में फैल गई मौत, विनाश और पृथ्वी के लाखों लोगों पर आतंकितीकरण के लिए भगवान पर हमला किया था.","ᱪᱮᱭᱢᱵᱚᱨᱥ ᱫᱚ ""ᱚᱛ ᱨᱮᱱᱟᱜ ᱞᱟᱠᱷ ᱛᱟᱦᱮᱱᱟᱱ ᱨᱮ ᱞᱟᱠᱷ ᱦᱚᱲ ᱠᱚ ᱣᱭᱟᱯᱚᱠ ᱜᱩᱨ, ᱵᱤᱱᱟᱥ ᱟᱨ ᱟᱛᱟᱸᱠ"" ᱞᱟᱹᱜᱤᱫ ᱫᱷᱚᱨᱢᱚ ᱨᱮ ᱢᱩᱠᱟᱫᱽᱢᱟ ᱮᱢ ᱞᱮᱫ ᱛᱟᱦᱮᱱᱟᱭ᱾"""
189,"चेम्बर, एक अदूर्य, तर्क करता है कि उसका मुकद्दमा ""व्यर्थ"" है और ""कोई भी व्यक्ति किसी पर मुकदमा कर सकता है.""","ᱪᱮᱢᱵᱟᱨᱥ ᱢᱤᱫ ᱮᱜᱽᱱᱳᱥᱴᱤᱠ, ᱡᱩᱠᱛᱤᱭ ᱮᱢᱮᱫ ᱠᱟᱱᱟ ᱡᱮ ᱩᱱᱤᱭᱟᱜ ᱢᱟᱢᱞᱟ ""ᱯᱨᱤᱵᱷᱚᱞᱮᱥ ᱜᱮᱭᱟ"" ᱟᱨ ""ᱡᱟᱦᱟᱸᱭ ᱜᱮ ᱡᱟᱦᱟᱸᱭᱮ ᱢᱟᱢᱞᱟ ᱫᱟᱲᱮᱭᱟᱭᱟ᱾"""
190,"फ्रेंच ओपेरा में प्रस्तुत कहानी एक कलाकार की कहानी है ""सच्चे जीवन ड्रग्स और जापान के लिए प्यार द्वारा नियंत्रित किया जाता है।""","ᱠᱟᱹᱢᱤᱞ ᱥᱮᱱᱴ-ᱥᱮᱱᱥ ᱦᱚᱛᱮᱛᱮ, ᱯᱷᱨᱮᱸᱪ ᱚᱯᱮᱨᱟ ᱨᱮ ᱥᱟᱯᱲᱟᱣ ᱟᱠᱟᱱ ᱠᱟᱹᱦᱱᱤ ᱢᱤᱫ ᱵᱟᱰᱚᱦᱤᱭᱟᱜ ᱠᱟᱱᱟ ""ᱡᱟᱦᱟᱸᱭᱟᱜ ᱡᱤᱭᱚᱱ ᱰᱨᱟᱜᱽᱥ ᱟᱨ ᱡᱟᱯᱟᱱ ᱪᱮᱛᱟᱱ ᱫᱩᱞᱟᱹᱲ ᱛᱮ ᱪᱟᱪᱞᱟᱣᱚᱜᱼᱟ᱾"""
191,"इसके परिणामस्वरूप, धूम्रपान करनेवाले मंच पर जोड़ों को बल दे सकते हैं, और दर्शकों को भी शामिल होने के लिए प्रोत्साहित कर रहे हैं ।","ᱚᱨᱡᱚ ᱞᱮᱠᱟᱛᱮ, ᱵᱟᱰᱚᱦᱤ ᱥᱴᱮᱡᱽ ᱨᱮ ᱦᱩᱠᱟᱹ ᱨᱮᱭᱟᱜ ᱡᱚᱭᱮᱱᱴ ᱮ ᱧᱩᱭᱮᱫ ᱠᱟᱱᱟ, ᱟᱨ ᱛᱷᱤᱭᱮᱴᱟᱨ ᱟᱡ ᱜᱮ ᱧᱮᱧᱮᱞᱤᱭᱟᱹ ᱠᱚ ᱱᱚᱣᱟ ᱨᱮ ᱥᱮᱞᱮᱫᱚᱜ ᱞᱟᱹᱜᱤᱫ ᱮ ᱩᱫᱽᱜᱟᱹᱣᱮᱫ ᱠᱚᱣᱟ᱾"
192,"पूर्व घर का अध्यक्ष न्यूटरिक, टेक्सास का राज्यपाल, जेन्‌सन, और हंगरी कीलिस ने चौथे, पांचवां, और छठी जगह में काम किया ।","ᱦᱟᱭᱩᱥ ᱨᱮᱱ ᱢᱟᱨᱮ ᱥᱯᱤᱠᱟᱨ ᱱᱤᱭᱩᱴ ᱜᱤᱝᱨᱤᱪ, ᱴᱮᱠᱥᱟᱥ ᱜᱚᱵᱷᱚᱨᱱᱚᱨ ᱨᱤᱠ ᱯᱮᱨᱨᱤ, ᱟᱨ ᱠᱚᱝᱜᱽᱨᱮᱥ ᱛᱤᱨᱞᱟᱹ ᱢᱟᱥᱮᱞ ᱵᱟᱜᱽᱢᱟᱱ ᱯᱚᱨ-ᱯᱚᱨ ᱯᱩᱱ, ᱢᱚᱬᱮ ᱟᱨ ᱛᱩᱨᱩᱭ ᱟᱱ ᱴᱷᱟᱶ ᱨᱮᱠᱚ ᱛᱟᱦᱮᱸ ᱠᱟᱱᱟ᱾"
193,"इसके बाद, वेनटोटोर का धन्यवाद करते थे, लेकिन रोमनी के लिए बहुत ही ज़ोरदार शब्द थे ।","ᱚᱨᱡᱚ ᱚᱰᱚᱜ ᱮᱱ ᱛᱟᱭᱚᱢ, ᱜᱤᱝᱨᱤᱪ ᱥᱮᱱᱴᱚᱨᱟᱢ ᱮ ᱥᱟᱨᱦᱟᱣ ᱞᱮᱫᱮᱭᱟ, ᱨᱚᱢᱱᱤ ᱞᱟᱹᱜᱤᱫ ᱠᱮᱴᱮᱡ ᱟᱲᱟᱝ ᱛᱟᱦᱮᱸ ᱠᱟᱱᱟ, ᱡᱟᱦᱟᱸᱭ ᱯᱟᱥᱴᱟ ᱥᱮᱫ ᱠᱷᱚᱱ ᱟᱭᱳᱣᱟ ᱨᱮ ᱜᱤᱝᱨᱤᱪ ᱵᱤᱨᱩᱫᱽ ᱨᱮ ᱱᱮᱜᱮᱴᱤᱵᱷ ᱚᱵᱷᱤᱡᱟᱱ ᱮᱰᱵᱷᱟᱴᱟᱭᱤᱡᱽᱢᱮᱱᱴ ᱯᱟᱥᱱᱟᱣ ᱦᱩᱭ ᱞᱮᱱᱟ᱾"
194,"पेरी ने कहा कि वह आज रात के cuuus के परिणाम का पता लगाने के लिए टेक्सास में वापस जाएगा, तय करता है कि क्या इस प्रजाति में खुद के लिए आगे एक रास्ता है, लेकिन बाद में कहा कि वह हमेशा की दौड़ में रहता है और जनवरी 21 कोलियन प्राथमिक में संघर्ष करता है.","ᱯᱮᱨᱤ ᱮ ᱞᱟᱹᱭ ᱞᱮᱫᱟ ᱡᱮ ᱩᱱᱤ ""ᱛᱤᱦᱤᱧ ᱧᱤᱫᱟᱹ ᱨᱮᱭᱟᱜ ᱠᱚᱠᱮᱥᱟᱥ ᱨᱮᱭᱟᱜ ᱚᱨᱡᱚ ᱠᱚ ᱛᱩᱞᱟᱹᱡᱚᱠᱷᱟ ᱞᱟᱹᱜᱤᱫ ᱴᱮᱠᱥᱟᱥ ᱮ ᱨᱩᱣᱟᱹᱲ ᱠᱟᱱᱟ, ᱱᱚᱣᱟᱭ ᱴᱷᱟᱹᱶᱠᱟᱹᱭ ᱡᱮ ᱤᱧ ᱞᱟᱹᱜᱤᱫ ᱱᱚᱣᱟ ᱨᱮᱥ ᱨᱮ ᱡᱟᱦᱟᱸᱱ ᱦᱚᱨ ᱢᱮᱱᱟᱜᱼᱟ ᱥᱮ ᱵᱟᱝ"", ᱢᱮᱱᱠᱷᱟᱱ ᱛᱟᱭᱚᱢ ᱛᱮ ᱩᱱᱤᱭ ᱞᱟᱹᱭ ᱠᱮᱫᱟ ᱩᱱᱤ ᱨᱮᱥ ᱨᱮᱭ ᱛᱟᱦᱮᱸᱱᱟ ᱟᱨ ᱡᱟᱱᱩᱣᱟᱨᱤ ᱒᱑ ᱨᱮᱭᱟᱜ ᱮᱛᱚᱢ ᱠᱮᱨᱚᱞᱤᱱᱟ ᱦᱮᱯᱨᱟᱣ ᱨᱮᱭ ᱥᱮᱞᱮᱫᱚᱜᱼᱟ᱾"
195,उसने अपना अभियान खत्म करने का फैसला कर लिया ।,"ᱟᱜᱚᱥᱴ ᱨᱮ ᱮᱢᱥ ᱥᱨᱚᱣ ᱯᱚᱞ ᱡᱤᱛᱟᱹᱣ ᱞᱮᱱ ᱵᱟᱪᱢᱮᱱ, ᱟᱡᱟᱜ ᱯᱨᱚᱪᱟᱨ ᱢᱩᱪᱟᱹᱫ ᱨᱮᱭᱟᱜ ᱮ ᱜᱚᱴᱟ ᱠᱮᱫᱟ᱾"
196,इसके बाद वह चल बसा ।,"ᱯᱷᱳᱴᱚᱜᱽᱨᱟᱯᱷᱟᱨ ᱫᱚ ᱨᱚᱱᱟᱞᱰ ᱨᱮᱜᱟᱱ ᱭᱩᱥᱤᱭᱮᱞᱥᱤ ᱢᱮᱰᱤᱠᱟᱞ ᱥᱮᱱᱴᱟᱨ ᱨᱮ ᱤᱫᱤ ᱦᱩᱭᱮᱱᱟ, ᱡᱟᱦᱟᱸ ᱨᱮ ᱛᱟᱭᱚᱢ ᱛᱮ ᱩᱱᱤᱭ ᱜᱩᱨ ᱮᱱᱟ᱾"
197,"उन्होंने कहा कि उसकी 20 साल की उम्र में रिपोर्ट की गई थी. एक कथन में, ब्राबर ने कहा कि मैं मौजूद नहीं था और न ही मैं इस दुःखद दुर्घटना के साथ शामिल था, मेरे विचार और प्रार्थना पीड़ित के परिवार के साथ हैं. ""","ᱵᱟᱲᱟᱭ ᱟᱠᱟᱱᱟ ᱩᱱᱤᱭᱟᱜ ᱩᱢᱮᱨ ᱒᱐ ᱥᱮᱨᱢᱟ ᱛᱟᱦᱮᱸ ᱠᱟᱱᱟ᱾ ᱢᱤᱫ ᱨᱚᱯᱚᱲ ᱨᱮ ᱵᱤᱵᱟᱨ ᱮ ᱞᱟᱹᱭ ᱟᱠᱟᱫᱟ, ""ᱤᱧ ᱚᱸᱰᱮ ᱵᱟᱹᱧ ᱛᱟᱦᱮᱸ ᱠᱟᱱ ᱨᱮᱦᱚᱸ ᱥᱮ ᱱᱚᱣᱟ ᱫᱩᱠᱷ ᱜᱷᱚᱴᱚᱱ ᱥᱟᱶ ᱡᱚᱯᱲᱟᱣ ᱵᱟᱹᱧ ᱛᱟᱦᱮᱸ ᱠᱟᱱ ᱨᱮᱦᱚᱸ, ᱤᱧᱟᱜ ᱵᱷᱟᱵᱽᱱᱟ ᱟᱨ ᱛᱷᱩᱢ ᱜᱩᱨ ᱜᱷᱟᱨᱚᱸᱡᱽ ᱥᱟᱶᱛᱮ ᱛᱟᱦᱮᱸᱱᱟ᱾"""
198,"मनोरंजन की वेबसाइट TMZ अपने वाहन के दूसरे पक्ष में अपने वाहन को समझने में मदद करती है CMMZ ने Suldhrovoved के अन्य पक्ष में बंद कर दिया और सड़क पार करने से पहले पुलिस की तस्वीरें लेने की कोशिश की, कैलिफ़ोफ़ोर्निया के उच्च तट के पुलिस अधिकारी उसे वापस चलाने के लिए बंद कर दिया.","ᱨᱟᱹᱥᱠᱟᱹ ᱨᱚᱢᱚᱡᱽ ᱠᱷᱚᱵᱚᱨ ᱣᱮᱵᱽᱥᱟᱭᱤᱴ TMZ ᱵᱩᱡᱷᱟᱹᱣᱮᱫᱟ ᱡᱮ ᱯᱷᱳᱴᱚᱜᱽᱨᱟᱯᱷᱟᱨ ᱫᱚ ᱥᱮᱯᱩᱞᱵᱷᱮᱰᱟ ᱵᱩᱞᱮᱵᱷᱟᱨᱰ ᱨᱮᱭᱟᱜ ᱮᱴᱟᱜ ᱯᱟᱥᱴᱟ ᱟᱡᱟᱜ ᱜᱟᱹᱰᱤ ᱮ ᱛᱤᱸᱜᱩ ᱞᱮᱫᱟ ᱟᱨ ᱦᱚᱨ ᱯᱟᱨᱚᱢ ᱞᱟᱦᱟᱸ ᱨᱮ ᱯᱩᱞᱤᱥ ᱥᱴᱚᱯ ᱨᱮᱭᱟᱜ ᱪᱤᱛᱟᱹᱨ ᱦᱟᱛᱟᱣ ᱮ ᱪᱮᱥᱴᱟ ᱞᱮᱫᱟ ᱟᱨ ᱞᱮᱛᱟᱲ ᱜᱮᱭ ᱛᱟᱦᱮᱸ ᱠᱟᱱᱟ, ᱡᱟᱦᱟᱸ ᱠᱷᱟᱹᱛᱤᱨ ᱠᱮᱞᱤᱯᱷᱳᱨᱱᱤᱭᱟ ᱦᱟᱭᱣᱮ ᱯᱮᱴᱨᱚᱞ ᱯᱩᱞᱤᱥ ᱚᱯᱷᱤᱥᱟᱨ ᱴᱨᱟᱯᱷᱤᱠ ᱥᱴᱚᱯ ᱪᱟᱪᱞᱟᱣ ᱞᱟᱹᱜᱤᱫ ᱨᱩᱣᱟᱹᱲ ᱪᱟᱞᱟᱣ ᱮ ᱢᱮᱛᱟ ᱫᱮᱭᱟ, ᱵᱟᱨ ᱫᱷᱟᱣ᱾"
199,"पुलिस के अनुसार, जिस वाहन पर फोटोग्राफी मारा जाता है, वह अपराधी आरोपों का सामना करना असंभव है ।","ᱯᱩᱞᱤᱥᱟᱜ ᱠᱟᱛᱷᱟ ᱞᱮᱠᱟᱛᱮ, ᱯᱷᱳᱴᱚᱜᱽᱨᱟᱯᱷᱟᱨ ᱮ ᱛᱟᱹᱠᱤᱡ ᱟᱠᱟᱫᱮ ᱜᱟᱹᱰᱤ ᱨᱮᱱ ᱰᱨᱟᱭᱵᱷᱟᱨ ᱵᱤᱨᱩᱫᱽ ᱨᱮ ᱚᱯᱚᱨᱟᱫᱷ ᱨᱮᱭᱟᱜ ᱟᱨᱳᱯ ᱞᱟᱜᱟᱣ ᱫᱟᱣ ᱫᱚ ᱠᱚᱢ ᱜᱮᱭᱟ᱾"
200,"एक दिन केवल अठारह अठारह अठारह लोग ही उपलब्ध हो गए हैं, जिनमें से कुछ देश उस पद को बनाने में असफल रहे हैं ।","ᱢᱤᱫ ᱫᱤᱱ ᱨᱮ ᱠᱷᱟᱹᱞᱤ ᱢᱤᱫ ᱜᱮᱞ ᱤᱨᱟᱹᱞ ᱯᱚᱫᱚᱠ ᱛᱟᱦᱮᱸᱱ ᱠᱷᱟᱹᱛᱤᱨ ᱛᱮ, ᱟᱭᱢᱟ ᱫᱤᱥᱚᱢ ᱦᱚᱲ ᱯᱚᱫᱚᱠ ᱯᱚᱰᱤᱭᱟᱹᱢ ᱛᱮᱭᱟᱜ ᱨᱮ ᱰᱤᱜᱟᱹᱣᱮᱱᱟ ᱠᱚ᱾"
201,"वे नेदरलैंड्‌स को भी शामिल करते हैं, आना योन को कल सुपर-जी में खड़ी कक्षा में नौवें काम करना है, और फिनलैंड के साथ कातहान उसी घटना में दसवां हिस्सा खत्म कर दिया है।","ᱱᱟᱶᱟ ᱨᱮ ᱱᱮᱫᱟᱨᱞᱮᱸᱫ ᱦᱚᱸ ᱢᱮᱱᱟᱭᱟ, ᱡᱟᱦᱟᱸᱭ ᱨᱮ ᱟᱱᱟ ᱡᱟᱠᱮᱢᱥᱚᱱ ᱜᱟᱯᱟ ᱥᱩᱯᱟᱹᱨ ᱡᱤ ᱨᱮ ᱢᱟᱹᱭᱡᱩ ᱠᱚᱣᱟᱜ ᱥᱛᱷᱟᱹᱭ ᱟᱥᱲᱟ ᱨᱮ ᱟᱨᱮ ᱮᱞ ᱨᱮ ᱛᱟᱦᱮᱸ ᱠᱟᱱᱟᱭ, ᱟᱨ ᱯᱷᱤᱱᱞᱮᱸᱰ ᱨᱮ ᱜᱮᱞ ᱛᱷᱟᱨ ᱨᱮ ᱠᱟᱴᱟ ᱥᱟᱨᱮᱱᱟ ᱛᱟᱦᱮᱸ ᱠᱟᱱᱟᱭ᱾"
202,ऑस्ट्रेलिया के मिचॆल गोफर ने पुरुषों की स्थिति में ग्यारह ग्यारहवाँ पूरा कर दिया। चेक इग्मीरिक यलीन ने उन पुरुषों के सुपर-जी में 16वीं बात पूरी कर दी।,ᱠᱚᱲᱟ ᱠᱚᱣᱟᱜ ᱛᱤᱝᱜᱩ ᱥᱩᱯᱟᱹᱨ ᱡᱤ ᱨᱮ ᱚᱥᱴᱨᱮᱞᱤᱭᱟ ᱨᱤᱱᱤᱡ ᱢᱤᱥᱮᱞ ᱜᱚᱣᱟᱹᱨᱞᱤ ᱜᱮᱢᱤᱫ ᱛᱷᱟᱨ ᱨᱮ ᱛᱟᱦᱮᱸ ᱠᱟᱱᱟᱭ᱾ ᱠᱚᱲᱟ ᱠᱚᱣᱟᱜ ᱫᱩᱲᱩᱵ ᱥᱩᱯᱟᱹᱨ ᱡᱤ ᱨᱮ ᱪᱮᱠ ᱵᱟᱹᱭᱨᱤ ᱚᱞᱰᱨᱤᱪ ᱡᱮᱞᱤᱱᱮᱠ ᱜᱮᱛᱩᱨ ᱛᱷᱟᱨ ᱨᱮ ᱛᱟᱦᱮᱸ ᱠᱟᱱᱟᱭ᱾
203,मेक्सिको के वी. में लोगों के सुपर-G के बैठने वाले पंद्रहवें दशक को खत्म कर दिया. न्यू ज़ीलैंड के एडमिनल ने पुरुषों के पास खड़ी सुपर-जी में नौवें को पूरा किया.,ᱢᱮᱠᱥᱤᱠᱚ ᱨᱤᱱᱤᱡ ᱟᱹᱨᱞᱤ ᱣᱮᱞᱟᱥᱠᱮᱡᱽ ᱠᱚᱲᱟ ᱨᱮᱭᱟᱜ ᱥᱩᱯᱟᱹᱨ ᱡᱤ ᱨᱮ ᱜᱮᱢᱚᱬ ᱛᱷᱟᱨ ᱨᱮ ᱛᱟᱦᱮᱸ ᱠᱟᱱᱟ ᱠᱚ᱾ ᱠᱚᱲᱟ ᱠᱚᱣᱟᱜ ᱛᱤᱝᱜᱩᱱ ᱥᱩᱯᱟᱹᱨ ᱡᱤ ᱨᱤᱱ ᱮᱰᱟᱹᱢ ᱦᱟᱹᱞ ᱟᱨᱮ ᱛᱷᱟᱨ ᱨᱮ ᱛᱟᱦᱮᱸ ᱠᱟᱱᱟᱭ᱾
204,पोलैंड के पुरुषों की असमर्थता Nagazazel और Cargagaynyyyaa Targ में तेरहवाँ समाप्त हो गया। दक्षिण कोरिया के जॉन Sekeeek पार्क में पुरुषों के सुपर-G में बीस चौथाई समाप्त हो गया।,ᱯᱚᱞᱮᱸᱰ ᱨᱤᱱ ᱠᱚᱲᱟ ᱨᱤᱱ ᱫᱤᱵᱭᱟᱝ ᱥᱠᱤᱭᱟᱹᱨ ᱢᱟᱥᱤᱡᱽ ᱠᱨᱮᱡᱮᱞ ᱟᱨ ᱜᱟᱭᱤᱰ ᱟᱱᱟ ᱚᱜᱟᱨᱡᱤᱱᱥᱠᱟ ᱥᱩᱯᱟᱹᱨ ᱡᱤ ᱨᱮ ᱜᱮᱯᱮ ᱛᱷᱟᱨ ᱨᱮ ᱛᱟᱦᱮᱸ ᱠᱟᱱᱟᱭ᱾ ᱠᱚᱸᱭᱮ ᱠᱚᱨᱤᱭᱟ ᱨᱮᱭᱟᱜ ᱡᱟᱝ ᱥᱤᱭᱚᱨᱠ ᱯᱟᱨᱠ ᱠᱚᱲᱟ ᱨᱮᱭᱟᱜ ᱥᱩᱯᱟᱹᱨ ᱡᱤ ᱫᱩᱯᱲᱩᱵ ᱨᱮ ᱵᱟᱜᱮᱢᱚᱬᱮ ᱛᱷᱟᱨ ᱨᱮ ᱛᱟᱦᱮᱸ ᱞᱮᱱᱟᱭ᱾
205,"संयुक्‍त राष्ट्र शांतिवादी, जो 2010 के भूकंप के बाद हैती में आई है, इस बीमारी के फैलने का दोष लगाया जा रहा है जो सेना की छावनी के पास शुरू हुई.","UN ᱯᱤᱥᱢᱮᱠᱚᱨ, ᱚᱠᱚᱭ ᱫᱚ ᱵᱷᱩᱢᱤᱠᱚᱢᱯᱚ ᱦᱟᱭᱴᱤ ᱒᱐᱑᱐ ᱛᱟᱭᱚᱢ ᱠᱚ ᱦᱮᱡᱼᱟ, ᱫᱚ ᱴᱨᱩᱯ ᱵᱟᱥᱟ ᱴᱷᱮᱱ ᱵᱮᱢᱟᱨ ᱯᱟᱥᱱᱟᱣ ᱨᱮᱭᱟᱜ ᱢᱩᱞ ᱠᱟᱨᱚᱬ ᱛᱮ ᱠᱚ ᱫᱚᱥ ᱠᱚᱣᱟ᱾"
206,"अदालत के अनुसार, संयुक्‍त राष्ट्र शिविर से बर्बाद उचित रूप से नहीं किया गया था, जिसके कारण जीवाणुओं को प्राचीननीोनी नदी की तिहासिकता में प्रवेश करने के लिए, हैती की एक सबसे बड़ी नदी में प्रवेश करने के लिए।","ᱱᱚᱣᱟ ᱢᱚᱠᱚᱨᱫᱚᱢᱟ ᱚᱝᱥᱟᱨ,ᱥᱮᱞᱮᱫ ᱫᱤᱥᱚᱢ ᱠᱮᱢᱯ ᱠᱷᱚᱱ ᱚᱰᱚᱠᱚᱜ ᱠᱟᱱ ᱟᱸᱡᱽᱨᱟᱠᱚ ᱵᱷᱟᱹᱜᱤ ᱯᱷᱩᱨᱪᱟᱹ ᱵᱟᱝ ᱠᱷᱟᱹᱛᱤᱨ,ᱟᱨᱴᱤᱵᱳᱱᱤᱴ ᱜᱟᱰᱟ ᱨᱮ ᱡᱤᱵᱟᱬᱩᱠᱚ ᱟᱫᱮᱨ ᱞᱮᱱᱟ, ᱡᱟᱦᱟᱸ ᱫᱚ ᱦᱟᱭᱛᱤ ᱨᱮᱭᱟᱜ ᱡᱮᱛᱮ ᱠᱷᱚᱱ ᱢᱟᱨᱟᱝ ᱢᱤᱫᱴᱟᱝ ᱫᱟᱜ ᱡᱚᱜᱟᱣ ᱜᱟᱰᱟ ᱠᱟᱱᱟ।"
207,सेना के आने से पहले हैती को सन्‌ 1800 से बीमारी से जुड़ी समस्याओं का सामना नहीं करना पड़ा ।,"ᱯᱷᱟᱹᱫᱽᱠᱚ ᱥᱮᱴᱮᱨᱚᱜ ᱢᱟᱬᱟᱝ, ᱑᱘᱐᱐ ᱥᱟᱭ ᱥᱮᱨᱢᱟ ᱞᱟᱦᱟ ᱦᱟᱭᱛᱤ ᱨᱮ ᱱᱚᱝᱠᱟᱱ ᱵᱮᱢᱟᱨ ᱥᱟᱶ ᱡᱚᱯᱚᱲᱟᱣ ᱦᱟᱹᱞᱤᱠ ᱵᱟᱝ ᱧᱮᱞ ᱞᱮᱱ ᱛᱟᱦᱮᱸᱱ।"
208,न्याय और लोकतंत्री के लिए हैरिसन संस्थान ने स्वतंत्र अध्ययनों का प्रयोग किया है जो संयुक्‍त राष्ट्र की शांति भंग करने का सुझाव देते हैं अनजाने में इस बीमारी को है ।,ᱦᱟᱭᱴᱤᱭᱚᱱ ᱤᱱᱥᱴᱤᱪᱩᱴ ᱚᱯᱷ ᱡᱚᱥᱴᱤᱥ ᱟᱨ ᱰᱮᱢᱳᱠᱨᱟᱥᱤ ᱫᱚ ᱱᱤᱡᱮ ᱛᱮ ᱯᱟᱲᱦᱟᱣ ᱠᱚ ᱨᱮᱭᱟᱜ ᱥᱚᱱᱫᱚᱨᱵᱷᱚ ᱮᱢ ᱞᱮᱫᱟ ᱡᱮ ᱱᱮᱯᱟᱞᱤ ᱥᱟᱝᱭᱩᱠᱛ ᱨᱟᱥᱴᱨᱚ ᱥᱟᱹᱱᱛᱤ ᱵᱮᱨᱮᱫ  ᱵᱟᱴᱟᱞᱤᱭᱚᱱ ᱫᱚ ᱵᱟᱝ ᱵᱟᱰᱟᱭ ᱛᱮ ᱱᱚᱣᱟ ᱨᱳᱜᱽ ᱦᱟᱭᱛᱤ ᱛᱮ ᱟᱜᱩ ᱞᱮᱫ-ᱟᱭI
209,"इस बीमारी के बारे में संयुक्‍त राष्ट्र के एक विशेषज्ञ, डेन्येल एलने ने कहा कि इसकी शुरूआत शांतिवादी लोगों ने की थी ।","ᱰᱮᱱᱤᱭᱮᱞ ᱞᱟᱱᱴᱮᱜᱽᱱᱮ, UN ᱵᱮᱢᱟᱨ ᱮᱠᱥᱯᱟᱹᱨᱴ, ᱢᱮᱱ ᱠᱮᱜᱼᱟᱭ ᱵᱮᱢᱟᱨᱤ ᱫᱚ ᱯᱤᱥᱠᱤᱯᱚᱨ ᱴᱷᱮᱱ ᱠᱷᱚᱱ ᱯᱟᱥᱱᱟᱣ ᱠᱟᱱᱟ᱾"
210,हैमिल्टन यूनिवर्सिटी अस्पताल ने मरीज़ को स्थिर स्थिति में स्वीकार किया ।,ᱦᱮᱢᱤᱞᱴᱚᱱ ᱫᱚᱭ ᱴᱷᱟᱹᱣᱠᱟᱹ ᱠᱮᱫᱟ ᱡᱮ ᱦᱟᱣᱟᱨᱰ ᱡᱮᱜᱮᱛ ᱵᱤᱨᱫᱟᱹᱜᱟᱲ ᱟᱥᱯᱟᱛᱟᱞ ᱫᱚ ᱨᱩᱣᱟᱹ ᱦᱚᱲ ᱠᱚ ᱥᱛᱷᱤᱨ ᱥᱛᱷᱤᱛᱤ ᱨᱮ ᱵᱷᱟᱨᱛᱤ ᱠᱮᱫᱮᱭᱟ᱾
211,"कुछ मरीज़ नाइजीरिया में रहे थे, जहाँ एरोका वायरस के कुछ मामले हुए हैं ।","ᱨᱩᱣᱟᱹ ᱦᱚᱲ ᱱᱟᱹᱭᱡᱤᱨᱤᱭᱟᱹ ᱛᱟᱦᱮᱸ ᱠᱟᱱᱟ, ᱡᱟᱦᱟᱸ ᱫᱚ ᱤᱵᱚᱞᱟ ᱣᱟᱭᱨᱚᱥ ᱨᱮᱭᱟᱜ ᱠᱤᱪᱷᱩ ᱢᱚᱢᱞᱟ ᱥᱟᱢᱟᱝ ᱦᱮᱡ ᱟᱠᱟᱱᱟ᱾"
212,"अस्पताल ने संक्रमण नियंत्रण के लिए प्रोटोकॉल का पालन किया है, जिसमें मरीज़ को दूसरों के संभावित संक्रमण से रोकने के लिए अन्य लोगों से अलग किया गया है ।","ᱟᱥᱯᱟᱛᱟᱞ ᱫᱚ ᱥᱚᱸᱠᱨᱚᱢᱚᱬ ᱞᱟᱹᱜᱤᱫ ᱛᱮ ᱯᱨᱚᱴᱚᱠᱚᱞ ᱨᱮᱭᱟᱜ ᱮ ᱯᱟᱞᱚᱱ ᱠᱮᱫᱟ, ᱡᱟᱦᱟᱸ ᱫᱚ ᱫᱚᱥᱟᱨ ᱫᱟᱲᱮᱭᱟᱱ ᱥᱚᱸᱠᱨᱚᱢᱚᱬ ᱠᱚ ᱴᱮᱠᱟᱣ ᱫᱟᱨᱟᱢ ᱞᱟᱹᱜᱤᱫ ᱨᱩᱣᱟᱹ ᱦᱚᱲ ᱮᱴᱟᱜ ᱠᱷᱚᱱ ᱵᱷᱮᱜᱟᱨ ᱠᱚᱨᱟᱣ ᱥᱮᱞᱮᱫ ᱢᱮᱱᱟᱜᱼᱟ᱾"
213,"इससे पहले कि सिग्रिस के पुत्र शमौन ने विभिन्‍न पदों पर अनेक प्रदर्शन किए थे, अनेक पहलुओं पर कार्य किया था ।",ᱫᱟ ᱥᱤᱢᱯᱥᱟᱸᱥ ᱠᱷᱚᱱ ᱢᱟᱬᱟᱝ ᱥᱟᱹᱭᱢᱟᱱ ᱫᱚ ᱵᱷᱮᱜᱟᱨ ᱵᱷᱮᱜᱟᱨ ᱯᱚᱫ ᱠᱚᱨᱮ ᱟᱹᱰᱤᱜᱟᱱ ᱥᱚ ᱨᱮ ᱠᱟᱹᱢᱤ ᱠᱚᱨᱟᱣ ᱞᱮᱫᱟ᱾
214,"सन्‌ 1980 के दौरान, उसने करी, चिर्क, और ट्रेसी ब्रिटेन जैसे प्रदर्शन पर काम किया ।","᱑᱙᱘᱐s ᱨᱮᱱᱟᱜ ᱫᱚᱥᱚᱠ ᱚᱠᱛᱮ ᱩᱱᱤᱫᱚ ᱴᱮᱠᱥᱤ, ᱪᱤᱭᱟᱨᱥ ᱟᱨ ᱫᱟ ᱴᱨᱮᱥᱤ ᱩᱞᱢᱮᱱ ᱥᱚ ᱞᱮᱠᱟᱱᱟᱜ ᱨᱮ ᱠᱟᱹᱢᱤ ᱠᱮᱫᱟᱭ᱾"
215,सन्‌ 1989 में उन्होंने सिलम्पेन के साथ स्वंप बेटे बनाने में मदद की ... ... ... ... ...और शो की पहली लेखन टीम को भर्ती करने के लिए जिम्मेदार था.,"᱑᱙᱘᱙ ᱨᱮ ᱩᱱᱤᱫᱚ ᱵᱨᱩᱠᱥ ᱟᱨ ᱜᱽᱨᱚᱭᱱᱤᱧ ᱥᱟᱶᱛᱮ ᱫᱚ ᱥᱤᱢᱯᱥᱟᱱᱥ ᱵᱮᱱᱟᱣ ᱨᱮ ᱜᱚᱲᱚ ᱮᱱᱟᱭ, ᱟᱨ ᱥᱚ ᱨᱮᱱᱟᱜ ᱯᱩᱭᱞᱩ ᱚᱱᱚᱞ ᱜᱟᱫᱮᱞ ᱠᱚ ᱠᱟᱹᱢᱤ ᱨᱮ ᱫᱚᱦᱚ ᱨᱮᱱᱟᱜ ᱫᱟᱭᱤᱛᱚ ᱛᱟᱦᱮᱸ ᱞᱮᱱᱟ᱾"
216,सन्‌ 1993 में दिखाए गए शो को छोड़ने के बावजूद उसने सरकारी निर्माताओं का अधिकार जारी रखा और हर मौसम में लाखों डॉलर खर्च किए ।,"᱑᱙᱙᱓ ᱨᱮ ᱥᱳ ᱵᱟᱹᱜᱤ ᱠᱟᱛᱮ ᱨᱮᱦᱚᱸ ᱩᱱᱤᱫᱚ ᱠᱟᱹᱢᱤᱦᱚᱨᱟ ᱯᱨᱚᱵᱭᱩᱥᱚᱨ ᱞᱮᱠᱟᱛᱮ ᱥᱤᱨᱯᱟᱹ ᱫᱚᱦᱚ ᱟᱜᱩᱣᱟᱠᱟᱫ ᱜᱮᱭᱟᱭ, ᱨᱚᱭᱟᱞᱴᱤ ᱨᱮ ᱡᱚᱛᱚ ᱥᱤᱡᱚᱱ ᱨᱮ ᱜᱮᱞ ᱢᱤᱞᱤᱭᱚᱱ ᱰᱚᱞᱟᱨ ᱧᱟᱢ ᱫᱚ ᱞᱮᱛᱟᱲ ᱟᱠᱟᱫᱟ᱾"
217,इससे पहले चीनी समाचार संगठन Xina ने एक विमान का अपहरण करने के लिए रिपोर्ट दी ।,ᱱᱤᱭᱟᱹ ᱢᱟᱬᱟᱝ ᱪᱟᱭᱱᱤᱡᱽ ᱠᱷᱚᱵᱚᱨ ᱮᱡᱮᱱᱥᱤ ᱡᱤᱱᱦᱩᱣᱟ ᱫᱚ ᱢᱤᱫ ᱩᱰᱟᱹᱱ ᱜᱟᱹᱰᱤ ᱦᱟᱭᱡᱟᱠ ᱟᱠᱟᱱ ᱨᱮᱭᱟᱜ ᱰᱚᱜᱚᱨᱮ ᱮᱢ ᱞᱮᱫ-ᱟI
218,बाद में रिपोर्टों ने कहा कि विमान को बम ख़तरा हो गया और वापस अफगानिस्तान में आ गया ।,ᱛᱟᱭᱚᱢ ᱟᱱᱟᱜ ᱨᱤᱯᱚᱨᱴᱤᱧ ᱨᱮ ᱢᱮᱱ ᱠᱮᱫᱟ ᱡᱮ ᱩᱰᱟᱹᱱ ᱜᱟᱰᱤ ᱫᱚ ᱵᱚᱢ ᱨᱮᱱᱟᱜ ᱪᱮᱛᱟᱣ ᱧᱟᱢ ᱟᱠᱟᱫᱟ ᱟᱨ ᱚᱱᱟ ᱠᱟᱸᱫᱷᱟᱨ ᱨᱮ ᱟᱬᱜᱚᱱ ᱛᱩᱞᱩᱡ ᱨᱩᱣᱟᱹᱲ ᱠᱮᱫᱟ ᱠᱚ ᱟᱯᱷᱜᱚᱱᱤᱥᱛᱟᱱ᱾
219,शुरूआती रिपोर्टों से पता चलता है कि सन्‌ 1905 में एक आपातकालीन जहाज़ को वापस यूरोप भेज दिया गया ।,ᱮᱛᱚᱦᱚᱵ ᱨᱤᱯᱚᱨᱴ ᱨᱮ ᱞᱟᱹᱭ ᱮᱱᱟ ᱡᱮ ᱩᱨᱩᱢᱤ ᱨᱮ ᱢᱩᱦᱤᱢ ᱚᱠᱛᱚ ᱞᱮᱱᱰᱤᱝ ᱵᱟᱠᱚ ᱨᱮᱵᱮᱱ ᱞᱮᱱᱛᱮ ᱩᱰᱟᱹᱱ ᱜᱟᱹᱰᱤ ᱫᱚ ᱟᱯᱷᱜᱟᱱᱤᱥᱛᱟᱱ ᱠᱚ ᱠᱳᱞ ᱫᱚᱦᱲᱟ ᱠᱟᱫᱟ᱾
220,"ईरान में अमरीकी दुर्घटनाओं में आम बात है, जिसकी उम्र अभी - भी कम है ।","ᱤᱨᱟᱱ ᱦᱚᱭ ᱜᱷᱟᱴᱚᱱ ᱠᱚᱢᱢᱚᱱ ᱮᱱᱟ, ᱡᱟᱦᱟᱸᱭ ᱢᱤᱫ ᱢᱟᱨᱮ ᱵᱮᱲᱟ ᱢᱮᱱᱟᱜᱼᱟ ᱡᱟᱦᱟᱸᱭ ᱛᱟᱦᱮᱱᱟᱱ ᱟᱨ ᱥᱮᱭᱱᱭᱚ ᱵᱟᱱᱟᱨ ᱠᱟᱹᱢᱤ ᱞᱟᱹᱜᱤᱫ ᱫᱚᱦᱚ ᱮᱢᱟᱱ ᱠᱚ ᱦᱩᱭᱩᱜ ᱠᱟᱱᱟ᱾"
221,अंतर्राष्ट्रीय अधिकारियों का अर्थ है कि नए हवाई जहाज़ को ख़रीद नहीं सकते ।,ᱡᱮᱜᱮᱛᱤᱭᱟᱹᱨᱤ ᱯᱨᱚᱛᱤᱵᱚᱸᱫᱷ ᱨᱮᱱᱟᱜ ᱢᱮᱱᱮᱛ ᱫᱚ ᱠᱟᱱᱟ ᱡᱮ ᱱᱟᱶᱟ ᱩᱰᱟᱹᱱ ᱜᱟᱹᱰᱤ ᱵᱟᱝ ᱦᱟᱛᱟᱣ ᱦᱩᱭ ᱫᱟᱲᱮᱭᱟᱜᱼᱟ᱾
222,"इस सप्ताह पहले, एक पुलिस हेलीली दुर्घटना ने तीन लोगों को मार डाला और तीन और घायल किया.","ᱱᱤᱭᱟᱹ ᱦᱟᱯᱛᱟ ᱨᱮᱱᱟᱜ ᱮᱛᱚᱦᱚᱵ ᱨᱮ, ᱢᱤᱫ ᱯᱩᱞᱤᱥ ᱦᱮᱞᱤᱠᱚᱯᱴᱚᱨ ᱵᱟᱡᱽᱲᱟᱣ ᱨᱮ ᱯᱮ ᱦᱚᱲ ᱠᱚ ᱜᱚᱡ ᱮᱱᱟ ᱟᱨ ᱮᱴᱟᱜ ᱯᱮ ᱦᱚᱲ ᱠᱚ ᱵᱟᱡᱟᱣ ᱮᱱᱟ᱾"
223,"पिछले महीने ईरान ने सालों में अपनी सबसे बुरी हवा की तबाही देखी जब एक हवाई - जहाज़ी विमान - चालक दल ने मॉस्को जाने की कोशिश की, जो पट्ट पर १68 मार रहा था ।","ᱞᱟᱦᱟ ᱪᱟᱸᱫᱚ ᱤᱨᱟᱱ ᱫᱚ ᱥᱮᱨᱢᱟ ᱨᱮ ᱟᱡᱟᱜ ᱥᱟᱱᱟᱢ ᱠᱷᱚᱱ ᱵᱟᱹᱲᱤᱡ ᱦᱚᱭ ᱟᱯᱫᱟ ᱧᱮᱞ ᱠᱮᱫᱼᱟᱭ ᱡᱚᱠᱷᱚᱱ ᱟᱨᱢᱮᱱᱤᱭᱟ ᱪᱟᱞᱟᱜ ᱠᱟᱱ ᱛᱟᱦᱮᱱ ᱢᱤᱫ ᱩᱰᱟᱹᱱ ᱜᱟᱹᱰᱤ ᱢᱟᱨᱟᱝ ᱜᱷᱟᱴᱚᱱ ᱦᱩᱭ ᱮᱱᱟ, ᱚᱱᱟ ᱨᱮ ᱑᱖᱘ ᱦᱚᱲ ᱠᱚ ᱜᱚᱡ ᱮᱱᱟ᱾"
224,"उसी महीने एक और हवाई जहाज़ पर सवार एक जंग छिड़ता हुआ देखा और एक दीवार पर टूटता हुआ, 1717 को मार डाला ।","ᱚᱱᱟ ᱪᱟᱸᱫᱚ ᱨᱮ ᱢᱤᱫ ᱟᱨ ᱩᱰᱟᱹᱱ ᱜᱟᱹᱰᱤ ᱫᱚ ᱢᱟᱥᱦᱟᱫᱽ ᱨᱮ ᱢᱤᱫ ᱨᱟᱱᱣᱮ ᱫᱚ ᱯᱟᱨᱚᱢᱚᱜ ᱟᱛᱮ ᱢᱤᱫ ᱵᱷᱤᱛ ᱥᱟᱶ ᱵᱟᱡᱽᱲᱟᱣ ᱮᱱᱟ, ᱚᱱᱟ ᱨᱮ ᱜᱮᱭᱟᱭ ᱦᱚᱲ ᱠᱚ ᱜᱚᱡ ᱮᱱᱟ᱾"
225,Aerroosallas उनके दौरे पर उनके शेष संगीत रद्द कर दिया है।,ᱮᱨᱚᱥᱢᱤᱛᱷ ᱫᱚ ᱟᱡᱟᱜ ᱫᱚᱣᱨᱟ ᱨᱮ ᱟᱡᱟᱜ ᱥᱟᱨᱮᱡ ᱵᱟᱡᱟᱣ ᱠᱟᱨᱭᱚᱠᱨᱟᱢ ᱵᱚᱸᱫᱽ ᱠᱮᱫᱼᱟᱭ᱾
226,रॉक दल सितंबर 16 तक अमरीका और कनाडा का दौरा करने के लिए तैयार था ।,ᱱᱚᱣᱟ ᱨᱳᱠ ᱵᱮᱸᱰ ᱑᱖ ᱫᱟᱥᱟᱸᱭ ᱦᱟᱹᱵᱤᱡ ᱥᱮᱞᱮᱫ ᱨᱟᱡᱽᱭᱚ ᱟᱢᱮᱨᱤᱠᱟ ᱟᱨ ᱠᱟᱱᱟᱰᱟ ᱥᱟᱝᱜᱷᱟᱨ ᱨᱮᱭᱟᱜ ᱛᱟᱦᱮᱸ ᱞᱮᱱᱟI
227,उन्होंने अगस्त 5 को प्रचार करते वक्‍त मंच पर कदम रखने के बाद इस दौरे को रद्द कर दिया है ।,᱕ ᱵᱷᱟᱫᱚᱨ ᱦᱤᱞᱚᱜ ᱯᱨᱚᱫᱚᱨᱥᱚᱱ ᱨᱮᱱᱟᱜ ᱫᱚᱣᱨ ᱢᱟᱧᱪ ᱠᱷᱚᱱ ᱧᱩᱨ ᱛᱟᱭᱚᱢ ᱢᱩᱬᱩᱛ ᱵᱟᱰᱚᱦᱤ ᱥᱴᱤᱣᱟᱱ ᱴᱟᱭᱞᱟᱨ ᱵᱟᱡᱟᱣ ᱮᱱ ᱛᱟᱭᱚᱢ ᱩᱱᱤ ᱫᱚᱣᱨᱟ ᱵᱚᱸᱫᱽ ᱠᱮᱫᱼᱟᱭ᱾
228,पुरुषों और हर काम में शामिल होने के बाद वे दोनों एक ब्रेक में पहले से ही हार गए.,"ᱢᱟᱨᱮ ᱫᱚ ᱴᱟᱭᱤ ᱵᱽᱨᱮᱠ ᱨᱮ ᱯᱩᱭᱞᱩ ᱥᱮᱴ ᱮ ᱟᱫ ᱠᱮᱫᱼᱟ, ᱡᱚᱠᱷᱚᱱ ᱵᱟᱱᱟᱨ ᱵᱟᱵᱟ ᱦᱚᱲ ᱫᱚ ᱥᱮᱴ ᱨᱮ ᱢᱤᱫ ᱢᱤᱫ ᱥᱟᱨᱵᱷ ᱦᱩᱭ ᱮᱱᱟ᱾"
229,"Davo दूसरे सेट में पहले लाभ था, लेकिन यह भी 6-6 तक पहुँचने के बाद एक टाई की आवश्यकता थी.","ᱰᱮᱞ ᱯᱚᱛᱨᱚ ᱫᱚ ᱫᱚᱥᱟᱨ ᱥᱮᱴ ᱨᱮ ᱮᱛᱚᱦᱚᱵ ᱵᱟᱲᱟᱦᱟᱣ ᱧᱟᱢ ᱠᱮᱫᱼᱟᱭ, ᱢᱮᱱᱠᱷᱟᱱ ᱚᱱᱟ ᱞᱟᱹᱜᱤᱫ ᱦᱚᱸ ᱖-᱖ ᱨᱮᱱᱟᱜ ᱵᱟᱨᱟᱵᱟᱨᱤ ᱞᱟᱹᱜᱤᱫ ᱛᱟᱭᱚᱢ ᱴᱟᱭᱤ ᱵᱽᱨᱮᱠ ᱟᱜ ᱞᱟᱹᱠᱛᱤ ᱟᱫᱮ ᱛᱟᱦᱮᱱᱟ᱾"
230,इस बिंदु पर अपने कंधे के लिए उपचार प्राप्त किया लेकिन खेल में वापस आने में कामयाब रहा.,ᱯᱚᱛᱨᱚ ᱫᱚ ᱱᱤᱭᱟᱹ ᱚᱠᱛᱮ ᱟᱡᱟᱜ ᱛᱟᱨᱮᱱ ᱨᱮᱱᱟᱜ ᱤᱞᱟᱡᱽ ᱚᱪᱚᱭᱮᱱᱟᱭ ᱢᱮᱱᱠᱷᱟᱱ ᱠᱷᱤᱞᱚᱸᱰ ᱨᱮ ᱨᱩᱣᱟᱹᱲ ᱞᱟᱹᱜᱤᱫ ᱮ ᱯᱟᱥ ᱮᱱᱟ᱾
231,कार्यक्रम 8: 30 पर शुरू हुआ ।,ᱠᱟᱨᱭᱚᱠᱨᱟᱢ ᱧᱤᱫᱟᱹ ᱘:᱓᱐ ᱯᱤᱹᱮᱢᱹ. (᱑᱕:᱐᱐ ᱭᱩ ᱴᱤ ᱥᱤ) ᱵᱟᱡᱮ ᱮᱦᱚᱵ ᱮᱱᱟ᱾
232,"देश भर में शुभ गायकों ने बूहान्स, या भक्‍ति के गीत प्रस्तुत किए, जिस से शिराम के पैरों के नीचे तक।",ᱫᱤᱥᱚᱢ ᱨᱮᱱ ᱵᱟᱰᱟᱭᱟᱱ ᱥᱮᱨᱮᱧᱤᱭᱟᱹ ᱠᱚ ᱥᱨᱤ ᱥᱭᱟᱢ ᱣᱟᱜ ᱯᱟᱸᱡᱟ ᱯᱚᱨᱟᱭᱱᱤ ᱠᱚᱨᱮ ᱵᱷᱚᱡᱚᱱ ᱥᱮ ᱵᱷᱚᱠᱛᱤ ᱥᱮᱨᱮᱧ ᱥᱚᱫᱚᱨ ᱞᱮᱫ-ᱟᱠᱚI
233,"गीत Suuganma शाम शुरू हो गया था, उसके बाद जयर शैंबर बूय ने क्लोगुल को भी प्रेरित किया . राजा, राज खानल उसके साथ था.","ᱟᱭᱩᱵ ᱯᱚᱦᱚᱨ ᱨᱮᱱᱟᱜ ᱮᱛᱚᱦᱚᱵ ᱵᱟᱰᱚᱦᱤ ᱥᱟᱸᱡᱩ ᱥᱟᱨᱢᱟ ᱦᱩᱭ ᱠᱮᱫᱼᱟᱭ, ᱚᱱᱟ ᱛᱟᱭᱚᱢ ᱡᱚᱭ ᱥᱚᱸᱠᱚᱨ ᱪᱚᱣᱫᱷᱨᱤ ᱠᱮᱫᱼᱟᱭ᱾ ᱪᱟᱷᱯᱯᱚᱱ ᱵᱷᱚᱜᱽ ᱵᱷᱟᱡᱚᱱ ᱦᱚᱸ ᱦᱩᱭ ᱮᱱᱟ᱾ ᱵᱟᱰᱚᱦᱤ, ᱨᱟᱡᱩ ᱠᱷᱟᱸᱰᱮᱞᱣᱟᱞ ᱩᱱᱤ ᱥᱟᱶ ᱛᱟᱦᱮᱸ ᱠᱟᱱᱟᱭ᱾"
234,"फिर, लार्क सिंह ख्स गाने में नेतृत्व ले लिया.",ᱟᱨᱦᱚᱸ ᱞᱟᱠᱠᱷᱟ ᱥᱤᱝ ᱫᱚ ᱵᱷᱟᱡᱚᱱ ᱥᱮᱨᱮᱧ ᱟᱜᱽᱨᱟᱬᱤ ᱵᱷᱩᱢᱤᱠᱟ ᱮᱢ ᱠᱮᱫᱼᱟᱭ᱾
235,"शिखान बीहोग (धर्म में 56 अलग - अलग खाने की चीज़ें हैं, जैसे मीठा, फल, फल, फूल वगैरह ।)","ᱪᱷᱟᱯᱯᱚᱱ ᱵᱷᱚᱜᱽ ᱨᱮᱱᱟᱜ ᱑᱐᱘ ᱯᱞᱮᱴ (ᱦᱤᱸᱫᱩ ᱫᱷᱚᱨᱚᱢ ᱨᱮ, ᱕᱖ ᱮᱴᱟᱜ ᱠᱷᱟᱫᱽ ᱡᱚᱢ, ᱡᱮᱞᱮᱠᱟ ᱞᱟᱹᱰᱩ, ᱡᱚ, ᱢᱮᱣᱟ, ᱡᱚᱢᱟᱜ ᱮᱢᱟᱱ ᱡᱟᱦᱟᱸ ᱫᱚ ᱫᱷᱚᱨᱢᱚ ᱠᱚ ᱮᱢ ᱠᱚ ᱠᱟᱱᱟ) ᱵᱟᱵᱟ ᱥᱭᱟᱢ ᱠᱚ ᱦᱟᱹᱴᱤᱧ ᱟᱫᱨᱭᱟ᱾"
236,लांग सिंह ने चप्पान बोहहरान को भी प्रस्तुत किया ।,"ᱞᱟᱠᱠᱷᱟ ᱥᱤᱝ ᱪᱟᱷᱯᱯᱚᱱ ᱵᱷᱚᱜᱽ ᱵᱷᱟᱡᱚᱱ ᱦᱚᱸ ᱦᱩᱭ ᱮᱱᱟ ᱵᱟᱰᱚᱦᱤ, ᱨᱟᱡᱩ ᱠᱷᱟᱸᱰᱮᱞᱣᱟᱞ ᱩᱱᱤ ᱥᱟᱶ ᱛᱟᱦᱮᱸ ᱠᱟᱱᱟᱭ᱾"
237,"गुरुवार के प्रमुखविचार प्रस्तुति में टोक्यो खेल शो, Ninnon Nind राष्ट्रपति Suu Cra ने कंपनी के नए Nininino क्रांति कंसोल के लिए डिजाइन की घोषणा की.","ᱥᱟᱹᱨᱫᱤ ᱢᱟᱦᱟᱸ ᱨᱮᱭᱟᱜ ᱴᱚᱠᱤᱭᱳ ᱜᱮᱢᱥ ᱥᱳ ᱢᱩᱬ ᱩᱱᱩᱫᱩᱜ ᱨᱮ, ᱱᱤᱱᱛᱮᱱᱰᱳ ᱨᱤᱱᱤᱡ ᱯᱟᱨᱥᱮᱛ ᱥᱚᱛᱳᱨᱩ ᱤᱣᱟᱴᱟ ᱠᱚᱢᱯᱟᱱᱤ ᱨᱮᱭᱟᱜ ᱱᱟᱣᱟ ᱱᱤᱱᱛᱮᱱᱰᱳ ᱠᱨᱟᱱᱛᱤ ᱠᱚᱣᱥᱚᱞ ᱞᱟᱹᱜᱤᱫ ᱠᱚᱱᱴᱨᱚᱞᱚᱨ ᱱᱚᱠᱥᱟ ᱭᱮ ᱩᱰᱷᱟᱹᱣ ᱥᱟᱹᱜᱩᱱ ᱟᱠᱟᱫ-ᱟI"
238,एक टी. वी.,"ᱴᱮᱞᱤᱵᱷᱤᱥᱚᱱ ᱨᱮᱭᱟᱜ ᱨᱤᱢᱚᱴ ᱞᱮᱠᱟᱱᱟᱜ, ᱠᱚᱱᱴᱨᱳᱞᱟᱨ ᱫᱚ ᱛᱷᱨᱤ-ᱰᱟᱭᱢᱮᱱᱥᱟᱱ ᱡᱟᱭᱜᱟ ᱨᱮ ᱚᱱᱟ ᱨᱮᱭᱟᱜ ᱴᱷᱟᱶ ᱯᱮᱠᱚᱬᱟᱠᱟᱨ ᱠᱚᱨᱟᱣ ᱞᱟᱹᱜᱤᱫ ᱵᱮᱵᱷᱟᱨᱤᱭᱟᱹ ᱟᱜ ᱴᱮᱞᱤᱵᱷᱤᱥᱚᱱ ᱥᱩᱨ ᱨᱮ ᱵᱟᱨᱭᱟ ᱥᱮᱱᱥᱟᱨ ᱮ ᱵᱮᱵᱷᱟᱨᱟ᱾"
239,यह खिलाड़ियों को हवा के माध्यम से उपकरण को खिसकाकर और वीडियो खेलों को नियंत्रित करने की अनुमति देगा.,ᱱᱚᱣᱟ ᱫᱚ ᱠᱷᱮᱞᱚᱸᱰᱤᱭᱟᱹ ᱠᱚ ᱦᱚᱭ ᱛᱟᱞᱟ ᱛᱮ ᱰᱤᱵᱷᱟᱭᱤᱥ ᱦᱟᱸᱛᱮᱼᱱᱟᱸᱛᱮ ᱠᱟᱛᱮ ᱵᱷᱤᱰᱤᱭᱚ ᱜᱮᱢᱥ ᱨᱮᱭᱟᱜ ᱠᱟᱹᱢᱤᱦᱚᱨᱟ ᱟᱨ ᱦᱟᱞᱪᱟᱞ ᱠᱚ ᱪᱟᱪᱞᱟᱣ ᱨᱮᱭᱟᱜ ᱫᱟᱣ ᱮ ᱮᱢᱟ ᱠᱚᱣᱟ᱾
240,वह अपनी कार के नियंत्रण खो बैठा और शुरू होने के तुरंत बाद वह दौड़ खत्म हो गयी ।,ᱡᱤᱭᱟᱱᱠᱟᱨᱞᱚ ᱯᱷᱤᱥᱤᱪᱮᱞᱞᱟ ᱟᱡᱟᱜ ᱜᱟᱹᱰᱤ ᱨᱮᱭᱟᱜ ᱪᱟᱪᱞᱟᱣ ᱮ ᱟᱫᱽ ᱠᱮᱫᱟ ᱟᱨ ᱮᱛᱚᱦᱚᱵ ᱨᱮᱭᱟᱜ ᱟᱹᱰᱤ ᱩᱥᱟᱹᱨᱟ ᱜᱮ ᱨᱮᱥ ᱮ ᱢᱩᱪᱟᱹᱫ ᱠᱮᱫᱟ᱾
241,"उसकी टीम फरसो दौड़ के लिए नेतृत्व में था, लेकिन यह अपने गड्ढे के बंद होने के ठीक बाद समाप्त हो गया, शायद इसलिए कि एक बुरी तरह से सही सामने घंटी के सामने व्हील.","ᱟᱡᱟᱜ ᱫᱚᱞ ᱨᱮᱱ ᱯᱷᱟᱨᱱᱟᱱᱫᱚ ᱮᱞᱚᱱᱥᱚ ᱨᱮᱥ ᱨᱮᱭᱟᱜ ᱡᱟᱹᱥᱛᱤ ᱜᱟᱱ ᱚᱠᱛᱚ ᱜᱮ ᱞᱤᱰ ᱨᱮᱭ ᱛᱟᱦᱮᱸ ᱠᱟᱱᱟ, ᱢᱮᱱᱠᱷᱟᱱ ᱩᱱᱤᱭᱟᱜ ᱯᱤᱴ-ᱥᱴᱚᱯ ᱨᱮᱭᱟᱜ ᱴᱷᱤᱠ ᱛᱟᱭᱚᱢ ᱜᱮ ᱱᱚᱣᱟᱭ ᱢᱩᱪᱟᱹᱫ ᱠᱟᱫᱟ, ᱦᱩᱭ ᱫᱟᱲᱮᱭᱟᱜᱼᱟ ᱞᱮᱸᱜᱟ ᱥᱟᱢᱟᱝ ᱨᱮᱭᱟᱜ ᱪᱟᱠᱟ ᱟᱹᱰᱤ ᱜᱟᱹᱦᱤᱨ ᱛᱮ ᱟᱴᱠᱟᱣᱮᱱ ᱠᱷᱟᱹᱛᱤᱨ᱾"
242,माइकल एस्किनसो के कुछ ही समय बाद अपनी दौड़ खत्म हो गयी ।,"ᱢᱟᱭᱠᱮᱞ ᱥᱩᱢᱟᱠᱟᱨ ᱮᱞᱚᱱᱥᱳ ᱛᱟᱭᱚᱢ ᱜᱮ ᱟᱡᱟᱜ ᱨᱮᱥ ᱨᱮ ᱢᱩᱪᱟᱹᱫ ᱞᱮᱫᱟ, ᱪᱮᱫᱟᱜ ᱥᱮ ᱨᱮᱥ ᱚᱠᱛᱚ ᱱᱟᱱᱟᱼᱦᱩᱱᱟᱹᱨ ᱞᱟᱹᱰᱷᱟᱹᱭ ᱥᱟᱥᱯᱮᱱᱥᱟᱱ ᱰᱮᱢᱮᱡᱽ ᱮᱱ ᱠᱷᱟᱹᱛᱤᱨ᱾"
243,उसने समाचार सम्मेलन की एक प्रति के अनुसार कहा ।,"⁣""ᱰᱚᱜᱚᱨ ᱫᱩᱯᱩᱲᱩᱵ ᱨᱮᱭᱟᱜ ᱢᱤᱫ ᱴᱨᱟᱱᱥᱠᱨᱤᱯ ᱞᱮᱠᱟᱛᱮ ᱩᱱᱤᱭ ᱞᱟᱹᱭ ᱟᱠᱟᱫᱟ,"" ᱩᱱᱤ ᱟᱹᱰᱤ ᱪᱮᱦᱨᱟ ᱟᱨ ᱟᱹᱰᱤ ᱵᱷᱟᱜᱮ ᱦᱚᱸᱭ ᱥᱮᱨᱮᱧᱟ᱾"
244,"मैं हर बार प्रेरित किया गया था जब हम इस पर एक अभ्यास किया था, मेरे दिल के नीचे से.","ᱡᱚᱠᱷᱚᱱ ᱜᱮ ᱟᱞᱮ ᱱᱚᱣᱟ ᱞᱮ ᱨᱤᱭᱟᱨᱥᱮᱞ ᱟᱠᱟᱫᱟ, ᱤᱧ ᱤᱧᱟᱜ ᱚᱱᱛᱚᱨ ᱵᱷᱤᱛᱤᱨ ᱠᱷᱚᱱ ᱮ ᱦᱮᱞᱠᱟᱣ ᱟᱠᱟᱱᱟ᱾"
245,"लगभग 3 मिनट में लॉन्च करने के लिए, एक बोर्ड-बोर्ड कैमरा ने ईंधन टैंकों से दूर रोकने के कई टुकड़ों को दिखाया.","ᱞᱚᱧᱪ ᱨᱮᱭᱟᱜ ᱟᱢᱫᱟᱡᱽ ᱴᱤᱲᱤᱡ ᱛᱟᱭᱚᱢ, ᱢᱤᱫ ᱚᱱᱼᱵᱚᱨᱰ ᱠᱮᱢᱮᱨᱟ ᱯᱷᱤᱭᱩᱞ ᱴᱮᱸᱠ ᱠᱷᱚᱱ ᱤᱱᱥᱩᱞᱮᱥᱟᱱ ᱯᱷᱚᱢ ᱨᱮᱭᱟᱜ ᱟᱭᱢᱟ ᱦᱟᱹᱴᱤᱧ ᱪᱷᱟᱲᱟᱣ ᱮ ᱩᱫᱩᱜ ᱠᱮᱫᱟ᱾"
246,"लेकिन, उन्हें ऐसा नहीं सोचा जाता है कि बंद करने के लिए उन्हें कोई नुकसान हुआ है ।","ᱛᱚᱵᱮ, ᱚᱱᱟ ᱠᱚ ᱥᱟᱴᱟᱨ ᱨᱮᱭᱟᱜ ᱡᱟᱦᱟᱸ ᱮ ᱠᱷᱩᱛᱤ ᱟᱠᱟᱫ ᱞᱮᱠᱟ ᱵᱟᱝ ᱢᱚᱱᱮᱜ ᱠᱟᱱᱟ᱾"
247,"नासा के बंद प्रोग्राम N. वेन जेन. ने कहा कि जब हम के बारे में चिंतित हैं ""के बाद वह सब गिर गया था. ""","ᱱᱟᱥᱟ ᱨᱮᱭᱟᱜ ᱥᱟᱴᱟᱞ ᱠᱟᱹᱢᱤᱦᱚᱨᱟ ᱨᱮᱱ ᱢᱩᱬ ᱮᱱ. ᱣᱮᱱ ᱦᱮᱞ ᱮ ᱞᱟᱹᱭ ᱟᱠᱟᱫᱟ ""ᱟᱞᱮ ᱪᱤᱱᱛᱟᱹ ᱨᱮᱞᱮ ᱛᱟᱦᱮᱸᱠᱟᱱ ᱛᱟᱭᱚᱢ"" ᱯᱷᱚᱱ ᱧᱩᱨᱟᱠᱟᱱᱟ᱾"""
248,"एक मिनट में एक हवा में उछलना शुरू हो जाता है, एक मिनट बाद, हवा 70 किलोमीटर प्रति घंटे तक पहुँच रही है... तब बारिश आती है, लेकिन इतना कठिन और इतनी बड़ी है कि यह एक सुई की तरह अपनी त्वचा थप्पड़ता है, फिर आकाश से ओले गिर गये, लोगों को घबरा और एक दूसरे के ऊपर चल रहा है।","ᱰᱤᱥᱯᱞᱮ ᱨᱮ ᱢᱚᱬᱮ ᱴᱤᱲᱤᱡ ᱛᱟᱭᱚᱢ ᱦᱚᱭ ᱞᱤᱸᱜᱤᱱ ᱮᱦᱚᱵ ᱮᱱᱟ, ᱢᱤᱫ ᱴᱤᱲᱤᱡ ᱛᱟᱭᱚᱢ, ᱦᱚᱭ ᱫᱚ ᱗᱐ ᱠᱤᱢᱤ/ᱴᱟᱲᱟᱝ ᱨᱮ ᱪᱟᱞᱟᱣ ᱮᱱᱟ…ᱚᱱᱟ ᱛᱟᱭᱚᱢ ᱫᱟᱜ ᱦᱮᱡ ᱮᱱᱟ ᱢᱮᱱᱠᱷᱟᱱ ᱩᱱᱟᱹᱜ ᱠᱮᱴᱮᱡ ᱟᱨ ᱩᱱᱟᱹᱜ ᱞᱟᱹᱴᱩ ᱡᱮ ᱟᱢᱟᱜ ᱪᱟᱢᱲᱟ ᱥᱩᱭ ᱞᱮᱠᱟᱭ ᱯᱟᱹᱴᱤᱭᱟ, ᱟᱱᱟ ᱛᱟᱭᱚᱢ ᱥᱮᱨᱢᱟ ᱠᱷᱚᱱ ᱟᱨᱮᱞ ᱧᱩᱨᱩᱜ ᱠᱟᱱᱟ, ᱦᱚᱲ ᱠᱚ ᱵᱚᱛᱚᱨ ᱟᱨ ᱠᱤᱠᱭᱟᱹᱣ ᱠᱟᱛᱮ ᱟᱢᱼᱤᱧ ᱪᱮᱛᱟᱱ ᱨᱮᱠᱚ ᱫᱟᱹᱲ ᱵᱟᱲᱟᱭ ᱠᱟᱱᱟ᱾"
249,"मैं अपनी बहन और अपने दोस्त को खो बैठा, और मेरे रास्ते पर दो अपंग लोग थे, लोगों ने बस कूदकर उन्हें धक्का दिया,"" हथियारों से कहा.","ᱤᱧ ᱤᱧ ᱨᱮᱱ ᱢᱤᱥᱮᱨᱟ ᱟᱨ ᱩᱱᱤ ᱨᱮᱱ ᱜᱟᱛᱮ ᱛᱟᱹᱠᱤᱱ ᱤᱧ ᱟᱫᱽ ᱟᱠᱟᱫ ᱠᱤᱱᱟ, ᱤᱧᱟᱜ ᱦᱚᱨ ᱨᱮ ᱦᱩᱭᱤᱞᱢᱟᱹᱪᱤ ᱨᱮ ᱵᱟᱨᱭᱟ ᱫᱤᱵᱽᱭᱟᱝ ᱦᱚᱲ ᱠᱤᱱ ᱛᱟᱦᱮᱸ ᱠᱟᱱᱟ, ᱦᱚᱲ ᱠᱷᱟᱹᱞᱤ ᱩᱱᱠᱤᱱ ᱫᱚᱱ ᱯᱟᱨᱚᱢ ᱠᱟᱛᱮ ᱟᱨᱠᱚ ᱰᱷᱮᱠᱟᱭᱮᱫ ᱠᱤᱱ ᱛᱟᱦᱮᱸᱱᱟ,"" ᱟᱨᱢᱚᱱᱰ ᱵᱷᱟᱨᱥᱟᱪᱮᱭ ᱞᱟᱹᱭ ᱞᱮᱫᱟ᱾"
250,नीशी ने यह भी रिपोर्ट दी कि नीगेवा परमाणु शक्‍ति के परमाणु इंजन में आम तौर पर काम किया जा रहा था ।,ᱮᱱᱹᱮᱪᱹᱠᱮᱹ ᱱᱚᱣᱟ ᱦᱚᱸᱭ ᱞᱟᱹᱭ ᱟᱠᱟᱫᱟ ᱡᱮ ᱱᱤᱜᱟᱴᱟ ᱯᱨᱤᱯᱷᱮᱠᱪᱟᱨ ᱨᱮᱭᱟᱜ ᱠᱟᱥᱤᱣᱟᱡᱟᱠᱤ ᱠᱟᱨᱤᱣᱟ ᱱᱤᱣᱠᱞᱤᱯᱭᱟᱨ ᱯᱟᱣᱟᱨ ᱯᱞᱮᱱᱴ ᱴᱷᱤᱠ ᱜᱮᱭ ᱠᱟᱹᱢᱤᱭᱮᱫ ᱠᱟᱱ ᱛᱟᱦᱮᱸᱱᱟ᱾
251,Hukiko बिजली कॉल. भूकंप से कोई प्रभाव नहीं रिपोर्ट किया गया और कि अपने शिमका परमाणु संयंत्र पर संख्या 1 और 2 रिएक्टर बंद कर दिए गए थे.,ᱦᱚᱠᱩᱨᱤᱠᱩ ᱤᱞᱮᱠᱴᱨᱚᱱᱤᱠ ᱯᱟᱣᱟᱨ ᱠᱚᱢᱯᱟᱱᱤ ᱮ ᱞᱟᱹᱭ ᱟᱠᱟᱫᱟ ᱡᱮ ᱫᱷᱟᱹᱨᱛᱤ ᱞᱟᱲᱟᱣ ᱛᱮ ᱡᱟᱦᱟᱸᱱ ᱚᱨᱥᱚᱝ ᱵᱟᱝ ᱦᱩᱭ ᱟᱠᱟᱱᱟ ᱟᱨ ᱱᱚᱣᱟ ᱨᱮᱭᱟᱜ ᱥᱤᱠᱟ ᱱᱤᱣᱠᱞᱤᱯᱭᱟᱨ ᱯᱟᱣᱟᱨ ᱯᱞᱮᱱᱴ ᱨᱮᱭᱟᱜ ᱮᱞᱠᱷᱟ ᱑ ᱟᱨ ᱒ ᱨᱤᱭᱮᱠᱴᱟᱨ ᱵᱚᱱᱫᱚ ᱦᱩᱭ ᱟᱠᱟᱱᱟ᱾
252,यह रिपोर्ट दी गयी है कि क्षेत्र में करीब 9400 घरों को पानी के बिना और करीब 100 बिजली नहीं है ।,ᱱᱤᱭᱟᱹ ᱨᱤᱯᱚᱨᱴ ᱦᱩᱭ ᱟᱠᱟᱱᱟ ᱡᱮ ᱱᱚᱣᱟ ᱴᱚᱴᱷᱟ ᱨᱮ ᱙᱔᱐᱐ ᱜᱟᱱ ᱚᱲᱟᱜ ᱨᱮ ᱫᱟᱜ ᱟᱨ ᱟᱢᱫᱟᱡᱽ ᱑᱐᱐ ᱜᱟᱱ ᱚᱲᱟᱜ ᱨᱮ ᱵᱤᱡᱽᱞᱤ ᱵᱟᱹᱱᱩᱜᱼᱟ᱾
253,"कुछ सड़कें खराब हो गयी हैं, रेलवे सेवा ने प्रभावित क्षेत्रों में बाधा डाली है, और ईशीकावा के नटो हवाई अड्डे को बंद कर दिया गया है ।","ᱟᱫᱚᱢ ᱰᱟᱦᱟᱨ ᱠᱷᱩᱛᱤ ᱟᱠᱟᱱᱟ, ᱚᱨᱥᱚᱝ ᱟᱠᱟᱱ ᱴᱚᱴᱷᱟ ᱨᱮ ᱨᱮᱞ ᱥᱮᱵᱟ ᱛᱷᱩᱠᱩᱢ ᱟᱠᱟᱱᱟ, ᱟᱨ ᱤᱥᱤᱠᱟᱣᱟ ᱯᱨᱤᱯᱷᱮᱠᱪᱟᱨ ᱨᱮᱭᱟᱜ ᱱᱚᱴᱳ ᱩᱰᱟᱹᱱ ᱰᱟᱹᱦᱤ ᱵᱚᱱᱫᱚ ᱢᱮᱱᱟᱜᱼᱟ᱾"
254,राज्यपाल जनरल के कार्यालय के बाहर एक बम विस्फोट हुआ.,ᱜᱚᱵᱷᱚᱨᱱᱚᱨ ᱡᱮᱱᱟᱨᱮᱞ ᱟᱜ ᱚᱯᱷᱤᱥ ᱥᱟᱢᱟᱝ ᱨᱮ ᱢᱤᱫ ᱵᱚᱢ ᱴᱷᱩᱣᱟᱠᱟᱱᱟ᱾
255,दो घंटे की अवधि में सरकारी इमारतों के पास तीन और बम विस्फोट हुए ।,ᱵᱟᱨ ᱴᱟᱲᱟᱝ ᱢᱩᱸᱫᱽᱨᱮ ᱥᱚᱨᱠᱟᱨᱤ ᱵᱤᱞᱰᱤᱝ ᱥᱩᱨ ᱨᱮ ᱟᱨᱦᱚᱸ ᱯᱮᱭᱟ ᱵᱚᱢ ᱵᱤᱥᱯᱷᱚᱴ ᱞᱮᱱᱟI
256,"कुछ रिपोर्टों ने सरकारी मौत को आठ साल के अंदर बंद कर दिया, और सरकारी रिपोर्टें पुष्टि करती हैं कि ३० से अधिक लोग घायल हुए; लेकिन अंतिम संख्या अब तक ज्ञात नहीं है ।","ᱟᱫᱚᱢ ᱨᱤᱯᱚᱨᱴ ᱨᱮ ᱚᱯᱷᱤᱥᱤᱭᱟᱞ ᱜᱩᱨ ᱨᱮᱭᱟᱜ ᱮᱞ ᱤᱨᱟᱹᱞ ᱞᱟᱹᱭᱟᱠᱟᱱᱟ, ᱟᱨ ᱚᱯᱷᱤᱥᱤᱭᱟᱞ ᱨᱤᱯᱚᱨᱴ ᱠᱚᱱᱯᱷᱟᱨᱢ ᱟᱠᱟᱱ ᱡᱮ ᱓᱐ ᱦᱚᱲ ᱠᱚ ᱵᱟᱡᱟᱣ ᱟᱠᱟᱱᱟ; ᱢᱮᱱᱠᱷᱟᱱ ᱯᱷᱟᱭᱱᱟᱞ ᱮᱞᱠᱷᱟ ᱫᱚ ᱱᱤᱛ ᱦᱚᱸ ᱵᱟᱝ ᱵᱟᱲᱟᱭ ᱟᱠᱟᱱᱟ᱾"
257,"फिर भी, कुछ लोगों ने अपने शरीर के अंगों को दूषित करने की कोशिश की ।","ᱯᱟᱹᱞᱛᱩ ᱡᱟᱹᱱᱣᱟᱹᱨ ᱨᱮᱭᱟᱜ ᱡᱚᱨᱡᱟ ᱫᱚ ᱱᱟᱹᱢᱩᱱᱟᱹ ᱨᱮ ᱥᱟᱭᱟᱹᱱᱥᱭᱩᱨᱤᱠ ᱮᱥᱤᱰ ᱟᱨ ᱢᱮᱞᱟᱢᱟᱭᱤᱱ ᱵᱟᱨᱭᱟ ᱧᱟᱢ ᱮᱱᱟ, ᱚᱠᱟ ᱫᱚ ᱫᱩᱥᱤᱛ ᱯᱟᱹᱞᱛᱩ ᱡᱚᱢᱟᱜ ᱡᱚᱢ ᱠᱟᱛᱮ ᱜᱚᱡ ᱮᱱᱟ ᱠᱚ᱾"
258,विश्‍वविद्यालय के खोजकर्ताओं ने कहा कि दो संस्थाएँ एक दूसरे को क्रिस्टल बनाने के लिए प्रतिक्रिया दिखाती हैं ।,ᱣᱤᱥᱣᱚᱵᱤᱫᱭᱟᱞᱚᱭ ᱨᱤᱱ ᱥᱚᱫᱷᱠᱚᱨᱛᱟ ᱠᱚ ᱢᱮᱱ ᱠᱮᱜᱼᱟ ᱡᱮ ᱵᱟᱨᱭᱟ ᱭᱚᱜᱤᱠ ᱠᱨᱤᱥᱴᱤᱭᱟᱹᱱ ᱛᱮᱭᱟᱨ ᱞᱟᱹᱜᱩᱫ ᱱᱤᱡᱚᱨ ᱵᱷᱤᱛᱨᱭ ᱨᱮ ᱥᱟᱹᱜᱟᱹᱭ ᱛᱟᱦᱮᱸ ᱫᱚᱨᱠᱟᱨ ᱠᱟᱱᱟ ᱚᱠᱟ ᱫᱚ ᱠᱤᱰᱱᱤ ᱨᱮᱭᱟᱜ ᱠᱟᱹᱢᱤ ᱨᱮ ᱵᱟᱹᱫᱷᱟᱹ ᱮᱢ ᱫᱟᱲᱮᱭᱟᱜᱼᱟᱭ᱾
259,"इन वैज्ञानिकों ने बिल्ली के मल में पाए जानेवाले क्रिस्टलों को, मेललानी और सिलिक अम्ल के साथ - साथ देखा ।",ᱥᱚᱫᱷᱠᱚᱨᱛᱟ ᱫᱚ ᱯᱩᱥᱤ ᱨᱮᱭᱟᱜ ᱡᱚᱨᱭᱟ ᱨᱮ ᱢᱮᱞᱟᱢᱟᱭᱤᱱ ᱟᱨ ᱥᱟᱭᱱᱭᱩᱨᱤᱠ ᱮᱥᱤᱰ ᱨᱮᱭᱟᱜ ᱡᱩᱲᱟᱹᱣ ᱥᱟᱶ ᱠᱨᱤᱥᱴᱟᱹᱞ ᱠᱚ ᱧᱟᱢ ᱠᱮᱜᱼᱟ᱾
260,"प्रकाश - संश्‍लेषण (FTIR) की तुलना में, इन क्रिस्टलों का स्वरूप उन पर असर करनेवाले पालतू पालतू जानवरों से मेल खाता है ।",ᱤᱱᱯᱷᱨᱟᱨᱮᱰ ᱥᱯᱮᱠᱴᱨᱚᱥᱠᱚᱯᱭ (ᱮᱯᱷᱹᱴᱤᱹᱟᱭᱹᱟᱨᱹ) ᱨᱮᱭᱟᱜ ᱛᱩᱲᱚᱱ ᱨᱮ ᱱᱟᱶᱟ ᱠᱨᱤᱥᱴᱚᱞ ᱨᱮᱭᱟᱜ ᱥᱚᱝᱨᱚᱪᱱᱟ ᱯᱨᱚᱣᱟᱣᱤᱛ ᱯᱟᱹᱞᱛᱩ ᱡᱟᱹᱱᱛᱩ ᱠᱚᱣᱟᱜ ᱡᱚᱨᱭᱟ ᱨᱮ ᱧᱟᱢ ᱠᱚ ᱥᱟᱞᱟᱜ ᱢᱮᱲᱟᱣᱜ ᱠᱟᱱᱟ᱾
261,"मैं नहीं जानता कि अगर आप यह पता है या नहीं, लेकिन मध्य अमेरिका से अधिकांश संपत्ति इस देश कर्तव्य-स्वतंत्र में आया था।","ᱤᱧ ᱵᱟᱹᱧ ᱵᱟᱲᱟᱭᱟ ᱡᱮ ᱟᱢ ᱵᱟᱲᱟᱭᱟᱢ ᱥᱮ ᱵᱟᱝᱟ, ᱢᱮᱱᱠᱷᱟᱱ ᱛᱟᱞᱟ ᱟᱢᱮᱨᱤᱠᱟ ᱠᱷᱚᱱ ᱰᱷᱮᱨ ᱡᱤᱱᱤᱥ ᱱᱚᱶᱟ ᱫᱤᱥᱚᱢ ᱨᱮ ᱥᱩᱞᱠ ᱢᱩᱯᱷᱚᱛ ᱦᱮᱡ ᱮᱱᱟ᱾"
262,फिर भी हमारे माल में से अस्सी प्रतिशत मध्य अमरीकी देशों में टार बीफ़ के माध्यम से कर दिया गया था. हम आप के इलाज करते हैं.,ᱮᱱᱛᱮᱨᱮᱦᱚᱸ ᱟᱞᱮᱭᱟᱜ ᱢᱟᱞ ᱨᱮᱭᱟᱜ ᱤᱨᱟᱹᱜᱮᱞ ᱥᱚᱛ ᱪᱮᱛᱟᱱ ᱨᱮ ᱢᱚᱫᱷᱭᱚᱢ ᱟᱢᱮᱨᱤᱠᱟ ᱫᱤᱥᱚᱢ ᱨᱮ ᱴᱮᱨᱤᱯᱷ ᱨᱮᱭᱟᱜ ᱢᱟᱫᱷᱭᱚᱢ ᱛᱮ ᱠᱟᱨᱟᱣ ᱮᱱᱟ᱾ ᱟᱠᱮ ᱟᱯᱮᱠᱚ ᱴᱷᱤᱠᱮᱫ ᱯᱮᱭᱟ᱾
263,"कि मुझे समझ में नहीं आया था, यह निश्चित रूप से उचित नहीं था.",ᱱᱟᱣᱟ ᱤᱧ ᱫᱚ ᱵᱟᱹᱧ ᱵᱩᱡᱷᱟᱹᱣ ᱫᱟᱲᱮᱭᱟᱫᱼᱟ; ᱱᱟᱶᱟ ᱥᱤᱫᱷᱟ ᱠᱟᱛᱷᱟ ᱛᱮ ᱵᱟᱭ ᱴᱷᱤᱠᱟ᱾
264,सभी मैं लोगों को कहते हैं कि हम आप के साथ जिस तरह से व्यवहार करते हैं.,ᱤᱧ ᱦᱚᱲ ᱠᱚ ᱠᱷᱟᱹᱞᱤ ᱱᱤᱱᱟᱹᱜ ᱤᱧ ᱢᱮᱛᱟ ᱠᱚ ᱠᱟᱱᱟ ᱡᱮ ᱟᱯᱮ ᱟᱞᱮ ᱥᱟᱞᱟᱜ ᱱᱚᱠᱟ ᱜᱮ ᱵᱮᱵᱷᱟᱨ ᱯᱮ ᱡᱮᱞᱠᱟ ᱟᱞᱮ ᱟᱞᱮ ᱥᱟᱶ ᱞᱮ ᱠᱚᱨᱟᱣᱮᱫᱟ᱾
265,कैलिफ़ोर्निया के राज्यपाल अर्नाल्ड श्‍नेल ने कानून के तहत एक बिल पर दस्तखत किए जिसमें वीडियो गेमों की बिक्री पर पाबंदी लगा दी गयी थी ।,ᱠᱮᱞᱤᱯᱷᱚᱨᱱᱤᱭᱟ ᱨᱤᱱᱤᱡ ᱜᱚᱣᱟᱹᱨᱱᱟᱹᱨ ᱟᱨᱱᱚᱞᱰ ᱥᱣᱟᱡᱽᱱᱮᱜᱚᱨ ᱫᱚ ᱠᱟᱹᱱᱩᱱ ᱨᱮ ᱢᱤᱫ ᱵᱚᱫᱚᱞ ᱠᱟᱛᱮ ᱥᱩᱦᱤ ᱮᱢ ᱠᱮᱜᱼᱟᱭ ᱚᱠᱟ ᱫᱚ ᱦᱚᱯᱚᱱ ᱜᱤᱫᱽᱲᱟᱹ ᱠᱚ ᱦᱤᱝᱥᱟᱹ ᱣᱤᱰᱤᱭᱚ ᱠᱷᱮᱞ ᱨᱮᱭᱟᱜ ᱵᱤᱠᱨᱤ ᱟᱨ ᱵᱟᱝ ᱵᱷᱟᱲᱟ ᱪᱮᱛᱟᱱ ᱨᱮ ᱵᱚᱫ ᱞᱟᱜᱟᱣᱟᱭ᱾
266,"बिल को कैलिफ़ोर्निया राज्य में बेच दिया गया हिंसक वीडियो गेमों की जरूरत है ""18"" के साथ पर लिखा गया है और एक छोटी सी सज़ा देने के लिए अपने बिक्री को एक छोटे से अपराध के द्वारा एक छोटी सी सज़ा देता है.","ᱵᱤᱞ ᱨᱮ ᱠᱮᱞᱤᱯᱷᱚᱨᱱᱤᱭᱟ ᱯᱚᱱᱟᱛ ᱨᱮ ᱟᱠᱷᱨᱤᱧᱚᱜ ᱠᱟᱱ ᱦᱤᱝᱥᱟᱹ ᱣᱤᱰᱤᱭᱚ ᱜᱮᱢ ᱫᱚ ""᱑᱘"" ᱯᱟᱲᱦᱟᱣ ᱥᱟᱶᱛᱮ ᱞᱮᱣᱮᱞ ᱠᱚᱨᱟᱣ ᱨᱮᱭᱟᱜ ᱫᱚᱨᱠᱟᱨ ᱠᱟᱱᱟ ᱟᱨ ᱢᱤᱫᱴᱟᱹᱝ ᱱᱟᱹᱵᱟᱹᱞᱤᱠ ᱠᱚ ᱩᱱᱤᱭᱟᱜ ᱵᱤᱠᱨᱤ $᱑᱐᱐᱐ ᱛᱮ ᱚᱯᱷᱨᱟᱫ ᱨᱮᱭᱟᱜ ᱡᱩᱨᱢᱟᱱᱟ ᱠᱷᱚᱱ ᱰᱟᱱᱰᱚᱢᱤᱭᱟᱹ ᱛᱮᱭᱟᱨ ᱠᱮᱫ ᱠᱚᱣᱟᱭ᱾"
267,"जनता की जाँच करनेवाले, किर स्टार क्यूसी ने इस सुबह नान और पाइस के सरकारी वकील की घोषणा की ।","ᱯᱟᱹᱵᱞᱤᱠ ᱯᱨᱚᱡᱮᱠᱭᱩᱥᱚᱱ ᱨᱤᱱᱤᱡ ᱰᱟᱭᱨᱮᱠᱴᱚᱨ‌, ᱠᱤᱭᱮᱨ ᱥᱴᱟᱨᱢᱟᱹᱨ ᱠᱤᱭᱩᱥᱤᱹᱥᱤᱹ ᱫᱚ ᱛᱮᱦᱮᱧ ᱥᱮᱛᱟᱜ ᱢᱤᱫ ᱠᱟᱛᱷᱟ ᱢᱮᱱ ᱠᱮᱜᱼᱟᱭ ᱡᱟᱦᱟᱸᱭ ᱨᱮ ᱦᱭᱩᱱ ᱟᱨ ᱯᱨᱟᱭᱤᱥ ᱵᱟᱨᱭᱟ ᱵᱤᱨᱩᱫ ᱨᱮ ᱢᱩᱠᱚᱫᱢᱟ ᱪᱟᱹᱞᱩ ᱨᱮᱭᱟᱜ ᱜᱷᱚᱥᱬᱟ ᱠᱮᱜᱼᱟ ᱠᱚ᱾"
268,नाना ने इनकार कर दिया है और वह Edry Way Waz द्वारा कैर्बीनेट में बदल दिया जाएगा. Men Menn Wagy व्यापार मंत्री डेवी को लेने की अपेक्षा की जाती है.,ᱦᱭᱩ ᱫᱚ ᱤᱥᱛᱚᱯᱷᱟ ᱮᱢ ᱠᱮᱜᱼᱟᱭ ᱟᱨ ᱟᱡ ᱫᱟ ᱮᱰ ᱰᱮᱭ ᱮᱢᱹᱯᱤᱹ ᱛᱮ ᱠᱮᱵᱤᱱᱮᱴ ᱨᱮ ᱵᱚᱫᱚᱞᱮᱭᱟ ᱠᱚ᱾ ᱱᱟᱨᱢᱟᱹᱱ ᱞᱮᱢᱵ ᱨᱤᱱᱤᱡ ᱥᱟᱸᱥᱚᱫ ᱫᱚ ᱵᱮᱯᱟᱨ ᱢᱚᱱᱛᱨᱭ ᱨᱮᱭᱟᱜ ᱠᱟᱹᱢᱤ ᱤᱫᱤ ᱫᱟᱲᱮ ᱞᱮᱠᱷᱟ ᱵᱩᱡᱷᱟᱹᱣᱜ ᱠᱟᱱᱟ ᱚᱠᱟ ᱫᱚ ᱰᱮᱵᱷᱤ ᱠᱷᱟᱹᱞᱤ ᱞᱮᱫᱟᱭ᱾
269,इसलिए फरवरी 16 को वेस्टमिनिस्टर कोर्ट में हाज़िर होने का इंतज़ाम किया गया है ।,ᱦᱩᱦᱱᱮ ᱟᱨ ᱯᱨᱟᱭᱤᱥ ᱫᱚ ᱑᱖ ᱯᱷᱟᱹᱜᱩᱱ ᱡᱷᱚᱜ ᱣᱮᱥᱴᱢᱤᱱᱥᱴᱚᱨ ᱢᱟᱡᱤᱥᱴᱨᱮᱴ ᱠᱳᱨᱴ ᱨᱮ ᱦᱟᱡᱚᱨ ᱦᱩᱭᱩᱜ ᱨᱮᱭᱟᱜ ᱴᱷᱟᱹᱣᱠᱟᱹ ᱟᱠᱟᱱᱟI
270,"उसकी मौत से कुछ ही समय पहले, उसकी मौत हो गयी और उसकी कीमत 25 साल की थी ।",ᱜᱩᱨ ᱟᱠᱟᱱ ᱦᱚᱲ ᱒᱕ ᱥᱮᱨᱢᱟ ᱱᱤᱠᱚᱞᱟᱥ ᱮᱞᱰᱚᱱ ᱟᱨ ᱒᱑ ᱥᱮᱨᱢᱟ ᱡᱟᱪᱨᱤ ᱠᱩᱰᱵᱮᱠ ᱛᱟᱦᱮᱸ ᱠᱟᱱᱟ ᱠᱤᱱ᱾ ᱠᱩᱰᱵᱮᱠ ᱰᱨᱟᱭᱵᱚᱨ ᱛᱟᱦᱮᱸ ᱠᱟᱱᱟᱭ᱾
271,"जब क्रिस्टीफ श्‍नेडर अपने चेहरे के लिए फिर से ऑपरेशन की माँग कर रहा था, तो उसे हाथ और जबड़े के ज़ख्म मिले ।",ᱤᱰᱜᱚᱨ ᱣᱮᱜᱩᱤᱞᱟ ᱟᱜ ᱛᱤ ᱟᱨ ᱪᱟᱢᱲᱟ ᱨᱮᱱᱟᱜ ᱜᱷᱟᱣ ᱧᱟᱢᱮᱱᱟᱭ ᱠᱨᱤᱥᱴᱚᱯᱷᱟᱨ ᱥᱟᱭᱸᱰᱚᱨ ᱟᱜ ᱩᱱᱤᱭᱟᱜ ᱢᱩᱴᱷᱟᱹᱱ ᱞᱟᱹᱜᱤᱫ ᱫᱚᱦᱲᱟ ᱵᱮᱱᱟᱣ ᱥᱟᱨᱡᱟᱨᱤ ᱨᱮᱱᱟᱜ ᱞᱟᱠᱛᱤ ᱛᱟᱦᱮᱸ ᱠᱟᱱᱟ᱾
272,"Uकाका के हथियार एक पांचवें आदमी के सिर पर दिखाई दिया. शिनाइडर को लगातार दर्द होता रहा है, एक आँख में अंधा है, खोपड़ी का एक लापता हिस्सा और टर्टनियम से एक चेहरा.","ᱢᱚᱬᱮᱭᱤᱡ ᱦᱚᱲᱟᱜ ᱵᱚᱦᱚᱜ ᱨᱮ ᱤᱥᱟᱨᱟ ᱛᱩᱞᱩᱡ ᱩᱠᱟᱹ ᱟᱜ ᱠᱷᱟᱱᱰᱟ ᱵᱮᱨᱛᱷᱟ ᱮᱱᱟ᱾ ᱥᱟᱭᱸᱰᱚᱨ ᱟᱜ ᱪᱟᱞᱟᱜ ᱠᱟᱱ ᱠᱚᱥᱴᱚ, ᱢᱤᱫ ᱢᱮᱫ ᱨᱮ ᱧᱩᱛᱟᱹᱛ, ᱠᱷᱟᱹᱯᱨᱤ ᱨᱮᱱᱟᱜ ᱢᱤᱫ ᱦᱟᱹᱴᱤᱧ ᱵᱟᱹᱱᱩᱜ ᱛᱟᱭᱟ ᱟᱨ ᱴᱟᱹᱭᱴᱮᱱᱤᱭᱚᱢ ᱛᱮ ᱵᱮᱱᱟᱣ ᱟᱠᱟᱱ ᱢᱩᱴᱷᱟᱹᱱ ᱢᱮᱱᱟᱜᱼᱟ᱾"
273,श्नेइडर ने अपने देश में एक यूएफ़एस से विडियोलिंक के द्वारा गवाही दी ।,ᱥᱟᱭᱸᱰᱚᱨ ᱫᱚ ᱟᱡᱟᱜ ᱡᱟᱱᱟᱢ ᱚᱛ ᱨᱮ ᱭᱩᱹᱮᱥᱹᱮᱹᱮᱯᱷ ᱵᱮᱥ ᱠᱷᱚᱱ ᱵᱤᱰᱤᱭᱚ ᱞᱤᱸᱠ ᱨᱮᱱᱟᱜ ᱢᱚᱫᱷᱭᱚᱢ ᱛᱮ ᱜᱚᱦᱟᱭ ᱮᱢ ᱠᱮᱫᱟ᱾
274,"बुधवार की घटना के अलावा, कार्टिडो दो अलग - अलग जातियों में जी रहा था ।","ᱥᱟᱹᱜᱩᱱ ᱢᱟᱦᱟᱸ ᱨᱮᱱᱟᱜ ᱜᱷᱚᱴᱚᱱ ᱥᱟᱦᱟ ᱨᱮ, ᱠᱟᱨᱯᱮᱱᱰᱚ ᱪᱮᱢᱯᱤᱭᱚᱱ ᱥᱤᱯ ᱨᱮ ᱵᱟᱨᱭᱟ ᱟᱹᱯᱱᱟᱹᱛ ᱫᱟᱹᱲ ᱨᱮ ᱵᱷᱟᱜ ᱦᱟᱛᱟᱣ ᱠᱮᱫᱟ᱾"
275,"उसका पहला उद्‌गम था, जहाँ उसने अपनी पहली दौड़ में कोई अंत नहीं किया ।","ᱩᱱᱤᱭᱟᱜ ᱯᱩᱭᱞᱩ ᱥᱞᱮᱢ ᱛᱟᱦᱮᱸᱞᱮᱱᱟ, ᱡᱟᱦᱟᱸ ᱩᱱᱤᱭᱟᱜ ᱟᱡᱟᱜ ᱯᱩᱭᱞᱩ ᱨᱚᱱ ᱨᱮ ᱰᱤᱰ ᱱᱚᱴ ᱯᱷᱤᱱᱤᱥ ᱟᱸᱜᱚᱪ ᱠᱮᱫᱟᱭ᱾ ᱑᱑᱖ ᱦᱮᱯᱨᱟᱣ ᱠᱚᱨᱮ ᱓᱖ ᱨᱮᱱᱟᱜ ᱥᱚᱢᱟᱱ ᱚᱱᱟ ᱫᱟᱹᱲ ᱨᱮᱱᱟᱜ ᱚᱨᱥᱚᱝ ᱛᱟᱦᱮᱸ ᱠᱟᱱᱟ᱾"
276,"उसकी दूसरी प्रजाति, विशाल Srolom, उसकी समाप्त महिलाओं के साथ मिलकर 44.30.30, 2:60 मिनट पहली जगह समाप्त करने के लिए और 1:09 मिनट से धीमी है.","ᱟᱡᱟᱜ ᱮᱴᱟᱜ ᱫᱟᱹᱲ, ᱡᱤᱭᱟᱸᱴ ᱥᱞᱟᱞᱚᱢ ᱨᱮ ᱛᱤᱨᱞᱟᱹ ᱠᱚᱣᱟᱜ ᱫᱩᱲᱩᱵ ᱜᱟᱫᱮᱞ ᱨᱮ ᱜᱮᱞ ᱟᱱᱟᱜ ᱴᱷᱟᱶ ᱨᱮ ᱟᱡᱟᱜ ᱴᱷᱟᱶ ᱧᱟᱢ ᱞᱮᱫ-ᱟ, ᱡᱟᱦᱟᱸ ᱫᱚ ᱥᱟᱸᱭᱩᱠᱛ ᱨᱚᱱ ᱚᱠᱛᱚ ᱔:᱔᱑.᱓᱐, ᱒:᱑᱑.᱖᱐ ᱴᱤᱬᱤᱡ ᱠᱚ ᱢᱟᱬᱟᱝ ᱴᱷᱟᱶ ᱛᱟᱦᱮᱸᱱᱤᱡ ᱚᱥᱴᱨᱮᱞᱤᱭᱟᱱ ᱠᱞᱟᱣᱰᱤᱭᱟ ᱞᱚᱭᱮᱥᱪ ᱣᱟᱜ ᱛᱩᱞᱟᱹ ᱡᱚᱠᱷᱟ ᱨᱮ ᱠᱚᱢ ᱛᱟᱦᱮᱸ ᱠᱟᱱᱟᱭ ᱟᱨ ᱩᱱᱤ ᱤᱨᱟᱹᱞ-ᱟᱱᱟᱜ ᱴᱷᱟᱶ ᱨᱮᱱᱟᱜ ᱛᱩᱞᱟᱹ ᱨᱮ ᱑: ᱐᱙.᱐᱒ ᱴᱤᱬᱤᱡ ᱠᱚᱢ ᱛᱟᱦᱮᱸ ᱠᱟᱱᱟᱭ᱾ ᱦᱚᱝᱜᱟᱨᱤ ᱨᱤᱱᱤᱡ ᱯᱷᱤᱱᱤᱥᱚᱨ ᱜᱭᱳᱸᱱᱜᱽᱭᱤ ᱫᱟᱱᱤI"
277,"महिलाओं के बैठे समूह में चार बड़े-बड़े दल अपनी दौड़ समाप्त करने में असफल रहे, और विशाल अंतरिक्ष में 117% 117 के कुल ट्रॉफ़ियों में से 45 प्रतियोगिता में शामिल होने से चूक गए.","ᱛᱤᱨᱞᱟᱹ ᱠᱚᱣᱟᱜ ᱫᱩᱲᱩᱵ ᱜᱟᱫᱮᱞ ᱨᱮ ᱯᱩᱱᱭᱟ ᱥᱠᱤᱭᱟᱨ ᱟᱡᱟᱜ ᱨᱚᱱ ᱢᱩᱪᱟᱹᱫ ᱨᱮ ᱵᱮᱨᱛᱷᱟ ᱛᱟᱦᱮᱸᱮᱱᱟᱭ, ᱟᱨ ᱡᱟᱭᱟᱸᱴ ᱥᱞᱮᱞᱚᱢ ᱨᱮ ᱑᱑᱗ ᱥᱠᱤᱭᱟᱨ ᱠᱚ ᱨᱮ ᱔᱕ ᱫᱟᱹᱲ ᱨᱮ ᱨᱮᱸᱠ ᱠᱚᱨᱟᱣ ᱨᱮ ᱵᱮᱨᱛᱷᱟ ᱛᱟᱦᱮᱸᱮᱱᱟᱭ᱾"
278,मद्राश पुलिस ने चोरी लैपटॉप और मोबाइल फोन को ठीक कर दिया ।,ᱢᱟᱫᱷᱭᱚ ᱯᱨᱚᱫᱮᱥ ᱯᱩᱞᱤᱥ ᱫᱚ ᱠᱩᱢᱲᱩ ᱟᱱᱟᱜ ᱢᱚᱵᱟᱭᱤᱞ ᱯᱷᱚᱱ ᱟᱨ ᱞᱮᱯᱴᱚᱯ ᱠᱚ ᱵᱨᱟᱢᱚᱫ ᱟᱠᱟᱫᱟ᱾
279,"Dudigard जनरल डी आन्या ने कहा, ""हम पाँच व्यक्तियों को गिरफ़्तार किया है जो स्विस महिला का बलात्कार किया है और उसके मोबाइल और लैपटॉप को ठीक कर दिया है।","ᱰᱮᱯᱩᱴᱤ ᱤᱱᱥᱯᱮᱠᱴᱚᱨ ᱡᱮᱱᱮᱨᱟᱞ ᱰᱤ ᱠᱮ ᱟᱨᱭᱟ ᱢᱮᱱ ᱟᱠᱟᱫ-ᱟᱭ ᱡᱮ, ᱟᱞᱮ ᱢᱚᱬᱮ ᱦᱚᱲ ᱜᱤᱨᱚᱯᱷ ᱟᱠᱟᱫ ᱠᱚᱣᱟᱞᱮ ᱡᱟᱦᱟᱸᱭᱠᱚ ᱥᱣᱤᱥ ᱛᱤᱨᱞᱟᱹ ᱵᱚᱞᱟᱛᱠᱟᱨ ᱞᱮᱫᱮᱭᱟᱠᱚ ᱟᱨ ᱩᱱᱤᱭᱟᱜ ᱢᱚᱵᱟᱭᱤᱞ ᱟᱨ ᱩᱱᱤᱭᱟᱜ ᱢᱚᱵᱟᱭᱤᱞ ᱟᱨ ᱞᱮᱯᱴᱚᱯ ᱫᱩᱜ ᱞᱮᱫ-ᱟᱞᱮ""I"
280,आरोप लगाया जाता है कि अबाबा कोर जे.,"ᱟᱨᱚᱯᱤ ᱠᱚᱣᱟᱜ ᱧᱩᱛᱩᱢ ᱵᱟᱵᱟ ᱠᱟᱸᱡᱟᱨ, ᱵᱷᱩᱛ ᱠᱟᱸᱡᱟᱨ, ᱨᱟᱢᱯᱨᱚ ᱠᱟᱸᱡᱟᱨ, ᱜᱟᱡᱟ ᱠᱟᱸᱡᱟᱨ ᱟᱨ ᱵᱤᱥᱬᱩ ᱠᱟᱸᱡᱟᱨ ᱠᱟᱱᱟᱭ᱾"
281,पुलिस अधिकारी कोर ने कहा कि पुलिस अधिकारी को अदालत के सामने पेश किया गया है ।,ᱯᱩᱞᱤᱥ ᱟᱫᱷᱤᱪᱷᱟᱠ ᱪᱟᱸᱫᱽᱨᱟᱥᱮᱠᱷᱟᱨ ᱥᱚᱞᱟᱸᱠᱤ ᱢᱮᱱ ᱠᱮᱫᱟᱭ ᱡᱮ ᱠᱤ ᱫᱚᱥᱤ ᱮᱥᱮᱫ ᱟᱠᱟᱱ ᱢᱩᱴᱷᱟᱹᱱ ᱥᱟᱶᱛᱮ ᱟᱫᱟᱞᱚᱛ ᱨᱮᱠᱚ ᱥᱚᱫᱚᱨ ᱠᱮᱫ ᱠᱚᱣᱟ᱾
282,"हालाँकि तीन लोग उस घर के अंदर थे जब कार ने उनका प्रभाव डाला, फिर भी उनमें से कोई भी चोट नहीं पहुँचा ।","ᱠᱟᱨ ᱚᱸᱰᱮ ᱴᱷᱚᱠᱚᱨᱚᱜ ᱚᱠᱛᱚᱨᱮ ᱯᱮ ᱦᱚᱲ ᱚᱱᱟ ᱚᱲᱟᱜ ᱨᱮᱠᱚ ᱛᱟᱦᱮᱸ ᱠᱟᱱᱟ, ᱢᱮᱱᱠᱷᱟᱱ ᱚᱠᱚᱭ ᱦᱚᱸ ᱵᱟᱠᱚ ᱪᱤᱠᱟᱹᱦᱟᱠᱟᱱᱟ᱾"
283,लेकिन ड्राइवर के सिर पर भारी चोटें लगी थीं ।,ᱢᱮᱱᱠᱷᱟᱱ ᱰᱟᱭᱵᱷᱚᱨᱟᱜ ᱵᱚᱦᱚᱜ ᱨᱮ ᱟᱹᱰᱤ ᱜᱟᱺᱦᱤᱨ  ᱮ  ᱜᱷᱟᱹᱞ ᱟᱠᱟᱱᱟ᱾
284,"उस सड़क पर जहाँ समस्या अस्थायी रूप से बंद हुई थी, जब आपातकालीन सेवाओं ने ड्राइवर को लाल ऑडियो टीटी से मुक्‍त किया ।",ᱚᱱᱟ ᱥᱚᱲᱚᱠ ᱡᱟᱦᱟᱸ ᱨᱮ ᱛᱟᱹᱯᱠᱤᱡ ᱦᱩᱭ ᱞᱮᱱᱟ ᱚᱱᱟ ᱫᱚ ᱴᱮᱢᱯᱚᱨᱟᱨᱤᱞᱤ ᱠᱚ ᱮᱥᱮᱫ ᱟᱠᱟᱫᱟ ᱟᱨ ᱢᱤᱫ ᱟᱨᱟᱜ ᱚᱰᱤ ᱴᱤᱹᱴᱤᱹ ᱛᱮ ᱟᱦᱚᱛ ᱟᱠᱟᱱ ᱰᱟᱭᱵᱷᱚᱨ ᱠᱚ ᱩᱰᱩᱠ ᱠᱮᱫᱮᱭᱟ᱾
285,शुरू - शुरू में उन्हें बड़े पैमाने पर वर्मेट में जेम्स पृष्ठट अस्पताल में अस्पताल ले जाया गया ।,ᱩᱱᱤ ᱫᱚ ᱯᱩᱭᱞᱩ ᱜᱽᱴᱮᱨ ᱭᱟᱨᱢᱟᱣᱛᱷ ᱨᱮᱭᱟᱜ ᱡᱮᱢᱥ ᱯᱟᱜᱮᱴ ᱚᱥᱯᱟᱛᱟᱞ ᱨᱮᱠᱚ ᱵᱷᱩᱨᱛᱤ ᱞᱮᱫᱮᱭᱟ᱾
286,वह बाद में केलिब्रोक के अस्पताल में जोड़ें.,ᱚᱱᱟ ᱫᱚᱥᱟᱨ ᱩᱱᱤ ᱫᱚ ᱟᱨᱦᱚᱸ ᱠᱮᱢᱵᱨᱤᱡᱽ ᱨᱮᱭᱟᱜ ᱟᱰᱮᱱᱵᱨᱳᱠ'ᱥ ᱚᱥᱯᱟᱛᱟᱞ ᱨᱮᱦᱚᱸ ᱠᱚ ᱥᱟᱢᱵᱟᱣ ᱞᱮᱫᱮᱭᱟ᱾
287,एडिकोया ने अपने बेटे की हत्या करने के आरोप में Edigivigivien अदालत में डाल दिया है।,ᱟᱰᱮᱠᱳᱭᱟ ᱟᱡᱤᱡ ᱦᱚᱯᱚᱱᱟᱜ ᱜᱚᱡᱽ ᱢᱟᱢᱞᱟ ᱨᱮ ᱮᱰᱤᱱᱵᱚᱨᱜᱽ ᱥᱮᱨᱤᱯᱷ ᱠᱳᱴᱨᱮ ᱦᱮᱱᱟᱭᱟ᱾
288,"वह काफ़ी व्यस्त और परीक्षा में है, लेकिन कोई भी चश्‍मदीद गवाह प्रमाण दूषित हो सकता है क्योंकि उसकी छवि व्यापक रूप से प्रकाशित की गयी है ।",ᱩᱱᱤ ᱵᱤᱪᱥᱹᱨ ᱟᱨ ᱫᱩᱥᱤ ᱥᱟᱵ ᱞᱟᱹᱜᱤᱫ ᱠᱚᱥᱴᱚᱰᱤᱨᱮ ᱦᱮᱱᱟᱭᱟ ᱟᱨ ᱟᱡᱟᱜ ᱪᱤᱛᱟᱹᱨ ᱜᱚᱴᱟ ᱯᱟᱥᱱᱟᱣ ᱠᱟᱱ ᱠᱷᱟᱹᱛᱤᱨ ᱡᱟᱦᱟᱱ ᱥᱟᱹᱠᱷᱤ ᱦᱚᱸᱠᱚ ᱦᱮᱡ ᱵᱟᱹᱲᱤᱡᱚᱜ ᱜᱮᱭᱟ᱾
289,"यह अमरीका के दूसरे देशों में आम तौर पर आम तौर पर किया जाता है, लेकिन वैध न्याय अलग - अलग तरीकों से कार्य करता है और अदालत ने फोटो के प्रकाशन को संभवतः पूर्वनिर्धारित समझा है ।",ᱭᱩ.ᱠᱮ. ᱨᱮ ᱱᱚᱶᱟ ᱫᱚ ᱥᱟᱫᱷᱟᱨᱚᱱ ᱚᱵᱷᱭᱟᱥ ᱠᱟᱱᱟ ᱟᱨ ᱥᱠᱚᱴᱞᱟᱸᱰ ᱨᱮᱭᱟᱜ ᱡᱚᱥᱴᱤᱥ ᱫᱚ ᱵᱷᱮᱜᱟᱨ ᱜᱮ ᱠᱟᱹᱢᱤᱭᱟ ᱟᱨ ᱟᱨ ᱠᱳᱴ‌ᱠᱚ ᱪᱤᱛᱟᱹᱨ ᱠᱚᱣᱟᱜ ᱯᱟᱥᱱᱟᱣ ᱫᱚ ᱯᱨᱤᱡᱩᱰᱤᱥᱤᱭᱟᱞ ᱞᱮᱠᱟᱛᱮ ᱵᱤᱪᱟᱹᱨᱟᱭ᱾
290,"""विश्‍वविद्यालय ऑफ डन के प्रोफेसर कवर्सन फरनाइट कहते हैं कि अगर संदिग्धों की तस्वीर प्रकाशित की जाए तो एक खतरनाक रेखा पर चलना खतरनाक लगता है।","ᱭᱩᱱᱤᱵᱷᱚᱨᱥᱤᱴᱤ ᱚᱯᱷ ᱰᱩᱱᱰᱤ ᱨᱤᱱᱤᱡ ᱯᱨᱚᱯᱷᱮᱥᱚᱨ ᱯᱟᱢᱮᱞᱟ ᱯᱷᱮᱨᱜᱭᱩᱥᱚᱱᱮ ᱞᱟᱹᱭ ᱟᱠᱟᱫᱟ ᱡᱮ ᱥᱚᱥᱯᱮᱠᱴ ᱨᱮᱭᱟᱜ ᱯᱷᱚᱴᱚ ᱪᱤᱛᱟᱹᱨ ᱯᱟᱨᱥᱟᱞ ᱟᱛᱮ ᱡᱚᱨᱱᱟᱞᱤᱥᱴ ᱠᱚᱫᱚ ᱵᱚᱛᱚᱨᱟᱱ ᱜᱟᱨ ᱨᱮᱠᱚ ᱛᱟᱲᱟᱢᱮᱫ-ᱟ᱾"""
291,यह खबर पत्रकारों ने दी है कि कम - से - कम कोई और टिप्पणी तब तक नहीं की जाएगी जब तक कि कोई जवाब नहीं दिया जाएगा ।,"ᱨᱟᱡᱽ ᱠᱟᱛᱟᱲ, ᱡᱟᱦᱟᱸᱭ ᱫᱚ ᱯᱨᱳᱥᱤᱠᱣᱮᱥᱚᱱ ᱨᱤᱱᱤᱡ ᱯᱩᱨᱟᱹ ᱫᱟᱹᱭᱛᱚ ᱛᱟᱭ, ᱩᱱᱤ ᱡᱚᱨᱱᱟᱞᱤᱥᱴ ᱠᱚᱭ ᱢᱮᱛᱟᱦᱟᱠᱟᱫ ᱠᱚᱣᱟ ᱡᱮ ᱩᱛᱤ ᱠᱷᱟᱴᱚᱨᱮ ᱤᱱᱰᱤᱠᱢᱮᱸᱴ ᱦᱩᱭ ᱞᱟᱦᱟᱨᱮ ᱪᱮᱫ ᱦᱚᱸ ᱟᱞᱚᱯᱮ ᱢᱮᱱ-ᱟ᱾"
292,"छेद के अनुसार, दस्तावेज़ सीमा वाद - विवाद को सूचित करेगा, जिसे पलिश्‍तीन मध्य युद्ध से पहले की सीमा पर चाहता है ।","ᱰᱚᱠᱭᱩᱢᱮᱸᱴ, ᱯᱟᱥᱱᱟᱣ ᱠᱟᱱ ᱞᱮᱠᱟᱛᱮ, ᱥᱤᱢᱟᱹ ᱵᱤᱵᱟᱹᱫᱽ ᱛᱮᱠᱚ ᱨᱮᱯᱷᱚᱨᱟ, ᱡᱟᱦᱟᱸ ᱑᱙᱖᱗ ᱨᱮᱭᱟᱜ ᱢᱤᱰᱣᱮᱥᱴ ᱡᱚᱯᱚᱢ ᱨᱮ ᱯᱟᱞᱮᱥᱴᱟᱭᱤᱱ ᱥᱤᱢᱟᱹ ᱟᱫᱷᱟᱨ ᱛᱮ ᱠᱷᱚᱡᱚᱜ ᱠᱟᱱ ᱛᱟᱦᱮᱸᱫ᱾"
293,"इसमें बताया गया है कि यरूशलेम का भविष्य कैसा होगा, जो राष्ट्रों और यरदन घाटी दोनों के लिए पवित्र है ।",ᱟᱜᱟᱢ ᱯᱚᱱᱚᱛ ᱡᱮᱨᱩᱥᱮᱞᱚᱢ ᱨᱮᱭᱟᱜ ᱮᱴᱟᱜ ᱠᱟᱛᱷᱟ ᱠᱚ ᱢᱮᱥᱟ ᱦᱟᱠᱟᱱᱟ ᱡᱟᱦᱟᱸ ᱵᱟᱱᱟᱨ ᱫᱮᱥ ᱟᱨ ᱡᱳᱨᱰᱟᱱ ᱵᱷᱮᱞᱤ ᱤᱥᱩ ᱵᱟᱲᱮᱛᱮ ᱱᱟᱯᱟᱭᱚᱜ-ᱟ᱾
294,इस्राएल माँग करता है कि एक बार दस साल तक तराई में एक बार एक समझौता पर हस्ताक्षर किया जाता है जबकि स्वास्थ केवल पाँच साल से ऐसी उपस्थिति को छोड़ना स्वीकार करता है ।,ᱢᱤᱫ ᱨᱟᱡᱤᱱᱟᱢᱟ ᱨᱮ ᱥᱩᱦᱤ ᱚᱠᱛᱚ ᱤᱥᱨᱟᱭᱤᱞ ᱵᱷᱮᱞᱤ ᱨᱮ ᱑᱐ ᱥᱮᱨᱢᱟ ᱞᱟᱹᱜᱤᱫ ᱢᱤᱞᱤᱴᱟᱨᱤ ᱨᱮᱡᱮᱱᱥ-ᱮ ᱠᱷᱚᱡᱚᱜ ᱠᱟᱱᱟ ᱟᱨ ᱯᱤᱹᱮᱹ ᱫᱚ ᱢᱚᱬᱮ ᱥᱮᱨᱢᱟ ᱞᱟᱹᱜᱤᱫ-ᱮ ᱨᱮᱵᱮᱱ ᱠᱟᱱᱟ᱾
295,"यह जाँच उन लोगों के लिए बहुत ज़रूरी थी, जो पहले से ही तय कर चुके थे कि उन्हें क्या करना चाहिए ।","ᱥᱩᱴᱚᱨ ᱠᱚᱣᱟᱜ ᱥᱚᱯᱞᱤᱢᱮᱱᱴᱟᱨᱤ ᱠᱤᱴᱚᱱᱟᱥᱚᱠ ᱠᱚᱱᱴᱨᱳᱞ ᱯᱚᱨᱤᱠᱷᱭᱟ ᱫᱚ ᱨᱮᱱᱡᱚᱨ ᱠᱚᱣᱟᱜ ᱱᱤᱜᱽᱨᱟᱹᱱᱤ ᱨᱮ ᱦᱩᱭ ᱞᱮᱱᱟ, ᱡᱮᱢᱚᱱ ᱯᱚᱨᱤᱠᱷᱭᱟ ᱥᱟᱹᱛ ᱞᱮᱱᱟ ᱟᱨ ᱱᱚᱣᱟ ᱨᱮᱭᱟᱜ ᱯᱨᱚᱵᱷᱟᱵᱽ ᱠᱚ ᱵᱟᱪᱷᱟᱣ ᱞᱮᱱᱟI"
296,"NPWS के एक साझेदारी में और ऑस्ट्रेलिया के शॉट्स संघ (WW), योग्य स्वयंसेवकों को भर्ती किया गया, Sporters के शिकार कार्यक्रम के तहत।","ᱟᱥᱳᱥᱤᱭᱮᱥᱳᱱ ᱟᱨ ᱮᱱᱹᱯᱤᱹᱰᱚᱵᱽᱞᱩᱹᱮᱥ ᱯᱟᱨᱴᱱᱚᱨᱥᱤᱯ ᱛᱮ , ᱥᱯᱳᱨᱴᱤᱝ ᱥᱩᱴᱚᱨᱥ ᱟᱥᱳᱥᱤᱭᱮᱥᱳᱱ ᱨᱮᱭᱟᱜ ᱥᱮᱸᱫᱽᱨᱟ ᱯᱨᱚᱜᱨᱟᱢ ᱦᱚᱛᱮᱛᱮ ᱡᱚᱜᱽᱭᱚ ᱥᱚᱭᱚᱝᱥᱮᱵᱚᱠ ᱠᱚᱣᱟᱜ ᱵᱷᱩᱨᱛᱤ ᱦᱩᱭ ᱞᱮᱱᱟI"
297,"MicicOFyn के अनुसार, EPWS के साथ Eliror पार्क व्यवस्था और मीरास, चार शूटर चुना गया पहली शूटिंग ऑपरेशन के लिए व्यापक सुरक्षा और प्रशिक्षण निर्देश प्राप्त किया.",ᱮᱱᱹᱯᱤᱹᱰᱟᱵᱽᱞᱤᱭᱩᱹᱮᱥᱹᱟᱨ ᱯᱟᱨᱠ ᱠᱚᱧᱡᱚᱨᱵᱷᱮᱥᱚᱱ ᱟᱨ ᱦᱮᱨᱤᱴᱮᱡᱽ ᱟᱠᱴᱤᱝ ᱰᱤᱨᱮᱠᱴᱚᱨ ᱢᱤᱠ ᱳ'ᱯᱷᱞᱤ ᱥᱟᱶ ᱯᱩᱭᱞᱩ ᱠᱚ ᱵᱟᱪᱷᱚᱱ ᱟᱠᱟᱱ ᱯᱩᱱᱭᱟᱹ ᱥᱩᱴᱚᱨ ᱫᱚ ᱜᱟᱺᱦᱤᱨ ᱥᱩᱨᱚᱠᱷᱭᱟ ᱟᱨ ᱴᱨᱮᱱᱤᱝ ᱠᱚ ᱦᱟᱛᱟᱣ ᱞᱮᱜ-ᱟ᱾
298,मारटल ने कल के नौ सदस्यों के एक नए इंतज़ाम में शपथ खायी ।,ᱢᱟᱨᱴᱮᱞᱤ ᱫᱚ ᱦᱚᱞᱟ ᱤᱨᱟᱹᱞ ᱨᱟᱹᱥᱤᱭᱟᱹ ᱨᱤᱱᱤᱡ ᱢᱤᱫ ᱱᱟᱶᱟ ᱵᱟᱝ ᱪᱟᱵᱟᱦᱟᱱ ᱵᱟᱪᱷᱟᱣ ᱯᱚᱨᱤᱥᱟᱫᱽ (ᱥᱤ ᱤ ᱯᱤ) ᱨᱮ ᱠᱤᱨᱟ ᱦᱟᱛᱟᱣ ᱠᱮᱫᱼᱟᱭ᱾
299,यह चार वर्षों में मारास्टी सी सीपी है.,ᱱᱚᱶᱟ ᱫᱚ ᱯᱩᱱ ᱥᱮᱨᱢᱟ ᱨᱮ ᱢᱟᱨᱴᱮᱞᱤ ᱨᱮᱱᱟᱜ ᱢᱚᱬᱮᱭᱟᱜ ᱥᱤ ᱤ ᱯᱤ ᱠᱟᱱᱟ᱾
300,पिछले महीने एक राष्ट्रपति के नियत आदेश से देश को नए चुनावों की ओर ले जाने के लिए उपायों का एक हिस्सा के रूप में प्रस्ताव आया.,ᱯᱟᱨᱚᱢᱮᱱ ᱪᱟᱸᱫᱚ ᱢᱤᱫ ᱫᱤᱥᱚᱢ ᱜᱚᱢᱠᱮ ᱟᱭᱳᱜᱽ ᱛᱮ ᱫᱤᱥᱚᱢ ᱫᱚ ᱱᱟᱶᱟ ᱵᱟᱪᱷᱟᱣ ᱨᱮᱱᱟᱜ ᱤᱫᱤ ᱨᱮᱱᱟᱜ ᱩᱯᱟᱹᱭ ᱢᱤᱫ ᱯᱮᱭᱠᱮᱡᱽ ᱨᱮᱱᱟᱜ ᱦᱟᱹᱴᱤᱧ ᱨᱩᱯ ᱨᱮ ᱥᱟᱢᱟᱝ ᱥᱤ ᱤ ᱯᱤ ᱨᱮᱱᱟᱜ ᱤᱥᱛᱤᱯᱷᱟ ᱨᱮᱱᱟᱜ ᱱᱮᱦᱚᱨ ᱞᱮᱫ ᱛᱟᱦᱮᱱᱟ᱾
301,यह आदेश अक्‍तूबर में शुरू हुए व्यापक विरोध के प्रति मार्टिनली की प्रतिक्रिया थी.,ᱟᱭᱳᱜᱽ ᱚᱠᱴᱚᱵᱚᱨ ᱨᱮ ᱮᱦᱚᱵᱽ ᱞᱮᱱ ᱵᱭᱟᱯᱚᱠ ᱥᱟᱥᱚᱱ-ᱵᱤᱨᱳᱫᱷᱤ ᱵᱤᱵᱟᱫᱽ ᱠᱚ ᱞᱟᱹᱜᱤᱫ ᱢᱚᱨᱴᱮᱞᱞᱤ ᱭᱟᱜ ᱯᱨᱚᱛᱤᱠᱨᱤᱭᱟ ᱛᱟᱦᱮᱸ ᱠᱟᱱᱟI
302,"कभी कभी-कभी प्रभावी विरोध चुनावों को पकड़ने में असफलता से उत्पन्‍न हुए, कुछ 2011 से.","ᱚᱠᱟ-ᱚᱠᱟ ᱡᱷᱚᱜ ᱦᱤᱱᱥᱟᱠ ᱵᱤᱨᱳᱫᱷ ᱯᱨᱚᱫᱚᱨᱥᱚᱱ ᱠᱚᱫᱚ ᱵᱟᱪᱷᱱᱟᱣ ᱠᱚᱨᱟᱣ ᱨᱮ ᱵᱤᱯᱷᱚᱞᱚᱛᱟ ᱠᱟᱨᱚᱱ ᱮᱛᱚᱦᱚᱵᱽ ᱞᱮᱱᱟ , ᱠᱤᱪᱷᱩ ᱒᱐᱑᱑ ᱨᱮᱱᱟᱜ ᱛᱟᱭᱚᱢ ᱠᱷᱚᱱI"
303,"हर तरफ 60 मामले रिपोर्ट किए गए हैं, जिनमें कुल मिलाकर छः आग लगी हुई है और चार लोगों को छोटे - छोटे जल से निकाल दिया गया है ।","ᱟᱭᱤᱯᱳᱰ ᱵᱟᱹᱲᱤᱡ ᱮᱱ ᱠᱷᱟᱱ ᱖᱐ ᱢᱟᱢᱞᱟ ᱜᱟᱱ ᱥᱟᱢᱟᱝ ᱦᱮᱡ ᱮᱱᱟ, ᱡᱟᱦᱟᱸ ᱫᱚ ᱡᱚᱛᱚ ᱛᱩᱨᱩᱭ ᱥᱮᱸᱜᱮᱞ ᱞᱟᱜᱟᱣ ᱮᱱᱟ ᱟᱨ ᱯᱩᱱ ᱦᱚᱲ ᱯᱩᱱᱭᱟᱹ ᱢᱟᱢᱩᱠᱤ ᱨᱩᱯ ᱠᱷᱚᱱ ᱠᱚ ᱡᱷᱩᱞᱥᱟᱣ ᱮᱱᱟ᱾"
304,"जापान की सेवकाई, व्यापार और इंदु (एमआई) ने कहा कि यह उपकरण से संबंधित 27 दुर्घटनाओं के बारे में पता चला है.","ᱡᱟᱯᱟᱱ ᱨᱮᱱᱟᱜ ᱟᱨᱛᱷᱣᱭᱟᱣᱥᱛᱷᱟ, ᱵᱮᱯᱟᱨ ᱟᱨ ᱩᱫᱽᱭᱳᱜᱽ ᱢᱟᱱᱛᱨᱟᱞᱚᱭ (ᱮᱢ ᱤ ᱴᱤ ᱟᱭᱤ) ᱫᱚ ᱢᱮᱱ ᱠᱮᱫᱼᱟᱭ ᱡᱮ ᱚᱱᱟ ᱢᱟᱥᱤᱱ ᱥᱟᱶ ᱡᱚᱲᱟ ᱒᱗ ᱜᱚᱴᱟᱝ ᱜᱷᱟᱴᱚᱱ ᱨᱮᱱᱟᱜ ᱵᱟᱰᱟᱭ ᱛᱟᱦᱮᱸ ᱠᱟᱱᱟ᱾"
305,"पिछले सप्ताह, MERI ने घोषणा की कि एप ने इसे 34 से अधिक घटनाओं के बारे में सूचना दी थी, जो कंपनी ने ""निवृत्त।""","ᱯᱟᱨᱚᱢᱮᱱ ᱦᱟᱯᱛᱟ, ᱮᱢᱹᱤᱹᱴᱤᱹᱟᱭᱹ ᱫᱚ ᱜᱷᱚᱥᱬᱟ ᱠᱮᱫᱼᱟᱭ ᱡᱮ ᱮᱯᱯᱟᱞ ᱫᱚ ᱩᱱᱤ ᱓᱔ ᱮᱴᱟᱜ ᱚᱵᱷᱚᱨᱴᱮᱠ ᱜᱷᱟᱴᱚᱱ ᱨᱮᱱᱟᱜ ᱠᱷᱚᱵᱚᱨ ᱮᱢ ᱞᱮᱫ ᱛᱟᱦᱮᱱᱟᱭ, ᱡᱟᱦᱟᱸᱭ ᱠᱚᱢᱯᱟᱱᱤ ""ᱜᱮᱭᱨ ᱜᱟᱢᱵᱷᱤᱨ"" ᱢᱮᱱ ᱞᱮᱫᱼᱟᱭ᱾"
306,"सेवा ने एप्पल की रिपोर्ट ""बहुत बुरी है."" के बारे में कहा द्वारा जवाब दिया","ᱯᱟᱨᱚᱢᱮᱱ ᱪᱟᱸᱫᱚ ᱮᱯᱯᱟᱞ ᱨᱮᱱᱟᱜ ᱨᱤᱯᱳᱨᱴ ᱨᱮᱱᱟᱜ ᱥᱛᱷᱚᱜᱚᱱ ᱫᱚ ""ᱥᱟᱹᱨᱤ ᱛᱮ ᱠᱷᱮᱫᱽᱡᱚᱱᱠᱚ ᱢᱮᱱ ᱠᱟᱛᱮ ᱛᱮᱞᱟ ᱠᱮᱫᱼᱟᱭ᱾"""
307,खाने - पीने की कमी ने 707:19 में मरीना को गिरफ्तार कर लिया ।,ᱵᱷᱩᱢᱤᱠᱚᱢᱯᱚ ᱢᱟᱨᱤᱭᱟᱱᱟ ᱨᱮ ᱥᱛᱷᱟᱱᱤᱭᱚ ᱥᱚᱢᱚᱭ ᱚᱱᱩᱥᱟᱨ ᱐᱗:᱑᱙ a.m (᱐᱙:᱑᱙ ᱯᱤᱹᱮᱢ ᱡᱤᱹᱴᱤᱹᱮᱢᱹ GMT ᱡᱟᱹᱨᱩᱢ ᱢᱟᱦᱟᱸ) ᱨᱮ ᱦᱮᱡ ᱞᱮᱱᱟ।
308,उत्तरी मरियाना को आपातकालीन प्रबंधन कार्यालय ने कहा कि उस देश में कोई नुकसान नहीं हुआ है ।,ᱱᱚᱨᱛᱷ ᱢᱟᱨᱟᱭᱤᱱᱥ ᱮᱢᱟᱹᱨᱡᱮᱱᱥᱭ ᱢᱮᱱᱮᱡᱢᱮᱱᱴ ᱚᱯᱷᱤᱥ ᱮ ᱢᱮᱱ ᱠᱮᱜᱼᱟᱭ ᱫᱤᱥᱚᱢ ᱫᱚ ᱵᱟᱭ ᱦᱟᱹᱱ ᱠᱟᱱᱟ᱾
309,इसके अलावा प्रशांत महासागरीय चेतावनी केंद्र ने भी कहा कि कोई टी.,ᱟᱨᱦᱚᱸ ᱯᱟᱥᱤᱯᱷᱤᱠ ᱥᱩᱱᱟᱢᱤ ᱣᱟᱨᱱᱤᱝ ᱥᱮᱱᱴᱚᱨ ᱢᱮᱱ ᱠᱮᱜᱼᱟᱭ ᱡᱮ ᱪᱮᱫ ᱦᱚᱸ ᱥᱩᱱᱟᱢᱤ ᱨᱮᱭᱟᱜ ᱣᱟᱨᱱᱤᱝ ᱵᱟᱹᱱᱩᱜᱼᱟI
310,"एक भूतपूर्व पुलिसवाले ने फिलीपींस की राजधानी, मनीला में अपनी बस का अपहरण करके हवाई - अड्डे का अपहरण किया है ।",ᱯᱷᱤᱞᱤᱯᱤᱱ ᱨᱮᱭᱟᱜ ᱨᱟᱡᱫᱷᱟᱤ ᱢᱟᱱᱤᱞᱟ ᱨᱮ ᱢᱤᱫ ᱢᱟᱨᱮ ᱯᱷᱹᱤᱞᱤᱯᱤᱱᱳ ᱯᱩᱞᱤᱥ ᱦᱚᱝᱜᱚᱝ ᱨᱮ ᱯᱟᱨᱴᱚᱠ ᱠᱚᱣᱟᱜ ᱵᱟᱥ ᱦᱟᱭᱡᱮᱠ ᱠᱮᱛᱮᱡ ᱵᱚᱱᱫᱷᱚᱠ ᱮ ᱵᱮᱱᱟᱣ ᱞᱮᱫᱟ᱾
311,रोआलो ने अपने एम16 को पर्यटकों में गोली मार दी ।,ᱨᱳᱱᱟᱞᱰᱳ ᱢᱮᱱᱰᱳᱡᱟ ᱫᱚ ᱴᱩᱨᱤᱥᱴ ᱥᱟᱢᱟᱝ ᱨᱮ ᱟᱡᱟᱜ ᱮᱢ᱑᱖ ᱛᱮ ᱯᱷᱟᱭᱟᱨ ᱠᱮᱫ ᱠᱚᱣᱟᱭ᱾
312,बहुत - से बंधकों को बचाया गया है और कम - से - कम छः लोगों को अभी तक मिटा दिया गया है ।,ᱛᱤᱱᱟᱹᱜ ᱜᱟᱱ ᱦᱚᱥᱴᱮᱡᱽ ᱠᱚ ᱵᱟᱱᱪᱟᱣ ᱠᱮᱫ ᱠᱚᱣᱟ ᱟᱨ ᱱᱤᱛ ᱦᱟᱹᱵᱤᱡ ᱛᱮ ᱠᱚᱢ ᱥᱮ ᱠᱚᱢ ᱛᱩᱨᱩᱭ ᱜᱚᱴᱟᱝ ᱫᱚ ᱠᱚ ᱜᱚᱡ ᱮᱱᱟ ᱢᱮᱱᱛᱮ ᱯᱩᱥᱴᱟᱹᱣ ᱟᱠᱟᱱᱟ᱾
313,"छः बंधकों को, जिनमें बच्चे और वृद्ध सम्मिलित भी सम्मिलित थे, जल्दी रिहा कर दिया गया, जैसे कि प्लैटर फोटोग्राफर थे ।","ᱛᱩᱨᱩᱭ ᱦᱚᱥᱴᱮᱡᱽᱠᱚ, ᱥᱟᱶᱛᱮ ᱜᱤᱫᱽᱨᱟᱹᱠᱚ ᱟᱨ ᱦᱟᱲᱟᱢ ᱠᱚᱫᱚ, ᱞᱚᱜᱚᱱ ᱜᱮ ᱟᱲᱟᱜ ᱠᱮᱫ ᱠᱚᱣᱟ ᱠᱚ ᱡᱮᱦᱮᱛᱩ ᱚᱸᱰᱮ ᱫᱚ ᱯᱷᱤᱞᱤᱯᱤᱱᱳ ᱯᱷᱳᱴᱳᱜᱨᱟᱯᱷᱳᱨ ᱠᱚ ᱛᱟᱦᱮᱸ ᱠᱟᱱᱟ᱾"
314,उस वक्‍त एक महिला को गोली मार दी गयी ।,"ᱛᱟᱭᱚᱢ ᱛᱮ ᱯᱷᱳᱴᱳᱜᱨᱟᱯᱷᱚᱨ ᱠᱚᱫᱚ ᱢᱤᱫ ᱩᱢᱮᱨᱟᱱ ᱵᱩᱰᱷᱤᱭᱟᱜ ᱡᱟᱭᱜᱟ ᱠᱚ ᱤᱫᱤ ᱞᱮᱫ-ᱟ ᱪᱮᱫᱟᱜ ᱥᱮ ᱩᱱᱤ ᱞᱟᱴᱨᱤᱱ ᱫᱚᱨᱠᱟᱨ ᱛᱟᱦᱮᱸ ᱠᱟᱱ ᱛᱟᱭᱟ, ᱢᱮᱱᱰᱳᱡᱟ ᱫᱚ ᱜᱩᱞᱤ ᱜᱚᱡ ᱞᱮᱫᱮᱭᱟᱠᱚI"
315,अपने पिता के पदचिह्नों पर चलने और चिकित्सा में एक पेशा शुरू किया ।,ᱞᱤᱜᱤᱱᱥ ᱟᱡ ᱵᱟᱵᱟ ᱟᱜ ᱩᱫᱩᱜ ᱦᱚᱨ ᱛᱮ ᱪᱟᱞᱟᱣ ᱠᱟᱛᱮ ᱛᱤᱠᱤᱪᱷᱟᱹ ᱠᱮᱨᱤᱭᱟᱨ ᱨᱮᱭ ᱵᱚᱞᱚ ᱮᱱᱟ᱾
316,सन्‌ 1959 में उन्होंने ऑकलैंड की राष्ट्रीय स्त्रियों के अस्पताल में काम करना शुरू कर दिया ।,ᱩᱱᱤ ᱢᱤᱫ ᱫᱟᱹᱭ ᱜᱟᱹᱠᱷᱩᱲᱤᱭᱟᱹ ᱞᱮᱠᱟᱛᱮ ᱛᱟᱹᱞᱤᱢ ᱮ ᱦᱟᱛᱟᱣ ᱞᱮᱫᱟ ᱟᱨ ᱑᱙᱕᱙ ᱥᱮᱨᱢᱟ ᱨᱮ ᱚᱠᱞᱮᱱᱰ ᱨᱮᱭᱟᱜ ᱡᱟᱹᱛᱤᱭᱟᱹᱨᱤ ᱛᱤᱨᱞᱟᱹ ᱦᱟᱥᱯᱟᱛᱟᱞ ᱨᱮ ᱠᱟᱹᱢᱤ ᱮ ᱮᱛᱚᱦᱚᱵ ᱞᱮᱫᱟ᱾
317,"जब वह अस्पताल Liggins में काम कर रहा था, तब उसके अनियंत्रित समय के दौरान उसने समय - समय पर समय - समय पर काम करना शुरू कर दिया ।",ᱦᱟᱥᱯᱟᱛᱟᱞ ᱨᱮ ᱠᱟᱹᱢᱤ ᱠᱟᱱ ᱚᱠᱛᱚ ᱞᱤᱜᱤᱱᱥ ᱟᱡᱟᱜ ᱠᱷᱟᱹᱞᱤ ᱚᱠᱛᱚ ᱨᱮ ᱯᱨᱤᱢᱮᱪᱚᱨ ᱞᱮᱵᱟᱨ ᱵᱟᱵᱚᱛ ᱛᱮ ᱠᱷᱚᱸᱫᱽᱨᱚᱱ ᱮ ᱮᱦᱚᱵ ᱞᱮᱫᱟ᱾
318,उसके शोध ने दिखाया कि अगर एक हार्मोन यह काम कर रहा था ... ... यह बच्चे के शत्रु फेफड़ों की कमी को तेज़ करेगा.,ᱩᱱᱤᱭᱟᱜ ᱠᱷᱚᱸᱫᱽᱨᱚᱱ ᱨᱮ ᱵᱟᱲᱟᱭ ᱧᱟᱢ ᱟᱠᱟᱱᱟ ᱡᱮ ᱡᱩᱫᱤ ᱢᱤᱫ ᱦᱚᱨᱢᱳᱱ ᱪᱟᱪᱞᱟᱣ ᱦᱩᱭᱩᱜᱼᱟ ᱛᱚᱵᱮ ᱢᱤᱫ ᱜᱤᱫᱽᱨᱟᱹ ᱟᱜ ᱵᱷᱨᱩᱱ ᱨᱮᱭᱟᱜ ᱵᱳᱨᱳ ᱨᱮᱭᱟᱜ ᱢᱮᱪᱩᱨᱮᱥᱟᱱ ᱛᱚᱨᱟᱣ ᱤᱫᱤᱜᱼᱟ᱾
319,Xina ने रिपोर्ट किया कि सरकारी एजेंट बुधवार को दो 'भारी बॉक्स' प्राप्त कर रहे हैं.,"ᱥᱤᱱᱦᱩᱣᱟ ᱮ ᱞᱟᱹᱭ ᱟᱠᱟᱫᱟ ᱡᱮ ᱥᱚᱨᱠᱨᱤ ᱛᱩᱱᱠᱷᱤ ᱛᱚᱞᱟᱥᱤᱭᱟᱹ ᱠᱚ ᱥᱟᱹᱜᱩᱱ ᱢᱟᱦᱟᱸ ᱵᱟᱨᱭᱟ ""ᱵᱞᱟᱠ ᱵᱚᱠᱥ"" ᱯᱷᱞᱟᱭᱤᱴ ᱨᱮᱠᱳᱨᱰᱟᱨ ᱠᱚ ᱧᱟᱢ ᱟᱠᱟᱫᱟ᱾"
320,संगी बलियों ने लूना को भी भेंट दी ।,ᱥᱚᱸᱜᱮ ᱨᱮᱥᱞᱟᱨ ᱠᱚᱦᱚ ᱞᱩᱱᱟ ᱢᱟᱹᱱ ᱠᱚ ᱪᱟᱞ ᱟᱠᱟᱫᱮᱭᱟ᱾
321,"टॉमी हॉन्डर ने कहा, ""बाला चरम की पहली रानी थी. मेरा पहला प्रबंधक. लूना दो चाँद की रात को दूर हो गया. बहुत ही विशिष्ट है उसकी तरह. मजबूत महिला. ""","ᱴᱚᱢᱤ ᱰᱨᱤᱢᱟᱨ ᱮ ᱞᱟᱹᱭ ᱟᱠᱟᱫᱟ ""ᱞᱩᱱᱟ ᱫᱚ ᱮᱠᱥᱴᱨᱤᱢ ᱨᱮᱱ ᱯᱩᱭᱞᱩ ᱨᱟᱹᱱᱤ ᱮ ᱛᱟᱦᱮᱸ ᱠᱟᱱᱟ᱾ ᱤᱧ ᱨᱮᱱ ᱯᱩᱭᱞᱩ ᱢᱮᱱᱮᱡᱟᱨ᱾ ᱞᱩᱱᱟ ᱫᱚᱥᱟᱨ ᱠᱩᱱᱟᱹᱢᱤ ᱨᱮᱭ ᱵᱚᱸᱜᱟ ᱛᱟᱞᱟ ᱮᱱᱟ᱾ ᱩᱱᱤ ᱞᱮᱠᱟ ᱜᱮ ᱟᱹᱰᱤ ᱪᱚᱨᱚᱠ᱾ ᱫᱟᱲᱮᱭᱟᱱ ᱛᱤᱨᱞᱟᱹ᱾"""
322,"धूल ""लहर"" रनिंग्स ने कहा कि ""एलना मेरे रूप में पागल के रूप में था ... और अधिक से अधिक ... उसे प्यार और उसे चूक जाएगा ... आशा है कि वह एक बेहतर जगह में है. ""","ᱰᱟᱥᱴᱤᱱ ""ᱜᱳᱞᱰᱮᱥᱴ"" ᱮ ᱨᱚᱲ ᱟᱠᱟᱫᱟ ᱡᱮ ""ᱞᱩᱱᱟ ᱤᱧ ᱞᱮᱠᱟ ᱜᱮ ᱯᱷᱨᱤᱠᱤ ᱮ ᱛᱟᱦᱮᱸ ᱠᱟᱱᱟ…ᱦᱩᱭ ᱫᱟᱲᱮᱭᱟᱜᱼᱟ ᱚᱱᱟ ᱠᱷᱚᱱ ᱦᱚᱸ ᱰᱷᱮᱨ…ᱫᱩᱞᱟᱹᱲᱟᱭᱟᱹᱧ ᱟᱨ ᱩᱭᱦᱟᱹᱨᱮᱭᱟᱹᱧ…ᱟᱥᱚᱜ ᱟᱹᱧ ᱩᱱᱤ ᱱᱟᱯᱟᱭ ᱡᱟᱭᱜᱟ ᱨᱮᱜᱮ ᱢᱮᱱᱟᱭᱟ᱾"""
323,"सन्‌ 2010 के चुनाव से पहले 1,400 लोगों की गिनती बढ़ने लगी ।","᱒᱐᱑᱐ ᱨᱮᱭᱟᱜ ᱥᱚᱝᱜᱷᱤᱭᱚ ᱪᱩᱱᱟᱹᱣ ᱡᱷᱚᱜ, ᱑,᱔᱐᱐ ᱦᱚᱲ ᱠᱷᱚᱱ, ᱡᱟᱦᱟᱸᱭ ᱚᱥᱴᱨᱮᱞᱤᱭᱟ ᱨᱮᱭᱟᱜ ᱜᱚᱬᱨᱟᱡᱭᱚ ᱛᱮᱭᱟᱨ ᱨᱮᱭᱟᱜ ᱵᱤᱨᱚᱫᱷ ᱮᱫ ᱛᱟᱦᱮᱸᱡ ᱠᱚ, ᱒᱐᱐᱘ ᱨᱮ ᱘ ᱥᱚᱛ ᱠᱚ ᱰᱷᱮᱨ ᱮᱱᱟ ᱠᱚ᱾"
324,सन्‌ 2010 के संघीय चुनाव के दौरान मैकरीका प्रधानमंत्री यूलिली ने दावा किया कि वह ऑस्ट्रेलिया में विश्‍वास करती है कि रानी एलिजाबेथ II के शासन के अंत में एक गणराज्य बन जाना चाहिए.,ᱠᱟᱹᱢᱤᱪᱟᱪᱞᱟᱣᱤᱭᱟᱹ ᱯᱨᱚᱫᱷᱟᱱ ᱢᱚᱱᱛᱨᱤ ᱡᱩᱞᱤᱭᱟ ᱜᱤᱞᱞᱟᱨᱰ ᱫᱚ ᱒᱐᱑᱐ ᱨᱮᱭᱟᱜ ᱥᱚᱝᱜᱷᱤᱭᱚ ᱵᱟᱪᱷᱱᱟᱣ ᱨᱮᱭᱟᱜ ᱚᱵᱷᱤᱡᱟᱱ ᱦᱤᱨᱤ ᱢᱩᱸᱫᱽᱨᱮ ᱫᱟᱹᱵᱤ ᱠᱚᱨᱟᱣ ᱞᱮᱜᱼᱟᱭ ᱡᱮ ᱟᱡᱟᱜ ᱵᱩᱡᱷᱟᱹᱣ ᱨᱮ ᱢᱚᱦᱟᱨᱟᱱᱤ ᱮᱞᱤᱡᱟᱵᱮᱛᱷ ᱫᱚᱥᱟᱨ ᱥᱟᱥᱚᱱ ᱯᱟᱹᱨᱤ ᱢᱩᱪᱟᱹᱫ ᱨᱮ ᱚᱥᱴᱨᱮᱞᱤᱭᱟ ᱫᱚ ᱢᱤᱫᱴᱟᱹᱝ ᱜᱚᱬᱚᱨᱟᱡᱽᱭᱚ ᱵᱮᱱᱟᱣᱜ ᱞᱟᱹᱠᱛᱤ ᱢᱮᱱᱟᱜ-ᱟI
325,"34 प्रतिशत लोग इस दृष्टिकोण में हिस्सा लेते हैं, रानी एलिजाबेथ द्वितीय ऑस्ट्रेलिया के आख़िरी राजा होने के लिए चाहते हैं.","ᱥᱟᱹᱨᱣᱟᱹᱠᱷᱚᱭᱚᱱ ᱨᱮ ᱥᱮᱢᱞᱮᱫ ᱓᱔ ᱥᱚᱛ ᱱᱟᱶᱟ ᱵᱤᱪᱟᱹᱨ ᱠᱚ ᱵᱩᱡᱷᱟᱹᱣ ᱮᱫᱼᱟ, ᱚᱠᱚᱭ ᱪᱟᱦᱟᱸᱣ ᱮᱫ ᱟ ᱠᱚ ᱡᱮ ᱢᱟᱹᱦᱟᱨᱟᱱᱤ ᱮᱞᱤᱞᱮᱵᱤᱛ ᱫᱚᱥᱟᱨ ᱚᱥᱴᱨᱮᱞᱤᱭᱟ ᱨᱤᱱᱤᱡ ᱢᱤᱪᱟᱹᱫ ᱥᱚᱢᱨᱟᱴ ᱛᱟᱦᱮᱸᱱ ᱢᱟᱸ᱾"
326,"जिन लोगों का सर्वे लिया गया है उनमें से 29 प्रतिशत लोगों को एक गणराज्य बनना चाहिए, जबकि ऑस्ट्रेलिया में 31 प्रतिशत लोगों को कभी एक गणराज्य नहीं बनना चाहिए ।","ᱥᱟᱹᱨᱣᱮᱠᱷᱚᱭᱚᱱ ᱨᱮᱭᱟᱜ ᱢᱤᱪᱟᱹᱫ ᱨᱮ ᱥᱮᱢᱞᱮᱫ ᱒᱙ ᱥᱚᱛ ᱦᱚᱲᱟᱜ ᱱᱟᱶᱟ ᱵᱩᱡᱟᱹᱣ ᱛᱟᱦᱮᱸ ᱠᱟᱱᱟ ᱡᱮ ᱚᱥᱴᱨᱮᱞᱤᱭᱟ ᱫᱚ ᱞᱚᱜᱚᱱ ᱜᱮ ᱢᱤᱫᱴᱟᱹᱝ ᱱᱟᱶᱟ ᱜᱚᱬᱨᱟᱡᱭᱚ ᱛᱮᱭᱟᱨᱚᱜ ᱢᱟᱸ, ᱦᱮᱞᱮ ᱓᱑ ᱥᱚᱛ ᱠᱚᱣᱟᱜ ᱵᱩᱡᱷᱟᱹᱣ ᱢᱮᱱᱟᱜ ᱛᱟᱠᱚᱣᱟ ᱡᱮ ᱚᱥᱴᱨᱮᱞᱤᱭᱟ ᱫᱚ ᱛᱤᱥ ᱦᱚᱸ ᱜᱚᱬᱨᱟᱡᱭᱚ ᱟᱞᱚ ᱛᱮᱭᱟᱨᱚᱜ ᱢᱟᱸ ᱢᱮᱱᱛᱮ᱾"
327,इसमें कोई शक नहीं कि उसने अपनी शिकायतों के बारे में शक किया है ।,"ᱚᱞᱚᱢᱯᱤᱠ ᱥᱟᱱᱟ ᱯᱚᱫᱟᱠ ᱵᱤᱡᱮᱛᱟ ᱫᱚ ᱡᱟᱹᱛᱤᱭᱟᱹᱨᱤ ᱢᱚᱱᱰᱟᱞ ᱠᱷᱮᱞ ᱨᱮ ᱑᱐᱐ ᱢᱤᱴᱚᱨ ᱟᱨ ᱒᱐᱐ ᱢᱤᱴᱚᱨ ᱯᱷᱨᱤᱥᱴᱟᱭᱤᱞ ᱟᱨ ᱯᱮᱭᱟ ᱨᱤᱠᱮ ᱨᱮ ᱛᱟᱦᱮᱸ ᱠᱟᱱᱟᱭ, ᱦᱮᱞᱮ ᱟᱡᱟᱜ ᱱᱟᱹᱞᱤᱥ ᱠᱷᱟᱹᱛᱤᱨ ᱛᱮ ᱟᱡᱟᱜ ᱯᱷᱩᱨᱛᱤ ᱥᱚᱱᱫᱮᱦ ᱨᱮ ᱢᱮᱱᱟᱜᱼᱟ᱾"
328,वह उन नशीले पदार्थों को लेने में असमर्थ रहा है जो उसके दर्द पर क़ाबू पाने के लिए ज़रूरी हैं क्योंकि वे खेल से प्रतिबंधित हैं ।,ᱩᱱᱤ ᱟᱡᱟᱜ ᱫᱚᱨᱫ ᱠᱚᱢ ᱞᱟᱹᱜᱤᱫ ᱡᱟᱹᱨᱩᱲ ᱨᱟᱱ ᱵᱟᱝ ᱤᱫᱤ ᱫᱟᱲᱮᱭᱟᱜᱼᱟ ᱪᱮᱫᱟᱜ ᱥᱮ ᱩᱱᱤ ᱫᱚ ᱠᱷᱮᱞ ᱠᱷᱚᱱ ᱠᱚ ᱵᱟᱫ ᱠᱮᱭᱮᱭᱟ ᱠᱚ᱾
329,यह अनुमान लगाया गया है कि हर साल 25 जनवरी को सबसे ज़्यादा मशहूर संख्या पता चली है ।,ᱥᱮᱱᱴᱨᱟᱞ ᱢᱤᱥᱚᱨᱤ ᱡᱮᱜᱮᱛ ᱵᱤᱨᱫᱟᱹᱜᱟᱹᱲ ᱨᱮ ᱮᱞᱮᱠᱷ ᱟᱨ ᱠᱚᱢᱯᱭᱩᱴᱚᱨ ᱥᱟᱮᱬᱥ ᱨᱤᱱᱤᱡ ᱯᱨᱚᱯᱷᱮᱥᱚᱨ ᱠᱟᱹᱨᱴᱤᱥ ᱠᱩᱯᱚᱨ ᱫᱚ ᱒᱕ ᱢᱟᱜᱽ ᱦᱤᱞᱚᱜ ᱱᱤᱛ ᱫᱷᱟᱹᱵᱤᱡ ᱨᱮᱭᱟᱜ ᱡᱷᱟᱛᱚ ᱠᱷᱚᱱ ᱢᱟᱨᱟᱝ ᱢᱤᱞ ᱮᱞ ᱨᱮᱭᱟᱜ ᱠᱷᱚᱡᱽ ᱦᱩᱭ ᱞᱮᱱᱟ᱾
330,बहुत - से लोगों ने फरवरी की शुरूआत में अलग - अलग हार्डवेयर और सॉफ्टवेयर का इस्तेमाल करके खोज निकाली और मंगलवार को इसकी घोषणा की गयी ।,ᱟᱭᱢᱟ ᱦᱚᱲ ᱯᱷᱟᱹᱜᱩᱱ ᱨᱮᱭᱟᱜ ᱮᱛᱦᱚᱵ ᱫᱷᱟᱹᱵᱤᱡ ᱵᱷᱮᱜᱟᱨ ᱦᱟᱰᱣᱮᱨ ᱟᱨ ᱥᱚᱯᱷᱴᱣᱮᱨ ᱨᱮᱭᱟᱜ ᱵᱮᱵᱷᱟᱨ ᱠᱚᱨᱟᱣ ᱠᱟᱛᱮ ᱠᱷᱚᱡᱽ ᱨᱮᱭᱟᱜ ᱴᱷᱟᱹᱣᱠᱟᱹ ᱠᱮᱜᱼᱟᱭ ᱟᱨ ᱵᱟᱞᱮ ᱢᱟᱦᱟᱸ ᱦᱤᱞᱚᱜ ᱱᱟᱶᱟ ᱨᱮᱭᱟᱜ ᱜᱷᱚᱥᱱᱟ ᱠᱚᱨᱟᱣ ᱦᱩᱭᱮᱱᱟ᱾
331,ये प्रोटीन और जीवन को मज़बूत कर सकते हैं ।,ᱫᱷᱩᱢᱠᱮᱛᱩ ᱥᱟᱹᱢᱵᱷᱟᱹᱣᱟᱹᱛ ᱠᱟᱨᱵᱟᱹᱱᱤᱠ ᱯᱚᱫᱟᱨᱛᱷᱚ ᱥᱟᱶᱼᱥᱟᱶ ᱫᱷᱚᱨᱛᱤ ᱨᱮ ᱫᱟᱜ ᱣᱤᱛᱨᱚᱬ ᱨᱮᱭᱟᱜ ᱥᱨᱚᱛ ᱛᱟᱦᱮᱸ ᱠᱚᱜᱼᱟ ᱛᱚ ᱯᱨᱟᱴᱤᱱ ᱛᱮᱭᱟᱨ ᱫᱟᱲᱮ ᱠᱮᱭᱟᱭ ᱟᱨ ᱡᱤᱣᱟᱱ ᱛᱟᱦᱮᱸᱱ ᱨᱮᱭᱟᱜ ᱯᱤᱴᱟᱹᱣ ᱛᱟᱦᱮᱸᱱ ᱠᱟᱱᱟ᱾
332,"वैज्ञानिकों को यह समझने की आशा है कि ग्रह किस तरह बनाया गया है, खासकर पृथ्वी की रचना कैसे हुई, क्योंकि बरसों पहले पृथ्वी से टकरायी गयी थी ।","ᱵᱟᱭᱜᱭᱟᱱᱤᱠ ᱱᱚᱶᱟ ᱵᱩᱡᱷᱟᱹᱣ ᱨᱮᱭᱟᱜ ᱢᱮᱱᱟᱜᱼᱟ ᱡᱮ ᱜᱽᱨᱚᱦᱚ ᱪᱮᱫ ᱞᱮᱠᱟ ᱛᱮᱭᱟᱨᱟᱜᱼᱟ, ᱵᱤᱥᱮᱥ‌ ᱫᱷᱟᱹᱨᱛᱤ ᱪᱮᱫ ᱞᱮᱠᱟ ᱛᱮᱭᱟᱨᱚᱜ ᱠᱟᱱᱟ, ᱪᱮᱫᱟᱜ ᱥᱮ ᱟᱹᱰᱤ ᱢᱟᱲᱟᱝ ᱨᱮ ᱫᱷᱩᱢᱠᱮᱛᱩ ᱫᱷᱟᱹᱨᱤᱛᱤ ᱨᱮ ᱞᱟᱥᱮᱱ ᱮᱱᱟ ᱠᱤᱱ᱾"
333,"Suoomomo, 53, अपने राज्यपाल पारलिंग शुरू इस साल पहले और पिछले महीने एक बिल पर हस्ताक्षर किया एक ही महीने के कानूनी शादी को रद्द कर दिया.",᱕᱓ ᱥᱮᱨᱢᱟᱠᱤᱭᱟᱹ ᱠᱩᱣᱚᱢᱟ ᱫᱟ ᱱᱚᱶᱟ ᱥᱮᱨᱢᱟ ᱨᱮᱭᱟᱜ ᱮᱛᱦᱚᱵ ᱨᱮ ᱟᱡᱟᱜ ᱥᱟᱥᱚᱱ ᱮᱛᱦᱚᱵ ᱠᱮᱜᱼᱟᱭ ᱟᱨ ᱢᱟᱲᱟᱝ ᱪᱟᱸᱫᱚ ᱥᱮᱢᱞᱤᱝ ᱵᱟᱯᱞᱟ ᱨᱮᱭᱟᱜ ᱣᱮᱫ ᱛᱮᱭᱟᱨᱤᱭᱟᱹ ᱪᱮᱛᱟᱱ ᱨᱮ ᱥᱩᱦᱤ ᱮᱢ ᱠᱮᱜᱼᱟᱭ᱾
334,"उन्होंने कहा कि अफवाहों का उल्लेख ""विद्वत्ता गपशप और पवित्रता"" के रूप में किया।","ᱩᱱᱤ ᱜᱩᱡᱚᱵᱽ ᱠᱟᱛᱷᱟ ᱠᱚ ""ᱨᱟᱡᱽᱱᱤᱛᱤᱠ ᱵᱚᱠᱣᱟᱥ ᱠᱟᱛᱷᱟ ᱟᱨ ᱢᱩᱨᱩᱠᱟᱱ"" ᱦᱤᱥᱟᱹᱵ ᱛᱮ ᱞᱟᱹᱭ ᱞᱮᱜᱼᱟᱭI"
335,वह २०१६ में राष्ट्रपति के लिए एक चलाने के लिए अनुमान लगाया जाता है.,ᱩᱱᱤ ᱒᱐᱑᱖ ᱨᱮ ᱨᱟᱥᱴᱨᱚᱯᱚᱛᱤ ᱯᱚᱫᱽ ᱞᱟᱹᱜᱤᱫ ᱟᱥᱟ ᱢᱮᱱᱟᱜᱼᱟ᱾
336,इसके बाद एक ऐसा व्यवस्था है जो FA दावा करता है कि विमानों को छोटे रास्ते उड़ने और हर साल कार्बन उत्सर्जन के लाखों लीटरों को बचाने और कार्बन उत्सर्जनों को काट देने की अनुमति देगा ।,ᱱᱤᱠᱥᱡᱮᱱ ᱢᱤᱫᱴᱟᱹᱝ ᱱᱟᱠᱟ ᱯᱨᱚᱬᱟᱞᱤ ᱠᱟᱱᱟ ᱚᱠᱟ ᱫᱚ ᱮᱯᱷᱹᱮᱹᱮᱹ ᱨᱮᱭᱟᱜ ᱫᱟᱹᱵᱤ ᱢᱮᱱᱟᱜᱼᱟ ᱡᱮ ᱵᱤᱢᱟᱹᱱ ᱨᱮᱭᱟᱜ ᱦᱚᱯᱚᱱ ᱩᱰᱟᱹᱱ ᱪᱟᱞᱟᱣ ᱟᱨ ᱡᱷᱚᱛᱚ ᱥᱮᱨᱢᱟ ᱢᱤᱞᱤᱭᱚᱱ ᱜᱮᱞᱚᱱ ᱤᱱᱫᱷᱚᱱ ᱥᱟᱸᱪᱟᱣ ᱟᱨ ᱠᱟᱨᱵᱚᱱ ᱩᱛᱚᱨᱡᱚᱱ ᱨᱮ ᱠᱟᱴᱟᱣ ᱨᱮ ᱟᱫᱮᱨ ᱠᱚ ᱧᱟᱢᱟ᱾
337,यह उपग्रह आधारित तकनीक का प्रयोग करता है जैसे कि पुराने भूमि पर आधारित हवा यातायात नियंत्रक को अधिक सटीक के साथ हवाई जहाज को सूचित करने के लिए और अधिक यथार्थ जानकारी देने के लिए।,ᱱᱟᱶᱟ ᱦᱟᱹᱣᱟ ᱭᱟᱛᱟᱭᱟᱛ ᱱᱤᱭᱚᱱᱛᱨᱚᱬ ᱫᱚ ᱰᱷᱮᱨ ᱥᱚᱴᱷᱤᱠᱛᱟ ᱫᱷᱟᱹᱵᱤᱡ ᱵᱤᱢᱟᱹᱱ ᱫᱚ ᱤᱝᱜᱤᱛ ᱠᱚᱨᱟᱣ ᱟᱨ ᱯᱟᱭᱞᱚᱴ ᱫᱚ ᱰᱷᱮᱨ ᱥᱚᱴᱤᱠ ᱡᱟᱹᱱᱠᱟᱹᱨᱤ ᱮᱢᱚᱜ ᱨᱮᱭᱟᱜ ᱚᱱᱩᱢᱚᱛᱤ ᱮᱢᱚᱜ ᱞᱟᱹᱜᱤᱫ ᱢᱟᱨᱮ ᱜᱽᱨᱟᱩᱸᱰᱼᱨᱮᱰᱟᱨᱼᱟᱹᱫᱷᱟᱹᱨᱤᱛ ᱛᱚᱠᱱᱤᱡ ᱨᱮᱭᱟᱜ ᱩᱞᱴᱟᱹ ᱨᱮ ᱩᱯᱜᱽᱨᱚᱦ ᱟᱹᱫᱷᱨᱤᱛ ᱛᱚᱠᱱᱤᱠ ᱨᱮᱭᱟᱜ ᱵᱮᱵᱷᱟᱨᱮᱫ ᱟᱭ᱾
338,"कोई अतिरिक्‍त परिवहन पर रखा जा रहा है और अधिक रेल ट्रेनों पर रखा जा रहा है... ... वेम्बी में बंद नहीं होगा, और कार पार्क और पार्की सुविधाओं पृथ्वी पर उपलब्ध हैं.","ᱡᱟᱦᱟᱱᱟᱜ ᱥᱟᱣᱛᱟ ᱯᱚᱨᱤᱣᱟᱦᱟᱹᱱ ᱵᱟᱝ ᱞᱟᱜᱟᱣ ᱠᱟᱱᱟ ᱟᱨ ᱣᱮᱢᱵᱞᱤ ᱨᱮ ᱚᱣᱟᱹᱨᱜᱽᱨᱟᱩᱸᱰ ᱴᱨᱮᱱ ᱵᱟᱝ ᱟᱠᱚᱴᱚᱜᱼᱟ, ᱟᱨ ᱠᱟᱨ ᱯᱟᱨᱠᱤᱝ ᱟᱨ ᱯᱟᱨᱠᱼᱮᱸᱰᱼᱨᱟᱭᱤᱰ ᱥᱩᱵᱤᱫᱷᱟᱹ ᱱᱤᱛ ᱫᱷᱟᱹᱵᱤᱡ ᱵᱟᱹᱱᱩᱜᱼᱟ᱾"
339,परिवहन की कमी के डर ने संभावना की कि खेल टीम के समर्थकों के बिना बंद दरवाजे के पीछे खेलने के लिए मजबूर हो जाएगा।,ᱯᱚᱨᱤᱣᱟᱦᱚᱱ ᱨᱮᱭᱟᱜ ᱠᱚᱢᱤ ᱵᱚᱛᱚᱨ ᱛᱮ ᱱᱟᱶᱟ ᱥᱚᱢᱵᱷᱟᱣᱱᱟ ᱵᱚᱰᱷᱟᱣ ᱠᱮᱜᱼᱟᱭ ᱡᱮ ᱫᱳᱞ ᱠᱚᱣᱟᱜ ᱥᱚᱢᱚᱨᱛᱷᱚᱱ ᱵᱤᱱᱟᱹ ᱨᱮ ᱠᱷᱮᱞ ᱫᱚ ᱵᱚᱸᱫ ᱫᱩᱣᱟᱹᱨ ᱛᱟᱭᱟᱢ ᱨᱮ ᱮᱱᱮᱡ ᱞᱟᱹᱜᱩᱫ ᱡᱩᱨ ᱮᱢᱟᱫ ᱠᱚᱣᱟ ᱠᱚ᱾
340,पत्रिका विज्ञान में गुरुवार के दिन प्रकाशित एक अध्ययन ने इक्वेडोर के गलन द्वीप पर एक नयी चिड़िया जाति की रचना पर रिपोर्ट दी ।,ᱥᱟᱮᱬᱥ ᱡᱚᱨᱱᱟᱞ ᱨᱮ ᱥᱟᱹᱨᱫᱤ ᱡᱷᱚᱜ ᱯᱟᱨᱥᱟᱞ ᱠᱟᱱ ᱚᱞ ᱫᱚ ᱤᱠᱣᱟᱰᱚᱨ ᱜᱮᱞᱟᱯᱟᱜᱚᱥ ᱫᱣᱤᱯ ᱫᱳᱞ ᱨᱮ ᱢᱤᱫᱴᱟᱹᱝ ᱱᱟᱶᱟ ᱪᱮᱬᱮ ᱯᱨᱚᱡᱟᱛᱤ ᱠᱚ ᱧᱟᱢ ᱨᱮᱭᱟᱜ ᱥᱩᱪᱱᱟ ᱠᱚ ᱮᱢ ᱟᱠᱟᱫᱼᱟ᱾
341,अमरीका के नैशनलटन विश्‍वविद्यालय के खोजकर्ताओं ने दो पीढ़ियों में नयी जातियाँ विकसित कीं ।,"ᱡᱩᱢᱤᱫ ᱯᱚᱱᱟᱛ ᱟᱢᱮᱨᱤᱠᱟ ᱨᱮ ᱯᱨᱤᱱᱥᱴᱚᱱ ᱡᱮᱜᱮᱛ ᱵᱤᱨᱫᱟᱹᱜᱟᱹᱲ ᱟᱨ ᱥᱣᱤᱰᱮᱱ ᱨᱮ ᱩᱯᱥᱟᱞ ᱡᱮᱜᱮᱛ ᱵᱤᱨᱫᱟᱹᱜᱟᱹᱲ ᱨᱮᱱᱟᱜ ᱚᱞ ᱯᱟᱹᱴᱷᱩᱣᱟᱹ ᱠᱚ ᱢᱮᱱ ᱠᱮᱜᱼᱟ ᱡᱮ ᱱᱟᱶᱟ ᱯᱤᱰᱷᱤ ᱠᱷᱟᱹᱞᱤ ᱵᱟᱨᱭᱟ ᱡᱮᱱᱮᱨᱮᱥᱚᱱ ᱨᱮ ᱵᱤᱠᱥᱤᱛ ᱮᱱᱟ ᱠᱚ, ᱦᱮᱞᱮ ᱱᱚᱶᱟ ᱯᱨᱚᱠᱨᱤᱭᱟᱹ ᱫᱚ ᱢᱤᱫᱴᱟᱝ ᱥᱩᱨ ᱰᱟᱨᱣᱤᱱ ᱯᱷᱤᱧᱪ, ᱡᱤᱭᱚᱥᱯᱤᱡᱟ ᱠᱤᱞᱟᱹ ᱟᱨ ᱚᱯᱨᱚᱣᱟᱥᱤ ᱠᱮᱠᱴᱚᱥ ᱛᱟᱞᱟ ᱨᱮ ᱯᱨᱚᱡᱽᱱᱚᱱ ᱞᱟᱹᱜᱤᱫ ᱛᱮ ᱰᱷᱮᱨ ᱥᱚᱢᱚᱭ ᱞᱟᱜᱟᱣ ᱮᱱᱟ᱾ ᱯᱷᱤᱪ, ᱡᱤᱭᱚᱥᱯᱤᱡᱟ ᱠᱚᱱᱤᱨᱚᱥᱴᱨᱤᱥ᱾"
342,इसे छोटे - छोटे आकारों में डाल दिया जा सकता है ।,ᱥᱚᱱᱟ ᱫᱚ ᱡᱚᱛᱚ ᱞᱮᱠᱟᱱᱟᱜ ᱥᱟᱸᱪᱟ ᱨᱮ ᱵᱮᱱᱟᱣ ᱫᱟᱲᱮᱭᱟᱜᱼᱟ᱾ ᱱᱚᱣᱟ ᱦᱩᱰᱤᱧ ᱵᱮᱱᱟᱣ ᱨᱮᱦᱚᱸ ᱨᱚᱞ ᱫᱟᱲᱮᱭᱟᱜᱼᱟ᱾
343,"इसे पतली नींद में फेंका जा सकता है, जो टेढ़ी - मेढ़ी और हट सकती है ।",ᱱᱚᱶᱟ ᱱᱟᱱᱦᱟ ᱛᱟᱨ ᱛᱮᱦᱚᱸ ᱚᱨ ᱫᱟᱲᱮᱭᱟᱜᱼᱟ ᱡᱟᱦᱟᱸ ᱫᱚ ᱞᱟᱹᱴᱩᱢ ᱠᱟᱛᱮ ᱦᱤᱯᱤᱲ ᱫᱟᱲᱮᱭᱟᱜᱼᱟ᱾ ᱱᱚᱶᱟ ᱫᱚ ᱪᱷᱟᱯᱟ ᱦᱚᱸ ᱫᱟᱲᱮᱭᱟᱜᱼᱟ ᱟᱨᱵᱟᱝ ᱥᱤᱴ ᱠᱚ ᱵᱟᱹᱲᱤᱡ ᱫᱟᱲᱮᱭᱟᱜᱼᱟ᱾
344,"इसे बहुत पतली बनाया जा सकता है, और अन्य धातु में अटक सकता है. यह इतना पतली बनाया जा सकता है कि कभी कभी - कभी इसे हाथ से बने चित्रों को ""थिक हस्तलिपियों"" कहा जाता है.","ᱱᱟᱶᱟ ᱫᱚ ᱟᱹᱰᱤ ᱱᱟᱱᱦᱟ ᱛᱮᱭᱟᱨ ᱜᱟᱱᱚᱜ ᱜᱮᱭᱟ, ᱟᱨ ᱮᱴᱟᱜ ᱫᱷᱟᱹᱛᱩ ᱨᱮ ᱪᱤᱯᱠᱟᱹᱣ ᱜᱟᱱᱚᱜ ᱜᱮᱭᱟ᱾ ᱱᱚᱶᱟ ᱫᱚ ᱱᱩᱱᱟᱹᱜ ᱱᱟᱱᱦᱟ ᱛᱮᱭᱟᱨ ᱜᱟᱱᱚᱜᱼᱟ ᱡᱮ ᱱᱚᱶᱟ ᱛᱤᱥ ᱛᱤᱥᱚᱜ ""ᱤᱞᱭᱩᱢᱤᱱᱮᱴᱮᱰ ᱢᱮᱱᱩᱥᱠᱨᱤᱯᱴ"" ᱧᱩᱛᱩᱢ ᱯᱚᱛᱚᱵ ᱨᱮ ᱛᱤ ᱛᱮ ᱵᱮᱱᱟᱣ ᱪᱤᱛᱟᱹᱨ ᱠᱚ ᱥᱟᱡᱟᱣ ᱞᱟᱹᱜᱤᱫ ᱠᱟᱹᱢᱤ ᱨᱮ ᱟᱹᱜᱩ ᱜᱟᱱᱚᱜᱼᱟ᱾"
345,यह एक रासायनिक का पीएच कहा जाता है. आप एक संकेतक बना सकते हैं लाल टैक्सी के रस का उपयोग कर.,ᱱᱚᱶᱟ ᱫᱚ ᱠᱮᱢᱤᱠᱚᱞ ᱯᱤ.ᱮᱪ. ᱠᱟᱱᱟ᱾ ᱟᱢ ᱟᱨᱟᱜ ᱯᱚᱴᱚᱢ ᱠᱚᱵᱤ ᱨᱮᱱᱟᱜ ᱮᱟᱥᱟ ᱵᱮᱵᱷᱟᱨ ᱠᱟᱛᱮ ᱢᱤᱫᱴᱟᱝ ᱥᱩᱪᱚᱠ ᱵᱮᱱᱟᱣ ᱫᱟᱲᱮᱭᱟᱜᱼᱟ᱾
346,इस रासायनिक पदार्थ के बारे में क्या कहा जा सकता है?,ᱠᱮᱢᱤᱠᱚᱞ ᱮᱥᱤᱰ ᱟᱨᱵᱟᱝ ᱟᱞᱠᱟᱞᱟᱭᱱ ᱨᱮᱱᱟᱜ ᱟᱫᱷᱟᱨ ᱨᱮ ᱜᱚᱵᱷᱤ ᱨᱟᱥᱟ ᱨᱮᱱᱟᱜ ᱨᱚᱝ ᱵᱚᱫᱚᱞᱚᱜ ᱠᱟᱱᱟ᱾
347,जिस रासायनिक रसायन में HH स्तर (HHH में H) की मात्रा से सूचित होता है ।,ᱯᱤᱹᱮᱪᱹ ᱞᱮᱵᱟᱞ ᱵᱤᱰᱟᱹᱣ ᱠᱚᱨᱟᱣ ᱮᱱ ᱠᱮᱢᱤᱠᱚᱞ ᱨᱮ ᱦᱟᱭᱰᱨᱚᱡᱟᱱ (ᱮᱪᱹ ᱨᱮ ᱯᱤᱹᱮᱪᱹ) ᱟᱱᱚᱭᱤᱱ ᱨᱮᱱᱟᱜ ᱠᱣᱟᱱᱴᱤᱴᱤ ᱥᱚᱫᱚᱨ ᱢᱮᱱᱟᱜᱼᱟ᱾
348,वे कहते हैं कि ये गोल - पत्थर एक - न - एक - एक - एक - एक होते हैं ।,ᱦᱟᱭᱰᱨᱚᱡᱟᱱ ᱟᱭᱟᱱ ᱛᱚᱵᱮ ᱦᱩᱭᱩᱜᱼᱟ ᱡᱚᱠᱷᱚᱱ ᱚᱱᱟ ᱨᱮᱱᱟᱜ ᱤᱞᱤᱠᱴᱨᱚᱱ ᱚᱰᱚᱜ ᱮᱫ ᱛᱟᱦᱮᱱᱟ᱾ (ᱧᱮᱞ ᱞᱮᱠᱟᱛᱮ ᱦᱟᱭᱰᱨᱚᱡᱟᱱ ᱟᱬᱩ ᱨᱮ ᱢᱤᱫᱴᱟᱝ ᱯᱨᱚᱴᱨᱚᱱ ᱟᱨ ᱢᱤᱫᱴᱟᱝ ᱤᱞᱮᱠᱴᱨᱚᱱ ᱛᱟᱦᱮᱱ ᱠᱟᱱᱟ)
349,फिर इन्हें एक गेंद में झोंक दीजिए ।,"ᱵᱟᱨᱭᱟ ᱜᱟᱱ ᱫᱷᱩᱲᱤ ᱪᱩᱱ ᱢᱤᱫ ᱥᱟᱶᱛᱮ ᱟᱹᱪᱩᱨ ᱢᱮ ᱟᱨ ᱛᱟᱭᱚᱢ ᱛᱮ, ᱥᱟᱯᱷᱟ ᱞᱚᱦᱚᱫ ᱛᱤᱛᱮ, ᱢᱤᱫ ᱜᱮᱸᱫᱟ ᱞᱮᱠᱟ ᱨᱚᱰᱚᱡ ᱢᱮ᱾"
350,"आपके हाथों की नमी बाहरी परतों के साथ प्रतिक्रिया दिखाती है, जो अजीब लगती है और एक क़िस्म का शैल बन जाता है ।","ᱟᱢᱟᱜ ᱛᱤ ᱨᱮᱱᱟᱜ ᱢᱚᱥᱪᱟ ᱵᱟᱦᱨᱮ ᱯᱟᱦᱴᱟ ᱥᱟᱶᱛᱮ ᱯᱷᱤᱰᱵᱮᱠ ᱠᱚᱨᱟᱣᱟ, ᱡᱟᱦᱟᱸ ᱫᱚ ᱦᱟᱦᱟᱲᱟ ᱵᱩᱡᱷᱟᱹᱣᱼᱟ ᱟᱨ ᱢᱤᱫ ᱥᱮᱫ ᱠᱷᱚᱞ ᱵᱮᱱᱟᱣᱜ-ᱟ᱾"
351,"हर घर में हर घर में हर तरह के शौचालय होते थे, जो एक जटिल दलदल व्यवस्था से जुड़े हुए थे ।","ᱦᱟᱲᱟᱯᱯᱟ ᱟᱨ ᱢᱚᱦᱟᱡᱚ-ᱫᱽᱲᱚ ᱥᱟᱦᱟᱨ ᱠᱚᱨᱮ ᱵᱩᱡᱷᱟᱹᱣ ᱢᱮ ᱡᱚᱛᱚ ᱚᱲᱟᱜ ᱨᱮ ᱢᱤᱫᱴᱟᱝ ᱯᱷᱞᱟᱥ ᱴᱚᱭᱞᱮᱴ ᱛᱟᱦᱮᱸ ᱠᱟᱱᱟ, ᱡᱟᱦᱟᱸ ᱢᱤᱫᱴᱟᱝ ᱥᱚᱯᱷᱤᱥᱴᱤᱠᱤᱴᱮᱰ ᱥᱟᱣᱮᱜ ᱥᱤᱥᱴᱚᱢ ᱥᱟᱶ ᱡᱚᱲᱟᱣ ᱛᱟᱦᱮᱸ ᱠᱟᱱᱟ᱾"
352,यूनान के मिन्‍नतोअन और सेन्‍नानी शहरों के घरों में जगह - जगह निर्माण व्यवस्थाएँ पायी गयी हैं ।,ᱜᱽᱨᱤᱥ ᱨᱮ ᱠᱨᱮᱛᱮ ᱟᱨ ᱥᱮᱸᱴᱚᱨᱤᱱᱤ ᱨᱤᱱ ᱢᱤᱱᱳᱚᱱ ᱥᱟᱦᱟᱨ ᱨᱮᱱᱟᱜ ᱚᱲᱟᱜ ᱨᱮ ᱥᱤᱣᱮᱡ ᱥᱤᱥᱴᱚᱢ ᱨᱮᱱᱟᱜ ᱨᱮᱢᱤᱸᱥ ᱧᱟᱢ ᱟᱠᱟᱱᱟ᱾
353,"प्राचीन मिस्र, फारस और चीन में शौचालय भी थे ।","ᱦᱤᱛᱟᱹᱞᱤᱭᱟᱹ ᱢᱤᱥᱨᱚ, ᱯᱷᱟᱨᱥᱤ ᱟᱨ ᱪᱤᱱ ᱨᱮ ᱦᱚᱸ ᱥᱚᱪᱟᱞᱚᱭ ᱛᱮᱦᱮᱸ ᱞᱮᱱᱟ᱾ ᱨᱟᱢᱟᱹᱱ ᱥᱚᱵᱷᱭᱚᱛᱟ ᱨᱮ, ᱥᱚᱪᱟᱞᱚᱭ ᱛᱤᱥᱚᱜ ᱥᱟᱨᱣᱚᱡᱚᱱᱤᱠ ᱩᱢᱚᱲᱟᱜ ᱨᱮᱭᱟᱜ ᱦᱟᱹᱴᱤᱧ ᱛᱟᱦᱮᱸᱱ ᱠᱟᱱ ᱛᱟᱦᱮᱸᱡ ᱡᱟᱦᱟᱸᱭ ᱨᱮ ᱠᱚᱲᱟ ᱟᱨ ᱠᱩᱲᱤ ᱠᱚ ᱢᱤᱫ ᱥᱟᱶ ᱛᱮ ᱛᱟᱦᱮᱸᱱ ᱠᱟᱱ ᱛᱟᱦᱮᱸᱡ ᱠᱚ᱾"
354,"जब आप किसी को कहते हैं जो हज़ारों मील दूर है, आप एक उपग्रह का उपयोग कर रहे हैं।","ᱚᱢ ᱟᱠᱟ ᱡᱷᱚᱜ ᱱᱚᱠᱟ ᱦᱚᱲ ᱮᱢ ᱦᱚᱦᱚ ᱟᱭᱟ ᱚᱠᱚᱭ ᱫᱚ ᱦᱟᱡᱟᱨ ᱢᱤᱫ ᱡᱷᱟᱹᱞ ᱨᱮ ᱢᱮᱱᱟᱭᱟ, ᱛᱚ ᱟᱢ ᱩᱯᱜᱽᱨᱚᱦ ᱨᱮᱭᱟᱜ ᱵᱮᱵᱷᱟᱨᱮᱫ ᱟᱢ᱾"
355,"अंतरिक्ष में उपग्रह कॉल हो जाता है और फिर इसे वापस प्रकट करता है, लगभग तत्काल.",ᱚᱱᱛᱨᱤᱠᱥ ᱨᱮ ᱩᱯᱜᱽᱨᱚᱦ ᱠᱚᱞ ᱧᱟᱢ ᱮᱫᱟᱭ ᱟᱨ ᱩᱱᱤ ᱞᱚᱜᱟᱱ ᱜᱮ ᱵᱷᱮᱡᱟ ᱨᱩᱣᱟᱹᱲ ᱠᱟᱜ ᱠᱟᱱᱟᱭ᱾
356,वैज्ञानिक अंतरिक्ष में दूरदर्शी का प्रयोग करते हैं क्योंकि पृथ्वी का वायुमंडल हमारे प्रकाश और दृष्टिकोण को उलट देता है ।,ᱩᱯᱜᱽᱨᱚᱦ ᱫᱚ ᱢᱤᱫ ᱨᱚᱠᱮᱴ ᱛᱮ ᱚᱱᱛᱚᱨᱤᱠᱥ ᱨᱮ ᱠᱚ ᱵᱷᱮᱡᱟᱭᱟ᱾ ᱵᱚᱭᱜᱟᱱᱤᱠ ᱚᱱᱛᱚᱨᱤᱠᱥ ᱨᱮ ᱫᱩᱨᱵᱤᱱᱫ ᱨᱮᱭᱟᱜ ᱠᱚ ᱵᱮᱵᱷᱟᱨᱮᱫᱼᱟ ᱪᱮᱫᱟᱜ ᱥᱮ ᱫᱷᱟᱹᱨᱛᱤ ᱨᱮᱭᱟᱜ ᱣᱟᱭᱩᱢᱚᱱᱰᱚᱞ ᱟᱵᱚᱱᱟᱜ ᱛᱤᱱᱟᱹᱜ ᱜᱟᱱ ᱟᱨᱥᱟᱞ ᱟᱨ ᱧᱮᱞ ᱠᱚ ᱠᱷᱟᱨᱟᱯ ᱠᱟᱜ ᱠᱟᱱᱟᱭ᱾
357,अंतरिक्ष में एक उपग्रह या दूरदर्शी को बनाने के लिए एक विशाल विस्फोट लेता है।,ᱚᱱᱛᱨᱤᱠᱥ ᱨᱮ ᱩᱯᱜᱽᱨᱚᱦ ᱟᱨ ᱵᱟᱝ ᱫᱩᱨᱵᱤᱱ ᱞᱟᱜᱟᱣ ᱞᱟᱹᱜᱤᱫ ᱑᱐᱐ ᱯᱷᱩᱴ ᱠᱷᱚᱱ ᱰᱷᱮᱨ ᱩᱥᱩᱞ ᱨᱮᱭᱟᱜ ᱢᱤᱫᱴᱟᱹᱝ ᱢᱟᱨᱟᱝ ᱨᱚᱠᱮᱴ ᱨᱮᱭᱟᱜ ᱫᱚᱨᱠᱟᱨ ᱞᱟᱹᱠᱛᱤ ᱠᱟᱱᱟ᱾
358,गाड़ी चलाते वक्‍त हमें सबसे ज़्यादा आसान और तेज़ यातायात की ज़रूरत पड़ती है ।,"ᱪᱚᱠᱟ ᱫᱚ ᱵᱟᱝ ᱯᱟᱹᱛᱤᱭᱟᱣᱜ ᱞᱮᱠᱷᱟ ᱜᱮ ᱡᱮᱜᱮᱛ ᱵᱚᱫᱚᱞ ᱠᱟᱛᱮ ᱫᱚᱦᱚ ᱠᱮᱜᱼᱟᱭ᱾ ᱪᱚᱠᱟ ᱟᱵᱚ ᱞᱟᱹᱜᱩᱫ ᱡᱟᱦᱟ ᱠᱚᱨᱟᱣ ᱠᱮᱜᱼᱟᱭ, ᱚᱱᱟ ᱟᱵᱚ ᱟᱹᱰᱤ ᱟᱞᱜᱟ ᱟᱨ ᱞᱚᱜᱚᱱ ᱯᱚᱨᱤᱣᱟᱦᱟᱹᱱ ᱮᱢᱟ ᱠᱮᱫ ᱵᱚᱱᱟᱭ᱾"
359,"यह हमें ट्रेन, कार, और अनेक अन्य परिवहन उपकरणों लाया है ।","ᱱᱟᱶᱟ ᱛᱮ ᱟᱵᱚ ᱴᱨᱮᱱ, ᱠᱟᱨ ᱟᱨ ᱟᱭᱢᱟ ᱮᱴᱟᱜ ᱯᱚᱨᱤᱣᱟᱦᱟᱹᱱ ᱩᱯᱠᱚᱨᱚᱬ ᱟᱹᱜᱩ ᱟᱠᱟᱫᱟ ᱵᱚᱱ᱾"
360,"उनके नीचे और भी मीडिया का आकार होता है जो माध्यम के आकार में शिकार खाते हैं, जिसमें खरगोश से लेकर हरिणियों और हरिण तक का शिकार होता है ।",ᱩᱱᱠᱩ ᱞᱟᱛᱟᱨ ᱨᱮ ᱰᱷᱮᱨ ᱢᱟᱫᱷᱭᱚᱢ ᱢᱟᱯ ᱨᱮᱭᱟᱜ ᱯᱩᱥᱤ ᱠᱚ ᱛᱟᱦᱮᱸᱱ ᱠᱟᱱᱟ ᱡᱟᱦᱟᱸᱭ ᱫᱚ ᱠᱷᱩᱞᱟᱹᱭ ᱴᱷᱮᱱ ᱠᱷᱚᱱ ᱤᱫᱤ ᱟᱛᱮᱫ ᱢᱨᱩᱜᱽ ᱟᱨ ᱥᱮᱞᱮᱵ ᱫᱷᱟᱹᱵᱤᱡ ᱨᱤᱱ ᱢᱟᱫᱷᱭᱟᱢ ᱢᱟᱯ ᱦᱤᱥᱟᱹᱵ ᱛᱮ ᱥᱤᱠᱟᱨ ᱮ ᱡᱚᱢ ᱮ ᱠᱟᱱᱟᱭ᱾
361,"आखिर में, बहुत - सी छोटी चिड़ियाें (जिसे पालतू जानवर कहा जाता है) होती हैं, जो कीड़े - मकौड़ों की तरह ज़्यादा - से - ज़्यादा छोटे शिकार खाती हैं ।","ᱢᱤᱪᱟᱹᱫ ᱨᱮ, ᱟᱭᱢᱟ ᱦᱟᱯᱚᱱ ᱯᱩᱥᱤ (ᱰᱷᱤᱞᱟᱹ‌‌ ᱯᱟᱹᱞᱛᱩ ᱯᱩᱥᱤ) ᱢᱮᱱᱟᱜ ᱠᱚᱣᱟ ᱚᱠᱚᱭ ᱫᱚ ᱦᱩᱛᱤ, ᱜᱩᱰᱩ, ᱪᱮᱨᱪᱮᱴᱮᱡ, ᱟᱨ ᱪᱮᱬᱮ ᱞᱮᱠᱷᱟᱱ ᱠᱟᱹᱴᱤᱡ ᱥᱤᱠᱟᱹᱨ ᱠᱚ ᱡᱟᱢ ᱠᱚᱣᱟ᱾"
362,"उनकी सफलता का रहस्य है पिरसिस की धारणा, एक विशेष कार्य जो हर बिल्ली को दूसरों के साथ होड़ लगाने से रोकता है ।","ᱱᱠᱩᱣᱟᱜ ᱨᱟᱹᱥ ᱠᱚ ᱨᱮᱭᱟᱜ ᱨᱟᱦᱚᱥᱭᱚ ᱫᱚ ᱟᱞᱟ ᱨᱮᱭᱟᱜ ᱚᱣᱫᱷᱤ ᱠᱟᱱᱟ, ᱢᱤᱫᱴᱟᱹᱝ ᱵᱤᱥᱮᱥ ᱠᱟᱹᱢᱤ ᱚᱠᱟ‌ ᱫᱚ ᱡᱷᱚᱛᱚ ᱯᱩᱥᱤ ᱠᱚ ᱫᱚᱦᱚᱭᱟ ᱡᱟᱦᱟᱸᱭ ᱫᱚ ᱮᱴᱟᱜ ᱠᱚ ᱥᱟᱞᱟᱜ ᱵᱟᱹᱭᱨᱚᱜ ᱠᱷᱚᱱ ᱵᱟᱹᱰ‌ ᱠᱚ ᱠᱟᱱᱟᱭ᱾"
363,"शेर सबसे बड़े झुंड में रहते हैं, जिन्हें गर्व कहा जाता है ।","ᱠᱩᱞ ᱠᱚᱫᱚ ᱟᱹᱰᱤ ᱥᱟᱶᱛᱟ ᱯᱩᱥᱤ ᱠᱟᱱᱟ ᱠᱚ, ᱱᱩᱠᱩ ᱫᱚ ᱢᱤᱻᱢᱤᱫ ᱫᱚᱞ ᱨᱮᱠᱚ ᱛᱟᱦᱮᱱᱟ ᱚᱱᱟ ᱫᱚ ᱜᱚᱨᱚᱵᱽ ᱠᱚ ᱢᱮᱛᱟᱜᱼᱟ᱾"
364,"एक से तीन से तीन मादा नर पुरुषों में से एक पर घमंड किया जाता है, और इसके साथ - साथ तीस मादा और बच्चे भी ।","ᱜᱚᱨᱚᱵᱽ ᱢᱮᱱᱫᱚ ᱢᱤᱫᱴᱮᱱ ᱠᱷᱚᱱ ᱯᱮᱭᱟ ᱜᱟᱱ ᱟᱹᱱᱰᱤᱭᱟᱹ ᱠᱩᱞ ᱠᱚ ᱛᱟᱦᱮᱱᱟ, ᱚᱱᱟ ᱥᱟᱶ ᱯᱮ ᱜᱮᱞ ᱠᱷᱚᱱ ᱡᱟᱹᱥᱛᱤ ᱮᱝᱜᱟ ᱠᱩᱞ ᱟᱨ ᱦᱚᱯᱚᱱ ᱠᱚ᱾"
365,"आम तौर पर मादाएँ एक दूसरे से निकट संबंध रखती हैं, जो बहनों और बेटियों का एक बड़ा परिवार है ।",ᱵᱩᱦᱤᱱ ᱠᱚᱣᱟᱜ ᱟᱨ ᱦᱚᱯᱚᱱ ᱮᱨᱟ ᱠᱚᱣᱟᱜ ᱢᱤᱫ ᱢᱟᱨᱟᱝ ᱜᱷᱟᱨᱚᱸᱡᱽ ᱛᱟᱦᱮᱸᱱ ᱠᱷᱟᱹᱛᱤᱨ ᱠᱩᱲᱤ ᱠᱚᱫᱚ ᱟᱥᱚᱠᱟᱭᱛᱮ ᱟᱯᱟᱱ-ᱟᱹᱯᱤᱱ ᱟᱹᱰᱤ ᱜᱟᱹᱦᱤᱸᱨ ᱡᱚᱯᱚᱲᱟᱣ ᱛᱟᱦᱮᱸᱱ ᱛᱟᱠᱚᱣᱟI
366,"सिंह का घमंड, भेड़ियों या कुत्तों के पैकों की तरह काफ़ी काम करता है, जानवर व्यवहार में सिंहों के समान (लेकिन अन्य बड़ी ढोलों), और अपने शिकार के लिए भी बहुत घातक है ।","ᱠᱩᱞ ᱜᱚᱨᱚᱵᱽ ᱫᱚ ᱥᱮᱛᱟ ᱥᱮ ᱵᱤᱨ ᱥᱮᱛᱟ ᱠᱚᱣᱟᱜ ᱫᱚᱞ ᱞᱮᱠᱟ ᱠᱚ ᱠᱟᱹᱢᱤᱭᱟ, ᱡᱟᱱᱣᱟᱨ ᱠᱚ ᱪᱚᱢᱠᱟᱣᱚᱜ ᱞᱮᱠᱟ ᱠᱩᱞ ᱞᱮᱠᱟ(ᱢᱮᱱᱠᱷᱟᱱ ᱮᱴᱟᱜ ᱥᱮᱬᱟ ᱯᱩᱥᱤ ᱫᱚ ᱵᱟᱝ) ᱠᱚ ᱵᱮᱵᱷᱟᱨ, ᱟᱨ ᱥᱮᱸᱫᱽᱨᱟ ᱞᱟᱹᱜᱤᱫ ᱟᱹᱰᱤ ᱠᱚ ᱵᱚᱛᱚᱨᱟᱱᱟ᱾"
367,"एक अच्छी तरह से विशिष्ट खिलाड़ी, बाघ (शायद अच्छी तरह से नहीं) चढ़ सकता है, उड़ान भरी, और एक शक्‍तिशाली मनुष्य की शक्‍ति से पाँच बार खींच सकता है ।","ᱢᱤᱫ ᱱᱟᱯᱟᱭ ᱥᱮᱪᱮᱫᱤᱭᱟᱹ ᱠᱷᱮᱞᱚᱸᱰᱤᱭᱟᱹ ᱞᱮᱠᱟ, ᱛᱟᱹᱨᱩᱵ ᱫᱚᱠᱚ ᱫᱮᱡ ᱫᱟᱲᱮᱭᱟᱜ-ᱟ (ᱯᱟᱞᱮ ᱱᱟᱯᱟᱭ ᱚᱠᱚᱡ ᱫᱚ ᱵᱟᱝ) , ᱯᱟᱭᱨᱟ ᱫᱟᱲᱮᱭᱟᱜ-ᱟ, ᱟᱹᱰᱤ ᱡᱷᱟᱹᱞ ᱦᱟᱹᱵᱤᱡ ᱠᱚ ᱫᱚᱱ ᱫᱟᱲᱮᱭᱟᱜᱼᱟ ᱟᱨ ᱢᱤᱫ ᱫᱟᱲᱮ ᱦᱚᱲᱟᱜ ᱢᱚᱬᱮ ᱜᱩᱱᱠᱚ ᱚᱨ ᱫᱟᱲᱮᱭᱟᱜ-ᱟ᱾"
368,"बाघ एक ही समूह में है (जो शेरों, चीता, और greuga) के रूप में है ।","ᱛᱟᱹᱨᱩᱵ ᱫᱚ ᱠᱩᱞ, ᱡᱟᱴᱟ ᱠᱩᱞ, ᱟᱨ ᱡᱟᱜᱩᱣᱟᱨ ᱠᱚ ᱞᱮᱠᱟ (ᱡᱮᱱᱩᱥ ᱯᱟᱱᱛᱷᱮᱨ) ᱢᱤᱫ ᱜᱟᱫᱮᱞ ᱨᱮᱱ ᱠᱟᱱᱟᱠᱚ᱾ ᱱᱩᱠᱩ ᱯᱩᱱᱭᱟᱹ ᱯᱩᱥᱤ ᱠᱚᱜᱮ ᱮᱠᱞᱟ ᱠᱚ ᱠᱟᱨᱟᱡᱽ ᱫᱟᱲᱮᱭᱟᱜᱼᱟ᱾"
369,"बाघ का गर्जन सिंह के पूरे गरजते हुए शब्द के समान नहीं है, पर उस से भी अधिक शब्द चिल्लाते हैं।","ᱛᱟᱹᱨᱩᱵᱟᱜ ᱠᱟᱨᱟᱡᱽ ᱫᱚ ᱠᱩᱞ ᱞᱮᱠᱟ ᱜᱚᱴᱟᱞ ᱟᱲᱟᱝ ᱫᱚ ᱵᱟᱝ ᱠᱟᱱ ᱛᱟᱭᱟ, ᱢᱮᱱᱠᱷᱟᱱ ᱟᱲᱟᱝᱼᱚᱜ ᱠᱟᱱ ᱢᱤᱫ ᱟᱹᱭᱟᱹᱛ ᱨᱮᱭᱟᱜ ᱟᱹᱲᱟᱹ ᱞᱮᱠᱟ᱾"
370,"छोटे जानवरों को खाने के लिए पसंद करते हैं। वे बंदरों, सांपों और पक्षियों को पकड़ने के लिए अगर वे कर सकते हैं। लगभग सभी जानवरों के शिकार यह उससे कहीं छोटा हैं।","ᱳᱥᱮᱞᱮᱴ ᱠᱚ ᱠᱟᱹᱴᱤᱡ ᱡᱩᱱᱛᱩ ᱡᱚᱢ ᱠᱚ ᱠᱩᱥᱤᱦᱟᱠᱚᱣᱟ᱾ ᱩᱱᱠᱩ ᱫᱟᱲᱮᱭᱟᱜᱼᱟ ᱠᱚ ᱢᱮᱱᱠᱷᱟᱱ ᱦᱟᱹᱬᱩ ᱠᱚ, ᱵᱤᱧ ᱠᱚ, ᱨᱳᱰᱮᱸᱴ ᱠᱚ ᱟᱨ ᱪᱮᱬᱮ ᱠᱚ ᱥᱟᱵ ᱠᱚᱣᱟ᱾ ᱡᱟᱦᱟᱸ ᱛᱤᱱᱟᱹᱜ ᱜᱮ ᱡᱩᱱᱛᱩ ᱥᱤᱠᱟᱹᱨᱟ ᱠᱚ ᱩᱱᱠᱩ ᱠᱷᱚᱱ ᱚᱥᱮᱞᱮᱴ ᱫᱚ ᱡᱷᱚᱛᱚ ᱠᱷᱚᱱ ᱠᱚ ᱦᱩᱰᱤᱧᱟ᱾"
371,"वैज्ञानिकों का मानना है कि Caces का पालन करते हैं और जानवरों को खाने के लिए खाने के लिए मिलता है (प्रेय), वे भूमि पर कहाँ किया गया है.",ᱥᱟᱬᱮᱥᱤᱭᱟᱹ ᱢᱚᱱᱮᱭᱟ ᱡᱮ ᱚᱥᱮᱞᱮᱴ ᱫᱚ ᱡᱤ ᱛᱮ ᱡᱟᱱᱣᱟᱨ ᱠᱚ ᱥᱮᱱᱫᱽᱨᱟ ᱟᱨᱠᱚ ᱯᱟᱧᱡᱟ ᱠᱚᱣᱟ ᱟᱠᱚ ᱚᱠᱟ ᱡᱟᱭᱜᱟ ᱨᱮᱠᱚ ᱛᱟᱦᱮᱸ ᱠᱚᱜᱼᱟ ᱚᱱᱰᱮ ᱠᱟ ᱡᱤᱻᱭᱟ᱾
372,"वे रात के दर्शन के साथ अंधेरे में बहुत अच्छी तरह से देख सकते हैं, और बहुत ही हिलते हैं ।",ᱩᱱᱠᱩ ᱫᱚ ᱧᱤᱫᱟᱹ ᱨᱮᱭᱟᱜ ᱠᱟᱲᱟᱝ ᱠᱩᱪᱟᱹᱝ ᱧᱩᱛ ᱨᱮᱦᱚᱸ ᱱᱟᱯᱟᱭ ᱛᱮᱠᱚ ᱧᱮᱞ ᱫᱟᱲᱮᱭᱟᱜᱼᱟ ᱟᱨ ᱛᱷᱤᱨ ᱛᱮᱠᱚ ᱯᱟᱨᱚᱢ ᱫᱟᱲᱮᱭᱟᱜᱼᱟ᱾ ᱩᱱᱠᱩ ᱯᱩᱭᱞᱩ ᱟᱠᱚᱣᱟᱜ ᱥᱩᱨᱥᱩᱯᱩᱨᱮ ᱥᱮᱸᱫᱽᱨᱟ ᱠᱚ‌ ᱪᱟᱨᱦᱟᱣ ᱠᱚᱣᱟ ᱚᱱᱟ ᱛᱟᱭᱚᱢ ᱥᱮᱸᱫᱽᱨᱟ ᱠᱚ‌ ᱚᱛᱟ ᱠᱚᱣᱟ᱾
373,"जब जीवित चीजों का एक छोटा समूह मुख्य जनसंख्या से अलग हो जाता है (जैसे कि वे एक पहाड़ सीमा या एक नदी के ऊपर जाते हैं, या अगर वे एक नए द्वीप में ले जाते हैं ताकि वे आसानी से वापस नहीं जा सकते हैं) वे अक्सर एक अलग वातावरण में अपने आप को पाते हैं.",ᱡᱚᱠᱷᱚᱱ ᱵᱟᱧᱪᱟᱣ ᱡᱩᱱᱛᱩ ᱠᱚᱹᱣᱤᱡ ᱢᱤᱫ ᱦᱩᱰᱤᱧ ᱫᱚᱞ (ᱢᱤᱫ ᱠᱷᱟᱴᱚ ᱞᱮᱠᱷᱟ ᱦᱚᱲ) ᱢᱩᱬᱩᱛ ᱫᱚᱞ ᱠᱷᱚᱱ ᱠᱚ ᱵᱷᱮᱜᱟᱨᱚᱜᱼᱟ (ᱡᱮᱢᱚᱱ ᱩᱱᱠᱩ ᱫᱚ ᱢᱤᱫ ᱵᱚᱨᱚ ᱟᱨᱵᱟᱝ ᱢᱤᱫ ᱜᱟᱰᱟ ᱨᱮᱠᱚ ᱯᱟᱨᱚᱢᱚᱜ ᱠᱟᱱᱟ ᱢᱤᱫ ᱱᱟᱶᱟ ᱟᱭᱤᱥᱞᱟᱸᱰ ᱛᱮ ᱡᱟᱦᱟᱸ ᱠᱷᱚᱱ ᱨᱩᱣᱟᱹᱲ ᱵᱟᱝ ᱟᱞᱜᱟᱦᱟ) ᱩᱱᱠᱩ ᱫᱚ ᱢᱤᱫ ᱱᱟᱶᱟ ᱡᱟᱭᱜᱟ ᱨᱮᱠᱚ ᱧᱟᱢ ᱠᱚᱣᱟ᱾
374,"इस नए वातावरण में अलग - अलग साधन और भिन्‍न - भिन्‍न प्रतियाँ हैं, सो नयी जनसंख्या को एक ऐसे भिन्‍न विशेषताओं या अनुकूल होने की ज़रूरत होगी जिसकी उन्हें पहले ज़रूरत थी ।",ᱱᱤᱭᱟᱹ ᱱᱟᱶᱟ ᱥᱟᱪᱟᱨᱦᱮ ᱨᱮᱭᱟᱜ ᱵᱷᱮᱜᱟᱨ ᱨᱤᱥᱚᱨᱥᱮᱥ ᱟᱨ ᱵᱷᱮᱜᱟᱨ ᱦᱟᱯᱴᱟᱣᱤᱭᱟᱹ ᱠᱚ ᱢᱮᱱᱟᱜ ᱠᱚᱣᱟ ᱚᱱᱟᱛᱮ ᱱᱟᱶᱟ ᱦᱚᱲ ᱠᱚᱫᱚ ᱥᱮᱫᱟᱭ ᱡᱟᱦᱟᱸ ᱛᱟᱦᱮᱸᱠᱟᱱ ᱛᱟᱠᱚᱣᱟ ᱚᱱᱟ ᱵᱟᱫ ᱵᱷᱮᱜᱟᱨ ᱯᱷᱤᱭᱮᱪᱚᱨ ᱟᱨᱵᱟᱝ ᱟᱰᱟᱯᱴᱮᱥᱚᱱ ᱠᱚ ᱠᱷᱚᱡᱚᱜ ᱠᱟᱱᱟ ᱡᱟᱦᱟᱸ ᱫᱚ ᱢᱤᱫ ᱠᱮᱴᱮᱡ ᱦᱟᱯᱴᱟᱣᱤᱡᱼᱮ ᱵᱮᱱᱟᱣ ᱠᱚᱣᱟ᱾
375,"मूल जनसंख्या में कोई परिवर्तन नहीं हुआ है, वे अभी भी पहले की तरह ही अनुकूलता की आवश्यकता है.","ᱢᱤᱬᱩᱛ ᱦᱚᱲ ᱠᱚᱫᱚ ᱱᱤᱛ ᱵᱷᱩᱨ ᱵᱟᱝᱠᱚ ᱵᱚᱫᱚᱞᱟ ᱠᱟᱱᱟ, ᱩᱱᱠᱩ ᱫᱚ ᱯᱩᱭᱞᱩ ᱞᱮᱠᱟᱜᱮ ᱱᱤᱛ ᱦᱚᱸ ᱚᱱᱟ ᱟᱰᱟᱯᱴᱮᱥᱚᱱ ᱜᱮᱠᱚ ᱠᱷᱚᱡᱚᱜ ᱠᱟᱱᱟ᱾"
376,"समय के गुज़रते, जैसे - जैसे नयी जनसंख्या अपने नए वातावरण के अनुकूल होने लगती है, वे अन्य जनसंख्या की तरह कम और कम दिखने लगते हैं ।","ᱚᱠᱛᱚ ᱥᱟᱶ, ᱱᱟᱶᱟ ᱦᱚᱲ ᱠᱚ ᱡᱚᱠᱷᱚᱱ ᱟᱠᱚᱣᱟᱜ ᱱᱟᱶᱟ ᱥᱟᱪᱟᱨᱦᱮ ᱠᱚ ᱦᱟᱛᱟᱣᱟ, ᱩᱱᱠᱩ ᱫᱚ ᱮᱴᱟᱜ ᱦᱚᱲ ᱠᱚ ᱞᱮᱠᱟ ᱠᱟᱹᱡ~ᱠᱟᱹᱡ ᱠᱚ ᱧᱮᱞ ᱤᱫᱤᱜᱼᱟ᱾"
377,"अंत में, हजारों या लाखों वर्षों के बाद भी, दो आबादी इतने अलग लग जाएगा कि वे एक ही प्रजाति नहीं कहा जा सकता.","ᱢᱩᱪᱟᱹᱫ ᱨᱮ, ᱢᱤᱫ ᱦᱟᱡᱟᱨ ᱟᱨᱵᱟᱝ ᱞᱟᱠᱷ~ᱞᱟᱠᱷ ᱥᱮᱨᱢᱟ ᱛᱟᱭᱚᱢ ᱵᱟᱨᱭᱟ ᱦᱚᱲ ᱡᱟᱹᱛᱤ ᱚᱝᱠᱟᱠᱤᱱ ᱵᱷᱮᱜᱟᱨᱚᱜᱼᱟ ᱡᱮ ᱩᱱᱠᱩᱱ ᱫᱚ ᱥᱚᱢᱟᱱ ᱥᱯᱤᱥᱤᱡᱽ ᱢᱮᱱᱛᱮ ᱢᱮᱱ ᱵᱟᱝ ᱜᱟᱱᱚᱜᱼᱟ᱾"
378,"हम इस प्रक्रिया की जाँच करते हैं, जिसका अर्थ है नयी जातियाँ उत्पन्‍न करना ।","ᱟᱞᱮ ᱱᱚᱣᱟ ᱯᱨᱚᱥᱮᱥ ᱫᱚ ᱥᱯᱮᱥᱤᱭᱮᱥᱚᱱ ᱞᱮ‌ ᱢᱮᱛᱟᱜᱼᱟ, ᱡᱟᱦᱟᱸ ᱢᱮᱱᱮᱛ ᱫᱚ ᱵᱟᱨᱭᱟ ᱱᱟᱶᱟ ᱥᱯᱤᱥᱤᱡᱽ ᱵᱮᱱᱟᱣ᱾ ᱥᱯᱮᱥᱤᱭᱮᱥᱚᱱ ᱫᱚ ᱢᱤᱫ ᱵᱟᱝ ᱟᱲᱟᱜ ᱜᱤᱰᱤᱭᱟᱱ ᱠᱚᱱᱥᱤᱠᱣᱮᱱᱥᱤ ᱟᱨ ᱤᱵᱷᱚᱞᱭᱩᱥᱚᱱ ᱨᱮᱭᱟᱜ ᱢᱤᱫ ᱟᱹᱰᱤ ᱡᱟᱹᱨᱩᱲᱟᱱ ᱠᱟᱛᱷᱟ ᱠᱟᱱᱟ᱾"
379,"पौधे ऑक्सीजन बनाते हैं जो मनुष्य साँस लेते हैं, और वे कार्बन-डिस्‌ में लेते हैं जो मनुष्य साँस लेता है (कि, साँस से बाहर है).","ᱫᱟᱨᱮ ᱠᱚᱫᱚ ᱚᱠᱥᱤᱡᱮᱱ ᱠᱚ ᱵᱮᱱᱟᱣᱟ ᱡᱟᱦᱟᱸ ᱛᱮᱠᱚ ᱥᱟᱦᱮᱫᱟ, ᱟᱨ ᱱᱩᱠᱩ ᱫᱚ ᱠᱟᱨᱵᱚᱱ ᱰᱟᱭᱚᱠᱥᱟᱭᱤᱰ ᱠᱚ ᱩᱰᱩᱠᱟ ᱡᱟᱦᱟᱸ ᱫᱟᱨᱮ ᱥᱟᱦᱮᱫᱟᱭ᱾"
380,"प्रकाश देने के द्वारा सूर्य से अपना भोजन उगाता है, और छाया भी देता है।",ᱫᱟᱨᱮ ᱟᱡᱟᱜ ᱡᱚᱢᱟᱜ ᱫᱚ ᱵᱮᱲᱟ ᱛᱟᱨᱟᱥ ᱛᱮ ᱵᱮᱱᱟᱣᱟᱭ ᱡᱟᱦᱟᱸ ᱫᱚ ᱯᱷᱚᱴᱚᱥᱤᱱᱛᱷᱮᱥᱤᱥ ᱠᱚ ᱢᱮᱛᱟᱜᱼᱟ᱾ ᱩᱱᱠᱩ ᱦᱚᱸ ᱩᱢᱩᱞ ᱠᱚ ᱮᱢᱚᱜᱼᱟ᱾
381,हम अपने घर पौधों से बनाते हैं और पौधों से कपड़े बनाते हैं ।,ᱟᱵᱚ ᱚᱲᱟᱜ ᱫᱟᱨᱮ ᱛᱮᱵᱚᱱ ᱵᱮᱱᱟᱣᱮᱫᱼᱟ ᱟᱨ ᱞᱩᱜᱽᱲᱤ ᱦᱚᱸ ᱫᱟᱨᱮ ᱠᱷᱚᱱ᱾ ᱡᱚᱢᱟᱜ ᱠᱚᱦᱚᱸ ᱵᱤᱥᱛᱤ ᱫᱟᱨᱮ ᱠᱷᱚᱱ ᱧᱟᱢᱚᱜ ᱠᱟᱱ᱾ ᱫᱟᱨᱮ ᱵᱟᱝᱠᱷᱟᱱ ᱡᱩᱱᱛᱩ ᱵᱟᱠᱚ ᱵᱟᱧᱪᱟᱣᱜᱼᱟ᱾
382,"मोसासॉरस अपने समय का श्‍वेत शिकारी था, इसलिए वह किसी भी बात का डर नहीं करता था, सिवाय दूसरे मोची के ।","ᱢᱳᱥᱟᱥᱚᱨᱚᱥ ᱟᱭᱟᱜ ᱚᱠᱛᱚ ᱨᱮᱱ ᱡᱚᱛᱚ ᱠᱷᱚᱱ ᱞᱟᱴᱩ ᱥᱤᱠᱟᱨᱤ ᱛᱟᱦᱮᱸ ᱠᱟᱱᱟ, ᱱᱚᱣᱟ ᱤᱭᱮᱛᱮ ᱩᱱᱤ ᱫᱚ ᱡᱟᱦᱟᱱ ᱮᱴᱟᱜ ᱡᱤᱱᱤᱥ ᱨᱮᱭᱟᱜ ᱵᱚᱛᱚᱨ ᱵᱟᱝ ᱛᱟᱦᱮᱸ ᱞᱮᱱ ᱛᱟᱭᱟ, ᱢᱮᱥᱥᱟᱳᱨᱮ ᱠᱚ ᱵᱟᱜᱤ ᱠᱮᱛᱮᱡ᱾"
383,"इसके लंबे जबड़े 70 से भी अधिक टाइट-पिंड दाँत, साथ ही उसके मुंह की छत में एक अतिरिक्त सेट के साथ बनाया गया था, मतलब है कि कुछ भी करने के लिए कोई भी भागने के लिए नहीं था कि अपने पथ पार किया गया था.","ᱱᱩᱭᱟᱜ ᱡᱤᱞᱤᱧ ᱛᱷᱚᱛᱷᱚᱱᱟ ᱗᱐ ᱠᱷᱚᱱ ᱵᱟᱲᱛᱤ ᱰᱟᱴᱟ ᱠᱚ ᱢᱮᱱᱟᱜ ᱛᱟᱭᱟ, ᱥᱟᱦᱟᱸᱣ ᱛᱮ ᱩᱱᱤᱭᱟᱜ ᱢᱩᱪᱟ ᱨᱮᱭᱟᱜ ᱪᱮᱛᱟᱱ ᱵᱷᱟᱜ ᱨᱮ ᱟᱨ ᱦᱚᱸ ᱛᱟᱦᱮᱸ ᱞᱮᱱᱟ, ᱡᱟᱦᱟᱱ ᱨᱮᱭᱟᱜ ᱢᱟᱱᱮ ᱫᱚ ᱠᱟᱱᱟ ᱡᱮ ᱩᱱᱤᱭᱟᱜ ᱰᱟᱦᱟᱨ ᱦᱟᱡᱩᱜ ᱠᱟᱱ ᱡᱟᱦᱟᱱ ᱡᱤᱱᱤᱥ ᱵᱟᱝ ᱵᱟᱱᱪᱟᱣ ᱫᱟᱲᱤᱭᱟᱜ-ᱟ᱾"
384,"हम निश्‍चित रूप से पता नहीं है, लेकिन शायद यह एक चक्करदार जीभ थी ।","ᱟᱞᱮ ᱜᱚᱴᱟᱭ ᱛᱮ ᱵᱟᱞᱮ ᱵᱟᱰᱟᱭᱟ, ᱢᱮᱱᱟᱠᱷᱟᱱ ᱦᱚᱭ ᱫᱟᱲᱤᱭᱟᱜ-ᱟ ᱡᱮ ᱱᱩᱭᱟᱜ ᱟᱞᱟᱝ ᱫᱚ ᱡᱟᱱᱩᱢ ᱞᱮᱠᱟ ᱢᱮᱱᱟᱜ-ᱟ᱾ ᱱᱚᱣᱟ ᱞᱟᱹᱜᱤᱫ ᱟᱦᱟᱨ ᱨᱮ ᱦᱚᱨᱚ, ᱞᱟᱴᱩ ᱦᱟᱠᱩ ᱠᱚ, ᱮᱴᱟᱜ ᱢᱟᱥᱟᱥᱳᱨ ᱥᱮᱞᱮᱫ ᱛᱟᱦᱮᱸ ᱞᱮᱱᱟ, ᱟᱨ ᱯᱟᱥᱮᱜ ᱟᱨᱵᱷᱟᱠᱪᱷᱤ ᱦᱚᱸᱭ ᱦᱚᱭ ᱫᱟᱲᱤᱭᱟᱜ-ᱟ᱾"
385,इसने उन किसी भी चीज़ पर हमला किया जो पानी में प्रवेश करती; यहाँ तक कि टी.,ᱚᱱᱟ ᱫᱚ ᱟᱨᱦᱚᱸ ᱫᱟᱜ ᱨᱮ ᱡᱟᱦᱟᱱ ᱵᱚᱞᱚᱱ ᱡᱤᱱᱤᱥ ᱨᱮᱜᱮ ᱦᱟᱢᱞᱟ ᱟᱠᱟᱫ-ᱟᱭ; ᱡᱟᱦᱟᱸ ᱞᱮᱠᱟ ᱢᱤᱫ ᱢᱟᱨᱟᱝ ᱰᱟᱭᱱᱟᱥᱳᱨ ᱴᱤ.ᱨᱮᱠᱥ ᱥᱟᱸᱣ ᱦᱚᱸ ᱪᱮᱫ ᱢᱤᱞᱟᱹᱣ   ᱡᱩᱞᱟᱹᱣ ᱵᱟᱝ ᱦᱩᱭ ᱠᱮᱭᱟ।
386,"जबकि उनका अधिकांश भोजन हम से परिचित हो जाता, रोमियों के पास असाधारण या असाधारण दावत की वस्तुओं का भाग होता, जिसमें जंगली सूअर, मोर, घोंघा, और एक प्रकार की छड़ी भी शामिल थी जिसे आममोशी कहा जाता था","ᱡᱟᱦᱟᱸ ᱜᱮ ᱚᱱᱟ ᱨᱮᱱᱟᱜ ᱵᱟᱹᱲᱛᱤ ᱡᱚᱢᱟᱜ ᱫᱚ ᱟᱵᱚ ᱵᱟᱰᱟᱭ ᱢᱮᱱᱟᱜ ᱜᱮᱭᱟ, ᱨᱚᱢᱱᱚ ᱠᱚ ᱴᱷᱮᱱ ᱡᱟᱝᱜᱽᱞᱤ ᱥᱩᱠᱨᱤ, ᱢᱟᱨᱟᱜ, ᱜᱷᱚᱝᱜᱟ ᱟᱨ ᱢᱤᱫ ᱞᱮᱠᱟᱱ ᱠᱨᱤᱛᱟᱸᱠ ᱡᱟᱦᱟᱸ ᱫᱚ ᱰᱟᱨᱢᱦᱟᱣᱩᱥ ᱠᱚ ᱢᱮᱛᱟ ᱠᱚᱣᱟ, ᱥᱟᱶᱛᱮ ᱟᱡᱤᱵᱽ ᱥᱮ ᱟᱥᱟᱢᱟᱱᱭᱚ ᱫᱟᱣᱟᱛ ᱨᱮᱱᱟᱜ ᱥᱟᱢᱟᱱ ᱠᱚ ᱨᱮᱱᱟᱜ ᱦᱟᱹᱴᱤᱧ ᱛᱟᱦᱮᱸ ᱠᱟᱱᱟ᱾"
387,"एक और फर्क यह था कि जब गरीब लोग औरत कुर्सी पर बैठते वक्‍त अपना खाना खाते, तो अमीर आदमियों को एक - साथ दावत करनी बहुत पसंद थी ।","ᱢᱤᱫ ᱟᱨ ᱟᱱᱛᱟᱨ ᱛᱟᱦᱮᱸ ᱠᱟᱱᱟ ᱡᱮ ᱡᱟᱦᱟᱸ ᱨᱮ ᱨᱮᱸᱜᱮᱡ ᱦᱚᱲ ᱟᱨ ᱛᱤᱨᱞᱟᱹ ᱠᱚ ᱢᱟᱹᱪᱤ ᱨᱮ ᱫᱩᱲᱩᱵ ᱠᱟᱛᱮ ᱟᱠᱚᱣᱚᱟᱜ ᱫᱟᱠᱟ ᱠᱚ ᱡᱚᱢ ᱮᱫ ᱛᱟᱦᱮᱱᱟ, ᱚᱸᱰᱮ ᱜᱮ ᱠᱤᱥᱟᱬ ᱦᱚᱲ ᱢᱤᱫ ᱥᱟᱶᱛᱮ ᱵᱷᱚᱡᱽ ᱞᱟᱹᱜᱤᱫ ᱠᱚ ᱠᱩᱥᱤᱭᱟᱫ ᱠᱟᱱᱟ, ᱡᱟᱦᱟᱸ ᱩᱱᱠᱩ ᱠᱚ ᱡᱚᱢᱟᱜ ᱚᱠᱛᱮ ᱟᱯᱱᱟᱨ ᱯᱟᱪᱷ ᱨᱮ ᱛᱟᱦᱮᱸ ᱠᱟᱱᱟ ᱠᱚ᱾"
388,प्राचीन रोम के भोजन में भोजन शामिल नहीं था जो अमरीका से या बाद में एशिया से यूरोप में आया था.,ᱥᱮᱫᱟᱭ ᱨᱚᱢᱟᱱ ᱡᱚᱢᱟᱜ ᱨᱮ ᱚᱱᱟ ᱠᱷᱟᱫᱽᱭᱚ ᱢᱮᱥᱟ ᱵᱟᱝ ᱦᱩᱭ ᱫᱟᱲᱮᱭᱟᱜ ᱠᱟᱱ ᱛᱟᱦᱮᱱᱟ ᱡᱟᱦᱟᱸ ᱫᱚ ᱛᱟᱭᱚᱢ ᱛᱮ ᱥᱮᱱᱪᱩᱨᱤ ᱨᱮ ᱟᱢᱮᱨᱤᱠᱟ ᱥᱮ ᱤᱭᱚᱨᱳᱯ ᱠᱷᱚᱱ ᱮᱥᱤᱭᱟ ᱠᱚ ᱦᱮᱡ ᱞᱮᱱᱟ᱾
389,"उदाहरण के लिए, उनके पास न तो अनाज, न आलू, न कोको, और न किसी प्राचीन रोमी ने किसी केए का स्वाद चखा ।","ᱫᱟᱹᱭᱠᱟ ᱞᱟᱹᱜᱤᱫ, ᱩᱱᱠᱩ ᱴᱷᱮᱱ ᱵᱟᱝ ᱫᱚ ᱡᱚᱱᱰᱨᱟ ᱛᱟᱦᱮᱸ ᱠᱟᱱᱟ, ᱵᱟᱝ ᱫᱚ ᱵᱤᱞᱟᱛᱤ, ᱵᱟᱝ ᱫᱚ ᱟᱹᱞᱩ, ᱵᱟᱝ ᱫᱚ ᱠᱚᱠᱚ ᱟᱨ ᱡᱟᱦᱟᱸᱱ ᱥᱮᱫᱟᱭᱟᱜ ᱨᱚᱢᱟᱱ ᱠᱚ ᱫᱚ ᱚᱠᱟ ᱫᱚ ᱴᱟᱨᱠᱤ ᱨᱮᱱᱟᱜ ᱪᱟᱠᱷᱟ ᱵᱟᱝ ᱛᱟᱦᱮᱸ ᱠᱟᱱᱟ᱾"
390,बाबुलियों ने अपने हर देवता को एक मुख्य मन्दिर बनाया जिसे देवता का घर माना जाता था ।,ᱵᱮᱵᱤᱞᱳᱱᱤᱭᱳ ᱠᱚ ᱫᱚ ᱟᱠᱚ ᱨᱤᱱ ᱥᱟᱱᱟᱢ ᱫᱷᱚᱨᱢᱚ ᱠᱚ ᱢᱤᱫ ᱯᱨᱟᱭᱤᱢᱟᱨᱤ ᱢᱚᱱᱫᱤᱨ ᱵᱟᱱᱟᱣ ᱦᱩᱭ ᱮᱱᱟ ᱡᱟᱦᱟᱸ ᱨᱮ ᱫᱷᱚᱨᱢᱚ ᱟᱜ ᱚᱲᱟᱜ ᱢᱟᱱᱟᱜ ᱠᱟᱱ ᱛᱟᱦᱮᱱᱟ᱾
391,लोग देवताओं और याजकों को बलि चढ़ाने के लिए रस्मों - रिवाज़ और त्योहारों के ज़रिए परमेश्‍वर की ज़रूरतों को पूरा करने की कोशिश करते ।,ᱦᱚᱲ ᱠᱚ ᱫᱷᱚᱨᱢᱚ ᱞᱟᱹᱜᱤᱫ ᱠᱚ ᱫᱟᱱ ᱮᱫ ᱛᱟᱦᱮᱱᱟ ᱟᱨ ᱯᱩᱡᱟᱨᱤ ᱠᱚ ᱟᱨ ᱯᱚᱨᱚᱵ ᱠᱚ ᱦᱚᱛᱮᱛᱮ ᱫᱷᱚᱨᱢᱚ ᱠᱚᱣᱟᱜ ᱞᱟᱹᱠᱤᱭᱟᱱ ᱠᱚ ᱯᱩᱨᱟᱹᱣ ᱨᱮᱱᱟᱜ ᱠᱚ ᱨᱤᱠᱟᱹ ᱮᱫ ᱛᱟᱦᱮᱱᱟ᱾
392,हर मंदिर में एक मंदिर का आँगन था और फिर एक भीतरी पवित्रस्थान था जो केवल याजक ही प्रवेश कर सकते थे ।,ᱥᱟᱱᱟᱢ ᱢᱚᱱᱫᱤᱨ ᱨᱮ ᱢᱤᱫ ᱡᱷᱤᱡ ᱢᱚᱱᱫᱤᱨ ᱯᱨᱚᱜᱚᱬ ᱟᱨ ᱟᱨᱦᱚᱸ ᱢᱤᱫ ᱟᱱᱛᱨᱤᱠ ᱟᱵᱷᱭᱟᱨᱚᱬᱭᱚ ᱛᱟᱦᱮᱸ ᱠᱟᱱᱟ ᱡᱟᱦᱟᱸ ᱫᱚ ᱥᱩᱢᱩᱝ ᱯᱩᱡᱟᱨᱤ ᱜᱮ ᱠᱚ ᱵᱚᱞᱚ ᱫᱟᱲᱮ ᱠᱟᱱ ᱛᱟᱦᱮᱱᱟ᱾
393,"कभी - कभी ख़ास पिरामिडों को आकार दिया जाता था, जिन्हें zeugugugs कहा जाता था, मंदिरों का एक हिस्सा बनाया जाता था ।","ᱚᱠᱟᱼᱚᱠᱟ ᱫᱚ ᱵᱤᱥᱮᱥ ᱯᱤᱨᱟᱢᱤᱰ ᱨᱮᱱᱟᱜ ᱟᱠᱟᱨ ᱨᱮᱱᱟᱜ ᱵᱷᱤᱛ, ᱡᱟᱦᱟᱸ ᱫᱚ ᱡᱤᱜᱟᱜᱩᱨᱟᱴ ᱠᱚ ᱢᱮᱛᱟᱣᱟᱜ ᱠᱟᱱᱟ, ᱢᱚᱱᱫᱤᱨ ᱨᱮᱱᱟᱜ ᱦᱟᱹᱴᱤᱧ ᱵᱮᱱᱟᱣ ᱞᱟᱹᱜᱤᱫ ᱵᱮᱱᱟᱣ ᱛᱟᱦᱮᱸ ᱠᱟᱱᱟ᱾"
394,गुम्मट का ऊपरी भाग ईश्‍वर के लिए ख़ास स्थान था ।,ᱴᱟᱣᱟᱨ ᱪᱮᱛᱟᱱᱨᱮ ᱫᱷᱚᱨᱢᱚ ᱞᱟᱹᱜᱤᱫ ᱵᱤᱥᱮᱥ ᱟᱵᱷᱭᱟᱨᱚᱬᱭᱚ ᱛᱟᱦᱮᱸ ᱠᱟᱱᱟ᱾
395,"मध्य पूर्व के गर्म मौसम में, घर इतना महत्त्वपूर्ण नहीं था ।","ᱛᱟᱞᱟᱱᱟ ᱥᱟᱢᱟᱝ ᱨᱮᱱᱟᱜ ᱞᱚᱞᱚ ᱦᱚᱭ ᱫᱟᱜ ᱨᱮ, ᱚᱲᱟᱜ ᱩᱱᱟᱹᱜ ᱠᱷᱟᱥ ᱵᱟᱝ ᱛᱟᱦᱮᱸ ᱠᱟᱱᱟ᱾"
396,इब्रानी परिवार का अधिकांश जीवन खुली हवा में हुआ ।,ᱦᱤᱵᱽᱨᱩ ᱜᱷᱟᱨᱚᱸᱡᱽ ᱨᱤᱱ ᱵᱟᱹᱲᱛᱤ ᱡᱤᱭᱚᱱ ᱡᱷᱤᱡ ᱦᱚᱭ ᱨᱮ ᱛᱟᱦᱮᱸ ᱮᱱᱟ᱾
397,आम तौर पर पत्थरों का इस्तेमाल घरों के निर्माण के लिए किया जाता था ।,ᱟᱭᱳ ᱦᱚᱲ ᱠᱚ ᱨᱟᱪᱟ ᱨᱮ ᱫᱟᱠᱟ ᱠᱚ ᱵᱟᱱᱟᱣ ᱮᱫ ᱛᱟᱦᱮᱱᱟ; ᱥᱴᱳᱨ ᱡᱷᱤᱡ ᱠᱟᱣᱩᱴᱟᱨ ᱛᱟᱦᱮᱸ ᱠᱟᱱᱟ ᱡᱟᱦᱟᱸ ᱫᱚ ᱧᱮᱞ ᱦᱩᱭᱩᱜ ᱠᱟᱱ ᱛᱟᱦᱮᱱᱟ᱾ ᱚᱲᱟᱜ ᱵᱟᱱᱟᱣ ᱞᱟᱹᱜᱤᱫ ᱫᱷᱤᱨᱤ ᱨᱮᱱᱟᱜ ᱵᱮᱵᱷᱟᱨ ᱦᱩᱭᱩᱜ ᱠᱟᱱ ᱛᱟᱦᱮᱱᱟ᱾
398,"कनान देश में कोई बड़े - बड़े जंगल नहीं थे, इसलिए लकड़ी बहुत महँगी थी ।","ᱠᱟᱱᱟᱰᱟ ᱨᱮᱱᱟᱜ ᱢᱟᱨᱟᱝ ᱵᱤᱨ ᱫᱚ ᱵᱟᱹᱱᱩᱜᱼᱟ, ᱚᱱᱟᱛᱮ ᱠᱟᱴ ᱫᱚ ᱥᱟᱥᱛᱟ ᱜᱮᱭᱟ᱾"
399,"और जब वह पश्‍चिम - पश्‍चिम की ओर जा रहा था, तब उसे ग्रीनलैंड मिला और उसका नाम ग्रीनलैंड रखा गया ।","ᱜᱽᱨᱤᱱᱞᱮᱭᱱᱰ ᱨᱮ ᱟᱹᱰᱤ ᱠᱚᱢ ᱦᱚᱲ ᱠᱚ ᱵᱟᱥᱟ ᱠᱚ ᱛᱟᱦᱮᱸ ᱠᱟᱱᱟ᱾ ᱱᱟᱹᱨᱥ ᱥᱟᱜᱚᱸ ᱨᱮ ᱩᱱᱠᱩ ᱠᱚ ᱢᱮᱱ ᱮᱫᱼᱟ ᱡᱮ ᱮᱨᱤᱰ ᱫᱽ ᱨᱮᱰ ᱟᱜ ᱜᱚᱡ ᱞᱟᱹᱜᱤᱫ ᱟᱭᱤᱞᱮᱭᱱᱰ ᱠᱷᱚᱱ ᱵᱚᱞᱚ ᱠᱚ ᱛᱟᱦᱮᱸ ᱠᱟᱱᱟ, ᱟᱨ ᱞᱟᱦᱟ ᱯᱟᱪᱮ ᱨᱮᱱᱟᱜ ᱡᱟᱛᱨᱟ ᱚᱠᱛᱮ, ᱜᱽᱨᱤᱱᱞᱮᱭᱱᱰ ᱠᱚ ᱧᱟᱢ ᱠᱮᱫᱼᱟ ᱟᱨ ᱱᱚᱶᱟ ᱨᱮᱱᱟᱜ ᱧᱩᱛᱩᱢ ᱜᱽᱨᱤᱱᱞᱮᱭᱱᱰ ᱠᱚ ᱫᱚᱦᱚ ᱠᱮᱫᱼᱟ᱾"
400,"लेकिन उसकी खोज चाहे जो भी हो, एस्किमो जाति उस समय वहाँ रह रही थी ।","ᱢᱮᱱᱠᱷᱟᱱ ᱚᱱᱟ ᱨᱮᱱᱟᱜ ᱠᱷᱚᱡᱽ ᱵᱮᱜᱚᱨ, ᱩᱱ ᱚᱠᱛᱚ ᱨᱥᱠᱤᱢᱚ ᱡᱟᱱᱡᱟᱹᱛᱤ ᱯᱟᱹᱦᱤᱞ ᱠᱷᱚᱱ ᱜᱮ ᱚᱸᱰᱮ ᱛᱟᱦᱮᱱ ᱠᱟᱱ ᱛᱟᱦᱮᱱᱟ᱾"
401,"हालांकि हर देश 'विद्वीव' था, लोगों, राजाओं, अतीत, डेनमार्क, स्वीडन और आयरलैंड के इतिहास में कई मतभेद थे.","ᱦᱟᱞᱟᱝᱠᱤ ᱥᱟᱱᱟᱢ ᱫᱤᱥᱚᱢ 'ᱥᱠᱮᱱᱰᱤᱱᱮᱣᱤᱭᱟᱭᱤ' ᱛᱟᱦᱮᱸ ᱠᱟᱱᱟ, ᱢᱮᱱᱠᱷᱟᱱ ᱰᱮᱱᱢᱟᱨᱠ, ᱥᱣᱤᱰᱟᱱ, ᱱᱟᱨᱣᱮ ᱟᱨ ᱟᱭᱤᱞᱮᱭᱱᱰ ᱨᱤᱱ ᱦᱚᱲ ᱠᱚ, ᱨᱟᱡᱟ ᱠᱚ, ᱨᱤᱛᱤᱼᱨᱤᱣᱟᱡᱽ ᱟᱨ ᱱᱟᱜᱟᱢ ᱠᱚ ᱛᱟᱞᱟ ᱨᱮ ᱵᱷᱮᱯᱮᱫ ᱛᱟᱦᱮᱸ ᱠᱟᱱᱟ᱾"
402,"अगर आपने फिल्म के राष्ट्रीय खज़ाने को देखा है, तो आप शायद सोचें कि आज़ादी पाने की घोषणा के पीछे एक खज़ाना नक्शा लिखा गया है ।","ᱡᱩᱫᱤ ᱟᱢ ᱯᱷᱤᱞᱢ ᱡᱟᱹᱛᱤᱭᱟᱹᱨᱤ ᱴᱤᱡᱟᱨ ᱧᱮᱞ ᱟᱠᱟᱫᱟᱢ, ᱟᱢ ᱩᱭᱦᱟᱹᱨ ᱫᱟᱲᱮᱭᱟᱜ ᱟᱢ ᱯᱷᱨᱜᱟᱹᱞ ᱨᱮᱱᱟᱜ ᱰᱮᱠᱞᱟᱨᱮᱥᱟᱱ ᱞᱟᱹᱜᱤᱫ ᱴᱤᱡᱟᱨ ᱢᱮᱯ ᱚᱞ ᱦᱩᱭ ᱞᱮᱱ ᱛᱟᱦᱮᱸ ᱠᱟᱱᱟ᱾"
403,"हालाँकि दस्तावेज़ के पीछे लिखी कुछ बातें लिखी हैं, मगर यह एक खज़ाना नक्शा नहीं है ।","ᱛᱚᱵᱮ ᱱᱚᱣᱟ ᱵᱟᱝ ᱴᱷᱤᱠᱟ, ᱱᱚᱣᱟ ᱰᱚᱠᱩᱢᱮᱱᱴ ᱛᱟᱭᱚᱢ ᱨᱮ ᱡᱟᱦᱟᱸᱱᱟᱜ ᱚᱞ ᱢᱮᱱᱟᱜ ᱨᱮᱦᱚᱸ, ᱱᱚᱣᱟ ᱠᱚ ᱠᱷᱟᱡᱟᱱᱟ ᱨᱮᱭᱟᱜ ᱢᱮᱯ ᱵᱟᱝ ᱠᱟᱱᱟ᱾"
404,"स्वतंत्रता की घोषणा के पीछे पर लिखा गया शब्द था ""धर्म - सुधार की मूल घोषणा 4 जुलाई 176. यह पाठ दस्तावेज़ के निचले हिस्से पर प्रकट होता है.","ᱯᱷᱩᱱᱩᱨᱜᱟᱹᱞ ᱨᱮᱭᱟᱜ ᱩᱱᱩᱪᱷᱟᱹᱱ ᱛᱟᱭᱚᱢ ᱨᱮ ""ᱯᱷᱩᱱᱩᱨᱜᱟᱹᱞ ᱨᱮᱭᱟᱜ ᱢᱩᱬ ᱩᱱᱩᱪᱷᱟᱹᱱ ᱢᱟᱦᱟᱸ ᱔ᱟᱜ ᱥᱟᱱ ᱑᱗᱗᱖"" ᱚᱞ ᱛᱟᱦᱮᱸ ᱠᱟᱱᱟ᱾ ᱚᱞ ᱫᱚ ᱰᱚᱠᱩᱢᱮᱱᱴ ᱨᱮᱭᱟᱜ ᱞᱟᱛᱟᱨ ᱥᱮᱫ, ᱩᱞᱴᱟᱹ ᱜᱮ ᱧᱮᱞᱚᱜᱼᱟ᱾"
405,"जबकि यह कोई निश्‍चित रूप से नहीं जानता कि इसे किसने लिखा, यह जानते हैं कि उसके जीवन की शुरूआत में, बड़े चर्मपत्र (यह २०१ ग्राम इंच) को भण्डारों के लिए दबाया गया था ।","ᱱᱚᱣᱟ ᱫᱚ ᱚᱠᱚᱭ ᱦᱚᱸ ᱵᱟᱝ ᱠᱚ ᱵᱟᱲᱟᱭᱟ ᱡᱮ ᱱᱚᱣᱟ ᱫᱚ ᱚᱠᱚᱭ ᱮ ᱚᱞ ᱟᱠᱟᱫᱟ, ᱱᱚᱣᱟ ᱵᱟᱲᱟᱭᱚᱜᱼᱟ ᱡᱮ ᱱᱚᱣᱟ ᱫᱚ ᱩᱱᱤᱭᱟᱜ ᱯᱩᱭᱞᱩ ᱡᱤᱭᱚᱱ ᱥᱮᱫ, ᱢᱟᱨᱟᱝ ᱯᱟᱨᱪᱢᱮᱱᱴ ᱰᱚᱠᱩᱢᱮᱱᱴ (ᱱᱚᱣᱟ ᱨᱮᱭᱟᱜ ᱱᱟᱯ ᱒᱙¾ ᱤᱧᱪ x ᱒᱔½ ᱤᱧᱪ) ᱥᱴᱳᱨᱮᱡᱽ ᱞᱟᱹᱜᱤᱫ ᱜᱩᱴᱟᱹᱣ ᱫᱚᱦᱚ ᱦᱩᱭ ᱞᱮᱱᱟ᱾"
406,"इसलिए, यह संभव है कि उस अंक को केवल एक लेबल के रूप में जोड़ा गया था ।","ᱚᱱᱟ, ᱛᱮ ᱱᱚᱣᱟ ᱦᱩᱭ ᱫᱟᱲᱮᱭᱟᱜᱼᱟ ᱡᱮ ᱱᱳᱴᱮᱥᱚᱱ ᱫᱚ ᱠᱷᱟᱹᱞᱤ ᱢᱤᱫ ᱞᱮᱵᱮᱞ ᱞᱮᱠᱟᱛᱮ ᱡᱚᱲᱟᱣ ᱦᱩᱭ ᱟᱠᱟᱱᱟ᱾"
407,"D-दिन उतरने और निम्न लड़ाइयों फ्रांस के उत्तर को मुक्का दिया था, लेकिन दक्षिण अभी भी मुक्त नहीं था.","ᱰᱤᱼᱰᱮ ᱞᱮᱱᱰᱤᱝ ᱟᱨ ᱞᱟᱛᱟᱨ ᱨᱮ ᱩᱫᱩᱜ ᱮᱱ ᱞᱟᱹᱰᱷᱟᱹᱭ ᱠᱚ ᱯᱷᱨᱟᱱᱥᱤᱥ ᱨᱮᱭᱟᱜ ᱠᱚᱸᱭᱮ ᱥᱮᱫ ᱮ ᱯᱷᱨᱤ ᱞᱮᱫᱟ, ᱢᱮᱱᱠᱷᱟᱱ ᱱᱤᱛ ᱦᱚᱸ ᱮᱛᱚᱢ ᱫᱚ ᱵᱟᱝ ᱯᱷᱨᱤ ᱟᱠᱟᱱ ᱛᱟᱦᱮᱸᱱᱟ᱾"
408,ये फ्रांसीसी लोग थे जिन्होंने 1940 में जर्मन लोगों के साथ शांति कायम की थी और उनसे लड़ने के बजाय सेना के साथ काम किया था।,"ᱱᱚᱣᱟ ᱫᱚ ""ᱵᱷᱤᱪᱤ"" ᱯᱷᱨᱟᱱᱥᱤᱥ ᱦᱚᱛᱮᱛᱮ ᱥᱟᱥᱚᱱᱚᱜ ᱠᱟᱱ ᱛᱟᱦᱮᱸᱱᱟ᱾ ᱱᱩᱠᱩ ᱫᱚ ᱯᱷᱨᱮᱸᱪ ᱦᱚᱲ ᱠᱚ ᱛᱟᱦᱮᱸ ᱠᱟᱱᱟ ᱡᱟᱦᱟᱸᱭ ᱫᱚ ᱑᱙᱔᱐ ᱥᱮᱨᱢᱟ ᱨᱮ ᱡᱟᱨᱢᱟᱱ ᱥᱟᱶ ᱥᱟᱱᱛᱤ ᱠᱚ ᱛᱷᱟᱯᱚᱱ ᱞᱮᱫᱟ ᱟᱨ ᱟᱠᱨᱳᱢᱳᱱᱠᱟᱨᱤ ᱥᱟᱶ ᱞᱟᱹᱰᱷᱟᱹᱭ ᱵᱟᱝ ᱠᱟᱛᱮ ᱩᱱᱠᱩ ᱥᱟᱶ ᱠᱚ ᱠᱟᱹᱢᱤ ᱞᱮᱫᱟ᱾"
409,15 अगस्त 1940 को दक्षिणी फ्रांस पर हमला किया गया ।,"᱑᱕ ᱵᱷᱟᱫᱚᱨᱵ ᱑᱙᱔᱐ ᱨᱮ ᱮᱞᱟᱭᱮᱥ ᱮᱛᱚᱢ ᱯᱷᱨᱟᱱᱥ ᱨᱮᱠᱚ ᱟᱠᱨᱚᱢᱚᱱ ᱞᱮᱫᱟ, ᱱᱚᱣᱟ ᱟᱠᱨᱚᱢᱚᱱ ᱫᱚ ""ᱚᱯᱟᱨᱮᱥᱚᱱ ᱰᱨᱟᱜᱩᱱ"" ᱞᱟᱹᱭ ᱦᱩᱭ ᱞᱮᱱᱟ᱾"
410,दो हफ्ते में अमरीकी और मुक्त फ्रांसीसी सेना ने दक्षिणी फ्रांस को मुक्‍त किया था और जर्मनी की ओर मुड़ रहे थे ।,ᱠᱷᱟᱹᱞᱤ ᱵᱟᱨ ᱦᱟᱴ ᱨᱮ ᱟᱢᱮᱨᱤᱠᱟ ᱟᱨ ᱯᱷᱨᱤ ᱯᱷᱨᱟᱱᱥᱤᱥ ᱥᱮᱱᱟ ᱫᱚ ᱠᱚᱸᱭᱮ ᱯᱷᱨᱟᱱᱥ ᱠᱚ ᱢᱩᱠᱛ ᱞᱟᱜᱼᱟ ᱟᱨ ᱡᱟᱹᱨᱢᱟᱹᱱᱤ ᱥᱮᱫ ᱠᱚ ᱪᱟᱞᱟᱜ ᱠᱟᱱ ᱛᱟᱦᱮᱸᱡ ᱠᱚ᱾
411,"एक सभ्यता एक अनोखी संस्कृति है जो लोगों के एक महान समूह द्वारा साझा है जो रहते हैं और काम करते हैं, समाज.","ᱢᱤᱫ ᱥᱚᱵᱷᱭᱚᱛᱟ ᱨᱮᱭᱟᱜ ᱣᱤᱞᱚᱠᱷᱭᱚᱬ ᱥᱚᱱᱥᱠᱨᱩᱛᱤ ᱠᱟᱱᱟ ᱚᱠᱟ ᱫᱚ ᱦᱚᱲ ᱠᱚ ᱞᱟᱹᱜᱤᱫ ᱟᱹᱰᱤ ᱢᱟᱨᱟᱝ ᱫᱚᱞ ᱞᱟᱹᱜᱤᱫ ᱥᱟᱸᱡᱷᱟ ᱠᱚᱨᱟᱣ ᱦᱩᱭᱩᱜ ᱠᱟᱱᱟ ᱚᱠᱟ ᱫᱚ ᱥᱚᱦᱠᱟᱨᱤ ᱦᱤᱥᱟᱹᱵ ᱛᱮ ᱛᱟᱦᱮᱱ ᱠᱟᱱᱟ ᱠᱚ ᱟᱨ ᱠᱟᱹᱢᱤ ᱮᱫᱟ ᱠᱚ, ᱢᱤᱫᱴᱟᱹᱝ ᱥᱚᱢᱟᱡᱽ᱾"
412,"शब्द सभ्यता लैटिन गृहस से आता है, जिसका अर्थ है लैटिन नागरिक, नागरिक, और नागरिक, मतलब शहर या शहर की दशा से संबंधित है, और यह भी कि समाज के आकार की परिभाषा देता है।","ᱥᱚᱵᱷᱭᱚᱛᱟ ᱟᱹᱲᱟᱹ ᱫᱚ ᱞᱮᱴᱤᱱ ᱱᱟᱹᱜᱽᱨᱤᱠ ᱠᱷᱚᱱ ᱦᱮᱡ ᱠᱟᱱᱟ, ᱡᱟᱦᱟᱸᱭ ᱨᱮᱭᱟᱜ ᱢᱮᱱᱮᱛ ᱫᱚ ᱱᱟᱜᱽᱨᱤᱠ ᱠᱟᱱᱟ, ᱞᱮᱴᱤᱱ ᱱᱟᱹᱜᱽᱨᱤᱠ ᱛᱮ ᱡᱩᱲᱟᱹᱣ ᱠᱟᱱᱟ, ᱡᱟᱦᱟᱸᱭ ᱨᱮᱭᱟᱜ ᱢᱮᱱᱮᱛ ᱫᱚ ᱱᱟᱜᱽᱨᱤᱠ ᱠᱟᱱᱟ, ᱟᱨ ᱱᱟᱜᱽᱨᱤᱠ, ᱡᱟᱦᱟᱸᱭ ᱨᱮᱭᱟᱜ ᱢᱮᱱᱮᱛ ᱫᱚ ᱥᱚᱦᱚᱨ ᱟᱨ ᱵᱟᱝ ᱥᱟᱦᱟᱨᱼᱯᱚᱱᱚᱛ ᱠᱟᱱᱟ, ᱟᱨ ᱱᱟᱶᱟ ᱦᱚᱸ ᱥᱟᱢᱟᱡᱽ ᱨᱮᱭᱟᱜ ᱟᱠᱟᱨ ᱠᱚ ᱢᱮᱱᱮᱛ ᱟᱜᱼᱟᱭ᱾"
413,"कई पीढ़ियों के दौरान ज्ञान के विस्तार को सूचित करता है, एक अनपेक्षित सांस्कृतिक पैदल पद और अनुकूलता।","ᱥᱟᱦᱚᱨᱼᱯᱚᱱᱚᱛ ᱨᱟᱥᱴᱨᱚ ᱨᱮᱭᱟᱜ ᱚᱜᱽᱨᱚᱫᱩᱛ ᱠᱟᱱᱟ᱾ ᱢᱤᱫ ᱥᱚᱵᱷᱭᱚᱛᱟᱜᱽᱨᱚᱛ ᱥᱚᱝᱥᱠᱨᱩᱛᱤ ᱨᱮᱭᱟᱜ ᱢᱮᱱᱮᱛ ᱠᱟᱱᱟ ᱡᱮ ᱟᱭᱢᱟ ᱯᱤᱰᱷᱤ ᱨᱮ ᱜᱭᱟᱱ ᱨᱮᱭᱟᱜ ᱦᱚᱥᱛᱟᱱᱚᱱᱛᱚᱨ, ᱢᱤᱫᱴᱟᱹᱝ ᱥᱩᱥᱛ ᱥᱚᱝᱥᱠᱨᱩᱛᱤᱠ ᱯᱚᱫᱪᱤᱱᱦᱟᱹ ᱟᱨ ᱱᱤᱥᱯᱚᱫ ᱯᱨᱚᱠᱟᱨ᱾"
414,यह सच है कि छोटे - छोटे जाति के लोग कभी - कभी इस बात को लेकर उलझन में पड़ जाते हैं कि वे एक - दूसरे से अलग हैं ।,ᱦᱩᱰᱤᱝ ᱞᱟᱠᱪᱟᱨ ᱠᱚ ᱞᱮᱛᱟᱲ ᱜᱮ ᱨᱮᱞᱤᱵᱷᱮᱱᱥ ᱱᱟᱜᱟᱢᱤᱭᱟᱹ ᱯᱨᱚᱢᱟᱱ ᱵᱟᱝ ᱵᱟᱹᱜᱤ ᱠᱟᱛᱮ ᱜᱮ ᱟᱫᱚᱜᱼᱟ ᱟᱨ ᱯᱨᱚᱯᱟᱨ ᱥᱤᱵᱷᱤᱞᱟᱭᱡᱮᱥᱟᱱ ᱞᱮᱠᱟᱛᱮ ᱩᱯᱨᱩᱢ ᱮᱢ ᱨᱮ ᱵᱟᱭ ᱜᱟᱱᱚᱜᱼᱟ᱾
415,"17वीं सदी के दौरान, तेरह राज्यों ने पहली बार एक कमज़ोर केंद्रीय सरकार बनायी थी, जिसमें से सिर्फ उसका ही हिस्सा था।","ᱟᱱᱫᱚᱲ ᱭᱤᱫᱷᱚ ᱡᱷᱚᱜ, ᱜᱮᱞᱯᱮ ᱜᱚᱴᱟᱝ ᱯᱚᱱᱚᱛ ᱯᱩᱭᱞᱩ ᱡᱮᱠᱷᱟ ᱢᱤᱫᱴᱟᱹᱝ ᱠᱚᱢᱡᱟᱨ ᱥᱚᱨᱠᱟᱨ ᱨᱮᱭᱟᱜ ᱜᱚᱴᱷᱚᱱ ᱦᱩᱭ ᱮᱱᱟ — ᱡᱟᱦᱟᱸᱭ ᱨᱮ ᱠᱚᱝᱜᱽᱨᱮᱥ ᱮᱠᱟᱞ ᱜᱮ ᱛᱟᱦᱮᱸᱟᱭ — ᱯᱚᱨᱚᱥᱚᱝ ᱨᱮᱭᱟᱜ ᱞᱮᱠᱷᱟ ᱦᱤᱥᱟᱹᱵ ᱛᱮ᱾"
416,"आम जनता को कर देने की किसी भी शक्‍ति की कमी नहीं थी, और इसलिए कि कोई राष्ट्रीय अधिकारी या सरकारी अधिकारी नहीं थे, यह सरकारी अधिकारियों पर निर्भर था, जो अकसर अपने सभी कार्यों को लागू करने के लिए बाध्य थे ।","ᱠᱚᱝᱜᱽᱨᱮᱥ ᱴᱷᱮᱱ ᱴᱮᱠᱥ‌ ᱞᱟᱹᱜᱟᱣ ᱨᱮᱭᱟᱜ ᱥᱚᱠᱛᱤ ᱵᱟᱝ ᱛᱟᱦᱮᱸ ᱠᱟᱱᱟ, ᱟᱨ, ᱪᱮᱫᱟᱜ ᱥᱮ ᱚᱠᱚᱭ ᱨᱟᱥᱴᱨᱚ ᱠᱟᱨᱭᱚᱠᱟᱨᱤᱬᱤ ᱟᱨ ᱵᱟᱝ ᱱᱭᱟᱭᱯᱟᱞᱤᱠᱟ ᱵᱟᱠᱚ ᱛᱟᱦᱮᱸ ᱠᱟᱱᱟ, ᱩᱱᱠᱩ ᱡᱷᱚᱛᱚ ᱠᱨᱩᱛ ᱠᱚ ᱞᱟᱹᱜᱩ ᱞᱟᱹᱜᱩᱫ ᱯᱚᱱᱚᱛ ᱨᱤᱱ ᱚᱫᱷᱤᱠᱟᱹᱨᱤ ᱪᱮᱛᱟᱱ ᱨᱮ ᱱᱤᱨᱵᱷᱚᱨ ᱛᱮ ᱯᱟᱲᱟᱣᱜ ᱠᱟᱱ ᱛᱟᱦᱮᱸᱡ ᱠᱚ, ᱡᱚᱦᱟᱸᱭ ᱫᱚ ᱚᱥᱚᱦᱚᱭᱚᱜᱽ ᱜᱮ ᱛᱟᱦᱮᱸ ᱠᱟᱱᱟ ᱠᱚ᱾"
417,"इसके अलावा, सरकार के बीच कर के नियमों और टारियों को रद्द करने का कोई अधिकार नहीं था ।",ᱱᱩᱠᱩ ᱴᱷᱮᱱ ᱯᱚᱱᱚᱛ ᱛᱟᱞᱟ ᱨᱮ ᱠᱟᱹᱱᱩᱱ ᱟᱨ ᱥᱩᱞᱠ ᱠᱚ ᱚᱣᱟᱹᱨᱼᱨᱟᱭᱤᱲ ᱞᱟᱹᱜᱤᱫ ᱪᱮᱫ ᱚᱫᱷᱤᱠᱟᱨ ᱵᱟᱝ ᱛᱟᱦᱮᱸ ᱠᱟᱱᱟ᱾
418,उन्होंने यह भी कहा कि इस सरकार ने अलग - अलग देशों के लोगों को अलग - अलग देशों से अलग कर दिया है ।,ᱚᱱᱚᱞ ᱨᱮ ᱵᱚᱫᱚᱞ ᱠᱚ ᱠᱚᱨᱟᱣ ᱞᱟᱹᱜᱤᱫ ᱡᱷᱚᱛᱚ ᱯᱚᱱᱚᱛ ᱠᱚᱣᱟᱜ ᱥᱚᱨᱣᱚᱥᱚᱢᱚᱨᱛᱷᱚᱱ ᱨᱮᱭᱟᱜ ᱫᱚᱨᱠᱟᱨ ᱛᱟᱦᱮᱸᱱ ᱠᱟᱱ ᱛᱟᱦᱮᱸᱡ ᱟᱨ ᱯᱟᱱᱚᱛ ᱫᱚ ᱠᱮᱱᱫᱽᱨᱚ ᱥᱚᱨᱠᱟᱨ ᱩᱱᱟᱹᱜ ᱦᱟᱹᱞᱠᱟᱹ ᱛᱮ ᱤᱫᱤ ᱞᱮᱫ ᱠᱚᱣᱟᱭ ᱡᱮ ᱩᱱᱠᱩᱨᱤᱱ ᱯᱨᱚᱛᱤᱱᱤᱫᱷᱤ ᱵᱟᱠᱚ ᱛᱟᱦᱮᱸ ᱠᱚᱜᱼᱟ᱾
419,"इटली के राष्ट्रीय फुटबॉल के साथ, जर्मन राष्ट्रीय फुटबॉल टीम दुनिया में दूसरा सबसे सफल टीम है और 2006 में FIFA के विश्व कप विजेता थे.","ᱤᱴᱞᱤ ᱨᱮᱭᱟᱜ ᱡᱟᱹᱛᱤᱭᱟᱹᱨᱤ ᱯᱷᱩᱴᱵᱚᱞ, ᱡᱟᱹᱨᱢᱟᱹᱱ ᱡᱟᱹᱛᱤᱭᱟᱹᱨᱤ ᱯᱷᱩᱴᱵᱚᱞ ᱴᱤᱢ ᱥᱟᱶ, ᱡᱮᱜᱮᱛ ᱨᱮᱭᱟᱜ ᱫᱚᱥᱟᱨ ᱡᱷᱚᱛᱚ ᱠᱷᱚᱱ ᱥᱚᱯᱷᱚᱞ ᱴᱤᱢ ᱠᱟᱱᱟ ᱟᱨ ᱒᱐᱐᱖ ᱨᱮ ᱯᱷᱤᱯᱷᱟ ᱡᱮᱜᱮᱛᱥᱤᱨᱯᱷᱟᱹ ᱡᱤᱛᱠᱟᱹᱨᱤ ᱛᱟᱦᱮᱸ ᱠᱟᱱᱟᱭ᱾"
420,"मशहूर खेलों में फुटबॉल, बास्केट, स्टूफ़ो, पानी के स्रोत, स्टूट, स्टीब, आइसक्रीम, सूट और F1 मोटर दौड़ सम्मिलित हैं ।","ᱧᱩᱛᱩᱢᱟᱱ ᱠᱷᱮᱞ ᱨᱮ ᱯᱷᱩᱴᱵᱚᱞ, ᱵᱟᱥᱠᱮᱴᱵᱚᱞ, ᱣᱚᱞᱤᱣᱚᱞ, ᱫᱟᱜᱼᱯᱚᱞᱚ, ᱠᱷᱚᱱᱰᱟᱵᱟᱹᱡᱤ, ᱨᱟᱹᱜᱽᱵᱤ, ᱥᱟᱭᱠᱤᱞ ᱪᱟᱹᱞᱩ, ᱵᱚᱨᱚᱯᱷ ᱦᱚᱠᱤ, ᱨᱚᱞᱟᱹᱨ ᱦᱚᱠᱤ, ᱟᱨ ᱮᱯᱷ᱑ ᱢᱚᱴᱚᱨ ᱨᱮᱥᱤᱝ ᱛᱟᱦᱮᱸ ᱠᱟᱱᱟ᱾"
421,"उत्तरी क्षेत्रों में, इतालवी खेलों और भाईचारे के खेलों में सबसे अधिक लोकप्रिय हैं ।","ᱮᱛᱚᱢ ᱯᱟᱦᱴᱟ ᱨᱮ ᱨᱟᱵᱟᱝ ᱠᱷᱮᱞ ᱡᱷᱚᱛᱚ ᱠᱷᱚᱱ ᱧᱩᱛᱩᱢᱟᱱ ᱠᱟᱱᱟ, ᱤᱴᱟᱞᱤᱭᱟᱹᱱ ᱡᱮᱜᱮᱛᱤᱭᱟᱹ ᱠᱷᱮᱞ ᱟᱨ ᱟᱞᱮᱢᱯᱤᱠ ᱟᱹᱭᱚᱡᱚᱱ ᱨᱮ ᱦᱮᱯᱨᱟᱣ ᱠᱚ ᱠᱚᱨᱟᱣᱟ᱾"
422,"जापान में लगभग ७,००० द्वीप हैं जो संसार का सबसे बड़ा द्वीप बन रहे हैं!","ᱡᱟᱯᱟᱱ ᱫᱚ ᱗,᱐᱐᱐ ᱜᱟᱱ ᱫᱤᱯ ᱠᱚ ᱤᱫᱤ ᱠᱟᱛᱮ ᱵᱮᱱᱟᱣ ᱟᱠᱟᱱᱟ (ᱡᱷᱚᱛᱚ ᱠᱷᱚᱱ ᱢᱟᱨᱟᱝᱼᱟᱜ ᱦᱳᱱᱥᱩ), ᱚᱱᱟᱛᱮ ᱡᱟᱯᱟᱱ ᱫᱚ ᱡᱮᱜᱮᱛ ᱛᱟᱞᱟᱨᱮ ᱗ᱟᱱ ᱢᱟᱨᱟᱝ ᱫᱤᱯᱼᱮ ᱵᱮᱱᱟᱣ ᱠᱟᱱᱟ!"
423,जापान के एक समूह के साथ - साथ जापान का भी ज़िक्र किया गया है ।,"ᱡᱟᱯᱟᱱ ᱨᱮ ᱫᱤᱯ ᱠᱚᱣᱟᱜ ᱡᱮᱛᱞᱮᱫ/ᱜᱟᱫᱮᱞ ᱢᱮᱱᱟᱜ ᱦᱚᱛᱮᱛᱮ, ᱡᱟᱯᱟᱱ ᱫᱚ ᱞᱮᱛᱟᱲ, ᱚᱛᱱᱚ ᱞᱮᱠᱟᱛᱮ, ""ᱟᱨᱠᱤᱯᱮᱞᱟᱜᱳ"" ᱠᱚ ᱢᱮᱛᱟᱜ ᱠᱟᱱᱟ᱾"
424,ताइवान की शुरूआत 15वीं सदी से होती है ।,"᱑᱕ ᱥᱚᱛᱟᱵᱽᱫᱤ ᱨᱮ ᱛᱟᱭᱣᱟᱱ ᱮᱦᱚᱵ ᱞᱮᱱᱟ ᱡᱟᱦᱟᱸᱨᱮ ᱭᱩᱨᱩᱯᱤᱭᱟᱱ ᱫᱟᱜ ᱡᱟᱦᱟᱡᱽ ᱪᱟᱹᱞᱩᱠᱩᱫ ᱱᱚᱶᱟ ᱫᱤᱯ ᱧᱩᱛᱩᱢ ᱤᱞᱦᱟ ᱯᱷᱚᱨᱢᱳᱥᱟ, ᱟᱨ ᱪᱮᱨᱦᱟ ᱫᱤᱯ ᱠᱚ ᱧᱩᱢ ᱞᱮᱜᱼᱟ᱾"
425,"सन्‌ 1624 में, दक्षिण - पश्‍चिमी ताइवान में एक आधार तैयार किया गया है ।","᱑᱖᱒᱔ ᱨᱮ, ᱰᱚᱪ ᱤᱥᱴ ᱤᱱᱰᱤᱭᱟ ᱠᱩᱢᱯᱟᱱᱤ ᱠᱚᱧᱮ-ᱯᱟᱪᱮ ᱛᱟᱭᱣᱟᱱ ᱨᱮ ᱢᱤᱫ ᱜᱷᱟᱹᱴᱤ ᱵᱮᱱᱟᱣ ᱠᱟᱛᱮ,‌ ᱡᱟᱦᱟᱸ ᱫᱚ ᱟᱹᱫᱤᱵᱟᱹᱥᱤ ᱡᱚᱢᱟᱜ ᱩᱫᱽᱯᱟᱫᱚᱱ ᱦᱮᱣᱟ ᱵᱮᱵᱚᱥᱛᱟ ᱠᱚ ᱵᱚᱫᱚᱞ ᱮᱛᱚᱦᱚᱵᱽ ᱞᱮᱜᱼᱟ ᱟᱨ ᱱᱚᱸᱰᱮᱱᱟᱜ ᱦᱳᱲᱳ ᱟᱨ ᱟᱺᱠᱷ ᱫᱟᱨᱮ ᱨᱚᱦᱚᱭ ᱠᱟᱹᱢᱤ ᱨᱮ ᱪᱟᱭᱱᱤᱡᱽ ᱠᱟᱹᱢᱤᱭᱟᱹ ᱦᱚᱲᱠᱚ ᱟᱹᱪᱩ ᱞᱮᱫ ᱠᱚᱣᱟI"
426,"सन्‌ 1683 में, Qing राजवंश (164-1912) शक्‍तियाँ ताइवान के पश्‍चिम और उत्तरी तटीय क्षेत्रों पर नियंत्रण रखती हैं और ताइवान को सन्‌ 1885 में साम्राज्य का प्रांत घोषित करती हैं ।","᱑᱖᱘᱓ ᱨᱮ, ᱠᱣᱤᱝ ᱨᱟᱡᱽ ᱵᱚᱝᱥᱚ (᱑᱖᱔᱔-᱑᱙᱑᱒) ᱨᱤᱱ ᱥᱚᱭᱱᱚ ᱛᱟᱭᱣᱟᱱ ᱨᱮᱭᱟᱜ ᱯᱟᱪᱷᱮ ᱟᱨ ᱮᱛᱚᱢ ᱨᱮᱭᱟᱜ ᱫᱚᱨᱭᱟ ᱟᱲᱮ ᱴᱷᱟᱶ ᱠᱚ ᱟᱢᱮᱴ ᱠᱮᱜᱼᱟ ᱟᱨ ᱑᱘᱘᱕ ᱨᱮ ᱠᱣᱤᱝ ᱯᱚᱱᱚᱛ ᱢᱮᱱᱛᱮ ᱛᱟᱭᱣᱟᱱ ᱠᱚ ᱩᱪᱷᱟᱹᱱ ᱞᱮᱜᱼᱟ᱾"
427,"सन्‌ 1895 में, प्रथम पापो - जापानी युद्ध में हार जाने के बाद (1894-1895) सरकार शिमॉनस्की के उपचार की पुष्टि करती है, जिसके द्वारा यह जापान पर शासन करता है, जो १९४५ तक द्वीप पर शासन करता है ।","᱑᱘᱙᱕ ᱨᱮ, ᱯᱩᱭᱞᱩ ᱥᱤᱱᱳ-ᱡᱟᱱᱤᱡᱽ ᱞᱟᱹᱰᱷᱟᱹᱭ (᱑᱘᱙᱔-᱑᱘᱙᱕) ᱨᱮ ᱵᱟᱝ ᱫᱟᱲᱮᱜ ᱛᱟᱭᱚᱢ, ᱠᱣᱤᱝ ᱥᱚᱨᱠᱟᱨ ᱥᱤᱢᱳᱱᱳᱥᱮᱠᱤ ᱥᱚᱱᱫᱷᱤᱨᱮ ᱥᱩᱦᱤ ᱞᱮᱜᱼᱟᱭ, ᱚᱱᱟᱨᱮ ᱛᱟᱦᱮᱸ ᱠᱟᱱᱟ ᱠᱤ ᱛᱟᱭᱣᱟᱱ ᱨᱮᱭᱟᱜ ᱥᱳᱵᱷᱮᱨᱱᱤᱴᱤ ᱡᱟᱯᱟᱱᱮ ᱦᱟᱛᱟᱣᱟ, ᱡᱟᱦᱟᱸ ᱫᱚ ᱫᱤᱯ ᱨᱮ ᱑᱙᱔᱕ ᱦᱟᱹᱵᱤᱡᱼᱮ‌ ᱥᱟᱥᱚᱱ ᱞᱮᱫᱟ᱾"
428,"राकाउ के तीन मुख्य संरचनाएँ थीं, अर्थात्‌ अनीकाना, सूर्य का मंदिर, और तीन विंडोज़ का कमरा ।","ᱢᱟᱪᱩ ᱯᱤᱪᱩ ᱫᱚ ᱯᱮᱭᱟ ᱢᱩᱲᱩᱛ ᱡᱟᱭᱜᱟ ᱢᱮᱥᱟ ᱟᱛᱮ ᱵᱮᱱᱟᱣ ᱠᱟᱱᱟ, ᱚᱱᱟ ᱠᱚᱫᱚ ᱤᱱᱛᱤᱦᱩᱣᱟᱛᱟᱱᱟ, ᱥᱤᱧ ᱪᱟᱸᱫᱚᱣᱟᱜ ᱢᱩᱫᱽᱨᱤ, ᱟᱨ ᱨᱳᱢ ᱚᱯᱷ ᱫᱟ ᱛᱷᱨᱤ ᱣᱤᱰᱳᱡᱽ᱾"
429,इन इमारतों में से ज़्यादातर इमारतों को दोबारा बनाया गया है ताकि वे इस बात का बेहतर अंदाज़ा लगा सकें कि शुरू में वे कैसे आए थे ।,ᱥᱟᱹᱵᱤᱠᱟᱜ ᱫᱚ ᱚᱠᱟᱞᱮᱠᱟ ᱧᱮᱞᱚᱜ ᱠᱟᱱ ᱛᱟᱦᱮᱸᱫ ᱚᱱᱟᱨᱮᱭᱟᱜ ᱢᱤᱫ ᱫᱷᱟᱨᱬᱟ ᱴᱩᱨᱤᱥᱴ ᱠᱚ ᱮᱢᱟᱠᱚ ᱠᱷᱟᱹᱛᱤᱨ ᱠᱚᱢᱯᱞᱮᱠᱥ ᱨᱮᱭᱟᱜ ᱫᱷᱟᱨᱮ ᱠᱚᱨᱮ ᱢᱮᱱᱟᱜ ᱚᱲᱟᱜ ᱠᱚ ᱫᱚᱦᱲᱟ ᱵᱮᱱᱟᱣ ᱟᱹᱨᱩ ᱟᱠᱟᱫᱟ᱾
430,"सन्‌ 1976 के आते - आते, माकाउ के तीस प्रतिशत लोगों को बहाल कर दिया गया और उनकी बहाली आज भी जारी है ।","᱑᱙᱗᱖ ᱦᱟᱹᱵᱤᱡ ᱛᱮ, ᱢᱟᱪᱩ ᱯᱤᱪᱪᱩ ᱨᱮᱭᱟᱜ ᱯᱮ-ᱜᱮᱞ ᱥᱟᱭᱠᱚᱲᱟ ᱦᱤᱸᱥ ᱵᱮᱱᱟᱣ ᱨᱩᱣᱟᱹᱲ ᱟᱠᱟᱱ ᱛᱟᱦᱮᱸᱱ ᱟᱨ ᱱᱤᱛ ᱵᱷᱩᱨ ᱦᱚᱸ ᱵᱮᱱᱟᱣ ᱨᱩᱣᱟᱹᱲ ᱪᱟᱹᱞᱩᱜ ᱠᱟᱱ ᱜᱮᱭᱟI"
431,"उदाहरण के लिए, संसार की सबसे आम छवि फोटोग्राफी अब भी 35 मिमी है ।","ᱫᱟᱹᱭᱠᱟ ᱞᱮᱠᱟᱛᱮ, ᱡᱮᱜᱮᱛ ᱨᱮ ᱥᱟᱱᱟᱢ ᱠᱷᱚᱱ ᱥᱟᱫᱷᱟᱨᱚᱱ ᱥᱛᱷᱤᱨ ᱪᱤᱛᱟᱹᱨ ᱯᱷᱚᱴᱚᱜᱨᱟᱯᱷᱤ ᱯᱷᱳᱨᱢᱟᱴ ᱓᱕ ᱢᱤᱢᱤ ᱢᱮᱱᱟᱜᱼᱟ, ᱡᱟᱦᱟᱸ ᱫᱚ ᱟᱱᱟᱞᱳᱜᱽ ᱯᱷᱤᱞᱢ ᱡᱩᱜᱽ ᱡᱟᱯᱟᱜ ᱨᱮᱱᱟᱜ ᱢᱩᱪᱟᱹᱫ ᱨᱮ ᱯᱨᱚᱢᱩᱠᱷ ᱯᱷᱤᱞᱢ ᱛᱟᱦᱮᱸ ᱠᱟᱱᱟI"
432,"यह आज भी तैयार किया जाता है, लेकिन इससे अधिक महत्त्वपूर्ण अनुपात डिजिटल कैमरा सेंसर फ़ॉर्मेटों द्वारा विरासत में पाया गया है ।","ᱱᱚᱶᱟ ᱫᱚ ᱱᱤᱛ ᱦᱚᱸ ᱵᱮᱱᱟᱜ ᱠᱟᱱᱟ, ᱢᱮᱱᱠᱷᱟᱱ ᱱᱚᱶᱟ ᱦᱚᱸ ᱞᱟᱹᱠᱛᱤ ᱠᱟᱛᱷᱟ ᱢᱮᱱᱟᱜᱼᱟ ᱡᱮ ᱱᱚᱶᱟ ᱯᱟᱦᱞᱩ ᱟᱱᱩᱯᱟᱛ ᱰᱤᱡᱤᱴᱟᱞ ᱠᱮᱭᱢᱨᱟ ᱪᱷᱟᱵᱤ ᱥᱮᱱᱥᱟᱨ ᱯᱨᱟᱨᱩᱯ ᱦᱚᱛᱮᱛᱮ ᱵᱚᱝᱥᱚ ᱨᱮ ᱧᱟᱢ ᱟᱠᱟᱱᱟ᱾"
433,"असल में 35 मिमी का फ़ॉर्मेट है, कुछ ही समय में 24 मिमी ऊँचाई पर 36 मिमी.","᱓᱕ᱢᱤᱢᱤ ᱯᱨᱟᱨᱩᱯ ᱥᱟᱹᱨᱤ ᱛᱮ, ᱛᱷᱚᱨᱟ ᱜᱟᱱ ᱵᱷᱨᱟᱢᱤᱛ ᱟᱱᱟᱜᱼᱟ, ᱚᱥᱟᱨ ᱨᱮ ᱓᱖ᱢᱤᱢᱤ ᱟᱨ ᱪᱮᱛᱟᱱᱨᱮ ᱒᱔ ᱢᱤᱢᱤ᱾"
434,इस फॉर्मेट का आस्पेक्ट अनुपात (पूरी संख्या अनुपात प्राप्त करने के लिए बारह द्वारा) इसलिए कहा जाता है 3:2.,ᱱᱚᱶᱟ ᱯᱨᱟᱨᱩᱯ ᱨᱮᱱᱟᱜ ᱯᱟᱦᱞᱩ ᱟᱱᱩᱯᱟᱛ (ᱥᱟᱱᱟᱢ ᱠᱷᱚᱱ ᱥᱟᱨᱟᱞ ᱯᱩᱨᱬ ᱮᱞᱮᱞ ᱟᱱᱩᱯᱟᱛ ᱧᱟᱢ ᱞᱟᱹᱜᱤᱫ ᱜᱮᱞᱵᱟᱨ ᱥᱟᱶ ᱵᱤᱵᱷᱟᱡᱤᱛ) ᱚᱱᱟᱛᱮ ᱓:᱒ ᱢᱮᱛᱟᱣᱟᱜᱼᱟ᱾
435,"अनेक सामान्य फॉर्मेट (जैसे, फ़ॉर्मेटों का परिवार) इस पहलू अनुपात के बराबर या नज़दीकी से बराबर है ।",ᱟᱭᱢᱟ ᱥᱟᱢᱟᱱᱭᱚ ᱯᱨᱟᱨᱩᱯ (ᱫᱟᱹᱭᱠᱟ ᱞᱟᱹᱜᱤᱫ ᱯᱨᱟᱨᱩᱯ ᱨᱮᱱᱟᱜ ᱮᱯᱤ ᱮᱥ ᱜᱷᱟᱨᱚᱸᱡᱽ) ᱱᱚᱶᱟ ᱯᱟᱦᱞᱩ ᱟᱱᱩᱯᱟᱛ ᱨᱮᱱᱟᱜ ᱵᱟᱨᱟᱵᱟᱨᱤ ᱥᱮ ᱟᱱᱩᱢᱟᱱᱤᱛ ᱜᱟᱱ ᱢᱮᱱᱟᱜᱼᱟ᱾
436,एक छवि में व्यवस्था रखने के दौरान एक सरल गाइड लाइन बनाने के लिए इस्तेमाल किए गए और अकसर तीसरे नियम का इस्तेमाल किया जाता है।,ᱛᱤᱦᱟᱭᱤ ᱨᱮᱱᱟᱜ ᱵᱟᱹᱲᱛᱤ ᱵᱟᱹᱲᱤᱡ ᱵᱮᱵᱷᱟᱨ ᱟᱨ ᱚᱱᱠᱟ ᱩᱯᱦᱟᱥ ᱨᱮᱱᱟᱜ ᱟᱹᱨᱤ ᱢᱤᱫ ᱪᱷᱟᱵᱤ ᱨᱮ ᱠᱨᱚᱢ ᱨᱮᱱᱟᱜ ᱢᱟᱯ ᱫᱚᱦᱚᱭ ᱛᱞᱩᱞᱡ ᱜᱟᱛᱤᱥᱤᱞᱛᱟ ᱯᱟᱭᱫᱟ ᱟᱱᱟᱜ ᱢᱤᱫ ᱥᱟᱨᱟᱞ ᱫᱤᱥᱟᱱᱤᱨᱫᱮᱥ ᱠᱟᱱᱟ᱾
437,"इसमें बताया गया है कि मुख्य विषय के लिए सबसे प्रभावकारी जगह है, छवि को तीसरे खड़े और क्षैतिज में विभाजित करना (देखें उदाहरण) ।",ᱱᱚᱶᱟ ᱞᱟᱹᱭᱚᱜ ᱠᱟᱱᱟ ᱡᱮ ᱢᱩᱬᱩᱛ ᱥᱟᱛᱟᱢ ᱞᱟᱹᱜᱤᱫ ᱥᱟᱱᱟᱢ ᱠᱷᱚᱱ ᱯᱨᱟᱵᱷᱟᱣᱤ ᱴᱷᱟᱶ ᱪᱷᱟᱵᱤ ᱟᱱᱟᱜ ᱨᱮᱠᱷᱟ ᱨᱮᱱᱟᱜ ᱪᱚᱨᱟᱦᱟ ᱨᱮ (ᱫᱟᱹᱭᱠᱟᱹ ᱧᱮᱞᱢᱮ)᱾
438,"यूरोप के इतिहास की इस अवधि में, कैथोलिक चर्च जो अमीर और शक्‍तिशाली बन गया था, विचार - विमर्श के दौरान आया ।","ᱭᱩᱨᱳᱯ ᱨᱮᱭᱟᱜ ᱱᱟᱜᱟᱢ ᱨᱮ ᱱᱤᱭᱟᱹ ᱚᱠᱛᱮ ᱨᱮᱭᱟᱜ ᱛᱟᱞᱟ ᱨᱮ, ᱠᱮᱛᱷᱳᱞᱤᱠ ᱪᱚᱨᱪ, ᱡᱟᱦᱟᱸᱴᱟᱜ ᱠᱤᱥᱟᱹᱬ ᱟᱨ ᱫᱟᱲᱮᱣᱟᱱ ᱦᱩᱭ ᱞᱮᱱᱟ, ᱛᱩᱱᱠᱷᱤᱼᱛᱚᱞᱟᱥ ᱨᱮᱭᱟᱜ ᱩᱢᱩᱞ ᱛᱮ ᱦᱮᱡ ᱞᱮᱱᱟ᱾"
439,एक हज़ार से भी ज़्यादा सालों से मसीही धर्म ने यूरोपीय देशों के बीच भिन्‍न भाषा और रीति - रिवाज़ों के बावजूद एक साथ विवाह किया था ।,ᱯᱟᱹᱨᱥᱤ ᱟᱨ ᱟᱹᱨᱤᱪᱟᱹᱞᱤ ᱨᱮ ᱵᱷᱮᱱᱮᱜᱟᱨ ᱛᱟᱦᱮᱸᱱ ᱛᱩᱞᱩᱡ ᱤᱥᱟᱹᱭ ᱫᱷᱚᱨᱚᱢ ᱫᱚ ᱢᱤᱫ ᱦᱟᱡᱟᱨ ᱠᱷᱚᱱ ᱵᱟᱹᱲᱛᱤ ᱥᱮᱨᱢᱟ ᱦᱟᱹᱵᱤᱡ ᱭᱩᱨᱳᱯ ᱨᱮᱭᱟᱜ ᱫᱤᱥᱚᱢ ᱠᱚ ᱢᱤᱫ ᱥᱟᱶ ᱛᱮᱭ ᱛᱚᱞ ᱫᱚᱦᱚ ᱞᱮᱫ ᱠᱚᱣᱟ᱾
440,इसके सभी सहवास शक्ति सभी को सामान्य करने के लिए प्रभावित किया।,ᱱᱚᱣᱟ ᱨᱮᱭᱟᱜ ᱜᱚᱴᱟᱛᱚᱨᱟ ᱫᱟᱲᱮ ᱫᱚ ᱨᱟᱡᱟ ᱠᱷᱚᱱ ᱤᱫᱤ ᱠᱟᱛᱮᱱ ᱥᱟᱫᱷᱟᱨᱚᱱ ᱦᱚᱲ ᱦᱟᱹᱵᱤᱡ ᱡᱚᱛᱚᱭ ᱮᱥᱮᱨ ᱠᱮᱫ ᱠᱚᱣᱟ᱾
441,एक मुख्य मसीही सिद्धान्तों में से एक यह है कि धन को कष्ट और ग़रीबी से मुक्‍त करने के लिए प्रयोग किया जाना चाहिए और कि गिरजे के पैसे विशेष रूप से उस कारण हैं ।,ᱟᱥᱚᱞ ᱤᱥᱟᱹᱭ ᱠᱟᱰᱮᱨ ᱠᱚᱨᱮ ᱠᱷᱚᱱ ᱱᱚᱣᱟ ᱢᱤᱫᱴᱟᱝ ᱠᱟᱱᱟ ᱡᱮ ᱫᱷᱚᱱ ᱨᱮᱭᱟᱜ ᱵᱮᱵᱷᱟᱨ ᱫᱩᱠ ᱟᱨ ᱨᱮᱸᱜᱮᱡ ᱠᱚᱢ ᱞᱟᱹᱜᱤᱫ ᱟᱨ ᱪᱚᱨᱪ ᱨᱮᱭᱟᱜ ᱠᱟᱹᱣᱰᱤ ᱢᱩᱨᱟᱹᱭ ᱟᱥᱚᱠᱟᱭ ᱛᱮ ᱱᱚᱣᱟ ᱠᱷᱟᱹᱛᱤᱨ ᱛᱮ ᱢᱮᱱᱟᱜᱼᱟ᱾
442,चर्च का मुख्य अधिकार लगभग हज़ार साल से ज़्यादा समय से रोम में रहा था और शक्‍ति और पैसे की इस यातना ने अनेक लोगों को यह प्रश्‍न करने के लिए प्रेरित किया कि क्या यह दसाँ मिली थी या नहीं ।,ᱪᱚᱨᱪ ᱨᱮᱭᱟᱜ ᱛᱟᱞᱢᱟ ᱟᱹᱭᱫᱟᱹᱨᱤ ᱟᱹᱰᱤ ᱦᱟᱡᱟᱨ ᱥᱮᱨᱢᱟ ᱠᱷᱚᱱ ᱨᱳᱢ ᱨᱮ ᱛᱟᱦᱮᱸ ᱟᱠᱟᱱᱟ ᱟᱨ ᱫᱟᱲᱮ ᱟᱨ ᱫᱷᱚᱱ ᱨᱮᱭᱟᱜ ᱱᱤᱭᱟᱹ ᱢᱤᱫᱨᱤᱜᱤᱲ ᱫᱚ ᱟᱭᱢᱟ ᱦᱚᱲᱠᱚ ᱱᱚᱣᱟ ᱠᱩᱠᱞᱤ ᱞᱟᱹᱜᱤᱫ ᱮ ᱩᱥᱠᱟᱹᱣ ᱠᱮᱫ ᱠᱚᱣᱟ ᱡᱮ ᱪᱮᱫ ᱱᱚᱣᱟ ᱠᱟᱰᱮᱨ ᱯᱩᱨᱟᱹᱣᱜ ᱠᱟᱱ ᱛᱟᱦᱮᱸ ᱠᱟᱱᱟ᱾
443,युद्ध के शुरू होने के कुछ ही समय बाद ब्रिटेन ने जर्मनी का नौवाँ भाग शुरू किया ।,"ᱥᱚᱛᱨᱩᱛᱟ ᱮᱦᱚᱵᱚᱜ ᱨᱮᱭᱟᱜ ᱠᱤᱪᱷᱩ ᱜᱷᱟᱹᱬᱤᱡ ᱛᱟᱭᱚᱢ, ᱵᱨᱤᱴᱮᱱ ᱫᱚ ᱡᱚᱨᱢᱟᱱᱤ ᱨᱮᱭᱟᱜ ᱢᱤᱫ ᱱᱚᱣᱥᱮᱱᱟ ᱟᱠᱚᱴ ᱞᱮᱫ-ᱟᱭI"
444,"इस योजना ने प्रभावकारी साबित किया, अत्यावश्‍यक सैन्य और नागरिक सामग्री को काट डाला, हालाँकि इस ब्लॉक ने आम तौर पर पिछले दो दो शताब्दियों के अंतर्राष्ट्रीय समझौतेों द्वारा अंतर्राष्ट्रीय नियम का उल्लंघन किया ।","ᱢᱚᱦᱚᱛᱟᱱ ᱢᱤᱞᱤᱴᱟᱨᱤ ᱟᱨ ᱥᱟᱫᱷᱟᱨᱚᱱ ᱱᱟᱜᱽᱨᱤᱠ ᱦᱟᱹᱯᱴᱤᱧ ᱠᱚ ᱵᱚᱱᱫᱽ ᱟᱛᱮ ᱱᱚᱶᱟ ᱨᱚᱬᱱᱤᱛ ᱯᱨᱚᱵᱷᱟᱵᱽᱥᱟᱞᱤ ᱯᱚᱨᱢᱟᱬ ᱟᱠᱟᱱᱟ, ᱡᱚᱠᱷᱚᱱ ᱱᱚᱶᱟ ᱟᱠᱚᱴ ᱪᱟᱞᱟᱣᱮᱱ ᱵᱟᱨᱭᱟ ᱥᱮᱧᱪᱩᱨᱤ ᱨᱮᱭᱟᱜ ᱟᱭᱢᱟ ᱡᱮᱡᱟᱹᱛᱤᱭᱟᱹᱨᱤ ᱪᱩᱠᱛᱤ ᱛᱮ ᱢᱟᱱᱟᱣᱞᱮᱱ ᱡᱮᱡᱟᱹᱛᱤᱭᱟᱹᱨᱤ ᱨᱤᱛ ᱠᱚ ᱛᱟᱞᱚᱢ ᱞᱚᱴᱚᱢ ᱞᱮᱜᱼᱟ᱾"
445,"ब्रिटेन का अंतर्राष्ट्रीय जल पानी समुद्र के पूरे भागों में जाने से रोकने के लिए किसी भी जहाज़ को रोक सका, यहाँ तक कि निष्पक्ष जहाजों को भी ख़तरा बना रहा ।","ᱡᱟᱦᱟᱱ ᱫᱟᱜ ᱡᱟᱦᱟᱡᱽ ᱠᱚ ᱫᱚᱨᱭᱟ ᱛᱮ ᱟᱞᱚᱠᱚ ᱵᱚᱞᱚᱱ ᱞᱟᱹᱜᱤᱫ ᱵᱨᱤᱴᱮᱱ ᱫᱚ ᱡᱮᱡᱟᱹᱛᱤᱭᱟᱹᱨᱤ ᱫᱟᱜᱼᱮ ᱞᱟᱻ ᱟᱠᱟᱫᱟ, ᱱᱚᱶᱟ ᱫᱚ ᱵᱮᱼᱯᱟᱦᱴᱟ ᱫᱟᱜ ᱡᱟᱦᱟᱡᱽ ᱯᱩᱨᱛᱤ ᱦᱚᱸ ᱵᱚᱛᱚᱨᱮ ᱵᱮᱱᱟᱣ ᱟᱠᱟᱫᱟ᱾"
446,"क्योंकि इस चाल के प्रति सीमित प्रतिक्रिया थी, जर्मनी ने अपने हिंसक ज्वालामुखी युद्ध के समान प्रतिक्रिया की अपेक्षा की ।","ᱩᱱᱠᱷᱚᱱ ᱚᱱᱰᱮ ᱱᱚᱣᱟ ᱨᱚᱬᱱᱤᱛᱤ ᱠᱷᱟᱹᱛᱤᱨ ᱟᱹᱰᱤ ᱠᱚᱢ ᱨᱮᱥᱯᱚᱱᱥ ᱛᱟᱦᱮᱸ ᱠᱟᱱᱟ, ᱡᱚᱨᱢᱟᱱᱤ ᱦᱚᱸ ᱟᱡᱟᱜ ᱚᱱᱨᱮᱥᱴᱨᱤᱠᱴᱮᱰ ᱥᱚᱵᱽᱢᱮᱨᱟᱭᱤᱱ ᱣᱟᱨᱯᱷᱮᱭᱟᱨ ᱞᱟᱹᱜᱤᱫ ᱥᱚᱢᱟᱱ ᱨᱮᱥᱯᱚᱱᱥ ᱟᱸᱥ ᱞᱮᱱᱟᱭ᱾"
447,"सन्‌ 1920 के दौरान, ज़्यादातर नागरिकों और देशों के लोगों के रवैए में ज़मीन - आसमान का फर्क था ।","᱑᱙᱒᱐ ᱜᱮᱞ ᱥᱮᱨᱢᱟ ᱨᱮ, ᱟᱭᱢᱟ ᱫᱤᱥᱚᱢ ᱟᱨ ᱱᱟᱜᱽᱨᱤᱠ ᱠᱚᱣᱟᱜ ᱩᱭᱦᱟᱹᱨ ᱯᱮᱥᱤᱯᱷᱤᱡᱚᱢ ᱟᱨ ᱟᱭᱥᱳᱞᱮᱥᱚᱱ ᱛᱟᱦᱮᱸ ᱠᱟᱱᱟ᱾"
448,"प्रथम विश्‍व युद्ध के दौरान युद्ध के भयानक और अत्याचार देखने के बाद, राष्ट्र भविष्य में फिर से ऐसी स्थिति से दूर रहना चाहते थे ।","ᱯᱩᱭᱞᱩ ᱡᱮᱜᱮᱛ ᱞᱟᱹᱰᱷᱟᱹᱭ ᱨᱮᱭᱟᱜ ᱛᱟᱯᱟᱢ ᱨᱮ ᱦᱩᱭ ᱞᱮᱱ ᱵᱚᱛᱚᱨᱟᱱ ᱟᱨ ᱱᱟᱦᱟᱪᱟᱨ ᱠᱚ ᱠᱷᱟᱹᱛᱤᱨ, ᱫᱤᱥᱚᱢ ᱫᱚ ᱟᱜᱟᱢ ᱫᱤᱱᱨᱮ ᱱᱚᱠᱟᱱ ᱚᱵᱚᱥᱛᱟ ᱟᱞᱚ ᱦᱩᱭᱩᱜ ᱨᱮᱭᱟᱜᱼᱮ ᱴᱷᱟᱹᱣᱠᱟᱹ ᱟᱠᱟᱫᱟ᱾"
449,"सन्‌ 18444 में, टेसला न्यू यॉर्क सिटी में ऐडम्सन कंपनी के साथ नौकरी करने के लिए अमरीका गया ।","᱑᱘᱘᱔ ᱨᱮ, ᱴᱮᱥᱞᱟ ᱫᱚ ᱱᱭᱩ ᱭᱚᱨᱠ ᱥᱤᱴᱤ ᱨᱮᱭᱟᱜ ᱮᱰᱤᱥᱚᱱ ᱠᱩᱢᱯᱟᱹᱱᱤ ᱨᱮ ᱪᱟᱹᱠᱨᱤ ᱦᱟᱛᱟᱣ ᱞᱟᱹᱜᱤᱫ ᱭᱩᱱᱟᱭᱴᱮᱰ ᱥᱴᱮᱴᱥ ᱚᱯᱷ ᱟᱢᱮᱨᱤᱠᱟᱭ ᱥᱮᱱ ᱞᱮᱱᱟ᱾"
450,"वह 4 सेंट के साथ अमरीका में आया और उसके नाम की कविता की एक किताब, और चार्ल्स ब्रॆनर (उसकी पिछली नौकरी में उसके मैनेजर) से सिफारिश की एक चिट्ठी भी ।","ᱩᱱᱤᱫᱚ ᱟᱡᱟᱜ ᱧᱩᱛᱩᱢ ᱨᱮ ᱔ ᱥᱮᱸᱴᱥ, ᱚᱱᱚᱱᱦᱮ ᱨᱮᱭᱟᱜ ᱯᱚᱛᱚᱵ, ᱟᱨ ᱛᱷᱚᱢᱟᱹᱥ ᱮᱰᱤᱥᱚᱱ ᱠᱷᱚᱱ ᱪᱟᱨᱞᱥ ᱵᱮᱪᱞᱚᱨ (ᱯᱩᱭᱞᱩ ᱠᱟᱹᱢᱤ ᱨᱮ ᱟᱡᱤᱡ ᱢᱮᱱᱮᱡᱚᱨ ᱛᱟᱦᱮᱸ ᱠᱟᱱᱟᱭ) ᱠᱷᱚᱱ ᱥᱤᱯᱷᱟᱹᱨᱤᱥ ᱨᱮᱭᱟᱜ ᱢᱤᱫᱴᱟᱹᱝ ᱪᱤᱴᱷᱤ ᱟᱹᱜᱩ ᱠᱟᱛᱮ ᱟᱢᱮᱨᱤᱠᱟ ᱥᱮᱴᱮᱨ ᱞᱮᱱᱟᱭ᱾"
451,प्राचीन चीन में अलग - अलग समय की अवधियों को दिखाने का एक अनोखा तरीक़ा था; चीन या हर परिवार जो सत्ता में था वह एक विशिष्ट राजवंश था ।,"ᱢᱟᱨᱮ ᱪᱤᱱ ᱴᱷᱮᱱ ᱮᱴᱟᱜ~ᱮᱴᱟᱜ ᱚᱠᱛᱚ ᱚᱣᱫᱷᱤ ᱫᱮᱠᱷᱟᱣ ᱞᱟᱹᱜᱤᱫ ᱢᱤᱫᱴᱟᱹᱝ ᱵᱤᱪᱤᱛ ᱛᱚᱨᱠᱟ ᱛᱟᱦᱮᱸ ᱠᱟᱱᱟ; ᱪᱤᱱ ᱨᱮᱭᱟᱜ ᱡᱷᱚᱛᱚ ᱫᱷᱟᱹᱨ ᱫᱷᱩᱨ ᱟᱨ ᱵᱟᱝ ᱡᱷᱚᱛᱚ ᱜᱷᱟᱨᱚᱸᱡᱽ ᱡᱟᱦᱟᱸᱭ ᱫᱚ ᱫᱟᱲᱮ ᱨᱮ ᱛᱟᱦᱮᱸ ᱠᱟᱱᱟ ᱠᱚ, ᱢᱤᱫᱴᱟᱹᱝ ᱵᱤᱥᱤᱥᱴ ᱨᱟᱡᱽᱵᱚᱝᱥ᱾"
452,हर राजवंश के बीच विभाजित प्रान्तों की एक गंभीर उम्र थी. इन अवधि का सबसे अच्छा ज्ञात युग था तीन राज्य युग जो हान और Jinyys के बीच हो रही है.,ᱥᱟᱶᱛᱮ ᱡᱷᱚᱛᱚ ᱨᱟᱡᱵᱚᱝᱥ ᱛᱟᱞᱟ ᱨᱮ ᱵᱷᱟᱜᱮᱱ ᱯᱚᱱᱚᱛ ᱨᱮᱭᱟᱜ ᱢᱤᱫᱴᱟᱹᱝ ᱚᱥᱛᱷᱤᱨ ᱭᱩᱜᱽ ᱛᱟᱦᱮᱸ ᱠᱟᱱᱟ᱾ ᱚᱱᱟ ᱚᱣᱫᱷᱤ ᱨᱮ ᱡᱷᱚᱛᱚ ᱠᱷᱚᱱ ᱧᱩᱛᱩᱢᱟᱱ ᱯᱮᱭᱟ ᱯᱚᱱᱚᱛ ᱨᱮᱭᱟᱜ ᱭᱩᱜᱽ ᱛᱟᱦᱮᱸ ᱠᱟᱱᱟ ᱚᱠᱟ ᱫᱚ ᱦᱟᱱ ᱟᱨ ᱡᱟᱦᱟᱸ ᱨᱟᱡᱽᱵᱚᱝᱥ ᱛᱟᱞᱟ ᱨᱮ ᱖᱐ ᱥᱮᱨᱢᱟ ᱠᱷᱚᱱ ᱪᱟᱹᱞᱩᱜ ᱠᱟᱱ ᱛᱟᱦᱮᱸᱡ᱾
453,इन दिनों युद्ध के दौरान बहुत - से कुलीन लोग सिंहासन के लिए लड़ रहे थे ।,ᱱᱟᱶᱟ ᱚᱠᱛᱚ ᱛᱟᱞᱟ ᱨᱮ ᱥᱤᱝᱦᱟᱥᱚᱱ ᱞᱟᱹᱜᱤᱫ ᱞᱟᱰᱷᱟᱣ ᱞᱟᱹᱜᱤᱫ ᱟᱭᱢᱟ ᱨᱚᱥᱟᱹᱭ ᱛᱟᱞᱟ ᱨᱮ ᱡᱩᱨ ᱭᱩᱫᱷ ᱦᱩᱭᱮᱱᱟ᱾
454,ये तीन राज्य प्राचीन चीन के इतिहास में सबसे बड़े युग में से एक थे ।,"ᱢᱟᱨᱮ ᱪᱤᱱ ᱨᱮᱭᱟᱜ ᱱᱟᱜᱟᱢ ᱨᱮ ᱯᱮ ᱨᱟᱡᱭᱚ ᱡᱷᱟᱛᱚ ᱠᱷᱚᱱ ᱢᱟᱭᱟᱢᱟᱱ ᱛᱟᱯᱟᱢ ᱢᱩᱸᱫᱽ ᱨᱮ ᱢᱤᱫᱴᱟᱹᱝ ᱛᱟᱦᱮᱸ ᱠᱟᱱᱟ, ᱥᱤᱭᱟᱱ ᱨᱮ ᱡᱷᱚᱛᱚ ᱠᱷᱚᱱ ᱢᱟᱨᱟᱝ ᱢᱚᱦᱚᱞ ᱨᱮ ᱡᱷᱚᱛᱚ ᱠᱷᱚᱱ ᱢᱟᱨᱟᱝ ᱜᱚᱫᱤ ᱨᱮ ᱫᱩᱲᱩᱵ ᱞᱟᱹᱜᱤᱫ ᱦᱟᱡᱟᱨ ᱜᱟᱱ ᱦᱚᱲ ᱠᱚ ᱜᱚᱡ ᱮᱱᱟ᱾"
455,"समाज और राजनैतिक प्रभाव जैसे कि मेरीरिक व्यवस्था का इस्तेमाल, गणराज्यवाद, राष्ट्रवाद और विश्‍वास से एक बदलाव और देश के लोगों का एकमात्र शासक नहीं है ।","ᱟᱹᱰᱤᱜᱟᱱ ᱥᱟᱶᱛᱟᱠᱤᱭᱟᱹ ᱟᱨ ᱨᱟᱡᱽᱟᱹᱨᱤᱭᱟᱹ ᱚᱨᱥᱚᱝ ᱢᱮᱱᱟᱜᱼᱟ ᱡᱮᱞᱠᱟ ᱢᱮᱴᱨᱤᱠ ᱯᱨᱚᱬᱟᱞᱤ ᱨᱮᱭᱟᱜ ᱵᱮᱵᱷᱟᱨ, ᱱᱤᱨᱯᱮᱠᱥ ᱠᱷᱚᱱ ᱟᱹᱯᱱᱟᱹᱛᱟᱹᱨᱤ, ᱫᱤᱥᱩᱣᱟᱹᱨᱤ ᱨᱮ ᱵᱚᱫᱚᱞ ᱟᱨ ᱱᱚᱶᱟ ᱯᱟᱹᱛᱭᱟᱹᱣ ᱫᱤᱥᱚᱢ ᱦᱚᱲ ᱠᱚᱣᱟᱜ ᱠᱟᱱᱟ, ᱡᱟᱦᱟᱸᱭ ᱥᱟᱥᱚᱠ ᱨᱮᱭᱟᱜ ᱫᱚ ᱵᱟᱝᱜᱮ᱾"
456,इस क्रांति के बाद भी सभी पुरुषों को बड़ा बनने और कामयाबी पाने का मौका दिया जाता था ।,ᱱᱚᱶᱟ ᱪᱷᱚᱲᱟ ᱟᱢ ᱠᱨᱟᱹᱱᱛᱤ ᱛᱟᱭᱚᱢ ᱡᱷᱚᱛᱚ ᱠᱚᱲᱟ ᱟᱹᱣᱮᱫᱚᱱ ᱠᱩᱜ ᱞᱟᱹᱜᱩᱫ ᱵᱭᱚᱵᱚᱥᱟᱭ ᱠᱷᱩᱞᱟᱹ ᱜᱮ ᱛᱟᱦᱮᱸ ᱠᱟᱱᱟ‌ ᱚᱠᱟ ᱫᱚ ᱡᱷᱚᱛᱚ ᱠᱷᱚᱱ ᱢᱚᱦᱚᱛ ᱟᱨ ᱥᱚᱯᱷᱚᱞ ᱞᱟᱹᱜᱤᱫ ᱟᱫᱮᱨ ᱠᱚ ᱮᱢ ᱮᱫ ᱛᱟᱦᱮᱸᱡ᱾
457,"उसी तरह, सेना में भर्ती होने के बजाय, वे अब कैंबर पर आधारित थे ।",ᱚᱱᱟ ᱜᱮ ᱥᱮᱱᱟ ᱞᱟᱹᱜᱤᱫ ᱪᱟᱞᱟᱜ ᱠᱟᱱᱟ ᱪᱮᱫᱟᱜ ᱥᱮ ᱥᱮᱱᱟ ᱨᱮᱭᱟᱜ ᱨᱮᱝᱠᱤᱝ ᱠᱞᱟᱥ ᱟᱫᱷᱟᱨ ᱛᱮ ᱵᱟᱝ ᱦᱩᱭ ᱠᱟᱛᱮ ᱚᱱᱟ ᱫᱚ ᱱᱤᱛᱚᱜ ᱠᱟᱭᱞᱟᱵᱚᱨ ᱟᱫᱷᱟᱨ ᱛᱮ ᱢᱮᱱᱟᱜᱼᱟI
458,फ्रांसीसी क्रांति ने दूसरे देश के लोगों को भी अपनी क्रांति शुरू करने के लिए अनेक अन्य दमनकारी वर्ग को प्रेरित किया.,ᱯᱷᱨᱟᱱᱥᱤᱥ ᱠᱨᱟᱱᱛᱤ ᱫᱚ ᱮᱴᱟᱜ ᱫᱤᱥᱚᱢ ᱞᱟᱹᱜᱤᱫ ᱮᱴᱟᱜ ᱫᱚᱢᱤᱛ ᱢᱚᱡᱽᱫᱩᱨ ᱵᱚᱨᱜᱽ ᱨᱤᱱ ᱦᱚᱲ ᱠᱚ ᱦᱚᱸ ᱟᱠᱚᱣᱟᱜ ᱠᱨᱟᱱᱛᱤ ᱮᱛᱦᱚᱵ ᱞᱟᱹᱜᱤᱫ ᱵᱷᱟᱨᱟᱣ ᱪᱷᱚ ᱠᱮᱫ ᱠᱚᱣᱟᱭ᱾
459,वह इस रोज़मर्रा की ज़िंदगी से परे मामलों में गहरी दिलचस्पी रखता था ।,ᱢᱚᱦᱚᱢᱚᱫ ᱫᱚ ᱱᱚᱶᱟ ᱥᱚᱝᱥᱟᱨᱤᱠ ᱡᱤᱣᱚᱱ ᱠᱷᱚᱱ ᱯᱚᱨᱟᱣ ᱨᱮᱭᱟᱜ ᱢᱟᱹᱢᱞᱟᱹ ᱨᱮ ᱜᱟᱹᱦᱤᱨ ᱨᱩᱪᱤ ᱫᱚᱦᱚᱮᱫ ᱛᱟᱦᱮᱸᱡ᱾ ᱩᱱᱤ ᱪᱤᱱᱛᱟᱹ ᱞᱟᱹᱜᱤᱫ “ᱱᱩᱨ” (ᱯᱨᱚᱠᱟᱥ) ᱨᱮᱭᱟᱜ ᱵᱩᱨᱩ ᱨᱮ “ᱦᱤᱨᱟ‘” ᱧᱩᱛᱩᱢ ᱛᱮ ᱵᱟᱲᱟᱭ ᱡᱚᱝᱤᱡ ᱢᱤᱫᱴᱟᱹᱝ ᱜᱷᱚᱸᱜᱚᱨ ᱨᱮ ᱦᱮᱡ ᱵᱟᱲᱟᱜ ᱠᱟᱱᱟᱭ᱾
460,"उसने खुद को, जो उस समय बच गया था, उसकी आध्यात्मिक इच्छाओं की एक बहुत ही सजीव तसवीर पेश की ।","ᱚᱱᱟ ᱜᱷᱚᱸᱜᱚᱨ ᱜᱮ, ᱟᱠᱟ‌ᱫᱚ ᱥᱚᱢᱚᱭ ᱛᱟᱞᱟ ᱨᱮ ᱦᱩᱭ ᱞᱮᱱᱟ, ᱢᱚᱦᱚᱢᱚᱫ ᱨᱮᱭᱟᱜ ᱚᱫᱷᱟᱛᱢᱤᱠ ᱡᱷᱩᱠᱟᱹᱣ ᱨᱮᱭᱟᱜ ᱟᱹᱰᱤ ᱯᱩᱭᱥᱴᱟᱹᱣ ᱪᱷᱚᱵᱤ ᱫᱮᱠᱷᱟᱣᱮᱫᱟᱭ᱾"
461,"एक पहाड़ की चोटी पर उत्तर - पश्‍चिम की ओर है, गुफा बाक़ी के संसार से पूरी तरह भिन्‍न है ।","ᱢᱟᱹᱠᱠᱟ ᱨᱮᱭᱟᱜ ᱮᱛᱚᱢ ᱨᱮᱭᱟᱜ ᱵᱩᱨᱩ ᱠᱷᱚᱱ ᱢᱤᱫᱴᱟᱹᱝ ᱪᱟᱹᱴᱤ ᱨᱮ ᱢᱮᱱᱟᱜᱼᱟ, ᱜᱷᱚᱸᱜᱚᱨ ᱫᱚ ᱵᱟᱹᱠᱤ ᱡᱟᱭᱜᱟ ᱠᱷᱚᱱ ᱯᱩᱨᱟᱹᱼᱯᱩᱨᱤ ᱵᱷᱮᱜᱟᱨ ᱜᱮᱭᱟ᱾"
462,"दरअसल, अगर एक व्यक्‍ति यह जानता है कि वह अस्तित्व में है, तो भी यह आसानी से मिल सकती है ।","ᱵᱟᱹᱥᱛᱟᱹᱣ ᱨᱮ, ᱱᱚᱶᱟ ᱯᱟᱱᱛᱮ ᱫᱚ ᱩᱱᱟᱹᱜ ᱟᱞᱜᱟ ᱵᱟᱝ ᱠᱟᱱᱟ, ᱛᱤᱱᱟᱹᱜ ᱦᱚᱸ ᱩᱱᱤ ᱵᱟᱲᱟᱭ ᱠᱟᱜ ᱢᱟᱭ ᱚᱱᱟ ᱚᱥᱚᱢᱵᱷᱚᱣ ᱜᱮᱭᱟ᱾ ᱢᱤᱫ ᱡᱮᱠᱷᱟ ᱜᱷᱚᱸᱜᱚᱨ ᱵᱷᱤᱛᱨᱭ ᱨᱮ, ᱱᱟᱶᱟ ᱫᱚ ᱢᱤᱫᱴᱟᱹᱝ ᱯᱩᱨᱟᱹ ᱚᱞᱜᱟᱣ ᱠᱟᱱᱟ᱾"
463,"इसके अलावा, कोई और चीज़ साफ - सुथरी, ऊपर और आस - पास के पहाड़ों के अलावा और कुछ नहीं देखी जा सकती ।","ᱪᱮᱛᱟᱱ ᱥᱟᱯᱷᱟ, ᱪᱚᱨᱚᱠ ᱥᱮᱨᱢᱟ ᱟᱨ ᱟᱸᱰᱮᱯᱟᱥᱮ ᱢᱮᱱᱟᱜ ᱟᱭᱢᱟ ᱵᱩᱨᱩ ᱠᱚ ᱪᱷᱚᱲᱟ ᱟᱨ ᱪᱮᱫ ᱠᱚ ᱦᱚᱸ ᱧᱮᱞ ᱵᱟᱭ ᱜᱟᱱᱚᱜᱼᱟ᱾ ᱱᱚᱶᱟ ᱡᱮᱜᱮᱛ ᱨᱮ ᱜᱷᱚᱸᱜᱚᱨ ᱵᱷᱤᱛᱨᱭ ᱨᱮ ᱟᱹᱰᱤ ᱠᱚᱢ ᱜᱮ ᱟᱸᱡᱚᱢ ᱜᱟᱱᱚᱜ ᱠᱟᱱᱟ᱾"
464,"जीजा में महान पिरामिड, सिर्फ सात चमत्कारों में से एक है जो आज भी मौजूद हैं ।",ᱜᱤᱡᱟ ᱨᱮᱭᱟᱜ ᱢᱟᱦᱟᱱ ᱯᱤᱨᱟᱢᱤᱰ ᱩᱱ ᱮᱭᱟᱭ ᱟᱹᱡᱩᱵᱟ ᱠᱷᱚᱱ ᱢᱤᱫᱴᱟᱹᱝ ᱠᱟᱱᱟ ᱡᱟᱦᱟᱸ ᱫᱚ ᱱᱤᱛ ᱦᱚᱸ ᱛᱤᱸᱜᱩ ᱨᱮ ᱢᱮᱱᱟᱜᱼᱟ᱾
465,"तीसरे शताब्दी में मिस्रियों द्वारा बनाए गए, द ग्रेट पिरामिड मृत फ़िरौन का सम्मान करने के लिए बनाए गए अनेक बड़ी संरचनाओं में से एक है ।","ᱛᱮᱥᱟᱨ ᱥᱚᱛᱟᱵᱫᱤ ᱤᱥᱟᱭ ᱯᱩᱭᱞᱩ ᱨᱮ ᱢᱤᱥᱨᱚᱣᱟᱥᱤ ᱠᱚ ᱛᱮᱭᱟᱨ ᱠᱟᱫ, ᱢᱟᱦᱟᱱ ᱯᱤᱨᱟᱢᱤᱰ ᱜᱩᱨ ᱯᱷᱤᱨᱚᱣᱱ ᱟᱜ ᱢᱟᱹᱱ ᱨᱮ ᱛᱮᱭᱟᱨ ᱟᱭᱢᱟ ᱢᱟᱨᱟᱝ ᱯᱤᱨᱟᱢᱤᱰ ᱛᱮᱭᱟᱨᱟᱜ ᱠᱷᱚᱱ ᱢᱤᱫᱴᱟᱹᱝ ᱠᱟᱱᱟ᱾"
466,"मृत लोगों की मिस्र की घाटी में, जीजा Pacio, या ""Gacios"" में अनेक पिरामिड हैं (जिस में सबसे बड़ी पिरामिड है), अनेक छोटी कब्रों, अनेक मंदिरों, और बड़े स्पैक्स में ।","⁣ᱢᱤᱥᱨᱚ ᱨᱮᱭᱟᱜ ᱜᱷᱟᱹᱴᱤ ᱨᱮ ᱜᱤᱡᱟ ᱯᱚᱴᱷᱟᱨ, ᱟᱨ ᱵᱟᱝ ""ᱜᱤᱡᱟ ᱱᱮᱠᱨᱚᱯᱚᱞᱤᱥ"" ᱨᱮ ᱟᱭᱢᱟ ᱯᱤᱨᱟᱢᱤᱰ (ᱡᱟᱦᱟᱸᱭ ᱠᱷᱚᱱ ᱡᱷᱚᱛᱚ ᱠᱷᱚᱱ ᱢᱟᱨᱟᱝ ᱯᱤᱨᱟᱢᱤᱰ ᱡᱷᱚᱛᱚ ᱠᱷᱚᱱ ᱢᱟᱨᱟᱝ ᱜᱮᱭᱟ), ᱟᱭᱢᱟᱸ ᱦᱟᱯᱚᱱ ᱢᱚᱠᱷᱵᱚᱨ, ᱟᱭᱢᱟᱸ ᱢᱚᱱᱫᱤᱨ ᱟᱨ ᱢᱟᱦᱟᱱ ᱥᱯᱷᱤᱠᱥ ᱢᱮᱱᱟᱭᱟ᱾"
467,"फिरौन कुफुस का सम्मान करने के लिए महान पिरामिड बनाया गया, और छोटे से छोटे पिरामिडों, कब्रों, और मंदिरों को कुफुस की पत्नियों और परिवार के सदस्यों का सम्मान करने के लिए बनाया गया था।","ᱢᱟᱦᱟᱱ ᱯᱤᱨᱟᱢᱤᱰ ᱯᱷᱮᱭᱨᱚᱱ ᱠᱷᱩᱯ ᱟᱜ ᱢᱟᱹᱱ ᱨᱮ ᱛᱮᱭᱟᱜ ᱦᱩ‌ᱭ ᱞᱮᱱᱟ, ᱟᱨ ᱟᱭᱢᱟ ᱦᱚᱯᱟᱱ ᱯᱤᱨᱟᱢᱤᱰ, ᱢᱟᱠᱷᱵᱚᱨ ᱟᱨ ᱢᱚᱱᱫᱤᱨ ᱠᱷᱩᱯᱩ ᱨᱮᱭᱟᱜ ᱦᱮᱨᱮᱞ ᱟᱨ ᱜᱷᱟᱨᱚᱡᱽ ᱨᱤᱱ ᱦᱚᱲ ᱠᱚ ᱥᱤᱯᱷᱟᱹᱤᱱ ᱞᱟᱹᱜᱤᱫ ᱛᱮᱭᱟᱨ ᱞᱮᱱᱟ᱾"
468,"""पवन"" निशान एक वी और ""नीचे निशान"" की तरह दिखता है जैसे कि एक पॉपअप या एक वर्ग इसके नीचे की ओर लापता है.","ᱪᱮᱛᱟᱱ ᱟᱜᱥᱟᱨ ᱪᱤᱱᱦᱟᱹ ᱢᱤᱫ ᱨᱚᱠᱚᱢ ᱵᱷᱤ ᱞᱮᱠᱟ ᱧᱮᱞᱚᱜ ᱠᱟᱱᱟ ᱟᱨ ""ᱞᱟᱛᱟᱨ ᱟᱜᱥᱟᱨ ᱪᱤᱱᱦᱟᱹ"" ᱢᱤᱫᱴᱟᱝ ᱥᱴᱮᱯᱚᱞ ᱞᱮᱠᱟ ᱟᱨᱵᱟᱝ ᱢᱤᱫᱴᱟᱝ ᱪᱟᱹᱣᱠᱟᱹ ᱞᱮᱠᱟ ᱞᱟᱛᱟᱨ ᱦᱟᱹᱴᱤᱧ ᱞᱟᱛᱟᱨ ᱦᱟᱹᱴᱤᱧ ᱵᱟᱹᱱᱩᱜᱼᱟ᱾"
469,"ऊपर का मतलब है कि आप धक्का पर शुरू और धनुष धक्का देना चाहिए, और नीचे का मतलब है कि आप तेजी से शुरू करना चाहिए (जहाँ आपका हाथ धनुष पकड़ रहा है) और धनुष खींच.","ᱪᱮᱛᱟᱱ ᱢᱮᱱᱮᱛ ᱠᱟᱱᱟ ᱡᱮ ᱟᱢᱫᱚ ᱴᱤᱯ ᱠᱷᱚᱱᱟᱜ ᱮᱛᱚᱦᱚᱵ ᱫᱚᱨᱠᱟᱨ ᱟᱨ ᱟᱜᱥᱟᱨ ᱴᱷᱮᱞᱟᱣ ᱛᱟᱨᱟᱭ ᱢᱮ, ᱟᱨ ᱞᱟᱛᱟᱨ ᱢᱮᱱᱮᱛ ᱫᱚ ᱠᱟᱱᱟ ᱡᱮ ᱟᱢ ᱨᱚᱴᱮ ᱠᱷᱚᱱᱟᱜ ᱮᱛᱚᱦᱚᱵ ᱫᱚᱨᱠᱟᱨ (ᱡᱟᱦᱟᱸ ᱨᱮ ᱟᱢᱟᱜ ᱛᱤ ᱟᱜᱥᱟᱨ ᱥᱟᱵ ᱮᱫᱟᱭ) ᱟᱨ ᱟᱜᱥᱟᱨ ᱚᱨ ᱫᱚᱨᱠᱟᱨ᱾"
470,"एक पंख आमतौर पर नरम आवाज़ पैदा करता है, जबकि एक नीचे धनुष मजबूत और अधिक दावायोग्य है.","ᱢᱤᱫᱴᱟᱝ ᱪᱮᱛᱟᱱᱼᱟᱜᱥᱟᱨ ᱟᱢᱛᱚᱨ ᱨᱮ ᱢᱤᱫ ᱱᱚᱨᱚᱢ ᱥᱟᱰᱮ ᱚᱰᱚᱝ ᱮᱫᱟᱭ, ᱡᱚᱠᱷᱚᱱ ᱢᱤᱫᱴᱟᱝ ᱞᱟᱛᱟᱨ ᱟᱜᱥᱟᱨ ᱠᱮᱴᱮᱡ ᱟᱨ ᱡᱟᱹᱥᱛᱤ ᱱᱟᱯᱟᱭ ᱛᱟᱦᱮᱸᱱᱟ᱾"
471,"अपने पैरों में पेंसिल के लिए स्वतंत्र महसूस कीजिए, लेकिन याद रखिए कि छपाई के चिह्न संगीत के लिए हैं, इसलिए आम तौर पर उनका सम्मान किया जाना चाहिए ।","ᱵᱤᱱ ᱟᱴᱠᱟᱣ ᱛᱮ ᱱᱤᱡᱚᱨᱟᱜ ᱪᱤᱱᱦᱟᱹ ᱨᱮ ᱯᱮᱸᱥᱤᱞ ᱞᱟᱜᱟᱣ ᱢᱮ, ᱢᱮᱱᱠᱷᱟᱱ ᱩᱭᱦᱟᱹᱨ ᱫᱚᱦᱚᱭ ᱢᱟ ᱯᱨᱤᱱᱴᱮᱰ ᱵᱚᱣᱤᱝ ᱪᱤᱱᱦᱟᱹ ᱢᱤᱫᱴᱟᱝ ᱥᱮᱨᱮᱧ ᱚᱡᱮ ᱛᱮ ᱦᱩᱭᱩᱜ ᱠᱟᱱᱟ, ᱚᱱᱟ ᱠᱷᱟᱹᱛᱤᱨ ᱩᱱᱤᱭᱟᱜ ᱢᱟᱹᱱ ᱫᱚᱦᱚᱭ ᱫᱚᱨᱠᱟᱨ ᱠᱟᱱᱟ᱾"
472,"राजा लूई XVI, रानी मारी ने अपने दो छोटे बच्चों को (11 साल की उम्र में मारी और चार साल के लुई-क्लास) और राजा मैडम इलीशिबा को, 6 अक्टूबर 2007 को, बाज़ार की एक भीड़ द्वारा पैरिस ले जाया गया ।","ᱵᱚᱛᱚᱨᱟᱠᱟᱱ ᱨᱟᱡᱽ ᱞᱩᱭᱤᱥ XVI, ᱨᱟᱹᱱᱤ ᱢᱮᱨᱤ ᱟᱱᱴᱳᱭᱱᱤᱴᱮ ᱟᱨ ᱟᱹᱠᱤᱱ ᱨᱮᱱ ᱵᱟᱨᱭᱟ ᱵᱟᱪᱨᱟ ᱜᱤᱫᱽᱨᱟᱹ (᱑᱑ ᱵᱚᱪᱷᱚᱨ ᱢᱮᱨᱤ ᱛᱷᱮᱨᱮᱥ ᱟᱨ ᱯᱩᱱ ᱵᱷᱪᱷᱚᱨ ᱞᱩᱭᱤᱥ ᱪᱟᱨᱞᱮᱥ)  ᱨᱟᱡᱽ-ᱤᱡ ᱢᱮᱥᱨᱟ, ᱢᱟᱰᱟᱢ ᱮᱞᱤᱡᱟᱵᱮᱛᱷ ᱠᱚ ᱖ ᱚᱠᱴᱳᱵᱚᱨ ᱑᱗᱘᱙ ᱦᱤᱞᱚᱜ, ᱵᱷᱮᱨᱥᱟᱤᱞᱮᱥ ᱨᱮᱱ ᱢᱤᱫ ᱫᱚᱞ ᱵᱟᱡᱟᱨ ᱛᱤᱨᱞᱟᱹ ᱯᱭᱟᱨᱤᱥ ᱛᱮ ᱨᱩᱣᱟᱹᱲ ᱞᱟᱹᱜᱤᱫ ᱠᱚ ᱵᱟᱫᱷᱭᱚ ᱞᱮᱫ ᱠᱚᱣᱟ᱾"
473,"एक गाड़ी में, वे वापस पैरिस चले गए ।","ᱢᱤᱫᱴᱟᱝ ᱠᱮᱨᱮᱡᱽ ᱛᱮ, ᱩᱱᱠᱩ ᱯᱭᱟᱨᱤᱥ ᱠᱚ ᱨᱩᱣᱟᱹᱲᱮᱱᱟ ᱵᱷᱤᱲ ᱦᱚᱲ ᱨᱟᱡᱽ ᱟᱨ ᱨᱟᱹᱱᱤ ᱵᱩᱨᱩᱫᱽ ᱨᱮ ᱠᱚ ᱨᱚᱦᱮᱫ ᱟᱨ ᱫᱷᱚᱢᱠᱟᱣᱮᱫ ᱛᱟᱦᱮᱸᱫ᱾"
474,लोगों की भीड़ ने राजा और रानी को मजबूर कर दिया कि वे अपनी साइकिलें खुली रखें ।,ᱦᱚᱲᱟᱜ ᱵᱷᱤᱲ ᱫᱚ ᱨᱟᱡᱽ ᱟᱨ ᱨᱟᱹᱱᱤ ᱟᱹᱠᱤᱱᱟᱜ ᱠᱮᱨᱮᱡᱽ ᱨᱮᱭᱟᱜ ᱡᱷᱚᱨᱠᱟ ᱡᱷᱤᱡ ᱫᱚᱦᱚ ᱞᱟᱹᱜᱤᱫ ᱠᱚ ᱵᱚᱲᱦᱮ ᱞᱮᱫ ᱠᱤᱱᱟ᱾
475,एक वक्‍त ऐसा आया जब भीड़ के एक सदस्य ने डरी रानी के सामने राजकीय पहरेदार का सिर हिला दिया ।,ᱢᱤᱫ ᱚᱠᱛᱚᱨᱮ ᱢᱟᱣᱵᱟᱫᱤ ᱫᱚᱞ ᱛᱟᱞᱟ ᱠᱷᱚᱱ ᱢᱤᱫ ᱦᱚᱲ ᱵᱷᱚᱨᱥᱟᱭᱤᱞᱮᱥ ᱨᱮ ᱜᱚᱡ ᱞᱮᱱ ᱨᱳᱭᱟᱞ ᱜᱟᱨᱰ-ᱟᱜ ᱵᱚᱦᱚᱜ  ᱵᱚᱛᱚᱨ ᱟᱠᱟᱱ ᱨᱟᱹᱱᱤ ᱥᱟᱢᱟᱝ ᱨᱮ ᱦᱤᱞᱟᱹᱣ ᱞᱮᱜ-ᱟᱭI
476,फिलीपींस की राजधानी में संयुक्‍त राष्ट्रवाद के युद्ध के खर्चों को स्वयं के लोगों द्वारा भुगतान किया गया ।,ᱯᱷᱤᱞᱤᱯᱟᱭᱤᱱᱥ ᱨᱮᱭᱟᱜ ᱫᱟᱲᱮᱜ ᱛᱟᱭᱚᱢ ᱭᱩᱹᱮᱥᱹ ᱨᱮᱭᱟᱜ ᱛᱟᱯᱟᱢ ᱠᱷᱚᱨᱚᱪ ᱫᱚ ᱯᱷᱤᱞᱤᱯᱟᱭᱤᱱᱥ ᱨᱮᱱ ᱦᱚᱲ ᱠᱚ ᱮᱢ ᱞᱮᱜ-ᱟ᱾
477,अमरीका की सरकार को कर देने के लिए कर देने के लिए उन्हें मजबूर किया गया ।,ᱩᱱᱠᱩ ᱟᱢᱮᱨᱤᱠᱟ ᱨᱮᱭᱟᱜ ᱠᱳᱞᱳᱱᱤ ᱛᱮ ᱴᱤᱠᱚᱥ ᱮᱢ ᱠᱚ ᱵᱚᱫᱷᱭᱚ ᱞᱮᱱᱟ ᱟᱨ ᱣᱟᱞ ᱥᱴᱨᱤᱴ ᱵᱮᱝᱠᱤᱝ ᱚᱲᱟᱜ ᱧᱩᱛᱩᱢ ᱛᱮ ᱯᱷᱤᱞᱤᱯᱟᱭᱤᱱᱥ ᱥᱚᱨᱠᱟᱨᱟᱜ ᱵᱚᱸᱰ ᱪᱮᱛᱟᱱ ᱨᱮ ᱥᱩᱫᱷ ᱦᱟᱞᱟ ᱠᱚ ᱪᱷᱩᱴᱟᱹᱣ ᱞᱮᱱᱟ᱾
478,"बेशक, ऐसे बड़े - बड़े लाभ अमरीका के सम्राटवाद की मूल कमाई बन जाएँगे ।","ᱱᱤᱦᱟᱹᱛᱤ, ᱟᱹᱰᱤ ᱡᱷᱟᱹᱞ ᱚᱠᱛᱚ ᱠᱷᱚᱱ ᱯᱷᱤᱞᱤᱯᱟᱭᱤᱱᱥ ᱠᱚ ᱥᱳᱥᱚᱬ ᱟᱠᱟᱫᱮ ᱨᱮᱭᱟᱜ ᱥᱩᱯᱚᱨ ᱞᱟᱵᱷ ᱫᱚ ᱭᱩᱹᱮᱥᱹ ᱨᱮᱭᱟᱜ ᱢᱚᱣᱞᱤᱠ ᱤᱢᱯᱮᱨᱤᱭᱟᱞᱤᱡᱚᱢ-ᱟᱜ ᱞᱟᱵᱷ ᱦᱩᱭᱩᱜᱼᱟ᱾"
479,एक व्यक्‍ति को इस संदर्भ को समझने के लिए संदर्भ को समझना चाहिए जिसने व्यवस्था की रचना को प्रेरित किया ।,ᱴᱟᱢᱯᱞᱟᱨ ᱫᱚ ᱵᱩᱡᱷᱟᱹᱣ ᱞᱟᱹᱜᱤᱫ ᱚᱱᱟ ᱥᱟᱹᱠᱷᱭᱟᱹᱛ ᱵᱩᱡᱷᱟᱹᱣ ᱞᱟᱹᱠᱛᱤᱭᱟ ᱡᱟᱦᱟᱸ ᱫᱚ ᱟᱫᱮᱥ ᱨᱮᱱᱟᱜ ᱵᱮᱱᱟᱣ ᱯᱨᱮᱨᱤᱛ ᱦᱩᱭ ᱮᱱᱟ᱾
480,"यह युग जहाँ घटनाओं को सामान्य रूप से मध्य युग कहा जाता है, ११वीं, १२वीं, और १३वीं शताब्दियों में यूरोपीय इतिहास की अवधि का ज़िक्र किया गया है ।","᱑᱑ ᱟᱱᱟᱜ, ᱑᱒ ᱟᱱᱟᱜ ᱟᱨ ᱑᱓ ᱟᱱᱟᱜ ᱥᱮᱧᱪᱩᱨᱤ (ᱤᱥᱟᱹ ᱥᱮᱨᱢᱟ ᱑᱐᱐᱐-᱑᱓᱐᱐) ᱨᱮ ᱡᱟᱦᱟᱸ ᱩᱢᱮᱨ ᱨᱮ ᱜᱷᱟᱴᱚᱱ ᱦᱩᱭ ᱮᱱᱟ, ᱚᱱᱟ ᱫᱚ ᱚᱱᱠᱟ ᱛᱮ ᱪᱮᱛᱟᱱ ᱛᱟᱞᱟᱱᱟ ᱡᱩᱜᱽ ᱨᱮᱱᱟᱜ ᱞᱮᱠᱟᱛᱮ ᱥᱟᱹᱠᱷᱭᱟᱹᱛ ᱦᱩᱭ ᱟᱠᱟᱱᱟ᱾"
481,"मध्य युग से पहले मध्य युग और मध्य युग के बाद, सन्‌ 100 के आस - पास अधिवेशन के खत्म होते हैं ।","ᱪᱮᱛᱟᱱ ᱛᱟᱞᱟᱱᱟ ᱭᱩᱜᱽ ᱮᱛᱚᱦᱚᱵ ᱠᱷᱚᱱ ᱢᱟᱲᱟᱝ ᱛᱟᱦᱮᱸ ᱠᱟᱱᱟ ᱟᱨ ᱚᱱᱟ ᱛᱟᱭᱚᱢ ᱵᱤᱞᱚᱢ ᱠᱷᱚᱱ ᱛᱟᱞᱟᱱᱟ ᱡᱩᱜᱽ ᱛᱟᱦᱮᱸ ᱠᱟᱱᱟ, ᱡᱟᱦᱟᱸ ᱫᱚ ᱥᱟᱢᱮᱞᱟᱱ ᱦᱚᱛᱮᱛᱮ ᱑᱕᱐᱐ ᱜᱟᱱ ᱨᱮ ᱪᱟᱵᱟᱜ ᱠᱟᱱᱟ᱾"
482,"वैज्ञानिक जीव विज्ञानवाद एक ऐसा शब्द है जो विज्ञान में विचारों की एक व्यापक सीमा को घेरे रखता है, तकनीक-शश से या विश्‍वसनीय धारणा के लिए अनिवार्य है कि मानव नियति वैज्ञानिक नियमों और प्रौद्योगिकी के साथ एक मूल तर्क से जुड़ा हुआ है ।","ᱛᱟᱠᱱᱤᱠᱤ ᱱᱤᱭᱛᱤᱣᱟᱫ ᱫᱚ ᱢᱤᱫ ᱥᱟᱵᱟᱫ ᱠᱟᱱᱟ ᱡᱟᱦᱟᱱ ᱫᱚ ᱩᱭᱦᱟᱹᱨ ᱨᱮ ᱵᱤᱪᱟᱹᱨ ᱠᱚ ᱨᱮᱭᱟᱜ ᱵᱤᱥᱛᱟᱨ ᱥᱨᱩᱝᱠᱷᱚᱞᱟ ᱥᱮᱞᱮᱫ ᱮᱫ-ᱟᱭ, ᱛᱟᱠᱱᱤᱠ-ᱞᱟᱦᱟᱜ ᱵᱟᱝᱢᱟ ᱛᱟᱠᱱᱤᱠᱤ ᱞᱟᱹᱠᱛᱤ ᱠᱷᱚᱱ ᱠᱮᱴᱮᱡ ᱢᱮᱱᱮᱛ ᱦᱟᱹᱵᱤᱡ ᱢᱟᱱᱣᱟ ᱱᱤᱭᱛᱤ ᱥᱟᱬᱮᱥᱤᱭᱟᱹ ᱠᱟᱱᱩᱱ ᱥᱟᱶ ᱡᱩᱲᱟᱹᱣ ᱫᱚ ᱢᱤᱫ ᱚᱱᱛᱚᱨᱱᱤᱦᱤᱛ ᱡᱩᱠᱛᱤ ᱟᱨ ᱯᱨᱳᱫᱷᱳᱜᱤᱠ ᱨᱮ ᱩᱱᱠᱩᱣᱟᱜ ᱚᱱᱟ ᱞᱟᱹᱭ-ᱫᱟᱲᱮ ᱠᱷᱚᱱ ᱩᱫᱽᱜᱟᱹᱣ ᱢᱮᱱᱟᱜ-ᱟ᱾"
483,"और इस तकनीक का असर समाजों पर होता है, न कि समाजों पर, न कि सामाजिक हालत में ।","ᱛᱟᱠᱱᱤᱠᱤ ᱰᱤᱴᱚᱨᱢᱤᱱᱤᱥᱢ ᱨᱮᱭᱟᱜ ᱵᱟᱲᱛᱤ ᱵᱤᱥᱲᱤ ᱫᱚ ᱵᱟᱨᱭᱟ ᱥᱟᱫᱷᱟᱨᱚᱱ ᱵᱤᱪᱟᱹᱨ ᱦᱟᱴᱤᱧᱟᱭ: ᱡᱮ ᱛᱟᱠᱱᱤᱠ ᱨᱮᱭᱟᱜ ᱞᱟᱦᱟᱱᱛᱤ ᱞᱟᱴᱩ ᱚᱠᱚᱡ ᱨᱮ ᱥᱟᱸᱥᱠᱨᱤᱛᱤᱠ ᱟᱨ ᱨᱟᱡᱽᱱᱤᱛᱤᱠ ᱯᱨᱟᱵᱷᱟᱣ ᱠᱷᱚᱱ ᱵᱮᱜᱟᱨ ᱢᱤᱫ ᱰᱟᱦᱟᱨ ᱨᱮᱭᱟᱜ ᱩᱭᱦᱮᱨᱟᱭ, ᱟᱨ ᱵᱚᱫᱚᱞ ᱨᱮ ᱚᱱᱟ ᱛᱟᱠᱱᱤᱠ ᱨᱮᱭᱟᱜ ᱥᱟᱢᱟᱡᱽ ᱨᱮ ""ᱯᱨᱟᱵᱷᱟᱣ"" ᱦᱩᱭᱩᱜ-ᱟ ᱡᱟᱦᱟ ᱫᱚ ᱥᱟᱢᱟᱡᱤᱠ ᱞᱮᱠᱟ ᱛᱮ ᱣᱟᱛᱟᱱᱩᱠᱩᱞᱤᱛ ᱦᱩᱭᱩᱜ ᱠᱟᱨᱚᱱ ᱛᱮ ᱱᱤᱦᱤᱛ ᱦᱩᱭᱩᱜ-ᱟ᱾"
484,"उदाहरण के लिए, एक व्यक्‍ति शायद कहे कि मोटर गाड़ी ज़रूरी है कि सड़क के विकास की ओर ले जाए ।","ᱫᱟᱹᱭᱠᱟᱹ ᱞᱮᱠᱟᱛᱮ, ᱡᱟᱦᱟᱭ ᱠᱚ ᱢᱮᱱ ᱫᱟᱲᱤᱭᱟᱜ-ᱟ ᱡᱮ ᱢᱳᱴᱚᱨ ᱠᱟᱨ ᱫᱚ ᱞᱟᱠᱛᱤ ᱞᱮᱠᱟ ᱛᱮ ᱥᱚᱲᱚᱠ ᱨᱮᱭᱟᱜ ᱩᱛᱱᱟᱹᱣ ᱥᱮᱫ ᱮ ᱤᱫᱤᱭᱮᱫᱟ᱾"
485,"लेकिन, एक देश - भर में सड़क नेटवर्क केवल एक मुट्ठी भर कार के लिए आर्थिक रूप से काम नहीं कर रहा है, सो उत्पादन के नए तरीक़ों को कार मालिक की क़ीमत कम करने के लिए विकसित किया जाता है ।","ᱡᱟᱭᱦᱚ, ᱢᱤᱫ ᱫᱮᱥᱜᱚᱴᱟ ᱥᱟᱲᱚᱠ ᱱᱮᱴᱣᱟᱨᱠ ᱫᱚ ᱮᱠᱮᱱ ᱥᱩᱢᱩᱝ ᱠᱟᱨ ᱠᱚ ᱞᱟᱹᱜᱤᱫ ᱠᱟᱹᱣᱰᱤ ᱟᱹᱨᱤ ᱞᱮᱠᱟ ᱛᱮ ᱵᱮᱵᱷᱟᱨ ᱵᱟᱹᱱᱟᱩᱜ-ᱟ, ᱱᱚᱣᱟ ᱤᱭᱟᱹᱛᱮ ᱠᱟᱨ ᱢᱟᱞᱤᱠᱟᱜ-ᱟ ᱞᱟᱜᱚᱛ ᱫᱚ ᱠᱚᱢ ᱠᱷᱚᱱ ᱠᱚᱢ ᱩᱛᱯᱟᱫᱚᱱ ᱨᱮᱭᱟᱜ ᱱᱟᱣᱟ ᱛᱟᱨᱤᱠᱟ ᱩᱛᱱᱟᱹᱣ ᱟᱠᱟᱫᱟ᱾"
486,"इसके अलावा, कार मालिक सड़कों पर दुर्घटनाओं का भी सामना करता है, जो खराब शरीर को ठीक करने के लिए नयी तकनीकों का आविष्कार करता है ।","ᱞᱟᱴᱩ ᱚᱠᱚᱡᱛᱮ ᱠᱟᱨ ᱨᱮᱱ ᱢᱟᱞᱤᱠ ᱛᱮ ᱥᱚᱲᱚᱠ ᱨᱮ ᱫᱩᱨᱜᱷᱟᱴᱱᱟ ᱠᱚ ᱨᱮᱭᱟᱜ ᱵᱟᱲᱛᱤ ᱜᱷᱚᱴᱚᱱᱟ ᱦᱩᱭᱩᱜ ᱠᱟᱱᱟ, ᱡᱟᱦᱟ ᱨᱮ ᱦᱟᱹᱱ ᱟᱠᱟᱱ ᱡᱤᱱᱤᱥ ᱠᱚ ᱨᱮᱭᱟᱜ ᱢᱟᱨᱟᱢᱚᱛ ᱞᱟᱹᱜᱤᱫ ᱥᱣᱟᱥᱛᱷᱭᱚ ᱫᱮᱠᱷᱵᱷᱟᱞ ᱨᱮ ᱱᱟᱣᱟ ᱛᱟᱠᱱᱤᱠ ᱠᱚ ᱨᱮᱭᱟᱜ ᱜᱚᱲᱦᱚᱱ ᱦᱩᱭᱩᱜ ᱠᱟᱱᱟ᱾"
487,"रोमियनवाद की संस्कृति का एक बड़ा तत्व था, जो गोट्‌स, फौटे, और श्‍लेगॆल जैसे लेखकों से बनी थी ।","ᱨᱳᱢᱟᱱᱴᱤᱥᱤᱡᱤᱢ ᱨᱮ ᱞᱟᱠᱪᱟᱨ ᱴᱷᱟᱹᱣᱠᱟᱹᱭᱵᱟᱫᱽ ᱨᱮᱱᱟᱜ ᱢᱤᱫ ᱢᱟᱨᱟᱝ ᱛᱮᱛᱮᱛ ᱛᱟᱦᱮᱸ ᱠᱟᱱᱟ ᱡᱟᱦᱟᱸ ᱫᱚ ᱜᱳᱭᱛᱷᱮ , ᱯᱷᱤᱪ ᱟᱨ ᱮᱥᱠᱞᱮᱜᱮᱞ ᱞᱮᱠᱟᱱ ᱚᱱᱚᱞᱤᱭᱟᱹ ᱠᱚᱴᱷᱮᱱ ᱠᱷᱚᱱ ᱦᱟᱛᱟᱣ ᱦᱩᱭ ᱞᱮᱱᱟI"
488,"रोमी समाजवाद, ढाले गए व्यक्‍तियों के संदर्भ में, और समय - समय पर उस भूगोल से संबंधित रीति - रिवाज़ और संस्कृति उत्पन्‍न हुई, और ये समाज की जगह के सामंजस्य में थे ।","ᱥᱟᱣᱪᱷᱟᱸᱫᱽᱛᱟᱣᱟᱫᱽ ᱨᱮᱱᱟᱜ ᱥᱟᱹᱠᱷᱭᱟᱹᱛ ᱨᱮ, ᱚᱛᱱᱚ ᱫᱚ ᱦᱚᱲᱠᱚ ᱰᱷᱟᱞᱟ, ᱟᱨ ᱚᱠᱛᱚ ᱨᱮᱱᱟᱜ ᱥᱟᱶ ᱚᱱᱟ ᱚᱛᱱᱚ ᱠᱷᱚᱱ ᱥᱟᱹᱜᱟᱹᱭ ᱨᱤᱛᱤ ᱨᱤᱣᱟᱡᱽ ᱟᱨ ᱥᱟᱸᱥᱠᱨᱤᱛᱤ ᱨᱮᱱᱟᱜ ᱩᱫᱟᱭ ᱦᱩᱭ ᱮᱱᱟ, ᱟᱨ ᱱᱚᱶᱟ ᱥᱟᱶᱛᱟ ᱨᱮᱱᱟᱜ ᱴᱷᱟᱶ ᱞᱮᱠᱟ ᱦᱩᱭᱩᱜ ᱠᱟᱨᱚᱱ, ᱢᱟᱱᱢᱟᱱᱟᱣ ᱰᱷᱟᱝ ᱠᱷᱚᱱ ᱞᱟᱜᱟᱣ ᱟᱠᱟᱱ ᱠᱟᱱᱩᱱ ᱠᱷᱚᱱ ᱵᱷᱟᱹᱜᱤ ᱛᱟᱦᱮᱸ ᱠᱟᱱᱟ᱾"
489,इस प्रकार पैरिस को उस समय के संसार की फैशन राजधानी के तौर पर जाना जाता है ।,"ᱡᱟᱦᱟᱸᱞᱮᱠᱟ ᱯᱮᱨᱤᱥ ᱫᱚ ᱱᱤᱛ ᱡᱮᱜᱮᱫ ᱨᱮᱭᱟᱜ ᱯᱷᱮᱥᱚᱱ ᱠᱮᱯᱤᱴᱟᱞ ᱞᱮᱠᱟᱛᱮ ᱢᱟᱱᱟᱣᱜ ᱠᱟᱱᱟ, ᱠᱚᱱᱥᱴᱮᱸᱴᱤᱱᱳᱯᱞ ᱫᱚ ᱥᱟᱢᱚᱱᱛᱤ ᱩᱣᱨᱳᱯ ᱨᱮᱭᱟᱜ ᱯᱷᱮᱥᱚᱱ ᱠᱮᱯᱤᱴᱞ ᱠᱚ ᱢᱟᱱᱟᱣᱮᱫ ᱛᱟᱦᱮᱸᱠᱟᱱᱟ᱾"
490,सन्‌ 400 के आस - पास ऐशो - आराम की ज़िंदगी जीने का नाम था ।,ᱨᱚᱢᱚᱡᱽ ᱨᱮᱭᱟᱜ ᱢᱤᱫ ᱧᱩᱛᱩᱢᱟᱱ ᱛᱟᱞᱢᱟ ᱦᱩᱭᱩᱜ ᱨᱮ ᱱᱚᱣᱟ ᱫᱚ ᱟᱥᱚᱠᱟᱭᱛᱮ ᱔᱐᱐  ᱤᱥᱟ ᱛᱟᱭᱚᱢ ᱠᱷᱚᱱ ᱮᱦᱚᱵ ᱞᱮᱱᱟ ᱟᱨ ᱟᱥᱚᱠᱟᱭᱛᱮ ᱑᱑᱐᱐ ᱤᱥᱟᱹ ᱛᱟᱭᱚᱢ ᱦᱟᱹᱵᱤᱡ ᱪᱟᱹᱞᱩ ᱞᱮᱱᱟI
491,इस बात को लेकर खासकर बारहवीं सदी के दौरान धर्म - गुरुओं ने ठोकर खायी थी कि वे रेशम और बलसान जैसे तोहफे लेकर वापस आए थे ।,"ᱜᱮᱞᱵᱟᱨᱟᱱᱟᱜ ᱥᱮᱧᱪᱩᱨᱤ ᱨᱮᱭᱟᱜ ᱵᱤᱫᱟᱹᱞ ᱨᱮ ᱱᱟᱣᱟ ᱨᱮᱭᱟᱜ ᱚᱵᱚᱥᱛᱟ ᱨᱮ ᱦᱚᱥᱚᱨ ᱦᱮᱡ ᱮᱱᱟ, ᱟᱥᱚᱞ ᱞᱮᱠᱟᱛᱮ ᱱᱚᱣᱟ ᱛᱮᱛᱮᱛ ᱨᱮᱭᱟᱜ ᱚᱡᱮ ᱡᱮ ᱠᱨᱩᱥᱮᱰᱮᱨᱥ ᱫᱚ ᱞᱩᱢᱟᱹᱝ ᱟᱨ ᱢᱚᱥᱚᱞᱟ ᱠᱚ ᱞᱮᱠᱟᱱ ᱥᱟᱱᱫᱮᱥ ᱠᱚᱭ ᱨᱩᱣᱟᱲ ᱠᱟᱫ ᱛᱟᱦᱮᱸᱠᱟᱱᱟ, ᱡᱟᱦᱟᱸᱴᱟᱜ ᱡᱮ ᱵᱤᱡᱟᱱᱴᱤᱱ ᱵᱟᱡᱟᱨ ᱠᱚ ᱨᱮᱭᱟᱜ ᱥᱟᱢᱟᱝ ᱩᱡᱤ ᱨᱮ ᱵᱟᱹᱲᱛᱤ ᱜᱚᱱᱚᱝᱟᱱᱟᱜ ᱛᱟᱦᱮᱸᱠᱟᱱᱟ᱾"
492,उस वक्‍त चर्च के पादरियों को पैरिस से पैरिस भेजा गया था ।,ᱱᱚᱣᱟ ᱱᱤᱭᱟᱹ ᱚᱠᱛᱮ ᱛᱟᱦᱮᱸᱠᱟᱱᱟ ᱡᱮ ᱠᱚᱱᱥᱴᱮᱸᱴᱤᱱᱳᱯᱞ ᱠᱷᱚᱱ ᱯᱮᱨᱤᱥ ᱨᱮ ᱯᱷᱮᱥᱚᱱ ᱠᱮᱯᱤᱴᱟᱞ ᱨᱮᱭᱟᱜ ᱢᱟᱱ ᱨᱮᱭᱟᱜ ᱩᱪᱟᱹᱲ ᱟᱠᱟᱱ ᱛᱟᱦᱮᱸᱠᱟᱱᱟI I
493,दसवीं - 11वीं सदी और 14वीं सदी के बीच की अवधि में इस तरह का माहौल खड़ा हुआ ।,ᱜᱚᱛᱷᱤᱠ ᱥᱮᱭᱞᱤ ᱑᱐ ᱟᱱᱟᱜ - ᱑᱑ ᱟᱱᱟᱜ ᱥᱮᱧᱪᱩᱨᱤ ᱟᱨ ᱑᱔ ᱟᱱᱟᱜ ᱥᱮᱧᱪᱩᱨᱤ ᱛᱟᱞᱟ ᱟᱣᱫᱷᱤ ᱨᱮ ᱪᱚᱨᱚᱢ ᱨᱮ ᱛᱟᱦᱮᱸ ᱠᱟᱱᱟ᱾
494,"शुरू - शुरू में, पूर्वी देशों की बाइज़ेन्टीनी संस्कृति का बहुत बड़ा असर हुआ ।",ᱮᱛᱚᱦᱚᱵ ᱨᱮ ᱯᱩᱨᱩᱵᱽ ᱱᱟᱠᱷᱟ ᱨᱮ ᱦᱚᱨᱚᱜ ᱵᱟᱸᱫᱮ ᱫᱚ ᱵᱟᱹᱲᱛᱤᱠᱟᱛᱮ ᱵᱤᱡᱟᱱᱴᱤᱱ ᱞᱟᱠᱪᱟᱨ ᱠᱷᱚᱱ ᱚᱨᱥᱚᱝ ᱟᱠᱟᱱᱟ᱾
495,"लेकिन, धीमी संचार चैनलों के कारण, पश्‍चिम में स्टाइल २५ से ३० साल बाद रह सकते हैं ।","ᱡᱟᱭᱦᱚ, ᱫᱷᱤᱢᱤ ᱥᱚᱧᱪᱚᱨ ᱪᱮᱱᱟᱞ ᱨᱮᱱᱟᱜ ᱠᱟᱨᱚᱱᱛᱮ, ᱯᱚᱪᱷᱤᱢ ᱨᱮ ᱥᱮᱞᱤᱭᱟ ᱒᱕ ᱠᱷᱚᱱ ᱓᱐ ᱥᱮᱨᱢᱟ ᱯᱟᱹᱪᱷᱞᱟᱹ ᱛᱟᱦᱮᱸ ᱠᱟᱱᱟ᱾"
496,"मध्य युग के पश्‍चिमी यूरोप के अन्त तक, अपनी शैली विकसित करने लगे ।",ᱩᱱ ᱚᱠᱛᱮ ᱨᱮᱱᱟᱜ ᱥᱟᱱᱟᱢ ᱠᱷᱚᱱ ᱢᱟᱨᱟᱝ ᱜᱷᱚᱴᱚᱱ ᱠᱷᱚᱱ ᱢᱤᱫ ᱫᱷᱚᱨᱚᱢ ᱞᱟᱹᱲᱦᱟᱹᱭ ᱨᱮᱱᱟᱜ ᱚᱨᱡᱚ ᱞᱮᱠᱟᱛᱮ ᱦᱚᱲ ᱫᱚ ᱞᱩᱜᱽᱲᱤᱜ ᱠᱚ ᱡᱟᱠᱲᱟᱣ ᱞᱟᱹᱜᱤᱫ ᱵᱚᱴᱚᱢ ᱨᱮᱱᱟᱜ ᱵᱮᱵᱷᱟᱨ ᱮᱛᱚᱦᱚᱵ ᱦᱩᱭ ᱞᱮᱱᱟ᱾
497,खेती - बाड़ी को खेती - बाड़ी कहा जाता है ताकि खेती - बाड़ी करनेवाले और उसके परिवार की ज़रूरतों को पूरा कर सकें ।,ᱱᱤᱨᱣᱟᱦ ᱪᱟᱹᱥᱤ ᱫᱚ ᱩᱱᱠᱩ ᱪᱟᱹᱥᱤ ᱡᱟᱦᱟᱸᱭ ᱥᱩᱢᱩᱝ ᱪᱟᱥ ᱟᱨ ᱩᱱᱠᱩ ᱨᱤᱱ ᱜᱷᱟᱨᱚᱸᱡᱽ ᱠᱚᱣᱟᱜ ᱤᱪᱷᱟ ᱯᱩᱨᱟᱹᱣ ᱞᱟᱹᱜᱤᱫ ᱥᱟᱨᱮᱡ ᱡᱚᱢᱟᱜ ᱞᱟᱹᱜᱤᱫ ᱮ ᱪᱷᱩᱴᱟᱹᱣ ᱠᱚᱜ ᱠᱟᱱᱟ᱾
498,"इसके अलावा, बीज को अच्छी तरह बढ़ने के लिए अलग - अलग किस्म के बीज की पैदावार करनी पड़ती है ।","ᱱᱤᱨᱣᱟᱦ ᱪᱟᱹᱥᱤ ᱢᱤᱫ ᱥᱟᱨᱟᱞ, ᱚᱱᱠᱟ ᱡᱤᱭᱚᱱ ᱯᱨᱚᱱᱟᱞᱤ ᱠᱟᱱᱟ, ᱡᱟᱦᱟᱸ ᱫᱚ ᱟᱨᱡᱟᱣ ᱪᱟᱠᱨᱚ ᱥᱮ ᱮᱴᱟᱜ ᱟᱯᱮᱪᱷᱠᱨᱤᱛ ᱥᱟᱨᱟᱞ ᱢᱟᱥᱤᱱ ᱥᱟᱶ ᱢᱮᱥᱟ ᱠᱟᱛᱮ ᱤᱠᱳᱨᱤᱭᱳᱡᱟᱱ ᱞᱟᱹᱜᱤᱫ ᱥᱚᱦᱚᱡᱽ ᱦᱩᱭ ᱟᱠᱟᱱ ᱡᱟᱝ ᱨᱮᱱᱟᱜ ᱞᱟᱜᱟᱛ ᱠᱟᱱᱟ ᱡᱮᱢᱚᱱ ᱟᱨᱡᱟᱣ ᱠᱚ ᱵᱟᱹᱲᱛᱤ ᱦᱩᱭ ᱫᱟᱲᱮᱭᱟᱜᱼᱟ᱾"
499,ऐतिहासिक रूप से अधिकांश किसान खेती - बाड़ी में लगे हुए थे और यह आज भी अनेक विकासशील देशों में मामला है ।,ᱱᱟᱜᱟᱢ ᱞᱮᱠᱟᱛᱮ ᱫᱚ ᱵᱟᱹᱲᱛᱤ ᱪᱟᱹᱥᱤ ᱦᱚᱲ ᱠᱚ ᱱᱤᱨᱣᱟᱦ ᱪᱟᱹᱥᱤ ᱨᱮ ᱞᱟᱜᱟᱣ ᱠᱚ ᱛᱟᱦᱮᱱ ᱠᱟᱱ ᱛᱟᱦᱮᱱᱟ ᱟᱨ ᱟᱭᱢᱟ ᱵᱤᱠᱟᱥᱤᱞ ᱫᱤᱥᱚᱢ ᱨᱮ ᱱᱤᱛ ᱦᱚᱸ ᱚᱱᱟ ᱢᱮᱱᱟᱜᱼᱟ᱾
500,समाजवादी लोगों की तरह एक साथ लाते हैं जो इतने बुरे स्तरों से लापरवाह महसूस करते हैं और उन्हें पहचान का भाव विकसित करने की अनुमति देते हैं.,"ᱩᱯᱥᱟᱸᱥᱠᱨᱤᱛᱤ ᱠᱚ ᱨᱟᱹᱥᱤᱭᱟᱹ ᱠᱚᱣᱟᱜ ᱵᱚᱭᱚᱥ, ᱡᱟᱛᱤᱭᱛᱟ, ᱦᱟᱹᱴᱤᱧ, ᱴᱷᱟᱶ ᱟᱨ/ ᱥᱮ ᱡᱟᱱᱟᱝ ᱨᱮᱱᱟᱜ ᱠᱟᱨᱚᱱ ᱵᱤᱥᱤᱥᱴ ᱦᱩᱭ ᱫᱟᱲᱮᱭᱟᱜᱼᱟ᱾"
501,"देश - भक्‍ति, जाति - भेद, वर्ग, स्थान और जाति - भेद की वजह से हालात अलग हो सकते हैं ।","ᱪᱟᱸᱜᱟ ᱞᱟᱠᱪᱟᱨ ᱫᱚ ᱨᱟᱹᱥᱤᱭᱟᱹ ᱠᱚᱣᱟᱜ ᱩᱢᱮᱨ,ᱡᱟᱹᱛ, ᱜᱩᱥᱴᱤ, ᱴᱷᱟᱶ ᱟᱨ/ᱥᱮ ᱡᱟᱱᱟᱝ ᱠᱷᱟᱹᱛᱤᱨ ᱛᱮ ᱵᱷᱮᱯᱮᱜᱮᱫ ᱦᱩᱭ ᱫᱟᱲᱮᱭᱟᱜᱼᱟ᱾"
502,"जो गुण अलग - अलग किस्म के होते हैं, वे शायद अलग - अलग भाषाएँ, भाषा, धर्म, राजनैतिक, लैंगिक, फूट, या अलग - अलग किस्म के गुण हों ।","ᱢᱤᱫ ᱪᱟᱸᱜᱟ ᱞᱟᱠᱪᱟᱨ ᱵᱷᱮᱯᱮᱜᱮᱫ ᱞᱮᱠᱟᱛᱮᱭ ᱴᱷᱟᱹᱣᱠᱟᱹ ᱞᱟᱹᱜᱤᱫ ᱯᱟᱹᱱᱟᱹᱨᱥᱤᱭᱟᱹ, ᱮᱥᱛᱷᱮᱴᱤᱠ, ᱫᱷᱚᱨᱚᱢᱤᱭᱟᱹ, ᱨᱟᱡᱽᱟᱹᱨᱤ, ᱡᱟᱝᱟᱱ, ᱚᱛᱱᱚᱠᱤᱭᱟᱹ, ᱟᱨ ᱱᱟᱱᱟᱼᱦᱩᱱᱟᱹᱨ ᱠᱟᱨᱚᱱ ᱨᱮᱭᱟᱜ ᱢᱮᱥᱟᱞ ᱦᱩᱭ ᱫᱟᱲᱮᱭᱟᱜᱼᱟ᱾"
503,"एक समाज के सदस्य अकसर अपनी सदस्यता को शैली के एक विशिष्ट और प्रतीकात्मक प्रयोग के द्वारा संकेत करते हैं, जिसमें फैशन, ढंग, और बनाव - श्रृंगार शामिल हैं ।","ᱢᱤᱫ ᱪᱟᱸᱜᱟ ᱞᱟᱠᱪᱟᱨ ᱨᱮ ᱨᱟᱹᱥᱤᱭᱟᱹ ᱠᱚ ᱜᱷᱟᱱᱮ ᱜᱮ ᱟᱠᱚᱣᱟᱜ ᱨᱟᱹᱥᱤᱭᱟᱹ ᱦᱩᱫᱟᱹ ᱵᱩᱡᱷᱟᱹᱣ ᱚᱪᱚ ᱞᱟᱹᱜᱤᱫ ᱵᱷᱮᱜᱟᱨ ᱥᱤᱜᱽᱱᱟᱞ ᱟᱨ ᱪᱤᱱᱦᱟᱹ ᱠᱚ ᱵᱮᱵᱷᱟᱨᱟ, ᱡᱟᱦᱟᱸ ᱨᱮ ᱯᱷᱮᱥᱟᱱ, ᱞᱟᱭᱼᱞᱟᱠᱪᱟᱨ, ᱟᱨ ᱟᱨᱜᱳᱴ᱾"
504,एक सामान्य तरीक़ा है कि समाजीकरण के महत्त्व को सचित्रित करने के लिए प्रयोग किया जाता है ।,"ᱥᱟᱶᱛᱟᱠᱤᱭᱟᱹ ᱨᱮᱭᱟᱜ ᱢᱚᱦᱚᱛ ᱵᱩᱡᱷᱟᱹᱣ ᱚᱪᱚ ᱞᱟᱹᱜᱤᱫ ᱵᱮᱵᱷᱟᱨᱚᱜ ᱠᱟᱱ ᱥᱟᱫᱷᱟᱨᱚᱱ ᱯᱟᱱᱛᱷᱟ ᱠᱚ ᱢᱩᱸᱫᱽ ᱨᱮ ᱢᱤᱫᱴᱟᱝ ᱫᱚ ᱦᱩᱭᱩᱜ ᱠᱟᱱᱟ ᱜᱤᱫᱽᱨᱟᱹ ᱴᱷᱮᱱ ᱱᱚᱝᱠᱟᱱ ᱜᱷᱚᱴᱚᱱ ᱠᱚ ᱥᱟᱢᱟᱝ ᱥᱚᱫᱚᱨ ᱡᱟᱦᱟᱸ ᱨᱮ, ᱱᱟᱪᱟᱨ, ᱵᱟᱹᱲᱤᱡ ᱢᱚᱞᱚᱝ, ᱥᱮ ᱤᱪᱪᱷᱟᱹ ᱠᱟᱛᱮ ᱵᱟᱹᱲᱤᱡ ᱵᱮᱵᱷᱟᱨ, ᱩᱱᱠᱩ ᱦᱟᱨᱟ ᱨᱟᱠᱟᱵ ᱚᱠᱛᱚ ᱥᱮᱲᱟ ᱦᱚᱲ ᱦᱚᱛᱮᱛᱮ ᱵᱟᱝ ᱥᱟᱶᱛᱟᱠᱤᱭᱟᱹ ᱦᱩᱭ ᱟᱠᱟᱱᱟ᱾"
505,"ऐसे बच्चों को ""फ्लिक"" या जंगली कहा जाता है। कुछ गुप्त बच्चे लोगों द्वारा (आम तौर पर अपने माता-पिता के माता-पिता द्वारा बाध्य किया गया है); कुछ मामलों में इस बच्चे को त्याग देने के कारण माता पिता की कठोर बुद्धि या शारीरिक अपमान के कारण माता-पिता की हत्या हो गई थी।","ᱱᱚᱝᱠᱟᱱ ᱜᱤᱫᱽᱨᱟᱹ ᱠᱚᱫᱚ ""ᱯᱷᱮᱨᱮᱞ"" ᱥᱮ ᱡᱟᱹᱝᱞᱤ ᱠᱚ ᱢᱮᱛᱟ ᱠᱚᱣᱟ᱾ ᱟᱫᱚᱢ ᱯᱷᱮᱨᱮᱞ ᱜᱤᱫᱽᱨᱟᱹ ᱫᱚ ᱦᱚᱲ ᱦᱚᱛᱮᱛᱮ ᱜᱮ ᱠᱚ ᱠᱚᱱᱯᱷᱟᱭᱤᱱ ᱟᱠᱟᱱᱟ (ᱥᱟᱫᱷᱟᱨᱚᱱ ᱫᱚ ᱟᱠᱚᱨᱮᱱ ᱟᱭᱚᱼᱵᱟᱵᱟ); ᱟᱫᱚᱢ ᱢᱟᱢᱞᱟ ᱨᱮ ᱱᱚᱣᱟ ᱜᱤᱫᱽᱨᱟᱹ ᱮᱵᱮᱱᱰᱮᱱᱢᱮᱱᱴ ᱫᱚ ᱮᱸᱜᱟᱛᱼᱟᱯᱟᱛ ᱦᱚᱛᱮᱛᱮ ᱜᱤᱫᱽᱨᱟᱹᱣᱟᱜ ᱜᱟᱹᱦᱤᱨ ᱤᱱᱴᱮᱞᱮᱱᱪᱩᱣᱟᱞ ᱟᱨ ᱯᱷᱤᱡᱤᱠᱟᱞ ᱤᱢᱯᱞᱤᱢᱮᱱᱴ ᱵᱟᱝ ᱢᱟᱱᱟᱣ ᱠᱷᱟᱹᱛᱤᱨ ᱛᱮ ᱦᱩᱭᱟᱠᱟᱱᱟ᱾"
506,"जब बच्चे घर छोड़कर चले जाते हैं या वहाँ से चले जाते हैं, तो उनके साथ बुरा सलूक किया जा सकता है ।",ᱯᱷᱮᱨᱮᱞ ᱜᱤᱫᱽᱨᱟᱹ ᱠᱚ ᱟᱲᱟᱜ ᱥᱮ ᱫᱟᱹᱲ ᱞᱟᱦᱟᱸ ᱨᱮ ᱜᱟᱹᱦᱤᱨ ᱜᱤᱫᱽᱨᱟᱹ ᱱᱟᱦᱟᱪᱟᱨ ᱟᱨ ᱴᱨᱚᱢᱟᱭ ᱟᱹᱭᱠᱟᱹᱣ ᱫᱟᱲᱮᱭᱟᱜᱼᱟ᱾
507,कुछ लोगों का कहना है कि वे जंगली जानवरों में जी रहे हैं ।,ᱮᱴᱟᱜ ᱠᱚ ᱪᱮᱛᱟᱱ ᱨᱮ ᱟᱨᱳᱯ ᱢᱮᱱᱟᱜᱼᱟ ᱡᱮ ᱩᱱᱠᱩ ᱫᱚ ᱡᱟᱱᱣᱟᱨ ᱴᱷᱮᱱ ᱠᱚ ᱦᱟᱨᱟ ᱟᱠᱟᱱᱟ; ᱟᱫᱚᱢ ᱫᱚ ᱵᱤᱨ ᱨᱮ ᱟᱠᱚ ᱛᱮᱠᱚ ᱛᱟᱦᱮᱸᱱᱟ ᱢᱮᱱᱛᱮ ᱞᱟᱹᱭ ᱦᱩᱭᱩᱜᱼᱟ᱾
508,"जब गैर मानव जानवरों द्वारा पूर्ण रूप से लाया जाता है, गुप्त बच्चा व्यवहार प्रदर्शित करता है (पूर्व शारीरिक सीमाएँ) लगभग पूरी तरह से विशेष देखभाल- पशुओं के डर के जैसे है, जैसे कि मनुष्यों के प्रति इसके भय या उदासीनता.","ᱡᱚᱠᱷᱚᱱ ᱯᱩᱨᱟᱹᱯᱩᱨᱤ ᱵᱮᱼᱢᱟᱹᱱᱢᱤ ᱡᱟᱱᱣᱟᱨ ᱦᱚᱛᱮᱛᱮ ᱠᱚ ᱦᱟᱨᱟ ᱨᱟᱠᱟᱵᱟ; ᱩᱱ ᱚᱠᱛᱚ ᱩᱱᱤ ᱯᱷᱮᱨᱮᱞ ᱜᱤᱫᱽᱨᱟᱹ ᱵᱤᱥᱮᱥ ᱠᱟᱭᱛᱮ ᱡᱚᱛᱚᱱᱼᱡᱟᱱᱣᱟᱨ ᱞᱮᱠᱟᱜᱮᱭ ᱵᱮᱵᱷᱟᱨᱟ ᱩᱫᱩᱜᱟ, ᱡᱮᱞᱮᱠᱟ ᱦᱚᱲᱟᱜ ᱵᱚᱛᱚᱨ ᱟᱨ ᱤᱱᱰᱤᱯᱷᱟᱨᱮᱱᱥ᱾"
509,"जबकि सीखने के बारे में आधारित परियोजना को सीखना ज़्यादा आसान और ज़्यादा दिलचस्प बनाने की ज़रूरत है, कवरिंग एक क़दम आगे बढ़ जाता है ।","ᱡᱚᱠᱷᱚᱱ ᱯᱨᱳᱡᱮᱠᱴ ᱞᱮᱠᱟᱱ ᱪᱮᱢᱮᱫ ᱪᱮᱫᱚᱜ-ᱮ ᱟᱞᱜᱟ ᱠᱮᱭᱟ ᱟᱨ ᱡᱟᱹᱥᱛᱤ ᱢᱚᱡᱟᱫᱟᱭᱚᱠ ᱠᱮᱭᱟ, ᱥᱠᱟᱯᱷᱳᱞᱰ ᱫᱚ ᱢᱤᱫ ᱠᱟᱴᱟ ᱛᱟᱭᱚᱢᱚᱜ-ᱟᱭ᱾"
510,"यह सीखने का एक तरीका नहीं है, बल्कि एक ऐसी मदद जो ऐसे व्यक्‍तियों को मदद देती है जो एक नए कंप्यूटर प्रोग्राम का इस्तेमाल करते या नयी परियोजना शुरू करते हैं ।","ᱥᱠᱟᱯᱷᱳᱞᱰ ᱫᱚ ᱪᱮᱫᱚᱜ ᱨᱮᱭᱟᱜ ᱢᱤᱫ ᱢᱮᱛᱷᱚᱰ ᱫᱚ ᱵᱟᱝ ᱠᱟᱱᱟ, ᱢᱮᱱᱠᱷᱟᱱ ᱡᱟᱦᱟᱸᱭ ᱠᱚ ᱱᱟᱶᱟ ᱯᱨᱳᱡᱮᱠᱴ ᱠᱚ ᱮᱦᱚᱵᱮᱜ-ᱟ ᱟᱨᱵᱟᱝ ᱱᱟᱶᱟ ᱠᱚᱢᱯᱭᱩᱴᱚᱨ ᱯᱨᱳᱜᱽᱨᱟᱢ ᱠᱚ ᱪᱮᱫᱚᱜ ᱠᱟᱱᱟ ᱩᱱᱠᱩ ᱠᱚ ᱱᱟᱶᱟ ᱪᱮᱫᱚᱜ ᱮᱠᱥᱯᱮᱨᱤᱭᱟᱱᱥ ᱠᱚᱭ ᱮᱢᱟ ᱠᱚᱣᱟ ᱟᱨ ᱢᱤᱫ ᱮᱰ ᱞᱮᱠᱟᱛᱮ ᱤᱱᱰᱤᱵᱷᱤᱡᱩᱣᱟᱞ ᱜᱚᱲᱚᱭ ᱮᱢᱟᱠᱚᱣᱟ᱾"
511,"दूसरी बातों में, शिक्षक का एक रूप है, लेकिन इसलिए यह Microsoft कार्यालय में छोटे कागजी आदमी है ।","ᱥᱠᱟᱯᱷᱳᱞᱰ ᱫᱚ ᱵᱟᱱᱟᱨ ᱵᱷᱚᱨᱪᱩᱣᱟᱞ ᱟᱨ ᱥᱟᱹᱨᱤ ᱦᱚᱸ ᱦᱩᱭ ᱫᱟᱲᱮᱭᱟᱜ-ᱟ, ᱮᱴᱟᱜ ᱢᱮᱱᱮᱛ ᱛᱮ, ᱢᱤᱫ ᱢᱟᱪᱮᱛ ᱫᱚ ᱥᱠᱟᱯᱷᱳᱞᱰ ᱨᱤᱱᱤᱡ ᱢᱤᱫ ᱯᱷᱚᱨᱢ ᱠᱟᱱᱟᱭ ᱢᱮᱱᱠᱷᱟᱱ ᱢᱟᱭᱠᱨᱳᱥᱚᱯᱷᱴ ᱚᱯᱷᱤᱥ ᱨᱮᱭᱟᱜ ᱠᱟᱹᱴᱤᱡ ᱯᱮᱯᱚᱨᱠᱞᱤᱯ ᱦᱚᱸ᱾"
512,"जब बच्चे बड़े हो जाते हैं, तो वे एक - दूसरे से बात करने लगते हैं ।","ᱵᱷᱚᱨᱪᱩᱣᱟᱞ ᱥᱠᱟᱯᱷᱳᱞᱰ ᱫᱚ ᱥᱚᱯᱷᱴᱣᱮᱨ ᱨᱮ ᱵᱷᱤᱛᱨᱤ ᱠᱟᱱᱟ ᱟᱨ ᱠᱩᱠᱞᱤ, ᱯᱨᱳᱢᱴ ᱢᱮᱱᱮᱛ ᱛᱮ ᱟᱨ ᱪᱮᱛᱮᱫᱤᱭᱟᱹ ᱠᱚ ᱮᱠᱞᱟ ᱚᱠᱟᱞᱮᱠᱟ ᱠᱚ ᱯᱚᱨᱤᱪᱟᱞᱚᱱ ᱮᱫᱟ ᱚᱱᱟ ᱪᱟᱞᱮᱸᱡᱽ ᱦᱩᱭ ᱵᱟᱹᱲᱤᱡ ᱠᱚᱜ-ᱟ᱾"
513,"बच्चों को अनेक विभिन्‍न कारणों की देखरेख में रखा जाता है जो लापरवाही, दुर्व्यवहार, और यहाँ तक कि पुलिस के लिए भी होते हैं ।",ᱜᱤᱫᱽᱨᱟᱹ ᱠᱚᱣᱟᱜ ᱯᱟᱞᱚᱱ ᱯᱚᱥᱚᱬ ᱧᱮᱞ ᱵᱟᱲᱟ ᱞᱟᱹᱜᱤᱫ ᱟᱭᱢᱟ ᱠᱟᱨᱚᱬ ᱞᱟᱹᱜᱤᱫ ᱫᱚᱦᱚᱜ ᱠᱟᱱᱟ‌ ᱡᱟᱦᱟᱸ ᱫᱚ ᱦᱮᱲᱟ ᱠᱷᱚᱱ ᱤᱫᱤᱭᱟᱛᱮ ᱵᱟᱹᱲᱤᱡ ᱵᱮᱵᱷᱟᱨ ᱟᱨ ᱡᱚᱵᱚᱨ ᱵᱟᱹᱥᱩᱞ ᱦᱚᱸ᱾
514,"बच्चों को कभी ऐसे माहौल में पले - बढ़े नहीं होना चाहिए, जहाँ उन्हें कसरत, परवाह और शिक्षा नहीं करनी चाहिए ।","ᱚᱠᱚᱭ ᱜᱤᱫᱽᱨᱟᱹ ᱦᱚ ᱸ ᱱᱚᱠᱟ ᱥᱟᱪᱟᱨᱦᱮ ᱨᱨᱮ ᱵᱟᱝ ᱦᱟᱨᱟᱜ ᱞᱟᱹᱠᱛᱤ ᱡᱟᱦᱟᱸ ᱫᱚ ᱯᱚᱥᱚᱬ, ᱧᱮᱞᱠᱚ ᱟᱨ ᱥᱮᱪᱮᱫ ᱵᱟᱭ ᱧᱟᱢᱮᱫᱼᱟ, ᱢᱮᱱᱠᱷᱟᱱ ᱩᱱᱠᱩ ᱠᱚᱨᱟᱣ ᱜᱮᱭᱟ ᱠᱚ᱾"
515,हम इन बच्चों के लिए एक सुरक्षा क्षेत्र होने के लिए फॉस्टर परवाह प्रणाली को देखते हैं ।,ᱟᱞᱮ ᱯᱟᱞᱚᱠ ᱧᱮᱞ ᱯᱨᱚᱬᱟᱞᱤ ᱫᱚ ᱱᱩᱠᱩ ᱜᱤᱫᱽᱨᱟᱹ ᱠᱚ ᱞᱟᱹᱜᱤᱫ ᱢᱤᱫᱴᱟᱹᱝ ᱨᱩᱠᱷᱤᱭᱟᱹ ᱡᱟᱭᱜᱟ ᱞᱮᱠᱟᱛᱮ ᱧᱮᱠᱮᱫᱟ ᱞᱮ᱾
516,"हमारी देखभाल की व्यवस्था को सुरक्षित घर, प्रेममय देखरेख, स्थिर शिक्षा, और विश्‍वसनीय स्वास्थ्य देखभाल प्रदान करने के लिए माना जाता है ।","ᱟᱞᱮᱭᱟᱜ ᱯᱟᱞᱚᱠ ᱧᱮᱞ ᱯᱨᱚᱬᱟᱞᱤ ᱨᱩᱠᱷᱤᱭᱟᱹ ᱚᱲᱟᱜ, ᱠᱩᱥᱤ ᱠᱚᱨᱟᱣ ᱠᱩᱜ, ᱥᱛᱷᱤᱨ ᱥᱤᱠᱷᱱᱚᱛ ᱟᱨ ᱯᱟᱹᱛᱤᱣᱟᱹᱜ ᱱᱤᱯᱷᱩᱴ ᱧᱮᱧᱮᱞ ᱠᱚ ᱮᱢᱚᱜ ᱠᱟᱱᱟᱭ᱾"
517,उन्हें पहले से ही घर से निकाल दिया गया था ।,ᱯᱟᱞᱚᱱ ᱯᱚᱥᱚᱱ ᱧᱮᱞ-ᱡᱚᱛᱚᱱ ᱠᱷᱚᱱ ᱚᱱᱟ ᱡᱷᱚᱛᱚ ᱡᱟᱹᱨᱩᱲᱟᱱᱟᱜ ᱠᱚ ᱡᱚᱜᱟᱣ ᱞᱟᱹᱠᱛᱤ ᱡᱟᱦᱟᱸᱭᱠᱚ ᱚᱱᱟ ᱚᱲᱟᱜ ᱨᱮ ᱵᱟᱠᱚ ᱧᱟᱢ ᱮᱫ ᱛᱟᱦᱮᱸᱱI
518,इंटरनॆट दोनों जन संचार के तत्वों को जोड़ता है ।,ᱤᱱᱴᱚᱨᱱᱮᱴ ᱵᱟᱱᱟᱨ ᱫᱤᱥᱣᱟᱹᱠᱚ ᱟᱨ ᱯᱚᱨᱚᱢᱯᱚᱨᱟ ᱥᱚᱧᱪᱟᱨ ᱨᱮᱭᱟᱜ ᱛᱮᱛᱮᱫ ᱠᱚᱭ ᱡᱚᱲᱟᱣᱮᱫ ᱠᱟᱱᱟI
519,इंटरनॆट की अलग - अलग खासियतों से पता चलता है कि इससे हमें और भी कई फायदे होते हैं ।,ᱤᱱᱴᱚᱨᱱᱮᱴ ᱨᱮᱭᱟᱜ ᱟᱞᱟᱜᱽ ᱠᱟᱹᱢᱤ ᱜᱩᱱᱠᱚ ᱵᱮᱵᱷᱟᱨ ᱞᱟᱜᱟᱣ ᱨᱮᱭᱟᱜ ᱵᱟᱹᱲᱛᱤ ᱫᱨᱩᱥᱴᱤᱠᱚᱬ ᱴᱚᱴᱷᱟ ᱯᱟᱥᱱᱟᱣ ᱨᱮ ᱟᱨ  ᱟᱯᱨᱚᱪ᱾
520,"उदाहरण के लिए, "" सीखते"" और ""विद्वत्ता"" को इंटरनेट प्रयोग के लिए महत्वपूर्ण प्रेरणा के रूप में सुझाव दिया जाता है (JACes ENER, १९९५).","ᱫᱟᱹᱠᱟᱹ ᱞᱮᱠᱟᱛᱮ, ” ᱪᱮᱫᱚᱜ ᱟᱨ “ᱥᱟᱣᱛᱟᱨᱤᱭᱟᱹᱭ""ᱫᱚ ᱤᱸᱴᱨᱱᱮᱴ ᱨᱮᱭᱟᱜ ᱵᱮᱵᱷᱟᱨ ᱞᱟᱹᱜᱤᱫ ᱢᱚᱨᱢᱚᱣᱟᱱᱟᱜ ᱩᱫᱽᱜᱟᱹᱣ ᱞᱮᱠᱟᱛᱮ ᱥᱚᱞᱦᱟ ᱮᱢ ᱟᱠᱟᱫᱟᱭ (ᱡᱮᱢᱥ ᱮᱴ ᱟᱞ., ᱑᱙᱙᱕)᱾"
521,"""निजी साझेदारी"" और“ निजी रूप से संबंधित सम्बन्धों"" की भी पहचान इग्नी और Mriy * द्वारा नए प्रेरणा के रूप में की गई जब वे वेबसाइटों के लिए प्रतिक्रियाओं की जाँच करते हैं.","“ᱱᱤᱡᱚᱨᱟᱜ ᱥᱮᱞᱮᱫᱚᱜ” ᱟᱨ “ᱞᱮᱛᱟᱲ ᱡᱚᱜᱟᱡᱳᱜᱽ” ᱫᱚ ᱮᱜᱽᱵᱷᱤ ᱟᱨ ᱢᱟᱠᱠᱚᱨᱰ (᱑᱙᱙᱘) ᱦᱚᱛᱮᱛᱮ ᱱᱟᱶᱟ ᱯᱨᱮᱨᱬᱟ ᱞᱮᱠᱟᱛᱮ ᱪᱤᱱᱦᱟᱹᱣ ᱮᱱᱟ, ᱡᱚᱠᱷᱚᱱ ᱩᱱᱠᱩ ᱣᱮᱵᱽᱥᱟᱭᱴ ᱨᱮ ᱫᱚᱨᱥᱚᱠ ᱠᱚᱣᱟᱜ ᱯᱨᱚᱛᱤᱠᱨᱤᱭᱟ ᱠᱚ ᱡᱟᱸᱪ ᱠᱮᱜᱼᱟ‌᱾"
522,"वीडियो रिकॉर्ड के प्रयोग ने माइक्रोस्कोप, चेहरे की गति के व्याख्या में महत्वपूर्ण खोजों का नेतृत्व किया है जो कि कुछ मिली जुली.","ᱣᱤᱰᱤᱭᱚ ᱨᱮᱠᱚᱰᱤᱝ ᱨᱮᱭᱟᱜ ᱵᱮᱵᱷᱟᱨ ᱫᱚ ᱥᱩᱠᱷᱭᱚᱢ ᱚᱵᱷᱤᱵᱤᱭᱚᱠᱛᱤ, ᱪᱮᱦᱨᱟ ᱨᱮᱭᱟᱜ ᱜᱚᱛᱤᱵᱤᱫᱷᱤ ᱨᱮᱭᱟᱜ ᱵᱮᱠᱷᱭᱟ ᱨᱮ ᱡᱟᱹᱨᱩᱲ ᱯᱟᱱᱛᱮ ᱠᱚ ᱡᱟᱱᱟᱢ ᱮᱢᱟᱫᱼᱟᱭ ᱡᱟᱦᱟᱸᱭ ᱫᱚ ᱛᱤᱱᱟᱹᱝ ᱢᱤᱞᱤᱥᱮᱠᱮᱸᱰ ᱫᱷᱟᱹᱵᱤᱡ ᱪᱟᱞᱟᱜᱼᱟ᱾"
523,"विशेष रूप से, यह दावा किया जाता है कि एक व्यक्‍ति पता लगा सकता है कि क्या एक व्यक्ति माइक्रोस्कोप से झूठ बोल रहा है या नहीं.","ᱵᱤᱥᱮᱥ ᱨᱩᱯ ᱛᱮ, ᱱᱟᱶᱟ ᱫᱟᱣᱟ ᱜᱮᱭᱟ ᱡᱮ ᱡᱟᱦᱟᱸᱭ ᱦᱚᱲ ᱥᱩᱠᱥᱚᱢ ᱚᱵᱷᱤᱵᱤᱭᱚᱠᱛᱤ ᱨᱮᱭᱟᱜ ᱴᱷᱤᱠ ᱵᱮᱠᱷᱭᱟ ᱠᱟᱨᱟᱣ ᱠᱟᱛᱮ ᱱᱟᱶᱟ ᱯᱟᱱᱛᱮ ᱫᱟᱲᱮᱭᱟᱜᱼᱟᱭ ᱡᱮ ᱡᱟᱦᱟᱸ ᱦᱚᱲ ᱥᱟᱹᱨᱤ ᱞᱟᱹᱭ ᱟᱭ ᱥᱮ ᱵᱟᱝᱟ᱾"
524,"अपने कागज में, राष्ट्रपति की भाषण में Merks, संकेत किया कि जो लोग बोल नहीं पा रहे हैं उनके दिमाग की क्षति के कारण फिर भी ईमानदारी से जांच कर रहे हैं।","ᱚᱞᱤᱵᱷᱚᱨ ᱥᱟᱠᱥ ᱫᱚ ᱟᱡᱟᱜ ᱯᱮᱯᱚᱨ ᱫᱤ ᱯᱨᱮᱥᱤᱰᱮᱸᱴᱥ ᱥᱯᱤᱪ ᱨᱮ ᱥᱚᱝᱠᱮᱛ ᱮᱢ ᱞᱮᱫ-ᱟᱭ ᱡᱮ ᱡᱟᱦᱟᱸᱭ ᱦᱚᱲ ᱵᱷᱮᱡᱟ ᱠᱷᱟᱨᱟᱯ ᱠᱟᱨᱚᱱ ᱛᱮ ᱵᱷᱟᱥᱚᱬ ᱵᱩᱡᱷᱟᱹᱣ ᱵᱟᱠᱚ ᱫᱟᱲᱮᱭᱟᱜ ᱠᱟᱱᱟ, ᱩᱱᱠᱩ ᱮᱱᱨᱮᱦᱚᱸ ᱤᱢᱟᱱᱫᱟᱨᱤ ᱨᱮᱭᱟᱜ ᱴᱷᱤᱠ ᱟᱠᱚᱞᱚᱱ ᱠᱚ ᱞᱟᱜᱟᱣ ᱫᱟᱲᱮᱭᱟᱜᱼᱟI"
525,यहाँ तक कि वह यह भी कहता है कि मानवी व्यवहार को समझाने की ऐसी क्षमताओं को घरेलू कुत्तों जैसे जानवरों में बाँटा जा सकता है ।,ᱩᱱᱠᱩ ᱱᱚᱶᱟ ᱦᱚᱸ ᱥᱩᱡᱷᱟᱹᱣ ᱠᱚ ᱮᱢ ᱠᱮᱜ-ᱟ ᱡᱮ ᱢᱟᱹᱱᱢᱤ ᱨᱮᱭᱟᱜ ᱵᱮᱵᱷᱟᱨ ᱠᱚᱨᱟᱣ ᱨᱮ ᱱᱚᱠᱟ ᱠᱷᱭᱚᱢᱛᱟ ᱜᱷᱟᱨᱚᱧᱡᱽ ᱥᱮᱛᱟ ᱡᱮᱞᱠᱟ ᱡᱤᱣ ᱛᱮ ᱥᱟᱡᱷᱟ ᱜᱟᱱᱚᱜ ᱜᱮᱭᱟ᱾
526,बीसवीं सदी के शोध ने दिखाया है कि आनुवंशिक परिवर्तनों के दो पूले हैं: गुप्त और व्यक्‍त किया गया है ।,ᱵᱟᱨᱜᱮᱞ ᱥᱮᱧᱪᱩᱨᱤ ᱨᱮᱭᱟᱜ ᱠᱦᱚᱸᱫᱽᱨᱚᱝ ᱛᱮ ᱵᱩᱡᱷᱟᱹᱣᱜ ᱠᱟᱱᱟ ᱡᱮ ᱡᱮᱱᱮᱴᱤᱠ ᱣᱮᱨᱤᱭᱮᱥᱚᱱ ᱨᱮᱭᱟᱜ ᱵᱟᱨᱭᱟ ᱯᱩᱞ ᱢᱮᱱᱟᱜᱼᱟ: ᱩᱠᱩ ᱟᱨ ᱯᱟᱥᱱᱟᱣᱟᱜ᱾
527,"Mution नई आनुवंशिक परिवर्तनों को जोड़ता है, और चयन इसे व्यक्‍त किए गए परिवर्तनों के पूल से हटा देता है.","ᱢᱤᱭᱩᱴᱮᱥᱚᱱ ᱱᱟᱶᱟ ᱡᱮᱱᱮᱴᱤᱠ ᱣᱮᱨᱤᱮᱥᱚᱱ ᱮ ᱟᱹᱜᱩᱭᱟᱭ, ᱟᱨ ᱵᱟᱪᱷᱟᱣ ᱫᱚ ᱯᱟᱥᱱᱟᱣᱟᱜ ᱣᱮᱨᱤᱮᱥᱚᱱ ᱨᱮᱭᱟᱜ ᱯᱩᱞ ᱠᱷᱚᱱ ᱚᱪᱚᱜᱟᱭ᱾"
528,प्रत्येक पीढ़ी के साथ दो पूलों के बीच का अंतर तथा रीग्रेसन और रीग्रेसन परिवर्तन.,ᱡᱷᱚᱛᱚ ᱯᱤᱰᱷᱤ ᱥᱟᱶ ᱵᱟᱨᱭᱟ ᱯᱩᱞ ᱛᱟᱞᱟ ᱨᱮ ᱥᱮᱜᱽᱨᱮᱜᱮᱥᱚᱱ ᱟᱨ ᱨᱤᱠᱚᱢᱵᱤᱱᱮᱥᱚᱱ ᱯᱷᱮᱨ ᱵᱚᱫᱚᱞ ᱚᱰᱚᱠᱚᱜᱼᱟ᱾
529,"बाहर बाहर, यह एक मूल प्रणाली के लिए मुश्किल है कि मानव की तरह एक तंत्रिका प्रणाली के लिए उपलब्ध पौधे संसाधनों से अपनी Photocentid आवश्यकताओं को संतुष्ट करने के लिए।","ᱥᱟᱣᱱᱟ ᱠᱷᱚᱱ ᱵᱟᱦᱨᱮ, ᱦᱚᱲ ᱞᱮᱠᱟ ᱜᱮ ᱯᱚᱪᱚᱱ ᱛᱚᱸᱛᱨᱚ ᱟᱱᱟᱜ ᱯᱨᱟᱤᱢᱮᱴ ᱞᱟᱹᱜᱤᱫ ᱛᱮ ᱢᱮᱱᱟᱜ ᱫᱟᱨᱮ~ᱫᱟᱨᱮ ᱨᱮᱱᱟᱜ ᱥᱚᱸᱥᱟᱫᱷᱟᱱ ᱠᱷᱚᱱ ᱟᱡᱟᱜ ᱟᱢᱤᱱᱚ - ᱮᱥᱤᱰ ᱞᱟᱠᱛᱤᱭᱟᱜ ᱠᱚ ᱮᱴᱠᱮᱴᱚᱬᱮ ᱢᱮᱱᱟᱜᱼᱟ᱾"
530,"इसके अतिरिक्‍त, ऐसा करने से गंभीर परिणाम होते हैं: हताशा, कुपोषण, और आख़िरकार मृत्यु ।","ᱱᱚᱣᱟ ᱠᱷᱚᱱ ᱵᱟᱹᱲᱛᱤ, ᱱᱚᱝᱠᱟ ᱠᱚᱨᱟᱣ ᱨᱮ ᱵᱮᱨᱛᱷᱟ ᱨᱮᱱᱟᱝ ᱜᱟᱹᱦᱤᱸᱨ ᱚᱨᱥᱚᱝ ᱛᱟᱦᱮᱸᱱ ᱠᱟᱱᱟ ᱺ ᱵᱤᱠᱟᱥ ᱚᱵᱽᱥᱟᱫ, ᱠᱩᱯᱚᱥᱚᱱ ᱟᱨ ᱢᱩᱪᱟᱹᱫ ᱨᱮ ᱜᱩᱡᱩᱜI"
531,"लेकिन ये प्रोटीन हमारे लिए तब तक मुश्‍किल होते हैं, जब तक कि उन्हें पका नहीं जाता ।","ᱟᱹᱰᱤ ᱟᱞᱜᱟ ᱛᱮ ᱧᱟᱢᱚᱜ ᱫᱟᱨᱮ ᱨᱮᱭᱟᱜ ᱥᱚᱸᱥᱟᱫᱷᱚᱱ ᱥᱟᱠᱟᱢ ᱠᱚ ᱟᱨ ᱞᱮᱢᱵᱩ ᱠᱚᱨᱮ ᱛᱟᱦᱮᱸᱱ ᱯᱨᱚᱴᱤᱱ ᱠᱟᱱᱟ, ᱢᱮᱱᱠᱷᱟᱱ ᱟᱵᱚ ᱞᱮᱠᱟᱱ ᱯᱨᱟᱭᱢᱮᱴ ᱞᱟᱹᱜᱤᱫ ᱛᱮ ᱱᱚᱣᱟᱠᱚ ᱩᱱ ᱦᱟᱹᱰᱤᱡ ᱦᱚᱡᱚᱢ ᱢᱩᱥᱠᱤᱞᱚᱜᱼᱟ ᱡᱚᱠᱷᱚᱱ ᱵᱟᱢ ᱤᱥᱤᱱ ᱠᱮᱭᱟI"
532,"इसके विपरीत, जानवर के भोजन (अण्डों, अंडे) न सिर्फ आसानी से ऑक्सीजन नहीं होते, बल्कि वे उच्च रक्‍तीय प्रोटीन प्रदान करते हैं जिसमें सभी अनिवार्य प्रोटीन होते हैं ।","ᱱᱚᱶᱟ ᱠᱷᱚᱱ ᱩᱞᱴᱟ, ᱡᱟᱱᱣᱟᱨ ᱡᱚᱢᱟᱜ ᱡᱤᱱᱤᱥ (ᱢᱩᱡ ᱠᱚ, ᱱᱤᱸᱫᱤᱨ ᱠᱚ, ᱵᱤᱞᱤ) ᱵᱟᱝ ᱠᱟᱛᱮ ᱥᱩᱢᱩᱝ ᱟᱞᱜᱟ ᱛᱮ ᱯᱟᱪᱟᱣ ᱡᱷᱚᱜ ᱛᱟᱦᱮᱱ ᱠᱟᱱᱟ, ᱢᱮᱱᱠᱷᱟᱱ ᱚᱱᱟ ᱡᱟᱹᱥᱛᱤ ᱢᱟᱛᱨᱟ ᱨᱮ ᱯᱨᱚᱴᱤᱱ ᱮᱢᱚᱜᱚᱜ ᱠᱟᱱᱟᱭ ᱡᱟᱦᱟᱸ ᱫᱚ ᱡᱚᱛᱚ ᱞᱟᱠᱛᱤᱭᱟᱱ ᱟᱢᱤᱱᱚ ᱮᱥᱤᱰ ᱛᱟᱦᱮᱱ ᱠᱟᱱᱟ᱾"
533,"सभी बातों पर विचार किया है, हम चकित नहीं होना चाहिए अगर हमारे अपने पूर्वजों ने उनकी ""संयोग समस्या का समाधान किया"" कुछ ही तरह से कि आज Scraps पर ऊर्जा.","ᱡᱚᱛᱚ ᱞᱮᱠᱟᱱᱟᱜ ᱠᱟᱛᱷᱟ ᱵᱤᱪᱟᱹᱨ ᱦᱩᱭᱩᱜ ᱫᱚᱨᱠᱟᱨ, ᱠᱷᱟᱱ ᱟᱞᱮ ᱦᱟᱦᱟᱲᱟ ᱵᱟᱝ ᱞᱮ ᱫᱚᱨᱠᱟᱨᱚᱜᱼᱟ ᱡᱩᱫᱤ ᱟᱵᱚᱨᱤᱱ ᱦᱟᱯᱲᱟᱢᱠᱚ ᱟᱠᱚᱣᱟᱜ ""ᱯᱨᱚᱴᱤᱱ ᱟᱱᱟᱴ"" ᱠᱚ ᱠᱤᱪᱷᱩᱜᱟᱱ ᱠᱚ ᱚᱱᱟ ᱞᱮᱠᱟᱛᱮ ᱥᱚᱞᱦᱮ ᱞᱮᱫᱟ ᱡᱮᱞᱮᱠᱟ ᱛᱮᱦᱮᱧ ᱥᱟᱵᱷᱟᱱᱱᱟ ᱨᱮ ᱥᱤᱢᱯᱟᱱᱡᱤ ᱠᱚ ᱠᱚᱨᱟᱣ ᱮᱫᱟI"
534,"नींद के दौरान नींद लेना, नींद लेना और थोड़ी देर के लिए सो जाना (1060 मिनट) ।",ᱡᱟᱹᱯᱤᱫ ᱨᱮ ᱮᱴᱠᱮᱴᱚᱬᱮ ᱟᱢᱟᱜ ᱥᱟᱫᱷᱟᱨᱟᱱ ᱡᱟᱹᱯᱤᱫ ᱜᱷᱟᱹᱲᱤᱡ ᱨᱮᱱᱟᱝ ᱚᱠᱛᱮ ᱩᱫᱮᱥᱯᱩᱨᱱ ᱨᱩᱯᱛᱮ ᱵᱮᱨᱮᱫ ᱠᱟᱛᱮ ᱟᱨ ᱠᱟᱹᱴᱤᱡ ᱚᱠᱛᱚ ᱛᱟᱭᱚᱢ (᱑᱐-᱖᱐ ᱴᱤᱲᱤᱡ) ᱡᱟᱹᱯᱤᱫ ᱨᱮᱱᱟᱜ ᱯᱟᱨᱤᱠᱨᱤᱭᱟ ᱢᱮᱱᱟᱜᱼᱟ᱾
535,ऐसा आसानी से किया जा सकता है ।,ᱱᱚᱣᱟ ᱟᱢ ᱯᱩᱨᱟᱹ ᱵᱮᱨᱮᱫ ᱚᱪᱚ ᱵᱟᱝ ᱠᱟᱛᱮ ᱟᱢ ᱵᱷᱟᱹᱜᱤ ᱥᱟ:ᱦᱤᱡ ᱪᱮᱛᱱᱟ ᱨᱮ ᱟᱹᱜᱩ ᱞᱟᱹᱜᱤᱫ ᱥᱚᱨᱮᱥ ᱥᱟᱹᱱᱛᱤ ᱟᱞᱟᱨᱟᱢ ᱜᱷᱩᱲᱤ ᱨᱮᱱᱟᱜ ᱵᱮᱵᱷᱟᱨ ᱥᱟᱶᱛᱮ ᱟᱞᱜᱟ ᱛᱮ ᱠᱚᱨᱟᱣ ᱫᱟᱲᱮᱭᱟᱜᱼᱟI
536,"अगर आपको लगता है कि आप रात को नींद में सो रहे हैं, तो यह कमरे की दूसरी तरफ रखा जा सकता है ।","ᱡᱩᱫᱤ ᱟᱢ ᱟᱢᱟᱜ ᱡᱟᱹᱯᱤᱫ ᱨᱮ ᱜᱷᱟᱹᱲᱤ ᱨᱤᱥᱮᱴ ᱠᱚᱨᱟᱣ ᱛᱩᱞᱩᱡ ᱧᱟᱢ ᱮᱫᱟ, ᱠᱷᱟᱱ ᱱᱚᱣᱟ ᱠᱟᱸᱫᱷᱟ ᱨᱮᱱᱟᱜ ᱫᱚᱥᱟᱨ ᱯᱟᱦᱴᱟ ᱫᱚᱦᱚ ᱫᱟᱲᱮᱭᱟᱜᱼᱟᱢ, ᱡᱟᱦᱟᱸ ᱫᱚ ᱟᱢ ᱱᱚᱣᱟ ᱵᱚᱱᱫᱚ ᱞᱟᱹᱜᱤᱫ ᱛᱮ ᱚᱲᱟᱜ ᱠᱷᱚᱱ ᱵᱟᱦᱨᱮ ᱚᱰᱚᱠ ᱫᱟᱲᱮᱭᱟᱜᱼᱟᱢ᱾"
537,अन्य जीवविज्ञानीय विकल्पों में शराब का बहुत सारा पानी (प्रचलित पानी या चाय) शामिल है जो नींद से पहले जाना जाता है ।,"ᱮᱴᱟᱜ ᱵᱟᱭᱚᱨᱤᱫᱚᱢ ᱼ ᱟᱫᱷᱟᱨᱤᱛ ᱵᱤᱠᱚᱞᱯ ᱨᱮ ᱡᱟᱹᱯᱤᱫ ᱠᱷᱚᱱ ᱢᱟᱬᱟᱝ ᱟᱹᱰᱤᱜᱟᱱ ᱛᱚᱨᱚᱞ ᱯᱚᱫᱟᱨᱛᱷ (ᱵᱤᱥᱮᱥ ᱨᱩᱯᱛᱮ ᱫᱟᱜ ᱟᱨᱵᱟᱝ ᱪᱟᱭ, ᱢᱤᱫᱴᱟᱝ ᱵᱟᱰᱟᱭ ᱟᱱᱟᱜ ᱢᱩᱛᱨᱟᱣᱟᱨᱫᱷᱚᱠ) ᱧᱩᱭ ᱥᱮᱞᱮᱫ ᱢᱮᱱᱟᱜᱼᱟ, ᱡᱟᱦᱟᱸ ᱫᱚ ᱦᱚᱲ ᱠᱚ ᱨᱟᱪᱟ ᱠᱚᱨᱟᱣ ᱞᱟᱹᱜᱤᱫ ᱵᱚᱲᱦᱮ ᱦᱩᱭᱩᱜᱚᱜ ᱠᱟᱱᱟ ᱠᱚI"
538,मन की शांति की मात्रा एक व्यक्‍ति के शरीर और आत्मा में तनाव की मात्रा से बिलकुल विपरीत है ।,ᱢᱤᱫᱴᱟᱝ ᱦᱚᱲᱟᱜ ᱨᱮᱱᱟᱝ ᱚᱱᱛᱚᱨ ᱥᱟᱸᱛᱤ ᱨᱮᱱᱟᱝ ᱢᱟᱛᱨᱟ ᱩᱱᱤᱭᱟᱜ ᱦᱚᱲᱢᱚ ᱟᱨ ᱟᱛᱢᱟ ᱨᱮ ᱛᱟᱱᱟᱣ ᱨᱮᱱᱟᱝ ᱢᱟᱛᱨᱟ ᱩᱞᱴᱟ ᱥᱟᱹᱜᱟᱹᱭ ᱫᱚᱦᱚᱭᱮᱫᱼᱟ᱾
539,हर व्यक्‍ति के पास पूर्ण शान्ति और संतोष प्राप्त करने की क्षमता है ।,"ᱪᱤᱱᱛᱟᱹ ᱡᱟᱦᱟᱸ ᱛᱤᱱᱟᱹᱜ ᱠᱚᱢ ᱛᱟᱦᱮᱸᱱᱟ, ᱡᱤᱭᱚᱱ ᱫᱟᱲᱮ ᱩᱱᱟᱹᱜ ᱜᱮ ᱱᱟᱯᱟᱭᱚᱜᱼᱟ᱾ ᱡᱚᱛᱚ ᱦᱚᱲᱟᱜ ᱨᱮ ᱯᱩᱨᱟᱹ ᱥᱟᱹᱱᱛᱤ ᱟᱨ ᱥᱚᱱᱛᱚᱥᱴᱤ ᱧᱟᱢ ᱨᱮ ᱫᱟᱲᱮ ᱢᱮᱱᱟᱜᱼᱟI"
540,हर कोई ज्ञान प्राप्त कर सकता है ।,"ᱡᱷᱚᱛᱚ ᱦᱚᱲ ᱱᱤᱡᱚᱨ ᱟᱹᱠᱤᱞ ᱵᱚᱱ ᱦᱟᱢᱮᱴ ᱫᱟᱲᱮᱭᱟᱜᱼᱟ᱾ ᱱᱚᱶᱟ ᱡᱚᱥ ᱟᱱᱟᱜ ᱰᱟᱦᱟᱨ ᱨᱮ ᱥᱩᱢᱩᱝ ᱢᱤᱫ ᱡᱤᱱᱤᱥ ᱛᱤᱸᱜᱩ ᱢᱮᱱᱟᱜᱼᱟ, ᱚᱱᱟ ᱫᱚ ᱟᱵᱚᱣᱟᱜ ᱠᱚ ᱱᱤᱡᱮᱨᱟᱜ ᱠᱚᱥᱴᱚ ᱟᱨ ᱵᱟᱹᱲᱤᱡᱟᱼᱜ᱾"
541,बौद्ध बौद्ध धर्म बौद्ध धर्म की शिक्षाओं पर आधारित है ।,"ᱛᱤᱵᱽᱵᱚᱛᱤ ᱵᱚᱫᱷ ᱫᱷᱚᱨᱚᱢ ᱵᱩᱫᱷᱚ ᱟᱜ ᱥᱮᱠᱱᱟᱹᱛ ᱨᱮ ᱚᱨᱟᱢ ᱢᱮᱱᱟᱜ ᱟᱠᱟᱫᱼᱟ, ᱢᱮᱱᱠᱷᱟᱱ ᱫᱩᱞᱟᱹᱲ ᱨᱮᱱᱟᱝ ᱢᱟᱦᱟᱭᱟᱱ ᱰᱟᱦᱟᱨ ᱟᱨ ᱥᱤᱧᱚᱛᱤᱭᱟ ᱭᱚᱜᱟ ᱨᱮᱱᱟᱜ ᱟᱹᱰᱤᱜᱟᱱ ᱦᱩᱱᱟᱹᱨ ᱫᱟᱨᱟᱭ ᱛᱮ ᱯᱟᱨᱛᱩᱞ ᱛᱟᱦᱮᱸ ᱠᱟᱱᱟ᱾"
542,"बौद्ध बौद्ध धर्म के सिद्धांत में बहुत सरल है. यह Kuundial योगा, मनन और सभी विलासी प्यार के मार्ग से जुड़ा हुआ है.","ᱥᱤᱫᱷᱟᱸᱛ ᱨᱩᱯᱛᱮ ᱛᱤᱵᱽᱵᱚᱛᱤ ᱵᱚᱫᱷ ᱫᱷᱚᱨᱚᱢ ᱟᱹᱰᱤ ᱪᱮᱦᱨᱟᱦᱟ᱾ ᱱᱟᱶᱟ ᱨᱮ ᱠᱩᱸᱰᱞᱤᱱᱤ ᱭᱚᱜᱟ, ᱫᱷᱮᱭᱟᱱ ᱟᱨ ᱡᱚᱛᱚ ᱞᱮᱠᱟᱱᱟᱜ ᱫᱩᱞᱟᱹᱲ ᱰᱟᱦᱟᱨ ᱨᱮ ᱥᱮᱞᱮᱫᱚᱜ ᱠᱟᱱᱟ᱾"
543,"आम तौर पर, इस ऊर्जा का इस्तेमाल करने के लिए किया जाता है ।","ᱠᱩᱹᱰᱞᱤᱱᱤ ᱭᱚᱜᱟ ᱥᱟᱶᱛᱮ ᱠᱩᱸᱰᱞᱤᱱᱤ ᱫᱟᱲᱮ (ᱜᱮᱭᱟᱱ ᱫᱟᱲᱮ) ᱭᱚᱜᱟ ᱯᱚᱥᱪᱟᱨᱥ ᱠᱚ, ᱥᱟᱦᱮᱫ ᱮᱠᱥᱟᱨᱥᱟᱹᱭᱤᱡᱽ ᱢᱚᱫᱷᱭᱚᱢ ᱛᱮ ᱡᱟᱜᱽᱨᱤᱛᱚᱜ ᱠᱟᱱᱟ᱾"
544,"कई देवी - देवताओं के दृश्‍यीकरण के ज़रिए, शवों को शुद्ध किया जाता है और प्रकाश - संश्‍लेषण बनाया जाता है ।","ᱛᱤᱵᱽᱵᱚᱛᱤ ᱫᱷᱮᱭᱟᱱ ᱨᱮᱱᱟᱜ ᱴᱷᱟᱹᱠᱩᱨᱟᱹᱜ ᱛᱟᱞᱢᱟ ᱭᱚᱜᱟ ᱠᱟᱱᱟ᱾ ᱟᱹᱰᱤᱜᱟᱱ ᱴᱷᱟᱹᱠᱩᱨᱟᱹᱜ ᱫᱚᱨᱥᱟᱱ ᱦᱚᱛᱮᱛᱮ ᱩᱨᱡᱟ ᱱᱟᱲᱤᱭᱟᱹ ᱠᱚ ᱥᱟᱯᱷᱟ ᱮᱫᱟ, ᱪᱚᱠᱨᱚ ᱠᱚ ᱪᱤᱨᱜᱟᱹᱞ ᱮᱫᱟ ᱟᱨ ᱱᱤᱡᱮᱨᱟᱜ ᱪᱮᱛᱱᱟ ᱠᱚ ᱵᱮᱱᱟᱣᱜ ᱠᱟᱱᱟI"
545,"पहले विश्‍व युद्ध में जर्मनी एक आम दुश्‍मन था, जो सोवियत संघ और यू. एस.","᱒ ᱡᱮᱜᱮᱛ ᱞᱟᱹᱲᱦᱟᱹᱭ ᱨᱮ ᱡᱚᱨᱢᱟᱱᱤ ᱢᱤᱫᱴᱟᱝ ᱥᱟᱫᱷᱟᱨᱚᱱ ᱵᱟᱭᱨᱤ ᱛᱟᱦᱮᱸᱠᱟᱱᱟᱭ, ᱡᱟᱦᱟᱸ ᱫᱚ ᱞᱟᱹᱲᱦᱟᱹᱭ ᱭᱩᱹᱮᱥᱹᱮᱥᱹᱟᱨᱹ ᱟᱨ ᱭᱩᱹᱮᱥᱹᱮᱹ ᱢᱟᱹᱫᱽᱨᱮ ᱥᱚᱯᱚᱦᱚᱫ ᱦᱩᱭᱮᱱᱟ᱾ ᱞᱟᱹᱲᱦᱟᱹᱭ ᱢᱩᱪᱟᱹᱫ ᱛᱟᱭᱚᱢ ᱥᱟᱶᱛᱮ ᱵᱮᱵᱚᱥᱛᱷᱟ, ᱯᱨᱟᱠᱨᱤᱭᱟ ᱟᱨ ᱞᱟᱠᱪᱟᱨ ᱨᱮᱱᱟᱜ ᱴᱟᱠᱨᱟᱣ ᱚᱡᱮ ᱫᱤᱥᱚᱢ ᱵᱟᱦᱨᱮ ᱮᱱᱟᱭ᱾"
546,"युद्ध खत्म होने के दो साल बाद, भूतपूर्व मित्र अब शत्रु थे और शीत युद्ध शुरू हो गया ।","ᱵᱟᱨ ᱥᱮᱨᱢᱟ ᱛᱟᱭᱚᱢ ᱨᱮᱱᱟᱜ ᱞᱟᱹᱲᱦᱟᱹᱭ ᱢᱩᱪᱟᱹᱫ, ᱢᱟᱬᱟᱝ ᱜᱚᱜᱽᱲᱚᱭᱤᱡ ᱱᱤᱛᱚᱜ ᱵᱟᱭᱨᱤ ᱭᱮᱱᱟᱭ ᱟᱨ ᱨᱮᱭᱟᱲ ᱞᱟᱹᱲᱦᱟᱹᱭ ᱮᱛᱚᱦᱚᱵ ᱞᱮᱱᱟ᱾"
547,"अगले 40 सालों के लिए यह आखिरी था और इसके लिए प्रॉक्सी सेनाओं के साथ अफ्रीका से एशिया, अफगानिस्तान, क्यूबा और कई दूसरी जगहों पर युद्ध किया जाएगा ।","ᱱᱚᱶᱟ ᱫᱟᱨᱟᱭ ᱔᱐ ᱥᱮᱨᱢᱟ ᱦᱟᱹᱵᱤᱡ ᱪᱟᱞᱟᱣ ᱠᱚᱜᱼᱟ ᱟᱨ ᱥᱟᱹᱨᱤᱛᱮᱫ ᱞᱮᱠᱟᱨᱮ ᱠᱮᱢᱩᱯᱷᱞᱳᱡᱽ ᱥᱮᱱᱟ ᱫᱟᱨᱟᱭ ᱛᱮ, ᱟᱯᱷᱨᱤᱠᱟ ᱠᱷᱚᱱ ᱮᱥᱤᱭᱟ ᱦᱟᱹᱵᱤᱡ, ᱟᱯᱷᱜᱟᱱᱤᱥᱛᱟᱱ, ᱠᱭᱩᱵᱟ ᱟᱨ ᱟᱹᱰᱤ ᱟᱭᱢᱟ ᱴᱚᱴᱷᱟ ᱨᱮ ᱞᱟᱹᱲᱦᱟᱹᱭ ᱴᱟᱺᱰᱤ ᱞᱟᱹᱲᱦᱟᱹᱭ ᱦᱩᱭ ᱚᱪᱚᱜᱚᱜᱼᱟ᱾"
548,"सितंबर 17, 1939 तक पोलिश रक्षा टूट चुकी थी ।","᱑᱗ ᱥᱮᱯᱴᱮᱢᱵᱚᱨ, ᱑᱙᱓᱙ ᱦᱟᱹᱵᱤᱡ ᱯᱚᱞᱤᱥ ᱨᱟᱪᱷᱟ ᱢᱟᱬᱟᱝ ᱨᱮᱜᱮ ᱨᱟᱹᱯᱩᱫ ᱛᱟᱦᱮᱞᱮᱱᱟ, ᱟᱨ ᱨᱚᱢᱟᱱᱤᱭᱟᱭᱤ ᱵᱽᱨᱤᱜᱮᱰ ᱥᱟᱶ ᱛᱟᱭᱚᱢ ᱥᱮᱫ ᱯᱟᱹᱪᱷᱞᱟᱹ ᱟᱨ ᱫᱚᱦᱲᱟ ᱜᱟᱶᱛᱟ ᱠᱚᱨᱟᱣ ᱞᱟᱹᱜᱤᱫ ᱢᱤᱫᱴᱟᱝ ᱟᱥᱟ ᱛᱟᱦᱮᱸ ᱠᱟᱱᱟ᱾"
549,"लेकिन, इन योजनाओं को लगभग रात के समय बंद कर दिया गया था, जब सोवियत संघ की सेना से 800,00,000 से अधिक सैनिकों ने प्रवेश किया और पोलैंड के पूर्वी भागों पर हमला करने के बाद बेलारूसी और यूक्रेन के सामने खड़ेों को बनाया।","ᱡᱟᱭᱦᱚ, ᱱᱚᱶᱟ ᱯᱚᱱᱛᱷᱟ ᱠᱚ ᱠᱚᱢ ᱥᱮ ᱠᱚᱢ ᱧᱤᱸᱫᱟ ᱵᱷᱤᱛᱨᱤ ᱚᱯᱨᱟᱪᱟᱞᱤᱛ ᱠᱚᱨᱟᱣ ᱞᱮᱱᱟ, ᱡᱚᱠᱷᱚᱱ ᱥᱚᱵᱤᱭᱟᱛ ᱭᱩᱱᱤᱭᱚᱱ ᱨᱤᱱ ᱟᱨᱟᱜ ᱯᱷᱟᱹᱫᱽ ᱘᱐᱐,᱐᱐᱐ ᱠᱷᱚᱱ ᱡᱟᱹᱥᱛᱤ ᱥᱮᱱᱤᱠ ᱠᱚ ᱨᱤᱜᱟ ᱥᱟᱸᱛᱤ ᱥᱟᱸᱫᱷᱤ, ᱥᱚᱵᱤᱭᱟᱛ ᱼ ᱯᱚᱞᱤᱥ ᱜᱮᱨ ᱚᱠᱨᱚᱢᱠᱟᱛᱟ ᱟᱜ ᱩᱞᱟᱸᱜᱷᱟᱱ ᱨᱮ ᱯᱚᱞᱮᱸᱰ ᱨᱮᱱᱟᱝ ᱥᱟᱢᱟᱝ ᱴᱚᱴᱷᱟ ᱨᱮ ᱚᱠᱨᱚᱢᱚᱬ ᱛᱟᱭᱚᱢ ᱵᱮᱞᱟᱛᱩᱥᱤ ᱟᱨ ᱭᱩᱠᱨᱮᱱᱤ ᱢᱚᱨᱪᱟ ᱨᱮ ᱵᱚᱞᱚ ᱠᱟᱛᱮ ᱟᱨ ᱵᱮᱱᱟᱣ ᱠᱮᱫᱟ᱾ ᱥᱟᱸᱫᱷᱤ ᱟᱨ ᱮᱴᱟᱜ ᱡᱮᱜᱮᱛᱟᱨᱤ ᱥᱟᱸᱫᱷᱤ ᱠᱚ, ᱵᱟᱱᱟᱨ ᱜᱮ ᱵᱟᱭᱞᱟᱴᱮᱨᱞ ᱟᱨ ᱢᱟᱞᱴᱤᱞᱟᱴᱮᱨᱟᱞ᱾"
550,इन जहाज़ों का इस्तेमाल करके वे सागर के पार बड़े पैमाने पर लोगों और धन - दौलत की बड़ी मात्रा में बढ़ जाते हैं ।,ᱡᱟᱞᱟᱯᱩᱨᱤ ᱨᱮ ᱰᱷᱮᱨ ᱠᱟᱭᱛᱮ ᱦᱚᱲ ᱟᱨ ᱡᱤᱱᱤᱥ ᱠᱚ ᱤᱫᱤ ᱟᱹᱜᱩ ᱞᱟᱹᱜᱤᱫ ᱡᱤᱱᱤᱥ ᱥᱟᱜᱟᱲᱚᱢ ᱞᱟᱹᱜᱤᱫ ᱡᱟᱦᱟᱡᱽ ᱨᱮᱭᱟᱜ ᱵᱮᱵᱷᱟᱨ ᱫᱚ ᱡᱚᱛᱚ ᱠᱷᱚᱱ ᱦᱩᱱᱟᱹᱨᱟᱱ ᱩᱯᱟᱹᱭ ᱠᱟᱱᱟ᱾
551,"आमतौर पर आपके देश के लोगों और मालों को बढ़ाने की क्षमता को बनाए रखता है, जबकि साथ ही, अपने दुश्मन के लोगों और अपने लोगों को प्रेरित करने की क्षमता के साथ.",ᱥᱮᱫᱟᱭ ᱠᱷᱚᱱ ᱱᱚᱣᱥᱮᱱᱟ ᱠᱚᱣᱟᱜ ᱠᱟᱹᱢᱤ ᱫᱚ ᱱᱤᱡᱚᱨ ᱫᱤᱥᱚᱢ ᱨᱮᱱ ᱦᱚᱲ ᱠᱚ ᱟᱨ ᱡᱤᱱᱤᱥ ᱠᱚ ᱤᱫᱤ ᱟᱹᱜᱩ ᱨᱮᱭᱟᱜ  ᱫᱚᱠᱷᱭᱚᱛᱟ ᱵᱚᱡᱟᱭ ᱫᱚᱦᱚ ᱟᱨ ᱚᱱᱟ ᱥᱟᱶᱛᱮ ᱵᱟᱹᱭᱨᱤ ᱫᱤᱥᱚᱢ ᱨᱮᱱ ᱦᱚᱲ ᱟᱨ ᱡᱤᱱᱤᱥ ᱠᱚ ᱤᱫᱤ ᱟᱹᱜᱩ ᱠᱚᱨᱮ ᱦᱚᱸᱠᱚ ᱡᱟᱝᱜᱮ ᱫᱟᱨᱟᱢᱚᱜ-ᱟ᱾
552,अमरीकी लोग ब्रिटेन की मदद करने के लिए अटलांटिक महासागर के पार मनुष्यों और सामग्री को स्थानांतरित करने की कोशिश कर रहे थे ।,ᱱᱚᱣᱟ ᱨᱮᱭᱟᱜ ᱢᱤᱫ ᱱᱮᱦᱟᱹᱞᱤᱭᱟᱜ ᱫᱟᱹᱭᱠᱟᱹ ᱧᱮᱛᱮᱞ ᱠᱷᱚᱱ ᱮᱛᱚᱢ ᱟᱴᱞᱟᱱᱴᱤᱠ ᱠᱮᱢᱯᱮᱱ ᱫᱚ ᱫᱚᱥᱟᱨ ᱫᱷᱟᱹᱨᱛᱤ ᱞᱟᱹᱲᱦᱟᱹᱭ ᱠᱟᱱᱟI ᱵᱨᱤᱴᱮᱱ ᱜᱚᱲᱚᱣᱟᱭ ᱞᱟᱹᱜᱤᱱ ᱟᱢᱮᱨᱤᱠᱟᱱ ᱠᱚᱫᱚ ᱟᱴᱞᱟᱱᱴᱤᱠ ᱢᱚᱦᱟᱫᱚᱨᱭᱟ ᱛᱮ ᱠᱚᱲᱟ ᱦᱚᱲᱠᱚ ᱟᱨ ᱡᱤᱱᱤᱥᱠᱚ ᱩᱱᱩᱪᱟᱹᱲ ᱞᱟᱹᱜᱤᱫ ᱪᱮᱥᱴᱟ ᱮᱫ ᱛᱟᱦᱮᱸᱱI
553,"साथ ही, जर्मनी के जहाज़, खासकर अमरीकी जहाज़ों का इस्तेमाल करते हुए, इस यातायात को रोकने की कोशिश कर रहे थे.","ᱚᱱᱟ ᱚᱠᱛᱚ ᱨᱮ, ᱡᱚᱨᱢᱟᱱ ᱱᱮᱵᱷᱤ, ᱭᱩ-ᱵᱳᱴ ᱠᱚ ᱵᱮᱵᱷᱟᱨᱟᱛᱮ ᱫᱚ, ᱱᱚᱶᱟ ᱴᱨᱟᱯᱷᱤᱠ ᱵᱚᱱᱫᱽ ᱞᱟᱹᱜᱤᱱ ᱠᱚ ᱠᱩᱨᱩᱢᱩᱴᱩ ᱞᱮᱫᱟ᱾"
554,"अगर सारी चीज़ें नाकाम हो जाती, तो जर्मनी शायद ब्रिटेन पर जीत हासिल कर सकता था, ठीक जैसे पूरे यूरोप में हुआ था ।","ᱡᱩᱫᱤ ᱜᱟᱯᱟᱛᱮ ᱫᱤᱥᱚᱢ ᱠᱚ ᱦᱟᱨᱟᱜ-ᱟ, ᱛᱚᱵᱮ ᱡᱟᱨᱢᱟᱱᱤ ᱫᱚ ᱵᱽᱨᱤᱴᱮᱱ ᱨᱮ ᱡᱤᱛᱠᱟᱹᱨᱮ ᱦᱟᱢᱮᱴ ᱫᱟᱲᱮ ᱠᱮᱭᱟᱭ ᱪᱮᱫᱟᱜ ᱥᱮ ᱩᱱᱠᱩ ᱴᱷᱮᱱ ᱭᱩᱨᱚᱯ ᱨᱮᱭᱟᱜ ᱵᱤᱥᱤ ᱡᱟᱝ ᱛᱟᱦᱮᱸᱠᱟᱱᱟ᱾"
555,"आज तक यहाँ करीब 10,000 साल पहले ईरान के ज़ारोरोस पहाड़ों पर पालतू जानवर बनाए गए थे ।","ᱱᱚᱠᱟ ᱩᱭᱦᱟᱹᱨᱚᱜ ᱠᱟᱱᱟ ᱢᱮᱨᱚᱢ ᱫᱚ ᱤᱨᱟᱱ ᱨᱮᱭᱟᱜ ᱡᱟᱜᱽᱨᱳᱥ ᱵᱳᱨᱳ ᱨᱮ ᱑᱐,᱐᱐᱐ ᱥᱟᱞ ᱯᱩᱭᱞᱩ ᱨᱮ ᱚᱲᱟᱜ ᱨᱮ ᱟᱹᱥᱩᱞ ᱠᱚ ᱮᱦᱚᱵ ᱞᱮᱜ-ᱟ᱾"
556,"प्राचीन संस्कृतियों और गोत्रों ने उन्हें दूध, बाल, मांस और खाल तक आसानी से सीमित रखने लगे ।","ᱥᱮᱫᱟᱭ ᱞᱟᱠᱪᱟᱨ ᱟᱨ ᱡᱚᱱᱡᱟᱹᱛᱤ ᱠᱚᱫᱚ ᱛᱳᱣᱟ, ᱳᱵ, ᱡᱤᱞ ᱟᱨ ᱦᱟᱨᱛᱟ ᱞᱟᱹᱜᱤᱫ ᱩᱱᱠᱩ ᱠᱚ ᱟᱹᱥᱩᱞ ᱞᱮᱫ ᱠᱚᱣᱟ᱾"
557,आम तौर पर गाय - बैल ऐसे गाय - बैल बनाए जाते थे जो पहाड़ों या दूसरे पालतू इलाकों में घूमते थे ।,"ᱟᱹᱥᱩᱞ ᱢᱮᱨᱚᱢ ᱠᱚᱫᱚ ᱜᱚᱴ ᱟᱛᱮ ᱠᱚ ᱫᱚᱦᱚ ᱠᱚᱣᱟᱜ ᱡᱟᱦᱟᱸ ᱵᱳᱨᱳ ᱪᱮᱛᱟᱱ ᱨᱮ ᱟᱨᱵᱟᱝ ᱛᱟᱥᱟᱫ ᱯᱩᱲᱭᱟᱹ ᱨᱮᱠᱚ ᱧᱮᱞᱚᱜ-ᱟ, ᱜᱚᱴᱟ ᱜᱮ ᱜᱳᱯᱤ ᱠᱩᱫ ᱫᱚ ᱜᱤᱫᱽᱨᱟᱹ ᱟᱨᱵᱟᱝ ᱵᱟᱪᱨᱟ ᱠᱚᱲᱟ ᱠᱚ ᱦᱩᱭ ᱠᱚᱜ-ᱟ, ᱡᱮᱢᱚᱱ ᱵᱷᱤᱰᱤ ᱜᱩᱯᱤ ᱠᱩᱫ ᱞᱮᱠᱟ᱾ ᱟᱹᱥᱩᱞ ᱨᱮᱭᱟᱜ ᱱᱚᱶᱟ ᱢᱮᱛᱷᱚᱰ ᱫᱚ ᱱᱤᱛ ᱦᱚᱸ ᱧᱮᱞᱚᱜ-ᱟ᱾"
558,सन्‌ 16वीं सदी की शुरूआत में इंग्लैंड में जहाज़ बनाए गए थे ।,᱑᱖ ᱥᱮᱧᱪᱩᱨᱤ ᱨᱮ ᱤᱝᱞᱮᱱᱰ ᱨᱮ ᱣᱟᱜᱚᱱᱣᱮ ᱵᱮᱱᱟᱣ ᱞᱮᱱᱟ᱾
559,"हालाँकि गाड़ी में सिर्फ लकड़ी के दो पटे होते थे, फिर भी उन्होंने घोड़ों को बड़ी रफ्तार से खींच लिया और दिन के छोटे - से - छोटा रास्तों पर भारी बोझ उठा लिया ।","ᱦᱟᱞᱟᱝᱠᱤ ᱣᱟᱜᱚᱱᱥᱣᱮ ᱫᱚ ᱥᱟᱫᱷᱟᱨᱚᱱ ᱛᱮ ᱠᱟᱴ ᱨᱮᱭᱟᱜ ᱯᱟᱨᱟᱞᱮᱞ ᱯᱞᱟᱸᱠᱥ ᱛᱮ ᱵᱮᱱᱟᱣ ᱠᱚᱜ-ᱟ, ᱵᱤᱥᱛᱤ ᱥᱯᱤᱰ ᱥᱟᱵ ᱞᱟᱹᱜᱤᱫ ᱥᱟᱫᱚᱢ ᱠᱚ ᱜᱚᱦᱚᱲ ᱦᱚᱪᱚ ᱠᱚᱣᱟ ᱟᱨ ᱫᱤᱱ ᱨᱮᱭᱟᱜ ᱟᱹᱰᱤ ᱵᱟᱹᱲᱤᱡ ᱥᱚᱲᱚᱠ ᱨᱮ ᱵᱤᱥᱛᱤ ᱩᱡᱩᱱ ᱠᱚ ᱜᱚᱦᱟᱲᱟ᱾"
560,"लेकिन धीरे - धीरे यह समझ लिया गया कि अगर इन ट्रैकों को ऊपर से लोहे के आकार का रूप दिया जाता, तो वे ज़्यादा कुशल होते ।","ᱢᱤᱫ ᱵᱤᱠᱨᱟᱹᱣ ᱟᱠᱟᱱ ᱥᱴᱨᱟᱠᱪᱟᱨ ᱵᱟᱝ ᱠᱟᱛᱮ ᱛᱟᱡᱟ ᱢᱤᱠᱤᱥᱤᱭᱟ ᱠᱟᱨᱤᱵᱽ ᱥᱟᱨᱬᱤ ᱨᱮ ᱥᱮᱴᱮᱨ ᱮᱱᱟ, ᱟᱨ ᱯᱟᱨᱥᱤ ᱠᱚ ᱫᱚ ᱟᱠᱚᱣᱟᱜ ᱛᱚᱯᱠᱷᱟᱱᱟ ᱨᱮᱱᱟᱜ ᱨᱟᱹᱯᱩᱫ ᱟᱨ ᱯᱷᱞᱮᱝᱠᱟᱨᱥ ᱨᱮᱱᱟᱜ ᱵᱮᱵᱷᱟᱨ ᱢᱤᱫ ᱪᱚᱨᱟᱦᱟ ᱨᱮ ᱦᱩᱭ ᱮᱱᱟ, ᱡᱟᱦᱟᱸ ᱫᱚ ᱣᱟᱴᱥᱟᱱ ᱠᱟᱨᱱᱟᱨ ᱠᱚ ᱢᱮᱛᱟᱜ ᱠᱟᱱᱟ ᱡᱮ ᱚᱱᱟ ᱨᱮ ᱵᱷᱟᱨᱤ ᱵᱟᱹᱲᱤᱡ ᱵᱟᱝ ᱦᱩᱭ ᱫᱟᱲᱮᱭᱟᱜᱼᱟ᱾"
561,"यह आम तौर पर अभ्यास किया गया, लेकिन लोहे ने गाड़ियों के लकड़ी के पहियों पर और ज़्यादा कपड़े पहने ।","ᱱᱚᱣᱟ ᱫᱚ ᱟᱹᱰᱤ ᱥᱟᱫᱷᱟᱨᱚᱱ ᱠᱟᱛᱷᱟ ᱭᱮᱱᱟ, ᱢᱮᱱᱠᱷᱟᱱ ᱥᱟᱜᱟᱲ ᱠᱚᱨᱮᱱᱟᱜ ᱠᱟᱴ ᱪᱟᱠᱟ ᱠᱚᱨᱮ ᱢᱮᱬᱦᱮᱫ ᱡᱟᱹᱥᱛᱤ ᱵᱮᱵᱷᱟᱨᱮᱱᱟI"
562,"अंततः, लकड़ी के पहिये लोहे के पहियों द्वारा प्रतिस्थापित किए गए ।","ᱢᱩᱪᱟᱹᱫ ᱨᱮ, ᱠᱟᱴ ᱪᱟᱠᱟ ᱫᱚ ᱢᱮᱬᱦᱮᱫ ᱪᱟᱠᱟ ᱛᱮᱠᱚ ᱵᱚᱫᱚᱞ ᱠᱮᱜ-ᱟ᱾ ᱑᱗᱖᱗ ᱨᱮ ᱢᱮᱬᱦᱮᱫ ᱛᱮ ᱨᱮᱞ ᱠᱚ ᱮᱦᱚᱵ ᱞᱮᱜ-ᱟ᱾"
563,"सबसे जाना - माना परिवहन चल रहा था, मानव दो लाख साल पहले होमो एथेनुस (जिसका अर्थ है खरे व्यक्‍ति) की चोटी के साथ सीधे चलना शुरू कर दिया ।","ᱯᱩᱭᱞᱩ ᱵᱟᱰᱟᱭ ᱯᱟᱨᱤᱣᱟᱦᱟᱱ ᱪᱟᱞᱟᱜ ᱠᱟᱱ ᱛᱟᱦᱮᱱᱟ, ᱢᱟᱹᱱᱢᱤ ᱫᱚ ᱵᱟᱨ ᱢᱤᱞᱤᱭᱟᱱ ᱥᱮᱨᱢᱟ ᱞᱟᱦᱟ ᱦᱚᱢᱚ ᱤᱨᱮᱠᱴᱟᱥ (ᱢᱮᱱ ᱫᱚ ᱱᱟᱯᱟᱭ ᱦᱚᱲ) ᱟᱜ ᱩᱫᱽᱵᱷᱟᱣ ᱥᱟᱶ ᱥᱚᱡᱷᱮ ᱥᱮᱱᱚᱜ ᱮᱛᱚᱦᱚᱵ ᱦᱩᱭ ᱞᱮᱱᱟ᱾"
564,"उनके पहले के लोगों ने, अरिमतिहीन टोन्‌ सीधे रूप से नहीं चलते थे ।","ᱩᱱᱠᱩ ᱨᱤᱱ ᱯᱟᱹᱦᱤᱞ ᱟᱹᱱᱤᱡ ᱠᱚ, ᱟᱥᱴᱨᱚᱞᱚᱯᱤᱛᱷᱮᱠᱚᱥ ᱦᱮᱣᱟ-ᱟᱱ ᱨᱮᱱᱟᱜ ᱞᱮᱠᱟ ᱥᱚᱡᱷᱮ ᱵᱟᱝᱠᱚ ᱪᱟᱞᱟᱜ ᱠᱟᱱ ᱛᱟᱦᱮᱸᱱᱟI"
565,"सन्‌ 423.9 लाख साल पहले, सा. यु.","᱔.᱒-᱓.᱙ ᱢᱤᱞᱤᱭᱟᱱ ᱥᱮᱨᱢᱟ ᱞᱟᱦᱟ ᱨᱮᱱ ᱟᱥᱴᱨᱮᱞᱚᱯᱤᱛᱷᱮᱠᱟᱥ ᱡᱤᱣᱟᱥᱢ ᱨᱮ ᱫᱽᱣᱤᱯᱟᱫᱽ ᱠᱷᱟᱥ ᱠᱚ ᱧᱟᱢᱚᱜ ᱠᱟᱱᱟ, ᱦᱚᱭ ᱛᱚ ᱥᱟᱦᱮᱞᱛᱷᱨᱚᱯᱟᱥ ᱮᱭᱟᱭ ᱢᱤᱞᱤᱭᱟᱱ ᱥᱮᱨᱢᱟ ᱢᱟᱲᱟᱝ ᱵᱟᱨ ᱡᱟᱝᱜᱟ ᱦᱟᱛᱮ ᱠᱚ ᱥᱮᱱ ᱫᱟᱲᱮᱭᱟᱜ ᱠᱟᱱ ᱛᱟᱦᱮᱱᱟ᱾"
566,"हम पर्यावरण के लिए ज़्यादा मैत्रीपूर्ण जीना शुरू कर सकते हैं, हम पर्यावरण आंदोलन में शामिल हो सकते हैं, और हम भी कुछ हद तक भविष्य में होनेवाली दुःख - तकलीफों को कम करने के लिए कार्यकर्ता बन सकते हैं ।","ᱟᱵᱚ ᱯᱟᱨᱭᱟᱣᱟᱨᱟᱱ ᱞᱟᱹᱜᱤᱫ ᱵᱟᱹᱲᱛᱤ ᱟᱱᱩᱠᱩᱞ ᱛᱟᱦᱮᱱ ᱨᱮᱱᱟᱜ ᱵᱚ ᱮᱛᱚᱦᱚᱵ ᱫᱟᱲᱮᱭᱟᱜᱼᱟ, ᱟᱵᱚ ᱯᱟᱨᱭᱟᱣᱟᱨᱟᱱ ᱟᱱᱫᱚᱞᱚᱱ ᱨᱮ ᱢᱮᱥᱟ ᱫᱟᱲᱮᱭᱟᱜᱼᱟ ᱵᱚᱱ, ᱟᱨ ᱟᱵᱚ ᱠᱤᱪᱷᱩ ᱦᱟᱫᱽ ᱦᱟᱹᱵᱤᱡ ᱟᱜᱟᱢ ᱨᱮᱱᱟᱜ ᱯᱤᱲᱟ ᱠᱚ ᱠᱚᱢ ᱞᱟᱹᱜᱤᱫ ᱠᱟᱹᱢᱤᱭᱟᱱ ᱦᱚᱸ ᱵᱚ ᱦᱩᱭ ᱫᱟᱲᱮᱭᱟᱜᱼᱟ᱾"
567,"लेकिन, अगर हम केवल एक अस्थायी समाधान नहीं चाहते, तो हमें समस्याओं की जड़ मिलनी चाहिए, और हमें उन्हें निष्क्रिय करना चाहिए ।","ᱦᱚᱭ ᱛᱚ, ᱡᱩᱫᱤ ᱟᱵᱚ ᱥᱩᱢᱩᱝ ᱢᱤᱫ ᱟᱼᱟᱥᱛᱷᱭᱤ ᱥᱚᱞᱦᱮ ᱵᱟᱝ ᱢᱚᱱᱮᱭᱟᱜ ᱠᱟᱱᱟ, ᱛᱚᱵᱮ ᱟᱵᱚ ᱮᱴᱠᱮᱴᱚᱬᱮ ᱨᱮᱱᱟᱜ ᱨᱮᱦᱮᱫ ᱯᱟᱸᱡᱟ ᱦᱩᱭᱩᱜ ᱢᱟ, ᱟᱨ ᱟᱵᱚ ᱚᱱᱟ ᱱᱤᱥᱠᱨᱤᱭᱚ ᱦᱩᱭᱩᱜ ᱢᱟ᱾"
568,"यह स्पष्ट है कि दुनिया ने बहुत बदल दिया है मानवजाति के वैज्ञानिक और तकनीकी विकास के कारण, और समस्याएँ बढ़ती जा रही हैं जनसंख्या और मानवजाति के जीवन के कठिन जीवन के कारण।","ᱱᱚᱶᱟ ᱥᱯᱟᱥᱴ ᱢᱮᱱᱟᱜᱼᱟ ᱡᱮ ᱢᱟᱹᱱᱢᱤ ᱡᱟᱹᱛᱤ ᱥᱟᱬᱮᱥᱤᱭᱟ ᱟᱨ ᱢᱟᱥᱤᱱᱤ ᱯᱨᱚᱜᱟᱛᱤ ᱨᱮᱱᱟᱜ ᱠᱟᱨᱚᱱ ᱫᱩᱱᱤᱭᱟᱹ ᱟᱹᱰᱤ ᱵᱚᱫᱚᱞ ᱢᱮᱱᱟᱜᱼᱟ, ᱟᱨ ᱵᱟᱹᱲᱛᱤ ᱮᱞᱥᱚᱝ ᱟᱨ ᱢᱟᱹᱱᱢᱤ ᱡᱟᱹᱛᱤ ᱨᱮᱱᱟᱜ ᱟᱥᱟᱫᱷᱟᱨᱟᱬ ᱡᱤᱭᱚᱱ ᱥᱮᱭᱞᱤ ᱨᱮᱱᱟᱜ ᱠᱟᱨᱚᱱ ᱮᱴᱠᱮᱴᱚᱬᱮ ᱵᱟᱹᱲᱛᱤ ᱦᱩᱭ ᱟᱠᱟᱱᱟ᱾"
569,"जुलाई 4, पर कांग्रेस द्वारा उनके पद के बाद, एक हस्तलिखित मसौदा ने कॉनकर जॉन हैनचक और सचिव चार्ल्स थॉमस थॉमसन द्वारा हस्ताक्षर किए गए एक पत्र भेजा गया, जॉन डब्लू की छपाई की दुकान को छापने के लिए.","᱔ ᱡᱩᱞᱟᱭ ᱦᱤᱞᱚᱜ ᱫᱚ ᱠᱚᱝᱜᱽᱨᱮᱥ ᱦᱚᱛᱮᱛᱮ ᱱᱚᱶᱟ ᱟᱯᱱᱟᱨ ᱛᱟᱭᱚᱢ, ᱠᱚᱝᱜᱽᱨᱮᱥ ᱟᱜ ᱟᱫᱷᱭᱟᱪᱷ ᱡᱚᱱ ᱦᱮᱭᱱᱠᱟᱹᱠ ᱟᱨ ᱥᱟᱪᱤᱣ ᱪᱟᱨᱞᱥ ᱛᱷᱚᱢᱥᱚᱱ ᱦᱚᱛᱮᱛᱮ ᱦᱟᱥᱛᱟᱪᱷᱟᱨᱤᱛ ᱢᱤᱫ ᱦᱟᱥᱛᱞᱤᱠᱷᱤᱛ ᱢᱟᱥᱚᱫᱟ ᱠᱚ ᱠᱤᱪᱷᱩ ᱵᱽᱞᱚᱠ ᱥᱟᱺᱜᱤᱧ ᱡᱚᱱ ᱰᱟᱱᱞᱚᱯ ᱨᱮᱱᱟᱜ ᱪᱷᱟᱯᱟ ᱫᱩᱠᱟᱱ ᱨᱮ ᱠᱩᱞ ᱦᱩᱭ ᱞᱮᱱ ᱛᱟᱦᱮᱱᱟ᱾"
570,"रात के बीच 150 से 200 प्रतियाँ बनाई गयीं, अब ""ड्राइट कवरों के रूप में जाना जाता है।""","ᱧᱤᱫᱟᱹ ᱦᱟᱹᱵᱤᱡ ᱛᱮ ᱑᱕᱐ ᱟᱨ ᱒᱐᱐ ᱯᱨᱟᱛᱤ ᱵᱟᱱᱟᱣ ᱦᱩᱭ ᱞᱮᱱᱟ, ᱡᱟᱦᱟᱸ ᱫᱚ ᱱᱤᱛ ""ᱰᱟᱱᱞᱚᱯ ᱵᱽᱨᱟᱰᱥᱟᱭᱤᱰᱥ"" ᱨᱮᱱᱟᱜ ᱨᱩᱯ ᱨᱮ ᱵᱟᱰᱟᱭᱚᱜ ᱠᱟᱱᱟ᱾"
571,इस दस्तावेज़ का पहला जन पठन जुलाई ८ को स्वतंत्रता घर के आँगन में जॉन निन्टॉन द्वारा हुआ था ।,ᱰᱚᱠᱩᱢᱮᱱᱴ ᱨᱮᱱᱟᱜ ᱯᱩᱭᱞᱩ ᱥᱟᱨᱣᱟᱡᱟᱱᱤᱠ ᱣᱟᱪᱟᱱ ᱡᱚᱱ ᱱᱤᱠᱥᱟᱱ ᱦᱚᱛᱮᱛᱮ ᱘ ᱡᱩᱞᱟᱭ ᱦᱤᱞᱚᱜ ᱫᱚ ᱤᱱᱰᱤᱯᱮᱱᱰᱮᱱᱥ ᱦᱚᱞ ᱨᱮᱱᱟᱜ ᱯᱨᱚᱝᱜᱟᱬ ᱨᱮ ᱦᱩᱭ ᱞᱮᱱ ᱛᱟᱦᱮᱱᱟ᱾
572,एक व्यक्‍ति को जुलाई ६ को न्यू यॉर्क में अपने सैनिकों को यह पढ़कर सुनाया गया था ।,"ᱢᱤᱫ ᱫᱚ ᱖ ᱡᱩᱞᱟᱭ ᱦᱤᱞᱚᱜ ᱫᱚ ᱡᱟᱹᱨᱡᱽ ᱣᱟᱥᱤᱝᱴᱟᱱ ᱠᱩᱞ ᱞᱮᱫᱮ ᱛᱟᱦᱮᱱᱟ, ᱡᱟᱦᱟᱸᱭ ᱙ ᱡᱩᱞᱟᱭ ᱦᱤᱞᱚᱜ ᱫᱚ ᱱᱭᱩᱭᱳᱨᱠ ᱨᱮ ᱟᱯᱱᱟᱨ ᱥᱟᱭᱱᱤᱠ ᱠᱚ ᱱᱚᱶᱟ ᱠᱚ ᱯᱟᱲᱦᱟᱣ ᱠᱮᱫᱼᱟ᱾ ᱢᱤᱫ ᱯᱨᱚᱛᱤ ᱑᱐ ᱚᱜᱚᱥᱴ ᱦᱤᱞᱚᱜ ᱞᱟᱸᱰᱟᱱ ᱥᱮᱴᱮᱨ ᱮᱱᱟ᱾"
573,"अब भी मौजूद 25 पन्‍नों पर, बाइबल की सबसे पुरानी कॉपियाँ मौजूद हैं ।",᱒᱕ ᱰᱟᱱᱞᱟᱯ ᱵᱽᱨᱟᱹᱰᱥᱟᱭᱤᱰ ᱱᱤᱛᱦᱚᱸ ᱢᱮᱱᱟᱜᱼᱟ ᱡᱟᱦᱟᱸ ᱫᱚ ᱰᱚᱠᱩᱢᱮᱱᱴ ᱨᱮᱱᱟᱜ ᱥᱟᱱᱟᱢ ᱠᱷᱚᱱ ᱢᱟᱨᱮ ᱡᱤᱣᱮᱫ ᱯᱨᱚᱛᱤ ᱢᱮᱱᱟᱜᱼᱟ᱾ ᱢᱩᱬᱩᱛ ᱛᱤ ᱛᱮ ᱚᱞᱟᱜ ᱯᱨᱟᱛᱤ ᱵᱟᱝ ᱥᱟᱨᱮᱡ ᱟᱠᱟᱱᱟ᱾
574,आज अनेक जीव - विज्ञानी मानते हैं कि भोजन - कर्मियों का एक समूह जीवित रहता है और आज जीवित है ।,ᱟᱭᱢᱟ ᱯᱮᱞᱮᱭᱳᱱᱴᱳᱞᱚᱡᱤᱥ ᱛᱤᱦᱤᱧ ᱠᱚ ᱢᱚᱱᱮᱭᱟ ᱡᱮ ᱰᱟᱭᱱᱮᱥᱚᱨ ᱨᱮᱱ ᱢᱤᱫ ᱜᱩᱥᱴᱤ ᱠᱚ ᱵᱟᱧᱪᱟᱣ ᱞᱮᱱᱟ ᱟᱨ ᱛᱤᱦᱤᱧ ᱦᱚᱸ ᱡᱤᱣᱟᱹᱫ ᱢᱮᱱᱟᱜ ᱠᱚᱣᱟ᱾ ᱟᱵᱚ ᱫᱚ ᱩᱱᱠᱩ ᱪᱮᱸᱬᱮ ᱵᱚ ᱢᱮᱛᱟ ᱠᱚᱣᱟ᱾
575,कई लोगों के बारे में नहीं सोचते... ... वे पंख हैं और उड़ सकते हैं.,ᱟᱭᱢᱟ ᱦᱚᱲ ᱜᱮ ᱩᱱᱠᱩ ᱰᱟᱭᱱᱮᱥᱚᱨ ᱞᱮᱠᱟᱛᱮ ᱵᱟᱝ ᱠᱚ ᱢᱚᱱᱮ ᱠᱚᱣᱟ ᱪᱮᱫᱟᱜ ᱥᱮ ᱩᱱᱠᱩᱣᱟᱜ ᱯᱷᱟᱹᱠᱬᱟᱹᱜ ᱢᱮᱱᱟᱜᱼᱟ ᱟᱨ ᱠᱚ ᱩᱰᱟᱹᱣ ᱫᱟᱲᱮᱭᱟᱜᱼᱟ᱾
576,लेकिन पक्षियों के बारे में बहुत सारी बातें हैं जो अभी भी एक गनोसर की तरह लग रही हैं.,ᱛᱚᱵᱮ ᱪᱮᱸᱬᱮ ᱠᱚ ᱵᱟᱵᱚᱛ ᱱᱚᱝᱠᱟᱱ ᱟᱭᱢᱟ ᱡᱤᱱᱤᱥ ᱢᱮᱱᱟᱜᱼᱟ ᱡᱟᱦᱟᱸ ᱫᱚ ᱰᱟᱭᱱᱮᱥᱚᱨ ᱞᱮᱠᱟ ᱧᱮᱞᱚᱜᱼᱟ᱾
577,"उनके पांव तराजू और नियम के साथ होते हैं, वे अंडे देते हैं, और वे अपने दोनों पैरों पर टेक मारते हैं।","ᱩᱱᱠᱩᱣᱟᱜ ᱯᱤᱭᱟᱹᱥ ᱟᱨ ᱨᱟᱢᱟ ᱢᱮᱥᱟ ᱠᱟᱴᱟ ᱢᱮᱱᱟᱜᱼᱟ, ᱩᱱᱠᱩ ᱠᱚ ᱵᱮᱹᱞᱮᱹᱭᱟ, ᱟᱨ ᱩᱱᱠᱩ ᱟᱠᱚᱣᱟᱜ ᱛᱟᱭᱚᱢ ᱨᱮᱭᱟᱜ ᱵᱟᱨᱭᱟ ᱠᱟᱴᱟ ᱛᱮ T-Rex ᱞᱮᱠᱟ ᱠᱚ ᱛᱟᱲᱟᱢᱟ᱾"
578,आज इस्तेमाल किए जानेवाले लगभग सभी कंप्यूटर उस जानकारी के इस्तेमाल पर आधारित हैं जिसे बाइनरी संख्या के रूप में कोड लगाया जाता है ।,ᱛᱤᱦᱤᱧ ᱵᱮᱵᱷᱟᱨᱚᱜ ᱠᱟᱱ ᱟᱢᱫᱟᱡᱽ ᱥᱟᱱᱟᱢ ᱠᱚᱢᱯᱤᱭᱩᱴᱟᱨ ᱤᱱᱯᱷᱳᱨᱢᱮᱥᱚᱱ ᱨᱮᱭᱟᱜ ᱦᱮᱨᱯᱷᱮᱨ ᱪᱮᱛᱟᱱ ᱴᱮᱦᱟᱸᱰ ᱢᱮᱱᱟᱜᱼᱟ ᱡᱟᱦᱟᱸ ᱫᱚ ᱵᱟᱭᱱᱟᱨᱤ ᱱᱚᱢᱵᱚᱨ ᱛᱮ ᱠᱳᱰᱤᱝ ᱦᱩᱭᱩᱜᱼᱟ᱾
579,"बाइनरी संख्या में केवल दो मूल्यों में से एक हो सकती है, यानी 0 या 1, तथा इन संख्या को बाइनरी अंकों - या बिट्स के रूप में वर्णित किया जाता है, ताकि कम्प्यूटर केॉनॉन का प्रयोग करें.","ᱢᱤᱫ ᱵᱟᱭᱱᱟᱨᱤ ᱱᱚᱢᱵᱚᱨ ᱨᱮ ᱵᱟᱨᱭᱟ ᱢᱩᱸᱫᱽ ᱨᱮ ᱠᱷᱟᱹᱞᱤ ᱢᱤᱫ ᱢᱟᱱ ᱛᱟᱦᱮᱸ ᱫᱟᱲᱮᱭᱟᱜᱼᱟ, ᱢᱮᱱᱫᱚ ᱐ ᱵᱟᱝᱠᱷᱟᱱ ᱑, ᱟᱨ ᱠᱚᱢᱯᱤᱭᱩᱴᱟᱨ ᱡᱟᱜᱨᱚᱱ ᱵᱮᱵᱷᱟᱨ ᱞᱟᱹᱜᱤᱫ ᱱᱚᱣᱟ ᱱᱚᱢᱵᱚᱨ ᱫᱚ ᱵᱟᱭᱱᱟᱨᱤ ᱮᱞᱠᱷᱟ ᱥᱮ ᱵᱤᱴ ᱠᱚ. ᱢᱮᱛᱟᱜᱼᱟ᱾"
580,इस बीमारी का पता लगाने के लिए ज़रूरी है कि आप अपने शरीर की जाँच - परख करें ।,ᱚᱱᱛᱚᱨ ᱵᱤᱥ ᱠᱟᱹᱢᱤ ᱥᱚᱸᱜᱮ ᱛᱮ ᱵᱟᱝ ᱵᱩᱡᱷᱟᱹᱣ ᱜᱚᱫᱚᱜᱼᱟ᱾ ᱵᱮᱜ ᱞᱮᱠᱟᱱ ᱞᱚᱠᱠᱷᱚᱱ ᱟᱹᱰᱤ ᱥᱟᱫᱷᱟᱨᱚᱱ ᱜᱮᱭᱟ ᱚᱱᱟᱛᱮ ᱥᱚᱸᱜᱮ~ᱥᱚᱸᱜᱮ ᱛᱮ ᱨᱩᱣᱟᱹ ᱵᱟᱝ ᱵᱩᱡᱷᱟᱹᱜᱼᱟ᱾
581,"अंदरूनी बीमारियों का सबसे बढ़िया सबूत हो सकता है, नशीली दवाओं या ज़हरीली घरेलू रसायनों का एक खुला पात्र ।",ᱚᱱᱛᱚᱨ ᱵᱤᱥ ᱠᱟᱹᱢᱤ ᱨᱮᱭᱟᱜ ᱵᱷᱟᱜᱮ ᱩᱱᱩᱫᱩᱜ ᱫᱚ ᱨᱟᱱ ᱥᱮ ᱴᱚᱱᱥᱤᱠ ᱜᱷᱟᱨᱚᱸᱡᱤᱭᱟᱹ ᱠᱮᱢᱤᱠᱮᱞ ᱨᱮᱭᱟᱜ ᱯᱷᱟᱠᱟ ᱠᱚᱱᱴᱮᱱᱟᱨ ᱨᱮᱭᱟᱜ ᱛᱟᱦᱮᱸᱱ ᱦᱩᱭ ᱫᱟᱲᱮᱭᱟᱜᱼᱟ᱾
582,उस विशिष्ट ज़हर के लिए विशिष्ट मदद निर्देशों के लिए लेबल जाँचें.,ᱚᱱᱟ ᱜᱚᱴᱟᱣᱟᱠᱟᱱ ᱵᱤᱥ ᱞᱟᱹᱜᱤᱫ ᱜᱚᱴᱟᱣᱟᱠᱟᱱ ᱮᱛᱚᱦᱚᱵ ᱛᱤᱠᱤᱪᱷᱟᱹ ᱟᱫᱮᱥ ᱞᱟᱹᱜᱤᱫ ᱞᱮᱵᱮᱞ ᱧᱮᱞ ᱢᱮ᱾
583,इन कीड़ों के इस समूह के लिए एक औपचारिक अर्थ में इस शब्द का प्रयोग किया जाता है ।,ᱛᱤᱡᱩ ᱨᱮᱭᱟᱜ ᱱᱚᱣᱟ ᱜᱩᱥᱴᱤ ᱞᱟᱹᱜᱤᱫ ᱳᱯᱪᱟᱨᱤᱠ ᱟᱨᱛ ᱨᱮ ᱠᱤᱴᱵᱤᱜᱭᱟᱱ ᱫᱟᱨᱟᱭ ᱛᱮ ᱵᱟᱜ ᱥᱟᱵᱟᱫ ᱨᱮᱭᱟᱜ ᱵᱮᱵᱷᱟᱨᱚᱜ ᱠᱟᱱᱟ᱾
584,"यह शब्द ब-विधकों के साथ प्राचीन ज्ञान से प्राप्त होता है, जो कि कीड़ों से मनुष्यों को रोकने के लिए बहुत अनुकूलित हैं.","ᱱᱚᱣᱟ ᱥᱟᱵᱟᱫ ᱫᱚ ᱵᱮᱰ-ᱵᱳᱜᱽᱠᱚ ᱥᱟᱶᱛᱮ ᱯᱨᱟᱪᱤᱱ ᱠᱷᱚᱱ ᱩᱰᱩᱠ ᱟᱠᱟᱱᱟ, ᱡᱟᱦᱟᱸ ᱫᱚ ᱢᱟᱱᱣᱟ ᱠᱚ ᱯᱚᱨᱡᱤᱣᱤ ᱵᱮᱱᱟᱣ ᱞᱟᱹᱜᱤᱫ ᱟᱹᱰᱤ ᱵᱟᱹᱲᱛᱤ ᱩᱥᱠᱟᱹᱣ ᱮᱫ ᱠᱟᱱᱟᱭI"
585,"Asassssssss-gs और Bund- bugs गरीब हैं, अपने होस्ट के घर या आवास में रहने के लिए अनुकूल है.","ᱟᱥᱮᱥᱤᱱ-ᱵᱟᱜ ᱟᱨ ᱵᱮᱴ-ᱵᱟᱜ ᱵᱟᱱᱟᱨ ᱜᱮ ᱱᱤᱰᱤᱠᱳᱞᱚᱥ ᱠᱟᱱᱟ, ᱡᱟᱦᱟᱱ ᱫᱚ ᱟᱭ ᱨᱮ ᱯᱮᱲᱟ ᱣᱟᱜ ᱚᱲᱟᱜ ᱟᱨ ᱟᱲᱟᱜ ᱨᱮ ᱛᱟᱦᱮᱱ ᱞᱟᱹᱜᱤᱫ ᱜᱟᱱᱚᱜ ᱞᱮᱠᱟᱭ ᱵᱮᱱᱟᱣᱟ᱾"
586,"अमरीका के संयुक्‍त राज्य में, अनेक तथाकथित रोग (MS) के लगभग ४,००,००० ज्ञात मामले हैं ।","ᱥᱟᱶᱛᱟ ᱯᱚᱱᱚᱛ ᱟᱢᱮᱨᱤᱠᱟ ᱨᱮ, ᱢᱟᱹᱞᱴᱤᱯᱟᱹᱞ ᱥᱠᱮᱞᱮᱨᱚᱥᱤᱥ (MS) ᱨᱤᱱ ᱛᱤᱱᱟᱹᱜ ᱔᱐᱐,᱐᱐᱐ ᱢᱟᱹᱢᱞᱟᱹ ᱢᱮᱱᱟᱜᱼᱟ, ᱚᱠᱟ ᱫᱚ ᱭᱩᱵᱟ ᱟᱨ ᱢᱚᱫᱷᱭᱟᱹᱢ ᱟᱹᱭᱩ ᱣᱚᱨᱜᱽ ᱨᱤᱱ ᱣᱚᱭᱚᱥᱠ ᱨᱮ ᱯᱨᱚᱢᱩᱠᱷ ᱱᱭᱩᱨᱚᱞᱚᱡᱤᱠᱟᱹᱞ ᱨᱚᱜᱽ ᱦᱤᱥᱟᱹᱵ ᱛᱮ ᱪᱷᱟᱲᱟ ᱩᱛᱟᱹᱨᱟᱭ᱾"
587,"यह एक ऐसी बीमारी है जो मध्य तंत्रिका तंत्र को प्रभावित करती है, जो मस्तिष्क से बनी होती है, नसों की हड्डी और नसों को प्रभावित करती है ।","MS ᱢᱤᱫᱴᱟᱹᱝ ᱱᱚᱠᱟ ᱵᱮᱢᱟᱨᱤ ᱠᱟᱱᱟ ᱚᱠᱟ ᱫᱚ ᱠᱮᱱᱫᱨᱭᱚ ᱛᱚᱱᱛᱨᱤᱠᱟ ᱛᱚᱱᱛᱨᱚ ᱠᱟ ᱯᱨᱚᱵᱷᱟᱣᱤᱛ ᱟᱭ, ᱚᱠᱟ ᱫᱚ ᱵᱷᱮᱡᱟ, ᱥᱯᱟᱭᱱᱟᱹᱞ ᱠᱚᱰ ᱟᱨ ᱚᱯᱴᱤᱠ ᱱᱟᱹᱨᱵᱷ ᱛᱮ ᱛᱮᱭᱟᱨ ᱠᱟᱱᱟ᱾"
588,खोज से पता चला है कि मादा दो गुना ज़्यादा है और उस वक्‍त नर भी ।,ᱥᱚᱫᱷ ᱨᱮ ᱵᱟᱲᱟᱭ ᱞᱮᱱᱟ ᱡᱮ ᱠᱚᱲᱟ ᱨᱟᱭᱟᱜ ᱛᱩᱞᱱᱟᱹ ᱨᱮ ᱠᱩᱲᱤ ᱨᱮ ᱮᱢᱹᱮᱥᱹ ᱛᱟᱦᱮᱸ ᱨᱮᱭᱟᱜ ᱥᱚᱢᱵᱷᱟᱣᱱᱟ ᱫᱚ ᱜᱩᱱᱟᱹ ᱰᱷᱮᱨ ᱜᱮ ᱛᱟᱦᱮᱸᱱ ᱠᱟᱱᱟ᱾
589,"एक पति - पत्नी शायद यह तय करें कि बच्चे की परवरिश करना उनकी सबसे अच्छी दिलचस्पी नहीं, या अपने बच्चे की दिलचस्पी में नहीं है ।",ᱢᱤᱫᱴᱟᱹᱝ ᱵᱩᱰᱷᱟᱼᱵᱩᱰᱷᱤ ᱱᱚᱶᱟ ᱠᱤᱱ ᱴᱷᱟᱹᱣᱠᱟᱹ ᱫᱟᱲᱮᱭᱟᱜᱼᱟ ᱡᱮ ᱜᱤᱫᱽᱲᱟᱹ ᱠᱚ ᱟᱹᱥᱩᱞ ᱞᱟᱹᱜᱤᱫ ᱱᱚᱶᱟ ᱩᱱᱠᱩᱣᱟᱜ ᱥᱚᱨᱣᱚᱛᱚᱢ ᱦᱤᱛ ᱨᱮ ᱟᱨ ᱵᱟᱝ ᱟᱠᱚᱣᱟᱜ ᱜᱤᱫᱽᱨᱟᱹ ᱠᱚᱣᱟᱜ ᱦᱤᱛ ᱨᱮ ᱵᱟᱹᱱᱩᱜᱼᱟ᱾
590,ये पति - पत्नी शायद अपने बच्चे के लिए एक गोद लेने की योजना बनाएँ ।,ᱱᱩᱠᱤᱱ ᱵᱩᱰᱷᱟᱼᱵᱩᱰᱷᱤ ᱫᱚ ᱩᱱᱠᱤᱱᱟᱜ ᱜᱤᱫᱽᱨᱟᱹ ᱦᱟᱛᱟᱣ ᱞᱟᱹᱜᱤᱫ ᱱᱤᱛᱤ ᱴᱷᱟᱹᱣᱠᱟᱹ ᱞᱟᱹᱜᱤᱫ ᱵᱟᱪᱷᱟᱣ ᱫᱟᱲᱮᱭᱟᱜᱼᱟ ᱠᱤᱱ᱾
591,माँ - बाप अपने बच्चे को गोद में रखते वक्‍त अपने माँ - बाप के हक को बंद कर देते हैं ताकि कोई और जोड़ा बच्चा पैदा कर सके ।,"ᱢᱤᱫᱴᱟᱹᱝ ᱦᱟᱛᱟᱣ ᱞᱟᱹᱜᱤᱫ, ᱡᱟᱱᱟᱢ ᱮᱢ ᱤᱡ ᱟᱭᱳᱼᱵᱟᱵᱟ ᱟᱠᱚᱣᱟᱜ ᱟᱭᱳᱼᱵᱟᱵᱟ ᱨᱤᱱ ᱚᱫᱷᱤᱠᱟᱹᱨ ᱠᱚ ᱢᱩᱪᱟᱹᱫ ᱠᱟᱜ ᱠᱟᱱᱟ ᱠᱚ ᱢᱮᱱᱠᱷᱟᱱ ᱟᱨ ᱢᱤᱫᱴᱟᱹᱝ ᱟᱨ ᱡᱟᱣᱟ ᱜᱤᱫᱽᱨᱟᱹ ᱨᱮᱭᱟᱜ ᱟᱹᱥᱩᱞ ᱠᱤᱱ ᱠᱚᱨᱟᱣ ᱫᱟᱲᱮ ᱠᱮᱭᱟ᱾"
592,"विज्ञान का मुख्य लक्ष्य है, यह पता लगाना कि दुनिया वैज्ञानिक तरीक़े से कैसे कार्य करती है ।",ᱡᱮᱜᱮᱛ ᱫᱚ ᱥᱟᱮᱬᱴᱤᱯᱷᱤᱠ ᱦᱤᱥᱟᱹᱵ ᱛᱮ ᱪᱮᱞᱠᱟ ᱠᱟᱹᱢᱤᱭᱟᱭ ᱥᱟᱭᱮᱬᱴᱤᱥᱴ ᱠᱚᱣᱟᱜ ᱢᱩᱞ ᱩᱫᱮᱥ ᱠᱟᱱᱟ᱾ ᱱᱚᱶᱟ ᱛᱚᱨᱠᱟ ᱵᱟᱹᱲᱛᱤ ᱥᱟᱮᱬᱴᱤᱯᱷᱤᱠ ᱥᱮᱸᱫᱽᱨᱟ ᱠᱚ ᱟᱹᱭᱩᱨ ᱟᱭ᱾
593,"लेकिन, यह केवल प्रयोग नहीं है, और एक प्रयोग ऐसी परीक्षा है जिसे संभव रूप से जाँच - पड़ताल, प्रश्‍न पूछने, और विचार - विमर्श करने के लिए प्रयोग किया जाता है ।","ᱢᱮᱱᱠᱷᱟᱱ ᱱᱟᱶᱟ ᱫᱚ ᱮᱠᱞᱟ ᱵᱟᱝ ᱠᱟᱱᱟ, ᱯᱨᱚᱭᱚᱜᱽ, ᱟᱨ ᱢᱤᱫᱴᱟᱹᱝ ᱯᱨᱚᱭᱚᱜᱽ ᱨᱮᱭᱟᱜ ᱵᱤᱱᱤᱰ ᱠᱟᱱᱟ ᱡᱟᱦᱟᱸ ᱨᱮᱭᱟᱜ ᱵᱮᱵᱷᱟᱨ ᱢᱤᱫ ᱠᱷᱚᱱ ᱰᱷᱮᱨ ᱥᱚᱢᱵᱷᱟᱵᱤᱛ ᱯᱚᱨᱤᱠᱚᱞᱯᱚᱱᱟ ᱠᱚ ᱪᱟᱵᱟ ᱞᱟᱹᱜᱩᱫ ᱠᱚ ᱠᱟᱨᱟᱣ ᱟ,‌ ᱠᱩᱠᱞᱤ ᱫᱚᱦᱚ ᱟᱨ ᱧᱮᱞᱵᱤᱲᱟᱹᱣ ᱠᱚᱨᱟᱣ ᱦᱚᱸ ᱵᱚᱭᱜᱭᱟᱱᱤᱠ ᱚᱱᱩᱥᱚᱱᱫᱷᱟᱱ ᱨᱮᱭᱟᱜ ᱢᱟᱨᱜᱽᱫᱚᱨᱥᱚᱱ ᱮ ᱠᱚᱨᱟᱣ ᱟᱭ᱾"
594,स्वाभाविकवादी और तत्वज्ञानियों ने लैटिन भाषा में शास्त्रीय पाठों पर और विशेष रूप से बाइबल पर ध्यान केंद्रित किया ।,ᱯᱨᱚᱠᱨᱩᱛᱤᱵᱟᱫ ᱟᱨ ᱫᱟᱨᱥᱟᱱᱤᱠᱚ ᱫᱚ ᱥᱟᱹᱥᱛᱨᱤᱭᱚ ᱜᱽᱨᱚᱱᱛᱷ ᱟᱨ ᱵᱤᱥᱮᱥ ᱨᱩᱯ ᱛᱮ ᱞᱮᱴᱤᱱ ᱨᱮ ᱵᱟᱭᱵᱤᱞ ᱨᱮ‌‌ ᱫᱷᱭᱟᱱ ᱮᱢ ᱪᱷᱚ ᱠᱮᱜᱼᱟᱭ᱾
595,"माना जाता है कि विज्ञान के सभी विषयों पर अरस्तू का दृष्टिकोण है, जिसमें मनोविज्ञान भी शामिल है।",ᱢᱚᱱᱮᱥᱟᱮᱬᱥ ᱥᱟᱶᱛᱮ ᱥᱟᱮᱬᱥ ᱨᱮᱭᱟᱜ ᱡᱷᱚᱛᱚ ᱢᱟᱹᱢᱞᱟᱹ ᱨᱮ ᱟᱹᱨᱟᱹᱥᱛᱩ ᱨᱮᱭᱟᱜ ᱵᱤᱪᱟᱹᱨ ᱥᱟᱶᱛᱮ ᱢᱮᱱᱟᱜᱼᱟ᱾
596,"जैसे यूनानी भाषा का ज्ञान अस्वीकार किया गया, पश्‍चिम ने स्वयं अपने आप को यूनानी तत्त्वज्ञान और वैज्ञानिक जड़ों से नाश किया ।","ᱡᱮᱞᱠᱟᱼᱡᱮᱞᱠᱟ ᱜᱽᱨᱤᱠ ᱨᱮᱭᱟᱜ ᱜᱭᱟᱱ ᱠᱚᱢ ᱤᱫᱤ ᱮᱱᱟ, ᱯᱟᱪᱮ ᱯᱟᱦᱴᱟ ᱫᱚ ᱟᱡ ᱛᱮᱜᱮ ᱜᱽᱨᱤᱠ ᱫᱟᱹᱨᱥᱚᱱᱤᱠ ᱟᱨ ᱥᱟᱮᱬᱥᱤᱭᱟᱹ ᱡᱚᱲᱟᱣ ᱠᱷᱚᱱ ᱠᱟᱴᱟᱣ ᱞᱮᱠᱷᱟ ᱵᱩᱡᱷᱟᱹᱣ ᱠᱮᱜᱼᱟᱭ᱾"
597,बहुत - से लोगों ने जीव - विज्ञान और व्यवहार में ताल - मेल देखा है ।,ᱦᱚᱲᱢᱚ ᱨᱮᱭᱟᱜ ᱠᱟᱹᱢᱤ ᱥᱟᱮᱬᱥ ᱟᱨ ᱵᱮᱵᱷᱟᱨ ᱨᱮ ᱧᱮᱞ ᱠᱩᱜ ᱚᱝᱠᱟ ᱜᱮ ᱚᱱᱛᱚᱨᱡᱚᱛ ᱪᱚᱠᱨᱚ ᱨᱮᱭᱟᱜ ᱛᱟᱦᱮᱸᱱ ᱟᱨ ᱡᱮᱣᱤᱠ ᱜᱷᱩᱲᱤ ᱨᱮᱭᱟᱜ ᱢᱟᱫᱷᱭᱚᱢ ᱛᱮ ᱩᱱᱠᱩᱣᱟᱜ ᱩᱛᱯᱟᱹᱫᱚᱱ ᱪᱮᱛᱟᱱ ᱨᱮ ᱱᱤᱨᱵᱷᱚᱨᱚᱜ ᱠᱟᱱᱟ᱾
598,"इसके अलावा, ज़्यादातर जीवित प्राणियों के लिए, जिनमें जीवाणु, मौज - मस्ती, पौधों और जानवरों के बारे में भी जानकारी दी गयी है ।","ᱚᱣᱫᱷᱤ ᱞᱚᱭ, ᱡᱟᱦᱟᱸᱭ ᱫᱚ ᱠᱷᱟᱹᱞᱤ ᱵᱟᱷᱨᱮ ᱚᱣᱫᱷᱤ ᱥᱚᱝᱠᱮᱛ ᱨᱮᱭᱟᱜ ᱯᱨᱚᱛᱤᱠᱨᱤᱭᱟᱹ ᱵᱟᱝ ᱠᱟᱱᱟ, ᱵᱮᱠᱴᱤᱨᱤᱭᱟ, ᱠᱚᱣᱟᱹᱠ, ᱫᱟᱨᱮ ᱟᱨ ᱡᱤᱣ ᱥᱟᱶᱛᱮ ᱵᱟᱹᱲᱛᱤᱭᱟᱱ ᱡᱤᱣᱚᱱ ᱯᱨᱚᱬᱟᱹᱞᱤ ᱞᱟᱹᱜᱤᱫ ᱥᱟᱺᱪᱟᱣ ᱠᱟᱛᱮ ᱠᱚ ᱫᱚᱦᱚ ᱠᱟᱫ ᱠᱚᱣᱟ᱾"
599,जीवविज्ञानीय घड़ी स्वयं सहारा देनेवालों हैं जो बाहरी विरोध की कमी में भी मुक्त-दूरी के एक दौर जारी रखेंगे.,ᱡᱮᱣᱤᱠ ᱜᱷᱚᱲᱤ ᱱᱤᱡᱮ ᱜᱮ ᱛᱮᱭᱟᱨ ᱫᱚᱦᱚᱤᱡ ᱫᱚᱞᱟᱹᱠ ᱠᱟᱱᱟᱭ ᱡᱟᱦᱟᱸᱭ ᱫᱚ ᱵᱟᱦᱨᱮ ᱥᱚᱝᱠᱮᱛ ᱨᱮᱭᱟᱜ ᱚᱵᱷᱟᱣ ᱨᱮ ᱦᱚᱸ ᱯᱚᱞᱟᱼᱫᱟᱹᱲ ᱥᱟᱭᱠᱞᱤᱝ ᱨᱮᱭᱟᱜ ᱚᱣᱫᱷᱤ ᱦᱚᱸ ᱡᱟᱹᱨᱤ ᱫᱚᱦᱚᱭᱟᱭ᱾
600,डी. एन. ए.,ᱦᱟᱹᱨᱥ ᱟᱨ ᱪᱮᱥ ᱯᱨᱚᱭᱚᱜᱽ ᱫᱚ ᱯᱨᱚᱢᱤᱠᱷ ᱥᱩᱡᱷᱟᱹᱣ ᱠᱷᱚᱱ ᱢᱤᱫᱴᱟᱹᱝ ᱛᱟᱦᱮᱸ ᱠᱟᱱᱟ ᱡᱮ ᱰᱤᱹᱮᱱᱹᱮᱹ ᱢᱤᱫᱴᱟᱹᱝ ᱚᱱᱩᱵᱚᱝᱥᱤᱠ ᱡᱤᱱᱤᱥ ᱛᱟᱦᱮᱸ ᱠᱟᱱᱟ᱾
601,डी. एन. ए.,ᱦᱟᱹᱨᱥᱤ ᱟᱨ ᱪᱮᱡᱽ ᱫᱚ ᱟᱠᱚ ᱱᱤᱡᱚᱨ ᱨᱮᱭᱟᱜ ᱰᱤᱹᱮᱱᱹᱮᱹ ᱫᱚ ᱢᱤᱫᱴᱟᱹᱝ ᱡᱤᱣᱟᱬᱩ ᱨᱮ ᱵᱚᱞᱚ ᱪᱷᱚ ᱞᱟᱹᱜᱩᱫ ᱯᱷᱮᱡᱽ ᱵᱟᱝᱠᱷᱟᱱ ᱣᱟᱭᱨᱟᱹᱥ ᱨᱮᱭᱟᱜ ᱵᱮᱵᱷᱟᱨ ᱠᱤᱱ ᱠᱚᱨᱟᱣ ᱠᱮᱜᱼᱟ᱾
602,"उन्होंने दो परीक्षण किए, जिनमें या तो ब्लॉफोसोरस में, या तो एक रेडियो ब्लॉफॉस या ब्लैप की प्रोटीन होती थी ।",ᱩᱱᱠᱤᱱ ᱫᱚ ᱨᱮᱰᱤᱭᱳᱮᱠᱴᱤᱵᱷ ᱯᱷᱚᱥᱯᱷᱚᱨᱚᱥ ᱥᱟᱶᱛᱮ ᱯᱷᱮᱡ ᱨᱮᱭᱟᱜ ᱰᱤᱹᱮᱱᱹᱮᱹ ᱟᱨ ᱵᱟᱝ ᱨᱮᱰᱤᱭᱳᱮᱠᱴᱤᱵᱷ ᱥᱟᱹᱞᱯᱷᱟᱹᱨ ᱥᱟᱶᱛᱮ ᱯᱷᱮᱡᱽ ᱨᱮᱭᱟᱜ ᱯᱨᱚᱴᱤᱱ ᱠᱚ ᱪᱤᱱᱦᱟᱹᱯ ᱠᱚᱨᱟᱣ ᱠᱟᱛᱮ ᱵᱟᱨᱭᱟ ᱯᱨᱚᱭᱚᱜᱽ ᱠᱚᱨᱟᱣ ᱠᱮᱜᱼᱟᱭ᱾
603,"उत्परिवर्तन की तरह उत्परिवर्तन के आधार पर अलग अलग - अलग प्रभाव हो सकते हैं, आनुवंशिक सामग्री के एक टुकड़ा प्रभाव का मतलब है और क्या कोशिकाओं को प्रभावित करता है- scuts कोशिकाओं हैं.","ᱩᱛᱵᱚᱫᱚᱞ ᱨᱮᱭᱟᱜ ᱯᱨᱚᱠᱟᱨ ᱨᱮᱭᱟᱜ ᱟᱹᱫᱷᱟᱨ ᱛᱮ ᱩᱛᱵᱚᱫᱚᱞ ᱨᱮᱭᱟᱜ ᱮᱴᱟᱜᱼᱮᱴᱟᱜ ᱯᱨᱚᱵᱷᱟᱣ ᱦᱩᱭ ᱫᱟᱲᱮᱭᱟᱜᱼᱟ, ᱯᱨᱚᱵᱷᱟᱣᱤᱠ ᱟᱹᱬᱩᱵᱟᱠᱥᱤᱠ ᱡᱤᱱᱤᱥ ᱨᱮᱭᱟᱜ ᱜᱮᱡᱮᱨ ᱨᱮᱭᱟᱜ ᱢᱚᱦᱚᱛ ᱟᱨ ᱯᱨᱚᱵᱷᱟᱣ ᱠᱟᱱ ᱠᱚᱥᱤᱠᱟᱹ ᱨᱩᱜᱟᱹᱬᱩ ᱨᱮᱠᱷᱟᱹ ᱠᱚᱥᱤᱠᱟᱹ ᱠᱟᱱᱟ ᱠᱚ᱾"
604,"जन्म- पंक्ति कोशिकाओं में केवल उत्परिवर्तन बच्चों के लिए पारित किया जा सकता है, जबकि उत्परिवर्तन अन्य स्थानों पर किए जा सकते हैं कोशिका मृत्यु या कैंसर का कारण हो सकता है.","ᱠᱷᱟᱹᱟᱞᱤ ᱡᱟᱹᱨᱢ ᱞᱟᱭᱤᱱ ᱠᱚᱥᱤᱠᱟᱹ ᱨᱮ ᱡᱟᱱᱟᱢ ᱠᱟᱱ ᱜᱤᱫᱽᱨᱟᱹ ᱠᱚ ᱯᱟᱹᱨᱤᱛ ᱠᱚᱣᱟ ᱠᱚ, ᱦᱮᱞᱮ ᱮᱴᱟᱜ ᱡᱟᱭᱜᱟ ᱠᱚᱨᱮ ᱢᱭᱩᱴᱮᱥᱚᱱ ᱠᱚᱥᱤᱠᱟᱹᱼᱜᱩᱨ ᱟᱨ ᱵᱟᱝ ᱠᱮᱱᱥᱚᱨ ᱨᱮᱭᱟᱜ ᱠᱟᱨᱚᱬ ᱦᱩᱭ ᱫᱟᱲᱮᱭᱟᱜᱼᱟ᱾"
605,"प्रकृति पर आधारित इमारतें लोगों को स्वाभाविक क्षेत्रों का दौरा करने के उद्देश्‍य से स्वाभाविक क्षेत्रों में दिलचस्पी जगाती हैं, यहाँ तक कि पौधे और पशु जीव - पक्षियों का भी आनंद लेने के उद्देश्‍य से ।",ᱥᱤᱨᱡᱚᱱ-ᱟᱫᱷᱟᱨᱤᱛ ᱴᱚᱨᱤᱡᱢ ᱫᱟᱨᱮ ᱟᱨ ᱡᱤᱱᱛᱤ ᱯᱤᱯᱲᱤ ᱟᱨ ᱵᱤᱨ ᱡᱟᱱᱣᱟᱨ ᱥᱟᱶ ᱧᱮᱞ ᱨᱮᱱᱟᱜ ᱨᱟᱹᱥᱠᱟᱹ ᱦᱟᱛᱟᱣ ᱨᱮᱱᱟᱜ ᱩᱫᱮᱥ ᱛᱮ ᱥᱤᱨᱡᱚᱱ ᱨᱮᱱᱟᱜ ᱡᱟᱭᱜᱟ ᱠᱚ ᱫᱟᱬᱟᱱ ᱞᱟᱹᱜᱤᱫ ᱨᱤᱦᱤᱴ ᱢᱮᱱᱟᱜ ᱦᱚᱲ ᱠᱚ ᱞᱟᱣᱮᱨ ᱟᱹᱜᱩᱭᱮᱫ ᱠᱚᱣᱟᱭ᱾
606,"इनमें शिकार, मछली, फोटोग्राफी, पक्षी देख - रेख और पर्यावरण के बारे में जानकारी का अध्ययन करने की मिसालें शामिल हैं ।","ᱥᱟᱭᱤᱴ ᱠᱟᱹᱢᱤᱠᱟᱹᱥᱱᱤᱠᱚ ᱨᱮᱱᱟᱜ ᱫᱟᱹᱭᱠᱟᱹ ᱠᱚᱨᱮ ᱥᱮᱸᱫᱽᱨᱟ, ᱦᱟᱹᱠᱩ ᱥᱟᱵ, ᱯᱷᱚᱴᱚᱜᱨᱟᱯᱷᱤ, ᱪᱮᱬᱮ ᱪᱤᱯᱨᱩ ᱧᱮᱞ ᱟᱨ ᱯᱟᱨᱠ ᱠᱚᱨᱮ ᱫᱟᱬᱟᱱ ᱟᱨ ᱤᱠᱳᱥᱤᱥᱴᱚᱢ ᱤᱫᱤᱭᱟᱛᱮ ᱵᱟᱰᱟᱭ ᱨᱮᱱᱟᱜ ᱯᱚᱲᱦᱚᱱ ᱟᱹᱠᱤᱞ ᱥᱮᱞᱮᱫ ᱢᱮᱱᱟᱜᱼᱟI"
607,"एक उदाहरण है, फोटो - ड्रामािंग, और जन्म - स्थानी लोगों के बारे में सीखना ।","ᱢᱤᱫᱴᱟᱝ ᱫᱟᱹᱭᱠᱟ ᱵᱚᱨᱱᱤᱭᱟ ᱨᱮ ᱚᱨᱜᱮᱱᱟᱴᱩᱸᱜᱥ ᱵᱟᱵᱚᱛ ᱵᱟᱲᱟᱭ ᱮᱱᱟ, ᱯᱷᱚᱴᱚ ᱨᱟᱠᱟᱵ ᱨᱮᱱᱟᱜ ᱟᱨ ᱟᱹᱠᱤᱞᱚᱜᱼᱟ᱾"
608,"हर सुबह, लोग कारों में छोटे - छोटे शहरों को अपना काम करने के लिए छोड़ देते हैं और दूसरे हैं जिनकी मंज़िल उनके पास है ।","ᱫᱤᱱᱟᱹᱢ ᱥᱮᱛᱟᱜ, ᱦᱚᱲᱠᱚ ᱠᱟᱹᱢᱤᱴᱷᱟᱶ ᱨᱮ ᱥᱮᱱᱚᱜ ᱞᱟᱹᱜᱤᱫ ᱦᱩᱰᱤᱧ ᱥᱚᱦᱚᱨ ᱠᱚᱨᱮ ᱠᱷᱚᱱ ᱠᱟᱨ ᱛᱮ ᱠᱚ ᱚᱰᱚᱠᱚᱜ ᱠᱟᱱᱟ ᱠᱚ ᱟᱨ ᱮᱴᱟᱜ ᱦᱚᱲ ᱠᱚ ᱥᱟᱶ ᱠᱚ ᱯᱟᱨᱚᱢᱚᱜ ᱠᱟᱱᱟ ᱡᱟᱦᱟᱸᱭ ᱟᱜ ᱠᱟᱹᱢᱤ ᱥᱟᱺᱜᱤᱧ ᱚᱱᱟ ᱡᱟᱭᱜᱟ ᱛᱟᱦᱮᱱ ᱠᱟᱱᱟ ᱡᱟᱦᱟᱸ ᱠᱷᱚᱱ ᱩᱱᱤ ᱱᱤᱛ ᱱᱟᱝ ᱮ ᱚᱰᱚᱠᱚᱜ ᱠᱟᱱᱟ᱾"
609,"इस गतिशील परिवहन में हर किसी के साथ जुड़ा हुआ है, और समर्थन, निजी कारों पर आधारित एक परिवहन प्रणाली।","ᱱᱚᱣᱟ ᱪᱟᱹᱞᱩᱣᱟᱠᱟᱱ ᱯᱚᱨᱤᱵᱚᱦᱚᱱ ᱥᱚᱴᱚᱞ ᱨᱮ ᱡᱚᱛᱚ ᱦᱚᱲ ᱡᱟᱦᱟᱸᱱᱟᱜ ᱵᱟᱝ ᱡᱟᱦᱟᱸᱱᱟᱜ ᱞᱮᱠᱟᱛᱮ ᱡᱚᱲᱟᱣ ᱟᱠᱟᱱᱟ, ᱟᱨ ᱱᱤᱡᱮᱭᱟᱜ ᱠᱟᱨ ᱢᱩᱬ ᱛᱮ ᱯᱚᱨᱤᱵᱚᱦᱚᱱ ᱯᱨᱚᱱᱟᱞᱤ ᱥᱚᱢᱚᱨᱛᱷᱚᱱ ᱮᱫ-ᱟᱠᱚI"
610,"विज्ञान अब सूचित करता है कि इस विशाल कार्बन उद्योग ने अपने एक स्थिर क्षेत्र से बायोमिमेटिक्स को निकाल दिया है, जिसने पिछले दो करोड़ सालों से मानव विकास का समर्थन किया है ।",ᱥᱟᱬᱮᱥ ᱱᱤᱛᱚᱜ ᱥᱚᱫᱚᱨ ᱮᱫᱟᱭ ᱡᱮ ᱱᱤᱭᱟᱹ ᱢᱟᱨᱟᱝ ᱠᱟᱨᱵᱚᱱ ᱠᱟᱹᱣᱰᱤ ᱟᱹᱨᱤ ᱫᱚ ᱡᱤᱣᱢᱚᱱᱰᱚᱞ ᱟᱡᱟᱜ ᱛᱷᱩᱠᱟᱹᱢ ᱨᱟᱡᱽ ᱠᱷᱚᱱ ᱢᱤᱫᱴᱟᱝ ᱢᱤᱫ ᱠᱷᱚᱱᱟᱜ ᱥᱟᱦᱟ ᱟᱠᱟᱫᱟ ᱡᱟᱦᱟᱸᱭ ᱫᱚ ᱯᱟᱨᱚᱢᱮᱱ ᱵᱟᱨ ᱢᱤᱞᱤᱭᱚᱱ ᱥᱮᱨᱢᱟ ᱠᱷᱚᱱ ᱢᱟᱱᱟᱣ ᱵᱤᱠᱟᱥ ᱨᱮᱱᱟᱜ ᱥᱟᱢᱟᱨᱛᱷᱟᱱ ᱠᱮᱫᱟ᱾
611,लगभग सभी लोग परिवहन व्यवस्थाओं के बारे में शिकायत करते हैं ।,ᱡᱷᱚᱛᱚ ᱜᱮ ᱥᱚᱢᱟᱡᱽ ᱨᱮ ᱵᱷᱟᱜ ᱠᱚ ᱤᱫᱤᱭᱮᱫᱼᱟ ᱟᱨ ᱯᱚᱨᱤᱣᱟᱦᱚᱱ ᱥᱮᱣᱟ ᱨᱮᱭᱟᱜ ᱵᱮᱵᱷᱟᱨ ᱠᱚᱨᱟᱣᱮᱫᱼᱟᱭ᱾ ᱯᱨᱟᱭ ᱡᱷᱚᱛᱚ ᱦᱚᱲ ᱯᱚᱨᱤᱣᱟᱦᱚᱱ ᱯᱨᱚᱬᱟᱞᱤ ᱵᱟᱵᱚᱛ ᱠᱷᱚᱵᱚᱨᱮᱫᱟ ᱠᱚ᱾
612,विकसित देशों में आप कभी - कभी पानी गुणवत्ता या पुल के गिरने के बारे में शिकायतों के समान स्तर सुनते हैं ।,ᱣᱤᱠᱥᱤᱛ ᱫᱤᱥᱚᱢ ᱨᱮ ᱟᱢ ᱯᱟᱞᱮ ᱜᱮ ᱫᱟᱜ ᱨᱮᱭᱟᱜ ᱜᱩᱬᱣᱚᱠᱛᱟ ᱟᱨ ᱯᱩᱞ ᱠᱚ ᱨᱮᱭᱟᱜ ᱧᱩᱨᱩᱜ ᱨᱮᱭᱟᱜ ᱥᱚᱢᱟᱱ ᱥᱛᱟᱨ ᱨᱮᱭᱟᱜ ᱠᱷᱚᱵᱚᱨ ᱟᱸᱡᱚᱢ ᱮᱫᱟᱢ᱾
613,"परिवहन व्यवस्था ऐसी शिकायतों को क्यों उत्पन्‍न करती है, वे दैनिक आधार पर क्यों असफल होते हैं?","ᱯᱚᱨᱤᱣᱟᱦᱟᱹᱱ ᱥᱮᱣᱟ ᱱᱚᱠᱟ ᱥᱚᱠᱛᱤ ᱪᱮᱫᱟᱜ ᱛᱮᱭᱟᱨ ᱮᱫᱟᱭ, ᱩᱱᱠᱩ ᱫᱚᱭᱱᱤᱠ ᱟᱫᱷᱟᱨ ᱛᱮ ᱪᱮᱫᱟᱜ ᱰᱤᱜᱟᱹᱣᱜ ᱠᱟᱱᱟ? ᱪᱮᱫᱟᱜ ᱯᱚᱨᱤᱣᱟᱦᱟᱹᱱ ᱤᱱᱡᱤᱱᱤᱭᱚᱨ ᱠᱷᱟᱹᱞᱤ ᱚᱠᱷᱭᱚᱢ ᱜᱮᱭᱟ ᱠᱚ? ᱪᱮᱫ ᱟᱨ ᱠᱚ ᱪᱟᱹᱞᱩᱜ ᱠᱟᱱᱟ?"
614,ट्रैफिक जाम एक - दूसरे के साथ एक - दूसरे के रिश्‍ते और गाड़ियों के बीच की रफ्तार का अध्ययन होता है ।,ᱴᱨᱮᱯᱷᱤᱠ ᱯᱷᱞᱚ ᱵᱟᱨᱭᱟ ᱵᱤᱱᱫᱩ ᱛᱟᱞᱟ ᱨᱮ ᱮᱴᱟᱜᱼᱮᱴᱟᱜ ᱰᱨᱟᱭᱣᱟᱹᱨ ᱛᱟᱞᱟ ᱨᱮ ᱟᱨ ᱜᱟᱹᱰᱤ ᱨᱮᱭᱟᱜ ᱦᱟᱹᱡᱩᱜ ᱥᱮᱱᱚᱜ ᱟᱨ ᱟᱠᱚᱣᱟᱜ ᱛᱮ ᱟᱠᱚ ᱱᱤᱡᱚᱨ ᱛᱮ ᱠᱚᱨᱟᱣ ᱫᱟᱲᱮ ᱨᱮᱭᱟᱜ ᱠᱟᱛᱷᱟ ᱨᱮᱭᱟᱜ ᱥᱮᱸᱫᱽᱨᱟ ᱦᱩᱭ ᱮᱱᱟ᱾
615,"दुर्भाग्य से, ट्रैफिक प्रवाह का अध्ययन करना कठिन है क्योंकि ड्राइवर बर्ताव को एक-एक प्रतिशत निश्चित रूप से घोषित नहीं किया जा सकता.","ᱚᱵᱷᱟᱜᱤᱭᱟᱹ, ᱭᱟᱛᱟᱭᱟᱛ ᱯᱨᱟᱣᱟᱦ ᱨᱮᱱᱟᱝ ᱯᱟᱲᱦᱟᱣ ᱮᱴᱠᱮᱴᱚᱬᱮ ᱢᱮᱱᱟᱜᱼᱟ ᱪᱮᱫᱟᱜ ᱥᱮ ᱥᱟᱭ ᱯᱨᱟᱛᱤᱥᱚᱛ ᱱᱤᱥᱪᱤᱛᱛᱟ ᱥᱟᱶᱛᱮ ᱪᱟᱞᱟᱠ ᱨᱮᱱᱟᱜ ᱵᱮᱵᱷᱟᱨ ᱠᱚ ᱟᱜᱟᱢᱫᱟᱨᱟᱢ ᱵᱟᱝ ᱧᱮᱞ ᱫᱟᱲᱮᱭᱟᱜᱼᱟ᱾"
616,"इसलिए ट्रैफिक जाम की वजह से गाड़ी चलाते वक्‍त गाड़ी चलाते वक्‍त, गाड़ी चलाते वक्‍त सावधानी बरतने की ज़रूरत होती है ।","ᱥᱟᱣᱵᱷᱟᱜᱭᱚ ᱛᱮ, ᱰᱨᱟᱭᱣᱟᱹᱨ ᱴᱷᱤᱠ ᱦᱤᱥᱟᱹᱵ ᱛᱮ ᱥᱩᱥᱚᱝᱜᱤᱛ ᱥᱤᱢᱟᱹ ᱵᱷᱤᱛᱨᱭ ᱛᱮ ᱵᱮᱵᱷᱟᱨ ᱠᱚᱨᱟᱣᱟᱭ; ᱱᱚᱠᱟ ᱛᱮ, ᱴᱨᱮᱯᱷᱤᱠ ᱥᱴᱨᱤᱢ ᱨᱮ ᱛᱤᱱᱟᱹᱜ ᱜᱟᱱ ᱩᱪᱤᱛ ᱥᱛᱷᱤᱨᱛᱟ ᱛᱟᱦᱮᱸᱱᱟ ᱟᱨ ᱱᱚᱶᱟ ᱢᱚᱴᱟ ᱦᱤᱥᱟᱹᱵ ᱛᱮ ᱜᱚᱬᱤᱛᱤᱭᱚ ᱦᱤᱥᱟᱹᱵ ᱛᱮ ᱫᱚᱨᱥᱟᱣ ᱜᱟᱱᱚᱜᱼᱟ᱾"
617,"यातायात के प्रवाह को बेहतर करने के लिए, सम्बन्ध तीन मुख्य विशेषताओं के बीच स्थापित किए गए हैं: (१) प्रवाह, (२) घनत्व, और (३) वेग ।","ᱭᱟᱛᱟᱭᱟᱛ ᱯᱨᱟᱣᱟᱦ ᱨᱮᱱᱟᱝ ᱱᱟᱯᱟᱭ ᱯᱨᱟᱛᱤᱱᱤᱫᱷᱤᱛᱣᱟ ᱠᱚᱨᱟᱣ ᱞᱟᱹᱜᱤᱫ, ᱯᱮᱭᱟ ᱥᱮᱬᱟ ᱵᱤᱥᱮᱛᱟ ᱛᱟᱞᱟ ᱥᱟᱹᱜᱟᱹᱭ ᱜᱟᱺᱴ ᱟᱠᱟᱱᱟᱺ (᱑) ᱯᱨᱚᱣᱟᱦ, (᱒) ᱜᱷᱟᱱᱟᱛᱣᱟ ᱟᱨ (᱓) ᱣᱮᱜ᱾"
618,"ये रिश्‍ते योजना बनाने, डिज़ाइन करने और सड़क की जगहों की देख - रेख करने में मदद करते हैं ।","ᱱᱟᱣᱟ ᱥᱟᱹᱜᱟᱹᱭ ᱰᱟᱦᱟᱨ ᱥᱩᱵᱤᱫᱷᱟ ᱠᱚᱨᱮᱱᱟᱜ ᱯᱚᱱᱛᱷᱟ, ᱰᱤᱡᱟᱭᱤᱱ ᱟᱨ ᱪᱟᱪᱞᱟᱣ ᱨᱮ ᱜᱚᱲᱚᱭ ᱮᱢᱚᱜᱚᱜ ᱠᱟᱱᱟ᱾"
619,हवाई जहाज़ तक पहुँचने की उनकी काबिलीयत ने उन्हें दुश्‍मनों से ज़्यादा आसानी से बच निकलने में मदद दी और खाने - पीने और साथियों को ज़्यादा कुशलता से पा लिया ।,ᱦᱩᱰᱤᱧ ᱡᱤᱭᱟᱹᱞᱤ ᱠᱚ ᱦᱚᱭ ᱨᱮ ᱥᱮᱱᱚᱜ ᱯᱟᱹᱦᱤᱞ ᱡᱤᱭᱟᱹᱞᱤᱠᱚ ᱛᱟᱦᱮᱸᱠᱟᱱᱟ᱾ ᱩᱱᱠᱩᱣᱟᱜ ᱩᱰᱟᱟᱹᱜ ᱫᱟᱲᱮ ᱜᱮ ᱩᱱᱠᱩ ᱵᱟᱹᱭᱨᱤ ᱟᱹᱰᱤ ᱟᱞᱜᱟ ᱛᱮ ᱵᱟᱧᱪᱟᱣ ᱟᱨ ᱡᱚᱢᱟᱜ ᱟᱨ ᱜᱟᱛᱮ ᱠᱚ ᱟᱹᱰᱤ ᱦᱩᱱᱟᱹᱨ ᱛᱮ ᱯᱟᱱᱛᱮ ᱧᱟᱢ ᱨᱮ ᱜᱚᱲᱚᱣᱟᱠᱚᱣᱟ᱾
620,अधिकांश कीड़ों के शरीर के साथ - साथ अपने पंखों को समेटने में समर्थ होने का लाभ है ।,ᱰᱷᱮᱨ ᱦᱩᱰᱤᱧ ᱡᱤᱭᱟᱹᱞᱤ ᱠᱚ ᱜᱮ ᱱᱤᱡᱟᱹᱨ ᱯᱟᱹᱠᱷᱟᱹᱲᱺᱟᱜ ᱟᱠᱚᱣᱟᱜ ᱦᱚᱲᱢᱚ ᱥᱟᱶᱠᱚ ᱞᱟᱹᱴᱩᱢ ᱨᱩᱣᱟᱹᱲ ᱫᱟᱲᱮᱭᱟᱜ-ᱟ᱾
621,यह उन्हें शिकारीओं से छिपाने के लिए छोटे - छोटे स्थानों का एक विस्तृत क्षेत्र देता है ।,ᱱᱚᱶᱟ ᱩᱱᱠᱩ ᱥᱮᱸᱫᱽᱨᱟ ᱠᱩᱫ ᱠᱷᱚᱱ ᱵᱟᱧᱪᱟᱣᱜ ᱞᱟᱹᱜᱤᱫ ᱦᱩᱰᱤᱧ ᱡᱟᱭᱜᱟ ᱨᱮ ᱚᱥᱟᱨ ᱨᱮᱸᱡᱽ-ᱮ ᱮᱢᱟᱯᱮᱭᱟ᱾
622,"आज, केवल कीड़े ही ऐसे होते हैं जो अपने पंखों को पीछे नहीं रख सकते ।","ᱛᱮᱦᱮᱧ, ᱯᱟᱹᱪᱞᱟᱹ ᱥᱮᱡ ᱯᱟᱹᱠᱷᱬᱟᱹᱜ ᱵᱟᱠᱚ ᱠᱩᱠᱩᱪ ᱨᱩᱣᱟᱹᱲ ᱫᱟᱲᱮᱜ ᱦᱩᱰᱤᱧ ᱡᱤᱭᱟᱹᱞᱤ ᱫᱚᱠᱚ ᱦᱩᱭᱩᱜ ᱠᱟᱱᱟ ᱵᱟᱠᱟᱡᱩᱱᱩ ᱟᱨ ᱵᱟᱠᱟᱰᱩᱞᱩ᱾"
623,"हज़ारों साल पहले, अरिस्तरखुस नामक एक व्यक्‍ति ने कहा कि सौर मण्डल सूर्य के चारों ओर फैल गया ।",ᱢᱤᱫ ᱦᱟᱡᱟᱨ ᱥᱮᱨᱢᱟ ᱜᱟᱱ ᱞᱟᱦᱟᱨᱮ ᱟᱨᱤᱥᱴᱟᱪᱩᱥ ᱧᱩᱛᱩᱢᱟᱱ ᱢᱤᱫ ᱦᱚᱲᱮ ᱢᱮᱱ ᱞᱮᱫ-ᱟ ᱡᱮ  ᱥᱳᱞᱟᱨ ᱥᱤᱥᱴᱚᱢ ᱥᱤᱧ ᱪᱟᱱᱫᱚ ᱵᱮᱲᱦᱟᱭᱛᱮ ᱟᱹᱪᱩᱨᱚᱜ ᱠᱟᱱᱟ᱾
624,"कुछ लोगों ने सोचा कि वह सही है लेकिन अनेक लोग विपरीत विश्‍वास करते हैं; कि सौर मण्डल पृथ्वी के चारों ओर फैल गया, जिसमें सूर्य (और अन्य तारों) भी शामिल था ।","ᱠᱤᱪᱷᱩ ᱦᱚᱲ ᱠᱚ ᱢᱚᱱᱮᱭᱟ ᱡᱮ ᱩᱱᱠᱩᱫᱚ ᱴᱷᱤᱠ ᱠᱚ ᱛᱟᱦᱮᱸ ᱠᱟᱱᱟ ᱟᱨ ᱟᱭᱢᱟ ᱦᱚᱲ ᱱᱚᱶᱟ ᱨᱮᱭᱟᱜ ᱩᱞᱴᱟᱹ ᱠᱚ ᱯᱟᱹᱛᱭᱟᱹᱣᱜ-ᱟ; ᱡᱟᱦᱟᱸ ᱫᱚ ᱥᱳᱞᱟᱨ ᱥᱤᱥᱴᱚᱢ ᱢᱤᱨᱛᱷᱤᱠᱟ ᱫᱷᱟᱨᱮᱛᱮ ᱟᱹᱪᱩᱨᱚᱜ ᱠᱟᱱᱟ, ᱥᱤᱧ ᱪᱟᱸᱫᱚ ᱢᱮᱥᱟ ᱟᱛᱮ (ᱟᱨ ᱮᱴᱟᱜ ᱤᱯᱤᱞ ᱠᱚ ᱥᱟᱶ)᱾"
625,"यह समझदारी से लगता है, क्योंकि पृथ्वी यह बढ़ रहा है के रूप में महसूस नहीं करता है, है न?","ᱱᱚᱶᱟ ᱫᱚ ᱥᱮᱱᱥᱤᱵᱩᱞ ᱢᱚᱱᱮᱜ ᱠᱟᱱᱟ, ᱪᱮᱫᱟᱜ ᱥᱮ ᱢᱤᱨᱛᱷᱤᱠᱟ ᱫᱚ ᱟᱹᱪᱩᱨᱚᱜ ᱠᱟᱱᱟᱭ ᱢᱮᱱᱛᱮ ᱵᱟᱭ ᱴᱷᱤᱠᱟᱹᱜ ᱠᱟᱱᱟ, ᱦᱮᱸ ᱥᱮ?"
626,यह पृथ्वी की सबसे बड़ी नदी है और सबसे बड़ी नदी ।,ᱟᱢᱟᱡᱚᱱ ᱜᱟᱰᱟ ᱫᱚ  ᱫᱚᱥᱟᱨ  ᱡᱷᱚᱛᱚ ᱠᱷᱚᱱ ᱡᱮᱞᱮᱧ ᱜᱟᱰᱟ ᱠᱟᱱᱟ ᱟᱨ ᱫᱷᱟᱹᱨᱛᱤ ᱨᱮᱭᱟᱜ ᱢᱟᱨᱟᱝ ᱜᱟᱰᱟ ᱠᱟᱱᱟ᱾ ᱡᱷᱚᱛᱚ ᱠᱷᱚᱱ ᱢᱟᱨᱟᱝ ᱞᱮᱠᱟᱛᱮ ᱫᱚᱥᱟᱨ ᱢᱟᱨᱟᱝ ᱜᱟᱰᱟ ᱠᱷᱚᱱ ᱘ ᱜᱩᱱ ᱡᱟᱹᱥᱛᱤ ᱫᱟᱜ ᱞᱤᱝᱜᱤᱱ ᱠᱟᱱᱟ᱾
627,"एम. ए., अमरीका","ᱟᱢᱟᱥᱚᱱ ᱫᱚ ᱫᱷᱟᱹᱨᱛᱤ ᱨᱮᱭᱟᱜ ᱚᱥᱟᱨ ᱩᱛᱟᱹᱨ ᱜᱟᱰᱟ ᱠᱟᱱᱟ, ᱢᱤᱫ ᱫᱷᱟᱣᱨᱮ ᱛᱩᱨᱩᱭ ᱢᱟᱭᱤᱞ ᱚᱥᱟᱨᱟ᱾"
628,पृथ्वी की नदियों में से पानी की पूरी 20 प्रतिशत पानी की वजह से आईम से आता है.,ᱫᱷᱟᱹᱨᱛᱤ ᱨᱮᱭᱟᱜ ᱡᱟᱦᱟᱸ ᱛᱤᱱᱟᱹᱜ ᱫᱟᱜ ᱫᱚᱨᱭᱟ ᱨᱮ ᱢᱮᱥᱟᱜ ᱠᱟᱱᱟ ᱚᱱᱟ ᱨᱮᱭᱟᱜ ᱒᱐ ᱥᱚᱛᱚᱠᱚᱰᱟ ᱫᱚ ᱟᱢᱟᱡᱚᱱ ᱨᱮᱭᱟᱜ ᱠᱱᱟᱟ᱾
629,यह हज़ारों छोटी नदियों से पानी लेता है ।,"ᱢᱩᱲᱩᱛ ᱟᱢᱟᱡᱚᱱ ᱜᱟᱰᱟ ᱫᱚ ᱖,᱓᱘᱗ km(᱓,᱙᱘᱐ ᱢᱟᱭᱤᱞ) ᱡᱷᱟᱹᱞ-ᱟ᱾ ᱱᱚᱶᱟ ᱫᱚ ᱢᱤᱫ ᱦᱟᱡᱟᱨ ᱠᱷᱚᱱ ᱵᱤᱥᱛᱤ ᱠᱟᱹᱴᱤᱡ ᱜᱟᱰᱟ ᱠᱚᱨᱮ ᱠᱷᱚᱱ ᱫᱟᱜ-ᱮ ᱟᱹᱜᱩᱭᱮᱫᱟ᱾"
630,"हालांकि पत्थरों में निर्माण जारी रहा पुराने राज्य के अंत तक, जीजा का पिरामिड उनके आकार में और उनके निर्माण की तकनीकी उत्कृष्टता से अधिक कभी नहीं था.","ᱫᱷᱤᱨᱤ ᱛᱮ ᱯᱤᱨᱟᱢᱤᱰ ᱵᱮᱱᱟᱣ ᱫᱚ ᱢᱟᱨᱮ ᱥᱟᱢᱨᱟᱡᱽᱭᱚ ᱨᱮᱭᱟᱜ ᱢᱩᱪᱟᱹᱫ ᱦᱟᱹᱵᱤᱡ ᱪᱟᱹᱞᱩ ᱞᱮᱱᱟ, ᱢᱮᱱᱠᱷᱟᱱ ᱜᱤᱡᱟ ᱨᱮᱭᱟᱜ ᱯᱤᱨᱟᱢᱤᱰ ᱫᱚ ᱟᱡᱟᱜ ᱟᱠᱟᱨ ᱟᱨ ᱜᱚᱲᱦᱚᱱ ᱥᱚᱭᱲᱤ ᱨᱮᱭᱟᱜ ᱮᱠᱥᱞᱮᱱᱥ ᱫᱚ ᱵᱟᱠᱚ ᱞᱚᱴᱚᱢ ᱫᱟᱲᱮᱭᱟᱫ-ᱟ᱾"
631,उस वक्‍त एक हज़ार साल से भी ज़्यादा उम्र के लोग थे ।,"ᱱᱟᱶᱟ ᱫᱮᱥ ᱥᱮᱫᱟᱭ ᱤᱡᱤᱯᱴ ᱠᱚ ᱩᱱᱠᱩᱣᱟᱜ ᱥᱮᱫᱟᱭ ᱯᱨᱮᱰᱤᱥᱮᱥᱚᱨ ᱢᱟᱱᱩᱢᱮᱸᱴ ᱠᱚᱨᱮ ᱠᱚ ᱢᱟᱨᱵᱷᱮᱞ ᱞᱮᱱᱟ, ᱡᱟᱦᱟᱸ ᱫᱚ ᱚᱱᱟ ᱩᱱᱡᱷᱚᱜ ᱢᱤᱫ ᱦᱟᱡᱟᱨ ᱥᱮᱨᱢᱟ ᱞᱮᱦᱟᱨᱮᱭᱟᱜ᱾"
632,वेटिकन सिटी की जनसंख्या ८०० आसपास है. यह दुनिया में सबसे छोटा स्वतंत्र देश है और देश सबसे कम जनसंख्या के साथ.,ᱵᱷᱟᱴᱤᱠᱟᱱ ᱥᱤᱴᱤ ᱨᱮᱭᱟᱜ ᱦᱚᱲ ᱞᱮᱠᱷᱟ ᱫᱚ ᱘᱐᱐ ᱜᱟᱱᱟ᱾ ᱱᱚᱶᱟ ᱫᱚ ᱡᱮᱜᱮᱛ ᱨᱮ ᱡᱷᱚᱛᱚ ᱠᱷᱚᱱ ᱠᱟᱹᱴᱤᱡ ᱟᱹᱯᱱᱟᱹᱛ ᱫᱤᱥᱚᱢ ᱠᱟᱱᱟ ᱟᱨ ᱱᱟᱥᱮ ᱦᱚᱲ ᱞᱮᱠᱦᱟ ᱩᱛᱟᱹᱨ ᱫᱤᱥᱚᱢ ᱠᱟᱱᱟ᱾
633,वैटिकन सिटी अपने कानून और सरकारी संदेशों में इतालवी इस्तेमाल करती है ।,ᱵᱷᱟᱴᱤᱠᱟᱱ ᱥᱤᱴᱤ ᱟᱡᱟᱜ ᱞᱮᱡᱤᱥᱞᱮᱥᱚᱱ ᱟᱨ ᱠᱟᱛᱟᱲ ᱥᱟᱹᱜᱟᱹᱭ ᱠᱚᱨᱮ ᱤᱴᱟᱞᱤᱭᱟᱱ ᱠᱚ ᱵᱮᱵᱷᱟᱨᱟ᱾
634,"इटली के ज़्यादातर लोग, सरकार में काम करनेवाले ज़्यादातर लोगों की आम भाषा में भी इसे इस्तेमाल किया जाता है, जबकि लातीनी भाषा अकसर धार्मिक समारोहों में इस्तेमाल होती है ।",ᱤᱴᱟᱞᱤᱭᱟᱱ ᱦᱚᱸ ᱫᱤᱱᱟᱹᱢ ᱵᱮᱵᱷᱟᱨᱚᱜ ᱨᱚᱲ ᱯᱟᱹᱨᱥᱤ ᱠᱟᱱᱟ ᱡᱟᱦᱟᱸ ᱫᱚ ᱯᱚᱱᱚᱛ ᱨᱮ ᱠᱟᱹᱢᱤᱠᱟᱱ ᱦᱚᱲ ᱠᱚ ᱦᱚᱛᱮᱛᱮ ᱵᱟᱹᱲᱛᱤᱠᱚ ᱵᱮᱵᱷᱟᱨᱮᱫ ᱠᱟᱱᱟ ᱱᱷᱟᱛᱮ ᱫᱚ ᱞᱮᱴᱤᱱ ᱚᱱᱠᱟ ᱫᱷᱚᱨᱢᱤᱠ ᱥᱠᱟᱹᱢᱤᱦᱚᱨᱟ  ᱠᱚᱨᱮ ᱵᱮᱵᱷᱟᱨᱚ ᱦᱩᱭᱩᱜ ᱠᱟᱱᱟ᱾
635,वैटिकन शहर के सभी नागरिक रोमन कैथोलिक हैं ।,ᱵᱷᱟᱴᱤᱠᱟᱱ ᱥᱤᱴᱤ ᱨᱤᱱ ᱥᱟᱱᱟᱢ ᱦᱚᱲ ᱜᱮ ᱨᱳᱢᱟᱱ ᱠᱟᱛᱷᱳᱞᱤᱠ ᱠᱟᱱᱟ ᱠᱚI
636,"लोगों ने पुराने ज़माने के सोने, चाँदी और पीतल जैसे मूल तत्त्वों के बारे में जाना है, जैसे कि ये सभी पुराने रूपों में पाए जा सकते हैं और मेरे पुराने औज़ारों के लिए बहुत ही सरल हैं ।","ᱦᱚᱲ ᱠᱚ ᱥᱮᱫᱟᱭ ᱱᱟᱝ ᱠᱷᱚᱱ ᱵᱩᱱᱤᱭᱟᱫᱽ ᱠᱮᱢᱤᱠᱟᱞ ᱮᱞᱤᱢᱮᱱᱴ ᱞᱮᱠᱟᱱ ᱥᱚᱱᱟ, ᱪᱟᱸᱫᱤ ᱟᱨ ᱛᱟᱢᱵᱟ ᱵᱟᱵᱚᱫ ᱛᱮ ᱵᱟᱰᱟᱭ ᱮᱫ ᱛᱟᱦᱮᱱᱟ, ᱪᱮᱫᱟᱜ ᱥᱮ ᱱᱚᱶᱟ ᱠᱚ ᱥᱤᱨᱤᱡᱽ ᱨᱮ ᱢᱩᱬᱩᱛ ᱞᱮᱠᱟᱛᱮ ᱛᱚᱞᱟᱥ ᱦᱩᱭ ᱫᱟᱲᱮᱭᱟᱜᱼᱟ ᱟᱨ ᱟᱹᱫᱤᱢ ᱩᱯᱠᱟᱨᱟᱬ ᱥᱟᱶ ᱟᱯᱮᱪᱷᱟᱠᱨᱤᱛ ᱥᱟᱨᱟᱞ ᱢᱮᱱᱟᱜᱼᱟ᱾"
637,"अरस्तू, एक तत्त्वज्ञानी, ने दावा किया कि हर चीज़ एक या चार मूल तत्वों से मिलकर बनी है ।","ᱟᱨᱟᱥᱛᱩ, ᱢᱤᱫ ᱫᱟᱨᱥᱱᱤᱠ, ᱫᱚ ᱥᱤᱫᱷᱟᱸᱛ ᱮᱢ ᱠᱮᱫᱼᱟᱭ ᱡᱮ ᱥᱟᱱᱟᱢᱟᱜ ᱠᱤᱪᱷᱩ ᱢᱤᱫ ᱥᱮ ᱵᱟᱹᱲᱛᱤ ᱯᱩᱱ ᱮᱞᱤᱢᱮᱱᱴ ᱨᱮᱱᱟᱜ ᱢᱮᱥᱟ ᱵᱟᱱᱟᱣ ᱢᱮᱱᱟᱜᱼᱟ᱾ ᱚᱱᱟ ᱫᱷᱟᱹᱨᱛᱤ, ᱫᱟᱜ, ᱦᱚᱭ ᱟᱨ ᱥᱮᱸᱜᱮᱞ ᱛᱮ ᱵᱟᱱᱟᱣ ᱛᱟᱦᱮᱸ ᱠᱟᱱᱟ᱾"
638,"यह इस विषय के चार कथनों के समान था (उसी क्रम में): ठोस, द्रव, गैस, और प्लाविका, हालाँकि उसने यह भी माना कि वे जो हम देखते हैं उसे बनाने के लिए नए पदार्थों में बदल जाते हैं ।","ᱱᱚᱶᱟ ᱢᱮᱴᱟᱨ ᱨᱮᱱᱟᱜ ᱯᱩᱱ ᱟᱣᱟᱥᱛᱟ ᱠᱚ ᱫᱚ (ᱢᱤᱫ ᱠᱨᱟᱢ ᱨᱮ) ᱨᱮᱱᱟᱜ ᱛᱟᱦᱮᱸ ᱠᱟᱱᱟ: ᱥᱚᱞᱤᱰ, ᱞᱤᱠᱣᱤᱰ, ᱜᱮᱭᱥ ᱟᱨ ᱯᱞᱟᱡᱽᱢᱟ, ᱦᱚᱭ ᱛᱚ ᱩᱱᱠᱩ ᱱᱚᱶᱟ ᱦᱚᱸ ᱥᱤᱫᱷᱟᱱᱛ ᱮᱢ ᱠᱮᱫᱼᱟ ᱡᱮ ᱩᱱᱠᱩ ᱱᱟᱶᱟ ᱢᱮᱴᱟᱨ ᱨᱮ ᱵᱚᱫᱚᱞ ᱦᱩᱭᱩᱜ ᱠᱟᱱᱟ ᱡᱟᱦᱟᱸ ᱫᱚ ᱟᱵᱚ ᱵᱚ ᱧᱮᱞ ᱮᱫᱼᱟ᱾"
639,सभीoss मूल रूप से दो या अधिक धातुओं का मिश्रण हैं. मत भूलना कि आवधिक टेबल पर बहुत से तत्वों हैं.,ᱢᱤᱠᱥ ᱢᱮᱴᱟᱨ ᱢᱩᱬᱩᱛ ᱨᱩᱯ ᱛᱮ ᱫᱚ ᱵᱟᱨᱭᱟ ᱥᱮ ᱵᱟᱨᱭᱟ ᱠᱷᱚᱱ ᱵᱟᱹᱲᱛᱤ ᱢᱮᱴᱟᱨ ᱨᱮᱱᱟᱜ ᱢᱮᱥᱟ ᱜᱮ ᱢᱤᱠᱥ ᱠᱚ ᱢᱮᱛᱟᱜ ᱠᱟᱱᱟ᱾ ᱱᱚᱶᱟ ᱟᱞᱚᱢ ᱦᱤᱲᱤᱧᱟ ᱡᱮ ᱟᱣᱟᱨᱛ ᱥᱟᱨᱬᱤ ᱨᱮ ᱛᱤᱱᱟᱹᱜ ᱮᱞᱤᱢᱮᱱᱴ ᱢᱮᱱᱟᱜᱼᱟ᱾
640,इसमें कोई शक नहीं कि इसमें चाँदी और सोने जैसे हीरे भी पाए जाते हैं ।,"ᱠᱮᱭᱞᱥᱤᱭᱟᱢ ᱟᱨ ᱯᱚᱴᱮᱥᱤᱭᱟᱢ ᱞᱮᱠᱟᱱ ᱮᱞᱤᱭ ᱠᱚ ᱢᱮᱴᱟᱞ ᱢᱟᱱᱟᱜ ᱠᱟᱱᱟ᱾ ᱵᱮᱥᱟᱠ, ᱟᱨ ᱥᱚᱱᱟ ᱞᱮᱠᱟᱱ ᱢᱮᱴᱟᱨ ᱦᱚᱸ ᱢᱮᱱᱟᱜᱼᱟ᱾"
641,आपके पास कार्बन की छोटी मात्रा है कि कार्बन की तरह गैर-टी तत्वों की छोटी मात्रा भी हो सकती है.,ᱟᱢ ᱴᱷᱮᱱ ᱢᱤᱠᱥ ᱢᱮᱴᱟᱨ ᱦᱚᱸ ᱦᱩᱭ ᱫᱟᱲᱮᱭᱟᱜᱼᱟ ᱡᱟᱦᱟᱸ ᱫᱚ ᱠᱟᱨᱵᱚᱱ ᱞᱮᱠᱟᱱ ᱮᱴᱟᱜᱼᱢᱮᱴᱟᱨ ᱮᱞᱤᱢᱮᱱᱴ ᱨᱮᱱᱟᱜ ᱱᱟᱥᱮ ᱢᱟᱛᱨᱟ ᱢᱮᱥᱟ ᱢᱮᱱᱟᱜᱼᱟ᱾
642,"विश्‍वमंडल में जो कुछ होता है, वह सब कुछ होता है ।",ᱵᱽᱨᱟᱦᱢᱟᱱᱰ ᱨᱮ ᱥᱟᱱᱟᱢ ᱡᱤᱱᱤᱥ ᱜᱮ ᱢᱮᱴᱟᱨ ᱛᱮ ᱵᱟᱱᱟᱣ ᱟᱠᱟᱱᱟ᱾ ᱥᱟᱱᱟᱢ ᱢᱮᱴᱟᱨ ᱜᱮ ᱠᱟᱹᱴᱤᱡᱼᱠᱟᱹᱴᱤᱡ ᱢᱚᱞᱥ ᱛᱮ ᱵᱟᱱᱟᱣ ᱟᱠᱟᱱ ᱡᱟᱦᱟᱸ ᱫᱚ ᱢᱚᱞᱮᱠᱭᱩᱞᱥ ᱠᱚ ᱢᱮᱛᱟᱜ ᱠᱟᱱᱟ᱾
643,परमाणु इतने पेचीदा होते हैं कि इस वाक्य के अंत के समय में उनमें से अरबों लोग इस अवधि के लिए ठीक हो सकते हैं ।,ᱢᱚᱞᱮᱠᱭᱩᱞᱥ ᱩᱱᱟᱹᱜ ᱯᱟᱹᱛᱭᱟᱹᱣ ᱟᱱ ᱞᱮᱠᱟᱱ ᱨᱩᱯ ᱠᱷᱚᱱ ᱠᱟᱹᱴᱤᱡ ᱜᱮᱭᱟ ᱡᱮ ᱚᱱᱟ ᱠᱷᱚᱱ ᱠᱷᱟᱨᱟᱵᱽ ᱠᱚ ᱱᱚᱶᱟ ᱟᱹᱭᱟᱹᱛ ᱨᱮᱱᱟᱜ ᱢᱩᱪᱟᱹᱫ ᱟᱣᱫᱷᱤ ᱨᱮ ᱯᱷᱤᱴ ᱦᱩᱭ ᱫᱟᱲᱮᱭᱟᱜᱼᱟ᱾
644,"इस प्रकार, जब यह निकला तब पेंसिल बहुत सारे लोगों के लिए एक अच्छा मित्र थी ।","ᱱᱚᱝᱠᱟᱱ, ᱯᱮᱱᱥᱤᱞ ᱵᱟᱦᱨᱮ ᱦᱤᱡᱩᱜ ᱨᱮ ᱟᱭᱢᱟ ᱦᱚᱲ ᱞᱟᱹᱜᱤᱫ ᱢᱤᱫ ᱱᱟᱯᱟᱭ ᱜᱟᱛᱮ ᱥᱟᱹᱜᱟᱹᱭ ᱛᱟᱦᱮᱸ ᱠᱟᱱᱟ᱾"
645,"मगर अफसोस कि जैसे - जैसे नकल करने के नए तरीके उभर आए हैं, वैसे - वैसे पेंसिल कम - से - कम आकार की होती जाती है और इसका इस्तेमाल भी किया जाता है ।","ᱟᱯᱷᱥᱚᱥ ᱨᱮᱱᱟᱜ ᱠᱟᱛᱷᱟ ᱡᱮ ᱡᱮᱞᱮᱠᱟ - ᱡᱮᱞᱮᱠᱟ ᱚᱞ ᱨᱮᱱᱟᱜ ᱱᱟᱶᱟ ᱦᱚᱨᱟ ᱥᱟᱢᱟᱝ ᱦᱮᱡ ᱫᱟᱲᱮᱭᱟᱜᱼᱟ, ᱯᱮᱱᱥᱤᱞ ᱫᱚ ᱠᱚᱢ ᱥᱛᱷᱤᱛᱤ ᱟᱨ ᱠᱟᱹᱢᱤ ᱨᱮ ᱥᱮᱱ ᱫᱟᱲᱮᱭᱟᱜᱼᱟ᱾"
646,"अब लोग कंप्यूटर स्क्रीन पर संदेश लिख रहे हैं, और कभी - भी तेज़ होने के करीब नहीं आते ।","ᱦᱚᱲ ᱠᱚ ᱱᱤᱛ ᱠᱚᱢᱯᱭᱩᱴᱟᱨ ᱥᱠᱨᱤᱱ ᱨᱮ ᱠᱷᱚᱵᱚᱨ ᱠᱚ ᱚᱞᱮᱫᱼᱟ, ᱡᱟᱦᱟᱸ ᱛᱤᱱ ᱨᱮᱜᱮ ᱥᱟᱨᱯᱱᱟᱨ ᱨᱮᱱᱟᱜ ᱥᱩᱨ ᱫᱚ ᱵᱟᱝ ᱦᱤᱡᱩᱜ ᱠᱟᱱᱟ᱾"
647,एक व्यक्‍ति सोच सकता है कि जब नया हो तो कुंजीपट क्या हो सकता है ।,ᱡᱟᱦᱟᱸᱭ ᱥᱩᱢᱩᱝ ᱱᱚᱶᱟ ᱩᱭᱦᱟᱹᱨ ᱫᱟᱲᱮᱭᱟᱜᱼᱟᱭ ᱡᱮ ᱡᱚᱠᱷᱚᱱ ᱱᱟᱶᱟ ᱦᱤᱡᱩᱜᱼᱟ ᱛᱚᱵᱮ ᱠᱤᱵᱟᱨᱰ ᱪᱮᱫ ᱦᱩᱭᱩᱜᱼᱟ᱾
648,"इस सिद्धांत के आधार पर, विमान बम बमों में काम करता है कि अनेक प्रोटेस्टंटों और नेफ़ेचों के साथ एक केंद्र बनाने के लिए शक्‍ति लेता है ।",ᱣᱤᱠᱷᱟᱱᱰᱟᱱ ᱵᱟᱢ ᱱᱚᱶᱟ ᱥᱤᱫᱷᱟᱱᱛ ᱨᱮ ᱠᱟᱹᱢᱤ ᱮᱫᱼᱟᱭ ᱡᱮ ᱟᱭᱢᱟ ᱯᱨᱚᱴᱚᱱ ᱟᱨ ᱱᱭᱩᱴᱨᱚᱱ ᱥᱟᱶ ᱢᱤᱫ ᱱᱟᱵᱷᱤᱠ ᱫᱚ ᱢᱤᱫ ᱥᱟᱶ ᱫᱚᱦᱚ ᱞᱟᱹᱜᱤᱫ ᱤᱱᱮᱨᱡᱤ ᱨᱮᱱᱟᱜ ᱞᱟᱹᱠᱛᱤ ᱠᱟᱱᱟ᱾
649,मध्य - पूर्व को फिर से अलग करने से वह ऊर्जा कुछ छोड़ देता है ।,ᱡᱮᱞᱮᱠᱟ ᱡᱟᱦᱟᱱ ᱵᱟᱷᱨᱤ ᱜᱟᱹᱰᱤ ᱵᱩᱨᱩ ᱨᱮ ᱞᱩᱲᱠᱟᱣ᱾ ᱱᱟᱵᱷᱤᱠ ᱫᱚ ᱫᱚᱦᱲᱟ ᱛᱮ ᱵᱤᱵᱷᱟᱡᱤᱛ ᱟᱨᱦᱚᱸ ᱚᱱᱟ ᱩᱨᱡᱟ ᱠᱷᱚᱱ ᱠᱤᱪᱷᱩ ᱢᱩᱠᱛ ᱮᱫᱼᱟᱭ᱾
650,कुछ अणुओं में अस्थिरता होती है जिसका अर्थ है कि वे छोटी या नसों से अलग होने की कोशिश करते हैं ।,"ᱠᱤᱪᱷᱩ ᱯᱟᱨᱢᱟᱬᱩ ᱨᱮ ᱟᱥᱛᱷᱤᱨ ᱱᱟᱵᱷᱤᱠ ᱛᱟᱦᱮᱱ ᱠᱟᱱᱟ, ᱡᱟᱦᱟᱸ ᱫᱚ ᱱᱚᱶᱟ ᱢᱮᱱᱮᱛ ᱠᱟᱱᱟ ᱡᱮ ᱟᱹᱰᱤ ᱠᱚᱢ ᱦᱚᱲ ᱥᱮ ᱵᱮᱜᱚᱨ ᱮᱢᱟᱱ ᱠᱩᱦᱱᱤ ᱠᱷᱚᱱ ᱡᱩᱫᱟᱹ ᱦᱩᱭᱩᱜ ᱠᱟᱱᱟ᱾"
651,चाँद की सतह पत्थरों और धूलि से बनी है; और चन्द्रमा की बाहरी परत को किनकों कहा जाता है।,ᱪᱟᱸᱫᱚᱣᱟᱜ ᱟᱲᱮ ᱪᱟᱴᱟᱱ ᱟᱨ ᱫᱷᱩᱲᱤ ᱛᱮ ᱵᱟᱱᱟᱣ ᱟᱠᱟᱱᱟ᱾ ᱪᱟᱸᱫᱚ ᱟᱜ ᱵᱟᱦᱨᱮ ᱞᱮᱭᱟᱨ ᱫᱚ ᱠᱨᱟᱥᱴ ᱠᱚ ᱢᱮᱛᱟᱣᱟᱜ ᱠᱟᱱᱟ᱾
652,यह घाटी करीब 70 किलोमीटर की दूरी पर है और इसकी ऊँचाई करीब 100 किलोमीटर है ।,ᱠᱨᱟᱥᱴ ᱥᱩᱨ ᱥᱮᱫ ᱞᱟᱜᱽᱵᱷᱟᱜᱽ ᱗᱐ ᱠᱤᱢᱤ ᱜᱟᱱ ᱢᱚᱴᱟ ᱟᱨ ᱥᱟᱺᱜᱤᱧ ᱨᱮᱱᱟᱜ ᱥᱮᱫ ᱑᱐᱐ ᱠᱤᱢᱤ ᱢᱚᱴᱟ ᱢᱮᱱᱟᱜᱼᱟ᱾
653,यह गॉरिया और पहाड़ी इलाकों के नीचे पतली और पतली होती है ।,ᱱᱚᱶᱟ ᱢᱟᱨᱤᱭᱟ ᱞᱟᱛᱟᱨ ᱨᱮᱱᱟᱜ ᱫᱚ ᱱᱟᱱᱦᱟ ᱟᱨ ᱦᱟᱭᱤᱞᱮᱱᱰᱥ ᱞᱟᱛᱟᱨ ᱢᱚᱴᱟ ᱛᱟᱦᱮᱱ ᱠᱟᱱᱟ᱾
654,शायद पास की ओर एक और बगुलिया हो क्योंकि यह पतली - पतली होती है ।,ᱠᱨᱟᱥᱴ ᱱᱟᱱᱦᱟ ᱠᱷᱟᱹᱛᱤᱨ ᱛᱮ ᱥᱩᱨ ᱥᱮᱫ ᱟᱨᱦᱚᱸ ᱢᱟᱨᱤᱭᱟ ᱛᱟᱦᱮᱸ ᱫᱟᱲᱮᱭᱟᱜᱼᱟ᱾ᱱᱚᱣᱟ ᱫᱚ ᱞᱟᱵᱷᱟ ᱥᱟᱨᱯᱷᱮᱥ ᱪᱮᱛᱟᱱ ᱨᱮ ᱨᱟᱠᱟᱵ ᱦᱮᱡ ᱞᱟᱹᱜᱤᱫ ᱟᱞᱜᱟ ᱜᱮ ᱛᱟᱦᱮᱸ ᱠᱟᱱᱟ᱾
655,"क्या बात लोगों को पसंद करती है या उन्हें पसंद करती है, यह जानने पर हमें संतोष मिलता है ।",ᱠᱚᱱᱴᱮᱱᱴ ᱛᱷᱤᱭᱳᱨᱤ ᱠᱚ ᱱᱚᱣᱟ ᱥᱮᱸᱫᱽᱨᱟ ᱨᱮᱜᱮ ᱛᱟᱞᱢᱟ ᱟᱠᱟ ᱜᱮ ᱛᱟᱦᱮᱸᱱᱟ ᱡᱮ ᱦᱚᱲ ᱠᱚ ᱪᱮᱫ ᱴᱤᱠ ᱟᱨ ᱟᱠᱚ ᱴᱷᱮᱱ ᱮ ᱟᱯᱤᱞᱟ᱾
656,ये सिद्धांत दिखाते हैं कि लोगों को कुछ ज़रूरत है और वे यह भी चाहते हैं कि वे बड़े होने पर बड़े हो जाएँ ।,ᱱᱚᱣᱟ ᱠᱚ ᱛᱷᱤᱭᱳᱨᱤ ᱠᱷᱚᱱ ᱵᱟᱲᱟᱭᱚᱜᱼᱟ ᱡᱮ ᱦᱚᱲᱟᱜ ᱡᱟᱜᱮ ᱴᱷᱟᱹᱶᱠᱟᱹᱱ ᱞᱟᱹᱠᱛᱤ ᱟᱨ/ᱥᱮ ᱤᱪᱪᱷᱟᱹ ᱢᱮᱱᱟᱜᱼᱟ ᱡᱟᱦᱟᱸ ᱫᱚ ᱩᱢᱮᱨᱟᱱ ᱦᱩᱭ ᱥᱟᱶ ᱥᱟᱶᱛᱮ ᱚᱱᱛᱚᱨᱤᱭᱟᱹ ᱞᱮᱠᱟᱛᱮ ᱮᱢ ᱦᱩᱭᱟᱠᱟᱱᱟ᱾
657,"ये सिद्धांत कुछ लोगों पर गौर करते हैं, जो चाहते हैं कि जो कुछ वे करते हैं और जो कुछ उनके आस - पास होता है, उसे वे पूरा करें या कुछ भी करें ।",ᱱᱚᱣᱟ ᱛᱷᱤᱭᱳᱨᱤ ᱧᱮᱞᱟᱭ ᱡᱮ ᱟᱫᱚᱢ ᱦᱚᱲ ᱵᱟᱵᱚᱛ ᱛᱮ ᱪᱮᱫ ᱢᱮᱱᱟᱜᱼᱟ ᱡᱟᱦᱟᱸ ᱩᱱᱠᱩ ᱠᱚ ᱠᱷᱚᱡᱟ ᱟᱨ ᱠᱚ ᱠᱚᱨᱟᱣᱟ ᱟᱨ ᱩᱱᱠᱩᱣᱟᱜ ᱥᱟᱪᱟᱨᱦᱮ ᱨᱮ ᱪᱮᱫ ᱡᱤᱱᱤᱥ ᱩᱱᱠᱩ ᱚᱱᱟ ᱡᱟᱦᱟᱸᱱᱟᱜ ᱠᱚᱨᱟᱣ ᱟᱨ ᱵᱟᱝ ᱠᱚᱨᱟᱣ ᱞᱟᱹᱜᱤᱫ ᱠᱚ ᱩᱫᱽᱜᱟᱹᱣ ᱠᱚᱣᱟ᱾
658,दो लोकप्रिय सिद्धांत हैं मै ऐनलिन की आवश्यकताओं के आधार पर और हर्सबर्ग के दो कारक।,ᱵᱟᱨᱭᱟ ᱧᱩᱛᱩᱢᱟᱱ ᱠᱚᱱᱴᱮᱱᱴ ᱛᱷᱤᱭᱳᱨᱤ ᱫᱚ ᱢᱟᱥᱞᱳᱣ ᱟᱜ ᱦᱟᱭᱟᱨᱪᱤ ᱚᱯᱷ ᱱᱤᱰᱥ ᱛᱷᱤᱭᱳᱨᱤ ᱟᱨ ᱦᱟᱨᱴᱰᱵᱟᱨᱜᱽ ᱟᱜ ᱴᱩ ᱯᱷᱮᱠᱴᱚᱨ ᱛᱷᱤᱭᱳᱨᱤ᱾
659,"आमतौर पर दो व्यवहार उभर सकते हैं जैसे मैनेजर अपने पूर्व समकक्षों की अगुवाई करना शुरू करते हैं। स्पेक्ट्रम का एक अंत है ""या"" (या )।","ᱮᱢᱱᱤᱨᱮ ᱞᱟᱹᱭ ᱞᱮᱠᱷᱟᱱ, ᱢᱮᱱᱮᱡᱟᱨ ᱠᱚ ᱟᱠᱚᱨᱮᱱ ᱢᱟᱨᱮ ᱜᱚᱲᱚ ᱠᱟᱹᱢᱤᱭᱟᱹ ᱠᱚ ᱟᱹᱭᱩᱨ ᱮᱦᱚᱵ ᱥᱟᱶ ᱥᱟᱶᱛᱮ ᱵᱟᱨᱭᱟ ᱟᱪᱟᱨ ᱥᱤᱨᱡᱟᱹᱣ ᱫᱟᱲᱮᱭᱟᱜᱼᱟ᱾ ᱥᱯᱮᱠᱴᱨᱟᱢ ᱨᱮᱭᱟᱜ ᱢᱤᱫ ᱥᱮᱫ ᱨᱮ “ᱳᱣᱟᱱ ᱚᱯᱷ ᱫᱟ ᱜᱟᱭᱥ” (ᱥᱮ ᱜᱟᱞᱥ) ᱛᱟᱦᱮᱸ ᱨᱤᱠᱟᱹᱭᱮᱫ ᱠᱟᱱᱟ᱾"
660,"इस प्रकार के प्रबंधक को अप्रिय निर्णय करने, अनुशासन देने, कार्य करने, ज़िम्मेदारी सँभालने, और लोगों को जवाबदेह रखने में कठिनाई होती है ।","ᱱᱚᱝᱠᱟᱱ ᱢᱮᱱᱮᱡᱟᱨ ᱠᱚ ᱵᱟᱝᱠᱩᱥᱤᱜ ᱴᱷᱟᱹᱣᱠᱟᱹᱭ, ᱟᱹᱱᱼᱟᱹᱨᱤᱭᱟᱹ ᱠᱟᱰᱮᱨ ᱦᱟᱛᱟᱣ, ᱩᱫᱩᱜ ᱥᱚᱫᱚᱨ ᱫᱚᱨᱫᱟᱢ, ᱫᱟᱹᱭᱵᱷᱟᱨ ᱪᱟᱞ, ᱟᱨ ᱦᱚᱲᱠᱚ ᱫᱟᱹᱭᱤ ᱨᱮ ᱮᱴᱠᱮᱴᱚᱬᱮ ᱠᱚ ᱟᱴᱠᱟᱨᱟ᱾"
661,"स्पेक्ट्रम के दूसरे सिरे पर, एक स्पेक्ट्रम को एक ऐसी हस्ती में बदल देना पड़ता है जिसे लगता है कि वह या तो सब कुछ बदल रहा है और वह इसे अपना बना सकता है ।","ᱯᱥᱮᱠᱴᱨᱟᱢ ᱨᱮᱭᱟᱜ ᱮᱴᱟᱜ ᱥᱮᱫ, ᱢᱤᱫ ᱵᱟᱝ ᱵᱟᱲᱟᱭ ᱦᱚᱲ ᱨᱮ ᱵᱚᱫᱚᱞᱚᱜᱼᱟ ᱡᱟᱦᱟᱸᱭᱮ ᱢᱚᱱᱮᱭᱟ ᱩᱱᱠᱩ ᱜᱟᱶᱛᱟ ᱡᱟᱦᱟᱸ ᱠᱚ ᱠᱚᱨᱟᱣ ᱫᱟ ᱚᱱᱟ ᱵᱚᱫᱚᱞ ᱦᱩᱭᱩᱜ ᱛᱟᱠᱚᱣᱟ ᱟᱨ ᱟᱯᱱᱟᱨᱟᱜ ᱠᱚᱨᱟᱣ ᱦᱩᱭᱩᱜ ᱛᱟᱠᱚᱣᱟ᱾"
662,"आख़िरकार, नेता आख़िरकार टीम की सफलता और असफलता के लिए ज़िम्मेदार है ।","ᱢᱩᱪᱟᱹᱫ ᱨᱮ, ᱜᱟᱶᱛᱟ ᱨᱮᱭᱟᱜ ᱫᱟᱲᱮ ᱟᱨ ᱵᱟᱝ ᱫᱟᱲᱮ ᱨᱮ ᱟᱹᱭᱩᱨᱤᱭᱟᱹ ᱜᱮᱭ ᱫᱟᱹᱭᱤ ᱛᱟᱦᱮᱸᱱᱟ᱾"
663,यह व्यवहार अकसर नेताओं और बाकी टीम के बीच दरार पैदा करता है ।,ᱱᱚᱣᱟ ᱵᱮᱵᱷᱟᱨ ᱫᱚ ᱟᱹᱰᱤ ᱜᱟᱱ ᱡᱚᱠᱷᱮᱡ ᱟᱹᱭᱩᱨᱤᱭᱟᱹ ᱟᱨ ᱜᱟᱶᱛᱟ ᱨᱮᱱ ᱮᱴᱟᱜ ᱥᱚᱦᱮᱫ ᱠᱚ ᱛᱟᱞᱟ ᱨᱮ ᱯᱟᱨᱟᱜ ᱨᱮᱭᱟᱜ ᱠᱟᱨᱚᱱ ᱦᱩᱭᱩᱜᱼᱟ᱾
664,"असल में, टीमों के लिए उत्कृष्टता के समान स्तर बनाए जाते हैं, लेकिन इसमें चतुर भिन्‍न भिन्‍न हैं ।","ᱟᱵᱷᱟᱥᱤᱠ ᱴᱤᱢ ᱫᱚ ᱯᱟᱨᱚᱢᱯᱟᱨᱤᱠ ᱴᱤᱢ ᱨᱮᱭᱟᱜ ᱥᱚᱢᱟᱱ ᱩᱛᱠᱚᱨᱥᱛᱟ ᱨᱮᱭᱟᱜ ᱢᱟᱹᱱᱚᱠ ᱪᱮᱛᱟᱱ ᱨᱮ ᱫᱚᱦᱚ ᱠᱟᱱᱟ, ᱦᱮᱞᱮ ᱥᱩᱠᱷᱭᱚᱢ ᱚᱱᱛᱚᱨ ᱢᱮᱱᱟᱜᱼᱟ᱾"
665,असल में टीम के सदस्य अकसर अपने निकटतम शारीरिक समूह के लिए सम्पर्क करने की बात समझते हैं ।,ᱣᱟᱹᱨᱪᱩᱣᱟᱹᱞ ᱴᱤᱢ ᱨᱤᱱ ᱥᱚᱫᱚᱥᱭᱚ ᱫᱚ ᱚᱝᱠᱟ ᱜᱮ ᱟᱠᱚᱣᱟᱜ ᱛᱚᱛᱠᱟᱞ ᱵᱷᱚᱣᱛᱤᱠ ᱫᱳᱞ ᱞᱟᱹᱜᱤᱫ ᱵᱤᱱᱫᱩ ᱦᱤᱥᱟᱹᱵ ᱛᱮ ᱠᱚ ᱠᱟᱹᱢᱤᱭᱟ᱾
666,"वे अकसर अपने टीमों के सदस्यों से ज़्यादा स्वचालित होते हैं, जो शायद अलग - अलग समय क्षेत्रों के अनुसार मिलते हैं जिन्हें उनके स्थानीय प्रबंधन द्वारा समझा नहीं जा सकता ।",ᱯᱟᱨᱚᱢᱯᱟᱹᱨᱤᱠ ᱫᱳᱞ ᱛᱮᱭᱟᱜ ᱛᱩᱞᱱᱟᱹ ᱨᱮ ᱟᱠᱚ ᱴᱷᱮᱱ ᱚᱝᱠᱟ ᱜᱮ ᱰᱷᱮᱨ ᱥᱣᱟᱹᱭᱛᱟᱹ ᱛᱟᱦᱮᱸᱱ ᱠᱟᱱᱟ ᱠᱚ ᱪᱮᱫᱟᱜ ᱥᱮ ᱟᱠᱚᱣᱟᱜ ᱫᱳᱞ ᱮᱴᱟᱜᱼᱮᱴᱟᱜ ᱡᱟᱭᱜᱟ ᱦᱤᱥᱟᱹᱵ ᱛᱮ ᱢᱮᱲᱟᱣ ᱫᱟᱲᱮᱭᱟᱜᱼᱟ ᱠᱚ ᱡᱟᱦᱟᱸᱭ ᱫᱚ ᱟᱠᱚᱣᱟᱜ ᱥᱩᱨ ᱯᱨᱚᱵᱚᱱᱫᱷᱚᱱ ᱛᱮ ᱵᱩᱡᱷᱟᱹᱣ ᱵᱟᱝ ᱜᱟᱱᱚᱜᱼᱟ᱾
667,"एक सच्चे “अलग टीम ” की उपस्थिति (लेवरॉन और लारानो, १९८९, पृष्ठ १०९९) भी एक आभासी टीम का एक अद्वितीय घटक है ।","ᱢᱤᱫᱴᱟᱹᱝ ᱥᱟᱹᱨᱤ (ᱞᱟᱹᱨᱥᱟᱹᱱ ᱟᱨ ᱞᱟᱯᱷᱟᱥᱴᱚ, ᱑᱙᱘᱙, ᱥᱟᱠᱟᱢ ᱑᱐᱙) ᱨᱮᱭᱟᱜ ᱛᱟᱦᱮᱸ ᱦᱚᱸ ᱢᱤᱫᱴᱟᱹᱝ “ᱵᱟᱝ ᱧᱮᱞᱚᱜ ᱴᱤᱢ” ᱨᱮᱭᱟᱷ ᱢᱤᱫᱴᱟᱹᱝ ᱱᱟᱶᱟ ᱜᱷᱚᱴᱚᱠ ᱠᱟᱱᱟ᱾"
668,"""अलग टीम"" वह कंपनी है जिसमें सदस्य रिपोर्ट करते हैं. अदृश्‍य टीम प्रत्येक सदस्य के लिए स्तर तय करती है.",“ᱵᱟᱝ ᱧᱮᱞᱚᱜ ᱴᱤᱢ” ᱢᱮᱱᱮᱡᱢᱮᱸᱴ ᱴᱤᱢ ᱠᱟᱱᱟ ᱡᱟᱦᱟᱸᱭ ᱫᱚ ᱡᱷᱚᱛᱚ ᱥᱚᱫᱚᱥᱭᱚ ᱨᱤᱯᱚᱴᱮᱫᱟᱭ᱾ ᱵᱟᱝ ᱧᱮᱞᱚᱜ ᱴᱤᱢ ᱡᱷᱚᱛᱚ ᱴᱤᱢ ᱞᱟᱹᱜᱩᱫ ᱢᱟᱱᱟᱠ ᱮ ᱱᱤᱨᱫᱷᱟᱹᱨᱤᱛ ᱟᱭ᱾
669,"एक संगठन सीखने के लिए संगठन को सीखने की धारणाएँ बनाने का लक्ष्य रखता है, नए - नए तरीके हासिल करना ।",ᱢᱤᱫᱴᱟᱹᱝ ᱥᱚᱝᱜᱚᱴᱷᱚᱱ ᱢᱤᱫᱴᱟᱹᱝ ᱥᱤᱠᱷᱭᱚᱬ ᱥᱚᱝᱜᱚᱴᱷᱚᱱ ᱨᱮᱭᱟᱜ ᱥᱛᱷᱟᱯᱱᱟᱹ ᱨᱮᱭᱟᱜ ᱚᱠᱛᱚ ᱤᱫᱤᱼᱤᱡ ᱯᱨᱚᱠᱨᱤᱭᱟᱹ ᱛᱮ ᱪᱮᱫᱟᱜ ᱪᱟᱞᱟᱜ ᱠᱟᱛᱷᱟ? ᱥᱚᱝᱜᱚᱴᱷᱚᱱᱟᱛᱢᱚᱠ ᱥᱤᱠᱷᱭᱚᱬ ᱚᱣᱫᱷᱟᱹᱨᱬᱟᱹ ᱠᱚ ᱵᱮᱵᱷᱟᱨ ᱨᱮ ᱟᱹᱜᱩ ᱨᱮᱭᱟᱜ ᱢᱤᱫᱴᱟᱹᱝ ᱞᱚᱠᱷᱭᱚ ᱱᱣᱟᱪᱟᱹᱨ ᱜᱮᱭᱟ᱾
670,"जब संगठन के कार्यात्मक विभागों में सभी उपलब्ध साधन प्रभावकारी रीति से इस्तेमाल किए जाते हैं, सृजनात्मकता और कुशलता ।","ᱚᱠᱟ ᱡᱷᱚᱜ ᱡᱟᱦᱟᱸ ᱥᱚᱝᱜᱚᱴᱷᱚᱱ ᱨᱤᱱ ᱠᱟᱹᱢᱤᱦᱚᱲ ᱵᱤᱵᱷᱟᱹᱜᱽ ᱨᱮ ᱢᱮᱱᱟᱜ ᱠᱩᱜ ᱡᱷᱚᱛᱚ ᱥᱟᱝᱥᱚᱫ ᱠᱚᱣᱟᱜ ᱯᱨᱚᱵᱷᱟᱵᱤ ᱛᱚᱨᱠᱟ ᱛᱮ ᱵᱮᱵᱷᱟᱨ ᱠᱚᱨᱟᱣ ᱜᱟᱱᱚᱜ ᱠᱟᱱᱟ, ᱛᱚ ᱨᱚᱪᱱᱟᱛᱢᱚᱠ ᱟᱨ ᱥᱚᱨᱚᱲᱛᱟ ᱨᱮᱭᱟᱜ ᱥᱚᱧᱪᱟᱨ ᱦᱩᱭ ᱫᱟᱲᱮᱜ ᱢᱟᱸ᱾"
671,"इसके फलस्वरूप, एक संगठन जो एक बाधा को पार करने के लिए साथ काम कर रहा है की प्रक्रिया ग्राहक की आवश्यकताओं की सेवा करने के लिए एक नयी नयी नयी नयी नयी प्रक्रिया की ओर ले जा सकता है।","ᱛᱮᱞᱟ ᱞᱮᱠᱷᱟᱛᱮ, ᱢᱤᱫ ᱥᱚᱝᱜᱚᱴᱷᱚᱱ ᱨᱮᱭᱟᱜ ᱯᱨᱚᱠᱨᱤᱭᱟᱹ ᱢᱤᱫ ᱵᱟᱹᱫᱷᱟᱹ ᱠᱚ ᱡᱷᱟᱹᱞ ᱠᱚᱨᱟᱣ ᱞᱟᱹᱜᱤᱫ ᱥᱟᱶᱛᱮ ᱠᱟᱹᱢᱤ ᱮᱫᱟᱭ, ᱡᱟᱦᱟᱸᱭ ᱛᱮ ᱜᱽᱨᱟᱦᱚᱠ ᱨᱮᱭᱟᱷ ᱠᱟᱹᱢᱤᱦᱚᱨᱟ ᱠᱚ ᱯᱩᱨᱟᱹᱣ ᱞᱟᱹᱜᱤᱫ ᱢᱤᱫᱴᱟᱹᱝ ᱱᱟᱶᱟ ᱚᱵᱷᱤᱱᱟᱹᱣ ᱯᱨᱚᱠᱨᱤᱭᱟᱹ ᱦᱩᱭ ᱫᱟᱲᱮᱭᱟᱜᱼᱟ᱾"
672,"इससे पहले कि संगठन नया हो, अगुवाई करने के लिए नए - नए इंतज़ाम करने चाहिए, साथ ही ज्ञान और संगठन के बारे में ज्ञान और संगठन के बारे में सीखना ज़रूरी है ।","ᱱᱟᱶᱟ ᱢᱟᱲᱟᱝ ᱨᱮ ᱡᱟᱦᱟᱸᱭ ᱥᱚᱝᱜᱚᱴᱷᱚᱱ ᱤᱱᱚᱣᱮᱴᱤᱵᱷ ᱛᱟᱦᱮᱸᱱᱟᱭ, ᱱᱮᱨᱩᱛ ᱠᱚ ᱱᱟᱹᱣᱟᱪᱟᱨ ᱨᱮᱭᱟᱜ ᱥᱚᱝᱥᱠᱨᱩᱛᱤ ᱥᱟᱶᱼᱥᱟᱶᱛᱮ ᱥᱟᱹᱡᱷᱟᱹ ᱜᱭᱟᱱ ᱟᱨ ᱥᱚᱝᱜᱚᱴᱷᱚᱱᱟᱛᱢᱚᱠ ᱥᱤᱠᱷᱭᱟᱹ ᱨᱮᱭᱟᱜ ᱱᱤᱨᱢᱟᱹᱬ ᱠᱚᱨᱟᱣ ᱫᱚᱨᱠᱟᱨᱚᱜ ᱠᱟᱱᱟ᱾"
673,"स्वर्गदूत (2006)) समझाता है कि यह तरीका है, ऐसे संगठनों की मदद करने के लिए इस्तेमाल किया जा रहा है, जो बड़े पैमाने पर काम करते हैं ।","ᱮᱧᱡᱮᱞ (᱒᱐᱐᱖), ᱠᱚᱱᱴᱤᱱᱟᱹᱢ ᱫᱨᱩᱥᱴᱤᱠᱚᱬ ᱨᱮᱭᱟᱜ ᱵᱭᱟᱠᱷᱭᱟ ᱢᱤᱫᱴᱟᱹᱝ ᱱᱟᱠᱟ ᱛᱚᱨᱠᱟ ᱦᱤᱥᱟᱹᱵ ᱛᱮ ᱠᱚᱨᱟᱣᱮᱫᱟᱭ, ᱡᱟᱦᱟᱸ ᱨᱮᱭᱟᱜ ᱵᱮᱵᱷᱟᱨ ᱥᱚᱝᱜᱚᱴᱷᱚᱱ ᱠᱚ ᱯᱨᱚᱫᱚᱨᱥᱚᱱ ᱨᱮᱭᱟᱜ ᱩᱪ ᱥᱛᱚᱨ ᱫᱷᱟᱹᱵᱤᱡ ᱥᱮᱴᱮᱨ ᱨᱮ ᱜᱚᱲᱚ ᱮᱢ ᱞᱟᱹᱜᱤᱫ ᱠᱚᱨᱟᱣ ᱮᱫᱟᱭ᱾"
674,इसलिए यह अनुसंधान क्षेत्र को कम कर देता है और इसे ज़्यादा सही - सही बना देता है ।,ᱱᱤᱭᱩᱨᱚᱵᱟᱭᱞᱚᱡᱤᱠ ᱰᱟᱴᱟ ᱚᱱᱩᱵᱷᱩᱛ ᱨᱮᱭᱟᱜ ᱡᱟᱸᱪ ᱞᱟᱹᱜᱤᱫ ᱥᱤᱫᱷᱟᱹᱱᱛᱤᱠ ᱫᱨᱩᱥᱴᱤᱠᱩᱬ ᱞᱟᱹᱜᱤᱫ ᱵᱷᱟᱹᱣᱛᱤᱠ ᱥᱟᱠᱷᱥᱭᱚ ᱮᱢᱚᱜᱼᱟᱭ᱾ ᱚᱱᱟ ᱞᱟᱹᱜᱤᱫ ᱚᱱᱟ ᱚᱱᱩᱥᱟᱹᱥᱤᱛ ᱡᱟᱭᱜᱟ ᱠᱚ ᱥᱚᱝᱠᱩᱪᱤᱛ ᱠᱚᱨᱟᱣ ᱟᱭ ᱟᱨ ᱱᱚᱶᱟ ᱟᱨᱦᱚᱸ ᱰᱷᱮᱨ ᱥᱚᱴᱷᱤᱠ ᱠᱚᱨᱟᱣ ᱟᱭ᱾
675,दिमाग की बनावट और व्यवहार के बीच फर्क करने से वैज्ञानिक अपने शोध में वैज्ञानिक का समर्थन करते हैं ।,ᱦᱟᱛᱟᱝ ᱯᱟᱛᱷᱞᱳᱜᱤ ᱵᱤᱜᱭᱟᱱ ᱟᱨ ᱣᱭᱟᱦᱟᱨ ᱛᱟᱞᱟ ᱨᱮᱭᱟᱜ ᱥᱟᱜᱮᱭ ᱵᱮᱜᱭᱟᱱᱤᱠ ᱠᱚ ᱫᱚ ᱩᱱᱟ ᱥᱳᱫᱷ ᱨᱮ ᱠᱚᱜᱚᱲᱚ ᱟᱠᱩᱣᱟ᱾
676,"एक लंबे अरसे से यह जाना जाता है कि मस्तिष्क के भिन्‍न प्रकार के मस्तिष्क को क्षति, आघात, रक्‍त - कोशिकाएँ, और टैमोटर का प्रभाव होता है और कुछ मानसिक कार्यों में परिवर्तन होता है ।","ᱱᱚᱶᱟ ᱰᱷᱮᱨ ᱚᱠᱛᱚ ᱠᱷᱚᱱ ᱵᱟᱰᱟᱭ ᱛᱟᱦᱮᱸ ᱠᱟᱱᱟ ᱡᱮ ᱮᱴᱟᱜᱼᱮᱴᱟᱜ ᱯᱨᱚᱠᱟᱨ ᱨᱮᱱᱟᱜ ᱵᱷᱮᱡᱟ ᱟᱹᱜᱷᱟᱹᱛ, ᱴᱨᱩᱢᱟᱹ, ᱜᱷᱟᱹᱣ ᱟᱨ ᱴᱭᱩᱢᱟᱹᱨ ᱠᱚ ᱯᱨᱚᱵᱷᱟᱣᱤᱛ ᱠᱚᱨᱟᱣ ᱮᱫ ᱟᱭ ᱟᱨ ᱛᱤᱱᱟᱹᱜ ᱜᱟᱱ ᱢᱟᱹᱱᱥᱤᱠ ᱠᱟᱨᱚᱬ ᱞᱟᱹᱜᱤᱫ ᱛᱮᱭᱟᱨᱚᱜ ᱠᱟᱱᱟ᱾"
677,नयी तकनीकों की वृद्धि हमें मस्तिष्क संरचनाओं और प्रक्रियाओं को पहले कभी नहीं देखा जाता देखने और खोज करने की अनुमति देती है ।,ᱱᱟᱶᱟ ᱛᱚᱠᱱᱤᱠ ᱨᱮᱭᱟᱜ ᱨᱟᱠᱟᱵ ᱟᱵᱚ ᱛᱤᱥ ᱦᱚᱸ ᱵᱟᱵᱚ ᱧᱮᱞ ᱠᱟᱫ ᱵᱷᱮᱡᱟ ᱨᱮᱭᱟᱜ ᱛᱮᱭᱟᱨ ᱟᱨ ᱯᱨᱚᱠᱨᱤᱭᱟᱹ ᱠᱚ ᱧᱮᱞ ᱟᱨ ᱡᱟᱸᱪ ᱨᱮᱭᱟᱜ ᱟᱫᱮᱨ ᱵᱚ ᱧᱟᱢ ᱦᱚᱪᱚᱮᱫ ᱵᱚᱱᱟ᱾
678,यह हमारे दिमाग में प्रक्रियाओं को समझने में हमारी मदद करता है।,ᱱᱚᱶᱟ ᱫᱚ ᱟᱵᱚ ᱥᱤᱢᱭᱩᱞᱮᱥᱚᱱ ᱢᱚᱰᱮᱞ ᱛᱮᱭᱟᱨ ᱞᱟᱹᱜᱤᱫ‌ ᱟᱹᱰᱤᱜᱟᱱ ᱵᱤᱵᱨᱚᱬ ᱟᱨ ᱡᱤᱱᱤᱥ ᱮᱢᱟ ᱵᱚᱱ ᱠᱟᱱᱟᱭ ᱚᱠᱟ ᱫᱚ ᱟᱵᱚᱣᱟᱜ ᱵᱷᱮᱡᱟ ᱨᱮ ᱯᱨᱚᱠᱨᱤᱭᱟᱹ ᱠᱚ ᱵᱩᱡᱷᱟᱹᱣ‌ ᱨᱮ ᱜᱚᱲᱚ ᱮᱢᱟ ᱵᱚᱱᱟᱭ᱾
679,"हालाँकि एआई के पास विज्ञान - कथा का एक प्रबल अर्थ है, कम्प्यूटर विज्ञान का एक बहुत ही महत्त्वपूर्ण शाखा है, व्यवहार से व्यवहार करना, सीखना और बुद्धिमान अनुकूल अनुकूल बनना ।","ᱡᱮᱦᱮᱛᱩ ᱮ ᱟᱭ ᱨᱮ ᱥᱟᱮᱬᱥ ᱠᱚᱛᱷᱚᱱ ᱨᱮᱭᱟᱜ ᱢᱤᱫᱴᱟᱹᱝ ᱠᱮᱴᱮᱡ ᱢᱮᱱᱮᱛ ᱠᱟᱱᱟ, ᱮ ᱟᱭ ᱠᱚᱢᱯᱭᱩᱴᱚᱨ ᱥᱟᱮᱬᱥ ᱨᱮᱭᱟᱜ ᱢᱤᱫᱴᱟᱹᱝ ᱟᱹᱰᱤ ᱡᱟᱹᱨᱩᱲ ᱛᱷᱚᱠ ᱠᱟᱱᱟ, ᱡᱟᱦᱟᱸᱭ ᱫᱚ ᱢᱮᱥᱤᱱ ᱨᱮᱭᱟᱜ ᱵᱮᱵᱷᱟᱨ, ᱪᱮᱫᱚᱜ ᱟᱨ ᱵᱩᱫᱷᱤᱢᱟᱹᱱ ᱚᱱᱩᱠᱩᱞ ᱥᱟᱶ ᱡᱩᱲᱟᱹᱣ ᱢᱮᱱᱟᱜᱼᱟ"
680,सन्‌ एआई में खोजबीन करने के लिए मशीनों को ऐसे काम करने की ज़रूरत होती है जिनमें बुद्धिमानी से काम करने की ज़रूरत होती है ।,ᱮ ᱟᱭ ᱨᱮ ᱚᱱᱩᱥᱚᱱᱫᱷᱟᱱ ᱨᱮ ᱱᱟᱠᱟᱱ ᱠᱟᱹᱢᱤ ᱠᱚ ᱥᱚᱣᱪᱟᱹᱞᱤᱛ ᱠᱚᱨᱟᱣ ᱞᱟᱹᱜᱤᱫ ᱢᱮᱥᱤᱱ ᱛᱮᱭᱟᱨ ᱥᱟᱹᱢᱤᱞ ᱢᱮᱱᱟᱜᱼᱟ ᱡᱟᱦᱟᱸᱭ ᱨᱮ ᱵᱩᱫᱷᱤᱢᱟᱹᱱ ᱵᱮᱵᱷᱟᱨ ᱨᱮᱭᱟᱜ ᱡᱟᱹᱨᱩᱲ ᱛᱟᱦᱮᱸᱱ ᱠᱟᱱᱟ᱾
681,"उदाहरणों में नियंत्रण, योजना और अनुसूचन शामिल हैं, ग्राहक प्रोग्रामों और प्रश्‍नों का उत्तर देने की क्षमता, साथ ही नक़ली पहचान, आवाज़ और चेहरे शामिल हैं ।","ᱫᱟᱹᱭᱠᱟᱹ ᱨᱮ ᱠᱚᱵᱡᱟ, ᱯᱟᱱᱛᱷᱟ ᱟᱨ ᱥᱮᱰᱭᱩᱞᱤᱝ, ᱜᱽᱨᱟᱦᱚᱠ ᱱᱤᱫᱟᱹᱱ ᱟᱨ ᱠᱩᱠᱞᱤ ᱨᱮᱭᱟᱜ ᱛᱮᱠᱟ ᱮᱢ ᱨᱮᱭᱟᱜ ᱠᱷᱭᱚᱢᱛᱟ, ᱥᱟᱶᱛᱮ ᱛᱤ ᱚᱞ ᱪᱤᱱᱦᱟᱹᱯ, ᱥᱟᱲᱮ ᱟᱨ ᱢᱚᱦᱚᱨ ᱥᱟᱹᱢᱤᱞ ᱢᱮᱱᱟᱜᱼᱟ᱾"
682,"ऐसी बातें अलग - अलग अनुशासन बन गयी हैं, जो सच्ची जीवन समस्याओं के समाधान प्रदान करने पर ध्यान केंद्रित करती हैं ।","ᱱᱚᱠᱟᱱ ᱡᱤᱱᱤᱥ ᱮᱴᱟᱜᱼᱮᱴᱟᱜ ᱛᱷᱚᱠ ᱛᱮᱭᱟᱨ ᱮᱱᱟ, ᱡᱟᱦᱟᱸ ᱫᱚ ᱥᱟᱹᱨᱤ ᱡᱤᱣᱚᱱ ᱨᱮᱭᱟᱜ ᱥᱚᱢᱟᱫᱷᱟᱱ ᱮᱢᱚᱜ ᱨᱮᱭᱟᱜ ᱩᱫᱩᱜ ᱛᱟᱦᱮᱸᱱ ᱠᱟᱱᱟ᱾"
683,"एआई सिस्टम अकसर आर्थिक, चिकित्सा, इंजीनियरिंग और सेना के क्षेत्रों में प्रयोग किया जाता है, जैसा कि कई घर कंप्यूटर और वीडियो गेम अनुप्रयोगों में किया गया है ।","ᱮ ᱟᱭ ᱦᱚᱨᱟ ᱫᱚ ᱱᱤᱛᱚᱜ ᱠᱟᱹᱣᱰᱤ ᱟᱹᱨᱤ, ᱨᱟᱱᱚᱜᱠᱚ, ᱤᱱᱡᱤᱱᱤᱭᱚᱨᱤᱝ ᱟᱨ ᱯᱷᱟᱹᱫᱽ‌ ᱨᱮᱭᱟᱜ ᱴᱚᱴᱷᱟ ᱨᱮ ᱵᱮᱵᱷᱟᱨᱚᱜ ᱠᱟᱱᱟ, ᱡᱮᱞᱠᱟ ᱡᱟᱦᱟᱸᱭ ᱫᱚ ᱟᱡᱟᱜ ᱚᱲᱟᱜ ᱨᱮᱭᱟᱜ ᱠᱚᱢᱯᱭᱩᱴᱚᱨ ᱟᱨ ᱣᱤᱰᱤᱭᱚ ᱜᱮᱢ ᱥᱚᱯᱷᱴᱣᱮᱨ ᱮᱯᱞᱤᱠᱮᱥᱚᱱ ᱨᱮ ᱛᱮᱭᱟᱨ ᱜᱮᱭᱟ ᱠᱚ᱾"
684,क्षेत्र यात्रा किसी भी कक्षा का एक बड़ा भाग है ।,ᱯᱷᱤᱞᱰ ᱴᱨᱤᱯ ᱡᱟᱦᱟᱸ ᱛᱷᱚᱠ ᱨᱮᱭᱟᱜ ᱢᱤᱫᱴᱟᱹᱝ ᱢᱟᱨᱟᱝ ᱦᱟᱹᱴᱤᱧ ᱛᱟᱦᱮᱸᱱᱟ᱾ ᱚᱝᱠᱟ ᱜᱮ ᱢᱤᱫᱴᱟᱹᱝ ᱢᱟᱪᱮᱛ ᱟᱡ ᱨᱤᱱ ᱪᱮᱪᱮᱫᱤᱭᱟᱹ ᱠᱚ ᱱᱚᱠᱟ ᱡᱟᱭᱜᱟ ᱨᱮ ᱤᱫᱤ ᱠᱩᱥᱤᱭᱟᱜᱼᱟᱭ ᱡᱟᱦᱟᱸ ᱨᱮ ᱵᱚᱥ ᱛᱮ ᱫᱟᱬᱟ ᱫᱚ ᱪᱮᱫ ᱵᱟᱪᱷᱟᱣ ᱡᱤᱱᱤᱥ ᱵᱟᱝ ᱛᱟᱦᱮᱸᱱᱟ᱾
685,वे अपने क्लास के साथ बैठे वक्‍त एक खूबसूरत कला की देख - रेख कर सकते हैं ।,"ᱯᱨᱚᱫᱭᱚᱜᱤᱠ ᱟᱵᱷᱟᱥᱤ ᱡᱟᱭᱜᱟ ᱥᱟᱶᱛᱮ ᱥᱚᱢᱟᱫᱷᱟᱹᱱ ᱮᱢᱚᱜ ᱜᱮᱭᱟᱭ᱾ ᱪᱮᱪᱮᱫᱤᱭᱟᱹ ᱠᱚ ᱟᱠᱚᱣᱟᱜ ᱛᱷᱚᱠ ᱥᱟᱶᱛᱮ ᱫᱩᱲᱩᱵ ᱠᱟᱛᱮ ᱢᱭᱩᱡᱤᱭᱟᱹᱢ ᱨᱮᱭᱟᱜ ᱠᱚᱲᱟ ᱠᱚ ᱧᱮᱞ ᱫᱟᱲᱮᱭᱟᱜᱼᱟ, ᱮᱠᱣᱮᱨᱤᱭᱟᱹᱢ ᱨᱮ ᱠᱚ ᱪᱟᱞᱟᱣ ᱫᱟᱲᱮᱭᱟᱜᱼᱟ ᱟᱨ ᱵᱟᱝ ᱪᱚᱨᱚᱠ ᱠᱚᱲᱟ ᱨᱮᱭᱟᱜ ᱠᱩᱥᱤ ᱠᱚᱨᱟᱣ ᱫᱟᱲᱮᱭᱟᱜᱼᱟ᱾"
686,"प्रचार में हिस्सा लेने का एक और तरीका है, सफर के बारे में गहराई से सोचना और भविष्य में होनेवाली क्लासों के अनुभवों पर मनन करना ।",ᱢᱩᱬ ᱠᱟᱭᱛᱮ ᱢᱤᱫᱴᱟᱹᱝ ᱯᱷᱤᱞᱰ ᱴᱨᱤᱯ ᱦᱚᱸ ᱥᱟᱶᱛᱮ ᱦᱟᱹᱴᱤᱧ ᱠᱚᱨᱟᱣ ᱦᱚᱸ ᱴᱨᱤᱯ ᱠᱚ ᱯᱨᱚᱛᱤᱵᱚᱸᱫ ᱞᱟᱹᱜᱤᱫ ᱟᱨ ᱵᱷᱚᱵᱤᱥᱭᱚᱛ ᱨᱮᱭᱟᱜ ᱥᱨᱮᱱᱤᱠᱚ ᱥᱟᱶᱛᱮ ᱟᱹᱱᱟᱹᱭᱠᱟᱹᱣ ᱦᱟᱹᱴᱤᱧ ᱞᱟᱹᱜᱤᱫ ᱢᱤᱫᱴᱟᱹᱝ ᱟᱹᱰᱤ ᱱᱟᱯᱟᱭ ᱦᱚᱨᱟ ᱠᱟᱱᱟI
687,"उदाहरण के लिए, हर साल नॉर्थ विक्टोरिया स्कूल के बच्चे राज्य की राजधानी में अपनी यात्रा के बारे में एक वेबसाइट बनाते हैं ।","ᱫᱟᱹᱭᱠᱟᱹ ᱞᱮᱠᱷᱟᱛᱮ, ᱡᱷᱚᱛᱚ ᱥᱮᱨᱢᱟ ᱮᱛᱚᱢ ᱠᱮᱨᱚᱞᱤᱱᱟ ᱨᱮᱭᱟᱜ ᱵᱮᱴᱮᱱ ᱥᱠᱩᱞ ᱨᱤᱱ ᱪᱮᱪᱮᱫᱤᱭᱟᱹ ᱨᱮᱭᱟᱜ ᱨᱟᱹᱡᱽᱜᱟᱲ ᱨᱮᱭᱟᱜ ᱟᱡᱟᱜ ᱫᱟᱬᱟ ᱵᱟᱵᱚᱛ ᱨᱮ ᱢᱤᱫᱴᱟᱹᱝ ᱣᱮᱵᱥᱟᱭᱤᱴ ᱰᱤᱡᱟᱭᱤᱱ ᱮᱫᱟᱭ, ᱡᱷᱚᱛᱚ ᱥᱮᱨᱢᱟ ᱣᱮᱵᱥᱟᱭᱤᱴ ᱫᱩᱦᱲᱟᱹ ᱛᱮᱭᱟᱨ ᱟ ᱠᱚ, ᱦᱮᱞᱮ ᱢᱟᱨᱮ ᱦᱟᱹᱞᱤᱭᱟᱹᱠ ᱠᱚ ᱥᱠᱨᱮᱯᱵᱩᱠ ᱞᱮᱠᱷᱟᱛᱮ ᱠᱟᱹᱢᱤ ᱪᱷᱚ ᱞᱟᱹᱜᱩᱫ ᱚᱱᱞᱟᱹᱭᱤᱱ ᱠᱚ ᱫᱚᱦᱚᱭᱟ᱾"
688,ब्लॉगर विद्यार्थी को लिखने में भी मदद कर सकते हैं ।,"ᱵᱞᱚᱜᱽ ᱜᱤᱫᱽᱨᱟᱹ ᱠᱚᱣᱟᱜ ᱚᱞ ᱠᱚ ᱵᱮᱥ ᱛᱮᱭᱟᱨ ᱨᱮ ᱜᱚᱲᱚ ᱮᱢ ᱫᱟᱲᱮᱭᱟᱜᱼᱟᱭ᱾ ᱦᱮᱞᱮ ᱪᱮᱪᱮᱫᱤᱭᱟᱹ ᱫᱚ ᱟᱠᱚᱣᱟᱜ ᱵᱞᱚᱜᱽ ᱨᱮᱭᱟᱜ ᱚᱱᱩᱵᱷᱚᱣ ᱨᱮᱭᱟᱜ ᱮᱛᱦᱚᱵ ᱠᱷᱟᱨᱟᱯ ᱨᱚᱱᱚᱲ ᱞᱟᱹᱜᱤᱫ ᱟᱨ ᱣᱚᱨᱱᱤᱛ ᱥᱟᱶᱛᱮ ᱠᱚᱨᱟᱣ ᱮᱫᱟᱭ, ᱫᱚᱨᱥᱚᱠ ᱨᱮᱭᱟᱜ ᱛᱟᱦᱮᱸᱱ ᱠᱚ ᱚᱱᱰᱮ ᱢᱚᱱᱮ ᱠᱚ ᱵᱚᱫᱚᱞᱚᱜ ᱛᱟᱠᱚᱣᱟ᱾"
689,"क्योंकि विद्यार्थी अकसर सबसे नाज़ुक श्रोता होते हैं, ब्लॉग लेखक अपनी आलोचना से बचने के लिए लिखने की कोशिश करने लगता है.","ᱪᱮᱫᱟᱜ ᱥᱮ ᱪᱮᱪᱮᱫᱤᱭᱟᱹ ᱫᱚ ᱡᱷᱚᱛᱚ ᱠᱷᱚᱱ ᱢᱚᱦᱚᱛ ᱫᱚᱨᱥᱚᱠ ᱠᱚ ᱛᱟᱦᱮᱸᱱ ᱠᱟᱱᱟ ᱠᱚ, ᱚᱱᱟ ᱛᱮ ᱵᱞᱚᱜᱽ ᱚᱞ ᱟᱹᱞᱚᱪᱱᱟᱹ ᱠᱷᱚᱱ ᱵᱟᱸᱪᱟᱣ ᱞᱟᱹᱜᱤᱫ ᱚᱞ ᱨᱮ ᱥᱩᱫᱷᱟᱹᱨ ᱞᱟᱹᱜᱤᱫ ᱪᱮᱥᱴᱟ ᱮ ᱮᱛᱦᱚᱵᱼᱟ ᱠᱚ᱾"
690,"ब्लॉगिंग ""अपने चारों ओर दुनिया भर के बारे में लोगों की दिलचस्पी बढ़ाने के लिए विद्यार्थियों की भी ज़रूरत है।","ᱵᱽᱞᱚᱜᱤᱸᱜᱽ ᱦᱚᱸ ""ᱯᱟᱹᱴᱷᱩᱣᱟᱹ ᱠᱚ ᱟᱲᱮ ᱯᱟᱥᱮ ᱨᱮᱱᱟᱜ ᱫᱤᱥᱚᱢ ᱵᱟᱠᱷᱨᱟ ᱡᱟᱹᱥᱛᱤ ᱵᱟᱲᱟᱭ ᱞᱟᱹᱜᱤᱫ ᱛᱮ ᱠᱚ ᱵᱚᱲᱦᱮᱜ ᱠᱟᱱᱟ᱾"" ᱫᱚᱨᱥᱚᱠ ᱠᱚ ᱨᱟᱹᱥᱠᱟᱹᱜ ᱥᱟᱞᱟᱜ ᱡᱚᱢ ᱚᱪᱚ ᱞᱟᱠᱛᱤᱭᱟᱱ ᱯᱟᱹᱴᱷᱩᱣᱟᱹ ᱟᱨ ᱢᱚᱱᱮ ᱞᱟᱜᱟᱣ ᱞᱟᱹᱜᱤᱫ ᱛᱮ ᱤᱸᱥᱯᱟᱭᱨᱮᱰ ᱮᱫ ᱠᱚᱣᱟᱭ (ᱴᱚᱴᱚ, ᱒᱐᱐᱔)"
691,यह एक ऐसा औज़ार है जो लोगों को बढ़ावा देता है कि वे पारंपरिक स्कूल के दिन के अलावा और भी अच्छी तरह सीखने का बढ़ावा दें ।,"ᱵᱽᱞᱚᱜᱤᱸᱜᱽ ᱢᱤᱫᱴᱟᱝ ᱚᱱᱠᱟᱱ ᱰᱤᱵᱟᱤᱥ ᱠᱟᱱᱟ ᱡᱟᱦᱟᱸ ᱫᱚ ᱥᱚᱦᱮᱫ ᱞᱟᱹᱜᱤᱫ ᱛᱮ ᱩᱫᱽᱜᱟᱹᱣ ᱠᱚ ᱧᱟᱢᱚᱜᱼᱟ, ᱟᱨ ᱯᱟᱹᱴᱷᱩᱣᱟᱹ ᱠᱚ ᱯᱚᱨᱟᱸᱯᱟᱨᱤᱠ ᱟᱥᱲᱟ ᱫᱤᱱ ᱠᱷᱚᱱᱟᱜ ᱦᱚᱸ ᱞᱟᱦᱟ ᱥᱤᱠᱱᱟᱹᱛ ᱞᱟᱹᱜᱤᱫ ᱩᱫᱽᱜᱟᱹᱣ ᱮᱫ ᱠᱚᱣᱟ᱾"
692,"ब्लॉग्स का सरल उपयोग ""मृतकों को और अधिक प्रभावशाली और महत्वपूर्ण बनने के लिए सक्षम कर सकता है; इंटरनेट सामग्री को सक्रिय रूप से स्वीकार करने के द्वारा, विद्यार्थी अपने पदों को दूसरों के लेखनों के संदर्भ में भी परिभाषित कर सकते हैं साथ साथ ही विशेष विषयों पर अपने दृष्टिकोण को स्पष्ट कर सकते हैं (ओवश, 2002).","ᱵᱞᱚᱜᱽ ᱨᱮᱭᱟᱜ ᱴᱷᱤᱠ ᱵᱮᱵᱷᱟᱨ ""ᱜᱤᱫᱽᱲᱟᱹ ᱠᱚᱣᱟᱜ ᱰᱷᱮᱨ ᱵᱤᱥᱞᱮᱥᱬᱟᱛᱢᱚᱠ ᱟᱨ ᱟᱞᱚᱪᱱᱟᱹ ᱛᱮᱭᱟᱨ ᱞᱟᱹᱜᱤᱫ ᱥᱚᱥᱚᱠᱛ ᱛᱮᱭᱟᱨ ᱫᱟᱲᱮᱭᱟᱜᱼᱟᱭ; ᱤᱱᱴᱚᱨᱱᱮᱴ ᱡᱤᱱᱤᱥ ᱪᱮᱛᱟᱱ ᱨᱮ ᱥᱚᱠᱨᱤᱭᱚ ᱦᱤᱥᱟᱹᱵ ᱛᱮ ᱯᱨᱚᱛᱤᱠᱨᱤᱭᱟᱹ ᱦᱤᱥᱟᱹᱵ ᱛᱮ, ᱪᱮᱪᱮᱫᱤᱭᱟᱹ ᱮᱴᱟᱜ ᱦᱚᱲ ᱠᱚᱣᱟᱜ ᱚᱞ ᱨᱮᱭᱟᱜ ᱥᱚᱱᱫᱟᱨᱵᱷ ᱛᱮ ᱟᱡᱟᱜ ᱡᱟᱭᱜᱟ ᱠᱚ ᱵᱩᱡᱟᱹᱣ ᱫᱟᱲᱮ ᱪᱷᱚ ᱠᱚᱨᱟᱣ ᱫᱟᱲᱮᱭᱟᱜᱼᱟᱭ ᱟᱨ ᱥᱟᱶᱛᱮ ᱵᱤᱥᱮᱥ ᱢᱩᱫᱟ ᱨᱮ ᱟᱡᱟᱜ ᱱᱤᱡᱮ ᱛᱴᱨᱮᱭᱟᱜ ᱫᱨᱩᱥᱴᱤᱠᱩᱬ ᱨᱮᱭᱟᱜ ᱨᱩᱯᱨᱮᱡᱷᱟ ᱛᱮᱭᱟᱨ ᱫᱟᱲᱮᱭᱟᱜᱼᱟᱭ᱾ (ᱳᱨᱟᱣᱮᱠ, ᱒᱐᱐᱒)"
693,"यह कनाडा की सुंदर राजधानी है, बाइलिंगी राजधानी और कला की एक सेना है जो कनाडा के अतीत और वर्तमान में दिखाया जाता है.","ᱚᱴᱟᱣᱟ ᱫᱚ ᱠᱟᱱᱟᱰᱟ ᱨᱮᱭᱟᱜ ᱞᱚᱵᱷᱟᱹᱣ, ᱵᱟᱨᱯᱟᱹᱨᱥᱤ ᱨᱟᱡᱽᱜᱟᱲ ᱠᱟᱱᱟ ᱟᱨ ᱱᱟᱶᱟ ᱨᱮ ᱠᱚᱞᱟ ᱫᱤᱨᱜᱷᱟᱹᱣ ᱟᱨ ᱥᱚᱝᱜᱽᱨᱟᱦᱞᱚᱭ ᱨᱮᱭᱟᱜ ᱢᱤᱫᱴᱟᱹᱝ ᱥᱨᱩᱝᱠᱞᱟ ᱢᱮᱱᱟᱜᱼᱟ ᱚᱠᱟ ᱫᱚ ᱠᱟᱱᱟᱰᱟ ᱨᱮᱭᱟᱜ ᱚᱛᱤᱛ ᱟᱨ ᱵᱚᱨᱛᱚᱢᱟᱱ ᱠᱚ ᱫᱮᱠᱷᱟᱣ ᱮᱫᱟᱭ᱾"
694,"दूर दक्षिण है Nagaga गिर और उत्तर, मुसकोका और उससे परे प्राकृतिक खूबसूरती का घर है ।",ᱥᱟᱺᱜᱤᱱ ᱠᱚᱧᱮᱸ ᱯᱟᱦᱴᱟ ᱨᱮ ᱱᱤᱭᱟᱜᱽᱨᱟ ᱯᱷᱚᱞᱥ ᱢᱮᱱᱟᱜᱼᱟ ᱟᱨ ᱮᱛᱚᱢ ᱨᱮ ᱢᱩᱥᱠᱚᱠᱟ ᱟᱨ ᱚᱱᱟ ᱠᱷᱚᱱ ᱞᱟᱦᱟ ᱨᱮᱱᱟᱜ ᱵᱟᱝ ᱵᱮᱵᱷᱟᱨ ᱟᱠᱟᱱ ᱥᱚᱨᱮᱥ ᱥᱤᱨᱡᱚᱱᱤᱭᱟᱹ ᱟᱜ ᱚᱲᱟᱜ ᱢᱮᱱᱟᱜᱼᱟ᱾
695,इन सब बातों और अतिरिक्‍त विशिष्ट ऑन्टेरीयो को बाहरवालों द्वारा दी जानेवाली कनाडा कहा जाता है ।,ᱱᱚᱶᱟ ᱡᱷᱚᱛᱚ ᱡᱤᱱᱤᱥ ᱟᱨ ᱚᱸᱴᱟᱨᱤᱭᱟ ᱠᱚ ᱵᱟᱦᱨᱮ ᱦᱚᱲ ᱦᱚᱛᱮᱛᱮ ᱯᱟᱨ ᱮᱠᱥᱮᱞᱮᱸᱥ ᱨᱩᱯ ᱛᱮ ᱠᱟᱱᱟᱰᱟᱭᱤ ᱨᱮᱱᱟᱝ ᱨᱩᱯ ᱛᱮ ᱩᱡᱟᱜᱟᱨ ᱮᱫᱟᱭ᱾
696,उत्तर के काफ़ी बड़े - बड़े क्षेत्र हैं जो काफ़ी हद तक आबाद हैं और कुछ तो दूर - दूर के वीराने में हैं ।,ᱢᱟᱬᱟᱝ ᱥᱮᱫ ᱮᱛᱚᱢ ᱨᱮ ᱢᱟᱨᱟᱝ ᱴᱚᱴᱷᱟ ᱟᱭᱢᱟ ᱠᱚᱢ ᱟᱵᱟᱫ ᱟᱱᱟᱜ ᱠᱟᱱᱟ ᱟᱨ ᱠᱤᱪᱷᱩᱜᱟᱱ ᱵᱟᱞᱤᱭᱟᱹᱲ ᱚᱛ ᱡᱟᱨᱟ ᱢᱮᱱᱟᱜᱼᱟ᱾
697,अनेक लोग आश्‍चर्यचकित हैं कि जनसंख्या की तुलना में: कनाडा के नागरिक उससे भी ज़्यादा अफ्रीकी अमरीकी हैं ।,ᱦᱚᱲ ᱮᱞ ᱠᱚ ᱛᱩᱟᱞᱡᱚᱠᱷᱟ ᱞᱟᱹᱜᱤᱫ ᱡᱟᱦᱟᱸ ᱟᱹᱰᱤᱜᱟᱱ ᱦᱚᱲ ᱠᱚ ᱦᱟᱦᱟᱲᱟ ᱚᱪᱚᱭᱮᱫ ᱠᱚᱣᱟ ᱺ ᱠᱟᱱᱟᱰᱟ ᱨᱤᱱ ᱱᱟᱜᱨᱤᱠ ᱠᱚᱣᱟᱜ ᱛᱩᱞᱟᱹ ᱯᱟᱹᱭᱞᱟᱹ ᱨᱮ ᱟᱢᱨᱤᱠᱟ ᱨᱮ ᱡᱟᱹᱥᱛᱤ ᱟᱯᱷᱨᱤᱠᱤ ᱟᱢᱮᱨᱤᱠᱤ ᱠᱚ ᱵᱟᱥᱟ ᱟᱠᱟᱱᱟ᱾
698,पूर्वी अफ्रीकी द्वीप अफ्रीका के पूर्वी तट के पास उत्तरीय महासागर में हैं ।,ᱟᱯᱷᱨᱤᱠᱟ ᱨᱮᱭᱟᱜ ᱯᱩᱨᱩᱵᱽ ᱨᱮᱭᱟᱜ ᱟᱭᱤᱥᱞᱟᱸᱰ ᱠᱚᱫᱚ ᱟᱯᱨᱤᱠᱟ ᱯᱩᱨᱩᱵᱽ ᱫᱚᱨᱭᱟ ᱫᱷᱟᱨᱮ ᱤᱱᱰᱤᱭᱟᱱ ᱫᱚᱨᱭᱟ ᱨᱮ ᱢᱮᱱᱟᱜᱼᱟ᱾
699,"मेडागास्कर सबसे बड़ा है, और जब जंगली जानवरों की बात आती है तब इसके स्वयं एक महाद्वीप में ।",ᱡᱚᱠᱷᱚᱱ ᱵᱤᱨ ᱡᱩᱱᱛᱩ ᱠᱚᱣᱟᱜ ᱠᱟᱛᱷᱟ ᱦᱤᱡᱩᱜ-ᱟ ᱮᱱᱠᱷᱟᱱ ᱢᱟᱰᱟᱜᱟᱥᱠᱚᱨ ᱱᱤᱛ ᱦᱟᱹᱵᱤᱡ ᱨᱮᱱᱟᱜ ᱡᱚᱛᱚ ᱠᱷᱚᱱ ᱢᱟᱨᱟᱝ ᱟᱨ ᱱᱤᱡᱽ ᱛᱮ ᱱᱚᱣᱟ ᱫᱚ ᱢᱤᱫ ᱢᱚᱦᱟᱫᱤᱯ ᱠᱟᱱᱟI
700,"ज़्यादातर छोटे - छोटे द्वीप स्वतंत्र राष्ट्र हैं, या फ्रांस से जुड़े हुए हैं, और जिन्हें ऐशो - आराम की जगहों के नाम से जाना जाता है ।","ᱟᱭᱢᱟ ᱜᱟᱱ ᱠᱟᱹᱡ ᱠᱟᱹᱡ ᱟᱭᱤᱥᱞᱟᱸᱰ ᱠᱚᱫᱚ ᱟᱹᱯᱱᱟᱹᱛ ᱫᱮᱥ ᱠᱟᱱᱟ, ᱟᱨᱵᱟᱝ ᱯᱷᱨᱟᱱᱥ ᱥᱟᱶ ᱡᱚᱲᱟᱣ ᱠᱚ ᱛᱟᱦᱮᱱᱟ, ᱟᱨ ᱞᱚᱠᱡᱚᱨᱤ ᱵᱤᱪ ᱨᱤᱥᱚᱴ ᱢᱮᱱᱛᱮ ᱠᱚ ᱵᱟᱰᱟᱭ ᱠᱚᱜᱼᱟ᱾"
701,"यहाँ के अरबी लोग भी इस्लाम को देश में ले आए, और इसने मयोटे और मयोटे में एक बड़ा मार्ग लिया ।","ᱟᱨᱚᱵᱽ ᱠᱚᱫᱚ ᱟᱠᱚ ᱫᱤᱥᱚᱢ ᱛᱮ ᱤᱥᱞᱟᱢ ᱠᱚ ᱟᱹᱜᱩ ᱞᱮᱜᱼᱟ, ᱟᱨ ᱠᱳᱢᱳᱨᱳᱥ ᱟᱨ ᱢᱟᱭᱳᱴᱤ ᱠᱚᱫᱚ ᱢᱟᱨᱟᱝ ᱩᱯᱟᱹᱭ ᱛᱮᱠᱚ ᱟᱹᱜᱩᱞᱮᱫ-ᱟ᱾"
702,"सन्‌ 15वीं सदी में यूरोप से लेकर भारत तक यूरोप तक, पुर्तगाली खोजकर्ता, वामा डा गामा नाम के एक खोजकर्ता नेप काप पाया ।","ᱭᱩᱨᱩᱯ ᱠᱚᱣᱟᱜ ᱯᱨᱚᱵᱷᱟᱵᱽ ᱟᱨ ᱠᱳᱞᱳᱱᱤᱭᱟᱞᱤᱡᱤᱢ ᱫᱚ ᱑᱕ ᱟᱱᱟᱜ ᱥᱮᱧᱪᱩᱨᱤ ᱨᱮ ᱮᱛᱚᱦᱚᱵ ᱞᱮᱱᱟ, ᱡᱚᱠᱷᱚᱱ ᱯᱚᱨᱛᱩᱜᱤᱡᱽ ᱮᱠᱥᱯᱞᱳᱨᱚᱨ ᱵᱷᱟᱥᱠᱩᱰᱟᱜᱟᱢᱟ ᱭᱩᱨᱩᱯ ᱠᱷᱚᱱ ᱵᱷᱟᱨᱚᱛ ᱠᱮᱯ ᱦᱚᱨ-ᱮ ᱧᱟᱢ ᱞᱮᱜᱼᱟ᱾"
703,उत्तर में स्केल और दक्षिण और पश्‍चिम में अटलांटिक महासागर के पास के इलाके में ।,ᱮᱛᱚᱢ ᱨᱮ ᱱᱚᱶᱟ ᱥᱟᱦᱮᱞ ᱟᱨ ᱠᱚᱧᱮ ᱟᱨ ᱯᱩᱪᱷᱤᱢ ᱨᱮ ᱟᱴᱞᱟᱱᱴᱤᱠ ᱫᱚᱨᱭᱟ ᱥᱟᱶ ᱡᱚᱯᱴᱮᱫ ᱠᱟᱱᱟᱭ᱾
704,"स्त्रियाँ: यह सलाह दी जाती है कि किसी भी पुरुष का कहना है कि वे शादीशुदा हैं, फिर चाहे वे असल में शादीशुदा हों ।","ᱛᱤᱨᱞᱟᱹ : ᱱᱚᱣᱟ ᱨᱤᱠᱚᱢᱮᱸᱰ ᱠᱚᱜᱼᱟ ᱡᱮ ᱡᱟᱦᱟᱸᱭ ᱫᱟᱲᱟᱱᱤᱡ ᱛᱤᱨᱞᱟᱹ ᱜᱮ ᱵᱟᱯᱞᱟᱭᱤᱡ ᱢᱮᱱᱛᱮ ᱠᱚ ᱞᱟᱹᱭᱩᱜᱼᱟ, ᱚᱥᱚᱞ ᱵᱟᱯᱞᱟ ᱥᱴᱟᱴᱚᱥ ᱫᱚ ᱡᱟᱦᱟᱸᱜᱮ ᱦᱩᱭᱩᱜ᱾"
705,एक अंगूठी पहनना भी सहायक है (सिर्फ एक ऐसा नहीं जो बहुत महँगी लग रहा हो) ।,ᱱᱚᱶᱟ ᱢᱩᱸᱫᱟᱹᱢ ᱦᱚᱨᱚᱜ ᱞᱟᱹᱜᱤᱫ-ᱮ ᱜᱚᱲᱚ ᱟᱠᱚᱣᱟ (ᱠᱷᱟᱹᱞᱤ ᱢᱤᱫᱴᱤᱡ ᱫᱚ ᱵᱟᱝ ᱡᱟᱦᱟᱸ ᱫᱟᱢ ᱧᱚᱜ ᱧᱮᱞᱚᱜᱼᱟ)᱾
706,"स्त्रियों को यह समझना चाहिए कि सांस्कृतिक भिन्‍नताओं का परिणाम हो सकता है कि वे उत्पीड़न के बारे में क्या सोचते हैं और यह असाधारण नहीं है, हाथ से पकड़े हुए, हाथ - पैर पकड़े हुए ।","ᱛᱤᱨᱞᱟᱹ ᱠᱚ ᱩᱭᱦᱟᱹᱨ ᱞᱟᱹᱠᱛᱤ ᱠᱟᱱᱟ ᱡᱮ ᱞᱟᱠᱪᱟᱨ ᱨᱮ ᱢᱚᱛᱵᱷᱮᱫᱽ ᱫᱚ ᱩᱱᱠᱩ ᱦᱟᱨᱟᱥᱢᱮᱸᱴ ᱫᱚ ᱚᱠᱟᱞᱮᱠᱟ ᱠᱚ ᱵᱷᱟᱹᱵᱤᱭᱟ ᱟᱨ ᱱᱚᱶᱟ ᱠᱚ ᱢᱟᱱᱟᱣᱟ, ᱛᱤ ᱛᱮ ᱥᱟᱵ ᱞᱮᱠᱟᱱᱟᱜ ᱫᱚ ᱵᱟᱝ-ᱟ᱾"
707,"पुरुषों को रोकने में दृढ़ रहो, और अपनी भूमि पर स्थिर रहने से मत डरिए (जिसका स्वभाव या नहीं, यह ठीक नहीं कर सकता!)","ᱠᱚᱲᱟ ᱠᱩ ᱠᱮᱴᱮᱡ ᱫᱚᱦᱚ ᱞᱟᱹᱜᱤᱫ, ᱟᱠᱚᱣᱟᱜ ᱡᱟᱭᱜᱟᱨᱮ ᱛᱤᱸᱜᱩ ᱞᱟᱹᱜᱤᱫ ᱟᱞᱚᱠᱚ ᱵᱚᱛᱚᱨᱚᱜ ᱢᱟ (ᱞᱟᱠᱪᱟᱨ ᱫᱚ ᱵᱷᱮᱜᱟᱨᱚᱜ ᱨᱮᱦᱚᱸ ᱟᱨᱵᱟᱝ ᱵᱟᱝ, ᱱᱚᱶᱟ ᱫᱚ ᱵᱟᱭ ᱡᱩᱛ-ᱟ!)᱾"
708,"सन्‌ 10वीं सदी में, बंबर मज़दूरों के आधुनिक शहर की स्थापना हुई और उन्हें बफला नाम के एक बंदरगाह के रूप में इस्तेमाल किया गया ।","ᱱᱟᱦᱟᱜᱟᱜ ᱠᱟᱥᱟᱵᱟᱞᱟᱝᱠᱟ ᱵᱟᱡᱟᱨ ᱫᱚ ᱑᱐-ᱟᱱᱟᱜ ᱥᱮᱧᱪᱩᱨᱤ ᱵᱤᱹᱥᱤᱹᱤᱹ ᱨᱮ ᱵᱮᱨᱵᱮᱨ ᱦᱟᱹᱠᱩ ᱥᱟᱵᱠᱩᱫ ᱠᱚ ᱦᱚᱛᱮᱛᱮ ᱵᱮᱱᱟᱣ ᱞᱮᱱᱟ, ᱟᱨ ᱯᱷᱚᱭᱱᱤᱥᱤᱭᱟᱱ ᱠᱚ, ᱨᱳᱢᱟᱱ ᱠᱚ ᱟᱨ ᱢᱮᱨᱮᱱᱤᱰᱤᱥ ᱠᱚ ᱟᱱᱯᱷᱟ ᱧᱩᱛᱩᱢ ᱛᱮ ᱥᱴᱨᱟᱴᱮᱡᱤᱠ ᱯᱳᱨᱴ‌ ᱞᱮᱠᱟᱛᱮ ᱵᱮᱵᱷᱟᱨ ᱞᱮᱫ-ᱟᱠᱚI"
709,सन्‌ 1755 में पुर्तगालियों ने इसे तहस - नहस कर दिया ।,"ᱯᱟᱨᱛᱩᱜᱟᱹᱞᱤ ᱱᱚᱶᱟ ᱠᱚ ᱱᱚᱥᱴᱚ ᱠᱮᱜᱼᱟ ᱟᱨ ᱚᱱᱟ ᱫᱚ ᱠᱟᱸᱥᱟ ᱵᱽᱨᱟᱝᱠᱟ ᱧᱩᱛᱩᱢ ᱛᱮ ᱫᱩᱦᱲᱟᱹ ᱛᱮᱭᱟᱨ ᱠᱮᱜᱼᱟ ᱠᱚ, ᱠᱷᱟᱹᱞᱤ ᱑᱗᱕᱕ ᱨᱮᱭᱟᱜ ᱚᱛᱞᱟᱲᱟᱣ ᱯᱚᱨᱮ ᱱᱚᱶᱟ ᱵᱟᱹᱜᱤ ᱠᱮᱜᱼᱟ ᱠᱚ᱾"
710,मोर्सन मा म्पोया के रूप में शहर बनाया... ... और यह स्पेन के व्यापारियों द्वारा स्पेन के व्यापारी जो व्यापार आधार स्थापित किया गया नाम suuueakay दिया गया.,ᱢᱚᱨᱚᱠᱠᱟᱱ ᱥᱩᱞᱛᱟᱱ ᱫᱚᱦᱲᱟᱭ ᱵᱮᱱᱟᱣ ᱠᱮᱫᱟ ᱥᱚᱦᱚᱨ ᱫᱟᱨᱩ ᱤ-ᱵᱟᱫᱽᱭᱟ ᱞᱮᱠᱟᱛᱮ ᱟᱨ ᱱᱚᱶᱟ ᱫᱚ ᱠᱟᱥᱟᱵᱽᱞᱟᱝᱠᱟ ᱧᱩᱛᱩᱢ ᱠᱚ ᱮᱢ ᱠᱮᱫᱟ ᱥᱯᱮᱱᱤᱥ ᱵᱮᱯᱟᱨᱤ ᱡᱟᱦᱟᱸᱭᱠᱚ ᱚᱸᱰᱮ ᱵᱮᱯᱟᱨ ᱰᱤ ᱠᱚ ᱵᱮᱱᱟᱣ ᱞᱮᱫᱟ᱾
711,सभी मोरक्को में की गयी दुकान की दुकान में से एक है।,ᱠᱟᱥᱟᱵᱽᱞᱟᱝᱠᱟ ᱫᱚ ᱢᱚᱨᱚᱠᱠᱚ ᱨᱮᱱᱟᱜ ᱡᱚᱛᱚ ᱠᱷᱚᱱ ᱠᱚᱢ ᱜᱚᱨᱚᱡᱟᱱ ᱴᱷᱟᱶ ᱠᱟᱱᱟ ᱠᱤᱨᱤᱧ ᱵᱟᱲᱟ ᱞᱟᱹᱜᱤᱫ᱾
712,"पुराने तूनेबियों के आसपास पारंपरिक मोरसोन के माल बेचने में आसानी से आसान है, जैसे कि टैगन, चमड़े के सामान, हुक्स, और भूना के एक पूरा स्पेक्ट्रम, लेकिन यह पर्यटकों के लिए है.","ᱢᱟᱨᱮ ᱢᱟᱹᱫᱤᱱᱟ ᱥᱩᱨ ᱠᱚᱨᱮ ᱫᱚ ᱯᱟᱨᱚᱢᱯᱚᱨᱤᱠ ᱢᱚᱨᱚᱠᱠᱟᱱ ᱥᱟᱢᱟᱱ, ᱡᱮᱞᱠᱟ ᱴᱮᱜᱤᱱ, ᱦᱟᱥᱟ ᱨᱮᱭᱟᱜ ᱥᱟᱢᱟᱱ, ᱦᱟᱨᱛᱟ ᱨᱮᱭᱟᱜ ᱥᱟᱢᱟᱱ, ᱦᱩᱠᱟᱦ, ᱟᱨ ᱠᱟᱴᱟ ᱨᱮᱭᱟᱜ ᱢᱟᱨᱮ ᱥᱯᱮᱠᱴᱨᱚᱢ ᱟᱹᱠᱨᱤᱧ ᱠᱚ ᱯᱟᱱᱛᱮ ᱟᱹᱰᱤ ᱟᱞᱜᱟ ᱜᱮ ᱵᱩᱡᱷᱟᱹᱣᱜᱼᱟ, ᱢᱮᱱᱠᱷᱟᱱ ᱱᱚᱶᱟ ᱯᱚᱨᱭᱚᱴᱚᱠ ᱞᱟᱹᱜᱤᱫ ᱛᱮ ᱠᱟᱱᱟ᱾"
713,मामा रुवाण्डा के पास नैशनल रिपब्लिक ऑफ कांगो का एक पर्यटक शहर है ।,ᱜᱚᱢᱟ ᱫᱚ ᱰᱮᱢᱚᱠᱨᱮᱴᱤᱠ ᱨᱤᱯᱚᱵᱽᱞᱤᱠ ᱚᱯᱷ ᱠᱚᱝᱜᱚ ᱥᱚᱦᱚᱨ ᱨᱮᱭᱟᱜ ᱴᱩᱨᱤᱥᱴ ᱥᱚᱦᱚᱨ ᱠᱟᱱᱟ ᱚᱠᱟ ᱫᱚ ᱯᱩᱨᱩᱵᱽ ᱩᱛᱟᱹᱨ ᱨᱩᱣᱟᱱᱰᱟ ᱥᱩᱨ ᱨᱮ ᱢᱮᱱᱟᱜᱼᱟ᱾
714,सन्‌ 2002 में गाइमा को लारागोगो ज्वालामुखी से नाश कर दिया गया ।,"᱒᱐᱐᱒ ᱨᱮ ᱱᱤᱨᱟᱜᱚᱝᱜᱚ ᱡᱩᱣᱟᱞᱟᱢᱩᱠᱷᱤ ᱨᱮᱭᱟᱜ ᱞᱟᱣᱵᱷᱟ ᱫᱟᱨᱟᱭ ᱛᱮ ᱜᱚᱢᱟ ᱫᱚ ᱱᱚᱥᱴᱚ ᱞᱮᱫᱟᱭ, ᱡᱟᱦᱟᱸ ᱫᱚ ᱥᱚᱦᱚᱨ ᱨᱮᱭᱟᱜ ᱥᱚᱲᱚᱠ ᱠᱚ ᱵᱤᱥᱮᱥ ᱞᱮᱠᱟ ᱛᱮ ᱥᱚᱦᱚᱨ ᱨᱮᱭᱟᱜ ᱛᱟᱞᱢᱟ ᱫᱚ ᱞᱮᱫᱟᱭ᱾"
715,"जबकि गोमा उचित रूप से सुरक्षित है, गोमा के बाहर किसी भी भेंट को उस युद्ध की स्थिति को समझने के लिए शोध किया जाना चाहिए जो उत्तरी कॉव प्रांत में बना हुआ है ।","ᱜᱚᱢᱟ ᱫᱚ ᱮᱱᱛᱮᱨᱮᱦᱚᱸ ᱱᱟᱯᱟᱭ ᱜᱮᱭᱟ, ᱜᱚᱢᱟ ᱵᱟᱦᱨᱮ ᱡᱟᱦᱱᱟᱜ ᱱᱚᱦᱚᱨ ᱠᱚ ᱫᱚ ᱵᱮᱥ ᱪᱚᱨᱚᱠ ᱨᱤᱥᱚᱨᱪ ᱠᱟᱛᱮ ᱱᱚᱨᱛᱷ ᱠᱤᱣᱩ ᱯᱨᱚᱵᱷᱤᱱᱥ ᱨᱮ ᱪᱟᱹᱞᱩ ᱠᱟᱱᱟ ᱛᱟᱯᱟᱢ ᱠᱚ ᱵᱩᱡᱷᱟᱹᱣ ᱨᱮᱭᱟᱜ ᱢᱮᱱᱟᱜᱼᱟ᱾"
716,यह शहर अफ्रीका में सबसे महँगे पहाड़ जारगा ज्वालामुखी के साथ - साथ एनीगोगो ज्वालामुखी पर भी चढ़ रहा है ।,ᱱᱚᱣᱟ ᱥᱚᱦᱚᱨ ᱟᱯᱷᱹᱨᱤᱠᱟ ᱨᱮᱭᱟᱜ ᱛᱷᱚᱲᱟ ᱥᱟᱥᱛᱟ ᱢᱟᱣᱩᱱᱴᱮᱱ ᱜᱳᱨᱤᱞᱟᱞᱟ ᱴᱨᱮᱠᱤᱝ ᱥᱟᱶᱛᱮ ᱱᱤᱨᱚᱜᱚᱝᱜᱚ ᱡᱣᱟᱞᱟᱢᱩᱠᱷᱤ ᱨᱮ ᱟᱫᱷᱟᱨ ᱟᱠᱟᱱᱟ᱾
717,आप गोलामा के आसपास पहुँचने के लिए बो-ब्रोडा का उपयोग कर सकते हैं. सामान्य मूल्य है - $५०० कोषा फ्रांक्स की छोटी सवारी के लिए.,ᱟᱢ ᱜᱚᱢᱟ ᱟᱰᱮ~ᱯᱟᱥᱮ ᱪᱟᱞᱟᱜ ᱞᱟᱹᱜᱤᱫ ᱟᱢ ᱵᱚᱰᱟᱼᱵᱚᱰᱟ (ᱢᱚᱴᱚᱨ ᱥᱟᱭᱠᱚᱞ ᱴᱮᱠᱥᱤ) ᱵᱮᱵᱷᱟᱨ ᱫᱟᱲᱮᱭᱟᱜᱼᱟᱢ᱾ ᱠᱷᱟᱴᱚ ᱚᱠᱛᱚ ᱫᱮᱡ ᱞᱟᱹᱜᱤᱫ ᱥᱟᱫᱷᱟᱨᱚᱱ (ᱞᱚᱠᱟᱞ) ᱜᱚᱱᱚᱝ ~᱕᱐᱐ ᱠᱚᱝᱜᱚᱞᱤᱡᱽ ᱯᱷᱨᱟᱸᱠᱥ ᱫᱚᱨᱠᱟᱨ᱾
718,"अपनी सापेक्षता के साथ मिला हुआ, ""पशु"" का प्रयोग आश्‍चर्यजनक, दूर देशों के लिए एक समानता के रूप में किया गया है ।","ᱟᱡᱟᱜ ᱥᱟᱯᱮᱠᱥ ᱯᱚᱦᱚᱧᱪ ᱥᱟᱶᱛᱮ ᱡᱩᱢᱤᱫ, ""ᱴᱤᱢᱵᱩᱠᱴᱩ"" ᱣᱤᱫᱮᱥᱤ, ᱫᱩᱫᱽᱨᱟᱡᱽ ᱨᱮᱭᱟᱜ ᱦᱟᱥᱟ ᱞᱟᱹᱜᱤᱫ ᱢᱤᱫᱴᱟᱹᱝ ᱨᱩᱯᱟᱹᱠ ᱨᱮᱭᱟᱜ ᱨᱩᱯ ᱛᱮ ᱵᱮᱵᱷᱟᱨ ᱦᱩᱭ ᱠᱟᱱᱟ᱾"
719,"आज, वेश्‍या एक गरीब शहर है, हालाँकि उसकी प्रतिष्ठा उसे एक पर्यटक आकर्षण बनाती है, और उसका हवाई अड्डे है ।","ᱛᱮᱦᱮᱸᱧ, ᱴᱤᱢᱵᱩᱠᱴᱩ ᱫᱚ ᱢᱤᱫᱴᱟᱹᱝ ᱨᱮᱝᱜᱮᱡ ᱥᱚᱦᱚᱨ ᱠᱟᱱᱟ, ᱢᱮᱱᱠᱷᱟᱱ  ᱱᱚᱶᱟ ᱨᱮᱭᱟᱜ ᱯᱨᱚᱛᱷᱤᱥᱴᱟᱹ ᱱᱚᱶᱟ ᱫᱚ ᱢᱤᱫᱴᱟᱹᱝ ᱯᱚᱨᱭᱚᱴᱚᱱ ᱟᱴᱨᱟᱠᱥᱚᱱ ᱛᱮᱭᱟᱨ ᱮ ᱠᱟᱱᱟᱭ, ᱟᱨ ᱱᱚᱶᱟ ᱨᱮ ᱢᱤᱫᱴᱟᱹᱝ ᱩᱰᱟᱹᱱ ᱜᱷᱟᱹᱴᱤ ᱦᱚᱸ ᱢᱮᱱᱟᱜᱼᱟ᱾"
720,सन्‌ 1990 में इसे खतरे में डाल दिया गया ।,"᱑᱙᱙᱐ ᱨᱮ, ᱢᱚᱨᱩᱵᱷᱩᱢᱤ ᱵᱟᱹᱞᱤ ᱠᱚᱨᱮᱱᱟᱜ ᱵᱚᱯᱚᱫ ᱠᱟᱨᱚᱱ ᱱᱚᱣᱟ ᱡᱮᱜᱮᱛ ᱦᱮᱨᱤᱴᱮᱡᱽ ᱡᱟᱭᱜᱟ ᱠᱚᱨᱮᱱᱟᱜ ᱵᱚᱯᱚᱫ ᱛᱟᱞᱠᱟᱹ ᱨᱮ ᱡᱚᱲᱟᱣ ᱛᱟᱦᱮᱸ ᱠᱟᱱᱟI"
721,यह भारतीय दुनिया के विशेष अनुमानों के दौरान हेनरी लुई गेट्स के दौरान एक प्रमुख बंद हो गया था.,ᱱᱚᱶᱟ ᱟᱯᱷᱨᱤᱠᱟ ᱡᱮᱜᱮᱫ ᱨᱤᱱᱤᱡ ᱞᱩᱭᱤ ᱜᱮᱴᱥ ᱨᱤᱱᱤᱡ ᱯᱤᱹᱵᱤᱹᱮᱥᱹ ᱵᱤᱥᱮᱥ ᱪᱟᱢᱠᱟᱜ ᱞᱟᱹᱜᱤᱫ ᱢᱩᱬᱩᱛ ᱥᱴᱟᱹᱯ ᱠᱷᱚᱱ ᱢᱤᱫ ᱛᱟᱦᱮᱸ ᱠᱟᱱᱟ᱾
722,"यह शहर देश के बाकी शहरों की स्पष्ट विषमता में है, क्योंकि यह एक अफ्रीकी से अधिक अरबी उड़ान से अधिक है.","ᱱᱚᱶᱟ ᱥᱚᱦᱚᱨ ᱫᱤᱥᱚᱢ ᱨᱮᱱᱟᱜ ᱮᱴᱟᱜ ᱥᱚᱦᱚᱨ ᱠᱷᱚᱱ ᱩᱞᱴᱟᱹ ᱢᱮᱱᱟᱜᱼᱟ, ᱪᱮᱫᱟᱜ ᱥᱮ ᱱᱚᱶᱟ ᱢᱤᱫ ᱟᱯᱷᱨᱤᱠᱟ ᱨᱮᱱᱟᱜ ᱛᱩᱞᱟᱹ ᱨᱮ ᱢᱤᱫ ᱟᱨᱵᱤ ᱯᱞᱮᱭᱟᱨ ᱠᱟᱱᱟ᱾"
723,"Kugger नैशनल पार्क (के.WP) उत्तर अफ्रीका के उत्तर की ओर है और उत्तर, जिम्बाबवे, उत्तर में जिम्बाबवे के सीमा के साथ चला जाता है, और दक्षिणी सीमा है दरिया नदी है.","ᱠᱨᱩᱜᱟᱨ ᱡᱟᱹᱛᱤᱭᱟᱹᱨᱤ ᱯᱟᱨᱠ (ᱠᱮᱹᱮᱱᱹᱯᱤᱹ) ᱫᱟᱠᱷᱤᱱ ᱟᱯᱷᱨᱤᱠᱟ ᱨᱮᱱᱟᱜ ᱩᱛᱛᱨᱤ ᱨᱮᱱᱟᱜ ᱥᱟᱢᱟᱝ ᱥᱮᱦᱮᱫ ᱨᱮ ᱢᱮᱱᱟᱜᱼᱟ ᱟᱨ ᱥᱟᱢᱟᱝ ᱥᱮᱦᱮᱫ ᱨᱮ ᱢᱚᱡᱟᱢᱵᱤᱠ ᱨᱮᱱᱟᱜ ᱥᱤᱢᱟ ᱥᱟᱶ ᱢᱮᱱᱟᱜᱼᱟ, ᱩᱛᱛᱨᱤ ᱨᱮ ᱡᱤᱢᱵᱟᱣᱮ, ᱟᱨ ᱫᱟᱠᱷᱤᱱ ᱥᱤᱢᱟ ᱢᱟᱸᱜᱟᱲ ᱜᱟᱰᱟ ᱢᱮᱱᱟᱜᱼᱟ᱾"
724,"इस पार्क में करीब 19,,500 किलोमीटर का इलाका है और इसमें 14 अलग - अलग किस्म के पेड़ हैं, जो अलग - अलग किस्म के जंगली जानवर हैं ।","ᱯᱟᱨᱠ ᱫᱚ ᱑᱙,᱕᱐᱐ ᱠᱤᱢᱤ᱒ ᱟᱢᱮᱴᱟᱠᱟᱫᱟᱭ ᱟᱨ ᱑᱔ ᱡᱩᱫᱟᱹᱼᱡᱩᱫᱟᱹ ᱮᱠᱳᱡᱚᱱ ᱨᱮ ᱦᱟᱹᱴᱤᱧ ᱢᱮᱱᱟᱜᱼᱟ, ᱥᱟᱱᱟᱢ ᱡᱩᱫᱟᱹᱼᱡᱩᱫᱟᱹ ᱵᱤᱨ ᱡᱤᱭᱟᱹᱞᱤ ᱢᱮᱱᱟᱜ ᱠᱚᱣᱟ᱾"
725,यह दक्षिण अफ्रीका का एक मुख्य आकर्षण है और यह दक्षिण अफ्रीका के नैशनल पार्कों का झंडे समझा जाता है ।,ᱱᱚᱶᱟ ᱫᱟᱠᱷᱤᱱ ᱟᱯᱷᱨᱤᱠᱟ ᱨᱮᱱᱟᱜ ᱧᱩᱛᱩᱢᱟᱱ ᱟᱴᱨᱟᱠᱥᱚᱱ ᱠᱷᱚᱱ ᱢᱤᱫ ᱠᱟᱱᱟ ᱟᱨ ᱱᱚᱶᱟ ᱟᱯᱷᱨᱤᱠᱟ ᱡᱟᱹᱛᱤᱭᱟᱹᱨᱤ ᱤᱫᱽᱭᱟᱱ (ᱮᱥᱹᱮᱹᱮᱱᱹᱯᱟᱨᱠᱥ) ᱨᱮᱱᱟᱜ ᱯᱨᱚᱢᱩᱠᱷ ᱢᱟᱱᱟᱣᱜ ᱠᱟᱱᱟ᱾
726,"जहाँ दक्षिण अफ्रीका के नैशनल पार्क हैं, वहाँ हर दिन साफ - सफाई का काम किया जाता है ।","ᱚᱱᱠᱟ ᱡᱮ ᱫᱟᱠᱷᱤᱱ ᱟᱯᱷᱨᱤᱠᱟ ᱡᱟᱹᱛᱤᱭᱟᱹᱨᱤ ᱵᱟᱜᱟᱱ ᱥᱟᱶ, ᱯᱟᱨᱠ ᱞᱟᱹᱜᱤᱫ ᱫᱤᱱᱟᱹᱢ ᱵᱟᱧᱪᱟᱣ ᱟᱨ ᱵᱚᱞᱚᱜ ᱴᱟᱠᱟ ᱦᱚᱸ ᱢᱮᱱᱟᱜᱼᱟ᱾"
727,"एक व्यक्‍ति को एक जंगली कार्ड खरीदने के लिए भी लाभ हो सकता है, जो दक्षिण अफ्रीका या दक्षिण अफ्रीकी नैशनल पार्कों में या तो पार्कों के चुनाव में प्रवेश करता है ।","ᱱᱩᱭ ᱢᱤᱫ ᱡᱟᱝᱜᱽᱞᱤ ᱠᱟᱨᱰ ᱦᱟᱛᱟᱣ ᱞᱟᱹᱜᱤᱫ ᱛᱮ ᱦᱚᱸ ᱱᱟᱯᱯᱟᱭ ᱦᱩᱭ ᱫᱟᱲᱮᱭᱟᱜᱼᱟ, ᱡᱟᱦᱟᱸ ᱫᱚ ᱫᱟᱠᱷᱤᱱ ᱟᱯᱷᱨᱤᱠᱟ ᱥᱮ ᱫᱟᱠᱷᱤᱱ ᱟᱯᱷᱨᱤᱠᱟ ᱡᱟᱹᱛᱤᱭᱟᱹᱨᱤ ᱵᱟᱜᱟᱱ ᱵᱟᱪᱷᱟᱣ ᱨᱮ ᱵᱚᱞᱚ ᱯᱨᱚᱫᱟᱱ ᱪᱟᱞᱟᱜ ᱠᱟᱱᱟ᱾"
728,हांग कांग द्वीप का क्षेत्र हांगकांग का नाम और यह जगह है जिसे अनेक पर्यटक मुख्य ध्यान देते हैं ।,ᱦᱚᱝᱠᱚᱝ ᱟᱭᱤᱞᱮᱭᱱᱰ ᱦᱚᱝᱠᱚᱝ ᱨᱮᱱᱟᱜ ᱴᱚᱴᱷᱟᱨᱤ ᱧᱩᱛᱩᱢ ᱮᱢ ᱮᱫ-ᱟᱭ ᱟᱨ ᱱᱚᱣᱟ ᱚᱱᱟ ᱡᱟᱭᱜᱟ ᱠᱟᱱᱟ ᱡᱟᱦᱟᱸ ᱨᱮᱫᱚ ᱟᱭᱢᱟ ᱯᱚᱨᱭᱚᱴᱚᱠ ᱢᱩᱬᱩᱛ ᱯᱷᱚᱠᱚᱥ ᱞᱮᱠᱟᱛᱮ ᱢᱟᱱᱟᱣ ᱮᱫ-ᱟᱠᱚI
729,"ऐसे इमारतों के दृश्‍य जो हांग कांग आकाश - रेखा को बनाते हैं, एक बिजलीदार पट्टी चार्ट की तरह हैं, जो विक्टोरिया हरर के पानी की उपस्थिति से प्रत्यक्ष है ।",ᱦᱟᱝᱠᱟᱝ ᱥᱠᱟᱭᱤᱞᱟᱭᱤᱱ ᱵᱟᱱᱟᱣ ᱟᱱᱟᱜ ᱵᱷᱤᱛ ᱨᱮᱱᱟᱜ ᱯᱟᱨᱮᱰ ᱢᱤᱫ ᱪᱟᱢᱟᱛᱠᱟᱨ ᱵᱟᱨ ᱪᱟᱨᱴ ᱨᱮᱱᱟᱜ ᱛᱩᱞᱟᱹ ᱦᱩᱭ ᱮᱱᱟ ᱡᱟᱦᱟᱸ ᱨᱮ ᱣᱤᱠᱴᱳᱨᱤᱭᱟ ᱦᱟᱨᱵᱟᱨ ᱨᱮᱱᱟᱜ ᱫᱟᱜ ᱛᱮ ᱵᱟᱰᱟᱭᱚᱜ ᱠᱟᱱᱟ᱾
730,"हांग कांग के सबसे अच्छे विचार पाने के लिए, द्वीप छोड़ दें और पानी के किनारे के पानी के लिए सिर ।","ᱦᱚᱝᱠᱚᱝ ᱨᱮᱭᱟᱜ ᱥᱚᱨᱮᱥ ᱧᱮᱞ ᱧᱟᱢ ᱞᱟᱹᱜᱤᱫ, ᱫᱤᱯ ᱵᱟᱹᱜᱤᱭ ᱢᱮ ᱟᱨ ᱠᱳᱣᱞᱩᱱ ᱣᱟᱴᱚᱨᱯᱷᱨᱚᱸᱴ ᱨᱮᱭᱟᱜ ᱩᱞᱴᱟᱹ ᱥᱮᱫ ᱥᱮᱱᱚᱜ ᱢᱮI"
731,उत्तरी तट के साथ उत्तरी तट के साथ पूरे देश को इकट्ठा करने के लिए हांग कांग द्वीप के अधिकांश लोग भयंकर रूप से भरा हुआ है.,ᱦᱚᱝᱠᱚᱝ ᱫᱤᱯ ᱨᱮᱭᱟᱜ ᱰᱷᱮᱨ ᱞᱟᱹᱴᱩ ᱜᱟᱱ ᱥᱚᱦᱚᱨ ᱩᱛᱱᱟᱹᱣ ᱜᱮ ᱠᱚᱸᱭᱮ ᱫᱚᱨᱮᱭᱟ ᱟᱲᱮ ᱨᱮᱭᱟᱜ ᱫᱟᱹᱵᱤᱨᱩᱣᱟᱹᱲ ᱦᱟᱸᱥᱟ ᱨᱮ ᱥᱚᱜᱮ ᱨᱮᱫᱚ ᱦᱩᱭᱟᱠᱟᱱᱟ᱾
732,"यह वह जगह है जिसे ब्रिटिश भंडारों ने अपना अपना लिया और अगर आप क्षेत्र के अतीत के सबूत के लिए देख रहे हैं, तो यह एक अच्छा जगह है शुरू करने के लिए.","ᱱᱚᱣᱟ ᱫᱚ ᱚᱱᱟ ᱡᱟᱭᱜᱟ ᱠᱟᱱᱟ ᱡᱟᱦᱟᱸ ᱨᱮ ᱵᱽᱨᱤᱴᱤᱥ ᱩᱯᱚᱱᱤᱵᱮᱥᱤᱭᱟᱹ ᱟᱠᱚᱣᱟᱜ ᱟᱯᱱᱟᱨ ᱞᱮᱠᱟᱛᱮ ᱠᱚ ᱦᱟᱛᱟᱣ ᱞᱮᱫᱟ ᱟᱨ ᱡᱩᱫᱤ ᱟᱢ ᱴᱚᱴᱷᱟ ᱨᱮᱭᱟᱜ ᱩᱯᱚᱱᱤᱵᱮᱥ ᱮᱱᱟᱝ ᱯᱚᱨᱢᱟᱱ ᱞᱟᱹᱜᱤᱫ ᱮᱢ ᱧᱮᱞᱫᱟ, ᱱᱚᱣᱟ ᱫᱚ ᱮᱛᱚᱦᱚᱵ ᱞᱟᱹᱜᱤᱫ ᱵᱷᱟᱜᱮ ᱡᱟᱭᱜᱟ ᱠᱟᱱᱟ᱾"
733,इस शहर में 80 किलोमीटर (50 मीमी) और तट से भारतीय साइनरलैंड तक का सफर है ।,"ᱥᱩᱫᱚᱨᱵᱚᱱ ᱡᱮᱜᱮᱫ ᱨᱮᱭᱟᱜ ᱥᱟᱱᱟᱢ ᱠᱷᱚᱱ ᱢᱟᱨᱟᱝ ᱫᱚᱨᱮᱭᱟ ᱟᱲᱮ ᱢᱮᱝᱜᱽᱨᱳᱵᱷ ᱵᱮᱞᱴ ᱠᱟᱱᱟ, ᱫᱚᱨᱮᱭᱟ ᱟᱲᱮ ᱠᱷᱚᱱ ᱵᱟᱝᱞᱟᱫᱮᱥᱤ ᱟᱨ ᱥᱤᱧᱚᱛ ᱨᱮᱭᱟᱜ ᱵᱷᱤᱛᱨᱤ ᱮᱞᱟᱠᱟ ᱨᱮ ᱘᱐ ᱠᱤᱢᱤ (᱕᱐ ᱢᱤ) ᱦᱟᱹᱵᱤᱡ ᱯᱟᱥᱱᱟᱣ ᱢᱮᱱᱟᱜᱼᱟ᱾"
734,भारत के क्षेत्र में जंगल का हिस्सा सुप्रसिद्ध नैशनल पार्क कहा जाता है ।,ᱥᱩᱱᱫᱚᱨᱵᱚᱱ ᱫᱚ ᱭᱩᱱᱮᱥᱠᱚ ᱣᱟᱨᱞᱰ ᱦᱮᱨᱤᱴᱮᱡᱽ ᱥᱟᱭᱤᱴ ᱞᱮᱠᱟᱛᱮ ᱩᱪᱷᱟᱹᱱ ᱟᱠᱟᱱᱟ᱾ ᱥᱤᱧᱚᱛ ᱴᱚᱴᱷᱟ ᱵᱷᱤᱛᱨᱤ ᱨᱮᱭᱟᱜ ᱵᱤᱨ ᱫᱚ ᱥᱩᱱᱫᱚᱨᱵᱚᱱ ᱱᱮᱥᱟᱱᱟᱞ ᱯᱟᱨᱠ ᱠᱚ ᱢᱮᱛᱟᱜᱼᱟ᱾
735,जंगल सिर्फ जंगली दलदल नहीं हैं हालांकि वे शामिल नहीं हैं — वे कुछ पिछले शेष जंगली जंगल शामिल हैं जो एक बार खौफनाक खूबसूरत मैदान को ढक देते हैं.,ᱵᱤᱨ ᱫᱚ ᱠᱷᱟᱹᱞᱤ ᱢᱮᱝᱜᱽᱨᱳᱵᱷ ᱥᱣᱟᱢᱯᱥ ᱵᱟᱝ ᱠᱟᱱᱟ — ᱱᱚᱣᱟ ᱨᱮ ᱚᱱᱟ ᱫᱟᱲᱮᱭᱟᱱ ᱵᱤᱨᱠᱚ ᱨᱮᱭᱟᱜ ᱢᱩᱪᱟᱹᱫ ᱥᱟᱨᱮᱡ ᱛᱤᱸᱜᱩ ᱢᱮᱱᱟᱜᱼᱟ ᱡᱟᱦᱟᱸ ᱢᱤᱫ ᱚᱠᱛᱚ ᱜᱟᱝᱜᱮᱴᱤᱠ ᱯᱞᱮᱱ ᱮᱥᱮᱫ ᱛᱟᱦᱮᱸ ᱠᱟᱱᱟ᱾
736,"सारांशनानानानानान ने ३,८५० किलोमीटर का क्षेत्र कवर किया है, जिसके बारे में एक- चौथाई पानी/मारश क्षेत्रों में भरा जाता है.","ᱥᱩᱱᱫᱚᱨᱵᱚᱱ ᱓,᱘᱕᱐ ᱠᱤᱢᱤ² ᱮᱨᱤᱭᱟᱭ ᱠᱚᱵᱷᱟᱨᱟ, ᱡᱟᱦᱟᱸ ᱨᱮᱭᱟᱜ ᱯᱮ ᱦᱤᱸᱥ ᱢᱩᱸᱫᱽ ᱨᱮ ᱢᱤᱫ ᱦᱤᱸᱥ ᱫᱟᱜ/ᱢᱟᱨᱥ ᱮᱨᱤᱭᱟ ᱥᱮᱞᱮᱫ ᱢᱮᱱᱟᱜᱼᱟ᱾"
737,"सन्‌ 1966 से फ्रांस के सुप्रसिद्ध लोग एक जंगली स्थान रहे हैं, और अनुमान लगाया गया है कि अब इस क्षेत्र में 400 रॉयल डर्क और क़रीब ३०,००० काली हरिणें हैं ।","᱑᱙᱖᱖ ᱠᱷᱚᱱ, ᱥᱩᱱᱫᱚᱨᱵᱚᱱ ᱢᱤᱫ ᱵᱤᱨᱡᱤᱭᱟᱹᱞᱤ ᱨᱟᱠᱷᱟᱵᱤᱨ ᱞᱮᱠᱟᱛᱮ ᱢᱮᱱᱟᱜ ᱟᱠᱟᱫᱟ, ᱟᱨ ᱟᱹᱭᱩᱢᱟᱱ ᱦᱩᱭᱩᱜᱼᱟ ᱡᱮ ᱱᱤᱛ ᱔᱐᱐ ᱨᱚᱭᱮᱞ ᱵᱮᱝᱜᱚᱞ ᱛᱟᱹᱨᱩᱵ ᱟᱨ ᱟᱢᱫᱟᱡᱽ ᱓᱐,᱐᱐᱐ ᱫᱟᱜᱽ ᱥᱤᱞᱤᱵ ᱢᱮᱱᱟᱜ ᱠᱚᱣᱟ᱾"
738,"बस्स पूरे दिन एक-दूसरे से अलग बस स्टेशन (एक नदी पार) चला जाता है, हालांकि, अधिक, विशेष रूप से वे पूर्व और जार्फांग के लिए जा रहे हैं 06: 30 और 007:30.","ᱵᱟᱥ ᱠᱚ ᱥᱟᱨᱟ ᱫᱤᱱ ᱤᱱᱴᱨᱟ-ᱰᱤᱥᱴᱨᱤᱠ ᱵᱟᱥ ᱥᱴᱮᱥᱚᱱ (ᱜᱟᱰᱟ ᱦᱟᱱᱟᱥᱟᱜ) ᱨᱮ ᱪᱟᱞᱟᱜᱼᱟ, ᱮᱱᱛᱮᱨᱮᱦᱚᱸ ᱡᱟᱹᱥᱛᱤ, ᱵᱮᱥᱮᱥ ᱠᱟᱭᱛᱮ ᱚᱱᱟ ᱠᱚ ᱡᱟᱦᱟᱸ ᱥᱟᱢᱟᱝ ᱥᱮᱫ ᱪᱟᱞᱟᱜᱼᱟ ᱟᱨ ᱡᱟᱠᱟᱨ/ᱵᱩᱢᱛᱷᱮᱝ ᱐᱖:᱓᱐ ᱟᱨ ᱐᱗:᱓᱐ ᱢᱩᱸᱫᱽ ᱨᱮᱭ ᱟᱲᱟᱜᱟ᱾"
739,"जैसे एक-दूसरे से दूर बसें अकसर पूरी होती हैं, पहले से कुछ दिनों में टिकट खरीदने के लिए उचित है.","ᱪᱮᱫᱟᱜ ᱥᱮ ᱤᱱᱴᱨᱟ-ᱰᱤᱥᱴᱨᱤᱠ ᱵᱟᱥ ᱠᱚ ᱯᱮᱨᱮᱡᱽ ᱜᱮ ᱛᱟᱦᱮᱸᱱᱟ, ᱚᱱᱟᱛᱮ ᱯᱚᱨᱟᱢᱮᱥ ᱮᱢ ᱦᱩᱭᱩᱜ ᱠᱟᱱᱟ ᱞᱟᱦᱟ ᱠᱷᱚᱱ ᱴᱤᱠᱤᱴ ᱦᱟᱛᱟᱣ ᱫᱚᱦᱚ ᱨᱮᱭᱟᱜ᱾"
740,"अधिकांश क्षेत्रों में छोटे जापानी कोस्ट बसों द्वारा कार्य किया जाता है, जो सहज और मज़बूत हैं ।","ᱟᱭᱢᱟ ᱜᱟᱱ ᱦᱚᱱᱚᱛ ᱨᱮᱜᱮ ᱠᱟᱹᱴᱤᱡ ᱡᱟᱯᱟᱱᱤᱥ ᱠᱳᱥᱴᱟᱨ ᱵᱟᱥ ᱪᱟᱞᱟᱜᱼᱟ, ᱡᱟᱦᱟᱸ ᱫᱚ ᱟᱨᱟᱢᱟᱱ ᱟᱨ ᱫᱟᱲᱮ ᱜᱮᱭᱟ᱾"
741,जैसे कि पारो (Nu 150) और पूना (Nu 200) ।,"ᱥᱮᱭᱟᱨᱰ ᱴᱮᱠᱥᱤᱠᱚ ᱥᱩᱨᱼᱥᱩᱯᱩᱨ ᱡᱟᱭᱜᱟ ᱠᱚᱨᱮ ᱫᱟᱲᱟᱱ ᱞᱟᱹᱜᱤᱫ ᱢᱤᱫ ᱩᱥᱟᱹᱨᱟ ᱟᱨ ᱟᱨᱟᱢᱟᱱ ᱥᱟᱫᱷᱚᱱ ᱠᱟᱱᱟ, ᱡᱮᱞᱮᱠᱟ ᱯᱟᱨᱳ (ᱱᱩ ᱑᱕᱐) ᱟᱨ ᱯᱩᱱᱟᱠᱷᱟ (ᱱᱩ ᱒᱐᱐)᱾"
742,ओपिप नदी ब्रिज एक केबल- टेकित पुल है. यह ब्राज़ील में ओनेक नदी के शहरों को लिंक करने के लिए ब्राज़ील और Stepeeeeepees दे Lapapapape.,ᱳᱭᱟᱯᱚᱠ ᱜᱟᱰᱟ ᱫᱚ ᱢᱤᱫᱴᱟᱹᱝ ᱠᱮᱵᱩᱞᱼᱛᱟᱦᱮᱸᱱ ᱵᱽᱨᱤᱡᱽ ᱠᱟᱱᱟ᱾ ᱱᱚᱶᱟ ᱫᱚ ᱳᱭᱟᱯᱚᱠ ᱜᱟᱰᱟ ᱠᱷᱚᱱ ᱵᱽᱨᱟᱡᱤᱞ ᱨᱮᱟᱱᱜ ᱳᱭᱟᱯᱚᱠᱩᱭ ᱥᱟᱶ ᱡᱚᱲᱟᱣ ᱟᱠᱟᱱᱟ ᱟᱨ ᱯᱷᱨᱟᱱᱥᱤᱥ ᱜᱩᱭᱟᱱᱟ ᱨᱮ ᱥᱮᱸᱴ ᱡᱚᱨᱡᱽ ᱰᱤ ᱤ'ᱳᱭᱟᱯᱚᱠ᱾
743,"दो टावर 83 मीटर की ऊँचाई पर उठते हैं, यह 378 मीटर लंबा है और इसमें 350 मीटर चौड़ा है.","ᱵᱟᱨᱭᱟ ᱴᱟᱣᱟᱨ ᱜᱮ ᱘᱓ ᱢᱤᱴᱚᱨ ᱨᱮᱭᱟᱜ ᱩᱥᱩᱞ ᱫᱷᱟᱹᱵᱤᱡ ᱠᱚ ᱩᱥᱩᱞᱟ, ᱱᱚᱶᱟ ᱫᱚ ᱓᱗᱘ ᱢᱤᱴᱚᱨ ᱩᱥᱩᱞ ᱟ ᱟᱨ ᱱᱟᱶᱟ ᱨᱮ ᱓.᱕᱐ ᱢᱤᱴᱚᱨ ᱚᱥᱟᱨ ᱵᱟᱨᱭᱟ ᱞᱮᱱ ᱠᱟᱱᱟ᱾"
744,"पुल के नीचे खड़ा 15 मीटर है. अगस्त 2011 में निर्माण पूरा हुआ, यह मार्च 2017 तक यातायात के लिए खुला नहीं था.","ᱯᱩᱞ ᱞᱟᱛᱟᱨ ᱨᱮ ᱥᱤᱫᱷ ᱯᱷᱟᱨᱪᱟ ᱫᱚ ᱑᱕ ᱢᱤᱴᱚᱨ᱾ ᱛᱮᱭᱟᱨ ᱫᱚ ᱚᱜᱚᱥᱴ ᱒᱐᱑᱑ ᱨᱮ ᱦᱩᱭ ᱞᱮᱱᱟ, ᱱᱚᱶᱟ ᱫᱚ ᱢᱟᱨᱪ ᱒᱐᱑᱗ ᱫᱷᱟᱹᱵᱤᱡ ᱦᱮᱡᱥᱮᱱ ᱞᱟᱹᱜᱤᱫ ᱵᱟᱝ ᱡᱷᱤᱡᱹ ᱞᱮᱱᱟ᱾"
745,इस पुल को सितंबर 2017 में पूरी तरह ऑपरेशन करने के लिए कहा गया है ।,"ᱵᱽᱨᱤᱡᱽ ᱫᱚ ᱥᱮᱯᱴᱮᱢᱵᱚᱨ ᱒᱐᱑᱗ ᱨᱮ ᱯᱩᱨᱟᱹ ᱦᱤᱥᱟᱹᱵ ᱛᱮ ᱪᱟᱹᱞᱩ ᱚᱪᱚ ᱞᱟᱹᱜᱤᱫ ᱴᱷᱟᱹᱣᱠᱟᱹ ᱞᱮᱱᱟ, ᱛᱚᱠᱷᱚᱱ ᱵᱽᱨᱟᱡᱤᱞ ᱨᱮᱭᱟᱜ ᱠᱷᱟᱡᱽᱱᱟ ᱪᱮᱠᱯᱚᱭᱮᱸᱴ ᱠᱚ ᱯᱩᱨᱟᱹᱣ ᱨᱮᱱᱟᱜ ᱟᱥᱟ ᱛᱟᱦᱮᱱ ᱠᱟᱱᱟ᱾"
746,"गर्मिया सबसे महत्त्वपूर्ण आदिवासी समूह था जो अब पूर्वी इलाके में रहता है, अर्ध - क्षेत्रीय शिकारी के रूप में रहते हैं जो भी खेती खेती - बाड़ी करते हैं ।","ᱜᱩᱱᱮᱭᱨᱤ ᱡᱷᱟᱛᱚ ᱠᱷᱚᱱ ᱢᱚᱦᱚᱛ ᱥᱣᱚᱫᱮᱥᱤ ᱥᱚᱢᱩᱦ ᱛᱟᱦᱮᱸ ᱠᱟᱱᱟ ᱡᱟᱦᱟᱸ ᱫᱚ ᱱᱤᱛᱚᱜ ᱥᱟᱢᱟᱝ ᱯᱟᱦᱴᱟ ᱨᱮᱭᱟᱜ ᱯᱟᱨᱟᱜᱩᱣᱮ ᱠᱟᱱᱟ, ᱡᱟᱦᱟᱸ ᱫᱚ ᱥᱮᱢᱤᱼᱱᱚᱢᱟᱰᱤᱠ ᱥᱤᱠᱟᱹᱨᱤ ᱦᱤᱥᱟᱹᱵ ᱛᱮ ᱠᱚ ᱛᱟᱦᱮᱸᱱ ᱠᱟᱱ ᱛᱟᱦᱮᱸᱡ, ᱡᱟᱦᱟᱸᱭ ᱫᱚ ᱠᱨᱩᱥᱤ ᱨᱮᱭᱟᱜ ᱦᱚᱸ ᱚᱵᱷᱭᱟᱥ ᱠᱚ ᱠᱚᱨᱟᱣ ᱞᱮᱜᱼᱟ ᱠᱚ᱾"
747,वे शिकार करके और मछली पकड़ने के लिए ज़िंदा बच गए ।,"ᱪᱟᱠᱚ ᱡᱟᱭᱜᱟ ᱫᱚ ᱥᱣᱚᱫᱮᱥᱤ ᱡᱚᱱᱡᱟᱛᱤ ᱡᱮᱞᱠᱟ ᱠᱤ ᱜᱩᱭᱨᱩ ᱟᱨ ᱯᱮᱜᱩᱣᱟ ᱠᱚᱨᱟᱣᱜ ᱮᱴᱟᱜ ᱥᱚᱢᱩᱦ ᱠᱚᱣᱟᱜ ᱚᱲᱟᱜ ᱛᱟᱦᱮᱸ ᱠᱟᱱᱟ, ᱚᱠᱟ ᱫᱚ ᱥᱤᱠᱟᱹᱨ, ᱥᱚᱵᱷᱟ ᱟᱨ ᱦᱟᱹᱠᱩ ᱥᱟᱵ ᱠᱩ ᱠᱷᱟᱱ ᱵᱟᱧᱪᱟᱣ ᱞᱮᱱᱟ ᱠᱚ᱾"
748,"१६वीं शताब्दी में, जो पहले ""का राज्य"" कहा जाता था, स्पेन के आदिवासी समूहों के साथ स्पेन के विजेता की मुलाक़ात के परिणामस्वरूप हुआ ।","᱑᱖ ᱣᱤ ᱥᱮᱧᱪᱩᱨᱤ ᱨᱮ ᱯᱟᱨᱟᱜᱩᱣᱮ, ᱡᱟᱦᱟᱸ ᱫᱚ ᱢᱟᱲᱟᱝ ""ᱫᱤ ᱡᱟᱭᱮᱸᱴ ᱯᱨᱚᱵᱦᱤᱱᱥ ᱚᱯᱷ ᱤᱱᱰᱤᱡᱽ"" ᱠᱚ ᱢᱮᱱᱮᱫ ᱛᱟᱦᱮᱸᱫ, ᱱᱚᱶᱟ ᱫᱚ ᱥᱯᱮᱱᱤᱥ ᱡᱤᱛᱠᱟᱹᱨᱤᱭᱟᱹ ᱠᱚ ᱚᱸᱰᱮᱱ ᱟᱹᱫᱤᱵᱟᱹᱥᱤ ᱥᱟᱶ ᱡᱷᱟᱯᱟᱴᱟᱣ ᱨᱮᱱᱟᱜ ᱚᱨᱡᱚ ᱛᱮ ᱡᱟᱱᱟᱢ ᱞᱮᱱᱟ᱾"
749,"इसके बाद, वे तीन सदियों तक राज - घर के निर्माण काम में लगे रहे ।",ᱥᱯᱮᱱᱤᱥ ᱠᱚ ᱫᱚ ᱩᱯᱱᱤᱣᱮᱥᱠᱟᱹᱨᱤ ᱚᱣᱫᱷᱤ ᱮᱛᱦᱚᱵ ᱠᱮᱜᱼᱟ ᱠᱚ ᱡᱟᱦᱟᱸ ᱫᱚ ᱯᱮ ᱥᱮᱧᱪᱩᱨᱤ ᱫᱷᱟᱹᱵᱤᱡ ᱪᱟᱹᱞᱩ ᱮᱱᱟ᱾
750,सन्‌ 135 में एथेन की नींव होने के बाद से दूर - दराज़ के लोग अपनी संस्कृति और पहचान के बारे में बहुत कुछ सीख पाए हैं ।,"᱑᱕᱓᱗ ᱨᱮ ᱚᱥᱩᱱᱥᱤᱱ ᱨᱮᱭᱟᱜ ᱵᱩᱱᱤᱭᱟᱹᱫ ᱦᱩᱭ ᱠᱟᱛᱮ, ᱯᱟᱨᱟᱜᱩᱣᱮ ᱫᱚ ᱟᱡᱟᱜ ᱥᱣᱚᱫᱮᱥᱤ ᱪᱚᱨᱤᱛᱨᱚ ᱟᱨ ᱪᱤᱱᱦᱟᱹᱯ ᱠᱚ ᱫᱚᱦᱚ ᱨᱮ ᱡᱚᱣᱟᱝ ᱠᱟᱱᱟᱭ᱾"
751,अर्जेंटीना अच्छी तरह से जाना जाता है... ... दुनिया में सबसे अच्छे खिलाड़ी और खिलाड़ियों में से एक होने के लिए.,ᱟᱨᱡᱮᱱᱴᱤᱱᱟ ᱨᱮ ᱡᱮᱜᱮᱛ ᱨᱮᱱᱟᱜ ᱢᱤᱫ ᱧᱩᱛᱩᱢᱟᱱ ᱯᱚᱞᱚ ᱴᱤᱢ ᱟᱨ ᱠᱷᱮᱞᱣᱟᱹᱨᱤ ᱠᱚ ᱢᱮᱱᱟᱜ ᱠᱚᱣᱟ᱾
752,दिसंबर में लान्या के एक छोटे - से इलाके में इस साल का सबसे बड़ा दौरा शुरू होता है ।,ᱥᱟᱞ ᱨᱮᱭᱟᱜ ᱡᱚᱛᱚ ᱠᱷᱚᱱ ᱢᱟᱨᱟᱝ ᱴᱩᱨᱱᱟᱢᱮᱸᱴ ᱰᱤᱥᱮᱢᱵᱚᱨ ᱨᱮ ᱞᱟᱥ ᱠᱚᱱᱤᱴᱟᱥ ᱨᱮ ᱯᱚᱞᱚ ᱰᱟᱹᱦᱤ ᱨᱮ ᱦᱩᱭ ᱟᱹᱜᱩᱜ ᱠᱟᱱᱟI
753,इस साल के अन्य अवसरों पर भी छोटे प्रदर्शन और मैचों को देखा जा सकता है.,ᱥᱮᱨᱢᱟ ᱨᱮᱭᱟᱜ ᱮᱴᱟᱜ ᱥᱚᱢᱟᱭ ᱨᱮ ᱦᱚᱯᱚᱱ ᱴᱩᱱᱟᱢᱮᱱᱴ ᱟᱨ ᱢᱮᱪ ᱦᱚᱸ ᱧᱮᱞ ᱜᱟᱱᱚᱜ ᱜᱮᱭᱟ
754,"बी. आई., अमरीका","ᱴᱩᱱᱟᱢᱮᱱᱴ ᱨᱮ ᱥᱚᱢᱟᱪᱟᱨ ᱞᱟᱹᱜᱤᱫ ᱯᱚᱞᱚ ᱢᱮᱪ ᱞᱟᱹᱜᱤᱫ ᱴᱤᱠᱚᱴ ᱚᱠᱟᱨᱮ ᱠᱤᱨᱤᱧᱟᱢ, ᱮᱥᱚᱥᱤᱭᱮᱥᱚᱱ ᱟᱨᱡᱮᱱᱴᱤᱱᱟ ᱰᱤ ᱯᱟᱞᱚ ᱨᱮ ᱡᱟᱧᱪ ᱢᱮ᱾"
755,"एक ब्रिटिश पाउंड (जीपी) के बराबर है, जिसका मूल्य एक ब्रिटिश पाउंड (जीपी) के बराबर है ।",ᱵᱟᱹᱲᱛᱤᱭᱟᱱ ᱯᱷᱟᱞᱠᱞᱮᱸᱰ ᱢᱩᱫᱽᱨᱟᱹ ᱯᱷᱟᱞᱠᱞᱮᱸᱰ ᱯᱟᱣᱩᱸᱰ (ᱮᱯᱷᱹᱠᱮᱹᱯᱤᱹ) ᱠᱟᱱᱟ ᱡᱟᱦᱟᱸ ᱨᱮᱭᱟᱜ ᱢᱩᱞ ᱫᱚ ᱢᱤᱫᱴᱟᱹᱝ ᱵᱽᱨᱤᱴᱮᱱ ᱯᱟᱣᱩᱸᱰ (ᱡᱤᱹᱵᱤᱹᱯᱤᱹ) ᱨᱮᱭᱟᱜ ᱵᱟᱨᱟᱵᱚᱨ ᱱᱤᱨᱫᱷᱟᱹᱨᱤᱛᱚᱜ ᱠᱟᱱᱟ᱾
756,स्टैनली पश्‍चिमी स्टोर से लेकर स्टैनली में स्थित केवल एक बैंक में पैसा उधार लिया जा सकता है ।,ᱫᱤᱯ ᱨᱮ ᱢᱤᱫᱴᱟᱹᱝ ᱜᱮ ᱵᱮᱝᱠ ᱨᱮ ᱯᱩᱭᱥᱟᱹ ᱨᱮᱭᱟᱜ ᱟᱫᱟᱱᱼᱯᱨᱚᱫᱟᱱ ᱠᱟᱨᱟᱣ ᱦᱩᱭᱩᱜ ᱠᱟᱱᱟ ᱟᱠᱟ ᱫᱚ ᱮᱯᱷᱹᱟᱭᱤᱹᱥᱤᱹ ᱣᱮᱥᱴ ᱥᱴᱚᱨ ᱠᱷᱚᱱ ᱥᱴᱮᱱᱞᱤ ᱨᱮ ᱢᱮᱱᱟᱜᱼᱟ᱾
757,ब्रिटेन के पाउंड आम तौर पर द्वीपों में और स्टैनली क्रेडिट कार्ड और अमरीका के डॉलरों में भी स्वीकार किए जाएँगे ।,ᱵᱽᱨᱤᱴᱤᱥ ᱯᱟᱣᱩᱸᱰ ᱫᱚ ᱢᱮᱱ ᱞᱮᱠᱷᱟᱱ ᱫᱤᱯ ᱨᱮ ᱚᱠᱟᱨᱮ ᱦᱚᱸ ᱥᱣᱤᱠᱟᱹᱨᱚᱜᱼᱟ ᱟᱨ ᱥᱴᱮᱱᱞᱤ ᱠᱨᱮᱰᱤᱴ ᱠᱟᱰ ᱟᱨ ᱥᱟᱶᱛᱟ ᱨᱟᱡᱽ ᱟᱢᱮᱨᱤᱠᱟ ᱨᱮᱭᱟᱜ ᱵᱷᱤᱛᱨᱤ ᱨᱮ ᱦᱚᱸ ᱥᱣᱤᱠᱟᱹᱨᱚᱜ ᱜᱮᱭᱟ᱾
758,यह पता लगाने के लिए पहले से ही मालिक से पूछिए कि कौन - सी स्वीकार्य भुगतान विधि है ।,"ᱵᱟᱦᱨᱤ ᱫᱤᱯ ᱨᱮ ᱠᱨᱮᱰᱤᱴ ᱠᱟᱰ ᱯᱟᱞᱮ ᱵᱟᱠᱚ ᱥᱣᱤᱠᱟᱹᱨᱟ, ᱢᱮᱱᱠᱷᱟᱱ ᱵᱽᱨᱤᱴᱤᱥ ᱟᱨ ᱡᱩᱢᱤᱫᱽ ᱯᱚᱱᱚᱛ ᱯᱩᱭᱥᱟᱹ ᱠᱚ ᱤᱫᱤ ᱜᱟᱱᱟᱜ ᱜᱮᱭᱟ; ᱥᱣᱤᱠᱟᱹᱨ ᱵᱷᱩᱠᱛᱟᱹᱱ ᱵᱤᱫᱷᱤ ᱱᱤᱨᱫᱷᱟᱹᱨᱤᱛ ᱠᱚᱨᱟᱣ ᱞᱟᱹᱜᱤᱫ ᱢᱟᱲᱟᱝ ᱠᱷᱟᱱ ᱢᱟᱹᱞᱤᱠ ᱥᱟᱶ ᱡᱩᱲᱟᱹᱣ ᱛᱟᱦᱮᱸ ᱫᱚᱨᱠᱟᱨ ᱠᱟᱱᱟ᱾"
759,"द्वीप के बाहर मोटर - गाड़ियों की मरम्मत करना लगभग असंभव है, इसलिए द्वीपों को छोड़ने से पहले पैसे की खोज कीजिए ।","ᱫᱤᱯ ᱵᱟᱦᱨᱮ ᱦᱚᱸ ᱯᱷᱟᱞᱠᱞᱮᱸᱰ ᱯᱩᱭᱥᱟᱹ ᱨᱮᱭᱟᱜ ᱟᱫᱟᱱᱼᱯᱨᱚᱫᱟᱱ ᱠᱚᱨᱟᱣ ᱫᱚ ᱢᱩᱥᱠᱤᱞ ᱜᱮᱭᱟ, ᱚᱱᱟᱛᱮ ᱫᱣᱤᱯ ᱟᱲᱟᱜ ᱢᱟᱲᱟᱝ ᱨᱮ ᱯᱩᱭᱥᱟᱹ ᱨᱮᱭᱟᱜ ᱟᱫᱟᱱᱼᱯᱨᱚᱫᱟᱱ ᱠᱚᱨᱟᱣ ᱢᱮ᱾"
760,"क्योंकि पिग्मी पूर्व पूर्व है, यह गर्मी गर्म है जब यह उत्तरी बूथ में सर्दियों है और वापस आ रहा है.","ᱪᱮᱫᱟᱜ ᱥᱮ ᱢᱳᱱᱴᱮᱣᱤᱰᱤᱭᱳ ᱵᱷᱩᱢᱚᱫᱷᱭᱚ ᱨᱮᱠᱷᱟ ᱨᱮᱭᱟᱜ ᱠᱚᱧᱮ ᱥᱮᱫ ᱨᱮ ᱢᱮᱱᱟᱭ-ᱟ, ᱚᱱᱟ ᱠᱷᱟᱹᱛᱤᱨ ᱛᱮ ᱚᱱᱰᱮ ᱜᱚᱨᱚᱢ ᱢᱮᱱᱟᱜᱼᱟ ᱡᱚᱠᱷᱚᱱ ᱚᱱᱟ ᱮᱛᱚᱢ ᱜᱚᱞᱟᱨᱫᱷ ᱨᱮ ᱨᱟᱵᱟᱝ ᱢᱮᱱᱟᱜᱼᱟ ᱟᱨ ᱚᱱᱟ ᱨᱮᱭᱟᱜ ᱩᱞᱴᱟᱹ᱾"
761,[ पेज 30 पर तसवीर],"ᱢᱳᱱᱴᱮᱣᱤᱰᱤᱭᱳ ᱩᱯᱳᱥᱬᱚᱠᱚᱴᱤᱵᱚᱱᱫᱷᱤᱭᱚ ᱨᱮ ᱦᱮᱱᱟᱜᱼᱟ; ᱥᱤᱛᱩᱝ ᱢᱟᱦᱤᱛ ᱠᱳᱨᱮᱫᱳ, +᱓᱐ ᱰᱤᱜᱽᱨᱤ ᱥᱮᱞᱥᱤᱭᱚᱥ ᱠᱷᱳᱱ ᱪᱮᱛᱟᱱ ᱛᱟᱯᱢᱟᱱ ᱞᱮᱛᱟᱲᱜᱮ ᱛᱟᱦᱮᱸ ᱠᱚᱜ ᱠᱟᱱᱟ᱾"
762,सर्दियों के मौसम में बहुत ठंड पड़ती है: कम - से - कम ठंड के नीचे ही जाती है ।,"ᱨᱟᱵᱟᱝ ᱵᱷᱨᱟᱢᱚᱠ ᱨᱩᱯ ᱛᱮ ᱨᱮᱭᱟᱲ ᱦᱩᱭ ᱫᱟᱲᱮᱭᱟᱜ ᱠᱟᱱᱟ; ᱛᱟᱯᱢᱟᱱ ᱥᱟᱭᱫᱮ ᱜᱮ ᱡᱟᱦᱟᱸᱛᱤᱱ ᱨᱮ ᱨᱮᱭᱟᱲ ᱠᱷᱳᱱ ᱞᱟᱛᱟᱨ ᱵᱟᱰᱟᱭ ᱧᱟᱢᱚᱜ ᱠᱟᱱᱟ, ᱮᱱᱠᱷᱟᱱ ᱦᱚᱭ ᱟᱨ ᱦᱮᱢᱟᱞ ᱛᱷᱟᱨᱢᱳᱢᱤᱴᱚᱨ ᱞᱟᱹᱭ ᱛᱮ ᱱᱚᱣᱟ ᱨᱮᱭᱟᱲ ᱟᱹᱭᱠᱟᱹᱣ ᱞᱟᱹᱜᱤᱫ ᱛᱮ ᱜᱟᱹᱴᱷᱛᱚᱱᱚᱞᱮ ᱠᱚᱨᱟᱣᱮᱫ ᱠᱟᱱᱟ᱾"
763,"वहाँ कोई विशेष ""चिम्मी"" और मौसम नहीं हैं: बारिश की मात्रा साल भर में एक ही है.","ᱚᱱᱠᱟ ᱵᱤᱥᱮᱥ ""ᱫᱟᱜ ᱡᱟᱹᱯᱩᱫ"" ᱟᱨ ""ᱚᱛ ᱨᱳᱦᱳᱲ"" ᱢᱟᱣᱥᱚᱢ ᱵᱟᱹᱱᱩᱜ ᱟᱱᱟᱝ; ᱫᱟᱜ ᱡᱟᱹᱲᱤ ᱨᱮᱭᱟᱜ ᱢᱟᱛᱨᱟ ᱥᱮᱨᱢᱟ ᱥᱮᱨᱢᱟᱡᱟᱠ ᱥᱚᱢᱟᱱ ᱜᱮ ᱦᱩᱭᱩᱜ ᱠᱟᱱᱟ᱾"
764,"हालाँकि पार्क में अनेक जानवरों को मनुष्यों को देखने के लिए प्रयोग किया जाता है, जंगली जीव - जन्तु निश्‍चित ही जंगली होते हैं और उन्हें खाना या परेशान नहीं करना चाहिए ।","ᱯᱟᱨᱠ ᱨᱮ ᱢᱮᱱᱟᱜ ᱠᱚ ᱡᱟᱱᱣᱟ ᱠᱚᱫᱚ ᱦᱚᱲ ᱧᱮᱞ‌ᱧᱮᱞᱛᱮᱠᱚ ᱯᱟᱹᱨᱠᱟᱹᱣ ᱠᱟᱱᱟ ᱮᱱᱛᱮᱨᱮᱦᱚᱸ, ᱵᱩᱨ ᱡᱩᱱᱛᱩ ᱫᱚᱠᱚ ᱚᱵᱚᱞᱟ ᱜᱮᱭᱟ ᱟᱨ ᱩᱱᱠᱩ ᱡᱚᱢ ᱮᱢ ᱥᱮ ᱟᱹᱲᱤᱥ ᱦᱚᱪᱚ ᱵᱟᱝ ᱡᱩᱛᱩᱜᱼᱟ᱾"
765,"पार्क अधिकारियों के अनुसार, कम - से - कम १०० मीटर की दूरी पर रहकर भालू और भेड़ियों और अन्य सभी जंगली जानवरों से २५ मीटर की दूरी पर रहना!","ᱯᱟᱨᱠ‌ ᱨᱤᱱ ᱚᱛᱷᱚᱨᱤᱴᱤᱭ ᱠᱚᱣᱟᱜ ᱞᱟᱹᱭ ᱞᱮᱠᱟᱛᱮ, ᱮᱴᱟᱜ ᱡᱩᱱᱛᱩ ᱠᱷᱚᱱ ᱵᱟᱱᱟ ᱠᱚᱫᱚ ᱑᱐᱐ ᱭᱟᱨᱰ/ᱢᱤᱴᱚᱨ ᱟᱨ ᱦᱟᱰᱜᱟᱨ ᱠᱚᱫᱚ ᱒᱕ ᱭᱟᱨᱰ/ᱢᱤᱴᱚᱨ ᱥᱟᱹᱝᱜᱤᱧ ᱨᱮ ᱛᱟᱦᱮᱱ ᱞᱟᱹᱠᱛᱤ ᱠᱟᱱᱟ᱾"
766,"चाहे वे कैसी भी निगाहें क्यों न देखें, सरक, मोक, भालू, और लगभग सभी बड़े - बड़े जानवरों पर हमला हो सकता है ।","ᱪᱮᱫ ᱯᱷᱚᱨᱚᱠ ᱦᱚᱸ ᱵᱟᱹᱱᱩᱜ-ᱟ ᱩᱱᱠᱩ ᱛᱤᱱᱟᱹᱜ ᱵᱤᱱᱚᱢᱨᱚ ᱠᱚ ᱧᱮᱞᱚᱜ-ᱟ, ᱵᱤᱥᱚᱱ, ᱮᱞᱠ, ᱪᱩᱴᱤᱭᱟᱹᱠᱚ, ᱵᱟᱱᱟᱠᱚ, ᱟᱨ ᱯᱨᱟᱭ ᱡᱷᱚᱛᱚ ᱢᱟᱨᱟᱝ ᱡᱟᱱᱣᱟᱨ ᱠᱚ ᱟᱠᱨᱚᱢᱚᱬ ᱫᱟᱲᱮᱭᱟᱜ ᱜᱮᱭᱟᱠᱚI"
767,"हर साल दर्जनों यात्री घायल होते हैं क्योंकि उन्होंने सही दूरी नहीं रखी. ये जानवर बड़े, जंगली, और संभावित खतरनाक हैं, तो उन्हें अपनी जगह दे.","ᱡᱷᱚᱛᱚ ᱥᱮᱨᱢᱟ, ᱰᱚᱡᱚᱱ ᱜᱟᱱ ᱧᱮᱧᱮᱞᱤᱭᱟᱹ ᱠᱩᱡ ᱠᱚ ᱠᱷᱟᱹᱢᱟᱹᱨᱤᱜᱼᱟ ᱪᱮᱫᱟᱜ ᱥᱮ ᱩᱱᱠᱩ ᱫᱚ ᱢᱤᱫ ᱴᱷᱟᱹᱣᱠᱟᱹ ᱦᱚᱨ ᱵᱟᱠᱚ ᱫᱚᱦᱚᱭᱟ᱾ ᱱᱩᱠᱩ ᱡᱩᱱᱛᱩ ᱠᱚᱫᱚ ᱢᱟᱨᱟᱝ, ᱵᱤᱨ ᱨᱤᱱ, ᱟᱨ ᱯᱚᱴᱮᱱᱥᱤᱭᱟᱞᱤ ᱵᱚᱛᱚᱨᱟᱱ ᱜᱮᱭᱟ ᱠᱚ, ᱚᱱᱟᱛᱮ ᱩᱱᱠᱩ ᱫᱚ ᱡᱟᱭᱜᱟ ᱮᱢ ᱞᱟᱹᱠᱛᱤ᱾"
768,"इसके अलावा, इस बात से भी पता चलता है कि गंध का आकर्षण और दूसरे जीव - जंतुओं को आकर्षित करता है, इसलिए खाने - पीने की चीज़ें लेने या खाना पकाने से दूर रहिए और एक साफ शिविर बनाए रखिए ।","ᱚᱱᱟ ᱵᱟᱫᱽ ᱟᱛᱮ, ᱥᱟᱵᱽᱫᱷᱟᱱ ᱵᱚᱱ ᱛᱟᱦᱮᱱ ᱢᱟ ᱥᱚᱻ ᱫᱚ ᱵᱟᱱᱟ ᱟᱨ ᱮᱴᱟᱜ ᱡᱩᱱᱛᱩ ᱠᱚᱭ ᱜᱚᱦᱚᱲ ᱟᱹᱜᱩ ᱠᱚᱣᱟ, ᱚᱱᱟ ᱞᱟᱹᱜᱤᱫ ᱥᱚᱻᱣᱟᱱ ᱡᱚᱢᱟᱜ ᱤᱫᱤ ᱥᱮ ᱪᱚᱸᱫᱟ ᱠᱷᱚᱱ ᱨᱩᱠᱷᱤᱭᱟᱹᱜ ᱯᱮ ᱟᱨ ᱢᱤᱫ ᱥᱟᱯᱷᱟ ᱠᱮᱸᱯ ᱫᱚᱦᱚᱭ ᱯᱮ᱾"
769,"यह शहर ऊपरोलू द्वीप पर है और वहाँ सिर्फ 40,000 से भी ज़्यादा लोग रहते हैं ।","ᱟᱯᱤᱭᱟ ᱫᱚ ᱥᱟᱢᱳᱣᱟ ᱨᱮᱭᱟᱜ ᱨᱟᱡᱽᱫᱷᱟᱹᱱᱤ ᱠᱟᱱᱟ᱾ ᱱᱚᱶᱟ ᱵᱟᱡᱟᱨ ᱫᱚ ᱩᱯᱳᱞᱩ ᱫᱤᱯ ᱪᱮᱛᱟᱱ ᱨᱮ ᱢᱮᱱᱟᱜᱼᱟ ᱟᱨ ᱔᱐,᱐᱐᱐ ᱦᱚᱲ ᱢᱮᱱᱟᱜ ᱠᱚᱣᱟ᱾"
770,सन्‌ 1850 में एपिया की स्थापना की गयी और यह सन्‌ 1959 से लीआ की सरकारी राजधानी बन गयी है ।,ᱟᱯᱤᱭᱟ ᱫᱚ ᱑᱘᱕᱐ ᱜᱮᱞ ᱥᱮᱨᱢᱟ ᱨᱮᱠᱚ ᱧᱟᱢ‌ ᱞᱮᱜᱼᱟ ᱟᱨ ᱑᱙᱕᱙ ᱠᱷᱚᱱ ᱥᱟᱢᱳᱣᱟ ᱨᱮᱭᱟᱜ ᱚᱯᱷᱤᱥᱤᱭᱟᱞ ᱨᱟᱡᱽᱫᱷᱟᱹᱱᱤ ᱠᱟᱱᱟ᱾
771,"यह बंदरगाह सन्‌ 18889 में एक कुएँ की जगह थी, जब जर्मनी, अमरीका और ब्रिटेन के सात जहाज़ों ने बंदरगाह छोड़ने से इनकार कर दिया ।","ᱦᱟᱨᱵᱚᱨ ᱫᱚ ᱑᱘᱘᱙ ᱨᱮ ᱢᱤᱫ ᱵᱟᱹᱲᱤᱡ ᱧᱩᱛᱩᱢᱟᱱ ᱱᱚᱣ ᱥᱚᱭᱱᱤᱠ ᱦᱤᱡᱩᱜ ᱥᱮᱱᱚᱜ ᱨᱮᱭᱟᱜ ᱴᱷᱟᱶ ᱛᱟᱦᱮᱸ ᱠᱟᱱᱟ ᱡᱟᱦᱟᱸ ᱨᱮ ᱡᱚᱨᱢᱟᱱ, ᱟᱢᱮᱨᱤᱠᱟ ᱟᱨ ᱵᱨᱤᱴᱮᱱ ᱨᱮᱭᱟᱜ ᱮᱭᱟᱭ ᱡᱟᱦᱟᱡᱽ ᱦᱟᱨᱵᱳᱨ ᱟᱲᱟᱜ ᱠᱚ ᱢᱟᱱᱟ ᱞᱮᱜᱼᱟ᱾"
772,करीब 200 अमरीकी और जर्मन लोगों की जानें चली गयीं ।,"ᱢᱤᱫ ᱵᱽᱨᱤᱴᱤᱥ ᱠᱨᱩᱡᱟᱨ ᱫᱚ ᱤᱠᱟ ᱠᱟᱛᱮ, ᱥᱟᱱᱟᱢ ᱡᱟᱦᱟᱡ ᱰᱩᱵᱩᱡ ᱞᱮᱫ ᱛᱟᱦᱮᱱᱟ᱾ ᱒᱐᱐ ᱜᱟᱱ ᱟᱢᱮᱨᱤᱠᱟᱱ ᱟᱨ ᱡᱟᱨᱢᱟᱱ ᱡᱤᱭᱚᱱ  ᱠᱚ ᱟᱫᱽ ᱞᱮᱱ ᱛᱟᱦᱮᱱᱟ᱾"
773,"इस संघर्ष के दौरान, एमाउ आंदोलन ने आज़ादी पाने की कोशिश की ।","ᱢᱟᱣᱩ ᱟᱱᱫᱚᱞᱚᱱ ᱦᱚᱛᱮᱛᱮ ᱥᱟᱦᱟᱣ ᱟᱠᱟᱱ ᱯᱷᱩᱨᱜᱟᱹᱞ ᱠᱚᱣᱟᱜ ᱠᱩᱨᱩᱢᱩᱴᱩ ᱫᱚᱨᱟᱱ, ᱥᱚᱦᱚᱨ ᱨᱮ ᱢᱤᱫ ᱥᱟᱱᱛᱤᱯᱩᱨᱬ ᱥᱚᱵᱷᱟ ᱨᱮᱱᱟᱜ ᱯᱚᱨᱤᱬᱟᱢ ᱯᱮᱭᱨᱟᱢᱟᱣᱩᱱᱴ ᱪᱤᱯᱷ ᱛᱤᱯᱩᱣᱟ ᱛᱟᱢᱟᱥᱤᱥ ᱞᱤᱞᱳᱳᱷᱤᱭᱟᱜ ᱦᱟᱛᱭᱟ ᱦᱩᱭ ᱮᱱᱟ᱾"
774,"वहाँ कई समुद्र तट हैं, टाइटैनिक के लिए दो क्षेत्रों के चक्कर के कारण. सबसे लोकप्रिय लोग तीन क्षेत्रों में हैं.",ᱚᱠᱞᱮᱸᱰ ᱨᱮᱭᱟᱜ ᱵᱟᱨᱭᱟ ᱥᱟᱹᱢᱩᱫ ᱯᱟᱥᱱᱟᱣ ᱨᱮᱭᱟᱜ ᱚᱡᱮ ᱛᱮ ᱟᱭᱢᱟ ᱥᱟᱹᱢᱩᱫ ᱟᱲᱮ ᱢᱮᱱᱟᱜᱼᱟ᱾ ᱡᱚᱛᱚ ᱠᱷᱚᱱ ᱦᱚᱲᱛᱟᱞᱟ ᱯᱟᱭᱟ ᱴᱚᱴᱷᱟ ᱨᱮ ᱢᱮᱱᱟᱜᱼᱟ᱾
775,"उत्तर में प्रशांत महासागर और उत्तरी खाड़ी से लेकर दक्षिण में डेवॉन के बंदरगाह तक, उत्तर में उत्तर के तटों पर उत्तर के तटों पर स्थित है ।",ᱱᱚᱨᱛᱷ ᱥᱳᱨ ᱫᱚᱨᱮᱭᱟ ᱟᱲᱮ (ᱠᱚᱧᱮ ᱦᱟᱨᱵᱟᱨ ᱡᱤᱞᱞᱟᱹ ᱨᱮ) ᱯᱨᱚᱥᱟᱱᱛᱚ ᱢᱟᱦᱟᱫᱚᱨᱮᱭᱟ ᱨᱮ ᱢᱮᱱᱟᱜᱼᱟ ᱟᱨ ᱠᱚᱧᱮ ᱨᱮ ᱞᱚᱝ ᱵᱮ ᱠᱷᱚᱱ ᱮᱛᱚᱢ ᱨᱮ ᱰᱮᱵᱷᱮᱱᱯᱳᱨᱴ ᱦᱟᱹᱵᱤᱫ ᱯᱟᱥᱱᱟᱣ ᱢᱮᱱᱟᱜᱼᱟ᱾
776,"वे लगभग सभी गर्मियों के किनारे हैं, और अधिकांश छाँवों में पिकावा के पेड़ों से मिलते - जुलते हैं ।",ᱚᱱᱟ ᱠᱚᱫᱚ ᱡᱚᱛᱚ ᱟᱥᱚᱠᱟᱭᱛᱮ ᱥᱩᱨᱠᱷᱤᱛ ᱯᱟᱭᱨᱟᱜ ᱥᱟᱶᱛᱮ ᱥᱟᱹᱢᱩᱫᱽ ᱜᱤᱛᱤᱞᱼᱟᱲᱮ ᱠᱟᱱᱟ ᱟᱨ ᱟᱭᱢᱟ ᱠᱷᱚᱱ ᱵᱟᱹᱲᱛᱤ ᱯᱳᱦᱩᱛᱩᱠᱟᱣᱟ ᱫᱟᱨᱮ ᱠᱚᱛᱮ ᱩᱢᱩᱞ ᱧᱟᱢ ᱮᱫᱼᱟᱭ᱾
777,"सामकी ड्राइव के किनारे हैमरा हरोफ़, मिशन खाड़ी और मध्य ऑकलैंड में स्टोफ़ोफ़ों में।","ᱛᱚᱢᱟᱠᱤ ᱰᱨᱟᱭᱤᱵᱷ ᱥᱟᱹᱢᱩᱫ ᱟᱲᱮ ᱣᱮᱴᱣᱢᱟᱴᱟ ᱦᱟᱨᱵᱨ ᱨᱮ ᱢᱮᱱᱟᱜᱼᱟ, ᱡᱟᱦᱟᱸᱴᱟᱜ ᱢᱤᱥᱚᱱ ᱠᱷᱟᱲᱤ ᱨᱮᱭᱟᱜ ᱚᱯᱢᱟᱨᱠᱮᱴ ᱡᱚᱜᱽᱱᱟᱜᱽᱨᱟᱦᱟ ᱨᱮ ᱛᱟᱞᱟ ᱚᱠᱞᱮᱸᱰ ᱨᱮ ᱥᱮᱱᱴ ᱦᱮᱞᱤᱭᱟᱨᱥ ᱢᱮᱱᱟᱜᱼᱟ᱾"
778,ये कभी-कभी घर के किनारों पर लगे हुए हैं... ... दुकानों की एक अच्छी सीमा के साथ... ... तट की परत. हवा सुरक्षित है.,ᱱᱩᱠᱩᱣᱟᱜ ᱫᱚ ᱚᱠᱟᱼᱚᱠᱟ ᱵᱮᱲᱟ ᱦᱚᱲᱼᱵᱷᱤᱲ ᱜᱷᱟᱨᱚᱸᱡᱤᱭᱟᱹ ᱥᱟᱹᱢᱩᱫᱼᱟᱲᱮᱠᱚ ᱟᱨ ᱟᱲᱮ ᱨᱮ ᱟᱭᱢᱟ ᱞᱮᱠᱟᱱ ᱫᱚᱠᱟᱱ ᱢᱮᱱᱟᱜ ᱛᱟᱠᱚᱣᱟ᱾ ᱯᱟᱭᱨᱟᱜ ᱨᱩᱠᱷᱤᱭᱟᱹ ᱜᱮᱭᱟ᱾
779,"मुख्य स्थानीय बियर है 'गो एक', यह एक जटिल बियर नहीं है, लेकिन सुखद और ताज़गी. अन्य स्थानीय बियर कहा जाता है ""मैना"".","ᱢᱩᱞ ᱥᱩᱨ ᱠᱟᱱ ᱵᱤᱭᱚᱨ 'ᱮᱞ ᱢᱤᱫ ᱠᱟᱱᱟ', ᱱᱚᱶᱟ ᱫᱚ ᱢᱤᱫᱴᱟᱹᱝ ᱡᱚᱴᱤᱞ ᱯᱟᱹᱶᱨᱟᱹ ᱵᱟᱝ ᱠᱟᱱᱟ, ᱢᱮᱱᱠᱷᱟᱱ ᱥᱩᱠᱷᱚᱫ ᱟᱨ ᱛᱟᱡᱟ ᱠᱟᱱᱟ᱾ ᱮᱴᱟᱜ ᱥᱛᱷᱟᱱᱤᱭᱚ ᱵᱤᱭᱟᱨ ᱠᱚ ""ᱢᱚᱱᱛᱟ"" ᱠᱚ ᱢᱮᱛᱟᱜᱼᱟ᱾"
780,"अनेक फ्रांसीसी दाखमधु हैं, लेकिन न्यू ज़ीलैंड और ऑस्ट्रेलिया के दाखमधु से बेहतर यात्रा हो सकती है ।","ᱟᱭᱢᱟ ᱯᱷᱨᱟᱱᱥᱤᱥᱤ ᱣᱟᱭᱤᱱ ᱢᱮᱱᱟᱜᱼᱟ, ᱦᱮᱞᱮ ᱱᱭᱩᱡᱤᱞᱮᱸᱰ ᱨᱮ ᱟᱨ ᱚᱥᱴᱨᱮᱞᱤᱭᱟ ᱨᱮ ᱣᱟᱭᱤᱱ ᱛᱮ ᱫᱟᱬᱟ ᱫᱟᱲᱮᱭᱟᱜᱼᱟᱢ᱾"
781,"स्थानीय नल पानी पूरी तरह सुरक्षित है, लेकिन बोतल से पानी पीना आसान है यदि आप भयभीत हैं ।","ᱥᱩᱨ ᱱᱟᱞ ᱫᱟᱜ ᱞᱟᱹᱜᱤᱫ ᱯᱩᱨᱟᱹ ᱨᱩᱠᱷᱤᱭᱟᱹ ᱜᱮᱭᱟ, ᱦᱮᱞᱮ ᱡᱩᱫᱤ ᱟᱢ ᱵᱚᱛᱚᱨᱚᱜ ᱠᱟᱱᱟᱢ ᱛᱚ ᱵᱩᱛᱩᱞ ᱛᱮ ᱢᱮᱱᱟᱜ ᱫᱟᱜ ᱧᱟᱢ ᱟᱞᱜᱟ ᱜᱮᱭᱟ᱾"
782,"ऑस्ट्रेलियाई के लिए, 'कादमी सफेद' कॉफी का विचार विदेशी है. एक छोटी काली काली है', सेप्पो कोपीनो (नहीं के साथ), और चाय को दूध के बिना अधिक प्रदान किया जाता है.","ᱚᱥᱴᱨᱮᱞᱤᱭᱟ ᱨᱤᱱ ᱦᱚᱲ ᱠᱚ ᱞᱟᱹᱜᱤᱫ, 'ᱪᱟᱯᱴᱟ ᱯᱩᱸᱰ' ᱠᱚᱯᱷᱤ ᱨᱮᱭᱟᱜ ᱵᱤᱪᱟᱹᱨ ᱣᱤᱫᱮᱥᱤ ᱠᱟᱱᱟ᱾ ᱢᱤᱫᱴᱟᱹᱝ ᱦᱚᱯᱚᱱ ᱦᱮᱸᱫᱮ 'ᱮᱠᱥᱯᱨᱮᱥᱚ' ᱠᱟᱱᱟ, ᱠᱮᱯᱪᱤᱱᱚ ᱠᱨᱤᱢ (ᱯᱨᱟᱛᱷ ᱵᱟᱝᱟ) ᱥᱟᱶᱛᱮ ᱢᱟᱨᱟᱝ ᱧᱚᱜ ᱦᱟᱹᱡᱩᱜ ᱠᱟᱱᱟ, ᱟᱨ ᱪᱟ ᱛᱚᱣᱟ ᱵᱮᱜᱚᱨ ᱮᱢ ᱜᱟᱱᱚᱜᱼᱟ᱾"
783,"यह बहुत ही बढ़िया किस्म का रस है, मगर बहुत बढ़िया है ।",ᱦᱚᱴ ᱪᱚᱠᱞᱮᱴ ᱵᱮᱞᱡᱤᱭᱟᱢ ᱢᱟᱱᱠᱚ ᱦᱟᱹᱵᱤᱡ ᱢᱮᱱᱟᱜᱼᱟ᱾ ᱡᱚ ᱨᱮᱱᱟᱜ ᱨᱟᱥ ᱠᱤᱢᱛᱤᱭᱟ ᱢᱮᱱᱠᱷᱟᱱ ᱩᱛᱠᱨᱤᱥᱴ ᱜᱮᱭᱟ᱾
784,"जल - शैलों के लिए अनेक यात्राें हर साल की जाती हैं, और इन में से किसी भी कारण से प्रवाल पर चोटें विरल हैं ।","ᱨᱤᱯᱷ ᱞᱟᱹᱜᱤᱫ ᱟᱭᱢᱟ ᱫᱟᱬᱟ ᱠᱩᱜ ᱡᱷᱟᱛᱚ ᱥᱮᱨᱢᱟ ᱨᱮ ᱛᱮᱭᱟᱨ ᱠᱚᱜ ᱠᱟᱱᱟ, ᱟᱨ ᱪᱟᱹᱴᱱᱤ ᱨᱮ ᱡᱟᱦᱟᱱᱟᱜ ᱠᱟᱨᱚᱬ ᱞᱟᱹᱜᱤᱫ ᱠᱟᱨᱚᱬ ᱜᱷᱟᱹᱛ ᱫᱩᱨᱵᱟᱞ ᱜᱮ ᱛᱟᱦᱮᱸᱱ ᱡᱟᱱᱟ᱾"
785,"फिर भी, अधिकारियों से सलाह लीजिए, सभी चिन्हों का पालन कीजिए, और सुरक्षा चेतावनियों पर ध्यान दीजिए ।","ᱮᱱᱰ ᱨᱮᱦᱚᱸ, ᱚᱫᱷᱤᱠᱟᱹᱨᱤ ᱠᱷᱚᱱ ᱥᱚᱞᱟᱦ ᱤᱫᱤ ᱢᱮ ᱡᱷᱚᱛᱚ ᱥᱚᱝᱠᱮᱛ ᱨᱮᱭᱟᱜ ᱯᱟᱞᱚᱱ ᱠᱚᱨᱟᱣ ᱢᱮ, ᱟᱨ ᱨᱩᱠᱷᱤᱭᱟᱹ ᱪᱮᱛᱟᱣᱱᱤ ᱪᱮᱛᱟᱱ ᱨᱮ ᱫᱷᱭᱟᱱ ᱮᱢ ᱢᱮ᱾"
786,इन्हें कभी - कभी इस समय के बाहर पाया जा सकता है ।,ᱵᱚᱠᱥ ᱡᱮᱞᱤᱯᱷᱤᱥ ᱫᱚᱨᱭᱟ ᱟᱲᱮ ᱟᱨ ᱜᱟᱰᱟ ᱨᱮᱭᱟᱜ ᱥᱩᱨ ᱢᱩᱸᱦᱟᱹᱱ ᱨᱮ ᱑᱗᱗᱐ ᱨᱮᱭᱟᱜ ᱮᱛᱚᱢ ᱨᱮ ᱳᱠᱴᱳᱵᱚᱨ ᱠᱷᱚᱱ ᱮᱯᱨᱤᱞ ᱦᱟᱹᱵᱤᱡ ᱧᱟᱢᱚᱜᱚᱜ-ᱟᱠᱚI ᱩᱱᱠᱩ ᱚᱠᱛᱚ ᱚᱠᱛᱚ ᱨᱮ ᱱᱚᱣᱟ ᱵᱮᱲᱟ ᱠᱚᱨᱮ ᱦᱚᱸ ᱵᱟᱦᱨᱮ ᱨᱮᱠᱚ ᱧᱟᱢᱚᱜᱚᱜ ᱜᱮᱭᱟI
787,अधिकांश शार्क मनुष्यों से भयभीत होते हैं और उन्हें भगा देते हैं ।,"ᱥᱟᱨᱠ ᱢᱮᱱᱟᱜ ᱠᱚᱣᱟ, ᱢᱮᱱᱠᱷᱟᱱ ᱩᱱᱠᱩ ᱯᱟᱪᱮ ᱜᱮ ᱦᱚᱲ ᱪᱮᱛᱟᱱ ᱨᱮ ᱜᱷᱟᱹᱛ ᱠᱚ ᱞᱟᱜᱟᱣᱟ᱾ ᱰᱷᱮᱨ ᱥᱟᱨᱠ ᱫᱚ ᱦᱚᱲ ᱠᱷᱚᱱ ᱠᱚ ᱵᱚᱛᱚᱨᱚᱜᱼᱟ ᱟᱨ ᱯᱟᱭᱨᱟᱜᱼᱟ᱾"
788,पानी के बारे में क्या कहा जा सकता है?,"ᱠᱷᱟᱨᱟ ᱫᱟᱜ ᱨᱮᱭᱟᱜ ᱠᱩᱢᱵᱷᱤᱨ ᱥᱚᱠᱨᱤᱭᱚ ᱦᱤᱥᱟᱹᱵ ᱛᱮ ᱢᱟᱦᱟᱥᱟᱜᱚᱨ ᱨᱮ ᱵᱟᱠᱚ ᱛᱟᱦᱮᱸᱱᱟ, ᱩᱱᱠᱩᱣᱟᱜ ᱯᱩᱭᱞᱩ ᱱᱤᱣᱟᱹᱥ ᱡᱟᱭᱜᱟ ᱫᱚ ᱨᱚᱠᱦᱮᱢᱯᱴᱮᱱ ᱨᱮᱭᱟᱜ ᱱᱚᱫᱤ ᱨᱮᱭᱟᱷ ᱱᱤᱜᱨᱟᱹᱱᱤ ᱨᱮ ᱛᱟᱦᱮᱸᱱ ᱠᱟᱱᱟ᱾"
789,पहले से लिखी गयी किताब में इस बात को पुख्ता किया गया है कि उन्हें कहीं नींद नहीं आएगी ।,ᱟᱜᱽᱨᱤᱢ ᱵᱩᱠᱤᱝ ᱡᱟᱛᱨᱤ ᱠᱚ ᱢᱚᱱᱮ ᱨᱮᱱᱟᱜ ᱥᱟᱱᱛᱤ ᱮᱢ ᱮᱫᱼᱟᱭ ᱡᱮ ᱩᱱᱠᱩ ᱣᱟᱜ ᱜᱟᱛᱟᱝ ᱨᱮ ᱥᱮᱴᱮᱨᱚᱜ ᱛᱟᱭᱚᱢ ᱩᱱᱠᱩ ᱴᱷᱮᱱ ᱡᱟᱹᱯᱤᱫ ᱞᱟᱹᱜᱤᱫ ᱡᱟᱦᱟᱸ ᱨᱮᱜᱮ ᱦᱩᱭᱩᱜᱼᱟ᱾
790,"सफ़री ओवरसियरों ने अकसर विशिष्ट होटलों के साथ व्यवहार किया है, हालाँकि आप शायद दूसरे प्रकार की बस्ती, एक यात्रा एजेंट के माध्यम से, छावनी के आधार की तरह अन्य प्रकार पुस्तक पढ़ सकते हैं ।","ᱴᱨᱮᱵᱷᱟᱞ ᱮᱡᱮᱱᱴ ᱨᱮ ᱚᱱᱠᱟ ᱵᱤᱥᱤᱥᱴ ᱦᱚᱴᱚᱞ ᱠᱷᱚᱱ ᱥᱟᱹᱜᱟᱹᱭ ᱛᱟᱦᱮᱱ ᱠᱟᱱᱟ, ᱦᱚᱭ ᱛᱚ ᱟᱢ ᱴᱨᱮᱵᱷᱟᱞ ᱮᱡᱮᱱᱴ ᱨᱮᱱᱟᱜ ᱢᱟᱫᱷᱭᱚᱢ ᱠᱷᱚᱱ ᱠᱮᱭᱢᱯᱤᱝ ᱜᱽᱨᱟᱣᱩᱱᱰ ᱞᱮᱠᱟᱱ ᱚᱲᱟᱜ ᱨᱮᱱᱟᱜ ᱟᱭᱢᱟ ᱨᱩᱯ ᱛᱮ ᱵᱩᱠ ᱞᱟᱹᱜᱤᱫ ᱥᱟᱢᱵᱷᱟᱣ ᱦᱩᱭ ᱫᱟᱲᱮᱭᱟᱜᱼᱟ᱾"
791,"यात्रा करनेवाले आम तौर पर ऐसे पैकेज पेश करते हैं जिनमें नाश्‍ता, हवाई अड्डे या उड़ान और होटल के पैकेज सम्मिलित होते हैं ।","ᱴᱨᱮᱵᱷᱟᱞ ᱮᱡᱮᱱᱴ ᱚᱱᱠᱟ ᱨᱮ ᱚᱱᱟ ᱯᱮᱭᱠᱮᱡᱽ ᱨᱮᱱᱟᱜ ᱯᱮᱥᱠᱟᱥ ᱮᱫᱼᱟᱭ ᱡᱟᱦᱟᱸ ᱫᱚ ᱱᱟᱥᱛᱟ, ᱩᱰᱟᱹᱱ ᱰᱟᱹᱦᱤ ᱠᱷᱚᱱ/ ᱱᱚᱸᱰᱮ ᱦᱟᱹᱵᱤᱡ ᱡᱮ ᱥᱟᱸᱭᱩᱠᱛ ᱩᱰᱟᱹᱱ ᱟᱨ ᱦᱚᱴᱚᱞ ᱯᱮᱭᱠᱮᱡᱽ ᱦᱚᱸ ᱢᱮᱥᱟ ᱢᱮᱱᱟᱜᱼᱟ᱾"
792,अगर आपको अपनी मंज़िल के लिए कुछ और दस्तावेज़ों के बारे में सोचने या उन्हें पाने के लिए वक्‍त मिले तो वे आपके लिए भी तैयार रह सकते हैं ।,ᱡᱩᱫᱤ ᱟᱢ ᱯᱨᱚᱥᱛᱟᱣ ᱵᱟᱵᱚᱫ ᱨᱮ ᱩᱭᱦᱟᱹᱨ ᱥᱮ ᱟᱯᱱᱟᱨ ᱜᱟᱛᱟᱝ ᱞᱟᱹᱜᱤᱫ ᱟᱭᱢᱟ ᱫᱟᱥᱛᱟᱣᱮᱡᱽ ᱦᱟᱛᱟᱣ ᱞᱟᱹᱜᱤᱫ ᱚᱠᱛᱚ ᱦᱩᱭᱩᱜ ᱢᱟ ᱠᱷᱟᱱ ᱟᱢ ᱞᱟᱹᱜᱤᱫ ᱟᱨᱟᱪᱷᱟᱱ ᱦᱚᱸ ᱦᱩᱭ ᱫᱟᱲᱮᱭᱟᱜᱼᱟ (ᱡᱮᱞᱮᱠᱟ ᱣᱤᱡᱟ)᱾
793,"सफ़री एजेंटों द्वारा पहली बार या सीधे होटल के साथ नहीं, कोई सुधार या निवेदन किया जाना चाहिए.",ᱡᱟᱦᱟᱸ ᱜᱮ ᱥᱩᱫᱷᱨᱟᱹᱣ ᱥᱮ ᱟᱱᱩᱨᱳᱫᱷ ᱦᱚᱭ ᱛᱚ ᱴᱨᱮᱵᱷᱟᱞ ᱮᱡᱮᱱᱴ ᱨᱮᱱᱟᱜ ᱢᱟᱫᱷᱭᱚᱢ ᱠᱷᱚᱱ ᱢᱟᱲᱟᱝ ᱟᱨ ᱦᱚᱴᱚᱞ ᱥᱟᱶ ᱥᱚᱡᱷᱮ ᱦᱩᱭᱩᱜ ᱢᱟ᱾
794,"कुछ उत्सवों के लिए, संगीत उत्सवों का अधिकांश सेवक स्थल पर छावनी करने का फैसला करते हैं, और अधिकांश सेवक इसे अनुभव का एक महत्त्वपूर्ण हिस्सा समझते हैं ।","ᱛᱤᱱᱟᱹᱜ ᱜᱟᱱ ᱛᱮᱣᱦᱟᱹᱨ ᱞᱟᱹᱜᱤᱫ ᱛᱮ, ᱥᱮᱨᱮᱧ ᱛᱮᱣᱦᱟᱹᱨ ᱞᱟᱹᱜᱤᱫ ᱛᱮ ᱯᱚᱨᱤᱪᱚᱨᱚ ᱨᱮᱭᱟᱜ ᱢᱟᱨᱟᱝ ᱵᱚᱦᱩᱢᱚᱛ ᱡᱟᱭᱜᱟ ᱨᱮ ᱥᱤᱣᱤᱨ ᱨᱮᱭᱟᱜ ᱴᱷᱟᱹᱣᱠᱟᱹ ᱤᱫᱤ ᱮᱫᱟᱭ, ᱟᱨ ᱛᱤᱱᱟᱹᱜ ᱜᱟᱱ ᱯᱚᱨᱤᱪᱚᱭ ᱫᱚ ᱱᱚᱶᱟ ᱚᱱᱩᱵᱷᱚᱣ ᱨᱮᱭᱟᱜ ᱢᱤᱫᱴᱟᱹᱝ ᱢᱟᱨᱟᱝ ᱦᱟᱹᱴᱤᱧ ᱢᱟᱱᱟᱣ ᱮᱫᱟ ᱠᱚ᱾"
795,यदि आप के करीब होना चाहते हैं... ... आप जल्दी से संगीत के लिए शिविरिंग साइट पाने के लिए जा रहे हैं.,ᱡᱩᱫᱤ ᱟᱢ ᱚᱱᱟ ᱠᱟᱨᱟᱣᱟᱦᱤ ᱥᱩᱨ ᱨᱮ ᱛᱟᱦᱮᱸ ᱥᱟᱱᱟᱢ ᱠᱟᱱᱟ ᱢᱮᱱᱠᱷᱟᱱ ᱛᱚ ᱟᱢ ᱥᱮᱨᱮᱧ ᱥᱩᱨ ᱛᱮ ᱢᱤᱫᱴᱟᱹᱝ ᱠᱮᱢᱯᱤᱝ ᱥᱟᱭᱤᱴ ᱮᱢᱚᱜ ᱞᱟᱹᱜᱤᱫ ᱞᱚᱜᱚᱱ ᱦᱮᱡ ᱛᱮ ᱯᱟᱲᱟᱣᱟᱢᱟ᱾
796,"याद रखिए कि हालाँकि मुख्य चरणों में संगीत समाप्त हो गया हो, लेकिन शायद पर्व के कुछ भाग हों जो रात को देर तक संगीत बजाना जारी रखेंगे ।","ᱢᱚᱱᱮ ᱫᱚᱦᱚᱭ ᱢᱮ ᱡᱮ ᱢᱮᱱᱠᱷᱟᱱ ᱢᱩᱠ ᱪᱟᱨᱚᱬ ᱨᱮ ᱥᱮᱨᱮᱧ ᱪᱟᱵᱟ ᱫᱟᱲᱮᱭᱟᱜᱼᱟ, ᱛᱮᱣᱦᱟᱹᱨ ᱨᱮᱭᱟᱜ ᱚᱱᱩᱵᱷᱟᱜ ᱦᱩᱭ ᱫᱟᱲᱮᱭᱟᱜᱼᱟ ᱡᱟᱦᱟᱸᱭ ᱫᱚ ᱟᱹᱭᱩᱵ ᱥᱟᱨᱟ ᱥᱟᱨᱮᱧ ᱮᱱᱮᱡᱟᱭ᱾"
797,कुछ पर्वों के पास छोटे बच्चों के साथ परिवारों के लिए ख़ास क्षेत्र हैं ।,ᱛᱤᱱᱟᱹᱜ ᱜᱟᱱ ᱛᱮᱣᱦᱟᱹᱨ ᱨᱮ ᱵᱤᱫᱽᱨᱟᱹ ᱨᱤᱱ ᱜᱷᱟᱨᱚᱧᱡᱽ ᱦᱚᱲ ᱞᱟᱹᱜᱤᱫ ᱵᱤᱥᱮᱥ ᱥᱤᱣᱤᱨ ᱡᱟᱭᱜᱟ ᱛᱟᱦᱸᱱᱟ᱾
798,"यदि सर्दियों में उत्तरी बाल्टिक पार किया जाए, तो कैबिन की जगह की जाँच कीजिए, क्योंकि बर्फ के माध्यम से जा रहे लोगों के लिए काफ़ी भयानक शोर उत्पन्‍न करता है ।","ᱡᱩᱫᱤ ᱨᱮᱭᱟᱲ ᱨᱮ ᱮᱛᱚᱢ ᱵᱟᱞᱴᱤᱠ ᱠᱚ ᱯᱟᱨ ᱮᱫᱟ, ᱛᱚ ᱠᱮᱵᱤᱱ ᱡᱟᱭᱜᱟ ᱨᱮᱭᱟᱜ ᱡᱟᱸᱪ ᱢᱮ, ᱪᱮᱫᱟᱜ ᱥᱮ ᱵᱚᱨᱯᱷ ᱨᱮᱭᱟᱜ ᱢᱟᱫᱷᱭᱚᱢ ᱛᱮ ᱪᱟᱞᱟᱣ ᱛᱮ ᱢᱟᱦᱚᱛ ᱠᱷᱚᱱ ᱯᱨᱚᱵᱷᱟᱣ ᱦᱚᱲ ᱠᱚ ᱞᱟᱹᱜᱤᱫ ᱟᱹᱪᱤ ᱜᱮ ᱢᱩᱥᱠᱤᱞᱚᱜᱼᱟ᱾"
799,इन यात्रियों को वीज़ा की माँगों से मुक्‍त किया जाता है (कथित शब्द देखिए) ।,ᱥᱮᱸᱴ ᱯᱤᱴᱚᱨᱥᱵᱟᱹᱨᱜᱽ ᱯᱚᱨᱤᱵᱷᱨᱚᱢᱚᱬ ᱨᱮᱭᱟᱜ ᱥᱚᱦᱚᱨ ᱨᱮ ᱥᱚᱢᱚᱭ ᱥᱟᱹᱢᱤᱞ ᱢᱮᱱᱟᱜᱼᱟ᱾ ᱠᱨᱩᱡᱽ ᱫᱟᱬᱟ ᱠᱩᱜ ᱫᱚ ᱣᱤᱡᱟ ᱫᱚᱨᱠᱟᱨ ᱠᱷᱚᱱ ᱪᱷᱟᱲ ᱠᱟᱫ ᱠᱚᱣᱟ ᱠᱚ (ᱥᱚᱨᱚᱛ ᱨᱮᱭᱟᱜ ᱡᱟᱸᱪ ᱠᱚᱨᱟᱣ ᱫᱚᱨᱠᱟᱨ ᱠᱟᱱᱟ)᱾
800,आम तौर पर आम तौर पर मेहमानों द्वारा खर्च किए गए समय और पैसे के लिए बहुत मेहनत की जाती है ।,"ᱠᱮᱱᱥᱚᱱᱤ ᱚᱝᱠᱟ ᱜᱮ ᱯᱮᱲᱟ ᱦᱚᱲ ᱛᱮ ᱠᱷᱚᱨᱚᱪ ᱠᱟᱱ ᱥᱟᱢᱚᱭ ᱟᱨ ᱯᱩᱭᱥᱟᱹ ᱠᱚ ᱰᱷᱮᱨ ᱠᱚᱨᱟᱣ ᱞᱟᱹᱜᱤᱫ ᱟᱭᱢᱟ ᱯᱨᱟᱭᱟᱥ ᱠᱚᱨᱟᱣ ᱛᱮ ᱦᱩᱭᱩᱜ ᱠᱟᱱᱟ᱾ ᱠᱷᱮᱞᱚᱱᱰᱤᱭᱟᱹ ᱟᱨ ᱜᱷᱚᱰᱤᱭᱚ ᱠᱚ ᱚᱝᱠᱟ ᱜᱮ ᱵᱟᱠᱚ ᱛᱟᱦᱮᱸᱱ ᱠᱟᱱᱟ ᱠᱚ, ᱟᱨ ᱵᱟᱦᱨᱮ ᱛᱮ ᱚᱰᱚᱠ ᱢᱩᱥᱠᱤᱞᱚᱜ ᱠᱟᱱᱟ᱾"
801,"अकसर उनके पास ख़ास भोजन होता है, पीने और मनोरंजन होता है, मेहमानों को अच्छे मूड में रखने के लिए, और उन्हें आधार पर रखते हैं ।","ᱯᱮᱲᱟ ᱦᱚᱲ ᱠᱚ ᱵᱮᱥ ᱢᱩᱰ ᱨᱮ ᱫᱚᱦᱚ ᱟᱨ ᱩᱱᱠᱩ ᱟᱫᱷᱟᱨ ᱛᱮ ᱫᱟᱦᱚ ᱞᱟᱹᱜᱤᱫ, ᱩᱱᱠᱩ ᱴᱷᱮᱱ ᱚᱝᱠᱟ ᱜᱮ ᱵᱤᱥᱮᱥ ᱡᱚᱢᱟᱜ, ᱧᱩᱸ ᱟᱨ ᱢᱚᱱᱚᱨᱚᱧᱡᱚᱱ ᱯᱨᱚᱥᱛᱟᱵ ᱛᱟᱦᱮᱸᱱ ᱠᱟᱱᱟ᱾"
802,"लेकिन, पियक्कड़पन, और सभी अच्छे जुआरी सचेत रहने के महत्त्व को जानते हैं ।","ᱛᱤᱱᱟᱹᱜ ᱡᱟᱭᱜᱟ ᱨᱮ ᱢᱤᱫᱴᱟᱹᱝ ᱢᱟᱫᱟᱠ ᱯᱮᱭᱟ ᱫᱮᱠᱷᱟᱣ ᱮᱫᱟᱭ᱾ ᱢᱮᱱᱠᱷᱟᱱ, ᱥᱟᱨᱟᱵᱤ ᱯᱮᱭᱚ ᱯᱟᱱ ᱠᱟ ᱱᱤᱨᱬᱚᱭ ᱟᱭ, ᱟᱨ ᱡᱷᱚᱛᱚ ᱵᱮᱥ ᱡᱩᱣᱟᱹᱨᱤ ᱠᱚ ᱥᱟᱸᱛ ᱫᱚᱦᱚ ᱞᱟᱹᱜᱤᱫ ᱢᱚᱦᱚᱛ ᱠᱚ ᱵᱟᱲᱟᱭᱟ᱾"
803,"जो कोई उच्च अक्षांश या पर्वत पार करने के लिए जा रहा है... ... बर्फ, बर्फ, या ठंड तापमान की संभावना पर विचार करना चाहिए.","ᱡᱟᱦᱟᱸᱭ ᱜᱮ ᱪᱮᱛᱟᱱ ᱚᱠᱭᱟᱝᱥ ᱟᱨ ᱵᱟᱝ ᱯᱚᱨᱣᱚᱛ ᱪᱮᱛᱟᱱ ᱨᱮ ᱠᱟᱨᱟᱣ ᱪᱟᱠᱟᱜ ᱠᱟᱱᱟ ᱠᱚ, ᱩᱱᱤ ᱫᱚ ᱵᱚᱨᱯᱷ, ᱟᱨ ᱵᱟᱝ ᱨᱟᱵᱟᱝ ᱛᱟᱯᱢᱟᱱ ᱨᱮᱭᱟᱜ ᱥᱚᱢᱵᱷᱟᱣᱱᱟ ᱪᱮᱛᱟᱱ ᱨᱮ ᱣᱤᱪᱟᱹᱨ ᱠᱚᱨᱟᱣ ᱫᱚᱨᱠᱟᱨ ᱠᱟᱱᱟ᱾"
804,"हवा और बर्फ के मार्ग पर, संघर्ष कम होता है और आप ऐसे गाड़ी नहीं चला सकते मानो आप सरपट चल रहे हों ।","ᱵᱚᱨᱚᱯᱷ ᱟᱨ ᱵᱚᱨᱯᱷᱤᱞᱟᱹ ᱨᱟᱥᱛᱟ ᱪᱮᱛᱟᱱ ᱨᱮ, ᱜᱷᱚᱨᱥᱚᱬ ᱠᱟᱢ ᱢᱮᱱᱟᱜᱼᱟ ᱟᱨ ᱵᱟᱝ ᱪᱟᱹᱞᱩ ᱫᱟᱲᱮᱭᱟᱜᱼᱟᱢ ᱡᱮᱞᱠᱟ ᱟᱢ ᱱᱚᱝᱜᱟ ᱰᱟᱢᱚᱨ ᱨᱮ ᱛᱟᱦᱮᱸ ᱠᱟᱱᱟᱢ᱾"
805,"बारिश के दौरान, पर्याप्त बर्फ आप अटकने के लिए बहुत कम समय में गिर सकते हैं.","ᱵᱟᱨᱯᱷᱤᱞᱟᱹ ᱛᱩᱯᱷᱟᱹᱱ ᱡᱷᱚᱜ, ᱟᱹᱰᱤ ᱠᱟᱢ ᱥᱚᱢᱚᱭ ᱨᱮᱜᱮ ᱛᱤᱱᱟᱹᱜ ᱜᱟᱱ ᱵᱚᱨᱚᱯᱷ ᱛᱮ ᱟᱢ ᱛᱟᱦᱮᱸ ᱠᱟᱛᱮ ᱧᱩᱨ ᱫᱟᱲᱮᱜᱼᱟᱢ᱾"
806,गाड़ी के दरवाज़े पर या गाड़ी की खिड़की पर बर्फ़ के द्वारा भी दृश्यता सीमित हो सकती है ।,ᱫᱽᱨᱩᱥᱭᱚ ᱦᱚᱸ ᱧᱩᱨᱩᱜ ᱟᱨ ᱵᱟᱝ ᱵᱟᱨᱚᱯᱷ ᱟᱨ ᱵᱟᱝ ᱜᱟᱹᱰᱤ ᱡᱷᱚᱨᱠᱟ ᱴᱷᱮᱱ ᱜᱷᱚᱱᱚᱛᱣᱚ ᱟᱨ ᱵᱟᱝ ᱵᱟᱨᱚᱯᱷ ᱛᱮ ᱯᱨᱚᱫᱤᱵᱚᱸᱫᱷ ᱦᱩᱭ ᱫᱟᱲᱮᱭᱟᱜᱼᱟ᱾
807,"दूसरी ओर, अनेक देशों में हवा और हिमी परिस्थितियों सामान्य हैं, और यातायात अधिकतर साल - भर में ग़ायब होता जा रहा है ।","ᱮᱴᱟᱜ ᱯᱟᱦᱴᱟ ᱨᱮ, ᱟᱭᱢᱟ ᱫᱤᱥᱚᱢ ᱨᱮ ᱵᱚᱨᱯᱷᱤᱞᱟᱹ ᱟᱨ ᱵᱟᱨᱚᱯᱷ ᱨᱮᱭᱟᱜ ᱡᱟᱭᱜᱟ ᱥᱟᱢᱟᱱᱭᱚ ᱛᱟᱦᱮᱸᱱ ᱠᱟᱱᱟ, ᱲᱨ ᱠᱷᱟᱛᱟᱭᱟᱛ ᱡᱷᱟᱛᱟ ᱥᱮᱨᱢᱟ ᱫᱚᱣᱨ ᱨᱮ ᱰᱷᱮᱨ ᱱᱤᱨᱵᱚᱫᱷ ᱛᱟᱦᱮᱸᱱ ᱠᱟᱱᱟ᱾"
808,सफरी ओवरसियर संभवतः अफ्रीका में सबसे बड़ा ईंट और अनेक मेहमानों के लिए विशेष रूप से आते हैं ।,ᱥᱟᱹᱯᱷᱟᱨᱤ ᱯᱟᱞᱮ ᱟᱯᱷᱨᱤᱠᱟ ᱨᱮ ᱡᱷᱚᱛᱚ ᱠᱷᱚᱱ ᱢᱟᱨᱟᱝ ᱯᱚᱨᱭᱚᱴᱚᱱ ᱟᱠᱚᱨᱥᱚᱬ ᱠᱟᱱᱟ ᱟᱨ ᱟᱭᱢᱟ ᱟᱜᱟᱹᱱᱛᱩᱠ ᱞᱟᱹᱜᱤᱫ ᱦᱟᱭᱞᱟᱹᱭᱤᱴ ᱢᱮᱱᱟᱜᱼᱟ᱾
809,"इस शब्द का मतलब है, अफ्रीका के जंगली जीव - जंतुओं को देखने के लिए दूर - दूर तक यात्रा करना ।","ᱧᱩᱛᱩᱢᱟᱱ ᱵᱮᱵᱷᱟᱨ ᱨᱮ ᱥᱚᱯᱷᱟᱨᱤ ᱟᱹᱲᱟᱹ ᱫᱚ, ᱵᱤᱥᱮᱥ ᱦᱤᱥᱟᱹᱵ ᱛᱮ ᱥᱟᱹᱣᱟᱱᱟ ᱨᱮ ᱟᱥᱪᱚᱨᱭᱚ ᱟᱯᱷᱨᱤᱠᱤᱭᱚ ᱣᱚᱱᱭᱚᱡᱤᱣᱤ ᱧᱮᱞ ᱞᱟᱹᱜᱤᱫ ᱚᱣᱟᱹᱨᱞᱮᱸᱰ ᱫᱟᱬᱟ ᱠᱚ ᱥᱚᱱᱫᱚᱨᱵᱷᱤᱛ ᱠᱚᱨᱟᱣ ᱮᱫᱟᱭ᱾"
810,"कुछ जानवरों को, जैसे कि हाथी और हाथी, हाथी और हाथी, कार और मानक उपकरण के निकट जाते हैं, अच्छी तरह से देखने की अनुमति दी जाएगी ।","ᱛᱤᱱᱟᱹᱜ ᱜᱟᱱ ᱡᱤᱣ, ᱡᱮᱞᱠᱟ ᱦᱟᱹᱛᱤ ᱟᱨ ᱡᱤᱨᱟᱯᱷ, ᱠᱟᱨ ᱟᱨ ᱢᱟᱱᱚᱠ ᱩᱯᱠᱚᱨᱚᱬ ᱨᱮᱭᱟᱜ ᱥᱩᱨ ᱛᱮ ᱥᱮᱴᱮᱨ ᱠᱟᱹᱜᱤᱫ ᱵᱮᱥ ᱪᱚᱨᱚᱠ ᱛᱮ ᱧᱮᱞ ᱞᱟᱹᱜᱤᱫ ᱟᱫᱮᱨ ᱧᱟᱢ ᱦᱩᱭᱩᱜᱼᱟ᱾"
811,"शेर, दरियाई और चीता कभी - कभी शर्मीले होते हैं और आप उन्हें गूँधों से ज़्यादा अच्छी तरह देखेंगे ।","ᱛᱟᱹᱨᱩᱵ, ᱪᱤᱛᱟᱹ ᱟᱨ ᱦᱟᱰᱜᱟᱨ ᱚᱠᱟᱼᱚᱠᱟ ᱡᱷᱚᱜ ᱡᱟᱜᱟᱣ ᱜᱮ ᱠᱚ ᱛᱟᱦᱮᱸᱱᱟ ᱟᱨ ᱟᱢ ᱫᱚ ᱩᱱᱠᱩ ᱫᱩᱨᱵᱤᱱᱫ ᱥᱟᱞᱟᱜ ᱛᱮ ᱵᱮᱥ ᱪᱚᱨᱚᱠ ᱧᱮᱞ ᱫᱟᱲᱮ ᱠᱚᱣᱟᱢ᱾"
812,"एक पालतू (जिसे ""बश"" भी कहा जाता है), ""बिंग"" या जा रहा है कुछ घंटों या कई दिनों के लिए.","ᱢᱤᱫᱴᱟᱹᱝ ᱪᱟᱞᱟᱣ ᱨᱮᱭᱟᱜ ᱥᱚᱯᱷᱟᱨᱤ (ᱡᱮᱞᱠᱟ ""ᱵᱩᱥ ᱣᱟᱠ"", ""ᱡᱤᱞᱤᱧ ᱛᱟᱲᱟᱢ ᱫᱟᱬᱟ ᱥᱚᱯᱷᱟᱨᱤ"" ᱢᱮᱛᱟᱜᱼᱟ ᱠᱚ, ᱟᱨ ᱵᱟᱝ ""ᱠᱟᱴᱟ"" ᱪᱟᱞᱟᱜ ᱠᱟᱱᱟ) ᱤᱧ ᱫᱚ ᱡᱤᱞᱤᱧ ᱛᱟᱲᱟᱢ ᱛᱮ ᱫᱟᱬᱟ ᱦᱩᱭᱩᱜ ᱠᱟᱱᱟ, ᱟᱨ ᱵᱟᱝ ᱛᱤᱱᱟᱹᱝ ᱴᱟᱲᱟᱝ ᱟᱨ ᱵᱟᱝ ᱟᱭᱢᱟ ᱢᱟᱦᱟᱸ ᱫᱷᱟᱹᱵᱤᱡ ᱦᱚᱸ᱾"
813,कुछ घटनाओं को पूरे जापान में अन्य स्थानों में आयोजित किया जाएगा ।,ᱯᱮᱨᱟᱚᱞᱚᱢᱯᱤᱠᱥ ᱒᱔ ᱵᱷᱟᱫᱚᱨᱵ ᱠᱷᱚᱱ ᱕ ᱫᱟᱥᱟᱸᱭ ᱒᱐᱒᱑ ᱫᱷᱟᱹᱵᱤᱡ ᱦᱩᱭᱩᱜᱼᱟ᱾ ᱛᱤᱱᱟᱹᱜ ᱜᱟᱱ ᱠᱟᱹᱢᱤᱥᱟᱲᱟ ᱯᱩᱨᱟᱹ ᱡᱟᱯᱟᱱ ᱨᱮ ᱮᱴᱟᱜ ᱡᱟᱭᱜᱟ ᱨᱮ ᱠᱚᱨᱟᱣᱟ ᱠᱚ᱾
814,टोक्यो ही एशिया का एकमात्र शहर होगा जो सन्‌ 1964 में दो गर्मियों के खेलों में भर्ती हुआ था ।,᱑᱙᱖᱔ ᱨᱮ ᱠᱷᱤᱞᱚᱱᱰ ᱨᱮᱱᱟᱝ ᱢᱮᱡᱵᱚᱱᱤ ᱠᱚᱨᱟᱣ ᱟᱹᱱᱤᱡ ᱵᱟᱨᱭᱟ ᱜᱽᱨᱥᱢᱠᱟᱞᱤᱱ ᱚᱞᱟᱸᱯᱤᱠ ᱨᱮᱱᱟᱜ ᱢᱮᱡᱵᱚᱱᱤ ᱠᱚᱨᱟᱣ ᱞᱟᱹᱜᱤᱫ ᱴᱚᱠᱭᱚ ᱥᱩᱢᱩᱝ ᱮᱥᱤᱭᱟᱭᱤ ᱥᱚᱦᱚᱨ ᱦᱩᱭᱩᱜᱼᱟ᱾
815,"अगर आप 2020 के लिए अपनी उड़ान और घर - मालिक की घोषणा करने से पहले ही किताब पढ़ लेते हैं, तो आप शायद एक चाल चल रहे हों ।","ᱡᱩᱫᱤ ᱟᱢ ᱥᱛᱷᱜᱚᱱ ᱨᱮᱱᱟᱝ ᱜᱷᱚᱥᱱᱟ ᱠᱷᱚᱱ ᱢᱟᱬᱟᱝ ᱒᱐᱒᱐ ᱞᱟᱹᱜᱤᱫ ᱱᱤᱡᱮᱨᱟᱜ ᱯᱷᱞᱟᱭᱴ ᱟᱨ ᱚᱲᱟᱜ ᱵᱩᱠ ᱟᱠᱟᱫᱟ, ᱠᱷᱟᱱ ᱟᱢ ᱢᱤᱫ ᱟᱱᱟᱴ ᱞᱮᱠᱟᱱᱟᱜ ᱦᱩᱭ ᱫᱟᱲᱮᱭᱟᱜᱼᱟ᱾"
816,"संघीय नीति अलग अलग हो सकती है, लेकिन मार्च के आखिर में, ज़्यादातर कोनविस्ट रद्दीकरण नियमों को जारी रखने के लिए 2020 जुलाई, जब हेस्किस को नियत किया गया था.","ᱨᱟᱫᱤᱠᱚᱨᱬ ᱱᱤᱛᱤ ᱮᱴᱟᱜᱼᱮᱴᱟᱜ ᱛᱟᱦᱮᱸᱱ ᱠᱟᱱᱟ, ᱦᱮᱞᱮ ᱪᱟ.ᱛ ᱨᱮᱭᱟᱜ ᱢᱤᱪᱟᱹᱫ ᱨᱮ ᱵᱟᱹᱲᱛᱤᱭᱮᱱ ᱠᱚᱨᱚᱱᱟᱣᱟᱭᱨᱟᱹᱥ ᱨᱮᱭᱟᱜ ᱡᱟᱭᱜᱟ ᱨᱚᱫ ᱠᱚᱨᱟᱣ ᱱᱤᱛᱤ ᱒᱐᱒᱐ ᱫᱷᱟᱹᱵᱤᱡ ᱵᱟᱝ ᱵᱚᱰᱟᱷᱟᱣ ᱞᱮᱱᱟ, ᱚᱠᱟ ᱡᱷᱚᱜ ᱚᱞᱤᱢᱯᱤᱠ ᱱᱤᱨᱫᱷᱟᱨᱚᱬ ᱦᱩᱭᱮᱱᱟ᱾"
817,"यह उम्मीद की जाती है कि अधिकांश घटनाओं टिकटों की कीमत 0.5,00,00, और 0.30,000 के बीच होगी, साथ ही कुल टिकटों का खर्च लगभग 75,000 डॉलर के साथ.","ᱱᱚᱶᱟ ᱵᱩᱡᱷᱟᱹᱣ ᱜᱟᱱᱟᱜᱼᱟ ᱡᱮ ᱰᱷᱮᱨ ᱜᱷᱚᱴᱚᱱ ᱴᱤᱠᱚᱴ ᱨᱮᱭᱟᱜ ᱞᱟᱜᱚᱛ ¥᱒,᱕᱐᱐ ᱟᱨ ¥᱑᱓᱐,᱐᱐᱐ ᱛᱟᱞᱟ ᱨᱮ ᱛᱟᱦᱮᱸ ᱠᱚᱜᱼᱟ, ᱡᱟᱦᱟᱸ ᱫᱚ ᱥᱟᱢᱟᱱᱭᱚ ᱴᱤᱠᱚᱴ ᱥᱟᱞᱟᱜ ᱛᱮ ¥᱗,᱐᱐᱐ ᱥᱩᱨ ᱛᱮ ᱛᱟᱦᱮᱸ ᱠᱚᱜᱼᱟ᱾"
818,"कई होटलों के पास लोहे और लोहे के बोर्ड होते हैं, फिर चाहे वह कमरे में मौजूद न हो ।","ᱤᱥᱛᱨᱭ ᱱᱚᱢ ᱠᱚᱯᱲᱟ ᱩᱱᱠᱩ ᱫᱚ ᱨᱚᱦᱚᱲ ᱞᱟᱹᱜᱤᱫ ᱜᱚᱲᱚ ᱮᱢᱟ ᱠᱚᱣᱟᱭ᱾ ᱟᱭᱢᱟ ᱦᱚᱴᱮᱞ ᱨᱮ ᱢᱮᱲᱦᱮᱫ ᱟᱨ ᱤᱥᱛᱨᱭ ᱨᱩᱬ ᱞᱟᱹᱜᱤᱫ ᱢᱮᱱᱟᱜᱼᱟ, ᱢᱮᱱᱠᱷᱟᱱ ᱡᱟᱦᱟᱸᱭ ᱛᱟᱦᱮᱸ ᱮᱱ ᱵᱟᱝ ᱛᱟᱦᱮᱸ ᱮᱱ᱾"
819,"अगर एक लोहे उपलब्ध नहीं है, या अगर आप लोहे के कपड़े पहने कल्पना नहीं कर रहे हैं, तो आप एक बालों वाले का उपयोग करने की कोशिश कर सकते हैं, अगर उपलब्ध है.","ᱡᱩᱫᱤ ᱡᱟᱦᱟᱱ ᱢᱤᱫ ᱢᱮᱲᱦᱮᱫ ᱵᱟᱹᱱᱩᱜᱼᱟ, ᱟᱨᱵᱟᱝ ᱡᱩᱫᱤ ᱢᱮᱲᱦᱮᱫ ᱨᱮᱭᱟᱜ ᱢᱮᱡᱽ ᱦᱚᱨᱚᱜ ᱨᱮᱭᱟᱜ ᱵᱟᱝ ᱪᱤᱱᱛᱟᱹ ᱮᱫ-ᱟᱢ, ᱮᱱᱠᱷᱟᱱ ᱟᱢ ᱧᱟᱢ ᱞᱮᱠᱷᱟᱱ ᱦᱮᱭᱟᱨ ᱰᱨᱟᱭᱚᱨ ᱨᱮᱭᱟᱜ ᱵᱮᱵᱷᱟᱨ ᱠᱚᱨᱟᱣ ᱪᱮᱥᱴᱟ ᱫᱟᱲᱮᱭᱟᱜ-ᱟᱢI"
820,"ध्यान रखिए कि आप कपड़े को बहुत गर्म न होने दें (जिस वजह से ठोकर खा सकती है), या बहुत ज़्यादा तनाव में पड़ सकती है ।","ᱦᱩᱥᱤᱭᱟᱹᱨ ᱛᱟᱦᱮᱸᱱ ᱢᱮ ᱡᱮ ᱫᱚᱛᱚ ᱠᱚ ᱫᱚ ᱟᱞᱚ ᱞᱚᱞᱚ ᱪᱷᱚᱣᱟᱜᱼᱟ (ᱡᱟᱦᱟᱸ ᱫᱚ ᱪᱤᱱᱛᱟᱹ ᱨᱮᱭᱟᱜ ᱠᱟᱨᱚᱬ ᱠᱟᱱᱟ, ᱨᱟ ᱵᱟᱝ ᱪᱟᱨᱚᱢ ᱢᱟᱢᱞᱟ ᱨᱮ, ᱥᱠᱚᱪ)᱾"
821,"शुद्ध जल के विभिन्‍न तरीक़े हैं, कुछ ख़ास ख़तरों के विरुद्ध अधिक प्रभावकारी ।","ᱫᱟᱜ ᱠᱚ ᱥᱩᱫᱷ ᱠᱚᱨᱟᱣ ᱞᱟᱹᱜᱤᱫ ᱮᱴᱟᱜ ᱛᱚᱨᱠᱟ ᱠᱟᱱᱟ, ᱣᱤᱥᱤᱥᱴ ᱠᱷᱚᱛᱨᱟ ᱠᱷᱤᱞᱟᱹᱯ ᱛᱤᱱᱟᱹᱜ ᱟᱨ ᱵᱨᱚᱵᱷᱟᱣ ᱢᱮᱱᱟᱜᱼᱟ᱾"
822,"कुछ क्षेत्रों में एक मिनट के लिए गरम पानी काफी है, दूसरों में अनेक मिनटों की ज़रूरत है ।","ᱛᱤᱱᱟᱹᱜ ᱜᱟᱱ ᱡᱟᱭᱜᱟ ᱨᱮ ᱢᱤᱫ ᱴᱤᱯᱤᱡ ᱞᱟᱹᱜᱤᱫ ᱯᱷᱩᱴᱟᱹᱣᱜ ᱫᱟᱜ ᱯᱟᱨᱭᱟᱯᱛ ᱜᱮᱭᱟ, ᱮᱴᱟᱜ ᱡᱟᱭᱜᱟ ᱨᱮ ᱟᱭᱢᱟ ᱴᱤᱯᱤᱡ ᱨᱮᱭᱟᱜ ᱫᱚᱨᱠᱟᱨ ᱠᱟᱱᱟ᱾"
823,"अगर आप ऐसा करते हैं, तो आपको अपने जल को एक धार्मिक कंपनी से एक बंद बोतल में खरीदने की सोचनी चाहिए ।","ᱯᱷᱤᱞᱴᱚᱨ ᱫᱚ ᱯᱨᱚᱵᱷᱟᱣᱥᱤᱞᱛᱟ ᱨᱮ ᱮᱴᱟᱜ ᱜᱮᱭᱟ, ᱟᱨ ᱟᱢ ᱫᱚ ᱪᱤᱱᱛᱟᱹ ᱨᱮᱭᱟᱜ ᱠᱟᱛᱷᱟ ᱡᱮ, ᱟᱢ ᱫᱚ ᱯᱨᱚᱛᱷᱤᱥᱴᱟᱹ ᱠᱟᱢᱯᱟᱱᱤ ᱠᱷᱚᱱ ᱢᱤᱫᱴᱟᱹᱝ ᱢᱩᱦᱩᱨᱵᱚᱸᱫ ᱵᱚᱞᱟᱹᱛ ᱨᱮ ᱟᱡᱟᱜ ᱫᱟᱜ ᱠᱚ ᱠᱤᱨᱤᱧ ᱨᱮᱭᱟᱜ ᱵᱤᱪᱟᱹᱨ ᱠᱚᱨᱟᱣ ᱠᱟᱛᱷᱟ᱾"
824,यात्रा करनेवाले शायद जानवरों से मिलने जाएँ कि वे अपने घर के क्षेत्रों में परिचित नहीं हैं ।,ᱫᱟᱬᱟ ᱠᱩᱜ ᱫᱚ ᱡᱤᱣ ᱠᱤᱴ ᱠᱚ ᱥᱟᱹᱢᱱᱟᱹ ᱠᱚᱨᱟᱣ ᱛᱮ ᱦᱩᱭ ᱫᱟᱲᱮ ᱠᱚᱣᱟ ᱡᱮ ᱟᱠᱚ ᱫᱚ ᱱᱤᱡᱚᱨ ᱚᱲᱟᱜ ᱡᱟᱭᱜᱟ ᱨᱮ ᱵᱟᱠᱚ ᱯᱚᱨᱤᱪᱤᱛᱼᱟ᱾
825,"भोजन को बिगाड़ सकता है, चिढ़ उत्पन्‍न कर सकता है, या इससे बदतर स्थिति में आ सकता है, विष फैला सकता है, या संक्रमण पैदा कर सकता है ।","ᱠᱤᱴ ᱨᱮᱭᱟᱜ ᱡᱚᱢᱟᱜ ᱠᱷᱟᱨᱟᱯ ᱫᱟᱲᱮᱭᱟᱜᱼᱟ, ᱦᱟᱹᱥᱩ ᱨᱮᱭᱟᱜ ᱠᱟᱨᱚᱬ ᱦᱩᱭ ᱫᱟᱲᱮᱭᱟᱜᱼᱟ, ᱟᱨ ᱵᱟᱝ ᱢᱤᱫᱴᱟᱹᱝ ᱢᱩᱥᱤᱞ ᱢᱟᱹᱢᱞᱟᱹ ᱨᱮ ᱮᱞᱟᱨᱡᱤ ᱠᱷᱟᱹᱛᱤᱨ ᱛᱮ ᱦᱩᱭ ᱫᱟᱲᱮᱭᱟᱜᱼᱟ, ᱵᱤᱥ ᱯᱟᱥᱱᱟᱣ ᱮᱫᱟᱭ, ᱟᱨ ᱵᱟᱝ ᱥᱚᱝᱠᱨᱚᱢᱚᱬ ᱯᱟᱨᱪᱟᱣ ᱮᱫᱟᱭ᱾"
826,"आम तौर पर सबसे खतरनाक बीमारियाँ, या खतरनाक जानवर जो लोगों को ज़बरदस्ती चोट पहुँचा सकते हैं या मार सकते हैं, आम तौर पर उनसे लड़ने के योग्य नहीं होते ।","ᱥᱚᱝᱠᱨᱚᱢᱚᱠ ᱨᱚᱜᱽ ᱥᱟᱶ, ᱟᱨ ᱵᱟᱝ ᱠᱷᱚᱛᱚᱨᱱᱟᱹᱠ ᱡᱤᱣ ᱡᱚᱱᱛᱩ ᱡᱟᱦᱟᱸᱭ ᱫᱚ ᱦᱚᱲ ᱠᱚ ᱜᱷᱟᱹᱛ ᱟᱨ ᱵᱟᱝ ᱜᱚᱡ ᱫᱟᱲᱮ ᱠᱚᱣᱟᱭ, ᱚᱝᱠᱟ ᱜᱮ ᱠᱤᱥ ᱦᱤᱥᱟᱹᱵ ᱛᱮ ᱵᱟᱠᱚ ᱛᱟᱦᱮᱸᱱ ᱠᱟᱱᱟ᱾"
827,कुछ जगहों पर करों और दूसरी जगहों पर करों से मुक्‍त माल खरीदने का मौका मुफ्त है ।,ᱰᱭᱩᱴᱤ ᱯᱷᱨᱤ ᱥᱚᱯᱤᱝ ᱛᱤᱱᱟᱹᱜ ᱜᱟᱱ ᱡᱟᱭᱜᱟ ᱨᱮ ᱠᱚᱨᱟᱣ ᱢᱮ ᱟᱨ ᱮᱠᱥᱟᱭᱤᱡ ᱠᱷᱚᱱ ᱢᱩᱠᱛ ᱡᱤᱱᱤᱥ ᱠᱚ ᱫᱚ ᱠᱤᱨᱤᱧ ᱨᱮᱭᱟᱜ ᱚᱣᱥᱚᱨ ᱢᱮᱱᱟᱜᱼᱟ᱾
828,"कुछ देशों में कर देने के लिए यात्रा करनेवाले अकसर ढेर सारा पैसा बचा सकते हैं, खासकर शराब और तंबाकू जैसी चीज़ें ।","ᱦᱟᱢᱟᱞ ᱠᱟᱨᱟᱫᱷᱚᱨ ᱨᱤᱱ ᱫᱤᱥᱚᱢ ᱠᱚ ᱞᱟᱹᱜᱤᱫ ᱵᱟᱫᱷᱭᱚ ᱭᱟᱹᱛᱨᱭ ᱞᱟᱹᱜᱤᱫ ᱠᱚ ᱦᱚᱸ ᱚᱠᱟᱼᱚᱠᱟ ᱡᱷᱚᱜ ᱟᱹᱰᱤᱜᱟᱱ ᱯᱩᱭᱥᱟᱹ ᱵᱟᱸᱪᱟᱣ ᱫᱟᱲᱮᱭᱟᱜᱼᱟ ᱠᱚ, ᱢᱮᱱᱠᱷᱟᱱ ᱢᱟᱫᱟᱹᱠ ᱧᱩᱸ, ᱯᱚᱫᱟᱨᱛᱷ ᱟᱨ ᱫᱚᱠᱛᱟ ᱞᱮᱠᱷᱟ ᱩᱛᱯᱟᱹᱫᱽ᱾"
829,"बिंदुएं और फ़िंगर के बीच की दूरी Bawo-Pshhshhhhhhhhhhhhhs, कई बार दूर पीठवुड क्षेत्र के माध्यम से गुजरता है.","ᱯᱚᱣᱟᱭᱤᱱᱰ ᱢᱮᱨᱤᱭᱟᱹᱱ ᱟᱨ ᱯᱷᱮᱭᱟᱹᱨᱢᱮᱸᱴ ᱨᱮᱭᱟᱜ ᱛᱟᱞᱟ ᱨᱮ ᱠᱷᱤᱪᱟᱹᱣ ᱵᱷᱮᱸᱥ ᱯᱤᱴᱚᱨᱥᱵᱟᱹᱨᱜᱽ ᱨᱟᱡᱽᱢᱟᱨᱜᱽ ᱨᱮ ᱡᱷᱚᱛᱚ ᱠᱷᱚᱱ ᱢᱩᱥᱠᱤᱞ ᱰᱨᱟᱭᱣᱤᱝ ᱡᱟᱭᱜᱟ ᱠᱚ ᱛᱮᱭᱟᱨ ᱟᱭ, ᱚᱠᱟ ᱫᱚ ᱮᱴᱟᱜᱼᱮᱴᱟᱜ ᱵᱮᱠᱣᱩᱰ ᱡᱟᱭᱜᱟ ᱨᱮ ᱢᱟᱫᱷᱭᱚᱢ ᱨᱮᱭᱟᱜ ᱚᱣᱥᱟᱹᱨ ᱪᱟᱞᱟᱜ ᱠᱟᱱᱟ᱾"
830,"अगर आप देश की सड़कों पर गाड़ी चलाने के लिए इस्तेमाल नहीं किया जाता है, आप के बारे में अपनी बुद्धि रखें.","ᱡᱩᱫᱤ ᱟᱢ ᱫᱤᱥᱚᱢ ᱨᱮᱭᱟᱜ ᱥᱚᱰᱚᱠ ᱨᱮ ᱜᱟᱹᱰᱤ ᱪᱟᱹᱞᱩ ᱞᱟᱹᱜᱤᱫ ᱵᱟᱝ ᱵᱟᱵᱷᱟᱨ ᱮᱫᱟ, ᱛᱚ ᱟᱢ ᱵᱟᱵᱚᱛ ᱟᱢᱟᱜ ᱠᱩᱥᱤ ᱠᱚ ᱫᱚᱦᱚᱭ ᱢᱮ: ᱛᱤᱝᱜᱩ ᱜᱽᱨᱰ, ᱥᱚᱝᱨᱟ ᱜᱚᱞᱤ, ᱟᱨ ᱛᱮᱡᱽ ᱵᱚᱠᱨᱚ ᱯᱨᱚᱢᱩᱠᱷ ᱢᱮᱱᱟᱜᱼᱟ᱾"
831,पोस्टेड गति सीमा पिछले और बाद के भागों से कम हैं — आम तौर पर 35-40 mph (56-64 किलोमीटर/h) — और उनके प्रति सख़्त आज्ञाकारिता अन्यथा से भी ज़्यादा महत्त्वपूर्ण है ।,ᱯᱚᱥᱴ ᱟᱠᱟᱱ ᱜᱚᱛᱤ ᱥᱤᱢᱟᱹ ᱫᱚ ᱢᱟᱬᱟᱝ ᱟᱨ ᱛᱟᱭᱚᱢ ᱵᱤᱵᱷᱟᱜᱽ ᱠᱚ ᱨᱮᱭᱟᱜ ᱛᱩᱞᱱᱟ ᱨᱮ ᱟᱹᱰᱤ ᱠᱚᱢ ᱛᱟᱦᱮᱸᱱᱟ ᱼ ᱚᱱᱠᱟ ᱜᱮ ᱓᱕ᱼ᱔᱐ ᱢᱟᱭᱤᱞ ᱢᱤᱫ ᱴᱟᱬᱟᱝ ᱨᱮ (᱕᱖ᱼ᱖᱔ ᱠᱤᱢᱤ/ᱴᱟᱬᱟᱝ) ᱼ ᱟᱨ ᱩᱱᱠᱩ ᱞᱟᱹᱜᱤᱫ ᱠᱮᱴᱮᱡ ᱟᱸᱡᱚᱢ ᱚᱪᱚ ᱞᱟᱹᱜᱤᱫ ᱟᱹᱰᱤ ᱜᱮ ᱡᱟᱹᱨᱩᱲᱟI
832,लेकिन यह सच है कि मोबाइल फोन सेवा में बहुत ताकत होती है ।,"ᱩᱛᱥᱩᱠ ᱦᱤᱥᱟᱹᱵ ᱛᱮ, ᱢᱮᱱᱠᱷᱟᱱ, ᱰᱟᱦᱟᱨ ᱨᱮᱭᱟᱜ ᱟᱭᱢᱟ ᱮᱴᱟᱜ ᱦᱟᱹᱴᱤᱧ ᱥᱟᱶᱛᱮ ᱢᱚᱵᱟᱭᱤᱞ ᱯᱷᱚᱱ ᱥᱮᱣᱟ ᱟᱹᱰᱤ ᱠᱮᱴᱮᱡᱼᱟ, ᱡᱮᱞᱠᱟ, ᱯᱮᱱᱥᱤᱞᱣᱮᱱᱤᱭᱟ ᱵᱤᱨ᱾"
833,"जर्मनी के अतीत काफ़ी अच्छे हैं, और वीस्वा में, उनके दक्षिणी पड़ोसी, ऑस्ट्रिया के लोगों के समान, काफ़ी अमीर और भिन्‍न हैं ।","ᱡᱟᱨᱢᱟᱱ ᱯᱮᱥᱴᱨᱤ ᱠᱟᱯᱷᱤ ᱱᱟᱯᱟᱭ ᱜᱮᱭᱟ, ᱟᱨ ᱵᱟᱣᱟᱥᱤᱨ ᱨᱮ, ᱟᱯᱱᱟᱨ ᱫᱟᱠᱷᱤᱱ ᱟᱲᱮ ᱯᱟᱥᱮᱫ ᱨᱤᱱ, ᱟᱥᱴᱨᱮᱞᱤᱭᱟ ᱨᱮᱱᱟᱜ ᱥᱚᱢᱟᱱ ᱜᱮ ᱥᱟᱢᱤᱨᱫᱷ ᱟᱨ ᱵᱤᱵᱤᱫᱷ ᱢᱮᱱᱟᱜᱼᱟ᱾"
834,गर्मियों के मौसम में फल - फूलियाँ आम होती हैं ।,"ᱡᱚ ᱯᱮᱥᱴᱨᱤ ᱠᱚᱢᱚᱱ ᱜᱮᱭᱟ, ᱥᱮᱵᱽ ᱥᱟᱞ ᱨᱮᱱᱟᱜ ᱫᱚᱨᱟ ᱨᱮ ᱯᱮᱥᱴᱨᱤ ᱨᱮ ᱤᱥᱤᱱ ᱦᱩᱭᱩᱜ ᱠᱟᱱᱟ, ᱟᱨ ᱪᱮᱨᱤ ᱟᱨ ᱯᱞᱟᱢ ᱩᱫᱽᱜᱟᱨ ᱨᱮ ᱯᱮᱥᱴᱨᱤ ᱨᱮᱱᱟᱜ ᱫᱚᱨᱟᱱ ᱟᱡᱟᱜ ᱵᱟᱱᱟᱣ ᱛᱟᱦᱮᱱ ᱠᱟᱱᱟ᱾"
835,"बहुत - से जर्मन लोग बादाम, हाज़ला और दूसरे पेड़ के फल भी पसंद करते हैं ।","ᱟᱭᱢᱟ ᱡᱟᱨᱢᱟᱱ ᱵᱮᱠᱰ ᱥᱟᱢᱟᱱ ᱨᱮ ᱵᱟᱫᱚᱢ, ᱦᱮᱡᱽᱞᱟᱱᱟᱴ ᱟᱨ ᱟᱭᱢᱟ ᱫᱟᱨᱮ ᱱᱟᱴ ᱦᱚᱸ ᱛᱟᱦᱮᱱ ᱠᱟᱱᱟ᱾ ᱵᱟᱰᱟᱭᱟᱱ ᱠᱮᱠ ᱚᱱᱠᱟ ᱫᱚ ᱢᱤᱫ ᱠᱚᱯ ᱠᱮᱴᱮᱡ ᱠᱚᱯᱷᱤ ᱥᱟᱶ ᱵᱤᱥᱮᱥ ᱨᱩᱯ ᱛᱮ ᱱᱟᱯᱟᱭ ᱛᱮ ᱡᱚᱲᱟᱣ ᱢᱮᱱᱟᱜᱼᱟ᱾"
836,"यदि आप कुछ छोटी - सी जबकि अमीर अतीत चाहते हैं, कोशिश कीजिए कि क्षेत्र पर क्या निर्भर किया जाता है बर्लिनर, Pffonkkka या कैम्पेन.","ᱡᱩᱫᱤ ᱟᱢ ᱥᱟᱢᱤᱨᱫᱷ ᱯᱮᱥᱴᱨᱤ ᱨᱮᱱᱟᱜ ᱛᱮ ᱠᱤᱪᱷᱩ ᱠᱟᱹᱴᱤᱡ ᱥᱟᱱᱟ ᱢᱮ, ᱠᱷᱟᱱ ᱨᱤᱠᱟᱹᱭ ᱢᱮ ᱡᱮ ᱴᱚᱴᱷᱟ ᱨᱮᱱᱟᱜ ᱟᱫᱷᱟᱨ ᱨᱮ ᱵᱟᱛᱞᱤᱱᱟᱨ, ᱣᱚᱯᱷᱟᱠᱩᱪᱮᱱ ᱥᱮ ᱠᱨᱮᱭᱯᱷᱮᱱ ᱠᱚ ᱢᱮᱛᱟᱜ ᱠᱟᱱᱟ᱾"
837,"जड़ी - बूटियों और मसालों पर आधारित भोजन, या तो भोजन या सागपाती पर आधारित होता है ।",ᱢᱤᱫ ᱠᱟᱨᱤ ᱡᱤᱞ ᱥᱮ ᱩᱛᱩ ᱠᱚ ᱥᱟᱶ ᱡᱩᱲᱟᱹᱣ ᱡᱟᱲᱤ ᱵᱩᱴᱤ ᱟᱨ ᱢᱟᱥᱟᱞᱟ ᱨᱮ ᱟᱫᱷᱟᱨᱤᱛ ᱢᱤᱫ ᱵᱮᱧᱡᱟᱱ ᱢᱮᱱᱟᱜᱼᱟ᱾
838,"एक सहवास या तो ""डाह"" हो सकता है या तो द्रव की मात्रा पर निर्भर करता है.","ᱛᱚᱨᱚᱞ ᱨᱮᱱᱟᱜ ᱯᱚᱨᱤᱢᱟᱱ ᱟᱫᱷᱟᱨ ᱨᱮ ᱢᱤᱫ ᱩᱛᱩ ""ᱨᱚᱦᱚᱲ"" ᱥᱮ ""ᱚᱫᱟ"" ᱦᱩᱭ ᱫᱟᱲᱮᱭᱟᱜᱼᱟI"
839,"उत्तरी भारत और पाकिस्तान के क्षेत्रों में, आम तौर पर मुर्गी का प्रयोग किया जाता है; दक्षिण भारत में और दक्षिण - पूर्वी भारत के कुछ अन्य तटीय क्षेत्रों में, नारियल का दूध आम तौर पर प्रयोग किया जाता है ।","ᱩᱛᱛᱨᱤ ᱥᱤᱧᱚᱛ ᱟᱨ ᱯᱟᱠᱤᱥᱛᱟᱱ ᱨᱮᱱᱟᱜ ᱵᱷᱤᱛᱤᱨ ᱴᱚᱴᱷᱟ ᱨᱮ, ᱫᱟᱦᱤ ᱨᱮᱱᱟᱜ ᱵᱮᱵᱷᱟᱨ ᱚᱱᱠᱟ ᱯᱟᱨ ᱠᱟᱨᱤ ᱦᱩᱭᱩᱜ ᱠᱟᱱᱟ; ᱫᱟᱠᱷᱤᱱ ᱥᱤᱧᱚᱛ ᱟᱨ ᱥᱟᱵᱽ ᱟᱭᱤᱞᱮᱭᱱᱰ ᱨᱮᱱᱟᱜ ᱠᱤᱪᱷᱩ ᱟᱭᱢᱟ ᱟᱲᱮ ᱴᱚᱴᱷᱟ ᱨᱮ, ᱱᱟᱹᱨᱠᱟᱹᱲ ᱨᱮᱱᱟᱜ ᱛᱚᱣᱟ ᱚᱱᱠᱟ ᱨᱮ ᱵᱮᱵᱷᱟᱨ ᱦᱩᱭᱩᱜ ᱠᱟᱱᱟ᱾"
840,"यहाँ से चुनाव करने के लिए 17,000 द्वीपों में एक छाता है ।","᱑᱗᱐᱐᱐ ᱟᱭᱤᱞᱮᱭᱱᱰ ᱥᱟᱶ ᱵᱟᱪᱷᱟᱣ ᱞᱟᱹᱜᱤᱫ, ᱤᱱᱰᱳᱱᱮᱥᱤᱭᱟ ᱡᱚᱢᱟᱜ ᱢᱤᱫ ᱪᱷᱟᱛᱨᱤ ᱟᱣᱫᱷᱤ ᱢᱮᱱᱟᱜᱼᱟ ᱡᱟᱦᱟᱸ ᱫᱚ ᱫᱤᱥᱚᱢ ᱨᱮ ᱧᱟᱢ ᱟᱠᱟᱱ ᱟᱭᱢᱟ ᱞᱮᱠᱟᱱ ᱴᱚᱴᱷᱟ ᱨᱮᱱᱟᱜ ᱡᱚᱢ ᱧᱩ ᱠᱚ ᱠᱚᱵᱷᱚᱨ ᱮᱫᱼᱟᱭ᱾"
841,"लेकिन, यदि अतिरिक्‍त योग्यता के बिना प्रयोग किया जाता है, तो यह शब्द मुख्य द्वीप जावा के मध्य और पूर्वी भागों से पहले भोजन को सूचित करता है ।","ᱢᱮᱱᱠᱷᱟᱱ, ᱡᱩᱫᱤ ᱞᱟᱦᱟ ᱠᱣᱟᱞᱤᱯᱷᱟᱭᱟᱨ ᱵᱮᱜᱚᱨ ᱵᱮᱵᱷᱟᱨ ᱦᱩᱭᱩᱜ ᱠᱟᱱᱟ, ᱠᱷᱟᱱ ᱟᱹᱲᱟᱹ ᱢᱩᱬᱩᱛ ᱨᱩᱯ ᱛᱮ ᱢᱩᱬᱩᱛ ᱟᱭᱤᱞᱮᱭᱱᱰ ᱡᱟᱣᱟ ᱨᱮᱱᱟᱜ ᱛᱟᱞᱟ ᱟᱨ ᱥᱟᱢᱟᱝ ᱦᱟᱹᱴᱤᱧ ᱠᱷᱚᱱ ᱡᱚᱢᱟᱜ ᱨᱮᱱᱟᱜ ᱢᱮᱱᱮᱛ ᱫᱚᱦᱚ ᱮᱫᱼᱟᱭ᱾"
842,"अब व्यापक रूप से व्यापक रूप से उपलब्ध है, जावानीस्टिन के लिए केवल कुशल भोजन का एक समूह होता है, जो कि जावानी, फ्लू, चीनी, और विभिन्‍न वनस्पतियाँ होने का प्रबल होता है ।","ᱚᱠᱟ ᱡᱷᱚᱜ ᱯᱩᱨᱟᱹ ᱫᱣᱤᱯ ᱥᱚᱢᱩᱦ ᱨᱮ ᱧᱟᱢᱚᱜ ᱠᱟᱱᱟ, ᱡᱟᱣᱱᱤ ᱣᱚᱱᱡᱚᱱ ᱨᱮ ᱠᱷᱟᱹᱞᱤ ᱚᱱᱩᱵᱷᱚᱟᱱᱟᱜ ᱵᱭᱚᱱᱡᱚᱱ ᱜᱮ ᱢᱮᱱᱟᱜᱼᱟ, ᱯᱨᱚᱢᱩᱠᱷ ᱥᱣᱟᱫ ᱚᱠᱟ ᱫᱚ ᱡᱟᱣᱟᱱᱤᱡ ᱵᱟᱫᱟᱢ, ᱢᱟᱹᱨᱤᱪ, ᱪᱤᱱᱤ (ᱵᱤᱥᱮᱥ ᱦᱤᱥᱟᱹᱵ ᱛᱮ ᱡᱟᱣᱟᱱᱤ ᱱᱚᱰᱤᱭᱟ ᱪᱤᱱᱤ) ᱟᱨ ᱮᱴᱟᱜ ᱥᱚ ᱢᱚᱥᱞᱟ ᱛᱚᱨᱚᱯᱷ ᱨᱮ᱾"
843,जहाज की दोनों ओर लटका हुआ सवार के पैरों के लिए समर्थन कर रहे हैं.,ᱨᱟᱭᱤᱰᱟᱹᱯ ᱫᱮᱡ ᱠᱚᱣᱟᱜ ᱠᱟᱴᱟ ᱛᱮ ᱥᱚᱢᱚᱨᱛᱷᱚᱱ ᱮᱫᱟᱭ ᱚᱠᱟ ᱫᱚ ᱥᱠᱟᱰᱟᱹᱢ ᱨᱮᱭᱟᱜ ᱵᱟᱨᱭᱟ ᱛᱚᱨᱚᱯᱷ ᱛᱮ ᱟᱹᱪᱩᱨᱚᱜᱼᱟ᱾
844,वे सवार के लिए और अधिक स्थिरता प्रदान करते हैं लेकिन एक घुड़सवार के पैरों में फंसने की संभावना के कारण सुरक्षा की चिंता हो सकती है.,ᱩᱱᱤ ᱫᱚ ᱫᱮᱡ ᱞᱟᱹᱜᱩᱫ ᱛᱮ ᱰᱷᱮᱨ ᱥᱛᱷᱤᱨᱛᱟ ᱮᱢᱚᱜ ᱠᱟᱱᱟᱭ ᱦᱮᱞᱮ ᱫᱮᱡᱚᱜᱟᱹᱧ ᱠᱟᱴᱟ ᱨᱮᱭᱟᱜ ᱥᱚᱢᱵᱷᱟᱵᱚᱱ ᱞᱟᱹᱜᱤᱫ ᱛᱮ ᱨᱩᱠᱷᱤᱭᱟᱹ ᱪᱤᱱᱛᱟᱹ ᱨᱮ ᱚᱱᱟ ᱨᱮ ᱯᱷᱚᱥᱟᱣ ᱞᱟᱹᱜᱤᱫ ᱠᱚᱨᱟᱣ ᱫᱟᱲᱮᱭᱟᱜᱼᱟ᱾
845,"यदि एक सवार को घोड़े से फेंका जाता है लेकिन उसके पैर में एक पैर पकड़ा जाता है, तो यदि घोड़े भाग जाता है तो उसे खींचा जा सकता है ।","ᱡᱩᱫᱤ ᱢᱤᱫ ᱫᱮᱡᱚᱜᱤᱡ ᱫᱚ ᱥᱟᱫᱚᱢ ᱠᱷᱚᱱ ᱠᱚ ᱪᱟᱯᱟᱫᱮᱭᱟ ᱢᱮᱱᱠᱷᱟᱱ ᱟᱨ ᱢᱤᱫ ᱠᱟᱴᱟ ᱫᱚ ᱨᱟᱹᱠᱟᱵ ᱨᱮ ᱥᱟᱵ ᱠᱟᱛᱮ ᱫᱚᱦᱚ ᱞᱮᱠᱷᱟᱱ, ᱛᱚ ᱥᱟᱫᱚᱢ ᱡᱷᱟᱹᱞ ᱛᱮ ᱪᱟᱞᱟᱜᱼᱟᱭ ᱡᱩᱫᱤ ᱩᱱᱤ ᱚᱨ ᱮ ᱠᱷᱟᱱ ᱫᱚ᱾ ᱱᱚᱶᱟ ᱡᱚᱠᱷᱤᱢ ᱠᱚ ᱠᱚᱢ ᱞᱟᱹᱜᱤᱫ, ᱟᱭᱢᱟ ᱨᱩᱠᱷᱤᱭᱟᱹ ᱠᱚ ᱤᱫᱤ ᱜᱟᱱᱚᱜᱼᱟ᱾"
846,"सबसे पहले, अधिकांश सवार एक पतली, काफ़ी ऊँची, बस में जूते पहनते हैं ।","ᱡᱷᱚᱛᱚ ᱠᱷᱚᱱ ᱢᱟᱲᱟᱝ ᱨᱮ, ᱰᱷᱮᱨ ᱫᱮᱡᱚᱜ ᱠᱩᱜ ᱢᱤᱫᱴᱟᱹᱝ ᱮᱰᱤ ᱟᱨ ᱢᱤᱫ ᱪᱤᱠᱱᱟᱹ, ᱟᱹᱰᱤ ᱥᱚᱝᱠᱤᱨᱚᱬ, ᱮᱠᱢᱟᱛᱨᱚ ᱥᱟᱶᱛᱮ ᱫᱮᱡ ᱡᱩᱛᱟᱹ ᱠᱚ ᱦᱚᱨᱚᱜᱮᱫ ᱟ᱾"
847,"इसके बाद, कुछ पत्थरों, खासकर अँग्रेज़ी दीनारों में सुरक्षा के तार होते हैं ।","ᱤᱱᱟᱹ ᱛᱟᱭᱚᱢ, ᱛᱤᱱᱟᱹᱜ ᱡᱩᱛᱟᱹ, ᱵᱤᱥᱮᱥ ᱦᱤᱥᱟᱹᱵ ᱛᱮ ᱚᱝᱜᱽᱨᱮᱡᱤ ᱡᱩᱛᱟᱹ, ᱨᱩᱠᱷᱤᱭᱟᱹ ᱥᱚᱞᱟᱠᱷ ᱠᱟᱱᱟ ᱡᱟᱦᱟᱸ ᱫᱚ ᱢᱤᱫ ᱨᱟᱠᱟᱵ ᱪᱚᱴᱰᱟ ᱠᱚ ᱧᱩᱨ ᱠᱷᱚᱱ ᱵᱟᱸᱪᱟᱣ ᱞᱟᱹᱜᱤᱫ ᱛᱟᱭᱚᱢ ᱠᱷᱚᱱ ᱚᱨ ᱞᱮᱠᱷᱟᱱ ᱢᱤᱫᱴᱟᱹᱝ ᱠᱮᱴᱮᱡᱪᱚᱴᱲᱟ ᱠᱚ ᱧᱩᱨ ᱨᱮᱭᱟᱜ ᱚᱱᱩᱢᱚᱛᱤ ᱮᱢᱚᱜ ᱠᱟᱱᱟᱭ᱾"
848,"कोकामा घाटी - चिली का पूर्वाभर गंतव्य पर चढ़ रहा है, जो दक्षिण अमरीका के Yome के नाम से जाना जाता है, और विभिन्न प्रकार की बड़ी दीवार और चट्टानों के साथ.","ᱠᱚᱪᱚᱢ ᱜᱷᱟᱹᱴᱤ ᱫᱚ - ᱪᱤᱞ ᱨᱮᱭᱜ ᱯᱨᱚᱢᱩᱠᱷ ᱫᱮᱡ ᱜᱚᱱᱛᱚᱵᱭᱚ, ᱡᱟᱦᱟᱸ ᱫᱚ ᱠᱚᱧᱮ ᱟᱢᱮᱨᱤᱠᱟ ᱨᱮᱭᱟᱜ ᱭᱚᱥᱢᱮᱴ ᱦᱤᱥᱟᱹᱵ ᱛᱮ ᱵᱟᱲᱟᱭ ᱧᱟᱢᱚᱜ ᱠᱟᱱᱟ, ᱮᱴᱟᱜᱼᱮᱴᱟᱜ ᱨᱮᱭᱟᱜ ᱜᱽᱨᱮᱱᱮᱰ ᱢᱟᱨᱟᱝ ᱠᱟᱸᱛ ᱟᱨ ᱠᱨᱮᱠᱥ ᱥᱟᱶᱛᱮ᱾"
849,सम्मेलन में शिखरों से सांस प्राप्त दृश्य शामिल हैं. दुनिया के सभी हिस्सों से सवार लगातार अपनी अंतहीन संभावनाओं के बीच नए मार्ग बना रहे हैं.,ᱥᱤᱠᱷᱚᱨ ᱥᱚᱢᱮᱞᱚᱱ ᱨᱮ ᱪᱟᱹᱴᱤ ᱠᱷᱚᱱ ᱜᱮ ᱥᱟᱦᱮᱫ ᱤᱫᱤ ᱨᱮᱭᱟᱜ ᱵᱤᱪᱟᱹᱨ ᱢᱮᱱᱟᱜᱼᱟ᱾ ᱡᱮᱜᱮᱛ ᱨᱮᱭᱟᱜ ᱡᱷᱚᱛᱚ ᱦᱟᱹᱴᱤᱧ ᱨᱮ ᱯᱚᱨᱵᱚᱛᱨᱚᱦᱤ ᱠᱚ ᱚᱝᱠᱟ ᱜᱮ ᱠᱟᱸᱛ ᱨᱮᱭᱟᱜ ᱚᱛᱚᱦᱤ ᱠᱷᱭᱚᱢᱛᱟ ᱛᱟᱞᱟ ᱨᱮ ᱱᱟᱶᱟ ᱰᱟᱦᱟᱨ ᱛᱮᱭᱟᱨ ᱠᱚᱨᱟᱣ ᱮᱫᱟᱭ᱾
850,इन खेलों में बहुत से लोकप्रिय खेल होते हैं जिसमें बर्फ से फिसलकर गिर जाते हैं या तुम्हारे पैरों से जुड़े बर्फ के रास्ते होते हैं.,"ᱰᱟᱩᱱᱦᱤᱞ ᱥᱱᱚᱡᱯᱚᱴ, ᱡᱟᱦᱟᱸ ᱨᱮ ᱥᱠᱤᱰᱤᱝ ᱟᱨ ᱥᱱᱚᱵᱚᱰᱤᱝ ᱥᱟᱹᱢᱤᱞ ᱢᱮᱱᱟᱜᱼᱟ, ᱧᱩᱛᱩᱢᱟᱱ ᱠᱷᱮᱞ ᱠᱟᱱᱟ ᱚᱠᱟ ᱫᱚ ᱥᱠᱤ ᱥᱟᱞᱟᱜ ᱛᱮ ᱵᱚᱨᱚᱯᱷ ᱛᱮ ᱰᱷᱚᱠᱟᱣ ᱠᱟᱱ ᱡᱟᱭᱜᱟ ᱠᱚ ᱛᱟᱞᱟ ᱨᱮ ᱥᱞᱟᱭᱰᱤᱝ ᱟᱨ ᱵᱟᱝ ᱱᱤᱡᱚᱨ ᱠᱟᱴᱟ ᱛᱮ ᱡᱩᱲᱟᱹᱣ ᱵᱚᱨᱚᱯᱷᱵᱚᱰ ᱛᱮ ᱰᱷᱚᱠᱟᱣ ᱠᱟᱱᱟ᱾"
851,"सर्किंग बहुतों के साथ एक मुख्य यात्रा है, कभी - कभी ""kykyms"" नाम के रूप में जाना जाता है... ... पूरी छुट्टियों की योजना एक विशेष स्थान पर जा रही है.","ᱥᱠᱤᱝ ᱟᱭᱢᱟ ᱩᱛᱥᱟᱹᱦᱤ ᱦᱚᱲ ᱠᱚ ᱥᱟᱶᱛᱮ ᱢᱤᱫᱴᱟᱹᱝ ᱯᱨᱚᱢᱩᱠᱷ ᱭᱟᱛᱨᱟ ᱜᱚᱛᱤᱣᱤᱫᱷᱤ ᱠᱟᱱᱟ, ᱡᱟᱦᱟᱸ ᱫᱚ ᱚᱠᱟᱼᱚᱠᱟ ""ᱥᱠᱤ ᱵᱚᱥᱢ"" ᱛᱮ ᱵᱟᱲᱟᱭ ᱢᱮᱱᱟᱜᱼᱟ, ᱡᱟᱦᱟᱸ ᱫᱚ ᱛᱤᱱᱟᱹᱜ ᱜᱟᱱ ᱵᱤᱥᱮᱥ ᱡᱟᱭᱜᱟ ᱨᱮ ᱥᱠᱤᱝ ᱨᱮᱭᱟᱜ ᱥᱩᱨ ᱨᱮ ᱯᱩᱨᱟᱹ ᱪᱷᱩᱴᱤ ᱨᱮᱭᱟᱷ ᱭᱚᱡᱱᱟ ᱛᱮᱭᱟᱨ ᱮᱫᱟᱭ᱾"
852,कभी - कभी तो एक - दूसरे के साथ वक्‍त बिताना बहुत मुश्‍किल होता है ।,ᱥᱠᱤᱝ ᱨᱮᱭᱟᱜ ᱵᱤᱪᱟᱹᱨ ᱫᱚ ᱟᱹᱰᱤ ᱜᱮ ᱢᱟᱨᱮᱭᱟ - ᱜᱩᱯᱷᱟ ᱨᱮᱭᱟᱜ ᱪᱤᱛᱟᱹᱨ ᱠᱚ ᱫᱮᱠᱷᱟᱣ ᱠᱟᱛᱮ ᱥᱠᱤᱭᱟᱹᱨ ᱠᱚ ᱕᱐᱐᱐ ᱤᱥᱟ ᱯᱩᱭᱞᱩ ᱫᱷᱟᱹᱵᱤᱡ ᱨᱩᱣᱟᱹᱲ ᱦᱟᱹᱡᱩᱜᱼᱟ ᱠᱚ᱾
853,"एक खेल के तौर पर कम - से - कम १७वीं सदी में खेल - कूद शुरू हो जाता है, और १८६१ में ऑस्ट्रेलिया में सबसे पहले मनोरंजन - संबंधी क्लबों द्वारा खोला जाता था ।","ᱢᱤᱫᱴᱟᱹᱝ ᱠᱷᱮᱞ ᱦᱤᱥᱟᱹᱵ ᱛᱮ ᱰᱟᱩᱱᱦᱤᱞ ᱥᱤᱝ ᱠᱚᱢ ᱥᱮ ᱠᱚᱢ ᱑᱗ ᱟᱱᱟᱜ ᱥᱮᱧᱪᱩᱨᱤ ᱨᱮ ᱨᱩᱣᱟᱹᱲ ᱪᱟᱞᱟᱜ ᱠᱟᱱᱟᱭ, ᱟᱨ ᱑᱘᱖᱑ ᱨᱮ ᱚᱥᱴᱨᱮᱞᱤᱭᱟ ᱨᱮ ᱱᱚᱨᱣᱮᱱᱥ ᱛᱮ ᱯᱩᱭᱞᱩ ᱢᱚᱱᱚᱨᱚᱧᱡᱚᱠ ᱥᱠᱤ ᱠᱞᱚᱵ ᱠᱷᱩᱞᱟᱹ ᱠᱟᱱᱟ᱾"
854,कभी - कभी ऐसा होता है कि इन कामों को महज़ एक ही बार कहा जाता है ।,"ᱥᱠᱤ ᱛᱮ ᱵᱮᱠᱯᱮᱠᱤᱝ: ᱱᱚᱶᱟ ᱜᱚᱛᱤᱣᱤᱫᱷᱤ ᱫᱚ ᱵᱮᱠᱼᱠᱚᱱᱴᱨᱭ ᱥᱠᱤ ᱞᱮᱠᱷᱟ ᱠᱚ ᱢᱮᱱᱟ, ᱥᱠᱤ ᱴᱩᱨᱤᱝ ᱟᱨ ᱵᱟᱝ ᱥᱠᱤ ᱦᱟᱭᱠᱤᱝ ᱦᱚᱸ ᱠᱚ ᱢᱮᱛᱟᱜᱼᱟ᱾"
855,"यह तुलनात्मक रूप से इससे की जाती है, लेकिन आम तौर पर एक अचूक शैली का प्रयोग ऐसे लोगों के साथ नहीं किया जाता जो घाटी के दूर - दराज़ इलाकों में काम करते थे और बहुत ही सख़्त कपड़े और जूते पहनते थे ।","ᱱᱚᱶᱟ ᱡᱩᱲᱟᱹᱣ ᱢᱮᱱᱟᱜᱼᱟ, ᱦᱮᱞᱮ ᱚᱝᱠᱟ ᱜᱮ ᱚᱞᱯᱟᱭᱤᱱ ᱥᱚᱭᱲᱤ ᱥᱠᱤ ᱴᱩᱨᱤᱝ ᱟᱨ ᱵᱟᱝ ᱯᱚᱨᱣᱚᱛᱨᱚᱦᱤ, ᱛᱟᱭᱚᱢ ᱤᱞᱟᱹᱠᱟᱹ ᱞᱟᱹᱜᱤᱫ ᱪᱟᱞᱟᱣ ᱠᱟᱱ ᱦᱚᱲ ᱠᱚ ᱞᱟᱹᱜᱤᱫ ᱫᱚ ᱵᱟᱝ ᱠᱚᱨᱟᱣ ᱦᱩᱭᱩᱜ ᱠᱟᱱᱟ ᱟᱨ ᱟᱹᱰᱤ ᱟᱸᱴ ᱥᱠᱤ ᱟᱨ ᱡᱩᱛᱟᱹ ᱨᱮᱭᱟᱜ ᱫᱚᱨᱡᱟᱨ ᱯᱟᱲᱟᱣᱜ ᱠᱟᱱᱟ᱾"
856,"ज़रा सोचिए, ऐसे ही आराम से जाने के रास्ते पर जाने का रास्ता ।",ᱢᱤᱫ ᱥᱚᱢᱟᱱ ᱞᱚᱢᱵᱟ ᱛᱟᱲᱟᱢ ᱨᱮᱭᱟᱜ ᱢᱟᱨᱜᱽ ᱦᱤᱥᱟᱹᱵ ᱛᱮ ᱥᱠᱤᱝ ᱰᱟᱦᱟᱨ ᱨᱮᱭᱟᱜ ᱵᱟᱵᱚᱛ ᱨᱮ ᱪᱤᱱᱛᱟᱹᱭ ᱢᱮ᱾
857,अच्छी परिस्थितियों में आप चलने से कुछ ज़्यादा दूर दूर तक जा सकेंगे - लेकिन शायद ही आप पार देश की गति मिल जाएगी बिना भारी पीठ के।,ᱵᱮᱥ ᱯᱚᱨᱤᱥᱛᱷᱤᱛᱤ ᱨᱮ ᱟᱢ ᱛᱟᱲᱟᱢ ᱨᱮᱭᱟᱜ ᱛᱤᱱᱟᱹᱜ ᱫᱷᱟᱹᱵᱤᱡ ᱜᱮ ᱰᱷᱮᱨ ᱡᱷᱟᱹᱞ ᱫᱷᱟᱹᱵᱤᱡ ᱪᱟᱞᱟᱜ ᱜᱟᱱᱟᱢ - ᱦᱮᱞᱮ ᱯᱟᱞᱮ ᱜᱮ ᱟᱵᱚ ᱠᱚ ᱫᱚ ᱟᱯᱮᱭᱟᱜ ᱜᱽᱨᱚᱢ ᱯᱚᱴᱨᱭ ᱨᱮ ᱵᱷᱚᱨᱟᱣ ᱠᱟᱱ ᱵᱮᱜᱽᱯᱮᱠ ᱨᱮᱭᱟᱜ ᱵᱤᱱᱟᱹ ᱛᱮ ᱠᱨᱚᱥ ᱫᱤᱥᱚᱢ ᱥᱠᱤ ᱨᱮᱛᱟᱜ ᱜᱚᱛᱤ ᱧᱟᱢ ᱫᱟᱲᱮᱭᱟᱜᱼᱟ᱾
858,"सामान्य परिस्थितियों के दौरान, अनेक देशों में यात्रा करने का अर्थ होगा वीज़ा अनुप्रयोगों और पासपोर्ट नियंत्रण कई बार ।","ᱭᱩᱨᱚᱯ ᱫᱚ ᱢᱤᱫᱴᱟᱹᱝ ᱢᱟᱦᱟᱫᱣᱤᱯ ᱠᱟᱱᱟ ᱚᱠᱟ ᱫᱚ ᱚᱱᱟ ᱡᱩᱫᱟᱹ ᱦᱚᱯᱚᱱ ᱜᱮᱭᱟ ᱦᱮᱞᱮ ᱡᱟᱦᱟᱸ ᱥᱣᱚᱛᱚᱝ ᱫᱤᱥᱚᱢ ᱥᱟᱶ᱾ ᱥᱟᱢᱟᱱᱭᱚ ᱚᱠᱛᱚ ᱞᱮᱠᱷᱟ, ᱟᱭᱢᱟ ᱫᱤᱥᱚᱢ ᱠᱚᱣᱟᱜ ᱫᱟᱬᱟ ᱠᱚᱨᱟᱣ ᱨᱮᱭᱟᱜ ᱢᱟᱱᱮ ᱫᱚ ᱣᱤᱡᱟ ᱞᱮᱠᱷᱟ ᱥᱟᱦᱴᱟ ᱟᱨ ᱵᱟᱝ ᱯᱟᱥᱯᱚᱴ ᱠᱚᱵᱡᱟ ᱨᱮᱭᱟᱜ ᱢᱟᱫᱷᱚᱢ ᱛᱮ ᱪᱟᱞᱟᱣ ᱛᱮ ᱦᱩᱭᱩᱜᱼᱟ᱾"
859,"लेकिन, श्‍नगन क्षेत्र इस संबंध में कुछ ऐसा ही देश करता है ।","ᱢᱮᱱᱠᱷᱟᱱ, ᱥᱮᱧᱡᱮᱱ ᱡᱚᱱ ᱱᱚᱶᱟ ᱵᱟᱵᱚᱛ ᱨᱮ ᱢᱤᱫᱴᱟᱹᱝ ᱫᱤᱥᱚᱢ ᱞᱮᱠᱷᱟ ᱛᱤᱱᱟᱹᱜ ᱫᱷᱟᱹᱵᱤᱡ ᱮ ᱠᱟᱹᱢᱤ ᱮᱫ ᱛᱟᱦᱮᱸᱡ᱾"
860,"जब तक आप इस क्षेत्र में रहते हैं, आप आम तौर पर पासपोर्ट कंट्रोल जांच के माध्यम से बिना किनारे पार कर सकते हैं।","ᱡᱟᱦᱟ ᱛᱤᱱᱟᱹᱜ ᱫᱷᱟᱨᱤᱡ ᱟᱢ ᱛᱟᱦᱮᱱ ᱟᱢ ᱡᱳᱱ ᱨᱮ, ᱟᱢ ᱠᱩᱥᱤ ᱛᱮ ᱵᱳᱨᱰᱚᱨ ᱟᱢ ᱯᱚᱨᱚᱢ ᱫᱟᱞ ᱟ ᱵᱤᱱᱟᱜ ᱪᱮᱠᱤᱧ ᱛᱮ᱾"
861,"उसी तरह, श्‍वॆन्जन विंगल होने के द्वारा, आपको अपने हर सदस्य के लिए वीज़ा के लिए अलग - अलग देशों पर अमल करने की ज़रूरत नहीं ।","ᱱᱚᱝᱠᱟ ᱜᱮ, ᱥᱮᱱᱜᱮᱱ ᱵᱷᱤᱡ ᱛᱟᱦᱮᱱ ᱠᱷᱟᱱ, ᱟᱢ ᱵᱟᱢ ᱠᱚᱨᱟᱣᱟ ᱫᱟᱞ ᱟ ᱱᱟᱣᱟ ᱮᱴᱟᱜ ᱥᱪᱮᱱᱜᱮ ᱦᱚᱞ ᱞᱟᱜᱤᱫ ᱟᱨ ᱱᱚᱣᱟ ᱛᱮ ᱵᱟᱢ ᱮᱯᱞᱟᱭ ᱫᱟᱞ ᱟ, ᱚᱱᱟ ᱠᱷᱟᱹᱛᱤᱨ ᱥᱚᱢᱚᱭ ᱯᱩᱭᱥᱟᱹ ᱵᱟᱪᱷᱟᱣ ᱟ"
862,कोई विश्‍वव्यापी परिभाषा नहीं है जिस से बनायी गयी चीज़ों का पता लगाया जा सकता है ।,ᱪᱮᱫ ᱥᱚᱨᱣᱚᱵᱷᱚᱣᱢᱤᱠ ᱯᱚᱨᱤᱵᱷᱟᱥᱟ ᱵᱟᱹᱱᱩᱜᱼᱟ ᱡᱟᱦᱟᱸ ᱞᱟᱹᱜᱤᱫ ᱟᱭᱢᱟ ᱢᱟᱨᱮ ᱡᱤᱱᱤᱥ ᱠᱚ ᱢᱮᱱᱟᱜᱼᱟ᱾ ᱛᱤᱱᱟᱹᱜ ᱜᱟᱱ ᱨᱮ ᱮᱡᱮᱱᱥᱤ ᱠᱚ ᱢᱟᱨᱮ ᱡᱤᱱᱤᱥ ᱦᱤᱥᱟᱹᱵ ᱛᱮ ᱑᱐᱐ ᱥᱮᱨᱢᱟ ᱠᱷᱚᱱ ᱢᱟᱨᱮ ᱡᱤᱱᱤᱥ ᱠᱚ ᱯᱚᱨᱤᱵᱷᱟᱹᱥᱤᱛ ᱮᱫᱟ᱾
863,"परिभाषा में भौगोलिक भिन्‍न - भिन्‍न भिन्‍न - भिन्‍न - भिन्‍न है, जहाँ यूरोप में उत्तर अमरीका जैसे स्थानों में उम्र सीमा कम हो सकती है ।","ᱯᱟᱨᱤᱵᱷᱟᱥᱟ ᱨᱮ ᱵᱷᱚᱜᱚᱞᱤᱠ ᱣᱤᱣᱤᱫᱛᱟᱹ ᱢᱮᱱᱟᱜᱼᱟ, ᱡᱟᱦᱟᱸ ᱨᱮ ᱭᱩᱨᱚᱯ ᱨᱮᱭᱟᱜ ᱛᱩᱞᱱᱟᱹ ᱨᱮ ᱮᱛᱚᱢ ᱟᱢᱮᱨᱤᱠᱟ ᱡᱮᱠᱷᱟ ᱡᱟᱭᱜᱟ ᱨᱮ ᱟᱭᱩ ᱥᱤᱢᱟᱹ ᱠᱚᱢᱚᱜ ᱠᱟᱱᱟ᱾"
864,"हाथ - पैर की बनावट के बारे में कहा जा सकता है, भले ही वे छोटे हों, लेकिन वे समान मात्रा के उत्पादनों से छोटे हैं ।","ᱦᱚᱥᱛᱱᱤᱨᱢᱤᱛ ᱩᱛᱯᱟᱹᱫ ᱫᱚ ᱯᱨᱟᱹᱪᱤᱱ ᱡᱤᱱᱤᱥ ᱦᱤᱥᱟᱹᱵ ᱛᱮ ᱯᱚᱨᱤᱵᱷᱟᱥᱤᱛ ᱠᱚᱨᱟᱣ ᱜᱟᱱᱚᱜᱼᱟ, ᱢᱮᱱᱠᱷᱟᱱ ᱚᱱᱟ ᱥᱚᱢᱟᱱ ᱫᱽᱨᱚᱵᱭᱚᱣᱟᱱ ᱩᱛᱯᱟᱹᱫᱟᱹᱱ ᱡᱤᱱᱤᱥ ᱠᱚ ᱨᱮᱭᱟᱜ ᱛᱩᱞᱱᱟᱹ ᱨᱮ ᱦᱚᱯᱚᱱ ᱜᱮᱭᱟ᱾"
865,इस पेशे में बहुत - से लोगों के लिए रोज़ी - रोटी कमाने का इंतज़ाम करना भी ज़रूरी है ।,ᱨᱮᱱᱰᱤᱭᱚᱨ ᱯᱚᱨᱤ ᱥᱤᱢᱟᱹ ᱛᱟᱞᱟ ᱨᱮ ᱢᱤᱫᱴᱟᱹᱝ ᱢᱚᱦᱚᱛ ᱟᱡᱤᱣᱤᱠᱟ ᱢᱮᱱᱟᱜᱼᱟ ᱟᱨ ᱵᱮᱯᱟᱨ ᱨᱮᱭᱟᱜ ᱥᱩᱨ ᱥᱚᱝᱥᱠᱨᱩᱛᱤ ᱮᱴᱟᱜ ᱵᱮᱵᱥᱟᱭ ᱥᱟᱶᱛᱮ ᱦᱚᱸ ᱢᱚᱦᱚᱛ ᱢᱮᱱᱟᱜᱼᱟ᱾
866,"फिर भी, आम तौर पर, सभी सगीमी बड़े पैमाने पर नहीं, बल्कि मछली पकड़ने, शिकार करने और ऐसी ही ज़िंदगी जी रही है ।","ᱢᱮᱱᱠᱷᱟᱱ ᱚᱝᱠᱟ ᱠᱟᱛᱮ ᱨᱮᱦᱚᱸ, ᱢᱮᱱᱠᱷᱟᱱ, ᱡᱷᱚᱛᱟ ᱥᱤᱢᱟᱹ ᱢᱟᱨᱟᱝ ᱦᱤᱥᱟᱹᱵ ᱛᱮ ᱨᱮᱱᱰᱤᱭᱟᱹᱨ ᱯᱚᱛᱤ ᱨᱮ ᱥᱟᱹᱢᱤᱞ ᱵᱟᱹᱱᱩᱜ ᱠᱚᱣᱟ, ᱦᱮᱞᱮ ᱦᱟᱹᱠᱩ ᱥᱟᱵ ᱠᱩᱜ, ᱥᱤᱠᱟᱹᱨ ᱟᱨ ᱥᱚᱢᱟᱱ ᱛᱮ ᱠᱚ ᱛᱟᱦᱮᱸᱱ ᱠᱟᱱ ᱛᱟᱦᱮᱸᱡ ᱠᱚ, ᱡᱟᱦᱟᱸᱭ ᱫᱚ ᱡᱟᱹᱥᱛᱤᱜᱟᱱ ᱢᱚᱥᱚᱣᱫᱮ ᱡᱤᱟᱱᱟᱜ ᱦᱤᱥᱟᱹᱵ ᱛᱮ ᱠᱚ ᱨᱮᱱᱰᱤᱭᱟᱹᱨ ᱮᱫᱟ᱾"
867,आज के व्यापारों में बहुत - से मज़दूर काम करते हैं ।,"ᱛᱮᱦᱮᱧ ᱛᱤᱱᱟᱹᱜ ᱥᱤᱢᱤ ᱱᱟᱦᱟᱜ ᱵᱮᱯᱟᱨ ᱠᱚᱨᱮ ᱠᱟᱹᱢᱤ ᱠᱚᱨᱟᱣᱜ ᱠᱟᱱᱟ᱾ ᱥᱮᱭᱯᱤ, ᱥᱤᱢᱤ ᱡᱟᱭᱜᱟ ᱨᱮ ᱯᱚᱨᱭᱟᱴᱚᱱ ᱢᱤᱫᱴᱟᱝ ᱞᱟᱠᱛᱤᱭᱟᱱ ᱚᱨᱡᱚ ᱠᱟᱱᱟ᱾"
868,"हालांकि यह व्यापक रूप से इस्तेमाल किया जाता है, खास तौर से गैर-रोमी के बीच, शब्द ""जीकी"" को अकसर अपनी संगति के कारण नकारात्मक विचारों और रोमी लोगों की गलत समझ में घृणित समझा जाता है।","ᱮᱱᱰᱨᱮᱦᱚᱸ ᱱᱟᱶᱟ ᱨᱮᱭᱟᱜ ᱵᱮᱵᱷᱟᱨ ᱫᱚ ᱡᱚᱨᱟᱣ ᱦᱩᱭᱩᱜ ᱠᱟᱱᱟ, ᱚᱝᱠᱟ ᱜᱮ ᱜᱚᱭᱮᱨᱼᱨᱚᱢᱟᱱᱤ ᱛᱟᱞᱟ ᱨᱮ, ""ᱡᱩᱯᱥᱤ"" ᱟᱹᱲᱟᱹ ᱫᱚ ᱚᱝᱠᱟ ᱜᱮ ᱱᱚᱠᱟᱨᱚᱛᱢᱚᱠ ᱨᱩᱰᱷᱤᱣᱟᱹᱫᱤ ᱟᱨ ᱨᱚᱢᱟᱱᱤ ᱦᱚᱲ ᱠᱚ ᱠᱷᱟᱨᱟᱯ ᱫᱷᱟᱹᱨᱬᱟ ᱥᱟᱶᱛᱮ ᱟᱠᱚᱣᱟᱜ ᱥᱚᱝᱜᱚᱴᱷᱚᱱ ᱞᱟᱹᱜᱤᱫ ᱟᱠᱨᱚᱢᱚᱠ ᱢᱟᱱᱟᱣᱮᱫ ᱠᱚᱣᱟ ᱠᱚ᱾"
869,"अगर आप इस देश में जाना चाहते हैं, तो सफरी निगरान के तौर पर आपकी यात्रा का या आपके सफरी बीमा का असर हो सकता है ।","ᱡᱩᱫᱤ ᱟᱢ ᱡᱟᱦᱟᱸ ᱫᱤᱥᱚᱢ ᱨᱮᱢ ᱪᱟᱞᱟᱜ ᱠᱟᱱᱟ ᱚᱱᱟ ᱫᱟᱬᱟᱱ ᱟᱸᱫᱮ ᱨᱮᱭᱟᱜ ᱟᱫᱷᱤᱱ ᱦᱩᱭᱩᱜᱼᱟ, ᱠᱷᱟᱱ ᱟᱢᱟᱜ ᱫᱟᱬᱟᱱ ᱦᱚᱲᱢᱚ ᱥᱟᱶᱟᱨ ᱵᱤᱢᱟ ᱟᱨᱵᱟᱝ ᱟᱢᱟᱜ ᱫᱟᱬᱟᱱ ᱨᱚᱫᱤᱠᱚᱨᱚᱬ ᱵᱤᱢᱟ ᱯᱨᱚᱵᱷᱟᱣᱤᱛ ᱦᱩᱭ ᱫᱟᱲᱮᱭᱟᱜᱼᱟ᱾"
870,"आप शायद यह भी चाहते हैं कि आप खुद के अलावा दूसरी सरकारों की सलाह से भी सलाह लें, लेकिन उनकी सलाह उनके नागरिकों के लिए तैयार की गयी है ।","ᱟᱢ ᱟᱢᱟᱜ ᱵᱷᱮᱜᱟᱨ ᱮᱴᱟᱜ ᱥᱚᱨᱠᱟᱨ ᱠᱚᱣᱟᱜ ᱥᱚᱞᱦᱮ ᱦᱚᱸ ᱦᱟᱛᱟᱣ ᱫᱚᱨᱠᱟᱨ, ᱢᱮᱱᱠᱷᱟᱱ ᱩᱱᱤᱭᱟᱜ ᱥᱚᱞᱦᱮ ᱩᱱᱤᱨᱮᱱ ᱱᱟᱜᱟᱨᱤᱠ ᱠᱚ ᱞᱟᱹᱜᱤᱫ ᱵᱮᱱᱟᱣ ᱟᱠᱟᱱᱟ᱾"
871,"एक उदाहरण के तौर पर, मध्य पूर्व में अमरीकी नागरिक यूरोपीय या अरबियों से भिन्‍न परिस्थितियों का सामना कर सकते हैं ।","ᱢᱤᱫᱴᱟᱝ ᱫᱟᱹᱭᱠᱟ ᱨᱩᱯᱛᱮ, ᱛᱟᱞᱟ ᱥᱟᱢᱟᱝ ᱨᱮ ᱟᱢᱮᱨᱤᱠᱤ ᱱᱟᱜᱟᱨᱤᱠ ᱠᱚ ᱭᱩᱨᱚᱯᱤᱭ ᱟᱨᱵᱟᱝ ᱟᱨᱟᱵ ᱠᱷᱚᱱᱟᱜ ᱵᱮᱜᱷᱟᱨ ᱥᱛᱷᱤᱛᱤ ᱠᱚᱨᱮᱱᱟᱜ ᱴᱮᱠᱟᱣ ᱫᱟᱨᱟᱢ ᱦᱩᱭ ᱫᱟᱲᱮᱭᱟᱼᱟ᱾"
872,एक देश में राजनैतिक स्थिति का केवल संक्षिप्त सारांश है ।,ᱫᱤᱥᱟᱹ ᱩᱫᱩᱜ ᱫᱚ ᱥᱩᱢᱩᱝ ᱢᱤᱫᱴᱟᱹᱝ ᱫᱤᱥᱚᱢ ᱨᱮ ᱨᱟᱡᱽᱟᱹᱨᱤ ᱦᱟᱞᱚᱛ ᱨᱮᱱᱟᱝ ᱢᱤᱫ ᱡᱟᱭᱛᱮᱫ ᱜᱮ ᱠᱟᱱᱟI
873,"ये विचार अकसर संकेतक थे, आम तौर पर और उससे भी अधिक विस्तृत जानकारी की तुलना में हैं ।","ᱮᱢ ᱠᱟᱱ ᱣᱤᱪᱟᱹᱨ ᱫᱚ ᱚᱝᱠᱟ ᱜᱮ ᱰᱷᱮᱨ ᱣᱤᱥᱛᱨᱩᱛ ᱡᱟᱹᱱᱣᱟᱹᱨᱤ ᱠᱚ ᱨᱮᱭᱟᱜ ᱛᱩᱞᱱᱟᱹ ᱨᱮ ᱚᱝᱠᱟ ᱜᱮ ᱥᱚᱨᱠᱟᱨᱤ, ᱥᱟᱢᱟᱱᱭᱚ ᱟᱨ ᱡᱟᱹᱥᱛᱤ ᱟᱞᱜᱟ ᱥᱟᱹᱦᱤᱸᱡ ᱛᱟᱦᱮᱸᱱ ᱠᱟᱱᱟ᱾"
874,मौसम बहुत ही खतरनाक हो सकता है ।,"ᱜᱚᱢᱵᱷᱤᱨ ᱨᱤᱛᱩ ᱡᱟᱦᱟᱸᱱᱟᱜ ᱜᱤ ᱵᱚᱛᱚᱨᱟᱱ ᱚᱸᱦᱚᱨ ᱜᱷᱚᱴᱚᱱ ᱠᱚ ᱞᱟᱹᱜᱤᱫ ᱥᱟᱹᱠᱤᱞ ᱟᱹᱲᱟᱹ ᱠᱟᱱᱟ ᱡᱟᱦᱟᱸ ᱫᱚ ᱵᱟᱹᱲᱤᱡ, ᱜᱚᱢᱵᱷᱤᱨ ᱥᱟᱶᱛᱟ ᱵᱭᱟᱫᱷᱟᱱ ᱟᱨᱵᱟᱝ ᱢᱟᱹᱱᱢᱤ ᱡᱤᱭᱚᱱ ᱨᱮᱱᱟᱝ ᱦᱟᱹᱱ ᱨᱮᱱᱟᱜ ᱥᱟᱸᱵᱷᱟᱵ ᱢᱮᱱᱟᱜᱼᱟ᱾"
875,"दुनिया में कहीं भी भारी मौसम हो सकता है, और इसके विभिन्‍न प्रकार हैं, जो भूगोल, शीर्षी, और वायुमंडलीय परिस्थितियों पर निर्भर कर सकते हैं ।","ᱥᱮᱨᱤᱭᱚᱥ ᱟᱛᱟᱥ ᱫᱤᱥᱚᱢ ᱨᱮ ᱡᱟᱦᱟᱸ ᱨᱮᱜᱮ ᱦᱚᱸ ᱦᱩᱭ ᱫᱟᱲᱮᱭᱟᱜᱼᱟ, ᱟᱨ ᱱᱩᱭᱟᱜ ᱵᱷᱮᱱᱮᱜᱟᱨ ᱨᱚᱠᱚᱢ ᱢᱮᱱᱟᱜᱼᱟ, ᱡᱟᱦᱟᱸ ᱚᱛᱱᱚᱜ, ᱥᱛᱷᱞᱟᱠᱨᱤᱛᱤ ᱟᱨ ᱦᱚᱭᱞᱚᱝ ᱥᱛᱷᱤᱛᱤ ᱠᱚᱨᱮ ᱟᱥᱨᱟ ᱦᱩᱭ ᱫᱟᱲᱮᱭᱟᱜᱼᱟ᱾"
876,"तूफानों, तूफानों, बाढ़ों और तूफानों की आगें हैं ।","ᱡᱩᱨᱛᱮ ᱦᱚᱭᱠᱚ, ᱟᱨᱮᱞ, ᱟᱹᱰᱤ ᱟᱭᱢᱟ ᱡᱟᱹᱲᱤ, ᱟᱨ ᱡᱟᱨᱟ ᱨᱮᱱᱟᱜ ᱥᱮᱝᱜᱮᱞ, ᱦᱩᱰᱩᱨ, ᱵᱟᱣᱟᱸᱰᱚᱨ, ᱫᱟᱜ ᱡᱷᱟᱨᱱᱟ ᱟᱨ ᱦᱚᱭ ᱵᱟᱹᱨᱰᱩ ᱨᱩᱯᱛᱮ ᱜᱚᱢᱵᱷᱤᱨ ᱟᱛᱟᱥ ᱨᱩᱯ ᱟᱨ ᱯᱨᱟᱵᱷᱟᱣ ᱦᱩᱭᱩᱜ ᱠᱟᱱᱟ᱾"
877,"कभी - कभी मौसम में भारी तूफानों, बर्फ की तूफानों, बर्फ के तूफानों और धूल - तूफान होते हैं ।","ᱥᱩᱨ ᱡᱟᱭᱜᱟ ᱠᱚᱨᱤᱱᱟ ᱟᱨ ᱦᱚᱭ ᱫᱟᱜ ᱨᱮᱭᱟᱜ ᱵᱚᱨᱚᱯᱷ ᱵᱟᱹᱨᱤ, ᱵᱟᱨᱚᱯᱷᱵᱟᱹᱨᱤ, ᱵᱚᱨᱚᱯᱷ ᱨᱮᱭᱟᱜ ᱛᱩᱯᱷᱟᱹᱱ, ᱟᱨ ᱫᱷᱩᱞ ᱛᱩᱯᱷᱟᱹᱱ ᱠᱚ ᱢᱮᱱᱟᱜᱼᱟ᱾"
878,यात्रियों को सलाह दी जाती है कि वे अपने क्षेत्र को किसी भी यात्रा योजना से प्रभावित करने के ख़तरे के बारे में अवगत रहें ।,ᱫᱟᱬᱟ ᱠᱩᱜ ᱫᱚ ᱫᱨᱩᱰᱷᱛᱟᱹ ᱛᱮ ᱥᱚᱞᱟᱦ ᱮᱢᱟ ᱠᱚ ᱠᱟᱱᱟ ᱠᱚ ᱡᱮ ᱩᱱᱠᱩ ᱫᱚ ᱟᱠᱚ ᱡᱟᱭᱜᱟ ᱫᱚ ᱜᱚᱢᱵᱷᱤᱨ ᱦᱚᱭ ᱫᱟᱜ ᱨᱮᱭᱟᱜ ᱡᱟᱦᱟᱸ ᱡᱚᱠᱷᱤᱢ ᱠᱷᱚᱱ ᱪᱮᱛᱱᱟ ᱥᱟᱹᱦᱤᱡ ᱠᱚ ᱛᱟᱦᱮᱸᱱ ᱢᱟᱸ ᱪᱮᱫᱟᱜ ᱥᱮ ᱡᱟᱦᱟᱸ ᱡᱟᱭᱜᱟ ᱭᱚᱡᱽᱱᱟ ᱠᱚ ᱯᱨᱚᱵᱷᱟᱣᱤᱛ ᱮᱫ ᱠᱚᱣᱟᱭ᱾
879,"जो कोई एक ऐसे देश का दौरा करने की योजना बनाता है जिसे युद्ध क्षेत्र माना जा सकता है, उसे पेशेवर प्रशिक्षण प्राप्त करना चाहिए ।",ᱡᱟᱦᱟᱸᱴᱟᱜ ᱦᱚᱸ ᱚᱱᱠᱟᱱᱟᱜ ᱫᱤᱥᱚᱢ ᱫᱟᱬᱟᱱ ᱨᱮᱭᱟᱜ ᱯᱚᱱᱛᱷᱟ ᱵᱮᱱᱟᱣ ᱠᱟᱱᱟᱭ ᱡᱟᱦᱟᱸ ᱫᱚ ᱞᱟᱹᱲᱦᱟᱹᱭ ᱡᱟᱭᱜᱟ ᱢᱟᱱᱟᱣ ᱫᱟᱲᱮᱭᱟᱜᱼᱟ ᱟᱹᱯᱥᱩᱞ ᱥᱤᱠᱱᱟᱹᱛ ᱧᱟᱢ ᱞᱟᱜᱛᱤᱭᱟ᱾
880,'Hogolaysyargor वातावरण के लिए इंटरनेट की खोज' शायद स्थानीय कंपनी का पता प्रदान करे.,ᱦᱚᱥᱴᱟᱭᱤᱞ ᱮᱱᱵᱷᱟᱭᱨᱚᱱᱢᱮᱸᱴ ᱠᱚᱨᱥ' ᱞᱟᱹᱜᱩᱫ ᱤᱱᱴᱚᱨᱱᱮᱴ ᱨᱮᱭᱟᱜ ᱢᱤᱫᱴᱟᱹᱝ ᱯᱟᱱᱛᱮ ᱯᱟᱞᱮ ᱥᱩᱨ ᱠᱚᱢᱯᱟᱱᱤ ᱠᱚᱣᱟᱜ ᱡᱟᱭᱜᱟ ᱪᱤᱱᱦᱟᱹᱯ ᱫᱟᱲᱮᱭᱟᱜᱼᱟᱭ᱾
881,"एक कोर्स सामान्य रूप से उन सभी मुद्दों को पूरा करेगा जिनके बारे में यहाँ बहुत ज़्यादा जानकारी दी जाती है, आम तौर पर व्यावहारिक अनुभव के साथ ।",ᱢᱤᱫᱴᱟᱹᱝ ᱠᱚᱨᱥ ᱚᱝᱠᱟ ᱜᱮ ᱵᱮᱵᱷᱟᱨᱤᱠ ᱚᱱᱩᱵᱷᱚᱵ ᱥᱟᱞᱟᱜ ᱛᱮ ᱚᱝᱠᱟ ᱜᱮ ᱰᱷᱮᱨ ᱵᱤᱥᱛᱟᱹᱨ ᱛᱮ ᱪᱚᱨᱪᱟ ᱦᱩᱭ ᱠᱟᱱᱟ ᱡᱷᱚᱛᱚ ᱢᱩᱫᱟᱹ ᱠᱚ ᱯᱩᱨᱟᱹᱣ ᱟᱭ᱾
882,"एक कोर्स सामान्य रूप से 2-5 दिनों से होगा और इसमें भूमिका होगी, बहुत पहले सहायता और कभी कभी हथियार प्रशिक्षण.","ᱢᱤᱫᱴᱟᱹᱝ ᱠᱚᱨᱥ ᱫᱚ ᱚᱝᱠᱟ ᱜᱮ ᱒-᱕ ᱫᱤᱱ ᱠᱷᱚᱱ ᱦᱩᱭᱩᱜᱼᱟ ᱟᱨ ᱵᱷᱩᱢᱤᱠᱟᱹ ᱱᱤᱵᱷᱟᱹᱣ ᱠᱮᱭᱟᱭ ᱦᱩᱛᱠᱟᱹᱢ, ᱟᱭᱢᱟ ᱢᱩᱞ ᱨᱟᱱ ᱵᱮᱥ ᱟᱨ ᱛᱤᱱᱟᱹᱜᱼᱛᱤᱱᱟᱹᱜ ᱦᱚᱛᱤᱭᱟᱹᱨ ᱯᱨᱚᱥᱤᱠᱭᱚᱬ᱾"
883,"जंगल के बचाव के बारे में पुस्तकें और पत्रिकाएँ आम हैं, लेकिन युद्ध क्षेत्रों से संबंधित प्रकाशन कम हैं ।","ᱦᱟᱦᱟᱝᱠᱟᱨ ᱨᱮ ᱵᱟᱧᱪᱟᱣ ᱛᱟᱦᱮᱱ ᱨᱮᱭᱟᱜ ᱯᱚᱛᱚᱵ ᱟᱨ ᱯᱟᱛᱷᱟᱢ ᱫᱚ ᱟᱭᱢᱟ ᱜᱮᱭᱟ, ᱢᱮᱱᱠᱷᱟᱱ ᱞᱟᱹᱲᱦᱟᱹᱭ ᱴᱟᱹᱱᱰᱤ ᱨᱮᱭᱟᱜ ᱯᱚᱛᱚᱵ ᱫᱚ ᱟᱹᱰᱤ ᱠᱚᱢ ᱜᱮᱭᱟ᱾"
884,वे वापसी यात्रा के लिए वैध दस्तावेज़ों को ले जा रहे हैं सुनिश्चित करें।,ᱵᱤᱫᱮᱥ ᱫᱟᱲᱟᱱ ᱨᱮ ᱥᱮᱠᱥ ᱨᱤ-ᱟᱥᱟᱭᱱᱴᱢᱮᱱᱴ ᱥᱚᱨᱡᱚᱨᱤ ᱨᱮᱭᱟᱜ ᱯᱚᱨᱛᱚᱱ ᱵᱮᱱᱟᱣᱮᱫ ᱢᱚᱞᱞᱟᱦᱟ ᱠᱚ ᱜᱚᱴᱟ ᱩᱨᱤᱡ ᱦᱩᱭᱩᱜ ᱛᱟᱠᱚᱣᱟ ᱡᱮ ᱩᱱᱠᱩ ᱨᱩᱣᱟᱹᱲ ᱦᱤᱡᱩᱜ ᱨᱮᱭᱟᱜ ᱥᱩᱦᱤ ᱠᱟᱜᱚᱡᱽᱠᱚ ᱤᱫᱤ ᱛᱚᱨᱟᱭᱮᱫ-ᱟI
885,यह सच है कि भारत की सरकार ने चोरी - छिपे यह नहीं कहा कि (एक्स) या दस्तावेज़ एक वांछित नाम और लिंग को अलग करने के लिए बनाए गए हैं ।,ᱞᱤᱝ ᱥᱟᱶᱛᱮ ᱯᱟᱥᱯᱚᱴ‌ ᱡᱟᱹᱨᱤ ᱞᱟᱹᱜᱤᱫ ᱥᱚᱨᱠᱟᱨ ᱨᱮᱭᱟᱜ ᱤᱪᱷᱟᱹ ᱠᱚ ᱵᱷᱮᱜᱟᱨ ᱠᱟᱱ ᱧᱩᱛᱩᱢ ᱟᱨ ᱞᱤᱝ ᱥᱟᱞᱟᱜ ᱢᱮᱞ ᱡᱚᱢ ᱞᱟᱹᱜᱤᱫ ᱰᱷᱮᱨ(x) ᱟᱨ ᱵᱟᱝ ᱫᱚᱥᱛᱟᱵᱮᱡᱽ ᱠᱚ ᱱᱤᱨᱫᱤᱥᱴ ᱵᱟᱝ ᱠᱚᱨᱟᱣ ᱦᱩᱭ ᱠᱟᱱᱟ᱾
886,इन दस्तावेज़ों का आदर करने के लिए विदेशी सरकारों की इच्छा सिर्फ़ व्यापक वेरिएबल के रूप में है ।,ᱱᱚᱶᱟ ᱫᱚᱥᱛᱟᱵᱮᱡᱽ ᱨᱮᱭᱟᱜ ᱥᱚᱢᱟᱱ ᱠᱚᱨᱟᱣ ᱞᱟᱹᱜᱤᱫ ᱣᱤᱫᱮᱥ ᱥᱚᱨᱠᱟᱨ ᱨᱮᱭᱟᱜ ᱤᱪᱷᱟᱹ ᱵᱭᱟᱯᱚᱠ ᱦᱤᱥᱟᱹᱵ ᱛᱮ ᱵᱚᱫᱚᱞ ᱢᱮᱱᱟᱜᱼᱟ᱾
887,"सुरक्षा जाँच केंद्रों में खोज भी पोस्ट-हिकबर ११, 2001 के युग में अधिक प्रभावी हो गए हैं।","᱑᱑ ᱫᱟᱥᱟᱸᱭ, ᱒᱐᱐᱑ ᱨᱮᱭᱟᱜ ᱭᱩᱜ ᱛᱟᱭᱚᱢ ᱨᱩᱠᱷᱤᱭᱟᱹ ᱪᱚᱣᱠᱤ ᱨᱮᱭᱟᱜ ᱠᱷᱚᱡᱽ ᱦᱚᱸ ᱰᱷᱮᱨ ᱵᱚᱞᱚᱫᱩᱲᱩᱵ ᱦᱩᱭᱩᱜ ᱠᱟᱱᱟ᱾"
888,पूर्व राष्ट्रपति लोगों को अपनी गोपनीयता और गरिमा के साथ स्कैनर के माध्यम से पार करने की उम्मीद नहीं करनी चाहिए.,ᱯᱷᱨᱤᱼᱚᱯᱨᱮᱴᱤᱝ ᱴᱨᱟᱱᱥᱡᱮᱱᱰᱚᱨ ᱦᱚᱲ ᱠᱚ ᱫᱚ ᱫᱠᱟᱱᱟᱹᱨ ᱛᱮ ᱟᱠᱚᱣᱟᱜ ᱜᱚᱯᱱᱤᱛᱟ ᱟᱨ ᱜᱚᱨᱤᱢᱟ ᱠᱚ ᱵᱚᱨᱟᱵᱚᱨ ᱫᱚᱦᱚ ᱞᱟᱹᱜᱩᱫ ᱵᱟᱝ ᱟᱸᱥ ᱠᱟᱛᱷᱟ᱾
889,"फिर भी, ये समुद्र के किनारे से निकलनेवाली लहरों से निकल आती हैं, जो अकसर एक प्रवाल या समान होती हैं ।","ᱟᱨᱟᱭᱯᱤ ᱫᱷᱟᱹᱨᱟ ᱥᱚᱢᱩᱫᱟᱹᱭ ᱛᱚᱴ ᱠᱷᱚᱱ ᱨᱟᱹᱯᱩᱫ ᱨᱮᱭᱟᱜ ᱠᱷᱚᱱ ᱨᱩᱣᱟᱹᱲ ᱦᱟᱹᱡᱩᱜ ᱨᱮᱭᱟᱜ ᱯᱨᱚᱵᱷᱟᱣ ᱠᱟᱱᱟ, ᱚᱝᱠᱟ ᱜᱮ ᱢᱤᱫ ᱪᱚᱴᱟᱬ ᱟᱨ ᱵᱟᱝ ᱩᱱᱤ ᱞᱮᱠᱷᱟ ᱜᱮ᱾"
890,"पानी के ऊपरी हिस्से में वापसी प्रवाह पर कुछ गहरे भागों में ध्यान केंद्रित किया जाता है, और पानी की वर्तमान वर्तमान गति में वहाँ शायद ही हो ।","ᱫᱟᱜ ᱞᱟᱛᱟᱨ ᱨᱮ ᱴᱟᱯᱚᱞᱚᱡᱤ ᱛᱮ ᱣᱟᱹᱯᱥᱤ ᱨᱮᱭᱟᱜ ᱯᱨᱚᱵᱷᱟᱣ ᱛᱤᱱᱟᱹᱜ ᱜᱟᱹᱦᱤᱨ ᱣᱚᱨᱜ ᱥᱟᱞᱟᱜ ᱛᱮ ᱛᱟᱞᱟ ᱠᱟᱱᱟ, ᱟᱨ ᱜᱟᱹᱦᱤᱨ ᱫᱟᱜ ᱠᱟᱹᱜᱤᱫ ᱞᱚᱜᱚᱱ ᱛᱮᱜᱮ ᱱᱤᱛᱚᱜ ᱚᱱᱰᱮ ᱦᱩᱭ ᱫᱟᱲᱮᱭᱟᱜᱼᱟ᱾"
891,इस वजह से ज़्यादातर लोगों की मौत हो जाती है ।,"ᱰᱷᱮᱨ ᱜᱩᱨ ᱠᱚᱫᱚ ᱞᱟᱸᱜᱟ ᱚᱨᱡᱚ ᱛᱮ ᱦᱩᱭᱩᱜ ᱠᱟᱱᱟ, ᱡᱟᱦᱟᱸ ᱞᱤᱸᱜᱤᱜ ᱨᱮᱭᱟᱜ ᱩᱞᱴᱟᱹ ᱛᱮ ᱯᱟᱭᱨᱟᱜ ᱞᱟᱹᱜᱤᱫ ᱪᱮᱥᱴᱟ ᱮᱫ-ᱟᱭ, ᱡᱟᱦᱟᱸ ᱫᱚ ᱚᱥᱚᱢᱵᱷᱚᱵᱽ ᱦᱩᱭ ᱫᱟᱲᱮᱭᱟᱜᱼᱟI"
892,"जैसे ही आप मौजूदा से बाहर निकलते हैं, सैर करना आम तौर पर ज़्यादा मुश्‍किल नहीं होता ।","ᱡᱮᱞᱠᱟ ᱜᱮ ᱟᱢ ᱣᱚᱨᱛᱚᱢᱟᱱ ᱠᱷᱚᱱ ᱵᱟᱷᱨᱮᱛᱮ ᱚᱰᱚᱠᱚᱜ ᱟᱢ, ᱛᱚᱭᱨᱟᱠᱤ ᱚᱝᱠᱟ ᱜᱮ ᱥᱟᱢᱟᱱᱭᱚ ᱦᱤᱥᱟᱹᱵ ᱛᱮ ᱰᱷᱮᱨ ᱠᱚᱴᱷᱤᱱ ᱵᱟᱠᱚ ᱛᱟᱦᱮᱸᱱᱟ᱾"
893,"अपने हुनर के आधार पर या फिर अपनी काबिलीयतों पर निर्भर रहने की कोशिश कीजिए, फिर चाहे आप कहीं भी क्यों न देखें ।","ᱟᱨ ᱡᱟᱦᱟᱸ ᱡᱚᱥ ᱫᱚᱦᱚ ᱨᱮᱭᱟᱜ ᱪᱮᱥᱴᱟᱭ ᱢᱮᱸ ᱡᱟᱦᱟᱸ ᱨᱮ ᱫᱚ ᱫᱩᱦᱲᱟᱹ ᱵᱟᱝ ᱥᱟᱵᱚᱜᱼᱟᱢ, ᱟᱢᱟᱜ ᱠᱚᱣᱥᱚᱞ ᱟᱫᱟᱨ ᱛᱮ ᱟᱨ ᱟᱢ ᱪᱮᱫ ᱠᱚ ᱧᱮᱞ ᱮᱫ ᱟᱢ, ᱟᱢ ᱵᱟᱧᱪᱟᱣ ᱨᱮᱭᱟᱜ ᱛᱟᱹᱝᱜᱤ ᱠᱚᱨᱟᱣ ᱫᱟᱲᱮᱭᱟᱜᱼᱟᱢ᱾"
894,"जब संस्कृति को आघात होता है (ऐसा कम होता है), अंतिम बार और अधिक गंभीर हो सकता है.","ᱫᱚᱦᱚᱲᱟ ᱟᱫᱮᱨ ᱥᱚᱠ ᱠᱚᱞᱪᱚᱨ ᱥᱚᱠ ᱠᱷᱚᱱ ᱩᱥᱟᱹᱨᱟ ᱦᱟᱡᱩᱜᱼᱟ (ᱱᱚᱶᱟ ᱨᱮ ᱦᱚᱱᱤᱢᱩᱱ ᱨᱮᱭᱟᱜ ᱫᱷᱟᱯ ᱠᱚᱢ ᱦᱩᱭᱩᱜᱼᱟ), ᱡᱟᱹᱥᱛᱤ ᱜᱷᱟᱹᱲᱤᱠ ᱛᱟᱦᱮᱱᱟ ᱟᱨ ᱜᱟᱢᱵᱷᱤᱨ ᱦᱩᱭ ᱫᱟᱲᱮᱭᱟᱜᱼᱟ᱾"
895,"सफरी निगरान जिन्होंने नयी संस्कृति में काफी समय बिताया था, वे कभी - कभी अपनी संस्कृति को सुधारने के लिए समय निकालते थे ।",ᱡᱟᱦᱟᱸᱭ ᱡᱟᱹᱛᱨᱤ ᱦᱚᱲ ᱠᱚᱴᱷᱮᱱ ᱱᱟᱣᱟ ᱟᱹᱨᱤᱪᱟᱹᱞᱤ ᱥᱟᱶ ᱥᱩᱜᱩᱲ ᱚᱠᱛᱚ ᱛᱟᱞ ᱢᱮᱞ ᱛᱟᱦᱮᱸ ᱞᱟᱱᱟ ᱩᱱᱠᱩ ᱴᱷᱮᱱ ᱫᱚ ᱟᱠᱚᱣᱟᱜ ᱱᱤᱡᱚᱨ ᱟᱹᱨᱤᱪᱟᱹᱞᱤ ᱥᱟᱞᱟᱜ ᱪᱚᱲᱟᱣ ᱢᱩᱥᱠᱤᱞ ᱠᱚ ᱵᱩᱡᱷᱟᱹᱣᱟ᱾
896,"विदेश जाने के बाद घर लौटने पर, आप नई संस्कृति के लिए अनुकूलित किया है और अपनी कुछ आदतों को अपने घर की संस्कृति से खो दिया है.","ᱵᱤᱫᱮᱥ ᱨᱮ ᱛᱟᱦᱮᱸ ᱠᱟᱛᱮ ᱚᱲᱟᱜ ᱥᱮᱫ ᱨᱩᱣᱟᱹᱲ ᱦᱟᱹᱡᱩᱜ ᱡᱷᱚᱜ, ᱟᱢ ᱫᱚ ᱱᱟᱣᱟ ᱟᱹᱨᱤᱪᱟᱹᱞᱤ ᱮᱢ ᱦᱟᱛᱟᱣ ᱠᱮᱜᱼᱟ ᱟᱨ ᱚᱲᱟᱜ ᱟᱹᱨᱤᱪᱟᱹᱞᱤ ᱠᱷᱚᱱ ᱟᱢᱟᱜ ᱯᱟᱹᱨᱠᱟᱹᱣ ᱠᱚ ᱟᱫ ᱠᱮᱜᱼᱟᱢI"
897,"पहले - पहल जब आप विदेश जाते थे, तब लोग शायद धैर्य और समझ करते थे, यह जानते हुए कि नए देश में यात्री को अनुकूल बनने की ज़रूरत है ।","ᱚᱠᱟ ᱡᱷᱚᱜ ᱟᱢ ᱯᱩᱭᱞᱩ ᱫᱷᱟᱣ ᱵᱮᱫᱮᱥ ᱮᱢ ᱪᱟᱞᱟᱣ ᱮᱱᱟ, ᱦᱚᱲ ᱠᱚᱫᱚ ᱯᱟᱞᱮ ᱫᱷᱤᱨᱚᱡᱽ ᱟᱨ ᱵᱩᱡᱷᱟᱹᱣ ᱠᱚ ᱛᱟᱦᱮᱸ ᱞᱮᱱᱟ, ᱱᱚᱣᱟ ᱵᱟᱰᱟᱭ ᱞᱮᱫ ᱜᱮᱭᱟ ᱡᱮ ᱱᱟᱣᱟ ᱫᱤᱥᱚᱢ ᱨᱮ ᱡᱟᱹᱛᱨᱤᱠᱚ ᱱᱤᱡᱮᱛᱮ ᱪᱚᱲᱟᱣ ᱞᱟᱹᱠᱛᱤ ᱢᱮᱱᱟᱜᱼᱟI"
898,लोग शायद यह न सोचें कि घर लौटने के लिए धीरज और समझ की ज़रूरत भी है ।,ᱦᱚᱲ ᱠᱚᱫᱚ ᱯᱟᱞᱮ ᱵᱟᱠᱚ ᱚᱱᱩᱢᱟᱱ ᱫᱟᱲᱮᱭᱟᱜᱼᱟ ᱡᱮ ᱚᱲᱟᱜ ᱛᱮ ᱨᱩᱣᱟᱹᱲ ᱠᱟᱱ ᱡᱟᱹᱛᱨᱤ ᱠᱚ ᱞᱟᱹᱜᱤᱱ ᱦᱚᱸ ᱫᱷᱚᱨᱭᱚ ᱟᱨ ᱵᱩᱯᱩᱡᱷᱟᱹᱣ ᱞᱟᱹᱠᱛᱤ ᱠᱟᱱᱟI
899,पिरामिड ध्वनि और प्रकाश शो बच्चों के लिए क्षेत्र में सबसे दिलचस्प बातें हैं ।,ᱯᱤᱨᱟᱢᱤᱰ ᱥᱟᱩᱱᱰ ᱟᱨ ᱞᱟᱭᱤᱴ ᱥᱳ ᱫᱚ ᱜᱤᱫᱽᱨᱟᱹ ᱠᱚ ᱞᱟᱹᱜᱤᱫ ᱱᱚᱣᱟ ᱴᱚᱴᱷᱟ ᱨᱮᱭᱟᱜ ᱡᱚᱛᱚ ᱠᱷᱚᱱ ᱠᱷᱩᱥᱤᱭᱜ ᱡᱤᱱᱤᱥ ᱠᱚ ᱠᱷᱚᱱ ᱢᱤᱫ ᱠᱟᱱᱟ᱾
900,आप अंधेरे में पिरामिड देख सकते हैं और शो शुरू होने से पहले आप उन्हें चुपचाप देख सकते हैं ।,ᱟᱯ ᱯᱤᱨᱟᱢᱤᱰ ᱠᱚ ᱧᱩᱛ ᱨᱮᱢ ᱫᱟᱲᱮᱭᱟᱜᱼᱟ ᱟᱨ ᱥᱳ ᱮᱛᱚᱦᱚᱵ ᱞᱮᱱ ᱢᱟᱬᱟᱝ ᱟᱢ ᱚᱱᱟ ᱛᱷᱤᱨ ᱠᱮᱛᱮᱡ ᱮᱢ ᱧᱮᱞ ᱫᱟᱲᱮᱭᱟᱜᱼᱟ᱾
901,ध्वनि और प्रकाश की कहानी बस एक कहानी किताब की तरह है ।,ᱟᱢᱛᱚᱨ ᱨᱮ ᱟᱢ ᱡᱟᱣᱜᱮ ᱱᱚᱱᱰᱮ ᱯᱟᱨᱭᱟᱴᱚᱠ ᱟᱨ ᱟᱠᱷᱨᱤᱧ ᱠᱚᱣᱟᱜ ᱟᱲᱟᱝ ᱮᱢ ᱟᱱᱡᱚᱢᱟ᱾ ᱥᱟᱰᱤ ᱟᱨ ᱢᱟᱨᱥᱟᱞ ᱨᱮᱭᱟᱜ ᱠᱟᱦᱱᱤ ᱫᱚ ᱮᱠᱫᱚᱢ ᱠᱟᱦᱱᱤ ᱯᱩᱛᱷᱤ ᱞᱮᱠᱟ ᱠᱟᱱᱟ᱾
902,स्पोक्स वापस ड्रॉप के रूप में सेट किया जाता है और एक लंबी कहानी का Niner.,ᱥᱤᱸᱯᱷᱠᱥ ᱫᱚ ᱢᱤᱫ ᱡᱤᱞᱤᱧ ᱠᱟᱦᱱᱤ ᱨᱮᱭᱟᱜ ᱥᱟᱠᱟᱢ ᱟᱨ ᱞᱮᱞᱮᱤᱜ ᱞᱮᱠᱟ ᱛᱮ ᱵᱟᱹᱦᱟᱞ ᱟᱠᱟᱱᱟ᱾
903,इन दृश्‍यों को पिरामिडों और अलग - अलग पिरामिडों में दिखाया जाता है ।,ᱯᱤᱨᱟᱢᱤᱰ ᱠᱚ ᱫᱚ ᱧᱮᱞ ᱡᱚᱝ ᱞᱮᱠᱟ ᱯᱚᱨᱫᱚᱨᱥᱤᱛ ᱟᱠᱟᱫᱟ ᱟᱨ ᱟᱰᱤ ᱜᱟᱱ ᱯᱤᱨᱟᱢᱤᱰ ᱠᱚ ᱯᱚᱨᱠᱟᱥᱤᱛ ᱟᱠᱟᱫᱟ᱾
904,"सन्‌ 1819 में खोज किए गए दक्षिणी देश - देश के लोग दावा करते हैं कि वे अलग - अलग देशों से हैं और इसकी सबसे बड़ी आधार है, और सन्‌ 2020 में 16 सक्रिय ।",᱑᱘᱑᱙ ᱨᱮ ᱛᱚᱞᱟᱥ ᱟᱠᱟᱫ ᱫᱟᱠᱷᱤᱱ ᱥᱮᱴᱞᱮᱸᱰ ᱫᱤᱯ ᱞᱟᱹᱠᱛᱤ ᱨᱮ ᱡᱟᱦᱟᱸ ᱫᱤᱥᱚᱢ ᱠᱚ ᱫᱟᱨᱟᱭ ᱛᱮ ᱫᱟᱵᱤ ᱟᱠᱟᱫᱟ ᱟᱨ ᱒᱐᱒᱐ ᱨᱮ ᱜᱮᱞ ᱵᱟᱨ ᱛᱩᱨᱩᱭ ᱥᱚᱠᱪᱷᱚᱢ ᱥᱟᱶᱛᱮ ᱡᱚᱛᱚ ᱠᱷᱚᱱ ᱵᱟᱹᱲᱛᱤ ᱴᱤᱠᱮᱱᱟ ᱢᱮᱱᱟᱜᱼᱟ᱾
905,"यह सबसे बड़ा राजा जॉर्ज द्वीप है, जिसे वुलिला लाज़ नाम के कसबे में रखा गया है ।",ᱫᱤᱯᱥᱟᱢᱦᱩ ᱯᱨᱟᱭᱫᱤᱯ ᱠᱷᱚᱱ ᱑᱒᱐ ᱠᱤᱢᱤ ᱩᱛᱚᱨ ᱨᱮ ᱢᱮᱱᱟᱜᱼᱟ᱾ ᱵᱷᱤᱞᱟ ᱞᱟᱥ ᱮᱥᱴᱨᱮᱞᱚᱥ ᱨᱮᱭᱟᱜ ᱵᱟᱥᱛᱤ ᱥᱟᱶᱛᱮ ᱠᱤᱝ ᱡᱚᱨᱡᱽ ᱫᱤᱯ ᱡᱚᱛᱚ ᱠᱷᱚᱱ ᱞᱟᱴᱩᱣᱟ᱾
906,"अन्य जीवविज्ञान द्वीप, और धोखा देनेवाला... ... जहां अभी भी एक ज्वालामुखी की बाढ़ - ग्रस्त ज्वालामुखी की बाढ़ एक शानदार प्राकृतिक सैर प्रदान करती है.","ᱮᱴᱟᱜ ᱠᱚ ᱞᱤᱵᱷᱤᱝᱥᱴᱚᱱ ᱫᱤᱯ ᱥᱟᱶᱛᱮ, ᱟᱨ ᱰᱤᱥᱮᱯᱥᱚᱱ ᱢᱮᱱᱟᱜᱼᱟ ᱡᱟᱦᱟᱸ ᱨᱮ ᱢᱤᱫ ᱧᱤᱛ ᱦᱚᱸ ᱥᱚᱠᱪᱷᱚᱢ ᱡᱩᱞᱟᱢᱩᱠᱷᱤ ᱨᱮᱭᱟᱜ ᱵᱟᱲ ᱠᱟᱨᱞᱰᱮᱨᱟ ᱫᱚ ᱢᱤᱫ ᱥᱟᱱᱫᱟᱨ ᱯᱚᱨᱠᱤᱛᱤ ᱵᱟᱨᱵᱚᱨ ᱮᱢᱚᱜᱼᱟᱭ᱾"
907,इस देश का दक्षिण - पश्‍चिम में एक इलाका है ।,"ᱮᱞᱥᱣᱟᱨᱛᱷ ᱞᱮᱸᱰ ᱯᱨᱟᱭᱫᱤᱯ ᱨᱮᱭᱟᱜ ᱫᱟᱠᱷᱤᱱ ᱨᱮ ᱢᱮᱱᱟᱜ ᱴᱚᱴᱷᱟ ᱠᱟᱱᱟ, ᱡᱟᱦᱟᱸ ᱫᱚ ᱵᱮᱞᱤᱝᱥᱦᱚᱥᱮᱱ ᱫᱚᱨᱭᱟ ᱛᱮ ᱜᱷᱮᱨᱟᱣ ᱟᱠᱟᱱᱟ᱾"
908,"यहाँ के मैदान के पहाड़ों में शामिल हो रहे हैं, फिर sllsllson पहाड़ की 360 किलोमीटर की श्रृंखला बनाने के लिए।","ᱱᱚᱣᱟ ᱯᱨᱟᱭᱫᱤᱯ ᱨᱮᱭᱟᱜ ᱵᱩᱨᱩ ᱯᱟᱴᱟᱨ ᱨᱮ ᱢᱮᱱᱟᱜᱼᱟ, ᱫᱚᱦᱚᱲᱟ ᱢᱤᱱᱮᱥᱳᱴᱟ ᱜᱽᱞᱮᱥᱤᱭᱚᱨ ᱫᱟᱨᱟᱭ ᱛᱮ ᱣᱦᱟᱹᱴᱤᱧᱟᱠᱟᱱ ᱮᱞᱥᱣᱟᱨᱛᱷ ᱵᱩᱨᱩ ᱨᱮᱭᱟᱜ ᱓᱖᱐ ᱠᱤᱢᱤ ᱫᱷᱟᱨ ᱵᱮᱱᱟᱣ ᱞᱟᱹᱜᱤᱫ ᱫᱚᱦᱚᱲᱟ ᱨᱟᱠᱟᱵ ᱠᱟᱱᱟ᱾"
909,"उत्तरी भाग या जिनेल रेंज के उच्चतम पर्वतों, वॆनसन मास, 4892 में विनसन पर्वत पर शिखर.","ᱩᱛᱨᱤ ᱵᱷᱟᱜ ᱟᱨᱵᱟᱝ ᱥᱮᱱᱴᱤᱱᱚᱞ ᱨᱮᱸᱡᱽ ᱨᱮ ᱟᱱᱴᱟᱨᱠᱴᱤᱠᱟ ᱨᱮᱭᱟᱜ ᱡᱚᱛᱚ ᱠᱷᱚᱱ ᱩᱥᱩᱞ ᱵᱩᱨᱩ ᱠᱟᱱᱟ, ᱵᱷᱤᱱᱥᱚᱱ ᱢᱟᱥᱤᱯᱷ, ᱡᱟᱦᱟᱸ ᱫᱚ ᱔᱘᱙᱒ ᱢᱤᱴᱚᱨ ᱢᱟᱶᱴ ᱵᱷᱤᱱᱥᱚᱱ ᱨᱮ ᱢᱮᱱᱟᱜᱼᱟ᱾"
910,"दूर स्थानों में, सेल फोन के बारे में बिना, एक उपग्रह फोन आपका एकमात्र विकल्प हो सकता है.","ᱥᱟᱝᱜᱤᱧ ᱡᱟᱭᱜᱟ ᱨᱮ, ᱥᱮᱞ ᱯᱷᱚᱱ ᱠᱚᱣᱨᱮᱡᱽ ᱵᱮᱜᱚᱨ, ᱢᱤᱫ ᱥᱟᱴᱮᱞᱟᱭᱤᱴ ᱯᱷᱚᱱ ᱟᱢ ᱞᱟᱹᱜᱤᱫ ᱢᱤᱫ ᱚᱯᱥᱚᱱ ᱦᱩᱭ ᱫᱟᱲᱮᱭᱟᱜᱼᱟ᱾"
911,एक उपग्रह फोन आम तौर पर मोबाइल फोन के बदले में नहीं होता ।,"ᱥᱮᱴᱮᱞᱟᱭᱤᱴ ᱯᱷᱚᱱ ᱫᱚ ᱡᱟᱣ ᱜᱮ ᱢᱤᱫ ᱢᱳᱵᱟᱭᱤᱞ ᱯᱷᱚᱱ ᱞᱟᱹᱜᱤᱫ ᱢᱤᱫ ᱯᱚᱨᱛᱤᱮᱥᱛᱷᱟᱯᱚᱱ ᱫᱚ ᱵᱟᱝ ᱦᱩᱭᱩᱜᱼᱟ, ᱪᱮᱫᱟᱜ ᱥᱮ ᱟᱢᱟᱜ ᱯᱷᱚᱱ ᱠᱚᱞ ᱞᱟᱹᱜᱤᱫ ᱥᱟᱴᱮᱞᱟᱭᱤᱴ ᱥᱟᱯᱷᱟ ᱧᱮᱞ ᱥᱟᱶᱛᱮ ᱵᱟᱦᱨᱮ ᱛᱟᱦᱮᱱ ᱦᱩᱭᱩᱜᱼᱟ᱾"
912,"यह काम अकसर दूर - दराज़ इलाकों में किया जाता है, यहाँ तक कि मौज - मस्ती में भी ।","ᱥᱮᱣᱟ ᱨᱮᱭᱟᱜ ᱵᱮᱵᱷᱟᱨ ᱫᱚ ᱡᱟᱣ ᱜᱮ ᱥᱤᱯᱤᱸᱝ ᱫᱟᱨᱟᱭ ᱛᱮ ᱦᱩᱭᱩᱜᱼᱟ, ᱡᱟᱦᱟᱸ ᱨᱮ ᱨᱟᱹᱥᱠᱟᱹ ᱥᱤᱞᱯᱤ, ᱥᱟᱶᱛᱮ ᱱᱚᱝᱠᱟᱱ ᱟᱵᱷᱤᱭᱟᱱ ᱦᱚᱸ ᱥᱮᱞᱮᱫ ᱢᱮᱱᱟᱜᱼᱟ ᱡᱟᱦᱟᱸᱭ ᱴᱷᱮᱱ ᱨᱤᱢᱳᱴ ᱰᱮᱴᱟ ᱟᱨ ᱟᱲᱟᱝ ᱞᱟᱹᱠᱛᱤᱭᱟ᱾"
913,इस सेवा में शामिल होने के बारे में आपके स्थानीय टेलिफोन सेवा दाता को अधिक जानकारी मिलनी चाहिए ।,ᱟᱢᱟᱜ ᱴᱚᱴᱷᱟ ᱴᱮᱞᱤᱯᱷᱚᱱ ᱥᱮᱣᱟ ᱮᱢᱚᱜᱤᱡ ᱱᱚᱣᱟ ᱥᱮᱣᱟ ᱥᱮᱞᱮᱫ ᱵᱟᱠᱷᱨᱟ ᱵᱟᱹᱲᱛᱤ ᱞᱟᱹᱭ ᱫᱟᱲᱮᱭᱟᱜᱼᱟᱭ᱾
914,उन लोगों के लिए अधिक लोकप्रिय विकल्प... ... एक साल की योजना बनाना और सीखना है.,ᱥᱮᱨᱢᱟ ᱛᱟᱞᱟ ᱨᱮᱭᱟᱜ ᱭᱳᱡᱽᱱᱟ ᱵᱮᱱᱟᱣᱤᱡ ᱞᱟᱹᱜᱤᱫ ᱢᱤᱫ ᱛᱟᱯᱤᱥ ᱠᱷᱚᱱ ᱵᱟᱹᱲᱛᱤ ᱞᱳᱠᱯᱨᱤᱭᱚ ᱣᱤᱠᱟᱞᱯ ᱭᱟᱛᱨᱟ ᱦᱩᱭᱩᱜᱼᱟ ᱟᱨ ᱥᱮᱸᱲᱟ ᱦᱩᱭᱩᱜᱼᱟ᱾
915,"यह ख़ासकर स्कूल छोड़नेवालों के साथ लोकप्रिय है, और उन्हें विश्‍वविद्यालय से पहले एक साल लेने की अनुमति देते हैं, और अपनी शिक्षा का समझौता किए बिना ।","ᱱᱚᱣᱟ ᱫᱚ ᱤᱥᱠᱩᱞ ᱵᱟᱹᱜᱤ ᱟᱠᱟᱫ ᱠᱚ ᱥᱟᱶᱛᱮ ᱵᱤᱥᱮᱥ ᱞᱮᱠᱟ ᱛᱮ ᱞᱳᱠᱯᱨᱤᱭᱚ ᱢᱮᱱᱟᱜᱼᱟ, ᱡᱟᱦᱟᱸ ᱨᱮ ᱩᱱᱠᱩ ᱟᱠᱚᱣᱟ ᱥᱮᱪᱮᱫ ᱥᱟᱶᱛᱮ ᱥᱚᱢᱡᱷᱳᱛᱟ ᱵᱮᱜᱚᱨ ᱛᱮ, ᱡᱮᱜᱮᱛ ᱵᱤᱨᱫᱟᱹᱜᱟᱲ ᱠᱷᱚᱱ ᱢᱤᱫ ᱥᱮᱨᱢᱟ ᱢᱟᱬᱟᱝ ᱩᱰᱩᱠᱚᱜ ᱨᱮᱭᱟᱜ ᱚᱱᱩᱢᱟᱛᱤ ᱠᱚ ᱧᱟᱢᱟ᱾"
916,"कई मामलों में, विदेश में एक छोटे से कोर्स पर भर्ती होने की संभावना वास्तव में अपने घर देश में उच्च शिक्षा वापस जाने की संभावना बेहतर हो सकती है.","ᱟᱹᱰᱤ ᱜᱟᱱ ᱢᱟᱢᱞᱟ ᱠᱚᱨᱮ, ᱵᱤᱫᱮᱥ ᱨᱮ ᱜᱮᱯ-ᱤᱭᱚᱨ ᱠᱳᱨᱥ ᱨᱮ ᱵᱷᱩᱨᱛᱤ ᱦᱟᱛᱟᱣ ᱠᱷᱚᱱ ᱟᱥᱚᱞ ᱨᱮ ᱟᱢ ᱟᱢᱟᱜ ᱫᱤᱥᱚᱢ ᱨᱮᱭᱟᱜ ᱥᱚᱨᱮᱥ ᱥᱮᱪᱮᱫ ᱨᱮ ᱨᱩᱣᱟᱹᱲ ᱪᱟᱞᱟᱜ ᱨᱮᱭᱟᱜ ᱥᱚᱢᱵᱷᱟᱣᱚᱱᱟ ᱨᱮ ᱥᱩᱫᱷᱟᱹᱨ ᱦᱩᱭ ᱫᱟᱲᱮᱭᱟᱜᱼᱟI"
917,इन शैक्षिक कार्यक्रमों में हिस्सा लेने के लिए विशेष रूप से एक टी.,ᱡᱟᱣ ᱜᱮ ᱱᱚᱣᱟ ᱥᱮᱪᱮᱫ ᱠᱟᱹᱢᱤᱦᱚᱨᱟ ᱨᱮᱭᱟᱜ ᱵᱷᱩᱛᱤ ᱞᱟᱹᱜᱤᱫ ᱢᱤᱫ ᱥᱮᱪᱮᱫᱟᱱ ᱜᱚᱱᱚᱝ ᱦᱩᱭᱩᱜᱼᱟ᱾
918,"फिनलैंड एक महान नावी गंतव्य है. ""एक हजार झीलों"" में भी हज़ारों द्वीप हैं, झीलों में और तटीय में.","ᱯᱷᱤᱱᱞᱮᱸᱰ ᱢᱤᱫ ᱱᱟᱯᱟᱭᱟᱱᱟᱜ ᱵᱳᱴᱤᱝ ᱰᱮᱥᱴᱤᱱᱮᱥᱚᱱ ᱠᱟᱱᱟ᱾ ᱦᱟᱡᱟᱨ ᱡᱷᱟᱨᱱᱟ ᱠᱚ ᱨᱮᱭᱟᱜ ᱫᱷᱟᱹᱨᱛᱤᱨᱮ ᱡᱷᱟᱨᱱᱟᱠᱚ ᱟᱨ ᱟᱲᱮ ᱨᱮ ""ᱫᱤᱯᱜᱟᱫᱮᱞ ᱦᱚᱸ ᱦᱟᱡᱟᱨ"" ᱦᱟᱡᱟᱨ ᱫᱤᱯ ᱢᱮᱱᱟᱜᱼᱟ᱾"
919,आप शायद किसी द्वीप - समूह और झीलों में सैर करने की ज़रूरत न हो ।,ᱟᱨᱠᱤᱯᱮᱞᱟᱜᱳ ᱠᱚ ᱟᱨ ᱡᱚᱞᱟ-ᱯᱩᱠᱷᱨᱤ ᱠᱚᱨᱮ ᱟᱢᱟᱜ ᱫᱚ ᱞᱟᱹᱣᱠᱟᱹ ᱨᱮᱭᱟᱜ ᱞᱟᱹᱠᱛᱤ ᱵᱟᱹᱱᱩᱜᱼᱟI
920,"हालाँकि तटीय एक और सबसे बड़ी झीलें वास्तव में एक छोटी नाव, या यहाँ तक कि एक छोटी नाव भी एक भिन्‍न अनुभव प्रस्तुत करती हैं ।","ᱢᱮᱱᱠᱷᱟᱱ ᱟᱲᱮ ᱨᱮᱭᱟᱜ ᱫᱤᱯᱜᱟᱫᱮᱞ ᱠᱚ ᱟᱨ ᱡᱚᱛᱚ ᱠᱷᱚᱱ ᱞᱟᱹᱴᱩ ᱡᱚᱞᱟᱯᱩᱠᱷᱨᱤ ᱥᱟᱹᱨᱤ ᱜᱮ ᱡᱟᱦᱟᱸᱱ ᱞᱟᱹᱣᱠᱟᱹ ᱥᱟᱝᱜᱷᱟᱨ ᱞᱟᱹᱜᱤᱫ ᱫᱚ ᱟᱹᱰᱤ ᱞᱟᱹᱴᱩ ᱜᱮᱭᱟ, ᱠᱟᱹᱴᱤᱡ ᱞᱟᱹᱣᱠᱟᱹ ᱥᱮ ᱱᱚᱱᱰᱮ ᱦᱟᱹᱵᱤᱡ ᱡᱮ ᱢᱤᱫ ᱰᱚᱝᱜᱟ ᱨᱮᱭᱟᱜ ᱡᱩᱫᱟᱹ ᱟᱴᱠᱟᱨ ᱚᱪᱚᱭᱟ᱾"
921,"फिनलैंड में, हर सात या आठ लोगों के लिए एक नाव है ।","ᱯᱷᱤᱱᱞᱮᱸᱰ ᱨᱮ ᱞᱟᱹᱣᱠᱟᱹ ᱥᱟᱜᱟᱲ ᱢᱤᱫ ᱡᱟᱛᱤᱭᱟᱹᱨᱤ ᱚᱠᱛᱚ ᱠᱷᱮᱢᱟᱣ ᱠᱟᱱᱟ, ᱡᱟᱦᱟᱸᱨᱮ ᱮᱭᱟᱭ ᱥᱮ ᱤᱨᱟᱹᱞ ᱦᱚᱲ ᱞᱟᱹᱜᱤᱫ ᱢᱤᱫᱴᱮᱱ ᱞᱟᱹᱣᱠᱟᱹ ᱢᱮᱱᱟᱜᱼᱟ᱾"
922,"यह नॉर्वे, स्वीडन और न्यू ज़ीलैंड द्वारा मेल खाता है, लेकिन अन्यथा यह संख्या चालीस से भी ज़्यादा है ।","ᱱᱚᱣᱟ ᱱᱚᱨᱣᱮ,ᱥᱣᱤᱰᱮᱱ ᱟᱨ ᱱᱭᱩᱡᱤᱞᱮᱸᱰ ᱥᱟᱞᱟᱜ ᱡᱩᱲᱚᱜ ᱠᱟᱱᱟ, ᱢᱮᱱᱠᱷᱟᱱ ᱮᱴᱟᱜᱟᱜ ᱠᱷᱚᱱ ᱟᱹᱰᱤ ᱦᱟᱦᱟᱲᱟ ᱜᱮᱭᱟ (ᱡᱮᱞᱮᱠᱟ ᱱᱮᱫᱚᱨᱞᱮᱸᱰ ᱨᱮ ᱱᱚᱣᱟ ᱞᱮᱠᱟ ᱢᱤᱫ ᱠᱷᱚᱱ ᱯᱩᱱᱜᱮᱞ ᱢᱮᱱᱟᱜᱼᱟ)᱾"
923,"रूस के सेंट पीटर्सबर्ग शहर में, अलग - अलग मौसम के ज़्यादातर हिस्से सेंट पीटर्सबर्ग में रहते हैं ।","ᱵᱟᱹᱲᱛᱤ ᱠᱟᱭᱛᱮ ᱵᱤᱥᱤᱥᱴ ᱵᱟᱞᱴᱤᱠ ᱯᱚᱨᱤᱵᱷᱨᱚᱢᱚᱱ ᱥᱮᱸᱱᱴ ᱯᱤᱴᱚᱨᱥᱵᱳᱨᱜᱽ, ᱨᱩᱥᱤᱭᱟ ᱨᱮ ᱢᱤᱫ ᱵᱤᱥᱛᱟᱨᱤᱛ ᱯᱨᱚᱵᱟᱥ ᱨᱮᱭᱟᱜ ᱥᱩᱵᱤᱫᱷᱟ ᱮᱢᱚᱜ ᱠᱟᱱᱟᱭI"
924,इसका मतलब है कि आप रात में जहाज़ पर लौटने और सो रहे दो दिन के लिए ऐतिहासिक शहर का दौरा कर सकते हैं ।,ᱱᱚᱣᱟ ᱨᱮᱭᱟᱜ ᱢᱟᱱᱮ ᱫᱚ ᱠᱟᱱᱟ ᱡᱮ ᱟᱢ ᱧᱤᱫᱟᱹ ᱡᱟᱦᱟᱡᱽ ᱨᱮ ᱨᱩᱣᱟᱹᱲ ᱟᱨ ᱜᱤᱛᱤᱡ ᱠᱮᱛᱮᱡ ᱵᱟᱨ ᱫᱤᱱ ᱞᱟᱹᱜᱤᱫ ᱮᱛᱤᱦᱟᱥᱤᱠ ᱥᱚᱦᱚᱨ ᱨᱮᱭᱟᱜ ᱮᱢ ᱭᱟᱛᱨᱟ ᱫᱟᱲᱮᱭᱟᱜᱼᱟ᱾
925,आप केवल समुद्र तट पर यात्रा के उपयोग से जाना है... ... आप एक अलग वसंत की आवश्यकता नहीं होगी ( 2009 के रूप में).,"ᱡᱩᱫᱤ ᱟᱢ ᱮᱠᱮᱱ ᱥᱤᱯᱵᱳᱨᱰ ᱫᱟᱲᱟᱱ ᱨᱮᱭᱟᱜ ᱮᱢ ᱵᱮᱵᱷᱟᱨ ᱠᱮᱛᱮᱡ ᱫᱷᱟᱨᱮ ᱨᱮ ᱪᱟᱞᱟᱜ ᱠᱟᱱᱟᱢ, ᱛᱚᱵᱮ ᱟᱢ ᱫᱚ ᱢᱤᱫ ᱵᱷᱮᱜᱟᱨ ᱣᱤᱡᱟ ᱨᱮᱭᱟᱜ ᱵᱟᱝ ᱞᱟᱹᱠᱛᱤ ᱟᱢ (᱒᱐᱐᱙ ᱦᱟᱹᱵᱤᱡ)᱾"
926,"जैसे - जैसे आप बर्लिन के ऊपर नक्शे से देख सकते हैं, समुद्र के पास और शहर के लिए एक भेंट शामिल नहीं है ।","ᱠᱤᱪᱷᱩ ᱫᱟᱲᱟᱱ ᱵᱨᱳᱥᱚᱨ ᱨᱮ ᱵᱟᱨᱞᱤᱱ, ᱡᱟᱨᱢᱟᱱᱤ ᱠᱚ ᱫᱚᱨᱥᱟᱣ ᱟᱠᱟᱫᱟ᱾ ᱡᱮᱞᱮᱠᱟ ᱟᱢ ᱵᱟᱨᱞᱤᱱ ᱨᱮᱭᱟᱜ ᱱᱚᱠᱥᱟ ᱪᱮᱛᱟᱱ ᱨᱮᱢ ᱧᱮᱞ ᱫᱟᱲᱮᱭᱟᱜᱼᱟ ᱡᱮ ᱥᱟᱢᱩᱫᱽᱨᱟ ᱴᱮᱱ ᱡᱟᱦᱟᱸ ᱡᱟᱭᱜᱟ ᱢᱮᱱᱟᱜᱼᱟ ᱟᱨ ᱥᱚᱦᱚᱨ ᱨᱮ ᱭᱟᱛᱨᱟ ᱫᱚ ᱠᱨᱩᱡᱽᱽ ᱨᱮᱭᱟᱜ ᱫᱚᱨ ᱫᱚ ᱥᱮᱞᱮᱫ ᱵᱟᱱᱩᱜᱼᱟ᱾"
927,"विमान द्वारा यात्रा हर उम्र और पृष्ठभूमि के लोगों के लिए एक डरावना अनुभव हो सकता है, विशेष रूप से अगर वे पहले नहीं बह रहे हैं या एक दुःखद घटना का अनुभव नहीं किया है.","ᱩᱰᱟᱹᱱ ᱛᱮ ᱭᱟᱛᱨᱟ ᱫᱚ ᱡᱚᱛᱚ ᱩᱢᱚᱨ ᱟᱨ ᱵᱮᱠᱜᱽᱨᱟᱩᱱᱰ ᱨᱮᱱ ᱦᱚᱲ ᱠᱚ ᱞᱟᱹᱜᱤᱫ ᱢᱤᱫ ᱵᱚᱛᱚᱨᱟᱜ ᱟᱹᱭᱠᱟᱹᱣ ᱦᱩᱭ ᱫᱟᱲᱮᱭᱟᱜᱼᱟ, ᱠᱷᱟᱥ ᱠᱮᱛᱮᱡ ᱡᱩᱫᱤ ᱩᱱᱠᱩ ᱞᱟᱦᱟᱛᱮ ᱵᱟᱠᱚ ᱫᱮᱡ ᱟᱠᱟᱱᱟ ᱟᱨᱵᱟᱝ ᱡᱟᱦᱟᱸ ᱫᱚᱨᱱᱟᱠ ᱜᱷᱚᱴᱟᱱ ᱨᱮᱭᱟᱜ ᱮ ᱟᱹᱭᱠᱟᱹᱣ ᱟᱠᱟᱫᱟ᱾"
928,यह शर्म की बात नहीं है: यह अनेक लोगों के पास अनेक लोगों के व्यक्‍तिगत डर और अन्य बातों से भिन्‍न नहीं है ।,ᱱᱚᱣᱟ ᱫᱚ ᱞᱟᱡᱟ ᱯᱟᱲᱟ ᱨᱮᱭᱟᱜ ᱠᱟᱛᱷᱟ ᱫᱚ ᱵᱟᱝ ᱠᱟᱱᱟ: ᱱᱚᱣᱟ ᱫᱚ ᱮᱴᱟᱜ ᱡᱤᱱᱤᱥ ᱠᱚ ᱨᱮᱭᱟᱜ ᱣᱮᱠᱛᱤᱜᱚᱛ ᱵᱚᱛᱚᱨ ᱟᱨ ᱵᱟᱝ ᱠᱷᱩᱥᱤᱭᱟᱜ ᱠᱷᱚᱱ ᱵᱷᱮᱜᱟᱨ ᱵᱟᱱᱩᱜᱼᱟ ᱡᱟᱦᱟᱸ ᱫᱚ ᱟᱹᱰᱤ ᱜᱟᱱ ᱦᱚᱲ ᱴᱮᱱ ᱢᱮᱱᱟᱜᱼᱟ᱾
929,"कुछ लोगों को पता है कि हवाई जहाज़ कैसे काम करता है और उड़ान के दौरान क्या होता है, इस बारे में कुछ जानकारी हासिल करने से वह डर पर काबू पा सकता है ।","ᱠᱤᱪᱷᱩ ᱞᱟᱹᱜᱤᱫ, ᱩᱰᱮᱜ ᱜᱟᱰᱤ ᱪᱮᱫ ᱞᱮᱠᱟᱭ ᱠᱟᱹᱢᱤᱭᱟ ᱟᱨ ᱩᱰᱮᱜ ᱚᱠᱛᱚ ᱪᱮᱫ ᱦᱚᱭᱩᱜᱼᱟ, ᱱᱟᱣᱟ ᱵᱟᱠᱷᱨᱟ ᱨᱮ ᱠᱤᱪᱷᱩ ᱵᱩᱡᱷᱮᱣ ᱠᱷᱚᱱ ᱚᱱᱟ ᱵᱚᱛᱚᱨ ᱥᱟᱝᱜᱤᱧ ᱨᱮ ᱜᱚᱲᱚ ᱫᱟᱲᱮᱭᱟᱜᱼᱟ ᱡᱟᱦᱟᱸ ᱫᱚ ᱵᱟᱝ ᱵᱟᱰᱟᱭ ᱨᱮ ᱟᱫᱷᱟᱨᱤᱛ ᱢᱮᱱᱟᱜᱼᱟ ᱟᱨᱵᱟᱝ ᱥᱟᱢᱲᱟᱣ ᱨᱮ ᱵᱟᱱᱩᱜᱼᱟ᱾"
930,"अकसर, व्यापार दस्तावेज़ों के साथ समय बहुत महत्त्वपूर्ण होता है, व्यापारिक विवरणों के साथ लेन - देन या एक अत्यावश्‍यक मरम्मत के लिए कुछ अंश लेते हैं ।","ᱠᱩᱨᱤᱭᱚᱨ ᱠᱚᱢᱯᱟᱱᱤ ᱠᱚ ᱣᱟᱜ ᱡᱤᱱᱤᱥ ᱫᱚ ᱩᱥᱮᱨᱟ ᱛᱮ ᱥᱮᱴᱮᱨ ᱞᱟᱹᱜᱤᱫ ᱵᱮᱥ ᱛᱮ ᱵᱷᱩᱜᱽᱛᱟᱱ ᱦᱩᱭᱩᱜᱼᱟ᱾ ᱡᱟᱣ ᱜᱮ, ᱦᱚᱴᱟᱛ ᱢᱚᱨᱟᱢᱚᱛ ᱞᱟᱹᱜᱤᱫ ᱵᱮᱯᱟᱨᱤᱠ ᱠᱟᱜᱳᱡᱽ ᱠᱚ, ᱵᱮᱯᱟᱨᱤᱠ ᱡᱤᱱᱤᱥ ᱠᱚ ᱟᱨᱵᱟᱝ ᱮᱥᱯᱮᱭᱚᱨ ᱯᱟᱨᱴᱥ ᱠᱚ ᱥᱟᱶᱛᱮ ᱥᱚᱢᱚᱭ ᱫᱚ ᱟᱹᱰᱤ ᱞᱟᱹᱠᱛᱤᱭᱟ᱾"
931,"कुछ रास्तों पर, बड़ी कंपनियों का अपना ही विमान होता है, लेकिन अन्य रास्तों और छोटे पैमाने पर एक समस्या थी ।","ᱠᱤᱪᱷᱩ ᱰᱟᱦᱟᱨ ᱨᱮ ᱞᱟᱴᱩ ᱠᱚᱢᱯᱟᱱᱤ ᱠᱚ ᱫᱚ ᱟᱠᱚᱣᱟᱜ ᱩᱰᱟᱹᱱ ᱜᱟᱹᱰᱤ ᱢᱮᱱᱟᱜ ᱛᱟᱠᱚᱣᱟ, ᱢᱮᱱᱠᱷᱟᱱ ᱮᱴᱟᱜ ᱰᱟᱦᱟᱨ ᱠᱚ ᱟᱨ ᱦᱩᱰᱤᱧ ᱯᱷᱨᱢ ᱠᱚ ᱞᱟᱹᱜᱤᱫ ᱫᱚ ᱢᱩᱥᱠᱤᱞ ᱛᱟᱦᱮᱸ ᱞᱮᱱᱟ᱾"
932,"यदि उन्होंने हवा - मुक्‍त चीज़ों को हवा से भेजा है, तो कुछ मार्गों पर शायद इस से उत्पन्‍न होने के लिए दिन लगे होंगे ।","ᱡᱩᱫᱤ ᱚᱱᱟ ᱩᱰᱟᱹᱱ ᱜᱟᱹᱰᱤ ᱢᱟᱱ ᱵᱷᱟᱲᱟ ᱠᱷᱚᱱ ᱡᱤᱱᱤᱥ ᱠᱩᱞᱫᱟ, ᱛᱚᱵᱮ ᱠᱤᱪᱷᱩ ᱰᱟᱦᱟᱨ ᱠᱚ ᱨᱮ ᱯᱷᱮᱰ ᱟᱨ ᱥᱤᱢᱮ ᱜᱚᱱᱚᱝ ᱯᱟᱨᱚᱢ ᱨᱮ ᱢᱟᱦᱟ ᱠᱚ ᱞᱟᱜᱟᱣ ᱞᱮᱱ ᱛᱟᱦᱮᱱᱟ᱾"
933,"हवा के नियम उन्हें एक यात्री के बिना सामान भेजने की अनुमति नहीं देंगे, जो आप में आते हैं ।","ᱱᱚᱣᱟ ᱛᱟᱯᱤᱥ ᱛᱮ ᱧᱟᱢ ᱞᱟᱹᱜᱤᱫ ᱮᱠᱢᱟᱛᱨᱚ ᱱᱚᱣᱟ ᱡᱟᱸᱪ ᱟᱠᱟᱫ ᱡᱤᱱᱥᱤ ᱞᱮᱠᱟ ᱛᱮ ᱠᱩᱞ ᱞᱮᱱ ᱛᱟᱦᱮᱱᱟ᱾ ᱮᱭᱟᱨᱞᱟᱭᱤᱱ-ᱟᱜ ᱱᱤᱭᱚᱢ ᱚᱱᱟ ᱵᱮᱜᱚᱨ ᱭᱟᱛᱨᱤᱣᱟᱜ ᱡᱤᱱᱤᱥ ᱠᱳᱞ ᱨᱮᱭᱟᱜ ᱚᱱᱩᱢᱟᱛᱤ ᱫᱚ ᱵᱟᱭ ᱮᱢᱚᱜᱼᱟ, ᱡᱟᱦᱟᱸ ᱠᱷᱚᱱ ᱟᱢ ᱦᱟᱹᱡᱩᱜ ᱠᱟᱱᱟ᱾"
934,"पहले या बिज़नेस वर्ग में उड़ान भरने का स्पष्ट तरीक़ा है इस विशेषाधिकार के लिए पैसा डालना (या, बेहतर, फिर भी, आपके लिए यह करने के लिए अपनी कंपनी को भरने के लिए.","ᱯᱩᱭᱞᱩ ᱟᱨᱵᱟᱝ ᱵᱮᱯᱟᱨᱤᱠ ᱪᱟᱱᱚᱪ ᱨᱮ ᱪᱟᱞᱟᱜ ᱨᱮᱭᱟᱜ ᱜᱚᱴᱟ ᱛᱟᱨᱤᱠᱟ ᱵᱤᱥᱮᱥᱟᱫᱷᱤᱠᱟᱨ ᱞᱟᱹᱜᱤᱫ ᱯᱚᱭᱥᱟ ᱨᱮᱭᱟᱜ ᱢᱤᱫ ᱞᱟᱹᱜᱩ ᱜᱩᱪᱷᱟ ᱩᱰᱩᱠᱟ (ᱟᱨᱵᱟᱝ, ᱵᱮᱥ ᱱᱤᱛ ᱦᱟᱹᱵᱤᱡ, ᱟᱢᱟᱜ ᱠᱚᱢᱯᱟᱹᱱᱤ ᱫᱚ ᱱᱚᱣᱟ ᱟᱢ ᱞᱟᱹᱜᱤᱫ ᱠᱟᱹᱢᱤᱭᱟ)"
935,"लेकिन, यह उबाऊ नहीं लगता: हाथ के कठोर नियम के तौर पर, आप चार गुना अधिक व्यवसाय के सामान्य अर्थव्यवस्था का लाभ उठाने की अपेक्षा कर सकते हैं, और पहली कक्षा के लिए ११ बार!","ᱢᱮᱱᱠᱷᱟᱱ, ᱱᱚᱣᱟ ᱥᱟᱥᱛᱟ ᱵᱟᱱᱩᱜᱼᱟ: ᱠᱟᱹᱴᱩᱯ ᱛᱮᱭᱟᱜ ᱢᱳᱴᱟ ᱱᱤᱭᱚᱢ ᱠᱚ ᱞᱮᱠᱟ ᱛᱮ, ᱟᱢ ᱟᱢᱟᱜ ᱵᱮᱯᱟᱨ ᱞᱟᱹᱜᱤᱫ ᱥᱟᱫᱷᱟᱨᱚᱱ ᱠᱟᱹᱰᱤ ᱟᱹᱨᱤ ᱵᱮᱵᱚᱥᱛᱷᱟ ᱨᱮᱭᱟᱜ ᱵᱷᱟᱲᱟ ᱨᱮ ᱯᱩᱱ ᱜᱩᱱᱮ ᱟᱨ ᱢᱟᱬᱟᱝ ᱪᱟᱱᱚᱡ ᱞᱟᱹᱜᱤᱫ ᱵᱷᱩᱜᱽᱛᱟᱱ ᱨᱮᱭᱟᱜ ᱮᱢ ᱟᱥᱟ ᱫᱟᱲᱮᱭᱟᱜᱼᱟ!"
936,"आमतौर पर, व्यापार के लिए खोजने में कोई बिंदु नहीं है या पहली-क्लास सीट्स ए बी से सीधे उड़ान पर.","ᱟᱥᱚᱠᱟᱭᱛᱮ ᱞᱟᱹᱭ ᱞᱮᱠᱷᱟᱱ, ᱮ ᱠᱷᱚᱱ ᱵᱤ ᱦᱟᱹᱵᱤᱡ ᱥᱤᱫᱷᱟᱹ ᱩᱰᱟᱹᱱ ᱨᱮᱭᱟᱜ ᱵᱤᱡᱽᱱᱮᱥ ᱵᱟᱝᱢᱟ ᱯᱷᱟᱥᱴ ᱠᱞᱟᱥ ᱨᱮᱭᱟᱜ ᱥᱤᱴᱠᱚ ᱞᱟᱹᱜᱤᱫ ᱪᱷᱩᱴ ᱨᱮᱭᱟᱜ ᱛᱚᱞᱟᱥ ᱨᱮ ᱪᱮᱫ ᱢᱮᱱᱮᱛ ᱦᱚᱸ ᱵᱟᱹᱱᱩᱜᱼᱟ᱾"
937,"हवाई जहाज़ अच्छी तरह जानते हैं कि विमानों का एक खास मुख्य समूह है, जो कहीं तेज़ी से और सांत्वना देने के विशेषाधिकार के लिए उच्च डॉलर देने के लिए तैयार हैं ।","ᱮᱭᱟᱨᱞᱟᱭᱤᱱᱥ ᱫᱚ ᱵᱮᱥ ᱪᱚᱨᱚᱠ ᱠᱚ ᱵᱟᱲᱟᱭᱟ ᱡᱮ ᱭᱟᱛᱨᱤ ᱠᱚᱣᱟᱜ ᱢᱤᱫᱴᱟᱝ ᱱᱤᱥᱪᱤᱛ ᱫᱳᱞ ᱢᱮᱱᱟᱜᱼᱟ ᱡᱟᱦᱟᱸ ᱫᱚ ᱡᱟᱦᱟᱸᱥᱮᱫ ᱪᱟᱞᱟᱜ ᱨᱮᱭᱟᱜ ᱵᱤᱥᱮᱥᱚᱫᱷᱤᱠᱟᱨ ᱞᱟᱹᱜᱤᱫ ᱰᱚᱞᱟᱨ ᱨᱮ ᱵᱷᱩᱠᱛᱟᱱ ᱫᱟᱲᱮᱭᱟ ᱠᱚᱣᱟᱭ, ᱟᱨ ᱚᱱᱟ ᱦᱤᱥᱟᱹᱵᱽ ᱛᱮ ᱯᱩᱭᱥᱟᱹ ᱟᱫᱟᱭᱟᱭ᱾"
938,"इस इलाके की भाषा में दो भाषाएँ बोली जाती हैं, मगर अलग - अलग भाषाओं में रूसी भाषा इस्तेमाल की जाती है ।","ᱢᱳᱞᱫᱳᱵᱷᱟ ᱨᱮᱭᱟᱜ ᱨᱟᱡᱽᱫᱷᱟᱱᱤ ᱫᱚ ᱪᱤᱥᱤᱱᱟᱣ᱾ ᱴᱚᱴᱷᱟᱨᱤ ᱯᱟᱹᱨᱥᱤ ᱫᱚ ᱨᱳᱢᱟᱱᱤᱭᱟᱱ ᱠᱟᱱᱟ, ᱮᱱᱛᱮᱨᱮᱦᱚᱸ ᱨᱩᱥᱤᱭᱟᱱ ᱯᱟᱹᱨᱥᱤ ᱵᱟᱹᱲᱛᱤ ᱵᱮᱵᱷᱟᱨᱚᱜ ᱠᱟᱱᱟ᱾"
939,मोलडोवा एक बहुत ही शादीशुदा गणतंत्र है जिसने नृजातीय संघर्ष से पीड़ित किया है.,ᱢᱳᱞᱫᱳᱵᱷᱟ ᱫᱚ ᱢᱤᱫ ᱥᱟᱢᱮᱞᱟᱭ-ᱡᱟᱹᱛ ᱫᱤᱥᱣᱟᱹᱨᱟᱡᱽ ᱠᱟᱱᱟ ᱡᱟᱦᱟᱸ ᱫᱚ ᱡᱟᱹᱛᱤᱵᱟᱹᱫᱤ ᱞᱟᱹᱲᱦᱟᱹᱭ ᱨᱮ ᱢᱮᱱᱟᱜᱼᱟ᱾
940,"सन्‌ 1994 में, इस संघर्ष की वजह से पूर्वी मोलडोवा गणराज्य में खुद की सरकार और मुद्रा है, जो खुद की सरकार है लेकिन किसी भी सदस्य देश द्वारा पहचाना नहीं गया है.","᱑᱙᱙᱔ ᱨᱮ, ᱱᱚᱣᱟ ᱵᱤᱵᱟᱹᱫᱽ ᱥᱟᱢᱟᱝ ᱢᱳᱞᱫᱳᱵᱷᱟ ᱨᱮ ᱱᱤᱡᱮᱨ-ᱰᱮᱵᱽᱞᱟᱨ ᱴᱨᱟᱱᱥᱱᱤᱥᱴᱨᱤᱭᱟᱱ ᱫᱤᱥᱣᱟᱹᱨᱟᱡᱽ ᱥᱤᱨᱤᱡᱽ ᱞᱮᱫᱼᱟᱭ, ᱡᱟᱦᱟᱸ ᱨᱮᱭᱟᱜ ᱱᱤᱡᱚᱨ ᱥᱚᱨᱠᱟᱨ ᱟᱨ ᱠᱟᱹᱣᱰᱤ ᱢᱮᱱᱟᱜᱼᱟ ᱢᱮᱱᱠᱷᱟᱱ ᱡᱟᱹᱛᱤ ᱜᱟᱫᱮᱞ ᱨᱤᱱ ᱚᱠᱚᱭ ᱥᱚᱦᱮᱫ ᱫᱤᱥᱚᱢ ᱦᱚᱸ ᱢᱟᱹᱱ ᱵᱟᱝᱠᱚ ᱮᱢ ᱟᱠᱟᱫᱼᱟ᱾"
941,राजनैतिक मामलों में असफलता के बावजूद मोलडो के इन दो भागों के बीच आर्थिक कड़ी फिर से स्थापित कर दी गई है.,ᱨᱟᱡᱽᱟᱹᱨᱤ ᱜᱟᱯᱟᱞᱢᱟᱨᱟᱣ ᱨᱮ ᱦᱟᱹᱨᱥᱩᱲ ᱛᱩᱞᱩᱡ ᱦᱚᱸ ᱢᱳᱞᱫᱳᱵᱷᱟ ᱨᱮᱭᱟᱜ ᱱᱚᱣᱟ ᱠᱤᱱ ᱦᱤᱸᱥ ᱨᱮ ᱠᱟᱹᱣᱰᱤ ᱟᱹᱨᱤ ᱥᱟᱹᱜᱟᱹᱭ ᱟᱨᱦᱚᱸ ᱡᱤᱭᱟᱹᱲ ᱨᱩᱣᱟᱹᱲ ᱟᱠᱟᱱᱟ᱾
942,मोलडोवा का मुख्य धर्म ऑर्थोडॉक्स मसीही है ।,ᱢᱳᱞᱫᱳᱵᱷᱟ ᱨᱮᱱᱟᱜ ᱢᱩᱬ ᱫᱷᱚᱨᱚᱢ ᱫᱚ ᱦᱩᱭᱩᱜ ᱠᱟᱱᱟ ᱨᱩᱰᱷᱤᱵᱟᱹᱫᱤ ᱤᱥᱟᱹᱭ᱾
943,"तुर्की का तीसरा सबसे बड़ा शहर है, जिसकी आबादी 3.7 लाख है ।","ᱤᱡᱽᱢᱤᱨ ᱫᱚ ᱛᱩᱨᱠᱤ ᱨᱮᱱᱟᱜ ᱛᱮᱥᱟᱨ ᱡᱚᱛᱚ ᱠᱷᱚᱱ ᱢᱟᱨᱟᱝ ᱱᱟᱜᱟᱨ ᱠᱟᱱᱟ ᱡᱟᱦᱟᱸ ᱫᱚ ᱟᱥᱚᱠᱟᱭᱛᱮ ᱓.᱗ ᱢᱤᱞᱤᱭᱚᱱ ᱦᱚᱲ ᱛᱮ ᱛᱮᱭᱟᱨ ᱟᱠᱟᱱᱟ, ᱡᱟᱦᱟᱸ ᱫᱚ ᱤᱥᱛᱟᱱᱵᱩᱞ ᱛᱟᱭᱚᱢ ᱫᱚᱥᱟᱨ ᱢᱟᱨᱟᱝ ᱵᱚᱱᱫᱚᱨ ᱠᱟᱱᱟ, ᱟᱨ ᱢᱤᱫ ᱟᱹᱰᱤ ᱵᱷᱟᱹᱜᱤ ᱯᱚᱨᱤᱵᱚᱦᱚᱱ ᱛᱟᱞᱢᱟ ᱠᱟᱱᱟ᱾"
944,"एक बार स्मुरना के प्राचीन शहर में, यह अब एक आधुनिक, विकसित, और व्यस्त व्यापार केंद्र है ।","ᱢᱤᱫ ᱡᱮᱠᱷᱟ ᱥᱢᱤᱨᱱᱟ ᱨᱮᱱᱟᱜ ᱢᱟᱨᱮᱱ ᱱᱟᱜᱟᱨ, ᱱᱮᱛᱟᱨ ᱱᱚᱣᱟ ᱫᱚ ᱟᱫᱷᱩᱱᱤᱠ,ᱵᱤᱠᱚᱥᱤᱛ ᱟᱨ ᱵᱮᱥᱛᱚ ᱵᱟᱹᱱᱤᱡᱽ ᱛᱟᱞᱢᱟ ᱠᱟᱱᱟ, ᱡᱟᱦᱟᱸ ᱫᱚ ᱢᱤᱫ ᱢᱟᱨᱟᱝ ᱥᱟᱹᱢᱩᱫᱽ ᱛᱮ ᱮᱥᱮᱫ ᱟᱨ ᱵᱩᱨᱩ ᱛᱮ ᱜᱷᱮᱨᱟᱣ ᱟᱠᱟᱱᱟ᱾"
945,यह शहर तुर्की से भी ज़्यादा भूमध्य यूरोप का एक वातावरण है ।,"ᱟᱭᱢᱟ ᱵᱳᱣᱞᱮᱵᱷᱟᱨᱰᱠᱚ, ᱠᱟᱸᱪ ᱥᱟᱢᱱᱟ ᱵᱤᱞᱰᱤᱝ ᱟᱨ ᱱᱟᱦᱟᱜ ᱥᱳᱯᱤᱝ ᱛᱟᱞᱢᱟᱠᱚ ᱯᱟᱨᱚᱢᱯᱚᱨᱤᱠ ᱟᱨᱟᱜ-ᱴᱟᱹᱭᱤᱞ ᱪᱷᱟᱸᱛ, ᱑᱘ ᱟᱱᱟᱜ ᱥᱮᱧᱪᱩᱨᱤ ᱨᱮᱱᱟᱜ ᱵᱟᱡᱟᱨ ᱟᱨᱮ ᱢᱟᱨᱮ ᱢᱚᱥᱡᱤᱫᱽ ᱠᱚ ᱟᱨ ᱪᱚᱨᱪ ᱥᱟᱶᱛᱮ ᱵᱤᱱᱫᱩ ᱟᱠᱟᱱᱟ, ᱦᱩᱭᱠᱮᱭᱟ ᱱᱚᱣᱟ ᱱᱟᱜᱟᱨ ᱨᱮ ᱯᱟᱨᱚᱢᱯᱚᱨᱤᱠ ᱛᱩᱨᱠᱤ ᱠᱷᱚᱱ ᱵᱷᱩᱢᱚᱫᱷᱭᱚᱥᱟᱜᱚᱨ ᱭᱩᱨᱳᱯ ᱯᱚᱨᱤᱵᱮᱥ ᱵᱟᱹᱲᱛᱤ ᱢᱮᱱᱟᱜᱼᱟ᱾"
946,"यह गाँव पास के द्वीप, एस्ट्रय के बारे में विचार देता है और वहाँ एक असाधारण ऑक्टा चर्च है ।",ᱦᱚᱞᱫᱟᱨᱥᱵᱷᱤᱠ ᱨᱮᱭᱟᱜ ᱟᱹᱛᱩ ᱥᱩᱨ ᱨᱮ ᱢᱮᱱᱟᱜ ᱮᱭᱤᱥᱴᱩᱨᱳᱭ ᱴᱟᱹᱯᱩ ᱧᱮᱞ ᱡᱚᱝ ᱨᱮᱭᱟᱜ ᱨᱟᱹᱥᱠᱟᱹ ᱮᱢ ᱮᱫᱼᱟᱭ ᱟᱨ ᱱᱚᱣᱟ ᱨᱮᱱᱟᱜ ᱢᱤᱫ ᱡᱩᱫᱟᱹ ᱤᱨᱟᱹᱞᱠᱚᱬ ᱪᱚᱨᱪ ᱢᱮᱱᱟᱜᱼᱟ᱾
947,"चर्च के आँगन में, कुछ क़ब्रों में कबूतर की दिलचस्प पालियाँ पायी जाती हैं ।","ᱪᱚᱨᱪ ᱵᱮᱲᱦᱟᱭ ᱨᱮ, ᱠᱤᱪᱷᱩ ᱛᱚᱯᱟ ᱪᱮᱛᱟᱱ ᱨᱮ ᱯᱚᱛᱟᱢ ᱠᱚᱣᱟᱜ ᱢᱚᱱ ᱨᱟᱹᱥᱠᱟᱹᱜ ᱢᱟᱨᱵᱚᱞ ᱢᱩᱨᱛᱤ ᱢᱮᱱᱟᱜᱼᱟ᱾"
948,यह दिलचस्प गाँव के बारे में सैर करने के लिए आधा घंटे के लायक है.,ᱪᱚᱨᱚᱠ ᱟᱹᱛᱩ ᱨᱮ ᱟᱫᱷᱟ ᱴᱟᱬᱟᱝ ᱛᱟᱲᱟᱢ ᱵᱟᱲᱟᱭ ᱦᱚᱸ ᱟᱹᱰᱤ ᱜᱚᱱᱚᱝ ᱜᱮᱭᱟ᱾
949,"उत्तर और रास्ते में आसान - से पहुँचने के लिए, पापी शहर का रोमानी और दिलचस्प शहर है, जिसे प्रभु द्वारा दर्ज किए गए उसकी शोभा के शानदार वृत्तांत के बाद विदेशियों के लिए मशहूर किया गया ।",ᱮᱛᱚᱢ ᱨᱮ ᱟᱨ ᱟᱞᱜᱟ ᱛᱮ ᱥᱤᱱᱴᱨᱟ ᱨᱮᱭᱟᱜ ᱨᱳᱢᱟᱱᱴᱤᱠ ᱛᱮ ᱥᱮᱴᱮᱨ ᱞᱟᱹᱜᱤᱱ ᱟᱨ ᱢᱚᱱ-ᱚᱨᱚᱜ ᱱᱟᱜᱟᱨ ᱟᱨ ᱱᱚᱣᱟ ᱞᱳᱨᱰ ᱵᱟᱭᱨᱳᱱ ᱦᱚᱛᱮᱛᱮ ᱨᱮᱠᱳᱨᱰ ᱫᱚᱦᱚ ᱨᱮᱭᱟᱜ ᱪᱚᱢᱚᱛᱠᱟᱨ ᱵᱤᱵᱚᱨᱚᱱ ᱛᱟᱭᱚᱢ ᱵᱤᱫᱮᱥᱤᱠᱚ ᱞᱟᱹᱜᱤᱱ ᱯᱨᱚᱥᱤᱫᱷ ᱞᱮᱱᱟ᱾
950,"स्कॉटrb बस 403 लोग नियमित रूप से सिनट की यात्रा करते हैं, कैबो डा रोका में रोक.","ᱥᱠᱳᱴᱴᱚᱨᱵᱽ ᱵᱚᱥ ᱔᱐᱓ ᱫᱤᱱᱟᱹᱢ ᱜᱮ ᱥᱤᱱᱴᱨᱟ ᱪᱟᱞᱟᱜᱼᱟ, ᱠᱟᱵᱳ ᱫᱟ ᱨᱳᱠᱟ ᱨᱮ ᱟᱴᱠᱟᱣᱜᱼᱟ᱾"
951,"उत्तर की ओर, दुनिया - भर में मशहूर मारीया ऐंटरी (Shhin) की एक जगह हमारे लेडी सिगरी (Shin) के महान मठ में भेंट करना भी है ।","ᱟᱨᱦᱚᱸ ᱮᱛᱚᱢ ᱱᱟᱠᱷᱟ ᱦᱚᱸ ᱚᱢᱚᱨ ᱞᱮᱰᱤ ᱚᱯᱷ ᱯᱷᱟᱛᱤᱢᱟ (ᱛᱤᱨᱛᱷ) ᱨᱮᱭᱟᱜ ᱧᱩᱢᱟᱱ ᱚᱵᱷᱚᱭᱟᱨᱚᱱ ᱧᱮᱞ ᱢᱟ, ᱡᱮᱜᱮᱛ ᱡᱟᱠᱟᱛ ᱨᱮᱭᱟᱜ ᱯᱨᱚᱥᱤᱫᱷ ᱢᱮᱨᱤᱭᱳᱱ ᱞᱩᱜᱽᱲᱤ ᱨᱮᱭᱟᱜ ᱯᱨᱚᱥᱤᱫᱷ ᱡᱟᱭᱜᱟ ᱠᱟᱱᱟ᱾"
952,"कृपया याद रखें कि आप अनिवार्य रूप से एक व्यापक कब्र स्थल का दौरा कर रहे हैं, साथ ही एक साइट है कि दुनिया की जनसंख्या के एक महत्वपूर्ण भाग के लिए लगभग एक निश्चित अर्थ है.","ᱫᱟᱭᱟᱠᱟᱛᱮ ᱵᱟᱰᱟᱭ ᱫᱚᱦᱚᱭ ᱢᱟ ᱡᱮ ᱟᱢ ᱢᱩᱬ ᱠᱟᱛᱮ ᱢᱤᱫ ᱥᱟᱢᱮᱞᱟᱭ ᱢᱟᱬᱜᱷᱟᱹᱴᱤ ᱦᱤᱨᱤ ᱮᱫᱼᱟᱢ, ᱥᱟᱶᱛᱮ ᱱᱚᱝᱠᱟᱱ ᱢᱤᱫ ᱱᱚᱝᱠᱟ ᱡᱟᱭᱜᱟ ᱨᱮ ᱪᱟᱞᱟᱜ ᱠᱟᱱᱟᱢ ᱡᱟᱦᱟᱸ ᱨᱮᱭᱟᱜ ᱫᱩᱱᱭᱟᱹ ᱡᱟᱠᱟᱛ ᱦᱚᱲ ᱞᱮᱠᱷᱟ ᱢᱤᱫ ᱡᱩᱫᱟᱹ ᱦᱤᱸᱥ ᱞᱟᱹᱜᱤᱱ ᱟᱥᱚᱠᱟᱭᱛᱮ ᱵᱟᱝ-ᱫᱟᱲᱮᱜ ᱢᱮᱱᱮᱛᱟᱱ ᱞᱮᱠᱷᱟ ᱢᱮᱱᱟᱜᱼᱟ᱾"
953,"उन में से बहुत से पुरूष और स्त्रियां भी हैं, जो अपने समय से बच गए, और बहुत से प्रिय जन जिन्हों ने वहां मार डाला, और मार डाले गए, और मार डाले गए, और यहूदी और ग़ैरयहूदी दोनों एक समान थे।","ᱱᱮᱛᱟᱨ ᱦᱚᱸ ᱟᱭᱢᱟ ᱠᱚᱲᱟᱠᱚ ᱟᱨ ᱢᱟᱹᱭᱡᱩᱠᱚ ᱵᱟᱧᱪᱟᱣ ᱢᱮᱱᱟᱜ ᱠᱚᱣᱟ ᱡᱟᱦᱟᱸᱭ ᱠᱚ ᱱᱚᱸᱰᱮ ᱟᱯᱱᱟᱨᱟᱜ ᱚᱱᱟ ᱚᱠᱛᱚ ᱡᱤᱭᱚᱱ ᱠᱷᱟᱱᱰᱟᱣ ᱞᱮᱫᱼᱟᱠᱚ, ᱟᱨ ᱟᱨᱦᱚᱸ ᱟᱭᱢᱟ ᱡᱟᱦᱟᱸᱭ ᱠᱚ ᱱᱤᱡᱚᱨᱟᱱ ᱦᱚᱲᱠᱚ ᱱᱟᱥ ᱞᱮᱫ ᱠᱚᱣᱟ ᱵᱟᱝᱢᱟ ᱢᱚᱨᱚᱱᱚᱜ ᱦᱟᱹᱵᱤᱡ ᱚᱸᱰᱮ ᱠᱟᱹᱢᱤ ᱞᱮᱫᱼᱟᱠᱚ, ᱤᱦᱩᱫᱤ ᱟᱨ ᱵᱟᱝ-ᱤᱦᱩᱫᱤ ᱠᱚᱦᱚᱸ᱾"
954,यह मत सोचिए कि यहूदी धर्म - युद्ध या नात्ज़ियों के बारे में मज़ाक उड़ा रहे हैं ।,"ᱫᱟᱭᱟᱠᱟᱛᱮ ᱥᱟᱭᱤᱴ ᱫᱚ ᱡᱚᱛᱚ ᱞᱮᱠᱟᱱ ᱥᱚᱱᱢᱟᱱ, ᱚᱱᱛᱚᱨ ᱟᱨ ᱥᱟᱶᱛᱮ ᱢᱟᱹᱱ ᱨᱮᱭᱟᱜ ᱦᱚᱠᱫᱟᱨ ᱢᱮᱱᱟᱜ ᱟᱠᱟᱫ ᱛᱟᱭᱟ᱾ ᱦᱳᱞᱠᱳᱥᱴ ᱵᱟᱝᱢᱟ ᱱᱟᱡᱤᱠᱚ ᱪᱮᱛᱟᱱ ᱨᱮ ᱟᱞᱚ ᱵᱚ ᱵᱷᱚᱲᱚᱠ ᱢᱟ᱾"
955,संरचनाओं में चित्र लगाने या लगाने के द्वारा स्थल को धक्का मत दीजिए ।,ᱵᱷᱤᱛ ᱪᱤᱛᱟᱹᱨ ᱫᱚ ᱜᱟᱨ ᱵᱟᱝᱢᱟ ᱜᱟᱥᱟᱣ ᱟᱛᱮ ᱟᱞᱚᱵᱚᱱ ᱠᱷᱟᱨᱟᱯ ᱢᱟ᱾
956,"बार्सिलोना के सरकारी भाषाएँ हैं केटालन और स्पैनिश. लगभग आधा पसंद है के बारे में, एक अधिकांश लोग इसे समझते हैं, और लगभग हर कोई स्पैनिश जानता है.","ᱵᱟᱨᱥᱮᱞᱳᱱᱟ ᱨᱮᱭᱟᱜ ᱟᱹᱢᱟᱹᱞᱤ ᱯᱟᱹᱨᱥᱤ ᱫᱚ ᱦᱩᱭᱩᱜ ᱠᱟᱱᱟ ᱠᱟᱴᱟᱞᱟᱱ ᱟᱨ ᱥᱯᱟᱱᱤᱥ᱾ ᱟᱥᱚᱠᱟᱭᱛᱮ ᱟᱫᱷᱟ ᱦᱚᱲ ᱠᱟᱴᱟᱞᱟᱱ ᱯᱟᱹᱨᱥᱤ ᱛᱮ ᱨᱚᱲ ᱠᱚ ᱯᱚᱥᱚᱸᱫᱟ, ᱟᱭᱢᱟ ᱢᱟᱨᱟᱝ ᱥᱟᱢᱮᱞᱟᱭ ᱱᱚᱣᱟ ᱠᱚ ᱵᱩᱡᱷᱟᱹᱣᱟ, ᱟᱨ ᱛᱤᱱᱟᱹᱜ ᱜᱟᱱ ᱥᱯᱟᱱᱤᱥ ᱯᱟᱹᱨᱥᱤ ᱠᱚ ᱵᱟᱰᱟᱭᱟ᱾"
957,"लेकिन, अधिकांश चिन्ह केवल केटालन में सूचित किए जाते हैं क्योंकि यह पहली औपचारिक भाषा के रूप में व्यवस्था द्वारा स्थापित किया जाता है ।","ᱮᱱᱦᱚᱸ, ᱟᱭᱢᱟ ᱪᱤᱱᱦᱟᱹ ᱠᱟᱴᱟᱞᱟᱱ ᱨᱮ ᱵᱮᱵᱷᱟᱨᱚᱜ ᱠᱟᱱᱟ ᱪᱮᱫᱟᱜᱥᱮ ᱱᱚᱣᱟ ᱫᱚ ᱠᱟᱹᱱᱩᱱ ᱞᱮᱠᱟᱛᱮ ᱯᱩᱭᱞᱩ ᱟᱹᱢᱟᱹᱞᱤ ᱯᱟᱹᱨᱥᱤ ᱛᱷᱟᱹᱯᱤᱛ ᱟᱠᱟᱱᱟ᱾"
958,"फिर भी, सार्वजनिक परिवहन और दूसरी सुविधाओं में भी स्पैनिश इस्तेमाल की जाती है ।","ᱮᱱᱛᱮ ᱨᱮᱦᱚᱸ, ᱥᱟᱢᱮᱞᱟᱭ ᱛᱮ ᱯᱚᱨᱤᱵᱚᱦᱚᱱ ᱟᱨ ᱮᱴᱟᱜ ᱥᱩᱵᱤᱫᱷᱟ ᱠᱚᱨᱮ ᱥᱯᱟᱱᱤᱥ ᱦᱚᱸ ᱵᱟᱹᱲᱛᱤ ᱠᱟᱭᱛᱮ ᱵᱮᱵᱷᱟᱨᱚᱜ ᱠᱟᱱᱟ᱾"
959,"लेकिन अलग - अलग भाषाओं में स्पैनिश, फ्रांसीसी, अरबी और जापानी जैसी अलग - अलग भाषाओं में अलग - अलग भाषाएँ बोली जाती हैं ।","ᱢᱮᱴᱨᱳ ᱨᱮ ᱞᱮᱛᱟᱲ ᱩᱪᱷᱟᱹᱱ ᱠᱷᱟᱹᱞᱤ ᱠᱟᱴᱟᱞᱟᱱ ᱛᱮᱜᱮ ᱠᱚᱨᱟᱣᱜ ᱠᱟᱱᱟ, ᱢᱮᱱᱠᱷᱟᱱ ᱱᱤᱡᱚᱨ ᱯᱚᱨᱛᱚᱱ ᱥᱟᱯᱲᱟᱣ ᱨᱮ ᱞᱮᱠᱟᱱ ᱴᱚᱴᱷᱟᱨᱤ ᱯᱟᱹᱨᱥᱤ ᱤᱸᱜᱽᱞᱤᱥ,ᱥᱯᱟᱱᱤᱥ,ᱯᱷᱨᱮᱸᱪ,ᱟᱨᱚᱵᱤᱠ ᱟᱨ ᱡᱟᱯᱟᱱᱤ ᱯᱟᱹᱨᱥᱤ ᱛᱮ ᱠᱚᱨᱟᱣᱜ ᱠᱟᱱᱟ᱾"
960,"पैरिस के लोग घमंडी, कठोर और घमंडी होने के लिए जाने जाते हैं ।","ᱯᱚᱨᱥᱤᱭᱟᱱ ᱦᱚᱲ ᱠᱚᱫᱚ ᱜᱚᱨᱚᱵᱽ, ᱚᱵᱷᱚᱫᱽᱨᱚ ᱟᱨ ᱜᱚᱨᱚᱵᱽ ᱦᱚᱲ ᱦᱩᱭᱩᱜ ᱨᱮᱭᱟᱜ ᱧᱩᱢ ᱦᱟᱞᱟᱝ ᱟᱠᱟᱫ ᱟᱠᱚ᱾"
961,"जबकि यह केवल एक गलत विचार है, पेरिस में प्रवेश करने का सबसे अच्छा तरीका अभी भी अपने सबसे अच्छा व्यवहार पर होना है, किसी ऐसे व्यक्ति के जैसे काम करना है जो ""एलेव्व"" (एलवीव) है। यह बहुत आसान हो जाएगा।","⁣ᱦᱩᱭᱠᱮᱭᱟ ᱱᱚᱣᱟ ᱟᱥᱚᱠᱟᱭᱛᱮ ᱦᱩᱲᱟᱹᱜ ᱥᱴᱮᱨᱤᱭᱳᱴᱟᱭᱤᱯ ᱠᱟᱱᱟ, ᱮᱱᱛᱮ ᱨᱮᱦᱚᱸ ᱯᱭᱟᱨᱤᱥ ᱨᱮ ᱢᱤᱫᱚᱜ ᱨᱮᱭᱟᱜ ᱡᱚᱛᱚ ᱠᱷᱚᱱ ᱵᱷᱟᱹᱜᱤ ᱩᱯᱟᱹᱭ ᱫᱚ ᱦᱩᱭᱩᱜ ᱠᱟᱱᱟ ᱟᱢᱟᱜ ᱱᱟᱯᱟᱭ ᱵᱮᱵᱷᱟᱨ ᱨᱮ ᱛᱟᱦᱮᱸᱱ, ""ᱵᱤᱭᱮᱱ ᱮᱞᱤᱵᱷ"" (ᱱᱟᱯᱟᱭ ᱞᱮᱠᱟᱛᱮ ᱟᱹᱜᱩ ᱟᱠᱟᱱᱟ) ᱱᱚᱣᱟ ᱧᱟᱢ ᱟᱹᱰᱤ ᱟᱞᱜᱟ ᱜᱚᱫ ᱠᱟᱜᱼᱟᱭ᱾"
962,पेरिस्स के बाहरी बाहर तेजी से उड़ा देंगे अगर आप कुछ मूल अदालतओं को प्रदर्शित करेंगे.,ᱡᱩᱫᱤ ᱟᱢ ᱛᱤᱱᱟᱹᱜ ᱵᱩᱱᱭᱟᱹᱫᱤ ᱵᱮᱵᱷᱟᱨ ᱥᱚᱫᱚᱨ ᱮᱫᱼᱟᱢ ᱮᱱᱠᱷᱟᱱ ᱯᱟᱨᱥᱤᱭᱟᱱ ᱠᱚᱣᱟᱜ ᱵᱟᱦᱨᱮ ᱦᱤᱸᱥ ᱞᱚᱜᱚᱱ ᱜᱮ ᱢᱤᱞᱟᱹᱣ ᱪᱟᱵᱟ ᱩᱛᱟᱹᱨᱚᱜᱼᱟ᱾
963,यहाँ के जंगलों में बहुत - से पेड़ पाए जाते हैं ।,"ᱯᱞᱤᱴᱵᱷᱟᱭᱤᱥ ᱡᱟᱞᱟ-ᱯᱩᱠᱷᱨᱤ ᱡᱟᱹᱛᱤᱭᱟᱹᱨᱤ ᱵᱟᱲᱜᱮ ᱨᱮ ᱢᱩᱬ ᱠᱟᱭᱛᱮ ᱵᱤᱪ, ᱥᱯᱨᱩᱥ, ᱟᱨ ᱫᱮᱵᱽᱫᱟᱨᱩ ᱫᱟᱨᱮ ᱛᱮ ᱥᱚᱠᱛᱚ ᱵᱤᱨ ᱟᱠᱟᱱᱟ, ᱟᱨ ᱱᱚᱸᱰᱮ ᱟᱞᱯᱟᱭᱤᱱ ᱟᱨ ᱵᱷᱩᱢᱚᱫᱷᱭᱚᱥᱟᱜᱚᱨ ᱵᱤᱨᱵᱩᱨᱩ ᱢᱤᱞᱟᱹᱣ ᱦᱚᱸ ᱢᱮᱱᱟᱜᱼᱟ᱾"
964,"इस पेड़ में तरह - तरह के पौधे नहीं होते, इसलिए अलग - अलग मिट्टी और ऊँचाई के अलग - अलग स्तर होते हैं ।","ᱱᱚᱸᱰᱮᱱᱟᱜ ᱥᱩᱠᱷᱢᱚ ᱡᱚᱞᱚᱵᱟᱭᱩ, ᱡᱩᱫᱟᱹᱼᱡᱩᱫᱟᱹ ᱦᱟᱥᱟ, ᱟᱨ ᱩᱥᱩᱞ ᱨᱮᱭᱟᱜ ᱡᱩᱫᱟᱹᱼᱡᱩᱫᱟᱹ ᱚᱡᱮ ᱠᱷᱟᱹᱛᱤᱨ ᱱᱚᱸᱰᱮ ᱟᱭᱢᱟ ᱞᱮᱠᱟᱱ ᱫᱟᱨᱮᱠᱚ ᱢᱮᱱᱟᱜᱼᱟ᱾"
965,इस इलाके में जानवरों और पक्षियों की अलग - अलग जातियों का भी घर है ।,ᱱᱚᱣᱟ ᱴᱚᱴᱷᱟ ᱨᱮ ᱟᱭᱢᱟ ᱞᱮᱠᱟᱱ ᱡᱟᱱᱣᱟᱨ ᱟᱨ ᱪᱮᱬᱮ ᱡᱟᱹᱛ ᱛᱟᱦᱮᱸᱱ ᱠᱟᱱᱟ ᱠᱚ᱾
966,इनकी वजह से वहाँ बहुत - सी आम जाति भी पायी जा सकती है ।,"ᱭᱩᱨᱳᱯᱤᱭᱟᱱ ᱵᱽᱨᱟᱣᱩᱱ ᱵᱟᱱᱟ, ᱣᱳᱞᱯᱷ, ᱤᱜᱚᱞ, ᱠᱚᱠᱚᱨ, ᱞᱤᱱᱮᱠᱥ, ᱵᱤᱨᱯᱩᱥᱤ ᱟᱨ ᱠᱟᱯᱮᱨᱠᱮᱭᱞᱤ ᱞᱮᱠᱟᱱ ᱢᱟᱦᱨᱚᱜᱽ ᱡᱤᱵᱽᱡᱤᱭᱟᱹᱞᱤ ᱚᱸᱰᱮ ᱟᱭᱢᱟ ᱥᱟᱫᱷᱟᱨᱚᱱ ᱡᱟᱹᱛᱠᱚ ᱥᱟᱶᱛᱮ ᱧᱮᱞ ᱧᱟᱢᱚᱜ ᱜᱮᱭᱟ ᱠᱚ᱾"
967,"मठों का दौरा करते वक्‍त, स्त्रियों से कहा जाता है कि वे कपड़े पहनते हैं और अपने कंधों पर भी छाते हैं ।",ᱢᱳᱴᱷᱚ ᱠᱚ ᱦᱤᱨᱤ ᱚᱠᱛᱮ ᱢᱟᱹᱭᱡᱩ ᱠᱚᱫᱚ ᱴᱷᱤᱴᱬᱟᱹᱜ ᱦᱟᱹᱵᱤᱡ ᱮᱥᱮᱫᱚᱜ ᱥᱠᱳᱨᱴ ᱦᱚᱨᱚᱜ ᱞᱟᱹᱠᱛᱤᱭᱟᱠᱚ ᱟᱨ ᱩᱱᱠᱩᱣᱟᱜ ᱛᱟᱨᱮᱱ ᱦᱚᱸ ᱮᱥᱮᱫ ᱛᱟᱦᱮᱸᱱᱟ᱾
968,"ज़्यादातर मठों के लिए जो तैयार हैं, उन महिलाओं के लिए जो जल्दी आते हैं, लेकिन अगर आप अपने आप को लाते हैं, विशेष रूप से उज्ज्वल रंग के साथ एक, आप प्रवेश द्वार पर एक नाविक या नन से एक मुस्कान मिलेगी.","ᱟᱭᱢᱟ ᱢᱳᱴᱷᱚ ᱠᱚᱜᱮ ᱩᱱᱠᱩ ᱢᱟᱹᱭᱡᱩᱠᱚ ᱞᱟᱹᱜᱤᱱ ᱵᱟᱝ ᱥᱟᱯᱲᱟᱣ ᱟᱠᱟᱱ ᱦᱚᱨᱚᱜᱟᱜ ᱦᱟᱹᱴᱤᱧ ᱮᱫᱼᱟᱠᱚ, ᱡᱩᱫᱤ ᱟᱢᱟᱜ ᱱᱤᱡᱚᱨᱟᱜ ᱟᱹᱜᱩᱭᱟᱢ, ᱵᱤᱥᱮᱥ ᱠᱟᱭᱛᱮ ᱪᱚᱢᱠᱟᱣ ᱨᱚᱝ ᱥᱟᱶ, ᱮᱱᱠᱷᱟᱱ ᱟᱯᱮ ᱫᱚ ᱦᱟᱹᱬᱩᱠᱚ ᱵᱟᱝᱢᱟ ᱱᱚᱱ ᱠᱚᱴᱷᱮᱱ ᱠᱷᱚᱱ ᱵᱚᱞᱚᱱ ᱦᱚᱨ ᱨᱮ ᱞᱟᱸᱫᱽ ᱯᱮ ᱧᱟᱢᱟ᱾"
969,"साथ ही, घुटनों को ढककर पहनने के लिए पुरुषों से भी माँग की जाती है ।","ᱥᱚᱢᱟᱱ ᱫᱷᱟᱹᱲ ᱛᱮ, ᱠᱚᱲᱟ ᱠᱚᱫᱚ ᱴᱷᱤᱴᱬᱟᱹᱜ ᱦᱟᱹᱵᱤᱡ ᱮᱥᱮᱫᱚᱜ ᱴᱨᱟᱣᱡᱚᱨ ᱦᱚᱨᱚᱜ ᱞᱟᱹᱠᱛᱤᱭᱟ᱾"
970,"यह भी द्वार पर काठ से उधार लिया जा सकता है, लेकिन कि कपड़े हर उपयोक्ता के बाद नहीं धोये हैं ताकि आप इन कच्चे कपड़े नहीं पहन सकते। एक आकार मनुष्यों के लिए ठीक बैठता है!",ᱱᱚᱣᱟ ᱦᱚᱸ ᱵᱚᱞᱚᱱ ᱫᱩᱣᱟᱹᱨ ᱨᱮ ᱥᱴᱳᱠ ᱠᱷᱚᱱ ᱩᱫᱷᱟᱹᱨ ᱦᱟᱛᱟᱣ ᱫᱟᱲᱮᱭᱟᱜᱼᱟᱢ ᱤᱠᱷᱟᱹᱱ ᱚᱱᱟ ᱞᱩᱜᱽᱲᱤ ᱚᱠᱚᱭ ᱦᱚᱨᱚᱜᱤᱭᱟᱹ ᱦᱚᱸ ᱵᱟᱭ ᱥᱟᱯᱷᱟᱭᱟ ᱚᱱᱟᱛᱮ ᱟᱯᱮ ᱱᱚᱣᱟ ᱥᱠᱳᱴ ᱦᱚᱨᱚᱜ ᱫᱚ ᱟᱨᱟᱢ ᱵᱟᱝᱯᱮ ᱟᱹᱭᱠᱟᱹᱣ ᱫᱟᱲᱮᱭᱟᱜᱼᱟ᱾ ᱠᱚᱲᱟ ᱠᱚ ᱞᱟᱹᱜᱤᱱ ᱢᱤᱫ ᱥᱟᱹᱭᱤᱡᱽ ᱜᱮ ᱡᱩᱛᱩᱜᱼᱟ!
971,"भूमध्य सागर में समान क्षेत्रों के समान, रोटी, सब्ज़ियाँ और मांस (जोकिन) पर आधारित है, और पूरे भर में जैतून के तेल का प्रयोग करता है ।","ᱢᱮᱡᱳᱨᱠᱟᱱ ᱤᱥᱤᱱ ᱡᱚᱢᱟᱜ, ᱵᱷᱩᱢᱚᱫᱷᱭᱚ ᱥᱟᱜᱚᱨ ᱨᱮᱭᱟᱜ ᱥᱚᱢᱟᱱ ᱡᱳᱱ ᱞᱮᱠᱟ, ᱨᱩᱴᱤ, ᱵᱟᱲᱜᱮ ᱵᱮᱨᱮᱞ ᱟᱨ ᱡᱤᱞ (ᱵᱤᱥᱮᱥ ᱠᱟᱭᱛᱮ ᱥᱩᱠᱨᱤ) ᱪᱮᱛᱟᱱ ᱨᱮ ᱢᱩᱬ ᱠᱚᱜᱼᱟ ᱟᱨ ᱳᱞᱤᱵᱷ ᱥᱩᱱᱩᱢ ᱵᱮᱵᱷᱟᱨ ᱠᱚᱜᱼᱟ᱾"
972,"गर्मियों के दौरान, खास तौर से गर्मियों में एक साधारण भोजन होता है: जैतून तेल, खनिज, और पनीर, मछली, इत्यादि जैसी कोई भी उपलब्ध सामग्री ।","ᱵᱤᱥᱮᱥ ᱠᱟᱭᱛᱮ ᱥᱤᱛᱩᱝ ᱚᱠᱛᱚ ᱨᱮ ᱢᱤᱫ ᱦᱟᱹᱞᱠᱟᱹ ᱠᱤᱫᱩᱜ ᱡᱚᱢ ᱫᱚ ᱦᱩᱭᱩᱜ ᱠᱟᱱᱟ ᱯᱟ ᱟᱢᱵᱽ ᱳᱞᱤ: ᱳᱞᱤᱵᱷ ᱥᱩᱱᱩᱢ, ᱵᱤᱞᱟᱹᱛᱤ, ᱟᱨ ᱡᱟᱦᱟᱸ ᱞᱮᱠᱟᱱ ᱧᱟᱢᱚᱜ ᱢᱚᱥᱞᱟ ᱡᱮᱢᱚᱱ ᱯᱚᱱᱤᱨ, ᱴᱩᱱᱟᱯᱷᱤᱥ ᱮᱢᱟᱱ ᱥᱟᱶᱛᱮ ᱨᱩᱴᱤ᱾"
973,"सभी संज्ञाओं, आप के लिए शब्द सिल के साथ, हमेशा एक राजधानी पत्र से शुरू करते हैं, यहाँ तक कि एक वाक्य के बीच में भी.","ᱡᱚᱛᱚ ᱧᱩᱱᱩᱢᱠᱚ, ᱟᱢ ᱞᱟᱹᱜᱤᱱ ᱥᱟᱭ ᱟᱹᱲᱟᱹ ᱥᱟᱶ, ᱞᱮᱛᱟᱲ ᱜᱮ ᱢᱤᱫ ᱢᱟᱨᱟᱝ ᱟᱠᱷᱚᱨ ᱥᱟᱶ ᱮᱦᱚᱵᱚᱜᱼᱟ, ᱢᱤᱫ ᱟᱹᱭᱟᱹᱛ ᱨᱮᱭᱟᱜ ᱛᱟᱞᱟᱢᱟᱞᱟ ᱨᱮᱦᱚᱸ᱾"
974,यह कुछ क्रियाओं और वस्तुओं के बीच अंतर करने का एक महत्त्वपूर्ण तरीक़ा है ।,ᱠᱤᱪᱷᱩ ᱠᱟᱱᱣᱟᱠᱚ ᱟᱨ ᱵᱟᱹᱥᱛᱩᱠᱚ ᱢᱩᱸᱫᱽᱨᱮ ᱟᱞᱟᱜᱽ ᱨᱮᱭᱟᱜ ᱱᱚᱣᱟ ᱫᱚ ᱢᱤᱫ ᱮᱦᱮᱢᱟᱱ ᱦᱚᱨᱟ ᱠᱟᱱᱟ᱾
975,"यह पढ़ना आसान भी बनाता है, हालाँकि लिखने की ज़रूरत को यह पता लगाने की ज़रूरत से कुछ जटिल है कि क्या एक क्रिया या क्रिया - क्रिया का प्रयोग एक उपभोगिक रूप में किया जाता है या नहीं ।","ᱱᱚᱣᱟ ᱫᱚ ᱡᱩᱠᱛᱤ ᱥᱟᱶᱛᱮ ᱯᱟᱲᱦᱟᱣ ᱦᱚᱸᱭ ᱟᱞᱜᱟ ᱠᱟᱜᱼᱟᱭ, ᱦᱩᱭ ᱫᱟᱲᱮᱭᱟᱜᱼᱟ ᱱᱚᱣᱟ ᱚᱞ ᱠᱤᱪᱷᱩ ᱜᱟᱱᱨᱮ ᱢᱤᱫ ᱠᱟᱱᱣᱟ ᱵᱟᱝᱢᱟ ᱜᱩᱱᱩᱱ ᱢᱤᱫ ᱞᱮᱛᱟᱲ ᱛᱟᱲ ᱨᱮ ᱵᱮᱵᱷᱟᱨ ᱦᱩᱭ ᱫᱟᱲᱮᱭᱟᱜᱼᱟI"
976,इतालवी में उच्चारण तुलनात्मक रूप से आसान है क्योंकि अधिकांश शब्दों को ठीक - ठीक कहा जाता है कि वे कैसे लिखे जाते हैं,"ᱨᱟᱹᱲ ᱫᱚ ᱤᱴᱟᱞᱤᱭᱟᱱ ᱨᱮ ᱟᱥᱚᱠᱟᱭᱛᱮ ᱟᱞᱜᱟ ᱦᱩᱭ ᱠᱮᱭᱟ, ᱪᱮᱫᱟᱜᱥᱮ ᱪᱮᱛᱟᱱ ᱨᱟᱦᱟ ᱠᱷᱚᱱ ᱨᱟᱹᱲ ᱟᱥᱚᱠᱟᱭᱛᱮ ᱟᱞᱜᱟ ᱜᱮᱭᱟ᱾"
977,इसके बाद के स्वरों पर उनके उच्चारण अलग - अलग तरीके से आधारित होते हैं ।,"ᱫᱷᱮᱭᱟᱱ ᱮᱢᱟᱜ ᱢᱩᱬ ᱟᱠᱷᱚᱨ ᱠᱤᱱ ᱫᱚ ᱦᱩᱭᱩᱜ ᱠᱟᱱᱟ c ᱟᱨ g, ᱪᱮᱫᱟᱜᱥᱮ ᱚᱱᱟ ᱠᱤᱱᱟᱜ ᱨᱟᱹᱲ ᱞᱟᱛᱟᱨ ᱨᱟᱦᱟ ᱟᱫᱷᱟᱨ ᱛᱮ ᱡᱩᱫᱟᱹ ᱜᱮᱭᱟ᱾"
978,"इसके अतिरिक्‍त, इसे अलग प्रकार से घोषित करने का निश्‍चित कीजिए: कारओ का अर्थ है प्रिय, जबकि काररो का अर्थ रथ है ।","ᱟᱨᱦᱚᱸ, r ᱟᱨ rr ᱠᱤᱱ ᱡᱩᱫᱟᱹᱼᱡᱩᱫᱟᱹ ᱯᱩᱥᱴᱟᱹᱣ ᱠᱤᱱ ᱨᱮᱭᱟᱜ ᱱᱤᱥᱪᱤᱛ ᱢᱟ: ᱠᱟᱨᱳ ᱨᱮᱭᱟᱜ ᱢᱮᱱᱮᱛ ᱫᱚ ᱫᱩᱞᱟᱹᱲ, ᱡᱟᱦᱟᱸᱨᱮ ᱠᱟᱨᱨᱳ ᱨᱮᱭᱟᱜ ᱢᱮᱱᱮᱛ ᱫᱚ ᱨᱟᱛᱷ ᱠᱟᱱᱟ᱾"
979,फारसी के पास अपेक्षाकृत आसान और सामान्यतः नियमित व्याकरण है ।,ᱯᱚᱨᱥᱤᱭᱟᱱ ᱛᱩᱞᱚᱱᱟᱛᱢᱚᱠ ᱟᱞᱜᱟ ᱟᱨ ᱟᱥᱚᱠᱟᱭᱛᱮ ᱟᱹᱰᱤ ᱞᱮᱛᱟᱲ ᱨᱚᱱᱚᱲ ᱢᱮᱱᱟᱜᱼᱟ᱾
980,"इसलिए, इस व्याकरण प्रधानमंत्री को पढ़ने से आप फारसी व्याकरण के बारे में बहुत कुछ सीख सकेंगे और वाक्यांशों को बेहतर समझ पाएँगे ।","ᱚᱱᱟᱛᱮ, ᱱᱚᱣᱟ ᱨᱚᱱᱚᱲ ᱯᱨᱟᱭᱢᱚᱨ ᱠᱚ ᱯᱚᱲᱦᱚᱱ ᱞᱮᱠᱷᱟᱱ ᱯᱷᱟᱨᱥᱤ ᱨᱚᱱᱚᱲ ᱵᱟᱨᱮ ᱛᱮ ᱟᱹᱰᱤ ᱠᱤᱪᱷᱩ ᱪᱮᱫᱚᱜ ᱧᱟᱢᱚᱜᱼᱟ, ᱠᱷᱟᱹᱰᱭᱟᱹ ᱟᱹᱭᱟᱹᱛ ᱠᱚ ᱵᱩᱯᱩᱡᱷᱟᱹᱣ ᱨᱮ ᱟᱞᱜᱟ ᱜᱚᱲᱚ ᱧᱟᱢᱚᱜᱼᱟ᱾"
981,"यह कहना मुश्‍किल होगा कि अगर आप एक रोमी भाषा जानते हैं, तो आप पुर्तगाली सीखना आसान होगा ।","ᱞᱟᱹᱭ ᱨᱮᱭᱟᱜ ᱞᱟᱹᱠᱛᱤ ᱵᱟᱹᱱᱩᱜᱼᱟ, ᱡᱩᱫᱤ ᱟᱢ ᱢᱤᱫ ᱨᱳᱢᱟᱢᱱᱥ ᱯᱟᱹᱨᱥᱤ ᱵᱟᱰᱟᱭ ᱟᱠᱟᱫᱼᱟᱢ, ᱮᱱᱠᱷᱟᱱ ᱟᱢ ᱞᱟᱹᱜᱤᱱ ᱯᱚᱨᱛᱩᱜᱤᱡᱽ ᱪᱮᱫᱚᱜ ᱟᱞᱜᱟ ᱦᱩᱭᱩᱜᱼᱟ᱾"
982,"लेकिन, जो लोग थोड़ी - बहुत स्पैनिश जानते हैं, वे इस नतीजे पर पहुँच सकते हैं कि पुर्तगाली इतना करीब है कि इसे अलग - अलग तरीके से नहीं पढ़ना चाहिए ।","ᱮᱱᱦᱚᱸ, ᱡᱟᱦᱟᱸᱭ ᱦᱚᱲᱠᱚ ᱱᱟᱥᱮ ᱥᱯᱟᱱᱤᱥ ᱠᱚ ᱵᱟᱰᱟᱭᱟ ᱩᱱᱠᱩ ᱱᱚᱣᱟ ᱨᱮᱭᱟᱜ ᱞᱚᱜᱚᱱ ᱜᱮ ᱦᱩᱫᱤᱥᱠᱚ ᱚᱰᱚᱠ ᱫᱟᱲᱮᱭᱟᱜᱼᱟ ᱡᱮ ᱯᱚᱨᱛᱩᱜᱤᱡᱽ ᱥᱟᱶ ᱥᱩᱯᱩᱨ ᱜᱮᱭᱟ ᱟᱨ ᱡᱩᱫᱟᱹ ᱛᱮ ᱯᱚᱲᱦᱚᱱ ᱨᱮᱭᱟᱜ ᱞᱟᱹᱠᱛᱤ ᱵᱟᱹᱱᱩᱜᱼᱟ᱾"
983,"आज आम तौर पर पुराने ज़माने में मशहूर हो रहे हैं, और विज्ञान की साइटों के रूप में रहते हैं.","ᱢᱟᱬᱟᱝ-ᱱᱟᱦᱟᱜ ᱯᱚᱨᱡᱚᱵᱮᱠᱷᱭᱚᱬ ᱠᱚ ᱟᱥᱚᱠᱟᱭᱛᱮ ᱱᱮᱛᱟᱨ ᱪᱚᱞᱚᱛ ᱢᱮᱱᱟᱜᱼᱟ, ᱟᱨ ᱢᱤᱣᱡᱤᱭᱚᱢ ᱠᱚᱨᱮ, ᱵᱟᱝᱢᱟ ᱥᱮᱪᱮᱫ ᱴᱷᱟᱣ ᱠᱚᱨᱮ ᱛᱟᱦᱮᱸᱱ ᱠᱟᱱᱟ᱾"
984,"जैसे उनके दिनों में प्रकाश प्रदूषण था वह आज की समस्या नहीं थी, वे आम तौर पर शहरों या बाज़ार में रहते हैं, जो आधुनिक समय में बनाए गए लोगों से ज़्यादा आसान हैं ।","ᱛᱮᱦᱮᱧ ᱞᱮᱠᱟ ᱟᱠᱚᱣᱟᱜ ᱫᱤᱱ ᱨᱮ ᱢᱟᱨᱥᱟᱞ ᱯᱚᱞᱩᱥᱚᱱ ᱫᱚ ᱮᱴᱠᱮᱴᱚᱬᱮ ᱵᱟᱭ ᱛᱟᱦᱮᱸᱠᱟᱱᱟ, ᱚᱱᱟᱠᱚ ᱫᱚ ᱫᱚ ᱵᱟᱡᱟᱨ ᱨᱮ ᱢᱮᱱᱟᱜᱼᱟ ᱟᱨᱵᱟᱝ ᱠᱮᱢᱯᱚᱥ,ᱱᱮᱛᱟᱨ ᱚᱠᱛᱚ ᱵᱮᱱᱟᱣ ᱟᱠᱟᱱᱟᱜ ᱟᱞᱜᱟ ᱛᱮ ᱥᱮᱴᱮᱨ ᱜᱟᱱᱚᱜᱼᱟ᱾"
985,"ज़्यादातर आधुनिक शोध दूरदर्शी दूर - दराज़ इलाकों में बड़ी सुविधाओं से भरे होते हैं, जिनमें वायुमंडलीय परिस्थितियों का अनुकूल प्रभाव होता है ।",ᱟᱭᱢᱟ ᱱᱟᱦᱟᱜ ᱠᱷᱚᱸᱫᱽᱨᱚᱱ ᱴᱮᱞᱤᱥᱠᱳᱯ ᱠᱚᱫᱚ ᱯᱷᱮᱵᱳᱨᱮᱵᱚᱞ ᱦᱟᱣᱟᱢᱚᱱᱰᱚᱞ ᱚᱵᱚᱥᱛᱟ ᱠᱚ ᱥᱟᱶ ᱫᱩᱨᱜᱚᱢ ᱡᱟᱭᱜᱟ ᱨᱮ ᱟᱹᱰᱤ ᱥᱩᱵᱤᱫᱷᱟᱭᱟᱭI
986,सन्‌ 8वीं सदी से जापानी संस्कृति का एक हिस्सा है ।,"ᱪᱮᱨᱤ ᱵᱟᱦᱟ ᱧᱮᱞ, ᱡᱟᱦᱟᱸ ᱫᱚ ᱦᱟᱱᱟᱢᱤ ᱞᱮᱠᱟᱛᱮ ᱵᱟᱰᱟᱭ ᱢᱮᱱᱟᱜᱼᱟ, ᱘ ᱟᱱᱟᱜ ᱥᱮᱧᱪᱩᱨᱤ ᱠᱷᱚᱱ ᱡᱟᱯᱟᱱ ᱞᱟᱠᱪᱟᱨ ᱨᱮᱱᱟᱜ ᱢᱤᱫ ᱦᱤᱸᱥ ᱦᱩᱭ ᱟᱠᱟᱱᱟ᱾"
987,"यह धारणा चीन से आयी थी, जहाँ फूल फूल चुनाव के फूल थे ।",ᱱᱚᱣᱟ ᱫᱷᱟᱨᱚᱱᱟ ᱪᱟᱭᱱᱟ ᱠᱷᱚᱱ ᱦᱮᱡ ᱞᱮᱱᱟ ᱡᱟᱦᱟᱸᱨᱮ ᱯᱞᱚᱢ ᱵᱟᱦᱟ ᱠᱚᱫᱚ ᱯᱚᱥᱚᱸᱫᱽ ᱨᱮᱭᱟᱜ ᱵᱟᱦᱟ ᱛᱟᱦᱮᱸ ᱠᱟᱱᱟ᱾
988,"जापान में, सम्राट द्वारा केवल अपने लिए और अति - महत्त्वपूर्ण अदालत के अन्य सदस्यों द्वारा सबसे पहले फलना - फूल - फूल पार्टी बनायी जाती थी ।","ᱡᱟᱯᱟᱱ ᱨᱮ, ᱯᱩᱭᱞᱩ ᱪᱮᱨᱤ ᱵᱟᱦᱟ ᱯᱟᱴᱤ ᱨᱟᱡᱽ ᱦᱚᱛᱮᱛᱮ ᱮᱠᱞᱟ ᱨᱟᱡᱽ ᱞᱟᱹᱜᱤᱫ ᱟᱨ ᱨᱟᱡᱽ ᱟᱹᱨᱤ ᱥᱚᱦᱮᱛ ᱠᱚ ᱞᱟᱹᱜᱤᱫ ᱥᱟᱯᱲᱟᱣ ᱞᱮᱱᱟ᱾"
989,"एक प्राकृतिक वातावरण में जब पौधे अपना सर्वोत्तम देखते हैं, तो ""सिर्फ एक"" का भी हटाने के प्रलोभन का विरोध करें.","ᱯᱨᱟᱠᱨᱤᱛᱤ ᱥᱟᱪᱟᱨᱦᱮ ᱨᱮ ᱫᱟᱨᱮ ᱠᱚᱫᱚ ᱡᱚᱛᱚ ᱠᱷᱚᱱ ᱪᱮᱦᱨᱟ ᱧᱮᱞᱚᱜᱼᱟ, ᱚᱱᱟᱛᱮ ""ᱠᱷᱟᱹᱞᱤ ᱢᱤᱫ"" ᱱᱚᱢᱩᱱᱟ ᱚᱦᱨᱟᱣ ᱨᱮᱭᱟᱜ ᱞᱚᱵᱷ ᱚᱦᱨᱟᱣ ᱢᱟ᱾"
990,"अगर एक औपचारिक रूप से व्यवस्थित बगीचे का दौरा किया है, तो ""सर्मिस"" जमा करने के लिए भी आपको बाहर निकालना होगा, बिना चर्चा किए।","ᱡᱩᱫᱤ ᱢᱤᱫ ᱚᱯᱪᱟᱨᱤᱠ ᱨᱩᱯ ᱛᱮ ᱛᱷᱤᱛ ᱟᱠᱟᱱ ᱵᱟᱲᱜᱮ ᱪᱟᱞᱟᱣ ᱟᱛᱮ, ""ᱱᱚᱢᱩᱱᱟᱠᱚ ᱛᱩᱢᱟᱹᱞ"" ᱦᱚᱸ ᱟᱢ ᱵᱤᱱᱟ ᱜᱟᱞᱢᱟᱨᱟᱣ ᱛᱮ ᱟᱢ ᱚᱰᱚᱠ ᱨᱮᱭᱟᱜ ᱪᱟᱞᱟᱜ ᱠᱟᱱᱟ᱾"
991,"सिंगापुर आम तौर पर एक बहुत ही सुरक्षित जगह है और उस पर चढ़ने के लिए बहुत आसान है, और आप आने के बाद लगभग कुछ भी खरीद सकते हैं ।","ᱥᱤᱝᱜᱟᱯᱩᱨ ᱫᱚ ᱟᱥᱚᱠᱟᱭᱛᱮ ᱟᱹᱰᱤ ᱥᱩᱨᱚᱠᱷᱤᱛ ᱡᱟᱭᱜᱟ ᱠᱟᱱᱟ ᱟᱨ ᱱᱟᱵᱷᱤᱜᱮᱴ ᱠᱚᱨᱟᱣ ᱟᱹᱰᱤ ᱟᱞᱜᱟ ᱜᱮᱭᱟ, ᱟᱨ ᱟᱢ ᱥᱮᱴᱮᱨᱮᱱ ᱛᱟᱭᱚᱢ ᱟᱭᱢᱟ ᱠᱤᱪᱷᱩ ᱡᱤᱱᱤᱥ ᱠᱚᱢ ᱠᱤᱨᱤᱧ ᱫᱟᱲᱮᱭᱟᱜᱼᱟ᱾"
992,"लेकिन ""सबसे लंबी दूरी"" में डाल दिया जा रहा है... ... भूमध्य रेखा के कुछ डिग्री उत्तर... ... आप दोनों गर्मी से निपटने की आवश्यकता होगी... ... और मजबूत सूरज (जब आकाश स्पष्ट है).","ᱤᱠᱷᱟᱹᱱ ᱤᱠᱩᱣᱮᱴᱚᱨ ᱨᱮᱭᱟᱜ ᱮᱛᱚᱢ ᱨᱮ ᱢᱟᱛᱨᱚ ""ᱰᱤᱜᱽᱨᱤ ᱮᱛᱚᱢ ᱨᱮ ᱢᱮᱱᱟᱜ"" ᱩᱥᱩᱞ ᱴᱨᱳᱯᱷᱤᱠᱥ ᱨᱮ ᱫᱚᱦᱚ ᱞᱮᱠᱷᱟᱱ ᱟᱢ ᱞᱟᱹᱜᱤᱱ ᱞᱚᱞᱚ (ᱞᱮᱛᱟᱲ) ᱟᱨ ᱫᱟᱲᱮᱭᱟᱱ ᱥᱤᱧ ᱪᱟᱸᱫᱚ (ᱡᱚᱠᱷᱚᱱ ᱥᱮᱨᱢᱟ ᱥᱟᱯᱷᱟ,ᱯᱷᱩᱨᱪᱟᱹ) ᱥᱟᱶ ᱢᱩᱠᱟᱵᱤᱞᱟ ᱦᱩᱭᱩᱜᱼᱟ᱾"
993,"कुछ बसें भी हैं जो उत्तर हेब्रोन जा रही हैं, जो बाइबलीय कुलपिताओं इब्राहीम, इसहाक, याकूब, और उनकी पत्नियों के परम्परागत स्थान हैं ।","ᱮᱛᱚᱢ ᱨᱮ ᱦᱮᱵᱽᱨᱚᱱ ᱪᱟᱞᱟᱜ ᱠᱟᱱ ᱠᱤᱪᱷᱩ ᱵᱳᱥ ᱢᱮᱱᱟᱜᱼᱟ, ᱵᱟᱭᱵᱮᱞ ᱵᱟᱵᱟᱦᱟᱯᱲᱟᱢ ᱟᱵᱽᱨᱟᱦᱚᱢ, ᱤᱥᱥᱟᱠ, ᱡᱟᱠᱳᱵ ᱟᱨ ᱩᱱᱠᱩ ᱨᱤᱱ ᱮᱨᱟ ᱠᱚᱣᱟᱜ ᱯᱟᱨᱚᱢᱯᱚᱨᱤᱠ ᱢᱟᱬ ᱜᱷᱟᱹᱴᱤ ᱡᱟᱭᱜᱟ ᱠᱟᱱᱟ᱾"
994,जाँच करें कि बस आप हेब्रोन में जाने के बारे में सोच रहे हैं और न केवल पास के यहूदी गाँव के पास के नगर में ।,ᱡᱟᱸᱪ ᱢᱟ ᱡᱮ ᱟᱢ ᱡᱟᱦᱟᱸ ᱵᱳᱥ ᱤᱫᱤ ᱥᱟᱱᱟᱢ ᱠᱟᱱᱟ ᱚᱱᱟ ᱦᱮᱵᱽᱨᱚᱱ ᱪᱟᱞᱟᱜ ᱠᱟᱱᱟ ᱟᱨ ᱠᱷᱟᱹᱞᱤ ᱠᱤᱨᱤᱭᱟᱛ ᱟᱨᱵᱟ ᱥᱩᱯᱩᱨ ᱡᱤᱦᱩᱫᱤ ᱵᱚᱥᱛᱤ ᱨᱮᱫᱚ ᱵᱟᱝ᱾
995,पानी के आस - पास एक त्योहार बनाना एक अच्छा विषय हो सकता है ।,ᱪᱷᱩᱴᱤ ᱢᱟᱱᱟᱣ ᱞᱟᱹᱜᱤᱱ ᱚᱱᱛᱚᱨᱫᱮᱥᱤ ᱫᱟᱜᱦᱚᱨ ᱢᱤᱫ ᱱᱟᱯᱟᱭ ᱛᱷᱤᱢ ᱦᱩᱭ ᱫᱟᱲᱮᱭᱟᱜᱼᱟ᱾
996,"इस घाटी के खंडहरों का दौरा करते वक्‍त, वहाँ की घाटी से गुज़रते वक्‍त या फिर एक - दूसरे से बात करते वक्‍त, एक - दूसरे से बात करते वक्‍त या फिर से बात करते वक्‍त ।","ᱫᱟᱹᱭᱠᱟᱹ ᱞᱮᱠᱟᱛᱮ ᱞᱳᱭᱮᱨ ᱵᱷᱮᱞᱤ, ᱨᱮᱭᱤᱱ ᱵᱷᱮᱞᱤ ᱫᱩᱨᱜᱚ ᱦᱤᱨᱤ ᱵᱟᱝᱢᱟ ᱰᱮᱱᱭᱩᱵᱽ ᱨᱮ ᱢᱚᱱᱞᱚᱵᱷᱟᱣ ᱡᱟᱭᱜᱟ ᱦᱤᱨᱤ ᱵᱟᱝᱢᱟ ᱮᱨᱤ ᱠᱮᱱᱟᱞ ᱨᱮ ᱵᱳᱴᱤᱝ ᱠᱚᱨᱟᱣ᱾"
997,वे इस बात की भी परिभाषा देते हैं कि राजा और व्यापार के रास्ते क्या हैं ।,ᱞᱚᱠᱯᱨᱤᱭᱚ ᱛᱟᱲᱟᱢ ᱡᱟᱛᱨᱟ ᱟᱨ ᱥᱟᱭᱠᱮᱞ ᱪᱟᱹᱞᱩᱭ ᱞᱟᱹᱜᱤᱱ ᱩᱱᱠᱩ ᱦᱚᱨ ᱠᱚᱦᱚᱸ ᱵᱩᱡᱷᱟᱣᱟᱠᱚ᱾
998,"क्रिसमस मसीहियत के सबसे महत्त्वपूर्ण त्योहार में से एक है, और इसे यीशु का जन्मदिन कहा जाता है ।","ᱠᱷᱤᱨᱤᱥᱴ ᱪᱟᱸᱫᱚ ᱤᱥᱟᱹᱭ ᱫᱷᱚᱨᱚᱢ ᱨᱮᱭᱟᱜ ᱢᱤᱫ ᱮᱦᱮᱢ ᱪᱷᱩᱴᱤ ᱫᱤᱱᱠᱚ ᱠᱟᱱᱟ, ᱟᱨ ᱱᱚᱣᱟ ᱡᱤᱥᱩᱣᱟᱜ ᱡᱟᱱᱟᱢ ᱫᱤᱱ ᱞᱮᱠᱟᱛᱮ ᱢᱟᱱᱟᱣ ᱟᱠᱟ᱾"
999,क्रिसमस के आस - पास की अनेक परंपराओं को मसीही देशों में अविश्‍वासियों और ग़ैर- ईसाईों द्वारा भी अपनाया गया है ।,ᱪᱷᱩᱴᱤ ᱫᱤᱱ ᱜᱷᱮᱨᱟᱣ ᱟᱠᱟᱫ ᱟᱭᱢᱟ ᱞᱟᱠᱪᱟᱨ ᱤᱥᱟᱹᱭ ᱫᱤᱥᱚᱢ ᱨᱮ ᱵᱟᱝ-ᱵᱤᱥᱣᱟᱹᱥᱤᱭᱟᱹ ᱟᱨ ᱡᱮᱜᱮᱛ ᱡᱟᱠᱟᱛ ᱨᱤᱱ ᱵᱟᱝ-ᱤᱥᱟᱹᱭ ᱦᱚᱛᱮ ᱛᱮᱦᱚᱸ ᱟᱯᱱᱟᱨᱚᱜ ᱠᱟᱱᱟ᱾
1000,वहाँ ईस्टर की रात जागने के लिए एक परंपरा है... ... कुछ प्रत्यक्ष बिंदु पर सूरज को देखने के लिए.,ᱵᱮᱲᱟ ᱨᱟᱠᱟᱵ ᱧᱮᱞ ᱞᱟᱹᱜᱤᱱ ᱤᱥᱴᱚᱨ ᱧᱤᱫᱟᱹ ᱨᱮ ᱵᱮᱨᱮᱫ ᱨᱮᱭᱟᱜ ᱢᱤᱫ ᱞᱟᱠᱪᱟᱨ ᱢᱮᱱᱟᱜᱼᱟ᱾
1001,"इस परंपरा के लिए मसीही धर्म की व्याख्या कर रहे हैं, लेकिन यह शायद एक पूर्व संध्या और नवीकरण हो सकता है.","ᱱᱚᱣᱟ ᱞᱟᱪᱟᱨ ᱞᱟᱹᱜᱤᱱ ᱱᱤᱥᱪᱤᱛ ᱞᱮᱠᱟᱛᱮ ᱤᱥᱟᱹᱭ ᱫᱷᱟᱨᱢᱤᱠ ᱯᱩᱥᱴᱟᱹᱣ ᱜᱮᱭᱟ, ᱢᱮᱱᱠᱷᱟᱱ ᱱᱚᱣᱟ ᱢᱟᱬᱟᱝ-ᱤᱥᱟᱹᱭ ᱥᱯᱨᱤᱝ ᱟᱨ ᱠᱷᱚᱛ ᱨᱤᱛᱤᱱᱤᱛᱤ ᱦᱩᱭ ᱫᱟᱲᱮᱭᱟᱜᱼᱟ᱾"
1002,"और अधिक पारंपरिक गिरजे अकसर सप्ताह के शनिवार - रविवार को ईस्टर की रात को आयोजित करते हैं, तथा आधी रात को मसीह के पुनरुत्थान का जश्‍न मनाने के लिए कलीसियाओं को अकसर उत्सव मनाने के लिए मनाया जाता है ।","ᱧᱩᱦᱩᱢ ᱢᱟᱦᱟᱸ ᱧᱤᱫᱟ ᱤᱥᱴᱚᱨ ᱦᱟᱯᱛᱟ ᱢᱩᱪᱟᱹᱫ ᱨᱮ ᱵᱟᱹᱲᱛᱤᱜᱟᱱ ᱪᱚᱨᱪ ᱜᱮᱤᱥᱴᱚᱨ ᱵᱷᱤᱡᱤᱞ ᱠᱚ ᱫᱚᱦᱚᱭᱟ, ᱢᱤᱢᱤᱫ ᱫᱦᱟᱣ ᱠᱨᱤᱥᱴ ᱟᱜ ᱫᱚᱥᱟᱨ ᱡᱚᱱᱚᱢ ᱦᱚᱸ ᱛᱟᱞᱟ ᱧᱤᱫᱟᱹ ᱨᱮ ᱥᱝᱜᱮ ᱦᱚᱲᱛᱮ ᱢᱟᱟᱱᱟᱣᱜᱼᱟ᱾"
1003,"उन सभी जानवरों को जो शुरू में द्वीपों में आए थे, यहाँ उड़कर या तैरकर आते थे ।","ᱡᱟᱦᱟᱱ ᱡᱩᱱᱛᱩ ᱠᱚ ᱱᱚᱣᱟ ᱫᱤᱯ ᱠᱟ ᱥᱮᱴᱮᱨᱟᱠᱟᱱᱟ ᱩᱱᱠᱩ ᱫᱚ ᱱᱚᱰᱮ ᱯᱟᱭᱨᱟ ᱟᱛᱮ, ᱩᱰᱟᱹᱣ ᱟᱛᱮ ᱟᱨᱵᱟᱝ ᱪᱟᱯᱮ ᱟᱛᱮᱠᱚ ᱦᱤᱡᱩᱜᱼᱟ᱾"
1004,"महाद्वीप के जीव - जंतुओं की लंबी दूरी तक पहुँचने के बाद, इन जानवरों को गला में सबसे बड़ा पालतू जानवर बना दिया गया ।",ᱢᱚᱦᱟᱫᱤᱯ ᱠᱷᱚᱱ ᱥᱟᱺᱜᱤᱧ ᱨᱮ ᱛᱟᱦᱮᱱ ᱠᱷᱟᱹᱛᱤᱨ ᱢᱟᱢᱟᱞ ᱠᱚᱫᱚ ᱜᱮᱞᱚᱯᱟᱜᱳᱥ ᱨᱮ ᱢᱩᱲᱩᱛ ᱟᱹᱛᱤᱧ ᱦᱚᱨᱚ ᱵᱟᱠᱚ ᱵᱮᱱᱟᱣ ᱫᱟᱲᱮᱭᱟᱜ ᱠᱟᱱᱟ᱾
1005,"यहाँ तक कि जानवरों के आने के बाद भी कई जानवरों को बकरी, घोड़े, गाय - बैल, गाय - बैल और कुत्तों के साथ जोड़ा जाता है ।","ᱜᱮᱞᱚᱯᱟᱜᱳᱥ ᱨᱮ ᱦᱚᱲ ᱥᱮᱴᱮᱨᱚᱜ ᱞᱟᱦᱟᱨᱮ ᱟᱭᱢᱟ ᱢᱟᱢᱟᱞ ᱠᱚ ᱴᱷᱤᱠᱟᱹ ᱦᱚᱪᱚ ᱞᱮᱱᱟ, ᱡᱮᱢᱚᱱ ᱢᱮᱨᱚᱢ, ᱥᱟᱫᱚᱢ, ᱜᱟᱹᱭ, ᱜᱩᱰᱩ, ᱯᱩᱥᱤ ᱟᱨ ᱥᱮᱛᱟ ᱠᱚ᱾"
1006,"सर्दियों के मौसम में यदि आप सर्दियों के क्षेत्रों में यात्रा करते हैं... ... आप ध्रुवीय रात का अनुभव करेंगे, जिसका मतलब है कि सूरज क्षितिज के ऊपर नहीं उठता.","ᱡᱩᱫᱤ ᱟᱢ ᱟᱨᱴᱤᱠ ᱟᱨᱵᱟᱝ ᱟᱱᱴᱟᱨᱠᱴᱤᱠᱟ ᱫᱟᱲᱟᱱᱮᱢ ᱥᱮᱱᱚᱜᱼᱟ ᱛᱚᱠᱷᱟᱱ ᱟᱢ ᱯᱳᱞᱟᱨ ᱧᱤᱫᱟᱹᱢ ᱚᱱᱩᱵᱷᱚᱵᱽᱼᱟ, ᱡᱟᱦᱟᱸ ᱨᱮᱭᱟᱜ ᱢᱮᱱᱮᱛ ᱫᱚ ᱦᱚᱨᱟᱭᱡᱚᱱ ᱪᱮᱛᱟᱱ ᱠᱷᱚᱱ ᱵᱮᱲᱟ ᱵᱟᱭ ᱨᱟᱠᱟᱵᱼᱟ᱾"
1007,यह एक अच्छा अवसर प्रस्तुत करता है जब आसमान घड़ी के चारों ओर अँधेरे या उससे कम होगा ।,"ᱟᱣᱨᱩᱨᱟ ᱵᱳᱨᱤᱭᱟᱞᱤᱥ ᱧᱮᱞ ᱞᱟᱹᱜᱤᱫ ᱱᱚᱶᱟ ᱜᱮ ᱱᱟᱯᱟᱭ ᱚᱯᱚᱨᱪᱩᱱᱤᱴᱤ, ᱪᱮᱫᱟᱜ ᱥᱮ ᱥᱮᱨᱢᱟ ᱴᱟᱲᱟᱝ ᱴᱟᱲᱟᱝ ᱦᱟᱹᱵᱤᱡ ᱧᱩᱛ ᱜᱮ ᱛᱟᱦᱮᱱᱟ᱾"
1008,"जैसे - जैसे क्षेत्र जनसंख्या बढ़ती जा रही है, और प्रकाश प्रदूषण अकसर एक समस्या नहीं है, आप तारों का आनन्द भी ले सकते हैं ।","ᱱᱚᱶᱟ ᱴᱚᱴᱷᱟ ᱠᱚᱨᱮ ᱦᱚᱲ ᱛᱮᱠᱚ ᱠᱷᱟᱴᱚ ᱜᱮᱭᱟ, ᱟᱨ ᱢᱟᱨᱥᱟᱞ ᱯᱚᱞᱭᱩᱥᱚᱱ ᱠᱚ ᱠᱚᱢ ᱜᱮᱭᱟ, ᱚᱱᱟᱛᱮ ᱟᱢ ᱤᱯᱤᱞ ᱧᱮᱞ ᱞᱟᱹᱜᱤᱫ ᱪᱮᱫ ᱮᱴᱠᱮᱴᱚᱬᱮ ᱵᱟᱝ ᱟᱹᱭᱠᱟᱹᱣᱟᱢ᱾"
1009,जापान की संस्कृति और भी बड़ी हो सकती है और इसे पश्‍चिमी देशों में इस्तेमाल किया जा सकता है ।,ᱡᱟᱯᱟᱱ ᱠᱚᱣᱟᱜ ᱠᱟᱹᱢᱤ ᱞᱟᱠᱪᱟᱨ ᱫᱚ ᱟᱹᱰᱤᱛᱮᱫ ᱦᱮᱭᱨᱟᱨᱪᱤᱠᱟᱞ ᱟᱨ ᱯᱷᱚᱨᱢᱟᱞᱟ ᱡᱟᱦᱟᱸ ᱯᱩᱪᱷᱤᱢ ᱥᱮᱫᱟᱜ ᱫᱤᱥᱚᱢ ᱦᱚᱲ ᱠᱚ ᱵᱮᱵᱷᱟᱨ ᱫᱟᱲᱮᱭᱟᱜᱼᱟ᱾
1010,सूट एक - दूसरे को अपने परिवार के नाम या नौकरी की उपाधियों से फोन करते हैं ।,"ᱥᱩᱴ ᱫᱚ ᱥᱴᱟᱱᱰᱟᱨᱰ ᱵᱤᱡᱽᱱᱮᱥ ᱠᱟᱱᱟ, ᱟᱨ ᱠᱟᱹᱢᱤᱭᱟᱹ ᱠᱚᱫᱚ ᱚᱠᱚ ᱚᱲᱟᱜ ᱧᱩᱛᱩᱢ ᱛᱮᱠᱚ ᱦᱚᱯᱚᱦᱚᱜᱼᱟ ᱟᱨᱵᱟᱝ ᱪᱟᱹᱠᱨᱤ ᱧᱩᱛᱩᱢ ᱛᱮ᱾"
1011,"एक - दूसरे की तारीफ करने के बजाय, समूह की मेहनत पर ज़ोर देना ज़रूरी है ।",ᱵᱮᱠᱛᱤᱜᱚᱛ ᱟᱠᱳᱢᱯᱞᱤᱥᱢᱮᱸᱴ ᱵᱟᱝ ᱥᱟᱨᱦᱟᱣ ᱟᱛᱮ ᱥᱟᱢᱩᱦᱤᱠ ᱥᱟᱨᱟᱦᱟᱣ ᱥᱟᱵ ᱫᱚᱦᱚ ᱞᱮᱠᱷᱟᱱ ᱠᱟᱹᱢᱤ ᱴᱷᱟᱶ ᱠᱨᱩᱥᱤᱭᱟᱞᱚᱜᱼᱟ᱾
1012,"जो भी निर्णय वे करते हैं, उनके लिए अकसर अपनी श्रेष्ठ स्वीकृति प्राप्त करनी चाहिए, और उम्मीद की जाती है कि उनके उच्च निर्देशों का पालन करें बिना प्रश्न के.","ᱠᱟᱹᱢᱤᱭᱟᱹ ᱠᱚ ᱡᱟᱦᱟᱸ ᱟᱹᱨᱤ ᱵᱟᱠᱷᱨᱟ ᱟᱠᱚᱭᱤᱡ ᱢᱩᱠᱷᱤᱭᱟᱹᱣᱟᱜ ᱟᱯᱨᱳᱵᱷᱟᱞ ᱦᱟᱛᱟᱣ ᱦᱩᱭᱟᱠᱚᱣᱟ, ᱟᱨ ᱵᱟᱝ ᱠᱩᱠᱞᱤᱭᱟᱛᱮ ᱟᱠᱚᱭᱤᱡ ᱢᱩᱠᱷᱤᱭᱟᱹᱣᱟᱜ ᱩᱫᱩᱜ ᱵᱟᱛᱟᱣ ᱦᱩᱭᱟᱠᱚᱣᱟ᱾"
1013,"एक फैशन सेवा व्यक्ति से संबंधित गुणों का एक गुच्छा है, उनके जूते, कपड़े, टाई, बाल - प्रकार, बनाएँ, देखो, इत्र, इत्र, इत्यादि.","ᱢᱩᱴᱷᱟᱹᱱ ᱫᱚ ᱦᱩᱭᱩᱜ ᱠᱟᱱᱟ ᱪᱟᱹᱠᱨᱤᱭᱟᱱ ᱦᱚᱲ ᱥᱟᱶᱛᱮ ᱥᱟᱹᱜᱟᱹᱭᱟᱱᱟᱜ ᱜᱩᱱ ᱠᱚ ᱨᱮᱭᱟᱜ ᱢᱤᱫ ᱛᱷᱚᱯᱮ ᱡᱮᱞᱮᱠᱟ ᱯᱚᱴᱚᱢ ᱯᱟᱱᱟᱦᱤ, ᱠᱤᱪᱨᱤᱪ ᱠᱷᱟᱹᱸᱰᱣᱟᱹᱜ, ᱴᱟᱭ, ᱜᱚᱭᱱᱟ, ᱩᱯ ᱨᱮᱭᱟᱜ ᱥᱴᱟᱭᱤᱞ, ᱢᱮᱠᱼᱟᱯ, ᱜᱷᱟᱹᱲᱤ, ᱥᱟᱡᱟᱣᱼᱟᱜ, ᱥᱮᱱᱴ ᱮᱢᱟᱱ ᱠᱚ ᱾"
1014,पू. पाँचवीं सदी से सा. यु.,ᱢᱚᱦᱟᱨᱟᱥᱴᱨᱚ ᱨᱮᱭᱟᱜ ᱳᱣᱨᱚᱝᱜᱟᱵᱟᱫ ᱦᱚᱱᱚᱛ ᱨᱮ ᱢᱮᱱᱟᱜ ᱚᱡᱚᱱᱛᱟ ᱨᱮ ᱒᱙ ᱜᱚᱴᱟᱝ ᱪᱳᱭᱛᱚ ᱟᱨ ᱵᱤᱦᱟᱨ ᱜᱷᱚᱸᱜᱚᱨ ᱢᱮᱱᱟᱜᱼᱟ ᱡᱟᱸᱦᱟ ᱫᱚ ᱠᱷᱨᱤᱥᱴᱚᱯᱩᱨᱵᱚ ᱯᱳᱭᱞᱳ ᱥᱚᱛᱟᱵᱫᱤ ᱨᱮᱭᱟᱜ ᱠᱷᱚᱫᱟ ᱪᱤᱛᱟᱹᱨ ᱟᱨ ᱪᱤᱛᱟᱹᱨᱛᱮ ᱥᱟᱡᱟᱣ ᱟᱠᱟᱱᱟ ᱢᱚᱬᱮ ᱥᱚᱛᱟᱵᱫᱤ ᱦᱟᱹᱵᱤᱡ ᱾
1015,"शरीर रंग बाहरी लकीर के साथ जोड़ा जाता है, मात्रा के प्रभाव को बनाया जाता है.","ᱦᱚᱲᱢᱚ ᱨᱮᱭᱟᱜ ᱨᱚᱝ ᱫᱚ ᱵᱟᱨᱦᱮ ᱞᱟᱭᱤᱱ ᱛᱮ ᱢᱤᱫ ᱟᱠᱟᱱᱟ, ᱥᱤᱢᱟᱹ ᱨᱮᱭᱟᱜ ᱚᱨᱥᱚᱝᱮ ᱥᱤᱨᱡᱟᱹᱣᱮᱫᱼᱟ ᱾"
1016,लेकिन सा. यु. पू.,"ᱚᱥᱚᱠ ᱫᱚ ᱠᱷᱚᱫᱟ ᱪᱤᱛᱟᱹᱨ ᱟᱨ ᱥᱚᱨᱮᱥ ᱫᱤᱱᱤᱥᱟᱹ ᱠᱷᱩᱱᱴᱤ ᱠᱩ ᱞᱟᱹᱜᱤᱫ ᱰᱷᱮᱨ ᱠᱟᱭᱛᱮ ᱫᱷᱤᱨᱤᱭ ᱵᱮᱵᱚᱦᱟᱨ ᱞᱮᱫᱟ, ᱡᱟᱦᱟᱸ ᱨᱮ ᱞᱟᱦᱟᱱ ᱥᱮᱨᱣᱟ ᱨᱮ ᱫᱚ ᱠᱟᱴᱷ ᱟᱨ ᱦᱟᱥᱟ ᱨᱮᱭᱟᱜ ᱵᱮᱵᱚᱦᱟᱨᱟᱠᱟᱱᱟ ᱾ ᱛᱟᱦᱮᱸᱠᱟᱱᱟ ᱾"
1017,यह स्वादिष्ट और जानी - मानी व्यंजन बनाने के लिए बनाया जाता है ।,"ᱢᱚᱥᱞᱟ ᱢᱮᱥᱟᱞ ᱟᱹᱞᱩ, ᱵᱮᱥᱚᱱ ᱨᱮ ᱪᱟᱰᱳ ᱠᱟᱛᱮᱜ ᱟᱨ ᱟᱹᱰᱤ ᱟᱸᱴ ᱵᱷᱟᱡᱟ ᱢᱚᱦᱟᱨᱟᱥᱴᱨᱚ ᱨᱮᱭᱟᱜ ᱱᱚᱣᱟ ᱥᱤᱵᱤᱞ ᱟᱨ ᱧᱩᱛᱩᱢᱟᱱ ᱡᱚᱢᱟᱜ ᱠᱷᱚᱱ ᱯᱮᱨᱮᱡ ᱯᱩᱨᱩᱱᱟ ᱾"
1018,"यह समुदाय नीकाओवा के नाम से आता है, या Nargarths, जैसा कि वे खुद को फोन करते हैं, तमिल राज्य के च्यूलाना क्षेत्र से।",ᱪᱮᱴᱴᱤᱱᱟᱰ ᱤᱥᱤᱱ ᱵᱟᱥᱟᱝ ᱫᱚ ᱛᱟᱢᱤᱞᱱᱟᱲᱩ ᱯᱚᱱᱚᱛ ᱨᱮᱭᱟᱜ ᱪᱮᱴᱴᱤᱱᱟᱫ ᱴᱚᱴᱷᱟ ᱱᱟᱴᱴᱩᱠᱳᱴᱟᱭ ᱪᱮᱴᱴᱤᱭᱟᱨ ᱥᱮ ᱱᱟᱜᱟᱨ ᱛᱷᱟᱨ ᱧᱩᱛᱩᱢᱟᱱ ᱦᱚᱲ ᱠᱚᱣᱟᱜ ᱤᱥᱤᱱ ᱵᱟᱥᱟᱝ ᱾
1019,इस तरह का स्वाद लेने के लिए इन्हें इस्तेमाल किया जाता है ।,"ᱫᱟᱨᱩᱪᱤᱱᱤ ᱫᱚ ᱵᱷᱟᱨᱚᱛ ᱨᱮᱭᱟᱜ ᱛᱷᱟᱹᱱᱤᱛ ᱟᱨ ᱡᱮᱞᱮᱠᱟ, ᱱᱚᱣᱟ ᱨᱮᱭᱟᱜ ᱵᱮᱣᱦᱟᱨ ᱨᱮᱭᱟᱜ ᱥᱤᱢᱟᱹ ᱢᱤᱫᱴᱮᱱ ᱥᱤᱵᱤᱞ ᱠᱷᱚᱱ ᱨᱟᱱ ᱦᱟᱹᱵᱤᱡ ᱾"
1020,इसे चूर - चूर करके या पत्थर में रखिए ।,ᱱᱚᱣᱟ ᱢᱤᱫᱴᱮᱱ ᱨᱚᱦᱚᱲ ᱜᱩᱸᱰᱟᱹ ᱟᱜ ᱛᱮ ᱥᱮ ᱫᱷᱤᱨᱤ ᱨᱮᱭᱟᱜ ᱢᱩᱴᱷᱟᱹᱱ ᱛᱮ ᱜᱩᱸᱰᱟᱹᱭ ᱢᱮ ᱾
1021,हर शहर की अलग - अलग पसंद होती है ।,"ᱯᱟᱧᱡᱟᱵ ᱨᱮᱭᱟᱜ ᱢᱤᱢᱤᱫ ᱥᱟᱦᱟᱨ ᱨᱮᱭᱟᱜ ᱵᱮᱜᱟᱨ ᱵᱮᱜᱟᱨ ᱠᱩᱥᱤᱭᱟᱜ ᱢᱮᱱᱟᱜᱼᱟ, ᱡᱮᱞᱮᱠᱟ ᱚᱢᱨᱤᱛᱥᱚᱨ ᱨᱮᱱ ᱦᱚᱲ ᱠᱩ ᱫᱚ ᱵᱤᱥᱟᱹᱥ ᱠᱟᱭᱛᱮ ᱚᱢᱨᱤᱛᱥᱚᱨᱤ ᱠᱩᱞᱪᱷ, ᱢᱚᱥᱞᱟᱣᱟᱱ ᱯᱟᱨᱟᱴᱷᱟ ᱟᱨ ᱛᱚᱣᱟ ᱫᱩᱨᱤᱵ ᱠᱩ ᱠᱩ ᱠᱩᱥᱤᱭᱟᱜᱼᱟ ᱾"
1022,"ज्ञान के साथ राम भेजें, और लाकना को भी भेजें.","ᱥᱚᱨᱮᱥ ᱟᱹᱠᱤᱞ ᱥᱟᱞᱟᱜ ᱨᱟᱢ ᱠᱩᱞᱤᱢᱮ, ᱟᱨ ᱥᱟᱸᱣᱛᱮ ᱞᱚᱠᱠᱷᱚᱱ ᱦᱸ ᱾"
1023,लेकिन एक उच्च और उत्तम सिद्धांत के लिए भक्‍ति के माध्यम से इंसान का बहादुर काम किया गया.,ᱢᱮᱱᱠᱷᱟᱱ ᱢᱚᱝᱜᱚᱞ ᱯᱟᱱᱰᱮᱭᱟᱜ ᱫᱤᱞ ᱟᱱ ᱠᱟᱹᱢᱤ ᱫᱚ ᱢᱤᱫ ᱞᱟᱯᱷᱟᱝ ᱟᱨ ᱢᱚᱦᱚᱛᱟᱱ ᱟᱹᱨᱤ ᱪᱮᱛᱟᱱ ᱜᱚᱨᱚᱡ ᱛᱟᱞᱟᱛᱮ ᱠᱚᱨᱟᱣ ᱦᱩᱭᱞᱮᱱᱟ ᱾
1024,"एक बार जब पाई जाती है, एक बार पाई जाती है, मटरिक पीस के साथ और कुछ समय के लिए guctt और जब तक सभी मसाले 5-6 मिनटों के लिए उपयोग में नहीं लिया जाता.","ᱯᱤᱸᱭᱟᱡ ᱥᱟᱯᱟ ᱞᱮᱱᱠᱷᱟᱱ,ᱥᱟᱥᱟᱝ ᱜᱩᱸᱰᱟᱹ ᱛᱮ ᱢᱟᱠᱷᱟᱣ ᱟᱠᱟᱫ ᱢᱮᱨᱚᱢ ᱡᱤᱞ ᱥᱟᱶᱛᱮ ᱢᱮᱥᱟᱭ ᱢᱮ ᱟᱨ ᱯᱨᱟᱭ ᱕ᱼ᱖ ᱴᱤᱲᱤᱡ ᱞᱟᱹᱜᱤᱫ ᱥᱟᱱᱟᱢ ᱢᱚᱥᱞᱟ ᱢᱮᱨᱚᱢ ᱡᱤᱞ ᱨᱮ ᱵᱟᱝ ᱵᱷᱤᱡᱟᱹᱜ ᱦᱟᱹᱵᱤᱡ ᱠᱤᱪᱷᱤ ᱜᱷᱟᱹᱲᱤᱠ ᱵᱷᱟᱹᱡᱤᱭ ᱢᱮ ᱾"
1025,"वाद - विवाद संसार की बुद्धि की एक पुस्तक है जो पक्षियों, जानवरों और मनुष्यों के ज़रिए प्रस्तुत की गयी है ।","ᱦᱤᱛᱳᱯᱚᱫᱮᱥ ᱫᱚ ᱡᱮᱜᱮᱫ ᱜᱮᱭᱟᱱ ᱨᱮᱭᱟᱜ ᱢᱤᱫ ᱯᱚᱛᱚᱵ ᱡᱟᱸᱦᱟ ᱫᱚ ᱪᱮᱬᱮ, ᱡᱟᱱᱣᱟᱨ ᱟᱨ ᱢᱟᱹᱱᱢᱤ ᱠᱚᱣᱟᱜ ᱪᱩᱨᱤᱛ ᱛᱟᱞᱟᱛᱮᱭ ᱩᱫᱩᱜ ᱥᱚᱫᱚᱨᱟ ᱾"
1026,ऐसा प्रतीत होता है कि पुस्तक का उद्देश्‍य ही सैनस्किक अभिव्यक्‍ति और बुद्धिमान व्यवहार के ज्ञान में उदारता को प्रोत्साहित करता है ।,ᱯᱚᱛᱚᱵ ᱨᱮᱭᱟᱜ ᱡᱚᱥ ᱫᱚ ᱥᱚᱝᱥᱠᱨᱤᱛ ᱯᱟᱱᱟᱨᱥᱟᱞ ᱟᱨ ᱟᱹᱠᱤᱞ ᱵᱮᱣᱦᱟᱨ ᱨᱮ ᱜᱮᱭᱟᱱ ᱛᱮ ᱜᱟᱹᱠᱷᱩᱲ ᱩᱛᱷᱱᱟᱹᱣ ᱜᱤ ᱵᱚᱱ ᱢᱚᱱᱮᱭᱟ ᱾
1027,"सन्‌ 1994 में, आयोआकूमार ने अपने शहर के पूरे इतिहास को ठीक करने में एक पायनियर की भूमिका निभायी ।",ᱥᱟᱪᱮᱫ ᱚᱥᱤᱛᱠᱩᱢᱟᱨ ᱵᱚᱱᱫᱳᱯᱟᱫᱫᱷᱟᱭ ᱑᱙᱙᱔ ᱟᱨ ᱑᱙᱙᱕ ᱥᱟᱹᱦᱤᱛᱨᱮ ᱦᱟᱣᱲᱟ ᱥᱚᱦᱚᱨᱮᱨ ᱤᱛᱤᱵᱨᱤᱛᱛᱚ ( ᱯᱳᱭᱞᱳ ᱟᱨ ᱫᱚᱥᱟᱨ ᱦᱟᱹᱴᱤᱧ) ᱧᱩᱛᱩᱢᱛᱮ ᱟᱡᱟᱜ ᱥᱟᱦᱟᱨ ᱦᱟᱣᱲᱟ ᱨᱮᱭᱟᱜ ᱥᱟᱱᱟᱢ ᱱᱟᱜᱟᱢ ᱯᱩᱸᱡᱤᱭ ᱨᱮ ᱞᱟᱦᱟᱨᱮ ᱮᱱᱮᱢᱮ ᱯᱟᱞᱟᱣ ᱞᱮᱫᱟ ᱾
1028,"वासा हॉल के सामने एक अर्ध- जलीय जल - जलीय केंद्र के रूप में नियंत्रित किया जाता है एक खुला सामने के साथ एक खुला द्वार और कुछ मामलों में, वहाँ कोई पराधा मंदिर खिड़की नहीं है.",ᱪᱳᱭᱛᱚ ᱦᱚᱞᱨᱮᱭᱟᱜ ᱢᱟᱲᱟᱝ ᱦᱤᱥ ᱥᱮᱫ ᱛᱟᱨᱟᱜᱩᱞᱟᱹᱭ ᱜᱟᱨ ᱠᱷᱤᱞᱟᱱ ᱛᱟᱞᱟᱛᱮ ᱫᱟᱣᱮ ᱧᱟᱢ ᱟᱠᱟᱫᱟ ᱡᱟᱦᱟᱸ ᱨᱮᱭᱟᱜ ᱠᱟᱴᱷ ᱥᱟᱢᱟᱝ ᱥᱮᱫ ᱨᱮ ᱢᱮᱱᱟᱜᱼᱟ ᱢᱮᱱ ᱠᱷᱟᱱ ᱡᱟᱱᱟᱞᱟ ᱫᱚ ᱵᱟᱱᱩᱜ ᱟᱠᱟᱫᱟ ᱾
1029,'माएल' की पीढ़ी और 'साकामा' (के रूप में भारतीयों को पारंपरिक रूप में कहा गया है) ने सदियों से रेसिपि पूरी की है और इन रेसिपिओं को हज़ारों सालों से मौखिक परंपरा के माध्यम से पारित कर दिया है.,ᱢᱚᱦᱟᱨᱟᱡ' ᱟᱨ 'ᱠᱷᱟᱱᱥᱟᱢᱟ'ᱼ ᱨᱮᱱ ᱯᱤᱲᱦᱤ (ᱡᱮᱞᱮᱠᱟ ᱜᱟᱹᱠᱷᱩᱲ ᱥᱮᱯᱷ ᱠᱚᱣᱟᱜ ᱥᱮᱨᱣᱟ ᱞᱮᱠᱟᱛᱮ ᱵᱷᱟᱨᱚᱛ ᱢᱮᱱ ᱦᱩᱭᱩᱜ ᱟ) ᱠᱚ ᱠᱤᱪᱷᱤ ᱥᱚᱛᱟᱵᱫᱤ ᱦᱟᱹᱵᱤᱡ ᱤᱥᱤᱱ ᱦᱚᱨᱟᱠᱚᱭ ᱱᱤᱯᱷᱩᱴ ᱟᱠᱟᱫᱟ ᱟᱨ ᱱᱚᱣᱟ ᱤᱥᱤᱱ ᱦᱚᱨᱟᱠᱚᱜᱮ ᱜᱮᱥᱟᱭ ᱜᱮᱥᱟᱭ ᱥᱮᱨᱢᱟ ᱦᱟᱹᱵᱤᱡ ᱨᱚᱲ ᱥᱮᱨᱣᱟ ᱛᱟᱞᱟᱛᱮ ᱥᱮᱱ ᱟᱠᱟᱱᱟ ᱾
1030,"इसके अलावा, यह भी कहा जाता है कि इस तरह की तैयारी में एक बड़ा बदलाव आया है, जिसे पूरा करना बहुत मुश्‍किल है ।",ᱥᱟᱯᱲᱟᱣ ᱫᱚ ᱥᱮᱨᱣᱟ ᱞᱮᱠᱟᱛᱮ ᱢᱤᱴᱴᱮᱱ ᱵᱷᱟᱥᱛᱟ ᱣᱟᱡᱟ ᱥᱮ ᱢᱩᱰᱩᱛ ᱪᱮᱯᱷ ᱦᱚᱛᱮᱛᱮ ᱠᱳᱨᱴ ᱨᱮᱱ ᱣᱟᱡᱟ ᱥᱮ ᱪᱮᱯᱷ ᱠᱩᱣᱟᱜ ᱜᱚᱲᱚᱛᱮ ᱦᱩᱭ ᱞᱮᱱᱟ ᱾
1031,"Pav Bazaz: यह माहाघू से एक तेजी से भोजन का भोजन भोजन है, जिसमें एक मोटी वनस्पति (बीजी) होता है और आम तौर पर मक्खन में तैयार किया जाता है और एक नरम रोटी रोल (pz) के साथ सेवा की.","ᱯᱟᱣ ᱵᱷᱟᱹᱡᱤᱺ ᱱᱚᱣᱟ ᱫᱚ ᱢᱚᱦᱟᱨᱟᱥᱴᱨᱚ ᱨᱮᱭᱟᱜ ᱯᱷᱥᱴ ᱯᱷᱩᱰ ᱰᱤᱥ ᱠᱟᱱᱟ, ᱱᱚᱣᱟ ᱨᱮ ᱢᱤᱛ ᱫᱟᱹᱨᱭᱟᱹ ᱟᱲᱟᱜ ᱥᱟᱠᱟᱢ ᱩᱛᱩ (ᱵᱷᱟᱹᱡᱤ) ᱛᱟᱸᱦᱮᱱᱟ ᱡᱟᱸᱦᱟ ᱫᱚ ᱢᱟᱠᱷᱚᱱ ᱛᱮ ᱵᱮᱱᱟᱜᱼᱟ ᱟᱨ ᱢᱤᱫᱴᱟᱝ ᱞᱟᱹᱵᱤᱫ ᱯᱤᱴᱷᱟᱹ (ᱯᱟᱣ) ᱛᱮ ᱟᱹᱲᱛᱤᱜᱼᱟ ᱾"
1032,"Llad और Hhathhhhman के गीतों के लिए जाना जाता है उनकी बुद्धि और गहरे दर्द के लिए जाना जाता है, Margaai के गीत विशिष्ट भक्‍ति के लिए जाना जाता है, और तमिल और सुजाता के रहस्यवाद के लिए जाना जाता है","ᱞᱟᱞ ᱰᱮᱰ ᱟᱨ ᱦᱟᱵᱽᱵᱟ ᱠᱷᱟᱛᱩᱱᱟᱜ ᱠᱟᱥᱢᱤᱨᱤ ᱚᱞ ᱠᱚᱫᱚ ᱨᱚᱦᱚᱥᱥᱚ ᱟᱨ ᱚᱵᱷᱤᱵᱮᱠᱛᱤ ᱨᱮᱭᱟᱜ ᱡᱟᱞᱟ ᱡᱚᱱᱛᱚᱱᱟ ᱞᱟᱜᱤᱫ ᱩᱯᱨᱩᱢᱟ , ᱨᱟᱡᱚᱥᱛᱷᱟᱱ ᱨᱮᱫᱚ ᱢᱤᱨᱟᱵᱟᱭᱟᱜ ᱚᱞ ᱠᱚᱫᱚ ᱵᱷᱚᱠᱛᱤ ᱠᱷᱟᱛᱤᱨ , ᱛᱟᱢᱤᱞ ᱯᱟᱹᱨᱥᱤ ᱨᱮᱫᱚ ᱨᱚᱦᱚᱥᱥᱚᱵᱟᱫᱽ ᱟᱨ ᱠᱚᱱᱱᱚᱲ ᱯᱟᱹᱨᱥᱤ ᱛᱮ ᱟᱠᱠᱟ ᱢᱚᱦᱟᱫᱮᱵᱤᱭᱟᱜ ᱚᱞ ᱠᱚᱫᱚ ᱩᱱ ᱚᱠᱛᱚ ᱨᱮᱭᱟᱜ ᱥᱟᱶᱦᱮᱫ ᱞᱟᱜᱤᱫ ᱩᱯᱨᱩᱢᱟ ᱾"
1033,"बौद्ध रंग के पत्थरों से बने खज़ाने, मद्राश से 97 किलोमीटर की दूरी पर हैं ।","ᱵᱳᱣᱫᱷᱚ ᱢᱩᱨᱟᱞ ᱪᱤᱛᱟᱹᱨ ᱠᱚ ᱢᱩᱫᱨᱮ ᱢᱮᱱᱟᱜ ᱵᱟᱜ ᱜᱷᱚᱸᱜᱚᱨ ᱠᱚ, ᱢᱚᱫᱫᱷᱚᱯᱨᱚᱫᱮᱥ ᱨᱮᱭᱟᱜ ᱫᱷᱚᱨ ᱦᱚᱱᱚᱛ ᱠᱷᱚᱱ ᱙᱗ ᱠᱤᱢᱤ ᱥᱟᱹᱸᱜᱤᱧ ᱨᱮ ᱢᱮᱱᱟᱜᱼᱟ ᱾"
1034,"लेकिन लाक्षणिक तौर पर, पाँव या निचले हिस्से या किसी भी चीज़ के नीचे ।","ᱥᱚᱝᱥᱠᱨᱤᱛᱚ ᱥᱟᱶᱦᱮᱫ ᱨᱮ ᱢᱩᱞ ᱟᱹᱲᱟᱹ ᱨᱮᱭᱟᱜ ᱥᱟᱹᱵᱤᱠ ᱢᱮᱱᱮᱫ ᱦᱩᱭᱩᱜ ᱠᱟᱱᱟ ᱢᱤᱫᱴᱟᱝ ᱚᱛᱢᱚᱱ ᱥᱮ ᱫᱟᱨᱮ ᱨᱮᱭᱟᱜ ᱨᱮᱦᱮᱫ, ᱢᱮᱱᱠᱷᱟᱱ ᱜᱚᱲᱦᱚᱱᱞᱮᱠᱟᱛᱮ, ᱡᱟᱸᱦᱟᱱᱟᱜ ᱨᱮᱭᱟᱜ ᱡᱟᱸᱜᱟ ᱥᱮ ᱡᱚᱛᱚᱠᱷᱚᱱ ᱞᱟᱛᱟᱨ ᱦᱤᱸᱥ ᱥᱮ ᱞᱟᱛᱟᱨᱨᱮ ᱾"
1035,दुनिया के अलग - अलग इलाकों में लोगों को इसकी खोज - बीन करने का मौका मिलता है ।,ᱥᱤᱱᱫᱷᱩ ᱥᱚᱥᱱᱚᱜ ᱫᱚ ᱟᱭᱢᱟ ᱴᱚᱴᱷᱟ ᱨᱮ ᱟᱡᱟᱜ ᱞᱟᱜᱟᱱᱠᱟᱹᱨᱤ ᱜᱮᱭᱟᱱ ᱦᱚᱛᱮᱛᱮᱭ ᱩᱯᱨᱩᱢᱟ ᱾
1036,सारावा मर जाता है; केवल पाँच पीगोवा भाई और सारस बच जाते हैं।,ᱡᱚᱛᱚ ᱠᱳᱭᱨᱚᱵᱷ ᱠᱩ ᱜᱚᱡᱮᱱᱟ; ᱮᱠᱮᱱ ᱢᱚᱸᱲᱮ ᱯᱟᱱᱰᱚᱵ ᱵᱚᱭᱦᱟ ᱟᱨ ᱠᱨᱤᱥᱱᱚᱭ ᱵᱟᱧᱪᱟᱣᱮᱱᱟ ᱾
1037,अठारह दिन तक युद्ध भड़कता रहता है और सीरवा की हार के साथ समाप्त होता है.,ᱞᱟᱹᱲᱦᱟᱹᱭ ᱜᱮᱞ ᱤᱨᱟᱹᱞ ᱫᱤᱱ ᱦᱟᱹᱵᱤᱡ ᱪᱟᱞᱟᱣ ᱞᱮᱱᱟ ᱟᱨ ᱠᱳᱣᱨᱚᱵ ᱠᱚ ᱦᱟᱨᱟᱣ ᱛᱟᱞᱟᱛᱮ ᱢᱩᱪᱟᱹᱫ ᱞᱮᱱᱟ ᱾
1038,"मेनाना नाम की एक जानी - मानी कहानी है, जो आज की दिल्ली के उत्तर में एक राज्य है ।","ᱢᱚᱦᱟᱵᱷᱟᱨᱚᱛ ᱨᱮᱭᱟᱜ ᱛᱟᱞᱢᱟ ᱠᱟᱹᱦᱤᱱᱤ ᱫᱚ ᱦᱩᱭᱩᱜ ᱠᱟᱱᱟ ᱦᱚᱥᱛᱤᱱᱟᱯᱩᱨ ᱨᱮᱭᱟᱜ ᱨᱟᱡᱽᱜᱟᱹᱫᱤ ᱨᱮᱭᱟᱜ ᱟᱹᱭᱫᱟᱹᱨ ᱤᱫᱤ ᱠᱟᱛᱮᱜ ᱢᱤᱫ ᱞᱟᱹᱲᱦᱟᱹᱭ, ᱱᱟᱦᱟᱜ ᱫᱤᱞᱞᱤ ᱨᱮᱭᱟᱜ ᱴᱷᱤᱠ ᱩᱛᱛᱟᱹᱨ ᱨᱮ ᱢᱤᱫ ᱯᱚᱱᱚᱛ ᱡᱟᱸᱦᱟ ᱫᱚ ᱥᱟᱫᱷᱟᱨᱚᱱᱚᱛᱚ ᱵᱷᱟᱨᱚᱛ ᱧᱩᱛᱩᱢᱛᱮ ᱩᱯᱨᱩᱢ ᱢᱤᱫ ᱩᱯᱡᱟᱹᱛᱤ ᱠᱚᱨᱮᱱ ᱟᱹᱜᱤᱞ ᱦᱟᱯᱲᱟᱢ ᱠᱚᱣᱟᱜ ᱯᱚᱱᱚᱛ ᱛᱟᱸᱦᱮ ᱠᱟᱱᱟ ᱾"
1039,"कानाका में गैर-वाकाकाक की संख्या से अधिक है; इसलिए, उनका कसाइन मुख्य रूप से स्वादिष्ट भोजन से बना है.","ᱠᱚᱨᱱᱟᱴᱚᱠ ᱨᱮ ᱟᱲᱟᱜᱼᱥᱟᱠᱟᱢ ᱡᱚᱢᱟᱱ ᱠᱩᱣᱟᱜ ᱞᱮᱠᱷᱟ ᱡᱤᱞ ᱡᱚᱢ ᱠᱩᱣᱟᱜ ᱞᱮᱠᱷᱟ ᱠᱩ ᱛᱟᱯ ᱟᱠᱟᱫᱟ; ᱚᱱᱟ ᱠᱷᱟᱹᱛᱤᱨ, ᱩᱝᱠᱩᱣᱟᱜ ᱤᱥᱤᱱᱠᱟᱹᱨᱤ ᱫᱚ ᱢᱩᱰᱩᱛ ᱞᱮᱠᱟᱛᱮ ᱟᱲᱟᱜᱼᱥᱟᱠᱟᱢ ᱡᱚᱢᱟᱜ ᱠᱩ ᱛᱮ ᱦᱩᱭᱩᱜᱼᱟ ᱾"
1040,वह बताता है कि युद्ध में क्या हो रहा है ।,"ᱩᱱᱤ ᱫᱚ ᱥᱚᱱᱡᱚᱭᱮ ᱨᱚᱲ ᱨᱩᱣᱟᱹᱲᱟᱫᱮᱭᱟ, ᱡᱟᱦᱟᱸᱭ ᱫᱚ ᱞᱟᱹᱲᱦᱟᱹᱭ ᱜᱚᱰᱟ ᱠᱷᱚᱱ ᱪᱮᱫ ᱦᱩᱭᱩᱜ ᱠᱟᱱᱮ ᱞᱟᱹᱭᱮᱛ ᱠᱟᱱᱟ ᱾"
1041,तमिल में पाए गए दो अनुमानों कोाकीम और आमाकााई कहते हैं ।,ᱛᱟᱹᱢᱤᱞ ᱨᱮ ᱧᱟᱢᱟᱠᱟᱱ ᱵᱟᱨᱮᱭᱟ ᱢᱟᱦᱟᱠᱟᱵᱵᱚ ᱫᱚ ᱦᱩᱭᱩᱜ ᱠᱟᱱᱟ ᱪᱤᱞᱟᱯᱟᱛᱷᱤᱠᱟᱨᱟᱢ ᱟᱨ ᱢᱟᱱᱤᱢᱮᱠᱟᱞᱟᱭ ᱾
1042,इस इलाके में ठंड का इस्तेमाल सावधानी से किया जाता है ।,ᱱᱤᱭᱟᱹ ᱮᱞᱟᱠᱟ ᱨᱮ ᱢᱟᱹᱨᱤᱪ ᱜᱩᱱᱰᱟᱹ ᱨᱮᱭᱟᱜ ᱵᱮᱵᱚᱦᱟᱨ ᱫᱚ ᱥᱚᱱᱛᱚᱨᱟᱛᱮ ᱦᱩᱭᱩᱜ ᱠᱟᱱᱟ ᱾
1043,यह शब्द यूगा से लिया गया है ।,"ᱡᱳᱜ ᱟᱹᱲᱟᱹ ᱫᱚ ᱥᱚᱝᱥᱠᱨᱤᱛ ᱨᱮᱭᱟᱜ ᱢᱩᱲᱩᱫ ᱭᱩᱡ ᱠᱷᱚᱱ ᱦᱮᱡ ᱟᱠᱟᱱᱟ, ᱡᱟᱸᱦᱟ ᱨᱮᱭᱟᱜ ᱢᱮᱱᱮᱫ ᱥᱮᱞᱮᱫ ᱠᱟᱜ ᱥᱮ ᱡᱟᱣᱨᱟ ᱠᱟᱜ ᱥᱮ ᱢᱤᱫ ᱴᱷᱮᱱᱚᱜ ᱾"
1044,आज की ओडिसी ने कई तरह की व्यर्थ मूर्तियों का विकास किया है... ... मंदिर की दीवारों पर बनाया.,ᱳᱲᱤᱥᱟ ᱨᱮᱭᱟᱜ ᱢᱚᱱᱫᱤᱨ ᱨᱮᱭᱟᱜ ᱵᱷᱤᱛ ᱨᱮ ᱠᱷᱚᱫᱟ ᱟᱠᱟᱱ ᱱᱟᱱᱟᱦᱩᱱᱟᱹᱨ ᱢᱳᱴᱤᱯᱷ ᱨᱮᱭᱟᱜ ᱵᱟᱝ ᱢᱩᱪᱟᱹᱫᱟᱱ ᱠᱷᱚᱫᱟ ᱪᱤᱛᱟᱹᱨ ᱠᱷᱚᱱ ᱛᱮᱦᱮᱧᱟᱜ ᱳᱲᱤᱥᱤ ᱥᱤᱨᱡᱟᱹᱣ ᱟᱠᱟᱱᱟ ᱾
1045,"राजा की ओर मुड़ गया और कोमलता से कहा, हे राजा, यह तुझे बुरा लगता है, कि एक बार वादा किए जाने से इनकार कर।","ᱵᱚᱥᱤᱥᱴᱷᱚ ᱱᱤᱛᱫᱚ ᱨᱟᱡᱟ ᱥᱮᱱ ᱠᱚᱭᱚᱜ ᱠᱟᱛᱮᱜ ᱵᱟᱹᱭ ᱵᱟᱹᱭᱛᱮᱭ ᱞᱟᱹᱭ ᱠᱮᱫᱟ ᱺ ''ᱨᱟᱡᱟ, ᱢᱤᱫ ᱫᱷᱟᱣ ᱠᱟᱛᱷᱟ ᱵᱷᱟᱸᱜᱚᱲ ᱟᱢ ᱞᱟᱹᱜᱤᱫ ᱵᱟᱹᱲᱤᱡ ᱦᱩᱭ ᱫᱟᱲᱮᱭᱟᱜᱼᱟ ''᱾"
1046,केवल जब वह Amuundan की निराशा की हद को महसूस करता है ... ... ... अपनी मनोवृत्ति बदल जाता है और इस दुनिया में कुशल कार्यवाही के रहस्य सिखाना शुरू कर देता है.,ᱩᱱᱤ ᱡᱚᱠᱷᱚᱱ ᱚᱨᱡᱩᱱᱟᱜ ᱨᱟᱯᱩᱫ ᱟᱠᱟᱱ ᱟᱸᱥ ᱨᱮᱭᱟᱜ ᱥᱤᱢᱟᱹᱭ ᱵᱩᱡ ᱠᱮᱫᱟ ᱩᱱᱜᱮ ᱠᱨᱤᱥᱱᱚ ᱟᱡᱟᱜ ᱩᱭᱦᱟᱹᱨᱮ ᱵᱚᱫᱚᱞ ᱠᱮᱫᱟ ᱮ ᱱᱚᱣᱟ ᱫᱷᱟᱹᱨᱛᱤᱨᱮ ᱫᱦᱚᱨᱚᱢ ᱠᱚᱨᱚᱢ ᱨᱮᱭᱟᱜ ᱵᱷᱤᱛᱨᱤ ᱠᱟᱛᱷᱟ ᱪᱮᱪᱮᱫ ᱮ ᱮᱦᱚᱵ ᱠᱮᱫᱟ ᱾
1047,"जैसे - जैसे आप बरतन में चावल का आटा जोड़ते हैं, आप शायद नारियल की छोटी मात्रा को भी बढ़ा सकते हैं ।","ᱴᱩᱠᱩᱪ ᱨᱮ ᱪᱟᱣᱞᱮ ᱜᱩᱱᱰᱟᱹ ᱢᱮᱥᱟᱞ ᱚᱠᱛᱮ, ᱵᱷᱟᱱᱟᱨ ᱢᱩᱫᱨᱮ, ᱟᱢ ᱫᱚ ᱠᱟᱹᱴᱤᱪ ᱪᱩᱞᱩᱝ ᱜᱩᱱᱰᱟᱹ ᱱᱟᱹᱲᱠᱚᱲ ᱦᱸᱢ ᱢᱮᱥᱟᱞ ᱫᱟᱲᱤᱭᱟᱜᱼᱟ ᱾"
1048,"आप नारियल के रस से नारियल के बर्तन में शामिल करने के द्वारा शुरू कर सकते हैं, उसके बाद किचिन के तेल से.","ᱟᱢ ᱫᱚ ᱱᱚᱞ ᱞᱮᱠᱟᱱ ᱯᱟᱛᱨᱚ ᱨᱮ ᱢᱤᱫ ᱪᱟᱢᱚᱪ ᱯᱮᱨᱮᱡ ᱜᱩᱱᱰᱟᱹ ᱱᱟᱹᱲᱠᱚᱲ ᱢᱮᱥᱟᱭᱮᱢ ᱮᱛᱚᱦᱚᱯ ᱫᱟᱲᱤᱭᱟᱜᱼᱟ, ᱤᱱᱟᱹ ᱛᱟᱭᱚᱢ ᱢᱚᱥᱛᱮ ᱢᱮᱥᱟ ᱪᱟᱣᱞᱮ ᱨᱮᱭᱟᱜ ᱜᱩᱱᱰᱟᱹᱢ ᱢᱮᱥᱟᱭᱟ ᱾"
1049,Margant Rant सिंह के अंत का निर्माण देखा एक सुंदर और उत्साहपूर्ण Gugudra के निर्माण के साथ 1835 के आसपास एक सोने की पट्टी के साथ।,ᱢᱚᱦᱟᱨᱟᱡᱟ ᱨᱚᱧᱡᱤᱛ ᱥᱤᱝᱼᱟᱜ ᱫᱟᱱ ᱫᱚ ᱑᱘᱓᱕ ᱠᱷᱨᱤᱥᱴᱟᱵᱫᱚ ᱥᱮᱡᱽ ᱱᱟᱱᱫᱮᱫ ᱨᱮ ᱡᱚᱴᱤᱞ ᱠᱷᱩᱫᱟᱹᱭ ᱥᱟᱶ ᱢᱤᱫᱴᱟᱝ ᱨᱚᱢᱚᱡᱟᱱᱟᱜ ᱥᱚᱱᱟ ᱜᱚᱢᱵᱩᱡ ᱡᱚᱲᱟᱣ ᱢᱤᱫᱴᱟᱝ ᱢᱚᱡ ᱟᱨ ᱥᱟᱦᱮᱸᱫ ᱵᱚᱱᱫᱚᱣᱟᱱᱟᱜ ᱜᱩᱨᱩᱫᱣᱟᱨ ᱵᱮᱱᱟᱣ ᱠᱩ ᱧᱮᱞᱞᱮᱫᱟ ᱾
1050,सवेरा इन चुने हुए रवरों की बुलंदियों पर स्वर्स लगाया जाता है ।,ᱥᱟᱢᱵᱮᱫ ᱫᱚ ᱦᱩᱭᱩᱜ ᱠᱟᱱᱟ ᱱᱤᱭᱟᱹ ᱵᱟᱪᱷᱟᱣᱟᱠᱟᱱ ᱨᱩᱪᱷᱠᱩ ᱨᱮᱱᱟᱜ ᱛᱩᱢᱟᱹᱞ ᱡᱟᱦᱟᱸ ᱫᱚ ᱚᱱᱟᱠᱩ ᱨᱮᱭᱟᱜ ᱦᱩᱭᱫᱟᱲᱮᱭᱟᱜ ᱪᱚᱱᱫᱚ ᱥᱮ ᱛᱟᱞ ᱨᱮᱭᱟᱜ ᱢᱤᱴᱟᱨ ᱫᱚᱦᱚᱠᱟᱛᱮ ᱨᱟᱥᱟ ᱥᱟᱞᱟᱜ ᱥᱮᱴᱟᱠᱟᱱᱟ ᱾
1051,वालीकी की राजधानी का वर्णन से यह स्पष्ट है कि प्राचीन अयोध हमारे आधुनिक शहरों से कम नहीं था।,ᱠᱳᱥᱚᱞ ᱨᱮᱭᱟᱜ ᱨᱟᱡᱜᱟᱲ ᱵᱟᱵᱚᱫ ᱵᱟᱞᱢᱤᱠᱤᱭᱟᱜ ᱵᱚᱨᱱᱚᱱ ᱠᱷᱚᱱ ᱱᱤᱭᱟᱹ ᱫᱚ ᱯᱩᱥᱴᱟᱹᱣ ᱜᱮᱭᱟ ᱡᱮ ᱢᱟᱨᱮᱱ ᱚᱡᱚᱫᱫᱷᱟ ᱫᱚ ᱟᱵᱩᱱᱟᱜᱽ ᱱᱟᱦᱟᱜ ᱥᱟᱦᱟᱨᱠᱩ ᱠᱷᱚᱱ ᱠᱚᱢ ᱫᱚ ᱵᱟᱭ ᱛᱟᱦᱮᱸᱠᱟᱱᱟ ᱾
1052,"जब एक बार कहा गया, कि मैं करूँगा, आपके पास ऐसा करने के अलावा कोई विकल्प नहीं है.","ᱢᱤᱫᱫᱷᱟᱣᱮ ᱞᱟᱹᱭᱞᱮᱫᱟ, 'ᱤᱧ ᱫᱚᱧ ᱠᱚᱨᱟᱣᱟ', ᱱᱤᱭᱟᱹ ᱠᱚᱨᱟᱣ ᱵᱮᱜᱚᱨ ᱟᱢᱟᱜᱽ ᱟᱨ ᱮᱴᱟᱜ ᱩᱯᱟᱹᱭ ᱵᱟᱹᱱᱩᱜᱼᱟ ᱾"
1053,हाल के दिनों में देखा गया है कि हमारे पास धन - दौलत और ऐशो - आराम की चीज़ें हैं ।,"ᱱᱮᱦᱟᱹᱞᱤ ᱫᱤᱱ ᱠᱚᱨᱮ, ᱨᱩᱯᱤ ᱵᱚᱫᱚᱞ ᱨᱮᱭᱟᱜ ᱫᱚᱨ ᱟᱨ ᱟᱵᱚᱣᱟᱜ ᱵᱤᱞᱟᱹᱛᱤ ᱢᱩᱫᱨᱟ ᱥᱟᱧᱪᱟᱣ ᱨᱮᱭᱟᱜ ᱡᱚᱛᱷᱟᱛ ᱛᱮᱫ ᱤᱫᱤ ᱠᱟᱛᱮᱜ ᱵᱷᱤᱱᱟᱹ ᱵᱷᱤᱱᱟᱹ ᱫᱤᱥᱦᱩᱫᱤᱥ ᱢᱮᱱᱟᱜ ᱟ ᱾"
1054,बैंक्स एक क्रेडिट कार्ड खाते की रिपोर्ट देंगे जो क्रेडिट कार्ड कंपनियों (CICP) के नाम से लिया गया है या जिसके आरोपों को लाभ पहुँचाता है ।,"ᱠᱨᱮᱰᱤᱴ ᱤᱱᱯᱷᱚᱨᱢᱮᱥᱚᱱ ᱠᱚᱢᱯᱟᱱᱤ (ᱥᱤᱟᱭᱥᱤᱮᱥ) ᱥᱮ ᱠᱷᱟᱡᱱᱟ ᱥᱟᱹᱥᱛᱤ ᱫᱟᱢ ᱞᱟᱜᱟᱜ ᱞᱟᱹᱜᱤᱫ ᱛᱮ ᱵᱮᱝᱠ ᱠᱩ ᱫᱚ ᱢᱤᱴᱴᱮᱱ ᱠᱨᱮᱰᱤᱴ ᱠᱟᱨᱰ ᱮᱠᱟᱣᱩᱱᱴ ᱢᱟᱨᱮᱱ ᱞᱮᱠᱟᱛᱮ ᱠᱩ ᱨᱤᱯᱳᱴᱟ, ᱵᱤᱞᱚᱢ ᱠᱟᱛᱮ ᱠᱟᱹᱣᱰᱤ ᱮᱢ ᱨᱮᱭᱟᱜ ᱫᱟᱢ, ᱮᱢᱟᱱᱛᱮᱭᱟᱜ ᱡᱚᱫᱤ ᱛᱟᱦᱮᱸᱱᱟ ᱮᱠᱮᱱ ᱛᱚᱠᱷᱚᱱ ᱠᱨᱮᱰᱤᱴ ᱠᱟᱨᱰ ᱮᱠᱟᱣᱩᱱᱴ ᱫᱚ ᱯᱮ ᱫᱤᱱ ᱨᱮᱭᱟᱜ ᱡᱟᱹᱥᱛᱤ ᱢᱩᱪᱟᱹᱫ ᱚᱠᱛᱮ ᱛᱟᱦᱮᱱᱸᱟ ᱾"
1055,देश - देश शायद अपने पैसों को सुधारने के लिए दिल खोलकर दान देने का बढ़ावा दें ।,ᱫᱤᱥᱚᱢ ᱠᱚᱫᱚ ᱠᱟᱣᱰᱤ ᱥᱮᱫ ᱛᱮ ᱩᱛᱱᱟᱹᱣ ᱞᱟᱜᱤᱫ ᱵᱷᱤᱛᱟᱹᱨ ᱨᱮᱭᱟᱜ ᱯᱨᱚᱛᱚᱠᱠᱷ ᱵᱤᱱᱤᱭᱳᱜᱽ ᱨᱮ ᱩᱛᱥᱟᱦᱚ ᱠᱚ ᱮᱢ ᱫᱟᱲᱮᱭᱟᱜᱼᱟ ᱾
1056,"लेकिन, पैकेज के तुरंत कार्यान्वयन के लिए एक प्रेरणा के रूप में, यदि स्वीकृत पैकेज बैंक द्वारा अनुप्रयोग की रसीद की तिथि से 90 दिन के भीतर बैंक द्वारा लागू होता है, तो वर्गीकरण स्थिति लौटा दी जा सकती है जो बैंक द्वारा प्राप्त किया गया था ।","ᱢᱮᱱᱠᱷᱟᱱ, ᱯᱮᱠᱮᱡᱛᱮᱫ ᱞᱚᱜᱚᱱ ᱥᱟᱹᱦᱤᱡ ᱥᱟᱹᱨᱤᱭ ᱞᱟᱹᱜᱤᱫ ᱩᱫᱜᱟᱹᱣ ᱞᱮᱠᱟᱛᱮ, ᱡᱩᱫᱤ ᱦᱮᱸ ᱥᱟᱹᱨᱤᱭᱟᱠᱟᱱ ᱯᱮᱠᱮᱡ ᱵᱮᱱᱠ ᱫᱟᱨᱟᱭᱛᱮ ᱟᱨᱫᱟᱥ0 ᱟᱠᱟᱱ ᱢᱟᱹᱦᱤᱛ ᱠᱷᱚᱱ ᱙᱐ ᱢᱟᱦᱟ ᱢᱩᱫᱨᱮ ᱵᱮᱱᱠ ᱮ ᱠᱚᱨᱟᱣ ᱞᱮᱠᱷᱟᱱ, ᱮᱱᱠᱷᱟᱱ ᱫᱷᱚᱱ ᱫᱩᱨᱤᱵ ᱦᱟᱹᱴᱤᱧ ᱨᱮᱭᱟᱜ ᱦᱟᱞᱚᱛ ᱫᱚᱦᱲᱟ ᱵᱮᱱᱟᱣ ᱚᱠᱛᱚ ᱛᱟᱸᱦᱮᱱ ᱴᱷᱟᱶᱨᱮ ᱧᱟᱢ ᱨᱩᱣᱟᱹᱲ ᱫᱟᱲᱮᱭᱟᱜᱼᱟ ᱟᱨᱫᱟᱥ ᱫᱚ ᱵᱮᱱᱠ ᱦᱚᱛᱮᱛᱮ ᱧᱟᱢ ᱞᱮᱱᱟ ᱾"
1057,"क्या व्यक्‍तिगत राजधानी के प्रभावशाली लोग कम हाथों में धन - दौलत का निरीक्षण करने की ओर ले जाते हैं, या क्या वृद्धि, प्रतियोगिता, और तकनीकी प्रगति की संतुलन शक्‍ति को कम करते हैं?","ᱱᱤᱭᱟᱹ ᱯᱩᱧᱡᱤ ᱡᱟᱨᱣᱟᱭ ᱨᱮᱭᱟᱜ ᱞᱟᱦᱟᱱᱛᱤᱭ ᱫᱚ ᱪᱮᱫ ᱡᱟᱹᱨᱩᱲᱟᱜ ᱞᱮᱠᱟᱛᱮ ᱥᱚᱢᱯᱚᱫ ᱵᱟᱨ ᱯᱮ ᱦᱚᱲᱟᱜ ᱛᱤ ᱛᱟᱞᱢᱟ ᱥᱮᱡ ᱜᱤᱭ ᱤᱫᱤᱭᱟ, ᱥᱮ ᱡᱟᱹᱥᱛᱤ, ᱦᱮᱯᱮᱨᱟᱣ ᱟᱨ ᱡᱚᱱᱛᱚᱨ ᱞᱮᱠᱟᱛᱮ ᱞᱟᱦᱟᱱᱛᱤᱭ ᱨᱮᱭᱟᱜ ᱛᱩᱞᱟᱹᱡᱚᱠᱷᱟᱣᱟᱱ ᱫᱟᱲᱮ ᱵᱷᱮᱯᱮᱜᱟᱨᱮ ᱠᱚᱢᱼᱟ ᱾"
1058,यह बाजार में अत्यधिक स्वार्थ और लंगर की अपेक्षा पर रोक लगाने के लिए हस्तक्षेप करता है ।,ᱱᱚᱶᱟ ᱟᱰᱤ ᱵᱟᱲᱛᱤ ᱚᱥᱛᱷᱤᱨ ᱫᱚ ᱱᱳᱝᱜᱚᱨ ᱨᱮᱭᱟᱜ ᱟᱥᱟᱭ ᱦᱟᱯᱤᱫ ᱫᱟᱲᱮᱭᱟᱜᱼᱟ ᱟᱨ ᱵᱟᱡᱟᱨ ᱮ ᱟᱪᱩ ᱪᱟᱞᱟᱣ ᱫᱟᱲᱮᱭᱟᱜᱼᱟ ᱾
1059,Q2 के लिए उच्च क्षमता डेटा सूचित करता है कि आर्थिक गतिविधि असफल रही है.,ᱟᱹᱰᱤ ᱡᱟᱥᱛᱤ ᱼᱯᱷᱨᱤᱠᱳᱭᱮᱱᱥᱤ ᱰᱮᱴᱟ Q2 ᱰᱮᱴᱟ ᱞᱟᱜᱤᱫ ᱠᱟᱣᱰᱤ ᱟᱨᱤ ᱠᱟᱢᱤ ᱞᱟᱜᱤᱫ ᱛᱷᱤᱛᱤ ᱜᱚᱴᱟ ᱜᱮ ᱛᱟᱦᱮᱸᱱᱟ᱾
1060,इस विषय को आम तौर पर एक राष्ट्र माना जाता है ।,ᱜᱩᱴ ᱠᱟᱹᱣᱰᱤᱟᱹᱨᱤ ᱨᱮ ᱥᱟᱛᱟᱢᱴᱟᱜ ᱫᱚ ᱥᱟᱫᱷᱟᱨᱚᱱ ᱞᱮᱠᱟᱛᱮ ᱢᱤᱴᱴᱮᱱ ᱡᱟᱹᱛᱤ ᱟᱨ ᱪᱮᱫ ᱞᱮᱠᱟ ᱡᱚᱛᱚ ᱵᱟᱡᱟᱨ ᱠᱩ ᱢᱟᱨᱟᱝ ᱜᱷᱚᱴᱚᱱ ᱵᱮᱱᱟᱣ ᱞᱟᱹᱜᱤᱫ ᱠᱩ ᱜᱟᱞᱢᱟᱨᱟᱣᱟ ᱚᱱᱟ ᱫᱚ ᱠᱟᱹᱣᱰᱤᱟᱹᱨᱤᱭᱟᱱ ᱠᱩ ᱫᱚ ᱜᱩᱴᱟᱱ ᱵᱚᱫᱚᱞᱟᱱᱟᱜ ᱠᱩ ᱢᱮᱛᱟᱜ ᱠᱟᱱᱟ ᱾
1061,"इस बात को ध्यान में रखते हुए कि किस हद तक आर्थिक संपत्ति जमा की जा सकती है, कम - से - कम बाज़ार के पास ही बेच दी जा सकती है ।",ᱞᱮᱦᱮ ᱢᱮᱱᱛᱮᱫᱚᱭ ᱵᱤᱡᱷᱟᱹᱣᱟ ᱡᱮ ᱠᱟᱹᱣᱰᱤᱭᱟᱱᱟᱜ ᱫᱷᱚᱱᱠᱩ ᱠᱷᱟᱴᱚ ᱱᱳᱴᱤᱥ ᱛᱮᱜᱤ ᱯᱩᱨᱟᱹ ᱵᱟᱡᱟᱨ ᱫᱚᱨ ᱨᱮᱭᱟᱜ ᱥᱩᱨᱥᱩᱯᱩᱨ ᱨᱮ ᱟᱹᱠᱷᱨᱤᱧ ᱦᱩᱭ ᱫᱟᱲᱮᱭᱟᱜᱼᱟ ᱾
1062,"इसके बजाय, उन्हें किसी विषय - विषय पर विचार करने के बजाय, आर्थिक मान्यता की नीति का लक्ष्य रखना चाहिए और उसके अनुसार जीना चाहिए ।","ᱵᱤᱪᱷᱱᱟᱹᱣᱛᱮ, ᱨᱳᱡᱜᱟᱨ ᱥᱤᱠᱟᱹᱨ ᱨᱮᱭᱟᱜ ᱠᱟᱹᱢᱤᱦᱚᱨᱟ ᱫᱚ ᱡᱚᱥᱟᱱᱟᱜ ᱦᱩᱭᱩᱜ ᱞᱟᱹᱠᱛᱤᱜ ᱠᱟᱱᱟ ᱟᱨ ᱡᱟᱦᱟᱱ ᱥᱟᱛᱟᱢ ᱟᱱᱟᱜ ᱩᱭᱦᱟᱹᱨ ᱵᱷᱟᱵᱱᱟ ᱵᱚᱫᱚᱞᱛᱮ ᱧᱟᱢ ᱫᱚᱲᱦᱟ ᱨᱮᱭᱟᱜ ᱨᱮᱠᱚᱫ ᱪᱮᱛᱟᱱ ᱴᱮᱦᱟᱸᱰ ᱦᱩᱭᱩᱜ ᱞᱟᱹᱠᱛᱤ ᱠᱟᱱᱟ ᱾"
1063,"इसलिए, दिलचस्पी की ऐसी मात्रा अत्यधिक नहीं होती और इसलिए NPA, दिलचस्पी की तिथि के संदर्भ में नहीं होती ।","ᱚᱱᱟᱛᱮ, ᱥᱩᱫ ᱨᱮᱭᱟᱜ ᱰᱮᱵᱤᱴ ᱢᱟᱹᱦᱤᱛ ᱨᱮᱭᱟᱜ ᱚᱞ ᱥᱟᱶᱛᱮ ᱚᱱᱟ ᱞᱮᱠᱟᱱᱟᱜ ᱥᱩᱫ ᱨᱮᱭᱟᱜ ᱦᱟᱢᱟᱞ ᱳᱵᱷᱟᱨᱰᱤᱣᱩ ᱵᱟᱝ ᱦᱩᱭᱩᱜ ᱟ ᱟᱨ ᱚᱱᱟᱛᱮ ᱮᱱᱯᱤᱮ ᱾"
1064,"भारत की भुगतान व्यवस्था को अन्य अधिकारों के लिए लिंक करने की संभावना, जिसमें भारत की तेजी से भुगतान व्यवस्था - अपिक भुगतान की जारी पहल भी शामिल है - अन्य अधिकारों में समान सिस्टमों के साथ, क्रॉस-चक भुगतान व्यवस्थाओं को और बढ़ा देगा, जैसे कि क्षमा करने की व्यवस्था.","ᱵᱷᱟᱨᱚᱛ ᱨᱮᱭᱟᱜ ᱯᱮᱢᱮᱱᱴ ᱥᱤᱥᱴᱮᱢ ᱠᱚ ᱮᱴᱟᱜ ᱵᱤᱪᱟᱹᱨ ᱵᱮᱵᱚᱥᱛᱟ ᱥᱟᱶᱛᱮ ᱡᱚᱲᱟᱣ ᱦᱩᱭ ᱰᱟᱲᱮᱭᱟᱜ ᱟ, ᱵᱷᱟᱨᱚᱛ ᱨᱮᱭᱟᱜ ᱞᱚᱜᱚᱱ ᱯᱮᱢᱮᱱᱴ ᱥᱤᱥᱴᱮᱢ ᱼ ᱤᱭᱩᱯᱤᱟᱭ ᱼ ᱫᱚ ᱮᱴᱟᱜ ᱮᱠᱷᱛᱤᱭᱟᱹᱨ ᱞᱮᱠᱟ ᱥᱤᱥᱴᱮᱢ ᱠᱚ ᱥᱟᱶᱛᱮ ᱤᱱᱴᱟᱨᱞᱤᱱᱠ ᱪᱟᱞᱟᱣ ᱨᱮᱭᱟᱜ ᱩᱫᱜᱟᱹᱣ ᱥᱟᱶᱛᱮ, ᱨᱮᱢᱤᱥᱴᱮᱱᱥ ᱥᱟᱶ ᱥᱤᱢᱟᱹ ᱵᱟᱨᱦᱮ ᱠᱟᱹᱣᱰᱤ ᱮᱢᱚᱜ ᱨᱮᱭᱟᱜ ᱵᱮᱵᱚᱥᱛᱟ ᱟᱨᱦᱚᱸᱭ ᱩᱛᱷᱱᱟᱹᱣᱼᱟ ᱾"
1065,प्राकृतिक गैसों (LGG) की वजह से ऊर्जा के छोटे - छोटे हिस्सों में बड़ी अहमियत हो रही है ।,ᱞᱮᱦᱮᱨᱟᱜ ᱥᱤᱨᱡᱚᱱᱟᱱ ᱜᱮᱥ (ᱮᱱᱮᱱᱡᱤ) ᱫᱟᱲᱮ ᱛᱷᱚᱱᱚᱛᱨᱮ ᱟᱹᱰᱤ ᱟᱸᱴ ᱜᱚᱨᱚᱡᱮ ᱦᱟᱛᱟᱣ ᱟᱠᱟᱫᱟ ᱪᱮᱫᱟᱜ ᱥᱮ ᱱᱚᱣᱟ ᱫᱚ ᱵᱤᱡᱞᱤ ᱛᱟᱞᱢᱟ ᱟᱨ ᱵᱤᱨᱤᱛ (ᱡᱚᱨᱟ) ᱯᱞᱟᱱᱴ ᱪᱟᱞᱟᱣ ᱞᱟᱹᱜᱤᱫ ᱵᱮᱣᱦᱟᱨᱚᱜ ᱟ ᱾
1066,"लेकिन, जबकि बाज़ार आपको बिक्री बढ़ाने की अनुमति देते हैं, वे आपको एक स्थायी व्यापार विकसित करने में समर्थ नहीं करते और अपने ख़ुद का बाजार बनाने में समर्थ नहीं करते ।","ᱡᱟᱸᱦᱟᱭᱮᱱᱜᱮ, ᱮᱱᱦᱚᱸ ᱵᱟᱡᱟᱨ ᱴᱷᱟᱶ ᱠᱚ ᱟᱢ ᱟᱹᱠᱷᱨᱤᱧᱮ ᱵᱟᱹᱲᱛᱤ ᱠᱟᱛᱟᱢᱟ, ᱚᱱᱟᱫᱚ ᱟᱢ ᱢᱤᱫᱴᱟᱝ ᱴᱤᱠᱟᱹᱣᱟᱱ ᱵᱮᱯᱟᱨ ᱵᱟᱹᱲᱛᱤᱭ ᱨᱮ ᱟᱨ ᱟᱢᱟᱜ ᱱᱤᱡᱮᱨᱟ ᱟᱹᱠᱷᱨᱤᱧ ᱞᱮᱠᱟᱱᱟᱜ ᱵᱨᱟᱱᱰ ᱵᱮᱱᱟᱣ ᱵᱟᱭ ᱰᱟᱲᱮᱭᱟᱜ ᱾"
1067,भुगतान Agrids (PP) भुगतान पर्यावरण में एक महत्त्वपूर्ण भूमिका अदा करते हैं और इस प्रकार मार्च २०२० में नियमों के अधीन लाया गया और भुगतान सिस्टम ऑपरेटरों के रूप में चुना गया.,ᱯᱮᱢᱮᱱᱴ ᱮᱜᱨᱤᱜᱮᱴᱚᱨ (ᱯᱤᱮᱮᱥ) ᱠᱩ ᱫᱚ ᱯᱮᱢᱮᱱᱴ ᱤᱠᱳᱥᱤᱥᱴᱟᱢ ᱨᱮ ᱢᱤᱴᱴᱮᱱ ᱟᱹᱰᱤ ᱢᱟᱨᱟᱝ ᱮᱱᱮᱢ ᱠᱩ ᱯᱟᱞᱚᱱᱟ ᱟᱨ ᱚᱝᱠᱟ ᱞᱮᱠᱟᱛᱮ ᱜᱤ ᱒᱐᱒᱒ ᱥᱟᱞ ᱨᱮᱭᱟᱜ ᱢᱟᱨᱪ ᱢᱟᱹᱱᱦᱟᱹ ᱨᱮ ᱯᱨᱚᱵᱷᱤᱫᱷᱟᱱ ᱨᱮᱭᱟᱜ ᱜᱚᱵᱚᱞ ᱨᱮ ᱠᱩ ᱟᱹᱜᱩ ᱠᱮᱫᱟ ᱟᱨ ᱯᱮᱢᱮᱱᱴ ᱥᱤᱥᱴᱟᱢ ᱚᱯᱮᱨᱮᱴᱚᱨ (ᱯᱤᱮᱥᱳ) ᱞᱮᱠᱟᱛᱮ ᱵᱟᱪᱷᱱᱟᱣᱮᱱᱟ ᱾
1068,"लेकिन मौजूदा नियम हैं, भुगतान एगर्मर ऑनलाइन या ई-मेरिक्स ट्रांजेक्शन के लिए लागू.",ᱱᱟᱦᱟᱜ ᱟᱹᱱ ᱨᱮᱫᱚ ᱮᱠᱟᱞ ᱜᱮ ᱚᱱᱞᱟᱭᱤᱱ ᱥᱮ ᱤ ᱠᱚᱢᱟᱨᱥ ᱞᱮᱱᱫᱮᱱ ᱜᱮ ᱯᱮᱢᱮᱱᱴ ᱵᱟᱠᱷᱨᱟᱛᱮ ᱮᱜᱽᱜᱨᱤᱜᱮᱴ ᱵᱟᱠᱷᱨᱟᱛᱮ ᱞᱟᱜᱩ ᱢᱮᱱᱟᱜᱼᱟ᱾
1069,"EDDDDON की अन्तर्दृष्टि थी कि एक देश अब भी व्यापार से लाभ प्राप्त करेगा अपने तुलनात्मक लाभ के अनुसार, उत्पादों का निर्यात करने से जिसमें उसका पूर्ण लाभ सबसे बड़ा था, और उत्पादों को आयात करता है जो इससे भी कम लाभ था (और फिर भी अगर सकारात्मक है).","ᱨᱤᱠᱟᱨᱰᱳᱥᱣᱟᱜ ᱜᱟᱹᱦᱤᱨᱟᱧᱮᱞ ᱫᱚ ᱛᱟᱦᱮᱸᱠᱟᱱᱟ ᱡᱮ ᱱᱚᱝᱠᱟᱱ ᱢᱤᱴᱴᱮᱱ ᱫᱤᱥᱚᱢ ᱡᱟᱦᱟᱸᱭ ᱫᱚ ᱱᱤᱛ ᱦᱸ ᱩᱱᱤᱭᱟᱜ ᱛᱩᱞᱟᱹᱡᱚᱠᱷᱟᱣᱟᱱᱟᱜ ᱥᱩᱵᱤᱫᱷᱟ ᱞᱮᱠᱟᱛᱮ ᱵᱟᱹᱱᱤᱡ ᱠᱟᱛᱮ ᱞᱟᱵᱵᱷᱟᱱᱮ ᱦᱩᱭᱩᱜᱼᱟ, ᱱᱚᱝᱠᱟᱱ ᱫᱩᱨᱤᱵ ᱵᱟᱦᱮᱛ ᱛᱮᱭ ᱠᱩᱞᱟ ᱡᱟᱦᱟᱸ ᱨᱮ ᱩᱱᱤᱭᱟᱜ ᱟᱡᱟᱠ ᱥᱩᱵᱤᱫᱷᱟ ᱡᱚᱛᱚ ᱠᱷᱚᱱ ᱡᱟᱹᱥᱛᱤ ᱟᱨ ᱱᱚᱝᱠᱟᱱ ᱫᱩᱨᱤᱵ ᱵᱷᱤᱛᱟᱹᱨ ᱟᱹᱜᱩᱭ ᱡᱟᱦᱟᱸ ᱨᱮ ᱩᱱᱤᱭᱟᱜ ᱱᱤᱡᱟᱹ ᱥᱩᱵᱤᱫᱷᱟ ᱛᱩᱞᱟᱹᱡᱚᱠᱷᱟ ᱞᱮᱠᱟᱛᱮ ᱠᱚᱢ ᱜᱤᱭᱟ (ᱮᱢᱚᱱᱠᱤ ᱱᱤᱛ ᱦᱸᱭᱟᱱᱟᱜ ᱦᱩᱭᱩᱜ ᱨᱮ ᱦᱸ) ᱾"
1070,"बैंक क्रेडिट 162 प्रतिशत की तेज़ गति में बड़ा हुआ जैसे कि सितंबर 9, 2022 को, जो कि एक साल पहले की बात है.","᱙ ᱥᱮᱯᱴᱮᱢᱵᱚᱨ,᱒᱐᱒᱒ ᱨᱮ ᱵᱮᱱᱠ ᱠᱨᱮᱰᱤᱴ ᱑᱖ᱹ᱒ ᱥᱟᱭᱠᱟᱲᱟ ᱳᱣᱟᱭᱼᱳᱼᱳᱣᱟᱭ ᱛᱚᱨᱟᱣ ᱥᱟᱸᱭᱟᱛ ᱛᱮ ᱰᱷᱮᱨ ᱟᱠᱟᱱᱟ, ᱡᱟᱸᱦᱟᱫᱚ ᱢᱤᱫ ᱥᱮᱨᱢᱟ ᱞᱟᱦᱟ ᱖ᱹ᱗ ᱥᱟᱭᱠᱟᱲᱟ ᱛᱟᱸᱦᱮ ᱠᱟᱱᱟ ᱾"
1071,"पूर्व और डाक-शोथ के लिए लोन और पोस्ट-विंग गतिविधियों के कवर, वेडिंग, कटनी, छंटना, अपने ही खेत का उत्पादन और परिवहन।","ᱯᱷᱚᱥᱚᱞᱼᱜᱮᱛ ᱞᱟᱦᱟ ᱟᱨ ᱯᱷᱚᱥᱚᱞᱼᱜᱮᱛ ᱛᱟᱭᱚᱢ ᱨᱮᱭᱟᱜ ᱠᱟᱹᱢᱤ ᱦᱚᱨᱟ ᱠᱩ ᱞᱟᱹᱜᱤᱫ ᱞᱳᱱ ᱫᱚ ᱥᱯᱨᱮ, ᱦᱮᱲᱦᱮᱛ, ᱜᱮᱛ, ᱵᱟᱪᱷᱟᱣ, ᱜᱨᱮᱰᱤᱝ ᱟᱨ ᱩᱱᱠᱩᱣᱟᱜ ᱱᱤᱡᱟᱹ ᱠᱷᱟᱹᱨᱟᱹᱭ ᱨᱮᱭᱟᱜ ᱫᱩᱨᱤᱵ ᱥᱟᱜᱟᱲᱚᱢ ᱠᱩᱭ ᱟᱱᱴᱟᱣᱮᱛ ᱠᱟᱱᱟ ᱾"
1072,खेती - बाड़ी के लिए मध्यम उधार और सभी विस्तारित गतिविधियों के लिए खेती पर किए गए उत्पादनों को कवर करेगा. (m),"ᱪᱟᱥ ᱟᱨ ᱨᱚᱯᱚᱲ ᱜᱚᱴᱟᱣᱟᱠᱟᱱ ᱠᱟᱹᱢᱤ ᱦᱚᱨᱟ ᱠᱩ ᱞᱟᱹᱜᱤᱫ ᱛᱟᱞᱟᱼᱢᱟᱞᱟ ᱟᱨ ᱡᱤᱞᱤᱧ ᱢᱤᱭᱟᱹᱫ ᱪᱟᱥ ᱡᱚᱱᱛᱚᱨᱯᱟᱹᱛᱤ ᱠᱤᱨᱤᱧ, ᱯᱟᱣᱟᱣ ᱟᱨ ᱠᱷᱟᱹᱨᱟᱹᱭ ᱨᱮ ᱦᱟᱛᱟᱣᱟᱠᱟᱱ ᱮᱴᱟᱜ ᱮᱢᱟᱱ ᱩᱛᱷᱱᱟᱹᱣᱟᱱᱟᱜ ᱠᱟᱹᱢᱤᱦᱚᱨᱟ ᱞᱟᱹᱜᱤᱫᱼᱮ ᱠᱚᱵᱷᱟᱨᱟ ᱾"
1073,"इसके अलावा, भारत में हर साल तकरीबन 30,000 लोगों की मौत हो जाती है ।",ᱵᱮᱝᱠᱤᱝ ᱥᱩᱯᱟᱨᱵᱷᱟᱭᱥᱟᱨ ᱠᱩ ᱫᱚ ᱩᱢᱩᱞ ᱵᱮᱝᱠ ᱠᱩ ᱴᱷᱮᱱ ᱥᱮᱨᱣᱟ ᱟᱱᱟᱜ ᱵᱮᱝᱠ ᱠᱩᱣᱟᱜ ᱯᱟᱨᱥᱟᱞ ᱠᱩ ᱵᱤᱰᱟᱹᱣᱮᱫᱟ ᱟᱨ ᱱᱚᱣᱟ ᱫᱚ ᱟᱨᱦᱸ ᱵᱷᱟᱜᱤ ᱢᱩᱞᱫᱷᱚᱱ ᱟᱨ ᱞᱮᱦᱮᱭᱟᱱ ᱱᱤᱭᱟᱹᱢ ᱠᱩ ᱦᱚᱛᱮᱛᱮ ᱥᱟᱯ ᱫᱚᱦᱚᱭ ᱠᱩᱨᱩᱢᱩᱴᱩᱣᱟᱠᱟᱰᱟ ᱪᱮᱫᱟᱜ ᱥᱮ ᱱᱤᱭᱟᱹ ᱯᱟᱨᱥᱟᱞ ᱩᱢᱩᱞ ᱵᱮᱝᱠ ᱠᱩ ᱫᱚ ᱥᱮᱨᱣᱟ ᱟᱱᱟᱜ ᱠᱟᱹᱣᱰᱤ ᱤᱫᱤᱠᱟᱛᱮ ᱠᱷᱟᱹᱛ ᱟᱨ ᱠᱟᱹᱣᱰᱤ ᱟᱹᱨᱤ ᱟᱨᱦᱸ ᱥᱟᱫᱷᱟᱨᱚᱱ ᱞᱮᱠᱟᱛᱮᱭ ᱮᱥᱮᱨ ᱩᱪᱩ ᱫᱟᱲᱤᱭᱟᱜᱼᱟ ᱾
1074,"विश्‍वव्यापी आर्थिक संकट के बाद से, अधिकारी क्षेत्र ज़्यादा और ज़्यादा बेहतर जानकारी जमा कर रहा है और छुपा हुआ विद्वीयताओं की खोज कर रहा है ।","ᱡᱮᱜᱮᱫ ᱡᱟᱠᱟᱫ ᱠᱟᱹᱣᱰᱤ ᱟᱱᱟᱴ ᱛᱟᱭᱚᱢ ᱠᱷᱚᱱ, ᱚᱯᱷᱤᱥᱭᱟᱞ ᱥᱮᱠᱴᱚᱨ ᱟᱨᱦᱚᱸ ᱟᱨ ᱟᱨᱦᱚᱸ ᱵᱷᱟᱜᱮ ᱰᱚᱜᱚᱨᱮ ᱛᱩᱢᱟᱹᱞ ᱮᱫᱟ ᱟᱨ ᱩᱠᱩ ᱟᱠᱟᱱ ᱠᱚᱢᱡᱩᱨᱤ ᱠᱚᱭ ᱯᱟᱸᱡᱟᱭᱮᱫᱟ ᱾"
1075,बाजार की कीमत तय कर रही है कि आवश्यकता है कि इस कीमत पर बराबर मांग.,ᱢᱟᱨᱠᱮᱴᱼᱠᱞᱤᱭᱟᱨᱤᱝ ᱠᱟᱹᱣᱰᱤ ᱫᱚ ᱚᱱᱟ ᱠᱟᱹᱣᱰᱤ ᱨᱮᱭᱟᱜ ᱥᱚᱢᱟᱱ ᱪᱟᱹᱦᱤᱫᱟ ᱥᱟᱨᱵᱷᱟᱨᱠᱟᱹᱨᱤ ᱞᱟᱹᱜᱛᱤᱭᱟᱱᱟᱜ ᱦᱚᱛᱮᱛᱮ ᱜᱚᱴᱟᱞᱚᱜ ᱠᱟᱱᱟ ᱾
1076,"मॉडल का समीकरण है आपूर्ति और मांग का स्तर मूल्य और अन्य चर (उदाहरण के लिए, आय के लिए) निर्धारित करता है।","ᱢᱚᱰᱮᱞ ᱨᱮᱭᱟᱜ ᱢᱤᱫ ᱞᱮᱠᱟᱱᱟᱜ ᱠᱚ ᱨᱮᱭᱟᱜ ᱜᱚᱱᱚᱝ ᱟᱨ ᱮᱴᱟᱜ ᱵᱚᱱᱚᱫᱚᱞ ᱞᱮᱠᱟᱱᱜ (ᱫᱟᱹᱭᱠᱟᱹ ᱞᱮᱠᱟᱛᱮ, ᱨᱳᱡᱜᱟᱨ) ᱯᱷᱟᱝᱥᱚᱱ ᱞᱮᱠᱟᱛᱮ ᱥᱟᱨᱵᱷᱟᱨ ᱟᱨ ᱪᱟᱹᱦᱤᱫᱟ ᱨᱮᱭᱟᱜ ᱛᱷᱟᱨᱮ ᱵᱟᱪᱷᱟᱣᱼᱟ ᱾"
1077,"वर्तमान खाते शेष राशि तब व्यापार संतुलन धन योग (जैसे कि ब्याज और कर्मचारियों के रूप में ब्याज और ऋणों को दूर करने के लिए) और विदेश से लेन्स (जैसे कि विदेशी सहायता के रूप में), जो आम तौर पर कुल संख्या का छोटा भाग हैं.","ᱠᱟᱨᱮᱱᱴ ᱮᱠᱟᱣᱩᱱᱴ ᱵᱮᱞᱮᱱᱥ ᱫᱚ ᱩᱱᱚᱠᱛᱮ ᱵᱟᱹᱱᱤᱡ ᱵᱮᱞᱮᱱᱥ ᱟᱨ ᱱᱮᱴ ᱯᱷᱮᱠᱴᱚᱨ ᱨᱳᱡᱜᱟᱨ (ᱡᱮᱞᱮᱠᱟ ᱵᱤᱫᱮᱥᱤ ᱵᱤᱱᱤᱭᱳᱜ ᱥᱮ ᱠᱟᱹᱢᱤᱭᱟᱹᱠᱩᱣᱟᱜ ᱠᱩᱞᱠᱟᱹᱣᱰᱤ ᱠᱷᱚᱱ ᱥᱩᱫ ᱟᱨ ᱞᱟᱵᱷ ᱦᱤᱸᱥ) ᱟᱨ ᱵᱤᱫᱟᱹᱥ ᱠᱷᱚᱱ ᱩᱪᱟᱹᱲ (ᱡᱮᱞᱮᱠᱟ ᱵᱤᱫᱟᱹᱥ ᱨᱮᱭᱟᱜ ᱜᱚᱲᱚ), ᱡᱟᱦᱟᱸ ᱫᱚ ᱥᱟᱫᱷᱟᱨᱚᱱ ᱞᱮᱠᱟᱛᱮ ᱜᱩᱴ ᱨᱮᱭᱟᱜ ᱢᱤᱫᱴᱟᱝ ᱠᱟᱹᱴᱤᱡᱽ ᱦᱤᱸᱥ ᱠᱩᱴᱨᱟᱹ ᱠᱟᱱᱟ ᱾"
1078,व्यापार संतुलन लाभों और सेवाओं के निर्यात के मूल्य और धन - सेवाओं के महत्त्व में फर्क है ।,ᱵᱟᱹᱱᱤᱡ ᱥᱚᱢᱟᱱ ᱡᱚᱠᱷᱟ ᱫᱚ ᱦᱩᱭᱩᱜ ᱠᱟᱱᱟ ᱯᱚᱱᱱᱚ ᱟᱨ ᱯᱚᱨᱤᱥᱮᱵᱟ ᱟᱹᱠᱷᱨᱤᱧ ᱜᱚᱱᱚᱝ ᱟᱨ ᱯᱚᱱᱱᱚ ᱟᱨ ᱯᱚᱨᱤᱥᱮᱵᱟ ᱨᱮᱭᱟᱜ ᱠᱤᱨᱤᱧ ᱟᱹᱜᱩ ᱜᱚᱱᱚᱝ ᱢᱩᱫᱨᱮ ᱯᱷᱟᱨᱟᱠ ᱾
1079,"विश्‍वभर में हमारे रेटिंग के सुधार का नतीजा यह हुआ है कि सन्‌ 1918 में, सन्‌ 1999 में, भारत के मंत्री ने कहा कि भारत के बड़े - बड़े अधिकारी, जीव - जंतुओं से जुड़े हुए हैं ।","ᱞᱮᱛᱟᱲ ᱨᱤᱠᱟᱹ ᱦᱚᱛᱮᱛᱮ ᱜᱞᱳᱵᱟᱞ ᱤ ᱳ ᱰᱤ ᱵᱤ ᱨᱮᱝᱠᱤᱝᱨᱮ ᱟᱵᱚᱣᱟᱜ ᱨᱮᱴᱤᱝ ᱨᱟᱠᱟᱵ ᱟᱠᱟᱱᱟ ᱟᱨ ᱡᱤ ᱵᱷᱤ ᱥᱤ ᱥᱟᱶᱛᱮ ᱢᱮᱥᱟᱭᱨᱮ ᱮᱢ ᱮᱥ ᱮᱢ ᱤ ᱠᱚ ᱥᱟᱢᱟᱝ ᱫᱟᱯᱨᱟᱢ ᱞᱮᱠᱟᱱ ᱪᱮᱞᱮᱧᱡ ᱠᱚ ᱡᱟᱨᱯᱟ ᱦᱩᱭᱟᱠᱟᱱᱟ, ᱢᱟᱭᱠᱨᱳ, ᱦᱩᱰᱤᱧ ᱟᱨ ᱢᱤᱰᱤᱭᱟᱢ ᱮᱱᱴᱟᱨᱯᱨᱟᱭᱤᱡ ᱨᱮᱱ (ᱮᱢ ᱮᱥ ᱮᱢ ᱤ ) ᱯᱨᱚᱛᱤᱢᱚᱱᱛᱨᱤ ( ᱥᱟᱫᱷᱤᱱ ᱫᱟᱭᱵᱷᱟᱨ ) ᱥᱨᱤ ᱜᱤᱨᱤᱨᱟᱡ ᱥᱤᱝᱼᱮ ᱞᱟᱹᱭ ᱟᱠᱟᱫᱟ ᱑᱙ᱼ᱒᱐ ᱰᱤᱥᱮᱢᱵᱚᱨ ᱒᱐᱑᱘ ᱢᱟᱹᱦᱤᱛᱨᱮ ᱱᱟᱶᱟ ᱫᱤᱞᱞᱤᱨᱮ ᱥᱤ ᱟᱭ ᱟᱭᱼ ᱥᱟᱶᱛᱮ ᱦᱟᱹᱴᱤᱧᱨᱮ ᱮᱢ ᱮᱥ ᱮᱢ ᱤ ᱢᱚᱱᱛᱨᱚᱱᱟᱞᱚᱭᱼᱟᱜ ᱥᱟᱯᱲᱟᱣᱛᱮ ᱑᱕ ᱟᱱᱟᱜ ᱮᱥ ᱮᱢ ᱤ ᱜᱞᱳᱵᱟᱞ ᱥᱟᱢᱤᱴ ᱨᱮ ᱩᱰᱷᱟᱹᱣ ᱚᱠᱛᱚ ᱢᱩᱲᱩᱫ ᱠᱟᱛᱷᱟᱭ ᱮᱢ ᱞᱮᱫᱟ ᱾"
1080,"इन कारणों को ध्यान में रखते हुए, सन्‌ 2022- 23,7 प्रतिशत में Q2 प्रतिशत के साथ 7.2 प्रतिशत है; क्यू3 प्रतिशत में 6.5 प्रतिशत, और Q4 में भी जोखिमों के साथ.","ᱱᱤᱭᱟᱹ ᱥᱟᱛᱟᱢᱠᱩ ᱵᱤᱵᱮᱪᱚᱱᱟ ᱨᱮ ᱫᱚᱦᱚᱠᱟᱛᱮ, ᱢᱩᱫᱨᱟᱹᱥᱯᱷᱤᱛᱤᱭ ᱨᱮᱭᱟᱜ ᱟᱭᱩᱢᱟᱹᱱ ᱒᱐᱒᱒ᱼ᱒᱓ ᱥᱟᱞ ᱨᱮ ᱖.᱗ ᱥᱟᱭ ᱦᱤᱸᱥ ᱨᱮ ᱥᱟᱯᱽ ᱫᱚᱦᱚ ᱦᱩᱭᱟᱠᱟᱱᱟ, Q᱒ ᱨᱮ ᱗.᱑ ᱥᱟᱭ ᱦᱤᱸᱥ, Q᱓ ᱨᱮ ᱖.᱕ ᱥᱟᱭ ᱦᱤᱸᱥ; ᱟᱨ Q᱔ ᱨᱮ ᱕.᱘ ᱥᱟᱭ ᱦᱤᱸᱥ ᱨᱮ, ᱡᱷᱩᱸᱠᱤ ᱫᱚ ᱢᱤᱫ ᱜᱤ ᱡᱩᱨᱤᱜᱼᱟ ᱾"
1081,"भारत का आयात विकास, हालांकि देरी, निर्यात वृद्धि से बाहर.",ᱵᱷᱟᱨᱚᱛ ᱨᱮ ᱟᱢᱫᱟᱱᱤ ᱠᱚᱢ ᱟᱠᱟᱱ ᱨᱮᱦᱚᱸ ᱨᱚᱯᱛᱟᱱᱤ ᱫᱚ ᱟᱰᱤ ᱜᱮ ᱵᱟᱲᱛᱤ ᱟᱠᱟᱱᱟ ᱾
1082,"वर्तमान में, विकास कार्य मुख्यतः आर्थिक प्रदर्शन पर केंद्रित होता है (बी. एस. डी.","ᱱᱟᱦᱟᱜ ᱡᱩᱜᱨᱮ, ᱵᱟᱹᱲᱛᱤ ᱨᱮᱭᱟᱜ ᱦᱤᱥᱟᱹᱵ ᱢᱩᱲᱩᱫ ᱠᱟᱭᱛᱮ ᱠᱟᱹᱣᱰᱤ ᱠᱟᱹᱢᱤᱫᱟᱲᱮ (ᱦᱟᱹᱲᱛᱤᱜ ᱫᱚᱨ, ᱡᱤᱰᱤᱯᱤ ᱨᱮᱭᱟᱜ ᱥᱟᱭᱠᱟᱲᱟ ᱞᱮᱠᱟᱛᱮ ᱠᱷᱟᱡᱱᱟ ᱠᱚᱢ, ᱡᱤᱰᱤᱯᱤ ᱨᱮᱭᱟᱜ ᱥᱟᱭᱠᱟᱲᱟ ᱞᱮᱠᱟᱛᱮ ᱠᱚᱨ ᱠᱷᱟᱡᱱᱟ ᱮᱢᱟᱱ) ᱟᱨ ᱥᱟᱶᱛᱟᱨᱤ ᱠᱟᱹᱢᱤ ᱫᱟᱲᱮ ( ᱨᱮᱸᱜᱮᱡ, ᱵᱟᱝ ᱥᱚᱢᱟᱱ, ᱠᱟᱹᱢᱤᱴᱷᱟᱶ ᱨᱮᱭᱟᱜ ᱜᱟᱛᱟᱠ, ᱦᱚᱲᱞᱮᱠᱷᱟ ᱨᱮᱭᱟᱜ ᱯᱩᱥᱴᱤ ᱛᱷᱟᱨ, ᱮᱢᱟᱱ )"
1083,आज की आर्थिक चर्चा सामाजिक और आर्थिक प्रदर्शन के बीच संतुलन की ओर अत्यधिक झुकाव कर रही है और पर्यावरण प्रदर्शन के साथ अपने व्यवहार को नज़रअंदाज़ कर रही है ।,ᱱᱟᱦᱟᱜ ᱫᱷᱚᱱ ᱤᱫᱤ ᱠᱟᱛᱮ ᱜᱟᱞᱚᱪᱠᱩ ᱫᱚ ᱥᱟᱸᱣᱛᱟ ᱟᱹᱨᱤ ᱟᱨ ᱫᱷᱚᱱ ᱤᱫᱤ ᱠᱟᱛᱮ ᱠᱟᱹᱢᱤᱫᱟᱲᱮ ᱢᱩᱫᱨᱮ ᱵᱷᱟᱨᱥᱚᱢᱟᱱᱚᱜ ᱥᱮᱡᱜᱤ ᱡᱟᱹᱥᱛᱤᱠᱟᱭᱛᱮ ᱡᱷᱩᱠᱟᱹᱜ ᱠᱟᱱᱟ ᱟᱨ ᱞᱟᱭᱚᱝ ᱞᱮᱠᱟᱛᱮ ᱠᱟᱹᱢᱤᱫᱟᱲᱮ ᱥᱟᱸᱣ ᱛᱮ ᱩᱝᱠᱩᱣᱟᱜ ᱜᱟᱯᱟᱞ ᱢᱟᱨᱟᱣ ᱠᱤᱪᱷᱤᱴᱟᱜᱼᱮ ᱱᱤᱦᱟᱹᱛᱮᱫᱟ ᱾
1084,"फिर से निर्माण के बाद उधार देने के उचित मूल्य की गणना की जाएगी जैसे कि मौजूदा नकदीय प्रवाहों में ब्याज का प्रतिनिधित्व करने के लिए प्रायोगिक किया जाता है फिर से निर्माण और मुख्य का प्रतिनिधित्व की दर पर ब्याज का प्रतिनिधित्व किया जाता है, बैंक के निर्माण और मुख्य के बारे में एक दर के रूप में भूल जाता है।",ᱫᱚᱦᱲᱟᱠᱟᱨᱛᱮ ᱜᱚᱴᱷᱚᱱ ᱛᱟᱭᱱᱚᱢ ᱨᱤᱱ ᱨᱮᱭᱟᱜ ᱱᱮᱡᱽᱡᱚ ᱜᱚᱱᱚᱝ ᱜᱚᱱᱚᱱᱟᱭᱟᱠᱚ ᱞᱚᱜᱚᱫᱽ ᱱᱟᱦᱟᱜ ᱨᱮᱭᱟᱜ ᱜᱚᱱᱚᱝ ᱞᱮᱠᱟᱛᱮᱠᱚ ᱜᱚᱱᱚᱱᱟ ᱦᱳᱭᱳᱜᱼᱟ ᱡᱟᱦᱟᱸ ᱫᱚ ᱫᱚᱦᱲᱟᱠᱟᱨᱛᱮ ᱵᱮᱱᱟᱣ ᱪᱮᱛᱟᱱ ᱜᱚᱴᱟ ᱟᱠᱟᱱ ᱥᱩᱫᱽ ᱦᱟᱨᱛᱮ ᱫᱚᱦᱲᱟ ᱠᱟᱨᱛᱮ ᱵᱮᱱᱟᱣ ᱟᱠᱟᱱ ᱵᱮᱝᱠ BPLR ᱨᱮ ᱥᱚᱢᱟᱱ ᱦᱟᱨᱛᱮ ᱪᱷᱟᱲ ᱠᱚ ᱮᱢᱚᱜᱼᱟ ᱾ᱫᱚᱦᱲᱟᱠᱟᱨᱛᱮ ᱵᱮᱱᱟᱣ ᱢᱟᱦᱤᱛ ᱫᱚ ᱨᱤᱱᱮ ᱦᱟᱛᱟᱣ ᱮᱫ ᱠᱟᱱ ᱛᱷᱚᱱᱚᱛ ᱞᱟᱜᱤᱫ ᱞᱟᱠᱛᱤᱭᱟᱱ ᱢᱮᱭᱟᱫᱽ ᱟᱱ ᱯᱨᱤᱢᱤᱭᱟᱢ ᱟᱨ ᱠᱨᱮᱰᱤᱴ ᱨᱤᱥᱠ ᱯᱨᱤᱢᱤᱭᱟᱢ ᱾
1085,"इसके बाद, भारत के अतिरिक्त बैंक ने MF (SF-MF) के लिए एक विशेष 50,000 50,000 टन के लिए राशि प्राप्त करने में मदद की, जो वित्तीय बाजारों में भरोसा बहाल करने में मदद की.","ᱛᱟᱭᱚᱢ ᱫᱟᱨᱟᱢᱛᱮ, ᱠᱟᱹᱣᱰᱤ ᱞᱮᱱᱫᱮᱱ ᱨᱮᱭᱟᱜ ᱦᱟᱢᱟᱞ ᱠᱚᱢ ᱞᱟᱹᱜᱤᱫᱛᱮ ᱟᱨ ᱠᱟᱹᱣᱰᱤ ᱤᱫᱤᱠᱟᱛᱮ ᱛᱷᱤᱛᱤ ᱨᱩᱠᱷᱭᱟᱹᱭ ᱞᱟᱹᱜᱤᱫ, ᱵᱷᱟᱨᱚᱛᱤᱭᱟᱹ ᱨᱤᱡᱟᱨᱵᱷ ᱵᱮᱝᱠ ᱫᱚ ᱮᱢᱮᱯᱷᱮᱥ (ᱮᱥᱮᱞᱮᱯᱷᱼᱮᱢᱮᱯᱷ) ᱱᱤᱭᱟᱹ ᱞᱟᱹᱜᱤᱫ ᱕᱐,᱐᱐᱐ ᱠᱳᱴᱤ ᱴᱟᱠᱟ ᱨᱮᱭᱟᱜ ᱢᱤᱴᱴᱮᱱ ᱵᱤᱥᱟᱹᱥ ᱠᱟᱹᱣᱰᱤ ᱥᱩᱵᱤᱫᱷᱟ ᱨᱮᱭᱮ ᱛᱟᱲᱟᱢᱟᱠᱟᱫᱟ, ᱡᱟᱦᱟᱸ ᱫᱚ ᱠᱟᱹᱣᱰᱤᱭᱟᱱᱟᱜ ᱵᱟᱡᱟᱨ ᱨᱮ ᱟᱥ ᱟᱹᱜᱩᱭ ᱨᱮᱭᱮ ᱜᱚᱲᱚᱣᱟᱠᱟᱱᱟ ᱾"
1086,"हाल ही की तेज़ दर बढ़ रही है और अधिक बड़े दर की दिशा के बारे में मार्गदर्शन देने से आर्थिक परिस्थितियों, अत्यधिक अनुचितता, और ख़तरे में आयी है ।","ᱱᱮ ᱦᱟᱹᱞᱤ ᱞᱟᱥᱮᱨ ᱫᱚᱨ ᱵᱟᱹᱲᱛᱤ ᱟᱨ ᱟᱨᱦᱚᱸ ᱢᱟᱨᱟᱝ ᱫᱚᱨ ᱵᱟᱹᱲᱛᱤᱜ ᱥᱟᱛᱟᱢ ᱨᱮ ᱞᱟᱦᱟ ᱥᱮᱱᱟᱜ ᱩᱱᱩᱫᱩᱜ ᱠᱟᱹᱣᱰᱤ ᱦᱟᱞᱚᱛ ᱨᱮᱭᱟᱜ ᱠᱮᱴᱮᱡᱛᱮᱫ, ᱟᱹᱰᱤ ᱵᱟᱝᱛᱷᱤᱨ ᱟᱨ ᱵᱚᱛᱚᱨ ᱪᱟᱵᱟᱜ ᱨᱮᱭᱟᱜ ᱮ ᱥᱤᱨᱡᱟᱹᱣᱼᱟ ᱾"
1087,"पूरा मूल्य भुगतान नोटों के रूप में RBITOMOCOT कार्यालय के द्वारा किया जाएगा, जबकि आधे मूल्य मूल्य मूल्य मूल्य का भुगतान किया गया नोटों के रूप में नोटों के रूप में किया जाएगा सहयोग और उसके अनुसार काम किया जाएगा.","ᱯᱩᱨᱟᱹᱣᱼᱜᱚᱱᱚᱝ ᱨᱮᱭᱟᱜ ᱮᱢ ᱟᱠᱟᱱ ᱱᱳᱴᱠᱚ ᱟᱨᱵᱤᱟᱭ ᱤᱥᱩ ᱚᱯᱷᱤᱥ ᱪᱮᱥᱴ ᱨᱮᱢᱤᱴᱮᱱᱥ ᱞᱮᱠᱟᱛᱮᱭ ᱞᱮᱠᱷᱟᱭᱟ, ᱡᱚᱠᱷᱚᱱ ᱟᱫᱷᱟᱼᱜᱚᱱᱚᱝ ᱨᱮᱭᱟᱜ ᱱᱳᱴ ᱟᱨ ᱨᱩᱣᱟᱹᱲ ᱟᱠᱟᱱ ᱱᱳᱴᱠᱚ ᱵᱤᱪᱟᱹᱨ ᱞᱟᱹᱜᱤᱫ ᱴᱮᱱᱰᱟᱨ ᱟᱠᱟᱱ ᱱᱳᱴ ᱞᱮᱠᱟᱛᱮ ᱞᱮᱠᱷᱟ ᱦᱩᱭᱩᱜ ᱟ ᱟᱨ ᱚᱱᱟ ᱞᱮᱠᱟᱛᱮ ᱦᱚᱨᱟᱭ ᱦᱩᱭᱩᱜ ᱟ ᱾"
1088,भारत में कर्ज़ चुकाने की आवाज़ में भारी बढ़ोतरी हुई है ।,ᱵᱷᱟᱨᱚᱛ ᱨᱮ ᱨᱤᱱ ᱨᱮᱭᱟᱜ ᱥᱤᱠᱩᱨᱤᱴᱤ ᱫᱤᱱ ᱠᱮ ᱫᱤᱱ ᱟᱹᱰᱤ ᱠᱟᱛᱮ ᱵᱟᱲᱛᱤ ᱤᱫᱤᱜ ᱠᱟᱱᱟ ᱾
1089,"इसके बावजूद, भारतीय अर्थव्यवस्था आज भी मुश्‍किल - से - मुश्‍किल हो रही है ।",ᱡᱮᱜᱮᱫ ᱨᱮᱭᱟᱜ ᱚᱥᱛᱷᱤᱨ ᱦᱚᱭᱞᱚᱝ ᱨᱮᱦᱚᱸ ᱵᱷᱟᱨᱚᱛ ᱨᱮᱭᱟᱜ ᱠᱟᱣᱰᱤ ᱟᱨᱤ ᱨᱤᱦᱤᱴ ᱤᱫᱤᱜ ᱠᱟᱱᱟ ᱾
1090,"पैसों की तंगी, सच्ची आर्थिक और आर्थिक स्थिरता के संभावित परिणाम हैं ।",ᱟᱥᱚᱞ ᱠᱟᱹᱣᱰᱤᱟᱹᱨᱤ ᱟᱨ ᱫᱷᱚᱱ ᱤᱫᱤᱠᱟᱛᱮ ᱡᱤᱨᱟᱹᱣᱛᱮᱫ ᱨᱮᱭᱟᱜ ᱦᱩᱭ ᱫᱟᱲᱤᱭᱟᱜ ᱦᱟᱞᱚᱛ ᱥᱟᱸᱣ ᱫᱷᱚᱱ ᱨᱮᱭᱟᱜ ᱵᱟᱡᱟᱨ ᱠᱩ ᱨᱮ ᱱᱤᱨᱟᱹᱥ ᱢᱮᱱᱟᱜᱼᱟ ᱾
1091,"जहाँ एक व्यक्‍ति द्वारा प्रस्तुत टिप्पणियों की संख्या 5 टुकड़े से अधिक है लेकिन बहुत ही कम मूल्य में, कोमल सलाह दी जाएगी कि इन नोटों को पास की मुद्रा के शाखा को भेजने के लिए अपने बैंक खाते की जानकारी दें (ए.","ᱡᱟᱸᱦᱟᱨᱮ ᱢᱤᱫ ᱦᱚᱲ ᱫᱟᱨᱟᱭᱛᱮ ᱟᱹᱲᱛᱤ ᱱᱳᱴ ᱨᱮᱭᱟᱜ ᱞᱮᱠᱷᱟ ᱕ ᱜᱚᱴᱟᱝ ᱠᱷᱚᱱ ᱵᱟᱹᱲᱛᱤᱭᱟ ᱢᱮᱱᱠᱷᱟᱱ ᱜᱚᱱᱚᱝ ᱕,᱐᱐᱐ᱼ ᱠᱷᱚᱱ ᱰᱷᱮᱨ ᱵᱟᱝ, ᱫᱚᱨ ᱥᱟᱠᱟᱢ ᱮᱢᱚᱜᱤᱡ ᱩᱱᱤᱭᱟᱜ/ᱩᱱᱤᱭᱟᱜ ᱵᱮᱱᱠ ᱮᱠᱟᱣᱩᱱᱴ ᱨᱮᱭᱟᱜ ᱵᱤᱪᱷᱱᱟᱹᱣ ᱵᱚᱨᱱᱚᱱ ᱮᱢ ᱠᱟᱛᱮᱜ ᱵᱤᱢᱟ ᱟᱠᱟᱱ ᱯᱳᱥᱴ ᱛᱟᱞᱟᱛᱮ ᱱᱚᱣᱟ ᱡᱟᱹᱛᱤᱭᱟᱹᱨᱤ ᱱᱳᱴᱠᱚ ᱥᱩᱨᱥᱩᱯᱩᱨ ᱠᱟᱨᱮᱱᱥᱤ ᱪᱮᱥᱴ ᱪᱟᱸᱜᱟᱨᱮ ᱵᱷᱮᱡᱟᱭ ᱨᱮᱭᱟᱜ ᱯᱚᱨᱟᱢᱚᱥ ᱮᱢ ᱦᱩᱭᱩᱜ ᱟ ( ᱮ/ᱠ ᱱᱟ, ᱪᱟᱸᱜᱟ ᱨᱮᱭᱟᱜ ᱧᱩᱛᱩᱢ, ᱟᱭᱮᱯᱷᱮᱥᱥᱤ, ᱮᱢᱟᱱ) ᱟᱨ ᱵᱟᱝᱠᱷᱟᱱ ᱟᱯᱱᱟᱨᱞᱮᱠᱟᱛᱮ ᱚᱱᱟᱠᱚ ᱵᱚᱫᱚᱞ ᱢᱮ ᱾"
1092,"अदालत ने यह भी कहा कि निजी डेटा और तथ्यों की गोपनीयता का एक अनिवार्य पहलू है और इसलिए यह अत्यावश्‍यक है कि सी. बी. सी. सी. सी. सी. सी. के लिए डाटा जमा करना, नागरिकों की सबसे अच्छी दिलचस्पी पहले होनी चाहिए, केवल उन व्यक्‍तिगत आंकड़ा को इकट्ठा किया जा सकता है जो आवश्‍यक हैं और इन निजी डेटाओं के लिए ही इस्तेमाल किया जा सकता है जो इसे जमा किया जाता है ।","ᱠᱟᱪᱷᱟᱦᱟᱹᱨᱤ ᱫᱚ ᱟᱨᱦᱚᱸᱭ ᱧᱮᱞ ᱮᱫᱟ ᱡᱮ ᱦᱚᱲᱟᱜ ᱰᱚᱜᱚᱨ ᱟᱨ ᱰᱚᱜᱚᱨ ᱨᱮᱭᱟᱜ ᱩᱠᱩᱛᱮᱫ ᱩᱠᱩ ᱟᱹᱭᱫᱟᱹᱨ ᱨᱮᱭᱟᱜ ᱢᱤᱫ ᱢᱩᱲᱩᱫ ᱯᱟᱦᱟᱴᱟ ᱠᱟᱱᱟ ᱟᱨ ᱚᱱᱟᱛᱮ ᱱᱚᱶᱟ ᱢᱩᱲᱩᱫ ᱥᱤ ᱵᱤ ᱰᱤ ᱥᱤ ᱤᱥᱩᱭ ᱞᱟᱹᱜᱤᱫᱛᱮ ᱰᱮᱴᱟ ᱛᱩᱢᱟᱹᱞ ᱚᱠᱛᱚ, ᱦᱚᱲ ᱠᱚᱣᱟᱜ ᱡᱚᱛᱚᱠᱷᱚᱱ ᱢᱟᱨᱟᱝ ᱥᱟᱨᱛᱷᱚ ᱞᱟᱦᱟᱨᱮ ᱫᱟᱣ ᱮᱢᱚᱜ ᱞᱟᱹᱠᱛᱤ ᱠᱟᱱᱟ, ᱥᱩᱢᱩᱝ ᱩᱱᱤ ᱦᱚᱲᱜᱮ ᱴᱷᱟᱹᱣᱠᱟᱹ ᱟᱠᱟᱱ ᱰᱚᱜᱚᱨᱮ ᱦᱩᱭ ᱫᱟᱲᱮᱭᱟᱜᱼᱟ ᱛᱩᱢᱟᱞᱟᱠᱟᱱ ᱡᱟᱸᱦᱟ ᱞᱟᱹᱠᱛᱤᱭᱟᱱ ᱟᱨ ᱱᱚᱶᱟ ᱰᱮᱴᱟᱠᱚ ᱮᱠᱷᱮᱱ ᱚᱱᱟ ᱞᱟᱹᱜᱤᱫ ᱛᱮᱜᱮ ᱵᱮᱣᱦᱟᱨ ᱢᱮ ᱡᱟᱸᱦᱟ ᱞᱟᱹᱜᱤᱫ ᱱᱚᱶᱟ ᱛᱩᱢᱟᱹᱞᱚᱜᱼᱟ ᱾"
1093,कंप्यूटर या कंप्यूटर के ज़रिए दूसरे कंप्यूटरों तक पहुँचने या उन्हें नुकसान पहुँचाने के लिए किसी कंप्यूटर या नेटवर्क पर हमला किया जाता है ।,ᱢᱤᱫ ᱥᱟᱭᱵᱟᱨ ᱫᱩᱥᱤ ᱦᱚᱲᱫᱚ ᱰᱮᱴᱟ ᱥᱮ ᱯᱚᱨᱤᱥᱮᱵᱟ ᱠᱚ ᱨᱟᱯᱩᱫ ᱥᱮ ᱵᱟᱲᱤᱡ ᱞᱟᱜᱤᱫ ᱛᱮ ᱟᱨ ᱢᱤᱫ ᱴᱟᱝ ᱠᱚᱢᱯᱤᱭᱩᱴᱟᱨ ᱨᱮ ᱵᱚᱞᱚᱱ ᱞᱟᱜᱤᱫ ᱢᱤᱫᱴᱟᱝ ᱠᱚᱢᱯᱤᱭᱩᱴᱟᱨ ᱥᱮ ᱱᱮᱴᱳᱣᱟᱨ ᱠᱚ ᱡᱟᱨᱯᱟᱭᱟ ᱾
1094,"नमक की मौजूदगी के कारण जो नमक की मौजूदगी के लिए इस्तेमाल किया जाता है, उसके लिए सभी पैकेजों का इस्तेमाल किया जाता है और उसे सही मात्रा में रखा जाता है ।",ᱥᱟᱱᱟᱢ ᱯᱮᱠᱮᱴ ᱟᱨ ᱴᱤᱱ ᱨᱮ ᱛᱟᱦᱮᱸᱱ ᱡᱚᱢᱟᱜ ᱟᱭᱴᱮᱢ ᱠᱚ ᱟᱰᱤ ᱵᱟᱲᱛᱤ ᱥᱳᱰᱤᱭᱟᱢ ᱛᱟᱦᱮᱸᱱᱟ ᱚᱡᱮᱫᱚ ᱵᱩᱞᱩᱝ ᱛᱟᱦᱮᱸᱱ ᱠᱷᱟᱛᱤᱨ ᱡᱚᱜᱟᱣᱫᱚᱦᱚ ᱞᱟᱜᱤᱫ ᱠᱚ ᱵᱮᱣᱦᱟᱨᱟ ᱾
1095,"जब गाड़ी अचानक घूमने, गाड़ी चलाने या दुर्घटना के दौरान गाड़ी के अंदर से घुस सकती है, तो वह गाड़ी के अंदर से घुस सकती है ।","ᱜᱟᱰᱤ ᱪᱟᱞᱟᱣ ᱚᱠᱛᱚ ᱟᱪᱠᱟᱜᱮ ᱵᱨᱮᱠ, ᱠᱟᱭᱫᱟ ᱥᱮ ᱵᱟᱲᱤᱜ ᱜᱷᱚᱴᱚᱱ ᱜᱚᱴᱷᱟᱣ ᱞᱮᱱᱠᱷᱟᱱ ᱜᱟᱰᱤ ᱵᱷᱤᱛᱨᱤ ᱛᱮ ᱢᱤᱫᱴᱟᱝ ᱥᱤ ᱟᱨ ᱴᱤ ᱩᱰᱟᱹᱣ ᱫᱟᱲᱮᱭᱟᱜᱼᱟ᱾"
1096,"लेकिन उसी सुबह एक श्‍वेत कैदियों में से एक था, जिसे नाजीर सिंह ने अँग्रेज़ी शिविर में भेजा था ।","ᱢᱮᱱᱠᱷᱟᱱ, ᱚᱱᱟ ᱥᱮᱛᱟᱜ ᱨᱮᱜᱮ ᱱᱚᱨᱚᱯᱚᱛ ᱥᱤᱝ ᱡᱟᱦᱟᱸᱭ ᱥᱮᱛᱟᱝᱜᱚ ᱠᱚᱭ ᱟᱲᱟᱜ ᱞᱮᱫ ᱠᱚ ᱛᱟᱦᱮᱸᱫ ᱩᱱᱠᱩ ᱢᱩᱫᱽ ᱨᱮ ᱢᱤᱫ ᱦᱚᱲ ᱤᱝᱨᱮᱡᱽ ᱰᱮᱨᱟ ᱨᱮ ᱦᱮᱡ ᱠᱟᱛᱮ ᱡᱮᱱᱟᱨᱮᱞ ᱮ ᱵᱟᱰᱟᱭ ᱦᱚᱪᱚ ᱞᱮᱫᱮᱭᱟ ᱡᱮ ᱩᱱᱤᱫᱚ ᱱᱚᱨᱚᱯᱚᱛ ᱥᱤᱝ ᱴᱷᱮᱱ ᱮ ᱟᱡᱚᱢ ᱟᱠᱟᱫᱟ ᱩᱱᱤ ᱜᱟᱲ ᱮ ᱠᱷᱟᱞᱤᱭᱟ , ᱢᱮᱱᱠᱷᱟᱱ ᱯᱨᱚᱛᱤᱥᱳᱫᱷ ᱵᱟᱝ ᱦᱟᱛᱟᱣ ᱦᱟᱵᱤᱡ ᱫᱚ ᱵᱟᱝ ᱾"
1097,"इस समय, लाहोर की सेना का मुख्य अफसर एक रॉबर्ट मॉंटी था ।",ᱱᱤᱭᱟᱹ ᱚᱠᱛᱮ ᱞᱟᱦᱳᱨ ᱨᱮᱱ ᱯᱷᱟᱹᱫ ᱵᱟᱹᱦᱤᱱᱤ ᱨᱮᱱ ᱢᱩᱰᱩᱛ ᱠᱟᱹᱢᱤᱭᱟᱹ ᱢᱩᱠᱷᱭᱟᱹᱭ ᱛᱟᱦᱮᱸᱠᱟᱱᱟ ᱢᱤᱴᱴᱮᱱ ᱨᱚᱵᱟᱨᱴ ᱢᱚᱱᱴᱜᱚᱢᱟᱨᱤ ᱾
1098,"लेकिन जब तक यह खबर मिलने आयी, तब तक वे यह जानना मुश्‍किल पाते थे कि वे कहाँ थे या कहाँ से आए थे या वे मुझसे खुलकर बात कर रहे थे ।","ᱢᱤᱭᱟᱱ ᱢᱤᱨᱟᱜ ᱰᱮᱨᱟ ᱨᱮ ,ᱮᱱᱛᱮᱨᱮᱦᱚᱸ ᱯᱷᱟᱹᱫ ᱠᱚ ᱤᱝᱨᱮᱡᱽ ᱯᱷᱟᱹᱫ ᱠᱚ ᱯᱳᱱ ᱦᱚᱲ ᱠᱷᱚᱱᱟᱜ ᱢᱤᱫ ᱨᱮᱠᱚ ᱟᱜᱩ ᱞᱮᱫ ᱠᱚᱣᱟ , ᱢᱮᱱᱠᱷᱱᱟ ᱢᱤᱨᱟᱴ ᱠᱷᱚᱱᱟᱜ ᱠᱷᱚᱵᱚᱨ ᱵᱟᱝ ᱦᱮᱡ ᱦᱟᱨᱤᱡ ᱤᱝᱜᱮᱡᱽ ᱚᱯᱷᱤᱥᱟᱨ ᱩᱱᱠᱩ ᱵᱟᱠᱷᱨᱟᱛᱮ ᱦᱤᱫᱤᱡ ᱵᱟᱝ ᱛᱟᱦᱮᱸ ᱠᱟᱱᱟ ᱡᱚᱠᱷᱚᱱ ᱠᱷᱚᱵᱚᱨ ᱦᱤᱡᱩᱜᱼᱟ ,ᱩᱱ ᱚᱠᱛᱚ ᱟᱠᱚ ᱛᱟᱦᱮᱸ ᱠᱟᱱᱟ ᱥᱮ ᱵᱟᱝ ᱚᱱᱟ ᱴᱷᱟᱣᱠᱟᱹᱜᱚᱴᱟ ᱦᱚᱸ ᱟᱱᱟᱴ ᱛᱟᱦᱮᱸ ᱠᱟᱱᱟ ᱾ ᱟᱨ ᱵᱟᱝ ᱠᱷᱟᱱ ᱚᱠᱳᱛᱮ ᱢᱤᱨᱟᱴ ᱯᱷᱟᱹᱫ ᱠᱚ ᱥᱟᱶ ᱡᱳᱜᱟᱡᱳᱜᱽ ᱵᱟᱝ ᱛᱟᱦᱮᱸ ᱠᱟᱱᱟ ᱾"
1099,ये केवल लती नहीं बल्कि मस्तिष्क पर एक प्रतिकूल प्रभाव भी हैं ।,ᱱᱚᱶᱟ ᱫᱚ ᱥᱩᱢᱩᱝ ᱱᱮᱥᱟ ᱫᱚ ᱵᱟᱝ ᱵᱩᱨᱫᱷᱤ ᱪᱮᱛᱟ ᱱ ᱨᱮ ᱟᱰᱤ ᱵᱟᱲᱤᱡ ᱮᱥᱮᱨ ᱯᱟᱲᱟᱣᱚᱜᱼᱟ᱾
1100,"दिन - ब - दिन, दोनों पक्षों में नए सैनिक आ रहे थे ।","ᱫᱤᱱ ᱯᱚᱨ ᱫᱤᱱ, ᱵᱷᱟᱱᱟᱨ ᱥᱮᱡ ᱠᱷᱚᱱ ᱱᱟᱸᱣᱟ ᱯᱷᱟᱹᱫ ᱠᱩ ᱦᱤᱡᱩᱜ ᱠᱩ ᱮᱛᱚᱦᱚᱯ ᱠᱮᱫᱟ ᱾"
1101,"अगर किसी भी व्यक्‍तिगत रोष होता, Manvery का नाम हत्यारेयों की सूची पर होता और शहीद नहीं.","ᱟᱯᱲᱮᱭᱟᱜ ᱡᱟᱦᱟᱸᱱ ᱨᱟᱜᱤ ᱮᱫᱽᱨᱮ ᱛᱟᱦᱮᱸ ᱞᱮᱱᱠᱷᱟᱱ ᱢᱚᱝᱜᱚᱞ ᱯᱟᱱᱰᱮᱭᱟᱜ ᱧᱩᱛᱩᱢ ᱥᱚᱦᱤᱫᱽ ᱫᱚ ᱵᱟᱝ ,ᱜᱷᱟᱛᱚᱠ ᱟᱜ ᱥᱤᱨᱟᱹᱞ ᱨᱮ ᱛᱟᱦᱮᱸ ᱠᱚᱜᱼᱟ᱾"
1102,"वह मुझे एक पल के लिये आंखें मारता है, और यह कहकर आदर से कहता है, कि मैं बहुत खेदित हूं, हम पूरे हो गए हैं, मुझे अलविदा कहने की आज्ञा दी है।","ᱩᱱᱤᱫᱚ ᱢᱤᱫ ᱰᱚᱸᱰᱮᱠ ᱤᱧ ᱥᱮᱡᱼᱮ ᱠᱚᱭᱚᱜ ᱠᱮᱫᱟ ᱟᱨ ᱟᱹᱰᱤ ᱢᱚᱡᱛᱮᱭ ᱢᱮᱱᱠᱮᱫᱟ, 'ᱤᱧ ᱟᱹᱰᱤ ᱫᱩᱠᱤᱧ ᱥᱚᱫᱚᱨᱮᱫᱟ, ᱟᱞᱮᱫᱚᱞᱮ ᱯᱮᱨᱮᱡ ᱟᱠᱟᱱᱟ,' ᱤᱧ ᱵᱤᱫᱟᱹᱭᱮ ᱡᱟᱱᱟᱣ ᱠᱮᱫᱤᱧᱟ ᱾"
1103,क्या आपने कभी सोचा है कि यदि कचरा हमारे घर और आस - पास से निकाला नहीं जाएगा तो क्या होगा?,ᱡᱟᱦᱟᱸ ᱛᱤᱥ ᱠᱤ ᱵᱷᱟᱵᱤᱛ ᱠᱟᱛᱮᱢ ᱧᱮᱞ ᱟᱠᱟᱫᱟ ᱟᱵᱚᱣᱟᱜ ᱚᱲᱟᱜ ᱥᱳᱨ ᱥᱳᱯᱳᱨ ᱨᱮᱭᱟᱜ ᱟᱵᱚᱨᱡᱚᱱᱟ ᱵᱟᱝ ᱠᱚ ᱚᱪᱚᱜ ᱞᱮᱠᱷᱟᱱ ᱪᱮᱫ ᱦᱳᱭᱳᱜᱼᱟ?
1104,"हाल के वर्षों में, हमारे चारों ओर की दुनिया ने डिजिटल तकनीकों के इस्तेमाल के कारण बहुत परिवर्तन देखे हैं ।",ᱦᱟᱞᱮ ᱜᱮ ᱪᱟᱞᱟᱣ ᱦᱤᱡᱩᱜ ᱠᱟᱱ ᱥᱮᱨᱢᱟ ᱨᱮ ᱰᱤᱡᱤᱴᱮᱞ ᱯᱨᱚᱡᱩᱠᱛᱤ ᱵᱮᱣᱦᱟᱨ ᱠᱷᱟᱛᱤᱨ ᱟᱵᱚᱣᱟᱜ ᱡᱮᱜᱮᱫ ᱟᱭᱢᱟ ᱟᱨᱩᱯᱷᱮᱨᱟᱣ ᱧᱮᱞ ᱧᱟᱢᱚᱜ ᱠᱟᱱᱟ ᱾
1105,"पहले, एक चिट्ठी तक पहुँचने के लिए दिन लगते थे, और हरेक व्यक्‍ति अपनी ही प्रति प्राप्त करता और अलग से प्रतिक्रिया दिखाता ।",ᱞᱟᱦᱟᱛᱮᱭᱟᱜ ᱢᱤᱫᱴᱟᱝ ᱵᱮᱣᱨᱟ ᱥᱮᱴᱮᱨ ᱞᱟᱜᱤᱫ ᱟᱭᱢᱟ ᱚᱠᱛᱚ ᱞᱟᱜᱟᱜ ᱛᱟᱦᱮᱸᱫ ᱟᱨ ᱥᱟᱱᱟᱢ ᱧᱟᱧᱟᱢᱤᱭᱟᱹ ᱜᱮ ᱢᱤᱫᱴᱟᱝ ᱠᱟᱛᱮ ᱠᱟᱜᱚᱡᱽ ᱠᱚ ᱧᱟᱢ ᱛᱟᱦᱮᱸ ᱡᱩᱫᱟᱹ ᱡᱩᱫᱟᱹ ᱠᱟᱛᱷᱟ ᱢᱮᱱ ᱞᱟᱜᱤᱫ ᱾
1106,"धर्म - त्याग की आत्माओं को पवित्र या अपवित्र समझा जाता है, जैसे कि उनका सिद्धान्त मूल रूप से लाभदायक या दुष्ट है ।","ᱵᱤᱯᱞᱚ ᱵᱤᱠᱚᱣᱟᱜ ᱟᱛᱛᱟ ᱚᱱᱩᱯᱟᱛᱛᱮ ᱯᱚᱵᱤᱛᱛᱨᱚ ᱥᱮ ᱚᱯᱚᱵᱤᱛᱛᱨᱚ ᱢᱮᱱᱛᱮᱠᱚ ᱵᱤᱵᱮᱪᱚᱱᱟᱣᱟ , ᱚᱡᱮᱫᱚ ᱟᱠᱚᱣᱟᱜ ᱚᱱᱛᱚᱨ ᱨᱮᱭᱟᱜ ᱱᱤᱛᱤ ᱫᱚ ᱩᱯᱠᱟᱹᱨ ᱥᱮ ᱞᱮᱸᱜᱽᱲᱚᱡ ᱜᱮᱭᱟ ᱾"
1107,आबा गांधी गांधी ने बाद में चार बार शादी की और हर बार अपनी पत्नी को खो दिया ।,"ᱠᱟᱵᱟ ᱜᱟᱹᱱᱫᱫᱦᱤ ᱫᱚ ᱯᱚᱨ ᱯᱚᱨ ᱯᱩᱱ ᱫᱷᱟᱣᱮ ᱵᱟᱯᱞᱟᱣᱟᱠᱟᱱᱟ, ᱡᱟᱣ ᱫᱷᱟᱣ ᱜᱤ ᱜᱩᱡᱩᱠ ᱫᱟᱨᱟᱭ ᱛᱮ ᱩᱱᱤᱨᱮᱱ ᱮᱨᱟᱭ ᱟᱛᱽ ᱞᱤᱫᱤᱭᱟ ᱾"
1108,यह लोगों को न्याय और दासत्व से स्वतंत्रता के विचारों को जगाने के उद्देश्‍य से लिखने के लिए लेखकों की सामाजिक ज़िम्मेदारी बन गयी ।,ᱦᱚᱲ ᱠᱚᱣᱟᱜ ᱱᱮᱭ ᱵᱤᱪᱟᱹᱨ ᱟᱨ ᱥᱮᱵᱮᱫ ᱠᱷᱚᱱᱟᱜ ᱪᱷᱟᱹᱲ ᱧᱟᱢ ᱨᱮᱭᱟᱜ ᱫᱷᱟᱨᱚᱱᱟ ᱡᱟᱜᱟᱣ ᱨᱮᱭᱟᱜ ᱡᱚᱥ ᱟᱛᱮ ᱚᱞ ᱚᱱᱚᱞᱤᱭᱟᱹ ᱠᱚᱣᱟᱜ ᱥᱟᱶᱛᱤᱭᱟᱹ ᱟᱸᱜᱤᱵᱷᱟᱨ ᱨᱮ ᱛᱮᱸᱜᱳ ᱟᱠᱟᱱᱟ ᱾
1109,यह तथ्य केवल उसकी क्षमता और चरित्र का अनुमान बनाने के लिए काफ़ी है ।,ᱱᱚᱶᱟ ᱜᱷᱚᱴᱚᱱᱟᱜᱮ ᱟᱭᱟᱜ ᱠᱷᱚᱢᱚᱛᱟ ᱟᱨ ᱪᱩᱨᱤᱛ ᱚᱱᱩᱢᱟᱱ ᱞᱟᱜᱤᱫ ᱡᱚᱛᱮᱥᱴᱚᱣᱟ ᱾
1110,"हम स्पष्ट रूप से इन हज़ारों Sagooys रीज से देख सकते थे, पूर्ण अनुशासन के साथ शहर में प्रवेश कर सकते थे और युद्ध की धुनों में हिस्सा लेते थे, और जरी ध्वज और ध्वजों को हिलाते थे.","ᱟᱞᱮ ᱫᱚ ᱪᱚᱴᱪᱩᱲᱟᱹ ᱠᱷᱚᱱ ᱱᱩᱝᱠᱩ ᱦᱟᱡᱟᱨ ᱦᱟᱡᱟᱨ ᱥᱤᱯᱟᱹᱦᱤ ᱠᱩ ᱯᱩᱥᱴᱟᱹᱣ ᱛᱮᱞᱮ ᱧᱮᱞ ᱧᱟᱢᱮᱛᱠᱩ ᱛᱟᱦᱮᱸᱠᱟᱱᱟ, ᱱᱤᱠᱷᱩᱛ ᱱᱤᱭᱟᱹᱢ ᱵᱟᱛᱟᱣᱟᱛᱮ ᱥᱟᱦᱟᱨ ᱨᱮ ᱠᱩ ᱵᱚᱞᱚᱱ ᱠᱟᱱ ᱛᱟᱦᱮᱸᱠᱟᱱᱟ ᱟᱨ ᱦᱩᱞ ᱥᱟᱰᱮ ᱥᱟᱰᱮᱣᱟᱛᱮ ᱟᱨ ᱨᱚᱝᱵᱮᱨᱚᱝ ᱯᱚᱛᱚᱠᱟ ᱟᱨ ᱵᱮᱱᱟᱨᱠᱩ ᱩᱰᱟᱹᱣᱮᱛ ᱠᱟᱱ ᱛᱟᱦᱮᱸᱠᱟᱱᱟ ᱾"
1111,"उन्होंने रामीना और महला को एकसाथ पढ़ा था; उन्होंने युद्ध - समान कार्यों के वृत्तान्तों को साथ पढ़ा था, और उनके जवान हृदय एक साथ प्रतिष्ठित उत्प्रेरित से जुड़े हुए थे, जो हिंदू नायकवाद की कहानियों से भरा हुआ था ।",ᱩᱝᱠᱩ ᱫᱚ ᱨᱟᱢᱟᱭᱚᱱ ᱟᱨ ᱢᱚᱦᱟᱵᱷᱟᱨᱚᱛ ᱢᱤᱫ ᱥᱟᱶᱛᱮ ᱠᱩ ᱯᱟᱲᱦᱟᱣ ᱞᱮᱫᱟ; ᱩᱝᱠᱩ ᱫᱚ ᱢᱤᱫ ᱥᱟᱶᱛᱮ ᱢᱟᱦᱨᱟᱴᱴᱟ ᱠᱩᱣᱟᱜ ᱞᱟᱹᱲᱦᱟᱹᱭᱟᱱᱟᱜ ᱠᱟᱹᱢᱤ ᱨᱮᱭᱟᱜ ᱵᱚᱨᱱᱚᱱ ᱠᱩ ᱯᱟᱲᱦᱟᱣ ᱞᱮᱫᱟ ᱟᱨ ᱦᱤᱱᱫᱩ ᱯᱟᱹᱨᱩᱠᱷᱤᱭᱟᱹ ᱠᱚᱣᱟᱜ ᱠᱟᱹᱦᱱᱤ ᱠᱩ ᱡᱟᱦᱟᱸ ᱢᱚᱦᱚᱠᱟᱱ ᱩᱫᱜᱟᱹᱣᱟᱱᱟᱜ ᱛᱮᱭ ᱡᱟᱜᱣᱟᱨᱞᱮᱱᱟ ᱚᱱᱟᱛᱮ ᱩᱝᱠᱩᱣᱟᱜ ᱡᱩᱣᱟᱹᱱ ᱢᱚᱱ ᱢᱤᱫᱞᱮᱱ ᱛᱟᱠᱩᱣᱟ ᱾
1112,बादल खाली रखने वाले उपग्रहों की एक पर्याप्त संख्या का अभ्य्य्य्यता एक बड़ा प्रतिबंध है जिसका उपयोग अभिकीय दूरस्थ अनुप्रयोगों के दौरान कृषि अनुप्रयोगों के लिए डेटा का उपयोग करने के लिए।,ᱠᱞᱟᱣᱩᱰᱼᱯᱷᱨᱤ ᱚᱯᱴᱤᱠᱟᱞ ᱥᱮᱴᱮᱞᱟᱭᱤᱴ ᱰᱟᱴᱟᱥᱮᱴ ᱨᱮᱭᱟᱜ ᱟᱹᱰᱤᱜᱟᱱ ᱞᱮᱠᱷᱟ ᱵᱟᱝᱧᱟᱢᱚᱜᱚᱜ ᱫᱚ ᱵᱟᱹᱨᱥᱟᱹ ᱢᱚᱨᱥᱩᱢ ᱚᱠᱛᱮ ᱨᱮ ᱪᱟᱥ ᱮᱯᱯᱞᱤᱠᱮᱥᱚᱱ ᱞᱟᱹᱜᱤᱛ ᱚᱯᱴᱤᱠᱟᱞ ᱨᱤᱢᱳᱴ ᱥᱮᱱᱥᱤᱝ ᱰᱟᱴᱟ ᱵᱮᱵᱚᱦᱟᱨ ᱞᱟᱹᱜᱤᱫ ᱢᱤᱴᱴᱮᱱ ᱢᱟᱨᱟᱝ ᱟᱱᱟᱴ ᱠᱟᱱᱟ ᱾
1113,यह तब भी हमारी व्यवस्था तक पहुँच सकती है जब हम इंटरनॆट पर एक हानिकर विज्ञापन पर क्लिक करते हैं ।,ᱟᱵᱚ ᱡᱚᱠᱷᱚᱱ ᱤᱱᱴᱟᱨᱱᱮᱴ ᱨᱮ ᱡᱟᱦᱟᱸᱱ ᱵᱤᱜᱽᱜᱟᱯᱚᱱ ᱨᱮᱵᱚᱱ ᱠᱞᱤᱠᱟ ᱩᱱᱚᱠᱛᱚ ᱱᱚᱶᱟ ᱫᱚ ᱟᱵᱚᱣᱟᱜ ᱥᱤᱥᱴᱮᱢ ᱨᱮ ᱦᱮᱡ ᱫᱟᱲᱮᱭᱟᱜᱼᱟ ᱾
1114,"उसकी गुफा ने धमकी दी, और वह चिल्फा की लामर में से निकलकर, अपने पंजे के एक भयंकर आघात के साथ, दुश्‍मनों को मारकर उसे खून कर दिया ।","ᱟᱡᱨᱮᱱ ᱜᱩᱦᱟ ᱫᱷᱚᱢᱠᱟᱣ ᱠᱚ ᱮᱢᱟᱭ ᱠᱟᱱᱨᱮ ,ᱩᱱᱤᱫᱚ ᱪᱤᱞᱤᱭᱟᱱᱳᱣᱟᱞᱟ ᱠᱷᱚᱱᱟᱜ ᱳᱰᱳᱠ ᱠᱟᱛᱮ ᱟᱭᱟᱜ ᱯᱟᱧᱡᱟᱛᱮ ᱢᱤᱫ ᱢᱟᱨᱟᱝ ᱮ ᱥᱚᱛᱛᱨᱩᱭ ᱜᱷᱟᱞ ᱠᱮᱫᱮᱛᱮ ᱟᱨ ᱩᱱᱤ ᱢᱟᱭᱟᱝ ᱡᱤᱨᱚᱡᱚᱨᱚ ᱠᱮᱫᱮᱭᱟᱭ ᱾"
1115,"उनके साथ, नना ने बिटहोर चले गए और यातना शिविरों पर हमला करने की धमकी दी ।","ᱩᱱᱤ ᱥᱟᱸᱣ ᱩᱝᱠᱩ ᱤᱫᱤ ᱠᱟᱛᱮ, ᱱᱟᱱᱟ ᱫᱚ ᱵᱤᱛᱷᱩᱨ ᱥᱮᱡᱼᱮ ᱥᱟᱝᱜᱷᱟᱨ ᱠᱮᱫᱟ ᱟᱨ ᱠᱟᱣᱚᱱᱯᱩᱨ ᱡᱟᱨᱣᱟᱭ ᱨᱮᱭᱟᱜ ᱫᱷᱚᱢᱠᱤᱭ ᱮᱢ ᱞᱮᱰᱟ ᱾"
1116,शेरी और उसके सरदार मेरे चारों ओर इकट्ठे थे।,ᱥᱮᱴᱷ ᱟᱨ ᱟᱡᱨᱮᱱ ᱠᱮᱨᱟᱱᱤ ᱠᱚᱫᱚ ᱤᱧᱟᱜ ᱯᱳᱱ ᱯᱟᱦᱟᱴᱟ ᱜᱮᱠᱚ ᱮᱥᱮᱫ ᱞᱤᱫᱤᱧᱟ ᱾
1117,"उसके बाद, थोड़ी देर के लिए एक्सवरक्स II आया.",ᱤᱱᱟᱹ ᱛᱟᱭᱱᱚᱢ ᱱᱟᱥᱮ ᱚᱠᱛᱚ ᱞᱟᱜᱤᱫ ᱫᱚᱥᱟᱨ ᱮᱠᱥᱤᱨᱤᱥ ᱮ ᱦᱮᱡᱞᱮᱱᱟ ᱾
1118,भाइयों को एक - दूसरे से गहरा लगाव था ।,ᱵᱚᱠᱚᱛ ᱛᱮᱫ ᱠᱚᱫᱚ ᱟᱠᱚ ᱟᱠᱚ ᱛᱟᱞᱟᱨᱮ ᱜᱟᱦᱤᱨ ᱥᱮᱞᱮᱫ ᱠᱚ ᱛᱟᱦᱮᱸ ᱠᱟᱱᱟ ᱾
1119,"मुझे लगा कि अगर वे इस प्रस्ताव को मान लेंगे, तो दूसरे भी ऐसा ही करने के लिए राज़ी हो जाएँगे ।",ᱤᱧ ᱤᱧ ᱟᱹᱭᱠᱟᱹᱣ ᱮᱫᱟ ᱡᱮ ᱩᱱᱠᱩ ᱡᱩᱫᱤ ᱱᱚᱶᱟ ᱯᱨᱚᱥᱛᱟᱵᱽ ᱨᱮᱠᱚ ᱨᱟᱡᱤᱜᱼᱟ ᱛᱟᱦᱚᱞᱮ ᱮᱴᱟᱜ ᱠᱚᱦᱚᱸ ᱱᱚᱶᱟ ᱞᱟᱭᱤᱱ ᱟᱜᱩ ᱞᱟᱜᱤᱫ ᱨᱟᱡᱤ ᱦᱚᱪᱚ ᱠᱚᱨᱟᱣ ᱜᱟᱱᱚᱜᱼᱟ᱾
1120,शहरी क्षेत्र का सबसे प्रभावशाली तत्व परिवहन के विभिन्‍न प्रकार है ।,ᱥᱟᱦᱟᱨ ᱨᱮᱭᱟᱜ ᱡᱷᱚᱛᱚᱠᱷᱚᱱ ᱪᱟᱞᱟᱣᱚᱜ ᱠᱟᱱ ᱩᱯᱟᱫᱚᱱ ᱫᱚ ᱠᱟᱱᱟ ᱯᱚᱨᱤᱵᱚᱦᱚᱱ ᱨᱮᱭᱟᱜ ᱟᱭᱢᱟ ᱯᱟᱱᱛᱷᱟ ᱾
1121,"लिखने के लिए शीर्षक-लॉग प्रोटोकॉल सुनिश्चित करता है कि अगर क्रैश हो जाए, एक बहाल प्रक्रिया हो सकती है, लॉग से परामर्श कर सभी पूर्ण और फिर से कक्ष भंडार में परिवर्तन और या तो पुराने मूल्यों को बहाल करने के लिए उन्हें नए मान के रूप में सेट करने के लिए.","ᱨᱟᱭᱤᱴᱼᱮᱱᱰᱼᱞᱚᱜᱽ ᱯᱨᱳᱴᱳᱠᱚᱞ ᱴᱷᱟᱹᱣᱠᱟᱹ ᱜᱚᱴᱟᱭᱟ ᱡᱩᱫᱤ ᱡᱟᱦᱟᱸᱱ ᱠᱨᱟᱥ ᱜᱷᱚᱴᱟᱣᱚᱜᱼᱟ, ᱢᱤᱫᱴᱟᱝ ᱫᱚᱦᱲᱟᱠᱟᱨᱛᱮ ᱯᱟᱱᱛᱷᱟ ,ᱞᱚᱜᱽ ᱥᱟᱶᱛᱮ ᱥᱟᱞᱦᱟᱭ ᱮᱢᱚᱜᱼᱟ ,ᱯᱟᱱᱛᱷᱟᱥᱮᱫ ᱛᱮ ᱥᱮᱞ ᱥᱴᱳᱨᱮᱡᱽ ᱥᱟᱱᱟᱢᱟᱜ ᱡᱚᱥᱠᱚ ᱯᱟᱡᱟᱸ ᱧᱟᱢ ᱫᱟᱲᱮᱭᱟᱜᱼᱟ ᱟᱨ ᱦᱳᱭ ᱫᱟᱲᱮᱭᱟᱜᱼᱟ ᱚᱱᱟ ᱨᱮᱠᱚᱨᱰ ᱠᱚ ᱢᱟᱨᱮᱭᱟᱜ ᱢᱟᱱᱠᱚ ᱫᱚᱦᱲᱟᱠᱟᱨᱛᱮ ᱠᱚ ᱨᱩᱣᱟᱹᱲ ᱫᱟᱲᱮᱭᱟᱜᱼᱟ ᱥᱮ ᱚᱱᱟᱠᱚᱫᱚ ᱱᱟᱣᱟᱱᱟᱜ ᱢᱟᱱ ᱠᱚ ᱥᱮᱴ ᱫᱟᱲᱮᱭᱟᱜᱼᱟ ᱾ ᱞᱟᱠᱛᱤ ᱦᱳᱭᱞᱮᱱᱠᱷᱟᱱ ᱾"
1122,"जब एक से अधिक लॉक हो, तो अधिक समय खर्च किया जाता है और लॉक बंद कर दिया जाता है, और दूसरा, सही तर्क और अधिक जटिल हो जाता है.","ᱠᱟᱹᱣᱰᱤ ᱧᱟᱢ ᱨᱮᱭᱟᱜ ᱴᱨᱮᱰᱼᱚᱯᱷ ᱫᱚ ᱦᱩᱭᱩᱜᱽ ᱠᱟᱱᱟ ᱯᱟᱹᱦᱤᱞ, ᱛᱤᱨᱮ ᱢᱤᱫ ᱠᱷᱚᱱ ᱰᱷᱮᱨ ᱞᱚᱠ ᱛᱟᱦᱮᱸᱱᱟ,ᱩᱱᱚᱠᱛᱮ ᱞᱚᱠ ᱦᱟᱢᱮᱴ ᱟᱨ ᱟᱲᱟᱜᱽ ᱨᱮ ᱟᱨᱦᱚ ᱡᱟᱹᱥᱛᱤ ᱚᱠᱛᱮᱭ ᱱᱚᱥᱴᱚᱭᱟ, ᱟᱨ ᱫᱚᱥᱟᱨ ᱫᱚ, ᱡᱚᱛᱷᱟᱛᱟᱱᱟᱜ ᱡᱩᱠᱛᱤᱠᱩ ᱟᱨᱦᱚ ᱠᱚᱴᱷᱤᱱ ᱤᱫᱤᱜᱽᱼᱟ ᱾"
1123,यदि चलती सुविधा उपलब्ध हो तो डूबने की जीवनीय तकनीक का पालन सबसे अच्छा किया जा सकता है.,ᱡᱩᱫᱤ ᱯᱟᱭᱨᱟ ᱨᱮᱭᱟᱜ ᱥᱩᱵᱤᱫᱷᱟ ᱧᱟᱢᱚᱜᱼᱟ ᱛᱟᱦᱚᱞᱮ ᱰᱩᱵᱩᱡ ᱠᱷᱚᱱ ᱵᱟᱧᱪᱟᱣ ᱞᱟᱜᱤᱫ ᱠᱟᱭᱫᱟ ᱠᱚ ᱱᱟᱯᱟᱭ ᱛᱮ ᱯᱤᱥᱴᱤᱠ ᱜᱟᱱᱚᱜᱼᱟ᱾
1124,"एक विद्यार्थी को यह सवाल पूछने का बढ़ावा दिया जाना चाहिए कि अगर वे अपने जीवन - साथी की मदद करने के बारे में कोई शक करते हैं, तो वे क्या करेंगे ।",ᱪᱮᱛᱮᱫᱤᱭᱟᱹ ᱠᱚ ᱯᱟᱭᱨᱟ ᱨᱮᱭᱟᱜ ᱯᱳᱭᱞᱳ ᱪᱤᱠᱤᱛᱥᱟ ᱯᱟᱱᱛᱷᱟ ᱵᱟᱠᱷᱨᱟ ᱛᱮ ᱡᱟᱦᱟᱸᱱ ᱦᱤᱫᱤᱡ ᱛᱟᱦᱮᱸ ᱞᱮᱱᱠᱷᱟᱱ ᱠᱩᱠᱞᱤ ᱠᱩᱞᱤᱭᱮ ᱞᱟᱜᱤᱫ ᱩᱛᱥᱟᱦᱚ ᱮᱢ ᱞᱟᱠᱛᱤᱭᱟ ᱾
1125,यह जानने के लिए यह जानने की ज़रूरत थी कि देश - भक्‍ति की भावना की भावना ने प्‍यारेबास के बीच क्या - क्या किया था ।,ᱯᱟᱧᱡᱟᱵᱤ ᱯᱷᱟᱹᱫ ᱠᱚ ᱢᱩᱫᱽ ᱨᱮ ᱡᱟᱹᱛᱤᱭᱟᱹᱨᱤ ᱯᱷᱩᱨᱜᱟᱹᱞ ᱪᱮᱛᱟᱣᱱᱟ ᱛᱤᱱᱟᱹᱜ ᱜᱟᱱ ᱡᱟᱜᱟᱣ ᱞᱮᱱᱟ ᱚᱱᱟ ᱯᱟᱡᱟᱸ ᱧᱟᱢ ᱨᱮᱭᱟᱜ ᱫᱚᱨᱠᱟᱨ ᱛᱟᱦᱮᱸ ᱠᱟᱱᱟ ᱾
1126,इस तरह की क्षमा मेरे पिता के लिए स्वाभाविक नहीं थी ।,ᱤᱧ ᱵᱟᱵᱟ ᱴᱷᱮᱱ ᱱᱚᱝᱠᱟᱱ ᱢᱚᱦᱚᱛᱟᱱ ᱤᱠᱟᱹ ᱫᱚ ᱥᱟᱹᱵᱤᱛ ᱵᱟᱝ ᱛᱟᱦᱮᱸᱠᱟᱱᱟ ᱾
1127,"इस विद्रोह से सर हेनरी बहुत खुश हुआ, क्योंकि अब, वह उसके साथ एक चयनी और वफ़ादार सेना थी जो अंग्रेज़ी में अपराजकों और हिंदू लोगों के दो समर्थकों से बनी थी, जिनका अंग्रेज़ी के प्रति निष्ठा सख़्त परीक्षाओं द्वारा साबित हुई थी ।","ᱱᱤᱭᱟᱹ ᱞᱟᱹᱲᱦᱟᱹᱭ ᱫᱚ ᱥᱮᱨ ᱦᱮᱱᱨᱤ ᱢᱤᱫ ᱞᱮᱠᱟᱛᱮᱭ ᱠᱩᱥᱤᱩᱪᱩᱞᱮᱫᱮᱭᱟ, ᱱᱤᱛ ᱫᱚ, ᱩᱱᱤ ᱴᱷᱮᱱ ᱤᱝᱞᱤᱥ ᱨᱮᱡᱤᱢᱮᱱᱴ ᱟᱨ ᱟᱨᱴᱤᱞᱟᱨᱤ ᱟᱨ ᱥᱤᱠᱷ ᱟᱨ ᱦᱤᱱᱫᱩᱥᱛᱟᱹᱱᱤ ᱠᱩᱣᱟᱜ ᱵᱟᱨᱮᱭᱟ ᱨᱮᱡᱤᱢᱮᱱᱴ ᱨᱮᱭᱟᱜ ᱢᱤᱞᱟᱹᱣ ᱛᱮ ᱢᱤᱴᱴᱮᱱ ᱵᱟᱪᱷᱱᱟᱣ ᱟᱨ ᱯᱟᱹᱛᱤᱭᱟᱹᱨᱟᱱᱟᱜ ᱥᱮᱱᱟ ᱯᱷᱟᱹᱫ ᱠᱩ ᱛᱟᱦᱮᱸᱠᱟᱱᱟ, ᱡᱟᱦᱟᱸᱭ ᱠᱩᱣᱟᱜ ᱫᱚ ᱤᱝᱞᱤᱥ ᱠᱩ ᱪᱮᱛᱟᱱ ᱜᱟᱹᱦᱤᱨ ᱫᱩᱞᱟᱹᱲ ᱟᱸᱴ ᱵᱤᱰᱟᱹᱣ ᱠᱩ ᱦᱚᱛᱮᱛᱮ ᱥᱟᱹᱵᱩᱫ ᱞᱮᱱᱟ ᱾"
1128,"आर., जर्मनी","ᱵᱮᱲᱦᱟᱭᱛᱮ ᱦᱟᱹᱛᱭᱟᱹᱨ ᱥᱟᱡᱟᱣ ᱛᱟᱸᱦᱮ ᱠᱟᱱᱟ, ᱵᱟᱹᱥᱭᱟᱹᱢ ᱛᱮᱭᱟᱨ ᱛᱟᱸᱦᱮᱠᱟᱱᱟ, ᱨᱮᱸᱜᱮᱡ ᱢᱚᱪᱟ ᱠᱚᱫᱚ ᱯᱳᱭᱞᱳ ᱠᱚ ᱜᱮᱨᱼᱮᱫ ᱛᱟᱸᱦᱮ ; ᱧᱩᱣᱟᱜ ᱦᱚᱸ ᱯᱮᱨᱮᱡ ᱠᱟᱛᱮᱜ ᱛᱮᱭᱟᱨ ᱛᱟᱸᱦᱮᱠᱟᱱᱟ ᱾"
1129,"तुम ने अपना नाश्‍ता, ब्रिटिश सैनिकों को, न कि अपने शरीर से रक्‍त बहने की मुक्‍त धारा द्वारा कमाया है; सो अपने कमांडरों के साथ, अपने कमांडरों के साथ, और पुरुषगोबरों की छाया में!","ᱟᱢ ᱟᱢᱟᱜ ᱵᱟᱹᱥᱭᱟᱹᱢᱮᱢ ᱧᱟᱢ ᱟᱠᱟᱫᱟ, ᱵᱨᱤᱴᱤᱥ ᱯᱷᱟᱹᱫᱠᱚ, ᱟᱢᱟᱜ ᱩᱫᱜᱟᱹᱨ ᱢᱚᱞᱚᱝᱛᱮ, ᱵᱟᱝ, ᱟᱢᱟᱜ ᱦᱚᱲᱢᱚ ᱠᱷᱚᱱ ᱞᱤᱸᱡᱤᱜ ᱢᱟᱭᱟᱢ ᱛᱮᱦᱚᱸ ; ᱚᱱᱟᱛᱮ, ᱟᱢᱟᱜ ᱵᱟᱹᱥᱭᱟᱹᱢ ᱨᱟᱹᱥᱠᱟᱹᱛᱮ ᱡᱚᱢ ᱢᱮ, ᱟᱢᱨᱮᱱ ᱠᱚᱢᱟᱱᱰᱟᱨ ᱥᱟᱶᱛᱮ, ᱩᱞ ᱵᱟᱜᱟᱱ ᱨᱮᱭᱟᱜ ᱨᱮᱭᱟᱲ ᱩᱢᱩᱞᱨᱮ ᱾"
1130,"आपको बीज बोने होंगे, जो फिर पौधे बढ़ने लगते हैं, या पौधों में विकसित होते हैं, या कुत्तों में बढ़ जाते हैं, बिल्लियाँ, इत्यादि ।","ᱟᱢ ᱱᱤᱦᱟᱹᱛ ᱜᱮᱢ ᱧᱮᱞ ᱟᱠᱟᱫᱟ ᱡᱟᱦᱟᱸ ᱡᱟᱝ ᱠᱚ ᱪᱟᱨᱟ ᱠᱷᱚᱱᱟᱜ ᱵᱟᱲᱦᱟᱣᱚᱜᱼᱟ ᱟᱨ ᱚᱛᱢᱚᱱ ᱨᱮ ᱟᱨᱩ ᱯᱷᱮᱨᱟᱣᱚᱜᱼᱟ ᱥᱮ ᱥᱮᱛᱟ ᱵᱩᱥᱟᱹᱜ ᱥᱮᱛᱟ ᱨᱮ , ᱯᱩᱥᱤ ᱵᱩᱥᱟᱹᱜ ᱯᱩᱥᱤ ᱨᱮ ᱟᱨᱩᱯᱷᱮᱨᱟᱣᱚᱜᱼᱟ ᱟᱨᱦᱚᱸ ᱟᱭᱢᱟ ᱠᱤᱪᱷᱩ ᱾"
1131,लड़के लैंगिक दुर्व्यवहार के प्रति समान असुरक्षित हैं ।,ᱠᱚᱲᱟ ᱜᱤᱫᱽᱨᱟᱹ ᱠᱚᱦᱚᱸ ᱥᱚᱢᱟᱱ ᱛᱮᱜᱮ ᱡᱳᱣᱱᱚ ᱱᱤᱨᱡᱟᱛᱚᱱ ᱦᱚᱪᱚᱜ ᱟᱠᱚ ᱾
1132,"यह देखकर कि उसके बेटे युद्ध के लिए अपनी तलवारों के लिए तैयार हैं, उन्हें धमकी दी कि अगर वे अपनी तलवारों को न बुझा दें, तो वह खुद अपनी चाल की चाल बता देगी और उनके सिर की रक्षा करने के लिए उन्हें सलाह देगी!","ᱡᱷᱟᱸᱥᱤ, ᱵᱟᱝᱠᱟ ᱨᱮ ᱢᱟᱨᱥᱟᱞ ᱫᱚ ᱛᱤᱱᱨᱮ ᱫᱷᱚᱝᱥᱚᱨᱮᱭᱟᱜᱼᱮ ᱠᱟᱹᱢᱤᱭᱮᱫᱟ, ᱩᱱᱚᱠᱛᱚ ᱧᱮᱞᱮᱱᱟ ᱡᱮ ᱩᱱᱤᱨᱮᱱ ᱦᱚᱯᱚᱱᱠᱩ ᱫᱚ ᱱᱤᱡᱜᱟᱲ ᱞᱟᱹᱜᱤᱫ ᱟᱠᱩᱣᱟᱜ ᱛᱟᱨᱣᱟᱲᱤ ᱵᱚᱡᱽ ᱜᱤᱰᱤᱭᱠᱩ ᱛᱮᱭᱟᱨᱟᱠᱟᱱᱟ, ᱩᱝᱠᱩ ᱠᱩ ᱦᱩᱢᱠᱤᱭᱟᱫᱠᱤᱱ ᱛᱟᱦᱮᱸᱠᱟᱱᱟ ᱡᱮ, ᱡᱩᱫᱤ ᱩᱝᱠᱩ ᱫᱚ ᱟᱠᱩᱣᱟᱜ ᱛᱟᱨᱣᱟᱲᱤᱠᱩ ᱵᱚᱡᱽ ᱜᱤᱰᱤᱭᱟ, ᱮᱱᱰᱮᱠᱷᱟᱱ ᱩᱱᱤ ᱫᱚ ᱟᱡᱽᱛᱮᱫᱜᱤ ᱯᱷᱮᱨᱤᱝᱜᱤᱠᱩ ᱩᱝᱠᱩᱣᱟᱜ ᱱᱟᱠᱥᱟ ᱵᱟᱵᱚᱫᱮ ᱵᱟᱰᱟᱭ ᱚᱪᱚᱠᱩᱣᱟ ᱟᱨ ᱯᱷᱮᱨᱤᱝᱜᱤᱠᱩ ᱵᱚᱦᱚᱜ ᱦᱮᱞᱮᱫ ᱨᱮᱭᱟᱜ ᱥᱟᱞᱦᱟᱭ ᱮᱢᱟᱠᱩᱣᱟ ᱩᱝᱠᱩ !"
1133,"इस फिल्म को फैलाने के लिए जो फिल्म बहुत ज़िम्मेदार थे, वे जे.","ᱥᱴᱟᱱᱴ ᱯᱷᱤᱞᱢ ᱦᱚᱲ ᱠᱩᱥᱤᱭᱟᱜ ᱞᱮᱠᱟᱱ ᱞᱟᱹᱜᱤᱫ ᱛᱮ ᱢᱩᱲᱩᱫ ᱫᱟᱹᱭᱤ ᱪᱚᱞᱚᱛᱪᱤᱛᱟᱹᱨ ᱵᱮᱱᱟᱣ ᱠᱤᱱ ᱡᱮᱹ ᱵᱤᱹ ᱮᱭᱤᱪ ᱳᱣᱟᱰᱤᱭᱟ ᱟᱨ ᱟᱡ ᱵᱚᱭᱦᱟ ᱦᱩᱰᱤ ᱳᱣᱟᱫᱤᱭᱟ, ᱳᱣᱟᱫᱤᱭᱟ ᱢᱩᱵᱷᱤᱳᱴᱳᱱ ᱾"
1134,वे इस रेल - व्यवस्था के राजा बन गए ।,"ᱨᱤᱞ ᱨᱳᱰ ᱛᱷᱨᱤᱞᱟᱨ ᱛᱩᱯᱷᱟᱱ ᱢᱮᱞ (᱑᱙᱓᱒) ᱠᱷᱚᱱ ᱮᱛᱚᱦᱚᱯ ᱠᱟᱛᱮ ᱩᱝᱠᱩ ᱫᱚ ᱱᱤᱭᱟᱹ ᱫᱷᱟᱨᱟ ᱨᱮᱱ ᱨᱟᱡᱟ ᱠᱩ ᱛᱟᱦᱮᱸᱠᱟᱱᱟ, ᱡᱟᱦᱟᱸ ᱫᱚ ᱪᱟᱞᱜ ᱠᱟᱱ ᱨᱤᱞ ᱜᱟᱹᱰᱤ ᱪᱷᱟᱫ ᱨᱮ ᱩᱫᱩᱜ ᱟᱠᱟᱱ ᱵᱮᱥ ᱠᱚᱭᱮᱠᱴᱤ ᱞᱟᱹᱲᱦᱟᱹᱭ ᱛᱟᱹᱞᱤᱠᱟ ᱭᱮ ᱩᱫᱩᱜᱼᱟ ᱾"
1135,"जैसे - जैसे साल गुज़रते गए, भारत के अस्सैम शहर में एक - दूसरे से मिलते - जुलते दर्शकों की संख्या बढ़ती जा रही है ।","ᱚᱥᱚᱢᱤᱭᱟ ᱥᱤᱱᱮᱢᱟ ᱫᱚ ᱚᱥᱚᱢᱤᱭᱟ ᱯᱟᱨᱥᱤ ᱨᱮᱭᱟᱜ ᱥᱤᱱᱮᱢᱟ ,ᱡᱟᱦᱟᱸ ᱫᱚ ᱵᱷᱟᱨᱚᱛ ᱨᱮᱭᱟᱜ ᱟᱥᱟᱢ ᱨᱮᱠᱚ ᱧᱮᱞᱟ ᱾"
1136,क्लासिक समायोजन पारदर्शी से कम हैं.,ᱠᱞᱟᱥᱤᱠ ᱚᱵᱷᱤᱡᱳᱡᱚᱱ ᱫᱚ ᱠᱚᱢ ᱥᱟᱯᱷᱟᱜᱮ ᱛᱟᱦᱮᱸ ᱠᱟᱱᱟ ᱾
1137,इससे भी ज़रूरी बात यह है कि वह 28 साल का हो चुका है और उसका इरादा भी मज़बूत हो गया है ।,ᱟᱨᱦᱚᱸ ᱞᱟᱠᱛᱤᱭᱟᱱᱟᱜ ᱞᱮᱠᱟᱛᱮ ᱢᱤᱫ ᱴᱟᱝ ᱨᱤᱦᱤᱴ ᱵᱟᱱᱩᱜ ᱟᱱ ᱥᱞᱤᱴ ᱟᱨ ᱢᱤᱫ ᱞᱮᱠᱟᱱᱟᱜ ᱡᱚᱥ ᱨᱮ ᱜᱷᱚᱴᱟᱣᱚᱜᱼᱟ ᱾
1138,"वे इस उपन्यास को किसी और चीज़ में बाँटते हैं और परिणाम एक स्वाभाविक मामला है, जो अविभ्यता का मिश्रण है ।","ᱩᱝᱠᱩ ᱫᱚ ᱱᱳᱵᱷᱮᱞ ᱛᱟᱜ ᱫᱚ ᱮᱴᱟᱜ ᱡᱟᱦᱟᱸᱱᱟᱜ ᱨᱮ ᱠᱩ ᱯᱷᱮᱨᱟᱣ ᱠᱮᱫᱟ ᱟᱨ ᱚᱨᱡᱚ ᱫᱚ ᱢᱤᱴᱴᱮᱱ ᱢᱮᱥᱟᱞ ᱡᱤᱱᱤᱥ, ᱜᱷᱚᱨᱟᱱᱟ ᱨᱮᱱᱟᱜ ᱢᱮᱥᱟᱞ ᱛᱮᱫ ᱠᱟᱱᱟ ᱾"
1139,FTIII ने 15 जून से 11 जुलाई 2020 तक पहली बार ऑनलाइन फिल्म मूल्यांकन कोर्स शुरू किया.,ᱮᱯᱷ ᱴᱤ ᱟᱭ ᱟᱭ ᱑᱕ ᱡᱩᱱ ᱠᱷᱚᱱᱟᱜ ᱑᱑ ᱡᱩᱞᱟᱭ ᱒᱐᱒᱐ ᱦᱟᱵᱤᱡ ᱯᱳᱭᱞᱳ ᱫᱷᱟᱣ ᱞᱮᱠᱟᱛᱮ ᱚᱱᱞᱟᱭᱤᱱ ᱯᱷᱤᱞᱢ ᱮᱯᱯᱨᱤᱥᱮᱥᱚᱱ ᱠᱳᱨᱥ ᱮ ᱪᱟᱞᱩ ᱟᱠᱟᱫᱟ ᱾
1140,यह कोर्स भारत के नैशनल फिल्म झरोखे के साथ शुरू किया गया ।,"ᱱᱮᱥᱱᱮᱞ ᱯᱷᱤᱞᱢ ᱟᱨᱠᱟᱭᱤᱵᱷᱥ ᱚᱯᱷ ᱤᱱᱰᱤᱭᱟ , ᱯᱩᱱᱮ ᱱᱚᱶᱟ ᱠᱤᱱ ᱵᱟᱨᱭᱟ ᱢᱤᱫ ᱠᱟᱛᱮ ᱱᱚᱶᱟ ᱠᱳᱨᱥ ᱫᱚᱠᱚ ᱥᱟᱯᱲᱟᱣᱞᱮᱫ ᱛᱟᱦᱮᱫᱽ ᱾"
1141,"एक जैतून- हरा चिंपरे में सला, मोटीमा हर बिट देखा मैं उसे होना चाहते थे.","ᱢᱤᱫᱴᱟᱝ ᱡᱚᱞᱯᱟᱭᱼᱦᱟᱹᱨᱭᱟᱹᱲ ᱥᱤᱯᱷᱚᱱ ᱥᱟᱹᱲᱤᱛᱮ ᱯᱚᱴᱚᱢ, ᱯᱷᱟᱛᱢᱟ ᱢᱤᱢᱤᱫᱴᱟᱝ ᱠᱩᱴᱨᱟᱹᱭ ᱧᱮᱞ ᱞᱮᱫᱟ ᱡᱮ ᱤᱧ ᱩᱱᱤᱚᱧ ᱩᱭᱦᱟᱹᱨ ᱞᱮᱫᱮᱭᱟ ᱾"
1142,उसका लेख आगेवाली किताब की कुछ आयतों पर चर्चा करता है ।,"ᱩᱱᱤᱭᱟᱜ ᱚᱱᱚᱞ,ᱦᱤᱡᱩᱜ ᱠᱟᱱ ᱯᱚᱛᱚᱵ ᱨᱮᱭᱟᱜ ᱢᱤᱫ ᱦᱤᱸᱥ, ᱥᱟᱹᱥᱤᱛ ᱥᱤᱱᱟᱹᱢᱟ ᱨᱮᱭᱟᱜ ᱚᱛ ᱵᱷᱤᱛᱨᱤ ᱫᱷᱟᱹᱨᱛᱤ ᱨᱮᱭᱟᱜ ᱢᱤᱫ ᱡᱤᱭᱤᱟᱱ ᱪᱤᱛᱟᱹᱨᱮ ᱥᱟᱨᱵᱷᱟᱨᱟ ᱾"
1143,पूर्ण विशेषता रंग और ध्वनि कार्टून अपने स्नो सफेद के साथ अपने में आया और सात युद्धफ्स (१९37) जो एक विशेष टाइटन जीता.,"ᱯᱩᱨᱟᱹᱣ ᱡᱮᱞᱮᱧᱼᱪᱟᱹᱨᱤᱛ ᱨᱮᱭᱟᱜ ᱨᱚᱝ ᱟᱨ ᱥᱟᱰᱮ ᱠᱟᱹᱴᱩᱱ ᱠᱩ ᱫᱚ ᱩᱝᱠᱩᱣᱟᱜ ᱥᱱᱳ ᱣᱟᱭᱤᱴ ᱮᱱᱰ ᱛᱷᱚ ᱥᱮᱶᱮᱱ ᱰᱣᱟᱨᱯᱷᱥ (᱑᱙᱓᱗) ᱥᱟᱸᱣ ᱩᱱᱠᱩᱣᱟᱜ ᱱᱤᱡᱟᱹ ᱞᱮᱠᱟᱛᱮᱭ ᱦᱮᱡ ᱞᱮᱱᱟ, ᱡᱟᱦᱟᱸ ᱫᱚ ᱢᱤᱴᱴᱮᱱ ᱵᱤᱥᱟᱹᱥ ᱚᱥᱠᱟᱨᱮ ᱡᱤᱛᱠᱟᱹᱨ ᱞᱮᱫᱟ ᱾"
1144,"वह तर्क करता है कि ध्वनि ट्रैक का सार, मूल रूप से, पारंपरिक मठों का एक औपचारिक उत्सव था ।",ᱩᱱᱤ ᱡᱩᱠᱛᱤᱭ ᱮᱢ ᱞᱮᱫᱟ ᱡᱮ ᱥᱟᱣᱩᱱᱴᱨᱮᱠ ᱫᱚ ᱢᱩᱲᱩᱫ ᱨᱮ ᱳᱭᱛᱤᱡᱽᱡᱷᱚ ᱥᱮᱫᱛᱮ ᱯᱨᱚᱛᱱᱚᱛᱟᱛᱤᱠ ᱱᱮᱭᱟᱢ ᱨᱮᱭᱟᱜ ᱟᱠᱷᱲᱟ ᱩᱱᱩᱰᱷᱟᱹᱣ ᱛᱟᱦᱮᱸ ᱠᱟᱱᱟ ᱾
1145,"सन्‌ 1912 में, दादा - दादी ने पहली भारतीय चलनेवाली फिल्म तैयार की, जो 40 साल से भी ज़्यादा समय तक कायम रही ।","᱑᱙᱑᱒ ᱥᱟᱹᱦᱤᱛ ᱨᱮ, ᱫᱟᱫᱟᱥᱟᱦᱮᱵ ᱯᱷᱟᱞᱠᱮ ᱯᱳᱭᱞᱳ ᱤᱱᱫᱤᱭᱟᱱ ᱮᱱᱤᱢᱮᱥᱚᱱ ᱢᱩᱵᱷᱤᱭ ᱵᱮᱱᱟᱣ ᱞᱮᱫᱟ, ᱤᱱᱟᱹ ᱛᱟᱭᱚᱢ ᱢᱤᱫ ᱡᱤᱨᱟᱹᱣ ᱛᱟᱸᱦᱮ ᱠᱟᱱᱟ ᱡᱟᱸᱦᱟᱫᱚ ᱔᱐ ᱥᱮᱨᱢᱟ ᱠᱷᱚᱱ ᱦᱚᱸ ᱵᱟᱹᱲᱛᱤ ᱚᱠᱛᱚ ᱦᱟᱹᱵᱤᱡ ᱪᱟᱞᱟᱣ ᱞᱮᱱᱟ ᱾"
1146,सन्‌ 1956 में फिल्म के अलग - अलग हिस्सों ने एक कार्टून फिल्म बनायी ।,"᱑᱙᱕᱖ ᱥᱟᱹᱦᱤᱛ, ᱯᱷᱤᱞᱢ ᱦᱚᱱᱚᱛ ᱢᱤᱫ ᱠᱟᱹᱴᱩᱱ ᱯᱷᱤᱞᱢ ᱤᱩᱱᱤᱴᱮ ᱛᱷᱟᱯᱚᱱ ᱞᱮᱫᱟ, ᱢᱟᱨᱮᱱ ᱰᱤᱡᱱᱤ ᱮᱱᱤᱢᱮᱴᱚᱨ, ᱯᱟᱹᱴᱷᱩᱣᱟᱹ ᱠᱚ ᱪᱮᱪᱮᱫ ᱞᱟᱹᱜᱤᱫ ᱱᱮᱣᱛᱟ ᱦᱩᱭ ᱞᱮᱱᱟ ᱾"
1147,"हाल के सूत्रों में अनुमान लगाया गया है कि मद्रास, बाँग्लादेश और दिल्ली जैसे अलग - अलग शहरों में हर साल करीब ८०० फिल्में बनायी जाती हैं ।","ᱵᱷᱟᱨᱚᱛᱤᱭᱟᱹ ᱪᱚᱞᱚᱛᱪᱤᱛᱟᱹᱨ ᱫᱚ ᱟᱡᱟᱜ ᱵᱮᱱᱟᱣᱟᱜ ᱦᱟᱦᱟᱲᱟᱣᱟᱱ ᱯᱚᱨᱤᱢᱟᱱ ᱪᱚᱞᱚᱛᱪᱤᱛᱟᱹᱨ ᱞᱟᱹᱜᱤᱫ ᱡᱮᱜᱮᱛᱨᱮᱭ ᱧᱩᱛᱩᱢᱟᱠᱟᱱᱟᱺ ᱞᱮᱠᱷᱟ ᱫᱚ ᱫᱤᱱ ᱫᱤᱱ ᱛᱮ ᱡᱟᱹᱥᱛᱤ ᱤᱫᱤᱜ ᱠᱟᱱᱟ ᱟᱨ ᱱᱟᱦᱟᱜ ᱟᱹᱭᱩᱢᱟᱹᱱᱟ ᱡᱮ ᱢᱟᱫᱨᱟᱡ, ᱵᱮᱝᱜᱟᱞᱳᱨ, ᱠᱳᱞᱠᱟᱛᱟ ᱟᱨ ᱦᱟᱭᱫᱨᱟᱵᱟᱫ ᱥᱟᱸᱣ ᱵᱮᱜᱟᱨ ᱵᱮᱜᱟᱨ ᱥᱟᱦᱟᱨ ᱨᱮ ᱥᱮᱨᱢᱟ ᱨᱮ ᱯᱨᱟᱭ ᱘᱐᱐ ᱜᱚᱴᱮᱱ ᱪᱚᱞᱚᱛᱪᱤᱛᱟᱹᱨ ᱜᱩᱴ ᱨᱮᱭᱟᱜ ᱟᱣᱩᱴᱯᱩᱴᱮ ᱵᱮᱱᱟᱣᱟ ᱾"
1148,दो बहन भाषाएँ छः उत्तर राज्यों में बोली जाती हैं और भारतीय उप-देश के 500 लाख से अधिक लोगों द्वारा ही समझ लिया जाता है,ᱵᱟᱨᱭᱟ ᱵᱚᱭᱦᱟ ᱠᱩᱲᱤ ᱯᱟᱹᱨᱥᱤ ᱩᱛᱛᱟᱹᱨ ᱨᱮᱭᱟᱜ ᱖ ᱜᱚᱴᱟᱝ ᱯᱚᱱᱚᱛ ᱨᱮ ᱠᱚ ᱨᱚᱲᱟ ᱟᱨ ᱵᱷᱟᱨᱚᱛᱤᱭᱚ ᱩᱯᱚᱢᱚᱦᱟᱫᱮᱥ ᱨᱮ ᱕᱐᱐ ᱢᱤᱞᱤᱭᱚᱱ ᱠᱷᱚᱱ ᱵᱟᱹᱲᱛᱤ ᱦᱚᱲ ᱠᱚ ᱵᱩᱡᱼᱟ ᱦᱤᱱᱫᱤ ᱟᱨ ᱩᱨᱫᱩ ᱞᱟᱹᱜᱤᱫ ᱢᱤᱫᱴᱟᱝ ᱚᱡᱮ ᱜᱮ ᱡᱚᱛᱷᱟᱛᱼᱟ ᱪᱮᱛᱟᱱ ᱨᱮᱭᱟᱜ ᱜᱮᱞ ᱯᱩᱱ ᱜᱚᱴᱟᱝ ᱚᱯᱷᱤᱥᱤᱭᱟᱞ ᱤᱱᱰᱤᱭᱟᱱ ᱞᱮᱹᱱᱜᱩᱭᱮᱡ ᱵᱷᱟᱨᱚᱛ ᱨᱮᱭᱟᱜ ᱧᱩᱛᱩᱢᱟᱱ ᱥᱤᱱᱮᱢᱟ ᱯᱟᱹᱨᱥᱤ ᱦᱩᱭᱩᱜ ᱨᱮᱭᱟᱜ ᱡᱚᱠᱷᱚᱱ ᱑᱙᱓᱑ ᱥᱟᱹᱦᱤᱛᱨᱮ ᱤᱱᱰᱤᱭᱟᱱ ᱥᱤᱞᱵᱷᱟᱨ ᱥᱠᱨᱤᱱ ᱨᱮ ᱟᱲᱟᱝ ᱦᱮᱡ ᱞᱮᱱᱟ ᱾
1149,"भारतीय कॉलेजों ने संयुक्त ध्वनि को कभी नहीं समझा, के. हरिहरे का कहना है, एक पुरस्कार फिल्म निर्माता और शिक्षक।","ᱵᱷᱟᱨᱚᱛ ᱨᱮᱭᱟᱜ ᱥᱤᱱᱮᱢᱟ ᱠᱚᱫᱚ ᱛᱤᱥᱨᱮᱦᱚᱸ ᱡᱳᱣᱜᱤᱠ ᱟᱹᱲᱟᱹ ᱵᱟᱝ ᱮ ᱵᱩᱡᱷᱟᱹᱣᱼᱟ ,ᱢᱮᱱ ᱮᱫᱟᱭ ᱦᱚᱨᱤᱡᱚᱱ, ᱢᱤᱫᱦᱚᱲ ᱥᱤᱨᱯᱟᱹ ᱡᱤᱛᱟᱹᱣᱤᱡ ᱪᱚᱞᱚᱛ ᱪᱤᱛᱟᱹᱨ ᱵᱮᱱᱟᱣ ᱤᱡ ᱟᱨ ᱪᱮᱱᱱᱟᱭ ᱨᱮᱱ ᱢᱟᱪᱮᱫ ᱾"
1150,"इस प्रकार भारतीय फिल्म का इतिहास सौ से भी ज़्यादा साल पुराना है, जैसे यूरोपीय या अमरीकी फिल्म उद्योग ।",ᱵᱷᱟᱨᱚᱛᱤᱭᱟᱹ ᱥᱤᱱᱟᱹᱢᱟ ᱨᱮᱭᱟᱜ ᱱᱚᱝᱠᱟᱞᱮᱠᱟ ᱤᱭᱚᱨᱳᱯᱤᱭᱳ ᱥᱮᱟᱢᱮᱨᱤᱠᱟᱱ ᱪᱚᱞᱚᱛᱪᱤᱛᱟᱹᱨ ᱠᱟᱹᱨᱤ ᱠᱩ ᱞᱮᱠᱟ ᱢᱤᱫ ᱥᱟᱭ ᱥᱮᱨᱢᱟ ᱨᱮᱭᱟᱜ ᱦᱸ ᱡᱟᱹᱥᱛᱤ ᱱᱟᱜᱟᱢ ᱢᱮᱱᱟᱜᱼᱟ ᱾
1151,"इसके अलावा, सन्‌ 1960 में फिल्म के इस सिद्धांत पर फिर से विचार करना फिल्म की आलोचना (जैसे कि यह 1950 के दशक में किया गया था) के द्वारा नहीं आया था, बल्कि दूसरी ताड़ना के माध्यम से, जो कि भाषा बोलनेवाली भाषा और जल - प्रलयीय है ।","ᱱᱤᱭᱟᱹ ᱦᱚᱸ ᱠᱟᱹᱢᱤ ᱫᱟᱲᱮᱭᱟᱜ ᱥᱟᱛᱟᱢ ᱡᱮ ᱑᱙᱖᱐ ᱨᱮᱭᱟᱜ ᱫᱚᱥᱚᱠ ᱨᱮ ᱪᱚᱞᱚᱛ ᱪᱤᱛᱟᱹᱨ ᱛᱮᱛᱮᱫ ᱨᱮᱭᱟᱜ ᱱᱤᱭᱟᱹ ᱫᱚᱲᱦᱟ ᱵᱤᱵᱮᱪᱚᱱᱟ ᱫᱚ ᱪᱚᱞᱚᱛ ᱪᱤᱛᱟᱹᱨ ᱚᱠᱛᱟ ᱦᱚᱛᱮᱛᱮ ᱵᱟᱝ ᱦᱮᱡᱼᱟᱠᱟᱱᱟ (ᱡᱮᱞᱮᱠᱟ ᱑᱙᱕᱐ ᱫᱚᱥᱚᱠ ᱨᱮ ᱦᱩᱭᱞᱮᱱᱟ) ᱵᱚᱨᱚᱝ ᱮᱴᱟᱜ ᱪᱟᱝᱜᱟ ᱦᱚᱛᱮᱛᱮ ᱦᱤᱡᱩᱜᱼᱟ, ᱡᱮᱞᱮᱠᱟ ᱯᱟᱹᱨᱥᱤ ᱜᱚᱲᱦᱚᱱ ᱛᱮᱛᱮᱫ ᱟᱨ ᱥᱮᱢᱤᱭᱚᱴᱤᱠ ᱾"
1152,सन्‌ 1970 में मानसिकता और तत्त्वज्ञान के साथ - साथ इस बहस को बढ़ावा दिया जाता था और फिर 1980 के दशक में इतिहास का इतिहास शुरू होता ।,ᱱᱤᱭᱟᱹ ᱱᱟᱹᱢᱩᱱᱟ ᱫᱚ ᱑᱙᱗᱐ ᱫᱚᱥᱚᱠ ᱨᱮ ᱢᱚᱱᱵᱤᱪᱷᱱᱟᱹᱣᱟᱱ ᱟᱨ ᱥᱟᱹᱨᱭᱟᱹᱲ ᱥᱟᱸᱣ ᱮᱯᱮᱲᱦᱮᱱᱰᱮ ᱴᱷᱮᱞᱟᱣ ᱠᱟᱛᱮ ᱟᱨ ᱚᱱᱟᱛᱟᱭᱚᱢ ᱑᱙᱘᱐ ᱫᱚᱥᱚᱠ ᱨᱮ ᱱᱟᱜᱟᱢ ᱨᱮᱭᱟᱜᱼᱮ ᱫᱚᱲᱦᱟᱜᱚᱴᱟᱭᱟ ᱾
1153,नए भारतीय क्वीमा की तरह और भी आधुनिक दृष्टिकोण प्रकट होते हैं जो पारंपरिक बौजी के साथ तोड़ने का लक्ष्य रखते हैं।,ᱱᱟᱣᱟᱱ ᱵᱦᱟᱨᱚᱛᱤᱭᱚ ᱥᱤᱱᱟᱹᱢᱟ ᱞᱮᱠᱟᱱ ᱟᱨᱦᱚᱸ ᱱᱮᱵᱮᱛᱟᱨ ᱧᱮᱞᱦᱚᱨᱟ ᱧᱮᱞᱚᱜ ᱟ ᱡᱟᱸᱦᱟ ᱨᱮᱭᱟᱜ ᱡᱚᱥ ᱥᱟᱶᱛᱮ ᱵᱚᱞᱤᱩᱰᱤᱭᱟᱱ ᱠᱟᱹᱨᱤ ᱨᱟᱹᱯᱩᱫ ᱨᱮᱭᱟᱜ ᱡᱚᱥ ᱾
1154,लेकिन भारत की परंपरा और अलग - अलग भाषाएँ बोलनेवाले देशों के बीच का फर्क साफ नज़र आता है ।,"ᱛᱷᱤᱢ ᱠᱩ ᱫᱚ ᱚᱱᱟ ᱚᱠᱛᱮ ᱨᱮᱭᱟᱜ ᱵᱷᱟᱨᱚᱛ ᱨᱮᱭᱟᱜ ᱫᱤᱥᱦᱩᱫᱤᱥᱮ ᱩᱫᱩᱜᱟ ᱡᱟᱦᱟᱸᱨᱮ ᱯᱟᱹᱪᱷᱤᱢ ᱫᱚ ᱢᱤᱫ ᱟᱠᱟᱱᱟ, ᱢᱮᱱᱠᱷᱟᱱ ᱢᱤᱴᱴᱮᱱ ᱱᱟᱱᱟᱦᱩᱱᱟᱹᱨ ᱟᱭᱢᱟ ᱯᱟᱹᱨᱥᱤᱣᱟᱱᱟᱜ ᱫᱤᱥᱟᱹᱢ ᱞᱮᱠᱟᱛᱮ ᱵᱷᱟᱨᱚᱛ ᱨᱮᱭᱟᱜ ᱥᱮᱨᱣᱟ ᱟᱨ ᱟᱥᱚᱞ ᱥᱟᱨ ᱠᱟᱛᱷᱟ ᱫᱚ ᱯᱩᱥᱴᱟᱹᱜ ᱠᱟᱱᱟ ᱾"
1155,"आजकल, फिल्मों में भारत के अलग - अलग हिस्सों के बारे में अलग - अलग जानकारी दी जाती है ।","ᱱᱟᱦᱟᱜᱫᱤᱱ ᱠᱚᱨᱮ, ᱯᱷᱤᱞᱢᱠᱩ ᱫᱚ ᱢᱟᱛᱨᱤᱛᱛᱚ ᱟᱨ ᱵᱚᱫᱞᱟ ᱞᱮᱠᱟᱱ ᱫᱚᱲᱦᱟ ᱨᱩᱣᱟᱹᱲᱟᱱ ᱛᱷᱤᱢ ᱥᱟᱶ ᱥᱚᱝᱥᱠᱨᱤᱛ ᱨᱮᱭᱟᱜ ᱫᱷᱨᱩᱯᱚᱫᱤ ᱢᱟᱦᱟᱚᱱᱚᱲᱦᱮᱸ ᱨᱮᱭᱟᱜ ᱮᱥᱮᱲ ᱦᱚᱛᱮᱛᱮ ᱵᱷᱟᱨᱚᱛ ᱨᱮᱭᱟᱜ ᱩᱨᱜᱟᱹᱱ ᱠᱩ ᱢᱤᱫᱴᱷᱮᱡᱽᱮᱫᱟ ᱥᱮ ᱵᱷᱟᱨᱚᱛ ᱨᱮᱭᱟᱜ ᱥᱟᱶᱛᱟ ᱦᱟᱹᱴᱤᱧᱼᱦᱟᱹᱯᱟᱹᱴᱤᱧ ᱥᱟᱶ ᱢᱤᱞᱡᱩᱞᱛᱮ ᱯᱮᱨᱮᱡᱽ ᱱᱟᱜᱟᱢᱟᱱᱟᱜ ᱢᱩᱞᱞᱚᱵᱳᱫᱷ ᱫᱚᱦᱚ ᱤᱫᱤᱭᱮ ᱠᱩᱨᱩᱢᱩᱴᱩᱭᱮᱫᱽ ᱠᱟᱱᱟ ᱾"
1156,"इस प्रभाव का प्रभाव फिल्मों की संरचना में भी महसूस किया जाता है, जो अकसर ऐसे चित्र होते हैं जिन्हें भारतीय फिल्म पश्‍चिमी दर्शकों के लिए बहुत लंबा बना देती है ।","ᱱᱚᱣᱟ ᱮᱥᱮᱲ ᱫᱚ ᱪᱚᱞᱚᱛᱪᱤᱛᱟᱹᱨ ᱨᱮᱱᱟᱜ ᱵᱚᱨᱱᱚᱱᱟᱱᱟᱜ ᱜᱚᱲᱦᱚᱱ ᱠᱚᱨᱮ ᱦᱸᱚᱨᱚᱢᱚᱜᱼᱟ, ᱡᱟᱣᱜᱤ ᱫᱩᱠᱟᱱᱟᱜᱥᱟᱸᱣ ᱡᱟᱦᱟᱸ ᱞᱟᱹᱜᱤᱫ ᱛᱮ ᱵᱷᱟᱨᱚᱛᱤᱭᱟᱹ ᱪᱚᱞᱚᱛ ᱪᱤᱛᱟᱹᱨ ᱠᱩ ᱫᱚ ᱯᱟᱹᱪᱷᱤᱢᱟᱹ ᱧᱮᱧᱮᱞ ᱠᱩ ᱞᱟᱹᱜᱤᱫ ᱟᱹᱰᱤᱭ ᱡᱤᱞᱤᱧ ᱩᱪᱩᱭᱟ ᱾"
1157,हम स्वाभाविक रूप से एक मात्र पुरुष के दृष्टिकोण के इस ऐतिहासिक अधिवेशन को स्वीकार करते हैं ।,ᱢᱤᱫ ᱪᱤᱴᱤᱭᱟᱹ ᱠᱚᱲᱟ ᱠᱚᱣᱟᱜ ᱢᱤᱫ ᱵᱚᱨᱱᱚᱱ ᱟᱱᱟᱜ ᱯᱨᱚᱛᱷᱟ ᱞᱮᱠᱟᱛᱮ ᱥᱟᱵᱷᱟᱵᱤᱠ ᱞᱮᱠᱟᱛᱮᱵᱚᱱ ᱵᱚᱱ ᱟᱯᱱᱟᱨᱟ ᱾
1158,सन्‌ 1960 में स्कूल के कोर्स की शुरूआत से ही इस संस्थान ने नियमित तौर पर इस स्कूल की पढ़ाई शुरू की है ।,"᱑᱙᱖᱐ ᱥᱟᱞ ᱨᱮ ᱮᱠᱟᱰᱮᱢᱤᱠ ᱠᱳᱨᱥ ᱮᱛᱚᱦᱚᱯ ᱠᱷᱚᱱ ᱜᱤ, ᱤᱱᱥᱴᱤᱴᱤᱭᱩᱴ ᱫᱚ ᱫᱤᱱᱟᱹᱢ ᱞᱮᱠᱟᱜᱤ ᱥᱤᱠᱷᱱᱟᱹᱛ ᱯᱚᱴᱷᱚᱱᱠᱟᱹᱨᱤ ᱠᱩᱭ ᱟᱨᱩᱯᱷᱮᱨᱟᱣ ᱟᱠᱟᱫᱟ, ᱪᱚᱞᱚᱛᱪᱤᱛᱟᱹᱨᱟᱱᱟᱜ ᱥᱮᱪᱷᱮᱫ ᱨᱮᱱᱟᱜ ᱜᱩᱱᱢᱟᱹᱱᱮ ᱛᱮᱭ ᱯᱮᱨᱮᱡ ᱟᱠᱟᱱᱫᱟ ᱟᱨ ᱥᱟᱹᱨᱤᱭᱟᱱᱟᱜ ᱨᱮᱭᱟᱜ ᱢᱚᱡᱛᱮᱫᱟᱜ ᱛᱟᱞᱢᱟ ᱦᱩᱭᱩᱜ ᱨᱮᱭᱟᱜ ᱵᱟᱫᱫᱷᱚᱵᱟᱫᱚᱠᱚᱛᱟ ᱟᱴᱠᱟᱨ ᱩᱪᱩ ᱞᱟᱹᱜᱤᱫ ᱜᱚᱴᱷᱚᱱ ᱠᱟᱹᱨᱤᱭ ᱩᱛᱷᱱᱟᱹᱣᱟᱠᱟᱫᱟ ᱾"
1159,इस संस्थान ने फिल्म बनाने की कला और कला में एक नया मोड़ लिया है ।,ᱤᱱᱥᱴᱤᱴᱤᱭᱩᱴ ᱪᱚᱞᱚᱛᱪᱤᱛᱟᱹᱨ ᱵᱮᱱᱟᱣ ᱦᱩᱱᱟᱹᱨ ᱟᱨ ᱱᱳᱭᱯᱩᱱᱱᱚ ᱢᱤᱫ ᱴᱟᱝ ᱱᱟᱶᱟ ᱧᱮᱞ ᱞᱮᱠᱟᱱᱟᱜ ᱢᱟᱭᱤᱞ ᱯᱷᱚᱞᱚᱠ ᱮ ᱯᱟᱨᱚᱢ ᱤᱫᱤ ᱟᱠᱟᱫᱟ ᱾
1160,"भारत में भारतीय दस्तावेज़ों के विकास के बाद के ऐतिहासिक विकास के बारे में ऐतिहासिक विकास को लेने से भारत के भूषा उत्पादन के क्षेत्र पर प्रकाश डालने में हमारी मदद होती है, जो कि तथाकथित अन्य देशों के अन्य उत्सवों या प्रदर्शनों में विचार किया जाता है, इन शब्दों के साथ।","ᱤᱝᱨᱮᱡᱤᱛᱮ ᱵᱷᱟᱨᱚᱛ ᱨᱮᱭᱟᱜ ᱵᱚᱱᱚᱱ ᱟᱱᱟᱜ ᱠᱚ ᱨᱮᱭᱟᱜ ᱩᱛᱷᱱᱟᱹᱣ ᱨᱮᱭᱟᱜ ᱚᱠᱛᱚ ᱞᱮᱠᱟᱛᱮ ᱱᱟᱜᱟᱢᱤᱭᱟᱹ ᱩᱛᱷᱱᱟᱹᱣ ᱦᱟᱛᱟᱣ ᱫᱚ ᱟᱵᱚ ᱵᱷᱟᱨᱚᱛᱤᱭᱚ ᱥᱤᱱᱮᱢᱟᱴᱤᱠ ᱯᱨᱳᱰᱟᱠᱥᱚᱱ ᱪᱮᱛᱟᱱ ᱱᱚᱡᱚᱨ ᱮᱢ ᱨᱮᱭ ᱜᱚᱲᱚ ᱟᱵᱚᱱᱟ, ᱡᱟᱸᱦᱟ ᱫᱚ ᱮᱴᱟᱜ ᱫᱤᱥᱚᱢᱨᱮᱭᱟᱜ ᱞᱟᱹᱭ ᱟᱠᱟᱱ ᱮᱴᱟᱜ ᱥᱤᱱᱮᱢᱟ ᱥᱮ ᱥᱤᱱᱮᱢᱟ ᱠᱚᱭ ᱵᱤᱪᱟᱹᱨᱟ, ᱥᱟᱶᱛᱮ ᱱᱚᱣᱟ ᱨᱮᱭᱟᱜ ᱢᱩᱪᱟᱹᱫ ᱱᱮᱭᱟᱫᱮ ᱜᱚᱴᱟᱭᱟ ᱾"
1161,"संवाद एक-दूसरे शीर्षकों के माध्यम से प्रस्तुत किया गया था, जो अकसर अंग्रेजी में थे, और दो या तीन भारतीय भाषाओं में.","ᱜᱟᱞᱚᱪᱴᱟᱜ ᱫᱚ ᱵᱷᱤᱛᱟᱹᱨᱼᱥᱤᱨᱟᱹᱧᱩᱛᱩᱢ ᱦᱚᱛᱮᱛᱮ ᱩᱫᱩᱜ ᱥᱚᱫᱚᱨᱞᱮᱱᱟ, ᱡᱟᱦᱟᱸ ᱫᱚ ᱯᱨᱟᱭ ᱜᱤ ᱤᱝᱜᱞᱤᱥ ᱛᱮ ᱟᱨ ᱵᱟᱨ ᱯᱮ ᱜᱚᱴᱮᱱ ᱵᱷᱟᱨᱚᱛᱤᱭᱟᱹ ᱯᱟᱹᱨᱥᱤᱛᱮ ᱛᱟᱦᱮᱸᱠᱟᱱᱟ ᱾"
1162,"आर्थिक परिवर्तनों को बढ़ावा देते हुए, उपग्रहों के एक सेट ने पश्‍चिमी ध्वनि और उत्पादन तकनीकों में अधिक प्रवेश किया, और संसार भर में हिन्दी हॉल के बड़े औपचारिक वितरण और प्रदर्शनों में वृद्धि हुई, सभी लोग उल्लेखनीय रूप से खेल में आते हैं ।","ᱜᱟᱹᱦᱤᱨ ᱫᱦᱚᱱ ᱤᱫᱤ ᱠᱟᱛᱮ ᱵᱚᱫᱚᱞ,ᱥᱮᱴᱮᱞᱟᱭᱤᱴ ᱴᱮᱞᱤᱵᱷᱤᱥᱚᱱ ᱨᱮᱭᱟᱜ ᱮᱛᱚᱦᱚᱯ ᱟᱨ ᱦᱸ ᱯᱟᱹᱪᱷᱤᱢᱟᱹ ᱨᱚᱲ ᱟᱨ ᱟᱨᱡᱟᱣᱠᱟᱹᱨᱤ ᱠᱚ ᱛᱮ ᱟᱹᱰᱤᱜᱟᱱ ᱵᱟᱲᱦᱟᱣ, ᱡᱮᱜᱮᱛ ᱡᱟᱠᱟᱛ ᱦᱤᱱᱫᱤ ᱪᱚᱞᱚᱛᱪᱤᱛᱟᱹᱨ ᱨᱮᱭᱟᱜ ᱢᱟᱨᱟᱝᱩᱛᱟᱹᱨ ᱥᱮᱨᱣᱟ ᱛᱮᱱᱟᱜ ᱵᱤᱪᱷᱱᱟᱹᱣ ᱟᱨ ᱩᱫᱩᱜ ᱥᱚᱫᱚᱨ, ᱡᱚᱛᱚ ᱜᱤ ᱚᱞᱟᱠᱟᱱ ᱞᱮᱠᱟᱛᱮ ᱚᱨᱡᱚᱣᱟᱱᱟᱜ ᱦᱩᱭᱞᱮᱱᱟ ᱾"
1163,"इन्हीं हाथों में, इस फिल्म के बहुत - से दृश्‍य अंग गिर गए और इसे एक साहित्य और शब्दी उत्पाद में बदल दिया गया ।","ᱱᱤᱭᱟᱹ ᱛᱤᱨᱮ, ᱥᱤᱱᱟᱹᱢᱟ ᱫᱚ ᱟᱡᱟᱜ ᱵᱷᱤᱡᱩᱣᱟᱞ ᱪᱩᱨᱤᱛ ᱨᱮᱭᱟᱜ ᱟᱹᱰᱤᱜᱟᱱ ᱦᱤᱸᱥᱮ ᱟᱫ ᱟᱠᱟᱫᱟ ᱟᱨ ᱱᱚᱣᱟᱫᱚ ᱢᱤᱫ ᱥᱟᱶᱦᱮᱫ ᱟᱨ ᱥᱟᱰᱮᱭᱟᱜ ᱫᱩᱨᱤᱵ ᱨᱮ ᱵᱮᱱᱟᱣ ᱞᱮᱱᱟ ᱾"
1164,कभी - कभी तो सिर्फ एक पियानो होती थी ।,"ᱚᱠᱟ ᱚᱠᱟ ᱫᱚ ᱮᱠᱷᱮᱱ ᱢᱤᱫ ᱯᱚᱭᱟᱱᱳ ᱡᱚᱴᱟᱭ ᱛᱟᱸᱦᱮᱠᱟᱱᱟ, ᱮᱱᱠᱷᱟᱱ ᱵᱮᱥ ᱠᱤᱪᱷᱤ ᱪᱚᱞᱚᱛᱪᱤᱛᱟᱹᱨ ᱛᱟᱸᱦᱮᱠᱟᱱᱟ ᱡᱟᱸᱦᱟᱨᱮ ᱢᱤᱫᱴᱟᱝ ᱵᱮᱦᱞᱟ, ᱢᱤᱫᱴᱟᱝ ᱦᱟᱨᱢᱩᱱᱤ, ᱴᱮᱵᱞᱟᱥ ᱟᱨ ᱮᱴᱟᱜ ᱨᱩᱨᱩᱣᱟᱜ ᱠᱚ ᱥᱮᱞᱮᱫ ᱦᱩᱭ ᱫᱟᱲᱮᱭᱟᱜᱼᱟ ᱾"
1165,ये अंक जीवित थे और कहानी को समझने में मदद करते थे ।,ᱥᱠᱳᱨ ᱫᱚ ᱞᱟᱭᱤᱵᱷ ᱛᱟᱦᱮᱸ ᱠᱟᱱᱟ ᱟᱨ ᱟᱠᱠᱷᱟᱱ ᱫᱚ ᱱᱟᱴᱚᱠ ᱠᱚᱨᱟᱣ ᱞᱟᱜᱤᱫ ᱜᱚᱲᱚᱭ ᱮᱢ ᱞᱮᱫᱟ ᱾
1166,इस फिल्म के बारे में बहुत कम जानकारी दी गयी है ।,"ᱥᱴᱟᱱᱴ ᱯᱷᱤᱞᱢ ᱟᱨ ᱮᱰᱵᱷᱮᱧᱪᱟᱨ ᱮᱠᱥᱮᱱ ᱯᱷᱤᱞᱢ ᱫᱚ ᱡᱚᱛᱚᱴᱷᱮᱱ ᱵᱟᱭ ᱟᱨᱫᱟᱥ ᱟᱠᱟᱫᱟᱺ ᱥᱮᱪᱮᱫᱟᱱ ᱠᱚᱫᱚ ᱩᱱᱠᱩ ᱦᱚᱲ ᱠᱩᱥᱤᱟᱱ, ᱵᱮᱼᱵᱟᱹᱲᱤᱡ ᱟᱨ ᱵᱟᱹᱲᱤᱡ ᱠᱟᱹᱢᱤ ᱮᱥᱮᱨ ᱞᱮᱠᱟᱛᱮ ᱠᱚ ᱧᱮᱞᱞᱮᱫᱟ ᱾"
1167,फिल्म शैलों में यह विभाजन इसलिए किया जाता है क्योंकि निर्माता और निर्माता फिल्मों को दो मुख्य वर्गों के रूप में होते हुए देखना जारी रखते हैं: आम जनता के लिए फिल्म और फिल्म ।,ᱯᱷᱤᱞᱚᱢ ᱥᱴᱟᱭᱤᱞ ᱨᱮᱭᱟᱜ ᱱᱤᱭᱟᱹ ᱦᱟᱹᱴᱤᱧ ᱫᱚ ᱪᱮᱫᱟᱜ ᱫᱤᱥᱴᱨᱤᱵᱤᱣᱴᱟᱨ ᱟᱨ ᱯᱨᱚᱰᱤᱣᱥᱟᱨ ᱠᱩ ᱵᱟᱨᱮᱭᱟ ᱢᱩᱰᱩᱛ ᱦᱟᱹᱴᱤᱧ ᱢᱤᱫ ᱫᱚᱞ ᱠᱩ ᱞᱟᱹᱜᱤᱫ ᱯᱷᱤᱞᱚᱢ ᱟᱨ ᱥᱟᱫᱷᱟᱨᱚᱱ ᱠᱩ ᱞᱟᱹᱜᱤᱫ ᱯᱷᱤᱞᱚᱢ ᱞᱮᱠᱟᱛᱮ ᱧᱮᱞ ᱤᱫᱤᱭ ᱠᱩ ᱞᱮᱛᱟᱲᱟᱠᱟᱱᱟ ᱾
1168,इस फिल्म में 23 नवंबर 2020 को यह फिल्म तैयार की गयी थी ।,ᱯᱷᱤᱞᱢ ᱮᱯᱯᱨᱤᱥᱤᱭᱮᱥᱚᱱ ᱠᱳᱨᱥ ᱨᱮᱭᱟᱜ ᱨᱟᱵᱟᱝ ᱚᱠᱛᱚᱨᱮᱭᱟᱜ ᱟᱨᱩᱯᱷᱮᱨᱟᱣ ᱒᱓ ᱱᱚᱵᱷᱮᱢᱵᱚᱨ ᱒᱐᱒᱐ ᱠᱷᱚᱱᱟᱜ ᱠᱚ ᱪᱟᱞᱩ ᱞᱮᱫᱟ ᱾
1169,"इस प्रकार, हमारे केंद्रित बदलाव उस समय के बारे में पता लगाने की इच्छा से हैं... ... तथाकथित सामाजिक या राजनीतिक शब्दों में, समय देखने के लिए एक इच्छा।","ᱱᱚᱝᱠᱟ ᱞᱮᱠᱟᱛᱮ, ᱟᱞᱮᱭᱟᱜ ᱱᱚᱡᱚᱨ ᱜᱟᱢᱟᱢ ᱫᱚ ᱥᱟᱸᱣᱛᱟᱼᱠᱟᱹᱣᱰᱤ ᱟᱹᱨᱤᱭᱟᱱ ᱥᱮ ᱨᱟᱡ ᱟᱹᱨᱤᱭᱟᱱ ᱞᱟᱜᱟᱭᱛᱮ ᱡᱟᱦᱟᱸ ᱚᱠᱛᱮ ᱠᱩ ᱞᱟᱹᱭᱮᱛ ᱠᱟᱱᱟ ᱚᱱᱟ ᱵᱟᱰᱟᱭ ᱨᱮᱭᱟᱜ ᱥᱟᱱᱟ ᱠᱷᱚᱱ, ᱚᱠᱛᱮ ᱫᱚ (ᱯᱚᱨᱤᱪᱪᱷᱚᱫ ᱟᱨ ᱥᱟᱡᱼᱜᱩᱡ ᱨᱮ) ᱧᱮᱞ ᱥᱟᱱᱟ ᱥᱮᱡ ᱪᱟᱞᱜᱼᱟ ᱾"
1170,फिल्म बनाने के मामले में अपनी ताकत का गलत इस्तेमाल किया गया है ।,ᱢᱟᱨᱮᱛᱮᱱ ᱯᱟᱹᱴᱷᱩᱣᱟᱹ ᱠᱚ ᱪᱚᱞᱚᱛ ᱪᱤᱛᱟᱹᱨ ᱵᱮᱱᱟᱣ ᱨᱮ ᱟᱠᱚᱣᱟᱜ ᱠᱟᱢᱤ ᱵᱟᱰᱟᱭ ᱛᱟᱞᱟᱛᱮ ᱥᱤᱠᱠᱨᱤᱛᱤ ᱠᱚ ᱧᱟᱢ ᱟᱜᱩᱭᱮᱫ ᱠᱟᱱᱟ ᱾
1171,"राज्य-रूप सुविधाओं के साथ, FTI मैं एक सृजनात्मक भावना प्रदान करता हूँ... / मैं ... रोमांचक फिल्म बनाने के लिए दिलचस्प शब्दों की एक नयी भाषा के साथ।","ᱟᱹᱰᱤ ᱱᱟᱦᱟᱜ ᱥᱩᱵᱤᱫᱟ ᱥᱟᱶᱛᱮ, ᱮᱯᱷᱴᱤᱟᱭᱟᱭ ᱨᱟᱠᱟᱵ ᱟᱠᱟᱱ ᱪᱚᱞᱚᱛᱪᱤᱛᱟᱹᱨ ᱵᱮᱱᱟᱣ ᱠᱚᱣᱟᱜ ᱠᱟᱹᱨᱤᱼᱦᱩᱱᱟᱹᱨ ᱥᱚᱫᱚᱨ ᱨᱮᱭᱟᱜ ᱢᱤᱫ ᱥᱤᱨᱡᱟᱹᱣ ᱟᱱᱟᱜ ᱯᱟᱹᱨᱥᱤᱛᱮ ᱩᱫᱜᱟᱹᱣ ᱞᱟᱹᱜᱤᱫ ᱢᱤᱫ ᱥᱤᱨᱡᱚᱱ ᱟᱱᱟᱜ ᱞᱟᱭᱚᱝᱼᱮ ᱥᱟᱨᱵᱷᱟᱨᱟ ᱾"
1172,"क्या हम, दर्शकों को ड्राइव है, इस उपन्यास के वर्तमान समय के लिए एक नोजिया है, Aususnin's, या Pagnoms के पेट में रहते पल, या Pagls के चरित्र, हमारे अतीत के बारे में नहीं है, जो कि वर्तमान समय के लिए विशेष परिवर्तनों को सूचित करता है.","ᱡᱟᱦᱟᱸ ᱟᱵᱚᱨᱮᱱ ᱟᱧᱡᱚᱢᱤᱭᱟᱹᱠᱩᱭ ᱪᱟᱞᱟᱣ ᱠᱩ ᱚᱱᱟ ᱫᱚ ᱦᱩᱭᱩᱜ ᱠᱟᱱᱟ ᱩᱯᱟᱹᱱᱟᱥ ᱨᱮᱭᱟᱜ ᱱᱟᱦᱟᱜ ᱚᱠᱛᱚ ᱞᱟᱹᱜᱤᱫ ᱢᱤᱫᱴᱟᱝ ᱱᱚᱥᱴᱟᱞᱜᱤᱭᱟ, ᱚᱥᱴᱮᱱᱨᱮᱱ ᱯᱟᱴᱷᱚᱠᱤᱭᱟᱠᱩᱣᱟᱜ ᱡᱤᱣᱮᱛ ᱢᱩᱷᱩᱛ, ᱥᱮ ᱯᱟᱜᱱᱚᱞ ᱟᱨ ᱯᱷᱚᱨᱮᱥᱴᱟᱨ ᱠᱩᱣᱟᱜ ᱪᱟᱹᱨᱤᱛᱠᱩ, ᱟᱵᱩᱣᱟᱜ ᱩᱭᱦᱟᱹᱨᱟᱱ ᱢᱟᱨᱮᱭᱟᱜᱠᱩ, ᱢᱩᱲᱩᱛ ᱯᱟᱲᱦᱟᱣᱟᱱᱟᱜ ᱵᱟᱝᱠᱟᱱ ᱡᱟᱦᱟᱸ ᱞᱟᱹᱜᱤᱛ ᱚᱱᱟ ᱱᱟᱦᱟᱜ ᱚᱠᱛᱚ ᱫᱚ ᱵᱟᱝᱠᱷᱚᱡᱟᱱ ᱵᱚᱫᱚᱞᱚᱜᱼᱮ ᱩᱫᱩᱜ ᱥᱚᱫᱚᱨᱮᱫᱟ ᱾"
1173,"इस तरह, वे अपनी पहचान और समाज की पहचान के लिए प्रयोगशाला की जाँच करते हैं ।",ᱯᱮᱰᱚᱱ ᱫᱚ ᱢᱚᱨᱯᱷᱚᱞᱚᱡᱤ ᱞᱮᱠᱟᱛᱮ ᱠᱷᱮᱛᱨᱚ ᱨᱮ ᱵᱚᱨᱱᱚᱱᱟᱠᱟᱱ ᱟᱨ ᱞᱮᱵᱚᱴᱟᱨᱤ ᱛᱚᱞᱟᱥ ᱨᱮ ᱞᱟᱹᱜᱤᱫ ᱱᱟᱹᱢᱩᱱᱟᱣᱟᱠᱟᱱ ᱩᱝᱠᱩᱣᱟᱜ ᱪᱟᱹᱨᱤᱛᱟᱠᱟᱱᱟᱜ ᱟᱨ ᱦᱟᱹᱴᱤᱧᱟᱠᱟᱱᱟᱜ ᱞᱟᱹᱜᱤᱫ ᱠᱟᱱᱟ ᱾
1174,"नक्शे पर निर्धारित इकाइयों को विशिष्ट प्रतीक, रंग तथा नाम दिया जाएगा.","ᱢᱟᱱᱪᱤᱛᱟᱹᱨ ᱨᱮ ᱪᱤᱱᱦᱟᱹ ᱟᱠᱟᱱ ᱤᱭᱩᱱᱤᱴ ᱠᱚ ᱜᱚᱴᱟᱵᱩᱴᱟᱹ ᱪᱤᱱᱦᱟᱹ, ᱨᱚᱝ ᱟᱨ ᱧᱩᱛᱩᱢᱮ ᱮᱢᱚᱜᱼᱟ ᱾"
1175,पानी के संतुलन का अनुमान लगाने के लिए थॉथ व मेदर मॉडल को व्यापक रूप से इस्तेमाल किया जाता है ।,ᱴᱷᱨᱳᱱᱳᱭᱮᱴ ᱟᱨ ᱢᱟᱫᱟᱨ ᱢᱚᱰᱮᱞ ᱫᱚ ᱫᱟᱜ ᱡᱚᱠᱷᱟ ᱞᱮᱠᱷᱟᱭᱨᱮ ᱟᱹᱰᱤ ᱟᱴ ᱵᱮᱣᱦᱟᱨᱚᱜᱼᱟ ᱾
1176,"पृथ्वी की सतह से 60 किलोमीटर से अधिक मील (100 किलोमीटर), हवा का रसायनीय रचना ऊंचाई पर ज़ोर से निर्भर हो जाता है और वायुमंडल हल्का गैसों से भरपूर हो जाता है (एवरिक ऑक्सीजन, Hels).","ᱫᱷᱟᱹᱨᱛᱤ ᱪᱮᱛᱟᱱ ᱚᱛ ᱦᱤᱸᱥ ᱠᱷᱚᱱ ᱖᱐ ᱢᱟᱭᱤᱞ (᱑᱐᱐ ᱠᱤᱢᱤ) ᱨᱮ, ᱦᱚᱭ ᱨᱮᱭᱟᱜ ᱠᱮᱢᱤᱠᱮᱞ ᱜᱚᱬᱦᱚᱱ ᱫᱚ ᱞᱟᱯᱷᱟᱝ ᱪᱮᱛᱟᱱ ᱡᱟᱹᱥᱛᱤ ᱠᱟᱭᱛᱮ ᱜᱤᱭ ᱴᱮᱦᱟᱰᱚᱜ ᱠᱟᱱᱟ ᱟᱨ ᱞᱚᱞᱚᱥᱚᱝ ᱫᱚ ᱞᱟᱣᱟᱨ ᱜᱮᱥ ᱠᱩ (ᱮᱴᱚᱢᱤᱠ ᱚᱠᱥᱤᱡᱮᱱ, ᱦᱤᱞᱤᱭᱟᱢ ᱟᱨ ᱦᱟᱭᱰᱨᱚᱡᱮᱱ) ᱛᱮ ᱯᱮᱨᱮᱡ ᱟᱠᱟᱱᱟ ᱾"
1177,जलवायु परिवर्तन से कुछ कृषि क्षेत्रों को उत्पादन और अन्य क्षेत्रों के लिए ज़्यादा उपयुक्‍त बनाया जाएगा ।,ᱦᱚᱭ ᱦᱤᱥᱤᱫ ᱵᱚᱱᱚᱫᱚᱞ ᱫᱚ ᱪᱟᱥᱵᱟᱥᱚᱜ ᱴᱚᱴᱷᱟ ᱟᱨᱡᱟᱣ ᱞᱟᱹᱜᱤᱫ ᱟᱨᱦᱚᱸᱭ ᱡᱚᱛᱷᱟᱛᱼᱟ ᱟᱨ ᱮᱴᱟᱜ ᱴᱚᱴᱷᱟ ᱨᱮᱫᱚ ᱠᱚᱢᱼᱟᱭ ᱾
1178,जानकारी इकट्ठा करने का तरीका इस साइट की एक तस्वीर का वर्णन कर सकता है ।,ᱛᱮᱛᱮᱫ ᱡᱟᱨᱣᱟᱭ ᱨᱮᱭᱟᱜ ᱫᱷᱚᱨᱚᱱ ᱫᱚ ᱢᱤᱴᱴᱮᱱ ᱥᱟᱭᱤᱴ ᱨᱮᱭᱟᱜ ᱵᱚᱨᱱᱚᱱᱟᱠᱟᱱ ᱵᱤᱪᱷᱱᱟᱹᱣ ᱥᱟᱹᱦᱤᱛ ᱱᱳᱴ ᱠᱷᱚᱱ ᱢᱤᱴᱴᱮᱱ ᱥᱟᱭᱤᱴ ᱨᱮᱭᱟᱜ ᱯᱷᱚᱴᱚᱜᱨᱟᱯᱷ ᱨᱮᱧᱡᱼᱮ ᱦᱩᱭ ᱫᱟᱲᱤᱭᱟᱜᱼᱟ ᱾
1179,"मार्च के दौरान, गर्मी की लहरों को सबसे ज़्यादा जगहों में देखा गया था, और 29- 31 मार्च के दौरान पश्‍चिम राजस्थान पर जा रहे थे ।","ᱢᱟᱨᱪ ᱢᱟᱹᱱᱦᱟᱹ ᱨᱮ, ᱟᱭᱢᱟ ᱡᱟᱭᱜᱟ ᱠᱚᱨᱮ ᱞᱚᱞᱚ ᱦᱚᱭᱼᱦᱤᱥᱤᱛ ᱧᱮᱞᱟᱠᱟᱱᱟ, ᱢᱟᱨᱪ ᱢᱟᱹᱱᱦᱟᱹ ᱨᱮᱭᱟᱜ ᱒᱙ᱼ᱓᱑ ᱚᱠᱛᱮ ᱨᱮ ᱯᱟᱹᱪᱷᱤᱢ ᱨᱟᱡᱚᱥᱛᱷᱟᱱ ᱨᱮᱭᱟᱜ ᱵᱮᱜᱟᱨ ᱡᱟᱭᱜᱟ ᱠᱚᱨᱮ ᱵᱮᱜᱟᱨ ᱵᱮᱜᱟᱨ ᱞᱚᱞᱚ ᱦᱚᱭ ᱦᱤᱥᱤᱫ ᱚᱵᱚᱥᱛᱷᱟ ᱦᱩᱭᱩᱜ ᱠᱟᱱ ᱛᱟᱦᱮᱸᱠᱟᱱᱟ ᱾"
1180,"रेडियो के मामले में भी सही तरह से सुधार किया जा रहा है, कुछ शोर रहेगा ।",ᱮᱢᱚᱱ ᱪᱮᱫ ᱨᱮᱰᱤᱳᱢᱮᱴᱨᱤᱠ ᱛᱮ ᱥᱩᱫᱷᱨᱟᱹᱣ ᱟᱠᱟᱫ ᱠᱚᱢᱯᱳᱡᱤᱴ ᱨᱮᱦᱚᱸ ᱠᱤᱪᱷᱤ ᱥᱟᱰᱮ ᱫᱚ ᱛᱟᱸᱦᱮᱱᱟ ᱾
1181,"सबसे महत्त्वपूर्ण स्रोत स्थानीय वायुमंडल प्रभाव हैं, जैसे कि टाइटैनिक, सिगरेट, या कैमुलिक बादल जो अन्यथा स्पष्ट दृश्‍य में होते हैं ।","ᱡᱚᱛᱚ ᱠᱷᱚᱱ ᱡᱟᱹᱥᱛᱤ ᱞᱟᱹᱜᱛᱤᱭᱟᱱᱟᱜ ᱯᱷᱮᱰᱟᱛ ᱫᱚ ᱛᱷᱟᱹᱱᱤᱠ ᱦᱚᱭᱞᱚᱝ ᱨᱮᱭᱟᱜ ᱮᱥᱮᱲ, ᱡᱮᱞᱮᱠᱟ ᱠᱩᱲᱦᱟᱹ, ᱫᱩᱦᱟᱹ ᱥᱮ ᱜᱩᱲᱦᱟᱹ ᱨᱤᱢᱤᱞ ᱮᱴᱟᱜ ᱞᱮᱠᱟᱛᱮ ᱥᱟᱯᱷᱟ ᱥᱮᱨᱢᱟ ᱥᱤᱱ ᱦᱚᱸ ᱾"
1182,"इन कारणों से, हाल के वर्षों में शोध ने छवि संघों के प्रयोग पर ज़ोर दिया है ।","ᱱᱚᱣᱟ ᱠᱷᱟᱹᱛᱤᱨ ᱛᱮ, ᱱᱮᱼᱦᱟᱹᱞᱤ ᱥᱮᱨᱢᱟ ᱠᱷᱚᱱ ᱪᱤᱛᱟᱹᱨ ᱠᱚᱢᱯᱳᱡᱤᱴ ᱨᱮᱭᱟᱜ ᱵᱮᱣᱦᱟᱨ ᱨᱮᱠᱚ ᱡᱳᱨ ᱟᱠᱟᱫᱟ ᱾"
1183,"इसके अलावा, यह भी ज़रूरी है कि कम - से - कम और बीचवाले  गैसों में भारी बदलाव आए ।",ᱞᱟᱛᱟᱨ ᱟᱨ ᱛᱟᱱᱟᱞᱟ ᱴᱨᱚᱯᱳᱥᱯᱷᱤᱭᱟᱨ ᱨᱮ ᱩᱥᱩᱞ ᱟᱱᱟᱜ ᱚᱞᱟᱦᱮᱫ ᱦᱚᱸ ᱦᱚᱭ ᱵᱷᱟᱨᱰᱩ ᱩᱛᱷᱱᱟᱹᱣ ᱞᱟᱹᱜᱤᱫ ᱞᱟᱹᱠᱛᱤᱭᱟ ᱾
1184,"उसी तरह, वन देश जो वर्तमान में कम मूल्यित जातियों द्वारा नियंत्रित किया जाता है भविष्य में अधिक मूल्यवान बन सकता है, और इसके विपरीत होता है.","ᱚᱝᱠᱟ ᱞᱮᱠᱟᱜᱤ, ᱵᱤᱨ ᱦᱟᱥᱟ ᱡᱟᱦᱟᱸ ᱫᱚ ᱱᱮᱛᱟᱨ ᱠᱚᱢᱼᱫᱟᱢᱟᱱ ᱯᱨᱚᱡᱟᱹᱛᱤ ᱠᱩ ᱦᱚᱛᱮᱛᱮ ᱜᱚᱵᱚᱞᱟᱠᱟᱱ ᱫᱚ ᱦᱟᱯᱮᱱ ᱫᱤᱱ ᱨᱮ ᱟᱨᱦᱸ ᱡᱟᱹᱥᱛᱤ ᱫᱟᱢᱟᱱ ᱦᱩᱭ ᱫᱟᱲᱤᱭᱟᱜᱼᱟ, ᱟᱨ ᱚᱱᱟ ᱨᱮᱭᱟᱜ ᱩᱞᱴᱟᱹᱣ ᱦᱚᱸ ᱾"
1185,"लेकिन, यह तरीका बुनियादी तौर पर सीमित है क्योंकि बादल के खाली दृश्‍यों की संभावना कम होती है जब एक दृश्य द्वारा कवर क्षेत्र बढ़ता है.","ᱡᱟᱸᱦᱟ ᱜᱮ ᱦᱩᱭᱮᱱ, ᱱᱚᱣᱟ ᱯᱟᱱᱛᱷᱟ ᱫᱚ ᱢᱩᱲᱩᱫ ᱞᱮᱠᱟᱛᱮ ᱥᱩᱢᱩᱝ ᱜᱮᱭᱟ ᱪᱮᱫᱟᱜ ᱥᱮ ᱢᱤᱰᱴᱟᱝ ᱪᱤᱛᱟᱹᱨ ᱛᱮ ᱯᱚᱴᱚᱢ ᱴᱚᱴᱷᱟ ᱵᱟᱹᱲᱛᱤᱜ ᱥᱟᱶ ᱥᱟᱶᱛᱮ ᱨᱤᱢᱤᱞ ᱵᱮᱜᱚᱨᱟᱱ ᱪᱤᱛᱟᱹᱨ ᱦᱩᱭ ᱤᱫᱤᱜ ᱠᱚᱢᱚᱜᱼᱟ ᱾"
1186,"इस दिशा में, भूमि के गुणों को निर्धारित करने के लिए एक प्रयास किया गया है ताकि वह बहुवेवरिक अवरेक्टिक स्पिटेंस (MS) का प्रयोग कर सके ।",ᱢᱟᱞᱴᱤᱵᱷᱮᱨᱤᱮᱴ ᱮᱰᱟᱯᱴᱤᱵᱷ ᱨᱤᱜᱨᱮᱥᱚᱱ ᱥᱯᱞᱟᱭᱤᱱ (ᱢᱟᱨᱥ) ᱵᱮᱵᱚᱦᱟᱨ ᱠᱟᱛᱮ ᱦᱟᱥᱟ ᱡᱷᱟᱞᱠᱟᱣ ᱨᱮ ᱦᱟᱥᱟ ᱫᱩᱨᱤᱵ ᱠᱩ ᱡᱚᱠᱷᱟᱭ ᱞᱟᱹᱜᱤᱫ ᱱᱤᱭᱟᱹ ᱞᱮᱠᱟᱛᱮᱜᱤ ᱢᱤᱫ ᱫᱷᱟᱣ ᱠᱚᱨᱟᱣ ᱦᱩᱭᱟᱠᱟᱱᱟ ᱾
1187,इस पर निर्भर करता है कि अलग - अलग देश के अलग - अलग वर्गों की पहचान करने के लिए किस चीज़ का इस्तेमाल किया जाता है ।,"ᱱᱚᱣᱟ ᱫᱚ ᱯᱟᱹᱨᱥᱤ ᱛᱚᱨᱡᱚᱢᱟᱭᱤᱡ ᱪᱮᱛᱟᱱ ᱴᱮᱦᱟᱰᱚᱜᱼᱟ ᱧᱮᱞᱟᱜ ᱤᱥᱟᱹᱨᱟ ᱡᱮᱞᱮᱠᱟ ᱟᱲᱟᱝ, ᱜᱚᱲᱦᱚᱱ, ᱫᱷᱟᱸᱪ, ᱟᱨ ᱮᱴᱟᱜ ᱫᱩᱨᱤᱵ ᱥᱟᱶ ᱥᱟᱹᱜᱟᱹᱭᱟᱱ ᱟᱹᱰᱤ ᱞᱮᱠᱟᱱ ᱞᱮᱱᱰ ᱠᱚᱵᱷᱟᱨ ᱪᱟᱱᱟᱪ ᱮ ᱪᱤᱱᱦᱟᱹᱭᱟ ᱾"
1188,इस उप - विभाजन के वार्षिक वर्षा का लगभग ४५% (करीब ६०%) इस अवधि के दौरान बारिश के लिए अनुमान लगाया जाता है ।,ᱱᱤᱭᱟᱹ ᱩᱯᱟᱹᱵᱤᱵᱷᱟᱹᱜ ᱨᱮ ᱥᱮᱨᱢᱟᱠᱤᱭᱟᱹ ᱔᱕% ᱞᱮᱠᱟ ᱫᱟᱜ ᱡᱟᱹᱲᱤᱭ ᱫᱚ ᱱᱤᱭᱟᱹ ᱚᱠᱛᱮᱨᱮ ᱫᱟᱜ ᱡᱟᱹᱲᱤᱭ ᱦᱚᱛᱮᱛᱮ ᱦᱤᱥᱟᱹᱵᱚᱜ ᱠᱟᱱᱟ ᱾
1189,"जबकि यह आम तौर पर तटीय क्षेत्रों और छोटे - से भू - दृश्‍य - क्षेत्र के साथ जोड़ा जाता है, आम तौर पर प्रशांत महासागर में और बड़े - बड़े वुवीय मैदानों में होता है ।","ᱛᱤᱱᱨᱮ ᱵᱩᱞᱩᱱᱚᱜ ᱫᱚ ᱡᱟᱹᱥᱛᱤ ᱠᱟᱭᱛᱮ ᱜᱤ ᱥᱟᱹᱢᱩᱫ ᱟᱲᱮ ᱮᱞᱟᱠᱟ ᱟᱨ ᱯᱩᱞᱤ ᱦᱟᱥᱟ ᱥᱚᱢᱟᱱ ᱚᱛ ᱥᱟᱸᱣ ᱡᱚᱲᱟᱣ ᱢᱮᱱᱟᱜᱼᱟ, ᱠᱷᱟᱹᱨᱤᱠᱚᱨᱚᱱ ᱫᱚ ᱡᱟᱹᱥᱛᱤ ᱠᱟᱭᱛᱮ ᱡᱟᱹᱢᱤᱱ ᱛᱟᱞᱟ ᱟᱨ ᱢᱟᱨᱮᱱ ᱯᱩᱞᱤ ᱦᱟᱥᱟ ᱥᱚᱢᱟᱱ ᱚᱛ ᱨᱮ ᱦᱩᱭᱩᱜ ᱠᱟᱱᱟ ᱾"
1190,"इसके अलावा, यह भी कहा जाता है कि ऐसे इलाकों में नए निर्माण काम को रोकने के लिए नए - नए तरीके इस्तेमाल किए जा सकते हैं, जहाँ बाढ़ का खतरा बहुत ज़्यादा होता है ।","ᱠᱟᱹᱢᱤ ᱞᱟᱜᱟᱜ ᱞᱮᱠᱟᱱᱟᱜ ᱦᱩᱱᱟᱹᱨ ᱠᱟᱹᱨᱤ ᱠᱚ ᱢᱩᱫᱨᱮ ᱥᱮᱞᱮᱫ ᱢᱮᱱᱟᱜ ᱟ ᱵᱟᱱ ᱨᱮᱭᱟᱜ ᱢᱟᱨᱟᱝ ᱫᱟᱹᱵ ᱥᱟᱶᱛᱮ ᱫᱟᱵ ᱞᱮᱠᱟᱱ ᱴᱚᱴᱷᱟᱨᱮ ᱱᱟᱣᱟᱛᱮ ᱚᱲᱟᱜ ᱵᱮᱱᱟᱣ ᱢᱟᱱᱟ, ᱠᱮᱴᱮᱡ ᱚᱛ ᱠᱷᱚᱱ ᱪᱚᱴᱚᱠᱟᱱ ᱞᱤᱸᱡᱤᱱ ᱠᱚ ᱠᱚᱢ ᱤᱫᱤᱭ, ᱱᱟᱣᱟᱱ ᱩᱛᱷᱱᱟᱹᱣ ᱨᱮ ᱦᱚᱭ ᱫᱟᱜ ᱥᱟᱵ ᱫᱚᱦᱚ ᱨᱮᱭᱟᱜ ᱠᱟᱴᱷᱟᱢᱳ ᱨᱮ ᱞᱟᱹᱠᱛᱤᱭᱟᱱ ᱵᱚᱱᱚᱫᱚᱞ ᱟᱨ ᱡᱷᱚᱢᱚᱨ ᱡᱟᱹᱲᱤ ᱠᱷᱚᱱ ᱫᱟᱜ ᱥᱚᱸᱛᱟᱞ ᱠᱷᱚᱱ ᱨᱩᱠᱷᱤᱭᱟᱹ ᱫᱚᱦᱚᱭ ᱾"
1191,इस तरह की इमारतों को बनाने के लिए इन जगहों का इस्तेमाल करना ज़रूरी होता है ।,ᱦᱟᱥᱟ ᱵᱮᱵᱚᱦᱟᱨ ᱟᱜᱟᱢ ᱩᱭᱦᱟᱹᱨ ᱫᱚ ᱥᱟᱦᱟᱨ ᱞᱚᱞᱚ ᱨᱮᱭᱟᱜ ᱮᱥᱮᱲ ᱡᱩᱫᱟᱹ ᱡᱩᱫᱟᱹ ᱚᱲᱟᱜ ᱵᱮᱱᱟᱣ ᱫᱩᱨᱤᱵ ᱠᱩ ᱟᱨ ᱦᱟᱹᱲᱤᱭᱟᱹᱲ ᱴᱚᱴᱷᱟ ᱥᱟᱢᱲᱟᱣ ᱦᱚᱛᱮᱛᱮ ᱠᱚᱢᱟᱣ ᱫᱟᱲᱮᱭᱟᱜᱼᱟ ᱾
1192,"इसके गहरे मैदानों के साथ, कैना नैशनल पार्क में, पहाड़ों, गहरे घाटों और तंग घाटीों से भरे मैदान पाए जाते हैं ।","ᱱᱚᱣᱟ ᱨᱮᱭᱟᱜ ᱜᱟᱹᱦᱤᱨ ᱵᱩᱨᱩ ᱠᱷᱟᱹᱫ,ᱫᱟᱜ ᱫᱩᱱᱩᱞ ᱟᱨ ᱫᱟᱹᱨᱭᱟᱹ ᱥᱟᱜᱣᱟᱱ ᱵᱤᱨ ᱥᱟᱶᱛᱮ, ᱯᱟᱱᱱᱟ ᱡᱟᱹᱛᱤᱭᱟᱹᱨᱤ ᱵᱟᱜᱣᱟᱱ ᱫᱚ ᱢᱩᱲᱩᱫ ᱞᱮᱠᱟᱛᱮ ᱢᱤᱫ ᱢᱮᱞᱟᱱ ᱚᱛᱮᱫ ᱠᱟᱱᱟ, ᱡᱟᱸᱦᱟᱨᱮ ᱵᱩᱨᱩ,ᱜᱟᱹᱦᱤᱨ ᱫᱷᱟᱥᱱᱟ ᱟᱨ ᱵᱩᱨᱩ ᱠᱷᱟᱹᱫ ᱛᱮ ᱯᱟᱥᱱᱟᱣ ᱟᱠᱟᱱ ᱥᱚᱢᱟᱱ ᱚᱛ ᱢᱮᱱᱟᱜᱼᱟ ᱾"
1193,मुख्य तत्त्व जल गुण को प्रभावित करते हैं,"ᱫᱟᱜ ᱨᱮᱭᱟᱜ ᱜᱩᱱ ᱠᱚ ᱮᱥᱮᱨ ᱨᱮᱭᱟᱜ ᱢᱩᱲᱩᱫ ᱚᱡᱮ ᱫᱚ ᱦᱩᱭᱩᱜ ᱠᱟᱱᱟ ᱯᱩᱞᱤ ᱦᱟᱥᱟ, ᱥᱮᱭᱟᱞᱚᱢ, ᱡᱚᱨᱟ, ᱞᱮᱣᱦᱟᱼᱟᱱ ᱡᱳᱭᱵᱚ ᱯᱚᱫᱟᱨᱛᱷᱚ (ᱰᱤᱳᱮᱢ), ᱞᱚᱞᱚ ᱵᱷᱟᱯ ᱳᱰᱳᱠ, ᱫᱟᱜ ᱵᱷᱟᱥᱠᱩᱞᱟᱨ ᱚᱛᱢᱚᱱ, ᱯᱮᱛᱷᱳᱡᱮᱱ ᱟᱨ ᱥᱩᱱᱩᱢ ᱾"
1194,"इनमें से कुछ पैरामीटर्सों की तरह, जैसे कि असंतुलन, अलाधा, तेल, तेल, स्वास्थ्राण पौधों, और विभभणणण - विभणकों को सीधे रूप से शक्‍ति को प्रभावित करते हैं और इस प्रकार दूरस्थ तकनीकों से मापी जा सकती हैं ।","ᱱᱚᱣᱟ ᱠᱚ ᱢᱩᱫᱨᱮ ᱠᱤᱪᱷᱤ ᱯᱮᱨᱟᱢᱤᱴᱟᱨ, ᱡᱮᱞᱮᱠᱟ ᱡᱚᱢᱟ ᱟᱠᱟᱱ ᱯᱩᱞᱤ, ᱥᱮᱭᱟᱞᱚᱢ, ᱰᱤᱳᱮᱢ, ᱥᱩᱱᱩᱢ, ᱫᱟᱜ ᱨᱮᱭᱟᱜ ᱵᱷᱟᱥᱠᱩᱞᱟᱨ ᱚᱛᱢᱚᱱ ᱟᱨ ᱮᱞᱟᱝ ᱟᱲᱟᱜ ᱜᱤᱰᱤ, ᱥᱚᱨᱟᱥᱩᱨᱤ ᱫᱟᱲᱮ ᱨᱮᱭᱟᱜ ᱨᱚᱝᱼᱮ ᱮᱥᱮᱨᱟ ᱟᱨ ᱚᱱᱟᱛᱮ ᱨᱤᱢᱳᱴ ᱟᱹᱭᱠᱟᱹᱣ ᱠᱟᱹᱨᱤ ᱛᱮ ᱡᱚᱠᱷᱟᱭ ᱦᱩᱭᱩᱜᱼᱟ ᱾"
1195,इस इलाके में बहुत - से पेड़ - पौधे पाए जाते हैं ।,ᱫᱟᱢᱟᱱ ᱢᱮᱴᱟᱞ ᱠᱩ ᱞᱟᱭ ᱚᱠᱛᱮ ᱪᱮᱛᱟᱱ ᱦᱟᱥᱟ ᱚᱪᱚᱜ ᱟᱨ ᱚᱱᱟ ᱵᱮᱲᱦᱟᱭᱛᱮ ᱢᱮᱱᱟᱜ ᱪᱟᱥ ᱟᱹᱵᱟᱹᱫᱤ ᱠᱷᱮᱛ ᱠᱩᱭ ᱱᱚᱥᱴᱚᱭ ᱫᱚ ᱦᱟᱥᱟ ᱠᱚᱢᱚᱽ ᱨᱮᱱᱟᱜᱮᱴᱟᱜ ᱢᱤᱴᱴᱮᱱ ᱢᱟᱛᱨᱟ ᱠᱟᱱᱟ ᱾
1196,"इस पेड़ से जो बीज बचा है, उसे मिट्टी में मिल जाता है ।",ᱚᱛᱢᱚᱱ ᱠᱚᱣᱟᱜ ᱥᱟᱨᱮᱡ ᱛᱮᱫ ᱚᱪᱚᱜ ᱜᱤᱰᱤ ᱫᱚ ᱦᱟᱥᱟ ᱨᱮᱭᱟᱜ ᱡᱳᱭᱵᱚ ᱯᱚᱫᱟᱨᱛᱷᱚ ᱦᱚᱸᱭ ᱠᱚᱢ ᱤᱫᱤᱭᱟ ᱾
1197,"इसके अलावा, इन इलाकों में बहुत - से लोगों की जानें भी जा सकती हैं ।",ᱠᱷᱟᱨᱟᱭ ᱟᱨ ᱠᱷᱟᱨ ᱚᱪᱚᱭ ᱫᱚ ᱟᱫᱷᱟᱼᱦᱟᱣᱮᱫ ᱟᱨ ᱦᱟᱣᱮᱫ ᱴᱚᱴᱷᱟ ᱞᱟᱹᱜᱤᱫ ᱛᱮᱫᱚ ᱟᱱᱟᱴ ᱜᱮᱭᱟ ᱾
1198,मिट्टी के हरेक समूह को एक अपवित्रता या उनकी संगति से चित्रित किया जाता है ।,ᱦᱟᱥᱟ ᱨᱮᱭᱟᱜ ᱥᱟᱱᱟᱢ ᱦᱟᱹᱴᱤᱧ ᱯᱮᱰᱚᱱ ᱥᱮ ᱟᱠᱚᱣᱟᱜ ᱥᱮᱢᱞᱮᱫ ᱫᱟᱨᱟᱭ ᱴᱟᱭᱤᱯᱚᱜᱼᱟ ᱾
1199,"इस क्षेत्र की जलवायु, जलवायु और वनस्पति - विज्ञान के आधार पर भिन्‍न प्रकार की भूमिओं के विवरण, क्षेत्र के जलवायु और वनस्पति - विज्ञान के बारे में पुष्टि करता है, क्षेत्र के क्षेत्र के कार्य और प्रयोगशाला डेटा के ज़रिए और एक आधार नक्शे पर चित्रित करता है ।","ᱦᱟᱥᱟ ᱢᱮᱯᱤᱝ ᱢᱩᱫᱨᱮ ᱟᱭᱢᱟ ᱞᱮᱠᱟᱱ ᱦᱟᱥᱟ ᱪᱤᱱᱦᱟᱹ, ᱵᱚᱨᱱᱚᱱ ᱟᱨ ᱪᱤᱛᱟᱹᱨ ᱵᱮᱱᱟᱣ, ᱴᱚᱴᱷᱟ ᱴᱮᱭᱟᱜ ᱵᱷᱳᱣᱛᱚ ᱵᱤᱨᱫᱟᱹ, ᱦᱚᱭᱫᱟᱜ ᱟᱨ ᱫᱟᱨᱮᱱᱟᱹᱲᱤ, ᱯᱷᱤᱞᱰᱳᱣᱨᱟᱠ ᱟᱨ ᱞᱮᱵᱨᱮᱴᱚᱨᱤ ᱰᱚᱜᱚᱨ ᱛᱟᱞᱟᱛᱮ ᱜᱚᱴᱟ ᱵᱩᱴᱟᱹ ᱟᱠᱟᱱ ᱟᱨ ᱢᱤᱫ ᱡᱚᱛᱷᱟᱛ ᱵᱷᱤᱛᱤ ᱢᱟᱱᱪᱤᱛᱟᱹᱨ ᱨᱮ ᱪᱤᱱᱦᱟᱹ ᱟ ᱾"
1200,इससे प्राकृतिक वातावरण पर तनाव बढ़ जाएगा ।,ᱱᱚᱣᱟ ᱫᱚ ᱱᱮᱪᱮᱨᱟᱞ ᱤᱠᱳᱥᱤᱥᱴᱮᱢ ᱨᱮᱭᱟᱜ ᱪᱟᱯᱼᱮ ᱰᱷᱮᱨ ᱮᱫᱤᱭᱟ ᱾
1201,"इसलिए, ज़मीन के संसाधनों पर व्यापक जानकारी, और उनके संभावित/ स्थिर/ स्थिरीकरण की माँग की जाती है, जैसे कि आदेश क्षेत्र विकास, तंग क्षेत्रों में मिट्टी, पोषण, जल प्रबंधन, और घृणित देशों का पुनर्वास ।","ᱚᱱᱟᱛᱮ, ᱦᱟᱥᱟ ᱨᱮᱭᱟᱜ ᱫᱩᱨᱤᱵ ᱪᱮᱛᱟᱱ ᱟᱹᱰᱤᱟᱸᱴ ᱰᱚᱜᱚᱨ, ᱟᱨ ᱚᱱᱟ ᱦᱩᱭᱫᱟᱲᱮᱭᱟᱜ/ ᱥᱤᱢᱟᱹ/ ᱫᱟᱲᱮ, ᱱᱟᱱᱟ ᱦᱩᱱᱟᱹᱨ ᱡᱚᱥ ᱡᱮᱞᱮᱠᱟ ᱠᱚᱢᱟᱱᱰ ᱴᱚᱴᱷᱟ ᱩᱛᱷᱱᱟᱹᱣ, ᱫᱟᱜ ᱟᱦᱟᱨ ᱴᱚᱴᱷᱟ ᱨᱮ ᱦᱟᱥᱟ ᱨᱟᱠᱷᱟ ᱫᱚᱦᱚᱭ, ᱴᱤᱠᱟᱹᱜ ᱞᱮᱠᱟᱱ ᱪᱟᱥ, ᱰᱟᱜ ᱥᱟᱵ ᱫᱚᱦᱚᱭ ᱨᱮᱭᱟᱜ ᱵᱮᱵᱚᱥᱛᱟ, ᱠᱷᱚᱭ ᱟᱠᱟᱱ ᱚᱛᱼᱦᱟᱥᱟ ᱠᱚ ᱥᱟᱵ ᱟᱨᱩ ᱮᱢᱟᱱ ᱛᱮᱭᱟᱜ ᱞᱟᱹᱜᱤᱫ ᱞᱟᱹᱠᱛᱤᱭᱟ ᱾"
1202,यह समीक्षा नहीं है और केवल ऐसे तरीकों को विशिष्ट करने के लिए सेवा करता है जिनमें वर्तमान तकनीकएं शामिल हैं उन मॉडलों द्वारा जो कक्षीय और एजेंट आधारित मॉडलों से मेल खाते हैं.,ᱱᱚᱣᱟ ᱧᱮᱞ ᱟᱨᱩ ᱫᱚ ᱵᱟᱝ ᱯᱮᱨᱮᱡ ᱯᱩᱨᱩᱱᱟ ᱟᱨ ᱮᱠᱷᱮᱱ ᱚᱱᱟ ᱦᱚᱨᱟ ᱠᱚ ᱜᱮᱭ ᱟᱹᱲᱛᱤᱭᱟ ᱡᱟᱸᱦᱟᱨᱮ ᱱᱟᱦᱟᱜ ᱠᱟᱹᱨᱤ ᱠᱚ ᱥᱮᱞᱩᱞᱟᱨ ᱟᱨ ᱮᱡᱮᱱᱴ ᱞᱮᱠᱟᱱ ᱢᱚᱰᱮᱞ ᱠᱚ ᱢᱤᱫ ᱠᱟᱛᱮᱜ ᱚᱱᱟ ᱢᱚᱰᱮᱞ ᱠᱚ ᱦᱚᱛᱮᱛᱮ ᱯᱩᱨᱚᱱᱚᱜᱼᱟ ᱾
1203,"यदि यह भूमि कंप्यूटर स्क्रीन पर कवर्टिंग किया जाता है, तो भूमि को कवर मानचित्र के दौरान बनाया जाता है ।","ᱡᱩᱫᱤ ᱚᱛ ᱫᱟᱯᱟᱞ ᱵᱚᱨᱱᱚᱱ ᱪᱤᱛᱟᱹᱨ ᱫᱚ ᱠᱚᱢᱯᱤᱭᱩᱴᱟᱨ ᱥᱠᱨᱤᱱ ᱨᱮ ᱦᱩᱭᱩᱜᱼᱟ, ᱚᱛ ᱫᱟᱯᱟᱞ ᱢᱟᱱᱪᱤᱛᱟᱹᱨ ᱫᱚ ᱪᱤᱛᱟᱹᱨ ᱵᱚᱨᱱᱚᱱ ᱦᱚᱨᱟ ᱚᱠᱛᱮ ᱨᱮ ᱵᱮᱱᱟᱣ ᱟᱠᱟᱱᱟ ᱾"
1204,या तो कंप्यूटर स्क्रीन पर छवि या हार्ड प्रतिलिपि प्रिंट आउट को देखते हैं और फिर एक बहुभुज आरेखित करते हैं जो किसी खास देश के कवर टाइप के रूप में पहचाना जाता है.,ᱜᱟᱞᱚᱪᱤᱭᱟᱹ ᱫᱚ ᱢᱤᱫᱴᱟᱝ ᱠᱚᱢᱯᱤᱩᱴᱟᱨ ᱥᱠᱨᱤᱱ ᱥᱮ ᱦᱟᱰᱠᱚᱯᱤ ᱪᱷᱟᱯᱟ ᱳᱰᱳᱠ ᱠᱟᱛᱮ ᱚᱱᱟ ᱨᱮ ᱪᱤᱛᱟᱹᱨᱮ ᱧᱮᱞᱟ ᱟᱨ ᱚᱱᱟ ᱛᱟᱭᱚᱢ ᱢᱤᱫ ᱜᱚᱴᱟᱼᱵᱩᱴᱟᱹ ᱞᱮᱱᱰ ᱠᱚᱵᱷᱟᱨ ᱞᱮᱠᱟᱛᱮ ᱪᱤᱱᱦᱟᱹ ᱟᱠᱟᱱ ᱴᱚᱴᱷᱟ ᱵᱮᱲᱦᱟᱭ ᱛᱮ ᱢᱤᱫᱴᱟᱝ ᱥᱟᱸᱜᱮ ᱠᱚᱸᱲᱮ ᱵᱮᱱᱟᱣᱼᱟ ᱾
1205,तापमान में बढ़ोतरी होने की वजह से अणु अणुओं की मात्रा कम होती जा रही है ।,ᱢᱮᱱᱟᱜ ᱟᱠᱟᱛ ᱢᱳᱞᱤᱠᱤᱭᱩᱞ ᱚᱠᱥᱤᱡᱮᱱ ᱨᱮᱭᱟᱜ ᱥᱟᱹᱢᱩᱝ ᱯᱚᱨᱤᱢᱟᱱ ᱫᱟᱨᱟᱭ ᱛᱮ ᱛᱟᱹᱯᱤᱥ ᱥᱳᱞᱟᱨ ᱨᱮᱰᱤᱭᱮᱥᱚᱱ ᱨᱮᱭᱟᱜ ᱥᱚᱨᱠᱚᱛ ᱚᱡᱮ ᱦᱚᱛᱮᱛᱮ ᱞᱚᱞᱚᱥᱚᱝ ᱨᱮᱭᱟᱜ ᱱᱚᱣᱟ ᱵᱟᱲᱦᱟᱣ ᱫᱚ ᱦᱩᱭᱩᱜ ᱠᱟᱱᱟ ᱾
1206,इसका तापमान और पानी की मात्रा बहुत तेज़ी से कम होती है ।,ᱞᱚᱞᱚᱥᱚᱝ ᱟᱨ ᱫᱟᱜ ᱵᱷᱟᱯᱟᱝ ᱨᱮᱭᱟᱜ ᱯᱚᱨᱤᱢᱟᱱ ᱩᱥᱩᱞᱚᱜ ᱥᱟᱶᱛᱮ ᱟᱹᱰᱤ ᱞᱚᱜᱚᱱ ᱠᱚᱢᱚᱜᱼᱟ ᱾
1207,हवा के तापमान को नियंत्रित करने में पानी की भाप एक मुख्य भूमिका अदा करती है क्योंकि यह ग्रह की सतह से सौर ऊर्जा और वायुमंडलीय विकिरण को छू लेती है.,ᱦᱚᱭ ᱞᱚᱞᱚᱥᱚᱝ ᱪᱟᱹᱞᱣᱟᱹᱭ ᱨᱮ ᱫᱟᱜ ᱵᱷᱟᱯᱟᱱ ᱨᱮᱭᱟᱜ ᱢᱤᱴᱴᱮᱱ ᱢᱟᱨᱟᱝ ᱮᱱᱮᱢ ᱢᱮᱱᱟᱜᱼᱟ ᱚᱡᱮ ᱫᱚ ᱱᱤᱭᱟᱹ ᱩᱯᱟᱹᱜᱨᱚᱦᱚ ᱯᱨᱤᱥᱴᱚ ᱠᱷᱚᱱ ᱛᱷᱟᱨᱢᱟᱞ ᱨᱟᱹᱛ ᱟᱨ ᱥᱳᱞᱟᱨ ᱫᱟᱲᱤᱭ ᱥᱚᱨᱠᱚᱛᱮᱫ ᱠᱟᱱᱟ ᱾
1208,जल संतुलन जल - चक्र पर कुछ मानव प्रभावों के बारे में बताने के लिए उपयोगी है ।,ᱫᱟᱜ ᱡᱚᱠᱷᱟ ᱞᱮᱠᱷᱟ ᱫᱚ ᱦᱟᱭᱰᱨᱳᱞᱚᱡᱤᱠ ᱪᱚᱠᱠᱨᱚ ᱪᱮᱛᱟᱱ ᱢᱟᱹᱱᱢᱤᱭᱟᱜ ᱠᱤᱪᱷᱤ ᱮᱥᱮᱨ ᱦᱟᱯᱮᱢ ᱠᱟᱛᱷᱟ ᱞᱟᱹᱜᱤᱫ ᱞᱟᱹᱠᱛᱤᱭᱟ ᱾
1209,फिर धीरे - धीरे यह गोल - पत्थर तक बढ़ जाता है ।,ᱱᱚᱣᱟ ᱫᱚ ᱵᱟᱹᱭ ᱵᱟᱹᱭᱛᱮ ᱥᱴᱨᱟᱴᱚᱯᱚᱡ ᱦᱟᱹᱵᱤᱡ ᱨᱟᱠᱟᱵᱚᱜᱼᱟ ᱾
1210,"यह दो तरीक़ों से एक क्षेत्र को अपमानित करता है, अर्थात्‌ पाले हुए और ओलों को चूर - चूर करता है ।","ᱱᱚᱣᱟ ᱵᱟᱨᱭᱟ ᱦᱚᱨᱟᱛᱮ ᱢᱤᱫᱴᱟᱝ ᱴᱚᱴᱷᱟ ᱱᱟᱥᱟᱜᱼᱟ, ᱡᱮᱞᱮᱠᱟ ᱛᱩᱥᱟᱨᱪᱩᱲᱟᱹ ᱟᱨ ᱛᱩᱥᱟᱨ ᱫᱷᱟᱥᱟᱣ ᱾"
1211,भूमि प्रतिबिंबित जानकारी को प्रयोगशाला में या क्षेत्र में और हवा/ क्षेत्र में प्राप्त किया जा सकता है.,ᱦᱟᱥᱟ ᱯᱨᱚᱛᱤᱯᱷᱚᱞᱚᱱ ᱨᱮᱭᱟᱜ ᱰᱟᱴᱟ ᱫᱚ ᱞᱮᱵᱚᱨᱮᱴᱟᱹᱨᱤ ᱨᱮ ᱥᱮ ᱠᱷᱮᱛ ᱟᱨ ᱦᱚᱭ/ᱯᱷᱟᱠᱟ ᱡᱟᱭᱜᱟ ᱠᱷᱚᱱ ᱜᱤ ᱧᱟᱢ ᱫᱟᱲᱮᱭᱟᱜᱼᱟ ᱾
1212,आमतौर पर यह पेड़ बहुत ही खूबसूरत होता है ।,ᱢᱟᱱᱚᱥ ᱫᱚ ᱩᱛᱛᱟᱹᱨᱼᱯᱩᱨᱩᱵ ᱯᱚᱱᱚᱛ ᱟᱥᱟᱢ ᱨᱮᱭᱟᱜ ᱦᱤᱢᱟᱞᱚᱭ ᱨᱮᱭᱟᱜ ᱯᱟᱫᱚᱫᱮᱥᱷ ᱨᱮ ᱢᱮᱱᱜᱼᱟ ᱾
1213,"लेकिन राजनैतिक वातावरण में, अन्य प्रभाव निर्णय लेने, संस्कृति, विश्‍वास, सहवास और पार्टियों के बीच प्रतिस्पर्धा को भी आकार देते हैं ।","ᱨᱟᱡᱟᱹᱨᱤ ᱦᱟᱞᱪᱟᱞ ᱨᱮ, ᱮᱢᱚᱱᱠᱤ, ᱮᱴᱟᱜ ᱮᱥᱮᱨ ᱠᱩ ᱦᱚᱸ ᱥᱤᱫᱫᱷᱟᱱᱛᱚ ᱦᱟᱛᱟᱣᱮ ᱜᱚᱲᱦᱚᱱᱟ, ᱚᱱᱟᱠᱩ ᱢᱩᱫᱨᱮ ᱟᱹᱨᱤᱪᱟᱹᱞᱤ, ᱯᱟᱹᱛᱭᱟᱹᱣ, ᱥᱟᱸᱣᱛᱟᱠᱤᱭᱟᱹ ᱡᱷᱩᱠ ᱟᱨ ᱯᱟᱹᱴᱤᱠᱩ ᱛᱟᱞᱟᱨᱮ ᱦᱮᱯᱮᱨᱟᱣ ᱦᱚᱸ ᱥᱮᱞᱮᱫ ᱢᱮᱱᱟᱜᱼᱟ ᱾"
1214,"आम तौर पर, सवाल के पूरा होने के बाद ध्यान आकर्षित किया जाता है और घर की मेज़ और व्यापार की सूची पर किसी भी अन्य वस्तु पर कागज़ों का रख - रखाव किया जाता है ।","ᱥᱟᱫᱷᱟᱨᱚᱱᱛᱚ,ᱠᱩᱠᱞᱤ ᱛᱮᱞᱟ ᱜᱷᱟᱹᱲᱤᱠᱥᱟᱹᱛ ᱛᱟᱭᱚᱢ ᱟᱨ ᱚᱲᱟᱜ ᱨᱮᱭᱟᱜ ᱴᱮᱵᱤᱞ ᱨᱮ ᱠᱟᱜᱚᱡ ᱟᱴᱮᱫ ᱠᱟᱛᱮᱜ ᱟᱨ ᱵᱟᱹᱱᱤᱡ ᱨᱮᱭᱟᱜ ᱯᱷᱚᱨᱫᱚ ᱨᱮ ᱮᱴᱟᱜ ᱡᱟᱸᱦᱟᱱᱟᱜ ᱡᱤᱱᱤᱥ ᱦᱟᱛᱟᱣ ᱞᱟᱦᱟᱨᱮ ᱠᱟᱱᱦᱮᱸᱲ ᱦᱟᱛᱟᱣ ᱦᱩᱭᱩᱜᱼᱟ ᱾"
1215,इसलिए हमें एक - दूसरे के साथ मिलकर काम करने और आपसी सहयोग करने के लिए तैयार रहना चाहिए ।,"ᱚᱱᱟᱛᱮ, ᱟᱵᱚ ᱫᱚ ᱱᱚᱣᱟ ᱢᱟᱦᱟᱢᱟᱹᱨᱤ ᱡᱟᱸᱜᱟ ᱫᱟᱨᱟᱢ ᱞᱟᱹᱜᱤᱫ ᱡᱩᱢᱤᱫ ᱛᱮ ᱯᱟᱹᱣᱲᱤ ᱟᱨ ᱢᱤᱫ ᱦᱚᱲ ᱟᱨ ᱢᱤᱫ ᱦᱚᱲ ᱜᱚᱲᱚᱭ ᱞᱟᱹᱜᱤᱫ ᱥᱟᱹᱛ ᱥᱟᱯᱲᱟᱣ ᱛᱟᱸᱦᱮᱱ ᱦᱩᱭᱩᱜ ᱛᱟᱵᱚᱱᱟ ᱟᱨ ᱟᱭᱢᱟ ᱦᱚᱨᱟᱱ ᱨᱮ ᱴᱮᱸᱦᱟᱰ ᱠᱟᱛᱮᱜ ᱢᱟᱱᱣᱟ ᱛᱮᱭᱟᱜ ᱜᱚᱝ ᱞᱟᱹᱜᱤᱫ ᱩᱯᱟᱹᱭ ᱠᱚ ᱢᱤᱫ ᱦᱩᱭᱩᱜᱼᱟ ᱾"
1216,"अब यह सन्‌ 1609-2023) है, साथ ही एक एकीकृत राष्ट्रीय Ancutialmial विरोध और जानवरों के स्वास्थ्य देखभाल, पेड़ सुरक्षा सुरक्षा और पर्यावरण क्षेत्र के लिए योजना बनाई गई है.","ᱱᱤᱭᱟᱹ ᱫᱚ ᱱᱤᱛᱚᱜ (᱒᱐᱑᱙ᱼ᱒᱐᱒᱓) ᱤᱱᱴᱮᱜᱨᱮᱴᱮᱰ ᱱᱮᱥᱚᱱᱟᱞ ᱮᱱᱴᱤᱢᱟᱭᱠᱨᱳᱵᱟᱭᱟᱞ ᱨᱮᱡᱤᱥᱴᱮᱱᱥ ᱮᱱᱰ ᱨᱮᱥᱤᱰᱩᱣ ᱥᱟᱨᱵᱷᱮᱞᱮᱱᱥ ᱯᱞᱟᱱ ᱫᱟᱨᱟᱭᱛᱮ ᱡᱟᱱᱣᱟᱨ ᱦᱚᱲᱢᱚ ᱥᱟᱸᱣᱟᱨ ᱡᱚᱛᱚᱱ, ᱫᱟᱨᱮ, ᱡᱚᱢ ᱨᱩᱠᱷᱭᱟᱹ ᱟᱨ ᱞᱟᱭᱚᱝ ᱥᱮᱠᱴᱚᱨ ᱠᱩ ᱥᱟᱸᱣ ᱛᱩᱞᱩᱪ ᱟᱠᱟᱱᱟ ᱾"
1217,पुराने ज़माने में आम तौर पर राज - घर के मालिक को प्राकृतिक विपत्तियों से लड़ने की ज़रूरत होती है ।,"ᱞᱟᱦᱟᱛᱮ, ᱥᱚᱨᱟᱥᱚᱨᱤ ᱠᱷᱟᱡᱱᱟ ᱪᱮᱛᱟᱱ ᱰᱟᱱᱰᱚᱢ ᱫᱚ ᱥᱟᱫᱷᱟᱨᱚᱱ ᱞᱮᱠᱟᱛᱮ ᱦᱟᱛᱟᱜ ᱠᱟᱱ ᱛᱟᱦᱮᱸᱠᱟᱱᱟ ᱥᱟᱪᱷᱟᱨᱤᱭᱟᱹ ᱵᱤᱯᱚᱨᱡᱚᱭ ᱠᱷᱚᱱ ᱨᱟᱠᱟᱵ ᱟᱠᱟᱱ ᱨᱟᱡᱚᱥᱥᱚ ᱯᱩᱨᱟᱹᱣ ᱞᱟᱹᱜᱤᱫ ᱛᱮ ᱾"
1218,"सन्‌ 1994 के मई महीने में, अमरीका में एक अंतर्राष्ट्रीय अधिवेशन आयोजित किया गया, जिसमें 20वीं सदी की शुरूआत हुई ।","᱑᱙᱙᱔ ᱥᱟᱹᱦᱤᱛ ᱨᱮ ᱢᱮ ᱪᱟᱸᱫᱳ ᱱᱟᱱᱟᱦᱩᱱᱟᱹᱨ ᱡᱤᱵ ᱡᱤᱭᱟᱹᱞᱤ ᱠᱚ ᱪᱮᱛᱟᱱ ᱡᱟᱹᱛᱤᱥᱚᱝᱜᱷᱚ ᱟᱜ ᱦᱮᱞᱢᱮᱞ, ᱑᱙᱙᱒ ᱟᱨ ᱡᱮᱱᱮᱴᱤᱠ ᱨᱤᱥᱳᱨᱥ ᱮᱠᱥᱮᱥ ᱪᱮᱛᱟᱱ ᱱᱟᱜᱳᱣᱟ ᱟᱹᱨᱤ ᱟᱨ ᱟᱨ ᱒᱐᱑᱔ ᱨᱮ ᱟᱠᱚᱣᱟᱜ ᱵᱮᱣᱦᱟᱨ ᱟᱠᱟᱫ ᱒᱐᱑᱐ ᱨᱮ ᱦᱮᱡ ᱟᱠᱟᱱ ᱥᱩᱵᱤᱫᱟ ᱡᱚᱛᱷᱟᱛ ᱟᱨ ᱥᱚᱢᱟᱱᱛᱮ ᱦᱟᱹᱴᱤᱧ ᱨᱮ ᱥᱩᱦᱤ ᱟᱠᱟᱫ ᱫᱤᱥᱟᱹᱢᱮ ᱦᱩᱭ ᱞᱮᱱᱟ ᱵᱷᱟᱨᱚᱛ ᱾"
1219,"भारत का समर्थन सरकार और अफगानिस्तान के लोगों की जरूरतों और प्राथमिकताओं द्वारा निर्देशित किया जाता है; गतिविधियों Afgananican सरकार के साथ साझेदारी में काम कर रहे हैं, और परियोजनाएं क्षेत्रों के एक विस्तृत क्षेत्र में भेज रहे हैं.",ᱵᱷᱟᱨᱚᱛ ᱟᱜ ᱜᱚᱲᱚ ᱫᱚ ᱥᱚᱨᱠᱟᱨ ᱟᱨ ᱟᱯᱷᱜᱟᱱᱤᱥᱛᱟᱱ ᱨᱮᱱ ᱦᱚᱲ ᱠᱚᱣᱟᱜ ᱪᱟᱹᱦᱤᱫᱟ ᱟᱨ ᱞᱟᱦᱟᱨᱮ ᱟᱹᱭᱫᱟᱹᱨ ᱫᱟᱨᱟᱭᱛᱮ ᱪᱟᱪᱞᱟᱼᱟ; ᱟᱯᱷᱜᱟᱱᱤᱥᱛᱷᱟᱱ ᱥᱚᱨᱠᱟᱨ ᱥᱟᱶᱛᱮ ᱵᱷᱟᱹᱜᱤᱫᱟᱨᱛᱮ ᱠᱟᱹᱢᱤᱦᱚᱨᱟ ᱪᱟᱞᱟᱜᱼᱟ ᱟᱨ ᱯᱟᱱᱛᱷᱟᱠᱚ ᱟᱯᱷᱜᱟᱱᱤᱥᱛᱟᱱ ᱥᱟᱶᱛᱮ ᱢᱟᱨᱟᱝ ᱡᱟᱭᱜᱟᱛᱮ ᱯᱟᱥᱱᱟᱣᱼᱟ ᱾
1220,"मेरे सहकर्मी, पीटूम और प्राकृतिक गैस के मंत्री द्वारा विवरण की घोषणा की जाएगी.","ᱵᱤᱪᱷᱱᱟᱹᱣ ᱫᱚ ᱤᱧᱨᱮᱱ ᱠᱟᱹᱢᱤᱭᱟᱹᱭᱤᱡ ᱦᱚᱛᱮᱛᱮ ᱩᱪᱷᱟᱹᱱᱚᱜᱼᱟ, ᱡᱟᱦᱟᱸᱭ ᱫᱚ ᱯᱮᱴᱨᱳᱞᱤᱭᱟᱢ ᱟᱨ ᱥᱟᱪᱟᱨᱤᱭᱟᱹ ᱜᱮᱥ ᱨᱮᱱ ᱢᱤᱱᱤᱥᱴᱟᱨ ᱠᱟᱱᱮ ᱾"
1221,सरकार एक विशेषज्ञ समूह को ऐसे विषयों पर सलाह देने के लिए निर्धारित करेगी जो भू - दृश्‍य - विज्ञानिक उत्पादनों पर विचार - विमर्श कर सके ।,ᱠᱟᱹᱢᱤᱭᱟᱱ ᱟᱨ ᱯᱮᱴᱨᱚᱞᱛᱮ ᱥᱤᱨᱡᱟᱹᱣ ᱫᱩᱨᱤᱵ ᱫᱟᱢ ᱨᱮᱭᱟᱜ ᱦᱚᱨᱟ ᱫᱚᱲᱦᱟ ᱟᱨᱚᱭ ᱨᱮ ᱥᱟᱞᱦᱟ ᱮᱢᱚᱜ ᱞᱟᱹᱜᱤᱫ ᱥᱚᱨᱠᱟᱨ ᱫᱚ ᱢᱤᱴᱴᱮᱱ ᱜᱟᱹᱠᱷᱩᱲ ᱜᱨᱩᱯᱮ ᱛᱷᱟᱯᱚᱱᱟ ᱾
1222,"2008-09 के दौरान, NRYA ने नौकरी के अवसर प्रदान किए 4 से अधिक घरों के लिए।","᱒᱐᱐᱘ ᱼ ᱐᱙ ᱥᱟᱹᱦᱤᱛ ᱨᱮ, ᱮᱱᱟᱨᱤᱡᱤᱮ ᱔ᱹ᱔᱗ ᱠᱳᱴᱤ ᱠᱷᱚᱱ ᱵᱟᱹᱲᱛᱤ ᱜᱷᱟᱸᱨᱚᱡ ᱞᱟᱹᱜᱤᱫ ᱠᱟᱹᱢᱤ ᱧᱟᱢ ᱨᱮᱭᱟᱜ ᱥᱩᱵᱤᱫᱟᱭ ᱮᱢ ᱞᱮᱱᱟ, ᱡᱟᱸᱦᱟᱨᱮ ᱒᱐᱐᱗ ᱼ ᱐᱘ ᱥᱟᱹᱦᱤᱛ ᱨᱮ ᱓ᱹ᱓᱙ ᱠᱳᱴᱤ ᱜᱷᱟᱸᱨᱚᱡ ᱥᱮᱞᱮᱫ ᱛᱟᱸᱦᱮᱠᱟᱱᱟ ᱾"
1223,यह व्यापक रूप से स्वीकार किया जाता है कि फरवरी 2006 में पहली बार नैशनल रिपरेशन नैशनल रिपररी (नाइजी) ने एक शानदार सफलता प्राप्त की है ।,"ᱱᱤᱭᱟᱹ ᱫᱚ ᱡᱟᱹᱥᱛᱤ ᱠᱟᱭᱛᱮ ᱜᱤ ᱥᱤᱠᱟᱹᱨᱟᱠᱟᱱᱟ ᱡᱮ ᱱᱮᱥᱚᱱᱟᱞ ᱨᱩᱨᱟᱞ ᱮᱢᱯᱞᱚᱭᱢᱮᱱᱴ ᱜᱮᱨᱮᱱᱴᱤ ᱮᱠᱴ (ᱮᱱᱟᱨᱤᱡᱤᱮ) ᱫᱚ ᱯᱩᱭᱞᱩ ᱒᱐᱐᱖ ᱥᱟᱞ ᱨᱮᱭᱟᱜ ᱯᱷᱮᱵᱨᱟᱨᱭ ᱢᱟᱹᱱᱦᱟᱹ ᱨᱮ ᱥᱟᱹᱨᱤᱭᱟᱜ ᱞᱮᱱᱟ, ᱡᱟᱦᱟᱸ ᱫᱚ ᱟᱹᱰᱤ ᱱᱟᱯᱟᱭ ᱡᱤᱛᱠᱟᱹᱨᱮ ᱧᱟᱢᱞᱮᱫᱟ ᱾"
1224,हमें एक वास्तविक प्रतिफल देने के लिए नियुक्‍त किया गया है ।,ᱮᱱᱟᱨᱤᱡᱤᱮ ᱜᱚᱵᱚᱞ ᱨᱮ ᱢᱮᱱᱟᱜ ᱟᱹᱭᱫᱟᱹᱨ ᱞᱮᱠᱟᱛᱮ ᱢᱤᱫ ᱫᱤᱱ ᱨᱮ ᱟᱨᱮᱥᱹ ᱑᱐᱐ ᱟᱥᱚᱞ ᱢᱟᱹᱱᱦᱟᱹ ᱮᱢᱚᱜ ᱨᱮᱭᱟᱜ ᱠᱟᱛᱷᱟ ᱟᱞᱮ ᱞᱮ ᱮᱢᱟᱠᱟᱫᱟ ᱾
1225,"हालाँकि उस वक्‍त से कीमत कम हो चुकी है, फिर भी वे दुनिया - भर में आर्थिक संकट के वक्‍त कम - से - कम दो गुना ज़्यादा खर्च कर रहे हैं ।","ᱩᱱ ᱫᱷᱟᱹᱵᱤᱪ ᱛᱮ ᱫᱟᱢ ᱫᱚ ᱠᱚᱢᱟᱠᱟᱱ ᱨᱮ ᱦᱚᱸ, ᱡᱮᱜᱮᱛ ᱡᱟᱠᱟᱛ ᱠᱟᱹᱣᱰᱤ ᱤᱫᱤᱠᱟᱛᱮ ᱟᱱᱟᱴ ᱫᱟᱨᱟᱭ ᱛᱮ ᱚᱱᱟ ᱫᱚ ᱞᱟᱛᱟᱨ ᱢᱟᱹᱱ ᱨᱮᱭᱟᱜ ᱰᱚᱵᱚᱞ ᱨᱮ ᱥᱮᱴᱮᱨ ᱩᱛᱟᱹᱨᱟᱠᱟᱱ ᱛᱟᱦᱮᱸᱠᱟᱱᱟ ᱾"
1226,मैं अंदरूनी शक्‍तियों को ठीक करने और श्रीलंका के उत्तरी और पूर्वी इलाकों की मरम्मत करने के लिए 500 लोगों को तैयार करने का प्रस्ताव रखती हूँ ।,ᱤᱧ ᱫᱚ ᱫᱤᱥᱚᱢ ᱵᱷᱤᱛᱟᱹᱨ ᱨᱮ ᱠᱩ ᱚᱪᱚᱜ ᱩᱪᱩᱣᱟᱠᱟᱱ ᱦᱚᱲ ᱠᱩᱣᱟᱜ ᱫᱚᱬᱦᱟ ᱛᱷᱟᱯᱚᱱ ᱟᱨ ᱥᱨᱤᱞᱚᱝᱠᱟ ᱨᱮᱭᱟᱜ ᱩᱛᱛᱟᱹᱨ ᱟᱨ ᱯᱩᱨᱩᱵ ᱴᱚᱴᱷᱟ ᱫᱚᱲᱦᱟ ᱟᱨᱚᱭ ᱞᱟᱹᱜᱤᱫ ᱟᱨᱮᱥᱹ ᱕᱐᱐ ᱠᱨᱳᱨ ᱠᱟᱹᱣᱰᱤ ᱦᱟᱹᱴᱤᱧ ᱨᱮᱭᱟᱜ ᱠᱟᱛᱷᱟᱧ ᱮᱢᱟᱠᱟᱫᱟ ᱾
1227,"एक बार जब आपने अमेरिका में पहली उपस्थिति स्थापित की है, तो यह स्थानीय रूप से ऑनलाइन स्टोर के एक प्रकाश संस्करण शुरू करने और सेवा और प्रतिष्ठा इमारत पर ध्यान केंद्रित करने के लिए, इससे पहले कि एक पूरी तरह से कार्यात्मक अमेरिका वेबसाइट, और मोबाइल अनुभव और एक अधिक कठोर और जोखिम व्यापार रणनीति प्रदान करने के लिए।","ᱤᱭᱩᱮᱥ ᱨᱮ ᱢᱤᱫ ᱫᱷᱟᱣ ᱯᱟᱹᱦᱤᱞ ᱩᱯᱩᱨᱩᱢᱮᱢ ᱛᱷᱟᱯᱚᱱ ᱞᱮᱛᱟᱢ ᱠᱷᱟᱱ, ᱢᱤᱫᱴᱟᱝ ᱞᱳᱠᱟᱞ ᱵᱨᱮᱱᱰᱼᱟᱠᱟᱱ ᱚᱱᱞᱟᱭᱤᱱ ᱥᱴᱳᱨ ᱨᱮᱭᱟᱜ ᱢᱤᱫᱴᱟᱝ ᱦᱟᱞᱠᱟ ᱥᱚᱝᱥᱠᱚᱨᱚᱱ ᱟᱟᱨ ᱥᱟᱨᱵᱷᱟᱨ ᱠᱟᱹᱢᱤ ᱪᱮᱛᱟᱱ ᱱᱚᱡᱚᱨ ᱟᱨ ᱥᱩᱱᱟᱹᱢ ᱵᱮᱱᱟᱣ, ᱟᱨ ᱢᱤᱫᱴᱟᱝ ᱯᱩᱨᱟᱹ ᱠᱟᱹᱢᱤᱭᱟᱱᱟᱜ ᱤᱭᱩᱮᱥ ᱳᱣᱮᱵᱥᱟᱭᱤᱴ ᱮᱢᱚᱜ ᱞᱟᱦᱟᱨᱮ ᱟᱨ ᱱᱟᱶᱟᱱ ᱠᱟᱥᱴᱚᱢᱟᱨᱠᱩ ᱦᱟᱢᱮᱴ ᱠᱩ ᱞᱟᱹᱜᱤᱫ ᱢᱳᱵᱟᱭᱤᱞ ᱜᱮᱭᱟᱱ ᱟᱨ ᱢᱤᱫᱴᱟᱝ ᱟᱹᱰᱤ ᱡᱟᱨᱯᱟᱣᱟᱱᱟᱜ ᱥᱟᱹᱨᱤᱭ ᱟᱨ ᱵᱤᱯᱚᱫᱟᱱᱟᱜ ᱵᱟᱡᱟᱨ ᱥᱴᱨᱮᱴᱮᱡᱤ ᱩᱰᱷᱟᱹᱣᱮ ᱵᱩᱡᱷᱟᱹᱣᱟ ᱾"
1228,आज मीडिया ने लोगों की राय को ढालने के लिए लोगों की सोच को ढाल लिया है ।,"ᱞᱟᱜᱟᱱᱠᱟᱹᱨᱤ ᱞᱮᱠᱟᱱ ᱩᱛᱷᱱᱟᱹᱣ ᱦᱚᱛᱮᱛᱮ ᱟᱹᱰᱤ ᱱᱟᱦᱟᱜ ᱟᱨ ᱟᱹᱨᱩᱯᱷᱮᱨᱟᱣ ᱱᱚᱣᱟ ᱨᱮᱭᱟᱜ ᱥᱤᱢᱟᱹ ᱟᱨᱦᱚᱸᱭ ᱯᱟᱥᱱᱟᱣ ᱟᱠᱟᱫᱟ, ᱚᱱᱟᱛᱮ ᱢᱤᱰᱤᱭᱟ ᱛᱮᱦᱮᱧ ᱫᱤᱥᱣᱟᱹ ᱠᱚᱣᱟᱜ ᱢᱚᱛ ᱵᱮᱱᱟᱣ ᱨᱮ ᱢᱤᱫ ᱵᱷᱮᱜᱟᱨ ᱪᱩᱨᱤᱛᱮ ᱟᱨᱡᱟᱣ ᱟᱠᱟᱫᱟ ᱾"
1229,"मैं बड़ी ईमानदारी की खोज में, १० प्रतिशत से लेकर १० प्रतिशत की वर्तमान दर के १५ प्रतिशत तक पुस्तक लाभों की दर बढ़ाने का प्रस्ताव रखता हूँ ।","ᱢᱟᱦᱟᱱ ᱥᱚᱢᱚᱛᱟ ᱥᱮᱱᱫᱨᱟᱭ ᱞᱟᱹᱜᱤᱫ, ᱱᱟᱦᱟᱜ ᱨᱮᱴ ᱨᱮᱭᱟᱜ ᱑᱐ ᱯᱟᱨᱥᱮᱱᱴ ᱠᱷᱚᱱ ᱢᱟᱴ ᱨᱮᱭᱟᱜ ᱨᱮᱴ ᱫᱚ ᱵᱚᱭ ᱯᱨᱚᱯᱷᱤᱴ ᱨᱮᱭᱟᱜ ᱑᱕ ᱯᱟᱨᱥᱮᱱᱴ ᱨᱮ ᱵᱟᱲᱦᱟᱣ ᱨᱮᱭᱟᱜ ᱠᱟᱛᱷᱟᱧ ᱮᱢᱮᱫᱟ ᱾"
1230,पासपोर्ट अनुप्रयोगों के अधीन होने के लिए ऑनलाइन भेंट करना सरल रहा है।,ᱯᱟᱥᱯᱳᱨᱴ ᱠᱮᱱᱫᱨᱚ ᱨᱮ ᱯᱟᱥᱯᱳᱨᱴ ᱟᱹᱨᱡᱤ ᱥᱟᱠᱟᱢ ᱡᱚᱢᱟᱭ ᱞᱟᱹᱜᱤᱫ ᱚᱱᱞᱟᱭᱤᱱ ᱵᱟᱹᱦᱞᱤ ᱥᱟᱠᱟᱢ ᱨᱩᱠᱷᱭᱟᱹᱭ ᱫᱚ ᱥᱚᱦᱚᱡ ᱩᱛᱟᱹᱨ ᱦᱩᱭᱟᱠᱟᱱᱟ ᱾
1231,"इन सिफारिशों के आधार पर, सरकार ने निश्चित रूप से निश्चित रूप से निश्चित रूप से 1 जनवरी 2006 को अधिकारी वर्ग (PBOR) के नीचे प्रायोगिकीकरण को बढ़ाने का निर्णय लिया है (PROR) और उसके बाद 10 अक्टूबर, 1997 कोषकों के साथ.","ᱱᱤᱭᱟᱹ ᱥᱩᱯᱟᱹᱨᱤᱥᱠᱚ ᱪᱮᱛᱟᱱ ᱴᱮᱦᱟᱰᱠᱟᱛᱮ , ᱥᱚᱨᱠᱟᱨ ᱫᱚ ᱑ ᱡᱟᱱᱣᱟᱨᱤ ᱒᱐᱐᱖ ᱰᱤᱯᱷᱮᱱᱥ ᱯᱮᱱᱥᱚᱱᱟᱨᱥ ᱵᱤᱞᱳ ᱚᱯᱷᱤᱥᱟᱨ ᱨᱮᱝᱠ (ᱯᱤᱵᱤᱳᱟᱨ) ᱞᱟᱦᱟᱱ ᱠᱩᱣᱟᱜ ᱯᱮᱱᱥᱚᱱ ᱚᱞᱟᱠᱟᱱ ᱞᱮᱠᱟ ᱩᱛᱷᱱᱟᱹᱣ ᱨᱮᱭᱟᱜᱽ ᱟᱨ ᱑᱐ ᱚᱠᱴᱚᱵᱚᱨ, ᱑᱙᱙᱗ ᱞᱟᱦᱟᱱ ᱯᱮᱱᱥᱚᱱ ᱧᱟᱢ ᱠᱩ ᱫᱚ ᱑᱐ ᱚᱠᱴᱚᱵᱚᱨ ᱑᱙᱙᱗ ᱛᱟᱭᱚᱢ ᱯᱮᱱᱥᱚᱱ ᱧᱟᱢ ᱠᱩ ᱛᱩᱞᱩᱡᱽ ᱥᱚᱢᱟᱱ ᱨᱮ ᱟᱜᱩᱭᱮ ᱴᱷᱟᱲᱚᱜᱚᱴᱟᱣᱟᱠᱟᱫᱟ ᱾"
1232,"इसलिए, आज इस अवसर पर, मैं दुनिया भर में परिषद्‌ के राष्ट्रपति से कॉल करना चाहते हैं... ... एक वैध कार्य योजना बनाने के लिए एक ठोस कार्यवाही जो लोगों को और अधिक न्याय और न्यायिक परिणाम प्राप्त करने के लिए केंद्र में डालता है।","ᱚᱱᱟᱛᱮ, ᱛᱮᱦᱮᱧᱟᱜ ᱱᱚᱣᱟ ᱞᱟᱥᱟᱲᱦᱮᱫ ᱨᱮ, ᱤᱧ ᱫᱷᱟᱹᱨᱛᱤ ᱨᱮᱭᱟᱜ ᱯᱟᱨᱞᱟᱢᱮᱱᱴ ᱨᱮᱱ ᱯᱨᱤᱥᱟᱭᱰᱤᱝ ᱚᱯᱤᱥᱟᱨ ᱠᱚᱧ ᱦᱚᱦᱚ ᱟᱠᱚ ᱠᱟᱱᱟ ᱢᱤᱫ ᱜᱚᱴᱟᱼᱵᱩᱴᱟᱹ ᱟᱠᱟᱱ ᱠᱟᱹᱢᱤᱦᱚᱨᱟ ᱪᱟᱹᱞᱩᱭ ᱨᱮ ᱡᱤᱭᱟᱹᱲᱟᱱ ᱮᱱᱮᱢ ᱯᱟᱞᱟᱣ ᱞᱟᱹᱜᱤᱫ ᱡᱟᱸᱦᱟ ᱫᱚ ᱦᱚᱲᱠᱚ ᱟᱨᱦᱚᱸ ᱡᱚᱛᱷᱟᱛ ᱟᱨ ᱛᱟᱸᱦᱮ ᱤᱫᱤᱜ ᱚᱨᱡᱚ ᱠᱚ ᱟᱨᱡᱟᱣ ᱞᱟᱹᱜᱤᱫ ᱛᱮᱞᱟ ᱨᱮᱭᱟᱜ ᱛᱟᱞᱢᱟ ᱨᱮᱭ ᱫᱚᱦᱚ ᱠᱚᱣᱟᱜ ᱟᱨ ᱯᱟᱨᱞᱟᱢᱮᱱᱴ ᱠᱚ ᱱᱚᱣᱟ ᱥᱟᱹᱨᱤᱭ ᱞᱟᱹᱜᱤᱫ ᱛᱮ ᱜᱚᱲᱦᱚᱱ ᱟᱱᱟᱜ ᱮᱱᱮᱢ ᱯᱟᱞᱟᱣ ᱦᱩᱭᱩᱜ ᱛᱟᱠᱚᱣᱟ ᱾"
1233,अठारह अमरीका और अमरीका के 46 से भी ज़्यादा परिवारों को बायोमिमेटिक्स कार्ड भेज दिया गया है ।,ᱜᱮᱞ ᱤᱨᱟᱹᱞ ᱯᱚᱱᱚᱛ ᱟᱨ ᱛᱟᱞᱢᱟ ᱥᱟᱹᱥᱤᱛᱟᱱ ᱴᱚᱴᱷᱟ ᱨᱮ ᱔᱖ ᱞᱟᱠ ᱠᱷᱚᱱ ᱦᱚᱸ ᱵᱟᱹᱲᱛᱤ ᱵᱤᱯᱤᱮᱞ ᱜᱷᱟᱸᱨᱚᱡ ᱠᱚ ᱵᱟᱭᱳᱢᱮᱴᱨᱤᱠ ᱥᱢᱨᱴ ᱠᱟᱰ ᱮᱢ ᱦᱩᱭ ᱟᱠᱟᱱᱟ ᱾
1234,सन्‌ 1994 में कार्यवाही करनेवालों के रहने के निर्देशों की शुरूआत हुई ।,ᱠᱟᱹᱢᱤᱦᱚᱨᱟ ᱨᱮᱭᱟᱜ ᱥᱚᱨᱟᱥᱚᱨᱤ ᱩᱫᱩᱜ ᱥᱚᱫᱚᱨ ᱫᱚ ᱑᱙᱙᱔ ᱥᱟᱹᱦᱤᱛ ᱠᱷᱚᱱ ᱮᱦᱚᱵ ᱞᱮᱱᱟ ᱾
1235,"15 सितंबर, 2121 को राष्ट्र संघ के अंतर्राष्ट्रीय दिन का स्मरण करते हुए, भारत के उपभोग - पूर्व उपस्थिति में सैनड्‌स टी. वी. वी.","᱑᱕ ᱥᱮᱯᱴᱮᱢᱵᱚᱨ ᱒᱐᱒᱑ᱼᱨᱮ ᱡᱮᱜᱮᱫ ᱡᱟᱠᱟᱛ ᱫᱤᱥᱣᱟᱹᱛᱟᱹᱨᱤ ᱢᱟᱦᱟ ᱩᱭᱦᱟᱹᱨᱛᱮ, ᱥᱚᱝᱥᱚᱫ ᱴᱤᱵᱷᱤ ᱵᱷᱟᱨᱚᱛ ᱨᱮᱱ ᱡᱚᱜᱼᱫᱤᱥᱚᱢ ᱜᱚᱝᱠᱮ ᱥᱨᱤ ᱮᱢ ᱵᱷᱮᱝᱠᱟᱭᱭᱟ ᱱᱟᱭᱰᱩ, ᱵᱷᱟᱨᱚᱛ ᱨᱮᱱ ᱢᱟᱨᱟᱝ ᱢᱚᱱᱛᱨᱤ ᱥᱨᱤ ᱱᱚᱨᱮᱱᱫᱨᱚ ᱢᱳᱫᱤ ᱟᱨ ᱞᱳᱠᱥᱚᱵᱷᱟᱨᱮᱱ ᱥᱯᱤᱠᱟᱨ,ᱟᱜᱚᱥᱴ ᱨᱮ ᱪᱟᱞᱩ ᱦᱩᱭᱟᱠᱟᱱᱟ, ᱱᱟᱶᱟ ᱫᱤᱞᱞᱤ ᱨᱮᱭᱟᱜ ᱥᱚᱝᱥᱚᱫ ᱵᱷᱚᱵᱚᱱ ᱮᱱᱮᱠᱥᱤ ᱨᱮ ᱥᱨᱤ ᱳᱢ ᱵᱤᱲᱞᱟ ᱟᱜ ᱦᱚᱛᱮᱛᱮ ᱾"
1236,"तो अर्थव्यवस्था, कुशल और कुशल के बारे में लाने के लिए, सरकार के भवनों के पूर्व राष्ट्रपति और भारत के उपचर और राज्याता के अध्यक्ष और लोहहहहहह के अध्यक्ष ने दो चैनलों को मिलाने के लिए सहमत हुए।","ᱠᱟᱹᱣᱰᱤ ᱟᱹᱨᱤ, ᱠᱟᱹᱢᱤᱫᱟᱲᱤᱭᱟᱜ ᱟᱨ ᱠᱟᱹᱢᱤᱭᱟᱱᱟᱜ ᱡᱤᱭᱟᱹᱲ ᱞᱟᱹᱜᱤᱫ ᱛᱮ, ᱯᱟᱨᱞᱟᱢᱮᱱᱴ ᱦᱟᱣᱩᱥ ᱨᱮᱱ ᱵᱷᱟᱱᱟᱨ ᱯᱨᱤᱥᱟᱭᱰᱤᱝ ᱚᱯᱷᱤᱥᱟᱨ ᱠᱤᱱ ᱼ ᱩᱯᱟᱹ ᱵᱷᱟᱨᱚᱛ ᱨᱮᱱ ᱯᱚᱱᱚᱛ ᱜᱚᱝᱠᱮ ᱟᱨ ᱨᱟᱡᱡᱚ ᱥᱚᱵᱷᱟ ᱨᱮᱱ ᱪᱮᱭᱟᱨ ᱢᱮᱱ ᱟᱨ ᱞᱳᱠᱥᱚᱵᱷᱟ ᱨᱮᱱ ᱥᱯᱤᱠᱟᱨ ᱼ ᱵᱷᱟᱱᱟᱨ ᱪᱮᱱᱮᱞ ᱢᱤᱫ ᱨᱮᱠᱤᱱ ᱨᱟᱹᱡᱤᱭᱟᱠᱟᱱᱟ ᱾"
1237,"आम तौर पर, चर्चा के लिए तीन दिन अलग - अलग होते हैं ।",ᱜᱟᱞᱚᱪ ᱞᱟᱹᱜᱤᱫ ᱛᱮ ᱯᱮ ᱫᱤᱱ ᱵᱚᱨᱟᱛ ᱛᱟᱸᱦᱮᱱᱟ ᱾
1238,"सन्‌ 2014 से, यह मोदी सरकार की प्राथमिकता रही है औसत भारतीयों के लिए यह आसान बनाने और नए पासपोर्ट प्राप्त करने के लिए, घर और विदेश में दोनों.","᱒᱐᱑᱔ ᱠᱷᱚᱱ, ᱚᱲᱟᱜ ᱟᱨ ᱵᱤᱫᱟᱹᱥ ᱨᱮᱱ ᱡᱚᱛᱚ ᱜᱚᱲ ᱵᱷᱟᱨᱚᱛᱤᱭᱟᱹ ᱠᱩ ᱞᱟᱹᱜᱤᱫ ᱯᱟᱥᱯᱳᱨᱴ ᱧᱟᱢ ᱟᱨ ᱱᱟᱣᱟ ᱟᱨᱩᱭ ᱨᱮ ᱟᱞᱜᱟᱭ ᱜᱤ ᱢᱳᱫᱤ ᱥᱟᱨᱠᱟᱨᱟᱜ ᱢᱟᱬᱟᱝ ᱟᱹᱭᱫᱟᱹᱨ ᱫᱚ ᱛᱟᱦᱮᱸᱠᱟᱱᱟ ᱾"
1239,"लेकिन अगले अभियान में, पश्‍चिम तट, पश्‍चिम कोस्ट और आफ्रीमान की सीमाओं को पार किया जा रहा है ।","ᱮᱢᱚᱱᱠᱤ, ᱛᱟᱭᱚᱢ ᱥᱟᱝᱜᱷᱟᱨ ᱨᱮ, ᱥᱟᱢᱩᱫ ᱟᱲᱮ ᱠᱷᱚᱱ ᱥᱟᱹᱝᱜᱤᱧ ᱵᱮᱥᱤᱱ ᱠᱩ (ᱯᱩᱨᱩᱵ ᱩᱯᱟᱹᱠᱩᱞ, ᱯᱟᱹᱪᱷᱤᱢ ᱩᱯᱟᱹᱠᱩᱞ ᱟᱨ ᱟᱱᱫᱟᱢᱟᱱ) ᱤᱤᱡᱮᱰ ᱥᱤᱢᱟᱹ ᱠᱩ ᱫᱷᱟᱹᱵᱤᱪ ᱥᱟᱨᱦᱟᱣ ᱯᱨᱚᱜᱨᱟᱢ ᱦᱟᱛᱟᱣ ᱦᱩᱭ ᱟᱠᱟᱱᱟ ᱾"
1240,नीब के नीचे कार्यक्रम की जाँच करने की योजना बनायी गयी ।,ᱚᱛ ᱦᱤᱸᱥ ᱨᱮᱭᱟᱜ ᱜᱟᱰᱟᱼᱵᱮᱰᱟ ᱯᱩᱨᱟᱹᱣ ᱞᱟᱹᱜᱤᱫ ᱮᱱᱮᱥᱯᱤ ᱨᱮᱭᱟᱜ ᱟᱣᱛᱟᱨᱮ ᱨᱮᱛᱮᱫ ᱠᱟᱹᱢᱤᱦᱚᱨᱟ ᱨᱮᱭᱟᱜ ᱯᱟᱱᱛᱷᱟ ᱠᱚᱨᱟᱣ ᱦᱩᱭ ᱞᱮᱱᱟ ᱾
1241,"फरवरी 2022 तक, कुल २२,५55 LKM २ डी.डी. वी.","ᱟᱱᱫᱟᱢᱟᱱ ᱠᱷᱚᱱ ᱱᱟᱥᱮ ᱱᱟᱜ ᱥᱟᱹᱸᱜᱤᱧ ᱥᱟᱹᱢᱩᱫ ᱨᱮ ᱜᱩᱴ ᱒᱒,᱕᱕᱕ ᱮᱞᱠᱮᱮᱢ ᱒ᱰᱤ ᱵᱨᱚᱰᱵᱮᱱᱰ ᱥᱤᱥᱢᱤᱠ ᱰᱮᱴᱟ ᱯᱷᱮᱵᱨᱩᱣᱟᱨᱤ ᱒᱐᱒᱒ ᱦᱟᱹᱵᱤᱡ ᱟᱨᱡᱟᱣ ᱟᱠᱟᱱᱟ ᱾"
1242,"ये साधन हमें इस बात का ज़रिया प्रदान करते हैं कि हमारे विकास के कठिन प्रयासों में बने रहें, ख़ासकर हमारी जनसंख्या के असुरक्षित भागों के हित के सम्बन्ध में ।","ᱱᱤᱭᱟᱹ ᱩᱯᱟᱹᱫᱟᱱ ᱠᱩ ᱫᱚ ᱟᱵᱚᱣᱟᱜ ᱩᱛᱷᱱᱟᱹᱣ ᱠᱩᱨᱩᱢᱩᱴᱩᱭ ᱨᱮ ᱢᱮᱱᱟᱜ ᱞᱟᱹᱜᱛᱤᱭᱟᱱᱟᱜ ᱜᱮᱯᱠᱩ ᱯᱟᱱᱛᱮᱭ ᱨᱮᱭᱟᱜ ᱩᱯᱟᱹᱭ ᱠᱩ, ᱵᱤᱥᱟᱹᱥᱠᱟᱭᱛᱮ ᱟᱵᱩᱣᱟᱜ ᱦᱚᱲ ᱞᱮᱠᱷᱟ ᱨᱮᱭᱟᱜ ᱞᱮᱵᱲᱮᱡ ᱦᱤᱸᱥ ᱠᱩ ᱩᱛᱷᱱᱟᱹᱣ ᱞᱟᱹᱜᱤᱫ ᱛᱮ ᱮᱢᱚᱜᱚᱠ ᱠᱟᱱ ᱛᱟᱦᱮᱸᱠᱟᱱᱟ ᱾"
1243,तीन साल में लड़कियों की उम्र का आधा हिस्सा कम करने का लक्ष्य रखा जाएगा ।,ᱡᱚᱥ ᱫᱚ ᱦᱩᱭᱩᱜᱼᱟ ᱯᱮ ᱥᱮᱨᱢᱟ ᱨᱮ ᱛᱤᱨᱞᱟᱹ ᱦᱚᱯᱚᱱ ᱠᱚᱣᱟᱜ ᱥᱤᱠᱷᱱᱟᱹᱛ ᱦᱟᱨ ᱱᱟᱦᱟᱜ ᱞᱮᱵᱮᱞ ᱠᱷᱚᱱ ᱚᱨᱫᱷᱮᱠ ᱨᱮ ᱠᱚᱢᱟᱣ ᱾
1244,"लेकिन सरकारी सेवाएँ, पुलिस और सेना विश्‍वासीों की निकट सुरक्षा थी ।","ᱢᱮᱱᱠᱷᱟᱱ ᱥᱤᱵᱷᱤᱞ ᱥᱟᱨᱵᱷᱤᱥ, ᱯᱩᱞᱤᱥ ᱟᱨ ᱟᱨᱢᱤ ᱫᱚ ᱢᱩᱥᱞᱟᱹ ᱠᱩᱣᱟᱜ ᱨᱩᱠᱷᱭᱟᱹᱭ ᱡᱚᱯᱚᱬᱟᱣ ᱛᱟᱦᱮᱠᱟᱱᱟ ᱾"
1245,"उसी तरह, अगर हम चाहते हैं कि हमारे पास बाइबल का ज्ञान हो, तो हम अपने विवेक की रक्षा कर सकते हैं ।","ᱥᱮᱴᱮᱨᱚᱜ ᱚᱠᱛᱮ ᱤᱞᱮᱠᱴᱨᱚᱱᱤᱠ ᱴᱳᱠᱮᱱ ᱤᱥᱥᱩᱣᱮᱱᱥ ᱟᱨ ᱯᱤᱮᱥᱠᱮ ᱨᱮ ᱥᱟᱨᱵᱷᱤᱥ ᱢᱩᱪᱟᱹᱫ ᱛᱟᱭᱚᱢ ᱤᱞᱮᱠᱴᱨᱚᱱᱤᱠ ᱮᱠᱡᱤᱴ ᱞᱮᱴᱟᱨ ᱫᱚ ᱯᱮᱯᱟᱨ ᱞᱮᱥ ᱥᱟᱨᱵᱷᱤᱥ ᱮᱢ, ᱦᱚᱭᱞᱚᱝ ᱨᱩᱠᱷᱭᱟᱹᱭ ᱟᱨ ᱰᱤᱡᱤᱴᱟᱞ ᱤᱱᱰᱤᱭᱟ ᱨᱮᱭᱟᱜ ᱦᱟᱹᱲᱤᱭᱟᱹᱲ ᱠᱟᱹᱢᱤᱦᱚᱨᱟ ᱠᱩ ᱩᱛᱷᱱᱟᱹᱣ ᱦᱚᱨᱟ ᱨᱮ ᱪᱟᱹᱞᱩᱣᱟᱠᱟᱱᱟ ᱾"
1246,इस तरह की कड़ी मेहनत की वजह से सेवा करने की रफ्तार बढ़ गयी है और जनता में शिकायतें कम हो रही हैं ।,ᱱᱚᱝᱠᱟᱱ ᱢᱤᱴᱴᱮᱱ ᱵᱟᱝ ᱡᱤᱨᱟᱹᱣ ᱦᱚᱨᱟ ᱫᱚ ᱥᱟᱨᱵᱷᱤᱥ ᱰᱮᱞᱤᱵᱷᱟᱹᱨᱤ ᱥᱯᱤᱰ ᱵᱟᱰᱦᱟᱣᱮ ᱜᱚᱬᱚᱣᱟᱠᱟᱫᱟ ᱟᱨ ᱦᱚᱲ ᱠᱚᱣᱟᱜ ᱫᱩᱠᱷ ᱠᱩᱭ ᱠᱚᱢ ᱟᱠᱟᱫᱟ ᱾
1247,इस संबंध में घर के प्रधान या मंत्री से सलाह - मशविरा करने के नियम के अधीन कोई माँग नहीं है ।,ᱱᱤᱭᱟᱹ ᱞᱟᱹᱜᱤᱫ ᱛᱮ ᱦᱟᱣᱩᱥ ᱨᱮᱱ ᱟᱹᱭᱩᱨᱤᱡ ᱥᱮ ᱢᱤᱱᱤᱥᱴᱟᱨ ᱥᱟᱸᱣ ᱢᱚᱯᱚᱥᱩᱞᱤᱭ ᱱᱤᱭᱟᱹᱢ ᱜᱚᱵᱚᱞ ᱨᱮ ᱞᱟᱹᱜᱛᱤ ᱵᱟᱹᱱᱩᱜᱼᱟ ᱾
1248,"इन उपायों को उप - सेवा, करों, ख़र्चों और अवैधता के सभी पहलुओं को पूरा करना पड़ता है ।","ᱱᱚᱣᱟ ᱞᱮᱠᱷᱟ ᱡᱚᱠᱷᱟ ᱫᱚ ᱵᱟᱡᱮᱴ ᱨᱮᱭᱟᱜ ᱥᱟᱱᱟᱢ ᱥᱮᱡ ᱛᱮ ᱵᱷᱩᱨᱛᱩᱠᱤ, ᱠᱷᱟᱡᱽᱱᱟ, ᱠᱷᱚᱨᱚᱪ ᱟᱨ ᱠᱤᱨᱤᱧᱼᱟᱹᱠᱷᱨᱤᱧ ᱨᱮ ᱥᱮᱞᱮᱫ ᱦᱩᱭᱩᱜᱼᱟ ᱾"
1249,"इसके लिए ज़रूरी है कि आप अपने खर्चों के बीच संतुलन बनाए रखें, हद - से - ज़्यादा ब्याज लें और नौकरी - पेशेवाली राजधानी की लगातार सैर करें ।","ᱯᱮᱢᱮᱱᱴ ᱨᱮᱭᱟᱜ ᱥᱛᱷᱤᱨ ᱵᱮᱞᱮᱱᱥ, ᱢᱟᱹᱡᱷᱟᱹᱨᱤ ᱤᱱᱴᱮᱨᱮᱥᱴ ᱨᱮᱴ ᱟᱨ ᱠᱚᱨᱯᱚᱨᱮᱴ ᱤᱱᱵᱷᱮᱥᱴᱢᱮᱱᱴ ᱞᱟᱹᱜᱤᱫ ᱵᱟᱦᱨᱮ ᱯᱩᱸᱡᱤ ᱫᱷᱚᱱ ᱨᱮᱭᱟᱜ ᱛᱷᱤᱨ ᱫᱷᱟᱨᱟ ᱡᱚᱜᱟᱣ ᱫᱚᱦᱚᱭ ᱫᱚ ᱟᱹᱰᱤ ᱜᱤ ᱡᱟᱹᱨᱩᱲᱟ ᱾"
1250,"इसके ऊपर, अमेरिका की दुकान पर खुशी होती है कि हम अपने पैसे को अमरीका के उन देशों में खर्च कर रहे हैं जहाँ उनका अनुग्रह प्राप्त है (१९३%) के बाद चीन (१९३%), हांगकांग (४%) और ऑस्ट्रेलिया (१८%) है ।","ᱚᱱᱟᱠᱩ ᱪᱮᱛᱟᱱ ᱨᱮ, ᱤᱭᱩᱠᱮ ᱠᱤᱨᱤᱧᱤᱭᱟᱹ ᱠᱩ ᱫᱚ ᱟᱠᱩᱣᱟᱜ ᱠᱟᱹᱣᱰᱤ ᱵᱤᱫᱟᱹᱥ ᱨᱮ ᱤᱭᱩᱠᱮ ᱥᱟᱸᱣ ᱠᱷᱚᱨᱚᱪᱨᱮ ᱨᱟᱹᱥᱠᱟᱹ ᱠᱩ ᱵᱩᱡᱷᱦᱟᱹᱣᱟ ᱟᱨ ᱩᱝᱠᱩᱣᱟᱜ ᱠᱩᱥᱤᱭᱟᱜ ᱴᱷᱟᱣ ᱫᱚ (᱔᱙%) ᱡᱟᱦᱟᱸ ᱫᱚ ᱪᱟᱭᱱᱟ (᱓᱙%), ᱠᱟᱱᱟᱰᱟ (᱓᱔%), ᱦᱚᱝᱠᱚᱝ (᱒᱐%) ᱟᱨ ᱚᱥᱴᱨᱮᱞᱤᱭᱟ (᱑᱘%) ᱠᱩ ᱯᱟᱧᱡᱟᱭᱮᱛ ᱠᱟᱱᱟ ᱾"
1251,"सरकार ने आदेश दिया है कि लागू करने के लिए लागू करने के लिए लागूियों का चयन करें, कार्य करें स्टेशनों तथा बैटरी अवरोधित सुविधाओं को बनाए रखें.","ᱥᱴᱮᱴ ᱱᱳᱰᱟᱞ ᱮᱡᱮᱱᱥᱤᱥ ( ᱮᱥ ᱮᱱ ᱮᱮᱥ) ᱯᱚᱱᱚᱛᱨᱮ ᱯᱟᱵᱞᱤᱠ ᱪᱟᱨᱡᱤᱝ ᱥᱴᱮᱥᱚᱱ ᱟᱨ ᱵᱮᱴᱟᱨᱤ ᱥᱚᱣᱟᱯᱤᱝ/ ᱪᱟᱨᱡᱤᱝ ᱥᱩᱵᱤᱫᱟᱠᱚ ᱤᱱᱥᱴᱚᱞ, ᱪᱟᱪᱞᱟᱣ ᱟᱨ ᱧᱮᱞ ᱥᱟᱢᱴᱟᱣ ᱞᱟᱹᱜᱤᱫ ᱥᱟᱨᱤᱭᱟᱜ ᱟᱪᱚᱭ ᱞᱮᱠᱟᱱ ᱜᱟᱶᱛᱟᱠᱚ ᱵᱟᱪᱷᱟᱣ ᱞᱟᱹᱜᱤᱫ ᱵᱚᱲᱦᱮᱭᱟᱠᱟᱫᱟ ᱾"
1252,हमारी सरकार बैंकिंग और वित्तीय क्षेत्र के पास जा रहा है सुनिश्चित करने के लिए किया गया है कि वित्तीय पहुँच और विस्तार विस्तार के दौरान और बाजारों को बढ़ा दें।,ᱵᱮᱝᱠᱤᱝ ᱟᱨ ᱠᱟᱹᱣᱰᱤᱟᱹᱨᱤ ᱠᱷᱟᱹᱛ ᱨᱮ ᱟᱵᱚᱨᱮᱱ ᱥᱟᱨᱠᱟᱨᱟᱜ ᱧᱮᱞᱦᱚᱨᱟ ᱦᱩᱭᱩᱜ ᱠᱟᱱᱟ ᱠᱟᱹᱣᱰᱤᱟᱹᱨᱤ ᱡᱚᱲᱟᱣ ᱵᱟᱲᱦᱟᱣ ᱟᱨ ᱵᱟᱡᱟᱨ ᱜᱟᱹᱦᱤᱨ ᱚᱠᱛᱮ ᱠᱮᱴᱮᱡᱽ ᱛᱚᱫᱟᱨᱚᱛ ᱟᱨ ᱥᱟᱢᱲᱟᱣ ᱴᱷᱟᱹᱣᱠᱟᱹᱭ ᱦᱩᱭᱩᱜᱼᱟ ᱾
1253,"इसलिए कि विकास, आनुवंशिक और पर्यावरण दोनों कारणों से प्रभावित होता है ।",ᱪᱮᱫᱟᱜ ᱥᱮ ᱦᱟᱨᱟᱜ ᱫᱚ ᱡᱤᱱ ᱟᱱᱟᱜ ᱟᱨ ᱞᱟᱭᱚᱝ ᱟᱱᱟᱜ ᱵᱟᱱᱟᱨ ᱚᱡᱮᱛᱮ ᱮᱥᱮᱨᱚᱜᱼᱟ ᱾
1254,"भोजन उत्पादन, आर्थिक और सुरक्षा पर इसका असर स्वास्थ्य, राष्ट्रीय सुरक्षा और अर्थव्यवस्था के लिए ख़तरा भी समझा जाता है ।","ᱡᱚᱢᱟᱜ ᱥᱤᱨᱡᱟᱹᱣ, ᱠᱟᱹᱣᱰᱤ ᱟᱹᱨᱤ ᱟᱨ ᱨᱩᱠᱷᱤᱭᱟᱹ ᱪᱮᱛᱟᱱ ᱮᱥᱮᱨ ᱠᱷᱟᱹᱛᱤᱨᱟᱜ ᱛᱮ, ᱡᱤᱵᱟᱱᱩ ᱱᱟᱥᱟᱣ ᱴᱮᱠᱟᱣ ᱫᱟᱨᱟᱢ ᱫᱚ ᱦᱚᱲᱢᱚ ᱥᱟᱶᱟᱨ, ᱡᱟᱹᱛᱤᱭᱟᱹᱨᱤ ᱨᱩᱠᱷᱤᱭᱟᱹᱣ ᱟᱨ ᱠᱟᱹᱣᱰᱤ ᱟᱹᱨᱤ ᱞᱟᱹᱜᱤᱫ ᱫᱷᱚᱢᱠᱟᱣ ᱞᱮᱠᱟᱛᱮᱭ ᱞᱮᱠᱷᱟᱱ ᱟᱠᱟᱱᱟ ᱾"
1255,"ईकाकाकाप्टा और सुसास्ते समुराई, जो २५०० सा. यु.","ᱪᱚᱨᱚᱠ ᱥᱚᱝᱦᱤᱛᱟ ᱟᱨ ᱥᱩᱥᱨᱩᱛᱚ ᱥᱚᱝᱦᱤᱛᱟ, ᱟᱭ ᱩᱢᱟᱹᱱ ᱒᱕᱐᱐ ᱠᱷᱨᱤᱥᱴᱚᱯᱩᱨᱵᱟᱵᱫᱚ ᱨᱮ ᱯᱷᱚᱴᱮᱞ ᱟᱠᱟᱱᱟ, ᱡᱟᱸᱦᱟᱫᱚ ᱛᱮᱦᱮᱧ ᱨᱟᱱ ᱨᱮᱦᱮᱫ ᱨᱮᱭᱟᱜ ᱢᱩᱲᱩᱫ ᱜᱚᱱᱛᱷᱚᱨ ᱞᱮᱠᱟᱛᱮ ᱯᱩᱨᱟᱹᱯᱩᱨᱤ ᱧᱟᱢᱚᱜᱼᱟ ᱾"
1256,"कार्डियो-पुनंपर धीरज से शरीर की ऊर्जा और श्‍वेत तंत्रों की क्षमता प्रकट होती है, ताकि वे स्थिर भौतिक गतिविधियों के दौरान ईंधन प्रदान कर सकें.",ᱠᱟᱨᱰᱤᱳᱼᱥᱟᱸᱦᱮᱫ ᱡᱚᱱᱛᱚᱨ ᱨᱮᱭᱟᱜ ᱴᱤᱠᱟᱹᱜ ᱞᱮᱠᱟᱱ ᱥᱟᱦᱟᱣ ᱫᱟᱲᱮ ᱦᱚᱲᱢᱚ ᱨᱮᱭᱟᱜ ᱠᱟᱹᱢᱤᱦᱚᱨᱟ ᱚᱠᱛᱚ ᱡᱚᱢᱟᱜ ᱥᱟᱨᱵᱷᱟᱨ ᱞᱟᱹᱜᱤᱫ ᱦᱚᱲᱢᱚ ᱨᱮᱭᱟᱜ ᱥᱚᱝᱵᱚᱦᱚᱱ ᱟᱨ ᱥᱟᱸᱦᱮᱫ ᱡᱚᱱᱛᱚᱨ ᱨᱮᱭᱟᱜ ᱦᱚᱨᱟ ᱨᱮᱭᱟᱜ ᱫᱲᱟᱮᱭ ᱡᱷᱟᱞᱠᱟᱣᱼᱟ ᱾
1257,"वे 18 ज़िला (देशी), आफ्रीका, सिवडा, सिदा, सिदा, और अनानी व्यवस्थाओं की वजह से 13 किलोमीटर की दूरी तय कर रहे थे ।","ᱯᱨᱮᱥᱠᱤᱯᱥᱚᱱ ᱫᱚ ᱟᱭᱩᱥ ᱰᱟᱠᱴᱚᱨ ᱠᱚᱣᱟᱜ ᱧᱟᱢ ᱞᱮᱠᱟᱛᱮ ᱦᱳᱢᱤᱳᱯᱮᱛᱷᱤ, ᱨᱮᱦᱮᱫ ᱨᱟᱱ, ᱥᱤᱫᱫᱷᱟ ᱟᱨ ᱤᱣᱩᱱᱟᱱᱤ ᱦᱚᱨᱟᱛᱮ ᱑᱘ ᱴᱤ ᱦᱚᱱᱚᱛ(ᱯᱚᱱᱚᱛ) ᱢᱩᱫᱨᱮ ᱑᱓ ᱴᱤ ᱨᱮ ᱞᱟᱹᱜᱤᱫ ᱛᱟᱸᱦᱮ ᱠᱟᱱᱟ ᱾"
1258,Sulman के माता-पिता काफी लंबा थे.,ᱥᱩᱞᱮᱢᱟᱱ ᱟᱪ ᱜᱚᱼᱵᱟᱵᱟ ᱫᱚ ᱠᱟᱹᱪᱽ ᱩᱥᱩᱞ ᱠᱤᱱ ᱛᱟᱸᱦᱮ ᱠᱟᱱᱟ ᱾
1259,"इसके अतिरिक्‍त, उन्होंने कहा कि अनवॆना और बिस्फीन के डॉक्टरों के बीच संचार की बाधा, सुरक्षा और अनियंत्रिक दवाओं के संबंध में सुरक्षा और अनियंत्रिक दवाइयों के लिए आदर के साथ शोध कार्य करते हैं, और अयोग्य नीतिएँ समझ में महत्त्वपूर्ण बाधाओं को समझने में महत्त्वपूर्ण हैं ।","ᱟᱨᱦᱚᱸ, ᱩᱱᱠᱩ ᱠᱚ ᱥᱚᱫᱚᱨ ᱟᱠᱟᱫᱟ ᱡᱮ ᱟᱹᱭᱩᱨᱵᱮᱫ ᱟᱨ ᱵᱟᱭᱳᱢᱮᱰᱤᱥᱤᱱ ᱢᱩᱫᱨᱮ ᱡᱳᱜᱟᱡᱳᱜ ᱨᱮᱭᱟᱜ ᱮᱴᱠᱮᱴᱚᱸᱲᱮ, ᱟᱭᱩᱨᱵᱮᱫᱤᱠ ᱨᱟᱱ ᱟᱨ ᱛᱷᱮᱨᱟᱯᱤ ᱨᱩᱠᱷᱤᱭᱟᱹ ᱟᱨ ᱠᱟᱹᱢᱤᱦᱚᱨᱟ ᱥᱟᱹᱜᱟᱹᱭᱟᱱ ᱱᱟᱥᱮᱱᱟᱜ ᱠᱷᱚᱸᱫᱨᱚᱸᱫ ᱠᱟᱹᱢᱤ ᱟᱨ ᱚᱠᱩᱞᱟᱹᱱ ᱟᱱ ᱠᱟᱹᱢᱤ ᱞᱟᱜᱟᱜ ᱞᱮᱠᱟᱱᱟᱜ ᱠᱚ ᱢᱮᱥᱟ ᱠᱟᱛᱮ ᱟᱹᱭᱠᱟᱹᱣ ᱨᱮ ᱞᱟᱹᱠᱛᱤᱭᱟᱱ ᱵᱟᱫᱷᱟ ᱠᱟᱱᱟ ᱾"
1260,एक उच्च आर्थिक आवंटन की आवश्‍यकता होती है जो आन्‍न सेवाओं के लिए बनता है ।,ᱟᱭᱩᱥ ᱡᱚᱛᱱᱟᱣ ᱠᱚ ᱞᱟᱹᱜᱤᱫ ᱪᱮᱛᱟᱱ ᱡᱚᱠᱷᱟ ᱟᱱᱟᱜ ᱠᱟᱹᱣᱰᱤ ᱵᱚᱨᱟᱛ ᱞᱟᱹᱠᱛᱤ ᱠᱟᱱᱟ ᱾
1261,पूरे बजट में सिर्फ 3% ही काफी काबिल नहीं और बहुत - से संस्थाएँ हैं ।,"ᱴᱳᱴᱟᱞ ᱵᱟᱡᱮᱴ ᱨᱮᱭᱟᱜ ᱮᱠᱮᱱ ᱓% ᱫᱚ ᱟᱹᱰᱤ ᱜᱤ ᱛᱷᱚᱲᱟ ᱜᱤᱭᱟ ᱟᱨ, ᱤᱱᱥᱴᱤᱴᱤᱭᱩᱴ ᱨᱮᱭᱟᱜ ᱢᱤᱴᱴᱮᱱ ᱢᱟᱨᱟᱝ ᱞᱮᱠᱷᱟᱛᱮ, ᱩᱝᱠᱩ ᱢᱩᱫᱽᱨᱮ ᱥᱮᱣᱟ ᱠᱟᱹᱢᱤ ᱨᱮᱭᱟᱜ ᱵᱟᱹᱨᱤᱡ ᱜᱩᱱ ᱜᱤ ᱮᱠᱮᱱᱮ ᱴᱷᱤᱠᱟᱹ ᱫᱟᱲᱮᱭᱟᱜᱼᱟ ᱾"
1262,"यदि तुम किसी अध्ययन के कहने से कुछ न करो, तो ऐसा न हो कि कोई उत्तर पाए।","ᱟᱢ ᱡᱩᱫᱤ ᱪᱮᱫ ᱦᱚᱸ ᱵᱟᱢ ᱪᱮᱠᱟᱭᱟ ᱪᱮᱫᱟᱜ ᱥᱮ ᱥᱚᱢᱤᱠᱠᱷᱟ ᱫᱚ ᱵᱟᱭ ᱞᱟᱹᱭ ᱮᱫᱟ, ᱮᱱᱠᱷᱟᱱ ᱱᱚᱣᱟ ᱫᱚ ᱨᱩᱠᱷᱤᱭᱟᱹᱣ ᱞᱮᱠᱟᱛᱮ ᱡᱚᱛᱦᱟᱛ ᱵᱟᱝ ᱦᱩᱭ ᱫᱟᱲᱮᱭᱟᱜ ᱟ ᱾"
1263,चतुर डॉक्टर बनाम चतुर मनुष्य कौन है? किस का मुक मा लड़ता है?,ᱟᱹᱠᱤᱞᱟᱱ ᱰᱟᱠᱴᱚᱨ ᱵᱚᱱᱟᱢ ᱟᱹᱠᱤᱞᱟᱱ ᱨᱩᱜᱤ ᱺ ᱚᱠᱚᱭ ᱚᱠᱚᱭ ᱞᱟᱹᱜᱤᱫ ᱮ ᱜᱚᱴᱟᱼᱵᱩᱴᱟᱹᱭ ᱦᱟᱛᱟᱣᱼᱟ ᱾
1264,"विश्‍व स्वास्थ्य संगठन (WHO) के अनुसार, विश्‍व स्वास्थ्य संगठन के अनुसार, न केवल ४३० करोड़ लोग ही सुनने की कमी के साथ जी रहे हैं, लेकिन १२ से ३५ साल के बीच १ अरब से अधिक लोग संगीतमय ध्वनिओं और क्लबों पर ज़ोर देने के कारण सुनने के ख़तरे में हैं ।","ᱟᱹᱰᱤ ᱵᱟᱹᱲᱤᱡᱟᱱᱟᱜ, ᱳᱣᱟᱨᱞᱰ ᱦᱮᱞᱛᱷ ᱚᱨᱜᱟᱱᱟᱭᱡᱮᱥᱚᱱ (ᱰᱚᱵᱞᱩᱮᱭᱤᱪᱳ) ᱞᱮᱠᱟᱛᱮ, ᱮᱠᱮᱱ ᱔᱓᱐ ᱢᱤᱞᱞᱤᱭᱚᱱ ᱦᱚᱲ ᱱᱟᱦᱟᱜ ᱨᱮ ᱵᱟᱝ ᱟᱧᱡᱚᱢ ᱧᱟᱢᱚᱜ ᱟᱱᱟᱴ ᱨᱮ ᱠᱩ ᱡᱤᱣᱮᱫᱚᱜ ᱠᱟᱱᱟ, ᱢᱮᱱᱠᱷᱟᱱ, ᱑ ᱵᱤᱞᱞᱤᱚᱱ ᱦᱚᱲ ᱠᱷᱚᱱ ᱡᱟᱹᱥᱛᱤ ᱑᱒ ᱟᱨ ᱓᱕ ᱥᱮᱨᱢᱟ ᱵᱷᱤᱛᱟᱹᱨ ᱩᱢᱟᱹᱨᱨᱮᱱ ᱫᱚ ᱵᱟᱝ ᱟᱧᱡᱚᱢ ᱧᱟᱢᱨᱮᱭᱟᱜ ᱨᱤᱥᱠ ᱢᱤᱣᱥᱤᱠ ᱜᱤᱜᱰ ᱟᱨ ᱠᱞᱟᱵ ᱠᱩ ᱥᱮ ᱟᱠᱩᱣᱟᱜ ᱰᱤᱵᱷᱟᱭᱤᱥ ᱨᱮᱭᱟᱜ ᱡᱟᱹᱥᱛᱤ ᱥᱟᱰᱮ ᱠᱷᱚᱚᱴᱮᱡ ᱚᱡᱮ ᱦᱚᱛᱮᱛᱮ ᱦᱩᱭᱩᱜ ᱠᱟᱱᱟ ᱾"
1265,हमें व्यक्‍तिगत जोखिम को परिभाषित करना चाहिए ।,ᱟᱵᱚᱣᱟᱜ ᱟᱯᱱᱟᱨᱟᱜ ᱵᱤᱯᱚᱫ ᱞᱟᱹᱱᱟᱹᱭ ᱞᱟᱹᱠᱛᱤ ᱠᱟᱱᱟ ᱾
1266,"दरअसल, स्तन में स्तन - पान, प्रोटीन और वसा शिशु के विकास के लिए बहुत महत्त्वपूर्ण हैं ।","ᱟᱥᱚᱞ ᱨᱮ, ᱟᱭᱳᱼᱟᱜ ᱛᱚᱣᱟ ᱨᱮ ᱠᱮᱞᱳᱨᱤ ᱨᱮᱭᱟᱜ ᱫᱟᱹᱨᱭᱟᱹ, ᱯᱨᱳᱴᱤᱱ, ᱠᱟᱨᱵᱳᱦᱟᱭᱰᱨᱮᱴ ᱟᱨ ᱯᱷᱮᱴ ᱜᱤᱫᱨᱟᱹ ᱦᱟᱨᱟᱜ ᱞᱟᱹᱜᱤᱫ ᱟᱹᱰᱤ ᱜᱮ ᱞᱟᱹᱠᱛᱤᱭᱟ ᱾"
1267,"यदि वह / वह ठीक महसूस करता है, क्योंकि जैसे बॉक्स १२२ में बताया गया है, उस में दूसरा डूबने बाद में हो सकता है.","ᱰᱩᱵᱟᱹᱛᱮ ᱜᱷᱟᱹᱞᱟᱠᱟᱱ ᱢᱤᱫ ᱦᱚᱲᱟᱜ ᱢᱤᱴᱴᱮᱱ ᱢᱮᱰᱤᱠᱮᱞ ᱫᱚᱠᱴᱚᱨ ᱫᱟᱨᱟᱭᱛᱮ ᱴᱤᱠᱤᱪᱪᱷᱟᱭ ᱨᱮᱭᱟᱜ ᱡᱟᱹᱨᱩᱲ ᱢᱮᱱᱟᱜᱼᱟ, ᱮᱢᱚᱱᱠᱤ ᱡᱩᱫᱤ ᱩᱱᱤ ᱧᱮᱞᱚᱜᱼᱟ ᱵᱚᱜᱮᱭᱟᱠᱟᱱᱟ, ᱪᱮᱫᱟᱜ ᱥᱮ ᱵᱚᱠᱥ ᱑᱒ᱹ᱒ ᱨᱮ ᱵᱤᱪᱷᱱᱟᱹᱣᱟᱠᱟᱱ ᱞᱮᱠᱟ ᱛᱟᱭᱚᱢ ᱫᱟᱨᱟᱢ ᱩᱱᱤ ᱪᱮᱛᱟᱱ ᱫᱚᱲᱦᱟ ᱰᱩᱵᱟᱹ ᱦᱩᱭ ᱫᱟᱲᱤᱭᱟᱜᱼᱟ ᱾"
1268,भारत के पास सर्पर चिकित्सा क्षेत्र में एक तुलनात्मक लाभ है और क्षेत्र में एक विश्‍व नेता हो सकता है ।,ᱵᱚᱫᱚᱞ ᱛᱮ ᱜᱟᱱᱚᱜ ᱞᱮᱠᱟᱱ ᱨᱟᱱ ᱠᱚᱨᱮ ᱵᱷᱟᱨᱚᱛ ᱫᱚ ᱛᱩᱞᱟᱹᱡᱚᱠᱷᱟ ᱟᱱᱟᱜ ᱥᱩᱵᱤᱫᱟ ᱢᱮᱱᱟᱜ ᱛᱟᱭᱟ ᱟᱨ ᱱᱚᱣᱟ ᱴᱚᱴᱷᱟ ᱨᱮ ᱵᱷᱟᱨᱚᱛ ᱫᱚ ᱡᱮᱜᱮᱫ ᱟᱹᱭᱩᱨᱤᱭᱟᱹᱭ ᱦᱩᱭ ᱫᱟᱲᱮᱭᱟᱜᱼᱟ ᱾
1269,यह इसलिए है क्योंकि भारत के पास पश्‍चिमी बायोमिमेटिक्स विज्ञान की अपनी और ठोस बुनियाद है ।,ᱱᱚᱣᱟ ᱨᱮᱭᱟᱜ ᱚᱡᱮ ᱫᱚ ᱦᱩᱭᱩᱜ ᱠᱟᱱᱟ ᱵᱷᱟᱨᱚᱛ ᱨᱮ ᱯᱚᱪᱷᱤᱢᱟ ᱡᱤᱵᱤᱭᱟᱹ ᱛᱤᱠᱤᱛᱪᱷᱟ ᱥᱟᱬᱮᱥ ᱨᱮᱭᱟᱜ ᱟᱹᱯᱱᱟᱛ ᱟᱨ ᱫᱟᱲᱮᱭᱟᱱ ᱴᱮᱸᱦᱟᱰ ᱨᱮᱭᱟᱜ ᱢᱤᱫ ᱯᱮᱨᱮᱡ ᱯᱩᱨᱩᱱ ᱟᱨ ᱩᱛᱷᱱᱟᱹᱣ ᱟᱱ ᱫᱤᱥᱟᱹᱢ ᱛᱤᱠᱤᱛᱪᱷᱟ ᱥᱮᱨᱣᱟ ᱢᱮᱱᱟᱜᱼᱟ ᱾
1270,"ये वायरस वायरसों के समूह के रूप में वर्गीकृत हैं, विरोधी - विरोधी और वायरसों के रूप में वे पर कार्य करते हैं.","ᱱᱚᱣᱟ ᱠᱚᱫᱚ ᱮᱱᱴᱤᱵᱷᱟᱭᱨᱟᱞ,ᱮᱱᱴᱤᱯᱷᱟᱝᱜᱟᱞ,ᱮᱱᱴᱤᱼᱯᱨᱳᱴᱳᱡᱳᱣᱟᱞ ᱟᱨ ᱮᱱᱴᱤᱵᱟᱭᱳᱴᱤᱠ ᱞᱮᱠᱟᱛᱮ ᱦᱟᱹᱴᱤᱧᱟ ᱡᱟᱸᱦᱟ ᱫᱚ ᱡᱤᱵᱟᱱᱩ ᱜᱟᱫᱮᱞ ᱞᱮᱠᱟᱛᱮᱭ ᱠᱟᱹᱢᱤᱭᱟ ᱾"
1271,"इन में शायद कम भोजन या पानी की मात्रा, अर्थात्‌ सूखी या भूरे रंग के श्‍वेत रक्‍त - वाहिकाएँ, आँखों में सूजन, और असामान्य रंग (रंग और आकार) हो ।","ᱱᱚᱣᱟ ᱢᱩᱫᱨᱮ ᱡᱚᱢ ᱥᱮ ᱫᱟᱜ ᱧᱩ ᱠᱚᱢ, ᱠᱷᱩᱲᱭᱟᱹ, ᱢᱮᱫ ᱠᱷᱚᱱ ᱫᱟᱜᱼᱢᱮᱥᱟ ᱥᱮ ᱯᱩᱞᱥᱩᱫ ᱯᱩᱸᱲ ᱢᱤᱩᱠᱚᱭᱮᱰ ᱥᱨᱟᱵ, ᱢᱮᱫ ᱡᱚᱞᱟᱣ ᱟᱨ ᱚᱼᱥᱟᱢᱵᱷᱮᱲ ᱫᱟᱜ ᱥᱮᱡᱽ (ᱨᱚᱝ ᱟᱨ ᱦᱚᱨᱟ) ᱥᱮᱞᱮᱫ ᱦᱩᱭ ᱫᱟᱲᱮᱭᱟᱜᱼᱟ ᱾"
1272,"एक और महत्वपूर्ण UNTCoconcute के रेडियो संग्रह के बारे में रिपोर्ट किया गया है... ... Hactoctoctoctoctoctoctociociocitos (अब तक कैंसर) के उपचार के लिए, जहां रेडियो ने विशिष्ट आकार या रेडियो के माइक्रोस्कोप के विशिष्ट आकार या रेडियो-विश्‍व्‍व्‍प (एक बहुत विशाल द्रव - trociociolioliols) से लिपीव - spiociocates (एक तेल से लिपीवल - ster) लिपीिली तेल से लिपोनिक तेल का निर्माण कर रहे हैं के माध्यम से बनाया जाता है।","ᱛᱷᱮᱨᱟᱯᱤᱭᱴᱤᱠ ᱨᱮᱰᱤᱭᱳᱯᱷᱟᱨᱢᱟᱠᱤᱭᱩᱴᱤᱠᱟᱞ ᱨᱮᱭᱟᱜ ᱮᱴᱟᱜ ᱞᱟᱹᱜᱛᱤᱭᱟᱱᱟᱜ ᱞᱳᱠᱳᱼᱛᱷᱟᱹᱱᱤᱠ ᱥᱟᱥᱚᱱᱠᱟᱹᱨᱤ ᱫᱚ ᱨᱤᱯᱳᱴᱟᱠᱟᱱᱟ ᱦᱮᱯᱟᱴᱳᱥᱮᱞᱩᱞᱟᱨ ᱠᱟᱨᱥᱤᱱᱳᱢᱟ (ᱞᱤᱵᱷᱟᱨ ᱠᱮᱱᱥᱟᱨ) ᱴᱤᱠᱤᱪᱪᱷᱟ ᱞᱟᱹᱜᱤᱫ, ᱡᱟᱦᱟᱸ ᱨᱮ ᱴᱷᱤᱠᱟᱹ ᱥᱟᱹᱦᱤᱛ ᱥᱟᱭᱤᱡ ᱥᱮ ᱨᱮᱰᱤᱭᱳᱞᱮᱵᱮᱞ ᱞᱤᱯᱤᱭᱳᱰᱚᱞ (ᱯᱚᱯᱯᱤ ᱡᱟᱝ ᱥᱩᱱᱩᱢ ᱠᱷᱚᱱ ᱚᱰᱚᱠ ᱟᱠᱟᱱ ᱯᱷᱮᱴᱤ ᱮᱥᱤᱰ ᱨᱮᱭᱟᱜ ᱟᱹᱰᱤ ᱰᱷᱮᱨ ᱟᱴᱷᱟᱣᱟᱱᱟᱜ ᱞᱮᱦᱮᱼᱤᱛᱷᱟᱭᱤᱞ ᱮᱥᱴᱮᱨ) ᱨᱮᱭᱟᱜ ᱨᱮᱰᱤᱭᱳᱞᱮᱵᱮᱞ ᱢᱟᱭᱠᱨᱳᱼᱥᱯᱷᱮᱨ ᱫᱚ ᱨᱩᱜᱤᱭᱟᱜ ᱦᱮᱯᱟᱴᱤᱠ ᱟᱨᱴᱮᱨᱤ ᱦᱚᱛᱮᱛᱮ ᱯᱟᱹᱴᱤ ᱟᱫᱮᱨᱚᱜ ᱠᱟᱱᱟ ᱾"
1273,"इस उपचार कार्य विशेषता, जो ""रविस्ट स्टोटोनी"" के रूप में जाना जाता है या ""Rosciocioviocss"" के प्रशासन का काम करता है।","ᱱᱚᱣᱟ ᱛᱤᱠᱤᱛᱪᱷᱟ ᱦᱚᱨᱟ, ᱡᱟᱸᱦᱟ ᱫᱚ ''ᱨᱮᱰᱤᱭᱮᱥᱚᱱ ᱥᱟᱭᱱᱳᱵᱷᱮᱠᱴᱳᱢᱤ'' ᱥᱮ ''ᱨᱮᱰᱤᱳᱥᱟᱭᱱᱳᱵᱷᱤᱭᱟᱨᱛᱷᱮᱥᱤᱥ'' ᱧᱩᱛᱩᱢ ᱛᱮ ᱩᱯᱨᱩᱢ, ᱮᱥᱮᱨᱟᱱ ᱡᱚᱲᱟᱣ ᱠᱚ ᱨᱮᱭᱟᱜ ᱥᱟᱭᱱᱳᱵᱷᱤᱭᱟᱞ ᱵᱷᱩᱜᱟᱹᱜ ᱨᱮ ᱨᱮᱰᱤᱳᱣᱮᱵᱮᱞ ᱢᱮᱥᱟ ᱫᱟᱱᱟ ᱥᱮ ᱨᱮᱰᱤᱳᱣᱮᱵᱮᱞ ᱢᱮᱥᱟ ᱠᱚᱞᱭᱮᱰ ᱨᱮᱭᱟᱜ ᱥᱟᱥᱚᱱᱛᱟᱹᱨᱤᱭ ᱵᱟᱦᱟᱞ ᱠᱚᱣᱟ ᱾"
1274,इस बात को ध्यान में रखते हुए आप क्या कर सकते हैं?,ᱠᱞᱚᱠᱤᱭᱟ ᱨᱮᱭᱟᱜ ᱤᱢᱯᱞᱟᱱᱴ ᱫᱚ ᱱᱚᱝᱠᱟᱱ ᱦᱚᱲ ᱦᱚᱸᱭ ᱩᱯᱠᱟᱹᱨ ᱠᱚᱣᱟ ᱡᱟᱸᱦᱟᱭ ᱠᱚᱣᱟᱜ ᱫᱚ ᱧᱩᱢᱟᱱᱟᱜ ᱟᱸᱡᱚᱢ ᱫᱟᱲᱮ ᱠᱚᱢᱚᱜᱼᱟ ᱾
1275,"जो लोग सुनना मुश्‍किल समझते हैं, वे आम तौर पर बोली जानेवाली भाषा से बात करते हैं ।","ᱦᱚᱲ ᱡᱟᱦᱟᱸᱭ ᱠᱩ ᱫᱚ ᱟᱧᱡᱚᱢ ᱨᱮ ᱟᱱᱟᱴ ᱢᱮᱱᱟᱜ ᱛᱟᱠᱩᱣᱟ ᱥᱟᱫᱷᱟᱨᱚᱱ ᱞᱮᱠᱟᱛᱮ ᱨᱚᱲᱚᱜ ᱯᱟᱹᱨᱥᱤᱠᱩ ᱦᱚᱛᱮᱛᱮ ᱡᱳᱜᱟᱡᱳᱜ ᱟᱨ ᱟᱧᱡᱚᱢ ᱡᱚᱱᱛᱚᱨ, ᱠᱳᱠᱷᱞᱟᱨ ᱵᱟᱹᱭᱥᱟᱹᱣ ᱟᱨ ᱮᱴᱟᱜ ᱰᱤᱵᱷᱟᱭᱤᱥ ᱠᱩ ᱮᱢᱚᱱ ᱠᱤ ᱠᱮᱯᱥᱚᱱ ᱨᱮ ᱥᱩᱵᱤᱫᱷᱟ ᱠᱩ ᱧᱟᱢᱟ ᱾"
1276,प्रति-पुष्ट जाँच एक त्वरित तरीका है (एक अनुभवी व्यक्ति 12 मिनट लेता है).,ᱢᱤᱼᱢᱤᱫᱴᱟᱝ ᱨᱮᱠᱴᱟᱞ ᱵᱤᱰᱟᱹᱣ ᱟᱹᱰᱤ ᱩᱥᱟᱹᱨᱟ ᱦᱚᱨᱟ ᱠᱟᱱᱟ ( ᱢᱤᱫᱴᱟᱝ ᱜᱟᱹᱠᱷᱩᱲ ᱦᱚᱲ ᱑᱒ ᱚᱠᱛᱚᱭ ᱦᱟᱛᱟᱣᱼᱟ ) ᱾
1277,रेडियो का इस्तेमाल करने के लिए कई तरह की बीमारियों के इलाज के लिए किया जाता है ।,ᱨᱮᱰᱤᱳᱯᱷᱟᱨᱢᱟᱥᱤᱣᱩᱴᱤᱠᱟᱞᱥ ᱫᱚ ᱦᱩᱭᱩᱜ ᱠᱟᱱᱟ ᱟᱹᱰᱤ ᱠᱷᱟᱸᱴᱤ ᱛᱮᱡᱚᱥᱠᱨᱤᱭᱚ ᱯᱷᱟᱨᱢᱟᱥᱤᱣᱩᱴᱤᱠᱟᱞ ᱵᱮᱱᱟᱣᱼᱟᱜ ᱡᱟᱸᱦᱟᱫᱚ ᱦᱚᱲᱟᱜ ᱪᱟᱪᱞᱟᱣ ᱞᱟᱹᱜᱤᱫ ᱡᱚᱛᱷᱟᱛ ᱱᱤᱨᱟᱹᱭᱟ ᱟᱨ ᱦᱚᱲᱟᱜ ᱟᱭᱢᱟ ᱞᱮᱠᱟᱱ ᱨᱳᱜ ᱟᱡᱟᱨ ᱴᱷᱟᱹᱣᱠᱟᱹ ᱥᱮ ᱛᱦᱮᱨᱟᱯᱤ ᱞᱟᱹᱜᱤᱫ ᱵᱮᱣᱦᱟᱨᱚᱜᱼᱟ ᱾
1278,"लेकिन, इस प्रक्रिया का दुरुपयोग और ज़्यादा इस्तेमाल इस प्रक्रिया को दूषित कर रहे हैं ।","ᱡᱟᱸᱦᱟᱭᱮᱱ ᱜᱮ, ᱡᱤᱵᱟᱱᱩ ᱱᱟᱥᱟᱣ ᱠᱚ ᱨᱮᱭᱟᱜ ᱵᱟᱹᱲᱤᱡ ᱵᱮᱣᱦᱟᱨ ᱟᱨ ᱵᱟᱹᱲᱛᱤ ᱵᱮᱣᱦᱟᱨ ᱫᱚ ᱱᱚᱣᱟ ᱦᱚᱨᱟᱭ ᱛᱚᱨᱟᱣ ᱮᱫᱟ ᱾"
1279,यह योजना सरकार और दूसरे क्षेत्रों में मुख्य सूलीदारों के सम्बन्ध में एक निर्देशांक और सहयोग देनेवाली योजना स्थापित करती है ।,ᱠᱟᱹᱨᱤᱭᱟᱱᱟᱜ ᱯᱟᱱᱛᱷᱟ ᱫᱚ ᱢᱤᱫ ᱡᱩᱢᱤᱫ ᱟᱨ ᱜᱚᱲᱚᱣᱟᱱ ᱳᱣᱟᱱ ᱦᱮᱞᱛᱷ ᱯᱟᱱᱛᱦᱟᱭ ᱜᱚᱴᱟᱭᱟ ᱡᱟᱸᱦᱟ ᱫᱚ ᱥᱚᱨᱠᱟᱨ ᱟᱨ ᱮᱴᱟᱜ ᱥᱮᱠᱴᱚᱨ ᱠᱚ ᱨᱮᱭᱟᱜ ᱢᱩᱲᱩᱫ ᱥᱴᱮᱠᱦᱳᱞᱰᱟᱨ ᱥᱟᱶᱛᱮ ᱡᱚᱲᱟᱣ ᱛᱟᱸᱦᱮᱱᱟ ᱾
1280,ओपीडी में मरीज़ों की उपस्थिति और संस्थान के ईपीडी की महत्वपूर्ण वृद्धि हुई है ।,ᱜᱚᱱᱚᱴᱷᱚᱱ ᱨᱮᱭᱟᱜ ᱳᱯᱤᱰᱤ ᱟᱨ ᱟᱭᱯᱤᱰᱤ ᱨᱮ ᱨᱩᱜᱤ ᱠᱚ ᱡᱟᱣᱜᱮ ᱠᱚ ᱵᱟᱹᱲᱛᱤᱜ ᱠᱟᱱᱟ ᱾
1281,वहाँ एक स्थायी पहलू है.,ᱢᱤᱫᱴᱟᱝ ᱢᱮᱰᱤᱠᱳᱼᱟᱹᱱ ᱦᱚᱨᱟ ᱢᱮᱱᱟᱜᱼᱟ ᱾
1282,"जबकि अलग - अलग देशों में अलग - अलग किस्म के गुण अलग - अलग होते हैं, लगभग सभी में, मानव संसाधनों की मौजूदगी, दवाओं की सप्लाई, और रिकॉर्डों को हानि पहुँचानेवाली बात पायी जाती थी ।","ᱛᱤᱱᱨᱮ ᱜᱚᱴᱟ ᱨᱟᱡ ᱵᱮᱲᱦᱟᱭ ᱛᱮ ᱢᱟᱹᱱ ᱫᱚ ᱡᱩᱫᱟᱹ ᱡᱩᱫᱟᱹᱜ ᱠᱟᱱᱟ, ᱡᱚᱛᱚ ᱨᱟᱡ ᱨᱮᱞᱮᱠᱟᱜᱤ, ᱵᱮᱱᱟᱣᱠᱟᱹᱨᱤ ᱨᱮᱭᱟᱜ ᱢᱟᱹᱱ, ᱦᱚᱲᱼᱢᱟᱹᱱᱢᱤ ᱠᱩᱣᱟᱜ ᱦᱟᱹᱡᱤᱨᱛᱮᱫ, ᱨᱟᱱ ᱠᱩ ᱨᱮᱭᱟᱜ ᱥᱟᱨᱵᱷᱟᱨ ᱟᱨ ᱨᱮᱠᱚᱨᱰ ᱫᱚ ᱵᱟᱝ ᱠᱩᱥᱤᱜ ᱞᱮᱠᱟ ᱧᱟᱢᱟᱠᱟᱱᱟ ᱾"
1283,स्वास्थ्य रिपोर्ट बनाने के लिए कोई जेनेरिक रूपरेखा नहीं है।,ᱦᱚᱲᱢᱚ ᱥᱟᱶᱟᱨ ᱨᱮᱛᱮᱫ ᱪᱮᱫ ᱞᱮᱠᱟᱛᱮ ᱵᱮᱱᱟᱣ ᱦᱩᱭᱩᱜ ᱟ ᱚᱱᱟ ᱨᱮᱭᱟᱜ ᱡᱟᱸᱦᱟᱱ ᱡᱮᱱᱮᱨᱤᱠ ᱵᱞᱩᱯᱨᱤᱱᱴ ᱵᱟᱹᱱᱩᱜ ᱟ ᱾
1284,"""एन. ए. ए. ए. ए. ए. ए. ए. ए.",ᱱᱮᱥᱚᱱᱟᱞ ᱨᱩᱨᱟᱞ ᱦᱮᱞᱛᱷ ᱢᱤᱥᱚᱱ (ᱮᱱᱟᱨᱮᱭᱤᱡᱮᱢ) ᱞᱮᱠᱟᱱ ᱯᱨᱳᱜᱨᱟᱢ ᱦᱚᱛᱮᱛᱮ ᱜᱳᱴᱟ ᱵᱷᱟᱨᱚᱛᱨᱮ ᱵᱟᱭᱚᱼᱴᱤᱠᱤᱪᱪᱷᱟ ᱥᱩᱵᱤᱫᱷᱟ ᱥᱟᱶ ᱟᱭᱩᱨᱵᱮᱫ ᱛᱟᱞᱢᱟᱠᱩ ᱥᱟᱶ ᱛᱷᱟᱯᱚᱱ ᱨᱮᱭᱟᱜ ᱠᱩᱨᱩᱢᱩᱴᱩᱠᱩ ᱫᱚ ᱮᱠᱮᱱ ᱵᱟᱭᱚᱼᱢᱮᱰᱤᱥᱤᱱ ᱟᱨ ᱟᱭᱩᱨᱵᱮᱫ ᱠᱩ ᱢᱩᱫᱨᱮ ᱦᱚᱲᱢᱚ ᱛᱮᱱᱟᱜ ᱥᱩᱯᱩᱨᱟᱱ ᱥᱤᱢᱟᱹ ᱢᱩᱫᱨᱮ ᱥᱤᱢᱤᱛᱟᱠᱟᱱᱟ ᱟᱨ ᱠᱟᱹᱢᱤᱭᱟᱱ ᱢᱤᱫᱴᱷᱮᱡᱚᱜᱟᱱ ᱦᱩᱭ ᱫᱟᱲᱮᱭᱟᱜ ᱠᱷᱚᱱ ᱟᱭᱢᱟ ᱥᱟᱹᱧᱜᱤᱧ ᱨᱮ ᱢᱤᱫ ᱥᱟᱶᱛᱮ ᱠᱞᱤᱱᱤᱠᱮᱞ ᱡᱚᱛᱱᱟᱣ ᱥᱟᱨᱵᱷᱟᱨ ᱨᱮᱭᱟᱜ ᱛᱷᱟᱹᱨ ᱠᱟᱱᱟ ᱾
1285,"यदि जानवर दूसरे जानवरों से दूर रहता है, तो यह सूचित करता है कि उसे कुछ स्वास्थ्य समस्या है ।",ᱡᱩᱫᱤ ᱡᱤᱭᱟᱹᱞᱤ ᱫᱚ ᱜᱟᱫᱮᱞ ᱨᱮ ᱮᱴᱟᱜ ᱡᱤᱭᱟᱹᱞᱤ ᱠᱷᱚᱱ ᱥᱟᱹᱝᱜᱤᱧ ᱨᱮᱭ ᱛᱟᱦᱮᱸᱞᱮᱱᱠᱷᱟᱱ ᱱᱤᱭᱟᱹᱭ ᱵᱩᱡᱷᱟᱹᱣ ᱩᱪᱩᱭᱟ ᱡᱮ ᱩᱱᱤᱭᱟᱜ ᱠᱤᱪᱷᱤ ᱦᱚᱲᱢᱚ ᱥᱟᱸᱣᱟᱸᱨ ᱟᱱᱟᱴ ᱢᱮᱱᱟᱜ ᱛᱟᱭᱟ ᱾
1286,डॉक्टर मुझे बार - बार उसके पास जाने नहीं देते थे ।,ᱢᱮᱰᱤᱠᱮᱞ ᱚᱯᱷᱤᱥᱟᱨ ᱫᱚ ᱩᱱᱤ ᱴᱷᱮᱱ ᱫᱚᱦᱲᱟ ᱛᱮ ᱵᱟᱭ ᱪᱟᱞᱟᱣ ᱩᱪᱩᱣᱟᱹᱫᱤᱧᱟ ᱟᱨ ᱚᱱᱟ ᱵᱮᱜᱚᱨ ᱡᱳᱨ ᱠᱟᱛᱮ ᱢᱤᱫ ᱦᱚᱲ ᱤᱱᱥᱯᱮᱠᱴᱚᱨᱮ ᱤᱧ ᱴᱷᱮᱱᱮ ᱠᱩᱞ ᱠᱤᱫᱤᱭᱟ ᱾
1287,"इसके अलावा, ज़्यादातर जगहों पर और तेज़ खाना पकाने के लिए खनिजों का इस्तेमाल किया जाता है ।",ᱴᱨᱟᱱᱥ ᱯᱷᱮᱴ ᱫᱚ ᱵᱟᱹᱱᱤᱡ ᱟᱱᱟᱜ ᱥᱮᱠᱟᱣ ᱤᱥᱤᱱᱟᱜ ᱫᱩᱨᱤᱵ ᱠᱚ ᱟᱨ ᱟᱹᱰᱤᱜᱟᱱ ᱡᱚᱢ ᱡᱤᱨᱟᱹᱣ ᱚᱲᱟᱜ ᱨᱮ ᱟᱨ ᱯᱷᱟᱥᱴ ᱯᱷᱩᱰ ᱤᱥᱤᱱᱟᱜ ᱠᱚᱨᱮ ᱦᱟᱭᱰᱨᱳᱡᱮᱱ ᱢᱮᱥᱟ ᱠᱟᱛᱮᱜ ᱵᱮᱱᱟᱜᱼᱟ ᱾
1288,अटे हुए वसा ऐसे वसा हैं जो कमरे के तापमान में द्रव होते हैं ।,ᱵᱮᱜᱚᱨ ᱜᱟᱞᱟᱜ ᱞᱮᱠᱟᱱ ᱦᱚᱨᱛᱟ ᱫᱚ ᱚᱱᱟ ᱠᱚ ᱠᱟᱱᱟ ᱡᱟᱸᱦᱟ ᱫᱚ ᱚᱲᱟᱜ ᱨᱮᱭᱟᱜ ᱞᱚᱞᱚᱥᱚᱝ ᱛᱮ ᱞᱮᱦᱮᱨ ᱜᱮ ᱛᱟᱸᱦᱮᱱᱟ ᱾
1289,"किन लोगों की ज़िम्मेदारी बनती है कि वे भेदभाव न करें और भेदभाव न करें, अधिकार का गलत इस्तेमाल करें?","ᱰᱟᱵᱞᱩᱮᱭᱤᱪᱳ ᱫᱚ ᱡᱟᱸᱜᱮ ᱟᱨ ᱵᱚᱨᱱᱚ ᱵᱷᱮᱯᱮᱜᱮᱫ ᱨᱮ ᱨᱚᱲ ᱨᱩᱣᱟᱹᱲ, ᱟᱹᱭᱫᱟᱹᱨ ᱨᱮᱭᱟᱜ ᱵᱟᱹᱲᱤᱡ ᱵᱮᱣᱦᱟᱨ, ᱟᱨ ᱥᱟᱛᱟᱣ, ᱡᱳᱣᱱᱚ ᱦᱚᱭᱱᱟᱨᱤ (ᱢᱤᱫᱴᱮ ᱵᱟᱝ ᱜᱟᱱᱚᱜ ᱞᱮᱠᱟᱱ ᱵᱮᱣᱦᱟᱨ ᱞᱮᱠᱟᱛᱮ ᱥᱚᱫᱚᱨ ᱦᱩᱭᱩᱜ ᱟ) ᱠᱟᱹᱢᱤ ᱴᱷᱟᱣ ᱥᱮ ᱠᱟᱹᱢᱤ ᱥᱟᱶᱛᱮ ᱡᱚᱯᱲᱟᱣ ᱥᱟᱱᱟᱢ ᱨᱮᱭᱟᱜ ᱟᱸᱜᱤᱵᱷᱟᱨᱮ ᱦᱟᱛᱟᱣᱼᱟ ᱾"
1290,नुकसान क्या है?,ᱪᱮᱫ ᱠᱷᱩᱛᱤ ?
1291,तीसरे स्तर का उद्देश्य है मौजूद होना और परिणाम बताना ताकि निर्णय लेने का समर्थन हो सके.,ᱛᱮᱥᱟᱨ ᱛᱷᱚᱠ ᱨᱮᱭᱟᱜ ᱡᱚᱥ ᱫᱚ ᱦᱩᱭᱩᱜ ᱠᱟᱱᱟ ᱚᱨᱡᱚ ᱠᱚ ᱱᱚᱝᱠᱟ ᱞᱮᱠᱟᱛᱮ ᱥᱟᱢᱟᱝ ᱥᱚᱫᱚᱨ ᱟᱨ ᱡᱳᱜᱟᱡᱳᱜ ᱦᱩᱭᱩᱜ ᱟ ᱡᱟᱸᱦᱟ ᱫᱚ ᱠᱟᱛᱷᱟ ᱜᱚᱴᱟᱭ ᱨᱮ ᱜᱚᱲᱚᱭ ᱮᱢᱚᱜᱼᱟ ᱾
1292,"योगा का दो अर्थ है; पहला कारण मूल यूजीर या संघ से आता है, और दूसरा एक भिन्‍न मूल मूल अंश से मिला है, जिसका अर्थ है समुएली; मन की सर्वोच्च स्थिति ।","ᱡᱚᱜᱟ ᱟᱹᱲᱟᱹ ᱨᱮᱭᱟᱜ ᱵᱟᱨᱭᱟ ᱢᱮᱱᱮᱫ ᱢᱮᱱᱟᱜ ᱟ; ᱯᱳᱭᱞᱳ ᱟᱜ ᱫᱚ ᱭᱩᱡᱤᱨ ᱤᱭᱩᱱᱤᱭᱚᱱ ᱠᱷᱚᱱ ᱦᱮᱡ ᱟᱠᱟᱱᱟ, ᱟᱨ ᱫᱚᱥᱟᱨᱟᱜ ᱫᱚ ᱮᱴᱟᱜ ᱢᱩᱞ ᱤᱩᱡᱟ ᱠᱷᱚᱱ ᱦᱮᱡ ᱟᱠᱟᱱᱟ, ᱡᱟᱸᱦᱟ ᱨᱮᱭᱟᱜ ᱢᱮᱱᱮᱫ ᱫᱚ ᱛᱚᱯᱟ; ᱢᱚᱱᱮ ᱨᱮᱭᱟᱜ ᱪᱮᱛᱟᱱ ᱩᱛᱟᱹᱨ ᱦᱟᱞᱚᱛ ᱟᱨ ᱥᱚᱨᱮᱥ ᱜᱮᱭᱟᱱ ᱾"
1293,रेडियो के परमाणु गुण और साथ ही औषधीय गुण भी विकसित करते हैं कि वे अपनी कुशलता या कैंचिक संस्था के रूप में प्रभावकारी रूप से दिखाने के लिए इसका इस्तेमाल करें ।,ᱨᱮᱰᱤᱭᱳᱯᱷᱟᱨᱢᱟᱥᱤᱭᱩᱴᱤᱠᱮᱞ ᱥᱟᱶ ᱨᱮᱰᱤᱭᱳᱱᱤᱭᱩᱠᱞᱟᱭᱤᱰ ᱨᱮᱭᱟᱜ ᱯᱟᱨᱚᱢᱟᱱᱚᱵᱤᱠ ᱩᱨᱜᱟᱹᱱ ᱟᱰᱮᱯᱟᱥᱮ ᱯᱷᱟᱨᱢᱟᱥᱤᱭᱩᱴᱤᱠᱮᱞ ᱨᱮᱭᱟᱜ ᱯᱷᱟᱨᱢᱟᱠᱳᱞᱚᱡᱤᱠᱮᱞ ᱩᱨᱜᱟᱹᱱᱠᱩ ᱰᱟᱭᱟᱜᱱᱚᱥᱴᱤᱠ ᱥᱮ ᱛᱷᱮᱨᱟᱯᱤᱭᱩᱴᱤᱠ ᱮᱡᱮᱱᱴ ᱞᱮᱠᱟᱛᱮ ᱩᱝᱠᱩᱣᱟᱜ ᱠᱟᱹᱢᱤᱦᱚᱨᱟ ᱩᱫᱩᱜ ᱞᱟᱹᱜᱤᱫᱠᱩ ᱵᱟᱹᱦᱞᱤᱭᱟᱠᱟᱱᱟ ᱾
1294,"इस शब्द का अर्थ है, ""हरिहर"" १९८९ की एक रिपोर्ट में संयुक्‍त राज्य की सरकार के लिए, जो पर्यावरण पर्यावरणवादीओं के एक समूह द्वारा संयुक्‍त राज्य की सरकार के लिए पहली रिपोर्ट थी, एक हरे दर्जे के लिए ब्लू प्रिंट का प्रतिनिधित्व करता है ।",'ᱜᱨᱤᱱ ᱤᱠᱳᱱᱚᱢᱤ'' ᱟᱹᱲᱟᱹ ᱫᱚ ᱯᱳᱭᱞᱳ ᱑᱙᱘᱙ ᱥᱟᱹᱦᱤᱛᱨᱮ ᱡᱩᱠᱛᱚ ᱨᱟᱡᱡᱚ ᱥᱚᱨᱠᱟᱨᱟᱜ ᱢᱤᱫ ᱨᱮᱛᱮᱫ ᱨᱮ ᱢᱤᱫ ᱜᱨᱤᱱ ᱤᱠᱳᱱᱚᱢᱤ ᱞᱟᱹᱜᱤᱫ ᱵᱞᱩᱯᱨᱤᱱᱴ ᱥᱤᱨᱟᱹ ᱧᱩᱛᱩᱢ ᱨᱮᱭᱟᱜ ᱟᱹᱭᱩᱨᱛᱮ ᱞᱟᱭᱚᱝᱟᱹᱨᱤ ᱠᱟᱹᱣᱰᱤᱜᱟᱹᱠᱷᱩᱲᱤᱭᱟᱹ ᱠᱚᱣᱟ ᱢᱤᱫ ᱜᱟᱫᱮᱞ ᱦᱚᱛᱮᱛᱮ ᱵᱮᱱᱟᱣ ᱞᱮᱱᱟ ᱾
1295,साग्वा के फलों से बनाया हुआ एक सफेद दाखमधु Augargagalalthh से आता है और Luuuu-Suuuuuuuuuuuuu के द्वारा बनाया जाता है और हाँ.,ᱱᱟᱨᱟ ᱟᱵᱟ ᱧᱩᱛᱩᱢᱟᱱ ᱠᱤᱣᱭᱤ ᱡᱚ ᱠᱷᱚᱱ ᱵᱮᱱᱟᱣᱚᱜ ᱢᱤᱫ ᱯᱩᱸᱰ ᱳᱣᱭᱟᱭᱤᱱ ᱚᱨᱩᱱᱟᱪᱚᱞ ᱯᱨᱚᱫᱮᱥ ᱠᱷᱚᱱ ᱦᱤᱡᱩᱜ ᱟ ᱟᱨ ᱞᱟᱢᱵᱩᱼᱥᱩᱵᱩ ᱡᱚᱢᱟᱜ ᱟᱨ ᱞᱟᱛᱟᱨ ᱥᱩᱵᱟᱱᱥᱤᱨᱤ ᱦᱚᱱᱚᱛ ᱨᱮᱭᱟᱜ ᱦᱚᱝ ᱟᱛᱩ ᱨᱮᱭᱟᱜ ᱫᱟᱜ ᱛᱮ ᱵᱮᱱᱟᱜ ᱟ ᱾
1296,ऊंचाई को घटाने के लिए रिलीज बटन को नीचे ले जाने के लिए दबाएँ.,"ᱩᱥᱩᱞ ᱠᱚᱢ ᱞᱟᱹᱜᱤᱫ, ᱞᱟᱛᱟᱨ ᱥᱮᱡ ᱟᱲᱜᱳ ᱞᱟᱹᱜᱤᱫ ᱨᱤᱞᱤᱡ ᱵᱚᱛᱟᱢ ᱚᱛᱟᱭ ᱢᱮ ᱾"
1297,"इसके बजाय, वे आम तौर पर इन्हें आसानी से समझ पाते हैं, मगर उनकी फसल (कुल मात्रा या बायोस) कम होती जाती है ।","ᱦᱟᱨᱟᱜ ᱨᱮᱭᱟᱜ ᱮᱛᱚᱦᱚᱵ ᱫᱷᱟᱯᱨᱮ ᱡᱤᱭᱟᱹᱞᱤ ᱡᱚᱢᱟᱜ ᱯᱷᱚᱞᱚᱱ ᱠᱚᱨᱮ ᱡᱟᱹᱥᱛᱤ ᱯᱨᱳᱴᱤᱱ ᱩᱯᱟᱫᱟᱱ ᱛᱟᱸᱦᱮᱱᱟ ᱟᱨ ᱟᱞᱜᱟᱛᱮ ᱦᱟᱡᱟᱢᱚᱜᱼᱟ, ᱢᱮᱱᱠᱷᱟᱱ ᱩᱱᱠᱩᱣᱟᱜ ᱯᱷᱚᱞᱚᱱ ᱫᱚ (ᱜᱩᱴ ᱥᱟᱛᱟᱦᱚᱵ ᱥᱮ ᱡᱤᱭᱟᱹᱞᱤ ᱫᱩᱨᱤᱵ) ᱠᱚᱢᱚᱜ ᱟ ᱾"
1298,यह एक ऐसा पेशा है जिसे हासिल करने का जुनून सवार है और जो पूरे विश्‍वास और संकल्प से भरा है ।,"ᱵᱤᱰᱟᱹᱣᱟᱱᱟᱜ ᱟᱭᱰᱤᱭᱟ ᱠᱩ ᱞᱟᱹᱜᱤᱫ ᱟᱵᱮᱜᱛᱮ ᱥᱟᱡᱟᱣᱟᱠᱟᱱ ᱟᱨ ᱱᱤᱡᱟᱹ ᱯᱟᱹᱛᱭᱟᱹᱣ ᱟᱨ ᱢᱚᱱᱮ ᱜᱚᱴᱟᱭ ᱦᱚᱛᱮᱛᱮ ᱵᱮᱱᱟᱣᱟᱠᱟᱱᱟ, ᱩᱠᱷᱨᱩᱞ ᱠᱷᱚᱱ ᱡᱟᱱᱚᱨᱤᱱ ᱫᱚ ᱢᱤᱫᱴᱟᱝ ᱫᱤᱱᱟᱹᱢ ᱨᱮᱱ ᱩᱫᱫᱳᱜᱛᱟ ᱫᱚᱭ ᱵᱟᱝ ᱠᱟᱱᱟ ᱾"
1299,"मूल रूप से, इसमें बायोग्रेस की पीढ़ी सम्मिलित है जो कि जटिल परिवर्तन, रासायनिक परिवर्तन, और जैविक परिवर्तन जैसे विविध तरीकों से ऊर्जा- विभिन्न तरीकों में रूपांतरित किया जा सकता है।","ᱢᱩᱰᱩᱛᱞᱮᱠᱟᱛᱮ, ᱱᱤᱭᱟᱹ ᱫᱚ ᱡᱤᱵᱤᱭᱟᱹ ᱵᱚᱸᱥ ᱥᱟᱶ ᱡᱚᱯᱚᱲᱟᱣᱟᱠᱟᱱ ᱡᱟᱦᱟᱸ ᱫᱚ ᱮᱴᱟᱜ ᱮᱴᱟᱜ ᱦᱚᱨᱟ ᱨᱮ ᱫᱩᱨᱤᱵ ᱠᱩ ᱥᱟᱶ ᱢᱮᱱᱟᱜ ᱥᱩᱵᱤᱫᱷᱟ ᱮᱱᱟᱨᱡᱤ ᱨᱮᱭ ᱯᱷᱮᱨᱟᱣ ᱫᱟᱲᱮᱭᱟᱜᱼᱟ, ᱫᱟᱹᱭᱠᱟᱹ ᱞᱮᱠᱟᱛᱮ ᱛᱷᱟᱨᱢᱟᱞ ᱟᱹᱨᱩ ᱯᱷᱮᱨᱟᱣ, ᱨᱟᱥᱟᱭᱱᱤᱠ ᱟᱹᱨᱩ ᱯᱷᱮᱨᱟᱣ ᱟᱨ ᱡᱤᱵᱤᱭᱟᱹ ᱨᱟᱥᱟᱭᱱᱤᱠ ᱟᱹᱨᱩ ᱯᱷᱮᱨᱟᱣ ᱾"
1300,"ये जैविक प्रक्रियाओं से उत्पन्‍न होते हैं, जैसे कि कोयले और पैंक्रियाम जैसी ऊर्जा से उत्पन्‍न होते हैं ।",ᱱᱚᱶᱟ ᱠᱚᱫᱚ ᱡᱤᱵᱤᱭᱟᱹ ᱦᱚᱨᱟ ᱫᱟᱨᱟᱭᱛᱮ ᱧᱟᱢᱚᱜᱼᱟ ᱵᱚᱨᱚᱝ ᱱᱚᱣᱟ ᱫᱚ ᱠᱚᱭᱞᱟ ᱟᱨ ᱯᱮᱴᱨᱳᱞᱤᱭᱟᱢ ᱞᱮᱠᱟ ᱞᱟᱛᱟᱨ ᱚᱛ ᱦᱚᱨᱟ ᱫᱟᱨᱟᱭᱛᱮ ᱧᱨᱡᱟᱜ ᱡᱩᱞᱟᱜ ᱠᱚ ᱵᱚᱫᱚᱞᱛᱮ ᱡᱤᱵᱤᱭᱟᱹ ᱦᱚᱨᱟ ᱛᱟᱞᱟᱛᱮ ᱧᱟᱢᱚᱜᱼᱟ ᱾
1301,विकास और पर्यावरण सुरक्षा (डी. ए.) के आधुनिक विस्तार (EEEEP) संस्था ने विकसित किया जो जीव - विज्ञानीों को ५०% द्वारा लकड़ी के सेवन को कम करने के लिए प्रयोग करते हैं ।,ᱰᱤᱤᱤᱯᱤ ᱱᱟᱦᱟᱜ ᱪᱩᱞᱦᱟ ᱥᱳᱥᱟᱭᱴᱤ ᱚᱯᱷ ᱰᱮᱵᱷᱮᱞᱚᱯᱢᱮᱱᱴ ᱮᱱᱰ ᱮᱱᱵᱷᱟᱭᱨᱚᱱᱢᱮᱱᱴ ᱯᱨᱳᱴᱮᱠᱥᱚᱱ (ᱰᱤᱤᱤᱯᱤ) ᱫᱚ ᱱᱟᱦᱟᱜ ᱰᱤᱤᱤᱯᱤ ᱪᱩᱞᱟᱭ ᱵᱮᱱᱟᱣ ᱟᱠᱟᱫᱟ ᱡᱟᱸᱦᱟ ᱫᱚ ᱠᱟᱴ ᱨᱮᱭᱟᱜ ᱵᱮᱣᱦᱟᱨ ᱕᱐% ᱠᱚᱢ ᱞᱟᱹᱜᱤᱫ ᱵᱟᱭᱳᱢᱟᱥᱮ ᱵᱮᱣᱦᱟᱨᱼᱟ ᱾
1302,"सन्‌ 2020 तक, सन्‌ 1997 में, आदिवासी जाति के लोगों को अपनी भाषा में जानकारी देने के लिए कहा गया था ।",᱑᱙᱗ ᱨᱮᱭᱟᱜ ᱜᱮᱡᱮᱴ ᱧᱮᱛᱮᱞᱟᱱᱟᱜ ᱨᱮ ᱧᱮᱛᱮᱞᱟᱠᱟᱱᱟ ᱟᱹᱫᱤᱢ ᱦᱚᱲᱟᱜ ᱵᱚᱸᱥ ᱵᱟᱲᱦᱟᱣ ᱫᱚ ᱒᱐᱒᱐ ᱨᱮ ᱦᱩᱭᱞᱮᱱᱟ ᱾
1303,एनबीट ग्रीन समाधान आधार (जीएसएफ) ने गाँवों और जेलों में साफ सफाई के लिए एक बायोटिक समाधान बनाया है कि अंतरिक्ष व्यवस्था की कमी है।,ᱮᱱᱵᱟᱭᱳᱞᱮᱴ ᱜᱨᱤᱱ ᱥᱚᱞᱤᱩᱥᱚᱱ ᱯᱷᱟᱣᱩᱱᱰᱮᱥᱚᱱ ᱫᱚ ᱢᱤᱫ ᱵᱟᱭᱳᱼᱴᱚᱭᱞᱮᱴ ᱥᱚᱞᱦᱟᱭ ᱵᱮᱱᱟᱣ ᱟᱠᱟᱫᱟ ᱟᱛᱩ ᱟᱨ ᱵᱚᱥᱛᱤ ᱠᱚᱨᱮ ᱥᱟᱶᱟᱨᱼᱟᱱ ᱥᱮᱱᱤᱴᱮᱥᱚᱱ ᱞᱟᱹᱜᱤᱫ ᱡᱟᱸᱦᱟᱨᱮ ᱞᱮᱴ ᱱᱟᱞᱟ ᱵᱮᱵᱚᱥᱛᱟ ᱵᱟᱹᱱᱩᱜᱼᱟ ᱾
1304,मैं कार में 30 किस्म के खेत बनाने का लक्ष्य रखा गया है और हर साल सन्‌ 2024 तक लोगों की अलग - अलग फसलें खड़ी की जाती हैं ।,ᱟᱭᱪᱤᱮᱟᱨ ᱫᱚ ᱵᱟᱹᱱᱤᱡ ᱟᱹᱜᱩ ᱵᱚᱫᱚᱞ ᱛᱮ ᱒᱐᱒᱔ ᱥᱟᱹᱦᱤᱛ ᱢᱩᱫᱨᱮ ᱓᱐ ᱞᱮᱠᱟᱱᱟᱜ ᱠᱟᱹᱢᱤᱦᱚᱨᱟ ᱞᱮᱜ ᱞᱮᱠᱟᱱᱟᱜ ᱢᱟᱴ ᱟᱨ ᱵᱟᱜᱣᱟᱱ ᱯᱷᱚᱥᱚᱞ ᱠᱚ ᱩᱛᱷᱱᱟᱹᱣ ᱨᱮᱭᱟᱜ ᱡᱚᱥ ᱮ ᱦᱟᱛᱟᱣ ᱟᱠᱟᱫᱟ
1305,सन्‌ 1970 के दशक में एक और परमाणु विज्ञान में रेडियोसिस और अधिक शोध की एक बढ़ती माँग को देखा गया ।,"ᱨᱮᱰᱤᱳᱟᱭᱥᱳᱴᱳᱯ ᱠᱚ ᱨᱮᱭᱟᱜ ᱨᱟᱠᱟᱵ ᱤᱫᱤ ᱪᱟᱹᱦᱤᱫᱟ ᱟᱨ ᱯᱟᱨᱚᱢᱟᱱᱚᱵᱤᱠ ᱥᱟᱸᱲᱮᱥ ᱨᱮ ᱩᱛᱷᱱᱟᱹᱣᱟᱱ ᱠᱷᱚᱸᱫᱨᱚᱸᱫ, ᱛᱩᱞᱟᱹᱡᱚᱠᱷᱟ ᱞᱮᱠᱟᱛᱮ ᱪᱮᱴᱟᱱᱟᱱ ᱱᱤᱣᱩᱴᱨᱚᱱ ᱯᱷᱞᱟᱠᱥ ᱥᱟᱶᱛᱮ ᱟᱢ ᱢᱤᱫᱴᱟᱝ ᱪᱩᱞᱞᱤ ᱨᱮᱭᱟᱜ ᱞᱟᱹᱠᱛᱤ ᱑᱙᱗᱐ ᱜᱮᱞᱟᱝ ᱨᱮ ᱟᱹᱭᱠᱟᱹᱣ ᱞᱮᱱᱟ, ᱡᱟᱸᱦᱟ ᱫᱚ ᱢᱩᱪᱟᱹᱫ ᱦᱟᱹᱵᱤᱡ ᱵᱤᱮᱟᱨᱥᱤ, ᱴᱨᱚᱢᱵᱮ ᱨᱮ ᱟᱨᱼ᱕ ᱪᱩᱞᱦᱟᱹ (ᱛᱟᱭᱚᱢᱛᱮ ᱧᱩᱛᱩᱢ ᱵᱚᱫᱚᱞ ᱠᱟᱛᱮᱜ ᱫᱷᱨᱩᱵᱚ ᱪᱩᱞᱞᱤ) ᱵᱮᱱᱟᱣ ᱟᱨ ᱪᱟᱹᱞᱩ ᱞᱮᱱᱟ ᱾"
1306,इन्हें दोबारा बनाने के दौरान जोड़ा जाता है ।,"ᱮᱭᱤᱪᱮᱞᱮᱞᱰᱚᱞᱩᱼᱨᱮ ᱯᱷᱤᱥᱚᱱ ᱯᱨᱳᱰᱟᱠᱴ, ᱦᱩᱰᱤᱧ ᱮᱠᱴᱤᱱᱟᱭᱤᱰ, ᱤᱩᱨᱮᱱᱤᱭᱟᱢ ᱟᱨ ᱯᱞᱩᱴᱳᱱᱤᱭᱟᱢ ᱨᱮᱭᱟᱜ ᱪᱤᱱᱦᱟᱹ, ᱠᱷᱚᱭᱚᱜ ᱞᱮᱠᱟᱱ ᱫᱩᱨᱤᱵ ᱟᱨ ᱫᱚᱲᱦᱟ ᱦᱚᱨᱟᱭ ᱚᱠᱛᱚ ᱥᱮᱞᱮᱫᱚᱜ ᱠᱟᱱ ᱨᱟᱥᱟᱭᱚᱱᱤᱠ ᱢᱮᱱᱟᱜᱼᱟ ᱾"
1307,"HLW एक पैनी काँच (विद्विष्ट) लकड़ी में कुछ दशकों के लिए जमा है, और फिर एक गहरी भण्डार में रहने की योजना बनाई है.","ᱮᱭᱤᱪᱮᱞᱮᱞᱰᱚᱵᱞᱩ ᱫᱚ ᱢᱤᱫ ᱚᱪᱚᱞ ᱠᱟᱸᱪ (ᱵᱷᱤᱴᱨᱤᱭᱟᱥ) ᱢᱮᱴᱨᱤᱠᱥᱨᱮ ᱛᱟᱸᱦᱮᱱᱟ, ᱠᱚᱭᱮᱠ ᱜᱮᱞᱟᱝ ᱦᱟᱹᱵᱤᱡ ᱢᱤᱫ ᱮᱭᱟᱨᱼᱠᱩᱞᱟᱨ ᱵᱷᱚᱞᱴᱨᱮ ᱨᱟᱠᱷᱟ ᱫᱚᱦᱚ ᱛᱟᱸᱦᱮᱱᱟ ᱟᱨ ᱤᱱᱟᱹ ᱛᱟᱭᱚᱢ ᱢᱤᱫ ᱜᱟᱹᱦᱤᱨ ᱵᱦᱟᱱᱰᱟᱨ ᱨᱮ ᱵᱚᱱᱫᱮᱡ ᱨᱮᱭᱟᱜ ᱯᱟᱱᱛᱷᱟᱭ ᱠᱚᱨᱟᱣ ᱦᱩᱭ ᱟᱠᱟᱱᱟ ᱾"
1308,"जर्सी गायों को दूध मिलता है जिसमें करीब 5 प्रतिशत वसा होती है, जबकि हो सकता है कि होलैंड के दूध में 3.5 प्रतिशत वसा होती है ।","ᱡᱟᱹᱨᱥᱤ ᱜᱟᱹᱭ ᱫᱚ ᱕ ᱯᱟᱨᱥᱮᱱᱴ ᱞᱮᱠᱟ ᱯᱷᱮᱴ ᱩᱯᱟᱹᱫᱟᱱ ᱢᱮᱱᱟᱜ ᱛᱚᱣᱟ ᱠᱩ ᱮᱢᱚᱜᱼᱟ, ᱡᱟᱦᱟᱸ ᱨᱮ ᱦᱳᱞᱥᱴᱮᱭᱤᱱᱼᱯᱷᱨᱟᱭᱮᱥᱤᱭᱟᱱ ᱠᱩ ᱫᱳ ᱓ᱹ᱕ ᱯᱟᱨᱥᱮᱱᱴ ᱞᱮᱠᱟ ᱯᱷᱮᱴ ᱩᱯᱟᱹᱫᱟᱱ ᱢᱮᱱᱟᱜ ᱛᱚᱣᱟ ᱠᱩ ᱮᱢᱚᱜ ᱠᱟᱱᱟ ᱾"
1309,"इंसान की सुरक्षा खास तौर पर सभी लोगों की सेहत, साफ - सफाई और वातावरण पर टिकी है ।","ᱦᱚᱲ ᱠᱚᱣᱟᱜ ᱨᱩᱠᱷᱤᱭᱟᱹᱣ ᱫᱚ ᱢᱩᱲᱩᱫ ᱞᱮᱠᱟᱛᱮ ᱠᱤᱨᱤᱧᱤᱭᱟᱹ, ᱠᱟᱹᱢᱤᱭᱟᱹ ᱟᱨ ᱵᱮᱵᱚᱥᱛᱟ ᱥᱟᱶᱛᱮ ᱥᱟᱱᱟᱢ ᱦᱚᱲ ᱠᱚᱣᱟᱜ ᱥᱟᱶᱟᱨ,ᱥᱟᱯᱟᱥᱟᱹᱯᱤ ᱟᱨ ᱞᱟᱭᱚᱝ ᱪᱮᱛᱟᱱ ᱢᱮᱫ ᱮ ᱛᱚᱞᱟ ᱾"
1310,"जबकि कोसियम को दूसरे चक्र में ठीक करने का उद्देश्य है, Stinitheritheritheride साथ मिलकर HLW से तीसरा चक्र में हासिल किया जाता है.","ᱡᱚᱠᱷᱚᱱ ᱫᱚᱥᱟᱨ ᱢᱟᱰᱮᱸᱨ ᱨᱮ ᱥᱤᱡᱤᱭᱟᱢ ᱫᱚᱲᱦᱟ ᱵᱟᱧᱪᱟᱣ ᱡᱚᱥ ᱦᱩᱭᱩᱜ ᱨᱮᱦᱚᱸ, ᱮᱭᱤᱪᱮᱞᱮᱞᱰᱚᱵᱞᱩ ᱠᱷᱚᱱ ᱛᱮᱥᱟᱨ ᱢᱟᱸᱰᱮᱨ ᱨᱮ ᱥᱴᱨᱚᱱᱤᱭᱟᱢᱼᱮᱠᱴᱤᱱᱟᱭᱤᱰᱼᱞᱮᱱᱛᱷᱟᱱᱟᱭᱤᱰ ᱨᱮᱭᱟᱜ ᱵᱷᱮᱜᱟᱨᱛᱮᱫ ᱟᱨᱡᱟᱼᱟ ᱾"
1311,"WELPERS CONENERSIGERSEANANEEEGESERSESEGGESERSEN [के रूप मे वायुमंडल कम होता है, वे बादलों में प्रवेश कर रहे हैं, और वे दिन और रात के लिए उपयुक्त हैं सूरज के प्रकाश के प्रकाश से ऊर्जा की स्वतंत्रता के कारण.","ᱢᱟᱭᱠᱨᱳᱳᱭᱮᱵᱷ ᱨᱤᱢᱳᱴ ᱥᱮᱱᱥᱤᱝ ᱦᱚᱨᱟ ᱠᱚ ᱨᱮᱭᱟᱜ ᱥᱟᱱᱟᱢ ᱦᱚᱭᱞᱚᱝ ᱨᱮᱭᱟᱜ ᱫᱟᱲᱮ ᱢᱮᱱᱟᱜ ᱟ ᱡᱮᱦᱮᱛᱩ ᱦᱚᱭ ᱢᱟᱸᱰᱮᱨ ᱞᱟᱛᱟᱨ ᱯᱷᱨᱤᱠᱳᱭᱮᱱᱥᱤᱨᱮ ᱥᱟᱯᱷᱟ ᱜᱮᱭᱟ, ᱚᱱᱟᱫᱚ ᱨᱤᱢᱤᱞ ᱠᱚ ᱛᱟᱵᱽᱼᱟ, ᱟᱨ ᱵᱮᱲᱟ ᱛᱟᱨᱟᱥ ᱠᱷᱚᱱ ᱢᱟᱭᱠᱨᱳᱳᱭᱮᱵᱷ ᱥᱚᱱᱥᱚᱨ ᱠᱚ ᱯᱷᱩᱨᱜᱟᱹᱞ ᱠᱷᱟᱹᱛᱤᱨᱛᱮ ᱚᱱᱟᱫᱚ ᱥᱤᱧ ᱟᱨ ᱧᱤᱫᱟᱹ ᱚᱯᱨᱟᱥᱚᱱ ᱞᱟᱹᱜᱤᱫ ᱞᱟᱹᱜᱤᱫ ᱡᱚᱛᱷᱟᱛᱼᱟ ᱾"
1312,"या तो प्राकृतिक या समृद्ध रूप में, आम तौर पर परमाणु ऊर्जा के पौधों में ईंधन के रूप में प्रयोग किया जाता है ।","ᱤᱭᱩᱨᱮᱱᱤᱭᱟᱢ, ᱦᱩᱭ ᱫᱟᱲᱮᱭᱟᱜᱼᱟ ᱥᱟᱪᱟᱨᱤᱭᱟᱹ ᱥᱮ ᱩᱛᱷᱱᱟᱹᱣ ᱞᱮᱠᱟᱛᱮ, ᱥᱟᱫᱷᱟᱨᱚᱱᱚᱛᱚ ᱯᱟᱨᱚᱢᱟᱱᱚᱵᱤᱠ ᱦᱟᱹᱴᱤᱧ ᱞᱟᱹᱜᱤᱫ ᱯᱟᱨᱚᱢᱟᱱᱚᱵᱤᱠ ᱵᱤᱡᱽᱞᱤ ᱛᱟᱞᱢᱟ ᱠᱚᱨᱮ ᱡᱩᱯᱼᱟᱜ ᱞᱮᱠᱟᱛᱮ ᱵᱮᱣᱦᱟᱨᱚᱜᱼᱟ ᱾"
1313,"इसके अतिरिक्‍त, कान सोबेअन में लगाया गया है ।","ᱱᱚᱣᱟ ᱪᱷᱟᱰᱟ, ᱥᱚᱣᱟᱵᱤᱱ ᱨᱮ ᱟᱨᱱᱤᱥᱮᱥ ᱦᱩᱭ ᱟᱠᱟᱱᱟ ᱾"
1314,"जब दीवार की पूरी लंबाई एक वक्‍त पर बनायी जा सकती है, तो यह खतरनाक हो सकता है ।",ᱡᱚᱠᱷᱚᱱ ᱯᱟᱹᱪᱨᱤ ᱨᱮᱭᱟᱜ ᱡᱮᱞᱮᱧ ᱢᱤᱫ ᱫᱷᱟᱣᱛᱮ ᱵᱮᱱᱟᱣ ᱵᱟᱝ ᱜᱟᱱᱚᱜᱼᱟ ᱩᱱ ᱫᱚᱲᱦᱟᱛᱮ ᱤᱴᱟ ᱜᱟᱹᱛᱷᱱᱤ ᱦᱚᱨᱟ ᱞᱟᱹᱠᱛᱤᱼᱟ ᱾
1315,"यह रसायनीय खेती के बारे में सभी चिन्तित लोगों पर ध्यान केंद्रित किया गया है, जिनमें जैविक खेती, और तकनीक भी शामिल हैं जो फिर से सुधरते हैं, और भूमि और वातावरण को पुनःस्थापित करते हैं.","ᱱᱚᱶᱟ ᱫᱚ ᱡᱤᱵᱤᱭᱟᱹ ᱪᱟᱥ ᱥᱟᱶᱛᱮ ᱡᱚᱨᱟ ᱵᱮᱜᱚᱨ ᱪᱟᱥ ᱟᱨ ᱦᱟᱥᱟ ᱟᱨ ᱦᱚᱭᱞᱚᱝ ᱵᱟᱧᱪᱟᱣ, ᱫᱚᱲᱦᱟ ᱟᱹᱨᱩ ᱟᱨ ᱫᱚᱲᱦᱟ ᱵᱮᱱᱟᱣ ᱠᱟᱛᱮᱜ ᱱᱚᱝᱠᱟᱱ ᱠᱟᱹᱨᱤᱠᱚ ᱪᱮᱛᱟᱱ ᱥᱟᱱᱟᱢ ᱦᱚᱲᱟᱜ ᱢᱚᱱᱮ ᱚᱨ ᱟᱠᱟᱫᱟ ᱾"
1316,"तापमान की माँग है कि दिन के दौरान और रात के दौरान २,००,००,००० प्रतियों के दौरान २,००,००,००० लीटर पानी का तापमान होता है, और इसके साथ कम - से - कम ७५ प्रतिशत सापेक्षता है ।","ᱞᱚᱞᱚᱥᱚᱝ ᱞᱟᱹᱜᱤᱫ ᱫᱚ ᱥᱤᱝᱵᱮᱲᱟ ᱒᱔ᱼ᱒᱗ ᱰᱤᱜᱨᱤ ᱥᱤ ᱟᱨ ᱧᱤᱱᱫᱟᱹ ᱴᱟᱲᱟᱝ ᱨᱮ ᱫᱚ ᱑᱕ᱼ᱑᱗ ᱰᱤᱜᱨᱤ ᱥᱤ, ᱪᱮᱛᱟᱱ ᱩᱛᱟᱹᱨ ᱦᱩᱭᱩᱜᱼᱟ ᱑᱕ᱼ᱒᱗ ᱰᱤᱜᱨᱤ ᱥᱤ ᱥᱟᱶ ᱗᱕ ᱯᱟᱨᱥᱮᱱᱴ ᱡᱚᱯᱚᱲᱟᱣᱟᱠᱟᱱ ᱚᱞᱟᱦᱮᱫ ᱜᱤ ᱾"
1317,"अंतर्राष्ट्रीय व्यापार केंद्र द्वारा संगठित किया जा रहा है, जो छोटे व्यवसायों और व्यवसायों की ज़रूरतों को विशिष्ट करता है और उनके लिए सहायता प्रदान करता है के रूप में वे डिजिटल व्यापार की तरह उनके लिए समर्थन प्रदान करता है: पुरुषों ए में युवा के लिए, क्षेत्र में छोटे व्यवसायों के लिए, SDGG-G के प्रदर्शनों के लिए छोटे व्यवसाय, युवा खेलों में और महिलाओं में खेल रहे हैं।","ᱡᱮᱜᱮᱫ ᱡᱟᱠᱟᱛ ᱵᱟᱹᱱᱤᱡ ᱛᱟᱞᱢᱟ ᱦᱚᱛᱮᱛᱮ ᱱᱟᱱᱟᱦᱩᱱᱟᱹᱨ ᱟᱠᱷᱲᱟ ᱠᱚ ᱥᱟᱯᱲᱟᱣ ᱦᱩᱭᱩᱜᱼᱟ, ᱡᱟᱸᱦᱟ ᱠᱚᱫᱚ ᱦᱩᱰᱤᱧ ᱵᱮᱯᱟᱨ ᱠᱚᱭ ᱥᱟᱵ ᱨᱟᱠᱟᱵᱟ ᱟᱨ ᱥᱟᱯᱲᱟᱣᱤᱭᱟᱹ ᱠᱚ ᱟᱨ ᱰᱤᱡᱤᱴᱟᱞ ᱴᱨᱮᱰ ᱞᱮᱠᱟ ᱦᱟᱨᱟ ᱨᱟᱠᱟᱵ ᱥᱟᱶᱥᱟᱶᱛᱮ ᱩᱱᱠᱩ ᱞᱟᱹᱜᱤᱫ ᱜᱚᱲᱚᱭ ᱮᱢᱚᱜᱼᱟ ᱺ ᱢᱮᱱᱟ ᱴᱚᱴᱷᱟ ᱨᱮ ᱡᱩᱣᱟᱹᱱ ᱠᱚ ᱞᱟᱹᱜᱤᱫ ᱫᱟᱣ, ᱮᱥᱰᱤᱡᱤ ᱯᱷᱚᱴᱚ ᱩᱫᱩᱜ ᱥᱚᱫᱚᱨ ᱞᱟᱹᱜᱤᱫ ᱦᱩᱰᱤᱧ ᱵᱮᱯᱟᱨ, ᱠᱷᱮᱞᱚᱸᱰᱨᱮ ᱡᱩᱣᱟᱹᱱ ᱥᱟᱯᱲᱟᱣᱤᱭᱟᱹ ᱟᱨ ᱛᱤᱨᱞᱟᱹ ᱠᱚᱣᱟᱜ ᱴᱟᱠᱟ ᱠᱷᱟᱴᱟᱣ ᱾"
1318,"इस प्रक्रिया में, एक जैविक धारा में एक जैविक धारा पायी जाती है जिसमें चयन - शक्‍ति - शक्‍ति की शक्‍ति, और खौफनाक बरबादी होती है, जिसके प्रयोग से तीव्र संकट उत्पन्‍न होता है ।","ᱱᱚᱶᱟ ᱦᱚᱨᱟᱨᱮ, ᱞᱮᱣᱦᱟᱱᱤ ᱥᱟᱵ ᱫᱚᱦᱚ ᱞᱮᱠᱟᱱ ᱡᱤᱵᱤᱭᱟᱹ ᱯᱨᱚᱵᱟᱦᱚ,ᱵᱟᱪᱷᱟᱣ ᱟᱠᱟᱫ ᱠᱚ ᱳᱰᱳᱠ ᱜᱤᱰᱤ ᱨᱮᱭᱟᱜ ᱪᱤᱱᱦᱟᱹ, ᱟᱨ ᱫᱟᱜ ᱢᱟᱹᱭᱞᱟᱹ ᱠᱚ ᱢᱮᱥᱟ ᱠᱟᱛᱮᱜ ᱥᱩᱯᱩᱨ ᱡᱳᱜᱟᱡᱳᱜ ᱮ ᱫᱚᱦᱚᱭᱟ ᱾"
1319,"जैसे ही पेंसिल बनाने की कोशिश की जाती है, वैसे ही पेंसिल बनाने के लिए बड़े - बड़े काँच की पेंसिलें बनायी जाती हैं ।",ᱰᱤᱥᱯᱮᱱᱥᱟᱨ ᱞᱟᱜᱟᱭᱛᱮ ᱥᱤᱥᱟᱢ ᱜᱞᱟᱥ ᱫᱚ ᱢᱤᱢᱤᱫ ᱯᱮᱱᱥᱤᱞ ᱨᱮ ᱥᱤᱥᱟᱢ ᱜᱞᱟᱥ ᱨᱮᱭᱟᱜ ᱵᱤᱥᱟᱹᱥ ᱠᱟᱭᱫᱟ ᱦᱚᱛᱮᱛᱮ ᱥᱤᱮᱥ ᱜᱞᱟᱥ ᱯᱮᱱᱥᱤᱞ ᱠᱩ ᱵᱮᱱᱟᱣ ᱞᱟᱹᱜᱤᱫ ᱪᱩᱞᱦᱟᱹ ᱨᱮ ᱫᱚᱲᱦᱟᱛᱮ ᱜᱟᱞᱟᱣ ᱞᱟᱹᱜᱤᱫ ᱥᱟᱹᱝᱜᱤᱧ ᱠᱷᱚᱱ ᱡᱟᱨᱣᱟ ᱦᱩᱭᱩᱜ ᱠᱟᱱᱟ ᱾
1320,"इसके अतिरिक्‍त, विश्‍वसनीय और निश्‍चित अनुमान और समय - समय पर उत्पादनों और उत्पादनों के अनुमानों को निर्यात/i, मूल्य निर्धारित करने, और सार्वजनिक वितरण के रूप में इस्तेमाल करने के लिए महत्त्वपूर्ण हैं ।","ᱟᱨ ᱦᱚᱸ ᱵᱤᱥᱣᱟᱹᱥᱟᱠᱟᱱ ᱟᱨ ᱚᱠᱛᱚ ᱨᱮ ᱩᱢᱟᱹᱱᱟᱠᱟᱱ ᱟᱨ ᱨᱤᱛᱩ ᱨᱮᱭᱟᱜ ᱯᱷᱚᱥᱚᱞ ᱮᱠᱚᱨ ᱟᱨ ᱟᱨᱡᱟᱣ ᱩᱢᱟᱹᱱᱟᱜ ᱫᱚ ᱵᱟᱹᱱᱤᱡ ᱵᱟᱦᱮᱨ/ᱵᱟᱹᱱᱤᱡ ᱟᱫᱮᱨ, ᱫᱟᱢ ᱴᱷᱤᱠᱟᱹᱭ ᱟᱨ ᱦᱚᱲ ᱮᱢᱚᱜ ᱞᱮᱠᱟᱱ ᱵᱟᱡᱟᱨ ᱥᱴᱨᱮᱴᱮᱡᱤ ᱨᱮᱭᱟᱜ ᱨᱮ ᱛᱮᱭᱟᱨ ᱞᱟᱹᱜᱤᱫ ᱞᱟᱹᱠᱛᱤᱭᱟᱱᱟᱜ ᱠᱟᱱᱟ ᱾"
1321,"फ़सल उत्पादन में काफी वृद्धि यह हो सकती है कि अतिरिक्त भूमि को स्वचालित आकार में लाया जाए और अच्छी फसलें प्रबंधन (बड़ा दर) और सुधार करें, जैसे कि उच्च-संत्र के प्रयोग, ऊर्जा- उत्पादन, और तनाव-से-न-से- बनावट, पोषण, और पोषण और पोषण को बेहतर बनाने के लिए.","ᱵᱟᱹᱲᱛᱤ ᱡᱩᱢᱤ ᱪᱟᱥ ᱨᱮᱭᱟᱜ ( ᱦᱚᱨᱤᱡᱚᱱᱴᱟᱞ ᱮᱯᱨᱳᱪ) ᱟᱨ ᱩᱛᱷᱱᱟᱹᱣ ᱟᱱ ᱯᱷᱚᱞᱚᱱ ᱵᱮᱵᱚᱥᱛᱟ (ᱵᱷᱟᱨᱴᱤᱠᱟᱞ ᱮᱯᱨᱳᱪ) ᱞᱟᱜᱟᱱᱠᱟᱹᱨᱤ ᱡᱮᱞᱮᱠᱟ ᱵᱦᱟᱜᱮ ᱯᱷᱚᱞᱚᱱᱟᱱ ᱤᱱᱯᱩᱴᱼᱯᱨᱚᱛᱤᱠᱨᱤᱭᱟᱥᱤᱞ, ᱫᱟᱲᱮᱼᱛᱟᱸᱦᱮᱱ ᱟᱨ ᱪᱟᱯᱼᱥᱟᱦᱟᱣ ᱟᱱ ᱡᱟᱹᱛ ᱠᱚ ᱵᱮᱣᱦᱟᱨ ᱛᱟᱞᱟᱛᱮ ᱯᱷᱚᱥᱚᱞ ᱟᱨᱡᱟᱣᱨᱮ ᱡᱚᱛᱦᱟᱛ ᱵᱟᱹᱲᱛᱤ ᱦᱩᱭ ᱫᱟᱲᱮᱭᱟᱜᱼᱟ ᱾ ᱵᱟᱛᱟᱱ, ᱟᱨ ᱥᱟᱱᱟᱢ ᱯᱷᱚᱥᱚᱞ ᱠᱚ ᱨᱮᱭᱟᱜ ᱯᱩᱥᱴᱤ ᱟᱨ ᱨᱩᱠᱷᱤᱭᱟᱹᱣ ᱾"
1322,इन दोनों सीटों के बीच के केंद्र में ताला लगा दिया जाता है ।,ᱜᱤᱭᱟᱨᱥᱤᱯᱷᱴ ᱞᱤᱵᱷᱟᱨ ᱫᱚ ᱥᱟᱢᱟᱝ ᱨᱮᱭᱟᱜ ᱵᱟᱨᱭᱟ ᱢᱟᱹᱪᱤ ᱛᱟᱞᱟᱨᱮ ᱛᱟᱞᱢᱟ ᱨᱮᱭᱟᱜ ᱠᱚᱱᱥᱳᱞ ᱨᱮ ᱛᱷᱟᱯᱚᱱ ᱦᱩᱭ ᱟᱠᱟᱱᱟ ᱾
1323,लेकिन यह कहना गलत होगा कि यह बदलाव सिर्फ प्रौद्योगिकी के लिए ही होगा ।,ᱢᱮᱱᱠᱷᱟᱱ ᱱᱚᱣᱟ ᱵᱚᱱᱚᱫᱚᱞ ᱫᱚ ᱮᱠᱷᱮᱱ ᱞᱟᱜᱟᱱ ᱠᱟᱹᱨᱤ ᱫᱟᱹᱭᱤ ᱫᱚ ᱵᱟᱝ ᱴᱷᱤᱠᱚᱜᱼᱟ ᱾
1324,"इन सभी पैरामीटर्सों के लिए प्रदर्शनों को जोड़ा जाता था, प्रत्येक राज्य में सुविधाओं की गुणवत्ता के लिए एक स्वाभाविक श्रेणी बनाया जाता था ।","ᱱᱤᱭᱟᱹ ᱡᱚᱛᱚ ᱯᱟᱨᱟᱢᱤᱴᱟᱨᱠᱩ ᱞᱟᱹᱜᱤᱫ ᱢᱮᱥᱟ ᱥᱩᱪᱚᱠ, ᱢᱤᱫᱴᱟᱝ ᱜᱩᱱᱟᱱᱟᱜ ᱜᱨᱮᱰ ᱫᱚ ᱢᱤᱢᱤᱫ ᱨᱟᱡ ᱨᱮ ᱥᱩᱵᱤᱫᱷᱟ ᱠᱩ ᱨᱮᱭᱟᱜ ᱢᱟᱹᱱ ᱞᱟᱹᱜᱤᱫ ᱠᱟᱛᱷᱟ ᱮᱢ ᱦᱩᱭᱟᱠᱟᱱᱟ ᱾"
1325,"ये कैंचियाँ बाहर, बाहर की लम्बाई, और व्यास के अन्दर की हिसाब लगाने के लिए प्रयोग की जा सकती हैं ।","ᱱᱚᱣᱟ ᱠᱮᱞᱤᱯᱟᱨ ᱠᱚᱫᱚ ᱡᱮᱞᱮᱧ, ᱵᱟᱨᱦᱮ ᱟᱨ ᱵᱷᱤᱛᱟᱹᱨ ᱨᱮᱭᱟᱜ ᱛᱟᱱᱟᱞᱟ ᱜᱟᱨ ᱞᱮᱠᱷᱟᱭ ᱨᱮ ᱵᱮᱣᱦᱟᱨ ᱦᱩᱭ ᱫᱟᱲᱮᱭᱟᱜᱼᱟ ᱾"
1326,ईंटों को कठोरता और कठोरता के लिए परीक्षण किया जाना चाहिए इससे पहले कि वे उपयोग में लिया जाता है.,ᱤᱴᱟᱹ ᱠᱚᱫᱚ ᱜᱟᱹᱛᱷᱱᱤ ᱨᱮ ᱵᱮᱣᱦᱟᱨ ᱞᱟᱦᱟᱨᱮ ᱚᱱᱟ ᱨᱮᱭᱟᱜ ᱠᱮᱴᱮᱡ ᱟᱨ ᱛᱷᱟᱹᱭᱤᱛ ᱵᱮᱰᱟᱹᱣ ᱞᱟᱹᱠᱛᱤ ᱠᱟᱱᱟ ᱾
1327,"असली दाम का दबाव गेहूँ से लेकर चावल तक फैल रहा है, जो शायद कम से कम कि KrafifPy उत्पादन के कारण फैल रहा है ।",ᱵᱚᱨᱥᱟ ᱦᱩᱲᱩ ᱠᱚᱢ ᱦᱩᱭ ᱟᱠᱟᱱ ᱠᱷᱟᱹᱛᱤᱨ ᱛᱮ ᱡᱚᱢᱼᱡᱚ ᱠᱚᱨᱮᱱᱟᱜ ᱜᱚᱱᱚᱝ ᱨᱮᱭᱟᱜ ᱪᱟᱯ ᱜᱩᱦᱩᱢ ᱠᱷᱚᱢ ᱦᱩᱲᱩ ᱨᱮ ᱯᱟᱥᱱᱟᱣ ᱟᱠᱟᱱᱟ ᱾
1328,"भारत की सरकार और अन्य सूलीदारों द्वारा उठाए गए सक्रिय पहलों के कारण, आफ्रीडा की पहुँच व्यापक उपभोक्ताओं की स्वीकृति के साथ फैल गयी है ।","ᱥᱴᱮᱠᱦᱳᱞᱰᱟᱨ ᱠᱩ ᱟᱨ ᱵᱷᱟᱨᱚᱛ ᱥᱚᱨᱠᱟᱨ ᱫᱟᱨᱟᱭᱛᱮ ᱦᱟᱛᱟᱣᱟᱠᱟᱱ ᱡᱤᱭᱟᱹᱲ ᱠᱟᱹᱢᱤᱦᱚᱨᱟ ᱠᱚ ᱚᱡᱮᱛᱮ, ᱟᱹᱭᱩᱨᱵᱮᱫᱟ ᱨᱮᱭᱟᱜ ᱥᱮᱴᱮᱨᱚᱜ ᱫᱚ ᱵᱤᱪᱷᱱᱟᱹᱣᱟᱠᱟᱱ ᱪᱚᱱᱡᱩᱢᱟᱨ ᱠᱩᱣᱟᱜ ᱦᱟᱛᱟᱣᱫᱟᱲᱮ ᱦᱚᱛᱮᱛᱮ ᱯᱟᱥᱱᱟᱣᱟᱠᱟᱱᱟ ᱾"
1329,"इसके अतिरिक्‍त, रेडियो के कार्यक्रम को बढ़ावा देने के लिए रेडियोोटोप को एक गैर - कुशल रूप में परिवर्तित किया जाना है ताकि इसके प्रयोग के दौरान रेडियो एम्बिएशन को रोका न जाए ।","ᱟᱨᱦᱚᱸ, ᱛᱷᱮᱨᱟᱯᱤᱣᱩᱴᱤᱠ ᱮᱯᱞᱤᱠᱮᱥᱚᱱ ᱠᱚ ᱵᱟᱫ ᱠᱟᱛᱮᱜ, ᱨᱮᱰᱤᱳᱟᱭᱥᱳᱴᱳᱯ ᱢᱤᱫ ᱱᱚᱱᱼᱞᱤᱪ ᱞᱮᱠᱟᱱᱟᱜᱨᱮ ᱟᱹᱨᱩᱭ ᱦᱩᱭᱩᱜ ᱟ ᱡᱟᱸᱦᱟᱛᱮ ᱱᱚᱶᱟ ᱵᱮᱣᱦᱟᱨ ᱚᱠᱛᱚ ᱛᱮᱡᱚᱥᱠᱨᱤᱭᱚᱛᱟ ᱨᱮᱭᱟᱜ ᱡᱟᱸᱦᱟᱱ ᱵᱟᱝ ᱥᱚᱱᱛᱚᱨᱟᱱᱟᱜ ᱵᱟᱝ ᱥᱚᱫᱚᱨᱚᱜᱼᱟ ᱾"
1330,"सबसे पहले और सबसे पहले, इसे रेडियो - जीव - जीव के शुद्ध रूप में HLW से अलग किया जाना चाहिए।","ᱨᱮᱰᱤᱳᱟᱭᱥᱳᱴᱳᱯ ᱨᱮᱭᱟᱜ ᱵᱮᱣᱦᱟᱨ ᱥᱮᱡᱽ, ᱯᱟᱹᱦᱤᱞᱨᱮ ᱟᱨ ᱯᱟᱹᱦᱤᱞᱩᱛᱟᱹᱨᱨᱮ, ᱱᱚᱶᱟ ᱫᱚ ᱮᱠᱟᱞᱜᱮ ᱨᱮᱰᱤᱳᱼᱠᱮᱢᱤᱠᱮᱞ ᱯᱷᱟᱹᱨᱭᱟᱹ ᱛᱮ ᱮᱭᱤᱪᱮᱞᱮᱞᱰᱚᱞᱩ ᱠᱷᱚᱱ ᱵᱷᱮᱜᱟᱨ ᱦᱩᱭᱩᱜ ᱟ ᱾"
1331,"इसका श्रेय उन उत्पादनों, संभावित विक्रेताओं, निर्देशों, हिसाब - किताब, संपर्क जानकारी, संपर्क, इत्यादि पर जानकारी रखता है ।","ᱠᱨᱮᱰᱤᱴ ᱟᱨᱫᱟᱥ ᱨᱮ ᱢᱮᱱᱟᱜ ᱠᱠᱩᱥᱤᱭᱟᱱ ᱫᱩᱨᱤᱵᱠᱩ ᱪᱮᱛᱟᱱ ᱛᱮᱛᱮᱫ, ᱦᱩᱭᱫᱟᱲᱤᱭᱟᱜ ᱟᱹᱠᱷᱨᱤᱧ ᱠᱩᱣᱟᱜ ᱵᱤᱪᱷᱱᱟᱹᱣ, ᱥᱮᱣᱟ ᱮᱢ ᱟᱹᱪᱩ, ᱮᱠᱟᱣᱩᱱᱴ ᱵᱤᱪᱷᱱᱟᱹᱣ, ᱡᱚᱜᱟᱡᱳᱜ ᱛᱮᱛᱮᱫ, ᱮᱢᱟᱱ ᱛᱮᱭᱟᱜᱽ ᱠᱩ ᱾"
1332,यह इंटरनॆट के माध्यम से संपत्ति और सेवाओं की बिक्री है ।,ᱱᱚᱣᱟ ᱫᱚ ᱤᱱᱴᱟᱨᱱᱮᱴ ᱛᱟᱞᱟᱛᱮ ᱫᱩᱨᱤᱵ ᱟᱨ ᱵᱷᱟᱹᱞᱟᱹᱭ ᱠᱟᱹᱢᱤ ᱨᱮᱭᱟᱜ ᱟᱹᱠᱷᱨᱤᱧ ᱾
1333,इसलिए यह रिपोर्ट गॉर के अधिकारियों को भेजी गयी ।,"ᱚᱱᱟ ᱞᱮᱠᱟᱛᱮ, ᱮᱢ ᱟᱠᱟᱱ ᱨᱤᱯᱳᱨᱴ ᱜᱩᱡᱨᱟᱴᱨᱮᱱ ᱟᱹᱢᱟᱹᱞᱤᱭᱟᱹ ᱠᱚᱴᱷᱮᱱ ᱠᱳᱞ ᱦᱩᱭᱞᱮᱱᱟ ᱾"
1334,"सन्‌ 1978 में, शादी के बंधन को कामयाब बनाने के लिए 18 साल की उम्र हो गयी है और लड़कों के लिए 25 साल की उम्र है ।","ᱜᱤᱫᱨᱟᱹ ᱵᱟᱯᱞᱟ ᱦᱟᱹᱯᱤᱰ ᱟᱹᱱ, ᱑᱙᱗᱘ ᱨᱮ ᱵᱟᱯᱞᱟ ᱨᱮᱭᱟᱜ ᱡᱚᱛᱷᱟᱛ ᱩᱢᱮᱨ ᱠᱩᱲᱤ ᱠᱚ ᱞᱟᱹᱜᱤᱫ ᱑᱘ ᱟᱨ ᱠᱚᱲᱟ ᱠᱚ ᱞᱟᱹᱜᱤᱫ ᱒᱑ ᱥᱮᱨᱢᱟ ᱵᱟᱪᱷᱟᱣ ᱟᱠᱟᱱᱟ, ᱢᱮᱱᱠᱷᱟᱱ ᱥᱟᱶᱛᱟ ᱨᱟᱭᱨᱤᱛ ᱱᱤᱛᱦᱚᱸ ᱜᱤᱫᱨᱟᱹ ᱵᱟᱯᱞᱟᱭ ᱩᱫᱜᱟᱹᱣ ᱜᱮᱭᱟ ᱾"
1335,"लेकिन, बी.एल के पास किसी भी स्टेटरी, पुनर्भरण, या पुलिस शक्‍ति को सख़्त नागरिकी देने के लिए नहीं है ।","ᱡᱟᱸᱦᱟᱭᱮᱱᱜᱮ,ᱵᱤᱮᱥᱮᱱᱮᱞᱼᱟᱜ ᱫᱚ ᱡᱟᱦᱟᱱ ᱥᱚᱵᱤᱫᱷᱟᱱ ᱟᱱᱟᱜ ᱛᱟᱹᱨᱤᱛᱚᱱᱚᱞ, ᱥᱟᱢᱲᱟᱣᱟᱜ ᱥᱮ ᱯᱩᱞᱤᱥᱟᱜ ᱫᱟᱲᱮ ᱵᱟᱹᱱᱩᱜ ᱟ ᱠᱮᱴᱮᱡ ᱱᱟᱹᱜᱟᱹᱨᱤᱭᱟᱹ ᱫᱟᱹᱭ ᱞᱟᱜᱟᱣ ᱞᱟᱹᱜᱤᱫ ᱾"
1336,"पहले से बोले गए कारणों के लिए, हम इस विचार के बारे में विचार कर रहे हैं कि M/s. के लिए आने में कोई त्रुटि नहीं है M/s. Kwwhatm और BLLLLLLLI से संबंधित नहीं हैं.","ᱞᱟᱦᱟ ᱞᱟᱹᱭᱟᱜ ᱚᱡᱮ ᱞᱮᱠᱟᱛᱮ, ᱟᱞᱮᱭᱟᱜ ᱵᱤᱵᱮᱪᱚᱱᱟᱣᱟᱱ ᱫᱤᱥᱦᱩᱫᱤᱥ ᱫᱚ ᱦᱩᱭᱩᱜ ᱠᱟᱱᱟ ᱡᱮ, ᱴᱨᱟᱭᱵᱩᱱᱟᱞ ᱫᱚ ᱱᱤᱯᱴᱟᱹᱣ ᱨᱮ ᱦᱤᱡᱩᱜ ᱞᱟᱹᱜᱤᱫ ᱛᱮ ᱡᱟᱦᱟᱸ ᱞᱮᱠᱟᱱ ᱵᱷᱩᱞ ᱵᱟᱭ ᱥᱤᱠᱟᱹᱨᱟ ᱡᱮ ᱮᱢ/ᱮᱥᱹ ᱠᱣᱟᱞᱤᱴᱤ ᱟᱭᱤᱥ ᱠᱨᱤᱢ ᱟᱨ ᱵᱤᱵᱤᱮᱞᱟᱭᱮᱞ ᱫᱚ ᱢᱤᱫ ᱦᱚᱲ ᱫᱚ ᱠᱤᱱ ᱵᱟᱝ ᱠᱟᱱᱟ ᱾"
1337,उनके बीच लेन - देन मुख्य से प्रमुख के स्वभाव और मूल्य का एकमात्र विचार सम्पत्ति की बिक्री के लिए था ।,ᱩᱱᱠᱩ ᱢᱩᱫᱨᱮ ᱞᱮᱱᱫᱮᱱ ᱢᱩᱲᱩᱫ ᱠᱷᱚᱱ ᱢᱩᱲᱩᱫ ᱩᱛᱟᱹᱨ ᱨᱮᱭᱟᱜ ᱟᱨ ᱜᱚᱱᱚᱝ ᱛᱟᱸᱦᱮᱠᱟᱱᱟ ᱡᱤᱱᱤᱥ ᱟᱹᱠᱷᱨᱤᱧ ᱞᱟᱹᱜᱤᱫ ᱢᱤᱫᱴᱟᱝ ᱥᱩᱢᱩᱝ ᱩᱭᱦᱟᱹᱨ ᱾
1338,यह स्वीकार किया जाता है कि इसके बाद सरकार सम्मेलन के चुनावों को ११४ पर आयोजित किया गया ।,ᱱᱚᱶᱟ ᱡᱚᱢᱟ ᱦᱩᱭᱟᱠᱟᱱᱟ ᱤᱱᱟᱹᱛᱟᱭᱚᱢ ᱑᱑ᱹ᱐᱔ᱹ᱒᱐᱑᱙ ᱢᱟᱹᱦᱤᱛᱨᱮ ᱯᱚᱱᱚᱛ ᱵᱤᱫᱷᱟᱱ ᱥᱚᱵᱷᱟ ᱨᱮᱭᱟᱜ ᱵᱟᱪᱷᱱᱟᱣ ᱦᱩᱭᱞᱮᱱᱟ ᱟᱨ ᱥᱨᱤ ᱳᱭᱟᱭ ᱡᱚᱜᱚᱱᱢᱳᱦᱚᱱ ᱨᱮᱰᱰᱤᱭ ᱥᱤᱨᱟᱹ ᱢᱚᱱᱛᱨᱤ ᱞᱮᱱᱟ ᱟᱨ ᱓᱐ᱹ᱐᱕ᱹ᱒᱐᱑᱙ ᱢᱟᱹᱦᱤᱛᱨᱮ ᱠᱤᱨᱤᱭᱟᱹᱭ ᱦᱟᱛᱟᱣ ᱠᱮᱫᱟ ᱾
1339,रामिन के मामले में जो विचार व्यक्त किया गया था वह Lallamasthy और याss. V. Wararth की राज्य (AIR 2006 SC66666.,ᱨᱚᱢᱮᱥ ᱠᱩᱢᱟᱨᱤᱭᱟᱜ ᱢᱟᱢᱞᱟᱨᱮ (ᱥᱩᱯᱨᱟ) ᱡᱟᱸᱦᱟ ᱧᱮᱞᱦᱚᱨᱟ ᱥᱚᱫᱚᱨ ᱦᱩᱭᱞᱮᱱᱟ ᱚᱱᱟ ᱞᱟᱞᱚᱱ ᱪᱳᱣᱰᱷᱨᱤ ᱟᱨ ᱳᱨᱥᱮ ᱨᱮ ᱫᱚᱲᱦᱟ ᱩᱪᱷᱟᱹᱱ ᱦᱩᱭᱞᱮᱱᱟ ᱾ ᱵᱷᱤ ᱵᱤᱦᱟᱨ ᱯᱚᱱᱚᱛ (ᱮ ᱟᱭ ᱟᱨ ᱒᱐᱐᱖ ᱮᱥ ᱥᱤ ᱓᱓᱗᱖ ) ᱾
1340,"इन रिपोर्टों के आधार पर, BNL ने स्थानीय सीआई संख्या को पुकारने के द्वारा अपने स्वयं का पूछताछ की, यानी 0281000000000000000.","ᱱᱚᱶᱟ ᱨᱤᱯᱳᱨᱴ ᱨᱮ ᱴᱮᱸᱦᱟᱰ ᱠᱟᱛᱮᱜ, ᱵᱤᱮᱥᱮᱱᱮᱞ ᱫᱚ ᱥᱩᱯᱩᱨ ᱥᱤᱮᱞᱟᱭ ᱱᱚᱢᱵᱚᱨᱨᱮ, ᱢᱮᱱᱫᱚ ᱐᱒᱘᱑ ᱼ ᱓᱐᱔᱑᱐᱐᱐ ᱠᱚᱞ ᱠᱟᱛᱮᱜ ᱟᱡᱟᱜ ᱮ ᱛᱚᱞᱟᱥ ᱮᱫᱟ ᱾"
1341,वे अभी भी एक FIR रजिस्टर करने के लिए कर रहे हैं.,ᱩᱱᱠᱩ ᱱᱤᱛᱦᱚᱸ ᱮᱯᱷᱟᱭᱟᱨ ᱵᱟᱝᱠᱚ ᱚᱞ ᱫᱟᱲᱮᱭᱟᱠᱟᱫᱟ ᱾
1342,"यह निश्‍चित ही व्यर्थ है कि प्रयोग और पेशे के लिए नुकसान वास्तव में है या नहीं, अपराधी के ख़िलाफ़ एक कार्यवाही में मालिक द्वारा दावा किया जाता है या नहीं ।",ᱵᱮᱣᱦᱟᱨ ᱟᱨ ᱡᱤᱵᱠᱟᱹ ᱨᱮ ᱞᱟᱹᱜᱤᱫ ᱵᱟᱹᱲᱤᱡᱼᱟ ᱥᱟᱹᱨᱤᱭᱟᱜ ᱨᱮ ᱢᱟᱹᱞᱤᱠ ᱫᱟᱨᱟᱭᱛᱮ ᱵᱮᱜᱚᱨ ᱟᱹᱭᱫᱟᱹᱨ ᱠᱚ ᱵᱚᱞᱚᱱ ᱵᱤᱨᱩᱫᱷ ᱯᱟᱹᱣᱲᱤᱨᱮ ᱫᱟᱹᱵᱤ ᱦᱩᱭ ᱟᱠᱟᱱᱟ ᱥᱮ ᱵᱟᱝ ᱚᱱᱟ ᱫᱚ ᱵᱟᱝ ᱞᱟᱹᱠᱛᱤᱭᱟ ᱾
1343,"यह मार्च २१, १९९७ को एक अवधि के लिए BBLLLL के साथ एक समझौता में शामिल हुआ है ।","ᱱᱚᱶᱟ ᱫᱚ ᱒᱑ ᱢᱟᱨᱪ, ᱑᱙᱙᱗ ᱢᱟᱹᱦᱤᱛᱨᱮ ᱢᱩᱪᱟᱹᱫ ᱟᱠᱟᱱ ᱚᱠᱛᱚ ᱞᱟᱹᱜᱤᱫ ᱵᱤᱵᱤᱮᱞᱟᱭᱮᱞ ᱥᱟᱶᱛᱮ ᱢᱤᱫ ᱪᱩᱠᱛᱤᱨᱮᱭ ᱵᱚᱞᱚ ᱟᱠᱟᱱᱟ ᱾"
1344,"बाद में, एम / के साथ एक समझौता किया गया ।","ᱛᱟᱭᱚᱢᱛᱮ, ᱮᱢ/ᱮᱥ ᱥᱟᱶᱛᱮ ᱢᱤᱫ ᱪᱩᱠᱛᱤ ᱥᱩᱦᱤ ᱦᱩᱭᱮᱱᱟ ᱮᱭᱤᱪᱮᱞᱮᱞ ᱒᱒ ᱢᱟᱨᱪ, ᱑᱙᱙᱗ ᱠᱷᱚᱱ ᱠᱟᱹᱢᱤᱞᱟᱹᱜᱩ ᱞᱮᱱᱟ ᱾"
1345,यह दावा किया जाता है कि गाइक की सरकार में अधिकारियों के पक्ष में जाना बड़ा है ।,"ᱱᱚᱶᱟ ᱫᱟᱹᱵᱤ ᱦᱩᱭᱩᱜ ᱟ ᱜᱩᱡᱽᱨᱟᱴ ᱯᱚᱱᱚᱛᱨᱮ ᱪᱟᱪᱞᱟᱣ ᱠᱚᱣᱟᱜ ᱠᱟᱛᱷᱟ ᱨᱟᱯᱟᱪᱟᱜ ᱞᱮᱠᱟᱱ ᱧᱮᱞᱦᱚᱨᱟ ᱟᱹᱰᱤ ᱢᱟᱨᱟᱝ ᱛᱟᱸᱦᱮ ᱠᱟᱱᱟ, ᱡᱟᱸᱦᱟ ᱫᱚ ᱫᱟᱹᱠᱷᱤᱞ ᱟᱠᱟᱱ ᱫᱚᱲᱦᱟ ᱮᱯᱤᱰᱮᱵᱤᱴ ᱠᱷᱟᱹᱞᱤ ᱯᱟᱲᱦᱟᱣ ᱠᱷᱚᱱ ᱯᱩᱥᱴᱟᱹᱼᱟ ᱾"
1346,सॉफ्टवेयर को सार्वजनिक लाइसेंस देने के लिए GPS को मुख्यतः बनाया जाता है.,ᱡᱤᱯᱤᱮᱞ ᱫᱚ ᱮᱛᱚᱦᱚᱵ ᱞᱮᱠᱟᱛᱮ ᱢᱤᱫᱴᱟᱝ ᱥᱚᱯᱷᱴᱳᱭᱮᱨ ᱯᱟᱵᱞᱤᱠ ᱞᱟᱭᱥᱮᱱᱥ ᱮᱢᱟᱭ ᱞᱟᱹᱜᱤᱫᱛᱮ ᱰᱤᱡᱟᱭᱤᱱ ᱟᱠᱟᱱᱟ ᱾
1347,"यह एक समझौते में प्रवेश किया गया जो बीब्लिलल को पूरा उत्पादन के बिक्री के लिए था, जो बाद में व्यापार के लिए HLLL के साथ जोड़ता था ।","ᱱᱚᱶᱟ ᱫᱚ ᱥᱟᱱᱟᱢ ᱟᱨᱡᱟᱣᱟᱜ ᱟᱹᱠᱷᱨᱤᱧ ᱞᱟᱹᱜᱤᱫ ᱵᱤᱵᱤᱮᱞᱟᱭᱮᱞ ᱴᱷᱮᱱ ᱢᱤᱫ ᱪᱩᱠᱛᱤᱨᱮᱭ ᱵᱚᱞᱚᱭᱮᱱᱟ, ᱡᱟᱸᱦᱟᱫᱚ ᱛᱟᱭᱚᱢᱛᱮ ᱟᱹᱠᱦᱨᱤᱧ ᱞᱟᱹᱜᱤᱫ ᱮᱭᱤᱪᱮᱞᱮᱞ ᱥᱟᱶᱛᱮᱭ ᱢᱮᱥᱟᱞᱮᱱᱟ ᱾"
1348,"Kwwitmars आइसक्रीम के निर्माण में शामिल है आइसक्रीम की व्यवस्था के तहत मध्य पूर्वतम प्रयास के तहत गिर जाता है, १९८५ (बहुत कम के लिए, कार्य के लिए).","ᱠᱣᱟᱞᱤᱴᱤ ᱟᱭᱤᱥ ᱠᱨᱤᱢ (ᱨᱚᱲᱼᱨᱩᱣᱟᱹᱲ ᱮᱢᱼᱵᱤᱰᱟᱹᱣᱠᱩ) ᱫᱚ ᱟᱭᱤᱥ ᱠᱨᱤᱢ ᱵᱮᱱᱟᱣ ᱨᱮ ᱡᱚᱯᱚᱲᱟᱣ ᱢᱮᱱᱟᱜᱼᱟ ᱡᱟᱦᱟᱸ ᱫᱚ ᱥᱮᱱᱴᱨᱟᱞ ᱮᱠᱥᱥᱟᱭᱤᱡ ᱴᱟᱨᱤᱯᱷ ᱮᱠᱴ ᱑᱙᱘᱕ (ᱠᱷᱟᱴᱚᱛᱮ, ᱟᱹᱱ) ᱛᱚᱯᱚᱥᱤᱞ ᱜᱚᱵᱚᱞ ᱨᱮ ᱯᱟᱨᱟᱜ ᱠᱟᱱᱟ ᱾"
1349,इस छोटे सत्र पर विचार किया गया महत्त्वपूर्ण प्रश्‍न संघीय अनुसंयोग की रचना था ।,ᱱᱚᱶᱟ ᱠᱷᱟᱴᱚ ᱫᱩᱯᱲᱩᱵ ᱨᱮ ᱵᱟᱪᱷᱟᱣᱞᱮᱱ ᱞᱟᱹᱠᱛᱤᱭᱟᱱᱟᱜ ᱠᱩᱠᱞᱤᱫᱚ ᱛᱟᱸᱦᱮᱠᱟᱱᱟ ᱯᱷᱮᱰᱟᱨᱮᱞ ᱟᱹᱱᱥᱚᱵᱷᱟ ᱵᱮᱱᱟᱣ ᱾
1350,"इसके अतिरिक्‍त, वृद्ध सलाह ने प्रकट किया कि बीएसएन के लिए एक फोन का पता लगाना या उस पर हस्ताक्षर करना असंभव है (स्कित) क्लोड (स्केड) के साथ एक कॉल करना असंभव है ।","ᱡᱟᱹᱥᱛᱤ ᱠᱟᱭᱛᱮ, ᱥᱤᱠᱷᱱᱟᱹᱛᱟᱱ ᱞᱟᱯᱷᱟᱝ ᱥᱟᱞᱦᱟ ᱮᱢᱚᱜ ᱠᱩ ᱡᱤᱢᱟᱹᱣᱟᱠᱟᱫᱟ ᱡᱮᱥᱤᱮᱞᱟᱭ ᱨᱮ ᱢᱮᱡᱟᱡᱟᱱᱛᱮ (ᱢᱩᱠᱷᱟᱹᱥ) ᱢᱤᱫᱴᱟᱝ ᱠᱚᱞ ᱵᱚᱱᱫᱚᱭ ᱫᱚ ᱵᱤᱮᱥᱮᱱᱮᱞ ᱞᱟᱹᱜᱤᱫ ᱞᱟᱜᱟᱱᱠᱟᱹᱨᱤ ᱞᱮᱠᱟᱛᱮ ᱵᱟᱝ ᱦᱩᱭ ᱫᱟᱲᱤᱭᱟᱜᱼᱟ ᱾"
1351,"वह एक दिन, एक एकल POI कॉल के लाखों मिनटों को संभालता है जो BSNL के लिए सौंपा जाता है, और ऐसी स्थिति में, यह असली है कि फोन के बिना और जो एक tam या एक नक़ली मशीन नहीं है.","ᱡᱮ,ᱢᱤᱫ ᱴᱷᱟᱹᱣᱠᱟᱹ ᱫᱤᱱᱨᱮ, ᱢᱤᱫᱴᱟᱝ ᱮᱠᱚᱠ ᱯᱤᱚᱟᱭ ᱞᱟᱠ ᱞᱟᱠ ᱢᱤᱱᱤᱴ ᱨᱮᱭᱟᱜ ᱠᱚᱞ ᱠᱚᱭ ᱪᱟᱞᱟᱣ ᱟ ᱡᱟᱸᱦᱟ ᱵᱤᱮᱥᱮᱱᱮᱞ ᱴᱷᱮᱱ ᱮᱢ ᱦᱩᱭ ᱞᱮᱱᱟ ᱟᱨ ᱱᱚᱝᱠᱟ ᱦᱟᱞᱚᱛ, ᱚᱠᱟᱴᱟᱜ ᱟᱥᱚᱞ ᱟᱨ ᱚᱠᱟᱴᱟᱜ ᱫᱚ ᱥᱤᱮᱞᱟᱭ ᱥᱮ ᱴᱮᱢᱯᱟᱨ ᱪᱷᱟᱰᱟ ᱥᱤᱮᱞᱟᱭ ᱠᱟᱱᱟ ᱵᱟᱹᱱᱤᱡᱽ ᱞᱮᱠᱟᱛᱮ ᱵᱟᱝ ᱦᱩᱭ ᱫᱟᱲᱮᱭᱟᱜᱼᱟ ᱾"
1352,"64.6.6 के व्याख्या पर, सीखा कि कहा गया कथन एक भारी दण्ड लाता है; कि कहा गया खंड में परिवर्तन या गलत कॉल करने के मामलों में आकर्षित किया गया है ऑपरेटर के पक्ष में या अन्यथा नहीं; और चूँकि वर्तमान मामले में शिकायत की जा रही है एक बेईमान और न ही निष्क्रियता है, 64.","ᱜᱟᱱᱟᱝ ᱖ᱹ᱔ᱹ᱖ ᱨᱮᱭᱟᱜ ᱯᱷᱤᱫᱞᱤᱨᱮ, ᱜᱟᱹᱠᱷᱩᱲᱟᱱ ᱟᱹᱱᱡᱤᱵᱤᱠᱟᱹᱨᱤᱭᱟᱹ ᱫᱟᱹᱠᱷᱤᱞ ᱟᱠᱫᱟᱭ ᱡᱮ ᱚᱞ ᱟᱠᱟᱱ ᱜᱟᱱᱟᱝ ᱫᱚ ᱢᱤᱫ ᱦᱟᱢᱟᱞ ᱥᱟᱹᱡᱟᱹᱭᱮ ᱞᱟᱫᱮᱭᱟ ; ᱚᱞᱟᱠᱟᱱ ᱜᱟᱱᱟᱝ ᱫᱚ ᱚᱯᱟᱨᱮᱴᱚᱨ ᱟᱜ ᱠᱤᱪᱷᱤ ᱦᱤᱲᱤᱡ ᱠᱷᱟᱹᱛᱤᱨᱛᱮ ᱠᱚᱞ ᱨᱮᱭᱟᱜ ᱴᱮᱢᱯᱟᱨᱤᱝ ᱥᱮ ᱦᱤᱲᱤᱡ ᱨᱟᱣᱩᱴᱤᱝ ᱨᱮᱭ ᱨᱤᱡᱷᱟᱹᱣ ᱞᱮᱱᱟ ᱟᱨ ᱟᱨ ᱵᱟᱝᱠᱷᱟᱱ ᱵᱟᱝ ᱺ ᱟᱨ ᱪᱮᱫᱟᱜ ᱡᱮ ᱱᱟᱦᱟᱜᱽᱨᱮ ᱞᱟᱹᱞᱤᱥ ᱟᱠᱟᱱ ᱯᱟᱹᱣᱲᱤᱠᱚ ᱢᱤᱫ ᱵᱟᱭᱢᱟᱱ ᱠᱤᱨᱤᱧᱤᱭᱟᱹ ᱠᱷᱟᱹᱛᱤᱨᱛᱮ ᱫᱟᱹᱭᱤ ᱞᱮᱱᱟᱭ ᱟᱨ ᱨᱤᱞᱟᱭᱮᱱᱥ ᱞᱟᱹᱜᱤᱫ ᱫᱚ ᱵᱟᱝ, ᱜᱟᱱᱟᱝ ᱖ᱹ᱔ᱹ᱖ᱹ ᱫᱚ ᱞᱟᱹᱭ ᱵᱟᱝ ᱜᱟᱱᱚᱜᱼᱟ ᱾"
1353,कुछ फिर से आबंटित संदेश स्पैम डाक में ईमेल संलग्नक के रूप में भेजा गया है.,ᱠᱤᱪᱷᱤ ᱨᱮᱱᱥᱚᱢᱳᱭᱮᱨ ᱥᱯᱮᱢ ᱢᱮᱞ ᱫᱚ ᱤᱢᱮᱞ ᱢᱮᱥᱟ ᱠᱟᱛᱮᱜ ᱠᱳᱞ ᱦᱩᱭᱩᱜᱼᱟ ᱾
1354,यह इसलिए है क्योंकि सहकार्य एक शर्ती पार्टी द्वारा प्राप्त किए जा रहे किसी भी अन्य मात्रा पर विचार नहीं करता (NLLL) दूसरी शर्त पार्टी (RLL).,ᱱᱚᱶᱟ ᱠᱷᱟᱹᱛᱤᱨᱛᱮ ᱪᱩᱠᱛᱤ ᱟᱹᱱ ᱫᱚ ᱢᱤᱫ ᱪᱩᱠᱛᱤᱭᱟᱱ ᱯᱟᱦᱟᱴᱟ (ᱵᱤᱮᱥᱮᱱᱮᱞ) ᱮᱴᱟᱜ ᱪᱩᱠᱛᱤᱭᱟᱱᱟᱜ ᱯᱟᱦᱟᱴᱟ ᱨᱮᱭᱟᱜ (ᱨᱤᱞᱟᱭᱮᱱᱥ) ᱴᱷᱮᱱ ᱠᱷᱚᱱ ᱧᱟᱢ ᱟᱠᱟᱫ ᱮᱴᱟᱜ ᱡᱟᱦᱟᱱ ᱠᱟᱹᱣᱰᱤ ᱨᱮᱭᱟᱜ ᱠᱟᱛᱷᱟ ᱵᱟᱭ ᱪᱤᱱᱛᱟᱹᱭᱟ ᱾
1355,"इस निवेदनक परियोजना के लिए जो उसने अपनी जाँच में मुंबई पुलिस के साथ पूरी तरह सहयोग दिया है, लेकिन यदि सीबीआई द्वारा जाँच की जाए तो कोई आपत्ति नहीं होगी।",ᱟᱨᱫᱟᱥᱟᱹᱱᱤᱡᱼᱟᱜ ᱢᱚᱛᱞᱚᱵ ᱫᱚ ᱩᱱᱤ ᱢᱩᱢᱵᱟᱭ ᱯᱩᱞᱤᱥ ᱩᱝᱠᱩᱣᱟᱜ ᱥᱮᱱᱫᱨᱟ ᱠᱟᱹᱢᱤᱨᱮ ᱯᱩᱨᱟᱹᱜᱮᱭ ᱜᱚᱲᱚᱣᱟᱠᱟᱫ ᱠᱩᱣᱟ ᱢᱮᱱᱠᱷᱟᱱ ᱫᱤᱜᱫᱷᱟᱹ ᱵᱟᱝ ᱛᱟᱦᱮᱸᱠᱚᱜᱼᱟ ᱡᱩᱫᱤ ᱛᱚᱞᱟᱥ ᱫᱚ ᱥᱤᱵᱤᱟᱭ ᱦᱚᱛᱮᱛᱮ ᱦᱩᱭ ᱠᱚᱜᱼᱟ ᱾
1356,जीएनयू जनरल पब्लिक लाइसेंस (GPL) और तमाम सार्वजनिक लाइसेंस (CC) सार्वजनिक लाइसेंस के दो लोकप्रिय वर्ग हैं.,ᱡᱤᱮᱱᱤᱭᱩ ᱡᱮᱱᱟᱨᱮᱞ ᱯᱟᱵᱞᱤᱠ ᱞᱟᱭᱥᱮᱱᱥ (ᱜᱤᱯᱤᱮᱞ) ᱟᱨ ᱠᱨᱤᱭᱮᱴᱤᱵᱷ ᱠᱚᱢᱚᱱᱥ (ᱥᱤᱥᱤ᱐ ᱫᱚ ᱦᱩᱭᱩᱜ ᱠᱟᱱᱟ ᱯᱟᱵᱞᱤᱠ ᱞᱟᱭᱥᱮᱱᱥ ᱨᱮᱭᱟᱜ ᱵᱟᱨᱭᱟ ᱦᱚᱲ ᱠᱩᱥᱤᱭᱟᱜ ᱛᱷᱚᱱᱚᱛ ᱾
1357,"एनजीटी के पास, वर्तमान मामले में, अपना निर्णय निश्‍चित किया गया है और एक प्रशासनिक विशेषज्ञ कमेटी को न्यायिक कार्य सौंपा गया है ।","ᱮᱱᱡᱤᱴᱤ ᱫᱚ, ᱱᱟᱦᱟᱜ ᱠᱮᱥ ᱨᱮ, ᱵᱮᱥᱤᱠᱟᱹᱨᱟᱠᱟᱱ ᱱᱤᱭᱟᱹ ᱮᱠᱛᱤᱭᱟᱹᱨ ᱟᱨ ᱮᱢᱩᱪᱩᱣᱟᱠᱟᱱ ᱵᱤᱪᱟᱹᱨᱤᱭᱟᱹ ᱠᱟᱹᱢᱤ ᱠᱩ ᱯᱨᱚᱥᱟᱥᱚᱱᱤᱠ ᱮᱠᱥᱯᱟᱨᱴ ᱠᱚᱢᱤᱴᱤ ᱮᱢ ᱦᱩᱭᱟᱠᱟᱱᱟ ᱾"
1358,"उसने एक निवेदन स्थापित किया कि सन्‌ 1971 में इस विषय का कमरा जेली क्षेत्र में स्थित था और कि पहली बार आने वाले के द्वारा सूट फ़ाइल जारी नहीं रखा गया था COWARS द्वारा दर्ज की गई अनुमति के बिना CONTa(a) उस कार्य की मनाही को ध्यान में रखते हुए, COS(a)।",ᱩᱱᱤ ᱫᱚ ᱢᱤᱫᱴᱟᱝ ᱫᱟᱹᱵᱤᱭ ᱩᱛᱷᱱᱟᱹᱣ ᱠᱮᱫᱟ ᱡᱮ ᱥᱟᱵᱽᱡᱮᱴ ᱨᱩᱢ ᱫᱚ ᱑᱙᱗᱑ ᱟᱹᱱ ᱜᱚᱵᱚᱞ ᱨᱮ ᱩᱪᱷᱟᱹᱱᱟᱠᱟᱱ ᱵᱚᱥᱛᱤ ᱴᱚᱴᱷᱟ ᱨᱮ ᱢᱮᱱᱟᱜ ᱟᱠᱟᱫᱟ ᱟᱨ ᱯᱩᱭᱞᱩ ᱢᱚᱠᱟᱫᱫᱚᱢᱤᱡ ᱦᱚᱛᱮᱛᱮ ᱚᱞᱚᱪᱚᱣᱟᱠᱟᱱ ᱢᱟᱢᱞᱟ ᱫᱚ ᱥᱮᱠᱥᱮᱱ ᱒᱒(᱑)(ᱮ) ᱨᱮ ᱢᱮᱱᱟᱜ ᱟᱠᱟᱫ ᱚᱱᱟ ᱟᱹᱱ ᱵᱟᱨᱚᱱᱟᱱᱟᱜ ᱞᱮᱠᱟᱛᱮ ᱠᱚᱢᱯᱤᱴᱮᱱᱴ ᱚᱛᱷᱚᱨᱤᱴᱤ ᱨᱮᱭᱟᱜ ᱚᱞ ᱚᱱᱩᱢᱚᱛᱤ ᱵᱮᱜᱚᱨ ᱵᱟᱝ ᱨᱩᱠᱷᱭᱟᱹ ᱫᱚᱦᱚ ᱜᱟᱱᱚᱜᱼᱟ ᱾
1359,"के रूप में चिकित्सा विज्ञान के मामले में सभी भारतीय संस्थानों में आयोजित किया गया था... ... और विसंपादक के मामले में फिर से परेशान किया गया है, इस दवा के रूप में ऊपर एक शिकायत दर्ज करने के लिए उपलब्ध है.","ᱡᱟᱸᱦᱟᱞᱮᱠᱟ ᱚᱞ ᱤᱱᱰᱤᱭᱟ ᱤᱱᱥᱴᱤᱴᱤᱣᱩᱴ ᱚᱯ ᱢᱮᱰᱤᱠᱮᱞ ᱥᱟᱭᱮᱱᱥ ᱢᱟᱢᱞᱟ ᱨᱮ ᱦᱩᱭᱞᱮᱱᱟ ᱟᱨ ᱜᱚᱝᱜᱟᱫᱷᱚᱨ ᱴᱷᱮᱱ ᱫᱚ ᱫᱚᱲᱦᱟᱞᱮᱱᱟ, ᱢᱮᱡᱤᱴᱨᱮᱴ ᱴᱷᱮᱱ ᱞᱟᱹᱞᱤᱥ ᱛᱟᱞᱟᱛᱮ ᱧᱟᱢᱞᱮᱱ ᱨᱚᱯᱷᱟ ᱫᱚ ᱪᱮᱛᱟᱱᱨᱮ ᱚᱞ ᱟᱠᱟᱱᱟ ᱾"
1360,"हालांकि यह अविश्वसनीय रूप से सुझाव दिया गया था कि चिकित्सा विज्ञान के मामले में सभी भारतीय संस्थानों में संघर्ष रहा था, Mertass के मामले, Hucher के मामले, Mery Basar के मामले, और रामी के मामले के मामले में, हम देखते हैं कि क्या हम रामी के मामले में बात करने के लिए बाध्य हैं जब पुलिस के मामले से संबंधित किसी भी अपराध के बारे में बात की गई है.","ᱮᱱᱛᱮᱦᱚᱸ ᱚᱞ ᱤᱱᱰᱤᱭᱟ ᱤᱱᱥᱴᱤᱴᱤᱣᱩᱴ ᱚᱯᱷ ᱢᱮᱰᱤᱠᱮᱞ ᱥᱟᱭᱮᱱᱥ ᱠᱮᱥ, ᱜᱚᱝᱜᱟᱫᱷᱚᱨᱟᱜ ᱠᱮᱥ, ᱦᱚᱨᱤ ᱥᱤᱝ ᱟᱜ ᱠᱮᱥ, ᱢᱤᱱᱩ ᱠᱩᱢᱟᱨᱤᱭᱟᱜ ᱠᱮᱥ ᱟᱨ ᱨᱚᱢᱮᱥ ᱠᱩᱢᱟᱨᱟᱜ ᱠᱮᱥ ᱨᱮ ᱫᱤᱥᱦᱩᱫᱤᱥ ᱨᱮ ᱮᱯᱮᱨ ᱦᱮᱰᱮᱡ ᱛᱟᱸᱦᱮᱠᱟᱱᱟ ᱢᱮᱱᱛᱮ ᱵᱮᱜᱚᱨ ᱡᱩᱠᱛᱤᱭᱟᱱᱟᱜ ᱞᱮᱠᱟᱛᱮ ᱯᱚᱨᱟᱢᱚᱥ ᱮᱢ ᱦᱩᱭ ᱞᱮᱱᱟ, ᱟᱵᱳ ᱵᱚ ᱧᱮᱞ ᱧᱟᱢᱟ ᱡᱮ ᱨᱚᱢᱮᱥ ᱠᱩᱢᱟᱨᱤᱭᱟᱜ ᱢᱟᱢᱞᱟᱨᱮ ᱫᱤᱥᱦᱩᱫᱤᱥ ᱥᱚᱫᱚᱨ ᱦᱩᱭᱟᱠᱟᱱᱟ ᱡᱟᱦᱟᱱ ᱟᱢᱚᱞᱟᱱᱟᱜ ᱞᱮᱠᱟᱱ ᱠᱟᱹᱭ ᱥᱟᱢᱝᱨᱮ ᱦᱩᱡᱽ ᱞᱮᱱᱠᱷᱟᱱ ᱯᱩᱞᱤᱥ ᱚᱱᱟ ᱨᱮᱭᱟᱜ ᱵᱮᱵᱚᱥᱛᱟ ᱠᱚ ᱦᱟᱛᱟᱣᱼᱟ ᱚᱱᱟ ᱞᱟᱹᱜᱤᱫ ᱾"
1361,"कोर्स उपलब्ध है, जब पुलिस खंड १५४ के अंतर्गत राज्य आवश्यकताओं के सभी भारतीय संस्थानों के मामले में सीधे मुद्दा में नहीं ले जा रही थी, हरी सिंह के मामले में, और Muuhhhs के मामले में.","ᱡᱟᱸᱦᱟ ᱜᱟᱱᱟᱝ ᱧᱟᱢᱚᱜᱼᱟ, ᱯᱩᱞᱤᱥ ᱡᱚᱠᱷᱚᱱ ᱑᱕᱔ ᱜᱟᱱᱟᱝ ᱨᱮᱭᱟᱜ ᱟᱶᱛᱟᱨᱮ ᱚᱞᱛᱚᱞ ᱟᱠᱟᱱ ᱞᱟᱹᱠᱛᱤᱭᱟᱱᱟᱜ ᱠᱚ ᱵᱟᱠᱚ ᱯᱟᱞᱟᱣᱼᱟ ᱚᱱᱟ ᱫᱚ ᱚᱞ ᱤᱱᱰᱤᱭᱟ ᱤᱱᱥᱴᱤᱴᱤᱣᱩᱴ ᱚᱯᱷ ᱢᱮᱰᱤᱠᱮᱞ ᱥᱟᱭᱮᱱᱥ, ᱜᱚᱝᱜᱟᱷᱚᱨᱟᱜ ᱢᱟᱢᱞᱟ, ᱦᱚᱨᱤ ᱥᱚᱝ ᱠᱚᱣᱟᱜ ᱢᱟᱢᱞᱟ ᱟᱨ ᱢᱤᱱᱩ ᱠᱩᱢᱟᱨᱤᱭᱟᱜ ᱢᱟᱢᱞᱟ ᱥᱚᱨᱟᱥᱚᱨᱤ ᱤᱥᱩᱨᱮ ᱛᱟᱸᱦᱮ ᱠᱟᱱᱟ ᱾"
1362,इस फैसले को भारत के संघ की निपुण एजेन्सियों में छोड़ दिया गया ।,ᱚᱱᱟᱛᱮ ᱜᱚᱴᱟᱵᱩᱴᱟᱹ ᱫᱚ ᱵᱷᱟᱨᱚᱛ ᱨᱮᱭᱟᱜ ᱤᱣᱩᱱᱤᱭᱚᱱᱨᱮᱱ ᱜᱟᱹᱠᱷᱩᱲᱤᱭᱟᱹ ᱜᱟᱶᱛᱟ ᱪᱮᱛᱟᱱ ᱟᱲᱟᱜ ᱦᱩᱭᱞᱮᱱᱟ ᱾
1363,"1 और 4 में बताया गया था कि पहली बार जब एक सरकारी अधिकारी ने 4 सूट की इजाज़त दे दी, तो उस अधिकारी की इजाज़त के बिना और सन्‌ 1971 में एक अश्‍शूरिक क्षेत्र के मामलों में कानून - व्यवस्था लागू करने की इजाज़त दी गयी थी ।",ᱯᱳᱭᱞᱳ ᱟᱹᱯᱤᱞ ᱠᱟᱪᱷᱟᱦᱟᱹᱨᱤ ᱴᱨᱟᱭᱟᱞ ᱠᱳᱴ ᱨᱮᱭᱟᱜ ᱤᱥᱩ ᱱᱚᱢᱵᱚᱨ ᱨᱮᱭᱟᱜ ᱚᱨᱡᱚᱭ ᱩᱞᱴᱟᱹᱣ ᱞᱮᱫᱟ ᱑ ᱟᱨ ᱔ ᱟᱨ ᱮ ᱥᱟᱵ ᱠᱮᱫᱟ ᱡᱮ ᱯᱳᱭᱞᱳ ᱛᱮᱞᱟ ᱮᱢᱚᱜᱤᱡ ᱦᱚᱛᱮᱛᱮ ᱮᱢ ᱟᱠᱟᱱ ᱔ ᱢᱟᱢᱞᱟ ᱫᱚ ᱡᱚᱛᱷᱟᱛ ᱟᱹᱭᱫᱟᱹᱨᱤᱭᱟᱹ ᱟᱜ ᱠᱟᱛᱷᱟ ᱵᱮᱜᱚᱨ ᱧᱮᱞᱥᱟᱢᱴᱟᱣ ᱡᱳᱜᱢᱟᱱ ᱛᱟᱸᱦᱮᱠᱟᱱᱟ ᱪᱮᱫᱟᱜ ᱥᱮ ᱩᱱᱤᱫᱚ ᱢᱤᱫ ᱚᱱᱩᱯᱨᱚᱵᱮᱥᱠᱟᱨᱤᱭ ᱛᱟᱸᱦᱮᱠᱟᱱᱟ ᱟᱨ ᱑᱙᱗᱑ ᱟᱹᱱ ᱫᱟᱨᱟᱭᱛᱮ ᱪᱟᱞᱟᱜ ᱢᱤᱫ ᱵᱚᱥᱛᱤ ᱴᱚᱴᱷᱟ ᱜᱚᱵᱚᱞᱨᱮ ᱢᱤᱫ ᱚᱱᱩᱯᱨᱚᱵᱮᱥᱠᱟᱨᱤ ᱨᱮ ᱪᱷᱟᱹᱲ ᱧᱟᱢ ᱡᱚᱛᱷᱟᱛ ᱟᱹᱭᱫᱟᱹᱨᱤᱭᱟᱹ ᱨᱮᱭᱟᱜ ᱞᱟᱹᱠᱛᱤ ᱵᱟᱝ ᱛᱟᱸᱦᱮᱠᱟᱱᱟ ᱾
1364,"निवेदनकर्ता और मृत एक जीवित संबंध में थे लेकिन 8.620 पर, कर्ता की मृत्यु से कुछ दिन पहले, वह मुंबई में अपने रहने के लिए वापस आया था.","ᱟᱨᱫᱟᱥᱤᱡ ᱟᱨ ᱜᱚᱡᱼᱟᱠᱟᱱᱤᱡ ᱫᱚ ᱥᱚᱢᱵᱚᱱᱫᱷ ᱨᱮ ᱠᱤᱱ ᱛᱟᱦᱮᱸᱠᱟᱱᱟ ᱢᱮᱱᱠᱷᱟᱱ ᱘ᱹ᱖ᱹ᱒᱐᱒᱐ ᱨᱮ, ᱯᱟᱴᱷᱚᱠ ᱜᱚᱡᱚᱜ ᱛᱷᱚᱲᱟ ᱫᱤᱱ ᱞᱟᱦᱟᱨᱮ, ᱩᱱᱤ ᱫᱚ ᱢᱩᱢᱵᱟᱭ ᱨᱮᱭᱟᱜ ᱱᱤᱡᱟᱹ ᱚᱲᱟᱜ ᱨᱮᱭ ᱩᱪᱟᱹᱲ ᱩᱪᱩᱞᱮᱱᱟ ᱾"
1365,"और यदि ऐसा है, तो मृत्यु का प्रत्यक्ष कारण क्या है?",ᱠᱟᱹᱢᱤᱦᱚᱨᱟ ᱨᱮᱭᱟᱜ ᱡᱚᱥ ᱫᱚ ᱮᱠᱷᱮᱱ ᱫᱤᱜᱫᱷᱟᱹᱟᱱᱟᱜ ᱦᱟᱞᱚᱛᱨᱮ ᱥᱮ ᱚᱥᱟᱹᱵᱤᱠ ᱜᱚᱡ ᱦᱩᱭ ᱟᱠᱟᱱᱟ ᱥᱮ ᱵᱟᱝ ᱟᱨ ᱡᱩᱫᱤ ᱚᱱᱟᱜᱮ ᱦᱩᱭᱩᱜ ᱟ ᱮᱱᱠᱷᱟᱱ ᱜᱩᱡᱩᱜ ᱨᱮᱭᱟᱜ ᱱᱤᱛᱟᱜ ᱚᱡᱮ ᱪᱮᱫ ᱠᱟᱱᱟ ᱚᱱᱟ ᱴᱷᱟᱹᱣᱠᱟᱹ ᱦᱩᱭᱩᱜ ᱟ ᱾
1366,"जिन लोगों पर हमला किया गया था, उनके बारे में सवाल यह उठता है कि वे कैसे उस पर हमला कर रहे हैं ।",ᱜᱚᱡᱟᱠᱟᱱᱤᱡ ᱫᱚ ᱪᱮᱠᱟᱞᱮᱠᱟᱛᱮᱭ ᱜᱷᱟᱹᱞ ᱞᱮᱱᱟ ᱚᱱᱟ ᱵᱟᱵᱚᱫ ᱵᱤᱪᱷᱱᱟᱹᱣ ᱥᱟᱹᱦᱤᱫ ᱠᱩᱞᱤ ᱟᱨ ᱚᱠᱚᱭ ᱩᱱᱤᱭ ᱜᱷᱟᱹᱞᱟᱠᱟᱫᱤᱭᱟ ᱥᱮ ᱚᱠᱟ ᱦᱟᱞᱚᱛ ᱨᱮ ᱩᱱᱤᱭ ᱜᱷᱟᱹᱞ ᱞᱮᱱᱟ ᱫᱚ ᱵᱤᱞᱟᱹᱛ ᱥᱤᱢᱟᱹ ᱟᱨ ᱥᱮᱠᱥᱮᱱ ᱑᱗᱔ ᱠᱳᱰ ᱜᱚᱵᱚᱞ ᱠᱟᱹᱢᱤ ᱦᱚᱨᱟ ᱨᱮᱭᱟᱜ ᱥᱩᱵᱤᱰᱷᱟ ᱠᱟᱱᱟ ᱾
1367,"जैसा कि प्रति उपवर्ग (३), ऐसे अनुप्रयोग की रसीद पर, सीवर अधिकार लिखने के क्रम से, या तो ऐसी अनुमति देने के बाद ऐसे पक्षों को देने के अवसर देने और इस मामले में सारांश पूछताछ करने के बाद, जैसे कि यह ठीक लगता है।","ᱥᱟᱸᱜᱟᱼᱜᱟᱱᱟᱝ (᱓) ᱞᱮᱠᱟᱛᱮ, ᱱᱚᱶᱟ ᱞᱮᱠᱟᱱᱟᱜ ᱟᱨᱫᱟᱥ ᱧᱟᱢ ᱛᱟᱭᱚᱢ, ᱡᱚᱛᱷᱟᱛ ᱪᱟᱪᱞᱟᱣᱠᱚ, ᱚᱞᱥᱚᱫᱚᱨ ᱟᱨᱫᱟᱥ ᱛᱟᱞᱟᱛᱮ, ᱜᱟᱫᱮᱞ ᱠᱚᱫᱚ ᱥᱩᱱᱟᱹᱱᱤ ᱨᱮᱭᱟᱜ ᱫᱟᱣ ᱮᱢ ᱛᱟᱭᱚᱢ ᱟᱨ ᱱᱚᱶᱟ ᱞᱮᱠᱟᱱ ᱥᱟᱨᱠᱛᱷᱟ ᱯᱟᱸᱟᱟ ᱛᱟᱭᱚᱢ ᱱᱚᱝᱠᱟᱱᱟᱜ ᱦᱩᱠᱩᱢ ᱮᱢ ᱥᱮ ᱠᱚ ᱢᱟᱱᱟ ᱫᱟᱲᱮᱭᱟᱜᱼᱟ ᱢᱟᱢᱞᱟ ᱨᱮᱭᱟᱜ ᱦᱟᱞᱚᱛ ᱨᱮ ᱱᱚᱶᱟ ᱫᱚ ᱡᱚᱛᱷᱟᱛ ᱢᱚᱱᱮ ᱦᱩᱭᱩᱜ ᱟ ᱾"
1368,S-SESESESD (2) खंड 22 में से एक अनुप्रयोग को सक्रिय अधिकारी को लिखने के लिए अनुमति प्राप्त करने की आवश्यकता होती है.,ᱥᱮᱠᱥᱮᱱᱼ᱒᱒ ᱨᱮᱭᱟᱜ ᱩᱯᱟᱹᱼᱥᱮᱠᱥᱮᱱ (᱒) ᱨᱮ ᱠᱚᱢᱯᱚᱱᱮᱱᱴ ᱚᱛᱷᱚᱨᱤᱴᱤ ᱴᱷᱮᱱ ᱚᱞ ᱠᱟᱛᱮ ᱟᱨᱫᱟᱥ ᱨᱮᱭᱟᱜ ᱚᱱᱩᱢᱚᱛᱤ ᱧᱟᱢ ᱨᱮ ᱥᱟᱱᱟ ᱢᱮᱱᱟᱜ ᱦᱚᱲᱟᱜ ᱞᱟᱹᱜᱛᱤ ᱢᱮᱱᱟᱜᱼᱟ ᱾
1369,"एक चित्र में किसी भी दृश्‍य प्रतीक, शब्द, नाम, डिजाइन, हस्ताक्षर, लेबल, आदि शामिल है जो दूसरे ब्रांड या व्यावसायिक विज्ञापनों को अलग करता है ।","ᱢᱤᱫᱴᱟᱝ ᱴᱨᱮᱰᱢᱟᱨᱠ ᱢᱩᱫᱨᱮ ᱡᱟᱸᱦᱟ ᱞᱮᱠᱟᱱ ᱧᱮᱞ ᱧᱟᱢᱚᱜ ᱪᱤᱱᱦᱟᱹ, ᱟᱹᱲᱟ, ᱧᱩᱛᱩᱢ, ᱱᱚᱠᱥᱟ, ᱠᱟᱹᱞᱠᱟᱹ, ᱞᱮᱵᱮᱞ ᱮᱢᱟᱱ ᱠᱚ ᱛᱟᱸᱦᱮᱱᱟ, ᱡᱟᱸᱦᱟ ᱫᱚ ᱮᱴᱟᱜ ᱵᱨᱮᱱᱰ ᱥᱮ ᱵᱟᱹᱱᱤᱡᱤᱭᱟᱹ ᱟᱥᱲᱟ ᱠᱷᱚᱱ ᱵᱨᱮᱱᱰ ᱥᱮ ᱵᱟᱹᱱᱤᱡᱤᱭᱟᱹ ᱟᱥᱲᱟ ᱠᱚᱭ ᱵᱷᱮᱜᱟᱨᱟ ᱾"
1370,"जब भी पुलिस को उस अपराध के आरोपी कार्य के बारे में कोई जानकारी मिलती है जो कोरीफ़्य है, तो FIR को रजिस्टर करने का एक कर्तव्य है ।","ᱡᱚᱠᱷᱚᱱ ᱜᱮ ᱡᱟᱸᱦᱟᱱ ᱠᱟᱹᱭ ᱠᱚᱢᱤᱥᱚᱱ ᱵᱟᱨᱮᱛᱮ ᱞᱟᱹᱭ ᱟᱠᱟᱫ ᱯᱩᱞᱤᱥᱴᱷᱮᱱ ᱡᱟᱸᱦᱟᱱ ᱰᱚᱜᱚᱨ ᱠᱚ ᱧᱟᱢᱚᱜᱼᱟ ᱡᱟᱸᱦᱟᱫᱚ ᱧᱟᱢᱚᱜ ᱞᱮᱠᱟᱱᱟᱜ ᱠᱟᱱᱟ,ᱩᱱᱜᱮ ᱮᱯᱷᱟᱭᱟᱨ ᱚᱞ ᱨᱮᱭᱟᱜ ᱫᱟᱹᱭᱤᱠ ᱢᱮᱱᱟᱜᱼᱟ ᱾"
1371,इस तरह वे समुद्र - तल के बढ़ने से बचने के लिए अपने इलाके को और भी आसान बना देते हैं ।,ᱡᱩᱢᱤ ᱵᱮᱵᱚᱦᱟᱨ ᱟᱹᱨᱤ ᱠᱩ ᱡᱟᱦᱟᱸ ᱫᱚ ᱥᱟᱹᱢᱩᱫ ᱞᱟᱭᱤᱱ ᱚᱲᱟᱜ ᱵᱮᱱᱟᱣ ᱨᱮ ᱵᱟᱭ ᱩᱫᱜᱟᱹᱣ ᱠᱩ ᱫᱚ ᱥᱟᱹᱢᱩᱫ ᱟᱲᱮ ᱩᱛᱷᱱᱟᱹᱣ ᱥᱟᱶ ᱢᱩᱠᱟᱹᱵᱤᱞᱟᱹᱭ ᱞᱟᱹᱜᱤᱫ ᱦᱚᱲᱠᱩ ᱡᱟᱹᱥᱛᱤ ᱥᱩᱵᱤᱫᱷᱟᱭ ᱮᱢᱟᱠᱩᱣᱟ ᱾
1372,"उदाहरण के लिए, जहाँ किनारे के किनारे या खाड़ी घर होते हैं, वहाँ के निवासी अपनी संपत्ति की रक्षा करने की कोशिश करेंगे ।","ᱡᱟᱸᱦᱟᱨᱮ ᱵᱤᱪ ᱥᱟᱢᱟᱝᱨᱮ ᱥᱮ ᱥᱟᱹᱢᱩᱫ ᱟᱲᱮ ᱠᱚᱨᱮ ᱚᱲᱟᱜ ᱢᱮᱱᱟᱜ ᱟ, ᱢᱟᱹᱞᱤᱠ ᱠᱚᱫᱚ ᱟᱠᱚᱣᱟᱜ ᱥᱚᱢᱯᱚᱛᱤ ᱵᱟᱧᱪᱟᱣ ᱞᱟᱹᱜᱤᱫ ᱠᱚ ᱨᱤᱠᱟᱹᱭᱟ, ᱫᱟᱹᱭᱠᱟᱹᱞᱮᱠᱟᱛᱮ, ᱥᱟᱹᱢᱩᱫ ᱟᱲᱮ ᱠᱮᱴᱮᱡ ᱛᱟᱞᱟᱛᱮ ᱾"
1373,"इस गाँव में एक महामारी फैली, और मुझे अश्‍शूर के बच्चों की सुरक्षा का प्रत्यक्ष ख़तरा नज़र आया ।","ᱱᱤᱭᱟᱹ ᱟᱛᱩ ᱨᱮ ᱯᱞᱮᱜᱽ ᱫᱚ ᱩᱯᱟᱹᱞᱟᱠᱟᱱᱟ, ᱟᱨ ᱟᱥᱨᱚᱢ ᱜᱤᱫᱽᱨᱟᱹ ᱠᱩ ᱨᱩᱠᱷᱭᱟᱹᱭ ᱨᱮ ᱤᱧ ᱫᱚ ᱯᱩᱥᱴᱟᱹᱣ ᱵᱟᱹᱲᱤᱡᱽᱼᱟᱜᱤᱧ ᱧᱮᱞᱧᱟᱢᱮᱫᱟ ᱾"
1374,"उस मौसम में, गर्मी के मौसम में मार्च और अप्रैल में गरमाव/ गर्मियों का माहौल देखा गया ।","ᱚᱱᱟ ᱨᱤᱛᱩ ᱨᱮ, ᱞᱚᱞᱚᱥᱚᱝ/ᱛᱟᱹᱯᱤᱥ ᱞᱚᱞᱚᱥᱚᱝ ᱫᱚ ᱢᱟᱨᱪ ᱟᱨ ᱮᱯᱨᱤᱞ ᱨᱮ ᱧᱮᱞᱟᱠᱟᱱᱟ ᱾"
1375,मई महीने में कोई खास गर्मी नहीं देखी गयी ।,"ᱢᱮ ᱢᱟᱹᱱᱦᱟᱹ ᱨᱮ, ᱞᱟᱹᱭᱞᱮᱠᱟᱱ ᱞᱚᱞᱚᱥᱚᱝ ᱦᱟᱞᱚᱛ ᱫᱚ ᱵᱟᱝ ᱧᱮᱞᱟᱠᱟᱱᱟ ᱾"
1376,अपने जीवन और फिल्म के बारे में एक चैट है.,"ᱱᱤᱛ ᱫᱷᱟᱹᱵᱤᱡ ᱡᱚᱛᱚ ᱠᱷᱚᱱ ᱵᱷᱟᱜᱤ ᱦᱟᱭᱫᱨᱟᱵᱟᱫᱤ ᱠᱮᱵᱟᱵᱥ ᱟᱨ ᱠᱩᱵᱟᱱᱤ ᱠᱟ ᱢᱤᱴᱷᱟ ᱢᱚᱪᱟᱨᱮ ᱵᱷᱚᱨᱟᱣ ᱛᱟᱭᱚᱢ, ᱩᱱᱤᱭᱟᱜ ᱡᱤᱭᱚᱱ ᱟᱨ ᱯᱷᱤᱞᱢ ᱵᱟᱵᱚᱫᱽ ᱜᱟᱞᱚᱡᱽ ᱞᱟᱹᱜᱤᱫ ᱪᱟ ᱥᱤᱲᱩᱯᱟᱛᱮ ᱢᱟᱨᱟᱝ ᱞᱩᱜᱩᱫ ᱜᱚᱫᱤ ᱥᱚᱯᱷᱟ ᱪᱮᱭᱟᱨ ᱨᱮ ᱞᱮ ᱫᱩᱲᱩᱯᱮᱱᱟ ᱾"
1377,"Laugom कई सालों से एक जीवन जीने के लिए, तो जब भारतीय शीघ्र ही इस पहली महिला ने एक मीडिया इंटरव्यू दिया, जो 3 मई, मई 2013 को मुझसे बात करने के लिए सहमत हो गया था, मैं तुरंत उसके एक बार उदास रहने के लिए अपना रास्ता बना दिया, लेकिन अब Dazazazel में, जहां वह अपनी बेटी के साथ रहते हैं.","ᱯᱷᱟᱛᱢᱟ ᱵᱮᱜᱚᱢ ᱠᱤᱪᱷᱤ ᱥᱮᱨᱢᱟ ᱫᱷᱩᱨᱭᱟᱹ ᱟᱨᱠ ᱞᱟᱭᱤᱴ ᱠᱷᱚᱱ ᱥᱟᱦᱟᱨᱮ ᱡᱤᱭᱚᱱᱮ ᱠᱷᱟᱸᱰᱟᱣ ᱮᱫᱟ, ᱚᱱᱟᱛᱮ ᱡᱚᱠᱷᱚᱱ ᱱᱩᱭ ᱵᱷᱟᱨᱚᱛᱤᱭᱚ ᱪᱚᱞᱚᱛᱪᱤᱛᱟᱹᱨᱨᱮᱱ ᱯᱳᱭᱞᱳ ᱛᱤᱨᱞᱟᱹ, ᱡᱟᱸᱦᱟᱭ ᱫᱚ ᱛᱤᱥᱦᱚᱸ ᱢᱤᱰᱤᱭᱟ ᱨᱮ ᱤᱱᱴᱟᱨᱵᱷᱤᱭᱩ ᱵᱟᱭ ᱮᱢᱟ ᱟᱠᱟᱫᱟ, ᱒᱐᱑᱓ ᱥᱟᱹᱦᱤᱛ ᱨᱮᱭᱟᱜ ᱓ ᱢᱮ ᱨᱮ ᱤᱧ ᱥᱟᱶᱛᱮ ᱠᱟᱛᱷᱟ ᱨᱚᱯᱚᱲᱮ ᱨᱮᱵᱮᱱ ᱞᱮᱱᱟ, ᱤᱧᱫᱚ ᱩᱥᱟᱹᱨᱟ ᱩᱱᱤᱴᱷᱮᱱ ᱢᱤᱫᱷᱟᱣ ᱤᱧ ᱥᱮᱱ ᱮᱱᱟᱼᱨᱤᱡᱷᱟᱹᱣᱟᱱᱟᱜ ᱢᱮᱱᱠᱷᱟᱱ ᱱᱤᱛᱽᱫᱚ ᱫᱷᱚᱱᱨᱟᱡ ᱢᱚᱦᱚᱞᱨᱮ ᱨᱟᱹᱯᱩᱫ ᱚᱲᱟᱜ, ᱡᱟᱸᱦᱟᱨᱮ ᱩᱱᱤᱫᱚ ᱟᱡᱽᱨᱮᱱ ᱠᱩᱲᱤ ᱡᱩᱵᱮᱭᱫᱟ ᱥᱟᱶᱛᱮᱭ ᱛᱟᱸᱦᱮᱱᱟ ᱾"
1378,इस वायरस के और भी भयानक तत्त्व आनेवाले दिनों में आशा की जाती है ।,ᱱᱤᱭᱟᱹ ᱵᱷᱟᱭᱨᱟᱥ ᱨᱮᱭᱟᱜ ᱵᱚᱛᱚᱨᱟᱱ ᱵᱷᱮᱨᱤᱭᱮᱱᱴ ᱠᱩ ᱫᱚ ᱦᱟᱯᱮᱱ ᱫᱤᱱ ᱠᱚᱨᱮ ᱦᱩᱭ ᱫᱟᱲᱮᱭᱟᱜᱼᱟ ᱾
1379,"इसका सबसे बड़ा प्रभाव एशिया और अफ्रीका में होगा, जो संभवतः अनुमानित ४.७ करोड़ और ४.२ करोड़ मृत्युयों के लिए खाता होगा, जो कि क्रमशः एशिया और अफ्रीका में होंगे ।",ᱡᱚᱛᱚ ᱠᱷᱚᱱ ᱡᱟᱹᱥᱛᱤ ᱮᱥᱮᱲ ᱫᱚ ᱮᱥᱤᱭᱟ ᱟᱨ ᱟᱯᱷᱨᱤᱠᱟ ᱨᱮ ᱦᱩᱭ ᱫᱟᱲᱮᱭᱟᱜᱼᱟ ᱡᱟᱦᱟᱸ ᱨᱮ ᱫᱚ ᱟᱹᱭᱩᱢᱟᱹᱱᱟᱠᱟᱱ ᱞᱮᱠᱟᱛᱮ ᱴᱷᱤᱠᱟᱹᱵᱩᱴᱟᱹ ᱜᱩᱡᱩᱜᱽ ᱫᱚ ᱔ᱹ᱗ ᱢᱤᱞᱤᱭᱚᱱ ᱟᱨ ᱔ᱹ᱒ ᱢᱤᱞᱤᱭᱚᱱ ᱞᱮᱠᱟ ᱦᱩᱭᱩᱜᱼᱟ ᱾
1380,"यहाँ मुझे Adddiblith पाया मुझे उम्मीद है, और उसने मुझे एक प्रतिष्ठित अभिवादन दिया.",ᱱᱚᱸᱰᱮ ᱤᱧ ᱟᱵᱫᱩᱞ ᱜᱚᱱᱤ ᱥᱮᱴᱷ ᱤᱧ ᱞᱟᱹᱜᱤᱫ ᱛᱟᱹᱧᱜᱤᱧ ᱧᱟᱢᱠᱤᱫᱤᱭᱟ ᱟᱨ ᱩᱱᱤ ᱫᱚ ᱤᱧ ᱚᱱᱛᱚᱨ ᱯᱮᱨᱮᱡᱽ ᱜᱟᱹᱦᱤᱨ ᱥᱟᱨᱦᱟᱣᱽᱮ ᱵᱟᱰᱟᱭ ᱩᱪᱩᱠᱤᱫᱤᱧᱟ ᱾
1381,तो मैंने Paraman से कहा कि Paraka Kaka Cudin की दुकान को ड्राइव करें।,ᱚᱱᱟᱛᱮ ᱤᱧ ᱜᱟᱹᱰᱤ ᱪᱟᱹᱞᱣᱟᱣᱤᱡ ᱢᱚᱦᱢᱚᱫ ᱠᱟᱥᱟᱢ ᱠᱟᱢᱨᱩᱫᱫᱤᱱᱟᱜ ᱫᱚᱠᱟᱱ ᱴᱷᱮᱱ ᱤᱫᱤᱭᱤᱧ ᱢᱮᱛᱟᱫᱤᱭᱟ ᱾
1382,"मैं देख रहा था कि, आदिवासियों, चीनी और अन्यों की रक्षा से कहीं दूर, ये अफसर उन्हें रौंद रहे थे ।","ᱤᱧ ᱫᱚᱧ ᱛᱩᱝᱠᱷᱤ ᱛᱚᱞᱟᱥᱮᱫ ᱠᱟᱱ ᱛᱟᱦᱮᱸ ᱠᱟᱱᱟ, ᱵᱷᱟᱨᱚᱛᱤᱭᱟᱹ, ᱪᱟᱹᱭᱱᱤᱥ ᱟᱨ ᱮᱴᱟᱜᱽ ᱠᱩ ᱵᱟᱝ ᱨᱩᱠᱷᱭᱟᱹ ᱠᱟᱛᱮ , ᱱᱩᱝᱠᱩ ᱚᱯᱷᱤᱥᱟᱨ ᱠᱩ ᱫᱳ ᱩᱝᱠᱩ ᱠᱩ ᱞᱮᱵᱮᱫᱽ ᱞᱚᱴᱚᱢᱮᱫᱽ ᱠᱩ ᱛᱟᱦᱮᱸᱠᱟᱱᱟ ᱾"
1383,"इस बारे में जाँच करते वक्‍त, उसे दूसरों के नाम बताने के लिए मजबूर करने की कोशिश की गयी ।","ᱛᱚᱞᱟᱥ ᱚᱠᱛᱮᱨᱮ, ᱮᱴᱟᱜ ᱠᱚᱱᱥᱯᱤᱨᱮᱴᱚᱨ ᱠᱩᱣᱟᱜ ᱧᱩᱴᱩᱢ ᱞᱟᱹᱭᱚᱰᱚᱜ ᱨᱮ ᱵᱟᱫᱫᱷᱚᱭᱤ ᱨᱮᱭᱟᱜ ᱠᱩ ᱠᱩᱨᱩᱢᱩᱴᱩ ᱞᱮᱫᱟ ᱾"
1384,मीडिया सबसे शक्तिशाली उपकरण है जो अपने लोगों के साथ संसद कनेक्ट करता है.,ᱢᱤᱰᱤᱭᱟ ᱫᱚ ᱟᱹᱰᱤ ᱫᱟᱲᱮᱭᱟᱱ ᱥᱩᱛᱨᱮᱛ ᱠᱟᱱᱟ ᱡᱟᱦᱟᱸ ᱫᱚ ᱡᱚᱯᱚᱲᱟᱣᱼᱤᱫᱤᱠᱟᱱᱟᱭ ᱯᱟᱨᱞᱟᱢᱮᱱᱴ ᱟᱡᱨᱮᱱ ᱦᱚᱲᱠᱩ ᱥᱟᱶ ᱾
1385,"राजकोट तक पहुँचने पर, मैंने अगले सुबह डॉक्टर को रिपोर्ट दी ।","ᱨᱟᱡᱠᱳᱴ ᱨᱮ ᱥᱮᱴᱮᱨᱠᱟᱛᱮ, ᱫᱚᱥᱟᱨ ᱦᱤᱞᱚᱜ ᱥᱮᱛᱟᱜ ᱤᱧ ᱫᱚ ᱱᱤᱡᱟᱹ ᱜᱤ ᱢᱮᱰᱤᱠᱮᱞ ᱚᱯᱷᱤᱥᱟᱨ ᱴᱷᱮᱱᱤᱧ ᱨᱤᱯᱳᱴᱞᱮᱱᱟ ᱾"
1386,हमारे देश में हमारे पूर्व राष्ट्रपतिों के लिए कृतज्ञता का एक भारी ऋण है.,ᱟᱵᱚᱨᱮᱱ ᱵᱤᱨ ᱞᱟᱦᱟᱱ ᱯᱷᱟᱹᱫ ᱠᱩ ᱴᱷᱮᱱ ᱟᱵᱚᱣᱟᱜ ᱫᱤᱥᱚᱢ ᱫᱚ ᱥᱟᱨᱦᱟᱣ ᱮᱢᱚᱜᱨᱮ ᱜᱟᱹᱦᱤᱨ ᱨᱤᱱᱤ ᱜᱮᱭᱟᱜ ᱾
1387,प्रारंभिक प्रतिक्रिया बहुत अच्छा रहा है ।,ᱯᱩᱭᱞᱩ ᱛᱮᱞᱟ ᱫᱚ ᱟᱹᱰᱤ ᱢᱚᱡᱽ ᱜᱤ ᱛᱟᱦᱮᱸᱠᱟᱱᱟ ᱾
1388,महिलाओं के अधिकार वास्तव में मानव अधिकार हैं.,ᱛᱤᱨᱞᱟᱹ ᱠᱩᱣᱟᱜ ᱟᱹᱭᱫᱟᱹᱨ ᱫᱚ ᱢᱩᱫᱷᱩᱛ ᱞᱮᱠᱟᱛᱮ ᱢᱟᱹᱱᱢᱤ ᱠᱩᱣᱟᱜ ᱟᱹᱭᱫᱟᱹᱨ ᱠᱟᱱᱟ ᱾
1389,इस विषय के लिए हमारा विषय काफ़ी हद तक सीमित था ।,"ᱵᱷᱟᱨᱚᱛᱤᱭᱟᱹ ᱥᱤᱱᱟᱹᱢᱟ ᱨᱮᱭᱟᱜ ᱥᱟᱭᱥᱮᱨᱢᱟ ᱫᱚ ᱢᱤᱫᱴᱟᱝ ᱢᱟᱭᱤᱞᱥᱴᱳᱱ ᱛᱟᱦᱮᱸᱠᱟᱱᱟ ᱡᱟᱦᱟᱸ ᱫᱚ ᱵᱟᱝ ᱵᱚᱱ ᱱᱤᱦᱟᱹᱛ ᱫᱟᱲᱮᱭᱟᱜᱼᱟ, ᱱᱤᱭᱟᱹ ᱚᱡᱮ ᱞᱟᱹᱜᱤᱫ ᱟᱞᱮᱭᱟᱜ ᱚᱱᱚᱧᱝ ᱨᱮᱭᱟᱜ ᱠᱩᱥᱤᱭᱟᱜ ᱫᱚ ᱡᱟᱹᱥᱛᱤ ᱠᱟᱭᱛᱮ ᱦᱩᱭᱩᱜᱼᱟᱜ ᱜᱤ ᱛᱟᱦᱮᱸᱠᱟᱱᱟ ᱾"
1390,"इस चरण के दौरान, प्रभावकारी नीति पहलों ने फल उत्पन्‍न करने की शुरूआत की है ।","ᱱᱤᱭᱟᱹ ᱯᱚᱨᱡᱟᱹᱭ ᱨᱮ, ᱠᱟᱹᱢᱤᱭᱟᱱ ᱟᱹᱨᱤ ᱩᱫᱜᱟᱹᱣ ᱠᱩ ᱫᱚ ᱡᱚᱣᱟᱣᱟᱱᱟᱜᱽ ᱚᱨᱡᱚ ᱮᱢᱚᱜ ᱨᱮᱭ ᱮᱦᱚᱯᱞᱮᱱᱟ ᱾"
1391,"कुछ सरकारी पहलें Swack Bakhhhyan की तरह (शुद्ध और पर्यावरण प्रदूषण पर पूरी तरह ध्यान देने के लिए, खुले हुए प्रवेश को समाप्त करने, और ठोस बेकार काम को रोकने के लिए) और नामी राज्य संघ ( प्रदूषण, चिकित्सा और नदी की पुनःसंत्रीय कमी) का उल्लेख करने के योग्य हैं।","ᱥᱚᱪᱪᱷᱚ ᱵᱷᱟᱨᱚᱛ ᱚᱵᱷᱤᱡᱟᱱ (ᱥᱟᱯᱷᱟᱼᱥᱟᱹᱯᱷᱤᱭ ᱪᱮᱛᱟᱱ ᱢᱟᱹᱱᱢᱤ ᱠᱚᱨᱮ ᱪᱤᱨᱜᱟᱹᱞ ᱟᱹᱜᱩᱭ ᱟᱨ ᱞᱟᱭᱚᱝ ᱨᱮᱭᱟᱜ ᱫᱩᱥᱱᱟᱹᱣ, ᱵᱟᱨᱦᱮᱨᱮ ᱴᱟᱹᱱᱰᱤᱛᱮᱭ ᱧᱮᱞ ᱥᱟᱢᱴᱟᱣ, ᱟᱨ ᱠᱮᱴᱮᱡ ᱫᱟᱱᱫᱮᱨ ᱛᱚᱫᱟᱨᱚᱠᱤᱭᱨᱮ ᱩᱛᱷᱱᱟᱹᱣ) ᱟᱨ ᱱᱟᱢᱟᱢᱤ ᱜᱟᱝᱜᱮ (ᱫᱩᱥᱱᱟᱹᱣᱨᱮ ᱧᱮᱞᱡᱚᱝ ᱞᱮᱠᱟᱱ ᱠᱚᱢᱟᱣ, ᱡᱚᱛᱱᱟᱣ ᱟᱨ ᱜᱚᱝᱜᱟ ᱱᱟᱹᱭ ᱨᱮᱭᱟᱜ ᱡᱤᱣᱮᱫ ᱨᱩᱣᱟᱹᱲ) ᱞᱮᱠᱟᱱ ᱠᱤᱪᱪᱷᱤ ᱥᱚᱨᱠᱟᱨᱤ ᱠᱟᱹᱢᱤᱦᱚᱨᱟ ᱫᱚ ᱱᱚᱸᱰᱮ ᱢᱟᱹᱱᱼᱮ ᱥᱚᱫᱚᱨᱮᱫᱟ ᱾"
1392,"सन्‌ 2014 से पहले, देश में 77 से भी ज़्यादा लोगों को ऑपरेशन के लिए भेजा गया ।","᱒᱐᱑᱔ ᱞᱟᱦᱟᱨᱮ, ᱗᱗ ᱯᱟᱥᱯᱳᱨᱴ ᱥᱮᱵᱟ ᱠᱮᱱᱫᱨᱚ (ᱯᱤᱮᱥᱠᱮ) ᱫᱚ ᱫᱤᱥᱟᱹᱢ ᱨᱮ ᱪᱟᱹᱞᱩᱣᱟᱠᱟᱱᱟ ᱾"
1393,ऑनलाइन लागू करने की अंतिम तिथि ३१.२० थी.,ᱚᱱᱞᱟᱭᱤᱱ ᱮᱯᱞᱟᱹᱭ ᱨᱮᱭᱟᱜ ᱢᱩᱪᱟᱹᱫ ᱢᱟᱹᱦᱤᱛᱽ ᱫᱚ ᱛᱟᱦᱮᱸᱠᱟᱱᱟ ᱓᱑ᱹ᱐᱑ᱹ᱒᱐᱒᱐ ᱾
1394,"इस अवसर पर, संस्था ने १२ अगस्त २०२ को संस्था द्वारा भी रक्‍त दान - दान का इंतज़ाम किया ।","ᱱᱤᱭᱟᱹ ᱵᱟᱠᱷᱨᱟᱛᱮ, ᱑᱒ ᱟᱜᱚᱥᱴ ᱒᱐᱒᱒ ᱨᱮ ᱥᱳᱥᱟᱭᱴᱤ ᱦᱚᱛᱮᱛᱮ ᱢᱤᱫᱴᱟᱝ ᱢᱟᱸᱭᱟᱸᱢ ᱮᱢ ᱠᱮᱢᱯ ᱦᱚᱸ ᱥᱟᱯᱲᱟᱣᱞᱮᱱᱟ ᱾"
1395,कार्यक्रम ने एक सांस्कृतिक घटना के साथ समाप्त किया जिसका शीर्षक था 'प्रयोग और स्वतंत्रता: संस्था के कर्मचारियों द्वारा संगठित साहित्य व किमा' में मनन ।,ᱯᱨᱳᱜᱨᱟᱢ ᱫᱚ ᱥᱳᱥᱟᱭᱴᱤᱨᱮᱱ ᱠᱟᱹᱢᱤᱭᱟᱹᱠᱩ ᱦᱚᱛᱮᱛᱮ ᱥᱟᱯᱲᱟᱣᱞᱮᱱ ᱢᱤᱫᱴᱟᱝ ᱞᱟᱠᱪᱟᱨ ᱟᱠᱷᱲᱟ ᱵᱚᱦᱚᱜᱽ ᱧᱩᱛᱩᱢ ᱫᱚ 'ᱵᱮᱜᱟᱨ ᱟᱨ ᱯᱷᱩᱨᱜᱟᱹᱞᱺ ᱥᱟᱶᱦᱮᱫ & ᱥᱤᱱᱟᱹᱢᱟ ᱨᱮ ᱩᱫᱩᱜ' ᱦᱚᱛᱮᱛᱮ ᱢᱩᱪᱟᱹᱫᱮᱱᱟ ᱾
1396,"संस्था के कर्मचारी, परिषद सदस्य, और अन्य सदस्य और अच्छी तरह से अच्छी तरह से कार्यक्रम आयोजित करने में एक सक्रिय हिस्सा लिया और दिन भर में भी उपस्थित रहते हैं.","ᱥᱳᱥᱟᱭᱴᱤᱨᱮᱱ ᱠᱟᱹᱢᱤᱭᱟᱹ ᱨᱟᱹᱥᱤᱭᱟᱹᱠᱩ, ᱠᱟᱣᱩᱱᱥᱤᱞ ᱨᱟᱹᱥᱤᱭᱟᱹᱠᱩ ᱟᱨ ᱮᱴᱟᱜ ᱨᱟᱹᱥᱤᱭᱟᱹᱠᱩ ᱟᱨ ᱵᱷᱟᱜᱮ ᱦᱩᱫᱤᱥᱟᱱ ᱠᱩ ᱵᱷᱟᱱᱟᱨ ᱯᱨᱚᱜᱨᱟᱢ ᱥᱟᱯᱲᱟᱣᱨᱮ ᱡᱤᱭᱟᱹᱲ ᱦᱤᱥᱠᱩ ᱦᱟᱛᱟᱣᱞᱮᱫᱟ ᱟᱨ ᱯᱩᱨᱟᱹ ᱫᱤᱱ ᱦᱟᱹᱡᱤᱨᱠᱩ ᱛᱟᱦᱮᱸᱠᱟᱱᱟ ᱾"
1397,सभी से अधिक भारत के कुल ४१ प्रतिनिधियों ने कोर्स में भाग लिया ।,ᱠᱳᱨᱥ ᱨᱮ ᱜᱚᱴᱟ ᱵᱷᱟᱨᱚᱛ ᱠᱷᱚᱱ ᱜᱩᱴ ᱨᱮ ᱔᱑ ᱥᱮᱞᱮᱫᱤᱭᱟᱹ ᱠᱩ ᱥᱮᱞᱮᱫ ᱞᱮᱱᱟ ᱾
1398,देश ने CVID-19 और यूक्रेन में हुए संघर्ष का विरोध किया है.,ᱫᱤᱥᱟᱹᱢ ᱫᱚ ᱠᱳᱵᱷᱤᱰᱼ᱑᱙ ᱟᱨ ᱤᱭᱩᱠᱨᱮᱱ ᱨᱮ ᱞᱟᱹᱲᱦᱟᱹᱭ ᱠᱷᱚᱱ ᱧᱟᱢᱚᱜ ᱫᱩᱠᱷᱼᱮ ᱥᱟᱦᱟᱣᱼᱟᱠᱟᱫᱟ ᱾
1399,महातमा गायया के आदर्श हर भारतीय में सबसे बड़ी भलाई के लिए एक अटल आत्म-विश्वास और बलिदान की आत्मा दी।,ᱥᱚᱛᱛᱟᱜᱨᱚᱦᱚ ᱪᱮᱛᱟᱱ ᱢᱟᱦᱟᱛᱢᱟ ᱜᱟᱱᱫᱷᱤᱭᱟᱜ ᱡᱩᱛᱷᱩᱨ ᱫᱚ ᱵᱟᱝ ᱦᱤᱨᱟᱹᱜᱽ ᱱᱤᱡ ᱯᱟᱹᱛᱭᱟᱹᱨ ᱟᱨ ᱢᱟᱨᱟᱝ ᱵᱷᱟᱜᱮᱭ ᱞᱟᱹᱜᱤᱫ ᱡᱤᱣᱤ ᱥᱚᱯᱨᱚᱫ ᱨᱮ ᱢᱤᱢᱤᱫᱽ ᱵᱷᱟᱨᱚᱛᱤᱭᱟᱹᱣᱟᱜ ᱢᱚᱱ ᱨᱮ ᱜᱟᱛᱷᱟᱣᱞᱣᱱᱟ ᱾
1400,Merric 2020 दर्शन है विश्‍व सरकार के लंबे समय से पूर्वानुमान और नई मिलेनियम के पहले 20 साल तक उत्पादन के विकास के बारे में विचार.,ᱴᱩᱨᱤᱡᱚᱢ ᱒᱐᱒᱐ ᱵᱷᱤᱥᱚᱱ ᱫᱚ ᱡᱮᱜᱮᱫ ᱴᱩᱨᱤᱥᱡᱚᱢ ᱚᱨᱜᱟᱱᱟᱭᱡᱮᱥᱚᱱᱼᱟᱜ ᱡᱮᱞᱮᱧᱼᱚᱠᱛᱚ ᱞᱟᱹᱭᱞᱟᱦᱟ ᱠᱟᱛᱷᱟ ᱟᱨ ᱱᱟᱶᱟ ᱢᱤᱞᱞᱮᱱᱤᱭᱟᱢ ᱨᱮᱭᱟᱜ ᱯᱟᱹᱦᱤᱞ ᱒᱐ ᱥᱮᱨᱢᱟ ᱫᱷᱟᱹᱵᱤᱡ ᱴᱩᱨᱤᱡᱚᱢ ᱩᱛᱷᱱᱟᱹᱣ ᱨᱮᱭᱟᱜ ᱜᱚᱱᱚᱝᱥᱚᱝ ᱠᱟᱱᱟ ᱾
1401,"उस इलाके में अलग - अलग सरकारी एजियों द्वारा रिपोर्ट की गयी थी, जो 38एम से 17वीं सदी तक फैले हुए हैं ।",ᱡᱩᱫᱟᱹ ᱡᱩᱫᱟᱹ ᱥᱟᱨᱠᱟᱨᱤ ᱮᱡᱮᱱᱥᱤ ᱠᱩ ᱦᱚᱛᱮᱛᱮ ᱨᱤᱯᱳᱴᱟᱠᱟᱱᱟ ᱡᱮ ᱠᱷᱟᱹᱞᱤ ᱴᱚᱴᱷᱟ ᱜᱚᱵᱚᱞ ᱨᱮ ᱢᱮᱱᱟᱜ ᱡᱟᱭᱜᱟ ᱫᱚ ᱓᱘ᱮᱢᱮᱭᱤᱡᱮ ᱠᱷᱚᱱ ᱑᱗᱕ᱮᱢᱮᱭᱤᱡᱮ ᱫᱷᱟᱹᱵᱤᱡᱽ ᱦᱩᱭᱫᱟᱲᱤᱭᱟᱜᱼᱟ ᱾
1402,"हम भी कुछ महत्वपूर्ण भाषणों को संगठित करने जा रहे हैं, जिनमें 'एविडिटी का अनुपालन' का कार्यक्रम शामिल है।",ᱟᱞᱮ ᱫᱚ 'ᱟᱡᱟᱫᱤ ᱠᱟ ᱟᱢᱨᱤᱛ ᱢᱚᱦᱳᱛᱥᱚᱵ' ᱨᱮᱭᱟᱜ ᱯᱨᱳᱜᱨᱟᱢ ᱢᱟᱱᱟᱣ ᱥᱟᱶ ᱠᱚᱭᱮᱠᱴᱤ ᱧᱩᱢᱟᱱᱟᱜ ᱞᱮᱠᱪᱟᱨ ᱥᱟᱯᱲᱟᱣ ᱞᱮ ᱪᱟᱞᱟᱜᱽ ᱠᱟᱱᱟ ᱾
1403,और विलियम जोन्स पर एक छोटी - सी भाषण दिया ।,ᱥᱟᱪᱮᱫ ᱥᱩᱫᱤᱯᱛᱚ ᱥᱮᱱ ᱩᱭᱞᱤᱭᱟᱢ ᱡᱳᱱᱥ ᱢᱮᱢᱮᱳᱨᱤᱭᱟᱞ ᱢᱮᱰᱮᱞ ᱒᱐᱒᱑ ᱥᱟᱹᱦᱤᱛ ᱞᱟᱹᱜᱤᱫ ᱮ ᱧᱟᱢ ᱟᱠᱟᱫᱟ ᱟᱨ ᱒᱒ᱹ᱐᱗ᱹ᱒᱐᱒᱒ ᱢᱟᱹᱦᱤᱛᱨᱮ ᱩᱭᱞᱤᱭᱟᱢ ᱡᱳᱱᱥ ᱟᱨ ᱤᱨᱟᱹᱞᱜᱮᱞᱟᱝ ᱥᱚᱴᱟᱵᱫᱤ ᱨᱮᱭᱟᱜ ᱢᱩᱪᱟᱹᱫ ᱥᱮᱡ ᱠᱳᱞᱠᱟᱛᱟᱨᱮ ᱟᱹᱱ ᱨᱮᱭᱟᱜ ᱥᱟᱥᱚᱱ ᱪᱮᱛᱟᱱ ᱢᱤᱫ ᱦᱩᱰᱤᱧ ᱠᱟᱛᱷᱟᱭ ᱮᱢᱞᱮᱫᱟ ᱾
1404,"हर दिन मैंने इस तरह शिकायत की थी: 'सही लोग स्वीकार नहीं कर रहे हैं, जबकि जो कोई अधिकार नहीं है 100 के भुगतान पर चोरी कर रहे हैं.","ᱫᱤᱱᱟᱹᱢ ᱦᱤᱞᱚᱜ ᱤᱧ ᱴᱷᱮᱱ ᱱᱚᱝᱠᱟᱱ ᱞᱟᱹᱞᱤᱥ ᱛᱟᱦᱮᱸᱠᱟᱱᱟ ᱺ 'ᱵᱷᱟᱜᱮᱠᱩ ᱫᱚ ᱵᱟᱝ ᱠᱩ ᱟᱫᱮᱨᱮᱫᱽᱠᱩ ᱠᱟᱱᱟ, ᱡᱟᱦᱟᱸᱨᱮ ᱟᱹᱭᱫᱟᱹᱨ ᱵᱟᱹᱱᱩᱜ ᱠᱚ ᱫᱚ ᱑᱐᱐ ᱴᱟᱠᱟ ᱛᱮᱠᱩ ᱯᱟᱪᱟᱨ ᱚᱪᱚᱜ ᱠᱟᱱᱟ ᱾"
1405,यह लोहे की कड़ियां आज भी आमा के मंदिर में पड़ी हुई हैं ।,ᱠᱳᱱᱟᱨᱠ ᱨᱮᱭᱟᱜ ᱥᱩᱨᱡᱚ ᱢᱩᱱᱫᱤᱨ ᱨᱮ ᱢᱮᱱᱟᱜ ᱢᱮᱬᱦᱮᱫ ᱨᱮᱭᱟᱜ ᱠᱷᱩᱱᱴᱤ ᱱᱤᱛᱦᱚᱸ ᱢᱟᱨᱟᱝ ᱜᱮᱭᱟ ᱾
1406,समाज में धन और संसाधन के लिए सामान्य वितरण की ओर ले जा सकता है।,ᱵᱮᱜᱚᱨᱼᱚᱨᱡᱚᱱ ᱨᱮᱭᱟᱜ ᱡᱳᱭᱱᱚ ᱢᱚᱛᱚᱵᱟᱫ ᱥᱟᱶᱛᱟᱨᱮ ᱫᱩᱨᱤᱵ ᱟᱨ ᱫᱩᱨᱤᱵ ᱨᱮᱭᱟᱜ ᱟᱨᱦᱚᱸ ᱥᱚᱢᱟᱛᱮ ᱦᱟᱹᱴᱤᱧ ᱥᱮᱡᱽ ᱮ ᱤᱫᱤ ᱫᱟᱲᱮᱭᱟᱜᱼᱟ ᱾
1407,"इसी प्रकार, दो विशेष रूप से दो दुष्ट मनुष्य, ग्रमा और बेन्‍वा, अध्याय ३२, १२, और ३२, १४ और अध्याय ४९ में उल्लिखित हैं ।","ᱚᱝᱠᱟᱞᱮᱠᱟᱜᱤ, ᱵᱤᱥᱟᱹᱥᱠᱟᱭᱛᱮ ᱵᱟᱨᱭᱟ ᱵᱟᱹᱲᱤᱡ ᱦᱚᱲᱠᱤᱱ, ᱜᱨᱮᱦᱢᱟ ᱟᱨ ᱵᱮᱱᱰᱟ, ᱫᱚ ᱓᱒ᱹ᱑᱒, ᱓᱒ᱹ᱑᱓ ᱟᱨ ᱓᱒ᱹ᱑᱔ ᱟᱨ ᱔᱙ᱹ᱑ ᱟᱨ ᱔᱙ᱹ᱒ ᱦᱟᱹᱴᱤᱧ ᱠᱚᱨᱮ ᱚᱞᱟᱠᱟᱱᱟ ᱾"
1408,"उसका उद्देश्‍य न केवल अर्थहीन है, क्योंकि न ही अनन्तता का नामो - निशान मिटा देने और न ही हमेशा के लिए रहेगा, क्योंकि कोई स्थायी प्राण नहीं है ।","ᱱᱚᱶᱟ ᱨᱮᱭᱟᱜ ᱡᱚᱥ ᱫᱚ ᱱᱤᱦᱤᱞᱤᱡᱚᱢ ᱵᱟᱝ ᱠᱟᱱᱟ, ᱪᱮᱫᱟᱜ ᱥᱮ ᱡᱟᱭᱡᱩᱜ ᱡᱤᱭᱟᱹᱲ ᱢᱮᱱᱛᱮ ᱪᱮᱫᱦᱚᱸ ᱵᱟᱹᱱᱩᱜᱼᱟ, ᱪᱮᱫᱟᱜ ᱥᱮ ᱡᱟᱭᱡᱩᱜ ᱡᱤᱭᱟᱹᱲ ᱞᱮᱠᱟᱱ ᱚᱱᱟ ᱟᱛᱛᱟ ᱦᱚᱸ ᱵᱟᱹᱱᱩᱜᱼᱟ ᱾"
1409,इस समय दो प्रिय जनों के लिए उसकी करुणा बड़ी थी ।,ᱱᱚᱶᱟ ᱵᱟᱯᱟᱜ ᱨᱮᱭᱟᱜ ᱜᱷᱟᱹᱲᱤᱠᱨᱮ ᱟᱡᱽᱨᱮᱱ ᱵᱟᱨᱭᱟ ᱟᱯᱱᱟᱨ ᱦᱚᱲ ᱪᱮᱛᱟᱱ ᱟᱡᱟᱜ ᱟᱹᱰᱤ ᱫᱟᱭᱟ ᱛᱟᱸᱦᱮᱠᱟᱱᱟ ᱾
1410,उसे इस बात की चिंता नहीं थी कि भविष्य में क्या होगा ।,ᱩᱱᱤᱫᱚ ᱟᱡ ᱟᱭᱳ ᱟᱨ ᱜᱤᱫᱨᱟᱹ ᱟᱜ ᱟᱜᱟᱢ ᱨᱮᱭᱟᱜ ᱡᱮᱜᱮᱛᱟᱹᱨᱤᱭᱟᱹ ᱥᱩᱠ ᱤᱫᱤᱠᱟᱛᱮᱜ ᱩᱭᱦᱟᱹᱨ ᱨᱮ ᱵᱟᱭ ᱛᱟᱸᱦᱮᱠᱟᱱᱟ ᱟᱨ ᱩᱱᱠᱩ ᱴᱷᱮᱱ ᱟᱹᱰᱤ ᱵᱟᱹᱲᱛᱤ ᱜᱮ ᱥᱟᱱᱟᱢᱟᱜ ᱛᱟᱸᱦᱮᱠᱟᱱᱟ ᱟᱨ ᱩᱱᱠᱩᱫᱚ ᱱᱤᱨᱟᱹᱭ ᱨᱮᱠᱚ ᱛᱟᱸᱦᱮᱠᱟᱱᱟ ᱾
1411,"साथ ही, मैं एक प्रसिद्ध हिंदू के बारे में सुना जो मसीहियत में परिवर्तित किया जा रहा था.","ᱚᱱᱢᱟᱱ ᱤᱱᱟᱹ ᱚᱠᱛᱮ ᱨᱮᱜᱮ, ᱤᱧᱫᱚ ᱢᱤᱫ ᱧᱩᱢᱟᱱ ᱦᱤᱱᱫᱩ ᱤᱥᱟᱹᱭ ᱫᱷᱚᱨᱚᱢ ᱨᱮ ᱩᱪᱟᱹᱲᱚᱜ ᱨᱮᱭᱟᱜ ᱠᱟᱛᱷᱟᱧ ᱟᱸᱡᱚᱢ ᱞᱮᱫᱟ ᱾"
1412,"इसके बाद की आयतों में हमें बताया गया है कि परमेश्‍वर, इंसानों को सिखाने के लिए टीचर का इस्तेमाल करता है, उन्हें सच्चाई के मार्ग पर चलने और सच्चाई के मुताबिक जीने का मौका देता है ।","ᱞᱟᱛᱟᱨᱨᱮ ᱚᱞ ᱟᱠᱟᱱ ᱯᱟᱹᱣᱲᱤᱠᱚ, ᱟᱵᱳ ᱞᱟᱹᱭ ᱦᱩᱭᱟᱠᱟᱱᱟ ᱡᱮ ᱤᱥᱥᱚᱨᱫᱚ ᱡᱚᱨᱟᱛᱨᱩᱥᱴᱨᱚ ᱢᱟᱱᱶᱟᱡᱟᱹᱛᱤᱨᱮᱱ ᱢᱟᱪᱮᱫ ᱞᱮᱠᱟᱛᱮᱭ ᱵᱟᱦᱟᱞ ᱟᱠᱟᱫᱮᱭᱟ, ᱩᱱᱠᱩ ᱥᱟᱹᱨᱤ ᱦᱚᱨ ᱟᱨ ᱥᱟᱹᱨᱤ ᱞᱮᱠᱟᱛᱮ ᱪᱮᱫᱞᱮᱠᱟ ᱡᱤᱭᱚᱱ ᱠᱷᱟᱸᱰᱟᱣ ᱦᱩᱭᱩᱜᱼᱟ ᱚᱱᱟ ᱞᱟᱹᱭ ᱟᱠᱚ ᱞᱟᱹᱜᱤᱫ ᱾"
1413,"तीन विश्‍वों में कोई नहीं है, और कोई भी युद्ध या आत्मिक बल में उसके बराबर नहीं होगा ।","ᱯᱮᱭᱟ ᱡᱮᱜᱮᱫᱨᱮ ᱞᱟᱹᱲᱦᱟᱹᱭ ᱥᱮ ᱟᱸᱛᱛᱟᱼᱟᱱ ᱫᱟᱲᱮᱨᱮ ᱩᱱᱤ ᱥᱚᱢᱟᱱ ᱫᱚ ᱚᱠᱚᱭᱦᱚᱸ ᱵᱟᱹᱱᱩᱜ ᱠᱚᱣᱟ, ᱟᱨ ᱵᱟᱝᱠᱚ ᱦᱩᱭᱩᱜᱼᱟ ᱾"
1414,और इनमें से ज़्यादातर शिक्षक चेलों के पीछे - पीछे चल रहे थे ।,ᱩᱱᱠᱩ ᱥᱟᱱᱟᱢ ᱥᱩᱵᱤᱫᱟ ᱮᱢ ᱦᱩᱭᱟᱠᱟᱱᱟ ᱡᱟᱸᱦᱟᱭᱫᱚ ᱟᱠᱚᱣᱟᱜ ᱥᱚᱵᱟᱵᱽ ᱞᱮᱠᱟᱛᱮ ᱱᱤᱡᱷᱩᱢᱨᱮ ᱱᱤᱨᱟᱹᱞᱟ ᱡᱤᱭᱚᱱ ᱠᱷᱟᱸᱰᱟᱣ ᱞᱟᱹᱜᱤᱫ ᱟᱨᱦᱚᱸ ᱟᱫᱷᱟᱛᱛᱤᱠ ᱥᱮᱡᱽᱠᱚ ᱞᱟᱹᱣᱭᱤᱨ ᱟᱠᱟᱱᱟ ᱚᱱᱠᱟᱱ ᱦᱚᱲᱠᱚ ᱞᱟᱹᱜᱤᱫ ᱟᱨ ᱱᱩᱠᱩ ᱢᱟᱪᱮᱫ ᱠᱚᱨᱮᱱ ᱵᱟᱹᱲᱛᱤ ᱦᱚᱲᱨᱮᱱᱜᱮ ᱪᱮᱞᱟᱠᱚ ᱟᱹᱰᱤ ᱥᱟᱸᱜᱮᱠᱚ ᱛᱟᱸᱦᱮᱠᱟᱱᱟ ᱾
1415,"सो, सदूकियों के लिए एक और धार्मिक शिक्षक को पाना मुश्‍किल नहीं था जो पहले से ज़्यादा काबिल था ।","ᱚᱱᱟᱤᱭᱟᱹᱛᱮ, ᱥᱟᱹᱫᱦᱩ ᱜᱚᱛᱟᱢ ᱴᱷᱮᱱ ᱮᱴᱟᱜ ᱫᱷᱚᱨᱚᱢ ᱢᱟᱪᱮᱫ ᱥᱮᱸᱫᱨᱟᱭᱮ ᱡᱟᱦᱟᱸᱭ ᱫᱚ ᱞᱟᱦᱟᱛᱮᱱ ᱠᱷᱚᱱ ᱜᱟᱹᱠᱷᱩᱲᱮ ᱛᱟᱦᱮᱸᱠᱟᱱ ᱫᱚ ᱟᱸᱴ ᱵᱟᱝ ᱛᱟᱦᱮᱸᱠᱟᱱᱟ ᱾"
1416,प्रचारक को और सात मन्‍नतों को पूरा करने के लिए आंशिक अनुपालन दिया जाता है ।,ᱵᱟᱹᱲᱛᱤ ᱮᱭᱟᱭ ᱜᱚᱴᱟᱝ ᱠᱤᱨᱭᱟᱹ ᱥᱟᱶᱛᱮ ᱚᱲᱟᱜ ᱠᱚᱨᱮᱱ ᱞᱟᱹᱜᱤᱫ ᱠᱤᱪᱷᱤ ᱯᱟᱞᱟᱣ ᱦᱩᱭᱩᱜ ᱟ ᱾
1417,"उसी प्रकार, दूसरे श्रेणीाना, या मित्र, उन पर जो उस पर दोष लगाते हैं, आक्रमण किया जाता है; ऐसे व्यक्‍तियों को उस से दूर रहना चाहिए ।","ᱚᱱᱠᱟᱜᱮ, ᱫᱚᱥᱟᱨ ᱪᱟᱱᱟᱪ ᱨᱮᱱ ᱯᱟᱹᱴᱷᱣᱟᱹ, ᱮᱭᱟᱨᱭᱟᱢᱱᱟ, ᱥᱮ ᱜᱟᱛᱮ, ᱩᱱᱠᱩ ᱫᱟᱨᱟᱭ ᱛᱮᱭ ᱞᱚᱦᱚᱡᱩᱨᱤ ᱞᱮᱱᱟ ᱡᱟᱸᱦᱟᱭ ᱩᱱᱤᱠᱚ ᱫᱩᱥᱟᱹᱣ ᱞᱮᱫᱮᱭᱟ ; ᱱᱚᱝᱠᱟᱱ ᱦᱚᱲ ᱠᱚᱫᱚ ᱩᱱᱤ ᱠᱷᱚᱱ ᱥᱟᱦᱟᱨᱮ ᱫᱚᱦᱚ ᱞᱟᱹᱠᱛᱤ ᱠᱟᱱᱟ ᱾"
1418,"ईश्‍वरीय वचन के द्वारा प्रभु की महिमा का गीत गाओ, एक पश्‍चातापी पापी को छुड़ा सकता है, और इस प्रकार कर्म करना बन्द कर देता है ।","ᱵᱚᱸᱜᱟ ᱟᱹᱲᱟᱹ ᱛᱟᱞᱟᱛᱮ ᱵᱚᱸᱜᱟ ᱟᱜ ᱢᱟᱹᱦᱤᱢᱟ ᱥᱮᱨᱮᱧᱟᱱ ᱢᱤᱫ ᱠᱟᱥᱛᱟᱣᱟᱱ ᱯᱟᱹᱯᱤ ᱪᱷᱟᱹᱲᱮ ᱮᱢ ᱫᱟᱲᱮ ᱟᱭᱟ, ᱟᱨ ᱱᱚᱝᱠᱟ ᱞᱮᱠᱟᱛᱮ ᱠᱚᱨᱢᱚ ᱨᱮᱭᱟᱜ ᱢᱚᱛᱚᱵᱟᱫ ᱠᱟᱹᱢᱤᱭ ᱵᱚᱱᱫᱚ ᱫᱟᱲᱮᱭᱟᱜᱼᱟ ᱾"
1419,"उच्च है Xveru, जो अब तक खुद के लायक है और कोई धार्मिक उपदेश की आवश्यकता नहीं है; एयरमैना, या दोस्त, जो लोगों को गुमराह करने से रोकता है, और वरा, या कारीगर, जो धरती पर सक्रिय खेत का काम करता है और विश्‍वास को फैलाने के लिए है.","ᱡᱚᱛᱚᱠᱷᱚᱱ ᱢᱟᱨᱟᱝᱟᱜ ᱫᱚ ᱡᱟᱭᱛᱩ, ᱡᱟᱸᱦᱟᱭᱫᱚ ᱟᱡᱽᱛᱮᱭ ᱯᱩᱨᱩᱱ ᱜᱮᱭᱟ ᱟᱨ ᱫᱷᱚᱨᱚᱢ ᱟᱹᱱᱟᱹᱨᱤ ᱨᱮᱭᱟᱜ ᱞᱟᱹᱠᱛᱤ ᱵᱟᱹᱱᱩᱜᱼᱟ ; ᱟᱨᱭᱟᱢᱱᱟ, ᱥᱮ ᱜᱟᱛᱮ, ᱡᱟᱸᱦᱟᱭ ᱠᱚᱫᱚ ᱦᱚᱲᱠᱚ ᱵᱟᱹᱲᱤᱡ ᱦᱚᱨᱛᱮ ᱪᱟᱞᱟᱜ ᱠᱷᱚᱱ ᱵᱟᱧᱪᱟᱣ ᱞᱟᱹᱜᱤᱫ ᱩᱱᱠᱩ ᱥᱟᱶᱛᱮᱠᱚ ᱜᱟᱛᱮᱜᱼᱟ ; ᱟᱨ ᱵᱷᱮᱨᱮᱡᱟᱱᱟᱜ, ᱥᱮ ᱠᱟᱹᱢᱤᱠᱚ, ᱡᱟᱸᱦᱟᱭᱫᱚ ᱦᱚᱲ ᱠᱚ ᱛᱟᱞᱟᱨᱮ ᱠᱟᱹᱢᱤ ᱟᱹᱰᱤᱜᱮᱭ ᱡᱷᱩᱸᱠ ᱜᱮᱭᱟ ᱟᱨ ᱯᱟᱹᱛᱭᱟᱹᱣ ᱠᱚ ᱯᱟᱥᱱᱟᱣᱼᱟ ᱾"
1420,यह सवाल गलत तरीके से किया जाता है ।,ᱵᱩᱫᱫᱷᱚ ᱫᱚ ᱥᱮᱸᱜᱮᱞ ᱨᱮᱭᱟᱜ ᱱᱚᱶᱟ ᱪᱤᱛᱟᱹᱨᱮ ᱧᱩᱢᱦᱟᱞᱟᱝ ᱟᱠᱟᱫᱟ ᱟᱨ ᱠᱩᱠᱞᱤᱛᱮᱫ ᱦᱤᱲᱤᱡ ᱞᱮᱠᱟᱛᱮ ᱠᱚᱨᱟᱣ ᱦᱩᱭᱞᱮᱱᱟᱭ ᱥᱮᱞᱮᱫ ᱟᱠᱟᱫᱟ ᱾
1421,बौद्ध धर्म कहता है कि मरने के बाद एक इंसान कभी - भी ज़िंदा नहीं होता ।,ᱵᱩᱫᱫᱷᱚᱭ ᱢᱮᱱᱟ ᱱᱚᱣᱟ ᱢᱮᱱ ᱫᱚ ᱵᱟᱝ ᱴᱷᱤᱠᱟ ᱡᱮ ᱜᱚᱡ ᱛᱟᱭᱚᱢ ᱢᱤᱫᱴᱟᱝ ᱟᱨᱟᱦᱟᱱᱛ ᱫᱚ ᱢᱮᱱᱟᱭᱟ ᱥᱮ ᱵᱟᱝ ᱾
1422,अपनी आखिरी घड़ी तक उसने इंसानों की मिसाल और आज्ञा के मुताबिक काम किया ।,"ᱟᱡᱟᱜ ᱢᱩᱪᱟᱹᱫ ᱜᱷᱟᱹᱲᱤᱠ ᱦᱟᱹᱵᱤᱡ, ᱩᱱᱤᱫᱚ ᱫᱟᱹᱭᱠᱟᱹ ᱟᱨ ᱥᱟᱞᱦᱟ ᱫᱟᱨᱟᱭᱛᱮ ᱢᱟᱱᱶᱟ ᱥᱮᱵᱟᱭ ᱠᱟᱹᱢᱤᱭᱟᱠᱟᱫᱟ ᱾"
1423,"इस मन्‍नत के मुताबिक, घर - मालिक को किसी के साथ शारीरिक संबंध नहीं रखना चाहिए, बल्कि अपने ही कानूनी शादी - शुदा साथी के साथ रिश्‍ता रखना चाहिए ।","ᱱᱤᱭᱟᱹ ᱠᱤᱨᱤᱭᱟᱹ ᱨᱮ, ᱯᱲᱟᱜᱢᱩᱠᱷᱭᱟᱣᱟᱜ ᱫᱚ ᱮᱴᱟᱜ ᱦᱚᱲ ᱥᱟᱸᱣ ᱥᱮᱱᱥᱩᱭᱟᱹᱞ ᱥᱚᱢᱵᱚᱱᱫᱷ ᱫᱚᱦᱚᱭ ᱵᱟᱝ ᱡᱟᱹᱨᱩᱲᱠᱟᱱᱟ ᱮᱠᱮᱱ ᱟᱡᱨᱮᱱ ᱱᱤᱡᱽ ᱟᱹᱭᱫᱟᱹᱨᱟᱱ ᱵᱟᱯᱞᱟᱭᱤᱡᱽ ᱡᱟᱶᱟᱭ ᱥᱟᱸᱣ ᱜᱤ ᱛᱟᱦᱮᱸᱱᱢᱟ ᱾"
1424,"छ: मनुष्य एक साथ आकाश के लिए जाते हैं, परन्तु सब मार्ग ही पर मर जाते हैं, केवल एक छोटा कुत्ता ही है जो आकाश के फाटकों के साथ आता है ।","ᱛᱩᱨᱩᱭ ᱡᱚᱱᱟ ᱢᱤᱫ ᱥᱟᱶᱛᱮ ᱥᱚᱨᱚᱜ ᱥᱮᱱᱠᱚ ᱢᱚᱦᱰᱟᱭᱮᱱᱟ, ᱢᱮᱱᱠᱷᱟᱱ ᱦᱚᱨ ᱨᱮᱜᱮ ᱠᱚ ᱜᱚᱡ ᱮᱱᱟ, ᱡᱩᱫᱷᱤᱥᱴᱷᱤᱨ ᱵᱟᱫ ᱠᱟᱛᱮᱜ, ᱡᱟᱸᱦᱟᱭᱫᱚ ᱢᱤᱫ ᱦᱩᱰᱤᱧ ᱥᱮᱛᱟ ᱥᱟᱶᱛᱮ ᱥᱚᱨᱚᱜ ᱫᱩᱣᱟᱹᱨ ᱦᱟᱹᱵᱤᱡᱮ ᱥᱮᱴᱮᱨᱞᱮᱱᱟ, ᱡᱟᱸᱦᱟᱭᱫᱚ ᱵᱚᱸᱜᱟ ᱫᱷᱚᱨᱚᱢᱟᱜ ᱚᱵᱚᱛᱟᱨᱮ ᱦᱩᱭᱞᱮᱱᱟ ᱾"
1425,"धर्म - सिद्धांत, धर्म, रंग, जाति, जाति, धर्म, धर्म, धर्म या देश के अलग - अलग पहलुओं में हर इंसान के पास एक ही स्वर्गीय ज्योति है ।","ᱥᱤᱠᱷ ᱫᱷᱚᱨᱚᱢ ᱨᱮᱭᱟᱜ ᱡᱩᱛᱷᱩᱲᱟᱱᱟᱜ ᱦᱚᱨᱟ ᱦᱚᱨᱟ ᱦᱩᱭᱩᱜ ᱠᱟᱱᱟ ᱡᱮ ᱱᱚᱶᱟ ᱫᱚ ᱡᱟᱹᱛᱤ, ᱫᱷᱚᱨᱚᱢ, ᱨᱚᱝ, ᱡᱟᱹᱛᱤ, ᱡᱟᱱᱟᱝ, ᱫᱷᱚᱨᱚᱢ ᱥᱮ ᱡᱟᱹᱛᱤᱭᱟᱹᱨᱤ ᱥᱟᱱᱟᱢ ᱠᱚ ᱨᱮᱸᱜᱮᱡ ᱥᱮ ᱠᱤᱥᱟᱹᱲ, ᱪᱮᱛᱟᱱ ᱥᱮ ᱞᱟᱛᱟᱨ, ᱥᱟᱱᱟᱢ ᱦᱚᱲ ᱠᱚ ᱢᱩᱫᱨᱮ ᱢᱤᱫ ᱥᱚᱨᱚᱜ ᱨᱮᱭᱟᱜ ᱟᱨᱥᱟᱞ ᱢᱮᱱᱟᱜᱼᱟ ᱢᱮᱱᱛᱮᱭ ᱵᱟᱛᱟᱣᱼᱟ ᱾"
1426,इसलिए मंदिर के दरवाज़े इस संसार में किसी भी पूर्वधारणा या सामाजिक पक्षपात के बिना सब के खुले हैं ।,ᱚᱱᱟᱛᱮ ᱜᱩᱨᱩᱫᱟᱨ ( ᱜᱩᱨᱩᱼᱟᱦ ᱚᱲᱟᱜ ) ᱧᱩᱛᱩᱢᱟᱱ ᱥᱤᱠᱷ ᱢᱩᱱᱫᱤᱨ ᱨᱮᱭᱟᱜ ᱫᱩᱣᱟᱹᱨᱱᱚᱶᱟ ᱫᱷᱟᱹᱨᱛᱤᱨᱮᱱ ᱥᱟᱱᱟᱢ ᱦᱚᱲᱠᱚ ᱞᱟᱹᱜᱤᱫ ᱡᱷᱤᱡᱽ ᱢᱮᱱᱟᱜᱼᱟ ᱡᱟᱸᱦᱟ ᱞᱮᱠᱟᱱ ᱵᱷᱮᱯᱮᱜᱮᱫ ᱥᱮ ᱥᱟᱶᱛᱟ ᱵᱷᱮᱯᱮᱜᱮᱫ ᱪᱷᱟᱰᱟᱜᱮ ᱾
1427,यह भी भविष्य का उद्धारकर्ता है ।,ᱱᱚᱣᱟ ᱫᱚ ᱟᱜᱟᱢ ᱨᱮᱭᱟᱜ ᱵᱟᱧᱪᱟᱣ ᱦᱚᱸ ᱠᱟᱱᱟ ᱾
1428,"शायद गत में सबसे महत्त्वपूर्ण आयत, अध्याय ४५, आयत ८, भविष्यद्वक्‍ता जारा ने आख़िरकार सर्वशक्‍तिमान परमेश्‍वर को अपनी मन की आँखों से देखने को मिलता है, जो अच्छे विचारों, अच्छे शब्दों, और भले कार्यों के पवित्र मार्ग के रूप में उतारा जाता है ।","ᱦᱩᱭ ᱫᱟᱲᱮᱭᱟᱜᱼᱟ ᱜᱟᱛᱷᱟ ᱨᱮᱭᱟᱜ ᱡᱚᱛᱚᱠᱷᱚᱱ ᱞᱟᱹᱠᱛᱤᱭᱟᱱᱟᱜ ᱛᱷᱟᱨ, ᱦᱟᱹᱴᱤᱧ ᱔᱕, ᱛᱷᱚᱠ ᱘, ᱢᱩᱪᱟᱹᱫᱨᱮ ᱱᱟᱹᱵᱤ ᱡᱚᱨᱟᱛᱨᱩᱥᱴᱨᱚ ᱫᱚ ᱥᱟᱱᱟᱢ ᱫᱟᱲᱮᱭᱟᱱ ᱪᱟᱸᱫᱳ ᱟᱡᱟᱜ ᱚᱱᱛᱚᱨ ᱢᱮᱫᱛᱮᱭ ᱟᱹᱭᱠᱟᱹᱣ ᱫᱟᱲᱮᱭᱟᱜᱼᱟ, ᱡᱟᱸᱦᱟᱭᱟᱜ ᱯᱟᱸᱡᱟᱨᱮ ᱱᱟᱯᱟᱭ ᱩᱭᱦᱟᱹᱨ, ᱱᱟᱯᱟᱭ ᱠᱟᱛᱷᱟ ᱟᱨ ᱱᱟᱯᱟᱭ ᱠᱟᱹᱢᱤ ᱨᱮᱭᱟᱜ ᱱᱤᱨᱟᱹᱞᱟ ᱯᱮᱭᱟᱼᱛᱮᱛᱮᱫ ᱜᱚᱴᱟ ᱟᱠᱟᱱᱟ, ᱥᱟᱹᱨᱤ ᱰᱟᱦᱟᱨ ᱡᱟᱸᱦᱟᱫᱚ ᱢᱟᱱᱶᱟ ᱡᱟᱹᱛᱤᱠᱚᱭ ᱯᱟᱸᱡᱟ ᱠᱚᱣᱟ ᱾"
1429,इनमें से कुछ आयतों में साफ - साफ बताया गया है कि उसे इंसानों से क्या कहना चाहिए ।,"ᱱᱤᱭᱟᱹ ᱥᱞᱳᱠ ᱢᱩᱫᱨᱮ ᱠᱤᱪᱷᱤ ᱩᱫᱜᱷᱟᱹᱴᱚᱱ ᱨᱮᱭᱟᱜ ᱫᱷᱚᱨᱚᱱᱮ ᱩᱫᱩᱜᱟᱠᱟᱫᱟ, ᱡᱟᱦᱟᱹ ᱨᱮᱫᱚ ᱥᱚᱱᱚᱛ ᱚᱱᱛᱚᱨ ᱡᱚᱨᱟᱛᱷᱩᱥᱴᱨᱚ ᱨᱮ ᱵᱚᱞᱚᱱᱟ ᱟᱨ ᱢᱟᱱᱣᱟᱡᱟᱹᱛᱤᱠᱩ ᱪᱮᱫ ᱞᱟᱹᱭ ᱜᱟᱱᱚᱜᱽ ᱚᱱᱟᱭ ᱞᱟᱹᱭᱟ ᱾"
1430,"एक तीसरे व्यक्‍ति जिसका नाम बॆनवा है, वह फिर से एक झूठा और झूठा है, इस प्रकार अपने झुंड को सामान्य रूप से ऐसे व्यक्‍तियों के साथ संगति करने से रोकता है ।","ᱧᱩᱛᱩᱢ ᱫᱟᱨᱟᱭᱛᱮ ᱚᱞ ᱥᱚᱫᱚᱨ ᱛᱮᱥᱟᱨ ᱦᱚᱲᱫᱚᱭ ᱦᱩᱭᱩᱜ ᱠᱟᱱᱟ ᱵᱮᱱᱰᱵᱷᱟ, ᱡᱟᱸᱦᱟᱭᱫᱚ ᱥᱚᱵᱷᱟᱵᱛᱮ ᱵᱟᱨᱜᱩᱱᱮ ᱮᱲᱮᱭᱟ ᱟᱨ ᱮᱲᱮ ᱦᱚᱲᱮ ᱢᱮᱱᱛᱮᱠᱚ ᱢᱮᱛᱟᱭᱟ, ᱱᱚᱝᱠᱟ ᱞᱮᱠᱟᱛᱮ ᱡᱚᱨᱟᱛᱨᱷᱩᱴᱨᱚ ᱫᱚ ᱟᱡᱽᱨᱮᱱ ᱜᱟᱫᱮᱞᱠᱚ ᱥᱟᱫᱷᱟᱨᱚᱱ ᱞᱮᱠᱟᱛᱮ ᱱᱚᱝᱠᱟᱱ ᱦᱚᱲ ᱥᱟᱶᱛᱮ ᱢᱮᱥᱟᱜ ᱮ ᱢᱟᱱᱟ ᱞᱮᱫ ᱠᱚᱣᱟ ᱾"
1431,"स्व - नियंत्रण और विश्वास के महत्त्व के बारे में पेश किए गए विचारों को और अधिक गहरा और संबंधित विचारों को महत्व देता है, लेकिन सभी से ऊपर, मोहता, या भक्ति.","ᱜᱤᱛᱟ ᱨᱮᱭᱟᱜ ᱵᱟᱹᱠᱤ ᱦᱤᱸᱥ ᱫᱚ ᱱᱤᱡᱼᱥᱟᱢᱲᱟᱣ ᱟᱨ ᱯᱟᱹᱛᱭᱟᱹᱣ ᱨᱮᱭᱟᱜ ᱜᱩᱨᱩᱛᱛᱚ ᱥᱚᱢᱟᱱᱛᱮᱱᱟᱜᱽ ᱟᱨ ᱱᱤᱥᱥᱟᱨᱛᱷᱚ ᱨᱮᱭᱟᱜ ᱜᱩᱨᱩᱛᱛᱚ ᱵᱟᱵᱚᱛ ᱮᱯᱤᱯᱷᱮᱱᱤ ᱥᱟᱢᱟᱝ ᱨᱮ ᱩᱫᱩᱜᱽ ᱥᱚᱫᱚᱨᱟᱠᱟᱱ ᱫᱷᱟᱨᱚᱱᱟᱠᱩ ᱜᱟᱹᱦᱤᱨ ᱟᱨᱮ ᱯᱮᱨᱮᱡᱽᱯᱩᱨᱩᱱᱮᱫᱟ, ᱢᱮᱱᱠᱷᱟᱱ ᱡᱚᱛᱚ ᱞᱮᱠᱟᱱᱟᱜᱽ ᱵᱷᱟᱹᱠᱛᱤ ᱥᱮ ᱵᱤᱱᱛᱤ ᱵᱟᱵᱚᱛ ᱜᱤ ᱠᱟᱱᱟ ᱾"
1432,"इन आयतों में, ज़ारार्ट स्पाकू की तरह बनने का चुनाव करता है, जिसे सबसे ज़्यादा इंसान का मन प्राप्त कर सकता है ।","ᱱᱚᱶᱟ ᱥᱞᱳᱠ ᱠᱚᱨᱮ, ᱡᱚᱨᱟᱛᱷᱨᱩᱥᱴᱨᱚ ᱥᱯᱮᱱᱴᱟ ᱢᱟᱭᱱᱩᱨ ᱞᱮᱠᱟᱱᱟᱜ ᱠᱷᱚᱱᱮ ᱵᱟᱪᱷᱟᱣᱼᱟ,ᱡᱟᱸᱦᱟᱭ ᱫᱚ ᱦᱚᱲᱟᱜ ᱢᱚᱱᱮ ᱧᱟᱢ ᱫᱟᱲᱮᱭᱟᱜ ᱞᱮᱠᱟᱱ ᱪᱮᱛᱟᱱ ᱩᱛᱟᱹᱨᱟᱱ ᱥᱟᱶᱛᱮᱭ ᱥᱚᱢᱟᱱ ᱜᱮᱭᱟ ᱾"
1433,फिर वह तत्त्वज्ञानियों और उद्धार के तरीक़ों की एक झलक पर एरना लेता है ।,ᱤᱱᱟᱹ ᱛᱟᱭᱚᱢ ᱩᱱᱤᱫᱚ ᱚᱨᱡᱩᱱ ᱥᱟᱹᱨᱭᱟᱹᱲᱟᱱᱟᱜ ᱩᱭᱦᱟᱹᱨ ᱵᱷᱟᱵᱱᱟ ᱟᱨ ᱵᱟᱧᱪᱟᱣ ᱨᱮᱭᱟᱜ ᱩᱯᱟᱹᱭ ᱥᱟᱸᱜᱷᱟᱨᱮ ᱤᱫᱤ ᱠᱮᱫᱮᱭᱟ ᱾
1434,"Gia का यह हिस्सा एक भारी दर्शन में पराकाष्ठा पर आ जाता है : Mujuunda अपने सुपरप्रा रूप को देखने की अनुमति देता है, वो वर्मा के दिल में आतंक मचा देता है.","ᱜᱤᱛᱟ ᱨᱮᱭᱟᱜ ᱱᱤᱭᱟᱹ ᱦᱤᱸᱥ ᱢᱤᱫᱴᱟᱝ ᱵᱟᱝ ᱟᱴᱚᱜᱚᱜᱽ ᱧᱮᱞᱛᱮ ᱢᱩᱪᱟᱹᱫᱚᱜᱽ ᱠᱟᱱᱟᱺ ᱠᱨᱤᱥᱱᱚ ᱫᱚ ᱟᱭᱟᱜ ᱵᱟᱝ ᱥᱟᱹᱨᱤᱭᱟᱜ ᱯᱷᱚᱨᱢ ᱵᱤᱥᱥᱚᱨᱩᱯᱼᱮ ᱩᱫᱩᱜᱟᱭᱟ, ᱡᱟᱦᱟᱹ ᱫᱚ ᱚᱨᱡᱩᱱᱟᱜ ᱢᱚᱱᱨᱮ ᱵᱚᱛᱚᱨᱮ ᱥᱤᱨᱡᱟᱹᱣᱟ ᱾"
1435,"फिर एक कमीने राजा था, दारा नोहोस; नहोहो का अर्थ है किसी का बेटा, जो नाजायज़ संबंध रखता है, जैसे विलियम विजेता ।","ᱩᱱᱚᱠᱛᱮ ᱚᱱᱸᱰᱮ ᱢᱤᱫᱴᱟᱝ ᱵᱟᱥᱛᱟᱨᱰ ᱨᱟᱡᱟ, ᱫᱟᱨᱤᱭᱩᱥ ᱱᱟᱛᱷᱚᱥᱼᱮ ᱛᱟᱦᱮᱸᱠᱟᱱᱟ; ᱱᱚᱛᱷᱚᱥ ᱨᱮᱭᱟᱜ ᱢᱮᱱᱮᱫᱽ ᱫᱚ ᱣᱤᱞᱞᱤᱭᱟᱢ ᱡᱤᱛᱠᱟᱹᱨᱤᱭᱟᱹ ᱞᱮᱠᱟᱱ ᱡᱟᱦᱟᱸᱭ ᱨᱮᱱ ᱵᱤᱫᱦᱣᱟᱹ ᱜᱤᱫᱨᱟᱹ ᱦᱚᱯᱚᱱ ᱾"
1436,"फिर हमारे पास अर्तक्षत्र II है, जो उस आदमी का ध्यान रखता था ।","ᱤᱱᱟᱹᱛᱟᱭᱚᱢ ᱟᱵᱳᱴᱷᱮᱱ ᱫᱚᱥᱟᱨ ᱟᱨᱴᱮᱠᱥᱟᱨᱥᱮᱥ, ᱡᱟᱸᱦᱟᱭ ᱫᱚ ᱩᱭᱦᱟᱹᱨᱟᱱᱮ ᱛᱟᱸᱦᱮᱠᱟᱱᱟ ᱾"
1437,"उसे कहा गया है कि वह इस पृथ्वी के भौतिक पक्ष में आध्यात्मिक रूप से नहीं, और इस प्रकार ज़ाराफिम द्वारा निन्दा की जाती है ।",ᱩᱱᱤᱫᱚ ᱟᱫᱷᱟᱛᱤᱠ ᱵᱚᱫᱚᱞᱛᱮ ᱱᱚᱶᱟ ᱫᱷᱟᱹᱨᱛᱤ ᱨᱮᱭᱟᱜ ᱫᱩᱨᱤᱵᱟᱱ ᱯᱟᱦᱟᱴᱟ ᱠᱚᱨ ᱟᱨᱥᱟᱞ ᱟᱠᱟᱫᱟ ᱢᱮᱱᱛᱮ ᱞᱟᱹᱭ ᱟᱠᱟᱱᱟ ᱟᱨ ᱱᱚᱝᱠᱟ ᱞᱮᱠᱟᱛᱮ ᱡᱚᱨᱟᱛᱷᱨᱩᱥᱴᱨᱚ ᱫᱟᱭᱟᱭᱛᱮ ᱱᱤᱱᱫᱟᱹ ᱟᱠᱟᱱᱟ ᱾
1438,"पहले यमामा है, जो प्रसिद्ध राजा जाप के अलावा और कोई नहीं है, जिसके बाद मार्च के २१वें पर्व का नाम दिया गया है ।","ᱯᱟᱹᱦᱤᱞᱤᱡᱽ ᱫᱚ ᱭᱤᱢᱟ, ᱡᱟᱦᱟᱹᱭ ᱫᱚ ᱚᱠᱚᱭ ᱜᱤ ᱵᱟᱝ ᱧᱩᱛᱩᱢᱟᱱ ᱨᱟᱡᱟ ᱡᱟᱢᱥᱮᱫ, ᱡᱟᱦᱟᱹᱭ ᱦᱚᱛᱮᱛᱮ ᱡᱟᱣ ᱥᱮᱨᱢᱟ ᱢᱟᱨᱪ ᱨᱮᱭᱟᱜ ᱒᱑ ᱢᱟᱹᱦᱤᱫ ᱨᱮ ᱢᱟᱱᱟᱜᱽ ᱱᱟᱵᱷᱨᱳᱡ ᱯᱚᱨᱚᱵ ᱫᱚ ᱧᱩᱛᱩᱢᱟᱠᱟᱱᱟ ᱾"
1439,"इस भ्रम को हटाने के लिए, एक व्यक्‍ति बिना किसी स्वार्थ के शपथ लेता है और आत्मा की परिपूर्णता को समझता है ।","ᱱᱚᱶᱟ ᱦᱤᱫᱤᱡ ᱚᱪᱚᱜ ᱞᱟᱹᱜᱤᱫ, ᱡᱟᱸᱦᱟᱭ ᱵᱮᱜᱚᱨᱼᱚᱨᱡᱚᱱᱟᱱ ᱠᱤᱨᱭᱟᱹᱭ ᱦᱟᱛᱟᱣ ᱟᱠᱟᱫᱟ ᱟᱨ ᱟᱸᱛᱛᱟ ᱨᱮᱭᱟᱜ ᱯᱮᱨᱮᱡ ᱯᱩᱨᱩᱱᱮ ᱟᱹᱭᱠᱟᱹᱣᱼᱟ ᱾"
1440,इस मंदिर की तुलना सा. यु. पू.,"ᱱᱟᱜᱟᱨᱟ ᱢᱩᱱᱫᱤᱨ ᱩᱞᱴᱟᱹᱨᱮ, ᱫᱨᱟᱵᱤᱲ ᱢᱩᱱᱫᱤᱨᱫᱚ ᱢᱤᱫ ᱯᱟᱹᱪᱨᱤ ᱛᱟᱞᱟᱨᱮ ᱮᱥᱮᱫ ᱜᱮᱭᱟ ᱾"
1441,"लेकिन, वह परमेश्‍वर की ओर से एक संदेश है जो मनुष्यजाति को बुराई से बचाने के लिए आया है ।","ᱡᱟᱸᱦᱟᱭᱮᱱᱜᱮ, ᱩᱱᱤᱫᱚ ᱢᱤᱫ ᱥᱳᱥᱟᱱᱛ ᱡᱟᱸᱦᱟᱭᱫᱚ ᱵᱟᱹᱲᱤᱡ ᱠᱷᱚᱱ ᱢᱟᱱᱶᱟᱡᱟᱹᱛᱤ ᱠᱚ ᱵᱟᱧᱪᱟᱣ ᱞᱟᱹᱜᱤᱫ ᱪᱟᱸᱫᱳᱣᱟᱜ ᱥᱟᱸᱫᱮᱥᱮ ᱟᱹᱜᱩᱣᱟᱠᱟᱫᱟ ᱾"
1442,हम ने पहले ही देखा है कि माँ कैसे एक संरक्षक बनना चाहती थी और यह कैसे कार्यात्मक रूप से नियुक्‍त किया गया ।,ᱟᱵᱳ ᱤᱱᱟᱹ ᱢᱩᱫ ᱨᱮᱜᱮ ᱵᱚ ᱧᱮᱞ ᱟᱠᱟᱫᱟ ᱫᱷᱟᱹᱨᱛᱤ ᱟᱭᱳ ᱪᱮᱫ ᱞᱮᱠᱟ ᱢᱤᱫ ᱨᱩᱠᱷᱤᱭᱟᱹᱣᱤᱡ ᱵᱟᱦᱟᱞᱮ ᱠᱷᱚᱡᱞᱮᱫᱟ ᱟᱨ ᱪᱮᱫ ᱞᱮᱠᱟ ᱠᱟᱛᱮᱜ ᱡᱚᱨᱟᱛᱨᱩᱥᱴᱨᱚ ᱵᱟᱦᱟᱞ ᱦᱩᱭᱞᱮᱱᱟ ᱾
1443,"जब आराना युद्ध करने से मना करती है, तो Karacry उसके साथ कोई धैर्य नहीं है.","ᱚᱨᱡᱩᱱ ᱡᱚᱠᱷᱚᱱ ᱞᱟᱹᱲᱦᱟᱹᱭ ᱞᱟᱹᱜᱤᱫ ᱮ ᱢᱟᱱᱟ ᱠᱮᱫᱟ, ᱠᱨᱤᱥᱱᱚᱼᱟᱜ ᱫᱷᱳᱨᱡᱚ ᱵᱟᱝ ᱛᱟᱸᱦᱮᱱᱟ ᱾"
1444,"इस प्रकार, एक महत्त्वपूर्ण आयत में, जो लोग मैगन भाईचारे के पहले भाग में आत्म - निर्भर हैं, विरोधी विचार से सावधान रहना चाहिए, कि नम्रता और अहंकार होने का विचार उन लोगों के पीछे हो लेना चाहिए जो सबसे ऊँची श्रेणी तक पहुँच चुके हैं ।","ᱱᱚᱝᱠᱟᱞᱮᱠᱟᱛᱮ, ᱢᱤᱫᱴᱟᱝ ᱢᱮᱱᱮᱛᱟᱱᱟᱜᱽ ᱟᱭᱟᱛ ᱨᱮ ᱞᱟᱹᱭᱟᱠᱟᱱᱟ, ᱡᱟᱦᱟᱸᱭ ᱠᱩ ᱢᱚᱜ ᱵᱚᱭᱦᱟᱛᱮᱱᱟᱜ ᱯᱟᱹᱦᱤᱞ ᱛᱷᱟᱹᱨ ᱨᱮᱠᱩ ᱥᱟᱹᱫᱷᱤᱱ ᱜᱮᱭᱟ ᱩᱝᱠᱩ ᱫᱚ ᱵᱟᱹᱲᱤᱡᱽ ᱪᱤᱱᱛᱟᱹ ᱠᱷᱚᱱ ᱥᱚᱱᱛᱚᱨ ᱛᱟᱦᱮᱸᱱ ᱞᱟᱹᱜᱛᱤ ᱠᱟᱱᱟ, ᱫᱷᱟᱨᱚᱱᱟ ᱫᱚ ᱦᱩᱭᱩᱜ ᱠᱟᱱᱟ ᱡᱮᱱᱚᱢᱨᱚᱛ ᱟᱨ ᱜᱚᱨᱚᱵ ᱵᱟᱝ ᱱᱚᱝᱠᱟᱱ ᱦᱚᱲ ᱯᱟᱧᱡᱟᱜᱤ ᱞᱟᱹᱜᱛᱤ ᱠᱟᱱᱟ ᱡᱟᱦᱟᱸᱭ ᱫᱚ ᱪᱮᱛᱟᱱ ᱩᱛᱟᱹᱨ ᱛᱷᱟᱹᱨ ᱨᱮᱠᱩ ᱥᱮᱴᱮᱨᱟᱠᱟᱱᱟ ᱾"
1445,"टोक्यो के ऑलम्पिक चक्र के दौरान, मैं एक मनोवैज्ञानिक के पास जाता, लेकिन मैंने इसे कभी प्राथमिकता नहीं दी और अपने शरीर की देखभाल नहीं की ।","ᱴᱳᱠᱤᱭᱳ ᱚᱞᱤᱢᱯᱤᱠ ᱪᱟᱞᱟᱠ ᱚᱠᱛᱚ, ᱤᱧᱫᱚ ᱢᱤᱫ ᱢᱚᱱᱼᱥᱟᱸᱲᱮᱥᱤᱭᱟᱹ ᱴᱷᱮᱱᱤᱧ ᱪᱟᱞᱟᱜᱼᱟ, ᱢᱮᱱᱠᱷᱟᱱ ᱤᱧᱫᱚ ᱱᱚᱶᱟ ᱛᱤᱥᱦᱚᱸ ᱞᱟᱦᱟᱨᱮ ᱟᱹᱭᱫᱟᱹᱨ ᱵᱟᱹᱧ ᱮᱢᱟᱠᱟᱫᱟ ᱟᱨ ᱤᱧᱟᱹᱜ ᱦᱚᱲᱢᱚ ᱵᱟᱹᱧ ᱡᱚᱛᱚᱱ ᱟᱠᱟᱫᱟ ᱾"
1446,मैं अभी भी मुश्किल प्रशिक्षित करने की जरूरत है.,ᱤᱧᱫᱚ ᱱᱤᱛᱦᱚᱸ ᱟᱹᱰᱤ ᱠᱮᱴᱮᱡᱽ ᱛᱟᱹᱞᱤᱢ ᱞᱟᱹᱠᱛᱤᱭᱟᱹᱧ ᱢᱮᱱᱟᱜᱼᱟ ᱾
1447,"यह एक ओलंफ़ा होने के लिए महान है, लेकिन बाद में तनाव और चिंता है.","ᱢᱤᱫ ᱚᱞᱤᱢᱯᱤᱭᱟᱱ ᱦᱩᱭᱩᱜ ᱫᱚ ᱢᱚᱦᱚᱛᱜᱮᱭᱟ, ᱢᱮᱱᱠᱷᱟᱱ ᱛᱟᱭᱚᱢᱛᱮ ᱫᱚ ᱟᱡᱷᱟᱴ ᱟᱨ ᱵᱚᱛᱚᱨ ᱢᱮᱱᱟᱜᱼᱟ ᱾"
1448,"और हाँ, आप एक ओलंकी हैं, लेकिन आप इसके लिए क्या मिलता है?","ᱟᱨ ᱦᱮᱸ, ᱟᱢᱫᱚ ᱢᱤᱫ ᱚᱞᱤᱢᱯᱤᱭᱟᱱ, ᱢᱮᱱᱠᱷᱟᱱ ᱱᱚᱶᱟ ᱞᱟᱹᱜᱤᱫ ᱟᱢ ᱪᱮᱫ ᱮᱢ ᱧᱟᱢᱟ ?"
1449,मैं 2014 में उसकी मृत्यु से पहले यह हासिल नहीं किया था.,᱒᱐᱑᱔ ᱥᱟᱹᱦᱤᱛᱨᱮ ᱩᱱᱤ ᱜᱚᱡᱚᱜ ᱞᱟᱦᱟᱨᱮ ᱤᱧ ᱱᱚᱶᱟ ᱵᱟᱹᱧ ᱟᱨᱡᱟᱣ ᱰᱟᱲᱮᱭᱟᱠᱟᱫᱼᱟ ᱾
1450,"मुझे लगा कि वह मेरे साथ वहाँ था, आज रात मुझे देख रहा है.","ᱤᱧ ᱟᱹᱭᱠᱟᱹᱣ ᱠᱮᱫᱟ ᱚᱸᱰᱮ ᱩᱱᱤᱦᱚᱸ ᱤᱧ ᱥᱟᱶᱛᱮ ᱢᱮᱱᱟᱭᱟ, ᱛᱮᱦᱮᱧ ᱧᱤᱫᱟᱹ ᱤᱧ ᱪᱮᱛᱟᱱᱨᱮ ᱱᱚᱡᱚᱨᱮ ᱫᱚᱦᱚᱭᱮᱫᱟ ᱾"
1451,"इस दल के एक सदस्य को सज़ा की जगह से मार डालने की इजाज़त दी जाती है, जिसमें सिर्फ एक ही लक्ष्य होता है कि वह मार डाला जाए ।","ᱜᱟᱫᱮᱞᱨᱮᱱ ᱢᱤᱫ ᱵᱟᱪᱷᱟᱣ ᱟᱠᱟᱱ ᱨᱟᱹᱥᱭᱟᱹ ᱯᱮᱱᱟᱞᱴᱤ ᱴᱷᱟᱶ ᱠᱷᱚᱱ ᱜᱳᱞ ᱨᱮ ᱛᱷᱤᱭᱟᱹᱭ ᱨᱮᱭᱟᱜ ᱪᱷᱟᱹᱲ ᱮᱢᱚᱜ ᱦᱩᱭᱩᱜᱼᱟ, ᱥᱟᱶᱛᱮ ᱜᱳᱞᱠᱤᱯᱟᱨ ᱦᱟᱨᱟᱣᱼᱮ ᱞᱟᱹᱜᱤᱫ ᱾"
1452,"इसके बजाय, यह ज़रूरी है कि आप उस वक्‍त तक उसकी रेखा पर बने रहें जब तक कि गेंद को लात मारी न जाए ।","ᱵᱚᱞ ᱟᱹᱣᱨᱤ ᱛᱷᱤᱭᱟᱹᱭ ᱦᱟᱹᱵᱤᱡ ᱜᱳᱞᱠᱤᱯᱟᱨᱫᱚ ᱮᱠᱟᱞᱜᱮ ᱟᱡᱟᱜ ᱞᱟᱭᱤᱱᱨᱮ ᱛᱟᱸᱦᱮᱱ ᱦᱩᱭᱩᱜ ᱛᱟᱭᱟ, ᱟᱨ ᱥᱟᱱᱟᱢ ᱠᱷᱮᱞᱚᱸᱰᱤᱭᱟᱹ ᱠᱚ ᱮᱠᱟᱞᱜᱮ ᱯᱮᱱᱟᱞᱴᱤ ᱴᱷᱟᱶ ᱛᱟᱭᱚᱢᱨᱮ ᱯᱮᱱᱟᱞᱴᱤ ᱨᱮᱭᱟᱜ ᱡᱟᱭᱜᱟ ᱵᱟᱨᱦᱮ ᱨᱮ ᱛᱟᱸᱦᱮᱱ ᱦᱩᱭᱩᱜ ᱛᱟᱠᱚᱣᱟ ᱾"
1453,"टीम खेल का मतलब है, खिलाड़ियों के साथ मिलकर काम करना ।",ᱢᱤᱫᱴᱟᱝ ᱴᱤᱢ ᱠᱷᱮᱞᱚᱸᱰ ᱢᱮᱱᱮᱫ ᱫᱚ ᱦᱟᱹᱴᱤᱧ ᱟᱠᱟᱫ ᱡᱚᱥ ᱞᱟᱹᱜᱤᱫ ᱠᱷᱮᱞᱚᱸᱰᱤᱭᱟᱹ ᱠᱚ ᱢᱤᱫ ᱥᱟᱶᱛᱮ ᱠᱟᱹᱢᱤᱭ ᱥᱟᱶᱛᱮ ᱦᱚᱲᱢᱚ ᱨᱮᱭᱟᱜ ᱠᱟᱹᱢᱤᱠᱚ ᱾
1454,"टीम खेलों में, एक ही टीम के एक समूह को एक साथ मिलकर खेल जीतने का उद्देश्‍य हासिल करने के लिए एकसाथ काम करना पड़ता है ।","ᱜᱟᱫᱮᱞ ᱟᱱᱟᱜ ᱠᱷᱮᱞᱚᱸᱰ ᱠᱚᱨᱮ, ᱢᱤᱫᱴᱟᱝ ᱜᱟᱫᱮᱞᱨᱮᱱ ᱢᱤᱫᱴᱟᱝ ᱦᱚᱲ ᱠᱦᱮᱞᱚᱱᱰᱨᱮᱱ ᱡᱤᱛᱠᱟᱹᱨᱤᱭᱟᱹ ᱦᱩᱭᱩᱜ ᱨᱮᱭᱟᱜ ᱡᱚᱥ ᱟᱨᱡᱟᱣ ᱞᱟᱹᱜᱤᱫ ᱢᱤᱫ ᱥᱟᱶᱛᱮᱠᱚ ᱠᱟᱹᱢᱤᱭᱟ ᱾"
1455,"साथ ही, वे अपने लक्ष्य हासिल करने के लिए मुश्‍किल - से - मुश्‍किल हालात का सामना करते हैं ।","ᱜᱟᱫᱮᱞᱨᱮᱱ ᱨᱟᱹᱥᱤᱭᱟᱹ ᱠᱚᱫᱚ ᱯᱚᱭᱮᱱᱴ ᱟᱨ ᱥᱠᱳᱨ ᱠᱚ ᱵᱮᱱᱟᱣᱼᱟ, ᱜᱚᱴᱟᱼᱱᱩᱴᱟᱹᱭᱟᱠᱚ, ᱟᱠᱚ ᱛᱟᱞᱟᱨᱮ ᱠᱚ ᱡᱳᱜᱟᱡᱳᱜᱼᱟ, ᱵᱤᱨᱩᱫᱷᱟᱱᱟᱜ ᱦᱟᱞᱚᱛ ᱪᱟᱪᱞᱟᱣᱼᱟ, ᱟᱨ ᱟᱠᱚᱣᱟᱜ ᱡᱚᱥ ᱧᱟᱢ ᱞᱟᱹᱜᱤᱫ ᱢᱤᱫ ᱜᱚᱲᱚᱟᱱ, ᱯᱟᱹᱛᱭᱟᱹᱣᱟᱱ ᱦᱟᱞᱚᱛᱨᱮ ᱮᱴᱠᱮᱴᱚᱱᱲᱮ ᱠᱚ ᱥᱚᱞᱦᱟᱭᱟ ᱾"
1456,"हालाँकि वह लगभग सब कुछ हासिल कर चुकी थी जो उसने एक छोटी लड़की के रूप में सपने देखा था, फिर भी टोक्यो के बाद श्‍बोबोवा को निराशा का एहसास होने लगा ।","ᱮᱱᱛᱮᱦᱚᱸ ᱩᱱᱤᱫᱚ ᱢᱤᱫ ᱠᱚᱢ ᱩᱢᱮᱨᱟᱱ ᱠᱩᱲᱤ ᱜᱤᱫᱨᱟᱹ ᱞᱮᱠᱟᱛᱮ ᱠᱩᱠᱢᱩᱭ ᱧᱮᱞ ᱞᱮᱫᱟ ᱚᱱᱢᱟᱱ ᱥᱟᱱᱟᱢᱟᱜ ᱜᱮᱭ ᱟᱨᱡᱟᱣ ᱞᱮᱫᱟ, ᱦᱳᱣᱟᱭᱤᱴᱵᱩᱭ ᱫᱚ ᱴᱳᱠᱤᱭᱳ ᱨᱮᱭᱟᱜ ᱛᱟᱭᱚᱢ ᱛᱮᱱᱟᱜ ᱨᱮ ᱟᱹᱲᱤᱥᱮ ᱟᱹᱭᱠᱟᱹᱣ ᱞᱮᱫᱟ ᱾"
1457,विश्‍व - भर में हुई महामारी ने ऑलम्पिकों के अनुभव से कुछ प्रकाश प्राप्त किया है ।,ᱡᱮᱜᱮᱫ ᱢᱟᱦᱟᱢᱟᱹᱨᱤ ᱫᱚ ᱚᱞᱤᱢᱯᱤᱠ ᱨᱮᱭᱟᱜ ᱵᱩᱡᱩᱱ ᱱᱟᱥᱮᱱᱟᱜᱼᱮ ᱟᱨᱥᱟᱞ ᱟᱠᱟᱫᱟ ᱾
1458,"एक प्रदर्शन खेल के दौरान, किसी ने टिप्पणी की कि खिलाड़ियों को पीछे छोड़कर जाल से बाहर जाना प्रतीत होता है, और शायद वेवॆल्‌ खेल के लिए एक ज़्यादा संक्षिप्त नाम होगा ।","ᱢᱤᱫᱴᱟᱝ ᱩᱫᱩᱜ ᱥᱚᱫᱚᱨ ᱠᱷᱮᱞᱚᱸᱰ ᱪᱟᱞᱟᱜ ᱚᱠᱛᱚ, ᱚᱠᱚᱭ ᱪᱚ ᱢᱤᱫᱦᱚᱲᱮ ᱚᱠᱛᱟ ᱞᱮᱫᱟ ᱡᱮ ᱠᱷᱮᱞᱚᱸᱰᱤᱭᱟᱹ ᱠᱚᱫᱚ ᱱᱮᱴ ᱨᱮᱭᱟᱜ ᱪᱮᱛᱟᱱ ᱞᱟᱛᱟᱨᱛᱮ ᱵᱚᱞ ᱠᱚ ᱵᱷᱚᱞᱤᱭᱮᱫᱟ ᱟᱨ ᱦᱩᱭ ᱫᱟᱲᱮᱭᱟᱜᱼᱟ ᱵᱷᱚᱞᱤᱵᱚᱞ ᱠᱷᱮᱞᱚᱸᱰ ᱞᱟᱹᱜᱤᱫ ᱫᱚ ᱟᱨᱦᱚᱸ ᱵᱚᱨᱱᱚᱱ ᱟᱱᱟᱜ ᱧᱩᱛᱩᱢᱚᱜᱼᱟ ᱾"
1459,सन्‌ 1895 के द होलीक (स्किया) में विलियम जी.,ᱵᱷᱚᱞᱤᱵᱚᱞ ᱠᱷᱮᱞᱚᱸᱰ ᱫᱚ ᱑᱘᱙᱕ ᱥᱟᱹᱦᱤᱛᱨᱮ ᱢᱮᱥᱟᱪᱩᱥᱮᱴ ᱨᱮᱭᱟᱜ ᱦᱚᱞᱤᱳᱠᱮ ᱳᱟᱭ ᱮᱢ ᱥᱤ ᱮ ( ᱤᱭᱩ ᱮᱥ ᱮ ) ᱦᱚᱛᱮᱛᱮ ᱩᱭᱞᱤᱭᱟᱢ ᱡᱤ ᱢᱚᱨᱜᱟᱱ ᱦᱚᱛᱮᱛᱮ ᱵᱮᱱᱟᱣ ᱞᱮᱱᱟ ᱾
1460,"फ़ील्ड हॉकी एक टीम का खेल है जिसमें खिलाड़ियों की एक टीम उन लक्ष्यों पर हमला करने, धक्का देने, या एक विरोधी टीम के लक्ष्य में गेंद खींचने की कोशिश करती है.","ᱯᱷᱤᱞᱰ ᱦᱚᱠᱤᱫᱚ ᱢᱤᱫ ᱜᱟᱫᱮᱞᱟᱱᱟᱜ ᱠᱷᱮᱞ ᱠᱟᱱᱟ ᱡᱟᱸᱦᱟᱨᱮ ᱠᱷᱮᱞᱚᱸᱰᱤᱭᱟᱹ ᱠᱚᱣᱟᱜ ᱢᱤᱫᱴᱟᱝ ᱜᱟᱫᱮᱞ ᱫᱚ ᱠᱚᱸᱲᱵᱮ ᱴᱷᱮᱸᱜᱟ ᱵᱮᱣᱦᱟᱨ ᱠᱟᱛᱮᱜ ᱫᱚᱥᱟᱨ ᱯᱟᱦᱟᱴᱟ ᱨᱮᱭᱟᱜ ᱜᱳᱞᱨᱮ ᱵᱚᱞ ᱛᱟᱹᱠᱤᱡ, ᱥᱠᱩᱯᱤᱝ, ᱴᱷᱮᱞᱟᱣ ᱥᱮ ᱯᱷᱞᱤᱠ ᱠᱟᱛᱮᱜ ᱜᱳᱞ ᱨᱮᱭᱟᱜ ᱠᱚ ᱨᱤᱠᱟᱹᱭᱟ ᱾"
1461,"हालांकि, इस नाम का प्रयोग ऐसे देशों में किया जाता है जहाँ शब्द ""होकी"" आम तौर पर होकी के किसी अन्य प्रकार के लिए रखा जाता है, जैसे कि बर्फ़ होकी या गली होकी।","ᱡᱟᱸᱦᱟᱭᱮᱱᱜᱮ, ''ᱯᱷᱤᱞᱰ ᱦᱚᱠᱤ'' ᱧᱩᱛᱩᱢᱫᱚ ᱚᱱᱟᱠᱚ ᱫᱤᱥᱚᱢᱨᱮ ᱱᱮᱣᱦᱟᱨᱚᱜᱼᱟ ᱡᱟᱸᱦᱟ ᱠᱚᱨᱮ ''ᱦᱚᱠᱤ'' ᱟᱹᱲᱟᱹ ᱫᱚ ᱥᱟᱫᱷᱟᱨᱚᱱᱚᱛᱚ ᱦᱚᱠᱤ ᱨᱮᱭᱟᱜ ᱮᱴᱟᱜ ᱨᱩᱯ ᱞᱮᱠᱟᱮ ᱨᱟᱠᱷᱟ ᱫᱚᱦᱚ ᱟᱠᱟᱱᱟ, ᱡᱟᱸᱦᱟᱞᱮᱠᱟ ᱟᱭᱤᱥ ᱦᱚᱠᱤ ᱥᱮ ᱥᱴᱨᱤᱴ ᱦᱚᱠᱤ ᱹ"
1462,खिलाड़ियों को सीखना चाहिए और काम करना चाहिए ।,"ᱠᱷᱮᱞᱚᱸᱰᱤᱭᱟᱹ ᱠᱚᱣᱟᱜ ᱰᱨᱤᱵᱞᱤᱝ, ᱯᱟᱥᱤᱝ, ᱴᱮᱯᱤᱝ ᱟᱨ ᱦᱤᱴᱤᱝ ᱨᱮᱭᱟᱜ ᱵᱮᱥᱤᱠ ᱥᱮᱪᱮᱫᱟᱜ ᱠᱚ ᱪᱮᱫ ᱦᱩᱭᱩᱜᱼᱟ ᱟᱨ ᱛᱟᱹᱞᱤᱢ ᱦᱩᱭᱩᱜᱼᱟ ᱾"
1463,"पुरुषों के टीमों के बीच पहला T-20 अंतर्राष्ट्रीय प्रतियोगिता फरवरी 17, 2005 को ऑस्ट्रेलिया और न्यू ज़ीलैंड के बीच खेला गया.","ᱚᱥᱴᱨᱮᱞᱤᱭᱟ ᱟᱨ ᱱᱤᱣᱡᱤᱞᱮᱱᱰ ᱢᱩᱫ ᱠᱚᱲᱟ ᱦᱚᱯᱚᱱ ᱴᱤᱢ ᱛᱟᱞᱟᱨᱮ ᱯᱟᱹᱦᱤᱞ ᱴᱤᱼ᱒᱐ ᱡᱮᱜᱮᱫᱡᱟᱠᱟᱛ ᱢᱮᱪ ᱫᱚ ᱯᱷᱮᱵᱨᱟᱨᱤ ᱑᱗, ᱒᱐᱐᱕ ᱨᱮ ᱠᱷᱮᱞᱚᱰ ᱞᱮᱱᱟ ᱾"
1464,"पहली T-20 अंतर्राष्ट्रीय मैच अगस्त 5, 2004 को इंग्लैंड और न्यू ज़ीलैंड की टीमों के बीच हुआ।","ᱤᱝᱞᱮᱱᱰ ᱟᱨ ᱱᱤᱣᱡᱤᱞᱮᱱᱰ ᱨᱮᱱ ᱛᱤᱨᱞᱟᱹ ᱦᱚᱯᱚᱱ ᱴᱤᱢ ᱛᱟᱞᱟᱨᱮ ᱯᱟᱹᱦᱤᱞ ᱴᱤᱼ᱒᱐ ᱡᱮᱜᱮᱫᱡᱟᱠᱟᱛ ᱢᱮᱪ ᱫᱚ ᱟᱜᱚᱥᱴ ᱕, ᱒᱐᱐᱔ ᱨᱮ ᱦᱩᱭᱞᱮᱱᱟ ᱾"
1465,"इस सम्मेलन का नाम था, न्यू यॉर्क में अंतर्राष्ट्रीय ट्रिकल सम्मेलन (बाद में, परिषद्‌) जो आम लोगों को अपना सदस्य बनने के लिए समर्थ करता है ।","ᱠᱚᱢᱚᱱᱳᱣᱭᱮᱞᱛᱷ ᱨᱮᱭᱟᱜ ᱵᱟᱨᱦᱮ ᱫᱤᱥᱚᱢᱠᱚ ᱱᱚᱶᱟᱨᱮᱱ ᱨᱟᱹᱥᱤᱭᱟᱹ ᱦᱩᱭ ᱫᱟᱲᱮᱭᱟᱜ ᱞᱟᱹᱜᱤᱫᱛᱮ ᱤᱢᱯᱮᱨᱤᱭᱟᱞ ᱠᱨᱤᱠᱮᱴ ᱦᱮᱞᱢᱮᱞ ᱨᱮᱭᱟᱜ ᱧᱩᱛᱩᱢ ᱵᱚᱫᱚᱞ ᱠᱟᱛᱮᱜ ᱡᱮᱜᱮᱫ ᱡᱟᱠᱟᱛ ᱠᱨᱤᱠᱮᱴ ᱦᱮᱞᱢᱮᱞ ( ᱴᱟᱭᱚᱢᱛᱮ, ᱠᱟᱣᱩᱱᱥᱤᱞ ) ᱠᱚᱨᱟᱣ ᱦᱩᱭ ᱞᱮᱱᱟ ᱾"
1466,इस खेल को पुराने ज़माने के खिलाड़ियों के खेलों में आम तौर पर बनाया गया था ।,"ᱢᱩᱲᱩᱫ ᱞᱮᱠᱟᱛᱮ ᱢᱤᱱᱴᱳᱱᱮᱴ ᱨᱮᱭᱟᱜ ᱧᱩᱛᱩᱢ ᱠᱚᱨᱟᱣ ᱦᱩᱭᱟᱠᱟᱢᱟ, ᱱᱚᱶᱟ ᱫᱚ ᱩᱢᱮᱨᱟᱱ ᱠᱷᱮᱞᱚᱸᱰᱤᱭᱟᱹᱠᱚ ᱞᱟᱹᱜᱤᱫ ᱢᱤᱫ ᱟᱞᱜᱟ ᱠᱷᱮᱞᱚᱸᱰ ᱞᱮᱠᱟᱛᱮ ᱵᱮᱱᱟᱣ ᱦᱩᱭᱞᱮᱱᱟ ᱡᱟᱸᱦᱟᱨᱮ ᱩᱱᱠᱩᱫᱚ ᱵᱚᱞᱛᱮᱫ ᱦᱚᱭᱨᱮ ᱫᱚᱦᱚ ᱠᱟᱛᱮᱜ ᱠᱤᱪᱷᱤ ᱮᱛᱷᱞᱮᱴᱤᱠ ᱟᱜ ᱨᱤᱠᱟᱹᱛᱮ ᱪᱟᱞᱟᱣ ᱦᱩᱭᱞᱮᱱᱟ ᱾"
1467,जाल का इस्तेमाल करने के विचार को व्यवहार - कुशलता से लिया गया था ।,ᱱᱮᱴ ᱵᱮᱣᱦᱟᱨ ᱨᱮᱭᱟᱜ ᱩᱭᱦᱟᱹᱨ ᱫᱚ ᱴᱮᱱᱤᱥ ᱠᱷᱚᱱ ᱯᱟᱧᱪᱟ ᱠᱟᱛᱮᱜ ᱦᱟᱛᱟᱣ ᱟᱠᱟᱱᱟ ᱾
1468,"इससे पहले कि आप लक्ष्य को देखें, गेंद के पास जाइए, और सिर को स्थिर रखने के दौरान गेंद को देखिए ।","ᱯᱟᱥ ᱞᱟᱦᱟᱭᱨᱮ, ᱴᱟᱨᱜᱮᱴ ᱠᱚᱭᱚᱜ ᱢᱮ, ᱵᱚᱞ ᱴᱷᱮᱱ ᱪᱟᱞᱟᱜᱽ ᱢᱮ ᱟᱨ ᱵᱚᱦᱚᱜᱽ ᱛᱷᱤᱨ ᱫᱚᱦᱚᱭ ᱛᱮ ᱵᱚᱞᱥᱮᱱ ᱠᱚᱭᱚᱜ ᱢᱮ ᱾"
1469,"उस वक्‍त, छः मीटर की दूरी तय हो गयी थी ।","ᱨᱮᱯᱷᱟᱨᱤ, ᱡᱟᱦᱟᱸᱭ ᱫᱚ ᱖ ᱜᱚᱡ ᱥᱟᱹᱝᱜᱤᱧᱨᱮᱭ ᱛᱟᱦᱮᱸᱠᱟᱱ ᱫᱚ, ᱦᱟᱞᱠᱟ ᱴᱮᱠᱮᱞ ᱞᱟᱹᱜᱤᱫᱛᱮ ᱰᱤᱯᱷᱮᱱᱰᱟᱨᱠᱩ ᱵᱷᱟᱱᱟᱨ ᱛᱤ ᱛᱟᱞᱠᱟ ᱞᱟᱛᱟᱨᱥᱮᱱ ᱩᱫᱩᱜᱽᱟᱛᱮᱭ ᱥᱤᱜᱱᱟᱞᱟᱫᱽ ᱠᱩᱣᱟ ᱾"
1470,यह खेल सन्‌ 17वीं सदी के दूसरे भाग में मशहूर था ।,ᱮᱭᱟᱭᱜᱮᱞᱟᱝ ᱥᱚᱛᱟᱵᱫᱤ ᱨᱮᱭᱟᱜ ᱫᱚᱥᱟᱨ ᱚᱠᱛᱚᱨᱮ ᱠᱨᱤᱠᱮᱴ ᱫᱚ ᱟᱹᱰᱤ ᱡᱟᱹᱥᱛᱤ ᱦᱚᱲᱠᱩᱥᱤᱭᱟᱜ ᱠᱷᱮᱞᱚᱸᱰ ᱨᱮ ᱵᱮᱱᱟᱣ ᱮᱱᱟ ᱾
1471,सन्‌ 1750 में शुरू हुआ था ।,"ᱦᱮᱢᱵᱚᱞᱰᱚᱱ ᱠᱞᱟᱵ, ᱡᱟᱸᱦᱟᱫᱚ ᱑᱗᱕᱐ ᱥᱟᱹᱦᱤᱛᱨᱮ ᱛᱷᱟᱯᱚᱱ ᱞᱮᱱᱟ, ᱠᱷᱮᱞᱚᱸᱰ ᱨᱮᱭᱟᱜ ᱟᱹᱨᱩᱼᱯᱷᱮᱨᱟᱣᱨᱮ ᱞᱟᱹᱠᱛᱤᱭᱟᱱ ᱮᱱᱮᱢᱮ ᱯᱟᱞᱟᱣ ᱟᱠᱟᱫᱟ ᱾"
1472,"क्रिकेट का खेल, जैसा आज खेला जाता है, इंग्लैंड के दक्षिण- पूर्वी भाग में इसका उद्‌गम है.","ᱠᱨᱤᱠᱮᱴ ᱠᱷᱮᱞ, ᱡᱟᱸᱦᱟᱫᱚ ᱱᱟᱦᱟᱜ ᱠᱷᱮᱞᱚᱸᱰ ᱦᱩᱭᱩᱜ, ᱱᱚᱶᱟ ᱨᱮᱭᱟᱜ ᱮᱛᱚᱦᱚᱵ ᱫᱚ ᱤᱝᱜᱞᱮᱱᱰ ᱨᱮᱭᱟᱜ ᱫᱚᱠᱷᱤᱱᱼᱯᱩᱨᱩᱵ ᱱᱟᱠᱷᱟᱨᱮ ᱦᱩᱭᱞᱮᱱᱟ ᱾"
1473,"इसके दो वर्ग हैं: भयंकर विस्फोट, जिसमें गेंद को फिर से ठीक किया जाता है, और वह अपनी सम्पत्ति बदल नहीं देता, और रक्षात्मक उपायों को बदल नहीं देता, जिस में दल की रक्षा करनेवाली गेंद की निज भूमि होती है।","ᱨᱤᱵᱟᱣᱩᱱᱰ ᱨᱮᱭᱟᱜ ᱵᱟᱨᱭᱟ ᱦᱟᱹᱴᱤᱧ ᱢᱮᱱᱟᱜᱼᱟ ᱺ ᱡᱟᱨᱯᱟ ᱟᱱᱟᱜ ᱨᱤᱵᱟᱣᱩᱱᱰ, ᱡᱟᱸᱦᱟᱨᱮ ᱡᱟᱨᱯᱟ ᱟᱱᱟᱜ ᱜᱟᱫᱮᱞ ᱫᱟᱨᱟᱭᱛᱮ ᱵᱚᱞ ᱧᱟᱢ ᱨᱩᱣᱟᱹᱲᱚᱜᱼᱟ ᱟᱨ ᱜᱚᱵᱚᱞ ᱵᱟᱝ ᱵᱚᱫᱚᱞᱚᱜᱼᱟ ᱟᱨ ᱵᱟᱧᱪᱟᱣᱟᱱ ᱨᱤᱵᱟᱣᱩᱱᱰ, ᱡᱟᱸᱦᱟᱨᱮ ᱫᱟᱲᱮᱭᱟᱱ ᱜᱟᱫᱮᱞ ᱟᱞᱜᱟ ᱵᱚᱞ ᱠᱚ ᱜᱚᱵᱚᱞᱟ ᱾"
1474,"यह खेल में एक मुख्य भूमिका अदा करता है, जब टीम एक शॉट याद करते हैं.","ᱱᱚᱶᱟ ᱠᱷᱮᱞᱚᱸᱰᱨᱮ ᱢᱤᱫ ᱢᱩᱲᱩᱫ ᱮᱱᱮᱢᱮ ᱯᱟᱞᱟᱣᱼᱟ, ᱪᱮᱫᱟᱜ ᱥᱮ ᱢᱤᱫᱴᱟᱝ ᱜᱟᱫᱮᱞ ᱢᱤᱫᱴᱟᱝ ᱥᱚᱴᱼᱮ ᱢᱤᱥ ᱞᱮᱠᱷᱟᱱ ᱟᱭᱢᱟ ᱜᱚᱵᱚᱞ ᱪᱟᱵᱟᱜᱼᱟ ᱾"
1475,"यह दल आगे कहता है, हर टीम के साथ तीन लगातार तीन लोगों को छूने के लिए अनुमति देता है, जब तक कि एक टीम या तो विरोधी के दरबार में गेंद को आधार न दे और एक टीम को जीत न सके और वह दल एक गलती करता है और वह दल एक गलती करता है ।","ᱨᱮᱞᱤ ᱫᱚ ᱪᱟᱞᱟᱜ ᱛᱮᱜᱮ ᱛᱟᱸᱦᱮᱱᱟ, ᱢᱤᱢᱤᱫᱴᱟᱝ ᱜᱟᱫᱮᱞ ᱠᱚ ᱞᱮᱛᱟᱲ ᱯᱮ ᱫᱷᱟᱣ ᱡᱚᱴᱮᱫ ᱨᱮᱭᱟᱜ ᱪᱷᱟᱹᱲ ᱮᱢ ᱦᱩᱭᱩᱜᱼᱟ, ᱡᱟᱸᱦᱟ ᱛᱤᱱ ᱦᱟᱹᱵᱤᱡᱽ ᱵᱟᱝ ᱦᱩᱭᱩᱜ ᱟ ᱢᱤᱫᱴᱟᱝ ᱜᱟᱫᱮᱞ ᱫᱚᱥᱟᱨ ᱯᱟᱦᱟᱴᱟ ᱨᱮᱭᱟᱜ ᱠᱳᱨᱴ ᱨᱮ ᱵᱚᱞ ᱴᱷᱮᱠᱟᱣ ᱠᱟᱛᱮᱜ ᱨᱮᱞᱤ ᱨᱮᱠᱚ ᱡᱤᱛᱟᱹᱜ ᱟ ᱥᱮ ᱢᱤᱫᱴᱟᱝ ᱜᱟᱫᱮᱞ ᱠᱚ ᱦᱤᱲᱡᱟ ᱟᱨ ᱨᱮᱞᱤ ᱠᱚ ᱦᱟᱨᱟᱜᱼᱟ ᱾"
1476,टीम प्राप्त करने के लिए गेंद को अपने अदालत के अन्दर अटकने की अनुमति नहीं चाहिए.,ᱦᱟᱛᱟᱣᱮᱫᱠᱟᱱ ᱜᱟᱫᱮᱞ ᱫᱚ ᱮᱠᱟᱞᱜᱮ ᱟᱠᱚᱣᱟᱜ ᱠᱳᱨᱭ ᱛᱟᱞᱟᱨᱮ ᱵᱚᱞ ᱵᱟᱝᱠᱚ ᱟᱴᱚᱠ ᱚᱪᱚᱭᱟ ᱾
1477,"जैसे - जैसे वे प्रगति करते जाते हैं, कौशल को ज़्यादा नियमित और कुशल होना चाहिए, और खिलाड़ियों को खेल के स्थितियों को स्थापित करने के लिए प्रस्तुत किया जाना चाहिए ।",ᱩᱱᱠᱩ ᱩᱛᱷᱱᱟᱹᱣ ᱥᱟᱶ ᱥᱟᱶᱛᱮ ᱠᱟᱹᱨᱤᱠᱚ ᱟᱨᱦᱚᱸ ᱥᱚᱢᱟᱱᱛᱮ ᱟᱨ ᱜᱟᱹᱠᱷᱩᱲᱚᱜ ᱦᱩᱭᱩᱜ ᱞᱟᱹᱠᱛᱤᱼᱟ ᱟᱨ ᱠᱷᱮᱞᱚᱸᱰᱤᱭᱟᱹ ᱠᱚᱣᱟᱜ ᱠᱷᱮᱞ ᱨᱮᱭᱟᱜ ᱚᱵᱚᱥᱛᱟ ᱥᱮᱴ ᱞᱟᱹᱜᱤᱫ ᱩᱯᱨᱩᱢ ᱞᱟᱹᱠᱛᱤ ᱠᱟᱱᱟ ᱾
1478,"ऐसा करने के लिए, उन्हें यह सीखने की ज़रूरत है कि कैसे वे प्रभावकारी रीति से और गेंद को सही - सही और जल्दी से खिलाड़ियों के बीच में ले जा सकते हैं ।","ᱱᱤᱭᱟᱹ ᱠᱚᱨᱟᱣ ᱞᱟᱹᱜᱤᱫᱛᱮ, ᱠᱷᱮᱞᱚᱰᱤᱭᱟᱹᱠᱤᱱ ᱛᱟᱞᱟ ᱠᱷᱚᱱ ᱟᱹᱰᱤ ᱩᱥᱟᱹᱨᱟ ᱟᱨ ᱵᱷᱟᱜᱮ ᱥᱟᱹᱦᱤᱫᱽ ᱵᱚᱞ ᱚᱪᱚᱜ ᱟᱨ ᱠᱟᱹᱢᱤᱭᱟᱱ ᱰᱨᱤᱵᱞᱤᱝ ᱦᱚᱛᱮᱛᱮ ᱪᱮᱫ ᱞᱮᱠᱟ ᱯᱚᱡᱤᱥᱚᱱᱮᱢ ᱫᱚᱦᱚᱭᱮᱫᱟ ᱚᱱᱟ ᱥᱮᱲᱟᱭ ᱞᱟᱹᱜᱛᱤᱭ ᱛᱟᱠᱚᱣᱟ ᱾"
1479,और क्या 41 साल के जिवियन इब्राहीम के पास अभी भी उसका एक बड़ा लक्ष्य है?,ᱟᱨ ᱔᱑ ᱥᱮᱨᱢᱟ ᱩᱢᱮᱨᱟᱱ ᱡᱟᱴᱟᱢ ᱤᱵᱨᱟᱦᱤᱢᱳᱵᱷᱤᱠ ᱦᱚᱸ ᱪᱮᱫ ᱱᱤᱛᱦᱚᱸ ᱢᱤᱫ ᱢᱟᱨᱟᱝ ᱡᱚᱥ ᱢᱮᱱᱟᱜᱼᱟ ?
1480,यह एक आगे की लड़ाई के लिए नीचे आ सकता है.,ᱱᱚᱶᱟ ᱫᱚ ᱞᱟᱦᱟ ᱥᱮᱱᱚᱜ ᱞᱟᱹᱲᱦᱟᱹᱭᱨᱮ ᱦᱮᱡᱽ ᱫᱟᱲᱮᱭᱟᱜᱼᱟ ᱾
1481,"हैरी कान और बेटा हैंगर अपने गुणवत्ता के साथ मिलान दूर चला जाएगा, या भूतपूर्व क्लीएलीसी और आरिलिलिस आगे की प्रतीक्षा करने के लिए फिर से पीछा करने के लिए लौट जाएगा?","ᱦᱮᱨᱤ ᱠᱮᱱ ᱟᱨ ᱥᱚᱱ ᱦᱤᱣᱩᱝᱼᱢᱤᱱ ᱫᱚ ᱪᱮᱫ ᱟᱠᱚᱣᱟᱜ ᱜᱩᱱᱢᱟᱱ ᱥᱟᱶᱛᱮ ᱢᱤᱞᱟᱱ ᱠᱚ ᱚᱪᱚᱜᱮᱭᱟ, ᱥᱮ ᱪᱮᱞᱥᱤ ᱟᱨ ᱟᱨᱥᱮᱱᱟᱞ ᱨᱮᱱ ᱞᱟᱦᱟᱛᱮᱱᱤᱡ ᱯᱷᱚᱨᱳᱣᱟᱨᱰ ᱚᱞᱤᱵᱷᱤᱭᱟᱨ ᱜᱤᱨᱩᱰ ᱟᱨᱦᱚᱸ ᱥᱯᱟᱨᱥ ᱛᱦᱮᱱᱮ ᱨᱩᱣᱟᱹᱲ ᱦᱤᱡᱩᱜ ᱟ ?"
1482,यह घर के बाहर या बाहर खेला जा सकता है.,ᱱᱚᱶᱟ ᱫᱚ ᱵᱷᱤᱛᱟᱹᱨ ᱥᱮ ᱵᱟᱨᱦᱮ ᱨᱮ ᱠᱷᱮᱞ ᱜᱟᱱᱚᱜᱼᱟ ᱾
1483,वॉलीबॉल एक तेजी से छह खिलाड़ियों के दो टीमों द्वारा खेला जाता है.,ᱵᱷᱚᱞᱤᱵᱚᱞ ᱫᱚ ᱦᱩᱭᱩᱜ ᱠᱟᱱᱟ ᱢᱤᱫ ᱛᱟᱹᱯᱤᱥᱟᱱ ᱠᱷᱮᱞᱚᱸᱰ ᱡᱟᱸᱦᱟ ᱫᱚ ᱛᱩᱨᱩᱭ ᱡᱚᱱᱟ ᱠᱟᱛᱮᱜ ᱵᱟᱨ ᱜᱟᱫᱮᱞᱨᱮ ᱠᱷᱮᱞ ᱦᱩᱭᱩᱜᱼᱟ ᱾
1484,"सी. सी., लंदन में अपने मुख्यालय के साथ ।","ᱱᱳᱣᱟ ᱫᱚ ᱢᱮᱨᱤᱞᱮᱵᱳᱱ ᱠᱨᱤᱠᱮᱴ ᱠᱞᱟᱵ (ᱮᱢᱹᱥᱤᱹᱥᱤᱹ), ᱦᱚᱛᱮᱛᱮ ᱵᱟᱹᱛᱤᱞᱞᱮᱱᱟ, ᱡᱟᱦᱟᱸ ᱨᱮᱱᱟᱜᱽ ᱥᱚᱫᱚᱨ ᱫᱚᱯᱛᱚᱨ ᱫᱚ ᱞᱚᱨᱰᱥ, ᱞᱚᱱᱰᱚᱱ ᱨᱮ ᱛᱟᱦᱮᱸᱠᱟᱱᱟ ᱾"
1485,किसी विदेशी देश के व्यापार अधिकारियों द्वारा एक प्रमाणपत्र तैयार किया जाता है... ... एक पासपोर्ट के साथ एक पासपोर्ट पर निशान के साथ... ... व्यक्ति के महत्वों की जांच के बाद.,ᱵᱷᱤᱥᱟ ᱫᱚ ᱢᱤᱫ ᱥᱤᱫᱥᱟᱠᱟᱢ ᱠᱟᱱᱟ ᱡᱟᱸᱦᱟᱫᱚ ᱵᱤᱞᱟᱹᱛᱨᱮ ᱛᱟᱸᱦᱮᱱ ᱠᱟᱹᱢᱤ ᱢᱩᱠᱷᱤᱭᱟᱹᱠᱚ ᱫᱟᱨᱟᱭᱛᱮ ᱵᱮᱱᱟᱣ ᱦᱩᱭᱩᱜᱼᱟ ᱡᱟᱸᱦᱟᱫᱚ ᱦᱚᱲᱟᱜ ᱩᱯᱨᱩᱢ ᱥᱟᱠᱟᱢ ᱧᱮᱞ ᱟᱨᱩ ᱛᱟᱭᱚᱢ ᱯᱟᱥᱯᱳᱴᱨᱮ ᱢᱤᱫᱴᱟᱝ ᱥᱴᱮᱢᱯ ᱛᱮᱠᱚ ᱪᱤᱱᱦᱟᱹᱭᱟ ᱾
1486,यह व्यक्‍ति को देश में प्रवेश करने और कुछ समय के लिए रहने का अधिकार देता है ।,ᱱᱤᱭᱟᱹ ᱫᱚ ᱦᱚᱲᱠᱩ ᱢᱤᱫᱴᱟᱝ ᱫᱤᱥᱚᱢ ᱵᱚᱞᱚᱱ ᱟᱨ ᱠᱤᱪᱷᱤ ᱚᱠᱛᱚ ᱞᱟᱹᱜᱤᱫ ᱛᱟᱦᱮᱸᱱ ᱨᱮᱭᱟᱜ ᱟᱹᱭᱫᱟᱹᱨᱤᱭ ᱮᱢᱟᱠᱩᱣᱟ ᱾
1487,"जैसा कि सन्‌ 1948 में कर्टिस्ट ट्रैफिक समिति की रिपोर्ट दी गयी थी, सन्‌ 1948 में यह रिपोर्ट पेश की गयी ।","ᱥᱟᱨᱡᱮᱱᱴ ᱠᱩᱢᱩᱴᱟᱜ ᱨᱮᱛᱮᱫ ᱞᱮᱠᱟᱛᱮ, ᱴᱩᱨᱤᱥᱴ ᱴᱨᱟᱯᱷᱤᱠ ᱠᱩᱢᱩᱴ ᱫᱚ ᱑᱙᱔᱘ ᱥᱟᱹᱦᱤᱛᱨᱮ ᱵᱟᱦᱟᱞ ᱦᱩᱭᱞᱮᱱᱟ ᱾"
1488,"इसके अलावा, इन चीज़ों को बनाने के लिए इन्हें भी इस्तेमाल किया जाता है ।","ᱨᱤᱡᱷᱟᱹᱣᱟᱱ, ᱛᱟᱸᱦᱮᱱ ᱨᱮᱭᱟᱜ ᱵᱮᱵᱚᱥᱛᱟ, ᱜᱚᱲᱚᱟᱱ ᱥᱩᱵᱤᱫᱟ ᱟᱨ ᱜᱚᱲᱦᱚᱱ ᱫᱚ ᱦᱩᱭᱩᱜ ᱠᱟᱱᱟ ᱥᱟᱸᱜᱷᱟᱨ ᱨᱮᱭᱟᱜ ᱢᱩᱞᱚᱱ ᱥᱟᱯᱟᱵ ᱠᱟᱱᱟ ᱾"
1489,इन जगहों और सार्वजनिक क्षेत्रों में इन इमारतों को बेहतर विकास के लिए और साथ ही निजी क्षेत्र के लिए एक अगुवाई लेनी चाहिए ।,"ᱥᱟᱸᱜᱷᱟᱨ ᱨᱮᱭᱟᱜ ᱱᱟᱯᱟᱭ ᱩᱛᱷᱱᱟᱹᱣ ᱞᱟᱹᱜᱤᱫ, ᱱᱚᱶᱟ ᱠᱚ ᱥᱩᱵᱤᱫᱟ ᱫᱚ ᱟᱯᱱᱟᱨ ᱟᱯᱱᱟᱨ ᱴᱚᱴᱷᱟ ᱠᱚᱨᱮ ᱩᱛᱷᱱᱟᱹᱣ ᱦᱩᱭᱩᱜᱼᱟ ᱟᱨ ᱱᱚᱶᱟ ᱞᱟᱹᱜᱤᱫ ᱥᱚᱨᱠᱟᱨᱤ ᱟᱨ ᱵᱮᱥᱚᱨᱠᱟᱨᱤ ᱠᱷᱟᱛ ᱞᱟᱦᱟ ᱦᱤᱡᱩᱜ ᱦᱩᱭᱩᱜ ᱛᱟᱠᱚᱣᱟ ᱾"
1490,'केम्पिलम' के रूप में जाना जाता है जो सबसे अच्छा अनुभव किया गया है एक पारंपरिक पर सवार है.,"ᱠᱮᱨᱟᱞᱟ ᱨᱮᱭᱟᱜ ᱵᱮᱠᱣᱟᱴᱟᱨᱠᱩ ᱫᱚ ᱩᱯᱟᱹᱫᱟᱜᱽᱡᱚᱞᱟ, ᱫᱟᱜᱽᱡᱚᱞᱟ ᱟᱨ ᱠᱮᱱᱮᱞᱠᱩ ᱛᱮ ᱢᱤᱫᱴᱟᱝ ᱡᱳᱴᱤᱞ ᱱᱮᱴᱣᱟᱨᱠᱛᱮ ᱜᱷᱮᱨᱟᱣᱟᱠᱟᱱᱟ, ᱡᱟᱦᱟᱸ ᱫᱚ 'ᱠᱮᱴᱴᱩᱵᱷᱟᱞᱞᱟᱢ' ᱧᱩᱛᱩᱢ ᱛᱮ ᱵᱟᱰᱟᱭᱚᱜᱽ ᱠᱟᱱ ᱟᱨ ᱢᱤᱫᱴᱟᱝ ᱞᱟᱠᱪᱟᱨᱟᱱᱟᱜ ᱵᱩᱥᱩᱵ ᱪᱷᱟᱫᱛᱮ ᱵᱮᱱᱟᱣᱟᱠᱟᱱ ᱞᱟᱹᱣᱠᱟᱹᱚᱲᱟᱜᱽ ᱨᱮ ᱫᱮᱡᱽᱠᱟᱛᱮ ᱡᱚᱛᱚᱠᱷᱚᱱ ᱵᱷᱟᱜᱤ ᱟᱹᱭᱠᱟᱹᱣ ᱧᱟᱢᱚᱜᱼᱟ ᱾"
1491,"कभी - कभी एक मंदिर या चर्च के साथ - साथ यहाँ से गुज़रते वक्‍त, यहाँ तक कि वहाँ के नारियल के पेड़ - पौधे भी रहते हैं ।","ᱡᱚᱠᱷᱚᱱ ᱟᱢ ᱛᱟᱭᱚᱢ ᱥᱮᱱᱟᱜ ᱫᱟᱜ ᱨᱮ ᱠᱨᱩᱡ ᱛᱮᱱ ᱥᱟᱸᱜᱷᱟᱨᱟ ᱩᱱ ᱱᱟᱹᱭ ᱫᱷᱟᱨᱮ, ᱦᱟᱹᱨᱭᱟᱹᱲ ᱦᱩᱲᱩ ᱠᱷᱮᱛ ᱟᱨ ᱛᱟᱞᱟ ᱛᱟᱞᱟᱨᱮ ᱢᱩᱱᱫᱤᱨ ᱥᱮ ᱜᱤᱨᱡᱟᱹ ᱥᱟᱶᱛᱮ ᱱᱟᱹᱲᱠᱚᱞ ᱫᱟᱨᱮᱠᱚ ᱧᱮᱞᱚᱜᱼᱟ ᱾"
1492,बी. ए. ( बुल्के बाइबिल) वह जगह थी जहाँ राजकुमार सिथाथथथ ज्ञान प्राप्त हुआ और प्रभु शिक्षक बन गया ।,"ᱵᱚᱫᱷᱜᱚᱭᱟ (ᱵᱤᱦᱟᱨ), ᱫᱚ ᱢᱤᱫᱴᱟᱝ ᱡᱟᱭᱜᱟ ᱡᱟᱦᱟᱸᱨᱮ ᱨᱟᱡᱦᱚᱯᱚᱱ ᱥᱤᱫᱫᱷᱟᱨᱛᱷᱚ ᱫᱚ ᱜᱮᱭᱟᱱᱼᱮ ᱧᱟᱢ ᱞᱮᱫᱟ ᱟᱨ ᱪᱟᱸᱫᱚ ᱵᱚᱸᱜᱟ ᱵᱩᱫᱫᱷᱚᱭ ᱦᱩᱭᱞᱮᱱᱟ ᱾"
1493,वे Dakafago के रास्ते पर Ducks का निर्माण करते थे ।,ᱰᱟᱠ ᱥᱟᱸᱜᱷᱟᱨᱤᱭᱟᱹ ᱠᱚᱣᱟᱜ ᱥᱩᱵᱤᱫᱟ ᱞᱟᱹᱜᱤᱫ ᱩᱱᱠᱩᱫᱚ ᱦᱚᱨ ᱫᱷᱟᱨᱮᱨᱮ ᱰᱟᱠᱵᱟᱝᱞᱳ ᱠᱚ ᱵᱮᱱᱟᱣ ᱟᱠᱟᱫᱟ ᱾
1494,"आप कर्नाका के माध्यम से यात्रा करने के लिए आप और मैं कर्नाका के माध्यम से यात्रा पर ले जा रहे हैं, स्वर्ण रथ करदाका राज्य की अमीर संस्कृति का मेल खाता है और खुद में एक आश्चर्य है.","ᱠᱚᱨᱱᱟᱴᱚᱠ ᱛᱟᱞᱟᱛᱮ ᱢᱤᱫ ᱢᱩᱦᱱᱤ ᱟᱨ ᱨᱤᱡᱷᱟᱹᱣ ᱟᱱᱟᱜ ᱦᱚᱨᱛᱮ ᱟᱢ ᱤᱫᱤ, ᱥᱚᱱᱟ ᱨᱮᱭᱟᱜ ᱨᱟᱸᱛ ᱠᱚᱨᱱᱟᱴᱚᱠ ᱯᱚᱱᱚᱛ ᱨᱮᱭᱟᱜ ᱜᱚᱱᱚᱝᱟᱱ ᱞᱟᱠᱪᱟᱨᱮ ᱯᱮᱨᱮᱡ ᱯᱩᱨᱩᱱᱟ ᱟᱨ ᱱᱯᱶᱟᱫᱚ ᱟᱡᱛᱮᱫ ᱜᱮ ᱢᱤᱫ ᱦᱟᱦᱟᱲᱟ ᱟᱱᱟᱜ ᱠᱟᱱᱟ ᱾"
1495,"ट्रेन कोच की कोठरियां इतिहास में स्थिर हैं, ऐसी जटिल रचनाओं के एक आकाश के नीचे, जो समयहीन कहानियों का वर्णन करती हैं ।",ᱴᱨᱮᱱ ᱨᱮᱭᱟᱜ ᱪᱮᱢᱵᱟᱨᱠᱩ ᱫᱚ ᱱᱟᱜᱟᱢᱛᱮ ᱯᱮᱨᱮᱡᱽ ᱥᱮᱨᱢᱟ ᱞᱟᱛᱟᱨ ᱡᱚᱴᱤᱞ ᱠᱷᱩᱫᱟᱹᱭᱟᱠᱟᱱ ᱟᱨ ᱡᱟᱦᱟᱸ ᱫᱚ ᱚᱠᱛᱚ ᱡᱤᱛᱠᱟᱹᱨ ᱱᱟᱜᱟᱢ ᱠᱩ ᱨᱮᱭᱟᱜᱼᱮ ᱵᱚᱨᱱᱚᱱᱮᱫᱟ ᱾
1496,"राजस्थान के हृदय में, अनेक छोटे - छोटे शहरों और गाँवों के हृदय में झूठ बोलने लगे हैं, जो इस देश का असली सार देते हैं ।","ᱨᱟᱡᱚᱥᱛᱷᱟᱱ ᱨᱮᱭᱟᱜ ᱛᱟᱞᱢᱟᱨᱮ, ᱟᱭᱢᱟ ᱦᱩᱰᱤᱧ ᱥᱟᱦᱟᱨ ᱟᱨ ᱟᱛᱩ ᱢᱮᱱᱟᱜᱼᱟ, ᱡᱟᱸᱦᱟᱫᱚ ᱱᱚᱶᱟ ᱴᱷᱟᱶ ᱨᱮᱭᱟᱜ ᱥᱟᱨᱠᱟᱛᱷᱟᱭ ᱞᱟᱹᱭᱟ ᱾"
1497,भारत बहुत विविधता और विषमता का देश है ।,ᱵᱷᱟᱨᱚᱛ ᱫᱚ ᱢᱤᱫ ᱢᱚᱦᱚᱛ ᱱᱟᱱᱟᱦᱩᱱᱟᱹᱨᱟᱱ ᱟᱨ ᱚᱛᱩᱞᱟᱹᱱ ᱫᱤᱥᱚᱢ ᱠᱟᱱᱟ ᱾
1498,पाकिस्तान के महत्वपूर्ण उद्योगों में से एक के रूप में उभरा है.,ᱥᱟᱸᱜᱷᱟᱨᱫᱚ ᱵᱷᱟᱨᱚᱛ ᱨᱮᱭᱟᱜ ᱢᱤᱫ ᱞᱟᱹᱠᱛᱤᱭᱟᱱ ᱵᱤᱨᱤᱛ ᱞᱮᱠᱟᱛᱮ ᱩᱛᱷᱱᱟᱹᱣ ᱟᱠᱟᱱᱟ ᱾
1499,"यहाँ का माहौल, राज - घर, राज - घर की कला, संगीत, नाच - गाने, रीति - रिवाज़ों और भाषाओं से भरा होता है ।","ᱥᱟᱪᱟᱨᱤᱭᱟᱹ ᱞᱟᱭᱚᱝ, ᱥᱛᱷᱟᱯᱚᱛ ᱨᱮᱭᱟᱜ ᱢᱟᱥᱴᱟᱨᱯᱤᱥ, ᱥᱮᱨᱮᱹᱧ, ᱮᱱᱮᱡᱽ, ᱪᱤᱛᱟᱹᱨᱟᱸᱠ, ᱟᱹᱨᱤᱪᱟᱹᱞᱤ ᱟᱨ ᱯᱟᱹᱨᱥᱤ ᱡᱚᱛᱚ ᱨᱮᱜᱤ ᱵᱷᱟᱨᱚᱛ ᱫᱚ ᱥᱟᱱᱝᱜᱷᱟᱨᱤᱭᱟᱹᱠᱩᱣᱟᱜᱽ ᱥᱚᱨᱚᱜᱯᱩᱨᱤ ᱨᱮᱭ ᱯᱷᱮᱨᱟᱜᱽᱼᱟ ᱾"
1500,वहाँ के लोगों की मेहमान - नवाज़ी करने से वहाँ के इलाकों में रह रहे मज़दूरों के बीच मेहमान - नवाज़ी का माहौल और भी बढ़ जाता है ।,ᱥᱟᱝᱜᱷᱟᱨᱤᱭᱟᱹ ᱠᱩ ᱥᱟᱸᱣ ᱜᱟᱯᱟᱞᱢᱟᱨᱟᱣ ᱫᱚ ᱛᱷᱟᱹᱱᱤᱠ ᱴᱷᱟᱣ ᱨᱮ ᱴᱩᱨᱤᱡᱚᱢ ᱤᱱᱰᱩᱥᱴᱨᱤ ᱥᱟᱸᱣ ᱡᱚᱯᱚᱲᱟᱣ ᱠᱟᱹᱢᱤᱭᱟᱹᱠᱩ ᱢᱩᱫᱨᱮ ᱯᱮᱲᱟᱫᱟᱨᱟᱢ ᱵᱮᱵᱚᱦᱟᱨ ᱩᱛᱷᱱᱟᱹᱣ ᱨᱮ ᱜᱚᱲᱚᱭ ᱮᱢᱟ ᱾
1501,"डच मकानों, पुर्तगाली गिरजों, यहूदी आराधनालयों, ब्रिटिश गोदाम और १४वीं सदी की चीनी मछुवाही के जाल, कोचिया के लंबे इतिहास को दर्शाता है।","ᱰᱟᱪ ᱫᱚᱞᱟᱱ, ᱯᱳᱨᱛᱩᱜᱤᱡ ᱜᱤᱨᱡᱟᱹ, ᱤᱜᱩᱫᱤ ᱫᱷᱚᱨᱚᱢ ᱟᱠᱷᱲᱟ, ᱵᱨᱤᱴᱤᱥ ᱵᱟᱹᱸᱫᱤ ᱟᱨ ᱑᱔ ᱥᱟᱭᱟᱝ ᱨᱮᱭᱟᱜ ᱪᱤᱱ ᱨᱮᱭᱟᱜ ᱦᱟᱠᱩ ᱥᱟᱵ ᱡᱟᱞᱟᱢ ᱠᱚᱨᱮ ᱧᱮᱞ ᱧᱟᱢ ᱟᱠᱟᱱ ᱵᱷᱮᱜᱟᱨᱟᱱᱟᱜ ᱠᱩᱸᱫᱟᱹᱣᱠᱟᱹᱨᱤ, ᱢᱤᱫ ᱞᱟᱹᱠᱛᱤᱭᱟᱱ ᱥᱟᱹᱢᱩᱫᱟᱰᱟ ᱟᱨ ᱵᱟᱹᱱᱤᱡ ᱛᱟᱞᱢᱟ ᱞᱮᱠᱟᱛᱮ ᱠᱳᱪᱤ ᱨᱮᱭᱟᱜ ᱱᱟᱜᱟᱢᱮ ᱡᱷᱟᱞᱠᱟᱣᱼᱟ ᱾"
1502,राष्ट्रीय भौगोलिक चैनल द्वारा एक बार में 50 पर्यटक गंतव्यों में शामिल किया गया है.,ᱱᱮᱥᱚᱱᱟᱞ ᱡᱤᱳᱜᱨᱟᱯᱷᱤ ᱪᱮᱱᱮᱞ ᱫᱟᱨᱟᱭᱛᱮ ᱡᱤᱭᱚᱱᱨᱮ ᱢᱤᱫ ᱫᱷᱟᱣ ᱥᱟᱸᱜᱷᱟᱨ ᱪᱟᱞᱟᱜ ᱞᱟᱹᱜᱤᱫ ᱕᱐ ᱜᱚᱴᱟᱝ ᱥᱚᱨᱮᱥ ᱥᱟᱸᱜᱷᱟᱨ ᱴᱷᱟᱶ ᱠᱚ ᱢᱩᱫᱨᱮ ᱠᱮᱨᱮᱞᱟ ᱦᱚᱸ ᱥᱮᱞᱮᱫ ᱟᱠᱟᱱᱟ ᱾
1503,"इस तरह के पानी की खूबसूरती, नदी के किनारे, पहाड़ी स्टेशन, भू - दृश्‍य - स्थान, भू - दृश्‍य बाग़, भू - दृश्‍य और भू - दृश्‍य, भू - दृश्‍य दौड़, प्राकृतिक सैर, और भी बढ़ जाती है ।","ᱠᱮᱨᱟᱞᱟ ᱨᱮᱭᱟᱜ ᱪᱮᱦᱮᱨᱟᱫᱚ ᱟᱡᱟᱜ ᱱᱤᱡᱷᱩᱢ ᱞᱟᱭᱚᱝ ᱨᱮ ᱢᱮᱱᱟᱜᱼᱟ, ᱴᱟᱭᱚᱢᱨᱮ ᱛᱷᱤᱨ ᱫᱟᱜ, ᱱᱟᱹᱭ ᱟᱲᱮ, ᱵᱩᱨᱩ ᱴᱚᱴᱷᱟ, ᱢᱚᱥᱞᱟ ᱵᱟᱜᱣᱟᱱ, ᱚᱛᱢᱚᱱ ᱟᱨ ᱡᱤᱭᱟᱹᱞᱤ ᱡᱟᱠᱟᱛ, ᱨᱟᱱ ᱨᱮᱦᱮᱫ, ᱞᱟᱹᱣᱠᱟᱹ ᱨᱮᱥ, ᱥᱟᱪᱟᱨᱦᱮᱫ ᱟᱰᱟ ᱟᱨ ᱟᱨᱦᱚᱱ ᱟᱭᱢᱟ ᱠᱤᱪᱷᱤ ᱢᱮᱱᱟᱜᱼᱟ ᱾"
1504,मटर को घने जंगलों और चाय संपत्ति से ढका जाता है ।,ᱢᱟᱱᱱᱟᱨ ᱫᱚ ᱜᱟᱹᱦᱤᱨ ᱵᱤᱨ ᱟᱨ ᱪᱟ ᱵᱟᱜᱣᱟᱱᱛᱮ ᱯᱚᱴᱚᱢ ᱟᱠᱟᱱᱟ ᱾
1505,"इनमें से कुछ स्मारक, यूनेस्को द्वारा पहचाना गया विश्‍व विरासत की सूची में भी देखे जाते हैं ।","ᱱᱚᱶᱟ ᱢᱩᱫᱨᱮ, ᱠᱤᱪᱷᱤ ᱩᱭᱦᱟᱹᱨ ᱵᱟᱛᱷᱟᱱ ᱫᱚ ᱤᱭᱩᱱᱮᱥᱠᱳ ᱦᱚᱛᱮᱛᱮ ᱢᱟᱱᱟᱣ ᱟᱠᱟᱱ ᱳᱣᱟᱨᱞᱰ ᱦᱮᱨᱤᱴᱮᱡᱽ ᱥᱟᱭᱤᱴ ᱨᱮᱭᱟᱜ ᱞᱮᱠᱦᱟ ᱨᱮ ᱢᱮᱱᱟᱜᱼᱟ ᱾"
1506,देश में आर्थिक वृद्धि का एक प्रमुख प्रमुख प्रमुख क्षेत्र के रूप में मेगामांश पर्वत को पहचान लिया है ।,ᱢᱟᱦᱟᱨᱟᱥᱴᱨᱚ ᱯᱚᱱᱚᱛ ᱨᱮᱭᱟᱜ ᱠᱟᱹᱣᱰᱤᱟᱹᱨᱤ ᱵᱟᱰᱦᱟᱣ ᱞᱟᱹᱜᱤᱫ ᱫᱚ ᱢᱤᱫᱴᱟᱝ ᱢᱩᱰᱩᱛ ᱠᱷᱮᱛᱨᱚ ᱞᱮᱠᱟᱛᱮ ᱢᱟᱱᱟᱜᱽ ᱠᱟᱱᱟ ᱪᱮᱫᱟᱜᱽ ᱥᱮ ᱥᱟᱦᱭᱟᱫᱨᱤ ᱨᱟᱛᱟᱝᱵᱩᱨᱩ ᱫᱚ ᱢᱟᱦᱟᱨᱟᱥᱴᱨᱚ ᱨᱮᱭᱟᱜ ᱵᱤᱥᱤᱡᱟᱝ ᱠᱟᱱᱟ ᱾
1507,"हवाई अड्डे पर भेंट और भेंट सेवा के लिए यात्रियों के लिए और कंपनी के लिए एक महत्वपूर्ण सेवा है, क्योंकि यह यात्रियों के आने या जाने के माध्यम से साफ यात्रा करने में मदद करता है, सामान, सामान, और परिवार यात्रा के साथ मदद और एक शीघ्र, और सुरक्षित मार्ग सुनिश्चित करता है हवाई अड्डे के माध्यम से.","ᱩᱰᱟᱹᱱ ᱟᱰᱟᱨᱮ ᱢᱤᱰ ᱟᱨ ᱜᱨᱤᱴ ᱡᱚᱛᱱᱟᱣ ᱫᱚ ᱥᱟᱸᱜᱷᱟᱨᱤᱭᱟᱹ ᱠᱚ ᱥᱟᱶ ᱥᱟᱶᱛᱮ ᱠᱳᱢᱯᱟᱱᱤ ᱞᱟᱹᱜᱤᱫ ᱢᱤᱫ ᱞᱟᱹᱠᱛᱤᱭᱟᱱ ᱡᱚᱛᱱᱟᱣ ᱠᱟᱱᱟ, ᱪᱮᱫᱟᱜ ᱥᱮ ᱱᱚᱶᱟ ᱫᱚ ᱥᱟᱸᱜᱷᱟᱨᱤᱭᱟᱹ ᱠᱚᱣᱟᱜ ᱦᱤᱡᱩᱜ ᱥᱮ ᱪᱟᱞᱟᱜ ᱛᱟᱞᱟᱛᱮ ᱩᱥᱟᱹᱨᱟᱼᱴᱨᱮᱠ ᱠᱞᱤᱭᱟᱨᱮᱱᱥ ᱨᱮ ᱜᱚᱲᱚᱭ ᱮᱢᱟ, ᱩᱪᱟᱹᱲ, ᱞᱟᱜᱮᱡ ᱟᱨ ᱜᱷᱟᱸᱨᱚᱸᱡ ᱥᱟᱸᱜᱷᱟᱨ ᱨᱮᱭ ᱜᱚᱲᱚᱼᱟ ᱟᱨ ᱩᱥᱟᱹᱨᱟ, ᱥᱚᱢᱟᱱ ᱟᱨ ᱮ ᱴᱷᱟᱹᱣᱠᱟᱹᱭᱟ ᱩᱰᱟᱹᱱ ᱟᱰᱟ ᱛᱟᱞᱟᱛᱮ ᱢᱤᱫ ᱱᱤᱨᱟᱹᱭ ᱦᱚᱨ ᱨᱮᱭᱟᱜ ᱾"
1508,"सन्‌ 720 किलोमीटर की दूरी पर पश्‍चिमी लोक - वासियों और अरबी सागर के बीच, छिपे हुए तटों और नदियों की मेज़बानों के बीच झूठ बोल रही है ।",ᱯᱟᱹᱪᱷᱤᱢ ᱜᱷᱟᱴ ᱟᱨ ᱟᱨᱟᱵᱤᱭᱟᱹ ᱥᱟᱹᱢᱩᱫ ᱛᱟᱞᱟ ᱗᱒᱐ ᱠᱤᱢᱤ ᱡᱤᱞᱤᱧ ᱯᱷᱟᱹᱲᱤ ᱨᱮ ᱟᱭᱢᱟ ᱩᱛᱟᱹᱨ ᱵᱤᱪ ᱟᱨ ᱠᱷᱟᱹᱲᱤᱠᱩ ᱢᱮᱱᱟᱜᱼᱟ ᱾
1509,"ये हरी - भरी किनारे, जंगली और हरे - भरे पश्‍चिमी भू - दृश्‍यों के साथ - साथ, अपने हिंसक गोआवाले साथी के लिए एक शांत विकल्प हैं ।","ᱱᱤᱭᱟᱹᱠᱩ ᱮᱠᱞᱟ ᱵᱤᱪᱠᱚ ᱫᱚ, ᱵᱤᱨ ᱟᱨ ᱦᱟᱹᱲᱭᱟᱹᱲ ᱯᱟᱹᱪᱷᱤᱢ ᱜᱷᱟᱴ ᱟᱰᱮᱯᱟᱥᱮ ᱠᱚᱨᱮ, ᱚᱱᱟᱠᱩ ᱨᱮᱭᱟᱜ ᱩᱧᱠᱩᱨᱮᱱ ᱨᱟᱹᱥᱠᱟᱹᱜᱽᱠᱟᱱ ᱜᱳᱣᱟᱱ ᱠᱟᱣᱩᱱᱴᱟᱨᱯᱟᱨᱴ ᱞᱟᱹᱜᱤᱫ ᱢᱤᱫᱴᱟᱝ ᱱᱤᱡᱷᱩᱢ ᱵᱟᱹᱫᱞᱤ ᱵᱤᱪᱜᱤ ᱠᱟᱱᱟ ᱾"
1510,यहाँ तक कि वह अपने शिकार के लिए भी मशहूर है ।,"ᱯᱮᱨᱤᱭᱟᱨ, ᱠᱮᱨᱟᱞᱟ ᱨᱮᱭᱟᱜ ᱢᱚᱥᱞᱟ ᱵᱟᱜᱟᱱ ᱨᱮᱭᱟᱜ ᱛᱟᱞᱢᱟ, ᱱᱚᱶᱟᱫᱚ ᱵᱤᱨ ᱡᱤᱭᱟᱹᱞᱤ ᱯᱟᱨᱠᱮ ᱞᱟᱹᱜᱤᱫ ᱛᱮᱦᱚᱸ ᱥᱚᱨᱮᱥ ᱜᱮᱭᱟ, ᱡᱟᱸᱦᱟᱫᱚ ᱯᱮᱨᱤᱭᱟᱨ ᱫᱟᱨᱦᱟᱨᱮ ᱢᱤᱫ ᱵᱳᱴ ᱠᱨᱩᱡᱽᱨᱮ ᱫᱮᱡᱚᱜ ᱨᱮ ᱡᱚᱛᱚᱠᱷᱚᱱ ᱱᱟᱯᱟᱭ ᱵᱩᱡᱩᱱ ᱧᱟᱢᱚᱜᱼᱟ ᱾"
1511,"इसके अलावा, अंतर्राष्ट्रीय पर्यटक दिलचस्पी के केंद्र में अनेक अन्य कार्यालय हैं ।","ᱱᱚᱶᱟ ᱪᱷᱟᱰᱟ, ᱡᱮᱜᱮᱫ ᱡᱟᱠᱟᱛ ᱥᱟᱸᱜᱷᱟᱨᱤᱭᱟᱹ ᱠᱚᱣᱟᱜ ᱡᱷᱩᱸᱠ ᱞᱮᱠᱟᱛᱮ ᱛᱟᱞᱢᱟᱨᱮ ᱟᱨᱦᱚᱸ ᱵᱮᱥ ᱠᱤᱪᱷᱤ ᱟᱹᱯᱤᱥ ᱢᱮᱱᱟᱜᱼᱟ ᱾"
1512,"शिरकार के शांत झीलों को नीचे उतारना और लकड़ी के जहाज़ों में रहना, श्रीनागर द्वारा पेश किए गए अनोखे अनुभव हैं ।",ᱥᱤᱠᱟᱨᱟᱥ ᱨᱮᱭᱟᱜ ᱥᱮᱨᱮᱱ ᱰᱟᱜᱽᱡᱚᱞᱟ ᱨᱮ ᱞᱟᱛᱟᱨᱛᱮ ᱟᱹᱛᱩᱜᱽ ᱟᱨ ᱠᱟᱴᱷ ᱞᱟᱹᱣᱠᱟᱹ ᱚᱲᱟᱜᱽ ᱨᱮ ᱛᱟᱦᱮᱸᱱ ᱫᱚ ᱥᱨᱤᱱᱚᱜᱚᱨ ᱦᱚᱛᱮᱛᱮ ᱮᱢᱟᱠᱟᱱ ᱵᱟᱝ ᱛᱩᱞᱟᱹᱜᱽ ᱞᱮᱠᱟᱱ ᱟᱹᱭᱠᱟᱹᱣ ᱠᱟᱱᱟ ᱾
1513,"भारत के नक्शे पर एक मणि के रूप में सेट करते हैं, वाहर अपने रंगों को सर्दियों में बदलता है, जब बर्फ में पहाड़ होंगे, वहाँ कोमल ढलानों के साथ उड़ रहे हैं; व गर्मियों में, शहद की बनी झीलों में सुंदर बनाते हैं।","ᱵᱷᱟᱨᱚᱛ ᱨᱮᱭᱟᱜ ᱢᱟᱱᱪᱤᱛᱟᱹᱨ ᱨᱮ ᱢᱤᱫ ᱦᱤᱨᱟᱹ ᱢᱟᱹᱱᱤᱠ ᱢᱩᱠᱩᱴ ᱞᱮᱠᱟᱱᱟᱜ ᱥᱮᱴ, ᱨᱤᱛᱩ ᱞᱮᱠᱟ ᱨᱚᱝᱼᱮ ᱵᱚᱫᱚᱞᱟ ᱠᱟᱥᱢᱤᱨᱼᱨᱟᱵᱟᱝ ᱫᱤᱱ, ᱡᱚᱠᱷᱚᱱ ᱵᱩᱨᱩᱨᱮ ᱵᱚᱨᱚᱯ ᱛᱮ ᱟᱴᱮᱫ ᱠᱚᱜᱼᱟ, ᱱᱟᱥᱮ ᱫᱟᱲᱟᱝ ᱵᱚᱨᱟᱵᱚᱨ ᱥᱠᱤᱭᱤᱝ ᱟᱨ ᱥᱞᱮᱡ ᱨᱟᱭᱰᱤᱝ ᱦᱩᱭᱩᱜᱼᱟ ; ᱦᱟᱣᱮᱫ ᱟᱨ ᱥᱤᱛᱩᱝ ᱨᱮ, ᱧᱮᱞᱮ ᱨᱟᱥᱟᱼ ᱥᱤᱥᱤᱨ ᱵᱟᱜᱣᱟᱱ, ᱰᱷᱟᱹᱣ ᱫᱟᱨᱦᱟ ᱱᱟᱹᱭ ᱫᱷᱟᱨᱮ ᱟᱹᱰᱤ ᱪᱚᱨᱚᱠ ᱪᱤᱠᱟᱹᱲᱮ ᱵᱮᱱᱟᱣᱼᱟ ᱾"
1514,"सन्‌ 2015 में, भारत से भारत के लिए विदेश का पैसा कमाने के लिए 16 करोड़ डॉलर थे ।","᱒᱐᱑᱕ ᱨᱮ, ᱵᱤᱨᱤᱫᱽ ᱠᱷᱚᱱ ᱵᱷᱟᱨᱚᱛ ᱞᱟᱹᱜᱤᱫ ᱯᱷᱚᱨᱮᱱ ᱮᱠᱥᱪᱮᱧᱡ ᱟᱹᱨᱱᱤᱝ ᱫᱚ ᱑᱖ᱹ᱙᱔ ᱵᱤᱞᱤᱭᱚᱱ ᱰᱚᱞᱟᱨ ᱛᱟᱦᱮᱸᱠᱟᱱᱟ ᱾"
1515,"बगुला के उन लोगों की तरह, अवीईना में जो एक पहाड़ी पत्थर पर खुदाई की गयी थी, बगानोनी की नदी के पार एक पहाड़ के चेहरे पर खुदाई की गयी ।","ᱵᱟᱜᱷ ᱜᱩᱦᱟᱹ ᱠᱩ ᱫᱚ, ᱚᱡᱚᱱᱛᱟ ᱜᱩᱦᱟᱹᱠᱩ ᱞᱮᱠᱟ, ᱵᱟᱜᱷᱟᱱᱤ ᱢᱟᱹᱣᱥᱩᱢᱤ ᱜᱟᱰᱟ ᱨᱮᱭᱟᱜ ᱢᱤᱫᱴᱟᱝ ᱵᱩᱨᱩ ᱵᱮᱲᱦᱟᱭᱛᱮ ᱫᱚᱲᱚᱢᱟᱠᱟᱱ ᱵᱟᱹᱞᱤᱭᱟᱹᱫᱷᱤᱨᱤ ᱪᱟᱹᱴᱟᱹᱱᱤ ᱫᱷᱤᱨᱤ ᱥᱟᱢᱟᱝ ᱨᱮ ᱠᱩᱸᱫᱟᱹᱣᱟᱠᱟᱱᱟ ᱾"
1516,सन्‌ 1975 में बॉसलैंड के लिए एक अलग विभाग स्थापित किया गया था ।,"ᱯᱚᱱᱚᱛ ᱨᱮᱭᱟᱜ ᱥᱟᱸᱜᱷᱟᱨ ᱞᱟᱹᱜᱤᱫᱛᱮ ᱢᱤᱫ ᱵᱷᱮᱜᱟᱨ ᱛᱷᱚᱱᱚᱛ ᱢᱮᱱᱟᱜᱼᱟ, ᱡᱟᱸᱦᱟᱫᱚ ᱑᱙᱖᱙ ᱥᱟᱹᱦᱤᱛᱨᱮ ᱛᱷᱟᱯᱚᱱ ᱞᱮᱱᱟ, ᱢᱮᱱᱠᱷᱟᱱ ᱢᱚᱦᱟᱨᱟᱥᱴᱨᱚ ᱯᱚᱱᱚᱛ ᱥᱟᱸᱜᱷᱟᱨ ᱩᱛᱷᱱᱟᱹᱣ ᱠᱚᱨᱯᱳᱨᱮᱥᱚᱱ ( ᱮᱢ ᱴᱤ ᱰᱤ ᱥᱤ ), ᱥᱟᱸᱜᱷᱟᱨ ᱨᱮᱭᱟᱜ ᱯᱚᱨᱪᱟᱨ ᱞᱟᱹᱜᱤᱫ ᱢᱤᱫ ᱥᱚᱨᱠᱟᱨᱤ ᱜᱟᱶᱛᱟ ᱛᱷᱟᱯᱚᱱ ᱞᱮᱱᱟ ᱑᱙᱗᱕ ᱥᱟᱹᱦᱤᱛᱨᱮ ᱾"
1517,"भारत में इसकी विशाल सांस्कृतिक और धार्मिक विरासत और विभिन्‍न प्राकृतिक आकर्षणों के साथ विकास करने के लिए विशाल संभावनाएं हैं, लेकिन विश्‍व तट के दृश्‍य में तुलनात्मक रूप से छोटी भूमिका है ।","ᱵᱷᱟᱨᱚᱛ ᱨᱮᱭᱟᱜ ᱢᱟᱨᱟᱝ ᱞᱟᱠᱪᱟᱨ ᱟᱨ ᱫᱷᱚᱨᱚᱢᱟᱱ ᱥᱮᱨᱣᱟ ᱟᱨ ᱱᱟᱱᱟᱦᱩᱱᱟᱹᱨ ᱥᱟᱪᱟᱨᱦᱮᱫ ᱨᱤᱡᱷᱟᱹᱣᱟᱱᱟᱜ ᱥᱟᱶᱛᱮ ᱥᱟᱸᱜᱷᱟᱨ ᱵᱟᱹᱲᱛᱤ ᱦᱩᱭ ᱫᱟᱲᱮᱭᱟᱜᱼᱟ, ᱢᱮᱱᱠᱷᱟᱱ ᱡᱮᱜᱮᱫ ᱥᱟᱸᱜᱷᱟᱨ ᱪᱤᱛᱟᱹᱨ ᱨᱮ ᱛᱩᱞᱟᱹᱡᱚᱠᱷᱟ ᱞᱮᱠᱟᱛᱮᱫᱚ ᱦᱩᱰᱤᱧ ᱮᱱᱮᱢ ᱢᱮᱱᱟᱜᱼᱟ ᱾"
1518,बीसवीं सदी का सबसे बड़ा विश्‍वव्यापी उद्योग बन गया और २१वीं सदी में भी तेज़ी से बढ़ रहा है ।,᱒᱐ ᱥᱚᱛᱟᱵᱫᱤ ᱨᱮᱭᱟᱜ ᱡᱚᱛᱚᱠᱷᱚᱱ ᱞᱟᱹᱴᱩ ᱡᱮᱜᱮᱛ ᱤᱱᱰᱩᱥᱴᱨᱤ ᱞᱮᱠᱟᱛᱮ ᱴᱩᱨᱤᱡᱚᱢ ᱫᱚ ᱩᱯᱮᱞᱟᱠᱟᱱᱟ ᱟᱨ ᱒᱑ ᱥᱚᱛᱟᱵᱫᱤ ᱨᱮ ᱟᱨ ᱦᱚᱸ ᱩᱥᱟᱹᱨᱟᱜᱤ ᱵᱟᱲᱦᱟᱜᱽᱼᱟ ᱢᱮᱱᱛᱮ ᱴᱷᱟᱹᱣᱠᱟᱹᱣᱟᱠᱟᱱᱟ ᱾
1519,"Merris हमारे व्यापार है, लेकिन हर यात्रा एक यात्री की स्मृति है.","ᱥᱟᱸᱜᱷᱟᱨ ᱫᱚ ᱟᱞᱮᱭᱟᱜ ᱵᱮᱯᱟᱨ ᱠᱟᱱᱟ, ᱢᱮᱱᱠᱷᱟᱱ ᱢᱤᱢᱤᱫᱴᱟᱝ ᱥᱟᱸᱜᱷᱟᱨ ᱫᱚ ᱥᱟᱸᱜᱷᱟᱨᱛᱮᱱ ᱠᱚᱣᱟᱜ ᱩᱭᱦᱟᱹᱨᱟᱱᱟᱜ ᱠᱟᱱᱟ ᱾"
1520,"सफ़री दस्तावेज़ों में पासपोर्ट, वीज़ा, कैंची प्रमाणपत्र या कर्ट का समर्थन शामिल है जो कि पासपोर्ट, बीमा, आमदनी के कर की बातें, स्वास्थ्य प्रमाणपत्र, आदि में है ।","ᱥᱟᱸᱜᱷᱟᱨ ᱰᱚᱠᱩᱢᱮᱱᱴᱠᱩ ᱯᱟᱥᱯᱳᱨᱴ, ᱵᱷᱤᱥᱟ, ᱠᱟᱹᱣᱰᱤ ᱥᱤᱫᱽᱥᱟᱠᱟᱢ ᱥᱮ ᱯᱟᱥᱯᱳᱨᱴ ᱨᱮ ᱠᱟᱹᱣᱰᱤ ᱨᱮᱭᱟᱜ ᱚᱱᱩᱢᱚᱫᱚᱱ, ᱥᱟᱸᱜᱷᱟᱨ ᱤᱱᱥᱩᱨᱮᱱᱥ, ᱤᱱᱠᱟᱢ ᱴᱮᱠᱥ ᱵᱚᱨᱱᱚᱱ, ᱦᱚᱲᱢᱚᱥᱟᱶᱟᱨ ᱥᱤᱫᱽᱥᱟᱠᱟᱢ ᱮᱢᱟᱱ ᱛᱮᱭᱟᱜ ᱠᱩ ᱡᱚᱯᱚᱲᱟᱣ ᱢᱮᱱᱟᱜᱼᱟ ᱾"
1521,"इन पर्वों में से कुछ उप - पर्व, उप - उत्सव, उप - उत्सव, उप - उत्सव, प्युतंत्र (माधा), और अन्य त्योहारों के पर्व हैं ।","ᱱᱤᱭᱟᱹᱠᱩ ᱢᱩᱫᱨᱮ ᱠᱤᱪᱷᱤ ᱯᱚᱨᱚᱵ ᱫᱚ ᱦᱩᱭᱩᱜ ᱠᱟᱱᱟ ᱤᱞᱳᱨᱟ ᱯᱚᱨᱚᱵ, ᱯᱩᱱᱮ ᱜᱚᱱᱮᱥ ᱯᱚᱨᱚᱵ, ᱢᱩᱨᱩᱫ (ᱨᱟᱭᱜᱟᱰ) ᱨᱮ ᱜᱷᱚᱨᱯᱩᱨᱤ ᱢᱟᱨᱟᱝ ᱯᱚᱨᱚᱵ, ᱟᱨ ᱮᱴᱟᱜᱽ ᱮᱢᱟᱱ ᱠᱩ ᱾"
1522,"निगम के एक हिस्से में, अनेक पर्यटक घर, सहारा, और होटल अनेक पर्यटक स्थलों से यात्रा करते हैं और जानकारी प्रदान करते हैं और यात्रा करने का प्रबंध करते हैं ।","ᱠᱚᱨᱯᱳᱨᱮᱥᱚᱱᱼᱟᱜ ᱟᱶᱛᱟᱨᱮ, ᱟᱭᱢᱟ ᱥᱟᱸᱜᱷᱟᱨ ᱚᱲᱟᱜ, ᱨᱤᱥᱚᱨᱴ ᱟᱨ ᱦᱳᱴᱮᱞ ᱠᱚ ᱟᱭᱢᱟ ᱥᱟᱸᱜᱷᱟᱨ ᱥᱟᱭᱤᱴ ᱠᱷᱚᱱ ᱠᱚ ᱠᱟᱹᱢᱤᱭᱟ ᱧᱮᱧᱮᱞᱤᱭᱟᱹ ᱠᱚᱣᱟᱜ ᱛᱟᱸᱦᱮᱱ ᱵᱮᱵᱚᱥᱛᱟ ᱟᱨ ᱰᱚᱜᱚᱨ ᱠᱚ ᱮᱢ ᱟᱨ ᱞᱟᱹᱭ ᱟᱠᱟᱱ ᱥᱟᱸᱜᱷᱟᱨ ᱨᱮᱭᱟᱜ ᱠᱚ ᱵᱮᱵᱚᱥᱛᱟᱭᱟ ᱾"
1523,यह सकारात्मक और नकारात्मक हो सकता है ।,ᱱᱚᱶᱟ ᱫᱚ ᱵᱷᱟᱜᱮ ᱥᱟᱶᱥᱟᱶᱛᱮ ᱵᱟᱹᱲᱤᱡ ᱦᱚᱸ ᱦᱩᱭ ᱫᱟᱲᱮᱭᱟᱜᱼᱟ ᱾
1524,"इसके अलावा, यह भी हो सकता है कि बहुत - से लोगों के बीच होनेवाले रिश्‍ते पर इसका असर न पड़े ।","ᱟᱜᱟᱢ ᱩᱭᱦᱟᱹᱨ ᱟᱨ ᱥᱟᱢᱲᱟᱣ ᱵᱮᱵᱚᱥᱛᱷᱟ ᱪᱷᱟᱰᱟ, ᱥᱟᱝᱜᱷᱟᱨ ᱨᱮᱭᱟᱜ ᱩᱛᱷᱱᱟᱹᱣ ᱫᱚ, ᱥᱟᱶᱛᱟ, ᱞᱟᱠᱪᱟᱨ ᱟᱨ ᱠᱟᱹᱣᱰᱤᱟᱹᱨᱤ ᱞᱟᱲᱟᱣ ᱦᱚᱛᱮᱛᱮ ᱢᱩᱪᱟᱹᱫ ᱫᱟᱲᱮᱭᱟᱜᱼᱟ, ᱡᱟᱦᱟᱸ ᱫᱚ ᱥᱟᱝᱜᱷᱟᱨᱤᱭᱟᱹ ᱟᱨ ᱛᱷᱟᱹᱱᱤᱛ ᱦᱚᱲᱠᱩᱣᱟᱜ ᱥᱟᱹᱜᱟᱹᱭ ᱛᱟᱞᱟᱨᱮ ᱩᱫᱩᱜ ᱥᱚᱫᱚᱨᱚᱜᱼᱟ ᱾"
1525,यह सुनकर वह दंग रह गया ।,ᱯᱞᱤᱴᱚᱥ ᱵᱟᱝᱠᱷᱟᱱ ᱠᱮᱞᱤᱥ ᱢᱚᱬᱮ ᱵᱩᱫᱫᱷ ᱵᱟᱝᱠᱷᱟᱱ ᱢᱚᱬᱮ ᱨᱚᱛᱱᱠᱚ ᱵᱳᱡᱦᱟᱹᱜᱼᱟ᱾
1526,"पूर्व में, एक व्यक्‍ति को अनेक उप - गोत्रों के साथ एडिएल मिलता है, जिनमें पैम, पेसी, मिप्पू, और बॉर भी शामिल है ।","ᱞᱟᱦᱟᱨᱮ, ᱮᱴᱟᱠ ᱠᱚ ᱢᱩᱫᱽᱨᱮ ᱯᱚᱫᱚᱢ, ᱯᱟᱥᱤ, ᱢᱤᱱᱤᱭᱚᱝ ᱟᱨ ᱵᱳᱠᱟᱨ ᱞᱮᱠᱟᱱ ᱥᱮᱫᱟᱭ ᱨᱮᱱ ᱟᱭᱢᱟ ᱩᱯᱚᱡᱟᱹᱛᱤ ᱠᱚ ᱧᱮᱞ ᱧᱟᱢᱚᱜᱼᱟ ᱾"
1527,"यूरोप के सम्राटों ने एक ऐसी इमारत बनायी, जिस पर जीत हासिल करने की निशानी थी और वह राज्य या धर्म को समर्पित थी ।",ᱤᱭᱩᱨᱳᱯᱤᱭᱟᱱ ᱩᱯᱟᱹᱱᱤᱵᱮᱥᱟᱱᱠᱩ ᱫᱚ ᱮᱢᱚᱱ ᱢᱤᱫᱴᱟᱝ ᱵᱮᱱᱟᱣᱠᱟᱹᱨᱤ ᱠᱩ ᱵᱮᱱᱟᱣᱨᱟᱠᱟᱵᱞᱮᱫᱟ ᱡᱟᱦᱟᱸ ᱫᱚ ᱯᱚᱱᱚᱛ ᱥᱮ ᱫᱷᱚᱨᱚᱢ ᱡᱚᱥ ᱞᱟᱹᱜᱤᱫ ᱮᱢᱟᱠᱟᱱ ᱩᱝᱠᱩᱣᱟᱜ ᱡᱤᱛᱠᱟᱹᱨ ᱴᱷᱟᱹᱣᱠᱟᱹ ᱨᱮᱭᱟᱜ ᱪᱤᱱᱦᱟᱹ ᱛᱟᱦᱮᱸᱠᱟᱱᱟ ᱾
1528,"आम संगीत के नीचे एक समूह होता है, जो ऑरया संगीत का एक महत्त्वपूर्ण भाग बनता है ।","ᱨᱟᱜ, ᱨᱚᱝᱜᱤᱞᱟ ᱪᱳᱣᱯᱚᱫᱤ, ᱮᱢᱟᱱ ᱪᱮᱛᱟᱱ ᱴᱮᱦᱟᱰᱟᱠᱟᱱ ᱵᱷᱚᱡᱚᱱ, ᱡᱚᱱᱚᱱ ᱟᱨ ᱩᱲᱤᱭᱟᱹ ᱥᱮᱨᱮᱧᱠᱩ ᱦᱟᱞᱠᱟ ᱥᱟᱥᱛᱨᱤᱭᱚ ᱥᱚᱝᱜᱤᱛ ᱢᱩᱫᱨᱮ ᱦᱟᱹᱴᱤᱧᱥᱟᱹᱢᱩᱧᱚᱜᱼᱟ, ᱡᱟᱦᱟᱸ ᱫᱚ ᱩᱰᱤᱭᱟᱹ ᱥᱚᱝᱜᱤᱛᱨᱮᱭᱟᱜ ᱢᱤᱫᱴᱟᱝ ᱧᱩᱢᱟᱱᱟᱜ ᱵᱤᱵᱷᱟᱹᱜᱮ ᱵᱮᱱᱟᱣᱼᱟ ᱾"
1529,"उसकी असाधारण उपलब्धि, साथ ही भाग्य और उसके साथियों की चिकनी - चुपड़ी बातें, दोनों में इसका असर हो सकता है ।",ᱵᱷᱟᱜᱚ ᱨᱮᱭᱟᱜ ᱴᱷᱟᱝᱮᱲ ᱟᱴᱠᱟᱨ ᱟᱨ ᱟᱪᱨᱮᱱ ᱜᱟᱛᱮ ᱥᱟᱶᱛᱮ ᱵᱷᱚᱲᱚᱜ ᱠᱟᱛᱷᱟ ᱩᱱᱤᱭᱟᱜ ᱵᱤᱥᱮᱥ ᱠᱟᱹᱨᱫᱷᱟᱹᱱᱤ ᱥᱟᱶᱛᱮ ᱢᱤᱞ ᱢᱮᱥᱟ ᱦᱩᱭᱫᱟᱲᱮᱭᱟᱜᱼᱟ ᱱᱚᱶᱟ ᱮᱥᱮᱨᱮ ᱧᱟᱢ ᱟᱠᱟᱫᱟ ᱾
1530,वियतनामी साम्राज्य के बाद से यातना शिविर में यातना शिविरों का डर माना गया है ।,ᱠᱷᱚᱢᱮᱨ ᱨᱟᱡᱽᱯᱟᱴ ᱨᱮᱭᱟᱜ ᱚᱠᱛᱚ ᱠᱷᱚᱱᱜᱮ ᱠᱚᱢᱵᱳᱰᱤᱭᱟᱨᱮ ᱜᱟᱝᱜᱟᱫᱚ ᱢᱟᱹᱱ ᱮᱢ ᱦᱩᱭᱩᱜ ᱠᱟᱱ ᱛᱟᱸᱦᱮᱜ ᱾
1531,गॉआ की तस्वीर दिखाती है कि धर्म के बीच गहरा संबंध है ।,"ᱫᱤᱯᱥᱛᱚᱢᱷᱚ, ᱠᱚᱨᱩᱥ ᱟᱨ ᱜᱷᱳᱲᱮ ᱢᱳᱲᱱᱤ ᱛᱟᱭᱚᱢ ᱛᱟᱭᱚᱢ ᱪᱟᱞᱟᱜ ᱢᱤᱫᱴᱟᱝ ᱨᱟᱛᱷ ᱛᱟᱞᱢᱟ ᱠᱟᱛᱮᱜ ᱵᱮᱱᱟᱣ ᱟᱠᱟᱱ ᱜᱳᱭᱟᱨᱮ ᱴᱮᱵᱞᱳᱴᱤ ᱫᱚᱨᱚᱢ ᱱᱮᱦᱟᱹᱞᱤ ᱧᱮᱞᱧᱟᱢ ᱟ᱾"
1532,"(2004), इस अंक की जाँच कीजिए ।","ᱱᱤᱭᱟᱹ ᱜᱷᱚᱴᱚᱱ ᱵᱮᱯᱟᱨᱛᱮ ᱥᱮᱸᱫᱨᱟᱠᱟᱛᱮ ᱩᱱᱤ ᱫᱚ 'ᱢᱤᱡᱳ ᱮᱱᱜᱮ ᱤᱡᱨᱟᱭᱮᱞ?' (""ᱢᱤᱡᱳ ᱱᱟᱠᱤ ᱤᱡᱨᱟᱭᱮᱞᱤ?"") (᱒᱐᱐᱔) ᱯᱚᱛᱚᱵᱮ ᱚᱞᱟᱠᱟᱫᱟ ᱾"
1533,"इन भाषाओं के सबसे पुराने अभिलिखित रूप, Vandart और गती एवियन एवियन, बहुत ही समान हैं, जो आम प्रोटोटो-इनन भाषा से नीचे उतर आए हैं।",ᱪᱟᱞᱟᱣᱦᱮᱡᱩᱜᱠᱟᱱ ᱯᱨᱳᱴᱳ ᱤᱱᱫᱳ ᱤᱨᱟᱱᱤ ᱯᱟᱹᱨᱥᱤ ᱠᱷᱚᱱ ᱦᱮᱪ ᱟᱠᱟᱱ ᱵᱚᱭᱫᱤᱠ ᱥᱚᱝᱥᱠᱨᱤᱛ ᱟᱨ ᱜᱚᱛᱷᱤᱠ ᱟᱵᱮᱥᱛᱟᱱ ᱯᱟᱹᱨᱥᱤ ᱨᱮᱭᱟᱜ ᱢᱟᱨᱮᱱ ᱟᱱᱟᱜ ᱞᱤᱯᱤᱵᱷᱩᱠᱛᱚ ᱨᱩᱯ ᱦᱟᱦᱟᱲᱟᱜ ᱞᱮᱠᱟᱱ ᱚᱱᱟᱥᱤᱠ ᱾
1534,"दक्षिणी भारत में, Pallva अवधि Savu (575 सा. यु.","ᱫᱚᱠᱷᱤᱱ ᱵᱷᱟᱨᱚᱛ ᱨᱮᱭᱟᱜ ᱩᱭᱦᱟᱹᱨᱵᱟᱛᱷᱟᱱ ᱵᱮᱱᱟᱣ, ᱟᱞᱳᱣᱟᱨ ᱟᱨ ᱱᱚᱭᱱᱟᱨ ᱠᱚ (ᱵᱷᱩᱠᱛᱤ) ᱜᱟᱸᱛᱟᱠ ᱛᱷᱟᱯᱚᱱ, ᱟᱹᱨᱤᱪᱟᱹᱞᱤ ᱥᱮᱪᱮᱫ ᱨᱮᱭᱟᱜ ᱟᱹᱛᱩ ᱨᱮᱭᱟᱜ ᱵᱟᱸᱵᱬᱮᱵᱟᱫᱤ ᱛᱷᱟᱯᱚᱱ ᱨᱮᱭᱟᱜ ᱱᱟᱥᱟᱣ, ᱟᱨ ᱢᱤᱫᱦᱚᱲ ᱩᱯᱚᱡᱟᱹᱛᱤ ᱢᱩᱲᱩᱫ ᱟᱶᱛᱟᱨᱮ ᱡᱚᱛᱚᱦᱚᱲᱟᱜ ᱟᱹᱨᱤᱪᱟᱹᱞᱤ ᱥᱟᱶᱛᱮ ᱯᱨᱟᱠᱼᱯᱚᱞᱞᱚᱵ ᱡᱩᱜ ᱨᱮᱱ ᱴᱚᱴᱷᱟ ᱠᱤᱭᱟᱹ ᱞᱮᱠᱟᱛᱮ ᱵᱷᱮᱜᱟᱨ ᱨᱟᱹᱥᱤᱭᱟᱹᱣᱟᱜ ᱚᱪᱚᱜ ᱜᱷᱚᱴᱟᱣ ᱫᱚ ᱨᱟᱡᱽᱯᱟᱴ ᱨᱮᱭᱟᱜ ᱪᱚᱠᱨᱚᱵᱚᱛᱤᱱ ᱱᱤᱯᱟᱹᱴ ᱛᱷᱟᱯᱚᱱ ᱥᱟᱶᱛᱮ ᱥᱤᱝᱦᱚᱵᱤᱥᱱᱩ ᱠᱷᱚᱱ ᱮᱛᱚᱦᱚᱵ ᱟᱠᱟᱱ ᱯᱚᱞᱞᱚᱵ ᱚᱠᱛᱮ ᱠᱟᱞᱫᱚ (᱕᱗᱕ᱼ᱙᱐᱐ ᱠᱷᱤᱥᱴᱟᱵᱫᱚ) ᱛᱟᱦᱮᱸ ᱠᱟᱱᱟ ᱫᱚᱠᱷᱤᱱ ᱵᱷᱟᱨᱚᱛᱭᱟᱹ ᱥᱚᱢᱟᱡᱽ ᱨᱮᱭᱟᱜ ᱢᱤᱫᱴᱟᱝ ᱠᱨᱟᱱᱛᱤᱠᱟᱞᱤᱱ ᱦᱚᱨᱟ ᱾"
1535,"बीसवीं सदी में परमेश्‍वर कीशमा, कांद्रा, कांद्रा, कारीमा, कारामा मोना (1906-1999-1999), गोजान, गोजान, गंदी मोना (1914-1999), पांदा (1914- 2007), मेर्‍त और शैन (1909), शैन्‍नान (1908- 2007), शैन्‍नान (1908- 2007), मल्‍ना, शैन्‍नान), शैन्‍नान (1920- 2007), शैन्‍ना और शैन्‍नानान), जुलाईरेनानानान (1908ा), मिस्‍नान), मिस्‍नामा, मिस्‍नामा, मोनामामामामामामा, मोनामामामामा, मोनामा, मोनामा, मोनामामामामामामामामामामा, मोख, मोख, मोख, मिसा, मोख, मिस, मिनामामामा, मिनामामामामामामामामामा, मिना, मिरामामामामामामामामा, मिना, मिसा, मोना, मिसा, मिसा, मिसा, मिसा, मिसा, मिसा, मिना, मिना, मिना, मिना, मिना, मिना, मिना, मिना, मिना, मिना, मिरामामामा, मिना, मिरामा, मिरामा, मिना, मिना, मिना, मिना, मिना, मिरामामामामा, मिना, मिरारारारारामा, मिना, मिना, मिना, मिना, मिना, मिनार, मिनार, मिनार, मिनार, मिना, मिना, मि.","᱒᱐ ᱥᱟ ᱥᱚᱛᱟᱵᱫᱤ ᱨᱮ ᱳᱰᱤᱭᱟ ᱥᱟᱶᱦᱮᱫ ᱜᱚᱲᱦᱚᱱᱠᱟᱹᱨᱤ ᱠᱤᱪᱷᱤ ᱧᱩᱛᱩᱢ ᱠᱚᱫᱚ ᱦᱩᱭᱩᱜ ᱠᱟᱱᱟ ᱜᱳᱫᱟᱵᱚᱨᱤᱥ ᱢᱚᱦᱟᱯᱟᱛᱨᱚ, ᱠᱟᱞᱤᱱᱫᱤ ᱪᱚᱨᱚᱱ ᱯᱟᱱᱤᱜᱨᱟᱦᱤ, ᱠᱟᱦᱩ ᱪᱚᱨᱚᱱ ᱢᱳᱱᱟᱱᱛᱤ (᱑᱙᱐᱖ᱼ᱑᱙᱙᱔), ᱜᱳᱯᱤᱱᱟᱛᱷ ᱢᱳᱦᱟᱱᱛᱤ (᱑᱙᱑᱔ᱼ᱑᱙᱙᱑), ᱥᱚᱪᱪᱤᱫᱱᱚᱱᱫᱚ ᱨᱟᱣᱛᱨᱟᱭ (᱑᱙᱑᱖ᱼ᱒᱐᱐᱔), ᱥᱤᱛᱟᱠᱟᱱᱛᱚ ᱢᱚᱦᱟᱯᱟᱛᱨᱚ (ᱡᱟᱱᱟᱢ ᱑᱗ ᱤ ᱥᱮᱯᱴᱮᱢᱵᱚᱨ ᱑᱙᱓᱗), ᱥᱩᱨᱮᱱᱫᱨᱚ ᱢᱳᱦᱟᱱᱛᱤ, ᱢᱚᱱᱳᱡ ᱫᱟᱥ, ᱠᱤᱥᱳᱨᱤ ᱪᱚᱨᱚᱱ ᱫᱟᱥ, ᱨᱟᱢᱟᱠᱟᱱᱛᱚ ᱨᱚᱛ (ᱡᱟᱱᱟᱢ ᱑᱓ ᱤ ᱰᱤᱥᱮᱢᱵᱚᱨ ᱑᱙᱓᱔), ᱵᱤᱱᱟᱯᱟᱱᱤ ᱢᱳᱦᱟᱱᱛᱤ, ᱡᱚᱜᱚᱫᱤᱥ ᱢᱳᱦᱟᱱᱛᱤ, ᱥᱳᱨᱳᱡᱤᱱᱤ ᱥᱟᱦᱩ, ᱨᱟᱡᱮᱱᱫᱨᱚ ᱠᱤᱥᱳᱨ ᱯᱚᱱᱰᱟ, ᱯᱚᱫᱽᱚᱡ ᱯᱟᱞ, ᱨᱟᱢᱢᱪᱚᱫᱽᱨᱚ ᱵᱮᱦᱨᱟ, ᱯᱚᱛᱤᱵᱷᱟ ᱥᱚᱛᱚᱯᱚᱛᱤ, ᱱᱚᱱᱫᱤᱱᱤ ᱥᱟᱦᱩ, ᱫᱮᱵᱨᱟᱡ ᱥᱟᱢᱚᱱᱛᱚᱨᱟᱭ ᱾"
1536,"यह आम तौर पर पिदीनी नहीं थी, जिसे म्युला अदालत से अधिकारी मिले थे ।","ᱤᱥᱞᱟᱢᱤᱠ ᱵᱟᱝᱞᱟ ᱩᱱᱤᱭᱟᱜ ᱢᱤᱦᱤ ᱥᱩᱛᱤ ᱨᱮᱭᱟᱜ ᱠᱤᱡᱨᱤᱡ ᱟᱨ ᱥᱟᱹᱲᱤ ᱟᱨᱡᱟᱣ, ᱵᱤᱥᱮᱥ ᱠᱟᱛᱮ ᱡᱟᱢᱫᱟᱱᱤᱞᱟᱹᱜᱤᱫ ᱧᱩᱛᱩᱢᱟᱱ, ᱡᱟᱦᱟ ᱢᱩᱜᱷᱚᱞ ᱫᱚᱨᱵᱲᱨ ᱠᱷᱚᱱ ᱦᱩᱠᱩᱢᱱᱟᱢᱟ ᱧᱟᱢ ᱞᱮᱱᱟ᱾"
1537,"7907 में एक जल घड़ी की एक 'या संभवतः 801D', बगेदाद, रॉन अल-ब्रिएद का शाही बगास, एक एशियाई हाथी के साथ, साथ एक ""साथ"" जल की घड़ी के बारे में एक महान उदाहरण प्रस्तुत किया।","᱗᱙᱗ ᱠᱷᱨᱤᱥᱴᱟᱵᱫᱽᱨᱮ (ᱥᱮ ᱦᱩᱭᱫᱟᱲᱮᱭᱟᱜᱼᱟ ᱘᱐᱑ ᱠᱷᱨᱤᱥᱴᱟᱵᱫᱽ) ᱵᱟᱜᱫᱟᱫᱨᱮᱱ ᱟᱵᱵᱟᱥᱤᱭᱟᱹ ᱠᱷᱚᱞᱤᱯᱷᱟ ᱦᱟᱨᱩᱱ ᱟᱞ ᱨᱚᱥᱤᱫ ᱢᱤᱫᱴᱟᱝ ᱫᱟᱜᱽᱜᱷᱟᱹᱲᱤ ᱨᱮᱭᱟᱜ ""ᱵᱤᱥᱟᱹᱥᱠᱟᱭᱛᱮ ᱵᱤᱪᱷᱱᱟᱹᱣ ᱫᱟᱹᱭᱠᱟᱹᱠᱩ"" ᱥᱟᱶ ᱢᱤᱫᱥᱟᱶᱛᱮ ᱟᱵᱩᱞ ᱟᱵᱵᱟᱥ ᱧᱩᱛᱩᱢᱟᱱ ᱢᱤᱫᱴᱟᱝ ᱮᱥᱤᱭᱟᱱ ᱦᱟᱹᱛᱤ ᱦᱚᱛᱮᱛᱮ ᱥᱟᱨᱞᱮᱢᱮᱱᱼᱮ ᱩᱫᱩᱜᱽᱥᱚᱫᱚᱨᱞᱤᱫᱤᱭᱟ ᱾"
1538,"ब्रिटेन की स्त्रियाँ कम थीं; 1785 के सर्जन जॉन स्टॆलर ने अपने भाई को Trope से खत लिखा: ""यहाँ कई महिलाओं में से कई लोग लूव हिल पर दुकानों से और यहाँ तक कि कोस्ट गार्डन गार्डन्स से भी, और यहाँ तक कि कुछ कोवेचिया [जो 18वीं सदी में वेश्‍यावृत्ति के प्रसिद्ध क्षेत्रों में वेश्‍यावृत्ति के प्रसिद्ध क्षेत्रों में.","ᱵᱷᱟᱜᱤ ᱥᱟᱶᱛᱟ ᱢᱟᱹᱱᱟᱱ ᱨᱝᱨᱮᱡ ᱛᱤᱨᱞᱟᱹᱠᱩ ᱟᱹᱰᱤ ᱠᱚᱢᱠᱩ ᱛᱟᱦᱮᱸᱠᱟᱱᱟ; ᱥᱟᱨᱡᱮᱱ ᱡᱚᱱ ᱥᱴᱩᱣᱟᱨᱴ ᱑᱗᱘᱕ᱼᱨᱮ ᱠᱟᱱᱯᱩᱨ ᱠᱷᱚᱱ ᱟᱡᱽᱨᱮᱱ ᱵᱚᱭᱦᱟᱭ ᱚᱞᱟᱭᱠᱟᱱᱟᱺ ""ᱱᱚᱸᱰᱮᱱ ᱛᱤᱨᱞᱟᱹᱠᱩ ᱢᱩᱫᱨᱮ ᱟᱭᱢᱟᱜᱤ ᱞᱟᱰᱜᱮᱴ ᱦᱤᱞᱟᱜ ᱛᱤᱨᱞᱟᱹᱠᱩᱣᱟᱜ ᱴᱩᱯᱨᱤ ᱵᱮᱱᱟᱣ ᱫᱳᱠᱟᱱ ᱠᱷᱚᱱ ᱟᱨ ᱚᱠᱚᱭ ᱚᱠᱚᱭᱢᱟ ᱛᱷᱚ ᱠᱚᱵᱷᱮᱱᱴ ᱜᱟᱨᱰᱮᱱ ᱟᱨ ᱳᱞᱰ ᱰᱨᱩᱨᱤ [᱑᱘ ᱥᱚᱛᱟᱵᱫᱤ ᱨᱮᱭᱟᱜ ᱢᱩᱪᱟᱹᱫᱥᱮᱡᱽ ᱞᱚᱱᱰᱚᱱᱨᱮ ᱦᱚᱲᱢᱚᱟᱹᱠᱷᱨᱤᱧ ᱠᱟᱹᱢᱤᱨᱮ ᱧᱩᱛᱩᱢᱟᱱ ᱴᱷᱟᱣ] ᱠᱷᱚᱱ ᱦᱮᱡᱽ ᱥᱟᱦᱚᱥᱤᱱᱤ ᱥᱟᱹᱢᱩᱝ ᱾"""
1539,"यदि मृत्यु कहीं कहीं और हुई है, तो मनोरंजन में राख डालने के द्वारा उद्धार प्राप्त किया जा सकता है ।",ᱮᱴᱟᱜ ᱨᱮᱭ ᱜᱚᱡ ᱞᱮᱱᱠᱷᱟᱱ ᱜᱟᱝᱜᱟᱨᱮ ᱡᱟᱝᱵᱟᱦᱟ ᱵᱩᱦᱟᱹᱞ ᱞᱮᱠᱷᱟᱱ ᱪᱷᱟᱲᱮ ᱧᱟᱢᱟ᱾
1540,"इस लेख में चीन के बारे में चर्चा की गई थी, जिसमें १९८९ के तिबिरियान वर्ग हत्या, अध्यक्ष माओ ज़ाँंग की सांस्कृतिक क्रांति, हांगकांग की लड़ाई, और Xinagang और तिब्बत में नृजातीय तनाव भी शामिल थे।","ᱚᱱᱚᱞᱠᱚ ᱛᱟᱦᱮᱸᱠᱟᱱᱟ ᱑᱙᱘᱙ ᱨᱮ ᱛᱤᱭᱟᱱᱟᱢᱮᱱ ᱟᱰᱮ ᱯᱟᱥᱮ ᱡᱚᱜ ᱨᱮᱭᱟᱜ, ᱥᱚᱵᱷᱟ ᱜᱚᱝᱠᱮ ᱢᱟᱣ ᱡᱮᱫᱚᱝ ᱨᱮᱱ ᱞᱟᱠᱪᱟᱨ ᱞᱟᱲᱟᱣᱮᱱᱟ, ᱜᱚᱱᱛᱚᱱᱛᱨᱚ ᱞᱟᱹᱜᱤᱫ ᱦᱚᱝᱠᱚᱝ ᱨᱮ ᱞᱟᱹᱲᱦᱟᱹᱭ ᱟᱨ ᱥᱤᱱᱡᱤᱭᱟᱝ ᱟᱨ ᱛᱤᱵᱵᱚᱛᱨᱮ ᱡᱟᱹᱛᱤ ᱟᱹᱨᱤ ᱵᱟᱝ ᱠᱚ ᱦᱚᱲ ᱞᱮᱠᱟ ᱪᱤᱱᱨᱮ ᱵᱚᱱᱫᱷᱚ ᱞᱮᱠᱷᱟ ᱦᱩᱭ ᱥᱟᱛᱟᱢᱠᱚ ᱛᱟᱞᱢᱟ ᱞᱮᱫᱟ᱾"
1541,ब्रिटिश राजा की तस्वीर Ahoma की शेर राजधानी द्वारा बदल दी गई थी।,ᱵᱨᱤᱴᱤᱥ ᱨᱟᱡᱟ ᱠᱚᱣᱟᱜ ᱢᱩᱴᱷᱟᱹᱱ ᱫᱚᱲᱦᱟ ᱛᱷᱟᱯᱚᱱ ᱠᱚᱨᱟᱣ ᱦᱩᱭ ᱞᱮᱱᱟ ᱚᱥᱚᱠ ᱟᱜ ᱥᱤᱝᱦᱚ ᱨᱟᱡᱽᱜᱟᱲ ᱾
1542,एलडर ने आगे कहा कि योजना बनाते वक्‍त 12 किलोमीटर (7.5 मी.5 मी.,ᱢᱟᱨᱟᱝ ᱠᱚᱲᱟ ᱯᱞᱤᱱᱤ ᱥᱮᱞᱮᱫ ᱞᱮᱫᱟ ᱡᱮ ᱩᱭᱦᱟᱹᱨ ᱵᱷᱟᱵᱱᱟ ᱡᱷᱟᱹᱞ ᱛᱟᱦᱮᱸᱠᱟᱱᱟ ᱑᱒ ᱠᱤᱞᱳᱢᱤᱴᱟᱨ (᱗ᱹ᱕ ᱢᱟᱭᱞ) ᱟᱨ ᱡᱚᱥᱫᱚ ᱛᱟᱦᱮᱸᱠᱟᱱᱟ ᱠᱮᱥᱴᱨᱤᱭ ᱟᱨ ᱦᱟᱨᱢᱤᱭ ᱥᱟᱝᱷᱟ ᱥᱟᱹᱢᱩᱫ ᱢᱩᱫᱨᱮ ᱥᱟᱹᱜᱟᱹᱭ ᱮ ᱡᱳᱲᱟᱣ ᱞᱮᱫᱟ ᱜᱷᱩᱴᱩᱥᱚᱱᱫᱷᱤ ᱢᱩᱫᱨᱮ ᱢᱤᱫᱴᱟᱝ ᱠᱷᱟᱞ ᱠᱚ ᱞᱟ ᱞᱮᱫᱟ᱾
1543,"कलाशोथ के अनुसार, एक प्रवर्ना या द्रता 80 चूहे के बराबर था (१ मीमा = ५ पर आधारित) ।",ᱚᱨᱛᱷᱚᱥᱟᱥᱛᱨᱚ ᱞᱮᱠᱟᱛᱮ ᱢᱤᱫᱴᱟᱝ ᱥᱳᱱᱟ ᱥᱨ ᱠᱟᱨᱥ ᱛᱟᱦᱮᱸᱠᱟᱱᱟ ᱘᱐ ᱨᱚᱛᱛᱤ ᱵᱟᱨᱟᱵᱟᱹᱨᱤ (᱑ ᱢᱟᱥᱟ = ᱕ ᱨᱚᱛᱛᱤ ᱢᱟᱱ ᱨᱮᱭᱟᱜ ᱞᱮᱠᱟᱛᱮ) ᱾
1544,हाल ही के सी 14 अंक और SATATA II-B अवधि की तुलना से पता चलता है कि पहले दो चरणों को पहले से ही पहचाना जाना चाहिए : चरणों को पहले से ही तय किया जाना चाहिए और फिर से स्थापित किया जाना चाहिए: चरण I (c. 300 - 300 B) और चरण II (20-600).,ᱫᱚᱥᱟᱨᱼᱵᱤ ᱟᱨᱢᱤ ᱚᱠᱛᱚᱱᱟᱝᱨᱮ ᱦᱟᱥᱟ ᱠᱟᱹᱨᱤ ᱥᱟᱶ ᱱᱮᱦᱟᱞᱤ ᱥᱤ ᱑᱔ ᱚᱠᱛᱚ ᱜᱚᱴᱟ ᱞᱮᱱᱟ ᱟᱨ ᱠᱟᱹᱨᱤ ᱞᱮᱠᱟᱛᱮ ᱛᱩᱞᱟᱡᱚᱠᱷᱟᱨᱮ ᱧᱮᱞ ᱞᱮᱱᱟ ᱡᱮ ᱯᱳᱭᱞᱳ ᱵᱟᱨᱭᱟ ᱯᱚᱨᱡᱟᱭ ᱫᱷᱟᱯ ᱨᱮ ᱯᱨᱟᱠᱦᱚᱨᱚᱯᱯᱟᱱ ᱫᱷᱳᱞᱟᱵᱤᱨᱤ ᱞᱟᱠᱪᱟᱨ ᱢᱮᱱᱛᱮ ᱟᱨ ᱚᱠᱛᱚᱠᱚ ᱞᱟᱛᱟᱨᱮ ᱫᱚᱥᱟᱨᱛᱮ ᱜᱚᱴᱟ ᱵᱩᱴᱟᱹ ᱞᱟᱠᱛᱤ ᱠᱟᱱᱟᱺ ᱯᱳᱭᱞᱳ ᱫᱷᱟᱯ (ᱟᱭᱩᱢᱟᱱ ᱓᱕᱐᱐ᱼ᱓᱒᱐᱐ ᱠᱷᱨᱤᱥᱴᱯᱩᱨᱵᱟᱵᱫᱚ) ᱟᱨ ᱫᱚᱥᱟᱨ ᱫᱷᱟᱯ (ᱟᱭᱩᱢᱟᱱ ᱓᱒᱐᱐ᱼ᱒᱖᱐᱐ ᱠᱷᱨᱤᱥᱴ ᱯᱩᱨᱵᱟᱵᱫᱚ)
1545,"रूस के इतिहासकार, लार्मेव ने लिखा कि सुग्रू, मोगल्स (एमंगल साम्राज्य, कुंग खान), और तुर्की के लोगों ने (पहले तुर्की के हर्‍न, अमरीकी कगानी के लोगों) चीनी हमले को रोकने में एक भूमिका अदा की है ।","ᱨᱩᱥ ᱱᱟᱜᱟᱢᱤᱭᱟ ᱞᱮᱵ ᱜᱩᱢᱤᱞᱮᱵ ᱚᱞᱞᱮᱫᱟ ᱡᱮ ᱩᱛᱛᱚᱨᱮ ᱪᱤᱱ ᱟᱜᱨᱟᱥᱚᱱ ᱨᱩᱠᱷᱟᱹ ᱫᱚᱦᱚ ᱨᱮᱭᱟᱜ ᱡᱤᱱᱤᱭ, ᱢᱳᱝᱜᱚᱞ (ᱢᱳᱝᱜᱚᱞ ᱨᱟᱡᱯᱟᱴ, ᱡᱩᱝᱜᱷᱚᱨ ᱠᱷᱟᱱᱨᱮ) ᱟᱨ ᱛᱩᱨᱠᱤ ᱦᱚᱲᱠᱚ (ᱯᱳᱭᱞᱳ ᱛᱩᱨᱠᱤ ᱠᱷᱚᱜᱟᱱᱨᱮ, ᱩᱭᱜᱷᱩᱨ ᱠᱷᱚᱜᱟᱱᱨᱮ) ᱢᱤᱫᱴᱟᱝ ᱮᱱᱮᱢ ᱮ ᱯᱟᱞᱚᱱ ᱞᱮᱫᱟ᱾"
1546,"Sananna/ sandara (नरक की नरक) : बाँयना और डेविना काना राज्य है कि एक व्यक्‍ति जो किसी के लिए अत्यधिक जरूरत नहीं है या सोने के गहने चुरा लेता है, जब वह इस नरक के लिए बाध्य है.",ᱥᱚᱱᱫᱚᱝᱥᱚ/ᱥᱚᱱᱫᱚᱢᱚᱥ(ᱥᱟᱬᱟᱥᱤ ᱱᱚᱨᱚᱠ)ᱺ ᱵᱷᱟᱜᱚᱵᱚᱛ ᱯᱩᱨᱟᱱ ᱟᱨ ᱫᱮᱵᱤ ᱵᱷᱟᱜᱚᱵᱚᱛ ᱯᱩᱨᱟᱱ ᱢᱮᱱᱛᱮ ᱡᱟᱦᱟᱸ ᱟᱹᱰᱤ ᱞᱟᱹᱠᱛᱤᱭᱟᱱ ᱵᱟᱝ ᱛᱟᱦᱮᱸᱱ ᱨᱮᱦᱚᱸ ᱡᱟᱦᱟᱸᱭ ᱵᱟᱵᱬᱮ ᱴᱷᱮᱱ ᱠᱷᱚᱱ ᱰᱟᱠᱟᱛᱤ ᱞᱮᱠᱷᱟᱱ ᱵᱟᱝᱠᱷᱟᱱ ᱡᱟᱦᱟᱸᱭ ᱴᱷᱮᱱ ᱠᱷᱚᱱ ᱟᱵᱷᱨᱟᱱ ᱥᱮ ᱥᱳᱱᱟ ᱠᱩᱢᱲᱩ ᱞᱮᱠᱷᱟᱱ ᱱᱚᱶᱟ ᱱᱚᱨᱚᱠ ᱨᱮ ᱛᱚᱞᱟᱴᱠᱟᱣ ᱦᱩᱭ ᱫᱟᱲᱮᱭᱟᱜᱼᱟ ᱾
1547,"पॉल हॉर ने भी कुछ दावे को व्यक्‍त किया है कि कॉम्वॉट्‍ना-नाना-आआ ने पूरी तरह से शैली में मतभेदों के कारण, और इन्हें भागों में शामिल किया गया था।",ᱠᱟᱹᱨᱤ ᱵᱮᱜᱟᱨ ᱟᱨ ᱠᱤᱷᱩ ᱦᱤᱸᱥᱨᱮ ᱥᱟᱛᱟᱢ ᱵᱩᱱᱤᱭᱟᱹᱫᱽ ᱵᱮᱥᱟᱭᱟᱱ ᱚᱡᱛᱮ ᱥᱟᱱᱟᱢ ᱥᱟᱹᱲᱭᱟᱹᱲ ᱜᱚᱴᱟ ᱵᱩᱴᱟᱹ ᱡᱟᱨᱣᱟ ᱥᱮᱞᱮᱫ ᱥᱟᱱᱟᱢ ᱠᱟᱭᱛᱮ ᱥᱚᱝᱠᱚᱨ ᱚᱞᱞᱮᱫᱟ ᱥᱟᱹᱜᱟᱹᱭ ᱠᱤᱪᱷᱩ ᱫᱤᱜᱫᱷᱟ ᱞᱟᱹᱭ ᱞᱮᱫᱟ ᱯᱚᱞ ᱦᱮᱠᱟᱨ᱾
1548,वे सन्‌ 1950 और 1960 के दशक में पाकिस्तानी सरकार का विरोध करते थे ।,"ᱩᱭᱞᱮᱢ ᱵᱷᱮᱱ ᱥᱮᱱᱰᱮᱞ ᱟᱨ ᱦᱮᱝᱠ ᱥᱩᱞᱴᱮ ᱱᱚᱨᱰᱦᱚᱞᱴ ᱟᱜ ᱞᱮᱠᱟᱛᱮ, ᱑᱙᱕᱐ ᱠᱷᱚᱱ ᱑᱙᱖᱐ ᱫᱚᱥᱚᱠ ᱨᱮ ᱯᱟᱠᱤᱥᱛᱟᱱᱤ ᱥᱟᱥᱚᱱ ᱡᱟᱸᱜᱮᱫᱟᱨᱟᱢ ᱠᱚᱨᱟᱣ ᱚᱠᱛᱮ ᱵᱟᱝᱞᱟᱫᱤᱥᱚᱢ ᱠᱚ ᱢᱩᱫᱨᱮ ᱞᱟᱠᱪᱟᱨ ᱫᱚ ᱜᱚᱨᱚᱵ ᱟᱨ ᱥᱮᱨᱶᱟ ᱩᱫᱩᱜᱥᱚᱫᱚᱨ ᱢᱤᱫᱴᱟᱝ ᱦᱚᱲᱠᱩᱥᱤᱭᱟᱜ ᱢᱟᱫᱷᱚᱢ ᱦᱩᱭ ᱞᱮᱱᱟ ᱯᱚᱨᱚᱵ ᱫᱚ ᱾"
1549,"एला अल-डिन हसन ने गुप्त क्षेत्र में एक विध्वंसकारी हमला शुरू किया और अपनी राजधानी को निकाल दिया, हालांकि वह Selms द्वारा हार गया था, जो तेजी से तेज़ वृद्धि रोक दी.","ᱟᱞ ᱚᱞᱼᱫᱤᱱ ᱦᱩᱥᱮᱱ ᱜᱚᱡᱱᱚᱵᱷᱤ ᱴᱚᱴᱷᱟᱨᱮ ᱢᱤᱫ ᱱᱟᱥᱟᱣᱟᱱᱟᱜ ᱥᱟᱝᱜᱷᱟᱨ ᱪᱟᱞᱟᱣᱠᱟᱛᱮ ᱩᱝᱠᱩᱣᱟᱜ ᱨᱟᱡᱜᱟᱲᱮ ᱫᱷᱝᱥᱚ ᱠᱮᱫᱟ, ᱪᱮᱫᱟᱜᱽᱥᱮ ᱥᱮᱞᱡᱩᱠᱨᱮᱱ ᱴᱷᱮᱱ ᱩᱱᱤᱭᱟᱜ ᱦᱤᱨᱟᱹᱣ ᱫᱚ ᱵᱮᱜᱵᱟᱱ ᱜᱷᱩᱨᱤᱭᱟᱜ ᱵᱚᱸᱥ ᱛᱷᱚᱲᱟ ᱜᱷᱟᱹᱲᱤᱡᱽ ᱞᱟᱹᱜᱤᱫᱼᱮ ᱛᱷᱤᱨᱞᱮᱫᱟ ᱾"
1550,PallL निर्माण के सबसे पुराने उदाहरण हैं 610 से सा. यु.,ᱯᱚᱞᱞᱚᱵᱠᱩᱣᱟᱜ ᱵᱮᱱᱟᱣᱨᱮᱭᱟᱜ ᱢᱟᱨᱮᱩᱛᱟᱹᱨ ᱫᱟᱹᱭᱠᱟᱹ ᱦᱩᱭᱩᱜᱽᱠᱟᱱᱟ ᱖᱑᱐ ᱠᱷᱨᱤᱥᱴᱚ ᱯᱩᱨᱵᱟᱵᱫᱚ ᱠᱷᱚᱱ ᱖᱙᱐ ᱠᱷᱨᱤᱥᱴᱚ ᱯᱩᱨᱵᱟᱵᱫᱚ ᱚᱠᱛᱚ ᱨᱮᱭᱟᱜ ᱫᱷᱤᱨᱤ ᱜᱮᱫᱽᱠᱟᱛᱮ ᱵᱮᱱᱟᱣ ᱢᱩᱱᱫᱤᱨ ᱟᱨ ᱖᱙᱐ ᱠᱷᱨᱤᱥᱴᱚ ᱯᱩᱨᱵᱟᱵᱫᱚ ᱟᱨ ᱙᱐᱐ ᱠᱷᱨᱤᱥᱴᱚ ᱯᱩᱨᱵᱟᱵᱫᱚ ᱛᱟᱞᱟᱨᱮ ᱵᱮᱱᱟᱣᱟᱠᱟᱱ ᱜᱚᱲᱦᱚᱱᱞᱮᱠᱟᱱᱟᱜ ᱢᱩᱱᱫᱤᱨ ᱾
1551,ईसवी सन्‌ 300 से 440 के बीच वेन्डा जाति थी ।,ᱥᱚᱞᱟᱝᱠᱟᱭᱚᱱᱠᱩ ᱫᱚ ᱠᱩ ᱛᱟᱦᱮᱸᱠᱟᱱᱟ ᱵᱷᱮᱝᱜᱤ (ᱱᱟᱦᱟᱜᱽ ᱯᱮᱰᱟᱵᱷᱮᱜᱤ)ᱼᱨᱮ ᱨᱟᱡᱜᱟᱲ ᱥᱟᱶ ᱓᱐᱐ ᱠᱷᱚᱱ ᱔᱔᱐ ᱠᱷᱨᱤᱥᱴᱟᱵᱫᱽ ᱫᱷᱟᱹᱵᱤᱡᱽ ᱜᱳᱫᱟᱵᱚᱨᱤ ᱟᱨ ᱠᱨᱤᱥᱱᱟ ᱛᱟᱞᱟᱢᱟᱞᱟ ᱚᱱᱫᱷᱨᱚ ᱴᱚᱴᱷᱟ ᱥᱟᱥᱚᱱᱤᱭᱟᱹ ᱢᱤᱫ ᱢᱟᱨᱮᱱ ᱨᱟᱡᱵᱚᱸᱥᱠᱩ ᱛᱟᱦᱮᱸᱠᱟᱱᱟ ᱾
1552,"कहा जाता है कि 6 संस्कृतियों में पुरुषों द्वारा लैंगिक सेक्स की उपस्थिति ""बेवक"" के रूप में कहा गया है, ""संभाव"" 29 संस्कृतियों में, 6 संस्कृतियों में ""स्फीति"", और 10 संस्कृतियों में ""चिक""।","ᱦᱮᱨᱮᱞ ᱠᱚᱣᱟᱜ ᱮᱴᱟᱜ ᱦᱚᱲ ᱨᱮᱱ ᱵᱟᱹᱦᱩ ᱥᱟᱶ ᱥᱟᱹᱜᱟᱹᱭ ᱫᱚᱦᱚ ᱨᱮᱭᱟᱜ ᱜᱷᱚᱴᱚᱱᱟ ᱫᱚ ᱖ ᱜᱚᱴᱟᱝ ᱥᱚᱥᱱᱚᱜᱨᱮ ""ᱡᱮᱸᱜᱮᱫ ᱡᱟᱠᱟᱛ"" ᱞᱮᱠᱟᱛᱮ, ᱒᱙ ᱜᱚᱴᱟᱝ ᱥᱚᱥᱱᱚᱜᱨᱮ ""ᱠᱩᱲᱩᱞᱩᱴᱷᱩ"" ᱞᱮᱠᱟᱛᱮ, ᱖ ᱜᱚᱴᱟᱝ ""ᱟᱪᱠᱟ"" ᱞᱮᱠᱟᱛᱮ ᱟᱨ ᱑᱐ ᱜᱚᱴᱟᱝ ᱥᱚᱥᱱᱚᱜᱨᱮ ᱫᱚ ""ᱮᱛᱟᱝ"" ᱞᱮᱠᱟᱛᱮ ᱵᱚᱱᱚᱱᱚᱜᱼᱟ ᱾"
1553,"समान रूप से मूल्यवान था जहाज का रटर (मारी के हाथबुक), जिसमें चीन, भारत, और जापान के व्यापार मार्ग पर अनिवार्य जानकारी थी ।","ᱥᱚᱢᱟᱱ ᱫᱟᱢᱟᱱ ᱛᱟᱦᱮᱸᱠᱟᱱᱟ ᱡᱟᱦᱟᱡᱽᱨᱮᱱᱟᱜ ᱨᱟᱰᱟᱨ (ᱱᱟᱹᱵᱤᱠᱠᱩᱣᱟᱜ ᱩᱫᱩᱜᱼᱯᱚᱛᱚᱵ), ᱡᱟᱦᱟᱸ ᱢᱩᱫᱨᱮ ᱪᱤᱱ, ᱵᱷᱟᱨᱚᱛ ᱟᱨ ᱡᱟᱯᱟᱱ ᱨᱮᱭᱟᱜ ᱵᱟᱹᱱᱤᱡᱽᱰᱟᱦᱟᱨ ᱜᱩᱨᱩᱛᱛᱚᱯᱩᱨᱱᱚ ᱰᱚᱜᱚᱨ ᱛᱟᱦᱮᱸᱱᱠᱟᱱ ᱛᱟᱦᱮᱸᱠᱟᱱᱟ ᱾"
1554,इस क्षेत्र में दृश्‍य कला के लिए कला विभाग बनाया गया है ।,ᱱᱤᱭᱟᱹ ᱴᱷᱟᱣᱨᱮ ᱧᱮᱞᱚᱜᱽᱠᱟᱱ ᱪᱤᱛᱟᱹᱨ ᱨᱮᱭᱟᱜ ᱢᱤᱫᱴᱟᱝ ᱢᱩᱰᱩᱛ ᱛᱟᱞᱢᱟ ᱦᱩᱭᱩᱜᱠᱟᱱᱟ ᱟᱨᱴ ᱤᱱᱥᱴᱤᱴᱤᱭᱩᱴ ᱰᱷᱟᱠᱟ ᱾
1555,"Borrathrara (जिसे 1वीं सदी में भी कहा जाता है) इस आयत 1 में बनाया गया है। और दावा करता है की जरूरत है कि Photocialsssiririalssssirial, लेकिन इसके बजाय एक एकीकृत तरीके से, जो इन पाठों के अन्य ज्ञान, ज्ञान के साथ रह रहे हैं, और ज्ञान में रह रहे हैं।","ᱵᱨᱚᱠᱠᱷᱥᱩᱛᱨ (ᱠᱷᱨᱤᱥᱴᱯᱩᱨᱵᱚ ᱯᱳᱭᱞᱳ ᱢᱤᱞᱞᱮᱱᱱᱤᱭᱟᱢ ᱚᱞ ᱟᱠᱟᱱ ᱵᱮᱫᱟᱱᱛ ᱥᱩᱛᱨᱚ ᱞᱮᱠᱟᱛᱮ ᱩᱯᱨᱩᱢ ᱟᱠᱟᱱᱟᱭ)ᱱᱚᱱᱟ ᱥᱞᱳᱠ ᱑ ᱑ ᱔ ᱥᱟᱹᱠᱟᱹᱛ ᱮᱢᱟ ᱟᱨ ᱫᱟᱹᱵᱤ ᱞᱮᱫᱟᱭ ᱡᱮ ᱩᱯᱱᱤᱥᱚᱫᱨᱮᱭᱟᱜ ᱥᱮᱪᱮᱫᱠᱚ ᱠᱷᱟᱹᱞᱤᱜᱮ ᱱᱟᱥᱤᱱᱟᱜ ᱵᱟᱪᱷᱱᱟᱣᱨᱮ ᱴᱮᱦᱟᱴ ᱨᱮ ᱵᱟᱝ ᱠᱟᱱᱟ ᱟᱨᱵᱟᱝᱠᱷᱟᱱ ᱵᱳᱫᱤᱠ ᱯᱚᱛᱚᱵ ᱨᱮ ᱵᱚᱞᱚ ᱢᱮᱱᱟᱜᱼᱟ ᱵᱷᱟᱵᱱᱟ ᱠᱚ ᱟᱹᱭᱠᱟᱹᱣ, ᱟᱱᱢᱟᱱ , ᱟᱨ ᱥᱟᱨᱮᱡ ᱟᱠᱟᱱ ᱯᱨᱚᱢᱟᱱ ᱥᱟᱶ ᱥᱟᱹᱜᱟᱹᱭ ᱞᱮᱠᱟᱱ ᱥᱟᱱᱟᱢ ᱨᱩᱯᱛᱮ ᱵᱩᱡᱷᱟᱹᱣ ᱦᱩᱭᱩᱜᱼᱟ᱾"
1556,यह दिखाता है कि इन पेशे के सदस्यों को गुप्त सेवा में सेवा करने की कोशिश करनी चाहिए ।,ᱱᱚᱶᱟᱫᱚ ᱫᱤᱥᱦᱩᱫᱤᱥᱮ ᱮᱢᱚᱜᱼᱟ ᱡᱮ ᱱᱚᱶᱟ ᱡᱤᱵᱠᱟᱹᱨᱮᱱ ᱨᱟᱹᱥᱤᱭᱟᱹ ᱠᱚᱣᱟᱜ ᱩᱠᱩ ᱠᱟᱹᱢᱤᱨᱮ ᱠᱟᱹᱢᱤᱭ ᱞᱟᱹᱜᱤᱫᱽᱛᱮ ᱠᱷᱚᱡᱚᱜ ᱞᱟᱹᱠᱛᱤ ᱠᱟᱱᱟ ᱾
1557,अंत के पास एक छोटी - सी आयत युद्ध की बड़ी चिंताओं को सम्बोधित करती है और युद्ध हाथी और पुरुषों के विभिन्‍न प्रयोगों को बताती है ।,ᱢᱩᱪᱟᱹᱫ ᱫᱮᱞᱟᱫᱮᱞᱤ ᱢᱤᱫᱴᱟᱝ ᱠᱟᱹᱴᱤᱡ ᱦᱤᱸᱥ ᱞᱟᱹᱲᱦᱟᱹᱭ ᱨᱮ ᱞᱟᱹᱴᱩ ᱥᱟᱛᱟᱢᱠᱚ ᱡᱚᱥ ᱠᱟᱛᱮ ᱟᱨ ᱦᱟᱹᱲᱦᱟᱹᱭ ᱦᱟᱹᱛᱤ ᱟᱨ ᱯᱷᱟᱹᱫ ᱠᱚᱣᱟᱜ ᱱᱟᱱᱟᱦᱩᱱᱟᱹᱨ ᱵᱮᱣᱦᱟᱨ ᱯᱷᱤᱫᱞᱤ ᱮᱫᱟᱭ ᱾
1558,इस आयत का ज़्यादातर हिस्सा 31 मुख्य रावों में बाँट दिया गया है ।,ᱡᱮᱞᱮᱧ ᱟᱨ ᱚᱱᱚᱞᱤᱭᱟ ᱞᱮᱠᱟᱛᱮ ᱢᱤᱢᱤᱫ ᱯᱩᱛᱷᱤ ᱨᱟᱜ ᱨᱮᱭᱟᱜ ᱪᱮᱛᱟᱱ ᱥᱮᱪ ᱥᱚᱦᱚ ᱟᱭᱢᱟᱞᱟᱹᱴᱩ ᱫᱷᱚᱨᱚᱢ ᱯᱩᱛᱷ ᱫᱚ ᱓᱑ ᱴᱤ ᱢᱩᱬᱩᱛ ᱨᱟᱜ ᱛᱮ ᱦᱟᱹᱴᱤᱧ ᱢᱮᱱᱟᱜᱼᱟ᱾
1559,"यह पाठ एक प्रोसी-टेली का है, अलग-अलग अनुच्छेदों का एक साधारण संग्रह के साथ.",ᱡᱩᱫᱟᱹ ᱟᱠᱟᱨ ᱚᱱᱩᱪᱪᱷᱮᱫ ᱨᱮᱭᱟᱜ ᱢᱤᱫᱴᱟᱝ ᱵᱤᱪᱤᱛᱨᱚ ᱡᱟᱨᱣᱟᱭ ᱥᱟᱶ ᱯᱟᱲᱦᱟᱣᱦᱤᱸᱥ ᱫᱚ ᱢᱤᱫᱴᱟᱝ ᱥᱟᱸᱲᱮᱥ ᱞᱮᱠᱟᱱ ᱩᱯᱚᱱᱤᱥᱚᱫ ᱠᱟᱱᱟ ᱾
1560,"निकािका भारतीय तत्त्वज्ञानों में बौद्ध, बौद्ध, बौद्ध, यायता, कावाका, आजीविका, और अन्य लोग शामिल हैं ।","ᱱᱟᱥᱛᱤᱠ ᱵᱷᱟᱨᱛᱤᱭ ᱥᱟᱲᱮᱥ ᱢᱩᱫᱨᱮ ᱢᱮᱱᱟᱜᱼᱟ ᱵᱳᱫᱫᱷᱚ, ᱡᱳᱱ, ᱪᱟᱨᱵᱟᱠ, ᱟᱡᱤᱵᱤᱠᱟ ᱟᱨ ᱮᱴᱟᱜ ᱠᱚ᱾"
1561,"""पुराने आदमी"" की कहानी बताता है, जो एक बल्ब की चेतावनी को नज़रअंदाज़ करता है और बारी में, उसके अवज्ञा के लिए दंड मिल जाता है।","ᱫᱟᱹᱭᱠᱟᱹᱞᱮᱠᱟᱛᱮ, ᱢᱤᱫᱴᱟᱝ ᱵᱟᱞᱵ ᱨᱮᱭᱟᱜ ᱥᱚᱱᱛᱚᱨᱟᱱᱟᱜ ᱵᱮᱵᱟᱹᱥᱩᱫ ᱟᱨ ᱚᱱᱟᱨᱮᱭᱟᱜ ᱚᱨᱡᱚ ᱞᱮᱠᱟᱛᱮ ᱥᱟᱹᱡᱟᱹᱭ ᱧᱟᱢ ""ᱦᱟᱲᱟᱢ ᱦᱚᱲᱟᱜ"" ᱠᱟᱹᱦᱤᱱᱤᱭ ᱞᱟᱹᱭᱟ ""ᱫᱟ ᱴᱨᱤᱠᱥᱴᱟᱨ ᱮᱱᱰ ᱫᱟ ᱴᱚᱠᱤᱝ ᱵᱟᱞᱵ""᱾"
1562,ये सिक्के ज़्यादातर ताँबे में और बहुत ही कम चाँदी में पाए जाते थे ।,"ᱱᱚᱣᱟ ᱠᱚᱭᱮᱱ ᱠᱚ ᱰᱷᱮᱨᱜᱟᱱ ᱜᱮ ᱛᱟᱢᱵᱟ ᱟᱨ ᱠᱩᱛᱪᱤᱛ ᱠᱚᱫᱟᱪᱤᱛ ᱨᱩᱯᱟᱹ ᱨᱮᱭᱟᱜ ᱦᱩᱭᱩᱜᱼᱟ, ᱫᱩᱨᱤᱵᱽ ᱨᱮᱭᱟᱜ ᱰᱟᱭᱠᱚᱨᱮ ᱥᱚᱱᱛᱚᱨ ᱛᱮ ᱞᱟᱹᱠᱛᱤᱭᱟᱱ ᱱᱚᱠᱥᱟ ᱜᱟᱨᱹ ᱦᱩᱭᱩᱜᱼᱟ ᱾"
1563,"वह व्यक्‍ति दावा करता है कि इस अनन्त और टेढ़े व्यक्‍ति का विचार है, स्वतंत्र और कभी दुःख का अनुभव नहीं करता ।","ᱦᱚᱲ, ᱫᱟᱹᱵᱤᱭᱟᱭ ᱠᱚᱛᱷᱟ ᱩᱯᱟᱹᱱᱤᱥᱚᱫ, ᱡᱮ ᱱᱤᱭᱟᱹ ᱫᱚ ᱡᱟᱭᱡᱩᱜ ᱟᱟᱨ ᱚᱥᱟᱹᱫᱷᱩ ᱫᱚ ᱵᱟᱝ ᱠᱟᱱᱟ, ᱚᱱᱟ ᱱᱤᱭᱟᱹᱭ ᱪᱤᱱᱛᱟᱹᱭᱟ, ᱯᱦᱩᱨᱜᱟᱟᱹᱞᱚᱜᱽᱼᱟ ᱟᱨ ᱛᱤᱥ ᱦᱚᱸ ᱫᱩᱠᱷ ᱵᱟᱭ ᱟᱹᱭᱠᱟᱹᱣᱟ ᱾"
1564,"खंड विभिन्‍न हथियारों के साथ किए गए कार्यों या कार्यों के नामों की सूची देने के द्वारा समाप्त होता है, जिनमें 32 स्थितिएं हैं तलवार और ढाल के साथ पकड़े जाने के लिए; युद्ध में रस्सी का उपयोग करने के लिए 11 तकनीकों के लिए, 5 ऑपरेशनों के बारे में एक रस्सी के रूप में काम करता है, शक्ति के रूप में काम करता है (युद्ध की सूची), भाला (युद्ध, gociogagacio), gagagagagam, gagaga), gogagagag, fagagagag, fagagagaga, fagagagagagagag, या agagagagagagagaga), या hot.","ᱛᱟᱨᱣᱟᱲᱤ ᱟᱨ ᱯᱷᱤᱨᱤ (ᱠᱷᱚᱜᱪᱚᱨᱢᱚᱵᱤᱫᱷᱟᱣ) ᱤᱫᱤ ᱠᱟᱛᱮᱜ ᱓᱒ ᱞᱮᱠᱟᱱ ᱵᱷᱩᱸᱜᱤᱛᱨ; ᱞᱟᱹᱲᱦᱟᱹᱭ ᱨᱮᱭᱟᱜ ᱢᱤᱫᱴᱟᱝ ᱵᱟᱵᱮᱨ ᱵᱮᱣᱦᱟᱨ ᱨᱮᱭᱟᱜ ᱑᱑ ᱴᱤ ᱦᱚᱨᱟ, ᱵᱟᱵᱮᱨ ᱪᱟᱞᱟᱣ ᱨᱮᱭᱟᱜ ᱕ ᱜᱚᱴᱟᱝ ᱠᱟᱹᱢᱤ, ᱪᱚᱠᱨᱚᱱ ( ᱞᱟᱹᱲᱦᱟᱹᱭ ᱴᱷᱟᱶ ) ᱤᱫᱤ ᱠᱟᱛᱮᱜ ᱠᱟᱹᱢᱤᱭᱟᱱ ᱛᱟᱹᱞᱤᱠᱟ, ᱵᱚᱨᱞᱚᱝ, ᱛᱳᱢᱚᱨ ( ᱢᱮᱲᱦᱮᱫ ᱴᱷᱮᱸᱜᱟ ), ᱢᱩᱸᱜᱟᱹᱨ, ᱴᱮᱸᱜᱚᱪᱽ, ᱦᱟᱹᱛᱩᱲᱤ, ᱵᱷᱤᱱᱫᱤᱯᱞᱚ ᱥᱮ ᱞᱚᱜᱩᱲ,ᱵᱚᱡᱨᱚ, ᱪᱷᱩᱨᱤ, ᱜᱩᱞᱟᱹᱞ ᱟᱨ ᱢᱤᱫᱴᱟᱝ ᱢᱩᱸᱜᱟᱹᱨ ᱥᱮ ᱴᱷᱮᱸᱜᱟ ᱥᱟᱶᱛᱮ ᱟᱭᱢᱟ ᱦᱟᱹᱛᱭᱟᱹᱨ ᱛᱟᱞᱟᱛᱮ ᱦᱩᱭ ᱫᱟᱲᱮᱭᱟᱜ ᱠᱟᱹᱢᱤ ᱨᱮᱭᱟᱜ ᱛᱟᱹᱞᱤᱠᱟ ᱮᱢ ᱠᱟᱛᱮᱜ ᱦᱤᱸᱥᱛᱮᱫ ᱪᱟᱵᱟᱜᱼᱟ ᱾"
1565,"अमेरिका के भूतपूर्व नाम, मकदूनिया के भूतपूर्व नाम पर।","ᱡᱩᱜᱳᱥᱞᱟᱵᱷᱤᱭᱟ ᱥᱟᱫᱦᱟᱨᱚᱱ ᱵᱟᱡᱟᱨ ᱪᱮᱛᱟᱱ ᱯᱚᱪᱷᱤᱢ ᱥᱮᱱᱟᱜ ᱢᱟᱱᱟᱵᱟᱨᱚᱱ ᱠᱷᱚᱱ ᱮᱛᱚᱦᱚᱵ ᱠᱟᱛᱮ ᱩᱛᱛᱚᱨ ᱢᱮᱥᱮᱰᱳᱱᱤᱭᱟ ᱪᱮᱛᱟᱱ ᱜᱨᱤᱠ ᱢᱟᱱᱟᱵᱟᱨᱚᱱ ᱫᱷᱟᱹᱵᱤᱡ, ᱫᱤᱥᱚᱢ ᱨᱮᱭᱟᱜ ᱥᱮᱫᱟᱭ ᱧᱩᱛᱩᱢ, ᱢᱮᱥᱮᱰᱳᱱᱤᱭᱟ ᱨᱮᱭᱟᱜ ᱟᱹᱯᱱᱟᱹᱛ ᱫᱷᱟᱹᱵᱤᱡ ᱾"
1566,"सन्‌ 1994 में, सन्‌ 1994 में एक नया रिकॉर्ड तैयार किया गया था ।","᱑᱙᱙᱑ ᱥᱟᱹᱦᱤᱛᱨᱮ ᱜᱟᱹᱦᱤᱨ ᱥᱟᱞᱟᱜᱚᱴᱟ ᱴᱟᱭᱚᱢ ᱟᱨ ᱑᱙᱙᱔ ᱥᱟᱹᱦᱤᱛ ᱨᱮ ᱠᱟᱨᱮᱱᱴ ᱮᱠᱟᱣᱩᱱᱴ ᱠᱚᱱᱵᱷᱟᱨᱴᱤᱵᱤᱞᱤᱴᱤ ᱨᱮ ᱵᱚᱫᱚᱞ ᱛᱟᱭᱚᱢ, ᱨᱩᱯᱤ ᱨᱮᱭᱟᱜ ᱜᱚᱱᱚᱝ ᱵᱟᱡᱟᱨ ᱫᱟᱲᱮ ᱦᱚᱛᱮᱛᱮ ᱜᱚᱴᱟ ᱦᱩᱭᱟᱠᱟᱱᱟ ᱾"
1567,"उनके परिवार की कंपनी, ऐओ-To इंजीनियरिंग और निर्माण पीसीL, कई सरकारी मेगा-गाधकों, जैसे कि Povakhhhhky हवाई अड्डे बनाया.","ᱩᱱᱤᱭᱟᱜ ᱜᱷᱟᱸᱨᱚᱡᱽ ᱨᱮᱭᱟᱜ ᱠᱳᱢᱯᱟᱱᱤ, ᱥᱤᱱᱳᱼᱛᱷᱟᱭ ᱤᱧᱡᱤᱱᱤᱭᱟᱨᱤᱝ ᱮᱱᱰ ᱠᱚᱱᱥᱴᱨᱟᱠᱥᱚᱱ ᱯᱤᱥᱤᱮᱞ, ᱵᱮᱝᱠᱚᱠ ᱨᱮᱭᱟᱜ ᱥᱩᱵᱚᱨᱱᱚᱵᱷᱩᱢᱤ ᱩᱰᱟᱹᱱᱟᱰᱟ ᱞᱮᱠᱟᱱ ᱵᱮᱥ ᱠᱤᱪᱷᱤ ᱥᱚᱨᱠᱟᱨᱤ ᱢᱮᱜᱟᱼᱯᱟᱱᱛᱷᱟᱭ ᱵᱮᱱᱟᱣ ᱟᱠᱟᱫᱟ ᱾"
1568,"कुछ लोग तो बस एक दिन के लिए इंतज़ार कर रहे हैं, ठीक जैसे एक दिन शुरू होने से पहले ।","ᱮᱯᱯᱚᱞ ᱤᱥᱴᱳᱨ ᱨᱮᱭᱟᱜ ᱛᱷᱟᱯᱚᱱ ᱟᱨ ᱱᱟᱣᱟ ᱫᱩᱨᱤᱵᱽ ᱪᱷᱟᱹᱲ ᱥᱟᱭ ᱥᱟᱭ ᱦᱚᱲᱠᱚᱣᱟᱜ ᱵᱷᱤᱲ ᱮ ᱳᱣᱟᱨ ᱫᱟᱲᱮᱭᱟᱜᱼᱟ, ᱡᱟᱦᱟᱸ ᱢᱩᱫᱽᱨᱮ ᱠᱟᱹᱪ ᱦᱚᱲ ᱟᱵᱟᱨ ᱛᱷᱟᱯᱚᱱ ᱞᱟᱦᱟ ᱫᱤᱱ ᱠᱷᱚᱱ ᱥᱤᱢᱟᱹᱱᱟᱹᱭ ᱛᱟᱸᱜᱤᱭᱮᱫᱟ ᱾"
1569,"एप्पल प्रचारक काउकी ने कहा है कि 'कुछ है कि पर गिर गया था"" जबकि मैंने 2014 में समझाया है कि ""लोग एक अविश्वसनीय निजी रिश्ता है"" के साथ.","ᱮᱯᱮᱞᱨᱮᱱ ᱯᱟᱥᱱᱟᱣᱤᱡᱽ ᱦᱚᱲ ᱠᱟᱣᱟᱥᱟᱠᱤ ᱵᱨᱮᱱᱰ ᱱᱚᱶᱟ ᱟᱸᱫᱷᱟ ᱯᱟᱹᱛᱭᱟᱹᱣ ᱫᱚ ''ᱡᱟᱦᱟᱸᱱᱟᱜᱨᱮ ᱟᱪᱠᱟ ᱛᱚᱦᱚᱫ ᱞᱮᱱᱟ'' ᱢᱮᱱᱛᱮᱭ ᱢᱮᱛᱟᱜ ᱛᱟᱸᱦᱮᱜ, ᱤᱧ ᱡᱚᱠᱷᱚᱱ ᱒᱐᱑᱔ ᱥᱟᱹᱦᱤᱛᱨᱮᱧ ᱵᱤᱥᱲᱤ ᱞᱮᱫᱟ ᱡᱮ ᱮᱯᱮᱞ ᱨᱮᱭᱟᱜ ᱫᱩᱨᱤᱵᱽᱠᱚ ᱥᱟᱶᱛᱮ ''ᱦᱚᱲ ᱠᱚᱣᱟᱜ ᱢᱤᱫ ᱵᱟᱝ ᱯᱟᱹᱛᱭᱟᱹᱜ ᱞᱮᱠᱟᱱ ᱟᱯᱱᱟᱨ ᱥᱟᱹᱜᱟᱹᱭ ᱢᱮᱱᱟᱜᱼᱟ'' ᱾"
1570,यह सन्‌ 1994 में एक अभिदान - सेवा के तौर पर पेश किया गया ।,"ᱥᱟᱯᱛᱟ ᱨᱮ ᱮᱭᱟᱭ ᱢᱟᱦᱟ, ᱑᱓ ᱴᱟᱲᱟᱝ ᱠᱟᱛᱮ ᱩᱯᱚᱜᱨᱚᱦᱚ ᱥᱟᱸᱜᱤᱧ ᱧᱮᱱᱮᱞᱚᱢ ᱮᱢᱚᱜᱤᱡ ᱰᱤᱨᱮᱠᱴᱤᱵᱷᱤ ᱠᱩᱞᱟᱠᱟᱱ ᱢᱤᱫᱴᱟᱝ ᱨᱟᱹᱥᱤᱭᱟᱹᱟᱱᱟᱜ ᱯᱚᱨᱤᱥᱮᱵᱟ ᱦᱤᱥᱟᱹᱵᱛᱮ ᱱᱚᱶᱟ ᱑᱙᱙᱔ ᱨᱮ ᱡᱟᱹᱨᱤ ᱦᱩᱭᱩᱜᱼᱟ ᱾"
1571,"2019 तक, Zad मनोरंजन Les Lated. (ZEElsel समूह केवल लाभ की कंपनी थी; समूह ने 2020 में 210 अरब डॉलर या $6 अरब के लिए कुल ऋण प्राप्त किया था.","᱒᱐᱑᱙ ᱥᱟᱞ ᱠᱚᱛᱮ, ᱡᱤ ᱮᱱᱴᱟᱨᱴᱮᱱᱢᱮᱱᱴ ᱮᱱᱴᱟᱨᱯᱨᱟᱭᱤᱡᱽ ᱞᱤᱢᱤᱴᱮᱰ (ᱡᱤᱤᱤᱮᱞ) ᱫᱚ ᱛᱟᱦᱮᱸᱠᱟᱱᱟ ᱤᱮᱥᱮᱥᱤᱮᱞ ᱜᱨᱩᱯ ᱨᱮᱭᱟᱜ ᱢᱤᱫᱴᱟᱝ ᱯᱚᱨᱛᱟᱼᱟᱨᱡᱟᱣᱼᱟᱱ ᱠᱳᱢᱯᱟᱱᱤ ; ᱜᱨᱩᱯ ᱫᱚ ᱟᱭ ᱩᱢᱟᱹᱱ ᱒᱐,᱐᱐᱐ ᱠᱳᱴᱤ ᱴᱟᱠᱟ ( ᱒᱐᱒᱐ᱥᱟᱹᱦᱤᱛᱨᱮ ᱒᱑᱐ ᱵᱤᱞᱤᱭᱚᱱ ᱥᱮ ᱤᱭᱩ ᱮᱥ $ ᱒ᱹ᱖ ᱵᱤᱞᱤᱭᱚᱱ ᱨᱮᱭᱟᱜ ᱥᱚᱢᱟᱱ ) ᱥᱟᱱᱟᱢ ᱫᱮᱱᱟ ᱮᱢ ᱦᱩᱭᱞᱮᱱᱟ ᱾"
1572,"ES अंततः ए.T.टी. में सैकड़ों नौकरियों का निर्माण किया. Kekyyyyyyyi, वापस कार्यालय कार्य, और अंत में stad A. T. Tieryy के मुख्यालय को प्लानी के लिए, टेक्सास.","ᱤᱹ ᱰᱤᱹ ᱮᱥ ᱢᱩᱪᱟᱹᱫᱽᱨᱮ ᱮᱹ ᱴᱤᱹ ᱠᱤᱭᱟᱨᱱᱤ ᱨᱮᱱ ᱥᱟᱭ ᱠᱷᱚᱱ ᱵᱟᱹᱲᱛᱤ ᱠᱟᱹᱢᱤᱭᱟᱹ ᱳᱰᱳᱠ ᱠᱮᱫ ᱠᱚᱣᱟ, ᱠᱷᱩᱛᱤ ᱯᱩᱨᱩᱱ ᱠᱚ ᱠᱚᱢ ᱠᱮᱫᱟ, ᱵᱮᱠᱼᱚᱯᱷᱤᱥ ᱠᱟᱹᱢᱤᱠᱚ ᱠᱩᱪᱤᱛ ᱠᱮᱫᱟ, ᱟᱨ ᱮᱹ ᱴᱤ ᱠᱤᱭᱟᱨᱱᱤᱼᱟᱜ ᱢᱩᱠᱷᱤᱭᱟᱹ ᱟᱹᱯᱤᱥ ᱢᱩᱪᱟᱹᱫ ᱦᱟᱹᱵᱤᱡᱽᱛᱮ ᱥᱤᱠᱟᱜᱳ ᱠᱷᱚᱱ ᱯᱞᱮᱱᱳᱨᱮ ᱩᱪᱷᱟᱹᱲ ᱦᱩᱭᱞᱮᱱᱟ ᱾"
1573,"पोस्ट-1980 Bagaaa और जार्जिया सरकार ने प्रवणकों के मूलीकरण की निगरानी की है, कृषि व्यवसाय के केन्द्रों के फैलाव, अधिक उदार निवेश कोडों का समर्थन विदेशी निवेश, बैंक उद्योग के प्रधानीकरण, पारंपरिक व्यापार के प्रमुखीकरण, प्राथमिक निर्यात, और अधिक उत्पादन में।","ᱯᱮᱨᱟᱤᱥᱴᱮᱴᱟᱞᱠᱚ ᱵᱮᱼᱥᱚᱨᱠᱟᱨᱟᱱᱟᱜ, ᱪᱟᱥᱵᱟᱥ ᱵᱤᱯᱚᱱᱚᱱ ᱯᱚᱨᱤᱥᱚᱫᱠᱚ ᱫᱨᱚᱵᱤᱵᱷᱚᱵᱚᱱ, ᱵᱤᱞᱟᱹᱛ ᱵᱤᱱᱤᱭᱳᱜ ᱨᱮᱭᱟᱜ ᱯᱚᱠᱷᱚᱯᱟᱛᱤ ᱟᱹᱰᱤ ᱪᱷᱟᱹᱲ ᱵᱤᱱᱤᱭᱳᱜ ᱨᱮᱭᱟᱜ ᱚᱱᱩᱢᱚᱫᱚᱱ, ᱵᱮᱝᱠᱤᱝ ᱵᱤᱨᱤᱫᱽ ᱨᱮᱭᱟᱜ ᱵᱮᱼᱥᱚᱨᱠᱟᱨᱟᱱᱟᱜ, ᱥᱮᱨᱶᱟ ᱟᱱᱟᱜ, ᱢᱩᱲᱩᱫ ᱫᱩᱨᱤᱵᱽ ᱨᱚᱯᱛᱟᱱᱤ ᱵᱚᱭᱪᱤᱛᱨᱚ, ᱟᱨ ᱡᱚᱢᱟᱜ ᱟᱨᱡᱟᱣ ᱨᱮ ᱟᱹᱰᱤ ᱵᱤᱱᱤᱭᱳᱜ ᱨᱮᱭᱟᱜ ᱥᱟᱹᱠᱷᱤᱭ ᱛᱟᱦᱮᱸ ᱟᱠᱟᱱᱟ ᱑᱙᱘᱐ ᱨᱮᱭᱟᱜ ᱛᱟᱭᱚᱢ ᱨᱟᱛᱥᱤᱨᱟᱠ ᱟᱨ ᱡᱮᱯᱷᱤᱨ ᱥᱟᱥᱚᱱᱤᱭᱟᱹ ᱠᱚ ᱾"
1574,"ECBbs में व्यापार बैंक के क्रेडिट, विक्रेता का क्रेडिट, स्टॉक्स का क्रेडिट, स्टॉक्स का क्रेडिट, जैसे कि स्क्रीनिंग दर नोट्स और स्थिर दरों का श्रेय, सरकारी निर्यात संस्थाओं से प्राप्त किए गए उपकरणों का श्रेय, और व्यावसायिक उधार प्राप्त करने के निजी क्षेत्र से प्राप्त करते हैं जैसे कि अंतर्राष्ट्रीय वित्तीय निगम, एबी, सी. वी.","ᱵᱟᱹᱱᱤᱡᱟᱱᱟᱜ ᱵᱮᱝᱠ ᱨᱤᱱ, ᱠᱤᱨᱤᱧᱤᱭᱟᱹ ᱠᱩᱣᱟᱜ ᱡᱚᱢᱟ, ᱡᱳᱜᱟᱣᱟᱱᱠᱩᱣᱟᱜ ᱡᱚᱢᱟ, ᱵᱮᱛᱷᱟᱹᱭᱤᱛ ᱨᱮᱭᱟᱜ ᱱᱳᱴ, ᱟᱨ ᱛᱷᱟᱹᱭᱤ ᱦᱟᱨ ᱨᱮᱭᱟᱜ ᱵᱚᱱᱰ ᱞᱮᱠᱟᱱ ᱨᱩᱠᱷᱭᱟᱹ ᱫᱚᱞᱤᱞ ᱮᱢᱟᱱᱛᱮᱭᱟᱜᱽ, ᱡᱮᱜᱮᱫ ᱡᱟᱠᱟᱫ ᱠᱟᱹᱣᱰᱤ ᱱᱤᱜᱚᱢ (ᱳᱣᱟᱥᱤᱝᱴᱚᱱ), ᱮᱹᱰᱤᱹᱵᱤ, ᱮᱹᱮᱯᱷᱹᱟᱭᱹᱥᱤ, ᱥᱤᱹᱰᱤᱹᱥᱤ ᱮᱢᱟᱱᱠᱩ ᱞᱮᱠᱟ ᱟᱭᱢᱟᱛᱚᱨᱯᱷᱟᱣᱟᱱ ᱠᱟᱹᱣᱰᱤ ᱟᱥᱲᱟᱠᱩᱣᱟᱜ ᱵᱮᱥᱚᱨᱠᱟᱨᱤ ᱵᱤᱵᱷᱟᱹᱜ ᱠᱷᱚᱱ ᱦᱤᱡᱩᱜᱽᱠᱟᱱ ᱵᱟᱹᱱᱤᱡᱽᱟᱱᱟᱜ ᱫᱷᱟᱨᱠᱩ ᱤᱹᱥᱤᱹᱵᱤᱠᱩ ᱢᱩᱫᱨᱮ ᱢᱮᱥᱟ ᱛᱟᱦᱮᱸᱱᱟ ᱾"
1575,"सन्‌ 17 मई, 1616 को, अपने पाँच सहयोगी बैंक और बुआ बैंक को अपने साथ मिलाने के लिए एक महीने लग गए ।",᱑᱗ ᱢᱮ ᱒᱐᱑᱖ᱼᱨᱮ ᱮᱥᱵᱤᱟᱭ ᱵᱳᱨᱰ ᱟᱡᱟᱜ ᱕ ᱜᱚᱴᱟᱝ ᱜᱚᱲᱚᱼᱟᱱ ᱵᱮᱝᱠ ᱟᱨ ᱵᱷᱟᱨᱚᱛ ᱨᱮᱭᱟᱜ ᱛᱤᱨᱞᱟᱹ ᱵᱮᱝᱠ ᱚᱱᱟ ᱥᱟᱶᱛᱮ ᱢᱮᱥᱟᱭ ᱨᱮᱭᱟᱜ ᱠᱟᱛᱷᱟ ᱵᱟᱛᱟᱣ ᱨᱮᱭᱟᱜ ᱢᱤᱫ ᱪᱟᱸᱫᱳ ᱛᱟᱭᱚᱢ ᱱᱚᱶᱟ ᱦᱮᱡᱽ ᱞᱮᱱᱟ ᱾
1576,अमरीका के सबसे बड़े राज्य निगमों की 2018वीं सूची है ।,ᱡᱚᱛᱚᱨᱮ ᱟᱹᱠᱷᱨᱤᱧ ᱜᱚᱱᱚᱝ ᱦᱟᱨ ᱒᱐᱑᱘ ᱯᱷᱚᱨᱪᱩᱱ ᱕᱐᱐ ᱨᱮᱭᱟᱜ ᱢᱟᱨᱠᱤᱱ ᱡᱩᱠᱛᱚ ᱨᱟᱥᱴᱨᱚ ᱨᱮᱭᱟᱜ ᱞᱟᱹᱴᱩ ᱜᱟᱶᱛᱟ ᱠᱚ ᱛᱟᱹᱞᱤᱠᱟ ᱨᱮ ᱘᱖ ᱟᱱᱟᱜ ᱴᱷᱟᱶ ᱮ ᱦᱟᱢᱮᱴ ᱞᱮᱫᱟ ᱟᱢᱮᱨᱤᱠᱟᱱ ᱮᱠᱥᱯᱨᱮᱥ ᱾
1577,"जैसे बैंकिंग क्षेत्र में निवेश किया गया, वैसे खान - पान और प्राकृतिक गैस निकालने में वृद्धि हुई ।",ᱞᱟᱜ ᱟᱨ ᱯᱨᱟᱠᱨᱤᱛᱤᱠ ᱜᱮᱥ ᱨᱟᱠᱟᱯ ᱟᱨ ᱵᱮᱝᱠᱤᱝ ᱨᱮ ᱠᱟᱹᱣᱰᱤ ᱥᱚᱯᱚᱦᱚᱫ ᱡᱟᱹᱥᱛᱤ ᱞᱮᱱᱟ ᱾
1578,"सन्‌ 1913 और 1929 के बीच, इसका खेती - बाड़ी - बाड़ी का निर्यात हर साल $ करोड़ (केम से $२ करोड़) बढ़ गया ।","᱑᱙᱑᱓ ᱠᱷᱚᱱ ᱑᱙᱒᱙ ᱨᱮᱭᱟᱜ ᱢᱩᱫᱽᱨᱮ,ᱱᱚᱶᱟ ᱪᱟᱥᱟᱱᱟᱜ ᱨᱚᱯᱛᱟᱱᱤ ᱓᱐ ᱞᱚᱠᱷᱚ ᱰᱚᱞᱟᱨ (ᱠᱚᱞᱟ ᱠᱷᱚᱱ ᱒ ᱞᱚᱠᱷᱚ ᱰᱚᱞᱟᱨ) ᱠᱷᱚᱱ ᱰᱷᱮᱨ ᱠᱟᱛᱮ ᱒ᱹ᱕ ᱠᱳᱴᱤ ᱰᱚᱞᱟᱨ (ᱠᱚᱞᱟ ᱠᱷᱚᱱ ᱒ᱹ᱑ ᱠᱳᱴᱤ ᱰᱚᱞᱟᱨ) ᱨᱮ ᱥᱮᱴᱮᱨ ᱮᱱᱟ ᱾"
1579,"लेकिन, व्यापार चक्र की आर्थिक फ्लू ने पोलैंड की बेरोज़गारी की दर पर प्रभाव डाला, जो 2013 की शुरूआत में लगभग 11 प्रतिशत पहुँच गया था ।","ᱮᱱᱠᱷᱟᱱ, ᱒᱐᱑᱓ᱼᱨᱮᱭᱟᱜ ᱮᱛᱚᱦᱚᱵ ᱥᱮᱡᱽ ᱡᱟᱹᱱᱤᱡᱽ ᱑᱑%ᱼ ᱨᱮ ᱥᱮᱴᱮᱨ ᱟᱠᱟᱱ ᱯᱳᱞᱮᱱᱰ ᱨᱮᱭᱟᱜ ᱵᱮᱠᱟᱨ ᱨᱮᱭᱟᱜ ᱦᱟᱨ ᱫᱚ ᱵᱮᱯᱟᱨ ᱪᱟᱨᱠᱟ ᱨᱮᱭᱟᱜ ᱠᱟᱹᱣᱰᱤᱟᱹᱨᱤ ᱞᱟᱲᱪᱟᱲ ᱥᱟᱹᱨᱤᱜᱮᱭ ᱮᱥᱮᱨ ᱞᱮᱫᱟ ᱾"
1580,"सन्‌ 2000 में बीएस ने इस सूची का इस्तेमाल करके अपने व्युत्पन्न बाजार को खोलने के लिए किया, व्यापार एसएसपीएस एसएसपीएसएपी भावी अनुबंधों।","᱒᱐᱐᱐ᱼᱨᱮ, ᱱᱚᱶᱟ ᱤᱱᱰᱮᱠᱥ ᱵᱮᱣᱦᱟᱨ ᱠᱟᱛᱮᱜ ᱮᱥᱹ ᱮᱱᱰᱹ ᱯᱤ ᱵᱤᱹ ᱮᱥᱹ ᱤ ᱥᱮᱱᱥᱮᱠᱥ ᱨᱮᱭᱟᱜ ᱟᱜᱟᱢ ᱪᱩᱠᱛᱤ ᱠᱚ ᱨᱮᱭᱟᱜ ᱵᱮᱯᱟᱨ ᱠᱚᱨᱮ ᱵᱤᱹ ᱮᱥᱹ ᱤ ᱟᱡᱟᱜ ᱜᱚᱴᱟᱵᱩᱴᱟᱹ ᱵᱟᱡᱟᱨᱮ ᱡᱷᱤᱡᱽ ᱞᱮᱫᱟ ᱾"
1581,"SPPPELP BENP विकल्प के साथ 2001 और 2002 में, बीएस के व्यापार मंच को बढ़ाया.",ᱵᱤ ᱮᱥ ᱤ ᱼ ᱨᱮᱭᱟᱜ ᱵᱟᱹᱱᱤᱡᱽ ᱴᱚᱴᱷᱟ ᱛᱮᱫ ᱯᱟᱥᱱᱟᱣ ᱠᱟᱛᱮ ᱒᱐᱐᱑ ᱟᱨ ᱒᱐᱐᱒ ᱼᱨᱮ ᱤᱠᱩᱭᱴᱤ ᱰᱮᱨᱤᱵᱷᱮᱴᱤᱵᱷ ᱠᱚ ᱟᱛᱮ ᱮᱥ ᱟᱨ ᱯᱤ ᱵᱤ ᱮᱥ ᱤ ᱥᱮᱱᱥᱮᱠᱥ ᱠᱚᱨᱮᱱᱟᱜ ᱩᱛᱱᱟᱹᱣ ᱯᱩᱨᱟᱹᱣᱚᱜᱼᱟ ᱾
1582,"सन्‌ 1997 में, एफएओ ने टेओड, संगीत कार्यक्रम, खेल - कूद और मीडिया की शक्‍ति को बढ़ावा देने के लिए दूसरे कामों की शुरूआत की ।","᱑᱙᱙᱗ ᱥᱟᱹᱦᱤᱴ ᱨᱮᱹ ᱮᱯᱷ ᱮ ᱳ ᱨᱮᱸᱜᱮᱡᱽ ᱞᱟᱹᱲᱦᱟᱹᱭᱨᱮ ᱜᱚᱲᱚ ᱞᱟᱹᱜᱤᱫ ᱢᱤᱰᱤᱭᱟ, ᱥᱮᱞᱤᱵᱨᱤᱴᱤ ᱟᱨ ᱚᱸᱰᱮᱱ ᱦᱚᱲ ᱠᱚᱣᱟᱜ ᱫᱟᱲᱮ ᱠᱟᱹᱢᱤᱨᱮ ᱞᱟᱜᱟᱣ ᱞᱟᱹᱜᱤᱫ ᱛᱮ ᱠᱚᱱᱥᱟᱨᱴ, ᱠᱷᱮᱞᱚᱸᱰ ᱤᱵᱷᱮᱱᱴ ᱟᱨ ᱮᱴᱟᱜ ᱠᱟᱹᱢᱤᱦᱚᱨᱟ ᱨᱮᱭᱟᱜ ᱯᱟᱥᱱᱟᱣ ᱥᱟᱸᱜᱷᱟᱨ ᱴᱮᱞᱤᱯᱷᱩᱰ ᱠᱚ ᱪᱟᱹᱞᱩ ᱠᱮᱫᱟ ᱾"
1583,"व्यापार सेवा: ६,००,००० पंजीकृत कंपनियों के बराबर, १०.३ प्रतिशत व्यवसायीय कपड़ा के साथ, २,८००,००० से अधिक कर्मचारी इकाइयों के साथ.","ᱵᱮᱯᱟᱨᱤᱭᱟᱹ ᱯᱚᱨᱤᱮᱵᱟ ᱺ ᱖᱓᱐,᱐᱐᱐ ᱚᱞᱛᱚᱞ ᱟᱠᱟᱱ ᱠᱳᱢᱯᱟᱱᱤ, ᱜᱚᱲᱚᱼᱟᱱ ᱯᱷᱮᱵᱨᱤᱠ ᱠᱚ ᱨᱮᱭᱟᱜ ᱑᱐ᱹ᱓% ᱥᱚᱢᱟᱱ, ᱒,᱘᱐᱐,᱐᱐᱐ ᱠᱷᱚᱱ ᱵᱟᱹᱲᱛᱤ ᱠᱟᱹᱢᱤ ᱨᱮᱭᱟᱜ ᱤᱭᱩᱱᱤᱴ ᱥᱟᱶᱛᱮ ᱾"
1584,"सन्‌ 2017 में, एक सरकारी संपत्ति की कीमत तय की गई थी... शुरू.",ᱫᱷᱚᱱᱼᱫᱩᱨᱤᱵᱽ ᱨᱮᱭᱟᱜ ᱜᱚᱱᱚᱝ ᱞᱮᱠᱷᱟᱤᱡ ᱥᱴᱟᱨᱴᱼᱟᱯ ᱞᱮᱠᱟᱛᱮ ᱮ ᱮᱱ ᱡᱮᱰ ᱫᱚ ᱨᱤᱭᱮᱞ ᱮ ᱜᱚᱵᱚᱞ ᱞᱮᱫᱟ ᱾
1585,"यह RBII की निगरानी के तहत 1,482 शहरी और 58 बहु-देशीय बैंक लाया.",ᱱᱚᱶᱟ ᱫᱚ ᱑᱔᱘᱒ ᱫᱤᱥᱩᱣᱟᱹ ᱟᱨ ᱕᱘ ᱜᱚᱴᱟᱝ ᱟᱭᱢᱟ ᱯᱚᱱᱚᱛ ᱥᱚᱢᱚᱵᱟᱭ ᱵᱮᱝᱠ ᱠᱚ ᱟᱨᱵᱤᱟᱭ ᱟᱜ ᱟᱣᱛᱟᱨᱮᱭ ᱟᱹᱜᱩ ᱟᱠᱟᱫᱟ ᱾
1586,"इस प्रकार Wolwwliws दल के साथ शामिल हो गया, और Wllwwwliwiwa नाम रखा गया था।","ᱱᱚᱝᱠᱟᱛᱮ ᱩᱞᱩᱭᱤᱪ ᱵᱟᱨᱠᱞᱮᱥ ᱚᱯᱷ ᱠᱳᱢᱯᱟᱱᱤᱨᱮᱭ ᱥᱮᱞᱮᱫ ᱮᱱᱟ, ᱟᱨ ᱫᱟᱹᱭᱵᱷᱟᱨ ᱦᱟᱛᱟᱣ ᱛᱟᱭᱚᱢ ᱦᱚᱸ ᱩᱞᱩᱭᱤᱪ ᱧᱩᱛᱩᱢᱫᱚ ᱥᱟᱵ ᱫᱚᱦᱚ ᱦᱩᱭᱞᱮᱱᱟ ᱾"
1587,"अक्‍तूबर 2012 में, यह घोषणा की गयी कि इसके साथ - साथ 15 प्रतिशत की कमाई कम करने की योजना बनायी गयी है ।","᱒᱐᱑᱒ ᱨᱟᱭᱟᱜ ᱚᱠᱴᱚᱵᱚᱨ ᱨᱮ, ᱞᱟᱛᱟᱨ ᱥᱮᱪ ᱟᱹᱠᱷᱨᱤᱧ ᱟᱠᱟᱱ ᱨᱳᱡᱜᱟᱨ ᱠᱟᱨᱚᱱᱛᱮ ᱱᱚᱣᱟ ᱟᱨᱦᱚᱸ ᱑᱕% ᱠᱟᱹᱢᱤᱭᱟᱹ ᱪᱷᱟᱸᱴᱟᱭ ᱨᱮᱭᱟᱜ ᱩᱭᱦᱟᱹᱨᱵᱷᱟᱵᱱᱟ ᱦᱟᱛᱟᱣ ᱟᱠᱟᱱᱟ ᱾"
1588,"Casenss की परिभाषा को ""रिटरल"" के रूप में गोद लिया गया.",ᱥᱤᱢᱤᱱᱥ ᱨᱮᱭᱟᱜ ᱯᱟᱹᱱᱟᱹᱨᱥᱤ ᱫᱚ ''ᱡᱮᱜᱮᱫ ᱡᱮᱠᱟᱛ'' ᱳᱣᱟᱴ ᱞᱮᱠᱟᱛᱮ ᱦᱟᱛᱟᱣ ᱞᱮᱱᱟ ᱾
1589,"इसके अतिरिक्‍त, बार्जे समूह ने अनेक शैक्षिक कार्य भी किए हैं ।","ᱟᱨᱦᱚᱸ, ᱵᱟᱡᱟᱡᱽ ᱡᱟᱹᱛᱤ ᱜᱩᱥᱴᱤ ᱠᱚ ᱵᱮᱥ ᱠᱤᱪᱷᱤ ᱥᱮᱪᱮᱫᱼᱟᱱ ᱠᱟᱹᱢᱤᱦᱚᱨᱟ ᱠᱚ ᱦᱟᱛᱟᱣ ᱟᱠᱟᱫᱟ ᱾"
1590,"भारत का GDP विकास जनवरी 2015 की मासिक अवधि के दौरान 7.5% चीन के 7% की तुलना में किया गया था, यह सबसे तेजी से Eliriz.","ᱡᱟᱱᱩᱭᱟᱨᱤ ᱼ ᱢᱟᱨᱪ ᱒᱐᱑᱕ ᱚᱠᱛᱚᱨᱮ ᱪᱤᱱ ᱨᱮᱭᱟᱜ ᱗% ᱠᱷᱚᱱ ᱵᱷᱟᱨᱚᱛ ᱨᱭᱟᱜ ᱜᱤ ᱰᱤ ᱯᱤ ᱦᱟᱨᱟ ᱞᱮᱱᱟ ᱗ᱹ᱕%, ᱡᱟᱦᱟᱸ ᱫᱚ ᱟᱹᱰᱤ ᱞᱚᱜᱚᱱ ᱢᱩᱲᱩᱛ ᱠᱟᱹᱣᱰᱤᱟᱹᱨᱤ ᱞᱮᱠᱟᱛᱮ ᱵᱷᱟᱨᱚᱛ ᱮ ᱵᱮᱱᱟᱣ ᱞᱮᱫᱟ ᱾"
1591,लंबे समय से तय किए गए निवेशों को कई वर्षों के लिए आयोजित किया जा रहा है और वे निकट भविष्य में के केन्द्रित होने का इरादा नहीं कर रहे हैं.,ᱡᱮᱞᱮᱧᱼᱚᱠᱛᱚ ᱨᱮᱭᱟᱜ ᱠᱟᱹᱣᱰᱤ ᱥᱚᱯᱚᱦᱚᱫ ᱠᱚᱫᱚ ᱟᱭᱢᱟ ᱥᱮᱨᱢᱟ ᱞᱟᱹᱜᱤᱫ ᱥᱟᱵ ᱫᱚᱦᱚᱭ ᱦᱩᱭᱩᱜᱼᱟ ᱟᱨ ᱥᱩᱯᱩᱨ ᱟᱜᱟᱢᱨᱮ ᱪᱟᱵᱟᱜ ᱨᱮᱭᱟᱜ ᱦᱚᱸ ᱡᱚᱥ ᱵᱟᱝ ᱛᱟᱦᱮᱸᱱᱟ ᱾
1592,"28 दिसंबर, 2010 को गैर-सरकारी संगठन की स्थापना हुई, जो शिक्षा से हिलने के लिए कृषक रफ़ल (Cacirver Avenler Aver Aver Avenlalllalllllllalllllanlanl) के लिए एक पत्र लिखा, भूतपूर्व HRS मंत्री आर. के माध्यम से नेतृत्व, एक पैनल, एक विशेष दृश्‍य, एक विशेष दृश्‍य के बारे में बताते हैं, जहाँ कर्ता की अगुवाई करते हैं.","᱒᱐᱑᱐ ᱨᱮᱭᱟᱜ ᱒᱘ ᱰᱤᱥᱮᱢᱵᱚᱨ ᱠᱳᱭᱟᱞᱤᱥᱚᱱ ᱴᱩ ᱟᱯᱨᱩᱴ ᱨᱮᱜᱤᱝ ᱯᱷᱚᱨᱢ ᱮᱰᱩᱠᱮᱥᱚᱱ (ᱠᱤᱣᱚᱨ) ᱧᱩᱛᱩᱢᱟᱱ ᱵᱮᱥᱚᱨᱵᱟᱨ ᱜᱟᱶᱛᱟ ᱨᱮᱱ ᱥᱚᱦᱮᱫᱼᱛᱷᱟᱯᱚᱱᱤᱭᱟᱹ ᱦᱚᱨᱥᱚ ᱟᱜᱟᱣᱚᱨᱳᱣᱟᱞ ᱢᱤᱫᱴᱟᱝ ᱴᱷᱤᱠᱟᱹᱱ ᱧᱮᱱᱮᱞᱚᱢ ᱚᱜᱨᱚᱡᱠᱚ ᱫᱟᱨᱟᱭ ᱛᱮ ᱢᱩᱲᱩᱫ ᱚᱵᱷᱤᱱᱮᱛᱟᱠᱚ ᱨᱮᱜᱤᱝ ᱱᱤᱭᱟᱹ ᱨᱟᱸᱜᱟᱣ ᱨᱮᱭᱟᱜ ᱵᱚᱨᱱᱚᱱ ᱛᱮ ᱢᱟᱨᱮᱱ ᱮᱭᱤᱪᱹᱟᱨᱹᱰᱤ ᱢᱚᱱᱛᱨᱤ ᱟᱨᱹᱠᱮᱹᱨᱟᱜᱷᱚᱵᱚᱱ ᱟᱜ ᱟᱹᱭᱩᱨᱛᱮ ᱢᱤᱫᱴᱟᱝ ᱯᱮᱱᱮᱞ, ᱨᱟᱜᱷᱚᱵᱚᱱ ᱠᱩᱢᱩᱴ ᱫᱚ ᱢᱤᱫᱴᱟᱝ ᱵᱮᱣᱨᱟᱭ ᱚᱞ ᱟᱫᱮᱭᱟ ᱾"
1593,रेववो के प्रयास भी जीन-Cards को कला निर्देशक के रूप में नियुक्‍त करने में शामिल थे और फोटोग्राफी ओविस ऑविस्टो को फिर से रद्द कर रहे थे.,ᱫᱚᱲᱦᱟᱛᱮ ᱵᱚᱫᱚᱞᱚᱜ ᱨᱮᱭᱟᱜ ᱨᱤᱠᱟᱹ ᱢᱩᱫᱨᱮ ᱡᱤᱱᱼᱪᱟᱨᱞᱥ ᱰᱤ ᱠᱟᱥᱴᱮᱞᱵᱟᱡᱟᱠ ᱫᱚ ᱠᱟᱹᱨᱤᱼᱟᱱᱟᱱᱜ ᱨᱮᱱ ᱪᱟᱪᱞᱟᱣᱤᱡᱽ ᱞᱮᱠᱟᱛᱮᱭ ᱵᱟᱦᱟᱞ ᱞᱮᱱᱟ ᱟᱨ ᱯᱷᱚᱴᱳᱜᱨᱟᱯᱷᱟᱨ ᱚᱞᱤᱵᱷᱤᱭᱮᱨᱳ ᱛᱳᱥᱠᱟᱱᱤ ᱫᱯ ᱫᱚᱲᱦᱟ ᱵᱟᱦᱟᱞ ᱦᱚᱸ ᱥᱮᱞᱮᱫ ᱞᱮᱱᱟ ᱾
1594,ऐसे विदेशी दल हैं जिन्होंने मेक्सिको में अलग - अलग देशों से आए भाई - बहनों के साथ मिलकर काम किया है ।,"ᱢᱮᱠᱥᱤᱠᱳ ᱨᱮ ᱢᱤᱞᱟᱹᱣ ᱥᱟᱹᱦᱤᱼᱡᱩᱦᱤ ᱛᱷᱟᱯᱚᱱ ᱠᱚᱨᱟᱣ ᱵᱤᱞᱟᱹᱛ ᱜᱟᱶᱛᱟ ᱠᱚ ᱢᱩᱫᱨᱮ ᱥᱚᱨᱮᱥᱟᱱᱟᱜ ᱦᱩᱭᱩᱜ ᱠᱟᱱᱟ ᱡᱚᱛᱚ ᱥᱟᱸᱜᱤᱧ ᱧᱮᱱᱮᱞᱚᱢ, ᱯᱩᱸᱰ ᱫᱩᱨᱤᱵᱽ, ᱢᱩᱫᱽᱨᱤᱛᱚ ᱥᱟᱹᱨᱠᱤᱴ ᱵᱳᱰ, ᱮᱞᱹᱥᱤᱹᱰᱤ ᱯᱮᱱᱮᱞ, ᱟᱨ ᱟᱫᱷᱟᱯᱚᱨᱤᱵᱟᱦᱤ ᱱᱚᱠᱥᱟᱠᱟᱨ ᱟᱨ ᱵᱮᱱᱟᱣᱟᱱᱤᱡ ᱢᱤᱫᱴᱟᱝ ᱛᱷᱟᱹᱱᱤᱛ ᱰᱤᱡᱟᱭᱱᱟᱨ ᱥᱮᱢᱮᱠᱥ ᱜᱚᱲᱦᱚᱱ ᱠᱚᱨᱟᱣ ᱥᱟᱢᱥᱚᱝ, ᱟᱨ ᱤᱞᱮᱠᱴᱨᱤᱠ ᱨᱮᱭᱟᱜ ᱦᱤᱸᱥ, ᱧᱮᱱᱮᱞᱚᱢ, ᱟᱨ ᱠᱟᱹᱨᱠᱷᱟᱱᱟ ᱨᱮᱭᱟᱜ ᱦᱟᱢᱟᱞ ᱡᱚᱱᱛᱚᱨ ᱥᱤᱨᱡᱟᱹᱣᱟᱱᱟᱜ ᱛᱳᱥᱤᱵᱟ ᱫᱮ ᱢᱮᱠᱥᱤᱠᱳ, ᱮᱥᱹᱮᱹᱫᱤ ᱥᱤᱹᱵᱷᱤ ᱧᱩᱛᱩᱢ ᱛᱮ ᱯᱚᱥᱟᱥᱚᱱᱤᱠ ᱞᱮᱠᱟᱛᱮ ᱥᱚᱼᱥᱟᱥᱤᱛ ᱢᱤᱫᱴᱟᱝ ᱥᱚᱦᱟᱭᱚᱠ ᱜᱚᱲᱦᱚᱱ ᱟᱠᱟᱱ ᱛᱳᱥᱤᱵᱟ ᱾"
1595,सन्‌ 2014 में सरकार ने 26% से 49% बीमा सेक्टर में विदेशी निवेश को बढ़ा दिया ।,"᱒᱐᱑᱔ᱼᱨᱮ, ᱥᱚᱨᱠᱟᱨ ᱫᱚ ᱵᱤᱢᱟᱹ ᱛᱷᱚᱱᱚᱛᱨᱮ ᱵᱤᱞᱟᱹᱛᱤ ᱠᱟᱹᱣᱰᱤ ᱥᱚᱯᱚᱦᱚᱫ ᱨᱮᱭᱟᱜ ᱪᱮᱛᱟᱱ ᱥᱤᱢᱟᱹ ᱒᱖% ᱠᱷᱚᱱ ᱰᱷᱮᱨ ᱠᱟᱛᱮᱜ ᱔᱙% ᱠᱚᱨᱟᱳ ᱦᱩᱭᱟᱠᱟᱱᱟ ᱾"
1596,सन्‌ 1934 में भारत के राज - बैंक के 2 कानूनी निगम के तहत तय किए गए बैंक में ये बैंक शामिल हैं ।,᱑᱙᱓᱔ ᱨᱮᱭᱟᱜ ᱵᱷᱟᱨᱚᱛᱤᱭᱟᱹ ᱨᱤᱡᱟᱨᱵᱷ ᱵᱮᱝᱠ ᱟᱹᱱ ᱨᱮᱭᱟᱜ ᱫᱚᱥᱟᱨ ᱛᱚᱯᱷᱚᱥᱤᱞ ᱨᱮ ᱥᱮᱞᱮᱫ ᱵᱮᱝᱠ ᱠᱚ ᱦᱩᱭᱩᱜ ᱠᱟᱱᱟ ᱛᱚᱯᱷᱚᱥᱤᱞᱟᱱᱟᱜ ᱵᱮᱝᱠ ᱾
1597,"यह एक 60.6 सेंटीमीटर (154 सेमी) संपूर्ण दो क्लीकंड और 32 वर्ग सेंटीमीटर (81 सेमी) टीवी मॉनीटर है, एक टंटीला स्नान के साथ, एक 82-10 सेंटीमीटर (10 सेंटीमीटर), जो कमरे में एक डबल बिस्तर भी शामिल है, जो 27 सेमी, और टीवी की एक निगरानी भी शामिल है.","ᱱᱤᱭᱟᱹ ᱫᱚ ᱡᱤᱨᱟᱹᱣ ᱚᱲᱟᱜᱽᱨᱮ ᱢᱤᱫᱴᱟᱝ ᱖᱐ᱹ᱖ ᱤᱧᱪᱤ (᱑᱕᱔ ᱥᱮᱢᱤ) ᱚᱥᱟᱨ ᱵᱟᱨᱦᱚᱲ ᱫᱩᱲᱩᱵᱞᱮᱠᱟ ᱴᱮᱸᱰᱟᱨᱚᱜ ᱥᱳᱯᱷᱟ ᱟᱨ ᱓᱒ ᱤᱧᱪᱤ (᱘᱑ ᱥᱮᱢᱤ) ᱴᱤᱵᱤ ᱢᱚᱱᱤᱴᱟᱨ ᱞᱮᱠᱟᱱᱟᱜ; ᱥᱟᱣᱟᱨ ᱥᱟᱶ ᱡᱚᱯᱚᱲᱟᱣ ᱢᱤᱫᱴᱟᱝ ᱛᱚᱯᱚᱱᱚᱲᱟᱜ; ᱜᱤᱛᱤᱡᱽ ᱚᱲᱟᱜᱨᱮ ᱢᱤᱫᱴᱟᱝ ᱘᱒ ᱤᱧᱪᱤ (᱒᱑᱐ ᱥᱮᱢᱤ) ᱡᱤᱞᱤᱧ, ᱔᱗ᱹ᱕ ᱤᱧᱪᱤ (᱑᱒᱑ ᱥᱮᱢᱤ) ᱚᱥᱟᱨ ᱵᱟᱨᱦᱚᱲᱟᱜ ᱜᱤᱛᱤᱡᱽᱟᱜ, ᱡᱟᱦᱟᱸᱨᱮ ᱢᱤᱫᱴᱟᱝ ᱒᱗ ᱤᱧᱪᱤ (᱖᱙ ᱥᱮᱢᱤ) ᱴᱤᱵᱤ ᱢᱚᱱᱤᱴᱟᱨ ᱟᱨ ᱢᱤᱫᱦᱚᱲ ᱱᱤᱡᱟᱹ ᱠᱷᱟᱱᱥᱟᱢᱟ ᱦᱚᱸ ᱢᱮᱱᱟᱜᱼᱟ ᱾"
1598,यह एक ऐसी सरकार है जो समाज को भ्रष्ट करने के लिए बनायी गयी है ।,"ᱯᱳᱭᱞᱳ ᱟᱜ ᱫᱚ ᱟᱨᱡᱟᱣ ᱫᱟᱲᱮ ᱩᱛᱱᱟᱹᱣᱤᱡ ᱢᱤᱫᱴᱟᱝ ᱩᱯᱚᱵᱷᱳᱠᱛᱟ ᱠᱟᱹᱣᱰᱤᱟᱹᱨᱤ, ᱛᱟᱭᱚᱢᱟᱜ ᱫᱚ ᱥᱟᱶᱛᱟ ᱧᱮᱞᱥᱟᱢᱴᱟᱣ ᱞᱟᱹᱜᱤᱫ ᱛᱟᱱᱟᱞᱟ ᱞᱮᱠᱟᱮ ᱟᱜᱟᱢ ᱩᱭᱦᱟᱹᱨ ᱟᱠᱟᱱ ᱢᱤᱫᱴᱟᱝ ᱜᱷᱟᱹᱲᱛᱤ ᱠᱟᱹᱣᱰᱤ ᱟᱹᱨᱤ ᱾"
1599,"सन्‌ 2013 से पहले, भारतीय कंपनियों को भारत में आईओ को पहली बार पूरा किए बगैर अंतर्राष्ट्रीय रूप से उनकी सूची देने की अनुमति नहीं दी गयी ।","᱒᱐᱑᱓ ᱥᱟᱹᱦᱤᱛ ᱞᱟᱦᱟᱨᱮ, ᱵᱷᱟᱨᱚᱛ ᱨᱮᱭᱟᱜ ᱠᱳᱢᱯᱟᱱᱤ ᱠᱚ ᱵᱷᱟᱨᱚᱛᱨᱮ ᱢᱤᱫᱴᱟᱝ ᱟᱭ ᱯᱤ ᱳ ᱵᱟᱝ ᱯᱩᱨᱟᱹᱣ ᱠᱟᱛᱮᱜ ᱡᱮᱜᱮᱫ ᱡᱟᱠᱟᱛ ᱞᱮᱠᱟᱛᱮ ᱟᱠᱚᱣᱟᱜ ᱥᱤᱠᱤᱣᱩᱨᱤᱴᱤ ᱠᱚ ᱛᱟᱹᱞᱤᱠᱟ ᱥᱮᱞᱮᱫ ᱨᱮᱭᱟᱜ ᱪᱷᱟᱹᱲ ᱵᱟᱝ ᱮᱢ ᱦᱩᱭᱟᱠᱟᱱᱟ ᱾"
1600,"ब्रांड वफादारी का उच्च स्तर आलोचना किया गया है और उपहास किया गया है, एपीपिट ""एली प्रशंसक"" के साथ एक उत्पाद लांच से पहले अधिकतम लाइनों को लागू किया जा रहा है और उपहास किया जा रहा है.","ᱮᱯᱮᱞ ᱯᱷᱮᱱᱵᱚᱭ'' ᱩᱯᱟᱹᱫᱷᱤ ᱵᱮᱣᱦᱟᱨ ᱠᱟᱛᱮᱜ ᱟᱨ ᱡᱟᱦᱟᱸᱱ ᱡᱤᱱᱤᱥ ᱞᱚᱧᱪᱜ ᱞᱟᱦᱟ ᱨᱮᱜᱮ ᱡᱮᱞᱮᱧ ᱞᱟᱭᱤᱱ ᱵᱮᱱᱟᱣ ᱠᱚ ᱫᱩᱥᱟᱹᱣ ᱠᱟᱛᱮᱜ ᱵᱨᱮᱱᱰ ᱯᱟᱹᱛᱭᱟᱹᱣ ᱨᱮ ᱪᱮᱛᱟᱱᱛᱷᱚᱠ ᱨᱮᱭᱟᱜ ᱚᱠᱛᱟ ᱦᱩᱭᱟᱠᱟᱱᱟ ᱟᱨ ᱯᱚᱥᱲᱟ ᱦᱩᱭᱟᱠᱟᱱᱟ,"
1601,सन्‌ 2006 में न्यू यॉर्क शहर के एवेन्यू एवेन्यू स्टोर की शुरूआत हुई और यूरोप से आए लोग इस घटना के लिए हवाई सफर करने आए ।,᱒᱐᱐᱖ ᱥᱟᱹᱦᱤᱛᱨᱮ ᱱᱤᱭᱩ ᱤᱭᱚᱨᱠ ᱮᱯᱮᱞ ᱯᱷᱤᱯᱛᱷ ᱮᱵᱷᱤᱱᱤᱭᱩ ᱥᱴᱳᱨ ᱨᱮᱭᱟᱜ ᱩᱰᱷᱟᱹᱣᱨᱮ ᱮᱠᱟᱞ ᱥᱮᱞᱮᱫᱚᱜ ᱦᱩᱭᱞᱮᱱᱟ ᱟᱨ ᱤᱭᱩᱨᱳᱯ ᱠᱷᱚᱱ ᱧᱮᱧᱮᱞᱤᱭᱟᱹᱠᱚ ᱱᱚᱶᱟ ᱟᱠᱷᱲᱟ ᱞᱟᱹᱜᱤᱫ ᱛᱮ ᱩᱰᱟᱹᱱ ᱜᱟᱹᱰᱤ ᱛᱮᱠᱚ ᱦᱮᱡᱽᱞᱮᱱᱟ ᱾
1602,"पैसा जमा करने के लिए घर और विदेशी स्रोतों से आना था, और इसके साथ ४,६६ गृह उत्पादों में घरेलू बचाव की दर और घोर घरेलू उत्पादों में विदेशी बचाव की दर थी ।","ᱴᱟᱠᱟ ᱠᱷᱟᱴᱟᱣ ᱞᱟᱹᱜᱤᱫ ᱥᱟᱸᱧᱪᱟᱣ ᱟᱠᱟᱫᱽ ᱫᱤᱥᱚᱢ ᱨᱮᱭᱟᱜ ᱟᱨ ᱵᱤᱞᱟᱹᱛ ᱠᱷᱚᱱ ᱦᱤᱡᱩᱜ ᱞᱟᱹᱠᱛᱤ ᱠᱟᱱᱟ, ᱫᱤᱥᱚᱢ ᱨᱮ ᱥᱟᱧᱪᱟᱣ ᱨᱮᱭᱟᱜ ᱦᱟᱨ ᱜᱩᱴ ᱫᱚ ᱫᱤᱥᱚᱢᱨᱮ ᱟᱨᱡᱟᱜᱠᱟᱱ ᱒᱑ᱹ᱖% ᱟᱨ ᱵᱤᱞᱟᱹᱛᱨᱮ ᱥᱟᱧᱪᱟᱜ ᱠᱟᱱ ᱨᱮᱭᱟᱜ ᱜᱩᱴ ᱦᱟᱨ ᱫᱚ ᱫᱤᱥᱚᱢᱨᱮ ᱟᱨᱡᱟᱜ ᱠᱟᱱ ᱨᱮᱭᱟᱜ ᱑ᱹ᱖% ᱾"
1603,"NATAS के मुख्य जानकारी अधिकारी Cindman के $4 अरब साल बाहर कंप्यूटर विज्ञान विभाग और आंसेल के साथ अनुबंध बाहर थे, इस प्रकार ""एक प्रक्रिया को बढ़ावा देने से बचने के लिए अगर हम इसे घर में करना चाहते हैं.""","ᱠᱚᱢᱯᱤᱭᱩᱴᱟᱨ ᱥᱟᱭᱮᱱᱥᱮᱥ ᱠᱚᱨᱯᱚᱨᱮᱥᱚᱱ ᱟᱨ ᱮᱥᱥᱮᱱᱪᱟᱨ ᱥᱟᱶ ᱰᱩᱯᱚᱱᱴᱥ ᱨᱮᱱ ᱪᱤᱯᱷ ᱤᱱᱯᱷᱚᱨᱢᱮᱥᱚᱱ ᱚᱯᱷᱤᱥᱟᱨ ᱥᱤᱱᱰᱟ ᱦᱚᱞᱢᱮᱱᱟᱜ $᱔ ᱵᱤᱞᱞᱤᱭᱚᱱ ᱑᱐ᱼᱥᱮᱨᱢᱟᱨᱮᱭᱟᱜ ᱟᱣᱩᱴᱥᱳᱨᱥᱤᱝ ᱪᱩᱠᱛᱤ ᱪᱟᱞᱟᱣᱵᱟᱱᱟᱣᱤᱡᱽᱟᱜ ᱵᱚᱨᱱᱚᱱ ᱟᱣᱩᱴᱥᱳᱨᱥ ᱵᱮᱱᱟᱣ ᱦᱩᱭᱞᱮᱱᱟ ᱱᱚᱝᱠᱟᱞᱮᱠᱟᱛᱮ ""ᱢᱤᱫᱴᱟᱝ ᱠᱟᱹᱢᱤᱦᱚᱨᱟ ᱥᱤᱨᱡᱟᱹᱣ ᱡᱚᱫᱤ ᱟᱞᱮ ᱚᱲᱟᱜᱽ ᱵᱷᱟᱹᱨᱨᱮ ᱫᱩᱲᱩᱵᱠᱟᱛᱮᱞᱮ ᱠᱚᱨᱟᱣ ᱫᱟᱲᱮᱜᱽ ᱾"""
1604,"रॉबर्ट बी.वुड, अलास्का में निर्माण में, एक समय था अमेरिका केंद्र के बैंक का नाम एक बार, बैंक की स्थापना के साथ का नाम दिया गया था दस टन सुरक्षा बैंक बैंक बैंक का निर्माण.","ᱮᱝᱠᱚᱨᱮᱡᱽ, ᱟᱞᱟᱥᱠᱟᱨᱮ ᱨᱚᱵᱟᱨᱴ ᱵᱤ. ᱮᱴᱩᱰ ᱵᱤᱞᱰᱤᱝ ᱫᱚ ᱢᱤᱫᱽ ᱚᱠᱛᱚ ᱵᱮᱝᱠ ᱚᱯᱷ ᱟᱢᱮᱨᱤᱠᱟ ᱥᱮᱱᱴᱟᱨ ᱧᱩᱛᱩᱢᱛᱮ ᱧᱩᱛᱩᱢᱞᱮᱱᱟ, ᱡᱟᱦᱟᱸ ᱫᱚ ᱵᱮᱝᱠᱨᱮᱱ ᱵᱷᱟᱲᱟᱴᱤᱭᱟᱹ ᱦᱚᱨᱦᱚᱭ ᱯᱮᱥᱤᱯᱷᱤᱠ ᱵᱮᱝᱠᱨᱮᱭᱟᱜ ᱜᱚᱵᱚᱞᱟᱠᱟᱱ ᱥᱟᱶᱛᱮ ᱢᱤᱫᱛᱮ ᱧᱩᱛᱩᱢᱟᱠᱟᱱ ᱛᱟᱦᱮᱸᱠᱟᱱᱟ ᱾"
1605,CIC न्यूक्लीयरमेंट से अलग है क्योंकि यह मध्य- बीच की जानकारी प्रवाह की अनुमति देती है.,"ᱱᱤᱣᱨᱳᱢᱳᱰᱤᱞᱮᱥᱚᱱ ᱠᱷᱚᱱ ᱵᱤᱹᱥᱤᱹᱟᱭ ᱵᱷᱮᱜᱟᱨ ᱱᱚᱶᱟ ᱞᱮᱠᱟ ᱡᱮ, ᱱᱚᱶᱟ ᱛᱚᱛᱷᱚ ᱵᱟᱱᱟᱨᱯᱟᱦᱴᱟ ᱞᱤᱜᱤᱸᱱ ᱨᱮᱭᱟᱜ ᱟᱨᱫᱟᱥ ᱮ ᱮᱢ ᱞᱮᱫᱟ।"
1606,"लेकिन, ऐसे आवधिक क्रम को आकर्षित करने के बजाय हटा रहे हैं, मतलब यह है कि यदि एनसिंक वेरिएबल अनुक्रम के बाहर है, तो यह अनुक्रम में नहीं प्रवेश करेगा और वास्तव में, यह उस से फिर कभी नहीं आएगा.","ᱡᱟᱦᱟᱸᱜᱤ ᱦᱩᱭᱩᱜ, ᱱᱤᱭᱟᱹᱞᱮᱠᱟᱱ ᱛᱷᱟᱹᱨᱮᱞᱠᱷᱟ ᱚᱱᱩᱠᱨᱚᱢᱠᱩ ᱨᱤᱡᱷᱟᱹᱣᱟᱱᱟᱜ ᱦᱩᱭ ᱵᱚᱫᱚᱞᱛᱮ ᱵᱟᱝᱠᱩᱥᱤᱭᱟᱜ ᱦᱩᱭᱩᱜᱼᱟ, ᱢᱮᱱᱫᱚ ᱵᱚᱫᱚᱞᱚᱜᱽᱠᱟᱱ ᱪᱚᱞᱚᱨᱟᱥᱤ ᱫᱚ ᱥᱩᱨᱥᱩᱯᱩᱨ ᱦᱩᱭᱞᱮᱱᱨᱮ ᱦᱚᱸ ᱚᱱᱩᱠᱨᱚᱢ ᱨᱮᱭᱟᱜ ᱵᱟᱨᱦᱮᱨᱮ ᱛᱟᱦᱮᱸᱞᱮᱱᱠᱷᱟᱱ, ᱚᱱᱟ ᱚᱱᱩᱠᱨᱚᱢᱨᱮ ᱵᱟᱝ ᱵᱚᱞᱚᱱᱟ ᱟᱨ, ᱠᱟᱹᱢᱤᱭᱨᱮ, ᱚᱱᱟ ᱠᱷᱚᱱ ᱪᱦᱤᱱᱜᱟᱹᱜᱽᱟᱭ ᱾"
1607,एक सेकंड पर एक और समायोजन है जो कभी - कभी SITATATATAN समय पर लागू होता है (यू. एस. ए.),ᱢᱤᱫ ᱚᱫᱷᱤ ᱴᱤᱯᱤᱡ ᱦᱩᱭᱩᱜ ᱠᱟᱱᱟ ᱵᱮᱼᱟᱹᱨᱤ ᱟᱨ ᱫᱷᱟᱹᱨᱛᱤ ᱨᱮᱭᱟᱜ ᱟᱵᱚᱨᱛᱚᱱ ᱨᱮ ᱡᱮᱞᱮᱧᱢᱮᱭᱟᱫᱤ ᱢᱚᱱᱫᱤᱵᱷᱚᱵᱚᱱ ᱨᱮᱭᱟᱜ ᱠᱟᱨᱚᱱᱛᱮ ᱵᱚᱫᱚᱞ ᱦᱩᱭᱩᱜ ᱛᱟᱦᱮᱸᱫ ᱵᱮᱜᱚᱨ ᱵᱷᱩᱞ ᱚᱠᱛᱮ (ᱯᱟᱨᱚᱢᱟᱱᱚᱵᱤᱠ ᱜᱷᱚᱲᱤ ᱫᱟᱨᱟᱭ ᱛᱮ ᱯᱚᱨᱤᱢᱤᱛ ᱡᱮᱜᱮᱫ ᱡᱟᱠᱟᱫ ᱯᱟᱨᱚᱢᱟᱱᱚᱵᱤᱠ ᱚᱠᱛᱮ (ᱴᱟᱭ) ᱟᱨ ᱵᱮᱼᱵᱷᱩᱞ ᱧᱮᱞᱥᱟᱢᱴᱟᱣ ᱪᱟᱸᱫᱳ ᱚᱠᱛᱮ (ᱤᱭᱩᱴᱤ ᱑) ᱨᱮᱭᱟᱜ ᱢᱩᱫᱽᱨᱮ ᱵᱷᱮᱜᱟᱨ ᱫᱚ ᱢᱮᱥᱟᱭ ᱞᱟᱹᱜᱤᱫ ᱩᱪᱟᱹᱲ ᱡᱮᱜᱮᱫᱡᱚᱱᱚᱱᱤ ᱚᱠᱛᱮ (ᱤᱭᱩᱴᱤᱥᱤ) ᱨᱮ ᱛᱟᱞᱟᱢᱟᱞᱟᱨᱮ ᱵᱮᱣᱦᱟᱨ ᱟᱱᱟᱜ ᱢᱤᱫ ᱴᱤᱯᱤᱡ ᱨᱮᱭᱟᱜ ᱢᱤᱫᱴᱟᱝ ᱢᱤᱫᱟᱱᱟᱜ ᱞᱮᱠᱟᱱ ᱾
1608,केमर ईर ईर अल द्वारा शिक्षकों का एक अध्ययन ने पाया कि सर्वेक्षण के दौरान 25% निजी शिक्षक और 40 प्रतिशत चिकित्सा कर्मचारियों के संपर्क में थे।,"ᱠᱨᱮᱢᱟᱨ ᱮᱴ ᱚᱞ ᱨᱮᱱ ᱢᱟᱪᱮᱫᱠᱚ ᱪᱮᱛᱟᱱ ᱢᱤᱫᱴᱟᱝ ᱠᱷᱚᱫᱽᱨᱚᱸᱱ ᱠᱟᱛᱮ ᱧᱟᱢ ᱟᱠᱟᱱᱟ ᱡᱮ, ᱥᱚᱢᱤᱠᱷᱟ ᱚᱠᱛᱮ ᱒᱕ ᱥᱟᱭᱦᱤᱸᱥ ᱵᱮᱥᱚᱨᱠᱟᱨ ᱟᱱᱟᱜ ᱠᱷᱟᱛ ᱨᱮ ᱢᱟᱪᱮᱫ ᱟᱨ ᱔᱐ ᱥᱟᱭᱦᱤᱸᱥ ᱥᱚᱨᱠᱟᱨᱤ ᱠᱷᱟᱛ ᱨᱮᱭᱟᱜ ᱛᱤᱠᱠᱷᱤᱥᱟ ᱠᱟᱹᱢᱤᱭᱟᱹ ᱠᱚ ᱵᱮᱼᱦᱟᱹᱡᱤᱨ ᱠᱚ ᱛᱟᱦᱮᱸ ᱠᱟᱱᱟ ᱾"
1609,"१९३० के कम्प्लीशन प्रभाव ने और अधिक प्रमाण प्रदान किया कि विशिष्ट सापेक्षता लागू होती है, इस मामले में फोटो-काइन छितराने के बारे में एक कण वर्णन के लिए.",᱑᱙᱒᱓ ᱥᱟᱹᱦᱤᱛ ᱨᱮᱭᱟᱜ ᱠᱨᱚᱢᱯᱴᱚᱱ ᱮᱥᱮᱨ ᱟᱨᱦᱚᱸ ᱩᱱᱩᱫᱩᱜ ᱮ ᱮᱢ ᱠᱟᱛᱮ ᱡᱟᱦᱟᱸ ᱵᱤᱥᱮᱥ ᱟᱠᱷᱯᱮᱠ ᱮ ᱠᱷᱟᱴᱟᱣ ᱞᱮᱫᱟ ᱯᱷᱳᱴᱚᱱᱼᱤᱞᱮᱠᱴᱨᱚᱱ ᱵᱤᱠᱠᱷᱮᱯ ᱚᱠᱛᱮ ᱢᱤᱫᱴᱟᱝ ᱠᱚᱨᱱᱟᱨ ᱵᱚᱨᱱᱚᱱ ᱠᱷᱮᱛᱨᱚ ᱨᱮ ᱾
1610,"मौजूदा और आरोपों (एसएमआर) के बाद से यह आरोपों और स्रोत में मौजूदा प्रभावों से बहुत दूर है, और इस समय में भी उनके द्वारा सीधे रूप से प्रभावित नहीं होता है (या, यह एक अलग रूप से ऐसे क्षेत्रों में बनाया गया है जिन से अतीत में परिवर्तनों में परिवर्तनों के क्रम में किया गया है.","ᱢᱩᱞᱨᱮ ᱟᱫᱷᱟᱱ ᱟᱨ ᱵᱤᱡᱞᱤᱪᱟᱞᱟᱜᱽ ᱠᱷᱚᱱ ᱯᱟᱥᱱᱟᱜᱽᱼᱟ, ᱚᱱᱟᱠᱩ ᱪᱮᱛᱟᱱ ᱡᱟᱦᱟᱸᱱ ""ᱯᱨᱚᱛᱤᱠᱨᱤᱭᱟ"" ᱮᱥᱮᱲ ᱵᱟᱹᱱᱩᱜᱽᱼᱟ, ᱟᱨ ᱱᱟᱦᱟᱜᱽ ᱚᱠᱛᱮᱨᱮᱚᱱᱟᱠᱩ ᱦᱚᱛᱮᱛᱮ ᱧᱮᱞᱚᱜᱽᱞᱮᱠᱟᱛᱮ ᱵᱟᱝ ᱜᱚᱵᱚᱞᱚᱜᱽᱼᱟ (ᱵᱚᱨᱚᱝ ᱞᱟᱦᱟᱨᱮ ᱚᱱᱟᱠᱩ ᱠᱷᱚᱱ ᱯᱟᱥᱱᱟᱜᱽ ᱠᱷᱮᱛᱨᱚᱨᱮ ᱵᱚᱫᱚᱞᱠᱩ ᱢᱩᱫᱨᱮ ᱚᱱᱩᱠᱨᱚᱢ ᱠᱷᱚᱱ ᱫᱚᱥᱟᱨᱞᱮᱠᱟᱛᱮ ᱚᱱᱟ ᱫᱚ ᱥᱤᱨᱡᱟᱹᱜᱽᱼᱟ) ᱢᱮᱱᱛᱮ ᱵᱤᱡᱞᱤᱪᱟᱞᱟᱜᱽ ᱟᱟᱨ ᱟᱫᱷᱟᱱ (ᱢᱩᱞ) ᱠᱷᱚᱱ ᱟᱭᱢᱟ ᱥᱟᱹᱜᱤᱧ ᱡᱟᱦᱟᱸᱱ ᱛᱚᱲᱤᱛᱼᱪᱩᱢᱵᱚᱠᱤᱭᱚ ᱠᱷᱮᱛᱨᱚ ᱜᱤ ᱛᱚᱲᱤᱛᱼᱪᱩᱢᱵᱚᱠᱤᱭᱚ ᱵᱤᱠᱤᱨᱚᱱ (ᱤᱮᱢᱟᱨ) ᱠᱩ ᱢᱮᱱᱼᱟ ᱾"
1611,"जैसा कि ऊपर बताया गया है, अधिकांश डी. एन. एन. ए.","ᱪᱮᱛᱟᱱ ᱨᱮ ᱩᱫᱩᱜᱥᱚᱫᱚᱨ ᱞᱮᱠᱟᱛᱮ, ᱟᱹᱰᱤᱜᱟᱱ ᱰᱤᱹᱮᱱᱹᱮ ᱚᱱᱩ ᱜᱮ ᱦᱩᱭᱩᱜ ᱠᱟᱱᱟ ᱵᱮᱼᱥᱚᱝᱡᱳᱡᱚᱜ ᱡᱚᱯᱲᱟᱣ ᱨᱮ ᱯᱮᱴᱮᱨ ᱠᱟᱭᱫᱟ ᱛᱮ ᱢᱤᱫᱥᱟᱶᱛᱮ ᱛᱟᱦᱮᱸᱟᱠᱟᱱ ᱯᱚᱞᱤᱢᱟᱨ ᱨᱮᱭᱟᱜ ᱵᱟᱨᱭᱟ ᱥᱩᱛᱨᱚ; ᱰᱷᱮᱨᱠᱟᱭᱛᱮ ᱴᱚᱴᱷᱟ ᱨᱮ, ᱡᱤ ᱟᱨ ᱥᱤ ᱤᱥᱴᱮᱠ ᱨᱮᱭᱟᱜ ᱠᱷᱮᱛᱨᱚ ᱨᱮ ᱡᱚᱛᱚᱠᱷᱚᱱ ᱫᱟᱲᱮᱭᱟᱱ ᱱᱚᱶᱟ ᱵᱷᱤᱛᱟᱹᱨᱥᱩᱛᱨᱚ ᱵᱮᱥ ᱥᱴᱟᱠᱤᱝ ᱢᱤᱫᱦᱚᱲ ᱠᱷᱚᱱ ᱟᱨ ᱢᱤᱫᱦᱚᱲ ᱡᱳᱜᱟᱡᱳᱜ ᱫᱟᱨᱟᱭ ᱛᱮ ᱱᱚᱶᱟ ᱵᱟᱨᱼᱥᱩᱛᱨᱚᱠ ᱜᱚᱴᱷᱚᱱ ᱫᱚ ᱨᱩᱠᱷᱭᱟᱜ ᱛᱟᱦᱮᱸᱫ ᱾"
1612,उसने सबसे पहले देखा कि समुद्र के तापमान के तापमान में बढ़ोतरी होने की दर बहुत कम है ।,"ᱠᱨᱟᱱᱛᱤᱭᱚ ᱦᱚᱭᱫᱟᱜ ᱯᱷᱮᱰᱟᱛ ᱵᱟᱨᱮᱛᱮ ᱩᱱᱤᱭᱟᱜ ᱠᱷᱚᱫᱽᱨᱚᱸᱱ ᱚᱡᱮᱞᱮᱠᱟᱛᱮ, ᱯᱩᱭᱞᱩ ᱫᱚ ᱩᱱᱤ ᱥᱟᱹᱢᱩᱫᱽ ᱞᱟᱛᱟᱨ ᱠᱷᱚᱱ ᱪᱮᱛᱟᱱ ᱰᱷᱮᱨᱚᱜ ᱥᱟᱶᱛᱮ ᱜᱚᱲ ᱞᱚᱞᱚᱥᱚᱝ ᱦᱟᱹᱱ ᱨᱮᱭᱟᱜ ᱦᱟᱨᱫᱚ ᱛᱩᱝᱠᱷᱤ ᱠᱟᱛᱮ ᱧᱮᱞ ᱞᱮᱠᱷᱟᱱ, ᱡᱟᱦᱟᱸ ᱠᱷᱟᱹᱛᱤᱨ, ᱪᱮᱛᱟᱱ ᱚᱠᱷᱟᱝᱥᱚ ᱨᱮᱭᱟᱜ ᱦᱚᱭᱢᱟᱱᱰᱮᱨ ᱡᱷᱧᱡᱚ ᱥᱟᱢᱲᱟᱣ ᱟᱹᱰᱤ ᱟᱸᱡᱷᱟᱴ ᱱᱮᱭᱚᱢ ᱛᱩᱱᱠᱷᱤᱛᱚᱞᱟᱥ ᱡᱚᱛᱚ ᱠᱷᱚᱱ ᱥᱩᱛᱨᱚ ᱨᱮᱭᱟᱜ ᱛᱚᱞᱟᱥ ᱧᱟᱢᱚᱜᱼᱟ ᱾"
1613,"इसके अलावा, सन्‌ 1984 में, अमरीका के एक अखबार ने कहा कि कार्बन डाइऑक्साइड के गुच्छे पहले से ही मिले थे ।","ᱞᱮᱡᱟᱨ ᱫᱟᱨᱟᱭ ᱛᱮ ᱜᱨᱟᱯᱷᱟᱭᱤᱴ ᱫᱚ ᱵᱷᱟᱯᱟᱝ ᱠᱟᱛᱮ ᱚᱱᱟ ᱵᱷᱟᱯ ᱫᱚ ᱢᱤᱫ ᱦᱤᱞᱤᱭᱟᱢ ᱦᱚᱭᱢᱟᱱᱰᱮᱨ ᱨᱮ ᱨᱮᱭᱟᱲ ᱞᱟᱹᱜᱤᱫ ᱵᱤᱰᱟᱹᱣ, ᱑᱙᱘᱔ ᱨᱮ ᱯᱩᱭᱞᱩ ᱠᱟᱨᱵᱚᱱ ᱨᱮᱭᱟᱜ ᱜᱚᱪᱷᱟ ᱛᱩᱱᱠᱷᱤ ᱠᱟᱛᱮ ᱮᱨᱤᱠ ᱮᱹ ᱨᱚᱞᱯᱷᱤᱝ, ᱰᱳᱱᱟᱞᱴ ᱮᱢᱹ ᱠᱚᱥᱠ ᱟᱨ ᱮᱱᱰᱨᱩ ᱠᱮᱞᱰᱚᱨ ᱾"
1614,"एक एल्गोरिथ्म की जटिलता को निर्धारित करने का अर्थ है उच्च सीमाएँ खोजना या अनुमान लगाना कि कितने प्राथमिक ऑपरेशनों, जैसे कि कैंचियों के योग और गुणा, कुछ एल्गोरिथ्म करने के लिए आवश्यक हैं, उदाहरण के लिए, पूंजीवाद के गुणन.","ᱮᱞᱠᱷᱟ ᱯᱟᱹᱱᱟᱹᱨᱥᱤ ᱠᱮᱴᱮᱡ ᱵᱩᱡᱷᱟᱣ ᱢᱚᱱᱮ ᱪᱮᱛᱟᱱᱨᱮ ᱥᱤᱢᱟᱹ ᱜᱚᱴᱟ ᱵᱩᱴᱟᱹᱨᱮ ᱟᱨ ᱛᱤᱱᱟᱜᱜᱟᱱ ᱟᱞᱜᱟ ᱠᱟᱹᱢᱤ ᱨᱮᱭᱟᱜ ᱞᱮᱠᱷᱟ ᱦᱩᱭᱩᱜᱼᱟ, ᱡᱮᱞᱮᱠᱟ ᱥᱠᱮᱞᱟᱨ ᱥᱮᱞᱮᱫ ᱜᱟᱵᱟᱲ ᱫᱟᱹᱭᱠᱟᱹᱞᱮᱠᱟᱛᱮ ᱠᱟᱹᱴᱤᱪ ᱠᱟᱹᱴᱤᱪ ᱮᱞᱠᱷᱟ ᱯᱟᱹᱱᱟᱹᱨᱥᱤ ᱠᱷᱮᱛᱨᱚᱨᱮ ᱢᱮᱴᱨᱤᱠᱥᱮᱨ ᱜᱟᱵᱟᱲ ᱦᱩᱭᱩᱜ ᱠᱟᱹᱠᱛᱤ ᱠᱟᱱᱟ।"
1615,"इस समय के दौरान, ब्रिटिश लोग बंगाल के गवर्नरों के साथ संघर्ष में आए।","ᱱᱤᱭᱟᱹ ᱚᱠᱛᱚ, ᱵᱟᱝᱞᱟ ᱨᱮ ᱢᱩᱜᱷᱚᱞ ᱯᱚᱱᱚᱛ ᱜᱚᱝᱠᱮ ᱥᱟᱶ ᱞᱟᱹᱲᱦᱟᱹᱭ ᱨᱮᱭ ᱡᱚᱯᱲᱟᱣ ᱞᱮᱱᱟᱭ ᱤᱝᱨᱮᱡ ᱥᱟᱶ᱾"
1616,"पहले लंबे अरसे से चल रहे ऑडियो ट्रांसमिट्स में सन 1906 में Ransenenen, एक एलैक्ज़ैंडर से एक सतत लहर सीधे एक पानी के माध्यम से संदेश भेजने के लिए चर रही थी।","᱑᱙᱐᱖ ᱥᱟᱹᱦᱤᱛ ᱨᱮ ᱨᱮᱡᱤᱱᱟᱞ ᱯᱷᱚᱥᱮᱱᱰᱮᱱ ᱫᱟᱨᱟᱭ ᱛᱮ ᱯᱩᱭᱞᱩ ᱥᱟᱸᱜᱤᱧ ᱚᱰᱤᱭᱳ, ᱟᱞᱮᱠᱡᱟᱱᱰᱟᱨᱥᱚᱱ ᱚᱞᱴᱟᱨᱱᱮᱴᱚᱨ ᱠᱷᱚᱱ ᱢᱤᱫᱴᱟᱝ ᱢᱤᱫᱞᱮᱛᱟᱲ ᱞᱤᱸᱜᱤᱱ ᱫᱟᱜ ᱨᱮ ᱨᱮᱭᱟᱲ ᱠᱚᱨᱟᱣ ᱠᱟᱨᱵᱚᱱ ᱢᱟᱭᱠᱨᱚᱯᱷᱚᱱ ᱛᱟᱞᱟᱛᱮ ᱥᱚᱨᱟᱥᱚᱨᱤ ᱠᱩᱞ ᱞᱟᱹᱜᱤᱫ ᱮᱱᱴᱮᱱᱟ ᱛᱮ ᱪᱟᱞᱟᱣ ᱦᱩᱭ ᱞᱮᱱᱟ ᱾"
1617,यह समझने में प्रशिक्षकों ने टीचरों की मदद की है कि कौन - सी जानकारी विद्यार्थियों को परेशान कर रही है ।,"ᱞᱟᱜᱟᱱᱠᱟᱹᱨᱤ ᱢᱟᱪᱮᱫᱠᱩᱭ ᱜᱚᱲᱚᱣᱟᱠᱩᱼᱟ ᱟᱨᱦᱚᱸ ᱵᱷᱟᱜᱤ ᱵᱤᱰᱟᱹᱣ ᱥᱟᱠᱟᱢ ᱵᱮᱱᱟᱣ ᱞᱟᱹᱜᱤᱫᱛᱮ, ᱡᱟᱦᱟᱸᱛᱮ ᱫᱚ ᱵᱟᱰᱟᱭᱚᱜᱼᱟ ᱡᱮ, ᱡᱟᱦᱟᱸᱭ ᱯᱟᱹᱴᱷᱣᱟᱹᱠᱩᱣᱟᱜ ᱥᱤᱠᱷᱱᱟᱹᱛ ᱫᱩᱨᱤᱵ ᱱᱤᱭᱟᱹ ᱚᱥᱩᱵᱤᱫᱷᱟ ᱦᱩᱭᱩᱜᱠᱟᱱ ᱛᱟᱦᱮᱸ ᱩᱝᱠᱩᱣᱟᱜ ᱟᱱᱟᱴ ᱫᱚ ᱚᱠᱟᱨᱮ ᱾"
1618,"यह एक कोशिका है जो अपने आप को एक संकेत भेजता है कि एक अणु को गुप्त करके, जो अपनी सतह पर एक कवर बाँधता है, अपने आप को एक संकेत भेजता है ।",ᱟᱭᱴᱳᱠᱨᱟᱭᱤᱱ ᱦᱩᱭᱩᱜ ᱠᱟᱱᱟ ᱢᱤᱫᱴᱟᱝ ᱠᱳᱥ ᱡᱟᱦᱟᱸ ᱢᱤᱫᱴᱟᱝ ᱚᱱᱩ ᱩᱰᱩᱜ ᱠᱟᱛᱮ ᱱᱤᱡᱮᱜᱮ ᱪᱤᱱᱦᱟᱹᱭ ᱠᱩᱞᱟ ᱡᱟᱦᱟᱸ ᱩᱱᱤᱭᱟᱜ ᱫᱮᱭᱟ ᱪᱮᱛᱟᱱ ᱨᱮ ᱨᱤᱥᱮᱯᱴᱚᱨ ᱥᱟᱶᱛᱮ ᱵᱚᱱᱫᱷᱚᱠ ᱛᱟᱦᱮᱸᱱᱟ ᱾
1619,"पोईच और एमरल के क्षेत्रों में विद्रोह के बाद और पाकिस्तान ने कप्पल पिंगेज के मध्य हस्तक्षेप के बाद, माजा ने भारतीय सैन्य सहायता के लिए निवेदन किया।","ᱯᱩᱧᱪᱚ ᱟᱨ ᱢᱤᱨᱯᱩᱨ ᱴᱚᱴᱷᱟ ᱨᱮ ᱞᱟᱹᱲᱦᱟᱹᱭ ᱠᱚ ᱟᱨ ᱯᱟᱠᱤᱥᱛᱟᱱᱼᱜᱚᱲᱚᱟᱭ ᱠᱷᱟᱭᱵᱟᱨ ᱯᱟᱠᱷᱛᱩᱱᱠᱷᱳᱣᱟᱨ ᱯᱟᱥᱛᱩᱱ ᱪᱟᱸᱜᱟᱡᱟᱹᱛᱤᱭᱟᱹᱨᱤ ᱦᱚᱥᱛᱚᱠᱷᱮᱯ ᱛᱟᱭᱚᱢ, ᱵᱷᱟᱨᱚᱛ ᱨᱮᱱ ᱯᱷᱟᱹᱫ ᱟᱜ ᱜᱚᱲᱚ ᱱᱮᱦᱚᱨ ᱞᱮᱫᱟᱭ ᱢᱚᱦᱟᱨᱟᱡᱟ।"
1620,"या क्या आपने एक विचारात्मक निर्णय लिया है कि टैम्प्लेट नहीं है, या क्या अब लागू नहीं है?","ᱥᱮ ᱪᱮᱫ ᱟᱢ ᱢᱤᱫᱴᱟᱝ ᱩᱭᱦᱟᱹᱨ ᱜᱚᱴᱟᱵᱩᱴᱟᱹ ᱵᱟᱨᱮᱛᱮ ᱜᱚᱴᱟ ᱟᱠᱟᱫᱟᱢ ᱡᱮ ᱴᱮᱢᱯᱞᱮᱴ ᱫᱚ ᱞᱟᱹᱠᱛᱤᱭᱟᱱ, ᱵᱟᱝᱠᱷᱟᱱ ᱟᱨ ᱵᱟᱝ ᱞᱟᱹᱠᱛᱤᱭᱟᱱ ?"
1621,"अगर गेहूँ की फसल की फसल काट दी जाती है, तो अगले साल हम गेहूँ की तरह अलग - अलग किस्म के बीज बो सकते हैं, जो अलग - अलग किस्म के होते हैं ।","ᱡᱚᱫᱤ ᱡᱟᱦᱟᱸᱱ ᱜᱩᱦᱩᱢ ᱟᱨᱡᱟᱣᱫᱩᱨᱤᱵᱽ ᱛᱤᱡᱩ ᱛᱮ ᱱᱚᱥᱴᱚᱜᱼᱟ, ᱫᱚᱥᱟᱨ ᱥᱮᱨᱢᱟ ᱟᱞᱮᱭᱟᱜ ᱵᱷᱤᱛᱟᱹᱨ ᱴᱷᱤᱠᱟᱹᱱ ᱱᱟᱱᱟᱦᱩᱱᱟᱹᱨ ᱪᱮᱛᱟᱱ ᱴᱮᱦᱟᱸᱴ ᱠᱟᱛᱮ ᱟᱨᱦᱚᱸ ᱠᱮᱴᱮᱡ ᱡᱟᱹᱛ ᱨᱮᱭᱟᱜ ᱜᱩᱦᱩᱢ ᱨᱚᱦᱚᱭ ᱦᱩᱭᱩᱜᱼᱟ ᱾"
1622,"यह क्षेत्र सन्‌ 1971 में फलने - फूलने लगा, जब स्टीफन कुक और लीडली लेवी ने उन समस्याओं के अस्तित्व को साबित किया जो एन - पूर्ण थे ।","᱑᱙᱗᱑ ᱥᱟᱞᱨᱮ ᱱᱤᱭᱟᱹ ᱠᱷᱮᱛᱨᱚᱴᱟᱜ ᱩᱛᱷᱱᱟᱹᱣ ᱨᱟᱠᱟᱵ ᱮᱛᱚᱦᱚᱯᱠᱟᱛᱮ ᱡᱚᱠᱷᱚᱱ ᱥᱴᱤᱯᱷᱮᱱ ᱠᱩᱠ ᱟᱨ ᱞᱤᱭᱳᱱᱤᱰ ᱞᱮᱵᱷᱤᱱ ᱫᱚ ᱯᱨᱟᱥᱚᱝᱜᱤᱠ ᱟᱱᱟᱴ, ᱡᱟᱦᱟᱸ ᱫᱚ ᱮᱱᱹᱯᱤ ᱛᱮ ᱯᱮᱨᱮᱡᱽ ᱛᱟᱦᱮᱸᱠᱟᱱᱟ, ᱚᱱᱟ ᱨᱮᱭᱟᱜ ᱢᱮᱱᱮᱫᱽᱼᱮ ᱥᱟᱵᱤᱫᱽᱞᱮᱫᱟᱭ ᱾"
1623,"मध्य मध्य युग के मध्य में, एक सरल केंद्रीय केंद्र था जो भट्टी के कमरे से लेकर कुछ जगहों में रोम का जादू - टोने की जगह ले रहा था ।",ᱥᱮᱫᱟᱭ ᱛᱟᱞᱢᱟ ᱡᱩᱜᱨᱮ ᱟᱞᱯᱟᱭᱱ ᱩᱥᱩᱞᱵᱩᱨᱩᱨᱮ ᱠᱤᱪᱦ ᱡᱟᱜᱟ ᱪᱩᱞᱦᱟᱹ ᱠᱷᱚᱸᱫᱨᱚᱝ ᱠᱷᱚᱱ ᱪᱟᱛᱟᱞ ᱞᱟᱛᱟᱨ ᱥᱚᱲᱚᱠ ᱥᱮᱪ ᱟᱹᱛᱩᱜ ᱢᱤᱫᱴᱟᱝ ᱟᱞᱜᱟᱞᱮᱠᱟᱱ ᱛᱟᱞᱢᱟ ᱞᱚᱞᱚᱥᱝ ᱵᱚᱱᱫᱮᱡ ᱨᱳᱢᱟᱱ ᱦᱟᱭᱯᱳᱠᱥᱴ ᱛᱷᱟᱯᱚᱱ ᱫᱚᱲᱦᱟ ᱞᱮᱫᱟᱠᱚ᱾
1624,वे मुख्य रूप से उच्च-छोड़ ऑडियो शक्ति में उपयोग किया जाता है।,"ᱩᱝᱠᱩ ᱫᱚ ᱢᱩᱲᱩᱛᱞᱮᱠᱟᱛᱮ ᱒ᱡᱤ, ᱓ᱡᱤ, ᱟᱨ ᱔ᱡᱤ ᱵᱮᱛᱟᱨ ᱥᱮᱞᱩᱞᱟᱨ ᱱᱮᱴᱳᱣᱟᱨᱠᱨᱮ ᱫᱟᱹᱢᱤ ᱚᱰᱤᱭᱳ ᱯᱟᱣᱟᱨ ᱯᱚᱨᱤᱵᱚᱨᱫᱷᱚᱠ ᱟᱨ ᱟᱨᱹᱮᱯᱷ ᱯᱟᱣᱟᱨ ᱯᱚᱨᱤᱵᱚᱨᱫᱷᱚᱠᱨᱮ ᱵᱮᱵᱚᱦᱟᱨᱚᱜᱼᱟ ᱾"
1625,"आमतौर पर प्लास्टिक की फिल्म के बड़े - बड़े आकार होते हैं, क्योंकि इन्हें कम खर्चों में अधिकतम रेटिंग दी जाती है और शायद खुद को आत्म - सम्मान और दुःख दिया जा सकता है ।","ᱢᱩᱲᱩᱫ ᱯᱷᱤᱞᱴᱟᱨ ᱠᱮᱯᱟᱥᱤᱴᱟᱨ ᱥᱟᱫᱷᱟᱨᱚᱱ ᱜᱷᱟᱣ ᱪᱮᱛᱟᱱ ᱡᱟᱦᱟᱸ ᱞᱮᱠᱟᱱ ᱯᱞᱟᱥᱴᱤᱠ ᱯᱷᱤᱞᱤᱢ ᱞᱟᱜᱟᱣ ᱛᱟᱦᱮᱸᱱ ᱚᱱᱟᱨᱮ ᱯᱚᱴᱚᱢ ᱛᱟᱦᱮᱸᱱ, ᱠᱟᱨᱚᱱ ᱫᱚ ᱱᱚᱶᱟ ᱠᱚ ᱠᱚᱢ ᱠᱷᱚᱨᱚᱪ ᱛᱮ ᱦᱟᱭ ᱵᱷᱚᱞᱴᱮᱡ ᱵᱤᱡᱞᱤ ᱮᱢ ᱠᱟᱛᱮ ᱟᱨ ᱦᱚᱭᱛᱚ ᱜᱟᱞᱟᱜᱼᱟ ᱟᱨ ᱟᱯᱱᱟᱨᱼᱱᱤᱨᱟᱢᱚᱭ ᱥᱟᱶᱛᱮ ᱵᱮᱱᱟᱣ ᱟᱠᱟᱱ ᱾"
1626,इस सेटिंग में पेश की गई समस्याओं के अध्ययनों को सीखने में बहु-संकृत सहायक.,ᱟᱭᱢᱟᱼᱢᱟᱲᱛᱮᱠᱚ ᱫᱟᱲᱮᱰᱷᱮᱨ ᱥᱮᱪᱮᱫ ᱱᱚᱶᱟ ᱞᱟᱭᱚᱝ ᱨᱮ ᱥᱮᱴᱮᱨᱟᱠᱟᱱ ᱮᱴᱠᱮᱴᱚᱬᱮ ᱠᱚ ᱯᱟᱲᱦᱟᱣ ᱞᱮᱫᱟᱠᱚ ᱾
1627,"यह DECEP, BEECH (प्रयोगी इंजीनियरिंग, M.TCYEEEECYEEECYEECYEEEEECYES, पी.डी.डी.","ᱱᱚᱶᱟ ᱫᱚ ᱰᱤᱹᱤᱹᱯᱤᱹᱮᱢ, ᱵᱤᱹᱴᱮᱠ (ᱤᱞᱮᱠᱴᱨᱚᱱᱤᱠ ᱤᱧᱡᱤᱱᱤᱭᱟᱨᱤᱝ), ᱮᱢᱹᱴᱮᱠ (ᱤᱞᱮᱠᱴᱨᱚᱱᱤᱠ ᱰᱤᱡᱟᱭᱤᱱ ᱴᱮᱠᱱᱚᱞᱳᱡᱤ), ᱯᱤᱹᱮᱭᱤᱪᱹᱰᱤ ᱟᱨ ᱠᱚᱢᱢᱮᱭᱟᱫ ᱟᱱ ᱠᱳᱨᱥ ᱚᱯᱷᱟᱨ ᱞᱮᱫᱟᱭ ᱾"
1628,"उदाहरण के लिए, क्या जॉन पोलिंग पद 'काबिंग' या 'काइन्टिकीकरण' की परिभाषा है साइमन ब्लैकबर्न द्वारा प्रदान की गई परिभाषा और Jagon किन द्वारा प्रदान की गई परिभाषा है: इस प्रकार की कमीवाद के एक प्रकार के कार्यक्रम की चिंता करता है जो तथ्य या अन्य तथ्यों के साथ किसी अन्य प्रकार के भाषण में शामिल है, इस प्रकार से उनके बीच एक संबंध प्रदान करता है.","ᱫᱟᱹᱭᱠᱟᱹᱞᱮᱠᱟᱛᱮ , ᱥᱟᱤᱢᱚᱱ ᱵᱞᱟᱠᱵᱟᱨᱱ ᱟᱨ ᱡᱮᱜᱣᱟᱱ ᱠᱤᱢ ᱦᱚᱛᱮᱛᱮ ᱮᱢᱟᱠᱟᱱ ᱦᱩᱸᱥᱸ ᱫᱚ ᱦᱩᱭᱩᱜ ᱠᱟᱱᱟ ᱡᱚᱱ ᱯᱚᱞᱠᱤᱝ ᱦᱚᱨᱱ ᱱᱚᱶᱟ ᱯᱟᱹᱱᱟᱹᱨᱥᱤ 'ᱩᱭᱦᱟᱹᱨᱞᱮᱠᱟᱱ' ᱟᱨᱵᱟᱝᱠᱷᱟᱱ 'ᱧᱡᱟᱱᱛᱟᱛᱛᱵᱤᱠ' ᱠᱷᱚᱱᱰᱛᱟᱵᱟᱫ ᱚᱱᱮ ᱞᱮᱠᱟᱱ ᱠᱷᱚᱱᱰᱛᱟᱵᱟᱫ ᱡᱟᱦᱟᱭ ᱢᱤᱫ ᱞᱮᱠᱟᱱ ᱚᱫᱷᱤᱵᱚᱪᱚᱱ ᱥᱟᱶ ᱡᱚᱯᱚᱲᱟᱣ ᱰᱚᱜᱚᱨ ᱟᱨ ᱵᱟᱝᱠᱷᱟᱱ ᱫᱷᱟᱨᱛᱤ ᱨᱮ ᱢᱮᱱᱟᱜ ᱮᱴᱟᱜ ᱞᱮᱠᱟᱱ ᱠᱷᱚᱱ ᱦᱟᱛᱟᱣ ᱟᱠᱟᱱ ᱮᱴᱟᱜ ᱰᱚᱜᱚᱨ ᱵᱟᱝᱠᱷᱟᱱ ᱫᱷᱟᱹᱨᱛᱤᱨᱮ ᱢᱮᱱᱟᱜ ᱫᱚᱲᱦᱟᱛᱮ ᱛᱷᱟᱯᱚᱱ ᱞᱟᱹᱜᱤᱫ ᱠᱟᱹᱢᱤ ᱦᱚᱨᱟ ᱥᱟᱶ ᱥᱟᱹᱜᱟᱹᱭ ᱦᱩᱭ ᱟᱠᱟᱱ ᱠᱷᱟᱹᱛᱤᱨ ᱩᱱᱠᱩ ᱢᱩᱫᱨᱮ ᱢᱤᱫᱴᱟᱝ ᱥᱟᱹᱜᱟᱹᱭ ᱛᱷᱟᱯᱚᱱ ᱟᱠᱟᱱᱟ᱾"
1629,बांग्लादेश में 74.7% की शिक्षा दर है 2019: 77.4% पुरुषों और 71 लड़कियों के लिए.9% है.,᱒᱐᱑᱙ᱼᱨᱮᱭᱟᱜ ᱦᱤᱥᱟᱹᱵᱞᱮᱠᱟᱛᱮ ᱵᱟᱝᱞᱟᱫᱮᱥ ᱨᱮᱭᱟᱜ ᱥᱮᱪᱮᱫ ᱦᱟᱨ ᱗᱔ᱹ᱗%; ᱠᱚᱲᱟ ᱦᱚᱯᱚᱱᱠᱩ ᱢᱩᱫᱨᱮ ᱗᱑ᱹ᱙% ᱟᱨ ᱛᱤᱨᱞᱟᱹᱠᱩ ᱢᱩᱫᱨᱮ ᱗᱗ᱹ᱘% ᱾
1630,"भारतीय अंकन पश्‍चिमी व्यवस्था के अनुरूप दस में से चौथी शक्‍ति के माध्यम से दस सौ, दस, और दस हजार के बीच है ।","ᱵᱷᱟᱨᱛᱤ ᱮᱞᱠᱷᱟ ᱵᱚᱱᱫᱮᱡ ᱯᱚᱪᱷᱤᱢ ᱫᱤᱥᱚᱢ ᱵᱚᱱᱫᱮᱡ ᱜᱮᱞᱨᱮ ᱯᱩᱱᱟᱜ ᱫᱟᱲᱮ ᱦᱩᱭ ᱞᱮᱱᱟ ᱥᱩᱱ ᱚᱱᱠᱟᱞᱮᱠᱟ ᱺ ᱢᱤᱫ , ᱜᱮᱞ, ᱢᱤᱫᱥᱟᱭ, ᱢᱤᱫ ᱜᱮ ᱥᱟᱭ, ᱟᱨ ᱜᱮᱞ ᱜᱮ ᱥᱟᱭ᱾"
1631,"BI-dedd इकाई एक बिल्ली के बिल्ली के कार्यों को मापने के लिए है, जो कि एक सेकंड में thatatate है.",ᱚᱱᱩᱜᱷᱚᱴᱚᱠ ᱦᱚᱨᱟ ᱵᱟᱵᱚᱫ ᱠᱟᱹᱢᱤᱦᱚᱨᱟ ᱡᱚᱠᱷᱟᱭ ᱞᱟᱹᱜᱤᱫ ᱮᱥᱹᱟᱭ ᱧᱟᱢᱟᱠᱟᱱ ᱮᱠᱚᱠ ᱠᱟᱛᱟᱞ ᱡᱟᱦᱟᱸᱨᱮ ᱞᱟᱹᱭᱟᱹᱜᱚᱜᱼᱟ ᱢᱳᱞ ᱯᱤᱪᱷᱟᱹ ᱴᱤᱯᱤᱡᱽᱨᱮ ᱾
1632,"यु. पूर्व रोमी साम्राज्य) को एक और नाम के तौर पर समझा जाता था, जिस ने जयिमिमिमिमिममेन के नाम की स्थापना की ।","ᱡᱟᱨᱯᱟᱣᱟᱱ ᱥᱮᱞᱩᱞᱳᱡᱽ ᱛᱩᱨᱠᱤᱠᱩ, ᱡᱟᱦᱟᱸᱭ ᱫᱚ ᱑᱐᱗᱗ᱼᱨᱮ ᱨᱟᱢ ᱥᱟᱞᱛᱟᱱᱮᱛᱼᱮ ᱛᱷᱟᱯᱚᱱᱞᱮᱫᱟ, ᱱᱤᱭᱟᱹ ᱵᱷᱤᱛᱨᱤ ᱨᱮᱭᱟᱜ ᱧᱩᱛᱩᱢ ᱫᱚ (ᱨᱩᱢᱟᱱᱟ ""ᱨᱳᱢᱟᱱᱠᱩᱣᱟᱜ ᱫᱤᱥᱟᱹᱢ,"" ᱡᱟᱦᱟᱸ ᱫᱚ ᱦᱩᱭᱩᱜᱽᱠᱟᱱᱟ ᱢᱟᱨᱮᱱ ᱨᱳᱢᱟᱱ ᱯᱚᱱᱚᱛ) ᱯᱚᱱᱚᱛ ᱮᱨᱭᱟᱜ ᱟᱨ ᱢᱤᱫ ᱧᱩᱛᱩᱢ ᱞᱮᱠᱟᱛᱮᱠᱩ ᱵᱷᱟᱹᱵᱤᱛᱠᱮᱫᱟ ᱾"
1633,"फिर भी, इटली में एक - दूसरे के बीच का भेद - भाव उस समय काम नहीं कर रहा था, और जॉर्ज600 इंजीनियरिंग मोड में था और वह काफ़ी संवेदनशील नहीं है, इसलिए यह संकेत की पुष्टि नहीं कर सकता था ।","ᱛᱚᱵᱮ, ᱚᱱᱟ ᱚᱠᱛᱚ ᱤᱛᱟᱞᱤ ᱠᱚᱱᱮᱨᱟᱥᱤ ᱤᱱᱴᱟᱨᱯᱷᱮᱨᱳᱢᱤᱴᱟᱨ ᱫᱚ ᱵᱟᱭ ᱠᱟᱹᱢᱤ ᱭᱮᱫ ᱛᱟᱦᱮᱸᱱᱟ, ᱟᱨ ᱡᱤᱣ ᱖᱐᱐ ᱤᱧᱡᱤᱱᱤᱭᱟᱨᱤᱝ ᱢᱩᱰᱨᱮᱭ ᱴᱟᱦᱮᱸᱠᱟᱱᱟ ᱟᱨ ᱡᱚᱛᱷᱟᱛ ᱟᱱᱟᱭᱠᱟᱣᱟᱱ ᱵᱟᱭ ᱛᱟᱦᱮᱸᱠᱟᱱᱟ, ᱚᱱᱟᱛᱮ ᱚᱱᱟ ᱪᱤᱱᱦᱟᱹ ᱵᱟᱭ ᱜᱚᱴᱟ ᱵᱩᱴᱟ ᱞᱮᱫᱟ᱾"
1634,ये शरणार्थी लहरों में पहुँचे और केवल विभाजन के समय ही नहीं आए ।,"ᱱᱩᱝᱠᱩ ᱦᱮᱡᱽᱪᱟ ᱦᱚᱲ ᱫᱚ ᱜᱟᱫᱮᱞ ᱜᱟᱫᱮᱞ ᱦᱮᱡᱽᱟᱛᱮ ᱠᱩ ᱥᱮᱴᱮᱨᱮᱱᱟ, ᱟᱨ ᱮᱠᱮᱱ ᱫᱤᱥᱟᱹᱢᱦᱟᱹᱴᱤᱧ ᱚᱠᱛᱚᱨᱮᱜᱤ ᱫᱚ ᱱᱩᱝᱠᱩ ᱵᱟᱝᱠᱩ ᱦᱮᱡᱲᱟᱠᱟᱱᱟ ᱾"
1635,"यह लाइब्रेरी वांछित लक्ष्य अनुक्रम के विरूद्ध चुना जा सकता है, जो कि रपटर जीन निर्माण के मध्य क्षेत्र में प्रविष्ट किया गया है.",ᱱᱤᱭᱟᱹ ᱞᱟᱭᱵᱨᱮᱨᱤᱴᱟᱜ ᱫᱚ ᱠᱩᱥᱤᱭᱟᱜ ᱴᱷᱟᱹᱣᱠᱟᱹ ᱛᱩᱝᱜᱤᱛᱷᱟᱨ ᱵᱟᱫᱠᱟᱛᱮᱜᱤ ᱵᱟᱪᱷᱟᱣᱞᱮᱱᱟ ᱡᱟᱦᱟᱸ ᱫᱚ ᱨᱤᱯᱳᱴᱟᱨ ᱡᱤᱱ ᱜᱚᱲᱦᱚᱱᱟᱜ ᱯᱚᱨᱛᱚᱱᱤᱡᱽ ᱴᱷᱟᱣᱨᱮ ᱟᱫᱮᱨ ᱦᱩᱭᱞᱮᱱᱟ ᱾
1636,"हाल के मौसम में, चार बच्चों में एक - दूसरे के साथ वक्‍त बिताने का चलन होता है ।","ᱢᱤᱭᱴᱮᱨᱳᱴᱮᱥᱚᱱ ᱧᱩᱛᱩᱢ ᱦᱚᱨᱟ ᱨᱮ, ᱴᱟᱲᱟᱝ ᱟᱹᱭᱩᱢᱟᱹᱱ ᱥᱟᱫᱷᱟᱨᱚᱱ ᱞᱮᱠᱟᱛᱮ ᱞᱚᱞᱚᱥᱚᱝ ᱫᱨᱚᱵᱚᱱ ᱨᱮ ᱯᱩᱱᱭᱟ ᱪᱚᱠᱨᱤᱭᱚ ᱟᱭᱥᱳᱢᱟᱨᱮᱨ ᱵᱷᱤᱛᱟᱹᱨ ᱵᱚᱱᱚᱫᱚᱞ ᱜᱷᱚᱴᱟᱣ ᱞᱮᱱᱟ।"
1637,यह अर्थ एक भिन्‍न वर्तमान रूपांतरणक है जो चारों ओर फैला हुआ है (लेकिन यह बिजली - मुक्‍त नहीं है) जीवित और निष्पक्ष ओवरसियर ।,ᱥᱮᱱᱥ ᱠᱚᱭᱮᱞ ᱫᱚ ᱢᱤᱫᱴᱟᱝ ᱮᱴᱟᱜᱞᱮᱠᱟ ᱵᱤᱡᱞᱤ ᱴᱨᱟᱱᱥᱯᱷᱚᱨᱢᱟ ᱠᱟᱱᱟ ᱡᱟᱦᱟᱸ ᱫᱚ ᱡᱤᱭᱟᱹᱲ ᱟᱨ ᱠᱚᱢᱚᱜ ᱠᱚᱱᱰᱟᱠᱴᱚᱨ ᱮᱥᱮᱫᱠᱟᱛᱮᱭ ᱛᱟᱦᱮᱸᱱᱟ (ᱢᱮᱱᱠᱷᱟᱱ ᱵᱤᱡᱞᱤᱛᱮᱱᱟᱜ ᱞᱮᱠᱟᱛᱮ ᱫᱚ ᱵᱟᱝ ᱡᱚᱲᱟᱣ ᱛᱟᱦᱮᱸᱱᱟ) ᱾
1638,"एक पत्ते के टाइटन मिगल में, लगभग इंच से पैरामा कोशिकाओं के बीच बड़े पैमाने पर शाखा दफ्तर के लिए व्यवस्थित रूप से व्यवस्थित किया गया और उपभोग के साथ, अपने पड़ोसियों के साथ मिलकर एक-दूसरे से जुड़े हुए एक-दूसरे के साथ मिलकर एक-दूसरे से जुड़ गए एक-दूसरे से जुड़ गए, जैसे कि गुर्दे के तीन-छोटे परदे में लाल होते हैं और मुझे अन्य प्रकार के होते हैं।","ᱢᱤᱫᱴᱟᱝ ᱥᱟᱠᱟᱢ ᱨᱮᱭᱟᱜ ᱵᱷᱩᱜᱟᱹᱜᱯᱮᱨᱮᱡᱽ ᱞᱟᱹᱵᱤᱫᱽ ᱢᱮᱥᱳᱯᱷᱤᱞᱼᱨᱮ ᱯᱮᱨᱮᱱᱠᱟᱭᱢᱟ ᱠᱳᱥᱠᱩ ᱫᱚ ᱡᱤᱞᱤᱧ ᱟᱱᱛᱚᱠᱳᱥᱟᱱ ᱯᱷᱟᱨᱟᱠ ᱥᱟᱶ ᱯᱨᱟᱭᱼᱜᱩᱞᱟᱹᱴ ᱟᱨ ᱦᱟᱸᱰᱮᱱᱟᱸᱰᱮ ᱪᱷᱤᱴᱭᱟᱹᱣ ᱠᱷᱚᱱ ᱪᱟᱸᱲᱮᱭᱟᱱᱟᱜ ᱥᱮ ᱤᱯᱤᱞᱞᱮᱠᱟ ᱦᱚᱸ ᱦᱩᱭ ᱫᱟᱲᱮᱭᱟᱜᱼᱟ, ᱟᱨᱟᱜᱽᱼᱢᱟᱞᱦᱟᱱ ᱡᱚ, ᱯᱷᱟᱥᱤᱚᱞᱟᱥ ᱵᱷᱟᱞᱜᱟᱨᱤᱥ ᱟᱨ ᱮᱴᱟᱜ ᱢᱮᱥᱳᱯᱷᱟᱭᱤᱴ ᱨᱮᱭᱟᱜ ᱞᱮᱠᱟ ᱢᱤᱫᱴᱟᱝ ᱯᱮᱱᱮᱢᱟᱛᱨᱟ ᱚᱱᱛᱚᱨᱡᱟᱞ ᱜᱚᱲᱦᱚᱱ ᱞᱟᱹᱜᱤᱫ ᱥᱚᱯᱚ ᱨᱮᱭᱟᱜ ᱢᱩᱪᱟᱹᱫᱽᱱᱟᱠᱷᱟ ᱨᱮ ᱩᱝᱠᱩᱨᱮᱱ ᱟᱰᱮᱯᱟᱥᱮᱨᱮᱱ ᱥᱟᱶ ᱢᱤᱫᱮᱴᱟᱜᱤᱡᱽ ᱟᱠᱩᱟᱠᱩᱨᱮᱠᱩ ᱡᱚᱯᱚᱲᱟᱣᱟᱠᱟᱱᱟ ᱾"
1639,"हालाँकि थॉमस प्रीस्टन्सन (जो अपने प्रारंभिक गति के बाद) फिर से आता है, वह केवल सहज प्रभाव में होता है, इसलिए यह किसी बाहरी शक्‍ति का स्वतंत्र रूप से देखा नहीं जा सकता, जैसे कि एक चयनात्मक क्षेत्र, क्षेत्र, या प्रवचन - शक्‍ति द्वारा उत्पन्‍न होता है, तो थॉमस सो अकसर प्रभावशाली प्रभावों के साथ होता है ।","ᱴᱚᱢᱟᱥ ᱯᱨᱮᱥᱤᱥᱟᱱ(ᱢᱤᱫᱴᱟᱝ ᱪᱟᱞᱟᱜ ᱰᱟᱦᱟᱨ ᱛᱟᱭᱚᱢ ᱩᱱᱤ ᱯᱳᱭᱞᱳ ᱨᱮᱥᱛᱮ ᱨᱩᱭᱟᱹᱲ ᱦᱟᱹᱡᱩᱜ ᱜᱚᱛᱟ ᱯᱟᱞᱴᱟᱣ) ᱢᱤᱫᱴᱟᱝ ᱱᱤᱠᱷᱟᱫ ᱨᱮᱥ ᱵᱟᱵᱚᱫ ᱮᱥᱮᱨ ᱦᱩᱭᱩᱜ ᱠᱟᱱᱟ ᱱᱤᱭᱟ ᱠᱷᱟᱹᱞᱤ ᱵᱚᱠᱨᱨᱳᱠᱷᱤᱠ ᱪᱟᱞᱟᱜ ᱥᱟᱯᱲᱟᱣ ᱟᱠᱟᱱᱟ ᱟᱨ ᱚᱱᱟ ᱛᱮ ᱚᱠᱟ ᱠᱟᱨᱮᱱᱼ ᱪᱟᱢᱵᱩᱠ ᱵᱩᱱᱤᱭᱟᱹᱫᱽ, ᱳᱭᱟᱝᱨᱮᱫ ᱵᱩᱱᱤᱭᱟᱹᱫᱽ ᱵᱟᱝᱠᱷᱟᱱ ᱚᱠᱟ ᱡᱚᱱᱛᱨ ᱵᱚᱞ ᱞᱮᱠᱟ ᱱᱤᱭᱟᱹ ᱵᱚᱠᱨᱨᱳᱠᱷᱤᱠ ᱪᱚᱞᱚᱱ ᱜᱷᱚᱴᱟᱣ ᱵᱟᱨᱦᱮᱨᱮ ᱚᱠᱟ ᱵᱚᱞ ᱪᱷᱟᱰᱟ ᱮᱴᱟᱜ ᱞᱮᱠᱟᱛᱮ ᱛᱩᱝᱠᱷᱤ ᱯᱟᱸᱡᱟ ᱵᱟᱝ ᱦᱩᱭ ᱟᱠᱟᱱᱟ, ᱚᱱᱟᱛᱮ ᱴᱚᱢᱟᱥ ᱞᱟᱦᱟᱛᱮ ᱥᱟᱫᱷᱟᱨᱚᱱ ᱪᱟᱞᱟᱜ ᱠᱟᱱ ᱮᱥᱮᱨ ᱢᱤᱫ ᱥᱟᱣ ᱛᱮ ᱢᱟᱱᱟᱜᱼᱟ᱾।"
1640,"एक पारंपरिक दीपक के बिलकुल विपरीत, एक LED केवल तब होगा जब विपत्ती को आगे की दिशा में लागू किया जाता है ।","ᱪᱚᱞ ᱦᱮᱡᱽ ᱟᱠᱟᱱ ᱢᱟᱨᱥᱟᱞ ᱵᱟᱹᱛᱤ ᱩᱞᱴᱟᱹ ᱥᱮᱡᱽ, ᱢᱤᱫᱴᱟᱝ ᱮᱞᱤᱰᱤ ᱩᱱᱜᱮ ᱡᱩᱞᱩᱜᱼᱟ ᱡᱚᱠᱷᱚᱱ ᱰᱟᱭᱳᱰ ᱨᱮᱭᱟᱜ ᱥᱟᱢᱟᱝ ᱥᱮᱡᱽᱨᱮ ᱵᱷᱚᱴᱮᱡᱽ ᱮᱢ ᱦᱩᱭᱩᱜᱼᱟ ᱾"
1641,"दो छपाई, जिनमें से हर एक या तो दाएँ या बाएँ आँख के दृश्‍य को लेकर जाना पड़ता था, उसे एक बाहरी स्ट्यून मोटर का प्रयोग करना था ।","ᱵᱟᱨᱭᱟ ᱯᱨᱤᱱᱴ, ᱢᱤᱢᱤᱫᱜᱚᱴᱮᱡᱽ ᱦᱩᱭᱫᱟᱲᱤᱭᱟᱜᱼᱟ ᱮᱛᱚᱢᱥᱮᱡᱽ ᱥᱮ ᱠᱚᱸᱭᱮᱥᱮᱡᱽ ᱢᱮᱫᱽᱮ ᱤᱫᱤᱭᱟ, ᱯᱨᱚᱡᱮᱠᱥᱚᱱ ᱠᱚᱨᱟᱣ ᱚᱠᱛᱮ ᱢᱤᱫᱴᱟᱝ ᱵᱟᱨᱦᱮ ᱥᱮᱞᱥᱤᱱ ᱢᱳᱴᱚᱨ ᱵᱮᱵᱚᱦᱟᱨᱠᱟᱛᱮ ᱛᱩᱞᱟᱹᱡᱚᱠᱷᱟ ᱫᱚᱦᱚᱭ ᱦᱩᱭᱩᱜᱼᱟ ᱾"
1642,"जब मशीन सीखने की तकनीक को शुरू - शुरू में नए अनुप्रयोगों या उद्योग में इस्तेमाल किया जाता है, तब अकसर पारंपरिक प्रक्रियाओं को लागू करने के लिए पर्याप्त प्रशिक्षण डेटा उपलब्ध नहीं होता ।",ᱱᱟᱣᱟ ᱮᱯᱞᱤᱠᱮᱥᱚᱱ ᱥᱮ ᱵᱤᱨᱤᱫᱠᱟᱨᱤ ᱠᱷᱮᱛᱨᱚᱨᱮ ᱮᱛᱚᱦᱚᱵᱞᱮᱠᱟᱛᱮ ᱡᱚᱠᱷᱚᱱ ᱢᱮᱥᱤᱱ ᱞᱟᱨᱱᱤᱝ ᱠᱟᱹᱨᱤ ᱵᱮᱵᱚᱦᱟᱨ ᱦᱩᱭᱞᱮᱱᱠᱷᱟᱱ ᱛᱚᱠᱷᱚᱱ ᱡᱟᱹᱥᱛᱤᱠᱟᱭ ᱚᱠᱛᱚᱜᱤ ᱵᱩᱱᱤᱭᱟᱹᱫᱤ ᱦᱚᱨᱟᱨᱮ ᱞᱟᱜᱟᱜᱽᱞᱮᱠᱟᱱ ᱡᱚᱛᱷᱟᱛ ᱥᱮᱪᱮᱫ ᱛᱮᱛᱮᱫ ᱵᱟᱝ ᱧᱟᱢᱚᱜᱠᱟᱱᱟ ᱾
1643,"एक बार तालीम दी जाती है, तो यह एक ऐसा आदर्श होता है, जो आम तौर पर कहे शब्दों का इस्तेमाल कर सकता है या फिर कुछ और शब्दों को दोहरा सकता है ।",ᱢᱤᱫᱽᱫᱷᱚᱢ ᱥᱮᱪᱮᱫ ᱟᱠᱟᱱ ᱛᱟᱭᱚᱢ ᱱᱚᱶᱟ ᱞᱮᱠᱟᱱ ᱢᱚᱰᱮᱞ ᱥᱚᱢᱟᱨᱛᱷᱚᱠ ᱥᱟᱵᱟᱫ ᱠᱚ ᱛᱩᱝᱠᱷ ᱫᱟᱲᱮᱭᱟᱜᱼᱟᱭ ᱥᱮ ᱛᱷᱚᱲᱟ ᱟᱹᱭᱟᱹᱛ ᱞᱟᱹᱜᱤᱫ ᱟᱹᱰᱤ ᱰᱷᱮᱨ ᱥᱟᱵᱟᱫ ᱨᱮᱭᱟᱜ ᱤᱥᱟᱹᱨᱟᱭ ᱮᱢ ᱫᱟᱲᱮᱭᱟᱜᱼᱟ ᱾
1644,"यह इनसाइक्लोपीडिया ब्रिटैनिका द्वारा प्रकाशित किया गया है; यह कंपनी १८वीं शताब्दी से अस्तित्व में है, हालाँकि यह शताब्दियों से विभिन्‍न समय से अस्तित्व में आयी है ।","ᱱᱤᱭᱟᱹ ᱫᱚ ᱮᱱᱥᱟᱭᱠᱞᱳᱯᱤᱰᱤᱭᱟ ᱵᱨᱤᱴᱟᱱᱤᱠᱟ, ᱤᱱᱠᱚᱨᱯᱚᱨᱮᱴᱮᱰ ᱫᱟᱨᱟᱭᱛᱮ ᱩᱪᱷᱟᱹᱱᱟᱠᱟᱱᱟ; ᱠᱳᱢᱯᱟᱱᱤ ᱫᱚ ᱑᱘ ᱥᱚᱛᱚᱠ ᱠᱷᱚᱱ ᱢᱮᱱᱟᱜᱽᱼᱟ, ᱮᱱᱛᱮᱨᱮ ᱦᱚᱸ ᱱᱤᱭᱟᱹ ᱫᱚ ᱟᱭᱢᱟ ᱥᱚᱛᱟᱵᱫᱤ ᱠᱷᱚᱱ ᱢᱟᱹᱞᱤᱠᱮ ᱵᱚᱫᱚᱞᱟᱠᱟᱫᱤᱭᱟ ᱾"
1645,"फिल्म के छूट जाने के दस साल बाद, आरबाज खान ने एक इंटरव्यू में कहा कि फिल्म का बजट 30 पाउंड से लेकर 2020 में 57 लाख डॉलर के लिए तैयार कर दिया गया था।","ᱪᱤᱛᱟᱹᱨᱴᱟᱜ ᱪᱷᱟᱹᱲ ᱧᱟᱢ ᱑᱐ ᱥᱮᱨᱢᱟ ᱛᱟᱭᱚᱢ ᱟᱨᱵᱟᱡ ᱠᱷᱟᱱ ᱢᱤᱫᱴᱟᱝ ᱠᱩᱠᱞᱤᱨᱚᱯᱚᱲᱨᱮᱭ ᱢᱮᱱᱞᱮᱫᱟ ᱡᱮ, ᱪᱤᱛᱟᱹᱨ ᱨᱮᱭᱟᱜ ᱵᱟᱡᱮᱴ ᱓᱐ ᱠᱳᱴᱤ (᱒᱐᱒᱐ ᱥᱟᱞᱨᱮ ᱕᱗ ᱠᱳᱴᱤ ᱴᱟᱠᱟ ᱥᱮ ᱗ ᱠᱳᱴᱤ ᱒ ᱞᱚᱠᱠᱷᱚ ᱢᱟᱨᱠᱤᱱ ᱰᱚᱞᱟᱨ ᱥᱚᱢᱟᱱ) ᱠᱷᱚᱱ ᱔᱙ ᱠᱳᱴᱤᱨᱮ (᱒᱐᱒᱐ ᱥᱟᱞᱨᱮ ᱙᱓ ᱠᱳᱴᱤ ᱥᱮ ᱑᱒ ᱠᱳᱴᱤ ᱢᱟᱨᱠᱤᱱ ᱰᱚᱞᱟᱨ ᱥᱚᱢᱟᱱ) ᱵᱟᱲᱦᱟᱣ ᱦᱩᱭᱞᱮᱱᱟ ᱡᱟᱦᱟᱸ ᱦᱚᱛᱮᱛᱮ ᱩᱱᱤᱭᱟᱜ ᱠᱤᱪᱷᱩ ᱞᱚᱠᱥᱟᱱ ᱦᱩᱭᱞᱮᱱᱟ, ᱛᱚᱵᱮ ᱵᱟᱝᱦᱩᱫᱤᱥᱟᱱᱟᱜ ᱩᱛᱷᱱᱟᱹᱣ ᱛᱟᱭᱚᱢ ᱩᱱᱤ ᱫᱚ ᱥᱟᱞᱢᱟᱱ ᱠᱷᱟᱱᱟᱜ ᱠᱩᱲᱟᱹᱭᱮ ᱮᱢᱟᱫᱤᱛᱟᱦᱮᱸᱠᱟᱱᱟ ᱾"
1646,"एक लड़ाई और विद्रोही भारतीय सेना अधिकारी अपने पूर्व मित्र के बच्चे की खोज में चला जाता है, जो अजीब रूप से अपहरण किया जाता है।",ᱵᱷᱟᱨᱚᱛᱤᱭᱚ ᱯᱷᱟᱹᱫᱼᱟ ᱞᱟᱹᱲᱦᱟᱹᱭᱼᱟᱡᱷᱟᱴ ᱟᱨ ᱦᱩᱜᱟᱹᱨᱤᱭᱟᱹ ᱢᱤᱫ ᱟᱹᱢᱟᱹᱞᱤᱭᱟᱹ ᱢᱤᱫ ᱢᱟᱨᱮᱼᱜᱟᱛᱮᱭᱟᱜ ᱩᱠᱩᱼᱫᱟᱱᱟᱝ ᱞᱮᱠᱟᱛᱮ ᱟᱹᱛᱠᱤᱨᱞᱮᱱ ᱜᱤᱫᱽᱨᱟᱹ ᱯᱟᱸᱡᱟᱭ ᱥᱮᱱᱞᱮᱱᱟ ᱾
1647,सन्‌ 1932 और 2011 के बीच करीब एक हज़ार और तीस गुजराती फिल्म बनायी गयी थी ।,᱑᱙᱓᱒ ᱠᱷᱚᱱ ᱒᱐᱑᱑ ᱱᱤᱭᱟᱹ ᱢᱩᱫᱨᱮ ᱡᱟᱦᱟᱨ ᱯᱮᱜᱮᱞ ᱜᱩᱨᱟᱨᱟᱴᱤ ᱪᱤᱛᱟᱹᱨ ᱵᱮᱱᱟᱣ ᱦᱩᱭᱩᱜᱼᱟ ᱢᱮᱱᱠᱷᱟᱱ ᱟᱹᱰᱤ ᱠᱚᱢ ᱨᱟᱠᱷᱟ ᱫᱚᱦᱚ ᱦᱩᱭᱩᱜᱼᱟ᱾
1648,"एमिलिया च्यूट (30 नवंबर 1912-6 मार्च, 1957) एक भारतीय फ़िल्म निर्देशक, स्क्रीन बर्नर, और निर्माता, और 1940 और 1950 के हिन्दी स्कूल के प्रमुख फिल्म निर्देशक थे ।","ᱚᱢᱤᱭᱚ ᱪᱚᱠᱨᱚᱵᱚᱨᱨᱛᱤ (᱓᱐ ᱱᱚᱵᱷᱮᱢᱵᱚᱨ ᱑᱙᱑᱒ ᱼ ᱖ ᱢᱟᱨᱪ ᱑᱙᱕᱗) ᱑᱙᱔᱐ ᱟᱨ ᱑᱙᱕᱐ᱼᱫᱚᱥᱚᱠᱨᱮᱱ ᱢᱤᱫᱦᱚᱲ ᱵᱷᱟᱨᱚᱛᱤᱭᱟᱹ ᱪᱚᱞᱚᱛᱪᱤᱛᱟᱹᱨ ᱧᱮᱞᱡᱚᱛᱱᱟᱣᱤᱡᱽ, ᱪᱤᱛᱟᱹᱨᱜᱟᱭᱟᱱᱤᱭᱟᱹ ᱟᱨ ᱥᱟᱯᱲᱟᱣᱤᱡ, ᱟᱨ ᱦᱤᱱᱫᱤ ᱥᱤᱱᱮᱢᱟᱨᱮᱱ ᱢᱩᱠᱷᱭᱟᱹ ᱪᱚᱞᱚᱛᱪᱤᱛᱟᱹᱨ ᱧᱮᱞᱡᱚᱛᱚᱱᱤᱡᱼᱮ ᱛᱟᱦᱮᱸᱠᱟᱱᱟ ᱾"
1649,"इसके अलावा, वह अकसर रफाआ, माकामामामामामामामामामामा, एनल काऊ, शाख खान और आमिरमामामा के साथ सहयोग देता है ।","ᱮᱴᱟᱜ ᱮᱴᱟᱜ ᱯᱟᱴᱷᱚᱠ ᱡᱟᱦᱟᱸᱭ ᱥᱟᱶᱛᱮ ᱩᱱᱤ ᱜᱷᱟᱱᱮ ᱜᱮ ᱢᱤᱫ ᱥᱟᱶᱛᱮ ᱠᱟᱹᱢᱤ ᱞᱮᱫᱟᱭ ᱦᱩᱭ ᱮᱱᱟᱠᱚ ᱨᱮᱠᱷᱟ, ᱢᱟᱫᱚᱷᱨᱤ ᱫᱤᱠᱷᱤᱛ, ᱚᱱᱤᱞ ᱠᱟᱯᱩᱨ, ᱥᱟᱦᱩᱨᱩᱠᱷ ᱠᱷᱟᱱ ᱟᱨ ᱚᱢᱨᱮᱥ ᱯᱩᱨᱤ ᱾"
1650,यहाँ के जंगलों और जंगलों में जंगली पौधों की बड़ी - बड़ी जातियाँ पायी जाती हैं ।,"ᱡᱷᱟᱨᱱᱟ, ᱦᱟᱦᱟᱲᱟᱣᱟᱱᱟᱜ ᱵᱤᱨ ᱟᱨ ᱥᱤᱫᱩᱯ ᱵᱟᱸᱫᱷ ᱪᱮᱛᱟᱱᱨᱮ ᱫᱟᱜᱽᱡᱚᱞᱟ ᱟᱨ ᱢᱤᱫ ᱛᱩᱥᱟᱹᱨᱫᱷᱟᱥᱟᱣ ᱠᱷᱚᱱ ᱧᱤᱨᱟᱠᱟᱱ ᱢᱩᱠᱷᱭᱟᱹ ᱡᱳᱴ, ᱱᱤᱭᱟ ᱥᱟᱱᱟᱢᱠᱩ ᱨᱮᱭᱟᱜ ᱮᱥᱮᱲᱜᱤ ᱫᱨᱤᱥᱥᱚᱯᱚᱴ ᱫᱚ ᱟᱨᱦᱚᱸᱭ ᱯᱮᱨᱮᱡᱽᱯᱩᱨᱩᱱᱟᱠᱟᱫᱟ ᱾"
1651,"Alarrran, पहले Babli दास द्वारा भेजा गया एक हत्यारा, बाद में एक ही के बारे में सुनने के लिए सवारी पक्ष में शामिल हो जाता है एक हीर के सत्य के बारे में सुनने के साथ और युद्ध, लड़ाई अंत में उसके लेकिन एक चाकू के साथ समाप्त हो रही है, लेकिन जल्द ही एक चाकू के साथ नहीं, लेकिन harvavav, के बाद चेतावनी के बाद, और Lakakav, और तीन दोस्तों को छूने के लिए नहीं, तीन दोस्तों को छूने के लिए.","ᱯᱟᱱᱰᱩᱨᱚᱝ ᱛᱟᱦᱮᱸᱠᱟᱱᱟ ᱢᱤᱫᱦᱚᱲ ᱜᱚᱡᱤᱪ ᱡᱟᱦᱟᱭ ᱵᱟᱵᱞᱤ ᱞᱟᱦᱟᱨᱮ ᱫᱟᱱᱟᱝ ᱛᱚᱞᱟᱥᱤᱭᱟᱹ ᱞᱮᱠᱟᱛᱮ ᱠᱩᱞᱞᱤᱫᱤᱭᱟ, ᱛᱟᱭᱚᱢ ᱥᱚᱢᱤᱨᱟᱜ ᱥᱟᱹᱨᱤ ᱟᱧᱡᱚᱢ ᱠᱟᱛᱮ ᱜᱳᱯᱟᱞ ᱥᱟᱝᱮ ᱡᱚᱲ ᱞᱮᱱᱟ ᱟᱨ ᱜᱩᱱᱰᱟᱠᱚ ᱫᱟᱞ ᱧᱤᱨ ᱠᱮᱫ ᱠᱚᱣᱟ, ᱞᱟᱹᱲᱦᱟᱹᱭ ᱛᱟᱭᱚᱢ ᱛᱮ ᱢᱩᱪᱟᱹᱫ ᱮᱱᱟ ᱡᱚᱠᱷᱚᱱ ᱜᱳᱯᱟᱞᱟᱜ ᱛᱟᱭᱚᱢ ᱫᱤᱥᱚᱥ ᱨᱮ ᱵᱟᱵᱞᱤ ᱵᱷᱩᱞ ᱠᱟᱛᱮ ᱪᱦᱨᱤᱭ ᱪᱟᱞᱟᱣ ᱟ ᱟᱨ ᱩᱱᱤ ᱠᱤᱪᱦ ᱜᱷᱟᱹᱲᱤᱡ ᱛᱟᱭᱚᱢ ᱩᱱᱤᱭ ᱫᱤᱥᱟᱹᱭ ᱟᱫ ᱠᱮᱫᱟ, ᱛᱚᱵᱮ ᱢᱟᱫᱷᱚᱵ , ᱞᱟᱠᱤ ᱟᱨ ᱞᱚᱠᱠᱷᱚᱱ ᱪᱷᱩᱨᱤ ᱵᱟᱝ ᱥᱟᱵ ᱥᱚᱱᱛᱚᱨ ᱞᱟᱦᱟᱨᱮ ᱵᱟᱝ , ᱡᱟᱦᱟ ᱧᱮᱞᱛᱮ ᱯᱮᱭᱟ ᱜᱟᱹᱛᱤ ᱠᱚ ᱞᱟᱸᱫᱟᱭᱟ᱾"
1652,"लेकिन, उनकी शादी के दिन वार्मी नहीं दिखाती और यह ज़ाहिर किया गया है कि वे मुंबई भाग गए हैं ।","ᱢᱮᱱᱠᱷᱟᱱ, ᱩᱝᱠᱤᱱᱟᱜ ᱵᱟᱯᱞᱟ ᱫᱤᱱᱨᱮ ᱵᱳᱭᱫᱮᱦᱤ ᱵᱟᱭ ᱦᱮᱡᱽ ᱥᱮᱴᱮᱨᱞᱮᱱᱟ ᱟᱨ ᱩᱱᱤ ᱫᱚ ᱢᱩᱢᱵᱟᱭᱮ ᱫᱟᱲᱟᱠᱟᱫᱟ ᱱᱤᱭᱟᱹ ᱠᱟᱛᱷᱟ ᱩᱪᱷᱟᱹᱱᱮᱱᱟ ᱾"
1653,"Banthacu के साथ घर का खाली करने के लिए शुरू होता है Yauu के साथ टूट गया (जो कमज़ोर था क्योंकि राम कि राम कि भारी था 7 साल पहले एक महिला के साथ एक मामला था), Pudddddddati, और भ्रष्ट परिवार के सदस्यों के साथ विवाद को सुधार.","ᱡᱚᱥᱩ ᱥᱟᱶ ᱨᱟᱢᱪᱚᱱᱫᱨᱚᱟᱜ ᱨᱟᱹᱯᱩᱫ ᱥᱟᱹᱜᱟᱹᱭ ᱡᱚᱲᱟᱣ ᱠᱟᱛᱮ (᱗ ᱥᱮᱨᱢᱟ ᱞᱟᱦᱟᱨᱮ ᱨᱟᱢᱪᱚᱱᱫᱨᱚ ᱥᱟᱶ ᱢᱤᱫ ᱛᱤᱨᱞᱟᱹ ᱟᱜ ᱥᱟᱹᱜᱟᱹᱭ ᱵᱮᱱᱟᱣ ᱞᱮᱱᱟ ᱡᱟᱦᱟᱸ ᱫᱚ ᱠᱮᱴᱮᱡ ᱵᱟᱝ ᱛᱟᱦᱮᱸ ᱠᱟᱱᱟ), ᱯᱳᱭᱫᱟᱛᱷᱚᱞᱞᱤ ᱥᱟᱶ ᱵᱤᱨᱳᱫ ᱥᱚᱞᱦᱮ ᱠᱟᱛᱮ, ᱟᱨ ᱠᱟᱥᱤᱨᱟᱢ ᱥᱮ ᱥᱤᱛᱟᱨᱟᱢ ᱞᱮᱠᱟᱱ ᱜᱷᱟᱨᱚᱸᱡᱽ ᱨᱮᱱ ᱵᱟᱹᱲᱤᱡ ᱦᱚᱲᱟᱜ ᱪᱚᱨᱤᱛ ᱥᱩᱫᱷᱨᱟᱹᱣ ᱠᱟᱛᱮ ᱡᱟᱦᱟᱸ ᱟᱱᱟᱴᱛᱮ ᱵᱚᱱᱛᱩᱟᱜ ᱚᱲᱟᱜ ᱯᱮᱨᱮᱪ ᱞᱮᱱᱟ ᱚᱱᱟ ᱥᱚᱞᱦᱟᱭ ᱮᱦᱚᱵ ᱟᱠᱟᱫᱟ ᱾"
1654,"क्योंकि एक एकल चैनल एक लगातार बढ़ रही दर्शकों को पोषण दे रहा था, टीवी प्रोग्रामिंग जल्दी से संतृप्ति तक पहुँच गया.",ᱢᱤᱫᱴᱟᱝ ᱥᱩᱢᱩᱝ ᱪᱮᱱᱮᱞ ᱞᱮᱛᱟᱲᱜᱮ ᱧᱮᱧᱮᱞᱤᱭᱟᱠᱩᱣᱟᱜ ᱪᱟᱹᱦᱤᱫᱟ ᱯᱩᱨᱟᱹᱱ ᱠᱷᱟᱹᱛᱤᱨ ᱥᱟᱹᱜᱤᱧ ᱧᱮᱱᱮᱞᱚᱢ ᱟᱠᱷᱚᱲᱟ ᱟᱹᱰᱤ ᱞᱚᱜᱚᱱ ᱩᱱᱤᱭᱟᱜ ᱢᱩᱪᱟᱹᱫ ᱥᱤᱢᱟᱹᱨᱮ ᱥᱮᱴᱮᱨ ᱟᱠᱟᱱᱟ᱾
1655,बीओआ (क्लासिलेशन: बेटा) सन्‌ 1992 में भारतीय हिन्दी नाटक की फिल्म है ।,ᱵᱟᱹᱵᱩ (ᱛᱚᱨᱡᱚᱢᱟ ᱺ ᱠᱚᱲᱟ) ᱦᱩᱭᱩᱜ ᱠᱟᱱᱟ ᱤᱱᱫᱨ ᱠᱩᱢᱟᱨ ᱪᱟᱪᱟᱞᱟᱣᱤᱪ ᱟᱨ ᱱᱳᱥᱤᱨ ᱠᱷᱟᱛᱟᱣ ᱟᱨ ᱠᱚᱢᱞᱮᱥᱷ ᱯᱟᱱᱰᱮ ᱚᱞ ᱟᱠᱟᱱ ᱑᱙᱙᱒ ᱨᱮ ᱵᱷᱟᱨᱛᱤᱭ ᱦᱤᱫᱤ ᱜᱟᱭᱟᱱ ᱪᱚᱞᱚᱠᱪᱤᱛᱟᱨ᱾
1656,यह एक ही देश को फैलाने से अधिक कुशल है क्योंकि घरेलू समाचार कर्मचारियों द्वारा इकट्ठा घरेलू मनोरंजन कार्यक्रम और जानकारीओं के लिए बेकार रूप से मरम्मत की जा सकती है।,ᱫᱮᱥᱤᱭᱚ ᱥᱚᱝᱵᱟᱫᱮᱢᱚᱜᱠᱩ ᱫᱟᱨᱟᱭᱛᱮ ᱢᱤᱫᱩᱱ ᱫᱮᱥᱤᱭᱚ ᱨᱚᱢᱚᱡ ᱟᱠᱷᱲᱟ ᱟᱨ ᱫᱚᱜᱚᱨᱠᱩ ᱵᱮᱼᱫᱮᱥᱤᱭᱚ ᱧᱮᱧᱮᱞᱤᱭᱟᱹᱠᱩ ᱞᱟᱹᱜᱤᱫ ᱥᱚᱥᱛᱟᱛᱮ ᱫᱚᱲᱦᱟᱛᱮ ᱯᱮᱠᱮᱡᱽ ᱠᱚᱨᱟᱣ ᱦᱩᱭᱩᱜᱼᱟ ᱢᱮᱱᱛᱮ ᱮᱠᱮᱱ ᱢᱤᱫᱴᱟᱝ ᱫᱤᱥᱟᱹᱢᱨᱮ ᱯᱟᱥᱱᱟᱣ ᱠᱷᱚᱱ ᱱᱤᱭᱟᱹ ᱫᱚ ᱡᱟᱹᱥᱛᱤ ᱠᱟᱹᱢᱤᱭᱟᱱᱟ ᱾
1657,"Dinandora, जो चिटिटी की जीत से क्रोधित हो जाता है, Caker की आत्मा को सिंथेसाइजर से रिहा करता है।",ᱪᱤᱰᱰᱤᱭᱟᱜ ᱡᱤᱛᱠᱟᱹᱨ ᱨᱮ ᱨᱟᱹᱜᱤ ᱟᱠᱟᱱ ᱥᱤᱱᱛᱷᱮᱥᱟᱭᱡᱟᱨ ᱠᱷᱚᱱ ᱪᱮᱬᱮᱭᱟᱜ ᱟᱛᱢᱟ ᱪᱷᱟᱹᱲ ᱠᱚ ᱮᱢᱟᱣ ᱟᱫᱟ ।
1658,"सिर्फ नहीं, जहां हम एक मानव आँख के साथ सुपरस्टार देखते हैं और एक muted धातु आँख के साथ, लेकिन भी जानबूझकर स्वर दिया जब बुरा रोबोट घोषणा करता है कि उसने ""र्मेटर"" बनाया है।","ᱢᱤᱫᱴᱟᱝ ᱢᱟᱹᱱᱢᱤ ᱢᱮᱫ ᱟᱨ ᱢᱤᱫᱴᱟᱝ ᱜᱷᱟᱹᱞᱥᱟᱶ ᱢᱮᱲᱦᱮᱫ ᱢᱮᱫᱨᱮᱱ ᱥᱩᱯᱟᱨᱥᱴᱟᱨ ᱡᱟᱦᱟᱸᱨᱮᱵᱩᱱ ᱧᱮᱞᱧᱟᱢᱮᱭᱟ, ᱠᱷᱚᱞ ᱡᱚᱱᱛᱚᱨᱢᱟᱹᱱᱢᱤᱭᱟᱜ ""ᱴᱟᱨᱢᱤᱱᱮᱴᱚᱨ"" ᱥᱤᱨᱡᱟᱹᱣ ᱨᱮᱭᱟᱜ ᱩᱪᱷᱟᱹᱱ ᱫᱚ ᱮᱠᱟᱞᱩᱛᱟᱹᱨ ᱧᱮᱞᱛᱮᱫᱽᱜᱤ ᱫᱚ ᱵᱟᱝ, ᱤᱪᱪᱷᱟᱹᱞᱮᱠᱟᱛᱮ ᱵᱤᱪᱷᱱᱟᱹᱣ ᱥᱟᱹᱦᱤᱫᱮ ᱞᱟᱹᱭᱟ ᱾"
1659,"इसकी सफलता के बाद, यह फिल्म पूर्वी एशियाई बाजारों में शुरू हुई; इसे दिसंबर १७, 2010 को ताइवान में रिलीज़ किया गया ।","ᱱᱚᱶᱟ ᱥᱤᱜᱤᱞ ᱛᱟᱭᱚᱢ ᱪᱤᱛᱟᱹᱨ ᱫᱚ ᱯᱩᱨᱵᱚ ᱮᱥᱤᱭᱟ ᱨᱮᱭᱟᱜ ᱵᱟᱡᱟᱨ ᱨᱮ ᱩᱫᱩᱜ ᱦᱩᱭ ᱞᱮᱱᱟ; ᱒᱐᱑᱐ ᱼᱨᱮᱭᱟᱜ ᱑᱗ ᱰᱤᱥᱮᱢᱵᱚᱨ ᱨᱮ ᱱᱚᱶᱟ ᱫᱚ ᱪᱷᱟᱹᱲ ᱮ ᱧᱟᱢ ᱞᱮᱫᱟ, ᱚᱱᱟ ᱛᱟᱭᱚᱢ ᱛᱟᱭᱚᱢ ᱛᱮᱜᱮ ᱒᱐᱑᱑ ᱨᱮᱭᱟᱜ ᱑ ᱞᱟ ᱥᱮᱯᱴᱮᱢᱵᱚᱨ ᱦᱚᱝᱠᱚᱝ ᱨᱮ ᱪᱷᱟᱹᱲ ᱮ ᱧᱟᱢ ᱞᱮᱫᱟ ᱾"
1660,"इस गीत को सन्‌ 230 में बेलजियम, बल्गेरिया, हंगरी, तुर्की, तुर्की, अल्बेनिया, साइप्रस, स्वीडन और जर्मनी के अलग - अलग देशों से आए 10 मुद्दों से देखा गया था ।","ᱥᱮᱹᱨᱮᱹᱧ ᱫᱚ ᱵᱮᱞᱡᱤᱭᱟᱢ, ᱵᱩᱞᱜᱮᱨᱤᱭᱟ, ᱦᱟᱝᱜᱮᱨᱤ, ᱡᱩᱠᱛᱨᱟᱡᱮ, ᱛᱩᱨᱥᱠ, ᱟᱞᱵᱮᱱᱤᱭᱟ, ᱥᱟᱭᱯᱨᱟᱥ, ᱥᱟᱨᱵᱤᱭᱟ ᱟᱨ ᱢᱚᱱᱴᱤᱱᱤᱜᱨᱳ ᱥᱩᱭᱰᱮᱱ ᱟᱨ ᱡᱟᱨᱢᱟᱱ ᱠᱷᱚᱱ ᱑᱒ ᱯᱚᱭᱮᱱᱴ ᱑᱐ ᱴᱤ ᱥᱮᱴ ᱥᱟᱶ ᱒᱓᱐ ᱯᱚᱭᱮᱱᱴ ᱧᱟᱢ ᱟ, ᱟᱨ ᱟᱭᱢᱟ ᱜᱟᱱ ᱫᱤᱥᱚᱢ ᱨᱮ, ᱵᱤᱥᱮᱥ ᱠᱟᱭᱛᱮ ᱜᱨᱤᱥᱨᱮ, ᱢᱤᱫᱴᱟᱝ ᱡᱩᱢᱤ ᱫᱚ ᱧᱩᱛᱩᱢᱟᱱ ᱥᱮᱹᱨᱮᱹᱧ ᱛᱮ ᱯᱮᱨᱮᱡ ᱞᱮᱱᱟ᱾"
1661,वह सबसे अच्छी बात यह है कि इन फिल्मों को बड़े पैमाने पर पेश किया जाता है ।,"ᱚᱢᱚᱞ ᱯᱟᱞᱮᱠᱚᱨ ᱟᱨ ᱡᱟᱨᱤᱱᱟ ᱳᱭᱟᱦᱟᱵ ᱫᱟᱨᱟᱭ ᱛᱮ ᱥᱟᱯᱲᱟᱣ ᱟᱠᱟᱱ ᱜᱷᱚᱨᱚᱱᱫᱟ(᱑᱙᱗᱗), ᱟᱨ ᱥᱚᱨᱢᱤᱞᱟ ᱴᱷᱟᱠᱩᱨ ᱟᱨ ᱩᱛᱛᱚᱢ ᱠᱩᱢᱟᱨ ᱫᱟᱨᱟᱭ ᱛᱮ ᱥᱟᱯᱲᱟᱣ ᱟᱠᱟᱱ ᱫᱩᱨᱤᱭᱟ (᱑᱙᱗᱙) ᱱᱚᱶᱟ ᱞᱮᱠᱟᱱ ᱚᱠᱛᱟᱠᱤᱭᱟᱹ ᱫᱟᱨᱟᱭᱛᱮ ᱟᱹᱰᱤ ᱰᱷᱮᱨ ᱢᱟᱱᱚᱛᱟᱱ ᱪᱚᱞᱚᱛᱪᱤᱛᱟᱹᱨ ᱠᱚ ᱪᱟᱪᱟᱞᱟᱣ ᱞᱟᱹᱜᱤᱫ ᱩᱱᱤ ᱰᱷᱮᱨᱜᱟᱱ ᱩᱯᱩᱨᱩᱢᱟᱱ ᱾"
1662,"सन्‌ 1951 में, ""एक बल्ब के साथ लेडी"" स्टार नेथ नेबुना हिला ।","᱑᱙᱕᱑ ᱨᱮ ""ᱫᱟ ᱞᱮᱰᱤ ᱩᱭᱤᱛᱷ ᱟ ᱞᱮᱢᱷᱯ"" ᱨᱮᱭ ᱚᱵᱷᱤᱱᱚᱭ ᱞᱮᱫᱟ ᱮᱱᱟ ᱱᱤᱜᱚᱞ ᱾"
1663,"पूरी तरह से चुप फिल्म बनाने के लिए, एक अस्थायी स्टूडियो को परिवार की संपत्ति के बाग़ों में बनाया गया था, और उन्होंने एक पूर्ण मौन फिल्म तैयार की जो पिछले चुंबन में रिलीज़ की गई थी.","ᱢᱤᱫᱴᱟᱝ ᱯᱩᱨᱟᱼᱡᱤᱞᱤᱧ ᱦᱟᱹᱯᱤᱫᱽ ᱪᱚᱞᱚᱛᱪᱤᱛᱟᱹᱨ ᱵᱮᱱᱟᱣᱛᱮ, ᱜᱷᱟᱨᱚᱡᱽ ᱨᱮᱭᱟᱜ ᱡᱩᱢᱤᱫᱟᱹᱨᱤᱭᱟᱜ ᱵᱟᱜᱣᱟᱱᱨᱮ ᱢᱤᱫᱴᱟᱝ ᱠᱚᱢ ᱚᱠᱛᱚ ᱨᱮᱱᱟᱜ ᱥᱴᱩᱰᱤᱭᱳ ᱵᱮᱱᱟᱣᱞᱮᱱᱟ, ᱟᱨ ᱑᱙᱓᱑ ᱥᱟᱞ ᱨᱮ ᱪᱦᱟᱹᱲ ᱧᱟᱢᱟᱠᱟᱫ ᱫᱟ ᱞᱟᱥᱴ ᱠᱤᱥ ᱧᱩᱛᱩᱢᱛᱮ ᱢᱤᱫᱴᱟᱝ ᱯᱩᱨᱟᱹᱼᱡᱤᱞᱤᱧᱟᱱ ᱦᱟᱹᱯᱤᱫ ᱪᱚᱞᱚᱛ ᱪᱤᱛᱟᱹᱨᱠᱩ ᱥᱟᱯᱲᱟᱣᱞᱮᱫᱟ ᱩᱝᱠᱩ ᱾"
1664,"यह अपने खुद के बाहर के सीधे मार्ग पर फ्रैंकी और जॉनी द्वारा तैयार किया गया था, जो बुद्धिमान विमानो में (१९०७) में (१९७), जो केनेथनी और कॆथीएसिस प्रस्तुत किया गया था।","ᱴᱮᱨᱮᱧᱥ ᱢᱮᱠᱱᱟᱞᱤ ᱟᱭᱟᱜ ᱟᱯᱱᱟᱨ ᱨᱮᱱ ᱵᱨᱚᱰᱳᱭᱮᱨ ᱵᱟᱨᱦᱮ ᱨᱮ ᱜᱟᱭᱟᱱ, ᱠᱮᱱᱮᱛᱷ ᱳᱭᱮᱞᱚᱥ ᱟᱨ ᱠᱮᱛᱷᱤ ᱵᱮᱴᱥ ᱫᱟᱨᱟᱭ ᱛᱮ ᱥᱟᱯᱲᱟᱣ ᱟᱠᱟᱱ ᱯᱷᱮᱨᱟᱝᱠᱤ ᱮᱱᱰᱸ ᱡᱚᱱᱤ ᱤᱱ ᱫᱟ ᱠᱞᱮᱭᱟᱨ ᱫᱮ ᱞᱩᱱ (᱑᱙᱘᱗) ᱠᱷᱚᱱ ᱠᱟᱹᱪ ᱵᱚᱱᱚᱫᱚᱞ ᱠᱟᱛᱮ ᱟᱸᱜᱚᱪ ᱞᱮᱫᱟᱠᱤᱱ ᱱᱚᱶᱟ ᱾"
1665,"सन्‌ 2011 में केप ने उस लड़की को पीला बूट्स में निर्देशित किया, एक रोमांचदार स्टार कोरी जो उसके साथ फिल्म को भी सह लेता है।","᱒᱐᱑᱑ ᱨᱮ ᱠᱟᱞᱠᱤ ᱠᱮᱸᱠᱚᱞᱟ ᱫᱟᱨᱟᱭ ᱛᱮ ᱥᱟᱯᱲᱟᱣ ᱟᱠᱟᱱ ᱟᱨ ᱥᱚᱦᱮᱫ ᱚᱞ ᱟᱠᱟᱱ ᱛᱷᱨᱤᱞᱟᱨ, ᱫᱮᱴ ᱜᱟᱨᱞ ᱤᱱ ᱤᱭᱮᱞᱳ ᱵᱩᱴᱥ ᱪᱟᱪᱟᱞᱟᱣ ᱞᱮᱫᱟᱭ ᱠᱟᱭᱥᱚᱯ ।"
1666,उसे फिल्म के लिए यूनानी भाषा सीखना था और खुद को भी बुलाया जाना था ।,ᱩᱱᱤ ᱫᱚ ᱪᱚᱞᱚᱛ ᱪᱤᱛᱟᱹᱨ ᱞᱟᱹᱜᱤᱫ ᱜᱮᱨᱤᱠ ᱯᱟᱹᱨᱥᱤ ᱪᱮᱫ ᱦᱩᱭᱞᱮᱱ ᱛᱟᱭᱟ ᱟᱨ ᱩᱱᱤ ᱫᱚ ᱟᱭᱟᱜ ᱰᱟᱵ ᱦᱚᱭ ᱠᱚᱨᱟᱣ ᱞᱮᱫᱟ ᱾
1667,सन्‌ 1616 के सिडनी फ़िल्म उत्सव और 2016 केस फ़िल्म उत्सव में एक सकारात्मक प्रतिक्रिया के लिए फिल्म का प्रदर्शन किया गया.,"᱒᱐᱑᱖ ᱥᱤᱰᱱᱤ ᱯᱷᱤᱞᱢ ᱯᱷᱮᱥᱴᱵᱷᱮᱞ ᱟᱨ ᱒᱐᱑᱖ ᱠᱟᱱ ᱯᱷᱤᱞᱢ ᱯᱷᱮᱴᱤᱵᱷᱮᱞᱨᱮ ᱪᱤᱛᱟᱹᱨ ᱨᱮᱭᱟᱜ ᱯᱨᱤᱢᱤᱭᱟᱨ ᱦᱩᱭᱞᱮᱱᱟ, ᱰᱤᱨᱮᱠᱴᱚᱨᱥ ᱯᱷᱚᱨᱴᱱᱟᱭᱤᱴ ᱛᱷᱚᱱᱚᱛᱨᱮ ᱵᱷᱟᱜᱮ ᱪᱟᱞᱟᱣ ᱞᱮᱱᱛᱮ ᱾"
1668,"इसके अतिरिक्‍त, 3 इडिओस ने सन्‌ 2014 में गृह विडियो विधकों के एक जापानी संगठन द्वारा आयोजित महान पुरस्कार जीता; 3 इडिओ को 2013 के सबसे अच्छे वीडियो रिलीज़ के रूप में चुना गया था, हज़ारों फिल्मों, और टी. वी.","ᱮᱱᱛᱮᱨᱮᱦᱚᱸ, ᱒᱐᱑᱔ᱼᱨᱮ ᱜᱷᱚᱨᱳᱣᱟ ᱵᱷᱤᱰᱤᱭᱳᱨᱮᱱ ᱠᱷᱩᱪᱨᱟᱹ ᱟᱹᱠᱷᱨᱤᱧ ᱠᱩᱣᱟᱜ ᱢᱤᱫ ᱡᱟᱯᱟᱱᱤ ᱥᱚᱝᱜᱚᱴᱷᱚᱱᱟᱜ ᱥᱟᱯᱲᱟᱣ ᱔ᱟᱜ ᱵᱷᱤᱰᱤᱭᱳᱣᱟᱥᱟᱱ ᱥᱤᱨᱯᱟᱹᱨᱮ ᱥᱚᱨᱮᱥ ᱥᱤᱨᱯᱟᱹᱭ ᱧᱟᱢᱠᱮᱫᱟ ᱛᱷᱨᱤ ᱤᱰᱤᱭᱚᱴᱥ; ᱜᱷᱚᱨᱳᱣᱟ ᱟᱨ ᱵᱤᱫᱟᱹᱥᱨᱮᱱ ᱦᱚᱞᱤᱭᱩᱰ ᱥᱟᱥᱟᱯᱲᱟᱣᱤᱡ ᱥᱟᱶ ᱦᱟᱡᱟᱨ ᱦᱟᱡᱟᱨ ᱪᱚᱞᱚᱛ ᱪᱤᱛᱟᱹᱨ, ᱮᱱᱤᱢᱳ ᱟᱨ ᱴᱮᱞᱤᱵᱷᱤᱥᱚᱱ ᱟᱠᱷᱲᱟ ᱛᱟᱭᱚᱢ ᱨᱮ ᱫᱚᱦᱚᱠᱟᱛᱮ ᱒᱐᱑᱓ᱼᱨᱮ ᱪᱦᱟᱹᱲᱧᱟᱢᱟᱠᱟᱱ ᱥᱚᱨᱮᱥ ᱩᱛᱟᱹᱨ ᱵᱷᱤᱰᱤᱭᱳ ᱞᱮᱠᱟᱛᱮᱭ ᱵᱟᱪᱷᱱᱟᱣ ᱞᱮᱱᱟ ᱛᱷᱨᱤ ᱤᱰᱤᱭᱚᱴ ᱾"
1669,"""मैं एक फिल्मी टाइटेरी नहीं लिख पाया।""","ᱮᱱᱛᱮᱨᱮᱦᱚᱸ ᱱᱚᱶᱟ ᱢᱤᱫᱴᱟᱝ ᱯᱷᱤᱞᱤᱢ ᱯᱷᱮᱭᱟᱨ ᱥᱤᱨᱯᱟᱹ ᱦᱤᱥᱟᱹᱵᱛᱮ ᱵᱟᱪᱷᱟᱣᱟᱱ, ᱩᱱᱤ ᱢᱤᱫᱴᱟᱝ ᱧᱟᱯᱟᱢᱨᱚᱯᱚᱲ ᱨᱮ ᱞᱟᱹᱭ ᱞᱮᱫᱟᱭ ᱡᱮ ""ᱤᱧ ᱛᱳ ᱯᱷᱤᱞᱤᱢ ᱯᱷᱮᱭᱟᱨ ᱥᱤᱨᱯᱟᱹ ᱞᱟᱹᱜᱤᱫ ᱫᱚ ᱵᱟᱹᱧ ᱚᱞ ᱟᱠᱟᱫᱟ ᱾"""
1670,"यरदन पेले की फिल्म में, सन्‌ 1986 में एक छोटी लड़की है ।","ᱡᱚᱨᱰᱚᱱ ᱯᱤᱞᱼᱟᱜ ᱪᱤᱛᱟᱹᱨ 'ᱟᱥ'ᱼᱨᱮ, ᱑᱙᱘᱖ ᱥᱟᱞᱨᱮ ᱢᱤᱫᱴᱟᱝ ᱠᱟᱹᱴᱤᱡᱽ ᱠᱩᱲᱤᱜᱤᱫᱟᱹᱨ ᱮᱰᱤ, ᱥᱟᱢᱟᱱᱟᱜ ᱵᱷᱤᱥᱚᱱ ᱠᱳᱣᱮᱥᱴᱚᱨᱟᱜ ᱨᱤᱡᱷᱟᱹᱣᱛᱮ ᱩᱱᱤ ᱥᱮᱡᱲᱮ ᱪᱟᱞᱟᱣᱮᱱᱟ ᱟᱨᱮ ᱵᱚᱞᱚᱭᱮᱱᱟ, ᱡᱟᱦᱟᱸ ᱨᱮᱭᱟᱜ ᱵᱚᱞᱚᱱᱫᱩᱣᱟᱹᱨᱨᱮᱭᱟᱜ ᱪᱮᱛᱟᱱᱨᱮ ᱩᱥᱱᱤᱥ ᱥᱟᱶ ᱟᱨ ᱮᱛᱚᱢᱛᱤ ᱫᱚ ᱦᱩᱭ ᱫᱟᱲᱤᱭᱟᱜ ᱠᱳᱣᱮᱥᱴᱟᱨᱠᱩ ᱥᱮᱡᱽ ᱩᱫᱩᱜᱽᱟᱠᱟᱫ ᱢᱤᱫᱦᱚᱲ ᱢᱩᱞᱵᱟᱹᱥᱤᱭᱟᱹ ᱢᱟᱹᱨᱠᱤᱱ ᱦᱚᱲ ᱛᱮᱸᱜᱚᱣᱟᱠᱟᱱ ᱢᱮᱱᱟᱭᱟ ᱾"
1671,"आधुनिक फिल्म रिलीज़ कई भाषाओं में किया जाता है, एक पैन-भारतीय फ़िल्म आंदोलन बनाया जाता है.",ᱜᱚᱴᱟ ᱵᱷᱟᱨᱚᱨᱚᱛᱨᱮ ᱢᱤᱫ ᱪᱚᱞᱚᱠᱪᱤᱛᱟᱹᱨ ᱞᱟᱲᱟᱭᱟᱱ ᱜᱷᱚᱴᱟᱣ ᱠᱟᱛᱮ ᱪᱷᱟᱲ ᱧᱟᱢ ᱱᱟᱦᱟᱜ ᱪᱤᱛᱟᱹᱨ ᱠᱚ ᱟᱭᱢᱟ ᱯᱟᱹᱨᱥᱤ ᱛᱮ ᱰᱟᱵ ᱟᱠᱟᱱᱟ᱾
1672,"Aamm खान, जो पहले कभी एक फिल्म बनाने से पहले नहीं किया था, शुरू में फिल्म करने के लिए उत्सुक था शुरू में लेकिन Carthiia द्वारा विश्वास किया गया था, जो कि तमिल लोकवादी का मूल तारा है, जिसने उसे बताया कि ""वह केवल एक ही था जो चरित्र के लिए न्याय कर सकता है.""","ᱟᱢᱤᱨ ᱠᱷᱟᱱ, ᱡᱟᱦᱟᱸᱭ ᱫᱚ ᱱᱩᱭᱟᱹ ᱞᱟᱦᱟ ᱛᱤᱥᱜᱤ ᱩᱱᱤᱭᱟᱜ ᱯᱟᱴᱷ ᱡᱤᱭᱚᱱᱨᱮ ᱡᱟᱦᱟᱸᱱ ᱪᱤᱛᱟᱹᱨ ᱨᱮᱭᱟᱜ ᱫᱚᱲᱦᱟ ᱵᱮᱱᱟᱣ ᱵᱟᱭ ᱠᱚᱨᱟᱣᱟᱠᱟᱫᱟ, ᱯᱟᱹᱦᱤᱞᱟᱜ ᱪᱤᱛᱟᱹᱨ ᱠᱚᱨᱟᱣᱨᱮ ᱫᱤᱜᱫᱷᱟᱹᱨᱮᱭ ᱛᱟᱦᱮᱸᱠᱟᱱᱟ, ᱢᱮᱱᱠᱷᱟᱱ ᱛᱟᱢᱤᱞ ᱪᱤᱛᱟᱹᱨ 'ᱜᱚᱡᱱᱤ'ᱼᱨᱮᱭᱟᱜ ᱟᱥᱚᱞ ᱯᱟᱴᱷᱚᱠᱤᱭᱟᱹ ᱥᱩᱨᱡᱚ, ᱡᱟᱦᱟᱸᱭ ᱫᱚ ᱩᱱᱤᱭ ᱢᱮᱛᱟᱫᱤᱛᱟᱦᱮᱸᱱ, ""ᱮᱠᱮᱱ ᱟᱢᱜᱤ ᱱᱤᱭᱟᱹ ᱪᱟᱹᱨᱤᱛᱨᱮᱢ ᱱᱮᱭᱵᱤᱪᱟᱹᱨ ᱫᱟᱲᱮᱭᱟᱜᱼᱟ"", ᱚᱱᱟ ᱠᱟᱛᱷᱟ ᱟᱸᱡᱚᱢᱠᱟᱛᱮ ᱩᱱᱤᱫᱚᱭ ᱯᱟᱹᱛᱭᱟᱹᱣᱮᱱᱟ ᱾"
1673,"सन्‌ 2000 में उसने रोबर्टी डॆनिस चेंबर्स (Carselansans), जॉन मैक्लिन, ई., सन्‌ 2006 में, उन्होंने मेहमान डी.","᱒᱐᱐᱐ ᱨᱮ ᱰᱨᱟᱢ ᱨᱩᱨᱩᱭᱤᱡ ᱰᱮᱱᱤᱥ ᱪᱮᱢᱵᱟᱥ (ᱠᱟᱨᱞᱳᱥ ᱥᱟᱱᱴᱟᱱᱟ,ᱡᱚᱱ ᱢᱮᱠᱞᱟᱯᱷᱞᱤᱱᱟᱨ ᱮᱴᱟᱜ ᱮᱴᱟᱜ) ᱨᱮᱱ ᱥᱟᱶᱛᱮ ᱩᱱᱤ ᱨᱮᱥᱠᱤᱭ ᱨᱮᱠᱚᱰ ᱞᱮᱫᱟᱭ ᱒᱐᱐᱖ ᱨᱮ ᱚᱛᱤᱛᱷᱤᱛᱤ ᱰᱤᱡᱮ ᱞᱚᱡᱤᱠ ᱟᱨ ᱠᱮᱞᱟᱨᱟ ᱩᱭᱞᱤᱭᱢᱟᱥ(ᱜᱤᱴᱟᱨ ᱟᱨ ᱵᱮᱥ) ᱨᱮᱱ ᱥᱟᱶᱛᱮ ᱟᱭᱟᱜ ᱥᱮᱴᱳ ᱵᱮᱱᱟᱮᱥ ।"
1674,रेडियो 4 बाजारों से कई धूमकेतुओं और नाटक कार्यक्रम रेडियो 4 अतिरिक्त रेडियो पर प्रकाशित किए जा रहे हैं.,ᱨᱮᱰᱤᱣ ᱔ ᱨᱮ ᱢᱚᱦᱟᱯᱷᱮᱡᱠᱷᱟᱱᱟ ᱠᱷᱚᱱ ᱟᱭᱢᱟ ᱠᱚᱢᱮᱰᱤ ᱟᱨ ᱜᱟᱭᱟᱱ ᱟᱠᱷᱲᱟ ᱵᱤᱵᱤᱥᱤ ᱨᱮᱰᱤᱣ ᱔ ᱮᱠᱴᱨᱟᱼᱭ ᱩᱫᱩᱜ ᱥᱚᱫᱚᱨ ᱟᱠᱟᱱᱟ᱾
1675,"इसके अलावा, भारत की प्रांतीय भाषाओं में राष्ट्रीय फ़िल्म एजेन्सियों को भी सबसे बेहतरीन फिल्म दी जाती है ।",ᱵᱷᱟᱨᱚᱛ ᱨᱮᱭᱟᱜ ᱴᱚᱴᱷᱟᱠᱤᱭᱟᱹ ᱯᱟᱹᱨᱥᱤ ᱨᱮᱭᱟᱜ ᱥᱚᱨᱮᱥ ᱟᱱ ᱪᱚᱞᱚᱛ ᱪᱤᱛᱟᱹᱨ ᱠᱚ ᱦᱚ ᱡᱮᱜᱮᱫ ᱪᱚᱞᱚᱛ ᱪᱤᱛᱟᱹᱨ ᱥᱤᱲᱯᱟᱹ ᱦᱟᱢᱮᱴ ᱞᱮᱫᱟ ।
1676,"निया के कानूनों में लगता है कि निमआ मर गया है, और नीको को एहसास होता है कि उसकी समस्याओं से कोई रास्ता है ननहेना.",ᱱᱮᱦᱟᱣᱟᱜ ᱡᱟᱣᱟᱭ ᱚᱲᱟᱜ ᱠᱚ ᱪᱤᱱᱛᱟᱹᱭᱟ ᱱᱤᱠᱤᱛᱟ ᱫᱚᱭ ᱜᱚᱡ ᱮᱱᱟ ᱟᱨ ᱱᱤᱠᱤᱛᱟᱭ ᱟᱹᱭᱠᱟᱹᱭ ᱮᱫᱟ ᱡᱟᱦᱟ ᱫᱚ ᱩᱱᱤᱭᱟ ᱟᱱᱟᱴ ᱠᱷᱚᱱ ᱚᱱᱰᱩᱠᱚᱜ ᱨᱮᱭᱟᱜ ᱢᱤᱫᱴᱟᱝ ᱩᱯᱟᱹᱭ ᱦᱩᱭᱩᱜ ᱠᱟᱱᱟ ᱱᱮᱦᱟᱣᱟᱜ ᱩᱯᱨᱩᱢ ᱵᱷᱟᱜᱟᱣ ᱦᱟᱛᱟᱣ ।
1677,"इन दोनों गीतों के गीतों को साथाई के नाम से लिखा गया, और शेष गीत रामीद्रता, सेबॉच, देवी म्युस, और ब्वर्बल्‍ना द्वारा लिखे गए थे ।","ᱱᱚᱣᱟ ᱵᱟᱨᱭᱟ ᱥᱮᱨᱮᱧ ᱨᱮᱭᱟᱜ ᱠᱟᱛᱷᱟ ᱥᱟᱶᱦᱮᱫ ᱨᱮᱭᱟᱜ ᱱᱚᱱᱚᱞ ᱛᱮ ᱚᱞ ᱟᱠᱟᱱᱟ ᱟᱨ ᱮᱴᱟᱜ ᱥᱮᱨᱮᱧ ᱠᱚ ᱫᱚᱭ ᱚᱞ ᱟᱠᱟᱫᱟ ᱨᱟᱢᱟᱡᱳᱜᱟᱭᱟ ᱥᱟᱥᱛᱨᱤ ᱪᱚᱱᱫᱨᱚ ᱵᱥᱩ ᱫᱮᱵᱤ ᱥᱮᱨᱤ ᱯᱚᱨᱥᱟᱫ, ᱟᱨ ᱵᱷᱟᱥᱠᱚᱨᱵᱷᱟᱛᱚᱞᱟ ।"
1678,"""एक साथ खेलने के लिए मजबूर किया जाता है"" लेकिन ""बोझ की कहानी"" के लिए मजबूर कर दिया जाता है।","ᱢᱤᱫᱥᱟᱶᱛᱮ ᱵᱷᱟᱜᱮ ᱠᱟᱹᱢᱤ ᱠᱚᱨᱟᱣ ᱮᱱᱛᱮ ᱨᱮᱦᱚᱸ"" ᱢᱤᱫᱴᱟᱝ ᱫᱤᱜᱰᱷᱟᱹᱟᱱᱟᱜ ᱠᱟᱹᱦᱱᱤ ᱚᱨ ᱤᱫᱤ ᱞᱟᱹᱜᱤᱫ""ᱵᱟᱫᱷᱚ ᱦᱩᱭᱩᱜ ᱨᱮᱭᱟᱜ ᱢᱩᱲᱩᱫ ᱯᱟᱴᱷᱚᱠ ᱠᱚᱣᱟᱜ ᱥᱟᱨᱦᱟᱣ ᱠᱟᱛᱮ ᱫᱟ ᱤᱱᱰᱤᱭᱟᱱ ᱮᱠᱥᱯᱨᱮᱥ ᱨᱮᱭᱟᱜ ᱥᱩᱵᱷᱨᱟ ᱜᱩᱯᱛᱟ ᱕ ᱨᱮ ᱒ᱹ᱕ ᱮ ᱮᱢ ᱞᱮᱫᱟ ᱪᱚᱞᱚᱛᱪᱤᱛᱟᱹᱨ ᱫᱚ ᱾"
1679,"51st संस्करण की तरह, यह संस्करण भी एक कुल मिलाकर ऑनलाइन और आमने-सामने भाग में आयोजित किया गया था.","᱕᱑ ᱟᱹᱨᱩ ᱯᱷᱮᱨᱟᱣ ᱞᱮᱠᱟ, ᱱᱤᱭᱟ ᱟᱹᱨᱩᱯᱷᱮᱨᱟᱣ ᱫᱚ ᱚᱱᱞᱟᱭᱚᱱ ᱟᱨ ᱥᱟᱢᱟᱝ ᱫᱟᱯᱨᱟᱝ ᱥᱮᱞᱮᱫᱞᱮᱱᱟᱭ ᱢᱤᱞᱟᱹᱣ ᱢᱤᱫᱴᱟᱝ ᱢᱤᱫᱩᱜ ᱦᱚᱨᱟ ᱥᱟᱯᱲᱟᱣ ᱞᱮᱫᱟᱠᱚ᱾"
1680,इस फिल्म में यह दिखाया गया था कि इस फिल्म में क्वीना पैलिपि (चॉवमी का प्रधान) है ।,ᱪᱚᱞᱚᱠᱪᱤᱛᱟᱹᱨ ᱨᱮ ᱠᱳᱪᱤᱨ ᱥᱳᱢ ᱠᱮᱨᱚᱞ ᱫᱚᱞᱟᱱ ᱫᱚ ᱠᱟᱹᱢᱤᱭᱟᱹ ᱛᱷᱟᱯᱚᱱ (ᱜᱩᱨᱩᱥᱵᱟᱢᱤ ᱵᱤᱨᱫᱟᱹᱜᱟᱲ)ᱞᱮᱠᱟᱛᱮ ᱩᱫᱩᱜ ᱥᱚᱫᱚᱨ ᱟᱠᱟᱱᱟ᱾
1681,"मुखे के द्वारा किए गए थे: निमल डी 'तोर्शीना, मत्ती तत्ती, लकी, राव्ही, रेघी, शेरी रोनी, मोतारो, मोताफिया पथा, वावा और शिल्‍नाई वावा।","ᱨᱟᱹᱲᱮ ᱮᱢᱟᱠᱟᱫᱟᱺ ᱱᱤᱠᱷᱤᱞ ᱰᱤ'ᱥᱩᱡᱟ, ᱢᱳᱱᱟᱞᱤ ᱴᱷᱟᱠᱩᱨ, ᱞᱟᱠᱤ ᱟᱞᱤ, ᱨᱟᱦᱟᱛ ᱯᱷᱚᱛᱮ ᱟᱞᱤ ᱠᱷᱟᱱ, ᱥᱮᱠᱷᱚᱨ ᱨᱟᱵᱷᱡᱤᱭᱟᱱᱤ, ᱠᱮᱨᱟᱞᱤᱥᱟ ᱢᱚᱱᱴᱮᱨᱳ, ᱢᱳᱦᱤᱛ ᱪᱳᱦᱟᱱ, ᱥᱥᱨᱩᱛᱤ ᱯᱟᱴᱷᱚᱠ, ᱵᱤᱥᱟᱞ ᱫᱟᱫᱞᱟᱱᱤ, ᱥᱤᱞᱯᱟ ᱨᱟᱣ ᱟᱨ ᱚᱵᱷᱤᱡᱤᱛ ᱵᱷᱟᱜᱷᱟᱱᱤ ᱾"
1682,"यासू कहता है कि वे वाम्मी राज को पाँच साल तक प्रशिक्षण देने के लिए कहता है, ताकि राजसी को सरकारी पद के रूप में समर्थ कर सकें और मसीहा बन जाए ।",ᱵᱚᱱᱛᱩᱨ ᱞᱮᱠᱟ ᱡᱳᱜᱢᱟᱱ ᱟᱨ ᱥᱤ ᱤ ᱳ ᱠᱚ ᱨᱟᱠᱟᱵ ᱞᱟᱹᱜᱤᱫ ᱡᱚᱥᱩ ᱛᱚᱠᱷᱚᱱ ᱵᱟᱞᱢᱤᱠᱤ ᱢᱮᱱᱛᱮ ᱨᱟᱡᱟ ᱠᱚ ᱢᱚᱬᱮ ᱥᱮᱨᱢᱟ ᱞᱟᱹᱜᱤᱫ ᱥᱮᱪᱮᱫ ᱮ ᱮᱢᱟ ᱠᱚᱣᱟ᱾
1683,"जब वे अपनी कारों में एक दूसरे का पालन करते हैं, राजस्वा मरने से बचाता है और उनसे कहता है कि उसे फिर कभी नहीं देखेंगे.","ᱢᱤᱫ ᱢᱤᱫᱛᱮ ᱟᱯᱱᱟᱨᱟᱜ ᱜᱟᱹᱰᱤ ᱛᱮ ᱯᱟᱡᱟᱸ ᱞᱮᱠᱷᱟᱱ, ᱨᱟᱡᱽ ᱢᱤᱨᱟ ᱫᱚ ᱜᱚᱡ ᱠᱷᱚᱱ ᱮ ᱵᱟᱧᱪᱟᱣ ᱞᱮᱫᱮᱭᱟ ᱟᱨ ᱩᱱᱤ ᱥᱟᱶᱛᱮ ᱟᱨ ᱛᱤᱥᱦᱚᱸ ᱵᱟᱝ ᱧᱟᱯᱟᱢ ᱨᱮᱭᱟᱜ ᱠᱟᱛᱷᱟᱭ ᱢᱮᱛᱟ ᱫᱮᱭᱟ ᱾"
1684,"Juugantan टाइम्स से एक पारा चारा ने ५, ५.५ तारे दे दिए हैं यह ""खरा, व्हेल और स्वादिष्ट रूप से"" और लिखा ""बॉजी माशीनी एक काल्पनिक, आतंकित प्रेम कविता की तरह बाहर खेलते हैं।""","ᱦᱤᱱᱫᱩᱥᱛᱟᱱ ᱴᱟᱭᱤᱢᱨᱮᱱ ᱚᱱᱩᱯᱚᱢᱟ ᱪᱳᱯᱲᱟ ᱫᱚ ᱕ ᱢᱩᱫᱨᱮ ᱔.᱕ ᱥᱴᱟᱨᱨᱮ ᱮᱢᱟᱠᱟᱫᱟ, ᱱᱤᱭᱟᱹᱫᱚ ""ᱩᱰᱟᱹᱜᱽᱠᱟᱱ, ᱟᱸᱡᱚᱢᱚᱜᱽᱠᱟᱱ ᱟᱨ ᱧᱮᱞᱚᱜᱽ ᱞᱮᱠᱟᱛᱮ ᱫᱩᱨᱫᱟᱱᱛᱚ"" ᱢᱮᱱᱛᱮ ᱧᱩᱢᱩᱜᱽᱠᱟᱱ ᱟᱟᱨᱮ ᱚᱞᱟᱠᱟᱫᱟ ""ᱵᱟᱡᱤᱨᱟᱣ ᱢᱟᱥᱛᱟᱱᱤ ᱫᱚ ᱢᱤᱫᱴᱟᱝ ᱚᱯᱮᱨᱮᱴᱤᱠ, ᱵᱮᱼᱱᱤᱨᱟᱹᱭᱟᱱᱟᱜ, ᱨᱩᱣᱟᱹᱞᱮᱠᱟᱱ ᱫᱩᱞᱟᱹᱲ ᱨᱮᱭᱟᱜ ᱚᱱᱚᱲᱦᱮᱸ ᱞᱮᱠᱟᱭ ᱱᱟᱴᱚᱠᱼᱟᱠᱟᱫᱟ ᱾"""
1685,देश की बड़ी नदियों और पानी की धाराओं के माध्यम से हर साल 44 लाख टन माल प्राप्त कर रहे हैं.,ᱫᱤᱥᱟᱹᱢ ᱨᱮᱭᱟᱜ ᱢᱩᱲᱩᱫᱽ ᱱᱟᱹᱭ ᱟᱨ ᱫᱟᱜᱽᱰᱟᱦᱟᱨ ᱦᱚᱛᱮᱛᱮ ᱥᱮᱨᱢᱟᱠᱤᱭᱟᱹ ᱯᱨᱟᱭ ᱔ ᱠᱳᱴᱤ ᱔᱐ ᱞᱟᱠᱷ ᱢᱮᱴᱨᱤᱠ ᱴᱚᱱ ᱫᱟᱜᱽᱡᱟᱦᱟᱡᱟᱱ ᱢᱟᱞᱠᱩ ᱩᱪᱟᱹᱲᱚᱜᱽᱠᱟᱱᱟ ᱾
1686,"सन्‌ 2010 की एक रिपोर्ट के मुताबिक, अफगानिस्तान का सिर्फ 21% (या 1,350,000 हा) जंगल बन गया है ।","᱒᱐᱑᱐ ᱥᱟᱞ ᱨᱮ ᱨᱮᱛᱮᱫ ᱞᱮᱠᱟᱛᱮ ᱟᱯᱷᱜᱟᱱᱤᱥᱴᱷᱟᱱ ᱥᱩᱢᱩᱝ ᱒ᱹ᱑ ᱥᱟᱝᱠᱟᱨᱟ (ᱵᱟᱝᱠᱷᱟᱱ ᱑,᱓᱕᱐,᱐᱐᱐ ᱦᱮᱠᱴᱚᱨ) ᱦᱩᱭᱩᱜ ᱠᱟᱱᱟ ᱵᱤᱨ ᱴᱚᱴᱷᱟ᱾"
1687,सभी महाद्वीपीय महाद्वीपीय पिघलन के भिन्नीकरण और पूर्व महाद्वीपीय महाद्वीपीय महाद्वीपों के लक्षणों से अंत में कच्चे पिघलने से प्राप्त होती है.,ᱡᱚᱛᱚ ᱢᱟᱦᱟᱫᱮᱥᱤᱭᱚ ᱪᱮᱛᱟᱱ ᱦᱤᱸᱥᱜᱮ ᱢᱩᱪᱟᱹᱫ ᱫᱷᱟᱹᱵᱤᱡᱽ ᱟᱜᱱᱮᱭᱚᱜᱤᱨᱤ ᱞᱮᱠᱟᱱ ᱫᱷᱤᱨᱤ ᱜᱟᱞᱟᱜ ᱟᱨ ᱞᱟᱦᱟᱠᱷᱚᱱ ᱢᱮᱱᱟᱜ ᱢᱟᱦᱟᱫᱮᱥᱤᱭᱚ ᱪᱮᱛᱟᱱ ᱦᱤᱸᱥ ᱨᱮᱭᱟᱜ ᱟᱛᱛᱤᱠᱚᱨᱚᱱ (ᱫᱚᱲᱦᱟᱞᱮᱜ)ᱼᱨᱮᱭᱟᱜ ᱵᱷᱟᱜᱼᱦᱤᱸᱥ ᱨᱮᱭᱟᱜ ᱵᱮᱜᱟᱨ ᱦᱚᱛᱮᱛᱮ ᱯᱚᱴᱚᱢᱼᱚᱰᱚᱜᱚᱠ ᱜᱟᱞᱟᱣ (ᱢᱩᱰᱩᱛᱞᱮᱠᱟᱛᱮ ᱟᱜᱱᱮᱭᱚᱜᱤᱨᱤ ᱞᱮᱠᱟᱱ ᱫᱷᱤᱨᱤ) ᱠᱷᱚᱱᱜᱤ ᱚᱫᱚᱜᱚᱠ ᱠᱟᱱᱟ ᱾
1688,"हालाँकि जापान आम तौर पर चावल में खुद को थका देता है (लेकिन इसके इस्तेमाल के लिए चावल और पकाई चीज़ें बनाने में और गेहूँ बनाने के अलावा, देश को अन्य अनाज और अनाज की फसलों के बारे में लगभग ५० प्रतिशत आयात करना चाहिए और अपने आधे भोजन के लिए निर्भर करता है).","ᱪᱟᱣᱞᱤ (ᱪᱟᱣᱞᱤ ᱨᱮᱱᱟᱜ ᱯᱟᱯᱚᱲ ᱟᱨ ᱠᱟᱹᱢᱤ ᱦᱚᱨᱟ ᱨᱮᱭᱟᱜ ᱡᱚᱢ ᱵᱮᱱᱟᱣ ᱪᱷᱟᱰᱟ) ᱟᱨ ᱜᱩᱦᱩᱢ ᱴᱷᱟᱣᱨᱮ ᱡᱟᱯᱟᱱ ᱟᱯᱱᱟᱨᱟᱜ ᱯᱮᱨᱮᱡ ᱯᱩᱨᱟᱱ ᱦᱩᱭᱩᱜᱼᱟ, ᱮᱴᱟᱜ ᱡᱟᱝ ᱟᱨ ᱡᱤᱭᱟᱞᱤ ᱡᱚᱢᱟᱜ ᱪᱟᱥ ᱚᱨᱡᱚ ᱞᱟᱹᱠᱛᱤᱭᱟᱱ ᱕᱐% ᱫᱤᱥᱚᱢᱨᱮ ᱠᱚ ᱵᱟᱹᱱᱤᱡ ᱟᱹᱜᱩ ᱟ, ᱟᱨ ᱟᱫᱷᱟ ᱡᱤᱞ ᱡᱳᱜᱟᱣ ᱞᱟᱹᱜᱤᱫ ᱵᱟᱹᱱᱤᱡ ᱟᱜᱩ ᱪᱮᱛᱟᱱ ᱨᱮ ᱴᱮᱦᱟᱴ ᱟᱭ᱾"
1689,"सन्‌ 1885 में, अमरीका के वैज्ञानिकों का मानना है कि सन्‌ 1885 में कार्ल हॉन्डसन ने सबसे पहले तर्क किया था कि लंबे अरसे से खून - खराबा हो रहा है ।","ᱢᱟᱨᱠᱤ ᱚᱛᱥᱟᱲᱮᱥᱤᱭᱟᱹ ᱜᱳᱨᱳᱯᱷ ᱠᱟᱞ ᱜᱤᱞᱵᱟᱴ ᱑᱘᱘᱕ ᱼ ᱱᱚᱣᱟ ᱨᱮᱭᱟᱜ ᱯᱳᱭᱞᱳ ᱡᱩᱠᱛᱤᱭ ᱮᱱᱞᱤᱫᱟ ᱡᱟᱦᱟᱭ, ᱥᱟᱢᱩᱫ ᱫᱷᱟᱨᱮ ᱨᱮᱱᱟᱜ ᱯᱷᱮᱰᱟᱛ ᱠᱷᱚᱱ ᱧᱟᱢᱚᱜᱼᱟ ᱾"
1690,हवा में गर्म और सूखा गर्मियों और ठंडे सर्दियों होते हैं ।,ᱟᱥᱟᱱᱥᱳᱞ ᱨᱮᱭᱟᱜ ᱥᱮᱴᱚᱝᱫᱤᱱ ᱫᱚ ᱞᱚᱞᱚ ᱟᱨ ᱦᱟᱣᱮᱫ ᱟᱨ ᱨᱟᱵᱟᱝ ᱨᱮ ᱫᱚ ᱦᱟᱞᱠᱟ ᱨᱮᱭᱟᱲ ᱾
1691,यु. पू.,ᱵᱟᱨᱭᱟ ᱠᱟᱹᱴᱤᱡ ᱜᱟᱰᱟ ᱱᱩᱱᱤᱭᱟ ᱟᱨ ᱜᱚᱩᱨᱤ ᱟᱥᱟᱱᱥᱳᱞ ᱥᱟᱥᱮ ᱛᱮ ᱟᱹᱛᱩ ᱪᱟᱞᱟᱜ ᱠᱟᱱᱟ᱾
1692,"जब एक बड़े भूकंप के बारे में बताया जाता है, तो वहाँ का तापमान काफी हद तक तबाही मचा सकता है ।",ᱢᱤᱫᱴᱟᱝ ᱞᱟᱹᱴᱩ ᱫᱷᱟᱹᱨᱛᱤ ᱞᱟᱲᱟᱣ ᱡᱟᱦᱟᱨᱮ ᱮᱛᱦᱚᱵ ᱟ ᱡᱚᱠᱷᱚᱱ ᱥᱟᱹᱢᱩᱫ ᱫᱷᱟᱨᱮ ᱠᱷᱚᱱ ᱠᱟᱹᱴᱤᱡ ᱡᱷᱟᱹᱞᱨᱮ ᱥᱟᱹᱢᱩᱫᱨᱮ ᱦᱩᱭᱞᱮᱱᱠᱷᱟᱱ ᱛᱚᱠᱷᱚᱱ ᱦᱩᱭ ᱫᱟᱲᱮᱭᱟᱜᱼᱟ ᱢᱤᱫᱴᱟᱝ ᱥᱩᱱᱟᱢᱤ ᱜᱷᱚᱴᱟᱜ ᱞᱟᱹᱜᱤᱫ ᱥᱟᱹᱢᱩᱫ ᱞᱟᱛᱮᱨ ᱟᱹᱰᱤ ᱟᱴ ᱞᱟᱲᱟᱜᱼᱟ᱾
1693,"ऊपरी Dmamaja के जाड़े के दौरान बर्फ और स्लेवा में आम तौर पर आम बात हो गयी है ( जिसमें म्युगन्‌स नाग, और नडीडी भी शामिल है) ।","ᱨᱮᱭᱟᱲ ᱫᱤᱱ (ᱢᱮᱠᱞᱮᱳᱰᱜᱚᱧᱡ, ᱵᱷᱟᱜᱥᱩ ᱱᱟᱜ ᱟᱨ ᱱᱟᱫᱫ ᱥᱟᱶ) ᱩᱥᱩᱞ ᱫᱳᱨᱚᱢ ᱥᱟᱞᱟᱨᱮ ᱵᱚᱨᱚᱯᱷ ᱡᱟᱹᱲᱤ ᱟᱨ ᱟᱨᱮᱞ ᱥᱟᱫᱷᱟᱨᱚᱱ ᱵᱮᱯᱟᱨ ᱠᱟᱱᱟ᱾"
1694,"यह फल खासकर जमैका के मध्य भाग में पाया जाता है, खास तौर पर 1,000,,500 फुट की ऊँचाई के बीच ।","ᱞᱮᱵᱩ ᱞᱮᱠᱟᱱᱟᱜ ᱡᱚ ᱢᱩᱲᱩᱫ ᱞᱮᱠᱟᱛᱮ ᱡᱟᱢᱟᱭᱠᱟᱨ ᱛᱟᱱᱟᱞᱟ ᱴᱚᱴᱷᱟ ᱨᱮ ᱵᱤᱥᱮᱥ ᱠᱟᱛᱮ ᱑᱐᱐᱐ᱼ᱒,᱕᱐᱐ ᱯᱷᱩᱴ ᱪᱮᱛᱟᱱ ᱢᱩᱫᱨᱮ ᱟᱨᱡᱟᱣ ᱦᱩᱭᱩᱜᱼᱟ ᱾"
1695,इस शहर को दो मुख्य स्रोतों से पानी मिलता है: पानी और ज़मीन के पानी की सतह पर पानी और पानी की ज़रूरत पूरी करने के लिए ।,ᱫᱮᱨᱟᱫᱩᱱ ᱥᱟᱦᱟᱨ ᱟᱭᱟᱜ ᱪᱟᱹᱦᱤᱫᱟ ᱢᱮᱴᱟᱣ ᱞᱟᱹᱜᱤᱫ ᱛᱮ ᱵᱟᱨᱭᱟ ᱮᱛᱚᱦᱚᱵ ᱯᱷᱮᱰᱟᱛ ᱠᱷᱚᱱ ᱧᱩᱭ ᱫᱟᱜ ᱠᱚ ᱧᱟᱢᱟ ᱦᱟᱥᱟᱞᱟᱛᱟᱨ ᱨᱮᱭᱟᱜ ᱫᱟᱜ ᱟᱨ ᱫᱷᱟᱹᱨᱛᱤ ᱞᱟᱛᱟᱨ ᱨᱮᱭᱟᱜ ᱫᱟᱜ ᱾
1696,"इस तरह के फलों की पैदावार रंग - रूप से बढ़ रही है, जैसे कि आम तौर पर किसान पेड़ - पौधों से होते हैं ।","ᱟᱭᱢᱟ ᱞᱮᱠᱟᱱ ᱡᱚ ᱡᱮᱞᱮᱠᱟ ᱩᱞ, ᱥᱚᱵᱮᱫᱟ, ᱠᱚᱢᱞᱟ, ᱠᱟᱭᱨᱟ, ᱯᱤᱯᱟᱹ, ᱟᱱᱟᱱᱨᱚ ᱟᱨ ᱨᱮᱦᱮᱫᱽ ᱡᱚ ᱠᱚ ᱪᱟᱹᱥᱤ ᱠᱚᱣᱟᱜ ᱢᱟᱹᱞᱤᱠ ᱟᱶᱛᱟᱨᱮᱱᱟᱜ ᱵᱩᱨᱩ ᱠᱚᱨᱮ ᱦᱩᱭᱩᱜᱼᱟ ᱾"
1697,स्पेन और इटली में मछली को साफ - सुथरा रखा जाता है ।,ᱴᱟᱴᱠᱟ ᱦᱟᱠᱩ ᱯᱷᱨᱟᱱᱥᱨᱮ ᱟᱨ ᱨᱚᱦᱚᱲ ᱟᱨ ᱡᱚᱜᱟᱣᱫᱚᱦᱚ ᱦᱟᱠᱩ ᱫᱚ ᱥᱯᱮᱱ ᱟᱨ ᱤᱛᱟᱞᱤᱨᱮ ᱵᱟᱨᱦᱮᱠᱩ ᱵᱟᱹᱱᱤᱡᱚᱜᱽ ᱠᱟᱱᱟ ᱾
1698,यह द्वीप उन द्वीपों से ढके हुए हैं जो माल - पेशियों के स्तरों से काफी बड़े हैं ।,"ᱱᱚᱶᱟ ᱨᱮᱭᱟᱜ ᱯᱟᱹᱪᱨᱤᱠᱚ, ᱡᱟᱦᱟᱸ ᱨᱮᱭᱟᱜ ᱯᱩᱨᱩᱵ ᱯᱟᱲ ᱪᱷᱟᱰᱟ ᱵᱷᱤᱞᱩ ᱨᱮᱭᱟᱜ ᱡᱟᱦᱟᱸᱱ ᱪᱤᱱᱦᱟᱹ ᱵᱟᱱᱩᱜᱼᱟ, ᱥᱟᱫᱷᱟᱨᱚᱱ ᱞᱮᱠᱟᱛᱮ ᱚᱥᱟᱨ ᱠᱟᱹᱴᱤᱡ ᱦᱩᱭᱩᱜᱼᱟ, ᱡᱟᱦᱟᱸ ᱢᱟᱞᱰᱷᱤᱯ ᱨᱮᱭᱟᱜ ᱢᱟᱱ ᱞᱮᱠᱟᱛᱮ ᱵᱤᱪᱟᱹᱨ ᱞᱮᱠᱷᱟᱱ ᱵᱮᱥ ᱞᱟᱹᱴᱩ ᱰᱷᱤᱯ ᱞᱟᱛᱟᱨ ᱨᱮ ᱛᱚᱯᱟ ᱟᱠᱟᱱ ᱾"
1699,"इसके अलावा, यह भी कहा जा सकता है कि इन अलग - अलग तरीकों से बहुत - सी चीज़ें तैयार की जा सकती हैं ।","ᱥᱮᱞᱩᱞᱳᱡᱽ ᱯᱷᱟᱭᱵᱟᱨ ᱨᱮᱭᱟᱜ ᱮᱴᱟᱜᱼᱟᱜ ᱠᱚᱨᱮ ᱢᱤᱫ ᱞᱮᱠᱟᱱᱟᱜ ᱜᱩᱱ ᱢᱮᱱᱟᱜᱼᱟ ᱮᱱᱠᱷᱟᱱ ᱥᱩᱛᱟᱹᱢ ᱨᱮᱭᱟᱜ ᱴᱮᱠᱥᱴᱟᱭᱤᱞ ᱞᱟᱹᱜᱤᱫ ᱱᱤᱯᱷᱩᱴ ᱫᱚ ᱵᱟᱝ ᱠᱟᱱᱟ , ᱚᱥᱟᱨ ᱰᱟᱲᱮ ᱟᱨ ᱞᱚᱞᱚ ᱥᱟᱢᱲᱟᱣ ᱨᱮᱭᱟᱜ ᱞᱮᱠᱟᱱ ᱜᱩᱱᱠᱚ ᱢᱩᱫᱽᱨᱮ ᱵᱷᱟᱮᱜᱟᱨ ᱢᱮᱱᱟᱜᱼᱟ ᱾"
1700,इस तरह वे कुदरती आफतों के लिए बाज़ार में जा बसे हैं ।,ᱛᱩᱞᱟᱹᱢ ᱪᱟᱥᱨᱮ ᱩᱥᱩᱞ ᱡᱚᱠᱷᱟ ᱫᱟᱜ ᱟᱨ ᱠᱤᱴᱱᱟᱥᱚᱠ ᱵᱮᱵᱦᱟᱨ ᱛᱷᱟᱯᱚᱱ ᱥᱟᱛᱟᱢ ᱱᱤᱭᱮᱹ ᱠᱩᱠᱞᱤ ᱨᱟᱠᱟᱵ ᱞᱮᱫᱟᱭ ᱟᱨ ᱥᱟᱪᱟᱨᱥᱮᱫ ᱥᱩᱛᱟᱹᱢ ᱮᱴᱟᱜ ᱠᱚ ᱞᱟᱹᱜᱤᱫ ᱢᱤᱫᱴᱟᱝ ᱵᱟᱡᱟᱨ ᱵᱮᱱᱟᱣ ᱞᱮᱫᱟᱭ᱾
1701,"गर्म, साफ गर्म जल के जल में, प्रवालों की ओर से ज़्यादा प्रचुर हैं, जहाँ पानी ठंडा है ।","ᱢᱮᱨᱩ ᱴᱚᱴᱷᱟ ᱡᱟᱦᱟᱸᱨᱮᱱᱟᱜ ᱫᱚᱜᱽ ᱫᱚ ᱨᱮᱭᱟᱲ ᱚᱱᱟ ᱠᱷᱚᱱ ᱠᱨᱟᱱᱛᱤᱭᱚ ᱞᱚᱞᱚ, ᱨᱤᱞᱤᱯᱷᱤᱞᱤ ᱫᱟᱜᱽᱨᱮ ᱯᱨᱚᱵᱟᱞ ᱞᱮᱠᱷᱟᱨᱮ ᱟᱹᱫᱤᱜᱟᱱ ᱧᱟᱢᱚᱜᱽᱼᱟ ᱾"
1702,"भारत में ७,५१६ किलोमीटर की दूरी पर है (४,६७०) समुद्र तट, ३,८27 मछुवाही गाँवों, और १,९१४ पारंपरिक पारंपरिक मछलियों की यात्रा ।","ᱵᱷᱟᱨᱚᱛ ᱨᱮ ᱗,᱕᱑᱖ ᱠᱤᱞᱳᱢᱤᱴᱟᱨ (᱔᱖᱗᱐ ᱢᱟᱭᱤᱞ) ᱥᱟᱢᱩᱫᱽ ᱟᱲᱮᱥᱤᱢᱟᱹ, ᱓,᱘᱒᱗ ᱜᱚᱴᱟᱝ ᱦᱟᱹᱠᱩ ᱟᱹᱛᱩ ᱟᱨ ᱑,᱙᱑᱔ ᱜᱚᱴᱟᱝ ᱵᱩᱱᱤᱭᱟᱹᱫ ᱟᱱᱟᱜ ᱦᱟᱹᱠᱩ ᱥᱟᱵ ᱛᱟᱞᱢᱟ ᱢᱮᱱᱟᱜᱼᱟ ᱾"
1703,"कुछ नकदी की फसलें हैं, जो लीओवा, क्रेना, ऑरा, लीब, लीआ, पापाा, पंआ, पाउ, पाउ और लोम में पायी जाती हैं ।","ᱢᱩᱱᱤᱯᱩᱨ ᱞᱟᱹᱜᱤᱫ ᱡᱚᱛᱷᱟᱛ ᱠᱤᱪᱷᱩ ᱠᱟᱹᱣᱰᱤ ᱟᱹᱨᱤ ᱟᱨᱡᱟᱣ ᱫᱩᱨᱤᱯ ᱦᱩᱭᱩᱜ ᱠᱟᱱᱟ ᱞᱤᱪᱩ, ᱥᱚᱥᱚ, ᱟᱠᱷᱨᱳᱴ, ᱠᱚᱢᱚᱞᱟ ᱞᱮᱵᱩ, ᱠᱟᱹᱵᱡᱤ ᱞᱮᱵᱩ, ᱟᱱᱟᱨᱚᱥ, ᱯᱤᱯᱳ, ᱯᱮᱥᱚᱱ , ᱱᱟᱥᱯᱟᱛᱤ, ᱟᱨ ᱵᱚᱨᱚᱭ᱾"
1704,"इसके अलावा, जहाँ तक जानवरों की देखभाल करने की बात आती है, वहीं दूसरी जगहों पर रहनेवाले जानवरों की देखभाल करनेवालों के लिए काम करने का तरीका भी अलग - अलग हो जाता है ।","ᱛᱩᱱᱠᱷᱤ ᱠᱟᱛᱮᱜ ᱧᱮᱞ ᱵᱮᱵᱥᱛᱷᱟ ᱨᱮ ᱱᱚᱣᱟ ᱵᱚᱫᱚᱞ ᱡᱤᱭᱞᱤ ᱵᱟᱱᱪᱟᱣ ᱠᱚ ᱞᱟᱹᱜᱤᱫ ᱡᱚᱜᱟᱣ ᱡᱚᱛᱚᱱ, ᱫᱟᱨᱮ ᱡᱚᱛᱚᱱ ᱦᱚᱭ ᱦᱤᱥᱤᱫ ᱥᱟᱢᱲᱟᱣ ᱟᱨ ᱟᱭᱢᱟ ᱪᱟᱱᱟᱪ ᱨᱮᱱ ᱟᱨ ᱦᱚᱟᱭᱢᱟ ᱡᱟᱹᱛᱤ ᱨᱮᱱ ᱡᱤᱭᱞᱤᱯᱟᱞᱟᱣ ᱨᱮᱭᱟᱜ ᱡᱟᱹᱥᱛᱤ ᱜᱮᱭᱟᱱ ᱥᱟᱶᱛᱮ ᱵᱚᱥᱚᱵᱟᱥ ᱨᱮᱭᱟᱜ ᱞᱚᱭᱚᱝ ᱡᱚᱛᱱᱟᱣ ᱠᱟᱹᱢᱤ ᱜᱟᱠᱷᱩᱨᱟᱱ ᱥᱟᱣᱛᱮ ᱟᱵᱟᱥ ᱨᱩᱠᱷᱤᱭᱟᱹ ᱨᱮᱭ ᱵᱮᱱᱟᱣ ᱞᱮᱫᱟ ᱟᱮ ᱠᱟᱹᱢᱤ ᱨᱮᱭᱟᱜ ᱫᱟᱣ ᱮ ᱵᱚᱫᱚᱞ ᱟᱠᱟᱫᱟ ᱾ ।"
1705,"इस देश के अंदर जो जानवर पैदा हुए हैं या जिन्हें अपने आप नष्ट कर दिया गया है, उन्हें भी इस देश में भारतीय या एशियाई मुर्गी, जावा स्पोरोस, और सुनोइनोस शामिल है ।","ᱧᱩᱢᱟᱱ ᱛᱩᱣᱟᱧᱩ ᱡᱤᱭᱟᱹᱞᱤ, ᱡᱟᱦᱟᱸ ᱫᱚ ᱫᱤᱥᱟᱹᱢ ᱛᱟᱞᱟᱨᱮ ᱜᱤ ᱢᱩᱪᱷᱟᱹᱣᱟᱠᱟᱱᱟ ᱥᱮ ᱢᱩᱪᱷᱟᱹᱣᱟᱠᱟᱱ ᱢᱮᱱᱛᱮ ᱜᱤ ᱥᱟᱵᱚᱜᱽᱠᱟᱱᱟ, ᱚᱱᱟᱠᱩ ᱢᱩᱫᱨᱮᱠᱩ ᱦᱩᱭᱩᱜᱽᱠᱟᱱᱟ ᱵᱷᱟᱨᱚᱛᱤᱭᱟᱹ ᱥᱮ ᱮᱥᱤᱭᱟᱴᱤᱠ ᱪᱤᱛᱟ, ᱡᱟᱵᱷᱟ ᱫᱤᱥᱟᱹᱢᱤᱭᱟᱹ ᱜᱚᱱᱰᱟᱨ ᱟᱨ ᱥᱩᱢᱟᱛᱨᱟᱨᱮᱱ ᱜᱚᱱᱰᱟᱨ ᱾"
1706,"गोआ के राज्य का जानवर गाबर है, राज्य पक्षी अग्निमय बीबर है, और राज्य पेड़ भारतीय लाउनल है.","ᱜᱳᱣᱟ ᱯᱚᱱᱚᱛ ᱡᱤᱭᱟᱹᱞᱤ ᱜᱳᱨ, ᱯᱚᱱᱚᱛ ᱪᱮᱬᱮ ᱥᱟᱥᱟᱝ ᱯᱤᱭᱳ ᱪᱮᱬᱮ ᱟᱨ ᱯᱚᱱᱚᱛ ᱫᱟᱨᱮ ᱦᱩᱭᱩᱜ ᱠᱟᱱᱟ ᱵᱷᱟᱨᱚᱛᱤᱭᱟᱹ ᱞᱚᱨᱮᱞ ᱾"
1707,"यह भोजन की मुख्य फ़सल है, और नकोल (चौढ़ोस), राफेश (चौढ़ीच), और अन्य भोजन की फसलें भी बढ़ जाती हैं ।","ᱦᱩᱲᱩ ᱫᱚ ᱦᱩᱭᱩᱜ ᱠᱟᱱᱟ ᱢᱩᱲᱩᱫ ᱡᱚᱢᱟᱜ ᱟᱱᱟᱪ, ᱟᱨ ᱫᱟᱹᱞ ( ᱥᱩᱴᱤ ), ᱨᱟᱜᱤ ( ᱢᱟᱹᱨᱣᱟᱹ ) ᱟᱨ ᱮᱴᱟᱜ ᱡᱚᱢᱟᱜ ᱟᱱᱟᱪ ᱠᱚᱦᱚᱸ ᱦᱩᱭᱩᱜᱼᱟ ᱾"
1708,"गर्मियों का तापमान बहुत ही गर्म है; कम - से - कम उत्तर क्षेत्रों में तापमान मई के दौरान 50 से ज़्यादा हो सकता है, जो कि गर्मी की लहरों की ओर ले जा सकते हैं जो हर एक सैकड़ों भारतीयों को मार सकते हैं ।","ᱥᱤᱛᱩᱝᱠᱟᱞ ᱟᱹᱰᱤᱰᱷᱮᱨ ᱞᱚᱞᱚ, ᱢᱮ ᱪᱟᱸᱫᱳ ᱞᱟᱛᱟᱨ ᱴᱚᱴᱷᱟᱠᱚᱨᱮ ᱞᱚᱞᱚᱥᱚᱝ ᱕᱐ ᱰᱤᱜᱨᱤ ᱥᱮᱱᱴᱤᱜᱨᱮᱴ (᱑᱒᱒ ᱰᱤᱜᱨᱤ ᱯᱷᱟᱨᱮᱱᱦᱟᱭᱤᱴ) ᱯᱟᱨᱚᱢ ᱠᱮᱫᱟᱭ ᱡᱟᱦᱟᱸ ᱞᱚᱞᱚᱞᱤᱸᱜᱤᱱ ᱨᱮᱭᱟᱜ ᱮ ᱛᱟᱭᱟᱨ ᱮᱫᱟ, ᱡᱟᱦᱟᱸ ᱠᱚ ᱡᱚᱛᱚᱨᱮ ᱥᱟᱭ ᱥᱟᱭ ᱵᱷᱟᱨᱚᱛᱤᱭᱟᱹᱭ ᱜᱚᱡ ᱫᱟᱲᱮ ᱟᱠᱚᱣᱟ ᱾"
1709,"ये जीव - जंतुओं के जीव - विज्ञानी हैं, जो उत्तर और दक्षिण अमरीका, एशिया, एशिया, यूरोप, और प्रशांत महासागर में खेती - बाड़ी के उद्देश्‍यों में भाग लेते हैं ।","ᱱᱟᱛᱤᱥᱤᱛᱳᱥᱱ ᱯᱚᱨᱱᱚᱢᱳᱪᱤ ᱵᱤᱨ ᱨᱮᱭᱟᱜ ᱵᱟᱭᱩᱢ ᱠᱚ ᱫᱚ ᱩᱛᱛᱨ ᱟᱨ ᱫᱚᱠᱷᱤᱱ ᱟᱢᱮᱨᱤᱠᱟ,ᱮᱥᱤᱭᱟ ᱦᱤᱢᱟᱞᱭᱮᱨ ᱫᱚᱠᱷᱤᱱ ᱰᱷᱟᱞ ᱤᱭᱨᱳᱯᱟᱨ ᱳᱥᱤᱭᱟᱱᱤᱭᱟ ᱨᱮ ᱪᱟᱥᱵᱟᱥ ᱨᱮᱭᱟᱜ ᱡᱚᱥ ᱯᱟᱥᱱᱟᱣ ᱛᱮ ᱛᱟᱦᱮᱱ ᱚᱛᱚᱢᱚᱱ ᱡᱟᱹᱛᱤ।"
1710,अलग - अलग किस्म के लोग अलग - अलग किस्म के जीवन जीते हैं ।,"ᱱᱤᱭᱟᱹ ᱨᱤᱛᱩᱞᱮᱠᱟᱛᱮ ᱩᱨᱜᱟᱹᱱᱟᱱ ᱵᱚᱸᱥᱠᱩᱣᱟᱜ ᱟᱭᱢᱟ ᱡᱤᱭᱚᱱᱜᱚᱲᱦᱚᱱ ᱢᱮᱱᱟᱜᱼᱟ, ᱡᱟᱦᱟᱸ ᱫᱚ ᱩᱝᱠᱩᱣᱟᱜ ᱦᱚᱭᱫᱟᱜ ᱨᱮᱭᱟᱜ ᱨᱤᱛᱩᱵᱳᱭᱪᱤᱛᱨᱚ ᱦᱚᱛᱮᱛᱮ ᱢᱩᱰᱩᱛᱞᱮᱠᱟᱛᱮ ᱞᱚᱞᱚᱢᱟᱹᱱ ᱟᱨ ᱫᱟᱜᱽᱡᱟᱹᱲᱤ ᱨᱮᱭᱟᱜ ᱦᱟᱨ ᱠᱷᱮᱛᱨᱚ ᱨᱮ ᱡᱟᱹᱥᱛᱤᱠᱟᱭᱛᱮ ᱮᱥᱮᱲᱚᱜ ᱠᱟᱱᱟ ᱾"
1711,"गुरू बंदरगाह में केला पोर्ट, एमलाव्व पोर्ट, डेवी पोर्ट, Highviz पोर्ट, Higivo पोर्ट, Hivivo पोर्ट (दवावा), मोर्ख पोर्ट (एक), न्यू हैल पोर्ट पोर्ट (Gugogigigo), भारत में पोर्ट, पोर्ट पोर्टाका, पोर्ट पोर्ट, पोर्टरहहहहहह, पोर्ट और पाकिस्तान में पोर्टा में पोर्टरल में है; पोर्टरल के पोर्टरल पोर्टरल पोर्टरल और पोर्टरल, पोर्टरल में ओगोल पोर्टरल पोर्टरल, पोर्टरल पोर्टरल, पोर्टरल, पोर्टरल पोर्टरल पोर्टरल, पोर्टरल, पोर्टरल पोर्टरल, पोर्टरल, पोर्टरल पोर्टरल पोर्टरल, ओन,","ᱵᱷᱟᱨᱚᱛ ᱨᱮᱭᱟᱜ ᱠᱟᱱᱰᱟᱞᱟ ᱟᱰᱟ, ᱢᱩᱱᱫᱨᱟ ᱟᱰᱟ, ᱯᱤᱯᱟᱵᱷᱟᱵ ᱟᱰᱟ, ᱫᱟᱦᱮᱡ ᱟᱰᱟ, ᱦᱟᱡᱤᱨᱟ ᱟᱰᱟ, ᱢᱩᱢᱵᱟᱭ ᱟᱰᱟ, ᱱᱚᱵᱚᱥᱮᱵᱟ ᱟᱰᱟ (ᱱᱚᱵᱤ ᱢᱩᱢᱵᱟᱭ), ᱢᱟᱨᱢᱟᱜᱟᱸᱳ ᱟᱰᱟ (ᱜᱳᱣᱟ), ᱱᱤᱣ ᱢᱮᱝᱜᱟᱞᱳᱨ ᱟᱰᱟ, ᱠᱳᱪᱤ ᱟᱰᱟ; ᱯᱟᱠᱤᱥᱛᱟᱱ ᱨᱮᱭᱟᱜ ᱠᱚᱨᱟᱪᱤ ᱟᱰᱟ, ᱠᱟᱥᱤᱢ ᱟᱰᱟ, ᱟᱨ ᱜᱚᱫᱚᱨ ᱟᱰᱟ; ᱤᱨᱟᱱ ᱨᱮᱭᱟᱜ ᱪᱟᱵᱟᱦᱟᱨ ᱟᱰᱟ; ᱟᱨ ᱳᱢᱟᱱ ᱨᱮᱭᱟᱜ ᱥᱟᱞᱟᱦᱽᱼᱨᱮ ᱥᱟᱞᱟᱞᱟᱦᱽ ᱟᱰᱟ ᱢᱩᱲᱩᱫ ᱥᱟᱹᱢᱩᱫᱟᱰᱟᱠᱩ ᱢᱩᱫᱨᱮ ᱢᱮᱱᱟᱜᱼᱟ ᱾"
1712,"गोनवान और व वन्यन के भागों के भीतर मद हैं मद्राश्‍त, हहह, ब्ख, बिहर, पश्‍चिम बहर, पश्‍चिम ब्ख, महाहर, सुशमा और जयमिर, पोमा, पीहाम, पीहाम, पीख, राजह, राजह, राजह, और उंदन के भाग ।","ᱢᱚᱫᱷᱮ ᱯᱨᱚᱫᱮᱥ, ᱪᱷᱚᱛᱛᱤᱥᱜᱚᱲ, ᱳᱲᱤᱥᱟ, ᱵᱤᱦᱟᱨ, ᱡᱷᱟᱲᱠᱷᱚᱱᱰ, ᱯᱚᱪᱷᱤᱢ ᱵᱚᱝᱜ, ᱚᱱᱫᱷᱨ ᱯᱨᱚᱫᱮᱥ, ᱢᱚᱦᱟᱨᱟᱥᱴᱨ, ᱡᱚᱢᱵᱩ ᱟᱨ ᱠᱟᱥᱢᱤᱨ, ᱯᱟᱧᱡᱟᱵ, ᱦᱤᱢᱟᱪᱚᱞ ᱯᱨᱚᱫᱮᱥ, ᱨᱟᱡᱥᱛᱷᱟᱱ, ᱟᱨ ᱩᱛᱛᱨᱟᱠᱷᱚᱱᱫ ᱜᱚᱱᱰᱳᱭᱟᱱᱟ ᱟᱨ ᱵᱤᱱᱫᱮᱨ ᱵᱷᱟᱡᱨᱮ ᱥᱮᱞᱮᱫ ᱟᱠᱟᱱᱟ᱾"
1713,उत्तर अमरीका के नीचे काराटन पेड़ दो परतों को दिखाता है ।,"ᱴᱚᱢᱳᱜᱨᱟᱯᱷᱤᱨᱮ ᱧᱮᱞ ᱛᱮ ᱡᱮ, ᱩᱛᱛᱚᱨ ᱟᱢᱮᱨᱤᱠᱟ ᱞᱟᱛᱟᱨᱫᱤᱥᱚᱢ ᱠᱨᱮᱴᱚᱱ ᱨᱮᱦᱮᱫᱨᱮ ᱵᱟᱨᱭᱟ ᱛᱷᱟᱨ᱾"
1714,फरवरी और अप्रैल के लिए हर महीने औसतन 1 इंच अलग - अलग तरीके से रखा जाता है ।,ᱡᱚᱛᱚ ᱪᱟᱸᱫᱳ ᱨᱮᱭᱟᱜ ᱜᱚᱲ ᱫᱟᱜᱡᱟᱹᱲᱤ ᱯᱷᱮᱵᱨᱟᱣᱟᱨᱤ ᱠᱷᱚᱱ ᱮᱯᱨᱤᱞ ᱞᱟᱹᱜᱤᱫ ᱕᱔ ᱢᱤᱢᱤ (᱒ᱹ᱑ ᱤᱧᱪᱤ) ᱟᱨ ᱡᱩᱞᱟᱭ ᱞᱟᱹᱜᱤᱫ ᱗᱘ ᱢᱤᱢᱤ (᱓ᱹ᱑ ᱤᱧᱪᱤ) ᱨᱮᱭᱟᱜ ᱢᱩᱫᱽᱨᱮ ᱟᱹᱪᱩᱨᱚᱜ ᱠᱟᱱᱟ ᱾
1715,"इस प्रकार, इन क्षेत्रों में कम आमदनी का अर्थ कम उत्पादन और इस प्रकार, कम आय का अर्थ है ।","ᱡᱚᱢᱤ ᱟᱨ ᱫᱟᱜ ᱚᱵᱷᱟᱵᱛᱮ, ᱵᱟᱝ ᱩᱛᱱᱟᱣ ᱪᱟᱥᱵᱟᱥ ᱦᱚᱨᱟ ᱟᱨ ᱯᱨᱚᱵᱟᱞ ᱯᱟᱹᱪᱤᱨ ᱴᱚᱴᱷᱟᱠᱚ ᱜᱚᱲᱚ ᱡᱳᱜᱟᱣᱡᱚᱛᱚᱱ ᱵᱟᱝ ᱛᱟᱦᱮᱱ ᱢᱮᱱᱮᱛ ᱦᱩᱭᱩᱜ ᱠᱟᱱᱟ ᱞᱟᱛᱟᱨ ᱟᱨᱡᱟᱣ ᱟᱨ ᱚᱱᱟ ᱚᱡᱮᱛᱮ ᱱᱤᱭᱟᱹ ᱴᱚᱴᱷᱟᱠᱚ ᱟᱭ ᱠᱚᱢ ᱜᱮᱭᱟ᱾"
1716,"जंगल के ये ज़रूरी उत्पादन हैं, मैगॉआ पेशियाँ, काली मिर्च, और चूंद ।","ᱡᱟᱹᱨᱩᱲᱟᱱᱟᱜ ᱵᱤᱨ ᱫᱩᱨᱤᱵᱠᱩ ᱫᱚ ᱦᱩᱭᱩᱜᱠᱟᱱᱟ ᱢᱟᱫ ᱨᱮᱭᱟᱜ ᱵᱮᱛ, ᱢᱟᱨᱟᱴᱷᱟ ᱪᱷᱟᱞ, ᱪᱤᱞᱞᱟ ᱪᱷᱟᱞ ᱟᱨ ᱵᱷᱤᱨᱟᱱᱫ ᱾"
1717,"कुछ और ज़रूरी फसलें हैं, गेहूँ, सुलैमान, सुलैमान और सुलैमान ।","ᱮᱴᱟᱜ ᱧᱩᱛᱩᱢᱟᱱ ᱟᱱᱟᱡᱠᱩ ᱦᱩᱭᱩᱜᱽᱠᱟᱱᱟ ᱦᱩᱲᱩ, ᱛᱩᱞᱟᱹᱢ, ᱟᱹᱠᱷ, ᱵᱟᱡᱨᱟ, ᱨᱟᱜᱤ, ᱡᱳᱣᱟᱨ, ᱡᱚᱸᱰᱨᱟ, ᱵᱟᱨᱞᱤ ᱟᱨ ᱡᱚᱠᱩ ᱾"
1718,इस बात की भी रिपोर्ट दी गयी है ।,᱓᱗ ᱴᱤ ᱵᱤᱧ ᱠᱤᱫᱤᱧ ᱟᱨ ᱫᱟᱜ ᱟᱨ ᱜᱷᱩᱴᱩᱨᱮ ᱫᱟᱲᱟᱱ ᱡᱤᱭᱟᱞᱤ ᱵᱚᱨᱜᱚᱨᱮ ᱧᱩᱛᱩᱢ ᱥᱮᱞᱟᱫ ᱟᱠᱟᱱᱟ᱾
1719,यह दल सन्‌ 1880 के दशक में एक पनामा का निर्माण करने की कोशिश करता था ।,"ᱰᱤᱞᱮᱥᱮᱯᱥ ᱠᱳᱢᱯᱟᱱᱤ, ᱡᱟᱦᱟᱭ ᱥᱩᱭᱮᱡ ᱠᱷᱟᱞᱠᱚ ᱪᱟᱞᱟᱣᱟ, ᱑᱘᱘᱐ ᱫᱚᱥᱚᱠᱨᱮ ᱯᱳᱭᱞᱳ ᱯᱟᱱᱟᱢᱟ ᱠᱷᱟᱞ ᱵᱮᱱᱟᱣᱮ ᱠᱩᱨᱩᱢᱩᱴᱩ ᱞᱮᱫᱟ᱾"
1720,"तीन जलमार्गादेशी को पार करते हैं: पश्‍चिम से दक्षिण तक, एमस्टरल उत्तर से पूर्व तक, और दक्षिण से उत्तर तक नदी मर जाता है ।",ᱯᱮᱭᱟ ᱫᱟᱜ ᱛᱮᱱᱟᱜ ᱰᱟᱦᱟᱨ ᱯᱟᱹᱲ ᱥᱚᱵᱷᱟ ᱫᱚ ᱞᱟᱦᱟ ᱥᱮᱡ ᱛᱮᱭ ᱯᱟᱨᱚᱢ ᱟᱠᱟᱫᱟ ᱩᱭᱥᱯᱟᱴᱮᱠᱵᱷᱟᱴ ᱫᱚ ᱪᱟᱞᱟᱣ ᱟᱠᱟᱱᱟ ᱯᱚᱪᱷᱤᱢ ᱠᱷᱚᱱ ᱯᱩᱵ ᱥᱮᱡ ᱟᱨ ᱫᱤᱭᱮᱢ ᱜᱟᱰᱟ ᱫᱚ ᱱᱟᱹᱭ ᱫᱚ ᱪᱟᱞᱟᱣ ᱟᱠᱟᱱᱟ ᱫᱚᱠᱷᱤᱱ ᱠᱷᱚᱱ ᱩᱛᱛᱨ ᱥᱮᱡ ᱾
1721,दो प्रकार के कृषि - प्रबंधों में जैविक कृषि और पारंपरिक कृषि - प्रबंध शामिल हैं ।,ᱵᱟᱨᱞᱮᱠᱟᱱ ᱪᱟᱥ ᱵᱮᱵᱚᱥᱛᱷᱟᱯᱚᱱᱟ ᱨᱤᱛᱤ ᱡᱟᱦᱟᱸ ᱢᱩᱫᱨᱮ ᱢᱮᱱᱟᱜᱼᱟ ᱡᱤᱵᱤᱭᱟᱹ ᱪᱟᱥ ᱟᱨ ᱦᱩᱭᱦᱤᱡᱩᱜᱠᱟᱱ ᱪᱟᱥ ᱜᱤ ᱾
1722,इस वजह से इनकी मात्रा कम हो सकती है ।,ᱥᱴᱟᱥᱚᱥᱯᱷᱤᱭᱟᱨ ᱥᱟᱞᱯᱷᱮᱴ ᱮᱨᱳᱥᱚᱞ ᱨᱮᱭᱟᱜ ᱨᱟᱥᱟᱭᱱᱤᱠ ᱵᱤᱠᱨᱤᱭᱟ ᱳᱡᱚᱱ ᱛᱷᱟᱨ ᱨᱮᱭᱟᱜ ᱦᱟᱹᱱ ᱠᱚᱨᱟᱣ ᱫᱟᱲᱮᱭᱟᱜᱼᱟᱭ ᱟᱨ ᱦᱟᱭᱰᱨᱳᱡᱮᱱ ᱠᱞᱳᱨᱟᱭᱤᱰ (ᱮᱭᱤᱪ ᱥᱤ ᱟᱭ) ᱟᱨ ᱦᱟᱭᱰᱨᱳᱡᱮᱱ ᱯᱷᱚᱞᱳᱨᱟᱭᱤᱰ (ᱮᱭᱤᱪ ᱮᱯ) ᱞᱮᱠᱟᱱ ᱮᱥᱤᱰ ᱦᱟᱥᱟ ᱪᱮᱛᱟᱱ ᱮᱥᱤᱰ ᱫᱟᱜ ᱡᱟᱹᱲᱤ ᱠᱟᱛᱮ ᱧᱩᱨ ᱫᱟᱲᱮᱭᱟᱜᱼᱟ ᱾
1723,"प्रशांत महासागर के मौसम में, एलम (ममम अधिकतम है) के साथ, १,००,००,००० - १०० या ३५ मि - ३८ मि और सर्दियों में ।",ᱠᱨᱟᱱᱛᱤᱭᱚ ᱢᱳᱣᱥᱩᱢᱤ ᱦᱚᱭᱫᱟᱜᱽ ᱥᱟᱶ ᱚᱥᱚᱢ ᱫᱚ ᱦᱩᱭᱩᱜ ᱠᱟᱱᱟ ᱱᱟᱛᱤᱥᱤᱛᱳᱥᱱᱚ (ᱞᱚᱞᱚᱨᱮ ᱡᱟᱹᱥᱛᱤᱩᱛᱟᱹᱨ ᱙᱕ ᱼ ᱑᱐᱐ ᱯᱷᱟᱨᱮᱱᱦᱟᱭᱤᱴ ᱥᱮ ᱓᱕ ᱼ ᱓᱘ ᱥᱮᱱᱴᱤᱜᱨᱮᱰ ᱟᱨ ᱨᱮᱭᱟᱲᱨᱮ ᱞᱟᱛᱟᱨᱩᱛᱟᱹᱨ ᱔᱓ ᱼ ᱔᱖ ᱯᱷᱟᱨᱮᱱᱦᱟᱭᱤᱴ ᱥᱮ ᱖ ᱼ ᱘ ᱥᱮᱱᱴᱤᱜᱨᱮᱰ) ᱟᱨ ᱡᱷᱚᱢᱚᱨ ᱫᱟᱜᱽᱡᱟᱹᱲᱤ ᱟᱨ ᱪᱮᱛᱟᱱ ᱜᱩᱢᱥᱟᱹᱱᱤ ᱵᱩᱡᱚᱜᱽᱼᱟ ᱾
1724,"क्षेत्र की उच्च वर्षा, जो 10,000 mags (390 इंच) और ऊपर, पर्यावरण के लिए समस्याएँ उत्पन्‍न करती है, जिनमें उच्च भूकंपीय गतिविधि और बाढ़ भी शामिल हैं ।","ᱱᱤᱭᱟᱹ ᱴᱚᱴᱷᱟ ᱨᱮᱭᱟᱜ ᱡᱟᱹᱥᱛᱤ ᱫᱟᱜᱽᱡᱟᱹᱲᱤ, ᱜᱚᱲᱨᱮ ᱯᱨᱟᱭ ᱑᱐,᱐᱐᱐ ᱢᱤᱞᱤᱞᱤᱴᱟᱨ (᱓᱙᱐ ᱤᱧᱪᱤ) ᱟᱨ ᱚᱱᱟᱠᱷᱚᱱ ᱡᱟᱹᱥᱛᱤ, ᱰᱷᱮᱨ ᱚᱛᱞᱟᱲᱟᱣ ᱨᱮᱭᱟᱜ ᱠᱟᱹᱢᱤᱦᱚᱨᱟ ᱟᱨ ᱰᱩᱵᱟᱹ ᱥᱟᱶ ᱵᱟᱹᱥᱛᱚᱛᱚᱱᱛᱨᱚ ᱞᱟᱹᱜᱤᱫ ᱟᱱᱟᱴᱼᱮ ᱥᱤᱨᱡᱟᱹᱣᱟ ᱾"
1725,"सन्‌ 2021 के दौरान भारत में 28वीं सदी के दौरान, हर सरकार ने अलग - अलग देशों से अलग तय कर लिया था (जिसे संघ या संघीय सरकार कहा जाता है) और 8 समूह के इलाके, जो संघ सरकार के अधीन हैं ।","᱒᱐᱒᱑ ᱫᱷᱟᱹᱵᱤᱡᱽ, ᱵᱷᱟᱨᱚᱛ ᱨᱮᱭᱟᱜ ᱒᱘ᱜᱚᱴᱮᱱ ᱯᱚᱱᱚᱛ ᱢᱮᱱᱟᱜᱼᱟ, ᱢᱤᱢᱤᱫᱴᱮᱱᱟᱜ ᱱᱤᱡᱟᱹ ᱥᱚᱨᱠᱟᱨ ᱵᱮᱜᱟᱨ ᱵᱮᱜᱟᱨᱞᱮᱠᱟᱛᱮ ᱡᱟᱛᱤᱭᱚ ᱥᱚᱨᱠᱟᱨ (ᱛᱟᱞᱢᱟᱣᱟᱱ ᱥᱮ ᱡᱚᱯᱚᱲᱟᱣᱯᱚᱱᱚᱛᱤᱭᱟᱹ ᱥᱚᱨᱠᱟᱨ ᱦᱚᱸ ᱢᱮᱱᱚᱜᱚᱜᱼᱟ) ᱦᱚᱛᱮᱛᱮ ᱵᱟᱪᱷᱱᱟᱣ ᱟᱨ ᱘ ᱜᱚᱴᱮᱱ ᱛᱟᱞᱢᱟᱡᱟᱹᱨᱤᱭᱟᱹ ᱴᱚᱴᱷᱟ ᱢᱮᱱᱟᱜᱼᱟ ᱡᱟᱦᱟᱸ ᱫᱚ ᱛᱟᱞᱢᱟ ᱥᱚᱨᱠᱟᱨ ᱫᱟᱨᱟᱭᱛᱮ ᱪᱟᱞᱟᱣᱵᱟᱱᱟᱜᱽᱠᱟᱱᱟ ᱾"
1726,"इस अवसर पर, भारत के निवासी सुरक्षा के लिए अपने रास्ते पर चले गए, बिना किसी गोली - मुक्‍त किए भी ।","ᱱᱤᱭᱟᱹ ᱜᱷᱚᱴᱚᱱᱨᱮ, ᱵᱷᱟᱨᱚᱛᱤᱭᱟᱹᱠᱩ, ᱢᱤᱫᱴᱟᱝ ᱦᱚᱸ ᱜᱩᱞᱤ ᱵᱟᱝ ᱪᱟᱯᱟᱫᱲᱠᱟᱛᱮ ᱮᱲᱮᱠᱟᱛᱮ ᱟᱠᱩᱛᱮᱫ ᱱᱤᱨᱟᱹᱭ ᱰᱟᱦᱟᱨ ᱛᱮᱠᱩ ᱦᱮᱡᱽᱞᱮᱱᱟ ᱾"
1727,"ईआर और भी सात खण्डों में समर्पित है, हर एक विभाजन मुख्यालय के साथ.","ᱡᱚᱛᱚ ᱨᱮᱭᱟᱜ ᱢᱤᱫᱴᱟᱝ ᱠᱟᱛᱮ ᱵᱤᱵᱷᱟᱹᱜ ᱥᱚᱫᱚᱨ ᱛᱷᱚᱱᱚᱛ ᱥᱟᱶᱛᱮ, ᱵᱷᱟᱨᱚᱛᱤᱭᱟᱹ ᱨᱮᱞ ᱟᱨᱦᱚᱸ ᱮᱭᱟᱭᱜᱮᱞ ᱛᱩᱨᱩᱭ ᱜᱚᱴᱟᱝ ᱵᱤᱵᱷᱟᱹᱜ ᱨᱮ ᱦᱟᱹᱴᱤᱧ ᱟᱠᱟᱱᱟ ᱾"
1728,"लाल सेना के सामने भाग रहे थे, पूर्वी प्रशया, स्वायिया, और पोमेरेनिया के जर्मन प्रान्तों की बड़ी तादाद में लोग मारे गए, जिनमें से कुछ ठंड और भुखमरी के दौरान मर गए ।","ᱩᱫᱽᱵᱟᱥᱚᱱ ᱚᱠᱛᱚ, ᱟᱜᱩᱣᱟᱱ ᱨᱮᱰ ᱟᱨᱢᱤ ᱠᱷᱚᱱ ᱧᱤᱨ ᱚᱠᱛᱮ ᱯᱩᱨᱵᱚ ᱯᱨᱟᱥᱤᱭᱟ, ᱥᱟᱞᱮᱥᱤᱭᱟ ᱟᱨ ᱯᱳᱢᱮᱨᱮᱱᱤᱭᱟ ᱞᱮᱠᱟ ᱡᱟᱨᱢᱟᱱ ᱯᱚᱱᱚᱛ ᱨᱮᱱ ᱟᱭᱢᱟ ᱜᱟᱱ ᱜᱤᱨᱟᱹᱵᱟᱹᱥᱤ ᱠᱚ ᱜᱚᱡ ᱞᱮᱱᱟ, ᱟᱫᱚᱢ ᱠᱚᱫᱚ ᱨᱟᱵᱟᱝᱛᱮ ᱟᱨ ᱨᱮᱸᱜᱮᱡᱽ ᱛᱮ, ᱟᱫᱚᱢ ᱠᱚᱫᱚ ᱞᱟᱹᱲᱦᱟᱹᱭ ᱚᱠᱛᱚ ᱾"
1729,"जीत के उम्मीदवार से भेंट करना जो नष्ट कर दिया गया है असंभव है, और संदर्भ अगले चिह्नित प्राथमिकताओं के लिए किया जाना चाहिए अगर किसी भी.","ᱡᱤᱛᱠᱟᱹᱨ ᱯᱨᱟᱛᱷᱤ ᱠᱷᱚᱱ ᱵᱟᱫ ᱟᱠᱟᱱ ᱯᱨᱟᱛᱷᱤ ᱴᱷᱮᱱ ᱵᱷᱳᱴ ᱵᱚᱱᱚᱫᱚᱞ ᱵᱟᱝ ᱦᱩᱭᱩᱜᱼᱟ, ᱟᱨ ᱥᱩᱨᱥᱩᱯᱩᱨ ᱪᱤᱱᱦᱟᱹᱟᱱ ᱡᱟᱦᱟᱸᱭ ᱠᱩᱥᱤᱭᱟᱱ ᱥᱩᱯᱩᱨᱦᱚᱲ ᱮᱢ ᱟᱹᱰᱤ ᱞᱟᱹᱠᱛᱤ ᱾"
1730,"आईसीसी में तीन ब्रिटिश और तीन आदिवासी थे, जो टी.",ᱢᱟᱫᱨᱟᱡᱨᱮ ᱢᱤᱫᱴᱟᱝ ᱩᱠᱤᱞ ᱴᱤ ᱨᱝᱜᱟᱪᱟᱨᱤ ᱟᱹᱭᱩᱨᱛᱮ ᱯᱮᱦᱚᱲ ᱤᱝᱨᱮᱡ ᱟᱨ ᱯᱮ ᱦᱚᱲ ᱵᱷᱟᱨᱴᱤᱭ ᱱᱤᱭᱟᱹ ᱟᱭ ᱥᱤ ᱥᱤ ᱵᱮᱱᱟᱣ ᱟᱠᱟᱱᱟ᱾
1731,"सन्‌ 2020 में, नर्मा में रहनेवाले एक मंत्री ने एक बिल पेश किया जिसमें उसे सुधार करने के लिए कहा गया ।",᱒᱐᱒᱐ ᱨᱮ ᱠᱟᱹᱣᱰᱤ ᱢᱚᱱᱛᱨᱤ ᱱᱤᱨᱢᱚᱞᱟ ᱥᱤᱛᱟᱨᱚᱢᱚᱱ ᱟᱭᱤᱱ ᱱᱮ ᱟᱨᱩ ᱯᱷᱮᱨᱟᱣ ᱞᱟᱹᱜᱤᱫ ᱢᱤᱫᱴᱟᱝ ᱵᱤᱞ ᱨᱮᱭᱟᱜ ᱠᱟᱛᱟᱭ ᱨᱟᱠᱟᱵ ᱞᱮᱫᱟ᱾
1732,"दिसंबर 2012 में, केरल के शाखा दफ्तर ने एक बाघ को एक कॉफी के फार्म पर गोली मार दी ।",᱒᱐᱑᱒ ᱼᱨᱮᱭᱟᱜ ᱰᱤᱥᱮᱢᱵᱚᱨ ᱨᱮ ᱠᱮᱨᱟᱞᱟ ᱵᱤᱨ ᱛᱷᱚᱱᱚᱛ ᱳᱣᱟᱱᱟᱲ ᱵᱤᱨᱡᱤᱭᱟᱹᱞᱤ ᱜᱟᱹᱦᱤᱨᱵᱤᱨ ᱢᱩᱪᱟᱹᱫ ᱨᱮ ᱢᱤᱫᱴᱟᱝ ᱠᱚᱯᱷᱤ ᱵᱟᱜᱽᱣᱟᱱ ᱨᱮ ᱢᱤᱫᱴᱟᱝ ᱛᱟᱹᱨᱩᱵ ᱠᱚ ᱜᱩᱞᱤ ᱞᱮᱫᱮᱭᱟ ᱾
1733,"उस वक्‍त भारत के बड़े - बड़े जीव - जंतुओं ने यह हुक्म दिया कि जिस तरह शेर को जानवर ले जा रहा था, उसी तरह जानवरों को शिकार करने का हुक्म दिया जाए ।",ᱛᱟᱹᱨᱩᱵ ᱫᱚ ᱡᱤᱣᱮᱫᱽ ᱟᱹᱥᱩᱞ ᱡᱤᱭᱟᱹᱞᱤᱭ ᱟᱹᱛᱠᱤᱨᱠᱮᱫᱮ ᱠᱷᱟᱹᱛᱤᱨ ᱡᱩᱢᱤᱫ ᱫᱟᱯᱟᱨᱟᱢ ᱮᱛᱚᱦᱚᱯᱮᱱ ᱠᱷᱟᱹᱛᱤᱨ ᱠᱮᱨᱚᱞᱨᱮᱱ ᱢᱩᱰᱩᱛ ᱵᱤᱨᱡᱤᱭᱟᱹᱞᱤ ᱧᱮᱞᱡᱚᱛᱱᱟᱣᱤᱡᱽ ᱫᱚ ᱡᱟᱱᱣᱟᱨᱴᱟᱜ ᱥᱮᱸᱫᱨᱟᱭᱤ ᱨᱮᱭᱟᱜ ᱦᱩᱠᱩᱢᱮ ᱮᱢᱠᱮᱫᱟ ᱾
1734,शाफर्ट ने बिल को मजबूर किया था क्योंकि यह रोमी नागरिक के लिए उनके मौजूदा मार्ग को बदल नहीं गया था।,"ᱥᱟᱦ ᱡᱳᱨ ᱮᱢᱞᱮᱫᱟ ᱡᱮ, ᱟᱹᱱ ᱫᱚ ᱢᱩᱥᱞᱟᱹ ᱵᱟᱝ ᱵᱤᱨᱩᱫᱷ ᱚᱡᱮᱛᱮ ᱱᱤᱭᱟᱹ ᱩᱱᱠᱩᱣᱟᱜ ᱛᱟᱦᱮᱱ ᱱᱟᱜᱟᱨᱤᱭᱟᱜ ᱰᱟᱦᱟᱨ ᱵᱟᱝ ᱯᱟᱞᱴᱟᱣ ᱞᱮᱫᱟ᱾"
1735,"जनवरी १९९२ में, संघीय सरकार ने सेना की ग़ैर-कथित शाखाओं में महिलाओं के प्रवेश-स्थलों की अनुमति दी...","᱑᱙᱙᱒ᱼᱨᱮᱭᱟᱜ ᱡᱟᱱᱣᱟᱨᱤᱨᱮ, ᱯᱷᱟᱹᱫ ᱠᱩᱣᱟᱜ ᱵᱟᱝᱼᱞᱟᱹᱲᱦᱟᱹᱭ ᱦᱤᱸᱥᱨᱮ ᱛᱷᱚᱲᱟᱜᱷᱟᱹᱲᱤᱡᱽ ᱵᱟᱹᱦᱞᱤᱭᱨᱮ ᱛᱟᱞᱢᱟ ᱥᱚᱨᱠᱟᱨ ᱛᱤᱨᱞᱟᱹᱠᱩᱣᱟᱜ ᱥᱮᱞᱮᱫᱚᱜᱼᱨᱮ ᱪᱷᱟᱹᱲᱮ ᱮᱢᱠᱮᱫᱟ ᱾"
1736,जनवरी 2012 में व्हाइट हाउस में ओबामा ने ‘ अमरीकी कार्य ’ यानी व्हाइट हाउस में काम करने के लिए एक पुकार जारी की ।,"᱒᱐᱑᱒ ᱥᱟᱞᱨᱮ ᱡᱟᱱᱩᱭᱟᱨᱤᱨᱮ ᱳᱵᱟᱢᱟ ᱟᱢᱮᱨᱤᱠᱟ ᱦᱳᱭᱟᱭᱴ ᱦᱟᱭᱡ ""ᱢᱟᱨᱠᱤᱱ ᱪᱟᱠᱨᱤ ᱤᱱᱥᱳᱨᱥᱤᱝ"" ᱟᱜ ᱯᱷᱳᱨᱟᱢ ᱠᱷᱟᱴᱟᱣ ᱞᱟᱹᱜᱤᱫ ᱠᱟᱹᱢᱤᱭᱟᱹ ᱦᱚᱦᱚ ᱡᱟᱨᱤ ᱞᱮᱫᱟ᱾"
1737,यहाँ Herusus के 24वें रेवर (दक्षिणी वेल्स सीमार) के 35 ब्रिटिश सैनिकों को 7 जुलाई 1857 पर मार डाला गया.,"ᱱᱚᱸᱰᱮ, ᱑᱘᱕᱗ ᱥᱟᱞᱨᱮᱭᱟᱜ ᱗ ᱡᱩᱞᱟᱭ, ᱢᱚᱦᱟᱨᱟᱹᱱᱤᱭᱟᱜ ᱒᱔ᱟᱱ ᱛᱟᱲᱟᱢᱯᱷᱟᱹᱫᱨᱮᱱ (ᱥᱟᱣᱩᱛᱷ ᱳᱣᱮᱞᱥ ᱥᱤᱢᱟᱹᱱᱟ) ᱓᱕ ᱦᱚᱲ ᱵᱨᱤᱴᱤᱥ ᱯᱷᱟᱹᱫᱠᱩ ᱞᱟᱹᱲᱦᱟᱹᱭᱠᱩ ᱫᱟᱨᱟᱭᱛᱮ ᱜᱟᱡᱽᱜᱤᱰᱤ ᱦᱩᱭᱞᱮᱱᱟ ᱾"
1738,सन्‌ 1997 की बात है ।,᱑᱙᱙᱗ ᱨᱮ ᱟᱱᱫᱽᱨᱚ ᱯᱨᱚᱫᱮᱥ ᱥᱚᱨᱠᱟᱨ ᱠᱩᱢᱟᱨ ᱫᱚ ᱮᱱᱴᱤᱟᱨ ᱡᱟᱹᱛᱤᱭᱟᱹᱨᱤ ᱥᱤᱨᱯᱟᱹ ᱛᱮᱭ ᱢᱟᱱᱚᱛ ᱞᱮᱱᱟ ᱾
1739,सभी सुरंगों और संबंधित उद्योगों में से सरकार अपने 90% और विदेशी निवेश की खोज कर रही है.,ᱥᱚᱨᱠᱟᱨ ᱡᱚᱛᱚ ᱠᱷᱟᱫᱟᱱ ᱟᱨ ᱡᱚᱲᱟᱣ ᱵᱤᱨᱤᱫᱽ ᱨᱮᱭᱟᱜ ᱙᱐% ᱥᱟᱭᱦᱤᱸᱥ ᱨᱮᱱ ᱢᱟᱹᱞᱤᱠ ᱟᱨ ᱵᱤᱞᱟᱹᱛ ᱨᱮᱭᱟᱜ ᱵᱤᱱᱤᱭᱳᱜ ᱮ ᱯᱟᱡᱟᱸᱭᱮᱫᱟ ᱾
1740,"नासा-इन्ड प्रोटेशनल प्रोटेशनल प्रोटेशनल संस्थान (JAECO) के अनुसार, मैटीओ और अंतरिक्ष विज्ञान और प्रौद्योगिकी के भारतीय संस्थान (IA) ने 2021 में एक संयुक्‍त कार्य विभाग (CO) के तहत (COCO) निर्माण विभाग (COCOCOCACAR) ऑफिस के तहत सक्षम काम - कंपनी (COCOCA) कंपनी के तहत एक संयुक्त काम - कंपनी (COCA) विभाग (ACACACOCACHACHACACACACAR) के तहत सभी परियोजनाओं को बढ़ावा दे रहा है और जानकारी के लिए काफी समय तक काम करने की ज़रूरत पड़ेगी ।","ᱠᱮᱞᱤᱯᱷᱳᱨᱱᱤᱭᱟ ᱤᱱᱥᱴᱤᱴᱤᱭᱩᱴ ᱚᱯᱷ ᱴᱮᱠᱱᱳᱞᱚᱡᱤ ( ᱠᱮᱞᱴᱮᱠ ), ᱟᱤᱮᱥᱟᱨᱳ ᱟᱨ ᱤᱱᱰᱤᱭᱟᱱ ᱤᱱᱥᱴᱤᱴᱤᱭᱩᱴ ᱚᱯᱷ ᱥᱯᱮᱥ ᱥᱟᱭᱮᱱᱥ ᱮᱱᱰ ᱴᱮᱠᱱᱳᱞᱚᱡᱤ ( ᱟᱭᱟᱭᱮᱥᱴᱤ ) ᱫᱟᱨᱟᱭᱛᱮ ᱥᱟᱯᱲᱟᱣ ᱮᱱᱮᱮᱥᱮᱼᱠᱟᱹᱣᱰᱤ ᱥᱚᱦᱚᱫ ᱟᱠᱟᱫ ᱡᱮᱴ ᱯᱨᱚᱯᱟᱞᱮᱥᱚᱱ ᱞᱮᱵᱳᱨᱮᱴᱚᱨᱤ ( ᱡᱮᱯᱤᱮᱞ ) ᱞᱮᱠᱟᱱ ᱒᱐᱒᱑ ᱥᱟᱹᱦᱤᱛᱨᱮ ᱢᱤᱫᱴᱟᱝ ᱥᱚᱸᱜᱮ ᱠᱟᱹᱢᱤ ᱨᱮᱭᱟᱜ ᱫᱷᱟᱸᱪᱟᱭ ᱥᱟᱹᱨᱤ ᱟᱠᱟᱫᱟ ᱡᱟᱦᱟᱸᱛᱮ ᱢᱤᱫᱴᱟᱝ ᱞᱤᱪᱟᱹᱲ ᱟᱠᱟᱱ ᱛᱚᱫᱟᱨᱚᱛ ᱠᱩᱢᱩᱴ ( ᱤᱳᱥᱤ ) ᱵᱮᱝᱜᱟᱞᱳᱨ ᱨᱮ ᱢᱮᱱᱟᱜ ᱤᱥᱨᱳᱼᱨᱮᱭᱟᱜ ᱠᱮᱯᱟᱥᱤᱴᱤ ᱵᱤᱞᱰᱤᱝ ᱯᱨᱳᱜᱨᱟᱢ ᱚᱯᱷᱤᱥ ᱨᱮᱭᱟᱜ ( ᱥᱤᱵᱤᱯᱳ ) ᱟᱶᱛᱟᱨᱮ ᱥᱟᱫᱷᱟᱨᱚᱱ ᱜᱚᱨᱚᱡᱽ ᱨᱮᱭᱟᱜ ᱥᱟᱱᱟᱢ ᱦᱩᱰᱤᱧ, ᱵᱟᱨᱟᱵᱟᱹᱨᱤ ᱟᱨ ᱡᱮᱞᱮᱧ ᱚᱠᱛᱚ ᱢᱚᱦᱟᱠᱟᱥ ᱠᱷᱚᱸᱫᱨᱚᱸᱫ ᱯᱟᱱᱛᱷᱟ ᱠᱚᱭ ᱢᱧᱡᱩᱨᱟ ᱾"
1741,अधिकांश भारतीय राज्यों ने CBI को अपने क्षेत्रों में अपराधों की जाँच करने के लिए सामान्य रूप से सहमत किया था.,ᱰᱷᱮᱨᱜᱟᱱ ᱵᱷᱟᱨᱚᱛᱤᱭᱟᱹ ᱯᱚᱱᱚᱛᱠᱚ ᱥᱤᱵᱤᱟᱭ ᱫᱚ ᱟᱠᱚᱣᱟᱜ ᱴᱚᱴᱷᱟ ᱢᱩᱫᱽᱨᱮ ᱠᱟᱹᱭ ᱨᱮᱭᱟᱜ ᱛᱩᱱᱠᱷᱤ ᱞᱟᱹᱜᱤᱫ ᱥᱟᱫᱷᱟᱨᱚᱱ ᱞᱮᱠᱟᱛᱮ ᱥᱟᱭ ᱮ ᱮᱢ ᱞᱮᱫᱟ ᱾
1742,"उसी तरह, जब द्रव को मज़बूत किया जाता है, तब RBI सरकार को खरीदेगा और इस प्रकार आर्थिक रूप से पैसा कम कर देगा ।","ᱱᱚᱝᱠᱟᱞᱮᱠᱟᱛᱮ, ᱞᱚᱜᱚᱫ ᱠᱟᱹᱣᱰᱤ ᱨᱮᱭᱟᱜ ᱜᱷᱟᱹᱴᱛᱤ ᱦᱩᱭᱞᱮᱱᱠᱷᱟᱱ ᱥᱚᱨᱠᱟᱨᱤ ᱨᱩᱠᱷᱭᱟᱹ ᱠᱤᱨᱤᱧᱠᱟᱛᱮ ᱠᱟᱹᱣᱰᱤᱟᱹᱨᱤᱨᱮ ᱟᱨᱵᱤᱟᱭ ᱠᱟᱹᱣᱰᱤ ᱨᱮᱭᱟᱜ ᱡᱳᱜᱟᱱᱼᱮ ᱵᱟᱲᱦᱟᱣᱟ ᱾"
1743,कि Mermu ने यह सुनिश्चित करने के लिए पर्याप्त नहीं किया था कि अरबी समुदाय को प्रदान किया गया स्व-जन अधिकार सही रूप से लागू किया गया.,"ᱢᱟᱨᱮᱱ ᱢᱤᱫ ᱵᱤᱡᱮᱯᱤ ᱨᱟᱡᱽᱟᱹᱨᱤᱵᱤᱫ ᱟᱨ ᱪᱮᱴᱷᱟ ᱠᱟᱹᱢᱤᱭᱟᱹ, ᱨᱚᱛᱚᱱ ᱮ ᱢᱮᱛᱟᱫᱮᱭᱟ ᱡᱮ ᱩᱯᱚᱡᱟᱹᱛᱤᱭᱟᱹ ᱜᱟᱸᱛᱟᱠ ᱨᱮᱱᱠᱚ ᱥᱤᱠᱟᱹᱨ ᱟᱠᱟᱱ ᱟᱯᱱᱟᱨᱼᱥᱟᱥᱚᱱ ᱟᱹᱭᱫᱟᱹᱨᱠᱚ ᱵᱟᱥᱛᱚᱵᱟᱭᱚᱱ ᱴᱷᱤᱠᱟᱹᱱ ᱞᱟᱹᱜᱤᱫ ᱛᱷᱚᱲᱟ ᱵᱟᱭ ᱠᱩᱨᱩᱢᱩᱴᱩ ᱞᱮᱫᱟ ᱢᱩᱨᱢᱩ ᱾"
1744,सन्‌ 2021 में बांग्लादेश ने श्रीलंका और अमरीका में 70 लाख डॉलर दान दिए ।,᱒᱐᱒᱑ᱼᱨᱮ ᱵᱟᱝᱞᱟᱫᱮᱥ ᱫᱚ ᱥᱨᱤᱞᱚᱝᱠᱟ ᱒᱐ ᱠᱚᱴᱤ ᱢᱟᱹᱨᱠᱤᱱ ᱰᱚᱞᱟᱨ ᱟᱨ ᱥᱩᱫᱟᱱ ᱗ ᱠᱳᱴᱤ ᱗᱐ ᱞᱚᱠᱠᱷᱚ ᱢᱟᱹᱨᱠᱤᱱ ᱰᱚᱞᱟᱨ ᱨᱮᱭᱟᱜ ᱨᱤᱱ ᱠᱟᱹᱣᱰᱤ ᱜᱚᱲᱚᱞᱮᱠᱟᱛᱮᱭ ᱪᱟᱞᱞᱮᱫᱟ ᱾
1745,कुछ Navies समुद्र-पूर्व अस्पताल जहाजों को उच्च-स्किक परिस्थितियों में चिकित्सा सहायता देने के लिए सक्रिय करते हैं युद्ध या प्राकृतिक विपत्तियों की तरह प्राकृतिक विपत्तियों की तरह.,ᱞᱟᱹᱲᱦᱟᱹᱭ ᱥᱮ ᱥᱤᱨᱡᱚᱱᱟᱱ ᱵᱟᱹᱲᱤᱡᱽ ᱦᱟᱞᱚᱛᱨᱮ ᱡᱟᱹᱥᱛᱤ ᱠᱷᱚᱭᱠᱷᱚᱛᱤ ᱦᱟᱞᱚᱛᱨᱮ ᱴᱤᱠᱤᱪᱪᱷᱟ ᱜᱚᱲᱚ ᱮᱢᱚᱜ ᱞᱟᱹᱜᱤᱫ ᱠᱤᱪᱷᱩ ᱫᱟᱜᱽᱯᱷᱟᱹᱛ ᱥᱟᱹᱢᱩᱫᱥᱮᱡᱽ ᱪᱟᱞᱟᱜ ᱦᱟᱸᱥᱯᱟᱛᱟᱞᱨᱩᱯ ᱡᱟᱦᱟᱡᱽᱠᱩ ᱪᱟᱞᱟᱣᱵᱟᱱᱟᱣᱮᱫᱠᱟᱱ ᱛᱟᱦᱮᱸᱠᱟᱱᱟ ᱾
1746,"अगर एक व्यक्‍ति के साथ ऐसा हुआ है, तो उसे अपने रिश्‍ते को मज़बूत करने के लिए क्या करना चाहिए?","ᱪᱩᱠᱛᱤ ᱞᱮᱠᱟᱛᱮ, ᱞᱮᱛᱟᱲᱟᱱ ᱢᱟᱨᱟᱝᱟᱱ ᱠᱟᱛᱷᱟ ᱮᱢ ᱨᱮᱭᱟᱜ ᱡᱚᱥ ᱛᱮ ᱨᱟᱹᱥᱤᱭ ᱯᱚᱱᱚᱛ ᱠᱚᱨᱮ ᱡᱚᱜᱟᱣ ᱡᱚᱛᱚᱱ ᱨᱮ ᱵᱟᱹᱱᱤᱡ ᱞᱟᱹᱜᱤᱫ ᱞᱮᱛᱟᱲᱜᱮ ᱮᱯᱮᱢᱪᱟᱯᱟᱞ ᱞᱟᱦᱟᱨᱮᱢ ᱵᱚᱞᱚᱜᱼᱟ।"
1747,"यह एक ""ANEANANA की कल्पना करता है कि लोगों के बीच स्थिर और सामाजिक रूप से रहने के विचार और लोगों के बीच एक सामान्य पहचान बनाने और एक परवाह और समाज बनाने के द्वारा जो अनुकूलता, जीवन, पोषण, और लोगों की भलाई बढ़ रही है. ""","ᱢᱤᱫ ᱥᱟᱱᱟᱢᱞᱮᱠᱟᱱ ᱩᱯᱨᱩᱢ ᱵᱮᱱᱟᱣ ᱟᱨ ᱦᱚᱲᱟᱜ ᱵᱷᱟᱞᱤ , ᱡᱤᱭᱟᱱ ᱰᱟᱦᱟᱨ, ᱟᱨ ᱯᱮᱨᱮᱡ ᱯᱩᱨᱟᱹᱱ ᱩᱛᱱᱟᱣ, ᱡᱚᱯᱚᱲᱟᱣ ᱟᱨ ᱱᱮᱦᱟᱞᱤ ᱢᱤᱫ ᱡᱚᱛᱚᱱ ᱞᱮᱠᱟᱱ ᱵᱤᱞᱦᱟᱹᱣᱞᱮᱠᱟᱱ ᱥᱚᱢᱟᱡ ᱵᱮᱱᱟᱣ ᱦᱚᱛᱮᱛᱮ ᱟᱥᱤᱭᱟᱱ ᱨᱮᱭᱟᱜ ᱫᱤᱥᱚᱢ ᱠᱚ ᱟᱨ ᱫᱤᱥᱭᱟᱹ ᱢᱩᱫᱨᱮ ᱢᱮᱱᱟᱜ ᱥᱚᱝᱦᱚᱛᱤ ᱟᱨ ᱢᱤᱫᱩᱞ ᱵᱮᱱᱟᱣ ᱨᱟᱠᱟᱵ ᱡᱚᱥ ᱥᱚᱦᱚ ᱫᱤᱥᱭᱟᱹ ᱛᱟᱞᱢᱟ ᱟᱨ ᱥᱟᱶᱛᱟᱞᱮᱠᱟᱛᱮ ᱫᱟᱹᱭᱤᱠ ᱢᱤᱫ ᱟᱥᱤᱭᱟᱱ ᱥᱚᱢᱟᱡ ᱱᱤᱭᱟᱹ ᱥᱟᱲᱭᱟᱲ ᱡᱳᱜᱟᱣ ᱮᱫᱟᱭ᱾"
1748,भारत का बीओनी रीक्लिनल रिपोशन्‌ (यू. आई.) भारत में जीव - रसायनिक उत्पादनों के प्रयोग के लिए एक प्रस्ताव है ।,"ᱵᱟᱭᱳᱴᱮᱠᱱᱳᱞᱚᱡᱤ ᱨᱮᱜᱩᱞᱮᱴᱚᱨᱤ ᱚᱛᱷᱚᱨᱤᱴᱤ ᱚᱯᱷ ᱤᱱᱰᱤᱭᱟ (ᱵᱤ.ᱟᱨ.ᱮ.ᱟᱭ) ᱫᱚ ᱵᱷᱟᱨᱚᱛ ᱨᱮᱭᱟᱜ ᱡᱤᱵᱤᱭᱟᱹᱞᱟᱜᱟᱱᱠᱟᱹᱨᱤ ᱫᱟᱨᱟᱭᱛᱮ ᱵᱮᱱᱟᱜᱽᱠᱟᱱ ᱫᱩᱨᱤᱵᱠᱩ ᱡᱮᱞᱮᱠᱟᱟ, ᱡᱤᱱᱞᱮᱠᱟᱛᱮ ᱯᱷᱮᱨᱟᱜᱽᱠᱟᱱ ᱡᱤᱭᱟᱹᱞᱤ (ᱡᱤ.ᱮᱢ.ᱳ) ᱵᱮᱵᱚᱦᱟᱨ ᱨᱮᱭᱟᱜ ᱢᱤᱫᱴᱟᱝ ᱠᱟᱛᱷᱟᱮᱢᱟᱠᱟᱱ ᱱᱤᱭᱚᱱᱛᱨᱚᱠ ᱥᱚᱝᱚᱥᱛᱷᱟ ᱠᱟᱱᱟ ᱾"
1749,सन्‌ 1967 में सम्मेलन के चुनावों में सभी सामाजिक दलों को खत्म कर दिया गया और सी. सी.,"᱑᱙᱖᱗ ᱼᱨᱮ ᱯᱚᱱᱚᱛ ᱵᱤᱫᱷᱟᱱᱥᱚᱵᱷᱟ ᱵᱟᱪᱷᱱᱟᱣᱨᱮ ᱡᱷᱚᱛᱚ ᱥᱚᱢᱟᱡᱽᱛᱟᱱᱛᱨᱤᱠ ᱜᱟᱫᱮᱞ ᱵᱟᱫᱽ ᱞᱮᱱᱟ, ᱟᱨ ᱥᱤ ᱯᱤ ᱟᱭ ᱵᱤᱨᱩᱫ ᱜᱟᱫᱮᱞ ᱠᱚᱨᱮᱱᱟᱜ ᱢᱟᱹᱱ ᱟᱫ ᱞᱮᱱᱟ ᱾"
1750,"इस क्रिया को अनेक तरीकों से समस्या कहा गया है, जिसमें सत्ता का केंद्र होना, प्रकृति में विरोधी होना, और स्थानीय स्तर पर एक प्रभाव होना, दर्द से निपटने के लिए समाज के सूक्ष्म स्तर पर।","ᱫᱟᱲᱮᱨᱮᱭᱟᱜ ᱠᱮᱱᱫᱨᱤᱠᱚᱨᱚᱱ, ᱥᱤᱨᱡᱟᱹᱣᱟᱱᱟᱜ ᱞᱮᱠᱟᱛᱮ ᱡᱚᱯᱚᱲᱟᱣᱼᱯᱚᱱᱚᱛ ᱵᱤᱨᱩᱫ ᱟᱨ ᱛᱷᱟᱹᱱᱤᱠᱼᱛᱷᱟᱹᱨᱨᱮ ᱩᱛᱷᱱᱟᱹᱣ ᱪᱮᱛᱟᱱ ᱮᱥᱮᱲ ᱯᱟᱥᱱᱟᱣᱤᱡᱽ ᱟᱨ ᱥᱟᱶᱛᱟᱨᱮᱭᱟᱜ ᱦᱩᱰᱩᱧᱼᱛᱷᱟᱹᱨᱨᱮ ᱵᱟᱲᱤᱡᱽ ᱦᱟᱞᱚᱛ ᱢᱢᱩᱠᱟᱹᱵᱤᱞᱟᱭ ᱞᱟᱹᱜᱤᱫᱛᱮ ᱥᱚᱝᱥᱚᱫ ᱨᱮᱭᱟᱜ ᱮᱥᱮᱲ ᱥᱟᱶ ᱱᱤᱭᱟᱹ ᱦᱚᱨᱟ ᱫᱚ ᱟᱠᱚᱴᱟᱱᱟᱜ ᱞᱮᱠᱟᱛᱮ ᱪᱤᱱᱦᱟᱹᱣᱟᱠᱟᱱᱟ ᱾"
1751,"सन्‌ 2000 में, सन्‌ 1990 में, जे. पी. पी.","ᱵᱤᱡᱮᱰᱤ ᱯᱨᱟᱹᱨᱛᱷᱤ ᱞᱮᱠᱟᱛᱮ ᱒᱐᱐᱐ ᱥᱟᱞᱨᱮ, ᱡᱮᱰᱤ ᱯᱨᱟᱹᱨᱛᱷᱤ ᱞᱮᱠᱟᱛᱮ ᱑᱙᱙᱐ᱼᱨᱮ ᱟᱨ ᱡᱮᱮᱱᱯᱤ ᱯᱨᱟᱹᱨᱛᱷᱤ ᱞᱮᱠᱟᱛᱮ ᱑᱙᱗᱗ᱼᱨᱮ ᱱᱤᱭᱟᱹ ᱜᱚᱫᱤᱨᱮᱭ ᱡᱤᱛᱠᱟᱹᱨᱮᱱᱟ ᱩᱱᱤᱨᱮᱱ ᱟᱯᱟᱛ ᱚᱫᱚᱭᱛᱚ ᱯᱨᱚᱥᱟᱫ ᱥᱤᱝ ᱾"
1752,एन. ए. (ए. डी. ए. डी.) से वर्तमान टी. वी.,᱒᱐᱑᱙ᱼᱨᱮᱭᱟᱜ ᱩᱲᱤᱥᱟ ᱵᱤᱫᱷᱟᱱᱥᱚᱵᱷᱟ ᱵᱟᱪᱷᱱᱟᱣ ᱨᱮᱭ ᱵᱟᱪᱷᱟᱣ ᱞᱮᱱᱟ ᱟᱨ ᱛᱟᱭᱚᱢ ᱫᱟᱨᱟᱢ ᱵᱤᱫᱷᱟᱱᱥᱚᱵᱷᱟ ᱨᱮᱱ ᱩᱯᱟᱫᱷᱚᱠᱚᱭ ᱞᱮᱠᱟᱛᱮᱭ ᱵᱮᱜᱚᱨ ᱦᱮᱯᱨᱟᱣ ᱟᱛᱮ ᱵᱟᱪᱷᱱᱟᱣ ᱠᱚ ( ᱩᱲᱤᱥᱟ ᱵᱤᱫᱷᱟᱱᱥᱚᱵᱷᱟ ᱵᱟᱪᱷᱱᱟᱣ ᱴᱚᱴᱷᱟ ᱨᱮᱱᱤᱡ ᱱᱟᱦᱟᱜ ᱵᱤᱫᱷᱟᱭᱠ ᱮ ᱦᱩᱭᱩᱜ ᱠᱟᱱᱟ ᱵᱤᱡᱮᱱᱰᱤ ᱨᱮᱱᱤᱡ ᱨᱚᱡᱚᱱᱤᱠᱟᱱᱛᱚ ᱥᱤᱝ)।
1753,"NSDLP-PELP-PEREPPENTENTITITC सेवा सीमा और UTITIC सेवा सेवा विभाग के प्रबंधन के रूप में सेवा प्रदान किया गया है जैसे कि अनुप्रयोगों के काम चलाने के लिए प्रबंधन, सेवा विभाग, सेवा विभाग के विवरणों, निवेशकों, पत्रों के विवरणों, और पत्रों के विवरणों के रूप में, और पत्र पत्र पत्र पत्रों के साथ, और फिर पत्र मेल, और फिर पत्र की अनुमति दी गई है।","ᱟᱭᱠᱚᱨ ᱵᱤᱵᱷᱟᱹᱜ ᱦᱚᱛᱮᱛᱮ ᱟᱨᱫᱟᱥᱥᱟᱠᱟᱢ ᱟᱹᱨᱩᱯᱷᱮᱨᱟᱣ, ᱡᱟᱨᱣᱟᱭ, ᱟᱨ ᱩᱯᱩᱨᱩᱢ, ᱩᱢᱟᱹᱨ ᱟᱨ ᱴᱷᱤᱠᱟᱹᱱᱟᱨᱮᱭᱟᱜ ᱥᱟᱹᱵᱩᱫ ᱞᱮᱠᱟᱱ ᱟᱯᱱᱟᱨᱟᱜ ᱱᱚᱛᱷᱤ ᱧᱮᱞᱡᱚᱛᱚᱱ ᱟᱨ ᱵᱤᱰᱟᱹᱣ, ᱟᱨᱫᱟᱥᱤᱡᱽᱟᱜ ᱥᱩᱫᱷᱨᱟᱹᱣ, ᱠᱟᱨᱰ ᱟᱨ ᱪᱤᱴᱷᱤ ᱪᱷᱟᱯᱟ ᱟᱨ ᱚᱱᱟ ᱰᱟᱠᱡᱳᱜᱟᱡᱳᱜᱨᱮ ᱠᱩᱞᱨᱮᱭᱟᱜ ᱠᱟᱹᱢᱤᱭ ᱞᱟᱹᱜᱤᱫ ᱮᱱᱹᱮᱥᱹᱰᱤᱹᱮᱞ ᱤᱼᱜᱚᱵᱷᱚᱨᱱᱮᱱᱥ ᱤᱱᱯᱷᱨᱟᱥᱴᱨᱟᱠᱪᱟᱨ ᱞᱤᱢᱤᱴᱮᱰ (ᱞᱟᱦᱟᱱ ᱱᱮᱥᱚᱱᱟᱞ ᱥᱤᱠᱤᱩᱨᱤᱴᱤᱡᱽ ᱰᱤᱯᱳᱡᱤᱴᱟᱨᱤ ᱞᱤᱢᱤᱴᱮᱰ) ᱟᱨ ᱤᱭᱩᱴᱤᱟᱭ ᱤᱱᱯᱷᱨᱟᱥᱴᱨᱟᱠᱪᱟᱨ ᱴᱮᱠᱱᱳᱞᱚᱡᱤ ᱥᱟᱨᱵᱷᱤᱥᱮᱥ ᱞᱤᱢᱤᱴᱮᱰ (ᱤᱭᱩᱹᱴᱤᱹᱟᱭᱹᱴᱤᱹᱮᱥᱹᱮᱞ)ᱼᱞᱮᱠᱟ ᱧᱩᱢᱟᱱᱟᱜ ᱥᱚᱝᱥᱛᱷᱟᱠᱩ ᱪᱮᱛᱟᱱ ᱧᱮᱞᱡᱚᱛᱚᱛᱚᱱ ᱡᱚᱛᱱᱟᱣ ᱮᱢᱚᱜᱽᱤᱡᱽ ᱫᱟᱭᱤᱠ ᱮᱢ ᱦᱩᱭᱟᱠᱟᱱᱟ ᱾"
1754,"इमारत का केंद्र है द न्यू यॉर्कम्बर, और इसके आस - पास के तीन अर्ध - शैल भवन हैं जो राजकुमार चैंबर (अब लाइब्रेरी हॉल के लिए इस्तेमाल किया गया था), राज्य परिषद (जो अब राज्यायता के लिए इस्तेमाल किया जाता है), और मध्य लीजाइड सम्मेलन (अब लोच के लिए इस्तेमाल किया जाता है लोच के लिए इस्तेमाल किया जाता है।","ᱵᱷᱚᱵᱚᱱ ᱨᱮᱭᱟᱜ ᱛᱟᱞᱟᱢᱟᱞᱟ ᱜᱩᱞᱟᱹᱴ ᱛᱟᱞᱟᱨᱮ ᱪᱮᱢᱵᱟᱨ ᱟᱨ ᱱᱚᱶᱟ ᱪᱮᱢᱵᱟᱨᱫᱚ ᱵᱮᱲᱦᱟᱭ ᱛᱮ ᱢᱮᱱᱟᱜᱼᱟ ᱯᱮᱭᱟ ᱟᱫᱷᱟ ᱜᱩᱞᱟᱹᱴ ᱦᱚᱞᱚᱲᱟᱜ, ᱡᱟᱦᱟᱸ ᱪᱮᱢᱵᱟᱨ ᱚᱯ ᱯᱨᱤᱱᱥᱮᱥ (ᱱᱟᱦᱟᱜ ᱞᱟᱭᱵᱮᱨᱤ ᱦᱚᱞ ᱦᱤᱥᱟᱹᱵᱛᱮ ᱵᱮᱣᱦᱟᱨ ᱦᱩᱭᱩᱜ ᱠᱟᱱᱟ), ᱯᱚᱱᱚᱛ ᱯᱚᱨᱤᱥᱚᱫ (ᱱᱟᱦᱟᱜ ᱨᱟᱡᱭᱚᱥᱚᱵᱷᱟ ᱠᱷᱮᱛᱨᱚ ᱨᱮ ᱵᱮᱣᱦᱟᱨ ᱦᱩᱭᱩᱜ ᱠᱟᱱᱟ), ᱟᱨ ᱛᱟᱱᱟᱞᱟ ᱵᱤᱫᱷᱟᱱᱥᱚᱵᱷᱟ ᱨᱮᱭᱟᱜ (ᱱᱟᱦᱟᱜ ᱞᱳᱠᱥᱚᱵᱷᱟ ᱠᱷᱮᱛᱨᱚ ᱨᱮ ᱵᱮᱣᱦᱟᱨ ᱦᱩᱭᱩᱜ) ᱚᱫᱷᱤᱵᱮᱥᱚᱱ ᱞᱟᱹᱜᱤᱫ ᱵᱮᱱᱟᱣ ᱦᱩᱭᱩᱜ ᱠᱟᱱᱟ ᱾"
1755,"ब्रिटेन के शासन के खिलाफ अपने अभियान के दौरान, हथियार बनाने के अपने अभियानों में फफिमम, केफिमिमिम सिंह, सर्बार्ट सिंह, सेबार्ट, और उप-सस्तेफ ने गांधी से अलग हैं ।","ᱵᱟᱜᱷᱟ ᱡᱚᱛᱤᱱ, ᱠᱷᱩᱫᱤᱨᱟᱢ ᱵᱚᱥᱩ, ᱵᱷᱚᱜᱚᱛ ᱥᱤᱝ, ᱪᱚᱱᱫᱨᱚᱥᱮᱠᱷᱚᱨ ᱟᱡᱟᱫ, ᱥᱩᱨᱡᱚ ᱥᱮᱱ, ᱟᱨ ᱥᱩᱵᱷᱟᱥ ᱪᱚᱱᱫᱨᱚ ᱵᱳᱥ ᱞᱮᱠᱟᱱ ᱞᱟᱹᱲᱦᱟᱹᱭᱠᱩ ᱫᱚ ᱤᱝᱨᱟᱹᱡ ᱥᱟᱥᱚᱱ ᱵᱤᱨᱩᱫᱨᱮ ᱟᱠᱩᱣᱟᱜ ᱥᱟᱸᱜᱷᱟᱨ ᱨᱮ ᱫᱤᱞᱼᱫᱟᱲᱮ ᱞᱟᱜᱟᱣ ᱠᱷᱟᱹᱛᱤᱨ ᱜᱟᱱᱫᱷᱤᱡᱤ ᱠᱷᱚᱱ ᱵᱮᱜᱟᱨᱠᱩ ᱛᱟᱦᱮᱸᱠᱟᱱᱟ ᱾"
1756,इस द्वीप पर सात सीटें हैं ।,ᱮᱭᱟᱭ ᱜᱚᱴᱟᱝ ᱟᱥᱚᱱ ᱟᱛᱮ ᱢᱤᱫᱠᱟᱸᱫᱷᱟᱼᱟᱱ ᱢᱤᱫᱴᱟᱝ ᱠᱳᱠᱳᱥ (ᱠᱤᱞᱤᱝ) ᱰᱷᱤᱯ ᱥᱟᱭᱟᱨ ᱯᱚᱨᱤᱥᱚᱫ ᱨᱮᱭᱟᱜ ᱪᱤᱱᱦᱟᱹ ᱢᱮᱱᱟᱜᱼᱟ ᱾
1757,"5 मई तक भारत को मदद के लिए 5,79,429 वस्तुएँ मिली थीं ।","᱕ᱢᱮ ᱢᱩᱫᱨᱮ, ᱵᱷᱟᱨᱚᱛ ᱫᱚ ᱕,᱗᱖᱙,᱔᱔᱒ ᱜᱚᱴᱮᱡ ᱫᱩᱨᱤᱵ ᱜᱚᱲᱚᱞᱮᱠᱟᱛᱮᱭ ᱧᱟᱢᱠᱮᱫᱟ ᱾"
1758,"नवंबर 2005 में कोरीनेट पर पाबंदी लगा दी गयी कि बहुत - से सेवा सेवकों को उपग्रहों का इस्तेमाल करने में दिलचस्पी थी, जबकि वे पहले से ही इस मामले पर दस्तखत कर चुके थे ।","ᱫᱮᱵᱚᱥ ᱪᱩᱠᱛᱤ ᱱᱮᱫᱷᱟᱹᱵᱤᱡᱽᱛᱮ ᱥᱳᱭ ᱦᱩᱭᱮᱱ ᱛᱟᱭᱚᱱ, ᱒᱐᱐᱕ᱼᱨᱮᱭᱟᱜ ᱱᱚᱵᱷᱮᱢᱵᱚᱨᱨᱮ ᱢᱚᱱᱛᱨᱤᱥᱚᱵᱷᱟᱨᱮ ᱵᱷᱩᱞ ᱰᱚᱜᱚᱨ ᱯᱟᱥᱱᱟᱣᱮᱱᱟ ᱡᱮ, ᱢᱤᱫᱠᱷᱚᱱ ᱡᱟᱹᱥᱛᱤ ᱡᱚᱛᱱᱟᱣ ᱮᱢᱚᱜᱤᱡᱽ ᱩᱯᱚᱜᱨᱚᱦᱚᱣᱟᱱ ᱫᱟᱲᱮ ᱵᱮᱵᱚᱦᱟᱨᱨᱮᱭ ᱩᱫᱜᱟᱹᱣᱟᱱᱟ ᱾"
1759,"सन्‌ 2017 में रूस के राष्ट्रपति विल्विन पुइन ने कहा कि ""आतंत्रवाद के महासचिव ” हैं, लेकिन उसने यह भी दावा किया कि ""आर्किया के दुश्‍मन हैं।""","᱒᱐᱑᱗ ᱼᱨᱮ ᱨᱩᱥ ᱫᱤᱥᱚᱢ ᱜᱚᱢᱠᱮ ᱵᱷᱞᱟᱫᱤᱢᱤᱨ ᱯᱩᱛᱤᱱ ᱫᱚ ""ᱥᱛᱟᱞᱤᱱᱵᱟᱫᱽ ᱨᱮᱭᱟᱜ ᱵᱚᱛᱚᱨ"" ᱮ ᱢᱟᱱᱟᱣ ᱞᱮᱫ ᱨᱮᱦᱚᱸ ""ᱨᱟᱥᱤᱭᱟ ᱨᱮᱱ ᱵᱟᱹᱭᱨᱤ ᱠᱚᱣᱟᱜ"" ᱛᱤᱛᱮ ""ᱥᱛᱟᱞᱤᱱᱟᱜ ᱟᱹᱰᱤ ᱡᱟᱹᱥᱛᱤ ᱫᱟᱱᱚᱵᱤᱠᱚᱨᱚᱱ"" ᱼᱨᱮᱭᱟᱜ ᱦᱚᱸᱭ ᱚᱠᱛᱟ ᱞᱮᱫᱟ ᱾"
1760,"ब्रिटेन के व्यापारिक जहाज़ - चालकों (अमरीका, सीएसएसा, सीएसएसा, सीएसएसा, सीएसएसा, सीएसएस टानाइसेव, सीएसएस ट्‌संवियन और कुछ अन्यों से कई युद्धों को खरीद लिया ।","ᱱᱤᱭᱟᱹ ᱡᱚᱯᱚᱲᱟᱣ ᱪᱩᱠᱛᱤ ᱡᱳᱜ ᱫᱚ ᱵᱨᱤᱴᱮᱱ ᱨᱮᱭᱟᱜ ᱵᱟᱹᱱᱤᱡᱟᱱᱟᱜ ᱡᱟᱦᱟᱡᱽᱵᱮᱱᱟᱣᱠᱩ ᱴᱷᱮᱱᱠᱷᱚᱱ ᱟᱭᱢᱟ ᱩᱛᱟᱹᱨ ᱞᱟᱹᱲᱦᱟᱹᱭ ᱡᱟᱦᱟᱡᱽᱼᱮ (ᱥᱤ.ᱮᱥ.ᱮᱥ ᱟᱞᱟᱵᱟᱢᱟ, ᱥᱤ.ᱮᱥ.ᱮᱥ ᱥᱮᱱᱟᱱᱰᱳᱣᱟ, ᱥᱤ.ᱮᱥ.ᱮᱥ ᱴᱮᱱᱮᱥᱤ, ᱥᱤ.ᱮᱥ.ᱮᱥ ᱴᱟᱞᱦᱟᱥᱤ, ᱥᱤ.ᱮᱥ.ᱮᱥ ᱯᱷᱞᱳᱨᱤᱰᱟ, ᱟᱨᱦᱚᱸ ᱮᱴᱟᱜᱠᱩ) ᱠᱤᱨᱤᱧᱠᱮᱫᱟ ᱾"
1761,"नए रास्ते में, समुदाय के लोगों से सलाह - मशविरा किया जा रहा है और उन्हें तालीम दी जा रही है ।","ᱱᱟᱶᱟ ᱯᱟᱱᱛᱷᱟ ᱞᱮᱠᱟᱛᱮ, ᱜᱟᱸᱛᱟᱠ ᱠᱚ ᱠᱷᱚᱱ ᱯᱚᱨᱟᱢᱚᱨᱥᱚ ᱦᱟᱛᱟᱣ ᱦᱩᱭᱩᱜ ᱠᱟᱱᱟ ᱟᱨ ᱩᱱᱠᱩ ᱫᱚ ᱥᱮᱪᱮᱫ ᱦᱩᱭᱩᱜ ᱠᱟᱱᱟ, ᱟᱨ ᱪᱟᱪᱟᱞᱟᱣ ᱟᱨ ᱨᱟᱹᱠᱷᱤᱡᱳᱜᱟᱣ ᱨᱮᱭᱟᱜ ᱠᱷᱚᱨᱚᱪ ᱪᱟᱞᱟᱣ ᱞᱟᱹᱜᱤᱫ ᱛᱷᱚᱲᱟ ᱪᱮᱛᱟᱱ ᱛᱷᱟᱨ ᱨᱮ ᱱᱤᱨᱫᱷᱟᱹ ᱟᱠᱟᱱ ᱢᱤᱫᱴᱟᱝ ᱢᱟᱥᱩᱞ ᱮᱢ ᱠᱚ ᱨᱟᱹᱡᱤ ᱟᱠᱟᱱᱟ ᱵᱮᱣᱦᱟᱨᱤᱭᱟᱹ ᱠᱚ ᱾"
1762,"सन्‌ 1960 से 1981 तक के दौरान, जब सन्‌ 1971-1966666 साल का था, तब वे अपनी पार्टी को हरा रहे थे ।","᱑᱙᱘᱑ ᱠᱷᱚᱱ ᱑᱙᱙᱔ ᱥᱟᱹᱦᱤᱛ ᱫᱷᱟᱹᱵᱤᱡ ᱵᱷᱮᱨᱮ ᱵᱟᱨᱰ ᱢᱟᱨᱟᱝ ᱢᱚᱱᱛᱨᱤ ᱟᱨ ᱑᱙᱖᱐ ᱠᱷᱚᱱ ᱑᱙᱘᱑ ᱥᱟᱹᱦᱤᱛ ᱫᱷᱟᱹᱵᱤᱡ ᱮᱱᱴᱤᱜᱟᱨ ᱥᱤᱨᱟᱹ ᱢᱚᱱᱛᱨᱤ ᱛᱟᱦᱮᱸ ᱠᱟᱱᱟᱭ, ᱥᱩᱢᱩᱝ ᱑᱙᱗᱑ ᱠᱷᱚᱱ ᱑᱙᱗᱖ ᱥᱟᱹᱦᱤᱛ ᱚᱠᱛᱚ ᱪᱷᱟᱰᱟ, ᱡᱚᱠᱷᱚᱱ ᱩᱛᱱᱟᱹᱣᱟᱱ ᱠᱟᱹᱢᱤᱭᱟᱹ ᱟᱸᱫᱳᱲ (ᱯᱤᱹᱮᱞᱹᱮᱢ) ᱟᱪᱨᱮᱱ ᱜᱟᱫᱮᱞ ᱠᱚ ᱦᱟᱨᱟᱣ ᱠᱮᱫᱮᱭᱟ ᱾"
1763,"लेकिन नई सरकार सत्ता और लाभ के लिए अपने नेतृत्व स्थापित करने में विफल रही, और इसके वित्तीय समर्थन के रूप में स्थानीय और बीच के कमांडरों और उनके सैन्य सैनिकों के साथ केवल लड़ाई नहीं की.","ᱢᱮᱱᱠᱷᱟᱱ ᱱᱟᱸᱣᱟ ᱥᱚᱨᱠᱟᱨ ᱟᱭᱟᱜ ᱟᱹᱱᱟᱱ ᱛᱷᱟᱯᱚᱱᱨᱮᱭ ᱵᱤᱨᱛᱷᱟᱹᱭᱮᱱᱟ ᱟᱨ ᱩᱱᱤᱭᱟᱜ ᱰᱷᱮᱨᱦᱤᱸᱥ ᱠᱟᱹᱣᱰᱤ ᱜᱚᱲᱚ ᱠᱚᱢᱮᱱ ᱠᱷᱟᱹᱛᱤᱨ, ᱛᱷᱟᱹᱱᱤᱛ ᱟᱨ ᱛᱟᱞᱟ ᱦᱟᱹᱴᱤᱧᱨᱮᱱ ᱟᱹᱭᱩᱨᱠᱩ ᱟᱨ ᱩᱝᱠᱩᱨᱮᱱ ᱵᱟᱹᱦᱤᱱᱤ ᱮᱠᱮᱱ ᱟᱠᱩᱢᱩᱫᱨᱮ ᱞᱟᱹᱲᱦᱟᱹᱭᱜᱤ ᱫᱚ ᱵᱟᱠᱩ ᱞᱟᱹᱲᱦᱟᱹᱭᱟᱠᱟᱱᱟ, ᱫᱟᱲᱮ ᱟᱨ ᱞᱟᱵᱷ ᱟᱹᱫᱟᱹᱭ ᱞᱟᱹᱜᱤᱫ ᱡᱮᱞᱮᱧᱚᱠᱛᱚ ᱦᱟᱸᱰᱮᱱᱟᱰᱮ ᱞᱟᱹᱲᱦᱟ,ᱭᱨᱮ ᱢᱤᱫᱜᱩᱴ ᱵᱟᱝ ᱢᱟᱱᱟᱣ ᱫᱟᱲᱮᱭᱟᱜ ᱦᱚᱨᱟᱠᱩ ᱟᱯᱱᱟᱨᱞᱮᱫᱟ ᱾"
1764,भारत में सभी सरकारी प्रशासकों को नागरिक सेवा अधिकारियों के तौर पर नियुक्‍त किया जाता है ।,"ᱵᱷᱟᱨᱚᱛᱨᱮᱱ ᱨᱟᱡᱡᱚ ᱯᱨᱚᱥᱟᱥᱚᱱᱤᱠ ᱯᱚᱨᱤᱥᱮᱵᱟ ᱚᱯᱷᱤᱥᱟᱨ ᱠᱩ ᱫᱚᱠᱩ ᱦᱩᱭᱩᱜᱽᱠᱟᱱᱟ ᱵᱮᱜᱟᱨ ᱵᱮᱜᱟᱨ ᱢᱚᱦᱚᱠᱩᱢᱟᱨᱮᱱ ᱥᱚᱦᱮᱫᱤᱡᱽ ᱠᱟᱞᱮᱠᱴᱟᱨ ᱥᱮ ᱥᱟᱵ ᱫᱤᱥᱴᱨᱤᱠᱴ ᱢᱮᱡᱤᱥᱴᱨᱮᱴ, ᱵᱮᱜᱟᱨ ᱵᱮᱜᱟᱨ ᱢᱤᱩᱱᱤᱥᱤᱯᱟᱞ ᱠᱚᱨᱯᱚᱨᱮᱥᱚᱱ ᱳᱣᱟᱨᱰ ᱚᱯᱷᱤᱥᱟᱨ, ᱱᱚᱴᱤᱯᱷᱟᱭᱮᱰ ᱮᱨᱤᱭᱟ ᱠᱟᱣᱩᱱᱥᱤᱞ, ᱢᱤᱩᱱᱤᱥᱤᱯᱟᱞ ᱠᱟᱩᱱᱥᱤᱞ, ᱡᱤᱞᱟᱹ ᱯᱚᱨᱤᱥᱚᱫ, ᱵᱞᱚᱠ ᱯᱚᱨᱤᱥᱚᱫ, ᱟᱨ ᱜᱨᱟᱢ ᱯᱚᱧᱪᱟᱭᱮᱛ ᱟᱨ ᱯᱚᱱᱚᱛ ᱜᱚᱵᱚᱞᱨᱮᱭᱟᱜ ᱵᱮᱥᱟᱢᱚᱨᱤᱠ ᱠᱟᱹᱢᱤᱭᱟᱹᱠᱩ, ᱵᱮᱜᱟᱨ ᱵᱮᱜᱟᱨ ᱯᱚᱱᱚᱛ ᱥᱚᱪᱤᱵᱟᱞᱚᱭᱨᱮᱱ ᱥᱚᱪᱤᱵᱠᱩ ᱾"
1765,"एक २०१८ समीक्षा ने दिखाया कि एक भूमध्य - समान आहार पूरी तरह स्वास्थ्य स्थिति को सुधार सकता है, जैसे कि ग़ैर - कानूनी बीमारियों का जोखिम कम कर देता है ।",᱒᱐᱑᱘ ᱥᱟᱹᱦᱤᱛ ᱨᱮᱭᱟᱜ ᱫᱚᱲᱦᱟᱛᱮ ᱡᱚᱠᱷᱟᱭ ᱨᱮᱭ ᱩᱫᱩᱜ ᱟᱠᱟᱫᱟ ᱡᱮ ᱵᱷᱩᱢᱚᱫᱷᱭᱚ ᱡᱚᱢᱟᱜ ᱡᱚᱛᱚ ᱨᱮ ᱦᱚᱲᱢᱚᱥᱟᱶᱟᱨ ᱦᱟᱞᱚᱛ ᱩᱛᱱᱟᱹᱣ ᱫᱟᱲᱮᱭᱟᱜᱼᱟᱭ ᱡᱮᱞᱮᱠᱟ ᱵᱮᱼᱯᱟᱥᱱᱟᱣᱚᱜ ᱟᱡᱟᱨ ᱠᱷᱚᱱ ᱡᱷᱩᱸᱠ ᱠᱚᱢ ᱜᱟᱱᱚᱜ ᱾
1766,आम तौर पर दर्द के उद्‌घाटन के 12 घंटे बाद खून की जाँच की जाती है ।,ᱥᱟᱫᱷᱟᱨᱚᱱ ᱦᱟᱹᱥᱩ ᱮᱦᱚᱵᱚᱜ ᱜᱮᱞ ᱵᱟᱨ ᱴᱟᱲᱟᱝ ᱛᱟᱭᱚᱢ ᱠᱟᱨᱰᱤᱭᱟᱠ ᱴᱨᱳᱯᱳᱱᱤᱱ ᱞᱟᱹᱜᱤᱫ ᱢᱤᱫᱴᱟᱝ ᱢᱟᱭᱟᱝ ᱵᱤᱰᱟᱹᱣ ᱠᱚᱨᱟᱣ ᱦᱩᱭ ᱞᱮᱱᱟ ᱾
1767,"यह किसी भी प्रक्रिया को सूचित कर सकता है जो एक शरीर के अन्दर उत्पन्‍न होती है (यानी, अन्तहीन) और पर्यावरण के प्रति प्रतिक्रिया दे सकती है ।",ᱱᱚᱶᱟ ᱫᱚ ᱚᱱᱠᱟᱱ ᱦᱚᱨᱟ ᱠᱷᱮᱛᱨᱚ ᱨᱮ ᱦᱩᱭ ᱫᱟᱲᱮᱭᱟᱜᱼᱟ ᱡᱟᱦᱟᱸ ᱢᱤᱫᱴᱟᱝ ᱡᱤᱭᱟᱹᱞᱤ ᱠᱷᱚᱱ ᱥᱚᱫᱚᱨᱚᱜᱼᱟ (ᱡᱟᱦᱟᱸ ᱦᱩᱭᱩᱜ ᱠᱟᱱᱟ ᱮᱱᱰᱳᱡᱮᱱᱤᱠ) ᱟᱨ ᱥᱟᱪᱟᱨᱦᱮᱫ ᱨᱮᱭ ᱜᱚᱝ ᱞᱮᱫᱟ (ᱥᱟᱪᱟᱨᱦᱮᱫ ᱫᱟᱨᱟᱭ ᱛᱮ ᱵᱚᱞᱚᱱ ᱠᱚᱨᱟᱣ)
1768,"डेविड ई. के अनुसार, ""डिस्कसस ने मुझे बताया है कि अगर एक संभावित नई दवा को स्क्रीन पर चालू करने के लिए संभावना 5-HTCOTOCONS गतिविधि के लिए मिल गया है, यह लगभग हमेशा उस अणु के किसी भी विकास के अंत को सूचित करता है. ""","ᱰᱮᱵᱷᱤᱰ ᱤᱹ ᱱᱤᱠᱳᱞᱟᱥᱟᱜ ᱢᱚᱚᱛ ᱞᱮᱠᱟᱛᱮ, ""ᱨᱟᱱ ᱵᱮᱱᱟᱣ ᱵᱤᱨᱤᱫᱽᱠᱟᱹᱨᱤ ᱥᱟᱶ ᱡᱚᱯᱚᱲᱟᱣ ᱟᱭᱢᱟ ᱥᱚᱦᱮᱫᱠᱟ,ᱢᱤᱭᱟᱹᱠᱩ ᱥᱟᱶ ᱥᱮᱨᱢᱟ ᱠᱮ ᱥᱮᱨᱢᱟᱠᱤᱭᱟᱹ ᱜᱟᱞᱚᱪ ᱤᱧᱮ ᱵᱩᱡᱷᱟᱹᱣ ᱩᱪᱩᱣᱟᱠᱟᱫᱤᱧᱟ ᱡᱮ, ᱡᱚᱫᱤ ᱦᱩᱭᱫᱟᱲᱮᱭᱟᱜ ᱱᱟᱣᱟ ᱨᱟᱱᱨᱮᱭᱟᱜ ᱥᱠᱨᱤᱱᱤᱝ ᱠᱚᱨᱟᱣ ᱚᱠᱛᱮ ᱥᱮᱨᱳᱴᱳᱱᱤᱱ ᱕ᱼᱮᱭᱤᱪᱹᱴᱤᱹ᱒ᱹᱮ ᱮᱜᱳᱱᱤᱥᱴᱚᱣᱟᱱᱟᱜ ᱠᱟᱹᱢᱤᱦᱚᱨᱟ ᱧᱟᱢᱞᱮᱱᱠᱷᱟᱱ, ᱛᱚᱵᱮᱜᱤ ᱱᱤᱭᱟᱹ ᱫᱚ ᱯᱨᱟᱭ ᱡᱚᱛᱚ ᱨᱮᱜᱤ ᱚᱱᱟ ᱚᱱᱩᱨᱮᱭᱟᱜ ᱟᱨᱦᱚᱸ ᱵᱟᱲᱦᱟᱣᱨᱮ ᱢᱩᱪᱟᱹᱫᱨᱮᱭᱟᱜ ᱪᱤᱱᱦᱟᱹᱭ ᱮᱢᱚᱜᱚᱜᱼᱟ ᱾"
1769,"दूध, अंडे, मूँगफली, पेड़ के रस और मछली को एलर्जी की गारंटी देने के लिए लहू की जाँच करना फायदेमंद हो सकता है ।","ᱛᱚᱣᱟ, ᱵᱤᱞᱤ, ᱪᱤᱱᱟᱹ ᱵᱟᱫᱟᱢ, ᱫᱟᱨᱮᱼᱟᱱᱟᱜ ᱵᱟᱫᱟᱢ ᱟᱨ ᱦᱟᱠᱩ ᱨᱮᱭᱟᱜ ᱮᱞᱟᱨᱡᱤ ᱴᱷᱟᱹᱣᱠᱟᱹᱭ ᱞᱟᱹᱜᱤᱫ ᱴᱷᱟᱹᱣᱠᱟᱹᱟᱱ ᱟᱭᱹᱡᱤᱹᱤᱼᱞᱟᱹᱜᱤᱫ ᱢᱟᱭᱟᱢ ᱵᱤᱰᱟᱹᱣ ᱞᱟᱹᱠᱛᱤ ᱦᱩᱭ ᱫᱟᱲᱮᱭᱟᱜᱼᱟ ᱾"
1770,"सन्‌ 2003 में बिस्कुल एनवायरनमेंटल पर्यावरण व्यवस्था (EEEEEEEEEEEEEEESERSENTEEENTEEEENDENDENDES (ESESESENTCDENTES), जिसका मतलब है कि बतौर ग्रह का पानी और प्राकृतिक स्तर बहुत ही बढ़िया है, जबकि शहर के निवासियों के लिए बहुत ही बढ़िया हैं।","᱒᱐᱐᱓ ᱨᱮᱭᱟᱜ ᱵᱟᱥᱛᱮᱞ ᱞᱟᱭᱚᱝ ᱵᱤᱰᱟᱹᱣ ᱵᱚᱱᱫᱮᱡ (ᱵᱤ ᱤ ᱮᱥ) ᱫᱟᱨᱟᱭᱛᱮ ᱠᱚᱨᱟᱣ ᱟᱠᱟᱱ ᱵᱮᱝᱜᱟᱞᱳᱨ ᱨᱮᱭᱟᱜ ᱵᱤᱱ ᱡᱤᱭᱤᱭᱟᱱ ᱥᱟᱬᱮᱥ, ᱡᱤᱵᱤᱭᱟᱹ ᱟᱨ ᱠᱟᱹᱣᱰᱤᱼᱥᱟᱢᱟᱡᱤᱭᱟᱹ ᱢᱟᱹᱱᱫᱚᱱᱰᱚᱠᱚ ᱢᱤᱫᱴᱟᱝ ᱜᱚᱱᱚᱝᱥᱚᱝ ᱱᱤᱨᱫᱮᱥ ᱠᱟᱛᱮ, ᱵᱮᱝᱜᱟᱞᱚᱨ ᱨᱮᱭᱟᱜ ᱫᱟᱜ ᱨᱮᱭᱟᱜ ᱜᱩᱱᱠᱚ ᱟᱨ ᱦᱟᱥᱟ ᱟᱨ ᱫᱟᱜ ᱵᱟᱥᱛᱩ ᱛᱚᱱᱛᱨᱚᱠᱚ ᱡᱩᱛᱷᱩᱨ ᱨᱮᱭᱟᱜ ᱥᱩᱨᱥᱩᱯᱩᱨ ᱦᱩᱭᱜ ᱨᱮᱦᱚᱸ ᱥᱟᱦᱟᱨ ᱨᱮᱭᱟᱜ ᱟᱹᱣᱰᱤᱥᱟᱢᱟᱡᱤᱠ ᱢᱟᱯᱠᱚ (ᱵᱟᱦᱚᱱ ᱪᱟᱞᱟᱜ, ᱡᱤᱭᱚᱱ ᱨᱮᱭᱟᱜ ᱜᱩᱱᱢᱟᱹᱱ), ᱦᱚᱭ ᱨᱮᱭᱟᱜ ᱜᱩᱱ ᱟᱨ ᱥᱟᱰᱮ ᱵᱤᱥᱟᱹᱣ ᱨᱮᱭᱟᱜ ᱠᱷᱚᱛᱤ ᱟᱱᱟᱜ ᱦᱚᱨᱟ ᱛᱟᱦᱮᱸ ᱠᱟᱱᱟ ᱾"
1771,"इस तरह के दर्द को कम करने के लिए, यह बहुत ही ज़रूरी है कि हम एक - दूसरे से बात करें ।","ᱪᱮᱫᱟᱜ ᱥᱮ ᱯᱩᱰᱮᱱᱰᱟᱞ ᱥᱤᱨᱟᱹ ᱥᱩᱛᱟᱹᱢ ᱤᱫᱤᱭᱟᱭ ᱢᱳᱴᱚᱨ ᱟᱨ ᱤᱱᱫᱨᱤᱭ ᱵᱟᱵᱚᱛ ᱛᱮ ᱯᱷᱟᱭᱵᱟᱨ ᱡᱟᱦᱟ ᱯᱮᱞᱵᱷᱤᱠ ᱥᱤᱨ ᱥᱤᱨᱟᱹᱥᱩᱛᱟᱹᱢ ᱯᱟᱸᱡᱟᱭᱟ, ᱱᱤᱭᱟᱹ ᱯᱩᱰᱮᱱᱰᱟᱞ ᱱᱟᱨᱵᱷ ᱵᱞᱚᱠ ᱜᱤᱫᱽᱨᱟᱹ ᱚᱢᱚᱱ ᱦᱟᱥᱩ ᱠᱷᱚᱱ ᱨᱮᱦᱟᱭ ᱧᱟᱢ ᱟ᱾"
1772,"यह त्वचा में पायी जाती है, जहाँ यह नसों को गर्मी और ठंडा करने के लिए प्रेरित करती है ।","ᱱᱚᱣᱟ ᱪᱮᱛᱟᱱ ᱦᱟᱨᱛᱟ ᱜᱚᱥᱚᱜᱼᱟ, ᱡᱟᱦᱟᱸ ᱨᱮ ᱱᱚᱣᱟ ᱞᱚᱞᱚ ᱟᱨ ᱨᱮᱭᱟᱲ ᱡᱚᱛᱚ ᱟᱹᱱᱟᱹᱭᱠᱟᱹᱣᱟᱱ ᱥᱱᱟᱭᱩ ᱨᱮᱭᱟᱜ ᱢᱩᱪᱟᱹᱫ ᱠᱚᱨᱮ ᱡᱟᱜᱟᱣ ᱠᱟᱛᱮ ᱫᱟᱲᱮ ᱥᱟᱶᱛᱮ ᱠᱷᱚᱸᱡᱟ ᱞᱮᱱᱠᱷᱟᱱ ᱞᱚᱞᱚ ᱟᱭᱠᱟᱹᱣᱚᱜᱼᱟ ᱟᱨ ᱱᱟᱥᱮ ᱞᱮᱠᱟ ᱠᱷᱚᱸᱡᱟ ᱞᱮᱱᱠᱷᱟᱱ ᱨᱮᱭᱟᱲ ᱟᱭᱠᱟᱹᱣ ᱥᱤᱨᱡᱟᱹᱜᱼᱟ ᱡᱟᱦᱟᱸ ᱨᱮ ᱩᱱᱤᱭᱟᱜ ᱡᱩᱞᱩᱜ ᱫᱟᱨᱟᱢ ᱨᱮᱭᱟᱜ ᱩᱨᱜᱟᱹᱱ ᱵᱟᱰᱟᱭ ᱦᱚᱪᱚ ᱛᱮᱭᱟᱜ ᱾"
1773,"सन्‌ 1829 में कैरा, ऊर पहाड़ के दक्षिणी सिरे पर पहुँच गया ।",᱑᱘᱒᱙ᱼᱨᱮ ᱠᱚᱞᱮᱨᱟ ᱫᱚ ᱤᱣᱨᱟᱞ ᱨᱟᱛᱟᱝᱵᱩᱨᱩ ᱨᱮᱭᱟᱜ ᱫᱟᱹᱠᱷᱤᱱ ᱱᱟᱠᱷᱟᱨᱮ ᱥᱮᱴᱮᱨᱞᱮᱱᱟ ᱾
1774,"कोलागन के तौर पर: जब कोरगनस के साथ व्यवहार करता है, तो यह रक्‍त की तेज़ मात्रा उत्पन्‍न करता है ।","ᱦᱤᱢᱳᱥᱴᱮᱴ ᱞᱤᱠᱟᱛᱮ ᱠᱳᱞᱟᱡᱮᱱ ᱺ ᱠᱳᱞᱟᱡᱮᱱ ᱡᱚᱠᱷᱚᱱ ᱯᱞᱮᱴᱞᱮᱴ ᱱᱤᱭᱟᱹ ᱥᱟᱶ ᱡᱳᱜᱟᱡᱳᱜ ᱛᱷᱟᱯᱚᱱ ᱞᱮᱫᱟᱭ, ᱛᱚᱠᱷᱚᱱ ᱚᱱᱟ ᱢᱟᱭᱟᱝ ᱞᱚᱜᱚᱱ ᱡᱚᱢᱟᱴ ᱛᱚᱞᱚ ᱟ᱾"
1775,"सभी ने हाल ही में एक आम वैक्सीन का प्रयोग किया है स्थानीय और सामान्य प्रतिक्रिया (अभिकता, रोग, तीव्रपन, और बुखार में), और १% प्राप्तकर्ताओं के बारे में गंभीर प्रतिकूल प्रतिक्रिया प्रकट होती है ।","ᱱᱮᱛᱟᱨ ᱵᱮᱣᱦᱟᱨᱚᱜ ᱠᱟᱱ ᱡᱷᱚᱛᱚ ᱮᱹᱱᱛᱷᱨᱟᱠᱥ ᱴᱤᱠᱟᱹ ᱜᱮ ᱯᱨᱟᱭ ᱑% ᱦᱟᱛᱟᱣ ᱠᱚᱴᱷᱮᱱ ᱜᱮ ᱛᱷᱟᱹᱱᱤᱛ ᱟᱨ ᱥᱟᱫᱷᱟᱨᱚᱱ ᱚᱨᱥᱚᱝ (ᱮᱨᱤᱛᱷᱤᱢᱟ, ᱦᱟᱨᱛᱟ ᱠᱮᱴᱮᱡᱚᱜ, ᱦᱟᱥᱩ ᱟᱨ ᱨᱩᱣᱟᱹ), ᱟᱨ ᱟᱹᱰᱤ ᱵᱟᱹᱲᱤᱡ ᱚᱨᱥᱚᱝ ᱮ ᱩᱫᱩᱜᱼᱟ ᱾"
1776,"इसके अलावा, इलाज या नौकरी - पेशे से जुड़ी समस्याओं का सामना करने में व्यक्‍तिगत तौर पर मदद देने के लिए व्यक्‍ति की मदद की जा सकती है, ताकि वह आपसी रिश्‍तों में दरार डाल सके ।","ᱨᱩᱣᱟᱹᱴᱷᱤᱠᱟᱹᱭ, ᱜᱟᱹᱦᱤᱨᱛᱮᱫ ᱟᱨ ᱦᱚᱲᱯᱤᱪᱷᱟᱹ ᱥᱟᱶ ᱥᱟᱶᱛᱮ ᱪᱟᱹᱠᱨᱤ ᱪᱮᱛᱟᱱ ᱴᱮᱦᱟᱰᱠᱟᱛᱮ, ᱠᱟᱹᱢᱤ ᱥᱮ ᱠᱟᱹᱢᱤ ᱴᱷᱟᱣ ᱥᱟᱶ ᱢᱟᱱᱟᱣ ᱨᱮᱱᱟᱜ ᱚᱥᱩᱵᱤᱫᱷᱟ, ᱡᱟᱦᱟᱸ ᱨᱮᱭᱟᱜ ᱦᱩᱭᱫᱟᱲᱮᱭᱟᱜ ᱯᱚᱨᱤᱱᱚᱛᱤ ᱞᱮᱠᱟᱛᱮ ᱱᱤᱡᱼᱦᱚᱲᱠᱩ ᱛᱟᱞᱟ ᱥᱚᱢᱵᱚᱸᱫᱨᱮ ᱵᱮᱵᱤᱪᱟᱹᱨ ᱥᱟᱶ ᱮᱴᱟᱜᱽᱠᱩ ᱥᱟᱶ ᱟᱱᱟᱴ ᱥᱟᱶ ᱱᱤᱡᱟᱱᱟᱜ ᱨᱩᱣᱟᱹᱠᱩ ᱡᱚᱯᱚᱲᱟᱣ ᱦᱩᱭᱫᱟᱲᱮᱭᱟᱜᱼᱟ ᱾"
1777,श्‍वेत कण बिना बिजली के खाली जगह में निर्माण कर सकते हैं ।,ᱵᱚᱱᱫᱷᱚ ᱡᱟᱭᱜᱟ ᱨᱮᱭᱟᱜ ᱠᱚᱢᱜᱟᱱ ᱦᱚᱭ ᱪᱟᱞᱟᱜᱦᱮᱡᱩᱜ ᱠᱷᱟᱹᱛᱤᱨ ᱩᱰᱩᱠᱚᱜ ᱠᱟᱱ ᱥᱟᱸᱦᱮᱫ ᱨᱮᱭᱟᱜ ᱠᱚᱱᱟ ᱯᱮᱨᱮᱡ ᱦᱩᱭ ᱫᱟᱲᱮᱭᱟᱜᱼᱟ ᱾
1778,कई महीनों से सूअरों के हमले के बाद भारतीय बाज़ार में (ओएमिलावीर) का जेनेरिक संस्करण उपलब्ध कराया गया।,ᱴᱮᱢᱤᱯᱷᱩᱞᱩᱨ ᱥᱟᱫᱷᱟᱨᱚᱱ ᱟᱹᱨᱩ ᱨᱩᱣᱟᱹᱲ (ᱳᱥᱮᱞᱴᱟᱢᱤᱵᱷᱤᱨ) ᱵᱷᱟᱨᱚᱛ ᱨᱮᱭᱟᱜ ᱵᱟᱡᱟᱨ ᱨᱮ ᱥᱳᱭᱟᱤᱱ ᱯᱷᱚᱞᱩ ᱨᱮᱭ ᱵᱟᱲᱦᱟᱣ ᱨᱮᱭᱟᱜ ᱵᱮᱥ ᱠᱤᱪᱷᱤ ᱪᱟᱸᱫᱳ ᱛᱟᱭᱚᱢ ᱠᱷᱚᱱ ᱪᱟᱹᱞᱩ ᱦᱩᱭ ᱞᱮᱱᱟ ᱾
1779,सन्‌ 8085% लोगों का अनुपात सन्‌ 1520% में पाया जाता है ।,᱘᱐ᱼ᱘᱕% ᱩᱯᱠᱟᱹᱨᱟᱱ ᱵᱮᱠᱴᱮᱨᱤᱭᱟ ᱟᱨ ᱑᱕ᱼ᱒᱐% ᱦᱩᱭ ᱫᱟᱲᱮᱭᱟᱜᱼᱟ ᱵᱟᱲᱤᱡᱽᱼᱟᱱ ᱵᱮᱠᱴᱮᱨᱤᱭᱟᱼᱟᱜ ᱛᱩᱞᱩᱡᱽ ᱥᱟᱫᱷᱟᱨᱚᱱᱚᱛᱚ ᱞᱟᱡᱽᱨᱮ ᱥᱟᱹᱵᱤᱠ ᱞᱮᱠᱟᱛᱮ ᱞᱮᱠᱷᱟ ᱦᱩᱭᱩᱜᱼᱟ ᱟᱨ ᱦᱳᱢᱤᱳᱥᱴᱟᱥᱤᱥᱼᱮ ᱥᱟᱵ ᱫᱚᱦᱚᱭᱟ ᱾
1780,"जब आखिरकार ब्रिटेन ने 13 जुलाई, 1829 को इस इलाके का पता लगाया, तो यह लगभग बंजर हो गया; उस वक्‍त की कोशिशों से किसानों को देश बढ़ाने की प्रेरणा मिली ।","᱑᱘᱒᱙ᱼᱨᱮᱭᱟᱜ ᱑᱓ᱡᱩᱞᱟᱤ ᱡᱚᱠᱷᱚᱱ ᱵᱨᱤᱴᱤᱥᱠᱩ ᱢᱩᱪᱟᱹᱫᱨᱮ ᱡᱟᱭᱜᱟᱴᱟᱜᱠᱩ ᱫᱚᱠᱷᱚᱞ ᱠᱮᱫᱟ, ᱛᱚᱠᱷᱚᱱ ᱱᱤᱭᱟᱹ ᱫᱚ ᱯᱨᱟᱭ ᱦᱚᱲᱡᱤᱭᱟᱹᱞᱤ ᱵᱮᱜᱚᱨ ᱛᱟᱦᱮᱸᱠᱟᱱᱟ; ᱡᱟᱭᱜᱟᱴᱟᱜ ᱦᱚᱲᱛᱮ ᱯᱮᱨᱮᱡᱽ ᱞᱟᱹᱜᱤᱫ ᱡᱩᱢᱤ ᱪᱟᱥ ᱞᱟᱹᱜᱤᱫᱛᱮ ᱑,᱒᱖᱐ ᱴᱟᱠᱟ ᱨᱮᱭᱟᱜ ᱩᱫᱜᱟᱹᱣ ᱦᱚᱛᱮᱛᱮ ᱪᱟᱹᱥᱤᱠᱩ ᱡᱚᱯᱚᱲᱟᱣᱠᱩ ᱨᱮᱭᱟᱜ ᱚᱱᱟ ᱚᱠᱛᱮ ᱨᱮᱭᱟᱜ ᱠᱩᱨᱩᱢᱩᱴᱩ ᱦᱚᱸ ᱵᱤᱨᱛᱷᱟᱹᱭᱮᱱᱟ ᱾"
1781,मानसिक स्वास्थ्य पेशेवर जैसे कि मानसिक स्वास्थ्य पेशेवर अपनी योग्यताओं को प्राप्त करते हैं जैसे कि मानसिक स्वास्थ्य स्वास्थ्य स्वास्थ्य में अपनी योग्यताएँ हासिल करते हैं ।,"ᱢᱚᱱ ᱥᱟᱶᱟᱨ ᱰᱟᱠᱴᱚᱨ ᱡᱮᱞᱮᱠᱟ ᱢᱚᱱᱟᱡᱟᱨ ᱰᱟᱠᱴᱚᱨ ᱠᱚ ᱟᱠᱚᱣᱟᱜ ᱡᱳᱜᱚᱛᱟ ᱟᱨᱡᱟᱣ ᱞᱟᱹᱜᱤᱫ ᱡᱟᱦᱟᱱ ᱢᱮᱰᱤᱠᱮᱞ ᱠᱟᱣᱩᱱᱥᱤᱞ ᱚᱯᱷ ᱤᱱᱰᱤᱭᱟ ᱨᱮᱭᱟᱜ ᱛᱟᱞᱢᱟ ᱠᱷᱚᱱ ᱮᱢ ᱵᱤ ᱵᱤ ᱮᱥ ᱼ ᱛᱟᱭᱚᱢ ᱢᱚᱱᱟᱡᱟᱨ ᱵᱤᱨᱫᱟᱹᱨᱮ ᱮᱢ ᱰᱤ, ᱥᱟᱭᱠᱨᱤᱭᱟᱴᱨᱤᱠ ᱢᱮᱰᱤᱥᱤᱱ ᱨᱮ ᱰᱤᱯᱞᱳᱢᱟ (ᱰᱤ ᱯᱤ ᱮᱢ) ᱥᱮ ᱢᱚᱱᱟᱡᱟᱨ ᱵᱤᱨᱫᱟᱹᱨᱮ ᱰᱤᱯᱞᱳᱢᱮᱹᱴ ᱚᱯᱷ ᱱᱮᱥᱚᱱᱟᱞ ᱵᱳᱨᱰ (ᱰᱤ ᱮᱱ ᱵᱤ) ᱠᱚ ᱯᱩᱨᱟᱹᱣᱼᱟ ᱾"
1782,"कनाडा में, १० अक्‍तूबर और ७ के बीच किए गए वैक्सीन के ६.६ करोड़ खुराक को वितरित किया गया था ।","ᱠᱟᱱᱟᱰᱟᱨᱮ, ᱒᱑ ᱚᱠᱴᱚᱵᱚᱨ ᱠᱷᱚᱱ ᱗ ᱱᱚᱵᱷᱮᱢᱵᱚᱨ ᱢᱩᱫᱨᱮ ᱖᱖ ᱞᱚᱠᱠᱷᱚ ᱴᱤᱠᱟᱹ ᱵᱤᱞᱟᱹᱣ ᱛᱟᱭᱚᱢ, ᱴᱤᱠᱟᱹᱮᱢᱚᱜ ᱦᱩᱭᱟᱠᱟᱱ ᱕᱙᱘ ᱦᱚᱲᱠᱩ ᱢᱩᱫᱨᱮ ᱫᱚᱭᱚᱜᱽ ᱵᱷᱟᱵ, ᱵᱚᱦᱚᱜᱼᱟᱹᱪᱩᱨ, ᱵᱚᱦᱚᱜᱼᱦᱟᱥᱩ, ᱨᱩᱣᱟᱹ, ᱫᱚᱭᱚᱜᱚᱜ ᱟᱨ ᱯᱷᱩᱞᱟᱹᱣᱵᱷᱟᱵ ᱥᱟᱶ ᱦᱟᱞᱠᱟ ᱠᱟᱹᱢᱤᱭ ᱛᱮᱭᱟᱜ ᱜᱷᱚᱴᱚᱱ ᱥᱟᱢᱟᱝᱨᱮ ᱦᱮᱡᱽᱞᱮᱱᱟ ᱾"
1783,"इस रोग को फैलने से रोकने के लिए, यह बहुत ही विरल है कि वे अपने रोग - निदान में वापस आएँ और बाद में बीमारी पैदा करें ।","ᱯᱮᱛᱷᱚᱡᱮᱱ ᱨᱮᱭᱟᱜ ᱦᱟᱹᱱᱟᱠᱟᱱ ᱴᱷᱤᱠᱟᱱ ᱞᱮᱠᱷᱟᱱ, ᱯᱮᱛᱷᱚᱡᱮᱱᱤᱠ ᱨᱩᱯ ᱨᱮ ᱨᱩᱭᱟᱹᱲ ᱠᱟᱛᱮ ᱟᱡᱟᱨ ᱡᱟᱱᱟᱢ ᱫᱚ ᱩᱱᱠᱩᱣᱟᱜ ᱛᱚᱨᱚᱯ ᱠᱷᱚᱱ ᱟᱹᱰᱤ ᱠᱚᱢ ᱾"
1784,जीवित वैक्सीन सुरक्षित हैं और एक मजबूत और प्रभावी बचाव प्रतिक्रियाओं को प्रोत्साहित कर रहे हैं कि लंबे समय से स्थायी रहे हैं.,"ᱞᱟᱭᱤᱵᱷ ᱮᱴᱮᱱᱩᱣᱮᱴᱮᱰ ᱴᱤᱠᱟᱹᱠᱩ ᱫᱚ ᱱᱤᱨᱟᱹᱭ ᱟᱨ ᱢᱤᱫᱴᱟᱝ ᱫᱟᱲᱮᱭᱟᱱ ᱟᱨ ᱟᱡᱽᱛᱮ ᱴᱮᱠᱟᱣᱫᱟᱨᱟᱢ ᱫᱟᱲᱮᱭ ᱩᱫᱜᱟᱹᱣᱟ, ᱡᱟᱦᱟᱸ ᱫᱚ ᱰᱷᱮᱨ ᱚᱠᱛᱚ ᱞᱟᱹᱜᱤᱫᱽᱠᱟᱱᱟ ᱾"
1785,"एक कारण यह है कि अनुसंधायिका (जो उम्र के लिए अति ऊंचाई के लिए कम वज़न, कम वज़न के नीचे) और सूक्ष्मता के कारण या अति - महत्त्वपूर्ण विटामिन और खनिजों की कमी ।","ᱢᱤᱫᱴᱟᱝ ᱦᱩᱭᱩᱜ ᱠᱟᱱᱟ ᱚᱯᱩᱥᱴᱤ, ᱡᱟᱦᱟᱸ ᱢᱩᱫᱽᱨᱮ ᱢᱮᱱᱟᱜᱼᱟ ᱵᱟᱲᱦᱟᱣ ᱰᱷᱮᱨ ᱦᱟᱹᱱ ( ᱩᱢᱮᱨ ᱟᱱᱫᱟᱡ ᱨᱮ ᱠᱚᱢ ᱩᱥᱩᱞ), ᱠᱷᱚᱭ (ᱩᱥᱩᱞ ᱟᱫᱱᱫᱟᱭ ᱨᱮ ᱠᱚᱢ ᱳᱡᱚᱱ), ᱳᱡᱚᱱ ᱨᱮᱭᱟᱜ ᱠᱚᱢ (ᱩᱢᱮᱨ ᱟᱱᱫᱟᱡ ᱨᱮ ᱠᱚᱢ ᱳᱡᱚᱱ), ᱟᱨ ᱢᱟᱭᱠᱨᱳᱱᱤᱭᱴᱨᱤᱭᱮᱱᱴ ᱨᱮᱭᱟᱜ ᱜᱷᱟᱹᱴᱛᱤ ᱥᱮ ᱠᱚᱢᱟᱱ (ᱞᱟᱹᱠᱛᱤᱭᱟᱱ ᱵᱷᱤᱴᱟᱢᱤᱱ ᱟᱨ ᱢᱤᱱᱟᱨᱮᱞ ᱨᱮᱭᱟᱜ ᱜᱷᱟᱹᱴᱛᱤ) ᱾"
1786,"लेकिन, जो दो या तीन साल से मनन करते आए हैं, वे पहले से ही रक्‍ताधान के दबाव में आ गए ।","ᱮᱱᱨᱮᱦᱚᱸ , ᱡᱟᱦᱟᱸᱭ ᱠᱚ ᱵᱟᱨ ᱥᱮ ᱯᱮ ᱥᱮᱨᱢᱟ ᱞᱮᱛᱟᱲᱜᱮ ᱠᱚ ᱪᱟᱨᱪᱟᱣ ᱮᱫᱟ, ᱩᱱᱠᱩ ᱱᱤᱦᱟᱹᱛᱜᱮ ᱠᱚᱢ ᱢᱟᱭᱟᱝᱪᱟᱯ ᱧᱟᱢ ᱟᱠᱟᱱᱟ ᱾"
1787,"एनसीडी में अनेक पर्यावरण रोग हैं जो बाहरी तत्त्वों, पोषण, प्रदूषण, और जीवन - शैली चुनावों के कारण उत्पन्‍न किए गए मानव स्वास्थ्य परिस्थितियों के व्यापक वर्ग को ढकते हैं और उन्हें बनाए रखते हैं ।","ᱮᱱᱹᱥᱤᱹᱰᱤ ᱥᱮᱞᱮᱫ ᱠᱟᱛᱮ ᱟᱭᱢᱟ ᱥᱟᱪᱟᱨᱦᱮᱫ ᱟᱱᱟᱜ ᱟᱡᱟᱨ ᱥᱮ ᱢᱟᱹᱱᱢᱤ ᱦᱚᱲᱢᱚᱥᱟᱶᱟᱨ ᱵᱟᱜᱤᱞᱮᱠ ᱟᱨ ᱵᱮᱼᱵᱟᱜᱤᱞᱮᱠ ᱦᱟᱞᱚᱛ ᱨᱮᱭᱟᱜ ᱯᱟᱥᱱᱟᱣ ᱟᱠᱟᱱ ᱛᱷᱚᱱᱚᱛ ᱫᱚ ᱠᱚᱵᱷᱟᱨ ᱮᱫᱟᱭ, ᱡᱟᱦᱟᱸ ᱪᱟᱸᱫᱳᱣᱟᱜ ᱟᱨᱥᱟᱞ, ᱯᱩᱥᱴᱤ, ᱵᱤᱥᱟᱹᱣ ᱟᱨ ᱡᱤᱭᱚᱱᱫᱷᱟᱨᱟ ᱨᱮᱭᱟᱜ ᱵᱷᱮᱜᱟᱨ ᱞᱮᱠᱟᱱ ᱵᱟᱦᱮᱨ ᱚᱡᱮᱠᱚ ᱫᱟᱨᱟᱭ ᱛᱮ ᱵᱮᱱᱟᱣ ᱟᱠᱟᱱᱟ ᱾"
1788,Sulffys दोनों इम्यूजिक कार्रवाई द्वारा प्रतिक्रिया उत्पन्न कर सकते हैं.,"ᱥᱟᱞᱯᱷᱟᱭᱤᱴ ᱫᱟᱨᱟᱭᱛᱮ ᱤᱢᱤᱭᱩᱱᱳᱞᱚᱡᱤᱠ ᱟᱨ ᱵᱮᱼᱤᱢᱤᱭᱱᱳᱞᱚᱡᱤᱠ ᱦᱚᱨᱟ, ᱱᱤᱭᱟᱹ ᱵᱷᱟᱱᱟᱨ ᱫᱟᱨᱟᱭᱛᱮᱜᱤ ᱵᱤᱠᱨᱤᱭᱟ ᱦᱩᱭ ᱫᱟᱲᱤᱭᱟᱜᱼᱟ ᱾"
1789,"2 अप्रैल, 2020 के दिन, DVIVD-19 ने बताया कि CHID-19 कम से कम 90 मे रिटायरमेंट घरों में काफी तरक्की हुई है।",᱒᱐᱒᱐ᱼᱨᱮᱭᱟᱜ ᱒ᱨᱟ ᱮᱯᱨᱤᱞ ᱫᱟᱜᱮᱱᱥ ᱤᱠᱳ ᱵᱚᱨᱱᱚᱱᱮ ᱩᱪᱷᱟᱹᱱᱟᱠᱟᱫᱟ ᱡᱮ ᱠᱚᱢ ᱠᱟᱛᱮ ᱙᱐ᱴᱤ ᱯᱳᱣᱨᱳᱥᱚᱵᱷᱟ ᱨᱮᱭᱟᱜ ᱫᱚᱦᱚ ᱚᱲᱟᱜᱽᱠᱩᱨᱮ ᱠᱳᱵᱷᱤᱰᱼ᱑᱙ ᱫᱚ ᱧᱩᱢᱟᱱᱟᱜᱽᱞᱮᱠᱟ ᱯᱟᱥᱱᱟᱣᱞᱮᱱᱟ ᱾
1790,"एक बार जब एक वायरस हो जाता है तो वह एक होस्ट कोशिका में ऑपरेशन करता है, तब वह एक दूत RNA (mNA) अणुओं को उत्पन्‍न करता है जो रसायन - प्रोटीन के मिश्रण का निर्देश देते हैं ।",ᱡᱟᱦᱟᱱ ᱵᱷᱟᱭᱨᱟᱥ ᱵᱚᱝᱥᱚ ᱚᱱᱩ ᱢᱤᱫ ᱫᱷᱟᱣ ᱡᱟᱦᱟᱱ ᱜᱮᱢᱮᱨ ᱠᱳᱥᱨᱮ ᱵᱚᱞᱚ ᱞᱮᱱ ᱠᱷᱟᱱ ᱚᱱᱟ ᱫᱚ ᱵᱤᱥᱟᱹᱣ ᱯᱨᱳᱴᱤᱱ ᱥᱚᱝᱥᱞᱮᱥᱚᱱ ᱪᱟᱪᱞᱟᱣᱤᱡ ᱵᱟᱨᱛᱟ ᱤᱫᱤᱭᱤᱡ (ᱮᱢ ᱟᱨ ᱮᱱ ᱮ) ᱚᱱᱩ ᱵᱮᱱᱟᱜᱼᱟ ᱾
1791,इन वजहों से कुँवारेपन की जाँच करके यह तय नहीं किया जा सकता कि वह कुँवारी है या नहीं ।,"ᱱᱤᱭᱟᱹ ᱚᱡᱮᱠᱚ ᱞᱟᱹᱜᱤᱫ, ᱠᱩᱢᱟᱨᱤ ᱵᱤᱰᱟᱹᱣ ᱠᱟᱛᱮ ᱠᱩᱢᱟᱹᱨᱤ ᱴᱷᱟᱹᱣᱠᱟᱹ ᱥᱟᱹᱦᱤᱡ ᱵᱟᱝ ᱜᱚᱴᱟ ᱟ᱾"
1792,वे तर्क करते हैं कि व्यक्‍तित्व विकारों के सिद्धांत और निदान सामाजिक या यहाँ तक कि आर्थिक विचार पर निश्‍चित रूप से आधारित हैं ।,"ᱩᱱᱠᱩᱣᱟᱜ ᱡᱩᱠᱛᱤᱛᱮ, ᱦᱚᱲᱟᱜ ᱟᱡᱟᱨ ᱛᱮ ᱨᱮᱛᱮᱫ ᱟᱨ ᱨᱳᱜ ᱴᱷᱟᱹᱣᱠᱟᱹ ᱜᱚᱴᱟ ᱞᱟᱹᱜᱤᱫ ᱠᱮᱴᱮᱡ ᱢᱟᱪᱷᱛᱮ ᱥᱟᱶᱛᱟ, ᱱᱚᱝᱠᱟᱜᱤ ᱥᱟᱶᱛᱟ ᱨᱟᱡᱟᱹᱨᱤ ᱟᱨ ᱠᱟᱹᱣᱰᱤ ᱟᱹᱨᱤ ᱵᱟᱪᱷᱱᱟᱣ ᱵᱩᱱᱤᱭᱟᱹᱫᱽ᱾"
1793,कुछ अध्ययनों से यह भी पता चला है कि शरीर में बढ़ती कमी और बढ़ती जा रही खराब सेहत के बीच गहरा नाता है ।,ᱠᱤᱪᱷᱩ ᱠᱤᱪᱷᱩ ᱠᱷᱚᱸᱫᱨᱚᱱ ᱦᱚᱲᱢᱚᱥᱟᱶᱣᱟᱨ ᱵᱟᱝᱯᱮᱨᱮᱡᱚᱜ ᱨᱮ ᱡᱟᱹᱥᱛᱤ ᱟᱨ ᱮᱥᱹᱤᱹᱮᱥᱼᱨᱮ ᱡᱟᱹᱥᱛᱤᱜ ᱢᱩᱫᱨᱮ ᱢᱤᱫᱴᱟᱝ ᱥᱚᱢᱵᱚᱸᱫᱷᱮ ᱩᱫᱩᱜᱼᱟᱠᱟᱫᱟ ᱾
1794,"इन वैक्सीनों में या तो मलबा (मारित) वायरस या कमज़ोर जीवित वायरस है, जो मल - मूत्र का कारण नहीं हो सकता ।",ᱱᱚᱣᱟ ᱴᱤᱠᱟᱹᱠᱚᱫᱚ ᱦᱩᱭᱩᱰᱼᱟ ᱪᱟᱵᱟᱭᱟ (ᱢᱩᱪᱟᱹᱫᱟ) ᱤᱱᱯᱷᱩᱞᱩᱭᱮᱱᱡᱟ ᱵᱷᱟᱭᱨᱟᱥ ᱢᱮᱱᱟᱜᱼᱟ ᱵᱟᱝᱠᱷᱟᱱ ᱞᱚᱦᱚᱡᱩᱨᱤ ᱞᱮᱠᱟᱱ ᱡᱤᱭᱮᱫ ᱵᱷᱟᱭᱨᱟᱥ ᱡᱟᱦᱟ ᱫᱚ ᱤᱱᱯᱷᱩᱞᱩᱭᱮᱱᱡᱟ ᱵᱟᱝ ᱮ ᱜᱷᱚᱴᱟᱣ ᱫᱟᱲᱤᱭᱟᱜᱼᱟ ᱾
1795,"अप्रैल 2020 के शुरूआत में जॉन नॉक्सगांग ने दो फ्रांसीसी वैज्ञानिकों द्वारा निन्दा की, प्रोफेसर जीन-डेरा और केकच ने सुझाव दिया कि एक संभावित टी. बी.","ᱮᱯᱨᱤᱞ ᱒᱐᱒᱐ᱼᱨᱮ ᱮᱛᱚᱦᱚᱯ ᱥᱮᱡᱽ, ᱚᱫᱷᱤᱠᱚᱨᱛᱟ ᱠᱚᱨᱚᱱᱟ ᱵᱷᱟᱭᱨᱟᱥ ᱞᱟᱹᱜᱤᱫ ᱡᱚᱠᱠᱷᱟ ᱨᱮᱭᱟᱜ ᱦᱩᱭᱫᱟᱲᱮᱭᱟᱜ ᱢᱤᱫᱴᱟᱝ ᱴᱤᱠᱟᱹ ᱟᱯᱷᱨᱤᱠᱟᱨᱮ ᱵᱤᱰᱟᱹᱣ ᱥᱟᱛᱟᱢᱨᱮ ᱵᱟᱨᱦᱚᱲ ᱯᱷᱚᱨᱟᱥᱤ ᱥᱟᱲᱮᱥᱤᱭᱟᱹ ᱥᱟᱪᱮᱫ ᱡᱟᱸ ᱯᱚᱞ ᱢᱤᱨᱟ ᱟᱨ ᱠᱮᱢᱤᱞ ᱞᱚᱠᱷᱴᱼᱟᱜ ᱨᱚᱲᱨᱮᱭᱟᱜ ᱵᱤᱨᱟᱹᱫᱠᱟᱛᱮ ᱰᱟᱠᱴᱟᱨ ᱡᱚᱱ ᱠᱮᱸᱜᱟᱥᱚᱝ ᱩᱱᱤ ""ᱟᱹᱲᱤᱥᱟᱱᱟᱜ ᱟᱨ ᱡᱟᱹᱛᱤᱭᱟᱹᱨᱤᱵᱤᱨᱩᱫᱟᱱᱟᱜ"" ᱢᱮᱱᱛᱮᱭ ᱢᱮᱱᱞᱮᱫᱟ ᱾"
1796,"""प्रयोगात्मक व्यवस्था और स्वास्थ्य संगठन"""" ""प्रयोगात्मक व्यवस्था और स्वास्थ्य संगठन"" के साथ भी कई विभाजनों हैं, ""प्रयोगियों, स्वास्थ्य संगठन, स्वास्थ्य संगठन, और अनुसंधान,"" ""कांत्र और संचार,"" ""कांत्रीय व्यवस्था,"" ""कांत्रीय व्यवस्था,"" ""कांत्रीय व्यवस्था और नेटवर्क"" और जनता स्वास्थ्य संगठन"" और स्वास्थ्य संगठन के लिए तैयार किया गया है, और ""जन स्वास्थ्य संगठन और अनुसंधान"".","ᱚᱱᱟᱨᱮᱭᱟᱜ ᱠᱟᱹᱢᱤᱟᱠᱟᱱ ᱟᱨ ᱥᱟᱬᱮᱥ ᱟᱨ ᱠᱟᱹᱢᱤᱥᱩᱪᱤ ᱠᱟᱹᱢᱤᱚᱲᱟᱜ ᱪᱷᱟᱰᱟ ᱦᱚᱸ,""ᱱᱤᱛᱤ, ᱦᱚᱲᱢᱚ ᱥᱟᱶᱟᱨ ᱥᱮᱭᱟᱱᱟᱹᱨᱤ ᱟᱨ ᱡᱳᱜᱟᱡᱳᱜ ᱵᱚᱱᱫᱮᱡ"", ᱪᱟᱪᱟᱞᱟᱣ ᱟᱨ ᱯᱨᱚᱥᱟᱥᱚᱱ,""ᱱᱚᱡᱚᱨᱫᱟᱹᱨᱤ ᱟᱨ ᱟᱡᱟᱨ ᱨᱮᱭᱟᱜ ᱠᱷᱚᱵᱚᱨ,"" ᱠᱷᱚᱫᱽᱨᱚᱸᱱ ᱵᱚᱱᱫᱮᱡ ᱟᱨ ᱱᱮᱴᱳᱣᱟᱨᱠ"",""ᱢᱩᱦᱤᱢᱚᱠᱛᱮ ᱥᱟᱯᱲᱟᱣ ᱟᱨ ᱠᱟᱹᱢᱤᱜ ᱛᱮᱭᱟᱜ"" ᱟᱨ ""ᱥᱟᱫᱷᱟᱨᱚᱱ ᱦᱚᱲᱢᱚ ᱥᱟᱶᱟᱨ ᱛᱷᱟᱯᱚᱱᱜᱟᱫᱮᱞ ᱟᱨ ᱠᱷᱚᱫᱽᱨᱚᱸᱱ "" ᱥᱟᱶᱛᱮ ᱥᱮᱞᱮᱫ ᱜᱟᱶᱛᱟ ᱟᱭᱢᱟ ᱛᱷᱚᱱᱚᱛ ᱢᱮᱱᱟᱜᱼᱟ ᱾"
1797,"अफ्रीका की सीडीसी पर आधारित है अफ्रीका सीडीसी कोरिड केंद्र जोड़ेंस, इथियोपिया में, जो कि संस्थान के आपातकालीन संचालन केंद्र में भी है।","ᱟᱯᱷᱨᱤᱠᱟ ᱥᱤᱹᱰᱤᱹᱥᱤ ᱤᱛᱷᱤᱭᱚᱯᱤᱭᱟ ᱨᱮᱭᱟᱜ ᱟᱫᱫᱤᱥ ᱟᱵᱮᱥᱛᱟ ᱨᱮ ᱟᱯᱷᱨᱤᱠᱟ ᱥᱤᱹᱰᱤᱹᱥᱤ ᱨᱮᱭᱟᱜ ᱡᱚᱯᱲᱟᱣ ᱛᱟᱞᱢᱟ ᱢᱮᱱᱟᱜᱼᱟ, ᱡᱟᱦᱟᱸ ᱨᱮ ᱮᱡᱮᱱᱥᱤ ᱨᱮᱭᱟᱜ ᱜᱟᱨᱥᱟᱨ ᱠᱟᱹᱢᱤ ᱛᱟᱞᱢᱟ ᱢᱮᱱᱟᱜᱼᱟ ᱾"
1798,एनसीडी ए. डी. डी.,ᱵᱟᱝᱤᱪᱟᱹᱲᱚᱜ ᱨᱩᱣᱟᱹ ᱥᱟᱶ ᱡᱟᱸᱜᱮ ᱫᱟᱨᱟᱢ ᱞᱟᱹᱜᱤᱫ ᱮᱱᱹᱥᱤᱹᱰᱤ ᱡᱚᱴ ᱢᱚᱴᱟᱢᱩᱴᱤ ᱞᱮᱠᱟᱛᱮ ᱙᱐᱐ᱴᱤ ᱡᱟᱛᱤᱭᱟᱹᱨᱤ ᱨᱟᱹᱥᱤᱭᱟᱹ ᱥᱚᱢᱤᱛᱤ ᱢᱤᱫᱥᱟᱶᱛᱮᱭ ᱟᱹᱜᱩᱭᱮᱫᱟ ᱾
1799,"इस किताब में इंसान और दूसरे जानवरों के दिमाग के सभी खास अंग हैं, जिनमें रोगाणुएँ, पेट, पेट और आटे भी शामिल हैं ।","ᱡᱤᱹᱟᱭ ᱱᱟᱹᱞᱤ ᱨᱮ ᱦᱚᱲ ᱟᱨ ᱮᱴᱟᱜ ᱡᱚᱱᱛᱩᱣᱟᱜ ᱦᱟᱡᱟᱢᱛᱚᱱᱛᱨᱚ ᱨᱮᱭᱟᱜ ᱥᱟᱱᱟᱢ ᱢᱩᱲᱩᱫ ᱦᱚᱲᱢᱚ ᱦᱤᱸᱥ ᱠᱚ ᱢᱮᱱᱟᱜᱼᱟ, ᱡᱟᱦᱟᱸ ᱢᱩᱫᱽᱨᱮ ᱢᱮᱱᱟᱜᱼᱟ ᱡᱚᱢᱟᱜᱱᱟᱹᱞᱤ, ᱦᱟᱡᱟᱢᱚᱲᱟᱜ ᱟᱨ ᱚᱱᱛᱨᱚ ᱾"
1800,इन गैसों की जाँच करने पर एक व्यक्‍ति को यह पता चल जाता है कि उसे किस चीज़ की ज़रूरत है ।,"ᱜᱮᱥᱴᱨᱳᱤᱱ ᱴᱮᱥᱴᱨᱟᱤᱱᱟᱞ ᱱᱟᱹᱞᱤ (ᱡᱤᱹᱟᱭ ᱱᱟᱹᱞᱤ, ᱯᱟᱪᱚᱠ ᱱᱟᱹᱞᱤ, ᱡᱚᱢ ᱱᱟᱹᱞᱤ) ᱦᱩᱭᱩᱜ ᱠᱟᱱᱟ ᱦᱟᱡᱟᱢᱡᱚᱱᱛᱚᱨ ᱱᱟᱹᱞᱤ ᱥᱮ ᱰᱟᱦᱟᱨ, ᱡᱟᱦᱟᱸ ᱢᱚᱪᱟ ᱠᱷᱚᱱ ᱤᱪᱦᱚᱨ ᱫᱷᱟᱹᱵᱤᱡ ᱪᱟᱞᱟᱜᱼᱟ ᱾"
1801,"उदाहरण के लिए, पेट के कम - से - कम एक हिस्से (जो १ से ४) पेट में पाए जानेवाले अनेक माइक्रोस्कोपों के लिए घातक हैं ।","ᱫᱟᱹᱭᱠᱟᱹᱞᱮᱠᱟᱛᱮ, ᱦᱟᱡᱟᱢᱚᱲᱟᱜ ᱞᱟᱛᱟᱨ ᱯᱤᱹᱮᱭᱤᱪ ᱫᱟᱜ (᱑ ᱠᱷᱚᱱ ᱔ ᱢᱩᱫᱽᱨᱮ) ᱟᱭᱢᱟ ᱚᱱᱩᱡᱤᱵ ᱡᱟᱦᱟᱸ ᱠᱚ ᱞᱟᱪ ᱨᱮ ᱵᱚᱞᱚᱜᱼᱟ, ᱩᱱᱠᱩ ᱞᱟᱹᱜᱤᱫ ᱡᱤᱭᱤᱱᱟᱥᱟᱣ ᱦᱩᱭᱫᱟᱲᱮᱭᱟᱜᱼᱟ ᱾"
1802,"आम तौर पर बाहरी व्यक्‍तित्व विकारों के लिए, चिकित्सा चिकित्सा चिकित्सा और व्यवहारिक चिकित्सा शामिल हैं ।",ᱦᱚᱲᱟᱜ ᱟᱡᱟᱨ ᱞᱟᱹᱜᱤᱫ ᱥᱟᱹᱵᱩᱫᱼᱟᱱᱟᱜ ᱥᱟᱭᱠᱳᱛᱷᱮᱨᱟᱯᱤ ᱢᱩᱫᱨᱮ ᱢᱮᱱᱟᱜᱼᱟ ᱜᱮᱭᱟᱱᱼᱟᱱᱟᱜ ᱵᱮᱣᱦᱟᱨ ᱟᱱᱟᱜ ᱛᱷᱮᱨᱟᱯᱤ ᱟᱨ ᱵᱤᱥᱮᱥ ᱠᱟᱨᱛᱮ ᱥᱤᱢᱟᱹᱟᱲᱮ ᱨᱮᱱ ᱟᱡᱟᱨ ᱦᱚᱲᱠᱚ ᱞᱟᱹᱜᱤᱫ ᱢᱮᱱᱟᱜᱼᱟ ᱫᱟᱱᱫᱤᱠ ᱵᱮᱣᱦᱟᱨ ᱛᱷᱮᱨᱟᱯᱤ ᱾
1803,"EDC और WHO के यूरोप के क्षेत्र क्षेत्र विभाग ने अस्पताल और प्राथमिक स्वास्थ्य सेवाओं के लिए निर्देश जारी किए, जिनमें अनेक स्तर पर संसाधनों को बदलने के लिए आर्थिक सेवाओं पर ध्यान केंद्रित किया जाता है, चुनावात्मक तरीकों को रद्द करने के लिए, और मरीज़ को अलग करने के लिए अलग किया जाता है, और उन्हें अलग करने के लिए तीव्र देखभाल प्रदान करने के द्वारा, और बढ़ते हुए निर्माण कर्मचारियों और बिस्तरों और बिस्तरों और बिस्तरों को बढ़ा देने के द्वारा तीव्र देखभाल की क्षमता बढ़ रही है।","ᱤᱥᱤᱰᱤᱥᱤ ᱟᱨ ᱦᱩ ᱨᱮᱭᱟᱜ ᱤᱭᱩᱨᱳᱯᱤᱭᱤ ᱴᱚᱴᱷᱟᱠᱤᱭᱟᱹ ᱟᱹᱯᱤᱥ ᱦᱟᱥᱯᱟᱛᱟᱞ ᱟᱨ ᱯᱨᱟᱭᱢᱟᱨᱤ ᱦᱮᱞᱛᱷ ᱠᱮᱭᱟᱨ ᱥᱟᱨᱵᱷᱤᱥ ᱠᱚ ᱞᱟᱹᱜᱤᱫ ᱦᱚᱨᱼᱩᱫᱩᱜ ᱛᱟᱹᱨᱤᱭ ᱡᱟᱹᱨᱤ ᱟᱠᱟᱫᱟ ᱢᱤᱫᱴᱟᱝ ᱠᱷᱚᱱ ᱵᱟᱹᱲᱛᱤ ᱛᱷᱚᱠᱨᱮ ᱜᱟᱶᱛᱟᱠᱚ ᱵᱚᱱᱚᱫᱚᱞ ᱞᱟᱹᱜᱤᱫ, ᱡᱟᱦᱟᱸᱠᱚ ᱢᱩᱫᱽᱨᱮ ᱢᱮᱱᱟᱜᱼᱟ ᱞᱮᱵᱳᱨᱮᱴᱚᱨᱤ ᱨᱮ ᱯᱚᱨᱤᱥᱮᱵᱟᱠᱚ ᱵᱤᱰᱟᱹᱣ ᱥᱮᱡᱽ ᱢᱚᱱᱮ ᱞᱟᱜᱟᱣ, ᱤᱞᱮᱠᱴᱤᱵᱷ ᱦᱚᱨᱟ ᱵᱟᱫ ᱠᱟᱜ, ᱨᱩᱜᱤ ᱠᱚ ᱵᱷᱮᱜᱟᱨ ᱠᱟᱠᱚ ᱟᱨ ᱮᱥᱠᱟᱨ ᱨᱮ ᱫᱚᱦᱚ, ᱟᱨ ᱠᱟᱹᱢᱤᱭᱟᱹ ᱠᱚᱣᱟᱜ ᱛᱟᱹᱞᱤᱢ ᱛᱟᱞᱟᱛᱮ ᱜᱟᱹᱦᱤᱨ ᱡᱚᱛᱱᱟᱣ ᱫᱟᱲᱮ ᱵᱟᱹᱲᱛᱤᱭ ᱟᱨ ᱵᱦᱮᱱᱴᱤᱞᱮᱴᱚᱨ ᱵᱟᱹᱲᱛᱤ ᱥᱟᱶᱛᱮ ᱟᱴᱮᱫ ᱦᱚᱸ ᱾"
1804,"शारीरिक स्वास्थ्य परिणाम शामिल हैं (इन्जेक्शन और आंतरिक अंगों को चोट पहुँचाने से, अप्रयोगित गर्भ - सम्बन्धी समस्याओं से, रक्‍तहीन रोग, रक्‍तहीन गर्भ, रक्‍तहीन रोग, रक्‍तहीन दर्द, रक्‍तहीन दर्द, मानसिक रोग, मानसिक रोग, मानसिक रोग, मानसिक रोग, मानसिक रोग, मानसिक रोग, मानसिक रोग, मानसिक रोग, मानसिक रोग, मानसिक रोग, मानसिक रोग, मानसिक रोग ।","ᱦᱚᱲᱢᱚ ᱥᱟᱶᱟᱨ ᱨᱮᱭᱟᱜ ᱚᱨᱡᱚ ᱢᱩᱫᱨᱮ ᱢᱮᱱᱟᱜᱼᱟ ᱜᱷᱟᱹᱞ (ᱜᱦᱟᱹᱞ ᱠᱷᱚᱱ ᱡᱟᱝᱨᱟᱹᱯᱩᱫᱽ ᱟᱨ ᱵᱷᱤᱛᱨᱤ ᱦᱤᱸᱥ ᱨᱮᱭᱟᱜ ᱜᱷᱟᱹᱞ), ᱵᱟᱝᱦᱩᱭᱫᱟᱲᱮᱭᱟᱜ ᱦᱟᱢᱟᱞᱚᱜ, ᱜᱟᱭᱱᱳᱠᱳᱞᱚᱡᱤᱠᱮᱞ ᱟᱱᱟᱴ, ᱮᱭᱤᱪᱟᱭᱵᱷᱤ ᱥᱟᱶ ᱮᱥᱴᱤᱰᱤ, ᱦᱚᱥᱚᱨᱜᱤᱰᱤ, ᱥᱷᱨᱳᱱᱤ ᱮᱢᱚᱜᱟᱱ ᱨᱩᱣᱟᱹ, ᱰᱷᱮᱮᱨᱫᱤᱱ ᱛᱟᱦᱮᱸᱱ ᱯᱮᱞᱵᱷᱤᱠ ᱦᱟᱥᱩ, ᱵᱚᱦᱚᱜᱽᱦᱟᱥᱩ, ᱛᱟᱦᱮᱸᱩᱛᱟᱹᱨ ᱵᱟᱝᱫᱟᱲᱮᱭᱟᱜ, ᱦᱟᱯᱟᱱᱤ, ᱵᱮᱼᱱᱤᱨᱟᱹᱭ, ᱵᱮᱼᱱᱤᱨᱟᱹᱭᱟᱱᱟᱜ ᱨᱩᱣᱟᱹ ᱾ ᱵᱮᱣᱦᱟᱨ (ᱪᱩᱴᱤᱧᱩ, ᱵᱮᱼᱨᱩᱠᱷᱭᱟᱹ ᱡᱟᱱᱟᱧᱠᱟᱹᱢᱤ); ᱢᱚᱱ ᱥᱟᱶᱟᱨ ᱨᱮᱭᱟᱜ ᱮᱥᱮᱲ ᱢᱩᱫᱨᱮ ᱢᱚᱱᱮ ᱵᱟᱹᱲᱤᱪᱽ, ᱵᱚᱛᱚᱨ, ᱪᱤᱱᱛᱟᱹ, ᱱᱤᱡᱼᱢᱟᱹᱱ ᱠᱚᱢ, ᱡᱟᱱᱟᱧ ᱵᱟᱝᱠᱟᱹᱢᱤᱭᱟᱱᱟᱜ, ᱡᱚᱢ ᱨᱮᱭᱟᱜ ᱨᱩᱣᱟᱹ, ᱚᱵᱥᱮᱥᱤᱵᱷᱼᱦᱩᱭᱩᱜᱼᱟᱱᱟᱜ ᱨᱩᱣᱟᱹ ᱥᱮ ᱯᱳᱥᱴᱼᱴᱨᱚᱢᱟᱴᱤᱠ ᱥᱴᱨᱮᱥ ᱰᱤᱥᱚᱨᱰᱟᱴ ᱚᱱᱟ ᱵᱷᱤᱛᱨᱤ ᱨᱮ ᱛᱟᱦᱮᱸ ᱫᱟᱲᱮᱭᱟᱜᱼᱟ ᱾"
1805,"इन सालों के दौरान, एंटीपरेशन चिकित्सा के अन्य वर्ग विकसित किए गए और मिश्रण चिकित्सा में व्यापक स्वीकृति प्राप्त की गई, जैसे कि लूप्‌स, होस्‌, होस्फीति, 1963, होस्फीष, एस्टेंट (ICaputs), Alialcuts, Alivials, Alials, और एक ब्लॉक.","ᱛᱟᱭᱚᱢ ᱥᱮᱨᱢᱟ ᱠᱚᱨᱮ, ᱞᱩᱯ ᱵᱚᱦᱩᱢᱩᱛᱨᱚᱛᱟ (ᱞᱮᱹᱥᱤᱠᱥ/ᱯᱷᱤᱭᱩᱨᱳᱥᱮᱢᱟᱭᱤᱰ, ᱦᱚᱠᱷᱥᱚᱴ ᱯᱷᱟᱨᱢᱟᱥᱤᱭᱩᱴᱤᱠᱮᱹᱞᱥ, ᱑᱙᱖᱓), ᱵᱤᱴᱟ ᱵᱞᱚᱠᱟᱨ (ᱟᱭᱥᱤᱟᱭ ᱯᱷᱟᱨᱢᱟᱥᱤᱭᱩᱴᱤᱠᱮᱹᱞᱥ, ᱑᱙᱖᱔), ᱮᱱᱥᱤᱤ ᱤᱱᱦᱤᱵᱤᱴᱚᱨᱥ ᱟᱨ ᱮᱹᱱᱡᱤᱳᱴᱮᱱᱥᱤᱱ ᱨᱤᱥᱮᱯᱴᱚᱨ ᱵᱞᱚᱠᱟᱨ ᱥᱟᱞᱟᱜ ᱩᱪᱪᱚ ᱨᱚᱠᱛᱚᱪᱟᱯ ᱡᱟᱸᱜᱮᱫᱟᱨᱟᱢᱼᱟᱜ ᱨᱟᱱ ᱠᱚ ᱨᱮᱱᱟᱜ ᱮᱴᱟᱜ ᱮᱴᱟᱜ ᱛᱷᱟᱨᱠᱚ ᱯᱟᱥᱱᱟᱜᱼᱟ ᱟᱨ ᱢᱤᱞᱟᱹᱣ ᱠᱟᱛᱮ ᱛᱤᱠᱤᱪᱷᱟ ᱨᱮ ᱟᱹᱰᱤ ᱜᱮ ᱥᱟᱹᱠᱭᱟᱹᱛ ᱮ ᱧᱟᱢᱼᱟ ᱾"
1806,"मगर नारियल केले, द्वीपों के रहनेवाले नारियल और गन्‍ने द्वीप - समूह के गरीब इलाकों में पाए जाते हैं ।","ᱢᱩᱲᱩᱫ ᱡᱚᱢᱟᱜ ᱟᱱᱟᱡ, ᱦᱩᱲᱩ ᱨᱮᱭᱟᱜ ᱟᱹᱰᱤᱜᱟᱱ ᱪᱟᱥ ᱟᱱᱫᱟᱢᱟᱱ ᱰᱷᱤᱯᱜᱟᱫᱮᱞ ᱨᱮ ᱦᱩᱭᱩᱜᱼᱟ, ᱟᱨ ᱱᱟᱲᱠᱮᱞ ᱟᱨ ᱥᱩᱯᱟᱹᱨᱤ ᱦᱩᱭᱩᱜ ᱠᱟᱱᱟ ᱱᱤᱠᱳᱵᱚᱨ ᱰᱷᱤᱯᱜᱟᱫᱮᱞ ᱨᱮᱭᱟᱜ ᱠᱟᱹᱣᱰᱤᱨᱳᱡᱜᱟᱨ ᱟᱨᱡᱟᱣ ᱫᱩᱨᱤᱵᱽ ᱾"
1807,एटीआई ने सन्‌ 1996 में लैपटॉप के लिए 3D-izओं का परिचय देने के द्वारा मोबाइल सेक्टर क्षेत्र में प्रवेश किया.,᱑᱙᱙᱖ᱼᱨᱮ ᱞᱮᱯᱴᱚᱯᱨᱮ ᱓ᱰᱤᱼᱜᱨᱟᱯᱷᱤᱠ ᱜᱚᱛᱤᱵᱟᱲᱦᱟᱣ ᱯᱚᱨᱛᱚᱱ ᱦᱚᱛᱮᱛᱮ ᱮᱴᱤᱟᱭ ᱫᱚ ᱪᱟᱞᱟᱜᱽᱠᱟᱱ ᱠᱚᱢᱯᱤᱭᱩᱴᱤᱝ ᱵᱤᱵᱷᱟᱹᱜᱨᱮᱭ ᱵᱚᱞᱚᱭᱮᱱᱟ ᱾
1808,"कोयले की खान से पहले, ज हरिया के लोग जंगलों में रहते थे ।","ᱠᱚᱭᱞᱟ ᱠᱷᱟᱸᱫᱽ ᱢᱟᱲᱟᱝᱨᱮ, ᱡᱷᱚᱨᱤᱭᱟ ᱨᱮᱫᱚ ᱩᱯᱚᱡᱟᱹᱛᱤ ᱠᱚᱣᱟᱜ ᱵᱟᱥ ᱛᱟᱸᱦᱮᱠᱟᱱᱟ ᱾"
1809,"एक अंतर्राष्ट्रीय माल खोज परियोजना, बहु-पार अंतर्राष्ट्रीय कारगो हह और हवाई अड्डे की विकसित की गई है.","ᱢᱤᱫᱴᱟᱝ ᱡᱮᱜᱮᱫ ᱡᱟᱠᱟᱫ ᱡᱟᱦᱟᱸᱡ ᱡᱤᱱᱤᱥ ᱛᱟᱱᱟᱞᱟ ᱯᱟᱱᱛᱷᱟ, ᱱᱟᱜᱯᱩᱨ ᱨᱮᱭᱟᱜ ᱟᱭᱢᱟᱼᱞᱮᱠᱟᱱ ᱡᱮᱜᱮᱫᱡᱟᱠᱟᱫ ᱡᱟᱦᱟᱸᱡ ᱡᱤᱱᱤᱥ ᱛᱟᱱᱟᱞᱟ ᱟᱨ ᱩᱰᱟᱹᱱᱟᱰᱟ (ᱢᱤᱦᱟᱱ), ᱵᱮᱱᱟᱣ ᱦᱩᱭ ᱟᱠᱟᱱᱟ ᱾"
1810,"(ALS) Alhitabs Atavabs Ababs Ayaka Ayaks Ayababs A's A-घर के आधार, वैश्विक तकनीक के नेताओं के साथ अपने सहयोग, और Ayyyykya के राज्य - भारत में पौधों के साथ।","ᱚᱥᱚᱠ ᱞᱤᱞᱮᱱᱰ ᱨᱮᱭᱟᱜ ᱵᱷᱤᱛᱟᱹᱨ ᱨᱮᱭᱟᱜ ᱟᱨᱹᱮᱸᱱᱰᱹᱰᱤ ᱜᱷᱟᱸᱴᱤ, ᱡᱮᱜᱮᱫ ᱞᱟᱜᱟᱱ ᱠᱟᱹᱨᱤ ᱢᱩᱲᱩᱫᱠᱚ ᱥᱟᱶᱛᱮ ᱩᱱᱤᱭᱟᱜ ᱜᱚᱲᱚᱜᱚᱯᱚᱲᱚ, ᱟᱨ ᱵᱷᱟᱨᱚᱛ ᱨᱮᱭᱟᱜ ᱚᱥᱚᱠ ᱞᱤᱞᱮᱱᱰ ᱨᱮᱭᱟᱜ ᱱᱟᱶᱟᱱ ᱠᱟᱹᱨᱠᱷᱟᱹᱱᱟ ᱠᱚ ᱡᱚᱥ ᱥᱟᱫᱷᱚᱱ ᱠᱟᱛᱮ ᱚᱥᱚᱠ ᱞᱤᱞᱮᱱᱰ ᱨᱚᱠᱷᱚᱱ ᱵᱮᱵᱚᱥᱛᱟ ᱞᱤᱢᱤᱴᱮᱰ (ᱮᱞᱹᱞᱮᱹᱰᱤᱹᱮᱥ) ᱾"
1811,PNam- mad Lad एक एकल टाइटन नीले गैस-नी-नी-नी-नी-नी-नी-न-इनरलिलल का बंधन प्रदर्शित किया है एक यारिल ग्रह के लिए एक जहाज़ के रूप में वापस 0.18mm (18mm) सक्रिय माइक्रोएल्ड माइक्रोप के साथ प्रदर्शित करता है 8 पिक्सेल में।,᱘ ᱮᱢ ᱯᱤᱠᱥᱮᱞ ᱯᱤᱪ ᱨᱮᱭᱟᱜ ᱢᱤᱫᱴᱟᱝ ᱡᱮᱹᱥᱯᱟᱨ ᱰᱤᱥᱯᱞᱮ ᱥᱤ ᱮᱢ ᱳ ᱮᱥ ᱵᱮᱠᱯᱞᱮᱱ ᱐ᱹ᱗ ᱤᱧᱪᱤ (᱑᱘ ᱢᱤᱢᱤ) ᱫᱟᱲᱮᱭᱟᱱ ᱼᱢᱮᱴᱨᱤᱠ ᱢᱟᱭᱠᱨᱳ ᱮᱞ ᱤ ᱰᱤ ᱰᱤᱥᱯᱞᱮ ᱥᱟᱶ ᱡᱚᱲᱟᱣ ᱢᱤᱫᱨᱚᱝ ᱢᱤᱫᱴᱟᱝ ᱞᱤᱞ ᱜᱟᱱᱼᱚᱱᱼᱥᱤᱞᱤᱠᱚᱱ ᱳᱭᱮᱯᱷᱟᱨ ᱮ ᱩᱫᱩᱜᱼᱟ ᱯᱞᱮᱥᱤ ᱥᱮᱢᱤᱠᱚᱱᱰᱟᱠᱴᱚᱨᱥ ᱞᱤᱢᱤᱴᱮᱰ ᱾
1812,"शहर में बढ़ती हुई वृद्धि का परिणाम विशाल यातायात ग्रिड्स में हुआ; एक मक्खीी व्यवस्था और एक रास्ते से ट्रैफिक व्यवस्थाओं का परिचय किया गया, जो केवल सीमित रूप से सफल थे.",ᱥᱟᱦᱟᱨ ᱨᱮᱭᱟᱜ ᱟᱹᱛᱷᱟᱹᱣᱲᱤ ᱵᱟᱲᱦᱟᱣ ᱫᱚ ᱜᱟᱹᱰᱤᱼᱜᱷᱚᱲᱟ ᱦᱤᱡᱩᱜᱼᱥᱮᱱᱚᱜ ᱨᱮ ᱢᱟᱨᱟᱝ ᱟᱱᱟᱴ ᱮ ᱥᱤᱨᱡᱟᱹᱣ ᱮᱫᱟ; ᱢᱤᱫᱴᱟᱝ ᱥᱩᱢᱩᱝ ᱩᱲᱟᱞᱯᱳᱞ ᱵᱚᱫᱷᱮᱡ ᱱᱟᱥᱮᱱᱟᱜ ᱥᱤᱜᱤᱞ ᱟᱠᱟᱱᱟ ᱟᱨ ᱮᱠᱢᱩᱠᱷᱤ ᱴᱨᱟᱯᱷᱤᱠ ᱵᱚᱱᱫᱷᱮᱡ ᱪᱟᱹᱞᱩ ᱞᱮᱱᱟ ᱾
1813,"अँग्रेज़ी भाषा सीखने के लिए करीब 2,000 लोगों की ज़रूरत होती है और इससे उन्हें काफी फायदा होता है ।",ᱱᱤᱭᱟᱨᱥᱳᱨ ᱟᱨ ᱟᱭᱴᱤ ᱡᱳᱜᱟᱣᱡᱚᱛᱚᱱ ᱛᱷᱟᱯᱚᱱ ᱜᱚᱴᱟ ᱦᱩᱭᱩᱜ ᱠᱟᱱᱟ ᱤᱝᱨᱟᱹᱡᱤ ᱯᱟᱹᱨᱥᱤ ᱨᱮᱭᱟᱜ ᱵᱷᱟᱜᱮ ᱵᱟᱰᱟᱭᱟᱱ ᱾
1814,"CMS एक हवाई रक्षा प्रणाली है विमान सुरक्षा प्रदान करता है RECCM के खिलाफ RECM RICM और मैं, हवा और जमीन-चित मिसाइलों के खिलाफ।","ᱥᱤ ᱮᱢ ᱰᱤ ᱮᱥ ᱫᱚ ᱦᱩᱭᱩᱜ ᱠᱟᱱᱟ ᱨᱟᱰᱟᱨ ᱦᱚᱛᱮᱛᱮ ᱪᱟᱪᱞᱟᱜᱼᱟ ᱟᱨ ᱟᱭ ᱟᱨ ᱥᱚᱱᱫᱷᱟᱱᱤ, ᱦᱚᱭ ᱥᱮ ᱚᱛᱨᱮ ᱪᱟᱯᱟᱫᱽ ᱠᱷᱮᱯᱚᱱᱟᱥᱛᱨᱚ ᱵᱤᱨᱩᱫᱽᱨᱮ ᱱᱤᱥᱠᱨᱤᱭᱚ ᱤ ᱥᱤ ᱮᱢ ᱫᱟᱨᱟᱭᱛᱮ ᱩᱰᱟᱹᱱᱜᱟᱹᱰᱤ ᱨᱩᱠᱷᱤᱭᱟᱹ ᱮᱢᱚᱜᱤᱡ ᱢᱤᱫᱴᱟᱝ ᱦᱚᱭᱛᱮ ᱩᱰᱩᱠ ᱵᱚᱱᱫᱷᱮᱡ ᱾"
1815,"सन्‌ 2013 में, अफ्रीका में तेल और प्राकृतिक गैस का सबसे बड़ा सामान मिस्र था ।",᱒᱐᱑᱓ ᱨᱮ ᱡᱚᱛᱚ ᱥᱩᱱᱩᱢ ᱠᱷᱚᱨᱚᱪ ᱨᱮᱭᱟᱜ ᱒᱐% ᱠᱷᱚᱱ ᱰᱷᱮᱨ ᱟᱨ ᱡᱚᱛᱚ ᱦᱟᱣᱮᱫ ᱥᱟᱪᱟᱨᱦᱮᱫ ᱜᱮᱥ ᱠᱷᱚᱨᱚᱪ ᱨᱮᱭᱟᱜ ᱔᱐% ᱠᱷᱚᱱ ᱰᱷᱮᱨ ᱥᱟᱶᱛᱮ ᱢᱤᱥᱚᱨ ᱛᱟᱦᱮᱸ ᱠᱟᱱᱟ ᱟᱯᱷᱨᱤᱠᱟ ᱨᱮᱭᱟᱜ ᱥᱩᱱᱩᱢ ᱟᱨ ᱥᱟᱪᱟᱨᱦᱮᱫ ᱜᱮᱥ ᱨᱮᱭᱟᱜ ᱞᱟᱹᱴᱩ ᱵᱷᱩᱡᱟᱹᱣᱟᱱ ᱾
1816,"एक सम्मिलित प्रक्रिया के बाद, 5 शेष सहयोगी बैंकों के राज्य बैंक, बिस्चर के राज्य बैंक, ऑरोरा के राज्य बैंक, और ट्रेकर के राज्य बैंक के बैंक, और बिस्कुटिया के बैंक बैंक को सन्‌ 1516 जून को सा. यु. पू.","ᱢᱤᱫᱴᱟᱝ ᱥᱮᱞᱮᱫ ᱦᱚᱨᱟ ᱛᱟᱭᱚᱢ, ᱥᱟᱨᱮᱪ ᱟᱠᱟᱱ ᱕ ᱜᱚᱴᱟᱝ ᱥᱚᱦᱮᱫ ᱵᱮᱝᱠ ( ᱥᱮ, ᱤᱥᱴᱮᱴ ᱵᱮᱝᱠ ᱚᱯ ᱵᱤᱠᱟᱱᱮᱨ ᱮᱸᱱᱰ ᱡᱚᱭᱯᱩᱨ, ᱤᱥᱴᱮᱴ ᱵᱮᱝᱠ ᱚᱯ ᱦᱟᱭᱫᱨᱟᱵᱟᱫ, ᱤᱥᱴᱮᱴ ᱵᱮᱝᱠ ᱚᱯ ᱢᱟᱭᱥᱳᱨ, ᱤᱥᱴᱮᱴ ᱵᱮᱝᱠ ᱚᱯ ᱯᱟᱴᱤᱭᱟᱞᱟ ᱟᱨ ᱤᱥᱴᱮᱴ ᱵᱮᱝᱠ ᱚᱯ ᱴᱨᱟᱵᱷᱟᱝᱠᱳᱨ) ᱟᱨ ᱵᱷᱟᱨᱚᱛᱤᱭᱟᱹ ᱛᱤᱨᱞᱟᱹ ᱵᱮᱝᱠ ᱥᱟᱶᱛᱮ ᱮᱥᱵᱤᱟᱭ ᱨᱮᱭᱟᱜ ᱥᱮᱞᱮᱫᱟᱱᱟᱜ ᱑᱕ ᱤ ᱡᱩᱱ, ᱒᱐᱑᱖ ᱨᱮ ᱛᱟᱞᱢᱟ ᱢᱚᱱᱛᱨᱤᱥᱚᱵᱷᱟ ᱱᱤᱛᱤᱜᱚᱛᱚ ᱥᱤᱠᱟᱹᱨ ᱮ ᱧᱟᱢ ᱞᱮᱫᱟ ᱾"
1817,"GAL भी मिस्र में दो गैस कंपनियों में एक निर्दोष साथी है, अर्थात्‌ Fayum कंपनी (FGC) और राष्ट्रीय गैस कंपनी (Nagagss) ।","ᱜᱮᱭᱤᱞ ᱫᱚ ᱢᱤᱥᱚᱨ ᱨᱮᱭᱟᱜ ᱵᱟᱨᱭᱟ ᱜᱮᱹᱥ ᱜᱟᱶᱛᱟ, ᱢᱤᱩᱞᱚᱛᱚ ᱯᱷᱟᱭᱩᱢ ᱜᱮᱹᱥ ᱠᱳᱢᱯᱟᱱᱤ (ᱮᱯᱷ ᱡᱤ ᱥᱤ) ᱟᱨ ᱱᱮᱥᱚᱱᱟᱞ ᱜᱮᱹᱥ ᱠᱳᱢᱯᱟᱱᱤ (ᱱᱮᱹᱴᱜᱮᱹᱥ)ᱼ ᱨᱮᱭᱟᱜ ᱢᱤᱫᱴᱟᱝ ᱤᱠᱩᱭᱴᱤ ᱵᱷᱟᱹᱜᱤᱫᱟᱨ ᱠᱟᱱᱟᱭ ᱾"
1818,"सन्‌ 1824 में, हैमिल्टन सिटी में, वर्थिस्ट मारिया पार्थन के नाम पर एक इमारत बनायी गयी ।","᱑᱘᱒᱔ ᱨᱮ ᱦᱮᱢᱤᱞᱴᱚᱱ ᱥᱟᱶᱛᱮ ᱮᱡᱳᱭᱟᱨᱛᱷᱥᱴᱟᱣᱱ ᱨᱮ ᱜᱟᱢᱟᱢᱤᱭᱟᱹ ᱢᱟᱨᱤᱭᱟ ᱮᱡᱳᱭᱟᱨᱛᱷ ᱥᱟᱶ ᱧᱟᱯᱟᱢ ᱚᱪᱚ ᱞᱮᱫᱮᱭᱟᱭ ᱢᱤᱛᱷ ᱠᱟᱣᱱᱴᱤᱨ ᱴᱨᱤᱢ ᱨᱮᱱ ᱢᱩᱲᱩᱫ ᱱᱟᱭᱠᱮ, ᱨᱮᱵᱷᱟᱨᱮᱱᱴ ᱨᱤᱪᱟᱨᱰ ᱵᱟᱴᱞᱟᱨ, ᱡᱟᱦᱟᱸᱭᱟᱜ ᱜᱚᱲᱚᱥᱚᱯᱚᱦᱚᱫ ᱡᱟᱡᱚᱠ ᱛᱟᱦᱮᱸ ᱠᱟᱱᱟᱭ ᱩᱱᱤ ᱟᱪ ᱠᱟᱠᱟ, ᱡᱮᱢᱥ ᱦᱮᱢᱤᱞᱴᱚᱱ ᱾"
1819,सी. से बना था ।,"ᱵᱮᱝᱜᱚᱞ ᱠᱮᱢᱤᱠᱮᱞ ᱮᱸᱱᱰ ᱯᱷᱟᱨᱢᱟᱥᱤᱠᱤᱭᱩᱴᱤᱠᱮᱞᱥ ᱫᱚᱭ ᱛᱷᱟᱯᱚᱱ ᱞᱮᱫᱟ ᱠᱳᱞᱠᱟᱛᱟ ᱡᱮᱜᱮᱫᱵᱤᱨᱫᱽᱫᱟᱜᱟᱲ ᱨᱮᱱ ᱨᱚᱥᱟᱭᱚᱱ ᱨᱮᱱ ᱢᱤᱫ ᱥᱟᱪᱮᱫ, ᱯᱤᱹᱥᱤᱹᱨᱟᱭ ᱾"
1820,"भारत में, अंतर्राष्ट्रीय सेवाओं पर घरेलू रास्तों और हवाई - जहाज़ों का खास ध्यान रखा जाता था ।",ᱤᱱᱰᱤᱭᱟᱱ ᱮᱭᱟᱨᱞᱟᱭᱤᱱᱥ ᱫᱚ ᱜᱷᱚᱨᱳᱣᱟ ᱥᱟᱝᱜᱷᱟᱨᱦᱚᱨ ᱟᱨ ᱮᱭᱟᱨ ᱤᱱᱰᱤᱭᱟ ᱤᱱᱴᱟᱨᱱᱮᱥᱚᱱᱟᱞ ᱡᱮᱜᱮᱛᱡᱟᱠᱟᱛ ᱥᱮᱣᱟᱠᱟᱹᱢᱤᱨᱮ ᱢᱚᱱᱮᱭ ᱵᱟᱹᱭᱥᱟᱹᱣᱟᱠᱟᱫᱟ ᱾
1821,"दूसरे मामलों में, हेलीकाप्टर को केवल सहज रूप से इस्तेमाल किया गया है और प्रक्षेपास्त्रों को हथियार के रूप में इस्तेमाल किया गया है.","ᱮᱴᱟᱜ ᱠᱷᱮᱛᱨᱚ ᱨᱮ, ᱦᱮᱞᱤᱠᱚᱯᱴᱟᱨ ᱥᱩᱢᱩᱝ ᱟᱱᱫᱟᱡ ᱞᱟᱹᱜᱤᱫ ᱟᱨ ᱦᱟᱹᱛᱤᱭᱟᱹᱨ ᱦᱤᱥᱟᱹᱵᱛᱮ ᱨᱚᱠᱮᱴᱼᱞᱮᱠᱟᱱᱟᱜ ᱴᱚᱨᱯᱮᱰᱚ ᱵᱮᱣᱦᱟᱨ ᱦᱩᱭᱩᱜ ᱠᱟᱱᱟ ᱾"
1822,"सन्‌ 1980 के दशक में, स्पेनी scentana Y Cara ने एक 120 मिमी के बम विकसित किया जिसमें 21 विरोधी उप - विरोधी उपतंत्रीय बम थे.","᱑᱙᱘᱐ ᱼᱜᱮᱞᱟᱝ ᱨᱮ, ᱥᱯᱮᱱ ᱨᱮᱭᱟᱜ ᱜᱟᱶᱛᱟ ᱮᱥᱯᱮᱨᱟᱱᱡᱟ ᱤ ᱥᱤᱭᱟ ᱦᱟᱹᱛᱤᱭᱟᱹᱨᱼᱵᱤᱨᱩᱫᱽ ᱒᱑ ᱜᱚᱴᱟᱝ ᱥᱟᱢᱨᱤᱠ ᱥᱟᱯᱟᱯ ᱟᱛᱮ ᱢᱤᱫᱴᱟᱝ ᱑᱒᱐ ᱢᱤᱢᱤ ᱠᱟᱢᱟᱱ ᱵᱳᱢᱟᱭ ᱵᱮᱱᱟᱣᱼᱟ ᱾"
1823,"कुछ अनुमानों के अनुसार, भारत में भू - शक्‍ति की १०,००,००,००० शक्‍ति उपलब्ध है ।","ᱠᱤᱪᱷᱤ ᱚᱱᱢᱟᱱ ᱞᱮᱠᱟᱛᱮ, ᱵᱷᱟᱨᱚᱛᱨᱮ ᱑᱐,᱖᱐᱐ ᱢᱮᱜᱟᱣᱟᱴ ᱵᱷᱩᱛᱟᱯᱤᱭᱚ ᱫᱟᱲᱮ ᱢᱮᱱᱟᱜᱼᱟ ᱾"
1824,"भारत के बाहर की ओर से माफ़ी, भारत में वैध कारण, और अन्य NRO खाते से भेंट करना एनआरओ खाते का उचित श्रेय हैं।","ᱮᱱᱹᱟᱨᱹᱳ ᱮᱠᱟᱣᱱᱴ ᱨᱮ ᱥᱤᱠᱟᱹᱨᱟᱱᱟᱜ ᱟᱢᱟᱱᱚᱛ ᱠᱚ ᱦᱩᱭᱩᱜ ᱠᱟᱱᱟ ᱵᱷᱟᱨᱚᱛ ᱨᱮᱭᱟᱜ ᱵᱟᱨᱦᱮ ᱠᱷᱚᱱ ᱵᱷᱤᱛᱟᱹᱨ ᱨᱮᱭᱟᱜ ᱚᱡᱮᱭ ᱮᱢᱚᱜ, ᱵᱷᱟᱨᱚᱛ ᱨᱮ ᱵᱚᱭᱫᱷᱚ ᱵᱟᱹᱠᱤ ᱟᱨ ᱮᱴᱟᱜ ᱮᱴᱟᱜ ᱮᱱᱹᱟᱨᱹᱳ ᱮᱠᱟᱣᱱᱴ ᱠᱷᱚᱱ ᱵᱚᱱᱚᱫᱚᱞ ᱚᱡᱮ ᱾"
1825,"निर्यात को आसानी से रोकने के लिए, मध्य सरकार ने एमएमसीएमडी द्वारा एक कंटेनर स्टेशन शुरू किया ।","ᱨᱚᱯᱛᱟᱱᱤ ᱨᱮᱭᱟᱜ ᱥᱩᱵᱤᱫᱷᱟ ᱠᱷᱟᱹᱛᱤᱨ,ᱛᱟᱞᱢᱟ ᱥᱚᱨᱠᱟᱨ ᱮᱢᱹᱟᱭᱹᱰᱤᱹᱥᱤ ᱟᱢᱵᱟᱫ ᱨᱮ ᱢᱤᱫᱴᱟᱝ ᱠᱚᱱᱴᱮᱭᱱᱟᱨ ᱢᱟᱞᱥᱟᱜᱟᱲ ᱤᱥᱴᱮᱥᱚᱱ ᱮ ᱪᱟᱹᱞᱩ ᱠᱮᱫᱟ ᱾"
1826,"8 अगस्त 1984 को यूवीपी के लिए नियुक्‍त एक संतोषजनक, यूएस453303030 पर और बाद में 3D सिस्टम निगम के लिए, एक भौतिक आविष्कार प्रणाली के लिए काम किया गया था, जिसमें व्यक्‍तिगत रूप से परिक्षणों या परतों को नष्ट करने के द्वारा जोड़ा जाता है, न कि विकिरण, बमों, बम, बम, बम, बम, और न्जन - विस्फोट, और न ही रसायन - व्यवस्था ।","᱘ ᱟᱜᱚᱥᱴ, ᱑᱙᱘᱔ ᱼᱨᱮ, ᱤᱭ ᱷᱤᱯᱤ, ᱤᱱᱚᱠ ᱟᱨ ᱛᱟᱭᱚᱢ ᱫᱟᱨᱟᱢ ᱓ᱰᱤ ᱥᱤᱥᱴᱮᱢᱚᱥ ᱠᱚᱨᱯᱳᱨᱮᱥᱚᱱ ᱨᱮ ᱪᱟᱠ ᱦᱟᱞ ᱠᱚ ᱮᱢᱟᱜᱠᱚᱣᱟ ᱯᱮᱴᱮᱱᱴ ᱤᱭ ᱮᱥ ᱔᱕᱗᱕᱓᱓᱐ ᱵᱤᱨᱩᱫᱨᱮ ᱡᱷᱟᱞᱠᱟᱣ ᱵᱚᱞᱚᱜ ᱠᱟᱱᱟ, ᱠᱚᱱᱟ ᱫᱟᱜ, ᱨᱟᱥᱟᱭᱚᱱᱤᱠ ᱠᱟᱹᱢᱤᱛᱤᱭᱟᱜ ᱟᱨᱵᱟᱝᱠᱷᱟᱱ ᱠᱷᱟᱞᱤ ᱢᱟᱨᱥᱟᱞ ᱚᱛᱤ ᱵᱮᱜᱩᱱᱤ ᱞᱮᱡᱟᱨᱨᱥᱢᱤ ᱵᱮᱵᱦᱟᱨ ᱠᱟᱛᱮ ᱯᱷᱚᱴᱳᱯᱞᱤᱢᱟᱨ ᱥᱟᱨᱪᱟᱞᱟᱹᱜᱤᱫ ᱢᱤᱫᱴᱟᱝ ᱥᱴᱤᱨᱤᱣᱞᱤᱛᱷᱳᱜᱨᱟᱯᱷᱤ ᱮᱲᱮᱭᱟᱥᱱ ᱦᱚᱨᱟ ᱢᱟᱢᱞᱟ ᱞᱮᱫᱟᱭ᱾"
1827,"दूसरे बड़े - बड़े उद्योगों में वैज्ञानिक यंत्र, खेती - बाड़ी, खेती - बाड़ी, बिजली के सामान, मशीन उपकरण, किचक, खेल - कूद, सोने - चाँदी, साइकिल, कपड़े, और गन्‍ने की प्रक्रिया शामिल है ।","ᱮᱴᱟᱜ ᱮᱴᱟᱜ ᱢᱩᱲᱩᱛ ᱵᱤᱨᱤᱫ ᱠᱚ ᱢᱩᱫᱽᱨᱮ ᱥᱟᱬᱮᱥᱤᱭᱟᱹ ᱡᱚᱱᱛᱚᱨᱯᱟᱹᱛᱤ, ᱪᱟᱥ ᱫᱩᱨᱤᱵᱽ, ᱵᱳᱭᱫᱩᱛᱤᱠ ᱫᱩᱨᱤᱵᱽ, ᱠᱚᱞ ᱡᱚᱱᱛᱚᱨ, ᱞᱩᱜᱽᱲᱤ ᱛᱮᱹᱧ, ᱥᱤᱞᱟᱹᱭ ᱡᱚᱱᱛᱚᱨ, ᱠᱷᱮᱞᱼᱟᱜ ᱫᱩᱨᱤᱵᱽ, ᱥᱴᱟᱨᱪ, ᱠᱷᱚᱛ, ᱵᱟᱭᱥᱟᱭᱠᱮᱞ, ᱦᱚᱨᱚᱜ ᱵᱟᱸᱫᱮ ᱵᱮᱱᱟᱣ ᱟᱨ ᱯᱟᱭᱤᱱ ᱥᱩᱱᱩᱢ ᱥᱮ ᱪᱤᱱᱤ ᱵᱮᱱᱟᱣ ᱨᱮᱭᱟᱜ ᱠᱟᱹᱢᱤ ᱦᱚᱨᱟ ᱠᱚ ᱥᱮᱞᱮᱫ ᱢᱮᱱᱟᱜᱼᱟ ᱾"
1828,कंप्यूटर की बनावट में ऊर्जा का ज़िक्र करते वक्‍त आम माप MIPS/W (एक सेकंड के निर्देशों की अवैध मात्रा) है ।,ᱠᱳᱢᱯᱤᱭᱩᱴᱟᱨ ᱵᱮᱱᱟᱣᱠᱟᱹᱨᱤ ᱫᱟᱲᱮ ᱠᱷᱚᱨᱚᱪ ᱵᱮᱯᱟᱨ ᱨᱮ ᱞᱟᱹᱭ ᱞᱮᱠᱷᱟᱱ ᱡᱟᱦᱟᱸ ᱥᱟᱫᱷᱟᱨᱚᱱ ᱡᱚᱠᱷᱟ ᱨᱮᱭᱟᱜ ᱠᱟᱛᱷᱟ ᱞᱟᱹᱭ ᱟᱠᱟᱱᱟ ᱚᱱᱟ ᱦᱩᱭᱩᱜ ᱠᱟᱱᱟ ᱮᱢᱹᱟᱭᱹᱯᱤᱹᱮᱥ/ᱰᱩᱵᱞᱤᱭᱩ (ᱡᱚᱛᱚ ᱳᱣᱟᱴ ᱡᱚᱛᱚ ᱴᱤᱯᱤᱡ ᱢᱤᱞᱤᱭᱚᱱᱟᱥ ᱚᱯ ᱤᱱᱥᱴᱨᱟᱠᱥᱚᱱᱥ ᱾
1829,"नौकरी कर्मचारियों के सरकारी बीमा बीमा बीमा बीमा बीमा कंपनी, हैदराबाद, यू. एस.","ᱟᱨᱹᱥᱤᱹᱟᱭᱹ ᱫᱚ ᱟᱹᱫᱤᱨᱩᱯ ᱩᱫᱜᱟᱹᱣ ᱞᱟᱹᱜᱤᱫ ᱜᱚᱲᱚ ᱠᱟᱛᱮ ᱦᱟᱭᱫᱨᱟᱵᱟᱫ ᱨᱮᱭᱟᱜ ᱮᱢᱯᱞᱚᱭᱤᱡ ᱤᱥᱴᱮᱴ ᱤᱱᱥᱩᱨᱮᱱᱥ ᱠᱳᱨᱯᱚᱨᱮᱥᱚᱱ ᱢᱮᱰᱤᱠᱮᱞ ᱠᱳᱞᱮᱡ, ᱟᱨ ᱪᱤᱠᱠᱤᱥᱟ ᱨᱮ ᱵᱮᱣᱦᱟᱨ ᱟᱠᱟᱱ ᱫᱩᱨᱤᱵᱽ ᱵᱤᱰᱟᱹᱣ, ᱢᱩᱞᱞᱟᱭᱚᱱ, ᱟᱨ ᱥᱤᱠᱟᱹᱨᱟᱱᱟᱜ ᱨᱮ ᱜᱚᱲᱚ ᱠᱟᱛᱮ ᱯᱳᱥᱴᱜᱨᱟᱡᱩᱭᱮᱴ ᱤᱱᱥᱴᱤᱴᱩᱭᱮᱴ ᱚᱯ ᱢᱮᱰᱤᱠᱮᱞ ᱮᱰᱩᱠᱮᱥᱚᱱ ᱮᱸᱱᱰ ᱨᱤᱥᱟᱨᱪ ᱾"
1830,"कुछ मामलों में, विज्ञान - कथा में पहले प्रस्तुत हथियार अब एक वास्तविकता बना रहे हैं ।","ᱠᱟᱹᱪ ᱠᱷᱮᱛᱨᱚ ᱨᱮ, ᱠᱚᱞᱯᱚᱵᱤᱜᱽᱭᱟᱱ ᱨᱮ ᱯᱩᱭᱞᱩ ᱪᱟᱹᱞᱩ ᱦᱟᱹᱛᱤᱭᱟᱹᱨ ᱠᱚ ᱱᱟᱦᱟᱜ ᱵᱟᱥᱛᱚᱵ ᱨᱮ ᱨᱩᱯ ᱮ ᱮᱢ ᱟᱠᱟᱫᱟ ᱾"
1831,"भारत में स्टील निर्माता, SIL, तमिल नाड में एक स्टील का पौधा है।","ᱛᱟᱢᱤᱞᱱᱟᱰᱩ ᱨᱮᱭᱟᱜ ᱥᱟᱞᱮᱢ ᱨᱮ ᱵᱷᱟᱨᱚᱛ ᱨᱮᱭᱟᱜ ᱢᱩᱰᱩᱛ ᱥᱴᱤᱞ ᱵᱮᱱᱟᱣ, ᱥᱮᱤᱞᱼᱨᱮᱭᱟᱜ ᱢᱤᱫᱴᱟᱝ ᱥᱴᱤᱞ ᱠᱟᱹᱨᱠᱷᱟᱱᱟ ᱢᱮᱱᱟᱜᱼᱟ ᱾"
1832,"सन्‌ 1997 में सैनयो ""PPCP ” के साथ काम कर रहे थे पाण्डे के बहुतम चिप.","ᱯᱚᱞᱤᱢᱟᱨ ᱴᱟᱱᱴᱟᱞᱟᱢ ᱪᱤᱯ ""ᱯᱚᱥᱠᱟᱯ"" ᱦᱚᱛᱮᱛᱮ ᱑᱙᱙᱗ᱼᱨᱮ ᱚᱱᱟᱛᱟᱭᱚᱢ ᱜᱤ ᱥᱟᱱᱤᱭᱳ ᱦᱩᱭᱞᱮᱱᱟ ᱾"
1833,"एक विमान के मुर्गे के लिए एक आम जगह है, नियंत्रण, संचार, यात्रा, मौसम, और विरोधी व्यवस्था ।","ᱵᱤᱢᱟᱱ ᱨᱮᱭᱟᱜ ᱠᱚᱠᱯᱤᱴ ᱫᱚ ᱦᱩᱭᱩᱜ ᱠᱟᱱᱟ ᱵᱤᱢᱟᱱᱨᱮ ᱵᱮᱣᱦᱟᱨᱚᱜ ᱡᱚᱱᱛᱚᱨᱯᱟᱹᱛᱤ ᱨᱮᱭᱟᱜ ᱢᱤᱫᱴᱟᱝ ᱠᱷᱟᱥ ᱡᱟᱭᱜᱟ ᱡᱟᱦᱟᱸ ᱢᱩᱫᱽᱨᱮ ᱥᱮᱞᱮᱫ ᱛᱟᱦᱮᱱᱟ ᱥᱟᱢᱲᱟᱣ, ᱛᱩᱱᱠᱷᱤ, ᱡᱳᱜᱟᱡᱳᱜᱽ, ᱵᱤᱢᱟᱱ ᱟᱬᱜᱳ, ᱦᱚᱭᱦᱤᱸᱥᱤᱫᱽ ᱟᱨ ᱵᱟᱝ ᱛᱟᱹᱠᱤᱡᱚᱜ ᱨᱮᱭᱟᱜ ᱵᱚᱱᱫᱷᱮᱡ ᱾"
1834,"चार मुख्य प्रस्ताव थे, और जैसे - जैसे विकास बढ़ता जाएगा, उसका अन्तिम मिश्रण अंतिम रूप से किया जाएगा ।",ᱯᱩᱱᱭᱟ ᱢᱩᱲᱩᱫ ᱯᱚᱥᱛᱟᱵ ᱛᱟᱦᱮᱸ ᱠᱟᱱᱟ ᱱᱟᱱᱟᱦᱩᱱᱟᱹᱨ ᱠᱷᱮᱛᱨᱚ ᱨᱮ ᱩᱫᱜᱟᱹᱣ ᱨᱮᱭᱟᱜ ᱞᱟᱦᱟᱱᱛᱤ ᱥᱟᱶ ᱥᱟᱶᱛᱮ ᱢᱩᱪᱟᱹᱫ ᱵᱮᱣᱦᱟᱨ ᱠᱚ ᱯᱟᱠᱟ ᱠᱚᱨᱟᱣ ᱦᱩᱭᱩᱜᱼᱟ ᱾
1835,"भारतीय पैसे के बाजार को प्रशासनिक क्षेत्र में वर्गीकृत किया गया है, निजी, सार्वजनिक, सार्वजनिक, और विदेशी व्यापार बैंकों और निर्माण बैंकों के रूप में एक साथ कहा जाता है, ""घरों के रूप में"" और अनपेक्षित क्षेत्र शामिल है, जिसमें व्यक्‍तिगत या स्थानीय बैंकों या वित्तीय कंपनियों को शामिल किया गया पैसा या वित्तीय कंपनियों को शामिल है.","ᱵᱷᱟᱨᱚᱛᱤᱭᱚ ᱠᱟᱹᱣᱰᱤ ᱵᱟᱡᱟᱨ ᱫᱚ ᱵᱮᱥᱚᱨᱠᱟᱨᱤ, ᱥᱚᱨᱠᱟᱨᱤ ᱟᱨ ᱵᱤᱫᱟᱹᱥᱤ ᱢᱟᱹᱞᱤᱠᱜᱚᱵᱚᱞ ᱵᱟᱹᱱᱤᱡᱟᱱᱟᱜ ᱵᱮᱝᱠ ᱟᱨ ᱥᱚᱢᱚᱵᱟᱭ ᱵᱮᱝᱠ, ᱢᱤᱫᱞᱮᱠᱟᱛᱮ ""ᱛᱚᱯᱚᱥᱤᱞᱜᱚᱵᱚᱞ ᱵᱮᱝᱠ"" ᱧᱩᱛᱩᱢᱛᱮ ᱩᱯᱩᱨᱩᱢ ᱡᱩᱢᱤᱫᱽ ᱥᱟᱠᱷᱟ ᱟᱨ ᱱᱤᱡᱽᱟᱱᱟᱜ ᱥᱮ ᱜᱷᱟᱨᱚᱸᱡ ᱢᱟᱹᱞᱤᱠᱜᱚᱵᱚᱞ ᱥᱚᱫᱮᱥᱤ ᱵᱮᱝᱠᱟᱨ ᱥᱮ ᱢᱟᱦᱟᱡᱚᱱ ᱟᱨ ᱵᱮᱝᱠᱵᱮᱜᱚᱨᱟᱱ ᱠᱟᱹᱣᱰᱤ ᱥᱚᱝᱥᱛᱷᱟ ᱛᱩᱞᱩᱡᱽ ᱡᱚᱯᱚᱲᱟᱣ ᱚᱥᱚᱝᱜᱚᱴᱷᱤᱛᱚ ᱥᱟᱠᱷᱟᱨᱮ ᱦᱟᱹᱴᱤᱧᱚᱜᱽ ᱠᱟᱱᱟ ᱾"
1836,अगस्त 2006 में उत्तरी ग्रिड में एक - दूसरे से जुड़े हुए थे ।,"ᱟᱜᱚᱥᱴ ᱒᱐᱐᱖ ᱨᱮ ᱩᱛᱛᱚᱨ ᱨᱮᱭᱟᱜ ᱜᱨᱤᱰᱦᱚᱸ ᱵᱷᱤᱛᱟᱹᱨᱥᱮᱞᱮᱫᱟᱱ ᱦᱩᱭᱩᱜ, ᱡᱟᱦᱟᱸ ᱠᱷᱟᱹᱛᱤᱨ ᱢᱤᱫ ᱥᱟᱶᱛᱮ ᱥᱮᱞᱮᱫ ᱟᱨ ᱢᱤᱫ ᱞᱟᱲᱟᱨ ᱨᱮ ᱠᱟᱹᱢᱤ ᱠᱚᱨᱟᱣ ᱢᱤᱫᱴᱟᱝ ᱛᱟᱱᱟᱞᱟ ᱜᱨᱤᱰ ᱜᱚᱲᱦᱚᱱ ᱞᱮᱱᱟ ᱾"
1837,"अक्टूबर 1991 में जब उत्तर पूर्वी और पूर्वी ग्रिड में एक - दूसरे से जुड़े हुए थे, तब पहले एक - दूसरे से जुड़े हुए ग्रिड की स्थापना की गयी ।","᱑᱙᱙᱑ ᱼᱨᱮᱭᱟᱜ ᱚᱠᱴᱚᱵᱚᱨ ᱪᱟᱸᱫᱚᱨᱮ ᱴᱚᱴᱷᱟᱠᱤᱭᱟᱹ ᱵᱤᱡᱽᱞᱤ ᱛᱟᱨ ᱠᱚ ᱯᱳᱭᱞᱳ ᱡᱚᱲᱟᱣ ᱦᱩᱭᱩᱜᱼᱟ, ᱡᱚᱠᱷᱚᱱ ᱩᱛᱛᱚᱨᱼᱯᱩᱨᱵᱚ ᱟᱨ ᱯᱩᱨᱵᱟᱧᱪᱚᱞᱤᱭᱚ ᱵᱤᱡᱽᱞᱤ ᱛᱟᱨ ᱠᱚ ᱡᱚᱲᱟᱣ ᱦᱩᱭᱩᱜᱼᱟ ᱾"
1838,मरल को बदलने के लिए भारी बिजली की कीमत Tsh/ cwhh (860 Ksh/ kwhh),ᱰᱤᱡᱮᱞ ᱫᱚᱦᱚᱭ ᱞᱟᱹᱜᱤᱫ ᱡᱚᱜᱟᱣ ᱠᱷᱩᱪᱨᱳ ᱜᱚᱱᱚᱝ ᱫᱚ ᱦᱩᱭᱩᱜᱼᱟ ᱑᱙ ᱴᱟᱠᱟ/ᱠᱤᱞᱳᱣᱟᱴ ᱴᱟᱲᱟᱝ (ᱥᱚᱠᱛᱤ ᱫᱚᱠᱠᱷᱚᱛᱟ ᱥᱮᱯᱷᱴ ᱞᱟᱹᱜᱤᱫ ᱗᱕% ᱱᱤᱵᱤᱥᱴᱚ ᱵᱤᱡᱽᱞᱤᱨᱮ ᱘᱖᱐ ᱠᱤᱞᱳᱠᱮᱞᱚᱨᱤ/ ᱠᱤᱞᱳᱣᱟᱴ ᱴᱟᱲᱟᱝ ᱥᱟᱶ ᱥᱚᱠᱛᱤ ᱫᱚᱠᱠᱷᱚᱛᱟ ᱠᱨᱮᱝᱠᱥᱮᱯᱷᱴ ᱞᱟᱹᱜᱤᱫ ᱔᱐% ᱥᱟᱦᱟᱱ ᱫᱟᱲᱮᱨᱮ ᱘᱕᱗᱒ ᱠᱤᱞᱳᱠᱮᱞᱚᱨᱤ/ ᱞᱤᱴᱟᱨ ᱰᱤᱡᱮᱞ ᱨᱮᱭᱟᱜ ᱜᱩᱴ ᱠᱮᱞᱚᱨᱤ ᱟᱱ ᱜᱚᱱᱚᱝ) ᱟᱨ ᱯᱮᱴᱨᱚᱞ ᱫᱚᱦᱚᱭ ᱞᱟᱹᱜᱤᱫ ᱮᱞ ᱫᱚ ᱦᱩᱭᱩᱜᱼᱟ ᱒᱘ ᱴᱟᱠᱟ / ᱠᱤᱞᱳᱣᱟᱴ ᱴᱟᱲᱟᱝ (ᱥᱚᱠᱛᱤ ᱫᱚᱠᱠᱷᱚᱛᱟ ᱥᱮᱯᱷᱴ ᱞᱟᱹᱜᱤᱫ ᱗᱕% ᱱᱤᱵᱤᱥᱴᱚ ᱵᱤᱡᱽᱞᱤᱨᱮ ᱘᱖᱐ ᱠᱤᱞᱳᱠᱮᱞᱚᱨᱤ /ᱠᱤᱞᱳᱣᱟᱴ ᱴᱟᱲᱟᱝ ᱥᱟᱶ ᱥᱚᱠᱛᱤ ᱫᱚᱠᱠᱷᱚᱛᱟ ᱠᱨᱮᱯᱷᱴ ᱞᱟᱹᱜᱤᱫ ᱓᱓% ᱥᱟᱦᱟᱱ ᱥᱚᱠᱛᱤᱨᱮ ᱗᱖᱙᱓ ᱠᱤᱞᱳᱠᱮᱞᱚᱨᱤ/ ᱞᱤᱴᱟᱨ ᱯᱮᱴᱨᱳᱞ ᱨᱮᱭᱟᱜ ᱜᱩᱴ ᱠᱮᱞᱚᱨᱤ ᱟᱱ ᱜᱚᱱᱚᱝ) ᱾
1839,"बाजार में सैकड़ों हाथ हैं, और वे स्क्रीन आकार से भिन्न हैं और समर्थित तकनीक (जैसे कि.MS, WAP 2.","ᱵᱟᱡᱟᱨ ᱨᱮ ᱢᱤᱫᱥᱟᱭ ᱦᱮᱱᱰᱥᱮᱴ ᱢᱮᱱᱟᱜᱼᱟ ᱟᱨ ᱩᱱᱠᱩ ᱯᱚᱨᱫᱟ ᱨᱮᱭᱟᱜ ᱟᱭᱚᱛᱚᱱ ᱟᱨ ᱦᱚᱨᱟᱠᱚ ᱩᱱᱠᱩ ᱮᱢ ᱫᱟᱲᱮᱭᱟᱜ ᱟᱠᱚ (ᱫᱟᱹᱭᱠᱟᱹ ᱞᱮᱠᱟᱛᱮ ᱮᱢᱹᱮᱢᱹᱮᱥ, ᱳᱭᱟᱯ ᱒ᱹ᱐) ᱚᱱᱟ ᱥᱮᱪ ᱠᱷᱚᱱ ᱵᱷᱮᱜᱟᱨ ᱾"
1840,संसाधनों को प्राप्त करने के लिए सार्वजनिक रूप से निजी साझेदारी (विन) पहुँच सबसे बेहतर है।,ᱫᱩᱨᱤᱵ ᱯᱟᱸᱡᱟᱭ ᱞᱟᱹᱜᱤᱫ ᱢᱤᱫᱴᱟᱝ ᱯᱟᱵᱞᱤᱠᱼᱯᱨᱟᱭᱵᱷᱮᱴ ᱯᱟᱨᱴᱱᱟᱨᱥᱤᱯ ( ᱯᱤᱹᱯᱤᱹᱯᱤ ) ᱦᱚᱨᱟ ᱡᱚᱛᱚᱠᱷᱚᱱ ᱡᱚᱛᱷᱟᱛᱼᱟ ᱾
1841,"उस समय से १९४५ की रिपोर्ट में कहा गया था, ""उस समय से साधारण व्यापार मशीनों पर भरोसा नहीं किया जा सकता था . ""","ᱚᱱᱟ ᱚᱠᱛᱮ ᱠᱷᱚᱱ, ᱑᱙᱔᱕ ᱨᱮᱭᱟᱜ ᱨᱮᱛᱮᱫ ᱨᱮ ᱞᱟᱹᱭ ᱟᱠᱟᱱᱟ, ""ᱠᱳᱞᱠᱟᱛᱟ ᱨᱮᱱ ᱜᱤᱨᱟᱹᱵᱟᱹᱥᱤ ᱫᱚ ᱡᱚᱢᱧᱩ ᱠᱷᱮᱛᱨᱚ ᱨᱮ ᱱᱚᱣᱟ ᱥᱟᱫᱷᱟᱨᱚᱱ ᱵᱟᱹᱱᱤᱡᱽ ᱵᱚᱱᱫᱮᱡ ᱪᱮᱛᱟᱱ ᱵᱷᱚᱨᱥᱟ ᱫᱚᱦᱚ ᱵᱟᱝ ᱪᱟᱞᱟᱜᱼᱟ ᱾"""
1842,"सन्‌ 1591 में, पहली केटॉट बाइबल को जॉन लेप ने छापा और सन्‌ 1629 में, किंग जेम्स बाइबल का अनुवाद थॉमस और यूहन्‍ना बॉक ने छापा ।","᱑᱙᱕᱑ ᱠᱷᱤᱥᱴᱟᱵᱫᱚ ᱨᱮ, ᱡᱚᱱ ᱞᱮᱜᱚᱴ ᱯᱩᱭᱞᱩ ᱠᱮᱢᱵᱨᱤᱡ ᱵᱟᱭᱵᱮᱞ ᱨᱮᱭᱟᱜ ᱮ ᱪᱷᱟᱯᱟ ᱞᱮᱫᱟ, ᱟᱨ ᱑᱖᱒᱙ ᱨᱮ ᱠᱤᱝ ᱡᱮᱢᱥ ᱵᱟᱭᱵᱮᱞ ᱨᱮᱭᱟᱜ ᱠᱮᱢᱵᱨᱤᱡ ᱯᱷᱳᱞᱤᱭᱚ ᱟᱹᱨᱩᱯᱷᱮᱨᱟᱣ ᱨᱮᱭᱟᱜ ᱪᱷᱟᱯᱟ ᱞᱮᱫᱟᱭ ᱴᱚᱢᱟᱥ ᱟᱨ ᱡᱚᱱ ᱵᱟᱠ ᱾"
1843,दिसंबर 2017 में वायु - शक्‍ति की डिग्री कम होती गयी थी ।,ᱰᱤᱥᱮᱢᱵᱚᱨ ᱒᱐᱑᱗ ᱼᱨᱮᱭᱟᱜ ᱦᱚᱭᱚᱝ ᱯᱟᱱᱛᱷᱟ ᱨᱮᱭᱟᱜ ᱫᱚᱨᱫᱟᱢ ᱪᱟᱞᱟᱜ ᱚᱠᱛᱮ ᱦᱚᱭᱚᱝ ᱫᱟᱲᱮ ᱨᱮᱭᱟᱜ ᱠᱷᱟᱡᱽᱱᱟ ᱫᱷᱟᱯ ᱥᱮᱴᱮᱨ ᱞᱮᱱᱟ ᱠᱤᱞᱳᱣᱟᱴᱼᱜᱷᱚᱱᱴᱟ ᱯᱤᱪᱷᱤ ᱒ᱹ᱔᱓ ᱴᱟᱠᱟ (᱐ᱹ᱐᱓ ᱢᱟᱨᱠᱤᱱ ᱰᱚᱞᱟᱨ) ᱨᱮᱭᱟᱜ ᱡᱯᱚᱛᱚ ᱠᱷᱚᱱ ᱞᱟᱛᱟᱨ ᱨᱮ ᱾
1844,"सन्‌ 1972 और 1975 के बीच, 25 पारा, 50 पेथ और 1 rugam सिक्के; सन्‌ 1982 में, कपगो - Yapap के दो सिक्कों का परिचय दिया गया ।","᱑᱙᱗᱒ ᱠᱷᱚᱱ ᱑᱙᱗᱕ ᱥᱟᱞ ᱢᱩᱫᱨᱮ, ᱠᱟᱯᱨᱳᱼᱱᱤᱠᱮᱞ ᱒᱕ ᱯᱩᱭᱥᱟᱹ, ᱕᱐ ᱯᱩᱭᱥᱟ, ᱟᱨ ᱑ ᱴᱟᱠᱟ ᱠᱚᱭᱮᱱ ᱨᱮ ᱱᱤᱠᱮᱞ ᱵᱚᱫᱚᱞᱞᱮᱱᱟ; ᱑᱙᱘᱒ ᱥᱟᱞᱨᱮ, ᱠᱟᱯᱨᱳᱼᱱᱤᱠᱮᱞ ᱵᱟᱨ ᱴᱟᱠᱟ ᱨᱮᱭᱟᱜ ᱢᱩᱫᱨᱟᱹ ᱪᱟᱹᱞᱩᱞᱮᱱᱟ ᱾"
1845,"डेमशस्की ने अपनी पुस्तक में इसके बारे में लिखा, "" उच्च न्यायालय को राज्य की घोषणा करते हुए: जनता की दिलचस्पी और Mririgigion भारत में सार्वजनिक गोला,"" जो वास्तव में सन्‌ 2001 में फ्रांसीसी यूनिवर्सिटी प्रेस द्वारा प्रकाशित किया गया था।","ᱰᱮᱢᱵᱚᱥᱠᱤ ᱟᱡᱟᱜ ᱯᱩᱛᱷᱤ, ''ᱴᱮᱠᱤᱝ ᱫᱟ ᱥᱴᱮᱴ ᱴᱩ ᱫᱟ ᱥᱩᱯᱨᱤᱢ ᱠᱳᱨᱴ ᱺ ᱯᱟᱵᱞᱤᱠ ᱤᱱᱴᱟᱨᱮᱥᱴ ᱞᱤᱴᱤᱜᱮᱥᱚᱱ ᱮᱱᱰ ᱫᱟ ᱯᱟᱵᱞᱤᱠ ᱥᱯᱮᱨ ᱤᱱᱢᱮᱴᱨᱳᱯᱚᱞᱤᱴᱚᱱ ᱤᱱᱰᱤᱭᱟ,'' ᱯᱩᱛᱷᱤᱨᱮ ᱱᱚᱶᱟ ᱵᱟᱨᱮᱛᱮᱭ ᱚᱞ ᱟᱠᱟᱫᱟ, ᱡᱟᱦᱟᱸ ᱒᱐᱒᱑ ᱥᱟᱹᱦᱤᱛᱨᱮ ᱚᱠᱥᱷᱳᱨᱰ ᱤᱭᱩᱱᱤᱵᱷᱟᱨᱥᱤᱴᱤ ᱯᱨᱮᱥ ᱦᱚᱛᱮᱛᱮ ᱯᱟᱨᱥᱟᱞ ᱦᱩᱭᱞᱮᱱᱟ ᱾"
1846,"किसी सुरक्षित व्यक्‍ति ने शायद कुछ भी किया हो ""ऐसा चरित्र जो शारीरिक पीड़ा या विनाश का कारण हो।""","ᱢᱤᱫᱦᱚᱲ ᱥᱚᱱᱛᱚᱨ ᱦᱚᱲ ᱦᱩᱭᱫᱟᱲᱮᱭᱟᱜᱼᱟ "" ᱱᱚᱣᱟ ᱡᱟᱹᱛᱤᱭᱟᱹᱨᱤ ᱪᱩᱨᱤᱛ ᱨᱮᱱ ᱠᱤᱪᱷᱤ ᱦᱚᱸ ᱵᱟᱭ ᱠᱚᱨᱟᱣ ᱟᱠᱟᱫᱟ ᱡᱟᱦᱟᱸ ᱫᱟᱨᱟᱭ ᱛᱮ ᱦᱚᱲᱢᱚ ᱛᱮᱭᱟᱜ ᱠᱚᱥᱴᱚ ᱥᱮ ᱫᱟᱞ ᱦᱩᱭ ᱫᱟᱲᱮᱭᱟᱜᱼᱟ ᱾"
1847,"आलेख 28 कहता है कि जब किसी गाँव को युद्ध के ज़रिए पकड़ लिया जाता है, तब भी किसी पार्टी द्वारा गोली चलाने की अनुमति नहीं है ।","᱒᱘ ᱱᱚᱢᱵᱚᱨ ᱫᱷᱟᱨᱟᱭ ᱞᱟᱹᱭᱟ ᱡᱮ, ᱢᱤᱫᱴᱟᱝ ᱟᱛᱩ ᱡᱚᱠᱷᱚᱱ ᱞᱟᱹᱲᱦᱟᱹᱭ ᱦᱚᱛᱮᱛᱮ ᱜᱚᱵᱚᱞᱨᱮ ᱦᱤᱡᱩᱜᱼᱟ ᱛᱚᱠᱷᱚᱱ ᱡᱟᱦᱟᱸᱱ ᱫᱚᱞ ᱦᱚᱛᱮᱛᱮ ᱞᱩᱴᱨᱟᱯᱟᱡ ᱨᱮᱭᱟᱜ ᱟᱹᱭᱫᱟᱹᱨ ᱵᱟᱝ ᱛᱟᱦᱮᱸᱱᱟ ᱾"
1848,सम्मेलन 8 पर ज़ोर दिया गया है पार्टी के अधिकारों के लिए आदर और सम्मान बढ़ाने का इरादा।,ᱟᱹᱭᱫᱟᱹᱨ ᱟᱨ ᱢᱟᱹᱱ ᱪᱮᱛᱟᱱ ᱥᱚᱨᱢᱟᱱ ᱞᱟᱹᱜᱤᱫ ᱡᱟᱦᱟᱸᱛᱮ ᱞᱮᱸᱡᱽᱨᱟ ᱦᱚᱲ ᱠᱚ ᱪᱮᱛᱟᱱ ᱵᱷᱮᱯᱮᱜᱮᱫ ᱡᱟᱸᱜᱮ ᱫᱟᱨᱟᱢ ᱦᱩᱭᱩᱜ ᱚᱱᱟ ᱵᱟᱨᱮᱛᱮ ᱠᱚᱱᱵᱷᱮᱱᱥᱚᱱ ᱨᱮᱭᱟᱜ ᱘ ᱱᱚᱢᱵᱚᱨ ᱜᱟᱱᱟᱝ ᱫᱚᱞ ᱠᱚ ᱪᱮᱸᱜᱷᱟᱣ ᱚᱪᱚᱭ ᱞᱟᱹᱜᱤᱫ ᱠᱩᱨᱩᱢᱩᱴᱩ ᱦᱩᱭ ᱞᱮᱱᱟ ᱾
1849,"संविधान की सूची के तहत कानून बनाने की अलग - अलग शक्‍ति होती है (जैसे नागरिक, सुरक्षा, सुरक्षा और अपराधी कानून, व्यापार, व्यापार, व्यापार, व्यापार, व्यापार, व्यापार, व्यापार और व्यापार, व्यापार, व्यापार, व्यापार, व्यापार, और व्यापार के ज़रिए) जबकि हर सरकार अपने लेवेगीज़ सम्मेलन के माध्यम से मामलों पर नियंत्रण रखता है, सरकार की सूची के तहत गिर रहा है (जैसे सरकारी सरकारी सरकार, सरकार व सरकारी अदालत, और सरकारी वकील के रूप में) ।","ᱡᱩᱠᱛᱚ ᱨᱟᱥᱴᱨᱤᱭᱚ ᱛᱟᱹᱞᱤᱠᱟᱨᱮ ᱥᱮᱞᱮᱫ ᱵᱟᱨᱮᱛᱮ (ᱡᱮᱞᱮᱠᱟ ᱱᱟᱜᱚᱨᱤᱭᱟ, ᱫᱳᱜᱫᱟᱨᱟᱢ, ᱚᱵᱷᱚᱱᱛᱚᱨᱤᱱ ᱱᱤᱨᱟᱯᱚᱛᱛᱟ, ᱚᱥᱟᱢᱚᱨᱤᱠ ᱟᱨ ᱠᱟᱹᱭ ᱟᱹᱱ, ᱠᱟᱹᱣᱰᱤ, ᱵᱮᱯᱟᱨ, ᱵᱟᱱᱤᱡᱽ ᱥᱮ ᱵᱤᱨᱤᱫ, ᱥᱮᱪᱮᱫ, ᱠᱟᱹᱢᱤ ᱟᱨ ᱥᱟᱸᱜᱷᱟᱨ) ᱟᱹᱱ ᱵᱮᱱᱟᱣ ᱨᱮ ᱥᱚᱝᱥᱚᱫᱽᱼᱟᱜ ᱟᱹᱭᱫᱟᱨ ᱢᱮᱱᱟᱜᱼᱟ, ᱟᱨ ᱯᱚᱱᱚᱛ ᱛᱟᱹᱞᱤᱠᱟ ᱨᱮ ᱥᱮᱞᱮᱫ ᱵᱟᱨᱮᱛᱮ (ᱡᱮᱞᱮᱠᱟ ᱦᱟᱥᱟ, ᱛᱷᱟᱹᱱᱤᱛ ᱥᱚᱨᱠᱟᱨ, ᱥᱚᱨᱤᱭᱟ ᱟᱹᱱ ᱥᱮ ᱥᱚᱨᱤᱭᱟ ᱠᱟᱪᱷᱟᱨᱤ, ᱯᱚᱱᱚᱛ ᱨᱮᱭᱟᱜ ᱪᱷᱩᱴᱤ ᱢᱟᱦᱟ ᱟᱨ ᱯᱚᱱᱚᱛ ᱥᱚᱨᱠᱟᱨᱟᱜ ᱠᱟᱹᱢᱤᱦᱚᱨᱟ) ᱡᱷᱚᱛᱚ ᱯᱚᱱᱚᱛ ᱨᱮᱭᱟᱜ ᱟᱹᱭᱤᱱᱤ ᱫᱟᱲᱮ ᱢᱮᱱᱟᱜᱼᱟ ᱯᱚᱱᱚᱛ ᱨᱮᱭᱟᱜ ᱵᱤᱫᱷᱟᱱᱥᱚᱵᱷᱟ ᱛᱟᱞᱟᱛᱮ ᱾"
1850,"Bek और Ecuteren एक आपातकालीन आदेश होगा फरवरी के 10वें तक, जो पुलिस को बिना कारण बंद करने की अनुमति देगा.","ᱵᱤᱠ ᱟᱨ ᱤᱪᱴᱼᱥᱟᱥᱴᱮᱨᱮᱱᱼᱨᱮᱭᱟᱜ ᱑᱐ ᱯᱷᱮᱵᱨᱩᱣᱟᱨᱤ ᱦᱟᱹᱵᱤᱡᱽ ᱢᱤᱫ ᱞᱟᱹᱠᱛᱤᱭᱟᱱ ᱦᱩᱠᱩᱢ ᱛᱟᱦᱮᱸᱱᱟ, ᱡᱟᱦᱟᱸᱫᱚ ᱯᱩᱞᱤᱥ ᱠᱚ ᱵᱮᱜᱚᱨ ᱚᱡᱮᱛᱮ ᱥᱴᱚᱯᱼᱮᱱᱰᱼᱯᱦᱨᱤᱠ ᱨᱮᱭᱟᱜ ᱪᱷᱟᱹᱲᱮ ᱮᱢᱟ ᱠᱚᱣᱟ ᱾"
1851,"लेकिन, किसी भी सरकारी बार परिषद्‌ में भर्ती होना भारत में किसी भी अदालत के सामने प्रकट होने से कहीं ज़्यादा रोक नहीं देता ।","ᱢᱮᱱᱠᱷᱟᱱ, ᱡᱟᱦᱟᱸᱭ ᱯᱚᱱᱚᱛ ᱟᱭᱤᱱᱡᱤᱵᱤ ᱯᱚᱨᱤᱥᱚᱫᱨᱮ ᱛᱟᱹᱞᱤᱠᱟᱨᱮᱭ ᱛᱟᱦᱮᱸᱞᱮᱱᱠᱷᱟᱱ, ᱩᱱᱤ ᱵᱮᱨᱤᱥᱴᱟᱨ ᱫᱚ ᱵᱷᱟᱨᱚᱛᱨᱮ ᱡᱟᱦᱟᱸᱱ ᱟᱫᱟᱞᱚᱛ ᱥᱟᱢᱟᱝᱨᱮ ᱥᱟᱢᱟᱧᱤ ᱠᱷᱚᱱ ᱵᱟᱭ ᱟᱴᱠᱟᱣ ᱫᱟᱲᱤᱼᱟᱭᱟ ᱮᱱᱛᱮᱨᱮᱦᱚᱸ ᱱᱤᱭᱟᱹ ᱫᱚ ᱯᱚᱱᱚᱛ ᱟᱭᱤᱱᱡᱤᱵᱤ ᱯᱚᱨᱤᱥᱚᱫᱨᱮ, ᱡᱟᱦᱟᱸᱨᱮ ᱫᱚ ᱩᱱᱤ ᱛᱟᱹᱞᱤᱠᱟᱨᱮ ᱢᱮᱱᱟᱭᱟ, ᱩᱱᱤᱭᱟᱜ ᱴᱚᱴᱷᱟᱠᱤᱭᱟᱹ ᱮᱠᱛᱤᱭᱟᱨ ᱨᱮᱭᱟᱜ ᱵᱟᱨᱦᱮᱨᱮ ᱢᱟᱱᱟᱭᱟ ᱾"
1852,"इन कानूनों ने किसी भी गैर - सरकारी राजनीतिक गतिविधि का सख़्त प्रयोग किया: सड़क प्रदर्शन, गैर-कानूनी राजनीतिक संगठनों, और सरकारी अंशदानों पर औपचारिक रूप से प्रतिबंध लगा दिया गया ।","ᱱᱤᱭᱟᱹ ᱟᱹᱨᱤᱠᱩ ᱫᱚ ᱡᱟᱦᱟᱸᱞᱮᱠᱟᱱ ᱵᱮᱥᱚᱨᱠᱟᱨᱤ ᱨᱟᱡᱟᱹᱨᱤ ᱠᱟᱢᱠᱟᱡᱠᱩ ᱫᱚ ᱡᱟᱹᱥᱛᱤᱠᱟᱭᱛᱮ ᱜᱤ ᱜᱷᱮᱨᱟᱣᱟᱠᱟᱱᱟᱺ ᱦᱚᱨ ᱟᱸᱫᱚᱲ, ᱵᱟᱝᱪᱷᱟᱹᱲᱟᱠᱟᱱ ᱨᱟᱡᱟᱹᱨᱤ ᱥᱮᱢᱞᱮᱫᱽ ᱟᱨ ᱵᱟᱝ ᱚᱞᱟᱠᱟᱱ ᱠᱟᱹᱣᱰᱤᱟᱹᱨᱤ ᱫᱟᱱ ᱫᱚ ᱟᱠᱷᱲᱟᱞᱮᱠᱟᱛᱮ ᱢᱟᱱᱟ ᱦᱩᱭᱟᱠᱟᱱᱟ ᱾"
1853,परस्त्रीगमन को अकसर विवाह के कार्य के दौरान किए गए विश्‍वास का उल्लंघन और प्रतिज्ञा का उल्लंघन समझा जाता है ।,ᱟᱰᱟᱞᱴᱮᱨᱤ ᱫᱚ ᱡᱟᱹᱥᱛᱤᱠᱟᱭᱛᱮᱜᱤ ᱵᱟᱯᱞᱟ ᱚᱠᱛᱮᱨᱮ ᱯᱟᱹᱛᱭᱟᱹᱣ ᱵᱷᱟᱸᱜᱟᱣ ᱟᱨ ᱠᱤᱨᱭᱟᱹᱣᱟᱠᱟᱱᱟᱜ ᱞᱚᱴᱚᱢ ᱞᱮᱠᱟᱛᱮ ᱧᱮᱞᱚᱜᱚᱠᱼᱟ ᱾
1854,क्या आपने मदद के पन्‍नों को ध्यान से पढ़ा है और इस समस्या को अच्छी तरह ठीक किया है?,ᱟᱢ ᱪᱮᱫ ᱢᱚᱱᱮᱞᱟᱜᱟᱣ ᱠᱟᱛᱮ ᱦᱮᱞᱯ ᱯᱮᱡᱠᱚ ᱮᱢ ᱯᱟᱲᱦᱟᱣ ᱟᱠᱟᱫᱟ ᱟᱨ ᱰᱷᱮᱨᱠᱟᱭᱛᱮ ᱟᱱᱟᱴᱫᱚ ᱟᱹᱨᱩᱯᱷᱮᱨᱟᱣ ᱞᱮᱫᱟᱠᱤᱱ ᱾
1855,जुलाई में लेबनान और इस्राएल के बीच युद्ध के दौरान हुए युद्ध के दौरान अंतर्राष्ट्रीय वाद - विवाद ने एक प्रतिबन्धक संधि के लिए विश्‍वव्यापी अभियान को बढ़ाया ।,᱒᱐᱐᱖ᱼᱨᱮᱭᱟᱜ ᱡᱩᱞᱟᱭ ᱟᱨ ᱟᱜᱚᱥᱴᱨᱮ ᱞᱮᱵᱟᱱᱚᱱ ᱟᱨ ᱤᱡᱨᱟᱭᱮᱞᱟᱜ ᱞᱟᱲᱦᱟᱹᱭ ᱚᱠᱛᱮ ᱠᱞᱟᱥᱴᱟᱨ ᱞᱟᱹᱲᱦᱟᱹᱭᱡᱚᱱᱛᱚᱨ ᱨᱮᱭᱟᱜ ᱵᱮᱵᱚᱦᱟᱨ ᱟᱨ ᱮᱥᱮᱲ ᱱᱤᱭᱟᱹ ᱡᱮᱜᱮᱫᱡᱟᱠᱟᱛ ᱠᱟᱛᱷᱟ ᱨᱮᱯᱮᱡ ᱫᱚ ᱢᱤᱫᱴᱟᱝ ᱵᱟᱨᱚᱱᱟᱫᱮᱥ ᱪᱩᱠᱛᱤ ᱞᱟᱹᱜᱤᱫ ᱡᱮᱜᱮᱫᱵᱮᱲᱦᱟᱭ ᱯᱨᱚᱪᱟᱨ ᱠᱟᱹᱢᱤᱨᱮ ᱟᱨᱦᱚᱸ ᱜᱩᱨᱩᱛᱛᱚᱭ ᱡᱚᱲᱟᱣᱟ ᱾
1856,ताइवान में किए गए सर्वे और खोजबीन से पता चला है कि 80% में मौत की सज़ा के लिए हमेशा सख्त समर्थन मिलता है ।,"ᱛᱟᱭᱳᱣᱟᱱ ᱨᱮ, ᱵᱷᱳᱴ ᱮᱢ ᱟᱨ ᱠᱷᱚᱫᱽᱨᱚᱸᱱ ᱫᱷᱟᱨᱟᱵᱟᱦᱤᱠ ᱞᱮᱠᱟᱛᱮ ᱜᱚᱡᱥᱟᱹᱡᱟᱹᱭ ᱡᱚᱛᱚ ᱨᱮ ᱘᱐ ᱥᱟᱭᱦᱤᱸᱥ ᱫᱟᱲᱮᱭᱟᱱ ᱥᱟᱭ ᱮ ᱮᱢᱞᱮᱫᱟ ᱾"
1857,"इसके अतिरिक्‍त, नर्क के भूतपूर्व प्रमुख अभियोजिक अभियोजिक वकील ने इराक के आक्रमण को ""व्यवस्था का उल्लंघन"" कहा है, और जैसे कि यह शान्ति के खिलाफ अपराध है.","ᱱᱤᱭᱟᱹᱪᱷᱟᱰᱟᱠᱟᱛᱮ, ᱱᱩᱨᱮᱢᱵᱟᱨᱜ ᱴᱨᱟᱭᱟᱞᱨᱮᱱ ᱞᱟᱦᱟᱱ ᱢᱩᱠᱷᱭᱟᱹ ᱚᱵᱷᱤᱥᱚᱝᱥᱚᱠ ᱵᱮᱱᱡᱟᱢᱤᱱ ᱷᱮᱨᱮᱱᱡᱽ ᱤᱨᱟᱠ ᱡᱟᱨᱯᱟ ᱫᱚ ""ᱯᱩᱥᱴᱟᱹᱣ ᱟᱹᱨᱤ ᱵᱷᱟᱝᱜᱟᱣ"" ᱢᱮᱱᱛᱮᱭ ᱨᱚᱲᱟᱠᱟᱫᱟ ᱟᱨ ᱱᱤᱭᱟᱹ ᱫᱚ ᱱᱤᱨᱟᱹᱭ ᱵᱤᱨᱩᱫ ᱢᱤᱫᱴᱟᱝ ᱵᱟᱹᱲᱤᱡᱽᱼᱮ ᱜᱚᱲᱦᱚᱱᱟ ᱾"
1858,सितंबर 2012 में उन्हें अदालत का अपमान करने के लिए दोषी ठहराया गया ।,᱒᱐᱑᱒ ᱥᱟᱞ ᱨᱮᱭᱟᱜ ᱥᱮᱯᱴᱮᱢᱵᱚᱨ ᱨᱮ ᱠᱟᱪᱷᱟᱨᱤ ᱨᱮ ᱵᱟᱝ ᱢᱟᱱᱟᱣ ᱠᱷᱟᱹᱛᱤᱨ ᱩᱱᱠᱚ ᱫᱚ ᱫᱳᱥᱤ ᱢᱮᱱᱛᱮ ᱠᱚ ᱪᱤᱱᱦᱟᱹ ᱞᱮᱫ ᱠᱚᱣᱟ ᱾
1859,सन्‌ 2008 में दिल्ली के एक वकील ने 19 साल के एक कानून का पालन किया ।,"᱒᱐᱐᱘ ᱥᱟᱞᱨᱮ, ᱥᱩᱨᱛᱮ ᱪᱟᱞᱟᱜᱽ ᱛᱤᱨᱞᱟᱹᱠᱩ ᱧᱮᱞᱛᱮ ᱵᱟᱹᱲᱤᱡᱽ ᱨᱚᱲᱛᱮᱭ ᱥᱟᱵᱧᱟᱢ ᱩᱪᱩᱭᱮᱱ ᱑᱙ ᱩᱢᱟᱹᱨᱨᱮᱱ ᱢᱤᱫᱦᱚᱲ ᱫᱤᱞᱞᱤ ᱨᱮᱭᱟᱜ ᱟᱫᱟᱞᱚᱛ ᱤᱥᱠᱩᱞ ᱠᱚᱞᱮᱡᱽ ᱵᱟᱨᱦᱮ ᱠᱟᱹᱴᱤᱡᱽ ᱩᱢᱟᱹᱨᱟᱱᱠᱩ ᱕᱐᱐ ᱜᱚᱴᱮᱱ ᱛᱤᱛᱮ ᱚᱞ ᱠᱟᱜᱚᱡᱽ ᱦᱟᱹᱴᱤᱧᱮ ᱦᱩᱠᱩᱢᱟᱫᱽᱠᱩᱣᱟ, ᱡᱟᱦᱟᱸᱠᱩ ᱫᱚ ᱵᱟᱹᱲᱤᱡᱽ ᱟᱪᱚᱨᱚᱱ ᱨᱮᱭᱟᱜᱽ ᱦᱟᱞᱚᱛᱮ ᱵᱚᱨᱱᱚᱱᱟ ᱾"
1860,"11 मार्च 2015 को, एक विशेष CBI न्यायाधीश ने खंड 120-B और 409 भारतीय पेनल कोड (c), 1860 और खंड 13(C)(A)(A)(A)( c)) भ्रष्टाचार के बचाव, १९८८, डॉमन सिंह के खिलाफ और अन्य पर आरोप लगाया.","᱒᱐᱑᱕ ᱥᱟᱹᱦᱤᱛ ᱨᱮᱭᱟᱜ ᱑᱑ ᱤ ᱢᱟᱨᱪ, ᱰᱨᱹ ᱢᱚᱱᱢᱳᱦᱚᱱ ᱥᱤᱝᱦᱚ ᱟᱨ ᱮᱴᱟᱜ ᱢᱚᱬᱮᱦᱚᱲ ᱫᱩᱥᱤᱟᱠᱟᱱ ᱢᱮᱥᱟᱥᱹ ᱦᱤᱱᱰᱟᱞᱠᱳ, ᱥᱩᱵᱮᱱᱫᱷᱩ ᱚᱢᱤᱛᱷᱟᱵ, ᱰᱤᱹ ᱵᱷᱚᱴᱟᱪᱟᱨᱡᱚ, ᱠᱩᱢᱟᱨ ᱢᱚᱝᱜᱚᱞᱚᱢ ᱵᱤᱲᱞᱟ, ᱟᱨ ᱯᱤᱹᱥᱤᱹ ᱯᱚᱨᱠᱷᱮᱨ ᱵᱤᱨᱩᱫᱽ ᱨᱮ ᱑᱘᱖᱐ ᱵᱷᱟᱨᱚᱛ ᱨᱮᱭᱟᱜ ᱫᱚᱱᱰᱚ ᱵᱤᱫᱷᱤ ᱫᱷᱟᱨᱟ ᱑᱒᱐ ᱵᱤ ᱟᱨ ᱔᱐᱙ ᱟᱨ ᱑᱙᱘᱘ ᱨᱮᱭᱟᱜ ᱵᱟᱹᱲᱤᱡᱟᱹᱨᱤ ᱡᱟᱜᱮᱸᱫᱟᱨᱟᱢ ᱨᱮᱭᱟᱜ ᱟᱹᱱ ᱫᱷᱟᱨᱟ ᱑᱓(᱑) (ᱥᱤ), ᱑᱓(᱑) (!!!) ᱞᱮᱠᱟᱛᱮ ᱢᱤᱫᱦᱚᱲ ᱵᱤᱥᱮᱥ ᱥᱤᱹᱵᱤᱹᱟᱭ ᱵᱤᱪᱟᱹᱨᱤᱭᱟᱹ ᱠᱟᱹᱭ ᱨᱮᱭᱟᱜ ᱮ ᱥᱤᱠᱟᱹᱨ ᱮ ᱮᱢ ᱠᱮᱫᱟ ᱾"
1861,वह पहले युद्ध अपराधों और संयुक्त राजद्रोह का आदेश दिया गया था.,ᱞᱟᱹᱲᱦᱟᱹᱭᱨᱮ ᱠᱟᱹᱭ ᱨᱮᱭᱟᱜ ᱦᱩᱠᱩᱢ ᱟᱨ ᱢᱤᱞᱟᱹᱣ ᱥᱚᱲᱚᱡᱚᱱᱛᱚᱨ ᱨᱮᱭᱟᱜ ᱞᱟᱹᱞᱤᱥᱛᱮ ᱩᱱᱤᱫᱚ ᱞᱟᱦᱟᱨᱮ ᱪᱷᱟᱹᱲᱮ ᱧᱟᱢᱞᱮᱫᱟ ᱾
1862,इस कानून का लोगों पर बहुत बड़ा असर हुआ ।,ᱱᱟᱜᱚᱨᱤᱭᱟᱹ ᱠᱚᱣᱟᱜ ᱰᱤᱡᱤᱴᱟᱞ ᱱᱚᱡᱚᱨᱫᱟᱨᱤ ᱟᱶᱛᱟᱨᱮ ᱫᱚᱦᱚᱭ ᱟᱨ ᱨᱚᱲ ᱨᱮᱭᱟᱜ ᱯᱷᱩᱨᱜᱟᱹᱞ ᱟᱹᱰᱤ ᱥᱤᱢᱟᱹᱟᱱᱟᱜ ᱟᱨᱳᱯ ᱛᱟᱞᱟᱛᱮ ᱦᱚᱲᱟᱜᱟᱹᱭᱫᱟᱹᱨ ᱢᱟᱞᱚᱴ ᱠᱟᱨᱚᱱᱛᱮ ᱟᱭᱴᱤ ᱜᱩᱥᱴᱤ ᱫᱟᱨᱟᱭᱛᱮ ᱟᱹᱰᱤᱰᱷᱮᱨ ᱚᱠᱛᱟ ᱦᱩᱭ ᱟᱠᱟᱱᱟ ᱟᱹᱱᱫᱚ ᱾
1863,न्याय का मूल उद्देश्‍य है संविधान में भी शामिल किया जाना ।,ᱥᱚᱝᱵᱤᱫᱷᱟᱱ ᱨᱮᱭᱟᱜ ᱯᱚᱥᱛᱟᱵᱚᱱᱟ ᱠᱟᱛᱷᱟ ᱞᱮᱠᱟᱱ ᱞᱚᱜᱚᱱ ᱥᱟᱹᱨᱤ ᱵᱤᱪᱟᱹᱨ ᱮᱢᱚᱜ ᱜᱮ ᱦᱩᱭᱩᱜ ᱠᱟᱱᱟ ᱥᱚᱝᱵᱤᱫᱷᱟᱱ ᱨᱮᱭᱟᱜ ᱢᱩᱲᱩᱫ ᱟᱱᱟᱜ ᱡᱚᱥ ᱾
1864,आलेख 145 को सुधारा गया और 2013 के सर्वोच्च न्यायालय के नियमों के मुताबिक चलना शुरू किया गया ।,ᱜᱟᱱᱟᱝ ᱑᱔᱕ ᱫᱚ ᱥᱩᱫᱷᱨᱟᱹᱣ ᱦᱩᱭ ᱟᱠᱟᱱᱟ ᱟᱨ ᱒᱐᱑᱓ ᱥᱟᱹᱦᱤᱛ ᱨᱮᱭᱟᱜ ᱥᱩᱯᱨᱤᱢ ᱠᱳᱨᱴ ᱨᱮᱭᱟᱜ ᱛᱟᱹᱛᱤᱛᱮ ᱪᱟᱪᱞᱟᱼᱟ ᱾
1865,"संयुक्‍त राज्य में, साम्यवादी प्रभुसत्ता के सिद्धांत के अधीन संसद के कार्य को अलग नहीं किया जा सकता, जबकि परिषद्‌ में आदेश दिया गया है, एक और क़िस्म के प्राथमिक कानून, नागरिक सेवा के लिए नागरिक सेवा - मंत्री (१९५) और Mercramicll.","ᱡᱩᱠᱛᱚᱨᱟᱡᱡᱚᱨᱮ ᱥᱚᱝᱥᱚᱫᱤᱭᱚ ᱥᱟᱨᱵᱚᱵᱷᱳᱣᱢᱚᱛᱛᱚ ᱨᱮᱭᱟᱜ ᱢᱚᱛᱚᱵᱟᱫ ᱜᱚᱵᱚᱞᱨᱮ ᱥᱚᱝᱥᱚᱫ ᱨᱮᱭᱟᱜ ᱟᱹᱱᱠᱩ ᱵᱟᱝ ᱵᱮᱜᱟᱨ ᱜᱟᱱᱚᱜᱽᱼᱟ ᱢᱮᱱᱠᱷᱟᱱ ᱯᱚᱨᱤᱥᱚᱫ ᱨᱮᱭᱟᱜ ᱟᱹᱨᱤ ᱡᱟᱦᱟᱸ ᱫᱚ ᱥᱚᱝᱥᱚᱫ ᱦᱚᱛᱮᱛᱮ ᱯᱟᱥ ᱦᱩᱭᱩᱜᱽ, ᱩᱝᱠᱩ ᱠᱚᱨᱟᱣ ᱜᱟᱱᱚᱜᱼᱟ (ᱧᱮᱞᱢᱮ ᱥᱤᱵᱷᱤᱞ ᱥᱟᱨᱵᱷᱤᱥ ᱤᱭᱩᱱᱤᱭᱚᱱᱟᱜ ᱯᱚᱨᱤᱥᱚᱫ ᱵᱚᱱᱟᱢ ᱥᱤᱵᱷᱤᱞ ᱥᱟᱨᱵᱷᱤᱥ ᱞᱟᱹᱜᱤᱫ ᱢᱚᱱᱛᱨᱤ (᱑᱙᱘᱕) ᱟᱨ ᱢᱤᱞᱟᱨ/ᱪᱮᱨᱤ (᱒᱐᱑᱙)) ᱾"
1866,"उदाहरण के लिए, ""एक व्यक्ति राज्य में जन्म लेने के जोखिम में हो सकता है अगर वह एक राज्य में पैदा हो गया है... ... जब उसके माता-पिता एक राज्य में पैदा हुए थे जो न्यायिक सोली के रूप में लागू होता है, और वह व्यक्ति को अमेरिका में दोनों पक्ष नियमों के कारण नागरिक बनने के लिए सम्मानित छोड़ दिया. ""","ᱫᱟᱹᱭᱠᱟᱹ ᱞᱮᱠᱟᱛᱮ, ""ᱢᱤᱫ ᱦᱚᱲᱟᱜ ᱯᱚᱱᱚᱛ ᱯᱚᱱᱚᱛᱵᱟᱦᱮᱨᱚᱜ ᱨᱮᱭᱟᱜ ᱡᱷᱩᱸᱠᱤ ᱦᱩᱭ ᱫᱟᱲᱮᱭᱟᱜᱼᱟ ᱡᱚᱫᱤ ᱩᱱᱤ ᱚᱱᱠᱟᱱ ᱯᱚᱱᱚᱛ ᱨᱮᱭ ᱡᱟᱱᱟᱢᱚᱜ ᱠᱟᱱᱟ ᱡᱟᱦᱟᱸ ᱨᱮ ᱵᱚᱝᱥᱚ ᱞᱮᱠᱟᱛᱮ ᱱᱟᱜᱚᱨᱤᱭᱟᱹ ᱞᱟᱜᱟᱣᱚᱜ ᱥᱮᱪ ᱩᱱᱤᱭᱟᱜ ᱜᱚᱜᱚ ᱵᱟᱵᱟ ᱮᱢᱚᱱ ᱢᱤᱫ ᱯᱚᱱᱚᱛ ᱨᱮᱠᱤᱱ ᱡᱟᱱᱟᱢ ᱞᱮᱱᱟ, ᱡᱟᱦᱟᱸ ᱨᱮ ᱡᱟᱱᱟᱢ ᱥᱮᱪᱛᱮ ᱱᱟᱜᱚᱨᱤᱭᱟᱹ ᱞᱟᱜᱟᱣᱚᱜ, ᱡᱟᱦᱟᱸ ᱠᱷᱟᱹᱛᱤᱨ ᱟᱯᱟᱱᱟᱯᱤᱱ ᱵᱤᱨᱩᱫ ᱟᱹᱱ ᱠᱟᱨᱚᱱᱛᱮ ᱦᱚᱲ ᱵᱟᱱᱟᱨ ᱯᱚᱱᱚᱛ ᱨᱮᱜᱮ ᱱᱟᱜᱚᱨᱤᱭᱟᱹ ᱞᱟᱹᱜᱤᱫ ᱵᱮᱼᱡᱳᱜᱢᱟᱱ ᱦᱩᱭᱩᱜᱼᱟ ᱾"
1867,"सीHRI भी सभी लोगों को गारंटी देता है कि ""अपने देश के सार्वजनिक मामलों के प्रशासन में, सीधे या अन्य रूप से भाग लेने के लिए""।","ᱥᱤᱹᱰᱤᱹᱮᱭᱤᱪᱹᱟᱨᱹᱟᱭ ᱡᱚᱛᱚᱜᱮ ""ᱟᱭᱟᱜ ᱫᱤᱥᱚᱢ ᱨᱮᱱ ᱥᱟᱫᱷᱟᱨᱚᱱ ᱯᱨᱚᱥᱟᱥᱚᱱ ᱨᱮ ᱥᱟᱢᱟᱝ ᱫᱟᱯᱨᱟᱢ ᱵᱟᱝᱠᱷᱟᱱ ᱮᱴᱟᱜᱫᱟᱨᱟᱭ ᱛᱮ ᱥᱮᱞᱮᱫ ᱨᱮᱭᱟᱜ ᱟᱹᱭᱫᱟᱹᱨ"" ᱨᱮᱭᱟᱜ ᱠᱤᱨᱭᱟᱹᱭ ᱮᱢ ᱞᱮᱫᱟ ᱾"
1868,अदालत की सीट दिल्ली के संसद भवन में थी ।,ᱠᱟᱪᱷᱟᱦᱟᱹᱨᱤ ᱨᱮᱭᱟᱜ ᱴᱷᱟᱶ ᱫᱚ ᱛᱟᱸᱦᱮᱠᱟᱱᱟ ᱫᱤᱞᱞᱤ ᱨᱮᱭᱟᱜ ᱥᱚᱝᱥᱚᱫ ᱵᱷᱚᱵᱚᱱ ᱨᱮᱭᱟᱜ ᱪᱮᱢᱵᱟᱨ ᱚᱯᱷ ᱯᱨᱤᱱᱥᱮᱥ ᱾
1869,नवावा अधिवेशन (GC) और उनके अतिरिक्त प्रोटोकॉल (पीपी.) की माँग है कि किसी भी क़ैदी को न्यायिक कार्रवाई का सामना करना पड़े ।,ᱡᱮᱱᱮᱵᱷᱟ ᱠᱚᱱᱵᱷᱮᱱᱥᱚᱱ ( ᱡᱤᱥᱤ ) ᱟᱨ ᱩᱱᱠᱩᱣᱟᱜ ᱵᱟᱹᱲᱛᱤ ᱯᱨᱳᱴᱳᱠᱚᱞ ( ᱮᱯᱤᱮᱥ) ᱞᱟᱹᱠᱛᱤᱭᱟ ᱡᱮ ᱡᱟᱦᱟᱸᱭ ᱞᱟᱹᱲᱦᱟᱹᱭ ᱵᱚᱱᱫᱤ ᱠᱚ ᱡᱟᱦᱟᱸᱱ ᱵᱤᱪᱟᱹᱨ ᱠᱟᱹᱢᱤᱦᱚᱨᱟ ᱨᱮᱠᱚ ᱥᱟᱢᱟᱝ ᱥᱚᱫᱚᱨ ᱞᱮᱱᱠᱷᱟᱱ ᱩᱱᱠᱩᱣᱟᱜ ᱥᱚᱛ ᱵᱤᱪᱟᱹᱨ ᱧᱟᱢᱚᱜᱼᱟ ᱾
1870,उत्तर - पश्‍चिम के सर्वोच्च न्यायालय (बामामांग) न्यायिक शाखा का सबसे ऊँचा स्तर है ।,ᱤᱱᱫᱳᱱᱤᱥᱤᱭᱟ ᱨᱮᱭᱟᱜ ᱥᱩᱯᱨᱤᱢᱠᱳᱴ (ᱤᱱᱫᱳᱱᱮᱥᱤᱭᱟᱱᱺ ᱢᱟᱦᱚᱠᱟᱢᱟᱦᱚ ᱟᱜᱩᱝ) ᱦᱩᱭᱩᱜ ᱠᱟᱱᱟ ᱵᱤᱪᱟᱹᱨ ᱛᱷᱚᱱᱚᱛ ᱨᱮᱭᱟᱜ ᱪᱟᱸᱜᱟ ᱡᱚᱛᱚ ᱠᱷᱚᱱ ᱪᱮᱛᱟᱱ ᱛᱷᱟᱯ ᱾
1871,"MTP कार्य विवरण है कि 12 सप्ताह तक समाप्त करने के लिए, एक पंजीकृत चिकित्सीय प्रमोदक की राय (RPPP) की आवश्यकता है, और 12 से 20 सप्ताह के बीच बन्द करने के लिए, दो रफ़ों की राय जरूरी है.",ᱮᱢ ᱴᱤ ᱯᱤ ᱟᱹᱱᱨᱮ ᱢᱮᱱᱟᱜ ᱡᱟᱦᱟᱸ ᱑᱒ ᱦᱟᱯᱛᱟ ᱦᱟᱹᱵᱤᱡ ᱩᱰᱩᱠᱥᱟᱦᱟ ᱞᱟᱹᱜᱤᱫ ᱢᱤᱫᱛᱤᱠᱤᱪᱪᱷᱚᱠ ᱟᱜ ᱫᱤᱥᱦᱩᱫᱤᱥ (ᱟᱨ ᱮᱢ ᱯᱤ) ᱞᱟᱹᱠᱛᱤ ᱠᱟᱱᱟ ᱟᱨ ᱑᱒ ᱥᱮ ᱒᱐ ᱦᱟᱯᱛᱟ ᱢᱩᱫᱽᱨᱮ ᱩᱰᱩᱠᱥᱟᱦᱟ ᱞᱟᱹᱜᱤᱫ ᱵᱟᱨᱦᱚᱲ ᱟᱨ ᱮᱢ ᱯᱤ ᱼᱟᱜ ᱫᱤᱥᱦᱩᱫᱤᱥ ᱞᱟᱹᱠᱛᱤ ᱠᱟᱱᱟ ᱾
1872,"उदाहरण के लिए, एक ही समस्या को खानों के रूप में प्रस्तुत करने के लिए परमाणु बमों का परिचय देते हैं: किसी संघर्ष के खत्म होने के बाद आम जनता के लिए ख़तरा बनी रह सकता है ।","ᱫᱟᱹᱭᱠᱟᱹᱞᱮᱠᱟᱛᱮ, ᱢᱟᱭᱤᱱ ᱨᱮᱭᱟᱜ ᱞᱮᱠᱟᱱ ᱛᱷᱚᱠ ᱵᱳᱢᱟ ᱦᱚᱸ ᱢᱤᱫ ᱮᱴᱠᱮᱴᱚᱬᱮᱭ ᱥᱤᱨᱡᱟᱹᱣ ᱮᱫᱟᱺ ᱡᱟᱦᱟᱸᱱ ᱛᱟᱯᱟᱢ ᱢᱩᱪᱟᱹᱫ ᱠᱟᱛᱮ ᱟᱹᱰᱤ ᱛᱟᱭᱚᱢ ᱵᱮᱜᱚᱨ ᱚᱴᱮᱡᱟᱱ ᱠᱟᱹᱴᱤᱡ ᱵᱳᱢᱟ ᱥᱟᱫᱷᱟᱨᱚᱱ ᱱᱟᱜᱚᱨᱤᱭᱟ ᱠᱚ ᱞᱟᱹᱜᱤᱫ ᱫᱟᱹᱵᱽ ᱠᱟᱨᱚᱱ ᱛᱟᱦᱮᱸ ᱫᱟᱲᱮᱭᱟᱜᱼᱟ ᱾"
1873,"हालाँकि प्रबंधक और बारटर्ट को लगता था कि यह धारणा सिर्फ स्कूल के मामलों में ही सीमित होनी चाहिए, फिर भी लोगों ने ऐसे मामलों पर बहस करना जारी रखा है जिनके बारे में अलग - अलग देशों में जाति या अंतर्राष्ट्रीय रिश्‍तों के बारे में लोगों का नज़रिया नहीं है ।","ᱥᱴᱤᱣᱟᱨᱰ ᱟᱨ ᱵᱟᱨᱱᱮᱴ ᱱᱨᱤᱛᱚᱛᱛᱚ ᱫᱚ ᱵᱤᱫᱫᱟᱹᱞᱮᱠᱟᱱ ᱥᱟᱛᱟᱢ ᱢᱩᱫᱨᱮ ᱥᱤᱢᱟᱹᱵᱚᱫᱫᱷᱚᱭ ᱨᱮᱭᱟᱜ ᱥᱟᱞᱦᱟᱠᱤᱱ ᱮᱢᱨᱮᱦᱚᱸ, ᱡᱟᱹᱛᱤᱞᱮᱠᱟᱛᱮ ᱠᱚᱢᱞᱮᱠᱷᱟᱣᱟᱱ ᱥᱮ ᱡᱮᱜᱮᱫᱽᱡᱟᱠᱟᱛ ᱥᱚᱢᱵᱚᱸᱫ ᱵᱟᱵᱚᱫ ᱦᱚᱲᱱᱤᱭᱟᱹᱢᱨᱮ ᱚᱼᱱᱨᱤᱥᱟᱲᱮᱥᱤᱭᱟᱹᱠᱩ ᱫᱟᱨᱟᱭᱛᱮ ᱱᱤᱭᱟᱹ ᱱᱤᱭᱟᱹᱢ ᱨᱮᱭᱟᱜ ᱵᱮᱵᱚᱦᱟᱨᱛᱮ ᱥᱟᱛᱟᱢ ᱵᱷᱤᱛᱨᱤᱨᱮ ᱟᱨ ᱵᱟᱨᱦᱮᱨᱮᱱ ᱦᱚᱲᱠᱩ ᱢᱩᱫᱨᱮ ᱦᱤᱸᱫᱤᱡᱽ ᱞᱟᱜᱟᱣ ᱢᱮᱱᱟᱜᱼᱟ ᱾"
1874,जीन एकायू के खिलाफ फैसला एक युद्ध अपराध के रूप में बलात्कार स्थापित किया.,ᱡᱤᱱᱼᱯᱚᱞ ᱟᱠᱟᱭᱮᱥᱩᱨ ᱵᱤᱨᱩᱫ ᱨᱮ ᱨᱟᱭ ᱵᱷᱚᱨᱚᱢ ᱱᱟᱥᱟᱣ ᱫᱚ ᱢᱤᱫᱴᱟᱝ ᱞᱟᱹᱲᱦᱟᱹᱭᱠᱟᱹᱭ ᱦᱤᱥᱟᱹᱵᱛᱮ ᱛᱷᱟᱯᱚᱱ ᱞᱮᱫᱟᱭ ᱾
1875,"प्राचीन उदाहरणों में से एक है... ... मिस्र के शहर के नीश के बीच शांति का मेल और नाइआ (लगभग 2100 बीई बीएस) और मिस्र के राजा, Harusus III के बीच एक समझौता, 1258 में समाप्त हुआ.",ᱮᱠᱟᱞ ᱢᱟᱨᱮᱩᱛᱟᱹᱨ ᱰᱟᱹᱭᱠᱟᱹᱨᱮᱱᱟᱜ ᱢᱩᱫᱨᱮ ᱢᱮᱥᱳᱯᱚᱴᱮᱢᱤᱭᱟ ᱨᱮᱭᱟᱜ ᱥᱟᱦᱟᱨᱼᱯᱚᱱᱚᱛ ᱞᱟᱜᱟᱥ ᱟᱨ ᱩᱢᱢᱟᱨ (ᱦᱩᱭᱫᱟᱲᱤᱭᱟᱱ ᱒᱑᱐᱐ ᱠᱷᱨᱤᱥᱴᱚᱯᱩᱨᱵᱟᱵᱫᱚ) ᱢᱩᱫᱨᱮ ᱱᱤᱨᱟᱹᱭ ᱪᱩᱠᱛᱤ ᱟᱨ ᱢᱤᱥᱚᱨᱤᱭᱟᱹ ᱯᱷᱟᱨᱟᱣ ᱫᱚᱥᱟᱨ ᱨᱟᱢᱥᱮᱥ ᱟᱨ ᱦᱤᱴᱴᱟᱤᱴ ᱨᱟᱡᱟ ᱛᱮᱥᱟᱨ ᱦᱟᱛᱩᱥᱤᱞᱤ ᱢᱩᱫᱨᱮ ᱢᱤᱫᱴᱟᱝ ᱪᱩᱠᱛᱤ ᱑᱒᱕᱘ ᱠᱷᱨᱤᱥᱴᱚᱯᱩᱨᱵᱟᱵᱫᱟᱨᱮ ᱢᱩᱪᱟᱹᱫᱞᱮᱱᱟ ᱾
1876,मौत के बारे में जनता की राय देश और अपराध के बीच काफी फर्क है.,ᱜᱚᱡᱽᱥᱟᱹᱡᱟᱹᱭ ᱤᱫᱤ ᱠᱟᱛᱮᱜ ᱦᱚᱲ ᱠᱚᱣᱟᱜ ᱫᱤᱥᱦᱩᱫᱤᱥ ᱫᱤᱥᱚᱢ ᱞᱮᱠᱟᱛᱮ ᱟᱨ ᱠᱟᱹᱭ ᱨᱮᱭᱟᱜ ᱴᱮᱸᱦᱟᱰᱛᱮ ᱵᱚᱫᱚᱞᱚᱜᱼᱟ ᱾
1877,"व्यापक भाव से, एक प्रशासनिक निर्णय को अलग अलग कर सकता है यदि यह मूर्खतापूर्ण है (जो कनाडा के कानून के अधीन है), ""नए ब्रौनों के सर्वोच्च न्यायालय के स्तर पर मूर्खतापूर्वक मूर्खतापूर्ण अदालत ” के अनुसार चलना, वेने के नियम का पालन किया, और ब्रिटिश कानून में अनुचित रूप से, और ब्रिटिश कानून (सामान्यतावादी कानून) ।","ᱰᱷᱮᱨ ᱢᱮᱱᱛᱮ ᱨᱮ,ᱟᱶᱛᱟ ᱵᱟᱨᱦᱮ ᱠᱟᱹᱢᱤᱦᱚᱨᱟ ᱛᱟᱞᱟᱛᱮ, ᱡᱟᱦᱟᱸᱱ ᱯᱨᱚᱥᱟᱥᱚᱱᱤᱠ ᱴᱷᱟᱲᱚ ᱵᱮᱼᱡᱩᱠᱛᱤᱭᱟᱱ (ᱠᱟᱱᱟᱰᱤᱭᱚ ᱟᱹᱱ ᱞᱮᱠᱟᱛᱮ ᱪᱮᱛᱟᱱ ᱦᱩᱫᱟᱹ ᱟᱫᱟᱞᱚᱛ ᱨᱮ ᱰᱟᱱᱥᱢᱮᱭᱩᱨ ᱵᱚᱱᱟᱢ ᱱᱤᱭᱩ ᱵᱨᱮᱱᱰᱩᱭ ᱫᱚ "" ᱯᱩᱥᱴᱟᱹᱣ ᱜᱮ ᱵᱮᱼᱡᱩᱠᱛᱤ ᱟᱱ"" ᱱᱚᱶᱟ ᱢᱟᱱᱫᱚᱱᱰᱚ ᱮᱲᱟᱣ ᱞᱮᱠᱟᱛᱮ), ᱳᱭᱮᱰᱱᱮᱥᱵᱮᱨᱤ ᱵᱮᱼᱡᱩᱠᱛᱤᱟᱱ (ᱤᱝᱨᱮᱡ ᱟᱹᱱ ᱨᱮᱭᱟᱜ ᱥᱮᱞᱮᱫ ᱟᱠᱟᱱ) ᱵᱟᱝᱠᱷᱟᱱ ᱩᱭᱦᱟᱹᱨᱟᱱᱟᱜ ᱟᱨ ᱵᱮᱴᱮᱦᱟᱸᱴ ᱟᱱᱟᱜ (ᱢᱟᱨᱠᱤᱱ ᱯᱨᱚᱥᱟᱥᱚᱱᱤᱠ ᱦᱚᱨᱟ ᱟᱹᱱ ᱟᱨ ᱱᱤᱭᱤᱭᱟᱨᱠ ᱯᱚᱱᱚᱛ ᱟᱹᱱ ᱨᱮᱭᱟᱜ ᱥᱮᱞᱮᱫ ᱟᱱᱟᱜ) ᱦᱩᱭ ᱞᱮᱱᱠᱷᱟᱱ ᱫᱚᱲᱦᱟ ᱩᱭᱦᱟᱹᱨᱵᱷᱟᱵᱱᱟ ᱟᱫᱟᱞᱚᱛ ᱚᱱᱟ ᱫᱚᱭ ᱠᱷᱟᱨᱤᱪ ᱫᱟᱲᱮᱭᱟᱜᱼᱟ ᱾"
1878,"केवल मालिक और योग दो प्रकार का काम करेगा, ICasC-4, और कुल मिलाकर बदलाव की प्रक्रिया के लिए.","ᱵᱟᱦᱟᱞ ᱦᱚᱲ ᱵᱚᱫᱚᱞ ᱨᱮᱭᱟᱜ ᱡᱚᱛᱚ ᱦᱚᱨᱟ ᱨᱮᱭᱟᱜ ᱞᱟᱹᱜᱤᱫ ᱢᱤᱫᱥᱩᱢᱩᱝ ᱜᱟᱹᱞᱤᱢ ᱟᱨ ᱵᱟᱦᱟᱞ ᱦᱚᱲᱫᱚ ᱵᱟᱨᱭᱟ ᱯᱷᱚᱨᱚᱢ, ᱟᱤᱮᱱᱥᱤᱼ᱓ ᱟᱨ ᱟᱤᱮᱱᱥᱤᱼ᱔ ᱩᱪᱷᱟᱹᱱ ᱦᱩᱭᱩᱜᱼᱟ ᱾"
1879,"सन्‌ 2014 की शुरूआत में जब डार्गा नाम के कसबे में आयी, तब उसे हिरासत में लिया गया ।","ᱫᱟᱨᱯᱷᱩᱨ, ᱥᱩᱫᱟᱱ ᱨᱮᱭᱟᱜ ᱦᱟᱞᱚᱛᱠᱩ ᱢᱩᱫᱨᱮ ᱵᱟᱱᱫᱟ ᱟᱫᱟᱞᱚᱛ ᱨᱮᱭᱟᱜ ᱵᱤᱪᱟᱹᱨ ᱒᱐᱑᱔ ᱥᱟᱞᱨᱮ ᱮᱛᱚᱦᱚᱵ ᱨᱮᱭᱟᱜ ᱠᱟᱛᱷᱟ ᱛᱟᱦᱮᱸᱠᱟᱱᱟ ᱢᱮᱱᱠᱷᱟᱱ ᱮᱛᱚᱦᱚᱵ ᱢᱟᱹᱦᱤᱛ ᱫᱚ ᱠᱷᱟᱹᱞᱤ ᱦᱩᱭᱞᱮᱱᱟ ᱾"
1880,"संयुक्‍त राष्ट्र सुरक्षा परिषद्‌ (एस5/1325), स्त्रियों पर, शान्ति, और सुरक्षा द्वारा ३१ अक्टूबर 2000 को संयुक्‍त राष्ट्र सुरक्षा परिषद्‌ ने एकमत किया ।","᱑᱒᱖᱑ (᱑᱙᱙᱙), ᱑᱒᱖᱕ (᱑᱙᱙᱙), ᱑᱒᱙᱖ (᱒᱐᱐᱐) ᱟᱨ ᱑᱓᱑᱔ (᱒᱐᱐᱐)ᱼᱨᱮᱭᱟᱜ ᱴᱷᱟᱹᱣᱠᱟᱹ ᱯᱟᱧᱡᱟᱭ ᱛᱟᱭᱚᱢ, ᱒᱐᱐᱐ ᱥᱟᱞ ᱨᱮᱭᱟᱜ ᱓᱑ ᱚᱠᱴᱚᱵᱚᱨ ᱡᱟᱛᱤᱥᱚᱝᱜᱷᱚ ᱱᱤᱨᱟᱯᱚᱛᱛᱟ ᱯᱚᱨᱤᱥᱚᱫ ᱦᱚᱛᱮᱛᱮ ᱥᱟᱱᱟᱢ ᱠᱩᱣᱟᱜ ᱢᱚᱛᱞᱮᱠᱟᱛᱮ ᱛᱤᱨᱞᱟᱹ, ᱥᱟᱹᱱᱛᱤ ᱟᱨ ᱨᱩᱠᱷᱭᱟᱹ ᱪᱮᱛᱟᱱ ᱡᱟᱛᱤᱥᱚᱝᱜᱷᱚ ᱱᱤᱨᱟᱯᱚᱛᱛᱟ ᱯᱚᱨᱤᱥᱚᱫᱟᱜᱽ ᱑᱓᱒᱕ (ᱮᱥ/ᱟᱨ.ᱤ.ᱮᱥ/᱑᱓᱒᱕) ᱴᱷᱟᱹᱣᱠᱟᱹ ᱦᱟᱛᱟᱣ ᱦᱩᱭᱞᱮᱱᱟ ᱾"
1881,"इसके बाद, उसने अदालत के सामने एक कार्यक्रम पेश किया ।","ᱥᱤᱢᱟᱹ ᱵᱤᱨᱩᱫᱷ ᱢᱟᱢᱟᱞᱟ ᱨᱮ, ᱵᱤᱨᱩᱫᱷ ᱨᱮᱱ ᱵᱟᱱᱟᱨ ᱯᱟᱦᱟᱴᱟ, ᱵᱩᱨᱠᱤᱱᱟ ᱯᱷᱟᱥᱳ ᱟᱨ ᱢᱟᱞᱤ, ᱛᱟᱞᱟᱢᱟᱞᱟ ᱵᱮᱵᱚᱥᱛᱟ ᱞᱟᱹᱭ ᱞᱟᱹᱜᱤᱫᱛᱮ ᱠᱟᱪᱷᱟᱦᱟᱹᱨᱤ ᱨᱮ ᱢᱤᱫᱴᱟᱝ ᱟᱨᱫᱟᱥ ᱠᱤᱱ ᱮᱢ ᱟᱠᱟᱫᱟ ᱾"
1882,"जब तक दिल्ली के हाई कोर्ट ने फैसला नहीं किया कि 2 जुलाई, 2009 को बड़ों की सहमति के बीच लैंगिक संबंध रखते हैं, तब तक समलैंगिकता को अपराधी समझा गया क्योंकि 150 साल के भारतीय पेनल कोड (एलईसी), ब्रिटेन की सरकार ने यह कानून जारी किया ।","᱒᱐᱐᱙ᱼᱨᱮᱭᱟᱜ ᱒ᱨᱟ ᱡᱩᱞᱟᱤ ᱞᱟᱦᱟ ᱡᱟᱦᱟᱸᱛᱤᱱᱟᱹᱜ ᱫᱤᱱ ᱫᱷᱟᱹᱵᱤᱡᱽ ᱫᱤᱞᱞᱤ ᱦᱟᱭᱠᱳᱴ ᱫᱚ ᱞᱟᱹᱜᱤᱫᱚᱜᱽ ᱩᱢᱟᱹᱨ ᱯᱩᱨᱟᱹᱣᱟᱠᱟᱱᱛᱟᱠᱩ ᱢᱩᱫᱽᱨᱮ ᱨᱟᱹᱡᱤᱭᱟᱠᱟᱱᱟᱜᱽ ᱱᱤᱡᱟᱹ ᱡᱟᱱᱟᱧ ᱠᱟᱹᱢᱤ ᱜᱷᱟᱹᱴᱟᱱᱟᱜᱽ ᱵᱟᱝ ᱠᱟᱱᱟ ᱵᱟᱭ ᱞᱟᱹᱭᱟᱠᱟᱫᱟ, ᱵᱨᱤᱴᱤᱥ ᱩᱯᱟᱹᱱᱤᱵᱮᱥᱤᱠ ᱥᱚᱨᱠᱟᱨ ᱫᱟᱨᱟᱭᱛᱮ ᱯᱟᱥᱟᱠᱟᱱ ᱑᱕᱐ ᱥᱮᱨᱢᱟ ᱢᱟᱨᱮᱱ ᱵᱷᱟᱨᱚᱛᱤᱭᱟᱹ ᱥᱟᱹᱡᱟᱹᱭᱟᱹᱨᱤ (ᱟᱭ.ᱯᱤ.ᱥᱤ) ᱟᱹᱱ ᱨᱮᱭᱟᱜ ᱵᱟᱝᱯᱩᱥᱴᱟᱹᱣ ᱓᱗᱗ ᱫᱷᱟᱨᱟ ᱨᱮᱭᱟᱜ ᱵᱤᱪᱷᱱᱟᱹᱣ ᱞᱮᱠᱟᱛᱮ ᱥᱚᱢᱚᱠᱟᱢᱤᱛᱟ ᱫᱚ ᱠᱟᱹᱭ ᱞᱮᱠᱟᱛᱮᱜᱤ ᱵᱷᱟᱹᱵᱤᱛᱚᱜᱽᱠᱟᱱ ᱛᱟᱦᱮᱸᱠᱟᱱᱟ ᱾"
1883,"गाँव के अदालतों में, जैसे लोक अवीत (लोगों की अदालत) या नीकाच (शहर के न्याय), वैकल्पिक वाद - विवाद प्रस्तुत करते हैं ।","ᱟᱛᱩ ᱵᱟᱹᱭᱥᱤ, ᱡᱮᱞᱮᱠᱟ ᱞᱳᱠ ᱟᱫᱟᱞᱚᱛ ( ᱦᱚᱲ ᱠᱚᱣᱟᱜ ᱵᱟᱹᱭᱥᱤ ) ᱥᱮ ᱱᱮᱭ ᱯᱚᱧᱪᱟᱭᱮᱛ ( ᱟᱛᱩ ᱨᱮᱭᱟᱜ ᱥᱟᱹᱨᱤ ᱵᱤᱪᱟᱹᱨ ), ᱮᱴᱟᱜ ᱵᱤᱵᱟᱹᱫ ᱢᱮᱴᱟᱣ ᱨᱮᱭᱟᱜ ᱠᱟᱛᱷᱟᱭ ᱮᱢᱚᱜᱼᱟ ᱾"
1884,पार्ट II (रिस्ट्स 17-24) सम्मेलन की रिपोर्ट और निगरानी को लागू करने के लिए दलों द्वारा ले गए कदमों को नियंत्रित करता है.,ᱯᱟᱨᱴ II (ᱜᱟᱱᱟᱝ ᱑᱗-᱒᱔) ᱠᱚᱱᱵᱷᱮᱱᱥᱚᱱ ᱨᱮᱭᱟᱜ ᱨᱤᱯᱳᱴᱤᱝ ᱟᱨ ᱧᱮᱞᱡᱚᱛᱱᱟᱣ ᱟᱨ ᱱᱤᱭᱟᱹ ᱠᱟᱹᱢᱤᱨᱮ ᱯᱷᱮᱨᱟᱣ ᱞᱟᱹᱜᱤᱫ ᱯᱚᱠᱠᱷᱚᱠᱩ ᱨᱮᱭᱟᱜ ᱦᱟᱛᱟᱣᱟᱠᱟᱱ ᱯᱚᱫᱚᱠᱠᱷᱮᱯᱠᱩᱭ ᱧᱮᱞᱡᱚᱛᱚᱱᱮᱫᱟ ᱾
1885,"वेना के क्षेत्र में और ईमानवालों के बीच अच्छी तरह से स्वागत किया गया था, जबकि होमोसिस बैंगनी में और ओडिशा में बहुत लोकप्रिय था.","ᱤᱣᱩᱱᱟᱱᱤ ᱦᱟᱭᱫᱨᱟᱵᱟᱫ ᱴᱚᱴᱷᱟᱨᱮ ᱟᱨ ᱢᱩᱥᱞᱟᱹ ᱠᱚ ᱛᱟᱞᱟᱨᱮ ᱥᱚᱢᱟᱱ ᱢᱟᱹᱱ ᱛᱟᱸᱦᱮᱠᱟᱱᱟ, ᱡᱚᱠᱷᱚᱱ ᱦᱳᱢᱤᱳᱯᱮᱛᱷᱤ ᱵᱟᱝᱞᱟ ᱟᱨ ᱳᱲᱤᱥᱟᱨᱮ ᱟᱹᱰᱤ ᱦᱚᱲ ᱠᱩᱟᱤᱭᱟᱱ ᱛᱟᱸᱦᱮᱠᱟᱱᱟ ᱾"
1886,"अलास्का ने ऐथॆन्स, फेफ़्स और हान में विरोधों को देखा ।","ᱟᱞᱟᱥᱠᱟ ᱫᱚ ᱮᱝᱠᱚᱨᱮᱡᱽ, ᱯᱷᱮᱭᱟᱨᱵᱮᱝᱠᱥ ᱟᱨ ᱦᱮᱤᱱᱥᱨᱮ ᱵᱤᱠᱠᱷᱚᱵᱮ ᱥᱟᱦᱟᱣᱟᱠᱟᱫᱟ ᱾"
1887,और ऑनलाइन बैंकों को बुरी तरह बंद कर दिया है ।,ᱵᱟᱹᱠᱤ ᱵᱮᱝ ᱠᱚᱫᱚ ᱠᱷᱩᱪᱨᱟᱹ ᱵᱮᱯᱟᱨ ᱠᱚᱨᱟᱣ ᱨᱮᱭᱟᱜ ᱚᱠᱛᱚ ᱠᱚ ᱠᱚᱢ ᱟᱠᱟᱫᱟ ᱟᱨ ᱚᱱᱞᱟᱭᱤᱱ ᱵᱮᱝᱠᱤᱝ ᱥᱮᱡᱽ ᱠᱚ ᱴᱷᱮᱞᱟᱣ ᱟᱠᱟᱫᱟ ᱾
1888,"ईरान में इंटरनेट सेंसरिता के कारण, ईरानी सरकार और इस्लामी रिलियन गार्डों ने हमेशा ईरानी लोगों का विरोध किया है जैसे फेसबुक, ट्विटर, इत्यादि.","ᱤᱨᱟᱱᱨᱮ ᱤᱱᱴᱟᱨᱱᱮᱴ ᱨᱩᱠᱷᱭᱟᱹᱭ ᱠᱷᱟᱹᱛᱤᱨ ᱥᱟᱱᱟᱢ ᱚᱠᱛᱮ ᱤᱨᱟᱱᱤ ᱥᱚᱨᱠᱟᱨ ᱟᱨ ᱤᱥᱞᱟᱢ ᱫᱷᱚᱨᱚᱢᱤᱭᱟᱹ ᱞᱟᱹᱲᱦᱟᱹᱭ ᱯᱷᱟᱹᱫᱵᱟᱹᱦᱤᱱᱤ ᱫᱚ ᱞᱮᱛᱟᱲᱜᱤ ᱯᱷᱮᱥᱵᱩᱠ, ᱴᱩᱭᱴᱟᱨ ᱮᱢᱟᱱᱛᱮᱭᱟᱜ ᱞᱮᱠᱟ ᱧᱩᱛᱩᱢᱟᱱ ᱥᱟᱶᱛᱟ ᱛᱟᱞᱟᱛᱮ ᱤᱨᱟᱱᱤᱠᱩᱣᱟᱜ ᱥᱮᱞᱮᱫᱚᱜ ᱨᱮᱭᱟᱜᱠᱩ ᱵᱤᱨᱩᱫ ᱤᱫᱤᱭᱟᱠᱟᱫᱟ ᱾"
1889,"इसलिए, ईरान में और ईरानी विरोधों के कारण लोकप्रिय सामाजिक नेटवर्कों पर रोक लगा दी गई है, ईरान में इंटरनेट सेंसरवाद बढ़ गया है।","ᱚᱱᱟᱠᱷᱟᱹᱛᱤᱨ, ᱤᱨᱟᱱᱨᱮ ᱧᱩᱢᱟᱱᱟᱜ ᱥᱟᱶᱛᱟ ᱛᱟᱞᱢᱟᱠᱩ ᱵᱚᱸᱫᱽᱟᱠᱟᱱᱟ ᱟᱨ ᱤᱨᱟᱱᱤ ᱟᱸᱫᱚᱲ ᱠᱷᱟᱹᱛᱤᱨᱛᱮ ᱤᱨᱟᱱᱨᱮ ᱤᱱᱴᱟᱨᱱᱮᱴ ᱡᱚᱛᱱᱟᱣ ᱵᱟᱲᱦᱟᱣᱟᱠᱟᱱᱟ ᱾"
1890,यह शिक्षा सन्‌ 1991 में 39% से 47 प्रतिशत हो गयी है और यह सन्‌ 2011 में 63% हो गए हैं ।,ᱥᱤᱠᱷᱱᱟᱹᱛ ᱦᱟᱨ ᱑᱙᱙᱑ ᱥᱟᱞᱨᱮ ᱓᱙ ᱥᱟᱭᱦᱤᱸᱥ ᱠᱷᱚᱱ ᱒᱐᱐᱑ ᱥᱟᱞᱨᱮ ᱔᱗ ᱥᱟᱭᱦᱤᱸᱥ ᱠᱷᱚᱱ ᱒᱐᱑᱑ ᱥᱟᱞᱨᱮ ᱖᱓.᱘ ᱥᱟᱭᱦᱤᱸᱥ ᱫᱷᱟᱹᱵᱤᱡᱽ ᱵᱟᱲᱦᱟᱣᱟᱠᱟᱱᱟ ᱾
1891,सीपीन (यूएमएल) ने Jaagaaagaaa के उम्मीदवारों का समर्थन करने का भी निर्णय किया।,"ᱥᱤ ᱯᱤ ᱮᱱ (ᱤᱭᱩ ᱮᱢ ᱮᱞ)ᱼ ᱦᱚᱸ ᱡᱷᱟᱯᱟ ᱕, ᱨᱩᱯᱚᱱᱫᱮᱦᱤ ᱑ ᱟᱨ ᱵᱟᱸᱠᱮ ᱒ ᱼᱨᱮ ᱨᱟᱥᱴᱨᱤᱭᱚ ᱯᱨᱚᱡᱟᱛᱚᱱᱛᱚ ᱫᱚᱞᱨᱮᱱ ᱯᱨᱟᱛᱷᱤ ᱠᱚ ᱥᱚᱢᱚᱨᱛᱷᱚᱱ ᱠᱚ ᱞᱟᱹᱜᱤᱫ ᱟᱨ ᱨᱟᱥᱴᱨᱤᱭᱚ ᱯᱨᱚᱡᱟᱛᱚᱱᱛᱨᱚ ᱫᱚᱞ ᱫᱚ ᱢᱟᱠᱣᱟᱱᱯᱩᱨ ᱑ ᱼᱨᱮ ᱟᱠᱚᱣᱟᱜ ᱵᱟᱪᱷᱱᱟᱣ ᱪᱤᱱᱦᱟᱹ ᱨᱮ ᱱᱮᱯᱟᱞ ᱨᱮᱱ ᱥᱚᱵᱷᱟ ᱜᱚᱢᱠᱮ ᱠᱚᱢᱚᱞ ᱛᱷᱟᱯᱟ ᱛᱤᱸᱜᱩᱭᱮ ᱨᱮᱱᱟᱜ ᱠᱚ ᱜᱚᱴᱟᱵᱩᱴᱟᱹ ᱠᱮᱫᱟ ᱾"
1892,"पूर्व और उत्तर के प्रोत्कर लोग प्रदर्शनों में शामिल हो गए, जो शुक्रवार की प्रार्थना के बाद शुरू हुए ।",ᱯᱩᱨᱩᱵ ᱟᱨ ᱩᱛᱛᱚᱨ ᱠᱷᱟᱨᱛᱩᱢ ᱨᱮᱱ ᱟᱸᱫᱳᱲᱤᱭᱟᱹ ᱠᱚ ᱟᱸᱫᱳᱲ ᱩᱫᱩᱜᱥᱚᱫᱚᱨ ᱨᱮ ᱥᱮᱞᱮᱫ ᱠᱟᱛᱮ ᱡᱟᱦᱟᱸ ᱡᱩᱢᱟ ᱱᱟᱢᱟᱡ ᱛᱟᱭᱚᱢ ᱮᱦᱚᱵ ᱞᱮᱱᱟ ᱾
1893,"जर्मन राष्ट्रीय रेलवे कंपनी, डॉ.",ᱤᱭᱩᱠᱨᱮᱱᱤᱭᱟᱹ ᱯᱟᱥᱯᱳᱨᱴ ᱥᱮ ᱩᱯᱩᱨᱩᱢ ᱥᱟᱠᱟᱢ ᱥᱟᱶ ᱦᱮᱡᱽᱪᱟᱞᱟᱠᱟᱱᱠᱩ ᱯᱳᱞᱮᱱᱰ ᱟᱨ ᱡᱟᱨᱢᱟᱱᱤ ᱢᱩᱫᱨᱮ ᱡᱤᱞᱤᱧ ᱦᱚᱨᱨᱮᱭᱟᱜ ᱨᱤᱞᱜᱟᱹᱰᱤᱨᱮ ᱵᱤᱱᱟᱹᱠᱟᱹᱣᱰᱤᱛᱮ ᱪᱟᱞᱟᱣᱼᱦᱮᱡᱪ ᱨᱮᱭᱟᱜ ᱪᱷᱟᱹᱲ ᱮᱢᱟᱠᱟᱫᱟ ᱡᱟᱨᱢᱟᱱ ᱡᱟᱹᱛᱤᱭᱟᱹᱨᱤ ᱨᱮᱞ ᱥᱚᱸᱥᱛᱷᱟ ᱰᱚᱭᱪᱮ ᱵᱟᱦᱱ ᱾
1894,"उसने सन्‌ 2007 में द डिड्‌सी संपादक के रूप में सूचीबद्ध किया, और टेसी पाप्पास पेप्पास को एक्ज़ी संपादक के रूप में सूचीबद्ध किया गया ।",ᱚᱱᱤᱛᱟ ᱩᱞᱯᱷ ᱫᱚ ᱒᱐᱐᱗ ᱥᱟᱹᱦᱤᱛᱨᱮ ᱰᱮᱯᱩᱴᱤ ᱮᱰᱤᱴᱚᱨ ᱞᱮᱠᱟᱛᱮ ᱛᱟᱹᱞᱤᱠᱟᱨᱮ ᱥᱮᱞᱮᱫ ᱦᱩᱭᱞᱮᱱᱟ ᱟᱨ ᱛᱷᱤᱭᱳᱰᱳᱨ ᱯᱟᱯᱯᱟᱥ ᱫᱚ ᱮᱠᱡᱤᱠᱤᱣᱩᱴᱤᱵᱷ ᱮᱰᱤᱴᱚᱨ ᱞᱮᱠᱟᱛᱮ ᱛᱟᱹᱞᱤᱠᱟ ᱨᱮ ᱥᱮᱞᱮᱫ ᱦᱩᱭᱞᱮᱱᱟ ᱾
1895,"वॉशिंगटन पोस्ट ने असफलता पर सामने के एक लेख को प्रकाशित किया, टिप्पणी की: ""वियंत्रलर सेना के साथ सब कुछ गलत का प्रतिनिधित्व करने के लिए आया था क्योंकि यह 21वीं सदी में प्रवेश कर रहा है: इसकी क्षमता जल्दी बढ़ने के लिए, परिवर्तन करने के लिए, अपने शिकार के साथ अपनी जुनून, अपने पोस्ट-C-C-Cet की पहचान युद्ध. ""","ᱵᱤᱨᱛᱷᱟᱹᱠᱩ ᱪᱮᱛᱟᱱ ᱫᱚ ᱳᱣᱟᱥᱤᱝᱴᱚᱱ ᱯᱳᱥᱴ ᱫᱚ ᱯᱟᱹᱦᱤᱞ ᱥᱟᱠᱟᱢᱨᱮ ᱢᱤᱫᱴᱟᱝ ᱚᱱᱚᱞ ᱩᱪᱷᱟᱹᱱᱠᱟᱛᱮ ᱨᱚᱲᱟᱠᱟᱫᱟ ᱡᱮᱺ ""᱒᱑ ᱥᱚᱛᱟᱵᱫᱤᱨᱮ ᱵᱚᱞᱚᱱᱚᱠᱛᱮ ᱥᱮᱱᱟᱯᱷᱟᱹᱫᱽᱟᱜ ᱜᱚᱨᱚᱵᱨᱮᱭᱟᱜ ᱦᱮᱞᱤᱠᱚᱯᱴᱟᱨᱠᱩ ᱡᱟᱹᱥᱛᱤ ᱵᱷᱩᱞ ᱨᱮᱟᱭᱜ ᱪᱤᱱᱦᱟᱹᱞᱮᱠᱟᱛᱮ ᱵᱮᱵᱚᱦᱟᱨ ᱦᱩᱭᱤᱫᱤᱜᱼᱟᱺ ᱛᱟᱹᱯᱤᱥ ᱪᱟᱞᱟᱜᱨᱮ ᱵᱟᱝᱫᱟᱲᱮᱜ, ᱵᱚᱫᱚᱞᱠᱩᱨᱮ ᱚᱱᱟᱨᱮᱭᱟᱜ ᱵᱤᱨᱟᱹᱫ, ᱜᱷᱟᱹᱞᱠᱩᱨᱮ ᱚᱱᱟᱨᱮᱭᱟᱜ ᱟᱵᱮᱥ, ᱨᱮᱭᱟᱲᱼᱞᱟᱹᱲᱦᱟᱹᱭ ᱛᱟᱭᱚᱢ ᱩᱱᱤᱭᱟᱜ ᱩᱯᱩᱨᱩᱢ ᱟᱱᱟᱴ ᱾"""
1896,"सन्‌ 2007 में, मार्का स्वर्गदूत, जो पहले न्यू इंग्लैंड जर्नल ऑफ मॆडिकल स्कूल का प्रमुख था और द वर्ल्ड मेडिकल स्कूल में सामाजिक चिकित्सा में एक शिक्षक ने कहा कि Acrash, एक जर्मन साप्ताहिक प्रेसिडेंट ने कहा था कि नशीले पदार्थों के कुशल पर अपनी शोध की आलोचना की थी, ""संस्फीति का इस्तेमाल करें,"" ने कहा, ""किसी भी तरह की नशीले पदार्थों का प्रयोग करने के बजाय,"" नेल कंपनी में इस्तेमाल किया।","᱒᱐᱐᱗ᱼᱨᱮ, ᱱᱤᱩ ᱤᱝᱞᱮᱱᱰ ᱡᱟᱨᱱᱟᱞ ᱚᱯᱷ ᱢᱮᱰᱤᱥᱤᱱᱨᱮᱱ ᱢᱟᱨᱮᱱ ᱢᱩᱰᱩᱛ ᱥᱚᱢᱯᱟᱫᱚᱠ ᱟᱨ ᱦᱟᱵᱷᱟᱨᱰ ᱢᱮᱰᱤᱠᱮᱞ ᱤᱥᱠᱩᱞᱨᱮ ᱥᱟᱶᱛᱟ ᱴᱤᱠᱤᱪᱪᱷᱟᱨᱮᱱ ᱢᱤᱫ ᱥᱟᱪᱮᱫ, ᱢᱟᱨᱥᱤᱭᱟ ᱮᱱᱡᱮᱞ, ᱡᱟᱨᱢᱟᱱ ᱯᱟᱹᱨᱥᱤ ᱨᱮᱭᱟᱜ ᱦᱟᱯᱛᱟᱠᱤᱭᱟᱹ ᱢᱤᱫ ᱠᱷᱚᱵᱚᱨ ᱨᱮᱭᱟᱜ ᱯᱟᱛᱷᱟᱢ, ᱥᱴᱟᱨᱱᱼᱨᱮ, ""[ᱢᱤᱢᱤᱫ ᱨᱟᱱ ᱨᱮᱭᱟᱜ] ᱦᱩᱭᱫᱟᱲᱮᱭᱟᱜ ᱛᱩᱞᱟᱹᱡᱚᱠᱷᱟᱞᱮᱠᱟᱱ ᱢᱟᱛᱨᱟ ᱵᱮᱵᱚᱦᱟᱨ ᱵᱚᱫᱚᱞᱛᱮ ᱜᱟᱶᱛᱟᱨᱮᱱ ᱥᱟᱶᱲᱮᱥᱤᱭᱟᱹᱠᱩ ᱞᱟᱯᱷᱟᱝ ᱩᱛᱟᱹᱨ ᱢᱟᱛᱨᱟᱨᱮ ᱱᱮᱠᱥᱤᱭᱟᱢ ᱠᱩ ᱵᱮᱵᱚᱦᱟᱨᱞᱮᱫᱟ"" ᱢᱮᱱᱛᱮᱭ ᱢᱮᱱᱞᱮᱫᱟ ᱡᱮ, ᱨᱟᱱᱨᱮᱭᱟᱜ ᱠᱟᱹᱢᱤᱫᱟᱲᱮ ᱪᱮᱛᱟᱱ ᱩᱝᱠᱩᱣᱟᱜ ᱠᱷᱚᱱᱫᱽᱨᱚᱱᱠᱩ ᱜᱟᱹᱞᱛᱤᱞᱮᱠᱟᱛᱮ ᱠᱩ ᱩᱫᱩᱜ ᱥᱚᱫᱚᱨᱟᱠᱟᱫᱟ ᱮᱥᱴᱨᱟᱡᱮᱱᱮᱠᱟᱨᱮᱱ ᱥᱟᱶᱲᱮᱥᱤᱭᱟᱹᱠᱩ ᱾"
1897,"मलेशिया में हेटर्ट हंग में, जो दूसरे पक्ष के लिए खेलता है ... मलेशिया में मलेशियाई मलेशियाई सरकार संघ संघ Celafgor FC II, तीन प्रवासियों को मार्च की शुरूआत में PDC के खिलाफ एक मैच में लाया.","ᱢᱟᱨᱪ ᱨᱮᱭᱟᱜ ᱯᱟᱹᱦᱤᱞᱥᱮᱡᱽ, ᱢᱟᱞᱚᱭᱮᱥᱤᱭᱟ ᱯᱨᱤᱢᱤᱭᱟᱨ ᱞᱤᱜ ᱠᱞᱟᱵ ᱥᱮᱞᱟᱝᱜᱚᱨ ᱮᱯᱷᱥᱤ ᱒ᱼᱨᱮ ᱫᱚᱥᱟᱨ ᱰᱤᱵᱷᱤᱥᱚᱱ ᱨᱮ ᱠᱷᱮᱞᱚᱰ ᱦᱟᱭᱤᱱ ᱦᱮᱛ ᱟᱝ ᱢᱟᱞᱚᱭᱮᱥᱤᱭᱟ ᱨᱮ ᱯᱤᱰᱤᱟᱨᱮᱢ ᱮᱯᱷᱥᱤ ᱵᱤᱨᱩᱫᱷ ᱨᱮ ᱢᱤᱫᱴᱟᱝ ᱠᱷᱮᱞᱚᱰ ᱨᱮ ᱯᱮᱼᱠᱟᱹᱴᱩᱵ ᱨᱮᱭᱟᱜ ᱢᱤᱫᱴᱟᱝ ᱥᱮᱞᱩᱴᱠᱩ ᱩᱫᱩᱜᱞᱮᱫᱟ ᱾"
1898,"28 मार्च, 222 को रोमो की सरकार के खिलाफ विरोध शुरू हो गया.",᱒᱐᱒᱒ᱼᱨᱮᱭᱟᱜ ᱒᱘ ᱢᱟᱨᱪ ᱨᱮ ᱠᱟᱥᱴᱤᱞᱳᱨᱮᱱ ᱥᱚᱨᱠᱟᱨ ᱵᱤᱨᱩᱫᱨᱮ ᱟᱹᱰᱤᱰᱷᱮᱨ ᱵᱤᱠᱠᱷᱳᱵ ᱮᱛᱚᱦᱚᱯᱞᱮᱱᱟ ᱾
1899,"12 नवंबर, 2017 को दिल्ली के लोगों ने अपने दसवें झुंड की तरफ से बाराकबबा रोड पर एक गर्व का दौरा किया ।",᱒᱐᱑᱗ ᱥᱟᱞ ᱨᱮᱭᱟᱜ ᱑᱒ ᱱᱚᱵᱷᱮᱢᱵᱚᱨ ᱵᱟᱨᱟᱠᱷᱟᱢᱵᱟ ᱨᱳᱰ ᱠᱷᱚᱱ ᱡᱚᱱᱛᱚᱨ ᱢᱚᱱᱛᱚᱨ ᱫᱷᱟᱹᱵᱤᱡᱽ ᱫᱤᱞᱞᱤ ᱫᱚ ᱟᱡᱟᱜ ᱜᱮᱞ ᱠᱩᱭᱤᱨ ᱯᱨᱟᱭᱤᱰ ᱩᱫᱩᱜᱥᱚᱫᱚᱨ ᱨᱮᱭᱟᱜᱼᱮ ᱴᱷᱟᱹᱣᱠᱟᱹᱞᱮᱫᱟ ᱾
1900,"14 फरवरी को संयुक्त राष्ट्र के सचिव ज़ेन्ट  अन्टोनियो ज़ेअर ने म्यानमार की स्थिति के बारे में गहरी चिंता व्यक्‍त की, "" बल के बढ़ते प्रयोग और मुख्य शहरों के लिए अतिरिक्त हथियारों की रिपोर्ट की.","᱑᱔ ᱯᱷᱮᱵᱨᱩᱣᱟᱹᱨᱤ ᱨᱮ, ᱩᱭᱩᱮᱱ ᱢᱚᱦᱟᱥᱚᱪᱤᱵ ᱟᱱᱛᱚᱱᱤᱭᱳ ᱜᱩᱴᱮᱨᱮᱥ ᱢᱟᱭᱟᱱᱢᱟᱨ ᱨᱮᱭᱟᱜ ᱦᱟᱞᱚᱛ ᱵᱟᱨᱮᱛᱮ ᱜᱟᱹᱦᱤᱨ ᱡᱚᱦᱚᱨᱮ ᱩᱫᱩᱜ ᱞᱮᱫᱟ ""ᱞᱮᱛᱟᱲᱜᱮ ᱫᱟᱲᱮᱮᱢ ᱟᱨ ᱢᱩᱲᱩᱫ ᱥᱟᱦᱟᱨ ᱠᱚᱨᱮ ᱟᱹᱰᱤ ᱰᱷᱮᱨ ᱞᱟᱹᱲᱦᱟᱹᱭ ᱜᱟᱹᱰᱤ ᱯᱟᱥᱱᱟᱣ ᱨᱮᱭᱟᱜ ᱠᱷᱚᱵᱚᱨ"" ᱫᱚ ᱥᱚᱨᱮᱥᱛᱮᱫ ᱮᱢ ᱠᱟᱛᱮ ᱢᱤᱫᱴᱟᱝ ᱠᱟᱛᱷᱟᱭ ᱞᱟᱹᱭ ᱞᱮᱫᱟ ᱾"
1901,"वे पोलिश सीमा गार्ड पर चट्टानों, बोतलों, और लकड़ी के टुकड़े फेंक करने लगे और सीमा बाड़ को नष्ट करने की कोशिश की... ... कुछ समय के लिए ब्रिटरी की जाँच की.","ᱯᱳᱞᱤᱥ ᱥᱤᱢᱟᱹ ᱨᱮ ᱨᱩᱠᱷᱣᱭᱟᱹ ᱠᱚ ᱥᱮᱪ ᱫᱷᱤᱨᱤ, ᱵᱚᱛᱚᱞ ᱟᱨ ᱠᱟᱴ ᱨᱮᱭᱟᱜ ᱠᱩᱴᱨᱟᱹ ᱪᱟᱯᱟᱫ ᱠᱚ ᱣᱦᱚᱵ ᱠᱮᱫᱟ ᱟᱨ ᱵᱮ ᱛᱷᱟᱹᱭᱤ ᱞᱮᱠᱟᱛᱮ ᱵᱚᱱᱫᱚ ᱵᱨᱩᱡᱜᱤᱼᱠᱩᱡᱱᱤᱪᱟ ᱪᱮᱠᱯᱚᱭᱮᱱᱴ ᱨᱟᱹᱯᱩᱫ ᱠᱟᱛᱮ ᱵᱚᱞᱚᱜ ᱨᱮᱭᱟᱜ ᱨᱤᱠᱟᱹ ᱥᱤᱢᱟᱹ ᱵᱮᱲᱦᱟᱭ ᱫᱚ ᱫᱷᱚᱝᱥᱚ ᱨᱮᱭᱟᱜ ᱠᱚ ᱠᱩᱨᱩᱢᱩᱴᱩ ᱞᱮᱫᱟ ᱩᱱᱠᱩ ᱾"
1902,"सन्‌ 18 अप्रैल, 2022 को गोट्‌स ने पूरी सरकार को देश छोड़ने के लिए बुला रहे विरोध के बावजूद एक नया 17 सदस्य नियुक्‍त किया ।",ᱟᱸᱫᱚᱲᱠᱟᱛᱮ ᱫᱤᱥᱟᱹᱢᱜᱚᱝᱠᱮ ᱟᱨ ᱥᱚᱝᱥᱚᱫᱨᱮᱱ ᱯᱩᱨᱟᱹ ᱒᱒᱕ᱦᱚᱲ ᱥᱟᱝᱥᱚᱫ ᱥᱟᱶ ᱡᱚᱛᱚ ᱥᱚᱨᱠᱟᱨ ᱯᱟᱦᱴᱟᱨᱮᱱᱜᱤ ᱦᱩᱫᱟᱹ ᱟᱲᱟᱜ ᱨᱮᱭᱟᱜ ᱠᱟᱛᱷᱟ ᱵᱟᱰᱟᱭ ᱩᱪᱩᱠᱟᱛᱮ ᱨᱮᱦᱚᱸ ᱒᱐᱒᱒ᱼᱨᱮᱭᱟᱜ ᱑᱘ ᱮᱯᱨᱤᱞ ᱜᱳᱛᱚᱵᱟᱭᱟ ᱑᱗ᱦᱚᱲ ᱨᱟᱹᱥᱤᱭᱟᱹᱣᱟᱜ ᱢᱤᱫᱴᱟᱝ ᱱᱟᱶᱟ ᱢᱚᱱᱛᱨᱤᱥᱚᱵᱷᱟᱭ ᱵᱟᱹᱦᱞᱤᱠᱮᱫᱟ ᱾
1903,"लेकिन, कुछ ही समय बाद, मैं और मेरी पत्नी ने यहोवा के साक्षियों के साथ बाइबल अध्ययन शुरू कर दिया ।","ᱥᱟᱭ ᱟᱱᱟᱜ ᱵᱷᱳᱴᱠᱚ ᱯᱩᱯᱩᱞᱟᱨ ᱯᱷᱳᱨᱥ, ᱮᱹᱟᱨᱹᱯᱤᱹᱮ, ᱵᱨᱚᱰ ᱯᱷᱚᱱᱴ ᱟᱨ ᱯᱚᱯᱩᱞᱟᱨ ᱮᱠᱥᱮᱱ ᱵᱮᱧᱪ ᱯᱟᱦᱴᱟ ᱠᱷᱚᱱ ᱦᱮᱪ ᱟᱠᱟᱱᱟ ᱾"
1904,"25 फरवरी, 1986 को सुरक्षा पुलिस ने खलबली मचानी शुरू कर दी ।","᱒᱕ ᱯᱷᱮᱵᱨᱩᱣᱟᱨᱤ ᱑᱙᱘᱖ᱼᱨᱮ, ᱨᱩᱠᱷᱤᱭᱟᱹᱣ ᱯᱩᱞᱤᱥ ᱠᱚᱣᱟᱜ ᱞᱟᱹᱲᱦᱟᱹᱭ, ᱱᱚᱶᱟ ᱟᱹᱣᱲᱤ ᱠᱟᱛᱦᱟ ᱵᱤᱨᱩᱫᱷᱨᱮ ᱡᱟᱸᱜᱮ ᱫᱟᱨᱟᱢ ᱠᱚ ᱮᱦᱚᱵ ᱠᱮᱫᱟ ᱡᱮ ᱟᱠᱚᱣᱟᱜ ᱠᱟᱹᱢᱤ ᱨᱮᱭᱟᱜ ᱚᱠᱛᱚ ᱓ ᱠᱷᱚᱱ ᱔ ᱥᱮᱨᱢᱟ ᱵᱟᱹᱲᱛᱤᱭ ᱦᱩᱭᱩᱜᱼᱟ ᱾"
1905,"दो दिन बाद, विकास मंत्री मेलरी किर ने घोषणा की कि ३० लाख डॉलरों को यूक्रेन में अतिरिक्‍त आर्थिक सहायता के लिए रखा जाएगा ।","ᱵᱟᱨ ᱢᱟᱦᱟ ᱛᱟᱭᱚᱢ, ᱩᱛᱱᱟᱹᱣ ᱢᱚᱱᱛᱨᱤ ᱢᱚᱨᱤᱭᱚᱢ ᱠᱤᱛᱤᱨ ᱜᱷᱚᱥᱚᱱᱟ ᱞᱮᱫᱟᱭ ᱡᱮ, ᱤᱣᱩᱠᱨᱮᱱ ᱫᱚ ᱟᱹᱰᱤ ᱰᱷᱮᱨ ᱢᱟᱹᱱᱢᱤᱟᱱᱟᱜ ᱜᱚᱲᱚ ᱠᱷᱟᱹᱛᱤᱨ ᱛᱮ ᱯᱮ ᱜᱮᱞ ᱞᱚᱠᱷᱚ ᱤᱣᱨᱳ ᱵᱚᱨᱟᱫ ᱦᱩᱭᱩᱜᱼᱟ ᱾"
1906,"7 मार्च, स्टेट- रन मीडिया और मानव अधिकार समूहों ने सार्वजनिक अस्पताल, यूनिवर्सिटी और मंदिरों के भंडारों की पुष्टि की ।","᱗ ᱤ ᱢᱟᱨᱪ, ᱯᱚᱱᱚᱛ ᱪᱟᱪᱟᱞᱟᱣᱤᱡ ᱢᱤᱰᱤᱭᱟ ᱟᱨ ᱢᱟᱱᱣᱟ ᱟᱹᱭᱫᱟᱹᱨᱟᱱ ᱜᱟᱫᱮᱞ ᱠᱚ ᱨᱩᱠᱷᱟᱹᱭᱟ ᱯᱷᱟᱹᱫ ᱫᱟᱨᱟᱭ ᱛᱮ ᱥᱚᱨᱠᱟᱨᱟᱜ ᱦᱟᱸᱥᱯᱟᱛᱟᱞ, ᱡᱮᱜᱮᱫ ᱵᱤᱨᱫᱽᱟᱜᱟᱲ ᱟᱨ ᱢᱩᱱᱫᱤᱞ ᱥᱩᱯᱩᱨ ᱜᱚᱵᱚᱞ ᱠᱚᱨᱟᱣ ᱨᱮᱭᱟᱜ ᱠᱷᱚᱵᱚᱨ ᱴᱷᱤᱠᱟᱱ ᱠᱟᱛᱮ ᱾"
1907,26 अप्रैल को एक फ्रेंच नागरिक को एक दो मिनट के भीतर एक दो घंटे की विडियो पर देखा गया है जिसमें तीन भाषाओं में आत्महत्या के साथ आत्महत्या करने में मदद करनेवालों से मदद माँगी जाती है.,"᱒᱖ ᱮᱯᱨᱤᱞ ᱢᱤᱫᱴᱟᱝ ᱢᱤᱫ ᱴᱤᱲᱤᱡᱽ ᱡᱤᱞᱤᱧ ᱵᱷᱤᱰᱤᱭᱚᱨᱮ ᱢᱤᱫᱦᱚᱲ ᱯᱷᱨᱮᱸᱪ ᱱᱟᱜᱟᱨᱤᱭᱟᱹᱭ ᱧᱮᱞᱟᱠᱟᱱᱟ, ᱡᱟᱦᱟᱸᱭ ᱫᱚ ᱱᱤᱡᱟᱹᱛᱮ ᱜᱚᱡᱚᱜᱽ ᱞᱟᱹᱜᱤᱫᱽ ᱠᱳᱣᱟᱨᱮᱱᱴᱟᱭᱤᱱ ᱠᱟᱹᱢᱤᱭᱟᱹᱠᱩ ᱴᱷᱮᱱ ᱯᱮᱜᱚᱴᱟᱝ ᱯᱟᱹᱨᱥᱤᱛᱮ ᱜᱚᱲᱚᱭ ᱠᱷᱚᱡᱮᱛᱠᱟᱱ ᱛᱟᱦᱮᱸᱠᱟᱱᱟ ᱾"
1908,मई 29 में सुरक्षा बल बलियों ने एक प्रदर्शन पर हमला किया... ... के-हरो-कोम के पड़ोस में गैस और गोलियों के साथ.,ᱴᱤᱭᱟᱨ ᱜᱮᱥ ᱟᱨ ᱜᱳᱞᱟᱠᱚ ᱥᱟᱶᱛᱮ ᱒᱙ ᱥᱟ ᱢᱮ ᱠᱷᱟᱨᱛᱩᱢ ᱨᱮᱭᱟᱜ ᱟᱞᱼᱠᱟᱠᱟᱠᱚᱞᱟ ᱥᱩᱨᱥᱩᱯᱩᱨ ᱴᱚᱴᱷᱟ ᱨᱮ ᱨᱩᱠᱷᱟᱹᱭᱟᱹ ᱯᱷᱟᱹᱫ ᱢᱤᱫᱴᱟᱝ ᱟᱸᱫᱳᱲ ᱠᱚ ᱩᱫᱩᱜ ᱥᱚᱫᱯᱨ ᱞᱮᱫᱟ ᱾
1909,"मई १४ को, लगभग एक हज़ार विरोधियों के आसपास शहर की बिल्डिंग के चारों ओर इकट्ठा किया गया है और बेतलेहेम में प्रतिबंधों के बारे में लगभग १५० प्रतिनिधि हमारी mutition घटना को बंद करने के लिए.","᱑᱔ ᱢᱮ, ᱟᱭ ᱩᱢᱟᱹᱱ ᱢᱤᱫ ᱜᱮᱼᱥᱟᱭ ᱡᱟᱸᱜᱮ ᱫᱟᱨᱟᱢ ᱠᱚ ᱯᱤᱴᱥᱵᱟᱨᱜ ᱥᱤᱴᱤᱼᱠᱟᱣᱩᱱᱴᱤ ᱵᱤᱞᱰᱤᱝ ᱨᱮᱭᱟᱜ ᱵᱮᱲᱦᱟᱭᱛᱮᱠᱚ ᱡᱟᱣᱨᱟ ᱞᱮᱱᱟ ᱟᱨ ᱡᱟᱹᱱᱤᱡᱽ ᱑᱕᱐ ᱡᱚᱱᱟ ᱵᱮᱛᱷᱞᱮᱦᱮᱢᱨᱮ ᱟᱵᱚᱣᱟᱜ ᱵᱚᱰᱤ ᱤᱵᱷᱮᱱᱴ ᱟᱴᱚᱠ ᱞᱟᱹᱜᱤᱫ ᱠᱚ ᱡᱟᱣᱨᱟ ᱞᱮᱱᱟ ᱾"
1910,"Barthrau सैनिकों ने 12 पराजित विरोध सेना को पकड़ लिया, जिनमें 3 घायल सेना भी शामिल थी, और कई बम बम विस्फोट के बाद यांगॉन के हॉरलैंड में दुर्घटना के बाद।",ᱤᱭᱟᱝᱜᱩᱱ ᱦᱞᱟᱭᱤᱝᱜ ᱛᱷᱟᱨ ᱭᱟᱨ ᱥᱟᱦᱟᱨ ᱴᱚᱴᱷᱟᱨᱮ ᱫᱟᱹᱯᱞᱮᱠᱟᱛᱮ ᱢᱤᱫᱵᱟᱨ ᱵᱳᱢ ᱚᱴᱮᱡᱽ ᱛᱟᱭᱚᱢ ᱛᱟᱛᱢᱟᱫᱟᱣ ᱯᱷᱟᱹᱫᱽᱠᱩ ᱓ᱜᱚᱴᱮᱡᱽ ᱜᱷᱟᱹᱞ ᱯᱞᱮᱱ ᱥᱟᱶ ᱑᱒ᱜᱚᱴᱮᱡᱽ ᱦᱤᱸᱫᱤᱡᱽᱟᱱ ᱟᱴᱚᱠᱟᱱᱠᱩ ᱯᱷᱟᱭᱴᱟᱨ ᱯᱞᱮᱱᱠᱩ ᱟᱴᱚᱠᱞᱮᱫᱟ ᱾
1911,"सन्‌ 2021 के विश्व कप, स्त्रियों का नौवाँ संस्करण 8 अक्टूबर और 12 नवंबर के बीच न्यू ज़ीलैंड में आयोजित किया गया था।",᱒᱐᱒᱑ᱼᱨᱮ ᱛᱤᱨᱞᱟᱹ ᱨᱟᱜᱵᱤ ᱡᱮᱜᱮᱫᱡᱟᱠᱟᱛ ᱨᱮᱭᱟᱜ ᱟᱨᱮ ᱥᱩᱫᱷᱨᱟᱹᱣᱨᱮ ᱟᱜᱟᱢᱜᱚᱴᱟᱵᱩᱴᱟᱹ ᱑᱘ ᱥᱮᱯᱴᱮᱢᱵᱚᱨ ᱠᱷᱚᱱ ᱑᱘ ᱚᱠᱴᱚᱵᱚᱨ ᱨᱮᱭᱟᱜ ᱚᱠᱛᱚᱥᱩᱪᱤ ᱠᱷᱚᱱ ᱛᱟᱭᱚᱢᱠᱟᱛᱮ ᱘ ᱚᱠᱴᱚᱵᱚᱨ ᱠᱷᱚᱱ ᱑᱒ ᱱᱚᱵᱷᱮᱢᱵᱚᱨ ᱒᱐᱒᱒ᱼᱨᱮ ᱱᱤᱣᱡᱤᱞᱮᱱᱰᱨᱮ ᱴᱷᱟᱹᱣᱠᱟᱹᱞᱮᱱᱟ ᱾
1912,"कुछ अन्य लोग शामिल हैं युवा चैनल ब्लैप, जो पहले फरवरी २०१६ में एक लीनियर टीवी माध्यम के रूप में प्रसारित करना बंद कर दिया और फरवरी २०१६ में टीवी और फरवरी २०२ में, सांस्कृतिक और दस्तावेज़ीय चैनल चार, समाचार चैनलों के माध्यम, यू. एस. बी.","ᱮᱴᱟᱜᱠᱩ ᱢᱩᱫᱨᱮ ᱢᱮᱱᱟᱜᱼᱟᱼ ᱟᱥᱚᱞᱨᱮ ᱯᱷᱮᱵᱨᱟᱨᱤ ᱒᱐᱑᱖ᱼᱨᱮ ᱢᱤᱫᱥᱟᱹᱨᱟᱱᱟᱜ ᱥᱟᱹᱝᱜᱤᱧ ᱧᱮᱧᱮᱞᱚᱢ ᱪᱮᱱᱮᱞ ᱞᱮᱠᱟᱛᱮ ᱠᱟᱹᱢᱤᱭ ᱦᱟᱹᱯᱤᱫᱽᱠᱟᱛᱮ ᱯᱷᱮᱵᱨᱟᱨᱤ ᱒᱐᱒᱒ᱼᱨᱮ ᱥᱟᱹᱝᱜᱤᱧ ᱧᱮᱧᱮᱞᱚᱢᱨᱮ ᱨᱩᱣᱟᱹᱲ ᱦᱮᱡᱽᱟᱠᱟᱱ ᱡᱩᱣᱟᱹᱱ ᱪᱮᱱᱮᱞ ᱵᱤᱵᱤᱥᱤ ᱛᱷᱨᱤ, ᱞᱟᱠᱪᱟᱨ ᱟᱨ ᱛᱮᱛᱮᱫᱽᱟᱱ ᱪᱮᱱᱮᱞ ᱵᱤᱵᱤᱥᱤ ᱯᱷᱳᱨ, ᱥᱟᱸᱫᱮᱥ ᱪᱮᱱᱮᱞ ᱵᱤᱵᱤᱥᱤ ᱱᱤᱭᱩᱡᱽ ᱟᱨ ᱵᱤᱵᱤᱥᱤ ᱳᱣᱟᱞᱰ ᱱᱤᱭᱩᱡᱽ, ᱥᱚᱝᱥᱚᱫᱤᱭᱟᱹ ᱪᱮᱱᱮᱞ ᱵᱤᱵᱤᱥᱤ ᱯᱟᱨᱞᱟᱢᱮᱱᱴ, ᱟᱨ ᱠᱟᱹᱴᱤᱡᱽᱠᱩᱣᱟᱜ ᱵᱟᱨᱭᱟ ᱪᱮᱱᱮᱞ ᱥᱤᱵᱤᱵᱤᱥᱤ ᱟᱨ ᱥᱤᱵᱤᱵᱤᱥ ᱜᱤ ᱾"
1913,"जब हैती ने रूसी वेबसाइटों पर हमला किया, खासकर रूस की सरकार ने ।","ᱨᱩᱥ ᱫᱩᱨᱤᱵᱠᱩ ᱫᱮᱭᱟᱭ ᱨᱮᱭᱟᱜ ᱦᱚᱦᱚ ᱥᱟᱶᱛᱟ ᱛᱟᱞᱢᱟᱠᱩ ᱫᱟᱨᱟᱭᱛᱮ ᱯᱟᱥᱱᱟᱜᱽᱠᱟᱱᱟ, ᱮᱴᱟᱜᱥᱮᱡᱽᱛᱮ ᱦᱮᱠᱟᱨᱠᱩ ᱫᱚ ᱨᱩᱥ ᱚᱣᱮᱵᱥᱟᱭᱤᱴᱠᱩ ᱡᱟᱨᱯᱟᱭᱮᱫ ᱠᱟᱱᱟ, ᱵᱤᱥᱟᱹᱥᱠᱟᱭᱛᱮ ᱡᱟᱦᱟᱸ ᱠᱩᱫᱚ ᱨᱩᱥ ᱥᱚᱨᱠᱟᱨ ᱦᱚᱛᱮᱛᱮ ᱪᱟᱞᱟᱣᱵᱟᱱᱟᱜᱽᱠᱟᱱᱟ ᱾"
1914,उसने मुंबई के मेथ रेलवे स्टेशन में फूलों को बेच देना शुरू किया और अंततः शहर में अपनी दो फूल - गाड़ियों तक पहुँच गयी ।,ᱩᱱᱤ ᱢᱩᱢᱵᱟᱭ ᱨᱮᱭᱟᱜ ᱫᱟᱫᱨᱟ ᱨᱮᱞ ᱤᱥᱴᱮᱥᱚᱱ ᱨᱮ ᱵᱟᱦᱟ ᱟᱹᱠᱷᱨᱤᱧ ᱮ ᱮᱦᱚᱵ ᱠᱮᱫᱟ ᱟᱨ ᱢᱩᱪᱟᱹᱫ ᱨᱮ ᱱᱚᱶᱟ ᱥᱟᱦᱟᱨ ᱨᱮ ᱵᱟᱨᱭᱟ ᱵᱟᱦᱟ ᱫᱳᱠᱟᱱ ᱨᱮᱱ ᱢᱟᱹᱞᱤᱠ ᱦᱩᱭᱩᱜ ᱮ ᱫᱟᱲᱮ ᱞᱮᱱᱟ ᱾
1915,"इस तरह के अरबी शब्द हैं, जो अँग्रेज़ी भाषा में लिखे गए हैं ।","ᱡᱤᱦᱟᱫᱤ, ᱢᱩᱡᱟᱦᱤᱫᱤᱱ ᱟᱨ ᱯᱷᱮᱫᱟᱭᱤᱱ ᱫᱚ ᱦᱩᱭᱩᱜᱠᱟᱱᱟ ᱚᱝᱠᱟᱱᱟᱜ ᱟᱨᱵᱤ ᱟᱹᱲᱟᱹ, ᱡᱟᱦᱟᱸ ᱫᱚ ᱤᱝᱨᱟᱹᱡᱤ ᱰᱤᱠᱥᱮᱱᱟᱹᱨᱤ ᱨᱮᱭ ᱵᱚᱞᱚᱣᱟᱠᱟᱱᱟ ᱾"
1916,"दो न्यायाधीशों के पास लम्बी लम्बी जेल वाक्य या ईरानी लोकतंत्र के लिए लालसा के लिए मृत्यु दण्ड है और सर्वोच्च नेता, एली के शासन का विरोध किया है।",ᱫᱤᱥᱩᱣᱟᱹᱛᱟᱹᱨᱤ ᱨᱮ ᱟᱹᱥᱤᱡ ᱟᱨ ᱢᱟᱨᱟᱝ ᱱᱮᱛᱟ ᱟᱞᱤ ᱠᱷᱟᱢᱮᱱᱮᱭ ᱟᱜ ᱥᱟᱥᱚᱱᱨᱮ ᱵᱤᱨᱩᱫᱷᱤᱭᱟᱹ ᱤᱨᱟᱱᱤᱭᱚ ᱠᱚᱣᱟᱜ ᱡᱮᱹᱞᱮᱹᱧ ᱚᱠᱛᱚ ᱡᱮᱦᱚᱞ ᱟᱨ ᱜᱩᱡᱩᱜᱥᱟᱹᱡᱟᱹᱭ ᱮᱢᱚᱜ ᱨᱮ ᱡᱮᱹᱞᱮᱹᱧ ᱨᱮᱠᱚᱨᱰ ᱢᱮᱱᱟᱜᱼᱟ ᱱᱩᱠᱤᱱ ᱵᱟᱨᱭᱟ ᱵᱤᱪᱟᱹᱨᱤᱭᱟᱹ ᱟᱜ ᱾
1917,"पहले और उसके बाद प्रत्येक व्यक्ति के पीछे पूर्व और हर एक आदमी हैवना और सुसान अवधि है, हर एक के साथ केरिता-मा के एक लंबाई के साथ।",ᱯᱳᱭᱞᱳ ᱦᱟᱹᱴᱤᱧ ᱟᱨ ᱢᱤᱢᱤᱫ ᱢᱚᱱᱚᱱᱛᱚᱨ ᱛᱟᱭᱚᱢ ᱢᱤᱢᱤᱫᱨᱮ ᱢᱤᱫᱴᱟᱝ ᱠᱨᱤᱛ ᱼᱡᱩᱜ(ᱥᱟᱹᱨᱤ ᱡᱩᱜ)ᱥᱟᱶ ᱢᱤᱫᱴᱟᱝ ᱢᱚᱱᱵᱚᱱᱛᱚᱨᱼ ᱟᱹᱭᱩᱵ (ᱥᱮᱞᱮᱫ ᱡᱩᱜ) ᱛᱟᱦᱮᱸᱠᱟᱱᱟ᱾
1918,"उसने अपने पिता को धोखा दिया था, इसलिए उसे डर था कि उसकी संतान भी ऐसा ही करेगी ।",ᱠᱨᱳᱱᱟᱥ ᱫᱚ ᱟᱡᱽᱵᱟᱵᱟ ᱥᱟᱶ ᱯᱟᱹᱛᱭᱟᱹᱣᱵᱷᱟᱸᱜᱚᱲ ᱨᱮᱭᱟᱜᱽᱮ ᱠᱟᱹᱢᱤᱞᱮᱫᱟ ᱟᱨ ᱩᱱᱤᱨᱮᱱ ᱦᱚᱯᱚᱱ ᱦᱚᱸ ᱚᱱᱟ ᱢᱤᱫᱽ ᱠᱟᱹᱢᱤᱜᱤᱭ ᱠᱟᱹᱢᱤᱭᱟ ᱱᱤᱭᱟᱹ ᱵᱚᱛᱚᱨᱛᱮ ᱩᱱᱤ ᱫᱚ ᱨᱤᱭᱟᱨᱮᱱ ᱡᱚᱛᱚ ᱜᱤᱫᱨᱟᱹᱠᱩ ᱡᱟᱱᱟᱢᱚᱜᱽ ᱥᱟᱶ ᱥᱟᱶᱛᱮ ᱨᱮᱡᱽᱠᱟᱛᱮᱭ ᱡᱚᱢᱮᱫᱽᱠᱩ ᱛᱟᱦᱮᱸᱠᱟᱱᱟ ᱾
1919,"Raddrolmy के अनुसार, वहाँ आरंभिक ""गंद्रनवाद"" का सबूत है, उत्तरी परंपराओं को वितरित करने की प्रवृत्ति के बावजूद।","ᱯᱷᱮᱰᱦᱮᱢ ᱦᱟᱰᱤᱨ ᱢᱚᱛ ᱞᱮᱠᱟᱛᱮ ᱠᱨᱥᱱᱚᱼ ᱥᱮᱨᱣᱟ ᱫᱚ ᱩᱛᱛᱨ ᱨᱮᱭᱟᱜ ᱥᱮᱨᱣᱟ ᱥᱟᱶᱛᱮ ᱢᱤᱞᱟᱹᱣ ᱨᱮᱭᱟᱜ ᱡᱷᱳᱠ ᱛᱟᱦᱮᱱ ᱫᱟᱨᱟᱭᱛᱮ ᱦᱚ ᱥᱮᱫᱟᱭ ᱜᱮᱭᱟ ""ᱫᱚᱠᱷᱤᱱ ᱠᱤᱥᱱᱵᱟᱫ"" ᱱᱚᱣᱟ ᱨᱮᱭᱟᱜ ᱥᱟᱵᱩᱫ ᱢᱮᱱᱟᱜᱼᱟ ।"
1920,"बौद्ध धर्म की एक और रस्म जिसमें बौद्ध जीवन की पौराणिक कथा - कथा सम्मिलित है, एक बौद्ध छवि के संस्कार की रस्म है ।",ᱡᱟᱦᱟᱸᱱ ᱵᱩᱫᱫᱷᱚ ᱢᱩᱨᱛᱤ ᱨᱮᱭᱟᱜ ᱛᱷᱟᱯᱚᱱ ᱨᱮᱭᱟᱜ ᱨᱟᱹᱭᱨᱤᱛ ᱫᱚ ᱦᱩᱭᱩᱜᱽᱠᱟᱱᱟ ᱵᱩᱫᱫᱷᱚᱣᱟᱜ ᱡᱤᱭᱚᱱᱵᱟᱵᱚᱫ ᱟᱸᱡᱚᱢ ᱨᱮᱱᱟᱜ ᱫᱚᱦᱲᱟᱼᱵᱟᱹᱦᱞᱤ ᱥᱟᱶ ᱡᱚᱯᱚᱲᱟᱣ ᱟᱨ ᱢᱤᱫᱴᱟᱝ ᱵᱩᱫᱫᱷᱚ ᱨᱟᱹᱭᱨᱤᱛ ᱾
1921,बेरम एक प्रमुख ईश्‍वर (देव) और बौद्ध धर्म में स्वर्गीय राजा है ।,ᱵᱚᱭᱫᱽᱫᱷᱚ ᱫᱷᱚᱨᱚᱢ ᱨᱮᱱ ᱵᱨᱚᱢᱵᱷᱚ ᱫᱚᱭ ᱦᱩᱭᱩᱜ ᱠᱟᱱᱟ ᱢᱤᱫ ᱢᱩᱲᱩᱫ ᱵᱚᱸᱜᱟ (ᱫᱮᱵ) ᱟᱨ ᱥᱚᱨᱜᱚ ᱨᱮᱱ ᱨᱟᱡᱟ ᱾
1922,"कानाका में, 7वीं और 8 वीं सदी के मंदिरों के समूह में, जो कि बाद में उत्तर और दक्षिण दोनों के साथ जुड़े हुए हैं, जो अभी भी एक पिखाई हॉली हॉल की योजनाओं में शामिल हैं।","ᱠᱚᱨᱱᱟᱴᱚᱠ, ᱗ ᱟᱨ ᱘ ᱥᱚᱛᱟᱵᱫᱤ ᱯᱚᱴᱴᱟᱰᱟᱠᱟᱞ ᱨᱮᱭᱟᱜ ᱢᱩᱱᱫᱤᱞ ᱠᱚ, ᱜᱚᱢᱵᱩᱡ ᱜᱚᱲᱦᱚᱱ ᱪᱷᱟᱫᱨᱮ ᱪᱮᱛᱟ ᱠᱩᱴᱨᱤ ᱞᱮᱠᱟᱱ ᱩᱭᱦᱟᱹᱨ ᱵᱷᱟᱵᱱᱟ ᱢᱮᱱᱟᱜᱼᱟ ᱨᱮᱦᱚᱸ ᱟᱭᱥᱳᱞ ᱞᱮᱠᱟᱱ, ᱛᱟᱭᱚᱢᱵ ᱫᱟᱨᱟᱢ ᱩᱛᱛᱚᱨ ᱟᱨ ᱫᱚᱠᱠᱷᱤᱱ ᱵᱟᱱᱟᱨ ᱥᱟᱶ ᱥᱟᱹᱜᱟᱹᱭ ᱧᱩᱢ ᱟᱱ ᱛᱚᱞᱚᱞ ᱥᱟᱹᱜᱟᱹᱭ ᱦᱩᱭᱩᱜᱼᱟ᱾"
1923,"लेकिन, गैर धर्मवादी धर्म परिवर्तनों के बीच अरब की स्थिति और भारी कर देने की बाध्यता से नाराज़गी पैदा हुई.","ᱡᱟᱦᱟᱸ ᱜᱮ ᱦᱩᱭᱮᱱ, ᱵᱤᱱᱼᱟᱨᱚᱵᱤᱭᱚ ᱢᱩᱥᱞᱟᱹ ᱮᱴᱟᱜ ᱫᱷᱚᱨᱚᱢᱨᱮ ᱩᱪᱟᱹᱲ ᱟᱠᱟᱱ ᱠᱚ ᱢᱩᱫᱽᱨᱮ ᱟᱨᱚᱵᱤᱭᱚ ᱠᱚᱣᱟᱜ ᱪᱮᱛᱟᱱ ᱢᱟᱹᱱ ᱟᱨ ᱰᱷᱮᱨ ᱠᱷᱟᱡᱽᱱᱟ ᱮᱢᱚᱜᱨᱮ ᱚᱱᱟᱨᱚᱵᱤᱭᱚ ᱠᱚ ᱠᱚ ᱵᱚᱲᱦᱮ ᱞᱮᱫ ᱠᱚᱛᱮ ᱟᱱᱟᱴ ᱥᱤᱨᱡᱟᱹᱣ ᱞᱮᱱᱟ ᱾"
1924,जबकि विद्वान रिचर्ड कोन कहते हैं कि यह शब्द बौद्ध धर्म का वर्णन करने के लिए सिर्फ इस्तेमाल किया गया था ।,"ᱞᱳᱯᱮᱡ ᱮ ᱢᱮᱱᱞᱮᱫᱟ ᱡᱮ ᱩᱱᱠᱩ ᱵᱚᱭᱫᱷᱚ ᱥᱟᱵᱟᱫ ᱠᱚ ᱵᱮᱣᱦᱟᱨ ᱛᱟᱦᱮᱸᱫ, ᱡᱚᱫᱤ ᱯᱚᱱᱰᱤᱛ ᱨᱤᱪᱟᱨᱰ ᱠᱳᱦᱮᱱ ᱞᱮᱠᱟᱱ ᱵᱚᱭᱫᱷᱚ ᱠᱚ ᱵᱟᱰᱟᱭ ᱞᱟᱹᱜᱤᱫ ᱱᱚᱶᱟ ᱥᱟᱵᱟᱫ ᱫᱚ ᱥᱩᱢᱩᱝ ᱵᱟᱨᱦᱮ ᱨᱮᱱᱠᱚ ᱵᱮᱣᱦᱟᱨ ᱛᱟᱦᱮᱸᱫ ᱾"
1925,"उसके पास भारत, पाकिस्तान, और यू. एस.","ᱜᱚᱴᱟ ᱵᱷᱟᱨᱯᱛ, ᱯᱟᱠᱤᱥᱛᱟᱱ ᱟᱨ ᱟᱢᱮᱨᱤᱠᱟᱵᱮᱲᱦᱟᱭᱛᱮ ᱩᱱᱤᱨᱮᱱ ᱦᱟᱡᱟᱨ ᱦᱟᱡᱟᱨ ᱪᱮᱞᱟᱠᱩ ᱛᱟᱦᱮᱸᱠᱟᱱᱟ ᱟᱨ ᱜᱚᱴᱟ ᱵᱷᱟᱨᱚᱛ ᱵᱮᱲᱦᱟᱭᱛᱮ ᱩᱱᱤᱨᱮᱱ ᱟᱭᱢᱟ ᱠᱷᱚᱞᱤᱯᱷᱟ ᱦᱚᱸᱠᱩ ᱛᱟᱦᱮᱸᱠᱟᱱᱟ ᱾"
1926,"वह दिखाता है कि प्रकृति के आश्वस्त करने के लिए बड़े तर्क, या प्रकृति के अद्‌भुतता से, सभी विरोध के लिए खोल रहे हैं (जो विशेष रूप से घृणित कीड़ों के अस्तित्व में है, क्या इस बात में नियमित रूप से है कि सभी ग्रह एक ही विमान में बदल जाते हैं, वही विमान बहुत कम है.","ᱩᱱᱤᱭ ᱩᱫᱩᱜᱽᱮᱫᱟ ᱡᱮ, ᱥᱤᱨᱡᱚᱱᱟᱜᱽ ᱦᱟᱦᱟᱲᱟ ᱥᱮ ᱵᱨᱚᱵᱷᱟᱱᱰ ᱨᱮᱭᱟᱜ ᱛᱷᱚᱲᱟ ᱜᱷᱟᱹᱲᱤ ᱱᱤᱭᱟᱹᱢ ᱜᱚᱵᱚᱞᱚᱜᱽ ᱠᱷᱚᱱ ᱛᱩᱢᱟᱹᱞᱟᱠᱟᱱ ᱪᱟᱱᱫᱚᱵᱚᱝᱜᱟ ᱢᱮᱱᱟᱭ ᱥᱟᱹᱵᱩᱫ ᱨᱮᱭᱟᱜ ᱢᱩᱰᱩᱛ ᱡᱩᱠᱛᱤᱠᱩ ᱨᱮᱭᱟᱜ ᱡᱚᱛᱚᱜᱤ ᱵᱤᱨᱟᱹᱫᱟᱱᱟᱜ ᱜᱮᱭᱟ (ᱱᱤᱨᱫᱤᱥᱴᱚ ᱠᱤᱪᱷᱩ ᱦᱤᱨᱠᱷᱟᱹᱣᱟᱱ ᱞᱮᱧᱼᱴᱩᱰᱟᱹᱧᱠᱩᱣᱟᱜ ᱛᱟᱦᱮᱸᱱᱨᱮ ᱦᱟᱦᱟᱲᱟᱣᱟᱜ ᱫᱚ ᱪᱮᱫ, ᱡᱚᱛᱚ ᱜᱨᱚᱦᱚ ᱨᱮᱜᱮ ᱯᱨᱟᱭ ᱢᱤᱫᱜᱮ ᱧᱮᱞᱚᱜ ᱥᱚᱢᱟᱱᱛᱷᱟᱹᱨᱨᱮ ᱟᱹᱪᱩᱨᱚᱜ ᱨᱮᱭᱟᱜ ᱛᱟᱹᱝᱠᱷᱤᱭᱨᱮ ᱱᱤᱭᱟᱹᱢ ᱜᱚᱵᱚᱞ ᱨᱮᱭᱟᱜ ᱪᱮᱫ ᱢᱮᱱᱟᱜᱼᱟ, ᱚᱝᱠᱟᱱᱟᱜ ᱥᱚᱢᱟᱱᱛᱷᱟᱹᱨ ᱧᱮᱞ ᱦᱩᱭ ᱫᱟᱲᱮᱠᱚᱜᱼᱟ ᱢᱮᱱᱠᱷᱟᱱ 'ᱯᱨᱟᱭ ᱚᱝᱠᱟᱱ ᱥᱚᱢᱟᱱᱛᱷᱟᱹᱨ' ᱫᱚ ᱟᱹᱰᱤᱜᱤ ᱠᱚᱢ ᱯᱟᱹᱛᱭᱟᱹᱣᱟᱱᱟᱜ ᱠᱟᱱᱟ) ᱾"
1927,"उस में, उत्तरी क्षेत्र ने, मानो, मृत्यु का एक और ईश्‍वर उत्पन्‍न किया ।",ᱩᱱᱤ ᱦᱚᱛᱮᱛᱮ ᱡᱚᱢ (ᱫᱟᱹᱠᱠᱷᱤᱱ ᱴᱚᱴᱷᱟᱨᱮ ᱜᱤᱨᱟᱹᱵᱟᱥᱚᱜᱽᱠᱟᱱ ᱜᱩᱡᱩᱜᱽ ᱤᱥᱚᱨ)ᱼᱟᱴᱠᱟᱣᱮ ᱞᱟᱹᱜᱤᱫ ᱦᱮᱯᱮᱨᱟᱣᱨᱮ ᱢᱚᱱᱮᱜᱚᱴᱟᱣᱟᱠᱟᱫᱽ ᱟᱨᱦᱚᱸ ᱢᱤᱫ ᱜᱩᱡᱩᱜᱽ ᱤᱥᱚᱨ ᱥᱟᱢᱟᱝᱨᱮᱭ ᱟᱹᱜᱩᱠᱮᱫᱮᱭᱟ ᱩᱛᱛᱟᱹᱨ ᱴᱚᱴᱷᱟ ᱾
1928,"जबकि प्रमुख ८वीं वार्मरी विद्वान व शिक्षक (कंद्रा) ने ज़ोर दिया कि, क्योंकि Bortman कभी मौजूद है, Bort-iman ज्ञान तत्काल है और कोई 'कार्य' की आवश्यकता नहीं है, कि, प्रयास और प्रयास, Paciald परंपरा भी विस्तारपूर्ण अभ्यास, साथ ही एक आत्मिक अनुशासन को स्वीकार करने के लिए बाध्यकारी अभ्यास, और एक अन्य प्रकार के रूप में भी है जो कि एक आत्मिक अनुशासन के रूप में भी माना जाता है.","᱘ᱼᱢ ᱥᱚᱛᱟᱵᱫᱤᱨᱮᱱ ᱵᱚᱭᱫᱤᱠ ᱯᱚᱱᱰᱤᱛ ᱟᱨ ᱜᱩᱨᱩ (ᱟᱪᱟᱨᱡᱚ) ᱟᱫᱤ ᱥᱚᱝᱠᱚᱨ ᱡᱟᱦᱟᱸᱨᱮ ᱵᱟᱵᱲᱮᱸᱠᱩᱣᱟᱜ ᱥᱟᱨᱟᱜᱷᱟᱲᱤ ᱦᱟᱹᱡᱤᱨ ᱛᱟᱦᱮᱸᱱ ᱠᱷᱟᱹᱛᱤᱨ ᱵᱟᱵᱲᱮᱼᱟᱹᱠᱤᱞ ᱥᱚᱦᱚᱡᱽ ᱟᱨ ᱡᱟᱦᱟᱸᱱ 'ᱠᱨᱤᱭᱟ' ᱥᱮ ᱠᱩᱨᱩᱢᱩᱴᱩ ᱟᱮ ᱩᱫᱜᱟᱹᱣ ᱨᱮ ᱵᱟᱝᱞᱟᱹᱜᱛᱤᱭᱟᱱᱟᱜ ᱨᱮ ᱡᱳᱨᱮ ᱮᱢᱮᱫᱟ, ᱚᱱᱰᱮ ᱟᱹᱠᱤᱞ ᱨᱮᱭᱟᱜ ᱛᱟᱞᱢᱟ ᱞᱮᱠᱟᱛᱮ ᱢᱟᱦᱟᱚᱱᱚᱲᱦᱮ ᱨᱮᱟᱭᱜ ᱚᱱᱩᱥᱤᱞᱚᱱ ᱟᱨ ᱡᱳᱜ ᱥᱚᱢᱟᱫᱷᱤ ᱨᱮᱭᱟᱜ ᱢᱟᱱᱚᱛ ᱧᱟᱢ ᱥᱟᱶᱛᱮ ᱵᱤᱪᱷᱱᱟᱹᱣ ᱥᱟᱹᱦᱤᱫ ᱥᱟᱯᱲᱟᱣᱟᱱᱟᱜ ᱚᱱᱩᱥᱤᱞᱚᱱ ᱨᱮᱭᱟᱜ ᱱᱤᱨᱫᱮᱥ ᱦᱚᱛᱮᱛᱮ ᱮᱴᱟᱜ ᱟᱫᱫᱷᱟᱛᱛᱤᱠ ᱦᱟᱹᱴᱤᱧ ᱟᱨ ᱦᱚᱨᱟᱨᱮ ᱜᱟᱱᱟᱣᱟᱠᱟᱱ ᱵᱤᱨᱟᱹᱫᱟᱹᱞᱤ ᱨᱮᱭᱟᱜ ᱡᱚᱱᱚᱢᱮ ᱮᱢ ᱠᱮᱫᱟ ᱚᱫᱳᱭᱛᱚ ᱯᱨᱚᱛᱷᱟ ᱾"
1929,"इस्लाम के आगमन ने बौद्ध धर्म के शाही संरक्षक सिद्धांत को हटा दिया, और लंबे अरसे से बौद्ध धर्म की जगह को लेकर लंबे अरसे तक धर्म का व्यापार किया।",ᱢᱩᱥᱞᱟ ᱠᱚᱣᱟᱜ ᱦᱮᱡ ᱥᱮᱴᱮᱨ ᱵᱚᱭᱫᱷᱚ ᱫᱷᱚᱨᱚᱢ ᱨᱮᱭᱟᱜ ᱢᱚᱴᱷ ᱥᱮᱨᱶᱟ ᱟᱱᱟᱜ ᱡᱚᱛᱚ ᱨᱟᱡᱽᱯᱟᱴ ᱥᱟᱭᱟᱱᱟᱜ ᱚᱪᱚᱜ ᱠᱟᱛᱮ ᱟᱨ ᱡᱮᱞᱮᱧᱼᱥᱟᱸᱜᱤᱧ ᱵᱟᱹᱱᱤᱡᱽ ᱢᱩᱥᱞᱟ ᱫᱟᱨᱟᱭ ᱛᱮ ᱵᱚᱭᱫᱽᱫᱷᱚ ᱠᱚᱣᱟᱜ ᱛᱷᱟᱯᱚᱱᱨᱩᱣᱟᱹᱲ ᱥᱟᱭᱟᱱᱟᱜ ᱥᱩᱛᱨᱲᱚᱠᱚ ᱠᱷᱚᱭ ᱮᱫᱟ ᱾
1930,"तीसरे चरण में, अतिरिक्‍त विचारों का परिचय किया गया; उदाहरण के लिए, धर्म - परिवर्तन, पश्‍चाताप, और तात्रिस्ट मंदिरों में भेंटों का प्रोत्साहन दिया गया जब वे उस भार को कम कर सकते थे ।","ᱛᱮᱥᱟᱨ ᱛᱷᱟᱹᱨᱨᱮ, ᱡᱟᱹᱥᱛᱤ ᱫᱷᱟᱨᱚᱱᱟ ᱨᱮᱭᱟᱜ ᱮᱛᱚᱦᱚᱯ ᱦᱩᱭᱞᱮᱱᱟ; ᱫᱟᱹᱭᱠᱟᱹᱞᱮᱠᱟᱛᱮ, ᱠᱟᱹᱢᱤᱨᱮᱭᱟᱜ ᱵᱚᱡᱦᱟ ᱠᱚᱢᱟᱱ ᱟᱪᱚᱨ, ᱠᱟᱥᱛᱟᱣ ᱟᱨ ᱛᱟᱣᱵᱟᱹᱫᱤ ᱢᱩᱱᱫᱤᱨᱨᱮ ᱫᱟᱱᱨᱮᱠᱩ ᱩᱫᱜᱟᱹᱣᱮᱛᱠᱩ ᱛᱟᱦᱮᱸᱠᱟᱱᱟ ᱾"
1931,"एक डेन्येया ने वादा किया था कि अगर वह 14 साल की मन्‍नत पूरी करेगा, तो वह अपने सभी पापों से आज़ाद होगा और धन - दौलत, बच्चे और खुशी हासिल करेगा ।","ᱚᱱᱚᱱᱛᱚ ᱫᱚ ᱠᱳᱱᱰᱤᱱᱱᱚ ᱠᱟᱛᱷᱟᱭ ᱮᱢᱟᱫᱤᱭᱟ ᱡᱮ, ᱛᱩᱨᱟᱹᱱᱛᱜᱤ ᱑᱔ᱼᱥᱮᱨᱢᱟ ᱨᱮᱭᱟᱜ ᱠᱤᱨᱭᱟᱹᱭ ᱠᱚᱨᱟᱣᱞᱮᱠᱷᱟᱱ ᱩᱱᱤ ᱫᱚ ᱡᱚᱛᱚ ᱠᱟᱹᱭ ᱠᱷᱚᱱ ᱥᱟᱦᱟᱬᱠᱟᱛᱮ ᱫᱩᱨᱤᱵᱽ, ᱦᱚᱯᱚᱱ ᱟᱨ ᱥᱩᱠᱷᱨᱮᱱ ᱢᱟᱹᱞᱤᱠᱮᱢ ᱦᱩᱭᱩᱜᱼᱟ ᱾"
1932,"मेथाना कुछ समय तक भारतीय बौद्ध धर्म के लोगों में से एक बनी रही, जब तक कि 7वीं सदी के भारत में, सभी मठों में से आधे से भी कम मठों में से आधे का सामना करना पड़ा।","᱗ᱢ ᱥᱚᱛᱟᱵᱫᱤ ᱨᱮᱭᱟᱜ ᱵᱷᱟᱨᱚᱛᱵᱚᱨᱥᱚᱨᱮ ᱡᱩᱣᱟᱱᱡᱷᱟᱝᱼᱥᱟᱢᱟᱝᱨᱮ ᱪᱟᱞᱟᱣᱞᱮᱱ ᱯᱨᱟᱭ ᱚᱨᱫᱷᱮᱠ ᱥᱚᱱᱱᱟᱥᱤᱠᱩ ᱢᱚᱦᱟᱡᱟᱱᱤ ᱦᱩᱭᱩᱜ ᱞᱟᱦᱟ ᱫᱷᱟᱹᱵᱤᱡᱽ, ᱵᱮᱥ ᱛᱷᱚᱲᱟ ᱚᱠᱛᱚ ᱞᱟᱹᱜᱤᱫ, ᱵᱷᱟᱨᱚᱛᱤᱭᱟᱹ ᱵᱳᱣᱫᱫᱷᱚᱠᱩ ᱢᱩᱫᱨᱮ ᱢᱚᱦᱟᱡᱟᱱ ᱫᱚᱠᱩ ᱛᱟᱦᱮᱸᱠᱟᱱᱟ ᱵᱟᱹᱭᱵᱟᱹᱭᱛᱮ ᱵᱟᱲᱦᱟᱣ ᱪᱟᱞᱟᱜ ᱢᱤᱫᱴᱟᱝ ᱞᱮᱠᱷᱟᱨᱮ ᱠᱚᱢ ᱜᱟᱛᱟᱜ ᱜᱤ ᱾"
1933,"सन्‌ 1602 में जब डच कप्तान, योज़ेफ बोल्गार्‌ श्‍बर्गन पहुँचा, तो उसे मदद के लिए उससे बिनती की ।",᱑᱖᱐᱒ ᱠᱷᱨᱤᱥᱴᱟᱵᱫᱽᱨᱮ ᱡᱚᱠᱷᱚᱱ ᱳᱞᱚᱱᱫᱟᱡ ᱠᱮᱯᱴᱮᱱ ᱡᱳᱨᱤᱥ ᱵᱷᱮᱱ ᱥᱯᱤᱞᱵᱟᱨᱜᱮᱱᱮ ᱦᱮᱡᱽᱞᱮᱱᱟ ᱛᱚᱠᱷᱚᱱ ᱠᱮᱱᱰᱤᱨᱮᱱ ᱨᱟᱡᱟ ᱩᱱᱤᱴᱷᱮᱱ ᱜᱚᱲᱚᱨᱮᱭᱟᱜᱼᱮ ᱟᱨᱚᱡᱽᱞᱮᱫᱟ ᱾
1934,"इस रिपोर्ट ने चुनाविक टिप्पणीओं और देश के विशिष्ट सुझावों को भी उद्धृत किया जो संधि - समिति द्वारा किए गए थे और जिसके साथ तथाकथित योकार्ट के सिद्धांत भी शामिल थे, जो कि अपनी निजी राय को उचित ठहराने के लिए।",ᱜᱟᱞᱚᱪ ᱟᱠᱟᱱ ᱪᱩᱠᱛᱤ ᱜᱟᱶᱛᱟ ᱟᱱᱟᱜ ᱥᱟᱫᱷᱟᱨᱚᱱ ᱠᱟᱛᱷᱟ ᱟᱨ ᱫᱤᱥᱚᱢᱼᱴᱷᱤᱠᱟᱱ ᱥᱩᱯᱟᱨᱤᱥ ᱠᱚ ᱵᱟᱪᱷᱟᱣ ᱠᱟᱛᱮ ᱚᱪᱚᱜ ᱠᱟᱛᱮ ᱟᱨ ᱟᱭᱟᱜ ᱟᱯᱱᱟᱨᱟᱱᱟᱜ ᱢᱚᱛᱟᱢᱚᱛ ᱫᱚ ᱱᱤᱦᱟᱹᱛ ᱮᱢᱟᱠᱟᱱ ᱩᱱᱚᱠᱛᱮ ᱡᱳᱜᱢᱟᱱ ᱜᱟᱹᱞᱤᱢ ᱱᱤᱛᱤ ᱥᱟᱶᱛᱮ ᱨᱟᱯᱟᱪᱟᱜ ᱟᱨ ᱵᱮᱼᱥᱤᱠᱟᱹᱨᱟᱱ ᱱᱤᱛᱤᱠᱚ ᱯᱨᱚᱪᱟᱨ ᱮᱫᱟ ᱾
1935,"इस समूह के रूप में, एक व्यापक उदार लोकतांत्रिक फ्रेम और संस्थाओं से भिन्‍न है, जो दोनों पश्‍चिमी सांस्कृतिक उदारतावादों से भिन्‍न हैं, जो अत्यधिक व्यक्‍तिवाद से पीड़ित और नैतिक दर्शन की कमी है, जो कि टी. वी.","ᱱᱚᱶᱟ ᱡᱚᱯᱲᱟᱣ ᱨᱮ ᱠᱚᱱᱯᱷᱚᱥᱤᱭᱟᱥ ᱟᱪᱟᱨ ᱟᱨ ᱛᱷᱟᱯᱚᱱ ᱥᱟᱶᱛᱮ ᱯᱟᱥᱱᱟᱣ ᱢᱤᱫᱴᱟᱝ ᱩᱫᱟᱹᱨ ᱜᱚᱱᱚᱛᱟᱱᱛᱨᱤᱠ ᱠᱟᱴᱷᱟᱢᱚ ᱢᱮᱥᱟ ᱟᱠᱟᱱᱟ, ᱥᱮᱝ ᱞᱮᱠᱟᱛᱮ, ᱡᱟᱦᱟᱸ ᱟᱹᱰᱤ ᱰᱷᱮᱨ ᱟᱯᱱᱟᱨᱵᱷᱤᱛᱟᱹᱨ ᱟᱱᱟᱜ ᱟᱨ ᱫᱷᱚᱨᱚᱢ ᱟᱱᱟᱜ ᱥᱟᱹᱨᱤᱭᱟᱹᱲ ᱟᱱᱟᱜ ᱜᱷᱟᱹᱴᱛᱤ ᱨᱮ ᱵᱷᱩᱜᱟᱹᱜ ᱠᱟᱱ ᱯᱚᱪᱷᱤᱢ ᱨᱮᱭᱟᱜᱼᱠᱟᱹᱨᱤᱜᱚᱞ ᱩᱫᱟᱹᱨᱱᱤᱛᱤ ᱟᱨ ᱠᱮᱴᱮᱡ ᱪᱟᱱᱟᱪᱛᱷᱚᱱᱚᱛ ᱟᱨ ᱠᱤᱬᱟᱹᱲ ᱠᱚᱣᱟᱜ ᱛᱤᱨᱮ ᱥᱮᱨᱶᱟ ᱟᱱᱟᱜ ᱞᱮᱠᱟᱛᱮ ᱫᱟᱵᱟᱣ ᱟᱠᱟᱱ ᱥᱮᱨᱶᱟ ᱟᱱᱟᱜ ᱠᱚᱱᱯᱷᱩᱥᱤᱭᱚᱵᱟᱫ, ᱵᱟᱱᱟᱨ ᱠᱷᱚᱱ ᱵᱷᱮᱜᱟᱨ ᱾"
1936,यह सच है कि एक इंसान के पास खाने - पीने की चीज़ें नहीं हैं ।,"ᱥᱤᱠᱷ ᱫᱷᱚᱨᱚᱢ ᱡᱚᱢᱟᱜ ᱢᱤᱛᱟᱪᱟᱨ ᱟᱨ ᱥᱚᱝᱡᱚᱢ ᱩᱫᱜᱟᱹᱣ ᱠᱟᱛᱮ, ᱥᱮ ᱩᱯᱟᱹᱥ ᱵᱟᱝᱠᱷᱟᱱ ᱟᱹᱰᱤ ᱡᱚᱢ ᱚᱠᱟᱦᱚᱸ ᱵᱟᱝ ᱾"
1937,"कुछ बाँग्लास सदियों पुराना हैं, एक टाइटेव आधार पर लोकप्रिय है, और नीचे समुदाय की परंपराओं के रूप में पारित कर दिया गया है, जबकि अन्य नए बनाए गए हैं.","ᱠᱤᱪᱷᱤ ᱵᱷᱚᱡᱚᱱ ᱫᱚ ᱥᱟᱭᱠᱟᱲᱟ ᱢᱟᱨᱮᱱ, ᱯᱮᱱᱼᱴᱚᱴᱷᱟ ᱠᱤᱭᱟᱹ ᱞᱮᱠᱟᱛᱮ ᱦᱚᱲ ᱠᱩᱥᱤᱭᱟᱱᱟᱜ ᱜᱮᱭᱟ ᱟᱨ ᱜᱟᱛᱟᱠ ᱨᱮᱭᱟᱜ ᱥᱮᱨᱣᱟ ᱞᱮᱠᱟᱛᱮ ᱥᱮᱱ ᱟᱠᱟᱱᱟ, ᱮᱴᱟᱜ ᱟᱜ ᱠᱚᱫᱚ ᱱᱟᱶᱟᱛᱮ ᱚᱞ ᱟᱠᱟᱱᱟ ᱾"
1938,"और यदि उन लोगों में से कितने ऐसे हों, जो अपनी अपनी शक्ति से ऐसे भारी काम कर चुके हैं, तो अपने माता- पिता और अपनी माता और उन प्राचीनों की आज्ञा का पालन करना, जो भविष्य में भी करते हैं, और हर समय उत्तम और उत्तम से उत्तम हैं।","ᱟᱨ ᱡᱟᱦᱟᱸᱭ ᱡᱩᱫᱤ ᱵᱟᱝᱥᱟᱢᱲᱟᱜ ᱞᱮᱠᱟᱱ (ᱦᱩᱭᱩᱜᱼᱟ), ᱫᱟᱲᱮᱭᱟᱜ ᱞᱮᱠᱟᱛᱮ ᱩᱝᱠᱩ ᱫᱚ ᱟᱠᱩᱣᱟᱜ ᱵᱟᱝᱥᱟᱢᱲᱟᱜ ᱠᱷᱚᱱᱠᱩ ᱥᱟᱢᱲᱟᱣᱟᱠᱟᱱᱟ; ᱟᱨ ᱞᱟᱦᱟᱱ ᱟᱨ ᱦᱟᱯᱮᱱᱨᱮᱱᱟᱜ ᱛᱩᱞᱩᱡᱽᱛᱮ ᱢᱤᱢᱤᱫ ᱠᱷᱮᱛᱨᱚ ᱨᱮ ᱟᱠᱩᱨᱮᱱ ᱵᱟᱵᱟ, ᱜᱚᱜᱚ ᱟᱨ ᱜᱩᱨᱩᱡᱚᱱᱠᱩ ᱡᱚᱨᱢᱚᱴᱛᱮ ᱛᱟᱦᱮᱸᱱ ᱦᱚᱛᱮᱛᱮ ᱩᱝᱠᱩ ᱫᱚ ᱟᱨᱦᱚᱸ ᱵᱷᱟᱜᱤ ᱠᱩ ᱛᱟᱦᱮᱸᱱᱟ ᱟᱨ ᱥᱩᱠ ᱨᱮᱠᱭ ᱛᱟᱦᱮᱸᱱᱟ ᱾"
1939,"गुरू ग्रेजात स्नाब के साथ शुरू होता है जबकि द्राथ ग्रेथ सिब के साथ शुरु होता है, जो याकाब भी कहलाता है।",ᱜᱩᱨᱩ ᱜᱨᱚᱱᱛᱷᱚ ᱥᱟᱦᱤᱵᱽ ᱫᱚ ᱡᱚᱯᱡᱤ ᱥᱟᱦᱮᱵᱽᱛᱮ ᱮᱛᱚᱦᱚᱵᱚᱜᱼᱟ ᱱᱚᱛᱮ ᱫᱚᱥᱚᱢ ᱜᱨᱚᱱᱛᱷᱚ ᱮᱛᱚᱦᱚᱵᱚᱜᱼᱟ ᱡᱚᱯ ᱥᱟᱦᱮᱵᱽ ᱛᱮ ᱡᱟᱦᱟᱸ ᱫᱚ ᱡᱚᱯᱩ ᱥᱟᱦᱮᱵᱽ ᱦᱚᱸᱠᱚ ᱢᱮᱛᱟᱜᱼᱟ ᱾
1940,ये समुदाय के मुख्य प्रतिनिधि हैं।,"ᱤᱢᱟᱢᱠᱩ ᱢᱩᱫᱨᱮ ᱢᱤᱫᱴᱟᱝ ᱩᱠᱩ ᱵᱮᱞᱚᱴ ᱦᱚᱛᱮᱛᱮ ᱜᱟᱛᱟᱜᱨᱮᱱ ᱢᱩᱲᱩᱛ ᱟᱹᱭᱩᱨᱤᱡᱽ, ᱠᱚᱱᱥᱴᱮᱱᱴᱟ ᱢᱩᱯᱷᱛᱤᱠᱩ ᱵᱟᱪᱷᱱᱟᱣᱞᱤᱫᱤᱭᱟ ᱾"
1941,"किसी भी धार्मिक कर्तव्य के रूप में गैरकानूनी आधार का अर्थ है ""सभी प्राणियों को देने या दया करने के योग्य नहीं, और न ही सभी प्राणियों को बचाने के लिए एक कर्तव्य से प्रेरित करने के लिए,"" लेकिन इस आत्मा की एक शुद्ध विकास, जो अपने ही आत्मिक विकास की ओर ले जाता है, जो कि अंत में एक को प्रभावित करता है।","ᱥᱟᱱᱟᱢ ᱠᱷᱚᱱ ᱫᱚᱨᱚᱢᱟᱱ ᱫᱟᱹᱭᱠᱟᱹ ᱞᱮᱠᱟᱛᱮ ᱵᱟᱝ ᱦᱤᱝᱥᱟᱹ ᱫᱷᱚᱨᱚᱢ ᱞᱮᱠᱟᱛᱮ ᱵᱩᱱᱤᱭᱟᱹᱫᱽ ᱠᱚ "" ᱮᱢ ᱞᱮᱫᱟ ᱠᱷᱚᱱ ᱦᱟᱢᱮᱛ ᱥᱚᱫᱜᱩᱱ ᱵᱟᱝᱠᱷᱟᱱ ᱮᱴᱟᱜ ᱡᱤᱭᱟᱹᱞᱤ ᱢᱤᱢᱤᱫ ᱵᱟᱨᱟᱵᱟᱹᱨᱤ ᱟᱹᱭᱠᱟᱹᱣ ᱵᱟᱝᱠᱷᱟᱱ ᱥᱟᱱᱟᱢ ᱡᱤᱭᱟᱞᱤ ᱳᱭᱟᱨᱨᱮ ᱫᱟᱹᱭᱤᱠ ᱦᱚᱛᱮᱛᱮ ᱪᱟᱞᱟᱣ"" ᱞᱮᱠᱟᱛᱮ ᱵᱟᱝ ᱵᱟᱝᱠᱷᱟᱱ ""ᱞᱮᱛᱟᱲᱜᱮ ᱟᱛᱢᱟ ᱥᱟᱡᱟᱣ"" ᱢᱩᱪᱟᱹᱫ ᱦᱟᱹᱵᱤᱡ ᱪᱷᱟᱲ ᱟᱨ ᱫᱚᱥᱟᱨ ᱡᱟᱱᱟᱢ ᱠᱷᱚᱱ ᱪᱷᱟᱲ ᱮ ᱮᱥᱮᱨ ᱠᱟᱛᱮ ᱟᱯᱱᱟᱨᱟᱜ ᱟᱫᱷᱟᱛᱢᱤᱠ ᱩᱛᱱᱟᱣ ᱠᱟᱹᱨᱤ ᱟᱛᱢᱟ ᱱᱤᱨᱟᱭ ᱞᱟᱹᱜᱤᱫ ᱡᱚᱠᱷᱟ ᱞᱮᱠᱟᱛᱮ ᱯᱷᱤᱫᱚᱞᱤ ᱞᱮᱫᱟᱠᱚ ᱠᱤᱪᱷᱩ ᱜᱟᱱ ᱡᱳᱱ ᱯᱚᱱᱰᱤᱛ᱾"
1942,"इस दौरान बहुत - सी नस्लें पैदा हुई थीं, जिनकी शुरूआत एमल साम्राज्य के युग में हुई थी ।",ᱢᱩᱜᱷᱚᱞ ᱥᱟᱥᱚᱠ ᱡᱩᱜ ᱨᱮ ᱟᱭᱢᱟ ᱪᱟᱜᱟᱸ ᱜᱟᱫᱮᱞ ᱥᱤᱠᱷ ᱜᱟᱸᱛᱟᱠ ᱨᱮᱠᱚ ᱵᱮᱱᱟᱣ ᱞᱮᱱᱟ ᱾
1943,यु. पू.,ᱢᱟᱢᱞᱩᱠ ᱥᱟᱥᱚᱱ ᱨᱮᱭᱟᱜ ᱯᱟᱹᱦᱤᱞ ᱡᱩᱜ ᱨᱮᱭᱟᱜ ᱢᱟᱨᱮ ᱠᱤᱥᱟᱹᱬ ᱡᱟᱹᱛ ᱨᱮᱱ ᱚᱪᱚᱜ ᱨᱮᱭᱟᱜ ᱥᱟᱠᱷᱤᱭ ᱛᱟᱦᱮᱸ ᱠᱟᱱᱟ ᱟᱞᱟᱭ ᱡᱩᱜ ᱾
1944,आमेल और हागाब के सुनहरे मंदिर में कुछ उदाहरण हैं ।,ᱫᱟᱹᱭᱠᱟᱹᱠᱩ ᱫᱚ ᱦᱩᱭᱩᱜᱽᱠᱟᱱᱟ ᱚᱢᱨᱤᱛᱥᱚᱨ ᱨᱮᱭᱟᱜ ᱥᱚᱱᱟᱢᱟᱹᱱᱫᱤᱨ ᱟᱨ ᱦᱩᱡᱩᱨ ᱥᱟᱦᱤᱵ ᱾
1945,"Fenese का कहना है, ""इन्टिक पौराणिक पौराणिक कथाओं में भूषन, गॉर और दूसरे जीवन, Darthth ग्रीम और आज के पवित्र विश्‍व और उनके अतीत के पवित्र विश्‍वमंडल के लिए नाज़ुक और नाज़ुक धन जोड़ दिया. ""","ᱯᱷᱮᱱᱮᱠ ᱠᱮ ᱞᱟᱹᱭ ᱞᱮᱫᱟ, "" ᱥᱚᱛᱟᱱ ᱥᱷᱤᱠᱷ ᱯᱩᱛᱷᱤ, ᱜᱩᱨᱩ ᱜᱨᱚᱱᱛᱷ ᱥᱟᱦᱮᱵ ᱟᱨ ᱥᱚᱦᱮᱫ ᱢᱩᱬᱩᱛ ᱫᱚᱢᱚᱥ ᱯᱩᱛᱷᱤ ᱵᱷᱟᱨᱚᱛᱤ ᱢᱟᱨᱮᱱ ᱠᱟᱹᱦᱚᱱᱤ ᱯᱟᱥᱱᱟᱣ ᱢᱮᱱᱟᱜᱼᱟ ᱟᱨ ᱱᱟᱦᱟᱜ ᱥᱤᱠᱷ ᱟᱨ ᱥᱮᱫᱟᱭ ᱩᱱᱠᱩ ᱟᱹᱜᱤᱞᱠᱚ ᱥᱚᱛᱟᱱ ᱪᱤᱱᱦᱟᱹ ᱡᱮᱜᱮᱫ ᱢᱩᱫᱨᱮ ᱠᱟᱹᱴᱤᱡ ᱟᱨ ᱢᱚᱨᱢᱚ ᱥᱮᱞᱮᱫ ᱢᱮᱱᱟᱜᱼᱟ᱾"
1946,"ये वृत्तान्त सृष्टि की पौराणिक कथाओं की तरह काम करते हैं, यह समझाने के लिए कि स्कूल कैसे आया और क्यों यह एक विशेष अधिकार है गुरु की शिक्षा को बताने के लिए।",ᱢᱚᱛᱚᱵᱟᱫ ᱨᱮᱭᱟᱜ ᱟᱹᱱᱟᱹᱪᱩᱨ ᱟᱨ ᱵᱩᱫᱽᱫᱷᱚᱣᱟᱜ ᱥᱮᱪᱮᱫ ᱯᱚᱪᱟᱨ ᱠᱚᱨᱟᱣ ᱠᱷᱮᱛᱨᱚ ᱨᱮ ᱱᱚᱶᱟ ᱵᱤᱥᱮᱥ ᱫᱟᱲᱮ ᱛᱟᱦᱮᱸᱱ ᱠᱟᱨᱚᱱ ᱛᱮ ᱯᱷᱤᱫᱞᱮᱟᱱ ᱱᱚᱶᱟ ᱟᱠᱷᱟᱱᱠᱚ ᱥᱤᱨᱡᱟᱹᱣᱟᱠᱟᱣᱟᱱ ᱠᱟᱹᱦᱤᱱᱤ ᱨᱮᱭᱟᱜ ᱮ ᱠᱟᱹᱢᱤ ᱞᱮᱫᱟ ᱾
1947,"इन पाठ - वर्गीकरण के विपरीत, अनेक हिंदू लेखों और शिक्षाओं ने प्रश्‍न उठाए और सामाजिक वर्ग की इस प्रणाली से सहमत नहीं हुए ।","ᱱᱤᱭᱟᱹ ᱯᱚᱲᱦᱚᱱᱼᱟᱱᱟᱜ ᱥᱨᱮᱱᱤᱵᱤᱵᱷᱟᱹᱜ ᱨᱮᱭᱟᱜ ᱩᱞᱴᱟᱹᱣᱨᱮ, ᱟᱭᱢᱟ ᱢᱟᱹᱱᱟᱱᱟᱜ ᱦᱤᱱᱫᱩ ᱯᱚᱛᱚᱵ ᱟᱨ ᱢᱚᱛᱵᱟᱫ ᱫᱚ ᱥᱟᱣᱛᱟ ᱥᱨᱮᱱᱤᱵᱤᱵᱷᱟᱹᱜ ᱨᱮᱭᱟᱜ ᱱᱤᱭᱟᱹ ᱵᱮᱵᱚᱥᱛᱷᱟ ᱵᱤᱨᱩᱫᱨᱮ ᱠᱩᱠᱞᱤ ᱨᱟᱠᱟᱵᱠᱟᱛᱮ ᱱᱤᱭᱟᱹᱥᱟᱶ ᱵᱟᱝᱠᱩ ᱢᱤᱫᱽᱢᱚᱛᱞᱮᱱᱟ ᱾"
1948,इनमें से सबसे बड़ा है फिनिशर संघ जो सन्‌ 1925 में स्थापित किया गया था ।,᱑᱙᱒᱕ᱼᱨᱮ ᱛᱷᱟᱯᱚᱱᱟᱠᱟᱱ ᱯᱷᱤᱱᱤᱥᱼᱤᱥᱞᱟᱢᱤᱭᱟᱹ ᱥᱚᱝᱜᱷᱚ ᱦᱩᱭᱩᱜᱠᱟᱱᱟ ᱡᱚᱛᱚᱠᱷᱚᱱ ᱢᱟᱨᱮᱩᱛᱟᱹᱨ ᱾
1949,"सित्ती के पास एक औरत की मार थी, सोकना मैरो, जिसने उसके पिता के स्थान को विरासत में पाया.","ᱢᱩᱨᱤᱫᱠᱩᱣᱟᱜ ᱥᱚᱠᱷᱱᱟ ᱢᱟᱜᱚᱴ ᱰᱤᱭᱚᱯ ᱧᱩᱛᱩᱢᱟᱱ ᱢᱤᱫᱦᱚᱲ ᱛᱤᱨᱞᱟᱹ ᱢᱟᱨᱟᱵᱩᱛᱮ ᱛᱟᱦᱮᱸᱠᱟᱱᱟ, ᱡᱟᱦᱟᱸᱭ ᱫᱚ ᱵᱤᱨᱟᱹᱫᱟᱹᱞᱤᱭᱟᱹ ᱞᱮᱠᱟᱛᱮ ᱟᱡᱽ ᱵᱟᱵᱟᱨᱮᱱ ᱦᱩᱱᱰᱟᱹᱧᱟᱢ ᱞᱮᱠᱠᱟᱱᱟᱭ ᱾"
1950,"आम तौर पर, आधुनिक स्पेन के दौरान, अनेक ननों को मुख्य परिवारों से बना था जिनके पास वोट देने का साधन था और ""कंटेन्स ” जो वार्षिक वेतन थे ।","ᱥᱟᱫᱷᱟᱨᱚᱱᱛᱚ, ᱱᱟᱦᱟᱜ ᱥᱯᱮᱱᱨᱮᱭᱟᱜ ᱯᱟᱹᱦᱤᱞ ᱡᱩᱜᱨᱮ, ᱟᱭᱢᱟ ᱥᱚᱱᱱᱟᱥᱤᱱᱤᱠᱩ ᱛᱟᱦᱮᱸᱠᱟᱱᱟ ᱥᱮᱨᱢᱟᱠᱤᱭᱟᱹ ᱠᱷᱚᱨᱚᱪ ᱞᱮᱠᱟᱛᱮ ᱥᱚᱱᱱᱟᱥᱤᱱᱤ ᱥᱚᱝᱜᱷᱚᱨᱮᱱ ᱯᱚᱱ ᱟᱨ ""ᱧᱮᱞᱡᱚᱛᱱᱟᱣ ᱵᱷᱟᱛᱟ"" ᱮᱢᱚᱜᱽᱨᱮ ᱫᱟᱲᱮᱢᱮᱱᱟᱜ ᱠᱤᱥᱟᱹᱲ ᱜᱷᱟᱨᱚᱸᱡᱽ ᱠᱷᱚᱱ ᱦᱮᱡᱽᱟᱠᱟᱱ ᱠᱩ ᱾"
1951,"पारंपरिक कहानियाँ, रीति - रिवाज़, और गैर - ईसाई लोग अकसर अपने कठोर सांस्कृतिक वातावरण द्वारा पूछे जानेवाले खतरों से सावधान रहते हैं ।","ᱤᱱᱩᱭᱤᱴ ᱨᱮᱭᱟᱜ ᱦᱩᱭᱦᱤᱡᱩᱜᱠᱟᱱ ᱠᱟᱹᱦᱱᱤ, ᱟᱪᱟᱨ ᱟᱨ ᱢᱟᱱᱟᱵᱟᱨᱚᱱᱠᱩ ᱫᱚ ᱯᱨᱟᱭᱜᱤ ᱦᱩᱭᱩᱜᱠᱟᱱᱟ ᱩᱝᱠᱩᱣᱟᱜ ᱨᱚᱦᱚᱲ ᱥᱩᱢᱮᱨᱤᱭᱚ ᱞᱟᱭᱚᱝᱨᱮᱭᱟᱜ ᱫᱟᱹᱵᱽ ᱵᱤᱨᱩᱫᱽᱨᱮ ᱥᱚᱱᱛᱚᱨᱟᱱᱟᱜ ᱾"
1952,"उपासना के लिए स्थानों के संदर्भ में या प्रार्थना करने के लिए, Casongagagga का भी प्रयोग करता है, जो एक खाली छेद के साथ अपनी दीवार में एक खाली छेद को सूचित करता है।","ᱥᱮᱣᱟ ᱥᱮ ᱵᱤᱱᱛᱤᱨᱮᱭᱟᱜ ᱴᱷᱟᱣ ᱞᱮᱠᱟᱛᱮ, ᱠᱚᱯᱤᱛᱟᱭᱚᱱᱨᱮ ᱥᱟᱸᱜᱷᱟᱨ ᱯᱟᱹᱱᱟᱹᱨᱥᱤᱴᱟᱜ ᱦᱚᱸᱭ ᱵᱮᱵᱚᱦᱟᱨᱟᱠᱟᱫᱟ ᱳᱣᱟᱞᱤᱥᱳᱝᱜᱳ, ᱡᱟᱦᱟᱸ ᱫᱚ ᱦᱤᱱᱫᱩ ᱥᱮ ᱵᱚᱫᱫᱷᱚ ᱫᱷᱚᱨᱚᱢ ᱨᱮᱭᱟᱜ ᱪᱷᱚᱴᱟᱼᱟᱨᱥᱟᱞ ᱥᱮ ᱢᱩᱨᱛᱤ ᱵᱚᱫᱚᱞᱛᱮ ᱥᱟᱝ ᱦᱟᱝ ᱛᱟᱭᱟᱨ ᱪᱤᱱᱦᱟᱹᱞᱮᱠᱟ ᱵᱷᱤᱛᱨᱮ ᱢᱤᱫᱴᱟᱝ ᱠᱷᱟᱹᱞᱤ ᱜᱷᱟᱹᱰᱞᱩᱜᱽ ᱥᱟᱶ ᱢᱤᱫ ᱯᱩᱱᱼᱯᱩᱱᱠᱚᱱᱟᱣᱟᱱ ᱵᱮᱱᱟᱣᱟᱹᱨᱤᱭ ᱩᱫᱩᱜ ᱥᱚᱫᱚᱨᱟ ᱾"
1953,"मुख्यतः निर्गमन २०: १४ और १ कुरिन्थियों ६: ९१० की आयतों पर आधारित, मसीहियों और एक पाप द्वारा व्यभिचार को अनैतिक माना जाता है ।","ᱵᱮᱵᱤᱪᱟᱹᱨ ᱫᱚ ᱤᱥᱟᱹᱭᱠᱩ ᱦᱚᱛᱮᱛᱮ ᱡᱟᱭᱡᱩᱜᱼᱡᱤᱭᱟᱹᱲ ᱟᱨ ᱢᱤᱫᱴᱟᱝ ᱠᱟᱹᱭ ᱞᱮᱠᱟᱛᱮᱠᱩ ᱢᱟᱱᱟᱣᱟ, ᱮᱛᱚᱦᱚᱯᱞᱮᱠᱟᱛᱮ ᱮᱠᱥᱚᱫᱚᱥ ᱒᱐ᱺ᱑᱔ ᱟᱨ ᱑ ᱠᱚᱨᱮᱱᱛᱷᱤᱭᱟᱹᱥ ᱖ᱺ᱙ᱺ᱑᱐ ᱨᱮᱭᱟᱜ ᱚᱱᱩᱪᱪᱷᱮᱫᱠᱩ ᱪᱮᱛᱟᱱ ᱴᱮᱦᱟᱰᱠᱟᱛᱮ ᱾"
1954,"उन्होंने अपनी माँ का वर्णन किया, गैर-धर्म के माता-पिता द्वारा उठाया जा रहा है, लेकिन कई तरीकों से मैं कभी जाना जाता है "" आत्मिक रूप से सचेत व्यक्ति"" के रूप में, और एक ""मानववाद के लिए एक निर्दोष साक्षी के रूप में.","ᱩᱱᱤ ᱫᱚ ᱟᱡᱽᱜᱚᱜᱚᱭ ᱵᱚᱨᱱᱚᱱᱟᱫᱤᱭᱟ, ᱵᱮᱼᱫᱷᱚᱨᱚᱢᱟᱱ ᱜᱚᱼᱵᱟᱵᱟ ᱦᱚᱛᱮᱛᱮᱭ ᱦᱟᱨᱟᱜᱽᱠᱟᱱ, ""ᱫᱷᱚᱨᱚᱢ ᱠᱷᱚᱱ ᱵᱮᱜᱟᱨ"" ᱞᱮᱠᱟᱛᱮ, ᱮᱱᱦᱚᱸ ᱟᱭᱢᱟ ᱩᱯᱟᱹᱭᱨᱮ ""ᱤᱧᱟᱜ ᱩᱯᱩᱨᱩᱢ ᱡᱚᱛᱚᱠᱷᱚᱱ ᱵᱚᱸᱜᱟᱛᱟᱞᱟᱞᱮᱠᱟᱛᱮ ᱡᱟᱜᱣᱟᱨ ᱦᱚᱲ"" ᱟᱨ ""ᱱᱤᱨᱚᱯᱮᱠᱠᱷᱚ ᱢᱟᱱᱚᱵᱚᱛᱟᱵᱟᱫᱨᱮᱱ ᱮᱥᱠᱟᱨ ᱥᱟᱹᱠᱠᱷᱤ"" ᱞᱮᱠᱟᱛᱮ ᱾"
1955,सांसारिक ज्ञान का आदर करने और संसार के ज्ञान का आदर करने का दावा करने का दावा करते हैं ।,"ᱩᱯᱟᱹᱱᱤᱥᱚᱫ ᱨᱮᱭᱟᱜ ᱗.᱑ ᱫᱷᱟᱨᱟᱨᱮ ᱥᱚᱱᱚᱛᱠᱩᱢᱟᱨᱟ ᱡᱳᱨᱟᱛᱮᱭ ᱞᱟᱹᱭᱟᱠᱟᱫᱟ, ""ᱡᱮᱜᱮᱫᱽᱟᱱᱟᱜ ᱟᱹᱠᱤᱞ ᱠᱩ ᱯᱩᱡᱟᱹᱣᱟᱜᱽ ᱢᱮ ᱟᱨ ᱢᱟᱹᱱᱟᱜᱽ ᱢᱮ"", ᱛᱚᱵᱮ ᱵᱨᱚᱦᱢᱚ ᱢᱮᱱᱛᱮ ᱚᱱᱟ ᱥᱟᱱᱟᱢ ᱟᱹᱠᱤᱞᱠᱩ ᱨᱮᱭᱟᱜ ᱜᱟᱸᱰᱚᱱ ᱢᱮ ᱾"""
1956,"आमतौर पर वे त्सिली से हैं, शिकिवा मैं.11.2.2, जो कहता है: ज्‍घोवा, गोलोवा, गोलोवावावावा, आवावावावावावा में।","ᱢᱚᱱᱛᱨᱚᱠᱩ ᱫᱚ ᱴᱚᱭᱛᱮᱨᱤᱭᱳ ᱩᱯᱚᱱᱤᱥᱷᱚ, ᱥᱤᱠᱠᱷᱟᱵᱚᱞᱤ ᱾ ᱑᱑.᱒ ᱠᱷᱚᱱ ᱦᱮᱡᱽᱟᱠᱟᱱᱟ, ᱡᱟᱦᱟᱸᱫᱚᱭ ᱢᱮᱱᱟ ᱺ ᱢᱟᱛᱨᱤᱫᱮᱵᱷ ᱵᱷᱚᱵᱚ, ᱢᱤᱛᱨᱚᱫᱮᱵᱷ ᱵᱷᱚᱵᱚ, ᱯᱤᱛᱨᱩᱫᱮᱵᱷ ᱵᱷᱚᱵᱚ, ᱯᱩᱛᱨᱚᱫᱮᱵᱷ ᱵᱷᱚᱵᱚ, ᱟᱪᱟᱨᱡᱚᱫᱮᱵᱷ ᱵᱷᱚᱵᱚ, ᱚᱛᱤᱛᱷᱤᱫᱮᱵᱷ ᱵᱷᱚᱵᱚ ᱾"
1957,सन्‌ 1920 में भारत ने अपना पहला राष्ट्रीय दल भेजा ।,᱑᱙᱒᱐ᱼᱨᱮᱭᱟᱜ ᱚᱞᱤᱢᱯᱤᱠᱨᱮ ᱵᱷᱟᱨᱚᱛ ᱟᱡᱽᱨᱮᱱ ᱯᱟᱹᱦᱤᱞ ᱡᱟᱹᱛᱤᱭᱚ ᱫᱚᱞᱼᱮ ᱠᱩᱞᱞᱮᱫᱠᱩᱣᱟ ᱟᱨ ᱚᱱᱟ ᱠᱷᱚᱱ ᱢᱤᱢᱤᱫ ᱞᱚᱞᱚᱚᱠᱛᱚ ᱚᱞᱤᱢᱯᱤᱠᱨᱮ ᱫᱟᱣᱠᱩ ᱦᱟᱛᱟᱣ ᱟᱹᱜᱩᱭᱮᱛᱠᱟᱱᱟ ᱾
1958,वायु बंदूकें दोनों लंबी बंदूकों (हवा की बंदूक) और हाथागन (हवा की बंदूक) रूपों में आते हैं।,ᱮᱭᱟᱨ ᱵᱟᱱᱫᱩᱠ ᱫᱚ ᱵᱟᱨᱭᱟ ᱡᱮᱹᱞᱮᱹᱧ ᱵᱟᱱᱫᱩᱠ (ᱮᱭᱟᱨ ᱨᱟᱭᱯᱷᱮᱞ) ᱟᱨ ᱛᱤᱵᱟᱱᱫᱩᱠ (ᱮᱭᱟᱨ ᱯᱤᱥᱛᱚᱞ) ᱞᱮᱠᱟᱛᱮ ᱧᱟᱢᱜᱼᱟ ᱾
1959,"आकाश सिंह एक व्यक्तिगत सोने वाले खेल में जीत हासिल करने के लिए केवल खिलाड़ी था, लेकिन 2010 में आम तौर पर आम तौर पर अमीर खेलों के खेलों में, महात्मा का इतिहास जीतकर स्त्रियों के लिए 52 साल के बाद और पहली महिला के रूप में एक सोने का खेल जीतने के लिए।","ᱢᱤᱞᱠᱷᱟ ᱥᱤᱝᱦᱚ ᱥᱩᱢᱩᱝ ᱜᱮᱭ ᱛᱟᱦᱮᱸ ᱠᱟᱱᱟ ᱠᱚᱢᱚᱱᱳᱭᱮᱞᱛᱷ ᱜᱮᱢᱥᱨᱮ ᱥᱳᱱᱟᱯᱚᱫᱚᱠ ᱧᱟᱢᱤᱡ, ᱢᱮᱱᱠᱷᱟᱱ ᱒᱐᱑᱐ ᱠᱚᱢᱚᱱᱳᱭᱮᱞᱛᱷ ᱜᱮᱢᱥᱨᱮ ᱵᱷᱟᱨᱚᱛ ᱨᱮᱱ ᱞᱮᱠᱟᱛᱮ ᱛᱤᱨᱞᱟᱹ ᱠᱚᱣᱟᱜ ᱰᱤᱥᱠᱟᱥ ᱛᱷᱨᱳᱨᱮ ᱥᱳᱱᱟᱯᱚᱫᱚᱠ ᱡᱤᱛᱟᱹᱣ ᱠᱟᱛᱮ ᱟᱨ ᱠᱚᱢᱚᱱᱳᱭᱮᱛᱷ ᱜᱮᱢᱥᱨᱮ ᱮᱛᱷᱞᱮᱴᱤᱠᱥᱨᱮ ᱯᱳᱭᱞᱳ ᱛᱤᱨᱞᱟᱹ ᱥᱳᱱᱟᱯᱚᱫᱚᱠ ᱧᱟᱢᱤᱡ ᱞᱮᱠᱟᱛᱮ ᱕᱒ ᱥᱮᱨᱢᱟ ᱛᱟᱭᱚᱢ ᱱᱟᱜᱟᱢ ᱮ ᱵᱮᱱᱟᱣ ᱞᱮᱫᱟ ᱠᱨᱤᱥᱱᱟ ᱯᱩᱱᱤᱭᱟ ᱾"
1960,रॉबर्ट बॉबी जॉर्ज से शादी की जाती है ।,ᱚᱧᱡᱩᱣᱟᱜ ᱵᱟᱯᱞᱟ ᱦᱩᱭᱞᱮᱱᱟ ᱨᱚᱵᱟᱨᱴ ᱵᱚᱵᱤ ᱡᱚᱨᱡᱽ ᱥᱟᱶ ᱡᱟᱦᱟᱸᱭ ᱫᱚᱭ ᱦᱩᱭᱩᱜᱠᱟᱱᱟ ᱴᱨᱤᱯᱚᱞ ᱡᱟᱢᱨᱮᱱ ᱞᱟᱦᱟᱱ ᱡᱟᱛᱤᱭᱚ ᱪᱚᱢᱯᱤᱭᱚᱱ ᱟᱨ ᱩᱱᱤᱨᱮᱱ ᱥᱮᱪᱮᱫᱤᱡᱽ ᱦᱚᱸ ᱾
1961,"प्रति सेकेंड १,५०,००० से अधिक हवा के साथ किसी भी प्रदर्शन को रिकार्ड करने के उद्देश्‍य के लिए गिना नहीं जाता है ।",ᱴᱤᱯᱤᱡᱽ ᱯᱤᱪᱷᱟᱹ ᱒.᱐ ᱢᱤᱴᱟᱨ ᱠᱷᱚᱱ ᱡᱟᱹᱥᱛᱤ ᱛᱟᱭᱚᱢᱛᱮ ᱪᱟᱞᱟᱜ ᱦᱚᱭ ᱥᱟᱶ ᱡᱟᱦᱟᱸᱱ ᱩᱫᱩᱜᱽᱥᱚᱫᱚᱨ ᱨᱮᱠᱚᱨᱰ ᱢᱩᱫᱨᱮ ᱵᱟᱝ ᱦᱟᱛᱟᱣ ᱦᱩᱭᱟᱠᱟᱱᱟ ᱾
1962,"1 जनवरी 2010 की तरह, पुरुषों को सिर्फ कमर से घुटनों तक सूट पहनने की इजाज़त है ।","᱒᱐᱑᱐ ᱥᱟᱞ ᱨᱮᱭᱟᱜ ᱑ ᱞᱟ ᱡᱟᱱᱩᱣᱟᱨᱤ ᱞᱮᱠᱟᱛᱮ, ᱠᱚᱲᱟ ᱠᱚᱣᱟᱜ ᱰᱟᱸᱰᱟ ᱠᱷᱚᱱ ᱜᱳᱱᱴᱷᱮ ᱦᱟᱹᱵᱤᱡ ᱞᱩᱜᱽᱲᱤ ᱦᱚᱨᱚᱜ ᱨᱮᱭᱟᱜ ᱪᱷᱟᱹᱲ ᱢᱮᱱᱟᱜᱼᱟ ᱾"
1963,ब्रिस्टल भालू (अंग्रेजी संघ) और कार्वरीका राज्य स्कैट क्लब भी शहर में आधारित हैं.,ᱵᱨᱤᱥᱴᱚᱞ ᱵᱤᱭᱟᱨᱥ (ᱨᱟᱜᱵᱤ ᱤᱭᱩᱱᱤᱭᱚᱱ) ᱟᱨ ᱜᱞᱩᱪᱮᱥᱴᱟᱨᱥᱟᱭᱟᱨ ᱡᱤᱞᱟᱹ ᱠᱨᱤᱠᱮᱴ ᱠᱞᱟᱵ ᱦᱚᱸ ᱱᱤᱭᱟᱹ ᱥᱟᱦᱟᱨ ᱨᱮᱜᱤ ᱢᱮᱱᱟᱜᱼᱟ ᱾
1964,"सन्‌ 2014 में सिंगापुर के राष्ट्रपति ली ली वोल ने इस मसले पर छूट दी; उसके उत्तराधिकारी, एलेन ली ली, बाद में जेन जेगियन, एक चीन में पैदा होने वाले जयगान के लिए अर्ज़ी दे दी।","᱒᱐᱑᱔ ᱥᱟᱞᱨᱮ ᱥᱤᱝᱜᱟᱯᱩᱨ ᱴᱮᱵᱤᱞ ᱴᱮᱱᱤᱥ ᱮᱥᱳᱥᱤᱭᱮᱥᱚᱱᱨᱮᱱ ᱥᱚᱵᱷᱟᱯᱚᱛᱤ ᱞᱤ ᱵᱤ ᱳᱣᱟᱦ ᱱᱤᱭᱟᱹ ᱟᱱᱟᱴ ᱠᱷᱟᱹᱛᱤᱨ ᱦᱩᱫᱟᱹᱭ ᱟᱲᱟᱜᱞᱮᱫᱟ, ᱛᱟᱭᱚᱢᱛᱮ ᱩᱱᱤᱨᱮᱱ ᱵᱤᱨᱟᱹᱫᱟᱹᱞᱤᱭ ᱦᱮᱡᱽᱮᱱᱟ ᱞᱤ ᱢᱤᱫᱦᱚᱲ ᱪᱤᱱᱨᱮᱭ ᱡᱟᱱᱟᱢᱟᱠᱟᱱ ᱠᱷᱮᱞᱚᱰᱤᱭᱟᱹ ᱡᱷᱮᱝ ᱡᱤᱭᱟᱱᱟᱜ ᱱᱟᱜᱟᱨᱤᱭᱟᱹ ᱟᱨᱫᱟᱥ ᱥᱮᱡᱽᱼᱮ ᱛᱟᱦᱮᱸᱠᱟᱱᱟ ᱾"
1965,"सन्‌ 1920 के दशक से, पेशेवर इंजीनियरों ने फरमाबरदारी में दिलचस्पी ली है ।","᱑᱙᱒᱐ ᱥᱟᱞ ᱠᱷᱚᱱ, ᱡᱚᱵᱠᱟᱹᱟᱱ ᱠᱟᱹᱭᱛᱩᱠᱤᱭᱟᱹ ᱠᱚ ᱟᱸᱜᱼᱥᱟᱨ ᱛᱩᱧ ᱨᱮ ᱠᱚ ᱡᱷᱩᱸᱠ ᱞᱮᱱᱟ, ᱡᱟᱦᱟᱱᱫᱚ ᱢᱟᱲᱟᱝ ᱥᱮᱨᱣᱟ ᱟᱱᱟᱜ ᱜᱩᱱ ᱜᱟᱹᱠᱷᱩᱲᱤᱭᱟᱹ ᱠᱚᱣᱟᱜ ᱟᱯᱱᱟᱨ ᱴᱷᱟᱶ ᱛᱟᱦᱮᱸᱠᱟᱱᱟ ᱾"
1966,"जुआन फ्यूट फैडियो पाँच बार एक विश्‍व दल है जो चार भिन्‍न टीमों के अधीन है, उसकी १८४ अंतर्राष्ट्रीय दौड़ का विजेता है, और व्यापक रूप से हर समय का सबसे बड़ा ड्राइवर माना जाता है ।",᱑᱘᱔ ᱜᱚᱴᱟᱝ ᱡᱮᱜᱮᱫᱡᱟᱠᱟᱛ ᱦᱮᱯᱨᱟᱣ ᱨᱮ ᱑᱐᱒ ᱜᱚᱴᱟᱝ ᱨᱮ ᱡᱤᱛᱠᱟᱹᱨ ᱟᱠᱟᱱ ᱟᱨ ᱡᱚᱛᱚ ᱠᱟᱞᱨᱮᱱ ᱥᱚᱨᱮᱥ ᱪᱟᱞᱟᱣᱤᱡ ᱦᱤᱥᱟᱹᱵᱛᱮ ᱰᱷᱮᱨ ᱠᱟᱭᱛᱮ ᱥᱤᱠᱟᱹᱨᱟᱱ ᱡᱩᱣᱟᱹᱱ ᱢᱮᱱᱩᱣᱟᱞ ᱯᱷᱟᱝᱜᱣᱳ ᱯᱩᱱᱭᱟ ᱵᱷᱮᱜᱟᱨ ᱜᱟᱫᱮᱞ ᱦᱩᱭ ᱠᱟᱛᱮ ᱢᱚᱬᱮ ᱫᱷᱟᱣ ᱯᱷᱚᱨᱢᱩᱞᱟ ᱳᱣᱟᱱ ᱡᱮᱜᱮᱫ ᱪᱮᱢᱯᱤᱭᱚᱱ ᱦᱩᱭ ᱟᱠᱟᱱᱟᱭ ᱾
1967,"भारत में, बीफ़ॉन कप और अगामा खान विदेशों ने दस साल के अंदर शुरू किया ।",ᱵᱷᱟᱨᱚᱛᱨᱮ ᱵᱮᱭᱴᱚᱱ ᱠᱟᱯ ᱟᱨ ᱟᱜᱟ ᱠᱷᱟᱱ ᱴᱩᱨᱱᱟᱢᱮᱱᱴ ᱫᱚ ᱜᱮᱞ ᱥᱮᱨᱢᱟ ᱢᱩᱫᱨᱮ ᱮᱛᱚᱦᱚᱯᱞᱮᱱᱟ ᱾
1968,मई 2012 में मध्य अफ्रीका के कनेरी ने अपना पहला विश्व कप जीता ।,"᱒᱐᱑᱒ ᱥᱟᱹᱦᱤᱛ ᱨᱮᱭᱟᱜ ᱢᱮ ᱪᱟᱸᱫᱳ, ᱫᱤᱯᱤᱠᱟ ᱠᱩᱢᱟᱨᱤ ᱛᱩᱨᱚᱥᱠᱚ ᱨᱮᱭᱟᱜ ᱟᱱᱴᱟᱞᱤᱭᱟᱨᱮ ᱟᱡᱟᱜ ᱯᱳᱭᱞᱳ ᱵᱤᱥᱥᱚᱠᱟᱯ ᱨᱮᱭᱟᱜ ᱟᱹᱯᱱᱟᱹᱛ ᱛᱷᱚᱱᱚᱛᱨᱮ ᱨᱤᱠᱟᱨᱵᱷ ᱥᱚᱱᱟ ᱢᱮᱰᱮᱞᱮ ᱡᱤᱛᱟᱹᱣ ᱞᱮᱱᱟ ᱾"
1969,"उसने कहा कि उसका वेतन पिछले दो साल के लिए नहीं दिया गया था, और न ही उसके बाद के खेलों के लिए उसे अधिकार द्वारा उचित रूप से निर्धारित किया गया था ।","ᱩᱱᱤᱭ ᱢᱮᱱ ᱟᱠᱟᱫᱟ ᱡᱮ, ᱯᱟᱨᱚᱢᱮᱱ ᱵᱟᱨ ᱥᱮᱨᱢᱟ ᱦᱟᱹᱵᱤᱡ ᱩᱱᱤ ᱠᱩᱲᱟᱹᱭ ᱵᱟᱝ ᱮᱢ ᱦᱩᱭ ᱟᱠᱟᱱ ᱟᱨᱩᱱᱤᱭᱟᱜ ᱪᱷᱩᱴᱤ ᱛᱟᱭᱚᱢ ᱠᱷᱮᱞᱚᱰ ᱠᱚ ᱞᱟᱹᱜᱤᱫ ᱟᱹᱢᱟᱹᱞᱤᱭᱟᱹ ᱪᱷᱟᱹᱲ ᱮ ᱮᱢ ᱟᱠᱟᱫᱟ ᱾"
1970,"उनका न्याय उनके शारीरिक विकास, रूप और व्यक्‍तित्व के आधार पर किया गया था ।","ᱦᱩᱭᱫᱟᱲᱮᱭᱟᱜ ᱦᱮᱯᱨᱟᱣᱠᱚ ᱵᱤᱪᱟᱹᱨ ᱞᱮᱫᱟ ᱩᱱᱠᱩ ᱦᱚᱲᱢᱚ ᱜᱚᱲᱦᱚᱱ, ᱪᱮᱨᱦᱟ ᱟᱨ ᱟᱯᱱᱟᱨᱟᱱᱟᱜ ᱪᱮᱛᱟᱱ ᱨᱮ ᱦᱩᱭ ᱞᱮᱱᱟ᱾"
1971,Ahikka कुमार सभी महत्वपूर्ण जीतने का उद्देश्य दुनिया कप में बस जीत हासिल करने के लिए।,ᱡᱮᱜᱮᱫᱽᱠᱟᱯᱨᱮ ᱵᱷᱟᱨᱚᱛᱼᱟᱜ ᱢᱤᱫᱴᱟᱝ ᱡᱤᱛᱠᱟᱹᱨ ᱦᱟᱢᱮᱴᱨᱮ ᱡᱚᱛᱚᱠᱷᱚᱱ ᱜᱩᱨᱩᱛᱛᱚᱯᱩᱨᱱᱚ ᱡᱤᱛᱠᱟᱹᱨᱟᱱᱟᱜ ᱜᱳᱞ ᱫᱚᱭ ᱠᱚᱨᱟᱣᱞᱮᱫᱟ ᱚᱥᱳᱠ ᱠᱩᱢᱟᱨ ᱾
1972,"(c) 2014 के साझा खेलों में महिलाओं के स्वतंत्र रूप से 55 वर्ग में वर्ग, Bbbita के पहले विरोधी, स्कॉट thyner स्कॉट था स्कॉट, जिसे उसने 92, 40 (c) अंक ४: १.","᱒᱐᱑᱔ ᱥᱟᱞᱨᱮᱭᱟᱜ ᱠᱚᱢᱚᱱᱳᱣᱮᱞᱛᱷ ᱜᱮᱢᱥᱨᱮ ᱛᱤᱨᱞᱟᱹᱠᱩᱣᱟᱜ ᱕᱕ ᱠᱮᱡᱤ ᱯᱷᱨᱤᱥᱴᱟᱭᱤᱞ ᱵᱤᱵᱷᱟᱹᱜ ᱨᱮᱭᱟᱜ ᱠᱳᱣᱟᱴᱟᱨ ᱯᱷᱟᱭᱱᱟᱞᱨᱮ ᱵᱚᱵᱤᱛᱟᱨᱮᱱ ᱯᱟᱹᱦᱤᱞ ᱵᱤᱨᱩᱫᱤᱭᱟᱹᱭ ᱛᱟᱦᱮᱸᱠᱟᱱᱟ ᱥᱠᱚᱴᱞᱮᱱᱰᱨᱮᱱ ᱠᱮᱛᱷᱨᱤᱱ ᱢᱟᱨᱥ ᱡᱟᱦᱟᱸᱭ ᱫᱚ ᱩᱱᱤ ᱙᱒, ᱔᱐ (ᱦᱟᱹᱴᱤᱧ ᱯᱚᱭᱮᱱᱴ ᱔ᱺ᱑)ᱼᱨᱮᱭ ᱦᱤᱨᱟᱹᱣ ᱠᱮᱫᱮᱭᱟ ᱾"
1973,सन्‌ 2015 में भारत के दिल्ली शहर में आम तौर पर अमीर खेल आयोजित किए गए थे ।,"᱒᱐᱑᱕ ᱥᱟᱹᱦᱤᱛ ᱨᱮᱭᱟᱜ ᱠᱚᱢᱚᱱᱳᱣᱭᱮᱞᱛᱷ ᱠᱟᱨᱟᱴᱮ ᱜᱮᱢᱥ ᱵᱷᱟᱨᱚᱛ ᱨᱮᱭᱟᱜ ᱫᱤᱞᱞᱤᱨᱮ, ᱦᱩᱭᱞᱮᱱᱟ ᱾"
1974,"पुरुषों और महिलाओं के लिए अलग वज़न है: पुरुषों का भाला है 800 पाउंड महिलाओं के 600 की तुलना में , पुरुषों का भार महिलाओं के 20 पाउंड की तुलना में 35 पाउंड है पुरुषों की बीस पाउंड की तुलना में पुरुषों की तुलना में 1 पाउंड की तुलना में 16 पाउंड, और पुरुषों के 8 पाउंड फेंक दिया है।","ᱠᱚᱲᱟ ᱦᱚᱯᱚᱱ ᱟᱨ ᱛᱤᱨᱞᱟᱹᱠᱩᱣᱟᱜ ᱪᱟᱯᱟᱫ ᱥᱟᱯᱷᱟᱵ ᱠᱩᱨᱮᱱᱟᱜ ᱳᱡᱚᱱ ᱫᱚ ᱡᱩᱫᱟᱹ ᱦᱩᱭᱩᱜᱼᱟᱺ ᱛᱤᱨᱞᱟᱹᱠᱩᱣᱟᱜ ᱖᱐᱐ ᱠᱷᱚᱡᱽ ᱠᱚᱲᱟᱼᱦᱚᱲ ᱠᱩᱣᱟᱜ ᱡᱟᱵᱷᱞᱤᱱ ᱦᱩᱭᱩᱜᱼᱟ ᱘᱐᱐ ᱜᱨᱟᱢ ᱨᱮᱭᱟᱜ, ᱛᱤᱨᱞᱟᱹᱠᱩᱣᱟᱜ ᱒᱐ ᱠᱷᱚᱱ ᱠᱚᱲᱟᱼᱦᱚᱲ ᱠᱩᱣᱟᱜ ᱳᱡᱚᱱ ᱜᱤᱰᱤ ᱓᱕ ᱯᱟᱣᱩᱱᱰ ᱨᱮᱭᱟᱜ ᱦᱩᱭᱩᱜᱼᱟ, ᱛᱤᱨᱞᱟᱹ ᱠᱩᱣᱟᱜ ᱑ ᱠᱷᱚᱱ ᱠᱚᱲᱟᱼᱦᱚᱯᱚᱱ ᱠᱩᱣᱟᱜ ᱰᱤᱥᱠᱟᱥ ᱦᱩᱭᱩᱜᱼᱟ ᱒ ᱠᱤᱞᱳᱜᱨᱟᱢ ᱨᱮᱭᱟᱜ, ᱛᱤᱨᱞᱟᱹᱠᱩᱣᱟᱜ ᱘ ᱯᱟᱣᱩᱱᱰ ᱠᱷᱚᱱ ᱠᱚᱲᱟᱼᱦᱚᱲ ᱠᱩᱣᱟᱜ ᱥᱚᱴᱯᱩᱴ ᱦᱩᱭᱩᱜᱼᱟ ᱑᱖ ᱯᱟᱣᱩᱱᱰ ᱨᱮᱭᱟᱜ, ᱟᱨ ᱛᱤᱨᱞᱟᱹ ᱠᱩᱣᱟᱜ ᱘ ᱠᱷᱚᱱ ᱠᱚᱲᱟ ᱠᱩᱣᱟᱜ ᱦᱟᱹᱛᱩᱲᱤ ᱜᱤᱰᱤ ᱑᱖ ᱯᱟᱣᱩᱱᱰ ᱨᱮᱭᱟᱜ ᱦᱩᱭᱩᱜᱼᱟ ᱾"
1975,"सन्‌ 2009 में, वह एक अंतर्राष्ट्रीय राष्ट्रपति बन गया ।",᱒᱐᱐᱙ ᱥᱟᱹᱦᱤᱛ ᱨᱮ ᱩᱱᱤ ᱯᱚᱲᱛᱟ ᱟᱱᱟᱜ ᱜᱩᱡᱨᱟᱴ ᱠᱨᱤᱠᱮᱴ ᱮᱥᱳᱥᱤᱭᱮᱥᱳᱱ ᱨᱮᱭᱟᱜ (ᱡᱤᱹᱥᱤᱹᱮ) ᱪᱟᱸᱜᱟᱥᱚᱵᱷᱟᱜᱚᱝᱠᱮ ᱦᱩᱭ ᱞᱮᱱᱟᱜ ᱱᱚᱛᱮ ᱢᱳᱫᱤ ᱱᱚᱶᱟ ᱥᱚᱵᱷᱟᱜᱚᱝᱠᱮ ᱦᱤᱥᱟᱹᱵᱛᱮ ᱥᱮᱵᱟᱭ ᱮᱢ ᱞᱮᱫᱟ ᱾
1976,"एक और प्रारूप है लेवरॉन्स, जहाँ एक टीम दौड़ में प्रतिस्पर्धा करने के लिए बारी - बारी लेती है; हर प्रति - चालक को तैर - दौड़ का एक भाग होना चाहिए और दौड़नी चाहिए ।","ᱟᱨᱢᱤᱫ ᱨᱚᱠᱚᱢ ᱫᱚ ᱦᱩᱭᱩᱜᱠᱟᱱᱟ ᱨᱤᱞᱮ ᱴᱨᱟᱭᱟᱞᱛᱷ ᱡᱟᱦᱟᱸᱨᱮ ᱦᱮᱯᱮᱨᱟᱣᱨᱮ ᱢᱤᱫᱴᱟᱝ ᱦᱮᱯᱮᱨᱟᱣᱠᱩᱣᱟᱜ ᱜᱟᱫᱮᱞ ᱯᱟᱞᱟᱠᱨᱚᱢ ᱦᱤᱸᱥᱠᱩ ᱦᱟᱛᱟᱣᱞᱮᱫᱟ, ᱢᱤᱢᱤᱫ ᱦᱮᱯᱮᱨᱟᱣᱠᱩ ᱯᱟᱭᱨᱟᱜ, ᱥᱟᱭᱠᱞᱤᱝ ᱟᱨ ᱫᱟᱹᱲᱨᱮ ᱢᱤᱫᱴᱟᱝᱠᱟᱛᱮ ᱦᱤᱸᱥ ᱦᱩᱭᱩᱜᱽᱛᱟᱠᱩᱣᱟ ᱾"
1977,"आईसीसी नियमों के अनुसार, एक ओडीआई मैच 25 से अधिक के बाद केवल अधिकारी है...","ᱟᱭᱹ ᱥᱤᱹ ᱥᱤ ᱼᱟᱜ ᱟᱹᱱ ᱞᱮᱠᱟᱛᱮ, ᱫᱚᱥᱟᱨ ᱫᱷᱟᱣ ᱨᱮ ᱵᱮᱴ ᱟᱠᱟᱫ ᱯᱟᱦᱟᱴᱟ ᱜᱮ ᱒᱕ ᱳᱵᱷᱟᱨ ᱵᱚᱞ ᱛᱟᱭᱚᱢᱜᱮ ᱢᱤᱫᱴᱟᱝ ᱥᱩᱢᱩᱝ ᱢᱤᱫ ᱫᱤᱱ ᱨᱮᱭᱟᱜ ᱡᱮᱜᱮᱫ ᱡᱟᱠᱟᱛ ᱢᱮᱪ ᱥᱚᱨᱠᱟᱨᱤ ᱞᱮᱠᱟᱛᱮ ᱢᱟᱱᱟᱜᱼᱟ ᱾"
1978,"तीसरे दिन, श्री लंकाियों ने फिर से पहली बार, Sewaking 222 में माहेलिस और Rsssssels Canmucki और 56 चलाता है, और भारतीय ज़ार खान 44 के लिए चला जाता है।",ᱡᱟᱹᱥᱛᱤ ᱫᱤᱱᱨᱮ ᱥᱨᱤᱞᱚᱝᱠᱟᱱᱠᱩ ᱫᱚ ᱟᱨᱦᱚᱸ ᱯᱟᱹᱦᱤᱞᱨᱮ ᱵᱮᱴᱠᱟᱛᱮ ᱢᱟᱦᱮᱞᱟ ᱡᱚᱭᱵᱚᱨᱫᱷᱚᱱᱮ ᱟᱨ ᱨᱟᱥᱮᱞ ᱟᱨᱱᱚᱞᱰᱟᱜ ᱮᱛᱚᱢ ᱛᱟᱭᱚᱢ ᱗᱗ ᱟᱨ ᱕᱖ ᱨᱟᱱ ᱥᱟᱶ ᱒᱒᱒ ᱨᱟᱱ ᱠᱩ ᱨᱟᱠᱟᱵᱞᱮᱫᱟ ᱟᱨ ᱵᱷᱟᱨᱚᱛᱤᱭᱟᱹ ᱡᱟᱦᱤᱨ ᱠᱷᱟᱱ ᱫᱚ ᱔᱔ ᱨᱟᱱᱨᱮ ᱯᱮᱭᱟ ᱩᱭᱠᱮᱴᱼᱮ ᱦᱟᱛᱟᱣᱞᱮᱫᱟ ᱾
1979,"मुख्य सर्किट पर, Mrgaz शुरू करने के लिए शुरू में वह अप्रैल 2001 में, IMMM में एक 15 साल के रूप में सर्किट किया.",ᱮᱯᱨᱤᱞ ᱒᱐᱐᱑ ᱨᱮ ᱟᱭᱴᱤᱮᱷᱯ ᱥᱟᱨᱠᱤᱴ ᱨᱮ ᱑᱕ ᱥᱮᱨᱢᱟ ᱩᱢᱮᱨᱟᱱ ᱦᱤᱥᱟᱹᱵᱛᱮ ᱟᱯᱱᱟᱨ ᱩᱭᱦᱟᱹᱨ ᱠᱟᱛᱮ ᱥᱤᱱᱤᱭᱚᱨ ᱥᱟᱨᱠᱤᱴ ᱨᱮ ᱯᱩᱭᱞᱩ ᱥᱤᱜᱤᱞ ᱮ ᱩᱫᱩᱜᱥᱚᱫᱚᱨ ᱮ ᱮᱛᱚᱦᱚᱵ ᱠᱮᱫᱟ ᱢᱤᱨᱡᱟ ᱾
1980,"मूल रूप से, यह था कि CWCAV में शीर्ष-विड टीम 2 को बढ़ावा दिया जाएगा अगले 2020-2023 प्रतिनिधित्व विश्व संघ अपने 13वीं सेना के खर्च पर अगर संघ 2 टीम 2023 में दो टीम के रूप में समाप्त हो जाएगा।","᱒᱐᱒᱓ ᱠᱨᱤᱠᱮᱴ ᱡᱮᱜᱮᱫᱽᱠᱟᱯ ᱨᱮᱭᱟᱜ ᱵᱟᱪᱷᱱᱟᱣ ᱯᱚᱨᱵᱚᱨᱮ, ᱵᱟᱨᱭᱟ ᱫᱚᱞ ᱛᱟᱞᱟᱨᱮ ᱞᱤᱜ ᱒ᱼᱨᱮᱱᱟᱜ ᱫᱚᱞ ᱫᱚ ᱞᱟᱯᱷᱟᱝ ᱩᱛᱟᱹᱨ ᱴᱷᱟᱣᱨᱮ ᱢᱩᱪᱟᱹᱫᱠᱟᱛᱮ, ᱑᱓ ᱴᱷᱟᱣᱨᱮ ᱢᱮᱱᱟᱜ ᱫᱚᱞ ᱵᱚᱫᱚᱞᱛᱮ ᱥᱤᱰᱵᱚᱞᱩᱥᱤ ᱞᱤᱜ ᱒ᱼᱨᱮᱭᱟᱜ ᱞᱟᱯᱷᱟᱝᱴᱷᱟᱣ ᱫᱚᱞᱴᱟᱜ ᱫᱚ ᱛᱟᱭᱚᱢ ᱫᱟᱨᱟᱢ ᱒᱐᱒᱐ᱼ᱒᱐᱒᱓ ᱟᱭᱥᱤᱥᱤ ᱠᱨᱤᱠᱮᱴ ᱡᱮᱜᱮᱫᱽᱠᱟᱯ ᱥᱩᱯᱟᱨ ᱞᱤᱜᱨᱮ ᱛᱩᱞᱟᱹᱣ ᱨᱟᱠᱟᱵᱜᱤ ᱢᱩᱰᱩᱛ ᱡᱚᱥ ᱫᱚ ᱛᱟᱦᱮᱸᱠᱟᱱᱟ ᱾"
1981,वह Saks Jane Jay के साथ जोड़ा चीन के Hien Hien Yang और Hanhy Hi-king में सोना और मिश्रित यात्रा में जीत.,ᱪᱤᱱᱨᱮᱱ ᱦᱤᱭᱮᱱ ᱤᱱ ᱯᱮᱝ ᱟᱨ ᱪᱟᱱ ᱦᱟᱣᱼᱪᱤᱝ ᱦᱤᱨᱟᱹᱣᱠᱟᱛᱮ ᱢᱤᱠᱥᱰ ᱰᱟᱵᱚᱞᱥ ᱦᱮᱯᱮᱨᱟᱣᱨᱮ ᱥᱳᱱᱟ ᱡᱤᱛᱠᱟᱹᱨᱨᱮ ᱥᱟᱠᱮᱛᱷ ᱢᱟᱭᱱᱮᱱᱤᱨ ᱥᱟᱶ ᱩᱱᱤ ᱫᱚ ᱡᱩᱴᱤᱭ ᱵᱟᱸᱫᱷᱟᱣᱞᱮᱫᱟ ᱾
1982,"Sagia की जाति उसकी गरिमा, उसके अधिकार, और दुनिया खेल में उसकी स्थिति की रक्षा करने के लिए उसके चारों ओर फैल गई.","ᱥᱮᱢᱮᱱᱤᱭᱟᱨ ᱫᱤᱥᱚᱢ ᱡᱮᱜᱮᱫ ᱠᱷᱮᱞᱚᱸᱰ ᱨᱟ ᱟᱭᱟᱜ ᱢᱚᱦᱚᱛ, ᱟᱹᱭᱫᱟᱹᱨ ᱟᱨ ᱴᱷᱟᱶ ᱨᱩᱠᱷᱟᱹᱭᱟᱹᱭ ᱞᱟᱹᱜᱤᱫ ᱩᱱᱤ ᱜᱷᱮᱨᱟᱣ ᱥᱮᱢᱞᱮᱫ ᱠᱚᱨᱟᱣ ᱞᱮᱫᱟ ᱾"
1983,वह सन्‌ 2005 में समुद्र - तट के पास पाँच महाद्वीपों में से एक पहली स्त्री बन गयी ।,"ᱩᱱᱤ ᱜᱮ ᱠᱟᱱᱟᱭ ᱡᱤᱵᱽᱵᱨᱟᱞᱴᱟᱨ ᱯᱨᱚᱱᱟᱞᱤ, ᱛᱤᱨᱮᱱᱤᱭᱚ ᱥᱟᱢᱩᱫᱽ, ᱠᱩᱠ ᱯᱨᱚᱱᱟᱞᱤ, ᱜᱨᱤᱥ ᱨᱮᱭᱟᱜ ᱛᱳᱨᱳᱱᱤᱣᱳᱥ ᱥᱟᱸᱜᱟ ᱥᱟᱢᱩᱫᱽ (ᱠᱮᱥᱟᱱᱰᱨᱟ ᱥᱟᱸᱜᱟ ᱥᱟᱢᱩᱫᱽ), ᱠᱮᱞᱤᱯᱷᱳᱨᱱᱤᱭᱟ ᱥᱟᱢᱩᱫ ᱟᱲᱮ ᱠᱮᱴᱟᱞᱟᱱᱤᱭᱟ ᱪᱮᱹᱱᱮᱞ ᱟᱨ ᱛᱷᱨᱤ ᱮᱹᱝᱠᱟᱨ ᱥᱟᱸᱜᱟ ᱥᱟᱢᱩᱫᱽ ᱠᱷᱚᱱ ᱫᱚᱠᱠᱷᱤᱱ ᱟᱯᱷᱨᱤᱠᱟ ᱨᱮᱭᱟᱜ ᱠᱮᱯᱴᱟᱣᱩᱱ ᱥᱩᱨ ᱨᱚᱵᱮᱱ ᱰᱷᱤᱯ ᱦᱟᱹᱵᱤᱡ ᱒᱐᱐᱕ ᱥᱟᱞᱨᱮ ᱢᱚᱬᱮ ᱜᱚᱴᱟᱝ ᱢᱟᱦᱟᱫᱤᱥᱚᱢ ᱨᱮᱭᱟᱜ ᱥᱟᱢᱩᱫᱽ ᱯᱨᱚᱱᱟᱞᱤ ᱯᱟᱭᱨᱟ ᱯᱟᱨᱚᱢᱤᱡ ᱫᱚ ᱾"
1984,वह एक राज्य टीम के राष्ट्रीय स्तर में सबसे अधिक पदक होने के लिए राष्ट्रीय स्तर में सबसे अधिक पदक होने के लिए राष्ट्रीय रिकॉर्ड रखता है.,ᱢᱤᱫᱴᱟᱝ ᱯᱚᱱᱚᱛ ᱫᱚᱞᱨᱮᱱ ᱦᱩᱭᱠᱟᱛᱮ ᱡᱟᱹᱛᱤᱭᱟᱹᱨᱤ ᱪᱮᱢᱯᱤᱭᱚᱱᱥᱤᱯ ᱨᱮᱭᱟᱜ ᱥᱤᱱᱤᱭᱚᱨ ᱛᱷᱟᱹᱨᱨᱮ ᱩᱱᱤᱭᱟᱜ ᱞᱟᱯᱷᱟᱝ ᱩᱛᱟᱹᱨ ᱢᱮᱰᱮᱞ ᱡᱤᱛᱠᱟᱹᱨ ᱨᱮᱭᱟᱜ ᱡᱟᱹᱛᱤᱭᱟᱹᱨᱤ ᱨᱮᱠᱚᱰ ᱢᱮᱱᱟᱜᱽᱛᱟᱭᱟ ᱾
1985,सन्‌ 2006 में एक आम खेल और दो एशियाई खेल 2010 में भारत की राष्ट्रीय टीम को दर्शाता है ।,᱒᱐᱐᱖ᱼᱨᱮᱭᱟᱜ ᱢᱤᱫᱴᱟᱝ ᱠᱚᱢᱚᱱᱳᱣᱮᱞᱛᱷ ᱜᱮᱢᱥ ᱟᱨ ᱒᱐᱑᱐ ᱟᱨ ᱒᱐᱑᱔ᱼᱨᱮ ᱮᱥᱤᱭᱚ ᱜᱮᱢᱥᱨᱮ ᱵᱷᱟᱨᱚᱛᱤᱭᱟᱹ ᱯᱚᱱᱚᱛ ᱜᱟᱫᱮᱞᱨᱮᱱ ᱟᱹᱭᱩᱨᱤᱡᱽ ᱯᱟᱹᱦᱤᱞ ᱛᱤᱨᱞᱟᱹ ᱵᱟᱥᱠᱮᱴᱵᱚᱞ ᱠᱷᱮᱞᱚᱰᱤᱭᱟᱹᱭ ᱠᱟᱱᱟ ᱩᱱᱤ ᱾
1986,"इस बीच, लारी दो यूरोपीय कोर जीत लेती है और सात एशियाई कोर जीत लेती है ।","ᱱᱚᱝᱠᱟᱞᱮᱠᱟᱛᱮ, ᱞᱟᱦᱤᱲᱤ ᱫᱚ ᱵᱟᱨᱭᱟ ᱤᱭᱳᱨᱳᱯᱤᱭᱟᱱ ᱴᱩᱨ ᱟᱨ ᱮᱭᱟᱭᱜᱚᱴᱟᱝ ᱮᱥᱤᱭᱟᱱ ᱴᱩᱨᱮ ᱡᱤᱛᱠᱟᱹᱨᱟᱠᱟᱱᱟ ᱾"
1987,"दक्षिण कोरिया में, सन्‌ 2002 एशियाई खेलों में उसने चाँदी के पदक को जीत लिया ।",ᱫᱚᱠᱷᱤᱱ ᱠᱳᱨᱤᱭᱟ ᱨᱮᱭᱟᱜ ᱵᱩᱥᱟᱱ ᱨᱮ ᱒᱐᱐᱒ ᱮᱥᱤᱭᱟ ᱜᱮᱢᱥ ᱨᱮ ᱨᱩᱯᱟᱹ ᱯᱚᱫᱚᱠ ᱡᱤᱛᱠᱟᱹᱨ ᱩᱱᱤᱭᱟᱜ ᱢᱟᱹᱱ ᱮ ᱰᱷᱮᱨ ᱞᱮᱫᱟ ᱾
1988,"साथ ही, इन चारों घटनाओं को गुरू या सिलाम (एक ऐसा शब्द जो ट्रेन के बजाय पुल से लिया गया है) कहा जाता है ।",ᱱᱚᱶᱟ ᱯᱩᱱᱭᱟ ᱤᱵᱷᱮᱱᱴ ᱫᱚ ᱢᱤᱫ ᱥᱟᱶᱛᱮ ᱢᱮᱡᱚᱥ ᱵᱟᱝᱠᱷᱟᱱ ᱥᱞᱟᱢᱥ (ᱵᱮᱥᱵᱚᱞ ᱵᱟᱝ ᱵᱚᱨᱚᱝ ᱵᱮᱤᱡ ᱠᱷᱚᱱ ᱫᱷᱟᱨᱟᱠᱟᱱ ᱢᱤᱫᱴᱟᱝ ᱯᱚᱨᱤᱵᱷᱟᱥᱟ) ᱞᱟᱹᱭ ᱜᱟᱱᱚᱜᱼᱟ ᱾
1989,इस खेल में आठ भूतपूर्व भूतपूर्व भूतपूर्व ऑस्ट्रेलियाीय योद्धा शामिल थे ।,"ᱜᱚᱴᱟ ᱢᱟᱴᱷ ᱵᱮᱲᱦᱟᱭᱛᱮ ᱚᱞᱚᱢᱯᱤᱠ ᱨᱮᱭᱟᱜ ᱯᱚᱛᱟᱠᱟᱠᱩ ᱜᱮᱢᱮᱨᱞᱮᱫᱟ ᱤᱨᱟᱹᱞᱦᱚᱲ ᱞᱟᱦᱟᱱ ᱚᱥᱴᱨᱮᱞᱤᱭᱚ ᱚᱞᱤᱢᱯᱤᱠ ᱪᱮᱢᱯᱤᱭᱚᱱᱺ ᱱᱤᱞ ᱨᱚᱭᱠᱨᱚᱯᱷᱴ, ᱢᱟᱨᱮ ᱨᱳᱡ, ᱞᱤᱭᱟᱱ ᱴᱩᱛᱷ, ᱡᱤᱞᱤᱭᱟᱱ ᱨᱚᱞᱴᱚᱱ, ᱢᱟᱨᱡᱟᱨᱤ ᱡᱮᱠᱥᱚᱱ, ᱞᱚᱨᱮᱱ ᱠᱨᱮᱯ, ᱢᱟᱭᱠᱮᱞ ᱳᱣᱮᱱᱰᱮᱱ ᱟᱨ ᱱᱤᱠ ᱜᱨᱤᱱ ᱾"
1990,"सिडनी ऑपरा हाउस के आस - पास, स्विट्‌ज़रलैंड को चित्रित करते हुए बर्नी म्युन के आस - पास आकर खेल में पहली बार सोने का पद पाने लगा ।","ᱥᱤᱰᱱᱤ ᱚᱯᱮᱨᱟ ᱦᱟᱣᱩᱥ ᱨᱮᱭᱟᱜ ᱟᱰᱮᱯᱟᱥᱮᱨᱮ ᱢᱮᱱᱟᱜ ᱥᱩᱭᱡᱟᱨᱞᱮᱱᱰᱨᱮᱱ ᱟᱹᱭᱩᱨᱤᱡᱽ ᱵᱨᱤᱡᱤᱴ ᱢᱮᱠᱢᱳᱦᱚᱱ ᱫᱚ ᱫᱤᱥᱟᱹᱢᱨᱮᱱ ᱵᱤᱥᱟᱹᱥ ᱥᱩᱵᱤᱫᱫᱷᱟ ᱧᱟᱢ ᱠᱷᱮᱞᱚᱰᱤᱭᱟᱹᱠᱩ ᱡᱮᱞᱮᱠᱟ ᱨᱩᱯᱟᱹ ᱡᱤᱛᱠᱟᱹᱨᱤᱭᱟᱹ ᱢᱤᱥᱮᱞᱤ ᱡᱳᱱᱥ ᱫᱚ ᱯᱟᱭᱨᱟᱜᱨᱮ, ᱥᱟᱭᱠᱮᱞ ᱪᱟᱞᱟᱣᱨᱮ ᱟᱨ ᱫᱟᱹᱲᱨᱮ ᱦᱤᱨᱟᱹᱣᱠᱟᱛᱮ ᱱᱤᱭᱟᱹ ᱠᱷᱮᱞᱚᱰᱨᱮ ᱯᱟᱹᱦᱤᱞ ᱥᱳᱱᱟ ᱨᱮᱭᱟᱜ ᱯᱚᱫᱚᱜᱽᱮ ᱡᱤᱛᱠᱟᱹᱨᱞᱮᱱᱟ ᱾"
1991,ट्रिस्टॉन ने अपने गंभीरता को स्त्रियों की दौड़ के साथ बना दिया।,ᱛᱤᱨᱞᱟᱹᱠᱩᱣᱟᱜ ᱦᱮᱯᱮᱨᱟᱣ ᱥᱟᱶᱛᱮ ᱚᱞᱤᱢᱯᱤᱠᱨᱮ ᱴᱨᱟᱭᱟᱛᱷᱞᱚᱱᱟᱜ ᱩᱯᱮᱞ ᱦᱩᱭᱞᱮᱱᱟ ᱾
1992,"असली जीवन के बारे में पता है ""कोनानान,"" इस हाथी ने एक दुर्घटना में अपने पैर को हरा दिया जब वह सात साल का था जब वह एक सहदा टैंक में कदम रखा.","ᱟᱥᱚᱞ ᱡᱤᱭᱤᱱᱨᱮ ""ᱠᱩᱴᱴᱤᱱᱟᱨᱟᱭᱚᱱ"" ᱧᱩᱛᱩᱢᱛᱮ ᱩᱨᱩᱢᱟᱱ ᱱᱩᱭ ᱦᱟᱹᱛᱤ ᱫᱚ ᱮᱭᱟᱭ ᱥᱮᱨᱢᱟ ᱩᱢᱟᱹᱨᱨᱮ ᱢᱤᱫᱴᱟᱝ ᱥᱮᱯᱴᱤᱠ ᱴᱮᱝᱠᱨᱮ ᱞᱮᱵᱮᱫᱞᱮᱫ ᱵᱟᱹᱲᱤᱡᱽ ᱜᱦᱚᱴᱚᱱᱛᱮ ᱟᱡᱟᱜᱽ ᱡᱟᱸᱜᱟᱭ ᱨᱟᱹᱯᱩᱫᱞᱮᱫᱟ ᱾"
1993,यह टैम्प्लेट सन्‌ 1875 में अदालत डिजाइन में बदला गया था ।,᱑᱘᱗᱕ ᱥᱟᱞᱨᱮ ᱩᱨᱜᱟᱹᱱ ᱫᱚ ᱩᱣᱤᱝᱯᱷᱤᱞᱰᱼᱟᱜ ᱥᱚᱝᱥᱠᱚᱨᱚᱱ ᱞᱮᱠᱟᱱ ᱢᱤᱫ ᱪᱤᱱᱦᱟᱹ ᱥᱟᱶ ᱚᱱᱟᱨᱮᱭᱟᱜ ᱨᱟᱪᱟ ᱨᱮᱭᱟᱜ ᱵᱟᱞᱤᱜᱷᱚᱲᱤ ᱨᱮᱭᱟᱜ ᱟᱠᱨᱤᱛᱤ ᱫᱚ ᱢᱤᱫᱴᱟᱝ ᱟᱭᱚᱛᱚᱠᱷᱮᱛᱨᱚᱨᱮ ᱯᱷᱮᱨᱟᱣᱠᱟᱛᱮ ᱱᱤᱛᱢᱮᱱᱟᱜ ᱨᱟᱪᱟ ᱨᱮᱭᱟᱜ ᱱᱚᱠᱥᱟ ᱨᱮ ᱯᱷᱮᱨᱟᱣ ᱦᱩᱭᱞᱮᱱᱟ ᱾
1994,संयुक्त राज्य द्वारा अब के ट्रैक दौड़ में संयुक्त राज्य अमेरिका का विरोध किया गया था।,ᱤᱭᱩᱱᱟᱭᱴᱮᱰ ᱠᱤᱝᱰᱚᱢ ᱨᱮᱭᱟᱜ ᱡᱮᱞᱮᱧ ᱴᱨᱮᱠ ᱨᱮᱥ ᱨᱮ ᱥᱯᱨᱤᱝᱴᱤᱝ ᱨᱮ ᱢᱟᱨᱠᱤᱱ ᱡᱩᱠᱛᱚᱨᱟᱥᱴᱨᱚ ᱨᱮᱭᱟᱜ ᱨᱟᱡᱽ ᱧᱟᱢ ᱟᱠᱟᱱᱟ ᱾
1995,"दूसरे दौर में, उसने ऐन केतौंग को हलोंग में प्रवेश करने के लिए हरा दिया, जहाँ वह Hyyy - हमी को खो दिया.",ᱫᱚᱥᱟᱨ ᱨᱟᱣᱱᱰ ᱨᱮ ᱩᱱᱤ ᱮᱱ ᱠᱮᱣᱛᱷᱟᱵᱷᱚᱝ ᱫᱚ ᱦᱟᱨᱟᱣ ᱠᱟᱛᱮ ᱠᱳᱣᱟᱴᱟᱨ ᱯᱷᱟᱭᱱᱟᱞ ᱨᱮ ᱵᱚᱞᱚ ᱠᱟᱛᱮ ᱡᱟᱦᱟᱸ ᱨᱮ ᱥᱤᱦᱚ ᱥᱩᱼᱩᱭᱮᱨ ᱴᱷᱮᱱ ᱩᱱᱤ ᱫᱚᱭ ᱦᱟᱨᱟᱣ ᱞᱮᱱᱟ।
1996,"अपने कार्यों में खेलों का प्रतिनिधित्व करने के लिए अन्य फ्रांसीसी कलाकार शामिल हैं ऐलबर्ट Galzes Luezens Leugueod tue (१९१६), रॉबर्ट logagamack (१९१६), और Lape'd Lapio (1917)।","ᱮᱴᱟᱜ ᱯᱷᱨᱮᱸᱡᱽ ᱠᱟᱹᱨᱤᱜᱚᱞᱠᱩ, ᱡᱟᱦᱟᱸᱭ ᱠᱩ ᱫᱚ ᱩᱝᱠᱩᱣᱟᱜ ᱠᱟᱹᱢᱤᱨᱮ ᱱᱤᱭᱟᱹ ᱠᱷᱮᱞᱨᱮᱠᱩ ᱟᱹᱭᱩᱨᱟᱠᱟᱫᱟ, ᱩᱝᱠᱩ ᱫᱚᱠᱩ ᱦᱩᱭᱩᱜᱽᱠᱟᱱᱟ ᱮᱞᱵᱟᱨᱴ ᱜᱞᱤᱡᱮᱥᱨᱮᱱ ᱞᱮ ᱡᱩᱣᱩᱨ ᱫᱟ ᱯᱷᱩᱴᱵᱚᱞ (᱑᱙᱑᱒), ᱨᱚᱵᱟᱨᱴ ᱫᱮᱞᱱᱮᱨᱟᱜ ᱯᱷᱩᱴᱵᱚᱞ ᱞ'ᱠᱤᱯ ᱫᱟ ᱠᱟᱨᱰᱤᱯᱷ (᱑᱙᱑᱖), ᱟᱨ ᱟᱱᱫᱨᱮ ᱞᱳᱴᱟᱜ ᱯᱟᱴᱤ ᱫᱟ ᱨᱟᱜᱵᱤ (᱑᱙᱑᱗) ᱾"
1997,"हालाँकि उत्तर भारतीय भोजन में सड़क विशेषणियाँ भी उपलब्ध हैं, फिर भी इस क्षेत्र में भी भारतीय केले भी उपलब्ध हैं ।",ᱱᱚᱶᱟ ᱰᱟᱦᱟᱨ ᱫᱚ ᱵᱷᱟᱨᱚᱛᱤᱭᱟᱹ ᱡᱚᱢᱟᱜ ᱞᱟᱹᱜᱤᱫ ᱥᱚᱨᱮᱥ ᱦᱩᱭᱞᱮᱱ ᱨᱮᱦᱚᱸ ᱱᱚᱶᱟ ᱴᱚᱴᱷᱟ ᱨᱮ ᱮᱴᱟᱜ ᱵᱷᱟᱨᱚᱛᱤᱭᱟᱹ ᱡᱚᱢᱟᱜ ᱦᱚᱸ ᱧᱟᱢᱚᱜᱼᱟ ᱾
1998,"विस्तार की सांस्कृतिकताओं के बीच, नोजिक राज्य फिलसोनिक हॉल, अजरबैजान राज्य अस्पिक ऑपरेटिक ऑपरेटिंग, और बैलेष।","ᱵᱟᱠᱩᱣᱟᱜ ᱞᱟᱠᱪᱟᱨ ᱴᱷᱟᱶᱠᱚ ᱢᱩᱫᱽᱨᱮ ᱢᱮᱱᱟᱜᱼᱟ ᱟᱡᱟᱨᱵᱟᱭᱡᱟᱱ ᱤᱥᱴᱮᱴ ᱯᱷᱤᱞᱦᱟᱨᱢᱮᱱᱤᱠ ᱦᱚᱞ, ᱟᱡᱟᱨᱵᱟᱭᱡᱟᱱ ᱤᱥᱴᱮᱴ ᱮᱠᱟᱰᱮᱢᱤᱠ ᱚᱯᱮᱨᱟ ᱟᱨ ᱵᱮᱞᱮ ᱛᱷᱤᱭᱮᱴᱟᱨ ᱾"
1999,"फिर भी, जब ये देश कम पर्यटक पाते हैं, तो अकसर इन इलाकों के बारे में ज़्यादा जानकारी दी जाती है ।","ᱵᱷᱟᱱᱩᱣᱟᱛᱩ ᱟᱨ ᱥᱚᱞᱳᱢᱚᱱ ᱰᱷᱤᱯᱜᱟᱫᱮᱞ ᱫᱚ ᱥᱟᱪᱟᱨᱦᱮᱫᱽ ᱠᱩᱥᱤᱭᱟᱜ ᱥᱮᱡᱽᱛᱮ ᱚᱠᱟ ᱦᱤᱸᱥᱨᱮ ᱦᱚᱸ ᱵᱟᱠᱤᱱ ᱠᱚᱢᱼᱟ, ᱛᱚᱵᱮ ᱪᱮᱫᱟᱜ ᱥᱮ ᱱᱤᱭᱟᱹ ᱵᱷᱟᱱᱟᱨ ᱫᱤᱥᱚᱢᱨᱮ ᱥᱟᱝᱜᱷᱟᱨᱠᱩ ᱠᱚᱢ ᱠᱩ ᱦᱩᱭᱩᱜᱼᱟ ᱚᱱᱟᱛᱮ ᱱᱤᱭᱟᱹ ᱴᱚᱴᱷᱟᱨᱮᱭᱟᱜ ᱧᱮᱞᱡᱚᱝᱟᱜ ᱠᱩ ᱡᱟᱹᱥᱛᱤᱠᱟᱭᱛᱮᱜᱤ ᱡᱚᱛᱷᱟᱛ ᱢᱟᱹᱱ ᱵᱟᱝ ᱮᱢᱚᱜᱚᱜᱽᱼᱟ ᱾"
2000,"सितंबर 2016 के दौरान, शेरन और हांगकांग के बीच की सीमा पर नौ मुद्दे हैं, जिनके बीच छः देश कनेक्शन हैं ।",ᱥᱮᱯᱴᱮᱢᱵᱚᱨ ᱒᱐᱑᱖ ᱼᱨᱮᱭᱟᱜ ᱦᱤᱥᱟᱹᱵᱽ ᱞᱮᱠᱟᱛᱮ ᱥᱮᱱᱡᱮᱱ ᱟᱨ ᱦᱚᱝᱠᱚᱝ ᱢᱩᱫᱽᱨᱮ ᱥᱤᱢᱟᱹᱱᱟᱨᱮ ᱙ ᱜᱚᱴᱟᱝ ᱯᱟᱨᱚᱢᱚᱜ ᱞᱟᱹᱜᱤᱫ ᱡᱟᱭᱜᱟ ᱢᱮᱱᱟᱜᱼᱟ ᱡᱟᱦᱟᱸ ᱠᱚ ᱢᱩᱫᱽᱨᱮ ᱖ ᱜᱚᱴᱟᱝ ᱫᱚ ᱦᱩᱭᱩᱜ ᱠᱟᱱᱟ ᱴᱚᱴᱷᱟ ᱡᱚᱲᱟᱣ ᱾
2001,"बांग्लादेशी गाँवों में ऐसे प्राकृतिक पदार्थों के बने हैं जो मिट्टी, स्टूड, लकड़ी, और फूल जैसी प्राकृतिक वस्तुओं से बने हैं ।","ᱵᱟᱝᱞᱟᱫᱤᱥᱚᱢ ᱨᱮᱭᱟᱜ ᱟᱹᱛᱩᱠᱚᱨᱮ ᱞᱚᱥᱚᱫᱦᱟᱥᱟ, ᱵᱩᱥᱩᱵ, ᱠᱟᱴ ᱟᱨ ᱢᱟᱫᱽ ᱞᱮᱠᱟᱱ ᱥᱟᱪᱟᱨᱦᱮᱫ ᱩᱯᱟᱹᱫᱟᱱ ᱛᱮ ᱵᱮᱱᱟᱣ ᱵᱩᱥᱩᱵ ᱛᱮ ᱫᱟᱵ ᱚᱲᱟᱜ ᱢᱮᱱᱟᱜᱼᱟ ᱾"
2002,"अफ्रीका का यह भाग है, जहाँ आप पा सकते हैं एक भू - दृश्‍य अनुभव ।","ᱟᱯᱷᱨᱤᱠᱟᱨᱮᱭᱟᱜ ᱱᱚᱣᱟ ᱦᱤᱸᱥᱨᱮ ᱟᱢᱮᱢ ᱧᱟᱢᱟ ᱥᱟᱵᱷᱟᱱᱟᱨᱮ ᱫᱟᱲᱟᱱ ᱨᱮᱱᱟᱜ ᱮᱠᱫᱚᱢ ᱡᱚᱛᱚᱠᱷᱚᱱ ᱵᱷᱟᱜᱤ ᱵᱩᱡᱩᱱ, ᱠᱩᱞ, ᱪᱤᱛᱟᱹ ᱟᱨ ᱦᱟᱹᱛᱤ ᱥᱮᱸᱫᱨᱟᱠᱩ ᱞᱟᱹᱜᱤᱫ ᱞᱮᱱᱰ ᱨᱳᱵᱷᱟᱨᱨᱮ ᱫᱮᱡᱽᱠᱟᱛᱮ ᱢᱮᱰᱟᱱᱴᱟᱸᱰᱤ ᱵᱮᱲᱦᱟᱭᱛᱮ ᱫᱟᱲᱟᱱ ᱟᱜᱩᱭ ᱨᱮᱭᱟᱜ ᱵᱩᱡᱩᱱᱜᱤ ᱾"
2003,यह सन्‌ 1929 में श्‍वेत लोगों की सेना में काम करता था ।,᱑᱙᱒᱙ ᱨᱮ ᱨᱮᱡᱤᱱᱟᱞᱰ ᱤᱱᱮᱥ ᱯᱳᱠᱚᱠ ᱫᱟᱨᱟᱭ ᱛᱮ ᱯᱮᱱᱛᱷᱚᱨᱟ ᱵᱚᱨᱜᱚ ᱨᱮ ᱥᱮᱞᱮᱫ ᱞᱮᱱᱟ ᱱᱚᱶᱟ ᱫᱚ ᱾
2004,"बॉलीरो से एक और 15 किलोमीटर की दूरी पर है - आप या तो यहा-बर्मा बस के माध्यम से 11 बजे के माध्यम से पार कर सकते हैं, आप नाम बस में बंद छोड़ (आप वहाँ ""ब्लींग 22 किलोमीटर"") या कई टैक्सियों के साथ बातचीत करेंगे बस में.","ᱵᱟᱹᱞᱤᱯᱟᱲᱟ ᱠᱷᱚᱱ ᱟᱨᱦᱚᱸ ᱑᱕ ᱠᱤᱢᱤ ᱪᱟᱞᱟᱜ ᱦᱩᱭᱩᱜ ᱛᱟᱢᱟᱼ ᱦᱩᱭᱫᱟᱲᱮᱭᱟᱜ ᱟᱢ ᱤᱴᱟᱱᱚᱜᱚᱨᱼᱵᱚᱢᱰᱤᱞᱟ ᱵᱟᱥ ᱫᱚ ᱥᱟᱵ ᱢᱮ ᱡᱟᱦᱟᱸ ᱵᱟᱞᱤᱯᱟᱲᱟ ᱥᱮᱪ ᱛᱮ ᱥᱮᱛᱟᱜ ᱑᱑ ᱴᱟᱲᱟᱝ ᱱᱟᱜᱟᱫ ᱪᱟᱞᱟᱜᱼᱟ, ᱟᱢ ᱱᱟᱢᱮᱨᱤ ᱵᱟᱥ ᱤᱥᱴᱚᱯ ᱨᱮᱭ ᱯᱷᱮᱰ ᱚᱴᱚ ᱠᱟᱢᱟ ( ᱚᱸᱰᱮ ᱟᱢ ""ᱵᱷᱟᱞᱩᱠᱚᱯᱚᱝ ᱒᱒ ᱠᱤᱢᱤ"" ᱢᱟᱭᱤᱞᱯᱷᱚᱞᱚᱠ ᱫᱚ ᱧᱮᱞ ᱧᱟᱢᱟᱢ ) ᱵᱟᱝᱠᱷᱟᱱ ᱱᱟᱢᱮᱨᱤ ᱵᱟᱥ ᱤᱥᱴᱚᱯ ᱨᱮ ᱯᱷᱮᱰ ᱞᱟᱹᱜᱤᱫ ᱡᱟᱦᱟᱸ ᱟᱹᱰᱤ ᱰᱷᱮᱨ ᱥᱮᱭᱟᱨ ᱴᱮᱠᱥᱤ ᱢᱮᱱᱟᱜᱼᱟ ᱚᱱᱟᱠᱚ ᱢᱤᱫᱴᱟᱝ ᱥᱟᱶᱛᱮ ᱫᱚᱨᱫᱟᱢ ᱠᱚᱨᱟᱣ ᱟᱢ ᱾"
2005,गोआ की दो विश्‍व विरासतएँ हैं: बोम यीशु बासिका और पुराने गोआ के गिरजे और मठ ।,ᱜᱳᱣᱟ ᱨᱮ ᱵᱟᱨᱭᱟ ᱡᱮᱜᱮᱫ ᱥᱮᱨᱣᱟ ᱟᱱᱟᱜ ᱴᱷᱟᱶ ᱢᱮᱱᱟᱜᱼᱟ ᱵᱚᱢ ᱡᱤᱥᱟᱥ ᱵᱮᱥᱤᱞᱤᱠᱟ ᱟᱨ ᱢᱟᱨᱮ ᱜᱳᱣᱟ ᱨᱮᱭᱟᱜ ᱜᱤᱨᱡᱟᱹ ᱟᱨ ᱢᱚᱴᱷᱠᱚ ᱾
2006,"महान मिस्री संग्रहालय है लंबे समय तक का प्रवेश करने के लिए मध्यन तार में मिस्री संग्रहालय, बहुत बड़े प्रदर्शन, भंडार और काम क्षेत्रों के साथ।","ᱢᱤᱫᱴᱟᱝ ᱟᱹᱰᱤ ᱞᱟᱹᱴᱩ ᱩᱫᱩᱜᱥᱚᱫᱚᱨ, ᱨᱟᱠᱷᱟᱫᱚᱦᱚ ᱚᱲᱟᱜ ᱟᱨ ᱠᱟᱹᱢᱤ ᱴᱷᱟᱶ ᱥᱟᱶᱛᱮ ᱛᱟᱦᱚᱨᱤ ᱴᱟᱸᱰᱤ ᱨᱮ ᱜᱨᱟᱱᱰ ᱢᱤᱥᱳᱨᱤᱭᱟᱹ ᱡᱟᱹᱫᱩᱚᱲᱟᱜ ᱦᱩᱭᱩᱜ ᱠᱟᱱᱟ ᱢᱟᱨᱮ ᱢᱤᱥᱚᱨᱤᱭᱟᱹ ᱡᱟᱹᱫᱩᱚᱲᱟᱜ ᱡᱮᱞᱮᱧ ᱛᱟᱸᱜᱤ ᱛᱟᱭᱚᱢ ᱮᱛᱚᱦᱚᱵ ᱛᱷᱟᱯᱚᱱ ᱾"
2007,"जीवीर देश का एक महत्त्वपूर्ण ऐतिहासिक और आयामी क्षेत्र भी है। इसलिए, भूमि की अर्थव्यवस्था पर भी इसका प्रभाव है।","ᱜᱵᱟᱞᱤᱭᱚᱨ ᱫᱤᱥᱚᱢᱨᱮ ᱢᱤᱫᱴᱟᱝ ᱧᱩᱛᱩᱢᱟᱱ ᱥᱮᱨᱣᱟ ᱟᱨ ᱥᱟᱝᱜᱷᱟᱨ ᱛᱷᱚᱱᱚᱛ, ᱚᱝᱠᱟᱞᱮᱠᱟ, ᱫᱤᱥᱚᱢ ᱠᱟᱹᱣᱰᱤ ᱟᱹᱨᱤ ᱪᱮᱛᱟᱱ ᱱᱤᱭᱟᱹ ᱥᱟᱝᱜᱷᱟᱨ ᱛᱷᱚᱱᱚᱛ ᱨᱮᱭᱟᱜ ᱢᱤᱫᱴᱟᱝ ᱚᱨᱥᱚᱝ ᱢᱮᱱᱟᱜᱼᱟ᱾"
2008,कैप ने बाद में चौकी की उपस्थिति के सम्मान में अच्छी आशा केप के रूप में नाम दिया गया.,ᱯᱷᱟᱸᱲᱤ ᱨᱮᱭᱟᱜ ᱥᱮᱴᱮᱨ ᱨᱮ ᱢᱟᱱᱚᱛ ᱨᱮ ᱫᱚᱥᱟᱨᱱᱟᱝ ᱨᱮ ᱚᱱᱛᱚᱨᱤᱯ ᱨᱮᱭᱟᱜ ᱧᱩᱛᱩᱢ ᱵᱚᱫᱚᱞ ᱠᱟᱛᱮ ᱩᱛᱛᱚᱢᱟᱥᱟ ᱚᱱᱛᱚᱨᱤᱯ ᱠᱚᱨᱟᱣ ᱦᱩᱭ ᱞᱮᱱᱟ ᱾
2009,"ब्राज़ील के अधिकारी अनुमान लगाते हैं कि सन्‌ 1999 में क्यूबा में करीब 1,9 अरब लोग आए थे ।",᱑᱙᱙᱙ᱼᱨᱮ ᱢᱳᱴᱟᱢᱩᱴᱤ ᱑᱖ ᱞᱚᱠᱠᱷᱚ ᱥᱟᱸᱜᱷᱟᱨᱤᱭᱟᱹ ᱠᱤᱣᱵᱟ ᱥᱟᱸᱜᱷᱟᱨ ᱪᱟᱞᱟᱣᱠᱟᱛᱮ ᱜᱩᱴᱨᱮ ᱯᱨᱟᱭ ᱑᱙᱐ ᱠᱳᱴᱤ ᱰᱚᱞᱟᱨ ᱠᱷᱟᱡᱱᱟᱠᱩ ᱟᱨᱡᱟᱣᱟᱠᱟᱫᱟ ᱢᱮᱱᱛᱮ ᱠᱤᱣᱵᱟᱨᱮᱱ ᱟᱫᱷᱤᱠᱟᱨᱤᱠᱠᱩ ᱟᱭᱼᱩᱢᱟᱹᱱᱮᱫᱠᱟᱱᱟ ᱾
2010,"उल्लेखनीय अरबी, सीरियाई, पुर्तगाली, डच, यहूदी, और मध्य पूर्वी प्रभाव इस क्षेत्र के कंचनी में मौजूद हैं।","ᱱᱚᱶᱟ ᱴᱚᱴᱷᱟ ᱨᱮᱭᱟᱜ ᱡᱚᱢᱟᱜ ᱥᱚᱨᱮᱥᱟᱱᱟᱜ ᱟᱨᱚᱵ, ᱥᱤᱨᱤᱭᱟ, ᱯᱩᱨᱛᱩᱜᱤᱡ, ᱳᱞᱚᱱᱫᱟᱡ, ᱤᱦᱩᱫᱤ ᱟᱨ ᱢᱚᱫᱽᱫᱷᱭᱚ ᱯᱨᱟᱪᱪᱚ ᱨᱮᱭᱟᱜ ᱮᱥᱮᱨ ᱢᱮᱱᱟᱜᱼᱟ ᱾"
2011,"लोनवला महला में एक पहाड़ी स्टेशन है, और आप गर्म मेगाई या vagavavavavavi (जो एक Sagogazaazazapaaaaaaa के रूप में एक गहरा hotacheaks) के साथ रहते हैं याद नहीं कर सकते.",ᱞᱳᱱᱟᱵᱷᱟᱞᱟ ᱫᱚ ᱢᱚᱦᱟᱨᱟᱥᱴᱨᱚ ᱨᱮᱭᱟᱜ ᱢᱤᱫᱴᱟᱝ ᱵᱩᱨᱩ ᱴᱚᱴᱷᱟ ᱟᱨ ᱟᱢ ᱫᱚ ᱱᱚᱸᱰᱮᱱᱟᱜ ᱜᱚᱨᱚᱢ ᱢᱚᱥᱞᱟ ᱪᱟ ᱥᱮ ᱵᱚᱲᱟᱯᱟᱣ ᱵᱟᱢ ᱵᱟᱫ ᱫᱟᱲᱤᱭᱟᱜᱼᱟ (ᱟᱲᱟᱜᱽᱼᱥᱟᱠᱟᱢ ᱡᱚᱢ ᱵᱷᱟᱨᱚᱛᱤᱭᱟᱹ ᱵᱟᱨᱜᱟᱨ ᱡᱟᱦᱟᱸᱱ ᱯᱩᱨ ᱞᱮᱠᱟᱛᱮ ᱛᱟᱦᱮᱸᱱᱟ ᱵᱮᱥᱚᱱᱨᱮ ᱪᱩᱵᱟᱹᱜᱽ ᱰᱩᱵᱩᱡᱽ ᱥᱩᱱᱩᱢᱨᱮ ᱵᱷᱟᱡᱟ ᱟᱹᱞᱩᱨᱮᱭᱟᱜ ᱯᱮᱴᱤ) ᱾
2012,ये प्रवाल जल - शैल विभिन्‍न प्रकार की विभिन्‍न जातियों के लिए घर हैं ।,ᱤᱥᱠᱩᱵᱟ ᱰᱨᱟᱭᱵᱷᱤᱝ ᱨᱮᱭᱟᱜ ᱡᱚᱛᱚ ᱛᱷᱟᱨ ᱞᱟᱹᱜᱤᱫ ᱢᱟᱫᱟᱝ ᱥᱚᱨᱮᱥᱟᱱ ᱟᱨ ᱱᱚᱶᱟ ᱯᱨᱚᱵᱟᱞᱼᱯᱟᱹᱪᱨᱤ ᱦᱩᱭᱩᱜ ᱠᱟᱱᱟ ᱱᱟᱱᱟᱦᱩᱱᱟᱹᱨ ᱟᱫᱳᱜᱠᱟᱱ ᱡᱟᱹᱛᱨᱮᱱ ᱨᱚᱝ ᱦᱟᱹᱠᱩ ᱨᱮᱭᱟᱜ ᱴᱷᱟᱶ ᱾
2013,"अंततः, गर्म एशिया, पूर्वी एशिया और दक्षिण तथा दक्षिण तथा दक्षिण एशिया के एक भाग को ढक दिया जाता है, जहाँ इसे विकसित या शहरी नहीं किया जाता है, कई तरह के जंगलों और दूर - दूर के जंगलों से भरे परादीस के हज़ारों तटों पर स्थित मालदीव जैसे कि दुनिया के सबसे लोकप्रिय तटों के कुछ लोकप्रिय तटों में।","ᱢᱩᱪᱟᱹᱫᱨᱮ, ᱥᱤᱛᱩᱝᱢᱟᱱᱰᱮᱨ ᱨᱮ ᱮᱥᱤᱭᱟ, ᱡᱟᱦᱟᱸ ᱯᱩᱨᱩᱵ ᱮᱥᱤᱭᱟ ᱨᱮᱭᱟᱜ ᱢᱤᱫᱴᱟᱝ ᱦᱤᱸᱥ ᱟᱨ ᱫᱚᱠᱷᱤᱱᱼᱯᱩᱨᱩᱵ ᱮᱥᱤᱭᱟ ᱨᱮᱭᱟᱜ ᱰᱷᱮᱨᱜᱟᱱ ᱦᱤᱸᱥ ᱫᱷᱟᱹᱵᱤᱡ ᱢᱮᱱᱟᱜᱼᱟ, ᱡᱟᱦᱟᱸ ᱨᱮ ᱡᱚᱢᱤᱨᱮ ᱪᱟᱥ ᱥᱮ ᱱᱚᱜᱚᱨᱟᱭᱚᱱ ᱵᱟᱝ ᱠᱚᱨᱟᱣ ᱦᱩᱭᱩᱜᱼᱟ, ᱟᱭᱢᱟ ᱞᱮᱠᱟᱱ ᱠᱨᱟᱱᱛᱤᱭᱚ ᱵᱤᱨᱵᱩᱨᱩ ᱟᱨ ᱦᱟᱡᱟᱨ ᱦᱟᱡᱟᱨ ᱥᱟᱹᱢᱩᱫᱟᱲᱮ ᱡᱮᱞᱮᱠᱟ ᱢᱟᱞᱰᱷᱤᱯ ᱞᱮᱠᱟᱱ ᱱᱤᱥᱩᱱ ᱥᱚᱨᱚᱠ ᱰᱷᱤᱯ ᱠᱷᱚᱱ ᱮᱛᱚᱦᱚᱵ ᱠᱟᱛᱮ ᱛᱷᱟᱭᱞᱮᱱᱰ ᱨᱮ ᱢᱮᱱᱟᱜ ᱡᱮᱜᱮᱫ ᱨᱮᱭᱟᱜ ᱡᱚᱛᱚᱠᱷᱚᱱ ᱞᱟᱹᱠᱛᱤᱭᱟᱱ ᱠᱟᱹᱪ ᱥᱟᱹᱢᱩᱫ ᱨᱤᱥᱚᱴ ᱨᱮ ᱯᱮᱨᱮᱪ ᱾"
2014,"ऑस्ट्रेलिया के पूर्वी भाग में अनेक पर्वत ज्वालामुखी हैं, और इंडोनेशिया और कम - से - कम कम ७,००,००० ज्वालामुखीों के लिए निश्‍चित ही काफ़ी जगह हैं ।",ᱢᱟᱦᱟᱫᱤᱥᱚᱢ ᱨᱮᱭᱟᱜ ᱥᱮᱫᱟᱭ ᱦᱤᱸᱥ ᱨᱮᱭᱟᱜ ᱟᱭᱢᱟ ᱨᱟᱛᱟᱝᱵᱩᱨᱩ ᱥᱮᱸᱜᱮᱞᱵᱩᱨᱩ ᱞᱮᱠᱟᱱ ᱟᱨ ᱤᱱᱫᱳᱱᱮᱥᱤᱭᱟ ᱟᱨ ᱠᱟᱢᱪᱚᱴᱠᱟ ᱦᱩᱭᱩᱜ ᱠᱟᱱᱟ ᱢᱩᱬᱩᱫ ᱞᱮᱠᱟᱛᱮ ᱥᱮᱸᱜᱮᱞᱵᱩᱨᱩ ᱼᱥᱟᱹᱜᱟᱭᱟᱱ ᱥᱟᱸᱜᱷᱟᱨ ᱨᱮᱭᱟᱜ ᱥᱚᱨᱮᱥᱟᱱᱟᱜ ᱥᱮᱱᱚᱜᱴᱷᱟᱶ ᱾
2015,यह भारत के दूसरे उत्तर - पूर्वी राज्य से भिन्‍न है ।,ᱢᱮᱜᱷᱟᱞᱚᱭ ᱨᱮᱭᱟᱜ ᱡᱚᱢᱟᱜ ᱵᱮᱼᱫᱚᱥᱟᱨ ᱟᱨ ᱮᱴᱟᱜ ᱮᱴᱟᱜ ᱩᱛᱛᱚᱨᱯᱩᱨᱩᱵ ᱵᱷᱟᱨᱚᱛᱤᱭᱟᱹ ᱯᱚᱱᱚᱛ ᱠᱷᱚᱱ ᱵᱷᱮᱜᱟᱨ ᱾
2016,इस शहर के अमीर साहित्यी परंपराओं को पुस्तक पुरस्कार विजेता षा राशू और एडिओगा ने व्यापक रूप से विशिष्ट किया है ।,শহরের সমৃদ্ধ সাংস্কৃতিক ঐতিহ্যকে বুকার পুরস্কারপ্রাপ্ত সলমন রুশদি ও অরবিন্দ আদিগার হাত ধরে আন্তর্জাতিকভাবে দৃষ্টিগোচর করানো হয়েছে।
2017,गैर-कैंडी के मेहमानों को ऐंकर के पास जाना चाहिए एक आमोकेर एन्गक पार्क में प्रवेश करने के लिए।,ᱚᱝᱠᱳᱨ ᱯᱚᱛᱱᱚᱛᱟᱛᱛᱤᱠ ᱵᱟᱜᱣᱟᱱ ᱨᱮ ᱵᱚᱞᱚᱜ ᱞᱟᱹᱜᱤᱫ ᱵᱮᱼᱠᱚᱢᱵᱚᱰᱤᱭᱟᱹ ᱧᱮᱧᱮᱞᱤᱭᱟᱹ ᱠᱚ ᱱᱤᱦᱟᱹᱛ ᱜᱮ ᱢᱤᱫᱴᱟᱝ ᱟᱝᱠᱳᱨ ᱯᱟᱥ ᱦᱟᱛᱟᱣ ᱦᱩᱭᱩᱜ ᱛᱟᱠᱚᱣᱟ ᱾
2018,"यहाँ तक कि समुद्र - तल के चारों ओर और आस - पास के अनेक आकर्षणों के बीच भी, पालतू घर बड़ा खड़ा है, जो एक साल - भर क्षेत्र की ओर लाखों पर्यटक आकर्षित करता है ।","ᱮᱢᱚᱱ ᱪᱮᱫ ᱯᱷᱚᱞᱚᱨᱤᱰᱟ, ᱚᱨᱞᱮᱱᱰᱚ ᱟᱨ ᱱᱚᱶᱟ ᱟᱰᱮᱯᱟᱥᱮ ᱟᱹᱰᱤ ᱰᱷᱮᱨ ᱮᱴᱟᱜ ᱨᱤᱡᱷᱟᱹᱣ ᱛᱟᱞᱟᱨᱮᱦᱚᱸ ᱢᱟᱣᱥ ᱦᱟᱤᱭᱡ ᱪᱩᱢᱪᱩᱲᱩᱡ ᱠᱟᱛᱮ ᱛᱮᱜᱚᱸ ᱟᱠᱟᱱᱟ, ᱱᱚᱶᱟ ᱵᱟᱹᱛᱤᱚᱲᱟᱜ ᱫᱚ ᱡᱚᱛᱚ ᱥᱮᱨᱢᱟ ᱞᱟᱠ ᱞᱟᱠ ᱥᱟᱸᱜᱷᱟᱨᱤᱭᱟᱹ ᱱᱚᱶᱟ ᱴᱚᱴᱷᱟ ᱪᱮᱛᱟᱱ ᱨᱤᱡᱷᱟᱹᱣ ᱠᱚᱣᱟᱭ ᱾"
2019,"सैन फ्रांसिस्को बेयर बेयर बेयर खाड़ी को ओकलैंड, आलालैंड, खाड़ी फार्मो, दक्षिण सैन फ्रांसिस्को, और उत्तर में है ।","ᱥᱟᱱᱯᱷᱨᱟᱱᱥᱤᱥᱠᱳ ᱨᱮᱭᱟᱜ ᱩᱯᱟᱹᱥᱟᱹᱢᱩᱫ ᱨᱮᱭᱟᱜ ᱞᱟᱹᱣᱠᱟᱹ ᱪᱟᱞᱟᱜᱼᱟ ᱯᱷᱮᱨᱤ ᱵᱤᱞᱰᱤᱝ ᱟᱨ ᱯᱤᱭᱟᱨ ᱓᱙ ᱠᱷᱚᱱ ᱳᱠᱞᱮᱱᱰ, ᱟᱞᱟᱢᱮᱰᱟ, ᱵᱮ ᱯᱷᱟᱨᱢ ᱟᱭᱞᱮᱱᱰ, ᱫᱟᱹᱠᱷᱤᱱ ᱥᱟᱱ ᱯᱷᱨᱟᱱᱥᱤᱥᱠᱳ ᱨᱮᱭᱟᱜ ᱠᱤᱪᱷᱩ ᱡᱟᱭᱜᱟ ᱟᱨ ᱩᱛᱛᱟᱹᱨᱨᱮ ᱥᱳᱞᱟᱱᱳ ᱠᱟᱣᱩᱱᱴᱤ ᱨᱮᱭᱟᱜ ᱵᱷᱟᱞᱮᱦᱳ ᱫᱷᱟᱹᱵᱤᱡᱽ ᱾"
2020,"सबसे नज़दीकी दिल्लीी मेले स्टेशन, पीला लाइन पर।",ᱥᱟᱥᱟᱝ ᱞᱟᱭᱤᱱ ᱨᱮᱭᱟᱜ ᱨᱮᱭᱟᱜ ᱚᱨᱡᱚ ᱜᱚᱲ ᱦᱩᱭᱩᱜ ᱠᱟᱱᱟ ᱥᱩᱨᱥᱩᱯᱩᱨ ᱫᱤᱞᱞᱤ ᱢᱮᱴᱨᱳ ᱤᱥᱴᱮᱥᱚᱱ ᱾
2021,"स्थानीय टैक्सी भी चेरापुँजी के लिए यात्रा करते हैं, और वे आपको कुछ दृष्टिकोणों और दृश्य देने के विकल्प देते हैं चेरापुँजी के मार्ग से (Elypaphys, और अन्य लोगों से देखें, और साथ ही चेम्व्‌जी sachogaka, और अन्य स्थानों में भी भेंट करते हैं।","ᱛᱷᱟᱹᱱᱤᱛ ᱴᱮᱠᱥᱤ ᱠᱚᱦᱚᱸ ᱪᱮᱨᱟᱯᱩᱧᱡᱤ ᱫᱷᱟᱹᱵᱤᱡ ᱪᱟᱞᱟᱜᱼᱟ ᱟᱨ ᱥᱤᱞᱚᱝ ᱠᱷᱚᱱ ᱪᱮᱨᱟᱯᱚᱧᱡᱤ ᱪᱟᱞᱟᱜ ᱰᱟᱦᱟᱨ ᱨᱮ ᱩᱱᱠᱩ ᱟᱢ ᱛᱦᱚᱲᱟᱜᱟᱱ ᱰᱤᱭᱯᱚᱭᱮᱱᱴ ᱟᱨ ᱧᱮᱧᱮᱞ ᱴᱷᱟᱶ ᱨᱮ ᱛᱮᱜᱚᱸ ᱨᱮᱭᱟᱜ ᱵᱷᱮᱜᱟᱨ ᱮ ᱮᱢᱞᱮᱫᱟ (ᱮᱞᱤᱯᱷᱮᱱᱴ ᱦᱩᱫᱦᱩᱫᱤ, ᱢᱟᱣᱚᱠᱰᱚᱠ ᱰᱤᱢᱯᱮᱯ ᱵᱷᱮᱞᱤ ᱵᱷᱤᱭ ᱟᱨ ᱮᱴᱟᱜ) ᱚᱱᱟ ᱥᱟᱶᱛᱮ ᱪᱮᱨᱟᱯᱩᱧᱡᱤ ᱨᱮᱭᱟᱜ ᱧᱮᱧᱮᱞ ᱴᱷᱟᱶᱠᱚᱨᱮ ᱛᱮᱜᱚᱸᱱ ᱨᱮᱭᱟᱜ ᱫᱟᱣ ᱛᱟᱦᱮᱸᱱ (ᱢᱟᱣᱥᱚᱢᱟᱭ ᱜᱚᱝᱦᱚᱨ, ᱪᱮᱨᱟᱯᱩᱧᱡᱤ ᱤᱠᱳ ᱯᱟᱨᱠ, ᱱᱳᱦᱳᱥᱚᱱᱛᱷᱤᱭᱟᱝ ᱦᱩᱫᱦᱩᱫᱤ ᱥᱮᱵᱷᱮᱱ ᱥᱤᱥᱴᱟᱨ ᱦᱩᱫᱦᱩᱫᱤ )᱾"
2022,"राष्ट्रीय पार्क में यात्रा करनेवाले अनेक विकल्प होते हैं, जिनमें रिमोट उत्तर रिम भी शामिल हैं; और अधिक पहुँच (और इसलिए ज़्यादा भीड़); कैफीन के कुछ भाग, जैसे कि Pacraan Ran K या कोर नदी के भाग, जिस पर अनेक नाव यात्रा की जाती है ।","ᱡᱟᱹᱛᱤᱭᱟᱹᱨᱤ ᱵᱟᱜᱽᱟᱱᱨᱮ ᱦᱮᱡ ᱟᱠᱟᱱ ᱧᱮᱧᱮᱞᱤᱭᱟᱹ ᱠᱚ ᱴᱷᱮᱱ ᱟᱭᱢᱟ ᱦᱚᱨᱟ ᱢᱮᱦᱟᱜᱼᱟ ᱡᱟᱦᱟᱸᱨᱮ ᱥᱮᱞᱮᱫ ᱢᱮᱱᱟᱜᱼᱟ ᱩᱛᱛᱚᱨ ᱨᱤᱢ ᱨᱮᱭᱟᱜ ᱥᱤᱢᱟᱹ,ᱦᱚᱲ ᱡᱟᱹᱥᱛᱤ ᱠᱚ ᱥᱮᱱᱚᱜᱼᱟ (ᱟᱨ ᱚᱱᱟᱛᱮ ᱟᱹᱰᱤ ᱜᱟᱹᱦᱩᱞ) ᱫᱚᱠᱠᱷᱤᱱ ᱨᱤᱢ, ᱜᱤᱨᱤᱠᱷᱟᱹᱛ ᱨᱮᱭᱟᱜ ᱠᱤᱪᱷᱤ ᱦᱤᱸᱥ ᱡᱮᱞᱮᱠᱟ ᱯᱷᱮᱱᱴᱚᱢ ᱨᱮᱧᱡᱽ ᱥᱮ ᱠᱚᱞᱚᱨᱟᱰᱳ ᱜᱟᱰᱟ, ᱡᱟᱦᱟᱸᱨᱮ ᱟᱭᱢᱟ ᱞᱟᱹᱣᱠᱟᱹ ᱦᱩᱡᱩᱜ ᱥᱮᱱᱚᱜᱼᱟ ᱾"
2023,और यह दुनिया के सात प्राकृतिक आश्‍चर्यों में से एक है ।,ᱜᱨᱮᱱᱰ ᱠᱮᱱᱤᱭᱚᱱ ᱫᱚ ᱩᱛᱛᱟᱹᱨ ᱮᱨᱤᱡᱳᱱᱟᱨᱮ ᱢᱮᱱᱟᱜ ᱟᱨ ᱱᱤᱭᱟᱹ ᱫᱚ ᱢᱟᱨᱠᱤᱱ ᱡᱩᱠᱛᱚᱨᱟᱥᱴᱨᱚ ᱨᱮᱭᱟᱜ ᱧᱩᱢᱟᱱᱟᱜ ᱥᱟᱝᱜᱷᱟᱨ ᱨᱤᱡᱷᱟᱹᱣᱟᱱᱟᱜ ᱚᱱᱟᱥᱟᱶᱛᱮ ᱡᱮᱜᱮᱫᱽ ᱨᱮᱭᱟᱜ ᱮᱭᱟᱭᱜᱚᱴᱮᱡᱽ ᱥᱟᱪᱟᱨᱦᱮᱫᱽ ᱦᱟᱦᱟᱲᱟ ᱨᱮᱭᱟᱜ ᱢᱤᱫᱴᱟᱝ ᱠᱟᱱᱟ ᱾
2024,दिसंबर 2000 में नॉगेलैंड की सरकार ने दुबारा चुना ताकि आपसी रिश्‍ते को बढ़ावा दे और राज्य की सांस्कृतिक विरासत को बढ़ावा दे सके ।,ᱡᱮᱜᱮᱫᱡᱟᱠᱟᱫ ᱟᱱᱟᱜ ᱢᱤᱛᱷᱚᱥᱠᱨᱤᱭᱟ ᱩᱫᱜᱟᱹᱣ ᱞᱟᱹᱜᱤᱫ ᱟᱨ ᱯᱚᱱᱚᱛ ᱨᱮᱭᱟᱜ ᱞᱟᱠᱪᱟᱨ ᱥᱮᱨᱶᱟ ᱯᱨᱚᱪᱟᱨ ᱨᱮ ᱒᱐᱐᱐ ᱥᱟᱹᱦᱤᱛ ᱨᱮᱭᱟᱜ ᱱᱟᱜᱟᱞᱮᱱᱰ ᱥᱚᱨᱠᱟᱨ ᱫᱟᱨᱟᱭ ᱛᱮ ᱦᱚᱱᱵᱤᱞ ᱯᱚᱨᱚᱵᱽ ᱮᱛᱚᱦᱚᱵ ᱠᱚᱨᱟᱣ ᱦᱩᱭ ᱞᱮᱱᱟ ᱾
2025,"चर्च के स्ट्रीट में सात ग्यारह रस की दुकान, को भी स्थानीय लोगों द्वारा ""काउजाई"" कहा जाता है, एक अच्छा लटका जगह है.","ᱪᱟᱨᱪ ᱥᱴᱨᱤᱴᱨᱮ ᱥᱮᱵᱷᱮᱱ ᱤᱞᱮᱵᱷᱮᱱ ᱥᱚᱨᱵᱚᱛ ᱨᱮᱭᱟᱜ ᱫᱚᱠᱟᱱ ᱫᱚ ᱢᱤᱫᱴᱟᱝ ᱵᱷᱟᱜᱤ ᱚᱠᱛᱚ ᱵᱤᱛᱟᱹᱣ ᱨᱮᱭᱟᱜ ᱡᱟᱭᱜᱟ, ᱡᱟᱦᱟᱸ ᱫᱚ ᱛᱷᱟᱹᱱᱤᱛ ᱦᱚᱲᱠᱩ ""ᱡᱩᱥ ᱠᱚᱲᱟᱭ"" ᱧᱩᱛᱩᱢᱛᱮ ᱦᱚᱸ ᱠᱩ ᱦᱚᱦᱚᱭᱟ ᱾"
2026,एक व्यक्‍तिगत स्वर - पत्र के बिना एक व्यक्‍ति को प्राप्त करना असंभव है ।,ᱟᱱᱫᱟᱢᱟᱱ ᱨᱮᱭᱟᱜ ᱥᱚᱨᱮᱥ ᱫᱟᱜᱽᱨᱮ ᱩᱱᱩᱢᱚᱜᱽ ᱡᱟᱭᱜᱟᱠᱩ ᱢᱮᱱᱟᱜᱼᱟ ᱥᱟᱸᱜᱤᱧ ᱥᱮᱡᱽᱨᱮ ᱟᱨ ᱱᱤᱡᱽ ᱤᱭᱚᱴ ᱪᱟᱨᱴᱟᱨ ᱪᱷᱟᱰᱟ ᱥᱮᱴᱮᱨᱚᱜᱽ ᱫᱚ ᱵᱟᱝ ᱦᱩᱭᱫᱟᱲᱮᱭᱟᱜᱼᱟ ᱾
2027,"वाडली विश्व के केंद्र चार प्रसंग पार्क हैं: जादुई राज्य, Epcot, डिस्टीनी के हॉलीवुड, और नीनी के पशु राज्य।","ᱚᱣᱟᱞᱴ ᱰᱤᱡᱱᱤ ᱳᱣᱟᱞᱰ ᱨᱮᱭᱟᱜ ᱛᱟᱞᱢᱟᱴᱩᱰᱟᱹᱜ ᱦᱩᱭᱩᱜᱽᱠᱟᱱᱟ ᱯᱩᱱᱭᱟ ᱛᱦᱤᱢ ᱯᱟᱨᱠᱺ ᱫᱟ ᱢᱮᱡᱤᱠ ᱠᱤᱝᱰᱚᱢ, ᱮᱯᱠᱚᱴ, ᱰᱤᱡᱱᱤᱭᱟᱜ ᱦᱚᱞᱤᱭᱩᱰ ᱥᱴᱩᱰᱤᱭᱳ ᱟᱨ ᱰᱤᱡᱱᱤᱭᱟᱜ ᱮᱱᱤᱢᱟᱞ ᱠᱤᱝᱰᱚᱢ ᱾"
2028,"Carcutiine दो अलग उप-जैसे भोजन से मुख्य रूप से बना है, गार्सिलिल और कुमायन, हालांकि उनकी मूल सामग्री एक ही है.","ᱢᱩᱬᱩᱫ ᱞᱟᱹᱠᱛᱤᱭᱟᱱ ᱥᱟᱯᱟᱵ ᱢᱤᱫ ᱦᱩᱭᱞᱮᱱ ᱨᱮᱦᱚᱸ, ᱤᱥᱤᱱᱦᱚᱨᱟ ᱢᱮᱱᱟᱜᱼᱟ ᱜᱟᱲᱳᱣᱟᱞ ᱟᱨ ᱠᱩᱢᱟᱭᱩᱱ ᱨᱮᱭᱟᱜ ᱵᱷᱮᱜᱟᱨ ᱵᱟᱨᱭᱟ'ᱜᱚᱴᱟᱝ ᱥᱟᱸᱜᱟᱼᱴᱚᱴᱷᱟ ᱨᱮᱭᱟᱜ ᱡᱚᱢᱟᱜ ᱾"
2029,"एक ३२ मील लंबा, सकेत बाहरी चैनल मोतटो गाँव के पास, बैंगलो खाड़ी से जुड़ता है ।","ᱢᱳᱛᱛᱳ ᱟᱹᱛᱩ ᱨᱮᱭᱟᱜ ᱥᱩᱨᱥᱩᱯᱩᱨ ᱨᱮ ᱢᱤᱫᱴᱟᱝ ᱓᱒ ᱠᱤᱢᱤ ᱡᱮᱞᱮᱧ, ᱥᱟᱠᱲᱟ ᱵᱟᱨᱦᱮ ᱨᱮᱭᱟᱜ ᱱᱟᱹᱭᱼᱰᱟᱦᱟᱨ ᱥᱟᱸᱜᱟᱫᱚᱨᱭᱟ ᱫᱚ ᱵᱚᱝᱜᱚᱯᱚᱥᱟᱜᱚᱨ ᱥᱟᱶᱛᱮᱭ ᱥᱮᱞᱮᱫ ᱟᱠᱟᱫᱟ ᱾"
2030,"अमेरिका के शिक्षा प्रणाली में, अंग्रेजी उपदेश का माध्यम है, जबकि Dzonga राष्ट्रीय भाषा के रूप में सिखाया जाता है.","ᱵᱷᱩᱴᱟᱱ ᱨᱮᱭᱟᱜ ᱥᱮᱪᱮᱫ ᱵᱚᱱᱫᱮᱡ ᱨᱮ, ᱥᱮᱪᱮᱫ ᱨᱮᱭᱟᱜ ᱢᱟᱫᱷᱚᱢ ᱤᱝᱨᱟᱹᱡᱤ ᱦᱩᱭᱞᱮᱱ ᱨᱮᱦᱚᱸ ᱡᱟᱹᱛᱤᱭᱟᱹᱨᱤ ᱯᱟᱹᱨᱥᱤ ᱦᱤᱥᱟᱹᱵᱛᱮ ᱡᱚᱝᱠᱷᱟ ᱪᱮᱪᱮᱫ ᱦᱩᱭᱩᱜᱼᱟ ᱾"
2031,"एशिया कला के लिए समर्पित मुख्य दीर्घा है दीर्घा ३३, चीनी, भारतीय उप - क्षेत्र, और दक्षिण एशियाई वस्तुओं के व्यापक प्रदर्शन के साथ ।","ᱪᱤᱱ, ᱵᱷᱟᱨᱛᱤᱭ ᱩᱯᱢᱟᱦᱟᱫᱤᱥᱚᱢ ᱨᱮ ᱟᱨ ᱫᱚᱠᱠᱷᱤᱱ ᱼ ᱯᱩᱨᱩᱵ ᱮᱥᱤᱭᱟ ᱡᱤᱱᱤᱥ ᱠᱚ ᱟᱹᱰᱤ ᱟᱭᱢᱟ ᱯᱮᱨᱮᱡ ᱯᱩᱨᱟᱱ ᱥᱚᱦᱚ ᱡᱟᱫᱩᱚᱲᱟᱜᱨᱮ ᱢᱩᱬᱩᱛ ᱧᱮᱞ ᱥᱚᱫᱚᱨ ᱚᱲᱟᱜ ᱫᱚ, ᱡᱟᱦᱟ ᱮᱥᱤᱭᱟ ᱠᱟᱹᱨᱤᱨᱮ ᱢᱤᱢᱤᱫ ᱮᱢ ᱟᱠᱟᱱᱟ, ᱡᱟᱦᱟ ᱦᱩᱭᱩᱜ ᱠᱟᱱᱟ ᱓᱓ ᱱᱚᱢᱵᱚᱨ ᱜᱮᱞᱟᱨᱤ"
2032,"ये छोटे - छोटे जानवर हैं, जिनकी पहचान हरी - सी है ।","ᱡᱟᱦᱟᱸᱭ ᱡᱟᱦᱟᱸᱭ ᱠᱚᱢᱧᱮᱞᱚᱜᱽ ᱟᱨ ᱪᱟᱵᱟᱜᱽᱠᱟᱱ ᱡᱤᱭᱟᱹᱞᱤ ᱯᱨᱚᱡᱟᱹᱛᱤ ᱠᱩ ᱪᱤᱱᱦᱟᱹᱣᱟᱠᱟᱱᱟ ᱩᱝᱠᱩ ᱫᱚ ᱠᱩ ᱦᱩᱭᱩᱜᱠᱟᱱᱟ ᱥᱟᱹᱢᱩᱫ ᱦᱚᱨᱚ, ᱰᱚᱜᱚᱝ, ᱤᱨᱟᱵᱚᱛᱤ ᱰᱚᱞᱯᱷᱤᱱ, ᱦᱮᱸᱫᱮ ᱡᱤᱞ, ᱪᱟᱢᱚᱪᱼᱵᱤᱞ ᱥᱮᱱᱰᱯᱟᱭᱯᱟᱨ, ᱪᱤᱞᱠᱟᱨᱮᱱ ᱛᱤᱼᱡᱟᱸᱜᱟ ᱵᱟᱹᱱᱩᱜ ᱪᱮᱨᱪᱮᱴᱮᱡᱽ ᱟᱨ ᱨᱩᱸᱰᱟᱹ ᱾"
2033,"राज्य अपने तटीय क्षेत्रों में कई किनारों पर है, जैसे कि Rukeaa, Jaragau, Sagagau, Sagagaamaaamamaaaaa., भारतीय चट्टानों के रूप में गुफा के रूप में गुफा, और देश की दूसरी सबसे छोटी गुफा, loms.","ᱱᱚᱶᱟ ᱯᱚᱱᱚᱛ ᱨᱮᱭᱟᱜ ᱥᱟᱢᱩᱫᱽ ᱟᱲᱮ ᱛᱷᱚᱱᱚᱛ ᱠᱚᱨᱮ ᱠᱤᱪᱷᱤ ᱥᱟᱢᱩᱫᱽᱥᱳᱭᱠᱚᱛ ᱢᱮᱱᱟᱜᱼᱟ ᱡᱮᱞᱮᱠᱟ ᱨᱤᱥᱤᱠᱳᱱᱰᱟ, ᱢᱟᱭᱯᱟᱰᱩ, ᱥᱩᱨᱡᱚᱞᱚᱝᱠᱟ ᱮᱢᱟᱱ, ᱜᱷᱚᱝᱜᱚᱨ ᱢᱮᱱᱟᱜᱼᱟ ᱡᱮᱞᱮᱠᱟ ᱵᱳᱨᱟ ᱜᱷᱚᱝᱜᱚᱨ, ᱩᱱᱫᱟᱵᱷᱟᱞᱞᱤ ᱜᱷᱚᱝᱜᱚᱨ ᱡᱟᱦᱟᱸ ᱫᱚ ᱵᱷᱟᱨᱚᱛᱨᱮ ᱫᱦᱤᱨᱤ ᱠᱩᱱᱫᱟᱹᱣ ᱟᱹᱨᱤ ᱨᱮᱭᱟᱜ ᱪᱤᱛᱟᱹᱨ ᱮ ᱵᱚᱨᱱᱚᱱᱼᱟ ᱟᱨ ᱫᱤᱥᱚᱢ ᱨᱮᱭᱟᱜ ᱫᱚᱥᱟᱨ ᱡᱮᱹᱞᱮᱹᱧᱟᱱ ᱜᱷᱚᱝᱜᱚᱨ ᱵᱮᱞᱟᱢ ᱜᱷᱚᱝᱜᱚᱨ ᱾"
2034,गडाडाना हर हफ्ते क्रिसमस द्वीप की यात्रा के दौरान हुई किताब के साथ खुले खुले मैदान से उड़ती है।,ᱠᱷᱨᱤᱥᱢᱟᱥ ᱟᱭᱞᱮᱱᱰ ᱴᱨᱟᱵᱷᱮᱞ ᱵᱚᱫᱚᱞ ᱛᱟᱞᱟᱛᱮ ᱵᱩᱠᱤᱝ ᱠᱟᱛᱮ ᱜᱚᱨᱩᱲ ᱤᱱᱫᱳᱱᱮᱥᱤᱭᱟ ᱡᱟᱠᱟᱨᱛ ᱠᱷᱚᱱ/ᱫᱷᱟᱹᱵᱤᱡ ᱥᱟᱯᱛᱟ ᱨᱮᱭᱟᱜ ᱳᱯᱮᱱ ᱪᱟᱨᱴᱟᱨ ᱩᱰᱟᱹᱱ ᱜᱟᱹᱰᱤ ᱪᱟᱪᱟᱞᱟᱣ ᱞᱮᱫᱟᱭ ᱾
2035,दिसंबर 2020 के दौरान भारत में 553 जंगली घर बनाए गए ।,"ᱰᱤᱥᱮᱢᱵᱚᱨ ᱒᱐᱒᱐ ᱨᱮᱭᱟᱜ ᱦᱤᱥᱟᱹᱵᱛᱮ, ᱑,᱑᱙,᱗᱗᱖ ᱵᱚᱨᱜᱚᱠᱤᱢᱤ (᱔᱖,᱒᱔᱖ ᱵᱚᱨᱜᱚ ᱢᱟᱭᱤᱞ) ᱫᱷᱟᱹᱵᱤᱡ ᱵᱷᱟᱨᱚᱛ ᱨᱮ ᱕᱕᱓ ᱜᱚᱴᱟᱝ ᱵᱤᱨᱡᱤᱭᱟᱹᱞᱤ ᱜᱟᱹᱦᱤᱨᱵᱤᱨ ᱛᱷᱟᱯᱚᱱ ᱟᱠᱟᱱᱟ ᱾"
2036,"कानावा के पड़ोसी नाही के दाखमधु से भी कम लाभ है, नीक - होटल में नीक - निका - निका - निया - निकार में काफ़ी कुछ उपयुक्‍त पट्टी हैं, पैरिस के शहर में, शहर बार - शहर के एक बहुत प्रसिद्ध, और समुद्र तट पर सरकार द्वारा स्थित एक बहुत मशहूर है ।","ᱯᱩᱲᱥᱤ ᱛᱟᱢᱤᱞᱱᱟᱰᱩ ᱠᱷᱚᱱ ᱠᱟᱹᱨᱟᱹᱭᱠᱟᱹᱞ ᱨᱮ ᱯᱟᱹᱣᱨᱟᱹ ᱫᱚ ᱥᱚᱥᱛᱟᱜᱮᱭᱟ, ᱠᱟᱹᱨᱟᱹᱭᱠᱟᱹᱞᱨᱮ ᱵᱮᱥ ᱠᱤᱪᱷᱩ ᱯᱤᱲᱦᱤ ᱪᱮᱛᱟᱱ ᱯᱤᱲᱦᱤ ᱵᱟᱨ ᱢᱮᱱᱟᱜᱼᱟ ᱼ ᱱᱚᱱᱫᱚ ᱦᱳᱴᱮᱞ ᱨᱮᱭᱟᱜ ᱱᱟᱜᱟᱨᱟ ᱵᱟᱨ, ᱯᱮᱨᱤᱥ ᱤᱱᱴᱟᱨᱱᱮᱥᱚᱱᱟᱞ ᱨᱮᱭᱟᱜ ᱛᱷᱟᱱᱰᱟᱨ ᱵᱟᱨ, ᱥᱤᱴᱤ ᱵᱟᱨ ᱼ ᱥᱚᱦᱚᱨ ᱨᱮᱭᱟᱜ ᱢᱤᱫᱴᱟᱝ ᱟᱹᱫᱤ ᱧᱩᱢᱟᱱ ᱟᱨ ᱯᱚᱱᱰᱤᱪᱮᱨᱤ ᱥᱚᱨᱠᱟᱨᱟᱜ ᱢᱟᱹᱞᱤᱠ ᱜᱚᱵᱚᱞ ᱫᱟ ᱥᱤ ᱜᱩᱞᱥ ᱨᱮᱥᱴᱩᱨᱮᱱᱴ ᱡᱟᱦᱟᱸ ᱫᱚ ᱥᱟᱹᱢᱩᱫ ᱟᱲᱮᱨᱮ ᱢᱮᱱᱟᱜ ᱟᱨ ᱟᱹᱭᱩᱵᱵᱮᱲᱟ ᱟᱰᱰᱟ ᱨᱮ ᱫᱩᱲᱩᱵ ᱵᱷᱟᱜᱤᱭᱟ ᱾"
2037,"माँ, चलो कल एक फिल्म के लिए चलते हैं.","ᱜᱚ, ᱜᱟᱯᱟ ᱢᱚᱵᱷᱤ ᱧᱮᱞᱵᱚᱱ ᱪᱚᱞᱚᱜᱼᱟ ᱾"
2038,मुझे स्कूल जाने की ज़रूरत नहीं है.,ᱤᱧ ᱫᱚ ᱥᱠᱩᱞ ᱵᱟᱝ ᱪᱟᱞᱟᱜᱽ ᱦᱩᱭᱩᱜᱽᱛᱤᱧᱟ ᱾
2039,यह एक छुट्टी है.,ᱡᱤᱨᱟᱹᱣ ᱢᱟᱸᱦᱟ ᱠᱟᱱᱟ ᱾
2040,"ओह, कल अप्रैल का 14वां है?","ᱳᱦ, ᱜᱟᱯᱟ ᱫᱚ ᱑᱔ ᱮᱯᱨᱤᱞ ᱠᱟᱱᱟ ᱥᱮ ᱵᱟᱝ ?"
2041,तुम्हारे पिताजी भी काम से दिन दूर हो जाएगा.,ᱟᱢ ᱵᱟᱵᱟᱣᱟᱜᱽ ᱦᱚᱸ ᱜᱟᱯᱟ ᱠᱟᱹᱢᱤᱨᱮ ᱪᱷᱩᱴᱤ ᱛᱟᱦᱮᱸᱛᱟᱭᱟ ᱾
2042,हम एक फिल्म योजना बना सकते हैं!,ᱟᱵᱩ ᱫᱚ ᱥᱤᱱᱟᱹᱢᱟ ᱧᱮᱞ ᱪᱟᱞᱟᱜᱽ ᱨᱮᱭᱟᱜ ᱵᱩᱱ ᱯᱞᱟᱱ ᱫᱟᱲᱤᱭᱟᱜᱽᱼᱟ !
2043,यह एक अच्छी खबर है!,ᱚᱱᱟ ᱫᱚ ᱨᱟᱹᱥᱠᱟᱹ ᱠᱷᱚᱵᱚᱨ !
2044,यद्यपि यह एक छुट्टी क्यों है?,ᱢᱮᱱᱠᱷᱟᱱ ᱪᱷᱩᱴᱤ ᱫᱚ ᱪᱮᱫᱽ ᱞᱟᱹᱜᱤᱫᱽ ?
2045,"क्या सभी स्कूल, कॉलेज और कार्यालय कल बंद हैं?",ᱜᱟᱯᱟ ᱫᱚ ᱪᱮᱫᱽ ᱡᱚᱛᱚ ᱥᱠᱩᱞ ᱠᱚᱞᱮᱡᱽᱠᱩ ᱵᱚᱸᱫᱜᱤᱭᱟ ?
2046,यह कल marcutirocut है!,ᱜᱟᱯᱟ ᱫᱚ ᱟᱢᱵᱮᱫᱠᱟᱨ ᱡᱚᱭᱚᱱᱛᱤ ᱠᱟᱱᱟ !
2047,इस दिन डॉ. आर.,ᱱᱤᱭᱟᱹ ᱢᱟᱸᱦᱟ ᱫᱚ ᱡᱟᱣᱥᱮᱨᱢᱟ ᱰᱚᱠᱴᱚᱨ ᱵᱤᱹ ᱟᱨ ᱟᱢᱵᱮᱫᱠᱟᱨᱟᱜᱽ ᱡᱟᱱᱟᱢ ᱢᱟᱸᱦᱟ ᱞᱮᱠᱟᱛᱮ ᱢᱟᱱᱟᱜᱽᱠᱟᱱᱟ ᱾
2048,आप उसके बारे में सुना है?,ᱟᱢ ᱫᱚ ᱩᱱᱤᱭᱟᱜ ᱧᱩᱛᱩᱢᱮᱢ ᱟᱸᱡᱚᱢᱟᱠᱟᱫᱟ ?
2049,मुझे लगता है कि मैं उसे अपने इतिहास में और CAF पुस्तक में देखा है।,ᱤᱧ ᱫᱤᱥᱟᱹᱭᱟ ᱤᱧ ᱫᱚ ᱱᱟᱜᱟᱢ ᱯᱚᱛᱚᱵ ᱟᱨ ᱱᱟᱜᱟᱨᱤᱭᱟᱹ ᱥᱟᱸᱬᱮᱥ ᱨᱮ ᱧ ᱧᱮᱞᱟᱠᱟᱫᱟ ᱾
2050,वह हमारे संविधान से संबंधित है?,ᱩᱱᱤ ᱫᱚ ᱪᱮᱫ ᱟᱵᱩᱣᱟᱜᱽ ᱥᱚᱝᱵᱤᱫᱷᱟᱱ ᱥᱟᱶ ᱡᱟᱸᱦᱟᱞᱮᱠᱟ ᱡᱚᱯᱚᱲᱟᱣ ᱢᱮᱱᱟᱭᱟ ᱾
2051,"बेशक, उसे भारतीय संविधान का पिता कहा जाता है ।",ᱱᱤᱦᱟᱹᱛᱜᱤ! ᱩᱱᱤ ᱫᱚ ᱵᱷᱟᱨᱚᱛᱤᱭᱟᱹ ᱥᱚᱝᱵᱤᱫᱷᱟᱱᱨᱮᱱ ᱚᱱᱚᱞᱤᱭᱟᱹ ᱠᱟᱱᱟᱭ ᱾
2052,उन्होंने कहा कि एक नागरिक अधिकार कार्यकर्ता था जिन्होंने संविधान को बनाने में एक अहम भूमिका निभायी।,ᱩᱱᱤ ᱫᱚ ᱢᱤᱫᱦᱚᱲ ᱱᱟᱜᱟᱨᱤᱭᱟᱹ ᱟᱹᱭᱫᱟᱹᱨ ᱠᱟᱹᱢᱤᱭᱟᱹᱭ ᱛᱟᱦᱮᱸᱠᱟᱱᱟ ᱡᱟᱸᱦᱟᱭ ᱫᱚ ᱥᱚᱝᱵᱤᱫᱷᱟᱱ ᱵᱮᱱᱟᱣᱨᱮ ᱢᱩᱲᱩᱫᱽ ᱮᱱᱮᱢᱮ ᱫᱚᱦᱚᱞᱮᱫᱟ ᱾
2053,"भारत में खुद पर गर्व करता है, इसलिए वह ज़बरदस्त लोकतंत्रीय संरचना बनाने में एक अहम भूमिका निभाता है ।",ᱩᱱᱤ ᱫᱚ ᱡᱤᱭᱟᱹᱲ ᱜᱚᱱᱚᱛᱟᱱᱛᱨᱤᱠ ᱜᱚᱲᱦᱚᱱ ᱵᱮᱱᱟᱣᱨᱮ ᱢᱤᱫᱽ ᱢᱩᱲᱩᱫᱽ ᱮᱱᱮᱢᱮ ᱯᱟᱞᱚᱱᱞᱮᱫᱟ ᱡᱟᱸᱦᱟ ᱞᱟᱹᱜᱤᱫᱽ ᱵᱷᱟᱨᱚᱛ ᱫᱚ ᱜᱚᱨᱚᱵᱮ ᱵᱩᱡᱷᱟ ᱾
2054,अब मुझे याद है!,ᱱᱤᱛᱚᱜᱽᱤᱧ ᱫᱤᱥᱟᱹᱭᱮᱫᱟ !
2055,हम दूसरे दिन उनके बारे में चर्चा कर रहे थे ।,ᱮᱱᱦᱤᱞᱚᱜ ᱟᱞᱮ ᱫᱚ ᱱᱟᱜᱟᱨᱤᱭᱟᱹ ᱥᱟᱸᱬᱮᱥ ᱠᱞᱟᱥᱨᱮ ᱩᱱᱤ ᱵᱟᱵᱚᱫᱽᱞᱮ ᱜᱟᱞᱚᱪᱮᱫᱽᱠᱟᱱ ᱛᱟᱦᱮᱸᱠᱟᱱᱟ ᱾
2056,मैडम ने कहा कि वह हमें उसके बारे में और अधिक बता देगा जब हम भारतीय संविधान का अध्याय करेंगे,ᱢᱟᱪᱮᱫᱟᱹᱱᱤᱭ ᱞᱟᱹᱭᱟᱠᱟᱫᱟ ᱡᱮ ᱩᱱᱤ ᱫᱚ ᱵᱷᱟᱨᱚᱛᱤᱭᱟᱹ ᱥᱚᱝᱵᱤᱫᱷᱟᱱ ᱦᱟᱹᱴᱤᱧᱞᱮ ᱯᱟᱲᱦᱟᱣᱟ ᱛᱚᱠᱷᱚᱱᱮ ᱞᱟᱹᱭᱟᱞᱮᱭᱟ ᱾
2057,"वह उस वर्ग को हटाने के लिए लड़ा जो समाज में प्रबल था, है ना?","ᱥᱟᱶᱛᱟᱨᱮ ᱢᱮᱱᱟᱜ ᱡᱟᱹᱛᱤ ᱵᱷᱮᱯᱮᱜᱮᱫᱽ ᱚᱪᱚᱜ ᱞᱟᱹᱜᱤᱫᱽᱮ ᱞᱟᱹᱲᱦᱟᱹᱭᱞᱮᱱᱟ, ᱥᱮ ᱵᱟᱝ ?"
2058,"जी हाँ, खुद की जाँच करने पर उसे एहसास हुआ कि यह कितना मुश्‍किल है कि इलाज करना कितना मुश्‍किल है ।",ᱦᱮᱸ ᱾ ᱱᱤᱡᱽ ᱫᱟᱹᱞᱤᱛ ᱞᱮᱠᱟᱛᱮ ᱵᱩᱡᱷᱦᱟᱹᱣᱞᱮᱫᱟ ᱡᱮ ᱵᱷᱮᱯᱮᱜᱟᱨ ᱵᱟᱹᱲᱤᱡᱽ ᱚᱨᱡᱚ ᱡᱟᱸᱜᱮ ᱫᱟᱨᱟᱢ ᱫᱚ ᱛᱤᱱᱟᱹᱜ ᱟᱸᱴᱟ ᱢᱮᱱᱛᱮ ᱾
2059,"इस प्रकार, वह निम्न वर्ग के अधिकारों के लिए लड़ाई लड़ी.","ᱱᱚᱧᱠᱟᱞᱮᱠᱟᱛᱮ, ᱩᱱᱤ ᱫᱚ ᱱᱤᱪᱡᱟᱹᱛᱤ ᱠᱩᱣᱟᱜ ᱟᱹᱭᱫᱟᱹᱨ ᱞᱟᱹᱜᱤᱫᱽᱛᱮᱭ ᱞᱟᱹᱲᱦᱟᱹᱭᱞᱮᱱᱟ ᱾"
2060,उसने पक्षपात के विरुद्ध व्यापक अभियान चलाया और विजयी हुआ ।,ᱩᱱᱤ ᱫᱚ ᱵᱷᱮᱯᱮᱜᱮᱫᱽ ᱵᱤᱨᱩᱫ ᱟᱭᱢᱟᱭ ᱯᱨᱚᱪᱟᱨᱟᱠᱟᱫᱟ ᱟᱨᱮ ᱡᱤᱛᱠᱟᱹᱨᱟᱠᱟᱱᱟ ᱾
2061,"वाह, क्या ही मज़बूत व्यक्‍तित्व!","ᱳᱦ, ᱛᱤᱱᱟᱹᱜ ᱠᱮᱴᱮᱡᱽ ᱢᱟᱹᱱᱢᱤ !"
2062,इसी कारण वह दिन सारी दुनिया में एक समान दिन के रूप में भी मनाया जाता है ।,ᱚᱱᱟ ᱞᱟᱹᱜᱤᱫᱽᱛᱮᱜᱤ ᱚᱱᱟ ᱢᱟᱦᱟ ᱫᱚ ᱜᱚᱴᱟ ᱩᱯᱟᱹᱯᱚᱱᱚᱛᱨᱮ ᱥᱟᱢᱢᱚ ᱫᱤᱵᱚᱥ ᱞᱮᱠᱟᱛᱮ ᱦᱚᱸ ᱢᱟᱱᱟᱜᱽᱠᱟᱱᱟ ᱾
2063,मुझे यकीन है कि आप स्कूल के अध्याय का अध्ययन करते समय इस आदमी के बारे में पढ़ने के लिए प्यार कर रहे हैं.,ᱤᱧᱫᱚᱧ ᱴᱷᱟᱹᱣᱠᱟᱹᱭᱟ ᱡᱮ ᱟᱢ ᱡᱚᱠᱷᱚᱱ ᱤᱥᱠᱩᱞᱨᱮ ᱚᱱᱟ ᱦᱟᱹᱴᱤᱧᱮᱢ ᱯᱟᱲᱦᱟᱣᱟ ᱩᱱᱤ ᱢᱟᱹᱱᱢᱤ ᱵᱟᱵᱚᱫ ᱯᱟᱲᱦᱟᱣᱨᱮ ᱠᱩᱥᱤᱢ ᱵᱩᱡᱷᱦᱟᱹᱣᱟ ᱾
2064,"हाँ माँ, मैं इसके लिए इंतजार नहीं कर सकते.","ᱦᱮᱸ ᱜᱚ, ᱤᱧ ᱵᱟᱧ ᱛᱟᱹᱜᱤ ᱫᱟᱲᱮᱭᱟᱜᱽᱠᱟᱱᱟ ᱾"
2065,मैं वास्तव में उत्सुक हूँ.,ᱤᱧ ᱫᱚ ᱟᱹᱰᱤᱜᱤᱧ ᱟᱹᱠᱩᱛᱟᱠᱟᱱᱟ ᱾
2066,"ठीक है, अब मुझे बताओ क्या फिल्म आप के लिए जाना चाहते हैं?","ᱴᱷᱤᱠᱜᱮᱭᱟ, ᱱᱤᱛᱚᱜ ᱞᱟᱹᱭᱢᱮ ᱟᱢ ᱫᱚ ᱚᱠᱟᱴᱟᱜᱽ ᱥᱤᱱᱟᱹᱢᱟ ᱧᱮᱞ ᱪᱟᱞᱟᱜᱮᱢ ᱠᱷᱚᱡᱚᱜᱽᱠᱟᱱᱟ ?"
2067,क्या आप नयी हैरतअंगेज़ फिल्म देखना चाहते हैं?,ᱟᱢ ᱠᱤ ᱢᱟᱨᱵᱷᱮᱞᱟᱜᱽ ᱱᱟᱶᱟ ᱥᱤᱱᱟᱹᱢᱟ ᱧᱮᱞᱮᱢ ᱠᱷᱚᱡᱚᱜᱽᱠᱟᱱᱟ ?
2068,तुम्हारा मतलब है डॉक्टर अजीब है और भूतकाल का कई उलटा?,ᱦᱮᱸ ᱢᱮᱱᱮᱫᱽ ᱫᱚ ᱰᱚᱠᱴᱚᱨ ᱥᱴᱨᱮᱧᱡᱽ ᱟᱨ ᱫᱟ ᱢᱟᱞᱴᱤᱵᱷᱟᱨᱥ ᱚᱯᱷ ᱢᱮᱰᱱᱮᱥ ?
2069,मैं इसे देखने के लिए मर रहा हूँ.,ᱤᱧ ᱫᱚ ᱚᱱᱟ ᱧᱮᱞ ᱞᱟᱹᱜᱤᱫᱤᱧ ᱯᱟᱜᱞᱟᱣᱟᱠᱟᱱᱟ ᱾
2070,आप टिकट पुस्तक कर सकते हैं?,ᱟᱢ ᱠᱤ ᱴᱤᱠᱤᱴᱮᱢ ᱵᱚᱠ ᱫᱟᱲᱮᱭᱟᱛᱟᱵᱩᱱᱟ ?
2071,मुझे पिताजी से बात करते हैं.,ᱤᱧ ᱵᱟᱵᱟ ᱥᱟᱶ ᱠᱟᱛᱷᱟᱧ ᱨᱚᱯᱚᱬᱞᱮᱱᱜᱤ ᱾
2072,"अरे, तुम पीछा कर रहे हैं. वेब डिजाइन में एक पाठ्यक्रम, है न?","ᱮᱤ, ᱟᱢ ᱫᱚ ᱳᱣᱮᱵᱰᱤᱡᱟᱭᱤᱱ ᱨᱮᱭᱟᱜ ᱠᱳᱨᱥᱮᱢ ᱠᱚᱨᱟᱣᱮᱫᱽ ᱠᱟᱱᱟ, ᱦᱮᱸ ᱥᱮ ?"
2073,"मेरे दोस्तों में से एक भी ऐसा करने के बारे में सोच रहा है, मैंने उससे कहा कि मैं इसके बारे में आप से कुछ जानकारी प्राप्त करेंगे।","ᱤᱧᱨᱮᱱ ᱢᱤᱫᱴᱟᱝ ᱜᱟᱛᱤ ᱚᱱᱟᱜᱤ ᱠᱚᱨᱟᱣᱮ ᱢᱮᱱᱮᱫᱽᱠᱟᱱᱟ ᱚᱱᱟᱛᱮ, ᱤᱧ ᱫᱚ ᱩᱱᱤᱧ ᱢᱮᱱᱟᱠᱟᱫᱤᱭᱟ ᱡᱮ ᱤᱧ ᱫᱚ ᱟᱢ ᱴᱷᱮᱱᱠᱷᱚᱱ ᱚᱱᱟ ᱵᱟᱵᱚᱫ ᱠᱤᱪᱦᱩ ᱛᱮᱛᱮᱫᱽᱤᱧ ᱧᱟᱢᱟ ᱢᱮᱱᱛᱮ ᱾"
2074,"हाँ, मैं अपने दूसरे साल में हूँ.","ᱦᱮᱸ, ᱤᱧ ᱫᱚ ᱫᱚᱥᱟᱨ ᱥᱮᱨᱢᱟᱨᱮᱱ ᱯᱟᱹᱴᱷᱣᱟᱹ ᱾"
2075,"यह बहुत अच्छा है, तो वह क्या जानना चाहता है?","ᱟᱹᱰᱤ ᱢᱚᱡᱽ, ᱟᱫᱚ ᱩᱱᱤ ᱫᱚ ᱪᱮᱫ ᱵᱟᱰᱟᱭ ᱥᱟᱱᱟᱭᱤᱫᱤᱠᱟᱱᱟ ?"
2076,कौन - से कॉलेज हैं जो वेब डिज़ाइन में एक स्नातक कोर्स प्रस्तुत करते हैं?,ᱳᱣᱮᱵ ᱰᱤᱡᱟᱭᱤᱱ ᱪᱮᱛᱟᱱ ᱰᱤᱯᱞᱳᱢᱟ ᱠᱳᱨᱥᱠᱩ ᱮᱢᱚᱜᱽᱠᱟᱱ ᱠᱚᱞᱮᱡᱽᱠᱩ ᱫᱚ ᱚᱠᱟᱠᱩ ?
2077,"वह अपने चुनाव के बारे में बहुत यकीन नहीं करती, इसलिए वह सिर्फ इस बिंदु पर यह कोशिश करना चाहती है.","ᱩᱱᱤ ᱫᱚ ᱟᱭᱟᱜᱽ ᱠᱩᱥᱤ ᱵᱟᱵᱚᱫ ᱟᱹᱰᱤ ᱵᱟᱭ ᱡᱚᱛᱷᱟᱛᱟ, ᱚᱱᱟᱛᱮ ᱩᱱᱤ ᱫᱚ ᱱᱤᱭᱟᱹ ᱚᱠᱛᱮ ᱚᱱᱟ ᱠᱩᱨᱩᱢᱩᱴᱩᱠᱟᱛᱮ ᱧᱮᱞᱮ ᱠᱷᱚᱡᱽᱚᱜᱽᱠᱟᱱᱟ ᱾"
2078,"ओह, मुझे लगता है कि मिलता है.","ᱴᱷᱤᱠ ᱜᱤᱭᱟ, ᱤᱧ ᱵᱩᱡᱷᱦᱟᱹᱣᱟᱠᱟᱫᱟ ᱾"
2079,"यह बहुत - सी कॉलेजों में भी उपलब्ध है जैसे Fhanant के स्कूल, पुर्न; स्टॆला कॉलेज, कनेई और लोला कॉलेज, कई अन्य लोगों के बीच कनेईएनेई ।","ᱟᱭᱢᱟ ᱮᱴᱟᱜᱽ ᱠᱚᱞᱮᱡᱽᱠᱩ ᱢᱩᱫᱽᱨᱮ ᱥᱠᱩᱞ ᱚᱯᱷ ᱯᱷᱮᱥᱚᱱ ᱴᱮᱠᱱᱳᱞᱚᱜᱤ, ᱯᱩᱱᱮ; ᱥᱴᱮᱞᱞᱟ ᱢᱟᱨᱤᱥ ᱠᱚᱞᱮᱡᱽ, ᱪᱮᱱᱱᱟᱭ ᱟᱨ ᱞᱚᱭᱚᱞᱟ ᱠᱚᱞᱮᱡᱽ, ᱪᱮᱱᱱᱟᱭ ᱞᱮᱠᱟᱱ ᱟᱭᱢᱟ ᱠᱚᱞᱮᱡᱽᱠᱩ ᱨᱮᱦᱚᱸ ᱧᱟᱢᱚᱜᱚᱜᱽᱼᱟ ᱾"
2080,"तुम सही, लोला कॉलेज के लिए गए थे?","ᱟᱢ ᱫᱚ ᱞᱚᱭᱚᱞᱟ ᱠᱚᱞᱮᱡᱽᱮᱢ ᱪᱟᱞᱟᱣᱞᱮᱱᱟ, ᱥᱟᱹᱨᱤᱜᱮ ?"
2081,"हाँ, मैं वहाँ अध्ययन किया.","ᱦᱮᱸ, ᱤᱧ ᱚᱸᱰᱮᱧ ᱯᱟᱲᱦᱟᱣᱟᱠᱟᱱᱟ ᱾"
2082,आप उल्लेख किया है कि इन कॉलेजों बहुत प्रसिद्ध हैं.,ᱟᱢ ᱧᱩᱛᱩᱢᱟᱜᱽ ᱠᱚᱞᱮᱡᱽᱠᱩ ᱫᱚ ᱵᱷᱟᱜᱤᱥᱟᱹᱦᱤᱫᱽᱤᱧ ᱚᱨᱚᱢᱟ ᱾
2083,प्रवेश प्रक्रिया क्या है?,ᱵᱚᱞᱚᱱᱠᱟᱹᱨᱤ ᱫᱚ ᱪᱮᱫᱽᱠᱟᱱᱟ ?
2084,"हाँ, कुछ कॉलेजों अपने प्रवेश परीक्षा का अभ्यास करते हैं.","ᱦᱮᱸ, ᱠᱤᱪᱷᱩ ᱠᱚᱞᱮᱡᱽ ᱫᱚ ᱟᱠᱩᱣᱟᱜᱽ ᱱᱤᱡᱽ ᱵᱚᱞᱚᱱ ᱵᱤᱰᱟᱹᱣᱠᱩ ᱦᱩᱭᱩᱪᱩᱭᱟ ᱾"
2085,वे 10वीं और 12वाँ मानक नंबरों को भी देखते हैं ।,ᱩᱝᱠᱩ ᱫᱚ ᱑᱐ ᱟᱨ ᱑᱒ ᱛᱷᱟᱹᱨ ᱜᱨᱟᱰ ᱦᱚᱸᱠᱩ ᱧᱮᱞᱟ ᱾
2086,राष्ट्रीय जाँच भी NDPEREENTEEETEEEEETEEENEEEEENEEEEENE की तरह कर रहे हैं.,ᱮᱱᱟᱭᱰᱤ ᱵᱚᱞᱚᱱ ᱵᱤᱰᱟᱹᱣ ᱞᱮᱠᱟᱱ ᱡᱟᱛᱤᱭᱚ ᱵᱤᱰᱟᱹᱣ ᱦᱚᱸ ᱢᱮᱱᱟᱜᱽᱼᱟ ᱾
2087,"मेरे दोस्त ने उसके तख्तों के लिए वास्तव में अच्छी तरह से किया था, तो वह किसी भी मूल्य आधारित प्रवेश द्वार में इक्का कर सकते हैं.","ᱤᱧᱨᱮᱱ ᱜᱟᱛᱤ ᱩᱱᱤᱭᱟᱜᱽ ᱵᱳᱰ ᱞᱟᱹᱜᱤᱫᱽ ᱥᱟᱹᱨᱤᱜᱤ ᱵᱷᱟᱜᱤᱭ ᱠᱚᱨᱟᱣᱟᱠᱟᱫᱟ, ᱚᱱᱟᱛᱮ ᱩᱱᱤ ᱫᱚ ᱡᱟᱦᱟᱸᱞᱮᱠᱟᱱ ᱡᱳᱜᱢᱟᱱᱟᱱ ᱵᱚᱞᱚᱱ ᱵᱤᱰᱟᱹᱣ ᱨᱮᱜᱤ ᱫᱟᱣᱮ ᱧᱟᱢ ᱫᱟᱲᱮᱭᱟᱜᱽᱼᱟ ᱾"
2088,वह अपने सृजनात्मक कौशल में इतना विश्‍वस्त नहीं है ।,ᱩᱱᱤ ᱫᱚ ᱟᱭᱟᱜᱽ ᱥᱤᱨᱡᱚᱱᱟᱱ ᱜᱟᱹᱠᱷᱩᱲ ᱪᱮᱛᱟᱱ ᱱᱤᱡᱽᱯᱟᱹᱛᱭᱟᱹᱣ ᱵᱟᱹᱱᱩᱜᱽᱛᱟᱭᱟ ᱾
2089,इन विश्‍वविद्यालयों में स्नातक कोर्स कब तक है?,ᱱᱤᱭᱟᱹᱠᱩ ᱡᱮᱜᱮᱫᱽᱵᱤᱫᱫᱟᱹᱜᱟᱲᱨᱮ ᱰᱤᱯᱞᱳᱢᱟ ᱠᱳᱨᱥ ᱫᱚ ᱛᱤᱱᱟᱹᱜᱽ ᱡᱮᱞᱮᱧ ?
2090,यह आम तौर पर एक या दो के बीच रहता है ।,ᱱᱤᱭᱟᱹ ᱫᱚ ᱥᱟᱫᱷᱟᱨᱚᱱ ᱞᱮᱠᱟᱛᱮ ᱢᱤᱫᱽ ᱥᱮ ᱵᱟᱨ ᱥᱨᱢᱟ ᱢᱩᱫᱽᱨᱮᱜᱤ ᱛᱷᱟᱹᱭᱤᱫᱚᱜᱽᱼᱟ ᱾
2091,यह वास्तव में आप पर सहमत होने वाले कॉलेज पर निर्भर करता है.,ᱚᱱᱟ ᱫᱚ ᱥᱟᱫᱷᱟᱨᱚᱱ ᱞᱮᱠᱟᱛᱮ ᱵᱚᱞᱚᱜᱽᱠᱟᱱ ᱠᱚᱞᱮᱡᱽ ᱪᱮᱛᱟᱱ ᱨᱮᱜᱤᱭ ᱱᱤᱨᱵᱷᱚᱨᱟ ᱾
2092,क्या वह करियर अच्छा है?,ᱠᱮᱨᱤᱭᱟᱨ ᱨᱮᱭᱟᱜ ᱵᱤᱠᱚᱞᱯᱚᱠᱩ ᱪᱮᱫᱽ ᱵᱷᱟᱜᱤ ?
2093,"हाँ, इस क्षेत्र में नौकरी संभावनाएं आशा कर रहे हैं.","ᱦᱮᱸ, ᱱᱤᱭᱟᱹ ᱠᱷᱮᱛᱨᱚᱨᱮ ᱪᱟᱹᱠᱨᱤ ᱨᱮᱭᱟᱜᱽ ᱦᱩᱭᱫᱟᱲᱮᱭᱟᱱᱟᱜᱽ ᱫᱚ ᱟᱥᱟᱞᱮᱠᱟᱱᱟᱜᱽ ᱜᱤ ᱾"
2094,यह ख़ासकर इस बात पर विचार कर रहा है कि संसार अधिकाधिक डिजिटल हो रहा है ।,ᱱᱤᱭᱟᱹ ᱫᱚ ᱵᱤᱥᱟᱹᱥ ᱠᱟᱭᱛᱮ ᱡᱮᱜᱮᱫᱽ ᱞᱟᱦᱟᱪᱟᱞᱟᱜᱽᱠᱟᱱ ᱰᱤᱡᱤᱴᱟᱞ ᱦᱩᱭ ᱤᱫᱤᱜᱽᱠᱟᱱ ᱢᱮᱱᱛᱮᱭ ᱵᱤᱵᱟᱹᱪᱚᱱᱟᱭᱮᱫᱟ ᱾
2095,मैं आप क्या मतलब देखते हैं.,ᱦᱮᱸᱹᱹᱹ ᱵᱩᱡᱷᱦᱟᱹᱣᱤᱫᱟᱹᱧ ᱪᱮᱫᱽᱮᱢ ᱢᱮᱱ ᱩᱪᱩᱭᱮᱫᱟ ᱢᱮᱱᱛᱮ ᱾
2096,क्या आप किसी को जानते हैं जिसने इस कोर्स को पहले लिया है?,ᱟᱢ ᱠᱤ ᱡᱟᱦᱟᱸᱭᱮᱢ ᱵᱟᱰᱟᱭᱠᱩᱣᱟ ᱡᱟᱦᱟᱸᱭ ᱫᱚ ᱱᱤᱭᱟᱹ ᱠᱳᱨᱥᱮ ᱞᱟᱦᱟᱨᱮᱭ ᱦᱟᱛᱟᱣᱟᱠᱟᱫᱟ ?
2097,"हाँ, मेरे एक दोस्त ने कुछ पाँच साल बाद वेब डिजाइन में एक स्नातक किया.","ᱦᱮᱸ, ᱤᱧᱨᱮᱱ ᱢᱤᱫᱽ ᱜᱟᱛᱤ ᱢᱚᱸᱲᱮ ᱥᱮᱨᱢᱟ ᱞᱟᱦᱟ ᱳᱣᱮᱵ ᱰᱤᱡᱟᱭᱤᱱ ᱪᱮᱛᱟᱱ ᱰᱤᱯᱞᱳᱢᱟᱭ ᱠᱚᱨᱟᱣᱟᱠᱟᱫᱟ ᱾"
2098,वह आज एक सफल वेब रचनाकार है ।,ᱩᱱᱤ ᱫᱚ ᱛᱤᱦᱤᱧ ᱢᱤᱫᱽ ᱡᱤᱛᱠᱟᱹᱨᱤᱭᱟᱹ ᱳᱣᱮᱵ ᱰᱤᱡᱟᱭᱤᱱᱟᱨ ᱠᱟᱱᱟᱭ ᱾
2099,"क्या मैं उसका संपर्क जानकारी रख सकता हूँ, अगर आप मन नहीं है?","ᱡᱟᱦᱟᱸᱱᱟᱜᱽ ᱵᱟᱢ ᱢᱚᱱᱮᱭ ᱠᱷᱟᱱ, ᱤᱧ ᱠᱤ ᱩᱱᱤᱭᱟᱜᱽ ᱡᱳᱜᱟᱡᱳᱜ ᱛᱮᱛᱮᱫᱽᱤᱧ ᱦᱟᱛᱟᱣ ᱫᱟᱲᱤᱭᱟᱜᱽᱼᱟ ?"
2100,इस वजह से मैं अपने दोस्त को दे सकती हूँ ताकि वह इस बारे में किसी से बात कर सके ।,ᱱᱚᱣᱟ ᱫᱚ ᱱᱤᱭᱟᱹ ᱞᱟᱹᱜᱤᱫᱽ ᱡᱟᱦᱟᱸᱛᱮ ᱫᱚ ᱤᱧ ᱤᱧᱨᱮᱱ ᱜᱟᱛᱤᱧ ᱮᱢ ᱫᱟᱲᱤᱭᱟᱭᱟ ᱟᱨ ᱩᱱᱤ ᱫᱚ ᱠᱳᱨᱥ ᱵᱟᱵᱚᱫ ᱵᱤᱪᱷᱱᱟᱹᱣ ᱥᱟᱹᱦᱤᱫᱽ ᱡᱟᱦᱟᱸᱭ ᱥᱟᱶ ᱠᱟᱛᱷᱟᱭ ᱢᱮᱱᱫᱟᱲᱤᱭᱟᱜᱽᱢᱟ ᱚᱱᱟ ᱞᱟᱹᱜᱤᱫᱽ ᱾
2101,"निश्चित रूप से, मैं तुम्हें क्या गंदे पर संपर्क भेज देंगे.","ᱮᱠᱟᱞᱜᱤ, ᱤᱧ ᱫᱚ ᱟᱢ ᱳᱣᱟᱴᱥᱮᱯ ᱨᱮ ᱡᱳᱜᱟᱡᱳᱜᱤᱧ ᱠᱩᱞᱟᱢᱟ ᱾"
2102,मैं बहुत देर हो चुकी हूँ?,ᱤᱧ ᱫᱚ ᱟᱹᱰᱤᱧ ᱵᱤᱞᱚᱢᱟᱠᱟᱱᱟ ?
2103,परेड प्रारंभ?,ᱯᱮᱨᱮᱰ ᱮᱛᱚᱦᱚᱵᱽᱟᱠᱟᱱᱟ ?
2104,मुझे पता नहीं क्यों मैं अधिक से अधिक सूक्ष्म बनाने के लिए।,ᱤᱧ ᱫᱚ ᱵᱟᱹᱧ ᱵᱟᱰᱟᱭᱟ ᱪᱮᱫᱟᱜᱽ ᱩᱱᱟᱹᱜᱤᱧ ᱡᱟᱹᱯᱤᱫᱽᱟᱠᱟᱫᱟ ᱾
2105,"चिंता मत करो, आप समय पर सही हैं.","ᱟᱞᱚᱢ ᱵᱷᱟᱹᱵᱤᱫᱚᱜᱽᱼᱟ, ᱟᱢ ᱫᱚ ᱴᱷᱤᱠ ᱚᱠᱛᱚ ᱨᱮᱜᱤᱢ ᱦᱮᱡᱽᱟᱠᱟᱱᱟ ᱾"
2106,यह सिर्फ 5 मिनट हो गया है.,᱕ ᱴᱤᱬᱤᱡᱽᱜᱤ ᱦᱩᱭᱟᱠᱟᱱᱟ ᱾
2107,आओ और एक सीट है.,ᱦᱤᱡᱩᱜᱽᱢᱮ ᱟᱨ ᱫᱩᱬᱩᱵᱽᱢᱮ ᱾
2108,मुझे क्या याद आया?,ᱤᱧ ᱫᱚ ᱪᱮᱫᱽᱤᱧ ᱦᱟᱹᱲᱤᱧᱟᱠᱟᱫᱟ ?
2109,कुछ भी नहीं है! राष्ट्रपति द्वारा राष्ट्रीय ध्वजों के सिर्फ बाहर.,ᱡᱟᱹᱥᱛᱤ ᱫᱚ ᱵᱟᱝ ! ᱫᱤᱥᱚᱢ ᱜᱚᱝᱠᱮ ᱮᱠᱮᱱ ᱡᱤᱛᱤᱭᱟᱹᱨᱤ ᱪᱤᱨᱮ ᱩᱫᱟᱹᱣᱟᱠᱟᱫᱟ ᱾
2110,और अध्यक्ष को 21-गिंग सलाम.,ᱟᱨ ᱒᱑ ᱜᱚᱴᱟᱝ ᱜᱟᱱ ᱥᱮᱞᱩᱴ ᱦᱚᱛᱮᱛᱮ ᱫᱤᱥᱟᱹᱢ ᱜᱚᱝᱠᱮ ᱥᱟᱢᱚᱨᱤᱠ ᱡᱚᱦᱟᱨ ᱵᱟᱰᱟᱭ ᱩᱪᱩ ᱦᱩᱭᱮᱱᱟ ᱾
2111,"अब, सेना के अलग - अलग चक्कर, विमान, और वायु सेना के अलग - अलग दल, और साथ ही उनके दलों के साथ, राज पथों के साथ राजस्वीहर से जा रहे हैं ।","ᱱᱤᱛ, ᱥᱮᱱᱟᱯᱷᱟᱹᱫ, ᱫᱟᱜᱽᱯᱷᱟᱹᱫ ᱟᱨ ᱦᱚᱭᱯᱷᱟᱹᱫ ᱨᱮᱱ ᱵᱮᱜᱟᱨ ᱵᱮᱜᱟᱨ ᱨᱮᱡᱤᱢᱮᱱᱴ ᱟᱨ ᱚᱱᱟ ᱥᱟᱶᱛᱮ ᱩᱝᱠᱩᱣᱟᱜ ᱵᱮᱱᱰ, ᱨᱟᱥᱴᱨᱚᱯᱚᱛᱤᱵᱷᱚᱵᱚᱱ ᱠᱷᱚᱱ ᱨᱟᱡᱦᱚᱨ ᱞᱮᱠᱟᱛᱮ ᱯᱮᱨᱮᱰᱠᱟᱛᱮᱠᱩ ᱪᱟᱞᱟᱜᱽᱠᱟᱱᱟ ᱾"
2112,वे कहाँ जा रहे हैं?,ᱩᱝᱠᱩ ᱫᱚ ᱚᱠᱟᱛᱮᱠᱩ ᱪᱟᱞᱟᱜᱽᱠᱟᱱᱟ ?
2113,भारत गेट और अंत में रेड के लिए.,ᱤᱱᱰᱤᱭᱟ ᱜᱮᱴᱛᱮ ᱟᱨ ᱢᱩᱪᱟᱹᱫᱨᱮ ᱫᱚ ᱨᱮᱰᱯᱷᱳᱨᱰ ᱾
2114,"उनमें से प्रत्येक के रूप में, वे राष्ट्रपति के लिए सम्मान करते हैं.",ᱩᱝᱠᱩ ᱫᱚ ᱢᱤᱫᱽ ᱢᱤᱫᱽᱛᱮ ᱪᱟᱞᱟᱜ ᱚᱠᱛᱮ ᱫᱤᱥᱟᱹᱢ ᱜᱚᱝᱠᱮ ᱥᱮᱡᱽ ᱢᱟᱹᱱᱠᱩ ᱮᱢᱮᱫᱽᱠᱟᱱᱟ ᱾
2115,और देखिए कि कैसे वह खड़ा है और उन्हें प्रोत्साहित करता है जब वे आगे बढ़ते हैं.,ᱟᱨ ᱛᱩᱝᱠᱷᱤᱭᱢᱮ ᱪᱮᱫᱞᱮᱠᱟ ᱩᱱᱤ ᱫᱚ ᱚᱱᱟᱭ ᱟᱸᱜᱚᱡᱮᱟᱛᱮᱭ ᱛᱤᱜᱩᱱᱠᱟᱱᱟ ᱟᱨ ᱩᱝᱠᱩ ᱞᱟᱦᱟ ᱪᱟᱞᱟᱜ ᱞᱟᱹᱜᱤᱫᱽᱮ ᱩᱥᱠᱩᱨᱮᱫᱽᱠᱩᱣᱟ ᱾
2116,मैं एक दिन में यह सब देखने के लिए चाहते हैं.,ᱤᱧ ᱡᱟᱦᱟᱸᱛᱤᱥ ᱦᱚᱲᱢᱚᱥᱟᱶᱟᱨᱟᱱᱛᱮ ᱚᱱᱟ ᱧᱮᱞ ᱥᱟᱱᱟᱧᱠᱟᱱᱟ ᱾
2117,अलग - अलग देशों के प्रतिरूपों के बारे में क्या?,ᱮᱴᱟᱜᱽ ᱮᱴᱟᱜᱽ ᱯᱚᱱᱚᱛ ᱠᱩᱨᱮᱱᱟᱜ ᱦᱟᱹᱡᱤᱨ ᱨᱮᱭᱟᱜ ᱠᱷᱚᱵᱚᱨ ᱫᱚ ᱪᱮᱫᱽᱞᱮᱠᱟ ᱾
2118,क्या यह सेना कूच के बाद होगा?,ᱚᱱᱟ ᱫᱚ ᱪᱮᱫᱽ ᱯᱷᱟᱹᱫᱠᱩᱣᱟᱜ ᱯᱮᱨᱮᱰ ᱛᱟᱭᱚᱢ ᱦᱩᱭᱩᱜᱽᱼᱟ ?
2119,"जी हाँ, एक बार जब सभी नाविक दूर चले जाएँगे, वे आ जाएँगे ।","ᱦᱮᱸ, ᱢᱤᱫᱽᱫᱷᱟᱣ ᱡᱚᱛᱚ ᱨᱮᱡᱤᱢᱮᱱᱴᱠᱩ ᱯᱮᱨᱮᱰ ᱪᱟᱞᱟᱜᱽ ᱛᱟᱭᱚᱢ, ᱩᱝᱠᱩ ᱫᱚ ᱠᱩ ᱥᱮᱴᱮᱨᱚᱜᱽᱼᱟ ᱾"
2120,हर राज्य एक तस्वीरक्स द्वारा चित्रित होता है.,ᱢᱤᱢᱤᱫᱽ ᱯᱚᱱᱚᱛ ᱫᱚ ᱟᱠᱩᱣᱟᱜ ᱴᱮᱵᱞᱚᱣᱣᱟᱛᱮᱠᱩ ᱥᱮᱴᱮᱨᱚᱜᱽᱼᱟ ᱾
2121,"वे अपने संगठन के इतिहास, संस्कृति, विरासत और वातावरण के बारे में बताते हैं ।","ᱩᱝᱠᱩ ᱫᱚ ᱟᱠᱩᱣᱟᱜ ᱱᱤᱡᱽ ᱱᱤᱡᱽ ᱯᱚᱱᱚᱛ ᱨᱮᱭᱟᱜ ᱱᱟᱜᱟᱢ, ᱞᱟᱠᱪᱟᱨ, ᱥᱮᱨᱣᱟ ᱩᱛᱷᱱᱟᱹᱣ ᱠᱟᱹᱢᱤᱦᱚᱨᱟ ᱟᱨ ᱞᱟᱭᱚᱝᱠᱩ ᱰᱩᱜᱽ ᱥᱚᱫᱚᱼᱟ ᱾"
2122,वे कुछ एनीमेशन ले जाते हैं और उनके साथ ध्वनि.,ᱩᱝᱠᱩ ᱫᱚ ᱟᱠᱩᱥᱟᱶ ᱠᱤᱪᱷᱩ ᱮᱱᱤᱢᱮᱥᱚᱱ ᱟᱨ ᱵᱟᱡᱱᱟ ᱧᱮᱞ ᱟᱨᱠᱩ ᱩᱫᱩᱜᱮᱫᱽᱠᱟᱱ ᱛᱟᱦᱮᱸᱠᱟᱱᱟ ᱾
2123,यह एक बहुत रंगीन प्रदर्शन है.,ᱱᱳᱣᱟ ᱫᱚ ᱟᱹᱰᱤ ᱨᱚᱝᱟᱱ ᱩᱫᱩᱜᱽᱥᱚᱫᱚᱨ ᱜᱤ ᱾
2124,"हाँ, और पूरे परेड का मेरा पसंदीदा हिस्सा भी.","ᱦᱮᱸ, ᱟᱨ ᱜᱚᱴᱟ ᱯᱮᱨᱮᱰ ᱨᱮᱭᱟᱜ ᱠᱩᱥᱤᱭᱟᱱᱟᱜ ᱦᱤᱸᱥ ᱦᱚᱸ ᱠᱟᱱᱟ ᱾"
2125,मुझे अभी भी याद है कि पश्‍चिम बंगाल के चित्र को पिछली बार कैसे सजाया गया था ।,ᱤᱧᱟᱜ ᱱᱤᱛ ᱦᱚᱸ ᱫᱤᱥᱟᱹ ᱦᱤᱡᱩᱜᱽᱠᱟᱱᱟ ᱢᱩᱪᱟᱹᱫᱽ ᱫᱷᱟᱣ ᱪᱮᱫᱽ ᱞᱮᱠᱟᱛᱮ ᱯᱚᱪᱷᱤᱢ ᱵᱟᱝᱞᱟ ᱫᱚ ᱴᱮᱵᱞᱳᱠᱩ ᱩᱫᱩᱜᱽᱥᱚᱫᱚᱨᱞᱮᱫᱟ ᱾
2126,"और उस पर नृत्य करनेवाले भी, जो लोग गाँवों में नृत्य करते हैं, प्रदर्शन करते हैं ।","ᱟᱨ ᱚᱱᱟ ᱪᱮᱛᱟᱱ ᱮᱱᱮᱡᱽᱠᱟᱹᱨᱤ ᱠᱩᱣᱟᱜ ᱠᱟᱛᱷᱟ ᱦᱚᱸ, ᱡᱟᱦᱟᱸᱭ ᱫᱚ ᱟᱛᱚᱚᱲᱟᱜᱽ ᱨᱮᱭᱟᱜ ᱞᱳᱠᱳᱱᱨᱤᱛᱛᱚᱠᱩ ᱩᱫᱩᱜᱽᱥᱚᱫᱚᱨᱞᱮᱫᱟ ᱾"
2127,मुझे आश्चर्य है कि वे इस साल स्टोर में क्या है.,ᱤᱧᱫᱚᱧ ᱦᱟᱦᱟᱲᱟᱜᱽᱠᱟᱱᱟ ᱩᱝᱠᱩ ᱫᱚ ᱟᱞᱮ ᱞᱟᱹᱜᱤᱫᱽ ᱪᱮᱫᱽᱠᱩ ᱥᱟᱡᱟᱣ ᱟᱹᱜᱩᱣᱟᱠᱟᱫᱟ ᱢᱮᱱᱛᱮ ᱾
2128,आइए इंतज़ार करें और देखते रहें ।,ᱛᱟᱹᱜᱤ ᱞᱮᱜᱮᱵᱩᱱ ᱟᱨ ᱵᱩᱱ ᱧᱮᱞᱞᱮᱜᱤ ᱾
2129,"लेकिन मत भूलिए, आपके पास आपकी सीटें हैं और आज 12 घंटे के आस - पास प्रतियोगिता हो रही है ।","ᱢᱮᱱᱠᱷᱟᱱ ᱟᱞᱚᱢ ᱦᱤᱬᱤᱧᱟ, ᱛᱤᱦᱤᱧ ᱛᱤᱠᱤᱱ ᱑᱒ ᱵᱟᱡᱮ ᱞᱮᱠᱟ ᱫᱩᱲᱩᱵᱽᱠᱟᱛᱮ ᱟᱸᱠ ᱦᱮᱯᱮᱨᱟᱣ ᱢᱮᱱᱟᱜᱽᱛᱟᱢᱟ ᱾"
2130,क्या आप इसके लिए तैयार हैं?,ᱟᱢ ᱫᱚ ᱚᱱᱟ ᱞᱟᱹᱜᱤᱫᱽᱮᱢ ᱥᱟᱯᱲᱟᱣ ᱜᱤᱭᱟ ?
2131,मैं पहले से ही अपने चित्रों का अभ्यास किया है.,ᱤᱧ ᱫᱚ ᱤᱧᱟᱜ ᱥᱠᱮᱪᱠᱩᱧ ᱯᱨᱮᱠᱴᱤᱥ ᱫᱚᱦᱚᱣᱟᱠᱟᱫᱟ ᱾
2132,मैं रिपब्लिक के दिन की एक झलक अपने आप को प्रस्तुत कर रहा हूँ.,ᱤᱧ ᱫᱚ ᱯᱨᱚᱡᱟᱛᱚᱱᱛᱨᱚ ᱫᱤᱵᱚᱥ ᱨᱮᱭᱟᱜ ᱢᱤᱫᱽ ᱡᱷᱚᱞᱚᱠ ᱪᱤᱛᱟᱹᱨ ᱜᱤᱧ ᱟᱸᱠᱮᱫᱟ ᱾
2133,मैं मैं एक पुरस्कार बैग कर सकते हैं उम्मीद है.,ᱟᱥᱚᱜᱽᱠᱟᱹᱱᱟᱹᱧ ᱢᱤᱫᱴᱟᱝ ᱥᱤᱨᱯᱟᱹᱧ ᱧᱟᱢᱫᱟᱲᱮᱭᱟᱜᱼᱟ ᱾
2134,इनाम के बारे में परेशान मत होइए ।,ᱥᱤᱨᱯᱟᱹ ᱵᱟᱵᱚᱫ ᱟᱞᱚᱢ ᱵᱷᱟᱹᱵᱤᱫᱚᱜᱼᱟ ᱾
2135,बस वहाँ से बाहर अपने आप का आनंद लें.,ᱮᱠᱮᱱ ᱚᱸᱰᱮ ᱥᱮᱱᱠᱟᱛᱮ ᱟᱢᱞᱮᱠᱟ ᱨᱟᱹᱥᱠᱟᱹᱭ ᱢᱮ ᱾
2136,मैं आप सभी सबसे अच्छा चाहते हैं.,ᱟᱢ ᱞᱟᱹᱜᱤᱫᱽ ᱤᱧᱟᱜ ᱛᱷᱩᱢ ᱛᱟᱦᱮᱸᱭᱮᱱᱟ ᱾
2137,"बहुत बहुत, पिताजी धन्यवाद.","ᱵᱟᱵᱟ, ᱟᱭᱢᱟ ᱥᱟᱨᱦᱟᱣ ᱾"
2138,लेकिन यकीन है कि आप परेड का हिस्सा देखते हैं... ... मैं प्रतियोगिता के कारण गायब हो जाएगा.,ᱛᱚᱵᱮ ᱦᱮᱯᱮᱨᱟᱣ ᱞᱟᱹᱜᱤᱫᱽᱛᱮ ᱤᱧ ᱯᱮᱨᱮᱰ ᱨᱮᱭᱟᱜ ᱡᱟᱦᱟᱸ ᱦᱤᱸᱥ ᱵᱟᱹᱧ ᱧᱮᱞᱫᱟᱲᱮᱭᱟᱜᱼᱟ ᱚᱱᱟ ᱫᱚ ᱟᱢ ᱡᱟᱹᱨᱩᱲᱜᱤ ᱧᱮᱞᱢᱮ ᱵᱟᱲᱮ ᱾
2139,मैं सोने पर इसके बारे में सुनूँगा.,ᱜᱤᱛᱤᱡᱽ ᱚᱠᱛᱮ ᱚᱱᱟ ᱵᱟᱵᱚᱫᱤᱧ ᱟᱸᱡᱚᱢᱟ ᱾
2140,"हैलो, यह सैमन मदद है?","ᱦᱮᱞᱳ, ᱱᱤᱭᱟᱹ ᱫᱚ ᱪᱮᱫᱽ ᱥᱚᱢᱟᱫᱷᱟᱱ ᱜᱚᱬᱚ ᱥᱮᱱᱴᱟᱨ ᱠᱟᱱᱟ ?"
2141,"हाँ, मैं आपकी मदद कैसे कर सकते हैं?","ᱦᱮᱸ, ᱪᱮᱠᱟᱞᱮᱠᱟᱛᱮ ᱤᱧ ᱟᱢᱤᱧ ᱜᱚᱲᱚᱫᱟᱲᱮᱭᱟᱢᱟ ?"
2142,"मैं हरिहर हूँ, और मैं Sady Wananm Wanm और शैक्षिक संस्थान के पक्ष में कॉल कर रहा हूँ.","ᱤᱧ ᱫᱚ ᱦᱚᱨᱤᱥ, ᱟᱨ ᱤᱧ ᱫᱚ ᱥᱟᱢᱤ ᱵᱤᱵᱮᱠᱟᱱᱚᱱᱫᱚ ᱮᱰᱩᱠᱮᱥᱚᱱᱟᱞ ᱤᱱᱥᱴᱤᱴᱤᱭᱩᱴ ᱛᱚᱨᱚᱯᱷ ᱠᱷᱚᱱᱤᱧ ᱠᱚᱞᱮᱫ ᱠᱟᱱᱟ ᱾"
2143,मैं मेकर-म-म-म-म-म-म के विद्वान कार्यक्रम के बारे में और सीखना चाहूँगा।,ᱤᱧ ᱫᱚ ᱢᱮᱨᱤᱴᱼᱠᱩᱢᱼᱢᱤᱱᱥ ᱥᱠᱚᱞᱟᱨᱥᱤᱯ ᱯᱨᱳᱜᱨᱟᱢ ᱵᱟᱵᱚᱫ ᱡᱟᱹᱥᱛᱤ ᱵᱟᱰᱟᱭᱤᱧ ᱠᱷᱚᱡᱽᱚᱜᱽ ᱠᱟᱱᱟ ᱾
2144,तो मैं अपने विद्यार्थियों को इस कार्यक्रम के बारे में बता सकते हैं.,ᱡᱟᱦᱟᱸᱛᱮ ᱫᱚ ᱤᱧ ᱟᱞᱮᱨᱮᱱ ᱯᱟᱹᱴᱷᱣᱟᱹᱠᱩ ᱱᱤᱭᱟᱹ ᱯᱨᱳᱜᱨᱟᱢ ᱵᱟᱵᱚᱫᱽᱧ ᱵᱟᱰᱟᱭ ᱩᱪᱩᱫᱟᱲᱮᱭᱟᱠᱩᱣᱟ ᱾
2145,ठीक है! योजना का मुख्य लक्ष्य है आर्थिक मदद प्रदान करने के लिए कम आबादी से योग्य विद्यार्थी.,"ᱡᱚᱛᱚᱜᱤ ᱴᱷᱤᱠᱜᱮᱭᱟ, ᱥᱠᱤᱢ ᱨᱮᱭᱟᱜ ᱢᱩᱬᱩᱫᱽ ᱡᱚᱥ ᱫᱚ ᱞᱮᱠᱷᱟᱨᱮ ᱠᱚᱢ ᱦᱚᱲᱞᱮᱠᱷᱟ ᱠᱷᱚᱱ ᱠᱚᱢ ᱥᱩᱵᱤᱫᱷᱟ ᱧᱟᱢᱟᱱ ᱟᱨ ᱠᱷᱚᱡᱚᱜᱽᱠᱟᱱ ᱯᱟᱹᱴᱷᱣᱟᱹᱠᱩ ᱠᱟᱹᱣᱰᱤ ᱛᱮᱱᱟᱜᱽ ᱜᱚᱲᱚ ᱮᱢᱟᱠᱩᱜᱤ ᱾"
2146,"और इस ज्ञान के साथ, वे पेशेवर और तकनीकी शिक्षा का पीछा कर सकेंगे ।","ᱟᱨ ᱱᱚᱣᱟ ᱥᱠᱚᱞᱟᱨᱥᱤᱯ ᱦᱚᱛᱮᱛᱮ, ᱩᱝᱠᱩ ᱫᱚ ᱯᱨᱚᱯᱷᱮᱥᱚᱱᱟᱞ ᱟᱨ ᱴᱮᱠᱱᱤᱠᱮᱞ ᱥᱤᱠᱷᱱᱟᱹᱛᱠᱩ ᱦᱟᱛᱟᱣ ᱫᱟᱲᱤᱭᱟᱜᱽᱼᱟ ᱾"
2147,इस योजना की शुरूआत माइनर की हुकूमत से होती है ।,ᱱᱤᱭᱟᱹ ᱥᱠᱤᱢ ᱫᱚ ᱢᱤᱱᱤᱥᱴᱨᱤ ᱚᱯᱷ ᱢᱟᱭᱱᱚᱨᱤᱴᱤ ᱮᱯᱷᱯᱷᱮᱭᱟᱨᱥ ᱦᱚᱛᱮᱛᱮ ᱮᱛᱚᱦᱚᱵᱽᱟᱠᱟᱱᱟ ᱾
2148,"हाँ, सर.","ᱦᱮᱸ, ᱢᱟᱦᱟᱥᱚᱭ ᱾"
2149,"क्या यह सही है कि ज्ञान भारत में अध्ययन के लिए है, सर?",ᱛᱟᱦᱚᱞᱮ ᱢᱟᱦᱟᱥᱚᱭ ᱱᱤᱭᱟᱹ ᱫᱚ ᱴᱷᱤᱠ ᱡᱮ ᱵᱷᱟᱨᱚᱛᱨᱮ ᱯᱟᱬᱦᱟᱜᱽ ᱞᱟᱹᱜᱤᱫᱽᱜᱤ ᱱᱤᱭᱟᱹ ᱥᱠᱚᱞᱟᱨᱥᱤᱯ ᱫᱚ ?
2150,भारत में एक सरकारी या निजी विश्‍वविद्यालय में अध्ययन करनेवाले विद्यार्थियों को वह ज्ञान दिया जाएगा ।,ᱦᱮᱸ ᱾ ᱥᱠᱚᱞᱟᱨᱥᱤᱯ ᱫᱚ ᱵᱷᱟᱨᱚᱛᱨᱮ ᱢᱮᱱᱟᱜᱽ ᱥᱚᱨᱠᱟᱨᱤ ᱥᱮ ᱯᱨᱟᱭᱵᱷᱮᱴ ᱡᱮᱜᱮᱫᱽᱵᱤᱫᱫᱟᱹᱜᱟᱲᱨᱮ ᱯᱟᱲᱦᱟᱜᱽᱠᱟᱱ ᱯᱟᱹᱴᱷᱣᱟᱹᱠᱩᱜᱤ ᱮᱠᱮᱱᱠᱩ ᱮᱢᱚᱜᱚᱜᱽᱼᱟ ᱾
2151,क्या यह ज्ञान सिर्फ अपने विद्यार्थियों के लिए है?,ᱱᱤᱭᱟᱹ ᱥᱠᱚᱞᱟᱨᱥᱤᱯ ᱫᱚ ᱪᱮᱫ ᱮᱠᱮᱱ ᱟᱹᱠᱤᱞᱟᱵᱷᱨᱟᱱ ᱯᱟᱹᱴᱷᱣᱟᱹᱠᱩ ᱞᱟᱹᱜᱤᱫᱽᱜᱤ ?
2152,"नहीं, यह ऐंजीड और पोस्ट स्नातक स्तर के तहत तकनीकी और पेशेवर कोर्सों को कवर करेगा.","ᱵᱟᱝ, ᱟᱹᱠᱤᱞᱟᱵᱷᱨᱟᱱ ᱟᱨ ᱟᱹᱠᱤᱞᱢᱟᱹᱱ ᱞᱮᱵᱮᱞ ᱨᱮᱭᱟᱜᱽ ᱴᱮᱠᱱᱤᱠᱮᱞ ᱟᱨ ᱯᱨᱚᱯᱷᱮᱥᱚᱱᱟᱞ ᱠᱳᱨᱥᱠᱩᱭ ᱠᱚᱵᱷᱟᱨᱟ ᱾"
2153,इस ज्ञान के लिए कौन - सी कसौटी है?,ᱱᱤᱭᱟᱹ ᱥᱠᱚᱞᱟᱨᱥᱤᱯ ᱞᱟᱹᱜᱤᱫᱽ ᱟᱹᱨᱡᱤᱭ ᱨᱮᱭᱟᱜ ᱢᱟᱹᱱᱴᱷᱮᱸᱜᱟ ᱫᱚ ᱪᱮᱫᱽ ?
2154,"जिन विद्यार्थियों को अपनी पिछली अंतिम जाँच में कम - से - कम ५०% या बराबर संख्या मिली है, वे एक ज्ञानवादी के लिए योग्य साबित होंगे ।",ᱯᱟᱹᱴᱷᱣᱟᱹᱠᱩ ᱡᱟᱦᱟᱸᱭ ᱟᱠᱩᱣᱟᱜ ᱞᱟᱦᱟᱱ ᱢᱩᱪᱟᱹᱫᱽ ᱵᱤᱰᱟᱹᱣᱨᱮ ᱠᱚᱢᱠᱟᱭᱛᱮ ᱕᱐% ᱥᱮ ᱚᱱᱟ ᱥᱚᱢᱟᱱ ᱜᱨᱮᱰᱠᱩ ᱧᱟᱢᱟᱠᱟᱫᱟ ᱩᱝᱠᱩ ᱜᱤ ᱥᱠᱚᱞᱟᱨᱥᱤᱯ ᱞᱟᱹᱜᱤᱫᱽᱠᱩ ᱡᱳᱜᱢᱟᱱᱼᱟ ᱾
2155,"साथ ही, यदि उनके माता-पिता की वार्षिक आय सभी स्रोतों से अधिक नहीं होती तो Ts.250 lh से अधिक नहीं होता है.","ᱟᱨᱦᱚᱸ, ᱡᱩᱫᱤ ᱩᱝᱠᱩᱨᱮᱱ ᱜᱚᱼᱵᱟᱵᱟ ᱥᱮ ᱜᱟᱨᱡᱮᱱᱟᱜᱽ ᱨᱳᱡᱜᱟᱨ ᱫᱚ ᱡᱚᱛᱚ ᱩᱛᱥᱚ ᱠᱷᱚᱱ ᱒ᱹ᱕᱐ ᱞᱟᱠᱷ ᱠᱷᱚᱱ ᱵᱟᱭ ᱡᱟᱹᱥᱛᱤᱜᱽᱼᱟ ᱾"
2156,"महोदय, कितने छात्र MCM के साथ भुगतान किया जाएगा?","ᱢᱟᱦᱟᱥᱚᱭ, ᱛᱤᱱᱟᱹᱜᱽᱜᱟᱱ ᱯᱟᱹᱴᱷᱣᱟᱹ ᱮᱢᱥᱤᱮᱢ ᱠᱩ ᱮᱢᱚᱜᱚᱜᱽᱼᱟ ?"
2157,"इसके अलावा, पूरे 60,000 ज्ञानियों को नए - नए विद्वान बनाने के लिए इस्तेमाल किया जाता है ।","ᱯᱷᱨᱮᱥ ᱥᱠᱚᱞᱟᱨᱥᱤᱯ ᱥᱟᱶᱛᱮ ᱨᱤᱱᱤᱣᱟᱞ ᱥᱠᱚᱞᱟᱨᱥᱤᱯ ᱞᱮᱠᱟᱛᱮ ᱜᱩᱴᱠᱟᱛᱮ ᱖᱐,᱐᱐᱐ ᱥᱠᱚᱞᱟᱨᱥᱤᱯ ᱦᱟᱹᱴᱤᱧ ᱨᱮᱭᱟᱜᱽ ᱴᱷᱟᱬᱚᱜᱚᱴᱟᱣᱟᱠᱟᱱᱟ ᱾"
2158,"यही कारण है कि एक बड़ी संख्या है, और जरूरत में रहे विद्यार्थियों के लिए यह लाभदायक होगा.","ᱚᱱᱟ ᱫᱚ ᱟᱹᱰᱤ ᱢᱟᱨᱟᱝ ᱞᱮᱠᱷᱟ, ᱟᱨ ᱱᱤᱭᱟᱹ ᱫᱚ ᱯᱟᱹᱴᱷᱣᱟᱹᱠᱩ ᱞᱟᱹᱜᱤᱫᱽ ᱥᱩᱵᱤᱫᱷᱟ ᱦᱩᱭᱩᱜᱽᱼᱟ ᱡᱟᱦᱟᱸᱭ ᱠᱩ ᱫᱚ ᱞᱟᱹᱜᱛᱤᱭᱟ ᱾"
2159,ये ज्ञान अन्य विद्यार्थियों के लिए प्रेरणा का भी स्रोत हैं ।,ᱱᱤᱭᱟᱹ ᱥᱠᱚᱞᱟᱨᱥᱤᱯ ᱫᱚ ᱮᱴᱟᱜᱽ ᱯᱟᱹᱴᱷᱣᱟᱹ ᱠᱩ ᱞᱟᱹᱜᱤᱫᱽ ᱩᱫᱽᱜᱟᱹᱣᱟᱱᱟᱜᱽ ᱦᱚᱸ ᱠᱟᱱᱟ ᱾
2160,"हाँ, तुम सही हो.","ᱦᱮᱸ, ᱟᱢ ᱫᱚᱢ ᱡᱚᱛᱷᱟᱛ ᱜᱤᱭᱟ ᱾"
2161,"एक संभावित नीति है, कि 30% केलिपिल के बच्चों के लिए एक राज्य / 2000 में हर सदस्य के सदस्य के लिए कान लगाया जाता है.","ᱚᱸᱰᱮ ᱢᱤᱫᱴᱟᱝ ᱨᱤᱡᱟᱨᱵᱮᱥᱚᱱ ᱟᱹᱨᱤ ᱢᱮᱱᱟᱜᱽᱼᱟ, ᱚᱱᱟ ᱫᱚ ᱢᱤᱫᱴᱟᱝ ᱯᱚᱱᱚᱛ/ᱤᱭᱩᱴᱤ ᱨᱮ ᱢᱤᱢᱤᱫᱽ ᱢᱟᱭᱱᱚᱨᱤᱴᱤ ᱠᱚᱢᱤᱴᱤᱨᱮᱱ ᱛᱤᱨᱞᱟᱹ ᱦᱚᱯᱚᱱᱯᱟᱹᱴᱷᱣᱟᱹᱠᱩ ᱞᱟᱹᱜᱤᱫᱽ ᱪᱤᱱᱦᱟᱹᱣᱟᱠᱟᱱᱟ ᱾"
2162,"ओह, यह बढ़िया है.","ᱳᱦ, ᱚᱱᱟ ᱫᱚ ᱟᱹᱰᱤ ᱢᱚᱡᱽ ᱾"
2163,यह ज्ञान कब तक कायम रहेगा?,ᱱᱤᱭᱟᱹ ᱥᱠᱚᱞᱟᱨᱥᱤᱯ ᱫᱚ ᱛᱤᱱᱟᱹᱜᱽᱫᱤᱱ ᱛᱟᱦᱮᱸᱱᱟ ?
2164,पूरे शैक्षिक वर्ष/ क्षेत्र के लिए विद्वानों की सुविधा प्रदान की जाएगी.,ᱥᱠᱚᱞᱟᱨᱥᱤᱯ ᱫᱚ ᱯᱩᱨᱟᱹ ᱮᱠᱟᱰᱮᱢᱤᱠ ᱥᱮᱨᱢᱟ/ᱠᱳᱨᱥ ᱞᱟᱹᱜᱤᱫᱽ ᱮᱢᱚᱜᱚᱜᱽᱼᱟ ᱾
2165,"और रखखाने के खर्च को Rssss. 10,000/ Rsset और आर. 5,000 के लिए एक स्कूल के लिए राशि के रूप में दिया जाएगा.","ᱟᱨ ᱧᱮᱞᱡᱚᱛᱚᱱ ᱵᱷᱟᱛᱟ ᱞᱮᱠᱟᱛᱮ ᱦᱳᱥᱴᱮᱞᱟᱨᱠᱩ ᱞᱟᱹᱜᱤᱫᱽ ᱢᱤᱫᱽ ᱮᱠᱟᱰᱮᱢᱤᱠ ᱥᱮᱨᱢᱟᱨᱮ ᱑᱐,᱐᱐᱐/ᱼ ᱴᱟᱠᱟ ᱟᱨ ᱫᱤᱱᱟᱹᱢ ᱥᱠᱚᱞᱟᱨᱠᱩ ᱞᱟᱹᱜᱤᱫᱽ ᱕,᱐᱐᱐/ᱼ ᱴᱟᱠᱟ ᱡᱩᱲᱩ ᱛᱷᱚᱠ ᱞᱮᱠᱟᱛᱮ ᱮᱢᱚᱜᱚᱜᱽᱼᱟ ᱾"
2166,"जी हाँ, बिलकुल!",ᱟᱹᱰᱤ ᱢᱚᱡᱽ ! ᱥᱠᱚᱞᱟᱨᱥᱤᱯ ᱞᱟᱹᱜᱤᱫᱽ ᱪᱮᱠᱟᱛᱮ ᱟᱨᱡᱤ ᱜᱟᱱᱚᱜᱽᱼᱟ ?
2167,योजना नैशनल विद्वानल पोर्टल के माध्यम से लागू की गयी है.,ᱥᱠᱤᱢ ᱫᱚ ᱱᱮᱥᱚᱱᱟᱞ ᱥᱠᱚᱞᱟᱨᱥᱤᱯ ᱯᱳᱨᱴᱟᱞ (ᱮᱱᱮᱥᱯᱤ) ᱛᱚᱨᱚᱯ ᱠᱷᱚᱱ ᱞᱟᱹᱜᱩᱣᱟᱠᱟᱱᱟ ᱾
2168,यह ज़रूरी है कि सभी विद्यार्थियों के लिए इ. www.jw.org वेबसाइट पर ऑनलाइन काम करने की ज़रूरत है ।,ᱱᱤᱭᱟᱹ ᱫᱚ ᱡᱚᱛᱚ ᱯᱟᱹᱴᱷᱣᱟᱹᱠᱩ ᱰᱟᱵᱞᱩᱰᱟᱵᱞᱩᱰᱟᱵᱞᱩᱹᱥᱠᱚᱞᱟᱨᱥᱤᱯᱹᱜᱚᱵᱷᱹᱤᱱ ᱞᱮᱠᱟᱱ ᱳᱣᱮᱵᱥᱟᱭᱤᱴᱨᱮ ᱚᱱᱞᱟᱭᱤᱱᱛᱮ ᱟᱹᱨᱡᱤᱭ ᱫᱚ ᱜᱚᱬᱦᱮᱭᱟᱱᱜᱮᱭᱟ ᱾
2169,यह उनके लिए उपयोगी होगा.,ᱱᱤᱭᱟᱹ ᱫᱚ ᱩᱝᱠᱩ ᱞᱟᱹᱜᱤᱫᱽ ᱞᱟᱹᱜᱽᱛᱤᱭᱟᱱᱟᱜᱽ ᱦᱩᱭᱩᱜᱽᱼᱟ ᱾
2170,आप राष्ट्रीय विद्वान विलल से अधिक विवरण डाउनलोड कर सकते हैं.,ᱟᱢ ᱫᱚ ᱱᱮᱥᱚᱱᱟᱞ ᱥᱠᱚᱞᱟᱨᱥᱤᱯ ᱯᱳᱨᱴᱟᱞ ᱠᱷᱚᱱ ᱟᱨᱦᱚᱸ ᱵᱤᱪᱷᱱᱟᱹᱣᱛᱮᱢ ᱰᱟᱭᱩᱱᱞᱳᱰ ᱫᱟᱲᱮᱭᱟᱜᱽᱼᱟ ᱾
2171,"ठीक है, सर. बहुत धन्यवाद!","ᱥᱟᱹᱨᱤᱜᱤ, ᱢᱟᱦᱟᱥᱚᱭ ᱾ ᱟᱭᱢᱟ ᱟᱭᱢᱟ ᱥᱟᱨᱦᱟᱣ !"
2172,आपका स्वागत है.,ᱟᱢᱟᱜᱽ ᱥᱟᱹᱜᱩᱱ ᱫᱟᱨᱟᱢ ᱾
2173,"हैलो, मैं आ रहे महीने में शादी हो रही है.","ᱦᱮᱞᱳ, ᱫᱟᱨᱟᱭ ᱪᱟᱸᱫᱳ ᱨᱮ ᱤᱧᱟᱹᱜ ᱵᱟᱯᱞᱟ ᱦᱩᱭᱩᱜ ᱠᱟᱱᱟ ᱾"
2174,आप कृपया मुझे कानूनी प्रक्रिया पर मार्गदर्शन कर सकते हैं?,ᱟᱢ ᱪᱮᱫ ᱫᱟᱭᱟ ᱠᱟᱛᱮ ᱤᱧ ᱟᱹᱱ ᱦᱚᱨᱟ ᱵᱟᱨᱮᱛᱮᱢ ᱜᱟᱭᱤᱰ ᱫᱟᱲᱮ ᱟᱹᱧᱟ ?
2175,मैं अपनी शादी को कानूनी निगम कैसे बना सकता हूँ?,ᱤᱧ ᱪᱮᱠᱟ ᱞᱮᱠᱟᱛᱮ ᱤᱧᱟᱹᱜ ᱵᱟᱯᱞᱟ ᱫᱚ ᱢᱤᱫᱴᱟᱝ ᱟᱹᱨᱤᱭᱟᱱ ᱟᱹᱱ ᱦᱮᱱᱟᱜ ᱛᱮᱫ ᱫᱟᱲᱮᱭᱟᱜᱼᱟᱧ ᱾
2176,एक विवाह को कानूनी रूप से स्वीकार करने के लिए पंजीकृत किया जाना चाहिए ।,ᱢᱤᱫᱴᱟᱝ ᱵᱟᱯᱞᱟ ᱟᱹᱨᱤᱭᱟᱱ ᱥᱤᱠᱟᱹᱨ ᱠᱚᱨᱟᱣ ᱞᱟᱹᱜᱤᱫ ᱱᱤᱦᱟᱹᱛ ᱜᱮ ᱴᱷᱟᱲᱚ ᱜᱚᱴᱟ ᱦᱩᱭᱩᱜᱼᱟ ᱾
2177,शादी के रिश्‍ते को रजिस्टर करने की प्रक्रिया दुल्हन के साथ समाप्त होती है और दूल्हा एक विवाह प्रमाण प्राप्त करता है ।,ᱵᱟᱯᱞᱟ ᱴᱷᱟᱲᱚᱜᱚᱴᱟᱭ ᱦᱚᱨᱟ ᱡᱟᱶᱟᱭ ᱟᱨ ᱡᱟᱶᱟᱭ ᱢᱤᱫᱴᱟᱝ ᱵᱟᱯᱞᱟ ᱨᱮᱭᱟᱜ ᱥᱤᱫ ᱥᱟᱠᱟᱢ ᱧᱟᱱᱟᱢ ᱛᱟᱞᱟᱛᱮ ᱢᱩᱪᱟᱹᱫ ᱮᱱᱟ ᱾
2178,मैं एक विवाह प्रमाण कैसे प्राप्त कर सकता हूँ?,ᱤᱧ ᱪᱮᱫ ᱞᱮᱠᱟᱛᱮ ᱢᱤᱫᱴᱟᱝ ᱵᱟᱯᱞᱟ ᱥᱤᱫ ᱥᱟᱠᱟᱢ ᱤᱧ ᱧᱟᱢ ᱫᱟᱲᱮᱭᱟᱜᱼᱟ ?
2179,आपको अपने विवाह को रजिस्टर करने का अनुरोध करने की ज़रूरत है ।,ᱟᱢᱟᱜ ᱵᱟᱯᱞᱟ ᱴᱷᱟᱲᱚᱜᱚᱴᱟᱭ ᱞᱟᱹᱜᱤᱫ ᱟᱢ ᱢᱤᱫᱴᱟᱝ ᱦᱚᱞᱚᱯᱱᱟᱢᱟ ᱡᱚᱢᱟ ᱦᱩᱭᱩᱜ ᱛᱟᱢᱟ ᱾
2180,"एक जोड़ा अपनी शादी के लिए एक जोड़ी के अधीन हो सकता है, या वे एक व्यक्‍ति को एक व्यक्‍ति के अधीन करने का चुनाव कर सकते हैं ।","ᱢᱤᱫᱴᱟᱝ ᱡᱩᱨᱩᱯᱟᱹᱨᱤ ᱟᱠᱤᱱᱟᱜ ᱵᱟᱯᱞᱟ ᱞᱟᱹᱜᱤᱫ ᱢᱤᱫᱴᱟᱝ ᱢᱤᱫ ᱠᱟᱛᱮ ᱦᱚᱯᱚᱯᱱᱟᱢᱟ ᱡᱚᱢᱟ ᱫᱟᱲᱮᱭᱟᱜᱼᱟᱢ, ᱵᱟᱝᱠᱷᱟᱱ ᱩᱱᱠᱩ ᱢᱤᱫᱴᱟᱝ ᱵᱷᱮᱜᱟᱨ ᱦᱚᱞᱚᱯᱱᱟᱢᱟ ᱡᱚᱢᱟ ᱞᱟᱹᱜᱤᱫ ᱵᱟᱪᱷᱟᱣ ᱫᱟᱲᱮᱭᱟᱜᱼᱟᱢ ᱾"
2181,क्या इन दोनों में कोई फर्क है?,ᱵᱟᱱᱟᱨ ᱛᱟᱞᱟᱨᱮ ᱡᱟᱦᱟᱸᱱ ᱵᱷᱮᱜᱮᱫ ᱢᱮᱱᱟᱜᱼᱟ ᱪᱮᱫ ?
2182,"बहुत अधिक नहीं, लेकिन कुछ कहते हैं कि एक संयुक्‍त अधीनता का आदेश है ।","ᱩᱫᱩᱜᱥᱚᱫᱚᱨ ᱞᱮᱠᱟᱛᱮ ᱩᱱᱟᱹᱜ ᱫᱚ ᱵᱟᱝ, ᱢᱮᱱᱠᱷᱟᱱ ᱠᱟᱹᱪ ᱯᱚᱱᱚᱛ ᱢᱤᱫᱴᱟᱝ ᱢᱤᱫᱟᱠᱟᱱ ᱦᱚᱞᱚᱯᱱᱟᱢᱟ ᱡᱚᱢᱟ ᱮᱢᱚᱜ ᱠᱚ ᱵᱚᱲᱦᱮ ᱠᱮᱫᱮᱭᱟ ᱾"
2183,"ठीक है, विवाह को रजिस्टर करने के लिए एक संयुक्‍त असंशाडाट में कदम क्या हैं?","ᱡᱚᱛᱷᱟ ᱜᱮᱭᱟ, ᱵᱟᱯᱞᱟ ᱴᱷᱟᱲᱚ ᱜᱚᱴᱟᱭ ᱞᱟᱹᱜᱤᱫ ᱢᱤᱫᱟᱠᱟᱱ ᱦᱚᱞᱚᱯᱱᱟᱢᱟ ᱫᱟᱠᱷᱤᱞ ᱠᱚᱨᱟᱣ ᱞᱟᱹᱜᱤᱫ ᱯᱟᱹᱣᱲᱤᱠᱚ ᱪᱮᱫ ᱪᱮᱫ ?"
2184,भारत में शादी - शुदा जोड़ों को दो मामलों में रजिस्टर किया जा सकता है ।,"ᱵᱷᱟᱨᱚᱛ ᱨᱮ ᱵᱟᱨᱭᱟ ᱟᱹᱱ ᱨᱮᱭᱟᱜ ᱟᱶᱛᱟ ᱨᱮ ᱵᱟᱯᱞᱟ ᱴᱷᱟᱲᱚᱜᱚᱴᱟᱭ ᱠᱚᱨᱟᱣ ᱜᱟᱱᱚᱜᱼᱟ, ᱑᱙᱕᱔ ᱥᱟᱹᱦᱤᱛ ᱨᱮᱭᱟᱜ ᱥᱚᱨᱮᱥ ᱵᱟᱯᱞᱟ ᱟᱹᱱ ᱟᱨ ᱑᱙᱕᱕ ᱥᱟᱹᱦᱤᱛ ᱨᱮᱭᱟᱜ ᱦᱤᱱᱫᱩ ᱵᱟᱯᱞᱟ ᱟᱹᱱ ᱾"
2185,"पहले हर किसी के लिए अपने विश्‍वास या धर्म की चाहे जो भी हो, लागू होता है, और इसमें विदेशी देशों में रहनेवाले भारतीय लोग भी शामिल हैं ।","ᱯᱩᱭᱞᱩᱣᱟᱜ ᱫᱚ ᱩᱱᱠᱩᱣᱟᱜ ᱯᱟᱹᱛᱭᱟᱹᱣ ᱥᱮ ᱫᱷᱚᱨᱚᱢ ᱢᱩᱪᱟᱹᱫ ᱞᱮᱠᱟᱛᱮ ᱡᱚᱛᱚᱦᱚᱲ ᱞᱟᱹᱜᱤᱫ ᱞᱟᱹᱠᱛᱤᱭᱟᱱ, ᱟᱨ ᱱᱚᱶᱟ ᱵᱤᱞᱟᱹᱛ ᱨᱮ ᱜᱤᱨᱟᱹᱵᱟᱹᱥᱤ ᱟᱠᱟᱱ ᱵᱷᱟᱨᱚᱛᱤᱭᱟᱹ ᱱᱟᱜᱚᱨᱤᱭᱟᱹᱠᱚ ᱥᱮᱞᱮᱫ ᱞᱮᱫ ᱠᱚᱣᱟ ᱾"
2186,उस कार्य के अधीन भी विश्‍वासोत्पादक विवाह पंजीकृत किए जाने हैं ।,ᱵᱷᱤᱛᱟᱹᱨᱫᱷᱚᱨᱚᱢ ᱨᱮᱭᱟᱜ ᱵᱟᱯᱞᱟ ᱦᱚᱸ ᱚᱱᱟ ᱟᱹᱱ ᱨᱮᱭᱟᱜ ᱟᱶᱛᱟᱨᱮ ᱴᱷᱟᱲᱚᱜᱚᱴᱟ ᱦᱩᱭᱩᱜ ᱛᱟᱢᱟ ᱾
2187,"बाद में दो हिंदू लोगों के लिए एक ऐसा काम किया जाता है, जो बौद्ध और बौद्ध लोगों में फैल जाता है ।","ᱛᱟᱭᱚᱢ ᱛᱮᱭᱟᱜ ᱫᱚ ᱵᱟᱨᱭᱟ ᱦᱤᱱᱫᱩ ᱞᱟᱹᱜᱤᱫ ᱢᱤᱫᱴᱟᱝ ᱠᱟᱹᱢᱤ, ᱡᱟᱦᱟᱸ ᱡᱚᱭᱱᱚ,ᱵᱚᱭᱫᱽᱷᱚ ᱟᱨ ᱥᱤᱠᱷ ᱠᱚ ᱞᱟᱹᱜᱤᱫ ᱯᱟᱥᱱᱟᱣ ᱾"
2188,ख़ास विवाह कार्य के अधीन एक संयुक्‍त समूह के अधीन रहने के लिए कौनसे क़दम उठाए जाने हैं?,ᱥᱚᱨᱮᱥ ᱵᱟᱯᱞᱟ ᱟᱹᱱ ᱟᱶᱛᱟ ᱨᱮ ᱢᱤᱫᱴᱟᱝ ᱢᱤᱫᱟᱠᱟᱱ ᱦᱚᱞᱚᱯᱱᱟᱢᱟ ᱡᱚᱢᱟ ᱮᱢᱚᱜ ᱞᱟᱹᱜᱤᱫ ᱚᱠᱟ ᱯᱟᱹᱣᱲᱤ ᱠᱚ ᱯᱟᱡᱟᱸᱭ ᱦᱩᱭᱩᱜᱼᱟ ?
2189,"पहले, उद्देश्‍यपूर्ण विवाह की एक सूचना को आपके ज़िला रेवरर के विवाह के प्रति फ़ाइल करना पड़ता है ।","ᱯᱩᱭᱞᱩ ᱨᱮ, ᱟᱢᱟᱜ ᱯᱚᱱᱚᱛ ᱨᱮ ᱢᱮᱨᱮᱡ ᱨᱮᱡᱤᱥᱴᱟᱨ ᱴᱷᱮᱱ ᱤᱪᱪᱷᱟᱹᱟᱱᱟᱜ ᱵᱟᱯᱞᱟ ᱨᱮᱭᱟᱜ ᱢᱤᱫᱴᱟᱝ ᱧᱮᱛᱮᱞ ᱡᱚᱢᱟ ᱦᱩᱭᱩᱜ ᱛᱟᱢᱟ ᱾"
2190,यह केवल एक स्थान से ही फ़ाइल किया जा सकता है जहाँ या तो दल तीस दिन से कम समय के लिए रह गए हैं.,ᱱᱚᱶᱟ ᱫᱚ ᱥᱩᱢᱩᱝ ᱢᱤᱫᱴᱟᱝ ᱡᱟᱭᱜᱟ ᱠᱷᱚᱱ ᱯᱷᱟᱭᱤᱞ ᱠᱚᱨᱟᱣ ᱜᱟᱱᱚᱜᱼᱟ ᱡᱟᱦᱟᱸ ᱨᱮ ᱵᱟᱱᱟᱨ ᱯᱟᱦᱴᱟ ᱠᱚᱢᱠᱟᱨᱛᱮ ᱯᱮ ᱜᱮᱞ ᱞᱟᱹᱜᱤᱫ ᱠᱚ ᱜᱤᱨᱟᱹᱵᱟᱥ ᱟᱠᱟᱱᱟ ᱾
2191,यह उस समय नोटिस बोर्ड पर प्रदर्शित किया जाता है रेगिस्ट के कार्यालय में किसी भी व्यक्ति को आगे आने के लिए अनुमति दे रहा है.,ᱱᱚᱶᱟ ᱱᱳᱴᱤᱥ ᱫᱚ ᱩᱱᱚᱠᱛᱮ ᱨᱮᱡᱤᱥᱴᱟᱨ ᱚᱯᱷᱤᱥ ᱨᱮ ᱱᱳᱴᱤᱥ ᱵᱳᱨᱰ ᱨᱮ ᱩᱫᱩᱜᱥᱚᱫᱚᱨ ᱦᱩᱭᱩᱜ ᱡᱟᱦᱟᱸᱛᱮ ᱡᱳᱴᱠᱚ ᱵᱤᱨᱩᱫ ᱨᱮ ᱟᱯᱚᱛᱛᱤ ᱠᱟᱛᱮ ᱱᱚᱝᱠᱟᱱ ᱡᱟᱦᱟᱸᱞᱮᱠᱟᱱ ᱟᱯᱱᱟᱨ ᱟᱱᱟᱜ ᱞᱟᱦᱟ ᱦᱮᱡᱩᱜ ᱟᱭ ᱾
2192,"अगर 30 दिन के अंदर कोई भी चीज़ आपस में नहीं है, तो क्या शादी के बंधन को तोड़ देना ज़रूरी है?","ᱡᱚᱫᱤ ᱡᱟᱦᱟᱸᱭ ᱓᱐ ᱢᱟᱦᱟ ᱢᱩᱫᱽᱨᱮ ᱡᱳᱴᱨᱮ ᱵᱟᱝᱠᱚ ᱟᱯᱚᱛᱛᱤᱭᱟ , ᱮᱱᱠᱷᱟᱱ ᱪᱮᱫ ᱵᱟᱯᱞᱟ ᱦᱩᱭᱩᱜᱼᱟ ?"
2193,"जी हाँ, दुल्हन और दूल्हा दोनों तरफ से 3 गवाहों के सामने अपनी शादी को पक्का करने के लिए ऑफिस में बुलाए जाते हैं ।","ᱦᱮᱸ, ᱡᱟᱶᱟᱭ ᱟᱨ ᱵᱟᱹᱦᱩ ᱵᱟᱱᱟᱨ ᱯᱟᱦᱴᱟ ᱨᱮᱱ ᱓ ᱦᱚᱲ ᱥᱟᱹᱠᱷᱤᱭᱟᱜ ᱦᱮᱡᱥᱮᱴᱮᱨ ᱨᱮ ᱩᱱᱠᱤᱱᱟᱜ ᱵᱟᱯᱞᱟ ᱨᱮᱭᱟᱜ ᱟᱠᱷᱟᱲᱟ ᱞᱟᱹᱜᱤᱫ ᱚᱯᱷᱤᱥ ᱨᱮ ᱠᱚ ᱦᱚᱦᱚᱣᱟᱜ ᱠᱤᱱᱟᱹ ᱾"
2194,इन छः गवाहों को रजिस्टरों में हस्ताक्षर करना पड़ता है ।,ᱱᱩᱠᱩ ᱛᱩᱨᱩᱭᱦᱚᱲ ᱥᱟᱹᱠᱷᱤᱭᱟᱜ ᱡᱚᱛᱚᱜᱮ ᱨᱮᱡᱤᱥᱴᱟᱨ ᱨᱮ ᱥᱩᱦᱤ ᱦᱩᱭᱩᱜᱼᱟ ᱾
2195,हिंदू विवाह के लिए जो प्रक्रिया भिन्‍न है वह कैसे भिन्‍न है?,ᱪᱮᱫ ᱞᱮᱠᱟᱛᱮ ᱦᱤᱱᱫᱩ ᱵᱟᱯᱞᱟ ᱟᱹᱱ ᱞᱟᱹᱜᱤᱫ ᱦᱚᱨᱟ ᱵᱷᱮᱜᱟᱨ ᱜᱮᱭᱟ ?
2196,इस जोड़े को एक अनुप्रयोग रूप भरना है और अपने विवाह समारोह की दो तस्वीरें और एक ही निमंत्रण पत्र के साथ उसे स्वीकार करना है ।,ᱡᱩᱨᱤᱯᱟᱹᱨᱤ ᱫᱚ ᱢᱤᱫᱴᱟᱝ ᱟᱨᱫᱟᱥ ᱥᱟᱠᱟᱢ ᱯᱮᱨᱮᱡ ᱦᱩᱭᱩᱜ ᱛᱟᱢᱟ ᱟᱨ ᱩᱱᱠᱩᱣᱟᱜ ᱵᱟᱯᱞᱟ ᱟᱠᱷᱟᱲᱟ ᱨᱮᱭᱟᱜ ᱵᱟᱨᱭᱟ ᱪᱤᱪᱟᱹᱨ ᱟᱨ ᱱᱚᱶᱟ ᱞᱟᱹᱜᱤᱫ ᱢᱤᱫᱴᱟᱝ ᱱᱮᱣᱛᱟ ᱠᱟᱨᱰ ᱡᱚᱢᱟ ᱦᱩᱭᱩᱜ ᱛᱟᱢᱟ ᱾
2197,"दोनों पक्षों को अपनी पहचान, उम्र और पते के सबूतों के अधीन होना चाहिए ।","ᱵᱟᱱᱟᱨ ᱯᱟᱦᱴᱟ ᱜᱮ ᱟᱠᱚᱣᱟᱜ ᱩᱯᱨᱩᱢ, ᱩᱢᱮᱨ ᱟᱨ ᱴᱷᱤᱠᱟᱹᱱᱟ ᱨᱮᱭᱟᱜ ᱥᱟᱹᱵᱩᱫ ᱡᱚᱢᱟ ᱦᱩᱭᱩᱜ ᱛᱟᱢᱟ ᱾"
2198,"विवाह के समय उनके पास कोई जीवन - साथी नहीं है, यह घोषणा करते हुए कि विवाह के समय उनके पास पहले से ही अनुचित और आज्ञाकारी होना चाहिए ।",ᱵᱷᱮᱜᱟᱨ ᱦᱚᱞᱚᱯᱱᱟᱢᱟ ᱨᱚᱲᱥᱚᱫᱚᱨ ᱞᱮᱫᱟᱭ ᱡᱮ ᱵᱟᱯᱞᱟ ᱚᱠᱛᱮ ᱩᱱᱠᱩᱣᱟᱜ ᱚᱠᱟ ᱵᱟᱧᱪᱟᱣ ᱵᱟᱹᱦᱩ ᱵᱟᱱᱩᱭᱟ ᱚᱱᱟ ᱞᱟᱦᱟ ᱱᱳᱴᱟᱨᱤ ᱠᱟᱛᱮ ᱡᱚᱢᱟ ᱦᱩᱭᱩᱜ ᱛᱟᱢᱟ ᱾
2199,क्या ऐसी कोई अवधि है जिसमें एक व्यक्‍ति को अपनी शादी को पंजीकृत करना चाहिए?,ᱚᱠᱟ ᱚᱠᱛᱮᱱᱟᱝ ᱢᱮᱱᱟᱜᱼᱟ ᱡᱟᱦᱟᱸ ᱢᱩᱫᱨᱟ ᱢᱤᱫᱦᱚᱲ ᱩᱱᱠᱩᱣᱟᱜ ᱵᱟᱯᱞᱟ ᱴᱷᱟᱲᱚᱜᱟᱴᱟᱭ ᱦᱩᱭᱩᱜᱼᱟ ᱾
2200,शादी के बारे में कौन गवाही दे सकता है?,ᱵᱟᱯᱞᱟ ᱴᱷᱟᱲᱚᱜᱟᱴᱟᱭ ᱨᱮᱱ ᱥᱟᱹᱠᱷᱤ ᱚᱠᱚᱭ ᱦᱩᱭᱩᱜᱼᱟ ?
2201,"हिंदू विवाह के अधीन, आपको विवाह समारोह के एक महीने के अन्दर अपना विवाह रजिस्टर करने की ज़रूरत है ।","ᱦᱤᱱᱫᱩ ᱵᱟᱯᱞᱟ ᱟᱹᱱ ᱟᱶᱛᱟᱨᱮ, ᱟᱢ ᱵᱟᱯᱞᱟ ᱟᱠᱷᱟᱲᱟ ᱨᱮᱭᱟᱜ ᱢᱤᱫ ᱪᱟᱸᱫᱳ ᱢᱩᱫᱨᱮ ᱟᱢᱟᱜ ᱵᱟᱯᱞᱟ ᱴᱷᱟᱲᱚᱜᱚᱴᱟᱭ ᱦᱩᱭᱩᱜ ᱛᱟᱢᱟ ᱾"
2202,दुल्हन और दूल्हा तीन गवाहों की मौजूदगी में रजिस्टरों को चिन्हित करते हैं ।,ᱡᱟᱶᱟᱭ ᱟᱨ ᱡᱟᱶᱟᱭ ᱡᱚᱛᱚᱜᱮ ᱯᱮ ᱦᱚᱲ ᱥᱟᱹᱠᱷᱤ ᱠᱚᱣᱟᱜ ᱥᱮᱴᱮᱨ ᱨᱮ ᱨᱮᱡᱤᱥᱴᱟᱨ ᱨᱮᱠᱚ ᱥᱩᱦᱤ ᱠᱮᱫᱟ ᱾
2203,रजिस्टर के दौरान माता - पिता या हर पार्टी के समर्थक को मौजूद होना चाहिए ।,ᱴᱷᱟᱲᱚᱭ ᱚᱠᱛᱮ ᱡᱚᱛᱚ ᱜᱟᱫᱮᱞ ᱨᱮᱱ ᱜᱚᱼᱵᱟᱵᱟ ᱥᱮ ᱜᱟᱹᱞᱤᱢ ᱠᱚᱣᱟᱜ ᱥᱮᱴᱮᱨ ᱛᱟᱦᱮᱸᱱ ᱦᱩᱭᱩᱜᱼᱟ ᱾
2204,कौन - से दस्तावेज़ों की ज़रूरत होगी?,ᱦᱚᱞᱚᱯᱱᱟᱢᱟᱭ ᱞᱟᱹᱜᱤᱫ ᱚᱠᱟ ᱱᱚᱛᱷᱤ ᱞᱟᱹᱠᱛᱤ ᱢᱮᱱᱟᱜᱼᱟ ?
2205,"अनुप्रयोग फार्म, आईडी सबूत, जन्म तारीख़ का सबूत, दुल्हन के दो पासपोर्ट फोटो और दूल्हे के लिए अति आवश्यक हैं.","ᱟᱹᱨᱡᱤᱥᱟᱠᱟᱢ, ᱟᱭᱰᱤ ᱯᱨᱩᱯ, ᱴᱷᱤᱠᱟᱹᱱᱟ ᱨᱮᱭᱟᱜ ᱥᱟᱵᱩᱫ, ᱡᱟᱱᱟᱢ ᱢᱟᱹᱦᱤᱛ ᱨᱮᱭᱟᱜ ᱥᱟᱵᱩᱫ, ᱡᱟᱶᱟᱭ ᱟᱨ ᱵᱟᱹᱦᱩᱣᱟᱜ ᱵᱟᱱᱟᱨ ᱯᱟᱥᱯᱳᱴ ᱪᱤᱛᱟᱹᱨ ᱱᱤᱦᱟᱹᱛᱜᱮ ᱞᱟᱹᱠᱛᱤ ᱢᱮᱱᱟᱜᱼᱟ ᱾"
2206,"तलाक़ या विधवा / चोर के मामले में, तलाक़ की आज्ञा या पिछले साथी के मृत्यु प्रमाणपत्र की माँग की जाती है ।",ᱵᱟᱯᱟᱜ ᱥᱮ ᱨᱟᱸᱰᱤ/ᱵᱤᱫᱷᱩᱣᱟᱜ ᱴᱷᱟᱶ ᱨᱮ ᱵᱟᱯᱟᱜ ᱰᱤᱜᱨᱤ ᱥᱮ ᱦᱟᱦᱟᱛᱮᱱ ᱵᱟᱹᱦᱩᱣᱟᱜ ᱜᱚᱡ ᱥᱤᱫ ᱥᱟᱠᱟᱢ ᱞᱟᱹᱠᱛᱤ ᱢᱮᱱᱟᱜᱼᱟ ᱾
2207,"हैलो, यह एक Eviva के लिए लागू मेरी पहली बार है.","ᱦᱮᱞᱳ, ᱱᱮ ᱯᱩᱭᱞᱩ ᱫᱷᱚᱢ ᱤᱼᱵᱷᱤᱥᱟᱨ ᱞᱟᱹᱜᱤᱫ ᱤᱧ ᱟᱹᱨᱡᱤᱭᱮᱫᱟ ᱾"
2208,मैं उम्मीद कर रहा था कि आप मुझे क्या दस्तावेज़ों मुझे लागू करने की जरूरत है बता सकता है.,ᱤᱧ ᱟᱥᱟᱭᱮᱫ ᱛᱟᱦᱮᱸ ᱠᱟᱱᱟ ᱟᱢ ᱤᱧ ᱮᱢ ᱞᱟᱹᱭ ᱫᱟᱲᱮ ᱟᱹᱧᱟᱹ ᱤᱧᱟᱹᱜ ᱟᱹᱨᱡᱤ ᱞᱟᱹᱜᱤᱫ ᱪᱮᱫ ᱪᱮᱫ ᱱᱚᱛᱷᱤ ᱞᱟᱹᱠᱛᱤᱭᱟ ᱾
2209,"बेशक, मुझे खुशी है कि तुम मुझे फोन किया.","ᱱᱤᱦᱟᱹᱛ ᱜᱮ, ᱤᱧ ᱟᱹᱰᱤ ᱨᱟᱹᱥᱠᱟᱹᱧ ᱟᱹᱭᱠᱟᱹᱣ ᱮᱫᱟ ᱡᱮ ᱟᱢ ᱤᱧ ᱮᱢ ᱦᱚᱦᱚ ᱟᱠᱟᱫᱤᱧᱟᱹ ᱾"
2210,मैं पूछ सकता हूँ कि आप के लिए एक वीज़ा की जरूरत है कौन सा देश?,ᱤᱧ ᱪᱮᱫ ᱤᱧ ᱠᱩᱞᱤ ᱫᱟᱲᱮᱭᱟᱢᱟ ᱟᱢᱟᱜ ᱚᱠᱟ ᱫᱤᱥᱚᱢ ᱨᱮᱭᱟᱜ ᱵᱷᱤᱥᱟ ᱞᱟᱜᱟᱜᱼᱟ ?
2211,मैं भारत के लिए एक पर्यटक वीज़ा की जरूरत है.,ᱤᱧᱟᱹᱜ ᱵᱷᱟᱨᱚᱛ ᱨᱮᱭᱟᱜ ᱞᱟᱹᱜᱤᱫ ᱢᱤᱫᱴᱟᱝ ᱴᱩᱨᱤᱥᱴ ᱵᱷᱤᱥᱟ ᱫᱚᱨᱠᱟᱨ ᱾
2212,मैं एक सप्ताह के लिए भेंट किया जाएगा.,ᱤᱧ ᱢᱤᱫ ᱥᱟᱯᱛᱟ ᱞᱟᱹᱜᱤᱫ ᱤᱧ ᱛᱩᱝᱠᱷᱤ ᱛᱚᱞᱚᱥᱟ ᱾
2213,"अरेk, आप की जरूरत सबसे महत्वपूर्ण दस्तावेज़ एक पासपोर्ट है.","ᱡᱚᱛᱷᱟᱛ ᱜᱮᱭᱟ, ᱟᱢᱟᱜ ᱡᱚᱛᱚᱠᱷᱚᱱ ᱞᱟᱹᱠᱛᱤᱭᱟᱱᱟᱜ ᱱᱚᱛᱷᱤ ᱫᱚ ᱢᱤᱫᱴᱟᱝ ᱯᱟᱥᱯᱳᱴ ᱞᱟᱹᱠᱛᱤ ᱾"
2214,भारत में आने की उम्मीद की गई तारीख को कम - से - कम छः महीने के लिए आपका पासपोर्ट वैध है ।,ᱟᱢ ᱴᱷᱤᱠᱟᱹ ᱦᱩᱭᱩᱜ ᱛᱟᱢᱟ ᱡᱮ ᱯᱟᱥᱯᱳᱴ ᱫᱚ ᱵᱷᱟᱨᱚᱛ ᱨᱮ ᱦᱮᱡᱩᱜ ᱨᱮᱭᱟᱜ ᱢᱟᱦᱟ ᱨᱮ ᱠᱚᱢ ᱠᱟᱨᱛᱮ ᱛᱩᱨᱩᱭ ᱪᱟᱸᱫᱳ ᱞᱟᱹᱜᱤᱫ ᱟᱹᱨᱤᱭᱟᱱ ᱾
2215,हम कई मामलों के बारे में है कि सिर्फ इस कारण अस्वीकार किया जाता है.,ᱟᱞᱮ ᱟᱭᱢᱟ ᱠᱮᱥ ᱞᱮ ᱧᱟᱢᱟ ᱡᱟᱦᱟᱸ ᱠᱚ ᱱᱚᱶᱟ ᱚᱡᱮᱛᱮ ᱠᱷᱟᱨᱤᱡ ᱦᱩᱭᱩᱜᱼᱟ ᱾
2216,"हाँ, मैं पहले से ही अपने पासपोर्ट की वैधता की जाँच की है, और यह आप सिर्फ क्या कहा के साथ जुड़ा हुआ है.","ᱦᱮᱸ, ᱤᱧ ᱱᱮᱦᱟᱹᱞᱤᱜᱮ ᱤᱧᱟᱹᱜ ᱯᱟᱥᱯᱳᱴ ᱨᱮᱭᱟᱜ ᱟᱹᱨᱤᱭᱟᱱ ᱵᱤᱰᱟᱹᱣ ᱠᱟᱛᱮᱞᱮ ᱧᱮᱞᱟ, ᱟᱨ ᱟᱢ ᱡᱟᱦᱟᱸᱢ ᱢᱮᱱ ᱟᱠᱟᱫᱟ ᱚᱱᱟ ᱢᱟᱱᱟᱣ ᱠᱟᱛᱮ ᱪᱟᱞᱟᱜ ᱢᱮ ᱾"
2217,मैं कुछ और की जरूरत है?,ᱤᱧᱟᱹᱜ ᱟᱨ ᱠᱟᱹᱪ ᱡᱟᱹᱨᱩᱲ ᱢᱮᱱᱟᱜᱼᱟ ᱪᱮᱫ ?
2218,"अरे, यह तो अच्छा है.","ᱡᱚᱛᱷᱟᱛ ᱜᱮᱭᱟ, ᱮᱱᱠᱷᱟᱱ ᱵᱷᱟᱜᱮ ᱾"
2219,अगली बात जो आपको चाहिए वह है एक वैध ई- मेल आईडी.,ᱫᱚᱥᱟᱨ ᱡᱤᱱᱤᱥ ᱟᱢᱟᱜ ᱞᱟᱹᱠᱛᱤᱭᱟᱱ ᱢᱤᱫᱴᱟᱝ ᱪᱟᱞᱩ ᱤᱼᱢᱮᱞ ᱟᱭᱰᱤ ᱾
2220,"कृपया इस बारे में भी सावधान रहें, क्योंकि जब एक भारतीय वीज़ा प्रस्तुत किया गया है और अनुमोदित किया गया है, तो यह सीधे ही अनुप्रयोग पर दिए ईमेल पता के लिए भेजा जाएगा.","ᱱᱮᱦᱚᱨ ᱥᱟᱞᱟᱜ ᱱᱚᱶᱟ ᱵᱟᱨᱮᱛᱮ ᱥᱚᱱᱛᱚᱨ ᱛᱟᱦᱮᱸᱱ ᱢᱮ, ᱡᱟᱦᱟᱸ ᱠᱷᱟᱹᱛᱤᱨ ᱱᱚᱶᱟ ᱢᱤᱫᱴᱟᱝ ᱵᱷᱟᱨᱚᱛᱤᱭᱟᱹ ᱵᱷᱤᱥᱟ ᱦᱚᱨᱟ ᱟᱱᱟᱜ ᱟᱨ ᱥᱟᱹᱠᱷᱤᱭᱟᱹᱛ ᱠᱚᱨᱟᱣ ᱟᱠᱟᱱᱟ, ᱱᱚᱶᱟ ᱥᱟᱢᱟᱝᱫᱟᱯᱨᱟᱢ ᱟᱹᱨᱡᱤᱨᱮ ᱮᱢᱟᱠᱟᱱ ᱤᱼᱢᱮᱞ ᱴᱷᱤᱠᱟᱹᱱᱟ ᱵᱷᱮᱡᱟ ᱦᱩᱭᱩᱜᱼᱟ ᱾"
2221,क्या यह ठीक है अगर मैं एक आधिकारिक आईडी का उपयोग करें और एक व्यक्‍तिगत नहीं?,ᱤᱧ ᱡᱚᱫᱤ ᱟᱯᱱᱟᱨ ᱟᱱᱟᱜ ᱟᱭᱰᱤ ᱵᱮᱣᱦᱟᱨ ᱵᱟᱝ ᱠᱟᱛᱮ ᱢᱤᱫᱴᱟᱝ ᱚᱯᱷᱤᱥᱤᱭᱟᱞ ᱟᱭᱰᱤ ᱵᱮᱣᱦᱟᱨᱼᱟ ᱮᱱᱠᱷᱟ ᱪᱮᱫ ᱡᱚᱛᱷᱟᱛ ᱢᱮᱱᱟᱜᱼᱟ ?
2222,मैं बहुत बार अपने व्यक्तिगत आईडी पर डाक जाँच नहीं है.,ᱤᱧ ᱤᱧᱟᱹᱜ ᱟᱯᱱᱟᱨ ᱟᱱᱟᱜ ᱢᱮᱞᱠᱚ ᱜᱷᱟᱱᱮ ᱜᱮ ᱵᱟᱹᱧ ᱪᱮᱠᱼᱟ ᱾
2223,इससे कोई फ़र्क नहीं पड़ता ।,ᱱᱚᱶᱟ ᱚᱠᱟ ᱵᱮᱯᱟᱨ ᱵᱟᱝ ᱠᱟᱱᱟ ᱾
2224,"ईमेल पता को सक्रिय होने की जरूरत है, कि सभी है.","ᱤᱼᱢᱮᱞ ᱮᱰᱨᱮᱥ ᱫᱚ ᱪᱮᱜᱟᱸ ᱜᱮ ᱛᱟᱦᱮᱸᱱ ᱦᱩᱭᱩᱜ ᱛᱟᱢᱟ, ᱱᱚᱶᱟ ᱥᱩᱢᱩᱝ ᱾"
2225,क्या ये केवल वही चीज़ें हैं जो मैं चाहता हूँ?,ᱱᱚᱶᱟ ᱤᱧ ᱞᱟᱹᱠᱛᱤᱭᱟᱱ ᱡᱟᱦᱟᱸ ᱥᱩᱢᱩᱝ ᱫᱩᱨᱤᱵᱽ ?
2226,भारत के लिए यात्रा करने के लिए अधिकार प्राप्त करने के लिए भी ए-एस-व्स इंडिया आवश्यकताएं हैं।,ᱱᱚᱶᱟ ᱪᱷᱟᱰᱟᱜᱮ ᱤᱼᱵᱷᱤᱥᱟ ᱤᱱᱰᱤᱭᱟ ᱨᱮᱭᱟᱜ ᱥᱟᱹᱵᱩᱫ ᱨᱮᱭᱟᱜ ᱞᱟᱹᱠᱛᱤᱭᱟᱱ ᱢᱮᱱᱟᱜᱼᱟ ᱡᱟᱦᱟᱸ ᱵᱷᱟᱨᱚᱛ ᱨᱮ ᱥᱟᱸᱜᱷᱟᱨ ᱨᱮᱭᱟᱜ ᱥᱟᱹᱠᱷᱤᱭᱟᱹᱛ ᱧᱟᱢᱚᱜ ᱞᱟᱹᱜᱤᱫ ᱞᱟᱹᱠᱛᱤᱭᱟᱱ ᱾
2227,यह इस बात को पुख्ता करता है कि यीशु के जन्म से पहले पन्‍ने या छोटे - छोटे जीव - जंतुओं की नकल करने की ज़रूरत है ।,ᱟᱹᱨᱡᱤᱟᱠᱟᱫᱠᱚ ᱟᱠᱚᱣᱟᱜ ᱟᱹᱨᱤᱟᱱ ᱯᱟᱥᱯᱳᱴ ᱨᱮᱭᱟᱜ ᱯᱩᱭᱞᱩ ᱥᱟᱦᱴᱟ ᱥᱮ ᱡᱤᱭᱚᱱ ᱪᱩᱨᱤᱛ ᱥᱟᱦᱴᱟ ᱨᱮᱭᱟᱜ ᱢᱤᱫᱴᱟᱝ ᱤᱥᱠᱮᱱ ᱠᱚᱨᱟᱣ ᱨᱚᱝᱤᱱ ᱠᱚᱯᱤ ᱡᱚᱢᱟ ᱦᱩᱭᱩᱜ ᱛᱟᱢᱟ ᱾
2228,"हर प्रशासक को हाल ही में पासपोर्ट - शैली, रंग फोटो भी स्वीकार करना चाहिए","ᱡᱚᱛᱚ ᱟᱹᱨᱡᱤᱟᱠᱟᱫ ᱠᱚ ᱢᱤᱫᱴᱟᱝ ᱱᱟᱦᱟᱜ ᱯᱟᱥᱯᱳᱴᱼᱤᱥᱴᱟᱭᱤᱞ, ᱨᱚᱝᱤᱱ ᱪᱤᱛᱟᱹᱨ ᱡᱚᱢᱟ ᱦᱩᱭᱩᱜ ᱛᱟᱢᱟ ᱾"
2229,बहुत सारे विशेषताएँ हैं।,ᱡᱟᱦᱟᱸ ᱤᱥᱯᱷᱤᱠᱮᱥᱚᱱ ᱵᱮᱥ ᱟᱭᱢᱟ ᱾
2230,मैं इसे नीचे नोट करेंगे तो मैं भूल नहीं है.,ᱤᱧ ᱱᱚᱶᱟ ᱱᱳᱴᱼᱟ ᱟᱹᱧ ᱡᱟᱦᱟᱸᱛᱮ ᱤᱧ ᱵᱟᱹᱧ ᱦᱤᱲᱤᱧ ᱾
2231,यह एक अच्छा विचार है.,ᱱᱚᱶᱟ ᱟᱹᱰᱤ ᱵᱷᱟᱜᱮ ᱩᱭᱦᱟᱹᱨ ᱵᱷᱟᱵᱱᱟ ᱾
2232,आपको एक डिबिट या क्रेडिट कार्ड की भी ज़रूरत है ।,ᱟᱢᱟᱜ ᱢᱤᱫᱴᱟᱝ ᱰᱮᱵᱤᱴ ᱥᱮ ᱠᱨᱮᱰᱤᱴ ᱠᱟᱨᱰ ᱦᱚᱸ ᱞᱟᱹᱠᱛᱤ ᱾
2233,"ओक, मैं अपनी संपत्ति में एक है.","ᱡᱚᱛᱷᱟᱛ ᱜᱮᱭᱟ, ᱤᱧᱟᱹᱜ ᱜᱚᱵᱚᱞ ᱨᱮ ᱢᱤᱫᱴᱟᱝ ᱢᱮᱱᱟᱜᱼᱟ ᱾"
2234,क्या यह ठीक है अगर मैं फिर से फोन करने के मामले में अन्य संदेह है?,ᱤᱧᱟᱹᱜ ᱮᱴᱟᱜ ᱡᱟᱦᱟᱸᱱ ᱦᱤᱸᱫᱤᱡ ᱛᱟᱦᱮᱸ ᱞᱮᱱᱠᱷᱟᱱ ᱤᱧ ᱟᱵᱟᱨ ᱠᱚᱞ ᱞᱮᱠᱷᱟᱱ ᱪᱮᱫ ᱡᱚᱛᱷᱟᱛ ᱦᱩᱭᱩᱜᱼᱟ ?
2235,"बेशक, किसी भी घटना के मामले में हमसे संपर्क करने के लिए स्वतंत्र महसूस करते हैं ।","ᱱᱤᱦᱟᱹᱛ ᱜᱮ, ᱡᱟᱦᱟᱸᱱ ᱠᱩᱠᱞᱤ ᱠᱷᱮᱛᱨᱚ ᱨᱮ ᱟᱞᱮᱭᱟᱜ ᱥᱟᱶᱛᱮ ᱵᱮᱜᱚᱨ ᱫᱷᱤᱜᱟᱹᱛᱟᱹ ᱛᱮ ᱡᱳᱜᱟᱡᱳᱜ ᱢᱮ ᱾"
2236,मैं इस साल से एक विदेशी भाषा लेने के लिए है.,ᱤᱧ ᱱᱚᱶᱟ ᱥᱮᱨᱢᱟ ᱠᱷᱚᱱ ᱢᱤᱫᱴᱟᱝ ᱵᱤᱞᱟᱹᱛ ᱯᱟᱹᱨᱥᱤ ᱦᱟᱛᱟᱣ ᱦᱩᱭᱩᱜ ᱛᱤᱧᱟᱹ ᱾
2237,मुझे यकीन नहीं है कि एक लेने के लिए.,ᱚᱠᱟᱴᱟᱜ ᱦᱟᱛᱟᱣ ᱦᱩᱭᱩᱜ ᱛᱤᱧᱟᱹ ᱤᱧ ᱵᱟᱹᱧ ᱴᱷᱤᱠᱟᱹ ᱟᱠᱟᱫᱟ ᱾
2238,कई विकल्प हैं.,ᱟᱭᱢᱟ ᱚᱯᱥᱚᱱ ᱢᱮᱱᱟᱜᱼᱟ ᱾
2239,"सच में, मैं उलझन में हूँ.","ᱥᱟᱹᱨᱤ ᱢᱮᱱᱛᱮ ᱪᱮᱫ, ᱤᱧ ᱵᱷᱤᱲᱠᱟᱹᱣ ᱾"
2240,कौन सी भाषा आप मुझे ले जाना चाहिए लगता है?,ᱤᱧᱟᱹᱜ ᱡᱟᱦᱟᱸᱱ ᱯᱟᱹᱨᱥᱤ ᱦᱟᱛᱟᱣ ᱞᱟᱹᱠᱛᱤ ᱢᱮᱱᱟᱜᱼᱟ ᱢᱮᱱᱛᱮ ᱟᱢ ᱢᱚᱱᱮᱭᱟ ?
2241,मैं तुम्हें पसंद है कि एक चुनने का सुझाव होगा.,ᱤᱧ ᱟᱢ ᱠᱩᱥᱤ ᱠᱟᱛᱮ ᱱᱚᱝᱠᱟᱱ ᱢᱤᱫᱴᱟᱝ ᱵᱟᱪᱷᱟᱣ ᱞᱟᱹᱜᱤᱫ ᱯᱚᱨᱟᱢᱚᱨᱥᱚᱧ ᱮᱢᱟᱢᱟ ᱾
2242,"उस तरह, आपको यह सीखने में दिलचस्पी होगी ।","ᱱᱚᱣᱟ ᱞᱮᱠᱟᱛᱮ, ᱟᱢᱟᱜ ᱱᱚᱶᱟ ᱪᱮᱪᱮᱫ ᱨᱮᱭᱟᱜ ᱡᱷᱩᱸᱠ ᱛᱟᱦᱮᱸᱱᱟ ᱾"
2243,"साथ ही, आप यह सीखने मजबूर महसूस महसूस की तरह महसूस नहीं होगा.","ᱱᱚᱶᱟ ᱪᱷᱟᱰᱟ, ᱟᱢ ᱱᱚᱶᱟ ᱪᱮᱫ ᱞᱟᱹᱜᱤᱫ ᱵᱚᱲᱦᱮ ᱟᱱᱟᱜ ᱵᱟᱢ ᱟᱹᱭᱠᱟᱹᱣᱼᱟ ᱾"
2244,यह समस्या है.,ᱚᱱᱟᱜᱮᱛᱚ ᱟᱹᱡᱷᱟᱴ ᱫᱚ ᱾
2245,मुझे लगता है मैं हर भाषा पसंद है.,ᱤᱧ ᱢᱚᱱᱮᱭᱟ ᱤᱧ ᱡᱚᱛᱚ ᱯᱟᱹᱨᱥᱤ ᱤᱧ ᱠᱩᱥᱤᱭᱟᱼᱟ ᱾
2246,"अगर मैं एक विकल्प होता, मैं उन सब ले लिया होता.","ᱢᱮᱱᱠᱷᱟᱱ ᱤᱧᱟᱹᱜ ᱢᱤᱫᱴᱟᱝ ᱵᱷᱮᱜᱟᱨ ᱛᱟᱦᱮᱸ ᱠᱟᱱᱟ, ᱤᱧ ᱩᱱᱠᱩᱣᱟᱜ ᱡᱚᱛᱚᱧ ᱟᱸᱜᱚᱪᱟ ᱾"
2247,"अगले साल, मैं केवल एक ले सकते हैं.","ᱫᱚᱥᱟᱨ ᱥᱮᱨᱢᱟ ᱞᱟᱹᱜᱤᱫ, ᱤᱧ ᱠᱮᱵᱚᱞ ᱢᱤᱫᱴᱟᱝ ᱤᱧ ᱦᱟᱛᱟᱣ ᱫᱟᱲᱮᱭᱟᱜᱼᱟ ᱾"
2248,तो मैं आप के लिए एक सबसे उपयोगी भाषा लेने का सुझाव होगा.,ᱮᱱᱠᱷᱟᱱ ᱤᱧ ᱟᱢ ᱞᱟᱹᱜᱤᱫ ᱡᱚᱛᱚᱠᱷᱚᱱ ᱡᱟᱹᱨᱩᱲᱟᱱ ᱢᱤᱫᱴᱟᱝ ᱯᱟᱹᱨᱥᱤ ᱦᱟᱛᱟᱣ ᱨᱮᱭᱟᱜ ᱯᱚᱨᱟᱢᱚᱨᱥᱚᱧ ᱮᱢᱟᱢᱟ ᱾
2249,एक है जो भविष्य में मदद का होगा.,ᱡᱟᱦᱟᱸ ᱟᱜᱟᱢ ᱨᱮ ᱥᱚᱦᱚᱫᱤᱡ ᱦᱩᱭᱩᱜᱼᱟ ᱾
2250,क्या आपने फैसला किया है कि आप भविष्य में क्या बनना चाहते हैं?,ᱟᱢ ᱪᱮᱫ ᱟᱜᱟᱢ ᱨᱮ ᱪᱮᱫ ᱦᱩᱭᱩᱜ ᱥᱟᱱᱟᱢᱮᱭᱟ ᱚᱱᱟᱢ ᱴᱷᱟᱹᱣᱠᱟᱹ ᱟᱠᱟᱫᱟ ?
2251,मैं उस तरह की कुछ भी फैसला नहीं किया है.,ᱤᱧ ᱚᱱᱟᱞᱮᱠ ᱠᱟᱹᱪ ᱜᱚᱴᱟ ᱴᱷᱤᱠ ᱵᱟᱹᱧ ᱦᱟᱛᱟᱣ ᱟᱠᱟᱫᱟ ᱾
2252,क्या आप मुझे बता सकते हैं कि किन क्षेत्रों के लिए भाषा लाभदायक है?,ᱟᱢ ᱤᱧᱮᱢ ᱞᱟᱹᱭ ᱫᱟᱲᱮ ᱟᱹᱧᱟᱹ ᱚᱠᱟ ᱯᱟᱹᱨᱥᱤ ᱚᱠᱟ ᱴᱷᱟᱶ ᱞᱟᱹᱜᱤᱫ ᱡᱟᱹᱨᱩᱲᱟᱱ ?
2253,बाद में मुझे चुनना मेरे लिए सचमुच मददगार साबित होगा ।,ᱛᱟᱭᱚᱢ ᱵᱟᱪᱷᱱᱟᱣ ᱠᱚᱨᱟᱣ ᱤᱧ ᱞᱟᱹᱜᱤᱫ ᱥᱟᱹᱨᱤᱜᱮ ᱫᱚᱦᱚᱫᱤᱡ ᱦᱩᱭᱩᱜᱼᱟ ᱾
2254,"यदि आप साहित्य लेना चाहते हैं, तो फ्रांसीसी इसके लिए सर्वोत्तम होगा ।",ᱟᱢ ᱡᱚᱫᱤ ᱥᱟᱶᱷᱮᱫ ᱟᱸᱜᱚᱪ ᱥᱟᱱᱟᱢᱮᱭᱟ ᱮᱱᱠᱷᱟᱱ ᱯᱷᱚᱨᱟᱥᱤ ᱦᱩᱭᱩᱜᱼᱟ ᱚᱱᱟ ᱞᱟᱹᱜᱤᱫ ᱥᱚᱨᱮᱥ ᱾
2255,ऐसे बहुत - से साहित्य हैं जिन्हें आप पढ़ सकते हैं ।,ᱟᱢ ᱯᱟᱲᱦᱟᱣ ᱫᱟᱲᱮᱭᱟᱜᱼᱟ ᱡᱮ ᱥᱟᱶᱷᱮᱫ ᱠᱟᱹᱢᱤ ᱟᱹᱰᱤ ᱰᱷᱮᱨ ᱢᱮᱱᱟᱜᱼᱟ ᱾
2256,"आप मनोरंजन क्षेत्र में कदम करना चाहते हैं, कोरियाई मदद करने वाला है.","ᱟᱢ ᱡᱚᱫᱤ ᱨᱟᱹᱥᱠᱟᱹᱣᱟᱱ ᱴᱷᱟᱶ ᱨᱮ ᱡᱟᱸᱜᱟ ᱫᱚᱦᱚ ᱥᱟᱱᱟ ᱢᱮᱭᱟ, ᱠᱳᱨᱤᱭᱟᱱ ᱮ ᱜᱚᱲᱚ ᱟᱢᱟ ᱾"
2257,के- पॉप और Korrra इन दिनों में काफी लोकप्रिय हो रहे हैं.,ᱠᱮᱼᱯᱚᱯ ᱟᱨ ᱠᱮᱼᱜᱟᱭᱟᱱᱠᱚ ᱛᱮᱦᱮᱧ ᱜᱟᱯᱟ ᱟᱭᱢᱟ ᱦᱚᱲᱠᱩᱥᱤᱭᱟᱱ ᱮ ᱧᱟᱢᱟ ᱾
2258,स्पेन में खनिजों के लिए सचमुच उपयोगी होगा.,ᱤᱥᱯᱮᱱᱤᱥ ᱥᱟᱹᱨᱤᱜᱮ ᱥᱟᱸᱜᱷᱟᱨ ᱞᱟᱹᱜᱤᱫ ᱞᱟᱹᱠᱛᱤᱭᱟᱱ ᱦᱩᱭᱩᱜᱼᱟ ᱾
2259,ये सब बढ़िया लग रहा है.,ᱱᱚᱶᱟ ᱡᱚᱛᱚ ᱪᱚᱢᱠᱚᱨᱚᱡ ᱥᱟᱵᱟᱫ ᱾
2260,मुझे लगता है कि मैं अपने अधिक अध्ययन के लिए विज्ञान ले जाएगा।,ᱤᱧ ᱢᱚᱱᱮᱭᱟ ᱤᱧ ᱤᱧᱟᱹᱜ ᱟᱨᱦᱚᱸ ᱯᱟᱲᱦᱟᱣ ᱞᱟᱹᱜᱤᱫ ᱥᱟᱬᱮᱥ ᱤᱧ ᱦᱟᱛᱟᱣᱼᱟ ᱾
2261,वैज्ञानिक अध्ययन के लिए कौन - सी सभी भाषाएँ सर्वोत्तम हैं?,ᱥᱟᱬᱮᱥᱤᱭᱟᱹ ᱠᱷᱚᱸᱫᱽᱨᱚᱱᱤᱭᱟᱹ ᱞᱟᱹᱜᱤᱫ ᱡᱚᱛᱚ ᱯᱟᱹᱨᱥᱤ ᱨᱮ ᱚᱠᱟᱫᱚ ᱥᱚᱨᱮᱥ ?
2262,जर्मन आप के लिए सबसे अच्छा भाषा होगा.,ᱡᱟᱨᱢᱟᱱ ᱟᱢ ᱞᱟᱹᱜᱤᱫ ᱥᱚᱨᱮᱥ ᱯᱟᱹᱨᱥᱤ ᱦᱩᱭᱩᱜᱼᱟ ᱾
2263,"जैसा कि सबसे प्रारंभिक वैज्ञानिक दस्तावेज़ों को जर्मन में लिखा गया था, यह सचमुच सहायक होगा ।","ᱚᱱᱟ ᱠᱷᱟᱹᱛᱤᱨ ᱰᱷᱮᱨᱜᱟᱱ ᱮᱛᱚᱦᱚᱵ ᱥᱟᱬᱮᱥᱤᱭᱟᱹ ᱱᱚᱛᱷᱤᱠᱚ ᱡᱟᱨᱢᱟᱱ ᱯᱟᱹᱨᱥᱤ ᱛᱮ ᱚᱞ ᱦᱩᱭ ᱞᱮᱱᱟ, ᱱᱚᱶᱟ ᱥᱟᱹᱨᱤᱜᱮ ᱥᱚᱦᱮᱫᱤᱡ ᱦᱩᱭᱩᱜᱼᱟ ᱾"
2264,"इसके अलावा, जर्मनी में और भी कई अध्ययन हैं ।","ᱚᱱᱟ ᱪᱷᱟᱰᱟ, ᱡᱟᱨᱢᱟᱱᱤ ᱨᱮ ᱟᱨᱦᱚᱸ ᱟᱭᱢᱟ ᱯᱟᱲᱦᱟᱣ ᱫᱟᱣ ᱢᱮᱱᱟᱜᱼᱟ ᱾"
2265,"लेकिन, अगर आप तकनीक में जाना चाहते हैं, तो मुझे लगता है कि चीनी लेने के लिए बेहतर होगा.","ᱮᱱᱠᱷᱟᱱ, ᱟᱢ ᱡᱚᱫᱤ ᱦᱚᱨᱟ ᱞᱮᱠᱟᱛᱮ ᱪᱟᱞᱟᱜ ᱥᱟᱱᱟᱢᱮᱭᱟ, ᱤᱧ ᱢᱚᱱᱮᱭᱟ ᱪᱤᱱᱟ ᱯᱟᱹᱨᱥᱤ ᱟᱸᱜᱚᱪ ᱵᱷᱟᱜᱮ ᱦᱩᱭᱩᱜᱼᱟ ᱾"
2266,आप की जरूरत होगी वे तकनीकों के साथ गति पकड़।,ᱩᱱᱠᱩ ᱡᱟᱦᱟᱸ ᱜᱚᱛᱤ ᱛᱮ ᱞᱟᱜᱟᱱᱠᱟᱹᱨᱤ ᱠᱚ ᱥᱟᱯᱲᱟᱣ ᱮᱫᱟ ᱚᱱᱟ ᱥᱟᱵ ᱞᱟᱹᱜᱤᱫ ᱟᱢᱟᱜ ᱱᱚᱶᱟ ᱞᱟᱹᱠᱛᱤ ᱦᱩᱭᱩᱜᱼᱟ ᱾
2267,मैं निश्‍चित हूँ कि यह मेरे लिए भविष्य में चुनाव करने के लिए सहायक होगा ।,ᱤᱧ ᱴᱷᱤᱠᱟᱹᱭᱟ ᱡᱮ ᱱᱚᱶᱟ ᱟᱜᱟᱢ ᱨᱮ ᱵᱟᱪᱷᱱᱟᱣ ᱞᱟᱹᱜᱤᱫ ᱤᱧᱟᱹᱜ ᱞᱟᱹᱜᱤᱫ ᱥᱚᱦᱮᱫ ᱦᱩᱭᱩᱜᱼᱟ ᱾
2268,मेरे सभी प्रिय विद्यार्थियों को सुप्रभात.,ᱥᱟᱹᱜᱩᱱ ᱥᱮᱛᱟᱜ ᱤᱧᱨᱮᱱ ᱥᱟᱱᱟᱢ ᱫᱩᱞᱟᱹᱲᱤᱭᱟᱹ ᱯᱟᱹᱴᱷᱣᱟᱹᱠᱚ ᱾
2269,आप सब ठीक कर रहे हैं उम्मीद है.,ᱟᱥᱚᱜ ᱠᱟᱱᱟᱹᱧ ᱟᱯᱮ ᱥᱟᱱᱟᱢ ᱠᱚᱜᱮ ᱱᱟᱯᱟᱭ ᱢᱮᱱᱟᱜ ᱯᱮᱭᱟ
2270,क्या आपको याद है कि कैसे हम अपनी अंतिम कक्षा में नदियों के बारे में बात शुरू की थी?,ᱫᱤᱥᱟᱹᱭᱮᱫᱟᱯᱮ ᱟᱵᱳᱣᱟᱜ ᱢᱩᱪᱟᱹᱫ ᱠᱞᱟᱥᱨᱮ ᱪᱮᱫ ᱞᱮᱠᱟᱛᱮ ᱟᱵᱳ ᱱᱟᱹᱭ ᱤᱫᱤ ᱠᱟᱛᱮᱜ ᱠᱟᱛᱷᱟᱵᱚ ᱮᱛᱚᱦᱚᱵ ᱞᱮᱫᱟ ?
2271,"क्या आप हमारे देश की मशहूर नदियों के बारे में मुझे बता सकते हैं, कुछ विशिष्ट विशेषताओं के साथ?","ᱟᱢ ᱪᱮᱫ ᱤᱧ ᱮᱢ ᱞᱟᱹᱭ ᱫᱟᱲᱮᱭᱟᱧᱟ ᱟᱵᱳ ᱫᱤᱥᱚᱢ ᱨᱮᱭᱟᱜ ᱠᱤᱪᱷᱤ ᱧᱩᱢ ᱩᱨᱩᱢ ᱵᱟᱹᱭ ᱵᱟᱨᱮᱛᱮ ᱡᱟᱦᱟᱸ ᱟᱢᱮᱢ ᱵᱟᱲᱟᱭᱟ, ᱮᱴᱟᱜ ᱵᱤᱥᱮᱥᱛᱟ ᱥᱟᱶᱛᱮ ?"
2272,"सुप्रभात, लीआ!","ᱥᱟᱹᱜᱩᱱ ᱥᱮᱛᱟᱜ, ᱢᱤᱥ ᱞᱤᱭᱟ !"
2273,मैं पिछले वर्ग से कुछ नदियों याद है.,ᱤᱧ ᱫᱤᱥᱟᱹᱭᱮᱫᱟ ᱢᱩᱪᱟᱹᱫ ᱠᱞᱟᱥ ᱨᱮᱭᱟᱜ ᱠᱤᱩᱪᱷᱤ ᱱᱟᱹᱭ ᱵᱟᱨᱮᱛᱮ ᱾
2274,"यह शहर भारत की सबसे लंबी नदी है और इसमें बहुत - से धार्मिक गुण हैं, लेकिन साथ ही, यह सबसे दूषित नदियों में से एक है ।","ᱟᱵᱳ ᱜᱟᱝᱜᱟ ᱱᱟᱹᱭ ᱛᱮᱵᱚᱱ ᱮᱛᱚᱦᱚᱵ ᱞᱮᱫᱟ, ᱡᱟᱦᱟᱸᱫᱚ ᱜᱟᱝᱜᱟ ᱦᱚᱸᱠᱚ ᱢᱮᱛᱟᱜᱼᱟ, ᱡᱟᱦᱟᱸᱫᱚ ᱵᱷᱟᱨᱚᱛ ᱨᱮᱭᱟᱜ ᱡᱚᱛᱚᱠᱷᱚᱱ ᱡᱮᱞᱮᱧ ᱱᱟᱹᱭ ᱠᱟᱱᱟ, ᱱᱚᱶᱟ ᱨᱮᱭᱟᱜ ᱫᱚ ᱫᱚᱨᱚᱢᱟᱱ ᱛᱮᱛᱮᱫ ᱢᱮᱱᱟᱜᱼᱟ, ᱢᱮᱱᱠᱷᱟᱱ ᱤᱱᱟᱹ ᱚᱠᱛᱚᱨᱮᱜᱮ, ᱱᱚᱶᱟᱫᱚ ᱡᱚᱛᱚᱠᱷᱚᱱ ᱵᱟᱹᱲᱛᱤ ᱵᱤᱥᱟᱹᱣ ᱟᱠᱟᱱ ᱱᱟᱹᱭ ᱠᱚ ᱢᱩᱫᱨᱮ ᱠᱟᱱᱟ ᱾"
2275,"यह Herroual प्रौश से शुरू होता है, और इसकी लम्बाई २५ किलोमीटर से भी ज़्यादा है, जो कि १५ प्रमुख भारतीय शहरों में बह रही है ।","ᱱᱚᱶᱟᱫᱚ ᱦᱤᱢᱟᱪᱚᱞ ᱯᱨᱚᱫᱮᱥ ᱨᱮᱭᱟᱜ ᱜᱟᱝᱜᱳᱛᱨᱤ ᱠᱷᱚᱱ ᱮᱛᱚᱦᱚᱵ ᱟᱠᱟᱱᱟ, ᱟᱨ ᱱᱚᱶᱟ ᱨᱮᱭᱟᱜ ᱡᱮᱞᱮᱧ ᱫᱚ ᱡᱟᱹᱱᱤᱡᱽ ᱒᱕᱒᱕ ᱠᱤᱢᱤ, ᱑᱕ ᱜᱚᱴᱟᱝ ᱠᱷᱚᱱ ᱵᱟᱹᱲᱛᱤ ᱢᱩᱲᱩᱫ ᱵᱷᱟᱨᱚᱛᱤᱭᱚ ᱥᱟᱦᱟᱨ ᱛᱟᱞᱟᱛᱮ ᱟᱹᱛᱩ ᱪᱟᱞᱟᱣ ᱟᱠᱟᱱᱟ ᱾"
2276,"और हाँ, यह भी दुनिया में सबसे बड़े डेल्टा की रचना की है; पश्‍चिम बंगाल में सारान।","ᱟᱨ ᱦᱮᱸ, ᱱᱚᱶᱟᱫᱚ ᱫᱷᱟᱹᱨᱛᱤ ᱨᱮᱭᱟᱜ ᱡᱚᱛᱚᱠᱷᱚᱱ ᱢᱟᱨᱟᱝ ᱵᱚᱼᱰᱷᱤᱯ ᱯᱚᱪᱷᱤᱢ ᱵᱟᱝᱜᱟᱞ ᱨᱮᱭᱟᱜ ᱥᱩᱱᱫᱚᱨᱵᱚᱱᱨᱮ ᱵᱮᱱᱟᱣ ᱟᱠᱟᱱᱟ ᱾"
2277,आप इंदु के बारे में याद है?,ᱥᱤᱱᱫᱷᱩ ᱨᱮᱭᱟᱜ ᱠᱟᱛᱷᱟᱢ ᱩᱭᱦᱟᱹᱨ ᱮᱫᱟ ?
2278,"इस नदी ने सबसे प्राचीन मानवी नागरिकीकरण की शुरूआत की, इंदु का गृहीकरण और उसमें एक बड़ा ऐतिहासिक मूल्य रखा ।","ᱱᱚᱶᱟ ᱱᱟᱹᱭ ᱫᱚ ᱢᱟᱨᱟᱝ ᱩᱛᱟᱹᱨᱟᱱ ᱥᱮᱫᱟᱭ ᱢᱟᱹᱱᱢᱤ ᱥᱚᱥᱱᱚᱜ, ᱥᱤᱱᱫᱷᱩ ᱥᱚᱥᱱᱚᱜ ᱮ ᱡᱟᱱᱟᱢ ᱟᱠᱟᱫᱟ ᱟᱨ ᱢᱤᱫ ᱢᱟᱨᱟᱝ ᱱᱟᱜᱟᱢᱤᱭᱟᱹ ᱜᱚᱱᱚᱝ ᱮ ᱦᱟᱛᱟᱣ ᱟᱠᱟᱫᱟ ᱾"
2279,"हाँ, तुम ने कहा कि यह भी सीनू कहा जाता है।","ᱦᱮᱸ, ᱟᱢᱮᱢ ᱞᱟᱹᱭ ᱟᱠᱟᱫ ᱱᱚᱶᱟᱦᱚᱸ ᱥᱤᱱᱫᱷᱩ ᱠᱚ ᱢᱮᱱᱟ ᱾"
2280,"यह चीन, पाकिस्तान, साथ ही भारत के माध्यम से आता है.","ᱱᱚᱶᱟᱫᱚ ᱪᱤᱱ, ᱯᱟᱠᱤᱥᱛᱟᱱ, ᱥᱟᱶ ᱥᱟᱶᱛᱮ ᱵᱷᱟᱨᱚᱛ ᱫᱤᱥᱚᱢ ᱛᱟᱞᱟ ᱛᱮᱦᱚᱸ ᱟᱹᱛᱩ ᱟᱠᱟᱱᱟ ᱾"
2281,"भारत में केवल पाँच प्रतिशत ही इसका हिस्सा है, फिर भी यह सभ्यता, साथ ही अर्थव्यवस्था के मामलों में सबसे महत्त्वपूर्ण नदियों में से एक है ।","ᱵᱷᱟᱨᱚᱛ ᱨᱮᱭᱟᱜ ᱢᱚᱬᱮ ᱥᱟᱭᱦᱤᱥ ᱦᱤᱸᱥ ᱢᱮᱱᱟᱜ ᱛᱟᱭᱟ, ᱮᱱᱛᱮᱦᱚᱸ ᱥᱚᱥᱱᱚᱜ ᱥᱟᱶ ᱥᱟᱶᱛᱮ ᱠᱟᱹᱣᱰᱤᱟᱹᱨᱤ ᱥᱮᱪ ᱛᱮᱦᱚᱸ ᱱᱚᱶᱟᱫᱚ ᱞᱟᱹᱠᱛᱤᱭᱟᱱ ᱱᱟᱹᱭ ᱠᱟᱱᱟ ᱾"
2282,"मैम, तुम भी भारत और इंदु के शब्दों की तस्वीर के बारे में कुछ ज़िक्र किया है, क्या आप उसे दोहरा सकते हैं?","ᱢᱟᱪᱮᱛᱟᱱᱤ, ᱟᱢ ᱵᱷᱟᱨᱚᱛ ᱟᱨ ᱥᱤᱱᱫᱷᱩ ᱟᱹᱲᱟᱹ ᱨᱮᱭᱟᱜ ᱡᱚᱯᱲᱟᱣ ᱵᱟᱨᱮᱛᱮ ᱠᱤᱪᱷᱤᱢ ᱞᱟᱹᱭ ᱞᱮᱫᱟ ; ᱟᱢ ᱪᱮᱫ ᱚᱱᱟ ᱫᱚᱲᱦᱟᱛᱮᱢ ᱞᱟᱹᱭᱟ ?"
2283,पाकिस्तान से उत्तर - पश्‍चिमी भारत तक जानेवाले इंदु का नाम अरिमतिया से आया ।,ᱩᱛᱟᱹᱨᱼᱯᱚᱪᱷᱤᱢ ᱵᱦᱟᱨᱚᱛ ᱛᱟᱞᱟᱛᱮ ᱯᱟᱠᱤᱥᱛᱟᱱ ᱪᱟᱞᱟᱣ ᱟᱠᱟᱱ ᱥᱤᱱᱫᱷᱩ ᱫᱟᱜ ᱰᱟᱦᱟᱨ ᱨᱮᱭᱟᱜ ᱧᱩᱛᱩᱢ ᱥᱚᱝᱥᱠᱨᱤᱛ ᱟᱹᱲᱟᱹ ᱥᱤᱱᱫᱷᱩ ᱠᱷᱚᱱ ᱦᱮᱡᱽ ᱟᱠᱟᱱᱟ
2284,इस तरह भारत इंदु से निकला हुआ है ।,"ᱯᱟᱨᱚᱥᱥᱚ ᱠᱚᱫᱚ ᱥᱤᱱᱫᱦᱩ ᱫᱟᱜ ᱰᱟᱦᱟᱨ ᱨᱮᱭᱟᱜ ᱟᱰᱮᱯᱟᱥᱮ ᱨᱮᱭᱟᱜ ᱡᱩᱢᱤᱠᱚ ᱦᱤᱱᱫᱩ ᱞᱮᱠᱟᱛᱮᱠᱚ ᱵᱚᱨᱟᱫᱽ ᱞᱮᱫᱟ, ᱥᱚᱝᱥᱠᱨᱤᱛ ᱫᱚ ᱥᱤᱱᱫᱷᱩ ᱨᱮᱭᱟᱜ ᱢᱤᱫ ᱦᱤᱲᱤᱡᱽ ᱟᱨ ᱚᱱᱟᱛᱮ ᱥᱤᱱᱫᱷᱩ ᱠᱷᱚᱱ ᱵᱦᱟᱨᱚᱛ ᱧᱩᱛᱩᱢ ᱫᱚ ᱦᱮᱡᱽ ᱟᱠᱟᱱᱟ ᱾"
2285,"ओह, ठीक है, तुम हमें यह सब सिखाना था, धन्यवाद.","ᱳᱦ,ᱴᱷᱤᱠ ᱜᱮᱭᱟ, ᱟᱢ ᱱᱚᱶᱟᱠᱚ ᱟᱞᱮᱢ ᱪᱮᱫ ᱟᱠᱟᱫ ᱞᱮᱭᱟ, ᱟᱢ ᱟᱭᱢᱟ ᱥᱟᱨᱦᱟᱣ ᱾"
2286,क्या आपको याद है कि हम भारत के सबसे बड़े नदी के बारे में बात कर रहे थे ।,ᱵᱷᱟᱨᱚᱛ ᱨᱮᱭᱟᱜ ᱡᱚᱛᱚᱠᱷᱚᱱ ᱢᱟᱨᱟᱝ ᱱᱟᱹᱭ ᱵᱨᱚᱢᱢᱚᱯᱩᱛᱨᱚ ᱱᱟᱹᱭ ᱤᱫᱤ ᱠᱟᱛᱜ ᱟᱵᱳ ᱡᱟᱦᱟᱸᱵᱚᱱ ᱜᱟᱞᱚᱪ ᱞᱮᱫᱟ ᱚᱱᱟ ᱪᱮᱫ ᱫᱤᱥᱟᱹ ᱢᱮᱱᱟᱜᱼᱟ ?
2287,यह कहाँ से आता है और यह कैसे एक अलग नाम है?,ᱚᱠᱟ ᱠᱷᱚᱱ ᱮᱛᱚᱦᱚᱵ ᱟᱠᱟᱱᱟ ᱟᱨ ᱚᱸᱰᱮ ᱪᱮᱫ ᱞᱮᱠᱟᱛᱮ ᱵᱷᱤᱱᱟᱹ ᱧᱩᱛᱩᱢᱚᱜ ᱠᱟᱱᱟ ?
2288,यह काईस्‌ पर्वत के पास है ।,ᱱᱚᱶᱟᱫᱚ ᱠᱳᱭᱞᱟᱥ ᱨᱟᱛᱟᱝᱵᱩᱨᱩ ᱥᱩᱨ ᱨᱮ ᱟᱝᱥᱤ ᱦᱤᱢᱚᱵᱟᱦᱚ ᱠᱷᱚᱱ ᱥᱤᱨᱡᱟᱹᱣ ᱟᱠᱟᱱᱟ ᱟᱨ ᱱᱚᱶᱟᱫᱚ ᱤᱭᱟᱨᱞᱩᱝ ᱥᱟᱝᱯᱳᱣ ᱠᱚ ᱢᱮᱛᱟᱜᱼᱟ ᱾
2289,"यह डेल्टा तट है 130 करोड़ लोगों के लिए और ६,००० लोगों के लिए घर है... ... नदी के द्वीपों पर रहते हैं.","ᱱᱚᱶᱟ ᱨᱮᱭᱟᱜ ᱵᱚᱼᱰᱷᱤᱯᱨᱮ ᱑᱓᱐ ᱢᱤᱞᱤᱭᱚᱱ ᱦᱚᱲ ᱟᱨ ᱖,᱐᱐,᱐᱐᱐ ᱦᱚᱲ ᱱᱟᱹᱭ ᱨᱮᱭᱟᱜ ᱰᱷᱤᱯ ᱨᱮᱠᱚ ᱛᱟᱦᱮᱱᱟ ᱾"
2290,"लेकिन मैडम, कैसे वेरा और ब्रारा दोनों सबसे बड़ी भारतीय नदियों हो सकते हैं?","ᱢᱮᱱᱠᱦᱟᱱ ᱢᱟᱪᱮᱛᱟᱱᱤ, ᱪᱮᱫ ᱞᱮᱠᱟᱛᱮ ᱜᱟᱝᱜᱟ ᱟᱨ ᱵᱨᱚᱢᱢᱚᱯᱩᱛᱨᱚ ᱱᱟᱹᱭᱠᱤᱱ ᱵᱷᱟᱨᱚᱛ ᱨᱮᱭᱟᱜ ᱢᱟᱨᱟᱝ ᱩᱛᱟᱹᱨᱟᱱ ᱱᱟᱹᱭ ᱦᱩᱭ ᱰᱟᱲᱮᱭᱟᱜᱼᱟ ?"
2291,ब्राज़ा कुटारा स्पष्ट रूप से पागला से अधिक है.,ᱵᱨᱚᱢᱢᱚᱯᱩᱛᱨᱚ ᱫᱚ ᱮᱠᱟᱞᱜᱮ ᱡᱮᱞᱮᱧ ᱜᱮᱭᱟ ᱾
2292,यह पानी के प्रवाह में सबसे बड़ा है जबकि ब्रारा सबसे लंबी है.,ᱜᱟᱝᱜᱟ ᱜᱮ ᱡᱮᱞᱮᱧᱟ ᱡᱟᱦᱟᱸᱨᱮ ᱵᱨᱚᱢᱢᱚᱯᱩᱛᱨᱚ ᱟᱡᱟᱜ ᱞᱤᱜᱤᱱ ᱫᱟᱜ ᱥᱮᱡᱽᱛᱮᱭ ᱢᱟᱨᱟᱝ ᱜᱮᱭᱟ ᱾
2293,"ईश्वरवा दूसरा सबसे लंबा है, और दक्षिणी भारत की सबसे लंबी नदी भी 'डाशिशना' के नाम से जानी जाती है।",ᱜᱳᱫᱟᱵᱚᱨᱤ ᱜᱟᱝᱜᱟ ᱛᱟᱭᱚᱢ ᱫᱚᱥᱟᱨ ᱡᱮᱞᱮᱧᱟᱱ ᱱᱟᱹᱭ ᱠᱟᱱᱟ ᱟᱨ ᱰᱟᱹᱠᱷᱤᱱ ᱵᱷᱟᱨᱚᱛ ᱨᱮᱭᱟᱜ ᱡᱮᱞᱮᱧᱟᱱ ᱱᱟᱹᱭ ᱡᱟᱦᱟᱸᱫᱚ 'ᱫᱟᱹᱠᱷᱤᱱ ᱜᱟᱝᱜᱟ' ᱧᱩᱛᱩᱢ ᱛᱮᱦᱚᱸ ᱵᱟᱰᱟᱭᱚᱜᱼᱟ ᱾
2294,इस नदी को हिंदू शास्त्रों में बहुतों के लिए श्रद्धा और भय दिया गया है ।,ᱱᱟᱹᱭ ᱫᱚ ᱟᱭᱢᱟ ᱜᱮᱥᱟᱼᱥᱟᱥᱟᱭ ᱦᱟᱹᱵᱤᱡᱽ ᱦᱤᱱᱫᱩ ᱫᱷᱚᱨᱚᱢ ᱯᱩᱛᱷᱤᱨᱮ ᱢᱟᱹᱱ ᱟᱠᱟᱱᱟ ᱟᱨ ᱢᱤᱫ ᱯᱮᱨᱮᱡᱽ ᱯᱩᱨᱩᱱ ᱞᱟᱠᱪᱟᱨᱟᱱᱜ ᱥᱮᱨᱣᱟᱭ ᱢᱟᱱᱟᱣ ᱤᱫᱤᱭᱮᱫᱟ ᱾
2295,और Wagowiribin खतरे जैतून Rodys के मुख्य घोंसलों में से एक है.,ᱟᱨ ᱠᱨᱤᱥᱱᱚᱼᱜᱳᱫᱟᱵᱚᱨᱤ ᱚᱵᱚᱵᱟᱦᱤᱠᱟ ᱢᱮᱴᱟᱣ ᱟᱠᱟᱱ ᱚᱞᱤᱵᱷ ᱨᱤᱰᱞᱤ ᱦᱚᱨᱚ ᱠᱚᱣᱟᱜ ᱢᱩᱲᱩᱫ ᱛᱟᱦᱮᱸᱱ ᱴᱷᱟᱶ ᱠᱚ ᱢᱩᱫᱨᱮ ᱢᱤᱫᱴᱟᱝ ᱠᱟᱱᱟ ᱾
2296,जी हाँ ।,ᱮᱠᱟᱞ ᱜᱮ ᱱᱚᱶᱟᱫᱚ ᱾
2297,मैं वास्तव में यह देखने के लिए प्रभावित हूँ कि आपको विवरणों में नदियों का एक अच्छा विचार है।,ᱤᱧᱫᱚ ᱥᱟᱹᱨᱤᱜᱮᱧ ᱠᱩᱥᱤ ᱟᱠᱟᱱᱟ ᱡᱮ ᱟᱢᱟᱜ ᱱᱟᱹᱭ ᱤᱫᱤᱠᱟᱛᱮᱜ ᱵᱤᱪᱷᱱᱟᱹᱣᱛᱮ ᱢᱤᱫ ᱱᱟᱯᱟᱭ ᱩᱭᱦᱟᱹᱨ ᱢᱮᱱᱟᱜᱼᱟ ᱾
2298,"मैडम, धन्यवाद, तुम हमें यह पिछले वर्ग में से अधिकांश सिखाया.","ᱥᱟᱨᱦᱟᱣ ᱜᱮ, ᱢᱟᱪᱮᱛᱟᱱᱤ, ᱞᱟᱦᱟ ᱠᱞᱟᱥ ᱨᱮᱭᱟᱜ ᱟᱢ ᱟᱢᱮᱜᱮᱢ ᱥᱮᱸᱲᱟ ᱟᱠᱟᱫ ᱞᱮᱭᱟ ᱾"
2299,और हम अगले एक में और अधिक सीखेंगे.,ᱟᱨ ᱛᱟᱭᱚᱢᱟᱜ ᱨᱮ ᱟᱨᱦᱚᱱᱞᱮ ᱪᱮᱫᱼᱟ ᱾
2300,"आप सब कल, बच्चों को देखो!","ᱚᱠᱛᱚ ᱦᱩᱭ ᱟᱠᱟᱱᱟ ! ᱜᱟᱯᱟ ᱧᱟᱯᱟᱢ ᱦᱩᱭᱩᱜᱼᱟ ᱜᱤᱰᱨᱟᱹ, ᱜᱤᱫᱨᱟᱹ ᱠᱚ !"
2301,"हैलो, आप चिंतित लग रहा है, क्या हो रहा है?","ᱦᱮᱞᱳ, ᱟᱢ ᱟᱹᱰᱤ ᱵᱷᱟᱵᱱᱟᱢ ᱧᱮᱞᱚᱜ ᱠᱟᱱᱟ, ᱪᱮᱫ ᱦᱩᱭᱩᱜ ᱠᱟᱱᱟ ?"
2302,"हाँ, मैं घंटे के लिए ओडिश तूफान पर अद्यतन देख रहा है.","ᱦᱮᱸ, ᱤᱧ ᱠᱟᱹᱪ ᱴᱟᱲᱟᱝ ᱠᱷᱚᱱ ᱳᱰᱤᱥᱥᱟ ᱦᱚᱭᱵᱷᱟᱨᱰᱳ ᱨᱮᱭᱟᱜ ᱟᱯᱰᱮᱴ ᱤᱧ ᱧᱮᱞ ᱮᱫᱟ ᱾"
2303,"यह तूफान का दूसरा दिन है, और पूरा शहर एक मुसीबत में है.","ᱱᱚᱶᱟ ᱫᱚ ᱦᱚᱭᱵᱷᱟᱨᱰᱳ ᱨᱮᱭᱟᱜ ᱫᱚᱥᱟᱨ ᱢᱟᱦᱟ, ᱟᱨ ᱜᱚᱴᱟ ᱥᱟᱦᱟᱨ ᱫᱚ ᱛᱟᱜᱟᱲ ᱱᱟᱪᱟᱲ ᱦᱟᱞᱚᱛ ᱨᱮ ᱢᱮᱱᱟᱜᱼᱟ ᱾"
2304,बुनियादी चीज़ों के लिए भी बाहर जाना मुश्‍किल है ।,ᱢᱩᱞᱟᱹᱱ ᱥᱩᱵᱤᱫᱷᱟ ᱞᱟᱹᱜᱤᱫ ᱵᱟᱨᱦᱮ ᱪᱟᱞᱟᱜ ᱫᱚ ᱟᱸᱡᱷᱟᱴ ᱜᱮᱭᱟ ᱾
2305,"शुक्र है कि आज तक हमारे इलाके में बिजली नहीं है, ज़्यादातर इलाकों में बिजली नहीं है ।","ᱢᱚᱞᱚᱝᱟᱱᱟᱜ ᱞᱮᱠᱟᱛᱮ ᱟᱯᱮᱭᱟᱜ ᱴᱚᱴᱷᱟ ᱨᱮ ᱱᱮᱛᱚᱜ ᱦᱚᱸ ᱵᱤᱡᱽᱞᱤ ᱢᱮᱱᱟᱜᱼᱟ, ᱟᱹᱰᱤᱜᱟᱱ ᱴᱚᱴᱷᱟ ᱨᱮ ᱵᱤᱡᱽᱞᱤ ᱵᱟᱹᱱᱩᱜᱼᱟ ᱾"
2306,"मुझे यह सुनने के लिए बहुत खेद है कि, मैं अपने परिवार की आशा है और आप सुरक्षित हैं.","ᱤᱧ ᱱᱚᱶᱟ ᱟᱸᱡᱚᱢ ᱠᱟᱛᱮ ᱟᱹᱰᱤ ᱵᱷᱟᱵᱱᱟᱧ ᱟᱹᱭᱠᱟᱹᱣ ᱮᱫᱟ, ᱤᱧ ᱟᱥᱟᱭᱮᱫᱟ ᱟᱢᱨᱮᱱ ᱜᱷᱟᱨᱚᱸᱡᱤᱭᱟᱹ ᱟᱨ ᱟᱢ ᱱᱤᱨᱟᱹᱭ ᱨᱮ ᱢᱮᱱᱟᱢᱟ ᱾"
2307,क्या आपको लगता है कि यह कब तक के लिए जा सकता है?,ᱟᱢᱟᱜ ᱪᱮᱫ ᱡᱟᱦᱟᱸᱱ ᱟᱹᱱᱟᱹᱭᱠᱟᱹᱣ ᱢᱮᱱᱟᱜᱼᱟ ᱛᱤᱱᱜᱷᱟᱹᱲᱤ ᱱᱚᱶᱟ ᱪᱟᱞᱟᱣ ᱫᱟᱲᱮᱭᱟᱜᱼᱟ ?
2308,"अनुमान लगाया गया मौसम पूर्वानुमान और नवीनतम पूर्वानुमान के अनुसार, यह लगभग ३ दिनों तक होगा ।","ᱟᱜᱟᱢ ᱵᱟᱰᱟᱭᱟᱱ ᱦᱚᱭᱦᱤᱥᱤᱫ ᱨᱮᱭᱟᱜ ᱟᱜᱟᱢ ᱵᱟᱰᱟᱭ ᱟᱨ ᱢᱩᱪᱟᱹᱫ ᱨᱮᱭᱟᱜ ᱢᱤᱫ ᱞᱮᱠᱟᱛᱮ, ᱱᱚᱶᱟ ᱟᱭᱩᱢᱟᱹᱱ ᱞᱮᱠᱟᱛᱮ ᱓ ᱢᱟᱦᱟ ᱞᱟᱹᱜᱤᱫ ᱪᱟᱞᱩ ᱛᱟᱦᱮᱸᱱᱟ ᱾"
2309,लेकिन मैं हालांकि परिणामों के बारे में और अधिक चिंतित हूँ.,ᱢᱮᱱᱠᱷᱟᱱ ᱱᱚᱶᱟ ᱦᱟᱞᱚᱛ ᱱᱤᱭᱟᱹᱛᱮ ᱤᱧ ᱟᱹᱰᱤᱧ ᱩᱭᱦᱟᱹᱨᱚᱜ ᱠᱟᱱᱟ ᱾
2310,सन्‌ 2020 में आखिरी तूफान आया ।,"ᱢᱩᱪᱟᱹᱫ ᱦᱚᱭᱵᱷᱟᱨᱰᱳ ᱫᱚ ᱒᱐᱒᱐ ᱥᱟᱹᱦᱤᱛ ᱨᱮ ᱦᱩᱭ ᱞᱮᱱᱟ, ᱒ ᱢᱟᱦᱟ ᱫᱷᱟᱹᱵᱤᱡ ᱪᱟᱞᱟᱣ ᱞᱮᱱᱟ ᱟᱨ ᱠᱟᱹᱪ ᱴᱚᱴᱷᱟ ᱨᱮ ᱵᱤᱡᱽᱞᱤ ᱧᱟᱢ ᱨᱩᱭᱟᱹᱲ ᱫᱚ ᱯᱨᱟᱭ ᱑᱕ ᱢᱟᱦᱟ ᱞᱟᱜᱟᱣ ᱞᱮᱱᱟ ᱾"
2311,"जब कोई या कोई प्राकृतिक विपत्ति घट जाती है, तो वह इस प्रकार की हानि के प्रति बहुत ही प्रवृत्त होती है ।",ᱡᱚᱠᱷᱚᱱ ᱜᱮ ᱡᱟᱦᱟᱸ ᱵᱟᱝ ᱡᱟᱦᱟᱸ ᱥᱟᱪᱟᱨᱦᱮᱫ ᱪᱷᱤᱛᱤᱨᱵᱤᱛᱤᱨ ᱦᱩᱭᱩᱜᱼᱟ ᱩᱱᱜᱮ ᱳᱲᱤᱥᱥᱟ ᱫᱚ ᱱᱚᱶᱟ ᱞᱮᱠᱟᱱ ᱞᱚᱥᱠᱟᱱ ᱨᱮᱭᱟᱜ ᱡᱷᱩᱸᱠ ᱨᱮᱭ ᱛᱟᱦᱮᱸᱱᱟ ᱾
2312,"आप 2020 में ओडिशा आए थे, क्या आप तूफान के दौरान मौजूद थे?","ᱟᱢ ᱒᱐᱒᱐ ᱥᱟᱹᱦᱤᱛ ᱨᱮ ᱳᱲᱤᱥᱥᱟ ᱨᱮᱢ ᱦᱮᱡᱞᱮᱱᱟ, ᱟᱢ ᱪᱮᱫ ᱦᱚᱭᱵᱷᱟᱨᱰᱳ ᱚᱠᱛᱮ ᱥᱮᱴᱮᱨᱮᱢ ᱛᱟᱦᱮᱸ ᱠᱟᱱᱟ ?"
2313,"नहीं, मैं शुक्र है कि मैं तूफान से बस एक सप्ताह पहले ही छोड़ दिया था.","ᱵᱟᱝ, ᱢᱚᱞᱚᱝ ᱞᱤᱠᱷᱚᱱ ᱞᱮᱠᱟᱛᱮ ᱤᱧ ᱦᱚᱭᱵᱷᱟᱨᱰᱳ ᱨᱮᱭᱟᱜ ᱥᱩᱢᱩᱝ ᱢᱤᱫ ᱥᱟᱯᱛᱟ ᱞᱟᱦᱟ ᱤᱧ ᱨᱩᱭᱟᱹᱲ ᱞᱮᱱᱟ ᱾"
2314,"मुझे आश्चर्य है कि यह वहाँ रहने वाले लोगों के लिए क्या पसंद है, यह एक ऐसी कमजोर बात है!","ᱤᱧ ᱦᱟᱦᱟᱲᱟ ᱩᱛᱟᱹᱨ ᱮᱱᱟ ᱡᱮ ᱚᱸᱰᱮ ᱜᱤᱨᱟᱹᱵᱟᱹᱥᱤ ᱟᱠᱟᱱ ᱦᱚᱲᱠᱚ ᱞᱟᱹᱜᱤᱫ ᱱᱚᱶᱟ ᱪᱮᱫᱞᱮᱠᱟ, ᱱᱚᱶᱟ ᱮᱢᱚᱱ ᱢᱤᱫᱴᱟᱝ ᱞᱤᱪᱟᱹᱲ ᱡᱤᱱᱤᱥ !"
2315,विशेष रूप से देश के पास जनता.,ᱠᱷᱟᱥ ᱠᱟᱨᱛᱮ ᱥᱟᱹᱢᱩᱫ ᱟᱲᱮ ᱥᱩᱨᱥᱩᱯᱩᱨ ᱨᱮᱱ ᱦᱚᱲᱠᱚ ᱾
2316,क्या सरकार इन लोगों की मदद करती है कि वे अपने घर और ऐशो - आराम की चीज़ों को दोबारा बनाएँ?,ᱥᱚᱨᱠᱟᱨ ᱪᱮᱫ ᱱᱩᱠᱩ ᱦᱚᱲᱠᱚᱣᱟᱜ ᱩᱱᱠᱩᱣᱟᱜ ᱚᱲᱟᱜ ᱫᱩᱣᱟᱹᱨ ᱟᱨ ᱡᱤᱯᱠᱟ ᱟᱹᱨᱩᱨᱩᱣᱟᱹᱲ ᱨᱮ ᱜᱚᱲᱚ ᱮᱢ ᱮᱫᱟᱭ ?
2317,यह एक या दो दिन के अन्दर प्रयास के वर्षों को भयानक रूप से खो देना चाहिए ।,ᱱᱚᱶᱟ ᱱᱤᱦᱟᱹᱛ ᱜᱮ ᱢᱤᱫ ᱥᱮ ᱵᱟᱨ ᱢᱟᱦᱟ ᱢᱩᱫᱽᱨᱮ ᱥᱮᱨᱢᱟ ᱛᱟᱭᱚᱢ ᱥᱮᱨᱢᱟ ᱠᱩᱨᱩᱢᱩᱴᱩ ᱵᱚᱛᱚᱨᱜᱮ ᱦᱟᱨᱟᱣ ᱦᱩᱭᱩᱜ ᱛᱟᱭᱟ ᱾
2318,"सरकार उतनी ही मदद करती है जितनी कि संभव है, ख़ासकर गाँवों में, जहाँ ज़्यादातर लोग अपने ही हाथों से रह जाते हैं ।","ᱥᱚᱨᱠᱟᱨ ᱛᱤᱱᱟᱹᱜ ᱦᱩᱭᱫᱟᱲᱮᱭᱟᱜ ᱜᱚᱲᱚ ᱟᱢᱟᱭ, ᱠᱷᱟᱥ ᱠᱟᱨᱛᱮ ᱟᱹᱛᱩ ᱴᱚᱴᱷᱟ ᱨᱮ, ᱡᱟᱦᱟᱸᱨᱮ ᱦᱚᱲ ᱰᱷᱮᱨᱜᱟᱱ ᱦᱟᱹᱴᱤᱧ ᱜᱮ ᱩᱱᱠᱩᱣᱟᱜ ᱟᱯᱱᱟᱨ ᱪᱮᱛᱟᱱ ᱟᱲᱟᱜ ᱠᱟᱜᱼᱟᱭ ᱾"
2319,आखिरी बार अलग - अलग देशों से काम करनेवाले मज़दूर अलग - अलग देशों से आए थे ताकि यह काम तेज़ी से बंद हो सके ।,ᱞᱟᱦᱟ ᱫᱷᱚᱢ ᱟᱭᱢᱟ ᱯᱚᱱᱚᱛ ᱠᱷᱚᱱ ᱢᱩᱱᱤᱥ ᱟᱹᱜᱩ ᱦᱩᱭ ᱞᱮᱱᱟ ᱡᱟᱦᱟᱸᱛᱮ ᱠᱟᱹᱢᱤ ᱞᱚᱜᱚᱱ ᱠᱚᱨᱟᱣ ᱦᱩᱭᱩᱜ ᱾
2320,यहाँ तक कि प्रशासनिक निगम के लोगों ने भी घड़ी के चारों ओर काम किया ताकि वे समय पर बिजली प्राप्त कर सकें जब बच्चे और बुज़ुर्ग नागरिक मौजूद थे जो अनेक कठिनाइयों का सामना कर रहे थे ।,ᱮᱢᱚᱱᱪᱮᱫ ᱢᱤᱭᱩᱱᱤᱥᱤᱯᱟᱞ ᱠᱳᱨᱯᱚᱨᱮᱥᱚᱱ ᱨᱮᱱ ᱦᱚᱲᱦᱚᱸ ᱵᱟᱨᱜᱮᱞ ᱯᱩᱱ ᱴᱟᱲᱟᱝ ᱠᱚ ᱠᱟᱹᱢᱤ ᱞᱮᱫᱟ ᱡᱟᱦᱟᱸᱛᱮ ᱩᱱᱠᱩ ᱚᱠᱛᱮ ᱞᱮᱠᱟᱛᱮ ᱵᱤᱡᱽᱞᱤ ᱠᱚ ᱧᱟᱢ ᱨᱩᱣᱟᱹᱲ ᱫᱟᱲᱮᱭᱟᱜ ᱠᱟᱨᱚᱱ ᱚᱸᱰᱮ ᱥᱮᱴᱮᱨ ᱟᱠᱟᱱ ᱜᱤᱫᱽᱨᱟᱹ ᱟᱨ ᱢᱩᱮᱨᱟᱱ ᱱᱟᱜᱚᱨᱤᱭᱟᱹ ᱠᱚ ᱟᱭᱢᱟ ᱚᱥᱩᱵᱤᱫᱷᱟ ᱨᱮᱠᱚ ᱯᱟᱲᱟᱣ ᱞᱮᱠᱟ ᱾
2321,"ओसाशा एक स्थान है, और इस समय के दौरान अत्यधिक मौसमीय परिस्थितियों का सामना करती है ।","ᱳᱲᱤᱥᱥᱟ ᱦᱩᱭᱩᱜ ᱠᱟᱱᱟ ᱢᱤᱫᱴᱟᱝ ᱡᱟᱭᱜᱟ, ᱱᱚᱶᱟ ᱚᱠᱛᱮ ᱨᱮ ᱟᱹᱰᱤᱟᱸᱴ ᱦᱚᱭᱦᱤᱥᱤᱫ ᱨᱮᱭ ᱯᱟᱲᱟᱣ ᱞᱮᱱᱟ ᱾"
2322,यह जानना अच्छा है कि नागरिकों को समय पर मदद मिलती है.,ᱱᱚᱶᱟ ᱟᱸᱡᱚᱢ ᱠᱟᱛᱮ ᱟᱹᱰᱤ ᱱᱟᱯᱟᱭ ᱤᱧ ᱟᱹᱭᱠᱟᱹᱣ ᱠᱮᱫᱟ ᱡᱮ ᱱᱟᱜᱚᱨᱤᱭᱟᱹ ᱠᱚ ᱚᱠᱛᱮ ᱞᱮᱠᱟᱛᱮ ᱜᱚᱲᱚ ᱠᱚ ᱧᱟᱢᱟ ᱾
2323,फिर भी यह देखना दुःख की बात है कि ऐसे अत्यधिक मौसमीय परिस्थितियों के कारण स्थिति कितनी बुरी होती है ।,ᱱᱮᱛᱚᱜ ᱦᱚᱸ ᱚᱞᱚᱝᱟᱱ ᱞᱮᱠᱟᱛᱮ ᱡᱮ ᱱᱚᱶᱟ ᱞᱮᱠᱟᱱ ᱟᱹᱰᱤᱟᱸᱴ ᱦᱚᱭᱦᱤᱥᱤᱫ ᱚᱡᱮᱛᱮ ᱪᱮᱫᱞᱮᱠᱟᱛᱮ ᱵᱚᱛᱚᱨᱟᱱ ᱡᱤᱱᱤᱥᱠᱚ ᱧᱟᱢᱚᱜᱼᱟ ᱾
2324,आप वहाँ कब तक रह गया है?,ᱛᱤᱱᱟᱹᱜ ᱫᱤᱱ ᱠᱷᱚᱱ ᱟᱢ ᱚᱸᱰᱮᱢ ᱜᱤᱨᱟᱹᱵᱟᱥᱚᱜ ᱠᱟᱱᱟ ?
2325,क्या कभी जलवायु की प्रकृति ने आपको राज्य छोड़ने के लिए प्रेरित किया है?,ᱦᱚᱭᱞᱚᱝ ᱨᱮ ᱥᱟᱪᱟᱨᱦᱮᱫ ᱪᱮᱫ ᱟᱢ ᱯᱚᱱᱚᱛ ᱵᱟᱹᱜᱤ ᱨᱮᱭᱟᱜ ᱮ ᱵᱚᱲᱦᱮᱭᱮᱫ ᱢᱮᱭᱟ ?
2326,अब मैं यहाँ रह रहा है कि 5 साल हो गया है.,ᱤᱧ ᱱᱚᱸᱰᱮᱧ ᱜᱟᱹᱨᱟᱹᱵᱟᱥᱚᱜ ᱠᱟᱱᱟ ᱱᱮᱛᱚᱜ ᱕ ᱥᱮᱨᱢᱟ ᱦᱩᱭ ᱟᱠᱟᱱᱟ ᱾
2327,"मौसम ठीक है, हालाँकि गर्म और ठंडा है, लेकिन अन्य तत्त्व ठीक हैं ताकि यह मेरे लिए कभी नहीं हुआ ।","ᱦᱚᱭᱞᱚᱝ ᱴᱷᱤᱠ ᱢᱮᱱᱟᱜᱼᱟ, ᱮᱱᱛᱮᱨᱮᱦᱚᱸ ᱥᱤᱛᱩᱝᱠᱚ ᱵᱮᱥ ᱞᱚᱞᱚ ᱟᱨ ᱚᱞᱟᱦᱮᱫ, ᱛᱚᱵᱮ ᱠᱷᱟᱱ ᱮᱴᱟᱜ ᱚᱡᱮ ᱠᱚᱫᱚ ᱴᱷᱤᱠ ᱚᱱᱟᱛᱮ ᱡᱟᱭᱜᱟᱫᱚ ᱟᱲᱟᱜ ᱪᱟᱞᱟᱣ ᱨᱮᱭᱟᱜ ᱠᱟᱛᱷᱟ ᱤᱧ ᱴᱷᱮᱱ ᱛᱤᱥᱦᱚᱸ ᱵᱮᱝ ᱦᱮᱡ ᱟᱠᱟᱱᱟ ᱾"
2328,ऐसा लगता है कि आज के ज़माने में यह बहुत मुश्‍किल हो रहा है ।,ᱵᱚᱨᱥᱟᱠᱟᱞ ᱨᱮ ᱛᱷᱚᱲᱟ ᱟᱸᱡᱷᱟᱴ ᱢᱮᱱᱛᱮ ᱢᱚᱱᱮ ᱦᱩᱭᱩᱜᱼᱟ ᱢᱮᱱᱠᱷᱟᱱ ᱥᱮᱨᱢᱟ ᱛᱟᱭᱚᱢ ᱥᱮᱨᱢᱟ ᱫᱷᱟᱹᱵᱤᱡ ᱱᱚᱶᱟ ᱪᱟᱪᱟᱞᱟᱣ ᱞᱮᱠᱟᱱᱟᱜ ᱦᱩᱭ ᱨᱟᱠᱟᱵ ᱟᱠᱟᱱᱟ ᱾
2329,मैं देखता हूँ कि ध्वनि संभालयोग्य है; मैं बस उम्मीद करता हूँ कि बातें जल्द ही बेहतर होंगी ।,"ᱤᱧ ᱧᱮᱞᱛᱮ, ᱡᱟᱦᱟᱸ ᱪᱟᱪᱟᱞᱟᱣ ᱟᱱᱟᱜ ᱥᱟᱵᱟᱫ ᱵᱟᱝ ᱠᱟᱱᱟ; ᱤᱧ ᱥᱩᱢᱩᱝ ᱟᱥᱟᱤᱧ ᱫᱚᱦᱚᱭᱟ ᱡᱤᱱᱤᱥᱠᱚ ᱟᱹᱰᱤ ᱞᱚᱜᱚᱱ ᱵᱷᱟᱜᱮ ᱦᱩᱭᱩᱜᱼᱟ ᱾"
2330,"मैं माफी चाहता हूँ, मुझे जाना है, आप शायद तूफान पर एक जल्दी अद्यतन दे सकता है?","ᱤᱧ ᱵᱷᱟᱵᱱᱟᱹᱧ ᱟᱹᱭᱠᱟᱹᱣᱮᱫᱟ, ᱤᱧ ᱪᱟᱞᱟᱜ ᱦᱩᱭᱩᱜ ᱛᱤᱧᱟᱹ, ᱟᱢ ᱪᱮᱫ ᱦᱚᱭᱵᱷᱟᱨᱰᱳ ᱨᱮᱭᱟᱜ ᱢᱤᱫᱴᱟᱝ ᱞᱚᱜᱚᱱ ᱟᱯᱰᱮᱴ ᱤᱧ ᱮᱢ ᱫᱟᱲᱮ ᱟᱹᱧᱟᱹ ?"
2331,वर्तमान में स्थिति कैसी है और आज लोग इसका सामना कैसे कर रहे हैं?,ᱱᱟᱦᱟᱜ ᱡᱤᱲᱤᱥᱠᱚ ᱪᱮᱫᱞᱮᱠᱟ ᱟᱨ ᱦᱚᱲᱠᱚ ᱱᱮᱛᱚᱜ ᱪᱮᱫ ᱞᱮᱠᱟᱛᱮ ᱱᱚᱶᱟ ᱠᱚ ᱢᱩᱠᱟᱹᱵᱮᱞᱟ ᱮᱫᱟ ᱾
2332,"ऐसे कई संगठन हैं जो लोगों की मदद कर रहे हैं, जिनके पास ढेर सारा सामान हो रहा है ।","ᱱᱚᱸᱰᱮ ᱟᱭᱢᱟ ᱜᱟᱶᱛᱟ ᱢᱮᱱᱟᱜᱼᱟ ᱡᱟᱦᱟᱸᱭ ᱠᱚ ᱦᱚᱲᱠᱚ ᱜᱚᱲᱚ ᱟᱠᱚᱣᱟ, ᱢᱩᱫᱤ, ᱪᱤᱠᱤᱥᱥᱟ ᱥᱩᱵᱤᱫᱷᱟ ᱟᱨ ᱨᱟᱱ ᱟᱨ ᱡᱚᱛᱚ ᱞᱟᱹᱠᱛᱤᱭᱟᱱ ᱡᱤᱱᱤᱥᱠᱚ ᱡᱚᱠᱷᱚᱱ ᱞᱟᱹᱠᱛᱤᱜᱼᱟ ᱾"
2333,ज़्यादातर क्षेत्रों में टीमें भी बनायी जाती हैं जो ज़रूरत पड़ने पर किसी भी तरह की मदद देने में कार्य कर सकती हैं ।,ᱰᱷᱮᱨᱜᱟᱱ ᱴᱚᱴᱷᱟ ᱨᱮ ᱮᱢᱚᱱᱪᱮᱫ ᱜᱟᱫᱮᱞ ᱛᱮᱭᱟᱨ ᱦᱩᱭᱩᱜᱼᱟ ᱡᱟᱦᱟᱸᱭ ᱞᱟᱹᱠᱛᱤᱭᱟᱱ ᱡᱟᱦᱟᱸ ᱞᱮᱠᱟᱱᱟᱜ ᱜᱚᱲᱚ ᱮᱢᱚᱜ ᱨᱮ ᱠᱟᱹᱢᱤ ᱫᱟᱲᱮᱭᱟᱜᱼᱟᱭ ᱾
2334,"हम धीरज धरने और एक दूसरे की मदद करने के अलावा, बहुत कुछ कर सकते हैं ।",ᱥᱟᱦᱟᱣ ᱫᱟᱲᱮ ᱛᱟᱦᱮᱸᱱ ᱟᱨ ᱢᱤᱫ ᱟᱨᱢᱤᱫᱦᱚᱲ ᱜᱚᱲᱚ ᱪᱷᱟᱰᱟ ᱟᱞᱮ ᱪᱮᱫᱦᱚᱸ ᱵᱟᱞᱮ ᱠᱚᱨᱟᱣ ᱫᱟᱲᱮᱭᱟᱜᱼᱟ ᱾
2335,"हाँ, यह सही है!","ᱦᱮᱸ, ᱚᱱᱟ ᱡᱚᱛᱷᱟᱛ ᱜᱮᱭᱟ !"
2336,आप सब एक दूसरे का ध्यान रखना कृपया.,ᱟᱯᱮ ᱡᱚᱛᱚ ᱫᱟᱭᱟ ᱠᱟᱛᱮ ᱟᱯᱮᱭᱟᱜ ᱟᱨ ᱢᱤᱫ ᱟᱨ ᱦᱤᱫᱟᱜ ᱡᱚᱛᱚᱱ ᱦᱟᱛᱟᱣ ᱢᱮ ᱾
2337,"मुझे आशा है कि यह जल्दी ही हो जाता है, मुझे पता है कि अगर हम यहाँ से कुछ भी कर सकते हैं।",ᱤᱧ ᱟᱸᱥ ᱤᱧ ᱫᱚᱦᱚᱭᱮᱫᱟ ᱱᱚᱶᱟ ᱟᱹᱰᱤ ᱞᱚᱜᱚᱱ ᱵᱷᱟᱜᱮ ᱦᱩᱭᱩᱜᱼᱟ; ᱟᱵᱚ ᱱᱚᱸᱰᱮ ᱠᱷᱚᱱ ᱠᱟᱹᱪ ᱵᱚᱱ ᱠᱚᱨᱟᱣ ᱫᱟᱲᱮᱭᱟᱜᱼᱟ ᱥᱮ ᱪᱮᱫ ᱚᱱᱟ ᱤᱧ ᱵᱟᱰᱟᱭ ᱚᱪᱚᱤᱧ ᱢᱮ ᱾
2338,मैं निश्चित रूप से तुम्हें पता करने देंगे.,ᱱᱤᱦᱟᱹᱛ ᱜᱮ ᱤᱧ ᱟᱢᱤᱧ ᱵᱟᱰᱟᱭ ᱚᱪᱚ ᱢᱮᱭᱟ ᱾
2339,"आखिरकार, दरवाज़ा खुल गया ।","ᱢᱩᱪᱟᱹᱫ ᱦᱟᱹᱵᱤᱡ ᱛᱮ, ᱞᱚᱠᱰᱟᱣᱩᱱ ᱡᱷᱤᱡᱩᱜ ᱠᱟᱱᱟ ᱾"
2340,और कोई भारी प्रतिबंध नहीं.,ᱟᱨ ᱠᱮᱴᱮᱡ ᱢᱟᱱᱟ ᱵᱟᱨᱚᱱ ᱵᱟᱹᱱᱩᱜᱼᱟ ᱾
2341,"अगर मुझे एक और हफ्ते के अंदर रहना होता, तो मैं अंदर - ही - अंदर पागल हो जाती ।","ᱤᱧᱫᱚ ᱯᱟᱜᱞᱟ ᱩᱛᱟᱹᱨ ᱠᱚᱜ ᱟᱹᱧ, ᱡᱩᱫᱤ ᱟᱨ ᱢᱤᱫ ᱦᱟᱯᱛᱟ ᱜᱟᱱ ᱚᱲᱟᱜ ᱵᱷᱤᱛᱤᱨ ᱨᱮᱧ ᱛᱟᱦᱮᱸ ᱞᱮᱱᱠᱷᱟᱱ ᱾"
2342,आप एक नहीं कर रहे हैं किसने कहा?,ᱚᱠᱚᱭ ᱞᱟᱹᱭ ᱮᱫᱟ ᱟᱢ ᱮᱠᱞᱟ ᱫᱚ ᱵᱟᱝ ?
2343,"मजाक अलग, खोलने की आरंभ का मतलब नहीं है आप जो कुछ भी करना चाहते हैं.","ᱞᱟᱸᱫᱟ ᱠᱟᱛᱷᱟ ᱫᱚ ᱛᱟᱦᱮᱸᱱᱚᱜ, ᱞᱚᱠᱰᱟᱣᱩᱱ ᱡᱷᱤᱡᱩᱜ ᱠᱟᱱᱟ ᱢᱮᱱᱛᱮ ᱱᱚᱝᱠᱟ ᱫᱚ ᱵᱟᱝ ᱠᱟᱱᱟ ᱡᱮ ᱟᱢ ᱡᱟᱦᱟᱸ ᱜᱮᱢ ᱠᱷᱚᱡᱟ ᱚᱱᱜᱮᱢ ᱠᱚᱨᱟᱣᱼᱟ ᱾"
2344,रात को इंतज़ार करना अभी भी खत्म हो जाएगा.,ᱧᱤᱫᱟᱹ ᱠᱟᱨᱯᱷᱤᱣᱩ ᱫᱚ ᱱᱤᱛᱦᱚᱸ ᱢᱮᱱᱟᱜ ᱜᱮᱭᱟ ᱾
2345,मास्क और सामाजिक हस्तक्षेप अब भी लागू होगा ।,ᱢᱟᱥᱠ ᱦᱚᱨᱚᱜ ᱟᱨ ᱥᱳᱥᱟᱞ ᱰᱤᱥᱴᱮᱱᱥᱤᱝ ᱱᱤᱭᱚᱢ ᱫᱚ ᱱᱤᱛᱦᱚᱸ ᱞᱟᱹᱜᱩᱼᱟ ᱾
2346,और सबसे महत्त्वपूर्ण बात तो यह है कि इस वैक्सीन को लेने से हमारी फ़ौरन चिंता होनी चाहिए ।,"ᱟᱨ ᱡᱚᱛᱚᱠᱷᱚᱱ ᱞᱟᱹᱠᱛᱤᱭᱟᱜ, ᱩᱥᱟᱹᱨᱟ ᱵᱷᱮᱠᱥᱤᱱ ᱦᱟᱛᱟᱣ ᱫᱚ ᱟᱵᱚᱣᱟᱜ ᱩᱭᱦᱟᱹᱨ ᱦᱩᱭᱩᱜ ᱞᱟᱹᱠᱛᱤ ᱠᱟᱱᱟ ᱾"
2347,"ओह, यह vaky प्राप्त करने के लिए अनिवार्य है?","ᱳ, ᱴᱤᱠᱟᱹ ᱫᱚ ᱦᱟᱛᱟᱣᱜᱮ ᱦᱩᱭᱩᱜᱼᱟ ?"
2348,एक व्यक्ति पहले कोवड द्वारा प्रभावित किया गया है एक बार वह बना बना बना बना बना नहीं है?,ᱢᱤᱫᱴᱟᱝ ᱦᱚᱲ ᱞᱟᱦᱟᱨᱮ ᱠᱳᱵᱷᱤᱰ ᱨᱮᱭ ᱯᱟᱲᱟᱣ ᱞᱮᱱᱠᱷᱟᱱ ᱩᱱᱤᱫᱚ ᱪᱮᱫ ᱟᱡᱟᱨ ᱵᱟᱭ ᱴᱮᱠᱟᱣ ᱫᱟᱨᱟᱢ ᱫᱟᱲᱮᱭᱟᱜᱼᱟ ?
2349,हे भगवान! आप इन सब गलत नहीं कहाँ से मिलता है?,"ᱳᱦ, ᱪᱟᱸᱫᱳ ! ᱚᱠᱟ ᱠᱷᱚᱱᱮᱢ ᱧᱟᱢᱟ ᱱᱚᱝᱠᱟᱱ ᱵᱟᱹᱲᱤᱡ ᱩᱭᱦᱟᱹᱨ ᱵᱷᱟᱵᱱᱟ ?"
2350,"नहीं, एक कोवविद से लड़ने के लिए नहीं बन जाता है जब वे अतीत में प्रभावित किया गया है।",ᱢᱟᱲᱟᱝᱨᱮ ᱞᱚᱦᱚᱡᱩᱨᱤ ᱞᱮᱱᱠᱷᱟᱱ ᱚᱠᱚᱭᱦᱚᱸ ᱠᱳᱵᱷᱤᱰ ᱠᱷᱚᱱ ᱨᱤᱦᱟᱹᱭ ᱵᱟᱭ ᱧᱟᱢᱟ ᱾
2351,उन दोनों के बीच कोई संबंध नहीं है.,ᱟᱥᱚᱞᱨᱮ ᱱᱚᱶᱟᱠᱤᱱ ᱢᱩᱫᱽᱨᱮ ᱚᱠᱟ ᱥᱟᱹᱜᱟᱹᱭᱜᱮ ᱵᱟᱹᱱᱩᱜᱼᱟ ᱿
2352,और सबसे महत्त्वपूर्ण बात तो यह है कि इस वैक्सीन को पूरी तरह से अनिवार्य है ।,"ᱟᱨ ᱡᱚᱛᱚᱠᱷᱚᱱ ᱞᱟᱹᱠᱛᱤᱭᱟᱜ, ᱴᱤᱠᱟᱹ ᱦᱟᱛᱟᱣ ᱫᱚ ᱮᱠᱟᱞ ᱡᱟᱹᱨᱩᱲᱟ ᱾"
2353,हर किसी को इन दो सत्यापित वैक्सीनों में से भी लेना होगा... ... Coviwisd और Caxin.,ᱥᱟᱱᱟᱢ ᱦᱚᱲᱜᱮ ᱠᱳᱵᱷᱤᱥᱤᱞᱰ ᱟᱨ ᱠᱳᱵᱦᱮᱠᱥᱤᱱ ᱵᱟᱨᱭᱟ ᱧᱩᱛᱩᱢᱟᱱ ᱵᱷᱮᱠᱥᱤᱱ ᱨᱮᱭᱟᱜ ᱡᱟᱦᱟᱸᱴᱟᱜ ᱜᱮ ᱦᱟᱛᱟᱣ ᱦᱩᱭᱩᱜ ᱛᱟᱢᱟ ᱾
2354,तो आप का मतलब है कि मैं जाने के लिए और पहली बार वैक्सीन लेने के लिए की जरूरत है और फिर मैं खोलने के दौरान क्या करना चाहते हैं के बारे में सोचते हैं.,ᱚᱱᱟᱛᱮ ᱟᱢᱮᱢ ᱞᱟᱹᱭ ᱮᱫᱟ ᱡᱮ ᱤᱧ ᱯᱳᱭᱞᱳᱨᱮ ᱵᱷᱮᱠᱥᱤᱱ ᱦᱟᱛᱟᱣ ᱦᱩᱭᱩᱜ ᱛᱤᱧᱟᱹ ᱟᱨ ᱤᱱᱟᱹ ᱛᱟᱭᱚᱢ ᱞᱚᱠᱰᱟᱣᱩᱱ ᱠᱷᱩᱞᱟᱹᱣ ᱚᱠᱛᱚ ᱤᱧ ᱡᱟᱦᱟᱸᱠᱚ ᱡᱤᱱᱤᱥ ᱠᱚᱨᱟᱣ ᱤᱧ ᱠᱷᱚᱡ ᱠᱟᱱ ᱛᱟᱦᱮᱸ ᱚᱱᱟ ᱩᱭᱦᱟᱹᱨ ᱢᱮ ᱾
2355,"एक नहीं, लेकिन एक ही वैक्सीन के दो खुराक.","ᱢᱤᱫᱴᱟᱝ ᱫᱚ ᱵᱟᱝ, ᱢᱤᱫᱴᱟᱝ ᱵᱷᱮᱠᱥᱤᱱ ᱨᱮᱭᱟᱜ ᱵᱟᱨᱭᱟ ᱰᱳᱡ ᱾"
2356,"आपको यह दिखाने के लिए कहा जा सकता है कि एक बाजार में जाने से पहले या ट्रेनों से सफर करने से पहले, आप अपने वैक्सीन प्रमाणपत्र दिखा सकते हैं ।",ᱢᱤᱫᱴᱟᱝ ᱢᱚᱞᱨᱮ ᱵᱚᱞᱚᱜ ᱞᱟᱦᱟᱨᱮ ᱥᱮ ᱨᱤᱞᱜᱟᱹᱰᱤ ᱥᱮ ᱩᱰᱟᱹᱱᱜᱟᱹᱰᱤᱨ ᱛᱮ ᱪᱟᱞᱟᱜ ᱞᱟᱦᱟᱨᱮ ᱟᱢ ᱟᱢᱟᱜ ᱵᱷᱮᱠᱥᱤᱱ ᱥᱤᱫᱥᱟᱠᱟᱢ ᱩᱫᱩᱜᱽ ᱠᱚ ᱢᱮᱛᱟᱢᱟ ᱾
2357,मैं यह सब कैसे कर सकता हूँ?,ᱥᱟᱹᱨᱤᱜᱮ ? ᱩᱱᱠᱩ ᱠᱚ ᱠᱚᱨᱟᱣᱼᱟ ? ᱤᱧᱫᱚ ᱪᱤᱠᱟᱹᱛᱮ ᱵᱟᱹᱧ ᱵᱟᱰᱟᱭᱟ ᱾
2358,मैं अपने परिवार के साथ छुट्टी योजना बना रहा था इस गर्मियों में.,ᱟᱥᱚᱞᱨᱮ ᱱᱤᱭᱟᱹ ᱥᱤᱛᱩᱝ ᱫᱤᱱᱨᱮ ᱤᱧᱨᱮᱱ ᱜᱷᱟᱸᱨᱚᱡᱤᱭᱟᱹ ᱠᱚ ᱥᱟᱶᱛᱮ ᱢᱤᱫᱴᱟᱝ ᱪᱷᱩᱴᱤ ᱨᱮᱭᱟᱜ ᱤᱧ ᱩᱭᱦᱟᱹᱨ ᱵᱷᱟᱵᱱᱟ ᱞᱮᱫᱟ ᱾
2359,"उस के लिए, आप में से हर किसी को कम से कम CVI-19 के पहले खुराक से संपर्क करना होगा.","ᱚᱱᱟ ᱠᱷᱟᱹᱛᱤᱨ ᱛᱮ, ᱟᱯᱮ ᱥᱟᱱᱟᱢ ᱦᱚᱲᱜᱮ ᱠᱳᱵᱷᱤᱰᱼ᱑᱙ ᱴᱤᱠᱟᱹ ᱨᱮᱭᱟᱜ ᱯᱳᱭᱞᱳ ᱰᱳᱡ ᱫᱚ ᱦᱟᱛᱟᱣ ᱦᱩᱭᱩᱜ ᱛᱟᱯᱮᱭᱟ ᱾"
2360,"वे आपके वायरस प्रमाणपत्रों के लिए द्वार पर, आप से पूछना होगा.",ᱩᱱᱠᱩ ᱵᱚᱞᱚᱜ ᱫᱩᱣᱟᱹᱨ ᱨᱮ ᱟᱢᱟᱜ ᱴᱤᱠᱟᱹ ᱥᱤᱫ ᱥᱟᱠᱟᱱ ᱞᱟᱹᱜᱤᱫ ᱠᱚ ᱠᱩᱞᱤ ᱢᱮᱭᱟ ᱾
2361,कृपया खबर अद्यतन के बारे में सावधान रहें.,ᱠᱷᱚᱵᱚᱨ ᱵᱟᱰᱟᱭ ᱤᱫᱤ ᱵᱟᱨᱮᱛᱮ ᱥᱚᱱᱛᱚᱨ ᱛᱟᱦᱮᱱ ᱢᱮ ᱾
2362,"हाँ, यह सब धन्यवाद, जब मैं अन्यथा सोच रहा था.","ᱦᱮᱸ ᱥᱟᱨᱦᱟᱣ ᱜᱮ ᱟᱢᱫᱚ, ᱱᱚᱶᱟ ᱠᱚᱫᱚ ᱤᱧ ᱮᱴᱟᱜ ᱜᱮᱧ ᱩᱭᱦᱟᱹᱨ ᱞᱮᱫᱟ ᱾"
2363,मैं जल्द ही अपने gab मिल जाएगा.,ᱡᱟᱦᱟᱸ ᱛᱤᱱᱟᱹᱜ ᱞᱚᱜᱚᱱ ᱦᱩᱭ ᱫᱟᱲᱮᱭᱟᱜᱼᱟ ᱤᱧ ᱠᱟᱹᱢᱤ ᱧᱟᱢ ᱦᱩᱭᱩᱜ ᱛᱤᱧᱟᱹ ᱾
2364,"हाँ, कृपया, हम नहीं भूलना चाहिए कि महामारी अभी तक चला गया है.","ᱦᱮ ᱫᱟᱭᱟ ᱠᱟᱛᱮᱜ, ᱱᱚᱶᱟ ᱦᱤᱲᱤᱧ ᱞᱮᱠᱷᱟᱱ ᱵᱟᱝ ᱦᱩᱭᱩᱜᱼᱟ ᱡᱮ ᱢᱟᱦᱟᱢᱟᱹᱨᱤ ᱱᱤᱛᱦᱚᱸ ᱵᱟᱝ ᱪᱟᱵᱟ ᱟᱠᱟᱱᱟ ᱾"
2365,मुझे आशा है कि आप कोलिश वेबसाइट पर अपने आप को पंजीकृत किया है।,ᱤᱧ ᱟᱥᱚᱜ ᱠᱟᱹᱱᱟᱹᱧ ᱠᱳᱣᱤᱱ ᱳᱭᱮᱵᱥᱟᱭᱤᱴᱨᱮ ᱟᱢᱮᱢ ᱥᱮᱞᱮᱫ ᱟᱠᱟᱱᱟ ᱾
2366,हाँ मैं पंजीकृत कर रहा हूँ.,ᱦᱮᱸ ᱤᱧ ᱥᱮᱞᱮᱫ ᱟᱠᱟᱱᱟ ᱾
2367,तो कृपया वैक्सीन के लिए एक उचित तारीख जाँच करें और यह अनुसूचित हो.,ᱤᱱᱟᱹ ᱛᱟᱭᱚᱢ ᱫᱟᱭᱟ ᱠᱟᱛᱮᱜ ᱵᱷᱮᱠᱥᱤᱱ ᱞᱟᱹᱜᱤᱫ ᱢᱤᱫᱴᱟᱝ ᱴᱷᱟᱹᱣᱠᱟᱹ ᱢᱟᱹᱦᱤᱛ ᱧᱮᱞᱢᱮ ᱟᱨ ᱱᱚᱶᱟ ᱜᱚᱴᱟᱭ ᱢᱮ ᱾
2368,यह उच्च समय है आप अपने वैक्सीन प्राप्त करना चाहिए,ᱟᱢᱟᱜ ᱵᱦᱮᱠᱥᱤᱱ ᱦᱟᱛᱟᱣ ᱨᱮᱭᱟᱜ ᱚᱠᱛᱚ ᱥᱮᱴᱮᱨ ᱟᱠᱟᱱᱟ ᱾
2369,आज मैं यह करूँगा.,ᱛᱮᱦᱮᱧ ᱤᱧᱛᱮᱧ ᱠᱚᱨᱟᱣᱼᱟ ᱾
2370,मेरे गलत विचारों को साफ करने के लिए धन्यवाद.,ᱤᱧᱟᱹᱜ ᱦᱤᱫᱤᱡ ᱪᱟᱵᱟᱭ ᱟᱞᱹᱜᱤᱫ ᱛᱮ ᱥᱟᱨᱦᱟᱣ ᱿
2371,"हैलो, साहब, मैं कहाँ शिकायत दर्ज कर सकते हैं?","ᱦᱮᱞᱳ, ᱥᱮᱨ, ᱤᱧ ᱛᱤᱱᱨᱮ ᱞᱟᱹᱞᱤᱥᱤᱧ ᱚᱞ ᱫᱟᱲᱮᱭᱟᱜᱼᱟ ?"
2372,आपके पास किस तरह की शिकायत है?,ᱪᱮᱫ ᱞᱮᱠᱟᱱᱟᱜ ᱞᱟᱹᱞᱤᱥ ᱢᱮᱱᱟᱜ ᱛᱟᱢᱟ ?
2373,"महोदय, हमारे गांव साफ पीने के पानी नहीं हो रहा है.","ᱥᱮᱨ, ᱟᱞᱮ ᱟᱛᱩᱨᱮ ᱧᱩᱭ ᱫᱟᱜ ᱢᱚᱡ ᱵᱟᱝ ᱧᱟᱢᱚᱜ ᱠᱟᱱᱟ ᱾"
2374,"सरकार ने हमें साफ पानी देने का वादा किया है, लेकिन हम इसे अपने गाँव में नहीं ले जा रहे हैं.","ᱥᱚᱨᱠᱟᱨ ᱟᱞᱮ ᱠᱟᱛᱷᱟᱭ ᱮᱢ ᱟᱠᱟᱫ ᱞᱮᱭᱟ ᱯᱷᱟᱨᱪᱟ ᱫᱟᱜ ᱞᱟᱹᱜᱤᱫ, ᱢᱮᱱᱠᱷᱟᱱ ᱟᱞᱮ ᱟᱛᱩᱨᱮ ᱚᱱᱟ ᱵᱟᱞᱮ ᱧᱟᱢ ᱮᱫᱟ ᱾"
2375,अब तक अपने गाँव में कोई जाँच नहीं हुई?,ᱟᱯᱮ ᱟᱛᱩᱨᱮ ᱱᱤᱛ ᱦᱟᱹᱵᱤᱡ ᱡᱟᱦᱟᱱ ᱧᱮᱞ ᱟᱹᱨᱩ ᱵᱟᱝ ᱦᱩᱭ ᱟᱠᱟᱱᱟ ?
2376,"नहीं, सर, वह महीने के लिए हमारे गांव का दौरा नहीं किया है.","ᱵᱟᱝ, ᱥᱮᱨ, ᱠᱤᱪᱷᱤ ᱪᱟᱸᱫᱳ ᱫᱷᱩᱨᱭᱟᱹ ᱩᱱᱤ ᱟᱞᱮ ᱟᱛᱚ ᱵᱟᱭ ᱦᱮᱡ ᱟᱠᱟᱱᱟ ᱾"
2377,तुम किस गाँव से हो?,ᱚᱠᱟ ᱟᱛᱩᱨᱮᱱ ᱠᱟᱱᱟᱢ
2378,"महोदय, मैं महुवरिया गाँव से हूँ।","ᱥᱮᱨ, ᱤᱧᱫᱚ ᱢᱟᱦᱩᱵᱷᱟᱨᱤᱭᱟ ᱟᱛᱩᱨᱮᱱ ᱠᱟᱹᱱᱟᱹᱧ ᱾"
2379,और वहाँ अपने गाँव का सिर कौन है?,ᱟᱨ ᱚᱸᱰᱮ ᱟᱯᱮ ᱟᱛᱩ ᱨᱮᱱ ᱢᱟᱸᱹᱡᱷᱤ ᱚᱠᱚᱭ ᱠᱟᱱᱟᱭ ?
2380,"महोदय, मैं गांव सिर वहाँ हूँ.","ᱥᱮᱨ, ᱤᱧ ᱠᱟᱹᱱᱟᱹᱧ ᱟᱛᱩᱨᱮᱱ ᱢᱟᱹᱸᱡᱷᱤ ᱾"
2381,"Ok, साहब, मुझे विवरण में अपनी शिकायत के बारे में बताओ.","ᱴᱷᱤᱠ ᱜᱮᱭᱟ, ᱥᱮᱨ, ᱟᱢᱟᱜ ᱞᱟᱹᱞᱤᱥ ᱯᱟᱥᱱᱟᱣᱛᱮ ᱞᱟᱹᱭᱟᱹᱧ ᱢᱮ ᱾"
2382,मैं इसे पानी आपूर्ति विभाग के अधिकारी के लिए आगे देखेंगे.,ᱤᱧᱫᱚ ᱱᱚᱶᱟ ᱫᱟᱜ ᱥᱟᱨᱵᱷᱟᱨ ᱛᱷᱚᱱᱚᱛ ᱨᱮᱱ ᱥᱩᱯᱟᱨᱵᱷᱟᱭᱡᱟᱨ ᱴᱷᱮᱱᱤᱧ ᱠᱳᱞᱼᱟ ᱾
2383,"महोदय, सबसे पहले, हम पानी आपूर्ति मिल गया है बहुत सारा हैल के बाद.","ᱥᱮᱨ, ᱯᱳᱭᱞᱳ ᱨᱮ ᱟᱞᱮ ᱟᱭᱢᱟ ᱡᱷᱟᱢᱮᱞᱟ ᱛᱟᱭᱚᱢ ᱫᱟᱜ ᱞᱮ ᱧᱟᱢ ᱟᱠᱟᱫᱟ ᱾"
2384,हमें इसके लिए नियमित रूप से इस ऑफिस में आना पड़ा ।,ᱱᱚᱶᱟ ᱞᱟᱹᱜᱤᱫ ᱟᱞᱮ ᱫᱤᱱᱟᱹᱢᱜᱮ ᱚᱯᱷᱤᱥ ᱦᱤᱡᱩᱜ ᱦᱩᱭᱩᱜ ᱠᱟᱱ ᱛᱟᱞᱮ ᱛᱟᱦᱮᱸᱜ ᱾
2385,इस कार्यालय के सामने भी हमें एक विरोध करना पड़ा जो हमारे नेटवर्क में उचित पानी की माँग करता है ।,ᱮᱢᱚᱱ ᱪᱮᱫ ᱟᱞᱮ ᱱᱮᱴᱳᱣᱟᱨᱠ ᱨᱮ ᱵᱷᱟᱜᱮ ᱫᱟᱜ ᱥᱟᱨᱵᱦᱟᱨ ᱨᱮᱭᱟᱜ ᱫᱟᱹᱵᱤᱛᱮ ᱱᱤᱭᱟᱹ ᱚᱯᱷᱤᱥ ᱥᱟᱢᱟᱝᱨᱮ ᱟᱸᱫᱳᱲ ᱦᱩᱭᱞᱮᱱ ᱛᱟᱞᱮᱭᱟ ᱾
2386,"बहुत सारा हैल के बाद, हम कि मिला, लेकिन अब पाइपों से आ पानी बहुत गंदा है.","ᱟᱭᱢᱟ ᱡᱷᱟᱢᱮᱞᱟ ᱛᱟᱭᱚᱢ, ᱟᱞᱮᱞᱮ ᱧᱟᱢ ᱟᱠᱟᱫᱟ, ᱢᱮᱱᱠᱷᱟᱱ ᱯᱟᱭᱤᱯ ᱛᱮ ᱡᱟᱦᱟᱸ ᱫᱟᱜ ᱦᱤᱡᱩᱜ ᱠᱟᱱᱟ ᱚᱱᱟ ᱟᱹᱰᱤ ᱚᱡᱨᱟ ᱜᱮᱭᱟ ᱾"
2387,"यह कितना गंदा है, क्या आप समझा सकते हैं?","ᱛᱤᱱᱟᱹᱜ ᱚᱡᱨᱟᱼᱟ, ᱟᱢᱮᱢ ᱞᱟᱹᱭ ᱫᱟᱲᱮᱭᱟᱜᱼᱟ ?"
2388,"क्या यह कीचड़ कोती है, या क्या इसमें किसी तरह का मलबा है?","ᱵᱚᱰᱮ ᱜᱮᱭᱟ, ᱥᱮ ᱱᱚᱶᱟᱨᱮ ᱡᱟᱦᱟᱸ ᱞᱮᱠᱟᱱᱟᱜ ᱵᱟᱹᱲᱤᱡᱟᱜ ᱠᱚ ᱢᱮᱱᱟᱜᱼᱟ ?"
2389,"यह दलदली पानी है, सर.","ᱱᱚᱶᱟᱫᱚ ᱵᱚᱰᱮ ᱫᱟᱜ ᱠᱟᱱᱟ, ᱥᱮᱨ ᱾"
2390,इसमें मल भी शामिल है ।,ᱱᱚᱶᱟᱨᱮ ᱵᱟᱹᱲᱤᱡᱟᱜ ᱠᱚᱦᱚᱸ ᱦᱤᱡᱩᱜ ᱠᱟᱱᱟ ᱾
2391,गाँववालों में से कई लोगों को इसे इस्तेमाल करने के बाद त्वचा से एलर्जी होनी पड़ी ।,ᱟᱛᱩᱨᱮᱱ ᱟᱭᱢᱟ ᱦᱚᱲᱜᱮ ᱱᱤᱭᱟᱹ ᱵᱮᱣᱦᱟᱨ ᱛᱟᱭᱚᱢ ᱦᱟᱨᱛᱟ ᱨᱮ ᱮᱞᱟᱨᱡᱤ ᱦᱩᱭ ᱟᱠᱟᱱ ᱛᱟᱠᱚᱣᱟ ᱿
2392,"ओह, यह बहुत गंभीर है.","ᱳ, ᱱᱤᱭᱟᱹ ᱫᱚ ᱟᱹᱰᱤ ᱵᱚᱛᱚᱨᱟᱱ ᱿"
2393,"हाँ, सर, यह बहुत गंभीर है.","ᱦᱮᱸ, ᱥᱮᱨ, ᱱᱤᱭᱟᱹᱫᱚ ᱟᱹᱰᱤ ᱵᱚᱛᱚᱨᱟᱱ ᱾"
2394,हम अपने तालाबों में साफ पानी नहीं है और ट्यूब ठीक है.,ᱟᱞᱮᱭᱟᱜ ᱯᱩᱠᱷᱨᱤ ᱟᱨ ᱴᱤᱯᱠᱚᱞᱨᱮ ᱵᱷᱟᱜᱮ ᱧᱩᱭ ᱫᱟᱜ ᱵᱟᱹᱱᱩᱜᱼᱟ ᱿
2395,वहाँ पानी में लोहे की बहुतायत है ।,ᱚᱸᱰᱮᱱᱟᱜ ᱫᱟᱜ ᱨᱮ ᱟᱭᱢᱟ ᱟᱭᱨᱚᱱ ᱢᱮᱱᱟᱜᱼᱟ ᱾
2396,लेकिन हम अब के लिए तालाब और ट्यूबों का उपयोग करने के अलावा कोई और रास्ता नहीं है.,ᱢᱮᱱᱠᱷᱟᱱ ᱱᱤᱛ ᱯᱩᱠᱷᱨᱤ ᱟᱨ ᱴᱤᱯᱠᱚᱞ ᱵᱮᱣᱦᱟᱨ ᱪᱷᱟᱰᱟ ᱟᱞᱮᱭᱟᱜ ᱟᱨ ᱡᱟᱦᱟᱱ ᱩᱯᱟᱹᱭ ᱵᱟᱹᱱᱩᱜᱼᱟ ᱾
2397,यह गंभीर स्वास्थ्य चिन्ताओं की ओर ले जा रहा है ।,ᱱᱚᱶᱟᱫᱚ ᱟᱹᱰᱤ ᱵᱚᱛᱚᱨᱟᱱ ᱥᱟᱶᱟᱨ ᱥᱮᱱ ᱪᱟᱞᱟᱜ ᱠᱟᱱᱟ ᱾
2398,पानी पीने के बाद क्या कोई बीमार पड़ गया?,ᱚᱱᱟ ᱫᱟᱜ ᱧᱩ ᱛᱮ ᱪᱮᱫ ᱡᱟᱦᱟᱸᱭ ᱠᱚ ᱨᱩᱣᱟᱹ ᱟᱠᱱᱟ ?
2399,"नहीं सर, अभी तक नहीं, क्योंकि हमने तुरंत इसका उपयोग करना बंद कर दिया.","ᱵᱟᱝ, ᱥᱮᱨ, ᱱᱤᱛ ᱦᱟᱹᱵᱤᱡ ᱛᱮᱫᱚ ᱵᱟᱝᱜᱮ ; ᱪᱮᱫᱟᱜ ᱥᱮ ᱟᱞᱮ ᱩᱥᱟᱹᱨᱟ ᱜᱮ ᱚᱱᱟ ᱵᱮᱣᱦᱟᱨ ᱞᱮ ᱵᱚᱱᱫᱚ ᱠᱮᱫᱟ ᱾"
2400,"जब हमने देखा कि गाँव के बहुत - से लोगों में त्वचा एलर्जी हो रही है, तो हमने उसका इस्तेमाल करना बंद कर दिया ।","ᱟᱞᱮ ᱟᱭᱢᱟ ᱟᱛᱩ ᱦᱚᱲ ᱠᱚᱣᱟᱜ ᱦᱟᱨᱛᱟ ᱮᱞᱟᱨᱡᱤ ᱧᱮᱞ ᱛᱟᱭᱚᱢ, ᱟᱞᱮᱫᱚ ᱱᱚᱶᱟ ᱵᱮᱣᱦᱟᱨ ᱞᱮ ᱦᱟᱹᱯᱤᱛ ᱟᱠᱟᱫᱟ ᱾"
2401,"अन्यथा, यह आसानी से हमें पेट भरने और जैसे रोगों का कारण हो सकता है.","ᱟᱨ ᱵᱟᱝᱠᱷᱟᱱ, ᱱᱚᱶᱟᱫᱚ ᱟᱞᱜᱟ ᱛᱮᱜᱮ ᱟᱞᱮᱭᱟᱜ ᱞᱟᱡ ᱦᱟᱥᱳ ᱟᱨ ᱰᱟᱭᱨᱤᱭᱟ ᱞᱮᱠᱟᱱ ᱨᱩᱣᱟᱹ ᱨᱮᱭᱟᱜ ᱚᱡᱮ ᱦᱩᱭ ᱠᱚᱜᱼᱟ ᱾"
2402,मैं तुरंत आपके शिकायतों को आगे बढ़ा देंगे.,ᱤᱧ ᱟᱹᱰᱤ ᱩᱥᱟᱹᱨᱟ ᱟᱢᱟᱜ ᱞᱟᱹᱞᱤᱥ ᱥᱩᱯᱟᱨᱵᱷᱟᱭᱡᱟᱨ ᱴᱷᱮᱱᱤᱧ ᱠᱩᱞᱼᱟ ᱾
2403,वह उस स्थिति का मुआयना करने के लिए किसी को भेज देगा.,ᱱᱤᱭᱟᱹ ᱛᱟᱭᱚᱢ ᱩᱱᱤ ᱦᱟᱞᱚᱛ ᱧᱮᱞ ᱞᱟᱹᱜᱤᱫ ᱡᱟᱦᱟᱸᱭᱮ ᱠᱩᱞ ᱠᱚᱣᱟ ᱾
2404,अब तुम घर जा सकते हो.,ᱟᱢᱫᱚ ᱱᱤᱛ ᱚᱲᱟᱜ ᱪᱟᱞᱟᱜ ᱢᱮ ᱾
2405,मैं बाकी करना होगा.,ᱵᱟᱹᱠᱤᱭᱟᱜ ᱫᱚ ᱤᱧ ᱠᱚᱨᱟᱣᱼᱟ
2406,"अरे, मैं हमेशा की जगह पर आप नहीं देखा था","ᱮᱭ, ᱤᱧ ᱚᱸᱰᱮ ᱵᱟᱹᱧ ᱧᱮᱞ ᱧᱟᱢ ᱟᱠᱟᱫ ᱢᱮᱭᱟ ᱾"
2407,आज तुम कहाँ थे?,ᱚᱠᱟᱨᱮ ᱢᱤᱱᱟᱢᱟ ᱛᱮᱦᱮᱧ ?
2408,ऐसा लग रहा है जैसे आप कहीं से वापस आ रहे हैं,ᱢᱚᱱᱮ ᱦᱩᱭᱩᱜ ᱠᱟᱱᱟ ᱟᱢ ᱡᱟᱦᱟᱸ ᱠᱷᱚᱱᱮᱢ ᱨᱩᱣᱟᱹᱲ ᱦᱤᱡᱩᱜ ᱠᱟᱱᱟ ᱾
2409,तुम कहाँ गए थे?,ᱚᱠᱟᱛᱮᱢ ᱥᱮᱱ ᱞᱮᱱᱟ ?
2410,"लंबी कहानी, मुझे कुछ समय दे","ᱟᱹᱰᱤ ᱢᱟᱨᱟᱝ ᱠᱟᱹᱦᱤᱱᱤ ᱠᱟᱱᱟ, ᱱᱟᱥᱮ ᱱᱟᱜ ᱚᱠᱛᱚ ᱤᱢᱟᱹᱧ ᱢᱮ ᱾"
2411,मैं सिर्फ इन में बदलने की जरूरत है,ᱤᱧᱫᱚ ᱱᱚᱶᱟᱨᱮ ᱵᱚᱫᱚᱞ ᱤᱧ ᱠᱷᱚᱡᱚᱜ ᱠᱟᱱᱟ ᱾
2412,"कपड़े की बात है, अपने कपड़े पुराने और गंदे लग रहे हैं","ᱞᱩᱜᱽᱲᱤᱜ ᱨᱮᱭᱟᱜ ᱠᱟᱛᱷᱟ ᱞᱟᱹᱭ ᱞᱮᱠᱷᱟᱱ ᱜᱮ, ᱟᱢᱟᱜ ᱪᱮᱦᱮᱨᱟ ᱨᱟᱹᱜᱤ ᱟᱨ ᱵᱟᱹᱲᱤᱡᱚᱜᱼᱟ ᱾"
2413,यही कारण है कि मैं गांव में आने से पहले इसे बदल रहा हूँ,ᱱᱚᱶᱟ ᱠᱷᱟᱹᱛᱤᱨ ᱛᱮᱜᱮ ᱟᱛᱩ ᱦᱤᱡᱩᱜ ᱞᱟᱦᱟᱨᱮ ᱱᱚᱶᱟᱧ ᱵᱚᱫᱚᱞ ᱟᱠᱟᱫᱟ ᱾
2414,और मैं अब हमारे सामान्य स्थान के लिए नहीं आ सकता,ᱟᱨ ᱤᱧᱫᱚ ᱟᱵᱚᱣᱟᱜ ᱥᱟᱹᱵᱤᱠ ᱴᱷᱟᱶᱨᱮ ᱵᱟᱹᱧ ᱦᱮᱡ ᱫᱟᱲᱮᱭᱟᱜᱼᱟ ᱾
2415,हर हफ्ते सिगरेट पीने के लिए खर्च नहीं कर सकते,ᱦᱟᱯᱛᱟ ᱯᱤᱪᱷᱤ ᱥᱤᱜᱟᱨᱮᱴ ᱦᱟᱛᱟᱣ ᱨᱮᱭᱟᱜ ᱫᱟᱲᱮ ᱵᱟᱹᱱᱩᱜ ᱛᱤᱧᱟᱹ ᱾
2416,मैं धूम्रपान छोड़ने की कोशिश कर रहा हूँ,ᱤᱧ ᱯᱩᱸᱜᱤ ᱧᱩ ᱵᱟᱹᱜᱤᱭ ᱨᱮᱭᱟᱜ ᱤᱧ ᱨᱤᱠᱟᱹᱭᱮᱫᱟ ᱾
2417,"वाह, कि अप्रत्याशित था","ᱳᱳ, ᱱᱤᱭᱟᱹᱫᱚ ᱟᱸᱥ ᱵᱟᱨᱦᱮ ᱛᱟᱦᱮᱸᱠᱟᱱᱟ ᱿"
2418,और अपने पहले प्रश्न का उत्तर देने के लिए,ᱟᱨ ᱟᱢᱟᱜ ᱢᱟᱲᱟᱝ ᱨᱮᱭᱟᱜ ᱠᱩᱠᱞᱤ ᱛᱮᱞᱟ ᱮᱢ
2419,मैं सिर्फ पास के गाँव से लौट आया,ᱥᱩᱨ ᱟᱛᱩ ᱠᱷᱚᱱ ᱱᱮᱜᱼᱮ ᱜᱮᱧ ᱨᱩᱣᱟᱹᱲ ᱦᱮᱡ ᱟᱠᱟᱱᱟ ᱾
2420,हाल ही में मूसलाधार बारिश ने इस्तेमाल किए जानेवाले रास्ते को हटा दिया इसलिए मुझे सफर करना पड़ा,ᱦᱟᱹᱞᱤᱜᱮ ᱫᱟᱜ ᱡᱟᱹᱯᱩᱫᱨᱮ ᱵᱮᱣᱦᱟᱨ ᱜᱟᱱᱚᱜ ᱞᱮᱠᱟᱱ ᱦᱚᱨ ᱟᱹᱛᱩ ᱵᱟᱱ ᱟᱠᱟᱱᱟ ᱚᱱᱟᱛᱮ ᱤᱧ ᱦᱟᱭᱠᱤᱝ ᱠᱚᱨᱟᱣ ᱦᱩᱭ ᱟᱠᱟᱱ ᱛᱤᱧᱟᱹ ᱾
2421,तुम वहाँ क्यों जा रहे हो?,ᱮᱱᱦᱚᱸ ᱪᱮᱫᱟᱜ ᱚᱸᱰᱮᱱ ᱥᱮᱱᱚᱜ ᱠᱟᱱᱟ ?
2422,आप हमेशा मुझसे पूछ सकता था अगर आप कुछ के साथ मदद चाहते थे,ᱟᱢ ᱥᱟᱱᱟᱢ ᱚᱠᱛᱚᱜᱮ ᱤᱧᱮᱢ ᱠᱩᱞᱤ ᱫᱟᱲᱮᱭᱟᱹᱧᱟᱹ ᱡᱩᱫᱤ ᱟᱢ ᱡᱟᱦᱟᱱᱟᱜ ᱜᱚᱲᱚᱢ ᱠᱷᱚᱡ ᱠᱷᱟᱱ ᱾
2423,आप यहाँ मेरी मदद करने की उम्मीद नहीं कर सकते,ᱤᱧ ᱜᱚᱲᱚ ᱨᱮᱭᱟᱜ ᱫᱚ ᱱᱚᱸᱰᱮ ᱟᱞᱚᱢ ᱟᱸᱥ ᱵᱟᱲᱟᱜᱼᱟ ᱾
2424,मैं वहाँ हर दूसरे सुबह फुटबॉल खेलने के लिए जाना,ᱤᱧ ᱫᱤᱱᱟᱹᱢᱜᱮ ᱥᱮᱛᱟᱜᱨᱮ ᱚᱸᱰᱮ ᱯᱷᱩᱴᱵᱚᱞ ᱠᱷᱮᱞᱚᱜ ᱤᱧ ᱪᱟᱞᱟᱜᱼᱟ ᱾
2425,वहाँ उस गाँव के अन्य पक्ष में लक्ष्य पोस्टों और जाल के साथ एक भूमि है,ᱚᱱᱟ ᱟᱛᱩ ᱦᱟᱱᱟᱥᱟᱨᱮ ᱜᱳᱞ ᱯᱳᱥᱴ ᱟᱨ ᱡᱟᱞ ᱥᱟᱶᱛᱮ ᱢᱤᱫᱴᱟᱝ ᱢᱟᱴ ᱢᱮᱱᱟᱜᱼᱟ ᱾
2426,"क्षेत्र सार्वजनिक संपत्ति है, इसलिए कोई भी आ सकता है और खेल सकता है",ᱡᱟᱭᱜᱟ ᱫᱚ ᱥᱚᱨᱠᱟᱨᱟᱜ ᱠᱟᱱᱛᱮ ᱡᱟᱦᱟᱸᱭᱜᱮ ᱦᱮᱡ ᱠᱟᱛᱮᱜᱼᱮ ᱠᱷᱮᱞ ᱫᱟᱲᱮᱭᱟᱜᱼᱟ ᱾
2427,"तो तुम जल्दी जगह पाने के लिए समय और खेलने के लिए, है ना?","ᱚᱱᱟᱛᱮ ᱟᱢᱫᱚ ᱠᱷᱮᱞ ᱞᱟᱹᱜᱤᱫ ᱡᱟᱭᱜᱟ ᱟᱨ ᱚᱠᱛᱚ ᱧᱟᱢ ᱞᱟᱹᱜᱤᱫ ᱞᱚᱜᱚᱱᱮᱢ ᱪᱟᱞᱟᱜᱼᱟ, ᱥᱮ ᱵᱟᱝ ?"
2428,"वास्तव में, मुझे वहाँ कम से कम 7: 30 तक मिलना है","ᱴᱷᱤᱠ, ᱤᱧ ᱗ᱺ᱓᱐ ᱴᱟᱲᱟᱝ ᱢᱩᱫᱽᱨᱮ ᱚᱸᱰᱮ ᱥᱮᱴᱮᱨᱚᱜ ᱦᱩᱭᱩᱜ ᱛᱤᱧᱟᱹ ᱾"
2429,जिसका मतलब है मैं 5 से घर छोड़ने के लिए है,ᱚᱱᱟᱛᱮ ᱤᱧ ᱕ ᱴᱟᱲᱟᱝ ᱢᱩᱫᱽᱨᱮᱜᱮ ᱤᱧ ᱚᱲᱟᱜ ᱠᱷᱚᱱ ᱳᱰᱳᱠ ᱦᱩᱭᱩᱜ ᱛᱤᱧᱟᱹ ᱾
2430,"यह बहुत शौक है लेकिन हम क्या कर सकते हैं, ना?","ᱟᱹᱰᱤ ᱡᱚᱦᱚᱲ ᱜᱮᱭᱟ ᱱᱚᱶᱟᱫᱚ ᱢᱮᱱᱠᱷᱟᱱ ᱟᱞᱮ ᱪᱮᱫᱞᱮ ᱪᱤᱠᱟᱹᱫᱟᱲᱮᱭᱟᱜᱼᱟ, ᱥᱮ ᱵᱟᱝ ?"
2431,इस गाँव में एक भी नहीं खुला जगह नहीं है,ᱱᱤᱭᱟᱹ ᱟᱛᱩᱨᱮ ᱞᱟᱹᱭ ᱛᱮᱱᱟᱜ ᱞᱮᱠᱟᱜ ᱢᱤᱫᱴᱟᱝ ᱦᱚᱸ ᱵᱟᱝ ᱵᱮᱣᱦᱟᱨ ᱟᱠᱟᱱ ᱠᱷᱟᱹᱞᱤ ᱡᱟᱭᱜᱟ ᱵᱟᱹᱱᱩᱜᱼᱟ ᱾
2432,खैर मुझे लगता है कि सच है,ᱟᱪᱷᱟ ᱤᱧ ᱢᱚᱱᱮ ᱠᱮᱫᱟ ᱱᱤᱭᱟᱹᱫᱚ ᱥᱟᱹᱨᱤ ᱜᱮᱭᱟ ᱾
2433,क्या आपने प्राचीनों से इस बारे में पूछा है कि वे एक अंतरिक्ष खाली कर सकते हैं या नहीं?,ᱟᱢ ᱪᱮᱫ ᱥᱮᱱᱲᱟ ᱦᱚᱲᱠᱚ ᱠᱩᱞᱤ ᱨᱮᱭᱟᱜ ᱮᱢ ᱨᱤᱠᱟᱹ ᱟᱠᱟᱫᱟ ᱡᱮ ᱩᱱᱠᱩ ᱡᱟᱭᱜᱟ ᱠᱚ ᱥᱟᱯᱷᱟ ᱫᱟᱲᱮᱭᱟᱜᱼᱟ ᱥᱮ ᱵᱟᱝ ?
2434,"नहीं, वे क्यों परेशान हो जाते?","ᱵᱟᱝ, ᱪᱮᱰᱟᱜ ᱠᱚ ᱟᱹᱲᱤᱥᱚᱜᱼᱟ ?"
2435,उन्हें भी अपने राजनीतिक और धार्मिक वाद - विवादों में पकड़ा जाता है,ᱩᱱᱠᱩᱫᱚ ᱟᱠᱚᱣᱟᱜ ᱨᱟᱡᱟᱹᱨᱤ ᱟᱨ ᱫᱷᱚᱨᱚᱢᱟᱱ ᱫᱤᱥᱦᱩᱫᱤᱥᱨᱮ ᱠᱚ ᱛᱚᱞ ᱜᱮᱭᱟ ᱾
2436,यहाँ तक कि मेरा परिवार भी चाहता है कि मैं स्कूल जाकर पैसे कमाने के लिए नौकरी करूँ,ᱮᱢᱚᱱ ᱪᱮᱫ ᱤᱧᱨᱮᱱ ᱚᱲᱟᱜ ᱦᱚᱲ ᱦᱚᱸᱠᱚ ᱠᱷᱚᱡᱚᱜ ᱠᱟᱱᱟ ᱤᱧ ᱤᱛᱩᱱ ᱟᱥᱲᱟ ᱪᱟᱞᱟᱜ ᱵᱟᱹᱜᱤ ᱠᱟᱛᱮᱜ ᱯᱩᱭᱥᱟᱹ ᱨᱳᱡᱜᱟᱨ ᱞᱟᱹᱜᱤᱫ ᱠᱟᱹᱢᱤᱧ ᱮᱦᱚᱵ ᱢᱟ ᱾
2437,क्या आपको लगता है कि वे मुझे फुटबॉल का पीछा करने के लिए प्रोत्साहित करेंगे?,ᱟᱢ ᱪᱮᱫ ᱮᱢ ᱢᱚᱱᱮᱭᱟ ᱩᱱᱠᱩ ᱯᱷᱩᱴᱵᱚᱞ ᱠᱦᱮᱞ ᱞᱟᱹᱜᱤᱫ ᱤᱧ ᱠᱚ ᱩᱫᱜᱟᱹᱣ ᱤᱧᱟᱹ ?
2438,"मैं यह बहुत दुखी है कि समझते हैं,","ᱤᱧ ᱵᱩᱡᱷᱟᱹᱣ ᱮᱫᱟ, ᱱᱚᱶᱟᱫᱚ ᱟᱹᱰᱤ ᱫᱩᱠᱷ ᱨᱮᱭᱟᱜ ᱠᱟᱱᱟ ᱾"
2439,हम भी यहाँ वास्तव में कुछ भी खेलने के लिए संसाधन नहीं है,ᱟᱥᱚᱞᱨᱮ ᱱᱚᱸᱰᱮ ᱴᱷᱤᱠ ᱥᱟᱹᱸᱦᱤᱡ ᱡᱟᱦᱟᱱᱟᱜ ᱠᱷᱮᱞ ᱞᱟᱹᱜᱤᱫ ᱟᱞᱮᱴᱷᱮᱱ ᱚᱱᱠᱟᱱ ᱫᱩᱨᱤᱵ ᱵᱟᱹᱱᱩᱜᱼᱟ ᱾
2440,मैं कुछ जूते खरीदने के लिए अपनी जेब पैसे बचा रहा हूँ,ᱵᱩᱴ ᱠᱤᱨᱤᱧ ᱞᱟᱹᱜᱤᱫ ᱤᱧ ᱤᱧᱟᱹᱜ ᱯᱩᱭᱥᱟᱧ ᱥᱟᱧᱪᱟᱣ ᱮᱫᱟ ᱾
2441,तो मैं कोशिश बाहर के लिए उद्देश्य होगा,ᱛᱟᱦᱚᱞᱮ ᱤᱧᱦᱚᱸ ᱱᱚᱜᱟ ᱞᱟᱹᱜᱤᱫ ᱤᱧ ᱨᱤᱠᱟᱭᱟ ᱾
2442,चलो देखते हैं क्या होता है,ᱧᱮᱞ ᱞᱮᱱᱜᱮ ᱪᱮᱫ ᱦᱩᱭᱩᱜᱼᱟ ᱾
2443,क्या तुमने इस साल को देखा है Wanlania?,ᱱᱤᱭᱟᱹ ᱥᱮᱨᱢᱟ ᱨᱮᱭᱟᱜ ᱨᱮᱥᱚᱞᱢᱮᱱᱤᱭᱟ ᱟᱢᱮᱢ ᱧᱮᱞ ᱟᱠᱟᱫᱟ ?
2444,"यह अलग तरह से लग रहा था, लेकिन रोड्स की वापसी के साथ, यह निश्चित रूप से कुछ मज़ेदार था.","ᱱᱚᱶᱟᱫᱚ ᱚᱠᱟ ᱞᱮᱠᱟ ᱪᱚ ᱟᱹᱭᱠᱟᱹᱣ ᱞᱮᱱᱟ, ᱢᱮᱱᱠᱷᱟᱱ ᱨᱳᱰᱥᱼᱟᱜ ᱨᱩᱣᱟᱹᱲ ᱦᱤᱡᱩᱜ ᱥᱟᱶᱛᱮ ᱱᱚᱶᱟᱫᱚ ᱮᱠᱟᱞᱜᱮ ᱨᱚᱢᱚᱡᱟᱱ ᱛᱟᱦᱮᱸᱠᱟᱱᱟ ᱾"
2445,मैं आम तौर पर कुश्ती का एक बहुत नहीं देख रहा था लेकिन मैं इस साल वेलमेन के लिए आगे देख रहा था.,ᱤᱧᱫᱚ ᱥᱟᱫᱷᱟᱨᱚᱱᱚᱛᱚ ᱟᱹᱰᱤ ᱵᱟᱹᱲᱛᱤ ᱨᱮᱥᱞᱤᱝ ᱵᱟᱹᱧ ᱧᱮᱞᱟ ᱢᱮᱱᱠᱷᱟᱱ ᱱᱤᱭᱟᱹ ᱟᱮᱨᱢᱟ ᱨᱮᱥᱚᱞᱢᱮᱱᱤᱭᱟ ᱞᱟᱹᱜᱤᱫ ᱛᱟ>ᱜᱤᱧ ᱛᱟᱦᱮᱸᱠᱟᱱᱟ ᱾
2446,मैं यह हालांकि नहीं देख सकता था और बस विशेषता को बाद में देखा.,ᱮᱱᱠᱷᱟᱱ ᱤᱧᱫᱚ ᱚᱱᱟ ᱵᱟᱹᱧ ᱧᱮᱞ ᱫᱟᱲᱮ ᱟᱠᱟᱫᱟ ᱟᱨ ᱦᱟᱭᱞᱟᱭᱤᱴᱠᱚ ᱛᱟᱭᱚᱢᱛᱮᱧ ᱧᱮᱞ ᱟᱠᱟᱫᱟ ᱾
2447,मुझे नहीं पता था कि यह कहाँ उपलब्ध था.,ᱚᱠᱟᱨᱮ ᱧᱟᱢᱚᱜᱼᱟ ᱚᱱᱟ ᱵᱟᱹᱧ ᱵᱟᱰᱟᱭ ᱠᱟᱱ ᱛᱟᱦᱮᱸ ᱾
2448,मुझे लगता है कि वहाँ आप पर एक जीवित धारा थी.,ᱤᱧ ᱢᱚᱱᱮᱞᱮᱫᱟ ᱤᱭᱩᱴᱤᱭᱩᱵᱨᱮ ᱢᱤᱫ ᱞᱟᱭᱤᱵᱷ ᱥᱴᱨᱤᱢ ᱢᱮᱱᱟᱜᱼᱟ ᱾
2449,लेकिन मैं दस दस पर यह देखा.,ᱢᱮᱱᱠᱷᱟᱱ ᱤᱧᱫᱚ ᱥᱳᱱᱤ ᱴᱨᱱ ᱨᱮᱧ ᱧᱮᱞ ᱟᱠᱟᱫᱟ ᱾
2450,यह WWE संजाल पर भी चलती थी ।,ᱱᱚᱶᱟᱫᱚ ᱰᱚᱵᱞᱩ ᱰᱚᱵᱞᱩ ᱤ ᱱᱮᱴᱳᱣᱨᱟᱠ ᱨᱮ ᱞᱟᱭᱤᱵᱷ ᱥᱴᱨᱤᱢ ᱠᱚᱨᱟᱣ ᱦᱩᱭ ᱞᱮᱱᱟ ᱾
2451,"ओह, मुझे नहीं पता था कि यह बेटा चैनल पर उपलब्ध था।","ᱳᱦ, ᱤᱧ ᱵᱟᱹᱧ ᱵᱟᱲᱟᱭ ᱠᱟᱱ ᱛᱟᱦᱮᱸ ᱡᱮ ᱱᱚᱶᱟᱫᱚ ᱥᱳᱱᱤ ᱪᱮᱱᱮᱞᱨᱮ ᱧᱟᱢᱚᱜᱼᱟ ᱾"
2452,यह असल में 2 दिन के लिए विशिष्ट था और दिन भर खेला गया ।,ᱱᱚᱶᱟᱫᱚ ᱟᱥᱚᱞᱨᱮ ᱒ ᱫᱤᱱ ᱞᱟᱹᱜᱤᱫ ᱦᱟᱭᱞᱟᱭᱤᱴ ᱛᱟᱦᱮᱸᱠᱟᱱᱟ ᱟᱨ ᱜᱚᱴᱟ ᱫᱤᱱ ᱠᱦᱮᱞ ᱦᱩᱭᱞᱮᱱᱟ ᱾
2453,आप इसे सन्‍निकट दस में भी देख सकते हैं ।,ᱥᱳᱱᱤ ᱴᱮᱱ ᱓ ᱨᱮ ᱟᱢ ᱦᱤᱱᱫᱤᱛᱮᱢ ᱧᱮᱞ ᱫᱟᱲᱮᱭᱟᱜᱼᱟ ᱾
2454,मैं तो याद किया.,ᱩᱱᱡᱚᱠᱷᱮᱱ ᱤᱧᱫᱚᱧ ᱯᱟᱹᱥᱩᱲ ᱟᱠᱟᱫᱟ ᱾
2455,मैं अगले एक को पकड़ने की कोशिश करेंगे जब यह आता है.,ᱛᱟᱭᱚᱢ ᱛᱮᱱᱟᱜ ᱦᱮᱡᱽ ᱞᱮᱱᱠᱷᱟᱱ ᱥᱟᱵᱽ ᱨᱮᱭᱟᱜ ᱤᱧ ᱨᱤᱠᱟᱹᱭᱟ ᱾
2456,मैं हमेशा कोशिश करना चाहता था और पूरी जीवित घटना देखना चाहता था... ... लेकिन अधिकांश चैनल यहाँ इसे कवर नहीं है.,ᱤᱧᱫᱚ ᱡᱟᱣᱜᱮ ᱨᱤᱠᱟᱹᱧ ᱠᱷᱚᱡᱽ ᱞᱮᱫᱟ ᱟᱨ ᱯᱩᱨᱟᱹ ᱞᱟᱭᱤᱵᱷ ᱤᱵᱷᱮᱱᱴ ᱧᱮᱞᱤᱧ ᱠᱷᱚᱡᱽᱞᱮᱱᱟ ᱢᱮᱱᱠᱷᱟᱱ ᱱᱚᱸᱰᱮ ᱟᱭᱢᱟ ᱪᱮᱱᱮᱞ ᱱᱚᱶᱟ ᱵᱟᱭ ᱠᱚᱵᱷᱟᱨᱟ ᱾
2457,"हाँ, लेकिन आप एक और जीवित घटना देखने के लिए अगले Wancanaria के लिए इंतजार नहीं है.","ᱦᱮᱸ, ᱢᱮᱱᱠᱷᱟᱱ ᱮᱴᱟᱜ ᱞᱟᱭᱤᱵᱷ ᱤᱵᱷᱮᱱᱴ ᱧᱮᱞ ᱞᱟᱹᱜᱤᱫ ᱟᱢᱫᱚ ᱫᱚᱥᱟᱨ ᱨᱮᱥᱚᱞᱢᱮᱱᱤᱭᱟ ᱞᱟᱹᱜᱤᱫ ᱛᱟᱸᱜᱤ ᱵᱟᱝ ᱦᱩᱭᱩᱜ ᱛᱟᱢᱟ ᱾"
2458,WARATAbia बैकस्ल 20 22 में 8 मई को यू. एस.,ᱨᱮᱥᱚᱞᱢᱮᱱᱤᱭᱟ ᱵᱞᱮᱞᱠᱞᱟᱥ ᱒᱐᱒᱒ ᱢᱟᱨᱠᱤᱱ ᱡᱩᱠᱛᱚᱨᱟᱥᱴᱨᱚ ᱨᱮ ᱘ ᱢᱮ ᱘ ᱯᱤ ᱮᱢ ᱨᱮ ᱦᱩᱭᱩᱜᱼᱟ ᱾
2459,तो भारत में 9 मई होगा और घटना 5: 30 पर शुरू होगी.,ᱚᱱᱟᱛᱮ ᱵᱷᱟᱨᱚᱛ ᱨᱮᱫᱚ ᱙ ᱢᱮ ᱦᱩᱭᱩᱜᱼᱟ ᱟᱨ ᱟᱠᱷᱲᱟ ᱫᱚ ᱮᱦᱚᱵᱚᱜᱼᱟ ᱥᱮᱛᱟᱜ ᱕ᱺ᱓᱐ ᱴᱟᱲᱟᱝ ᱨᱮ ᱾
2460,मैं मैं इसे देखने के लिए मिलता है उम्मीद है.,ᱤᱧ ᱟᱥᱚᱜ ᱠᱟᱹᱱᱟᱹᱧ ᱱᱚᱶᱟᱧ ᱧᱮᱞ ᱫᱟᱲᱮᱭᱟᱜᱼᱟ ᱾
2461,"लेकिन, यह मुश्किल होगा 9 मई एक दिन है.","᱙ ᱢᱮ ᱚᱛᱮ ᱢᱟᱦᱟ ,ᱱᱚᱶᱟ ᱟᱡᱷᱟᱴ ᱦᱩᱭ ᱰᱟᱲᱮᱭᱟᱜᱼᱟ ᱾"
2462,लेकिन यह काफी देर ले जाएगा तो आप अभी भी शो के कुछ घंटे देखने में सक्षम हो सकता है.,ᱢᱮᱱᱠᱷᱟᱱ ᱱᱚᱶᱟ ᱫᱚ ᱵᱮᱥ ᱡᱮᱞᱮᱧ ᱚᱠᱛᱚᱭ ᱦᱟᱛᱟᱣᱼᱟ ᱚᱱᱟᱛᱮ ᱟᱢ ᱱᱤᱛᱦᱚᱸᱥᱳ ᱨᱮᱭᱟᱜ ᱠᱤᱪᱷᱤ ᱴᱟᱲᱟᱝᱼᱮᱢ ᱧᱮᱞ ᱫᱟᱲᱮᱭᱟᱜᱼᱟ ᱾
2463,बैकस्लैश में मुख्य घटनाएँ क्या हैं?,ᱵᱞᱟᱠᱞᱟᱥ ᱨᱮᱭᱟᱜ ᱢᱩᱲᱩᱫ ᱤᱵᱷᱮᱱᱴ ᱪᱮᱫ ᱠᱟᱱᱟ ?
2464,इस घटना में ए. जे.,ᱟᱠᱷᱲᱟᱨᱮ ᱮ ᱡᱮ ᱥᱴᱟᱭᱤᱞᱥ ᱮᱡᱽ ᱟᱨ ᱥᱮᱛᱷ ᱨᱚᱞᱤᱱᱥ ᱠᱳᱰᱤ ᱨᱳᱰᱥ ᱵᱤᱨᱩᱫᱷᱨᱮᱭ ᱞᱟᱹᱲᱦᱟᱹᱭᱟ ᱾
2465,"यह रोड्स के लौटने के बाद एक बड़ा सौदा होने जा रहा है, प्रशंसक उत्साहित कर रहे हैं.","ᱱᱤᱭᱟᱹ ᱥᱮᱨᱢᱟ ᱨᱳᱰᱥ ᱨᱮᱭᱟᱜ ᱟᱹᱨᱩᱝᱮᱨᱟᱣ ᱛᱟᱭᱚᱢ ᱱᱚᱶᱟᱫᱚ ᱢᱤᱫ ᱢᱟᱨᱟᱝ ᱵᱮᱯᱟᱨ ᱦᱩᱭᱩᱜ ᱛᱮ ᱪᱟᱞᱟᱜ ᱠᱟᱱᱟ, ᱵᱷᱚᱠᱛ ᱠᱚ ᱨᱟᱹᱥᱠᱟᱹ ᱜᱮᱭᱟ ᱾"
2466,क्या कोई रोमांचक टैग मेल खाता है?,ᱡᱟᱦᱟᱱ ᱪᱤᱨᱜᱟᱹᱞᱟᱱᱟᱜ ᱴᱮᱜ ᱢᱮᱪ ᱢᱮᱱᱟᱜᱼᱟ ?
2467,"वास्तव में, वहाँ एक छह आदमी टैग टीम होगी घटना में जा रहा है.","ᱟᱥᱚᱞ ᱨᱮ ᱦᱮᱸ, ᱤᱵᱷᱮᱱᱴ ᱫᱚ ᱢᱤᱫ ᱛᱩᱨᱩᱭ ᱨᱟᱹᱥᱭᱟᱹᱼᱟᱱ ᱴᱮᱜ ᱴᱤᱢ ᱢᱮᱪ ᱦᱩᱭᱩᱜᱼᱟ ᱾"
2468,रोमन शासन और मिस-स के खिलाफ जा रहा होगा Droco और R-bo.,ᱨᱳᱢᱟᱱ ᱨᱮᱭᱤᱱᱥ ᱟᱨ ᱤᱭᱩᱥᱳᱥ ᱰᱨᱩ ᱢᱮᱠᱤᱱᱴᱟᱭᱟᱨ ᱟᱨ ᱟᱨᱠᱮᱼᱵᱨᱳ ᱵᱤᱨᱩᱫᱷ ᱨᱮᱭ ᱠᱷᱮᱞᱟ ᱾
2469,उन लोगों में से बहुत सारे शीर्षक हैं.,ᱩᱱᱠᱩ ᱦᱚᱲᱦᱚᱸ ᱟᱭᱢᱟ ᱩᱯᱨᱩᱢ ᱠᱚ ᱧᱟᱢ ᱟᱠᱟᱫᱟ ᱾
2470,क्या रोमी शासन नहीं है WWWEAT विश्वस्त?,ᱨᱳᱢᱟᱱ ᱨᱮᱭᱤᱱᱥ ᱪᱮᱫ ᱣᱚᱵᱞᱩ ᱣᱚᱵᱞᱩ ᱤ ᱤᱭᱩᱱᱤᱵᱷᱟᱨᱥᱟᱞ ᱪᱮᱢᱯᱤᱚᱭᱚᱱ ᱵᱟᱝ ᱠᱟᱱᱟᱭ ᱾
2471,"हाँ, और हमारे ग्रह Smake नीचे टैग-टेमियर और आरके-बरो टैग टीम है.","ᱦᱮᱸ, ᱟᱨ ᱤᱭᱩᱥᱳᱥ ᱫᱚ ᱦᱩᱭᱩᱜ ᱠᱟᱱᱟ ᱥᱢᱮᱠᱰᱟᱣᱩᱱ ᱴᱮᱜᱼᱴᱤᱢ ᱪᱮᱢᱯᱤᱭᱚᱱ ᱟᱨ ᱟᱨᱠᱮᱼᱵᱨᱚ ᱫᱚ ᱦᱩᱭᱩᱜ ᱠᱟᱱᱟ ᱨᱚ ᱴᱮᱼᱴᱤᱢ ᱪᱮᱢᱯᱤᱭᱚᱱ ᱾"
2472,"लेकिन, यह व्यक्‍ति एक शीर्षक मैच नहीं है, लेकिन प्रशंसक उत्तेजित होते हैं ।","ᱮᱱᱠᱷᱟᱱ ᱱᱤᱭᱟᱹ ᱵᱟᱨ ᱨᱮᱭᱟᱜ ᱫᱚ ᱥᱤᱨᱯᱟᱹ ᱢᱮᱪᱵᱟᱝ ᱠᱟᱱᱟ, ᱢᱮᱱᱠᱷᱟᱱ ᱵᱷᱚᱠᱛᱚ ᱠᱚᱫᱚ ᱠᱚ ᱠᱩᱥᱤ ᱜᱮᱭᱟ ᱾"
2473,दोनों पक्षों के वास्तविक पसंदीदा हैं और रैंडी ऑरटन्स वी/ शासन के लिए कुछ प्रशंसकों को आगे देख रहे हैं.,ᱵᱟᱱᱟᱨ ᱯᱟᱦᱟᱴᱟ ᱜᱮ ᱵᱷᱚᱠᱛᱚ ᱠᱩᱥᱤᱭᱟᱱ ᱠᱟᱱᱟ ᱠᱤᱱ ᱟᱨ ᱨᱟᱱᱰᱤ ᱚᱨᱴᱚᱱ ᱥᱟᱶ ᱨᱮᱭᱤᱱᱥ ᱮᱢᱚᱱ ᱠᱤᱪᱷᱤ ᱠᱚᱨᱟᱣ ᱦᱩᱭᱩᱜ ᱛᱟᱠᱤᱱᱟ ᱡᱟᱦᱟᱸ ᱞᱟᱹᱜᱤᱫ ᱵᱷᱚᱠᱛᱚ ᱠᱚ ᱛᱟᱸᱜᱤ ᱟᱠᱟᱫᱟ ᱾
2474,"जी हाँ, अगर मुमकिन हो, तो इसे आज़माइए और देखिए, लेकिन समय की वजह से यह मुश्‍किल है ।","ᱦᱮᱸ, ᱚᱱᱟᱛᱮ ᱱᱚᱶᱟᱫᱚ ᱨᱤᱠᱟᱹᱭ ᱢᱮ ᱟᱨ ᱦᱩᱭ ᱫᱟᱲᱮᱭᱟᱜ ᱠᱷᱟᱱ ᱱᱚᱶᱟ ᱧᱮᱞᱢᱮ, ᱮᱱᱠᱷᱟᱱ ᱚᱠᱛᱚ ᱠᱷᱟᱹᱛᱤᱨᱟᱜ ᱛᱮ ᱱᱚᱶᱟᱫᱚ ᱱᱟᱥᱮ ᱟᱡᱷᱟᱴᱼᱟ ᱾"
2475,आप कैसे हैं?,"ᱮᱭ ᱰᱤᱢᱯᱤ, ! ᱪᱮᱫ ᱞᱮᱠᱟ ᱢᱤᱱᱟᱢᱟ ?"
2476,यह कुछ समय हो गया है जब से हम पिछले बात की.,ᱟᱞᱟᱝ ᱢᱩᱪᱟᱹᱫ ᱠᱟᱛᱷᱟ ᱨᱚᱯᱚᱲ ᱛᱟᱭᱚᱢ ᱠᱤᱪᱷᱤ ᱚᱠᱛᱚᱜᱮ ᱦᱩᱭᱟᱠᱟᱱᱟ ᱾
2477,सब कुछ अपने अंत में ठीक है?,ᱢᱩᱪᱦᱟᱹᱫ ᱟᱢᱟᱜ ᱥᱟᱱᱟᱢᱟᱜ ᱴᱷᱤᱠ ᱜᱮᱭᱟ ?
2478,हाय डेवनगा! मैं अच्छा हूँ.,"ᱮᱭ, ᱫᱮᱵᱟᱝᱜᱚ ! ᱤᱧᱫᱚ ᱱᱟᱯᱟᱭ ᱜᱮᱭᱟᱹᱧ ᱾"
2479,"जी हाँ, यह काफ़ी समय से रहा है ।","ᱦᱮᱸ, ᱟᱹᱰᱤ ᱫᱤᱱ ᱦᱩᱭ ᱟᱠᱟᱱᱟ ᱾"
2480,मेरे चचेरे भाई को छोड़कर यहाँ सब कुछ अच्छा है.,ᱥᱟᱱᱟᱢᱟᱜ ᱜᱮ ᱵᱮᱥ ᱜᱮᱭᱟ ᱤᱧᱨᱮᱱ ᱠᱟᱠᱟᱼᱠᱷᱩᱲᱟᱹ ᱵᱚᱭᱦᱟ ᱵᱟᱫ ᱠᱟᱛᱮᱜ ᱾
2481,ओह! उसे क्या हुआ?,"ᱳᱦ, ᱪᱮᱫ ᱮ ᱪᱤᱠᱟᱹ ᱟᱠᱟᱱᱟ ?"
2482,मैंने किसी से कुछ नहीं सुना है.,ᱤᱧᱫᱚ ᱡᱟᱦᱟᱸᱭ ᱴᱷᱮᱱ ᱠᱷᱚᱱ ᱪᱮᱫᱦᱚᱸ ᱵᱟᱹᱧ ᱟᱸᱡᱚᱢ ᱟᱠᱟᱫᱟ ᱾
2483,वह अब ठीक है?,ᱱᱤᱛᱚᱜ ᱩᱱᱤ ᱢᱚᱡᱽᱜᱮ ᱢᱮᱱᱟᱭᱟ ?
2484,वह कल रात एक दुर्घटना के साथ मुलाकात की.,ᱪᱟᱞᱟᱣᱮᱱ ᱦᱟᱯᱛᱟᱨᱮ ᱩᱱᱤᱭᱟᱜ ᱮᱠᱥᱤᱰᱮᱱᱴ ᱦᱩᱭ ᱟᱠᱟᱱᱟ ᱾
2485,अब भगवान के अनुग्रह से अच्छी तरह प्राप्त.,ᱱᱤᱛ ᱫᱚ ᱪᱟᱸᱫᱳᱼᱟᱜ ᱫᱟᱭᱟᱛᱮᱭ ᱵᱮᱥᱚᱜ ᱠᱟᱱᱟ ᱾
2486,परमेश्‍वर का शुक्र है कि स्वास्थ्य बीमा ने ख़र्चों पर रोक लगा दी ।,ᱪᱟᱸᱫᱳ ᱵᱚᱸᱜᱟ ᱥᱟᱨᱦᱟᱣ ᱜᱮ ᱥᱟᱶᱟᱨ ᱵᱤᱢᱟᱹ ᱨᱮᱭᱟᱜ ᱠᱷᱚᱨᱚᱪᱮ ᱯᱩᱨᱩᱱ ᱟᱠᱟᱫᱟ ᱾
2487,यह सुनकर खुशी होती है कि वह ठीक हो रहा है ।,ᱟᱸᱡᱚᱢ ᱠᱟᱛᱮᱜ ᱤᱧ ᱨᱟᱹᱥᱠᱟᱹᱭᱮᱱᱟ ᱡᱮ ᱩᱱᱤᱭ ᱪᱮᱴᱷᱟᱜ ᱠᱟᱱᱟ ᱾
2488,स्वास्थ्य बीमा क्या था?,ᱥᱟᱶᱟᱨ ᱵᱤᱢᱟᱹ ᱫᱚ ᱪᱮᱫ ᱛᱟᱦᱮᱸᱠᱟᱱᱟ ?
2489,मैं भी एक स्वास्थ्य बीमा खरीदने के बारे में सोच रहा हूँ.,ᱤᱧ ᱢᱤᱫᱴᱟᱝ ᱥᱟᱶᱟᱨ ᱵᱤᱢᱟᱹ ᱠᱤᱨᱤᱧ ᱨᱮᱭᱟᱜ ᱠᱟᱛᱷᱟᱧ ᱩᱭᱦᱟᱹᱨᱮᱫᱟ ᱾
2490,उसका स्वास्थ्य बीमा स्टार स्वास्थ्य बीमा था ।,ᱩᱱᱤᱭᱟᱜ ᱥᱟᱶᱟᱨ ᱵᱤᱢᱟᱹᱫᱚ ᱥᱴᱟᱨ ᱥᱟᱶᱟᱨ ᱵᱤᱢᱟᱹ ᱛᱟᱦᱮᱸᱠᱟᱱᱟ ᱾
2491,उन्होंने कहा कि एक परिवार कालर बीमा खरीदा।,ᱩᱱᱤᱫᱚ ᱢᱤᱫ ᱜᱷᱟᱸᱨᱚᱡᱤᱭᱟᱹ ᱯᱷᱞᱳᱴᱟᱨ ᱵᱤᱢᱟᱹᱭ ᱠᱤᱨᱤᱧ ᱟᱠᱟᱫ ᱛᱟᱦᱮᱸ ᱾
2492,यह 5 से भी ज़्यादा परिवार के सदस्यों को ढक देता है ।,ᱱᱚᱶᱟᱫᱚ ᱜᱷᱟᱸᱨᱚᱡᱽᱨᱮᱱ ᱕ ᱡᱚᱱᱟ ᱦᱚᱲᱟᱜ ᱮ ᱯᱩᱨᱩᱱᱟ ᱾
2493,प्रीमियम क्या है?,ᱜᱚᱱᱚᱝ ᱞᱮᱠᱷᱟ ᱫᱚ ᱛᱤᱱᱟᱹᱜ ᱠᱟᱱᱟ ?
2494,क्या हम इसे मासिक रूप से नया करने के लिए है?,ᱱᱚᱶᱟᱫᱚ ᱟᱞᱮ ᱪᱟᱸᱫᱳᱨᱮ ᱟᱨᱦᱚᱸᱞᱮ ᱱᱟᱶᱟ ᱨᱩᱣᱟᱹᱲ ᱫᱟᱲᱮᱭᱟᱜᱼᱟ ?
2495,हम इसे कैसे खरीद सकते हैं?,ᱟᱞᱮ ᱪᱮᱠᱟᱛᱮᱞᱮ ᱠᱤᱨᱤᱧ ᱫᱟᱲᱮᱭᱟᱜᱼᱟ ?
2496,क्या यह नकदी अस्पतालीकरण सुविधा पेश करता है?,ᱱᱚᱶᱟᱫᱚ ᱪᱮᱫ ᱵᱮᱜᱚᱨ ᱯᱩᱭᱥᱟᱹᱛᱮ ᱦᱟᱥᱯᱟᱛᱟᱞᱨᱮ ᱥᱩᱵᱤᱰᱟᱭ ᱮᱢᱚᱜᱼᱟ ?
2497,"आप जो योजना चाहते हैं, उसमें अलग - अलग फर्क होता है ।",ᱟᱢ ᱡᱟᱦᱟᱸ ᱯᱟᱱᱛᱷᱟᱢ ᱵᱟᱪᱷᱟᱣᱼᱟ ᱚᱱᱟᱨᱮ ᱴᱮᱸᱦᱟᱰ ᱠᱟᱛᱮᱜ ᱜᱚᱱᱚᱝ ᱵᱚᱫᱚᱞᱚᱜᱼᱟ ᱾
2498,आप कई योजनाओं से चुन सकते हैं ।,ᱟᱢ ᱟᱭᱢᱟ ᱯᱟᱱᱛᱷᱟ ᱠᱷᱚᱱᱮᱢ ᱵᱟᱪᱷᱟᱣ ᱫᱲᱟᱮᱭᱟᱜᱼᱟ ᱾
2499,विवरण ऑनलाइन पाया जा सकता है,ᱚᱱᱟᱫᱚ ᱵᱤᱪᱷᱱᱟᱹᱣᱛᱮ ᱚᱱᱞᱟᱭᱤᱱᱨᱮᱢ ᱧᱟᱢᱟ ᱾
2500,"आप मासिक मासिक, चौथाई, छह महीने या प्रति वर्ष भुगतान कर सकते हैं.","ᱟᱢᱫᱚ ᱪᱟᱸᱫᱚᱨᱮ,ᱯᱮ ᱪᱟᱸᱫᱳᱨᱮ,ᱛᱩᱨᱩᱭ ᱪᱟᱸᱫᱳᱨᱮ ᱥᱮ ᱥᱮᱨᱢᱟᱨᱮ ᱯᱨᱤᱢᱤᱭᱟᱢᱮᱢ ᱮᱢ ᱫᱟᱲᱮᱭᱟᱜᱼᱟ ᱾"
2501,"जी हाँ, यह बीमा अपने नेटवर्क अस्पतालों के माध्यम से नकदी अस्पताल की सुविधा प्रदान करता है ।","ᱦᱮᱸ, ᱱᱚᱶᱟᱫᱚ ᱵᱤᱢᱟᱹᱫᱚ ᱩᱱᱠᱩ ᱱᱮᱴᱳᱣᱟᱨᱠ ᱦᱟᱥᱯᱟᱛᱟᱞ ᱦᱚᱛᱮᱛᱮ ᱯᱩᱭᱥᱟᱹ ᱵᱮᱜᱚᱨᱛᱮ ᱦᱟᱥᱯᱟᱛᱟᱞᱨᱮ ᱵᱷᱩᱨᱛᱤᱭ ᱨᱮᱭᱟᱜ ᱫᱟᱣᱼᱮ ᱮᱢᱚᱜᱼᱟ ᱾"
2502,भारत में उनके पास 500 से भी ज़्यादा अस्पताल हैं ।,ᱜᱚᱴᱟ ᱵᱷᱟᱨᱚᱛ ᱨᱮ ᱕᱐᱐ ᱜᱚᱴᱟᱝ ᱠᱷᱚᱱ ᱦᱚᱸ ᱵᱟᱹᱲᱛᱤ ᱦᱟᱥᱯᱟᱛᱟᱞ ᱩᱱᱠᱩᱣᱟᱜ ᱱᱮᱴᱳᱣᱟᱨᱠ ᱟᱶᱛᱟᱨᱮ ᱢᱮᱱᱟᱜᱼᱟ
2503,यह बहुत अच्छा लगता है!,ᱥᱟᱹᱨᱤᱜᱮ ᱵᱷᱟᱜᱮ ᱵᱩᱡᱷᱟᱹᱜ ᱠᱟᱱᱟ !
2504,अस्पताल में भर्ती होने की वजह से अस्पताल में भर्ती होने के बाद तनाव आसानी से कम हो जाता है ।,ᱯᱩᱭᱥᱟ ᱵᱮᱜᱚᱨᱛᱮ ᱦᱟᱥᱯᱟᱛᱟᱞᱨᱮ ᱵᱷᱩᱨᱛᱤ ᱨᱮᱭᱟᱜ ᱥᱩᱵᱤᱫᱟ ᱦᱟᱥᱯᱟᱛᱟᱞᱨᱮ ᱵᱷᱩᱨᱛᱤᱜ ᱨᱮᱭᱟᱜ ᱟᱡᱦᱟᱴᱮ ᱠᱚᱢᱟᱼᱟ ᱾
2505,हम सारा समय नकदी नहीं है.,ᱥᱟᱨᱟ ᱜᱷᱟᱹᱲᱤ ᱫᱚ ᱟᱵᱳᱴᱷᱮᱱ ᱯᱩᱭᱥᱟᱹ ᱵᱟᱝ ᱛᱟᱦᱮᱱᱟ ᱾
2506,"सबसे महत्वपूर्ण बात है, हम नहीं जानते कि कब और कैसे मुसीबत हमारे दरवाजे पर दस्तक देता है.","ᱡᱚᱛᱚᱠᱷᱚᱱ ᱞᱟᱹᱠᱛᱤᱚᱭᱟᱱ, ᱟᱵᱳ ᱵᱟᱝ ᱵᱚ ᱵᱟᱰᱟᱭᱟ ᱛᱤᱱᱨᱮ ᱟᱨ ᱪᱮᱫ ᱞᱮᱠᱟᱨᱮ ᱵᱟᱹᱲᱤᱡᱽ ᱜᱷᱚᱴᱚᱱ ᱟᱵᱚ ᱥᱟᱢᱟᱝᱨᱮ ᱥᱮᱴᱮᱨᱚᱜᱼᱟ ?"
2507,"क्या हमें उस वक्‍त किसी भी चिकित्सीय प्रमाणपत्र को उत्पन्‍न करने की ज़रूरत है, जब नाम लेने के समय?",ᱚᱞ ᱥᱮᱞᱮᱫ ᱚᱠᱛᱚ ᱟᱞᱮ ᱡᱟᱦᱟᱱ ᱢᱮᱰᱤᱠᱮᱞ ᱥᱟᱨᱴᱤᱯᱷᱤᱠᱮᱴ ᱮᱢᱚᱜ ᱦᱩᱭᱩᱜ ᱛᱟᱞᱮᱭᱟ ?
2508,ऑपरेशन करनेवालों के लिए कोई चिकित्सा प्रमाणपत्र की ज़रूरत नहीं है जिसकी उम्र 40 से भी ज़्यादा नहीं है ।,ᱟᱨᱫᱟᱥᱤᱭᱟᱹ ᱠᱚᱣᱟᱜ ᱩᱢᱮᱨ ᱔᱐ ᱥᱮᱨᱢᱟ ᱠᱷᱚᱱ ᱰᱷᱮᱨ ᱵᱟᱝ ᱠᱟᱱᱟ ᱩᱱᱠᱩ ᱞᱟᱹᱜᱤᱫ ᱫᱚ ᱡᱟᱦᱟᱱ ᱢᱮᱰᱤᱠᱮᱞ ᱥᱟᱨᱴᱤᱯᱷᱤᱠᱮᱴ ᱵᱟᱝ ᱞᱟᱹᱠᱛᱤᱼᱟ ᱾
2509,आप किसी भी रूप में अगर किसी भी में अपनी पूर्वात्मक बीमारियों के बारे में बताना होगा.,ᱟᱢ ᱟᱢᱟᱜ ᱞᱟᱦᱟᱛᱮᱱᱟᱜ ᱨᱩᱣᱟᱹᱠᱚ ᱵᱟᱨᱮᱛᱮ ᱞᱟᱹᱭ ᱦᱩᱭᱩᱜ ᱛᱟᱢᱟ ᱡᱩᱫᱤ ᱚᱱᱟ ᱢᱮᱱᱟᱜᱼᱟ ᱾
2510,यह एक आसान प्रक्रिया है ।,ᱛᱟᱹᱞᱤᱠᱟ ᱨᱮ ᱥᱮᱞᱮᱫ ᱦᱚᱨᱟ ᱫᱚ ᱟᱞᱜᱟ ᱜᱮᱭᱟ ᱾
2511,मैं इस बीमा ऑनलाइन खरीद सकते हैं?,ᱱᱚᱶᱟ ᱵᱤᱢᱟᱹ ᱤᱧ ᱚᱱᱞᱟᱭᱤᱱ ᱛᱮᱧ ᱠᱤᱨᱤᱧ ᱫᱟᱲᱮᱭᱟᱜᱼᱟ ?
2512,मैं कब इस नीति की नक़ल हाथ में की उम्मीद कर सकते हैं?,ᱯᱚᱞᱤᱥᱤ ᱛᱤᱥ ᱠᱚᱛᱮ ᱧᱟᱢᱚᱜ ᱨᱮᱭᱟᱜ ᱟᱱᱥ ᱤᱧ ᱫᱚᱦᱚ ᱫᱟᱲᱮᱭᱟᱜᱼᱟ ?
2513,क्या वे डाक से इसे भेजते हैं?,ᱩᱱᱠᱩ ᱫᱚ ᱪᱮᱫ ᱯᱳᱥᱴ ᱛᱮᱠᱚ ᱵᱷᱮᱡᱟᱭᱟ ?
2514,"हाँ, आप इसे ऑनलाइन खरीद सकते हैं.","ᱦᱮᱸ, ᱟᱢ ᱚᱱᱞᱟᱭᱤᱱ ᱛᱮᱢ ᱠᱤᱨᱤᱧ ᱰᱟᱲᱮᱭᱟᱜᱼᱟ ᱾"
2515,"भुगतान ऑनलाइन करने के बाद, वे आपको डाक में पॉलिसी की नरम नक़ल भेजने के लिए भेज देंगे.","ᱚᱱᱞᱟᱭᱤᱱ ᱛᱮ ᱯᱮᱢᱮᱱᱴ ᱛᱟᱭᱚᱢ, ᱟᱢᱟᱜ ᱢᱮᱞ ᱨᱮ ᱯᱚᱞᱤᱥᱤ ᱨᱮᱭᱟᱜ ᱥᱚᱯᱷᱴ ᱠᱚᱯᱤ ᱠᱚ ᱵᱷᱮᱡᱟ ᱟᱢᱟ ᱾"
2516,इसी तरह की कड़ी की नक़ल आप पोस्ट के द्वारा तक पहुँच सकेंगे.,ᱦᱟᱰ ᱠᱚᱯᱤ ᱫᱚ ᱚᱱᱠᱟᱜᱮ ᱯᱳᱥᱴ ᱛᱮᱠᱚ ᱵᱷᱮᱡᱟ ᱟᱢᱟ ᱾
2517,कृपया अपनी वेबसाइट को विवरण हेतु देखें.,ᱵᱤᱪᱷᱱᱟᱹᱣᱛᱮ ᱵᱟᱰᱟᱭ ᱞᱟᱹᱜᱤᱫ ᱩᱱᱠᱩᱣᱟᱜ ᱳᱭᱮᱵᱥᱟᱭᱤᱴ ᱧᱮᱞᱢᱮ ᱾
2518,मैं तुम्हें कड़ी भेज रहा हूँ.,ᱤᱧ ᱞᱤᱝᱠ ᱤᱧ ᱵᱷᱮᱡᱟ ᱟᱢ ᱠᱟᱱᱟ ᱾
2519,"यह गोआ है, बच्चे!","ᱱᱚᱶᱟᱫᱚ ᱜᱳᱣᱟ ᱠᱟᱱᱟ, ᱜᱳ !!!"
2520,मैं हम अंत में जा रहे हैं विश्वास नहीं कर सकते.,ᱤᱧ ᱵᱟᱹᱧ ᱯᱟᱹᱛᱭᱟᱹᱣ ᱫᱟᱲᱮᱭᱟᱜ ᱠᱟᱱᱟ ᱢᱩᱪᱟᱹᱫ ᱦᱟᱹᱵᱤᱡ ᱛᱮᱞᱟᱝ ᱥᱮᱱᱚᱜ ᱠᱟᱱᱟ ᱾
2521,यह हम योजना की सातवीं बार की तरह है.,ᱱᱚᱶᱟᱫᱚ ᱟᱞᱟᱝ ᱮᱭᱟᱭ ᱫᱷᱟᱣ ᱞᱮᱠᱟᱞᱟᱝ ᱩᱭᱦᱟᱹᱨ ᱟᱠᱟᱫᱟ ᱾
2522,यह पूरी तरह से Dil Caky Hikbs है.,ᱱᱚᱶᱟᱫᱚ ᱮᱠᱟᱞ ᱫᱤᱞ ᱪᱟᱦᱟᱛᱟ ᱦᱮ ᱵᱷᱟᱭᱤᱵᱥ ᱾
2523,और यह अंत में हो रहा है.,ᱟᱨ ᱢᱩᱪᱟᱹᱫ ᱦᱟᱹᱵᱤᱡᱛᱮ ᱱᱚᱶᱟᱫᱚ ᱦᱩᱭᱮᱱ ᱜᱮᱭᱟ ᱾
2524,काश यह परिवर्तन और भी लाल होता!,ᱡᱩᱫᱤ ᱱᱚᱶᱟ ᱵᱚᱫᱚᱞᱚᱜ ᱞᱮᱠᱟᱱᱟᱜ ᱦᱩᱭ ᱠᱚᱜ ᱟᱨ ᱟᱨᱟᱜ ᱦᱚᱸ ᱦᱩᱭ ᱠᱚᱜᱼᱟ !
2525,"मुझे पता है, है ना?",ᱤᱧ ᱴᱷᱤᱠᱟᱹᱱᱤᱧ ᱵᱟᱰᱟᱭᱟ ?
2526,यह बहुत अद्भुत लग रहा है.,ᱟᱹᱰᱤ ᱦᱟᱦᱟᱲᱟ ᱵᱩᱡᱷᱟᱹᱜ ᱠᱟᱱᱟ ᱱᱚᱶᱟᱫᱚ ᱾
2527,"तो, हम यात्रा के लिए एक योजना है?","ᱮᱱᱠᱷᱟᱱ, ᱟᱞᱟᱝᱼᱟᱜ ᱪᱮᱫ ᱥᱟᱸᱜᱷᱟᱨ ᱨᱮᱭᱟᱜ ᱯᱞᱮᱱ ᱢᱮᱱᱟᱜᱼᱟ ?"
2528,"मुझे न्याय मत करो, लेकिन यह मेरी पहली सड़क यात्रा है.","ᱟᱞᱚᱢ ᱵᱤᱪᱟᱹᱨᱤᱧᱟᱹ, ᱮᱱᱠᱷᱟᱱ ᱱᱚᱶᱟᱫᱚ ᱤᱧᱟᱹᱜ ᱯᱳᱭᱞᱳ ᱨᱳᱰ ᱴᱨᱤᱯ ᱠᱟᱱᱟ ᱾"
2529,हम सबसे अच्छा गीत सुनो... ... मैं कल रात बनाया.,ᱦᱚᱞᱟ ᱧᱤᱫᱟᱹ ᱤᱧᱤᱧ ᱥᱮᱴ ᱟᱠᱟᱫ ᱥᱮᱨᱮᱧ ᱞᱟᱝ ᱟᱸᱡᱚᱢᱟ ᱾
2530,गाड़ी में लौट जाओ.,ᱰᱨᱟᱭᱵᱷᱤᱝ ᱨᱮ ᱟᱹᱜᱩᱭ ᱢᱮ ᱾
2531,और सबसे अद्भुत चित्रों के लिए बंद कर देते हैं.,ᱟᱨ ᱡᱚᱛᱚᱠᱷᱚᱱ ᱦᱟᱦᱟᱲᱟ ᱟᱱᱟᱜ ᱪᱤᱛᱟᱹᱨ ᱞᱟᱹᱜᱤᱫ ᱛᱤᱸᱜᱩᱭ ᱢᱮ ᱾
2532,क्योंकि रास्ते में विचार आश्‍चर्यचकित होते हैं ।,ᱪᱮᱫᱟᱜ ᱥᱮ ᱦᱚᱨ ᱨᱮᱱᱟᱜ ᱵᱷᱤᱣᱩ ᱟᱹᱰᱤ ᱦᱟᱦᱟᱲᱟ ᱜᱮᱭᱟ ᱾
2533,मुझे आशा है कि तुम सभी बॉली सड़क की यात्रा गीत है.,ᱤᱧ ᱟᱥᱚᱜ ᱠᱟᱱᱟ ᱟᱢᱴᱷᱮᱱ ᱥᱟᱱᱟᱢ ᱵᱚᱞᱤᱣᱩᱰ ᱨᱳᱰ ᱴᱨᱤᱯ ᱥᱮᱨᱮᱧ ᱠᱚ ᱢᱮᱱᱟᱜᱼᱟ ᱾
2534,ZNm के बिना कोई सड़क यात्रा नहीं है और Dila Hy Hi गीत के बिना.,ᱡᱮᱰᱮᱱᱮᱢᱰᱤ ᱟᱨ ᱫᱤᱞ ᱪᱟᱦᱟᱛᱟ ᱦᱮ ᱥᱮᱨᱮᱧ ᱪᱷᱟᱰᱟ ᱚᱠᱟ ᱨᱳᱰ ᱴᱨᱤᱯ ᱜᱮ ᱵᱟᱝ ᱠᱟᱱᱟ ᱾
2535,बिलकुल!,ᱮᱠᱟᱞ ᱛᱮᱜᱮ !
2536,मुझे लगता है कि बल्ला लूट हमें.,ᱤᱧᱟᱹᱜ ᱢᱚᱱᱮ ᱦᱩᱭᱩᱜ ᱠᱟᱱᱟ ᱵᱚᱞᱤᱣᱩᱰ ᱟᱵᱚᱭ ᱵᱟᱹᱲᱤᱡ ᱮᱫ ᱵᱚᱱᱟ ᱾
2537,हम इसके साथ हर अनुभव की तुलना करने की कोशिश करते हैं ।,ᱟᱞᱮ ᱱᱚᱶᱟ ᱥᱟᱶᱛᱮ ᱥᱟᱱᱟᱢ ᱵᱩᱡᱩᱱ ᱛᱩᱞᱟᱹᱡᱚᱠᱷᱟᱭ ᱨᱮᱭᱟᱜ ᱞᱮ ᱨᱤᱠᱟᱹᱭᱟ ᱾
2538,लेकिन इसने कुछ स्तर भी रखे हैं जो अच्छे हैं ।,ᱢᱮᱱᱠᱷᱟᱱ ᱱᱚᱶᱟ ᱠᱤᱪᱷᱤ ᱢᱟᱹᱱᱮ ᱵᱟᱪᱷᱟᱣ ᱮᱫᱟ ᱡᱟᱦᱟᱸᱫᱚ ᱵᱷᱟᱜᱮ ᱜᱮᱭᱟ ᱾
2539,"यहाँ, चलो इसे कनेक्ट करें.","ᱱᱚᱸᱰᱮ, ᱱᱚᱶᱟ ᱞᱟᱜᱟᱣ ᱢᱮ ᱾"
2540,मैं सहमत हूँ!,ᱤᱧ ᱨᱮᱵᱮᱱ ᱜᱮᱭᱟ ! ᱤᱧᱟᱹᱜ ᱜᱚᱴᱟ ᱡᱤᱭᱚᱱ ᱜᱮ ᱵᱚᱞᱤᱣᱩᱰ ᱨᱮ ᱾
2541,"तो, ड्राइव कितनी देर है?","ᱟᱫᱚ, ᱰᱨᱟᱭᱤᱵᱷ ᱛᱤᱱ ᱜᱷᱟᱹᱲᱤᱡ ?"
2542,"क्या कोई चीज़ है जो हम रास्ते पर कर सकते हैं, चित्रों पर क्लिक करने के अलावा?",ᱯᱷᱚᱴᱳ ᱛᱩᱞᱟᱹᱣ ᱪᱷᱟᱰᱟ ᱦᱚᱨ ᱟᱨ ᱪᱮᱫ ᱵᱚ ᱪᱤᱠᱟᱹ ᱫᱟᱲᱮᱭᱟᱜᱼᱟ ?
2543,मैं सिर्फ समझ गया कि आपने कहा कि यह तुम्हारा पहला सड़क यात्रा है.,ᱛᱟᱹᱸᱜᱤᱭ ᱮᱢ ! ᱤᱧ ᱱᱮᱜᱼᱮ ᱜᱮᱧ ᱵᱩᱡᱷᱟᱹᱣ ᱠᱮᱫᱟ ᱡᱮ ᱟᱢᱮᱢ ᱞᱟᱹᱭᱮᱫ ᱛᱟᱦᱮᱸ ᱱᱚᱶᱟᱫᱚ ᱟᱢᱟᱜ ᱯᱳᱭᱞᱳ ᱨᱳᱰ ᱴᱨᱤᱯ ᱠᱟᱱᱟ ᱾
2544,सच में?,ᱥᱟᱹᱨᱤᱜᱮ !
2545,"अगर ऐसा है, तो हमें इसे एक यादगार बनाना होगा ।","ᱡᱩᱫᱤ ᱚᱱᱟᱜᱮ ᱠᱟᱱᱟ, ᱟᱵᱳᱫᱚ ᱱᱚᱶᱟ ᱩᱭᱦᱟᱹᱨ ᱫᱚᱦᱚᱭ ᱞᱮᱠᱟ ᱠᱚᱨᱟᱣ ᱦᱩᱭᱩᱜ ᱛᱟᱵᱚᱱᱟ ᱾"
2546,मैं इस अनुभव एक तरह का हो जाना चाहते हैं.,ᱟᱢᱜᱮ ᱠᱚᱨᱟᱣ ᱦᱩᱭᱩᱜ ᱛᱟᱢᱟ ! ᱱᱚᱶᱟ ᱢᱤᱫ ᱩᱭᱦᱟᱹᱨᱟᱱᱟᱜ ᱵᱩᱡᱩᱱ ᱦᱩᱭᱩᱜ ᱢᱟᱧ ᱠᱷᱚᱡ ᱠᱟᱱᱟ ᱾
2547,मैं यह फिर से करने के लिए मिल जाएगा जब पता नहीं है.,ᱤᱧ ᱵᱟᱹᱧ ᱵᱟᱰᱟᱭᱟ ᱱᱚᱶᱟ ᱟᱨᱦᱚᱸ ᱛᱤᱥᱤᱧ ᱠᱚᱨᱟᱣ ᱫᱟᱲᱮᱭᱟᱜᱼᱟ ᱾
2548,मैं ट्रेनों और उड़ानों के लिए बहुत ही इस्तेमाल किया जाता हूँ ।,ᱤᱧᱫᱚ ᱨᱤᱞᱜᱟᱹᱰᱤ ᱟᱨ ᱩᱰᱟᱹᱱᱜᱟᱹᱰᱤᱨᱮ ᱫᱮᱡᱚᱜ ᱤᱧ ᱦᱮᱣᱟ ᱜᱮᱭᱟ ᱾
2549,वे अधिक सुविधाजनक नहीं हैं?,ᱚᱱᱟᱠᱚᱫᱚ ᱟᱨᱦᱚᱸ ᱥᱩᱵᱤᱰᱟ ᱜᱮᱭᱟ ᱥᱮ ᱵᱟᱝ ?
2550,खासकर जब यात्रा कम होती है.,ᱠᱷᱟᱥ ᱠᱟᱛᱮᱜ ᱡᱚᱠᱷᱚᱱ ᱴᱨᱤᱯ ᱠᱷᱟᱴᱚ ᱧᱚᱜ ᱦᱩᱭᱩᱜᱼᱟ ᱾
2551,मैं सड़क यात्रा करने के लिए अधिक सुविधाजनक तरीके से खोजती हूँ.,ᱤᱧᱫᱚ ᱟᱨᱦᱚᱸ ᱥᱩᱵᱤᱫᱟᱼᱟᱜ ᱨᱳᱰ ᱴᱨᱤᱯ ᱩᱯᱟᱹᱭᱤᱧ ᱯᱟᱸᱡᱟᱭᱟ ᱾
2552,और वे वास्तव में आप एक छुट्टी में संक्रमण.,ᱟᱨ ᱩᱱᱠᱩᱫᱚ ᱟᱢ ᱢᱤᱫ ᱪᱷᱩᱴᱤ ᱨᱮᱠᱚ ᱵᱚᱫᱚᱞ ᱢᱮᱭᱟ ᱾
2553,इसलिए आप ज़्यादा तनाव महसूस कर सकते हैं ।,ᱚᱱᱟᱛᱮ ᱟᱢ ᱟᱨᱦᱚᱸ ᱵᱷᱟᱜᱮᱢ ᱵᱩᱡᱼᱟ ᱾
2554,तुम वहाँ हो!,ᱥᱟᱶᱛᱮ ᱩᱰᱟᱹᱱᱜᱟᱹᱰᱤᱹᱹᱹᱹᱹᱵᱩᱢᱹᱹᱹᱹᱹᱹᱟᱢ ᱚᱱᱰᱮ !
2555,ट्रेन अभी भी बेहतर है.,ᱨᱤᱞᱜᱟᱹᱰᱤ ᱠᱚᱫᱚ ᱱᱤᱛᱦᱚᱸ ᱵᱷᱟᱜᱮ ᱝᱮᱭᱟ ᱾
2556,"वहाँ है, लेकिन सड़क यात्रा पर, आधा छुट्टी सड़क पर चला जाता है.","ᱚᱱᱟᱫᱚ ᱢᱮᱱᱟᱜᱼᱟ, ᱢᱮᱱᱠᱷᱟᱱ ᱨᱳᱰ ᱴᱨᱤᱯ ᱨᱮᱫᱚ, ᱟᱫᱷᱟ ᱪᱷᱩᱴᱤ ᱫᱚ ᱦᱚᱨ ᱨᱮᱜᱮ ᱪᱟᱞᱟᱜᱼᱟ ᱾"
2557,लेकिन मुझे लगता है कि दोनों के पास अपनी प्रतिक है.,ᱢᱮᱱᱠᱷᱟᱱ ᱤᱧᱟᱹᱱ ᱚᱱᱢᱟᱱ ᱵᱟᱱᱟᱨ ᱨᱮᱭᱟᱜ ᱜᱮ ᱟᱯᱱᱟᱨ ᱥᱩᱵᱤᱫᱟ ᱢᱮᱱᱟᱜᱼᱟ ᱾
2558,चलो देखते हैं कि क्या जाना सड़क यात्रा के बारे में मेरी समझ बदल जाता है।,ᱧᱮᱞ ᱞᱮᱱᱜᱮ ᱜᱚᱣᱟ ᱨᱳᱰ ᱴᱨᱤᱯ ᱵᱟᱨᱮᱛᱮ ᱤᱧᱟᱹᱜ ᱩᱭᱦᱟᱹᱨ ᱵᱷᱟᱵᱱᱟᱭ ᱵᱚᱫᱚᱞᱟ ᱥᱮ ᱵᱟᱝ ᱾
2559,यह तुम्हें बदल जाएगा.,ᱱᱚᱶᱟᱫᱚ ᱟᱢᱮ ᱵᱚᱫᱚᱞ ᱢᱮᱭᱟ ᱾
2560,"लेकिन पहले, हम एक गड़हा बंद करने की जरूरत है.","ᱢᱮᱱᱠᱷᱟᱱ ᱯᱳᱭᱞᱳ ᱨᱮ, ᱟᱵᱳ ᱢᱤᱫᱴᱟᱝ ᱯᱤᱴ ᱥᱴᱚᱯ ᱠᱚᱨᱟᱣ ᱦᱩᱭᱩᱜ ᱛᱟᱵᱚᱱᱟ ᱾"
2561,यह मजेदार होने जा रहा है.,ᱟᱹᱰᱤ ᱨᱟᱥᱠᱟᱹ ᱟᱱᱟᱜ ᱦᱩᱭᱩᱜ ᱛᱮ ᱪᱟᱞᱟᱜ ᱠᱟᱱᱟ ᱾
2562,मुझे बाहर कुछ तस्वीरें क्लिक करते हैं जबकि आप इसे ईंधन मिलता है.,ᱤᱧ ᱵᱟᱨᱦᱮ ᱨᱮ ᱠᱤᱪᱷᱤ ᱯᱷᱚᱴᱚ ᱛᱩᱞᱟᱹᱣ ᱟᱪᱚᱣᱟᱹᱧ ᱢᱮ ᱡᱚᱠᱷᱚᱱ ᱟᱢᱮᱢ ᱡᱩᱞᱟ ᱾
2563,"अरे, मैं अपने भाई को सुना है एक Phollon के कार्यक्रम जानता है.","ᱮᱭ, ᱤᱧ ᱟᱸᱡᱚᱢᱠᱮᱫᱟ ᱟᱢᱨᱮᱱ ᱵᱚᱭᱦᱟ ᱫᱚ ᱠᱚᱱᱥᱟᱨᱴ ᱥᱟᱥᱟᱯᱲᱟᱣᱠᱩᱭ ᱩᱨᱩᱢ ᱠᱚᱣᱟ ᱾"
2564,"मैं कुछ पाने की कोशिश कर रहा हूँ एक लंबे समय के लिए, जो मैं अभी तक नहीं कर सकता.","ᱟᱭᱢᱟ ᱫᱤᱱ ᱠᱷᱚᱱ ᱤᱧ ᱫᱚ ᱠᱤᱪᱷᱩ ᱯᱟᱥ ᱨᱮᱭᱟᱜᱤᱧ ᱥᱮᱸᱫᱨᱟᱭᱮᱫᱟ, ᱢᱮᱱᱠᱷᱟᱱ ᱱᱤᱛ ᱦᱚᱸ ᱵᱟᱹᱧ ᱧᱟᱢᱟᱠᱟᱫᱟ ᱾"
2565,"कृपया, मेरी मदद कर सकते हैं?","ᱫᱟᱭᱟᱠᱟᱛᱮ, ᱟᱢ ᱠᱤᱢ ᱜᱚᱲᱚ ᱫᱟᱲᱤᱭᱟᱹᱧᱟ ?"
2566,"जी हाँ, वह भी आयोजकों की टीम में है ।","ᱦᱮᱸ, ᱩᱱᱤ ᱫᱚ ᱥᱟᱥᱟᱯᱲᱟᱣᱟᱜ ᱜᱟᱫᱮᱞ ᱨᱮᱦᱚᱸ ᱩᱱᱤ ᱫᱚ ᱢᱮᱱᱟᱭᱟ ᱾"
2567,मैं उससे पूछना होगा अगर कोई अतिरिक्त टिकट उपलब्ध हैं या नहीं.,ᱵᱟᱹᱲᱛᱤ ᱴᱤᱠᱤᱴ ᱢᱮᱱᱟᱜᱼᱟ ᱥᱮ ᱵᱟᱝ ᱩᱱᱤᱧ ᱠᱩᱞᱤᱭᱮᱭᱟ ᱾
2568,कितने टिकट आप चाहते हैं?,ᱛᱤᱱᱟᱹᱜ ᱜᱟᱱ ᱴᱤᱠᱤᱴ ᱟᱢ ᱫᱚᱢ ᱠᱷᱚᱡᱽᱚᱜ ᱠᱟᱱᱟ ?
2569,मैं मेरे लिए और अपने दोस्तों के लिए पांच टिकट चाहते हैं.,"ᱤᱧ ᱫᱚ ᱢᱚᱸᱲᱮ ᱜᱚᱴᱮᱱ ᱴᱤᱠᱤᱴᱤᱧ ᱠᱷᱚᱡᱚᱜ ᱠᱟᱱᱟ, ᱤᱧ ᱞᱟᱹᱜᱤᱫ ᱟᱨ ᱤᱧᱨᱮᱱ ᱜᱟᱛᱤ ᱞᱟᱹᱜᱤᱫ ᱾"
2570,जब हमने यह योजना बनायी थी... ... एक टिकट के लिए करीब 10k था.,ᱟᱞᱮᱞᱮ ᱜᱚᱴᱟᱞᱮᱫ ᱚᱠᱛᱮ ᱢᱤᱫᱴᱟᱝ ᱴᱤᱠᱤᱴ ᱨᱮᱭᱟᱜ ᱜᱚᱱᱚᱝ ᱫᱚ ᱑᱐ ᱦᱟᱡᱟᱨ ᱛᱟᱦᱮᱸᱠᱟᱱᱟ ᱾
2571,"लेकिन अब वे 35 से 40 बजे बेच रहे हैं, मैंने सुना है.","ᱢᱮᱱᱠᱷᱟᱱ ᱟᱸᱡᱚᱢ ᱠᱤᱫᱟᱹᱧ, ᱱᱤᱛᱚᱜ ᱚᱱᱟ ᱫᱚ ᱟᱹᱠᱷᱨᱤᱧᱚᱜ ᱠᱟᱱᱟ ᱓᱕ ᱠᱷᱚᱱ ᱔᱐ ᱦᱟᱡᱟᱨᱛᱮ ᱾"
2572,आप सिर्फ के रूप में अच्छी तरह से कीमत पुष्टि कर सकते हैं?,ᱟᱢ ᱫᱚ ᱪᱮᱫ ᱜᱚᱱᱚᱝ ᱦᱚᱸᱢ ᱴᱷᱟᱹᱣᱠᱟᱹ ᱫᱟᱲᱮᱭᱟᱜᱼᱟ ?
2573,वास्तव में आयोजकों द्वारा बनाए गये अनुमान कुछ हद तक चला गया है.,ᱠᱷᱚᱨᱚᱪ ᱫᱚ ᱟᱥᱚᱞᱨᱮ ᱥᱟᱥᱟᱯᱲᱟᱣᱠᱩᱣᱟᱜ ᱦᱤᱥᱟᱹᱵ ᱠᱷᱚᱱ ᱠᱟᱹᱴᱤᱡᱽ ᱡᱟᱹᱥᱛᱤ ᱪᱟᱞᱟᱣᱟᱠᱟᱱᱟ ᱾
2574,लेकिन जैसा आप कह रहे हैं वे इतना महँगा नहीं हैं ।,ᱢᱮᱱᱠᱷᱟᱱ ᱚᱱᱟ ᱫᱚ ᱟᱢᱮᱢ ᱢᱮᱱᱮᱫᱞᱮᱠᱟ ᱫᱚ ᱵᱟᱝ ᱜᱚᱱᱚᱝ ᱟ ᱾
2575,"कुछ एजेंट हैं जो ब्लैक में टिकट बेच रहे हैं, ताकि आप उनसे सुन सकते हैं.","ᱠᱤᱪᱷᱩ ᱮᱡᱮᱱᱴ ᱡᱟᱦᱟᱸᱭ ᱫᱚ ᱵᱞᱟᱠᱛᱮ ᱠᱩ ᱟᱹᱠᱷᱨᱤᱧᱮᱫᱟ, ᱚᱱᱟᱛᱮ ᱩᱝᱠᱩ ᱴᱷᱮᱱ ᱠᱷᱚᱱ ᱡᱟᱹᱱᱤᱡᱽᱮᱢ ᱟᱸᱡᱚᱢᱟᱠᱟᱫᱟ ᱾"
2576,टिकट कीमत प्रति सिर 8k है.,ᱴᱤᱠᱤᱴ ᱨᱮᱭᱟᱜ ᱜᱚᱱᱚᱝ ᱫᱚ ᱦᱚᱲ ᱯᱤᱪᱷᱟᱹ ᱘ ᱦᱟᱡᱟᱨ ᱾
2577,लेकिन मुझे शक है कि मैं पल में 5 टिकट के लिए व्यवस्था कर सकते हैं.,ᱢᱮᱱᱠᱷᱟᱱ ᱤᱧᱟᱜ ᱦᱤᱸᱫᱤᱡᱽ ᱤᱧ ᱫᱚ ᱱᱤᱭᱟᱹ ᱚᱠᱛᱚ ᱕ ᱜᱚᱴᱮᱡᱽ ᱴᱤᱠᱤᱴᱤᱧ ᱡᱚᱜᱟᱲ ᱫᱟᱲᱮᱭᱟᱜᱼᱟ ᱾
2578,आप पूरी तरह से सही कर रहे हैं कि बीच वाले लोग हैं जो कीमत उठाते हैं.,ᱟᱢ ᱫᱚ ᱠᱷᱟᱹᱴᱤᱜᱤ ᱴᱷᱤᱠᱮᱢ ᱞᱟᱹᱭᱟᱠᱟᱫᱟ ᱡᱮ ᱢᱤᱰᱤᱞᱢᱮᱱᱠᱩ ᱜᱤ ᱜᱚᱱᱚᱝ ᱫᱚ ᱠᱩ ᱵᱟᱹᱲᱛᱤᱭᱟᱠᱟᱫᱟ ᱾
2579,यही कारण है कि आयोजकों के पास नहीं जाना होगा लेकिन बहुत ज्यादा कीमतों को प्रभावित करता है.,ᱚᱱᱟ ᱫᱚ ᱥᱟᱥᱟᱯᱲᱟᱣᱠᱩ ᱴᱷᱮᱱ ᱫᱚ ᱵᱟᱝ ᱪᱟᱞᱟᱜᱼᱟ ᱢᱮᱱᱠᱷᱟᱱ ᱜᱚᱱᱚᱝ ᱫᱚ ᱟᱹᱰᱤᱜᱤᱭ ᱮᱥᱮᱲᱟ ᱾
2580,प्रशंसक इतने पागल हैं कि वे उन्हें वैसे भी खरीद लेते हैं.,ᱯᱷᱮᱱᱠᱩ ᱫᱚ ᱱᱩᱱᱟᱹᱜ ᱯᱟᱜᱞᱟ ᱡᱮ ᱩᱝᱠᱩ ᱴᱷᱮᱱᱜᱤ ᱠᱩ ᱦᱟᱛᱟᱣᱟ ᱾
2581,"मैं उस के कारण योजना अपने आप को छोड़ने वाला था, लेकिन मैं तुम्हें याद किया.","ᱚᱱᱟ ᱠᱷᱟᱹᱛᱤᱨ ᱤᱧ ᱫᱚ ᱯᱩᱨᱟᱹ ᱯᱞᱮᱱᱜᱤᱧ ᱵᱟᱹᱛᱤᱞᱮᱫᱠᱟᱱ ᱛᱟᱦᱮᱸᱠᱟᱱᱟ, ᱢᱮᱱᱠᱷᱟᱱ ᱩᱱ ᱚᱠᱛᱮᱜᱤ ᱟᱢᱟᱜ ᱠᱟᱛᱷᱟᱧ ᱫᱤᱥᱟᱹᱠᱮᱫᱟ ᱾"
2582,अगर 5 पाना मुश्‍किल है तो क्या आप 2 को कम - से - कम कोशिश कर सकते हैं?,"᱕ ᱜᱚᱴᱮᱡᱽ ᱧᱟᱢ ᱢᱩᱥᱠᱤᱞ ᱦᱩᱭᱩᱜ ᱠᱷᱟᱱ, ᱠᱚᱢᱼᱥᱮᱼᱠᱚᱢ ᱵᱟᱨᱮᱭᱟᱢ ᱒ ᱧᱟᱢ ᱫᱟᱲᱮᱭᱟᱹᱧᱟ ?"
2583,2 टिकट की व्यवस्था की जा सकती है.,᱒ ᱴᱤᱠᱤᱴ ᱫᱚᱧ ᱡᱚᱜᱟᱲ ᱫᱟᱲᱮᱭᱟᱜᱼᱟ ᱾
2584,मैं अपने भाई से पूछता हूँ और आप के लिए टिकट मिल जाएगा जल्द ही.,ᱤᱧ ᱵᱚᱭᱦᱟ ᱠᱩᱞᱤᱠᱟᱛᱮ ᱟᱹᱰᱤ ᱩᱥᱟᱹᱨᱟᱜᱤ ᱴᱤᱠᱤᱴᱠᱩ ᱟᱢᱟᱜ ᱛᱤ ᱨᱮᱧ ᱮᱢᱟᱢᱟ ᱾
2585,"आप उसे सीधे रूप से भुगतान भेज सकते हैं, कि आसान हो जाएगा.","ᱟᱢ ᱫᱚ ᱩᱱᱤᱜᱤ ᱠᱟᱹᱣᱰᱤᱢ ᱵᱷᱮᱡᱟ ᱫᱟᱲᱮᱣᱟᱭᱟ, ᱚᱱᱟᱜᱤ ᱟᱞᱜᱟ ᱦᱩᱭᱩᱜᱼᱟ ᱾"
2586,"धन्यवाद, मैं अपनी प्रेमिका वादा किया था.","ᱟᱭᱢᱟ ᱥᱟᱨᱦᱟᱣ ᱜᱟᱛᱤ ᱛᱤᱧ, ᱤᱧᱨᱮᱱ ᱜᱟᱛᱤᱠᱩᱲᱤᱧ ᱠᱟᱛᱷᱟᱣᱟᱠᱟᱣᱟᱫᱤᱭᱟ ᱾"
2587,उसने मुझे अगले संगीत तक माफ़ कर दिया होता ।,ᱦᱟᱯᱮᱱ ᱠᱚᱱᱥᱟᱨᱴ ᱫᱷᱟᱹᱵᱤᱡᱽᱼᱮ ᱡᱚᱞᱟᱣᱠᱤᱧᱟ ᱾
2588,"जिस तरह से, जो संगीत yar के लिए इस तरह के संगीत संगीत संगीत के लिए चला जाता है, यह सिर्फ मेरे लिए एक उच्च है.","ᱡᱟᱦᱟᱸᱜᱤ ᱦᱩᱭᱩᱜ, ᱥᱮᱨᱮᱧ ᱞᱟᱹᱜᱤᱫ ᱱᱚᱝᱠᱟᱱ ᱠᱚᱱᱥᱟᱨᱴ ᱨᱮ ᱚᱠᱚᱭ ᱪᱟᱞᱟᱜᱼᱟ ᱜᱟᱛᱤ, ᱱᱚᱣᱟ ᱫᱚ ᱤᱧ ᱞᱟᱹᱜᱤᱫ ᱮᱠᱮᱱ ᱢᱤᱫᱴᱟᱝ ᱱᱤᱥᱟᱹᱞᱮᱠᱟ ᱾"
2589,"लेकिन मैं उसे यह नहीं बता सकता, जैसा मैंने तुमसे कहा था, मेरे दोस्त.",ᱢᱮᱱᱠᱷᱟᱱ ᱱᱤᱭᱟᱹᱠᱩ ᱫᱚ ᱛᱚ ᱟᱢ ᱢᱮᱱᱞᱮᱠᱟ ᱩᱱᱤ ᱫᱚ ᱵᱟᱝ ᱢᱮᱱ ᱜᱟᱱᱚᱜᱼᱟ ᱜᱟᱛᱤ ᱛᱤᱧ ᱾
2590,मैं परिस्थिति समझते हैं.,ᱵᱩᱡᱷᱦᱟᱹᱣᱫᱟᱲᱮᱭᱟᱜ ᱠᱟᱹᱱᱟᱹᱧ ᱾
2591,चिंता मत करो 2 टिकट अच्छी तरह से व्यवस्थित किया जा सकता है.,ᱟᱞᱚᱢ ᱪᱤᱱᱛᱟᱹᱭᱟ ᱵᱟᱨᱮᱭᱟ ᱴᱤᱠᱤᱴ ᱨᱮᱭᱟᱜ ᱵᱮᱵᱚᱥᱛᱷᱟ ᱢᱚᱸᱡᱽᱛᱮᱜᱤ ᱦᱩᱭᱩᱜᱼᱟ ᱾
2592,मैंने अपने भाई को पहले ही बता दिया है और वह अपने टिकट पहले से ही लिख दिया है.,ᱤᱧ ᱫᱚ ᱵᱚᱭᱦᱟᱧ ᱵᱟᱰᱟᱭ ᱩᱪᱩᱣᱟᱠᱟᱫᱤᱭᱟ ᱟᱨ ᱩᱱᱤ ᱫᱚ ᱟᱢᱟᱜ ᱴᱤᱠᱤᱴᱠᱩᱭ ᱵᱩᱠᱟᱠᱟᱫᱟ ᱾
2593,तो अब आप आश्वस्त हो सकते हैं और कल मुझे से इकट्ठा कर सकते हैं जब हम बैठक हो जाएगा.,ᱚᱱᱟ ᱤᱭᱟᱹᱛᱮ ᱞᱤᱪᱷᱤᱱᱫᱤᱢ ᱛᱟᱦᱮᱸ ᱫᱟᱲᱮᱭᱟᱜᱼᱟ ᱟᱨ ᱜᱟᱯᱟ ᱧᱟᱯᱟᱢ ᱦᱩᱭᱞᱮᱱᱠᱷᱟᱱ ᱤᱧ ᱴᱷᱮᱱ ᱠᱷᱚᱱ ᱦᱚᱛᱟᱣᱢᱮ ᱵᱟᱲᱮ ᱾
2594,"ज़रूर दोस्त, धन्यवाद.","ᱱᱤᱦᱟᱹᱛᱜᱤ ᱜᱟᱛᱮ, ᱟᱭᱢᱟ ᱥᱟᱨᱦᱟᱣ ᱾"
2595,"अधिकांश स्वागत करते हैं, जल्दी ही पकड़े जाते हैं.","ᱥᱟᱹᱜᱩᱱ ᱫᱟᱨᱟᱢ, ᱟᱹᱰᱤ ᱩᱥᱟᱹᱨᱟ ᱧᱟᱯᱟᱢ ᱦᱩᱭᱩᱜᱼᱟ ᱾"
2596,"हैलो, यह श्रीमती राहीका है, त्रियेक तत्वों के स्कूल में कला शिक्षक?","ᱦᱮᱹᱞᱳ, ᱴᱨᱤᱱᱤᱴᱤ ᱮᱞᱤᱢᱮᱱᱴᱟᱨᱤ ᱵᱤᱨᱫᱟᱹᱜᱟᱲ ᱨᱮᱱ ᱠᱟᱹᱨᱤ ᱢᱟᱪᱮᱛᱟᱱᱤ ᱱᱩᱭ ᱜᱮ ᱠᱤ ᱢᱤᱥᱮᱥ ᱨᱟᱫᱷᱤᱠᱟ ?"
2597,यह कौन है?,ᱦᱮᱸ ᱾ ᱱᱩᱭ ᱫᱚ ᱚᱠᱚᱭ ?
2598,"मेरा नाम जॉन बर्नड है, और मैं माइकल के पिता हूँ.","ᱤᱧᱟᱹᱜ ᱧᱩᱛᱩᱢ ᱫᱚ ᱡᱚᱱ ᱵᱟᱨᱱᱟᱰ, ᱟᱨ ᱤᱧ ᱫᱚ ᱢᱤᱥᱮᱞ ᱟᱡ ᱟᱯᱟᱛ ᱠᱟᱹᱱᱟᱹᱧ ᱾"
2599,"ठीक है, मैं आपकी मदद कैसे कर सकते हैं?","ᱴᱷᱤᱠ ᱜᱮᱭᱟ ᱜᱚᱢᱠᱮ, ᱪᱮᱫᱞᱮᱠᱟᱛᱮ ᱟᱢᱤᱧ ᱜᱚᱲᱚ ᱫᱟᱲᱮᱭᱟᱢᱟ ?"
2600,माइकल ने संगीत सीखने में दिलचस्पी ज़ाहिर की है ।,ᱢᱤᱥᱮᱞ ᱥᱮᱹᱨᱮᱹᱧ ᱥᱮᱬᱟᱭ ᱞᱟᱹᱜᱤᱫ ᱜᱚᱨᱚᱡᱽ ᱮ ᱥᱚᱫᱚᱨ ᱟᱠᱟᱫᱟ ᱾
2601,मैं इस बात से उलझन में हूँ कि मैं कहाँ जा रहा हूँ.,ᱤᱧ ᱢᱤᱫᱴᱟᱝ ᱦᱚᱨᱟ ᱵᱟᱪᱷᱟᱣᱨᱮ ᱟᱹᱰᱤ ᱜᱮᱧ ᱟᱫᱤᱥᱟᱹ ᱟᱠᱟᱱᱟ ᱾
2602,क्या तुम मेरी मदद कर सकते हो?,ᱟᱢ ᱪᱮᱫ ᱤᱧ ᱮᱢ ᱜᱚᱲᱚ ᱫᱟᱲᱮᱭᱟᱹᱧᱟᱹ ?
2603,संगीत सीखने का सबसे आसान तरीक़ा क्या है?,ᱥᱮᱹᱨᱮᱹᱧ ᱥᱮᱬᱟᱭ ᱨᱮᱭᱟᱜ ᱟᱞᱜᱟ ᱦᱚᱨᱟ ᱫᱚ ᱪᱮᱫ ?
2604,ज़रूर.,ᱮᱠᱟᱞᱜᱮ ᱾
2605,"बच्चों को शास्त्रीय संगीत सीखना चाहिए, मेरी राय में ।",ᱤᱧᱟᱹᱜ ᱢᱮᱱᱛᱮ ᱫᱚ ᱞᱮᱴᱠᱟ ᱠᱚ ᱥᱟᱥᱛᱚᱨ ᱥᱮᱹᱨᱮᱹᱧ ᱥᱮᱬᱟ ᱟᱠᱚ ᱞᱟᱹᱠᱛᱤ ᱠᱟᱱᱟ ᱾
2606,क्या बच्चों के लिए शास्त्रीय संगीत का अध्ययन करना लाभदायक है?,ᱞᱮᱴᱠᱟ ᱠᱚ ᱞᱟᱹᱜᱤᱫ ᱥᱟᱥᱛᱚᱨ ᱥᱮᱹᱨᱮᱹᱧ ᱯᱚᱲᱦᱚᱱ ᱫᱚ ᱪᱮᱫ ᱩᱯᱠᱟᱹᱨ ᱨᱮᱭᱟᱜ ?
2607,"हाँ, यह काफी मुश्किल है लेकिन शास्त्रीय संगीत बच्चों के लिए अत्यधिक भावात्मक लाभ है.",ᱦᱮᱸ ᱾ ᱱᱚᱶᱟ ᱫᱚ ᱟᱹᱰᱤ ᱜᱮ ᱟᱱᱟᱴᱼᱟ ᱢᱮᱱᱠᱷᱟᱱ ᱥᱟᱥᱛᱚᱨ ᱥᱮᱹᱨᱮᱹᱧ ᱫᱚ ᱞᱮᱴᱠᱟ ᱠᱚ ᱞᱟᱹᱜᱤᱫ ᱢᱚᱱᱨᱮ ᱥᱩᱵᱤᱫᱷᱟᱭ ᱟᱹᱜᱩᱭᱼᱟ ᱾
2608,"अध्ययन के मुताबिक, शास्त्रीय संगीत सुनना बच्चों में सकारात्मक भावनाएँ उत्पन्‍न करता है ।","ᱠᱷᱚᱱᱫᱽᱨᱚᱸᱫᱽ ᱞᱮᱠᱟᱛᱮ, ᱞᱟᱭᱤᱵᱷ ᱥᱟᱥᱛᱚᱨ ᱥᱮᱹᱨᱮᱹᱧ ᱟᱸᱡᱚᱢ ᱫᱚ ᱞᱮᱴᱠᱟ ᱠᱚ ᱢᱩᱫᱽᱨᱮ ᱵᱷᱟᱜᱮ ᱟᱹᱭᱠᱟᱹᱣ ᱮ ᱥᱤᱨᱡᱟᱹᱣᱼᱟ ᱾"
2609,"इसके अलावा, उनके सुनने और ध्यान देने की काबिलीयत पर भी इसका असर होता है ।",ᱱᱚᱶᱟ ᱫᱚ ᱩᱱᱠᱚᱣᱟᱜ ᱟᱸᱡᱚᱢ ᱟᱨ ᱢᱚᱱᱞᱟᱜᱟᱣ ᱨᱮᱭᱟᱜ ᱫᱟᱲᱮ ᱪᱮᱛᱟᱱᱨᱮ ᱦᱚᱸᱭ ᱮᱥᱮᱨᱼᱟ ᱾
2610,"क्लासिक संगीत बच्चों के विकास के लिए लाभकारी है, यह अच्छा है.","ᱥᱟᱥᱛᱚᱨ ᱥᱮᱹᱨᱮᱹᱧ ᱫᱚ ᱞᱮᱴᱠᱟ ᱠᱚ ᱦᱟᱨᱟ ᱵᱩᱨᱩᱜ ᱞᱟᱹᱜᱤᱫ ᱩᱯᱠᱟᱹᱨᱤ ᱜᱮᱭᱟ, ᱱᱚᱶᱟ ᱫᱚ ᱟᱹᱰᱤ ᱱᱟᱯᱟᱭ ᱾"
2611,शास्त्रीय संगीत के और क्या लाभ हैं?,ᱥᱟᱥᱛᱚᱨ ᱥᱮᱹᱨᱮᱹᱧ ᱨᱮᱭᱟᱜ ᱟᱨ ᱪᱮᱫ ᱥᱩᱵᱤᱫᱷᱟ ᱢᱮᱱᱟᱜᱼᱟ ?
2612,क्लासिक संगीत का अभ्यास करता है और दृढ़ता से कार्य करता है ।,ᱥᱟᱥᱛᱚᱨ ᱥᱮᱹᱨᱮᱹᱧ ᱫᱚ ᱥᱚᱲᱠᱚ ᱟᱨ ᱢᱚᱱᱩᱨᱤᱡ ᱨᱮᱭᱟᱜ ᱞᱟᱹᱠᱛᱤ ᱠᱟᱱᱟ ᱾
2613,यह प्रशिक्षण बच्चे के जीवन को अनुशासन देगा.,ᱱᱚᱶᱟ ᱛᱟᱹᱞᱤᱢ ᱫᱚ ᱞᱮᱴᱠᱟ ᱠᱚᱣᱟᱜ ᱡᱤᱭᱚᱱ ᱱᱟᱯᱟᱭᱛᱮ ᱥᱟᱡᱟᱣᱼᱟᱭ ᱾
2614,यह एक विकृती के रूप में काम करता है.,ᱱᱚᱶᱟ ᱫᱚ ᱢᱤᱫᱽᱴᱟᱝ ᱮᱱᱴᱤᱰᱤᱯᱨᱮᱥᱮᱱᱴ ᱞᱮᱠᱟᱛᱮᱭ ᱠᱟᱹᱢᱤᱭᱟ ᱾
2615,यह बच्चों के दिमाग को शांत भी करता है.,ᱱᱚᱶᱟ ᱫᱚ ᱞᱮᱴᱠᱟ ᱠᱚᱣᱟᱜ ᱢᱚᱱ ᱦᱚᱸᱭ ᱛᱷᱤᱨᱼᱟ ᱾
2616,"हाँ, एक शांत बच्चे अधिक खुश है.","ᱦᱮᱸ, ᱢᱤᱫᱽᱴᱟᱝ ᱛᱷᱤᱨ ᱞᱮᱴᱠᱟ ᱟᱨᱦᱚᱸᱭ ᱨᱟᱹᱥᱠᱟᱹᱜᱼᱟ ᱾"
2617,"जब बच्चे सिर्फ सुनने के बजाय ध्यान से सुनना सीखते हैं,","ᱡᱟᱦᱟᱸᱛᱮ ᱞᱮᱴᱠᱟ ᱠᱚ ᱫᱚ ᱟᱸᱡᱚᱢ ᱠᱷᱚᱱ ᱢᱚᱱ ᱞᱟᱜᱟᱣ ᱠᱟᱛᱮ ᱟᱸᱡᱚᱢ ᱠᱚ ᱪᱮᱫᱼᱟ ,"
2618,"उनकी याददाश्‍त की कोशिकाएँ, स्वर, स्वर, तरीक़े, पास - पास, इत्यादि रखने के लिए कठिन परिश्रम करने लगती हैं ।","ᱩᱱᱠᱚᱣᱟᱜ ᱢᱮᱢᱚᱨᱤ ᱠᱳᱥ ᱠᱚ ᱱᱳᱴ, ᱨᱟᱦᱟ, ᱟᱲᱟᱝ, ᱦᱚᱨᱟ, ᱯᱚᱱᱛᱷᱟ ᱟᱨᱦᱚᱸ ᱟᱭᱢᱟ ᱠᱤᱪᱷᱤ ᱨᱟᱠᱷᱟ ᱫᱚᱦᱚᱭ ᱞᱟᱹᱜᱤᱫ ᱟᱹᱰᱤ ᱟᱸᱴ ᱠᱟᱹᱢᱤᱭ ᱮᱦᱚᱵᱼᱟ ᱾"
2619,"ठीक है, मैं माइकल के लिए क्षेत्र में एक शास्त्रीय संगीत शिक्षक के लिए देखेंगे.","ᱴᱷᱤᱠ ᱜᱮᱭᱟ, ᱤᱧ ᱢᱤᱥᱮᱞ ᱞᱟᱹᱜᱤᱫ ᱢᱤᱫᱽᱴᱟᱝ ᱥᱟᱥᱛᱚᱨ ᱥᱮᱹᱨᱮᱹᱧ ᱨᱮᱱ ᱢᱟᱪᱮᱫ ᱤᱧ ᱯᱟᱸᱡᱟ ᱮᱭᱟ ᱾"
2620,मुझे लगता है कि शास्त्रीय संगीत भारत का प्राण है कि समझते हैं.,ᱤᱧᱤᱧ ᱢᱚᱱᱮᱭᱟ ᱥᱟᱥᱛᱚᱨ ᱥᱮᱹᱨᱮᱹᱧ ᱫᱚ ᱵᱷᱟᱨᱚᱛ ᱨᱮᱭᱟᱜ ᱟᱛᱢᱟ ᱠᱟᱱᱟ ᱾
2621,यह महान है.,ᱟᱹᱰᱤ ᱵᱮᱥ ᱾
2622,"यदि वह शास्त्रीय संगीत में दिलचस्पी नहीं रखती है, तो आपको उसे यह सीखने के लिए मजबूर नहीं करना चाहिए ।",ᱫᱟᱭᱟ ᱠᱟᱛᱮ ᱫᱤᱥᱟᱹ ᱫᱚᱦᱚᱭ ᱢᱮ ᱡᱮ ᱩᱱᱤ ᱡᱩᱫᱤ ᱥᱟᱥᱛᱚᱨ ᱥᱮᱹᱨᱮᱹᱧ ᱵᱟᱭ ᱜᱚᱨᱚᱡᱟᱜᱼᱟ ᱮᱱᱠᱷᱟᱱ ᱚᱱᱟ ᱪᱮᱫ ᱞᱟᱹᱜᱤᱫ ᱟᱞᱚᱢ ᱵᱚᱲᱦᱮ ᱮᱭᱟ ᱾
2623,हमें उनकी काबिलीयतों पर आधारित उनका हौसला बढ़ाना चाहिए ।,ᱟᱠᱚᱣᱟᱜ ᱜᱩᱱᱢᱟᱱ ᱞᱮᱠᱟᱛᱮ ᱩᱱᱠᱚ ᱩᱫᱽᱜᱟᱹᱣ ᱫᱚ ᱟᱵᱚᱣᱟᱜ ᱞᱟᱹᱠᱛᱤ ᱠᱟᱱᱟ ᱾
2624,ज़रूर मैडम.,ᱮᱠᱟᱞ ᱜᱮ ᱢᱟᱪᱮᱛᱟᱱᱤ ᱾
2625,अपने मार्गदर्शन के लिए बहुत बहुत धन्यवाद.,ᱟᱢ ᱫᱤᱥᱟᱹ ᱩᱫᱩᱜ ᱞᱟᱹᱜᱤᱫ ᱟᱭᱢᱟ ᱥᱟᱨᱦᱟᱣ ᱾
2626,"आप आपका स्वागत कर रहे हैं, और मुझे माइकल को मेरी नमस्कार संदेश दे रहे हैं.","ᱥᱟᱹᱜᱩᱱ ᱫᱟᱨᱟᱢ, ᱟᱨ ᱫᱟᱭᱟ ᱠᱟᱛᱮ ᱢᱤᱥᱮᱞ ᱤᱧᱟᱹᱜ ᱥᱟᱨᱦᱟᱣ ᱮᱢ ᱵᱟᱰᱟᱭ ᱦᱚᱪᱚᱭ ᱮᱭᱟ ᱾"
2627,"ठीक है, अलविदा!","ᱴᱷᱤᱠ ᱜᱮᱭᱟ, ᱵᱤᱫᱟᱹᱭ"
2628,आप एक छुट्टी कल है?,ᱜᱟᱯᱟ ᱪᱮᱫ ᱟᱢᱟᱜ ᱪᱷᱩᱴᱤ ᱢᱮᱱᱟᱜᱼᱟ ?
2629,क्यों मैं एक सप्ताह में एक छुट्टी होगा?,ᱤᱧᱟᱹᱜ ᱪᱮᱫᱟᱜ ᱦᱟᱯᱛᱟ ᱨᱮᱭᱟᱜ ᱢᱤᱫᱴᱟᱜ ᱫᱤᱱ ᱪᱷᱩᱴᱤ ᱦᱩᱭᱩᱜᱼᱟ ᱾
2630,"खैर, वहाँ कल एक सेना होगी.","ᱴᱷᱤᱠ ᱜᱮᱭᱟ, ᱜᱟᱯᱟ ᱨᱮᱹᱞᱤ ᱦᱩᱭᱩᱜᱼᱟ ᱾"
2631,हमारे पड़ोस के बच्चों को छुट्टी मिल गयी ।,ᱟᱞᱮ ᱴᱚᱞᱟ ᱨᱮᱱ ᱜᱤᱫᱽᱟᱹᱨ ᱯᱤᱫᱟᱹᱨ ᱠᱚ ᱪᱷᱩᱴᱤ ᱠᱚ ᱧᱟᱢ ᱟᱠᱟᱫᱟ
2632,"मैं तुम्हें भी एक मिल जाएगा सोचा,",ᱢᱚᱱᱮ ᱞᱮᱫᱟᱹᱧ ᱟᱢᱦᱚᱸᱢ ᱧᱟᱢᱼᱟ ᱾
2633,मैं किसी भी छुट्टी नहीं है.,ᱤᱧᱟᱹᱜ ᱪᱮᱫ ᱪᱷᱩᱴᱤ ᱦᱚᱸ ᱵᱟᱹᱱᱩᱜᱼᱟ ᱾
2634,तो मुझे लगता है कि यह बेहतर होगा अगर आप कल के लिए छोड़ दिया जाएगा.,ᱮᱱᱠᱷᱟᱱ ᱤᱧᱤᱧ ᱢᱚᱱᱮᱭᱟ ᱜᱟᱯᱟ ᱟᱢ ᱪᱷᱩᱴᱤᱢ ᱦᱟᱛᱟᱣ ᱞᱣᱠᱷᱟᱱ ᱵᱷᱟᱜᱮ ᱦᱩᱭᱩᱜᱼᱟ ᱾
2635,इस दल के बारे में क्या बड़ा सौदा है?,ᱱᱚᱶᱟ ᱨᱮᱹᱞᱤ ᱨᱮᱭᱟᱜ ᱢᱩᱬᱩᱫ ᱠᱟᱛᱷᱟ ᱫᱚ ᱪᱮᱫ ?
2636,प्रतिनिधिों की एक बहुत सारा समय होता है.,ᱡᱟᱣ ᱜᱮ ᱟᱹᱰᱤᱜᱟᱱ ᱨᱮᱹᱞᱤ ᱦᱩᱭᱩᱜᱼᱟ ᱾
2637,यह एक बहुत बड़ा होगा.,ᱱᱚᱶᱟ ᱫᱚ ᱢᱟᱨᱟᱝ ᱧᱚᱜ ᱜᱮ ᱦᱩᱭᱩᱜᱼᱟ ᱾
2638,"क्योंकि सभी मुख्य पार्टियों में, बौतया जना पार्टी, ट्रीमोटटल का समूह, और साम्यवादी पार्टी, इसमें भाग ले रहे हैं ।","ᱪᱮᱫᱟᱜ ᱥᱮ ᱡᱚᱛᱚ ᱢᱩᱲᱩᱛ ᱯᱟᱹᱴᱤᱠᱩ, ᱵᱷᱟᱨᱚᱛᱤᱭᱟᱹ ᱡᱚᱱᱚᱛᱟ ᱯᱟᱹᱴᱤ, ᱛᱨᱤᱱᱚᱢᱩᱞ ᱠᱚᱝᱜᱨᱮᱥ ᱯᱟᱹᱴᱤ, ᱟᱨ ᱠᱚᱢᱤᱭᱱᱤᱥᱴ ᱯᱟᱹᱴᱤ ᱱᱤᱭᱟᱹ ᱨᱮ ᱦᱤᱸᱥ ᱠᱩ ᱦᱟᱛᱟᱣᱮᱫᱟ ᱾"
2639,वे सब?,ᱩᱝᱠᱩ ᱡᱚᱛᱚ ᱜᱤ ?
2640,"हाँ, और मुझे शक है कि अगर आप इसे समय पर घर बनाने में सक्षम हो जाएगा.","ᱦᱮᱸ, ᱟᱨ ᱤᱧᱟᱜ ᱦᱤᱸᱫᱤᱡᱽ ᱫᱚ ᱡᱩᱫᱤ ᱟᱢ ᱫᱚ ᱚᱠᱛᱚ ᱢᱩᱫᱨ ᱤᱧᱟᱜ ᱚᱲᱟᱜ ᱨᱮᱢ ᱥᱮᱴᱮᱨ ᱫᱟᱲᱮᱭᱟᱜᱼᱟ ᱾"
2641,आप कल कार्यालय के लिए जाना है.,ᱡᱩᱫᱤ ᱟᱢ ᱫᱚ ᱜᱟᱯᱟ ᱚᱯᱷᱤᱥᱛᱮᱢ ᱪᱟᱞᱟᱜᱠᱷᱟᱱ ᱾
2642,मुझे भी शक है.,ᱤᱧᱟᱜ ᱡᱟᱹᱥᱛᱤ ᱦᱤᱸᱫᱤᱡᱽ ᱢᱮᱱᱟᱜᱼᱟ ᱾
2643,लेकिन मैं इस बारे में कुछ नहीं जानता.,ᱢᱮᱱᱠᱷᱟᱱ ᱤᱧ ᱫᱚ ᱱᱤᱭᱟᱹ ᱵᱟᱵᱚᱫ ᱪᱮᱫ ᱦᱚᱸ ᱵᱟᱹᱧ ᱵᱟᱰᱟᱭᱟ ᱾
2644,वे ऐसा क्यों कर रहे हैं?,ᱪᱮᱫᱟᱜ ᱩᱝᱠᱩ ᱫᱚ ᱱᱤᱭᱟᱹᱠᱩ ᱠᱚᱨᱟᱣᱮᱫᱟ ?
2645,वे यह कर रहे हैं क्योंकि सरकार ने सब कुछ नहीं किया था जब वे स्पष्टो में वादा किया था.,ᱩᱝᱠᱩ ᱫᱚ ᱱᱚᱣᱟᱠᱩ ᱠᱚᱨᱟᱣᱮᱫᱟ ᱪᱮᱫᱟᱜ ᱥᱮ ᱥᱚᱨᱠᱟᱨ ᱩᱪᱷᱟᱹᱱ ᱥᱟᱠᱟᱢᱨᱮᱭ ᱠᱤᱨᱤᱭᱟᱹᱣᱟᱠᱟᱫ ᱡᱚᱛᱚ ᱵᱟᱭ ᱠᱚᱨᱟᱣᱮᱫᱟ ᱾
2646,क्या ऐसा है?,ᱚᱱᱟ ᱫᱚ ᱠᱤ ᱚᱝᱠᱟᱱ ?
2647,फिर उस वक्‍त के बारे में क्या जब बाँगिया याना पार्टी राज कर रही थी?,ᱛᱟᱦᱚᱞᱮ ᱵᱷᱟᱨᱚᱛᱤᱭᱟᱹ ᱡᱚᱱᱚᱛᱟ ᱯᱟᱹᱴᱤᱭ ᱥᱟᱥᱚᱱᱮᱫ ᱛᱟᱦᱮᱸᱠᱟᱱ ᱚᱠᱛᱚ ᱪᱮᱫ ᱦᱩᱭᱩᱜᱼᱟ ?
2648,उन्होंने ऐसा भी नहीं किया जैसा कि उनसे वादा किया गया था ।,ᱩᱝᱠᱩ ᱫᱚ ᱡᱟᱦᱟᱸ ᱠᱩ ᱠᱤᱨᱤᱭᱟᱹᱣᱟᱠᱟᱫ ᱫᱚ ᱵᱟᱝᱠᱩ ᱠᱟᱹᱢᱤᱭᱟᱠᱟᱫᱟ ᱾
2649,"यह सच है, लेकिन कौन परवाह करता है?","ᱥᱟ,ᱨᱤ ᱠᱟᱛᱷᱟ, ᱢᱮᱱᱠᱷᱟᱱ ᱚᱠᱚᱭᱮ ᱪᱤᱱᱛᱟᱹᱭᱟ ?"
2650,"यह कैसे राजनीति हमेशा है, है ना?","ᱨᱟᱡᱟᱹᱨᱤ ᱢᱟ ᱱᱚᱝᱠᱟ ᱜᱤ ᱦᱩᱭᱩᱜ ᱥᱟᱱᱟᱢ ᱚᱠᱛᱚ, ᱥᱮ ᱵᱟᱝ ?"
2651,"जी हाँ, वे प्रचार और सामान के लिए एक दूसरे के विरुद्ध विरोध करते हैं ।","ᱦᱮᱸ, ᱩᱝᱠᱩ ᱫᱚ ᱯᱟᱥᱱᱟᱣ ᱟᱨ ᱫᱩᱨᱤᱵᱽᱠᱩ ᱞᱟᱹᱜᱤᱫ ᱢᱤᱫᱽᱮᱴᱟᱜᱤᱡᱽ ᱵᱤᱨᱩᱫᱠᱚ ᱡᱟᱸᱜᱮ ᱫᱟᱨᱟᱢᱟ ᱾"
2652,"लेकिन वास्तव में, ये कुछ भी नहीं करने के लिए मिलता है.",ᱢᱮᱱᱠᱷᱟᱱ ᱱᱟᱦᱟᱜ ᱨᱮ ᱱᱤᱭᱟᱹ ᱠᱩ ᱨᱮᱭᱟᱜ ᱡᱟᱦᱟᱸᱱ ᱞᱟᱵᱷ ᱵᱟᱹᱱᱩᱜᱼᱟ ᱾
2653,ट्रैफिक और हर चीज़ की वजह से हमें दुःख - तकलीफें झेलनी पड़ती हैं ।,ᱴᱨᱟᱯᱯᱷᱤᱠ ᱟᱨ ᱡᱚᱛᱚᱞᱮᱠᱟᱱᱟᱜ ᱛᱮᱜᱤ ᱪᱮᱫᱟᱜ ᱥᱮ ᱟᱞᱮ ᱪᱷᱟᱰᱟ ᱮᱴᱟᱜ ᱠᱩ ᱠᱩ ᱥᱟᱥᱮᱛᱚᱜ ᱠᱟᱱᱟ ᱾
2654,"वास्तव में, मुझे आशा है कि यह कल शाम तक नहीं जा सकता.","ᱥᱟᱹᱨᱤᱜᱤ, ᱤᱧ ᱟᱥᱚᱜ ᱠᱟᱱᱟ ᱱᱤᱭᱟᱹ ᱫᱳ ᱜᱟᱯᱟ ᱟᱹᱭᱩᱯ ᱫᱷᱟᱹᱵᱤᱡᱽ ᱪᱟᱞᱟᱜᱼᱟ ᱾"
2655,क्या तुम जा रही हो?,ᱟᱢ ᱦᱚᱸᱢ ᱪᱟᱞᱟᱜᱼᱟ ?
2656,"मुझे करना है, वहाँ कार्यालय में इतना काम है.","ᱤᱧ ᱦᱚᱸ ᱪᱟᱞᱟᱜ ᱦᱩᱭᱩᱜᱛᱤᱧᱟ, ᱚᱯᱷᱤᱥ ᱨᱮ ᱟᱭᱢᱟ ᱠᱟᱹᱢᱤ ᱢᱮᱱᱟᱜᱛᱤᱧᱟ ᱾"
2657,मैं इस की वजह से एक छुट्टी नहीं ले सकता.,ᱚᱱᱟ ᱞᱟᱹᱜᱤᱫᱛᱮ ᱪᱷᱩᱴᱤ ᱵᱟᱹᱧ ᱦᱟᱛᱟᱣ ᱫᱟᱲᱮᱭᱟᱜᱼᱟ ᱾
2658,तो सार्वजनिक परिवहन कल द्वारा जाना.,ᱯᱟᱵᱞᱤᱠ ᱥᱟᱜᱟᱲᱚᱢᱛᱮ ᱜᱟᱯᱟ ᱪᱟᱞᱟᱜ ᱢᱮ ᱾
2659,हम नहीं जानते कि क्या हो सकता है ।,ᱟᱞᱮ ᱵᱟᱝᱜᱤᱞᱮ ᱵᱟᱰᱟᱭᱟ ᱪᱮᱫ ᱦᱩᱭ ᱫᱟᱲᱮᱭᱟᱜᱼᱟ ᱾
2660,तब क्या यदि कोई झगड़े होंगे?,ᱪᱮᱫ ᱦᱩᱭᱩᱜᱼᱟ ᱡᱩᱫᱤ ᱚᱸᱰᱮ ᱞᱟᱹᱲᱦᱟᱹᱭ ᱦᱩᱭᱩᱜᱼᱟ ?
2661,"याद रखें, वे एक साल पहले अपने सहकर्मी की साइकिल नीचे जला दिया?","ᱫᱤᱥᱟᱹᱭᱢᱮ, ᱩᱝᱠᱩ ᱫᱚ ᱟᱯᱮᱨᱮᱱ ᱥᱚᱦᱮᱫ ᱠᱟᱹᱢᱤᱭᱟᱹᱠᱩᱣᱟᱜ ᱵᱟᱭᱤᱠ ᱠᱩ ᱡᱮᱨᱮᱫ ᱞᱮᱫᱟ ᱢᱤᱫ ᱥᱮᱨᱢᱟ ᱞᱟᱦᱟ?"
2662,आप बहुत ज्यादा चिंता कर रहे हैं.,ᱟᱢ ᱫᱚ ᱡᱟᱹᱥᱛᱤ ᱜᱮᱢ ᱵᱷᱟᱹᱵᱤᱛᱚᱜ ᱠᱟᱱᱟ ᱾
2663,ऐसा कुछ नहीं होगा.,ᱚᱝᱠᱟᱱᱟᱜ ᱪᱮᱫ ᱜᱤ ᱵᱟᱝ ᱦᱩᱭᱩᱜᱼᱟ ᱾
2664,"अरे, आप हमेशा किस तरह भूगोल में सबसे ऊँची निशान मिलता है?","ᱮᱭ, ᱟᱢ ᱡᱟᱣᱜᱮ ᱚᱛᱱᱚᱜᱨᱮ ᱪᱮᱫ ᱞᱮᱠᱟᱛᱮ ᱡᱚᱛᱚᱠᱷᱚᱱ ᱰᱷᱮᱨ ᱱᱚᱢᱵᱚᱨ ᱮᱢ ᱟᱹᱜᱩᱭᱟ ?"
2665,आप मुश्‍किल से अध्ययन करते हैं ।,ᱟᱢ ᱦᱟᱞᱮᱜᱮᱢ ᱯᱟᱲᱦᱟᱣ ᱟᱠᱟᱫᱟ ᱾
2666,और फिर मुझे है!,ᱟᱨ ᱤᱱᱟᱹ ᱛᱟᱭᱚᱢ ᱤᱧ ᱢᱤᱱᱟᱹᱧᱟ ᱾
2667,"हाय, मेरे पालन का एक छोटा सा रहस्य है.","ᱦᱟᱭ, ᱤᱧᱟᱹᱜ ᱛᱷᱚᱲᱟ ᱩᱠᱩ ᱠᱟᱛᱷᱟ ᱢᱮᱱᱟᱜᱼᱟ ᱡᱟᱦᱟᱸᱫᱚ ᱤᱧ ᱢᱟᱱᱟᱣᱼᱟ ᱾"
2668,किसी के साथ साझा नहीं होगा...,ᱡᱟᱦᱟᱸᱭ ᱠᱚ ᱥᱟᱶᱛᱮ ᱵᱟᱢ ᱥᱮᱭᱟᱨᱼᱟ ᱹᱹᱹᱹ
2669,मैं हर वक्‍त एक - दूसरे से प्यार करता था ।,"ᱡᱳᱠᱥ ᱛᱟᱞᱟᱨᱮ ᱦᱚᱸ, ᱟᱥᱚᱞᱨᱮ ᱚᱛᱱᱚᱜ ᱪᱮᱛᱟᱱ ᱤᱧᱟᱹᱜ ᱜᱟᱹᱦᱤᱨ ᱜᱚᱨᱚᱡᱽ ᱢᱮᱱᱟᱜ ᱛᱤᱧᱟᱹ ᱟᱹᱰᱤ ᱞᱟᱦᱟ ᱠᱷᱚᱱᱜᱮ ᱾"
2670,ईमानदारी से मैं घड़ी के चारों ओर विषय का अध्ययन नहीं है.,"ᱥᱟᱹᱨᱤ ᱠᱟᱛᱷᱟ ᱢᱮᱱᱛᱮᱫᱚ, ᱥᱟᱨᱟ ᱜᱷᱟᱹᱲᱤ ᱫᱚ ᱤᱧ ᱵᱟᱹᱧ ᱯᱟᱲᱦᱟᱜᱼᱟ ᱾"
2671,कक्षा के घंटों के दौरान जब मैडम हमें सिखाती है कि मैं अध्यायों को असल घटना के साथ कनेक्ट करने की कोशिश करती हूं और मेरे मन में एक चित्र बना देती हूँ.,ᱠᱞᱟᱥ ᱪᱟᱞᱟᱜ ᱚᱠᱛᱚ ᱡᱚᱠᱷᱚᱱ ᱢᱟᱪᱮᱛᱟᱱᱤ ᱟᱞᱮᱭ ᱯᱚᱲᱦᱚᱱ ᱠᱚᱭ ᱯᱟᱲᱦᱟᱣ ᱞᱮᱭᱟ ᱩᱱᱫᱚ ᱤᱧ ᱱᱚᱶᱟᱠᱚ ᱥᱟᱨᱤᱭᱟ ᱪᱤᱛᱟᱹᱨ ᱥᱟᱶᱛᱮ ᱡᱚᱯᱲᱟᱣ ᱨᱮᱭᱟᱜ ᱤᱧ ᱨᱤᱠᱟᱹᱭᱟ ᱟᱨ ᱟᱨ ᱤᱧᱟᱹᱜ ᱢᱚᱱᱨᱮ ᱪᱤᱛᱟᱹᱨ ᱵᱮᱱᱟᱣ ᱨᱮᱭᱟᱜ ᱤᱧ ᱨᱤᱠᱟᱹᱭᱟ ᱾
2672,उस तरह से भी मैं धारणाएँ स्पष्ट हो जाती हैं.,ᱱᱚᱝᱠᱟ ᱛᱮᱜᱮ ᱤᱧᱟᱹᱜ ᱩᱭᱦᱟᱹᱨ ᱠᱚᱧ ᱴᱷᱟᱹᱣᱠᱟᱹᱭᱟ ᱾
2673,असल घटनाओं से जुड़े रहने का क्या मतलब है?,ᱥᱟᱹᱨᱤᱭᱟᱜ ᱦᱟᱞᱚᱛ ᱥᱟᱶ ᱢᱮᱥᱟᱭ ᱢᱮᱱᱛᱮ ᱫᱚ ᱟᱢ ᱪᱮᱫ ᱵᱩᱡᱷᱟᱹᱣ ᱟᱪᱚᱭᱮᱫᱟ ?
2674,"सब पहाड़ों, नदियों, महासागरों, जलवायु, और अनावश्यक संख्या है.","ᱱᱚᱶᱟᱫᱚ ᱚᱛᱱᱚᱜ ᱠᱟᱱᱟ ! ᱵᱩᱨᱩ,ᱱᱟᱹᱭ, ᱢᱟᱦᱟᱥᱟᱹᱢᱩᱫ,ᱫᱟᱜᱦᱚᱭ, ᱟᱨ ᱵᱟᱝ ᱞᱟᱹᱠᱛᱤᱭᱟᱱ ᱮᱞ ᱥᱟᱱᱟᱢᱟᱜ ᱜᱮ ᱢᱮᱱᱟᱜᱼᱟ ᱾"
2675,आप भी इसके बारे में क्या पसंद करते हैं?,ᱱᱚᱶᱟ ᱵᱟᱨᱮᱛᱮ ᱟᱢ ᱪᱮᱫ ᱮᱢ ᱠᱩᱥᱤᱭᱟᱜᱼᱟ ᱾
2676,यह सभी उबाऊ विषयों की सबसे उबाऊ तरह है.,ᱱᱚᱶᱟᱫᱚ ᱥᱟᱱᱟᱢ ᱟᱹᱲᱤᱥᱟᱱ ᱥᱟᱛᱟᱢ ᱠᱷᱚᱱ ᱟᱹᱲᱤᱥᱟᱜ ᱠᱟᱱᱟ ᱾
2677,अगर तुम्हें लगता है कि तरह लगता है.,ᱟᱢ ᱡᱩᱫᱤ ᱱᱚᱝᱠᱟ ᱞᱮᱠᱟᱛᱮᱢ ᱩᱭᱦᱟᱹᱨᱟ ᱾
2678,जैसा कि आप जानते हैं कि मैं एक बहुत यात्रा करता हूँ और बहुत सारे फिल्म देखने के लिए।,ᱟᱢᱮᱢ ᱵᱟᱲᱟᱭᱟ ᱤᱧᱫᱚ ᱟᱹᱰᱤᱧ ᱥᱟᱸᱜᱷᱟᱨᱟ ᱟᱨ ᱥᱤᱱᱟᱹᱢᱟᱦᱚᱸ ᱰᱷᱮᱨ ᱤᱧ ᱧᱮᱞᱟ ᱾
2679,"हम जो भी अध्ययन करते हैं, यह हमारे चारों ओर है, हम ऊपर देखने की जरूरत है.","ᱟᱵᱚ ᱡᱟᱦᱟᱸᱱᱟᱜ ᱜᱮᱵᱚᱱ ᱯᱟᱲᱦᱟᱜ, ᱚᱱᱟᱫᱚ ᱟᱵᱚ ᱵᱮᱲᱦᱟᱭᱛᱮᱜᱮ ᱢᱮᱱᱟᱜᱼᱟ, ᱟᱵᱚ ᱚᱱᱟ ᱧᱮᱧᱮᱞ ᱞᱟᱹᱠᱛᱤ ᱠᱟᱱᱟ ᱾"
2680,"इसलिए जो भी हम अध्ययन करते हैं, मैं उन तसवीरों को याद करने की कोशिश करता हूँ और उन जगहों में से कुछ को याद करने की कोशिश करता हूँ, जहाँ मैं जा रहा हूँ ।",ᱚᱱᱟᱛᱮ ᱟᱞᱮ ᱡᱟᱦᱟᱱᱟᱜ ᱜᱮ ᱞᱮ ᱯᱟᱲᱦᱟᱣᱼᱟ ᱚᱱᱟ ᱪᱤᱛᱟᱹᱨ ᱟᱨ ᱴᱷᱟᱶ ᱤᱧᱤᱧ ᱥᱮᱱ ᱟᱠᱟᱱᱟ ᱥᱮ ᱤᱧᱤᱧ ᱧᱮᱞ ᱟᱠᱟᱫᱟ ᱥᱤᱱᱟᱥᱹᱢᱟ ᱨᱮ ᱚᱱᱟᱠᱚ ᱫᱤᱥᱟᱹᱭ ᱨᱮᱭᱟᱜ ᱤᱧ ᱨᱤᱠᱟᱹᱭᱟ ᱟᱨ ᱚᱱᱟᱠᱚ ᱡᱚᱯᱲᱟᱣᱼᱟ ᱾
2681,"उस तरह से यह मेरे लिए एक दृश्य बात की अधिक है, और आप लंबे समय के लिए याद करेंगे.","ᱱᱚᱶᱟ ᱞᱮᱠᱟᱛᱮ ᱱᱚᱶᱟ ᱡᱤᱱᱤᱥ ᱫᱚ ᱤᱧᱴᱷᱮᱱ ᱟᱹᱰᱤ ᱧᱮᱞᱚᱜᱼᱟᱱ ᱠᱟᱱᱟ, ᱟᱨ ᱟᱹᱰᱤ ᱫᱤᱱ ᱦᱟᱹᱵᱤᱡᱽ ᱮᱢ ᱫᱤᱥᱟᱹ ᱰᱟᱲᱮᱭᱟᱜᱼᱟ ᱾"
2682,क्या आपने कभी इस तरह अध्ययन करने की सोची है?,ᱟᱢ ᱡᱟᱦᱟᱸ ᱛᱤᱥᱮᱢ ᱩᱭᱦᱟᱹᱨ ᱟᱠᱟᱫᱟ ᱱᱚᱝᱠᱟ ᱞᱮᱠᱟᱛᱮᱢ ᱯᱟᱲᱦᱟᱜᱼᱟ ᱢᱮᱱᱛᱮ ?
2683,"शायद आप सही हैं, इस विधि कभी कभी मदद करता है.","ᱦᱩᱭ ᱫᱟᱲᱮᱭᱟᱜᱼᱟ ᱟᱢᱮᱢ ᱥᱟᱹᱨᱤᱜᱮᱭᱟ, ᱱᱚᱶᱟ ᱦᱚᱨᱟ ᱠᱤᱪᱷᱤ ᱠᱤᱪᱷᱤ ᱚᱠᱛᱚ ᱜᱚᱲᱚᱭ ᱮᱢᱚᱜᱼᱟ ᱾"
2684,"लेकिन तुम्हें पता है, के लिए मेरे लिए यह बहुत मुश्किल है भूगोल की तरह एक विषय के साथ कनेक्ट करना.","ᱢᱮᱱᱠᱷᱟᱱ ᱟᱢᱮᱢ ᱵᱟᱲᱟᱭᱟ, ᱤᱧ ᱞᱟᱹᱜᱤᱫ ᱫᱚ ᱚᱛᱱᱚᱜ ᱞᱮᱠᱟᱱ ᱥᱟᱛᱟᱢ ᱥᱟᱶ ᱡᱚᱯᱲᱟᱜ ᱫᱚ ᱟᱹᱰᱤ ᱟᱡᱷᱟᱴ ᱜᱮᱭᱟ ᱟᱹᱰᱤ ᱟᱡᱷᱟᱴ ᱜᱮᱭᱟ ᱾"
2685,"शायद यह आपको मोहित करता है क्योंकि आप एक बहुत यात्रा करते हैं, मेरे मामले में, मेरे मामले में, यह सब बस काल्पनिक जानकारी है.","ᱦᱩᱭ ᱫᱟᱲᱮᱭᱟᱜᱼᱟ ᱱᱚᱶᱟᱫᱚ ᱟᱢᱮ ᱨᱤᱡᱷᱟᱹᱣ ᱢᱮᱭᱟ ᱪᱮᱫᱟᱜ ᱥᱮ ᱟᱢᱫᱚ ᱟᱹᱰᱤ ᱟᱴᱮᱢ ᱥᱟᱸᱜᱷᱟᱨᱼᱟ ; ᱤᱧᱟᱹᱜ ᱡᱚᱠᱷᱮᱡᱽ ᱫᱚ, ᱮᱴᱟᱜ ᱥᱮᱡᱽᱛᱮ, ᱱᱚᱶᱟ ᱠᱚᱫᱚ ᱥᱟᱱᱟᱢ ᱩᱭᱦᱟᱹᱨᱟᱱᱟᱜ ᱛᱮᱛᱮᱫ ᱠᱟᱱᱟ ᱾"
2686,"इसके अलावा, हम भारतीय भूगोल को हमारे साइक्लस का एक हिस्सा के रूप में है, और तुम लोग शायद दुनिया की सबसे अच्छी जगहों का अध्ययन करें!","ᱱᱚᱶᱟ ᱪᱷᱟᱰᱟ ᱠᱟᱛᱮᱜ ᱦᱚᱸ, ᱟᱞᱮᱭᱟᱜ ᱯᱚᱲᱦᱚᱱ ᱨᱮᱭᱟᱜ ᱦᱤᱸᱥ ᱞᱮᱠᱟᱛᱮ ᱵᱷᱟᱨᱚᱛ ᱨᱮᱭᱟᱜ ᱚᱛᱱᱚᱜ ᱢᱮᱱᱟᱜᱼᱟ, ᱟᱨ ᱟᱯᱮ ᱠᱚᱫᱚ ᱡᱮᱜᱮᱫ ᱨᱮᱭᱟᱜ ᱥᱚᱨᱮᱥ ᱴᱷᱟᱶᱨᱮ ᱯᱮ ᱯᱟᱲᱦᱟᱜ ᱠᱟᱱᱟ ᱾"
2687,यह हमारे लिए अलग है!,ᱟᱞᱮ ᱠᱚ ᱞᱟᱹᱜᱤᱫ ᱱᱚᱶᱟᱫᱚ ᱵᱷᱮᱜᱟᱨ ᱜᱮᱭᱟ ᱾
2688,"मैं समझ सकता हूँ कि यह एक बिट dfrerable है, लेकिन आप कुछ चयनात्मक विषय के लिए कुछ वीडियो देखने की कोशिश कर सकते हैं, यह भी एक विचार देता है.","ᱤᱧ ᱵᱩᱡᱷᱟᱹᱣ ᱮᱫᱟ ᱱᱚᱶᱟᱫᱚ ᱱᱟᱥᱮ ᱵᱷᱮᱜᱟᱨ ᱜᱮᱭᱟ, ᱢᱮᱱᱠᱷᱟᱱ ᱟᱢ ᱵᱟᱪᱷᱟᱣ ᱟᱠᱟᱱ ᱥᱟᱛᱟᱢ ᱠᱷᱚᱱ ᱠᱤᱪᱷᱤ ᱵᱷᱤᱰᱚᱭᱳ ᱧᱮᱞ ᱨᱮᱭᱟᱜ ᱮᱢ ᱨᱤᱠᱟᱹ ᱫᱟᱲᱮᱭᱟᱜᱼᱟ, ᱚᱱᱟ ᱡᱟᱦᱟᱱᱟᱜ ᱦᱩᱰᱤᱥᱮ ᱮᱢᱚᱜᱼᱟ ᱾"
2689,मैं बहुत ही आरम्भ में उसी तरह से शुरू हुई और फिर विकल्प मिले ।,ᱤᱧᱫᱚ ᱢᱤᱫ ᱞᱮᱠᱟᱛᱮ ᱮᱦᱚᱵ ᱨᱮ ᱮᱦᱚᱵ ᱞᱮᱫᱟ ᱟᱨ ᱤᱱᱟᱹ ᱛᱟᱭᱚᱢ ᱫᱚᱥᱟᱨ ᱦᱚᱨᱟᱧ ᱯᱟᱸᱡᱟ ᱧᱟᱢ ᱞᱮᱫᱟ ᱾
2690,यह एक ऑडियो-वीप बात का अधिक है.,ᱱᱚᱶᱟᱫᱚ ᱚᱰᱤᱭᱳ ᱵᱷᱤᱡᱩᱣᱟᱞ ᱠᱷᱚᱱ ᱰᱷᱮᱨ ᱜᱮᱭᱟ ᱾
2691,आप चाहते हैं कि मैं इस पर आपकी मदद कर सकते हैं।,ᱟᱢᱮᱢ ᱠᱷᱚᱡᱽ ᱠᱷᱟᱱ ᱱᱚᱶᱟᱨᱮ ᱟᱢᱤᱧ ᱜᱚᱲᱚ ᱟᱢᱟ ᱾
2692,"हाँ, मुझे लगता है कि मैं चाहते हैं.","ᱦᱮ, ᱤᱧ ᱚᱱᱟᱢᱟᱱ ᱮᱫᱟ ᱤᱧ ᱱᱚᱶᱟᱧ ᱠᱩᱥᱤᱭᱟᱜᱼᱟ ᱾"
2693,क्या आपको लगता है कि यात्रा इतना विकसित हो गया है कि इस विषय के लिए आपकी इच्छा या क्या यह अन्य रास्ता हो सकता है?,ᱟᱢᱮᱢ ᱢᱚᱱᱮᱭᱟ ᱵᱟᱹᱲᱛᱤ ᱥᱟᱸᱜᱷᱟᱨ ᱫᱚ ᱟᱢᱟᱜ ᱠᱩᱥᱤᱭᱟᱜ ᱥᱟᱛᱟᱢ ᱪᱮᱛᱟᱱ ᱠᱩᱥᱤᱭ ᱯᱷᱚᱴᱮᱞ ᱟᱠᱟᱫᱟ ᱥᱮ ᱱᱚᱶᱟ ᱮᱴᱟᱜ ᱞᱮᱠᱟ ᱦᱩᱭ ᱫᱟᱲᱮᱭᱟᱜᱼᱟ ?
2694,"मेरा मतलब है, क्या यह सब जानकारी मौसम की परिस्थितियों, जगहों, संरचनाओं, और आप बाहर कर रहे हैं जब क्या हाथ नहीं आता?","ᱤᱧ ᱞᱟᱹᱭ ᱟᱪᱚᱭᱮᱫᱟ, ᱟᱢ ᱡᱚᱠᱷᱚᱱ ᱡᱟᱭᱜᱟᱠᱚᱢ ᱯᱟᱸᱡᱟᱭᱟ ᱩᱱᱡᱚᱠᱷᱚᱱ ᱦᱚᱭᱦᱤᱥᱤᱫ ᱨᱮᱭᱟᱜ ᱦᱟᱞᱚᱛ,ᱴᱷᱟᱶ,ᱜᱚᱲᱦᱚᱱ ᱟᱨ ᱪᱮᱫ ᱠᱟᱹᱢᱤᱨᱮ ᱞᱟᱜᱟᱜᱼᱟ ᱥᱮ ᱵᱟᱝ ᱚᱱᱟ ᱵᱟᱨᱮᱛᱮᱱᱟᱜ ᱥᱟᱱᱟᱢ ᱰᱚᱜᱚᱨ ᱠᱚᱫᱚ ᱪᱮᱫ ᱠᱟᱱᱟ ?"
2695,विशेष रूप से भारत में जहाँ देखने के लिए कुछ खास नहीं है!,ᱠᱷᱟᱥ ᱠᱟᱨᱛᱮ ᱵᱷᱟᱨᱚᱛᱨᱮ ᱡᱟᱦᱟᱸᱨᱮ ᱧᱮᱞ ᱞᱮᱠᱟᱱᱟᱜ ᱠᱷᱟᱥ ᱫᱚ ᱵᱟᱹᱱᱩᱜᱼᱟ !
2696,यह वास्तव में मामला नहीं है.,ᱱᱚᱶᱟᱫᱚ ᱟᱥᱚᱞᱨᱮ ᱜᱷᱚᱴᱚᱱ ᱵᱟᱝ ᱠᱟᱱᱟ ᱾
2697,"हम भारत में बहुत कुछ देखने के लिए बहुत कुछ है, सबसे बड़े जलदबो, पहाड़ियों और मैदानों में आप भारत में भी मिलेगा.","ᱵᱷᱟᱨᱚᱛᱨᱮ ᱟᱞᱮᱠᱚ ᱧᱮᱞ ᱞᱟᱹᱜᱤᱫ ᱟᱹᱰᱤ ᱠᱤᱪᱷᱤ ᱢᱮᱱᱟᱜᱼᱟ, ᱵᱟᱹᱲᱛᱤᱜᱮ ᱢᱩᱲᱩᱫ ᱫᱟᱜ ᱥᱚᱸᱛᱟᱞ, ᱵᱩᱨᱩ ᱟᱨ ᱢᱮᱞᱟᱱ ᱚᱛᱮᱫ ᱟᱢ ᱵᱷᱟᱨᱚᱛ ᱨᱮᱦᱚᱢ ᱧᱟᱢᱟ ᱾"
2698,"उदाहरण के लिए अलग - अलग राज्यों से आप देख सकते हैं की तरह, कनेचंजा की तरह, और कई और हैं, एक तरह से एक है और हर सीमा में साझा करने के लिए यह अपनी विशेषता है.","ᱡᱮᱢᱚᱱ ᱫᱟᱹᱭᱠᱟᱹ ᱞᱮᱠᱟᱛᱮ ᱥᱟᱵᱽ ᱢᱮ ᱦᱤᱢᱟᱞᱚᱭ ᱨᱟᱛᱟᱝᱵᱩᱨᱩ ᱟᱢ ᱟᱭᱢᱟ ᱯᱚᱱᱚᱛ ᱠᱷᱚᱱᱮᱢ ᱧᱮᱞ ᱧᱟᱢᱟ ᱡᱮᱞᱮᱠᱟ ᱠᱟᱧᱪᱚᱱᱡᱚᱝᱜᱷᱟ, ᱟᱨ ᱟᱨᱦᱚᱸ ᱟᱭᱢᱟ ᱠᱤᱪᱷᱤ ᱢᱮᱱᱟᱜᱼᱟ, ᱢᱤᱫ ᱞᱮᱠᱟᱱᱟᱜ ᱟᱨ ᱥᱟᱱᱟᱢ ᱨᱮᱧᱡᱽ ᱨᱮᱭᱟᱜ ᱟᱯᱱᱟᱨ ᱜᱩᱱᱠᱚ ᱦᱟᱹᱴᱤᱧ ᱮᱫ ᱞᱮᱠᱟᱱ ᱾"
2699,"पानी की वजह से कई जगहों में भी फूट पड़ जाती है, जहाँ डेल्टा और द्वीपों में पानी की कमी होती है ।",ᱫᱟᱜ ᱥᱚᱛᱟᱞ ᱠᱚᱦᱚᱸ ᱵᱮᱥ ᱠᱤᱪᱷᱤ ᱴᱷᱟᱶᱨᱮ ᱦᱟᱹᱴᱤᱧ ᱨᱮᱭᱟᱜ ᱡᱷᱩᱸᱠ ᱢᱮᱱᱟᱜᱼᱟ ᱡᱟᱦᱟᱸ ᱠᱷᱟᱹᱛᱤᱨᱛᱮ ᱵᱚᱼᱰᱷᱤᱯ ᱟᱨ ᱰᱷᱤᱯᱠᱚ ᱵᱮᱱᱟᱜᱼᱟ ᱾
2700,इन देशों के लोगों में अपनी कुछ अनोखी खासियत होती है ।,ᱚᱱᱟᱠᱚ ᱚᱛᱮᱫ ᱨᱮᱭᱟᱜ ᱟᱱᱯᱱᱟᱨ ᱠᱤᱪᱷᱤ ᱵᱷᱮᱜᱟᱨ ᱜᱩᱱ ᱢᱮᱱᱟᱜᱼᱟ ᱾
2701,"शायद आप सही कह रहे हैं! मुझे याद है भारतीय भूगोल में लीआ वर्ग, और कैसे उसने हमारे लिए एक दिलचस्प चित्र बनाया.","ᱦᱩᱭ ᱫᱟᱲᱮᱭᱟᱜᱼᱟ ᱟᱢᱮᱢ ᱥᱟᱹᱨᱤᱜᱮᱭᱟ ! ᱤᱧ ᱫᱤᱥᱟᱹᱭᱮᱫᱟ ᱵᱷᱨᱚᱛ ᱨᱮᱭᱟᱜ ᱚᱛᱱᱚᱜ ᱪᱮᱛᱟᱱ ᱢᱤᱥᱥ ᱞᱤᱭᱟᱼᱟᱜ ᱠᱞᱟᱥ, ᱟᱨ ᱩᱱᱤ ᱪᱮᱫ ᱞᱮᱠᱟᱛᱮ ᱟᱞᱮ ᱞᱟᱹᱜᱤᱫ ᱢᱤᱫ ᱨᱤᱡᱷᱟᱹᱣᱱᱟ ᱪᱤᱛᱟᱹᱨᱮ ᱠᱷᱚᱫᱟ ᱞᱮᱫᱟ ᱾"
2702,यह कैसे आप विषय को और अधिक दिलचस्प बना सकते हैं अपने दम पर और चाल.,ᱟᱢ ᱟᱢᱛᱮᱜᱮ ᱟᱭᱢᱟ ᱴᱤᱯᱥ ᱟᱨ ᱠᱟᱹᱭᱫᱩᱥ ᱵᱮᱣᱦᱟᱨ ᱠᱟᱛᱮᱜ ᱥᱟᱛᱟᱢ ᱛᱮᱫ ᱟᱨᱦᱚᱸ ᱨᱤᱡᱷᱟᱹᱣ ᱟᱱᱟᱜ ᱮᱢ ᱵᱮᱱᱟᱣ ᱫᱟᱲᱮᱭᱟᱜᱼᱟ ᱾
2703,मुझे लगता है कि दिन के लिए घर छोड़ना पसंद है लेकिन शायद मैं एक खुले दिमाग रखने की कोशिश कर सकते हैं और जिस तरह से आप करते हैं उसे देखने की कोशिश कर सकते हैं.,ᱤᱧᱫᱚ ᱠᱤᱪᱷᱤ ᱫᱤᱱ ᱞᱟᱹᱜᱤᱫ ᱚᱲᱟᱜ ᱵᱟᱹᱜᱤ ᱠᱟᱴᱮᱜ ᱥᱮᱱᱚ ᱫᱚ ᱵᱟᱹᱧ ᱠᱩᱥᱤᱭᱟᱜᱼᱟ ᱮᱱᱠᱷᱟᱱ ᱦᱩᱭ ᱫᱟᱲᱮᱭᱟᱜᱼᱟ ᱤᱧ ᱨᱟᱲᱟ ᱢᱚᱱᱛᱮ ᱛᱟᱦᱮᱱ ᱨᱮᱭᱟᱜ ᱤᱧ ᱨᱤᱠᱟᱹᱭᱟ ᱟᱨ ᱟᱢ ᱞᱮᱠᱟ ᱡᱤᱱᱤᱥ ᱠᱚ ᱧᱮᱞ ᱨᱮᱭᱟᱜ ᱤᱧ ᱨᱤᱠᱟᱹᱭᱟ ᱾
2704,ये प्रदर्शन और फिल्में शायद हाथ से आ जाएँ ।,ᱱᱚᱶᱟ ᱥᱳ ᱟᱨ ᱥᱤᱱᱟᱹᱢᱟ ᱫᱚ ᱟᱞᱜᱟᱛᱮ ᱦᱮᱡᱽ ᱫᱟᱲᱮᱭᱟᱜᱼᱟ ᱾
2705,बहुत धन्यवाद!,"ᱱᱟᱯᱟᱭ ᱠᱟᱛᱷᱟ, ᱦᱳ ! ᱟᱭᱢᱟ ᱥᱟᱨᱦᱟᱣ !"
2706,आपका स्वागत है.,ᱟᱢᱟᱜ ᱥᱟᱹᱜᱩᱱ ᱫᱟᱨᱟᱢ ᱾
2707,"हैलो, मैं एक टैक्सी के बारे में फोन कर रहा हूँ एक यूनिवर्सिटी के होस्टल से मुझे Z वर्गेज में ले जाने के लिए।","ᱦᱮᱞᱳ, ᱤᱧ ᱫᱚ ᱡᱮᱜᱮᱫᱽᱵᱤᱫᱫᱟᱹᱜᱟᱲ ᱠᱷᱚᱱ ᱡᱮᱴ ᱥᱠᱩᱭᱮᱨ ᱢᱚᱞ ᱫᱷᱟᱹᱵᱤᱡᱽ ᱤᱫᱤᱭᱤᱧ ᱞᱟᱹᱜᱤᱫᱽ ᱢᱤᱫᱴᱟᱝ ᱠᱮᱵᱽ ᱵᱩᱠᱤᱝ ᱵᱟᱵᱚᱫᱽᱤᱧ ᱦᱚᱦᱚᱭᱮᱫᱽᱠᱟᱱ ᱛᱟᱦᱮᱸᱠᱟᱱᱟ ᱾"
2708,कैसे जल्द ही मैं एक मिल सकता है?,ᱛᱤᱱᱟᱹᱜ ᱩᱥᱟᱹᱨᱟ ᱤᱧᱫᱚ ᱢᱤᱫᱽᱴᱟᱝᱤᱧ ᱧᱟᱢ ᱫᱟᱲᱮᱭᱟᱜᱼᱟ ?
2709,मैं हमारे एक ड्राइवर को तुरंत अपने पते के लिए भेज सकते हैं.,ᱤᱧ ᱫᱚ ᱟᱹᱰᱤ ᱩᱥᱟᱹᱨᱟ ᱟᱢᱟᱜᱽ ᱴᱷᱤᱠᱟᱹᱱᱟᱨᱮ ᱟᱞᱮᱨᱮᱢ ᱢᱤᱫᱴᱟᱝ ᱰᱨᱟᱭᱵᱷᱟᱨᱤᱧ ᱠᱩᱞᱫᱟᱲᱮᱣᱟᱭᱟ ᱾
2710,तुम कहाँ से उठाया जाना चाहते हो?,ᱚᱠᱟ ᱠᱷᱚᱱᱮ ᱫᱮᱡᱽᱢᱮᱭᱮᱢ ᱠᱷᱚᱡ ᱠᱟᱱᱟ ?
2711,मैं उस मुख्य अहाते में इंतजार करेंगे जो द्वार के बहुत करीब है.,ᱤᱧ ᱫᱚ ᱢᱩᱞ ᱠᱮᱢᱯᱟᱥᱨᱮᱧ ᱛᱟᱹᱜᱤᱭᱟ ᱡᱟᱦᱟᱸ ᱫᱚ ᱵᱚᱞᱚᱱ ᱜᱮᱴ ᱠᱷᱚᱱ ᱟᱹᱰᱤᱜᱤ ᱥᱩᱨ ᱜᱮᱭᱟ ᱾
2712,सुरक्षा गार्ड बिना मुद्दों में आपको जाने देंगे.,ᱥᱮᱠᱩᱴᱤᱨᱤ ᱫᱚ ᱡᱟᱦᱟᱸᱱ ᱟᱱᱟᱴ ᱪᱷᱟᱰᱟᱜᱤᱭ ᱵᱚᱞᱚ ᱩᱪᱩᱣᱟᱢᱟ ᱾
2713,"ओक, टैक्सी परिसर में प्रवेश कर सकते हैं?","ᱴᱷᱤᱠᱜᱮᱭᱟ, ᱠᱮᱵ ᱫᱚ ᱠᱮᱢᱯᱟᱥ ᱵᱷᱤᱛᱨᱤᱨᱮᱭ ᱵᱚᱞᱚᱫᱟᱲᱮᱭᱟᱜᱽᱼᱟ ?"
2714,क्या यह अनुमति है?,ᱚᱱᱟ ᱫᱚ ᱜᱟᱱᱚᱜᱽᱜᱮᱭᱟ ?
2715,हम एक बार एक और विश्‍वविद्यालय के साथ मुसीबत में पड़ गए; मैं सिर्फ यकीन करने के लिए कह रहा हूँ ।,ᱟᱞᱮ ᱫᱚ ᱢᱤᱫᱽᱫᱷᱟᱣ ᱮᱴᱟᱜ ᱡᱮᱜᱮᱫᱽᱵᱤᱫᱫᱟᱹᱜᱟᱲᱨᱮ ᱟᱱᱟᱴᱨᱮᱞᱮ ᱯᱟᱲᱟᱣᱞᱮᱱᱟ; ᱤᱧ ᱫᱚ ᱴᱷᱟᱹᱣᱠᱟᱹᱭ ᱞᱟᱹᱜᱤᱫᱽᱛᱮᱧ ᱠᱩᱞᱤᱠᱟᱱᱟ ᱾
2716,यह ठीक है जब तक वे पहले से सूचना दी जाती है.,"ᱛᱤᱱ ᱦᱟᱹᱵᱤᱡᱽ ᱩᱝᱠᱩ ᱫᱚ ᱞᱟᱦᱟ ᱠᱷᱚᱱ ᱵᱟᱝᱠᱩ ᱵᱟᱰᱟᱭᱩᱪᱩᱜᱽᱠᱟᱱᱟ, ᱚᱱᱟ ᱫᱚ ᱵᱷᱟᱜᱤ ᱾"
2717,मैंने उन्हें अब सूचित किया है ताकि आप में हो रही किसी भी मुसीबत का सामना नहीं होगा.,ᱤᱧ ᱫᱚ ᱩᱝᱠᱩ ᱱᱤᱛᱚᱜᱽᱤᱧ ᱵᱟᱰᱟᱭᱩᱪᱩᱭᱮᱫᱠᱩᱣᱟ ᱚᱱᱟᱛᱮ ᱟᱢ ᱫᱚ ᱡᱟᱦᱟᱸᱱ ᱟᱱᱟᱴ ᱪᱷᱟᱰᱟᱜᱤᱢ ᱵᱚᱞᱚ ᱫᱟᱲᱮᱭᱟᱜᱽᱼᱟ ᱾
2718,"ठीक है, आप मुझे कुछ दस्तावेज़ भेज सकते हैं या यह वैध करने के लिए स्क्रीनशॉट?","ᱴᱷᱤᱠᱜᱮᱭᱟ, ᱟᱢ ᱠᱤ ᱱᱚᱣᱟ ᱥᱟᱹᱵᱤᱫᱽ ᱞᱟᱹᱜᱤᱫᱽ ᱡᱟᱦᱟᱸᱱ ᱰᱚᱠᱩᱢᱮᱱᱴ ᱫᱩᱨᱤᱵᱽ ᱥᱮ ᱥᱠᱨᱤᱱᱥᱦᱚᱨᱴᱮᱢ ᱠᱩᱞ ᱫᱟᱲᱮᱭᱟᱹᱧᱟ ?"
2719,"मैं मुसीबत के लिए माफी चाहता हूँ, लेकिन यह कंपनी नीति है.","ᱟᱱᱟᱴ ᱩᱪᱩᱠᱮᱫᱽᱢᱮ ᱞᱟᱹᱜᱤᱫᱽ ᱤᱠᱟᱹᱧ ᱠᱷᱚᱡᱚᱜᱽ ᱠᱟᱱᱟ, ᱢᱮᱱᱠᱷᱟᱱ ᱱᱤᱭᱟᱹ ᱫᱚ ᱠᱚᱢᱯᱟᱱᱤ ᱨᱮᱭᱟᱜ ᱟᱹᱨᱤ ᱠᱟᱱᱟ ᱾"
2720,मैं इस राज्य में इस राज्य के मार्गदर्शन की एक प्रतिलिपि है.,ᱠᱮᱢᱯᱟᱥ ᱩᱫᱩᱜᱽᱦᱚᱨᱟ ᱨᱮᱭᱟᱜ ᱢᱤᱫᱴᱟᱝ ᱠᱚᱯᱤ ᱤᱧ ᱴᱷᱮᱱ ᱢᱮᱱᱟᱜᱽᱼᱟ ᱡᱟᱦᱟᱸ ᱫᱚ ᱚᱱᱟᱭ ᱞᱟᱹᱭᱟ ᱾
2721,मैं अभी आप के लिए क्या seps पर यह भेजा है.,ᱤᱧ ᱫᱚ ᱱᱤᱛᱜᱤ ᱚᱱᱟ ᱳᱣᱟᱴᱥᱮᱯ ᱨᱮᱧ ᱠᱩᱞᱟᱠᱟᱫᱽᱢᱮᱭᱟ ᱾
2722,"ओह, यह काम करना चाहिए.","ᱴᱷᱤᱠᱜᱮᱭᱟ, ᱚᱱᱟ ᱫᱚᱭ ᱠᱟᱹᱢᱤ ᱫᱟᱲᱮᱭᱟᱜᱽᱼᱟ ᱾"
2723,"भविष्य में सुविधा के लिए, आप बाज़ार में हमारी सेवाओं का लाभ उठाने के लिए एक ऐप का उपयोग कर सकते हैं ।","ᱦᱟᱯᱮᱱᱨᱮ ᱥᱩᱵᱤᱫᱷᱟ ᱞᱟᱹᱜᱤᱫᱽ, ᱠᱮᱢᱯᱟᱥᱨᱮ ᱟᱞᱮᱭᱟᱜ ᱡᱚᱛᱱᱟᱣᱠᱩ ᱧᱟᱢ ᱞᱟᱹᱜᱤᱫᱽ ᱮᱯᱮᱢ ᱵᱮᱵᱚᱦᱟᱨ ᱫᱟᱲᱮᱭᱟᱜᱽᱼᱟ ᱾"
2724,इसे ट्रेव- जाओ तथा गूगल प्लेयर में उपलब्ध है.,ᱚᱱᱟ ᱫᱚ ᱴᱨᱟᱵᱷᱟᱼᱜᱳ ᱠᱩ ᱢᱮᱛᱟᱜᱽᱼᱟ ᱟᱨ ᱚᱱᱟ ᱫᱚ ᱜᱩᱜᱩᱞ ᱯᱞᱮᱥᱴᱳᱨᱨᱮ ᱧᱟᱢᱚᱜᱽᱼᱟ ᱾
2725,यह एक महान सौदा करने में मदद करेगा.,ᱚᱱᱟ ᱫᱚ ᱢᱤᱫᱴᱟᱝ ᱢᱟᱨᱟᱝ ᱪᱩᱠᱛᱤᱭᱨᱮᱭ ᱜᱚᱲᱚᱜᱽᱼᱟ ᱾
2726,क्या तुम सेना के मैदान से परिचित हो?,ᱟᱢ ᱫᱚ ᱪᱮᱫᱽ ᱦᱳᱥᱴᱮᱞ ᱨᱮᱭᱟᱜ ᱦᱩᱫᱤᱥᱴᱷᱤᱠᱟᱹᱱᱟ ᱵᱟᱵᱚᱫᱽᱮᱢ ᱵᱟᱰᱟᱭᱟ ?
2727,"मैं क्षेत्र के लिए नया हूँ, तो मुझे डर है कि मैं विचार का एक बहुत कुछ नहीं है.","ᱤᱧ ᱫᱚ ᱱᱚᱣᱟ ᱮᱞᱟᱠᱟᱨᱮᱧ ᱱᱟᱣᱟᱜᱮᱭᱟ, ᱚᱱᱟᱛᱮ ᱤᱧ ᱫᱚᱧ ᱵᱚᱛᱚᱨᱚᱜᱽᱠᱟᱱᱟ ᱟᱨ ᱤᱧᱟᱜᱽ ᱡᱟᱹᱥᱛᱤ ᱫᱷᱟᱨᱚᱱᱟ ᱦᱚᱸ ᱵᱟᱹᱱᱩᱜᱽᱛᱤᱧᱟ ᱾"
2728,लेकिन मुझे यकीन है कि जो ड्राइवर नियुक्‍त किया जाता है आप के लिए उनके रास्ते के आसपास पता चलेगा.,ᱢᱮᱱᱠᱷᱟᱱ ᱤᱧ ᱫᱚᱧ ᱴᱷᱟᱹᱣᱠᱟᱹᱭᱟ ᱰᱨᱟᱭᱵᱷᱟᱨ ᱡᱟᱦᱟᱸᱭ ᱟᱢ ᱞᱟᱹᱜᱤᱫᱽ ᱮᱢ ᱦᱩᱭᱟᱠᱟᱱ ᱫᱚ ᱚᱱᱟᱠᱩ ᱰᱟᱦᱟᱨᱮ ᱵᱟᱰᱟᱭᱟ ᱾
2729,मैं आप के लिए स्थान भेज देंगे सिर्फ मामले में वह नहीं है.,ᱤᱧ ᱫᱚ ᱟᱢ ᱛᱩᱨᱟᱹᱱᱛ ᱞᱳᱠᱮᱥᱚᱱᱤᱧ ᱠᱩᱞᱟᱢᱟ ᱡᱩᱫᱤ ᱩᱱᱤ ᱫᱚ ᱚᱱᱟᱠᱩ ᱵᱟᱭ ᱠᱚᱨᱟᱣᱟ ᱾
2730,क्या मुझे पहले से पैसा चुकाना है या गंतव्य पर आना है?,ᱤᱧ ᱠᱤ ᱞᱟᱦᱟᱨᱮᱜᱤ ᱴᱟᱠᱟ ᱢᱮᱴᱟᱣ ᱦᱩᱭᱩᱜᱽᱛᱤᱧᱟ ᱥᱮ ᱡᱟᱭᱜᱟ ᱥᱮᱴᱮᱨᱠᱟᱛᱮᱧ ᱢᱮᱴᱟᱣᱟ ?
2731,यही कारण है कि अपने विकल्प है।,ᱚᱱᱟ ᱫᱚ ᱟᱢᱟᱜᱽ ᱠᱩᱥᱤ ᱾
2732,आप या तो पैसा पहले से कर सकते हैं या सवारी के बाद भुगतान कर सकते हैं.,ᱟᱢ ᱫᱚ ᱞᱟᱦᱟᱨᱮᱜᱤ ᱴᱟᱠᱟᱢ ᱢᱮᱴᱟᱣ ᱫᱟᱲᱮᱭᱟᱜᱽᱼᱟ ᱵᱟᱝᱠᱷᱟᱱ ᱫᱮᱡᱽ ᱛᱟᱭᱚᱢ ᱦᱚᱸᱢ ᱢᱮᱴᱟᱣ ᱫᱟᱲᱮᱭᱟᱜᱽᱼᱟ ᱾
2733,"आप के लिए इंतजार करने के लिए टैक्सी की जरूरत है, वहाँ अधिक आरोप होंगे.","ᱡᱩᱫᱤ ᱟᱢ ᱞᱟᱹᱜᱤᱫᱽ ᱠᱮᱵ ᱛᱟᱹᱜᱤᱭ ᱞᱟᱹᱜᱛᱤᱭᱟ, ᱚᱱᱟ ᱞᱟᱹᱜᱤᱫᱽ ᱫᱚᱲᱦᱟᱛᱮ ᱴᱟᱠᱟ ᱞᱟᱜᱟᱜᱽᱼᱟ ᱾"
2734,इसके लिए कोई ज़रूरत नहीं होगी.,ᱚᱱᱟ ᱨᱮᱭᱟᱜ ᱞᱟᱹᱜᱛᱤ ᱵᱟᱹᱱᱩᱜᱽᱼᱟ ᱾
2735,मैं दस मिनट में तैयार हो जाएगा तो मुझे आशा है कि टैक्सी तब तक उपलब्ध हो सकता है.,ᱤᱧ ᱫᱚ ᱑᱐ ᱴᱤᱲᱤᱡᱽᱨᱮᱧ ᱥᱟᱯᱲᱟᱜᱽᱼᱟ ᱟᱨ ᱤᱧ ᱫᱚᱧ ᱟᱥᱚᱜᱽᱼᱟ ᱡᱮ ᱠᱮᱵ ᱫᱚ ᱚᱱᱟ ᱛᱟᱭᱚᱢᱜᱤ ᱧᱟᱢ ᱫᱟᱲᱮᱭᱟᱜᱽᱼᱟ ᱾
2736,"ओक, अपने टैक्सी 15 मिनट में अपने स्थान तक पहुँचने के लिए उम्मीद है.","ᱴᱷᱤᱠᱜᱮᱭᱟ, ᱟᱢᱟᱜᱽ ᱠᱮᱵ ᱫᱚ ᱑᱕ ᱴᱤᱲᱤᱡᱽ ᱨᱮ ᱴᱷᱟᱹᱣᱠᱟᱹᱣᱟᱠᱟᱱ ᱞᱳᱠᱮᱥᱚᱱᱨᱮ ᱥᱮᱴᱮᱨᱚᱜᱽᱼᱟ ᱾"
2737,हमारे टैक्सी सेवा का उपयोग करने के लिए धन्यवाद.,ᱟᱭᱢᱟ ᱥᱟᱨᱦᱟᱣ ᱟᱞᱮᱭᱟᱜᱽ ᱠᱮᱵ ᱵᱮᱵᱚᱦᱟᱨ ᱞᱟᱹᱜᱤᱫᱽᱛᱮ ᱾
2738,"नमस्कार सर, मैं अदार की माँ हूँ.","ᱦᱮᱞᱳ ᱥᱮᱨ, ᱤᱧᱫᱚ ᱟᱫᱚᱨᱥ ᱟᱡᱽ ᱜᱚᱜᱚ ᱾"
2739,मैं अपने बेटे के बारे में कुछ बातों पर चर्चा करने के लिए यहाँ हूँ.,ᱤᱧᱫᱚ ᱤᱧᱨᱮᱱ ᱠᱚᱲᱟ ᱜᱤᱫᱨᱟᱹ ᱵᱟᱵᱚᱛᱽᱛᱮ ᱠᱤᱪᱷᱤ ᱜᱟᱞᱢᱟᱨᱟᱨ ᱞᱟᱹᱜᱤᱫ ᱤᱧ ᱦᱮᱡᱽ ᱟᱠᱟᱱᱟ ᱾
2740,"आप उनके कक्षा के शिक्षक हैं के रूप में, मुझे लगा कि अगर मैं आप के साथ अपनी चिंताओं पर चर्चा करूँ तो यह सबसे अच्छा होगा.","ᱩᱱᱤᱨᱮᱱ ᱢᱟᱪᱮᱫ ᱞᱮᱠᱟᱛᱮ, ᱤᱧᱟᱹᱜ ᱢᱚᱱᱮ ᱦᱩᱭᱟᱠᱟᱱᱟ ᱟᱢ ᱥᱟᱶᱛᱮ ᱤᱧᱟᱹᱜ ᱪᱤᱱᱛᱟᱹᱧ ᱜᱟᱞᱢᱟᱨᱟᱣ ᱞᱮᱠᱷᱟᱱ ᱡᱚᱛᱚᱠᱷᱚᱱ ᱱᱟᱯᱟᱭᱚᱜᱼᱟ ᱾"
2741,अपने आप को आराम से बनाने के लिए.,ᱟᱢᱛᱮ ᱡᱩᱛᱩᱜ ᱢᱮ ᱾
2742,आप किस बारे में बात करना चाहेंगे?,ᱟᱢ ᱪᱮᱫ ᱜᱟᱯᱟᱞᱢᱟᱨᱟᱣ ᱥᱟᱱᱟᱭᱮᱫ ᱢᱮᱭᱟ ?
2743,मैं अपने बेटे की बढ़ती लत के बारे में चिंतित हूँ मोबाइल फोन और वीडियो खेल.,ᱤᱧᱫᱚ ᱤᱧᱨᱮᱱ ᱠᱚᱲᱟ ᱜᱤᱫᱨᱟᱹ ᱟᱜ ᱢᱳᱵᱟᱭᱤᱞ ᱯᱷᱳᱱ ᱟᱨ ᱶᱷᱤᱰᱤᱳ ᱜᱮᱢ ᱨᱮ ᱡᱷᱩᱸᱠ ᱤᱫᱤ ᱠᱟᱛᱮᱧ ᱪᱤᱱᱛᱟᱹ ᱜᱮᱭᱟ ᱾
2744,वह हमेशा फोन पर खेल खेलने में व्यस्त रहता है.,ᱩᱱᱤᱫᱚ ᱥᱟᱨᱟ ᱜᱷᱟᱹᱲᱤ ᱯᱷᱳᱱᱨᱮ ᱜᱮᱢ ᱠᱷᱮᱞᱨᱮ ᱡᱚᱦᱚᱲᱮ ᱛᱟᱦᱮᱸᱱᱟ ᱾
2745,और मैं उसकी सेहत और उसके अध्ययन के बारे में भी चिंतित हूँ ।,ᱟᱨ ᱤᱧᱫᱤ ᱥᱟᱹᱨᱤᱜᱮ ᱩᱱᱤᱭᱟᱜ ᱥᱟᱶᱟᱨ ᱟᱨ ᱯᱟᱲᱦᱟᱜ ᱤᱫᱤ ᱠᱟᱛᱮᱧ ᱪᱤᱱᱛᱟᱹ ᱜᱮᱭᱟ ᱾
2746,"ओह, यह अजीब है.","ᱳᱦ, ᱱᱚᱶᱟᱫᱚ ᱪᱤᱱᱛᱟ, ᱟᱱᱟᱜᱼᱜᱮ ᱾"
2747,यह लत इन युवा बच्चों के बीच बढ़ रही है.,ᱠᱟᱴᱤᱡᱽ ᱜᱤᱫᱨᱟᱹᱠᱩ ᱢᱩᱫᱽᱨᱮ ᱱᱚᱶᱟ ᱡᱷᱩᱸᱠ ᱵᱟᱹᱲᱛᱤ ᱤᱫᱤᱜ ᱠᱟᱱᱟ ᱾
2748,आप इस समस्या से निपटने के लिए उसे में कुछ मज़ेदार शौक बनाने की कोशिश करनी चाहिए.,ᱱᱚᱶᱟ ᱟᱡᱷᱟᱴ ᱴᱮᱠᱟᱣ ᱞᱟᱹᱜᱤᱫ ᱩᱱᱤ ᱴᱷᱮᱱ ᱠᱤᱪᱷᱤ ᱨᱟᱹᱥᱠᱟᱹ ᱟᱱ ᱥᱚᱠ ᱠᱚ ᱥᱮᱞᱮᱫ ᱟᱭ ᱨᱮᱭᱟᱜ ᱨᱤᱠᱟᱹᱭ ᱢᱮ ᱾
2749,अंदर अच्छे शौक?,ᱡᱮᱞᱮᱠᱟ ᱱᱟᱯᱟᱭ ᱥᱚᱠ ?
2750,क्या आप मुझे कुछ सुझाव दे सकते हैं?,ᱟᱟᱢ ᱪᱮᱫ ᱠᱤᱪᱷᱤ ᱱᱟᱯᱟᱭ ᱫᱤᱥ ᱦᱩᱫᱤᱥᱮᱢ ᱮᱢ ᱫᱟᱲᱮᱭᱟᱹᱧᱟ ?
2751,आपको उसे प्रोत्साहित करना चाहिए कि उसकी स्वतंत्र समय पर कहानी पुस्तकें पढ़ें ।,ᱟᱢᱟᱜ ᱫᱚ ᱞᱟᱹᱠᱛᱤ ᱠᱟᱱᱟ ᱯᱷᱨᱤ ᱴᱟᱭᱤᱢᱨᱮ ᱩᱱᱤ ᱠᱟᱹᱦᱤᱱᱤ ᱯᱩᱛᱷᱤ ᱠᱚ ᱯᱟᱲᱦᱟᱣ ᱨᱮ ᱩᱫᱜᱟᱹᱣ ᱞᱟᱹᱜᱤᱫ ᱾
2752,"यह मेरे विचार में, एक विद्यार्थी के लिए सर्वोत्तम शौक है ।","ᱤᱧᱟᱹᱜ ᱠᱟᱛᱷᱟ ᱞᱮᱠᱟᱛᱮ, ᱱᱚᱶᱟᱫᱚ ᱡᱚᱛᱚᱠᱷᱚᱱ ᱱᱟᱯᱟᱭ ᱥᱚᱠ ᱠᱟᱱᱟ, ᱯᱟᱹᱴᱷᱣᱟᱹ ᱠᱚ ᱞᱟᱹᱜᱤᱫ ᱾"
2753,"इसके अलावा, मोबाइल ग्रिंग से उसे दूर पाने के लिए, आप उसे एक खेलीमा में भर्ती हो सकते हैं।","ᱱᱚᱶᱟ ᱪᱷᱟᱰᱟ ᱠᱟᱛᱮᱜ, ᱩᱱᱤ ᱢᱳᱵᱟᱭᱤᱞ ᱜᱮᱢ ᱠᱷᱚᱱ ᱥᱟᱦᱟᱭᱮ ᱫᱚᱦᱚᱭ ᱞᱟᱹᱜᱤᱫ, ᱟᱢ ᱩᱱᱤ ᱥᱯᱳᱨᱴᱥ ᱮᱠᱟᱰᱮᱢᱤᱨᱮᱢ ᱵᱷᱚᱨᱛᱤ ᱫᱟᱲᱮᱟᱭᱟ ᱾"
2754,"खेल कला, नृत्य, क्रिकेट, इत्यादि कर रहे हैं कुछ अच्छे खेल वह कोशिश कर सकते हैं.","ᱩᱱᱤᱫᱚ ᱢᱟᱨᱥᱟᱞ ᱟᱨᱴᱥ,ᱯᱟᱭᱨᱟᱜ,ᱠᱨᱤᱠᱮᱴ ᱮᱢᱟᱱ ᱛᱮᱭᱟᱜ ᱵᱷᱟᱜᱮ ᱠᱷᱮᱞᱚᱱᱰ ᱠᱚᱭ ᱨᱤᱠᱟᱹ ᱫᱟᱲᱮᱭᱟᱜᱼᱟ ᱾"
2755,"उस तरह, वह भी ठीक रहेगा ।","ᱱᱚᱶᱟᱛᱮ, ᱟᱡᱽᱦᱚᱸ ᱯᱷᱤᱴᱮ ᱛᱟᱦᱮᱸᱱᱟ ᱾"
2756,"जब वह खेल नहीं खेल रहा होता है, वह आम तौर पर कुछ गायन वास्तविकता के वीडियो देखता है ।","ᱩᱱᱤ ᱡᱚᱠᱷᱚᱱ ᱜᱮᱢ ᱵᱟᱭ ᱠᱷᱮᱞᱟ, ᱩᱱᱤᱫᱚ ᱥᱟᱫᱷᱟᱨᱚᱱᱚᱛᱚ ᱥᱮᱨᱮᱧ ᱨᱤᱭᱟᱞᱤᱴᱤ ᱥᱳ ᱨᱮᱭᱟᱜ ᱵᱷᱤᱰᱤᱳ ᱠᱚᱭ ᱧᱮᱞᱟ ᱾"
2757,इसलिए मुझे लगा कि उसे संगीत में दिलचस्पी लेनी चाहिए ।,"ᱚᱱᱟᱛᱮ, ᱤᱧᱟᱹᱜ ᱢᱚᱱᱮ ᱦᱩᱭᱩᱜ ᱟᱠᱟᱱᱟ ᱩᱱᱤᱫᱚ ᱥᱮᱨᱮᱧ ᱪᱮᱛᱟᱱ ᱡᱷᱩᱸᱠ ᱢᱮᱱᱟᱜ ᱛᱟᱭᱟ ᱾"
2758,क्या मुझे उसे संगीत स्कूल में बुलानी चाहिए?,ᱪᱮᱫ ᱩᱱᱤ ᱥᱮᱨᱮᱧ ᱤᱛᱩᱱ ᱟᱥᱲᱟᱨᱮ ᱵᱷᱚᱨᱛᱤ ᱠᱟᱭ ᱤᱧᱟᱹᱜ ᱞᱟᱹᱠᱛᱤ ᱠᱟᱱᱟ ?
2759,क्या यह उसके लिए एक सकारात्मक शौक होगा?,ᱪᱮᱫ ᱩᱱᱤ ᱞᱟᱹᱜᱤᱫ ᱵᱷᱟᱜᱮ ᱟᱱᱟᱜ ᱥᱚᱠ ᱦᱩᱭ ᱫᱟᱲᱮᱭᱟᱜᱼᱟ ?
2760,"यह एक बहुत बड़ा शौक होगा, इसमें कोई शक नहीं ।","ᱱᱚᱶᱟᱫᱚ ᱢᱤᱫ ᱱᱟᱯᱟᱭ ᱦᱚᱵᱤ ᱦᱩᱭᱩᱜᱼᱟ, ᱱᱚᱶᱟᱨᱮ ᱫᱚ ᱪᱮᱫ ᱦᱤᱫᱤᱡᱽ ᱜᱮ ᱵᱟᱹᱱᱩᱜᱼᱟ ᱾"
2761,आप ऐसा कर सकते हैं.,ᱟᱢ ᱱᱚᱶᱟᱢ ᱠᱚᱨᱟᱣ ᱫᱟᱲᱮᱭᱟᱜᱼᱟ ᱾
2762,लेकिन आपको भी यकीन है कि वह बाहर चला जाता है और अन्य बच्चों के साथ खेलने की जरूरत है.,ᱢᱮᱱᱠᱷᱟᱱ ᱟᱢ ᱱᱚᱶᱟᱦᱚᱸ ᱴᱷᱟᱹᱣᱠᱟᱹ ᱦᱩᱭᱩᱜ ᱛᱟᱢᱟ ᱡᱮ ᱩᱱᱤ ᱵᱟᱨᱦᱮᱭ ᱪᱟᱞᱟᱜᱼᱟ ᱟᱨ ᱮᱴᱟᱜ ᱜᱤᱫᱨᱟᱹ ᱠᱚ ᱥᱟᱶᱛᱮᱭ ᱠᱷᱮᱞᱼᱟ ᱾
2763,उसे बाहर की दुनिया और इसके आनन्द को देखने की ज़रूरत है ।,ᱩᱱᱤ ᱫᱚ ᱵᱟᱨᱦᱮ ᱨᱮᱭᱟᱜ ᱡᱮᱜᱮᱫ ᱟᱨ ᱚᱱᱟ ᱨᱮᱭᱟᱜ ᱨᱟᱹᱥᱠᱟᱹᱭ ᱧᱮᱞ ᱢᱟ ᱾
2764,"जी हाँ, मैं उसे हर शाम हमारे सबसे नज़दीकी नाटक तक ले जाने की सोच रहा हूँ ।","ᱦᱮᱸ, ᱤᱧ ᱢᱚᱱᱮᱭᱮᱫᱟ ᱟᱞᱮ ᱥᱩᱨ ᱨᱮᱭᱟᱜ ᱠᱷᱮᱞᱚᱸᱰ ᱢᱟᱴᱷᱨᱮ ᱩᱱᱤ ᱤᱫᱤᱭ ᱨᱮᱭᱟᱜ ᱠᱟᱛᱷᱟ ᱾"
2765,और मैं उसे एक संगीत स्कूल में भी भर्ती कर दूँगा.,ᱟᱨ ᱤᱧ ᱩᱱᱤᱤ ᱢᱤᱫᱴᱟᱝ ᱥᱮᱨᱮᱧ ᱟᱥᱲᱟᱨᱮᱧ ᱵᱷᱩᱨᱛᱤ ᱮᱭᱟ ᱾
2766,मुझे आशा है कि यह एक फ़र्क पड़ता है.,ᱤᱧ ᱟᱥᱚᱜ ᱠᱟᱹᱱᱟᱹᱧ ᱱᱚᱶᱟᱫᱚ ᱱᱟᱥᱮ ᱱᱟᱜ ᱮ ᱵᱷᱮᱜᱟᱨᱟ ᱾
2767,मैं उसे कुछ अच्छे कॉमिक पुस्तकें और साथ ही कि उसे पढ़ने में दिलचस्पी हो.,ᱤᱧ ᱩᱱᱤ ᱠᱤᱪᱷᱤ ᱵᱷᱟᱜᱮ ᱠᱚᱢᱤᱠ ᱯᱚᱛᱚᱵ ᱤᱧ ᱠᱤᱨᱤᱧᱟᱭᱟ ᱡᱟᱦᱟᱸᱛᱮ ᱩᱱᱤ ᱯᱚᱛᱚᱵ ᱯᱟᱲᱦᱟᱣ ᱥᱮᱡᱽᱼᱮ ᱞᱟᱣᱮᱨᱚᱜ ᱾
2768,"जी हाँ, यह आपका पहला कदम होना चाहिए ।","ᱦᱮᱸ, ᱱᱚᱶᱟᱫᱚ ᱟᱢᱟᱜ ᱯᱳᱭᱞᱳ ᱯᱟᱹᱣᱲᱤ ᱦᱩᱭᱩᱜ ᱛᱟᱢᱟ ᱾"
2769,"मुझे लगता है कि ऐसा करने के बाद, वह इन बातों में दिलचस्पी पाएगा.","ᱤᱧ ᱢᱚᱱᱮᱭᱟ ᱱᱤᱭᱟᱹ ᱠᱚᱨᱟᱣ ᱛᱟᱭᱚᱢ, ᱩᱱᱤ ᱱᱚᱶᱟᱨᱮ ᱜᱚᱨᱚᱡᱮ ᱯᱟᱸᱡᱟ ᱧᱟᱢᱼᱟ ᱾"
2770,क्या तुम्हारे पास कोई और चारा है?,ᱟᱢᱟᱜ ᱪᱮᱫ ᱟᱨ ᱡᱟᱦᱟᱱ ᱠᱩᱠᱞᱤ ᱢᱮᱱᱟᱜᱼᱟ ?
2771,"नहीं, सर, कि मैं बात करना चाहता था.","ᱵᱟᱝ, ᱥᱮᱨ, ᱱᱚᱶᱟᱠᱚ ᱜᱮ ᱤᱧ ᱜᱟᱯᱟᱞᱢᱟᱨᱟᱣ ᱤᱧ ᱠᱷᱚᱡᱚᱜ ᱠᱟᱱ ᱛᱟᱦᱮᱸᱜ ᱾"
2772,अपने सुझावों के लिए आपका बहुत - बहुत शुक्रिया ।,ᱟᱭᱢᱟ ᱥᱟᱨᱦᱟᱣ ᱟᱢᱟᱜ ᱥᱟᱞᱦᱟ ᱞᱟᱹᱜᱤᱫ ᱾
2773,आपका स्वागत है.,ᱟᱢᱟᱜ ᱥᱟᱹᱜᱩᱱ ᱫᱟᱨᱟᱢ ᱾
2774,यदि मामला वही रह जाता है तो फिर से आओ.,ᱟᱨᱦᱚᱸ ᱦᱤᱡᱩᱜ ᱡᱩᱫᱤ ᱮᱴᱠᱮᱴᱚᱸᱲᱮ ᱱᱚᱝᱠᱟᱜᱮ ᱛᱟᱦᱮᱸᱱ ᱠᱷᱟᱱ ᱾
2775,"हाँ, ज़रूर.","ᱦᱮᱸ, ᱥᱟᱹᱨᱤᱜᱮ ᱾"
2776,"हाय, आप इस विश्‍वविद्यालय के लिए नए हैं?","ᱮᱭ, ᱟᱢ ᱪᱮᱫ ᱱᱚᱶᱟ ᱡᱮᱜᱮᱫ ᱵᱤᱨᱫᱟᱹᱜᱟᱲᱨᱮᱢ ᱱᱟᱶᱟ ᱜᱮᱭ ? ?ᱟ ?"
2777,"हाँ, मैं इस साल दर्ज की.","ᱦᱮ, ᱤᱧ ᱱᱤᱭᱟᱹ ᱥᱮᱨᱢᱟ ᱜᱮᱧ ᱵᱷᱩᱨᱛᱤ ᱟᱠᱟᱱᱟ ᱾"
2778,आपके बारे में क्या?,ᱟᱨ ᱟᱢᱟᱜ ᱠᱷᱚᱵᱚᱨ ᱫᱚ ᱪᱮᱫ ?
2779,मुझे भी.,ᱤᱧᱦᱚᱸ ᱾
2780,मैं भी इस साल में शामिल हो गया है.,ᱤᱧᱦᱚᱸ ᱱᱤᱭᱟᱹ ᱥᱮᱨᱢᱟ ᱜᱮᱧ ᱥᱮᱞᱮᱫ ᱟᱠᱟᱱᱟ ᱾
2781,आपका Windows Live कूटशब्द क्या है?,ᱪᱮᱫ ᱛᱟᱢ ᱧᱩᱛᱩᱢ ?
2782,और कौन क्लब आप शामिल किया था?,ᱟᱨ ᱚᱠᱟᱴᱟᱜ ᱠᱞᱟᱵᱽ ᱨᱮᱢ ᱥᱮᱞᱮᱫ ᱟᱠᱟᱱᱟ ?
2783,"मैं डेन्य्रा हूँ, और मैं खेल क्लब में शामिल हो गया.","ᱤᱧᱫᱚ ᱫᱮᱵᱮᱱᱫᱨᱚ, ᱟᱨ ᱤᱧᱫᱚ ᱥᱯᱳᱨᱴ ᱠᱞᱟᱵᱽ ᱨᱮᱧ ᱥᱮᱞᱮᱫ ᱟᱠᱟᱱᱟ ᱾"
2784,आपके बारे में क्या?,ᱟᱢᱟᱜ ᱠᱷᱚᱵᱚᱨ ᱫᱚ ᱪᱮᱫ ?
2785,मैं संगीत क्लब में शामिल हो गया.,ᱤᱧᱫᱚ ᱥᱮᱨᱮᱧ ᱠᱞᱟᱵᱽ ᱨᱮᱧ ᱥᱮᱞᱮᱫ ᱟᱠᱟᱱᱟ ᱾
2786,क्या आप खेल के सभी प्रकार में दिलचस्पी रखते हैं?,ᱟᱢᱫᱚ ᱥᱟᱱᱟᱢ ᱞᱮᱠᱟᱱ ᱠᱷᱮᱞᱚᱸᱰ ᱜᱮᱢ ᱜᱚᱨᱚᱡᱟᱜᱼᱟ ?
2787,"नहीं, वास्तव में, मैं खेलों से मोरिंग में अधिक रुचि रखता हूँ.","ᱵᱟᱝ, ᱤᱧᱫᱚ ᱥᱟᱨᱤᱭᱟᱜ ᱨᱮ ᱠᱦᱮᱞᱚᱸᱰ ᱠᱷᱚᱱ ᱵᱟᱭᱤᱠ ᱪᱟᱞᱟᱣ ᱨᱮ ᱵᱟᱹᱲᱛᱤ ᱜᱚᱨᱚᱡᱽ ᱢᱮᱱᱟᱜ ᱛᱤᱧᱟ ᱾"
2788,"मैं लंबे मील की सवारी करना चाहते हैं, यह मेरे शौक है.","ᱤᱧᱫᱚ ᱡᱮᱞᱮᱧ ᱢᱟᱭᱤᱞ ᱦᱟᱹᱵᱤᱡᱽ ᱨᱟᱭᱤᱰ ᱤᱧ ᱠᱩᱥᱤᱭᱟᱜᱼᱟ, ᱱᱚᱶᱟᱫᱚ ᱤᱧᱟᱹᱜ ᱥᱚᱠ ᱠᱟᱱᱟ ᱾"
2789,"लेकिन अन्य कुछ भी नहीं है कि खेल के अलावा मुझे पसंद करता है, इसलिए मैं इसमें शामिल हो गया.","ᱢᱮᱱᱠᱷᱟᱱ ᱠᱷᱮᱞᱚᱸᱰ ᱪᱷᱟᱰᱟ ᱱᱚᱰᱮ ᱤᱧᱟᱹᱜ ᱠᱩᱥᱤᱭᱟᱜ ᱞᱮᱠᱟ ᱪᱮᱫ ᱦᱚᱸ ᱵᱟᱹᱱᱩᱜᱼᱟ, ᱚᱱᱟᱛᱮ ᱤᱧ ᱱᱚᱣᱟᱨᱮᱧ ᱥᱮᱞᱮᱫ ᱟᱠᱟᱱᱟ ᱾"
2790,मैं कभी कभी फुटबॉल खेलते हैं.,ᱤᱧᱫᱚ ᱡᱟᱦᱟᱸ ᱛᱤᱱᱠᱚᱨᱮ ᱯᱷᱩᱴᱵᱚᱞ ᱤᱧ ᱠᱷᱮᱞᱟ ᱾
2791,"ओह, सच में?","ᱳᱦ, ᱥᱟᱹᱨᱤᱜᱮ ?"
2792,तो तुम्हें इतना रोमांचक होना चाहिए!,ᱟᱢᱫᱚ ᱮᱱᱠᱷᱟᱱ ᱟᱹᱰᱤ ᱫᱤᱞᱼᱟᱱ ᱦᱩᱭ ᱟᱢᱟ !
2793,"हाँ, आप कह सकते हैं कि.","ᱦᱮᱸ, ᱟᱢᱮᱢ ᱞᱟᱹᱭ ᱫᱟᱲᱮᱭᱟᱜᱼᱟ ᱾"
2794,मैं वास्तव में इन जोखिम भरे खेलों में नहीं हूँ.,ᱤᱧᱫᱚ ᱱᱚᱝᱠᱟᱱ ᱫᱤᱞᱼᱟᱱ ᱠᱷᱮᱞᱚᱸᱰ ᱨᱮᱫᱚ ᱵᱟᱹᱱᱩᱧᱟ ᱾
2795,तुम लोग यह कैसे करते हो?,ᱟᱯᱮᱫᱚ ᱪᱮᱫ ᱞᱮᱠᱟᱛᱮ ᱯᱮ ᱠᱚᱨᱟᱣᱼᱟ ᱾
2796,आप डर नहीं है?,ᱵᱟᱯᱮ ᱵᱚᱛᱚᱨᱚᱜᱼᱟ ?
2797,"नहीं, baking डर नहीं है... ... और मैं भी एक भयानक घुड़सवार नहीं हूँ.","ᱵᱟᱝ, ᱵᱟᱭᱤᱠ ᱪᱟᱞᱟᱣ ᱫᱚ ᱵᱟᱝ ᱵᱚᱛᱚᱨᱟ ᱟᱨ ᱤᱧᱫᱚ ᱚᱱᱠᱟᱱ ᱵᱚᱛᱚᱨᱟᱱ ᱵᱟᱭᱤᱠ ᱪᱟᱞᱟᱣᱤᱡᱽ ᱫᱚ ᱵᱟᱝ ᱠᱟᱱᱟᱹᱧ ᱾"
2798,"आपको यह कोशिश करनी चाहिए; जब सड़क खाली और सुन्दर हो, तब यह शांतिपूर्ण है ।",ᱟᱢ ᱱᱚᱶᱟᱢ ᱠᱚᱨᱟᱣ ᱫᱟᱲᱮᱭᱟᱜᱼᱟ ; ᱰᱟᱦᱟᱨ ᱡᱚᱠᱷᱚᱱ ᱯᱷᱟᱸᱠᱟ ᱟᱨ ᱢᱚᱡᱽ ᱦᱩᱭ ᱞᱮᱱᱠᱷᱟᱱ ᱱᱚᱶᱟᱫᱚ ᱱᱟᱯᱟᱭᱚᱜᱼᱟ ᱾
2799,"वैसे, क्या आपके शौक गा रहे हैं?","ᱡᱟᱦᱟᱸᱭᱮᱱᱜᱮ, ᱥᱮᱨᱮᱧᱫᱚ ᱟᱢᱟᱜ ᱥᱚᱠ ᱠᱟᱱᱟ ?"
2800,"हाँ, मैं गाना पसंद है.","ᱦᱮᱸ, ᱤᱧᱫᱚ ᱥᱮᱨᱮᱧ ᱤᱧ ᱠᱩᱥᱤᱭᱟᱜᱼᱟ ᱾"
2801,"आप रास्ते से, कैसे पता था?","ᱡᱟᱦᱟᱸᱭᱮᱱ ᱜᱮ, ᱟᱢᱫᱚ ᱪᱮᱠᱟᱛᱮᱢ ᱵᱟᱰᱟᱭ ᱠᱮᱫᱟ ?"
2802,"नहीं, मैं अभी पूछा, जैसा कि आप ने कहा, आप संगीत क्लब में शामिल हो गए.","ᱵᱟᱝ, ᱤᱧᱫᱚ ᱠᱷᱟᱹᱞᱤᱧ ᱠᱩᱞᱤᱭᱮᱫ ᱢᱮᱭᱟ, ᱟᱢᱮᱢ ᱞᱟᱹᱭ ᱞᱮᱫᱟ, ᱤᱧᱫᱚ ᱥᱮᱨᱮᱧ ᱠᱞᱟᱵ ᱨᱮᱧ ᱥᱮᱞᱮᱫ ᱟᱠᱟᱱᱟ ᱾"
2803,आप किस तरह के संगीत करते हैं?,ᱚᱠᱟ ᱞᱮᱠᱟᱱ ᱥᱮᱨᱮᱧ ᱠᱚ ᱟᱢᱮᱢ ᱥᱮᱨᱮᱧᱟ ?
2804,मुझे ए जैसा गीत गाना पसंद है.,ᱤᱧᱫᱚ ᱥᱟᱱᱛᱟᱞᱤ ᱥᱮᱨᱮᱧᱤᱧ ᱠᱩᱥᱤᱭᱟᱜᱼᱟ ᱾
2805,लेकिन मैं दूसरी भाषाओं में भी गीत गा रही हूँ ।,ᱢᱮᱱᱠᱷᱟᱱ ᱤᱧᱫᱚ ᱮᱴᱟᱜ ᱯᱟᱹᱨᱥᱤᱛᱮ ᱦᱚᱸᱧ ᱥᱮᱨᱮᱧᱟ ᱾
2806,गायन मेरा मन शांत बनाता है.,ᱥᱮᱨᱮᱧᱫᱚ ᱤᱧᱟᱹᱜ ᱢᱚᱱᱮ ᱢᱟᱹᱦᱤᱨᱟ ᱾
2807,मुझे गीत सुनने और कि गायन मेरे शौक बन गया कैसे प्यार करता है.,ᱤᱧᱫᱚ ᱥᱮᱨᱮᱧ ᱟᱸᱡᱚᱢᱤᱧ ᱠᱩᱥᱤᱭᱟᱜᱼᱟ ᱟᱨ ᱱᱚᱝᱠᱟ ᱛᱮᱜᱮ ᱥᱮᱨᱮᱧ ᱫᱚ ᱤᱧᱟᱹᱜ ᱥᱚᱠ ᱦᱩᱭᱟᱠᱟᱱᱟ ᱾
2808,मुझे अपने शौक के बारे में और अधिक बताओ.,ᱟᱢᱟᱜ ᱥᱚᱠ ᱤᱫᱤ ᱠᱟᱛᱮᱜ ᱟᱨᱦᱚᱸ ᱞᱟᱹᱭᱟᱹᱧ ᱢᱮ ᱾
2809,"वाह, यह अद्भुत है.","ᱵᱟᱵᱼᱵᱟ, ᱪᱮᱫ ᱦᱟᱦᱟᱲᱟ ᱾"
2810,"जैसा मैंने तुमसे कहा था, मैं अपनी साइकिल पर लंबी मील की सवारी करना पसंद है.","ᱟᱢᱤᱧ ᱞᱟᱹᱭ ᱟᱠᱟᱫ ᱢᱮᱭᱟ, ᱤᱧᱫᱚ ᱤᱧᱟᱹᱜ ᱢᱚᱴᱚᱨᱜᱟᱹᱰᱤᱛᱮ ᱟᱹᱰᱤ ᱥᱟᱹᱜᱤᱧ ᱢᱟᱭᱤᱞ ᱪᱟᱞᱟᱜ ᱤᱧ ᱠᱩᱥᱤᱭᱟᱜᱼᱟ ᱾"
2811,मैं अधिकतर अपने समूह के साथ सप्ताहांत के दौरान बाहर जाना.,ᱤᱧ ᱟᱹᱰᱤ ᱚᱠᱛᱚᱜᱮ ᱦᱟᱯᱛᱟᱨᱮ ᱤᱧᱟᱹᱜ ᱜᱟᱫᱮᱞ ᱥᱟᱶᱛᱮᱧ ᱳᱰᱳᱠᱚᱜᱼᱟ ᱾
2812,क्या आप कभी हमारे साथ आना चाहेंगे?,ᱟᱢ ᱡᱟᱦᱟᱸ ᱛᱤᱱ ᱠᱚᱨᱮ ᱟᱞᱮ ᱥᱟᱶᱛᱮᱢ ᱦᱤᱡᱩᱜᱼᱟ ?
2813,"हाँ, बिल्कुल, क्यों नहीं?","ᱦᱮᱸ, ᱥᱟᱹᱨᱤᱜᱮ, ᱪᱮᱫᱟᱜ ᱵᱟᱝ ?"
2814,मुझे लगता है कि किसी दिन कोशिश करना अच्छा लगेगा.,ᱤᱧ ᱡᱟᱦᱟᱸᱛᱤᱥ ᱱᱚᱶᱟ ᱨᱤᱠᱟᱹᱧ ᱠᱷᱚᱡᱽ ᱠᱟᱱᱟ ᱾
2815,"Ok, मैं अगली बार आप को बता देंगे हम एक सवारी पर बाहर जाना।","ᱴᱷᱤᱠ ᱜᱮᱭᱟ, ᱤᱧ ᱞᱟᱹᱭ ᱟᱢᱟ ᱛᱟᱭᱚᱢᱛᱮ ᱟᱞᱮ ᱵᱟᱨᱦᱮ ᱨᱟᱭᱤᱰ ᱞᱮ ᱪᱟᱞᱟᱜ ᱠᱷᱟᱱ ᱾"
2816,आपकी पसंदीदा मंज़िल क्या है?,"ᱡᱟᱦᱟᱸᱭᱮᱱ ᱜᱮ, ᱟᱢᱟᱜ ᱠᱩᱥᱤᱭᱟᱜ ᱡᱚᱥᱼᱴᱷᱟᱶ ᱫᱚ ᱪᱮᱫ ᱠᱟᱱᱟ ?"
2817,हम अकसर मेगाया जाते हैं और सड़कों और जगहों में सुंदर हैं ।,ᱟᱞᱮᱫᱚ ᱡᱟᱣᱜᱮ ᱢᱮᱜᱷᱟᱞᱚᱭᱞᱮ ᱪᱟᱞᱟᱜᱼᱟ ᱪᱮᱫᱟᱜ ᱥᱮ ᱚᱸᱰᱮᱫᱚ ᱦᱚᱨ ᱟᱨ ᱴᱷᱟᱶ ᱵᱟᱱᱟᱨᱜᱮ ᱱᱟᱯᱟᱭᱟ ᱾
2818,"वाह, यह अद्भुत है.","ᱳ, ᱟᱹᱰᱤ ᱱᱟᱯᱟᱭ ᱾"
2819,"मैं तो, सुनिश्चित करने के लिए अगली बार आ जाएगा.","ᱮᱱᱠᱷᱟᱱ ᱤᱧᱫᱚ ᱛᱟᱭᱚᱢ ᱫᱟᱨᱟᱢ ᱫᱚᱧ ᱦᱤᱡᱩᱜ ᱠᱟᱱ ᱜᱮᱭᱟ,ᱥᱟᱹᱨᱤᱜᱮ !"
2820,ज़रूर!,ᱥᱟᱹᱨᱤ ᱜᱮ !
2821,"सुप्रभात, हर किसी को.","ᱥᱮᱛᱟᱜ ᱡᱚᱦᱟᱨ, ᱡᱚᱛᱚᱠᱩᱜᱤ ᱾"
2822,"जैसा कि आप सभी जानते हैं, यह 5 जून है, जो विश्व पर्यावरण दिन के रूप में देखा जाता है.","ᱡᱚᱛᱚ ᱦᱚᱲᱯᱮ ᱵᱟᱰᱟᱭᱞᱮᱠᱟ, ᱛᱤᱦᱤᱧ ᱫᱚ ᱕ ᱡᱩᱱ ᱠᱟᱱᱟ, ᱡᱟᱦᱟᱸ ᱫᱚ ᱳᱣᱟᱨᱞᱰ ᱮᱱᱵᱷᱟᱭᱨᱚᱱᱢᱮᱱᱴ ᱰᱮ ᱞᱮᱠᱟᱛᱮ ᱢᱟᱱᱟᱜᱽᱠᱟᱱᱟ ᱾"
2823,श्री बॉल्रामिकम यहाँ पूर्वी क्षेत्र का सबसे प्रमुख है।,ᱮᱢᱟᱨᱹ ᱵᱟᱞᱟᱥᱩᱵᱨᱟᱢᱟᱱᱤᱭᱟᱢ ᱫᱚ ᱱᱚᱸᱰᱮᱱᱤᱡᱽ ᱯᱩᱨᱩᱵ ᱡᱳᱱᱨᱮᱭᱟᱜ ᱯᱷᱚᱨᱮᱥᱴ ᱰᱤᱯᱟᱨᱴᱢᱮᱱᱴᱨᱮᱱ ᱢᱩᱠᱷᱭᱟᱹ ᱠᱟᱱᱟᱭ ᱾
2824,उस पर.,ᱱᱤᱛ ᱫᱚ ᱩᱱᱤᱭ ᱢᱮᱱᱠᱮᱫᱟ ᱾
2825,सुप्रभात. मुझे आशा है कि तुम सब ठीक हो.,ᱥᱮᱛᱟᱜ ᱡᱚᱦᱟᱨ ᱾ ᱟᱥᱚᱜᱽᱟᱹᱧ ᱟᱯᱮ ᱡᱚᱛᱚᱠᱩ ᱢᱚᱡᱽᱜᱤ ᱢᱮᱱᱟᱜᱽᱯᱮᱭᱟ ᱾
2826,मैं Enest विभाग से हूँ.,ᱤᱧ ᱫᱚ ᱵᱤᱨ ᱰᱤᱯᱟᱨᱴᱢᱮᱱᱴ ᱠᱷᱚᱱᱤᱧ ᱦᱮᱡᱽᱟᱠᱟᱱᱟ ᱾
2827,"मेरा काम सबसे ज्यादा बचा है, अगर ग्रह के वातावरण के सबसे अनंत पहलू नहीं बचा है.",ᱤᱧᱟᱜ ᱠᱟᱹᱢᱤ ᱫᱚ ᱮᱸᱝᱜᱮᱞ ᱞᱟᱭᱚᱧ ᱨᱮᱭᱟᱜ ᱡᱚᱛᱚᱠᱷᱚᱱ ᱵᱟᱝᱵᱚᱫᱚᱞᱚᱜ ᱱᱟᱠᱷᱟ ᱵᱟᱝ ᱦᱩᱭᱞᱮᱱ ᱨᱮᱦᱚᱸ ᱢᱩᱰᱩᱛ ᱢᱤᱫᱴᱟᱝ ᱵᱟᱝ ᱵᱚᱫᱚᱞᱚᱜ ᱵᱮᱯᱟᱨᱨᱮ ᱡᱚᱜᱟᱣ ᱫᱚᱦᱚᱭ ᱾
2828,"बढ़ते प्रदूषण की जोखिम दरों को देते हुए, यह ज़रूरी है कि हम बचा लें जो हमारे ग्रह के लिए ऑक्सीजन की एक चौथाई उत्पन्‍न करता है ।","ᱫᱩᱥᱱᱟᱹᱣ ᱡᱟᱹᱥᱛᱤᱜ ᱨᱮᱭᱟᱜ ᱦᱩᱫᱤᱥᱟᱱ ᱚᱡᱮ ᱞᱟᱹᱜᱤᱫᱛᱮ, ᱮᱸᱝᱜᱮᱞ ᱞᱟᱹᱜᱤᱫᱛᱮ ᱡᱟᱦᱟᱸᱭ ᱫᱚ ᱯᱨᱟᱭ ᱢᱤᱫᱽᱼᱛᱮᱥᱟᱨ ᱚᱠᱥᱤᱡᱮᱱ ᱟᱨᱡᱟᱣᱠᱟᱛᱮ ᱚᱱᱟᱠᱩ ᱡᱚᱛᱱᱟᱣ ᱫᱚ ᱞᱟᱹᱜᱛᱤᱭᱟᱱᱠᱟᱱᱟ ᱾"
2829,"तो, इस वातावरण दिवस, हम चाहते हैं कि आप इस क्षेत्र के जंगल के कवर में योग दें.",ᱚᱱᱟ ᱤᱭᱟᱹᱛᱮ ᱱᱤᱭᱟᱹ ᱯᱚᱨᱤᱵᱮᱥ ᱫᱤᱵᱚᱥ ᱨᱮ ᱟᱞᱮᱞᱮ ᱠᱷᱚᱡᱟ ᱟᱯᱮ ᱱᱤᱭᱟᱹ ᱮᱞᱟᱠᱟ ᱨᱮᱭᱟᱜ ᱵᱤᱨᱦᱟᱥᱟ ᱞᱟᱹᱜᱤᱫᱛᱮ ᱮᱱᱮᱢᱯᱮ ᱫᱚᱦᱚᱭᱢᱟ ᱾
2830,हम एक साथ पेड़ बोने हो जाएगा.,ᱟᱵᱩ ᱫᱚ ᱢᱤᱫᱽᱥᱟᱶᱛᱮ ᱫᱟᱨᱮᱵᱚᱱ ᱨᱚᱦᱚᱭᱟ ᱾
2831,मुझे आशा है कि हर किसी को सहयोग मिलेगा।,ᱤᱧ ᱠᱷᱚᱡᱽᱚᱜᱼᱟ ᱡᱚᱛᱚᱠᱩ ᱜᱤ ᱯᱮ ᱜᱚᱲᱚᱜᱼᱟ ᱾
2832,हम खासकर प्रतिबंधन पेड़ लगाना होगा.,ᱟᱵᱩ ᱫᱚ ᱢᱩᱰᱩᱛ ᱞᱮᱠᱟᱛᱮ ᱵᱟᱲᱮ ᱫᱟᱨᱤᱵᱩᱱ ᱨᱚᱦᱚᱭᱟ ᱾
2833,मनुष्यगो और अन्य सामान्य जातियों के कुछ नमूने भी हैं ।,ᱩᱞ ᱟᱨ ᱮᱴᱟᱜ ᱪᱚᱞ ᱢᱮᱱᱟᱜ ᱯᱨᱚᱡᱟᱹᱛᱤᱠᱩ ᱨᱮᱭᱟᱜ ᱦᱚᱸ ᱱᱟᱹᱢᱩᱱᱟ ᱢᱮᱱᱟᱜᱼᱟ ᱾
2834,हम टीमों में काम कर सकते हैं अगर आप चाहते हैं.,ᱟᱢᱮᱢ ᱠᱩᱥᱤᱜ ᱠᱷᱟᱱ ᱟᱞᱮ ᱫᱚ ᱴᱤᱢ ᱨᱮᱞᱮ ᱠᱟᱹᱢᱤ ᱫᱟᱲᱮᱭᱟᱜᱼᱟ ᱾
2835,लेकिन ये पौधे के लिए बहुत आसान हैं.,ᱢᱮᱱᱠᱷᱟᱱ ᱱᱤᱭᱟᱹᱠᱩ ᱨᱚᱦᱚᱭ ᱫᱚ ᱟᱹᱰᱤᱜᱤ ᱟᱞᱜᱟᱣᱟ ᱾
2836,आप में से हरेक बिना किसी मदद के एक का प्रबंधन कर सकता है.,ᱟᱯᱮ ᱠᱩ ᱢᱩᱫᱨᱮ ᱢᱤᱢᱤᱫᱽ ᱦᱚᱲ ᱡᱟᱦᱟᱸᱭᱟᱜ ᱜᱚᱲᱚ ᱫᱟᱨᱟᱭᱛᱮ ᱜᱤᱯᱮ ᱥᱟᱢᱲᱟᱣ ᱫᱟᱲᱤᱭᱟᱜᱼᱟ ᱾
2837,हर विद्यार्थी को कम - से - कम एक बीज लगाना पड़ता है ।,ᱢᱤᱢᱤᱫᱽ ᱯᱟᱹᱴᱷᱣᱟᱹ ᱠᱚᱢᱠᱟᱛᱮ ᱢᱤᱫᱴᱟᱝ ᱯᱳᱦᱟ ᱞᱟᱜᱟᱣᱛᱮᱜᱤ ᱦᱩᱭᱩᱜᱼᱟ ᱾
2838,निर्देशों का पालन करें.,ᱦᱚᱨᱟᱠᱩ ᱯᱟᱸᱡᱟᱭᱢᱮ ᱾
2839,मैं वास्तव में आप दिन का आनंद लेंगे उम्मीद है.,ᱤᱧ ᱥᱟᱹᱨᱤᱱᱟᱜ ᱜᱤ ᱟᱥᱤᱧ ᱫᱚᱦᱚᱭᱮᱫᱟ ᱟᱯᱮᱠᱩ ᱫᱚ ᱢᱟᱦᱟᱴᱟᱜᱽᱯᱮ ᱨᱟᱹᱥᱠᱟᱹᱭᱟ ᱾
2840,श्री बॉलीमम के रूप में जाने किसी ने हमें उसकी उपस्थिति के साथ अनुग्रहित किया है।,ᱢᱨᱹ ᱵᱟᱞᱟᱥᱩᱵᱨᱟᱢᱟᱱᱤᱟᱢ ᱞᱮᱠᱟᱱ ᱟᱹᱠᱤᱞᱟᱱ ᱢᱤᱫᱽᱦᱚᱲ ᱩᱱᱤᱭᱟᱜ ᱦᱟᱹᱡᱤᱨ ᱦᱚᱛᱮᱛᱮ ᱟᱵᱩᱭ ᱥᱟᱨᱦᱟᱣᱟᱠᱟᱫᱽᱵᱩᱱᱟ ᱾
2841,"यह महत्वपूर्ण है कि छात्र पर्यावरण, श्री Doo को बचाने के लिए सीखना है.","ᱢᱨᱹ ᱫᱮᱥᱟᱭ, ᱱᱤᱭᱟᱹ ᱫᱚ ᱞᱟᱹᱜᱛᱤᱭᱟᱱᱟᱜᱠᱟᱱᱟ ᱡᱮ ᱯᱟᱴᱷᱚᱠᱯᱟᱴᱷᱚᱠᱤᱭᱟᱹ ᱠᱩ ᱡᱚᱛᱱᱟᱣᱠᱩ ᱪᱮᱫᱽᱢᱟ ᱾"
2842,मैं मदद से किया गया है खुश हूँ.,ᱜᱚᱲᱚᱫᱟᱲᱮᱭᱟᱫᱽᱯᱮᱛᱮ ᱠᱩᱥᱤᱧ ᱵᱩᱡᱷᱮᱫᱟ ᱾
2843,"चलो चलते हैं, छात्र.",ᱯᱟᱹᱴᱷᱣᱟᱹᱠᱩ ᱫᱮᱞᱟ ᱞᱟᱜᱟᱜᱽᱯᱮ ᱾
2844,एक क़ौम को उठाओ और इसे एक घर दे.,ᱢᱤᱫᱴᱟᱝ ᱯᱳᱦᱟ ᱨᱟᱠᱟᱵᱽᱢᱮ ᱟᱨ ᱟᱥᱨᱟᱭ ᱮᱢᱟᱭᱢᱮ ᱾
2845,"मुझे सवाल पूछने के लिए स्वतंत्र लग रहा है, अगर कोई है.",ᱡᱩᱫᱤ ᱡᱟᱦᱟᱸᱱ ᱠᱩᱠᱞᱤ ᱛᱟᱦᱮᱸᱱᱠᱷᱟᱱ ᱫᱟᱭᱟᱠᱟᱛᱮ ᱠᱩᱞᱤᱭᱤᱧ ᱯᱮ ᱾
2846,सुप्रभात मैडम!,ᱥᱟᱹᱜᱩᱱ ᱥᱮᱛᱟᱜ ᱢᱟᱪᱮᱛᱟᱹᱱᱤ !
2847,मैं जीवन बीमा पॉलिसी के बारे में कुछ जानकारी पाने के लिए यहाँ हूँ.,ᱤᱧ ᱫᱚ ᱱᱚᱸᱰᱮ ᱞᱟᱭᱤᱯᱷ ᱤᱱᱥᱩᱨᱮᱱᱥ ᱯᱚᱞᱤᱥᱤ ᱵᱟᱵᱚᱫ ᱠᱤᱪᱷᱩ ᱛᱮᱛᱮᱫ ᱧᱟᱢ ᱞᱟᱹᱜᱤᱫᱽᱤᱧ ᱦᱮᱡᱽ ᱟᱠᱟᱱᱟ ᱾
2848,क्या तुम मेरी मदद कर सकते हो?,ᱫᱟᱭᱟᱠᱟᱛᱮ ᱟᱢ ᱫᱚ ᱤᱧᱮᱢ ᱜᱚᱲᱚ ᱫᱟᱲᱤᱭᱟᱹᱧᱟ ?
2849,"सुप्रभात, कृपया अपनी सीट है.","ᱥᱟᱹᱜᱩᱱ ᱥᱮᱛᱟᱜ, ᱫᱟᱭᱟᱠᱟᱛᱮ ᱫᱩᱲᱩᱵᱽ ᱢᱮ ᱾"
2850,"ज़रूर, हम अपने ग्राहकों की सेवा करने के लिए यहाँ हैं.","ᱱᱤᱦᱟᱹᱛ ᱜᱮ, ᱟᱞᱮ ᱫᱚ ᱱᱚᱸᱰᱮ ᱟᱞᱮᱨᱮᱱ ᱜᱟᱦᱟᱠ ᱥᱮᱣᱟᱣᱟᱠᱩ ᱞᱟᱹᱜᱤᱫ ᱜᱮ ᱢᱮᱱᱟᱜᱞᱮᱭᱟ ᱾"
2851,"कुछ भी आप हमारे नियमों से संबंधित पता करना चाहते हैं, मैं तुम्हारी मदद करेंगे.","ᱟᱞᱮᱭᱟᱜ ᱯᱚᱞᱤᱥᱤ ᱵᱟᱵᱚᱫ ᱡᱟᱦᱟᱸᱱᱟᱜ ᱵᱟᱰᱟᱭ ᱥᱟᱱᱟᱭᱮᱫ ᱢᱮᱭᱟ, ᱤᱧ ᱫᱚᱧ ᱜᱚᱲᱚᱣᱟᱢᱟ ᱾"
2852,मैं अपने नाम और उम्र पता कर सकते हैं?,ᱤᱧ ᱫᱚ ᱟᱢᱟᱜ ᱧᱩᱛᱩᱢ ᱟᱨ ᱩᱢᱟᱹᱨᱤᱧ ᱵᱟᱰᱟᱭ ᱫᱟᱲᱮᱭᱟᱜᱼᱟ ?
2853,मैं डेवनगागा और मेरी उम्र 39 है.,ᱤᱧ ᱫᱚ ᱫᱮᱵᱟᱝᱜᱟ ᱥᱳᱭᱠᱤᱭᱚ ᱟᱨ ᱤᱧᱟᱜ ᱩᱢᱮᱨ ᱫᱚ ᱓᱙ ᱾
2854,मैं जानना चाहता हूँ कि कौन बीमा नीति इस उम्र में मेरे लिए उपयुक्त है.,ᱤᱧ ᱫᱚ ᱵᱟᱰᱟᱭᱤᱧ ᱠᱷᱚᱡ ᱠᱟᱱᱟ ᱚᱠᱟᱴᱟᱜ ᱤᱱᱥᱩᱨᱮᱱᱥ ᱯᱚᱞᱤᱥᱤ ᱤᱧ ᱞᱟᱹᱜᱤᱫ ᱡᱚᱛᱷᱟᱛᱟ ᱤᱧᱟᱜ ᱱᱚᱣᱟ ᱩᱢᱮᱨ ᱨᱮ ᱾
2855,"साथ ही, मैं लाभ जानना चाहता हूँ.","ᱥᱟᱶᱛᱮ, ᱤᱧ ᱫᱚ ᱵᱟᱰᱟᱭ ᱥᱟᱱᱟᱧ ᱠᱟᱱᱟ ᱥᱩᱵᱤᱫᱷᱟᱠᱩ ᱾"
2856,हमें अपने नाम और उम्र के बारे में बताने के लिए इतना धन्यवाद.,ᱟᱢᱟᱜ ᱧᱩᱛᱩᱢ ᱟᱨ ᱩᱢᱮᱨ ᱟᱞᱮᱢ ᱵᱟᱰᱟᱭ ᱩᱪᱩᱠᱮᱫ ᱞᱮ ᱤᱭᱟᱹᱛᱮ ᱟᱭᱢᱟ ᱥᱟᱨᱦᱟᱣ ᱾
2857,हम एक बहुत ही अच्छा नीति है जो Jeवान उमंग के रूप में जाना जाता है.,ᱟᱞᱮ ᱴᱷᱮᱱ ᱟᱹᱰᱤ ᱱᱟᱯᱟᱭ ᱯᱚᱞᱤᱥᱤ ᱢᱮᱱᱟᱜᱼᱟ ᱧᱩᱛᱩᱢ ᱫᱚ ᱡᱤᱵᱚᱱ ᱩᱢᱚᱝᱜ ᱾
2858,आप उस के लिए समाधान कर सकते हैं.,ᱟᱢ ᱫᱚ ᱚᱱᱟᱢ ᱵᱟᱪᱷᱟᱣ ᱫᱟᱲᱮᱭᱟᱜᱼᱟ ᱾
2859,इस नीति में न्यूनतम मूल योग क्या है?,ᱱᱤᱭᱟᱹ ᱯᱚᱞᱤᱥᱤ ᱨᱮ ᱡᱚᱛᱚ ᱠᱷᱚᱱ ᱠᱚᱢ ᱩᱛᱟᱹᱨ ᱢᱩᱬᱩᱛ ᱫᱚᱦᱚᱭ ᱠᱟᱹᱣᱰᱤ ᱫᱚ ᱛᱤᱱᱟᱹᱜ ?
2860,इस नीति के लिए न्यूनतम उम्र क्या है?,ᱱᱤᱭᱟᱹ ᱯᱚᱞᱤᱥᱤ ᱞᱟᱹᱜᱤᱫ ᱠᱚᱢ ᱩᱛᱟᱹᱨ ᱮᱱᱴᱨᱤ ᱩᱢᱮᱨ ᱫᱚ ᱛᱤᱱᱟᱹᱜ ?
2861,अधिकतम उम्र की प्रविष्टि क्या है?,ᱡᱚᱛᱚᱠᱷᱚᱱ ᱰᱷᱮᱨ ᱮᱱᱴᱨᱤ ᱩᱢᱮᱨ ᱫᱚ ᱛᱤᱱᱟᱹᱜ ?
2862,डेमम मूल योग आश्‍वस्त है दो बम्प रुपये ।,ᱠᱚᱢ ᱩᱛᱟᱹᱨ ᱢᱩᱬᱩᱛ ᱨᱟᱥᱤ ᱫᱚ ᱵᱟᱨ ᱞᱟᱠᱷ ᱴᱟᱠᱟ ᱾
2863,मिमम उम्र प्रविष्टि 90 दिन है.,ᱠᱚᱢ ᱩᱛᱟᱹᱨ ᱮᱱᱴᱨᱤ ᱩᱢᱟᱹᱨ ᱫᱚ ᱙᱐ ᱫᱤᱱ ᱾
2864,इस पॉलिसी के लिए अधिकतम उम्र 55 साल है.,ᱱᱤᱭᱟᱹ ᱯᱚᱞᱤᱥᱤ ᱞᱟᱹᱜᱤᱫ ᱡᱚᱛᱚᱠᱷᱚᱱ ᱡᱟᱹᱥᱛᱤ ᱮᱱᱴᱨᱤ ᱩᱢᱟᱹᱨ ᱫᱚ ᱕᱕ ᱥᱮᱨᱢᱟ ᱾
2865,जानकारी के लिए बहुत बहुत धन्यवाद.,ᱛᱮᱛᱮᱫ ᱞᱟᱹᱜᱤᱫ ᱟᱭᱢᱟ ᱥᱟᱨᱦᱟᱣ ᱾
2866,इस नीति के मृत्यु लाभ क्या हैं?,ᱱᱚᱣᱟ ᱯᱚᱞᱤᱥᱤ ᱨᱮᱭᱟᱜ ᱜᱩᱡᱩᱜ ᱥᱩᱵᱤᱫᱷᱟ ᱠᱩ ᱫᱚ ᱪᱮᱫ ᱠᱩ ?
2867,क्या मैं हर साल प्रीडिनियम भुगतान कर सकता हूं?,ᱪᱮᱫ ᱤᱧ ᱫᱚ ᱥᱮᱨᱢᱟᱻᱠᱮᱻᱥᱮᱨᱢᱟ ᱯᱨᱤᱢᱤᱭᱟᱢᱤᱧ ᱮᱢ ᱫᱟᱲᱮᱭᱟᱜᱼᱟ ?
2868,"पहली पाँच सालों के दौरान, मृत्यु पर आश्‍वासन दिया जाएगा ।","ᱯᱟᱹᱦᱤᱞ ᱢᱚᱸᱲᱮ ᱥᱮᱨᱢᱟᱨᱮ ᱜᱩᱡᱩᱜ ᱦᱩᱭᱞᱮᱱ ᱠᱷᱟᱱ, ᱜᱩᱡᱩᱜ ᱞᱟᱹᱜᱤᱫ ᱵᱤᱢᱟᱹᱣᱟᱠᱟᱱ ᱠᱟᱹᱣᱰᱤ ᱮᱢᱚᱜᱚᱜᱼᱟ ᱾"
2869,"पाँच नीति वर्षों के बीतने के बाद मृत्यु पर परन्तु प्रौढ़ता की तिथि से पहिले, मृत्यु और सच्चाई के अतिरिक्‍त, यदि कोई हो, तो पूरा किया जाए ।","ᱢᱚᱸᱬᱮ ᱯᱚᱞᱤᱥᱤ ᱥᱮᱨᱢᱟ ᱯᱩᱨᱟᱹᱣ ᱛᱟᱭᱚᱢ ᱢᱮᱱᱠᱷᱟᱱ ᱢᱮᱭᱟᱫ ᱯᱩᱨᱟᱹᱣ ᱢᱟᱹᱦᱤᱫ ᱞᱟᱦᱟ ᱜᱩᱡᱩᱜᱨᱮ, ᱜᱩᱡᱩᱜ ᱟᱨ ᱯᱟᱹᱛᱭᱟᱹᱣ ᱥᱟᱶ ᱡᱚᱯᱚᱲᱟᱣ ᱵᱤᱢᱟᱹ ᱠᱟᱹᱣᱰᱤ, ᱡᱩᱫᱤ ᱛᱟᱦᱮᱸᱱᱟ, ᱮᱢᱚᱜᱚᱜᱼᱟ ᱾"
2870,ये सभी लागू होते हैं अगर सभी कारण भुगतान किया गया है.,ᱡᱚᱛᱚ ᱵᱟᱹᱠᱤ ᱠᱟᱹᱣᱰᱤ ᱮᱢᱟᱠᱟᱱ ᱠᱷᱟᱱ ᱱᱤᱭᱟᱹ ᱫᱚ ᱮᱢᱚᱜᱚᱜᱼᱟ ᱾
2871,"प्रीमियम को नियमित रूप से हर साल, आधा वर्ष, चौथाई या मासिक अंतराल में भुगतान किया जा सकता है.","ᱯᱨᱤᱢᱤᱭᱟᱢ ᱫᱚ ᱱᱤᱭᱟᱹᱢ ᱞᱮᱠᱟᱛᱮ ᱥᱮᱨᱢᱟᱠᱤᱭᱟᱹ, ᱛᱟᱞᱟ ᱥᱮᱨᱢᱟᱠᱤᱭᱟᱹ, ᱯᱮ ᱪᱟᱸᱫᱩᱠᱤᱭᱟᱹ ᱥᱮ ᱪᱟᱸᱫᱩᱠᱤᱭᱟᱹ ᱛᱟᱞᱟᱢᱟᱞᱟᱨᱮ ᱮᱢᱚᱜᱚᱜᱼᱟ ᱾"
2872,क्या मैं प्रौढ़ता की तारीख से पहले नीति आत्मसमर्पण कर सकता हूँ?,ᱤᱧ ᱫᱚ ᱪᱮᱫ ᱢᱮᱭᱟᱫ ᱯᱩᱨᱟᱹᱣ ᱢᱟᱹᱦᱤᱛ ᱞᱟᱦᱟᱨᱮ ᱯᱚᱞᱤᱥᱤᱧ ᱪᱟᱵᱟ ᱫᱟᱲᱮᱭᱟᱜᱼᱟ ?
2873,समर्पण का मूल्य क्या होगा?,ᱢᱩᱪᱟᱹᱫ ᱠᱟᱹᱣᱰᱤ ᱫᱚ ᱛᱤᱱᱟᱹᱜ ᱦᱩᱭᱩᱩᱜᱼᱟ ?
2874,"जी हाँ, नीतिवादी तीन साल प्रौढ़ता के समाप्त होने से पहले नीति को आत्मसमर्पण कर सकता है ।","ᱦᱮᱸ, ᱯᱚᱞᱤᱥᱤ ᱢᱮᱱᱟᱜ ᱦᱚᱲ ᱢᱮᱭᱟᱫ ᱯᱩᱨᱟᱹᱣ ᱞᱟᱦᱟᱨᱮ ᱯᱮ ᱥᱮᱨᱢᱟ ᱯᱩᱨᱟᱹᱣ ᱛᱟᱭᱚᱢ ᱯᱚᱞᱤᱥᱤᱭ ᱪᱟᱵᱟ ᱫᱟᱲᱮᱭᱟᱜᱼᱟ ᱾"
2875,आपको कम - से - कम 3 सालों तक प्रीनियमों का भुगतान करना पड़ता है ।,ᱟᱢ ᱫᱚ ᱠᱚᱢ ᱠᱟᱭᱛᱮ ᱓ ᱥᱮᱨᱢᱟ ᱞᱟᱹᱜᱤᱫ ᱵᱷᱟᱜᱤ ᱥᱟᱹᱦᱤᱫᱛᱮ ᱯᱨᱤᱢᱤᱭᱟᱢ ᱮᱢ ᱦᱩᱭᱩᱜ ᱛᱟᱭᱟ ᱾
2876,"इस प्रक्रिया का विवरण हमारे तैयार किए गए व्यक्‍ति से पहुँचा जा सकता है, कृपा से इसे देखिए ।","ᱦᱚᱨᱟ ᱨᱮᱭᱟᱜ ᱵᱤᱪᱷᱱᱟᱹᱣ ᱵᱚᱨᱱᱚᱱ ᱟᱞᱮᱭᱟᱜ ᱵᱮᱱᱟᱣ ᱞᱮᱠᱷᱟ ᱠᱷᱚᱱ ᱮᱠᱥᱮᱥ ᱦᱩᱭ ᱫᱟᱲᱮᱭᱟᱜᱼᱟ, ᱫᱟᱭᱟᱠᱟᱛᱮ ᱱᱚᱣᱟ ᱧᱮᱞᱢᱮ ᱾"
2877,जानकारी वास्तव में मेरी बहुत मदद की है.,ᱛᱮᱛᱮᱫ ᱫᱚ ᱥᱟᱹᱨᱤᱜᱤ ᱟᱭᱢᱟᱭ ᱜᱚᱲᱚᱣᱟᱠᱟᱫᱤᱧᱟ ᱾
2878,बहुत बहुत धन्यवाद!,ᱟᱭᱢᱟ ᱥᱟᱨᱦᱟᱣ !
2879,आपका स्वागत है.,ᱟᱢ ᱦᱚᱸ ᱥᱟᱹᱜᱩᱱ ᱫᱟᱨᱟᱢ ᱾
2880,"आप चाहते हैं, मैं आप जो विवरण में आप का वर्णन कर सकते हैं से संपर्क करने के लिए हमारे एजेंटों में से एक नियुक्‍त कर सकते हैं.","ᱟᱢᱮᱢ ᱠᱷᱚᱡ ᱠᱷᱟᱱ, ᱤᱧ ᱟᱢ ᱥᱟᱶ ᱡᱳᱜᱟᱡᱳᱜ ᱞᱟᱹᱜᱤᱫ ᱟᱞᱮᱨᱮᱱ ᱮᱡᱮᱱᱴ ᱠᱩ ᱠᱷᱚᱱ ᱢᱤᱫ ᱦᱚᱲᱤᱧ ᱴᱷᱤᱠ ᱫᱟᱲᱮᱭᱟᱭᱟ ᱡᱟᱦᱟᱸᱭ ᱫᱚ ᱟᱢ ᱵᱤᱪᱷᱱᱟᱹᱣ ᱥᱟᱹᱦᱤᱫᱼᱮ ᱵᱚᱨᱱᱚᱱ ᱫᱟᱲᱮᱭᱟᱢᱟ ᱾"
2881,क्या तुम मुझे अपना फोन नंबर दे सकते हो?,ᱟᱢ ᱫᱚ ᱪᱮᱫ ᱟᱢᱟᱜ ᱯᱷᱳᱱ ᱱᱚᱢᱵᱚᱨᱮᱢ ᱮᱢ ᱫᱟᱲᱮᱭᱟᱹᱧᱟ ?
2882,यह बहुत अच्छा होगा!,ᱚᱱᱟᱜᱤ ᱵᱷᱟᱜᱤᱜᱼᱟ !
2883,कृपया मेरे फोन नंबर नीचे ध्यान दें.,ᱤᱧᱟᱜ ᱯᱷᱳᱱ ᱱᱚᱢᱵᱚᱨ ᱚᱞ ᱫᱚᱦᱚᱭ ᱢᱮ ᱾
2884,"हैलो, मैं उत्तर-वेस्टिन का पता लगाने के लिए देख रहा हूँ.","ᱦᱮᱞᱳ, ᱤᱧᱫᱚ ᱩᱛᱟᱹᱨᱼᱯᱩᱨᱩᱵᱽ ᱥᱮᱱᱟᱜ ᱮᱥᱤᱱ ᱦᱚᱨᱟᱧ ᱯᱟᱸᱡᱟᱭᱮᱫᱟ ᱾"
2885,"मेरे दोस्त, सिरिल ने मुझे बताया था कि तुम सही व्यक्ति हो खाने और रेस्तराँ की सिफारिश करने के लिए जब बात करने के लिए.","ᱤᱧᱨᱮᱱ ᱜᱟᱛᱮ, ᱥᱤᱨᱤᱞ ᱤᱧᱮ ᱞᱟᱹᱭᱟᱹᱧ ᱠᱟᱱᱛᱟᱦᱮᱸ ᱡᱚᱢᱟᱜ ᱟᱨ ᱡᱚᱢ ᱡᱤᱨᱟᱹᱣ ᱚᱲᱟᱜ ᱨᱮᱭᱟᱜ ᱠᱟᱛᱷᱟ ᱞᱟᱹᱜᱤᱫᱛᱮ ᱟᱢᱜᱮ ᱡᱚᱛᱷᱟᱛ ᱦᱚᱲ ᱠᱟᱱᱟᱢ ᱾"
2886,"जी हाँ, मैं इस जगह में काफ़ी समय से रहा हूँ, सो मैं खाद्य सिफ़ारिशियों के साथ आपकी मदद कर सकता हूँ ।","ᱦᱮᱸ, ᱤᱧ ᱵᱮᱥ ᱠᱤᱪᱷᱤ ᱫᱤᱱ ᱱᱤᱭᱟᱹ ᱴᱷᱟᱶᱨᱮᱧ ᱛᱟᱦᱮᱸᱠᱟᱱᱟ, ᱚᱱᱟᱛᱮ ᱡᱚᱢᱟᱜ ᱤᱫᱤ ᱠᱟᱛᱮᱜ ᱥᱟᱞᱦᱟ ᱮᱢᱚᱜ ᱨᱮ ᱤᱧ ᱟᱢᱤᱧ ᱜᱚᱲᱚ ᱫᱟᱲᱮᱭᱟᱢᱟ ᱾"
2887,"Hara, एक असंतुलन, शुरू करने के लिए एक अच्छा जगह है.","ᱠᱷᱚᱨ, ᱢᱤᱫ ᱚᱥᱚᱢᱤᱭᱟᱹ ᱡᱚᱢᱟᱜ ᱠᱟᱱᱟ, ᱮᱛᱚᱦᱚᱵ ᱞᱟᱹᱜᱤᱫ ᱱᱚᱶᱟ ᱢᱤᱫ ᱱᱟᱯᱟᱭ ᱴᱷᱟᱶ ᱠᱟᱱᱟ ᱾"
2888,"ओह, मैं देख रहा हूँ.","ᱳᱦ, ᱵᱩᱡᱷᱟᱹᱣ ᱟᱠᱟᱫᱟᱹᱧ, ᱱᱚᱶᱟᱫᱚ ᱪᱮᱫ ᱵᱮᱜᱚᱨ ᱥᱤᱸᱲᱤᱪᱼᱟᱱ ᱠᱟᱱᱟ ?"
2889,यह क्या किया जाता है?,ᱱᱚᱶᱟᱫᱚ ᱪᱮᱫ ᱛᱮ ᱵᱮᱱᱟᱜᱼᱟ ?
2890,यह लाल चावल के एक मिश्रण के साथ बनाया जाता है ।,"ᱱᱚᱶᱟᱫᱚ ᱟᱨᱟᱜ ᱪᱟᱣᱞᱮ, ᱥᱚᱜ ᱫᱟᱹᱞ ᱟᱨ ᱵᱮᱨᱮᱞ ᱯᱤᱯᱟᱹ ᱢᱮᱥᱟ ᱠᱟᱛᱮᱜ ᱵᱮᱱᱟᱣ ᱦᱩᱭᱩᱜᱼᱟ ᱚᱱᱟᱛᱮ ᱱᱚᱶᱟᱫᱚ ᱵᱮᱜᱚᱨ ᱥᱤᱸᱲᱤᱪᱼᱟᱱ ᱠᱟᱱᱟ ᱾"
2891,इसी तरह के मसाले भी बनाए जाते हैं ।,ᱱᱚᱶᱟ ᱵᱮᱱᱟᱣᱛᱮ ᱟᱭᱢᱟ ᱚᱥᱚᱢᱤᱭᱟᱹ ᱢᱚᱥᱞᱟ ᱠᱚ ᱞᱟᱜᱟᱜᱼᱟ ᱾
2892,"Ok, मुझे लगता है कि कोशिश करने के लिए सुनिश्चित हो जाएगा","ᱴᱷᱤᱠ ᱜᱮᱭᱟ, ᱤᱧ ᱨᱤᱠᱟᱹ ᱠᱟᱛᱮᱧ ᱧᱮᱞᱟ ᱾"
2893,चावल के बारे में क्या?,ᱢᱟᱸᱫ ᱴᱷᱚᱞᱟᱜ ᱨᱮᱭᱟᱜ ᱫᱟᱠᱟ ᱪᱮᱫ ᱞᱮᱠᱟᱱᱟ ?
2894,मैंने सुना है कि यह एक असंतुलन विशेष है.,ᱟᱸᱡᱚᱢ ᱟᱠᱟᱫᱟᱹᱧ ᱱᱚᱶᱟᱫᱚ ᱚᱥᱚᱢᱤᱭᱟ ᱨᱮᱭᱟᱜ ᱠᱷᱟᱥ ᱡᱚᱢᱟᱜ ᱠᱟᱱᱟ ᱾
2895,मैं नाम को काफी याद नहीं कर सकता; यह P के साथ शुरू होता है; मुझे लगता है.,ᱧᱩᱛᱩᱢᱫᱚ ᱴᱷᱤᱠ ᱵᱟᱹᱧ ᱫᱤᱥᱟᱹ ᱫᱟᱲᱮᱭᱟᱜ ᱠᱟᱱᱟ ; ᱤᱧ ᱢᱚᱱᱮᱭᱮᱫᱟ; ᱱᱚᱶᱟᱫᱚ ᱯᱤ ᱛᱮ ᱮᱛᱚᱦᱚᱵᱚᱜᱼᱟ ᱾
2896,आप के बारे में बात कर रहे हैं बर्तन Partha या केला Phona Para कहा जाता है.,ᱟᱢ ᱡᱟᱦᱟᱸ ᱡᱚᱢᱟᱜ ᱨᱮᱭᱟᱜ ᱠᱟᱛᱷᱟᱢ ᱞᱟᱹᱭ ᱮᱫᱟ ᱚᱱᱟ ᱨᱮᱭᱟᱜ ᱧᱩᱛᱩᱢ ᱫᱚ ᱯᱤᱴᱷᱟᱹ ᱥᱮ ᱠᱷᱚᱞ ᱯᱤᱴᱷᱟᱹ ᱾
2897,इसे बनाने के लिए हलकी - फुलकी चावल में भरा जाता है ।,ᱱᱟᱥᱮ ᱥᱤᱵᱤᱞ ᱨᱮᱭᱟᱜ ᱪᱟᱣᱞᱤ ᱠᱷᱚᱞᱟ ᱢᱟᱸᱫ ᱨᱮ ᱵᱷᱚᱨᱟᱣ ᱠᱟᱛᱮᱜ ᱠᱚ ᱵᱮᱱᱟᱣᱼᱟ ᱾
2898,"ओह, तो यह व्यंजन भी उदार है?","ᱳᱦ, ᱱᱚᱶᱟᱦᱚᱸ ᱵᱮᱜᱚᱨ ᱥᱤᱸᱲᱤᱪᱼᱟᱜ ᱠᱟᱱ ᱜᱮᱭᱟ ?"
2899,"जी हाँ, और यह पसंद - नापसंद पर आधारित एक मीठा या स्वादिष्ट स्वाद हो सकता है ।","ᱦᱮᱸ, ᱟᱨ ᱱᱚᱶᱟᱫᱚ ᱠᱩᱥᱤ ᱪᱮᱛᱟᱱ ᱴᱮᱸᱦᱟᱰ ᱠᱟᱛᱮᱜ ᱦᱮᱲᱮᱢ ᱟᱨ ᱥᱤᱵᱤᱞ ᱥᱚᱲᱚᱢ ᱦᱩᱭᱩᱜᱼᱟ ᱾"
2900,"अधिकांश लोग मीठा संस्करण पसंद करते हैं, और यह आम तौर पर इलाज और उपभोग के साथ खाया जाता है.",ᱟᱭᱢᱟ ᱦᱚᱲᱜᱮ ᱦᱮᱲᱮᱢᱟᱜ ᱠᱩᱥᱤᱭᱟᱜᱼᱟ ᱟᱨ ᱱᱚᱶᱟᱫᱚ ᱫᱟᱦᱤ ᱟᱨ ᱜᱩᱲ ᱟᱛᱮ ᱠᱚ ᱡᱚᱢᱟ ᱾
2901,"ठीक है, क्या तुम मुझे कुछ गैर-पुष्टन सिफ़ारिश दे सकते हो?","ᱴᱷᱤᱠ ᱜᱮᱭᱟ, ᱟᱢ ᱪᱮᱫ ᱠᱤᱪᱷᱤ ᱥᱤᱸᱲᱤᱪ ᱡᱚᱢᱟᱜ ᱨᱮᱭᱟᱜ ᱦᱩᱫᱤᱥᱮᱢ ᱮᱢ ᱫᱟᱲᱮᱭᱟᱹᱧᱟ ?"
2902,"मैं गैर-टेबल भोजन पसंद करता हूं, यही कारण है कि.","ᱤᱧᱫᱚ ᱥᱤᱸᱲᱤᱪ ᱡᱚᱢᱟᱜᱼᱤᱧ ᱠᱩᱥᱤᱭᱟᱜᱼᱟ, ᱚᱱᱟᱛᱮ ᱾"
2903,"उस मामले में, Nagaxeeamed मांस आपके स्वाद फूल बैठ जाएगा.","ᱚᱱᱟ ᱴᱷᱟᱶᱨᱮ, ᱱᱟᱜᱟᱞᱮᱱᱰ ᱨᱮᱭᱟᱜ ᱥᱮᱠᱟᱣ ᱥᱩᱠᱨᱤ ᱡᱤᱞ ᱟᱢᱟᱜ ᱥᱟᱫ ᱨᱮᱭᱟᱜ ᱟᱸᱥᱮ ᱛᱤᱨᱯᱤᱛᱟ ᱾"
2904,"यह बाहर पागल है, नरम और Yyyy के अंदर, और इसमें smoky स्वाद बहुत अमीर है.","ᱱᱚᱶᱟᱫᱚ ᱵᱟᱨᱦᱮ ᱥᱮᱡᱝ ᱨᱟᱹᱪᱩᱜ ᱨᱟᱹᱪᱩᱜ ᱜᱮᱭᱟ, ᱵᱷᱤᱛᱨᱤ ᱨᱮᱫᱚ ᱞᱟᱹᱵᱤᱫ ᱟᱨ ᱞᱮᱦᱮ ᱜᱮᱭᱟ, ᱟᱨ ᱱᱚᱶᱟ ᱨᱮᱭᱟᱜ ᱥᱮᱠᱟᱣ ᱥᱚ ᱟᱹᱰᱤ ᱧᱩᱢᱟᱱ ᱜᱮᱭᱟ ᱾"
2905,"ओह, यह बहुत स्वादिष्ट लगता है, लेकिन मैं मांस नहीं खाता.","ᱳᱦ, ᱟᱹᱰᱤ ᱥᱤᱵᱤᱞ ᱵᱩᱡᱷᱟᱹᱜ ᱠᱟᱱᱟ, ᱢᱮᱱᱠᱦᱟᱱ ᱤᱧᱫᱚ ᱥᱩᱠᱨᱤ ᱡᱤᱞ ᱵᱟᱹᱧ ᱡᱚᱢᱟ ᱾"
2906,मैं अपने दोस्त सिरिल को इस व्यंजन के बारे में बताता हूँ.,"ᱮᱱᱦᱚᱸ, ᱤᱧ ᱤᱧᱨᱮᱱ ᱜᱟᱛᱮ ᱥᱤᱨᱤᱞ ᱱᱚᱶᱟ ᱡᱚᱢᱟᱜ ᱵᱟᱨᱮᱛᱮᱧ ᱞᱟᱹᱭ ᱟᱭᱟ ᱾"
2907,हम्म. तो गुरूपा के बारे में क्या?,ᱦᱩᱸᱹᱹᱹᱹᱹᱹᱹᱹᱹᱹᱮᱱᱠᱷᱟᱱ ᱛᱷᱩᱠᱯᱟ ᱨᱮᱭᱟᱜ ᱫᱚ ᱪᱮᱫ ?
2908,यह Ametakal Suck से एक नूडल आधारित व्यंजन है और इसमें सामग्री किसी भी प्रकार के मांस के लिए अलग अलग होती है.,ᱱᱚᱶᱟᱫᱚ ᱚᱨᱩᱱᱟᱪᱚᱞ ᱯᱨᱚᱫᱮᱥ ᱨᱮᱭᱟᱜ ᱱᱩᱰᱚᱞᱥ ᱞᱮᱠᱟᱱᱟᱜ ᱡᱚᱢᱟᱜ ᱠᱟᱱᱟ ᱟᱨ ᱱᱚᱶᱟᱨᱮ ᱞᱟᱜᱟᱼᱟᱜ ᱠᱚᱫᱚ ᱢᱟᱹᱥᱨᱤ ᱫᱟᱹᱞ ᱠᱷᱚᱱ ᱡᱮᱦᱟᱸᱞᱮᱠᱟᱱᱟᱜ ᱡᱤᱞ ᱨᱮᱜᱮ ᱵᱚᱫᱚᱞᱚᱜᱼᱟ ᱾
2909,"यदि आप मछली पसंद करते हैं, तो Taram से दसगा मछली भोजन आपके प्रिय हो जाएगा.","ᱟᱢ ᱡᱩᱫᱤ ᱦᱟᱠᱩᱢ ᱠᱩᱥᱤᱭᱟᱜᱼᱟ, ᱮᱱᱠᱷᱟᱱ ᱟᱥᱟᱢ ᱨᱮᱭᱟᱜ ᱴᱮᱝᱜᱟ ᱦᱟᱠᱩ ᱨᱮᱱᱟᱜ ᱡᱚᱢᱟᱜ ᱟᱢ ᱠᱩᱥᱤᱜ ᱞᱮᱠᱟᱱ ᱦᱩᱭᱩᱜᱼᱟ ᱾"
2910,"मैं नूडल्स से प्यार करता हूँ, तो गुरूपा की मेरी सूची में सबसे पहली है उत्तर के बर्तन की कोशिश करने के लिए.","ᱤᱧᱫᱚ ᱱᱩᱰᱚᱞᱥ ᱤᱧ ᱠᱩᱥᱤᱭᱟᱜᱼᱟ, ᱚᱱᱟᱛᱮ ᱩᱛᱛᱟᱹᱨ ᱯᱩᱨᱩᱵ ᱨᱮᱭᱟᱜ ᱡᱚᱢᱟᱜ ᱛᱟᱹᱞᱤᱠᱟᱨᱮ ᱛᱷᱩᱠᱯᱟᱜᱮ ᱞᱟᱦᱟ ᱜᱮᱭᱟ ᱾"
2911,मैं भी अच्छी तरह से बाहर की कोशिश करेंगे.,ᱤᱧᱦᱚᱸ ᱴᱮᱝᱜᱟᱧ ᱡᱚᱢ ᱞᱮᱜᱟᱭᱟ ᱾
2912,क्या उत्तर- पूर्वी व्यंजन आम तौर पर स्वादिष्ट हैं?,ᱩᱛᱛᱟᱹᱨᱼᱯᱩᱨᱩᱵ ᱨᱮᱭᱟᱜ ᱡᱚᱢᱟᱜ ᱫᱚ ᱪᱮᱫ ᱢᱚᱥᱞᱟ ᱟᱱᱟᱜ ᱜᱮᱭᱟ ?
2913,"नहीं, वे सब पर निर्भर नहीं कर रहे हैं.","ᱵᱟᱝ, ᱚᱱᱟᱫᱚ ᱱᱟᱥᱮ ᱦᱚᱸ ᱵᱟᱝ ᱢᱚᱥᱞᱟ ᱟᱱᱟᱜᱼᱟ ᱾"
2914,"दरअसल, वे ताज़गी और ताज़गी महसूस करते हैं ।","ᱟᱥᱚᱞᱨᱮ, ᱚᱱᱟᱠᱚᱫᱚ ᱨᱚᱠᱟ ᱟᱨ ᱥᱚᱸᱫᱷᱟᱲ ᱥᱚ ᱟᱱᱟᱜᱼᱟ ᱾"
2915,"हैलो, यह टीएडा राजधानी है?","ᱦᱮᱞᱳ, ᱱᱚᱶᱟᱫᱚ ᱪᱮᱫ ᱴᱟᱴᱟ ᱠᱮᱯᱤᱴᱟᱞ ᱠᱟᱱᱟ ?"
2916,"हाँ, यह टीएडा राजधानी है.",ᱦᱮᱸ ᱱᱚᱶᱟᱫᱚ ᱴᱟᱴᱟ ᱠᱮᱯᱤᱴᱟᱞ ᱠᱟᱱᱟ ᱾
2917,मैं आपकी मदद कैसे कर सकते हैं?,ᱟᱢ ᱪᱮᱫ ᱞᱮᱠᱟᱛᱮᱧ ᱜᱚᱲᱚ ᱫᱟᱲᱮᱭᱟᱢᱟ ᱾
2918,मैं कुछ व्यक्तिगत लान का लाभ उठाना चाहता हूँ.,ᱤᱧ ᱠᱤᱪᱷᱤ ᱯᱟᱨᱥᱳᱱᱟᱞ ᱨᱤᱱ ᱤᱧ ᱦᱟᱛᱟᱣᱼᱟ ᱾
2919,आप मेरे क्रेडिट स्कोर के साथ कृपया जाँच कर सकते हैं और मुझे पता है कि मैं कितना प्राप्त कर सकते हैं?,ᱤᱧᱟᱹᱜ ᱠᱨᱮᱰᱤᱴ ᱥᱠᱳᱨ ᱧᱮᱞ ᱠᱟᱛᱮᱜ ᱤᱧᱮᱢ ᱞᱟᱹᱭ ᱟᱹᱧᱟᱹ ᱛᱤᱱᱟᱹᱜ ᱤᱧ ᱧᱟᱢ ᱫᱟᱲᱮᱭᱟᱜᱼᱟ ?
2920,हाँ कृपया एक मिनट इंतजार करें.,ᱦᱮᱸ ᱮᱠᱟᱞ ᱜᱮ ᱢᱤᱫ ᱴᱤᱲᱤᱡ ᱛᱟᱸᱹᱜᱤᱭ ᱢᱮ ᱾
2921,आप अपने क्रेडिट अंक के रूप में अधिकतम 8 lmhhs के उधार का लाभ उठा सकते हैं.,ᱟᱢᱟᱜ ᱠᱨᱮᱰᱤᱴ ᱥᱠᱳᱨ ᱞᱮᱠᱟᱛᱮ ᱟᱢ ᱘ ᱞᱟᱠ ᱴᱟᱠᱟ ᱦᱟ/ᱵᱤᱡ ᱨᱤᱱ ᱮᱢ ᱧᱟᱢ ᱫᱟᱲᱮᱭᱟᱜᱼᱟ ᱾
2922,निजी उधार पर दिलचस्पी की दर क्या है?,ᱱᱤᱛ ᱯᱟᱨᱥᱳᱱᱟᱞ ᱨᱤᱱ ᱨᱮᱭᱟᱜ ᱥᱩᱫ ᱦᱟᱨ ᱛᱤᱱᱟᱹᱜ ᱠᱟᱛᱮᱜ ?
2923,और क्या मैं एक के लिए लागू करने की प्रक्रिया पता लगा सकता है?,ᱟᱨ ᱤᱧᱫᱚ ᱪᱮᱫ ᱢᱤᱫ ᱦᱚᱲ ᱞᱟᱹᱜᱤᱫ ᱟᱨᱫᱟᱥ ᱨᱮᱭᱟᱜ ᱦᱚᱨᱟᱧ ᱵᱟᱰᱟᱭ ᱫᱟᱲᱮᱭᱟᱜᱼᱟ ?
2924,निजी ब्याज दर सामान्यतः १०५० प्रतिशत और २४% के बीच भिन्‍न हो सकती है ।,ᱯᱟᱨᱥᱳᱱᱟᱞ ᱞᱳᱱ ᱨᱮᱭᱟᱜ ᱥᱩᱫ ᱦᱟᱨ ᱑᱐ᱹ᱕᱐% ᱟᱨ ᱒᱔ % ᱢᱩᱫᱨᱮ ᱵᱚᱫᱚᱞ ᱫᱟᱲᱮᱭᱟᱜᱼᱟ ᱾
2925,आम तौर पर यह इस बात पर आधारित होता है कि आप पैसों की तंगी को कैसे पूरा करते हैं ।,ᱱᱚᱶᱟᱫᱚ ᱥᱟᱫᱷᱟᱨᱚᱱᱚᱛᱚ ᱟᱢ ᱪᱮᱫ ᱞᱮᱠᱟᱛᱮ ᱠᱟᱹᱣᱰᱤ ᱟᱥᱲᱟ ᱨᱮᱭᱟᱜ ᱯᱟᱨᱥᱳᱱᱟᱞ ᱞᱳᱱ ᱨᱮᱭᱟᱜ ᱡᱳᱜᱢᱟᱱ ᱞᱟᱹᱠᱛᱤᱭᱟᱜ ᱠᱚᱢ ᱯᱩᱨᱩᱱᱟ ᱚᱱᱟ ᱪᱮᱛᱟᱱᱮ ᱴᱮᱦᱟᱸᱰᱼᱟ ᱾
2926,शुरू करने की प्रक्रिया के लिए आपको कुछ दस्तावेज़ों की ज़रूरत है ।,ᱦᱚᱨᱟ ᱮᱦᱚᱵ ᱞᱟᱹᱜᱤᱫᱛᱮ ᱟᱢ ᱡᱚᱢᱟᱭ ᱦᱩᱭᱩᱜ ᱛᱟᱢᱟ ᱚᱱᱟᱠᱱᱟᱜ ᱠᱤᱪᱷᱤ ᱱᱚᱛᱷᱤ ᱢᱮᱱᱟᱜᱼᱟ ᱾
2927,"दस्तावेज़ों को वोटर कार्ड की तरह अपने महत्व स्थापित करने की जरूरत थी, एडनार कार्ड और पीएन कार्ड.","ᱵᱷᱳᱴᱟᱨ ᱠᱟᱰ, ᱟᱫᱷᱟᱨ ᱠᱟᱰ ᱟᱨ ᱯᱮᱱ ᱠᱟᱰ ᱞᱮᱠᱟᱱ ᱟᱢᱟᱜ ᱥᱟᱹᱵᱩᱫ ᱥᱟᱠᱟᱢᱠᱚ ᱛᱷᱟᱯᱚᱱ ᱞᱟᱹᱜᱤᱫ ᱞᱟᱹᱠᱛᱤᱭᱟᱱ ᱱᱚᱛᱷᱤ ᱠᱚ ᱾"
2928,पहचान और निवास के सबूत.,ᱩᱯᱨᱩᱢ ᱨᱮᱭᱟᱜ ᱥᱟᱹᱵᱩᱫ ᱟᱨ ᱛᱟᱦᱮᱱ ᱨᱮᱭᱟᱜ ᱥᱟᱹᱵᱩᱫ ᱾
2929,पिछले तीन महीनों के लिए वेतन गिरने के समान दस्तावेज़ों में यह कथन लौटा देता है ।,ᱤᱱᱠᱟᱢ ᱨᱮᱭᱟᱜ ᱱᱚᱛᱷᱤ ᱡᱮᱞᱮᱠᱟ ᱯᱟᱨᱚᱢ ᱟᱠᱟᱱ ᱯᱮ ᱪᱟᱸᱫᱳ ᱨᱮᱭᱟᱜ ᱢᱟᱹᱱᱦᱟᱹ ᱥᱞᱤᱯ ᱟᱨ ᱟᱭᱴᱤ ᱨᱤᱴᱟᱨᱱ ᱥᱴᱮᱴᱢᱮᱱᱴ ᱾
2930,क्या मुझे शाखा दफ्तर से मिलने की ज़रूरत है?,ᱤᱧᱫᱚ ᱪᱮᱫ ᱤᱧᱜᱮ ᱵᱨᱟᱧᱪ ᱥᱮᱱᱚᱜ ᱦᱩᱭᱩᱜ ᱛᱤᱧᱟᱹ ?
2931,या मैं ऑनलाइन लागू कर सकते हैं?,ᱥᱮ ᱤᱧ ᱚᱱᱞᱟᱭᱤᱱ ᱛᱮᱧ ᱟᱨᱫᱟᱥ ᱫᱟᱲᱮᱭᱟᱜᱼᱟ ?
2932,अनुप्रयोग ऑनलाइन किया जा सकता है.,ᱚᱱᱞᱟᱭᱤᱱ ᱛᱮ ᱟᱨᱫᱟᱥ ᱜᱟᱱᱚᱜᱼᱟ ᱾
2933,लेकिन दस्तावेज़ अधीनता और सत्यापन के लिए आपको शाखा का दौरा करना होगा.,ᱢᱮᱱᱠᱷᱟᱱ ᱱᱚᱛᱷᱤ ᱡᱚᱢᱟ ᱟᱨ ᱧᱮᱞ ᱟᱨᱩᱭ ᱞᱟᱹᱜᱤᱫᱛᱮ ᱟᱢᱫᱚ ᱵᱨᱟᱧᱪ ᱛᱮ ᱪᱟᱞᱟᱜ ᱦᱩᱭᱩᱜ ᱛᱟᱢᱟ ᱾
2934,"मैं आपकी कमर पर एक नियमित ग्राहक हूँ, आप उस के साथ जांच कर सकते हैं.","ᱤᱧᱫᱚ ᱟᱢᱟᱜ ᱯᱷᱟᱨᱢ ᱨᱮᱱ ᱫᱤᱱᱟᱹᱢ ᱜᱟᱦᱟᱠ ᱠᱟᱹᱱᱟᱹᱧ, ᱟᱢ ᱱᱚᱶᱟᱛᱮᱢ ᱵᱤᱰᱟᱹᱣ ᱫᱟᱲᱮᱭᱟᱜᱼᱟ ᱾"
2935,मैं सिर्फ अपने कार्यालय के लिए अपने दस्तावेज़ों को भेज सकते हैं?,ᱤᱧᱫᱚ ᱪᱮᱫ ᱟᱢᱟᱜ ᱚᱯᱷᱤᱥ ᱨᱮ ᱤᱧᱟᱹᱜ ᱰᱚᱠᱩᱢᱮᱱᱴᱥ ᱠᱚᱧ ᱠᱳᱞ ᱫᱟᱲᱮᱭᱟᱜᱼᱟ ?
2936,"महोदय, यह ज्यादा समय नहीं लगेगा, दस्तावेज़ भेजने के लिए अन्य अनुप्रयोगों के साथ मिश्रित मिल सकता है.","ᱥᱮᱨ, ᱰᱷᱮᱨ ᱚᱠᱛᱚ ᱵᱟᱭ ᱞᱟᱜᱟᱜᱼᱟ, ᱰᱚᱠᱩᱢᱮᱱᱴᱥ ᱠᱚ ᱠᱳᱞ ᱞᱮᱠᱷᱟᱱ ᱮᱴᱟᱜ ᱮᱯᱞᱤᱠᱮᱥᱚᱱ ᱥᱟᱶᱛᱮ ᱢᱮᱥᱟ ᱫᱟᱲᱮᱭᱟᱜᱼᱟ ᱾"
2937,"एक व्यक्‍तिगत ऋण पर कम और ऊपरी सीमाएँ क्या हैं, सामान्यतः?",ᱢᱤᱫᱴᱟᱝ ᱯᱟᱨᱥᱳᱱᱟᱞ ᱞᱳᱱ ᱠᱚᱢ ᱟᱨ ᱰᱷᱮᱨ ᱨᱮᱭᱟᱜ ᱥᱤᱢᱟᱹ ᱪᱮᱫ ᱪᱮᱫ ᱠᱟᱱᱟ ?
2938,"हम 175,000 से 35,00/000 पर अधिकतम करने के लिए निजी Lans प्रदान करते हैं तुम्हारी क्षमता पर निर्भर.","ᱟᱞᱮᱫᱚ ᱟᱢᱟᱜ ᱡᱳᱜᱢᱟᱹᱱ ᱪᱮᱛᱟᱱ ᱴᱮᱸᱦᱟᱰ ᱠᱟᱛᱮᱜ ᱡᱚᱛᱚᱠᱷᱚᱱ ᱠᱚᱢ ᱗᱕,᱐᱐᱐ ᱠᱷᱚᱱ ᱡᱚᱛᱚᱠᱷᱚᱱ ᱰᱷᱮᱨ ᱓᱕,᱐᱐,᱐᱐᱐/ᱼ ᱦᱟᱹᱵᱤᱡᱽ ᱯᱟᱨᱥᱳᱱᱟᱞ ᱞᱳᱱ ᱮᱢ ᱦᱩᱭᱩᱜᱼᱟ ᱾"
2939,"तो फिर, जानकारी के लिए धन्यवाद.","ᱴᱷᱤᱠ ᱜᱮᱭᱟ ᱛᱟᱦᱚᱞᱮ, ᱠᱷᱚᱵᱚᱨ ᱞᱟᱹᱜᱤᱫ ᱛᱮᱫᱚ ᱟᱢ ᱥᱟᱨᱦᱟᱣ ᱾"
2940,मैं जल्द ही शाखा का दौरा करूँगा.,ᱤᱧ ᱩᱥᱟᱹᱨᱟᱜᱮ ᱵᱨᱟᱧᱪ ᱛᱮᱧ ᱪᱟᱞᱟᱜᱼᱟ
2941,कृपया किसी अन्य सहायता के मामले में संपर्क में मिलता है.,ᱮᱴᱟᱜ ᱡᱟᱦᱟᱱ ᱜᱚᱲᱚ ᱞᱟᱹᱜᱤᱫ ᱛᱮ ᱡᱳᱜᱟᱡᱳᱜ ᱢᱮ ᱿
2942,"काला, आप काम करने के लिए कब वापस आ रहे हैं?","ᱠᱚᱢᱚᱞᱟ, ᱟᱢ ᱛᱤᱱᱨᱮ ᱠᱟᱹᱢᱤᱨᱮᱢ ᱨᱩᱣᱟᱹᱲ ᱠᱟᱱᱟ ?"
2943,क्या तुमने कैलेंडर देखा है?,ᱟᱢ ᱪᱮᱫ ᱠᱮᱞᱮᱱᱰᱟᱨᱮᱢ ᱧᱮᱞ ᱟᱠᱟᱫ ?ᱟ ?
2944,यह लगभग एक महीने हो गया है.,ᱢᱤᱫ ᱪᱟᱸᱫᱚ ᱜᱟᱱ ᱦᱩᱭ ᱮᱱᱟ ᱾
2945,मैं आप 10 दिनों के लिए एक छुट्टी ले रहे थे सोचा.,ᱤᱧᱤᱧ ᱢᱚᱱᱮ ᱞᱮᱫᱟ ᱟᱢᱮᱢ ᱢᱮᱱ ᱞᱮᱫᱟ ᱡᱮ ᱟᱢ ᱑᱐ ᱫᱤᱱ ᱞᱟᱹᱜᱤᱫ ᱪᱷᱩᱴᱤᱢ ᱦᱟᱛᱟᱣ ᱮᱫᱟ ᱾
2946,मैं मैडम माफी चाहता हूँ.,ᱫᱩᱠ ᱤᱧ ᱥᱚᱫᱚᱨ ᱮᱫᱟ ᱢᱟᱪᱮᱛᱟᱱᱤ ᱾
2947,मैं तुम्हें बताने में सक्षम नहीं था.,"ᱤᱧ ᱟᱢ ᱵᱟ,ᱧ ᱵᱟᱰᱟᱭ ᱦᱚᱪᱚᱣ ᱟᱠᱟᱫ ᱢᱮᱭᱟ ᱾"
2948,यहां तक कि तुम कहाँ हो?,ᱮᱢᱚᱱ ᱪᱮᱫ ᱟᱢ ᱫᱚ ᱚᱠᱟᱨᱮ ?
2949,क्या आप अब भी अपने चाचा घर पर हैं?,ᱟᱢ ᱱᱤᱛᱦᱚᱸ ᱟᱭᱳᱼᱵᱟᱵᱟ ᱚᱲᱟᱜᱨᱮ ?
2950,"कोई मैडम, मैं तीन दिन वापस घर आया.","ᱵᱟᱝ ᱢᱟᱪᱮᱛᱟᱱᱤ, ᱯᱮ ᱫᱤᱱ ᱞᱟᱦᱟᱨᱮ ᱚᱲᱟᱜ ᱤᱧ ᱦᱮᱡ ᱟᱠᱟᱱᱟ ᱾"
2951,तीन दिन वापस?,ᱯᱮ ᱫᱤᱱ ᱞᱟᱦᱟᱨᱮ ?
2952,तो आप तो काम करने के लिए क्यों नहीं आ रहे हैं?,ᱮᱱᱠᱷᱟᱱ ᱠᱟᱹᱢᱤ ᱪᱮᱫᱟᱜ ᱵᱟᱢ ᱦᱤᱡᱩᱜ ᱠᱟᱱᱟ ?
2953,मेरा हाथ थोड़ा सूजन है.,ᱤᱧᱟᱜ ᱛᱤ ᱱᱟᱥᱮᱭᱟᱜ ᱯᱷᱩᱞᱟᱹᱣ ᱟᱠᱟᱱᱟ ᱾
2954,मुझे काम करना मुश्किल लग रहा है.,ᱠᱟᱹᱢᱤ ᱨᱮᱧ ᱚᱥᱩᱵᱤᱫᱷᱟᱜ ᱠᱟᱱᱟ ᱾
2955,क्या तुमने एक डॉक्टर को देखा?,ᱯᱷᱳᱞᱟ ? ᱟᱢ ᱪᱮᱫ ᱰᱟᱠᱛᱟᱨ ᱴᱷᱮᱱᱮᱢ ᱫᱮᱠᱷᱟᱣ ᱟᱠᱟᱱᱟ ?
2956,डॉक्टर ने सलाह दी कि कुछ दिनों के लिए आराम करें ।,ᱰᱟᱠᱛᱟᱨ ᱠᱤᱪᱷᱤ ᱫᱤᱱ ᱡᱤᱨᱟᱹᱣ ᱨᱮ ᱛᱟᱦᱮᱱ ᱮ ᱢᱮᱱ ᱟᱠᱟᱫᱤᱧᱟ ᱾
2957,वह निश्चित रूप से एक महीने का मतलब नहीं था?,ᱩᱱᱤ ᱫᱚ ᱢᱤᱫ ᱪᱟᱸᱫᱚ ᱩᱛᱟᱹᱨ ᱫᱚ ᱵᱟᱭ ᱢᱟᱱᱟᱣ ᱞᱮᱫᱟ ?
2958,"तुमने अपना हाथ नहीं मिलाया है, है न?","ᱟᱢᱟᱜ ᱛᱤ ᱫᱚ ᱵᱟᱝ ᱨᱟᱹᱯᱩᱫ ᱟᱠᱟᱱᱟ, ᱚᱱᱟ ᱜᱮ ᱛᱚ ?"
2959,"नहीं मैडम, कि मामला नहीं है.","ᱵᱟᱝ ᱢᱟᱪᱮᱛᱟᱱᱤ, ᱠᱟᱛᱷᱟ ᱫᱚ ᱱᱚᱝᱠᱟ ᱫᱚ ᱵᱟᱝ ᱾"
2960,यह क्या है?,ᱜᱷᱚᱴᱚᱱ ᱫᱚ ᱪᱮᱫ ᱠᱟᱱᱟ ?
2961,"मुझे पता नहीं, मैडम.","ᱤᱧ ᱫᱚ ᱵᱟᱹᱧ ᱵᱟᱰᱟᱭ, ᱢᱟᱪᱮᱛᱟᱱᱤ ᱾"
2962,"मेरा हाथ सूजन है, यह दर्द होता है.","ᱤᱧᱟᱹᱜ ᱛᱤ ᱯᱷᱩᱞᱟᱹᱣ ᱟᱠᱟᱱᱟ, ᱦᱟᱥᱩ ᱤᱫᱤᱧ ᱠᱟᱱᱟ ᱾"
2963,"अगर तुमने कभी अपना काम ठीक से किया होता, तो यह नहीं होता.",ᱟᱢ ᱡᱩᱫᱤ ᱟᱢᱟᱜ ᱠᱟᱹᱢᱤ ᱴᱷᱟᱹᱣᱠᱟᱹ ᱞᱮᱠᱟᱛᱮᱢ ᱠᱚᱨᱟᱣ ᱠᱮᱭᱟ ᱮᱱᱠᱷᱟᱱ ᱱᱚᱶᱟ ᱫᱚ ᱵᱟᱝ ᱦᱩᱭ ᱠᱚᱜᱼᱟ ᱾
2964,तुम कभी कपड़े मत रखो.,ᱟᱢ ᱞᱩᱜᱽᱲᱤ ᱮᱠᱟᱞ ᱟᱞᱚᱢ ᱞᱟᱹᱴᱩᱢᱼᱟ ᱾
2965,बर्तन कभी साफ नहीं होते ।,ᱛᱷᱟᱹᱨᱤ ᱵᱟᱹᱴᱤ ᱥᱟᱯᱷᱟ ᱜᱮ ᱵᱟᱝ ᱛᱟᱦᱮᱱᱟ ᱾
2966,आप भी स्नान मशीन की वजह से कपड़े धोने की जरूरत नहीं है!,ᱳᱣᱟᱥᱤᱝ ᱢᱮᱥᱤᱱ ᱢᱮᱱᱟᱜᱛᱮ ᱟᱢ ᱞᱩᱜᱽᱲᱤ ᱦᱚᱸ ᱵᱟᱝ ᱥᱚᱵᱚᱫᱽ ᱦᱩᱭᱩᱜ ᱛᱟᱢᱟ !
2967,यह सब पर नहीं किया जाता है.,ᱱᱚᱶᱟ ᱠᱚᱫᱚ ᱵᱟᱝ ᱠᱚᱨᱟᱣ ᱦᱩᱭᱩᱜᱼᱟ ᱾
2968,"मैं मैं कर सकते हैं के रूप में बहुत है, मैडम.","ᱡᱟᱦᱟᱸ ᱛᱤᱱᱟᱹᱜ ᱤᱧ ᱫᱟᱲᱮᱭᱟᱜ, ᱢᱟᱪᱮᱛᱟᱱᱤ ᱾"
2969,मुझसे वापस मत बात करो.,ᱤᱧ ᱥᱟᱶ ᱟᱞᱚᱢ ᱨᱚᱯᱚᱲᱼᱟ ᱾
2970,"वापस घर में रहो, आराम करो.","ᱚᱲᱟᱜ ᱨᱩᱣᱟᱹᱲ ᱢᱮ, ᱡᱤᱨᱟᱹᱜ ᱢᱮ ᱾"
2971,तुम अब मेरे लिए काम करने की जरूरत नहीं है.,ᱟᱢ ᱫᱚ ᱤᱧᱟᱜ ᱠᱟᱹᱢᱤ ᱞᱟᱹᱜᱤᱫ ᱟᱨ ᱦᱤᱡᱩᱜ ᱵᱟᱝ ᱦᱩᱭᱩᱜ ᱛᱟᱢᱟ ᱾
2972,मैं तुम्हें फायर कर रहा हूँ.,ᱤᱧ ᱟᱢᱤᱧ ᱥᱟᱦᱟᱭᱮᱫ ᱢᱮᱭᱟ ᱾
2973,वाह! यह इतना स्वीकी है.,ᱳᱦ ᱪᱮᱫ ᱢᱚᱸᱡᱽ ! ᱦᱮᱸ ᱥᱮ ᱥᱳᱣᱟᱱᱠᱤ ᱾
2974,आप इसे कब मिला?,ᱟᱢ ᱫᱚ ᱱᱚᱶᱟ ᱛᱤᱱᱨᱮᱢ ᱧᱟᱢ ᱟᱠᱟᱰᱟ ?
2975,"मैं ड्राइव कर सकते हैं, कृपया?","ᱫᱟᱭᱟ ᱠᱟᱛᱮ , ᱤᱧ ᱪᱮᱫ ᱤᱧ ᱰᱨᱟᱭᱤᱵᱷ ᱫᱟᱲᱮᱭᱟᱜᱼᱟ ?"
2976,आप यकीन कर सकते हैं?,ᱱᱤᱦᱟᱹᱛ ᱜᱤ ᱟᱢᱮᱢ ᱫᱟᱲᱮᱭᱟᱜᱼᱟ ?
2977,मैं इस सुंदरता के लिए कोई नुकसान नहीं करना चाहती.,ᱤᱧ ᱱᱚᱣᱟ ᱵᱷᱟᱜᱤᱭᱟᱜ ᱨᱮᱭᱟᱜ ᱡᱟᱦᱟᱸᱱ ᱵᱟᱹᱲᱤᱡᱽ ᱵᱟᱧ ᱠᱷᱚᱡᱽᱠᱟᱱᱟ ᱾
2978,क्यों नहीं?,ᱪᱮᱫᱟᱜ ᱵᱟᱝ !?
2979,मैं कोशिश कर सकते हैं.,ᱤᱧ ᱠᱩᱨᱩᱢᱩᱴᱩ ᱫᱟᱲᱮᱭᱟᱜᱼᱟ ᱾
2980,आप बीमा नहीं है?,ᱟᱢ ᱠᱤ ᱤᱱᱥᱩᱨᱮᱱᱥ ᱵᱟᱹᱱᱩᱜᱛᱟᱢᱟ ?
2981,"हा, मैं मजाक कर रहा हूँ.",ᱦᱟᱦᱟᱦᱟᱹᱹ ᱤᱠᱟᱹᱧ ᱢᱮ ᱤᱧ ᱫᱚᱧ ᱢᱚᱡᱟᱭᱮᱫ ᱠᱟᱱ ᱛᱟᱦᱮᱸᱠᱟᱱᱟ ᱾
2982,आप अभी अपने चेहरे देखा जाना चाहिए था.,ᱱᱤᱛᱚᱜ ᱟᱢ ᱫᱚ ᱟᱢᱟᱜ ᱢᱮᱫᱽᱦᱟ ᱧᱮᱞ ᱞᱟᱹᱜᱛᱤᱠᱟᱱ ᱛᱟᱢᱟ ᱾
2983,क्या मुसीबत है?,ᱪᱮᱫ ᱵᱟᱹᱲᱤᱡᱽ ᱦᱟᱞᱚᱛ ?
2984,मेरी कार पर मजाक की अनुमति नहीं है!,ᱤᱧᱟᱜ ᱜᱟᱹᱰᱤ ᱛᱩᱞᱩᱡᱽ ᱡᱳᱠᱥ ᱫᱚ ᱵᱟᱝ ᱢᱟᱱᱟᱜᱼᱟ !
2985,तुम मेरे जीवन पर मजाक कर सकते हो जो तुम चाहते हो.,ᱟᱢᱮᱢ ᱠᱷᱚᱡᱽ ᱠᱷᱟᱱ ᱤᱧᱟᱜ ᱡᱤᱭᱚᱱ ᱵᱟᱵᱚᱫᱽᱮᱢ ᱡᱳᱠᱥ ᱫᱟᱲᱮᱭᱟᱜᱼᱟ ᱾
2986,"वैसे भी, यहाँ तुम जाओ.","ᱡᱟᱦᱟᱸ ᱜᱮ ᱦᱩᱭᱩᱜ, ᱱᱚᱸᱰᱮ ᱪᱟᱞᱟᱜ ᱢᱮ ᱾"
2987,चलो एक स्पिन के लिए यह ले लो.,ᱟᱹᱪᱩᱨ ᱞᱟᱹᱜᱤᱫ ᱦᱟᱛᱟᱣᱚᱜ ᱢᱟ ᱾
2988,क्या आपने अभी तक उसका नाम लिया है?,ᱱᱤᱛ ᱦᱚᱸ ᱩᱱᱤᱭᱟᱜᱮᱢ ᱧᱩᱛᱩᱢᱮᱫᱟ ?
2989,आप अपनी कार नाम होगा.,ᱟᱢᱟᱜ ᱜᱟᱹᱰᱤ ᱨᱮᱭᱟᱜ ᱧᱩᱛᱩᱢ ᱮᱢᱦᱩᱭᱩᱜᱼᱟ ᱾
2990,हा हाँ!,ᱦᱟ ᱦᱟ ᱦᱮᱸ !
2991,मैं उसे एथेना फोन करने के लिए जा रहा हूँ.,ᱤᱧ ᱫᱚ ᱚᱱᱟ ᱟᱛᱷᱮᱱᱟᱧ ᱧᱩᱛᱩᱢ ᱞᱟᱹᱜᱤᱫ ᱾
2992,"तुम और तुम्हारे यूनानी नाम, यार!","ᱟᱢ ᱟᱨ ᱟᱢᱟᱜ ᱜᱨᱤᱠ ᱧᱩᱛᱩᱢ, ᱢᱟᱹᱱᱢᱤ !"
2993,इंजन की आवाज!,ᱳᱦ ! ᱤᱧᱡᱤᱱ ᱨᱮᱭᱟᱜ ᱥᱟᱰᱮ ᱾
2994,बहुत अच्छे!,ᱟᱹᱰᱤ ᱢᱟᱹᱦᱤᱨ !
2995,और यह चिकना है.,ᱟᱨ ᱱᱤᱭᱟᱹ ᱫᱚ ᱟᱹᱰᱤ ᱞᱮᱧᱡᱮᱨ ᱾
2996,यह आप एक बम लागत है.,ᱱᱤᱭᱟᱹ ᱫᱚ ᱟᱢ ᱞᱟᱹᱜᱤᱫ ᱟᱹᱰᱤ ᱡᱟᱹᱥᱛᱤ ᱾
2997,यह मेरे पिता अमीर नहीं थे होता.,ᱤᱧ ᱵᱟᱵᱟ ᱠᱤᱥᱟᱹᱲ ᱵᱟᱭ ᱛᱟᱦᱮᱸᱞᱮᱱᱠᱷᱟᱱ ᱱᱚᱣᱟ ᱦᱩᱭ ᱠᱚᱜᱼᱟ ᱾
2998,"यह एक उपहार है, यार!","ᱱᱤᱭᱟᱹ ᱫᱚ ᱢᱤᱫᱴᱟᱝ ᱥᱟᱸᱫᱮᱥ ᱠᱟᱱᱟ, ᱢᱟᱱᱣᱟ !"
2999,"मेरा वेतन पर, मैं एक आईफोन भी नहीं खरीद सकता; एक फ़री भूल जाओ.",ᱤᱧᱟᱜ ᱢᱟᱹᱱᱦᱟᱹ ᱠᱟᱹᱣᱰᱤᱛᱮ ᱢᱤᱫᱴᱟᱝ ᱟᱭᱯᱷᱳᱱ ᱜᱤ ᱵᱟᱝ ᱦᱩᱭᱩᱜᱼᱟ ; ᱦᱟᱹᱲᱤᱧ ᱠᱟᱜ ᱢᱮ ᱯᱷᱮᱨᱟᱨᱤ ᱾
3000,"तो, आप यह कैसे पसंद करते हैं?","ᱟᱫᱚ, ᱟᱢ ᱫᱚ ᱚᱱᱟ ᱪᱮᱫ ᱞᱮᱠᱟᱛᱮᱢ ᱠᱩᱥᱤᱭᱟᱜ ᱠᱟᱱᱟ ?"
3001,राहुल की तुलना में वह बेहतर नहीं है?,ᱩᱱᱤ ᱫᱚ ᱪᱮᱫ ᱨᱟᱦᱩᱞ ᱠᱷᱚᱱ ᱵᱟᱭ ᱵᱷᱟᱜᱮ ᱜᱤᱭᱟ ?
3002,बेशक!,ᱱᱤᱦᱟᱹᱛ ᱜᱮ !
3003,यह एक बदमाश है.,ᱱᱤᱭᱟᱹ ᱫᱚ ᱯᱷᱮᱨᱟᱨᱤ ᱾
3004,आप वापस पर लिखा है कि 'विड' उपहार प्राप्त करना चाहिए.,ᱟᱢᱟᱜ ᱛᱟᱭᱚᱢᱨᱮ ᱚᱞ 'ᱵᱟᱵᱟᱣᱟᱜ ᱥᱟᱸᱫᱮᱥ' ᱧᱟᱢ ᱞᱟᱹᱜᱛᱤ ᱠᱟᱱᱟ ᱾
3005,"हा हा, यह जीपेन नहीं है.",ᱦᱟ ᱦᱟ ! ᱱᱤᱭᱟᱹ ᱫᱚ ᱜᱩᱲᱜᱟᱸᱣ ᱫᱚ ᱵᱟᱝ ᱾
3006,मैं हर बार मैं उसे बाहर ले जाता हूँ Amiss की मर जाएगा.,ᱤᱧ ᱛᱤᱱᱨᱮ ᱩᱱᱤᱧ ᱚᱰᱚᱠ ᱤᱫᱤᱭᱮᱭᱟ ᱩᱱᱨᱮᱜᱮ ᱤᱧ ᱫᱚ ᱛᱷᱚᱛᱚᱢᱚᱛᱚ ᱠᱟᱛᱮᱧ ᱜᱚᱡᱚᱜᱼᱟ ᱾
3007,लोग इन बातों के बारे में इतना विश्‍वस्त कैसे हैं?,ᱱᱚᱣᱟᱠᱩ ᱫᱩᱨᱤᱵᱽᱨᱮ ᱢᱟᱹᱱᱢᱤ ᱪᱮᱠᱟᱛᱮ ᱱᱩᱱᱟᱹᱜ ᱫᱤᱞᱜᱟᱹᱨᱤᱭᱟᱭ ᱦᱩᱭ ᱫᱟᱲᱮᱭᱟᱜᱼᱟ ?
3008,क्योंकि उनके पास अमीर पिताजी हैं.,ᱪᱮᱫᱟᱜ ᱥᱮ ᱩᱝᱠᱩᱨᱮᱱ ᱠᱤᱥᱟᱹᱲ ᱵᱟᱵᱟ ᱢᱮᱱᱟᱜ ᱠᱩᱣᱟ ᱾
3009,हा! यह उन्हें अतिरिक्त धक्का देता है.,ᱦᱟ ᱦᱟ ! ᱱᱤᱭᱟᱹ ᱫᱚ ᱩᱝᱠᱩ ᱵᱟᱹᱬᱛᱤ ᱩᱫᱜᱟᱹᱣᱮ ᱮᱢᱟᱢᱟ ᱾
3010,"हाँ, मुझे लगता है.","ᱦᱮᱸ, ᱤᱧ ᱟᱭᱩᱢᱟᱹᱱᱮᱫᱟ ᱾"
3011,"चलो एक काटने के लिए रुक जाते हैं, क्या हम?","ᱢᱤᱫ ᱜᱷᱟᱹᱲᱤᱵᱚᱱ ᱛᱷᱤᱨ ᱞᱮᱜᱮ, ᱟᱞᱮ ᱦᱚᱸ ?"
3012,ज़रूर!,ᱱᱤᱦᱟᱹᱛ ᱜᱮ !
3013,लोगों को देखो.,ᱞᱟᱸᱜᱟᱣᱟᱠᱟᱱ ᱦᱚᱲᱠᱩ ᱥᱮᱡᱽ ᱠᱚᱭᱚᱜ ᱢᱮ ᱾
3014,"अरे राहुल, मैंने हाल ही में हेममीर फ़ाइलें देखी हैं.","ᱟᱨᱮ ᱨᱟᱦᱩᱞ, ᱱᱮᱦᱟᱹᱞᱤ ᱜᱮ ᱠᱟᱥᱢᱤᱨ ᱯᱷᱟᱭᱤᱞ ᱤᱧ ᱧᱮᱞ ᱟᱠᱟᱫᱟ ᱾"
3015,हर एक सदस्य द्वारा क्या ही उत्साहपूर्ण प्रदर्शन!,ᱥᱟᱱᱟᱢ ᱵᱷᱮᱜᱟᱨ ᱠᱟᱥᱴ ᱨᱟᱹᱥᱤᱭᱟᱹ ᱦᱚᱛᱮᱛᱮ ᱟᱹᱰᱤ ᱦᱟᱦᱟᱲᱟ ᱪᱮᱫ ᱯᱟᱨᱯᱷᱚᱨᱢᱮᱱᱥ !
3016,मुझे खासकर ब्राशाशा समबाली के प्रदर्शन से डर लगता था!,ᱵᱷᱟᱥᱟ ᱥᱩᱢᱵᱚᱞᱤ ᱟᱜ ᱯᱟᱴ ᱧᱮᱞᱛᱮ ᱤᱧ ᱵᱷᱟᱜᱮ ᱞᱮᱠᱟᱧ ᱢᱚᱜᱚᱱ ᱞᱮᱱᱟ ᱾
3017,"जी हाँ, उसका चरित्र दिखाना बहुत मुश्‍किल था ।",ᱦᱮᱸ; ᱩᱱᱤ ᱪᱩᱨᱤᱛᱨᱮ ᱥᱟᱡᱟᱣ ᱥᱟᱯᱲᱟᱣ ᱮ ᱫᱚ ᱟᱹᱰᱤ ᱪᱮᱹᱞᱮᱧᱡᱽ ᱨᱮᱭᱟᱜ ᱛᱟᱦᱮᱸ ᱠᱟᱱᱟ ᱾
3018,सुग्री ने पूर्ण रूप से अदूषित Pandide के चरित्र के लिए न्याय किया ।,ᱥᱩᱢᱵᱚᱞᱤ ᱫᱚ ᱥᱟᱨᱚᱫᱟ ᱯᱚᱱᱰᱤᱛ ᱪᱩᱨᱤᱛ ᱨᱮᱭᱟᱜ ᱯᱩᱨᱟᱹ ᱯᱩᱨᱤ ᱥᱟᱹᱨᱤ ᱵᱤᱪᱟᱹᱨ ᱞᱮᱫᱟ ᱾
3019,क्या आपको पता है कि सुबुली खुद को नायकी Phidy समुदाय के अंतर्गत आता है?,ᱟᱢ ᱪᱮᱫ ᱵᱟᱰᱟᱭᱢ ᱡᱮ ᱥᱩᱢᱵᱚᱞᱤ ᱫᱚ ᱟᱡᱜᱮ ᱠᱟᱥᱢᱤᱨᱤ ᱯᱚᱱᱰᱤᱛ ᱜᱟᱛᱟᱠ ᱨᱮᱱ ᱠᱟᱱᱟᱭ ?
3020,"हाँ, मैं हाल ही में इसके बारे में पता करने आया था.","ᱦᱮᱸ, ᱱᱮᱦᱟᱹᱞᱤ ᱜᱮ ᱱᱚᱶᱟ ᱫᱚᱧ ᱵᱟᱰᱟᱭ ᱟᱠᱟᱫᱟ ᱾"
3021,मुझे खासकर इस बात से ताज्जुब होता है कि उसने उसके डीडी में कितने अच्छे काम किए!,ᱤᱧ ᱵᱤᱥᱮᱥ ᱠᱟᱭᱛᱧ ᱦᱟᱦᱟᱲᱟ ᱟᱠᱟᱱᱟ ᱡᱮ ᱟᱡᱟᱜ ᱵᱟᱦᱟᱨᱮ ᱛᱤᱱᱟᱹᱜ ᱮ ᱵᱷᱟᱜᱮ ᱟᱠᱟᱫᱟ !
3022,"ओह नहीं, काशमीर फ़ाइलें सुबुली नहीं बल्कि!","ᱳᱦ ᱵᱟᱝ, ᱫᱟ ᱠᱟᱥᱢᱤᱨ ᱯᱷᱟᱭᱤᱞ ᱥᱩᱢᱵᱚᱞᱤ ᱟᱜ ᱵᱟᱦᱟᱞ ᱫᱚ ᱵᱟᱝ ᱠᱟᱱᱟ !"
3023,वह 2020 फिल्म चपाक में एक छोटी - सी भूमिका निभा रही थी ।,ᱩᱱᱤ ᱫᱚ ᱱᱚᱶᱟ ᱞᱟᱦᱟᱨᱮ ᱒᱐᱒᱐ ᱥᱟᱞ ᱨᱮᱭᱟᱜ ᱪᱷᱚᱯᱟᱠ ᱪᱚᱞᱚᱛᱪᱤᱛᱟᱹᱨ ᱨᱮ ᱢᱤᱫᱴᱟᱝ ᱦᱩᱰᱤᱧ ᱪᱩᱨᱤᱛ ᱨᱮᱭ ᱯᱟᱴ ᱞᱮᱫᱟ ᱾
3024,क्या यह उसकी भूमिका थी?,"ᱚᱱᱟ ᱜᱮ, ᱩᱱᱤᱭᱟᱜ ᱪᱩᱨᱤᱛ ᱪᱮᱫ ᱛᱟᱦᱮᱸ ᱠᱟᱱᱟ ?"
3025,"वह बासहेयर खान की बहन खेलकर खेलता था, उस आदमी को जो मालिनी के चेहरे पर एसिड फेंकता है.","ᱩᱱᱤ ᱫᱚ ᱵᱚᱥᱤᱨ ᱠᱷᱟᱱ ᱨᱮᱱ ᱵᱚᱦᱤᱱ ᱟᱜ ᱪᱩᱨᱤᱛ ᱨᱮᱭ ᱛᱟᱦᱮᱸ ᱠᱟᱱᱟ, ᱡᱟᱦᱟᱸᱭ ᱫᱚ ᱢᱟᱞᱚᱛᱤ ᱟᱜ ᱢᱮᱸᱫᱟᱦᱟ ᱨᱮ ᱮᱥᱤᱰ ᱮ ᱟᱨᱮᱡ ᱟᱫᱮ ᱛᱟᱦᱮᱸ ᱾"
3026,मैंने सोचा था कि यह उसकी पहली भूमिका थी।,"ᱤᱧ ᱧᱮᱞ ᱮᱫᱟ, ᱢᱚᱱᱮ ᱞᱮᱫᱟᱹᱧ ᱡᱮ ᱱᱚᱶᱟ ᱜᱮ ᱩᱱᱤᱭᱟᱜ ᱯᱳᱭᱞᱳ ᱪᱩᱨᱤᱛ ᱾"
3027,मैं ने पढ़ा कि सुबुली भी पराकाष्ठा को शूटिंग के दौरान तोड़ दिया.,ᱯᱟᱲᱦᱟᱣ ᱞᱮᱫᱟᱹᱧ ᱠᱞᱟᱭᱢᱮᱠᱥ ᱨᱮᱭᱟᱜ ᱥᱩᱴᱤᱝ ᱚᱠᱛᱮ ᱥᱩᱢᱵᱚᱞᱤ ᱦᱚᱸᱭ ᱠᱟᱹᱦᱤᱞ ᱞᱮᱱᱟ ᱾
3028,"जी हाँ, दृश्‍य बहुत क्रूर है और यह तथ्य कि यह वास्तविक घटनाओं पर आधारित है, यह देखने के लिए भी मुश्‍किल होता है, ऐसा देखना ।","ᱦᱮᱸ ᱪᱤᱛᱟᱹᱨ ᱫᱚ ᱟᱹᱰᱤ ᱵᱮᱼᱵᱟᱹᱲᱤᱡ ᱟᱨ ᱥᱟᱹᱨᱤᱭᱟᱜ ᱜᱷᱚᱴᱚᱱ ᱠᱚ ᱪᱮᱛᱟᱱᱨᱮ ᱴᱮᱸᱦᱟᱴ ᱠᱟᱛᱮ ᱧᱮᱞ ᱞᱟᱹᱜᱤᱫ ᱱᱚᱶᱟ ᱫᱚ ᱟᱨᱦᱚᱸ ᱟᱱᱟᱴᱚᱜᱼᱟ, ᱥᱟᱹᱨᱤᱭ ᱦᱩᱭᱩᱜᱼᱟ ᱾"
3029,क्या आपको पता है कि अपिम कुए का भी नाम है ... ... ... क्या महान Pandi Panddi कुल के लिए?,ᱟᱢ ᱪᱮᱫ ᱵᱟᱰᱟᱭ ᱟᱢ ᱡᱮ ᱚᱱᱩᱯᱚᱢ ᱠᱷᱮᱨ ᱦᱚᱸ ᱠᱟᱥᱢᱤᱨᱤ ᱯᱚᱱᱰᱤᱛ ᱵᱚᱝᱥᱚ ᱨᱮᱱ ᱠᱟᱱᱟᱭ ?
3030,"हाँ, अपनी माँ के पक्ष से.",ᱦᱮᱸ ᱟᱡ ᱟᱭᱳ ᱪᱮᱫ ᱠᱷᱚᱱ ᱾
3031,"और उसका चरित्र, टोन्कार नाशेत, उसके पिता का नाम रखा गया है।","ᱟᱨ ᱩᱱᱤᱭᱟᱜ ᱪᱩᱨᱤᱛ, ᱯᱩᱥᱠᱚᱨ ᱱᱟᱛᱷ ᱯᱚᱱᱰᱤᱛ, ᱟᱡ ᱵᱟᱵᱟ ᱟᱜ ᱧᱩᱛᱩᱢᱛᱮ ᱪᱷᱟᱹᱴᱤᱭᱟᱹᱨ ᱟᱠᱟᱱᱟ ᱾"
3032,"वह ऐसा स्वाभाविक कर्ता है, उसकी कार्य - नियुक्‍ति इतनी मेहनत करती है!","ᱩᱱᱤ ᱫᱚ ᱱᱚᱝᱠᱟᱱ ᱢᱤᱫ ᱥᱟᱹᱵᱤᱠ ᱯᱟᱴᱷᱚᱠᱤᱭᱟᱹ, ᱩᱱᱤ ᱟᱜ ᱯᱟᱴ ᱫᱚ ᱟᱹᱰᱤ ᱟᱞᱜᱟ !"
3033,"हाँ, आप भी एक बुधवार और कर्मा में उसे देखना चाहिए.","ᱦᱮᱸ, ᱟᱢ ᱫᱚ ᱫᱷᱳᱠᱟ, ᱢᱤᱫᱴᱟᱝ ᱥᱟᱹᱜᱩᱱ ᱢᱟᱦᱟ ᱟᱨ ᱠᱚᱨᱢᱚ ᱨᱮᱦᱚᱸ ᱧᱮᱞ ᱞᱟᱹᱠᱛᱤ ᱠᱟᱱᱟ ᱾"
3034,इस जंग में जीत हासिल करनेवालों ने ऐसे विश्‍वासपूर्ण प्रदर्शनों को अनदेखा किया!,ᱜᱟᱹᱠᱷᱩᱲ ᱮᱱᱥᱮᱢᱵᱚᱞ ᱠᱟᱥᱴ ᱡᱟᱦᱟᱸ ᱞᱮᱠᱟ ᱯᱟᱹᱛᱤᱭᱟᱹᱣ ᱟᱱᱟᱜ ᱯᱟᱨᱯᱷᱚᱨᱢᱮᱱᱥ ᱥᱟᱨᱵᱷᱟᱨ ᱟᱭ !
3035,पू. पू.,ᱯᱩᱱᱤᱛ ᱤᱥᱟᱨ ᱫᱚ ᱰᱤ ᱡᱤ ᱯᱤ ᱦᱚᱨᱤ ᱱᱟᱨᱟᱭᱚᱱ ᱟᱜ ᱪᱩᱨᱤᱛᱨᱮ ᱧᱮᱞᱛᱮ ᱟᱹᱰᱤ ᱵᱷᱟᱜᱮᱭ ᱟᱴᱠᱟᱨ ᱞᱮᱫᱟ ᱾
3036,क्या वह B.R में ओगोना खेलने नहीं किया था?,ᱩᱱᱤ ᱪᱮᱫ ᱵᱤ ᱟᱨ ᱢᱚᱦᱟᱵᱷᱟᱨᱚᱛ ᱨᱮ ᱫᱩᱨᱡᱳᱫᱷᱚᱱ ᱟᱜ ᱪᱩᱨᱤᱛ ᱨᱮᱫᱚ ᱵᱟᱭ ᱯᱟᱴ ᱟᱠᱟᱫᱟ ?
3037,"जी हाँ, वह था, फिर Marthasthasamaa't के रूप में भी Marthu.","ᱦᱮᱸ ᱩᱱᱤᱭ ᱠᱚᱨᱟᱣ ᱟᱠᱟᱫᱟ, ᱚᱱᱟ ᱛᱟᱭᱚᱢ ᱟᱭ ᱮ ᱮᱥ ᱚᱯᱷᱤᱥᱟᱨ ᱵᱨᱚᱢᱵᱷ ᱫᱚᱛᱛᱚ ᱟᱜ ᱪᱩᱨᱤᱛᱨᱮ ᱢᱤᱴᱷᱩᱱ ᱪᱚᱠᱨᱚᱵᱚᱨᱛᱤ ᱦᱚᱸᱭ ᱛᱟᱦᱮᱸ ᱠᱟᱱᱟ ᱾"
3038,यहाँ तक कि नए कौशल Aajaqaqul और Daren कुमार की तरह भी इतने आशा कर रहे हैं.,ᱱᱚᱝᱠᱟ ᱪᱮᱫ ᱟᱢᱟᱱ ᱤᱠᱵᱟᱞ ᱟᱨ ᱫᱚᱨᱥᱚᱱ ᱠᱩᱢᱟᱨ ᱞᱮᱠᱟᱱ ᱞᱟᱥᱮᱨ ᱦᱟᱛᱟᱝ ᱠᱚ ᱦᱚᱸ ᱠᱤᱨᱭᱟᱹ ᱠᱚ ᱦᱟᱛᱟᱣ ᱮᱫᱟ ᱾
3039,वेरमान कर्ता मुझे Laxim Dart के रूप में श्रीिनल क्लीरी की याद दिलाता है.,ᱯᱩᱨᱩᱫᱷᱩᱞ ᱯᱟᱴᱷᱚᱠᱤᱭᱟᱹ ᱠᱚ ᱫᱚ ᱤᱧ ᱞᱚᱠᱷᱤ ᱫᱚᱛᱛᱚ ᱟᱜ ᱪᱩᱨᱤᱛᱨᱮ ᱢᱨᱤᱱᱟᱞ ᱠᱩᱞᱚᱠᱟᱨᱱᱤ ᱟᱜ ᱠᱟᱛᱷᱟ ᱠᱚ ᱫᱤᱥᱟᱹ ᱟᱫᱤᱧ ᱛᱟᱦᱮᱸ ᱾
3040,मैं उसे बेटे पारी में प्यार करने के लिए इस्तेमाल किया।,ᱤᱧ ᱩᱱᱤᱧ ᱫᱩᱞᱟᱹᱲ ᱮᱫᱮ ᱠᱟᱱ ᱛᱟᱦᱮᱸ ᱥᱳᱱᱟ ᱯᱚᱨᱤ ᱾
3041,पेलावी जोश का प्रदर्शन वास्तव में भी विकसित किया गया है.,ᱯᱚᱞᱞᱚᱵᱤ ᱡᱳᱥᱤ ᱟᱜ ᱯᱟᱴ ᱦᱚᱸ ᱥᱟᱹᱨᱤ ᱜᱮ ᱟᱹᱰᱤ ᱱᱟᱯᱟᱭ ᱾
3042,"हर किसी ने जो फिल्म देखी है, प्रोफेसर राकाउन से नफरत करता है ।","ᱡᱟᱦᱟᱸᱭ ᱠᱚ ᱪᱤᱛᱟᱹᱨ ᱠᱚ ᱧᱮᱞ ᱟᱠᱟᱫᱟ ᱥᱟᱱᱟᱢ ᱠᱚᱜᱮ ᱥᱟᱪᱮᱫ ᱨᱟᱫᱷᱤᱠᱟ ᱢᱮᱱᱚᱱ ᱠᱚ ᱦᱤᱨᱠᱷᱟᱹ ᱟᱭᱟ, ᱩᱱᱤᱭᱟᱜ ᱱᱟᱯᱟᱭ ᱯᱟᱴ ᱠᱷᱟᱹᱛᱤᱨ ᱾"
3043,"सचमुच, नकारात्मक भूमिकाओं को प्रदर्शित करना आसान नहीं है, लेकिन जोश से छुटकारा मिलता है!",ᱥᱟᱹᱨᱤ ᱜᱮ ! ᱱᱮᱛᱤᱵᱟᱪᱚᱠ ᱪᱩᱨᱤᱛᱨᱮ ᱯᱟᱴ ᱫᱚ ᱵᱟᱝ ᱟᱞᱜᱟᱼᱟ ᱢᱮᱱᱠᱷᱟᱱ ᱡᱳᱥᱤ ᱪᱮᱫ ᱰᱮᱞᱤᱵᱷᱟᱨᱤ ᱟᱭ !
3044,"उसके स्क्रीन का समय बहुत ही सीमित था, फिर भी उसकी जांच एक मज़बूत प्रभाव छोड़ देती है ।",ᱩᱱᱤᱭᱟᱜ ᱥᱨᱠᱤᱱ ᱚᱠᱛᱚ ᱟᱹᱰᱤ ᱠᱚᱢ ᱛᱟᱦᱮᱸ ᱠᱟᱱᱟ ᱮᱱᱨᱮᱦᱚᱸ ᱩᱱᱤᱭᱟᱜ ᱟᱸᱠ ᱢᱤᱫᱴᱟᱝ ᱟᱹᱰᱤ ᱜᱮᱭ ᱮᱥᱮᱨᱼᱟ ᱾
3045,हर कर्ता ने अपने हिस्से को पूरा कर लिया!,ᱥᱟᱱᱟᱢ ᱢᱤᱫ ᱯᱟᱴᱷᱚᱠᱤᱭᱟᱹ ᱮᱠᱟᱞᱛᱮ ᱟᱠᱚᱣᱟᱜ ᱦᱤᱸᱥ ᱠᱚ ᱮᱠᱥᱤᱰᱼᱟ ᱾
3046,"अच्छा दिन, सज्जन, और कलाकार के निर्माता के लिए स्वागत है!","ᱥᱟᱹᱜᱩᱱ ᱢᱟᱦᱟᱸ, ᱢᱟᱹᱱᱟᱱ ᱜᱚᱝᱠᱮ, ᱟᱨ ᱟᱨᱴᱤᱥᱴ ᱜᱮᱞᱟᱨᱤᱨᱮ ᱟᱢ ᱥᱟᱹᱜᱩᱱ ᱫᱟᱨᱟᱢ !"
3047,तुमसे मिलकर अच्छा लगा!,"ᱟᱭᱢᱟ ᱥᱟᱨᱦᱟᱣ, ᱟᱢ ᱥᱟᱶ ᱧᱟᱯᱟᱢᱠᱟᱛᱮ ᱵᱷᱟᱜᱤᱧ ᱵᱩᱡᱽᱠᱮᱫᱟ !"
3048,क्या आप कुछ मदद चाहेंगे?,ᱟᱢ ᱠᱤ ᱡᱟᱦᱟᱸᱱ ᱜᱚᱲᱚᱢ ᱠᱷᱚᱡᱽᱠᱟᱱᱟ ?
3049,"हाँ, मैं करता हूँ.","ᱦᱮᱸ, ᱠᱷᱚᱡᱽ ᱠᱟᱹᱱᱟᱹᱧ ᱾"
3050,"महोदय, हम कह सकते हैं कि कला के विभिन्न प्रकार हैं।","ᱜᱚᱝᱠᱮ, ᱟᱞᱮᱞᱮ ᱢᱮᱱ ᱫᱟᱲᱮᱭᱟᱜᱼᱟ ᱡᱮ ᱱᱚᱸᱰᱮ ᱟᱭᱢᱟᱞᱮᱠᱟᱱ ᱟᱨᱴᱠᱩ ᱢᱮᱱᱟᱜᱼᱟ ᱾"
3051,कला के अलग - अलग रूप क्या हैं?,ᱟᱨᱴ ᱨᱮᱭᱟᱜ ᱡᱩᱫᱟᱹ ᱡᱩᱫᱟᱹ ᱫᱷᱟᱨᱟᱠᱩ ᱫᱚ ᱪᱮᱫ ᱪᱮᱫ ?
3052,सात अलग प्रकार की कला हैं.,ᱱᱚᱸᱰᱮ ᱮᱭᱟᱭ ᱞᱮᱠᱟᱱ ᱟᱨᱴ ᱨᱮᱟᱭ ᱫᱷᱟᱨᱟᱠᱩ ᱢᱮᱱᱟᱜᱼᱟ ᱾
3053,"उनके बीच पेंटर, स्क्रैप, साहित्य, फ़िल्म, संगीत, और पंखे होते हैं ।","ᱚᱱᱟᱠᱩ ᱢᱩᱫᱨᱮ ᱪᱤᱛᱟᱹᱨ, ᱫᱷᱤᱨᱤ ᱠᱷᱩᱫᱟᱹᱭᱠᱟᱹᱨᱤ, ᱥᱟᱸᱣᱦᱮᱫ, ᱠᱩᱸᱫᱟᱹᱣ ᱪᱤᱛᱟᱹᱨ, ᱯᱷᱤᱞᱚᱢ, ᱥᱮᱨᱮᱧᱼᱨᱟᱦᱟ ᱟᱨ ᱛᱷᱤᱭᱮᱴᱟᱨ ᱜᱤ ᱾"
3054,ओह यह अद्भुत है!,ᱳᱦ ! ᱟᱹᱰᱤ ᱦᱟᱦᱟᱲᱟᱜᱤ !
3055,"जब हम कला के बारे में सोचते हैं, पहली बात जो मन में आती है पेंटिंग है.","ᱛᱤᱱᱨᱮ ᱟᱨᱴ ᱨᱮᱭᱟᱜᱞᱮ ᱪᱤᱱᱛᱟᱹᱭᱟ, ᱯᱟᱹᱦᱤᱞ ᱡᱤᱱᱤᱥ ᱡᱟᱦᱟᱸ ᱫᱚ ᱢᱚᱱᱮᱨᱮ ᱦᱤᱡᱩᱜᱼᱟ ᱚᱱᱟ ᱫᱚ ᱪᱤᱛᱟᱹᱨ ᱾"
3056,पेंटिंग की सबसे अहम खासियत क्या है?,ᱪᱤᱛᱟᱹᱨ ᱨᱮᱭᱟᱜ ᱡᱚᱛᱚᱠᱷᱚᱱ ᱥᱚᱨᱮᱥᱟᱜ ᱩᱨᱜᱟᱹᱱ ᱠᱚᱫᱚ ᱪᱮᱫ ᱪᱮᱫ ᱠᱩ ᱠᱟᱱᱟ ?
3057,चित्रों के मुख्य माध्यम से अपनी कला दर्शन व्यक्‍त करने का एक तरीक़ा है ।,ᱪᱤᱛᱟᱹᱨᱠᱚᱞᱟ ᱫᱚ ᱦᱩᱭᱩᱜ ᱠᱟᱱᱟ ᱟᱸᱠᱨᱮᱭᱟᱜ ᱮᱛᱚᱦᱚᱯ ᱦᱚᱛᱮᱛᱮ ᱟᱯᱱᱟᱨᱟᱜ ᱠᱟᱹᱨᱤᱜᱚᱞᱟᱱ ᱪᱤᱱᱛᱟᱹᱵᱷᱟᱵᱱᱟ ᱩᱫᱩᱜ ᱨᱮᱭᱟᱜ ᱢᱤᱫᱴᱟᱝ ᱠᱟᱹᱨᱤ ᱾
3058,इसे अलग - अलग तरीकों से इस्तेमाल किया जा सकता है ।,"ᱨᱚᱝ ᱫᱚ ᱟᱭᱢᱟᱞᱮᱠᱟᱛᱮ ᱵᱮᱵᱚᱦᱟᱨ ᱫᱟᱲᱮᱭᱟᱜᱼᱟ, ᱡᱟᱦᱟᱸᱠᱩ ᱢᱩᱫᱨᱮ ᱜᱟᱥᱟᱣ, ᱡᱮᱨᱮᱲ, ᱛᱷᱚᱯᱨᱟᱢ ᱟᱨ ᱨᱚᱝ ᱤᱨᱪᱤᱠᱟᱛᱮ ᱟᱸᱠ, ᱡᱚᱛᱚᱞᱮᱠᱟᱱᱟᱜ ᱜᱤ ᱢᱮᱱᱟᱜᱼᱟ ᱾"
3059,अलग पेंटिंग शैली क्या हैं?,ᱟᱸᱠ ᱨᱮᱭᱟᱜ ᱡᱩᱫᱟᱹ ᱡᱩᱫᱟᱹ ᱫᱷᱟᱨᱟ ᱠᱩ ᱫᱚ ᱪᱮᱫ ᱪᱮᱫ ?
3060,"अनेक पेंटिंग शैलियाँ हैं, जिनमें आधुनिकवादी, एक्स - रेवादी, शास्त्रीय, अतिश्‍यवादी, चीनी शैली, मूल - शैली, सजीव, प्रभावात्मक, और अनेक और ज़्यादा ।","ᱟᱸᱠ ᱨᱮᱭᱟᱜ ᱟᱭᱢᱟ ᱞᱮᱠᱟᱱ ᱫᱷᱟᱨᱟ ᱢᱮᱱᱟᱜᱼᱟ, ᱡᱟᱦᱟᱸᱠᱩ ᱢᱩᱫᱨᱮ ᱟᱫᱷᱩᱱᱤᱠᱚᱛᱟᱵᱟᱹᱫᱤ, ᱚᱵᱷᱤᱵᱮᱠᱛᱤᱵᱟᱹᱫᱤ, ᱥᱟᱥᱛᱨᱤᱭᱚ, ᱯᱚᱨᱟᱵᱟᱥᱛᱚᱵ, ᱠᱤᱣᱵᱤᱥᱴ, ᱪᱤᱱᱟᱹᱥᱚᱭᱞᱤ, ᱵᱤᱢᱩᱨᱛᱚ, ᱯᱨᱚᱛᱤᱛᱤᱵᱟᱹᱫᱤ ᱟᱨᱦᱚᱸ ᱟᱭᱢᱟᱠᱩ ᱾"
3061,"ठीक है, एक - स्क्रैप के बारे में क्या?",ᱴᱷᱤᱠᱜᱮᱭᱟ ᱾ ᱫᱚᱥᱟᱨᱟᱜ ᱼ ᱠᱷᱩᱫᱟᱹᱭᱠᱟᱹᱨᱤᱼᱟᱜ ᱫᱚ ᱪᱮᱫ ᱠᱷᱚᱵᱚᱨ ?
3062,यह एक ऐसी कला है जो पुराने ज़माने में देखने को दर्शाती है ।,ᱠᱷᱩᱫᱟᱹᱭᱠᱟᱹᱨᱤ ᱫᱚ ᱢᱤᱫᱴᱟᱝ ᱢᱟᱨᱮᱱ ᱞᱮᱠᱟᱱ ᱞᱟᱦᱟᱱᱟᱜᱟᱢ ᱡᱩᱜ ᱨᱮᱭᱟᱜ ᱧᱮᱞᱧᱟᱢᱚᱜᱠᱟᱱ ᱠᱟᱹᱨᱤᱠᱟᱱᱟ ᱾
3063,"एक नक़ली एक तीन- मंज़िली चित्र है जो मिट्टी, पत्थर, धातु, या लकड़ी की तरह पारंपरिक सामग्री के साथ बनाया गया है।","ᱠᱷᱩᱫᱟᱹᱭᱠᱟᱹᱨᱤ ᱫᱚ ᱢᱤᱫᱴᱟᱝ ᱯᱮᱱᱮᱢᱟᱛᱨᱤᱠ ᱧᱮᱞᱧᱟᱢᱚᱜᱠᱟᱱ ᱪᱤᱛᱟᱹᱨ ᱡᱟᱦᱟᱸ ᱫᱚ ᱦᱟᱥᱟ, ᱫᱷᱤᱨᱤ ᱥᱮᱨᱟᱢᱤᱠ ᱫᱷᱟᱹᱛᱩ ᱥᱮ ᱠᱟᱴᱷ ᱞᱮᱠᱟᱱ ᱦᱩᱭᱦᱤᱡᱩᱜᱠᱟᱱ ᱫᱩᱨᱤᱵᱛᱮ ᱵᱮᱱᱟᱜᱼᱟ ᱾"
3064,प्राचीन समय में कौन सबसे प्रसिद्ध थे?,ᱢᱟᱨᱮᱱ ᱠᱷᱩᱫᱟᱹᱭᱠᱟᱹᱨᱤ ᱢᱩᱫᱨᱮ ᱡᱚᱛᱚᱠᱷᱚᱱ ᱧᱩᱢᱩᱨᱩᱢ ᱚᱠᱚᱭᱠᱚ ᱠᱩ ᱛᱟᱦᱮᱸᱠᱟᱱᱟ ?
3065,माइकल एरॉनो और मेरेन दो जाने - माने शास्त्रीय सलाहकार हैं ।,ᱢᱟᱭᱠᱮᱞᱮᱱᱡᱮᱞᱳ ᱟᱨ ᱢᱟᱭᱨᱳᱱ ᱠᱤᱱ ᱛᱟᱦᱮᱸᱠᱟᱱᱟ ᱵᱟᱨᱦᱚᱲ ᱧᱩᱢᱩᱨᱩᱢ ᱥᱟᱥᱛᱨᱤᱭᱚ ᱠᱷᱩᱰᱟᱹᱭᱠᱟᱹᱨᱤ ᱾
3066,"प्रकाशन तीसरी है, है ना?","ᱥᱟᱸᱣᱦᱮᱫ ᱫᱚ ᱛᱮᱥᱟᱨᱟᱜ, ᱥᱮ ᱵᱟᱝ ?"
3067,"सर, हाँ, हर सृजनात्मक रूप के जानने के लिए एक कहानी है।","ᱜᱚᱝᱠᱮ, ᱦᱮᱸᱜᱤ ᱾ ᱢᱤᱢᱤᱫᱽ ᱥᱤᱨᱡᱟᱹᱣᱟᱱᱟᱜ ᱨᱩᱯ ᱨᱮᱭᱟᱜ ᱢᱤᱫᱴᱟᱝ ᱠᱟᱹᱦᱤᱱᱤ ᱢᱮᱱᱟᱜᱼᱟ ᱾"
3068,"दूसरी ओर, साहित्य ऐसी भाषा कला है जो पढ़ी जा सकती है या बोली जा सकती है ।","ᱮᱴᱟᱜ ᱱᱟᱠᱷᱟᱨᱮ ᱫᱚ ᱥᱟᱸᱣᱦᱮᱫ, ᱢᱤᱫᱴᱟᱝ ᱯᱟᱹᱨᱥᱤ ᱠᱟᱹᱨᱤ ᱡᱟᱦᱟᱸ ᱫᱚ ᱯᱟᱲᱦᱟᱣ ᱟᱨ ᱢᱮᱱ ᱜᱟᱱᱚᱜᱼᱟ ᱾"
3069,क्या मैं सही हूँ?,"ᱮᱠᱟᱞᱜᱤ ! ᱠᱩᱸᱫᱟᱹᱣᱠᱟᱹᱨᱤ ᱫᱚ ᱡᱩᱫᱟᱹᱞᱮᱠᱟᱱ ᱠᱟᱹᱨᱤ, ᱱᱤᱭᱟᱹ ᱫᱚ ᱜᱚᱲᱦᱚᱱ ᱵᱮᱱᱟᱣ ᱨᱮᱭᱟᱜ ᱠᱟᱹᱨᱤ ᱠᱟᱱᱟ ᱾ ᱴᱷᱤᱠᱤᱧ ᱞᱟᱹᱭᱮᱫᱟ ?"
3070,"बेशक, महान बंदरगाहों, रोम का कोशम, ताज महला सोफी, और स्टोन लोफ के उदाहरण प्राचीन अभिलेखों के उदाहरण हैं।","ᱱᱤᱦᱟᱹᱛᱜᱤ, ᱜᱚᱝᱠᱮ ! ᱢᱟᱨᱟᱝ ᱯᱤᱨᱟᱢᱤᱰ, ᱨᱳᱢ ᱨᱮᱭᱟᱜ ᱠᱳᱞᱤᱥᱤᱭᱟᱢ, ᱛᱟᱡᱢᱚᱦᱚᱞ, ᱦᱟᱜᱤᱭᱟ ᱥᱳᱯᱷᱤᱭᱟ ᱟᱨ ᱥᱴᱳᱱᱦᱮᱧᱡᱽ ᱢᱟᱨᱮᱱ ᱠᱩᱸᱫᱟᱹᱭᱠᱟᱹᱨᱤ ᱨᱮᱭᱟᱜ ᱦᱟᱦᱟᱲᱟᱣᱟᱱᱟᱜ ᱯᱟᱹᱨᱛᱩᱞ ᱠᱟᱱᱟ ᱾"
3071,दूसरे दो नाटक और संगीत कर रहे हैं ।,ᱮᱴᱟᱜ ᱵᱟᱨᱮᱭᱟ ᱫᱚ ᱥᱤᱱᱟᱹᱢᱟ ᱟᱨ ᱨᱟᱦᱟ ᱾
3072,"कॉमा सात कलाओं का सबसे हालिया रूप है, जिसे एक शताब्दी से ज़्यादा समय पहले मुश्किल से बनाया गया था ।","ᱥᱤᱱᱟᱹᱢᱟ ᱫᱚ ᱮᱭᱟᱭ ᱜᱚᱴᱟᱝ ᱠᱟᱹᱨᱤᱠᱩ ᱢᱩᱫᱨᱮ ᱡᱚᱛᱚᱠᱷᱚᱱ ᱱᱟᱶᱟᱱᱟᱜ, ᱡᱟᱦᱟᱸ ᱫᱚ ᱦᱟᱹᱞᱤᱜᱤ ᱞᱟᱦᱟᱱ ᱥᱚᱛᱟᱵᱫᱤᱨᱮ ᱵᱮᱱᱟᱣᱟᱠᱟᱱᱟ ᱾"
3073,"विज्ञापन एक तीन आयामी दुनिया की एक दो विधित प्रक्षेपित प्रक्षेपन हैं, एक कला फार्म जो हमारे सुनने और दृष्टि होश दोनों में शामिल है.","ᱪᱚᱞᱚᱛᱪᱤᱛᱟᱹᱨ ᱫᱚ ᱦᱩᱭᱩᱜᱠᱟᱱᱟ ᱯᱮᱱᱮᱢᱟᱛᱨᱤᱠ ᱫᱷᱟᱹᱨᱛᱤ ᱨᱮᱭᱟᱜ ᱢᱤᱫᱴᱟᱝ ᱵᱟᱨᱢᱟᱛᱨᱤᱠ ᱯᱨᱚᱡᱮᱠᱥᱚᱱ, ᱡᱟᱦᱟᱸ ᱫᱚ ᱟᱵᱩᱣᱟᱜ ᱟᱸᱡᱚᱢ ᱟᱨ ᱧᱮᱞ ᱵᱷᱟᱱᱟᱨ ᱵᱩᱡᱷᱦᱟᱹᱣ ᱫᱟᱲᱮ ᱥᱟᱶᱜᱤ ᱡᱚᱯᱚᱲᱟᱣᱟ ᱾"
3074,"फिर हम कह सकते हैं कि गायन स्वरों और स्वरों को बनाने के लिए एक संगीत बनाने का कौशल है जिस से गीत, स्वर, स्वर, और स्वर उत्पन्‍न होता है ।","ᱛᱟᱦᱚᱞᱮᱵᱩᱱ ᱢᱮᱱ ᱫᱟᱲᱮᱭᱟᱜᱼᱟ ᱡᱮ ᱨᱟᱦᱟ ᱫᱚ ᱦᱩᱭᱩᱜᱠᱟᱱᱟ ᱨᱚᱲ, ᱳᱭᱠᱚᱛᱟᱱ, ᱛᱟᱞ ᱟᱨ ᱟᱲᱟᱝ ᱠᱟᱹᱢᱤᱨᱮ ᱞᱟᱜᱟᱣᱠᱟᱛᱮ ᱥᱮᱨᱮᱧ ᱞᱟᱹᱜᱤᱫ ᱟᱸᱡᱚᱢ ᱞᱮᱠᱟᱱ ᱟᱲᱟᱝ ᱟᱨ ᱟᱲᱟᱝ ᱛᱟᱨᱠᱚ ᱩᱪᱩᱭ ᱨᱮᱭᱟᱜ ᱜᱟᱹᱠᱷᱩᱲ ᱠᱟᱱᱟ ᱾"
3075,तो अंतिम एक के बारे में क्या?,ᱦᱮᱸ ᱾ ᱟᱫᱚ ᱛᱟᱦᱚᱞᱮ ᱢᱩᱪᱟᱹᱫ ᱨᱮᱭᱟᱜ ᱫᱚ ᱪᱮᱫ ᱵᱮᱯᱟᱨ ?
3076,एक ऐसी कला है जिसमें दर्शक दृष्टि और नाटकीय तत्वों में कलाकार होते हैं ।,ᱛᱷᱤᱭᱮᱴᱟᱨ ᱫᱚ ᱢᱤᱫ ᱞᱮᱠᱟᱱ ᱠᱟᱹᱨᱤ ᱡᱟᱦᱟᱸᱨᱮ ᱥᱤᱞᱯᱤᱠᱩ ᱧᱮᱞᱚᱜᱚᱜᱼᱟ ᱟᱨ ᱜᱟᱭᱟᱱ ᱨᱮᱭᱟᱜ ᱵᱷᱟᱱᱟᱨ ᱫᱩᱨᱤᱵᱜᱮ ᱠᱟᱹᱢᱤᱨᱮ ᱞᱟᱜᱟᱜᱼᱟ ᱾
3077,"6वीं सदी के आते - आते, जब प्राचीन समय के यूनानी लोगों ने इस जानवर की रचना की, तो यह सभ्यता का एक हिस्सा रहा है ।","ᱠᱷᱨᱤᱥᱴᱚᱯᱩᱨᱵᱚ ᱖ ᱥᱚᱛᱟᱵᱫᱤ ᱠᱷᱚᱱ, ᱡᱚᱠᱷᱚᱱ ᱢᱟᱨᱮᱱ ᱜᱨᱤᱠ ᱠᱩ ᱛᱷᱤᱭᱮᱴᱟᱨᱠᱩ ᱥᱤᱨᱡᱟᱹᱣ ᱠᱮᱫᱟ, ᱛᱚᱠᱷᱚᱱ ᱠᱷᱚᱱᱜᱮ ᱱᱤᱭᱟᱹ ᱫᱚ ᱥᱚᱵᱵᱷᱚᱛᱟ ᱨᱮᱭᱟᱜ ᱢᱤᱫᱴᱟᱝ ᱦᱤᱸᱥ ᱠᱟᱱᱟ ᱾"
3078,बहुत बढ़िया!,ᱟᱹᱫᱤᱢᱚᱡᱽ !
3079,"महोदय, कृपया हमारे गैलरी पर एक नज़र रखना और टिप्पणी बॉक्स में अपनी महत्वपूर्ण टिप्पणियाँ प्रदान करें.","ᱜᱚᱝᱠᱮ, ᱫᱟᱭᱟᱠᱟᱛᱮ ᱟᱞᱮᱭᱟᱜ ᱜᱮᱞᱟᱨᱤ ᱢᱤᱫᱫᱷᱟᱣ ᱧᱮᱞᱟᱜᱢᱮ ᱟᱨ ᱞᱟᱹᱭᱛᱮᱱᱟᱜ ᱵᱟᱠᱥᱚᱨᱮ ᱟᱢᱟᱜ ᱫᱟᱢᱟᱱ ᱞᱟᱹᱭᱛᱮᱱᱟᱜ ᱚᱞ ᱠᱟᱜᱼᱢᱮ ᱾"
3080,"ज़रूर, धन्यवाद!","ᱱᱤᱦᱟᱹᱛᱜᱤ, ᱟᱭᱢᱟ ᱥᱟᱨᱦᱟᱣ !"
3081,यह राहुल है।,"ᱦᱟᱭ, ᱱᱟᱢᱚᱱ ! ᱤᱧ ᱫᱚ ᱨᱟᱦᱩᱞ ᱾"
3082,आप कैसे हो गया है?,ᱪᱮᱫ ᱠᱚᱢ ᱪᱤᱠᱟᱹᱭᱮᱫᱟ ?
3083,"हाय, राहुल! मैं इतना खुश हूँ कि आप बुलाया.","ᱦᱟᱭ, ᱨᱟᱦᱩᱞ ! ᱤᱧᱮᱢ ᱦᱚᱦᱚ ᱟᱹᱫᱤᱧᱟ ᱟᱹᱰᱤᱧ ᱠᱩᱥᱤᱭᱮᱱᱟ ᱾"
3084,मैं हाल ही में व्यस्त रहा है.,ᱦᱟᱹᱞᱤᱫᱚ ᱡᱚᱦᱚᱲ ᱜᱮᱧ ᱛᱟᱦᱮᱸᱠᱟᱱᱟ ᱾
3085,मैं अपनी परियोजना के लिए भारत में प्रसिद्ध संग्रहालयों का शोध कर रहा हूँ ।,ᱤᱧ ᱤᱧᱟᱹᱜ ᱯᱟᱛᱷᱟ ᱞᱟᱹᱜᱤᱫ ᱵᱷᱟᱨᱚᱛ ᱨᱮᱭᱟᱜ ᱧᱩᱛᱩᱢᱟᱱ ᱡᱟᱹᱫᱩᱚᱲᱟᱜ ᱠᱚ ᱤᱫᱤ ᱠᱟᱛᱮᱧ ᱠᱷᱚᱸᱫᱨᱚᱸᱫ ᱮᱫᱟ ᱾
3086,वाह... यह बहुत अच्छा लगता है!,ᱳᱹᱹᱹᱹᱹᱹᱹᱟᱹᱰᱤ ᱱᱟᱯᱟᱭ !
3087,आपकी परियोजना कैसी है?,ᱟᱢᱟᱜ ᱯᱨᱳᱡᱮᱠᱴ ᱪᱮᱫ ᱞᱮᱠᱟ ᱪᱟᱞᱟᱜ ᱠᱟᱱᱟ ?
3088,"खैर, मुझे पता है भारत में इतने सारे संग्रहालय हैं.","ᱟᱪᱷᱟ, ᱤᱧ ᱵᱟᱰᱟᱭᱟ ᱵᱷᱟᱨᱚᱛᱨᱮ ᱟᱭᱢᱟ ᱢᱤᱣᱩᱡᱤᱭᱟᱢ ᱢᱮᱱᱟᱜᱼᱟ ᱾"
3089,"लेकिन, मैं केवल सबसे प्रसिद्ध लोगों को शामिल करना चाहता हूँ.","ᱢᱮᱱᱠᱷᱟᱱ, ᱤᱧᱫᱚ ᱡᱚᱛᱚᱠᱷᱚᱱ ᱧᱩᱛᱩᱢᱟᱱᱟᱜ ᱠᱚᱜᱮᱧ ᱥᱮᱞᱮᱫᱼᱟ ᱾"
3090,आप अभी भी पर्यटक कंपनी के लिए काम कर रहे हैं?,ᱟᱢᱫᱚ ᱱᱤᱛᱦᱚᱸ ᱴᱩᱨᱤᱥᱴ ᱠᱳᱢᱯᱟᱱᱤ ᱞᱟᱹᱜᱤᱫ ᱮᱢ ᱠᱟᱹᱢᱤᱭᱮᱫᱟ ?
3091,"जी हाँ, मैं अब भी यात यात्रा और यात्रा में काम कर रहा हूँ ।","ᱦᱮᱸ, ᱤᱧᱫᱚ ᱱᱤᱛᱦᱚᱸ ᱡᱟᱴᱨᱟ ᱴᱨᱟᱵᱷᱮᱞ ᱟᱨ ᱴᱩᱨ ᱨᱮᱧ ᱠᱟᱹᱢᱤᱭᱮᱫᱟ ᱾"
3092,तुम मुझे यहाँ से बाहर मदद कर सकते हैं?,ᱟᱹᱰᱤ ᱢᱚᱡ ! ᱟᱢ ᱱᱚᱸᱰᱮ ᱤᱧᱮᱢ ᱜᱚᱲᱚ ᱫᱟᱲᱮᱭᱟᱹᱧᱟᱹ ?
3093,मुझे लगता है कि आप भारत में तीन प्रसिद्ध संग्रहालय शामिल कर सकते हैं.,"ᱦᱮᱸ, ᱤᱧᱟᱹᱜ ᱢᱚᱱᱮ ᱦᱩᱭᱩᱜ ᱠᱟᱱᱟ ᱟᱢ ᱵᱷᱟᱨᱚᱛ ᱨᱮᱭᱟᱜ ᱯᱮᱭᱟ ᱧᱩᱛᱩᱢᱟᱱ ᱢᱤᱣᱩᱡᱤᱭᱟᱢ ᱮᱢ ᱥᱮᱞᱮᱫ ᱫᱟᱲᱮᱭᱟᱜᱼᱟ ᱾"
3094,"वे नैशनल संग्रहालय दिल्ली, भारतीय संग्रहालय कोकाना, और सरकारी संग्रहालय कनेई हैं ।","ᱚᱱᱟ ᱠᱚᱫᱚ ᱱᱮᱥᱚᱱᱟᱞ ᱢᱤᱣᱩᱡᱤᱭᱟᱢ ᱫᱤᱞᱞᱤ, ᱤᱱᱰᱤᱭᱟᱱ ᱢᱤᱣᱩᱡᱤᱭᱟᱢ ᱠᱳᱞᱠᱟᱛᱟ, ᱟᱨ ᱜᱳᱵᱷᱚᱨᱢᱮᱱᱴ ᱢᱤᱣᱩᱡᱤᱭᱟᱢ ᱪᱮᱱᱱᱟᱭ ᱾"
3095,यह जानना अच्छा है.,ᱟᱹᱤᱰ ᱢᱚᱡ ! ᱱᱚᱶᱟ ᱵᱟᱰᱟᱭ ᱵᱷᱟᱜᱮᱭᱟ ᱾
3096,वे इतना महत्त्वपूर्ण क्यों हैं?,ᱚᱱᱟ ᱠᱚᱫᱚ ᱪᱮᱫᱟᱜ ᱞᱟᱹᱠᱛᱤᱭᱟᱱᱟᱜ ᱠᱟᱱᱟ ?
3097,नैशनल संग्रहालय में शानदार प्राचीन युग से विभिन्‍न लेख हैं ।,ᱱᱮᱥᱚᱱᱟᱞ ᱡᱟᱹᱫᱩᱚᱲᱟᱜ ᱨᱮ ᱥᱮᱫᱟᱭ ᱡᱩᱜ ᱨᱮᱭᱟᱜ ᱦᱟᱦᱟᱲᱟᱼᱟᱱ ᱟᱭᱢᱟ ᱚᱱᱚᱞᱠᱚ ᱢᱮᱱᱟᱜᱼᱟ ᱾
3098,"सन्‌ 1949 में इसे दिल्ली के एक खूबसूरत शहर, यापीpath के सिरे पर बनाया गया था ।",ᱱᱚᱶᱟᱫᱚ ᱫᱤᱞᱞᱤ ᱨᱮᱭᱟᱜ ᱡᱤᱭᱟᱹᱲᱼᱟᱱ ᱥᱟᱦᱟᱨ ᱡᱚᱱᱯᱚᱫ ᱨᱮ ᱑᱙᱔᱙ ᱥᱟᱹᱦᱤᱛ ᱨᱮ ᱵᱮᱱᱟᱣ ᱦᱩᱭᱞᱮᱱᱟ ᱾
3099,वे क्या प्रदर्शित करते हैं?,ᱚᱱᱟᱫᱚ ᱪᱮᱫ ᱠᱚᱭ ᱩᱫᱩᱜᱟ ?
3100,"इसमें गहनों, तसवीरों, कवचों, सजावटी कला और हस्तलिपियों के अलग - अलग संग्रह होते हैं ।","ᱱᱚᱶᱟ ᱨᱮᱫᱚ ᱟᱭᱢᱟ ᱞᱮᱠᱟᱱ ᱛᱩᱢᱟᱹᱞᱟᱜ ᱠᱚ ᱢᱮᱱᱟᱜᱼᱟ ᱚᱱᱟ ᱢᱩᱫᱽᱨᱮ ᱜᱚᱭᱱᱟ, ᱪᱤᱛᱟᱹᱨ, ᱢᱮᱬᱦᱮᱫ ᱨᱮᱭᱟᱜ ᱫᱚᱛᱚ, ᱟᱵᱷᱨᱟᱱ ᱵᱤᱨᱤᱛ ᱟᱨ ᱚᱞ ᱱᱚᱛᱷᱤ ᱠᱚ ᱢᱮᱱᱟᱜᱼᱟ ᱾"
3101,वाह... भारतीय संग्रहालय के बारे में क्या?,ᱳᱹᱹᱹᱹᱹᱹᱹᱤᱱᱰᱤᱭᱟᱱ ᱢᱤᱣᱩᱡᱤᱭᱟᱢ ᱨᱮᱫᱚ ᱪᱮᱫ ?
3102,"इसमें छः खंड हैं जिनमें सृजनात्मक और वैज्ञानिक रचना के पाँच आश्‍चर्यजनक कार्य हैं, जिनमें भू - विज्ञान, भूविज्ञान, आर्थिक सुंदरता, और कला हैं ।","ᱱᱚᱸᱰᱮ ᱯᱨᱚᱛᱱᱚᱛᱚᱛᱛᱚ, ᱵᱷᱩᱛᱚᱛᱛᱚ, ᱱᱟᱯᱟᱭ ᱠᱟᱹᱣᱰᱤᱟᱹᱨᱤ ᱟᱨ ᱜᱚᱲᱦᱚᱱ ᱟᱱᱟᱜ ᱠᱟᱹᱨᱤ ᱟᱨ ᱥᱟᱸᱲᱮᱥ ᱠᱟᱢᱤ ᱨᱮᱭᱟᱜ ᱢᱚᱸᱲᱮ ᱜᱚᱴᱟᱝ ᱜᱮᱞᱟᱨᱤ ᱥᱟᱶᱛᱮ ᱛᱩᱨᱩᱭ ᱜᱚᱴᱟᱝ ᱛᱷᱚᱱᱚᱛ ᱢᱮᱱᱟᱜᱼᱟ ᱿"
3103,क्या यह दुनिया के सबसे पुराने संग्रहालयों में से एक है?,ᱟᱹᱰᱤ ᱢᱚᱡ ! ᱱᱚᱶᱟᱫᱚ ᱪᱮᱫ ᱫᱷᱟᱹᱨᱛᱤ ᱨᱮᱭᱟᱜ ᱡᱚᱛᱚᱠᱷᱚᱱ ᱢᱟᱨᱮᱱ ᱡᱟᱹᱫᱩᱚᱲᱟᱜ ᱠᱟᱱᱟ ?
3104,"जी हाँ, इसे सन्‌ 1814 में कोकाटा के एशियाीय सोसाइटी द्वारा स्थापित किया गया था ।","ᱦᱮᱸ, ᱱᱚᱶᱟᱫᱚ ᱑᱘᱑᱔ ᱥᱟᱹᱦᱤᱛᱨᱮ ᱠᱳᱞᱠᱟᱛᱟ ᱨᱮ ᱮᱥᱤᱭᱟᱴᱤᱠ ᱥᱚᱥᱟᱭᱴᱤ ᱚᱯᱷ ᱵᱮᱝᱜᱚᱞ ᱦᱚᱛᱮᱛᱮ ᱛᱷᱟᱯᱚᱱ ᱞᱮᱱᱟ ᱾"
3105,यह दिलचस्प है. सरकार संग्रहालय इतना प्रसिद्ध क्यों है?,ᱟᱹᱰᱤ ᱨᱤᱡᱦᱟᱹᱣᱼᱟᱱᱟᱜ ᱾ ᱥᱚᱨᱠᱟᱨᱤ ᱡᱟᱹᱫᱩ ᱚᱲᱟᱜ ᱪᱮᱠᱟᱛᱮ ᱩᱱᱟᱹᱜ ᱧᱩᱛᱩᱢᱟᱱ ᱜᱮᱭᱟ ?
3106,"सरकारी संग्रहालय में अलग - अलग किस्म के भू - विज्ञान, जीव - विज्ञानी, भू - विज्ञान और तरह - तरह की चीज़ें दिखायी देती हैं ।","ᱥᱚᱨᱠᱟᱨᱤ ᱡᱟᱹᱫᱩᱚᱲᱟᱜ ᱨᱮᱫᱚ ᱵᱷᱩᱛᱚᱛᱛᱚ, ᱯᱨᱟᱱᱤᱵᱤᱫᱫᱟ,ᱱᱨᱤᱛᱚᱛᱛᱚ ᱟᱨ ᱩᱫᱵᱷᱤᱛᱵᱤᱫᱫᱟ ᱨᱮᱭᱟᱜ ᱱᱟᱱᱟ ᱦᱩᱱᱟᱹᱨᱟᱱ ᱠᱚ ᱩᱫᱩᱜ ᱦᱩᱭᱩᱜᱼᱟ ᱿"
3107,"सन्‌ 1851 में ब्रिटिश युग के दौरान बनाया गया था, यह संग्रहालय उन लोगों के लिए एक आदर्श जगह है जो इतिहास और कला की ओर प्रवृत्त हैं ।","᱑᱘᱕᱑ ᱥᱟᱹᱦᱤᱛ ᱨᱮ ᱵᱨᱤᱴᱤᱥ ᱡᱩᱜ ᱨᱮ ᱛᱷᱟᱯᱚᱱ ᱞᱮᱱᱟ, ᱡᱟᱹᱫᱩᱚᱲᱟᱜ ᱫᱳ ᱱᱟᱜᱟᱢ ᱟᱨ ᱠᱟᱹᱨᱤ ᱥᱮᱡᱽ ᱡᱟᱦᱟᱸᱭ ᱜᱚᱨᱚᱡ ᱢᱮᱱᱟᱜ ᱛᱟᱠᱚᱣᱟ ᱚᱱᱟᱠᱱ ᱦᱚᱲ ᱞᱟᱹᱜᱤᱫ ᱢᱤᱫ ᱱᱤᱯᱟᱹᱴ ᱴᱷᱟᱶ ᱠᱟᱱᱟ ᱾"
3108,क्या आपके पास सवाल हैं?,ᱟᱢᱟᱜ ᱡᱟᱦᱟᱱ ᱠᱩᱠᱞᱤ ᱢᱮᱱᱟᱜᱼᱟ ?
3109,"नहीं, यह साझा करने के लिए बहुत बहुत धन्यवाद.","ᱵᱟᱝ, ᱱᱚᱶᱟ ᱥᱮᱭᱟᱨ ᱞᱟᱹᱜᱤᱫ ᱛᱮ ᱟᱭᱢᱟ ᱥᱟᱨᱦᱟᱣ ᱾"
3110,मैं उनमें से एक नोट बना देंगे.,ᱚᱱᱟᱠᱚ ᱛᱮ ᱤᱧ ᱢᱤᱫᱴᱟᱝ ᱱᱳᱴ ᱤᱧ ᱵᱮᱱᱟᱣᱼᱟ ᱾
3111,आपका स्वागत है!,ᱟᱢᱟᱜ ᱥᱟᱹᱜᱩᱱ ᱫᱟᱨᱟᱢ !
3112,लीटररी सहायक संघ का दौरा करने के लिए आपका बहुत - बहुत शुक्रिया ।,ᱞᱤᱴᱮᱨᱮᱥᱤ ᱮᱰ ᱮᱥᱚᱥᱤᱭᱮᱥᱚᱱ ᱧᱮᱞ ᱞᱟᱹᱜᱤᱫ ᱟᱭᱢᱟ ᱥᱟᱨᱦᱟᱣ ᱾
3113,मैं तुम्हारी मदद करने के लिए क्या कर सकते हैं?,ᱟᱢ ᱜᱚᱲᱚᱣᱟᱢ ᱞᱟᱹᱜᱤᱫ ᱪᱮᱫ ᱤᱧ ᱪᱤᱠᱟᱹ ᱫᱟᱲᱮᱭᱟᱜᱼᱟ ?
3114,बहुत बहुत धन्यवाद!,ᱟᱢ ᱟᱭᱢᱟ ᱥᱟᱨᱦᱟᱣ ᱾
3115,मैं भारत में साहित्यिक कला के बारे में कुछ सवाल पूछना चाहता हूँ.,ᱤᱧ ᱟᱢ ᱵᱷᱟᱨᱚᱛ ᱨᱮᱭᱟᱜ ᱥᱟᱶᱦᱮᱫ ᱠᱟᱹᱨᱤ ᱤᱫᱤ ᱠᱟᱛᱮᱜ ᱠᱤᱪᱷᱤ ᱠᱩᱠᱞᱤᱧ ᱠᱩᱞᱤ ᱢᱮᱭᱟ ?
3116,"ठीक है, यह ठीक है. मैं अपने ज्ञान और समझ के साथ आपकी मदद करने की कोशिश करेंगे.","ᱴᱷᱤᱠ ᱜᱮᱭᱟ, ᱴᱷᱠ ᱜᱮᱭᱟ ᱾ ᱤᱧᱟᱹᱜ ᱜᱮᱭᱟᱱ ᱟᱨ ᱵᱩᱡᱷᱟᱹᱣ ᱫᱟᱲᱮᱛᱮ ᱟᱢ ᱜᱚᱲᱚ ᱟᱢ ᱨᱮᱭᱟᱜ ᱤᱧ ᱨᱤᱠᱟᱹᱭᱟ ᱾"
3117,साहित्य की कला की परिभाषा क्या है?,ᱥᱟᱶᱦᱮᱫ ᱠᱟᱹᱨᱤ ᱨᱮᱭᱟᱜ ᱯᱟᱹᱱᱟᱹᱨᱥᱤ ᱪᱮᱫ ᱠᱟᱱᱟ ?
3118,"लिटरी कला उन साहित्यों के कार्य हैं जो शैली, प्रसंग, अक्षर, या कहानी में सुंदर हैं ।","ᱥᱟᱶᱦᱮᱫ ᱠᱟᱹᱨᱤ ᱫᱚ ᱦᱩᱭᱩᱜ ᱠᱟᱱᱟᱱ ᱥᱟᱶᱦᱮᱫ ᱨᱮᱭᱟᱜ ᱠᱟᱹᱢᱤ ᱡᱟᱦᱟᱸᱫᱚ ᱦᱚᱨᱟ,ᱥᱟᱛᱟᱢ,ᱪᱚᱨᱤᱛ ᱥᱮ ᱱᱟᱯᱟᱭ ᱠᱟᱹᱦᱤᱱᱤ ᱾ ᱥᱮᱨᱮᱧ ᱚᱱᱢᱦᱮ, ᱜᱟᱭᱟᱱ, ᱦᱩᱰᱤᱧ ᱠᱟᱹᱦᱤᱱᱤ ᱟᱨ ᱜᱟᱢᱟᱢ ᱥᱟᱱᱟᱢ ᱜᱮ ᱫᱟᱹᱭᱠᱟᱹ ᱠᱟᱱᱟ ᱾"
3119,साहित्य की कला का महत्त्व क्या है?,ᱥᱟᱶᱦᱮᱫ ᱠᱟᱹᱨᱤ ᱨᱮᱭᱟᱜ ᱮᱱᱮᱢ ᱪᱮᱫ ᱠᱟᱱᱟ ?
3120,यह हमें कुछ के बारे में कुछ के बारे में ज्ञान के बदले में करने देता है... ... जो संभव नहीं है अपने शब्दों को व्यक्त करने के लिए.,ᱱᱚᱶᱟᱫᱚ ᱟᱞᱮ ᱡᱟᱦᱟᱱ ᱥᱟᱛᱟᱢᱨᱮ ᱜᱮᱭᱟᱱᱮ ᱮᱯᱮᱢ ᱪᱟᱯᱟᱞ ᱟᱞᱮᱭᱟ ᱡᱟᱦᱟᱸᱫᱚ ᱢᱚᱪᱟ ᱠᱟᱛᱷᱟᱛᱮ ᱥᱚᱫᱚᱨ ᱵᱟᱝ ᱜᱟᱱᱚᱜᱼᱟ ᱾
3121,"हम अपनी भावनाएँ, विचार, अनुभव, और जो कुछ भी लिखते हैं, उसे व्यक्‍त करने का एक तरीक़ा पाते हैं ।","ᱟᱞᱮᱫᱚ ᱟᱞᱮᱭᱟᱜ ᱟᱹᱭᱠᱟᱹᱣ, ᱩᱭᱦᱟᱹᱨ, ᱵᱩᱡᱩᱱ ᱟᱨ ᱮᱴᱟᱜ ᱡᱟᱦᱟᱸ ᱠᱤᱪᱷᱤ ᱢᱚᱱᱮᱨᱮ ᱦᱤᱡᱩᱜᱼᱟ ᱚᱱᱟ ᱥᱚᱫᱚᱨ ᱨᱮᱭᱟᱜ ᱢᱤᱫ ᱦᱚᱨᱟᱞᱮ ᱯᱟᱸᱡᱟ ᱧᱟᱢᱟ ᱾"
3122,"ठीक है, भारत का सबसे पुराना साहित्य कौन सा है?",ᱴᱷᱤᱠ ᱜᱮᱭᱟ ᱾ ᱵᱷᱟᱨᱚᱛ ᱨᱮᱭᱟᱜ ᱢᱟᱨᱮ ᱩᱛᱟᱹᱨ ᱥᱟᱶᱦᱮᱫ ᱚᱠᱟ ᱠᱟᱱᱟ ?
3123,Vedas के सबसे प्रसिद्ध साहित्य हैं भारत.,ᱵᱮᱫ ᱫᱚ ᱦᱩᱭᱩᱜ ᱠᱟᱱᱟ ᱵᱦᱟᱨᱚᱛ ᱨᱮᱭᱟᱜ ᱧᱩᱢᱟᱱ ᱢᱟᱨᱮ ᱥᱟᱶᱦᱮᱫ ᱠᱟᱹᱢᱤ ᱾
3124,वे लीमाट में लिखे गए और पीढ़ी - दर - पीढ़ी या उनकी पीढ़ी में से चले गए ।,ᱱᱚᱶᱟ ᱠᱚᱫᱚ ᱥᱚᱝᱥᱠᱨᱤᱛ ᱯᱟᱹᱨᱥᱤᱛᱮ ᱚᱞ ᱦᱩᱭᱞᱮᱱᱟ ᱟᱨ ᱛᱷᱩᱛᱤ ᱞᱮᱠᱟᱛᱮ ᱯᱤᱲᱦᱤ ᱠᱷᱚᱱ ᱯᱤᱲᱦᱤᱨᱮ ᱵᱚᱫᱚᱞ ᱦᱩᱭ ᱟᱠᱟᱱᱟ ᱿
3125,भारत में लिटररी कला का कौन - सा महल है?,ᱵᱦᱟᱨᱚᱛ ᱨᱮ ᱥᱟᱶᱦᱮᱫ ᱠᱟᱹᱨᱤ ᱨᱮᱭᱟᱜ ᱦᱚᱨᱟ ᱠᱚᱫᱚ ᱚᱠᱟᱴᱟᱜ ᱠᱟᱱᱟ ?
3126,ये तीन बड़े - बड़े जाल हैं ।,"ᱚᱱᱚᱞ, ᱜᱟᱭᱟᱱ ᱟᱨ ᱚᱱᱚᱬᱦᱮ ᱱᱚᱶᱟᱠᱚ ᱯᱮᱭᱟ ᱫᱷᱟᱨᱟ ᱿"
3127,"अध्ययन एक तरह का साहित्य है, जो बातचीत और वाक्य का अनुमानित ढंग से वर्णन करता है ।",ᱚᱱᱚᱞ ᱫᱚ ᱦᱩᱭᱩᱜ ᱠᱟᱱᱟ ᱢᱤᱫ ᱞᱮᱠᱟᱱ ᱥᱟᱶᱦᱮᱫ ᱡᱟᱦᱟᱸᱫᱚ ᱠᱟᱛᱷᱟ ᱜᱟᱞᱢᱟᱨᱟᱣ ᱟᱨ ᱟᱹᱭᱟᱹᱛ ᱵᱮᱱᱟᱣ ᱨᱮᱭᱟᱜ ᱟᱭ ᱩᱢᱟᱹᱱ ᱦᱚᱨᱟᱭ ᱯᱟᱸᱡᱟᱭᱟ ᱾
3128,"एक ऐसी कहानी शायद कथा - कहानियाँ हो, और यह काफ़ी हद तक विषयों को कवर कर सकती है ।",ᱢᱤᱫᱴᱟᱝ ᱪᱷᱟᱸᱫᱟᱛᱮ ᱛᱚᱞ ᱠᱟᱹᱦᱤᱱᱤ ᱫᱚ ᱵᱮᱱᱟᱣ ᱠᱟᱹᱦᱤᱱᱤ ᱥᱮ ᱵᱮᱜᱚᱨ ᱵᱮᱱᱟᱣ ᱠᱟᱹᱦᱤᱱᱤ ᱦᱩᱭ ᱫᱟᱲᱮᱭᱟᱜᱼᱟ ᱟᱨ ᱱᱚᱶᱟᱫᱚ ᱟᱭᱢᱟ ᱥᱟᱛᱟᱢ ᱯᱩᱨᱟᱹᱣ ᱫᱟᱲᱮᱭᱟᱜᱼᱟ ᱾
3129,"दूसरी ओर, कवि, एक साहित्यिक कार्य है जो एक शक्‍तिशाली भावना या धारणा को व्यक्‍त करने का प्रयोग करता है ।","ᱮᱴᱟᱜ ᱥᱮᱡ, ᱚᱱᱚᱬᱦᱮ ᱫᱚ ᱦᱩᱭᱩᱜ ᱠᱟᱱᱟ ᱢᱤᱫᱴᱟᱝ ᱥᱟᱶᱦᱮᱫ ᱠᱟᱹᱢᱤ ᱡᱟᱦᱟᱸᱫᱚ ᱢᱤᱫᱴᱟᱝ ᱫᱟᱲᱮᱭᱟᱱ ᱟᱹᱭᱠᱟᱹᱣ ᱥᱮ ᱩᱭᱦᱟᱹᱨ ᱥᱟᱶᱛᱮ ᱡᱳᱜᱟᱡᱳᱜ ᱞᱟᱹᱜᱤᱫ ᱵᱟᱹᱣᱞᱤ, ᱪᱷᱟᱸᱫᱟ ᱟᱨ ᱮᱴᱟᱜ ᱦᱚᱨᱟ ᱠᱚᱭ ᱵᱮᱣᱦᱟᱨᱟ ᱾"
3130,भारत की पहली साहित्यिक भाषा क्या थी?,ᱵᱷᱟᱨᱚᱛ ᱨᱮᱭᱟᱜ ᱯᱳᱭᱞᱳ ᱥᱟᱶᱦᱮᱫ ᱨᱮᱭᱟᱜ ᱯᱟᱹᱨᱥᱤ ᱫᱚ ᱚᱠᱟᱴᱟᱜ ᱠᱟᱱᱟ ?
3131,सैन्ट दुनिया की सबसे पुरानी भाषा है.,ᱥᱚᱝᱥᱠᱨᱤᱛ ᱫᱚ ᱫᱷᱟᱹᱨᱛᱤ ᱨᱮᱭᱟᱜ ᱡᱚᱛᱚᱠᱷᱚᱱ ᱢᱟᱨᱮ ᱯᱟᱹᱨᱥᱤ ᱠᱟᱱᱟ ᱾
3132,क्या आप इस पर विस्तार कर सकते हैं?,ᱟᱢ ᱱᱚᱶᱟ ᱵᱤᱪᱷᱱᱟᱹᱣ ᱛᱮᱢ ᱞᱟᱹᱭ ᱫᱟᱲᱮᱭᱟᱜᱼᱟ ?
3133,"यह सच है कि जब से श्‍वेत पक्षी पारिया में साहित्य पहुँचा दिया गया है, तब से मौखिक परंपरा हमारे पास पहुँच गयी है ।","ᱮᱠᱫᱚᱢ ! ᱟᱸᱡᱚᱢ ᱥᱮᱨᱣᱟ ᱠᱷᱚᱱ, ᱥᱚᱝᱥᱠᱨᱤᱛᱚ ᱥᱟᱶᱦᱮᱫ ᱛᱷᱩᱛᱤ ᱥᱮᱨᱣᱟ ᱛᱟᱞᱟᱛᱮ ᱟᱵᱳᱴᱷᱮᱱ ᱦᱮᱡ ᱟᱠᱟᱱᱟ ᱿"
3134,कार्यों की अधिकतम संख्या कविता के लिए सीमित है.,ᱚᱞ ᱛᱚᱞ ᱟᱠᱟᱱ ᱨᱮ ᱡᱚᱛᱚᱠᱷᱚᱱ ᱵᱟᱹᱲᱛᱤ ᱫᱚ ᱚᱱᱚᱬᱦᱮ ᱢᱮᱱᱟᱜᱼᱟ ᱾
3135,"कविता के रूप में एक सतत प्रवाह का पता लगाया जा सकता है, जो कि संसार के साहित्य का सबसे पुराना दस्तावेज़ है ।",ᱚᱱᱚᱬᱦᱮᱨᱮ ᱥᱚᱝᱥᱠᱨᱤᱛ ᱚᱞ ᱨᱮᱭᱟᱜ ᱢᱤᱫ ᱵᱟᱝ ᱵᱷᱮᱜᱟᱨᱼᱟᱱ ᱞᱤᱸᱜᱤᱫᱚ ᱡᱮᱜᱮᱫ ᱡᱟᱠᱟᱛ ᱥᱟᱶᱦᱮᱫ ᱨᱮᱭᱟᱜ ᱢᱟᱨᱮ ᱩᱛᱟᱹᱨ ᱚᱞ ᱨᱤᱜᱵᱮᱫᱽ ᱨᱮ ᱧᱟᱢᱚᱜᱼᱟ ᱾
3136,यह शानदार है!,ᱱᱚᱶᱟᱫᱚ ᱥᱟᱹᱨᱤᱜᱮ ᱦᱟᱦᱟᱲᱟᱼᱟᱱ !
3137,"सर, अपनी उत्कृष्ट व्याख्या के लिए धन्यवाद.","ᱥᱮᱨ, ᱟᱢᱟᱜ ᱱᱟᱯᱟᱭ ᱵᱤᱪᱷᱱᱟᱹᱣ ᱞᱟᱹᱜᱤᱫ ᱥᱟᱨᱦᱟᱣ ᱾"
3138,आप कभी भी स्वागत कर रहे हैं!,ᱡᱟᱦᱟᱸ ᱛᱤᱱᱨᱮᱜᱮ ᱟᱢᱟᱜ ᱫᱚ ᱥᱟᱹᱜᱩᱱ ᱫᱟᱨᱟᱢ !
3139,बहुत बढ़िया दिन है!,ᱱᱟᱯᱟᱭ ᱫᱤᱱ ᱯᱟᱨᱚᱢ ᱢᱮ !
3140,अलविदा!,ᱵᱤᱫᱟᱹᱭ !
3141,"हैलो, मैं कॉटर में भेंट के घंटों के बारे में बताने के लिए फोन कर रहा हूँ.","ᱦᱮᱞᱳ, ᱤᱧᱫᱚ ᱠᱩᱛᱩᱵ ᱢᱤᱱᱟᱨ ᱧᱮᱞ ᱨᱮᱭᱟᱜ ᱚᱠᱛᱚ ᱵᱟᱨᱮᱛᱮ ᱠᱩᱞᱤ ᱞᱟᱹᱜᱤᱫ ᱤᱧ ᱠᱚᱞ ᱟᱠᱟᱫᱟ ᱾"
3142,"जी हाँ, स्मारक हर दिन खुला है और आप 7: 00 के बीच किसी भी समय का दौरा कर सकते हैं और 5: 00 बजे.","ᱦᱮᱸ, ᱩᱭᱦᱟᱹᱨ ᱵᱟᱛᱷᱟᱱᱫᱚ ᱡᱚᱛᱚ ᱰᱤᱱᱜᱮ ᱡᱷᱤᱡ ᱛᱟᱦᱮᱱᱟ ᱟᱨ ᱟᱢᱫᱚ ᱥᱮᱛᱟᱜ ᱗ᱺ᱐᱐ ᱠᱷᱚᱱ ᱟᱹᱭᱩᱵ ᱕ᱺ᱐᱐ ᱢᱩᱫᱽᱨᱮ ᱡᱟᱦᱟᱸ ᱛᱤᱱ ᱨᱮᱜᱮᱢ ᱧᱮᱞ ᱫᱲᱟᱮᱭᱟᱜᱼᱟ ᱾"
3143,वयस्कों के लिए प्रविष्टि फीस क्या है?,ᱥᱮᱱᱲᱟ ᱦᱚᱲ ᱠᱚ ᱞᱟᱹᱜᱤᱫ ᱵᱚᱞᱚᱜ ᱜᱚᱱᱚᱝ ᱫᱚ ᱛᱤᱱᱟᱹᱜ ᱠᱟᱱᱟ ?
3144,वयस्कों के लिए कोई अलग प्रविष्टि भुगतान नहीं है.,ᱥᱮᱸᱲᱟ ᱦᱚᱲᱠᱚ ᱞᱟᱹᱜᱤᱫ ᱡᱟᱦᱟᱱ ᱵᱷᱮᱜᱟᱨ ᱵᱚᱞᱚᱜ ᱜᱚᱱᱚᱝ ᱫᱚ ᱵᱟᱹᱱᱩᱜᱼᱟ ᱿
3145,यह इस पर निर्भर करता है कि आप एक भारतीय या एक विदेशी हैं या नहीं.,ᱱᱚᱶᱟᱫᱚ ᱟᱢ ᱵᱷᱟᱨᱚᱛ ᱨᱮᱱ ᱥᱮ ᱵᱤᱞᱟᱹᱛ ᱨᱮᱱ ᱠᱟᱱᱟᱢ ᱚᱱᱟ ᱪᱮᱛᱟᱱ ᱨᱮᱭ ᱴᱮᱦᱟᱸᱰᱟ ᱾
3146,भारतीयों के लिए यह 35 रुपये और विदेशियों के लिए है.,ᱵᱷᱟᱨᱚᱛᱤᱭᱚ ᱠᱚ ᱞᱟᱹᱜᱤᱫ ᱓᱕ ᱴᱟᱠᱟ ᱟᱨ ᱵᱤᱞᱟᱹᱛᱤ ᱠᱚ ᱞᱟᱹᱜᱤᱫ ᱕᱕᱐ ᱴᱟᱠᱟ ᱾
3147,"मुझे पता है, मैं जेल में एक विद्यार्थी हूँ ।",ᱚᱱᱟ !ᱤᱧᱫᱚ ᱡᱟᱫᱚᱵᱯᱩᱨ ᱡᱮᱜᱮᱫ ᱵᱤᱨᱫᱟᱹᱜᱟᱲᱨᱮᱱ ᱯᱟᱹᱴᱷᱣᱟᱹ ᱠᱟᱱᱟᱹᱧ ᱾
3148,क्या एक विद्यार्थी इस बात को बखूबी समझता है कि मैं इससे फायदा पा सकता हूँ?,ᱱᱚᱸᱰᱮ ᱯᱟᱴᱷᱣᱟᱹ ᱞᱟᱹᱜᱤᱫ ᱪᱷᱟᱹᱲ ᱢᱮᱱᱟᱜᱼᱟ ᱡᱟᱦᱟᱸᱫᱚ ᱤᱧ ᱧᱟᱢ ᱫᱟᱲᱮᱭᱟᱜᱼᱟ ?
3149,मैं अपने चार दोस्तों को भी लाने की योजना बना रहा हूँ.,ᱤᱧ ᱤᱧᱨᱮᱱ ᱯᱳᱱᱭᱟ ᱜᱟᱛᱮᱠᱚ ᱟᱹᱜᱩ ᱨᱮᱭᱟᱜ ᱤᱧ ᱩᱭᱦᱟᱹᱨᱮᱫᱟ ᱿
3150,कोई विद्यार्थी ऐसा नहीं मानता ।,ᱚᱱᱠᱟᱱ ᱡᱟᱦᱟᱱ ᱯᱟᱴᱷᱣᱟᱹ ᱪᱷᱟᱹᱲ ᱵᱟᱹᱱᱩᱜᱼᱟ ᱾
3151,लेकिन यदि आप टिकट्स ऑनलाइन खरीदते हैं या भुगतान के लिए एक क्यूआर कोड स्कैन करते हैं तो आप एक ऋण प्राप्त कर सकते हैं.,ᱡᱩᱫᱤ ᱟᱢ ᱚᱱᱞᱟᱭᱤᱱᱛᱮ ᱴᱤᱠᱤᱴ ᱠᱟᱴᱟᱣᱼᱟ ᱥᱮ ᱠᱤᱣᱩᱟᱨ ᱠᱳᱰ ᱥᱠᱮᱱ ᱠᱟᱛᱮᱜ ᱮᱢ ᱯᱮᱢᱮᱱᱴᱼᱟ ᱮᱱᱠᱷᱟᱱ ᱟᱢ ᱪᱷᱟᱹᱲᱮᱢ ᱧᱟᱢ ᱫᱟᱲᱮᱭᱟᱜᱼᱟ ?
3152,"ओह, यहाँ मेरी संख्या है.","ᱴᱷᱤᱠ ᱜᱮᱭᱟ , ᱱᱚᱜᱼᱚᱭ ᱤᱧᱟᱹᱜ ᱱᱚᱢᱵᱚᱨ ᱾"
3153,क्या आप कृपया मुझे वेबसाइट पर एक लिंक भेज सकते हैं क्या हो सकता है?,ᱟᱢ ᱪᱮᱫ ᱦᱳᱣᱟᱴᱥᱮᱯ ᱨᱮ ᱳᱭᱮᱵᱥᱟᱭᱤᱴ ᱨᱮᱭᱟᱜ ᱢᱤᱫᱴᱟᱝ ᱞᱤᱝᱠ ᱮᱢ ᱠᱳᱞ ᱫᱟᱲᱮᱭᱟᱹᱧᱟᱹ ?
3154,"ज़रूर, मैं कर सकते हैं.","ᱴᱷᱤᱠᱟᱹᱱᱜᱮ, ᱤᱧ ᱱᱚᱶᱟᱧ ᱠᱚᱨᱟᱣ ᱫᱟᱲᱮᱭᱟᱜᱼᱟ ᱾"
3155,आप इस तरह से पहले टिकट अच्छी तरह से पढ़ सकते हैं.,ᱟᱢ ᱱᱚᱝᱠᱟᱛᱮ ᱞᱟᱦᱟᱠᱷᱚᱱᱜᱮ ᱴᱤᱠᱤᱴᱮᱢ ᱵᱩᱠ ᱫᱟᱲᱮᱭᱟᱜᱼᱟ ᱾
3156,"ओह, जो घंटे कम से कम व्यस्त हैं?","ᱴᱷᱤᱠ ᱜᱮᱭᱟ, ᱚᱠᱟ ᱚᱠᱛᱚ ᱡᱚᱛᱚᱠᱷᱚᱱ ᱠᱚᱢ ᱡᱚᱦᱚᱲ ᱛᱟᱦᱮᱱᱟ ᱿"
3157,मेरे दोस्तों और मुझे एक दस्तावेज़ शूट करने के लिए क्वाटब्रर से मिलने की जरूरत है.,ᱢᱤᱫᱴᱟᱝ ᱰᱚᱜᱚᱨᱪᱤᱛᱟᱹᱨ ᱨᱮᱭᱟᱜ ᱥᱩᱴᱤᱝ ᱞᱟᱹᱜᱤᱫ ᱤᱧ ᱟᱨ ᱤᱧᱨᱮᱱ ᱜᱟᱛᱮᱠᱚ ᱠᱩᱛᱩᱵ ᱢᱤᱱᱟᱨᱛᱮ ᱥᱮᱱᱚᱜ ᱦᱩᱭᱩᱜ ᱛᱟᱞᱮᱭᱟ ᱾
3158,"सो, अगर हम भीड़ से दूर रहें तो यह आदर्श होगा ।","ᱚᱱᱟᱛᱮ, ᱵᱷᱤᱲ ᱮᱲᱟᱣ ᱠᱟᱛᱮᱜ ᱦᱩᱭ ᱞᱮᱱᱠᱷᱟᱱ ᱱᱚᱶᱟᱫᱚ ᱱᱟᱯᱟᱭᱚᱜᱼᱟ ᱾"
3159,"स्मारक, नवंबर से मार्च तक का ज़्यादातर वक्‍त व्यस्त है, क्योंकि इसे देखने का यही सबसे अच्छा वक्‍त है ।",ᱩᱭᱦᱟᱹᱨ ᱵᱟᱛᱷᱟᱱᱫᱚ ᱰᱦᱮᱨ ᱚᱠᱛᱚᱜᱮ ᱡᱚᱦᱚᱲ ᱛᱟᱦᱮᱱᱟ ᱮᱱᱠᱷᱟᱱ ᱠᱷᱟᱥ ᱠᱟᱛᱮᱜ ᱱᱚᱵᱷᱮᱢᱵᱚᱨ ᱠᱷᱚᱱ ᱢᱟᱨᱪ ᱦᱟᱹᱵᱤᱡ ᱪᱮᱫᱟᱜ ᱥᱮ ᱱᱚᱶᱟ ᱧᱮᱞ ᱞᱟᱹᱜᱤᱫ ᱱᱤᱭᱟᱹᱫᱚ ᱥᱚᱨᱮᱥ ᱚᱠᱛᱚ ᱠᱟᱱᱟ ᱾
3160,भीड़ ने एक छोटे से उद्देश्य को कम कर दिया है इसलिए अगर आप सुबह जल्दी आते हैं तो शांति में गोली चलाने के लिए सक्षम होना चाहिए.,ᱠᱳᱵᱷᱤᱰ ᱠᱷᱟᱹᱛᱤᱨᱛᱮ ᱵᱷᱤᱲ ᱠᱤᱪᱷᱤ ᱠᱚᱢ ᱟᱠᱟᱱᱟ ᱚᱱᱟᱛᱮ ᱟᱢ ᱡᱩᱫᱤ ᱟᱹᱰᱤ ᱥᱮᱛᱟᱜᱨᱮᱢ ᱦᱤᱡᱩᱜᱼᱟ ᱮᱱᱠᱷᱟᱱ ᱟᱢ ᱵᱮᱥᱛᱮᱢ ᱥᱩᱴᱤᱝ ᱫᱟᱲᱮᱭᱟᱜᱼᱟ ᱾
3161,"ओह, सुबह, मैं मन में यह रखना होगा.","ᱴᱷᱤᱠ ᱜᱮᱭᱟ, ᱟᱹᱰᱤ ᱥᱮᱛᱟᱜ ᱨᱮ, ᱫᱤᱥᱟᱹ ᱠᱟᱹᱜᱟᱹᱧ ᱱᱚᱶᱟᱫᱚ ᱾"
3162,हम टावर के शीर्ष के लिए जा सकते हैं?,ᱟᱞᱮ ᱪᱮᱫ ᱴᱟᱣᱟᱨ ᱪᱮᱛᱟᱱᱨᱮ ᱞᱮ ᱥᱮᱱ ᱫᱟᱲᱮᱭᱟᱜᱼᱟ ?
3163,यह आश्‍चर्य की बात होगी यदि हम अपने दस्तावेज़ के अतिरेर के शीर्ष से दृश्‍य को शामिल कर सकते हैं ।,ᱱᱚᱶᱟᱫᱚ ᱟᱹᱰᱤ ᱦᱟᱦᱟᱲᱟ ᱟᱱᱟᱜ ᱦᱩᱭᱩᱜᱼᱟ ᱡᱩᱫᱤ ᱟᱞᱮ ᱟᱞᱮᱭᱟᱜ ᱰᱚᱜᱚᱨ ᱪᱤᱛᱟᱹᱨᱨᱮ ᱢᱤᱱᱟᱨ ᱪᱮᱛᱟᱱ ᱨᱮᱭᱟᱜ ᱪᱤᱛᱟᱹᱨᱞᱮ ᱥᱮᱞᱮᱫ ᱫᱟᱲᱮᱭᱟᱜᱼᱟ ᱾
3164,"यह संभव था, लेकिन अब एक दुर्घटना के कारण जो कुछ समय पहले हुई थी, अब प्रतिबन्ध लगाया गया है ।","ᱱᱚᱶᱟᱫᱚ ᱢᱟᱲᱟᱝᱨᱮ ᱦᱩᱭ ᱠᱚᱜᱼᱟ, ᱮᱱᱠᱷᱟᱱ ᱠᱤᱪᱷᱤ ᱜᱷᱟᱹᱲᱤᱠ ᱞᱟᱦᱟᱨᱮ ᱜᱷᱚᱴᱟᱣ ᱟᱠᱟᱱ ᱵᱟᱹᱲᱤᱡ ᱜᱷᱚᱴᱚᱱ ᱠᱷᱟᱹᱛᱤᱨᱛᱮ ᱱᱤᱛ ᱢᱟᱱᱟ ᱟᱠᱟᱱᱟ ᱿"
3165,मुझे यकीन है कि आप बाहर से स्मारक की कई सुंदर शॉट्स मिलेगा.,ᱤᱧ ᱴᱷᱤᱠᱟᱹᱱ ᱜᱮᱭᱟ ᱟᱢ ᱵᱟᱨᱦᱮ ᱠᱷᱚᱱᱜᱮ ᱩᱭᱦᱟᱹᱨ ᱵᱟᱛᱷᱟᱱ ᱨᱮᱭᱟᱜ ᱟᱭᱢᱟ ᱱᱟᱯᱟᱭ ᱥᱚᱴᱼᱮᱢ ᱧᱟᱢᱟ ᱿
3166,"ओह, यह निराशाजनक है.",ᱳᱹᱹᱹᱹᱹᱹᱱᱚᱶᱟᱫᱚ ᱢᱚᱞᱤᱱᱜᱮ ᱾
3167,लेकिन मुझे लगता है कि हम क्या मिल सकता है के साथ क्या करेंगे.,ᱢᱮᱱᱠᱷᱟᱱ ᱤᱧ ᱚᱱᱢᱟᱱ ᱮᱫᱟ ᱡᱟᱦᱟᱸᱵᱚ ᱧᱟᱢᱟ ᱚᱱᱟ ᱛᱮᱜᱮ ᱵᱚᱱ ᱠᱚᱨᱟᱣᱼᱟ ᱾
3168,"यह सही है, वहाँ एक कैमरा का उपयोग करने के लिए ठीक है?","ᱚᱸᱰᱮ ᱠᱮᱢᱮᱨᱟ ᱵᱮᱣᱦᱟᱨ ᱴᱷᱤᱠ ᱜᱮᱭᱟ, ᱥᱮ ᱵᱟᱝ ?"
3169,"हाँ, बिल्कुल, कैमरे की अनुमति दी जाती है.","ᱦᱮᱸ, ᱮᱠᱟᱞ ᱜᱮ, ᱠᱮᱢᱮᱨᱟ ᱫᱚ ᱪᱷᱟᱹᱲ ᱜᱮᱭᱟ ᱾"
3170,"सुप्रभात, कैसेMako के लिए अपने यात्रा था?","ᱥᱟᱹᱜᱩᱱ ᱥᱮᱛᱟᱜ, ᱟᱢᱟᱜ ᱢᱚᱦᱟᱨᱟᱥᱴᱨᱚ ᱥᱟᱸᱜᱷᱟᱨ ᱚᱠᱟ ᱞᱮᱠᱟ ᱛᱟᱦᱮᱸᱠᱟᱱᱟ ?"
3171,"हैलो, यह अद्भुत था.","ᱦᱮᱞᱳ, ᱟᱹᱰᱤ ᱱᱟᱯᱟᱭ ᱾"
3172,मैं इतने सारे स्थानों का दौरा किया और स्थानीय भोजन से कुछ ज्ञात स्थानों के लिए इतना परीक्षण किया.,ᱤᱧ ᱟᱭᱢᱟ ᱡᱟᱭᱜᱟᱧ ᱧᱮᱞ ᱠᱮᱫᱟ ᱟᱨ ᱚᱱᱟ ᱠᱚᱨᱮᱱᱟᱜ ᱡᱚᱢᱟᱜ ᱠᱷᱚᱱ ᱮᱦᱚᱵ ᱠᱟᱛᱮᱜ ᱠᱤᱪᱷᱤ ᱧᱩᱢ ᱩᱨᱩᱢ ᱡᱟᱭᱜᱟᱧ ᱧᱮᱞ ᱟᱹᱪᱩᱨ ᱠᱮᱫᱟ ᱾
3173,"तुम्हें मुझे सब कुछ बताना होगा, सब के बाद, तुम मुझे यहाँ छोड़ दिया और एक सप्ताह भर के लिए अकेला चला गया.","ᱤᱧ ᱥᱟᱱᱟᱢᱟᱜ ᱞᱟᱹᱭᱟᱹᱧ ᱦᱩᱭᱩᱜ ᱛᱟᱢᱟ, ᱟᱨ ᱡᱚᱛᱚᱠᱷᱚᱱ ᱢᱟᱨᱟᱝ ᱠᱟᱛᱷᱟ ᱤᱧ ᱱᱚᱸᱰᱮ ᱮᱠᱞᱟ ᱵᱟᱹᱜᱤ ᱠᱟᱛᱮᱜ ᱢᱤᱫ ᱦᱟᱯᱛᱟ ᱞᱟᱹᱜᱤᱫ ᱟᱢ ᱮᱠᱞᱟᱜᱮᱢ ᱥᱮᱱ ᱮᱱᱟ ᱿"
3174,आप भी माहाशी के लिए एक यात्रा लेना चाहिए.,ᱟᱢᱦᱚᱸ ᱢᱚᱦᱟᱨᱟᱥᱴᱨᱚ ᱫᱟᱲᱟᱱ ᱪᱟᱞᱟᱜ ᱦᱩᱭᱩᱜ ᱛᱟᱢᱟ ᱾
3175,"आप वहाँ इतने सारे स्थानों पर भेंट कर सकते हैं, और ख़ासकर जब आप ऐतिहासिक जगहों में हैं ।","ᱚᱸᱰᱮ ᱟᱭᱢᱟ ᱚᱱᱠᱟᱱ ᱡᱟᱭᱜᱟ ᱢᱮᱱᱟᱜᱼᱟ ᱡᱟᱦᱟᱸᱠᱚ ᱟᱢᱮᱢ ᱧᱮᱞ ᱫᱟᱲᱮᱭᱟᱜᱼᱟ, ᱟᱨ ᱵᱤᱥᱮᱥ ᱠᱟᱭᱛᱮ ᱡᱚᱠᱷᱚᱱ ᱟᱢ ᱱᱟᱜᱟᱢᱤᱭᱟᱹ ᱴᱷᱟᱶᱨᱮᱢ ᱪᱟᱞᱟᱜᱼᱟ ᱾"
3176,"जी हाँ, मैं माहेशी की ऐतिहासिक विरासत के बारे में बहुत कुछ सुना.","ᱦᱮᱸ, ᱤᱧ ᱢᱚᱦᱟᱨᱟᱥᱴᱨᱚ ᱨᱮᱭᱟᱜ ᱱᱟᱜᱟᱢ ᱥᱮᱨᱣᱟ ᱤᱫᱤ ᱠᱟᱛᱮᱜ ᱟᱭᱢᱟ ᱠᱟᱛᱷᱟᱧ ᱟᱸᱡᱚᱢ ᱟᱠᱟᱫᱟ ᱾"
3177,आप Arargald दौरा किया?,ᱟᱢ ᱳᱣᱨᱚᱝᱜᱚᱵᱟᱫ ᱮᱢ ᱥᱮᱱᱞᱮᱱᱟ ᱿
3178,"जाहिर है, मैं इस बार लापता होने की संभावना नहीं ले सकता.","ᱱᱤᱦᱟᱹᱛ ᱜᱮ, ᱱᱤᱭᱟᱹ ᱵᱟᱨ ᱫᱚ ᱚᱱᱟ ᱮᱨᱮᱲ ᱨᱮᱭᱟ ᱫᱟᱣᱜᱮ ᱵᱟᱹᱧ ᱦᱟᱛᱟᱣ ᱟᱠᱟᱫᱟ ᱾"
3179,मैं पहले से ही इन जगहों के बारे में इतना कुछ पढ़ चुका हूँ... ... और पिछली बार मैं Argand दौरा करने के लिए समय से बाहर था.,ᱱᱤᱭᱟᱹ ᱢᱩᱫᱽ ᱤᱧ ᱚᱱᱟ ᱴᱷᱟᱶᱠᱚ ᱤᱫᱤ ᱠᱟᱛᱮᱜ ᱟᱭᱢᱟᱧ ᱯᱟᱲᱦᱟᱣ ᱟᱠᱟᱫᱟ ᱟᱨ ᱢᱩᱪᱟᱹᱫ ᱫᱷᱟᱣ ᱳᱣᱨᱚᱝᱜᱚᱵᱟᱫ ᱪᱟᱞᱟᱜ ᱚᱠᱛᱚ ᱵᱟᱹᱧ ᱛᱟᱦᱮᱸᱠᱟᱱᱟ ᱿
3180,आपने वहाँ कितने दिन बिताए और आपने क्या देखा?,ᱟᱢ ᱚᱸᱰᱮ ᱛᱤᱱᱟᱹᱜ ᱫᱤᱱᱮᱢ ᱠᱟᱴᱟᱣ ᱟᱠᱟᱫᱟ ᱟᱨ ᱟᱢ ᱪᱮᱫᱠᱚᱢ ᱧᱮᱞ ᱟᱠᱟᱫᱟ ?
3181,इस बार मैं करीब 10 दिन तक वहाँ था इसलिए मेरे पास काफी वक्‍त था ।,ᱱᱤᱭᱟᱹ ᱵᱟᱨᱫᱚ ᱤᱧ ᱡᱟᱹᱱᱤᱡ ᱑᱐ ᱫᱤᱱ ᱞᱟᱹᱜᱤᱫ ᱚᱸᱰᱮᱧ ᱛᱟᱦᱮᱸᱠᱟᱱᱟ ᱚᱱᱟᱛᱮ ᱪᱟᱵᱟᱭ ᱞᱟᱹᱜᱤᱫ ᱟᱹᱰᱤ ᱜᱷᱟᱹᱲᱤᱡ ᱤᱧ ᱛᱟᱦᱮᱸᱠᱟᱱᱟ ᱿
3182,मैं मशहूर अंजिला और ईलोरा गुफा में गया ।,ᱤᱧᱫᱚ ᱧᱩᱛᱩᱢᱟᱱ ᱚᱡᱚᱱᱛᱟ ᱟᱨ ᱤᱞᱳᱨᱟ ᱜᱷᱚᱸᱜᱚᱨ ᱤᱧ ᱧᱮᱞ ᱟᱠᱟᱫᱟ ᱿
3183,वे अपनी गुफा और बौद्ध - धर्म की तसवीरों के लिए मशहूर हैं ।,"ᱚᱡᱚᱱᱛᱟ ᱜᱷᱚᱸᱜᱚᱨ, ᱳᱣᱨᱚᱝᱜᱚᱵᱟᱫ ᱨᱮᱭᱟᱜ ᱧᱩᱢᱟᱱ ᱢᱟᱨᱮᱱ ᱱᱟᱜᱟᱢᱤᱭᱟᱹ ᱴᱷᱟᱶᱠᱚ ᱟᱠᱚᱣᱟᱜ ᱜᱷᱚᱸᱜᱚᱨ ᱪᱤᱛᱟᱹᱨ ᱟᱨ ᱵᱳᱣᱫᱷᱚ ᱜᱚᱲᱦᱚᱱ ᱠᱷᱟᱹᱛᱤᱨ ᱛᱮ ᱥᱚᱨᱮᱥ ᱜᱮᱭᱟ ᱿"
3184,यह हरे - भरे पहाड़ों से घिरा हुआ है ।,"ᱱᱚᱶᱟ ᱵᱮᱲᱦᱟᱭᱛᱮ ᱱᱤᱨᱚᱲ ᱵᱩᱨᱩ, ᱱᱚᱶᱟ ᱜᱷᱚᱸᱜᱚᱨ ᱠᱚᱫᱚ ᱵᱦᱟᱨᱚᱛᱤᱭᱚ ᱠᱩᱸᱫᱟᱹᱣ ᱪᱤᱛᱟᱹᱨ ᱠᱚᱭ ᱡᱷᱟᱞᱠᱟᱣᱼᱟ ᱾"
3185,इरामोरा गुफा को दुनिया की सबसे बड़ी चट्टानों की गुफा में से एक माना जाता है.,ᱤᱞᱳᱨᱟ ᱜᱷᱚᱸᱜᱚᱨ ᱫᱷᱟᱹᱨᱛᱤ ᱨᱮᱭᱟᱜ ᱡᱚᱛᱚᱠᱷᱚᱱ ᱢᱟᱨᱟᱝ ᱫᱷᱤᱨᱤ ᱠᱩᱸᱫᱟᱹᱣ ᱜᱷᱚᱸᱜᱚᱨ ᱠᱚ ᱢᱩᱫᱽᱨᱮ ᱢᱤᱫᱴᱟᱝ ᱞᱮᱠᱟᱛᱮ ᱵᱟᱪᱷᱟᱚᱣᱜᱼᱟ ᱿
3186,यु. 600 से 1000 के बीच बनाया गया था ।,"ᱱᱚᱶᱟ ᱠᱚᱫᱚ ᱖᱐᱐ ᱟᱨ ᱑᱐᱐᱐ ᱥᱤᱤ ᱢᱩᱫᱽᱨᱮ ᱵᱮᱱᱟᱣ ᱟᱠᱟᱱᱟ, ᱤᱞᱳᱨᱟ ᱜᱩᱦᱟ ᱫᱚ ᱑᱐᱐ ᱜᱚᱴᱟᱝ ᱦᱤᱱᱫᱩ, ᱡᱳᱭᱱᱚ ᱟᱨ ᱵᱳᱣᱫᱷᱚ ᱜᱩᱦᱟᱛᱮ ᱵᱮᱱᱟᱣ ᱟᱠᱟᱱᱟ, ᱡᱟᱦᱟᱸᱠᱚ ᱢᱩᱫᱽᱨᱮ ᱓᱔ ᱜᱚᱴᱟᱝ ᱫᱚ ᱧᱮᱧᱮᱞ ᱠᱚ ᱞᱟᱹᱜᱤᱫ ᱫᱚ ᱡᱷᱤᱡ ᱜᱮᱭᱟ ᱾"
3187,क्या तुमने काई कानाथ मंदिर देखा था?,ᱟᱢ ᱠᱳᱭᱞᱟᱥᱱᱟᱛᱷ ᱢᱚᱱᱫᱤᱨ ᱮᱢ ᱧᱮᱞ ᱟᱠᱟᱫᱟ ?
3188,मैंने सुना है कि यह सबसे बड़ा रॉक अपीय मंदिर है।,ᱤᱧ ᱟᱸᱡᱚᱢ ᱟᱠᱟᱫᱟ ᱱᱚᱶᱟᱫᱚ ᱫᱷᱤᱨᱤ ᱠᱩᱸᱫᱟᱹᱣ ᱠᱟᱛᱮᱜ ᱵᱮᱱᱟᱣ ᱢᱚᱱᱫᱤᱨ ᱠᱟᱱᱟ ᱾
3189,"कानानानाना एक डरावना गुफा है, जो ऐलारा की ३४ पुरानी गुफा में से एक है ।",ᱠᱳᱭᱞᱟᱥᱱᱟᱛᱷ ᱢᱚᱱᱫᱤᱨ ᱢᱤᱫ ᱦᱟᱦᱟᱲᱟᱼᱟᱱ ᱜᱩᱦᱟ ᱢᱚᱱᱫᱤᱨ ᱠᱟᱱᱟᱢ ᱡᱟᱦᱟᱸᱫᱚ ᱤᱞᱳᱨᱟ ᱨᱮᱭᱟᱜ ᱓᱔ ᱜᱚᱴᱟᱝ ᱢᱟᱨᱮ ᱜᱩᱦᱟ ᱠᱚ ᱢᱩᱫ ᱨᱮᱭᱟᱜ ᱢᱤᱫᱴᱟᱝ ᱠᱟᱱᱟ ᱾
3190,ईलोरा गुफा की 16वीं गुफा है ।,"ᱤᱞᱳᱨᱟ ᱫᱚ ᱜᱩᱦᱟ ᱠᱚ ᱨᱮᱭᱟᱜ ᱑᱖ ᱟᱱᱟᱜ ᱜᱩᱦᱟ ᱠᱟᱱᱟ, ᱠᱳᱭᱞᱟᱥᱱᱟᱛᱷ ᱫᱚ ᱦᱩᱭᱩᱜ ᱠᱟᱱᱟ ᱨᱟᱥᱴᱨᱚᱠᱩᱴ ᱨᱟᱡᱽᱵᱚᱝᱥᱚ ᱚᱠᱛᱮ ᱨᱮ ᱵᱮᱱᱟᱣ ᱟᱠᱟᱱᱟ ᱟᱨ ᱥᱤᱵ ᱵᱚᱸᱜᱟ ᱥᱳᱯᱨᱳᱫ ᱟᱠᱟᱱ ᱢᱤᱫᱴᱟᱝ ᱫᱷᱤᱨᱤ ᱜᱚᱲᱦᱚᱱ ᱾"
3191,आप इसका मतलब है कि यह Drvvidian रचना है?,ᱟᱢᱮᱢ ᱞᱟᱭ ᱟᱪᱚᱭᱮᱫᱟ ᱱᱚᱶᱟᱫᱚ ᱫᱨᱟᱵᱤᱲ ᱵᱮᱱᱟᱣ ᱠᱟᱹᱨᱤ ᱠᱟᱱᱟ ?
3192,यह डॉवडा भवन में पूरी तरह से है.,ᱱᱚᱶᱟᱫᱚ ᱯᱩᱨᱟᱹᱜᱮ ᱫᱨᱟᱵᱤᱲ ᱵᱮᱱᱟᱣ ᱠᱟᱹᱨᱤ ᱠᱟᱱᱟ ᱾
3193,"मशहूर Ajaaa गुफा का एक हिस्सा है, वहाँ 29 चट्टानों की एक कुल चट्टानों की गुफा है जो शांत और शांति से बाहर, जो 2वीं सदी BC और विशेषता मठों और चांसियों के लिए वापस।","ᱧᱩᱛᱩᱢᱟᱱ ᱚᱡᱚᱱᱛᱟ ᱜᱩᱦᱟ ᱦᱤᱸᱥᱨᱮ, ᱜᱩᱴ ᱒᱙ ᱜᱚᱴᱟᱝ ᱫᱷᱤᱨᱤᱼᱜᱮᱫ ᱟᱜ ᱵᱳᱣᱫᱷᱚ ᱜᱩᱦᱟ ᱢᱮᱱᱟᱜᱼᱟ ᱡᱟᱦᱟᱸᱫᱚ ᱥᱟᱹᱱᱛᱤ ᱟᱨ ᱱᱤᱨᱟᱹᱞᱟᱭ ᱵᱮᱱᱟᱣᱼᱟ, ᱚᱱᱟᱠᱚᱫᱚ ᱠᱷᱤᱥᱴᱚ ᱯᱩᱨᱵᱚ ᱒ ᱥᱚᱛᱟᱵᱫᱤ ᱨᱮᱭᱟᱜ ᱠᱟᱱᱟ ᱟᱨ ᱱᱚᱸᱰᱮ ᱢᱚᱴᱷ ᱟᱨ ᱪᱳᱭᱛᱚ ᱜᱨᱤᱦᱚ ᱠᱚ ᱢᱮᱱᱟᱜᱼᱟ ᱾"
3194,सिंहों की दीवारें सुंदर और प्रभावशाली मूर्तियों से ढकी हुई हैं जो गॉटमा मोर के जीवन के बारे में बताते हैं ।,ᱜᱩᱦᱟ ᱠᱚ ᱨᱮᱭᱟᱜ ᱵᱷᱤᱛ ᱫᱚ ᱱᱟᱯᱟᱭ ᱪᱤᱛᱟᱹᱨ ᱟᱨ ᱨᱚᱡᱷᱤᱟᱹᱜ ᱞᱮᱠᱟᱱ ᱜᱚᱲᱦᱚᱱ ᱪᱤᱛᱟᱹᱨ ᱛᱮ ᱥᱟᱡᱟᱣ ᱢᱮᱱᱟᱜᱼᱟ ᱡᱟᱦᱟᱸᱫᱚ ᱜᱳᱣᱛᱚᱢ ᱵᱩᱫᱫᱷᱚᱼᱟᱜ ᱡᱤᱭᱤᱱᱤᱫᱤ ᱠᱟᱛᱮᱭ ᱞᱟᱹᱭᱟ ᱿
3195,"यह सच है कि बौद्ध भवन, सबसे प्राचीन कला में से एक है ।","ᱥᱟᱹᱨᱤᱜᱮ, ᱵᱳᱣᱫᱷᱚ ᱛᱷᱟᱯᱚᱛᱛᱚ ᱩᱯᱚᱢᱟᱦᱟᱫᱤᱥᱚᱢ ᱨᱮᱭᱟᱜ ᱡᱚᱛᱚᱠᱷᱚᱱ ᱢᱟᱨᱮᱱ ᱮᱱᱮᱢ ᱠᱟᱱᱟ ᱾"
3196,वहाँ इस्लामी इमारत के बारे में क्या?,ᱚᱸᱰᱮᱱᱟᱜ ᱢᱩᱥᱞᱟᱹ ᱠᱩᱸᱫᱟᱹᱣ ᱠᱟᱹᱨᱤ ᱨᱮᱭᱟᱜ ᱫᱚ ᱪᱮᱫ ᱦᱩᱭᱩᱜᱼᱟ ?
3197,"आप निश्‍चित रूप से जाँधा को — जो आध्यात्मिक रूप से महत्त्वपूर्ण स्मारकों में से एक है, भेंट करनी चाहिए और उसकी असाधारण इमारतों के लिए प्रसिद्ध है ।","ᱟᱢᱫᱚ ᱡᱟᱢᱟ ᱢᱚᱥᱡᱤᱫ ᱧᱮᱞ ᱞᱟᱹᱠᱛᱤ ᱠᱟᱱᱟ, ᱡᱟᱦᱟᱸᱫᱚ ᱟᱫᱷᱟᱛᱛᱤᱠ ᱞᱮᱠᱟᱛᱮ ᱞᱟᱹᱠᱛᱤᱭᱟᱢ ᱳᱣᱨᱚᱝᱜᱚᱵᱟᱫ ᱩᱭᱦᱟᱹᱨ ᱵᱟᱛᱷᱟᱱ ᱠᱚ ᱢᱩᱫ ᱨᱮᱱᱟᱜ ᱢᱤᱫᱴᱟᱝ ᱠᱟᱱᱟ ᱟᱨ ᱱᱚᱶᱟᱫᱚ ᱟᱡᱟᱜ ᱜᱚᱲᱦᱚᱱ ᱠᱟᱹᱨᱤ ᱞᱟᱹᱜᱤᱫ ᱟᱹᱰᱤᱭ ᱱᱟᱯᱟᱭ ᱜᱮᱭᱟ ᱾"
3198,"इस इस्लामी मंदिर में 50 बहुभुज वाले खम्भे हैं, उच्च स्तर, और श्रद्धा- लिफाफेद- बिल्डर।","ᱱᱤᱭᱟᱹ ᱢᱩᱥᱞᱟᱹ ᱫᱮᱵᱟᱼᱥᱮᱵᱟ ᱴᱷᱟᱶᱨᱮ ᱜᱩᱴ ᱕᱐ ᱜᱚᱴᱟᱝ ᱵᱚᱦᱩᱵᱷᱩᱡ ᱠᱷᱩᱱᱴᱤ, ᱩᱥᱩᱞ ᱢᱤᱱᱟᱨ ᱟᱨ ᱦᱟᱦᱟᱲᱟᱼᱟᱱ ᱠᱷᱤᱞᱟᱱ ᱢᱮᱱᱟᱜᱼᱟ ᱾"
3199,"क्या आपने अंदा गुफा भी देखी है, जो Ajjara और ईएला से थोड़ा अलग हैं?","ᱟᱢ ᱪᱮᱫ ᱳᱣᱨᱚᱝᱜᱚᱵᱟᱫ ᱜᱩᱦᱟᱢ ᱧᱮᱞ ᱟᱠᱟᱫᱟ, ᱡᱟᱦᱟᱸ ᱠᱚᱫᱚ ᱚᱡᱚᱱᱛᱟ ᱟᱨ ᱤᱞᱳᱨᱟ ᱠᱷᱚᱱ ᱱᱟᱥᱮ ᱱᱟᱜ ᱵᱷᱮᱜᱟᱨ ᱜᱮᱭᱟ ?"
3200,"जी हाँ, सा. यु.","ᱦᱮᱸ, ᱙ ᱟᱱᱟᱜ ᱥᱚᱛᱟᱵᱫᱤ ᱨᱮ ᱱᱚᱶᱟ ᱞᱟ ᱦᱩᱭ ᱞᱮᱱᱟ,ᱤᱞᱳᱨᱟ ᱜᱩᱦᱟ ᱠᱚᱫᱚ ᱢᱚᱬᱮ ᱜᱚᱴᱟᱝ ᱢᱟᱨᱮ ᱡᱚᱭᱱᱚ ᱜᱩᱦᱟ ᱠᱚ ᱨᱮᱭᱟᱜ ᱢᱤᱫ ᱜᱩᱴ ᱢᱮᱱᱟᱜᱼᱟ ᱟᱨ ᱱᱚᱶᱟᱫᱚ ᱳᱣᱨᱚᱝᱜᱚᱵᱟᱫ ᱨᱮᱭᱟᱜ ᱢᱤᱫ ᱧᱩᱢᱟᱱ ᱩᱭᱦᱟᱹᱨ ᱵᱟᱛᱷᱟᱱᱮ ᱵᱮᱱᱟᱣ ᱟᱠᱟᱫᱟ ᱿"
3201,इन गुफाओं में यन्‍नवाद के विश्‍वास और प्रचार के बारे में सिखाया जाता है ।,"ᱨᱤᱡᱷᱟᱹᱜ ᱞᱮᱠᱟᱱ ᱠᱷᱚᱫᱟ ᱪᱤᱛᱟᱹᱨ ᱟᱨ ᱯᱮᱱᱴᱤᱝ ᱯᱷᱞᱟᱱᱴᱤᱝ, ᱱᱤᱭᱟᱹ ᱜᱷᱚᱸᱜᱚᱨ ᱠᱚᱫᱚ ᱡᱚᱭᱱᱚ ᱫᱷᱚᱨᱚᱢ ᱨᱮ ᱯᱟᱹᱛᱭᱟᱹᱣ ᱟᱨ ᱯᱟᱥᱱᱟᱣ ᱠᱚ ᱢᱟᱱᱟᱣᱼᱮᱫ ᱛᱟᱦᱮᱸᱜ ᱾"
3202,"मुझे लगता है कि तुम बिस्बी माबरा याद नहीं था, जो ताज महल की एक नकल लग रही है.","ᱤᱧ ᱢᱚᱱᱮᱭᱟ ᱦᱩᱭᱩᱜ ᱠᱟᱱᱟ ᱵᱤᱵᱤ ᱠᱟ ᱢᱟᱠᱵᱟᱨᱟ ᱧᱮᱞ ᱫᱚ ᱵᱟᱢ ᱦᱤᱲᱤᱧ ᱟᱠᱟᱫᱟ, ᱡᱟᱦᱟᱸᱫᱚ ᱛᱟᱡᱽᱢᱚᱦᱚᱞ ᱞᱮᱠᱟ ᱧᱮᱞᱚᱜᱼᱟ ᱿"
3203,मैं दुनिया के लिए यह याद नहीं कर सका.,ᱤᱧᱫᱚ ᱫᱷᱟᱹᱨᱛᱤ ᱞᱟᱹᱜᱤᱫ ᱵᱟᱹᱧ ᱦᱤᱲᱤᱧ ᱫᱟᱲᱮᱭᱟᱜᱼᱟ ᱿
3204,बिस्बी- चिप्पा को अपनी प्यारी पत्नी डेरा बोउम की प्यारी याद में पिछले Merghga के द्वारा बनाया गया था.,ᱵᱤᱵᱤᱼᱠᱟᱼᱢᱟᱠᱵᱟᱨᱟ ᱫᱚ ᱢᱩᱜᱷᱚᱞ ᱨᱟᱡᱽᱯᱟᱴ ᱨᱮᱢ ᱢᱩᱪᱟᱹᱫ ᱥᱟᱥᱚᱠ ᱳᱣᱨᱚᱝᱜᱚᱡᱮᱵ ᱟᱡᱽᱨᱮᱱ ᱫᱩᱞᱟᱹᱲᱤᱭᱟᱹ ᱚᱲᱟᱜ ᱮᱨᱟ ᱫᱤᱞᱨᱟᱥ ᱵᱟᱱᱩ ᱵᱮᱜᱚᱢ ᱼᱟᱜ ᱩᱭᱦᱟᱹᱨᱛᱮᱭ ᱵᱮᱱᱟᱣ ᱞᱮᱫᱟ ᱾
3205,माना जाता है कि यह प्रेम का साक्षात्‌ रूप है और अबाबाद में सबसे बड़े ऐतिहासिक स्थानों में से एक है ।,ᱱᱚᱶᱟᱫᱚ ᱫᱩᱞᱟᱹᱲ ᱨᱮᱭᱟᱜ ᱪᱤᱱᱦᱟᱹ ᱟᱨ ᱳᱣᱨᱚᱝᱜᱚᱵᱟᱫ ᱨᱮᱭᱟᱜ ᱧᱩᱛᱩᱢᱟᱱ ᱢᱩᱲᱩᱫ ᱱᱟᱜᱟᱢᱤᱭᱟᱹ ᱴᱷᱟᱶ ᱞᱮᱠᱟᱛᱮ ᱞᱟᱹᱭᱚᱜᱼᱟ ᱾
3206,"शुद्ध सफेद संगमरमर के बने और जटिल पत्थरों से सजाया गया बनाया गया था, यह संरचना एक सबसे बड़े Argagargad स्मारकों में से एक है ।","ᱠᱷᱟᱹᱴᱤ ᱯᱳᱲ ᱢᱟᱨᱵᱮᱞ ᱛᱮ ᱵᱮᱱᱟᱣ ᱟᱨ ᱞᱤᱴᱤ ᱵᱤᱲᱥᱤ ᱠᱷᱚᱫᱟ ᱠᱟᱹᱨᱤᱛᱮ ᱥᱟᱡᱟᱣ, ᱱᱤᱭᱟᱹ ᱛᱷᱟᱯᱱᱟᱣ ᱨᱮᱦᱚᱸ ᱳᱣᱨᱚᱝᱜᱟᱵᱟᱫ ᱨᱮᱭᱟᱜ ᱡᱚᱛᱚᱠᱷᱚᱱ ᱢᱟᱨᱟᱝ ᱩᱭᱦᱟᱹᱨ ᱵᱟᱛᱷᱟᱱ ᱢᱩᱫᱨᱮ ᱢᱤᱫᱴᱟᱝ ᱠᱟᱱᱟ ᱾"
3207,वाह! तुम मुझे जलन बना दिया.,ᱪᱮᱫ ᱱᱟᱯᱟᱭ ! ᱟᱢ ᱤᱧᱮᱢ ᱨᱟᱹᱜᱤ ᱟᱪᱚᱧ ᱠᱟᱱᱟ ᱾
3208,अगली बार जब मैं तुम्हें किसी भी बात में शामिल हो जाऊंगा.,ᱛᱟᱭᱚᱢ ᱛᱮᱫᱚ ᱟᱨ ᱡᱟᱦᱟᱱᱟᱜ ᱜᱮ ᱦᱩᱭᱩᱜ ᱟᱢ ᱥᱟᱶᱛᱮ ᱤᱧᱦᱚᱧ ᱪᱟᱞᱟᱜᱼᱟ ᱾
3209,"अरे, सूफ़ी.","ᱟᱨᱮ, ᱥᱩᱯᱷᱤ ᱾"
3210,तुम अभी व्यस्त हो?,ᱟᱢ ᱪᱮᱫ ᱱᱤᱛ ᱡᱚᱦᱚᱲ ᱢᱮᱱᱟᱢᱟ ?
3211,हे किट.,ᱟᱨᱮ ᱠᱤᱨᱟᱛ ᱾
3212,सच में नहीं.,ᱟᱥᱚᱞᱨᱮ ᱚᱱᱠᱟ ᱫᱚ ᱾
3213,मुझे बताओ.,ᱤᱧ ᱞᱟᱹᱭᱟᱹᱧ ᱢᱮ ᱾
3214,मैं अपने पिता uu की मदद कर रहा था उसके कागजागार की कुछ व्यवस्था.,ᱤᱧ ᱟᱯᱟᱛ ᱟᱡᱟᱜ ᱠᱤᱪᱷᱤ ᱠᱟᱜᱚᱡᱽ ᱨᱮᱭᱟᱜ ᱠᱟᱹᱢᱤ ᱨᱮᱧ ᱜᱚᱲᱚ ᱟᱫᱮ ᱛᱟᱦᱮᱸ ᱾
3215,और मैं एक योजना मिल गया है वह में निवेश किया है लेकिन खासों को याद नहीं है.,ᱟᱨ ᱢᱤᱫᱴᱟᱝ ᱱᱚᱝᱠᱟᱱ ᱥᱠᱤᱢ ᱤᱧ ᱧᱟᱢ ᱟᱠᱟᱫᱟ ᱡᱟᱦᱟᱸ ᱫᱚ ᱩᱱᱤ ᱠᱟᱹᱣᱰᱤ ᱥᱚᱯᱚᱦᱚᱫ ᱮ ᱮᱢ ᱟᱠᱟᱫᱟ ᱮᱱᱠᱷᱟᱱ ᱱᱚᱶᱟ ᱨᱮᱭᱟᱜ ᱵᱚᱨᱱᱚᱱ ᱠᱚ ᱫᱚ ᱵᱟᱹᱧ ᱫᱤᱥᱟᱹ ᱮᱫᱟ ᱾
3216,क्या तुम मुझे इसके साथ मदद कर सकते हैं?,ᱟᱢ ᱪᱮᱫ ᱤᱧ ᱮᱢ ᱜᱚᱲᱚ ᱫᱟᱲᱮ ᱟᱹᱧᱟᱹ ?
3217,आप एक NGO के साथ काम किया है जो इस तरह की बातों के साथ वृद्ध नागरिकों की मदद करता है.,.ᱟᱢ ᱢᱤᱫᱴᱟᱝ NGO ᱥᱟᱶ ᱮᱢ ᱠᱟᱹᱢᱤᱟᱠᱟᱫᱟ ᱡᱟᱦᱟᱸ ᱯᱩᱨᱩᱫᱷᱩᱞ ᱱᱟᱜᱚᱨᱤᱭᱟᱹ ᱠᱚ ᱱᱚᱝᱠᱟᱱ ᱡᱤᱱᱤᱥ ᱠᱚᱨᱮᱭ ᱜᱚᱲᱚ ᱟᱫ ᱠᱚ ᱛᱟᱦᱮᱸ ᱾
3218,"हाँ, हाँ.","ᱦᱮᱸ, ᱦᱮᱸ,᱾"
3219,मुझे बताओ कि तुम क्या देखते हो?,ᱞᱟᱹᱭ ᱢᱮ ᱟᱢ ᱪᱮᱫ ᱮᱢ ᱧᱮᱞ ᱮᱫᱟ ?
3220,सो कागज में लिखा है: प्रधानमंत्री वॉना योयाना ।,ᱛᱟᱦᱞᱮ ᱠᱷᱟᱱ ᱠᱟᱜᱚᱡᱽ ᱫᱚᱭ ᱯᱟᱲᱦᱟᱣ ᱟᱠᱟᱫᱟ ᱺ ᱯᱨᱚᱫᱷᱟᱱᱢᱚᱱᱛᱨᱤ ᱵᱷᱟᱭᱟ ᱵᱚᱱᱫᱚᱱᱟ ᱡᱳᱡᱚᱱᱟ ᱾
3221,यह किस बारे में है?,ᱱᱚᱶᱟ ᱫᱚ ᱪᱮᱫ ᱵᱟᱨᱮᱛᱮ ?
3222,इसके क्या फायदे हैं?,ᱯᱚᱲᱛᱟ ᱫᱚ ᱪᱮᱫ ?
3223,यह कैसे कार्य करता है?,ᱪᱮᱫ ᱞᱮᱠᱟᱭ ᱠᱟᱹᱢᱤᱭᱟ ?
3224,"ओह, वह इस में निवेश किया है?","ᱳᱦ, ᱩᱱᱤ ᱱᱚᱶᱟ ᱨᱮ ᱥᱚᱯᱚᱦᱚᱫ ᱠᱟᱹᱣᱰᱤᱭ ᱮᱢ ᱟᱠᱟᱫᱟ ?"
3225,यह एक अच्छा हित योजना है नियंत्रणहीन द्वारा.,ᱱᱚᱶᱟ ᱫᱚ ᱥᱚᱨᱠᱟᱨ ᱟᱜ ᱵᱷᱟᱜᱮ ᱯᱟᱱᱛᱷᱟ ᱠᱟᱱᱟ ᱾
3226,इस योजना की वजह से लोगों को प्रचार करने में मदद मिल सकती है ।,ᱱᱚᱶᱟ ᱯᱟᱱᱛᱷᱟ ᱫᱚ ᱠᱟᱹᱣᱰᱤ ᱛᱷᱚᱱᱚᱛᱨᱮ ᱢᱮᱱᱟᱜᱼᱟ ᱾
3227,यह बाजार के एक वित्तीय प्रभाव से वृद्ध नागरिकों की रक्षा करने के लिए बनाया जाता है.,ᱱᱚᱶᱟ ᱫᱚ ᱯᱩᱨᱩᱫᱷᱩᱞ ᱱᱟᱜᱚᱨᱤᱭᱟᱹ ᱠᱚ ᱵᱟᱡᱟᱨ ᱨᱮᱭᱟᱜ ᱠᱟᱹᱣᱰᱤ ᱚᱨᱥᱚᱝ ᱠᱷᱚᱱ ᱵᱟᱧᱪᱟᱣ ᱞᱟᱹᱜᱤᱫ ᱵᱮᱱᱟᱣ ᱦᱩᱭ ᱟᱠᱟᱱᱟ ᱾
3228,मैं यह नहीं मिलता है?,ᱤᱧ ᱫᱚ ᱪᱮᱫ ᱵᱟᱹᱧ ᱧᱟᱢᱼᱟ ?
3229,यह एक गतिशील बाजार निवेश से उनकी रक्षा कैसे करता है?,ᱪᱮᱫ ᱞᱮᱠᱟᱛᱮ ᱱᱚᱶᱟ ᱫᱚ ᱪᱟᱞᱟᱜᱠᱟᱱ ᱵᱟᱡᱟᱨ ᱨᱮᱭᱟᱜ ᱥᱚᱯᱚᱦᱚᱫ ᱠᱟᱹᱣᱰᱤ ᱠᱷᱚᱱ ᱮ ᱵᱟᱧᱪᱟᱣᱼᱟ ᱾
3230,आइए मैं आपको बताऊँ ।,ᱵᱤᱪᱷᱱᱟᱹᱣ ᱛᱮ ᱞᱟᱹᱭᱟᱹᱧ ᱢᱮ ᱾
3231,"तो फिर, यदि निवेश से लाभ उठाने में भविष्य गिरता है तो यह योजना ऐसे अनपेक्षित निवेशों से एक वैकल्पिक सहायक प्रदान करती है ।","ᱮᱱᱠᱷᱟᱱ, ᱡᱩᱫᱤ ᱥᱚᱯᱚᱦᱚᱫ ᱠᱟᱹᱣᱰᱤ ᱠᱷᱚᱱ ᱦᱟᱯᱮᱱᱫᱤᱱ ᱨᱮ ᱥᱩᱫᱽ ᱟᱨᱡᱟᱣ ᱦᱟᱯᱤᱫᱚᱜᱼᱟ ᱮᱱᱠᱷᱟᱱ ᱱᱚᱶᱟ ᱥᱠᱤᱢ ᱫᱚ ᱱᱚᱝᱠᱟᱱ ᱵᱤᱱ ᱴᱷᱟᱹᱣᱠᱟᱹ ᱟᱱ ᱥᱚᱯᱚᱦᱚᱫ ᱠᱟᱹᱣᱰᱤ ᱠᱷᱚᱱ ᱮᱴᱟᱜ ᱦᱚᱨᱟᱭ ᱥᱟᱨᱵᱷᱟᱨᱼᱟ ᱾"
3232,"इस योजना में, वृद्ध नागरिक अपने निवेश पर ८ प्रतिशत आश्‍वस्त वापसी पाते हैं ।",ᱱᱚᱶᱟ ᱯᱟᱱᱛᱷᱟ ᱨᱮᱭᱟᱜ ᱟᱣᱛᱟᱨᱮ ᱯᱩᱨᱩᱫᱷᱩᱞ ᱱᱟᱜᱚᱨᱤᱭᱟᱹ ᱠᱚ ᱫᱚ ᱟᱠᱚᱣᱟᱜ ᱥᱚᱯᱚᱦᱚᱫ ᱞᱟᱹᱜᱤᱫ ᱔ ᱥᱟᱭᱦᱤᱸᱥ ᱧᱟᱢ ᱨᱮᱭᱟᱜ ᱠᱚ ᱟᱥᱚᱜᱼᱟ ᱾
3233,और अगर वहाँ एक अलग वापसी है तो कि सरकार द्वारा उठाए गए हैं।,ᱟᱨ ᱡᱩᱫᱤ ᱡᱟᱦᱟᱱ ᱰᱤᱯᱟᱨᱮᱱᱥᱤᱭᱟᱞ ᱨᱤᱴᱟᱨᱱ ᱛᱟᱦᱮᱱᱟ ᱮᱱᱠᱷᱟᱱ ᱚᱱᱟ ᱫᱚ ᱥᱚᱨᱠᱟᱨ ᱜᱮᱭ ᱵᱚᱦᱚᱱᱼᱟ ᱾
3234,क्या एक अलग वापसी है?,ᱰᱤᱯᱷᱟᱨᱮᱱᱥᱤᱭᱟᱞ ᱨᱤᱴᱟᱨᱱ ᱫᱚ ᱪᱮᱫ ᱠᱟᱱᱟ ?
3235,यह योजना LIC के साथ सहयोग में है.,ᱱᱚᱶᱟ ᱥᱠᱤᱢ ᱫᱚ LIC ᱟᱜ ᱜᱚᱲᱚᱛᱮ ᱢᱮᱱᱟᱜᱼᱟ ᱾
3236,"तो, LII अपने निवेश पर आश्‍वस्त 8 प्रतिशत देंगे ।","ᱮᱱᱠᱷᱟᱱ, LIC ᱠᱟᱹᱣᱰᱤ ᱥᱚᱯᱚᱦᱚᱫ ᱞᱟᱹᱜᱤᱫ ᱔ ᱥᱟᱭᱦᱤᱸᱥ ᱮᱢᱚᱜ ᱨᱮᱭᱟᱜ ᱟᱸᱥ ᱮ ᱮᱢᱟᱢᱟ ᱾"
3237,"यदि कोई फ़र्क है, तो सरकार इसे सह लेगी ।","ᱡᱩᱫᱤ ᱡᱟᱦᱟᱱ ᱵᱷᱮᱜᱟᱨ ᱛᱟᱦᱮᱱᱟ, ᱡᱮᱞᱮᱠᱟ ᱡᱟᱦᱟᱱ ᱠᱷᱚᱛᱤ ᱦᱩᱭ ᱞᱮᱱᱠᱷᱟᱱ ᱥᱚᱨᱠᱟᱨ ᱚᱱᱟᱭ ᱵᱚᱦᱚᱱᱼᱟ ᱾"
3238,अपने निवेश अभी भी 8 प्रतिशत होगा.,ᱟᱢᱟᱜ ᱥᱚᱯᱚᱦᱚᱫ ᱠᱟᱹᱣᱰᱤ ᱱᱤᱛᱦᱚᱸ ᱔ ᱥᱟᱭᱦᱤᱸᱥ ᱦᱩᱭᱩᱜᱼᱟ ᱾
3239,"ओह, ठीक है.","ᱳᱦ, ᱴᱷᱤᱠ ᱜᱮᱭᱟ ᱾"
3240,अब मैं समझ गया.,ᱤᱧ ᱱᱤᱛ ᱜᱮ ᱱᱚᱶᱟ ᱧᱟᱢ ᱠᱮᱫᱟ ᱾
3241,और भुगतान के बारे में क्या?,ᱟᱨ ᱯᱮᱟᱣᱩᱴ ᱵᱟᱵᱚᱛ ᱫᱚ ᱪᱮᱫ ?
3242,वेतन 10 साल से मासिक होता है ।,ᱯᱮᱟᱣᱩᱴ ᱠᱚ ᱫᱚ ᱪᱟᱸᱫᱚ ᱯᱤᱪᱷᱤ ᱑᱐ ᱥᱮᱨᱢᱟ ᱨᱮᱭᱟᱜ ᱠᱟᱱᱟ ᱾
3243,पिताजी ने कितना निवेश किया है?,ᱵᱟᱵᱟ ᱛᱤᱱᱟᱹ ᱠᱟᱹᱣᱰᱤᱭ ᱮᱢ ᱟᱠᱟᱫᱟ ?
3244,यह शुरू - शुरू में 7.5 Laks और बाद में 15 को दिखाता है.,ᱱᱚᱶᱟ ᱫᱚ ᱯᱳᱭᱞᱳ ᱨᱮ ᱗ᱹ᱕ ᱞᱚᱠᱷᱚ ᱟᱨ ᱛᱟᱭᱚᱢᱛᱮ ᱑᱕ ᱩᱫᱩᱜᱼᱟ ᱾
3245,"जी हाँ, तो यह केवल एक साल के लिए और निवेश की मात्रा बाद में प्रति परिवार की वृद्धि हुई ।","ᱦᱮᱸ, ᱮᱱᱠᱷᱟᱱ ᱱᱚᱶᱟ ᱫᱚ ᱥᱩᱢᱩᱝ ᱢᱤᱫ ᱥᱮᱨᱢᱟ ᱞᱟᱹᱜᱤᱫ ᱥᱟᱵᱽᱥᱠᱨᱤᱯᱥᱚᱱ ᱵᱟᱵᱚᱛ ᱡᱷᱤᱡ ᱛᱟᱦᱮᱸ ᱠᱟᱱᱟ ᱟᱨ ᱥᱚᱯᱚᱦᱚᱫ ᱠᱮᱢᱯᱤᱝ ᱛᱟᱭᱚᱢ ᱜᱷᱟᱨᱚᱸᱡᱽ ᱯᱤᱪᱷᱤ ᱵᱟᱲᱦᱟᱣ ᱦᱩᱭ ᱠᱞᱮᱱᱟ ᱾"
3246,यह वास्तव में मदद करता है.,ᱱᱚᱶᱟ ᱫᱚ ᱥᱟᱹᱨᱤ ᱜᱮ ᱜᱚᱲᱚᱭ ᱮᱢᱚᱜ ᱠᱟᱱᱟ ᱾
3247,और न वह अपनी इच्छा से कुछ कर सकता है,ᱱᱚᱶᱟ ᱠᱚᱨᱟᱣ ᱨᱮᱭᱟᱜ ᱡᱟᱦᱟᱱ ᱩᱭᱦᱟᱹᱨ ᱩᱱᱤᱭᱟᱜ ᱫᱚ ᱵᱟᱹᱱᱩᱜᱼᱟ ᱾
3248,मैं उनके कार्यालय के लिए जाना होगा और अधिक पता लगाना होगा.,ᱤᱧ ᱩᱱᱠᱚᱣᱟᱜ ᱚᱯᱷᱤᱥᱨᱮ ᱥᱮᱱᱠᱟᱛᱮ ᱟᱨᱦᱚᱸᱧ ᱵᱟᱰᱟᱭ ᱫᱟᱲᱮᱭᱟᱜᱼᱟ ᱾
3249,किसी समय आदमी.,ᱡᱟᱦᱟᱸ ᱛᱤᱱ ᱚᱠᱛᱮ ᱜᱮ ᱾
3250,मुझे पता है कि अगर आप किसी भी अधिक जानकारी की जरूरत है.,ᱤᱧᱟᱜ ᱡᱟᱦᱟᱱ ᱵᱟᱹᱲᱛᱤ ᱰᱚᱜᱚᱨ ᱞᱟᱹᱠᱛᱤᱜ ᱠᱷᱚᱟᱱ ᱵᱟᱰᱟᱭ ᱦᱚᱪᱚᱟᱹᱧ ᱢᱮ ᱾
3251,ध्यान रखना.,ᱡᱚᱛᱚᱱᱚᱜ ᱢᱮ ᱾
3252,सुप्रभात कक्षा.,ᱥᱟᱹᱜᱩᱱ ᱥᱮᱛᱟᱜ ᱠᱞᱟᱥ ᱾
3253,"सब लोग, कृपया अपनी सीटें ले.","ᱥᱟᱱᱟᱢ ᱠᱚ, ᱫᱟᱭᱟ ᱠᱟᱛᱮ ᱡᱤᱨᱟᱹᱣᱚᱜ ᱯᱮ ᱾"
3254,आज हम वोटरों के बारे में बात कर रहे हैं.,ᱛᱮᱹᱦᱮᱹᱧ ᱟᱵᱚ ᱵᱷᱳᱴᱟᱨ ᱠᱚᱣᱟᱜ ᱠᱟᱛᱷᱟ ᱵᱚᱱ ᱞᱟᱹᱭᱼᱟ ᱾
3255,हम सब जानते हैं कि एक व्यक्‍ति जो चुनाव में अपना चुनाव फेंकता है उसे वोट डालकर वोट दिया जाता है।,ᱟᱵᱚ ᱥᱟᱱᱟᱢ ᱠᱚ ᱵᱚᱱ ᱵᱟᱰᱟᱭᱼᱟ ᱡᱮ ᱡᱟᱦᱟᱸᱭ ᱦᱚᱲ ᱵᱟᱪᱷᱱᱟᱣ ᱨᱮ ᱵᱷᱳᱴ ᱮ ᱮᱢᱼᱟ ᱩᱱᱤ ᱜᱮ ᱵᱷᱳᱴᱟᱨ ᱠᱚ ᱢᱮᱛᱟᱭᱟ ᱾
3256,"अब, कोई मुझे बता सकता है क्या एक वोट देने के लिए योग्य बनाता है?","ᱱᱤᱛ, ᱡᱟᱦᱟᱸᱭ ᱯᱮ ᱞᱟᱹᱭ ᱫᱟᱲᱮᱭᱟᱹᱧᱟᱹ ᱪᱮᱫ ᱞᱮᱠᱟᱛᱮ ᱢᱤᱫᱴᱟᱝ ᱵᱷᱳᱴᱟᱨ ᱵᱷᱳᱴ ᱮᱢᱨᱮᱱ ᱡᱳᱜᱽᱜᱚᱭ ᱦᱩᱭᱩᱜᱼᱟ ?"
3257,इंसान की उम्र अठारह साल होनी चाहिए या उससे ऊपर ।,ᱩᱱᱤ ᱦᱚᱲᱟᱜ ᱫᱚ ᱑᱘ ᱥᱮᱨᱢᱟ ᱥᱮ ᱚᱱᱟ ᱠᱷᱚᱱ ᱰᱷᱮᱨ ᱩᱢᱮᱨ ᱦᱩᱭᱩᱜ ᱨᱮᱭᱟᱜ ᱞᱟᱹᱠᱛᱤ ᱢᱮᱱᱟᱜᱼᱟ ᱾
3258,"नागरिक कार्य जाति, धर्म, नर इत्यादि पर आधारित किसी भी पक्षपात के बावजूद सभी नागरिकों को वोट देने की अनुमति देता है ।","ᱮᱠᱟᱞᱜᱮ ᱾ ᱱᱟᱜᱚᱨᱤᱠᱚᱛᱛᱚ ᱟᱭᱤᱱ ᱫᱚ ᱥᱟᱱᱟᱢ ᱱᱟᱜᱟᱨᱤᱭᱟᱹ ᱠᱚ ᱡᱟᱹᱛ, ᱫᱷᱚᱨᱚᱢ, ᱡᱟᱱᱟᱝ ᱮᱢᱟᱱ ᱠᱚ ᱪᱮᱛᱟᱱ ᱡᱟᱦᱟᱱ ᱵᱷᱮᱯᱮᱜᱮᱫ ᱵᱟᱝ ᱢᱟᱱᱟᱣ ᱠᱟᱛᱮ ᱵᱷᱳᱴ ᱮᱢᱚᱜ ᱨᱮᱭᱟᱜ ᱫᱟᱣ ᱮ ᱮᱢᱟ ᱠᱚᱣᱟ ᱾"
3259,लेकिन उन्हें १८ साल की उम्र या उससे ऊपर होना चाहिए ।,ᱮᱱᱠᱷᱟᱱ ᱩᱱᱤᱭᱟᱜ ᱩᱢᱮᱨ ᱑᱘ ᱥᱮᱨᱢᱟ ᱥᱮ ᱚᱱᱟ ᱠᱷᱚᱱ ᱰᱷᱮᱨ ᱦᱩᱭᱩᱜ ᱞᱟᱹᱠᱛᱤ ᱠᱟᱱᱟ ᱾
3260,"साथ ही, नागरिक केवल योग्य हैं अगर वे भारत के नागरिक हैं.","ᱱᱚᱶᱟ ᱵᱮᱜᱚᱨ, ᱵᱷᱳᱴᱟᱨ ᱫᱚ ᱥᱩᱢᱩᱝ ᱡᱩᱫᱤ ᱵᱷᱟᱨᱚᱛ ᱨᱮᱱ ᱱᱟᱜᱚᱨᱤᱭᱟᱹᱭ ᱦᱩᱭᱩᱜᱼᱟ ᱮᱱᱠᱷᱟᱱ ᱡᱳᱜᱽᱜᱚ ᱠᱟᱱᱟᱭ ᱾"
3261,एक भारतीय नागरिक की जरूरत है अगर एक भारतीय चुनाव में वोट देना चाहता है।,ᱡᱩᱫᱤ ᱡᱟᱦᱟᱸᱭ ᱵᱷᱟᱨᱚᱛᱤᱭᱚ ᱵᱟᱪᱷᱱᱟᱣ ᱨᱮ ᱵᱷᱳᱴ ᱮ ᱮᱢᱚᱜ ᱞᱟᱹᱜᱤᱫᱜᱼᱟ ᱮᱱᱠᱷᱟᱱ ᱩᱱᱤᱭᱟᱜ ᱵᱷᱟᱨᱚᱛᱤᱭᱚ ᱱᱟᱜᱚᱨᱤᱠᱚᱛᱛᱚ ᱛᱟᱦᱮᱱ ᱞᱟᱹᱠᱛᱤ ᱠᱟᱱᱟ ᱾
3262,आप और कौन - सी बातों को जानते हैं?,ᱡᱚᱜᱽᱢᱟᱱᱚᱜ ᱨᱮᱭᱟᱜ ᱮᱴᱟᱜ ᱜᱩᱱ ᱪᱮᱫ ᱟᱢᱮᱢ ᱵᱟᱰᱟᱭᱼᱟ ?
3263,उनका नाम चुने जाने वाले रोल पर होना चाहिए.,ᱩᱱᱠᱚᱣᱟᱜ ᱧᱩᱛᱩᱢ ᱵᱟᱪᱷᱱᱟᱣ ᱨᱳᱞᱨᱮ ᱦᱩᱭᱩᱜ ᱞᱟᱹᱠᱛᱤ ᱠᱟᱱᱟ ᱾
3264,चुनाव करने के लिए योग्य सभी लोगों के नाम चुनाव में मौजूद होंगे।,ᱴᱷᱤᱠ ᱾ ᱵᱷᱳᱴ ᱮᱢᱨᱮᱱ ᱡᱳᱜᱽᱜᱚ ᱥᱟᱱᱟᱢ ᱦᱚᱲ ᱠᱚᱣᱟᱜ ᱧᱩᱛᱩᱢ ᱵᱟᱪᱷᱱᱟᱣ ᱨᱳᱞᱨᱮ ᱛᱟᱦᱮᱱ ᱛᱟᱠᱚᱣᱟ ᱾
3265,आपको अपना नाम इस रोल में जोड़ना चाहिए कि वोट कर सकें.,ᱵᱷᱳᱴ ᱮᱢᱚᱜ ᱞᱟᱹᱜᱤᱫ ᱨᱳᱞᱨᱮ ᱟᱢᱟᱜ ᱧᱩᱛᱩᱢ ᱥᱮᱞᱮᱫ ᱞᱟᱹᱠᱛᱤ ᱠᱟᱱ ᱛᱟᱢᱟ ᱾
3266,आप एक सामान्य निवासी होना चाहिए भाग / उच्चता के क्षेत्र के एक सामान्य निवासी होना चाहिए जहाँ आप भर्ती होना चाहते हैं.,ᱟᱢ ᱡᱟᱦᱟᱸᱨᱮ ᱥᱮᱞᱮᱫᱚᱜ ᱥᱟᱱᱟᱭᱮᱫ ᱢᱮᱭᱟ ᱚᱱᱰᱮᱱᱟᱜ ᱴᱚᱴᱷᱟ / ᱯᱳᱞᱤᱝ ᱨᱮᱱ ᱢᱤᱫᱴᱟᱝ ᱥᱟᱫᱷᱟᱨᱚᱱ ᱜᱤᱨᱟᱹᱵᱟᱹᱥᱤ ᱦᱩᱭᱩᱜ ᱞᱟᱹᱠᱛᱤ ᱠᱟᱱ ᱛᱟᱢᱟ ᱾
3267,"मैडम, मैंने सुना है कि अगर आप किसी खास जगह पर भर्ती हो जाते हैं, तो आप केवल उस जगह पर वोट दे सकते हैं?",ᱢᱟᱪᱮᱛᱟᱱᱤ ᱟᱸᱡᱚᱢ ᱟᱠᱟᱫᱟᱹᱧ ᱟᱢ ᱡᱩᱫᱤ ᱡᱟᱦᱟᱱ ᱴᱷᱟᱹᱣᱠᱟᱹ ᱡᱟᱭᱜᱟ ᱨᱮᱱᱟᱜ ᱛᱟᱹᱞᱤᱠᱟᱨᱮᱢ ᱥᱮᱞᱮᱫᱚᱜᱼᱟ ᱮᱱᱠᱦᱟᱱ ᱥᱩᱢᱩᱝ ᱚᱱᱟ ᱡᱟᱭᱜᱟ ᱨᱮᱜᱮ ᱵᱷᱳᱴ ᱫᱚᱢ ᱮᱢ ᱫᱟᱲᱮᱭᱟᱜᱼᱟ ?
3268,"जी हाँ, भर्ती होना केवल एक ही जगह पर संभव है ।","ᱦᱮᱸ, ᱛᱟᱹᱞᱤᱠᱟᱨᱮ ᱥᱮᱞᱮᱫᱚᱜ ᱫᱚ ᱥᱩᱢᱩᱝ ᱢᱤᱫ ᱡᱟᱭᱜᱟ ᱨᱮᱜᱮ ᱦᱩᱭ ᱫᱟᱲᱮᱭᱟᱜᱼᱟ ᱾"
3269,"तो, यदि आप अपने रिश्‍तेदारों में एक वोट देने के रूप में भर्ती हो जाते हैं, जहाँ कहीं भी आप हैं, तो आपको एक वोट डालने के लिए अपने रिश्‍तेदार के पास आने की ज़रूरत है।","ᱮᱱᱠᱷᱟᱱ, ᱟᱢ ᱡᱩᱫᱤ ᱟᱢᱟᱜ ᱵᱟᱪᱷᱱᱟᱣ ᱴᱚᱴᱷᱟ ᱨᱮ ᱵᱷᱳᱴᱟᱨ ᱞᱮᱠᱟᱛᱮᱢ ᱵᱷᱩᱨᱛᱤᱜᱼᱟ, ᱟᱢ ᱡᱟᱦᱟᱸ ᱨᱮᱜᱮᱢ ᱛᱟᱦᱮᱱ ᱥᱮ, ᱵᱷᱳᱴ ᱮᱢᱚᱜ ᱞᱟᱹᱜᱤᱫ ᱫᱚ ᱟᱢᱟᱜ ᱵᱟᱪᱷᱱᱟᱣ ᱴᱚᱴᱷᱟ ᱨᱮᱜᱮ ᱦᱤᱡᱩᱜ ᱦᱩᱭᱩᱜ ᱛᱟᱢᱟ ᱾"
3270,आप किसी भी अन्य झोपड़ियों में एक योग्य वोटर नहीं होगा.,ᱟᱢ ᱫᱚ ᱮᱴᱟᱜ ᱡᱟᱦᱟᱱ ᱵᱩᱛᱷ ᱨᱮᱱ ᱡᱳᱜᱽᱜᱚ ᱵᱷᱳᱴᱟᱨ ᱫᱚ ᱵᱟᱢ ᱦᱩᱭᱩᱜᱼᱟ ᱾᱾
3271,जाति वोट देने के विशेष विशेषाधिकार हैं?,ᱵᱷᱮᱜᱟᱨ ᱞᱮᱠᱟᱛᱮ ᱦᱚᱲ ᱠᱚ ᱪᱮᱫ ᱜᱟᱛᱟᱠ ᱨᱮᱭᱟᱜ ᱵᱷᱳᱴ ᱠᱚ ᱮᱢ ᱰᱟᱲᱮᱭᱟᱜ ᱞᱟᱹᱜᱤᱫ ᱠᱷᱟᱥ ᱫᱟᱣ ᱢᱮᱱᱟᱜᱼᱟ ?
3272,वे अज्ञातता के साथ वोट दिया जाता है.,ᱩᱱᱠᱚ ᱫᱚ ᱞᱮᱸᱡᱽᱨᱟ ᱵᱷᱳᱴᱟᱨ ᱞᱮᱠᱟᱛᱮ ᱠᱚ ᱨᱮᱡᱤᱥᱴᱟᱨ ᱟᱠᱟᱱᱟ ᱾
3273,"विशेषाधिकार के रूप में, उन्हें क़तारों में खड़े होने की जरूरत नहीं है जब तक प्रक्षेपित दृश्य में.","ᱥᱩᱡᱳᱜᱽᱼᱥᱩᱫᱷᱟ ᱞᱮᱠᱟᱛᱮ, ᱩᱱᱠᱚ ᱯᱳᱞᱤᱝ ᱵᱩᱛᱷᱨᱮ ᱞᱟᱭᱤᱱ ᱨᱮ ᱵᱟᱝ ᱛᱤᱸᱜᱩᱱ ᱦᱩᱭᱩᱜ ᱛᱟᱠᱚᱣᱼᱟ ᱾"
3274,"लेकिन, एक ऐसे व्यक्‍ति को वोट देने से छूट दी जाएगी ।","ᱮᱱᱠᱷᱟᱱ, ᱢᱤᱫ ᱵᱚᱦᱚᱜ ᱯᱟᱜᱽᱞᱟ ᱦᱚᱲ ᱫᱚ ᱵᱷᱳᱴ ᱮᱢ ᱠᱷᱚᱱ ᱪᱷᱟᱹᱲ ᱮ ᱧᱟᱢᱼᱟ ᱾"
3275,"ओह, वहाँ अन्य लोग हैं जो वोट देने के लिए योग्य नहीं हैं?","ᱳ, ᱮᱴᱟᱜ ᱦᱚᱲ ᱠᱚ ᱡᱟᱦᱟᱸᱭ ᱵᱷᱳᱴ ᱮᱢ ᱨᱮᱱ ᱡᱳᱜᱽᱜᱚ ᱠᱚ ᱵᱟᱝ ᱠᱟᱱ ?"
3276,"भारत में, भारत में, भारतीय संविधान के रीज़नेशन के अनुसार, सभी अपराधियों को वोट देने से अयोग्य ठहराया जाता है ।","ᱦᱮᱸ, ᱵᱷᱟᱨᱚᱛᱤᱭᱚ ᱥᱚᱝᱵᱤᱫᱷᱟᱱ ᱨᱮᱭᱟᱜ ᱡᱚᱱᱚᱯᱨᱛᱤᱱᱫᱷᱤᱛᱛᱚ ᱟᱭᱤᱱ, ᱑᱙᱕᱑ ᱞᱮᱠᱟᱛᱮ, ᱥᱟᱱᱟᱢ ᱫᱳᱥᱤ ᱵᱚᱱᱫᱤ ᱠᱚ ᱫᱚ ᱵᱷᱳᱴ ᱮᱢ ᱨᱮᱱ ᱳᱜᱽᱜᱚ ᱠᱚ ᱵᱟᱝ ᱠᱟᱱᱟ ᱾"
3277,इनमें से कुछ कैदियों को सूली पर चढ़ाकर कैद किया जाता है ।,ᱱᱚᱶᱟ ᱢᱩᱫᱽᱨᱮ ᱯᱮᱨᱳᱞ ᱨᱮ ᱛᱟᱦᱮᱱ ᱵᱚᱱᱫᱤ ᱟᱨ ᱟᱠᱚᱴ ᱟᱠᱟᱫ ᱠᱚ ᱵᱚᱱᱫᱤ ᱢᱮᱱᱟᱜ ᱠᱚᱣᱟ ᱾
3278,यही उन लोगों के लिए चला जाता है जो किसी और देश की नागरिकता धारण करते हैं.,ᱡᱟᱦᱟᱸᱭ ᱮᱴᱟᱜ ᱫᱤᱥᱚᱢ ᱨᱮᱭᱟᱜ ᱱᱟᱜᱚᱨᱤᱠᱚᱛᱛᱚ ᱠᱚ ᱦᱟᱛᱟᱣᱼᱟ ᱩᱱᱠᱚ ᱨᱮᱦᱚᱸ ᱤᱱᱟᱹ ᱠᱟᱛᱷᱟ ᱜᱮ ᱾
3279,भारत बहुत से नागरिक पहचान नहीं पाता.,ᱵᱷᱟᱨᱚᱛ ᱫᱚ ᱟᱭᱢᱟ ᱱᱟᱜᱚᱨᱤᱠᱚᱛᱛᱚ ᱨᱮ ᱥᱟᱹᱠᱭᱟᱹᱛ ᱵᱟᱭ ᱮᱢᱚᱜᱼᱟ ᱾
3280,"तो, अगर आप किसी दूसरे देश की नागरिक नागरिक हो, आप अपनी भारतीय स्वतंत्रता खो देते हैं और वोट देने के लिए अपने अधिकार।","ᱮᱱᱠᱷᱟᱱ, ᱟᱢ ᱡᱩᱫᱤ ᱮᱴᱟᱜ ᱫᱤᱥᱚᱢ ᱨᱮᱭᱟᱜ ᱱᱟᱜᱚᱨᱤᱠᱚᱛᱛᱚᱢ ᱦᱟᱛᱟᱣᱼᱟ, ᱮᱱᱠᱷᱟᱱ ᱟᱢ ᱟᱢᱟᱜ ᱵᱷᱟᱨᱚᱛᱤᱭᱚ ᱱᱟᱜᱚᱨᱤᱠᱚᱛᱛᱚ ᱟᱨ ᱵᱷᱳᱴ ᱨᱮᱭᱟᱜ ᱟᱹᱭᱫᱟᱹᱨᱮᱢ ᱟᱫᱼᱟ ᱾"
3281,हम मैडम कि पता नहीं था.,ᱟᱞᱮ ᱫᱚ ᱵᱟᱝᱞᱮ ᱵᱟᱰᱟᱭᱼᱟ ᱢᱟᱪᱮᱛᱟᱱᱤ ᱾
3282,"तुम्हें भी एक वैध वोटर आईडी होना चाहिए, सही मैडम?","ᱟᱢᱟᱜ ᱦᱚᱸ ᱢᱤᱫᱴᱟᱝ ᱵᱳᱭᱫᱷᱚ ᱵᱷᱳᱴᱟᱨ ᱟᱭᱰᱤ ᱛᱟᱦᱮᱱ ᱦᱩᱭᱩᱜ ᱛᱟᱢᱟ, ᱚᱱᱟ ᱜᱮ ᱥᱮ ᱢᱟᱪᱮᱛᱟᱱᱤ ?"
3283,"हाँ, हाँ. आप एक वैध वोटर आईडी की जरूरत है.","ᱦᱮᱸ, ᱦᱮᱸ ᱾ ᱟᱢᱟᱜ ᱢᱤᱫᱴᱟᱝ ᱵᱳᱭᱫᱷᱚ ᱵᱷᱳᱴᱟᱨ ᱟᱭᱰᱤ ᱞᱟᱹᱠᱛᱤ ᱠᱟᱱᱟ ᱾"
3284,तो केवल तुम्हारा नाम चुनी गई रोल पर भर्ती हो जाएगा.,ᱮᱱᱠᱷᱟᱱ ᱜᱮ ᱵᱷᱳᱴᱟᱨ ᱛᱟᱹᱞᱤᱠᱟᱨᱮ ᱧᱩᱛᱩᱢ ᱨᱟᱠᱟᱵ ᱛᱟᱢᱟ ᱾
3285,"आप वोटर आईडी कर सकते हैं जो ऑनलाइन रजिस्टर कर सकते हैं, या उपयुक्त दस्तावेज़ों के साथ सेवा केंद्र में.",ᱚᱱᱞᱟᱭᱤᱱ ᱨᱮ ᱨᱮᱡᱤᱥᱴᱟᱨ ᱠᱟᱛᱮ ᱥᱮ ᱡᱚᱛᱷᱟᱛ ᱱᱚᱛᱷᱤ ᱟᱛᱮ ᱢᱤᱫᱴᱟᱝ ᱵᱷᱟᱹᱞᱟᱹᱭ ᱛᱟᱞᱢᱟᱨᱮ ᱟᱢᱟᱜ ᱵᱷᱳᱴᱟᱨ ᱟᱭᱰᱤ ᱛᱟᱦᱮᱸ ᱫᱟᱲᱮᱭᱟᱛᱟᱢᱟ ᱾
3286,यह आज के लिए सब हो जाएगा.,ᱛᱮᱹᱦᱮᱹᱧ ᱫᱚ ᱱᱤᱭᱟᱹ ᱠᱚᱜᱮ ᱦᱩᱭᱩᱜᱼᱟ ᱾
3287,अगले दिन उनके अनुभवों के बारे में अपने परिवार से बात कीजिए ।,ᱫᱚᱥᱟᱨ ᱦᱤᱞᱚᱜ ᱨᱮᱱ ᱵᱷᱳᱴᱟᱨ ᱞᱮᱟᱛᱮ ᱩᱱᱠᱚᱣᱟᱜ ᱵᱩᱡᱩᱱ ᱵᱟᱨᱮᱛᱮ ᱟᱢᱟᱜ ᱚᱲᱟᱜ ᱨᱮᱱ ᱦᱚᱲ ᱠᱚ ᱥᱟᱞᱟᱜ ᱨᱚᱯᱚᱲ ᱢᱮ ᱾
3288,"हाँ मैडम, धन्यवाद.","ᱦᱮᱸ ᱢᱟᱪᱮᱫᱟᱹᱱᱤ ᱜᱚᱝᱠᱮ, ᱟᱭᱢᱟ ᱥᱟᱨᱦᱟᱣ ᱾"
3289,"हैलो, मैं यहाँ हूँ एक PAN कार्ड पर बात करने के लिए.","ᱦᱮᱞᱳ, ᱤᱧ ᱱᱚᱸᱰᱮ ᱢᱤᱫᱴᱟᱝ ᱯᱮᱱᱠᱟᱨᱰ ᱤᱥᱩ ᱤᱧ ᱦᱮᱡ ᱟᱠᱟᱱᱟ ᱾"
3290,यह अपने आप के लिए है?,ᱱᱚᱶᱟ ᱪᱮᱫ ᱟᱯᱱᱟᱨ ᱞᱟᱹᱜᱤᱫ ?
3291,मेरे लिए और मेरी बेटी वास्तव में.,ᱟᱥᱚᱠᱟᱭᱛᱮ ᱤᱧᱟᱹᱜ ᱟᱨ ᱤᱧᱨᱮᱱ ᱠᱩᱲᱤᱜᱤᱫᱽᱨᱟᱹ ᱞᱟᱹᱜᱤᱫ ᱾
3292,"लेकिन, मेरी बेटी ब्रिटिश नागरिक है.","ᱢᱮᱱᱠᱷᱟ, ᱤᱧᱨᱮᱱ ᱠᱩᱲᱤ ᱜᱤᱫᱽᱨᱟᱹ ᱵᱨᱤᱴᱤᱥ ᱱᱟᱜᱟᱨᱤᱭᱟᱹ ᱢᱮᱱᱟᱜᱼᱟ ᱾"
3293,"ओह, यह ठीक है.","ᱳᱷᱚ, ᱱᱚᱶᱟ ᱡᱚᱛᱷᱟᱛ ᱜᱮᱭᱟ ᱾"
3294,क्या आप दस्तावेज़ों की सूची बना सकते हैं?,ᱟᱢ ᱪᱮᱫ ᱱᱚᱛᱷᱤᱠᱚᱢ ᱛᱟᱹᱞᱤᱠᱟ ᱥᱮᱞᱮᱫ ᱫᱟᱲᱮᱭᱟᱜᱼᱟ ᱡᱟᱦᱟᱸ ᱟᱞᱮ ᱵᱮᱱᱟᱣ ᱦᱩᱭᱩᱜ ᱛᱟᱞᱮᱭᱟ ?
3295,अपने Panne कार्ड के साथ शुरू करते हैं.,ᱟᱢᱟᱜ ᱯᱮᱱᱠᱟᱨᱰ ᱫᱟᱨᱟᱭ ᱛᱮ ᱮᱛᱚᱦᱚᱵ ᱦᱩᱭᱩᱜᱼᱟ ᱾
3296,मुझे लगता है कि तुम भारतीय हो?,ᱤᱧ ᱥᱟᱵ ᱠᱮᱫᱟ ᱟᱢ ᱫᱚ ᱵᱷᱟᱨᱚᱛᱤᱭᱟᱹ ᱠᱟᱱᱟᱢ ??
3297,"जी हाँ, यह सही है ।",ᱦᱮᱸ ᱱᱚᱶᱟ ᱡᱚᱛᱷᱟᱛ ᱜᱮᱭᱟ ᱾
3298,"आप के लिए, मैडम, हम तीन दस्तावेज़ों की जरूरत होगी.","ᱟᱢ ᱞᱟᱹᱜᱤᱫ, ᱢᱮᱢ, ᱟᱞᱮᱭᱟᱜ ᱯᱮᱭᱟ ᱱᱚᱛᱷᱤ ᱞᱟᱜᱟᱜᱼᱟ ᱾"
3299,"पहचान का सबूत, अपने जन्म की तारीख का सबूत और सबूत.","ᱩᱯᱨᱩᱢ ᱨᱮᱭᱟᱜ ᱥᱟᱵᱩᱫ, ᱴᱷᱤᱠᱟᱹᱱᱟ ᱨᱮᱭᱟᱜ ᱥᱟᱵᱩᱫ ᱟᱨ ᱟᱢᱟᱜ ᱡᱟᱱᱟᱢ ᱢᱟᱦᱟ ᱨᱮᱭᱟᱜ ᱥᱟᱵᱩᱫ ᱾"
3300,कौनसे दस्तावेज़ों को हर एक के प्रमाण के रूप में लिया जाएगा?,ᱡᱚᱛᱚ ᱨᱮᱭᱟᱜ ᱥᱟᱵᱩᱫ ᱦᱤᱥᱟᱹᱵᱛᱮ ᱚᱠᱟ ᱫᱚᱞᱤᱞ ᱦᱟᱛᱟᱣ ᱦᱩᱭᱩᱜᱼᱟ ?
3301,"पहचान के लिए, आप अपने Juar कार्ड की एक प्रतिलिपि बना सकते हैं, या अपने वोटर आईडी या अपने पासपोर्ट के लिए।","ᱩᱯᱨᱩᱢ ᱞᱟᱹᱜᱤᱫ, ᱟᱢ ᱟᱢᱟᱜ ᱟᱫᱷᱟᱨ ᱠᱟᱨᱰ, ᱥᱮ ᱟᱢᱟᱜ ᱵᱷᱚᱴᱟᱨ ᱟᱭᱰᱤ ᱥᱮ ᱟᱢᱟᱜ ᱚᱟᱥᱯᱳᱨᱴ ᱨᱮᱭᱟᱜ ᱢᱤᱫᱴᱟᱝ ᱚᱱᱟᱞᱮᱠᱟ ᱵᱮᱱᱟᱣ ᱫᱟᱲᱮᱭᱟᱜᱼᱟᱢ ᱾"
3302,"आप भी अपने हिस्से कार्ड की एक प्रति के लिए जा सकते हैं, और कुछ अन्य दस्तावेज़ों मैं तुम्हें दे देंगे.",ᱟᱢ ᱟᱢᱟᱜ ᱨᱮᱥᱚᱱ ᱠᱟᱨᱰ ᱨᱮᱭᱟᱜ ᱢᱤᱫᱴᱟᱝ ᱚᱱᱟᱞᱮᱠᱟᱱ ᱟᱨ ᱤᱧ ᱟᱢ ᱮᱢᱚᱜ ᱞᱟᱹᱜᱤᱫ ᱢᱤᱫᱴᱟᱝ ᱟᱹᱨᱡᱤ ᱥᱟᱠᱟᱢ ᱨᱮ ᱛᱟᱹᱞᱤᱠᱟ ᱥᱮᱞᱮᱫ ᱠᱟᱹᱪ ᱮᱴᱟᱜ ᱱᱚᱛᱷᱤ ᱠᱚ ᱞᱟᱹᱜᱤᱫ ᱪᱟᱞᱟᱣ ᱫᱟᱲᱮᱭᱟᱜᱼᱟᱢ ᱾
3303,"यह जो भी है, यह अपनी तस्वीर होना चाहिए.","ᱡᱟᱦᱟᱸᱜᱮ ᱦᱩᱭᱩᱜ ᱥᱮ ᱵᱟᱝ, ᱚᱱᱟᱨᱮ ᱟᱢᱟᱜ ᱪᱤᱛᱟᱹᱨ ᱛᱟᱦᱮᱸᱱ ᱦᱩᱭᱩᱜ ᱛᱟᱢᱟ ᱾"
3304,क्या मैंने यह स्पष्ट किया है?,ᱤᱧ ᱪᱮᱫ ᱱᱚᱶᱟᱧ ᱥᱟᱯᱷᱟ ᱟᱠᱟᱫᱟ ?
3305,"हाँ, सर, आप किया था.","ᱦᱮᱸ, ᱥᱟᱨ, ᱟᱢ ᱠᱚᱨᱟᱣ ᱟᱠᱟᱫᱟ ᱾"
3306,"पता के सबूत के लिए, कोई भी बिल है जो तीन महीने से अधिक नहीं है।","ᱴᱷᱤᱠᱟᱹᱱᱟ ᱥᱟᱹᱵᱩᱫ ᱞᱟᱹᱜᱤᱫ, ᱯᱮ ᱪᱟᱸᱫᱳ ᱠᱷᱚᱱ ᱰᱷᱮᱨ ᱢᱟᱨᱮ ᱵᱟᱝ ᱮᱢᱚᱱ ᱡᱟᱦᱟᱸ ᱞᱮᱠᱟᱱ ᱵᱤᱞ ᱦᱩᱭᱩᱜ ᱛᱟᱢᱟ ᱾"
3307,"बिल से मेरा मतलब है, ज़मीन के बिल या बिजली के बिल या पानी के बिल ।","ᱵᱤᱞ ᱢᱮᱱᱛᱮ ᱤᱧ ᱵᱩᱡᱦᱟ,ᱣᱼᱟ ᱞᱮᱱᱰᱞᱟᱭᱤᱱ ᱵᱤᱞ, ᱥᱮ ᱵᱤᱡᱞᱟ ᱵᱤᱞ, ᱥᱮ ᱫᱟᱜ ᱨᱮᱭᱟᱜ ᱵᱤᱞ ᱾"
3308,वे फार्म में सूचीबद्ध हैं.,ᱩᱱᱠᱩ ᱟᱨᱡᱤ ᱥᱟᱠᱟᱢ ᱛᱟᱞᱤᱠᱟ ᱥᱮᱞᱮᱫ ᱠᱚᱨᱟᱣ ᱦᱩᱭᱩᱜᱼᱟ ᱾
3309,"या, आप अपने पोस्ट ऑफ़िस पासबुक, या पासपोर्ट की एक प्रति बना सकते हैं ।","ᱵᱟᱝᱠᱷᱟᱱ, ᱟᱢ ᱟᱢᱟᱜ ᱯᱳᱥᱴ ᱚᱯᱷᱤᱥ ᱯᱟᱥᱵᱩᱠ, ᱥᱮ ᱯᱟᱥᱯᱳᱨᱴ ᱨᱮᱭᱟᱜ ᱢᱤᱫᱴᱟᱝ ᱚᱱᱟᱞᱮᱠᱟᱱ ᱵᱮᱱᱟᱭ ᱫᱟᱲᱮᱭᱟᱜᱼᱟᱢ ᱾"
3310,"फिर, जो भी है, यह तुम्हारा पता होना चाहिए.","ᱟᱵᱟᱨ, ᱡᱟᱦᱟᱸᱜᱮ ᱦᱩᱭᱩᱜ ᱥᱮ ᱵᱟᱝ, ᱱᱚᱶᱟ ᱨᱮ ᱟᱢᱟᱜ ᱴᱷᱤᱠᱟᱹᱱᱟ ᱛᱟᱦᱮᱸᱱ ᱞᱟᱹᱠᱛᱤ ᱾"
3311,आप चित्र मिलता है.,ᱟᱢ ᱪᱤᱛᱟᱹᱨ ᱮᱢ ᱧᱟᱢᱟ ᱾
3312,"मैं, और जन्म की तारीख के बारे में क्या?","ᱤᱧ ᱠᱚᱨᱟᱣᱼᱟ, ᱟᱨ ᱡᱟᱱᱟᱢ ᱢᱟᱦᱟ ᱨᱮᱭᱟᱜ ᱠᱟᱛᱷᱟ ᱪᱮᱫ ?"
3313,एक जन्म प्रमाणपत्र या एक पासपोर्ट करना होगा.,ᱢᱤᱫᱴᱟᱝ ᱡᱟᱱᱟᱢ ᱥᱟᱹᱵᱩᱫ ᱥᱮ ᱢᱤᱫᱴᱟᱝ ᱯᱟᱥᱯᱳᱨᱴ ᱮ ᱠᱚᱨᱟᱣᱼᱟ ᱾
3314,"अब, अपनी बेटी के लिए, वह दो दस्तावेज़ों को तैयार करना होगा.","ᱱᱮᱛᱚᱜ, ᱟᱢᱨᱮᱱ ᱠᱤᱲᱤ ᱞᱟᱹᱜᱤᱫ, ᱩᱱᱤ ᱵᱟᱨᱭᱟ ᱱᱚᱛᱷᱤ ᱮᱢᱚᱜ ᱦᱩᱭᱩᱜ ᱛᱟᱢᱟ ᱾"
3315,पहचान का सबूत तथा पता का सबूत.,ᱩᱯᱨᱩᱢ ᱨᱮᱭᱟᱜ ᱥᱟᱵᱩᱫ ᱟᱨ ᱴᱷᱤᱠᱟᱹᱱᱟ ᱨᱮᱭᱟᱜ ᱥᱟᱵᱩᱫ ᱾
3316,एक पासपोर्ट दोनों के लिए पर्याप्त होगा.,ᱵᱟᱱᱟᱨ ᱞᱟᱹᱜᱤᱫ ᱢᱤᱫᱴᱟᱝ ᱯᱟᱥᱯᱳᱨᱴ ᱜᱮ ᱜᱟᱱᱚᱜᱼᱟ ᱾
3317,यह एक राहत है.,ᱱᱚᱶᱟ ᱜᱮ ᱟᱨᱟᱢ ᱾
3318,यहाँ सूची है.,ᱱᱚᱸᱰᱮ ᱛᱟᱞᱤᱠᱟ ᱢᱮᱱᱟᱜᱼᱟ ᱾
3319,आप सभी दस्तावेज़ों को मिल जाएगा.,ᱟᱢ ᱛᱟᱞᱤᱠᱟ ᱥᱮᱞᱮᱫᱟᱱ ᱡᱚᱛᱚ ᱱᱚᱛᱷᱤᱢ ᱧᱟᱢᱟ ᱾
3320,कार्ड पाने के लिए यह कब तक लगेगा?,ᱠᱟᱨᱰ ᱥᱟᱨᱵᱷᱟᱨ ᱞᱟᱹᱜᱤᱫ ᱛᱤᱱᱜᱷᱟᱹᱲᱤ ᱚᱠᱛᱚ ᱞᱟᱜᱟᱜᱼᱟ ?
3321,कम से कम 15 से 20 दिन काम करते हैं ।,ᱠᱚᱢ ᱠᱟᱨᱛᱮ ᱑᱕ ᱠᱷᱚᱱ ᱒᱐ ᱠᱟᱹᱢᱤᱢᱟᱦᱟ ᱾
3322,"मैं अंदर आ सकता हूँ, साहब?","ᱤᱧ ᱵᱚᱞᱚᱫᱟᱲᱮᱭᱟᱜᱼᱟ, ᱢᱟᱪᱮᱫᱽᱜᱚᱝᱠᱮ ?"
3323,"हाँ, कृपया अंदर आते हैं.","ᱦᱮᱸ, ᱵᱚᱞᱚᱱᱢᱮ ᱾"
3324,अपनी सीट ले आओ.,ᱫᱟᱭᱟᱠᱟᱛᱮ ᱟᱢᱟᱜ ᱡᱟᱭᱜᱟᱨᱮ ᱫᱩᱲᱩᱵᱽᱢᱮ ᱾
3325,"मुझे बताओ, मैं तुम्हारी मदद कैसे कर सकते हैं?","ᱞᱟᱹᱭᱢᱮ, ᱪᱮᱠᱟᱞᱮᱠᱟᱛᱮᱧ ᱜᱚᱲᱚ ᱫᱟᱲᱮᱭᱟᱢᱟ ?"
3326,"महोदय, मैं NGO से आया है.","ᱢᱟᱪᱮᱫᱽᱜᱚᱝᱠᱮ, ᱤᱧ ᱫᱚ ᱦᱳᱯ ᱮᱱᱡᱤᱳ ᱠᱷᱚᱱᱤᱧ ᱦᱮᱡᱽᱟᱠᱟᱱᱟ ᱾"
3327,हम इन स्कूलों के लिए कुछ स्कूल चल रहे हैं ।,ᱟᱞᱮ ᱫᱚ ᱥᱩᱵᱤᱫᱷᱟ ᱵᱟᱝ ᱧᱟᱢᱠᱩ ᱞᱟᱹᱜᱤᱫᱽ ᱠᱤᱪᱷᱩ ᱤᱥᱠᱩᱞᱞᱮ ᱪᱟᱞᱟᱣᱟ ᱾
3328,हमारे पास जेल के क्षेत्रों में 3 स्कूलों है.,ᱵᱚᱥᱛᱤ ᱴᱚᱴᱷᱟᱨᱮ ᱟᱞᱮᱭᱟᱜ ᱓ ᱤᱥᱠᱩᱞ ᱢᱮᱱᱟᱜᱼᱟ ᱾
3329,यह वाकई प्रभावशाली है!,ᱚᱱᱟ ᱫᱚ ᱥᱟᱹᱨᱤᱜᱤ ᱟᱹᱰᱤ ᱵᱷᱟᱜᱮ ᱵᱮᱯᱟᱨ !
3330,"मुझे कहना चाहिए, यह वास्तव में एक महान पहल है.","ᱱᱤᱦᱟᱹᱛᱜᱤᱧ ᱞᱟᱹᱭᱟ, ᱱᱤᱭᱟᱹ ᱫᱚ ᱢᱤᱫᱴᱟᱝ ᱢᱟᱨᱟᱝ ᱠᱟᱹᱢᱤᱦᱚᱨᱟ"
3331,"तो, मैं आप के साथ क्या मदद कर सकते हैं?","ᱟᱫᱚ, ᱪᱮᱫᱽᱛᱮ ᱟᱢᱤᱧ ᱜᱚᱲᱚ ᱫᱟᱲᱮᱭᱟᱢᱟ ?"
3332,"महोदय, मैं अपने कार्यालय के बारे में कुछ जानकारी चाहते हैं.",ᱢᱟᱪᱮᱛ ᱜᱚᱝᱠᱮ ᱟᱢᱟᱜᱽ ᱚᱯᱷᱤᱥ ᱵᱟᱵᱚᱫᱽ ᱠᱤᱪᱷᱩ ᱛᱮᱛᱮᱫᱽ ᱵᱟᱰᱟᱭᱤᱧ ᱠᱷᱚᱡᱽᱠᱟᱱᱟ ᱾
3333,जैसा कि आप जानते हैं हमारे विद्यार्थियों के परिवार के परिश्रम से हैं.,ᱡᱮᱞᱮᱠᱟᱢ ᱵᱟᱰᱟᱭᱜᱮᱭᱟ ᱟᱞᱮᱨᱮᱱ ᱯᱟᱹᱴᱷᱣᱟᱹ ᱠᱩᱫᱚ ᱠᱟᱹᱢᱤᱡᱚᱝ ᱜᱷᱟᱨᱚᱸᱡᱽ ᱠᱷᱚᱱ ᱠᱟᱱᱟᱠᱩ ᱾
3334,मैं जानना चाहता हूँ कि हमारे १०वीं कक्षा के विद्यार्थियों के लिए कोई काम अवसर है या नहीं.,ᱤᱧ ᱵᱟᱰᱟᱭ ᱥᱟᱱᱟᱧ ᱠᱟᱱᱟ ᱟᱞᱮᱨᱮᱱ ᱑᱐ ᱜᱨᱮᱰ ᱯᱟᱹᱴᱷᱣᱟᱹᱠᱩ ᱞᱟᱹᱜᱤᱫᱽ ᱡᱟᱦᱟᱸᱱ ᱥᱩᱵᱤᱫᱷᱟᱠᱩ ᱢᱮᱱᱟᱜᱼᱟ ᱾
3335,"हाँ, मुझे बताओ कि तुम क्या जानना चाहते हो?","ᱦᱮᱸ, ᱞᱟᱹᱭᱟᱹᱧ ᱢᱮ ᱟᱢ ᱪᱮᱫᱽ ᱵᱟᱰᱟᱭᱮᱢ ᱠᱷᱚᱡᱽ ᱠᱟᱱᱟ ?"
3336,यह वास्तव में एक अच्छा विचार है.,ᱚᱱᱟ ᱫᱚ ᱥᱟᱹᱨᱤᱜᱤ ᱵᱷᱟᱜᱤ ᱦᱩᱫᱤᱥ ᱾
3337,"लेकिन, क्या वे अध्ययन करते समय कार्य करेंगे?","ᱢᱮᱱᱠᱷᱟᱱ, ᱯᱟᱲᱦᱟᱣ ᱚᱠᱛᱮᱨᱮ ᱦᱚᱸ ᱩᱝᱠᱩ ᱫᱚᱠᱩ ᱠᱟᱹᱢᱤᱭᱟ ?"
3338,"नहीं सर, वे नहीं होगा.","ᱵᱟᱝ ᱜᱚᱝᱠᱮ, ᱢᱵᱟᱝᱠᱩ ᱠᱟᱹᱢᱤᱭᱟ ᱾"
3339,वे अगले महीने अपने 10 वीं परीक्षा पूरी करेंगे.,ᱩᱝᱠᱩ ᱫᱚ ᱑᱐ᱜᱨᱮᱰ ᱨᱮᱭᱟᱜ ᱵᱤᱰᱟᱹᱣ ᱫᱟᱨᱟᱭᱠᱟᱱ ᱢᱟᱹᱱᱦᱟᱹ ᱨᱮᱠᱩ ᱪᱟᱵᱟᱭᱟ ᱾
3340,"सो, परीक्षा के बाद, हम चाहते हैं कि वे कहीं मिल जाएँ ताकि वे कमाई शुरू कर सकें ।","ᱚᱱᱟᱛᱮ, ᱵᱤᱰᱟᱹᱣ ᱛᱟᱭᱚᱢ, ᱟᱞᱮ ᱫᱚ ᱩᱝᱠᱩ ᱡᱟᱦᱟᱸᱨᱮ ᱞᱟᱜᱟᱣᱠᱩ ᱞᱮ ᱢᱮᱱᱡᱚᱧ ᱠᱟᱱᱟ ᱛᱟᱦᱚᱞᱮ ᱠᱷᱟᱱ ᱩᱝᱠᱩ ᱫᱚ ᱨᱳᱡᱜᱟᱨ ᱠᱩ ᱮᱛᱚᱦᱚᱵᱽ ᱫᱟᱲᱤᱭᱟᱜᱼᱟ ᱾"
3341,"वे शिक्षा, टीम कार्य, इत्यादि के बारे में भी सीखते हैं ।","ᱩᱝᱠᱩ ᱫᱚ ᱟᱹᱨᱤᱪᱟᱹᱞᱤ, ᱴᱤᱢᱨᱮ ᱠᱟᱹᱢᱤ, ᱮᱢᱟᱱᱛᱮᱭᱟᱜᱽᱠᱩ ᱦᱚᱸ ᱠᱩ ᱪᱮᱫᱽᱫᱟᱲᱮᱭᱟᱜᱼᱟ ᱾"
3342,"ओह, ठीक है!","ᱳᱦ, ᱴᱷᱤᱠᱜᱮᱭᱟ ! ᱚᱱᱟ ᱫᱚ ᱠᱚᱨᱟᱣ ᱜᱟᱱᱚᱜᱼᱟ ᱾"
3343,यह उनके लिए भी अच्छा होगा.,ᱚᱱᱟ ᱫᱚ ᱩᱝᱠᱩ ᱞᱟᱹᱜᱤᱫᱽᱛᱮ ᱦᱚᱸ ᱵᱷᱟᱜᱤᱜᱮᱭᱟ ᱾
3344,वे अलग - अलग बातें सीखने में समर्थ होंगे ।,ᱩᱝᱠᱩ ᱫᱚ ᱵᱷᱮᱜᱟᱨ ᱵᱷᱮᱜᱟᱨ ᱡᱤᱱᱤᱥᱠᱩ ᱪᱮᱫᱽᱫᱟᱲᱮᱭᱟᱜᱼᱟ ᱾
3345,"हाँ, सर, हम उन्हें वापस नहीं करना चाहते हैं जेल के वातावरण के लिए.","ᱦᱮᱸ, ᱢᱟᱪᱮᱫᱽᱜᱚᱝᱠᱮ, ᱟᱞᱮ ᱵᱟᱝᱞᱮ ᱠᱷᱚᱡᱚᱜᱼᱟ ᱩᱝᱠᱩ ᱵᱳᱥᱛᱤ ᱞᱟᱭᱚᱧᱨᱮᱠᱩ ᱨᱩᱣᱟᱹᱲ ᱥᱮᱱᱚᱜᱼᱢᱟ ᱾"
3346,"अगर वे कुछ ऑफिस में काम करना शुरू करते हैं, तो उन्हें नौकरी की जगह पर ले जाया जाएगा ।","ᱩᱝᱠᱩ ᱫᱚ ᱡᱟᱦᱟᱸᱱ ᱚᱯᱷᱤᱥᱨᱮ ᱠᱟᱹᱢᱤᱠᱩ ᱮᱛᱚᱦᱚᱵᱽ ᱞᱮᱠᱷᱟᱱ, ᱩᱝᱠᱩ ᱫᱚ ᱠᱟᱹᱢᱤᱭ ᱞᱟᱠᱪᱟᱨ ᱥᱟᱶᱛᱮᱠᱩ ᱩᱯᱩᱨᱩᱢᱚᱜᱼᱟ ᱾"
3347,"जी हाँ, यह उनके लिए एक प्रोत्साहक होगा ।","ᱦᱮᱸ, ᱚᱱᱟ ᱫᱚ ᱩᱝᱠᱩ ᱞᱟᱹᱜᱤᱫ ᱩᱫᱜᱟᱹᱣᱟᱱᱟᱜᱽ ᱦᱩᱭᱩᱜᱼᱟ ᱾"
3348,मैं जांचूंगा कि मैं कुछ को अपने पैकिंग इकाई में संलग्न कर सकते हैं.,ᱤᱧ ᱩᱝᱠᱩ ᱢᱩᱫᱽ ᱠᱷᱚᱱ ᱡᱟᱦᱟᱸᱭ ᱤᱧᱟᱜ ᱯᱮᱠᱮᱴᱤᱝ ᱤᱭᱩᱱᱤᱴᱨᱮᱧ ᱡᱚᱯᱚᱲᱟᱣ ᱫᱟᱲᱮᱭᱟᱠᱩᱣᱟ ᱥᱮ ᱵᱟᱝ ᱚᱱᱟᱧ ᱵᱤᱰᱟᱹᱣᱟ ᱾
3349,अपने आश्‍वासन के लिए बहुत बहुत धन्यवाद.,ᱟᱢᱟᱜ ᱱᱤᱭᱟᱹ ᱟᱥ ᱮᱢ ᱞᱟᱹᱜᱤᱫᱛᱮ ᱟᱭᱢᱟ ᱥᱟᱨᱦᱟᱣ ᱾
3350,मैं उनमें से कुछ को लाने के लिए एक बार परीक्षा खत्म हो गया है।,ᱢᱤᱫᱫᱷᱟᱣ ᱵᱤᱰᱟᱹᱣ ᱪᱟᱵᱟᱞᱮᱱᱠᱷᱟᱱ ᱤᱧ ᱫᱚ ᱩᱝᱠᱩ ᱢᱩᱫᱽ ᱠᱷᱚᱱ ᱠᱤᱪᱷᱩᱧ ᱟᱹᱜᱩᱠᱩᱣᱟ ᱾
3351,अपनी मदद के लिए एक बार फिर धन्यवाद.,ᱟᱨ ᱢᱤᱫᱫᱷᱟᱣ ᱟᱭᱢᱟ ᱥᱟᱨᱦᱟᱣ ᱟᱢᱟᱜ ᱱᱤᱭᱟᱹ ᱜᱚᱲᱚᱣᱟᱱ ᱢᱚᱱᱮ ᱞᱟᱹᱜᱤᱫᱽᱛᱮ ᱾
3352,यह डेसी मुझे आईडीली की याद दिलाता है.,ᱱᱚᱶᱟ ᱞᱤᱴᱴᱤ ᱤᱧ ᱤᱰᱞᱤ ᱨᱮᱭᱟᱜ ᱠᱟᱛᱷᱟᱭ ᱫᱤᱥᱟᱹ ᱟᱪᱚᱭᱫᱤᱧᱟ ᱾
3353,दो काफ़ी अलग हैं लेकिन आकार मुझे इसके बारे में याद है.,ᱵᱟᱱᱟᱨᱜᱮ ᱵᱷᱮᱜᱟᱨ ᱜᱮᱭᱟ ᱢᱮᱱᱠᱷᱟᱱ ᱜᱚᱲᱦᱚᱱ ᱤᱧᱮ ᱩᱭᱦᱟᱹᱨᱟᱹᱧ ᱟᱪᱚᱧ ᱠᱟᱱᱟ ᱾
3354,"हाँ, यह एक बिहारिक है.","ᱦᱮᱸ, ᱱᱚᱶᱟᱫᱚ ᱵᱤᱦᱟᱨᱤ ᱠᱚᱣᱟᱜ ᱠᱟᱱᱟ ᱾"
3355,किनारा थाली को को चॉगा कहा जाता है.,ᱥᱟᱶᱛᱮᱱᱟᱜ ᱡᱚᱢᱟᱜ ᱫᱚ ᱪᱳᱠᱷᱟ ᱠᱚ ᱢᱮᱛᱟᱜᱼᱟ ᱾
3356,कुछ लोगों का मानना है कि इस तरह का खाना बनाने के लिए तेल का इस्तेमाल किया जाता है ।,ᱞᱤᱴᱴᱤ ᱫᱚ ᱜᱩᱦᱩᱢᱛᱮ ᱵᱮᱱᱟᱜᱼᱟ ᱟᱨ ᱪᱳᱠᱷᱟᱫᱚ ᱵᱮᱸᱜᱟᱲ ᱟᱨ ᱵᱤᱞᱟᱹᱛᱤᱛᱮ ᱵᱮᱱᱟᱣ ᱦᱩᱭᱩᱜᱼᱟ ᱾
3357,इस में वे कौन - सा तेल इस्तेमाल करते हैं?,ᱱᱚᱶᱟᱨᱮ ᱩᱱᱠᱩ ᱪᱮᱫ ᱥᱩᱱᱩᱢ ᱠᱚ ᱵᱮᱣᱦᱟᱨᱟ ?
3358,यह केरल केले से अलग लगता है ।,ᱱᱚᱶᱟᱫᱚ ᱠᱮᱨᱟᱞᱟ ᱨᱮᱭᱟᱜ ᱡᱚᱢᱟᱜ ᱠᱷᱳᱱ ᱵᱷᱮᱜᱟᱨ ᱜᱮᱭᱟ ᱢᱚᱱᱮ ᱦᱩᱭᱩᱜ ᱠᱟᱱᱟ ᱾
3359,कोरोको में तेल इस्तेमाल किया जाता है।,ᱪᱳᱠᱦᱟ ᱨᱮᱫᱚ ᱥᱟᱫᱷᱟᱨᱚᱱᱚᱛᱚ ᱛᱩᱲᱤ ᱥᱩᱱᱩᱢ ᱵᱮᱣᱦᱟᱨᱚᱜᱼᱟ ᱾
3360,बोरियों के हर गुच्छे में इस्तेमाल किया जाता है ।,ᱵᱤᱦᱟᱨᱤ ᱡᱚᱢᱟᱜ ᱨᱮᱭᱟᱜ ᱥᱟᱱᱟᱢ ᱨᱮᱜᱮ ᱛᱩᱲᱤ ᱥᱩᱱᱩᱢ ᱠᱚ ᱵᱮᱣᱦᱟᱨ ᱦᱩᱭᱩᱜᱼᱟ᱾
3361,आप के सामने बर्तन क्या है?,ᱟᱢ ᱥᱟᱢᱟᱝ ᱨᱮᱫᱚ ᱪᱮᱫ ᱡᱚᱢᱟᱜ ᱢᱮᱱᱟᱜᱼᱟ ?
3362,यह कहा जाता है और आमतौर पर हम इसे काली लड़की के साथ खाते हैं.,ᱱᱚᱶᱟᱫᱚ ᱯᱩᱴᱴᱟ ᱠᱚ ᱢᱮᱛᱟᱜᱼᱟ ᱟᱨ ᱟᱞᱮᱫᱚ ᱦᱮᱸᱫᱮ ᱵᱷᱩᱴ ᱥᱟᱶᱞᱮ ᱡᱚᱢᱟ ᱾
3363,"उसमें विभिन्‍न प्रकार के होते हैं, लेकिन एक आदेश दिया गया है कि चावल का बना हो ।","ᱱᱚᱶᱟ ᱨᱮᱭᱟᱜ ᱟᱭᱢᱟ ᱦᱟᱹᱴᱤᱧ ᱢᱮᱱᱟᱜᱼᱟ, ᱮᱱᱠᱷᱟᱱ ᱤᱧ ᱡᱟᱦᱟᱸᱧ ᱚᱰᱟᱨ ᱟᱠᱟᱫᱟ ᱚᱱᱟᱫᱚ ᱪᱟᱣᱞᱤ ᱜᱩᱸᱰᱟᱹᱛᱮ ᱵᱮᱱᱟᱜᱼᱟ ᱾"
3364,"ओह, काले लड़कीएएएएएएएच है?","ᱳᱦ, ᱦᱮᱸᱫᱮ ᱵᱷᱩᱴ ᱥᱟᱶᱛᱮ ᱡᱚᱢᱟᱜ ᱫᱚ ᱪᱮᱫ ᱢᱚᱥᱞᱟ ᱟᱱᱟᱜ ᱜᱮᱭᱟ ?"
3365,मैंने पहले बात की बात नहीं सुनी।,ᱯᱩᱴᱴᱩ ᱨᱮᱭᱟᱜ ᱧᱩᱛᱩᱢ ᱞᱟᱦᱟᱛᱮᱫᱚ ᱵᱟᱹᱧ ᱟᱸᱡᱚᱢ ᱟᱠᱟᱫᱟ ᱾
3366,क्या यह नारियल की ऊपरी सतह पर छिड़कता है?,ᱚᱱᱟ ᱪᱮᱛᱟᱱ ᱨᱮᱫᱚ ᱪᱮᱫ ᱱᱟᱹᱲᱠᱚᱞ ᱠᱚ ᱪᱩᱨᱩᱡᱡ ᱟᱜᱼᱟ ?
3367,"जी हाँ, नारियल को आम तौर पर केरल के बहुत - से भोजन में इस्तेमाल किया जाता है ।","ᱦᱮᱸ, ᱠᱮᱨᱟᱞᱟ ᱨᱮᱫᱚ ᱥᱟᱫᱷᱟᱨᱚᱱᱚᱛᱚ ᱟᱭᱢᱟ ᱡᱚᱢᱟᱜᱨᱮ ᱵᱮᱣᱦᱟᱨᱚᱜᱼᱟ ᱾"
3368,बहुत - से भोजन - वस्तुएँ भी बहुतायत में होती हैं ।,ᱱᱚᱶᱟ ᱠᱚᱨᱮ ᱢᱚᱥᱞᱟᱦᱚᱸ ᱟᱭᱢᱟ ᱛᱟᱦᱮᱱᱟ ᱚᱱᱟᱛᱮ ᱵᱟᱹᱲᱛᱤ ᱡᱚᱢᱟᱜ ᱨᱮᱜᱮ ᱢᱚᱥᱞᱟ ᱫᱚ ᱰᱷᱮᱨᱜᱮ ᱛᱟᱦᱮᱱᱟ ᱾
3369,क्या आपके मनपसंद भोजन की कोई ज़रूरत है?,ᱞᱤᱴᱴᱤ ᱫᱚ ᱟᱢᱟᱜ ᱡᱚᱛᱚᱠᱷᱚᱱ ᱠᱩᱥᱤᱭᱟᱜ ᱡᱚᱢᱟᱜ ᱠᱟᱱᱟ ?
3370,"लीटी, मेरे पसंदीदा में से एक है.",ᱞᱤᱴᱴᱤ ᱫᱚ ᱤᱧᱟᱹᱜ ᱠᱩᱥᱤᱭᱟᱜ ᱡᱚᱢᱟᱜ ᱠᱟᱱᱟ ᱾
3371,मेरा पसंदीदा बिहरी व्यंजन है Tatatata.,ᱤᱧᱟᱹᱜ ᱠᱩᱥᱤᱭᱟᱜ ᱵᱤᱦᱟᱨᱤ ᱡᱚᱢᱟᱜ ᱫᱚ ᱦᱩᱭᱩᱜ ᱠᱟᱱᱟ ᱥᱟᱹᱛᱩ ᱨᱮᱭᱟᱜ ᱯᱚᱨᱚᱴᱟ ᱾
3372,यह एक भारतीय टको की तरह लग रहा है.,ᱱᱚᱶᱟᱫᱚ ᱵᱷᱟᱨᱚᱛ ᱨᱮᱭᱟᱜ ᱴᱮᱠᱳ ᱞᱮᱠᱟ ᱧᱮᱞᱚᱜᱼᱟ ᱾
3373,"मैं कभी नहीं सुना है कि, लेकिन यह बहुत स्वस्थ है?","ᱤᱧᱫᱚ ᱛᱤᱥᱦᱚᱸ ᱵᱟᱹᱧ ᱟᱸᱡᱚᱢ ᱟᱠᱟᱫᱟ, ᱢᱮᱱᱠᱷᱟᱱ ᱱᱚᱶᱟᱫᱚ ᱟᱹᱰᱤ ᱵᱷᱟᱜᱮ ᱜᱮᱭᱟ ᱾"
3374,"ओह, हाँ! यह एक बहुत स्वस्थ व्यंजन है.","ᱳᱦ ᱦᱮᱸ, ᱱᱚᱶᱟᱫᱚ ᱟᱹᱰᱤ ᱥᱟᱶᱟᱨᱼᱟᱱ ᱡᱚᱢᱟᱜ ᱠᱟᱱᱟ ᱾"
3375,यह रसा आटा और अन्य जड़ी - बूटियों से बनाया जाता है ।,ᱱᱚᱶᱟᱫᱚ ᱵᱷᱩᱴ ᱦᱚᱞᱚᱝ ᱟᱨ ᱮᱴᱟᱜ ᱨᱟᱱᱚᱜᱼᱟᱱ ᱟᱛᱮ ᱵᱮᱱᱟᱣ ᱦᱩᱭᱩᱜᱼᱟ ᱾
3376,"इसके अलावा, यह मेरा मनपसंद काम है ।","ᱱᱚᱶᱟ ᱨᱮᱭᱟᱜ ᱢᱤᱫ ᱡᱚᱡᱚ ᱥᱟᱫ ᱦᱚᱸ ᱢᱮᱱᱟᱜᱼᱟ, ᱚᱱᱟᱛᱮᱜᱮ ᱱᱚᱶᱟᱫᱚ ᱤᱧᱟᱹᱜ ᱠᱩᱥᱤᱭᱟᱜ ᱡᱚᱢᱟᱜ ᱠᱟᱱᱟ ᱾"
3377,आपके बारे में क्या?,"ᱟᱢᱟᱜ ᱫᱚ ᱪᱮᱫ, ᱠᱮᱨᱟᱞᱟ ᱨᱮᱭᱟᱜ ᱟᱢᱟᱜ ᱠᱩᱥᱤ ᱞᱮᱠᱟᱱ ᱡᱚᱢᱟᱜ ᱫᱚ ᱪᱮᱫ ᱠᱟᱱᱟ ?"
3378,एमम और दाल मेरी पसंदीदा है.,ᱟᱯᱯᱟᱢ ᱟᱨ ᱥᱴᱩ ᱤᱧᱟᱹᱜ ᱠᱩᱥᱤᱭᱟᱜ ᱠᱟᱱᱟ ᱾
3379,यह अखमीरी चावल के साथ बनाया जाता है और यह अनिवार्य रूप से scuts किनारों के साथ एक कैंच है.,ᱱᱚᱶᱟᱫᱚ ᱟᱛᱟ ᱪᱟᱣᱞᱤ ᱜᱩᱸᱰᱟᱹᱛᱮ ᱵᱮᱱᱟᱣ ᱦᱩᱭᱩᱜᱼᱟ ᱟᱨ ᱱᱚᱶᱟᱫᱚ ᱠᱷᱟᱥᱛᱟ ᱯᱮᱱᱠᱮᱠ ᱞᱮᱠᱟᱱᱟᱜ ᱠᱟᱱᱟ ᱾
3380,"ओह, यह प्यारा लगता है.","ᱳᱦ, ᱟᱹᱰᱤ ᱥᱤᱵᱤᱞ ᱵᱩᱡᱷᱟᱹᱜ ᱠᱟᱱᱟ ᱾"
3381,हमें यह अधिक बार करना चाहिए.,ᱱᱚᱶᱟ ᱟᱵᱚ ᱟᱨᱦᱚᱸ ᱜᱷᱟᱱᱮ ᱜᱷᱟᱱᱮ ᱠᱚᱨᱟᱣ ᱞᱟᱹᱠᱛᱤ ᱠᱟᱱᱟ ᱾
3382,"मुझे माफ करना, यहाँ एक giron- बे - फ्री आहार उपलब्ध है?","ᱤᱠᱟᱹ ᱠᱟᱹᱧᱢᱮ, ᱱᱚᱸᱰᱮ ᱜᱞᱩᱴᱮᱱ ᱯᱷᱨᱤ ᱡᱚᱢᱟᱜ ᱧᱟᱢᱚᱜᱼᱟ ?"
3383,मैं डायबिटीज़ से पीड़ित हूँ और मेरे दोस्त को सबसे ज्यादा एलर्जी है.,ᱤᱧᱫᱚ ᱰᱟᱭᱟᱵᱮᱴᱤᱠ ᱜᱤᱭᱟᱹᱧ ᱟᱨ ᱤᱧᱨᱮᱱ ᱜᱟᱛᱮ ᱫᱚ ᱜᱞᱩᱴᱮᱱᱨᱮ ᱮᱞᱟᱨᱡᱤ ᱢᱮᱱᱟᱜ ᱛᱟᱭᱟ ᱾
3384,"बेशक, आपको क्या करने में दिलचस्पी है?","ᱮᱠᱟᱞ ᱜᱮ, ᱟᱢᱟᱜ ᱪᱮᱫ ᱜᱚᱨᱚᱡᱽ ᱢᱮᱱᱟᱜ ᱛᱟᱢᱟ ?"
3385,मैं उम्मीद कर रहा था कि आप अपने कुछ बर्तन की सिफारिश कर सकते हैं.,ᱤᱧ ᱟᱥᱚᱜ ᱠᱟᱱᱟᱹᱧ ᱡᱮ ᱟᱢ ᱟᱢᱟᱜ ᱡᱚᱢᱟᱜ ᱨᱮᱭᱟᱜ ᱠᱤᱪᱷᱤᱢ ᱞᱟᱹᱭ ᱫᱟᱲᱮᱭᱟᱜᱼᱟ ᱾
3386,मैंने सुना है कि इस होटल में बहुत स्वस्थ भोजन है.,ᱤᱧ ᱟᱸᱡᱚᱢ ᱟᱠᱟᱫᱟ ᱱᱤᱭᱟᱹ ᱡᱚᱢᱡᱤᱨᱟᱹᱣ ᱚᱲᱟᱜᱨᱮ ᱟᱹᱰᱤ ᱥᱟᱶᱟᱨᱼᱟᱱ ᱡᱚᱢᱟᱜ ᱢᱮᱱᱟᱜᱼᱟ ᱾
3387,"ग्राहकों के लिए एक सुरक्षित आहार की तलाश में, हम चावल, अनाज, सन के बीज, और चक्की के विकल्प प्रस्तुत करते हैं.","ᱜᱞᱩᱴᱮᱱᱼᱯᱷᱨᱤ ᱡᱚᱢᱟᱜ ᱠᱚ ᱯᱟᱸᱡᱟᱭᱮᱫᱟ ᱚᱱᱠᱟᱱ ᱠᱤᱨᱤᱧᱩᱭᱟ ᱠᱚ ᱞᱟᱹᱜᱤᱫ, ᱟᱞᱮ ᱫᱟᱠᱟ,ᱡᱚᱸᱰᱨᱟ, ᱥᱚᱱ ᱤᱛᱟᱹ ᱟᱨ ᱵᱟᱡᱽᱲᱟ ᱨᱮᱭᱟᱜ ᱞᱮ ᱮᱢᱟ ᱠᱚᱣᱟ ᱾"
3388,हमारे पास खनिज और चिकनी - चुपड़ी बातें भी हैं ।,ᱟᱞᱮᱫᱚ ᱥᱟᱞᱟᱰ ᱟᱨ ᱱᱟᱯᱟᱭ ᱥᱤᱢᱟᱹ ᱢᱮᱱᱟᱜᱼᱟ ᱾
3389,हमारे पास भी एक दुखद बातचीत है.,ᱟᱞᱮᱭᱟᱜᱫᱚ ᱰᱟᱭᱟᱵᱮᱴᱤᱪ ᱦᱚᱲ ᱠᱩᱥᱤᱭᱟᱜ ᱞᱮᱠᱟᱱ ᱢᱮᱱᱩᱦᱚᱸ ᱢᱮᱱᱟᱜᱼᱟ ᱾
3390,मैं एक स्थानीय भोजन मेन्यू के लिए देख रहा था कि Gern-unn- फ्री था.,ᱤᱧᱫᱚ ᱥᱩᱨ ᱠᱚᱨᱮ ᱢᱤᱫᱴᱟᱝ ᱡᱚᱢᱟᱜ ᱤᱧ ᱯᱟᱸᱡᱟᱭᱮᱫᱟ ᱡᱟᱦᱟᱸᱫᱚ ᱜᱞᱩᱴᱮᱱᱼᱯᱷᱨᱤ ᱜᱮᱭᱟ ᱾
3391,कुछ विशाल भूरे रंग के चावल या मुर्गी कोरीनी पसंद करती है।,ᱢᱟᱥᱨᱩᱢ ᱵᱨᱟᱣᱩᱱ ᱨᱟᱭᱤᱥ ᱥᱮ ᱪᱤᱠᱮᱱ ᱠᱩᱭᱱᱚᱣᱟ ᱵᱤᱨᱤᱭᱟᱱᱤ ᱞᱮᱠᱟᱱᱟᱜ ᱠᱤᱪᱷᱤ ᱾
3392,"हाँ, ये विकल्प यहाँ उपलब्ध हैं.","ᱦᱮᱸ, ᱱᱚᱶᱟ ᱠᱚᱫᱚ ᱱᱚᱰᱮ ᱧᱟᱢᱚᱜᱼᱟ ᱾"
3393,हम भी कुछ fun-unch- fonnuck सूप है कि आप पर एक नज़र रखना चाहते हैं.,ᱟᱞᱮᱴᱷᱮᱱ ᱠᱤᱪᱷᱤ ᱜᱞᱩᱴᱮᱱᱼᱯᱷᱨᱤ ᱥᱩᱯ ᱡᱚᱢᱟᱜ ᱢᱮᱱᱟᱜᱼᱟ ᱡᱟᱦᱟᱸᱫᱚ ᱟᱢᱮᱢ ᱧᱮᱞ ᱫᱟᱲᱮᱭᱟᱜᱼᱟ ᱾
3394,तो क्या तुम लोग इस कलाम से इन्कार रखते हो,ᱰᱟᱭᱟᱵᱮᱴᱤᱠ ᱨᱮᱭᱟᱜ ᱢᱮᱱᱩ ᱠᱷᱚᱱ ᱟᱢ ᱪᱮᱫ ᱮᱢ ᱠᱷᱚᱡᱽ ᱠᱟᱱᱟ ?
3395,मेरे पास एक साबादान है जो कि मैंने पहले उल्लेख किया था।,ᱤᱧᱫᱚ ᱥᱟᱹᱵᱩᱫᱟᱱᱟ ᱨᱮᱭᱟᱜ ᱠᱷᱤᱪᱩᱲᱤ ᱟᱨ ᱢᱟᱥᱨᱩᱢ ᱵᱨᱟᱣᱩᱱ ᱨᱟᱭᱤᱥ ᱤᱧ ᱦᱟᱛᱟᱣᱼᱟ ᱡᱟᱦᱟᱸᱫᱚ ᱤᱧ ᱞᱟᱦᱟᱨᱮᱧ ᱞᱟᱹᱭ ᱟᱠᱟᱫᱟ ᱾
3396,आप सूप के लिए क्या विकल्प हैं?,ᱥᱩᱯ ᱞᱟᱹᱜᱤᱫ ᱟᱢᱴᱷᱮᱱ ᱪᱮᱫ ᱠᱚ ᱢᱮᱱᱟᱜᱼᱟ ?
3397,हम सूप पर एक greon- fanch है.,ᱟᱞᱮᱴᱷᱮᱱ ᱜᱞᱩᱴᱮᱱᱼᱯᱷᱨᱤ ᱯᱷᱨᱮᱧᱪ ᱚᱱᱤᱭᱚᱱ ᱥᱩᱯ ᱢᱮᱱᱟᱜᱼᱟ ᱾
3398,हम एक स्वादिष्ट टुकड़ा सूप भी बनाते हैं.,ᱟᱞᱮᱫᱚ ᱢᱤᱫ ᱥᱚᱲᱚᱢᱼᱟᱱ ᱠᱮᱪᱟᱜ ᱢᱚᱴᱚᱨ ᱢᱟᱹᱥᱨᱤ ᱥᱩᱯ ᱞᱮ ᱵᱮᱱᱟᱣᱼᱟ ᱾
3399,फिर हमारे पास पीहो बो और एक पश्‍चिम अफ्रीकी मक्खन सूप है ।,ᱤᱱᱟᱹ ᱛᱟᱭᱚᱢ ᱟᱞᱮᱴᱷᱮᱱ ᱯᱷᱳ ᱵᱳ ᱟᱨ ᱢᱤᱫᱴᱟᱝ ᱯᱚᱪᱷᱤᱢ ᱟᱯᱷᱨᱤᱠᱟᱱ ᱯᱤᱱᱟ ᱵᱟᱴᱟᱨ ᱥᱩᱯ ᱢᱮᱱᱟᱜᱼᱟ ᱾
3400,सूप पर फ्रांसीसी ध्वनि दिलचस्प लगता है तो हम उस में से दो होगा.,ᱯᱷᱨᱮᱧᱪ ᱯᱤᱭᱟᱸᱡᱽ ᱥᱩᱯᱫᱚ ᱵᱮᱥ ᱜᱮ ᱟᱸᱡᱚᱢᱚᱜ ᱠᱟᱱᱟ ᱚᱱᱟᱛᱮ ᱟᱞᱮᱴᱷᱮᱱ ᱱᱚᱶᱟᱠᱤᱱ ᱨᱮᱭᱟᱜ ᱵᱟᱱᱟᱨᱜᱮ ᱛᱟᱦᱮᱱᱟ ᱾
3401,मैं आम तौर पर डायबिटीज़ के दोस्त हैं क्योंकि यह मुश्किल है.,ᱤᱧᱫᱚ ᱥᱟᱫᱷᱟᱨᱚᱱᱚᱛᱚ ᱰᱮᱡᱟᱨᱴ ᱫᱚ ᱮᱲᱟᱣ ᱜᱤᱭᱟᱹᱧ ᱪᱮᱫᱟᱜ ᱥᱮ ᱰᱟᱭᱟᱵᱮᱴᱤᱠ ᱦᱮᱲᱮᱢ ᱡᱚᱢᱟᱜ ᱯᱟᱸᱡᱟ ᱧᱟᱢ ᱟᱡᱷᱟᱴ ᱜᱮᱭᱟ ᱾
3402,"ओह, चिंता मत करो, हमारे पास दोस्त भी हैं.","ᱳᱦ, ᱟᱞᱚᱢ ᱩᱭᱦᱟᱹᱨᱟ, ᱟᱞᱮᱴᱷᱮᱱ ᱰᱟᱭᱟᱵᱮᱴᱤᱠᱼᱦᱚᱲ ᱡᱚᱢᱟᱜ ᱞᱮᱠᱟᱱ ᱦᱮᱲᱮᱢ ᱡᱚᱢᱟᱜ ᱦᱚᱸ ᱢᱮᱱᱟᱜᱼᱟ ᱾"
3403,आप कम-कार्ब मक्खन कुकीज़ या चॉकलेट टन बमों की कोशिश कर सकते हैं.,ᱟᱢ ᱞᱳᱼᱠᱟᱨᱵ ᱯᱤᱱᱟᱴ ᱵᱟᱴᱟᱨ ᱠᱩᱠᱤᱡᱽ ᱥᱮ ᱪᱚᱠᱞᱮᱴ ᱠᱮᱴᱳ ᱯᱷᱮᱴ ᱵᱳᱢᱼᱮᱢ ᱵᱮᱣᱦᱟᱨ ᱫᱟᱲᱮᱭᱟᱜᱼᱟ ᱾
3404,हम एक अच्छा प्रोटीन पनीर भी बनाते हैं ।,ᱟᱞᱮᱫᱚ ᱵᱷᱟᱜᱮ ᱯᱨᱳᱴᱤᱱ ᱪᱤᱡᱽᱠᱮᱠ ᱦᱚᱸᱞᱮ ᱵᱮᱱᱟᱣᱼᱟ ᱾
3405,मेरी डायबिटीज़ की वजह से मुझे कितना समय तक पनीर नहीं मिला है.,ᱤᱧᱫᱚ ᱰᱟᱭᱟᱵᱮᱴᱤᱠ ᱠᱷᱟᱹᱛᱤᱨᱛᱮ ᱩᱱᱟᱹᱜᱫᱤᱱ ᱪᱤᱡᱽᱠᱮᱠᱮ ᱵᱟᱹᱧ ᱡᱚᱢ ᱟᱠᱟᱫᱟ ᱿
3406,मैं प्रोटीन पनीर और उसके लिए एक कम-कार मूँगफली मक्खन कुकी होगा.,ᱤᱧ ᱴᱷᱮᱱ ᱩᱱᱤ ᱞᱟᱹᱜᱤᱫ ᱯᱨᱳᱴᱤᱱ ᱪᱤᱡᱽᱠᱮᱠᱮ ᱟᱨ ᱢᱤᱫᱴᱟᱝ ᱠᱚᱢᱼᱠᱟᱨᱵ ᱯᱤᱱᱟᱴ ᱵᱟᱴᱟᱨ ᱠᱩᱠᱤ ᱛᱟᱦᱮᱱᱟ ᱾
3407,यह होटल अद्भुत है.,ᱱᱚᱶᱟ ᱡᱚᱢ ᱡᱤᱨᱟᱹᱣ ᱚᱲᱟᱜᱫᱚ ᱟᱹᱰᱤ ᱦᱟᱦᱟᱲᱟ ᱜᱮᱭᱟ ᱾
3408,तारीफ के लिए धन्यवाद.,ᱥᱟᱨᱦᱟᱣ ᱞᱟᱹᱜᱤᱫᱛᱮ ᱟᱭᱢᱟ ᱥᱟᱨᱦᱟᱣ ᱾
3409,मुझे आशा है कि आप हमें गूगल पर एक समीक्षा करने के लिए समय ले.,ᱤᱧ ᱟᱥᱚᱜ ᱠᱟᱹᱱᱟᱹᱧ ᱟᱢ ᱜᱩᱜᱚᱞ ᱨᱮ ᱟᱞᱮ ᱨᱤᱵᱷᱤᱣᱩ ᱮᱢᱚᱜ ᱨᱮ ᱚᱠᱛᱚᱢ ᱦᱟᱛᱟᱣᱼᱟ ᱾
3410,मुझे पता है कि अगर तुम कुछ भी जरूरत है.,ᱫᱟᱭᱟ ᱠᱟᱛᱮᱜ ᱵᱟᱰᱟᱭ ᱚᱪᱚᱧ ᱢᱮ ᱡᱩᱫᱤ ᱡᱟᱦᱟᱱᱟᱜ ᱮᱢ ᱠᱷᱚᱡᱽ ᱠᱷᱟᱱ ᱾
3411,मैं एक अच्छी समीक्षा छोड़ने के लिए सुनिश्चित कर लेंगे.,ᱤᱧ ᱢᱤᱫᱴᱟᱝ ᱴᱷᱟᱹᱣᱠᱟᱹᱟᱱ ᱱᱟᱯᱟᱭ ᱨᱤᱵᱷᱤᱣᱩ ᱤᱧ ᱮᱢᱚᱜ ᱟ ᱾
3412,"मैं अंदर आ सकता हूँ, साहब?","ᱤᱧ ᱵᱷᱤᱛᱤᱨ ᱨᱮᱧ ᱦᱮᱡᱽ ᱫᱟᱲᱮᱭᱟᱜᱼᱟ, ᱥᱮᱨ ?"
3413,"हाँ, एक सीट कृपया है.","ᱦᱮᱸ, ᱫᱩᱲᱩᱵ ᱢᱮ ᱾"
3414,मैं तुम्हारे लिए क्या कर सकते हैं?,ᱟᱢ ᱞᱟᱹᱜᱤᱫ ᱪᱮᱫ ᱤᱧ ᱪᱤᱠᱟᱹ ᱫᱟᱲᱮᱭᱟᱜᱼᱟ ?
3415,मेरा नाम Addav है.,ᱤᱧᱟᱹᱜ ᱧᱩᱛᱩᱢ ᱫᱚ ᱟᱱᱚᱱᱫ ᱡᱟᱫᱚᱵ
3416,मैं अपने बचत खाते से कुछ पैसे लेना चाहते हैं.,ᱤᱧᱫᱚ ᱤᱧᱟᱹᱜ ᱥᱮᱵᱷᱤᱝᱥ ᱮᱠᱟᱣᱩᱱᱴᱥ ᱠᱷᱚᱱ ᱠᱤᱪᱷᱤ ᱴᱟᱠᱟᱧ ᱦᱟᱛᱟᱣᱼᱟ ᱾
3417,मुझे यकीन नहीं है कि ऑपरेशन क्या कर रहे हैं।,ᱤᱧᱫᱚ ᱴᱟᱠᱟ ᱳᱰᱳᱠ ᱦᱚᱨᱟ ᱪᱮᱫ ᱞᱮᱠᱟᱱᱟ ᱵᱟᱹᱧ ᱵᱟᱰᱟᱭᱟ ᱾
3418,क्या तुम मेरी मदद कर सकते हो?,ᱟᱢ ᱪᱮᱫ ᱤᱧᱮᱢ ᱜᱚᱲᱚ ᱟᱹᱧᱟᱹ ?
3419,"ज़रूर, सर.","ᱮᱠᱟᱞ ᱜᱮ, ᱥᱮᱨ ᱾"
3420,"सबसे पहले और सबसे पहले, आपको सुधार के रूप को पूरा करना होगा ।",ᱯᱳᱭᱞᱳᱨᱮ ᱟᱢ ᱴᱟᱠᱟ ᱛᱩᱞᱟᱹᱣ ᱨᱮᱭᱟᱜ ᱯᱷᱚᱨᱢ ᱯᱮᱨᱮᱡᱽ ᱦᱩᱭᱩᱜ ᱛᱟᱢᱟ ᱾
3421,"कृपया अपना खाता संख्या, नाम, सेल संख्या, और पता नीचे दिए गए क्षेत्रों में डालें.","ᱫᱟᱭᱟ ᱠᱟᱛᱮᱜ ᱞᱟᱛᱟᱨ ᱨᱮ ᱟᱢᱟᱜ ᱮᱠᱟᱣᱩᱱᱴ ᱱᱚᱢᱵᱚᱨ, ᱧᱩᱛᱩᱢ, ᱢᱳᱵᱟᱭᱤᱞ ᱱᱚᱢᱵᱚᱨ, ᱟᱨ ᱴᱷᱤᱠᱟᱹᱱᱟ ᱚᱞᱢᱮ ᱾"
3422,ठीक है. मैं यहाँ हस्ताक्षर करने के लिए है?,"ᱴᱷᱤᱠ ᱜᱮᱭᱟ, ᱤᱧᱫᱚ ᱪᱮᱫ ᱱᱚᱸᱰᱮᱧ ᱥᱩᱦᱤᱭᱟ ?"
3423,जेल के. कृपया ऐसा करें.,"ᱮᱠᱟᱞ ᱜᱮ, ᱚᱱᱟᱠᱜᱮ ᱠᱚᱨᱟᱣ ᱢᱮ ᱾"
3424,आप कितना पैसा छोड़ना चाहते हैं?,ᱟᱢ ᱛᱤᱱᱟᱹᱜ ᱜᱟᱱ ᱴᱟᱠᱟ ᱛᱩᱞᱟᱹᱣᱮᱢ ᱠᱷᱚᱡᱽ ᱠᱟᱱᱟ ?
3425,मैं Rssss के एक पुनर्वास की जरूरत है.,"ᱤᱧᱫᱚ ᱑᱐᱐,᱐᱐᱐/- ᱴᱟᱠᱟ ᱛᱩᱞᱟᱹᱣ ᱞᱟᱹᱠᱛᱤᱭᱟᱹᱧᱟ ᱾"
3426,"कृपया रूप को शब्दों और आंकड़े से भरें, सर.","ᱥᱮᱨ, ᱫᱟᱭᱟ ᱠᱟᱛᱮᱜ ᱟᱹᱲᱟᱹ ᱟᱨ ᱮᱞ ᱨᱮᱭᱟᱜ ᱞᱮᱠᱷᱟ ᱥᱟᱶᱛᱮ ᱯᱷᱚᱨᱢ ᱯᱮᱨᱮᱡᱽ ᱢᱮ ᱾"
3427,कृपया अपने नाम पर हस्ताक्षर करने के लिए याद रखें रीकर फ़ॉर्म के तल पर.,ᱴᱟᱠᱟ ᱛᱩᱞᱟᱹᱣ ᱯᱷᱚᱨᱢ ᱪᱮᱛᱟᱱ ᱨᱮ ᱟᱢᱟᱜ ᱧᱩᱛᱩᱢ ᱥᱩᱦᱤ ᱟᱞᱚᱢ ᱦᱤᱲᱤᱧᱟ ᱾
3428,"ठीक है, मुझे लगता है कि याद करेंगे.","ᱴᱷᱤᱠ ᱜᱮᱭᱟ, ᱱᱚᱶᱟ ᱫᱚᱧ ᱫᱤᱥᱟᱹ ᱠᱟᱹᱜ ᱼᱟᱹ ᱾"
3429,इनमें से कौन - कौन - सी बात सुधारी जा सकती है?,ᱚᱠᱟᱴᱟᱜ ᱫᱚ ᱴᱟᱠᱟ ᱛᱩᱞᱟᱹᱣ ᱨᱮᱭᱟᱜ ᱠᱟᱣᱩᱱᱴᱟᱨ ᱠᱟᱱᱟ ?
3430,"सर, कृपया कोई 2 का पालन करने के लिए आगे बढ़ें.","ᱥᱮᱨ, ᱫᱟᱭᱟ ᱠᱟᱛᱮᱜ ᱒ ᱱᱚᱢᱵᱚᱨ ᱠᱟᱣᱩᱱᱴᱟᱮ ᱨᱮ ᱪᱟᱞᱟᱜ ᱢᱮ ᱾"
3431,कर्मचारी ग्राहक के खाता संख्या और नाम की पुष्टि करेगा।,ᱠᱟᱣᱩᱱᱴᱟᱨ ᱨᱮᱱ ᱠᱟᱹᱢᱤᱭᱤᱡ ᱦᱟᱛᱟᱣᱤᱡᱼᱟᱜ ᱮᱠᱟᱣᱩᱱᱴ ᱱᱚᱢᱵᱚᱨ ᱟᱨ ᱧᱩᱛᱩᱢᱮ ᱴᱷᱟᱹᱣᱠᱟᱹᱭᱟ ᱾
3432,और माल को बहुत ही अज़ीज़ रखते हो,ᱟᱨ ᱟᱢ ᱴᱟᱠᱟᱢ ᱧᱟᱢᱟ ᱾
3433,धन्यवाद!,ᱥᱟᱨᱦᱟᱣ ᱜᱮ !
3434,मैं तुम्हारे लिए कुछ और कर सकते हैं?,ᱟᱢ ᱞᱟᱹᱜᱤᱫ ᱟᱨ ᱡᱟᱦᱟᱱᱟᱜ ᱤᱧ ᱪᱤᱠᱟᱹ ᱫᱟᱲᱮᱭᱟᱜᱼᱟ ?
3435,मैं एक अधिक सहायता की जरूरत है.,ᱤᱧ ᱟᱨ ᱢᱤᱫᱴᱟᱝ ᱜᱚᱲᱚᱧ ᱠᱷᱚᱡᱽ ᱠᱟᱱᱟ ᱾
3436,मैं हिसाब बदलने के बाद कैसे पता लगा सकता हूँ?,ᱴᱟᱠᱟ ᱛᱩᱞᱟᱹᱣ ᱛᱟᱭᱚᱢ ᱤᱧ ᱪᱮᱫ ᱞᱮᱠᱟᱛᱮ ᱮᱠᱟᱣᱩᱱᱴ ᱵᱮᱞᱮᱱᱥ ᱤᱧ ᱵᱟᱰᱟᱭ ᱫᱟᱲᱮᱭᱟᱜᱼᱟ ?
3437,"सर, कृपया सिंहासन की लंबाई पासबुक में दर्ज करने के लिए पूछें.","ᱥᱮᱨ, ᱫᱟᱭᱟ ᱠᱟᱛᱮᱜ ᱠᱟᱣᱩᱱᱴᱟᱨ ᱠᱟᱹᱢᱤᱭᱟᱹᱠᱚ ᱯᱟᱥᱵᱳᱭᱨᱮ ᱵᱮᱞᱮᱱᱥ ᱚᱞ ᱟᱪᱚ ᱠᱚᱢ ᱾"
3438,ठीक है! धन्यवाद.,ᱴᱷᱤᱠ ᱜᱮᱭᱟ ! ᱟᱭᱢᱟ ᱥᱟᱨᱦᱟᱣ ᱾
3439,आपका स्वागत है सर!,ᱥᱟᱹᱜᱩᱱ ᱫᱟᱨᱟᱢ ᱥᱮᱨ !
3440,मूल्यवान ग्राहक होने के लिए धन्यवाद.,ᱫᱟᱢᱟᱱ ᱜᱟᱦᱟᱠ ᱦᱩᱭᱩᱜ ᱞᱟᱹᱜᱤᱫᱛᱮ ᱟᱭᱢᱟ ᱥᱟᱨᱦᱟᱣ ᱾
3441,फिर से भेंट कीजिए ।,ᱟᱨᱦᱚᱸ ᱦᱤᱡᱩᱜ ᱢᱮ ᱾
3442,क्या आप खेलों में हैं?,ᱟᱢ ᱠᱷᱮᱞᱚᱸᱰ ᱯᱷᱤᱞᱤᱢᱨᱮ ᱢᱤᱱᱟᱢᱟ ?
3443,आप उन लोगों को जानते हैं जिनमें वे असली खेल खिलाड़ियों की कहानी बता रहे हैं।,ᱟᱢᱮᱢ ᱵᱟᱰᱟᱭᱟ ᱩᱱᱠᱩᱫᱚ ᱥᱟᱹᱨᱤᱱ ᱠᱷᱮᱞ ᱠᱷᱮᱞᱚᱸᱰᱤᱭᱟᱹ ᱠᱚᱣᱟᱜ ᱠᱟᱹᱦᱤᱱᱤᱠᱚ ᱞᱟᱹᱭᱟ ᱾
3444,यह इतना प्रेरक है.,ᱱᱚᱶᱟᱫᱚ ᱟᱹᱰᱤ ᱩᱫᱜᱟᱹᱣ ᱟᱱᱟᱜ ᱠᱟᱱᱟ ᱾
3445,मेरी कोमा को देखने के बाद मैं उन्हें पसंद करने लगी।,ᱤᱧ ᱢᱮᱨᱤ ᱠᱚᱢ ᱧᱮᱞ ᱛᱟᱭᱚᱢ ᱩᱱᱠᱩ ᱠᱩᱥᱤᱧ ᱮᱛᱚᱦᱚᱵ ᱟᱠᱟᱫᱟ ᱾
3446,यह बहुत अच्छा लग रहा था.,ᱚᱱᱟ ᱧᱮᱞ ᱛᱟᱭᱚᱢ ᱟᱹᱰᱤ ᱢᱚᱡᱽ ᱵᱩᱡᱷᱟᱹᱜ ᱠᱟᱱᱟ ᱾
3447,"ओह, मैं उन फिल्मों से प्यार करता हूँ.",ᱳᱦ ᱤᱧᱫᱚ ᱚᱱᱟᱠᱚ ᱪᱤᱱᱟᱹᱢᱟᱧ ᱠᱩᱥᱤᱭᱟᱜᱼᱟ ?
3448,मेरा पसंदीदा है बाहाग मिल्कीमा.,ᱵᱷᱟᱜᱽ ᱢᱤᱞᱠᱷᱟ ᱵᱷᱟᱜᱽ ᱫᱚ ᱤᱧᱟᱹᱜ ᱡᱚᱛᱚᱠᱷᱚᱱ ᱠᱩᱥᱤᱭᱟᱜ ᱠᱟᱱᱟ ᱾
3449,यह एक 2013 फिल्म है खिलाड़ी मिल्की सिंह के बारे में।,ᱱᱚᱶᱟᱫᱚ ᱒᱐᱑᱓ ᱥᱟᱹᱦᱤᱛ ᱨᱮᱭᱟᱜ ᱠᱷᱮᱞᱚᱸᱰᱤᱭᱟᱹ ᱢᱤᱞᱠᱷᱟ ᱥᱤᱝ ᱤᱫᱤ ᱠᱟᱛᱮᱜ ᱢᱤᱫ ᱪᱚᱞᱚᱛ ᱪᱤᱛᱟᱹᱨ ᱠᱟᱱᱟ ᱾
3450,क्या आप जानते हैं कि व्यक्ति कितना भयानक है?,ᱟᱢᱮᱢ ᱵᱟᱰᱟᱭᱟ ᱦᱚᱲᱛᱮᱫᱽ ᱛᱤᱱᱟᱹᱜ ᱮ ᱦᱟᱦᱟᱲᱟᱜᱼᱟ ?
3451,उन्होंने कहा कि उड़ान के रूप में भी जाना जाता है!,ᱩᱱᱤᱫᱚ ᱩᱰᱟᱹᱜ ᱥᱤᱠᱷ ᱢᱮᱱᱛᱮ ᱦᱚᱸᱭ ᱩᱨᱩᱢᱚᱜᱼᱟ !
3452,ओह मैं उस आदमी से प्यार करता हूँ!,ᱳᱦ ᱩᱱᱤ ᱦᱚᱲᱫᱚ ᱤᱧᱤᱧ ᱠᱩᱥᱤ ᱟᱭᱟ !
3453,यही एकमात्र खिलाड़ी है जो एशियाई खेलों में 400 मीटर और आम पैसा कमाने वाले खेलों को जीतने के लिए।,ᱩᱱᱤᱜᱮ ᱢᱤᱫ ᱠᱷᱮᱞᱚᱸᱰᱤᱭᱟᱹ ᱠᱟᱱᱟᱭ ᱡᱟᱦᱟᱸᱭᱫᱚ ᱮᱥᱤᱭᱟᱱ ᱜᱮᱢᱥ ᱟᱨ ᱠᱚᱢᱚᱱᱳᱭᱮᱞᱛᱷ ᱜᱮᱢᱥᱨᱮ ᱔᱐᱐ ᱢᱤᱴᱟᱨ ᱨᱮ ᱥᱚᱱᱟᱭ ᱡᱤᱛᱠᱟᱹᱨ ᱞᱮᱱᱟ ᱾
3454,यह कितना अच्छा है?,ᱚᱱᱟ ᱫᱚ ᱛᱤᱱᱟᱹᱜ ᱢᱚᱡᱽ ?
3455,सन्‌ 1958 और 1962 एशियाई खेलों में भी उसने सोने का पद हासिल किया ।,ᱚᱱᱟ ᱪᱷᱟᱰᱟ ᱠᱟᱛᱮᱜ ᱩᱱᱤᱫᱚ ᱑᱙᱕᱘ ᱟᱨ ᱑᱙᱖᱒ ᱨᱮᱭᱟᱜ ᱮᱥᱤᱭᱟᱱ ᱜᱮᱢᱥᱨᱮ ᱥᱚᱱᱟᱭ ᱧᱟᱢ ᱟᱠᱟᱫᱟ ᱾
3456,मैं एक दिन उसकी तरह बनना चाहता हूँ.,ᱤᱧ ᱢᱤᱫ ᱫᱤᱱ ᱩᱱᱤ ᱞᱮᱠᱟᱧ ᱦᱩᱭᱩᱜᱼᱟ ᱾
3457,वह एक पैडमा स्वरी मिल गया है.,ᱩᱱᱤᱫᱚ ᱯᱫᱫᱚᱥᱨᱤᱭ ᱧᱟᱢ ᱟᱠᱟᱫᱟ ᱾
3458,मैं उसके जैसे एक भयानक खिलाड़ी बनने के बाद एक प्राप्त करना चाहते हैं.,ᱤᱧᱦᱚᱸ ᱩᱱᱤ ᱞᱮᱠᱟ ᱢᱤᱫ ᱦᱟᱦᱟᱲᱟᱜᱼᱟᱱ ᱠᱷᱮᱞᱚᱱᱰᱤᱭᱟᱹ ᱦᱩᱭ ᱛᱟᱭᱚᱢ ᱢᱤᱫᱴᱟᱝ ᱧᱟᱢ ᱤᱧ ᱠᱷᱚᱡᱽ ᱠᱟᱱᱟ ᱾
3459,और उस दौड़ को जहाँ वह चौथे दिन समाप्त हुआ?,ᱟᱨ ᱫᱟᱹᱲᱛᱮ ᱚᱠᱟᱨᱮ ᱩᱱᱤ ᱯᱩᱱᱟᱜ ᱴᱷᱟᱶᱮ ᱦᱟᱢᱮᱴ ᱞᱮᱫᱟ ?
3460,1960 के खेल में 400 मीटर की दूरी पर?,᱑᱙᱖᱐ ᱥᱟᱹᱦᱤᱛ ᱨᱮᱭᱟᱜ ᱚᱞᱤᱢᱯᱤᱠᱥ ᱜᱮᱢᱥᱨᱮ ᱔᱐᱐ ᱢᱤᱴᱟᱨ ᱯᱷᱟᱭᱱᱟᱞ ᱨᱮ ?
3461,मुझे लगता है कि वह के लिए सबसे अच्छा याद है कि क्या है.,ᱤᱧ ᱢᱚᱱᱮᱭᱟ ᱡᱮ ᱩᱱᱤᱫᱚ ᱡᱚᱛᱚᱠᱷᱚᱱ ᱵᱟᱹᱲᱛᱤᱜᱮ ᱫᱤᱥᱟᱹ ᱫᱚᱦᱚᱭ ᱦᱩᱭᱩᱜᱼᱟ ᱾
3462,एक बार मुझे उस पर एक परियोजना रिपोर्ट लिखना पड़ा.,ᱢᱤᱫᱫᱷᱟᱣ ᱩᱱᱤ ᱪᱮᱛᱟᱱ ᱢᱤᱫᱴᱟᱝ ᱚᱱᱚᱞ ᱚᱞ ᱦᱩᱭᱩᱜ ᱛᱤᱧᱟᱹ ᱾
3463,मैं उसके बारे में बहुत कुछ पढ़ा.,ᱤᱧ ᱩᱱᱤ ᱵᱟᱵᱚᱛᱛᱮ ᱟᱭᱢᱟᱧ ᱯᱟᱲᱦᱟᱣ ᱟᱠᱟᱫᱟ ᱾
3464,उस वक्‍त उसने एक भारतीय राष्ट्रीय रिकॉर्ड तैयार किया जो 40 साल से टूट नहीं गया!,"ᱚᱱᱟ ᱚᱠᱛᱚ ᱩᱱᱤᱫᱚ ᱯᱩᱱᱟᱜ ᱴᱷᱟᱶᱼᱮ ᱦᱟᱢᱮᱴ ᱞᱮᱫᱟ, ᱩᱱᱤᱫᱚ ᱢᱤᱫ ᱵᱷᱟᱨᱚᱛᱤᱭᱚ ᱡᱟᱹᱛᱤᱭᱟᱹᱨᱤ ᱨᱮᱠᱚᱨᱰᱼᱮ ᱵᱮᱱᱟᱣ ᱞᱮᱫᱟ ᱡᱟᱦᱟᱸᱫᱚ ᱔᱐ ᱥᱮᱨᱢᱟ ᱞᱮᱠᱟ ᱵᱟᱝ ᱯᱟᱨᱚᱢ ᱟᱠᱟᱱᱟ ᱾"
3465,मैंने उसके बारे में बहुत कुछ सुना जब बढ़ रहा था.,ᱦᱟᱨᱟᱜ ᱚᱠᱛᱚ ᱩᱱᱤ ᱵᱟᱵᱚᱛᱛᱮ ᱟᱭᱢᱟ ᱠᱟᱛᱦᱟᱧ ᱟᱸᱡᱚᱢ ᱟᱠᱟᱫᱟ ᱾
3466,मेरे पिताजी एक मरने के कठिन प्रशंसक थे.,ᱤᱧ ᱵᱵᱟᱫᱚ ᱩᱱᱤᱨᱮᱱ ᱢᱟᱨᱟᱝ ᱵᱷᱚᱠᱛᱚᱭ ᱛᱟᱦᱮᱸᱠᱟᱱᱟ ᱾
3467,मैंने उसकी ऑटोबॉग्राफी भी पढ़ी ।,ᱩᱱᱤᱭᱟᱜ ᱡᱤᱭᱤᱱ ᱪᱚᱨᱤᱛ ᱤᱧ ᱯᱟᱲᱦᱟᱣ ᱟᱠᱟᱫᱟ ᱾
3468,यह पढ़ने के बाद मैंने सोचा कि मैं फिल्म देखेंगे.,ᱯᱟᱲᱦᱟᱣ ᱛᱟᱭᱚᱢ ᱩᱭᱦᱟᱹᱨ ᱠᱤᱫᱟᱹᱧ ᱚᱱᱟ ᱥᱤᱱᱟᱹᱢᱟᱧ ᱧᱮᱞᱟ ᱾
3469,यह इसके लायक था.,ᱱᱚᱶᱟᱫᱚ ᱟᱹᱰᱤ ᱡᱳᱜᱢᱟᱱ ᱛᱟᱦᱮᱸᱠᱟᱱᱟ ᱾
3470,फिल्म में भी कई पुरस्कार जीते थे।,ᱪᱚᱞᱚᱛ ᱪᱤᱛᱟᱹᱨ ᱫᱚ ᱟᱭᱢᱟ ᱥᱤᱨᱯᱟᱹᱭ ᱧᱟᱢ ᱟᱠᱟᱫᱟ ᱾
3471,येन अवकेन ने एक महान काम किया है.,ᱯᱷᱟᱨᱦᱟᱱ ᱟᱠᱷᱛᱟᱨ ᱟᱹᱰᱤ ᱵᱷᱟᱜᱤᱭ ᱠᱟᱹᱢᱤ ᱟᱟᱠᱫᱟ ᱾
3472,यह शांत होगा अगर आप आकाश सिंह की तरह एक महान खिलाड़ी बन जाएगा.,ᱟᱢ ᱡᱩᱫᱤ ᱢᱤᱞᱠᱷᱟ ᱥᱤᱝ ᱞᱮᱠᱟ ᱵᱷᱟᱜᱮ ᱠᱷᱮᱞᱚᱸᱰᱤᱭᱟᱹᱢ ᱦᱩᱭᱩᱜᱼᱟ ᱮᱱᱠᱷᱟᱱ ᱱᱚᱶᱟᱫᱚ ᱟᱹᱰᱤ ᱵᱷᱟᱞᱤᱼᱟ ᱾
3473,"हैलो, यह आदिवासी शहर महल है?","ᱦᱮᱞᱳ, ᱱᱚᱶᱟ ᱫᱚ ᱪᱮᱫ ᱡᱚᱭᱯᱩᱨ ᱥᱤᱴᱤ ᱯᱮᱞᱮᱥ ?"
3474,"हाँ, मैं आपकी मदद कैसे कर सकते हैं?",ᱦᱮᱸ ᱪᱮᱫ ᱞᱮᱠᱟᱛᱮ ᱤᱧ ᱜᱚᱲᱚ ᱫᱟᱲᱮᱭᱟᱢᱟ ?
3475,मैं ब्रांड विरा से फोन कर रहा हूँ.,ᱵᱷᱮᱨᱟ ᱵᱨᱮᱱᱰ ᱠᱷᱚᱱ ᱤᱧ ᱯᱷᱳᱱ ᱮᱫᱟ ᱾
3476,हम चेन्नेई में आधारित एक अंतर्राष्ट्रीय शानदार ब्रांड रहे हैं.,ᱟᱞᱮ ᱫᱚ ᱪᱮᱱᱱᱟᱭ ᱨᱮᱱ ᱡᱮᱜᱮᱫ ᱡᱟᱠᱟᱛ ᱵᱤᱞᱟᱥᱵᱚᱦᱩᱞ ᱵᱨᱮᱱᱰ
3477,मैं एक फोटो के लिए महल तक पहुँचने के लिए एक अनुरोध के लिए कॉल कर रहा हूँ.,ᱢᱤᱫᱴᱟᱝ ᱯᱷᱚᱴᱳ ᱥᱩᱴ ᱞᱟᱹᱜᱤᱫ ᱫᱚᱞᱟᱱᱨᱮ ᱵᱚᱞᱚᱱ ᱞᱟᱹᱜᱤᱫ ᱯᱳᱱ ᱛᱮᱧ ᱱᱮᱦᱚᱨ ᱮᱫᱟ ᱾
3478,हम एक नया उत्पाद जारी कर रहे हैं.,ᱟᱞᱮ ᱢᱤᱫᱴᱟᱝ ᱱᱟᱶᱟ ᱡᱤᱱᱤᱥᱞᱮ ᱯᱟᱨᱥᱟᱞ ᱮᱫᱟ ᱾
3479,"ठीक है, कि के लिए व्यवस्था की जा सकती है.","ᱴᱷᱤᱠ ᱜᱮᱭᱟ, ᱱᱚᱶᱟ ᱞᱟᱹᱜᱤᱫ ᱵᱚᱱᱫᱮᱡ ᱦᱩᱭ ᱫᱟᱲᱮᱭᱟᱜᱼᱟ ᱾"
3480,"क्या मैं आपका नाम रख सकता हूँ, कृपया?",ᱤᱧ ᱪᱮᱫ ᱟᱢᱟᱜ ᱧᱩᱛᱩᱢ ᱤᱧ ᱵᱟᱰᱟᱭ ᱫᱟᱲᱮᱭᱟᱜᱼᱟ ?
3481,यह Aanth है. आप कुछ पहचान की आवश्यकता होगी?,ᱱᱚᱶᱟ ᱫᱚ ᱚᱱᱚᱛᱷ ᱾ ᱟᱢᱟᱜ ᱡᱟᱦᱟᱱᱟᱜ ᱪᱤᱱᱦᱟᱹᱭ ᱨᱮᱭᱟᱜ ᱞᱟᱹᱠᱛᱤ ᱠᱟᱱᱟ ?
3482,हम काफी कुछ दस्तावेज़ों की जरूरत होगी.,ᱟᱞᱮᱭᱟᱜ ᱵᱮᱥ ᱠᱤᱪᱷᱤ ᱱᱚᱛᱷᱤ ᱞᱟᱹᱠᱛᱤᱜᱼᱟ ᱾
3483,"एक, एक वैध सबूत है कि कंपनी मौजूद है.","ᱢᱤᱫ, ᱢᱤᱫᱴᱟᱝ ᱥᱟᱹᱨᱤ ᱥᱟᱹᱵᱩᱫᱽ ᱡᱮ ᱠᱳᱢᱯᱟᱱᱤ ᱢᱮᱱᱟᱜᱼᱟ ᱾"
3484,"दो, पूरे दल की एक सूची, अपनी पहचान के साथ शामिल है.","ᱵᱟᱨ, ᱥᱮᱞᱮᱫ ᱢᱮᱱᱟᱜ ᱠᱚ ᱥᱟᱱᱟᱢ ᱠᱨᱩ ᱠᱚᱣᱟᱜ ᱛᱟᱞᱤᱠᱟ, ᱩᱱᱠᱚᱣᱟᱜ ᱩᱯᱨᱩᱢ ᱟᱛᱮ ᱾"
3485,और आरोप में व्यक्ति की पहचान सबूत.,ᱟᱨ ᱫᱟᱭᱵᱷᱟᱨ ᱨᱮ ᱢᱮᱱᱟᱜ ᱠᱚ ᱦᱚᱲ ᱠᱚᱣᱟᱜ ᱩᱯᱨᱩᱢ ᱥᱟᱹᱵᱩᱫᱽ ᱾
3486,क्या यह ठीक होगा अगर दस्तावेज़ आपके लिए मेल कर रहे हैं?,ᱱᱚᱛᱷᱤ ᱠᱚ ᱟᱢ ᱴᱷᱮᱱ ᱵᱷᱮᱡᱟ ᱞᱮᱠᱷᱟᱱ ᱪᱮᱫ ᱵᱷᱟᱜᱮ ᱦᱩᱭᱩᱜᱼᱟ ?
3487,"हाँ, लेकिन हम शूट के दिन पहचान सबूत देखने की जरूरत होगी.","ᱦᱮᱸ, ᱢᱮᱱᱠᱷᱟᱱ ᱥᱩᱴᱤᱝ ᱦᱤᱞᱚᱜ ᱩᱯᱨᱩᱢ ᱥᱟᱹᱵᱩᱫᱽ ᱧᱮᱞ ᱦᱩᱭᱩᱜ ᱛᱟᱞᱮᱭᱟ ᱾"
3488,"ज़रूर, मैं समझता हूँ.","ᱮᱠᱟᱞᱛᱮ, ᱤᱧ ᱵᱩᱡᱷ ᱫᱟᱲᱮᱭᱟᱫᱟ ᱾"
3489,आरोप और ऋण क्या हैं?,ᱪᱟᱨᱡᱽ ᱟᱨ ᱯᱷᱤ ᱪᱮᱫ ?
3490,भारत के राष्ट्रीय या निवासियों के लिए Fses R. 200 या 300 पैकेज पर आधारित होते ।,ᱵᱷᱟᱨᱚᱛᱤᱭᱚ ᱱᱟᱜᱟᱨᱤᱭᱟᱹ ᱥᱮ ᱜᱤᱨᱟᱹᱵᱟᱹᱥᱤ ᱠᱚ ᱞᱟᱹᱜᱤᱫ ᱯᱷᱤ ᱦᱩᱭᱩᱜᱼᱟ ᱯᱮᱠᱮᱡᱽ ᱪᱮᱛᱟᱱᱨᱮ ᱴᱮᱸᱦᱟᱴ ᱠᱟᱛᱮ ᱒᱐᱐ ᱥᱮ ᱓᱐᱐ ᱴᱟᱠᱟ ᱾
3491,इस भवन में आँगन के सभी आँगनों और ज़हरीले पदार्थों और कैमरे को भी शामिल किया गया है ।,"ᱡᱟᱹᱫᱩᱚᱲᱟᱜ ᱨᱮᱭᱟᱜ ᱯᱮᱠᱮᱡᱽᱨᱮ ᱥᱟᱱᱟᱢ ᱫᱚᱞᱟᱱ, ᱜᱮᱞᱟᱨᱤ ᱟᱨ ᱴᱨᱟᱭᱤᱯᱰ ᱵᱮᱜᱚᱨ ᱠᱮᱢᱮᱨᱟ ᱥᱮᱞᱮᱫ ᱢᱮᱱᱟᱜᱼᱟ ᱾"
3492,घटकर पैकेज में यह भी शामिल है कि जयगर्‍गर और रॉयल क्वीप के साथ - साथ ।,ᱠᱚᱢᱯᱳᱡᱤᱴ ᱯᱮᱠᱮᱡᱽᱨᱮ ᱡᱚᱭᱜᱚᱲ ᱟᱨ ᱨᱚᱭᱟᱞ ᱥᱮᱱᱴᱳᱴᱟᱯᱷᱮᱨ ᱥᱟᱞᱟᱜ ᱱᱚᱶᱟ ᱫᱚ ᱥᱮᱞᱮᱫ ᱢᱮᱱᱟᱜᱼᱟ ᱾
3493,विदेशियों को Rss. H.OTAS पैकेज के लिए 700 पर आरोप लगाया जाएगा.,ᱠᱚᱢᱯᱳᱡᱤᱴ ᱯᱮᱠᱮᱡᱽ ᱞᱟᱹᱜᱤᱫ ᱵᱤᱞᱟᱹᱛᱤᱭᱟᱹ ᱴᱷᱮᱱ ᱠᱷᱚᱱ ᱗᱐᱐ ᱴᱟᱠᱟ ᱦᱟᱛᱟᱣ ᱦᱩᱭᱩᱜᱼᱟ ᱾
3494,क्या हम रात में महल पहुँच सकते हैं?,ᱟᱞᱮ ᱪᱮᱫ ᱧᱤᱫᱟᱹ ᱫᱚᱞᱟᱱ ᱨᱮᱞᱮ ᱵᱚᱞᱚ ᱫᱟᱲᱮᱭᱟᱜᱼᱟ ?
3495,आप एक और पैकेज है कि कर सकते हैं.,"ᱟᱢᱮᱢ ᱫᱟᱲᱮᱭᱟᱜᱼᱟ, ᱱᱚᱶᱟ ᱫᱚ ᱮᱴᱟᱜ ᱯᱮᱠᱮᱡᱽ ᱠᱟᱱᱟ ᱾"
3496,यह भारतीयों और आर. 1000 के लिए आप की कीमत चुकानी होगी.,ᱵᱷᱟᱨᱚᱛᱤᱭᱚ ᱠᱚ ᱞᱟᱹᱜᱤᱫ ᱠᱷᱚᱨᱚᱪᱚᱜᱼᱟ ᱕᱐᱐ ᱴᱟᱠᱟ ᱟᱨ ᱵᱤᱞᱟᱹᱛᱤᱭᱟᱹ ᱠᱚ ᱞᱟᱹᱜᱤᱫ ᱫᱚ ᱑᱐᱐᱐ ᱴᱟᱠᱟ ᱾
3497,"इसके अलावा, ऐसे खास टिकट भी उपलब्ध हैं जो आपको विशेष सुविधा देते हैं ।",ᱱᱚᱶᱟ ᱵᱮᱜᱚᱨ ᱦᱚᱸ ᱵᱤᱥᱮᱥ ᱴᱤᱠᱤᱴ ᱧᱟᱢᱚᱜᱼᱟ ᱡᱟᱦᱟᱸ ᱫᱚ ᱟᱢ ᱵᱚᱞᱚᱱ ᱨᱮᱭᱟᱜ ᱟᱹᱭᱫᱟᱹᱨ ᱮ ᱮᱢᱟᱢᱼᱟ ᱾
3498,आप अधिक विवरण के लिए हमारे वेबसाइट की जाँच कर सकते हैं.,ᱟᱨᱚ ᱵᱤᱪᱷᱱᱟᱹᱣᱛᱮ ᱵᱟᱰᱟᱭ ᱞᱟᱹᱜᱤᱫ ᱟᱢ ᱟᱞᱮᱭᱟᱜ ᱳᱭᱮᱵᱽᱥᱟᱭᱤᱴ ᱮᱢ ᱧᱮᱞ ᱫᱟᱲᱮᱭᱟᱜᱼᱟ ᱾
3499,क्या यह ठीक होगा अगर कोई इस सप्ताह में गिरता है और पुस्तक बनाता है?,ᱡᱟᱦᱟᱸ ᱡᱩᱫᱤ ᱱᱚᱶᱟ ᱦᱟᱯᱛᱟᱜᱮ ᱰᱨᱚᱯ ᱠᱟᱛᱮ ᱵᱩᱠᱤᱝ ᱠᱚ ᱮᱢᱟ ᱠᱚᱣᱟ ᱮᱱᱠᱷᱟᱱ ᱪᱮᱫ ᱴᱷᱤᱠ ᱦᱩᱭᱩᱜᱼᱟ ?
3500,"हाँ, यह ठीक हो जाएगा.",ᱦᱮᱸ ᱱᱚᱶᱟ ᱫᱚ ᱴᱷᱤᱠ ᱦᱩᱭᱩᱜᱼᱟ ᱾
3501,फोन करने के लिए धन्यवाद.,ᱯᱷᱳᱱ ᱞᱟᱹᱜᱤᱫ ᱟᱭᱢᱟ ᱥᱟᱨᱦᱟᱣ ᱾
3502,"हाय , तुम इन दिनों क्या कर रहे हो?","ᱮᱭ ᱢᱤᱨᱩ, ᱛᱮᱦᱮᱧ ᱜᱟᱯᱟ ᱪᱮᱫ ᱮᱢ ᱪᱮᱠᱟᱭᱮᱫᱟ ?"
3503,आप हाल ही में किसी भी साइकिल की सवारी करने के लिए किया गया है?,ᱟᱢ ᱪᱮᱫ ᱦᱟᱹᱞᱤᱜᱮ ᱵᱟᱭᱤᱠ ᱮᱢ ᱨᱟᱭᱤᱰ ᱟᱠᱟᱫᱟ ?
3504,मैं आप के कुछ चित्र देखा है.,ᱤᱧ ᱟᱢᱟᱜ ᱠᱤᱪᱷᱤ ᱪᱤᱛᱟᱹᱨᱤᱧ ᱧᱮᱞ ᱟᱠᱟᱫᱟ ᱾
3505,"नहीं, यह एक अलग सवारी से एक लंबे समय पहले था.","ᱵᱟᱝ, ᱱᱚᱶᱟᱫᱚ ᱟᱹᱰᱤ ᱫᱤᱱ ᱞᱟᱦᱟ ᱨᱮᱱᱟᱜ ᱢᱤᱫ ᱨᱟᱭᱤᱰ ᱛᱟᱦᱮᱸ ᱠᱟᱱᱟ ᱾"
3506,"मैं वास्तव में व्यस्त सप्ताह था, तो एक सवारी के लिए समय बाहर नहीं ले जा सकता था.","ᱱᱤᱭᱟᱹ ᱦᱟᱯᱛᱟ ᱫᱚ ᱟᱹᱰᱤ ᱡᱚᱦᱚᱲ ᱛᱟᱦᱮᱸ ᱠᱟᱱᱛᱤᱧᱟ, ᱚᱱᱟᱛᱮ ᱨᱟᱭᱤᱰ ᱞᱟᱹᱜᱤᱫ ᱚᱠᱛᱚ ᱵᱟᱹᱧ ᱧᱟᱢ ᱟᱠᱟᱫᱟ ᱾"
3507,लेकिन मैं इस सप्ताहांत जा रहा हूँ.,ᱢᱮᱱᱠᱷᱟᱱ ᱱᱤᱭᱟᱹ ᱦᱟᱯᱛᱟ ᱫᱚᱧ ᱪᱟᱞᱟᱜᱼᱟ ᱾
3508,आपके बारे में क्या; क्या आप संगीत का अभ्यास कर रहे हैं?,ᱟᱢᱟᱜ ᱠᱷᱚᱵᱚᱨ ᱫᱚ ᱪᱮᱫ ; ᱟᱢᱟᱜ ᱥᱮᱨᱮᱧ ᱮᱢ ᱦᱮᱣᱟᱭᱮᱫᱟ ?
3509,"हाँ, मैं यह कर रहा हूँ जब भी मैं एक छोटा सा मुक्त समय मिलता है.","ᱦᱮᱸ, ᱥᱚᱲᱠᱚ ᱭᱮᱫᱟᱧ ᱡᱟᱦᱟᱸᱛᱤᱱᱨᱮ ᱱᱟᱥᱮ ᱱᱟᱜ ᱚᱠᱛᱚᱧ ᱧᱟᱢᱮᱫᱟ ᱾"
3510,"मेरे दिन भी बहुत व्यस्त हैं, तुम्हें पता है.","ᱤᱧᱟᱹᱜ ᱫᱤᱱ ᱠᱚᱦᱚᱸ ᱟᱹᱰᱤ ᱡᱚᱦᱚᱲ ᱜᱮᱭᱟ, ᱟᱢᱮᱢ ᱵᱟᱲᱟᱭᱟ ᱾"
3511,मैं भी हर दिन pez करने का प्रबंधन नहीं कर सकता.,ᱫᱤᱱᱟᱹᱢ ᱦᱤᱞᱟᱹᱜ ᱨᱤᱣᱟᱡᱽ ᱦᱚᱸ ᱵᱟᱹᱧ ᱫᱟᱲᱮᱭᱟᱜ ᱠᱟᱱᱟ ᱾
3512,"वैसे भी, आप वास्तव में इस सप्ताहांत मुक्त कर रहे हैं?","ᱡᱟᱦᱟᱸᱭᱮᱱᱜᱮ, ᱥᱟᱹᱨᱤᱜᱮ ᱱᱤᱭᱟᱹ ᱦᱟᱯᱛᱟ ᱟᱢ ᱪᱮᱫᱦᱚᱸ ᱵᱟᱢ ᱪᱤᱠᱟᱹᱭᱮᱫᱟ ?"
3513,कैसे आप एक सवारी के लिए समय का प्रबंधन करने के लिए जा रहे हैं?,ᱨᱟᱭᱤᱰ ᱪᱟᱞᱟᱜ ᱞᱟᱹᱜᱤᱫ ᱚᱠᱛᱚ ᱪᱮᱠᱟᱛᱮᱢ ᱜᱚᱴᱟᱭᱟ ᱾
3514,मैं वास्तव में कुछ दिनों के लिए समय और मेरे लक्ष्य पूरा किया.,ᱠᱤᱪᱷᱤ ᱫᱤᱱ ᱞᱟᱹᱜᱤᱫ ᱤᱧ ᱵᱟᱹᱲᱛᱤᱧ ᱠᱟᱹᱢᱤ ᱟᱠᱟᱫᱟ ᱟᱨ ᱤᱧᱟᱹᱜ ᱡᱚᱥ ᱤᱧ ᱯᱩᱨᱟᱹᱣ ᱟᱠᱟᱫᱟ ᱾
3515,तो मैं इस सप्ताहांत मुक्त कर रहा हूँ.,ᱚᱱᱟᱛᱮ ᱱᱤᱭᱟ ᱦᱟᱯᱛᱟ ᱫᱚᱧ ᱯᱷᱨᱤ ᱜᱮᱭᱟ ᱾
3516,मैं बुरी तरह से कुछ विश्राम समय की जरूरत है.,ᱤᱧ ᱟᱹᱰᱤ ᱟᱴᱽᱜᱮ ᱱᱟᱯᱟᱭ ᱚᱠᱛᱚᱧ ᱠᱷᱚᱡᱽ ᱠᱟᱱᱟ ᱾
3517,"केवल अपने शौक का पालन करने के द्वारा, आप यह कर सकते हैं, है ना?","ᱮᱠᱦᱮᱱ ᱟᱢᱟᱜ ᱥᱚᱠ ᱯᱟᱸᱡᱟ ᱠᱟᱛᱮᱜ, ᱟᱢ ᱱᱚᱶᱟᱢ ᱠᱚᱨᱟᱣ ᱰᱟᱲᱮᱭᱟᱜᱼᱟ, ᱥᱮ ᱵᱟᱝ ?"
3518,"हाँ, तुम सही हो.","ᱦᱮᱸ, ᱟᱢᱟᱜ ᱠᱟᱛᱷᱟ ᱥᱟᱹᱨᱤᱭᱟ ᱾"
3519,मैं भी अपने लिए कुछ समय की जरूरत है.,ᱤᱧᱟᱹᱜ ᱟᱯᱱᱟᱨ ᱞᱟᱹᱜᱤᱫ ᱦᱚᱸ ᱠᱤᱪᱷᱤ ᱚᱠᱛᱚ ᱞᱟᱹᱠᱛᱤ ᱠᱟᱱᱟ ᱾
3520,मैं इस शुक्रवार की प्रतियोगिता में भाग लेने की भी सोच रहा हूँ ।,ᱤᱧᱦᱚᱸᱧ ᱩᱭᱦᱟᱹᱨᱮᱫᱟ ᱱᱤᱭᱟᱹ ᱡᱟᱹᱨᱩᱢ ᱢᱟᱦᱟ ᱢᱤᱫᱴᱟᱝ ᱥᱮᱨᱮᱧ ᱦᱮᱯᱨᱟᱣᱨᱮ ᱥᱮᱞᱮᱫᱚᱜᱼᱟ ᱾
3521,मुझे आशा है कि यह मुझे अपने पसंदीदा कार्य के साथ फिर से संपर्क में पाने में मदद करेगा.,ᱤᱧ ᱟᱸᱥ ᱞᱮᱫᱟ ᱱᱚᱶᱟᱫᱚ ᱤᱧ ᱟᱨᱦᱚᱸ ᱤᱧᱟᱹᱜ ᱠᱟᱹᱢᱤᱦᱚᱨᱟ ᱥᱟᱶᱛᱮ ᱡᱳᱜᱟᱡᱳᱜ ᱞᱟᱹᱜᱤᱫ ᱮ ᱜᱚᱲᱚ ᱟᱹᱧᱟᱹ ᱾
3522,इस तरह व्यस्त शेड्‌यूल बनाने में आप अपना समय कैसे लगा सकते हैं?,ᱱᱩᱱᱟᱹᱜ ᱡᱚᱦᱚᱲ ᱨᱮᱦᱚᱸ ᱟᱢ ᱪᱮᱫ ᱞᱮᱠᱟᱛᱮ ᱟᱢᱟᱜ ᱥᱚᱠ ᱯᱟᱸᱡᱟᱭ ᱞᱟᱹᱜᱤᱫ ᱟᱢᱟᱜ ᱚᱠᱛᱚᱢ ᱪᱟᱪᱞᱟᱣᱼᱟ ?
3523,मैं अपने काम शुरू करने से पहले रोज़ दिन भर काम करने की कोशिश करता हूँ ।,ᱤᱧ ᱫᱤᱱᱟᱹᱢᱜᱮ ᱥᱮᱛᱟᱜ ᱵᱮᱲᱟ ᱠᱟᱹᱢᱤ ᱮᱛᱚᱦᱚᱵ ᱢᱟᱲᱟᱝᱨᱮ ᱨᱮᱣᱟᱡᱽ ᱤᱧ ᱨᱤᱠᱟᱹᱭᱟ ᱾
3524,और मैं अपने काम स्थगित रखने की कोशिश नहीं की.,ᱟᱨ ᱤᱧ ᱨᱤᱠᱟᱹᱭᱟ ᱤᱧᱟᱹᱜ ᱠᱟᱹᱢᱤ ᱡᱟᱦᱟᱸᱛᱮ ᱵᱟᱝ ᱥᱟᱨᱮᱡᱽ ᱛᱟᱦᱮᱱ ᱾
3525,तो मैं मैं पसंद की बातें करने के लिए कुछ समय मिल सकता है.,ᱡᱟᱦᱟᱸᱛᱮ ᱤᱧ ᱠᱩᱥᱤᱭᱟᱜ ᱞᱮᱠᱟᱱ ᱠᱟᱹᱢᱤᱠᱚᱧ ᱠᱟᱹᱢᱤ ᱫᱟᱲᱮᱭᱟᱜ ᱞᱟᱹᱜᱤᱫ ᱚᱠᱛᱚᱧ ᱧᱟᱢ ᱾
3526,"इस तरह, मैं अपनी सप्ताहांतों को संगीत और अभ्यास सुनने में बिता सकती हूँ ।","ᱱᱚᱝᱠᱟᱛᱮ, ᱤᱧ ᱤᱧᱟᱹᱜ ᱦᱟᱯᱛᱟ ᱨᱮᱭᱟᱜ ᱪᱷᱩᱴᱤ ᱫᱤᱱ ᱠᱚᱨᱮ ᱥᱮᱨᱮᱧ ᱟᱸᱡᱚᱢ ᱟᱨ ᱨᱮᱣᱟᱡᱽ ᱛᱮᱧ ᱯᱟᱨᱚᱢ ᱫᱟᱲᱮᱭᱟᱜᱼᱟ ᱾"
3527,मैं भी वैसा ही करने की कोशिश करता हूँ ।,ᱤᱧᱦᱚᱸ ᱚᱱᱠᱟᱜᱮ ᱠᱚᱨᱟᱣ ᱨᱮᱭᱟᱜ ᱤᱧ ᱨᱤᱠᱟᱹᱭᱟ ᱾
3528,लेकिन ये पिछले कुछ हफ्तों में बहुत व्यस्त रहे हैं ।,ᱢᱮᱱᱠᱷᱟᱱ ᱱᱤᱭᱟᱹ ᱠᱤᱪᱷᱤ ᱦᱟᱯᱛᱟ ᱫᱚ ᱟᱹᱰᱤ ᱡᱚᱦᱚᱲ ᱛᱟᱸᱦᱮ ᱠᱟᱱᱟ ᱾
3529,"फिर भी, मैं इस सप्ताहांत के लिए कामयाब रहा हूँ ।","ᱮᱱᱛᱮᱦᱚᱸ, ᱤᱧ ᱱᱤᱭᱟᱹ ᱦᱟᱯᱛᱟ ᱞᱟᱹᱜᱤᱫ ᱤᱧ ᱪᱟᱪᱞᱟᱣ ᱟᱠᱟᱫᱟ ᱾"
3530,आप किस प्रकार के गायन की प्रतियोगिता में भाग ले रहे हैं?,ᱟᱢ ᱚᱠᱟ ᱞᱮᱠᱟᱱ ᱥᱮᱨᱮᱧ ᱨᱮᱭᱟᱜ ᱦᱮᱯᱨᱟᱣ ᱨᱮᱢ ᱥᱮᱞᱮᱫᱚᱜ ᱠᱟᱱᱟ ?
3531,यह एक इंटरेक्शन ऑफ़िस गीत प्रतियोगिता की तरह है.,ᱱᱚᱶᱟᱫᱚ ᱢᱤᱫ ᱞᱮᱠᱟᱱ ᱤᱱᱴᱟᱨᱼᱚᱯᱷᱤᱥ ᱥᱮᱨᱮᱧ ᱦᱮᱯᱨᱟᱣ ᱠᱟᱱᱟ ᱾
3532,मैं इस प्रतियोगिता में अपने कार्यालय का प्रतिनिधित्व करने के लिए जा रहा हूँ.,ᱱᱤᱭᱟᱹ ᱦᱮᱯᱨᱟᱣᱫᱚ ᱤᱧ ᱤᱧᱟᱹᱜ ᱚᱯᱷᱤᱥ ᱯᱟᱦᱟᱴᱟ ᱠᱷᱚᱱᱤᱧ ᱟᱹᱭᱩᱨ ᱮᱫᱟ ᱾
3533,मैं इसके बारे में वास्तव में उत्साहित हूँ.,ᱱᱚᱶᱟ ᱤᱫᱤ ᱠᱟᱛᱮᱜ ᱤᱧ ᱟᱹᱰᱤ ᱟᱴᱽᱤᱧ ᱨᱟᱹᱥᱠᱟᱹ ᱜᱮᱭᱟ ᱾
3534,"यह बहुत अच्छा है, आप इसमें हिस्सा लेना चाहिए.","ᱱᱚᱶᱟᱫᱚ ᱟᱹᱰᱤ ᱵᱮᱥ ᱜᱮᱭᱟ, ᱱᱚᱶᱟᱨᱮ ᱟᱢ ᱮᱠᱟᱞᱜᱮ ᱥᱮᱞᱮᱫᱚᱜ ᱦᱩᱭᱩᱜ ᱛᱟᱢᱟ ᱾"
3535,मैं आप भाग्य का सबसे अच्छा चाहते हैं.,ᱟᱢᱟᱜ ᱠᱟᱹᱢᱤ ᱥᱟᱹᱜᱩᱱᱚᱜ ᱢᱟᱧ ᱠᱷᱚᱡᱽ ᱠᱟᱱᱟ ᱾
3536,बहुत बहुत धन्यवाद.,ᱟᱭᱢᱟ ᱥᱟᱨᱦᱟᱣ ᱾
3537,आप भी एक सुरक्षित यात्रा है.,ᱟᱢᱦᱚᱸ ᱱᱟᱯᱟᱭᱛᱮ ᱪᱟᱞᱟᱜ ᱢᱮ ᱾
3538,"लीलिना, धन्यवाद.","ᱥᱟᱨᱦᱟᱣ ᱜᱮ , ᱨᱟᱹᱦᱤ ᱾"
