[ft-mun] 45027 train / 5002 dev -> sat_Olck
/home/clutch/.local/lib/python3.14/site-packages/transformers/tokenization_utils_base.py:3953: UserWarning: `as_target_tokenizer` is deprecated and will be removed in v5 of Transformers. You can tokenize your labels by using the argument `text_target` of the regular `__call__` method (either in the same call as your input texts if you use the same keyword arguments, or in a separate call.
  warnings.warn(
[ft-mun] resumed 432 LoRA tensors from disk, continuing
/home/clutch/Desktop/Vachak/ml/translation/scripts/finetune_mundari.py:187: FutureWarning: `torch.cuda.amp.GradScaler(args...)` is deprecated. Please use `torch.amp.GradScaler('cuda', args...)` instead.
  scaler = torch.cuda.amp.GradScaler()
/home/clutch/Desktop/Vachak/ml/translation/scripts/finetune_mundari.py:195: FutureWarning: `torch.cuda.amp.autocast(args...)` is deprecated. Please use `torch.amp.autocast('cuda', args...)` instead.
  with torch.cuda.amp.autocast(dtype=torch.float16):
trainable params: 3,538,944 || all params: 199,050,240 || trainable%: 1.7779
[ft-mun] ep1 b0 loss=4.963
[ft-mun] ep1 b20 loss=5.704
[ft-mun] ep1 b40 loss=5.135
[ft-mun] ep1 b60 loss=4.622
[ft-mun] ep1 b80 loss=4.660
[ft-mun] ep1 b100 loss=5.123
[ft-mun] ep1 b120 loss=4.709
[ft-mun] ep1 b140 loss=4.638
[ft-mun] ep1 b160 loss=4.869
[ft-mun] ep1 b180 loss=3.685
[ft-mun] ep1 b200 loss=3.926
[ft-mun] ep1 b220 loss=4.449
[ft-mun] ep1 b240 loss=4.344
[ft-mun] ep1 b260 loss=3.922
[ft-mun] ep1 b280 loss=4.031
[ft-mun] ep1 b300 loss=6.165
[ft-mun] ep1 b320 loss=4.513
[ft-mun] ep1 b340 loss=3.750
[ft-mun] ep1 b360 loss=4.882
[ft-mun] ep1 b380 loss=4.712
[ft-mun] ep1 b400 loss=4.126
[ft-mun] ep1 b420 loss=4.323
[ft-mun] ep1 b440 loss=4.330
[ft-mun] ep1 b460 loss=4.735
[ft-mun] ep1 b480 loss=4.806
[ft-mun] ep1 b500 loss=4.866
[ft-mun] ep1 b520 loss=3.733
[ft-mun] ep1 b540 loss=3.980
[ft-mun] ep1 b560 loss=3.610
[ft-mun] ep1 b580 loss=3.508
[ft-mun] ep1 b600 loss=4.170
[ft-mun] ep1 b620 loss=3.449
[ft-mun] ep1 b640 loss=3.906
[ft-mun] ep1 b660 loss=3.851
[ft-mun] ep1 b680 loss=3.539
[ft-mun] ep1 b700 loss=3.750
[ft-mun] ep1 b720 loss=3.714
[ft-mun] ep1 b740 loss=3.429
[ft-mun] ep1 b760 loss=4.269
[ft-mun] ep1 b780 loss=3.692
[ft-mun] ep1 b800 loss=4.049
[ft-mun] ep1 b820 loss=4.239
[ft-mun] ep1 b840 loss=3.411
[ft-mun] ep1 b860 loss=3.908
[ft-mun] ep1 b880 loss=4.712
[ft-mun] ep1 b900 loss=5.899
[ft-mun] ep1 b920 loss=3.366
[ft-mun] ep1 b940 loss=4.691
[ft-mun] ep1 b960 loss=4.366
[ft-mun] ep1 b980 loss=3.797
[ft-mun] ep1 b1000 loss=3.939
[ft-mun] ep1 b1020 loss=3.787
[ft-mun] ep1 b1040 loss=3.304
[ft-mun] ep1 b1060 loss=4.466
[ft-mun] ep1 b1080 loss=3.735
[ft-mun] ep1 b1100 loss=4.029
[ft-mun] ep1 b1120 loss=3.362
[ft-mun] ep1 b1140 loss=4.628
[ft-mun] ep1 b1160 loss=3.293
[ft-mun] ep1 b1180 loss=3.313
[ft-mun] ep1 b1200 loss=4.189
[ft-mun] ep1 b1220 loss=4.475
[ft-mun] ep1 b1240 loss=2.954
[ft-mun] ep1 b1260 loss=4.926
[ft-mun] ep1 b1280 loss=3.343
[ft-mun] ep1 b1300 loss=4.081
[ft-mun] ep1 b1320 loss=3.444
[ft-mun] ep1 b1340 loss=5.738
[ft-mun] ep1 b1360 loss=4.475
[ft-mun] ep1 b1380 loss=3.602
[ft-mun] ep1 b1400 loss=3.235
[ft-mun] ep1 b1420 loss=3.734
[ft-mun] ep1 b1440 loss=3.118
[ft-mun] ep1 b1460 loss=4.675
[ft-mun] ep1 b1480 loss=3.380
[ft-mun] ep1 b1500 loss=3.525
[ft-mun] ep1 b1520 loss=4.211
[ft-mun] ep1 b1540 loss=4.941
[ft-mun] ep1 b1560 loss=3.827
[ft-mun] ep1 b1580 loss=3.663
[ft-mun] ep1 b1600 loss=4.284
[ft-mun] ep1 b1620 loss=4.261
[ft-mun] ep1 b1640 loss=5.040
[ft-mun] ep1 b1660 loss=3.057
[ft-mun] ep1 b1680 loss=3.955
[ft-mun] ep1 b1700 loss=3.906
[ft-mun] ep1 b1720 loss=3.298
[ft-mun] ep1 b1740 loss=5.591
[ft-mun] ep1 b1760 loss=3.542
[ft-mun] ep1 b1780 loss=3.282
[ft-mun] ep1 b1800 loss=5.041
[ft-mun] ep1 b1820 loss=3.645
[ft-mun] ep1 b1840 loss=3.292
[ft-mun] ep1 b1860 loss=3.324
[ft-mun] ep1 b1880 loss=4.139
[ft-mun] ep1 b1900 loss=4.636
[ft-mun] ep1 b1920 loss=3.794
[ft-mun] ep1 b1940 loss=3.585
[ft-mun] ep1 b1960 loss=3.391
[ft-mun] ep1 b1980 loss=4.003
[ft-mun] ep1 b2000 loss=3.311
[ft-mun] ep1 b2020 loss=3.248
[ft-mun] ep1 b2040 loss=3.627
[ft-mun] ep1 b2060 loss=3.320
[ft-mun] ep1 b2080 loss=3.540
[ft-mun] ep1 b2100 loss=3.625
[ft-mun] ep1 b2120 loss=3.304
[ft-mun] ep1 b2140 loss=3.633
[ft-mun] ep1 b2160 loss=3.482
[ft-mun] ep1 b2180 loss=3.477
[ft-mun] ep1 b2200 loss=4.121
[ft-mun] ep1 b2220 loss=3.152
[ft-mun] ep1 b2240 loss=3.369
[ft-mun] ep1 b2260 loss=4.098
[ft-mun] ep1 b2280 loss=3.374
[ft-mun] ep1 b2300 loss=3.487
[ft-mun] ep1 b2320 loss=3.535
[ft-mun] ep1 b2340 loss=3.326
[ft-mun] ep1 b2360 loss=2.965
[ft-mun] ep1 b2380 loss=3.477
[ft-mun] ep1 b2400 loss=3.397
[ft-mun] ep1 b2420 loss=3.080
[ft-mun] ep1 b2440 loss=4.005
[ft-mun] ep1 b2460 loss=4.230
[ft-mun] ep1 b2480 loss=4.519
[ft-mun] ep1 b2500 loss=3.175
[ft-mun] ep1 b2520 loss=4.782
[ft-mun] ep1 b2540 loss=3.564
[ft-mun] ep1 b2560 loss=3.964
[ft-mun] ep1 b2580 loss=4.314
[ft-mun] ep1 b2600 loss=3.789
[ft-mun] ep1 b2620 loss=3.897
[ft-mun] ep1 b2640 loss=3.186
[ft-mun] ep1 b2660 loss=3.696
[ft-mun] ep1 b2680 loss=3.776
[ft-mun] ep1 b2700 loss=3.271
[ft-mun] ep1 b2720 loss=4.867
[ft-mun] ep1 b2740 loss=5.329
[ft-mun] ep1 b2760 loss=4.122
[ft-mun] ep1 b2780 loss=2.902
[ft-mun] ep1 b2800 loss=4.207
[ft-mun] ep1 b2820 loss=3.933
[ft-mun] ep1 b2840 loss=5.296
[ft-mun] ep1 b2860 loss=4.251
[ft-mun] ep1 b2880 loss=3.766
[ft-mun] ep1 b2900 loss=5.375
[ft-mun] ep1 b2920 loss=3.264
[ft-mun] ep1 b2940 loss=3.012
[ft-mun] ep1 b2960 loss=4.092
[ft-mun] ep1 b2980 loss=3.662
[ft-mun] ep1 b3000 loss=4.634
[ft-mun] ep1 b3020 loss=3.837
[ft-mun] ep1 b3040 loss=3.723
[ft-mun] ep1 b3060 loss=4.169
[ft-mun] ep1 b3080 loss=3.910
[ft-mun] ep1 b3100 loss=3.790
[ft-mun] ep1 b3120 loss=3.752
[ft-mun] ep1 b3140 loss=3.294
[ft-mun] ep1 b3160 loss=3.696
[ft-mun] ep1 b3180 loss=3.215
[ft-mun] ep1 b3200 loss=3.862
[ft-mun] ep1 b3220 loss=2.988
[ft-mun] ep1 b3240 loss=3.901
[ft-mun] ep1 b3260 loss=3.177
[ft-mun] ep1 b3280 loss=3.750
[ft-mun] ep1 b3300 loss=4.321
[ft-mun] ep1 b3320 loss=5.127
[ft-mun] ep1 b3340 loss=3.618
[ft-mun] ep1 b3360 loss=4.361
[ft-mun] ep1 b3380 loss=3.565
[ft-mun] ep1 b3400 loss=3.706
[ft-mun] ep1 b3420 loss=3.310
[ft-mun] ep1 b3440 loss=3.195
[ft-mun] ep1 b3460 loss=5.350
[ft-mun] ep1 b3480 loss=4.522
[ft-mun] ep1 b3500 loss=4.464
[ft-mun] ep1 b3520 loss=4.929
[ft-mun] ep1 b3540 loss=3.584
[ft-mun] ep1 b3560 loss=3.514
[ft-mun] ep1 b3580 loss=3.363
[ft-mun] ep1 b3600 loss=3.646
[ft-mun] ep1 b3620 loss=3.002
[ft-mun] ep1 b3640 loss=3.293
[ft-mun] ep1 b3660 loss=2.969
[ft-mun] ep1 b3680 loss=3.987
[ft-mun] ep1 b3700 loss=3.983
[ft-mun] ep1 b3720 loss=3.386
[ft-mun] ep1 b3740 loss=2.883
[ft-mun] ep1 b3760 loss=3.085
[ft-mun] ep1 b3780 loss=4.640
[ft-mun] ep1 b3800 loss=3.539
[ft-mun] ep1 b3820 loss=3.638
[ft-mun] ep1 b3840 loss=3.955
[ft-mun] ep1 b3860 loss=3.539
[ft-mun] ep1 b3880 loss=5.365
[ft-mun] ep1 b3900 loss=2.903
[ft-mun] ep1 b3920 loss=4.161
[ft-mun] ep1 b3940 loss=3.299
[ft-mun] ep1 b3960 loss=3.557
[ft-mun] ep1 b3980 loss=4.618
[ft-mun] ep1 b4000 loss=4.935
[ft-mun] ep1 b4020 loss=3.371
[ft-mun] ep1 b4040 loss=3.771
[ft-mun] ep1 b4060 loss=3.878
[ft-mun] ep1 b4080 loss=3.847
[ft-mun] ep1 b4100 loss=3.708
[ft-mun] ep1 b4120 loss=3.254
[ft-mun] ep1 b4140 loss=3.306
[ft-mun] ep1 b4160 loss=4.056
[ft-mun] ep1 b4180 loss=4.341
[ft-mun] ep1 b4200 loss=3.221
[ft-mun] ep1 b4220 loss=4.680
[ft-mun] ep1 b4240 loss=3.764
[ft-mun] ep1 b4260 loss=5.273
[ft-mun] ep1 b4280 loss=4.050
[ft-mun] ep1 b4300 loss=3.427
[ft-mun] ep1 b4320 loss=3.449
[ft-mun] ep1 b4340 loss=3.583
[ft-mun] ep1 b4360 loss=4.554
[ft-mun] ep1 b4380 loss=3.012
[ft-mun] ep1 b4400 loss=3.518
[ft-mun] ep1 b4420 loss=5.017
[ft-mun] ep1 b4440 loss=4.963
[ft-mun] ep1 b4460 loss=2.984
[ft-mun] ep1 b4480 loss=3.714
[ft-mun] ep1 b4500 loss=3.073
[ft-mun] ep1 b4520 loss=3.511
[ft-mun] ep1 b4540 loss=5.166
[ft-mun] ep1 b4560 loss=3.862
[ft-mun] ep1 b4580 loss=4.115
[ft-mun] ep1 b4600 loss=3.738
[ft-mun] ep1 b4620 loss=3.891
[ft-mun] ep1 b4640 loss=2.968
[ft-mun] ep1 b4660 loss=3.741
[ft-mun] ep1 b4680 loss=3.178
[ft-mun] ep1 b4700 loss=3.180
[ft-mun] ep1 b4720 loss=4.856
[ft-mun] ep1 b4740 loss=4.791
[ft-mun] ep1 b4760 loss=3.347
[ft-mun] ep1 b4780 loss=3.250
[ft-mun] ep1 b4800 loss=2.850
[ft-mun] ep1 b4820 loss=3.623
[ft-mun] ep1 b4840 loss=3.518
[ft-mun] ep1 b4860 loss=3.184
[ft-mun] ep1 b4880 loss=3.009
[ft-mun] ep1 b4900 loss=3.290
[ft-mun] ep1 b4920 loss=3.365
[ft-mun] ep1 b4940 loss=3.908
[ft-mun] ep1 b4960 loss=3.803
[ft-mun] ep1 b4980 loss=3.432
[ft-mun] ep1 b5000 loss=3.485
[ft-mun] ep1 b5020 loss=2.949
[ft-mun] ep1 b5040 loss=3.322
[ft-mun] ep1 b5060 loss=4.798
[ft-mun] ep1 b5080 loss=3.440
[ft-mun] ep1 b5100 loss=4.029
[ft-mun] ep1 b5120 loss=3.625
[ft-mun] ep1 b5140 loss=2.941
[ft-mun] ep1 b5160 loss=4.690
[ft-mun] ep1 b5180 loss=3.425
[ft-mun] ep1 b5200 loss=4.305
[ft-mun] ep1 b5220 loss=3.354
[ft-mun] ep1 b5240 loss=4.142
[ft-mun] ep1 b5260 loss=3.340
[ft-mun] ep1 b5280 loss=3.036
[ft-mun] ep1 b5300 loss=3.830
[ft-mun] ep1 b5320 loss=2.871
[ft-mun] ep1 b5340 loss=5.088
[ft-mun] ep1 b5360 loss=3.049
[ft-mun] ep1 b5380 loss=3.571
[ft-mun] ep1 b5400 loss=3.592
[ft-mun] ep1 b5420 loss=3.524
[ft-mun] ep1 b5440 loss=3.698
[ft-mun] ep1 b5460 loss=2.762
[ft-mun] ep1 b5480 loss=3.447
[ft-mun] ep1 b5500 loss=4.056
[ft-mun] ep1 b5520 loss=3.505
[ft-mun] ep1 b5540 loss=3.452
[ft-mun] ep1 b5560 loss=3.259
[ft-mun] ep1 b5580 loss=2.889
[ft-mun] ep1 b5600 loss=3.313
[ft-mun] ep1 b5620 loss=4.069
[ft-mun] ep1 b5640 loss=3.886
[ft-mun] ep1 b5660 loss=3.544
[ft-mun] ep1 b5680 loss=3.220
[ft-mun] ep1 b5700 loss=4.063
[ft-mun] ep1 b5720 loss=3.071
[ft-mun] ep1 b5740 loss=5.838
[ft-mun] ep1 b5760 loss=4.569
[ft-mun] ep1 b5780 loss=2.671
[ft-mun] ep1 b5800 loss=3.682
[ft-mun] ep1 b5820 loss=4.559
[ft-mun] ep1 b5840 loss=3.640
[ft-mun] ep1 b5860 loss=3.216
[ft-mun] ep1 b5880 loss=3.794
[ft-mun] ep1 b5900 loss=3.122
[ft-mun] ep1 b5920 loss=4.499
[ft-mun] ep1 b5940 loss=3.475
[ft-mun] ep1 b5960 loss=4.853
[ft-mun] ep1 b5980 loss=3.393
[ft-mun] ep1 b6000 loss=3.776
[ft-mun] ep1 b6020 loss=3.362
[ft-mun] ep1 b6040 loss=4.015
[ft-mun] ep1 b6060 loss=3.862
[ft-mun] ep1 b6080 loss=5.612
[ft-mun] ep1 b6100 loss=3.826
[ft-mun] ep1 b6120 loss=3.432
[ft-mun] ep1 b6140 loss=4.229
[ft-mun] ep1 b6160 loss=3.759
[ft-mun] ep1 b6180 loss=3.728
[ft-mun] ep1 b6200 loss=3.977
[ft-mun] ep1 b6220 loss=2.932
[ft-mun] ep1 b6240 loss=3.673
[ft-mun] ep1 b6260 loss=3.551
[ft-mun] ep1 b6280 loss=4.648
[ft-mun] ep1 b6300 loss=3.228
[ft-mun] ep1 b6320 loss=4.114
[ft-mun] ep1 b6340 loss=3.523
[ft-mun] ep1 b6360 loss=4.456
[ft-mun] ep1 b6380 loss=3.120
[ft-mun] ep1 b6400 loss=3.399
[ft-mun] ep1 b6420 loss=3.225
[ft-mun] ep1 b6440 loss=3.576
[ft-mun] ep1 b6460 loss=3.844
[ft-mun] ep1 b6480 loss=4.516
[ft-mun] ep1 b6500 loss=4.160
[ft-mun] ep1 b6520 loss=4.327
[ft-mun] ep1 b6540 loss=4.385
[ft-mun] ep1 b6560 loss=3.477
[ft-mun] ep1 b6580 loss=3.330
[ft-mun] ep1 b6600 loss=4.795
[ft-mun] ep1 b6620 loss=3.299
[ft-mun] ep1 b6640 loss=3.613
[ft-mun] ep1 b6660 loss=3.567
[ft-mun] ep1 b6680 loss=3.907
[ft-mun] ep1 b6700 loss=3.556
[ft-mun] ep1 b6720 loss=3.890
[ft-mun] ep1 b6740 loss=3.293
[ft-mun] ep1 b6760 loss=4.273
[ft-mun] ep1 b6780 loss=3.138
[ft-mun] ep1 b6800 loss=3.636
[ft-mun] ep1 b6820 loss=3.174
[ft-mun] ep1 b6840 loss=4.836
[ft-mun] ep1 b6860 loss=3.542
[ft-mun] ep1 b6880 loss=4.392
[ft-mun] ep1 b6900 loss=4.608
[ft-mun] ep1 b6920 loss=3.303
[ft-mun] ep1 b6940 loss=4.412
[ft-mun] ep1 b6960 loss=4.924
[ft-mun] ep1 b6980 loss=3.513
[ft-mun] ep1 b7000 loss=3.543
[ft-mun] ep1 b7020 loss=2.868
[ft-mun] ep1 b7040 loss=5.010
[ft-mun] ep1 b7060 loss=3.962
[ft-mun] ep1 b7080 loss=4.494
[ft-mun] ep1 b7100 loss=3.844
[ft-mun] ep1 b7120 loss=3.328
[ft-mun] ep1 b7140 loss=3.560
[ft-mun] ep1 b7160 loss=3.935
[ft-mun] ep1 b7180 loss=4.622
[ft-mun] ep1 b7200 loss=4.412
[ft-mun] ep1 b7220 loss=2.866
[ft-mun] ep1 b7240 loss=3.498
[ft-mun] ep1 b7260 loss=3.281
[ft-mun] ep1 b7280 loss=3.657
[ft-mun] ep1 b7300 loss=3.293
[ft-mun] ep1 b7320 loss=3.358
[ft-mun] ep1 b7340 loss=3.576
[ft-mun] ep1 b7360 loss=3.215
[ft-mun] ep1 b7380 loss=5.023
[ft-mun] ep1 b7400 loss=4.164
[ft-mun] ep1 b7420 loss=3.333
[ft-mun] ep1 b7440 loss=3.199
[ft-mun] ep1 b7460 loss=3.123
[ft-mun] ep1 b7480 loss=3.139
[ft-mun] ep1 b7500 loss=3.049
[ft-mun] ep1 b7520 loss=3.763
[ft-mun] ep1 b7540 loss=4.215
[ft-mun] ep1 b7560 loss=3.134
[ft-mun] ep1 b7580 loss=3.071
[ft-mun] ep1 b7600 loss=4.289
[ft-mun] ep1 b7620 loss=4.574
[ft-mun] ep1 b7640 loss=3.209
[ft-mun] ep1 b7660 loss=3.130
[ft-mun] ep1 b7680 loss=3.386
[ft-mun] ep1 b7700 loss=3.146
[ft-mun] ep1 b7720 loss=3.545
[ft-mun] ep1 b7740 loss=4.105
[ft-mun] ep1 b7760 loss=3.044
[ft-mun] ep1 b7780 loss=3.094
[ft-mun] ep1 b7800 loss=4.172
[ft-mun] ep1 b7820 loss=3.505
[ft-mun] ep1 b7840 loss=3.280
[ft-mun] ep1 b7860 loss=2.869
[ft-mun] ep1 b7880 loss=4.017
[ft-mun] ep1 b7900 loss=4.546
[ft-mun] ep1 b7920 loss=3.826
[ft-mun] ep1 b7940 loss=4.175
[ft-mun] ep1 b7960 loss=3.854
[ft-mun] ep1 b7980 loss=4.446
[ft-mun] ep1 b8000 loss=3.447
[ft-mun] ep1 b8020 loss=3.946
[ft-mun] ep1 b8040 loss=3.961
[ft-mun] ep1 b8060 loss=2.878
[ft-mun] ep1 b8080 loss=3.587
[ft-mun] ep1 b8100 loss=3.595
[ft-mun] ep1 b8120 loss=3.339
[ft-mun] ep1 b8140 loss=3.248
[ft-mun] ep1 b8160 loss=2.906
[ft-mun] ep1 b8180 loss=3.108
[ft-mun] ep1 b8200 loss=5.854
[ft-mun] ep1 b8220 loss=4.319
[ft-mun] ep1 b8240 loss=4.003
[ft-mun] ep1 b8260 loss=3.005
[ft-mun] ep1 b8280 loss=4.141
[ft-mun] ep1 b8300 loss=3.283
[ft-mun] ep1 b8320 loss=3.258
[ft-mun] ep1 b8340 loss=3.138
[ft-mun] ep1 b8360 loss=3.550
[ft-mun] ep1 b8380 loss=3.399
[ft-mun] ep1 b8400 loss=4.170
[ft-mun] ep1 b8420 loss=4.026
[ft-mun] ep1 b8440 loss=3.260
[ft-mun] ep1 b8460 loss=3.910
[ft-mun] ep1 b8480 loss=3.397
[ft-mun] ep1 b8500 loss=4.162
[ft-mun] ep1 b8520 loss=3.669
[ft-mun] ep1 b8540 loss=3.317
[ft-mun] ep1 b8560 loss=4.037
[ft-mun] ep1 b8580 loss=3.519
[ft-mun] ep1 b8600 loss=3.903
[ft-mun] ep1 b8620 loss=3.173
[ft-mun] ep1 b8640 loss=4.409
[ft-mun] ep1 b8660 loss=3.332
[ft-mun] ep1 b8680 loss=4.625
[ft-mun] ep1 b8700 loss=3.475
[ft-mun] ep1 b8720 loss=3.419
[ft-mun] ep1 b8740 loss=2.740
[ft-mun] ep1 b8760 loss=3.033
[ft-mun] ep1 b8780 loss=4.090
[ft-mun] ep1 b8800 loss=5.273
[ft-mun] ep1 b8820 loss=3.251
[ft-mun] ep1 b8840 loss=3.209
[ft-mun] ep1 b8860 loss=4.195
[ft-mun] ep1 b8880 loss=3.484
[ft-mun] ep1 b8900 loss=4.823
[ft-mun] ep1 b8920 loss=5.120
[ft-mun] ep1 b8940 loss=3.400
[ft-mun] ep1 b8960 loss=4.134
[ft-mun] ep1 b8980 loss=3.421
[ft-mun] ep1 b9000 loss=3.541
[ft-mun] ep1 b9020 loss=3.836
[ft-mun] ep1 b9040 loss=4.386
[ft-mun] ep1 b9060 loss=3.471
[ft-mun] ep1 b9080 loss=4.035
[ft-mun] ep1 b9100 loss=4.107
[ft-mun] ep1 b9120 loss=3.584
[ft-mun] ep1 b9140 loss=4.188
[ft-mun] ep1 b9160 loss=3.671
[ft-mun] ep1 b9180 loss=3.548
[ft-mun] ep1 b9200 loss=3.737
[ft-mun] ep1 b9220 loss=4.086
[ft-mun] ep1 b9240 loss=3.038
[ft-mun] ep1 b9260 loss=4.332
[ft-mun] ep1 b9280 loss=3.848
[ft-mun] ep1 b9300 loss=4.447
[ft-mun] ep1 b9320 loss=3.140
[ft-mun] ep1 b9340 loss=2.956
[ft-mun] ep1 b9360 loss=3.114
[ft-mun] ep1 b9380 loss=3.455
[ft-mun] ep1 b9400 loss=3.159
[ft-mun] ep1 b9420 loss=3.258
[ft-mun] ep1 b9440 loss=3.283
[ft-mun] ep1 b9460 loss=3.320
[ft-mun] ep1 b9480 loss=4.406
[ft-mun] ep1 b9500 loss=3.489
[ft-mun] ep1 b9520 loss=3.946
[ft-mun] ep1 b9540 loss=4.060
[ft-mun] ep1 b9560 loss=3.479
[ft-mun] ep1 b9580 loss=4.008
[ft-mun] ep1 b9600 loss=4.404
[ft-mun] ep1 b9620 loss=4.477
[ft-mun] ep1 b9640 loss=3.692
[ft-mun] ep1 b9660 loss=3.338
[ft-mun] ep1 b9680 loss=3.228
[ft-mun] ep1 b9700 loss=3.369
[ft-mun] ep1 b9720 loss=4.656
[ft-mun] ep1 b9740 loss=4.525
[ft-mun] ep1 b9760 loss=3.253
[ft-mun] ep1 b9780 loss=4.557
[ft-mun] ep1 b9800 loss=5.269
[ft-mun] ep1 b9820 loss=4.161
[ft-mun] ep1 b9840 loss=3.735
[ft-mun] ep1 b9860 loss=5.270
[ft-mun] ep1 b9880 loss=3.663
[ft-mun] ep1 b9900 loss=3.758
[ft-mun] ep1 b9920 loss=3.414
[ft-mun] ep1 b9940 loss=4.401
[ft-mun] ep1 b9960 loss=3.935
[ft-mun] ep1 b9980 loss=3.662
[ft-mun] ep1 b10000 loss=3.112
[ft-mun] ep1 b10020 loss=3.358
[ft-mun] ep1 b10040 loss=3.219
[ft-mun] ep1 b10060 loss=4.849
[ft-mun] ep1 b10080 loss=2.968
[ft-mun] ep1 b10100 loss=3.221
[ft-mun] ep1 b10120 loss=3.896
[ft-mun] ep1 b10140 loss=3.491
[ft-mun] ep1 b10160 loss=3.414
[ft-mun] ep1 b10180 loss=2.904
[ft-mun] ep1 b10200 loss=2.846
[ft-mun] ep1 b10220 loss=5.130
[ft-mun] ep1 b10240 loss=3.219
[ft-mun] ep1 b10260 loss=2.944
[ft-mun] ep1 b10280 loss=2.740
[ft-mun] ep1 b10300 loss=3.127
[ft-mun] ep1 b10320 loss=3.250
[ft-mun] ep1 b10340 loss=3.430
[ft-mun] ep1 b10360 loss=4.835
[ft-mun] ep1 b10380 loss=5.537
[ft-mun] ep1 b10400 loss=3.101
[ft-mun] ep1 b10420 loss=3.196
[ft-mun] ep1 b10440 loss=2.752
[ft-mun] ep1 b10460 loss=3.249
[ft-mun] ep1 b10480 loss=3.868
[ft-mun] ep1 b10500 loss=3.302
[ft-mun] ep1 b10520 loss=4.537
[ft-mun] ep1 b10540 loss=4.021
[ft-mun] ep1 b10560 loss=4.250
[ft-mun] ep1 b10580 loss=3.254
[ft-mun] ep1 b10600 loss=2.711
[ft-mun] ep1 b10620 loss=3.689
[ft-mun] ep1 b10640 loss=4.144
[ft-mun] ep1 b10660 loss=2.753
[ft-mun] ep1 b10680 loss=3.185
[ft-mun] ep1 b10700 loss=3.680
[ft-mun] ep1 b10720 loss=3.636
[ft-mun] ep1 b10740 loss=3.250
[ft-mun] ep1 b10760 loss=4.019
[ft-mun] ep1 b10780 loss=5.478
[ft-mun] ep1 b10800 loss=3.185
[ft-mun] ep1 b10820 loss=3.787
[ft-mun] ep1 b10840 loss=3.549
[ft-mun] ep1 b10860 loss=3.513
[ft-mun] ep1 b10880 loss=2.893
[ft-mun] ep1 b10900 loss=3.149
[ft-mun] ep1 b10920 loss=3.638
[ft-mun] ep1 b10940 loss=3.055
[ft-mun] ep1 b10960 loss=4.479
[ft-mun] ep1 b10980 loss=4.638
[ft-mun] ep1 b11000 loss=3.956
[ft-mun] ep1 b11020 loss=4.884
[ft-mun] ep1 b11040 loss=3.741
[ft-mun] ep1 b11060 loss=3.396
[ft-mun] ep1 b11080 loss=3.088
[ft-mun] ep1 b11100 loss=6.335
[ft-mun] ep1 b11120 loss=3.070
[ft-mun] ep1 b11140 loss=3.361
[ft-mun] ep1 b11160 loss=5.121
[ft-mun] ep1 b11180 loss=3.211
[ft-mun] ep1 b11200 loss=3.312
[ft-mun] ep1 b11220 loss=3.725
[ft-mun] ep1 b11240 loss=3.505
[ft-mun] ep1 b11260 loss=2.853
[ft-mun] ep1 b11280 loss=3.201
[ft-mun] ep1 b11300 loss=3.114
[ft-mun] ep1 b11320 loss=4.864
[ft-mun] ep1 b11340 loss=3.204
[ft-mun] ep1 b11360 loss=4.031
[ft-mun] ep1 b11380 loss=3.039
[ft-mun] ep1 b11400 loss=3.215
[ft-mun] ep1 b11420 loss=2.934
[ft-mun] ep1 b11440 loss=3.262
[ft-mun] ep1 b11460 loss=4.130
[ft-mun] ep1 b11480 loss=5.527
[ft-mun] ep1 b11500 loss=3.909
[ft-mun] ep1 b11520 loss=4.120
[ft-mun] ep1 b11540 loss=3.044
[ft-mun] ep1 b11560 loss=4.887
[ft-mun] ep1 b11580 loss=5.171
[ft-mun] ep1 b11600 loss=3.481
[ft-mun] ep1 b11620 loss=4.683
[ft-mun] ep1 b11640 loss=2.998
[ft-mun] ep1 b11660 loss=4.566
[ft-mun] ep1 b11680 loss=3.337
[ft-mun] ep1 b11700 loss=3.236
[ft-mun] ep1 b11720 loss=3.340
[ft-mun] ep1 b11740 loss=3.427
[ft-mun] ep1 b11760 loss=3.508
[ft-mun] ep1 b11780 loss=4.267
[ft-mun] ep1 b11800 loss=2.996
[ft-mun] ep1 b11820 loss=3.027
[ft-mun] ep1 b11840 loss=3.444
[ft-mun] ep1 b11860 loss=3.855
[ft-mun] ep1 b11880 loss=4.071
[ft-mun] ep1 b11900 loss=3.071
[ft-mun] ep1 b11920 loss=3.418
[ft-mun] ep1 b11940 loss=3.301
[ft-mun] ep1 b11960 loss=3.247
[ft-mun] ep1 b11980 loss=3.518
[ft-mun] ep1 b12000 loss=4.787
[ft-mun] ep1 b12020 loss=3.926
[ft-mun] ep1 b12040 loss=4.517
[ft-mun] ep1 b12060 loss=3.953
[ft-mun] ep1 b12080 loss=3.645
[ft-mun] ep1 b12100 loss=3.636
[ft-mun] ep1 b12120 loss=3.152
[ft-mun] ep1 b12140 loss=3.083
[ft-mun] ep1 b12160 loss=3.051
[ft-mun] ep1 b12180 loss=3.158
[ft-mun] ep1 b12200 loss=5.314
[ft-mun] ep1 b12220 loss=3.699
[ft-mun] ep1 b12240 loss=3.739
[ft-mun] ep1 b12260 loss=4.162
[ft-mun] ep1 b12280 loss=2.848
[ft-mun] ep1 b12300 loss=3.446
[ft-mun] ep1 b12320 loss=2.778
[ft-mun] ep1 b12340 loss=3.149
[ft-mun] ep1 b12360 loss=4.271
[ft-mun] ep1 b12380 loss=3.384
[ft-mun] ep1 b12400 loss=4.923
[ft-mun] ep1 b12420 loss=3.468
[ft-mun] ep1 b12440 loss=3.411
[ft-mun] ep1 b12460 loss=4.304
[ft-mun] ep1 b12480 loss=3.068
[ft-mun] ep1 b12500 loss=3.052
[ft-mun] ep1 b12520 loss=3.795
[ft-mun] ep1 b12540 loss=2.653
[ft-mun] ep1 b12560 loss=2.792
[ft-mun] ep1 b12580 loss=4.656
[ft-mun] ep1 b12600 loss=2.956
[ft-mun] ep1 b12620 loss=2.988
[ft-mun] ep1 b12640 loss=3.494
[ft-mun] ep1 b12660 loss=5.682
[ft-mun] ep1 b12680 loss=2.832
[ft-mun] ep1 b12700 loss=5.243
[ft-mun] ep1 b12720 loss=3.463
[ft-mun] ep1 b12740 loss=5.988
[ft-mun] ep1 b12760 loss=3.975
[ft-mun] ep1 b12780 loss=3.538
[ft-mun] ep1 b12800 loss=3.188
[ft-mun] ep1 b12820 loss=2.859
[ft-mun] ep1 b12840 loss=3.235
[ft-mun] ep1 b12860 loss=4.273
[ft-mun] ep1 b12880 loss=2.755
[ft-mun] ep1 b12900 loss=4.713
[ft-mun] ep1 b12920 loss=3.870
[ft-mun] ep1 b12940 loss=3.719
[ft-mun] ep1 b12960 loss=2.704
[ft-mun] ep1 b12980 loss=5.216
[ft-mun] ep1 b13000 loss=4.155
[ft-mun] ep1 b13020 loss=3.617
[ft-mun] ep1 b13040 loss=3.164
[ft-mun] ep1 b13060 loss=3.104
[ft-mun] ep1 b13080 loss=3.097
[ft-mun] ep1 b13100 loss=3.289
[ft-mun] ep1 b13120 loss=3.614
[ft-mun] ep1 b13140 loss=4.705
[ft-mun] ep1 b13160 loss=3.535
[ft-mun] ep1 b13180 loss=4.419
[ft-mun] ep1 b13200 loss=4.485
[ft-mun] ep1 b13220 loss=3.326
[ft-mun] ep1 b13240 loss=3.501
[ft-mun] ep1 b13260 loss=2.808
[ft-mun] ep1 b13280 loss=5.699
[ft-mun] ep1 b13300 loss=3.249
[ft-mun] ep1 b13320 loss=4.462
[ft-mun] ep1 b13340 loss=3.378
[ft-mun] ep1 b13360 loss=5.241
[ft-mun] ep1 b13380 loss=3.293
[ft-mun] ep1 b13400 loss=3.681
[ft-mun] ep1 b13420 loss=2.686
[ft-mun] ep1 b13440 loss=3.397
[ft-mun] ep1 b13460 loss=3.120
[ft-mun] ep1 b13480 loss=3.379
[ft-mun] ep1 b13500 loss=4.177
[ft-mun] ep1 b13520 loss=5.205
[ft-mun] ep1 b13540 loss=3.788
[ft-mun] ep1 b13560 loss=2.974
[ft-mun] ep1 b13580 loss=4.291
[ft-mun] ep1 b13600 loss=3.463
[ft-mun] ep1 b13620 loss=2.814
[ft-mun] ep1 b13640 loss=3.357
[ft-mun] ep1 b13660 loss=4.364
[ft-mun] ep1 b13680 loss=4.932
[ft-mun] ep1 b13700 loss=3.180
[ft-mun] ep1 b13720 loss=3.870
[ft-mun] ep1 b13740 loss=3.187
[ft-mun] ep1 b13760 loss=3.500
[ft-mun] ep1 b13780 loss=4.406
[ft-mun] ep1 b13800 loss=3.849
[ft-mun] ep1 b13820 loss=4.642
[ft-mun] ep1 b13840 loss=3.334
[ft-mun] ep1 b13860 loss=3.286
[ft-mun] ep1 b13880 loss=3.825
[ft-mun] ep1 b13900 loss=2.780
[ft-mun] ep1 b13920 loss=3.566
[ft-mun] ep1 b13940 loss=2.745
[ft-mun] ep1 b13960 loss=3.295
[ft-mun] ep1 b13980 loss=4.388
[ft-mun] ep1 b14000 loss=3.576
[ft-mun] ep1 b14020 loss=3.723
[ft-mun] ep1 b14040 loss=4.928
[ft-mun] ep1 b14060 loss=3.568
[ft-mun] ep1 b14080 loss=3.409
[ft-mun] ep1 b14100 loss=3.607
[ft-mun] ep1 b14120 loss=2.830
[ft-mun] ep1 b14140 loss=3.817
[ft-mun] ep1 b14160 loss=3.090
[ft-mun] ep1 b14180 loss=4.766
[ft-mun] ep1 b14200 loss=4.077
[ft-mun] ep1 b14220 loss=3.129
[ft-mun] ep1 b14240 loss=3.372
[ft-mun] ep1 b14260 loss=2.731
[ft-mun] ep1 b14280 loss=4.015
[ft-mun] ep1 b14300 loss=3.072
[ft-mun] ep1 b14320 loss=3.328
[ft-mun] ep1 b14340 loss=4.329
[ft-mun] ep1 b14360 loss=3.059
[ft-mun] ep1 b14380 loss=4.719
[ft-mun] ep1 b14400 loss=4.705
[ft-mun] ep1 b14420 loss=3.136
[ft-mun] ep1 b14440 loss=4.006
[ft-mun] ep1 b14460 loss=4.380
[ft-mun] ep1 b14480 loss=4.161
[ft-mun] ep1 b14500 loss=3.306
[ft-mun] ep1 b14520 loss=3.789
[ft-mun] ep1 b14540 loss=3.003
[ft-mun] ep1 b14560 loss=4.682
[ft-mun] ep1 b14580 loss=2.776
[ft-mun] ep1 b14600 loss=3.726
[ft-mun] ep1 b14620 loss=4.279
[ft-mun] ep1 b14640 loss=3.077
[ft-mun] ep1 b14660 loss=3.271
[ft-mun] ep1 b14680 loss=4.208
[ft-mun] ep1 b14700 loss=4.069
[ft-mun] ep1 b14720 loss=3.568
[ft-mun] ep1 b14740 loss=3.302
[ft-mun] ep1 b14760 loss=3.016
[ft-mun] ep1 b14780 loss=3.335
[ft-mun] ep1 b14800 loss=3.999
[ft-mun] ep1 b14820 loss=3.835
[ft-mun] ep1 b14840 loss=3.024
[ft-mun] ep1 b14860 loss=4.947
[ft-mun] ep1 b14880 loss=4.443
[ft-mun] ep1 b14900 loss=3.340
[ft-mun] ep1 b14920 loss=3.424
[ft-mun] ep1 b14940 loss=3.083
[ft-mun] ep1 b14960 loss=3.682
[ft-mun] ep1 b14980 loss=3.518
[ft-mun] ep1 b15000 loss=3.027
[ft-mun] ep1 b15020 loss=3.667
[ft-mun] ep1 b15040 loss=3.037
[ft-mun] ep1 b15060 loss=3.081
[ft-mun] ep1 b15080 loss=2.794
[ft-mun] ep1 b15100 loss=5.087
[ft-mun] ep1 b15120 loss=3.525
[ft-mun] ep1 b15140 loss=3.211
[ft-mun] ep1 b15160 loss=2.597
[ft-mun] ep1 b15180 loss=3.546
[ft-mun] ep1 b15200 loss=3.121
[ft-mun] ep1 b15220 loss=3.810
[ft-mun] ep1 b15240 loss=4.091
[ft-mun] ep1 b15260 loss=3.192
[ft-mun] ep1 b15280 loss=4.395
[ft-mun] ep1 b15300 loss=4.119
[ft-mun] ep1 b15320 loss=3.794
[ft-mun] ep1 b15340 loss=4.097
[ft-mun] ep1 b15360 loss=2.997
[ft-mun] ep1 b15380 loss=3.753
[ft-mun] ep1 b15400 loss=4.378
[ft-mun] ep1 b15420 loss=3.051
[ft-mun] ep1 b15440 loss=3.636
[ft-mun] ep1 b15460 loss=6.000
[ft-mun] ep1 b15480 loss=3.207
[ft-mun] ep1 b15500 loss=3.208
[ft-mun] ep1 b15520 loss=3.052
[ft-mun] ep1 b15540 loss=3.884
[ft-mun] ep1 b15560 loss=3.669
[ft-mun] ep1 b15580 loss=3.522
[ft-mun] ep1 b15600 loss=5.278
[ft-mun] ep1 b15620 loss=3.010
[ft-mun] ep1 b15640 loss=3.294
[ft-mun] ep1 b15660 loss=4.908
[ft-mun] ep1 b15680 loss=6.268
[ft-mun] ep1 b15700 loss=3.152
[ft-mun] ep1 b15720 loss=3.697
[ft-mun] ep1 b15740 loss=3.351
[ft-mun] ep1 b15760 loss=5.856
[ft-mun] ep1 b15780 loss=4.344
[ft-mun] ep1 b15800 loss=3.397
[ft-mun] ep1 b15820 loss=4.058
[ft-mun] ep1 b15840 loss=3.652
[ft-mun] ep1 b15860 loss=4.884
[ft-mun] ep1 b15880 loss=3.870
[ft-mun] ep1 b15900 loss=5.230
[ft-mun] ep1 b15920 loss=3.174
[ft-mun] ep1 b15940 loss=3.472
[ft-mun] ep1 b15960 loss=2.723
[ft-mun] ep1 b15980 loss=2.980
[ft-mun] ep1 b16000 loss=3.511
[ft-mun] ep1 b16020 loss=3.121
[ft-mun] ep1 b16040 loss=4.701
[ft-mun] ep1 b16060 loss=3.633
[ft-mun] ep1 b16080 loss=2.980
[ft-mun] ep1 b16100 loss=4.961
[ft-mun] ep1 b16120 loss=3.117
[ft-mun] ep1 b16140 loss=3.774
[ft-mun] ep1 b16160 loss=3.108
[ft-mun] ep1 b16180 loss=3.169
[ft-mun] ep1 b16200 loss=3.383
[ft-mun] ep1 b16220 loss=3.698
[ft-mun] ep1 b16240 loss=4.312
[ft-mun] ep1 b16260 loss=3.718
[ft-mun] ep1 b16280 loss=4.562
[ft-mun] ep1 b16300 loss=2.673
[ft-mun] ep1 b16320 loss=4.353
[ft-mun] ep1 b16340 loss=4.600
[ft-mun] ep1 b16360 loss=4.089
[ft-mun] ep1 b16380 loss=3.078
[ft-mun] ep1 b16400 loss=3.071
[ft-mun] ep1 b16420 loss=4.332
[ft-mun] ep1 b16440 loss=2.930
[ft-mun] ep1 b16460 loss=3.067
[ft-mun] ep1 b16480 loss=4.754
[ft-mun] ep1 b16500 loss=3.350
[ft-mun] ep1 b16520 loss=3.393
[ft-mun] ep1 b16540 loss=3.479
[ft-mun] ep1 b16560 loss=4.253
[ft-mun] ep1 b16580 loss=3.006
[ft-mun] ep1 b16600 loss=3.976
[ft-mun] ep1 b16620 loss=3.667
[ft-mun] ep1 b16640 loss=3.479
[ft-mun] ep1 b16660 loss=5.109
[ft-mun] ep1 b16680 loss=2.957
[ft-mun] ep1 b16700 loss=4.494
[ft-mun] ep1 b16720 loss=3.462
[ft-mun] ep1 b16740 loss=3.840
[ft-mun] ep1 b16760 loss=4.311
[ft-mun] ep1 b16780 loss=3.015
[ft-mun] ep1 b16800 loss=3.509
[ft-mun] ep1 b16820 loss=3.247
[ft-mun] ep1 b16840 loss=4.061
[ft-mun] ep1 b16860 loss=4.068
[ft-mun] ep1 b16880 loss=3.165
[ft-mun] ep1 b16900 loss=3.276
[ft-mun] ep1 b16920 loss=3.859
[ft-mun] ep1 b16940 loss=2.856
[ft-mun] ep1 b16960 loss=3.345
[ft-mun] ep1 b16980 loss=3.376
[ft-mun] ep1 b17000 loss=2.642
[ft-mun] ep1 b17020 loss=3.250
[ft-mun] ep1 b17040 loss=3.965
[ft-mun] ep1 b17060 loss=2.860
[ft-mun] ep1 b17080 loss=5.463
[ft-mun] ep1 b17100 loss=3.342
[ft-mun] ep1 b17120 loss=4.354
[ft-mun] ep1 b17140 loss=3.509
[ft-mun] ep1 b17160 loss=3.130
[ft-mun] ep1 b17180 loss=2.841
[ft-mun] ep1 b17200 loss=3.386
[ft-mun] ep1 b17220 loss=3.229
[ft-mun] ep1 b17240 loss=3.795
[ft-mun] ep1 b17260 loss=5.293
[ft-mun] ep1 b17280 loss=4.310
[ft-mun] ep1 b17300 loss=3.402
[ft-mun] ep1 b17320 loss=3.387
[ft-mun] ep1 b17340 loss=5.063
[ft-mun] ep1 b17360 loss=3.417
[ft-mun] ep1 b17380 loss=3.443
[ft-mun] ep1 b17400 loss=3.041
[ft-mun] ep1 b17420 loss=2.814
[ft-mun] ep1 b17440 loss=5.489
[ft-mun] ep1 b17460 loss=3.390
[ft-mun] ep1 b17480 loss=2.995
[ft-mun] ep1 b17500 loss=3.198
[ft-mun] ep1 b17520 loss=2.897
[ft-mun] ep1 b17540 loss=3.246
[ft-mun] ep1 b17560 loss=4.216
[ft-mun] ep1 b17580 loss=3.474
[ft-mun] ep1 b17600 loss=3.455
[ft-mun] ep1 b17620 loss=3.659
[ft-mun] ep1 b17640 loss=3.784
[ft-mun] ep1 b17660 loss=4.480
[ft-mun] ep1 b17680 loss=4.464
[ft-mun] ep1 b17700 loss=2.685
[ft-mun] ep1 b17720 loss=3.441
[ft-mun] ep1 b17740 loss=3.515
[ft-mun] ep1 b17760 loss=3.455
[ft-mun] ep1 b17780 loss=3.493
[ft-mun] ep1 b17800 loss=4.233
[ft-mun] ep1 b17820 loss=2.745
[ft-mun] ep1 b17840 loss=3.144
[ft-mun] ep1 b17860 loss=3.671
[ft-mun] ep1 b17880 loss=3.657
[ft-mun] ep1 b17900 loss=3.412
[ft-mun] ep1 b17920 loss=3.475
[ft-mun] ep1 b17940 loss=3.715
[ft-mun] ep1 b17960 loss=3.860
[ft-mun] ep1 b17980 loss=3.973
[ft-mun] ep1 b18000 loss=2.699
[ft-mun] ep1 b18020 loss=3.170
[ft-mun] ep1 b18040 loss=2.481
[ft-mun] ep1 b18060 loss=5.712
[ft-mun] ep1 b18080 loss=4.534
[ft-mun] ep1 b18100 loss=3.773
[ft-mun] ep1 b18120 loss=3.539
[ft-mun] ep1 b18140 loss=5.579
[ft-mun] ep1 b18160 loss=2.834
[ft-mun] ep1 b18180 loss=3.726
[ft-mun] ep1 b18200 loss=3.037
[ft-mun] ep1 b18220 loss=2.722
[ft-mun] ep1 b18240 loss=3.592
[ft-mun] ep1 b18260 loss=2.812
[ft-mun] ep1 b18280 loss=2.655
[ft-mun] ep1 b18300 loss=4.294
[ft-mun] ep1 b18320 loss=3.379
[ft-mun] ep1 b18340 loss=3.157
[ft-mun] ep1 b18360 loss=2.586
[ft-mun] ep1 b18380 loss=3.496
[ft-mun] ep1 b18400 loss=3.632
[ft-mun] ep1 b18420 loss=3.723
[ft-mun] ep1 b18440 loss=3.088
[ft-mun] ep1 b18460 loss=2.952
[ft-mun] ep1 b18480 loss=2.812
[ft-mun] ep1 b18500 loss=3.622
[ft-mun] ep1 b18520 loss=3.661
[ft-mun] ep1 b18540 loss=3.871
[ft-mun] ep1 b18560 loss=3.831
[ft-mun] ep1 b18580 loss=2.881
[ft-mun] ep1 b18600 loss=4.000
[ft-mun] ep1 b18620 loss=3.828
[ft-mun] ep1 b18640 loss=4.835
[ft-mun] ep1 b18660 loss=3.148
[ft-mun] ep1 b18680 loss=5.381
[ft-mun] ep1 b18700 loss=3.164
[ft-mun] ep1 b18720 loss=3.203
[ft-mun] ep1 b18740 loss=3.126
[ft-mun] ep1 b18760 loss=3.316
[ft-mun] ep1 b18780 loss=3.162
[ft-mun] ep1 b18800 loss=3.586
[ft-mun] ep1 b18820 loss=3.951
[ft-mun] ep1 b18840 loss=3.056
[ft-mun] ep1 b18860 loss=3.331
[ft-mun] ep1 b18880 loss=3.532
[ft-mun] ep1 b18900 loss=5.218
[ft-mun] ep1 b18920 loss=3.252
[ft-mun] ep1 b18940 loss=2.779
[ft-mun] ep1 b18960 loss=4.024
[ft-mun] ep1 b18980 loss=2.722
[ft-mun] ep1 b19000 loss=3.630
[ft-mun] ep1 b19020 loss=3.131
[ft-mun] ep1 b19040 loss=3.644
[ft-mun] ep1 b19060 loss=3.525
[ft-mun] ep1 b19080 loss=2.716
[ft-mun] ep1 b19100 loss=2.833
[ft-mun] ep1 b19120 loss=4.820
[ft-mun] ep1 b19140 loss=5.242
[ft-mun] ep1 b19160 loss=3.376
[ft-mun] ep1 b19180 loss=3.106
[ft-mun] ep1 b19200 loss=3.889
[ft-mun] ep1 b19220 loss=3.791
[ft-mun] ep1 b19240 loss=4.632
[ft-mun] ep1 b19260 loss=2.975
[ft-mun] ep1 b19280 loss=5.260
[ft-mun] ep1 b19300 loss=4.060
[ft-mun] ep1 b19320 loss=3.222
[ft-mun] ep1 b19340 loss=2.987
[ft-mun] ep1 b19360 loss=3.244
[ft-mun] ep1 b19380 loss=4.449
[ft-mun] ep1 b19400 loss=4.960
[ft-mun] ep1 b19420 loss=2.882
[ft-mun] ep1 b19440 loss=3.546
[ft-mun] ep1 b19460 loss=3.358
[ft-mun] ep1 b19480 loss=3.604
[ft-mun] ep1 b19500 loss=2.729
[ft-mun] ep1 b19520 loss=4.289
[ft-mun] ep1 b19540 loss=4.602
[ft-mun] ep1 b19560 loss=3.180
[ft-mun] ep1 b19580 loss=4.414
[ft-mun] ep1 b19600 loss=2.951
[ft-mun] ep1 b19620 loss=3.594
[ft-mun] ep1 b19640 loss=3.152
[ft-mun] ep1 b19660 loss=3.008
[ft-mun] ep1 b19680 loss=3.085
[ft-mun] ep1 b19700 loss=3.141
[ft-mun] ep1 b19720 loss=2.883
[ft-mun] ep1 b19740 loss=3.327
[ft-mun] ep1 b19760 loss=3.202
[ft-mun] ep1 b19780 loss=2.967
[ft-mun] ep1 b19800 loss=2.573
[ft-mun] ep1 b19820 loss=4.059
[ft-mun] ep1 b19840 loss=2.866
[ft-mun] ep1 b19860 loss=3.964
[ft-mun] ep1 b19880 loss=3.083
[ft-mun] ep1 b19900 loss=3.347
[ft-mun] ep1 b19920 loss=4.039
[ft-mun] ep1 b19940 loss=3.004
[ft-mun] ep1 b19960 loss=2.673
[ft-mun] ep1 b19980 loss=3.890
[ft-mun] ep1 b20000 loss=2.766
[ft-mun] ep1 b20020 loss=2.963
[ft-mun] ep1 b20040 loss=4.681
[ft-mun] ep1 b20060 loss=4.284
[ft-mun] ep1 b20080 loss=5.350
[ft-mun] ep1 b20100 loss=3.316
[ft-mun] ep1 b20120 loss=3.475
[ft-mun] ep1 b20140 loss=3.574
[ft-mun] ep1 b20160 loss=3.571
[ft-mun] ep1 b20180 loss=3.108
[ft-mun] ep1 b20200 loss=3.546
[ft-mun] ep1 b20220 loss=4.125
[ft-mun] ep1 b20240 loss=3.420
[ft-mun] ep1 b20260 loss=3.400
[ft-mun] ep1 b20280 loss=3.369
[ft-mun] ep1 b20300 loss=3.051
[ft-mun] ep1 b20320 loss=3.230
[ft-mun] ep1 b20340 loss=2.760
[ft-mun] ep1 b20360 loss=3.705
[ft-mun] ep1 b20380 loss=4.361
[ft-mun] ep1 b20400 loss=4.276
[ft-mun] ep1 b20420 loss=2.923
[ft-mun] ep1 b20440 loss=5.922
[ft-mun] ep1 b20460 loss=3.728
[ft-mun] ep1 b20480 loss=3.040
[ft-mun] ep1 b20500 loss=3.457
[ft-mun] ep1 b20520 loss=4.169
[ft-mun] ep1 b20540 loss=3.160
[ft-mun] ep1 b20560 loss=2.621
[ft-mun] ep1 b20580 loss=5.078
[ft-mun] ep1 b20600 loss=3.016
[ft-mun] ep1 b20620 loss=3.622
[ft-mun] ep1 b20640 loss=2.932
[ft-mun] ep1 b20660 loss=3.529
[ft-mun] ep1 b20680 loss=3.636
[ft-mun] ep1 b20700 loss=4.159
[ft-mun] ep1 b20720 loss=4.913
[ft-mun] ep1 b20740 loss=2.732
[ft-mun] ep1 b20760 loss=3.651
[ft-mun] ep1 b20780 loss=2.698
[ft-mun] ep1 b20800 loss=3.780
[ft-mun] ep1 b20820 loss=3.855
[ft-mun] ep1 b20840 loss=3.060
[ft-mun] ep1 b20860 loss=3.760
[ft-mun] ep1 b20880 loss=2.795
[ft-mun] ep1 b20900 loss=3.002
[ft-mun] ep1 b20920 loss=2.933
[ft-mun] ep1 b20940 loss=4.288
[ft-mun] ep1 b20960 loss=4.111
[ft-mun] ep1 b20980 loss=3.416
[ft-mun] ep1 b21000 loss=3.167
[ft-mun] ep1 b21020 loss=2.782
[ft-mun] ep1 b21040 loss=4.278
[ft-mun] ep1 b21060 loss=3.248
[ft-mun] ep1 b21080 loss=4.004
[ft-mun] ep1 b21100 loss=2.803
[ft-mun] ep1 b21120 loss=2.672
[ft-mun] ep1 b21140 loss=4.572
[ft-mun] ep1 b21160 loss=4.516
[ft-mun] ep1 b21180 loss=3.865
[ft-mun] ep1 b21200 loss=2.707
[ft-mun] ep1 b21220 loss=3.032
[ft-mun] ep1 b21240 loss=2.697
[ft-mun] ep1 b21260 loss=3.789
[ft-mun] ep1 b21280 loss=3.485
[ft-mun] ep1 b21300 loss=3.650
[ft-mun] ep1 b21320 loss=4.368
[ft-mun] ep1 b21340 loss=3.205
[ft-mun] ep1 b21360 loss=5.263
[ft-mun] ep1 b21380 loss=4.240
[ft-mun] ep1 b21400 loss=4.122
[ft-mun] ep1 b21420 loss=3.751
[ft-mun] ep1 b21440 loss=3.021
[ft-mun] ep1 b21460 loss=4.714
[ft-mun] ep1 b21480 loss=5.426
[ft-mun] ep1 b21500 loss=3.133
[ft-mun] ep1 b21520 loss=3.619
[ft-mun] ep1 b21540 loss=3.242
[ft-mun] ep1 b21560 loss=4.734
[ft-mun] ep1 b21580 loss=2.908
[ft-mun] ep1 b21600 loss=4.389
[ft-mun] ep1 b21620 loss=3.800
[ft-mun] ep1 b21640 loss=4.988
[ft-mun] ep1 b21660 loss=4.619
[ft-mun] ep1 b21680 loss=3.646
[ft-mun] ep1 b21700 loss=4.495
[ft-mun] ep1 b21720 loss=3.301
[ft-mun] ep1 b21740 loss=3.480
[ft-mun] ep1 b21760 loss=3.486
[ft-mun] ep1 b21780 loss=4.774
[ft-mun] ep1 b21800 loss=3.029
[ft-mun] ep1 b21820 loss=3.109
[ft-mun] ep1 b21840 loss=2.951
[ft-mun] ep1 b21860 loss=3.092
[ft-mun] ep1 b21880 loss=5.030
[ft-mun] ep1 b21900 loss=5.008
[ft-mun] ep1 b21920 loss=3.895
[ft-mun] ep1 b21940 loss=3.447
[ft-mun] ep1 b21960 loss=3.761
[ft-mun] ep1 b21980 loss=2.913
[ft-mun] ep1 b22000 loss=4.389
[ft-mun] ep1 b22020 loss=2.858
[ft-mun] ep1 b22040 loss=3.655
[ft-mun] ep1 b22060 loss=3.142
[ft-mun] ep1 b22080 loss=3.495
[ft-mun] ep1 b22100 loss=3.919
[ft-mun] ep1 b22120 loss=2.691
[ft-mun] ep1 b22140 loss=4.202
[ft-mun] ep1 b22160 loss=3.734
[ft-mun] ep1 b22180 loss=3.183
[ft-mun] ep1 b22200 loss=3.178
[ft-mun] ep1 b22220 loss=4.395
[ft-mun] ep1 b22240 loss=3.092
[ft-mun] ep1 b22260 loss=3.560
[ft-mun] ep1 b22280 loss=4.324
[ft-mun] ep1 b22300 loss=3.334
[ft-mun] ep1 b22320 loss=3.997
[ft-mun] ep1 b22340 loss=3.010
[ft-mun] ep1 b22360 loss=4.582
[ft-mun] ep1 b22380 loss=3.009
[ft-mun] ep1 b22400 loss=3.133
[ft-mun] ep1 b22420 loss=3.327
[ft-mun] ep1 b22440 loss=3.742
[ft-mun] ep1 b22460 loss=2.965
[ft-mun] ep1 b22480 loss=4.152
[ft-mun] ep1 b22500 loss=5.351
/home/clutch/Desktop/Vachak/ml/translation/scripts/finetune_mundari.py:213: FutureWarning: `torch.cuda.amp.autocast(args...)` is deprecated. Please use `torch.amp.autocast('cuda', args...)` instead.
  with torch.cuda.amp.autocast(dtype=torch.float16):
[ft-mun] ep1 train_loss=3.736 dev_loss=3.561
[ft-mun] ep2 b0 loss=4.548
[ft-mun] ep2 b20 loss=4.174
[ft-mun] ep2 b40 loss=2.982
[ft-mun] ep2 b60 loss=2.830
[ft-mun] ep2 b80 loss=2.939
[ft-mun] ep2 b100 loss=2.752
[ft-mun] ep2 b120 loss=3.294
[ft-mun] ep2 b140 loss=3.282
[ft-mun] ep2 b160 loss=2.728
[ft-mun] ep2 b180 loss=3.408
[ft-mun] ep2 b200 loss=4.437
[ft-mun] ep2 b220 loss=3.146
[ft-mun] ep2 b240 loss=3.520
[ft-mun] ep2 b260 loss=3.809
[ft-mun] ep2 b280 loss=3.556
[ft-mun] ep2 b300 loss=3.032
[ft-mun] ep2 b320 loss=2.864
[ft-mun] ep2 b340 loss=2.994
[ft-mun] ep2 b360 loss=3.421
[ft-mun] ep2 b380 loss=3.297
[ft-mun] ep2 b400 loss=3.687
[ft-mun] ep2 b420 loss=5.293
[ft-mun] ep2 b440 loss=3.105
[ft-mun] ep2 b460 loss=4.614
[ft-mun] ep2 b480 loss=3.160
[ft-mun] ep2 b500 loss=3.588
[ft-mun] ep2 b520 loss=3.267
[ft-mun] ep2 b540 loss=2.967
[ft-mun] ep2 b560 loss=3.136
[ft-mun] ep2 b580 loss=2.894
[ft-mun] ep2 b600 loss=3.190
[ft-mun] ep2 b620 loss=2.692
[ft-mun] ep2 b640 loss=3.281
[ft-mun] ep2 b660 loss=5.046
[ft-mun] ep2 b680 loss=4.532
[ft-mun] ep2 b700 loss=3.218
[ft-mun] ep2 b720 loss=2.968
[ft-mun] ep2 b740 loss=4.399
[ft-mun] ep2 b760 loss=3.121
[ft-mun] ep2 b780 loss=4.188
[ft-mun] ep2 b800 loss=5.237
[ft-mun] ep2 b820 loss=2.696
[ft-mun] ep2 b840 loss=5.198
[ft-mun] ep2 b860 loss=2.920
[ft-mun] ep2 b880 loss=5.620
[ft-mun] ep2 b900 loss=3.194
[ft-mun] ep2 b920 loss=2.773
[ft-mun] ep2 b940 loss=3.999
[ft-mun] ep2 b960 loss=4.726
[ft-mun] ep2 b980 loss=5.327
[ft-mun] ep2 b1000 loss=3.357
[ft-mun] ep2 b1020 loss=5.752
[ft-mun] ep2 b1040 loss=5.163
[ft-mun] ep2 b1060 loss=4.933
[ft-mun] ep2 b1080 loss=3.439
[ft-mun] ep2 b1100 loss=3.044
[ft-mun] ep2 b1120 loss=3.509
[ft-mun] ep2 b1140 loss=3.341
[ft-mun] ep2 b1160 loss=4.541
[ft-mun] ep2 b1180 loss=2.662
[ft-mun] ep2 b1200 loss=5.016
[ft-mun] ep2 b1220 loss=4.849
[ft-mun] ep2 b1240 loss=4.415
[ft-mun] ep2 b1260 loss=2.897
[ft-mun] ep2 b1280 loss=3.244
[ft-mun] ep2 b1300 loss=3.612
[ft-mun] ep2 b1320 loss=2.922
[ft-mun] ep2 b1340 loss=2.889
[ft-mun] ep2 b1360 loss=5.761
[ft-mun] ep2 b1380 loss=3.164
[ft-mun] ep2 b1400 loss=4.703
[ft-mun] ep2 b1420 loss=5.171
[ft-mun] ep2 b1440 loss=2.916
[ft-mun] ep2 b1460 loss=4.815
[ft-mun] ep2 b1480 loss=4.890
[ft-mun] ep2 b1500 loss=3.280
[ft-mun] ep2 b1520 loss=3.431
[ft-mun] ep2 b1540 loss=3.708
[ft-mun] ep2 b1560 loss=2.778
[ft-mun] ep2 b1580 loss=3.832
[ft-mun] ep2 b1600 loss=3.169
[ft-mun] ep2 b1620 loss=2.967
[ft-mun] ep2 b1640 loss=3.910
[ft-mun] ep2 b1660 loss=5.357
[ft-mun] ep2 b1680 loss=4.398
[ft-mun] ep2 b1700 loss=3.877
[ft-mun] ep2 b1720 loss=3.739
[ft-mun] ep2 b1740 loss=3.121
[ft-mun] ep2 b1760 loss=3.466
[ft-mun] ep2 b1780 loss=3.681
[ft-mun] ep2 b1800 loss=3.413
[ft-mun] ep2 b1820 loss=2.956
[ft-mun] ep2 b1840 loss=3.637
[ft-mun] ep2 b1860 loss=3.247
[ft-mun] ep2 b1880 loss=3.376
[ft-mun] ep2 b1900 loss=3.366
[ft-mun] ep2 b1920 loss=4.446
[ft-mun] ep2 b1940 loss=3.713
[ft-mun] ep2 b1960 loss=3.208
[ft-mun] ep2 b1980 loss=2.792
[ft-mun] ep2 b2000 loss=2.654
[ft-mun] ep2 b2020 loss=3.474
[ft-mun] ep2 b2040 loss=3.354
[ft-mun] ep2 b2060 loss=3.505
[ft-mun] ep2 b2080 loss=2.841
[ft-mun] ep2 b2100 loss=3.555
[ft-mun] ep2 b2120 loss=4.113
[ft-mun] ep2 b2140 loss=2.939
[ft-mun] ep2 b2160 loss=3.635
[ft-mun] ep2 b2180 loss=2.886
[ft-mun] ep2 b2200 loss=2.989
[ft-mun] ep2 b2220 loss=3.499
[ft-mun] ep2 b2240 loss=3.134
[ft-mun] ep2 b2260 loss=3.473
[ft-mun] ep2 b2280 loss=2.774
[ft-mun] ep2 b2300 loss=3.316
[ft-mun] ep2 b2320 loss=3.392
[ft-mun] ep2 b2340 loss=2.872
[ft-mun] ep2 b2360 loss=4.188
[ft-mun] ep2 b2380 loss=4.463
[ft-mun] ep2 b2400 loss=3.550
[ft-mun] ep2 b2420 loss=2.962
[ft-mun] ep2 b2440 loss=3.642
[ft-mun] ep2 b2460 loss=3.101
[ft-mun] ep2 b2480 loss=5.793
[ft-mun] ep2 b2500 loss=2.858
[ft-mun] ep2 b2520 loss=3.528
[ft-mun] ep2 b2540 loss=5.128
[ft-mun] ep2 b2560 loss=3.670
[ft-mun] ep2 b2580 loss=3.194
[ft-mun] ep2 b2600 loss=2.882
[ft-mun] ep2 b2620 loss=3.877
[ft-mun] ep2 b2640 loss=3.772
[ft-mun] ep2 b2660 loss=5.311
[ft-mun] ep2 b2680 loss=3.248
[ft-mun] ep2 b2700 loss=2.931
[ft-mun] ep2 b2720 loss=3.043
[ft-mun] ep2 b2740 loss=3.365
[ft-mun] ep2 b2760 loss=3.558
[ft-mun] ep2 b2780 loss=2.872
[ft-mun] ep2 b2800 loss=3.007
[ft-mun] ep2 b2820 loss=3.616
[ft-mun] ep2 b2840 loss=3.288
[ft-mun] ep2 b2860 loss=2.572
[ft-mun] ep2 b2880 loss=4.245
[ft-mun] ep2 b2900 loss=3.597
[ft-mun] ep2 b2920 loss=4.168
[ft-mun] ep2 b2940 loss=4.703
[ft-mun] ep2 b2960 loss=3.006
[ft-mun] ep2 b2980 loss=3.169
[ft-mun] ep2 b3000 loss=4.185
[ft-mun] ep2 b3020 loss=2.975
[ft-mun] ep2 b3040 loss=4.397
[ft-mun] ep2 b3060 loss=3.391
[ft-mun] ep2 b3080 loss=3.018
[ft-mun] ep2 b3100 loss=4.638
[ft-mun] ep2 b3120 loss=3.330
[ft-mun] ep2 b3140 loss=4.044
[ft-mun] ep2 b3160 loss=2.749
[ft-mun] ep2 b3180 loss=4.617
[ft-mun] ep2 b3200 loss=3.897
[ft-mun] ep2 b3220 loss=2.855
[ft-mun] ep2 b3240 loss=3.608
[ft-mun] ep2 b3260 loss=4.339
[ft-mun] ep2 b3280 loss=5.868
[ft-mun] ep2 b3300 loss=4.430
[ft-mun] ep2 b3320 loss=4.770
[ft-mun] ep2 b3340 loss=3.434
[ft-mun] ep2 b3360 loss=3.392
[ft-mun] ep2 b3380 loss=2.662
[ft-mun] ep2 b3400 loss=3.211
[ft-mun] ep2 b3420 loss=2.987
[ft-mun] ep2 b3440 loss=4.309
[ft-mun] ep2 b3460 loss=3.425
[ft-mun] ep2 b3480 loss=4.142
[ft-mun] ep2 b3500 loss=3.101
[ft-mun] ep2 b3520 loss=3.539
[ft-mun] ep2 b3540 loss=3.915
[ft-mun] ep2 b3560 loss=2.887
[ft-mun] ep2 b3580 loss=2.842
[ft-mun] ep2 b3600 loss=3.066
[ft-mun] ep2 b3620 loss=3.437
[ft-mun] ep2 b3640 loss=4.145
[ft-mun] ep2 b3660 loss=3.365
[ft-mun] ep2 b3680 loss=3.515
[ft-mun] ep2 b3700 loss=3.939
[ft-mun] ep2 b3720 loss=2.926
[ft-mun] ep2 b3740 loss=3.053
[ft-mun] ep2 b3760 loss=2.810
[ft-mun] ep2 b3780 loss=5.379
[ft-mun] ep2 b3800 loss=3.846
[ft-mun] ep2 b3820 loss=4.946
[ft-mun] ep2 b3840 loss=3.242
[ft-mun] ep2 b3860 loss=3.240
[ft-mun] ep2 b3880 loss=3.643
[ft-mun] ep2 b3900 loss=2.789
[ft-mun] ep2 b3920 loss=5.570
[ft-mun] ep2 b3940 loss=3.562
[ft-mun] ep2 b3960 loss=5.208
[ft-mun] ep2 b3980 loss=3.386
[ft-mun] ep2 b4000 loss=3.273
[ft-mun] ep2 b4020 loss=2.824
[ft-mun] ep2 b4040 loss=4.481
[ft-mun] ep2 b4060 loss=3.415
[ft-mun] ep2 b4080 loss=3.486
[ft-mun] ep2 b4100 loss=3.169
[ft-mun] ep2 b4120 loss=2.716
[ft-mun] ep2 b4140 loss=3.952
[ft-mun] ep2 b4160 loss=2.728
[ft-mun] ep2 b4180 loss=2.639
[ft-mun] ep2 b4200 loss=3.585
[ft-mun] ep2 b4220 loss=4.086
[ft-mun] ep2 b4240 loss=3.316
[ft-mun] ep2 b4260 loss=5.155
[ft-mun] ep2 b4280 loss=3.241
[ft-mun] ep2 b4300 loss=2.873
[ft-mun] ep2 b4320 loss=3.526
[ft-mun] ep2 b4340 loss=2.699
[ft-mun] ep2 b4360 loss=3.132
[ft-mun] ep2 b4380 loss=3.505
[ft-mun] ep2 b4400 loss=3.166
[ft-mun] ep2 b4420 loss=3.782
[ft-mun] ep2 b4440 loss=4.565
[ft-mun] ep2 b4460 loss=3.259
[ft-mun] ep2 b4480 loss=5.086
[ft-mun] ep2 b4500 loss=5.908
[ft-mun] ep2 b4520 loss=3.721
[ft-mun] ep2 b4540 loss=3.331
[ft-mun] ep2 b4560 loss=2.875
[ft-mun] ep2 b4580 loss=5.472
[ft-mun] ep2 b4600 loss=3.400
[ft-mun] ep2 b4620 loss=2.921
[ft-mun] ep2 b4640 loss=2.962
[ft-mun] ep2 b4660 loss=2.622
[ft-mun] ep2 b4680 loss=2.761
[ft-mun] ep2 b4700 loss=2.995
[ft-mun] ep2 b4720 loss=5.711
[ft-mun] ep2 b4740 loss=2.652
[ft-mun] ep2 b4760 loss=3.139
[ft-mun] ep2 b4780 loss=3.171
[ft-mun] ep2 b4800 loss=2.672
[ft-mun] ep2 b4820 loss=3.594
[ft-mun] ep2 b4840 loss=2.899
[ft-mun] ep2 b4860 loss=3.032
[ft-mun] ep2 b4880 loss=4.422
[ft-mun] ep2 b4900 loss=2.932
[ft-mun] ep2 b4920 loss=4.176
[ft-mun] ep2 b4940 loss=3.253
[ft-mun] ep2 b4960 loss=3.311
[ft-mun] ep2 b4980 loss=2.938
[ft-mun] ep2 b5000 loss=3.203
[ft-mun] ep2 b5020 loss=3.032
[ft-mun] ep2 b5040 loss=3.564
[ft-mun] ep2 b5060 loss=3.679
[ft-mun] ep2 b5080 loss=3.965
[ft-mun] ep2 b5100 loss=3.305
[ft-mun] ep2 b5120 loss=3.423
[ft-mun] ep2 b5140 loss=3.780
[ft-mun] ep2 b5160 loss=3.461
[ft-mun] ep2 b5180 loss=4.647
[ft-mun] ep2 b5200 loss=4.243
[ft-mun] ep2 b5220 loss=2.762
[ft-mun] ep2 b5240 loss=4.516
[ft-mun] ep2 b5260 loss=3.213
[ft-mun] ep2 b5280 loss=3.927
[ft-mun] ep2 b5300 loss=5.427
[ft-mun] ep2 b5320 loss=3.680
[ft-mun] ep2 b5340 loss=3.396
[ft-mun] ep2 b5360 loss=4.927
[ft-mun] ep2 b5380 loss=5.057
[ft-mun] ep2 b5400 loss=3.130
[ft-mun] ep2 b5420 loss=3.121
[ft-mun] ep2 b5440 loss=3.029
[ft-mun] ep2 b5460 loss=5.023
[ft-mun] ep2 b5480 loss=4.245
[ft-mun] ep2 b5500 loss=3.908
[ft-mun] ep2 b5520 loss=2.857
[ft-mun] ep2 b5540 loss=3.158
[ft-mun] ep2 b5560 loss=3.049
[ft-mun] ep2 b5580 loss=2.895
[ft-mun] ep2 b5600 loss=3.495
[ft-mun] ep2 b5620 loss=4.411
[ft-mun] ep2 b5640 loss=3.515
[ft-mun] ep2 b5660 loss=2.620
[ft-mun] ep2 b5680 loss=3.033
[ft-mun] ep2 b5700 loss=3.235
[ft-mun] ep2 b5720 loss=3.869
[ft-mun] ep2 b5740 loss=4.837
[ft-mun] ep2 b5760 loss=2.929
[ft-mun] ep2 b5780 loss=3.667
[ft-mun] ep2 b5800 loss=3.417
[ft-mun] ep2 b5820 loss=2.940
[ft-mun] ep2 b5840 loss=3.457
[ft-mun] ep2 b5860 loss=5.258
[ft-mun] ep2 b5880 loss=3.291
[ft-mun] ep2 b5900 loss=4.709
[ft-mun] ep2 b5920 loss=3.024
[ft-mun] ep2 b5940 loss=3.101
[ft-mun] ep2 b5960 loss=2.871
[ft-mun] ep2 b5980 loss=2.700
[ft-mun] ep2 b6000 loss=2.755
[ft-mun] ep2 b6020 loss=3.042
[ft-mun] ep2 b6040 loss=4.211
[ft-mun] ep2 b6060 loss=3.171
[ft-mun] ep2 b6080 loss=3.705
[ft-mun] ep2 b6100 loss=2.700
[ft-mun] ep2 b6120 loss=3.216
[ft-mun] ep2 b6140 loss=4.350
[ft-mun] ep2 b6160 loss=3.040
[ft-mun] ep2 b6180 loss=5.642
[ft-mun] ep2 b6200 loss=3.018
[ft-mun] ep2 b6220 loss=3.173
[ft-mun] ep2 b6240 loss=3.031
[ft-mun] ep2 b6260 loss=3.406
[ft-mun] ep2 b6280 loss=4.037
[ft-mun] ep2 b6300 loss=3.463
[ft-mun] ep2 b6320 loss=4.810
[ft-mun] ep2 b6340 loss=3.875
[ft-mun] ep2 b6360 loss=3.328
[ft-mun] ep2 b6380 loss=4.117
[ft-mun] ep2 b6400 loss=3.603
[ft-mun] ep2 b6420 loss=2.647
[ft-mun] ep2 b6440 loss=4.644
[ft-mun] ep2 b6460 loss=3.460
[ft-mun] ep2 b6480 loss=2.741
[ft-mun] ep2 b6500 loss=3.558
[ft-mun] ep2 b6520 loss=4.068
[ft-mun] ep2 b6540 loss=2.823
[ft-mun] ep2 b6560 loss=3.291
[ft-mun] ep2 b6580 loss=4.838
[ft-mun] ep2 b6600 loss=2.910
[ft-mun] ep2 b6620 loss=3.339
[ft-mun] ep2 b6640 loss=4.153
[ft-mun] ep2 b6660 loss=2.913
[ft-mun] ep2 b6680 loss=4.087
[ft-mun] ep2 b6700 loss=3.880
[ft-mun] ep2 b6720 loss=3.560
[ft-mun] ep2 b6740 loss=3.605
[ft-mun] ep2 b6760 loss=4.458
[ft-mun] ep2 b6780 loss=3.356
[ft-mun] ep2 b6800 loss=2.935
[ft-mun] ep2 b6820 loss=4.402
[ft-mun] ep2 b6840 loss=3.004
[ft-mun] ep2 b6860 loss=3.855
[ft-mun] ep2 b6880 loss=3.990
[ft-mun] ep2 b6900 loss=3.000
[ft-mun] ep2 b6920 loss=3.548
[ft-mun] ep2 b6940 loss=4.254
[ft-mun] ep2 b6960 loss=5.905
[ft-mun] ep2 b6980 loss=3.126
[ft-mun] ep2 b7000 loss=2.926
[ft-mun] ep2 b7020 loss=3.095
[ft-mun] ep2 b7040 loss=3.579
[ft-mun] ep2 b7060 loss=3.230
[ft-mun] ep2 b7080 loss=2.803
[ft-mun] ep2 b7100 loss=3.250
[ft-mun] ep2 b7120 loss=3.121
[ft-mun] ep2 b7140 loss=3.212
[ft-mun] ep2 b7160 loss=4.050
[ft-mun] ep2 b7180 loss=3.315
[ft-mun] ep2 b7200 loss=2.970
[ft-mun] ep2 b7220 loss=4.771
[ft-mun] ep2 b7240 loss=3.253
[ft-mun] ep2 b7260 loss=5.425
[ft-mun] ep2 b7280 loss=2.582
[ft-mun] ep2 b7300 loss=2.977
[ft-mun] ep2 b7320 loss=4.575
[ft-mun] ep2 b7340 loss=3.174
[ft-mun] ep2 b7360 loss=3.264
[ft-mun] ep2 b7380 loss=2.560
[ft-mun] ep2 b7400 loss=4.186
[ft-mun] ep2 b7420 loss=3.077
[ft-mun] ep2 b7440 loss=3.444
[ft-mun] ep2 b7460 loss=3.400
[ft-mun] ep2 b7480 loss=3.680
[ft-mun] ep2 b7500 loss=3.375
[ft-mun] ep2 b7520 loss=2.906
[ft-mun] ep2 b7540 loss=2.703
[ft-mun] ep2 b7560 loss=3.808
[ft-mun] ep2 b7580 loss=3.325
[ft-mun] ep2 b7600 loss=3.256
[ft-mun] ep2 b7620 loss=2.997
[ft-mun] ep2 b7640 loss=3.023
[ft-mun] ep2 b7660 loss=3.605
[ft-mun] ep2 b7680 loss=3.436
[ft-mun] ep2 b7700 loss=3.734
[ft-mun] ep2 b7720 loss=2.764
[ft-mun] ep2 b7740 loss=2.960
[ft-mun] ep2 b7760 loss=4.402
[ft-mun] ep2 b7780 loss=5.711
[ft-mun] ep2 b7800 loss=2.640
[ft-mun] ep2 b7820 loss=3.339
[ft-mun] ep2 b7840 loss=3.331
[ft-mun] ep2 b7860 loss=2.703
[ft-mun] ep2 b7880 loss=3.016
[ft-mun] ep2 b7900 loss=3.155
[ft-mun] ep2 b7920 loss=3.641
[ft-mun] ep2 b7940 loss=3.387
[ft-mun] ep2 b7960 loss=4.647
[ft-mun] ep2 b7980 loss=3.274
[ft-mun] ep2 b8000 loss=4.129
[ft-mun] ep2 b8020 loss=4.016
[ft-mun] ep2 b8040 loss=4.804
[ft-mun] ep2 b8060 loss=3.589
[ft-mun] ep2 b8080 loss=2.858
[ft-mun] ep2 b8100 loss=2.792
[ft-mun] ep2 b8120 loss=5.556
[ft-mun] ep2 b8140 loss=3.926
[ft-mun] ep2 b8160 loss=3.576
[ft-mun] ep2 b8180 loss=3.145
[ft-mun] ep2 b8200 loss=2.675
[ft-mun] ep2 b8220 loss=3.572
[ft-mun] ep2 b8240 loss=2.652
[ft-mun] ep2 b8260 loss=4.268
[ft-mun] ep2 b8280 loss=4.229
[ft-mun] ep2 b8300 loss=3.265
[ft-mun] ep2 b8320 loss=3.646
[ft-mun] ep2 b8340 loss=2.930
[ft-mun] ep2 b8360 loss=4.262
[ft-mun] ep2 b8380 loss=3.691
[ft-mun] ep2 b8400 loss=4.809
[ft-mun] ep2 b8420 loss=5.588
[ft-mun] ep2 b8440 loss=3.057
[ft-mun] ep2 b8460 loss=3.393
[ft-mun] ep2 b8480 loss=2.662
[ft-mun] ep2 b8500 loss=3.403
[ft-mun] ep2 b8520 loss=2.895
[ft-mun] ep2 b8540 loss=3.240
[ft-mun] ep2 b8560 loss=2.680
[ft-mun] ep2 b8580 loss=5.384
[ft-mun] ep2 b8600 loss=3.196
[ft-mun] ep2 b8620 loss=3.153
[ft-mun] ep2 b8640 loss=2.869
[ft-mun] ep2 b8660 loss=3.401
[ft-mun] ep2 b8680 loss=3.087
[ft-mun] ep2 b8700 loss=3.731
[ft-mun] ep2 b8720 loss=3.585
[ft-mun] ep2 b8740 loss=3.067
[ft-mun] ep2 b8760 loss=3.353
[ft-mun] ep2 b8780 loss=3.755
[ft-mun] ep2 b8800 loss=4.506
[ft-mun] ep2 b8820 loss=4.006
[ft-mun] ep2 b8840 loss=3.637
[ft-mun] ep2 b8860 loss=2.499
[ft-mun] ep2 b8880 loss=3.537
[ft-mun] ep2 b8900 loss=3.665
[ft-mun] ep2 b8920 loss=3.553
[ft-mun] ep2 b8940 loss=3.481
[ft-mun] ep2 b8960 loss=2.967
[ft-mun] ep2 b8980 loss=3.788
[ft-mun] ep2 b9000 loss=4.364
[ft-mun] ep2 b9020 loss=5.763
[ft-mun] ep2 b9040 loss=3.076
[ft-mun] ep2 b9060 loss=2.821
[ft-mun] ep2 b9080 loss=5.694
[ft-mun] ep2 b9100 loss=3.113
[ft-mun] ep2 b9120 loss=4.974
[ft-mun] ep2 b9140 loss=3.738
[ft-mun] ep2 b9160 loss=3.792
[ft-mun] ep2 b9180 loss=2.875
[ft-mun] ep2 b9200 loss=3.536
[ft-mun] ep2 b9220 loss=2.808
[ft-mun] ep2 b9240 loss=3.095
[ft-mun] ep2 b9260 loss=4.221
[ft-mun] ep2 b9280 loss=3.106
[ft-mun] ep2 b9300 loss=3.310
[ft-mun] ep2 b9320 loss=3.049
[ft-mun] ep2 b9340 loss=3.205
[ft-mun] ep2 b9360 loss=4.765
[ft-mun] ep2 b9380 loss=3.254
[ft-mun] ep2 b9400 loss=5.269
[ft-mun] ep2 b9420 loss=4.827
[ft-mun] ep2 b9440 loss=4.179
[ft-mun] ep2 b9460 loss=4.142
[ft-mun] ep2 b9480 loss=3.193
[ft-mun] ep2 b9500 loss=3.077
[ft-mun] ep2 b9520 loss=3.165
[ft-mun] ep2 b9540 loss=2.652
[ft-mun] ep2 b9560 loss=3.697
[ft-mun] ep2 b9580 loss=3.367
[ft-mun] ep2 b9600 loss=4.709
[ft-mun] ep2 b9620 loss=3.664
[ft-mun] ep2 b9640 loss=5.812
[ft-mun] ep2 b9660 loss=5.057
[ft-mun] ep2 b9680 loss=3.302
[ft-mun] ep2 b9700 loss=3.584
[ft-mun] ep2 b9720 loss=6.212
[ft-mun] ep2 b9740 loss=3.208
[ft-mun] ep2 b9760 loss=2.567
[ft-mun] ep2 b9780 loss=2.789
[ft-mun] ep2 b9800 loss=4.542
[ft-mun] ep2 b9820 loss=2.707
[ft-mun] ep2 b9840 loss=4.554
[ft-mun] ep2 b9860 loss=2.913
[ft-mun] ep2 b9880 loss=3.243
[ft-mun] ep2 b9900 loss=2.958
[ft-mun] ep2 b9920 loss=2.648
[ft-mun] ep2 b9940 loss=4.135
[ft-mun] ep2 b9960 loss=4.892
[ft-mun] ep2 b9980 loss=3.248
[ft-mun] ep2 b10000 loss=2.868
[ft-mun] ep2 b10020 loss=4.391
[ft-mun] ep2 b10040 loss=4.885
[ft-mun] ep2 b10060 loss=4.476
[ft-mun] ep2 b10080 loss=3.433
[ft-mun] ep2 b10100 loss=2.694
[ft-mun] ep2 b10120 loss=5.775
[ft-mun] ep2 b10140 loss=4.659
[ft-mun] ep2 b10160 loss=3.743
[ft-mun] ep2 b10180 loss=3.156
[ft-mun] ep2 b10200 loss=3.043
[ft-mun] ep2 b10220 loss=3.215
[ft-mun] ep2 b10240 loss=4.134
[ft-mun] ep2 b10260 loss=2.979
[ft-mun] ep2 b10280 loss=3.229
[ft-mun] ep2 b10300 loss=5.756
[ft-mun] ep2 b10320 loss=3.924
[ft-mun] ep2 b10340 loss=2.571
[ft-mun] ep2 b10360 loss=4.173
[ft-mun] ep2 b10380 loss=3.787
[ft-mun] ep2 b10400 loss=2.715
[ft-mun] ep2 b10420 loss=3.625
[ft-mun] ep2 b10440 loss=4.286
[ft-mun] ep2 b10460 loss=3.565
[ft-mun] ep2 b10480 loss=4.996
[ft-mun] ep2 b10500 loss=4.369
[ft-mun] ep2 b10520 loss=2.859
[ft-mun] ep2 b10540 loss=4.171
[ft-mun] ep2 b10560 loss=3.410
[ft-mun] ep2 b10580 loss=2.924
[ft-mun] ep2 b10600 loss=3.413
[ft-mun] ep2 b10620 loss=3.083
[ft-mun] ep2 b10640 loss=2.895
[ft-mun] ep2 b10660 loss=4.272
[ft-mun] ep2 b10680 loss=2.950
[ft-mun] ep2 b10700 loss=3.436
[ft-mun] ep2 b10720 loss=5.819
[ft-mun] ep2 b10740 loss=2.839
[ft-mun] ep2 b10760 loss=3.830
[ft-mun] ep2 b10780 loss=3.944
[ft-mun] ep2 b10800 loss=3.611
[ft-mun] ep2 b10820 loss=3.515
[ft-mun] ep2 b10840 loss=3.113
[ft-mun] ep2 b10860 loss=2.733
[ft-mun] ep2 b10880 loss=3.269
[ft-mun] ep2 b10900 loss=4.832
[ft-mun] ep2 b10920 loss=4.183
[ft-mun] ep2 b10940 loss=3.878
[ft-mun] ep2 b10960 loss=3.693
[ft-mun] ep2 b10980 loss=3.350
[ft-mun] ep2 b11000 loss=3.413
[ft-mun] ep2 b11020 loss=4.462
[ft-mun] ep2 b11040 loss=4.013
[ft-mun] ep2 b11060 loss=4.703
[ft-mun] ep2 b11080 loss=2.908
[ft-mun] ep2 b11100 loss=3.920
[ft-mun] ep2 b11120 loss=2.536
[ft-mun] ep2 b11140 loss=3.274
[ft-mun] ep2 b11160 loss=3.713
[ft-mun] ep2 b11180 loss=2.845
[ft-mun] ep2 b11200 loss=2.855
[ft-mun] ep2 b11220 loss=3.038
[ft-mun] ep2 b11240 loss=3.106
[ft-mun] ep2 b11260 loss=2.960
[ft-mun] ep2 b11280 loss=3.564
[ft-mun] ep2 b11300 loss=3.869
[ft-mun] ep2 b11320 loss=3.982
[ft-mun] ep2 b11340 loss=2.874
[ft-mun] ep2 b11360 loss=4.318
[ft-mun] ep2 b11380 loss=4.131
[ft-mun] ep2 b11400 loss=3.337
[ft-mun] ep2 b11420 loss=3.714
[ft-mun] ep2 b11440 loss=2.562
[ft-mun] ep2 b11460 loss=4.694
[ft-mun] ep2 b11480 loss=3.000
[ft-mun] ep2 b11500 loss=3.299
[ft-mun] ep2 b11520 loss=3.072
[ft-mun] ep2 b11540 loss=3.106
[ft-mun] ep2 b11560 loss=2.590
[ft-mun] ep2 b11580 loss=4.434
[ft-mun] ep2 b11600 loss=3.452
[ft-mun] ep2 b11620 loss=3.789
[ft-mun] ep2 b11640 loss=3.597
[ft-mun] ep2 b11660 loss=4.247
[ft-mun] ep2 b11680 loss=3.232
[ft-mun] ep2 b11700 loss=4.312
[ft-mun] ep2 b11720 loss=3.317
[ft-mun] ep2 b11740 loss=4.505
[ft-mun] ep2 b11760 loss=3.723
[ft-mun] ep2 b11780 loss=4.831
[ft-mun] ep2 b11800 loss=3.162
[ft-mun] ep2 b11820 loss=3.369
[ft-mun] ep2 b11840 loss=3.260
[ft-mun] ep2 b11860 loss=3.817
[ft-mun] ep2 b11880 loss=3.456
[ft-mun] ep2 b11900 loss=3.581
[ft-mun] ep2 b11920 loss=3.956
[ft-mun] ep2 b11940 loss=3.004
[ft-mun] ep2 b11960 loss=3.265
[ft-mun] ep2 b11980 loss=3.284
[ft-mun] ep2 b12000 loss=4.223
[ft-mun] ep2 b12020 loss=3.941
[ft-mun] ep2 b12040 loss=3.615
[ft-mun] ep2 b12060 loss=4.451
[ft-mun] ep2 b12080 loss=3.544
[ft-mun] ep2 b12100 loss=3.335
[ft-mun] ep2 b12120 loss=4.453
[ft-mun] ep2 b12140 loss=3.034
[ft-mun] ep2 b12160 loss=3.879
[ft-mun] ep2 b12180 loss=2.669
[ft-mun] ep2 b12200 loss=3.646
[ft-mun] ep2 b12220 loss=4.219
[ft-mun] ep2 b12240 loss=4.380
[ft-mun] ep2 b12260 loss=3.170
[ft-mun] ep2 b12280 loss=3.035
[ft-mun] ep2 b12300 loss=3.309
[ft-mun] ep2 b12320 loss=2.786
[ft-mun] ep2 b12340 loss=2.897
[ft-mun] ep2 b12360 loss=3.401
[ft-mun] ep2 b12380 loss=3.580
[ft-mun] ep2 b12400 loss=3.215
[ft-mun] ep2 b12420 loss=4.057
[ft-mun] ep2 b12440 loss=3.233
[ft-mun] ep2 b12460 loss=3.363
[ft-mun] ep2 b12480 loss=5.046
[ft-mun] ep2 b12500 loss=3.223
[ft-mun] ep2 b12520 loss=3.295
[ft-mun] ep2 b12540 loss=4.785
[ft-mun] ep2 b12560 loss=3.391
[ft-mun] ep2 b12580 loss=4.590
[ft-mun] ep2 b12600 loss=4.410
[ft-mun] ep2 b12620 loss=2.850
[ft-mun] ep2 b12640 loss=3.307
[ft-mun] ep2 b12660 loss=2.804
[ft-mun] ep2 b12680 loss=5.756
[ft-mun] ep2 b12700 loss=5.323
[ft-mun] ep2 b12720 loss=3.655
[ft-mun] ep2 b12740 loss=3.399
[ft-mun] ep2 b12760 loss=3.111
[ft-mun] ep2 b12780 loss=3.051
[ft-mun] ep2 b12800 loss=3.521
[ft-mun] ep2 b12820 loss=2.954
[ft-mun] ep2 b12840 loss=2.808
[ft-mun] ep2 b12860 loss=3.482
[ft-mun] ep2 b12880 loss=3.283
[ft-mun] ep2 b12900 loss=3.271
[ft-mun] ep2 b12920 loss=2.905
[ft-mun] ep2 b12940 loss=3.559
[ft-mun] ep2 b12960 loss=4.901
[ft-mun] ep2 b12980 loss=2.857
[ft-mun] ep2 b13000 loss=3.052
[ft-mun] ep2 b13020 loss=3.485
[ft-mun] ep2 b13040 loss=4.189
[ft-mun] ep2 b13060 loss=3.601
[ft-mun] ep2 b13080 loss=2.833
[ft-mun] ep2 b13100 loss=2.657
[ft-mun] ep2 b13120 loss=3.983
[ft-mun] ep2 b13140 loss=2.984
[ft-mun] ep2 b13160 loss=3.432
[ft-mun] ep2 b13180 loss=3.235
[ft-mun] ep2 b13200 loss=3.138
[ft-mun] ep2 b13220 loss=3.157
[ft-mun] ep2 b13240 loss=3.280
[ft-mun] ep2 b13260 loss=3.222
[ft-mun] ep2 b13280 loss=2.647
[ft-mun] ep2 b13300 loss=3.213
[ft-mun] ep2 b13320 loss=3.528
[ft-mun] ep2 b13340 loss=3.340
[ft-mun] ep2 b13360 loss=2.703
[ft-mun] ep2 b13380 loss=3.090
[ft-mun] ep2 b13400 loss=2.899
[ft-mun] ep2 b13420 loss=4.977
[ft-mun] ep2 b13440 loss=2.896
[ft-mun] ep2 b13460 loss=3.056
[ft-mun] ep2 b13480 loss=3.979
[ft-mun] ep2 b13500 loss=2.576
[ft-mun] ep2 b13520 loss=2.738
[ft-mun] ep2 b13540 loss=3.628
[ft-mun] ep2 b13560 loss=3.347
[ft-mun] ep2 b13580 loss=3.051
[ft-mun] ep2 b13600 loss=3.192
[ft-mun] ep2 b13620 loss=3.359
[ft-mun] ep2 b13640 loss=3.115
[ft-mun] ep2 b13660 loss=3.782
[ft-mun] ep2 b13680 loss=3.143
[ft-mun] ep2 b13700 loss=4.252
[ft-mun] ep2 b13720 loss=2.732
[ft-mun] ep2 b13740 loss=3.265
[ft-mun] ep2 b13760 loss=4.291
[ft-mun] ep2 b13780 loss=2.826
[ft-mun] ep2 b13800 loss=2.781
[ft-mun] ep2 b13820 loss=2.969
[ft-mun] ep2 b13840 loss=3.416
[ft-mun] ep2 b13860 loss=3.664
[ft-mun] ep2 b13880 loss=5.463
[ft-mun] ep2 b13900 loss=2.952
[ft-mun] ep2 b13920 loss=2.495
[ft-mun] ep2 b13940 loss=3.146
[ft-mun] ep2 b13960 loss=3.161
[ft-mun] ep2 b13980 loss=3.059
[ft-mun] ep2 b14000 loss=5.610
[ft-mun] ep2 b14020 loss=2.729
[ft-mun] ep2 b14040 loss=3.859
[ft-mun] ep2 b14060 loss=3.356
[ft-mun] ep2 b14080 loss=3.549
[ft-mun] ep2 b14100 loss=3.298
[ft-mun] ep2 b14120 loss=2.734
[ft-mun] ep2 b14140 loss=2.831
[ft-mun] ep2 b14160 loss=3.242
[ft-mun] ep2 b14180 loss=2.685
[ft-mun] ep2 b14200 loss=2.848
[ft-mun] ep2 b14220 loss=3.484
[ft-mun] ep2 b14240 loss=4.657
[ft-mun] ep2 b14260 loss=2.805
[ft-mun] ep2 b14280 loss=3.364
[ft-mun] ep2 b14300 loss=3.764
[ft-mun] ep2 b14320 loss=3.123
[ft-mun] ep2 b14340 loss=2.592
[ft-mun] ep2 b14360 loss=4.798
[ft-mun] ep2 b14380 loss=3.329
[ft-mun] ep2 b14400 loss=2.774
[ft-mun] ep2 b14420 loss=3.029
[ft-mun] ep2 b14440 loss=3.471
[ft-mun] ep2 b14460 loss=3.808
[ft-mun] ep2 b14480 loss=2.758
[ft-mun] ep2 b14500 loss=3.604
[ft-mun] ep2 b14520 loss=3.096
[ft-mun] ep2 b14540 loss=3.355
[ft-mun] ep2 b14560 loss=3.605
[ft-mun] ep2 b14580 loss=2.647
[ft-mun] ep2 b14600 loss=2.917
[ft-mun] ep2 b14620 loss=3.820
[ft-mun] ep2 b14640 loss=2.795
[ft-mun] ep2 b14660 loss=2.691
[ft-mun] ep2 b14680 loss=3.370
[ft-mun] ep2 b14700 loss=3.319
[ft-mun] ep2 b14720 loss=4.967
[ft-mun] ep2 b14740 loss=3.531
[ft-mun] ep2 b14760 loss=2.513
[ft-mun] ep2 b14780 loss=3.968
[ft-mun] ep2 b14800 loss=3.111
[ft-mun] ep2 b14820 loss=3.145
[ft-mun] ep2 b14840 loss=2.896
[ft-mun] ep2 b14860 loss=2.639
[ft-mun] ep2 b14880 loss=4.095
[ft-mun] ep2 b14900 loss=2.850
[ft-mun] ep2 b14920 loss=3.780
[ft-mun] ep2 b14940 loss=4.318
[ft-mun] ep2 b14960 loss=3.202
[ft-mun] ep2 b14980 loss=3.081
[ft-mun] ep2 b15000 loss=2.742
[ft-mun] ep2 b15020 loss=2.898
[ft-mun] ep2 b15040 loss=4.502
[ft-mun] ep2 b15060 loss=2.904
[ft-mun] ep2 b15080 loss=3.331
[ft-mun] ep2 b15100 loss=4.014
[ft-mun] ep2 b15120 loss=2.834
[ft-mun] ep2 b15140 loss=4.045
[ft-mun] ep2 b15160 loss=2.805
[ft-mun] ep2 b15180 loss=3.931
[ft-mun] ep2 b15200 loss=4.071
[ft-mun] ep2 b15220 loss=3.172
[ft-mun] ep2 b15240 loss=2.718
[ft-mun] ep2 b15260 loss=3.540
[ft-mun] ep2 b15280 loss=3.262
[ft-mun] ep2 b15300 loss=3.091
[ft-mun] ep2 b15320 loss=3.511
[ft-mun] ep2 b15340 loss=3.552
[ft-mun] ep2 b15360 loss=2.646
[ft-mun] ep2 b15380 loss=2.901
[ft-mun] ep2 b15400 loss=3.441
[ft-mun] ep2 b15420 loss=3.798
[ft-mun] ep2 b15440 loss=2.956
[ft-mun] ep2 b15460 loss=3.754
[ft-mun] ep2 b15480 loss=2.973
[ft-mun] ep2 b15500 loss=3.609
[ft-mun] ep2 b15520 loss=3.464
[ft-mun] ep2 b15540 loss=4.357
[ft-mun] ep2 b15560 loss=2.892
[ft-mun] ep2 b15580 loss=2.706
[ft-mun] ep2 b15600 loss=3.275
[ft-mun] ep2 b15620 loss=2.894
[ft-mun] ep2 b15640 loss=3.210
[ft-mun] ep2 b15660 loss=3.244
[ft-mun] ep2 b15680 loss=2.835
[ft-mun] ep2 b15700 loss=4.490
[ft-mun] ep2 b15720 loss=3.485
[ft-mun] ep2 b15740 loss=4.103
[ft-mun] ep2 b15760 loss=3.234
[ft-mun] ep2 b15780 loss=3.165
[ft-mun] ep2 b15800 loss=4.985
[ft-mun] ep2 b15820 loss=4.253
[ft-mun] ep2 b15840 loss=4.838
[ft-mun] ep2 b15860 loss=3.268
[ft-mun] ep2 b15880 loss=3.406
[ft-mun] ep2 b15900 loss=4.205
[ft-mun] ep2 b15920 loss=3.307
[ft-mun] ep2 b15940 loss=3.529
[ft-mun] ep2 b15960 loss=2.756
[ft-mun] ep2 b15980 loss=2.836
[ft-mun] ep2 b16000 loss=2.814
[ft-mun] ep2 b16020 loss=2.908
[ft-mun] ep2 b16040 loss=3.133
[ft-mun] ep2 b16060 loss=3.358
[ft-mun] ep2 b16080 loss=3.012
[ft-mun] ep2 b16100 loss=2.999
[ft-mun] ep2 b16120 loss=2.810
[ft-mun] ep2 b16140 loss=2.800
[ft-mun] ep2 b16160 loss=5.254
[ft-mun] ep2 b16180 loss=5.913
[ft-mun] ep2 b16200 loss=2.623
[ft-mun] ep2 b16220 loss=3.345
[ft-mun] ep2 b16240 loss=4.490
[ft-mun] ep2 b16260 loss=4.044
[ft-mun] ep2 b16280 loss=3.364
[ft-mun] ep2 b16300 loss=5.017
[ft-mun] ep2 b16320 loss=2.926
[ft-mun] ep2 b16340 loss=3.912
[ft-mun] ep2 b16360 loss=3.041
[ft-mun] ep2 b16380 loss=3.274
[ft-mun] ep2 b16400 loss=4.675
[ft-mun] ep2 b16420 loss=3.171
[ft-mun] ep2 b16440 loss=3.110
[ft-mun] ep2 b16460 loss=4.890
[ft-mun] ep2 b16480 loss=3.948
[ft-mun] ep2 b16500 loss=5.349
[ft-mun] ep2 b16520 loss=2.818
[ft-mun] ep2 b16540 loss=3.449
[ft-mun] ep2 b16560 loss=3.685
[ft-mun] ep2 b16580 loss=2.859
[ft-mun] ep2 b16600 loss=2.990
[ft-mun] ep2 b16620 loss=4.694
[ft-mun] ep2 b16640 loss=4.094
[ft-mun] ep2 b16660 loss=2.920
[ft-mun] ep2 b16680 loss=4.863
[ft-mun] ep2 b16700 loss=3.450
[ft-mun] ep2 b16720 loss=3.205
[ft-mun] ep2 b16740 loss=3.060
[ft-mun] ep2 b16760 loss=2.698
[ft-mun] ep2 b16780 loss=2.847
[ft-mun] ep2 b16800 loss=4.374
[ft-mun] ep2 b16820 loss=3.580
[ft-mun] ep2 b16840 loss=2.736
[ft-mun] ep2 b16860 loss=3.622
[ft-mun] ep2 b16880 loss=2.679
[ft-mun] ep2 b16900 loss=2.591
[ft-mun] ep2 b16920 loss=3.362
[ft-mun] ep2 b16940 loss=3.314
[ft-mun] ep2 b16960 loss=3.140
[ft-mun] ep2 b16980 loss=3.785
[ft-mun] ep2 b17000 loss=3.323
[ft-mun] ep2 b17020 loss=3.654
[ft-mun] ep2 b17040 loss=3.039
[ft-mun] ep2 b17060 loss=2.817
[ft-mun] ep2 b17080 loss=3.056
[ft-mun] ep2 b17100 loss=4.270
[ft-mun] ep2 b17120 loss=3.291
[ft-mun] ep2 b17140 loss=5.581
[ft-mun] ep2 b17160 loss=3.644
[ft-mun] ep2 b17180 loss=3.494
[ft-mun] ep2 b17200 loss=5.240
[ft-mun] ep2 b17220 loss=3.662
[ft-mun] ep2 b17240 loss=2.809
[ft-mun] ep2 b17260 loss=3.650
[ft-mun] ep2 b17280 loss=5.117
[ft-mun] ep2 b17300 loss=3.400
[ft-mun] ep2 b17320 loss=2.705
[ft-mun] ep2 b17340 loss=3.570
[ft-mun] ep2 b17360 loss=3.125
[ft-mun] ep2 b17380 loss=3.540
[ft-mun] ep2 b17400 loss=2.594
[ft-mun] ep2 b17420 loss=4.391
[ft-mun] ep2 b17440 loss=2.625
[ft-mun] ep2 b17460 loss=4.094
[ft-mun] ep2 b17480 loss=4.978
[ft-mun] ep2 b17500 loss=3.757
[ft-mun] ep2 b17520 loss=3.138
[ft-mun] ep2 b17540 loss=2.991
[ft-mun] ep2 b17560 loss=4.221
[ft-mun] ep2 b17580 loss=4.279
[ft-mun] ep2 b17600 loss=3.264
[ft-mun] ep2 b17620 loss=3.607
[ft-mun] ep2 b17640 loss=3.291
[ft-mun] ep2 b17660 loss=3.037
[ft-mun] ep2 b17680 loss=4.198
[ft-mun] ep2 b17700 loss=2.438
[ft-mun] ep2 b17720 loss=3.269
[ft-mun] ep2 b17740 loss=3.337
[ft-mun] ep2 b17760 loss=4.395
[ft-mun] ep2 b17780 loss=2.795
[ft-mun] ep2 b17800 loss=2.616
[ft-mun] ep2 b17820 loss=4.601
[ft-mun] ep2 b17840 loss=3.397
[ft-mun] ep2 b17860 loss=3.755
[ft-mun] ep2 b17880 loss=5.189
[ft-mun] ep2 b17900 loss=3.864
[ft-mun] ep2 b17920 loss=3.686
[ft-mun] ep2 b17940 loss=3.756
[ft-mun] ep2 b17960 loss=3.674
[ft-mun] ep2 b17980 loss=3.006
[ft-mun] ep2 b18000 loss=3.301
[ft-mun] ep2 b18020 loss=3.653
[ft-mun] ep2 b18040 loss=2.746
[ft-mun] ep2 b18060 loss=3.104
[ft-mun] ep2 b18080 loss=3.193
[ft-mun] ep2 b18100 loss=4.048
[ft-mun] ep2 b18120 loss=3.929
[ft-mun] ep2 b18140 loss=2.959
[ft-mun] ep2 b18160 loss=3.191
[ft-mun] ep2 b18180 loss=4.279
[ft-mun] ep2 b18200 loss=2.893
[ft-mun] ep2 b18220 loss=3.202
[ft-mun] ep2 b18240 loss=3.710
[ft-mun] ep2 b18260 loss=3.045
[ft-mun] ep2 b18280 loss=3.060
[ft-mun] ep2 b18300 loss=2.992
[ft-mun] ep2 b18320 loss=3.445
[ft-mun] ep2 b18340 loss=3.698
[ft-mun] ep2 b18360 loss=4.921
[ft-mun] ep2 b18380 loss=3.620
[ft-mun] ep2 b18400 loss=4.869
[ft-mun] ep2 b18420 loss=3.395
[ft-mun] ep2 b18440 loss=2.850
[ft-mun] ep2 b18460 loss=3.434
[ft-mun] ep2 b18480 loss=3.751
[ft-mun] ep2 b18500 loss=3.635
[ft-mun] ep2 b18520 loss=2.632
[ft-mun] ep2 b18540 loss=2.951
[ft-mun] ep2 b18560 loss=2.939
[ft-mun] ep2 b18580 loss=5.284
[ft-mun] ep2 b18600 loss=4.494
[ft-mun] ep2 b18620 loss=4.506
[ft-mun] ep2 b18640 loss=3.015
[ft-mun] ep2 b18660 loss=3.571
[ft-mun] ep2 b18680 loss=3.409
[ft-mun] ep2 b18700 loss=3.384
[ft-mun] ep2 b18720 loss=2.538
[ft-mun] ep2 b18740 loss=4.127
[ft-mun] ep2 b18760 loss=5.383
[ft-mun] ep2 b18780 loss=3.965
[ft-mun] ep2 b18800 loss=3.755
[ft-mun] ep2 b18820 loss=4.729
[ft-mun] ep2 b18840 loss=3.012
[ft-mun] ep2 b18860 loss=3.727
[ft-mun] ep2 b18880 loss=3.105
[ft-mun] ep2 b18900 loss=3.041
[ft-mun] ep2 b18920 loss=3.420
[ft-mun] ep2 b18940 loss=3.640
[ft-mun] ep2 b18960 loss=3.423
[ft-mun] ep2 b18980 loss=3.011
[ft-mun] ep2 b19000 loss=2.910
[ft-mun] ep2 b19020 loss=5.905
[ft-mun] ep2 b19040 loss=3.065
[ft-mun] ep2 b19060 loss=3.134
[ft-mun] ep2 b19080 loss=4.442
[ft-mun] ep2 b19100 loss=2.738
[ft-mun] ep2 b19120 loss=3.171
[ft-mun] ep2 b19140 loss=2.982
[ft-mun] ep2 b19160 loss=3.111
[ft-mun] ep2 b19180 loss=6.196
[ft-mun] ep2 b19200 loss=2.860
[ft-mun] ep2 b19220 loss=3.280
[ft-mun] ep2 b19240 loss=3.058
[ft-mun] ep2 b19260 loss=3.636
[ft-mun] ep2 b19280 loss=3.293
[ft-mun] ep2 b19300 loss=3.852
[ft-mun] ep2 b19320 loss=3.306
[ft-mun] ep2 b19340 loss=2.749
[ft-mun] ep2 b19360 loss=3.045
[ft-mun] ep2 b19380 loss=4.837
[ft-mun] ep2 b19400 loss=3.704
[ft-mun] ep2 b19420 loss=3.427
[ft-mun] ep2 b19440 loss=3.534
[ft-mun] ep2 b19460 loss=3.043
[ft-mun] ep2 b19480 loss=3.011
[ft-mun] ep2 b19500 loss=4.953
[ft-mun] ep2 b19520 loss=3.347
[ft-mun] ep2 b19540 loss=4.243
[ft-mun] ep2 b19560 loss=4.398
[ft-mun] ep2 b19580 loss=3.199
[ft-mun] ep2 b19600 loss=3.128
[ft-mun] ep2 b19620 loss=3.278
[ft-mun] ep2 b19640 loss=3.157
[ft-mun] ep2 b19660 loss=2.736
[ft-mun] ep2 b19680 loss=2.821
[ft-mun] ep2 b19700 loss=2.576
[ft-mun] ep2 b19720 loss=3.794
[ft-mun] ep2 b19740 loss=4.893
[ft-mun] ep2 b19760 loss=2.955
[ft-mun] ep2 b19780 loss=3.440
[ft-mun] ep2 b19800 loss=2.576
[ft-mun] ep2 b19820 loss=2.538
[ft-mun] ep2 b19840 loss=4.952
[ft-mun] ep2 b19860 loss=2.563
[ft-mun] ep2 b19880 loss=4.739
[ft-mun] ep2 b19900 loss=3.694
[ft-mun] ep2 b19920 loss=3.035
[ft-mun] ep2 b19940 loss=2.733
[ft-mun] ep2 b19960 loss=3.354
[ft-mun] ep2 b19980 loss=3.084
[ft-mun] ep2 b20000 loss=3.764
[ft-mun] ep2 b20020 loss=4.460
[ft-mun] ep2 b20040 loss=3.222
[ft-mun] ep2 b20060 loss=3.708
[ft-mun] ep2 b20080 loss=3.020
[ft-mun] ep2 b20100 loss=3.101
[ft-mun] ep2 b20120 loss=3.473
[ft-mun] ep2 b20140 loss=3.082
[ft-mun] ep2 b20160 loss=3.247
[ft-mun] ep2 b20180 loss=4.049
[ft-mun] ep2 b20200 loss=3.327
[ft-mun] ep2 b20220 loss=3.247
[ft-mun] ep2 b20240 loss=2.961
[ft-mun] ep2 b20260 loss=5.265
[ft-mun] ep2 b20280 loss=3.836
[ft-mun] ep2 b20300 loss=3.019
[ft-mun] ep2 b20320 loss=2.846
[ft-mun] ep2 b20340 loss=3.351
[ft-mun] ep2 b20360 loss=3.285
[ft-mun] ep2 b20380 loss=2.648
[ft-mun] ep2 b20400 loss=2.596
[ft-mun] ep2 b20420 loss=5.560
[ft-mun] ep2 b20440 loss=2.922
[ft-mun] ep2 b20460 loss=4.089
[ft-mun] ep2 b20480 loss=2.817
[ft-mun] ep2 b20500 loss=3.540
[ft-mun] ep2 b20520 loss=3.559
[ft-mun] ep2 b20540 loss=3.524
[ft-mun] ep2 b20560 loss=2.890
[ft-mun] ep2 b20580 loss=3.332
[ft-mun] ep2 b20600 loss=2.928
[ft-mun] ep2 b20620 loss=3.495
[ft-mun] ep2 b20640 loss=5.197
[ft-mun] ep2 b20660 loss=3.419
[ft-mun] ep2 b20680 loss=4.198
[ft-mun] ep2 b20700 loss=3.445
[ft-mun] ep2 b20720 loss=3.235
[ft-mun] ep2 b20740 loss=2.922
[ft-mun] ep2 b20760 loss=3.427
[ft-mun] ep2 b20780 loss=4.335
[ft-mun] ep2 b20800 loss=5.690
[ft-mun] ep2 b20820 loss=2.845
[ft-mun] ep2 b20840 loss=3.909
[ft-mun] ep2 b20860 loss=3.507
[ft-mun] ep2 b20880 loss=4.296
[ft-mun] ep2 b20900 loss=3.817
[ft-mun] ep2 b20920 loss=2.863
[ft-mun] ep2 b20940 loss=3.429
[ft-mun] ep2 b20960 loss=3.296
[ft-mun] ep2 b20980 loss=3.002
[ft-mun] ep2 b21000 loss=3.737
[ft-mun] ep2 b21020 loss=3.276
[ft-mun] ep2 b21040 loss=3.128
[ft-mun] ep2 b21060 loss=3.864
[ft-mun] ep2 b21080 loss=3.313
[ft-mun] ep2 b21100 loss=2.901
[ft-mun] ep2 b21120 loss=2.993
[ft-mun] ep2 b21140 loss=3.607
[ft-mun] ep2 b21160 loss=3.651
[ft-mun] ep2 b21180 loss=3.402
[ft-mun] ep2 b21200 loss=3.908
[ft-mun] ep2 b21220 loss=3.030
[ft-mun] ep2 b21240 loss=3.804
[ft-mun] ep2 b21260 loss=3.497
[ft-mun] ep2 b21280 loss=3.338
[ft-mun] ep2 b21300 loss=3.553
[ft-mun] ep2 b21320 loss=5.351
[ft-mun] ep2 b21340 loss=5.178
[ft-mun] ep2 b21360 loss=4.653
[ft-mun] ep2 b21380 loss=3.526
[ft-mun] ep2 b21400 loss=2.794
[ft-mun] ep2 b21420 loss=3.342
[ft-mun] ep2 b21440 loss=3.917
[ft-mun] ep2 b21460 loss=4.859
[ft-mun] ep2 b21480 loss=4.525
[ft-mun] ep2 b21500 loss=3.692
[ft-mun] ep2 b21520 loss=2.553
[ft-mun] ep2 b21540 loss=4.515
[ft-mun] ep2 b21560 loss=3.032
[ft-mun] ep2 b21580 loss=4.095
[ft-mun] ep2 b21600 loss=3.658
[ft-mun] ep2 b21620 loss=2.846
[ft-mun] ep2 b21640 loss=3.110
[ft-mun] ep2 b21660 loss=3.789
[ft-mun] ep2 b21680 loss=4.388
[ft-mun] ep2 b21700 loss=2.925
[ft-mun] ep2 b21720 loss=3.321
[ft-mun] ep2 b21740 loss=4.226
[ft-mun] ep2 b21760 loss=3.244
[ft-mun] ep2 b21780 loss=3.687
[ft-mun] ep2 b21800 loss=2.922
[ft-mun] ep2 b21820 loss=2.563
[ft-mun] ep2 b21840 loss=2.902
[ft-mun] ep2 b21860 loss=5.098
[ft-mun] ep2 b21880 loss=2.853
[ft-mun] ep2 b21900 loss=4.100
[ft-mun] ep2 b21920 loss=3.397
[ft-mun] ep2 b21940 loss=3.084
[ft-mun] ep2 b21960 loss=3.615
[ft-mun] ep2 b21980 loss=4.699
[ft-mun] ep2 b22000 loss=2.892
[ft-mun] ep2 b22020 loss=4.135
[ft-mun] ep2 b22040 loss=3.364
[ft-mun] ep2 b22060 loss=3.323
[ft-mun] ep2 b22080 loss=2.464
[ft-mun] ep2 b22100 loss=4.247
[ft-mun] ep2 b22120 loss=2.822
[ft-mun] ep2 b22140 loss=4.769
[ft-mun] ep2 b22160 loss=3.444
[ft-mun] ep2 b22180 loss=4.039
[ft-mun] ep2 b22200 loss=5.701
[ft-mun] ep2 b22220 loss=3.289
[ft-mun] ep2 b22240 loss=2.934
[ft-mun] ep2 b22260 loss=3.185
[ft-mun] ep2 b22280 loss=2.764
[ft-mun] ep2 b22300 loss=3.109
[ft-mun] ep2 b22320 loss=2.994
[ft-mun] ep2 b22340 loss=4.463
[ft-mun] ep2 b22360 loss=3.900
[ft-mun] ep2 b22380 loss=3.085
[ft-mun] ep2 b22400 loss=6.420
[ft-mun] ep2 b22420 loss=5.003
[ft-mun] ep2 b22440 loss=3.048
[ft-mun] ep2 b22460 loss=3.790
[ft-mun] ep2 b22480 loss=2.782
[ft-mun] ep2 b22500 loss=2.912
[ft-mun] ep2 train_loss=3.551 dev_loss=3.454
[ft-mun] ep3 b0 loss=3.169
[ft-mun] ep3 b20 loss=3.691
[ft-mun] ep3 b40 loss=3.899
[ft-mun] ep3 b60 loss=3.946
[ft-mun] ep3 b80 loss=3.208
[ft-mun] ep3 b100 loss=2.999
[ft-mun] ep3 b120 loss=5.246
[ft-mun] ep3 b140 loss=2.873
[ft-mun] ep3 b160 loss=3.472
[ft-mun] ep3 b180 loss=3.060
[ft-mun] ep3 b200 loss=3.709
[ft-mun] ep3 b220 loss=2.960
[ft-mun] ep3 b240 loss=4.223
[ft-mun] ep3 b260 loss=3.444
[ft-mun] ep3 b280 loss=3.654
[ft-mun] ep3 b300 loss=3.006
[ft-mun] ep3 b320 loss=2.710
[ft-mun] ep3 b340 loss=3.710
[ft-mun] ep3 b360 loss=2.710
[ft-mun] ep3 b380 loss=3.831
[ft-mun] ep3 b400 loss=3.437
[ft-mun] ep3 b420 loss=2.862
[ft-mun] ep3 b440 loss=2.790
[ft-mun] ep3 b460 loss=3.732
[ft-mun] ep3 b480 loss=3.737
[ft-mun] ep3 b500 loss=2.642
[ft-mun] ep3 b520 loss=3.283
[ft-mun] ep3 b540 loss=5.215
[ft-mun] ep3 b560 loss=3.784
[ft-mun] ep3 b580 loss=3.756
[ft-mun] ep3 b600 loss=4.389
[ft-mun] ep3 b620 loss=3.099
[ft-mun] ep3 b640 loss=4.561
[ft-mun] ep3 b660 loss=3.030
[ft-mun] ep3 b680 loss=4.183
[ft-mun] ep3 b700 loss=3.155
[ft-mun] ep3 b720 loss=2.899
[ft-mun] ep3 b740 loss=4.126
[ft-mun] ep3 b760 loss=4.166
[ft-mun] ep3 b780 loss=3.204
[ft-mun] ep3 b800 loss=3.236
[ft-mun] ep3 b820 loss=2.728
[ft-mun] ep3 b840 loss=2.905
[ft-mun] ep3 b860 loss=3.789
[ft-mun] ep3 b880 loss=3.405
[ft-mun] ep3 b900 loss=3.565
[ft-mun] ep3 b920 loss=4.317
[ft-mun] ep3 b940 loss=5.538
[ft-mun] ep3 b960 loss=2.409
[ft-mun] ep3 b980 loss=5.668
[ft-mun] ep3 b1000 loss=3.095
[ft-mun] ep3 b1020 loss=2.990
[ft-mun] ep3 b1040 loss=3.032
[ft-mun] ep3 b1060 loss=4.518
[ft-mun] ep3 b1080 loss=3.845
[ft-mun] ep3 b1100 loss=3.001
[ft-mun] ep3 b1120 loss=3.369
[ft-mun] ep3 b1140 loss=2.880
[ft-mun] ep3 b1160 loss=3.093
[ft-mun] ep3 b1180 loss=2.913
[ft-mun] ep3 b1200 loss=2.791
[ft-mun] ep3 b1220 loss=3.323
[ft-mun] ep3 b1240 loss=2.924
[ft-mun] ep3 b1260 loss=3.099
[ft-mun] ep3 b1280 loss=2.889
[ft-mun] ep3 b1300 loss=2.836
[ft-mun] ep3 b1320 loss=5.719
[ft-mun] ep3 b1340 loss=4.011
[ft-mun] ep3 b1360 loss=2.715
[ft-mun] ep3 b1380 loss=3.056
[ft-mun] ep3 b1400 loss=2.937
[ft-mun] ep3 b1420 loss=3.777
[ft-mun] ep3 b1440 loss=3.219
[ft-mun] ep3 b1460 loss=3.004
[ft-mun] ep3 b1480 loss=2.803
[ft-mun] ep3 b1500 loss=3.437
[ft-mun] ep3 b1520 loss=2.747
[ft-mun] ep3 b1540 loss=3.822
[ft-mun] ep3 b1560 loss=4.466
[ft-mun] ep3 b1580 loss=5.046
[ft-mun] ep3 b1600 loss=3.071
[ft-mun] ep3 b1620 loss=3.115
[ft-mun] ep3 b1640 loss=2.992
[ft-mun] ep3 b1660 loss=2.964
[ft-mun] ep3 b1680 loss=5.386
[ft-mun] ep3 b1700 loss=3.240
[ft-mun] ep3 b1720 loss=4.849
[ft-mun] ep3 b1740 loss=2.400
[ft-mun] ep3 b1760 loss=5.361
[ft-mun] ep3 b1780 loss=3.273
[ft-mun] ep3 b1800 loss=3.713
[ft-mun] ep3 b1820 loss=2.904
[ft-mun] ep3 b1840 loss=4.358
[ft-mun] ep3 b1860 loss=3.129
[ft-mun] ep3 b1880 loss=4.397
[ft-mun] ep3 b1900 loss=4.222
[ft-mun] ep3 b1920 loss=3.933
[ft-mun] ep3 b1940 loss=3.201
[ft-mun] ep3 b1960 loss=3.410
[ft-mun] ep3 b1980 loss=2.797
[ft-mun] ep3 b2000 loss=2.576
[ft-mun] ep3 b2020 loss=2.823
[ft-mun] ep3 b2040 loss=3.385
[ft-mun] ep3 b2060 loss=3.726
[ft-mun] ep3 b2080 loss=2.751
[ft-mun] ep3 b2100 loss=3.149
[ft-mun] ep3 b2120 loss=3.003
[ft-mun] ep3 b2140 loss=2.796
[ft-mun] ep3 b2160 loss=2.806
[ft-mun] ep3 b2180 loss=2.486
[ft-mun] ep3 b2200 loss=3.737
[ft-mun] ep3 b2220 loss=4.558
[ft-mun] ep3 b2240 loss=4.579
[ft-mun] ep3 b2260 loss=2.951
[ft-mun] ep3 b2280 loss=3.852
[ft-mun] ep3 b2300 loss=3.304
[ft-mun] ep3 b2320 loss=2.928
[ft-mun] ep3 b2340 loss=3.153
[ft-mun] ep3 b2360 loss=3.787
[ft-mun] ep3 b2380 loss=3.009
[ft-mun] ep3 b2400 loss=3.254
[ft-mun] ep3 b2420 loss=3.483
[ft-mun] ep3 b2440 loss=4.828
[ft-mun] ep3 b2460 loss=3.211
[ft-mun] ep3 b2480 loss=3.890
[ft-mun] ep3 b2500 loss=4.395
[ft-mun] ep3 b2520 loss=3.091
[ft-mun] ep3 b2540 loss=4.375
[ft-mun] ep3 b2560 loss=2.508
[ft-mun] ep3 b2580 loss=4.029
[ft-mun] ep3 b2600 loss=3.075
[ft-mun] ep3 b2620 loss=3.389
[ft-mun] ep3 b2640 loss=2.845
[ft-mun] ep3 b2660 loss=2.949
[ft-mun] ep3 b2680 loss=2.794
[ft-mun] ep3 b2700 loss=3.008
[ft-mun] ep3 b2720 loss=4.322
[ft-mun] ep3 b2740 loss=4.058
[ft-mun] ep3 b2760 loss=4.470
[ft-mun] ep3 b2780 loss=2.965
[ft-mun] ep3 b2800 loss=4.909
[ft-mun] ep3 b2820 loss=3.202
[ft-mun] ep3 b2840 loss=2.950
[ft-mun] ep3 b2860 loss=3.722
[ft-mun] ep3 b2880 loss=3.937
[ft-mun] ep3 b2900 loss=3.820
[ft-mun] ep3 b2920 loss=2.808
[ft-mun] ep3 b2940 loss=3.461
[ft-mun] ep3 b2960 loss=3.287
[ft-mun] ep3 b2980 loss=3.532
[ft-mun] ep3 b3000 loss=3.412
[ft-mun] ep3 b3020 loss=3.339
[ft-mun] ep3 b3040 loss=3.067
[ft-mun] ep3 b3060 loss=3.007
[ft-mun] ep3 b3080 loss=3.072
[ft-mun] ep3 b3100 loss=2.922
[ft-mun] ep3 b3120 loss=2.863
[ft-mun] ep3 b3140 loss=3.026
[ft-mun] ep3 b3160 loss=3.691
[ft-mun] ep3 b3180 loss=2.900
[ft-mun] ep3 b3200 loss=2.663
[ft-mun] ep3 b3220 loss=3.933
[ft-mun] ep3 b3240 loss=3.227
[ft-mun] ep3 b3260 loss=2.543
[ft-mun] ep3 b3280 loss=3.929
[ft-mun] ep3 b3300 loss=4.405
[ft-mun] ep3 b3320 loss=2.823
[ft-mun] ep3 b3340 loss=3.050
[ft-mun] ep3 b3360 loss=2.903
[ft-mun] ep3 b3380 loss=3.060
[ft-mun] ep3 b3400 loss=3.471
[ft-mun] ep3 b3420 loss=3.522
[ft-mun] ep3 b3440 loss=4.067
[ft-mun] ep3 b3460 loss=3.073
[ft-mun] ep3 b3480 loss=3.238
[ft-mun] ep3 b3500 loss=2.293
[ft-mun] ep3 b3520 loss=2.706
[ft-mun] ep3 b3540 loss=3.420
[ft-mun] ep3 b3560 loss=3.451
[ft-mun] ep3 b3580 loss=5.199
[ft-mun] ep3 b3600 loss=2.774
[ft-mun] ep3 b3620 loss=3.294
[ft-mun] ep3 b3640 loss=4.791
[ft-mun] ep3 b3660 loss=2.665
[ft-mun] ep3 b3680 loss=2.408
[ft-mun] ep3 b3700 loss=2.891
[ft-mun] ep3 b3720 loss=2.600
[ft-mun] ep3 b3740 loss=3.006
[ft-mun] ep3 b3760 loss=3.406
[ft-mun] ep3 b3780 loss=3.829
[ft-mun] ep3 b3800 loss=3.537
[ft-mun] ep3 b3820 loss=2.727
[ft-mun] ep3 b3840 loss=3.133
[ft-mun] ep3 b3860 loss=2.809
[ft-mun] ep3 b3880 loss=6.001
[ft-mun] ep3 b3900 loss=3.515
[ft-mun] ep3 b3920 loss=5.246
[ft-mun] ep3 b3940 loss=2.752
[ft-mun] ep3 b3960 loss=2.502
[ft-mun] ep3 b3980 loss=2.701
[ft-mun] ep3 b4000 loss=2.678
[ft-mun] ep3 b4020 loss=3.157
[ft-mun] ep3 b4040 loss=2.760
[ft-mun] ep3 b4060 loss=3.492
[ft-mun] ep3 b4080 loss=3.132
[ft-mun] ep3 b4100 loss=3.145
[ft-mun] ep3 b4120 loss=2.914
[ft-mun] ep3 b4140 loss=2.797
[ft-mun] ep3 b4160 loss=3.012
[ft-mun] ep3 b4180 loss=4.279
[ft-mun] ep3 b4200 loss=3.602
[ft-mun] ep3 b4220 loss=3.396
[ft-mun] ep3 b4240 loss=2.727
[ft-mun] ep3 b4260 loss=2.620
[ft-mun] ep3 b4280 loss=3.027
[ft-mun] ep3 b4300 loss=4.538
[ft-mun] ep3 b4320 loss=2.798
[ft-mun] ep3 b4340 loss=3.213
[ft-mun] ep3 b4360 loss=3.358
[ft-mun] ep3 b4380 loss=3.650
[ft-mun] ep3 b4400 loss=5.420
[ft-mun] ep3 b4420 loss=2.789
[ft-mun] ep3 b4440 loss=3.551
[ft-mun] ep3 b4460 loss=3.103
[ft-mun] ep3 b4480 loss=4.439
[ft-mun] ep3 b4500 loss=3.487
[ft-mun] ep3 b4520 loss=2.829
[ft-mun] ep3 b4540 loss=5.108
[ft-mun] ep3 b4560 loss=2.937
[ft-mun] ep3 b4580 loss=4.355
[ft-mun] ep3 b4600 loss=2.710
[ft-mun] ep3 b4620 loss=2.698
[ft-mun] ep3 b4640 loss=2.965
[ft-mun] ep3 b4660 loss=4.171
[ft-mun] ep3 b4680 loss=4.636
[ft-mun] ep3 b4700 loss=3.070
[ft-mun] ep3 b4720 loss=2.902
[ft-mun] ep3 b4740 loss=3.179
[ft-mun] ep3 b4760 loss=3.181
[ft-mun] ep3 b4780 loss=2.569
[ft-mun] ep3 b4800 loss=2.720
[ft-mun] ep3 b4820 loss=6.045
[ft-mun] ep3 b4840 loss=2.768
[ft-mun] ep3 b4860 loss=3.936
[ft-mun] ep3 b4880 loss=5.437
[ft-mun] ep3 b4900 loss=3.052
[ft-mun] ep3 b4920 loss=2.778
[ft-mun] ep3 b4940 loss=2.639
[ft-mun] ep3 b4960 loss=3.156
[ft-mun] ep3 b4980 loss=3.078
[ft-mun] ep3 b5000 loss=4.756
[ft-mun] ep3 b5020 loss=4.887
[ft-mun] ep3 b5040 loss=2.807
[ft-mun] ep3 b5060 loss=4.154
[ft-mun] ep3 b5080 loss=2.683
[ft-mun] ep3 b5100 loss=2.973
[ft-mun] ep3 b5120 loss=3.452
[ft-mun] ep3 b5140 loss=3.232
[ft-mun] ep3 b5160 loss=4.626
[ft-mun] ep3 b5180 loss=3.945
[ft-mun] ep3 b5200 loss=2.868
[ft-mun] ep3 b5220 loss=4.039
[ft-mun] ep3 b5240 loss=3.691
[ft-mun] ep3 b5260 loss=2.967
[ft-mun] ep3 b5280 loss=5.018
[ft-mun] ep3 b5300 loss=2.727
[ft-mun] ep3 b5320 loss=3.158
[ft-mun] ep3 b5340 loss=2.888
[ft-mun] ep3 b5360 loss=4.423
[ft-mun] ep3 b5380 loss=3.212
[ft-mun] ep3 b5400 loss=3.291
[ft-mun] ep3 b5420 loss=2.616
[ft-mun] ep3 b5440 loss=2.988
[ft-mun] ep3 b5460 loss=2.691
[ft-mun] ep3 b5480 loss=4.084
[ft-mun] ep3 b5500 loss=3.186
[ft-mun] ep3 b5520 loss=3.261
[ft-mun] ep3 b5540 loss=3.224
[ft-mun] ep3 b5560 loss=3.727
[ft-mun] ep3 b5580 loss=2.859
[ft-mun] ep3 b5600 loss=2.820
[ft-mun] ep3 b5620 loss=2.353
[ft-mun] ep3 b5640 loss=4.580
[ft-mun] ep3 b5660 loss=2.899
[ft-mun] ep3 b5680 loss=5.023
[ft-mun] ep3 b5700 loss=3.829
[ft-mun] ep3 b5720 loss=4.018
[ft-mun] ep3 b5740 loss=2.633
[ft-mun] ep3 b5760 loss=3.035
[ft-mun] ep3 b5780 loss=4.279
[ft-mun] ep3 b5800 loss=3.467
[ft-mun] ep3 b5820 loss=2.973
[ft-mun] ep3 b5840 loss=4.236
[ft-mun] ep3 b5860 loss=3.047
[ft-mun] ep3 b5880 loss=4.212
[ft-mun] ep3 b5900 loss=2.829
[ft-mun] ep3 b5920 loss=3.300
[ft-mun] ep3 b5940 loss=5.702
[ft-mun] ep3 b5960 loss=2.970
[ft-mun] ep3 b5980 loss=2.359
[ft-mun] ep3 b6000 loss=4.076
[ft-mun] ep3 b6020 loss=3.845
[ft-mun] ep3 b6040 loss=2.792
[ft-mun] ep3 b6060 loss=3.842
[ft-mun] ep3 b6080 loss=3.624
[ft-mun] ep3 b6100 loss=3.234
[ft-mun] ep3 b6120 loss=3.980
[ft-mun] ep3 b6140 loss=4.091
[ft-mun] ep3 b6160 loss=2.905
[ft-mun] ep3 b6180 loss=3.183
[ft-mun] ep3 b6200 loss=2.507
[ft-mun] ep3 b6220 loss=4.076
[ft-mun] ep3 b6240 loss=3.704
[ft-mun] ep3 b6260 loss=2.936
[ft-mun] ep3 b6280 loss=2.948
[ft-mun] ep3 b6300 loss=2.893
[ft-mun] ep3 b6320 loss=3.147
[ft-mun] ep3 b6340 loss=3.260
[ft-mun] ep3 b6360 loss=2.815
[ft-mun] ep3 b6380 loss=2.592
[ft-mun] ep3 b6400 loss=4.600
[ft-mun] ep3 b6420 loss=4.929
[ft-mun] ep3 b6440 loss=3.439
[ft-mun] ep3 b6460 loss=2.765
[ft-mun] ep3 b6480 loss=3.341
[ft-mun] ep3 b6500 loss=2.949
[ft-mun] ep3 b6520 loss=3.792
[ft-mun] ep3 b6540 loss=5.116
[ft-mun] ep3 b6560 loss=2.944
[ft-mun] ep3 b6580 loss=4.619
[ft-mun] ep3 b6600 loss=3.181
[ft-mun] ep3 b6620 loss=3.069
[ft-mun] ep3 b6640 loss=3.203
[ft-mun] ep3 b6660 loss=3.524
[ft-mun] ep3 b6680 loss=2.801
[ft-mun] ep3 b6700 loss=3.812
[ft-mun] ep3 b6720 loss=5.095
[ft-mun] ep3 b6740 loss=2.558
[ft-mun] ep3 b6760 loss=6.031
[ft-mun] ep3 b6780 loss=4.933
[ft-mun] ep3 b6800 loss=4.035
[ft-mun] ep3 b6820 loss=2.826
[ft-mun] ep3 b6840 loss=2.957
[ft-mun] ep3 b6860 loss=2.701
[ft-mun] ep3 b6880 loss=3.876
[ft-mun] ep3 b6900 loss=5.464
[ft-mun] ep3 b6920 loss=3.274
[ft-mun] ep3 b6940 loss=3.554
[ft-mun] ep3 b6960 loss=2.897
[ft-mun] ep3 b6980 loss=3.323
[ft-mun] ep3 b7000 loss=4.926
[ft-mun] ep3 b7020 loss=5.490
[ft-mun] ep3 b7040 loss=3.266
[ft-mun] ep3 b7060 loss=2.796
[ft-mun] ep3 b7080 loss=3.025
[ft-mun] ep3 b7100 loss=3.571
[ft-mun] ep3 b7120 loss=2.945
[ft-mun] ep3 b7140 loss=3.507
[ft-mun] ep3 b7160 loss=2.976
[ft-mun] ep3 b7180 loss=4.017
[ft-mun] ep3 b7200 loss=2.602
[ft-mun] ep3 b7220 loss=3.176
[ft-mun] ep3 b7240 loss=3.238
[ft-mun] ep3 b7260 loss=4.711
[ft-mun] ep3 b7280 loss=2.604
[ft-mun] ep3 b7300 loss=3.185
[ft-mun] ep3 b7320 loss=2.995
[ft-mun] ep3 b7340 loss=3.210
[ft-mun] ep3 b7360 loss=4.983
[ft-mun] ep3 b7380 loss=3.125
[ft-mun] ep3 b7400 loss=5.317
[ft-mun] ep3 b7420 loss=2.797
[ft-mun] ep3 b7440 loss=3.706
[ft-mun] ep3 b7460 loss=2.420
[ft-mun] ep3 b7480 loss=2.818
[ft-mun] ep3 b7500 loss=4.191
[ft-mun] ep3 b7520 loss=2.869
[ft-mun] ep3 b7540 loss=3.006
[ft-mun] ep3 b7560 loss=2.813
[ft-mun] ep3 b7580 loss=2.946
[ft-mun] ep3 b7600 loss=3.453
[ft-mun] ep3 b7620 loss=3.144
[ft-mun] ep3 b7640 loss=3.452
[ft-mun] ep3 b7660 loss=3.367
[ft-mun] ep3 b7680 loss=3.031
[ft-mun] ep3 b7700 loss=3.588
[ft-mun] ep3 b7720 loss=3.169
[ft-mun] ep3 b7740 loss=3.780
[ft-mun] ep3 b7760 loss=3.223
[ft-mun] ep3 b7780 loss=3.129
[ft-mun] ep3 b7800 loss=4.600
[ft-mun] ep3 b7820 loss=4.881
[ft-mun] ep3 b7840 loss=2.677
[ft-mun] ep3 b7860 loss=3.509
[ft-mun] ep3 b7880 loss=2.513
[ft-mun] ep3 b7900 loss=3.019
[ft-mun] ep3 b7920 loss=3.346
[ft-mun] ep3 b7940 loss=3.426
[ft-mun] ep3 b7960 loss=4.104
[ft-mun] ep3 b7980 loss=3.025
[ft-mun] ep3 b8000 loss=2.889
[ft-mun] ep3 b8020 loss=3.872
[ft-mun] ep3 b8040 loss=2.765
[ft-mun] ep3 b8060 loss=3.633
[ft-mun] ep3 b8080 loss=3.230
[ft-mun] ep3 b8100 loss=2.943
[ft-mun] ep3 b8120 loss=2.691
[ft-mun] ep3 b8140 loss=3.229
[ft-mun] ep3 b8160 loss=3.720
[ft-mun] ep3 b8180 loss=3.262
[ft-mun] ep3 b8200 loss=4.475
[ft-mun] ep3 b8220 loss=2.701
[ft-mun] ep3 b8240 loss=4.283
[ft-mun] ep3 b8260 loss=4.857
[ft-mun] ep3 b8280 loss=2.370
[ft-mun] ep3 b8300 loss=2.853
[ft-mun] ep3 b8320 loss=2.772
[ft-mun] ep3 b8340 loss=2.714
[ft-mun] ep3 b8360 loss=2.412
[ft-mun] ep3 b8380 loss=2.304
[ft-mun] ep3 b8400 loss=3.108
[ft-mun] ep3 b8420 loss=3.602
[ft-mun] ep3 b8440 loss=4.453
[ft-mun] ep3 b8460 loss=4.069
[ft-mun] ep3 b8480 loss=3.141
[ft-mun] ep3 b8500 loss=3.245
[ft-mun] ep3 b8520 loss=4.873
[ft-mun] ep3 b8540 loss=2.651
[ft-mun] ep3 b8560 loss=3.045
[ft-mun] ep3 b8580 loss=2.407
[ft-mun] ep3 b8600 loss=3.105
[ft-mun] ep3 b8620 loss=5.906
[ft-mun] ep3 b8640 loss=4.882
[ft-mun] ep3 b8660 loss=2.848
[ft-mun] ep3 b8680 loss=2.777
[ft-mun] ep3 b8700 loss=3.631
[ft-mun] ep3 b8720 loss=4.423
[ft-mun] ep3 b8740 loss=4.482
[ft-mun] ep3 b8760 loss=3.038
[ft-mun] ep3 b8780 loss=2.629
[ft-mun] ep3 b8800 loss=3.816
[ft-mun] ep3 b8820 loss=2.593
[ft-mun] ep3 b8840 loss=2.347
[ft-mun] ep3 b8860 loss=2.844
[ft-mun] ep3 b8880 loss=2.820
[ft-mun] ep3 b8900 loss=3.003
[ft-mun] ep3 b8920 loss=4.297
[ft-mun] ep3 b8940 loss=3.145
[ft-mun] ep3 b8960 loss=2.808
[ft-mun] ep3 b8980 loss=3.830
[ft-mun] ep3 b9000 loss=4.157
[ft-mun] ep3 b9020 loss=2.356
[ft-mun] ep3 b9040 loss=5.652
[ft-mun] ep3 b9060 loss=3.003
[ft-mun] ep3 b9080 loss=3.462
[ft-mun] ep3 b9100 loss=2.905
[ft-mun] ep3 b9120 loss=2.592
[ft-mun] ep3 b9140 loss=2.573
[ft-mun] ep3 b9160 loss=4.745
[ft-mun] ep3 b9180 loss=3.620
[ft-mun] ep3 b9200 loss=2.823
[ft-mun] ep3 b9220 loss=2.805
[ft-mun] ep3 b9240 loss=5.287
[ft-mun] ep3 b9260 loss=3.578
[ft-mun] ep3 b9280 loss=3.157
[ft-mun] ep3 b9300 loss=2.878
[ft-mun] ep3 b9320 loss=3.760
[ft-mun] ep3 b9340 loss=2.644
[ft-mun] ep3 b9360 loss=4.137
[ft-mun] ep3 b9380 loss=5.670
[ft-mun] ep3 b9400 loss=3.468
[ft-mun] ep3 b9420 loss=3.011
[ft-mun] ep3 b9440 loss=3.160
[ft-mun] ep3 b9460 loss=4.541
[ft-mun] ep3 b9480 loss=2.848
[ft-mun] ep3 b9500 loss=2.951
[ft-mun] ep3 b9520 loss=3.823
[ft-mun] ep3 b9540 loss=3.167
[ft-mun] ep3 b9560 loss=3.481
[ft-mun] ep3 b9580 loss=2.509
[ft-mun] ep3 b9600 loss=4.318
[ft-mun] ep3 b9620 loss=3.938
[ft-mun] ep3 b9640 loss=3.306
[ft-mun] ep3 b9660 loss=2.915
[ft-mun] ep3 b9680 loss=3.225
[ft-mun] ep3 b9700 loss=3.673
[ft-mun] ep3 b9720 loss=3.642
[ft-mun] ep3 b9740 loss=3.287
[ft-mun] ep3 b9760 loss=2.718
[ft-mun] ep3 b9780 loss=3.337
[ft-mun] ep3 b9800 loss=3.118
[ft-mun] ep3 b9820 loss=3.517
[ft-mun] ep3 b9840 loss=3.188
[ft-mun] ep3 b9860 loss=3.347
[ft-mun] ep3 b9880 loss=3.277
[ft-mun] ep3 b9900 loss=2.780
[ft-mun] ep3 b9920 loss=3.275
[ft-mun] ep3 b9940 loss=4.457
[ft-mun] ep3 b9960 loss=2.571
[ft-mun] ep3 b9980 loss=4.411
[ft-mun] ep3 b10000 loss=2.983
[ft-mun] ep3 b10020 loss=2.360
[ft-mun] ep3 b10040 loss=2.615
[ft-mun] ep3 b10060 loss=2.709
[ft-mun] ep3 b10080 loss=3.724
[ft-mun] ep3 b10100 loss=4.990
[ft-mun] ep3 b10120 loss=3.487
[ft-mun] ep3 b10140 loss=3.289
[ft-mun] ep3 b10160 loss=2.992
[ft-mun] ep3 b10180 loss=4.150
[ft-mun] ep3 b10200 loss=2.830
[ft-mun] ep3 b10220 loss=5.092
[ft-mun] ep3 b10240 loss=3.905
[ft-mun] ep3 b10260 loss=2.547
[ft-mun] ep3 b10280 loss=3.081
[ft-mun] ep3 b10300 loss=3.680
[ft-mun] ep3 b10320 loss=3.112
[ft-mun] ep3 b10340 loss=2.396
[ft-mun] ep3 b10360 loss=4.707
[ft-mun] ep3 b10380 loss=3.559
[ft-mun] ep3 b10400 loss=3.401
[ft-mun] ep3 b10420 loss=2.768
[ft-mun] ep3 b10440 loss=3.896
[ft-mun] ep3 b10460 loss=3.131
[ft-mun] ep3 b10480 loss=3.029
[ft-mun] ep3 b10500 loss=2.460
[ft-mun] ep3 b10520 loss=2.781
[ft-mun] ep3 b10540 loss=3.439
[ft-mun] ep3 b10560 loss=3.818
[ft-mun] ep3 b10580 loss=2.648
[ft-mun] ep3 b10600 loss=2.687
[ft-mun] ep3 b10620 loss=3.935
[ft-mun] ep3 b10640 loss=2.284
[ft-mun] ep3 b10660 loss=2.775
[ft-mun] ep3 b10680 loss=2.553
[ft-mun] ep3 b10700 loss=3.104
[ft-mun] ep3 b10720 loss=4.660
[ft-mun] ep3 b10740 loss=4.215
[ft-mun] ep3 b10760 loss=2.879
[ft-mun] ep3 b10780 loss=3.825
[ft-mun] ep3 b10800 loss=3.144
[ft-mun] ep3 b10820 loss=3.234
[ft-mun] ep3 b10840 loss=2.718
[ft-mun] ep3 b10860 loss=2.676
[ft-mun] ep3 b10880 loss=3.546
[ft-mun] ep3 b10900 loss=2.664
[ft-mun] ep3 b10920 loss=3.236
[ft-mun] ep3 b10940 loss=2.819
[ft-mun] ep3 b10960 loss=2.548
[ft-mun] ep3 b10980 loss=3.549
[ft-mun] ep3 b11000 loss=3.134
[ft-mun] ep3 b11020 loss=4.027
[ft-mun] ep3 b11040 loss=3.609
[ft-mun] ep3 b11060 loss=3.951
[ft-mun] ep3 b11080 loss=2.719
[ft-mun] ep3 b11100 loss=2.857
[ft-mun] ep3 b11120 loss=4.089
[ft-mun] ep3 b11140 loss=4.995
[ft-mun] ep3 b11160 loss=3.157
[ft-mun] ep3 b11180 loss=3.221
[ft-mun] ep3 b11200 loss=2.541
[ft-mun] ep3 b11220 loss=2.965
[ft-mun] ep3 b11240 loss=2.547
[ft-mun] ep3 b11260 loss=4.199
[ft-mun] ep3 b11280 loss=3.624
[ft-mun] ep3 b11300 loss=2.758
[ft-mun] ep3 b11320 loss=3.608
[ft-mun] ep3 b11340 loss=4.149
[ft-mun] ep3 b11360 loss=3.086
[ft-mun] ep3 b11380 loss=3.089
[ft-mun] ep3 b11400 loss=5.456
[ft-mun] ep3 b11420 loss=2.969
[ft-mun] ep3 b11440 loss=2.981
[ft-mun] ep3 b11460 loss=3.091
[ft-mun] ep3 b11480 loss=4.551
[ft-mun] ep3 b11500 loss=2.678
[ft-mun] ep3 b11520 loss=5.098
[ft-mun] ep3 b11540 loss=4.357
[ft-mun] ep3 b11560 loss=3.927
[ft-mun] ep3 b11580 loss=2.656
[ft-mun] ep3 b11600 loss=4.445
[ft-mun] ep3 b11620 loss=2.890
[ft-mun] ep3 b11640 loss=4.830
[ft-mun] ep3 b11660 loss=3.010
[ft-mun] ep3 b11680 loss=4.538
[ft-mun] ep3 b11700 loss=4.424
[ft-mun] ep3 b11720 loss=3.205
[ft-mun] ep3 b11740 loss=2.667
[ft-mun] ep3 b11760 loss=2.422
[ft-mun] ep3 b11780 loss=3.455
[ft-mun] ep3 b11800 loss=3.326
[ft-mun] ep3 b11820 loss=3.552
[ft-mun] ep3 b11840 loss=2.883
[ft-mun] ep3 b11860 loss=4.445
[ft-mun] ep3 b11880 loss=3.262
[ft-mun] ep3 b11900 loss=3.153
[ft-mun] ep3 b11920 loss=6.180
[ft-mun] ep3 b11940 loss=3.512
[ft-mun] ep3 b11960 loss=2.875
[ft-mun] ep3 b11980 loss=5.183
[ft-mun] ep3 b12000 loss=2.617
[ft-mun] ep3 b12020 loss=4.059
[ft-mun] ep3 b12040 loss=3.590
[ft-mun] ep3 b12060 loss=4.947
[ft-mun] ep3 b12080 loss=3.881
[ft-mun] ep3 b12100 loss=3.641
[ft-mun] ep3 b12120 loss=3.878
[ft-mun] ep3 b12140 loss=3.298
[ft-mun] ep3 b12160 loss=2.850
[ft-mun] ep3 b12180 loss=4.874
[ft-mun] ep3 b12200 loss=3.288
[ft-mun] ep3 b12220 loss=3.044
[ft-mun] ep3 b12240 loss=2.811
[ft-mun] ep3 b12260 loss=4.157
[ft-mun] ep3 b12280 loss=5.080
[ft-mun] ep3 b12300 loss=3.206
[ft-mun] ep3 b12320 loss=2.353
[ft-mun] ep3 b12340 loss=2.962
[ft-mun] ep3 b12360 loss=2.342
[ft-mun] ep3 b12380 loss=3.257
[ft-mun] ep3 b12400 loss=2.837
[ft-mun] ep3 b12420 loss=2.948
[ft-mun] ep3 b12440 loss=2.381
[ft-mun] ep3 b12460 loss=4.182
[ft-mun] ep3 b12480 loss=3.491
[ft-mun] ep3 b12500 loss=2.895
[ft-mun] ep3 b12520 loss=2.512
[ft-mun] ep3 b12540 loss=4.235
[ft-mun] ep3 b12560 loss=2.939
[ft-mun] ep3 b12580 loss=3.708
[ft-mun] ep3 b12600 loss=3.277
[ft-mun] ep3 b12620 loss=3.733
[ft-mun] ep3 b12640 loss=2.883
[ft-mun] ep3 b12660 loss=3.755
[ft-mun] ep3 b12680 loss=4.598
[ft-mun] ep3 b12700 loss=4.143
[ft-mun] ep3 b12720 loss=3.494
[ft-mun] ep3 b12740 loss=3.604
[ft-mun] ep3 b12760 loss=4.125
[ft-mun] ep3 b12780 loss=2.726
[ft-mun] ep3 b12800 loss=3.275
[ft-mun] ep3 b12820 loss=3.460
[ft-mun] ep3 b12840 loss=3.197
[ft-mun] ep3 b12860 loss=3.023
[ft-mun] ep3 b12880 loss=3.869
[ft-mun] ep3 b12900 loss=3.038
[ft-mun] ep3 b12920 loss=3.446
[ft-mun] ep3 b12940 loss=4.406
[ft-mun] ep3 b12960 loss=3.279
[ft-mun] ep3 b12980 loss=2.996
[ft-mun] ep3 b13000 loss=3.544
[ft-mun] ep3 b13020 loss=4.510
[ft-mun] ep3 b13040 loss=3.504
[ft-mun] ep3 b13060 loss=4.125
[ft-mun] ep3 b13080 loss=4.751
[ft-mun] ep3 b13100 loss=4.231
[ft-mun] ep3 b13120 loss=2.781
[ft-mun] ep3 b13140 loss=3.124
[ft-mun] ep3 b13160 loss=3.935
[ft-mun] ep3 b13180 loss=4.110
[ft-mun] ep3 b13200 loss=2.811
[ft-mun] ep3 b13220 loss=3.464
[ft-mun] ep3 b13240 loss=3.179
[ft-mun] ep3 b13260 loss=2.496
[ft-mun] ep3 b13280 loss=3.679
[ft-mun] ep3 b13300 loss=3.174
[ft-mun] ep3 b13320 loss=3.629
[ft-mun] ep3 b13340 loss=4.464
[ft-mun] ep3 b13360 loss=5.745
[ft-mun] ep3 b13380 loss=4.069
[ft-mun] ep3 b13400 loss=4.782
[ft-mun] ep3 b13420 loss=3.055
[ft-mun] ep3 b13440 loss=3.866
[ft-mun] ep3 b13460 loss=2.954
[ft-mun] ep3 b13480 loss=4.637
[ft-mun] ep3 b13500 loss=3.724
[ft-mun] ep3 b13520 loss=2.996
[ft-mun] ep3 b13540 loss=2.646
[ft-mun] ep3 b13560 loss=2.764
[ft-mun] ep3 b13580 loss=3.055
[ft-mun] ep3 b13600 loss=2.647
[ft-mun] ep3 b13620 loss=3.233
[ft-mun] ep3 b13640 loss=2.806
[ft-mun] ep3 b13660 loss=4.029
[ft-mun] ep3 b13680 loss=5.371
[ft-mun] ep3 b13700 loss=2.723
[ft-mun] ep3 b13720 loss=4.658
[ft-mun] ep3 b13740 loss=2.449
[ft-mun] ep3 b13760 loss=2.797
[ft-mun] ep3 b13780 loss=2.627
[ft-mun] ep3 b13800 loss=2.802
[ft-mun] ep3 b13820 loss=2.561
[ft-mun] ep3 b13840 loss=3.823
[ft-mun] ep3 b13860 loss=4.259
[ft-mun] ep3 b13880 loss=3.177
[ft-mun] ep3 b13900 loss=2.747
[ft-mun] ep3 b13920 loss=2.816
[ft-mun] ep3 b13940 loss=2.733
[ft-mun] ep3 b13960 loss=3.207
[ft-mun] ep3 b13980 loss=2.988
[ft-mun] ep3 b14000 loss=3.142
[ft-mun] ep3 b14020 loss=2.798
[ft-mun] ep3 b14040 loss=3.944
[ft-mun] ep3 b14060 loss=4.156
[ft-mun] ep3 b14080 loss=4.930
[ft-mun] ep3 b14100 loss=2.770
[ft-mun] ep3 b14120 loss=3.113
[ft-mun] ep3 b14140 loss=3.065
[ft-mun] ep3 b14160 loss=2.628
[ft-mun] ep3 b14180 loss=3.199
[ft-mun] ep3 b14200 loss=4.357
[ft-mun] ep3 b14220 loss=4.645
[ft-mun] ep3 b14240 loss=2.748
[ft-mun] ep3 b14260 loss=2.977
[ft-mun] ep3 b14280 loss=3.394
[ft-mun] ep3 b14300 loss=2.184
[ft-mun] ep3 b14320 loss=4.488
[ft-mun] ep3 b14340 loss=2.977
[ft-mun] ep3 b14360 loss=2.633
[ft-mun] ep3 b14380 loss=3.868
[ft-mun] ep3 b14400 loss=3.350
[ft-mun] ep3 b14420 loss=3.007
[ft-mun] ep3 b14440 loss=3.054
[ft-mun] ep3 b14460 loss=2.671
[ft-mun] ep3 b14480 loss=2.935
[ft-mun] ep3 b14500 loss=2.963
[ft-mun] ep3 b14520 loss=4.308
[ft-mun] ep3 b14540 loss=5.832
[ft-mun] ep3 b14560 loss=2.534
[ft-mun] ep3 b14580 loss=4.249
[ft-mun] ep3 b14600 loss=2.876
[ft-mun] ep3 b14620 loss=2.939
[ft-mun] ep3 b14640 loss=3.202
[ft-mun] ep3 b14660 loss=3.418
[ft-mun] ep3 b14680 loss=2.762
[ft-mun] ep3 b14700 loss=3.232
[ft-mun] ep3 b14720 loss=4.779
[ft-mun] ep3 b14740 loss=4.909
[ft-mun] ep3 b14760 loss=2.607
[ft-mun] ep3 b14780 loss=3.144
[ft-mun] ep3 b14800 loss=2.609
[ft-mun] ep3 b14820 loss=3.066
[ft-mun] ep3 b14840 loss=3.059
[ft-mun] ep3 b14860 loss=3.604
[ft-mun] ep3 b14880 loss=2.501
[ft-mun] ep3 b14900 loss=3.165
[ft-mun] ep3 b14920 loss=2.598
[ft-mun] ep3 b14940 loss=3.786
[ft-mun] ep3 b14960 loss=3.058
[ft-mun] ep3 b14980 loss=3.512
[ft-mun] ep3 b15000 loss=2.868
[ft-mun] ep3 b15020 loss=2.547
[ft-mun] ep3 b15040 loss=4.420
[ft-mun] ep3 b15060 loss=5.432
[ft-mun] ep3 b15080 loss=2.850
[ft-mun] ep3 b15100 loss=4.030
[ft-mun] ep3 b15120 loss=4.188
[ft-mun] ep3 b15140 loss=3.020
[ft-mun] ep3 b15160 loss=3.637
[ft-mun] ep3 b15180 loss=2.830
[ft-mun] ep3 b15200 loss=3.081
[ft-mun] ep3 b15220 loss=4.107
[ft-mun] ep3 b15240 loss=5.427
[ft-mun] ep3 b15260 loss=4.523
[ft-mun] ep3 b15280 loss=2.649
[ft-mun] ep3 b15300 loss=4.685
[ft-mun] ep3 b15320 loss=3.584
[ft-mun] ep3 b15340 loss=3.441
[ft-mun] ep3 b15360 loss=3.788
[ft-mun] ep3 b15380 loss=2.454
[ft-mun] ep3 b15400 loss=2.930
[ft-mun] ep3 b15420 loss=2.465
[ft-mun] ep3 b15440 loss=3.197
[ft-mun] ep3 b15460 loss=4.587
[ft-mun] ep3 b15480 loss=4.904
[ft-mun] ep3 b15500 loss=2.877
[ft-mun] ep3 b15520 loss=3.757
[ft-mun] ep3 b15540 loss=3.136
[ft-mun] ep3 b15560 loss=2.775
[ft-mun] ep3 b15580 loss=2.984
[ft-mun] ep3 b15600 loss=3.281
[ft-mun] ep3 b15620 loss=2.918
[ft-mun] ep3 b15640 loss=3.499
[ft-mun] ep3 b15660 loss=2.686
[ft-mun] ep3 b15680 loss=3.418
[ft-mun] ep3 b15700 loss=2.338
[ft-mun] ep3 b15720 loss=3.373
[ft-mun] ep3 b15740 loss=2.661
[ft-mun] ep3 b15760 loss=2.786
[ft-mun] ep3 b15780 loss=3.634
[ft-mun] ep3 b15800 loss=2.973
[ft-mun] ep3 b15820 loss=3.080
[ft-mun] ep3 b15840 loss=2.544
[ft-mun] ep3 b15860 loss=2.660
[ft-mun] ep3 b15880 loss=3.651
[ft-mun] ep3 b15900 loss=3.060
[ft-mun] ep3 b15920 loss=2.745
[ft-mun] ep3 b15940 loss=4.661
[ft-mun] ep3 b15960 loss=2.697
[ft-mun] ep3 b15980 loss=2.581
[ft-mun] ep3 b16000 loss=3.207
[ft-mun] ep3 b16020 loss=2.795
[ft-mun] ep3 b16040 loss=3.341
[ft-mun] ep3 b16060 loss=2.751
[ft-mun] ep3 b16080 loss=2.401
[ft-mun] ep3 b16100 loss=4.685
[ft-mun] ep3 b16120 loss=2.345
[ft-mun] ep3 b16140 loss=3.456
[ft-mun] ep3 b16160 loss=2.842
[ft-mun] ep3 b16180 loss=2.815
[ft-mun] ep3 b16200 loss=3.343
[ft-mun] ep3 b16220 loss=4.320
[ft-mun] ep3 b16240 loss=3.408
[ft-mun] ep3 b16260 loss=3.623
[ft-mun] ep3 b16280 loss=3.027
[ft-mun] ep3 b16300 loss=2.768
[ft-mun] ep3 b16320 loss=4.006
[ft-mun] ep3 b16340 loss=4.114
[ft-mun] ep3 b16360 loss=2.500
[ft-mun] ep3 b16380 loss=3.517
[ft-mun] ep3 b16400 loss=2.694
[ft-mun] ep3 b16420 loss=3.139
[ft-mun] ep3 b16440 loss=2.680
[ft-mun] ep3 b16460 loss=5.031
[ft-mun] ep3 b16480 loss=2.953
[ft-mun] ep3 b16500 loss=3.116
[ft-mun] ep3 b16520 loss=3.077
[ft-mun] ep3 b16540 loss=2.959
[ft-mun] ep3 b16560 loss=2.401
[ft-mun] ep3 b16580 loss=4.783
[ft-mun] ep3 b16600 loss=2.765
[ft-mun] ep3 b16620 loss=3.883
[ft-mun] ep3 b16640 loss=3.264
[ft-mun] ep3 b16660 loss=3.346
[ft-mun] ep3 b16680 loss=3.223
[ft-mun] ep3 b16700 loss=2.809
[ft-mun] ep3 b16720 loss=5.324
[ft-mun] ep3 b16740 loss=2.645
[ft-mun] ep3 b16760 loss=3.111
[ft-mun] ep3 b16780 loss=2.737
[ft-mun] ep3 b16800 loss=4.967
[ft-mun] ep3 b16820 loss=3.626
[ft-mun] ep3 b16840 loss=3.798
[ft-mun] ep3 b16860 loss=2.649
[ft-mun] ep3 b16880 loss=2.721
[ft-mun] ep3 b16900 loss=4.101
[ft-mun] ep3 b16920 loss=3.258
[ft-mun] ep3 b16940 loss=3.308
[ft-mun] ep3 b16960 loss=2.635
[ft-mun] ep3 b16980 loss=4.680
[ft-mun] ep3 b17000 loss=3.175
[ft-mun] ep3 b17020 loss=4.537
[ft-mun] ep3 b17040 loss=3.007
[ft-mun] ep3 b17060 loss=3.144
[ft-mun] ep3 b17080 loss=3.159
[ft-mun] ep3 b17100 loss=2.904
[ft-mun] ep3 b17120 loss=2.612
[ft-mun] ep3 b17140 loss=2.593
[ft-mun] ep3 b17160 loss=2.508
[ft-mun] ep3 b17180 loss=6.052
[ft-mun] ep3 b17200 loss=3.927
[ft-mun] ep3 b17220 loss=3.854
[ft-mun] ep3 b17240 loss=2.796
[ft-mun] ep3 b17260 loss=3.129
[ft-mun] ep3 b17280 loss=3.099
[ft-mun] ep3 b17300 loss=3.250
[ft-mun] ep3 b17320 loss=4.031
[ft-mun] ep3 b17340 loss=3.156
[ft-mun] ep3 b17360 loss=3.105
[ft-mun] ep3 b17380 loss=2.615
[ft-mun] ep3 b17400 loss=2.733
[ft-mun] ep3 b17420 loss=3.402
[ft-mun] ep3 b17440 loss=2.921
[ft-mun] ep3 b17460 loss=3.312
[ft-mun] ep3 b17480 loss=2.439
[ft-mun] ep3 b17500 loss=5.854
[ft-mun] ep3 b17520 loss=2.883
[ft-mun] ep3 b17540 loss=2.764
[ft-mun] ep3 b17560 loss=2.719
[ft-mun] ep3 b17580 loss=3.762
[ft-mun] ep3 b17600 loss=3.456
[ft-mun] ep3 b17620 loss=2.817
[ft-mun] ep3 b17640 loss=4.979
[ft-mun] ep3 b17660 loss=3.314
[ft-mun] ep3 b17680 loss=6.017
[ft-mun] ep3 b17700 loss=2.601
[ft-mun] ep3 b17720 loss=2.269
[ft-mun] ep3 b17740 loss=2.913
[ft-mun] ep3 b17760 loss=3.129
[ft-mun] ep3 b17780 loss=4.223
[ft-mun] ep3 b17800 loss=4.018
[ft-mun] ep3 b17820 loss=2.571
[ft-mun] ep3 b17840 loss=2.864
[ft-mun] ep3 b17860 loss=2.702
[ft-mun] ep3 b17880 loss=3.001
[ft-mun] ep3 b17900 loss=4.303
[ft-mun] ep3 b17920 loss=2.813
[ft-mun] ep3 b17940 loss=2.604
[ft-mun] ep3 b17960 loss=2.848
[ft-mun] ep3 b17980 loss=4.386
[ft-mun] ep3 b18000 loss=2.430
[ft-mun] ep3 b18020 loss=3.531
[ft-mun] ep3 b18040 loss=2.738
[ft-mun] ep3 b18060 loss=2.797
[ft-mun] ep3 b18080 loss=3.879
[ft-mun] ep3 b18100 loss=2.530
[ft-mun] ep3 b18120 loss=2.959
[ft-mun] ep3 b18140 loss=4.846
[ft-mun] ep3 b18160 loss=2.851
[ft-mun] ep3 b18180 loss=4.458
[ft-mun] ep3 b18200 loss=2.829
[ft-mun] ep3 b18220 loss=2.326
[ft-mun] ep3 b18240 loss=3.642
[ft-mun] ep3 b18260 loss=3.782
[ft-mun] ep3 b18280 loss=7.067
[ft-mun] ep3 b18300 loss=2.489
[ft-mun] ep3 b18320 loss=3.207
[ft-mun] ep3 b18340 loss=3.402
[ft-mun] ep3 b18360 loss=4.773
[ft-mun] ep3 b18380 loss=5.162
[ft-mun] ep3 b18400 loss=2.632
[ft-mun] ep3 b18420 loss=2.670
[ft-mun] ep3 b18440 loss=3.229
[ft-mun] ep3 b18460 loss=2.617
[ft-mun] ep3 b18480 loss=3.345
[ft-mun] ep3 b18500 loss=3.685
[ft-mun] ep3 b18520 loss=2.882
[ft-mun] ep3 b18540 loss=3.014
[ft-mun] ep3 b18560 loss=2.520
[ft-mun] ep3 b18580 loss=3.030
[ft-mun] ep3 b18600 loss=4.411
[ft-mun] ep3 b18620 loss=4.875
[ft-mun] ep3 b18640 loss=3.222
[ft-mun] ep3 b18660 loss=3.468
[ft-mun] ep3 b18680 loss=3.329
[ft-mun] ep3 b18700 loss=4.478
[ft-mun] ep3 b18720 loss=3.204
[ft-mun] ep3 b18740 loss=2.689
[ft-mun] ep3 b18760 loss=3.186
[ft-mun] ep3 b18780 loss=4.642
[ft-mun] ep3 b18800 loss=4.175
[ft-mun] ep3 b18820 loss=2.644
[ft-mun] ep3 b18840 loss=2.769
[ft-mun] ep3 b18860 loss=3.031
[ft-mun] ep3 b18880 loss=3.145
[ft-mun] ep3 b18900 loss=3.069
[ft-mun] ep3 b18920 loss=2.713
[ft-mun] ep3 b18940 loss=2.401
[ft-mun] ep3 b18960 loss=3.901
[ft-mun] ep3 b18980 loss=2.407
[ft-mun] ep3 b19000 loss=3.000
[ft-mun] ep3 b19020 loss=3.031
[ft-mun] ep3 b19040 loss=3.772
[ft-mun] ep3 b19060 loss=3.460
[ft-mun] ep3 b19080 loss=2.402
[ft-mun] ep3 b19100 loss=4.895
[ft-mun] ep3 b19120 loss=2.282
[ft-mun] ep3 b19140 loss=2.695
[ft-mun] ep3 b19160 loss=4.174
[ft-mun] ep3 b19180 loss=2.754
[ft-mun] ep3 b19200 loss=2.701
[ft-mun] ep3 b19220 loss=3.071
[ft-mun] ep3 b19240 loss=3.770
[ft-mun] ep3 b19260 loss=4.379
[ft-mun] ep3 b19280 loss=3.375
[ft-mun] ep3 b19300 loss=3.705
[ft-mun] ep3 b19320 loss=4.079
[ft-mun] ep3 b19340 loss=3.072
[ft-mun] ep3 b19360 loss=4.745
[ft-mun] ep3 b19380 loss=2.600
[ft-mun] ep3 b19400 loss=2.340
[ft-mun] ep3 b19420 loss=2.994
[ft-mun] ep3 b19440 loss=5.367
[ft-mun] ep3 b19460 loss=2.671
[ft-mun] ep3 b19480 loss=2.383
[ft-mun] ep3 b19500 loss=2.828
[ft-mun] ep3 b19520 loss=3.032
[ft-mun] ep3 b19540 loss=4.739
[ft-mun] ep3 b19560 loss=3.072
[ft-mun] ep3 b19580 loss=4.447
[ft-mun] ep3 b19600 loss=2.835
[ft-mun] ep3 b19620 loss=3.668
[ft-mun] ep3 b19640 loss=2.825
[ft-mun] ep3 b19660 loss=4.505
[ft-mun] ep3 b19680 loss=2.611
[ft-mun] ep3 b19700 loss=2.781
[ft-mun] ep3 b19720 loss=2.439
[ft-mun] ep3 b19740 loss=3.297
[ft-mun] ep3 b19760 loss=2.752
[ft-mun] ep3 b19780 loss=3.025
[ft-mun] ep3 b19800 loss=2.513
[ft-mun] ep3 b19820 loss=4.327
[ft-mun] ep3 b19840 loss=4.194
[ft-mun] ep3 b19860 loss=2.714
[ft-mun] ep3 b19880 loss=3.344
[ft-mun] ep3 b19900 loss=2.701
[ft-mun] ep3 b19920 loss=3.169
[ft-mun] ep3 b19940 loss=4.777
[ft-mun] ep3 b19960 loss=5.156
[ft-mun] ep3 b19980 loss=4.592
[ft-mun] ep3 b20000 loss=2.667
[ft-mun] ep3 b20020 loss=2.623
[ft-mun] ep3 b20040 loss=2.364
[ft-mun] ep3 b20060 loss=3.089
[ft-mun] ep3 b20080 loss=2.671
[ft-mun] ep3 b20100 loss=2.571
[ft-mun] ep3 b20120 loss=4.335
[ft-mun] ep3 b20140 loss=2.409
[ft-mun] ep3 b20160 loss=2.993
[ft-mun] ep3 b20180 loss=3.113
[ft-mun] ep3 b20200 loss=2.872
[ft-mun] ep3 b20220 loss=2.989
[ft-mun] ep3 b20240 loss=4.047
[ft-mun] ep3 b20260 loss=2.326
[ft-mun] ep3 b20280 loss=5.280
[ft-mun] ep3 b20300 loss=3.656
[ft-mun] ep3 b20320 loss=2.446
[ft-mun] ep3 b20340 loss=5.651
[ft-mun] ep3 b20360 loss=4.978
[ft-mun] ep3 b20380 loss=3.791
[ft-mun] ep3 b20400 loss=4.811
[ft-mun] ep3 b20420 loss=3.162
[ft-mun] ep3 b20440 loss=3.052
[ft-mun] ep3 b20460 loss=3.135
[ft-mun] ep3 b20480 loss=4.033
[ft-mun] ep3 b20500 loss=3.765
[ft-mun] ep3 b20520 loss=5.608
[ft-mun] ep3 b20540 loss=2.743
[ft-mun] ep3 b20560 loss=2.981
[ft-mun] ep3 b20580 loss=3.594
[ft-mun] ep3 b20600 loss=2.478
[ft-mun] ep3 b20620 loss=2.543
[ft-mun] ep3 b20640 loss=2.454
[ft-mun] ep3 b20660 loss=2.674
[ft-mun] ep3 b20680 loss=2.590
[ft-mun] ep3 b20700 loss=4.050
[ft-mun] ep3 b20720 loss=4.656
[ft-mun] ep3 b20740 loss=4.114
[ft-mun] ep3 b20760 loss=3.199
[ft-mun] ep3 b20780 loss=4.065
[ft-mun] ep3 b20800 loss=4.656
[ft-mun] ep3 b20820 loss=2.249
[ft-mun] ep3 b20840 loss=2.991
[ft-mun] ep3 b20860 loss=3.399
[ft-mun] ep3 b20880 loss=3.822
[ft-mun] ep3 b20900 loss=4.031
[ft-mun] ep3 b20920 loss=2.832
[ft-mun] ep3 b20940 loss=3.330
[ft-mun] ep3 b20960 loss=3.011
[ft-mun] ep3 b20980 loss=2.866
[ft-mun] ep3 b21000 loss=2.611
[ft-mun] ep3 b21020 loss=2.878
[ft-mun] ep3 b21040 loss=4.679
[ft-mun] ep3 b21060 loss=4.482
[ft-mun] ep3 b21080 loss=4.238
[ft-mun] ep3 b21100 loss=3.456
[ft-mun] ep3 b21120 loss=2.628
[ft-mun] ep3 b21140 loss=3.716
[ft-mun] ep3 b21160 loss=3.453
[ft-mun] ep3 b21180 loss=2.877
[ft-mun] ep3 b21200 loss=3.967
[ft-mun] ep3 b21220 loss=3.308
[ft-mun] ep3 b21240 loss=3.864
[ft-mun] ep3 b21260 loss=2.680
[ft-mun] ep3 b21280 loss=4.515
[ft-mun] ep3 b21300 loss=3.755
[ft-mun] ep3 b21320 loss=3.136
[ft-mun] ep3 b21340 loss=3.288
[ft-mun] ep3 b21360 loss=2.896
[ft-mun] ep3 b21380 loss=3.303
[ft-mun] ep3 b21400 loss=2.663
[ft-mun] ep3 b21420 loss=3.712
[ft-mun] ep3 b21440 loss=3.367
[ft-mun] ep3 b21460 loss=2.969
[ft-mun] ep3 b21480 loss=3.090
[ft-mun] ep3 b21500 loss=4.508
[ft-mun] ep3 b21520 loss=3.423
[ft-mun] ep3 b21540 loss=2.867
[ft-mun] ep3 b21560 loss=2.686
[ft-mun] ep3 b21580 loss=3.818
[ft-mun] ep3 b21600 loss=3.315
[ft-mun] ep3 b21620 loss=4.212
[ft-mun] ep3 b21640 loss=4.984
[ft-mun] ep3 b21660 loss=4.102
[ft-mun] ep3 b21680 loss=3.958
[ft-mun] ep3 b21700 loss=2.656
[ft-mun] ep3 b21720 loss=3.108
[ft-mun] ep3 b21740 loss=3.559
[ft-mun] ep3 b21760 loss=4.179
[ft-mun] ep3 b21780 loss=3.958
[ft-mun] ep3 b21800 loss=2.696
[ft-mun] ep3 b21820 loss=4.606
[ft-mun] ep3 b21840 loss=3.217
[ft-mun] ep3 b21860 loss=3.574
[ft-mun] ep3 b21880 loss=3.874
[ft-mun] ep3 b21900 loss=2.671
[ft-mun] ep3 b21920 loss=3.415
[ft-mun] ep3 b21940 loss=4.208
[ft-mun] ep3 b21960 loss=2.770
[ft-mun] ep3 b21980 loss=4.522
[ft-mun] ep3 b22000 loss=3.225
[ft-mun] ep3 b22020 loss=3.950
[ft-mun] ep3 b22040 loss=4.159
[ft-mun] ep3 b22060 loss=3.243
[ft-mun] ep3 b22080 loss=4.546
[ft-mun] ep3 b22100 loss=3.122
[ft-mun] ep3 b22120 loss=2.627
[ft-mun] ep3 b22140 loss=2.551
[ft-mun] ep3 b22160 loss=4.300
[ft-mun] ep3 b22180 loss=3.393
[ft-mun] ep3 b22200 loss=4.327
[ft-mun] ep3 b22220 loss=2.771
[ft-mun] ep3 b22240 loss=5.463
[ft-mun] ep3 b22260 loss=2.639
[ft-mun] ep3 b22280 loss=3.488
[ft-mun] ep3 b22300 loss=5.495
[ft-mun] ep3 b22320 loss=5.842
[ft-mun] ep3 b22340 loss=2.677
[ft-mun] ep3 b22360 loss=3.088
[ft-mun] ep3 b22380 loss=2.635
[ft-mun] ep3 b22400 loss=3.526
[ft-mun] ep3 b22420 loss=2.519
[ft-mun] ep3 b22440 loss=2.718
[ft-mun] ep3 b22460 loss=4.280
[ft-mun] ep3 b22480 loss=2.690
[ft-mun] ep3 b22500 loss=3.104
[ft-mun] ep3 train_loss=3.431 dev_loss=3.342
[ft-mun] saved adapter -> ml/finetune/it2_sat_combined
