utt_id	wav_path	text_olchiki
train_santalimale_00001	wavs/train_santalimale_00001.wav	ᱥᱟᱱᱛᱟᱲ ᱦᱚᱲ ᱫᱚ, ᱵᱷᱟᱨᱚᱛ ᱫᱤᱥᱚᱢ ᱨᱮᱱ ᱟᱹᱫ ᱵᱩᱱᱤᱭᱚᱫ ᱦᱚᱲ ᱠᱟᱱᱟ ᱵᱚᱱ।
train_santalimale_00002	wavs/train_santalimale_00002.wav	ᱟᱵᱚ ᱨᱮᱱ ᱟᱹᱫᱢᱟᱱᱣᱟ ᱫᱚ ᱯᱤᱞᱪᱩ ᱦᱟᱲᱟᱹᱢ ᱟᱨ ᱯᱤᱞᱪᱩ ᱵᱩᱲᱦᱤ ᱠᱚ ᱢᱮᱛᱟ ᱠᱤᱱ ᱛᱟᱸᱦᱮᱸᱠᱟᱱᱟ।
train_santalimale_00003	wavs/train_santalimale_00003.wav	ᱩᱱᱚᱠᱤᱱ ᱨᱮᱱ ᱯᱚᱸᱜᱯᱚᱸᱜᱲᱟᱹ ᱜᱮ ᱦᱚᱲ, ᱠᱷᱮᱨᱣᱟᱞ ᱟᱨ ᱥᱟᱱᱛᱟᱲ ᱧᱩᱛᱩᱢ ᱛᱮ ᱵᱷᱟᱨᱚᱛ ᱫᱤᱥᱚᱢ ᱨᱮᱱᱟ ᱡᱷᱟᱨᱚᱠᱷᱚᱬᱰ, ᱵᱤᱦᱟᱨ, ᱩᱲᱤᱥᱟ, ᱯᱚᱥᱪᱤᱢ ᱵᱸᱜᱟᱞ, ᱪᱷᱚᱛᱛᱤᱥᱚᱜᱚᱲ, ᱟᱥᱟᱢ, ᱱᱟᱜᱟᱞᱮᱭᱬᱰ, ᱢᱚᱫᱷᱭᱚᱯᱨᱫᱮᱥ ᱯᱚᱱᱚᱫᱼᱟ ᱠᱨᱮ ᱫᱚ ᱵᱟᱰᱛᱤ ᱠᱟᱛᱮ ᱢᱮᱱᱟᱜᱼᱟ ᱵᱚᱱᱟ।
train_santalimale_00004	wavs/train_santalimale_00004.wav	ᱱᱚᱣᱟ ᱯᱚᱱᱚᱫᱼᱟ ᱠᱚ ᱪᱷᱟᱲᱟᱹ ᱠᱟᱛᱮᱨᱮ ᱦᱚᱸ ᱮᱴᱟᱜᱼᱟ ᱯᱚᱱᱚᱛᱠᱚ ᱨᱮᱦᱚᱸ ᱢᱮᱱᱟᱜᱼᱟ ᱵᱚᱱ ᱜᱮᱭᱟ।
train_santalimale_00005	wavs/train_santalimale_00005.wav	ᱥᱟᱱᱛᱟᱲ ᱦᱚᱲᱠᱚ ᱫᱚ ᱪᱟᱥᱤᱵᱟᱥᱤ ᱦᱚᱲ ᱠᱟᱱᱟ ᱵᱚᱱ।
train_santalimale_00006	wavs/train_santalimale_00006.wav	ᱟᱵᱚᱣᱟᱷ ᱢᱟᱨᱟᱝ ᱠᱟ ᱠᱟᱹᱢᱤ ᱫᱚ ᱪᱟᱥ ᱵᱟᱥ ᱜᱮ ᱠᱟᱱᱟ।
train_santalimale_00007	wavs/train_santalimale_00007.wav	ᱪᱟᱥ ᱵᱟᱥ ᱥᱟᱸᱣᱛᱮ ᱡᱤᱵ ᱡᱤᱭᱟᱹᱞᱤ ᱟᱥᱩᱞ ᱦᱚᱸ ᱡᱤᱵᱼᱟᱠᱟ ᱫᱚ ᱠᱟᱱᱜᱮᱭᱟ।
train_santalimale_00008	wavs/train_santalimale_00008.wav	ᱟᱵᱚ ᱫᱚ ᱰᱟᱸᱜᱨᱤ, ᱰᱟᱸᱜᱨᱟ, ᱢᱤᱭᱦᱩ, ᱢᱮᱨᱚᱢ, ᱵᱷᱤᱰᱤ, ᱥᱤᱢ, ᱥᱩᱠᱨᱤ, ᱜᱮᱰᱮ, ᱮᱢᱟᱱ ᱟᱥᱩᱞ ᱡᱟᱱᱣᱟᱨ ᱠᱚ ᱟᱥᱩᱞ ᱠᱚᱣᱟ ᱵᱚᱱ।
train_santalimale_00009	wavs/train_santalimale_00009.wav	ᱵᱤᱨ ᱵᱩᱨᱩ ᱨᱮᱱᱟᱷ ᱫᱟᱨᱮ ᱱᱟᱹᱲᱤ ᱨᱮᱦᱮᱛᱥᱮᱸᱫᱮᱫᱼᱟ ᱯᱟᱱᱛᱮ, ᱟᱞᱩ ᱫᱟᱠᱚ ᱞᱟ, ᱵᱤᱨ ᱵᱩᱨᱩ ᱨᱮ ᱥᱮᱸᱫᱨᱟ, ᱜᱟᱰᱟ ᱢᱩᱰᱩ ᱨᱮ ᱦᱟᱠᱩ ᱠᱟᱴᱠᱚᱢ ᱜᱚᱡᱼᱟ ᱦᱚᱸ ᱡᱤᱵᱼᱟᱠᱟ ᱠᱟᱱ ᱜᱮᱭᱟ।
train_santalimale_00010	wavs/train_santalimale_00010.wav	ᱱᱚᱣᱟ ᱠᱚ ᱪᱷᱟᱲᱟᱹ ᱠᱟᱛᱮ ᱮᱴᱟ: ᱠᱟᱹᱢᱤ ᱠᱟᱛᱮᱦᱚᱸ ᱟᱹᱥᱩᱞᱚ ᱨᱮᱱᱟ: ᱦᱚᱲ ᱫᱚ ᱠᱟᱱ ᱜᱮᱭᱟ।
train_santalimale_00011	wavs/train_santalimale_00011.wav	ᱥᱟᱱᱛᱟᱲ ᱦᱚᱲᱠᱚ ᱫᱚ ᱟᱥᱚᱞ ᱛᱮ ᱫᱚ ᱥᱟᱨᱱᱟ ᱫᱷᱚᱨᱚᱢ ᱢᱟᱱᱟᱣ ᱵᱟᱛᱟᱣ ᱦᱚᱲ ᱠᱟᱱᱟ ᱵᱚᱱ, ᱥᱟᱨᱱᱟ ᱫᱷᱚᱨᱚᱢ ᱫᱚ ᱡᱮᱛᱮᱠᱷᱚᱱ ᱢᱟᱨᱮ ᱫᱷᱚᱨᱚᱢ ᱠᱟᱱᱟ।
train_santalimale_00012	wavs/train_santalimale_00012.wav	ᱱᱚᱣᱟ ᱫᱷᱚᱨᱚᱢ ᱫᱚ ᱯᱤᱲᱦᱤ ᱪᱮᱛᱟᱱ ᱯᱤᱲᱦᱤ ᱠᱷᱚᱱ ᱢᱟᱱᱟᱣ ᱵᱟᱛᱟᱣ ᱦᱤᱡᱩ: ᱠᱟᱱᱟ।
train_santalimale_00013	wavs/train_santalimale_00013.wav	ᱥᱟᱨᱱᱟ ᱫᱷᱚᱨᱚᱢ ᱨᱮ ᱫᱚ ᱥᱤᱧ ᱪᱟᱸᱫᱚ, ᱧᱤᱫᱟ ᱪᱟᱸᱫᱚ, ᱫᱷᱟᱹᱨᱛᱤ, ᱚᱫᱼᱟ, ᱦᱟᱥᱟ, ᱵᱤᱨ ᱵᱩᱨᱩ, ᱫᱟᱨᱮ, ᱫᱷᱤᱨᱤ, ᱮᱢᱟᱱ ᱨᱮ ᱯᱟᱹᱛᱭᱟᱹᱣ ᱫᱚᱦᱚ ᱠᱟᱛᱮ ᱜᱮ ᱫᱮᱵᱟ ᱥᱮᱵᱟᱭᱟᱵᱚᱱ।
train_santalimale_00014	wavs/train_santalimale_00014.wav	ᱢᱟᱨᱟᱝ ᱵᱩᱨᱩ, ᱡᱟᱦᱮᱨ ᱟᱭᱚ, ᱜᱚᱥᱟᱭ, ᱢᱚᱲᱮᱹᱠᱚ, ᱛᱩᱨᱩᱤᱠᱚ, ᱞᱤᱴᱟᱹ, ᱟᱨ ᱦᱟᱯᱲᱟᱹᱢ ᱠᱚ ᱫᱚ ᱥᱟᱱᱟᱢ ᱠᱷᱚᱱ ᱫᱟᱲᱮᱹ, ᱥᱟᱱᱟᱢᱴᱷᱮᱱ ᱢᱮᱱᱟᱷᱠᱚᱣᱟ, ᱟᱨ ᱥᱟᱱᱟᱢ ᱠᱷᱚᱱ ᱥᱮᱸᱲᱟᱹ, ᱢᱚᱱᱮ ᱠᱟᱛᱮ ᱜᱮ ᱵᱚᱱ ᱢᱟᱱᱟᱣ ᱵᱟᱛᱟᱣᱮᱫᱼᱟ ᱠᱚᱣᱟ।
train_santalimale_00015	wavs/train_santalimale_00015.wav	ᱱᱩᱠᱩ ᱪᱮᱛᱚᱱ ᱨᱮᱜᱮ ᱥᱟᱱᱛᱟᱲᱠᱚᱣᱟ ᱫᱚ ᱯᱟᱹᱛᱭᱟᱹᱣ ᱢᱮᱱᱟᱷ ᱟ।
train_santalimale_00016	wavs/train_santalimale_00016.wav	ᱥᱟᱱᱛᱟᱲ ᱠᱚᱣᱟ: ᱞᱮᱜ, ᱟᱹᱨᱤ ᱪᱟᱞᱤ ᱱᱤᱭᱚᱢ ᱫᱷᱚᱨᱚᱢ ᱢᱟᱱᱟᱣ ᱵᱟᱛᱟᱣ ᱫᱚ ᱟᱹᱰᱤ ᱜᱮ ᱱᱤᱨᱞᱟᱹ ᱱᱤᱯᱷᱩᱴ ᱢᱮᱱᱟᱷ ᱟ।
train_santalimale_00017	wavs/train_santalimale_00017.wav	ᱥᱟᱱᱛᱟᱲ ᱥᱚᱢᱟᱡ ᱥᱮ ᱥᱟᱸᱣᱛᱟ ᱫᱚ ᱠᱚᱲᱟᱹᱵᱚᱸᱥ ᱥᱟᱸᱣᱛᱟ ᱠᱟᱱᱟ।
train_santalimale_00018	wavs/train_santalimale_00018.wav	ᱚᱲᱟᱹ: ᱜᱷᱟᱨᱚᱸᱡᱼᱟ ᱨᱮᱱ ᱢᱟᱞᱤᱠ ᱠᱚ ᱠᱚᱲᱟᱹᱜᱮᱠᱚ ᱦᱭᱩ: ᱟ।
train_santalimale_00019	wavs/train_santalimale_00019.wav	ᱚᱱᱟᱛᱮ ᱠᱩᱲᱤ ᱦᱚᱯᱚᱱ ᱠᱷᱚᱱ ᱠᱚᱲᱟᱹ ᱦᱚᱯᱚᱱᱟ: ᱦᱚᱠ ᱫᱚ ᱵᱟᱹᱲᱛᱤ ᱜᱮᱭᱟ ᱚᱫᱼᱟ ᱦᱟᱥᱟᱨᱮ, ᱵᱚᱸᱜᱟ ᱫᱮᱣᱟ ᱥᱮᱣᱟ ᱨᱮ, ᱟᱨ ᱟᱪᱟᱨᱚᱵᱤᱪᱟᱨ ᱨᱮ।
train_santalimale_00020	wavs/train_santalimale_00020.wav	ᱥᱟᱱᱛᱟᱲ ᱥᱟᱸᱣᱛᱟ ᱨᱮ ᱫᱚ ᱠᱚᱲᱟᱹ ᱦᱚᱯᱚᱱ ᱜᱮ ᱜᱚᱱᱯᱚᱱ ᱴᱟᱠᱟ ᱫᱚ ᱮᱢ ᱦᱩᱭᱩ: ᱟ।
train_santalimale_00021	wavs/train_santalimale_00021.wav	ᱵᱟᱵᱼᱟᱞᱟ ᱵᱮᱦᱟᱹ ᱨᱮ ᱫᱚ ᱢᱤᱫᱼᱟ ᱯᱟᱹᱨᱤᱥ ᱦᱚᱲ ᱫᱚ ᱵᱟᱝᱠᱚ ᱵᱟᱵᱼᱟᱞᱟ: ᱟ।
train_santalimale_00022	wavs/train_santalimale_00022.wav	ᱢᱤᱛ ᱵᱟᱨ ᱯᱟᱹᱨᱤᱥ ᱛᱟᱞᱟᱨᱮ ᱥᱟᱱᱛᱟᱲ ᱦᱚᱲ ᱦᱚᱸ ᱮᱴᱟ: ᱯᱟᱹᱨᱤᱥᱠᱚ ᱥᱟᱸᱣ ᱫᱚ, ᱥᱮᱫᱟᱭ ᱠᱷᱚᱱ ᱵᱟᱵᱼᱟᱞᱟ ᱢᱟᱱᱟ ᱢᱮᱱᱟ: ᱟ।
train_santalimale_00023	wavs/train_santalimale_00023.wav	ᱚᱱᱟ ᱠᱚ ᱫᱚ ᱱᱤᱛ ᱦᱚᱸ ᱥᱟᱸᱣᱛᱟ ᱨᱮ ᱢᱟᱱᱟᱣ ᱵᱟᱛᱟᱣ ᱦᱤᱡᱩᱷ ᱠᱟᱱᱟ।
train_santalimale_00024	wavs/train_santalimale_00024.wav	ᱥᱟᱱᱛᱟᱲ ᱦᱚᱲᱠᱚᱣᱟᱷ ᱫᱚ ᱜᱮᱞᱵᱟᱨ ᱯᱟᱹᱨᱤᱥ ᱢᱮᱱᱟᱷ ᱟ।
train_santalimale_00025	wavs/train_santalimale_00025.wav	ᱚᱱᱟᱠᱚ ᱫᱚ ᱠᱟᱱᱟ, ᱦᱟᱸᱥᱫᱟ:, ᱢᱟᱹᱨᱰᱤ, ᱥᱚᱨᱮᱱ, ᱦᱮᱢᱵᱨᱚᱢ, ᱴᱩᱰᱩ, ᱠᱤᱥᱠᱩ, ᱵᱟᱥᱠᱮ, ᱵᱮᱥᱨᱟ, ᱪᱚᱸᱲᱮᱹ, ᱯᱟᱹᱣᱚᱨᱤᱭᱟ, ᱜᱚᱸᱰᱣᱟᱨ, ᱢᱩᱨᱢᱩ।
train_santalimale_00026	wavs/train_santalimale_00026.wav	ᱱᱩᱠᱩ ᱯᱟᱹᱨᱤᱥ ᱢᱩᱫ ᱨᱮ ᱯᱟᱹᱣᱚᱨᱤᱭᱟ, ᱜᱚᱸᱰᱣᱟᱨ, ᱵᱮᱫᱤᱭᱟ ᱟᱨ ᱪᱚᱸᱲᱮᱹ ᱯᱟᱹᱨᱤᱥᱠᱚ ᱫᱚ ᱮᱴᱟ: ᱯᱟᱹᱨᱤᱥ ᱨᱮᱠᱚ ᱵᱚᱞᱚᱱ ᱠᱟᱱᱟ ᱟᱨ ᱠᱚ ᱢᱮᱥᱟ ᱢᱤᱥᱤ: ᱠᱟᱱᱟ।
train_santalimale_00027	wavs/train_santalimale_00027.wav	ᱥᱟᱱᱛᱟᱲ ᱦᱚᱲᱠᱚᱣᱟᱷ ᱫᱚ ᱟᱯᱱᱟᱨᱟᱷ ᱥᱟᱥᱚᱱ ᱛᱚᱸᱛᱨ ᱢᱮᱱᱟ: ᱟ।
train_santalimale_00028	wavs/train_santalimale_00028.wav	ᱟᱹᱛᱩ ᱨᱮᱱ ᱯᱨᱫᱷᱟᱱ ᱫᱚ ᱢᱟᱸᱡᱷᱤ ᱠᱟᱱᱟᱭ।
train_santalimale_00029	wavs/train_santalimale_00029.wav	ᱢᱟᱸᱡᱷᱤ ᱜᱚᱰᱚ ᱞᱟᱹᱜᱤᱫᱼᱟ ᱛᱮ ᱯᱟᱨᱟᱱᱤᱠ ᱟᱨ ᱡᱚᱜ ᱢᱟᱸᱡᱷᱤ ᱠᱤᱱ ᱛᱟᱸᱦᱮᱸᱱᱟ।
train_santalimale_00030	wavs/train_santalimale_00030.wav	ᱟᱹᱛᱩ ᱨᱮᱱ ᱵᱚᱸᱜᱟ ᱫᱮᱵᱟᱥᱮᱵᱟ ᱞᱟᱹᱜᱤᱫᱼᱟ ᱛᱮᱫᱚ ᱱᱟᱭᱠᱮ ᱛᱟᱸᱦᱮᱸᱱᱟᱭ।
train_santalimale_00031	wavs/train_santalimale_00031.wav	ᱱᱟᱭᱠᱮ ᱜᱚᱲᱚ ᱞᱟᱹᱜᱤᱫᱼᱟ ᱫᱚ ᱠᱩᱲᱟᱹᱢ ᱱᱟᱭᱠᱮ ᱛᱟᱸᱦᱮᱸᱱᱟᱭ।
train_santalimale_00032	wavs/train_santalimale_00032.wav	ᱟᱹᱛᱩ ᱵᱮᱱᱟᱣ ᱢᱟᱰᱟᱝ ᱫᱚ ᱜᱚᱨᱟᱢ ᱠᱚ ᱵᱮᱨᱮᱫᱟ।
train_santalimale_00033	wavs/train_santalimale_00033.wav	ᱡᱟᱦᱟᱸ ᱯᱟᱹᱨᱤᱥ ᱨᱮᱱ ᱦᱚᱲ ᱜᱚᱨᱟᱢ ᱠᱚ ᱵᱮᱨᱮᱫᱟ, ᱚᱱᱟ ᱯᱟᱹᱨᱤᱥ ᱨᱮᱱ ᱜᱮ, ᱚᱱᱟ ᱟᱹᱛᱩ ᱨᱮᱱ ᱢᱟᱸᱡᱷᱤ ᱟᱨ ᱱᱟᱭᱠᱮ ᱫᱚ ᱠᱤᱱ ᱵᱮᱱᱟᱣ: ᱟ।
train_santalimale_00034	wavs/train_santalimale_00034.wav	ᱟᱨ ᱟᱱᱟᱛᱮ ᱢᱟᱸᱡᱷᱤ ᱟᱨ ᱱᱟᱭᱠᱮ ᱯᱚᱫ ᱫᱚ ᱥᱟᱱᱟᱢ ᱟᱹᱛᱩ ᱨᱮᱱ ᱦᱚᱲ ᱠᱚᱣᱟ: ᱵᱚᱸᱥᱚᱜᱚᱫᱼᱟ ᱯᱚᱫ ᱠᱟᱱᱟ।
train_santalimale_00035	wavs/train_santalimale_00035.wav	ᱵᱟᱨᱭᱟᱯᱮᱭᱟ ᱟᱹᱛᱩ ᱢᱤᱫᱼᱟᱠᱟᱛᱮ ᱢᱤᱫᱼᱟᱴᱟᱝ ᱢᱟᱯᱟᱡᱷᱤ ᱠᱚ ᱵᱮᱱᱟᱣ ᱮᱭᱟ।
train_santalimale_00036	wavs/train_santalimale_00036.wav	ᱜᱮᱞᱵᱟᱨ ᱜᱚᱴᱟᱝ ᱟᱹᱛᱩ ᱢᱤᱫᱼᱟᱠᱟᱛᱮ ᱢᱤᱫᱼᱟᱴᱟᱝ ᱛᱚᱨᱚᱯ ᱵᱮᱱᱟᱣ ᱟᱠᱟᱱᱟ, ᱛᱚᱨᱚᱯᱨᱮᱱ ᱯᱨᱫᱷᱟᱱ ᱫᱚ ᱛᱚᱨᱚᱯ ᱯᱟᱨᱜᱟᱱᱟᱭ ᱛᱟᱸᱦᱮᱸᱱᱟ।
train_santalimale_00037	wavs/train_santalimale_00037.wav	ᱜᱮᱞᱵᱟᱨ ᱛᱚᱨᱚᱯ ᱢᱤᱫᱼᱟ ᱠᱟᱛᱮ ᱢᱤᱫᱼᱟᱴᱟᱝ ᱫᱤᱥᱚᱢ ᱯᱟᱨᱜᱟᱱᱟᱭ ᱛᱟᱸᱦᱮᱸᱱᱟ।
train_santalimale_00038	wavs/train_santalimale_00038.wav	ᱱᱚᱣᱟ ᱱᱤᱭᱚᱢ ᱜᱮ ᱥᱟᱸᱣᱛᱟ ᱨᱮ ᱦᱮᱡᱼᱟ ᱦᱤᱡᱩᱷ ᱠᱟᱱᱟ।
train_santalimale_00039	wavs/train_santalimale_00039.wav	ᱵᱤᱪᱟᱨᱚᱟᱪᱟᱨ ᱠᱟᱹᱢᱤ ᱫᱚ ᱡᱮᱛᱮ ᱠᱷᱚᱱ ᱢᱩᱪᱟᱫᱼᱟ ᱨᱮ ᱫᱚ ᱞᱚ ᱵᱤᱨ ᱵᱟᱤᱥᱤ ᱢᱮᱱᱟ: ᱟ।
train_santalimale_00040	wavs/train_santalimale_00040.wav	ᱱᱚᱣᱟ ᱞᱚ ᱵᱤᱨ ᱣᱤᱪᱟᱨ ᱫᱚ ᱱᱟᱭᱠᱮ ᱟᱨ ᱥᱮᱸᱫᱨᱟ ᱵᱤᱨ ᱨᱮᱱ ᱥᱤᱠᱚᱨᱤᱭᱟ ᱠᱚ, ᱫᱚᱸᱜᱮᱲ ᱴᱟᱸᱰᱤ ᱨᱮ ᱠᱚ ᱵᱤᱪᱟᱨᱟ।
train_santalimale_00041	wavs/train_santalimale_00041.wav	ᱱᱚᱟ ᱫᱚ ᱢᱩᱪᱟᱫᱼᱟ ᱵᱤᱪᱟᱨ ᱠᱟᱱᱟ।
train_santalimale_00042	wavs/train_santalimale_00042.wav	ᱡᱟᱦᱟᱸᱭ ᱵᱟᱭ ᱵᱟᱛᱟᱣᱟ, ᱩᱱᱤ ᱫᱚ ᱥᱟᱸᱣᱛᱟ ᱠᱷᱚᱱ ᱠᱚ ᱚᱪᱚ: ᱮᱭᱟ।
train_santalimale_00043	wavs/train_santalimale_00043.wav	ᱚᱱᱟ ᱫᱚ ᱵᱤᱴᱞᱟᱦᱟ ᱠᱚ ᱢᱮᱛᱟ: ᱟ।
train_santalimale_00044	wavs/train_santalimale_00044.wav	ᱟᱹᱛᱩ ᱨᱮᱱᱟ: ᱵᱤᱪᱟᱨ ᱡᱟᱸᱦᱟᱭ ᱦᱚᱲ ᱵᱟᱭ ᱵᱟᱛᱟᱣᱟ ᱩᱱᱤ ᱫᱚᱠᱚ ᱮᱠᱟᱜᱷᱩᱨᱤᱭᱟ ᱮᱭᱟ।
train_santalimale_00045	wavs/train_santalimale_00045.wav	ᱚᱱᱟᱛᱮ ᱥᱟᱱᱛᱟᱲ ᱥᱟᱸᱣᱛᱟ ᱨᱮ ᱫᱚ ᱥᱟᱱᱛᱟᱲ ᱦᱚᱲ ᱠᱚᱣᱟᱷ ᱟᱪᱟᱨᱚᱣᱤᱪᱟᱨ ᱢᱮᱱᱟ: ᱟ ᱟᱨ ᱥᱟᱱᱟᱢ ᱦᱚᱲᱠᱚ ᱢᱟᱱᱟᱣ ᱵᱟᱛᱟᱣᱚᱮᱫᱟ।
train_santalimale_00046	wavs/train_santalimale_00046.wav	ᱥᱟᱱᱛᱟᱲ ᱦᱚᱲᱠᱚ ᱫᱚ ᱫᱷᱟᱹᱨᱛᱤ ᱨᱮᱱᱟ: ᱫᱟᱨᱮ, ᱫᱷᱤᱨᱤ, ᱚᱛ, ᱦᱟᱥᱟ,ᱜᱟᱰᱟ ᱢᱩᱰᱩ, ᱦᱩᱰᱩ, ᱪᱟᱣᱞᱮ, ᱟᱱᱟᱡ, ᱵᱟᱦᱟ, ᱡᱚ, ᱥᱟᱠᱟᱢ ᱜᱮ ᱠᱚ ᱵᱚᱸᱜᱟᱭᱟ।
train_santalimale_00047	wavs/train_santalimale_00047.wav	ᱧᱮᱞᱮᱠᱟ ᱵᱟᱦᱟ ᱵᱚᱸᱜᱟ ᱨᱮ ᱫᱚ ᱥᱟᱨᱡᱚᱢ ᱵᱟᱦᱟ, ᱢᱟᱛᱠᱚᱢ ᱜᱮᱞ ᱠᱚ ᱫᱮᱣᱟ ᱥᱮᱵᱟᱭᱟ।
train_santalimale_00048	wavs/train_santalimale_00048.wav	ᱚᱱᱠᱟᱜᱮ ᱡᱟᱱᱟᱢᱪᱷᱟᱹᱴᱭᱟᱹᱨ ᱨᱮ ᱫᱚ ᱟᱫᱼᱟ ᱱᱟ ᱥᱟᱠᱟᱢ, ᱱᱤᱢ ᱫᱟ ᱢᱟᱹᱰᱤ, ᱥᱚᱥᱚ ᱡᱚ ᱫᱟᱷ, ᱵᱟᱪᱠᱚᱢ ᱜᱷᱟᱸᱥ।
train_santalimale_00049	wavs/train_santalimale_00049.wav	ᱵᱟᱵᱼᱟᱞᱟ ᱵᱮᱦᱟ ᱨᱮ ᱫᱚ ᱩᱞᱲᱟᱹᱨ, ᱢᱟᱛᱠᱚᱢ ᱲᱟᱹᱨ, ᱥᱮᱠᱨᱮᱡᱼᱟ ᱲᱟᱹᱨ, ᱥᱟᱨᱡᱚᱢ ᱥᱟᱠᱟᱢ।
train_santalimale_00050	wavs/train_santalimale_00050.wav	ᱥᱟᱱᱛᱟᱲ ᱠᱚᱣᱟ: ᱮᱱᱮᱡᱼᱟ ᱥᱮᱨᱮᱧ, ᱨᱩᱨᱟᱦᱟ ᱦᱚᱸ ᱜᱮᱞᱵᱟᱨ ᱪᱟᱸᱫᱚ ᱨᱮ, ᱜᱮᱞᱵᱟᱨ ᱞᱮᱠᱟᱱᱟ: ᱢᱮᱱᱟ: ᱟ।
train_santalimale_00051	wavs/train_santalimale_00051.wav	ᱮᱱᱮᱡᱼᱟ ᱥᱮᱨᱮᱧ, ᱨᱩ, ᱨᱟᱦᱟ ᱠᱚ ᱫᱚ ᱢᱚᱪᱟ ᱪᱮᱛᱟᱱ ᱢᱚᱪᱟ, ᱞᱩᱛᱩᱨ ᱪᱮᱛᱟᱱ ᱞᱩᱛᱩᱨ, ᱞᱟᱹᱤ ᱟᱨ ᱟᱧᱡᱚᱢ ᱦᱤᱡᱩᱷ ᱠᱟᱱᱟ।
train_santalimale_00052	wavs/train_santalimale_00052.wav	ᱟᱨ ᱚᱱᱟᱠᱚ ᱜᱮ ᱯᱟᱹᱨᱟᱹᱵ ᱯᱩᱱᱟ ᱨᱮ ᱫᱚ ᱞᱟᱤᱟᱹᱜᱩ, ᱥᱮᱨᱮᱧ ᱟᱹᱜᱩ: ᱠᱟᱱᱟ, ᱥᱟᱱᱛᱟᱲ ᱥᱟᱸᱣᱛᱟ ᱨᱮ।
train_santalimale_00053	wavs/train_santalimale_00053.wav	ᱱᱚᱣᱟ ᱥᱮᱫᱟᱭ ᱥᱮᱨᱮᱧ ᱠᱚ ᱫᱚ ᱥᱟᱱᱟᱢ ᱦᱚᱲ ᱴᱷᱮᱱ ᱢᱚᱪᱟᱨᱮ ᱢᱟᱣᱠᱷᱤᱠ ᱞᱮᱠᱟᱛᱮ ᱜᱮ ᱢᱮᱱᱟᱷᱟ।
train_santalimale_00054	wavs/train_santalimale_00054.wav	ᱚᱱᱟᱛᱮ ᱱᱚᱣᱟ ᱥᱮᱨᱮᱧ ᱠᱚ ᱫᱚ ᱠᱟᱱᱟ, ᱟᱹᱛᱩ ᱚᱲᱟᱹ: ᱨᱮᱱᱟ: ᱟᱠᱤᱞ ᱜᱮᱭᱟᱱ।
train_santalimale_00055	wavs/train_santalimale_00055.wav	ᱚᱠᱚᱭ: ᱠᱚ, ᱱᱚᱣᱟ ᱠᱚ ᱫᱚ ᱦᱚᱲ ᱵᱤᱨᱫᱟᱹ, ᱞᱚᱠ ᱣᱤᱫᱭᱟ ᱠᱚ ᱢᱮᱛᱟ: ᱟ।
train_santalimale_00056	wavs/train_santalimale_00056.wav	ᱦᱚᱲ ᱥᱮᱨᱮᱧ ᱞᱮᱠᱟᱜᱮ ᱥᱟᱸᱣᱛᱟ ᱨᱮ ᱫᱚ ᱦᱚᱲᱚᱛᱷᱩᱛᱤ, ᱦᱚᱲᱠᱟᱛᱷᱟ, ᱦᱚᱲᱠᱟᱹᱦᱱᱤ, ᱵᱷᱮᱱᱛᱟ ᱠᱟᱛᱷᱟ, ᱞᱟᱹᱤᱪᱟᱞ ᱠᱟᱛᱷᱟ, ᱠᱩᱫᱩᱢ, ᱵᱟᱸᱠᱷᱮᱲ ᱚᱸᱲᱦᱮᱸ, ᱡᱷᱟᱹᱨᱱᱤ, ᱢᱟᱱᱛᱟᱨ, ᱥᱟᱸᱣᱛᱮ ᱮᱱᱮᱸᱡᱼᱟ, ᱨᱩ, ᱨᱟᱦᱟ ᱮᱢᱟᱱ ᱛᱮᱭᱟ: ᱢᱮᱱᱟ:ᱟ।
train_santalimale_00057	wavs/train_santalimale_00057.wav	ᱥᱟᱱᱛᱟᱲ ᱠᱚᱣᱟ ᱮᱱᱮᱡᱼᱟ ᱥᱮᱨᱮᱧ, ᱨᱩ, ᱨᱟᱦᱟ ᱫᱚ ᱠᱟᱱᱟ ᱥᱮᱫᱟᱭ ᱦᱚᱲᱠᱚᱣᱟ: ᱨᱟᱹᱥᱠᱟᱹ ᱨᱮᱱᱟᱝ ᱮᱱᱮᱪ ᱥᱮᱨᱮᱧᱜᱮ।
train_santalimale_00058	wavs/train_santalimale_00058.wav	ᱥᱮᱫᱟᱭ, ᱡᱟᱦᱟᱸᱛᱤᱥ ᱢᱟᱱᱣᱟ ᱠᱚᱣᱟ: ᱢᱚᱱᱮ ᱡᱤᱣᱤ ᱨᱮ ᱨᱟᱹᱥᱠᱟᱹ ᱥᱟᱨᱥᱟᱣ ᱞᱮᱱᱟ, ᱤᱱ ᱦᱤᱞᱚᱷ ᱠᱷᱚᱱ ᱜᱮ ᱦᱚᱲ ᱥᱟᱸᱣᱛᱟ ᱨᱮ ᱫᱚ ᱮᱱᱮᱡᱼᱟ ᱥᱮᱨᱮᱧ ᱨᱩᱨᱟᱦᱟᱠᱚ ᱮᱭᱦᱚᱵᱼᱟ ᱟᱠᱟᱱᱟ।
train_santalimale_00059	wavs/train_santalimale_00059.wav	ᱱᱚᱣᱟ ᱦᱚᱲ ᱮᱱᱮᱡᱼᱟ ᱥᱮᱨᱮᱧ ᱥᱮ ᱢᱟᱨᱮ ᱨᱩ ᱨᱟᱦᱟ ᱨᱮ ᱫᱚ ᱢᱟᱱᱣᱟ ᱡᱤᱭᱚᱱ ᱨᱮᱱᱟ: ᱵᱷᱟᱣ ᱮ ᱞᱟᱹᱤ ᱥᱚᱫᱚᱨᱟ।
train_santalimale_00060	wavs/train_santalimale_00060.wav	ᱡᱤᱵᱚᱱ ᱨᱮᱱᱟᱷ ᱵᱷᱟᱣ ᱮ ᱞᱟᱹᱤ ᱥᱚᱫᱚᱨᱟ।
train_santalimale_00061	wavs/train_santalimale_00061.wav	ᱡᱤᱵᱚᱱ ᱨᱮᱱᱟ: ᱵᱷᱟᱣ ᱛᱮᱜᱮ ᱱᱤᱨᱞᱟᱹ ᱯᱷᱚᱴᱮᱞ ᱨᱟᱠᱟᱵᱼᱟ ᱟᱠᱟᱱᱟ।
train_santalimale_00062	wavs/train_santalimale_00062.wav	ᱟᱨ ᱡᱤᱵᱚᱱ ᱨᱮᱱᱟᱷ ᱥᱟᱱᱟᱢ ᱨᱟᱹᱥᱠᱟᱹ, ᱵᱷᱟᱵᱱᱟ, ᱫᱩᱠ, ᱦᱟᱨᱠᱮᱫᱼᱟ ᱡᱷᱟᱞᱠᱟᱣ ᱨᱟᱠᱟᱵᱼᱟ ᱟᱠᱟᱱᱟ।
train_santalimale_00063	wavs/train_santalimale_00063.wav	ᱦᱚᱲ ᱥᱮᱨᱮᱧ ᱨᱮ ᱫᱚ ᱟᱹᱰᱤ ᱞᱮᱠᱟᱱ, ᱨᱟᱥᱟ, ᱛᱟᱞ ᱟᱨ ᱨᱟᱦᱟ ᱛᱮ ᱛᱚᱱᱚᱞ ᱟᱠᱟᱱᱟ।
train_santalimale_00064	wavs/train_santalimale_00064.wav	ᱦᱚᱲ ᱥᱮᱨᱮᱧ, ᱦᱚᱲ ᱠᱟᱹᱦᱱᱤ, ᱦᱚᱲ ᱛᱷᱩᱛᱤ, ᱦᱚᱲ ᱠᱟᱛᱷᱟ ᱠᱚ ᱨᱮ ᱫᱚ ᱟᱯᱱᱟᱨ ᱚᱛᱷᱟᱹᱱᱟᱹᱣ ᱨᱮᱱᱟ: ᱵᱮᱜᱚᱱᱚᱝ ᱟᱱ ᱫᱷᱚᱱ ᱢᱩᱨᱟᱹᱤ ᱠᱟᱱᱟ।
train_santalimale_00065	wavs/train_santalimale_00065.wav	ᱱᱚᱣᱟ ᱨᱮ ᱫᱚ ᱥᱟᱱᱛᱟᱲ ᱥᱟᱸᱣᱛᱟ ᱨᱮᱱᱟᱷ ᱟᱸᱲᱜᱚᱸᱨᱟᱠᱟᱯ, ᱥᱩᱠᱚᱫᱩᱠ, ᱨᱟ: ᱨᱟᱹᱥᱠᱟᱹ, ᱫᱩᱞᱟᱲᱚᱦᱤᱸᱥᱟ, ᱛᱚᱱᱚᱞᱵᱟᱯᱟᱜ ᱞᱮᱠᱟᱱ ᱵᱷᱟᱣᱱᱟ ᱛᱮ ᱛᱚᱞ ᱥᱟᱡᱟᱣ ᱢᱮᱱᱟ: ᱟ।
train_santalimale_00066	wavs/train_santalimale_00066.wav	ᱮᱱᱮᱡᱼᱟ ᱥᱮᱨᱮᱧ ᱨᱮᱱᱟ: ᱛᱟᱞ ᱟᱨ ᱨᱟᱦᱟ ᱫᱚ ᱛᱩᱢᱫᱟ:, ᱴᱟᱢᱟᱠ, ᱜᱷᱟᱱᱴᱤ, ᱥᱟᱠᱣᱟ, ᱨᱮᱜᱲᱟᱹ, ᱪᱚᱲᱪᱚᱲᱤ, ᱰᱷᱟᱠ, ᱵᱟᱱᱟ ᱥᱮ ᱛᱤᱨᱭᱚ ᱮᱢᱟᱱᱛᱮ ᱛᱟᱨᱠᱚ ᱨᱟᱠᱟᱵᱼᱟ ᱟ, ᱨᱤᱫᱟᱭ ᱠᱷᱚᱱ ᱫᱚ ᱵᱟᱝ ᱪᱷᱟᱰᱟᱣ ᱫᱟᱲᱮᱹᱭᱟᱷᱟ।
train_santalimale_00067	wavs/train_santalimale_00067.wav	ᱱᱚᱣᱟ ᱠᱚ ᱫᱚ ᱥᱟᱱᱟᱢᱟᱷᱜᱮ ᱢᱤᱰᱼᱟᱴᱟᱝ ᱥᱟᱸᱣ ᱟᱨ ᱢᱤᱛᱴᱟᱝ, ᱡᱚᱲᱟᱹᱣ ᱢᱮᱱᱟᱷ ᱟ।
train_santalimale_00068	wavs/train_santalimale_00068.wav	ᱚᱱᱟᱛᱮᱠᱚ ᱢᱮᱱᱟ ᱮᱱᱮᱡᱼᱟ ᱥᱮᱨᱮᱧ, ᱨᱩᱨᱟᱦᱟ, ᱢᱮᱱᱟ: ᱠᱷᱟᱱ, ᱥᱟᱱᱛᱟᱲ ᱥᱟᱸᱣᱛᱟ ᱫᱚ ᱡᱤᱭᱟᱹᱲ ᱠᱟᱛᱮ ᱢᱮᱱᱟ:ᱟ ᱫᱤᱥᱚᱢ ᱨᱮ।
train_santalimale_00069	wavs/train_santalimale_00069.wav	ᱮᱱᱮᱡᱼᱟ ᱥᱮᱨᱮᱧ ᱨᱩ ᱨᱟᱦᱟ ᱫᱚ ᱟᱹᱨᱤ ᱪᱟᱹᱞᱤ ᱨᱮᱱᱟ: ᱵᱩᱱᱭᱟᱫ ᱫᱷᱤᱨᱤ ᱠᱟᱱᱟ।
train_santalimale_00070	wavs/train_santalimale_00070.wav	ᱥᱮᱫᱟᱭ ᱠᱷᱚᱱ ᱜᱮ ᱦᱚᱲ ᱦᱚᱯᱚᱱ ᱫᱚ ᱫᱷᱟᱹᱨᱛᱤ ᱨᱮᱱᱟ: ᱧᱮᱞᱮᱞᱚᱢ ᱪᱮᱛᱟᱱ ᱟᱹᱰᱤ ᱢᱚᱦᱚᱛ ᱟᱨ ᱯᱟᱹᱛᱭᱟᱣ ᱠᱚ ᱫᱚᱦᱚ ᱟᱹᱜᱩ ᱟᱠᱟᱫᱼᱟ ᱟ।
train_santalimale_00071	wavs/train_santalimale_00071.wav	ᱚᱱᱟᱛᱮ ᱦᱚᱲ ᱦᱚᱯᱚᱱ ᱫᱚ ᱫᱷᱟᱹᱨᱛᱤ ᱨᱮᱱᱟᱷ ᱧᱮᱞᱮᱞᱚᱢ ᱪᱮᱛᱟᱱ ᱨᱮ ᱯᱟᱹᱛᱭᱟᱹᱣ ᱫᱚ ᱦᱚ ᱠᱟᱛᱮ ᱢᱮᱱᱟᱷ ᱵᱚᱱᱟ।
train_santalimale_00072	wavs/train_santalimale_00072.wav	ᱩᱱᱠᱩᱣᱟᱷ ᱫᱷᱚᱨᱚᱢ ᱟᱨ ᱞᱮᱜᱱᱮᱢᱟᱪᱟᱨ ᱨᱮᱱᱟ: ᱯᱟᱹᱛᱭᱟᱹᱣ ᱠᱚ ᱛᱚᱞᱟᱥ ᱨᱮ ᱛᱟᱦᱮᱸ ᱠᱟᱛᱮ, ᱫᱤᱱᱟᱹᱢ ᱡᱤᱭᱚᱱ ᱠᱚ ᱠᱷᱮᱢᱟᱣ ᱤᱫᱤ ᱭᱮᱫᱼᱟ ᱟ।
train_santalimale_00073	wavs/train_santalimale_00073.wav	ᱥᱟᱱᱛᱟᱲ ᱠᱚᱣᱟᱷ ᱦᱚᱲ ᱡᱤᱭᱚᱱ ᱥᱟᱸᱣ ᱡᱚᱱᱚᱲᱟᱹᱣ ᱠᱟᱛᱮ, ᱟᱲᱤ ᱜᱟᱱ ᱥᱮᱨᱮᱧ ᱢᱮᱱᱟᱷ ᱟ।
train_santalimale_00074	wavs/train_santalimale_00074.wav	ᱥᱮᱨᱮᱧ ᱟᱨ ᱠᱟᱹᱦᱱᱤ ᱪᱮ ᱛᱷᱩᱛᱤ ᱞᱟᱹᱞᱟᱹᱤ ᱟᱨ ᱟᱧᱡᱚᱢ ᱠᱚ ᱵᱷᱮᱜᱟᱨᱵᱷᱮᱜᱟᱨ ᱦᱚᱲ ᱴᱷᱮᱱ ᱠᱷᱚᱱᱜᱮ, ᱟᱧᱡᱚᱢ ᱦᱤᱡᱩᱷ ᱠᱟᱱᱟ।
train_santalimale_00075	wavs/train_santalimale_00075.wav	ᱚᱱᱟᱛᱮ ᱥᱮᱨᱮᱧ, ᱛᱷᱩᱛᱤ ᱟᱨ ᱠᱟᱛᱷᱟ ᱨᱮᱱᱟᱝ ᱢᱤᱫᱼᱟ ᱵᱟᱨ ᱥᱟᱵᱟᱫ ᱫᱚ ᱦᱟᱱᱛᱮ ᱱᱟᱛᱮ ᱟᱠᱟᱱᱟ, ᱢᱮᱱᱠᱷᱟᱱ ᱚᱱᱟ ᱨᱮᱱᱟᱝ ᱟᱥᱚᱞ ᱨᱩᱯᱛᱮᱛ ᱫᱚ ᱢᱤᱫᱼᱟᱜᱮᱭᱟ।
train_santalimale_00076	wavs/train_santalimale_00076.wav	ᱥᱮᱨᱮᱧ ᱠᱟᱹᱦᱱᱤ ᱠᱚ ᱫᱚ ᱞᱟᱸᱫᱟᱣᱟ:, ᱨᱟᱹᱥᱠᱟᱹᱣᱟ, ᱵᱷᱟᱣᱱᱟᱣᱟᱷ ᱪᱮᱛᱟᱱ ᱜᱮ ᱵᱟᱹᱲᱛᱤ ᱠᱟᱛᱮ ᱡᱚᱱᱚᱲᱟᱹᱣ ᱢᱮᱱᱟ: ᱟ।
train_santalimale_00077	wavs/train_santalimale_00077.wav	ᱥᱮᱨᱮᱧ, ᱠᱟᱹᱦᱱᱤ ᱟᱨ ᱛᱷᱩᱛᱤ ᱠᱚᱨᱮ ᱫᱚ ᱨᱟᱡᱟ-ᱨᱟᱱᱤ, ᱰᱟᱱᱚ-ᱵᱷᱩᱛ, ᱪᱮᱸᱲᱮᱹ-ᱪᱤᱯᱨᱩᱛ, ᱜᱟᱥᱟᱸᱛᱚ-ᱛᱟᱥᱟᱫᱼᱟ ᱵᱟᱦᱟ-ᱡᱚ, ᱤᱯᱤᱞ ᱮᱭᱸᱜᱮᱞ, ᱫᱟᱷ ᱨᱤᱢᱤᱞ ᱮᱢᱟᱱᱟ: ᱪᱮᱛᱟᱱ ᱜᱮ ᱡᱚᱱᱚᱲᱟᱹᱣ ᱢᱮᱱᱟᱷ ᱟ।
train_santalimale_00078	wavs/train_santalimale_00078.wav	ᱟᱨ ᱱᱚᱣᱟᱠᱚ ᱜᱮ ᱠᱟᱱᱟ ᱠᱟᱹᱦᱱᱤ ᱥᱮ ᱛᱷᱩᱛᱤ ᱨᱮᱱᱟ: ᱟᱥᱚᱞ ᱛᱮᱛᱮᱫ ᱫᱚ।
train_santalimale_00079	wavs/train_santalimale_00079.wav	ᱱᱚᱣᱟ ᱠᱟᱹᱦᱱᱤ, ᱛᱷᱩᱛᱤ ᱥᱮ ᱥᱮᱨᱮᱧ ᱛᱟᱞᱟᱛᱮ ᱧᱟᱢᱚ: ᱟ ᱥᱟᱱᱛᱟᱲ ᱥᱟᱸᱣᱛᱟ ᱨᱮᱭᱟᱷ, ᱥᱟᱸᱣᱛᱟᱥᱤᱯᱦᱤ ᱨᱟᱭᱚᱨᱤᱛ, ᱟᱹᱨᱪᱟᱹᱞᱤ ᱨᱮᱱᱟᱷ ᱛᱮᱛᱮᱫ ᱠᱟᱛᱷᱟ ᱟᱨ ᱢᱩᱲ ᱠᱟᱛᱷᱟ।
train_santalimale_00080	wavs/train_santalimale_00080.wav	ᱡᱟᱦᱮᱨ ᱛᱟᱞᱟ ᱨᱮᱱ ᱡᱟᱦᱮᱨ ᱵᱚᱸᱜᱟ, ᱢᱟᱨᱟᱝ ᱵᱩᱨᱩ, ᱡᱟᱦᱮᱨ ᱟᱭᱚ, ᱞᱤᱴᱟ ᱜᱚᱸᱥᱟᱭ, ᱜᱚᱸᱥᱟᱲᱮᱹ ᱮᱨᱟ, ᱢᱚᱲᱮᱹᱠᱚ, ᱛᱩᱨᱩᱭᱠᱚ।
train_santalimale_00081	wavs/train_santalimale_00081.wav	ᱠᱟᱨᱟᱢ ᱵᱚᱸᱜᱟ ᱨᱮᱱ ᱠᱟᱨᱢᱩᱫᱷᱟᱨᱢᱩ, ᱫᱟᱸᱥᱟᱭ ᱵᱚᱸᱜᱟ ᱨᱮᱱ ᱱᱟᱭᱚᱱᱠᱟᱡᱚᱞ, ᱨᱤᱡᱟ ᱵᱚᱸᱜᱟ ᱨᱮᱱ ᱠᱨᱤᱥᱬ, ᱵᱚᱞᱨᱟᱢ, ᱨᱟᱢ, ᱞᱚᱠᱥᱚᱬ, ᱥᱤᱛᱟ, ᱜᱚᱯᱤᱱᱤ, ᱨᱟᱣᱚᱬ ᱮᱢᱟᱱ ᱠᱚᱣᱟ: ᱠᱟᱹᱢᱤ ᱫᱟᱲᱮᱹ ᱟᱨ ᱠᱟᱹᱦᱱᱤ ᱚᱠᱟᱨᱮ ᱫᱚ ᱥᱮᱨᱮᱧ ᱛᱟᱞᱟᱛᱮ, ᱚᱠᱟᱨᱮ ᱫᱚ ᱠᱟᱹᱦᱱᱤ ᱛᱟᱞᱟᱛᱮ ᱟᱧᱡᱚᱢ ᱦᱤᱡᱩᱷ ᱠᱟᱱᱟ।
train_santalimale_00082	wavs/train_santalimale_00082.wav	ᱥᱟᱱᱛᱟᱲ ᱥᱟᱸᱣᱛᱟ ᱨᱮᱭᱟ: ᱮᱱᱮᱪ, ᱥᱮᱨᱮᱧ, ᱠᱟᱹᱦᱱᱤ, ᱛᱷᱩᱛᱤ ᱫᱚ ᱪᱟᱸᱫᱚ ᱪᱟᱸᱫᱚ ᱦᱟᱴᱤᱧ ᱠᱟᱛᱮ ᱢᱮᱱᱟ: ᱟ।
train_santalimale_00083	wavs/train_santalimale_00083.wav	ᱚᱱᱟ ᱜᱮ ᱯᱤᱲᱦᱤ ᱫᱚᱨ ᱯᱤᱲᱦᱤ ᱟᱧᱡᱚᱢ ᱦᱤᱡᱩᱷ ᱠᱟᱱᱟ, ᱥᱟᱱᱛᱟᱲ ᱥᱟᱸᱣᱛᱟ ᱨᱮ।
train_santalimale_00084	wavs/train_santalimale_00084.wav	ᱚᱱᱟ ᱥᱮᱨᱮᱧ, ᱠᱟᱹᱦᱱᱤ, ᱛᱷᱩᱛᱤ ᱵᱟᱸᱠᱷᱮᱲ ᱠᱚ ᱛᱩᱢᱟᱞ ᱡᱟᱣᱨᱟ ᱠᱟᱛᱮ ᱜᱮ ᱱᱚᱣᱟ ᱥᱟᱱᱛᱟᱲᱤ ᱟᱹᱫ ᱥᱟᱸᱣᱦᱮᱛ ᱯᱩᱛᱷᱤ ᱫᱚ ᱪᱷᱟᱯᱟ ᱥᱚᱫᱚᱨ ᱟᱠᱟᱱᱟ।
train_santalimale_00085	wavs/train_santalimale_00085.wav	ᱱᱚᱝᱠᱟ ᱜᱮ ᱟᱨ ᱦᱚᱸ ᱟᱹᱰᱤᱜᱟᱱ ᱥᱮᱨᱮᱧ ᱠᱚ ᱢᱮᱱᱟ: ᱟ।
train_santalimale_00086	wavs/train_santalimale_00086.wav	ᱚᱱᱟ ᱠᱚ ᱦᱚᱸ ᱠᱟᱴᱤᱡᱼᱟ-ᱠᱟᱴᱤᱡᱼᱟ ᱛᱮ ᱛᱩᱢᱟᱞ ᱡᱟᱣᱨᱟ ᱠᱟᱛᱮ ᱵᱚᱱ ᱪᱷᱟᱯᱟ ᱥᱚᱫᱚᱨ ᱦᱚᱪᱚ ᱫᱟᱲᱮᱹᱭᱟ: ᱠᱷᱟᱱ, ᱥᱟᱱᱛᱟᱲᱤ ᱦᱚᱲ ᱥᱟᱸᱣᱦᱮᱸᱛ ᱢᱩᱨᱟᱤ ᱫᱚ ᱠᱮᱴᱮᱡᱼᱟ ᱟᱠᱟ ᱜᱮ ᱛᱟᱸᱦᱮᱸᱱᱟ।
train_santalimale_00087	wavs/train_santalimale_00087.wav	ᱡᱟᱦᱟᱸᱭ ᱠᱚ ᱴᱷᱮᱱ ᱠᱷᱚᱱ ᱱᱚᱣᱟ ᱥᱮᱨᱮᱧ ᱦᱟᱛᱟᱣ ᱟᱠᱟᱱᱟ ᱩᱱᱠᱩ ᱫᱚ ᱨᱤᱫᱟᱹᱭ ᱯᱮᱨᱮᱪ ᱫᱩᱞᱟᱲ ᱡᱚᱦᱟᱨ ᱪᱟᱞ ᱟᱠᱚ ᱠᱟᱱᱟ।
train_santalimale_00088	wavs/train_santalimale_00088.wav	ᱵᱚᱸᱜᱟ ᱛᱟᱞᱟ ᱟᱠᱟᱱ ᱪᱩᱱᱠᱩᱨᱟᱢ ᱴᱩᱰᱩ, ᱢᱟᱨᱟᱝᱚᱵᱩᱨᱩ ᱥᱚᱨᱮᱱ, ᱵᱚᱞᱨᱟᱢ ᱴᱩᱰᱩ, ᱞᱚᱪᱷᱚᱢᱚᱱ ᱥᱚᱨᱮᱱ, ᱨᱟᱡᱟᱨᱟᱢ ᱦᱟᱸᱥᱫᱟ, ᱨᱩᱯᱟᱤ ᱥᱚᱨᱮᱱ, ᱢᱟᱠᱚᱲ ᱴᱩᱰᱩ, ᱞᱟᱠᱷᱟᱤ ᱥᱚᱨᱮᱱ, ᱨᱢᱟᱱᱟᱛᱷ ᱢᱩᱨᱢᱩ, ᱟᱨ ᱦᱚᱸ ᱟᱭᱢᱟ ᱥᱮᱨᱮᱧ ᱯᱟᱨᱩᱠᱷᱤᱭᱟ ᱠᱚᱣᱟ: ᱜᱚᱲᱚ ᱦᱟᱛᱟᱣ ᱟᱠᱟᱫᱟ।
train_santalimale_00089	wavs/train_santalimale_00089.wav	ᱪᱷᱟᱯᱟ ᱥᱚᱫᱚᱨ ᱨᱮ ᱢᱤᱫᱼᱟᱵᱟᱨ ᱵᱷᱩᱞ ᱵᱤᱥᱚᱨ ᱛᱟᱦᱮᱸ ᱫᱟᱲᱮᱹᱭᱟ: ᱟ ᱚᱱᱟ ᱫᱚ ᱯᱟᱲᱦᱟᱣ ᱥᱚᱡᱷᱮᱠᱟᱛᱮ ᱚᱱᱟ ᱨᱮᱱᱟ: ᱜᱟᱵᱮ ᱟᱨ ᱨᱟᱥᱟᱵᱚᱱ ᱪᱮᱯᱮᱡᱼᱟ ᱦᱟᱴᱤᱧᱟ।
train_santalimale_00090	wavs/train_santalimale_00090.wav	ᱢᱟᱜᱷ ᱵᱚᱸᱜᱟ ᱢᱩᱞᱩ: ᱥᱟᱸᱣᱛᱮ, ᱥᱟᱱᱟᱢ ᱥᱟᱱᱛᱟᱲ ᱟᱹᱛᱩ ᱨᱮᱜᱮ ᱰᱟᱦᱟᱨ ᱥᱮᱨᱮᱧᱚ-ᱮᱱᱮᱡᱼᱟ ᱨᱮᱱᱟᱷ ᱨᱟᱦᱟ ᱛᱟᱠᱮᱨ ᱛᱟᱨᱠᱚ ᱨᱟᱠᱟᱵᱼᱟ ᱟ ᱰᱟᱦᱚᱨ ᱫᱷᱩᱲᱤ ᱛᱮ।
train_santalimale_00091	wavs/train_santalimale_00091.wav	ᱢᱮᱱᱟᱠᱚ ᱥᱮᱫᱟᱭ ᱠᱷᱚᱱᱜᱮ ᱥᱤᱧ ᱪᱟᱸᱫᱚ ᱫᱚ ᱫᱤᱱᱮ ᱞᱮᱠᱷᱟᱭᱟ, ᱟᱨ ᱧᱤᱫᱟ ᱪᱟᱸᱫᱚ ᱫᱚ ᱪᱟᱸᱫᱚᱭ ᱞᱮᱠᱷᱟ ᱠᱚᱣᱟ।
train_santalimale_00092	wavs/train_santalimale_00092.wav	ᱱᱚᱣᱟ ᱡᱮᱜᱮᱫᱼᱟ ᱨᱮᱱ ᱥᱤᱨᱡᱚᱱᱤᱡᱼᱟ ᱥᱤᱨᱡᱚᱱ ᱫᱚ ᱧᱤᱫᱟ ᱪᱟᱸᱫᱚ ᱠᱚ ᱫᱚ ᱜᱮᱞᱵᱟᱨ ᱦᱟᱹᱴᱤᱧ ᱨᱮᱭ ᱦᱟᱹᱴᱤᱧ ᱟᱠᱟᱫᱼᱟ ᱠᱚᱣᱟ।
train_santalimale_00093	wavs/train_santalimale_00093.wav	ᱩᱱᱠᱩᱣᱟ: ᱧᱩᱛᱩᱢ ᱫᱚ ᱠᱟᱱᱟ ᱢᱟᱜᱷ, ᱯᱷᱟᱹᱜᱩᱱ, ᱪᱟᱛ, ᱵᱟᱹᱤᱥᱟᱹᱠ, ᱡᱷᱮᱴ, ᱟᱥᱟᱲ, ᱥᱟᱱ, ᱵᱷᱟᱫᱚᱨ, ᱫᱟᱸᱥᱟᱭ, ᱥᱚᱦᱨᱟᱭ, ᱟᱜᱷᱟᱸᱲ ᱟᱨ ᱯᱩᱥ।
train_santalimale_00094	wavs/train_santalimale_00094.wav	ᱚᱱᱟᱛᱮ ᱱᱩᱠᱩ ᱜᱮᱞᱵᱟᱨ ᱪᱟᱸᱫᱚ ᱫᱚ ᱜᱮᱞᱵᱟᱨ ᱵᱚᱸᱜᱟ ᱨᱮᱭ ᱥᱤᱫᱩᱵᱼᱟ ᱟᱠᱟᱫᱼᱟ ᱠᱚᱣᱟ।
train_santalimale_00095	wavs/train_santalimale_00095.wav	ᱢᱟᱜᱷ ᱪᱟᱸᱫᱚ ᱨᱮ ᱫᱚ ᱢᱟᱜᱷ ᱵᱚᱸᱜᱟ, ᱯᱷᱟᱹᱜᱩᱱ ᱪᱟᱸᱫᱚ ᱨᱮ ᱫᱚ ᱵᱟᱦᱟ ᱵᱚᱸᱜᱟ, ᱪᱟᱛ ᱪᱟᱸᱫᱚ ᱨᱮ ᱫᱚ ᱡᱩᱜᱱᱤ ᱵᱚᱸᱜᱟ, ᱵᱟᱹᱤᱥᱟᱹᱠ ᱪᱟᱸᱫᱚ ᱨᱮ ᱫᱚ ᱮᱨᱚᱷ ᱵᱚᱸᱜᱟ।
train_santalimale_00096	wavs/train_santalimale_00096.wav	ᱡᱷᱮᱴ ᱪᱟᱸᱫᱚ ᱨᱮ ᱫᱚ ᱢᱩᱪᱨᱤᱵᱚᱸᱜᱟ, ᱟᱥᱟᱲ ᱪᱟᱸᱫᱚ ᱨᱮ ᱫᱚ ᱟᱥᱟᱲᱤᱹᱭᱟ ᱵᱚᱸᱜᱟ, ᱥᱟᱱ ᱪᱟᱸᱫᱚ ᱨᱮ ᱫᱚ ᱠᱟᱨᱟᱢ ᱵᱚᱸᱜᱟ।
train_santalimale_00097	wavs/train_santalimale_00097.wav	ᱵᱷᱟᱫᱚᱨ ᱪᱟᱸᱫᱚ ᱨᱮ ᱫᱚ ᱡᱟᱱᱛᱟᱲ ᱵᱚᱸᱜᱟ, ᱫᱟᱸᱥᱟᱭ ᱪᱟᱸᱫᱚ ᱨᱮ ᱫᱚ ᱫᱟᱸᱥᱟᱭ ᱵᱚᱸᱜᱟ।
train_santalimale_00098	wavs/train_santalimale_00098.wav	ᱥᱚᱦᱨᱟᱭ ᱪᱟᱸᱫᱚ ᱨᱮ ᱫᱚ ᱥᱚᱦᱨᱟᱭ ᱵᱚᱸᱜᱟ, ᱟᱥᱟᱲ ᱪᱟᱸᱫᱚ ᱨᱮ ᱫᱚ ᱡᱚᱢᱚᱥᱤᱢ ᱵᱚᱸᱜᱟ, ᱯᱩᱥ ᱪᱟᱸᱫᱚ ᱨᱮ ᱫᱚ ᱥᱟᱠᱨᱟᱛ ᱵᱚᱸᱜᱟ।
train_santalimale_00099	wavs/train_santalimale_00099.wav	ᱪᱟᱸᱫᱚ ᱠᱚ ᱫᱚ ᱢᱩᱞᱩ: ᱠᱷᱚᱱ ᱮᱭᱦᱚᱵᱼᱟ ᱠᱟᱛᱮ ᱠᱩᱱᱟᱹᱢᱤ ᱦᱟᱵᱤᱹᱡᱼᱟ ᱟᱨ ᱠᱩᱱᱟᱹᱢᱤ ᱠᱷᱚᱱ ᱮᱭᱦᱚᱵᱼᱟ ᱠᱟᱛᱮ ᱟᱢᱟᱵᱟᱤᱥᱤ ᱦᱟᱹᱵᱤᱡᱼᱟ ᱯᱮᱜᱮᱞ ᱥᱤᱧ ᱪᱟᱸᱫᱚ ᱫᱚ ᱢᱤᱫᱼᱟᱴᱟᱝ ᱪᱟᱸᱫᱚ ᱨᱮᱭ ᱞᱮᱠᱷᱟ ᱠᱟᱛᱮ, ᱥᱤᱨᱡᱚᱱ ᱨᱮᱱᱟ: ᱥᱚᱡᱚᱱᱛᱚᱨ ᱧᱮᱞᱮᱞᱚᱢ ᱨᱩᱯ ᱨᱮ।
train_santalimale_00100	wavs/train_santalimale_00100.wav	ᱢᱟᱜᱷ ᱪᱟᱸᱫᱚ ᱠᱷᱚᱱ ᱜᱮ ᱮᱭᱦᱚᱵᱼᱟ ᱮᱱᱟ ᱢᱤᱢᱤᱫᱼᱟ ᱥᱮᱨᱢᱟ ᱨᱮᱱᱟᱷ ᱞᱮᱠᱷᱟ ᱫᱤᱱ ᱫᱚ।
train_santalimale_00101	wavs/train_santalimale_00101.wav	ᱚᱱᱟᱛᱮ ᱢᱟᱜᱷ ᱪᱟᱸᱫᱚ ᱫᱚ ᱥᱮᱨᱢᱟ ᱪᱮ ᱵᱚᱪᱷᱚᱨ ᱫᱤᱱ ᱨᱮᱱᱟ: ᱮᱛᱚᱦᱚᱵᱼᱟ ᱪᱟᱸᱫᱚ ᱠᱟᱱᱟ।
train_santalimale_00102	wavs/train_santalimale_00102.wav	ᱥᱤᱥᱤᱨᱡᱚᱱᱤᱡᱼᱟ ᱥᱤᱨᱡᱚᱱ ᱫᱚ ᱢᱟᱜᱷ ᱵᱚᱸᱜᱟ ᱫᱚᱭ ᱥᱤᱫᱩᱵᱼᱟ ᱠᱮᱫᱮᱭᱟ ᱢᱟᱜᱷ ᱪᱟᱸᱫᱚ ᱨᱮ।
train_santalimale_00103	wavs/train_santalimale_00103.wav	ᱥᱤᱨᱡᱚᱱ ᱨᱮᱱᱟ: ᱥᱚᱡᱚᱱᱛᱚᱨ ᱫᱷᱟᱹᱨᱛᱤ ᱨᱮ ᱢᱟᱱᱣᱟ ᱠᱚ ᱵᱟᱝ ᱮᱱᱠᱷᱟᱱ ᱢᱟᱨᱟᱝ ᱵᱩᱨᱩ ᱣᱟ: ᱥᱚᱠᱷᱟ ᱛᱮ, ᱦᱚᱲ ᱦᱚᱯᱚᱱ ᱠᱚ ᱫᱚ ᱵᱤᱨ ᱵᱩᱨᱩ ᱢᱟ: ᱥᱟᱯᱷᱟ ᱯᱷᱟᱨᱪᱟ ᱠᱟᱛᱮ, ᱫᱷᱤᱨᱤ ᱲᱟᱹᱰᱤ ᱟᱹᱛᱩᱠᱚ ᱵᱮᱨᱮᱫᱼᱟ ᱞᱮᱫᱟ।
train_santalimale_00104	wavs/train_santalimale_00104.wav	ᱵᱤᱨ ᱵᱩᱨᱩ ᱢᱟ: ᱯᱷᱟᱨᱪᱟ ᱡᱚᱦᱚ: ᱦᱚᱲ ᱦᱚᱯᱚᱱ ᱠᱚ ᱫᱚ ᱵᱤᱨ ᱵᱚᱸᱜᱟ ᱵᱟᱹᱜᱷᱤᱭᱟ ᱠᱚ ᱥᱟᱵᱼᱟ ᱞᱮᱫᱮᱭᱟ।
train_santalimale_00105	wavs/train_santalimale_00105.wav	ᱢᱟᱜᱷ ᱪᱟᱸᱫᱚ ᱨᱮᱭᱟ: ᱢᱩᱞᱩ: ᱯᱮ ᱢᱟᱦᱟ ᱨᱮ।
train_santalimale_00106	wavs/train_santalimale_00106.wav	ᱩᱱᱡᱚᱦᱚ: ᱩᱱᱤ ᱵᱟᱹᱜᱷᱤᱭᱟ ᱵᱚᱸᱜᱟ ᱮ ᱢᱮᱱᱞᱮᱫᱟ ᱦᱮ ᱢᱟᱱᱣᱟ ᱠᱚ ᱤᱧ ᱦᱚᱸ ᱡᱟᱦᱮᱨ ᱟᱭᱚᱣᱟ: ᱚᱲᱟᱹ: ᱞᱮᱠᱟ, ᱚᱲᱟᱹ: ᱵᱮᱱᱟᱣᱟᱧ ᱯᱮ।
train_santalimale_00107	wavs/train_santalimale_00107.wav	ᱚᱲᱟᱹ: ᱛᱟᱞᱟᱨᱮ ᱠᱷᱚᱸᱰ ᱵᱮᱱᱟᱣ ᱠᱟᱛᱮ, ᱵᱟᱞᱮ ᱠᱷᱚᱫ ᱡᱟᱝ ᱪᱩᱨᱩᱯ ᱪᱩᱲᱚᱪᱩᱯᱮ, ᱵᱟᱞᱮᱢᱟᱭᱟᱝ ᱡᱚᱨᱚᱧᱯᱮ, ᱮᱱᱠᱷᱟᱱ ᱜᱮ ᱤᱧᱤᱧ ᱟᱛᱟᱝ ᱟ।
train_santalimale_00108	wavs/train_santalimale_00108.wav	ᱤᱧ ᱯᱮ ᱠᱩᱥᱤ ᱨᱟᱹᱥᱠᱟ ᱦᱚᱪᱚ ᱤᱧᱠᱷᱟᱱ ᱫᱤᱞ ᱫᱟᱲᱮᱹᱧ ᱥᱟᱨᱦᱟᱣ ᱟᱯᱮᱭᱟ।
train_santalimale_00109	wavs/train_santalimale_00109.wav	ᱵᱤᱨᱠᱟᱹᱰᱢᱤ ᱠᱩᱲᱤ, ᱜᱩᱛᱤᱠᱚᱲᱟᱹ ᱠᱚᱧ ᱛᱚᱞ ᱠᱚᱣᱟ ᱟᱨ ᱚᱱᱟ ᱛᱚᱭᱟᱢ ᱵᱤᱨ ᱵᱩᱨᱩ ᱵᱚᱞᱚᱱ ᱯᱮ ᱪᱤᱞᱤ ᱦᱚᱸ ᱵᱟᱝᱯᱮ ᱧᱟᱢ ᱠᱚᱣᱟ।
train_santalimale_00110	wavs/train_santalimale_00110.wav	ᱪᱮᱫᱼᱟ ᱦᱚᱭ ᱦᱤᱥᱤᱫᱼᱟ ᱦᱚᱸ ᱵᱟᱝ ᱵᱟᱡᱟᱣ ᱟᱯᱮᱭᱟ।
train_santalimale_00111	wavs/train_santalimale_00111.wav	ᱵᱤᱨ ᱥᱟᱨᱡᱚᱢ ᱥᱮᱱᱮᱨ ᱢᱟᱜ ᱯᱮ, ᱵᱤᱨ ᱥᱤᱨᱦᱤ ᱵᱟᱛᱟ ᱢᱟᱜ ᱯᱮ।
train_santalimale_00112	wavs/train_santalimale_00112.wav	ᱩᱱᱠᱷᱚᱱ ᱜᱮ ᱢᱟᱜᱷ ᱵᱚᱸᱜᱟ ᱢᱩᱞᱩ: ᱯᱮ ᱢᱟᱦᱟ ᱠᱷᱚᱱ ᱟᱹᱛᱩ ᱱᱟᱭᱠᱮ ᱢᱟᱜᱷ ᱵᱚᱸᱜᱟ ᱮ ᱵᱚᱸᱜᱟᱭᱟ ᱜᱚᱨᱟᱢᱨᱮ।
train_santalimale_00113	wavs/train_santalimale_00113.wav	ᱵᱚᱸᱜᱟ ᱫᱮᱣᱟ ᱥᱮᱣᱟ ᱞᱟᱹᱜᱤᱫᱼᱟ ᱟᱹᱛᱩ ᱢᱟᱸᱡᱷᱤ, ᱱᱟᱭᱠᱮ ᱜᱚᱲᱮᱹᱫᱼᱟ, ᱯᱟᱨᱟᱱᱤᱠ ᱟᱹᱛᱩ ᱦᱚᱲᱠᱚ ᱟᱛᱮ, ᱱᱤᱴ ᱟᱠᱟᱱ ᱫᱤᱱ ᱵᱤᱨ ᱛᱮᱠᱚ ᱵᱚᱞᱚᱱᱟ, ᱵᱤᱨ ᱥᱟᱨᱡᱚᱢ ᱨᱮᱱᱟ: ᱥᱮᱱᱮᱨ, ᱵᱤᱨ ᱥᱤᱨᱦᱤ ᱠᱟᱨᱜᱟᱞᱮ ᱨᱮᱱᱟᱝ ᱵᱟᱛᱟ, ᱵᱤᱨ ᱞᱟᱲ ᱵᱟᱵᱮᱨ, ᱟᱨ ᱵᱤᱨ ᱥᱟᱜᱟ: ᱥᱟᱣᱲᱤ ᱛᱮ ᱡᱟᱦᱮᱨ ᱚᱲᱟᱹ: ᱠᱚ ᱵᱮᱱᱟᱣᱟ।
train_santalimale_00114	wavs/train_santalimale_00114.wav	ᱵᱟᱞᱮ ᱠᱷᱚᱫᱮ, ᱵᱟᱞᱮ ᱥᱤᱢ ᱢᱟᱭᱟᱝ ᱛᱮᱠᱚ ᱜᱚᱪᱟᱨ ᱮᱭᱟ।
train_santalimale_00115	wavs/train_santalimale_00115.wav	ᱱᱚᱣᱟ ᱥᱤᱨᱚᱥᱛᱟ ᱜᱮ ᱥᱟᱱᱛᱟᱲ ᱟᱹᱛᱩ ᱨᱮ ᱱᱤᱛᱦᱚ ᱢᱮᱱᱟ: ᱟ।
train_santalimale_00116	wavs/train_santalimale_00116.wav	ᱩᱱᱡᱚᱦᱚ ᱦᱚᱲ ᱦᱚᱯᱚᱱ ᱠᱚᱫᱚ ᱵᱚᱸᱜᱟ ᱧᱩᱛᱩᱢ ᱛᱮ ᱱᱚᱝᱠᱟ ᱠᱚ ᱵᱟᱠᱷᱮᱲᱟᱹ।
train_santalimale_00117	wavs/train_santalimale_00117.wav	ᱡᱟᱦᱮᱨ ᱜᱚᱥᱟᱭ, ᱵᱟᱹᱫᱷᱤᱭᱟ ᱵᱚᱸᱜᱟ, ᱮᱢᱟᱢ ᱪᱟᱞᱟᱜᱼᱟ ᱠᱟᱱᱟ ᱞᱮ।
train_santalimale_00118	wavs/train_santalimale_00118.wav	ᱢᱟᱜᱷ ᱵᱚᱸᱜᱟ ᱧᱩᱛᱩᱢ ᱛᱮ ᱵᱟᱞᱮ ᱠᱷᱚᱫᱮ ᱡᱟᱨᱮᱞ ᱪᱩᱨᱩᱡᱼᱟ ᱮᱢᱚ ᱠᱟᱱᱟ, ᱵᱟᱞᱮ ᱥᱤᱢ ᱢᱟᱭᱟᱝ ᱞᱮ ᱡᱚᱨᱚ ᱟᱢ ᱠᱟᱱ।
train_santalimale_00119	wavs/train_santalimale_00119.wav	ᱥᱩᱠᱛᱮ ᱥᱟᱸᱣᱟᱨ ᱛᱮ ᱟᱛᱟᱝ ᱠᱟᱛᱟ ᱞᱮ ᱢᱮ ᱵᱟᱲᱮᱹ।
train_santalimale_00120	wavs/train_santalimale_00120.wav	ᱱᱚᱣᱟ, ᱱᱟᱣᱟ ᱥᱮᱨᱢᱟ ᱵᱚᱞᱚᱱ ᱠᱟᱱ, ᱡᱚᱲᱚᱱ ᱠᱟᱱ, ᱚᱱᱟ ᱦᱚᱸ ᱥᱟᱨᱟᱠᱟᱷ ᱥᱟᱹᱜᱩᱱ ᱠᱟ: ᱢᱮ ᱵᱟᱲᱮᱹ।
train_santalimale_00121	wavs/train_santalimale_00121.wav	ᱵᱤᱨ ᱨᱮ ᱵᱩᱨᱩ ᱨᱮ, ᱦᱚᱨ ᱨᱮ, ᱫᱷᱟᱨᱮ ᱨᱮ, ᱥᱟᱣᱲᱤ ᱟᱞᱮ, ᱥᱟᱜᱟ:ᱟᱞᱮ, ᱚᱲᱟᱹᱜᱚ: ᱟᱞᱮ, ᱫᱩᱣᱟᱨᱚ: ᱟᱞᱮ, ᱚᱱᱟ ᱦᱚᱸ ᱧᱮᱞᱠᱟᱷ ᱢᱮ।
train_santalimale_00122	wavs/train_santalimale_00122.wav	ᱟᱹᱛᱩ ᱨᱮ ᱢᱟᱲᱫᱮ ᱨᱮ, ᱨᱚᱜᱚ: ᱟᱞᱮ ᱵᱤᱫᱷᱤᱭᱟᱹ ᱟᱞᱮ ᱚᱱᱟ ᱦᱚᱸ ᱟᱢᱜᱮᱢ ᱧᱮᱞ ᱥᱟᱦᱟᱣᱠᱟᱷ ᱟ।
train_santalimale_00123	wavs/train_santalimale_00123.wav	ᱟᱞᱚᱢ ᱵᱚᱞᱚ ᱦᱚᱪᱚᱭᱟ, ᱠᱷᱚᱲᱚ ᱦᱚᱪᱚᱭᱟ।
train_santalimale_00124	wavs/train_santalimale_00124.wav	ᱞᱚᱴᱚ ᱡᱟᱹᱱᱩᱢ ᱠᱟᱲᱠᱮ ᱡᱟᱹᱱᱩᱢ ᱠᱚ ᱞᱮᱱᱠᱟ: ᱛᱮᱱᱠᱟ ᱟᱢ।
train_santalimale_00125	wavs/train_santalimale_00125.wav	ᱠᱟᱲᱢᱤ ᱠᱩᱲᱤ ᱜᱩᱛᱨᱩᱫᱼᱟ ᱥᱮᱛᱟ ᱠᱚᱢ, ᱛᱚᱞᱠᱚᱢ ᱵᱮᱫᱷᱟᱣ ᱠᱟᱫᱼᱟᱠᱚᱣᱟᱢ।
train_santalimale_00126	wavs/train_santalimale_00126.wav	ᱵᱟᱹᱤᱨᱤ ᱠᱚ ᱥᱟᱤᱨᱤ ᱠᱚ, ᱧᱮᱞ ᱫᱟᱨᱟᱢ, ᱢᱮᱫᱼᱟ ᱫᱟᱨᱟᱢ, ᱦᱮᱞᱮᱡᱼᱟ ᱫᱟᱨᱟᱢ ᱠᱚᱣᱟᱢ।
train_santalimale_00127	wavs/train_santalimale_00127.wav	ᱵᱤᱨ ᱨᱮ ᱵᱩᱨᱩ ᱨᱮ, ᱫᱮᱥ ᱨᱮ, ᱫᱤᱥᱚᱢ ᱨᱮ, ᱢᱟᱫᱼᱟᱠᱚᱢ ᱜᱮᱞᱮ ᱨᱮ, ᱥᱟᱨᱡᱚᱢ ᱵᱟᱦᱟ ᱨᱮ, ᱥᱟᱨᱠᱟ: ᱟᱢ, ᱥᱟᱜᱩᱱᱠᱟ: ᱟᱢ।
train_santalimale_00128	wavs/train_santalimale_00128.wav	ᱡᱟᱲᱜᱮ ᱫᱟ: ᱡᱟᱹᱲᱤ ᱫᱟ: ᱦᱚᱭ ᱟᱹᱜᱩ, ᱪᱟᱯᱮ ᱟᱹᱜᱩ ᱠᱟ: ᱟᱢ।
train_santalimale_00129	wavs/train_santalimale_00129.wav	ᱡᱤᱣᱤ ᱡᱟᱹᱛᱤ ᱨᱮ ᱱᱟᱣᱟ ᱫᱟᱲᱮᱹ, ᱱᱟᱣᱟ ᱨᱟᱹᱥᱠᱟᱹ ᱠᱚᱢ ᱥᱟᱨᱦᱮᱫᱼᱟᱠᱟ: ᱟᱢ ᱵᱟᱲᱮᱹ।
train_santalimale_00130	wavs/train_santalimale_00130.wav	ᱵᱚᱸᱜᱟ ᱫᱮᱣᱟ ᱥᱮᱵᱟ ᱥᱟᱹᱛ ᱛᱟᱭᱚᱢ ᱵᱚᱸᱜᱟ ᱥᱟᱨᱮᱡᱼᱟ ᱥᱚᱲᱮᱹᱠᱚ ᱡᱚᱢᱟ, ᱢᱤᱢᱤᱫᱼᱟ ᱪᱩᱠᱛᱤ ᱦᱟᱸᱰᱤ ᱦᱚᱠᱚ ᱧᱩᱭᱟ।
train_santalimale_00131	wavs/train_santalimale_00131.wav	ᱚᱱᱟ ᱛᱟᱭᱚᱢ ᱟᱹᱛᱩ ᱫᱤᱥᱚᱢ ᱨᱮᱭᱟ: ᱵᱮᱥ ᱵᱟᱲᱤᱹᱡᱼᱟ ᱠᱟᱛᱷᱟᱠᱚ ᱜᱟᱯᱟᱞ ᱢᱟᱨᱟᱣ ᱟ।
train_santalimale_00132	wavs/train_santalimale_00132.wav	ᱟᱨ ᱟᱹᱛᱩ ᱴᱮᱞᱟ ᱨᱮᱱ ᱠᱩᱲᱤ ᱜᱤᱫᱨᱟᱹᱠᱚ ᱦᱚᱸ ᱰᱟᱦᱟᱨ ᱮᱱᱮᱡᱼᱟ ᱥᱮᱨᱮᱧ ᱠᱚ ᱢᱮᱛᱟ ᱠᱚᱣᱟ।
train_santalimale_00133	wavs/train_santalimale_00133.wav	ᱚᱱᱟ ᱰᱟᱦᱟᱨ ᱥᱮᱨᱮᱧ ᱠᱚ ᱜᱮ ᱯᱤᱲᱦᱤ ᱪᱮᱛᱟᱱ ᱯᱤᱲᱦᱤ ᱟᱧᱡᱚᱢ ᱦᱤᱡᱩᱷ ᱠᱟᱱᱟ।
train_santalimale_00134	wavs/train_santalimale_00134.wav	ᱰᱟᱦᱟᱨ ᱮᱱᱮᱡᱼᱟ ᱥᱮᱨᱮᱧ ᱫᱚ ᱠᱩᱲᱤ ᱜᱤᱫᱨᱟᱹ ᱦᱚᱛᱮᱛᱮ ᱟᱹᱛᱩ ᱟᱠᱷᱲᱟᱹᱨᱮ, ᱰᱟᱦᱟᱨ ᱨᱮᱜᱮ ᱠᱚ ᱥᱮᱨᱮᱧ।
train_santalimale_00135	wavs/train_santalimale_00135.wav	ᱥᱟᱱᱛᱟᱲ ᱦᱚᱲ ᱦᱚᱯᱚᱱ ᱠᱚᱣᱟ:, ᱫᱚᱥᱟᱨ ᱥᱤᱨᱤᱡᱼᱟ ᱯᱚᱨᱚᱵ ᱫᱚ ᱠᱟᱱᱟ ᱵᱟᱦᱟ ᱯᱚᱨᱚᱵ।
train_santalimale_00136	wavs/train_santalimale_00136.wav	ᱥᱟᱨᱡᱚᱢ ᱵᱟᱦᱟ ᱟᱨ ᱢᱟᱛᱠᱚᱢ ᱜᱮᱞᱮ ᱡᱮᱠᱷᱚᱱ ᱜᱮ ᱵᱤᱨ ᱵᱩᱨᱩ ᱨᱮᱱᱟᱷ ᱫᱟᱨᱮ ᱨᱮ ᱵᱟᱦᱟ ᱯᱷᱩᱴᱟᱣᱚ: ᱟ, ᱮᱱᱠᱷᱟᱱ ᱜᱮ ᱵᱟᱦᱟ ᱯᱚᱨᱚᱵ ᱫᱤᱱ ᱥᱮᱴᱮᱨᱚ: ᱟ।
train_santalimale_00137	wavs/train_santalimale_00137.wav	ᱵᱟᱦᱟ ᱵᱚᱸᱜᱟ ᱟᱨ ᱵᱟᱦᱟ ᱨᱮᱱᱟ: ᱮᱱᱮᱡᱼᱟ ᱥᱮᱨᱮᱧ ᱫᱚ ᱩᱱᱡᱚᱦᱚᱷ ᱥᱤᱨᱡᱟᱣ ᱟᱠᱟᱱᱟ, ᱡᱚᱠᱷᱚᱱ ᱜᱮ ᱢᱟᱱᱣᱟ ᱟᱨ ᱥᱤᱨᱤᱧ ᱛᱟᱞᱟᱨᱮ ᱡᱟᱦᱟᱸᱱ ᱦᱟᱹᱴᱤᱧ ᱨᱮᱱᱟ: ᱜᱟᱨ ᱵᱟᱲ ᱛᱟᱸᱦᱮᱸᱠᱟᱱᱟ।
train_santalimale_00138	wavs/train_santalimale_00138.wav	ᱩᱱᱡᱚᱦᱚ: ᱫᱚ ᱢᱟᱱᱣᱟ ᱟᱨ ᱥᱤᱨᱤᱡᱼᱟ ᱫᱚ ᱢᱤᱫᱼᱟᱴᱟᱝ ᱛᱚᱱᱚᱞ ᱛᱮ, ᱛᱚᱞᱚᱠᱤᱱ ᱛᱟᱸᱦᱮᱸᱠᱟᱱᱟ।
train_santalimale_00139	wavs/train_santalimale_00139.wav	ᱟᱨ ᱡᱟᱦᱟᱸᱛᱤᱥ ᱢᱟᱱᱣᱟ ᱢᱚᱱᱮᱨᱮ ᱪᱮᱛᱱᱟ ᱡᱟᱜᱟᱣ ᱮᱱᱟ, ᱤᱱ ᱦᱤᱞᱚ: ᱠᱷᱚᱱ ᱜᱮ ᱥᱤᱨᱤᱡᱼᱟ ᱨᱮᱱᱟ: ᱟᱹᱰᱤ ᱞᱮᱠᱟᱱ ᱜᱷᱚᱴᱱᱟ ᱟᱨ ᱩᱤᱦᱟᱹᱨ ᱟᱹᱤᱠᱟᱹᱣᱛᱮ ᱵᱟᱰᱟᱭ ᱨᱮᱱᱟ: ᱵᱩᱡᱷᱟᱹᱣ ᱦᱩᱭ ᱞᱮᱱᱟ।
train_santalimale_00140	wavs/train_santalimale_00140.wav	ᱚᱱᱟ ᱵᱩᱡᱷᱟᱹᱣ ᱜᱮ ᱥᱤᱨᱤᱡᱼᱟ ᱨᱮᱱᱟ: ᱛᱮᱛᱮᱫᱼᱟ ᱟᱨ ᱜᱷᱚᱴᱱᱟ ᱜᱮ ᱠᱟᱱᱟ, ᱵᱟᱦᱟ ᱵᱚᱸᱜᱟ ᱨᱮᱱᱟ: ᱟᱥᱚᱞ ᱡᱚᱥ ᱫᱚ।
train_santalimale_00141	wavs/train_santalimale_00141.wav	ᱥᱟᱱᱛᱟᱲ ᱥᱟᱸᱣᱛᱟ ᱨᱮ ᱥᱤᱨᱤᱡᱼᱟ ᱵᱚᱸᱜᱟ ᱟᱨ ᱚᱱᱟ ᱨᱮᱱᱟ: ᱯᱟᱹᱛᱭᱟᱹᱣ ᱫᱚ ᱟᱹᱰᱤ ᱜᱮ ᱢᱟᱨᱟᱝᱟ।
train_santalimale_00142	wavs/train_santalimale_00142.wav	ᱥᱤᱨᱤᱡᱼᱟ ᱪᱮᱛᱟᱱ ᱟᱯᱱᱟᱨᱟ: ᱦᱮᱞᱟᱣ ᱟᱨ ᱚᱱᱟ ᱪᱮᱛᱟᱱ ᱫᱮᱵᱟ ᱥᱮᱵᱟ ᱜᱮ ᱡᱤᱭᱚᱱ ᱨᱮᱱᱟ: ᱢᱤᱫᱼᱟᱴᱟᱝ ᱦᱟᱹᱴᱤᱧ ᱠᱟᱱᱟ।
train_santalimale_00143	wavs/train_santalimale_00143.wav	ᱡᱤᱭᱚᱱ ᱨᱮᱱᱟ: ᱢᱚᱱ ᱨᱮ ᱫᱷᱚᱨᱚᱢ ᱟᱨ ᱟᱥᱟ ᱨᱮᱱᱟᱝ ᱞᱮᱜᱱᱮᱢᱟᱪᱟᱨ ᱪᱮᱛᱟᱱ ᱯᱟᱹᱛᱭᱟᱹᱣ ᱜᱮ ᱠᱟᱱᱟ ᱵᱟᱦᱟ ᱵᱚᱸᱜᱟ ᱫᱚ।
train_santalimale_00144	wavs/train_santalimale_00144.wav	ᱵᱟᱦᱟ ᱮᱱᱮᱡᱼᱟ ᱥᱮᱨᱮᱧ ᱫᱚ ᱠᱟᱱᱟ, ᱚᱠᱟ ᱛᱮ ᱫᱷᱚᱨᱚᱢ ᱯᱟᱹᱛᱭᱟᱹᱣ ᱟᱨ ᱡᱤᱭᱚᱱ ᱨᱩᱠᱷᱭᱟᱹ ᱫᱚᱦᱚᱭ ᱨᱮᱭᱟ: ᱠᱟᱛᱷᱟ।
train_santalimale_00145	wavs/train_santalimale_00145.wav	ᱵᱟᱦᱟ ᱥᱮᱨᱮᱧ ᱨᱮᱱᱟ: ᱡᱚᱱᱚᱲᱟᱹᱣ ᱫᱚ ᱥᱟᱸᱣᱛᱟ ᱨᱮᱱᱟᱷ ᱟᱨᱤ ᱪᱟᱞᱤ, ᱫᱷᱚᱨᱚᱢ ᱠᱚᱨᱚᱢ, ᱵᱚᱸᱜᱟ ᱵᱩᱨᱩ ᱨᱮᱱᱟ: ᱵᱤᱫᱷᱤ ᱣᱤᱫᱷᱟᱱ, ᱥᱟᱸᱣᱜᱮ ᱡᱚᱱᱚᱲ ᱢᱮᱱᱟ: ᱟ।
train_santalimale_00146	wavs/train_santalimale_00146.wav	ᱥᱮᱨᱮᱧ ᱥᱟᱸᱣᱛᱮ ᱢᱮᱱᱟ: ᱟ ᱯᱩᱛᱷᱤ, ᱠᱟᱛᱷᱟ ᱵᱤᱱᱛᱤ, ᱵᱟᱸᱠᱷᱮᱲ ᱟᱨ ᱮᱱᱮᱡᱼᱟ ᱨᱩ ᱨᱟᱦᱟ ᱠᱚ।
train_santalimale_00147	wavs/train_santalimale_00147.wav	ᱥᱮᱨᱮᱧ, ᱯᱩᱛᱷᱤ, ᱠᱟᱛᱷᱟ, ᱵᱤᱱᱛᱤ, ᱵᱟᱸᱠᱷᱮᱲ, ᱮᱱᱮᱡᱼᱟ ᱟᱨ ᱨᱩ ᱨᱟᱦᱟ ᱫᱚ ᱠᱟᱱᱟ ᱫᱷᱚᱨᱚᱢ ᱱᱤᱛᱤ, ᱟᱨ ᱫᱷᱚᱨᱚᱢ ᱟᱨᱤ ᱪᱟᱞᱤ।
train_santalimale_00148	wavs/train_santalimale_00148.wav	ᱱᱚᱣᱟ ᱫᱷᱚᱨᱚᱢ ᱟᱨᱤ ᱪᱟᱞᱤᱛᱮᱜᱮ ᱛᱚᱞ ᱢᱮᱱᱟ: ᱟ ᱥᱟᱱᱛᱟᱲ ᱥᱟᱸᱣᱛᱟ ᱫᱚ।
train_santalimale_00149	wavs/train_santalimale_00149.wav	ᱵᱟᱦᱟ ᱮᱱᱮᱡᱼᱟ ᱥᱮᱨᱮᱧ ᱠᱚ ᱫᱚ ᱨᱟᱹᱥᱠᱟᱹ ᱨᱤᱭᱟ ᱥᱩᱢᱩᱝ ᱫᱚ ᱵᱟᱝ ᱠᱟᱱᱟ ᱵᱟᱦᱟ ᱮᱱᱮᱡᱼᱟ ᱥᱮᱨᱮᱧ ᱫᱚ ᱠᱟᱱᱟ ᱡᱤᱭᱚᱱ ᱨᱮᱱᱟ: ᱛᱮᱛᱮᱫᱼᱟ ᱛᱮᱫ ᱜᱮ।
train_santalimale_00150	wavs/train_santalimale_00150.wav	ᱡᱟᱦᱟᱸᱛᱮ ᱟᱠᱤᱞ ᱜᱮᱭᱟᱱ ᱨᱮᱱᱟᱷ ᱢᱩᱨᱟᱹᱤ ᱡᱚᱢᱟ।
train_santalimale_00151	wavs/train_santalimale_00151.wav	ᱥᱟᱱᱛᱟᱲ ᱥᱟᱸᱣᱛᱟ ᱨᱮ ᱵᱟᱦᱟ ᱵᱚᱸᱜᱟ ᱨᱮᱱᱟᱷ ᱟᱥᱚᱞ ᱡᱚᱥ ᱩᱫᱫᱮᱥᱭ ᱫᱚ ᱠᱟᱱᱟ ᱟᱠᱷᱤᱨ ᱫᱤᱱ ᱨᱮᱱ ᱥᱩᱠ ᱥᱟᱸᱣᱟᱨ ᱟᱨ ᱱᱟᱯᱚᱭᱛᱮ ᱧᱟᱢᱜᱮ ᱠᱟᱱᱟ।
train_santalimale_00152	wavs/train_santalimale_00152.wav	ᱵᱟᱦᱟ ᱮᱱᱮᱡᱼᱟ ᱥᱮᱨᱮᱧ ᱡᱟᱦᱮᱨᱛᱷᱟᱱ ᱨᱮ ᱜᱮ ᱦᱩᱭᱩ: ᱟ।
train_santalimale_00153	wavs/train_santalimale_00153.wav	ᱵᱟᱦᱟ ᱵᱚᱸᱜᱟ ᱫᱚ ᱟᱹᱛᱩ ᱨᱮᱱ ᱱᱟᱭᱠᱮ, ᱠᱩᱲᱟᱹᱢ ᱱᱟᱭᱠᱮ, ᱢᱟᱸᱡᱷᱤ ᱢᱚᱲᱮᱹ ᱦᱚᱲ ᱟᱛᱮ ᱜᱮ ᱢᱤᱫᱼᱟᱛ ᱢᱤᱫᱼᱟᱴᱟᱝ ᱜᱚᱨᱟᱢ ᱨᱮᱜᱮ ᱦᱩᱭᱩ: ᱟ।
train_santalimale_00154	wavs/train_santalimale_00154.wav	ᱚᱠᱟ ᱯᱟᱹᱨᱤᱥ ᱨᱮᱱ ᱦᱚᱲ ᱠᱚᱣᱟ: ᱜᱚᱨᱟᱢ ᱠᱟᱱᱟ ᱩᱱᱠᱩᱣᱟ: ᱛᱤᱛᱮᱜᱮ ᱡᱟᱦᱮᱨ ᱛᱷᱟᱱ ᱨᱮᱱ ᱵᱚᱸᱜᱟ ᱵᱩᱨᱩ ᱡᱟᱦᱮᱨ ᱟᱭᱚ, ᱢᱟᱨᱟᱝ ᱵᱩᱨᱩ, ᱞᱤᱴᱟᱹ ᱜᱚᱸᱥᱟᱭ, ᱜᱚᱸᱥᱟᱲᱮᱹ, ᱢᱚᱲᱮᱹᱠᱚ ᱛᱩᱨᱩᱤᱠᱚ ᱫᱚ ᱫᱮᱣᱟ ᱥᱮᱵᱟ ᱠᱚ ᱟᱛᱟᱝᱟ।
train_santalimale_00155	wavs/train_santalimale_00155.wav	ᱯᱷᱟᱹᱜᱩᱱ ᱵᱚᱸᱜᱟ ᱢᱩᱞᱩ: ᱠᱷᱚᱱ ᱯᱷᱟᱹᱜᱩᱱ ᱠᱩᱱᱟᱢᱤ ᱦᱟᱵᱤᱡᱼᱟ ᱜᱮᱞᱢᱚᱲᱮᱹ ᱢᱟᱦᱟ ᱫᱤᱱ ᱵᱟᱦᱟ ᱵᱚᱸᱜᱟ ᱫᱚ ᱡᱟᱦᱮᱨ ᱛᱷᱟᱱ ᱨᱮ ᱥᱤᱫᱩᱵᱼᱟ ᱮ ᱛᱟᱸᱦᱮᱸᱱᱟ।
train_santalimale_00156	wavs/train_santalimale_00156.wav	ᱚᱱᱟᱛᱮ ᱯᱷᱟᱹᱜᱩᱱ ᱵᱚᱸᱜᱟ ᱢᱩᱞᱩ: ᱠᱷᱚᱱ ᱠᱩᱱᱟᱢᱤ ᱦᱟᱵᱤᱡᱼᱟ ᱛᱮᱜᱮ ᱵᱟᱦᱟ ᱵᱚᱸᱜᱟ ᱫᱮᱣᱟ ᱥᱮᱣᱟ ᱫᱚ ᱦᱩᱭᱩ: ᱟ ᱢᱮᱱᱟ: ᱟ।
train_santalimale_00157	wavs/train_santalimale_00157.wav	ᱵᱟᱦᱟ ᱵᱚᱸᱜᱟ ᱨᱮᱱᱟ ᱠᱟᱹᱢᱤᱦᱚᱨᱟ ᱫᱚ ᱯᱮ ᱢᱟᱦᱟ ᱫᱤᱱ ᱢᱟᱱᱟᱣ ᱵᱟᱛᱟᱣᱚ: ᱟ।
train_santalimale_00158	wavs/train_santalimale_00158.wav	ᱥᱟᱱᱛᱟᱲ ᱦᱚᱲ ᱦᱚᱯᱚᱱ ᱠᱚᱣᱟ: ᱛᱮᱥᱟᱨ ᱥᱤᱨᱤᱡᱼᱟ ᱯᱟᱹᱨᱟᱹᱵ ᱫᱚ ᱠᱟᱱᱟ ᱠᱟᱨᱟᱢ ᱯᱟᱹᱨᱟᱹᱵ।
train_santalimale_00159	wavs/train_santalimale_00159.wav	ᱠᱟᱨᱟᱢ ᱯᱟᱹᱨᱟᱹᱵ ᱫᱚ ᱥᱟᱱ ᱪᱟᱸᱫᱚ ᱨᱮᱱᱟ: ᱠᱩᱱᱟᱹᱢᱤ ᱨᱮ ᱦᱩᱭᱩ: ᱟ।
train_santalimale_00160	wavs/train_santalimale_00160.wav	ᱠᱟᱨᱟᱢ ᱵᱚᱸᱜᱟ ᱧᱩᱛᱩᱢ ᱛᱮ ᱵᱟᱨᱲᱟᱹᱨ ᱠᱟᱨᱟᱢ ᱲᱟᱹᱨ ᱟᱠᱷᱲᱟᱹ ᱨᱮ ᱠᱚ ᱵᱤᱫᱟ, ᱟᱨ ᱠᱚ ᱮᱱᱚᱡᱼᱟ ᱥᱮᱨᱮᱧ, ᱥᱟᱱᱛᱟᱲ ᱟᱹᱛᱩ ᱨᱮ ᱥᱟᱱ ᱵᱚᱸᱜᱟ ᱨᱮ ᱡᱟᱣ ᱫᱤᱱᱜᱮ।
train_santalimale_00161	wavs/train_santalimale_00161.wav	ᱥᱟᱱᱛᱟᱲ ᱦᱚᱲ ᱦᱚᱯᱚᱱ ᱫᱚ ᱥᱮᱫᱟᱭ ᱠᱷᱚᱱ ᱜᱮ ᱪᱟᱢᱯᱟᱜᱟᱲ, ᱵᱚᱫᱚᱞᱟᱜᱟᱲ, ᱠᱚᱸᱭᱰᱟᱜᱟᱲ, ᱞᱩᱤᱵᱟᱲᱤᱜᱟᱰ, ᱠᱷᱚᱸᱭᱨᱤᱜᱟᱲ, ᱪᱤᱨᱩᱜᱟᱲ, ᱫᱩᱜᱫᱟᱜᱟᱲ, ᱨᱟᱦᱮᱲᱜᱟᱲ, ᱠᱷᱚᱸᱭᱨᱤᱜᱟᱲ, ᱠᱚᱨᱮ ᱰᱤᱰᱟᱰᱤ ᱵᱮᱱᱟᱣ ᱠᱟᱛᱮ ᱠᱚ ᱛᱟᱸᱦᱮᱦᱮᱡᱼᱟ ᱟᱠᱟᱱᱟ।
train_santalimale_00162	wavs/train_santalimale_00162.wav	ᱜᱮᱞᱵᱟᱨ ᱯᱟᱹᱨᱤᱥ ᱱᱤᱭᱟ, ᱜᱮᱞᱵᱟᱨ ᱜᱟᱲ ᱠᱚ ᱦᱚᱸ ᱠᱚ ᱵᱮᱨᱮᱫᱼᱟ ᱞᱮᱫᱟ।
train_santalimale_00163	wavs/train_santalimale_00163.wav	ᱯᱟᱹᱨᱤᱥ ᱱᱤᱭᱟ ᱟᱯᱟᱱ ᱟᱯᱤᱱ ᱡᱤᱵᱼᱟᱠᱟ ᱠᱚᱦᱚᱸ ᱠᱚ ᱥᱟᱵᱼᱟ ᱞᱮᱫᱼᱟ ᱟ।
train_santalimale_00164	wavs/train_santalimale_00164.wav	ᱠᱟᱨᱟᱢ ᱯᱟᱨᱟᱵᱼᱟ ᱨᱮᱱᱟ: ᱮᱱᱮᱡᱼᱟ ᱥᱮᱨᱮᱧ ᱨᱩ ᱨᱟᱦᱟ ᱫᱚ ᱩᱱᱡᱚᱦᱚ: ᱥᱤᱨᱡᱟᱹᱣ ᱟᱠᱟᱱᱟ, ᱚᱱᱟ ᱡᱚᱦᱚᱷ ᱜᱚᱴᱟ ᱫᱷᱟᱹᱨᱛᱤ ᱨᱮ ᱟᱠᱟᱞ ᱦᱩᱭᱞᱮᱱ ᱛᱟᱸᱦᱮᱸᱠᱟᱱᱟ।
train_santalimale_00165	wavs/train_santalimale_00165.wav	ᱢᱮᱱᱟᱠᱚ ᱪᱤᱨᱩᱜᱟᱲ ᱨᱮ ᱠᱟᱨᱢᱩ ᱟᱨ ᱫᱷᱟᱨᱢᱩ ᱧᱩᱛᱩᱢᱟᱱ ᱵᱟᱨᱭᱟ ᱡᱟᱣᱲᱟᱹ ᱜᱤᱫᱨᱟᱹ ᱠᱤᱱ ᱛᱟᱸᱦᱮᱸᱠᱟᱱᱟ।
train_santalimale_00166	wavs/train_santalimale_00166.wav	ᱟᱠᱟᱞ ᱟᱛᱟᱥ ᱛᱮ ᱱᱩᱠᱤᱱ ᱨᱮᱱ ᱟᱭᱚ ᱵᱟᱵᱟ ᱫᱚ ᱫᱷᱟᱹᱨᱛᱤ ᱠᱷᱚᱱᱚᱠᱤᱱ ᱫᱟᱞᱟᱝ ᱞᱮᱱᱟ।
train_santalimale_00167	wavs/train_santalimale_00167.wav	ᱚᱱᱟᱛᱮ ᱠᱟᱨᱢᱩ ᱟᱨ ᱫᱷᱟᱨᱢᱩ ᱫᱚ ᱫᱤᱱᱟᱢ ᱜᱮ ᱪᱟᱭᱜᱟᱲ, ᱪᱟᱢᱯᱟᱜᱟᱲ, ᱱᱟᱜᱟᱨᱜᱟᱲ, ᱪᱟᱨᱟᱭᱜᱟᱲ, ᱨᱟᱦᱮᱲᱜᱟᱲ ᱟᱨ ᱮᱢᱟᱹᱱ ᱜᱟᱲ ᱠᱚ ᱠᱤᱱ ᱫᱟᱲᱟᱹᱱ ᱠᱟᱱ ᱛᱟᱸᱦᱮᱸᱠᱟᱱᱟ।
train_santalimale_00168	wavs/train_santalimale_00168.wav	ᱟᱨ ᱦᱟᱹᱱᱤ ᱚᱲᱟᱹ: ᱱᱩᱤ ᱚᱲᱟᱹ ᱠᱷᱚᱱ, ᱫᱟᱠᱟ ᱠᱤᱱ ᱠᱚᱭ ᱛᱟᱸᱦᱮᱸᱫᱼᱟ।
train_santalimale_00169	wavs/train_santalimale_00169.wav	ᱟᱨ ᱟᱠᱤᱱᱟ ᱞᱟᱭᱚᱡᱼᱟ ᱨᱮᱸᱜᱮᱡᱼᱟ ᱠᱤᱱ ᱞᱟᱜᱟᱹᱭ ᱛᱟᱸᱦᱮᱫᱼᱟ।
train_santalimale_00170	wavs/train_santalimale_00170.wav	ᱫᱤᱱᱵᱷᱩᱨ ᱫᱟᱸᱲᱟᱹᱱ ᱛᱮ ᱠᱟᱨᱢᱩ ᱫᱚ ᱟᱹᱰᱤᱡᱚᱨ ᱜᱮᱭ ᱞᱟᱸᱜᱟᱭᱮᱱᱟ।
train_santalimale_00171	wavs/train_santalimale_00171.wav	ᱞᱟᱸᱜᱟ ᱯᱷᱟᱸᱰᱜᱟᱨ ᱞᱟᱹᱜᱤᱛ ᱴᱟᱹᱴᱤᱡᱷᱟᱨᱤ ᱜᱟᱰᱟ ᱫᱷᱟᱨᱮ ᱨᱮ ᱢᱮᱱᱟ: ᱠᱟᱨᱟᱢ ᱫᱟᱨᱮ ᱵᱩᱴᱟᱹ ᱨᱮᱭ ᱫᱩᱰᱩᱯ ᱮᱱᱟ।
train_santalimale_00172	wavs/train_santalimale_00172.wav	ᱠᱟᱨᱟᱢ ᱫᱟᱨᱮ ᱨᱮᱱᱟ ᱨᱮᱭᱟᱲ ᱦᱚᱭ ᱛᱮ ᱢᱤᱫᱼᱟᱜᱷᱟᱲᱤ ᱠᱷᱟᱱᱜᱮ ᱟᱲᱤ ᱱᱟᱯᱟᱭ ᱮ ᱟᱭᱠᱟᱣ ᱠᱮᱫᱼᱟ ᱟ।
train_santalimale_00173	wavs/train_santalimale_00173.wav	ᱡᱟᱹᱯᱤᱫᱼᱟ ᱚᱠᱛᱚ ᱨᱮ ᱠᱩᱠᱩᱢ ᱛᱮ ᱠᱟᱨᱟᱢ ᱵᱚᱸᱜᱟ, ᱠᱟᱨᱟᱢ ᱜᱚᱸᱥᱟᱭ ᱮ ᱧᱟᱢ ᱠᱮᱫᱮᱭᱟ।
train_santalimale_00174	wavs/train_santalimale_00174.wav	ᱠᱩᱠᱢᱩ ᱨᱮ ᱠᱟᱨᱟᱢ ᱜᱚᱸᱥᱟᱭ ᱮ ᱞᱟᱤ ᱠᱮᱫᱼᱟ ᱟ ᱦᱮ ᱠᱟᱨᱢᱩ ᱟᱵᱤᱱ ᱫᱚ ᱛᱤᱱ ᱫᱤᱱ ᱱᱚᱝᱠᱟᱵᱤᱱ ᱠᱚᱭ ᱵᱟᱲᱟᱹᱭᱟ।
train_santalimale_00175	wavs/train_santalimale_00175.wav	ᱤᱧ ᱢᱤᱫᱼᱟᱴᱟᱝ ᱠᱟᱛᱷᱟᱧ ᱞᱟᱹᱤ ᱟᱢ ᱠᱟᱱᱟ।
train_santalimale_00176	wavs/train_santalimale_00176.wav	ᱟᱢ ᱫᱚ ᱪᱟᱢᱯᱟ ᱜᱟᱲ ᱪᱟᱞᱟ: ᱢᱮᱸ, ᱪᱟᱢᱯᱟ ᱜᱟᱲ ᱨᱮᱱᱟ: ᱥᱤᱛᱟ ᱱᱟᱞᱟ ᱜᱟᱰᱟ ᱫᱷᱟᱨᱮ ᱨᱮ ᱢᱤᱫᱼᱟ ᱠᱟᱨᱟᱢ ᱫᱟᱨᱮ ᱢᱮᱱᱟ: ᱟ।
train_santalimale_00177	wavs/train_santalimale_00177.wav	ᱚᱱᱟ ᱠᱟᱨᱟᱢ ᱫᱟᱨᱮ ᱠᱷᱚᱱ ᱵᱟᱨᱭᱟ ᱠᱟᱨᱟᱢ ᱲᱟᱹᱨ ᱢᱟ: ᱟᱜᱩᱭ ᱢᱮ।
train_santalimale_00178	wavs/train_santalimale_00178.wav	ᱠᱟᱨᱟᱢ ᱥᱟᱠᱟᱢ ᱨᱮᱱᱟᱷ ᱛᱩᱢᱫᱟᱷ ᱵᱮᱱᱟᱣᱢᱮ।
train_santalimale_00179	wavs/train_santalimale_00179.wav	ᱯᱮᱫᱷᱟᱣ ᱜᱚᱰ ᱠᱟᱛᱮ ᱮᱱᱮᱡᱼᱟ ᱥᱮᱨᱮᱧ ᱢᱮᱸ।
train_santalimale_00180	wavs/train_santalimale_00180.wav	ᱠᱟᱨᱟᱢ ᱜᱚᱸᱥᱟᱭ ᱠᱩᱥᱤ ᱞᱮᱱ ᱠᱷᱟᱱ ᱫᱷᱚᱱ ᱟᱱᱟᱡ ᱦᱩᱰᱩ, ᱪᱟᱣᱞᱮ, ᱜᱟᱹᱭ, ᱠᱟᱰᱟᱭ ᱮᱢᱟᱢᱟ।
train_santalimale_00181	wavs/train_santalimale_00181.wav	ᱱᱚᱣᱟ ᱠᱩᱠᱢᱩ ᱠᱟᱛᱷᱟ ᱟᱧᱡᱚᱢ ᱥᱟᱸᱣᱛᱮ ᱠᱟᱨᱢᱩ ᱫᱚᱭ ᱡᱟᱹᱯᱤᱫᱼᱟ ᱠᱷᱚᱱᱮ ᱵᱮᱨᱮᱛ ᱮᱱᱟ।
train_santalimale_00182	wavs/train_santalimale_00182.wav	ᱵᱮᱨᱮᱫᱼᱟ ᱮᱱ ᱛᱟᱭᱚᱢ ᱠᱟᱨᱢᱩ ᱟᱨ ᱫᱷᱟᱨᱢᱩ ᱫᱚ ᱥᱤᱛᱟ ᱱᱟᱞᱟ ᱜᱟᱰᱟ ᱫᱷᱟᱨᱮ ᱨᱮ ᱢᱮᱱᱟ: ᱠᱟᱨᱟᱢ ᱲᱟᱹᱨ ᱢᱟ: ᱟᱜᱩ ᱠᱟᱛᱮ ᱠᱤᱱ ᱵᱤᱫᱼᱟ ᱠᱮᱫᱼᱟ ᱟ, ᱯᱮ ᱫᱷᱟᱣ ᱠᱤᱱ ᱜᱚᱰᱠᱮᱫᱼᱟ ᱟ, ᱱᱮᱦᱚᱨ ᱠᱮᱫᱼᱟ ᱟ ᱠᱟᱨᱟᱢ ᱜᱚᱥᱟᱭ ᱧᱩᱛᱩᱢ ᱛᱮᱠᱤᱱ ᱮᱱᱮᱡᱼᱟ ᱥᱮᱨᱮᱧ ᱠᱮᱫᱟ।
train_santalimale_00183	wavs/train_santalimale_00183.wav	ᱮᱱᱮᱡᱼᱟ ᱵᱷᱟᱜᱟᱣ ᱠᱟᱛᱮ ᱚᱲᱟᱹᱷ ᱛᱤᱠᱤᱱ ᱨᱩᱣᱟᱹᱲ ᱪᱟᱞᱟ: ᱠᱟᱱ ᱛᱟᱸᱦᱮᱸᱠᱟᱱᱟ।
train_santalimale_00184	wavs/train_santalimale_00184.wav	ᱩᱱᱡᱚᱦᱚ: ᱠᱟᱨᱟᱢᱩ ᱫᱚ ᱫᱟᱨᱮ ᱵᱩᱴᱷ ᱨᱮ ᱫᱷᱮᱱᱩᱜᱟᱹᱭ ᱠᱤᱱ ᱧᱟᱢ ᱠᱮᱫᱮᱭᱟ।
train_santalimale_00185	wavs/train_santalimale_00185.wav	ᱥᱤᱨᱟᱹᱢ ᱪᱟᱸᱣᱟᱨ ᱫᱷᱤᱨᱤ ᱪᱟᱴᱟᱱᱤ ᱨᱮ ᱫᱟᱦᱲᱤ ᱞᱩᱜᱲᱤᱠᱤᱱ ᱧᱟᱢᱠᱮᱫᱼᱟ ᱟ।
train_santalimale_00186	wavs/train_santalimale_00186.wav	ᱟᱨ ᱢᱟᱫᱼᱟ ᱞᱟᱴᱟ ᱨᱮ ᱫᱚ ᱜᱟᱸᱜᱤ ᱛᱤᱨᱭᱚ ᱠᱤᱱ ᱧᱟᱢᱠᱮᱫᱼᱟ ᱟ।
train_santalimale_00187	wavs/train_santalimale_00187.wav	ᱚᱱᱟ ᱠᱚ ᱤᱫᱤ ᱠᱟᱛᱮ ᱚᱲᱟᱹ: ᱛᱮᱠᱤᱱ ᱨᱩᱣᱟᱹᱲ ᱪᱟᱞᱟᱣ ᱮᱱᱟ।
train_santalimale_00188	wavs/train_santalimale_00188.wav	ᱚᱱᱟ ᱛᱮ ᱥᱮᱸᱫᱟᱭ ᱠᱷᱚᱱ ᱜᱮ ᱠᱟᱨᱟᱢ ᱯᱟᱹᱨᱟᱹᱵ ᱫᱚ ᱢᱟᱱᱟᱣ ᱵᱟᱛᱟᱣ ᱦᱤᱡᱼᱟ ᱠᱟᱱᱟ ᱥᱟᱱᱛᱟᱲ ᱥᱟᱸᱣᱛᱟ ᱨᱮ।
train_santalimale_00189	wavs/train_santalimale_00189.wav	ᱠᱟᱨᱟᱢ ᱵᱚᱸᱜᱟ ᱫᱚ ᱟᱹᱛᱩ ᱨᱮᱱᱟ: ᱟᱠᱷᱲᱟᱹ ᱨᱮ ᱦᱩᱭᱩ: ᱟ।
train_santalimale_00190	wavs/train_santalimale_00190.wav	ᱠᱟᱨᱟᱢ ᱵᱚᱸᱜᱟ ᱫᱚ ᱵᱟᱹᱨᱚᱥᱤᱧ ᱠᱚ ᱢᱟᱱᱟᱣ ᱵᱟᱛᱟᱣᱟ।
train_santalimale_00191	wavs/train_santalimale_00191.wav	ᱮᱛᱚᱦᱚᱵ ᱫᱤᱱ ᱫᱚ, ᱥᱟᱸᱡᱚ ᱠᱟᱨᱟᱢ ᱟᱨ ᱫᱚᱥᱟᱨ ᱫᱤᱱ ᱫᱚ ᱵᱩᱲᱦᱤ ᱠᱟᱨᱟᱢ ᱠᱚ ᱢᱮᱛᱟ: ᱟ।
train_santalimale_00192	wavs/train_santalimale_00192.wav	ᱠᱟᱨᱟᱢ ᱜᱚᱸᱥᱟᱭ ᱵᱚᱸᱜᱟ ᱢᱟᱲᱟᱹᱝ ᱦᱤᱞᱚ: ᱥᱮᱛᱟ: ᱫᱚ, ᱟᱹᱛᱩ ᱨᱮᱱ ᱠᱚᱲᱟᱹ ᱠᱩᱲᱤ ᱜᱤᱫᱨᱟᱹ ᱠᱚ ᱫᱚ, ᱟᱹᱛᱩ ᱟᱠᱷᱲᱟᱹ ᱠᱚ ᱥᱟᱯᱷᱟᱭᱟ, ᱜᱮᱡᱼᱟ ᱜᱩᱨᱤᱡᱟ।
train_santalimale_00193	wavs/train_santalimale_00193.wav	ᱟᱭᱩᱯ ᱵᱮᱲᱟᱹ ᱫᱚ ᱟᱹᱛᱩ ᱨᱮᱱ ᱠᱚᱲᱟᱹ ᱠᱩᱲᱤ, ᱦᱟᱲᱟᱹᱢ ᱵᱩᱲᱦᱤ, ᱢᱟᱸᱡᱷᱤ ᱱᱟᱭᱠᱮ, ᱟᱹᱛᱩ ᱨᱮᱱ ᱥᱟᱱᱟᱢ ᱜᱤᱫᱨᱟᱹ ᱯᱤᱸᱫᱨᱟ ᱠᱚ ᱫᱚ ᱛᱩᱢᱫᱟ, ᱴᱟᱢᱟᱠ, ᱨᱮᱸᱜᱲᱟᱹᱛᱮ ᱮᱱᱮᱪᱥᱮᱨᱮᱧ, ᱨᱩᱨᱟᱦᱟ ᱟᱛᱮ ᱠᱟᱨᱟᱢ ᱲᱟᱹᱨ ᱟᱹᱜᱩ ᱠᱚ ᱪᱟᱞᱟᱷ ᱟ।
train_santalimale_00194	wavs/train_santalimale_00194.wav	ᱡᱟᱸᱦᱟ ᱫᱟᱨᱮ ᱨᱮᱱᱟᱷ ᱠᱟᱨᱟᱢ ᱲᱟᱹᱨᱠᱚ ᱢᱟᱜᱟ, ᱚᱱᱟ ᱫᱟᱨᱮ ᱫᱚ ᱫᱷᱩᱵᱤ ᱜᱷᱟᱸᱥ ᱟᱨ ᱟᱹᱫᱣᱟ ᱪᱟᱣᱞᱮ ᱛᱮ ᱠᱚ ᱪᱩᱢᱟᱣᱲᱟᱹᱟ।
train_santalimale_00195	wavs/train_santalimale_00195.wav	ᱫᱟᱨᱮ ᱵᱩᱴᱟᱹ ᱨᱮ ᱥᱩᱞᱛᱟ ᱵᱟᱹᱛᱤ ᱠᱚ ᱡᱩᱞᱟ।
train_santalimale_00196	wavs/train_santalimale_00196.wav	ᱚᱱᱟ ᱛᱟᱭᱚᱢ ᱱᱟᱭᱠᱮ ᱫᱚ ᱫᱟᱨᱮ ᱜᱚᱰᱼᱟ ᱠᱟᱛᱮ, ᱫᱟᱨᱮᱛᱮᱭ ᱫᱮᱡᱚ: ᱟ।
train_santalimale_00197	wavs/train_santalimale_00197.wav	ᱵᱟᱨᱭᱟ ᱠᱟᱨᱟᱢ ᱲᱟᱹᱨ ᱮ ᱢᱟ: ᱟᱸᱲᱜᱚᱭᱟ।
train_santalimale_00198	wavs/train_santalimale_00198.wav	ᱚᱱᱟ ᱵᱟᱨᱭᱟ ᱠᱟᱨᱟᱢ ᱲᱟᱹᱨ ᱫᱚ ᱡᱚᱲᱛᱮ ᱰᱟᱸᱜᱣᱟ ᱠᱚᱲᱟᱹ ᱠᱤᱱ ᱥᱟᱵᱟ।
train_santalimale_00199	wavs/train_santalimale_00199.wav	ᱟᱨ ᱟᱹᱛᱩ ᱨᱮᱱ ᱦᱚᱲᱠᱚ ᱫᱚ ᱮᱱᱮᱪ ᱥᱮᱨᱮᱧ ᱟᱛᱮ ᱟᱠᱷᱟᱲᱟᱹ ᱛᱮᱠᱚ ᱟᱹᱜᱩᱭᱟ।
train_santalimale_00200	wavs/train_santalimale_00200.wav	ᱟᱨ ᱢᱤᱫᱼᱟᱫᱷᱟᱣ ᱛᱮ ᱛᱟᱞᱟ ᱟᱠᱷᱲᱟᱹ ᱨᱮᱠᱚ ᱵᱤᱫᱟ।
train_santalimale_00201	wavs/train_santalimale_00201.wav	ᱚᱱᱟ ᱛᱟᱭᱚᱢ ᱟᱹᱛᱩ ᱨᱮᱱ ᱥᱟᱱᱟᱢ ᱦᱚᱲᱠᱚᱦᱚᱸ ᱠᱚ ᱜᱚᱰᱟ, ᱱᱮᱦᱚᱨᱟ, ᱟᱨ ᱚᱱᱟ ᱛᱟᱭᱚᱢ ᱟᱹᱛᱩ ᱨᱮᱱ ᱠᱚᱲᱟᱹ ᱠᱩᱲᱤ ᱠᱚ ᱫᱚ ᱠᱚ ᱮᱱᱮᱪ ᱥᱮᱨᱮᱧᱟ, ᱮᱱᱮᱪᱥᱮᱨᱮᱧ ᱵᱷᱟᱜᱟᱣ ᱞᱮᱱᱠᱷᱟᱱ ᱟᱨ ᱦᱚᱸ ᱵᱟᱨᱭᱟ ᱡᱚᱲᱠᱚᱲᱟᱹ ᱫᱚ ᱚᱱᱟ ᱵᱟᱨ ᱲᱟᱹᱨ ᱠᱟᱨᱟᱢ ᱫᱚ ᱛᱩᱫᱼᱟ ᱠᱟᱸᱛᱮ ᱡᱟᱸᱦᱟᱱ ᱱᱟᱹᱤ ᱥᱮ ᱟᱦᱟᱨ ᱨᱮᱠᱤᱱ ᱵᱚᱦᱮᱞ ᱟᱹᱛᱩ ᱠᱟ: ᱟ।
train_santalimale_00202	wavs/train_santalimale_00202.wav	ᱚᱱᱟ ᱛᱟᱭᱚᱢ ᱟᱹᱛᱩ ᱠᱚᱲᱟᱹ, ᱠᱩᱲᱤ ᱠᱚ ᱫᱚ ᱞᱟᱸᱜᱲᱮᱹ ᱠᱚ ᱮᱱᱮᱡᱼᱟ ᱥᱮᱨᱮᱧᱟ।
train_santalimale_00203	wavs/train_santalimale_00203.wav	ᱚᱱᱠᱟ ᱜᱮ ᱫᱚᱥᱟᱨ ᱦᱤᱞᱚ: ᱦᱚᱸ, ᱟᱹᱛᱩ ᱨᱮᱱ ᱦᱚᱲᱠᱚ ᱫᱚ ᱵᱩᱲᱦᱤ ᱠᱟᱨᱟᱢ ᱟᱹᱜᱩ ᱠᱚ ᱪᱟᱞᱟ: ᱟ।
train_santalimale_00204	wavs/train_santalimale_00204.wav	ᱟᱨ ᱵᱟᱨ ᱲᱟᱹᱨ ᱠᱟᱨᱟᱢ ᱟᱹᱜᱩ ᱠᱟᱛᱮ ᱠᱚ ᱵᱤᱫᱟ।
train_santalimale_00205	wavs/train_santalimale_00205.wav	ᱠᱟᱨᱟᱢ ᱯᱟᱹᱨᱟᱹᱵ ᱫᱚ ᱜᱚᱢᱦᱟ ᱯᱟᱹᱨᱟᱹᱵ ᱦᱚᱸ ᱠᱚ ᱢᱮᱛᱟ: ᱟ।
train_santalimale_00206	wavs/train_santalimale_00206.wav	ᱠᱟᱨᱟᱢ ᱯᱟᱹᱨᱟᱹᱵ ᱨᱮ ᱫᱚ ᱠᱟᱨᱟᱢ ᱮᱱᱮᱡᱼᱟ ᱥᱮᱨᱮᱧ ᱥᱟᱸᱣᱛᱮ ᱨᱤᱸᱡᱟ ᱮᱱᱮᱡᱼᱟ ᱥᱮᱨᱮᱧᱠᱚ ᱦᱚᱸ ᱦᱩᱭᱩ: ᱟ।
train_santalimale_00207	wavs/train_santalimale_00207.wav	ᱠᱟᱨᱟᱢ ᱵᱚᱸᱜᱟ ᱫᱮᱣᱟ ᱥᱮᱵᱟ ᱫᱚ, ᱟᱹᱛᱩ ᱨᱮᱱ ᱥᱟᱱᱟᱢ ᱦᱚᱲᱠᱚ ᱢᱤᱛᱮᱫᱼᱟ ᱟᱹᱛᱩ ᱟᱠᱷᱲᱟᱹ ᱨᱮ ᱦᱩᱭᱩ: ᱟ।
train_santalimale_00208	wavs/train_santalimale_00208.wav	ᱟᱨ ᱮᱠᱞᱟ ᱛᱮᱠᱷᱟᱱ ᱡᱟᱸᱦᱟᱭ ᱠᱟᱨᱟᱢ ᱵᱚᱸᱜᱟᱹᱭ ᱢᱟᱱᱟᱣ ᱵᱟᱛᱟᱣᱟᱭ ᱩᱱᱤ ᱥᱩᱢᱚᱝ ᱦᱚᱸᱭ ᱠᱟᱨᱟᱢ ᱯᱟᱨᱟᱵᱚᱷ।
train_santalimale_00209	wavs/train_santalimale_00209.wav	ᱠᱟᱨᱟᱢ ᱵᱚᱸᱜᱟ ᱡᱟᱦᱚ: ᱫᱚ ᱠᱟᱨᱟᱢ ᱵᱤᱱᱛᱤ ᱵᱟᱸᱠᱷᱮᱲ ᱦᱚᱸ ᱦᱩᱭᱩ: ᱟ।
train_santalimale_00210	wavs/train_santalimale_00210.wav	ᱚᱱᱟᱛᱮ ᱠᱟᱨᱟᱢ ᱫᱚ ᱥᱟᱱᱛᱟᱲ ᱥᱟᱸᱣᱛᱟ ᱨᱮᱱᱟ: ᱟᱰᱤᱢᱟᱨᱟᱝ ᱥᱤᱨᱤᱡᱼᱟ ᱯᱟᱹᱨᱟᱹᱵ ᱠᱟᱱᱟ।
train_santalimale_00211	wavs/train_santalimale_00211.wav	ᱫᱟᱸᱥᱟᱭ ᱮᱱᱮᱡᱼᱟ ᱟᱨ ᱥᱮᱨᱮᱧ ᱫᱚ ᱥᱟᱱᱛᱟᱲ ᱥᱟᱸᱣᱛᱟ ᱨᱮᱱᱟ: ᱟᱹᱰᱤ ᱢᱟᱨᱟᱝ ᱯᱟᱹᱨᱟᱹᱵ ᱠᱟᱱᱟ।
train_santalimale_00212	wavs/train_santalimale_00212.wav	ᱫᱟᱸᱥᱟᱭ ᱯᱟᱹᱨᱟᱹᱵ ᱫᱚ ᱫᱟᱲᱟᱹᱱ ᱥᱮ ᱥᱟᱸᱫᱷᱟᱨ ᱞᱮᱠᱟᱛᱮᱸ, ᱫᱟᱸᱥᱟᱭ ᱵᱚᱸᱜᱟ ᱨᱮ ᱠᱟᱛᱷᱟᱭ ᱨᱮ ᱢᱟᱱᱟᱣ ᱵᱟᱛᱟᱣᱚ: ᱟ।
train_santalimale_00213	wavs/train_santalimale_00213.wav	ᱫᱟᱸᱥᱟᱭ ᱮᱱᱮᱡᱼᱟ ᱥᱮᱨᱮᱧ ᱨᱮᱱᱟ: ᱮᱛᱚᱦᱚᱵᱼᱟ ᱫᱚ ᱠᱟᱢᱨᱩ ᱜᱩᱨᱩ ᱚᱲᱟᱹ: ᱨᱮ ᱠᱟᱸᱣᱩᱨ ᱫᱤᱥᱚᱢ ᱨᱮ ᱦᱩᱭᱞᱮᱱ ᱛᱟᱸᱦᱮᱸᱠᱟᱱᱟ।
train_santalimale_00214	wavs/train_santalimale_00214.wav	ᱚᱱᱟ ᱮᱱᱮᱡᱼᱟ ᱥᱮᱨᱮᱧ ᱛᱟᱞᱟᱛᱮ ᱫᱚ, ᱜᱩᱨᱩ ᱟᱨ ᱪᱮᱞᱟ ᱠᱚᱣᱟᱷ ᱢᱟᱱᱛᱟᱨ ᱵᱤᱨᱫᱟᱹ ᱥᱮᱸᱲᱟᱹ ᱨᱮᱱᱟ: ᱢᱤᱫᱼᱟ ᱥᱮᱪᱮᱫᱼᱟ ᱟᱠᱷᱲᱟᱹ ᱛᱟᱸᱦᱮᱸᱠᱟᱱᱟ।
train_santalimale_00215	wavs/train_santalimale_00215.wav	ᱚᱱᱟᱛᱮ ᱜᱩᱨᱩ ᱚᱲᱟᱹ: ᱨᱮᱜᱮ ᱢᱟᱱᱛᱟᱨ ᱵᱤᱨᱫᱟᱹ ᱪᱮᱫᱼᱟ ᱞᱟᱹᱜᱤᱫᱼᱟ ᱛᱮ ᱟᱠᱷᱲᱟᱹ ᱫᱚ ᱠᱚ ᱵᱮᱱᱟᱣᱟ।
train_santalimale_00216	wavs/train_santalimale_00216.wav	ᱢᱮᱱᱟᱠᱚ ᱥᱮᱫᱟᱭ ᱠᱷᱚᱱ ᱜᱮ ᱡᱟᱦᱮᱨ ᱟᱭᱚ, ᱦᱤᱥᱤ, ᱰᱩᱢᱱᱤ, ᱱᱟᱭᱚᱱ, ᱠᱟᱡᱚᱞ, ᱫᱟᱱᱜᱤ, ᱱᱟᱥᱚ, ᱯᱤᱭᱚ, ᱫᱩᱨᱜᱟ ᱮᱢᱟᱱ ᱠᱩᱲᱤ ᱵᱚᱸᱜᱟᱠᱚ ᱫᱚ ᱥᱟᱱᱛᱟᱲ ᱥᱟᱸᱣᱛᱟ ᱨᱮ ᱟᱹᱰᱤ ᱢᱟᱨᱟᱝ ᱴᱷᱟᱸᱣ ᱟᱨ ᱢᱟᱱᱠᱚ ᱧᱟᱢ ᱟᱹᱜᱩ ᱞᱮᱫᱼᱟ ᱟ।
train_santalimale_00217	wavs/train_santalimale_00217.wav	ᱥᱟᱱᱛᱟᱲ ᱥᱟᱸᱣᱛᱟ ᱨᱮ ᱱᱟᱭᱚᱱ ᱟᱨ ᱠᱟᱡᱚᱞ ᱫᱚ ᱟᱹᱰᱤ ᱫᱟᱲᱮᱹᱭᱟᱱ ᱟᱹᱰᱤ ᱪᱮᱦᱨᱟᱭᱟᱱ ᱠᱩᱲᱤ ᱵᱚᱸᱜᱟ ᱢᱮᱱᱛᱮ ᱠᱤᱱ ᱵᱟᱰᱟᱭᱚ: ᱠᱟᱱ ᱛᱟᱸᱦᱮᱸᱠᱟᱱᱟ।
train_santalimale_00218	wavs/train_santalimale_00218.wav	ᱩᱱᱚᱠᱤᱱᱟᱷ ᱨᱩᱯ ᱜᱩᱱ ᱥᱟᱱᱟᱢ ᱡᱮᱝᱮᱫᱼᱟ ᱨᱮ ᱯᱟᱥᱱᱟᱣ ᱞᱮᱱ ᱛᱟᱸᱦᱮᱸᱠᱟᱱᱟ।
train_santalimale_00219	wavs/train_santalimale_00219.wav	ᱩᱱᱚᱠᱤᱱᱟ: ᱨᱩᱯ ᱟᱨ ᱜᱩᱱ ᱧᱮᱞᱛᱮ ᱵᱟᱤᱨᱤ ᱠᱚ ᱫᱚ ᱩᱱᱚᱠᱤᱱ ᱟᱸᱜᱤᱨ ᱞᱟᱹᱜᱤᱫᱼᱟ ᱠᱚ ᱨᱤᱠᱟ ᱞᱮᱫᱟ।
train_santalimale_00220	wavs/train_santalimale_00220.wav	ᱚᱱᱠᱟ ᱞᱮᱠᱟᱛᱮ ᱫᱟᱸᱥᱟᱭ ᱵᱚᱸᱜᱟ ᱫᱤᱱ ᱠᱚ ᱟᱸᱜᱤᱨᱞᱮᱫᱼᱟ ᱠᱤᱱᱟ:।
train_santalimale_00221	wavs/train_santalimale_00221.wav	ᱱᱟᱭᱚᱱ ᱠᱟᱡᱚᱞ ᱟᱸᱜᱤᱨ ᱨᱮᱱᱟ: ᱠᱟᱛᱷᱟ ᱫᱤᱥᱚᱢ ᱨᱮᱱ ᱦᱚᱲᱠᱚ ᱵᱟᱰᱟᱭ ᱠᱮᱫᱼᱟ ᱠᱷᱟᱱ ᱥᱟᱱᱛᱟᱲ ᱜᱩᱨᱩᱠᱚ ᱫᱚ ᱟᱲᱤ ᱠᱚ ᱵᱷᱟᱣᱱᱟᱞᱮᱱᱟ।
train_santalimale_00222	wavs/train_santalimale_00222.wav	ᱚᱱᱟ ᱚᱜᱼᱟᱛᱮ ᱫᱚ ᱥᱟᱱᱛᱟᱲ ᱨᱮᱱ ᱫᱚ ᱜᱮᱞᱵᱟᱨ ᱜᱩᱨᱩ ᱠᱚ ᱛᱟᱸᱦᱮᱸᱠᱟᱱᱟ।
train_santalimale_00223	wavs/train_santalimale_00223.wav	ᱩᱱᱚᱠᱩᱣᱟᱷ ᱧᱩᱛᱩᱢ ᱫᱚ ᱫᱷᱚᱨᱚᱢ ᱜᱩᱨᱩ, ᱵᱷᱩᱣᱟᱝ ᱜᱩᱨᱩ, ᱠᱟᱢᱨᱩ ᱜᱩᱨᱩ, ᱥᱤᱫᱚ ᱜᱩᱨᱩ, ᱥᱤᱫᱟ ᱜᱩᱨᱩ, ᱱᱟᱨᱚᱥᱤᱸᱜ ᱜᱩᱨᱩ, ᱜᱟᱱᱠᱚ ᱜᱩᱨᱩ, ᱵᱷᱟᱭᱨᱚ ᱜᱩᱨᱩ, ᱡᱤᱛᱩ ᱜᱩᱨᱩ, ᱨᱚᱦᱚᱲᱚᱜᱩᱨᱩ, ᱞᱚᱦᱵᱤᱨ ᱜᱩᱨᱩ, ᱜᱟᱸᱰᱚ ᱜᱩᱨᱩ।
train_santalimale_00224	wavs/train_santalimale_00224.wav	ᱮᱱᱮᱡᱼᱟ ᱥᱮᱨᱮᱧ ᱨᱮᱱᱟᱷ ᱵᱷᱟᱣ ᱫᱚ ᱵᱷᱟᱵᱱᱟ ᱨᱟᱥᱟ ᱛᱮᱜᱮ ᱯᱮᱨᱮᱡᱼᱟ ᱟᱠᱟᱱᱟ।
train_santalimale_00225	wavs/train_santalimale_00225.wav	ᱚᱱᱟᱛᱮ ᱥᱮᱨᱮᱧ ᱨᱮᱱᱟ: ᱠᱷᱚᱫ ᱨᱮ ᱫᱚ ᱦᱟᱭ ᱦᱟᱭ, ᱦᱟᱭᱨᱮ ᱦᱟᱭ, ᱢᱮᱱᱠᱟᱛᱮ ᱜᱮ, ᱯᱟᱱᱛᱮ ᱨᱮᱱᱟ: ᱠᱟᱛᱷᱟ ᱟᱡᱚᱢᱚ: ᱟ।
train_santalimale_00226	wavs/train_santalimale_00226.wav	ᱨᱩ ᱨᱟᱦᱟ ᱫᱚ ᱨᱟᱸᱣᱟᱝ ᱨᱟᱠᱟᱵ ᱟ।
train_santalimale_00227	wavs/train_santalimale_00227.wav	ᱫᱟᱸᱥᱟᱭ ᱫᱟᱲᱟᱹᱱ ᱫᱚ ᱫᱩᱨᱜᱟᱯᱩᱡᱟ ᱨᱮᱱᱟ: ᱜᱷᱚᱴ ᱛᱷᱟᱯᱚᱱ ᱦᱤᱞᱚ: ᱠᱷᱚᱱ ᱫᱩᱨᱜᱟ ᱟᱭᱚ ᱵᱷᱟᱥᱟᱱ ᱦᱤᱞᱚ: ᱫᱷᱟᱵᱤᱡᱼᱟ, ᱢᱚᱲᱮᱹ ᱢᱟᱦᱟᱜᱮᱠᱚ ᱫᱟᱲᱟᱹᱱᱟ।
train_santalimale_00228	wavs/train_santalimale_00228.wav	ᱱᱚᱣᱟ ᱫᱟᱸᱥᱟᱭ ᱮᱱᱮᱪᱥᱮᱨᱮᱧ ᱛᱟᱞᱟᱛᱮ ᱜᱩᱨᱩ ᱠᱚᱣᱟ: ᱢᱟᱱᱛᱟᱨ ᱵᱤᱨᱫᱟᱹ, ᱪᱮᱞᱟ ᱠᱚ ᱛᱤᱱᱟ ᱠᱚ ᱪᱮᱫᱼᱟ ᱟᱠᱟᱫᱟ, ᱛᱤᱱᱟ ᱨᱮ ᱥᱤᱫᱼᱟ ᱠᱚ ᱧᱟᱢ ᱟᱠᱟᱫᱼᱟ ᱟ, ᱚᱱᱟᱠᱚ ᱵᱤᱰᱟᱣ ᱨᱮᱱᱟ: ᱚᱠᱟᱛᱚ ᱦᱚᱸ ᱠᱟᱱᱟ।
train_santalimale_00229	wavs/train_santalimale_00229.wav	ᱚᱱᱟᱛᱮ ᱫᱟᱸᱥᱟᱭ ᱫᱟᱲᱟᱹᱱ ᱡᱚᱦᱚ ᱫᱚ ᱢᱟᱱᱛᱟᱨ ᱵᱤᱨᱫᱟᱹ ᱠᱚ ᱪᱟᱞᱟᱣᱟ।
train_santalimale_00230	wavs/train_santalimale_00230.wav	ᱚᱠᱚᱭ ᱛᱤᱱᱟ: ᱮ ᱥᱮᱸᱲᱟᱹ ᱟᱠᱟᱫᱟ ᱩᱱᱤ ᱫᱚ ᱩᱱᱟ: ᱜᱮ ᱯᱟᱹᱨᱩᱠᱷᱤᱭᱟ ᱢᱮᱸᱱᱛᱮ ᱮ ᱵᱟᱰᱟᱭᱚ: ᱟ।
train_santalimale_00231	wavs/train_santalimale_00231.wav	ᱚᱱᱟᱛᱮ ᱥᱮᱨᱮᱧ ᱛᱟᱞᱟᱛᱮ ᱜᱮᱞᱣᱟᱨ ᱜᱩᱨᱩ ᱠᱚ ᱧᱩᱛᱩᱢᱚ: ᱟ, ᱟᱨ ᱱᱟᱭᱚᱱ ᱠᱟᱡᱚᱞ ᱯᱟᱱᱛᱮ ᱞᱟᱹᱜᱤᱫᱼᱟ ᱪᱮᱞᱟ ᱠᱚᱲᱟᱹ ᱠᱚ ᱫᱚ ᱟᱲᱤ ᱞᱮᱠᱟᱱ ᱨᱟᱦᱟ, ᱛᱟᱞ ᱟᱨ ᱮᱱᱮᱡᱼᱟ ᱛᱮ, ᱟᱠᱚᱣᱟ: ᱥᱮᱪᱮᱫᱼᱟ ᱫᱟᱲᱮᱹ ᱠᱚ ᱯᱟᱥᱱᱟᱣᱟ।
train_santalimale_00232	wavs/train_santalimale_00232.wav	ᱫᱟᱸᱥᱟᱭ ᱮᱱᱮᱪᱥᱮᱨᱮᱧ ᱫᱚ ᱮᱠᱮᱱ ᱠᱚᱲᱟᱹ ᱦᱚᱯᱚᱱ ᱦᱚᱛᱮᱛᱮᱜᱮ ᱦᱩᱭᱩ: ᱟ।
train_santalimale_00233	wavs/train_santalimale_00233.wav	ᱫᱟᱸᱥᱟᱭ ᱨᱮᱱᱟ: ᱠᱟᱛᱷᱟ ᱠᱚᱫᱚ ᱱᱟᱭᱚᱱ ᱠᱟᱡᱚᱞ ᱵᱚᱸᱜᱟ ᱠᱩᱲᱤ ᱥᱟᱸᱣᱛᱮ ᱜᱟᱹᱭ, ᱠᱟᱲᱟᱹ, ᱢᱟᱱᱢᱤ, ᱫᱟᱨᱮ, ᱫᱷᱤᱨᱤ, ᱵᱷᱩᱣᱟᱝ, ᱟᱷ, ᱥᱟᱨ ᱥᱤᱨᱡᱟᱣ, ᱧᱟᱢ ᱟᱨ ᱚᱢᱚᱱᱚ: ᱨᱮᱱᱟ: ᱠᱟᱛᱷᱟ ᱦᱚᱸ ᱵᱟᱰᱟᱭᱚ: ᱟ।
train_santalimale_00234	wavs/train_santalimale_00234.wav	ᱢᱮᱱᱟᱠᱚ ᱥᱮᱫᱟᱭ ᱠᱟᱸᱣᱩᱨ ᱫᱤᱥᱚᱢ ᱨᱮ ᱫᱚ ᱜᱮᱞᱵᱟᱨ ᱜᱩᱨᱩ ᱠᱚ ᱛᱟᱸᱦᱮᱸᱠᱟᱱᱟ।
train_santalimale_00235	wavs/train_santalimale_00235.wav	ᱩᱱᱠᱩ ᱫᱚ ᱢᱟᱱᱛᱟᱨ ᱵᱤᱨᱫᱟᱹ ᱠᱚ ᱵᱟᱲᱟᱹᱭ ᱠᱟᱱ ᱛᱟᱸᱦᱮᱸᱠᱟᱱᱟ।
train_santalimale_00236	wavs/train_santalimale_00236.wav	ᱡᱟᱦᱟᱸᱱ ᱨᱚᱜ, ᱟᱡᱟᱨ, ᱫᱚᱥ ᱵᱤᱥ ᱫᱚ ᱠᱷᱟᱲᱤ ᱢᱟᱴᱤ ᱠᱟᱛᱮ ᱠᱚ ᱧᱮᱞᱟ ᱟᱨ ᱚᱱᱟ ᱠᱷᱚᱱ ᱵᱟᱧᱪᱟᱣ ᱞᱟᱹᱜᱤᱫᱼᱟ ᱥᱩᱱᱩᱢ ᱥᱤᱸᱫᱩᱨ ᱠᱚ ᱟᱸᱲᱜᱚᱭᱟ।
train_santalimale_00237	wavs/train_santalimale_00237.wav	ᱢᱟᱨᱟᱝ ᱵᱩᱨᱩᱣᱟ: ᱱᱮᱦᱚᱨ ᱛᱮ ᱠᱟᱢᱨᱩ ᱜᱩᱨᱩ ᱫᱚ ᱯᱟᱱᱜᱚ ᱱᱟᱹᱲᱤ ᱥᱟᱠᱟᱢ ᱛᱟᱞᱟᱛᱮ ᱞᱩᱜᱩ ᱵᱩᱨᱩ ᱜᱷᱟᱱᱴᱟ ᱵᱟᱲᱮᱹ ᱨᱮ ᱟᱸᱲᱜᱚ ᱞᱮᱱᱟᱭ।
train_santalimale_00238	wavs/train_santalimale_00238.wav	ᱟᱨ ᱢᱟᱱᱣᱟᱠᱚ ᱢᱟᱱᱛᱟᱨ ᱵᱤᱨᱫᱟᱹ ᱮ ᱪᱮᱫᱼᱟ ᱟᱫᱼᱟ ᱠᱚ ᱛᱟᱸᱦᱮᱸᱠᱟᱱᱟ।
train_santalimale_00239	wavs/train_santalimale_00239.wav	ᱢᱟᱱᱛᱟᱨ ᱵᱤᱨᱫᱟᱹ ᱪᱮᱫ ᱠᱟᱛᱮ ᱜᱩᱨᱩ ᱦᱟᱲᱟᱹᱢ ᱫᱚ ᱵᱟᱫᱤ ᱵᱟᱤᱨᱤᱠᱚᱣᱟ: ᱯᱟᱛᱷᱨᱟ ᱠᱚ ᱥᱟᱸᱣᱲᱟᱹᱣ ᱞᱟᱹᱜᱤᱫᱼᱟ ᱮ ᱢᱟᱲᱮᱹ ᱞᱮᱫᱟ।
train_santalimale_00240	wavs/train_santalimale_00240.wav	ᱩᱱᱡᱚᱦᱚ: ᱜᱮ ᱱᱟᱭᱚᱱ ᱠᱟᱡᱚᱞ ᱦᱚᱸ ᱵᱟᱤᱨᱤ ᱠᱚ ᱟᱸᱜᱤᱨ ᱞᱮᱫᱼᱟ ᱠᱤᱱᱟ।
train_santalimale_00241	wavs/train_santalimale_00241.wav	ᱱᱟᱭᱚᱱ ᱠᱟᱡᱚᱞ ᱯᱟᱱᱛᱮ ᱧᱟᱢ ᱞᱟᱹᱜᱤᱫᱼᱟ ᱜᱩᱨᱩ ᱪᱮᱞᱟ ᱫᱚ ᱥᱩᱱᱩᱢ ᱥᱤᱸᱫᱩᱨᱠᱚ ᱟᱸᱲᱜᱚ ᱞᱮᱫᱟ।
train_santalimale_00242	wavs/train_santalimale_00242.wav	ᱠᱷᱟᱰᱤ ᱠᱷᱩᱱᱴᱤᱠᱚ ᱵᱤᱫᱼᱟ ᱞᱮᱫᱟ।
train_santalimale_00243	wavs/train_santalimale_00243.wav	ᱪᱟᱸᱫᱚ ᱨᱟᱠᱟᱵᱼᱟ ᱪᱟᱸᱫᱚ ᱦᱟᱹᱥᱩᱨ ᱜᱚᱴᱟ ᱠᱚ ᱫᱟᱲᱟᱹ ᱞᱮᱫᱟ।
train_santalimale_00244	wavs/train_santalimale_00244.wav	ᱚᱠᱟ ᱡᱚᱦᱚ: ᱪᱮᱞᱟ ᱠᱚᱲᱟᱹ, ᱞᱩᱜᱩ ᱵᱩᱨᱩ ᱛᱮᱠᱚ ᱪᱟᱞᱟᱣ ᱞᱮᱱᱟ ᱩᱱᱡᱚᱦᱚ: ᱪᱮᱞᱟ ᱠᱚᱲᱟᱹ ᱠᱚ ᱫᱚ ᱠᱩᱞᱮ ᱦᱩᱸᱠᱨᱟᱣ ᱟᱫᱼᱟ ᱠᱚ ᱛᱟᱸᱦᱮᱸᱠᱟᱱᱟ।
train_santalimale_00245	wavs/train_santalimale_00245.wav	ᱟᱨ ᱜᱷᱟᱱᱴᱟᱵᱟᱲᱮᱹ ᱨᱮ ᱫᱚ ᱯᱟᱱᱤᱨ ᱯᱤᱭᱚ ᱫᱚ ᱨᱟ: ᱥᱟᱲᱮᱹ ᱟᱡᱚᱢᱟ: ᱠᱚ ᱛᱟᱸᱦᱮᱸᱠᱟᱱᱟ।
train_santalimale_00246	wavs/train_santalimale_00246.wav	ᱜᱩᱨᱩ ᱠᱚ ᱵᱟᱰᱟᱭ ᱠᱮᱫᱟ ᱠᱩᱞ ᱦᱩᱸᱠᱨᱟᱣ ᱟᱨ ᱯᱟᱱᱤᱨ ᱯᱤᱭᱚ ᱨᱟ: ᱫᱚ ᱥᱟᱜᱩᱱ ᱵᱟᱝ ᱠᱟᱱᱟ।
train_santalimale_00247	wavs/train_santalimale_00247.wav	ᱮᱱᱠᱷᱟᱱ ᱜᱩᱨᱩ ᱠᱚ ᱞᱟᱤᱠᱮᱫᱟ ᱱᱟᱭᱚᱱ ᱠᱟᱡᱚᱞ ᱫᱚ ᱵᱟᱝᱚᱠᱤᱱ ᱧᱟᱢᱚᱷ ᱟ, ᱜᱩᱨᱩᱣᱟᱷ ᱱᱚᱣᱟ ᱠᱟᱛᱷᱟ ᱜᱟᱯᱟᱞ ᱢᱟᱨᱟᱣ ᱡᱚᱦᱚ: ᱞᱩᱜᱩᱵᱩᱨᱩ ᱠᱷᱚᱱ ᱠᱩᱦᱩ ᱠᱚ ᱨᱟᱠᱟᱵᱼᱟ ᱞᱮᱱᱟ।
train_santalimale_00248	wavs/train_santalimale_00248.wav	ᱟᱨ ᱜᱷᱟᱱᱴᱟᱵᱟᱲᱮᱹ ᱠᱷᱚᱱ ᱫᱚ ᱯᱟᱠᱲᱮᱹ ᱫᱚ ᱠᱚ ᱰᱤᱧ ᱰᱟᱸᱵᱩᱨ ᱞᱮᱱᱟ।
train_santalimale_00249	wavs/train_santalimale_00249.wav	ᱱᱚᱣᱟ ᱠᱚ ᱧᱮᱞᱠᱮᱫᱼᱟ ᱠᱷᱟᱱ ᱪᱮᱞᱟ ᱠᱚᱲᱟᱹᱠᱚ ᱵᱚᱛᱚᱨ ᱮᱱᱟ ᱟᱨ ᱚᱲᱟᱹ: ᱛᱮᱠᱚ ᱨᱩᱣᱟᱹᱲ ᱪᱟᱞᱟᱣ ᱮᱱᱟ।
train_santalimale_00250	wavs/train_santalimale_00250.wav	ᱪᱮᱞᱟ ᱠᱚᱲᱟᱹ ᱠᱚ ᱜᱩᱨᱩ ᱚᱲᱟᱹ: ᱪᱟᱞᱟᱣ ᱠᱟᱛᱮ ᱟᱠᱷᱲᱟᱹᱠᱚ ᱨᱟᱲᱟᱹ ᱠᱮᱫᱟ ᱟᱨ ᱟᱯᱟᱱ ᱟᱯᱤᱱ ᱚᱲᱟᱹ: ᱛᱮᱠᱚ ᱪᱟᱞᱟᱣ ᱮᱱᱟ।
train_santalimale_00251	wavs/train_santalimale_00251.wav	ᱱᱚᱣᱟ ᱫᱚ ᱫᱟᱸᱥᱟᱭ ᱵᱚᱸᱜᱟ ᱨᱮ ᱦᱩᱭᱞᱮᱱ ᱛᱮ ᱫᱟᱸᱥᱟᱭ ᱮᱱᱮᱡᱼᱟ ᱥᱮᱨᱮᱧ ᱠᱚ ᱢᱮᱛᱟᱜᱟ: ᱠᱟᱱᱟ।
train_santalimale_00252	wavs/train_santalimale_00252.wav	ᱟᱨ ᱚᱱᱟᱜᱮ ᱯᱤᱲᱦᱤ ᱪᱮᱛᱟᱱ ᱯᱤᱲᱦᱤ ᱠᱷᱚᱱ ᱢᱟᱱᱟᱣ ᱵᱟᱛᱟᱣ ᱦᱤᱡᱩᱷ ᱠᱟᱱᱟ, ᱥᱟᱱᱛᱟᱲ ᱦᱚᱲ ᱦᱚᱯᱚᱱ ᱥᱟᱸᱣᱛᱟ ᱨᱮ।
train_santalimale_00253	wavs/train_santalimale_00253.wav	ᱥᱚᱦᱨᱟᱭ ᱮᱱᱮᱡᱼᱟ ᱟᱨ ᱥᱮᱨᱮᱧ ᱫᱚ ᱥᱟᱱᱛᱟᱲ ᱥᱟᱸᱣᱛᱟ ᱨᱮᱱᱟᱷ ᱟᱲᱤ ᱢᱟᱨᱟᱝ ᱯᱟᱹᱨᱟᱹᱵ ᱠᱟᱱᱟ।
train_santalimale_00254	wavs/train_santalimale_00254.wav	ᱥᱚᱦᱨᱟᱭ ᱵᱚᱸᱜᱟ ᱠᱟᱛᱷᱟᱭ ᱠᱟᱛᱛᱤᱠ ᱪᱟᱸᱫᱚ ᱵᱚᱞᱚ ᱥᱟᱸᱣᱛᱮ ᱥᱚᱦᱨᱟᱭ ᱯᱟᱹᱨᱟᱹᱵ ᱫᱚ ᱢᱟᱱᱟᱣ ᱵᱟᱛᱟᱣᱚ: ᱟ।
train_santalimale_00255	wavs/train_santalimale_00255.wav	ᱥᱚᱦᱨᱟᱭ ᱯᱟᱹᱨᱟᱹᱵ ᱫᱚ ᱜᱟᱹᱭ ᱠᱟᱲᱟᱹ, ᱢᱤᱭᱦᱩ, ᱢᱮᱨᱚᱢ ᱠᱚᱣᱟ: ᱯᱟᱹᱨᱟᱹᱵ ᱠᱟᱱᱟ।
train_santalimale_00256	wavs/train_santalimale_00256.wav	ᱥᱚᱦᱨᱟᱭ ᱥᱟᱸᱵᱟᱫ ᱨᱮᱱᱟᱷ ᱚᱯᱚᱛᱚᱱ ᱫᱚ ᱥᱟᱨᱦᱟᱣ, ᱥᱟᱦᱟᱨ ᱠᱷᱚᱱ ᱜᱮ ᱦᱩᱭ ᱟᱠᱟᱱᱟ, ᱠᱟᱛᱷᱟᱭ ᱦᱚᱲ ᱦᱚᱯᱚᱱ ᱠᱚ ᱫᱚ ᱪᱟᱥ ᱵᱟᱥ ᱠᱟᱛᱮ ᱟᱥᱩᱞᱚ: ᱦᱚᱲ ᱠᱟᱱᱟᱵᱚ।
train_santalimale_00257	wavs/train_santalimale_00257.wav	ᱵᱚᱪᱷᱚᱨ ᱫᱤᱱ ᱜᱟᱹᱭ, ᱠᱟᱲᱟᱹ, ᱰᱟᱸᱜᱨᱟ ᱵᱟᱹᱫ ᱵᱟᱹᱭᱦᱟᱲ ᱠᱟᱹᱢᱤ ᱨᱮ ᱵᱚᱱ ᱞᱟᱜᱟᱣ ᱠᱚᱣᱟ, ᱚᱱᱟᱛᱮ ᱢᱟᱨᱟᱝ ᱵᱩᱨᱩ ᱟ ᱠᱟᱛᱷᱟ ᱞᱮᱠᱟᱛᱮ ᱢᱤᱫᱼᱟᱫᱤᱱ ᱫᱚ ᱵᱚᱱ ᱡᱤᱨᱟᱹᱣ ᱠᱚᱣᱟ।
train_santalimale_00258	wavs/train_santalimale_00258.wav	ᱥᱟᱨᱦᱟᱣ ᱠᱚᱣᱟ:, ᱚᱱᱟᱛᱮ ᱥᱚᱦᱨᱟᱭ ᱯᱟᱹᱨᱟᱹᱵ ᱧᱩᱛᱩᱢ ᱛᱮ ᱜᱟᱹᱭ, ᱠᱟᱲᱟᱹ, ᱰᱟᱸᱜᱨᱤ, ᱰᱟᱸᱜᱨᱟ ᱵᱚᱱ ᱥᱟᱨᱦᱟᱣ ᱠᱚᱣᱟ।
train_santalimale_00259	wavs/train_santalimale_00259.wav	ᱢᱮᱱᱟᱠᱚ ᱢᱟᱨᱟᱝ ᱵᱩᱨᱩᱣᱟ: ᱥᱚᱠᱷᱟᱛᱮ ᱜᱟᱹᱭ ᱫᱚ ᱠᱚ ᱡᱟᱱᱟᱢ ᱞᱮᱱᱟ ᱢᱟᱲᱫᱟ ᱡᱷᱟᱨᱱᱟ ᱨᱮ ᱥᱚᱦᱨᱟᱭ ᱵᱚᱸᱜᱟ ᱨᱮ।
train_santalimale_00260	wavs/train_santalimale_00260.wav	ᱥᱚᱦᱨᱟᱭ ᱯᱟᱹᱨᱟᱹᱵ ᱫᱚ ᱯᱩᱱ ᱢᱟᱦᱟ ᱢᱟᱱᱟᱣ ᱵᱟᱛᱟᱣᱚ: ᱟ।
train_santalimale_00261	wavs/train_santalimale_00261.wav	ᱮᱛᱚᱦᱚᱯ ᱫᱤᱱ ᱜᱚᱴᱯᱩᱡᱟ, ᱫᱚᱥᱟᱨ ᱫᱤᱱ ᱜᱚᱦᱟᱞ ᱯᱩᱡᱟ, ᱛᱮᱥᱟᱨ ᱫᱤᱱ ᱠᱷᱩᱱᱴᱟᱣ ᱟᱨ ᱯᱩᱱᱟᱷ ᱫᱤᱱ ᱫᱚ ᱡᱟᱡᱞᱮ।
train_santalimale_00262	wavs/train_santalimale_00262.wav	ᱱᱚᱣᱟ ᱯᱩᱱ ᱢᱟᱦᱟ ᱯᱩᱱ ᱞᱮᱠᱟᱱ ᱠᱟᱹᱢᱤ ᱦᱚᱨᱟ ᱥᱟᱱᱛᱟᱲ ᱥᱟᱸᱣᱛᱟ ᱨᱮ ᱦᱩᱭᱩ: ᱟ।
train_santalimale_00263	wavs/train_santalimale_00263.wav	ᱟᱨ ᱚᱱᱟᱠᱚ ᱜᱮ ᱯᱤᱲᱦᱤ ᱪᱮᱛᱟᱱ ᱯᱤᱲᱦᱤ ᱢᱟᱱᱟᱣ ᱵᱟᱛᱟᱣ ᱦᱤᱡᱩᱷ ᱠᱟᱱᱟ ᱥᱟᱱᱛᱟᱲ ᱥᱟᱸᱣᱛᱟᱨᱮ।
train_santalimale_00264	wavs/train_santalimale_00264.wav	ᱜᱚᱴᱵᱚᱸᱜᱟ, ᱥᱚᱦᱨᱟᱭ ᱯᱟᱹᱨᱟᱹᱵ ᱫᱚ ᱟᱹᱛᱩ ᱨᱮᱱ ᱢᱟᱸᱡᱷᱤ ᱢᱚᱰᱮᱦᱚᱲ ᱜᱟᱞ ᱢᱟᱨᱟᱣ ᱢᱤᱫᱼᱟ ᱠᱟᱛᱮ ᱥᱚᱦᱨᱟᱭ ᱯᱟᱹᱨᱟᱹᱵ ᱠᱚ ᱱᱮᱰᱟᱭᱟ।
train_santalimale_00265	wavs/train_santalimale_00265.wav	ᱥᱚᱦᱨᱟᱭ ᱯᱟᱹᱨᱟᱹᱵ ᱱᱮᱰᱟ ᱫᱤᱱ ᱫᱚ, ᱥᱚᱦᱨᱟᱭ ᱵᱚᱸᱜᱟ ᱢᱩᱞᱩ: ᱠᱷᱚᱱ ᱟᱢᱟᱵᱟᱤᱥᱟ ᱛᱟᱞᱟᱨᱮ ᱜᱮ ᱢᱟᱱᱟᱣ ᱵᱟᱛᱟᱣᱚ: ᱟ।
train_santalimale_00266	wavs/train_santalimale_00266.wav	ᱢᱤᱫᱼᱟ ᱵᱟᱨ ᱟᱹᱛᱩ ᱨᱮ ᱠᱩᱱᱟᱢᱤ ᱫᱷᱟᱵᱤᱡᱼᱟ ᱦᱚᱸ ᱠᱚ ᱢᱟᱱᱟᱣᱟ! ᱟᱨ ᱚᱠᱟ ᱚᱠᱟ ᱨᱮ ᱫᱚ ᱯᱩᱥᱵᱚᱸᱜᱟ ᱨᱮ ᱦᱚᱸ ᱥᱟᱸᱠᱨᱟᱫᱼᱟ ᱯᱟᱹᱨᱟᱹᱵ ᱥᱟᱸᱣᱠᱚ ᱢᱟᱱᱟᱣᱟ।
train_santalimale_00267	wavs/train_santalimale_00267.wav	ᱜᱚᱴᱵᱚᱸᱜᱟ ᱫᱤᱱ ᱫᱚ ᱟᱹᱛᱩ ᱨᱮᱱ ᱦᱚᱲᱠᱚ ᱫᱚ ᱪᱟᱣᱞᱮ ᱟᱨ ᱥᱤᱢ ᱠᱚ ᱩᱴᱷᱟᱣ ᱠᱚᱣᱟ।
train_santalimale_00268	wavs/train_santalimale_00268.wav	ᱩᱢ ᱱᱟᱹᱲᱠᱟ ᱠᱟᱛᱮ ᱱᱟᱭᱠᱮ ᱚᱲᱟᱹ: ᱛᱮ ᱠᱚ ᱪᱟᱞᱟ: ᱟ।
train_santalimale_00269	wavs/train_santalimale_00269.wav	ᱱᱟᱭᱠᱮ ᱵᱟᱵᱟ ᱫᱚ ᱟᱹᱛᱩ ᱦᱚᱲ ᱠᱚ ᱥᱟᱸᱣ, ᱟᱹᱛᱩ ᱢᱩᱪᱟᱫᱼᱟ ᱨᱮ ᱢᱮᱱᱟ: ᱜᱚᱴ ᱴᱟᱸᱲᱤ ᱛᱮᱭ ᱪᱟᱞᱟ: ᱟ।
train_santalimale_00270	wavs/train_santalimale_00270.wav	ᱜᱚᱴ ᱴᱟᱸᱰᱤ ᱨᱮ ᱱᱟᱭᱠᱮ ᱵᱟᱵᱟ ᱫᱚ ᱡᱟᱝᱜᱟ ᱠᱚ ᱟᱨᱩᱯ ᱥᱟᱯᱷᱟ ᱠᱟᱛᱮ, ᱪᱟᱸᱫᱚ ᱨᱟᱠᱟᱵᱼᱟ ᱥᱮᱫᱼᱟ ᱫᱩᱰᱩᱯ ᱠᱟᱛᱮ, ᱩᱛᱚᱨ, ᱫᱚᱠᱷᱤᱱ ᱱᱟᱠᱷᱟ, ᱡᱤᱞᱤᱧ ᱛᱮ ᱢᱤᱫᱼᱟ ᱴᱟᱝ ᱠᱷᱚᱸᱰ ᱛᱟᱞᱟᱨᱮ ᱯᱮ ᱴᱷᱮᱱ ᱴᱤᱲᱟᱹ ᱟᱹᱪᱩᱨᱟ।
train_santalimale_00271	wavs/train_santalimale_00271.wav	ᱚᱱᱟ ᱛᱟᱭᱚᱢ ᱢᱟᱨᱟᱝ ᱵᱩᱨᱩ ᱧᱩᱛᱩᱢ ᱛᱮ ᱯᱩᱸᱰ ᱥᱤᱢ ᱟᱨ ᱡᱟᱦᱮᱨ ᱟᱭᱚ ᱧᱩᱛᱩᱢᱛᱮ ᱦᱮᱲᱟᱹ: ᱥᱤᱢ ᱟᱨ ᱢᱚᱲᱮᱹᱠᱚ ᱛᱩᱨᱩᱤ ᱧᱩᱛᱩᱢᱛᱮ ᱮᱴᱟ ᱥᱤᱢ ᱮ ᱥᱟᱢᱟᱝ ᱠᱚᱣᱟ ᱥᱤᱢ ᱫᱚ ᱵᱚᱦᱚ ᱨᱮ, ᱡᱚᱡᱚᱢ ᱯᱷᱟᱸᱠᱲᱟᱹ ᱨᱮ ᱟᱨ ᱡᱚᱡᱚᱢ ᱡᱟᱝᱜᱟ ᱨᱮ ᱥᱤᱸᱫᱩᱨ ᱮ ᱮᱢᱟᱠᱚᱣᱟ।
train_santalimale_00272	wavs/train_santalimale_00272.wav	ᱟᱨ ᱚᱱᱟ ᱛᱟᱭᱚᱢ ᱠᱷᱚᱸᱰ ᱨᱮ ᱥᱤᱢ ᱮ ᱟᱛᱤᱧ ᱠᱚᱣᱟ, ᱥᱤᱢ ᱠᱚ ᱟᱛᱤᱧ ᱞᱮᱠᱷᱟᱱ ᱜᱮ ᱟᱹᱛᱩ ᱦᱚᱲᱠᱚ ᱵᱟᱸᱠᱷᱮᱲᱟᱹ।
train_santalimale_00273	wavs/train_santalimale_00273.wav	ᱱᱟᱭ ᱱᱟᱯᱟᱭ ᱥᱩᱠᱛᱮ ᱥᱟᱸᱣᱟᱨ ᱛᱮ ᱛᱟᱸᱦᱮᱱ ᱞᱟᱹᱜᱤᱫᱼᱟ ᱠᱚ ᱵᱤᱱᱛᱤᱭᱟ।
train_santalimale_00274	wavs/train_santalimale_00274.wav	ᱵᱤᱱᱛᱤ ᱠᱚ ᱪᱟᱵᱟ ᱠᱟᱛᱮ ᱫᱚ ᱱᱟᱭᱠᱮ ᱵᱟᱵᱟ ᱫᱚ ᱢᱟᱨᱟᱝ ᱵᱩᱨᱩ, ᱡᱟᱦᱮᱨ ᱟᱭᱚ ᱟᱨ ᱥᱚᱦᱨᱟᱭ ᱵᱚᱸᱜᱟ ᱠᱚ ᱧᱩᱛᱩᱢ ᱛᱮ ᱦᱟᱸᱰᱤ ᱠᱚᱭ ᱪᱚᱰᱚᱨᱟ।
train_santalimale_00275	wavs/train_santalimale_00275.wav	ᱵᱚᱸᱜᱟ ᱥᱤᱢ ᱜᱟᱸᱰᱭᱟ ᱫᱚ ᱥᱚᱲᱮᱹᱭᱟᱠᱚ ᱚᱸᱰᱮᱜᱮ ᱥᱮᱱ ᱟᱠᱟᱱ ᱥᱟᱱᱟᱢ ᱟᱹᱛᱩ ᱦᱚᱲᱠᱚ ᱡᱚᱢᱟ।
train_santalimale_00276	wavs/train_santalimale_00276.wav	ᱚᱱᱟ ᱛᱟᱭᱚᱢ ᱱᱟᱭᱠᱮ ᱵᱟᱵᱟ ᱫᱚ ᱟᱨᱦᱚᱸ ᱢᱤᱫᱼᱟ ᱴᱷᱮᱱ ᱢᱤᱫᱼᱟ ᱴᱟᱝ ᱜᱚᱞ ᱜᱮ ᱠᱷᱚᱸᱰ ᱮ ᱵᱮᱱᱟᱣᱟ, ᱠᱷᱚᱸᱰ ᱛᱟᱞᱟ ᱨᱮ ᱫᱚ ᱢᱤᱫᱼᱟ ᱴᱟᱝ ᱥᱤᱢ ᱵᱤᱞᱤ ᱮ ᱫᱚᱦᱚᱭᱟ।
train_santalimale_00277	wavs/train_santalimale_00277.wav	ᱥᱤᱢᱚᱵᱤᱞᱤ ᱫᱚᱦᱚ ᱠᱟᱛᱮ ᱚᱱᱟ ᱨᱮ ᱥᱤᱸᱫᱩᱨ, ᱢᱤᱛᱷᱤ ᱠᱚᱭ ᱮᱢᱟᱜᱟ: ᱟ।
train_santalimale_00278	wavs/train_santalimale_00278.wav	ᱟᱨ ᱟᱹᱛᱩ ᱦᱚᱲᱠᱚ ᱫᱚ ᱠᱚ ᱵᱤᱱᱛᱤ ᱵᱟᱸᱠᱷᱮᱲᱟᱹ ᱠᱷᱚᱸᱰ ᱨᱮ ᱫᱚᱦᱚ ᱟᱠᱟᱱ ᱵᱤᱞᱤ ᱫᱚ ᱜᱚᱴ ᱰᱟᱸᱜᱨᱟ, ᱰᱟᱸᱜᱨᱤ, ᱜᱟᱹᱭ, ᱢᱤᱭᱦᱩ ᱛᱮ ᱠᱚ ᱞᱮᱵᱮᱫᱼᱟ ᱦᱚᱪᱚ ᱠᱚᱣᱟ।
train_santalimale_00279	wavs/train_santalimale_00279.wav	ᱡᱟᱸᱦᱟᱭ ᱰᱟᱸᱜᱨᱤ ᱥᱮ ᱰᱟᱸᱜᱨᱟ ᱮ ᱞᱮᱵᱮᱫᱼᱟ ᱞᱮᱠᱷᱟᱱ ᱩᱱᱤ ᱫᱚ ᱟᱹᱛᱩ ᱦᱚᱲ ᱛᱮ ᱠᱚ ᱥᱟᱵᱮᱭᱟ।
train_santalimale_00280	wavs/train_santalimale_00280.wav	ᱟᱨ ᱩᱱᱤ ᱫᱚ ᱥᱤᱨᱟ ᱜᱟᱹᱭ ᱵᱟᱝᱠᱷᱟᱱ ᱵᱟᱨᱫᱟ ᱧᱩᱛᱩᱢ ᱛᱮ ᱠᱚ ᱫᱮᱣᱟ ᱥᱮᱵᱟ ᱮᱭᱟ।
train_santalimale_00281	wavs/train_santalimale_00281.wav	ᱫᱮᱨᱮᱧ ᱨᱮ ᱠᱚ ᱥᱩᱱᱩᱢ ᱟᱭᱟ, ᱢᱚᱞᱚᱝ ᱨᱮ ᱠᱚ ᱦᱚᱞᱚᱝ ᱟᱨ ᱥᱤᱸᱫᱩᱨ ᱠᱚ ᱟᱡᱚ: ᱟᱭᱟ ᱟᱨ ᱦᱚᱴᱚ: ᱨᱮ ᱫᱚ ᱠᱚ ᱢᱟᱞᱟ ᱮᱭᱟ।
train_santalimale_00282	wavs/train_santalimale_00282.wav	ᱟᱨ ᱟᱹᱛᱩ ᱦᱚᱲᱛᱮ, ᱩᱱᱤ ᱜᱟᱹᱭ ᱥᱮ ᱰᱟᱸᱜᱨᱟ ᱫᱚ ᱟᱥᱟᱢᱤ ᱚᱲᱟᱹ: ᱛᱮ ᱠᱚ ᱥᱮᱴᱮᱨ ᱠᱟᱭᱟ।
train_santalimale_00283	wavs/train_santalimale_00283.wav	ᱜᱚᱴ ᱵᱚᱸᱜᱟ ᱨᱮ ᱜᱮ ᱟᱹᱛᱩ ᱦᱚᱲ ᱠᱚ ᱵᱮᱥ ᱵᱟᱲᱤᱹᱡᱼᱟ ᱠᱟᱛᱷᱟ ᱜᱟᱯᱟᱞ ᱢᱟᱨᱟᱣᱟ।
train_santalimale_00284	wavs/train_santalimale_00284.wav	ᱟᱨ ᱫᱤᱥᱚᱢ ᱥᱮ ᱟᱹᱛᱩ ᱠᱚ ᱱᱟᱯᱟᱭ ᱛᱟᱸᱦᱮᱱ ᱠᱷᱟᱱ, ᱥᱚᱦᱨᱟᱭ ᱯᱟᱹᱨᱟᱹᱵ ᱦᱮᱥᱮᱡᱼᱟ ᱥᱮᱠᱮᱡᱼᱟ ᱠᱚ ᱢᱟᱱᱟᱣ ᱵᱟᱛᱟᱣᱟ।
train_santalimale_00285	wavs/train_santalimale_00285.wav	ᱮᱱᱠᱷᱟᱱ ᱜᱮ ᱥᱤᱸᱜᱟᱲ ᱵᱮᱲᱟᱹ ᱫᱚ ᱠᱚᱲᱟᱹ ᱠᱚ ᱫᱚ ᱜᱟᱹᱭ ᱡᱟᱜᱟᱣ ᱠᱚ ᱫᱟᱲᱟᱹᱱᱟ ᱟᱨ ᱠᱩᱲᱤ ᱠᱚ ᱫᱚ ᱜᱟᱹᱭ ᱪᱩᱢᱟᱣᱲᱟᱹ ᱠᱚ ᱚᱲᱚᱝᱚ: ᱟ।
train_santalimale_00286	wavs/train_santalimale_00286.wav	ᱱᱚᱝᱠᱟ ᱛᱮ ᱜᱮ ᱮᱛᱚᱦᱚᱯ ᱫᱤᱱᱟ: ᱠᱟᱹᱢᱤ ᱫᱚ ᱢᱩᱪᱟᱫᱚ: ᱟ।
train_santalimale_00287	wavs/train_santalimale_00287.wav	ᱫᱚᱥᱟᱨ ᱫᱤᱱ ᱫᱚ ᱜᱚᱲᱟᱹ ᱵᱚᱸᱜᱟ ᱫᱤᱱ ᱦᱩᱭᱩ : ᱟ।
train_santalimale_00288	wavs/train_santalimale_00288.wav	ᱱᱚᱣᱟ ᱫᱤᱱ ᱫᱚ ᱡᱮᱛᱮ ᱚᱲᱟᱹ: ᱨᱮ ᱜᱮ ᱜᱚᱲᱟᱹ ᱵᱚᱸᱜᱟ ᱧᱩᱛᱩᱢ ᱛᱮ ᱦᱟᱸᱰᱤ ᱠᱚ ᱪᱚᱰᱚᱨᱟ।
train_santalimale_00289	wavs/train_santalimale_00289.wav	ᱟᱨ ᱡᱟᱸᱦᱟᱭ ᱠᱚ ᱜᱚᱲᱟᱹᱨᱮ ᱥᱤᱢ, ᱥᱩᱠᱨᱤ ᱠᱚ ᱵᱚᱸᱜᱟ ᱠᱚᱣᱟ, ᱩᱱᱠᱩ ᱫᱚ ᱥᱮᱛᱟ: ᱠᱷᱚᱱ ᱜᱮ ᱜᱚᱲᱟᱹ ᱵᱚᱸᱜᱟ ᱞᱟᱹᱜᱤᱛ ᱠᱚ ᱥᱟᱯᱲᱟᱹ: ᱟ।
train_santalimale_00290	wavs/train_santalimale_00290.wav	ᱜᱚᱲᱟᱹ ᱵᱚᱸᱜᱟ ᱦᱤᱞᱚ: ᱫᱚ ᱚᱲᱟᱹ: ᱨᱮᱱ ᱟᱥᱟᱢᱤ ᱫᱚ ᱩᱢ ᱱᱟᱹᱲᱠᱟ ᱦᱤᱡᱩᱷ ᱟᱭ।
train_santalimale_00291	wavs/train_santalimale_00291.wav	ᱩᱢᱱᱟᱹᱲᱠᱟ ᱛᱟᱭᱚᱢ ᱵᱚᱸᱜᱟ ᱚᱲᱟᱹ: ᱨᱮ ᱵᱚᱸᱜᱟ ᱥᱟᱢᱟᱱ ᱠᱚᱭ ᱥᱟᱡᱟᱣᱟ।
train_santalimale_00292	wavs/train_santalimale_00292.wav	ᱵᱚᱸᱜᱟ ᱥᱟᱯᱟᱵ ᱠᱚ ᱫᱚ ᱦᱟᱴᱟ:, ᱥᱟᱨᱡᱚᱢ ᱥᱟᱠᱟᱢ, ᱯᱩᱱᱭᱟ ᱯᱷᱩᱰᱩ ᱨᱮ ᱟᱹᱫᱣᱟ ᱪᱟᱣᱞᱮ, ᱯᱩᱱᱭᱟ ᱯᱷᱩᱰᱩ ᱦᱚᱞᱚᱝ, ᱢᱤᱫᱼᱟ ᱯᱟᱤᱞᱟ ᱛᱤᱠᱤ ᱪᱟᱣᱞᱮ, ᱯᱩᱱ ᱯᱷᱩᱰᱩ: ᱟᱹᱫᱣᱟ ᱪᱟᱣᱞᱮ, ᱢᱚᱲᱮᱹ ᱜᱚᱴᱟᱝ ᱜᱚᱛᱚᱢ ᱯᱤᱴᱷᱟᱹ, ᱢᱚᱲᱮᱹ ᱜᱚᱴᱟᱝ ᱯᱟᱛᱲᱟᱹ।
train_santalimale_00293	wavs/train_santalimale_00293.wav	ᱱᱚᱣᱟ ᱠᱚ ᱥᱟᱸᱣᱛᱮ ᱞᱚᱴᱟ ᱫᱟ: ᱠᱟᱯᱤ ᱠᱚ ᱦᱮᱨᱢᱮᱫᱼᱟ ᱠᱟᱛᱮ ᱜᱚᱲᱟᱹ ᱛᱮ ᱵᱚᱸᱜᱟ ᱮ ᱚᱲᱚᱝᱚ: ᱟ।
train_santalimale_00294	wavs/train_santalimale_00294.wav	ᱜᱚᱲᱟᱹ ᱨᱮ ᱢᱮᱱᱟ: ᱥᱟᱨᱡᱚᱢ ᱠᱷᱩᱸᱴᱤ ᱥᱟᱢᱟᱝ ᱨᱮ ᱯᱩᱨᱚᱵ ᱥᱮᱛ ᱥᱟᱢᱟᱝ ᱠᱟᱛᱮ ᱫᱩᱰᱩᱯ ᱟᱭ।
train_santalimale_00295	wavs/train_santalimale_00295.wav	ᱢᱟᱲᱟᱹᱝ ᱫᱚ ᱠᱷᱚᱸᱲ ᱯᱮᱭᱟ ᱮ ᱵᱮᱱᱟᱣᱟ।
train_santalimale_00296	wavs/train_santalimale_00296.wav	ᱯᱮᱭᱟ ᱨᱮ ᱟᱹᱫᱣᱟ ᱪᱟᱣᱞᱮ ᱮ ᱮᱢᱟ, ᱚᱱᱟ ᱛᱟᱭᱚᱢ ᱯᱮ ᱴᱷᱮᱱ ᱠᱟᱛᱛᱮ ᱥᱤᱸᱫᱩᱨ ᱟᱨ ᱢᱤᱛᱷᱤ ᱮ ᱴᱤᱲᱟᱹ ᱟᱹᱪᱩᱨᱟ।
train_santalimale_00297	wavs/train_santalimale_00297.wav	ᱮᱛᱚᱦᱚᱯ ᱨᱮ ᱫᱚ ᱜᱩᱥᱴᱤ ᱨᱮᱱ ᱜᱚᱲᱟᱹ ᱵᱚᱸᱜᱟ ᱧᱩᱛᱩᱢ ᱠᱟᱛᱮ ᱦᱮᱸᱫᱮ ᱥᱤᱢ ᱵᱟᱝᱠᱷᱟᱱ ᱥᱮᱸᱲᱟᱹ ᱫᱟᱰᱮ ᱥᱩᱠᱨᱤ ᱠᱚ ᱵᱚᱸᱜᱟ ᱠᱚᱣᱟ।
train_santalimale_00298	wavs/train_santalimale_00298.wav	ᱚᱱᱟ ᱛᱟᱭᱚᱢ ᱦᱟᱯᱲᱟᱹᱢ ᱠᱚ ᱧᱩᱛᱩᱢ ᱛᱮ ᱯᱟᱛᱲᱟᱹ ᱨᱮ ᱛᱤᱠᱤ ᱪᱟᱣᱞᱮ ᱨᱮ ᱮᱴᱟ: ᱥᱤᱢ ᱠᱚ ᱠᱩᱴᱟᱹᱢ ᱠᱚᱣᱟ।
train_santalimale_00299	wavs/train_santalimale_00299.wav	ᱦᱟᱯᱲᱟᱹᱢ ᱠᱚ ᱧᱩᱛᱩᱢ ᱛᱮ ᱫᱚ ᱠᱩᱴᱟᱹᱢ ᱵᱚᱸᱜᱟ ᱜᱮ ᱦᱩᱭᱩ: ᱟ।
train_santalimale_00300	wavs/train_santalimale_00300.wav	ᱚᱱᱟ ᱛᱟᱭᱚᱢ ᱥᱚᱦᱨᱟᱭ ᱵᱚᱸᱜᱟ ᱧᱩᱛᱩᱢ ᱛᱮ ᱢᱤᱫᱼᱟ ᱯᱷᱩᱰ ᱦᱟᱸᱰᱤᱠᱚ ᱪᱚᱰᱚᱨᱟ।
train_santalimale_00301	wavs/train_santalimale_00301.wav	ᱱᱚᱣᱟ ᱥᱚᱦᱨᱟᱭ ᱵᱚᱸᱜᱟ ᱫᱚ ᱥᱮᱨᱮᱢᱟ ᱨᱮ ᱢᱤᱫᱼᱟ ᱫᱷᱟᱣ ᱜᱮ ᱠᱚ ᱵᱚᱸᱜᱟᱭᱟ।
train_santalimale_00302	wavs/train_santalimale_00302.wav	ᱜᱚᱲᱟᱹ ᱵᱚᱸᱜᱟ ᱧᱩᱛᱩᱢ ᱛᱮ ᱵᱚᱸᱜᱟ ᱟᱠᱟᱱ ᱫᱟᱲᱮᱹᱠᱚ ᱫᱚ ᱵᱷᱚᱫᱚᱭ ᱠᱚᱲᱟᱹ ᱜᱮ ᱠᱚ ᱡᱚᱢᱟ।
train_santalimale_00303	wavs/train_santalimale_00303.wav	ᱚᱱᱟᱛᱮ ᱜᱚᱲᱟᱹ ᱨᱮ ᱜᱮ ᱠᱚ ᱤᱥᱤᱱᱟ।
train_santalimale_00304	wavs/train_santalimale_00304.wav	ᱥᱚᱦᱨᱟᱭ ᱧᱩᱛᱩᱢ ᱛᱮ ᱫᱚᱥᱟᱨ ᱠᱷᱚᱲ ᱨᱮ ᱵᱚᱸᱜᱟ ᱟᱠᱟᱱ ᱫᱟᱰᱮᱭᱟ: ᱡᱤᱞ ᱫᱚ ᱚᱲᱟᱹ: ᱨᱮ ᱠᱚ ᱩᱛᱩᱭᱟ।
train_santalimale_00305	wavs/train_santalimale_00305.wav	ᱚᱱᱟ ᱫᱚ ᱟᱨᱦᱚᱸ ᱱᱟᱭᱠᱮ ᱫᱚ ᱜᱚᱲᱟᱹ ᱨᱮ ᱫᱟᱠᱟ ᱩᱛᱩ ᱮ ᱵᱚᱸᱜᱟᱭᱟ ᱢᱚᱲᱮᱹ ᱯᱟᱛᱲᱟᱹ।
train_santalimale_00306	wavs/train_santalimale_00306.wav	ᱱᱚᱣᱟ ᱫᱟᱠᱟ ᱩᱛᱩ ᱮᱭ ᱵᱚᱸᱜᱟ ᱫᱚ ᱜᱤᱰᱤ ᱛᱚᱨᱟ ᱵᱚᱸᱜᱟ ᱠᱚ ᱢᱮᱛᱟ: ᱟ।
train_santalimale_00307	wavs/train_santalimale_00307.wav	ᱱᱚᱣᱟ ᱫᱚ ᱜᱚᱲᱟᱹ ᱨᱮ ᱜᱮ ᱠᱚ ᱡᱚᱢᱟ।
train_santalimale_00308	wavs/train_santalimale_00308.wav	ᱱᱚᱣᱟ ᱛᱟᱭᱚᱢ ᱦᱟᱯᱲᱟᱹᱢ ᱧᱩᱛᱩᱢ ᱛᱮ ᱵᱚᱸᱜᱟ ᱟᱠᱟᱱ ᱥᱤᱢ ᱠᱚ ᱫᱚ ᱚᱲᱟᱹᱷ ᱨᱮ ᱠᱚ ᱩᱛᱩᱭᱟ।
train_santalimale_00309	wavs/train_santalimale_00309.wav	ᱟᱨ ᱥᱟᱱᱟᱢ ᱱᱮᱣᱛᱟ ᱟᱠᱟᱱ ᱯᱮᱲᱟᱹ ᱦᱚᱯᱚᱱ ᱮᱨᱟ, ᱢᱤᱥᱮᱨᱟ, ᱡᱟᱸᱣᱟᱭ ᱟᱨ ᱵᱷᱟᱜᱱᱟᱵᱷᱟᱜᱱᱤ ᱠᱚ ᱡᱚᱢ ᱦᱚᱪᱚ ᱠᱚᱣᱟ।
train_santalimale_00310	wavs/train_santalimale_00310.wav	ᱥᱚᱦᱨᱟᱭ ᱵᱚᱸᱜᱟ ᱡᱚᱦᱚ: ᱫᱚ ᱱᱚᱝᱠᱟ ᱠᱚ ᱵᱟᱸᱠᱷᱮᱲᱟᱹ ᱡᱚᱦᱟᱨ ᱜᱚᱸᱥᱟᱭ ᱥᱚᱦᱨᱟᱭ ᱧᱩᱛᱩᱢ ᱛᱮ ᱮᱢᱟᱢ ᱪᱟᱞ ᱟᱢ ᱠᱟᱱᱟ ᱞᱮ, ᱱᱤᱭᱟ ᱛᱮᱜᱮ ᱥᱩᱠᱠᱚ: ᱨᱮᱵᱮᱱ ᱠᱚ: ᱠᱩᱥᱤ ᱛᱮ ᱠᱩᱥᱟᱹᱞ ᱟᱛᱟᱝ ᱠᱟ: ᱛᱟᱞᱮᱯᱮ।
train_santalimale_00311	wavs/train_santalimale_00311.wav	ᱱᱟᱹᱤ ᱯᱟᱨᱚᱢ, ᱜᱟᱲᱟᱹ ᱯᱟᱨᱚᱢ, ᱱᱮᱣᱛᱟ ᱟᱠᱟᱱ, ᱵᱟᱨᱛᱮ ᱟᱠᱟᱱ, ᱯᱮᱲᱟᱹ ᱠᱚ ᱯᱟᱸᱭᱲᱟᱹ ᱠᱚ, ᱦᱚᱯᱚᱱ ᱮᱨᱟ, ᱢᱤᱥᱮᱨᱟ, ᱜᱩᱛᱤᱭᱟᱠᱚ, ᱠᱟᱹᱢᱤ ᱠᱚ, ᱱᱮᱣᱛᱟ ᱟᱠᱟᱫᱼᱟ ᱠᱚᱣᱟ ᱞᱮ, ᱟᱯᱮᱭᱟ: ᱤᱛᱟᱫ, ᱡᱚᱢᱟᱠᱚ ᱦᱟᱵᱟᱜᱟᱠᱚ।
train_santalimale_00312	wavs/train_santalimale_00312.wav	ᱞᱟᱭᱚᱡᱼᱟ ᱦᱟᱥᱩ, ᱵᱚᱦᱚᱷ ᱦᱟᱥᱩ, ᱟᱞᱚᱯᱮ ᱥᱤᱨᱡᱟᱣᱠᱟ: ᱵᱤᱨᱡᱟᱣᱠᱚ: ᱟ।
train_santalimale_00313	wavs/train_santalimale_00313.wav	ᱱᱟᱭ ᱵᱟᱲᱮᱹ ᱱᱟᱯᱟᱭ ᱵᱟᱲᱮᱹ ᱞᱮ ᱛᱟᱸᱦᱮᱸᱠᱚ।
train_santalimale_00314	wavs/train_santalimale_00314.wav	ᱠᱟᱛᱷᱟᱭ ᱢᱮᱱᱟᱠᱚ ᱥᱮᱫᱟᱭ ᱪᱮᱢᱮᱧ ᱜᱩᱨᱩ ᱫᱚ ᱢᱟᱨᱟᱝ ᱵᱩᱨᱩ ᱟ: ᱱᱮᱦᱚᱨ ᱟᱨᱫᱟᱥ ᱛᱮ ᱢᱟᱱᱣᱟ ᱠᱚ ᱫᱩᱠᱷ, ᱦᱟᱨᱠᱮᱫᱼᱟ, ᱨᱩᱣᱟ: ᱦᱟᱥᱩ: ᱠᱷᱚᱱ ᱵᱟᱧᱪᱟᱣ ᱞᱟᱹᱜᱤᱫᱼᱟ ᱛᱮ ᱜᱮᱞ ᱯᱟᱹᱨᱤᱥ ᱨᱮᱱ ᱜᱮᱞᱵᱟᱨ ᱚᱲᱟᱹ: ᱵᱚᱸᱜᱟ ᱟᱛᱩᱢ ᱮ ᱞᱟᱹᱤ ᱞᱟᱫᱼᱟ ᱠᱚᱣᱟ।
train_santalimale_00315	wavs/train_santalimale_00315.wav	ᱩᱱᱠᱩ ᱵᱚᱸᱜᱟ ᱛᱮ ᱢᱟᱨᱟᱝ ᱵᱩᱨᱩ ᱣᱟ: ᱫᱤᱞᱫᱟᱲᱮᱹ ᱛᱮ ᱱᱤᱫᱼᱟ ᱦᱚᱸ ᱥᱟᱱᱛᱟᱲ ᱥᱟᱸᱣᱛᱟ ᱨᱮ ᱥᱚᱦᱨᱟᱭ ᱜᱚᱲᱟᱹ ᱵᱚᱸᱜᱟ ᱫᱚᱵᱚᱱ ᱵᱚᱸᱜᱟ ᱟᱠᱚ ᱠᱟᱱᱟ।
train_santalimale_00316	wavs/train_santalimale_00316.wav	ᱩᱱᱠᱩ ᱚᱲᱟᱹ: ᱵᱚᱸᱜᱟ ᱠᱚᱣᱟ: ᱧᱩᱛᱩᱢ ᱪᱮᱢᱮᱧ ᱜᱩᱨᱩ ᱠᱟᱛᱷᱟ ᱛᱮ ᱫᱚ ᱱᱚᱣᱚᱭ ᱱᱚᱝᱠᱟ ᱢᱮᱱᱟ: ᱟ।
train_santalimale_00317	wavs/train_santalimale_00317.wav	ᱥᱟᱱᱛᱟᱲ ᱯᱟᱹᱨᱤᱥ ᱨᱮ ᱫᱚ ᱠᱷᱩᱸᱴ ᱥᱮ ᱠᱷᱤᱞᱤ ᱱᱤᱭᱟ ᱵᱚᱸᱜᱟ ᱧᱩᱛᱩᱢ ᱵᱷᱮᱜᱟᱨᱵᱷᱮᱜᱟᱨ ᱜᱮᱭᱟ।
train_santalimale_00318	wavs/train_santalimale_00318.wav	ᱚᱱᱟᱠᱚ ᱢᱩᱫ ᱨᱮ ᱟᱲᱤᱜᱟᱱ ᱧᱩᱛᱩᱢ ᱟᱫ ᱪᱟᱵᱟᱷ ᱠᱟᱱᱟ।
train_santalimale_00319	wavs/train_santalimale_00319.wav	ᱟᱨ ᱯᱟᱹᱨᱤᱥ ᱚᱫᱚᱞ ᱵᱚᱫᱚᱞ ᱞᱮᱠᱟᱛᱮ ᱵᱚᱸᱜᱟ ᱧᱩᱛᱩᱢ ᱠᱚ ᱦᱚ ᱚᱫᱚᱞ ᱵᱚᱫᱚᱞ ᱟᱹᱫ ᱪᱟᱵᱟ ᱟᱠᱟᱱᱟ।
train_santalimale_00320	wavs/train_santalimale_00320.wav	ᱛᱮᱥᱟᱨ ᱫᱤᱱ ᱫᱚ ᱜᱟᱹᱭ ᱰᱟᱸᱜᱨᱟ ᱠᱟᱲᱟᱹ ᱠᱷᱩᱱᱴᱟᱹᱣ ᱫᱤᱱ ᱠᱟᱱᱟ।
train_santalimale_00321	wavs/train_santalimale_00321.wav	ᱠᱷᱩᱱᱴᱟᱹᱣ ᱫᱚ ᱟᱹᱛᱩ ᱨᱮᱱᱟ: ᱠᱩᱞᱦᱤ ᱵᱟᱝᱠᱷᱟᱱ ᱴᱟᱸᱬᱰᱤ ᱨᱮ ᱦᱩᱭᱩ: ᱟ।
train_santalimale_00322	wavs/train_santalimale_00322.wav	ᱠᱷᱩᱱᱴᱟᱹᱣ ᱫᱤᱱ ᱫᱚ ᱚᱲᱟᱹ: ᱠᱚ ᱥᱮᱛᱟᱷ ᱠᱷᱚᱱ ᱠᱚ ᱥᱟᱯᱷᱟᱭᱟ।
train_santalimale_00323	wavs/train_santalimale_00323.wav	ᱰᱟᱸᱜᱨᱤ ᱠᱟᱰᱟ ᱠᱚᱠᱚ ᱥᱟᱯᱷᱟ, ᱩᱢ ᱜᱷᱟᱥᱟᱣ ᱟᱜᱩᱠᱚᱣᱟ, ᱚᱲᱟᱹ: ᱨᱮ ᱢᱮᱱᱟ: ᱟᱨᱟᱸᱲ ᱠᱚ ᱦᱚᱸ ᱠᱚ ᱥᱟᱯᱷᱟ ᱟᱨᱩᱯ ᱟᱜᱩᱭᱟ।
train_santalimale_00324	wavs/train_santalimale_00324.wav	ᱨᱟᱪᱟ ᱨᱮ ᱦᱚᱞᱚᱝ ᱫᱟ: ᱛᱮ ᱠᱚ ᱟᱞᱚᱯᱤᱱᱟ ᱠᱚ ᱵᱮᱱᱟᱣᱟ ᱚᱱᱟ ᱟᱞᱚᱯᱤᱱᱟ ᱨᱮ ᱫᱚ ᱫᱷᱟᱸᱣᱟ ᱦᱩᱰᱩ ᱤᱨ ᱟᱜᱩᱠᱟᱛᱮ ᱠᱚ ᱫᱚᱦᱚᱭᱟ।
train_santalimale_00325	wavs/train_santalimale_00325.wav	ᱟᱨ ᱫᱷᱟᱸᱣᱟ ᱦᱩᱰᱩᱷ ᱨᱮᱱᱟᱷ ᱵᱟᱦᱟᱠᱚ ᱵᱮᱱᱟᱣᱟ।
train_santalimale_00326	wavs/train_santalimale_00326.wav	ᱫᱷᱟᱸᱣᱟ ᱦᱩᱰᱩ ᱛᱮᱫᱚ ᱰᱟᱸᱜᱨᱤ ᱠᱟᱰᱟᱣᱟ: ᱫᱮᱨᱮᱧ ᱠᱚ ᱥᱟᱡᱟᱣᱟ।
train_santalimale_00327	wavs/train_santalimale_00327.wav	ᱢᱤᱫᱼᱟ ᱵᱮᱱᱟᱣ ᱵᱟᱦᱟ ᱛᱮᱫᱚ ᱚᱲᱟᱹ: ᱠᱚ ᱥᱟᱡᱟᱣ।
train_santalimale_00328	wavs/train_santalimale_00328.wav	ᱫᱷᱟᱸᱣᱟ ᱵᱟᱦᱟ ᱫᱚ ᱦᱚᱞᱚᱝ ᱥᱤᱸᱫᱩᱨ ᱠᱚ ᱮᱢᱟᱜᱟ: ᱟ।
train_santalimale_00329	wavs/train_santalimale_00329.wav	ᱰᱟᱸᱜᱨᱤ ᱟᱨᱟᱸᱲ ᱠᱚᱨᱮ ᱦᱚᱸ ᱦᱚᱞᱚᱝ ᱟᱨ ᱥᱤᱸᱫᱩᱨ ᱠᱚ ᱴᱤᱰᱟ: ᱜᱟ ᱟ।
train_santalimale_00330	wavs/train_santalimale_00330.wav	ᱰᱟᱸᱜᱨᱤ ᱟᱲᱟᱹ: ᱧᱩᱛᱩᱢ ᱛᱮ ᱯᱮ ᱯᱷᱩᱰᱩ: ᱦᱟᱸᱰᱤ ᱜᱚᱲᱟᱹ ᱨᱮ ᱠᱚ ᱵᱚᱸᱜᱟᱭᱟ।
train_santalimale_00331	wavs/train_santalimale_00331.wav	ᱟᱨ ᱰᱟᱸᱜᱨᱤ ᱠᱟᱲᱟᱹ ᱠᱷᱩᱱᱴᱟᱹᱣ ᱞᱟᱹᱜᱤᱫᱼᱟ ᱠᱩᱞᱦᱤ ᱛᱮ ᱠᱚ ᱚᱲᱚᱝ ᱠᱚᱣᱟ।
train_santalimale_00332	wavs/train_santalimale_00332.wav	ᱠᱩᱞᱦᱤ ᱨᱮ ᱵᱤᱫᱼᱟ ᱟᱠᱟᱱ ᱠᱷᱩᱱᱴᱟᱹᱣ ᱠᱷᱩᱱᱴᱤ ᱨᱮ ᱠᱚ ᱛᱚᱞᱠᱚᱣᱟ।
train_santalimale_00333	wavs/train_santalimale_00333.wav	ᱟᱨ ᱮᱱᱮᱡᱼᱟ ᱥᱮᱨᱮᱧ ᱟᱛᱮ ᱠᱚ ᱨᱟᱹᱥᱠᱟᱹ ᱦᱚᱪᱚ ᱠᱚᱣᱟ।
train_santalimale_00334	wavs/train_santalimale_00334.wav	ᱠᱩᱲᱤ ᱦᱚᱯᱚᱱ ᱠᱚ ᱫᱚ ᱦᱟᱴᱟᱨᱮ ᱟᱹᱫᱣᱟ ᱪᱟᱣᱞᱮ, ᱫᱷᱩᱣᱤ ᱜᱷᱟᱸᱥ ᱟᱨ ᱫᱤᱭᱟᱲᱟᱹ ᱵᱟᱛᱤ ᱛᱮ ᱠᱚ ᱪᱩᱢᱟᱣᱲᱟᱹ ᱠᱚᱣᱟ।
train_santalimale_00335	wavs/train_santalimale_00335.wav	ᱚᱱᱟ ᱛᱚᱭᱟᱢ ᱧᱤᱫᱟ ᱫᱚ ᱡᱚᱢ ᱧᱩᱭᱟᱠᱚ ᱱᱚᱝᱠᱟ ᱛᱮ ᱛᱮᱥᱟᱨ ᱫᱤᱱᱟᱷ ᱥᱚᱦᱨᱟᱭ ᱠᱷᱩᱱᱴᱟᱹᱣ ᱫᱚ ᱢᱩᱪᱟᱫᱚ: ᱟ।
train_santalimale_00336	wavs/train_santalimale_00336.wav	ᱯᱩᱱᱟ: ᱫᱤᱱ ᱫᱚ ᱡᱟᱡᱞᱮ ᱫᱤᱱ ᱠᱟᱱᱟ।
train_santalimale_00337	wavs/train_santalimale_00337.wav	ᱱᱚᱣᱟ ᱫᱤᱱ ᱫᱚ ᱟᱹᱛᱩ ᱨᱮᱱ ᱠᱚᱲᱟᱹ ᱠᱩᱲᱤ ᱚᱲᱟᱹ: ᱚᱲᱟᱹ: ᱠᱚ ᱫᱟᱲᱟᱹᱱᱟ।
train_santalimale_00338	wavs/train_santalimale_00338.wav	ᱨᱟᱪᱟ ᱨᱮ ᱫᱚᱦᱚ ᱟᱠᱟᱱ ᱫᱷᱟᱸᱣᱟ ᱦᱩᱰᱩ ᱠᱚ ᱮᱱᱟ।
train_santalimale_00339	wavs/train_santalimale_00339.wav	ᱟᱨ ᱟᱥᱟᱢᱤ ᱚᱲᱟᱹ: ᱨᱮ ᱦᱟᱸᱲᱤ ᱟᱨ ᱫᱟᱠᱟ ᱠᱚ ᱠᱚ ᱡᱚᱢ ᱧᱩᱭᱟ।
train_santalimale_00340	wavs/train_santalimale_00340.wav	ᱱᱚᱝᱠᱟ ᱛᱮᱜᱮ ᱡᱟᱡᱞᱮ ᱫᱤᱱ ᱦᱚᱸ ᱢᱩᱪᱟᱫᱚ: ᱟ ᱟᱨ ᱥᱚᱦᱨᱟᱭ ᱯᱟᱹᱨᱟᱹᱵ ᱦᱚᱸ ᱢᱩᱪᱟᱫᱼᱟ ᱪᱟᱵᱟ: ᱟ।
train_santalimale_00341	wavs/train_santalimale_00341.wav	ᱥᱟᱱᱛᱟᱲ ᱥᱟᱸᱣᱛᱟ ᱨᱮ ᱟᱲᱤ ᱜᱟᱱ ᱟᱨᱤᱪᱟᱞᱤ ᱢᱮᱱᱟᱷᱟ।
train_santalimale_00342	wavs/train_santalimale_00342.wav	ᱚᱱᱟᱠᱚ ᱢᱩᱫᱨᱮ ᱡᱮᱛᱮ ᱠᱷᱚᱱ ᱢᱟᱲᱟᱹᱝ ᱟᱨ ᱢᱟᱨᱟᱝ ᱟᱨᱤᱪᱟᱞᱤ ᱫᱚ ᱠᱟᱱᱟ ᱡᱟᱱᱟᱢ ᱟᱨᱤᱪᱟᱞᱤ।
train_santalimale_00343	wavs/train_santalimale_00343.wav	ᱮᱸᱜᱟᱛ ᱠᱩᱠᱷᱤ ᱠᱷᱚᱱ ᱜᱤᱫᱨᱟᱹ ᱟᱸᱲᱜᱚ ᱞᱮᱱᱠᱷᱟᱱ, ᱚᱲᱟᱹᱨᱮᱱ ᱦᱚᱲᱠᱚ ᱫᱚ ᱥᱟᱲᱤᱢ ᱥᱟᱛᱮ ᱠᱚ ᱫᱟᱞᱟ, ᱯᱤᱛᱚᱞ ᱵᱟᱴᱤ ᱠᱚ ᱫᱟᱞᱟ, ᱦᱩᱰᱩ ᱟᱨ ᱜᱩᱨᱤᱡᱼᱟ ᱫᱩᱣᱟᱹᱨ ᱨᱮ ᱠᱚ ᱫᱚᱦᱚᱭᱟ।
train_santalimale_00344	wavs/train_santalimale_00344.wav	ᱜᱤᱫᱨᱟᱹᱣᱟ: ᱵᱩᱠᱟ ᱫᱚ ᱥᱩᱛᱟᱢ ᱛᱮ ᱛᱚᱞ ᱟᱭ।
train_santalimale_00345	wavs/train_santalimale_00345.wav	ᱜᱤᱫᱨᱟᱹ ᱟᱯᱟᱫᱼᱟ ᱫᱚ ᱜᱟᱱᱟᱹᱲᱮᱹ ᱫᱷᱟᱨᱮ ᱵᱟᱨᱮᱭᱟ ᱥᱮᱱᱮᱨ ᱛᱟᱞᱟᱨᱮ ᱵᱟᱦᱟ ᱫᱚᱭ ᱛᱚᱯᱟ ᱠᱟ: ᱟ।
train_santalimale_00346	wavs/train_santalimale_00346.wav	ᱚᱱᱟ ᱛᱟᱭᱚᱢ ᱫᱷᱟᱸᱭ ᱵᱩᱲᱦᱤ ᱫᱚ ᱟᱦᱟᱨ ᱪᱟᱞᱟᱣ ᱠᱟᱛᱮ ᱜᱤᱫᱨᱟᱹᱣᱟ: ᱪᱷᱩᱫᱼᱟ ᱮ ᱪᱷᱤᱰᱠᱟᱹᱣ ᱠᱟᱟ।
train_santalimale_00347	wavs/train_santalimale_00347.wav	ᱜᱤᱫᱨᱟᱹ ᱮᱜᱟᱫᱼᱟ ᱡᱟᱸᱦᱟ ᱯᱟᱨᱠᱚᱢ ᱨᱮ ᱠᱤᱱ ᱜᱤᱛᱤᱡᱼᱟ ᱟ ᱚᱸᱲᱮᱹ ᱢᱤᱫᱼᱟ ᱴᱟᱝ ᱥᱟᱨ ᱠᱚ ᱵᱤᱫᱼᱟᱠᱟ: ᱟ।
train_santalimale_00348	wavs/train_santalimale_00348.wav	ᱪᱷᱟᱹᱴᱭᱟᱹᱨ ᱫᱤᱱ ᱦᱤᱞᱚ: ᱫᱚ ᱟᱹᱛᱩ ᱦᱟᱲᱟᱹᱢ ᱵᱩᱲᱦᱤ ᱠᱚ ᱡᱟᱣᱨᱟᱷ ᱟ।
train_santalimale_00349	wavs/train_santalimale_00349.wav	ᱫᱷᱟᱸᱭ ᱦᱟᱲᱟᱹᱢ ᱵᱩᱲᱦᱤ ᱜᱮ ᱪᱷᱟᱹᱴᱭᱟᱹᱨᱠᱟᱹᱢᱤ ᱫᱚᱠᱤᱱ ᱪᱷᱤᱸᱰᱟᱣᱟ।
train_santalimale_00350	wavs/train_santalimale_00350.wav	ᱡᱮᱛᱮ ᱠᱷᱚᱱ ᱢᱟᱲᱟᱹᱝ ᱫᱚ ᱚᱡᱷᱟ ᱦᱟᱲᱟᱹᱢ ᱥᱟᱨᱡᱚᱢ ᱯᱷᱩᱰᱩ: ᱨᱮ ᱫᱟ: ᱮ ᱫᱚᱦᱚᱭᱟ ᱚᱱᱟ ᱫᱟ: ᱨᱮ ᱥᱚᱥᱚ ᱡᱟᱝ ᱟᱨ ᱠᱟᱥᱠᱚᱢ ᱥᱟᱠᱟᱢ ᱮ ᱡᱚᱵᱮᱭᱟ।
train_santalimale_00351	wavs/train_santalimale_00351.wav	ᱚᱱᱟ ᱫᱟ: ᱛᱮ ᱜᱤᱫᱨᱟᱹ ᱵᱦᱚ ᱩᱯ ᱮ ᱦᱚᱭᱚᱭᱟ।
train_santalimale_00352	wavs/train_santalimale_00352.wav	ᱚᱱᱟ ᱛᱟᱭᱚᱢ ᱵᱟᱪᱷᱟᱣ ᱟᱠᱟᱱ ᱥᱟᱥᱟᱝ ᱨᱤᱛ ᱠᱟᱛᱮ ᱠᱚ ᱩᱢ ᱩᱡᱚ: ᱮᱭᱟ।
train_santalimale_00353	wavs/train_santalimale_00353.wav	ᱮᱜᱟᱸᱛ ᱩᱢ ᱞᱟᱹᱜᱤᱫᱼᱟ ᱫᱚ ᱥᱟᱥᱟᱝ ᱫᱚ ᱵᱟᱝ ᱠᱚ ᱵᱟᱪᱷᱟᱣᱟ।
train_santalimale_00354	wavs/train_santalimale_00354.wav	ᱮᱸᱜᱟᱫᱼᱟ ᱫᱚ ᱚᱲᱟᱹ ᱵᱟᱝᱠᱷᱟᱱ ᱯᱩᱠᱷᱨᱤ ᱨᱮ ᱥᱟᱨ ᱤᱫᱤᱠᱟᱛᱮ ᱚᱱᱟ ᱥᱟᱨ ᱨᱮᱭ ᱥᱤᱸᱫᱩᱨᱟ: ᱟ।
train_santalimale_00355	wavs/train_santalimale_00355.wav	ᱥᱮᱫᱟᱭ ᱫᱚ ᱩᱜᱞᱤ ᱥᱟᱨ ᱛᱮ ᱱᱟᱹᱲ ᱠᱚ ᱜᱮᱫᱛᱟᱦᱮᱫᱼᱟ, ᱡᱟᱦᱟᱸ ᱥᱟᱨ ᱛᱮ ᱜᱤᱫᱨᱟᱹ ᱱᱟᱹᱲ ᱜᱮᱫᱚ: ᱟ ᱚᱱᱟ ᱥᱟᱨ ᱫᱚ ᱥᱮᱸᱫᱨᱟ ᱛᱮ ᱵᱟᱝᱠᱚ ᱤᱫᱤᱭᱟ।
train_santalimale_00356	wavs/train_santalimale_00356.wav	ᱪᱷᱟᱹᱴᱭᱟᱹᱨᱚᱥᱩᱱᱩᱢ ᱵᱟᱨᱴᱷᱮᱱ ᱠᱚ ᱦᱟᱹᱴᱤᱧᱟ, ᱢᱤᱫᱼᱟ ᱯᱷᱩᱰᱩ ᱫᱚ ᱜᱤᱫᱨᱟᱹ ᱮᱸᱜᱟᱛ ᱟᱨ ᱢᱤᱫᱼᱟ ᱯᱷᱩᱰᱩ ᱫᱚ ᱜᱟᱸᱣᱞᱟ ᱦᱚᱲ ᱠᱚ ᱧᱟᱢᱟ ᱟᱨ ᱩᱢᱠᱚ ᱪᱟᱞᱟ: ᱟ।
train_santalimale_00357	wavs/train_santalimale_00357.wav	ᱜᱤᱫᱨᱟᱹ ᱩᱢ ᱡᱚᱦᱚ: ᱫᱚ, ᱜᱤᱫᱨᱟᱹ ᱫᱚ ᱟᱛᱱᱟᱷ ᱥᱟᱠᱟᱢ ᱨᱮ ᱦᱚᱵᱚᱨ ᱠᱟᱛᱮ ᱠᱚ ᱩᱢᱮᱭᱟ, ᱟᱛᱱᱟ: ᱥᱟᱠᱟᱢ ᱵᱚᱫᱚᱞ ᱛᱮ ᱛᱩᱞᱥᱤ ᱥᱟᱠᱟᱢ ᱦᱚᱸ ᱜᱟᱱᱚᱷ ᱠᱟᱱᱟ।
train_santalimale_00358	wavs/train_santalimale_00358.wav	ᱟᱹᱛᱩ ᱦᱚᱲ ᱪᱷᱟᱹᱴᱭᱟᱹᱨᱚᱧᱩᱛᱩᱢ ᱩᱢ ᱵᱟᱲᱟᱹ ᱦᱮᱡᱼᱟ ᱠᱟᱛᱮ ᱫᱷᱟᱸᱭ ᱵᱩᱲᱦᱤ ᱫᱚ ᱦᱟᱸᱰᱤ ᱟᱨ ᱫᱟ: ᱮ ᱪᱚᱰᱚᱨᱟ।
train_santalimale_00359	wavs/train_santalimale_00359.wav	ᱚᱲᱟᱹᱷ ᱵᱷᱤᱛᱨᱤ ᱯᱟᱦᱴᱟ ᱠᱷᱚᱱ ᱜᱤᱫᱨᱟᱹ ᱮᱸᱜᱟᱫᱼᱟ ᱫᱚ ᱥᱟᱠᱟᱢ ᱯᱷᱩᱲᱩᱹ ᱛᱮ ᱦᱟᱸᱰᱤ ᱮ ᱟᱲᱛᱤ ᱟᱭᱟ, ᱟᱨ ᱚᱱᱟ ᱟᱰᱛᱤ ᱦᱟᱸᱰᱤ ᱫᱚ ᱯᱷᱩᱰᱩ ᱢᱮᱥᱟ ᱨᱟᱪᱟ ᱥᱮᱛ ᱮ ᱜᱤᱰᱤ ᱠᱟᱷ ᱟ।
train_santalimale_00360	wavs/train_santalimale_00360.wav	ᱚᱱᱠᱟ ᱜᱮ ᱫᱟ: ᱦᱚᱸᱭ ᱜᱤᱰᱤᱭᱟ।
train_santalimale_00361	wavs/train_santalimale_00361.wav	ᱱᱚᱣᱟ ᱠᱟᱹᱢᱤ ᱫᱚ ᱯᱮᱯᱮ ᱯᱷᱩᱰᱩ: ᱠᱚ ᱵᱚᱸᱜᱟᱭᱟ।
train_santalimale_00362	wavs/train_santalimale_00362.wav	ᱚᱱᱟ ᱛᱟᱭᱚᱢ ᱦᱮᱸᱥᱟ ᱥᱟᱠᱟᱢ ᱨᱮ ᱯᱤᱴᱷᱟ ᱟᱠᱟᱱ, ᱵᱟᱨᱭᱟ ᱯᱤᱴᱷᱟ ᱫᱚ ᱥᱟᱠᱟᱢ ᱨᱮ ᱠᱚ ᱫᱚᱦᱚᱭᱟ ᱟᱨ ᱚᱱᱟ ᱯᱤᱴᱷᱟ ᱫᱚ ᱜᱤᱫᱨᱟᱹᱣᱟᱷ ᱞᱩᱛᱩᱨ ᱨᱮ ᱠᱚ ᱡᱚᱴᱮᱫᱟ: ᱟ।
train_santalimale_00363	wavs/train_santalimale_00363.wav	ᱚᱱᱟ ᱛᱟᱭᱚᱢ ᱫᱷᱟᱸᱭ ᱵᱩᱲᱦᱤ ᱫᱚ ᱦᱚᱞᱚᱝ ᱫᱟ: ᱮ ᱤᱨᱪᱤᱭᱟ।
train_santalimale_00364	wavs/train_santalimale_00364.wav	ᱢᱤᱫᱼᱟ ᱯᱷᱩᱰᱩᱛᱮ ᱫᱚ ᱮᱸᱜᱟᱛ ᱟᱨ ᱜᱤᱫᱨᱟᱹ।
train_santalimale_00365	wavs/train_santalimale_00365.wav	ᱫᱚᱥᱟᱨ ᱯᱷᱩᱰᱩ ᱛᱮ ᱫᱚ ᱠᱚᱲᱟᱹᱠᱚ, ᱟᱨ ᱛᱮᱥᱟᱨ ᱯᱷᱩᱰᱩ ᱨᱮᱱᱟ: ᱦᱚᱞᱚᱝ ᱫᱟ: ᱛᱮ ᱠᱩᱲᱤ ᱠᱚ, ᱠᱚᱲᱟᱹᱢ ᱨᱮᱭ ᱤᱨᱪᱤᱭᱟᱠᱚᱣᱟ।
train_santalimale_00366	wavs/train_santalimale_00366.wav	ᱦᱚᱞᱚᱝ ᱫᱟ: ᱤᱨᱪᱮ ᱞᱮᱱᱠᱷᱟᱱᱜᱮ ᱮᱸᱜᱟᱛ ᱟᱨ ᱜᱤᱫᱨᱟᱹᱣᱟ: ᱪᱷᱩᱣᱟᱸᱛ ᱪᱟᱵᱟ: ᱟ।
train_santalimale_00367	wavs/train_santalimale_00367.wav	ᱚᱱᱟ ᱛᱟᱭᱚᱢ ᱚᱲᱟᱹ: ᱟᱥᱟᱢᱤ ᱫᱚ ᱱᱤᱢ ᱫᱟᱷ ᱢᱟᱰᱤ ᱵᱚᱸᱜᱟᱭᱟ।
train_santalimale_00368	wavs/train_santalimale_00368.wav	ᱜᱤᱫᱨᱟᱹᱣᱟ: ᱧᱩᱛᱩᱢ ᱫᱚ ᱞᱟᱜᱤᱫ ᱢᱤᱫᱼᱟᱴᱟᱝ ᱫᱤᱱᱠᱚ ᱛᱚᱞᱟ, ᱟᱹᱛᱩ ᱦᱚᱲ ᱟᱨ ᱯᱮᱲᱟᱹ ᱯᱟᱸᱭᱲᱟᱹ ᱠᱚ ᱱᱮᱣᱛᱟ ᱠᱚᱣᱟ।
train_santalimale_00369	wavs/train_santalimale_00369.wav	ᱢᱟᱨᱟᱝ ᱠᱚᱲᱟᱹ ᱟᱨ ᱢᱟᱨᱟᱝ ᱠᱩᱲᱤ ᱫᱚ ᱠᱚᱲᱟᱹ ᱯᱟᱦᱴᱟᱨᱮᱱ ᱜᱚᱲᱚᱢ ᱦᱟᱲᱟᱹᱢ ᱜᱚᱲᱚᱢ ᱵᱩᱲᱦᱤ ᱠᱚ ᱧᱩᱛᱩᱢ ᱠᱚᱣᱟ।
train_santalimale_00370	wavs/train_santalimale_00370.wav	ᱚᱱᱟ ᱛᱟᱭᱟᱢ ᱨᱮᱱ ᱜᱤᱫᱨᱟᱹ ᱫᱚ ᱮᱸᱜᱟᱫᱼᱟ ᱯᱟᱦᱴᱟᱨᱮᱱ ᱠᱚ ᱧᱩᱛᱩᱢ ᱠᱚᱣᱟ।
train_santalimale_00371	wavs/train_santalimale_00371.wav	ᱜᱤᱫᱨᱟᱹ ᱱᱟᱹᱲ ᱪᱮᱫᱟ: ᱥᱟᱨ ᱛᱮ ᱠᱚ ᱜᱮᱫᱟ ᱚᱡᱷᱟ ᱵᱟᱵᱟ?
train_santalimale_00372	wavs/train_santalimale_00372.wav	ᱥᱮᱫᱟᱭ ᱦᱟᱯᱲᱟᱹᱢ ᱵᱤᱫᱟᱞ ᱨᱮ ᱢᱟᱨᱟᱝ ᱵᱩᱨᱩ ᱫᱚ ᱟᱡᱟ: ᱥᱟᱨᱛᱮ ᱯᱤᱞᱪᱩ ᱦᱟᱲᱟᱹᱢ ᱟᱨ ᱯᱤᱞᱪᱩ ᱵᱩᱲᱦᱤᱭᱟ: ᱱᱟᱹᱲ ᱮ ᱜᱮᱫ ᱞᱮᱫᱟ, ᱚᱱᱟᱛᱮ ᱱᱮᱛᱟᱨ ᱥᱟᱨ ᱛᱮ ᱠᱚ ᱜᱮᱫᱟ।
train_santalimale_00373	wavs/train_santalimale_00373.wav	ᱟᱨ ᱡᱟᱦᱟᱸ ᱯᱟᱨᱠᱚᱢ ᱨᱮ ᱜᱤᱫᱨᱟᱹ ᱮᱸᱜᱟᱛ ᱠᱤᱱ ᱜᱤᱛᱤᱡᱼᱟ ᱟ, ᱚᱸᱰᱮᱜᱮ ᱥᱟᱨ ᱫᱚᱠᱚ ᱫᱚᱦᱚ ᱠᱟ: ᱟ, ᱵᱚᱦᱚᱷ ᱯᱟᱦᱴᱟ ᱨᱮ।
train_santalimale_00374	wavs/train_santalimale_00374.wav	ᱜᱤᱫᱨᱟᱹᱣᱟᱷ ᱵᱟᱦᱟᱷ ᱛᱚᱯᱚ ᱡᱚᱦᱚᱷ ᱫᱚ ᱥᱟᱹᱵᱲᱤ ᱛᱮ ᱠᱚ ᱞᱟᱭᱟ, ᱢᱮᱱᱠᱷᱟᱱ ᱜᱤᱫᱨᱟᱹᱣᱟ: ᱨᱚᱦᱚᱲ ᱱᱟᱹᱲ ᱫᱚ ᱪᱮᱫᱟ: ᱥᱩᱤ ᱛᱮ ᱞᱟ ᱠᱟᱛᱮᱠᱚ ᱛᱚᱯᱟᱭᱟ?
train_santalimale_00375	wavs/train_santalimale_00375.wav	ᱵᱟᱦᱟ ᱫᱚ ᱟᱨ ᱦᱚ ᱡᱚ ᱚᱢᱚᱱᱚ: ᱞᱟᱹᱜᱤᱛ ᱛᱮ ᱥᱟᱹᱵᱲᱤ ᱵᱟᱝᱠᱷᱟᱱ ᱯᱷᱟᱞᱛᱮ ᱚᱛ ᱫᱚᱠᱚ ᱞᱟᱭᱟ।
train_santalimale_00376	wavs/train_santalimale_00376.wav	ᱢᱮᱱᱠᱷᱟᱱ ᱜᱤᱫᱨᱟᱹ ᱨᱚᱦᱚᱲ ᱱᱟᱹᱲ ᱛᱚᱯᱟ ᱡᱚᱦᱚ: ᱫᱚ ᱥᱩᱤ ᱛᱮ ᱵᱟᱝᱠᱷᱟᱱ ᱱᱟᱱᱦᱟ ᱛᱟᱨ ᱛᱮᱠᱚ ᱞᱟᱭᱟ।
train_santalimale_00377	wavs/train_santalimale_00377.wav	ᱦᱟᱥᱟ ᱠᱟᱤᱡᱼᱟ ᱠᱟᱤᱡᱼᱟ ᱛᱟᱲᱮᱹᱡᱼᱟ ᱦᱩᱭᱩ: ᱟ।
train_santalimale_00378	wavs/train_santalimale_00378.wav	ᱠᱟᱤᱡᱼᱟ ᱠᱟᱤᱡᱼᱟ ᱛᱟᱲᱮᱹᱡᱼᱟ ᱞᱮᱱᱠᱷᱟᱱ ᱰᱟᱴᱟ ᱵᱟᱝ ᱯᱷᱟᱨᱠᱟ ᱟ।
train_santalimale_00379	wavs/train_santalimale_00379.wav	ᱚᱡᱷᱟ ᱵᱩᱲᱦᱤ ᱫᱚ ᱫᱟᱷ ᱟᱨ ᱦᱟᱸᱲᱤ ᱪᱮᱫᱟ: ᱢᱤᱫᱼᱟ ᱛᱮᱭ ᱵᱚᱸᱜᱟᱭᱟ।
train_santalimale_00380	wavs/train_santalimale_00380.wav	ᱛᱮᱦᱮᱧ ᱫᱚ ᱜᱤᱫᱨᱟᱹ ᱫᱚ ᱵᱟᱨ ᱯᱟᱦᱴᱟ ᱨᱮ ᱢᱮᱱᱟᱭᱟ।
train_santalimale_00381	wavs/train_santalimale_00381.wav	ᱪᱷᱩᱣᱟᱹᱛ ᱨᱮ ᱢᱮᱱᱟᱭ ᱛᱮ ᱫᱟ: ᱛᱮᱭ ᱵᱚᱸᱜᱟ ᱟᱨᱩᱯ ᱮᱭᱟ, ᱚᱱᱟ ᱛᱟᱭᱚᱢ ᱦᱟᱸᱰᱤᱛᱮ ᱵᱚᱸᱜᱟᱹᱭ ᱫᱮᱣᱟ ᱥᱮᱣᱟ ᱠᱚᱣᱟ।
train_santalimale_00382	wavs/train_santalimale_00382.wav	ᱜᱤᱫᱨᱟᱹ ᱮᱸᱜᱟᱛ ᱫᱚ ᱚᱲᱟᱹ: ᱵᱷᱤᱛᱨᱤ ᱨᱮ ᱟᱨ ᱚᱡᱷᱟ ᱵᱩᱲᱦᱤ ᱫᱚ ᱨᱟᱪᱟ ᱯᱟᱦᱴᱟ ᱨᱮ ᱫᱩᱰᱩᱵᱼᱟ ᱠᱟᱛᱮ ᱪᱮᱫᱟ: ᱠᱤᱱ ᱮᱯᱮᱢᱟ?
train_santalimale_00383	wavs/train_santalimale_00383.wav	ᱚᱲᱟᱹ: ᱨᱮᱱᱟ: ᱥᱤᱢᱟ ᱫᱚ ᱜᱟᱱᱟᱰᱮ ᱠᱟᱱᱟ।
train_santalimale_00384	wavs/train_santalimale_00384.wav	ᱜᱤᱫᱨᱟᱹ ᱫᱚ ᱪᱷᱩᱣᱟᱛ ᱜᱮᱭᱟᱭ, ᱜᱟᱱᱟᱹᱲᱮᱹ ᱯᱟᱨᱚᱢᱮ ᱞᱟᱹᱜᱤᱫᱼᱟ ᱛᱮ ᱜᱤᱫᱨᱟᱹ ᱫᱚ ᱚᱡᱷᱟ ᱵᱩᱲᱦᱤ ᱵᱟᱦᱨᱮ ᱠᱷᱚᱱᱮ ᱮ ᱟᱛᱟᱝ ᱮᱭᱟ।
train_santalimale_00385	wavs/train_santalimale_00385.wav	ᱮᱱᱠᱷᱟᱱ ᱜᱮ ᱜᱤᱫᱨᱟᱹ: ᱫᱚ ᱜᱟᱱᱟᱹᱲᱮᱹ ᱠᱷᱚᱱᱮ ᱯᱟᱨᱚᱢ ᱮᱱᱟ ᱟᱵᱚ ᱛᱟᱞᱟᱨᱮ ᱦᱮᱡᱼᱟ ᱮᱱᱟᱭ।
train_santalimale_00386	wavs/train_santalimale_00386.wav	ᱜᱤᱫᱨᱟᱹᱣᱟ: ᱡᱮᱛᱮ ᱠᱷᱚᱱ ᱢᱟᱲᱟᱹᱝ ᱪᱮᱛᱟᱱ ᱰᱟᱴᱟ ᱚᱲᱚᱝ ᱞᱮᱱᱠᱷᱟᱱ ᱪᱮᱫᱟ: ᱥᱮᱛᱟ ᱥᱟᱸᱣᱠᱚ ᱵᱟᱵᱼᱟᱞᱟ ᱠᱚᱣᱟ।
train_santalimale_00387	wavs/train_santalimale_00387.wav	ᱟᱨ ᱵᱚᱦᱚ: ᱩᱯ ᱨᱮ ᱵᱟᱨᱭᱟ ᱜᱷᱩᱨᱱᱤ ᱚᱲᱚᱝ ᱞᱮᱱᱠᱷᱟᱱ ᱪᱮᱫᱟ: ᱜᱟᱰᱟ ᱫᱟ: ᱨᱮ ᱠᱚ ᱟᱹᱛᱩ ᱠᱚᱣᱟ?
train_santalimale_00388	wavs/train_santalimale_00388.wav	ᱜᱤᱫᱨᱟᱹ ᱵᱟᱜᱷᱩᱫᱼᱟ ᱜᱩᱪᱟᱣ ᱞᱟᱹᱜᱤᱫᱼᱟ ᱠᱚ ᱠᱟᱹᱢᱤᱭᱟ।
train_santalimale_00389	wavs/train_santalimale_00389.wav	ᱜᱤᱫᱨᱟᱹ ᱡᱟᱱᱟᱢᱚ: ᱚᱠᱛᱚ ᱪᱮᱫᱟ: ᱥᱟᱹᱲᱤᱢ ᱠᱚ ᱫᱟᱞᱟ ᱟᱨ ᱠᱟᱸᱥᱟ ᱵᱟᱴᱤ ᱠᱚ ᱫᱟᱞᱟ?
train_santalimale_00390	wavs/train_santalimale_00390.wav	ᱜᱤᱫᱨᱟᱹ ᱡᱟᱱᱟᱢᱚ ᱚᱠᱛᱮ ᱥᱟᱲᱤᱢ ᱫᱟᱞ ᱢᱟᱱᱮ ᱫᱚ ᱠᱟᱱᱟ ᱜᱤᱫᱨᱟᱹᱣᱟ ᱡᱤᱣᱤ ᱵᱟᱤᱥᱟᱣᱚ: ᱞᱟᱹᱜᱤᱫᱼᱟ ᱛᱮ, ᱟᱨ ᱯᱤᱛᱚᱞ ᱫᱟᱞ ᱨᱮᱱᱟ: ᱢᱟᱱᱮ ᱫᱚ ᱞᱩᱛᱩᱨ ᱨᱮ ᱥᱟᱰᱮ ᱛᱟᱨᱠᱚ ᱵᱚᱞᱚᱱᱢᱟ।
train_santalimale_00391	wavs/train_santalimale_00391.wav	ᱛᱚᱵᱮ ᱮᱱᱟᱝ ᱡᱤᱣᱤ ᱵᱟᱤᱥᱟᱣᱚ: ᱟ ᱜᱤᱫᱨᱟᱹ ᱣᱟ: ᱦᱚᱲᱢᱚ ᱨᱮ।
train_santalimale_00392	wavs/train_santalimale_00392.wav	ᱠᱩᱲᱤ ᱦᱚᱯᱚᱱ ᱵᱷᱟᱨᱤ ᱦᱚᱲᱢᱚ ᱛᱟᱸᱦᱮᱱ ᱡᱚᱦᱚ: ᱱᱤᱪᱚᱞ ᱡᱟᱭᱜᱟ ᱵᱟᱝᱠᱚ ᱪᱟᱞᱟ:, ᱪᱟᱸᱫᱚ ᱜᱟᱦᱱᱟ ᱵᱟᱝᱠᱚ ᱧᱮᱞᱟ, ᱟᱨ ᱠᱚᱲᱟᱹ ᱦᱚᱯᱚᱱ ᱫᱚ ᱡᱤᱣ ᱡᱤᱭᱟᱹᱞᱤ ᱵᱟᱝᱠᱚ ᱜᱚᱡᱼᱟ ᱠᱚᱣᱟ, ᱪᱮᱫᱟ?
train_santalimale_00393	wavs/train_santalimale_00393.wav	ᱥᱮᱫᱟᱭ ᱠᱷᱚᱱ ᱥᱟᱱᱛᱟᱲ ᱥᱟᱸᱣᱛᱟ ᱨᱮ ᱯᱟᱹᱛᱭᱟᱹᱣ ᱢᱮᱱᱟ: ᱟ ᱡᱮ ᱱᱤᱪᱚᱞ ᱡᱟᱭᱜᱟ ᱨᱮ ᱫᱚ ᱵᱟᱲᱤᱹᱡᱼᱟ ᱵᱚᱸᱜᱟ ᱠᱚ ᱛᱟᱸᱦᱮᱸᱱᱟ।
train_santalimale_00394	wavs/train_santalimale_00394.wav	ᱚᱱᱟᱛᱮ ᱵᱟᱨᱭᱟ ᱡᱤᱣᱤ, ᱦᱚᱲᱢᱚ ᱨᱮ ᱛᱟᱸᱦᱮᱱᱛᱮ ᱵᱟᱝᱠᱚ ᱪᱟᱞᱟ: ᱟ।
train_santalimale_00395	wavs/train_santalimale_00395.wav	ᱪᱟᱸᱫᱚ ᱜᱟᱦᱱᱟ ᱫᱚ ᱟᱫᱷᱟ ᱜᱮᱭ ᱛᱟᱸᱦᱮᱸᱱᱟ ᱚᱱᱟᱛᱮ ᱵᱟᱝᱠᱚ ᱧᱮᱞᱠᱚᱣᱟ ᱵᱟᱝᱠᱷᱟᱱ ᱜᱤᱫᱨᱟᱹ ᱡᱟᱦᱟᱸᱱ ᱟᱸᱜᱚ ᱜᱮ ᱟᱫᱷᱟ ᱵᱮᱱᱟ: ᱟ।
train_santalimale_00396	wavs/train_santalimale_00396.wav	ᱡᱤᱣ ᱡᱤᱭᱟᱹᱞᱤ ᱱᱚᱣᱟ ᱠᱷᱟᱹᱛᱤᱨ ᱵᱟᱝᱠᱚ ᱜᱚᱡᱼᱟ ᱠᱚᱣᱟ ᱡᱮ ᱜᱤᱫᱨᱟᱹᱣᱟᱷ ᱦᱚᱲᱢᱚ ᱵᱮᱱᱟ: ᱠᱟᱱᱟ।
train_santalimale_00397	wavs/train_santalimale_00397.wav	ᱵᱟᱝᱠᱷᱟᱱ ᱚᱱᱟ ᱨᱮᱱᱟ: ᱵᱟᱲᱤᱹᱣ ᱯᱨᱵᱷᱟᱣ ᱜᱤᱫᱨᱟᱹ ᱨᱮ ᱧᱩᱨᱩᱷᱟ।
train_santalimale_00398	wavs/train_santalimale_00398.wav	ᱜᱤᱫᱨᱟᱹᱣᱟ: ᱧᱩᱛᱩᱢ ᱵᱟᱝ ᱦᱩᱭᱠᱟᱛᱮ ᱵᱟᱵᱼᱟᱞᱟ ᱦᱩᱭᱩ: ᱟᱥᱮ ᱵᱟᱝ?
train_santalimale_00399	wavs/train_santalimale_00399.wav	ᱵᱟᱵᱼᱟᱞᱟ ᱢᱟᱲᱟᱹᱝ ᱜᱤᱫᱨᱟᱹ ᱧᱩᱛᱩᱢ ᱦᱩᱭ ᱞᱟᱹᱠᱛᱤᱭᱟᱱᱟ ᱜᱤᱫᱨᱟᱹ ᱟᱹᱣᱨᱤ ᱧᱩᱛᱩᱢ ᱮ ᱦᱟᱵᱤᱡᱼᱟ ᱜᱤᱫᱨᱟᱹ ᱫᱚ ᱥᱟᱸᱣᱛᱟ ᱨᱮ ᱵᱟᱭ ᱞᱮᱠᱷᱟ: ᱟ।
train_santalimale_00400	wavs/train_santalimale_00400.wav	ᱜᱤᱫᱨᱟᱹ ᱧᱩᱛᱩᱢ ᱞᱮ ᱮᱱᱟᱰ ᱜᱮ, ᱵᱚᱸᱜᱟ ᱵᱩᱨᱩ ᱠᱚ ᱵᱟᱰᱟᱭᱟ, ᱚᱠᱚᱭ ᱠᱟᱱᱟᱭ ᱢᱮᱱᱛᱮ, ᱜᱤᱫᱨᱟᱹ ᱧᱩᱛᱩᱢ ᱡᱚᱦᱚ: ᱫᱚ ᱜᱤᱫᱨᱟᱹ ᱧᱩᱛᱩᱢ ᱦᱟᱸᱰᱤ ᱠᱚ ᱪᱚᱰᱚᱨᱟ।
train_santalimale_00401	wavs/train_santalimale_00401.wav	ᱚᱱᱟ ᱛᱮ ᱜᱤᱫᱨᱟᱹ ᱫᱚ ᱠᱚ ᱧᱩᱛᱩᱢ ᱠᱚᱣᱟ: ᱵᱚᱱ।
train_santalimale_00402	wavs/train_santalimale_00402.wav	ᱢᱟᱱᱣᱟ ᱡᱚᱱᱚᱢ ᱨᱮ ᱵᱟᱵᱼᱟᱞᱟ ᱫᱚ ᱟᱲᱤ ᱢᱟᱨᱟᱝ ᱥᱤᱨᱚᱥᱛᱟ ᱠᱟᱱᱟ।
train_santalimale_00403	wavs/train_santalimale_00403.wav	ᱠᱚᱲᱟᱹ ᱟᱨ ᱠᱩᱲᱤ ᱵᱟᱵᱼᱟᱞᱟᱞᱮᱱ ᱮᱱᱟᱝ ᱜᱮ ᱥᱤᱨᱡᱚᱱ ᱫᱚ ᱴᱮᱠᱟᱣ ᱛᱟᱸᱦᱮᱸᱱᱟ।
train_santalimale_00404	wavs/train_santalimale_00404.wav	ᱵᱟᱵᱼᱟᱞᱟᱞᱮᱱ ᱮᱱᱟᱝ ᱜᱮ ᱢᱟᱱᱣᱟ ᱠᱚᱣᱟ ᱵᱟᱹᱲ ᱦᱩᱭᱩ: ᱟ।
train_santalimale_00405	wavs/train_santalimale_00405.wav	ᱚᱱᱟᱛᱮ ᱥᱟᱱᱟᱢ ᱡᱟᱹᱛ ᱛᱟᱞᱟᱨᱮᱜᱮ ᱠᱚᱲᱟᱹ ᱟᱨ ᱠᱩᱲᱤ ᱢᱤᱫᱼᱟ ᱴᱟᱝ ᱥᱩᱛᱟᱢᱛᱮ, ᱢᱤᱫᱼᱟ ᱴᱟᱝ ᱡᱤᱭᱚᱱ ᱨᱮ ᱛᱚᱞ ᱨᱮᱱᱟ: ᱢᱟᱱᱮ ᱜᱮ ᱠᱟᱱᱟ ᱵᱟᱵᱼᱟᱞᱟ।
train_santalimale_00406	wavs/train_santalimale_00406.wav	ᱥᱟᱱᱛᱟᱲ ᱥᱟᱸᱣᱛᱮ ᱨᱮ ᱠᱚᱲᱟᱹ ᱠᱩᱲᱤ ᱧᱟᱯᱟᱢ ᱥᱮ ᱩᱱᱚᱠᱤᱱ ᱢᱤᱫᱼᱟ ᱴᱷᱮᱱ ᱛᱚᱞ ᱨᱮᱱᱟ: ᱥᱤᱨᱚᱥᱛᱟ ᱫᱚ ᱟᱹᱰᱤ ᱞᱮᱠᱟᱱᱟ।
train_santalimale_00407	wavs/train_santalimale_00407.wav	ᱥᱟᱱᱛᱟᱲ ᱥᱟᱸᱣᱛᱟ ᱨᱮ ᱵᱟᱵᱼᱟᱞᱟ ᱨᱮᱱᱟ: ᱞᱮᱜᱱᱮᱢᱟᱪᱟᱨᱤ ᱟᱨ ᱠᱟᱹᱢᱤ ᱦᱚᱨᱟ ᱠᱚ ᱤᱫᱤ ᱠᱟᱛᱮ ᱵᱟᱵᱼᱟᱞᱟ ᱫᱚ ᱟᱹᱰᱤ ᱞᱮᱠᱟᱱᱟ।
train_santalimale_00408	wavs/train_santalimale_00408.wav	ᱫᱩᱣᱟᱹᱨ ᱤᱛᱩᱫ ᱥᱤᱸᱫᱩᱨ ᱵᱟᱵᱼᱟᱞᱟ ᱫᱚ ᱠᱚᱲᱟᱹ ᱜᱮ ᱠᱩᱲᱤ ᱟᱹᱜᱩ ᱪᱟᱞᱟ: ᱟᱭ।
train_santalimale_00409	wavs/train_santalimale_00409.wav	ᱠᱩᱲᱤᱠᱚ ᱚᱲᱟᱹ: ᱨᱮᱜᱮ ᱤᱛᱩᱫ ᱥᱤᱸᱫᱩᱨ ᱫᱚ ᱦᱩᱭᱩ: ᱟ।
train_santalimale_00410	wavs/train_santalimale_00410.wav	ᱥᱟᱸᱜᱮ ᱵᱟᱨᱭᱟᱫᱼᱟ ᱵᱟᱵᱼᱟᱞᱟ ᱨᱮ ᱵᱟᱨᱭᱟᱫᱼᱟ ᱠᱚᱲᱟᱹ ᱜᱮ ᱥᱟᱸᱜᱮ ᱥᱟᱸᱦᱤᱡᱼᱟ ᱠᱚ ᱪᱟᱞᱟ: ᱟ।
train_santalimale_00411	wavs/train_santalimale_00411.wav	ᱵᱟᱦᱩᱠᱩᱲᱤ ᱚᱲᱟᱹᱷ ᱨᱮ ᱢᱟᱰᱣᱟ ᱠᱚ ᱫᱩᱰᱩᱵᱼᱟᱟ, ᱥᱮᱨᱮᱧᱟᱠᱚ।
train_santalimale_00412	wavs/train_santalimale_00412.wav	ᱵᱤᱱᱟ ᱡᱟᱸᱣᱟᱭ ᱛᱮ ᱵᱟᱦᱩᱠᱩᱲᱤ ᱠᱚ ᱵᱤᱫᱟᱭ ᱮᱭᱟ।
train_santalimale_00413	wavs/train_santalimale_00413.wav	ᱠᱚᱲᱟᱹ ᱚᱲᱟᱹ: ᱨᱮ ᱤᱛᱩᱫ ᱥᱤᱸᱫᱩᱨ ᱦᱩᱭᱩ: ᱟ।
train_santalimale_00414	wavs/train_santalimale_00414.wav	ᱱᱚᱣᱟ ᱵᱟᱵᱼᱟᱞᱟ ᱫᱚ ᱦᱟᱲᱟᱹᱢ ᱵᱟᱨᱭᱟᱫᱼᱟ ᱵᱟᱵᱼᱟᱞᱟ ᱠᱚ ᱢᱮᱛᱟ: ᱟ।
train_santalimale_00415	wavs/train_santalimale_00415.wav	ᱟᱹᱛᱩ ᱨᱮᱱ ᱵᱟᱨᱯᱮ ᱦᱚᱲ ᱪᱟᱞᱟᱣ ᱠᱟᱛᱮ ᱵᱟᱦᱩᱠᱩᱲᱤ ᱠᱚ ᱟᱹᱜᱩ ᱮᱭᱟ।
train_santalimale_00416	wavs/train_santalimale_00416.wav	ᱠᱚᱲᱟᱹ ᱚᱲᱟᱹ: ᱨᱮ ᱤᱛᱩᱫ ᱥᱤᱸᱫᱚᱨ ᱫᱚ ᱦᱩᱭᱩ: ᱟ।
train_santalimale_00417	wavs/train_santalimale_00417.wav	ᱥᱟᱸᱜᱷᱟ ᱵᱟᱵᱼᱟᱞᱟ ᱫᱚ ᱡᱟᱸᱦᱟ ᱚᱲᱟᱹ: ᱠᱷᱚᱱ ᱵᱟᱦᱩ ᱠᱚ ᱟᱹᱜᱩ ᱠᱟᱭᱟ, ᱟᱨ ᱵᱟᱝᱠᱷᱟᱱ ᱡᱟᱦᱟᱸᱭ ᱚᱲᱟᱹ ᱨᱮ ᱠᱩᱲᱤ ᱜᱤᱫᱨᱟᱹ ᱠᱚ ᱮᱢ ᱠᱟᱭᱟ, ᱩᱱᱠᱩ ᱚᱲᱟᱹ ᱨᱮᱜᱮ ᱢᱤᱥᱮᱨᱟ ᱮᱢ ᱥᱮ ᱵᱟᱦᱩ ᱟᱹᱜᱩ ᱫᱚ ᱥᱟᱸᱜᱷᱟ ᱵᱟᱵᱼᱟᱞᱟ ᱠᱚ ᱢᱮᱛᱟ: ᱟ।
train_santalimale_00418	wavs/train_santalimale_00418.wav	ᱠᱚᱸᱰᱮᱞ ᱵᱟᱵᱼᱟᱞᱟ ᱫᱚ ᱡᱟᱦᱟᱸᱭ ᱠᱚᱲᱟᱹ ᱠᱩᱲᱤ ᱜᱮ ᱨᱟᱸᱰᱤ, ᱪᱷᱟᱰᱩᱭ ᱥᱮ ᱰᱟᱸᱜᱣᱟ ᱠᱚ ᱟᱯᱟᱱ ᱟᱯᱤᱱ ᱛᱮ ᱠᱚ ᱡᱟᱣᱟᱭᱚ: ᱟ ᱥᱮ ᱵᱟᱦᱩ ᱠᱚ ᱟᱭᱩ ᱡᱚᱝ ᱟ।
train_santalimale_00419	wavs/train_santalimale_00419.wav	ᱚᱱᱟ ᱫᱚ ᱠᱚᱸᱰᱮᱞ ᱵᱟᱵᱼᱟᱞᱟ ᱠᱚ ᱢᱮᱛᱟ:ᱟ।
train_santalimale_00420	wavs/train_santalimale_00420.wav	ᱱᱚᱣᱟ ᱨᱮ ᱫᱚ ᱠᱚᱲᱟᱹ ᱯᱟᱦᱴᱟᱨᱮᱱ ᱦᱚᱲᱠᱚ ᱜᱤᱫᱨᱟᱹ ᱜᱮ ᱠᱚ ᱢᱟᱨᱟᱝ ᱫᱚ ᱠᱚᱲᱟᱹ ᱠᱩᱞᱤᱮᱭᱟ।
train_santalimale_00421	wavs/train_santalimale_00421.wav	ᱟᱨ ᱠᱚ ᱯᱟᱸᱡᱟ ᱴᱷᱮᱠᱟᱣ ᱠᱤᱱᱟ।
train_santalimale_00422	wavs/train_santalimale_00422.wav	ᱱᱚᱣᱟ ᱵᱟᱵᱼᱟᱞᱟ ᱫᱚ ᱠᱚᱲᱟᱹ ᱦᱚᱯᱚᱱ, ᱡᱟᱦᱟᱸᱭ ᱠᱩᱲᱤᱜᱮ ᱡᱚᱨ ᱡᱚᱵᱚᱥᱛᱤ ᱵᱤᱱᱟ ᱠᱩᱥᱤ ᱨᱟᱡᱤ ᱛᱮ ᱤᱛᱩᱫ ᱮᱠᱷᱟᱱ, ᱚᱱᱟ ᱫᱚ ᱚᱨ ᱤᱛᱩᱫ ᱠᱚ ᱢᱮᱱᱟ।
train_santalimale_00423	wavs/train_santalimale_00423.wav	ᱚᱨ ᱤᱛᱩᱫ ᱨᱮ ᱫᱚ ᱠᱚᱲᱟᱹ ᱯᱦᱟᱴᱟ ᱚᱲᱟᱹᱷ ᱨᱮ ᱢᱟᱱᱟ: ᱠᱚ ᱡᱚᱢᱟ।
train_santalimale_00424	wavs/train_santalimale_00424.wav	ᱠᱚᱲᱟᱹ ᱠᱚ ᱨᱟᱸᱰᱟ ᱥᱮ ᱪᱷᱟᱰᱩᱤ ᱞᱮᱱᱠᱷᱟᱱ ᱥᱟᱱᱟᱢ ᱞᱮᱠᱟᱱ ᱵᱟᱵᱼᱟᱞᱟ ᱥᱟᱸᱣᱛᱟ ᱨᱮ ᱦᱩᱭᱩ: ᱟ।
train_santalimale_00425	wavs/train_santalimale_00425.wav	ᱰᱟᱸᱜᱣᱟ ᱠᱚᱲᱟᱹ ᱞᱮᱠᱟ ᱥᱟᱱᱟᱢ ᱨᱟᱭᱚᱨᱤᱛ ᱢᱮᱱᱟ: ᱟ।
train_santalimale_00426	wavs/train_santalimale_00426.wav	ᱢᱮᱱᱠᱷᱟᱱ ᱨᱟᱸᱰᱤ ᱥᱮ ᱪᱷᱟᱲᱩᱹᱭ ᱠᱩᱲᱤ ᱡᱟᱣᱟᱭ ᱥᱮ ᱵᱟᱦᱩ ᱞᱮᱱᱠᱷᱟᱱ, ᱩᱱᱤᱭᱟ ᱢᱚᱞᱚᱝ ᱦᱚᱨᱟᱥᱤ ᱨᱮ ᱫᱚ ᱥᱤᱸᱫᱩᱨ ᱵᱟᱝ ᱠᱚ ᱤᱛᱩᱫ ᱟ।
train_santalimale_00427	wavs/train_santalimale_00427.wav	ᱢᱤᱫᱼᱟ ᱴᱟᱝ ᱜᱩᱞᱟᱪᱷᱤ ᱵᱟᱦᱟ ᱨᱮ ᱥᱤᱸᱫᱩᱨ ᱤᱛᱩᱫ ᱠᱟᱛᱮ ᱠᱩᱲᱤ ᱦᱚᱯᱚᱱᱟ: ᱥᱩᱛ ᱨᱮᱠᱚ ᱨᱮᱵᱮᱫᱼᱟ ᱟᱠᱚᱣᱟ ᱤᱱᱠᱟ ᱠᱟᱛᱮᱜᱮ ᱵᱟᱵᱼᱟᱞᱟ ᱫᱚ ᱦᱩᱭᱩᱟ।
train_santalimale_00428	wavs/train_santalimale_00428.wav	ᱱᱚᱣᱟ ᱵᱟᱵᱼᱟᱞᱟ ᱨᱮ ᱜᱷᱟᱹᱨᱫᱤ ᱡᱟᱸᱣᱟᱭ ᱧᱩᱛᱩᱢ ᱛᱮ ᱠᱩᱲᱤ ᱚᱲᱟᱹ: ᱨᱮᱜᱮ ᱠᱚᱲᱟᱹ ᱫᱚ ᱛᱟᱸᱦᱮᱸ ᱦᱩᱭ ᱟᱭᱟ।
train_santalimale_00429	wavs/train_santalimale_00429.wav	ᱠᱩᱲᱤᱭᱟᱷ ᱥᱟᱱᱟᱢ ᱥᱚᱢᱯᱚᱛᱛᱤ ᱪᱮᱛᱟᱱ ᱨᱮ ᱠᱚᱲᱟᱹ ᱫᱚ ᱦᱚᱠ ᱮ ᱧᱟᱢᱟ।
train_santalimale_00430	wavs/train_santalimale_00430.wav	ᱥᱟᱱᱛᱟᱲ ᱥᱟᱸᱣᱛᱟ ᱨᱮ ᱫᱚ ᱵᱟᱵᱼᱟᱞᱟ ᱨᱮᱱᱟᱷ ᱠᱟᱛᱷᱟ ᱫᱚ ᱠᱚᱲᱟᱹ ᱯᱟᱦᱴᱟ ᱥᱮᱱ ᱠᱷᱚᱱᱜᱮ ᱮᱭᱦᱚᱵᱚᱷ ᱟ।
train_santalimale_00431	wavs/train_santalimale_00431.wav	ᱵᱟᱵᱼᱟᱞᱟ ᱠᱟᱛᱷᱟ ᱮᱭᱦᱚᱵ ᱞᱟᱹᱜᱤᱫᱼᱟ ᱫᱚ ᱢᱤᱫᱼᱟ ᱴᱟᱝ ᱨᱟᱭᱵᱟᱨ ᱮ ᱛᱟᱸᱦᱮᱸᱱᱟ।
train_santalimale_00432	wavs/train_santalimale_00432.wav	ᱩᱱᱤ ᱜᱮ ᱮᱭᱦᱚᱵ ᱠᱷᱚᱱ ᱢᱩᱪᱟᱫᱼᱟ ᱦᱚᱵᱤᱡᱼᱟ ᱵᱟᱵᱼᱟᱞᱟ ᱨᱮᱭᱟ: ᱥᱟᱱᱟᱢ ᱠᱟᱹᱢᱤ ᱟᱹᱛᱩ ᱢᱟᱸᱡᱷᱤ, ᱟᱥᱟᱢᱤ ᱟᱨ ᱟᱹᱛᱩ ᱢᱚᱲᱮᱹ ᱟᱛᱮ ᱠᱟᱹᱢᱤᱭᱟᱭ।
train_santalimale_00433	wavs/train_santalimale_00433.wav	ᱱᱚᱣᱟ ᱨᱮ ᱫᱚ ᱢᱟᱲᱟᱹᱝ ᱛᱮ ᱠᱚᱲᱟᱹ ᱯᱟᱦᱴᱟ ᱦᱚᱲ ᱵᱟᱦᱩ ᱧᱮᱞ ᱠᱚ ᱪᱟᱞᱟᱷ ᱟ, ᱠᱚᱲᱟᱹ ᱯᱟᱦᱴᱟ ᱨᱮᱱ ᱠᱚ ᱠᱩᱥᱤᱞᱮᱱ ᱠᱷᱟᱱ ᱠᱩᱲᱤ ᱯᱟᱦᱴᱟ ᱨᱮᱱ ᱦᱚᱸ ᱟᱨᱦᱮ ᱵᱟᱨᱦᱮ ᱧᱮᱧᱮᱞᱠᱚ ᱪᱟᱞᱟ: ᱟ।
train_santalimale_00434	wavs/train_santalimale_00434.wav	ᱚᱱᱟᱛᱮ ᱱᱚᱣᱟ ᱫᱚ ᱮᱛᱚᱦᱚᱵᱼᱟ ᱠᱟᱹᱢᱤ ᱠᱚ ᱢᱮᱱᱟ।
train_santalimale_00435	wavs/train_santalimale_00435.wav	ᱱᱚᱣᱟ ᱨᱮ ᱫᱚ ᱥᱟᱨ ᱥᱟᱜᱩᱱ ᱠᱚ ᱧᱮᱞᱟ।
train_santalimale_00436	wavs/train_santalimale_00436.wav	ᱱᱚᱣᱟ ᱫᱚ ᱵᱟᱱᱟᱨ ᱯᱟᱦᱴᱟ ᱨᱮᱱ ᱦᱚᱲ ᱠᱚ ᱠᱩᱥᱤ ᱞᱮᱱᱠᱷᱟᱱ ᱥᱟᱨᱤ ᱡᱟᱸᱣᱟᱭ ᱧᱮᱞ ᱧᱩᱛᱩᱢ ᱛᱮ ᱠᱩᱲᱤ ᱯᱟᱦᱴᱟᱨᱮᱱ ᱦᱚᱲ, ᱠᱚᱲᱟᱹ ᱯᱟᱦᱴᱟ ᱚᱲᱟᱹᱷ ᱠᱚ ᱪᱟᱞᱟᱟ।
train_santalimale_00437	wavs/train_santalimale_00437.wav	ᱥᱚᱥᱨᱟᱡᱼᱟ ᱡᱷᱚᱲᱟᱹ ᱞᱩᱜᱲᱤ, ᱥᱟᱸᱥᱟᱝ ᱫᱷᱩᱛᱤ ᱠᱚ ᱮᱢᱟ: ᱠᱚᱣᱟ।
train_santalimale_00438	wavs/train_santalimale_00438.wav	ᱵᱟᱵᱼᱟᱞᱟ ᱠᱚ ᱠᱚ ᱫᱤᱱ ᱛᱚᱨᱟᱭᱟ।
train_santalimale_00439	wavs/train_santalimale_00439.wav	ᱱᱚᱣᱟ ᱠᱟᱹᱢᱤ ᱫᱚ ᱠᱩᱲᱤ ᱯᱟᱦᱴᱟ ᱚᱲᱟᱹ: ᱨᱮ ᱦᱭᱩ: ᱟ।
train_santalimale_00440	wavs/train_santalimale_00440.wav	ᱠᱚᱲᱟᱹ ᱯᱟᱦᱴᱟᱨᱮᱱ ᱦᱚᱲ ᱠᱩᱲᱤ ᱜᱤᱫᱨᱟᱹ ᱞᱟᱹᱜᱤᱫᱼᱟ ᱡᱟᱸᱦᱟᱱ ᱦᱚᱨᱚᱷ ᱥᱟᱢᱟᱱᱠᱚ ᱤᱫᱤᱭᱟ ᱟᱨ ᱠᱚ ᱡᱚᱢ ᱧᱩᱭᱟ।
train_santalimale_00441	wavs/train_santalimale_00441.wav	ᱱᱚᱣᱟ ᱠᱟᱹᱢᱤ ᱨᱮ ᱫᱚ ᱟᱥᱟᱢᱤ ᱥᱟᱸᱣᱛᱮ ᱟᱨ ᱟᱹᱛᱩ ᱢᱟᱸᱡᱷᱤ ᱠᱚ ᱪᱟᱞᱟ: ᱟ।
train_santalimale_00442	wavs/train_santalimale_00442.wav	ᱱᱚᱣᱟ ᱠᱟᱹᱢᱤ ᱫᱚ ᱠᱩᱲᱤ ᱚᱲᱟᱹᱷ ᱨᱮ ᱠᱟᱹᱢᱤ ᱦᱩᱭᱩ: ᱟ।
train_santalimale_00443	wavs/train_santalimale_00443.wav	ᱱᱤᱰᱼᱟ ᱟᱠᱟᱱ ᱫᱤᱱ ᱨᱮ ᱠᱩᱲᱤ ᱯᱟᱦᱴᱟ ᱚᱲᱟᱹ: ᱨᱮ ᱪᱷᱟᱢᱲᱟᱹ ᱠᱚ ᱵᱮᱱᱟᱣᱟ, ᱟᱨ ᱜᱤᱨᱟ ᱠᱚ ᱛᱚᱞᱟ।
train_santalimale_00444	wavs/train_santalimale_00444.wav	ᱚᱱᱟ ᱜᱤᱨᱟ ᱫᱚ ᱵᱟᱨᱭᱟᱛ ᱟᱹᱜᱩ ᱞᱟᱹᱜᱤᱫᱼᱟ ᱨᱟᱭ ᱵᱟᱨ ᱮ ᱤᱫᱤᱭᱟ।
train_santalimale_00445	wavs/train_santalimale_00445.wav	ᱚᱱᱟ ᱧᱮᱞ ᱞᱮᱠᱷᱟᱱ ᱜᱮ ᱵᱟᱨᱭᱟᱫᱼᱟ ᱠᱚ ᱪᱟᱞᱟ: ᱟ।
train_santalimale_00446	wavs/train_santalimale_00446.wav	ᱢᱟᱰᱣᱟ ᱠᱮᱫᱟᱢ ᱵᱟᱵᱟ ᱪᱷᱟᱢᱲᱟᱹ ᱠᱮᱫᱟᱢ, ᱢᱟᱛᱠᱚᱢ ᱥᱟᱨᱡᱚᱢ ᱥᱮᱠᱨᱮᱡᱼᱟ ᱵᱟᱵᱟᱢ ᱵᱤᱛ ᱠᱮᱫᱟᱢ ᱤᱧ ᱡᱩᱨᱤ ᱥᱟᱹᱠᱷᱤ ᱵᱟᱵᱟᱢ ᱛᱤᱸᱜᱩ ᱠᱮᱫᱮ।
train_santalimale_00447	wavs/train_santalimale_00447.wav	ᱥᱤᱨᱤ ᱵᱟᱨᱤ ᱫᱚ ᱠᱚᱲᱟᱹ ᱠᱩᱲᱤ ᱵᱟᱱᱟᱨ ᱯᱟᱦᱴᱟ ᱨᱮᱜᱮ ᱠᱚ ᱵᱚᱱᱟᱣᱟ।
train_santalimale_00448	wavs/train_santalimale_00448.wav	ᱥᱤᱨᱤ ᱵᱟᱨᱤ ᱵᱮᱱᱟᱣ ᱫᱚ ᱵᱟᱨᱭᱟ ᱰᱟᱸᱜᱣᱟ ᱠᱚᱲᱟᱹ ᱟᱨ ᱯᱮᱭᱟ ᱰᱟᱸᱜᱣᱟ ᱠᱩᱲᱤ ᱠᱚ ᱞᱟᱹᱜᱼᱟᱛᱤ ᱟ।
train_santalimale_00449	wavs/train_santalimale_00449.wav	ᱩᱱᱠᱩ ᱠᱩᱲᱤ ᱜᱤᱫᱨᱟᱹ ᱫᱚ ᱛᱤᱛᱨᱤ ᱦᱚᱸᱠᱚ ᱢᱮᱛᱟ: ᱠᱚᱣᱟ।
train_santalimale_00450	wavs/train_santalimale_00450.wav	ᱠᱚᱲᱟᱹ ᱜᱤᱫᱨᱟᱹ ᱫᱚ ᱥᱮᱠᱨᱮᱡᱼᱟ, ᱥᱟᱨᱡᱚᱢ ᱟᱨ ᱢᱟᱫᱼᱟᱠᱚᱢ ᱲᱟᱹᱨ ᱠᱚ ᱟᱜᱩᱭᱟ, ᱠᱩᱲᱤ ᱜᱤᱫᱨᱟᱹ ᱫᱚ ᱵᱟᱫᱠᱷᱚᱱ ᱦᱟᱥᱟ ᱟᱨ ᱟᱦᱟᱨ ᱠᱷᱚᱱ ᱫᱟ: ᱠᱚ ᱟᱜᱩᱭᱟ।
train_santalimale_00451	wavs/train_santalimale_00451.wav	ᱨᱟᱪᱟᱨᱮ ᱥᱟᱨᱡᱚᱢ, ᱢᱟᱫᱼᱟᱠᱚᱢ ᱟᱨ ᱥᱮᱠᱨᱮᱡᱼᱟ ᱲᱟᱹᱨᱚᱵᱤᱛ ᱠᱟᱛᱮ ᱚᱸᱲᱮᱹᱜᱮ ᱥᱤᱨᱤ ᱵᱟᱨᱤ ᱫᱚ ᱠᱩᱲᱤ ᱜᱤᱫᱨᱟᱹ ᱠᱚ ᱵᱮᱱᱟᱣᱟ।
train_santalimale_00452	wavs/train_santalimale_00452.wav	ᱥᱤᱨᱤᱵᱟᱨᱤ ᱫᱚ ᱨᱟᱪᱟ ᱨᱮ, ᱪᱷᱟᱢᱲᱟᱹ ᱞᱟᱛᱟᱨ ᱨᱮ ᱠᱚ ᱵᱮᱱᱟᱣᱟ।
train_santalimale_00453	wavs/train_santalimale_00453.wav	ᱠᱩᱲᱤ ᱚᱲᱟᱹ: ᱛᱮ ᱵᱟᱨᱭᱟᱫᱼᱟ ᱠᱚ ᱥᱮᱴᱮᱨ ᱞᱮᱱᱠᱷᱟᱱ ᱩᱱᱠᱩ ᱫᱚ ᱟᱹᱛᱩ ᱢᱚᱲᱮᱹ ᱦᱚᱲ ᱛᱮᱠᱚ ᱫᱟᱨᱟᱢ ᱠᱚᱣᱟ, ᱟᱨ ᱠᱚ ᱰᱮᱨᱟ ᱠᱚᱣᱟ।
train_santalimale_00454	wavs/train_santalimale_00454.wav	ᱰᱮᱨᱟ ᱚᱲᱟᱹ: ᱨᱮᱜᱮ ᱜᱚᱱ ᱯᱚᱱ ᱠᱚ ᱧᱮᱞᱟ।
train_santalimale_00455	wavs/train_santalimale_00455.wav	ᱜᱚᱱ ᱯᱚᱱ ᱫᱚ ᱫᱮᱥ ᱦᱟᱨᱟ ᱦᱟᱨ ᱡᱟᱦᱟᱸ ᱢᱮᱱᱟ: ᱟ ᱟᱨ ᱟᱥᱟᱢᱤᱠᱤᱱ ᱡᱟᱸᱦᱟᱠᱤᱱ ᱜᱟᱞ ᱢᱟᱨᱟᱣ ᱠᱟ ᱚᱱᱟᱜᱮ ᱦᱟᱛᱟᱣᱚ:ᱟ।
train_santalimale_00456	wavs/train_santalimale_00456.wav	ᱜᱚᱱ ᱯᱚᱱ ᱧᱮᱞ ᱛᱟᱭᱚᱢ ᱠᱩᱲᱤ ᱜᱤᱫᱨᱟᱹᱣᱟᱷ ᱫᱚ ᱢᱟᱛᱠᱚᱢ ᱫᱟᱨᱮ ᱥᱟᱸᱣ ᱵᱟᱵᱼᱟᱞᱟ ᱦᱩᱭᱩ: ᱟ।
train_santalimale_00457	wavs/train_santalimale_00457.wav	ᱠᱚᱲᱟᱹ ᱜᱤᱫᱨᱟᱹ ᱠᱷᱟᱱ ᱵᱟᱨᱭᱟᱛ ᱪᱟᱞᱟ: ᱦᱚᱨ ᱨᱮ ᱟᱠᱚ ᱥᱤᱢᱟ ᱨᱮᱱᱟ: ᱩᱞᱫᱟᱨᱮ ᱥᱟᱸᱣ ᱵᱟᱵᱼᱟᱞᱟ ᱦᱩᱭᱩ: ᱟ।
train_santalimale_00458	wavs/train_santalimale_00458.wav	ᱥᱤᱸᱫᱨᱟᱫᱟᱱ ᱫᱚ ᱠᱩᱲᱤ ᱜᱤᱫᱨᱟᱹ ᱛᱮᱠᱚ: ᱟ ᱚᱲᱟᱹ ᱨᱮ ᱵᱟᱝᱠᱷᱟᱱ ᱨᱟᱪᱟ ᱨᱮ ᱵᱟᱝᱠᱷᱟᱱ ᱠᱩᱞᱦᱤ ᱨᱮ ᱦᱩᱭᱩ: ᱟ।
train_santalimale_00459	wavs/train_santalimale_00459.wav	ᱱᱚᱣᱟ ᱨᱮ ᱫᱚ ᱠᱩᱲᱤ ᱜᱤᱫᱨᱟᱹ ᱠᱚ ᱤᱛᱩᱫ ᱠᱚᱣᱟ।
train_santalimale_00460	wavs/train_santalimale_00460.wav	ᱥᱟᱠᱟᱢ ᱯᱚᱴᱞᱟ ᱥᱤᱸᱫᱩᱨ ᱫᱚ, ᱚᱛᱨᱮ ᱵᱚᱸᱜᱟ ᱠᱟᱛᱮ, ᱯᱮᱫᱷᱟᱣ ᱤᱛᱩᱫ ᱮᱭᱟᱭ ᱟᱨ ᱯᱮᱫᱷᱟᱣ ᱦᱚᱨᱤᱵᱚᱞ ᱠᱚ ᱢᱮᱱᱟ।
train_santalimale_00461	wavs/train_santalimale_00461.wav	ᱵᱟᱸᱫᱟ ᱯᱚᱱ ᱫᱚ ᱯᱮᱲᱟᱹ ᱠᱚ ᱡᱟᱦᱟᱸᱭ ᱡᱟᱦᱟᱸᱱᱟ: ᱠᱚ ᱟᱹᱜᱩ ᱟᱠᱟᱫᱼᱟ ᱟ ᱚᱱᱟᱠᱚ ᱮᱢᱟ।
train_santalimale_00462	wavs/train_santalimale_00462.wav	ᱱᱚᱣᱟ ᱫᱚ ᱵᱟᱨᱭᱟᱫᱼᱟ ᱯᱟᱦᱴᱟᱠᱚ ᱠᱟᱢᱤᱭᱟ।
train_santalimale_00463	wavs/train_santalimale_00463.wav	ᱢᱩᱪᱟᱫᱼᱟ ᱨᱮ ᱫᱚ ᱠᱩᱲᱤ ᱜᱤᱫᱨᱟᱹ ᱣᱟ ᱵᱤᱫᱟᱭ ᱦᱩᱭᱩᱟ।
train_santalimale_00464	wavs/train_santalimale_00464.wav	ᱛᱚᱵᱮ ᱠᱷᱟᱱ ᱟᱹᱯᱩᱧ ᱠᱚ ᱛᱤᱱ ᱫᱷᱩᱨ ᱡᱟᱝᱜᱟ ᱫᱚᱯᱮ ᱵᱟᱲᱦᱟᱣ ᱟᱠᱟᱫᱼᱟ ᱟ?
train_santalimale_00465	wavs/train_santalimale_00465.wav	ᱦᱚᱭ ᱵᱟᱵᱟ, ᱟᱯᱮ ᱦᱚᱸ ᱵᱟᱝ ᱯᱮ ᱠᱩᱞᱤ ᱞᱮᱠᱷᱟᱱ, ᱟᱞᱮ ᱦᱚᱸ ᱪᱮᱠᱟᱞᱮᱠᱟ ᱛᱮᱞᱮ ᱞᱟᱤᱟ।
train_santalimale_00466	wavs/train_santalimale_00466.wav	ᱟᱨ ᱟᱞᱮ ᱦᱚᱸ ᱵᱟᱝᱞᱮ ᱞᱟᱤ ᱞᱮᱠᱷᱟᱱ ᱟᱯᱮ ᱦᱚᱸ ᱪᱮᱠᱟᱞᱮᱠᱟ ᱛᱮᱯᱮ ᱵᱟᱰᱟᱭ ᱠᱮᱭᱟ।
train_santalimale_00467	wavs/train_santalimale_00467.wav	ᱟᱞᱮ ᱫᱚ ᱟᱹᱯᱩᱧ ᱠᱚ, ᱥᱟᱜᱟᱷ ᱥᱟᱹᱣᱲᱤ, ᱦᱟᱨᱭᱟᱲ ᱫᱷᱩᱵᱤᱜᱷᱟᱸᱥ ᱞᱮᱵᱮᱫᱼᱟ ᱯᱟᱨᱚᱢ ᱠᱟᱛᱮ ᱱᱚᱣᱟ ᱜᱚᱨᱟᱢ ᱨᱮᱜᱮ ᱪᱷᱟᱛᱟᱫᱟᱨᱮ ᱫᱚᱞᱮ ᱧᱟᱢ ᱟᱠᱟᱫᱼᱟ ᱟ।
train_santalimale_00468	wavs/train_santalimale_00468.wav	ᱚᱱᱟ ᱧᱮᱞ ᱜᱮ, ᱯᱟ ᱡᱟᱝᱜᱟ ᱫᱚᱞᱮ ᱵᱟᱲᱦᱟᱣ ᱟᱠᱟᱫᱼᱟ ᱟ।
train_santalimale_00469	wavs/train_santalimale_00469.wav	ᱛᱚᱵᱮ ᱠᱚ, ᱟᱹᱯᱩᱧ ᱠᱚ, ᱩᱱ ᱥᱟᱹᱜᱤᱧ, ᱩᱱ ᱡᱷᱟᱹᱞᱯᱮ, ᱛᱟᱲᱟᱹᱢᱠᱮᱫᱼᱟ ᱫᱚ ᱡᱟᱸᱦᱟᱱ ᱞᱟᱭᱚᱡᱼᱟ ᱦᱟᱥᱩ ᱵᱚᱦᱚ: ᱦᱟᱥᱩ ᱠᱚ ᱫᱚ ᱧᱟᱢᱞᱮᱫᱼᱟ ᱯᱮᱭᱟ ᱥᱮ ᱵᱟᱝ।
train_santalimale_00470	wavs/train_santalimale_00470.wav	ᱡᱚᱦᱟᱨ ᱟᱹᱯᱩᱧ ᱠᱚ, ᱛᱚᱵᱮᱠᱷᱟᱱ ᱠᱩᱞᱤᱜᱚᱫᱼᱟ ᱯᱮᱭᱟ ᱞᱮ, ᱛᱤᱱᱚᱫᱷᱩᱨ ᱡᱟᱝᱜᱟ ᱫᱚᱯᱮ ᱵᱟᱲᱦᱟᱣ ᱟᱠᱟᱫᱼᱟ ᱛᱚᱵᱚᱱᱟ।
train_santalimale_00471	wavs/train_santalimale_00471.wav	ᱦᱚᱭ ᱟᱹᱯᱩᱧᱠᱚ ᱟᱞᱮ ᱫᱚ ᱨᱟᱡᱫᱟ ᱜᱚᱨᱟᱢ ᱠᱷᱚᱱ ᱢᱟᱛᱠᱚᱢ ᱵᱮᱲᱟᱹ ᱜᱚᱨᱟᱢ ᱦᱟᱵᱤᱡᱼᱟ ᱞᱮ ᱛᱟᱲᱟᱹᱢ ᱟᱠᱟᱫᱼᱟ ᱟ।
train_santalimale_00472	wavs/train_santalimale_00472.wav	ᱟᱨ ᱱᱚᱰᱮ ᱢᱤᱫᱼᱟ ᱴᱟᱝ ᱵᱟᱦᱟ ᱞᱮ ᱡᱟᱹᱭᱜᱤ ᱟᱠᱟᱫᱼᱟ ᱟ, ᱚᱱᱟ ᱥᱤᱥᱤᱫᱼᱟ ᱜᱮᱞᱮ ᱦᱤᱡᱩᱷ ᱠᱟᱱᱟ।
train_santalimale_00473	wavs/train_santalimale_00473.wav	ᱵᱤᱪᱟᱨᱜᱮ ᱟᱹᱯᱩᱧ, ᱫᱮᱞᱟᱵᱚᱱ ᱛᱚᱵᱮᱠᱷᱟᱱ।
train_santalimale_00474	wavs/train_santalimale_00474.wav	ᱛᱚᱵᱮ ᱦᱚ ᱯᱮᱲᱟᱹᱠᱚ ᱛᱟᱵᱚᱱ, ᱛᱤᱠᱤᱱ ᱥᱤᱸᱧ ᱞᱟᱣᱮᱨ ᱮᱱᱟ।
train_santalimale_00475	wavs/train_santalimale_00475.wav	ᱠᱟᱛᱷᱟ ᱟᱠᱟᱫᱼᱟ ᱵᱟᱨᱛᱟ ᱟᱠᱟᱫᱼᱟ, ᱱᱮᱰᱟ ᱟᱠᱟᱫᱼᱟ, ᱜᱤᱨᱟ ᱟᱠᱟᱫᱼᱟ।
train_santalimale_00476	wavs/train_santalimale_00476.wav	ᱥᱮᱛᱟ: ᱵᱟᱲᱟᱹ ᱠᱟᱛᱷᱟ, ᱪᱮᱠᱟᱛᱮ ᱛᱤᱠᱤᱱ ᱛᱟᱨᱟᱥᱤᱧ ᱮᱱᱟ?
train_santalimale_00477	wavs/train_santalimale_00477.wav	ᱯᱮᱲᱟᱹᱠᱚ, ᱟᱞᱮᱠᱷᱟᱱ ᱚᱲᱟᱹ: ᱠᱷᱚᱱ ᱞᱮ ᱚᱰᱚᱝ ᱱᱟ।
train_santalimale_00478	wavs/train_santalimale_00478.wav	ᱩᱱᱤ ᱧᱮᱞᱛᱮ ᱠᱟᱭᱚᱡᱼᱟᱞᱮ ᱵᱤᱞᱚᱢ ᱮᱱᱟ।
train_santalimale_00479	wavs/train_santalimale_00479.wav	ᱩᱱᱤ ᱧᱮᱞᱛᱮ ᱢᱤᱫᱼᱟ ᱜᱷᱟᱲᱤᱹᱠ ᱞᱮ ᱛᱤᱸᱜᱩᱭᱮᱱᱟ।
train_santalimale_00480	wavs/train_santalimale_00480.wav	ᱟᱨ ᱨᱮ ᱠᱩᱯᱩᱞᱤᱭᱮᱱᱟ, ᱛᱟᱤᱛᱚ ᱭᱟ ᱱᱩᱤ ᱫᱚ ᱚᱠᱟ ᱞᱮᱠᱟᱱ ᱪᱮᱸᱰᱮ।
train_santalimale_00481	wavs/train_santalimale_00481.wav	ᱚᱱᱠᱟᱛᱮ ᱚᱸᱰᱮ ᱠᱟᱭᱚᱡᱼᱟ ᱞᱮ ᱵᱤᱞᱚᱢ ᱮᱱᱟ।
train_santalimale_00482	wavs/train_santalimale_00482.wav	ᱚᱱᱠᱟ ᱜᱮ ᱠᱟᱭᱚᱡᱼᱟ ᱞᱮ ᱯᱚᱞᱚᱢ ᱮᱱᱟ।
train_santalimale_00483	wavs/train_santalimale_00483.wav	ᱟᱨ ᱦᱚᱸ ᱚᱱᱠᱟ ᱛᱮ ᱦᱤᱡᱩᱷ ᱡᱚᱦᱚᱷ ᱞᱮ ᱧᱮᱞᱮᱫᱼᱟ ᱟ।
train_santalimale_00484	wavs/train_santalimale_00484.wav	ᱢᱤᱫᱼᱟᱴᱟᱝ ᱯᱚᱛᱟᱢ ᱵᱤᱞᱤ ᱢᱮᱱᱟᱷ ᱟ।
train_santalimale_00485	wavs/train_santalimale_00485.wav	ᱟᱨ ᱮᱸᱜᱟᱫᱼᱟ ᱫᱚᱭ ᱯᱷᱟᱨᱠᱟᱣ ᱟᱠᱟᱱᱟ, ᱚᱱᱟ ᱧᱮᱞᱛᱮ ᱠᱟᱭᱪ ᱚᱸᱰᱮᱞᱮ ᱵᱤᱞᱚᱢ ᱮᱱᱟ।
train_santalimale_00486	wavs/train_santalimale_00486.wav	ᱚᱱᱠᱟᱛᱮ ᱯᱮᱲᱟᱹᱠᱚ ᱟᱞᱮ ᱫᱚ ᱡᱷᱤᱨᱞᱟᱡᱷᱟᱨᱞᱟ ᱦᱮᱡᱼᱟ ᱥᱮᱴᱮᱨ ᱮᱱᱟ।
train_santalimale_00487	wavs/train_santalimale_00487.wav	ᱢᱟᱨᱟᱷ ᱠᱚ ᱫᱚ ᱞᱮ ᱵᱟᱹᱜᱤᱭᱟ: ᱠᱚᱣᱟ, ᱟ ᱯᱷᱤᱧᱪᱟᱞ ᱠᱚᱫᱚᱞᱮ ᱦᱮᱡᱼᱟ ᱮᱱᱟ।
train_santalimale_00488	wavs/train_santalimale_00488.wav	ᱟᱨ ᱚᱠᱚᱭ ᱠᱚ ᱫᱚ ᱯᱮ ᱦᱮᱡᱼᱟ ᱮᱱᱟ?
train_santalimale_00489	wavs/train_santalimale_00489.wav	ᱴᱟᱠᱟ ᱪᱟᱞ ᱫᱚ ᱜᱚᱱᱯᱚᱱ ᱧᱮᱞ ᱦᱚᱸᱠᱚ ᱢᱮᱛᱟ: ᱟ।
train_santalimale_00490	wavs/train_santalimale_00490.wav	ᱪᱩᱠᱛᱤ ᱯᱷᱩᱰᱩ: ᱨᱮ ᱥᱤᱛᱟ ᱞᱩᱠᱷᱤ ᱟᱹᱫᱣᱟ ᱪᱟᱣᱞᱮ, ᱫᱷᱩᱣᱤᱜᱷᱟᱸᱥ ᱪᱮᱛᱟᱱ ᱨᱮ ᱥᱚᱞᱮ ᱥᱟᱢᱟᱱ ᱠᱚ ᱯᱩᱴᱷᱤ ᱞᱮᱠᱟᱛᱮ ᱨᱩᱯ ᱢᱚᱦᱚᱨ ᱥᱚᱞᱮ ᱥᱟᱢᱟᱱᱚᱢ ᱯᱩᱴᱷᱤ ᱞᱮᱠᱟᱱ ᱴᱟᱠᱟ ᱠᱚ ᱫᱚᱦᱚᱭᱟ।
train_santalimale_00491	wavs/train_santalimale_00491.wav	ᱴᱟᱠᱟᱪᱟᱞ ᱪᱩᱠᱛᱤ ᱯᱷᱩᱰᱩ ᱫᱚ ᱚᱱᱚᱞ ᱴᱩᱰᱠᱚ ᱦᱚᱸᱠᱚ ᱢᱮᱛᱟᱟ।
train_santalimale_00492	wavs/train_santalimale_00492.wav	ᱮᱱᱟᱝ ᱯᱮ ᱢᱮᱱᱞᱮᱫᱼᱟ ᱞᱮᱠᱟ ᱵᱟᱦᱟ ᱥᱤᱥᱤᱫᱼᱟ ᱯᱮ ᱦᱮᱡᱼᱟ ᱟᱠᱟᱱᱟ।
train_santalimale_00493	wavs/train_santalimale_00493.wav	ᱚᱸᱰᱮ ᱢᱮᱱᱟᱭᱟ ᱢᱟᱛᱠᱚᱢ ᱵᱮᱰᱟ ᱢᱟᱸᱡᱷᱤ, ᱱᱚᱰᱮ ᱢᱮᱱᱟᱭᱟ ᱨᱟᱡᱫᱟ ᱢᱟᱸᱡᱷᱤ।
train_santalimale_00494	wavs/train_santalimale_00494.wav	ᱛᱚᱵᱮ ᱚᱱᱟ ᱨᱮᱱᱟᱝ ᱫᱮᱱᱟ ᱯᱟᱣᱱᱟ ᱧᱮᱞ ᱜᱮᱞᱮ ᱫᱩᱰᱩᱵᱼᱟ ᱟᱠᱟᱱᱟ।
train_santalimale_00495	wavs/train_santalimale_00495.wav	ᱦᱚᱭ ᱟᱹᱯᱩᱧ ᱵᱟᱯᱮ ᱢᱮᱱᱠᱷᱟᱱ ᱪᱮᱠᱟᱞᱮᱠᱟ ᱛᱮᱞᱮ ᱱᱟᱹᱤ ᱚᱰᱚᱝ, ᱥᱚᱫᱚᱨ ᱚᱲᱚᱝ ᱟ।
train_santalimale_00496	wavs/train_santalimale_00496.wav	ᱜᱚᱱ ᱯᱚᱱ ᱧᱮᱞ ᱥᱚᱫᱚᱨ ᱮᱫᱟ।
train_santalimale_00497	wavs/train_santalimale_00497.wav	ᱦᱚᱭ ᱜᱮ ᱟᱹᱯᱩᱧ ᱡᱚᱦᱟᱨ ᱜᱮ।
train_santalimale_00498	wavs/train_santalimale_00498.wav	ᱛᱚᱵᱮ ᱛᱮᱦᱮᱧ ᱠᱷᱚᱱ ᱵᱟᱦᱩᱥᱮᱡᱼᱟ ᱨᱮᱭᱟ: ᱚᱲᱟᱹ: ᱫᱚ ᱡᱟᱸᱣᱟᱭ ᱫᱚᱭ ᱧᱟᱢ ᱠᱮᱫᱼᱟ ᱟ।
train_santalimale_00499	wavs/train_santalimale_00499.wav	ᱟᱨ ᱡᱟᱸᱣᱟᱭ ᱥᱮᱡᱼᱟ ᱨᱮᱭᱟ: ᱚᱲᱟᱹ: ᱫᱚ ᱵᱟᱦᱩᱭ ᱧᱟᱢ ᱠᱮᱫᱟ।
train_santalimale_00500	wavs/train_santalimale_00500.wav	ᱱᱚᱚᱭ ᱛᱮᱦᱮᱧ ᱫᱚ ᱚᱲᱟᱹ: ᱵᱚᱱ ᱠᱤᱨᱤᱧ ᱠᱮᱫᱟ।
train_santalimale_00501	wavs/train_santalimale_00501.wav	ᱟᱹᱫᱚ ᱱᱤᱭᱟ ᱚᱲᱟᱹ: ᱩᱢᱩᱞ, ᱱᱤᱭᱟ ᱵᱟᱥᱟᱰ ᱫᱟ: ᱫᱚ, ᱱᱤᱭᱟ ᱦᱮᱡᱟ: ᱯᱮ ᱵᱟᱲᱮᱹ।
train_santalimale_00502	wavs/train_santalimale_00502.wav	ᱱᱚᱚᱭ ᱜᱮᱞᱵᱟᱨ ᱟᱣᱟ ᱠᱷᱚᱱ ᱵᱷᱟᱡᱟᱱ ᱯᱮ ᱵᱟᱪᱷᱟᱣ ᱠᱮᱫᱼᱟ ᱟ।
train_santalimale_00503	wavs/train_santalimale_00503.wav	ᱴᱩᱠᱤᱭᱟ ᱵᱟᱡᱤᱭᱟᱹ ᱠᱟᱛᱮ ᱯᱮ ᱧᱮᱞ ᱠᱮᱫᱟ।
train_santalimale_00504	wavs/train_santalimale_00504.wav	ᱚᱲᱟᱹ: ᱜᱩᱱᱟ, ᱦᱚᱲᱠᱚ ᱵᱮᱱᱟ: ᱟ।
train_santalimale_00505	wavs/train_santalimale_00505.wav	ᱜᱚᱲᱟᱹ ᱜᱩᱱᱟ ᱜᱟᱹᱭ ᱠᱚ ᱵᱮᱱᱟ: ᱟ ᱚᱱᱟ ᱠᱚ ᱫᱚ ᱟᱯᱮ ᱜᱮ ᱯᱮ ᱧᱮᱞᱟ।
train_santalimale_00506	wavs/train_santalimale_00506.wav	ᱥᱤᱠᱷᱟᱣ ᱯᱟᱲᱦᱟᱣᱟᱛᱮ ᱵᱟᱝ ᱡᱩᱛ ᱞᱮᱱ ᱞᱮᱨ, ᱢᱤᱫᱼᱟ ᱴᱟᱝ ᱦᱚᱲᱵᱟᱲᱮ ᱠᱩᱞ ᱟᱞᱮ ᱯᱮ।
train_santalimale_00507	wavs/train_santalimale_00507.wav	ᱟᱨ ᱦᱚᱲᱵᱟᱯᱮ ᱧᱟᱢ ᱨᱮ ᱫᱚ ᱢᱤᱫᱼᱟ ᱴᱟᱝ ᱥᱮᱛᱟ ᱨᱮᱦᱚᱸ ᱠᱩᱞ ᱟᱞᱮ ᱯᱮ।
train_santalimale_00508	wavs/train_santalimale_00508.wav	ᱪᱮᱯᱮᱫᱚ: ᱟᱵᱚᱱ, ᱠᱩᱯᱩᱞᱤ ᱟᱵᱚᱱ, ᱵᱩᱯᱩᱡᱷᱟᱯᱚ: ᱟᱵᱚᱱ।
train_santalimale_00509	wavs/train_santalimale_00509.wav	ᱦᱮᱸ ᱜᱮ, ᱯᱷᱟᱨᱱᱟ ᱢᱟᱸᱡᱷᱤ, ᱥᱟᱹᱨᱤᱜᱮ ᱱᱚᱣᱟ ᱫᱚ ᱥᱤᱧ ᱵᱚᱸᱜᱟ ᱵᱩᱨᱩ ᱦᱚᱲᱮᱹᱠᱚ ᱟᱨ ᱦᱟᱯᱲᱟᱹᱢ ᱠᱚ ᱫᱩᱰᱩᱯ ᱠᱟᱛᱮ, ᱮᱨᱮ ᱥᱟᱨᱠᱮᱫᱼᱟ, ᱥᱟᱜᱩᱱ ᱠᱮᱫᱼᱟ, ᱥᱚᱠᱚᱲᱤᱹᱭᱟ, ᱢᱟᱠᱚᱲᱤᱹᱭᱟ ᱵᱚᱱ ᱡᱚᱲᱟᱹᱣᱠᱮᱫᱼᱟ ᱟ।
train_santalimale_00510	wavs/train_santalimale_00510.wav	ᱥᱟᱹᱨᱤᱜᱮ ᱜᱮᱞᱵᱟᱨ ᱟᱣᱟ ᱠᱷᱚᱱ ᱵᱷᱟᱡᱟᱱ ᱫᱚᱞᱮ ᱵᱟᱪᱷᱟᱣᱠᱮᱫᱼᱟ ᱟ।
train_santalimale_00511	wavs/train_santalimale_00511.wav	ᱴᱩᱠᱤᱭᱟ ᱵᱟᱡᱤᱭᱟ ᱠᱟᱛᱮ ᱞᱮ ᱧᱮᱞᱠᱮᱫᱼᱟ ᱟ।
train_santalimale_00512	wavs/train_santalimale_00512.wav	ᱟᱨ ᱡᱤᱱᱤᱥ ᱞᱮ ᱠᱤᱨᱤᱧ ᱠᱮᱫᱼᱟ ᱟ।
train_santalimale_00513	wavs/train_santalimale_00513.wav	ᱛᱮᱦᱮᱧ ᱫᱚ ᱟᱯᱮᱭᱤᱡᱼᱟ ᱴᱷᱮᱱᱟ ᱢᱤᱨᱩ ᱫᱚ ᱟᱯᱮᱭᱟ ᱴᱷᱮᱱᱟ ᱠᱷᱚᱱ ᱟᱞᱮᱭᱟ ᱴᱷᱮᱱᱟ ᱛᱮᱞᱟ ᱩᱪᱟᱲ ᱠᱮᱫᱮᱭᱟ।
train_santalimale_00514	wavs/train_santalimale_00514.wav	ᱟᱫᱚ, ᱨᱚᱸᱜᱚᱷ ᱠᱟᱱ, ᱛᱟᱢᱵᱟ ᱠᱟᱱ, ᱟᱞᱮ ᱨᱮᱱ ᱜᱮ।
train_santalimale_00515	wavs/train_santalimale_00515.wav	ᱦᱚᱲ ᱫᱚ ᱠᱩᱲᱭᱟ ᱠᱟᱱ ᱵᱷᱟᱜᱟᱲᱚ: ᱠᱟᱱ ᱚᱱᱟ ᱫᱚ ᱟᱞᱮ ᱥᱚᱸᱜᱮ ᱛᱮᱜᱮ ᱪᱟᱞᱟ: ᱟ।
train_santalimale_00516	wavs/train_santalimale_00516.wav	ᱠᱷᱟᱞᱚᱷ ᱠᱟᱱ, ᱰᱚᱵᱚᱷ ᱠᱟᱱ, ᱟᱞᱮ ᱥᱚᱸᱜᱮ ᱛᱮᱜᱮ ᱪᱟᱞᱟ: ᱟ।
train_santalimale_00517	wavs/train_santalimale_00517.wav	ᱢᱤᱫᱼᱟ ᱫᱤᱱ ᱛᱟᱨᱟ ᱫᱤᱱ ᱫᱟᱠᱟ ᱨᱚᱸᱜᱚ:, ᱩᱛᱩ ᱨᱚᱸᱜᱚ: ᱨᱮ ᱩᱱ ᱨᱮ ᱫᱚ, ᱥᱤᱠᱷᱟᱣ ᱯᱟᱲᱦᱟᱣ ᱮᱭᱟ ᱞᱮ।
train_santalimale_00518	wavs/train_santalimale_00518.wav	ᱵᱟᱵᱟ ᱟᱨ ᱢᱤᱫᱼᱟ ᱠᱟᱛᱷᱟ ᱛᱮᱦᱮᱧ ᱡᱟᱝ ᱦᱚᱸ ᱡᱟᱝ, ᱛᱚᱨᱚᱡᱼᱟ ᱦᱚ ᱞᱮ ᱠᱤᱨᱤᱧ ᱠᱮᱫᱼᱟ ᱟ।
train_santalimale_00519	wavs/train_santalimale_00519.wav	ᱢᱮᱱᱠᱷᱟᱱ ᱵᱚᱦᱚ: ᱢᱟᱭᱟᱝ ᱫᱚ ᱵᱟᱞᱮ ᱠᱤᱨᱤᱧ ᱟᱠᱟᱫᱼᱟ ᱟ।
train_santalimale_00520	wavs/train_santalimale_00520.wav	ᱦᱚᱭ ᱟᱹᱯᱩᱧ ᱠᱚ ᱛᱮᱦᱮᱧ ᱫᱚ ᱛᱚᱨᱚᱡᱼᱟ ᱦᱚᱸ ᱛᱚᱨᱚᱡᱼᱟ ᱞᱮ ᱟᱠᱷᱚᱨᱤᱧ ᱠᱮᱫᱼᱟ ᱟ।
train_santalimale_00521	wavs/train_santalimale_00521.wav	ᱫᱮ ᱮᱱᱠᱷᱟᱱ ᱟᱯᱩᱡ ᱠᱚ ᱯᱮ ᱯᱷᱩᱰᱩ ᱵᱚᱸᱜᱟ ᱧᱩᱛᱩᱢ ᱥᱩᱯᱟᱰᱤ ᱦᱟᱸᱰᱤ ᱵᱚᱱ ᱪᱚᱰᱚᱨᱟ।
train_santalimale_00522	wavs/train_santalimale_00522.wav	ᱦᱟᱸᱰᱤ ᱪᱚᱰᱚᱨ ᱠᱟᱛᱮ ᱢᱟᱸᱡᱷᱤ ᱢᱚᱲᱮᱹ ᱦᱚᱲ ᱢᱤᱢᱤᱫᱼᱟ ᱯᱷᱩᱰᱩ: ᱠᱚ, ᱧᱩᱭᱟ ᱟᱨ ᱜᱚᱰ ᱡᱚᱦᱟᱨ, ᱵᱟᱦᱩ ᱡᱟᱸᱣᱟᱭ ᱢᱟᱡᱷᱤ ᱢᱟᱲᱮ ᱦᱚᱲ।
train_santalimale_00523	wavs/train_santalimale_00523.wav	ᱱᱚᱣᱟ ᱠᱟᱢᱤ ᱫᱚ ᱯᱟᱦᱴᱟ ᱟᱛᱩ ᱨᱮ ᱱᱟᱭᱠᱮ ᱮ ᱵᱚᱸᱜᱟᱭᱟ।
train_santalimale_00524	wavs/train_santalimale_00524.wav	ᱟᱨ ᱚᱠᱟ ᱟᱛᱩ ᱨᱮ ᱫᱚ ᱡᱟᱸᱦᱚᱱ ᱴᱟᱸᱰᱤ ᱥᱮ ᱱᱤᱥᱪᱤᱛ ᱴᱷᱟᱸᱣ ᱨᱮ ᱵᱚᱸᱜᱟ ᱦᱩᱭᱩᱷ ᱟ।
train_santalimale_00525	wavs/train_santalimale_00525.wav	ᱰᱷᱟᱣᱨᱟ ᱨᱩᱠᱩ ᱟᱨ ᱜᱤᱨᱟᱛᱚᱞ ᱫᱚ ᱠᱚᱲᱟᱹ ᱯᱟᱦᱴᱟ ᱚᱲᱟᱹ ᱨᱮ ᱦᱩᱭᱩ: ᱟ।
train_santalimale_00526	wavs/train_santalimale_00526.wav	ᱟᱹᱛᱩ ᱢᱟᱸᱡᱷᱤ ᱢᱚᱲᱮᱹ ᱦᱚᱲ ᱟᱥᱟᱢᱤ ᱚᱲᱟᱹ: ᱨᱮ ᱡᱟᱣᱨᱟ ᱠᱟᱛᱮ ᱜᱤᱨᱟ ᱠᱚ ᱛᱚᱞᱟ ᱯᱷᱟᱸᱫᱤ ᱯᱩᱸᱰ ᱥᱩᱛᱟᱢ ᱛᱮ।
train_santalimale_00527	wavs/train_santalimale_00527.wav	ᱥᱩᱛᱟᱢ ᱫᱚ ᱯᱮ ᱴᱷᱮᱱ ᱠᱚ ᱜᱟᱹᱸᱴᱟ।
train_santalimale_00528	wavs/train_santalimale_00528.wav	ᱢᱤᱫᱼᱟ ᱴᱟᱝ ᱜᱟᱹᱸᱴ ᱛᱮ ᱫᱚ ᱟᱥᱟᱢᱤ ᱠᱤᱱ ᱛᱚᱞᱟ, ᱫᱚᱥᱟᱨ ᱜᱟᱹᱸᱴ ᱛᱮ ᱫᱚ ᱢᱟᱸᱡᱷᱤ ᱠᱤᱱ ᱟᱨ ᱛᱮᱥᱟᱨ ᱜᱟᱹᱸᱴ ᱛᱮ ᱫᱚ ᱵᱟᱦᱩ ᱡᱟᱸᱣᱟᱭᱚ: ᱠᱟᱱ ᱠᱚᱲᱟᱹ ᱠᱩᱲᱤᱠᱤᱱ ᱛᱚᱞᱚ: ᱟ।
train_santalimale_00529	wavs/train_santalimale_00529.wav	ᱱᱚᱣᱟ ᱫᱚ ᱯᱮᱭᱟ ᱪᱩᱠᱛᱤ ᱯᱷᱩᱰᱩ ᱨᱮ ᱫᱷᱩᱵᱤᱜᱷᱟᱸᱥ, ᱥᱩᱛᱟᱢ ᱥᱟᱥᱟᱝ ᱠᱟᱛᱮ, ᱟᱨ ᱟᱹᱫᱣᱟ ᱪᱟᱣᱞᱮᱭᱟᱛᱮ ᱜᱤᱨᱟ ᱠᱚ ᱛᱚᱞᱟ।
train_santalimale_00530	wavs/train_santalimale_00530.wav	ᱚᱱᱟ ᱪᱮᱛᱟᱱ ᱠᱚ ᱨᱩᱯᱟ ᱞᱮᱠᱟᱱ ᱥᱟᱢᱟᱱᱚᱢ ᱴᱟᱠᱟ ᱠᱚ ᱮᱢᱟ।
train_santalimale_00531	wavs/train_santalimale_00531.wav	ᱴᱟᱠᱟ ᱪᱟᱞ ᱫᱚ ᱜᱚᱱ ᱯᱚᱱ ᱧᱮᱞ ᱡᱚᱦᱚ: ᱦᱩᱭᱩ: ᱟ।
train_santalimale_00532	wavs/train_santalimale_00532.wav	ᱜᱚᱝ ᱠᱷᱚᱱ ᱜᱮ ᱜᱚᱱᱚᱝ ᱧᱩᱛᱩᱢ ᱛᱮ ᱵᱟᱨᱭᱟ ᱰᱟᱸᱜᱨᱤ, ᱯᱚᱱ ᱧᱩᱛᱩᱢ ᱛᱮ ᱯᱚᱪᱤᱥ ᱴᱟᱠᱟ ᱟᱨ ᱵᱚᱸᱜᱟ ᱧᱩᱛᱩᱢ ᱛᱮ ᱪᱟᱰᱤ ᱟᱨ ᱵᱟᱨᱟᱹ ᱯᱚᱤᱞᱟ ᱪᱟᱣᱞᱮ ᱞᱟᱜᱟ: ᱟ।
train_santalimale_00533	wavs/train_santalimale_00533.wav	ᱱᱚᱣᱟ ᱫᱚ ᱚᱱᱚᱞ ᱴᱩᱝᱠᱤ ᱦᱚᱸᱠᱚ ᱢᱮᱛᱟ: ᱟ।
train_santalimale_00534	wavs/train_santalimale_00534.wav	ᱪᱟᱹᱰᱤ ᱵᱚᱸᱜᱟ ᱫᱚ, ᱠᱩᱲᱤ ᱚᱲᱟᱹ: ᱨᱮ ᱦᱩᱭᱩᱷᱟ।
train_santalimale_00535	wavs/train_santalimale_00535.wav	ᱪᱟᱰᱤ ᱵᱚᱸᱜᱟ ᱫᱚ ᱦᱟᱯᱲᱟᱹᱢ ᱠᱚ ᱧᱩᱛᱩᱢ ᱛᱮ ᱛᱟᱞᱟ ᱨᱟᱪᱟ ᱨᱮ ᱛᱤᱠᱤ ᱪᱟᱣᱞᱮ ᱪᱮᱛᱟᱱ ᱯᱟᱛᱲᱟᱹ ᱨᱮ ᱠᱩᱴᱟᱢ ᱵᱚᱸᱜᱟ ᱦᱩᱭᱩ:ᱟ।
train_santalimale_00536	wavs/train_santalimale_00536.wav	ᱱᱚᱣᱟ ᱪᱟᱰᱤ ᱵᱚᱸᱜᱟ ᱫᱚ ᱵᱷᱟᱸᱰᱟᱱ ᱞᱮᱠᱟ ᱦᱩᱭᱩ: ᱟ।
train_santalimale_00537	wavs/train_santalimale_00537.wav	ᱠᱟᱛᱷᱟᱭ ᱠᱩᱲᱤ ᱜᱤᱫᱨᱟᱹ ᱜᱚᱝ ᱠᱮᱫᱮᱛᱮ ᱮᱴᱟ ᱚᱲᱟᱹ: ᱮ ᱪᱟᱞᱟᱣ ᱮᱱᱟ, ᱱᱟᱛᱮ ᱩᱱᱤ ᱧᱩᱛᱩᱢ ᱛᱮ ᱦᱟᱯᱲᱟᱹᱢ ᱠᱚ ᱵᱚᱸᱜᱟ ᱟᱠᱚᱣᱟ ᱟᱨ ᱟᱭᱚᱡᱼᱟ ᱦᱚ ᱡᱟᱸᱣᱟᱭ ᱚᱲᱟᱹᱨᱮᱱ ᱠᱚ ᱥᱟᱸᱣ ᱢᱮᱥᱟ: ᱢᱟᱭ ᱢᱮᱱᱛᱮ ᱪᱟᱲᱤ ᱵᱚᱸᱜᱟ ᱠᱚ ᱫᱚ ᱦᱩᱭᱩ: ᱟ।
train_santalimale_00538	wavs/train_santalimale_00538.wav	ᱥᱟᱠᱟᱢ ᱚᱲᱮᱹᱡᱼᱟ ᱫᱚ ᱟᱹᱛᱩ ᱨᱮᱱ ᱢᱟᱸᱡᱷᱤ ᱢᱚᱲᱮᱹ ᱦᱚᱲᱠᱚ ᱠᱟᱹᱢᱤᱭᱟ, ᱱᱚᱣᱟ ᱠᱟᱹᱢᱤ ᱫᱚ ᱡᱩᱫᱤ ᱠᱚᱲᱟᱹ ᱠᱩᱲᱤ ᱵᱟᱝ ᱠᱤᱱ ᱠᱩᱥᱤᱟ: ᱟᱠᱤᱱ ᱛᱟᱞᱟᱨᱮ ᱢᱤᱫᱼᱟᱛᱮ ᱛᱟᱸᱦᱮᱸᱱ ᱵᱟᱝᱚᱠᱤᱱ ᱨᱮᱵᱮᱱᱟ, ᱮᱱᱠᱷᱟᱱ ᱩᱱᱚᱠᱤᱱ ᱧᱩᱛᱩᱢ ᱛᱮ ᱥᱟᱨᱡᱚᱢ ᱥᱟᱠᱟᱢ ᱠᱚ ᱪᱤᱨᱟᱭᱟ।
train_santalimale_00539	wavs/train_santalimale_00539.wav	ᱠᱟᱛᱷᱟᱭ ᱱᱩᱠᱤᱱᱟ ᱵᱟᱵᱼᱟᱞᱟ ᱫᱚ ᱨᱟᱯᱩᱫ, ᱮᱱᱟ ᱢᱮᱱᱛᱮ ᱥᱟᱸᱣᱛᱟ ᱨᱮ ᱢᱟᱱᱟᱣ ᱵᱟᱛᱟᱣᱚ: ᱟ।
train_santalimale_00540	wavs/train_santalimale_00540.wav	ᱵᱤᱴᱞᱟᱦᱟ ᱫᱚ ᱟᱹᱛᱩ ᱢᱟᱸᱡᱷᱤ ᱦᱚᱲᱟᱹ: ᱠᱟᱹᱢᱤ ᱠᱟᱱᱟ।
train_santalimale_00541	wavs/train_santalimale_00541.wav	ᱡᱩᱫᱤ ᱡᱟᱸᱦᱟᱭ ᱠᱩᱲᱤ, ᱮᱴᱟ ᱡᱟᱛ ᱴᱷᱮᱱ ᱮ ᱡᱟᱣᱟᱸᱭ ᱮᱱᱟ, ᱮᱱᱠᱷᱟᱱ ᱩᱱᱤ ᱫᱚ ᱥᱟᱸᱣᱛᱟ ᱠᱷᱚᱱ ᱠᱚ ᱚᱲᱚᱝ ᱮᱭᱟ।
train_santalimale_00542	wavs/train_santalimale_00542.wav	ᱵᱤᱴᱞᱟᱦᱟ ᱧᱩᱛᱩᱢ ᱛᱮ ᱠᱩᱲᱤ ᱟᱥᱟᱢᱤ ᱟᱹᱛᱩ ᱢᱟᱸᱡᱷᱤ ᱦᱚᱲ ᱠᱚ ᱡᱚᱢ ᱧᱩ ᱮ ᱮᱢᱟ ᱠᱚᱣᱟ।
train_santalimale_00543	wavs/train_santalimale_00543.wav	ᱢᱮᱱᱠᱷᱟᱱ ᱠᱚᱲᱟᱹ ᱜᱤᱫᱨᱟᱹ ᱵᱟᱦᱩᱭ ᱟᱹᱜᱩ ᱞᱮᱠᱷᱟᱱ, ᱩᱱᱤ ᱨᱮᱱ ᱜᱤᱫᱨᱟᱹ ᱫᱚ ᱠᱚ ᱡᱟᱹᱛ ᱛᱟᱞᱟ ᱠᱚᱣᱟ ᱟᱨ ᱵᱟᱦᱩ ᱫᱚ ᱥᱟᱸᱣᱛᱟ ᱨᱮ ᱫᱚ ᱵᱟᱝᱠᱚ ᱫᱚᱦᱚᱭᱮ ᱭᱟ, ᱱᱚᱣᱟ ᱫᱚ ᱞᱚᱥᱚᱛ ᱯᱟᱥᱤᱨ ᱠᱚ ᱢᱮᱛᱟᱷ ᱟ।
train_santalimale_00544	wavs/train_santalimale_00544.wav	ᱢᱟᱱᱟ: ᱫᱚ ᱟᱹᱛᱩ ᱢᱟᱸᱡᱷᱤ ᱢᱚᱲᱮᱹ ᱦᱚᱲ ᱟᱨ ᱟᱥᱟᱢᱤ ᱠᱚᱲᱟᱹ ᱚᱲᱟᱹ: ᱨᱮ ᱢᱟᱱᱟ: ᱠᱚ ᱡᱚᱢᱟ।
train_santalimale_00545	wavs/train_santalimale_00545.wav	ᱭᱩᱫᱤ ᱡᱟᱦᱟᱸᱭ ᱠᱚᱲᱟᱹ ᱡᱚᱨ ᱡᱚᱵᱚᱨᱛᱮ ᱡᱟᱦᱟᱸᱭ ᱠᱩᱲᱤ ᱮ ᱚᱨ ᱤᱛᱩᱫ ᱮᱭᱟ, ᱮᱱᱠᱷᱟᱱ ᱵᱟᱱᱟᱨ ᱯᱟᱦᱴᱟ ᱨᱮᱱ ᱟᱹᱛᱩ ᱢᱟᱸᱡᱷᱤ ᱢᱚᱲᱮᱹ ᱦᱚᱲ ᱜᱟᱯᱟᱞ ᱢᱟᱨᱟᱣ ᱢᱤᱫᱼᱟ ᱠᱟᱛᱮ, ᱠᱚᱲᱟᱹ ᱟᱯᱟᱫᱼᱟ ᱴᱷᱮᱱ ᱢᱟᱱᱟ: ᱠᱚ ᱡᱚᱢᱟ।
train_santalimale_00546	wavs/train_santalimale_00546.wav	ᱢᱟᱱᱟ: ᱨᱮ ᱫᱚ ᱢᱤᱫᱼᱟ ᱴᱟᱝ ᱠᱟᱥᱤ ᱟᱨ ᱢᱤᱫᱼᱟ ᱢᱩᱲᱤ ᱪᱟᱣᱞᱮ ᱨᱮᱱᱟᱷ ᱫᱟᱠᱟ ᱩᱛᱩ ᱵᱮᱱᱟᱣ ᱠᱟᱛᱮ ᱟᱹᱛᱩ ᱦᱚᱰᱠᱚ ᱮᱢ ᱦᱩᱭᱩ: ᱟ।
train_santalimale_00547	wavs/train_santalimale_00547.wav	ᱛᱟᱵᱮᱱ ᱡᱚᱢ ᱫᱚ ᱡᱟᱸᱣᱟᱭ ᱟᱠᱟᱫᱮ ᱠᱩᱲᱤ ᱜᱤᱫᱨᱟᱹ ᱠᱤᱪᱷᱩᱜᱟᱱ ᱦᱟᱥᱟ ᱠᱚ ᱮᱢᱟᱭᱟ।
train_santalimale_00548	wavs/train_santalimale_00548.wav	ᱚᱱᱟ ᱦᱟᱥᱟ ᱫᱚ ᱛᱟᱵᱮᱱᱡᱚᱢ ᱦᱟᱥᱟ ᱠᱚ ᱢᱮᱛᱟ: ᱟ।
train_santalimale_00549	wavs/train_santalimale_00549.wav	ᱜᱚᱱ ᱯᱚᱱ ᱫᱚ ᱠᱩᱲᱤ ᱜᱤᱫᱨᱟᱹ ᱡᱟᱸᱣᱟᱭ ᱮ ᱡᱚᱠᱷᱚᱱ ᱠᱚᱲᱟᱹ ᱯᱟᱦᱴᱟ ᱨᱮᱱ ᱟᱥᱟᱢᱤ ᱦᱚᱲᱠᱚ ᱫᱚ ᱜᱚᱱ ᱯᱚᱱ ᱮᱢ ᱦᱩᱭᱩ ᱟᱠᱚᱣᱟ।
train_santalimale_00550	wavs/train_santalimale_00550.wav	ᱜᱚᱝ ᱠᱷᱚᱱ ᱜᱮ ᱜᱚᱱ ᱫᱚ ᱵᱮᱱᱟᱣ ᱟᱠᱟᱱᱟ।
train_santalimale_00551	wavs/train_santalimale_00551.wav	ᱜᱚᱱ ᱜᱮ ᱜᱚᱱᱚᱝ ᱠᱚ ᱢᱮᱛᱟᱷ ᱟ।
train_santalimale_00552	wavs/train_santalimale_00552.wav	ᱜᱚᱱᱚᱝ ᱫᱚ ᱠᱚᱲᱟᱹ ᱯᱟᱦᱴᱟᱨᱮᱱ ᱮᱢ ᱦᱩᱭ ᱟᱠᱚᱟ।
train_santalimale_00553	wavs/train_santalimale_00553.wav	ᱡᱟᱦᱟᱸᱭ ᱥᱟᱱᱛᱟᱲ ᱠᱚᱲᱟᱹ ᱮᱴᱟ: ᱡᱟᱫᱼᱟ ᱨᱮᱱ ᱵᱟᱦᱩ ᱟᱹᱜᱩ ᱠᱟᱛᱮ ᱩᱱᱤ ᱨᱮᱱ ᱜᱤᱫᱨᱟᱹ ᱠᱚ ᱦᱩᱭᱞᱮᱱ ᱠᱷᱟᱱ, ᱮᱱᱠᱷᱟᱱ ᱟᱹᱛᱩ ᱱᱟᱭᱠᱮ ᱫᱚ ᱜᱤᱫᱨᱟᱹ ᱧᱩᱛᱩᱢ ᱪᱷᱟᱹᱴᱭᱟᱨ ᱦᱤᱞᱚ ᱯᱷᱮ ᱯᱷᱩᱰᱩ ᱥᱟᱥᱟᱝ ᱨᱟᱪᱟ ᱨᱮᱭ ᱵᱟᱸᱜᱟᱭᱟ ᱠᱚᱲᱟᱹ ᱧᱩᱛᱩᱢ ᱟᱨ ᱜᱤᱫᱨᱟᱹ ᱧᱩᱛᱩᱢᱛᱮ।
train_santalimale_00554	wavs/train_santalimale_00554.wav	ᱚᱱᱟ ᱜᱮ ᱥᱟᱥᱟᱝ ᱵᱚᱸᱜᱟ ᱫᱚ।
train_santalimale_00555	wavs/train_santalimale_00555.wav	ᱡᱟᱸᱣᱟᱭ ᱵᱟᱝᱠᱷᱟᱱ ᱵᱟᱦᱩ ᱧᱮᱞ ᱪᱟᱞᱟ: ᱡᱚᱠᱷᱮᱱ ᱪᱮᱫᱟ ᱯᱮᱨᱮᱡᱼᱟ ᱞᱚᱴᱟ ᱫᱟ: ᱵᱷᱤᱛᱟᱹᱨ ᱨᱮᱠᱚ ᱫᱚᱦᱚᱭᱟ?
train_santalimale_00556	wavs/train_santalimale_00556.wav	ᱞᱚᱴᱟ ᱫᱟ: ᱫᱚ ᱥᱟᱜᱩᱱ ᱫᱟ: ᱠᱟᱱᱟ, ᱡᱩᱫᱤ ᱞᱚᱴᱟ ᱫᱟ: ᱯᱮᱨᱮᱡᱼᱟ ᱜᱮ ᱛᱟᱸᱦᱮᱸᱱᱟ, ᱮᱱᱠᱷᱟᱱ ᱱᱩᱠᱤᱱ ᱠᱚᱲᱟᱹ ᱠᱩᱲᱤᱭᱟ ᱥᱟᱱᱟᱢᱟ ᱯᱮᱨᱮᱡᱼᱟ ᱜᱮ ᱛᱟᱸᱦᱮᱸᱱᱟ।
train_santalimale_00557	wavs/train_santalimale_00557.wav	ᱡᱩᱫᱤ ᱠᱚᱢ ᱟᱠᱟᱱᱟ ᱮᱱᱠᱷᱟᱱ ᱨᱟᱥ ᱵᱟᱝ ᱢᱤᱫᱼᱟ ᱛᱟᱠᱤᱱᱟ ᱢᱮᱱᱛᱮ ᱢᱟᱱᱟᱣᱚᱷᱣᱟ।
train_santalimale_00558	wavs/train_santalimale_00558.wav	ᱱᱚᱣᱟ ᱫᱚ ᱥᱟᱜᱩᱱ ᱠᱷᱟᱰᱤ ᱠᱟᱱᱟ।
train_santalimale_00559	wavs/train_santalimale_00559.wav	ᱰᱟᱸᱜᱣᱟ ᱠᱚᱲᱟᱹ ᱥᱮ ᱰᱟᱸᱜᱣᱟ ᱠᱩᱲᱤ ᱪᱮᱫᱟ ᱠᱚ ᱛᱤᱛᱨᱤ ᱠᱚᱣᱟ।
train_santalimale_00560	wavs/train_santalimale_00560.wav	ᱰᱟᱸᱜᱣᱟ ᱠᱚᱲᱟᱹ ᱥᱮ ᱠᱩᱲᱤ ᱫᱚ ᱱᱤᱨᱞᱟ ᱢᱮᱱᱛᱮ ᱠᱚ ᱢᱟᱱᱟᱣ ᱵᱟᱛᱟᱣᱚ: ᱟ।
train_santalimale_00561	wavs/train_santalimale_00561.wav	ᱚᱱᱟᱛᱮ ᱥᱟᱱᱛᱟᱲᱟᱹ: ᱥᱟᱱᱟᱢ ᱱᱤᱨᱞᱟ ᱠᱟᱹᱢᱤ, ᱵᱚᱸᱜᱟ ᱵᱩᱨᱩ, ᱵᱟᱵᱼᱟᱞᱟ ᱵᱮᱦᱟ ᱨᱮ ᱫᱚ ᱰᱟᱸᱜᱣᱟ ᱜᱤᱫᱨᱟᱹ ᱜᱮ ᱠᱚ ᱠᱟᱹᱢᱤᱭᱟ।
train_santalimale_00562	wavs/train_santalimale_00562.wav	ᱡᱚᱲ ᱯᱟᱹᱴᱭᱟᱹ ᱨᱮ ᱪᱮᱫᱟ: ᱵᱟᱝᱠᱚ ᱫᱩᱰᱩᱵᱼᱟ ᱠᱚᱣᱟ?
train_santalimale_00563	wavs/train_santalimale_00563.wav	ᱥᱟᱱᱛᱟᱲ ᱥᱟᱸᱣᱛᱟ ᱨᱮ ᱫᱚ ᱡᱟᱦᱟᱸᱱ ᱠᱟᱹᱢᱤᱜᱮ ᱵᱤᱡᱚᱲᱟᱹ ᱛᱮᱸᱜᱮ ᱥᱟᱨᱵᱷᱟᱨᱚᱷ ᱟ, ᱚᱱᱟᱛᱮ ᱯᱟᱹᱴᱭᱟᱹ ᱦᱚᱸ ᱵᱤᱡᱚᱲ ᱜᱮ ᱦᱩᱭᱞᱟᱠᱛᱤᱭᱟᱱᱟ।
train_santalimale_00564	wavs/train_santalimale_00564.wav	ᱦᱟᱴᱟ: ᱦᱚ ᱵᱤᱡᱚᱲ ᱛᱮᱞᱟ: ᱛᱮᱜᱮ ᱨᱩᱢ ᱰᱟᱠᱚᱣ ᱠᱚᱣᱟ ᱵᱚᱱ, ᱵᱤᱡᱚᱲᱟᱹ: ᱛᱟᱸᱦᱮᱱ ᱠᱷᱟᱱ ᱥᱟᱜᱩᱱ ᱱᱤᱨᱞᱟ ᱢᱮᱱᱛᱮ ᱞᱮᱠᱷᱟ: ᱟ।
train_santalimale_00565	wavs/train_santalimale_00565.wav	ᱥᱩᱱᱩᱢ ᱥᱟᱥᱟᱝ ᱚᱡᱚ: ᱠᱟᱛᱮ ᱠᱩᱲᱤ ᱜᱤᱫᱨᱟᱹ ᱵᱟᱝᱠᱷᱟᱱ ᱠᱚᱲᱟᱹ ᱜᱤᱫᱨᱟᱹ ᱟᱦᱟᱨ ᱯᱩᱠᱷᱨᱤ ᱛᱮ ᱩᱢ ᱵᱟᱝᱠᱚ ᱪᱟᱞᱟ: ᱟ, ᱪᱮᱫᱟ?
train_santalimale_00566	wavs/train_santalimale_00566.wav	ᱵᱟᱰᱟᱭ ᱜᱮᱭᱟ ᱵᱚᱱ ᱥᱟᱱᱛᱟᱲ ᱥᱟᱸᱣᱛᱟ ᱨᱮ ᱫᱚ ᱟᱦᱟᱨ ᱯᱩᱠᱷᱨᱤ ᱵᱟᱯᱞᱟᱭᱟᱵᱚᱱ।
train_santalimale_00567	wavs/train_santalimale_00567.wav	ᱚᱱᱟᱛᱮ ᱠᱩᱲᱤ ᱥᱮ ᱠᱚᱲᱟᱹ ᱜᱤᱫᱨᱟᱹ ᱵᱟᱯᱞᱟ ᱧᱩᱛᱩᱢ ᱛᱮ ᱥᱩᱱᱩᱢ ᱚᱡᱚ: ᱞᱮᱠᱚᱠᱷᱟᱱ, ᱱᱤᱨᱞᱟ ᱟᱨ ᱥᱟᱯᱷ ᱥᱩᱛᱨᱟ ᱢᱮᱱᱛᱮ ᱠᱚ ᱢᱟᱱᱟᱣᱚ: ᱟ।
train_santalimale_00568	wavs/train_santalimale_00568.wav	ᱟᱦᱟᱨ ᱯᱩᱠᱷᱨᱤ ᱨᱮᱱ ᱵᱟᱲᱤᱹᱡᱼᱟ ᱵᱚᱸᱜᱟ ᱠᱚ ᱟᱞᱚᱠᱚ ᱞᱟᱜᱟᱣᱚᱷ ᱠᱷᱟᱹᱛᱤᱨ ᱮᱠᱞᱟ ᱵᱟᱝᱠᱚ ᱥᱮᱱ ᱦᱚᱪᱚ ᱟᱠᱚᱣᱟ।
train_santalimale_00569	wavs/train_santalimale_00569.wav	ᱛᱚᱵᱮ ᱮᱱᱟᱝ ᱚᱱᱟ ᱥᱟᱸᱣᱛᱟ ᱨᱮ ᱛᱟᱸᱦᱮᱠᱟᱛᱮ ᱥᱩᱠ, ᱥᱟᱱᱛᱤ ᱟᱨ ᱱᱟᱯᱟᱭ ᱨᱮ ᱛᱟᱸᱦᱮ ᱫᱟᱲᱮᱹᱭᱟ: ᱟᱭ।
train_santalimale_00570	wavs/train_santalimale_00570.wav	ᱢᱟᱱᱣᱟ ᱠᱚᱣᱟ ᱜᱚᱭᱚᱡᱼᱟ ᱟᱨᱤᱪᱟᱞᱤ ᱫᱚ ᱢᱩᱪᱟᱫᱼᱟ ᱠᱟᱹᱢᱤ ᱠᱟᱱᱟ, ᱛᱚᱵᱮ ᱮᱱᱟᱝ ᱜᱚᱭᱚᱡᱼᱟ ᱟᱠᱟᱱ ᱦᱚᱰᱟ: ᱟᱛᱢᱟ ᱡᱤᱭᱚᱱ ᱥᱩᱠ ᱥᱟᱱᱛᱤ ᱨᱮ ᱛᱟᱸᱦᱮᱸᱱᱟ।
train_santalimale_00571	wavs/train_santalimale_00571.wav	ᱮᱛᱚᱦᱚᱵᱼᱟ ᱫᱚ ᱜᱚ ᱥᱟᱦᱟᱱ ᱠᱚ ᱦᱚᱦᱚᱭᱟ।
train_santalimale_00572	wavs/train_santalimale_00572.wav	ᱥᱟᱱᱟᱢ ᱡᱤᱣᱤᱣᱟᱱ ᱡᱤᱣ ᱡᱤᱭᱟᱹᱞᱤ ᱥᱮ ᱢᱟᱱᱣᱟ ᱡᱤᱣᱚᱱ ᱫᱚ, ᱡᱟᱱᱟᱢ ᱞᱮᱱᱠᱷᱟᱱ ᱜᱩᱡᱩ: ᱦᱩᱭᱩ: ᱟ।
train_santalimale_00573	wavs/train_santalimale_00573.wav	ᱥᱟᱱᱛᱟᱲ ᱥᱟᱸᱣᱛᱟ ᱨᱮ ᱡᱟᱸᱦᱟᱭ ᱦᱚᱲ ᱮ ᱜᱚᱭᱚᱡᱼᱟ ᱞᱮᱱᱠᱷᱟᱱ ᱩᱱᱤ ᱦᱚᱲᱟᱹ: ᱟᱛᱢᱟ ᱥᱩᱠ ᱧᱟᱢ ᱟᱨ ᱚᱱᱟ ᱚᱲᱟᱹ: ᱨᱮᱱ ᱦᱚᱲᱠᱚ ᱥᱟᱦᱟᱣ ᱫᱟᱲᱮᱹ ᱧᱟᱢ ᱞᱟᱹᱜᱤᱫᱼᱟ ᱛᱮ ᱥᱮᱫᱟᱭ ᱯᱟᱦᱲᱟᱹᱢ ᱠᱚ ᱢᱤᱫᱼᱟ ᱵᱟᱨ, ᱱᱤᱭᱚᱢ, ᱫᱷᱚᱨᱚᱢ, ᱨᱟᱭ ᱨᱤᱛ ᱠᱚ ᱵᱮᱱᱟᱣ ᱟᱠᱟᱛ ᱟ, ᱚᱱᱟᱠᱚ ᱟᱵᱚ ᱯᱤᱲᱦᱤ ᱪᱮᱛᱟᱱ, ᱯᱤᱲᱦᱤᱵᱚᱱ ᱢᱟᱱᱟᱣ ᱵᱟᱛᱟᱣ ᱟᱜᱩᱭᱮᱫᱼᱟ ᱟ ᱟᱨ ᱵᱚᱱ ᱠᱟᱹᱢᱤᱭᱮᱫᱼᱟ ᱟ।
train_santalimale_00574	wavs/train_santalimale_00574.wav	ᱜᱚᱭᱚᱡᱼᱟ ᱟᱠᱟᱱ ᱦᱚᱲᱫᱚᱯ ᱨᱟᱯᱟ: ᱵᱟᱝᱠᱷᱟᱱ ᱛᱚᱯᱟ, ᱥᱟᱱᱛᱟᱲ ᱥᱟᱸᱣᱛᱟ ᱨᱮ, ᱵᱟᱱᱟᱨ ᱜᱮ ᱪᱚᱞᱚᱱ ᱢᱮᱱᱟ: ᱟ।
train_santalimale_00575	wavs/train_santalimale_00575.wav	ᱜᱚᱭᱚᱡᱼᱟ ᱚᱲᱟᱹ: ᱨᱮ ᱠᱟᱹᱢᱤ ᱞᱟᱹᱜᱤᱛ ᱱᱟᱣᱟ ᱥᱟᱢᱟᱱ ᱠᱚ ᱞᱟᱜᱟ: ᱟ।
train_santalimale_00576	wavs/train_santalimale_00576.wav	ᱜᱚᱭᱚᱡᱼᱟ ᱟᱠᱟᱱ ᱦᱚᱲ ᱫᱚ, ᱚᱰᱟᱷᱨᱮᱱ ᱦᱚᱲᱛᱮ ᱦᱚᱲᱢᱚ ᱨᱮ ᱥᱩᱱᱩᱢ ᱥᱟᱥᱟᱝ ᱠᱚ ᱚᱡᱚ: ᱟᱭᱟ।
train_santalimale_00577	wavs/train_santalimale_00577.wav	ᱚᱲᱟᱹ: ᱨᱟᱪᱟ ᱨᱮ ᱢᱤᱫᱼᱟᱴᱷᱮᱱ ᱪᱟᱸᱫᱚ ᱞᱮᱠᱟ ᱠᱚ ᱜᱩᱨᱤᱡᱟ।
train_santalimale_00578	wavs/train_santalimale_00578.wav	ᱜᱚᱭᱚᱡᱼᱟ ᱦᱚᱲᱢᱚ ᱯᱟᱨᱠᱚᱢ ᱛᱮ ᱜᱚᱷ ᱚᱲᱚᱝ ᱠᱟᱛᱮ ᱚᱱᱟ ᱜᱩᱨᱤᱡᱼᱟ ᱟᱠᱟᱱ ᱚᱫᱼᱟ ᱪᱮᱛᱟᱱ ᱨᱮ ᱠᱚ ᱫᱚᱦᱚ ᱮᱭᱟ।
train_santalimale_00579	wavs/train_santalimale_00579.wav	ᱜᱚᱭᱚᱡᱼᱟ ᱦᱚᱲᱢᱚ ᱫᱚᱦᱚ ᱡᱚᱦᱚ ᱵᱚᱦᱚ: ᱫᱚ ᱫᱚᱠᱷᱤᱱ ᱯᱟᱦᱴᱟ ᱥᱮᱛ ᱠᱟᱛᱮ ᱠᱚ ᱫᱚᱦᱚᱮᱭᱟ।
train_santalimale_00580	wavs/train_santalimale_00580.wav	ᱦᱟᱴᱟ: ᱛᱮ ᱦᱩᱰᱩᱠᱚ ᱟᱜᱩᱭᱟ।
train_santalimale_00581	wavs/train_santalimale_00581.wav	ᱢᱤᱫᱼᱟᱪᱩᱯᱩᱡᱼᱟ ᱦᱩᱰᱩ ᱥᱟᱵᱼᱟ ᱠᱟᱛᱮ ᱜᱩᱨᱤᱡᱼᱟ ᱴᱷᱮᱱ ᱛᱤ ᱠᱚ ᱫᱚᱦᱚᱭᱟ, ᱵᱟᱱᱟᱨ ᱛᱤ ᱵᱟᱱᱟᱨ ᱡᱟᱝᱜᱟ ᱨᱮ ᱛᱤ ᱛᱮ ᱪᱩᱯᱩᱫᱼᱟ ᱟᱠᱟᱱ ᱦᱩᱰᱩ ᱠᱚ ᱡᱚᱴᱮᱫᱼᱟ ᱟ।
train_santalimale_00582	wavs/train_santalimale_00582.wav	ᱟᱨ ᱚᱱᱟ ᱫᱚᱠᱚ ᱫᱚᱦᱚ ᱠᱟ: ᱟ।
train_santalimale_00583	wavs/train_santalimale_00583.wav	ᱤᱨᱚ: ᱫᱤᱱ ᱫᱚ ᱚᱱᱟ ᱦᱩᱰᱩ ᱫᱚ ᱵᱟᱫ ᱨᱮ ᱮᱨ ᱢᱮᱥᱟᱭᱟ।
train_santalimale_00584	wavs/train_santalimale_00584.wav	ᱱᱚᱣᱟ ᱫᱚ ᱨᱟᱥ ᱦᱩᱰᱩᱠᱚ ᱢᱮᱛᱟ: ᱟ।
train_santalimale_00585	wavs/train_santalimale_00585.wav	ᱠᱟᱛᱷᱟᱭ ᱜᱚᱭᱚᱡᱼᱟ ᱟᱠᱟᱱ ᱦᱚᱲᱟᱹ: ᱨᱟᱥ ᱮᱨ ᱛᱟᱸᱦᱮᱸᱱᱟ ᱦᱩᱰᱩ ᱥᱟᱸᱣ।
train_santalimale_00586	wavs/train_santalimale_00586.wav	ᱯᱩᱱᱭᱟ ᱯᱟᱨᱠᱚᱢ ᱠᱚᱴᱷᱮ ᱨᱮ ᱯᱩᱱ ᱦᱚᱲ ᱥᱟᱵᱼᱟ ᱠᱟᱛᱮ ᱚᱲᱟᱹ: ᱨᱟᱪᱟ ᱠᱷᱚᱱ ᱠᱩᱞᱦᱤ ᱢᱩᱪᱟᱹᱛ ᱛᱮᱠᱚ ᱤᱫᱤᱮᱭᱟ, ᱚᱸᱰᱮ ᱟᱨ ᱢᱤᱫᱼᱟᱫᱷᱟᱣ ᱠᱚ ᱫᱚᱦᱚᱮᱭᱟ।
train_santalimale_00587	wavs/train_santalimale_00587.wav	ᱚᱸᱲᱮᱹ ᱫᱚ ᱚᱲᱟᱹ: ᱦᱚᱲ, ᱯᱮᱲᱟᱹ ᱦᱚᱲ ᱟᱨ ᱟᱹᱛᱩ ᱨᱮᱱ ᱠᱩᱲᱤ ᱦᱚᱯᱚᱱ ᱠᱚ ᱵᱚᱦᱚ: ᱟᱨ ᱡᱟᱝᱜᱟ ᱨᱮ ᱥᱟᱥᱟᱝ ᱫᱟ: ᱛᱮ ᱠᱚ ᱟᱨᱩᱯ ᱮᱭᱟ।
train_santalimale_00588	wavs/train_santalimale_00588.wav	ᱥᱟᱨᱟ ᱫᱮᱡᱚ: ᱦᱚᱲ ᱫᱚ ᱦᱟᱴᱟ: ᱦᱮᱨᱢᱮᱫᱼᱟ ᱠᱟᱛᱮ ᱵᱟᱝ ᱵᱟᱲᱟᱹ ᱮᱨ ᱟᱹᱪᱩᱨᱟ, ᱟᱨ ᱯᱩᱱᱭᱟ ᱠᱚᱴᱷᱮ ᱨᱮ ᱪᱩᱨᱩᱡᱟ।
train_santalimale_00589	wavs/train_santalimale_00589.wav	ᱚᱸᱰᱮ ᱠᱷᱚᱱ ᱟᱨᱦᱚᱸ ᱜᱚᱭᱚᱡᱼᱟ ᱦᱚᱲᱫᱚ ᱠᱚ ᱜᱚᱜᱮᱭᱟ।
train_santalimale_00590	wavs/train_santalimale_00590.wav	ᱠᱩᱞᱦᱤ ᱢᱩᱪᱟᱛ ᱠᱷᱚᱱᱜᱮ ᱠᱩᱲᱤ ᱦᱚᱯᱚᱱ ᱫᱚ ᱠᱚ ᱨᱩᱣᱟᱹᱲ ᱠᱚᱣᱟ।
train_santalimale_00591	wavs/train_santalimale_00591.wav	ᱟᱹᱛᱩ ᱦᱚᱲ ᱩᱛᱛᱚᱨ ᱫᱚᱠᱷᱤᱱ ᱢᱤᱫᱼᱟ ᱴᱟᱝ ᱥᱟᱨᱟ ᱠᱚ ᱵᱮᱱᱟᱣᱟ।
train_santalimale_00592	wavs/train_santalimale_00592.wav	ᱥᱟᱨᱟ ᱵᱮᱱᱟᱣ ᱞᱟᱜᱤᱫᱼᱟ ᱵᱟᱨᱭᱟ ᱴᱷᱩᱞᱟ ᱠᱚ ᱫᱚᱦᱚᱭᱟ, ᱚᱱᱟ ᱪᱮᱛᱟᱱ ᱠᱟᱴᱷ ᱠᱚ ᱫᱚᱦᱚᱭᱟ।
train_santalimale_00593	wavs/train_santalimale_00593.wav	ᱠᱟᱴᱷ ᱟᱞᱚ ᱩᱞᱴᱟ: ᱞᱟᱹᱜᱤᱫᱼᱟ ᱯᱩᱱᱭᱟ ᱠᱚ ᱴᱮᱥᱟ ᱵᱤᱫᱟ ᱚᱱᱟ ᱫᱚ ᱫᱷᱚᱨᱲᱮᱹ ᱠᱷᱩᱱᱴᱤ ᱠᱚ ᱢᱮᱛᱟᱷ ᱟ।
train_santalimale_00594	wavs/train_santalimale_00594.wav	ᱟᱨ ᱢᱤᱫᱼᱟ ᱢᱟᱫᱼᱟ ᱰᱟᱝ, ᱥᱟᱨᱟ ᱰᱟᱝ ᱠᱚ ᱵᱮᱱᱟᱣᱟ।
train_santalimale_00595	wavs/train_santalimale_00595.wav	ᱥᱟᱨᱟ ᱵᱮᱱᱟᱣ ᱠᱟᱛᱮ ᱜᱚᱡᱼᱟ ᱦᱚᱲ ᱫᱚ ᱯᱟᱨᱠᱚᱢ ᱨᱮ ᱛᱩᱞ ᱠᱟᱛᱮ ᱥᱟᱨᱟ ᱨᱮᱱᱟ: ᱯᱩᱱ ᱫᱷᱟᱨᱮ ᱨᱮ ᱞᱮᱸᱜᱟ ᱠᱷᱚᱱ ᱡᱚᱡᱚᱢ ᱥᱟᱦᱟ ᱛᱮ ᱯᱮ ᱫᱷᱟᱣ ᱠᱚ ᱟᱹᱪᱩᱨ ᱮᱭᱟ।
train_santalimale_00596	wavs/train_santalimale_00596.wav	ᱟᱨ ᱩᱛᱛᱚᱨ ᱯᱟᱦᱴᱟ ᱠᱷᱚᱱ ᱠᱚ ᱞᱟᱫᱮᱮᱭᱟ ᱥᱟᱨᱟ ᱛᱮ।
train_santalimale_00597	wavs/train_santalimale_00597.wav	ᱚᱲᱟᱹ: ᱦᱚᱲ ᱥᱟᱨᱟ ᱨᱮ ᱫᱮᱡᱼᱟ ᱠᱟᱛᱮ ᱠᱚ ᱨᱟᱠᱟᱵᱼᱟᱮᱭᱟ।
train_santalimale_00598	wavs/train_santalimale_00598.wav	ᱦᱚᱲᱢᱚ ᱠᱷᱚᱱ ᱥᱟᱱᱟᱢ ᱞᱩᱜᱲᱤ ᱠᱚ ᱚᱪᱚᱜᱟ, ᱪᱮᱫᱼᱟ ᱦᱚ ᱦᱚᱨᱚᱷ ᱥᱟᱢᱟᱱ ᱵᱟᱝ ᱛᱟᱸᱦᱮᱸᱱᱟ।
train_santalimale_00599	wavs/train_santalimale_00599.wav	ᱞᱟᱡᱟᱣ ᱮᱥᱮᱫᱼᱟ ᱞᱮᱠᱟ ᱢᱤᱫᱼᱟ ᱴᱟᱝ ᱵᱚᱥᱛᱚᱨ ᱛᱮ ᱠᱟᱤᱪ ᱠᱚ ᱯᱚᱴᱚᱢ ᱠᱚᱣᱟ।
train_santalimale_00600	wavs/train_santalimale_00600.wav	ᱚᱲᱟᱹ: ᱦᱚᱲ ᱫᱚ ᱜᱚᱭᱚᱡᱼᱟ ᱦᱚᱲᱢᱚ ᱠᱚᱲᱟᱹᱢ ᱨᱮ ᱠᱟᱴᱷ ᱨᱮᱱᱟ: ᱥᱟᱨᱟ ᱮ ᱵᱮᱱᱟᱣᱟ।
train_santalimale_00601	wavs/train_santalimale_00601.wav	ᱱᱚᱣᱟ ᱥᱟᱨᱟ ᱫᱚ ᱪᱚᱱᱫᱚᱱ ᱵᱟᱝᱠᱷᱟᱱ ᱱᱤᱢ ᱠᱟᱰᱮᱡᱼᱟ ᱛᱮ ᱠᱚ ᱵᱮᱱᱟᱣᱟ।
train_santalimale_00602	wavs/train_santalimale_00602.wav	ᱟᱨ ᱚᱸᱲᱮᱹ ᱢᱤᱫᱼᱟᱴᱟᱝ ᱢᱤᱫᱼᱟᱴᱟᱠᱟ ᱯᱩᱤᱥᱟ ᱠᱚ ᱫᱚᱦᱚᱭᱟ।
train_santalimale_00603	wavs/train_santalimale_00603.wav	ᱢᱚᱪᱟ ᱠᱷᱚᱱ ᱥᱟᱨᱟ ᱦᱟᱹᱵᱤᱡᱼᱟ ᱢᱤᱫᱼᱟ ᱴᱟᱝ ᱥᱩᱞᱛᱟ ᱠᱚ ᱮᱢᱟᱭᱟ।
train_santalimale_00604	wavs/train_santalimale_00604.wav	ᱟᱹᱛᱩ ᱦᱚᱲ, ᱯᱮᱲᱟᱹ ᱦᱚᱲᱠᱚ ᱦᱚᱸ ᱠᱟᱴᱷ ᱠᱚ ᱮᱢᱟᱭᱟ।
train_santalimale_00605	wavs/train_santalimale_00605.wav	ᱚᱡᱷᱟ ᱦᱟᱲᱟᱹᱢ ᱫᱚ ᱥᱟᱨᱟ ᱠᱷᱩᱱᱴᱤ ᱨᱮ, ᱥᱤᱢ ᱵᱩᱥᱟ ᱫᱚ ᱠᱟᱲᱮᱹᱡᱼᱟ ᱛᱮ ᱦᱚᱴᱚᱨ ᱜᱚᱪᱠᱟᱛᱮ, ᱫᱚᱦᱚᱭᱮᱭᱟᱭ।
train_santalimale_00606	wavs/train_santalimale_00606.wav	ᱚᱱᱟ ᱛᱟᱭᱚᱢ ᱟᱲᱟᱹ: ᱨᱮᱱ ᱡᱟᱦᱟᱸᱭ ᱦᱚᱲ ᱜᱮ ᱵᱚᱲ ᱥᱮᱸᱜᱮᱞ ᱛᱮ ᱥᱩᱞᱛᱟ ᱞᱟᱜᱟᱣ ᱠᱟᱛᱮ ᱢᱚᱪᱟ ᱨᱮᱭ ᱥᱮᱸᱜᱮᱞ ᱟᱭᱟ।
train_santalimale_00607	wavs/train_santalimale_00607.wav	ᱚᱱᱟ ᱛᱟᱭᱚᱢ ᱵᱚᱦᱚ ᱯᱟᱦᱴᱟ ᱠᱷᱚᱱ ᱵᱩᱥᱩᱵᱼᱟ ᱛᱮ ᱥᱟᱨᱟ ᱨᱮ ᱥᱮᱸᱜᱮᱞ ᱠᱚ ᱫᱷᱚᱨᱟᱣᱟ, ᱜᱚᱭᱚᱡᱼᱟ ᱢᱚᱲᱟᱹ ᱫᱚ ᱞᱚᱷ ᱟ।
train_santalimale_00608	wavs/train_santalimale_00608.wav	ᱚᱠᱟ ᱚᱠᱟ ᱡᱚᱦᱚ: ᱡᱩᱫᱤ ᱡᱟᱸᱦᱟᱭ ᱜᱚᱭᱚᱡᱼᱟ ᱦᱚᱲᱢᱚ: ᱟ, ᱢᱤᱫᱼᱟᱴᱟᱝ ᱛᱤ ᱥᱮ ᱡᱟᱝᱜᱟ ᱨᱟᱠᱟᱵᱼᱟ ᱞᱮᱱᱠᱷᱟᱱ, ᱡᱟᱦᱟᱱ ᱡᱤᱵ ᱜᱮ ᱥᱟᱨᱟ ᱨᱮᱠᱚ ᱠᱷᱚᱡᱚ ᱮᱭᱟ।
train_santalimale_00609	wavs/train_santalimale_00609.wav	ᱦᱟᱯᱲᱟᱹᱢ ᱠᱚ ᱢᱮᱱᱟ ᱩᱱ ᱫᱚ ᱜᱟᱛᱮᱭ ᱧᱟᱢ ᱠᱟᱱᱟ, ᱚᱱᱟᱛᱮ ᱢᱤᱫᱼᱟᱴᱟᱝ ᱥᱚᱥᱨᱚᱡᱼᱟ ᱵᱟᱝᱠᱷᱟᱱ ᱨᱚᱴᱮ ᱠᱚ ᱞᱮᱜᱫᱟ ᱠᱷᱟᱸᱡᱚ ᱠᱚᱣᱟ।
train_santalimale_00610	wavs/train_santalimale_00610.wav	ᱜᱚᱭᱚᱡᱼᱟ ᱦᱚᱲᱢᱚ ᱞᱚ: ᱪᱟᱵᱟ ᱞᱮᱱᱠᱷᱟᱱ, ᱵᱚᱦᱚ ᱨᱮᱱᱟ: ᱡᱟᱝ ᱠᱷᱚᱱ ᱯᱮᱭᱟ ᱯᱚᱤᱥᱟ ᱞᱮᱠᱟ ᱡᱟᱝ ᱵᱟᱦᱟ ᱠᱚ ᱵᱮᱱᱟᱣᱟ।
train_santalimale_00611	wavs/train_santalimale_00611.wav	ᱚᱱᱟ ᱫᱚ ᱥᱟᱥᱟᱝ ᱫᱟ: ᱛᱮ ᱠᱚ ᱟᱨᱩᱣᱟ, ᱚᱱᱟ ᱯᱮᱭᱟ ᱡᱟᱝ ᱵᱟᱦᱟ ᱫᱚ ᱪᱩᱠᱟ ᱨᱮ ᱠᱚ ᱥᱟᱸᱵᱟᱣᱟ।
train_santalimale_00612	wavs/train_santalimale_00612.wav	ᱯᱮᱱᱮ ᱛᱟᱞᱟᱨᱮ ᱠᱷᱟᱲᱟᱹᱝ ᱪᱟᱨᱮᱡᱼᱟ ᱠᱚ ᱫᱚᱦᱚᱭ ᱚᱱᱟ ᱛᱮ ᱫᱚ ᱥᱚᱦᱚᱫᱼᱟ ᱚᱲᱚ ᱠᱚ: ᱟ ᱢᱮᱱᱛᱮ ᱠᱚ ᱢᱮᱱᱟ:।
train_santalimale_00613	wavs/train_santalimale_00613.wav	ᱪᱩᱠᱟ: ᱫᱚ ᱠᱷᱟᱯᱨᱟ ᱛᱮ ᱠᱚ ᱮᱥᱮᱫᱟ।
train_santalimale_00614	wavs/train_santalimale_00614.wav	ᱟᱨ ᱪᱩᱠᱟ: ᱫᱚ ᱦᱚᱞᱚᱝ ᱟᱨ ᱥᱟᱥᱟᱝ ᱜᱩᱸᱰᱟ ᱢᱤᱫᱼᱟ ᱴᱷᱮᱱ ᱠᱟᱛᱮ ᱜᱚᱴᱟ ᱯᱟᱲᱟᱹ ᱠᱚ ᱤᱞᱟᱹᱛ ᱮᱥᱮᱫᱟ।
train_santalimale_00615	wavs/train_santalimale_00615.wav	ᱟᱨ ᱡᱟᱦᱟᱸᱱ ᱫᱟᱨᱮ ᱵᱩᱴᱟᱹ ᱨᱮ ᱠᱚ ᱵᱟᱭ ᱠᱟ: ᱟ, ᱜᱚᱡᱼᱟ ᱦᱚᱲᱢᱚ ᱞᱚ ᱪᱟᱵᱟ ᱞᱮᱱᱠᱷᱟᱱ ᱟᱹᱛᱩ ᱦᱚᱲᱫᱚ ᱦᱟᱴᱟ: ᱛᱮ, ᱯᱩᱱᱫᱷᱟᱨᱮ ᱫᱟ ᱠᱚ ᱤᱨᱪᱤ ᱭᱟ: ᱟ, ᱯᱮ ᱦᱚᱲᱛᱮ।
train_santalimale_00616	wavs/train_santalimale_00616.wav	ᱦᱟᱥᱟ ᱠᱚ ᱢᱟᱜᱟ: ᱟ, ᱯᱮ ᱦᱚᱲᱛᱮ, ᱤᱫᱤᱭᱟᱠᱟᱱ ᱵᱟᱸᱜᱟ ᱵᱟᱲᱟᱹ ᱠᱚ ᱦᱚ ᱯᱩᱱᱫᱷᱟᱨᱮ ᱨᱮ ᱠᱚ ᱪᱩᱨᱩᱡᱟ।
train_santalimale_00617	wavs/train_santalimale_00617.wav	ᱱᱚᱣᱟ ᱠᱚ ᱠᱟᱹᱢᱤ ᱡᱚᱦᱚ ᱫᱚ ᱞᱮᱸᱜᱟ ᱠᱷᱚᱱ ᱡᱚᱡᱚᱢ ᱯᱟᱦᱴᱟ ᱥᱮᱫᱼᱟ ᱛᱮ ᱠᱚ ᱟᱹᱪᱩᱨᱚᱷ ᱟ।
train_santalimale_00618	wavs/train_santalimale_00618.wav	ᱢᱩᱪᱟᱫᱼᱟ ᱨᱮ ᱫᱚ ᱦᱟᱴᱟ: ᱫᱚ ᱠᱩᱲᱤᱛᱮ ᱢᱟᱷ ᱵᱷᱩᱜᱟ: ᱠᱟᱛᱮ ᱠᱚ ᱛᱚᱯᱟ ᱠᱟ: ᱟ।
train_santalimale_00619	wavs/train_santalimale_00619.wav	ᱡᱟᱝ ᱵᱟᱦᱟ ᱫᱚ ᱡᱟᱦᱟᱸᱱ ᱫᱟᱨᱮ ᱵᱩᱴᱟᱹ ᱨᱮ ᱠᱚ ᱛᱚᱯᱚᱭᱟ, ᱚᱸᱰᱮ ᱯᱮᱫᱷᱟᱣ ᱠᱚ ᱢᱟᱜᱟ: ᱟ।
train_santalimale_00620	wavs/train_santalimale_00620.wav	ᱟᱨ ᱫᱟᱨᱮ ᱜᱮ ᱥᱟᱠᱷᱤ ᱮ ᱛᱟᱸᱦᱮᱸᱱᱟ।
train_santalimale_00621	wavs/train_santalimale_00621.wav	ᱟᱨ ᱡᱟᱦᱟᱸ ᱛᱤᱥ ᱡᱟᱝ ᱵᱟᱦᱟ ᱫᱚ ᱡᱷᱟᱞ ᱦᱚᱨ ᱪᱟᱞᱟᱷ ᱡᱚᱠᱷᱚᱱ ᱠᱚ ᱤᱫᱤᱭᱟ, ᱤᱱᱟ ᱦᱤᱞᱚ: ᱦᱚᱸ ᱯᱮᱫᱷᱟᱣ ᱢᱟ: ᱠᱟᱛᱮ ᱜᱮ ᱠᱚ ᱛᱟᱲᱮᱹᱡᱟ।
train_santalimale_00622	wavs/train_santalimale_00622.wav	ᱟᱹᱛᱩ ᱦᱚᱲᱠᱚ ᱫᱚ ᱩᱢ ᱵᱟᱲᱟᱹ ᱠᱟᱛᱮ ᱚᱲᱟᱹ: ᱛᱮᱠᱚ ᱨᱩᱣᱟᱹᱲᱟᱹ।
train_santalimale_00623	wavs/train_santalimale_00623.wav	ᱠᱩᱞᱦᱤ ᱢᱩᱪᱟᱫᱼᱟ ᱨᱮ ᱟᱨ ᱦᱚᱸ ᱮᱴᱟ: ᱠᱟᱹᱢᱤ ᱞᱟᱹᱜᱤᱫᱼᱟ ᱠᱚ ᱜᱟᱞ ᱢᱟᱨᱟᱣᱟ।
train_santalimale_00624	wavs/train_santalimale_00624.wav	ᱠᱩᱞᱦᱤ ᱵᱚᱞᱚᱱ ᱡᱚᱦᱚᱷ ᱫᱚ ᱰᱷᱩᱸᱰᱷᱠᱟᱫᱼᱟ ᱥᱮᱸᱜᱮᱞ ᱨᱮ ᱥᱩᱱᱩᱢ ᱮᱢ, ᱫᱷᱩᱸᱣᱟᱹ ᱛᱮ ᱠᱚ ᱫᱷᱩᱸᱣᱟᱹ ᱟ।
train_santalimale_00625	wavs/train_santalimale_00625.wav	ᱜᱚᱭᱚᱡᱼᱟ ᱦᱚᱲ ᱵᱟᱠᱷᱨᱟ ᱚᱲᱟᱹ ᱠᱷᱚᱱ ᱥᱟᱦᱟᱱ ᱤᱫᱤ ᱜᱟᱲᱤ ᱫᱚ ᱠᱩᱞᱦᱤ ᱢᱩᱪᱟᱫᱼᱟ ᱨᱮ ᱢᱤᱫᱼᱟ ᱴᱟᱝ ᱪᱟᱠᱟ ᱚᱪᱚ ᱠᱟᱛᱮ ᱠᱚ ᱫᱚᱦᱚ ᱠᱟ: ᱟ, ᱟᱨ ᱟᱭᱩᱵᱼᱟ ᱫᱚ ᱚᱲᱟᱹᱷ ᱛᱮᱠᱚ ᱚᱨ ᱤᱫᱤᱭᱟ ᱟᱫᱷᱟᱱ ᱦᱚᱲ ᱫᱚ ᱠᱚ ᱛᱚᱯᱟ ᱠᱚᱣᱟ।
train_santalimale_00626	wavs/train_santalimale_00626.wav	ᱡᱟᱦᱟᱸᱭ ᱦᱚᱲᱠᱚ ᱛᱚᱯᱟ ᱠᱚᱣᱟ, ᱩᱱᱠᱩᱣᱟ ᱡᱟᱝ ᱵᱟᱦᱟ ᱫᱚ ᱯᱩᱤᱥᱟ ᱨᱮᱱᱟ: ᱠᱚ ᱵᱮᱱᱟᱣᱟ।
train_santalimale_00627	wavs/train_santalimale_00627.wav	ᱯᱚᱤᱥᱟ ᱫᱚ ᱥᱮᱸᱜᱮᱞ ᱛᱮᱠᱚ ᱨᱟᱯᱟ: ᱡᱚᱝᱜᱟ।
train_santalimale_00628	wavs/train_santalimale_00628.wav	ᱟᱨ ᱪᱩᱠᱟ ᱨᱮ ᱥᱟᱸᱵᱟᱣ ᱠᱟᱛᱮ ᱠᱚ ᱛᱚᱯᱟᱭᱟ।
train_santalimale_00629	wavs/train_santalimale_00629.wav	ᱱᱚᱣᱟ ᱨᱟᱯᱟ: ᱥᱮ ᱛᱚᱯᱟ ᱠᱟᱹᱢᱤ ᱫᱚ ᱜᱚ: ᱥᱟᱦᱟᱱ ᱠᱟᱹᱢᱤ ᱠᱚ ᱢᱮᱛᱟ: ᱟ।
train_santalimale_00630	wavs/train_santalimale_00630.wav	ᱱᱚᱣᱟ ᱛᱟᱭᱚᱢ ᱠᱟᱹᱢᱤ ᱫᱚ ᱠᱟᱱᱟ ᱛᱮᱞ ᱱᱟᱦᱟᱱ ᱟᱨ ᱚᱱᱟᱛᱟᱭᱚᱢ ᱩᱢᱩᱞ ᱟᱹᱫᱮᱨ ᱠᱟᱹᱢᱤ ᱫᱚ ᱦᱩᱭᱩ: ᱟ।
train_santalimale_00631	wavs/train_santalimale_00631.wav	ᱢᱟᱱᱣᱟᱠᱚᱣᱟᱷ ᱵᱟᱝ ᱧᱮᱞᱚᱷ ᱨᱩᱯ ᱠᱟᱱᱟ ᱡᱤᱣᱚᱱ।
train_santalimale_00632	wavs/train_santalimale_00632.wav	ᱡᱤᱣᱚᱱ ᱫᱚ ᱡᱟᱸᱦᱟᱱ ᱡᱤᱱᱤᱥ ᱨᱮ ᱴᱮᱠᱟᱣ ᱠᱟᱛᱮ ᱛᱟᱸᱦᱮᱸᱱᱟ।
train_santalimale_00633	wavs/train_santalimale_00633.wav	ᱮᱱᱠᱷᱟᱱ ᱜᱮ ᱚᱱᱟ ᱡᱤᱣᱤᱭᱟᱱ ᱨᱩᱯ ᱮ ᱧᱟᱢᱟ, ᱡᱤᱣᱤ ᱵᱟᱝ ᱛᱟᱸᱦᱮᱱ ᱠᱷᱟᱱ ᱚᱱᱟ ᱫᱚ ᱵᱮᱡᱤᱣᱤᱭᱟᱱ ᱨᱩᱯ ᱮ ᱧᱟᱢᱟ, ᱡᱤᱣᱤ ᱡᱚᱠᱷᱚᱱ ᱡᱟᱦᱟᱱ ᱡᱤᱱᱤᱥ ᱨᱮ ᱴᱮᱠᱟᱣ ᱵᱟᱝ ᱛᱟᱸᱦᱮᱸᱱᱟ ᱩᱱᱵᱷᱩᱨ ᱩᱱᱟ ᱡᱤᱣᱤ ᱥᱮ ᱟᱛᱢᱟ ᱥᱮ ᱩᱢᱩᱞ ᱫᱚ ᱚᱴᱟᱝ ᱵᱟᱲᱟᱹ ᱟ।
train_santalimale_00634	wavs/train_santalimale_00634.wav	ᱥᱟᱱᱛᱟᱲ ᱥᱟᱸᱣᱛᱟ ᱨᱮ ᱚᱱᱟᱛᱮ, ᱜᱚᱡᱼᱟ ᱟᱠᱟᱱ ᱦᱚᱲᱟᱹ: ᱡᱤᱣᱤ ᱟᱛᱢᱟ ᱫᱚ ᱢᱤᱫᱼᱟ ᱩᱢᱩᱞ ᱨᱩᱯ ᱛᱮ ᱵᱷᱤᱛᱟᱹᱨ ᱛᱮᱵᱚᱱ ᱟᱹᱫᱮᱨᱟ, ᱚᱱᱟᱜᱮ ᱩᱢᱩᱞ ᱟᱹᱫᱮᱨ ᱫᱚᱠᱚ ᱢᱮᱛᱟ: ᱟ।
train_santalimale_00635	wavs/train_santalimale_00635.wav	ᱛᱮᱞ ᱱᱟᱦᱟᱱ ᱠᱟᱹᱢᱤ ᱫᱚ ᱜᱚᱭᱚᱡᱼᱟ ᱚᱲᱟᱹᱷ ᱨᱮᱱᱟᱷ ᱫᱚᱥᱟᱨ ᱠᱟᱹᱢᱤ ᱠᱟᱱᱟ।
train_santalimale_00636	wavs/train_santalimale_00636.wav	ᱚᱠᱚᱭ ᱫᱚ ᱥᱟᱸᱜᱮ ᱛᱮ, ᱚᱠᱚᱭ ᱫᱚ ᱯᱮ ᱢᱟᱦᱟ, ᱟᱨ ᱚᱠᱚᱭ ᱫᱚ ᱢᱚᱸᱲᱮᱹ ᱢᱟᱦᱟ ᱨᱮ ᱯᱟᱞᱚᱱ ᱠᱟᱛᱮ ᱠᱚ ᱠᱟᱹᱢᱤᱭᱟ, ᱛᱮᱞ ᱱᱟᱦᱚᱱ ᱦᱤᱞᱚᱷ ᱫᱚ ᱟᱹᱛᱩ ᱢᱟᱸᱡᱷᱤ ᱢᱚᱲᱮᱹ ᱦᱚᱲ ᱡᱟᱣᱨᱟ ᱠᱟᱛᱮ ᱩᱢ ᱪᱟᱞᱟ ᱨᱮᱱᱟᱷ ᱥᱟᱡ ᱠᱚ ᱥᱟᱡᱟᱷ ᱟ।
train_santalimale_00637	wavs/train_santalimale_00637.wav	ᱥᱟᱢᱟᱱ ᱠᱚ ᱫᱚ ᱥᱟᱨᱡᱚᱢ ᱥᱟᱠᱟᱢ, ᱥᱟᱨᱡᱚᱢ ᱫᱟᱹᱛᱟᱹᱱᱤ, ᱠᱟᱲᱮᱹ, ᱱᱟᱹᱲᱠᱟ ᱦᱟᱥᱟ, ᱥᱩᱱᱩᱢ।
train_santalimale_00638	wavs/train_santalimale_00638.wav	ᱱᱚᱣᱟ ᱠᱚ ᱥᱟᱵᱼᱟᱠᱟᱛᱮ ᱠᱚᱲᱟᱹ ᱠᱚ ᱫᱚ ᱠᱚᱲᱟᱹ ᱜᱷᱟᱴ ᱟᱨ ᱠᱩᱲᱤ ᱠᱚ ᱫᱚ ᱠᱩᱲᱤ ᱜᱷᱟᱴ ᱛᱮ ᱩᱢᱩ: ᱠᱚ ᱪᱟᱞᱟ: ᱟ।
train_santalimale_00639	wavs/train_santalimale_00639.wav	ᱚᱲᱟᱹ: ᱨᱮᱱ ᱱᱟᱭᱠᱮ ᱟᱦᱟᱨ ᱜᱷᱟᱴ ᱨᱮ ᱫᱟᱹᱛᱟᱹᱱᱤ ᱟᱨ ᱠᱟᱲᱮᱹ ᱮ ᱟᱸᱲᱜᱚᱭᱟ।
train_santalimale_00640	wavs/train_santalimale_00640.wav	ᱡᱮᱛᱮᱠᱷᱚᱱ ᱢᱟᱲᱟᱹᱝ ᱫᱚ ᱢᱤᱫᱼᱟ ᱴᱟᱝ ᱥᱟᱨᱡᱚᱢ ᱥᱟᱠᱟᱢ ᱫᱚᱠᱷᱤᱱ ᱥᱮᱫᱼᱟ ᱵᱷᱤᱴᱣᱟ ᱠᱟᱛᱮ ᱫᱚᱦᱚᱭᱟᱭ ᱡᱚᱡᱚᱢ ᱛᱤ ᱛᱮ।
train_santalimale_00641	wavs/train_santalimale_00641.wav	ᱚᱱᱟ ᱛᱟᱭᱚᱢ ᱠᱟᱲᱮᱹ ᱟᱨ ᱱᱟᱹᱲᱠᱟ ᱦᱟᱥᱟ ᱢᱤᱫᱼᱟᱴᱷᱮᱱ ᱠᱟᱛᱮ ᱱᱚᱣᱟ ᱥᱟᱠᱟᱢ ᱪᱮᱛᱟᱱ ᱨᱮᱭ ᱫᱚᱦᱚᱭᱟᱭ।
train_santalimale_00642	wavs/train_santalimale_00642.wav	ᱟᱨ ᱞᱮᱸᱜᱟ ᱛᱤ ᱛᱮ ᱫᱟ: ᱮ ᱛᱚᱨᱯᱤ ᱟᱹᱪᱩᱨᱟ, ᱚᱱᱟ ᱛᱟᱭᱚᱢ ᱠᱟᱲᱮᱹ ᱮ ᱟᱸᱲᱜᱚᱭᱟ।
train_santalimale_00643	wavs/train_santalimale_00643.wav	ᱡᱮᱛᱮ ᱠᱷᱚᱱ ᱢᱟᱲᱟᱹᱝ ᱫᱚ ᱢᱟᱨᱟᱝ ᱵᱩᱨᱩ ᱧᱩᱛᱩᱢ ᱛᱮ ᱫᱟᱹᱛᱟᱹᱱᱤ ᱟᱨ ᱠᱟᱲᱮᱹ ᱮ ᱟᱸᱲᱜᱚᱭᱟ ᱡᱚᱡᱚᱢ ᱛᱤ ᱛᱮ।
train_santalimale_00644	wavs/train_santalimale_00644.wav	ᱚᱱᱟᱛᱟᱭᱚᱢ ᱞᱮᱸᱜᱟ ᱛᱤ ᱛᱮ ᱫᱩ ᱱᱚᱢᱵᱚᱨ ᱥᱟᱠᱟᱢ ᱨᱮᱱᱟ: ᱠᱟᱲᱮᱹ ᱮ ᱟᱸᱲᱜᱚᱭᱟ, ᱱᱚᱣᱟ ᱫᱚ ᱜᱚᱭᱚᱡᱼᱟ ᱦᱚᱲ ᱧᱩᱛᱩᱢ ᱛᱮ, ᱚᱱᱟ ᱛᱟᱭᱚᱢ ᱵᱟᱫ ᱵᱟᱠᱤᱭᱟ ᱫᱚ ᱦᱟᱯᱲᱟᱹᱢᱠᱚ ᱧᱩᱛᱩᱢ ᱛᱮ ᱠᱟᱸᱲᱮᱹ ᱟᱸᱲᱜᱚᱭᱟ।
train_santalimale_00645	wavs/train_santalimale_00645.wav	ᱠᱟᱸᱲᱮᱹ ᱟᱸᱰᱜᱚ ᱡᱚᱦᱚ ᱫᱚ ᱟᱹᱛᱩ ᱦᱚᱲᱠᱚ ᱵᱟᱸᱠᱷᱮᱲᱟᱹ।
train_santalimale_00646	wavs/train_santalimale_00646.wav	ᱵᱟᱸᱠᱷᱮᱲ ᱢᱩᱪᱟᱫᱼᱟ ᱠᱟᱛᱮ ᱱᱟᱭᱠᱮ ᱫᱚ ᱡᱟᱦᱟᱸᱞᱮᱠᱟᱭ ᱫᱚᱦᱚ ᱞᱮᱫᱟ ᱚᱱᱠᱟᱜᱮ ᱚᱱᱟᱫᱚ ᱥᱟᱵᱼᱟ ᱤᱫᱤᱭᱟᱭ ᱟᱨ ᱥᱟᱵᱼᱟᱢᱤᱫᱼᱟ ᱠᱟᱛᱮ ᱪᱤᱨᱟ ᱠᱟᱛᱮ ᱟᱦᱟᱨ ᱫᱟ: ᱨᱮᱭ ᱛᱚᱯᱟ: ᱠᱟ: ᱟ।
train_santalimale_00647	wavs/train_santalimale_00647.wav	ᱥᱟᱱᱟᱢ ᱦᱚᱲ ᱩᱢ ᱵᱟᱲᱟᱹᱠᱟᱛᱮ ᱛᱟᱭᱚᱢ ᱫᱚ ᱚᱲᱟᱹ: ᱛᱮ ᱠᱚ ᱪᱟᱞᱟ: ᱟ।
train_santalimale_00648	wavs/train_santalimale_00648.wav	ᱠᱩᱞᱦᱤ ᱢᱩᱪᱟᱫᱼᱟ ᱨᱮ ᱜᱟᱞ ᱢᱟᱨᱟᱣ ᱟᱠᱚ ᱮᱴᱟ: ᱠᱟᱹᱢᱤ ᱠᱚ ᱞᱟᱹᱜᱤᱫᱼᱟ ᱱᱚᱣᱟ ᱛᱟᱭᱚᱢ ᱫᱚ ᱩᱢᱩᱞ ᱟᱹᱫᱮᱨ ᱠᱟᱹᱢᱤ ᱠᱚ ᱮᱭᱦᱚᱵᱼᱟ ᱟ।
train_santalimale_00649	wavs/train_santalimale_00649.wav	ᱛᱮᱞ ᱱᱟᱦᱟᱱ ᱩᱢ ᱠᱷᱚᱱ ᱨᱩᱣᱟᱹᱲ ᱠᱟᱛᱮ, ᱟᱛᱩ ᱢᱟᱸᱡᱷᱤ ᱦᱚᱲᱠᱚ ᱫᱚ ᱢᱤᱫᱼᱟ ᱴᱟᱝ ᱥᱤᱢᱠᱚ ᱜᱚᱡᱮᱭᱟ।
train_santalimale_00650	wavs/train_santalimale_00650.wav	ᱥᱤᱢᱟᱷ ᱡᱚᱡᱚᱢ ᱡᱟᱝᱜᱟ ᱟᱨ ᱯᱷᱟᱸᱠᱲᱟᱹ ᱫᱚ ᱠᱟᱰᱮᱡᱼᱟ ᱨᱮ ᱠᱚ ᱛᱚᱞᱟ।
train_santalimale_00651	wavs/train_santalimale_00651.wav	ᱥᱤᱢ ᱵᱩᱥᱟᱜᱟ: ᱡᱤᱞ ᱫᱚ ᱵᱤᱱᱟ ᱥᱩᱱᱩᱢ ᱥᱟᱥᱟᱝ ᱛᱮᱠᱚ ᱩᱛᱩᱭᱟ, ᱟᱨ ᱯᱮ ᱪᱩᱯᱩᱫᱼᱟ ᱪᱟᱣᱞᱮ ᱠᱚ ᱫᱟᱠᱟᱭᱟ।
train_santalimale_00652	wavs/train_santalimale_00652.wav	ᱚᱱᱟ ᱩᱛᱩ ᱟᱨ ᱫᱟᱠᱟ ᱫᱚ ᱵᱟᱵᱟᱨ ᱯᱟᱛᱲᱟᱹ ᱟᱨ ᱵᱟᱵᱟᱨ ᱯᱷᱩᱰᱩ: ᱠᱚ ᱞᱩ ᱭᱟ।
train_santalimale_00653	wavs/train_santalimale_00653.wav	ᱯᱟᱛᱲᱟᱹ ᱫᱚ ᱯᱮ ᱠᱚᱸᱰ ᱵᱟᱝᱠᱷᱟᱱ ᱢᱚᱲᱮᱹ ᱠᱚᱲᱟᱹ: ᱠᱚ ᱵᱮᱱᱟᱣᱟ।
train_santalimale_00654	wavs/train_santalimale_00654.wav	ᱡᱩᱫᱤ ᱱᱤᱛᱚ ᱯᱮ ᱠᱚᱸᱰ ᱠᱚ ᱵᱮᱱᱟᱣᱟ।
train_santalimale_00655	wavs/train_santalimale_00655.wav	ᱮᱱᱠᱷᱟᱱ, ᱫᱷᱤᱱᱟᱝ ᱦᱚ ᱯᱮ ᱠᱚᱸᱰᱟ ᱜᱮ ᱞᱟᱹᱠᱛᱤ ᱟ।
train_santalimale_00656	wavs/train_santalimale_00656.wav	ᱡᱩᱫᱤ ᱢᱚᱲᱮᱹᱠᱚᱰ ᱮᱱᱠᱷᱟᱱ ᱵᱷᱟᱸᱰᱟᱱ ᱨᱮ ᱦᱚᱸ ᱢᱚᱲᱮᱹ ᱠᱚᱸᱰᱟᱷ ᱜᱮ ᱠᱚ ᱞᱟᱜᱟᱣᱟ।
train_santalimale_00657	wavs/train_santalimale_00657.wav	ᱚᱲᱟᱹ: ᱨᱮᱱ ᱱᱟᱭᱠᱮ ᱫᱚ ᱢᱤᱫᱼᱟ ᱴᱟᱝ ᱦᱟᱴᱟ: ᱨᱮ ᱵᱟᱨ ᱯᱟᱛᱲᱟᱹ ᱫᱟᱠᱟ, ᱵᱟᱨ ᱯᱷᱩᱰᱩ ᱡᱤᱞ ᱟᱨ ᱵᱟᱨ ᱯᱷᱩᱲᱩᱹ ᱫᱟ: ᱮ ᱥᱟᱸᱵᱟᱣᱟ, ᱚᱱᱟ ᱥᱟᱸᱣᱛᱮ ᱫᱚᱥ ᱴᱤ ᱜᱟᱱ ᱫᱟᱹᱛᱟᱹᱱᱤ, ᱜᱩᱨᱤᱡᱼᱟ, ᱟᱨ ᱵᱩᱥᱩᱯ ᱟᱨ ᱢᱟᱪᱤᱥ ᱮ ᱤᱫᱤ ᱛᱚᱨᱟᱭᱟ।
train_santalimale_00658	wavs/train_santalimale_00658.wav	ᱟᱨ ᱡᱟᱦᱟᱸ ᱤᱞ ᱟᱨ ᱠᱟᱴᱟᱠᱚ ᱛᱚᱞ ᱟᱠᱟᱫᱼᱟ ᱟ ᱚᱱᱟ ᱦᱚᱸᱠᱚ ᱤᱫᱤ ᱛᱚᱨᱟᱭᱟ।
train_santalimale_00659	wavs/train_santalimale_00659.wav	ᱱᱟᱭᱠᱮ ᱚᱱᱟᱠᱚ ᱦᱟᱴᱟ: ᱛᱮᱭ ᱦᱮᱨᱢᱮᱫᱼᱟ ᱟ ᱟᱨ ᱡᱚᱡᱚᱢ ᱛᱤ ᱛᱮ ᱞᱚᱴᱟ ᱫᱟ: ᱫᱚ ᱥᱟᱵᱼᱟ ᱤᱫᱤᱭᱟᱭ।
train_santalimale_00660	wavs/train_santalimale_00660.wav	ᱠᱩᱞᱦᱤ ᱠᱷᱚᱱ ᱚᱲᱚᱝ ᱡᱚᱦᱚ: ᱡᱟᱸᱦᱟ ᱨᱮ ᱮᱛᱚᱦᱚᱵᱼᱟ ᱠᱚ ᱫᱚᱦᱚ ᱞᱮᱫᱮᱭᱟ, ᱚᱸᱲᱮᱹᱜᱮ ᱱᱟᱭᱠᱮ ᱫᱚᱭ ᱪᱟᱞᱟ: ᱟ।
train_santalimale_00661	wavs/train_santalimale_00661.wav	ᱟᱹᱛᱩ ᱦᱚᱲ ᱫᱚ ᱥᱟᱛᱮ ᱥᱟᱹᱰᱤᱢ ᱵᱩᱥᱩᱯ ᱠᱚ ᱚᱨᱚᱵᱩᱡᱼᱟ ᱛᱚᱨᱟᱭᱟ।
train_santalimale_00662	wavs/train_santalimale_00662.wav	ᱚᱸᱲᱮᱹ ᱫᱟᱹᱛᱟᱹᱱᱤ ᱠᱷᱩᱱᱴᱤ ᱟᱨ ᱥᱮᱱᱮᱨ ᱵᱮᱱᱟᱣ ᱠᱟᱛᱮ ᱪᱷᱟᱢᱲᱟᱹ ᱞᱮᱠᱟ ᱚᱲᱟᱹ: ᱠᱚ ᱵᱮᱱᱟᱣᱟ।
train_santalimale_00663	wavs/train_santalimale_00663.wav	ᱚᱲᱟᱹ: ᱵᱮᱱᱟᱣ ᱠᱟᱛᱮ ᱚᱱᱟ ᱞᱟᱛᱟᱨ ᱨᱮ ᱫᱟᱠᱟ, ᱩᱛᱩ ᱟᱨ ᱫᱟ: ᱠᱚ ᱫᱚᱦᱚᱭᱟ ᱟᱨ ᱢᱤᱫᱼᱟ ᱵᱟᱨ ᱠᱚ ᱵᱟᱸᱠᱷᱮᱲᱟᱹ।
train_santalimale_00664	wavs/train_santalimale_00664.wav	ᱢᱤᱫᱼᱟ ᱯᱟᱛᱲᱟᱹ ᱫᱟᱠᱟ, ᱢᱤᱫᱼᱟ ᱯᱷᱩᱰᱩ: ᱡᱤᱞ, ᱟᱨ ᱢᱤᱫᱼᱟ ᱯᱷᱩᱰᱩ ᱫᱟ: ᱫᱚ ᱟᱨᱦᱚ ᱦᱟᱴᱟ: ᱨᱮ ᱫᱚᱦᱚᱠᱟᱛᱮ ᱚᱲᱟᱹ: ᱛᱮᱠᱚ ᱟᱹᱜᱩ ᱨᱩᱣᱟᱲᱟ।
train_santalimale_00665	wavs/train_santalimale_00665.wav	ᱚᱲᱟᱹ: ᱨᱩᱣᱟᱹᱲ ᱡᱚᱦᱚᱷ ᱚᱱᱟ ᱪᱷᱟᱢᱲᱟᱹ ᱚᱲᱟᱹᱷ ᱫᱚ ᱠᱚ ᱟᱛᱟᱨ ᱦᱚᱴᱚ ᱠᱟ: ᱟ।
train_santalimale_00666	wavs/train_santalimale_00666.wav	ᱟᱨ ᱠᱚ ᱵᱟᱸᱠᱷᱮᱲᱟᱹ ᱢᱟ ᱛᱚᱵᱮ ᱠᱷᱟᱱ ᱟᱢ ᱜᱚᱡᱼᱟ ᱟᱠᱟᱱ, ᱥᱚᱡᱼᱟ ᱟᱠᱟᱱ ᱵᱮᱨᱛᱮ ᱢᱮ, ᱚᱲᱟᱹᱷ ᱛᱟᱢ ᱟᱛᱟᱨᱚᱷ ᱠᱟᱱᱟ, ᱛᱤᱛᱨᱤ ᱞᱮᱠᱟ ᱜᱩᱸᱲᱨᱤ ᱞᱮᱠᱟ ᱟᱞᱮ ᱥᱟᱸᱣ ᱰᱩᱨᱭᱟᱣ ᱦᱤᱡᱩᱷ ᱢᱮᱸ।
train_santalimale_00667	wavs/train_santalimale_00667.wav	ᱵᱮᱱᱟᱣ ᱟᱠᱟᱱ ᱤᱞ ᱟᱨ ᱠᱟᱴᱟ ᱨᱮᱱᱟ: ᱠᱟᱰᱮᱡᱼᱟ ᱫᱚ ᱠᱚ ᱚᱨ ᱟᱜᱩᱭᱟ, ᱟᱨ ᱞᱚᱴᱟ ᱫᱟ: ᱠᱚ ᱪᱩᱨᱩᱡᱼᱟ ᱟᱜᱩᱭᱟ।
train_santalimale_00668	wavs/train_santalimale_00668.wav	ᱚᱲᱟᱹ: ᱥᱮᱴᱮᱨ ᱠᱟᱛᱮ ᱫᱚ ᱚᱱᱟ ᱫᱚ ᱵᱷᱤᱛᱟᱹᱨ ᱨᱮ ᱠᱚ ᱫᱚᱦᱚ ᱠᱟ ᱟ।
train_santalimale_00669	wavs/train_santalimale_00669.wav	ᱠᱟᱛᱷᱟᱭ ᱜᱚᱭᱚᱡᱼᱟ ᱦᱚᱲ ᱵᱷᱤᱛᱟᱹᱨ ᱛᱮ ᱟᱹᱜᱩ ᱠᱮᱫᱮᱭᱟ।
train_santalimale_00670	wavs/train_santalimale_00670.wav	ᱚᱱᱟ ᱛᱟᱭᱚᱢ ᱢᱚᱲᱮᱹ ᱦᱚᱲ ᱠᱚ ᱫᱚ ᱜᱚᱭᱚᱡᱼᱟ ᱟᱠᱟᱱ ᱨᱮᱱ ᱟᱥᱟᱢᱤ ᱠᱟᱨᱟᱢ ᱥᱟᱠᱟᱢ ᱨᱮ ᱫᱟᱠᱟ ᱠᱚ ᱡᱚᱢ ᱦᱚᱪᱚ ᱠᱤᱱᱟ।
train_santalimale_00671	wavs/train_santalimale_00671.wav	ᱩᱢᱩᱞ ᱟᱹᱫᱮᱨ ᱠᱟᱛᱮ ᱜᱚᱭᱚᱡᱼᱟ ᱟᱠᱟᱱ ᱟᱹᱛᱩ ᱦᱚᱲ ᱫᱚ ᱜᱚᱭᱚᱡᱼᱟ ᱟᱠᱟᱱ ᱚᱲᱟᱹ: ᱨᱮᱱ ᱢᱤᱫᱼᱟ ᱴᱟᱝ ᱠᱚᱲᱟᱹ ᱟᱨ ᱢᱤᱫᱼᱟ ᱴᱟᱝ ᱠᱩᱲᱤ ᱥᱟᱛᱮ ᱞᱟᱛᱟᱨ ᱨᱮ ᱠᱚ ᱫᱩᱰᱩᱵᱼᱟ ᱠᱤᱱᱟ, ᱪᱟᱸᱫᱚ ᱨᱟᱠᱟᱵᱼᱟ ᱥᱮᱫᱼᱟ ᱥᱟᱢᱟᱝ ᱠᱟᱛᱮ।
train_santalimale_00672	wavs/train_santalimale_00672.wav	ᱵᱮᱱᱟᱣ ᱟᱠᱟᱱ ᱩᱛᱩ ᱫᱟᱠᱟ ᱠᱟᱨᱟᱢ ᱥᱟᱠᱟᱢ ᱨᱮᱠᱚ ᱮᱢᱟ ᱠᱤᱱᱟ।
train_santalimale_00673	wavs/train_santalimale_00673.wav	ᱟᱹᱛᱩ ᱨᱮᱱ ᱡᱟᱦᱟᱸᱭ ᱢᱤᱫᱼᱟ ᱦᱚᱲ ᱜᱮ ᱢᱤᱫᱼᱟᱴᱟᱝ ᱯᱷᱩᱰᱩ ᱨᱮᱱᱟ: ᱫᱟᱷ, ᱤᱞ ᱛᱮ ᱯᱮᱫᱷᱟᱣ ᱵᱚᱦᱚᱨᱮ ᱡᱚᱴᱮᱫᱼᱟ ᱟ ᱠᱤᱱᱟᱹ।
train_santalimale_00674	wavs/train_santalimale_00674.wav	ᱫᱩᱲᱩᱵᱼᱟ ᱟᱠᱟᱫᱼᱟ ᱠᱤᱱ ᱠᱚᱲᱟᱹ ᱠᱩᱲᱤ ᱫᱚ ᱞᱮᱜᱟ ᱛᱤ ᱛᱮ ᱵᱚᱦᱚ: ᱪᱮᱛᱟᱱ ᱛᱮ ᱠᱤᱱ ᱞᱮᱜᱫᱟ ᱯᱟᱨᱚᱢᱟ।
train_santalimale_00675	wavs/train_santalimale_00675.wav	ᱟᱨ ᱠᱤᱱ ᱵᱮᱨᱮᱫᱼᱟ ᱟ, ᱟᱨ ᱦᱚ ᱛᱤ ᱠᱚ ᱟᱨᱩᱯᱠᱟᱛᱮ ᱚᱸᱰᱮ ᱜᱮ ᱟᱨ ᱦᱚᱸ ᱠᱤᱱ ᱫᱩᱰᱩᱵᱼᱟ ᱟ, ᱫᱩᱲᱩᱵᱼᱟ ᱞᱮᱱᱠᱷᱟᱱ ᱠᱤᱱ, ᱱᱤᱫᱼᱟ ᱫᱚ ᱥᱟᱨᱡᱚᱢ ᱥᱟᱠᱟᱢ ᱨᱮᱱᱟ: ᱯᱟᱛᱲᱟᱹ ᱨᱮ, ᱚᱱᱟ ᱫᱟᱠᱟ ᱩᱛᱩᱜᱮ ᱠᱚ ᱮᱢᱟ ᱠᱤᱱᱟ।
train_santalimale_00676	wavs/train_santalimale_00676.wav	ᱟᱨ ᱫᱟ: ᱤᱞ ᱫᱟ: ᱛᱮ ᱢᱟᱲᱟᱹᱝ ᱞᱮᱠᱟ ᱵᱚᱦᱚᱷ ᱨᱮ ᱡᱚᱴᱮᱫᱼᱟ ᱟᱠᱤᱱᱟ, ᱱᱚᱣᱟᱛᱮ ᱫᱚ ᱡᱟᱛ ᱮᱫ ᱠᱤᱱᱟ।
train_santalimale_00677	wavs/train_santalimale_00677.wav	ᱱᱚᱣᱟ ᱫᱚ ᱢᱤᱢᱤᱫᱼᱟ ᱥᱟᱠᱲᱤ ᱠᱤᱱ ᱡᱚᱢᱟ।
train_santalimale_00678	wavs/train_santalimale_00678.wav	ᱱᱚᱣᱟ ᱛᱟᱭᱚᱢ ᱢᱟᱸᱡᱷᱤ ᱢᱚᱲᱮᱹ ᱦᱚᱲ ᱯᱟᱦᱴᱟ ᱠᱷᱚᱱ ᱵᱟᱨ ᱡᱚᱲ ᱠᱚ ᱮᱢᱟ ᱠᱤᱱᱟ।
train_santalimale_00679	wavs/train_santalimale_00679.wav	ᱱᱚᱣᱟ ᱫᱚ ᱠᱚ ᱢᱮᱛᱟ: ᱟ ᱥᱟᱯᱷᱟᱭᱮᱫᱼᱟ ᱠᱤᱱᱟ।
train_santalimale_00680	wavs/train_santalimale_00680.wav	ᱱᱚᱣᱟ ᱛᱟᱭᱚᱢ ᱫᱚ ᱵᱚᱸᱜᱟ ᱰᱟᱠᱟᱣ ᱦᱩᱭᱩ: ᱟ।
train_santalimale_00681	wavs/train_santalimale_00681.wav	ᱜᱚᱭᱚᱡᱼᱟ ᱚᱲᱟᱹ: ᱨᱮ ᱨᱩᱢ ᱰᱟᱠᱟᱣ ᱞᱟᱹᱜᱤᱫᱼᱟ ᱵᱟᱨᱭᱟ ᱵᱚᱦᱚ: ᱟᱹᱪᱩᱨ ᱦᱚᱲᱠᱚ ᱧᱟᱢ ᱠᱤᱱᱟ।
train_santalimale_00682	wavs/train_santalimale_00682.wav	ᱚᱲᱟᱹ: ᱨᱮᱱ ᱱᱟᱭᱠᱮ ᱫᱚ ᱵᱟᱨᱭᱟ ᱦᱟᱴᱟ, ᱢᱤᱫᱼᱟ ᱯᱟᱤᱞᱟ ᱜᱟᱱ ᱟᱹᱫᱣᱟ ᱪᱟᱣᱞᱮ, ᱵᱟᱴᱤ ᱨᱮ ᱫᱟ: ᱡᱚᱢᱟ: ᱛᱟᱵᱮᱱ ᱠᱚ, ᱯᱷᱩᱲᱩᱹ ᱮᱢᱟᱱ ᱛᱮᱭᱟ ᱟᱜᱩᱭᱟᱭ।
train_santalimale_00683	wavs/train_santalimale_00683.wav	ᱵᱟᱦᱚᱷ ᱟᱹᱪᱩᱨ ᱠᱤᱱ ᱦᱚᱲ ᱫᱚ ᱜᱟᱢᱪᱷᱟ ᱨᱮ ᱪᱟᱸᱫᱚ ᱨᱟᱠᱟᱵᱼᱟ ᱥᱮᱫᱼᱟ ᱥᱟᱢᱟᱝ ᱠᱟᱛᱮ ᱫᱩᱰᱩᱵᱼᱟ ᱠᱤᱱᱟᱭ।
train_santalimale_00684	wavs/train_santalimale_00684.wav	ᱱᱟᱭᱠᱮ ᱫᱚ ᱟᱠᱤᱱ ᱥᱟᱢᱟᱝ ᱨᱮ ᱤᱠᱚᱰᱩᱢ ᱠᱟᱛᱮᱭ ᱫᱩᱰᱩᱯ ᱟ।
train_santalimale_00685	wavs/train_santalimale_00685.wav	ᱢᱟᱲᱟᱹᱝ ᱨᱮ ᱡᱟᱦᱟᱸᱭ ᱫᱩᱰᱩᱯ ᱟᱠᱟᱱ ᱵᱩᱰᱩᱵᱼᱟ ᱟᱠᱟᱱ ᱩᱱᱤ ᱢᱤᱫᱼᱟᱴᱟᱝ ᱦᱟᱴᱟ: ᱮ ᱮᱢᱟᱭᱟ, ᱟᱨ ᱚᱱᱟ ᱦᱟᱴᱟ: ᱨᱮ ᱜᱚᱲᱟᱹᱛᱮ, ᱟᱹᱫᱣᱟ ᱪᱟᱣᱞᱮ ᱯᱮ ᱪᱩᱯᱩᱫᱼᱟ ᱮ ᱮᱢᱟ।
train_santalimale_00686	wavs/train_santalimale_00686.wav	ᱚᱱᱠᱟᱜᱮ ᱫᱚᱥᱟᱨᱤᱡᱼᱟ ᱦᱚᱸ ᱦᱟᱴᱟ: ᱮ ᱮᱢᱮᱭᱟ।
train_santalimale_00687	wavs/train_santalimale_00687.wav	ᱩᱱᱤ ᱦᱚᱸ ᱟᱹᱫᱣᱟ ᱪᱟᱣᱞᱮ ᱯᱮ ᱪᱩᱯᱚᱫᱼᱟ ᱮ ᱮᱢᱟᱭᱟ।
train_santalimale_00688	wavs/train_santalimale_00688.wav	ᱵᱚᱸᱜᱟ ᱨᱩᱢᱩ: ᱠᱟᱱ ᱦᱚᱲ ᱫᱚ ᱪᱟᱣᱞᱮ ᱡᱟᱝ ᱦᱟᱴᱟ: ᱨᱮᱠᱤᱱ ᱵᱚᱸᱜᱟ ᱟᱹᱪᱩᱨᱟ ᱟᱨ ᱠᱤᱱ ᱜᱷᱟᱥᱟᱣᱟ।
train_santalimale_00689	wavs/train_santalimale_00689.wav	ᱮᱱ ᱠᱷᱟᱱ ᱨᱩᱢᱩ: ᱠᱟᱱ ᱦᱚᱲ ᱴᱷᱮᱱ ᱵᱚᱸᱜᱟ ᱠᱤᱱ ᱨᱟᱠᱟᱵᱼᱟ ᱟ।
train_santalimale_00690	wavs/train_santalimale_00690.wav	ᱢᱟᱲᱟᱹᱝ ᱨᱮ ᱫᱩᱰᱩᱵᱼᱟ ᱟᱠᱟᱱ ᱦᱚᱲ ᱫᱚ ᱢᱟᱨᱟᱝ ᱵᱩᱨᱩ ᱧᱩᱛᱩᱢᱚ: ᱟᱭ, ᱟᱨ ᱫᱚᱥᱟᱨᱤᱡᱼᱟ ᱫᱚ ᱜᱚᱭᱚᱡᱼᱟ ᱟᱠᱟᱱ ᱦᱚᱲᱮᱹ ᱧᱩᱛᱩᱢᱚ: ᱟ।
train_santalimale_00691	wavs/train_santalimale_00691.wav	ᱮᱱᱠᱷᱟᱱ ᱜᱮ ᱱᱟᱭᱠᱮ ᱫᱚ ᱵᱚᱦᱚᱨᱮ ᱪᱟᱯᱩᱧᱚ: ᱠᱟᱛᱮ ᱜᱚᱰ ᱟᱠᱤᱱᱟᱭ।
train_santalimale_00692	wavs/train_santalimale_00692.wav	ᱚᱲᱟᱹ: ᱨᱮᱱ ᱱᱟᱭᱠᱮ ᱫᱚ ᱢᱟᱲᱟᱹᱝ ᱛᱮ ᱫᱚ ᱜᱚᱭᱚᱡᱼᱟ ᱟᱠᱟᱱ ᱦᱚᱲᱟᱹᱷ ᱦᱟᱴᱟ ᱮ ᱥᱟᱦᱟᱭᱟ।
train_santalimale_00693	wavs/train_santalimale_00693.wav	ᱚᱱᱟ ᱛᱟᱭᱚᱢ ᱯᱷᱩᱰᱩ ᱨᱮ ᱫᱟ: ᱫᱩᱞ ᱠᱟᱛᱮ ᱟᱪᱟ: ᱮᱭᱟᱭ।
train_santalimale_00694	wavs/train_santalimale_00694.wav	ᱟᱪᱟ: ᱫᱟ: ᱫᱚ ᱢᱤᱫᱼᱟᱴᱟᱝ ᱵᱟᱴᱤ ᱨᱮᱭ ᱫᱚᱦᱚᱭᱟᱭ, ᱚᱡᱱᱟ ᱛᱟᱭᱚᱢ ᱡᱚᱢᱟ: ᱛᱟᱵᱮᱱ ᱠᱚᱭ ᱮᱢᱟᱭᱟ, ᱚᱲᱟᱹ ᱦᱚᱲᱟᱹ, ᱯᱮᱲᱟᱹ, ᱠᱚᱴᱷᱮᱱ ᱟᱭᱚᱡᱼᱟ ᱛᱮᱭ ᱞᱟᱤᱟᱭ, ᱚᱱᱠᱟ ᱞᱮᱠᱟ ᱱᱟᱭᱠᱮ ᱫᱚ ᱡᱚᱢᱟᱷ ᱮ ᱮᱢᱟᱭᱟ।
train_santalimale_00695	wavs/train_santalimale_00695.wav	ᱚᱱᱟ ᱛᱟᱭᱚᱢ ᱟᱪᱟ: ᱮᱭᱟᱭ।
train_santalimale_00696	wavs/train_santalimale_00696.wav	ᱟᱪᱟ: ᱠᱟᱛᱮ ᱫᱚ ᱟᱨ ᱦᱚᱸ ᱦᱟᱴᱟ: ᱮ ᱮᱢᱟᱭᱟ।
train_santalimale_00697	wavs/train_santalimale_00697.wav	ᱚᱱᱟ ᱛᱟᱭᱚᱢ ᱢᱟᱲᱟᱹᱝ ᱨᱮ ᱫᱩᱰᱩᱵᱼᱟ ᱟᱠᱟᱱ ᱦᱚᱲ ᱫᱚ ᱢᱟᱨᱟᱝ ᱵᱩᱨᱩ ᱧᱩᱛᱩᱢ ᱛᱮ ᱨᱩᱢ ᱟᱠᱟᱱᱟᱭ।
train_santalimale_00698	wavs/train_santalimale_00698.wav	ᱱᱟᱭᱠᱮ ᱫᱚ ᱩᱱᱤᱭᱟ: ᱦᱟᱴᱟ: ᱮ ᱥᱟᱦᱟᱭᱟ।
train_santalimale_00699	wavs/train_santalimale_00699.wav	ᱥᱟᱦᱟ ᱠᱟᱛᱮ ᱢᱤᱫᱼᱟ ᱯᱷᱩᱲ ᱫᱟ: ᱜᱮᱭ ᱮᱢᱟᱭᱟ।
train_santalimale_00700	wavs/train_santalimale_00700.wav	ᱩᱱᱡᱚᱦᱚ ᱵᱟᱸᱠᱷᱮᱲᱟᱹ: ᱠᱚ ᱱᱮ ᱜᱚᱸᱥᱟᱭ ᱟᱢ ᱫᱚ ᱢᱟᱨᱟᱝ ᱦᱚᱲ, ᱢᱟᱨᱟᱝ ᱠᱷᱟᱞᱟ ᱨᱮᱜᱮ।
train_santalimale_00701	wavs/train_santalimale_00701.wav	ᱮᱢᱟᱢ ᱠᱟᱱᱟ, ᱵᱟᱯ ᱩᱵᱼᱟ ᱟᱲᱮᱹ ᱞᱮᱫᱼᱟ ᱟ, ᱵᱟᱜ ᱮᱭᱥᱚᱫᱼᱟ ᱞᱮᱟ।
train_santalimale_00702	wavs/train_santalimale_00702.wav	ᱚᱱᱟ ᱛᱟᱭᱚᱢ ᱦᱟᱴᱟ ᱠᱚ ᱮᱢᱟᱭᱟ।
train_santalimale_00703	wavs/train_santalimale_00703.wav	ᱢᱟᱨᱟᱝ ᱵᱩᱨᱩ ᱫᱚ ᱵᱟᱝ ᱠᱚ ᱟᱪᱟᱷ ᱮᱭᱟ, ᱩᱱᱤ ᱫᱚ ᱟᱭᱚᱡᱼᱟ ᱛᱮᱜᱮ ᱟᱪᱟᱜᱚᱷ ᱟᱭ।
train_santalimale_00704	wavs/train_santalimale_00704.wav	ᱱᱚᱣᱟ ᱛᱟᱭᱚᱢ ᱱᱟᱭᱠᱮ ᱫᱚ ᱟᱨᱦᱚ ᱦᱟᱴᱟ: ᱨᱮᱱᱟ: ᱪᱟᱣᱞᱮ ᱡᱟᱝ ᱛᱤ ᱨᱮᱭ ᱮᱢᱟ ᱠᱤᱱᱟ।
train_santalimale_00705	wavs/train_santalimale_00705.wav	ᱮᱱᱠᱷᱟᱱ ᱨᱩᱢ ᱵᱚᱸᱜᱟ ᱠᱚ ᱢᱮᱛᱟ ᱠᱤᱱᱟ, ᱢᱟᱷ ᱜᱚᱸᱥᱟᱭ ᱥᱟᱫᱚᱢ ᱠᱚ ᱛᱚᱞᱠᱚ ᱵᱤᱱ, ᱡᱚᱢᱟᱷ ᱠᱚ ᱛᱟᱞᱮ ᱦᱚᱸ ᱠᱚᱢ ᱜᱮᱭᱟ।
train_santalimale_00706	wavs/train_santalimale_00706.wav	ᱮᱱᱠᱷᱟᱱ ᱩᱱᱚᱠᱤᱱ ᱨᱩᱢ ᱟᱠᱟᱱ ᱦᱚᱲ ᱫᱚ ᱟᱨ ᱦᱚ ᱪᱟᱣᱞᱮ ᱡᱟᱝ ᱛᱤᱨᱚᱢᱤᱫᱼᱟ ᱠᱟᱛᱮ ᱦᱤᱸᱥᱟ: ᱦᱟᱸ ᱢᱮᱱ ᱠᱟᱛᱮ ᱠᱤᱱ ᱥᱩᱢᱟᱱᱚᱷ ᱟ।
train_santalimale_00707	wavs/train_santalimale_00707.wav	ᱟᱨ ᱛᱟᱭᱚᱢ ᱛᱮ ᱟᱹᱛᱩ ᱦᱚᱲ ᱩᱱᱚᱠᱤᱱ ᱠᱚ ᱞᱟᱹᱤ ᱟᱠᱤᱱᱟ, ᱱᱟᱭᱠᱮ ᱫᱚ ᱚᱱᱟ ᱥᱟᱢᱟᱱ ᱠᱚ ᱵᱚᱸᱜᱟ ᱚᱲᱟᱹ: ᱛᱮᱭ ᱤᱫᱤᱭᱟ।
train_santalimale_00708	wavs/train_santalimale_00708.wav	ᱟᱢ ᱢᱟᱨᱟᱝ ᱦᱚᱲ, ᱟᱨ ᱟᱢ ᱜᱚᱭᱚᱡᱼᱟ ᱮᱱ ᱥᱚᱭᱚᱡᱼᱟ ᱮᱱ ᱵᱷᱤᱸᱫᱟᱹᱲ ᱦᱚᱲ।
train_santalimale_00709	wavs/train_santalimale_00709.wav	ᱛᱮᱦᱮᱧ ᱫᱚ ᱢᱟᱦᱞᱮ ᱦᱟᱴᱟ ᱨᱮ ᱟᱹᱫᱣᱟ ᱪᱟᱣᱞᱮ, ᱠᱷᱚᱫᱮ ᱪᱟᱣᱞᱮ, ᱪᱩᱨᱩᱡᱼᱟ ᱠᱟᱛᱮ ᱦᱟᱠᱟᱣ ᱮᱫᱼᱟᱵᱤᱱ, ᱰᱟᱠᱟᱣ ᱮᱫᱼᱟ ᱵᱤᱱ।
train_santalimale_00710	wavs/train_santalimale_00710.wav	ᱛᱚᱵᱮᱠᱷᱟᱱ ᱜᱚᱸᱥᱟᱭ ᱵᱤᱱᱫᱩᱜᱟᱹᱭ, ᱫᱷᱤᱱᱭᱟᱨᱤ ᱜᱟᱹᱭ, ᱧᱤᱨ ᱦᱤᱡᱩ, ᱦᱚᱥᱚᱨ ᱦᱤᱡᱩᱷ ᱵᱤᱱ।
train_santalimale_00711	wavs/train_santalimale_00711.wav	ᱛᱚᱵᱮᱠᱷᱚᱱ ᱜᱚᱸᱥᱟᱭ ᱟᱞᱚᱵᱤᱱ ᱠᱮᱴᱮᱡᱟ: ᱛᱟᱹᱵᱩᱡᱟ: ᱜᱚᱸᱥᱟᱭ।
train_santalimale_00712	wavs/train_santalimale_00712.wav	ᱡᱤᱞᱤᱧ ᱰᱟᱦᱟᱨ ᱨᱮ ᱫᱚ, ᱜᱚᱭᱚᱡᱼᱟ ᱦᱚᱲᱟᱹ: ᱡᱟᱝ ᱵᱟᱦᱟ ᱫᱚ ᱛᱩᱯᱩᱱᱜᱷᱟᱴ ᱨᱮ ᱛᱩᱯᱩᱱ ᱦᱩᱭᱩ: ᱟ।
train_santalimale_00713	wavs/train_santalimale_00713.wav	ᱡᱤᱞᱤᱧ ᱰᱟᱦᱟᱨ ᱫᱚ ᱡᱷᱟᱞ ᱦᱚᱨ ᱦᱚᱸ ᱠᱚ ᱢᱮᱛᱟ: ᱟ।
train_santalimale_00714	wavs/train_santalimale_00714.wav	ᱡᱤᱞᱤᱧ ᱰᱟᱦᱟᱨ ᱠᱟᱹᱢᱤ ᱨᱮ ᱫᱚ ᱢᱟᱸᱡᱷᱤ ᱢᱚᱲᱮᱹᱸ ᱦᱚᱲᱛᱮ ᱫᱤᱱ ᱠᱚ ᱱᱮᱰᱮᱭᱟ।
train_santalimale_00715	wavs/train_santalimale_00715.wav	ᱯᱮᱸᱲᱟᱹ, ᱯᱟᱸᱭᱲᱟᱹ ᱠᱚ ᱱᱮᱣᱛᱟ ᱠᱚᱣᱟ।
train_santalimale_00716	wavs/train_santalimale_00716.wav	ᱡᱤᱞᱤᱧ ᱰᱟᱦᱟᱨ ᱨᱮ ᱫᱚ ᱡᱮᱛᱮ ᱠᱷᱚᱱ ᱢᱟᱲᱟᱹᱸ ᱫᱚ ᱟᱹᱛᱩ ᱦᱚᱲᱠᱚ ᱦᱚᱦᱚ ᱟᱠᱚᱣᱟ।
train_santalimale_00717	wavs/train_santalimale_00717.wav	ᱟᱹᱛᱩ ᱢᱚᱲᱮᱹ ᱦᱚᱲ ᱡᱟᱣᱨᱟ ᱠᱟᱛᱮ ᱛᱷᱩᱤᱞᱟ ᱠᱚ ᱨᱚᱜᱟ।
train_santalimale_00718	wavs/train_santalimale_00718.wav	ᱛᱷᱩᱤᱞᱟ ᱫᱚ ᱵᱟᱨ ᱞᱮᱠᱟᱱᱟ ᱠᱚ ᱵᱮᱱᱟᱣᱟ, ᱢᱤᱫᱼᱟᱴᱟᱝ ᱫᱚ ᱡᱟᱝ ᱵᱟᱦᱟ ᱥᱟᱸᱵᱟᱣ, ᱫᱚᱥᱟᱨᱟ: ᱫᱚ ᱦᱚᱨᱛᱮ ᱪᱟᱞᱟᱷ ᱞᱟᱹᱜᱤᱫᱼᱟ ᱥᱟᱢᱟᱱ ᱟᱨ ᱵᱚᱸᱜᱟ ᱵᱩᱨᱩ ᱞᱟᱹᱜᱤᱫᱼᱟ ᱥᱟᱢᱟᱱᱠᱚ।
train_santalimale_00719	wavs/train_santalimale_00719.wav	ᱥᱟᱢᱟᱱ ᱠᱚ ᱫᱚ ᱪᱟᱣᱞᱮ, ᱛᱟᱵᱮᱱ, ᱜᱩᱲ, ᱫᱟᱹᱞ, ᱥᱩᱱᱩᱢ, ᱢᱚᱥᱞᱟ, ᱵᱩᱞᱩᱝ ᱚᱱᱟ ᱥᱟᱸᱣᱛᱮ, ᱜᱷᱟᱴ ᱨᱮ ᱵᱚᱸᱜᱟ ᱞᱟᱹᱜᱤᱫᱼᱟ ᱛᱮ ᱥᱟᱨᱡᱚᱢ ᱰᱟᱨ, ᱵᱟᱨ ᱯᱩᱴᱞᱤ ᱥᱤᱸᱫᱩᱨ, ᱵᱟᱨᱭᱟ ᱨᱚᱞ ᱡᱚ।
train_santalimale_00720	wavs/train_santalimale_00720.wav	ᱢᱤᱫᱼᱟ ᱯᱩᱴᱞᱤ ᱫᱚ ᱟᱹᱛᱩ ᱢᱩᱪᱟᱫᱼᱟᱨᱮ ᱵᱚᱞᱚᱱ ᱡᱚᱦᱚᱷ ᱠᱚ ᱵᱚᱸᱜᱟᱭᱟ।
train_santalimale_00721	wavs/train_santalimale_00721.wav	ᱱᱚᱣᱟ ᱠᱚ ᱥᱟᱸᱵᱟᱣ ᱵᱟᱲᱟᱹᱠᱟᱛᱮ ᱫᱚ ᱢᱟᱲᱟᱹᱝ ᱦᱤᱞᱚ: ᱞᱮᱠᱟ ᱨᱩᱢ ᱠᱤᱱᱟ ᱠᱚ, ᱧᱩᱛᱩᱢ ᱠᱚ ᱠᱩᱞᱤᱠᱤᱱᱟ, ᱟᱪᱟ: ᱮᱭᱟ ᱠᱚ, ᱡᱚᱢᱟᱠᱚ ᱮᱢᱟᱠᱤᱱᱟ।
train_santalimale_00722	wavs/train_santalimale_00722.wav	ᱱᱚᱣᱟ ᱛᱟᱭᱚᱢ ᱜᱚᱡᱼᱟ ᱦᱚᱲ ᱫᱟᱱ ᱞᱟᱹᱜᱤᱫᱼᱟ ᱞᱩᱜᱲᱤ, ᱛᱷᱟᱨᱤ, ᱵᱟᱴᱤ, ᱮᱢᱟᱱ ᱛᱮᱸᱭᱟ: ᱠᱚ ᱮᱢᱟᱠᱤᱱᱟ।
train_santalimale_00723	wavs/train_santalimale_00723.wav	ᱢᱟᱲᱟᱹᱝ ᱫᱚ ᱢᱟᱨᱟᱝ ᱵᱩᱨᱩ ᱮ ᱧᱮᱞᱟ ᱚᱱᱟ ᱛᱟᱭᱚᱢ ᱜᱚᱭᱚᱡᱼᱟ ᱦᱚᱲᱠᱚ ᱮᱢᱟᱭᱟ, ᱩᱱᱤ ᱧᱮᱞ ᱵᱟᱲᱟᱹ ᱠᱟᱛᱮ ᱱᱟᱭᱠᱮ ᱫᱚᱦᱚ ᱡᱟᱣᱨᱟᱭᱟᱭ।
train_santalimale_00724	wavs/train_santalimale_00724.wav	ᱚᱱᱟ ᱠᱚ ᱫᱚ ᱟᱹᱛᱩ ᱢᱚᱲᱮᱹ ᱦᱚᱲ ᱞᱮᱠᱷᱟ ᱠᱟᱛᱮ ᱠᱚ ᱥᱟᱸᱵᱟᱣᱟ।
train_santalimale_00725	wavs/train_santalimale_00725.wav	ᱦᱟᱴᱟ: ᱨᱮ ᱡᱟᱦᱟᱸ ᱪᱟᱣᱞᱮ ᱡᱟᱝ ᱮᱢ ᱟᱠᱟᱱ ᱚᱱᱟ ᱫᱚ ᱛᱩᱯᱩᱱᱜᱷᱟᱴ ᱠᱚ ᱤᱫᱤ ᱛᱚᱨᱟᱭᱟ, ᱟᱨ ᱜᱷᱟᱴ ᱠᱷᱚᱱ ᱨᱩᱣᱟᱹᱲ ᱦᱤᱡᱩᱷ ᱡᱚᱠᱷᱚᱱ ᱠᱩᱞᱦᱤ ᱢᱩᱪᱟᱛ ᱨᱮᱠᱚ ᱮᱨ ᱦᱚᱴᱚ ᱠᱟ: ᱟ, ᱟᱨ ᱩᱱᱡᱚᱦᱚ: ᱯᱮ ᱫᱷᱟᱣ ᱦᱚᱨᱤ ᱵᱚᱞ ᱠᱚ ᱢᱮᱱᱟ।
train_santalimale_00726	wavs/train_santalimale_00726.wav	ᱚᱲᱟᱹ ᱨᱮᱱ ᱱᱟᱭᱠᱮ ᱫᱚ ᱯᱮᱭᱟ ᱥᱤᱢ ᱵᱷᱤᱛᱟᱹᱨ ᱨᱮᱭ ᱵᱚᱸᱜᱟ ᱠᱚᱣᱟᱭ।
train_santalimale_00727	wavs/train_santalimale_00727.wav	ᱦᱮᱲᱟᱹ: ᱥᱤᱢ ᱜᱚᱭᱚᱡᱼᱟ ᱟᱠᱟᱱ ᱦᱚᱲ ᱧᱩᱛᱩᱢᱛᱮ, ᱯᱩᱸᱰ ᱥᱤᱢ ᱫᱚ ᱢᱟᱨᱟᱝ ᱵᱩᱨᱩ ᱧᱩᱛᱩᱢ ᱛᱮ ᱟᱨ ᱟᱨᱟ: ᱥᱤᱢ ᱫᱚ ᱦᱟᱯᱲᱟᱹᱢ ᱠᱚ ᱧᱩᱛᱩᱢᱛᱮ ᱯᱟᱛᱲᱟᱹᱨᱮᱭ ᱵᱚᱸᱜᱟᱭᱟᱭ।
train_santalimale_00728	wavs/train_santalimale_00728.wav	ᱟᱨ ᱢᱚᱲᱮᱹ ᱯᱷᱩᱰᱩ: ᱦᱚᱸᱰᱤ ᱮ ᱪᱚᱰᱚᱨᱟ: ᱯᱩᱸᱰ ᱥᱟᱲᱤᱭᱟ: ᱤᱱᱵᱚᱨᱚ ᱫᱚ ᱡᱟᱝ ᱵᱟᱦᱟ ᱥᱟᱸᱣ ᱠᱚ ᱤᱫᱤ ᱛᱚᱨᱟᱭᱟ ᱟᱨ ᱚᱱᱟ ᱫᱚ ᱡᱟᱝ ᱵᱟᱦᱟ ᱛᱷᱩᱞᱤ ᱨᱮᱜᱮ ᱠᱚ ᱥᱟᱸᱵᱟᱣᱟ।
train_santalimale_00729	wavs/train_santalimale_00729.wav	ᱯᱮᱱᱮ ᱥᱤᱢ ᱡᱤᱞ ᱯᱮ ᱴᱷᱮᱱ ᱠᱚ ᱩᱛᱩᱭᱟ।
train_santalimale_00730	wavs/train_santalimale_00730.wav	ᱟᱨ ᱱᱩᱠᱩᱣᱟᱷ ᱩᱛᱩ ᱟᱨ ᱯᱮ ᱥᱮᱨᱦᱟ ᱪᱟᱣᱞᱮ ᱫᱟᱠᱟ ᱵᱮᱱᱟᱣ ᱠᱟᱛᱮ ᱠᱚ ᱵᱚᱸᱜᱟᱭᱟ।
train_santalimale_00731	wavs/train_santalimale_00731.wav	ᱟᱨ ᱵᱷᱟᱭᱟᱫ ᱠᱚ ᱵᱷᱤᱛᱟᱹᱨ ᱨᱮᱜᱮ ᱠᱚ ᱡᱚᱢᱟ, ᱢᱚᱲᱮᱹ ᱯᱟᱛᱲᱟᱹ ᱫᱚ।
train_santalimale_00732	wavs/train_santalimale_00732.wav	ᱯᱮᱲᱟᱹ ᱯᱟᱸᱭᱲᱟᱹ ᱠᱚ ᱫᱟᱠᱟ ᱡᱚᱢᱟ।
train_santalimale_00733	wavs/train_santalimale_00733.wav	ᱚᱱᱟ ᱛᱟᱭᱚᱢ ᱡᱤᱞᱤᱧ ᱦᱚᱨ ᱪᱟᱞᱟ: ᱠᱚ ᱥᱟᱯᱲᱟᱹ: ᱟ।
train_santalimale_00734	wavs/train_santalimale_00734.wav	ᱡᱤᱞᱤᱧ ᱦᱚᱨ ᱪᱟᱞᱟᱜᱮᱡᱼᱟ ᱦᱚᱲ ᱫᱚ ᱚᱲᱟᱹ: ᱵᱷᱤᱛᱨᱤ ᱨᱮ ᱱᱟᱣᱟ ᱞᱩᱜᱲᱤ, ᱛᱮ ᱫᱷᱩᱛᱤ, ᱱᱟᱠᱤᱡᱼᱟ ᱥᱩᱱᱩᱢᱚ: ᱟᱭ ᱟᱨ ᱵᱟᱦᱟ ᱢᱟᱞᱟᱭ ᱦᱚᱨᱚᱜᱟ।
train_santalimale_00735	wavs/train_santalimale_00735.wav	ᱟᱨ ᱠᱩᱞᱦᱤ ᱢᱩᱪᱟᱫᱼᱟ ᱮ ᱪᱟᱞᱟ: ᱟ, ᱚᱲᱟᱹ: ᱦᱚᱲ ᱥᱟᱸᱣ ᱚᱸᱰᱮ ᱫᱚ ᱫᱚᱦᱚ ᱟᱠᱟᱱ ᱡᱟᱝ ᱵᱟᱦᱟ ᱠᱚ ᱟᱜᱩᱭᱟ ᱟᱨ ᱛᱤᱨᱤᱞ ᱲᱟᱹᱨ ᱨᱮᱱᱟ: ᱪᱟᱸᱜᱟ ᱠᱚ ᱵᱮᱱᱟᱣᱟ ᱟᱨ ᱢᱤᱫᱼᱟᱴᱟᱝ ᱛᱤᱨᱤᱞ ᱦᱟᱯᱟ ᱠᱚ ᱵᱮᱱᱟᱣᱟ।
train_santalimale_00736	wavs/train_santalimale_00736.wav	ᱡᱟᱸᱰ ᱵᱟᱦᱟ ᱫᱚ ᱱᱟᱣᱟ ᱜᱟᱢᱪᱷᱟ ᱨᱮ ᱠᱚ ᱟᱨᱩᱵᱟ, ᱢᱟᱲᱟᱹᱝ ᱫᱚ ᱦᱟᱸᱰᱤ ᱫᱟ: ᱛᱮ ᱚᱱᱟ ᱛᱟᱭᱚᱢ ᱛᱮ ᱥᱟᱥᱟᱝ ᱫᱟ: ᱛᱮ ᱠᱚ ᱟᱨᱩᱵᱼᱟ ᱥᱟᱯᱷᱟᱭᱟ ᱟᱨ ᱛᱷᱩᱤᱞᱟ ᱨᱮ ᱠᱚ ᱥᱟᱸᱵᱟᱣᱟ।
train_santalimale_00737	wavs/train_santalimale_00737.wav	ᱪᱩᱠᱟᱹ ᱫᱚ ᱛᱤᱨᱤᱞ ᱪᱟᱸᱜᱟ ᱪᱮᱛᱟᱱ ᱨᱮ ᱫᱚᱦᱚ ᱠᱟᱛᱮ, ᱛᱤᱨᱤᱞ ᱦᱟᱯᱟ ᱯᱮᱫᱷᱟᱣ ᱞᱮᱸᱜᱟ ᱛᱤ ᱛᱮ ᱚᱨ ᱟᱹᱪᱩᱨ ᱠᱟᱛᱮ, ᱞᱮᱸᱜᱟ ᱛᱤ ᱛᱮ ᱫᱟᱞ ᱠᱟᱛᱮ ᱜᱮ, ᱥᱚᱡᱷᱮ ᱢᱟᱲᱟᱹᱝ ᱥᱮᱫᱼᱟ ᱠᱚ ᱪᱟᱞᱟ: ᱟ।
train_santalimale_00738	wavs/train_santalimale_00738.wav	ᱪᱟᱞᱟᱷ ᱦᱚᱲ ᱫᱚ ᱪᱟᱞᱟ: ᱟᱠᱚ, ᱟᱨ ᱧᱮᱞᱜᱚ: ᱦᱚᱲᱠᱚ ᱫᱚ ᱚᱲᱟᱹ: ᱛᱮᱠᱚ ᱨᱩᱣᱟᱹᱲᱟᱹ।
train_santalimale_00739	wavs/train_santalimale_00739.wav	ᱱᱚᱣᱟ ᱡᱟᱝ ᱵᱟᱦᱟ ᱫᱚ ᱦᱚᱴᱚ ᱨᱮᱠᱚ ᱫᱚᱦᱚ ᱠᱟ: ᱟ।
train_santalimale_00740	wavs/train_santalimale_00740.wav	ᱚᱠᱟ ᱨᱮᱦᱚᱸ ᱵᱟᱝ ᱠᱚ ᱫᱚᱦᱚᱭᱟ।
train_santalimale_00741	wavs/train_santalimale_00741.wav	ᱡᱟᱦᱟᱸᱱᱟ ᱡᱚᱢ ᱧᱩ ᱥᱟᱱᱟ ᱠᱚ ᱠᱷᱟᱱ ᱱᱚᱣᱟ ᱨᱮᱫᱚ ᱫᱟ: ᱠᱟᱭᱚᱡᱼᱟ ᱠᱚ ᱤᱨᱪᱤᱭᱟ: ᱟ।
train_santalimale_00742	wavs/train_santalimale_00742.wav	ᱟᱹᱛᱩ ᱦᱚᱲ ᱠᱚ ᱫᱚ ᱪᱩᱠᱟ: ᱦᱟᱲᱤ ᱵᱟᱱᱟᱨ ᱛᱤ ᱛᱮ ᱥᱟᱵᱼᱟᱠᱟᱛᱮ ᱢᱤᱫᱼᱟᱫᱷᱟᱣ ᱛᱮᱠᱚ ᱵᱚᱸᱜᱟᱭᱟ, ᱞᱮᱸᱜᱟ ᱛᱤ ᱛᱮᱭᱟ ᱫᱚ ᱡᱚᱡᱚᱢ ᱫᱷᱟᱨᱮ ᱟᱨ ᱡᱚᱡᱚᱢ ᱛᱤ ᱨᱮᱭᱟᱷ ᱫᱚ ᱞᱮᱸᱜᱟᱫᱷᱟᱨᱮ ᱠᱚ ᱵᱚᱸᱜᱟᱭᱟ।
train_santalimale_00743	wavs/train_santalimale_00743.wav	ᱟᱨ ᱢᱟᱨᱟᱝ ᱵᱩᱨᱩ ᱟᱨ ᱜᱚᱭᱚᱡᱼᱟ ᱦᱚᱲ ᱧᱩᱛᱩᱢ ᱛᱮ।
train_santalimale_00744	wavs/train_santalimale_00744.wav	ᱚᱱᱟᱠᱚ ᱧᱩ ᱵᱟᱲᱟᱹ ᱠᱟᱛᱮ ᱚᱲᱟᱹ: ᱠᱚ ᱪᱟᱞᱟ: ᱟ।
train_santalimale_00745	wavs/train_santalimale_00745.wav	ᱛᱩᱯᱩᱱ ᱜᱷᱟᱴ ᱨᱮ: ᱠᱟᱹᱢᱤ ᱦᱚᱨᱟ: ᱡᱤᱞᱤᱧ ᱰᱟᱦᱟᱨ ᱪᱟᱞᱟᱣ ᱟᱠᱟᱱ ᱦᱚᱲ ᱫᱚ ᱜᱟᱲᱟᱹ ᱫᱷᱟᱨᱮ ᱨᱮ ᱢᱤᱫᱼᱟᱴᱷᱮᱱ ᱥᱟᱯᱷᱟ ᱥᱟᱯᱷᱤ ᱠᱟᱛᱮ ᱥᱟᱨᱡᱚᱢ ᱲᱟᱹᱨ ᱮ ᱵᱤᱫᱼᱟ ᱟ।
train_santalimale_00746	wavs/train_santalimale_00746.wav	ᱚᱱᱟ ᱥᱟᱨᱡᱚᱢ ᱲᱟᱹᱨ ᱥᱟᱢᱟᱝ ᱨᱮ ᱵᱟᱨᱭᱟ ᱦᱟᱥᱟ ᱨᱮᱱᱟᱷ ᱪᱩᱲᱟᱹ ᱮ ᱵᱮᱱᱟᱣᱟ, ᱢᱤᱫᱼᱟ ᱫᱚ ᱢᱟᱨᱟᱝ ᱵᱩᱨᱩ ᱧᱩᱛᱩᱢ ᱟᱨ ᱫᱚᱥᱟᱨᱟ: ᱫᱚ ᱜᱚᱭᱚᱡᱼᱟᱦᱚᱲ ᱧᱩᱛᱩᱢ।
train_santalimale_00747	wavs/train_santalimale_00747.wav	ᱜᱚᱭᱚᱡᱼᱟ ᱦᱚᱲ ᱧᱩᱛᱩᱢ ᱛᱮ ᱵᱮᱱᱟᱣ ᱟᱠᱟᱱ ᱪᱩᱲᱟᱹ ᱪᱮᱛᱟᱱ ᱨᱮ ᱡᱟᱝ ᱵᱟᱦᱟ, ᱥᱟᱸᱣᱛᱮ ᱢᱮᱱᱟᱷ ᱤᱱᱵᱚᱨᱚ ᱨᱚᱞ ᱟᱨ ᱯᱩᱤᱥᱟ ᱠᱚ ᱫᱚᱦᱚᱭᱟ।
train_santalimale_00748	wavs/train_santalimale_00748.wav	ᱱᱟᱭᱠᱮ ᱫᱚ ᱵᱚᱸᱜᱟ ᱵᱩᱨᱩ ᱢᱟᱲᱟᱹᱝ ᱵᱚᱦᱚ ᱮ ᱦᱚᱭᱚ: ᱟ, ᱟᱨ ᱚᱠᱚᱭ ᱫᱚ ᱵᱷᱟᱸᱰᱟᱱ ᱡᱚᱦᱚᱷ ᱠᱚ ᱦᱚᱭᱚ: ᱟ।
train_santalimale_00749	wavs/train_santalimale_00749.wav	ᱵᱚᱸᱜᱟ ᱫᱩᱲᱩᱵᱼᱟ ᱠᱟᱛᱮ ᱤᱫᱤ ᱟᱠᱟᱫᱼᱟ ᱥᱤᱸᱫᱩᱨ ᱯᱚᱴᱞᱟ ᱨᱟᱲᱟᱹ ᱠᱟᱛᱮ ᱡᱟᱝ ᱵᱟᱦᱟ ᱮ ᱥᱤᱸᱫᱨᱟ: ᱟ।
train_santalimale_00750	wavs/train_santalimale_00750.wav	ᱢᱤᱫᱼᱟ ᱵᱟᱨ ᱮ ᱵᱟᱸᱠᱷᱮᱲᱟᱹ।
train_santalimale_00751	wavs/train_santalimale_00751.wav	ᱚᱱᱟ ᱛᱟᱭᱚᱢ ᱡᱟᱝ ᱵᱟᱦᱟ ᱟᱨ ᱪᱩᱲᱟᱹ ᱦᱟᱥᱟ ᱥᱟᱸᱣ ᱥᱮᱯᱮᱧ ᱤᱫᱤ ᱠᱟᱛᱮ ᱫᱟ: ᱨᱮ ᱵᱚᱦᱟᱣ ᱠᱟ: ᱟᱭ।
train_santalimale_00752	wavs/train_santalimale_00752.wav	ᱟᱨ ᱮ ᱩᱢ ᱨᱟᱠᱟᱵᱼᱟ ᱟ।
train_santalimale_00753	wavs/train_santalimale_00753.wav	ᱚᱲᱟᱹ: ᱨᱩᱣᱟᱹᱲ ᱦᱤᱡᱩᱷ ᱡᱚᱠᱷᱚᱱ ᱮᱴᱟ: ᱥᱤᱢᱟ ᱨᱮ ᱢᱤᱫᱼᱟᱴᱟᱝ ᱥᱤᱢ ᱮ ᱵᱚᱸᱜᱟ ᱮᱭᱟ।
train_santalimale_00754	wavs/train_santalimale_00754.wav	ᱥᱤᱢ ᱫᱚ ᱥᱤᱸᱫᱩᱨ ᱟᱭᱟᱭ, ᱪᱟᱣᱞᱮ ᱡᱟᱝ ᱮ ᱪᱩᱨᱩᱡᱼᱟ ᱟᱭᱟᱭ।
train_santalimale_00755	wavs/train_santalimale_00755.wav	ᱥᱤᱢ ᱫᱚ ᱦᱚᱴᱚ ᱢᱚᱪᱲᱟᱹᱣ ᱛᱮ ᱜᱷᱟᱹᱰᱤᱡᱼᱟ ᱮᱭᱟᱭ।
train_santalimale_00756	wavs/train_santalimale_00756.wav	ᱟᱨ ᱵᱚᱦᱚ: ᱫᱚ ᱵᱚᱸᱜᱟ ᱴᱷᱟᱸᱣ ᱨᱮᱜᱮ ᱵᱟᱜᱤᱭᱟ: ᱟᱭ ᱜᱟᱸᱰᱭᱟ ᱫᱚ ᱢᱩᱠᱟᱢ ᱟᱠᱟᱫᱼᱟ ᱴᱷᱮᱱ ᱠᱚ ᱡᱚᱢ ᱧᱩᱭᱟ।
train_santalimale_00757	wavs/train_santalimale_00757.wav	ᱡᱚᱢ ᱧᱩ ᱠᱟᱛᱮ ᱠᱩᱞᱦᱤ ᱵᱚᱞᱚᱱ ᱡᱚᱦᱚ ᱟᱹᱫᱣᱟ ᱪᱟᱞᱮ ᱥᱚᱸᱣᱛᱮ ᱢᱤᱫᱼᱟᱵᱟᱨ ᱯᱩᱤᱥᱟ ᱠᱚ ᱮᱨᱟ।
train_santalimale_00758	wavs/train_santalimale_00758.wav	ᱯᱮᱫᱷᱟᱣ ᱮᱨ ᱢᱮᱱᱡᱚᱦᱚ ᱯᱮᱫᱷᱟᱣ ᱦᱚᱨᱤᱵᱚᱞ ᱠᱚ ᱢᱮᱱᱟ ᱟᱨ ᱚᱱᱠᱟᱛᱮ ᱚᱲᱟᱹ: ᱠᱚ ᱵᱚᱞᱚᱱᱟ।
train_santalimale_00759	wavs/train_santalimale_00759.wav	ᱚᱱᱟ ᱛᱟᱭᱚᱢ ᱚᱲᱟᱹ: ᱨᱮᱱ ᱠᱩᱲᱤ ᱦᱚᱯᱚᱱ ᱟᱨ ᱟᱹᱛᱩ ᱨᱮᱱ ᱠᱩᱲᱤ ᱦᱚᱯᱚᱱ ᱡᱟᱝᱜᱟ ᱠᱚ ᱟᱨᱩᱯ ᱮᱭᱟ।
train_santalimale_00760	wavs/train_santalimale_00760.wav	ᱵᱷᱟᱸᱰᱟᱱ ᱩᱢ ᱫᱚ ᱜᱚᱭᱚᱡᱼᱟ ᱚᱲᱟᱹ: ᱨᱮᱭᱟᱷ ᱢᱩᱪᱟᱫᱼᱟ ᱠᱟᱹᱢᱤ ᱠᱟᱱᱟ।
train_santalimale_00761	wavs/train_santalimale_00761.wav	ᱱᱤᱴ ᱟᱠᱟᱱ ᱫᱤᱱ ᱨᱮ ᱟᱹᱛᱩ ᱦᱚᱲ, ᱵᱷᱟᱸᱰᱟᱱ ᱩᱢᱠᱚ ᱦᱚᱦᱚᱭᱟ! ᱡᱟᱣᱨᱟ ᱟᱠᱚ।
train_santalimale_00762	wavs/train_santalimale_00762.wav	ᱠᱟᱲᱮᱹ, ᱫᱟᱹᱛᱟᱹᱱᱤ, ᱥᱟᱨᱡᱚᱢ ᱥᱟᱠᱟᱢ, ᱥᱩᱱᱩᱢ ᱠᱚ ᱥᱟᱵᱼᱟ ᱠᱟᱛᱮ ᱟᱦᱟᱨ ᱠᱚ ᱪᱟᱞᱟ: ᱟ।
train_santalimale_00763	wavs/train_santalimale_00763.wav	ᱛᱮᱞ ᱱᱟᱦᱟᱱ, ᱩᱢ ᱮᱱ ᱞᱮᱠᱟᱜᱮ ᱱᱚᱸᱰᱮ ᱦᱚ ᱠᱟᱹᱢᱤ ᱦᱩᱭᱩ: ᱟ।
train_santalimale_00764	wavs/train_santalimale_00764.wav	ᱱᱟᱭᱠᱮ ᱦᱚᱲ ᱫᱚ ᱵᱚᱦᱚ ᱩᱵᱼᱟ ᱦᱚᱭᱚ: ᱟᱭ।
train_santalimale_00765	wavs/train_santalimale_00765.wav	ᱟᱭᱚ ᱵᱟᱵᱟ ᱵᱷᱤᱛᱨᱤ ᱨᱮ ᱡᱟᱦᱟᱸᱭ ᱢᱤᱫᱼᱟ ᱦᱚᱲ ᱡᱤᱣᱤᱛᱚᱠᱤᱱ ᱛᱟᱸᱦᱮᱸᱱᱟ, ᱮᱱᱠᱷᱟᱱ ᱩᱯ ᱵᱟᱝᱠᱚ ᱦᱚᱭᱚ ᱪᱟᱵᱟᱭᱟ।
train_santalimale_00766	wavs/train_santalimale_00766.wav	ᱱᱟᱭᱠᱮ ᱫᱚ ᱱᱟᱭᱠᱮ ᱜᱷᱟᱴ ᱨᱮ ᱥᱟᱯᱷᱟ ᱠᱟᱛᱮ ᱥᱟᱠᱟᱢ ᱫᱚ ᱡᱚᱡᱚᱢ ᱠᱷᱚᱱ ᱞᱮᱸᱜᱟ ᱥᱮᱫᱼᱟ ᱮ ᱫᱚᱦᱚ ᱤᱫᱤᱭᱟ।
train_santalimale_00767	wavs/train_santalimale_00767.wav	ᱚᱱᱟ ᱪᱮᱛᱟᱱ ᱨᱮ ᱫᱟᱹᱛᱟᱹᱱᱤ ᱟᱨ ᱠᱟᱲᱮᱹ ᱮᱢᱟᱭ।
train_santalimale_00768	wavs/train_santalimale_00768.wav	ᱮᱠ ᱱᱚᱢᱵᱚᱨ ᱨᱮᱱᱟ: ᱫᱚ ᱢᱟᱨᱟᱝ ᱵᱩᱨᱩ ᱧᱚᱛᱩᱢ ᱛᱮ ᱡᱚᱡᱚᱢ ᱛᱤ ᱛᱮ ᱠᱟᱲᱮᱹ ᱮ ᱟᱸᱲᱜᱚᱭᱟ।
train_santalimale_00769	wavs/train_santalimale_00769.wav	ᱟᱨ ᱮᱴᱟᱜᱟ: ᱠᱚ ᱫᱚ ᱞᱮᱸᱜᱟ ᱛᱤ ᱛᱮᱭ ᱟᱸᱲᱜᱚᱭᱟᱭ।
train_santalimale_00770	wavs/train_santalimale_00770.wav	ᱩᱱᱡᱚᱦᱚᱷ ᱟᱹᱛᱩ ᱦᱚᱲ ᱠᱚ ᱵᱟᱠᱷᱮᱲᱟᱹ।
train_santalimale_00771	wavs/train_santalimale_00771.wav	ᱵᱟᱠᱷᱮᱲᱟᱹ ᱟᱢ ᱢᱟᱨᱟᱝ ᱦᱚᱲ ᱟᱨ ᱜᱚᱭᱚᱡᱼᱟ ᱮᱱ ᱥᱚᱭᱚᱡᱼᱟ ᱮᱱ ᱵᱷᱤᱸᱫᱟᱹᱲ ᱦᱚᱲ, ᱛᱮᱦᱮᱧ ᱫᱚ ᱵᱷᱟᱰᱟᱱ ᱧᱩᱛᱩᱢ ᱛᱮ ᱩᱢ ᱠᱟᱱ ᱱᱟᱹᱲᱠᱟ ᱠᱟᱱ ᱞᱩᱛᱩᱨ ᱯᱮᱨᱮᱡᱼᱟ ᱢᱟᱭᱟᱝ, ᱵᱚᱦᱚ ᱯᱮᱨᱮᱡᱼᱟ ᱛᱚᱨᱚᱡᱼᱟ ᱞᱮ ᱱᱟᱹᱲᱠᱟ ᱜᱤᱲᱤ ᱠᱟ ᱠᱟᱱᱟᱞᱮ, ᱵᱚᱸᱜᱟ ᱪᱟᱵᱟ ᱠᱟᱛᱮ ᱞᱮᱸᱜᱟ ᱛᱤ ᱛᱮ ᱫᱟ: ᱮ ᱪᱩᱨᱩᱡᱟ।
train_santalimale_00772	wavs/train_santalimale_00772.wav	ᱟᱨ ᱮ ᱜᱚᱰᱟ: ᱟ ᱟᱨ ᱫᱟ: ᱨᱮᱭ ᱟᱸᱲᱜᱚ ᱠᱟ ᱟ ᱩᱢ ᱥᱟᱯᱷᱟ ᱟᱭ।
train_santalimale_00773	wavs/train_santalimale_00773.wav	ᱯᱟᱞᱟᱴ ᱠᱚ ᱮᱢᱟᱠᱚᱣᱟ ᱚᱲᱟᱹ: ᱦᱚᱲᱠᱚ ᱦᱚᱸ।
train_santalimale_00774	wavs/train_santalimale_00774.wav	ᱟᱨ ᱯᱮ ᱫᱷᱟᱣ ᱦᱚᱨᱤᱵᱚᱞ ᱢᱮᱱᱠᱟᱛᱮ ᱟᱦᱟᱨ ᱠᱷᱚᱱ ᱠᱚ ᱨᱟᱠᱟᱵᱼᱟ ᱟ।
train_santalimale_00775	wavs/train_santalimale_00775.wav	ᱚᱲᱟᱹ: ᱛᱮᱠᱚ ᱦᱤᱡᱩᱷ ᱟ, ᱠᱩᱞᱦᱤ ᱢᱩᱪᱟᱫᱼᱟ ᱨᱮ ᱠᱚ ᱜᱟᱯᱟᱞ ᱢᱟᱨᱟᱣ ᱟ।
train_santalimale_00776	wavs/train_santalimale_00776.wav	ᱠᱩᱞᱦᱤ ᱨᱮ ᱡᱟᱝᱜᱟ ᱟᱨᱩᱯ ᱠᱟᱛᱮ ᱠᱚ ᱵᱚᱞᱚᱱᱟ।
train_santalimale_00777	wavs/train_santalimale_00777.wav	ᱫᱟᱠᱟ ᱠᱚ ᱡᱚᱢ ᱠᱟᱛᱮ ᱠᱩᱴᱟᱹᱢ ᱵᱚᱸᱜᱟ ᱠᱚ ᱥᱟᱯᱲᱟᱹ: ᱟ।
train_santalimale_00778	wavs/train_santalimale_00778.wav	ᱠᱩᱲᱤ ᱠᱚᱦᱚᱸ ᱞᱮᱸᱜᱟ ᱛᱤ ᱛᱮ ᱠᱟᱲᱮᱹᱠᱚ ᱟᱥᱮᱱᱟ ᱟᱨᱠᱚ ᱩᱢᱱᱟᱹᱲᱠᱟ: ᱟ।
train_santalimale_00779	wavs/train_santalimale_00779.wav	ᱱᱟᱭᱠᱮ ᱫᱚ ᱦᱟᱴᱟ ᱨᱮ ᱯᱟᱛᱲᱟᱹ, ᱵᱩᱲᱭᱟ, ᱥᱩᱱᱩᱢ, ᱥᱤᱸᱫᱩᱨ, ᱥᱩᱞᱛᱟ, ᱢᱤᱛᱷᱤ ᱟᱨ ᱦᱟᱸᱰᱤ ᱟᱹᱜᱩ ᱠᱟᱛᱮ ᱨᱟᱪᱟ ᱨᱮ ᱜᱩᱨᱤᱡᱼᱟ ᱟᱠᱟᱱ ᱴᱷᱮᱱ ᱢᱤᱫᱼᱟᱴᱟᱝ ᱥᱟᱨᱡᱚᱢ ᱰᱟᱨ, ᱵᱤᱫᱼᱟ ᱥᱟᱢᱟᱝ ᱨᱮ ᱠᱷᱚᱸᱰ ᱮᱭ ᱵᱮᱱᱟᱣᱟ ᱟᱨ ᱢᱤᱫᱼᱟᱴᱟᱝ ᱥᱤᱢ ᱮ ᱵᱚᱸᱜᱟ ᱮᱭᱟ।
train_santalimale_00780	wavs/train_santalimale_00780.wav	ᱫᱚᱥᱟᱨ ᱫᱚ ᱯᱟᱛᱲᱟᱹ ᱮ ᱫᱚᱦᱚᱭᱟ ᱯᱟᱛᱲᱟᱹ ᱨᱮ ᱛᱤᱠᱤ ᱪᱟᱣᱞᱮ ᱮ ᱫᱚᱦᱚᱭᱟ ᱦᱟᱸᱰᱤ ᱮ ᱪᱚᱰᱚᱨᱟ: ᱟᱨ ᱚᱸᱲᱮᱹ ᱜᱚᱭᱚᱡᱼᱟ ᱦᱚᱲ ᱧᱩᱛᱩᱢ ᱛᱮ ᱥᱤᱢᱠᱚ ᱟᱛᱤᱧ ᱠᱟᱛᱮ, ᱠᱩᱴᱟᱹᱢ ᱠᱚᱣᱟᱭ।
train_santalimale_00781	wavs/train_santalimale_00781.wav	ᱱᱚᱣᱟ ᱠᱩᱴᱟᱹᱢ ᱠᱚᱣᱟ:, ᱦᱚᱴᱚ ᱫᱚ ᱵᱟᱝᱠᱚ ᱜᱷᱟᱲᱤᱹᱡᱼᱟ ᱟ, ᱜᱷᱟᱲᱤᱹᱡᱼᱟ ᱞᱟᱹᱜᱤᱫᱼᱟ ᱫᱚ ᱡᱟᱸᱣᱟᱭ ᱠᱚᱠᱚ ᱫᱮᱞᱟ ᱟᱠᱚᱣᱟ।
train_santalimale_00782	wavs/train_santalimale_00782.wav	ᱵᱚᱸᱜᱟ ᱪᱟᱵᱟ ᱠᱟᱛᱮ ᱵᱚᱸᱜᱟ ᱵᱚᱦᱚ: ᱫᱚ ᱚᱲᱟᱹ: ᱥᱮᱫᱼᱟ ᱠᱚ ᱤᱫᱤᱭᱟ, ᱟᱨ ᱦᱚᱸ ᱤᱥᱤᱱ ᱵᱟᱲᱟᱹ ᱠᱟᱛᱮ।
train_santalimale_00783	wavs/train_santalimale_00783.wav	ᱚᱱᱟ ᱫᱚᱠᱚ ᱵᱚᱸᱜᱚᱭᱟ ᱮᱭᱟᱭᱴᱷᱮᱱ।
train_santalimale_00784	wavs/train_santalimale_00784.wav	ᱤᱥᱤᱱ ᱫᱟᱠᱟ ᱵᱚᱸᱜᱟ ᱢᱟᱲᱟᱹᱝ ᱟᱹᱛᱩ ᱦᱚᱲ ᱜᱚᱭᱚᱡᱼᱟ ᱦᱚᱲ ᱧᱩᱛᱩᱢ ᱛᱮ ᱠᱟᱨ ᱠᱚ ᱩᱴᱷᱟᱹᱣᱟ।
train_santalimale_00785	wavs/train_santalimale_00785.wav	ᱠᱟᱨ ᱫᱚ ᱠᱩᱞᱦᱤ ᱨᱮ, ᱪᱩᱞᱦᱟ ᱠᱚ ᱵᱮᱱᱟᱣᱟ ᱡᱤᱞ ᱠᱚ ᱩᱛᱩᱭᱟ।
train_santalimale_00786	wavs/train_santalimale_00786.wav	ᱡᱤᱞ ᱟᱨ ᱦᱟᱸᱰᱤ ᱠᱚ ᱪᱚᱰᱚᱨᱟ ᱟᱨ ᱠᱚ ᱡᱚᱢᱟ।
train_santalimale_00787	wavs/train_santalimale_00787.wav	ᱚᱸᱰᱮ ᱠᱷᱚᱱ ᱩᱴᱷᱟᱹᱣ ᱡᱚᱦᱚᱷ ᱫᱚ ᱯᱮᱫᱷᱟᱣ ᱦᱚᱨᱤᱵᱚᱞ ᱠᱚ ᱢᱮᱱᱟ।
train_santalimale_00788	wavs/train_santalimale_00788.wav	ᱚᱱᱟ ᱛᱟᱭᱚᱢ ᱵᱟᱢᱚᱱ ᱵᱩᱥᱴᱩᱢ ᱠᱚᱭ ᱠᱚ ᱮᱢᱟᱠᱚᱣᱟ।
train_santalimale_00789	wavs/train_santalimale_00789.wav	ᱠᱚᱨᱛᱟᱞ ᱢᱟᱠᱚ ᱨᱩᱭᱮᱫᱼᱟ, ᱠᱚᱨᱛᱟᱞ ᱢᱟ ᱥᱟᱰᱮᱠᱟᱱ ᱠᱚᱨᱛᱟᱞ ᱢᱟ ᱥᱟᱰᱮ ᱚᱱᱫᱷᱚᱠᱟᱨ।
train_santalimale_00790	wavs/train_santalimale_00790.wav	ᱚᱠᱟ ᱠᱷᱚᱱᱮᱢ ᱦᱤᱡᱩ ᱟᱠᱟᱱ ᱵᱩᱥᱴᱩᱢ, ᱚᱠᱟ ᱨᱮᱛᱟᱢ ᱰᱮᱨᱟ।
train_santalimale_00791	wavs/train_santalimale_00791.wav	ᱵᱤᱨ ᱨᱟᱠᱚᱵᱼᱟ ᱠᱷᱚᱱᱤᱧ ᱦᱮᱡᱼᱟ ᱟᱠᱟᱱ, ᱯᱩᱨᱚᱵ ᱱᱟᱠᱷᱟ ᱨᱮᱛᱤᱧ ᱰᱮᱨᱟ।
train_santalimale_00792	wavs/train_santalimale_00792.wav	ᱵᱚᱸᱜᱟᱣᱟᱠᱟᱱ ᱥᱤᱢ ᱠᱚ ᱩᱛᱩ ᱠᱚᱣᱟ, ᱫᱟᱠᱟᱭᱟᱠᱚ ᱟᱨ ᱟᱹᱛᱩ ᱢᱟᱸᱡᱷᱤ ᱢᱚᱸᱲᱮᱹ ᱦᱚᱲ, ᱯᱮᱲᱟᱹ ᱯᱟᱸᱭᱲᱟᱹ ᱠᱚ ᱡᱚᱢ ᱦᱚᱪᱚᱠᱚᱣᱟ।
train_santalimale_00793	wavs/train_santalimale_00793.wav	ᱵᱟᱞᱟᱭᱟ ᱠᱚ ᱫᱚ ᱠᱚ ᱩᱢᱟ ᱵᱷᱟᱸᱰᱟᱱ ᱧᱩᱛᱩᱢ ᱛᱮ ᱠᱚ ᱥᱮᱨᱮᱧᱟ।
train_santalimale_00794	wavs/train_santalimale_00794.wav	ᱟᱹᱯᱩᱧ ᱠᱚ ᱜᱚᱭᱚᱡᱼᱟ ᱫᱚ ᱪᱮᱫᱼᱟ ᱠᱟᱱᱟ?
train_santalimale_00795	wavs/train_santalimale_00795.wav	ᱜᱤᱫᱨᱟᱹᱠᱚᱸ ᱜᱚᱭᱚᱡᱼᱟ ᱫᱚ ᱟᱨᱩ ᱠᱟᱱᱟ।
train_santalimale_00796	wavs/train_santalimale_00796.wav	ᱱᱚᱣᱟ ᱜᱷᱟᱨᱛᱤ ᱨᱮ ᱚᱠᱟ ᱦᱚᱸ ᱨᱤᱦᱤᱴ ᱫᱚ ᱵᱟᱝ ᱛᱟᱸᱦᱮᱸᱱᱟ, ᱚᱱᱟᱛᱮ ᱥᱟᱱᱟᱢ ᱡᱤᱣᱤ ᱠᱚᱣᱟ: ᱜᱚᱭᱚᱡᱼᱟ ᱜᱩᱡᱩ: ᱫᱚ ᱦᱩᱭᱩ: ᱜᱮᱭᱟ।
train_santalimale_00797	wavs/train_santalimale_00797.wav	ᱡᱤᱭᱚᱱ ᱥᱮ ᱟᱛᱢᱟ ᱫᱚ ᱪᱮᱫᱼᱟ ᱠᱟᱱᱟ?
train_santalimale_00798	wavs/train_santalimale_00798.wav	ᱱᱚᱣᱟ ᱫᱚ ᱚᱠᱚᱭ ᱦᱚᱸ ᱵᱟᱭ ᱧᱮᱞ ᱧᱟᱢᱟ।
train_santalimale_00799	wavs/train_santalimale_00799.wav	ᱟᱛᱢᱟ ᱫᱚ ᱟᱹᱰᱤ ᱞᱮᱠᱟᱱᱟ।
train_santalimale_00800	wavs/train_santalimale_00800.wav	ᱵᱟᱧᱪᱟᱣᱚ: ᱟᱛᱢᱟ, ᱱᱚᱣᱟᱛᱮ ᱵᱟᱧᱪᱟᱣ ᱵᱚ ᱛᱟᱸᱦᱮᱸᱱᱟ।
train_santalimale_00801	wavs/train_santalimale_00801.wav	ᱢᱟᱨᱟᱝ ᱠᱚᱣᱟᱷ ᱦᱟᱯᱲᱟᱹᱢ ᱟᱛᱢᱟ ᱡᱟᱦᱟᱸᱭ ᱠᱚ ᱜᱚᱭᱚᱡᱼᱟ ᱟᱠᱟᱱ ᱵᱷᱤᱛᱟᱹᱨ ᱨᱮ ᱢᱮᱱᱟ: ᱠᱚᱣᱟ।
train_santalimale_00802	wavs/train_santalimale_00802.wav	ᱵᱟᱲᱤᱹᱡᱼᱟ ᱟᱛᱢᱟ ᱡᱟᱦᱟᱸᱛᱮ ᱟᱵᱚ ᱵᱟᱲᱤᱹᱡᱼᱟ ᱦᱩᱭᱩ: ᱟ, ᱵᱷᱩᱛ, ᱱᱟᱡᱚᱱ ᱟᱨ ᱪᱚᱲᱤᱹᱱ ᱟᱛᱢᱟ ᱠᱚ ᱠᱟᱱᱟ, ᱡᱟᱦᱟᱸ ᱢᱚᱲᱟᱹ ᱠᱩᱲ ᱨᱮ ᱧᱟᱢᱚ: ᱟ।
train_santalimale_00803	wavs/train_santalimale_00803.wav	ᱜᱚᱭᱚᱡᱼᱟ ᱚᱲᱟᱹᱷ ᱠᱷᱟᱱ ᱢᱚᱲᱟᱹ ᱚᱲᱟᱹ ᱡᱚᱦᱚ: ᱪᱮᱫᱟᱷ ᱥᱟᱛᱮ ᱠᱚ ᱵᱚᱡᱟ।
train_santalimale_00804	wavs/train_santalimale_00804.wav	ᱠᱟᱛᱷᱟᱭ ᱚᱲᱟᱹ ᱫᱚ ᱩᱢᱩᱞ ᱠᱟᱱᱟ।
train_santalimale_00805	wavs/train_santalimale_00805.wav	ᱛᱮᱦᱮᱧ ᱱᱚᱣᱟ ᱩᱢᱩᱞ ᱫᱚᱭ ᱵᱟᱜᱤᱭᱟ: ᱠᱟᱱᱟ।
train_santalimale_00806	wavs/train_santalimale_00806.wav	ᱮᱴᱟ ᱨᱮ ᱩᱢᱩᱞ ᱮ ᱧᱟᱢ ᱡᱚᱝᱠᱟᱱᱟ, ᱚᱱᱟᱛᱮ ᱟᱭᱚᱡᱼᱟ ᱵᱟᱠᱷᱨᱟ ᱥᱟᱛᱮ ᱨᱮᱱᱟ: ᱥᱟᱹᱰᱤᱢ ᱫᱚᱠᱚ ᱵᱚᱭᱚᱡᱼᱟ ᱛᱚᱨᱟᱭᱟ।
train_santalimale_00807	wavs/train_santalimale_00807.wav	ᱫᱚᱥᱟᱨ ᱫᱚ ᱱᱚᱣᱟ ᱠᱟᱱᱟ, ᱜᱤᱫᱨᱟᱹ ᱡᱟᱱᱟᱢ ᱡᱚᱦᱚ: ᱥᱟᱛᱮ ᱵᱚᱱ ᱫᱟᱞ ᱞᱮᱫᱟ ᱠᱟᱛᱷᱟᱭ, ᱚᱲᱟᱹ ᱵᱚᱱ ᱵᱮᱱᱟᱣ ᱟᱹᱫᱮᱭᱟ, ᱛᱮᱦᱮᱧ ᱩᱱᱤ ᱦᱚᱲᱮᱹ ᱜᱚᱭᱚᱡᱼᱟ ᱮᱱᱠᱷᱟᱱ ᱚᱲᱟᱹ: ᱦᱚᱵᱚᱱ ᱵᱷᱮᱜᱟᱨ ᱠᱟᱛ ᱛᱟᱭᱟ।
train_santalimale_00808	wavs/train_santalimale_00808.wav	ᱵᱟᱵᱼᱟᱞᱟ ᱵᱤᱦᱟ ᱟᱨ ᱢᱚᱨᱱᱟ ᱜᱷᱚᱨᱱᱟ ᱨᱮ ᱪᱮᱫᱟᱷ ᱦᱚᱨᱤᱵᱚᱞ ᱵᱚ ᱢᱮᱱᱟ:?
train_santalimale_00809	wavs/train_santalimale_00809.wav	ᱦᱚᱨᱤ ᱢᱟᱱᱮ ᱫᱚ ᱵᱷᱚᱜᱣᱟᱱ ᱢᱟᱨᱟᱝ ᱵᱩᱨᱩ ᱠᱟᱛᱷᱟ ᱢᱟᱨᱟᱝ ᱵᱩᱨᱩ ᱟᱥᱨᱟ ᱨᱮ ᱛᱟᱸᱦᱮᱱ ᱞᱟᱹᱜᱤᱫᱼᱟ ᱵᱚ ᱢᱮᱱᱟ।
train_santalimale_00810	wavs/train_santalimale_00810.wav	ᱡᱟᱝ ᱵᱟᱦᱟ ᱫᱚ ᱪᱮᱫᱟ: ᱥᱟᱥᱟᱝ ᱫᱟ: ᱟᱨ ᱦᱟᱸᱰᱤ ᱫᱟ: ᱛᱮ ᱠᱚ ᱟᱨᱩᱵᱟ?
train_santalimale_00811	wavs/train_santalimale_00811.wav	ᱡᱟᱝᱵᱟᱦᱟ ᱮᱛᱚᱦᱚᱵᱼᱟ ᱨᱮ ᱥᱟᱥᱟᱝ ᱛᱮ ᱟᱨᱩᱯ ᱞᱮᱠᱷᱟᱱ ᱠᱮᱴᱮᱪ ᱜᱮ ᱛᱟᱸᱦᱮᱸᱱᱟ, ᱪᱤᱞᱤ ᱦᱚᱸ ᱵᱟᱝᱠᱚ ᱡᱚᱴᱮᱫᱟ ᱟᱨ ᱥᱟᱥᱟᱝ ᱫᱚ ᱱᱤᱨᱞᱟ ᱥᱟᱯᱷᱟ ᱡᱤᱱᱤᱥ ᱠᱟᱱᱟ, ᱚᱱᱟ ᱛᱮ ᱥᱟᱥᱟᱝ ᱛᱮ ᱠᱚ ᱟᱨᱩᱵᱼᱟ ᱟ।
train_santalimale_00812	wavs/train_santalimale_00812.wav	ᱦᱟᱸᱰᱤ ᱫᱚ ᱢᱟᱨᱟᱝ ᱵᱚᱸᱜᱟ ᱟ ᱫᱟ: ᱠᱟᱱᱟ, ᱢᱟᱨᱟᱝ ᱵᱩᱨᱩ ᱫᱟ: ᱛᱮ ᱟᱨᱩᱵᱚ: ᱟᱭ।
train_santalimale_00813	wavs/train_santalimale_00813.wav	ᱠᱟᱲᱮᱹ ᱛᱮ ᱫᱚ ᱪᱮᱫᱟ: ᱵᱚᱱ ᱩᱢ ᱱᱟᱹᱲᱠᱟ: ᱟ?
train_santalimale_00814	wavs/train_santalimale_00814.wav	ᱠᱟᱸᱲᱮᱹ ᱟᱸᱲᱜᱚ ᱨᱮᱱᱟ: ᱢᱟᱱᱮ ᱫᱚ ᱠᱟᱱᱟ ᱪᱷᱩᱛ ᱜᱩᱪᱟᱣ।
train_santalimale_00815	wavs/train_santalimale_00815.wav	ᱚᱱᱟᱛᱮ ᱡᱟᱦᱟᱸᱱ ᱠᱟᱨᱚᱱ ᱛᱮ ᱚᱲᱟᱹ: ᱪᱷᱩᱛ ᱞᱮᱱᱠᱷᱟᱱ, ᱠᱟᱲᱮᱹ ᱛᱮ ᱱᱟᱹᱲᱠᱟ ᱞᱮᱱᱠᱷᱟᱱ ᱪᱷᱩᱸᱣᱟᱫᱼᱟ ᱪᱟᱵᱟ: ᱟ।
train_santalimale_00816	wavs/train_santalimale_00816.wav	ᱠᱟᱲᱮᱹ ᱫᱚ ᱪᱮᱫᱟ: ᱞᱮᱸᱜᱟ ᱛᱤ ᱛᱮᱠᱚ ᱟᱨᱩᱵᱟ।
train_santalimale_00817	wavs/train_santalimale_00817.wav	ᱠᱟᱲᱮᱹ ᱫᱚ ᱥᱟᱯᱷ ᱥᱩᱛᱨᱟ ᱨᱮᱱᱟ: ᱡᱤᱱᱤᱥ ᱠᱟᱱᱟ, ᱜᱚᱭᱚᱡᱼᱟ ᱚᱲᱟᱹ ᱠᱷᱚᱱ ᱠᱟᱲᱮᱹ ᱛᱮ ᱵᱚᱱ ᱥᱟᱯᱷᱟ ᱟ, ᱚᱱᱟᱛᱮ ᱠᱟᱲᱮᱹ ᱫᱚ ᱞᱮᱸᱜᱟ ᱛᱤ ᱛᱮᱠᱚ ᱟᱹᱪᱩᱨᱟ।
train_santalimale_00818	wavs/train_santalimale_00818.wav	ᱞᱟᱸᱜᱲᱮᱹ ᱮᱱᱮᱪ ᱥᱮᱨᱮᱧ ᱫᱚ ᱢᱟᱱᱣᱟ ᱡᱤᱣᱚᱱ ᱥᱟᱸᱣ ᱟᱲᱤ ᱛᱚᱯᱚᱞ ᱢᱮᱱᱟᱷ ᱟ।
train_santalimale_00819	wavs/train_santalimale_00819.wav	ᱱᱚᱣᱟ ᱮᱱᱮᱡᱼᱟ ᱥᱮᱨᱮᱧ ᱫᱚ ᱡᱮᱛᱮ ᱪᱟᱸᱫᱚ ᱨᱮ ᱜᱮ ᱦᱩᱭᱩᱷ ᱟ।
train_santalimale_00820	wavs/train_santalimale_00820.wav	ᱥᱟᱱᱛᱟᱲ ᱦᱚᱲ ᱦᱚᱯᱚᱱᱠᱚ ᱫᱚ ᱠᱷᱟᱴᱱᱤ ᱦᱚᱲ ᱠᱟᱱᱟ ᱠᱚ, ᱠᱷᱟᱴᱟᱣᱚᱛᱩᱫᱼᱟ ᱠᱟᱛᱮ ᱜᱮ ᱮᱱᱟᱝ, ᱡᱚᱢ ᱧᱩᱷ ᱟ: ᱠᱚ ᱵᱮᱱᱟᱣᱟ।
train_santalimale_00821	wavs/train_santalimale_00821.wav	ᱥᱟᱱᱛᱟᱲ ᱦᱚᱲ ᱦᱚᱯᱚᱱ ᱠᱚ ᱫᱚ ᱜᱤᱨᱟ ᱵᱟᱥ ᱠᱟᱛᱮ ᱟᱥᱩᱞᱚ: ᱦᱚᱲ ᱠᱟᱱᱟ ᱠᱚ।
train_santalimale_00822	wavs/train_santalimale_00822.wav	ᱠᱟᱹᱢᱤ ᱞᱟᱸᱜᱟ ᱦᱚᱲᱢᱚ ᱯᱷᱟᱸᱰᱜᱟᱨ ᱞᱟᱹᱜᱤᱫᱼᱟ ᱛᱮ ᱟᱭᱩᱵᱼᱟ ᱵᱮᱲᱟᱹ ᱫᱚ ᱟᱹᱛᱩ ᱟᱠᱷᱲᱟᱹᱨᱮ ᱞᱟᱸᱜᱲᱮ ᱠᱚ ᱮᱱᱮᱡᱼᱟ ᱥᱮᱨᱮᱧ ᱟ।
train_santalimale_00823	wavs/train_santalimale_00823.wav	ᱞᱟᱸᱜᱲᱮ ᱥᱮᱨᱮᱧ ᱫᱚ ᱠᱟᱹᱢᱤ ᱡᱚᱦᱚᱷ, ᱪᱟᱞᱟ ᱡᱚᱦᱚᱷ ᱟᱨ ᱮᱠᱞᱟ ᱨᱮ ᱛᱟᱸᱦᱮᱱ ᱡᱚᱦᱚ: ᱦᱚᱸ ᱢᱚᱱᱮ ᱯᱷᱟᱸᱰᱜᱟᱨ ᱞᱟᱹᱜᱤᱫᱼᱟ ᱠᱚ ᱥᱮᱨᱮᱧᱟ।
train_santalimale_00824	wavs/train_santalimale_00824.wav	ᱞᱟᱸᱜᱲᱮ ᱮᱱᱮᱡᱼᱟ ᱫᱚ ᱵᱟᱹᱲᱛᱤ ᱠᱟᱨᱛᱮ ᱟᱹᱛᱩ ᱨᱮᱱ ᱠᱩᱲᱤᱠᱚᱲᱟᱹ, ᱜᱤᱫᱨᱟᱹᱠᱚᱜᱮ ᱠᱚ ᱮᱱᱮᱡᱼᱟ ᱥᱮᱨᱮᱧᱟ।
train_santalimale_00825	wavs/train_santalimale_00825.wav	ᱟᱹᱛᱩ ᱨᱮ ᱡᱟᱦᱟᱸᱱ ᱯᱟᱹᱨᱟᱹᱵ ᱦᱩᱭᱞᱮᱱ ᱠᱷᱟᱱ ᱜᱮ, ᱢᱚᱱᱮ ᱡᱤᱣᱤ ᱨᱮ ᱨᱟᱹᱥᱠᱟᱹ ᱞᱟᱹᱜᱤᱫᱼᱟ ᱛᱮᱜᱮ ᱠᱚ ᱮᱱᱮᱡᱼᱟ ᱥᱮᱨᱮᱧᱟ।
train_santalimale_00826	wavs/train_santalimale_00826.wav	ᱞᱟᱸᱜᱲᱮ ᱥᱟᱵᱟᱫ ᱫᱚ ᱞᱟᱸᱜᱟ ᱟᱨ ᱮᱲᱮ ᱵᱟᱨᱭᱟ ᱥᱟᱵᱟᱫ ᱡᱚᱱᱚᱲ ᱠᱟᱛᱮ ᱵᱮᱱᱟᱣ ᱟᱠᱟᱱᱟ।
train_santalimale_00827	wavs/train_santalimale_00827.wav	ᱢᱟᱫᱟᱲᱤᱹᱭᱟ ᱦᱚᱛᱮᱛᱮ, ᱡᱚᱠᱷᱚᱱ ᱜᱮ ᱞᱟᱸᱜᱲᱮ ᱮᱱᱮᱡᱼᱟ ᱨᱮᱱᱟ: ᱨᱩ ᱮ ᱛᱚᱲᱟᱹᱣᱟ, ᱮᱱᱠᱷᱟᱱ ᱜᱮ ᱮᱱᱮᱡᱼᱟ ᱠᱚᱣᱟᱷ ᱫᱚ ᱡᱟᱝᱜᱟ ᱦᱤᱞᱟᱣᱜᱚᱫᱚ ᱟ।
train_santalimale_00828	wavs/train_santalimale_00828.wav	ᱞᱟᱸᱜᱲᱮᱹ ᱮᱱᱮᱡᱼᱟ ᱫᱚ ᱛᱤ ᱛᱤ ᱥᱟᱯᱟᱵ ᱠᱟᱛᱮ, ᱢᱤᱫᱼᱟᱫᱷᱟᱣ ᱛᱮ ᱛᱟᱭᱚᱢ, ᱢᱟᱲᱟᱹᱰ ᱡᱟᱝᱜᱟ ᱠᱚᱞᱥᱟ ᱠᱟᱛᱮ, ᱦᱤᱞᱟᱹᱣᱟᱛᱮ ᱠᱚ ᱮᱱᱮᱡᱼᱟ ᱟ।
train_santalimale_00829	wavs/train_santalimale_00829.wav	ᱥᱟᱱᱛᱟᱲ ᱥᱟᱸᱣᱛᱟ ᱨᱮ ᱥᱮᱸᱫᱨᱟ ᱯᱟᱹᱨᱟᱹᱵ ᱨᱮᱱᱟᱷ ᱞᱟᱠᱛᱤ ᱫᱚ ᱟᱹᱰᱤ ᱜᱮ ᱵᱟᱲᱛᱤᱭᱟ।
train_santalimale_00830	wavs/train_santalimale_00830.wav	ᱥᱮᱸᱫᱨᱟ ᱯᱟᱹᱨᱟᱹᱵ ᱫᱚ ᱯᱷᱟᱹᱜᱩᱱ ᱵᱚᱸᱜᱟ ᱠᱷᱚᱱ ᱜᱮ ᱮᱛᱚᱦᱚᱵᱼᱟ ᱟ।
train_santalimale_00831	wavs/train_santalimale_00831.wav	ᱵᱟᱦᱟ ᱯᱟᱹᱨᱟᱹᱵ ᱨᱮᱱᱟ ᱢᱩᱪᱟᱫᱼᱟ ᱫᱤᱱ ᱫᱚ ᱥᱮᱸᱫᱨᱟ ᱠᱟᱨᱠᱟ ᱫᱤᱱ ᱠᱟᱱᱟ।
train_santalimale_00832	wavs/train_santalimale_00832.wav	ᱢᱮᱱᱟᱠᱚ ᱥᱮᱫᱟᱭ ᱵᱩᱨᱩ ᱨᱮᱱ ᱵᱚᱸᱜᱟ ᱠᱚ ᱠᱩᱥᱤ ᱨᱟᱹᱥᱠᱟᱹ ᱦᱚᱪᱚ ᱞᱟᱹᱜᱤᱫᱼᱟ ᱛᱮ, ᱵᱟᱦᱟ ᱥᱮᱸᱫᱨᱟ ᱫᱚ ᱠᱚ ᱢᱟᱱᱟᱣᱟ।
train_santalimale_00833	wavs/train_santalimale_00833.wav	ᱵᱟᱦᱟ ᱥᱮᱸᱫᱨᱟ ᱞᱮᱠᱟ ᱜᱮ, ᱡᱟᱦᱟᱸ ᱵᱩᱨᱩ ᱠᱚ ᱥᱮᱸᱫᱨᱟᱭᱟ, ᱚᱱᱟ ᱵᱩᱨᱩ ᱥᱮᱸᱫᱨᱟ ᱞᱟᱹᱜᱤᱛ, ᱠᱷᱤᱡᱩᱨ ᱥᱟᱠᱟᱢ ᱨᱮᱱᱟᱷ ᱜᱤᱨᱟ ᱠᱚ ᱟᱲᱟᱹᱜᱟ।
train_santalimale_00834	wavs/train_santalimale_00834.wav	ᱱᱤᱴ ᱟᱠᱟᱱ ᱫᱤᱱ ᱨᱮ ᱱᱟᱭᱠᱮ ᱫᱚ ᱩᱢᱱᱟᱹᱲᱠᱟ ᱟᱫᱼᱟ ᱯᱤᱲᱦᱤ ᱪᱮᱛᱟᱱ ᱯᱤᱲᱦᱤ ᱵᱚᱸᱜᱟ ᱛᱷᱟᱱ ᱨᱮ ᱵᱚᱸᱜᱟᱭᱟᱭ।
train_santalimale_00835	wavs/train_santalimale_00835.wav	ᱟᱨ ᱚᱸᱰᱮ ᱢᱤᱫᱼᱟᱵᱟᱨ ᱵᱟᱸᱠᱷᱮᱲ ᱟᱛᱮ ᱥᱤᱢ ᱢᱮᱨᱚᱢᱠᱚᱭ ᱵᱚᱸᱜᱟ ᱠᱚᱣᱟ।
train_santalimale_00836	wavs/train_santalimale_00836.wav	ᱟᱨ ᱟᱠᱷᱤᱨ ᱫᱤᱱ ᱥᱩᱠᱛᱮ ᱛᱟᱸᱦᱮᱱ ᱞᱟᱹᱜᱤᱫᱼᱟ ᱵᱚᱸᱜᱟ ᱵᱩᱨᱩ ᱴᱷᱮᱱ ᱱᱮᱦᱚᱨᱚᱷ ᱟᱭ।
train_santalimale_00837	wavs/train_santalimale_00837.wav	ᱪᱮᱠᱟᱛᱮ ᱥᱮᱫᱟᱭ ᱦᱚᱲ ᱫᱚ ᱥᱮᱸᱫᱨᱟ ᱠᱟᱛᱮ ᱜᱮ ᱡᱤᱵᱚᱱ ᱠᱚ ᱠᱷᱟᱸᱰᱟᱣᱮᱫᱼᱟ ᱛᱟᱸᱦᱮᱸᱠᱟᱱᱟ।
train_santalimale_00838	wavs/train_santalimale_00838.wav	ᱵᱤᱨ ᱵᱩᱨᱩ ᱨᱮ: ᱵᱚᱸᱜᱟ ᱨᱮᱱᱟ: ᱢᱚᱦᱚᱛᱣ ᱫᱚ ᱠᱟᱱᱟ, ᱵᱤᱨ ᱨᱮᱱ ᱵᱚᱸᱜᱟ ᱠᱚ ᱠᱩᱥᱤ ᱨᱟᱹᱥᱠᱟᱹ ᱦᱚᱪᱚ ᱜᱮ।
train_santalimale_00839	wavs/train_santalimale_00839.wav	ᱢᱤᱫᱼᱟᱠᱟᱛᱷᱟ ᱛᱮ ᱫᱚ ᱱᱚᱣᱟ ᱦᱚᱸ ᱠᱚ ᱢᱮᱱᱟ ᱡᱮ ᱥᱮᱸᱫᱨᱟ ᱫᱚ ᱠᱟᱱᱟ ᱵᱤᱨ ᱵᱩᱨᱩ ᱨᱮᱱ ᱵᱚᱸᱜᱟ ᱠᱚᱣᱟ ᱵᱟᱵᱼᱟᱞᱟ।
train_santalimale_00840	wavs/train_santalimale_00840.wav	ᱚᱱᱟᱛᱮ ᱵᱤᱨ ᱵᱩᱨᱩ ᱥᱮᱸᱫᱨᱟ ᱡᱚᱦᱚ: ᱫᱚ ᱥᱤᱸᱜᱨᱟᱭ ᱟᱨ ᱫᱚᱸᱜᱮᱲᱠᱚ ᱮᱱᱮᱡᱼᱟ ᱟ, ᱱᱚᱣᱟ ᱫᱚ ᱮᱠᱮᱱ ᱠᱚᱲᱟᱹ ᱦᱚᱯᱚᱱ ᱦᱚᱛᱮᱛᱜᱮ ᱦᱩᱭᱩ: ᱟ।
train_santalimale_00841	wavs/train_santalimale_00841.wav	ᱥᱮᱸᱫᱨᱟ ᱵᱤᱨ, ᱥᱮᱸᱫᱨᱟ ᱴᱟᱸᱰᱤ ᱟᱨ ᱫᱚᱸᱜᱚᱲ ᱥᱮᱨᱮᱧ ᱟᱨ ᱥᱤᱸᱜᱨᱟᱭ ᱮᱱᱮᱡᱼᱟ ᱥᱮᱨᱮᱧ ᱠᱚ ᱧᱮᱞ ᱟᱨ ᱟᱧᱡᱚᱢ ᱫᱚ ᱠᱩᱲᱤ ᱦᱚᱯᱚᱱ ᱠᱚᱣᱟᱷ ᱫᱚ ᱮᱠᱟᱞ ᱜᱮ ᱢᱟᱱᱟ ᱢᱮᱱᱟ: ᱟ।
train_santalimale_00842	wavs/train_santalimale_00842.wav	ᱢᱮᱱᱟᱠᱚ ᱥᱮᱫᱟᱭ ᱥᱟᱱᱛᱟᱲ ᱦᱚᱲ ᱦᱚᱯᱚᱱ ᱠᱚᱣᱟ: ᱡᱤᱵᱼᱟᱠᱟ ᱫᱚ ᱥᱮᱸᱫᱨᱟ ᱠᱟᱨᱠᱟ ᱜᱮ ᱛᱟᱸᱦᱮᱸᱠᱟᱱᱟ।
train_santalimale_00843	wavs/train_santalimale_00843.wav	ᱥᱮᱸᱫᱨᱟ ᱫᱚ ᱠᱚᱲᱟᱹ ᱦᱚᱯᱚᱱ ᱠᱚ ᱦᱚᱛᱮᱛᱮ ᱟᱨ ᱠᱟᱨᱠᱟ ᱫᱚ ᱮᱠᱮᱱ ᱠᱩᱲᱤ ᱦᱚᱯᱚᱱ ᱠᱚ ᱦᱚᱛᱮᱛᱮᱜᱮ ᱦᱩᱭᱩ: ᱟ।
train_santalimale_00844	wavs/train_santalimale_00844.wav	ᱚᱱᱟ ᱜᱮ ᱱᱤᱫᱼᱟ ᱦᱚᱸ ᱥᱟᱱᱛᱟᱲ ᱥᱟᱸᱣᱛᱟ ᱨᱮ ᱥᱮᱸᱫᱨᱟᱠᱟᱨᱠᱟ ᱨᱮᱱᱟᱷ ᱥᱤᱨᱚᱥᱛᱟ ᱢᱮᱱᱟ: ᱟ।
train_santalimale_00845	wavs/train_santalimale_00845.wav	ᱢᱮᱱᱟᱠᱚ ᱥᱮᱫᱟᱭ ᱥᱮᱸᱫᱨᱟ ᱡᱚᱦᱚ: ᱦᱚᱲ ᱦᱚᱯᱚᱱ ᱠᱚ ᱫᱚ ᱥᱮᱸᱫᱨᱟ ᱵᱚᱸᱜᱟ ᱠᱚ ᱥᱮᱸᱫᱨᱟ ᱧᱟᱢᱞᱮᱛ ᱠᱚᱣᱟ।
train_santalimale_00846	wavs/train_santalimale_00846.wav	ᱩᱱᱠᱩ ᱵᱚᱸᱜᱟ ᱫᱮᱣᱟ ᱥᱮᱣᱟ ᱞᱟᱹᱜᱤᱫᱼᱟ ᱛᱮ ᱢᱤᱫᱼᱟᱴᱟᱝ ᱫᱤᱦᱨᱤ ᱥᱮ ᱞᱟᱭᱟᱠᱚ ᱥᱟᱵᱼᱟ ᱞᱮᱫᱮ ᱛᱟᱸᱦᱮᱸᱠᱟᱱᱟ।
train_santalimale_00847	wavs/train_santalimale_00847.wav	ᱩᱱᱠᱩ ᱜᱮ ᱥᱮᱸᱫᱨᱟ ᱦᱚᱲ ᱫᱤᱥᱣᱟᱹ ᱟᱨ ᱞᱟᱭᱟ, ᱫᱤᱦᱨᱤ ᱭᱟᱛᱮ ᱥᱮᱸᱫᱨᱟ ᱨᱮᱱᱟ: ᱢᱤᱫᱼᱟᱴᱟᱝ ᱥᱤᱨᱚᱥᱛᱟ ᱠᱚ ᱛᱚᱞᱞᱮᱫᱼᱟ ᱛᱟᱸᱦᱮᱸᱠᱟᱱᱟ।
train_santalimale_00848	wavs/train_santalimale_00848.wav	ᱥᱤᱨᱚᱥᱛᱟ ᱞᱮᱠᱟ ᱛᱮ ᱫᱚ ᱱᱟᱭᱠᱮ, ᱞᱟᱭᱟ ᱟᱨ ᱫᱤᱦᱨᱤ ᱭᱟᱛᱮ ᱥᱚᱸᱣᱛᱟ ᱥᱮᱸᱫᱨᱟ ᱠᱚᱲᱟᱹᱭᱟᱛᱮ ᱠᱷᱤᱡᱩᱨ ᱥᱟᱠᱟᱢ ᱨᱮᱱᱟ: ᱜᱤᱨᱟ ᱠᱚ ᱛᱚᱞ ᱞᱮᱫᱟ।
train_santalimale_00849	wavs/train_santalimale_00849.wav	ᱱᱤᱴᱞᱮᱱ ᱫᱤᱱ ᱨᱮᱱ ᱵᱚᱸᱜᱟᱭᱤᱡᱼᱟ ᱫᱚ ᱟᱭᱚᱡᱼᱟ ᱨᱮᱱ ᱯᱟᱦᱩᱲ ᱯᱟᱹᱛᱤᱭᱟᱛᱮ ᱥᱮᱸᱫᱨᱟ ᱵᱚᱸᱜᱟ ᱫᱮᱵᱟ ᱥᱮᱣᱟ ᱮ ᱵᱚᱞᱚᱞᱮᱱᱟ।
train_santalimale_00850	wavs/train_santalimale_00850.wav	ᱵᱚᱸᱜᱟ ᱛᱷᱟᱱ ᱨᱮ ᱥᱟᱹᱜᱩᱱ ᱞᱚᱴᱟᱷ ᱫᱟ: ᱮ ᱛᱤᱨᱯᱤ ᱟᱹᱪᱩᱨ ᱞᱮᱫᱟ।
train_santalimale_00851	wavs/train_santalimale_00851.wav	ᱥᱩᱞᱛᱟᱞᱟᱜᱟᱣ ᱠᱟᱛᱮ ᱫᱷᱩᱸᱲᱟᱹ ᱮ ᱟᱛᱟᱨ ᱞᱮᱫᱟ।
train_santalimale_00852	wavs/train_santalimale_00852.wav	ᱚᱱᱟ ᱛᱟᱭᱚᱢ ᱢᱚᱲᱮᱹ ᱜᱚᱴᱮᱡᱼᱟ ᱥᱤᱢ ᱮ ᱵᱚᱸᱜᱟ ᱞᱮᱫ ᱠᱚᱣᱟ ᱵᱩᱨᱩ ᱵᱚᱸᱜᱟ ᱠᱚ ᱧᱩᱛᱩᱢ ᱠᱟᱛᱮ, ᱮᱛᱚᱦᱚᱵᱼᱟ ᱠᱷᱚᱸᱰ ᱮᱭ ᱫᱚ ᱢᱟᱨᱟᱝ ᱵᱩᱨᱩ ᱜᱮ, ᱚᱱᱟ ᱛᱟᱭᱚᱢ ᱚᱱᱟ ᱵᱩᱨᱩ ᱨᱮᱱ ᱵᱚᱸᱜᱟ ᱧᱚᱛᱩᱢᱮᱸ ᱵᱟᱸᱠᱷᱮᱲ ᱞᱮᱫᱟ।
train_santalimale_00853	wavs/train_santalimale_00853.wav	ᱚᱱᱟ ᱛᱟᱭᱚᱢ ᱯᱟᱲᱟᱹ ᱯᱩᱲᱥᱤ ᱵᱚᱸᱜᱟ ᱠᱚᱭ ᱰᱟᱠᱟᱣᱞᱮᱫᱼᱟ ᱠᱚᱣᱟ।
train_santalimale_00854	wavs/train_santalimale_00854.wav	ᱩᱱᱡᱚᱦᱚᱷ ᱥᱮᱸᱫᱨᱟ ᱠᱚᱲᱟᱹ ᱠᱚ ᱵᱟᱸᱠᱷᱮᱲ ᱞᱮᱫᱟ।
train_santalimale_00855	wavs/train_santalimale_00855.wav	ᱡᱚᱦᱟᱨ ᱛᱚᱵᱮ ᱠᱷᱟᱱ, ᱥᱮᱨᱢᱟ ᱨᱮᱱ ᱥᱤᱧᱵᱚᱸᱜᱟ, ᱵᱩᱨᱩ ᱨᱮᱱ ᱵᱩᱨᱩ ᱵᱚᱸᱜᱟ ᱠᱚ, ᱟᱯᱮ ᱪᱟᱨᱤᱭᱚ ᱠᱚᱸᱰ ᱡᱟᱴᱤ ᱞᱮᱠᱟᱯᱮ ᱟᱴᱮᱫᱼᱟ ᱟᱠᱟᱱ।
train_santalimale_00856	wavs/train_santalimale_00856.wav	ᱠᱤᱭᱟ ᱞᱮᱠᱟᱯᱮ ᱦᱟᱹᱨᱩᱵᱼᱟ ᱟᱠᱟᱱ, ᱪᱟᱨᱤᱭᱚ ᱠᱚᱸᱰ, ᱪᱟᱨᱤᱭᱚ ᱯᱟᱥ ᱰᱟᱵᱟᱣ ᱟᱠᱟᱱ।
train_santalimale_00857	wavs/train_santalimale_00857.wav	ᱛᱮᱦᱮᱧ ᱥᱮᱸᱫᱨᱟ ᱧᱩᱛᱩᱢ ᱛᱮ ᱵᱚᱸᱜᱟ ᱟᱯᱮ ᱠᱟᱱᱟ।
train_santalimale_00858	wavs/train_santalimale_00858.wav	ᱥᱮᱸᱫᱨᱟ ᱧᱩᱛᱩᱢ ᱮᱭ ᱠᱩᱞ ᱥᱟᱫᱚᱢ ᱠᱚᱯᱮ ᱛᱚᱞ ᱫᱚᱦᱚ ᱠᱚᱣᱟ।
train_santalimale_00859	wavs/train_santalimale_00859.wav	ᱥᱮᱸᱫᱨᱟ ᱡᱤᱞ ᱠᱚ ᱫᱚ ᱟᱹᱭᱩᱨ ᱚᱰᱚᱝ ᱥᱩᱛᱩ: ᱚᱰᱚᱝ ᱠᱚᱣᱟ।
train_santalimale_00860	wavs/train_santalimale_00860.wav	ᱚᱱᱟ ᱥᱮᱫᱟᱭᱟ: ᱦᱟᱯᱲᱟᱹᱢ ᱥᱤᱨᱚᱥᱛᱟ ᱜᱮ ᱱᱮᱛᱟᱨ ᱦᱚᱸ ᱢᱟᱱᱟᱣᱚ: ᱠᱟᱱᱟ।
train_santalimale_00861	wavs/train_santalimale_00861.wav	ᱱᱚᱣᱟ ᱵᱟᱸᱠᱷᱮᱲ ᱪᱟᱵᱟ ᱠᱟᱛᱮ ᱫᱤᱦᱨᱤ ᱫᱚ ᱵᱚᱸᱜᱟ ᱛᱷᱟᱱ ᱨᱮ ᱫᱤᱥᱣᱟᱹ ᱠᱚᱣᱟ: ᱥᱩᱱᱩᱢ ᱥᱤᱸᱫᱩᱨ ᱮ ᱟᱸᱰᱜᱚᱭᱟ।
train_santalimale_00862	wavs/train_santalimale_00862.wav	ᱢᱟᱱᱚᱥᱤᱠ ᱞᱟᱹᱜᱤᱫᱼᱟ ᱠᱚ ᱱᱮᱦᱚᱨ ᱵᱤᱱᱛᱤᱭᱟ।
train_santalimale_00863	wavs/train_santalimale_00863.wav	ᱩᱱᱠᱩ ᱧᱩᱛᱩᱢ ᱛᱮ ᱥᱤᱢᱠᱚᱭ ᱵᱚᱸᱜᱟ ᱠᱚᱣᱟ, ᱚᱱᱟ ᱛᱟᱭᱚᱢ ᱫᱤᱦᱨᱤ ᱵᱟᱵᱟ ᱫᱚ ᱠᱟᱭᱚᱡᱼᱟ ᱥᱟᱹᱜᱤᱧ ᱥᱟᱦᱟ ᱨᱮ ᱢᱤᱫᱼᱟᱴᱟᱝ ᱠᱷᱚᱸᱰ ᱮ ᱵᱮᱱᱟᱣᱟ।
train_santalimale_00864	wavs/train_santalimale_00864.wav	ᱚᱱᱟ ᱠᱷᱚᱸᱰ ᱨᱮ ᱫᱚ ᱟᱡᱟ ᱢᱟᱭᱟᱝ, ᱡᱟᱹᱱᱩᱢ ᱛᱮ ᱯᱟᱹᱴᱤᱛᱩᱫᱼᱟᱠᱟᱛᱮ ᱠᱷᱚᱸᱰ ᱨᱮᱭ ᱡᱚᱨᱚᱭᱟ।
train_santalimale_00865	wavs/train_santalimale_00865.wav	ᱚᱱᱟ ᱫᱚ ᱵᱩᱞᱢᱟᱭᱟᱝ ᱡᱚᱨᱚ ᱠᱚ ᱢᱮᱛᱟ: ᱟ।
train_santalimale_00866	wavs/train_santalimale_00866.wav	ᱵᱚᱸᱜᱟ ᱟᱠᱟᱱ ᱥᱤᱢ ᱠᱚ ᱫᱚ ᱥᱚᱲᱮᱹ ᱠᱟᱛᱮ, ᱫᱤᱥᱣᱟᱹ ᱠᱚ ᱧᱩᱛᱩᱢ ᱛᱮ ᱢᱚᱲᱮᱹ ᱯᱟᱛᱲᱟᱹ ᱠᱚ ᱵᱚᱸᱜᱟᱭᱟ।
train_santalimale_00867	wavs/train_santalimale_00867.wav	ᱟᱨ ᱥᱟᱱᱟᱢ ᱫᱤᱥᱣᱟᱹᱠᱚ ᱡᱚᱢ ᱢᱤᱫᱟ।
train_santalimale_00868	wavs/train_santalimale_00868.wav	ᱚᱱᱟ ᱛᱟᱭᱚᱢ ᱵᱤᱨᱛᱮ ᱥᱮᱸᱫᱨᱟ ᱠᱚ ᱵᱚᱞᱚᱱᱟ।
train_santalimale_00869	wavs/train_santalimale_00869.wav	ᱥᱟᱹᱞ, ᱥᱟᱨᱟᱢ, ᱪᱮᱸᱲᱮᱹ, ᱪᱤᱯᱨᱩᱛ ᱠᱚ ᱥᱮᱸᱫᱨᱟ ᱠᱚᱣᱟ।
train_santalimale_00870	wavs/train_santalimale_00870.wav	ᱥᱮᱸᱫᱨᱟ ᱵᱤᱨ ᱨᱮ ᱚᱠᱟ ᱡᱚᱦᱚ: ᱥᱮᱸᱫᱨᱟ ᱠᱚᱲᱟᱹ ᱠᱚ ᱥᱮᱸᱫᱨᱟ ᱡᱤᱞ ᱠᱷᱟᱹᱛᱤᱨ ᱠᱚ ᱱᱮᱭᱟᱣ ᱛᱟᱯᱟᱢᱟ।
train_santalimale_00871	wavs/train_santalimale_00871.wav	ᱚᱱᱟ ᱱᱮᱭᱟᱣ ᱛᱟᱯᱟᱢ ᱨᱮᱱᱟ: ᱵᱤᱪᱟᱨ ᱪᱷᱤᱸᱲᱟᱹᱣ ᱠᱟᱹᱢᱤ ᱜᱮ ᱠᱟᱹᱞᱠᱟ ᱩᱴᱷᱟᱣ ᱠᱚ ᱢᱮᱛᱟ: ᱟ।
train_santalimale_00872	wavs/train_santalimale_00872.wav	ᱢᱟᱲᱟᱹᱝ ᱛᱮ ᱫᱚ ᱫᱤᱥᱣᱟᱹ ᱠᱚ ᱵᱟᱱᱟᱨ ᱯᱟᱦᱴᱟ ᱨᱮᱱ ᱥᱤᱠᱟᱨᱤᱭᱟ ᱠᱚᱣᱟ: ᱠᱟᱛᱷᱟ ᱟᱧᱡᱚᱢ ᱠᱟᱛᱮ ᱱᱟᱭᱠᱮ ᱮ ᱣᱤᱪᱟᱨᱟ।
train_santalimale_00873	wavs/train_santalimale_00873.wav	ᱢᱮᱱᱠᱷᱟᱱ ᱱᱚᱣᱟ ᱨᱮ ᱚᱠᱚᱭ ᱦᱚᱸ ᱵᱟᱝᱚᱠᱤᱱ ᱢᱟᱱᱟᱣ ᱵᱟᱛᱟᱣ ᱞᱮᱱᱠᱷᱟᱱ ᱩᱱᱚᱠᱤᱱ ᱱᱮᱭᱟᱣ ᱠᱟᱱ ᱥᱮᱸᱫᱨᱟ ᱠᱚᱲᱟᱹ ᱧᱩᱛᱩᱢ ᱛᱮ ᱠᱟᱹᱞᱠᱟ ᱠᱚ ᱩᱴᱷᱟᱣᱟ।
train_santalimale_00874	wavs/train_santalimale_00874.wav	ᱠᱟᱹᱞᱠᱟ ᱩᱴᱷᱟᱣ ᱫᱚ ᱢᱤᱫᱼᱟ ᱱᱤᱭᱚᱢ ᱫᱷᱚᱨᱚᱢ ᱠᱟᱹᱢᱤ ᱠᱟᱱᱟ।
train_santalimale_00875	wavs/train_santalimale_00875.wav	ᱫᱤᱦᱨᱤ ᱵᱟᱵᱟ ᱫᱚ ᱢᱤᱫᱼᱟᱴᱟᱝ ᱡᱟᱭᱜᱟ ᱨᱮ ᱠᱷᱚᱸᱰ ᱮ ᱵᱮᱱᱟᱣᱟ।
train_santalimale_00876	wavs/train_santalimale_00876.wav	ᱚᱠᱚᱭ ᱡᱤᱞ ᱠᱷᱟᱹᱛᱤᱨ ᱠᱤᱱ ᱱᱮᱭᱟ: ᱠᱟᱱ, ᱩᱱᱤᱭᱟ: ᱦᱚᱲᱢᱚ ᱠᱷᱚᱱ ᱯᱮ ᱠᱩᱴᱤ ᱡᱤᱞ ᱮ ᱜᱮᱫᱼᱟ ᱟᱜᱩᱭᱟ।
train_santalimale_00877	wavs/train_santalimale_00877.wav	ᱟᱨ ᱚᱱᱟ ᱠᱷᱚᱸᱰ ᱨᱮ ᱫᱚᱦᱚᱭᱟᱭ।
train_santalimale_00878	wavs/train_santalimale_00878.wav	ᱱᱮᱭᱟᱣ ᱠᱟᱱ ᱠᱚᱲᱟᱹ ᱫᱚ ᱩᱢ ᱱᱟᱹᱲᱠᱟ ᱟᱹᱜᱩ ᱠᱟᱛᱮ ᱮᱭᱟᱭ ᱢᱚᱠᱟ ᱥᱟᱹᱜᱤᱧ ᱨᱮ ᱡᱚᱲ ᱛᱮ ᱠᱚ ᱛᱤᱸᱜᱩ ᱠᱤᱱᱟ।
train_santalimale_00879	wavs/train_santalimale_00879.wav	ᱫᱤᱥᱣᱟᱹ ᱠᱚ ᱦᱚᱨᱤᱵᱚᱞ ᱢᱮᱱᱠᱟᱛᱮ ᱚᱱᱟ ᱠᱷᱚᱸᱰ ᱛᱟᱞᱟᱨᱮ ᱢᱮᱱᱟᱷ ᱡᱤᱞᱠᱚ ᱚᱰᱚᱝ ᱦᱚᱪᱚ ᱠᱤᱱᱟ, ᱡᱟᱦᱟᱸᱭ ᱜᱮ ᱢᱟᱲᱟᱹᱝ ᱛᱮ ᱥᱮᱸᱫᱨᱟ ᱮ ᱵᱟᱡᱟᱣ ᱟᱠᱟᱫᱼᱟ ᱫᱮᱭᱟ ᱩᱱᱤᱜᱮ ᱡᱤᱞᱚᱠᱩᱴᱤ ᱫᱚᱭ ᱚᱰᱚᱝ ᱫᱟᱲᱮᱹᱭᱟ: ᱟ।
train_santalimale_00880	wavs/train_santalimale_00880.wav	ᱱᱚᱣᱟ ᱠᱟᱹᱞᱠᱟ ᱩᱴᱷᱟᱣ ᱠᱟᱹᱢᱤ ᱫᱚ ᱣᱤᱪᱟᱨ ᱞᱮᱠᱟ ᱛᱮᱠᱚ ᱥᱟᱫᱼᱟ ᱯᱩᱨᱟᱹᱣᱟ।
train_santalimale_00881	wavs/train_santalimale_00881.wav	ᱥᱮᱸᱫᱨᱟ ᱵᱤᱨ ᱨᱮ ᱫᱚ ᱥᱟᱱᱟᱢ ᱠᱚ ᱜᱮ ᱟᱠᱚᱣᱟ: ᱜᱟᱸᱣᱛᱟ ᱨᱮᱱ ᱦᱚᱲ ᱠᱚ ᱫᱚ ᱥᱚᱢᱟᱱ ᱛᱮᱜᱮ ᱡᱤᱞ ᱫᱚ ᱠᱚ ᱦᱟᱴᱤᱧᱟ ᱢᱮᱱᱠᱷᱟᱱ ᱡᱟᱦᱟᱸᱭ ᱮ ᱵᱟᱡᱟᱣ ᱟᱠᱟᱫᱼᱟ ᱫᱮᱭᱟ, ᱩᱱᱤ ᱫᱚ ᱢᱤᱫᱼᱟᱴᱟᱝ ᱯᱷᱟᱹᱲᱤ ᱮ ᱧᱟᱢᱟ।
train_santalimale_00882	wavs/train_santalimale_00882.wav	ᱥᱮᱸᱫᱨᱟ ᱠᱚᱲᱟᱹ ᱠᱚ ᱥᱮᱸᱫᱨᱟ ᱵᱷᱟᱜᱟᱣ ᱠᱟᱛᱮ ᱢᱤᱫᱼᱟᱴᱟᱝ ᱴᱟᱸᱰᱤ ᱨᱮ ᱠᱚ ᱟᱸᱲᱜᱚ ᱧᱟᱯᱟᱢᱟ।
train_santalimale_00883	wavs/train_santalimale_00883.wav	ᱚᱱᱟ ᱫᱚ ᱥᱩᱛᱟᱝ ᱴᱟᱸᱰᱤ ᱦᱚᱸ ᱠᱚ ᱢᱮᱛᱟᱷ ᱟ।
train_santalimale_00884	wavs/train_santalimale_00884.wav	ᱱᱚᱣᱟ ᱜᱤᱯᱤᱛᱤᱡᱼᱟ ᱴᱟᱸᱰᱤ ᱨᱮ ᱫᱚᱸᱜᱮᱲ ᱟᱨ ᱥᱤᱸᱜᱨᱟᱭ ᱠᱚ ᱮᱱᱮᱡᱼᱟ ᱥᱮᱨᱮᱧᱟ।
train_santalimale_00885	wavs/train_santalimale_00885.wav	ᱥᱤᱸᱜᱨᱟᱭ ᱥᱮᱨᱮᱧ ᱨᱮᱱᱟ: ᱨᱚᱥ, ᱠᱞᱟ, ᱟᱨ ᱵᱷᱟᱣ ᱫᱚ ᱢᱤᱞᱣᱟ ᱢᱟᱭᱟ, ᱫᱩᱞᱟᱲ ᱛᱚᱱᱚᱞ ᱟᱨ ᱡᱩᱣᱟᱱ ᱨᱮᱱᱟ: ᱠᱟᱛᱷᱟ ᱜᱮ ᱵᱟᱹᱲᱛᱤ ᱠᱟᱛᱮ ᱫᱚ ᱢᱮᱱᱟ: ᱟ।
train_santalimale_00886	wavs/train_santalimale_00886.wav	ᱱᱚᱣᱟ ᱥᱮᱨᱮᱧ ᱫᱚ ᱡᱟᱦᱟᱸᱛᱟᱦᱟᱸ ᱵᱟᱝᱠᱚ ᱥᱮᱨᱮᱧᱟ।
train_santalimale_00887	wavs/train_santalimale_00887.wav	ᱱᱮᱛᱟᱨ ᱫᱚ ᱥᱤᱧ ᱥᱤᱸᱜᱨᱟᱭ ᱧᱩᱛᱩᱢ ᱛᱮ ᱥᱤᱧ ᱢᱟᱨᱥᱟᱹᱞ ᱠᱩᱲᱤ ᱦᱚᱯᱚᱱ ᱠᱚ ᱧᱮᱞ ᱞᱟᱹᱜᱤᱫᱼᱟ ᱛᱮ ᱥᱟᱸᱣᱛᱟ ᱨᱮᱱᱟᱷ ᱠᱟᱹᱦᱱᱤ ᱠᱚ ᱞᱟᱤ ᱵᱟᱲᱟᱹᱭᱮᱫᱟ, ᱚᱱᱟᱛᱮ ᱚᱱᱟ ᱫᱚ ᱥᱤᱧ ᱥᱤᱸᱜᱨᱟᱭ ᱵᱟᱝᱠᱷᱟᱱ ᱥᱟᱸᱣᱛᱟ ᱥᱤᱸᱜᱨᱟᱭ ᱠᱚ ᱢᱮᱛᱟ: ᱠᱟᱱᱟ।
train_santalimale_00888	wavs/train_santalimale_00888.wav	ᱠᱟᱛᱷᱟᱭ ᱢᱮᱱᱟᱠᱚ ᱥᱮᱫᱟᱭ ᱯᱤᱞᱪᱩ ᱦᱟᱲᱟᱹᱢ ᱟᱨ ᱯᱤᱞᱪᱩ ᱵᱩᱲᱦᱤ ᱨᱮᱱ, ᱮᱭᱟᱭ ᱠᱩᱲᱤ ᱢᱟᱱᱚᱵᱤᱨ ᱛᱮ ᱥᱮᱸᱫᱨᱟ ᱠᱚ ᱪᱟᱞᱟᱣ ᱞᱮᱱᱟ।
train_santalimale_00889	wavs/train_santalimale_00889.wav	ᱩᱱᱡᱚᱦᱚ: ᱩᱱᱠᱚ ᱮᱭᱟᱭ ᱠᱩᱲᱤ ᱫᱚ ᱛᱤᱨᱭᱚ ᱠᱚ ᱚᱨᱚᱝᱞᱮᱛ ᱟᱷ ᱟᱨ ᱴᱟᱢᱟᱠ ᱠᱚ ᱨᱩᱞᱮᱫᱼᱟ ᱛᱟᱸᱦᱮᱸᱠᱟᱱᱟ।
train_santalimale_00890	wavs/train_santalimale_00890.wav	ᱩᱱᱡᱚᱦᱚ: ᱴᱟᱢᱟᱠ ᱫᱚ ᱥᱟᱰᱮᱞᱮᱱᱟ ᱪᱮᱰᱮ ᱪᱮᱰᱮ ᱛᱮ, ᱟᱨ ᱛᱤᱨᱭᱚ ᱥᱟᱰᱮᱞᱮᱱᱟ ᱛᱩᱲᱤ ᱟᱲᱟᱹᱝ ᱛᱩᱲᱤ ᱟᱲᱟᱹᱝ।
train_santalimale_00891	wavs/train_santalimale_00891.wav	ᱚᱱᱡᱚᱦᱚ: ᱩᱱᱠᱩ ᱮᱭᱟᱭ ᱠᱩᱲᱤ ᱫᱚ ᱢᱟᱱᱚᱵᱤᱨ ᱵᱷᱤᱛᱨᱤᱥᱮᱛ ᱠᱚ ᱵᱚᱞᱚ ᱤᱫᱤ ᱞᱮᱱᱟ।
train_santalimale_00892	wavs/train_santalimale_00892.wav	ᱡᱟᱨᱯᱟ ᱮᱥᱮᱫᱼᱟ ᱠᱮᱫᱟ ᱠᱚ ᱜᱚᱴᱟ ᱯᱟᱲᱟᱹ।
train_santalimale_00893	wavs/train_santalimale_00893.wav	ᱡᱟᱨᱯᱟᱡᱟᱨᱯᱟ ᱛᱮ, ᱡᱟᱨᱯᱟ ᱧᱟᱢᱞᱮᱫᱮᱭᱟ ᱠᱚ ᱥᱟᱹᱞ ᱵᱩᱨᱩᱢ ᱨᱮ ᱥᱟᱹᱞ ᱦᱚᱯᱚᱱ, ᱥᱟᱹᱞ ᱦᱚᱯᱚᱱ ᱧᱟᱢ ᱥᱟᱸᱣᱛᱮ ᱢᱤᱫᱼᱟᱴᱟᱝ ᱠᱩᱲᱤ ᱫᱚᱭ ᱦᱚᱦᱚᱞᱮᱫᱼᱟ ᱟ।
train_santalimale_00894	wavs/train_santalimale_00894.wav	ᱫᱮᱞᱟ ᱱᱟᱹᱤ ᱦᱤᱡᱩ ᱯᱮ, ᱥᱟᱹᱞ ᱤᱧ ᱧᱟᱢ ᱟᱠᱟᱫᱼᱟ ᱫᱮᱭᱟ।
train_santalimale_00895	wavs/train_santalimale_00895.wav	ᱟᱹᱫᱚ ᱥᱟᱱᱟᱢ ᱠᱩᱲᱤ ᱠᱚ ᱡᱟᱸᱣᱨᱟᱭᱮᱱ ᱛᱮ ᱥᱟᱹᱞ ᱦᱚᱯᱚᱱ ᱠᱚ ᱛᱩᱱᱩᱢ ᱵᱟᱲᱟᱹ ᱠᱮᱫᱮᱭᱟ।
train_santalimale_00896	wavs/train_santalimale_00896.wav	ᱮᱱᱠᱷᱟᱱ ᱩᱱᱤ ᱥᱟᱹᱞ ᱦᱚᱯᱚᱱ ᱫᱚ ᱥᱚᱸᱜᱮ ᱛᱮᱭ ᱞᱟᱲᱟᱹᱣ ᱮᱱᱟ।
train_santalimale_00897	wavs/train_santalimale_00897.wav	ᱠᱩᱴᱟᱹᱢ ᱥᱟᱸᱣᱛᱮ ᱥᱟᱹᱞ ᱦᱚᱯᱚᱱ ᱫᱚ ᱠᱟᱥᱠᱚᱢ ᱵᱤᱨᱛᱮᱭ ᱫᱟᱹᱲ ᱠᱮᱫᱟ, ᱮᱱᱠᱷᱟᱱ ᱩᱱᱠᱩ ᱠᱩᱲᱤ ᱫᱚ ᱥᱟᱹᱞ ᱦᱚᱯᱚᱱ ᱜᱚᱴᱟ ᱠᱟᱥᱠᱚᱢ ᱵᱤᱨ ᱠᱚ ᱞᱟᱜᱟ ᱟᱹᱪᱩᱨ ᱠᱮᱫᱮᱭᱟ, ᱟᱨ ᱠᱚ ᱟᱫᱼᱟ ᱠᱮᱫᱮᱭᱟ।
train_santalimale_00898	wavs/train_santalimale_00898.wav	ᱟᱫᱼᱟ ᱠᱮᱫᱮᱠᱷᱟᱱ ᱤᱛᱤᱞ ᱢᱮᱱᱛᱮ ᱠᱟᱥᱠᱚᱢ ᱛᱩᱞᱟᱢ ᱠᱚ ᱦᱟᱞᱟᱝ ᱵᱟᱲᱟᱹ ᱟᱱᱟ ᱟᱨ ᱚᱲᱟᱹ: ᱛᱮᱠᱚ ᱨᱩᱣᱟᱹᱲ ᱦᱮᱡᱼᱟ ᱮᱱᱟ।
train_santalimale_00899	wavs/train_santalimale_00899.wav	ᱫᱚᱥᱟᱨ ᱦᱤᱞᱚ: ᱟᱨ ᱦᱚᱸ ᱥᱮᱸᱫᱨᱟ ᱵᱟᱲᱟᱹᱠᱟᱛᱮ ᱡᱷᱟᱨᱱᱟ ᱨᱮ ᱫᱟ: ᱧᱩ ᱠᱟᱛᱮ ᱚᱲᱟᱹ: ᱛᱮ ᱠᱚ ᱨᱩᱣᱟᱹᱲ ᱦᱤᱡᱩᱷ ᱠᱟᱱᱟ, ᱩᱱᱡᱚᱦᱚ: ᱢᱤᱫᱼᱟᱴᱟᱝ ᱠᱩᱞᱟᱤ ᱦᱚᱯᱚᱱ ᱫᱚ ᱫᱚᱱ ᱛᱩᱫᱼᱟ ᱮᱱᱟᱭ।
train_santalimale_00900	wavs/train_santalimale_00900.wav	ᱮᱱᱠᱷᱟᱱ ᱜᱮ ᱢᱤᱫᱼᱟᱴᱟᱝ ᱠᱩᱲᱤ ᱫᱚᱭ ᱢᱮᱱᱠᱮᱫᱼᱟ ᱟ ᱠᱩᱞᱟᱹᱤᱱᱟ ᱠᱩᱞᱟᱹᱤᱱᱟ।
train_santalimale_00901	wavs/train_santalimale_00901.wav	ᱚᱱᱟ ᱥᱩᱨ ᱨᱮ ᱛᱟᱸᱦᱮᱠᱟᱱ ᱠᱩᱲᱤ ᱫᱚᱭ ᱢᱮᱱᱠᱮᱫᱼᱟ ᱟ ᱴᱷᱤᱸᱴᱲᱟᱹᱷ ᱱᱟ, ᱠᱩᱴᱟᱹᱢᱚ: ᱢᱮ, ᱰᱤᱸᱴᱲᱟᱹ: ᱱᱟ ᱠᱩᱴᱟᱹᱢᱚ ᱢᱮ।
train_santalimale_00902	wavs/train_santalimale_00902.wav	ᱤᱱᱟ: ᱛᱮ ᱟᱹᱰᱤ ᱥᱟᱹᱜᱤᱧ ᱠᱩᱞᱟᱹᱤ ᱫᱚᱭ ᱫᱟᱹᱲᱠᱮᱫᱼᱟ ᱟ।
train_santalimale_00903	wavs/train_santalimale_00903.wav	ᱢᱤᱫᱼᱟᱜᱷᱟᱲᱤ ᱛᱟᱭᱚᱢ ᱩᱱᱠᱩ ᱠᱩᱲᱤ ᱦᱚᱯᱚᱱ ᱫᱚ ᱟᱧᱡᱚᱢ ᱧᱟᱢ ᱠᱮᱫᱟ ᱠᱚ ᱠᱩᱞᱭᱟ ᱠᱩᱞᱭᱟ।
train_santalimale_00904	wavs/train_santalimale_00904.wav	ᱮᱱᱠᱷᱟᱱ ᱩᱱᱠᱩ ᱠᱩᱲᱤ ᱫᱚ ᱵᱚᱛᱚᱨ ᱛᱮ ᱠᱚ ᱫᱟᱹᱲ ᱠᱮᱫᱟ, ᱚᱠᱚᱭ ᱫᱚ ᱠᱚ ᱦᱟᱫᱨᱟᱣ ᱮᱱᱟ, ᱟᱨ ᱚᱠᱚᱭ ᱫᱚ ᱠᱚ ᱵᱷᱤᱸᱫᱟᱹᱲ ᱮᱱᱟ।
train_santalimale_00905	wavs/train_santalimale_00905.wav	ᱩᱱᱠᱩ ᱠᱩᱲᱤ ᱦᱚᱯᱚᱱ ᱫᱚ ᱪᱤᱞᱤ ᱦᱚᱸ ᱵᱟᱝᱠᱚ ᱥᱮᱸᱫᱨᱟ ᱫᱟᱲᱮᱹᱭᱟᱫᱼᱟ ᱠᱚᱣᱟ।
train_santalimale_00906	wavs/train_santalimale_00906.wav	ᱮᱱᱠᱷᱟᱱ ᱩᱱᱠᱩ ᱫᱚ ᱵᱤᱨ ᱫᱷᱟᱨᱮ ᱛᱮ ᱩᱫᱼᱟ, ᱯᱩᱴᱠᱟ, ᱛᱤᱨᱤᱞ, ᱛᱟᱨᱚᱵᱼᱟ ᱮᱢᱟᱱᱟ: ᱠᱚ ᱠᱟᱨᱠᱟ ᱠᱮᱫᱼᱟ ᱟ।
train_santalimale_00907	wavs/train_santalimale_00907.wav	ᱠᱟᱨᱠᱟ ᱵᱷᱟᱜᱟᱣ ᱠᱟᱛᱮ ᱚᱲᱟᱹ: ᱛᱮᱠᱚ ᱨᱩᱣᱟᱹᱲ ᱪᱟᱞᱟᱣ ᱮᱱᱟ।
train_santalimale_00908	wavs/train_santalimale_00908.wav	ᱩᱱᱠᱷᱚᱱ ᱜᱮ ᱯᱤᱞᱪᱩ ᱦᱟᱲᱟᱹᱢ ᱵᱩᱲᱦᱤ ᱛᱤᱠᱤᱱ ᱠᱤᱱ ᱢᱮᱛᱟᱷ ᱠᱚᱣᱟ, ᱟᱯᱮ ᱠᱩᱲᱤ ᱦᱚᱯᱚᱱ ᱫᱚ ᱥᱮᱸᱫᱨᱟ ᱫᱚ ᱵᱟᱝᱯᱮ ᱫᱟᱲᱮᱹᱭᱟ: ᱟ।
train_santalimale_00909	wavs/train_santalimale_00909.wav	ᱟᱯᱮ ᱠᱩᱲᱤ ᱦᱚᱯᱚᱱ ᱫᱚ ᱜᱟᱯᱟ ᱠᱷᱚᱱ ᱠᱟᱨᱠᱟ ᱠᱟᱛᱮ ᱜᱮ ᱟᱥᱩᱞᱚ: ᱯᱮ।
train_santalimale_00910	wavs/train_santalimale_00910.wav	ᱩᱱᱠᱷᱚᱱ ᱜᱮ ᱠᱩᱲᱤ ᱦᱚᱯᱚᱱ ᱠᱚ ᱫᱚ ᱵᱤᱨ ᱫᱷᱟᱨᱮ ᱫᱷᱟᱨᱮ ᱛᱮ ᱠᱚ ᱠᱟᱨᱠᱟᱭᱮᱫᱼᱟ ᱟ।
train_santalimale_00911	wavs/train_santalimale_00911.wav	ᱢᱤᱫᱼᱟ ᱥᱚᱢᱚᱭ ᱡᱷᱟᱨᱚᱠᱷᱚᱬᱰ ᱯᱚᱱᱚᱛ ᱨᱮᱱᱟ: ᱪᱟᱸᱫᱚ ᱨᱟᱠᱟᱯ ᱯᱦᱟᱴᱟ ᱫᱚ ᱢᱮᱫᱤᱱᱤᱯᱩᱨ ᱡᱤᱞᱟ ᱨᱮᱱᱟ: ᱦᱤᱥ ᱛᱟᱸᱦᱮᱸᱠᱟᱱᱟ।
train_santalimale_00912	wavs/train_santalimale_00912.wav	ᱱᱚᱣᱟ ᱴᱷᱟᱸᱣᱠᱚ ᱨᱮ ᱫᱚ ᱥᱮᱫᱟᱭ ᱠᱷᱚᱱᱜᱮ ᱟᱹᱫᱢᱟᱱᱣᱟ ᱥᱟᱱᱛᱟᱲ, ᱢᱩᱸᱰᱟ ᱟᱨ ᱠᱷᱟᱲᱤᱹᱭᱟ ᱦᱚᱲ ᱫᱚᱠᱚ ᱛᱟᱸᱦᱮ ᱦᱮᱡᱼᱟ ᱟᱠᱟᱱᱟ।
train_santalimale_00913	wavs/train_santalimale_00913.wav	ᱥᱟᱱᱛᱟᱲᱤ, ᱢᱩᱸᱰᱟ ᱟᱨ ᱠᱷᱟᱲᱤᱹᱭᱟ ᱵᱷᱟᱥᱟ ᱥᱟᱸᱣᱛᱮ ᱟᱨᱭ ᱯᱟᱨᱥᱤ ᱨᱮᱱᱟ: ᱚᱯᱚᱵᱷᱨᱚᱸᱥ ᱯᱟᱹᱨᱥᱤ ᱫᱷᱚᱞᱵᱷᱩᱢᱤ ᱡᱷᱟᱨᱚᱠᱷᱚᱬᱰᱤ ᱵᱷᱟᱥᱟ ᱨᱮᱱᱟ: ᱵᱚᱞᱪᱟᱞ ᱦᱚᱸ ᱛᱟᱸᱦᱮᱸᱠᱟᱱᱟ।
train_santalimale_00914	wavs/train_santalimale_00914.wav	ᱩᱱ ᱚᱠᱛᱮ ᱥᱟᱱᱛᱟᱲᱤ ᱯᱟᱹᱨᱥᱤ ᱫᱚ ᱴᱷᱟᱨ ᱠᱚ ᱢᱮᱛᱟ: ᱠᱟᱱ ᱛᱟᱸᱦᱮᱸᱠᱟᱱᱟ।
train_santalimale_00915	wavs/train_santalimale_00915.wav	ᱱᱚᱣᱟ ᱴᱷᱟᱨ ᱵᱷᱟᱥᱟ ᱫᱚ ᱡᱟᱱᱟᱢ ᱯᱟᱹᱨᱥᱤ ᱥᱟᱱᱛᱟᱲᱤ ᱵᱷᱟᱥᱟ ᱞᱮᱠᱟᱠᱚ ᱢᱚᱱᱮᱭᱮᱫᱼᱟ ᱛᱟᱸᱦᱮᱸᱠᱟᱱᱟ।
train_santalimale_00916	wavs/train_santalimale_00916.wav	ᱚᱱᱟ ᱢᱤᱥᱨᱤᱛ ᱵᱷᱮᱡᱟᱞ ᱯᱟᱹᱨᱥᱤ ᱛᱮ ᱥᱟᱱᱛᱟᱲᱤ ᱯᱟᱛᱟ ᱥᱮᱨᱮᱧ ᱵᱮᱱᱟᱣ ᱟᱠᱟᱱᱟ।
train_santalimale_00917	wavs/train_santalimale_00917.wav	ᱚᱱᱟ ᱚᱠᱛᱮ ᱯᱟᱛᱟ ᱨᱮᱱᱟ: ᱫᱚ ᱟᱹᱰᱤ ᱢᱚᱦᱚᱛᱣ ᱛᱟᱸᱦᱮᱸᱠᱟᱱᱟ।
train_santalimale_00918	wavs/train_santalimale_00918.wav	ᱯᱟᱛᱟ ᱫᱚ ᱢᱤᱫᱼᱟᱴᱟᱝ ᱮᱭᱛᱤᱦᱟᱥᱤᱠ ᱜᱷᱚᱴᱱᱟ ᱨᱮᱱᱟ: ᱪᱷᱟᱵᱼᱟ ᱥᱮ ᱩᱤᱦᱟᱨ ᱜᱷᱚᱴᱱᱟ ᱠᱟᱱᱟ।
train_santalimale_00919	wavs/train_santalimale_00919.wav	ᱩᱤᱦᱟᱨ ᱜᱷᱚᱴᱱᱟ ᱠᱚ ᱜᱮ ᱯᱟᱛᱟ ᱥᱮᱨᱮᱧ ᱨᱮᱱ ᱠᱟᱨᱤᱠᱚᱞᱠᱚ ᱫᱚ ᱥᱟᱱᱛᱟᱲᱤ ᱯᱟᱛᱟ ᱨᱮ ᱯᱟᱛᱟ ᱥᱮᱨᱮᱧᱠᱚ ᱡᱚᱲᱟᱹᱣ ᱠᱮᱫᱟ।
train_santalimale_00920	wavs/train_santalimale_00920.wav	ᱥᱮᱨᱮᱧ ᱨᱮᱱᱟ: ᱵᱷᱟᱥᱟ ᱫᱚ ᱵᱟᱝᱞᱟ ᱥᱟᱱᱛᱟᱲᱤ ᱛᱮ ᱵᱮᱱᱟᱣᱮᱱᱟ ᱟᱨ ᱥᱮᱨᱮᱧ ᱨᱮᱱᱟ: ᱨᱩ ᱨᱟᱦᱟ ᱫᱚ ᱱᱤᱨᱲᱟᱹ ᱥᱟᱱᱛᱟᱲᱤ ᱦᱚᱲ ᱥᱮᱨᱮᱧ ᱨᱟᱦᱟᱛᱮᱜᱮ ᱛᱚᱞ ᱮᱱᱟ।
train_santalimale_00921	wavs/train_santalimale_00921.wav	ᱯᱟᱛᱟ ᱥᱮᱨᱮᱧ ᱫᱚ ᱞᱚᱠ ᱥᱮᱨᱮᱧ ᱠᱚ ᱢᱮᱛᱟᱜᱟ: ᱟ।
train_santalimale_00922	wavs/train_santalimale_00922.wav	ᱯᱟᱛᱟ ᱥᱮᱨᱮᱧ ᱫᱚ ᱠᱩᱲᱤ ᱦᱚᱯᱚᱱᱟ: ᱢᱚᱪᱟ ᱠᱷᱚᱱᱜᱮ ᱟᱡᱚᱢᱚ: ᱟ, ᱚᱱᱟ ᱛᱮ ᱱᱚᱣᱟ ᱫᱚ ᱠᱩᱲᱤ ᱦᱚᱯᱚᱱᱟ: ᱥᱮᱨᱮᱧ ᱢᱮᱱᱛᱮ ᱜᱮ ᱵᱟᱰᱟᱭᱚ: ᱟ।
train_santalimale_00923	wavs/train_santalimale_00923.wav	ᱠᱟᱛᱷᱟᱭ ᱢᱮᱱᱟᱠᱚ, ᱥᱮᱫᱟᱭ ᱥᱤᱧᱪᱟᱸᱫᱚ ᱟᱨ ᱧᱤᱫᱟᱪᱟᱸᱫᱚ ᱫᱚ ᱡᱩᱨᱤᱯᱟᱹᱨᱤᱠᱤᱱ ᱛᱟᱸᱦᱮᱸᱠᱟᱱᱟ।
train_santalimale_00924	wavs/train_santalimale_00924.wav	ᱥᱤᱧᱪᱟᱸᱫᱚ ᱫᱚ ᱦᱮᱨᱮᱞ ᱟᱨ ᱧᱤᱫᱟᱪᱟᱸᱫᱚ ᱫᱚ ᱢᱟᱤᱡᱩ ᱠᱟᱱᱟᱠᱤᱱ।
train_santalimale_00925	wavs/train_santalimale_00925.wav	ᱩᱱᱚᱠᱤᱱ ᱨᱮᱱ ᱫᱚ ᱟᱭᱢᱟ ᱠᱚᱲᱟᱹ ᱜᱤᱫᱨᱟᱹ ᱟᱨ ᱟᱭᱢᱟ ᱠᱩᱲᱤ ᱜᱤᱫᱨᱟᱹᱠᱚ ᱛᱟᱸᱦᱮᱸᱠᱟᱱᱟ।
train_santalimale_00926	wavs/train_santalimale_00926.wav	ᱩᱱᱠᱩ ᱜᱤᱫᱨᱟᱹ ᱠᱚ ᱦᱟᱨᱟᱞᱟᱹᱜᱤᱫᱼᱟ ᱛᱮ, ᱜᱤᱫᱨᱟᱹ ᱠᱚ ᱫᱚᱠᱤᱱ ᱦᱟᱹᱴᱤᱧᱞᱟᱫᱼᱟ ᱠᱚᱣᱟ।
train_santalimale_00927	wavs/train_santalimale_00927.wav	ᱠᱚᱲᱟᱹ ᱜᱤᱫᱨᱟᱹᱠᱚ ᱫᱚ ᱟᱯᱟᱫᱼᱟ ᱥᱤᱧᱪᱟᱸᱫᱚ ᱥᱟᱸᱣ ᱟᱨ ᱠᱩᱲᱤ ᱜᱤᱫᱨᱟᱹᱠᱚ ᱫᱚ ᱮᱸᱜᱟᱫᱼᱟ ᱧᱤᱫᱟᱪᱟᱸᱫᱚ ᱥᱟᱸᱣᱠᱚ ᱛᱟᱸᱦᱮᱠᱟᱱ ᱛᱟᱸᱦᱮᱸᱠᱟᱱᱟ।
train_santalimale_00928	wavs/train_santalimale_00928.wav	ᱜᱤᱫᱨᱟᱹᱠᱚ ᱫᱚ ᱟᱠᱤᱱ ᱞᱮᱠᱟ ᱜᱮ ᱠᱚ ᱡᱩᱞ ᱟᱠᱟ ᱜᱮᱠᱚ ᱛᱟᱸᱦᱮᱸᱠᱟᱱᱟ।
train_santalimale_00929	wavs/train_santalimale_00929.wav	ᱚᱱᱟᱛᱮ ᱜᱚᱴᱟ ᱫᱷᱟᱹᱨᱛᱤ ᱟᱹᱰᱤ ᱡᱩᱨᱛᱮ ᱢᱟᱨᱥᱟᱹᱞ ᱮᱭᱦᱚᱵᱼᱟ ᱞᱮᱱᱟ।
train_santalimale_00930	wavs/train_santalimale_00930.wav	ᱜᱤᱫᱨᱟᱹᱠᱚᱣᱟᱷ ᱧᱩᱞ ᱢᱟᱨᱥᱟᱹᱞᱛᱮ ᱫᱷᱟᱹᱨᱛᱤ ᱨᱮᱱ ᱡᱤᱣ ᱡᱤᱭᱟᱹᱞᱤ, ᱫᱟᱨᱮ ᱱᱟᱹᱲᱤ, ᱜᱟᱥᱟᱛ, ᱛᱟᱥᱟᱫᱼᱟ ᱡᱤᱱᱛᱤ, ᱯᱤᱯᱲᱤ ᱠᱚ ᱜᱩᱡᱩ: ᱠᱚ ᱮᱭᱦᱚᱵᱼᱟ ᱮᱱᱟ।
train_santalimale_00931	wavs/train_santalimale_00931.wav	ᱵᱩᱨᱩ ᱡᱷᱟᱨᱱᱟ, ᱜᱟᱰᱟ ᱢᱩᱰᱩ, ᱟᱦᱟᱨ ᱯᱩᱠᱷᱨᱤ ᱨᱮᱱᱟ: ᱫᱟ: ᱦᱚᱸ ᱟᱸᱡᱮᱫᱼᱟ ᱩᱛᱟᱹᱨ ᱮᱱᱟ।
train_santalimale_00932	wavs/train_santalimale_00932.wav	ᱱᱚᱣᱟ ᱠᱚ ᱧᱮᱞ ᱛᱮ, ᱢᱟᱨᱟᱝ ᱵᱩᱨᱩ ᱫᱚ ᱥᱤᱧᱪᱟᱸᱫᱚ ᱟᱨ ᱧᱤᱫᱟᱪᱟᱸᱫᱚ ᱮ ᱢᱮᱛᱟ: ᱠᱤᱱᱟ ᱮᱦᱚ ᱪᱟᱸᱫᱚ ᱵᱚᱸᱜᱟᱠᱤᱱ, ᱟᱹᱵᱤᱱ ᱨᱮᱱ ᱜᱤᱫᱨᱟᱹᱠᱚᱣᱟᱷ ᱞᱚᱞᱚ ᱥᱤᱛᱩᱝᱛᱮ ᱫᱷᱟᱹᱨᱛᱤ ᱨᱮᱱ ᱢᱟᱱᱣᱟ, ᱡᱤᱣ ᱡᱤᱭᱟᱹᱞᱤ ᱟᱨ ᱫᱟᱨᱮᱱᱟᱹᱲᱤ, ᱡᱤᱱᱛᱤ ᱯᱤᱯᱲᱤ ᱠᱚ ᱜᱩᱡᱩ: ᱠᱟᱱᱟ ᱟᱨ ᱚᱛ ᱦᱟᱥᱟᱠᱚ ᱰᱷᱤᱯᱟᱣᱚ: ᱠᱟᱱᱟ।
train_santalimale_00933	wavs/train_santalimale_00933.wav	ᱫᱷᱟᱹᱨᱛᱤ ᱨᱮᱱᱟᱷ ᱦᱟᱞᱚᱫᱼᱟ ᱧᱮᱞᱛᱮ ᱧᱤᱫᱟᱪᱟᱸᱫᱚ ᱫᱚ ᱢᱟᱤᱡᱩᱠᱟᱱᱛᱮ ᱟᱹᱰᱤ ᱮ ᱵᱷᱟᱣᱱᱟᱭᱮᱱᱟ।
train_santalimale_00934	wavs/train_santalimale_00934.wav	ᱮᱱᱠᱷᱟᱱ ᱦᱮᱨᱮᱞᱛᱮᱫᱼᱟ ᱥᱤᱧᱪᱟᱸᱫᱚ ᱮ ᱢᱮᱛᱟᱫᱼᱟ ᱫᱮᱭᱟ ᱮ ᱦᱚ ᱥᱤᱧᱪᱟᱸᱫᱚ ᱧᱮᱞᱢᱮᱥᱮ, ᱟᱞᱟᱝᱨᱮᱱ ᱜᱤᱫᱨᱟᱹ ᱠᱷᱟᱹᱛᱤᱨ ᱛᱮ ᱛᱮᱦᱮᱧ ᱫᱷᱟᱹᱨᱛᱤ ᱫᱚ ᱞᱚ ᱪᱟᱵᱟᱷ ᱠᱟᱱᱟ।
train_santalimale_00935	wavs/train_santalimale_00935.wav	ᱡᱤᱣ ᱡᱤᱭᱟᱹᱞᱤ ᱠᱚ ᱜᱚᱭᱚᱡᱼᱟ ᱪᱟᱵᱟᱷ ᱠᱟᱱᱟ, ᱚᱱᱟᱛᱮ, ᱟᱞᱟᱝᱨᱮᱱ ᱜᱤᱫᱨᱟᱹᱠᱚ ᱫᱚ ᱞᱟᱝ ᱜᱚᱭᱚᱡᱼᱟ ᱠᱚᱢ ᱠᱚᱣᱟ।
train_santalimale_00936	wavs/train_santalimale_00936.wav	ᱮᱱᱠᱷᱟᱱ ᱥᱤᱧᱪᱟᱸᱫᱚ ᱮ ᱢᱮᱱᱠᱮᱫᱼᱟ ᱟ।
train_santalimale_00937	wavs/train_santalimale_00937.wav	ᱢᱟ ᱛᱚᱵᱮ ᱢᱟᱲᱟᱹᱝᱛᱮ ᱫᱚ ᱟᱢᱴᱷᱮᱱ ᱢᱮᱱᱟ: ᱠᱚ ᱠᱩᱲᱤᱜᱤᱫᱨᱟᱹ ᱠᱚ ᱜᱮ ᱡᱚᱢᱠᱚᱢ।
train_santalimale_00938	wavs/train_santalimale_00938.wav	ᱤᱧ ᱫᱚ ᱛᱟᱭᱚᱢᱚᱛᱤᱧ ᱡᱚᱢ ᱠᱚᱣᱟ।
train_santalimale_00939	wavs/train_santalimale_00939.wav	ᱮᱱᱠᱷᱟᱱ ᱧᱤᱫᱟᱪᱟᱸᱫᱚ ᱫᱚ ᱟᱭᱚᱡᱼᱟ ᱨᱮᱱ ᱠᱩᱲᱤ ᱜᱤᱫᱨᱟᱹ ᱫᱚ ᱢᱟᱨᱟᱝ ᱚᱠᱚᱡᱼᱟ ᱫᱤᱲᱢᱤ ᱛᱮᱭ ᱦᱟᱹᱨᱩᱯ ᱮᱥᱮᱫᱼᱟᱠᱟᱫᱼᱟ ᱠᱚᱣᱟᱭ।
train_santalimale_00940	wavs/train_santalimale_00940.wav	ᱟᱨ ᱥᱤᱧᱪᱟᱸᱫᱚ ᱮ ᱢᱮᱛᱟᱫᱼᱟ ᱫᱮᱭᱟ ᱤᱧ ᱨᱮᱱ ᱜᱤᱫᱨᱟᱹᱠᱚ ᱥᱟᱱᱟᱢᱤᱧ ᱡᱚᱢ ᱪᱟᱵᱟᱠᱮᱫᱼᱟ ᱠᱚᱣᱟ।
train_santalimale_00941	wavs/train_santalimale_00941.wav	ᱢᱟ ᱱᱤᱫᱼᱟ ᱫᱚ ᱟᱢᱨᱮᱱ ᱠᱚᱲᱟᱹ ᱜᱤᱫᱨᱟᱹᱠᱚ ᱡᱚᱢ ᱪᱟᱵᱟᱠᱚᱢ।
train_santalimale_00942	wavs/train_santalimale_00942.wav	ᱮᱱᱠᱷᱟᱱ ᱥᱤᱧᱪᱟᱸᱫᱚ ᱫᱚ ᱟᱭᱨᱮᱱ ᱥᱟᱱᱟᱢ ᱜᱤᱫᱨᱟᱹᱠᱚ ᱢᱤᱢᱤᱫᱼᱟᱴᱟᱝ ᱛᱮᱭ ᱡᱚᱢ ᱪᱟᱵᱟᱠᱟᱛ ᱠᱚᱣᱟ, ᱟᱭᱩᱵᱼᱟ ᱮᱱᱠᱷᱟᱱ ᱧᱤᱫᱟᱪᱟᱸᱫᱚ ᱫᱚ ᱟᱭᱨᱮᱱ ᱠᱩᱲᱤ ᱜᱤᱫᱨᱟᱹᱠᱚ ᱫᱚ ᱫᱤᱲᱢᱤ ᱦᱟᱰᱩᱯ ᱠᱷᱚᱱᱮ ᱚᱪᱚᱷᱠᱟᱛ ᱠᱚᱣᱟ।
train_santalimale_00943	wavs/train_santalimale_00943.wav	ᱮᱱᱠᱷᱟᱱᱜᱮ ᱠᱩᱲᱤᱜᱤᱫᱨᱟᱹ ᱠᱚᱣᱟ: ᱢᱟᱨᱥᱟᱹᱞᱛᱮ ᱜᱚᱴᱟ ᱥᱮᱨᱢᱟ ᱢᱟᱨᱥᱟᱹᱞᱮᱱᱟ, ᱥᱤᱧᱪᱟᱸᱫᱚ ᱢᱟᱨᱥᱟᱹᱞ ᱮ ᱧᱮᱞᱠᱮᱫᱼᱟ ᱠᱷᱟᱱ ᱟᱹᱰᱤ ᱮ ᱨᱟᱹᱜᱤᱭᱮᱱᱟ।
train_santalimale_00944	wavs/train_santalimale_00944.wav	ᱮᱫᱨᱮ, ᱟᱲᱤᱹᱥ ᱟᱨ ᱨᱟᱹᱜᱤ ᱛᱮ ᱥᱤᱧᱪᱟᱸᱫᱚ ᱫᱚ ᱟᱭᱚᱡᱼᱟ ᱵᱟᱦᱩ ᱢᱟ: ᱜᱚᱡᱼᱟ ᱞᱟᱹᱜᱤᱛ ᱮ ᱜᱩᱲᱫᱟᱹᱣ ᱠᱮᱫᱮᱭᱟ।
train_santalimale_00945	wavs/train_santalimale_00945.wav	ᱞᱟᱜᱟ ᱞᱟᱜᱟ ᱛᱮ ᱞᱟᱜᱟ ᱥᱮᱴᱮᱨ ᱠᱮᱫᱮᱭᱟᱭ।
train_santalimale_00946	wavs/train_santalimale_00946.wav	ᱟᱨ ᱠᱟᱹᱯᱤ ᱛᱮ ᱠᱷᱮᱫᱮ ᱠᱷᱮᱫᱮ ᱜᱮᱞᱢᱚᱲᱮᱹ ᱫᱷᱟᱣ ᱛᱮ ᱢᱟ: ᱛᱚᱯᱟ: ᱠᱮᱫᱮᱭᱟᱭ ᱟᱨ ᱮ ᱵᱟᱹᱜᱤ ᱦᱚᱴᱚ ᱟᱹᱫᱮᱭᱟ।
train_santalimale_00947	wavs/train_santalimale_00947.wav	ᱢᱮᱱᱠᱷᱟᱱ ᱧᱤᱫᱟᱪᱟᱸᱫᱚ ᱫᱚ ᱠᱟᱤᱡᱼᱟ ᱠᱟᱤᱡᱼᱟ ᱛᱮ ᱜᱮᱞᱢᱚᱲᱮᱹ ᱢᱟᱦᱟ ᱫᱤᱱ ᱨᱮ ᱟᱨ ᱦᱚᱸᱭ ᱦᱟᱨᱟᱭᱮᱱᱟ ᱩᱱᱡᱚᱦᱚ ᱧᱤᱫᱟᱪᱟᱸᱫᱚ ᱫᱚ ᱟᱡᱟ: ᱡᱤᱫᱤ ᱵᱟᱧᱪᱟᱣ ᱫᱚᱦᱚᱭ ᱞᱟᱹᱜᱤᱫᱼᱟ ᱛᱮ ᱢᱤᱫᱼᱟᱴᱟᱝ ᱠᱩᱲᱤᱜᱤᱫᱨᱟᱹ ᱫᱚ ᱥᱤᱧᱪᱟᱸᱫᱚ ᱭ ᱦᱟᱹᱴᱤᱧ ᱟᱹᱫᱮᱭᱟ।
train_santalimale_00948	wavs/train_santalimale_00948.wav	ᱩᱱᱤ ᱦᱚᱯᱚᱱ ᱮᱨᱟ ᱠᱩᱲᱤ ᱜᱤᱫᱨᱟᱹᱣᱟ: ᱧᱩᱛᱩᱢ ᱫᱚ ᱵᱷᱩᱨᱠᱟ ᱤᱯᱤᱞ ᱠᱤᱱ ᱫᱚᱦᱚ ᱠᱮᱫᱟ।
train_santalimale_00949	wavs/train_santalimale_00949.wav	ᱚᱱᱟᱛᱮ ᱱᱮᱛᱟᱨ ᱦᱚᱸ ᱧᱤᱫᱟᱪᱟᱸᱫᱚ ᱥᱮᱨᱢᱟ ᱨᱮ ᱨᱟᱠᱟᱵᱚᱷ ᱯᱟᱦᱤᱞ ᱵᱷᱩᱨᱠᱟ ᱤᱯᱤᱞ ᱜᱮ ᱥᱮᱨᱢᱟ ᱨᱮ ᱨᱟᱠᱟᱵᱼᱟ ᱟᱭ।
train_santalimale_00950	wavs/train_santalimale_00950.wav	ᱢᱮᱱᱟᱠᱚ, ᱱᱤᱫᱼᱟᱫᱷᱟᱹᱵᱤᱡᱼᱟ ᱦᱚᱸ ᱥᱤᱧᱪᱟᱸᱫᱚ ᱣᱟ: ᱨᱟᱹᱜᱤ ᱫᱚ ᱵᱟᱝ ᱨᱟᱲᱮᱹᱡᱼᱟ ᱟᱠᱟᱱᱟ।
train_santalimale_00951	wavs/train_santalimale_00951.wav	ᱚᱱᱟᱛᱮ ᱥᱤᱧᱪᱟᱸᱫᱚ ᱫᱚ ᱧᱤᱫᱟᱪᱟᱸᱫᱚ ᱫᱚ ᱜᱩᱲᱫᱟᱣ ᱟᱠᱟᱜᱮ ᱢᱮᱱᱟᱭᱟ।
train_santalimale_00952	wavs/train_santalimale_00952.wav	ᱥᱤᱧᱪᱟᱸᱫᱚ, ᱧᱤᱫᱟᱪᱟᱸᱫᱚ ᱜᱩᱲᱫᱟᱣᱮᱠᱟᱱᱛᱮ ᱥᱤᱧ ᱟᱨ ᱧᱤᱫᱟ ᱫᱚ ᱦᱩᱭᱩ: ᱠᱟᱱᱟ।
train_santalimale_00953	wavs/train_santalimale_00953.wav	ᱥᱤᱧᱪᱟᱸᱫᱚ ᱫᱚ ᱧᱤᱫᱟᱪᱟᱸᱫᱚ ᱴᱷᱮᱱᱮ ᱥᱮᱴᱮᱨᱞᱮᱱᱠᱷᱟᱱ ᱜᱮ ᱧᱤᱫᱟᱪᱟᱸᱫᱚ ᱫᱚ ᱢᱟ: ᱠᱷᱮᱪᱚ ᱦᱚᱪᱚ: ᱟᱭ।
train_santalimale_00954	wavs/train_santalimale_00954.wav	ᱚᱱᱟ ᱢᱟ: ᱠᱷᱮᱪᱚ ᱫᱚ ᱟᱹᱢᱤ ᱠᱚ ᱢᱮᱛᱟ: ᱟ।
train_santalimale_00955	wavs/train_santalimale_00955.wav	ᱢᱤᱢᱤᱫᱼᱟ ᱟᱢᱤ ᱛᱮ ᱢᱟᱷ ᱯᱩᱨᱟᱣᱞᱮᱠᱷᱟᱱ ᱟᱢᱟᱵᱟᱤᱥᱟ ᱟᱭ।
train_santalimale_00956	wavs/train_santalimale_00956.wav	ᱟᱨ ᱠᱟᱤᱪ ᱠᱟᱤᱪᱛᱮ ᱧᱤᱫᱟᱪᱟᱸᱫᱚ ᱟᱨᱦᱚᱸ ᱥᱩᱢᱟᱨ ᱞᱮᱱᱠᱷᱟᱱ, ᱚᱱᱟ ᱫᱚ ᱢᱩᱞᱩᱷᱠᱚ ᱢᱮᱛᱟ: ᱟ।
train_santalimale_00957	wavs/train_santalimale_00957.wav	ᱥᱩᱢᱟᱨ ᱥᱩᱢᱟᱨ ᱛᱮ ᱥᱩᱢᱟᱨ ᱯᱩᱨᱟᱹᱣᱞᱮᱱ ᱠᱷᱟᱱ, ᱚᱱᱟ ᱫᱚ ᱠᱩᱱᱟᱹᱢᱤ ᱠᱚ ᱢᱮᱛᱟ: ᱟ।
train_santalimale_00958	wavs/train_santalimale_00958.wav	ᱚᱱᱠᱟ ᱞᱮᱠᱟᱛᱮ ᱧᱤᱫᱟ ᱪᱟᱸᱫᱚ ᱫᱚ ᱜᱮᱞᱢᱚᱲᱮᱹ ᱢᱟᱦᱟ ᱫᱚ ᱟᱢᱟ ᱨᱮᱭ ᱛᱟᱸᱦᱮᱸᱱᱟ।
train_santalimale_00959	wavs/train_santalimale_00959.wav	ᱚᱱᱠᱚ ᱞᱮᱠᱟᱛᱮ ᱧᱤᱫᱟᱪᱟᱸᱫᱚ ᱫᱚ ᱟᱢᱟᱵᱟᱤᱥᱤ ᱟᱨ ᱠᱩᱱᱟᱢᱤ ᱞᱮᱠᱷᱟᱭᱟᱭ ᱟᱨ ᱥᱤᱧᱪᱟᱸᱫᱚ ᱫᱚ ᱥᱮᱨᱢᱟ ᱵᱚᱪᱷᱚᱨ ᱫᱤᱱ ᱮ ᱞᱮᱠᱷᱟᱭᱟ।
train_santalimale_00960	wavs/train_santalimale_00960.wav	ᱜᱮᱞᱵᱟᱨ ᱪᱟᱸᱫᱚ ᱨᱮ ᱢᱤᱫᱼᱟᱵᱚᱪᱷᱚᱨ ᱦᱩᱭᱩ: ᱟ।
train_santalimale_00961	wavs/train_santalimale_00961.wav	ᱚᱱᱟᱛᱮ, ᱱᱚᱣᱟᱠᱚ ᱫᱚ ᱢᱟᱨᱟᱝ ᱵᱩᱨᱩᱣᱟ: ᱥᱚᱠᱷᱟ ᱟᱨ ᱞᱟᱹᱤᱠᱟᱛᱷᱟ ᱛᱮ ᱦᱩᱭ ᱟᱠᱟᱜᱮ ᱢᱮᱱᱟ: ᱟ।
train_santalimale_00962	wavs/train_santalimale_00962.wav	ᱠᱟᱛᱷᱟᱭ ᱢᱮᱱᱟᱠᱚ, ᱥᱮᱫᱟᱭ ᱥᱮᱨᱢᱟ ᱫᱤᱥᱚᱢ ᱨᱮ, ᱥᱤᱧᱪᱟᱸᱫᱚ ᱟᱨ ᱧᱤᱫᱟᱪᱟᱸᱫᱚ ᱫᱚ ᱡᱩᱨᱤᱯᱟᱹᱨᱤ ᱠᱤᱱ ᱛᱟᱸᱦᱮᱸᱠᱟᱱᱟ।
train_santalimale_00963	wavs/train_santalimale_00963.wav	ᱢᱤᱫᱼᱟᱫᱷᱟᱣ ᱫᱷᱟᱹᱨᱛᱤ ᱨᱮᱱᱟ: ᱫᱟᱨᱮ, ᱱᱟᱹᱲᱤ, ᱜᱟᱥᱟᱛ, ᱛᱟᱥᱟᱛ ᱞᱚ: ᱡᱷᱟᱨᱠᱟᱣᱞᱮᱱ ᱛᱟᱸᱦᱮᱸᱠᱟᱱᱟ।
train_santalimale_00964	wavs/train_santalimale_00964.wav	ᱡᱤᱣ ᱡᱤᱭᱟᱹᱞᱤᱠᱚ ᱜᱚᱭᱚᱡᱼᱟᱞᱮᱱ ᱛᱟᱸᱦᱮᱸᱠᱟᱱᱟ।
train_santalimale_00965	wavs/train_santalimale_00965.wav	ᱩᱱᱡᱚᱦᱚᱷ ᱱᱚᱣᱟ ᱫᱚᱥᱟ ᱧᱮᱞᱛᱮ ᱢᱟᱨᱟᱝᱚᱵᱩᱨᱩ ᱫᱚ ᱥᱤᱧᱪᱟᱸᱫᱚ ᱟᱨ ᱧᱤᱫᱟᱪᱟᱸᱫᱚ ᱴᱷᱮᱱᱮ ᱪᱟᱞᱟᱣᱞᱮᱱ ᱛᱟᱸᱦᱮᱸᱠᱟᱱ।
train_santalimale_00966	wavs/train_santalimale_00966.wav	ᱟᱨ ᱱᱚᱣᱟ ᱫᱷᱟᱹᱨᱛᱤ ᱚᱦᱚᱡᱼᱟ ᱨᱮ ᱛᱟᱸᱦᱮᱸᱠᱟᱱ ᱡᱤᱣ ᱡᱤᱭᱟᱹᱞᱤ ᱵᱟᱵᱚᱫᱼᱟᱛᱮᱭ ᱞᱟᱭ ᱟᱫᱼᱟᱠᱤᱱ ᱛᱟᱸᱦᱮᱸᱠᱟᱱᱟ।
train_santalimale_00967	wavs/train_santalimale_00967.wav	ᱩᱱᱡᱚᱦᱚ: ᱥᱮᱨᱢᱟᱯᱩᱨᱤ ᱨᱮ ᱫᱚ ᱫᱩᱥᱟᱫ ᱢᱟᱸᱡᱷᱤ ᱨᱟᱡᱟ ᱫᱚ ᱟᱹᱰᱤ ᱠᱤᱥᱟᱲ ᱦᱚᱲᱮᱹ ᱛᱟᱸᱦᱮᱸᱠᱟᱱᱟ।
train_santalimale_00968	wavs/train_santalimale_00968.wav	ᱦᱩᱰᱩ, ᱪᱟᱣᱞᱮ, ᱫᱷᱚᱱ, ᱟᱱᱟᱡᱼᱟ, ᱢᱩᱨᱟᱹᱤ ᱢᱨᱟᱹᱤ ᱯᱮᱨᱮᱪ ᱛᱟᱸᱦᱮᱸᱠᱟᱱᱟ।
train_santalimale_00969	wavs/train_santalimale_00969.wav	ᱮᱱᱠᱷᱟᱱ ᱥᱤᱧᱪᱟᱸᱫᱚ ᱟᱨ ᱧᱤᱫᱟᱪᱟᱸᱫᱚ ᱫᱚ ᱫᱩᱥᱟᱫ ᱢᱟᱸᱡᱷᱤ ᱨᱟᱡᱟ ᱴᱷᱮᱱ ᱠᱷᱚᱱ ᱢᱟᱱᱣᱟᱠᱚ ᱡᱚᱢ ᱞᱟᱹᱜᱤᱫᱼᱟ ᱛᱮ ᱦᱩᱰᱩ ᱪᱟᱣᱞᱮ ᱟᱱᱚᱡᱚᱠᱤᱱ ᱠᱚᱭᱞᱮᱫᱼᱟ ᱟ।
train_santalimale_00970	wavs/train_santalimale_00970.wav	ᱢᱮᱱᱠᱷᱟᱱ ᱨᱟᱡᱟ ᱫᱚ ᱵᱟᱭ ᱮᱢᱞᱮᱫᱼᱟ ᱟ, ᱟᱨ ᱮ ᱢᱮᱱᱠᱮᱫᱼᱟ ᱟ ᱮᱦᱚ ᱥᱤᱧᱪᱟᱸᱫᱚ ᱟᱨ ᱧᱤᱫᱟᱪᱟᱸᱫᱚ ᱡᱩᱫᱤ ᱟᱵᱤᱱ ᱩᱫᱷᱟᱨ ᱨᱮᱱ ᱵᱟᱵᱚᱫᱼᱟ ᱛᱮ ᱦᱩᱰᱩᱪᱟᱣᱞᱮᱵᱤᱱ ᱤᱫᱤᱭᱟ, ᱮᱱᱠᱷᱟᱱ ᱫᱚᱧ ᱮᱢ ᱦᱟᱛᱟᱲᱟᱹᱵᱤᱱᱟ।
train_santalimale_00971	wavs/train_santalimale_00971.wav	ᱱᱚᱣᱟ ᱠᱟᱛᱷᱟ ᱫᱩᱥᱟᱫ ᱢᱟᱸᱡᱷᱤ ᱨᱟᱡᱟᱣᱟᱷ ᱢᱚᱪᱟᱠᱷᱚᱱ ᱟᱧᱡᱚᱢᱠᱮᱫᱼᱟ ᱠᱷᱟᱱᱚᱠᱤᱱ ᱪᱟᱸᱫᱚ ᱵᱚᱸᱜᱟ ᱫᱚ ᱩᱫᱷᱟᱹᱨ ᱨᱮᱱ ᱦᱟᱞᱟ ᱛᱮ ᱦᱩᱰᱩ ᱪᱟᱣᱞᱮᱠᱤᱱ ᱟᱹᱜᱩᱠᱮᱫᱼᱟ ᱟ।
train_santalimale_00972	wavs/train_santalimale_00972.wav	ᱟᱨ ᱢᱟᱱᱣᱟᱠᱚᱠᱤᱱ ᱡᱚᱢ ᱦᱚᱪᱚ ᱠᱮᱫᱼᱟ ᱠᱚᱣᱟ।
train_santalimale_00973	wavs/train_santalimale_00973.wav	ᱢᱮᱱᱠᱷᱟᱱ ᱞᱮᱛᱟᱲ ᱜᱮ ᱜᱮᱞᱵᱟᱨ ᱥᱮᱨᱢᱟ ᱟᱠᱟᱞ ᱠᱮᱫᱼᱟ ᱟᱭ।
train_santalimale_00974	wavs/train_santalimale_00974.wav	ᱪᱟᱥ ᱵᱟᱥ ᱵᱟᱝᱚᱦᱩᱭ ᱞᱮᱱᱟ।
train_santalimale_00975	wavs/train_santalimale_00975.wav	ᱦᱩᱰᱩ ᱪᱟᱣᱞᱮ ᱵᱟᱝᱠᱚ ᱪᱟᱥ ᱞᱮᱫᱼᱟ ᱟ।
train_santalimale_00976	wavs/train_santalimale_00976.wav	ᱮᱱᱠᱷᱟᱱ ᱥᱤᱸᱧᱪᱟᱸᱫᱚ ᱟᱨ ᱧᱤᱫᱟᱪᱟᱸᱫᱚ ᱫᱚ ᱩᱫᱷᱟᱨ ᱨᱮᱱ ᱵᱟᱝᱚᱠᱤᱱ ᱦᱟᱞᱟ: ᱫᱟᱲᱮᱹᱭᱟᱱᱟ।
train_santalimale_00977	wavs/train_santalimale_00977.wav	ᱩᱫᱷᱟᱨ ᱨᱮᱱ ᱨᱮᱱᱟᱝ ᱥᱩᱫ ᱱᱩᱱᱟᱷ ᱵᱟᱹᱲᱛᱤᱭᱮᱱᱟ, ᱡᱮ ᱪᱟᱸᱫᱚ ᱵᱚᱸᱜᱟ ᱫᱚ ᱫᱩᱥᱟᱫ ᱢᱟᱸᱡᱷᱤ ᱨᱟᱡᱟ ᱴᱷᱮᱱ ᱠᱟᱨᱡᱟᱠᱤᱱ ᱛᱟᱸᱦᱮᱮᱱᱟ।
train_santalimale_00978	wavs/train_santalimale_00978.wav	ᱫᱩᱥᱟᱫ ᱢᱟᱸᱡᱷᱤ ᱨᱟᱡᱟᱣᱟᱷ, ᱡᱟᱣᱜᱮ ᱥᱮᱨᱢᱟ ᱨᱮᱱ ᱦᱩᱰᱩ ᱪᱟᱣᱞᱮ ᱦᱟᱞᱟ ᱨᱩᱣᱟᱹᱲᱨᱮᱱᱟ: ᱮ ᱢᱮᱛᱟᱷ ᱠᱤᱱᱟ।
train_santalimale_00979	wavs/train_santalimale_00979.wav	ᱮᱱᱠᱷᱟᱱ ᱦᱩᱰᱩ ᱪᱟᱣᱞᱮ ᱣᱟᱝᱛᱮ ᱣᱟᱝᱚᱠᱤᱱ ᱮᱢ ᱦᱟᱞᱟ ᱨᱩᱣᱟᱹᱲ ᱫᱟᱲᱮᱹᱭᱟᱱᱟ।
train_santalimale_00980	wavs/train_santalimale_00980.wav	ᱮᱱᱠᱷᱟᱱ ᱫᱩᱥᱟᱫ ᱨᱟᱡᱟ ᱫᱚ ᱟᱹᱰᱤᱜᱮᱭ ᱨᱟᱹᱜᱤᱭᱮᱱᱟ।
train_santalimale_00981	wavs/train_santalimale_00981.wav	ᱥᱤᱧᱪᱟᱸᱫᱚ ᱫᱚ ᱟᱢᱟᱵᱚᱤᱥᱟ ᱦᱤᱞᱚᱷ ᱟᱨ ᱧᱤᱫᱟᱪᱟᱸᱫᱚ ᱫᱚ ᱠᱩᱱᱟᱹᱢᱤ ᱦᱤᱞᱚ: ᱥᱟᱵᱼᱟᱠᱟᱛᱮ ᱛᱚᱞᱠᱟᱫᱼᱟ ᱠᱤᱱᱟᱭ।
train_santalimale_00982	wavs/train_santalimale_00982.wav	ᱫᱚᱥᱟᱫ ᱢᱟᱸᱡᱷᱤ ᱨᱟᱡᱟᱣᱟ: ᱱᱚᱣᱟ ᱠᱟᱹᱢᱤᱧᱮᱞ ᱛᱮ ᱫᱷᱟᱹᱨᱛᱤ ᱨᱮᱱ ᱢᱟᱱᱣᱟᱠᱚ ᱟᱹᱰᱤᱜᱮ ᱵᱷᱟᱣᱱᱟ ᱮᱱᱟ।
train_santalimale_00983	wavs/train_santalimale_00983.wav	ᱫᱩᱥᱟᱫ ᱨᱟᱡᱟ ᱴᱷᱮᱱ ᱠᱷᱚᱱ ᱥᱤᱧᱪᱟᱸᱫᱚ ᱟᱨ ᱧᱤᱫᱟᱪᱟᱸᱫᱚ ᱟᱲᱟᱹᱷ ᱠᱟᱹᱠᱤᱱ ᱞᱟᱹᱜᱤᱫᱼᱟ ᱟᱹᱰᱤ ᱠᱚ ᱱᱮᱦᱚᱨ ᱵᱤᱱᱛᱤ ᱠᱮᱫᱼᱟᱟ।
train_santalimale_00984	wavs/train_santalimale_00984.wav	ᱥᱟᱸᱣᱛᱮ ᱢᱟᱱᱣᱟᱠᱚ ᱟᱠᱚᱣᱟ: ᱡᱟᱦᱟᱸ ᱛᱤᱱ ᱩᱲᱟᱹᱝ ᱦᱩᱰᱩ ᱪᱟᱣᱞᱮ ᱛᱟᱸᱦᱮᱸᱠᱟᱱᱟ, ᱚᱱᱟᱦᱚ ᱫᱩᱥᱟᱫ ᱢᱟᱸᱡᱷᱤᱠᱚ ᱮᱢᱟ: ᱫᱮᱭᱟ।
train_santalimale_00985	wavs/train_santalimale_00985.wav	ᱢᱮᱱᱠᱷᱟᱱ ᱠᱷᱟᱱ ᱩᱫᱷᱟᱨ ᱨᱮᱱ ᱨᱮᱱᱟ: ᱥᱩᱫ ᱦᱩᱰᱩ ᱪᱟᱣᱞᱮ ᱱᱩᱱᱟᱷ ᱵᱟᱝᱦᱟᱣ ᱮᱱᱟ, ᱚᱠᱟᱞᱮᱠᱟ ᱛᱮ ᱦᱚᱸ ᱥᱤᱧᱪᱟᱸᱫᱚ ᱟᱨ ᱧᱤᱫᱟᱪᱟᱸᱫᱚ ᱵᱟᱝᱚᱠᱤᱱ ᱦᱟᱞᱟ ᱫᱟᱲᱮᱹᱭᱟ: ᱠᱟᱱᱟ।
train_santalimale_00986	wavs/train_santalimale_00986.wav	ᱫᱩᱥᱟᱫ ᱨᱟᱡᱟ ᱡᱟᱦᱟᱸ ᱡᱟᱦᱟᱸ ᱛᱤᱥ ᱩᱫᱷᱟᱨ ᱨᱮᱱ ᱮᱢ ᱟᱠᱟᱫᱼᱟ ᱦᱩᱰᱩᱪᱟᱣᱞᱮ ᱩᱰᱦᱟᱨ ᱞᱮᱠᱷᱟᱱᱜᱮ, ᱥᱤᱧᱪᱟᱸᱫᱚ ᱟᱨ ᱧᱤᱫᱟᱪᱟᱸᱫᱚ ᱫᱚᱭ ᱥᱟᱵᱼᱟ ᱠᱤᱱᱟ।
train_santalimale_00987	wavs/train_santalimale_00987.wav	ᱪᱟᱸᱫᱚᱵᱚᱸᱜᱟ ᱥᱟᱵᱼᱟᱜᱮ, ᱪᱟᱸᱫᱚ ᱜᱟᱦᱱᱟ ᱫᱚ ᱠᱚ ᱢᱮᱛᱟ: ᱟ।
train_santalimale_00988	wavs/train_santalimale_00988.wav	ᱚᱱᱟᱛᱮ ᱡᱟᱞᱟᱠᱷᱟᱨ ᱨᱮᱱᱟ: ᱫᱟ: ᱦᱚᱸ ᱟᱢᱵᱟᱤᱥᱟ ᱟᱨ ᱠᱩᱱᱟᱹᱢᱤ ᱨᱮ ᱫᱚ ᱥᱮ ᱨᱟᱠᱟᱵᱚ: ᱟ।
train_santalimale_00989	wavs/train_santalimale_00989.wav	ᱠᱟᱛᱷᱟᱭ ᱢᱮᱱᱟᱠᱚ, ᱥᱮᱫᱟᱭ ᱥᱮᱨᱢᱟ ᱫᱤᱥᱚᱢ ᱨᱮ ᱥᱤᱧ ᱦᱟᱲᱟᱹᱢ ᱟᱨ ᱥᱤᱧ ᱵᱩᱲᱦᱤᱠᱤᱱ ᱛᱟᱸᱦᱮᱸᱠᱟᱱᱟ।
train_santalimale_00990	wavs/train_santalimale_00990.wav	ᱩᱱᱚᱠᱤᱱ ᱨᱮᱱ ᱫᱚ ᱟᱭᱢᱟ ᱜᱤᱫᱨᱟᱹᱠᱚ ᱛᱟᱸᱦᱮᱸᱠᱟᱱᱟ, ᱚᱱᱟᱛᱮ ᱵᱟᱱᱟᱦᱚᱲ ᱜᱮ ᱟᱹᱰᱤ ᱠᱩᱲᱤ ᱨᱟᱹᱥᱠᱟᱹ ᱨᱮᱠᱤᱱ ᱛᱟᱸᱦᱮᱠᱟᱱ ᱛᱟᱸᱦᱮᱸᱠᱟᱱᱟ।
train_santalimale_00991	wavs/train_santalimale_00991.wav	ᱥᱤᱧ ᱦᱟᱲᱟᱹᱢ ᱫᱚ ᱡᱟᱦᱟᱸ ᱡᱟᱦᱟᱸ ᱥᱮᱛᱟ ᱛᱮᱭ ᱪᱟᱞᱟᱣ ᱤᱫᱤ: ᱠᱟᱱ ᱛᱟᱸᱦᱮᱸᱠᱟᱱᱟ, ᱚᱱᱠᱟ ᱚᱱᱠᱟ ᱛᱮ ᱫᱚ ᱥᱟᱱᱟᱢᱟᱷ ᱮ ᱞᱚ ᱡᱷᱟᱨᱠᱟᱣ ᱜᱚᱥᱚ ᱛᱚᱞᱢᱚᱡᱼᱟ ᱤᱫᱤᱭᱮᱫᱼᱟ ᱛᱟᱸᱦᱮᱸᱠᱟᱱᱟᱭ।
train_santalimale_00992	wavs/train_santalimale_00992.wav	ᱢᱮᱱᱠᱷᱟᱱ ᱧᱤᱫᱟ ᱵᱩᱰᱦᱤ ᱫᱚ ᱚᱱᱟ ᱞᱚ ᱡᱷᱟᱨᱠᱟᱣ ᱜᱚᱥᱚ ᱛᱚᱞᱢᱚᱪ ᱟᱠᱟᱱ ᱫᱟᱨᱮ ᱱᱟᱹᱲᱤ ᱡᱤᱣᱤ, ᱡᱟᱱᱣᱟᱨ, ᱡᱤᱱᱛᱤ, ᱯᱤᱯᱲᱤ ᱠᱚᱭ ᱡᱤᱭᱟᱹᱲ ᱦᱟᱨᱭᱟᱲ ᱨᱩᱣᱟᱹᱲ ᱤᱫᱤ ᱠᱟᱠᱚ ᱠᱟᱱ ᱛᱟᱸᱦᱮᱸᱠᱟᱱ।
train_santalimale_00993	wavs/train_santalimale_00993.wav	ᱢᱤᱫᱼᱟᱫᱷᱟᱣᱟ: ᱠᱟᱛᱷᱟ ᱠᱟᱱᱟ ᱩᱱᱚᱠᱤᱱ ᱨᱮᱱ ᱜᱤᱫᱟᱨᱟᱹ ᱠᱚ ᱫᱚ ᱠᱩᱞᱦᱤ ᱫᱷᱩᱲᱤ ᱨᱮ ᱞᱚᱠᱷᱟᱜᱩᱴᱤ ᱠᱚ ᱠᱷᱮᱞ ᱠᱟᱱ ᱛᱟᱸᱦᱮᱸᱠᱟᱱᱟ।
train_santalimale_00994	wavs/train_santalimale_00994.wav	ᱞᱚᱠᱷᱟᱜᱩᱴᱤ ᱠᱷᱮᱞ ᱠᱷᱮᱞ ᱛᱮ ᱱᱮᱭᱟᱣ ᱛᱟᱯᱟᱢ ᱮᱱᱟᱠᱚ।
train_santalimale_00995	wavs/train_santalimale_00995.wav	ᱮᱱᱠᱷᱟᱱ ᱩᱱᱠᱩ ᱛᱟᱞᱟᱨᱮᱱ ᱢᱤᱫᱼᱟᱴᱟᱝ ᱵᱚᱭᱦᱟ ᱫᱚ ᱨᱟ: ᱨᱟᱷ ᱛᱮ ᱫᱟᱹᱲ ᱧᱤᱨ ᱮᱱᱟᱭ।
train_santalimale_00996	wavs/train_santalimale_00996.wav	ᱫᱚᱥᱟᱨ ᱵᱚᱭᱦᱟ ᱫᱚ ᱩᱱᱤ ᱯᱟᱸᱡᱟ ᱟᱹᱜᱩ ᱞᱟᱹᱜᱤᱫᱼᱟᱛᱮ ᱩᱱᱤ ᱛᱟᱭᱚᱢ ᱛᱟᱭᱚᱢ ᱛᱮ ᱢᱮᱫᱼᱟᱫᱟᱷ ᱡᱚᱨᱚ ᱡᱚᱨᱚ ᱛᱮ ᱪᱟᱞᱟᱣ ᱤᱫᱤᱭᱮᱱᱟ।
train_santalimale_00997	wavs/train_santalimale_00997.wav	ᱫᱟᱹᱲ ᱫᱟᱹᱲᱛᱮ ᱵᱟᱱᱟᱦᱚᱲ ᱠᱤᱱ ᱟᱯᱟᱫᱼᱟ ᱮᱱᱟ।
train_santalimale_00998	wavs/train_santalimale_00998.wav	ᱛᱮᱥᱟᱨ ᱜᱤᱫᱨᱟᱹ ᱫᱚ ᱨᱟᱹᱜᱤ ᱛᱮ ᱞᱚᱠᱷᱟᱜᱩᱴᱤ ᱠᱷᱮᱞ ᱫᱷᱤᱨᱤ ᱪᱟᱯᱟᱫᱼᱟ ᱜᱤᱰᱤᱠᱟᱫᱼᱟᱱᱟᱭ ᱟᱨ ᱚᱲᱟᱹᱛᱮᱭ ᱪᱟᱞᱟᱣᱚᱮᱱᱟ।
train_santalimale_00999	wavs/train_santalimale_00999.wav	ᱥᱟᱱᱟᱢ ᱜᱤᱫᱨᱟᱹ ᱚᱲᱟᱹ: ᱛᱮᱠᱚ ᱨᱩᱣᱟᱹᱲ ᱮᱱᱟ।
train_santalimale_01000	wavs/train_santalimale_01000.wav	ᱥᱤᱧ ᱦᱟᱲᱟᱹᱢ ᱫᱚ ᱵᱟᱨᱭᱟ ᱜᱤᱫᱨᱟᱹ ᱵᱟᱭ ᱧᱮᱞ ᱧᱟᱢᱞᱮᱛ ᱠᱤᱱᱟ।
train_santalimale_01001	wavs/train_santalimale_01001.wav	ᱮᱱᱠᱷᱟᱱ ᱥᱤᱧ ᱦᱟᱲᱟᱹᱢ ᱟᱨ ᱥᱤᱧᱚᱵᱩᱲᱦᱤ ᱫᱚ ᱜᱚᱴᱟ ᱥᱮᱨᱢᱟ ᱫᱤᱥᱚᱢ ᱥᱚᱯᱚᱷ ᱨᱚᱲᱚ, ᱥᱩᱨ ᱥᱟᱹᱜᱤᱧᱚᱠᱤᱱ ᱯᱟᱱᱛᱮ ᱠᱮᱫᱼᱟ ᱠᱤᱱᱟ।
train_santalimale_01002	wavs/train_santalimale_01002.wav	ᱢᱮᱱᱠᱷᱟᱱ ᱚᱠᱟ ᱨᱮᱦᱚᱸ ᱵᱟᱝᱚᱠᱤᱱ ᱯᱟᱱᱛᱮ ᱧᱟᱢ ᱫᱟᱲᱮᱹᱭᱟᱫᱼᱟ ᱠᱤᱱᱟ, ᱟᱹᱰᱤᱠᱤᱱ ᱦᱟᱨᱚᱱ ᱮᱱᱟ।
train_santalimale_01003	wavs/train_santalimale_01003.wav	ᱚᱲᱟᱹ: ᱨᱩᱣᱟᱹᱲ ᱦᱮᱡᱼᱟᱠᱟᱛᱮ, ᱥᱟᱱᱟᱢ ᱜᱤᱫᱨᱟᱹ ᱠᱤᱱ ᱦᱚᱦᱚᱥᱩᱨ ᱠᱮᱫᱼᱟ ᱠᱚᱣᱟ।
train_santalimale_01004	wavs/train_santalimale_01004.wav	ᱟᱨ ᱩᱱᱚᱠᱤᱱ ᱜᱤᱫᱨᱟᱹ ᱵᱟᱵᱚᱫᱼᱟ ᱛᱤᱠᱤᱱ ᱠᱩᱞᱤᱠᱮᱫᱼᱟ ᱠᱚᱣᱟ, ᱢᱮᱱᱠᱷᱟᱱ ᱚᱠᱚᱭ ᱜᱤᱫᱨᱟᱹ ᱦᱚᱸ ᱪᱮᱫᱼᱟ ᱦᱚᱸ ᱵᱟᱝᱠᱚ ᱞᱟᱹᱭᱞᱮᱫᱼᱟ ᱟ।
train_santalimale_01005	wavs/train_santalimale_01005.wav	ᱮᱱᱠᱷᱟᱱ ᱥᱤᱧ ᱦᱟᱲᱟᱹᱢ ᱫᱚ ᱨᱟᱹᱜᱤᱛᱮᱭ ᱢᱮᱱᱞᱮᱫᱼᱟ ᱟ ᱫᱩ ᱟᱯᱮ ᱦᱚ ᱟᱞᱚᱯᱮ ᱛᱟᱸᱦᱮᱸᱱᱟ।
train_santalimale_01006	wavs/train_santalimale_01006.wav	ᱮᱱᱠᱷᱟᱱ ᱜᱤᱫᱨᱟᱹ ᱫᱚ ᱢᱤᱢᱤᱫᱼᱟᱴᱟᱝ ᱛᱮᱠᱚ ᱡᱤᱨ ᱚᱰᱚᱝ ᱮᱱᱟ।
train_santalimale_01007	wavs/train_santalimale_01007.wav	ᱢᱮᱱᱟᱠᱚ ᱡᱟᱦᱟᱸᱭ ᱜᱤᱫᱨᱟᱹ ᱢᱟᱲᱟᱹᱝᱛᱮ ᱩᱥᱟᱹᱫᱼᱟ ᱠᱟᱛᱮᱭ ᱨᱟᱷ ᱨᱟᱷ ᱛᱮᱭ ᱧᱤᱨ ᱟᱠᱟᱱᱟ ᱩᱱᱤᱜᱮ ᱨᱤᱢᱤᱞ ᱫᱚ ᱠᱟᱱᱟᱭ।
train_santalimale_01008	wavs/train_santalimale_01008.wav	ᱚᱱᱟᱛᱮ ᱥᱮᱨᱢᱟ ᱨᱮ ᱨᱤᱢᱤᱞ ᱨᱟᱠᱟᱵᱼᱟᱞᱮᱱ ᱠᱷᱟᱱᱜᱮᱭ ᱦᱩᱰᱩᱨᱟ, ᱠᱟᱛᱷᱟᱭ ᱦᱩᱰᱩᱨᱜᱮ ᱨᱟ: ᱠᱟᱱᱛᱟᱭᱟ।
train_santalimale_01009	wavs/train_santalimale_01009.wav	ᱫᱚᱥᱟᱨ ᱫᱚ ᱡᱟᱸᱦᱟᱭ ᱜᱤᱫᱨᱟᱹ ᱢᱮᱸᱛᱫᱟ: ᱡᱚᱨᱚ ᱡᱚᱨᱚ ᱛᱮ ᱯᱟᱱᱛᱮ ᱪᱟᱞᱟᱣ ᱞᱮᱱᱟᱭ, ᱩᱱᱤᱜᱮ ᱫᱟ: ᱫᱚ ᱠᱟᱱᱟᱭ।
train_santalimale_01010	wavs/train_santalimale_01010.wav	ᱩᱱᱤ ᱜᱤᱫᱨᱟᱹ ᱣᱟ: ᱢᱮᱫᱼᱟ ᱫᱟ: ᱜᱮ ᱫᱟ: ᱡᱟᱹᱲᱤ ᱫᱚ ᱠᱟᱱᱟ।
train_santalimale_01011	wavs/train_santalimale_01011.wav	ᱛᱮᱥᱟᱨ ᱜᱤᱫᱨᱟᱹ ᱡᱟᱦᱟᱸᱭ ᱞᱚᱠᱷᱟᱜᱩᱴᱤ ᱫᱷᱤᱨᱤ ᱮ ᱪᱟᱯᱟᱫᱼᱟ ᱜᱤᱰᱤ ᱞᱮᱫᱟ, ᱚᱱᱟᱜᱮ ᱟᱨᱮᱞ ᱫᱚ ᱠᱟᱱᱟ।
train_santalimale_01012	wavs/train_santalimale_01012.wav	ᱚᱱᱟᱛᱮ ᱟᱨᱮᱞ ᱫᱚ ᱥᱮᱨᱢᱟᱠᱷᱚᱱ ᱜᱮ ᱧᱩᱨᱩ ᱟ।
train_santalimale_01013	wavs/train_santalimale_01013.wav	ᱡᱟᱦᱟᱸ ᱨᱮ ᱞᱚᱠᱷᱟᱜᱩᱴᱤ ᱠᱚ ᱠᱷᱮᱞᱠᱟᱱ ᱛᱟᱸᱦᱮᱸᱠᱟᱱᱟ, ᱚᱱᱟᱜᱮ ᱜᱟᱹᱭ ᱰᱟᱦᱟᱨ ᱫᱚ ᱠᱚ ᱢᱮᱛᱟ: ᱟ।
train_santalimale_01014	wavs/train_santalimale_01014.wav	ᱟᱨ ᱡᱟᱸᱦᱟᱭ ᱜᱤᱫᱨᱟᱹ ᱠᱚ ᱥᱤᱧ ᱦᱟᱲᱟᱹᱢ ᱟᱨ ᱥᱤᱧ ᱵᱩᱲᱦᱤᱠᱤᱱ ᱞᱟᱹᱜᱟ ᱚᱲᱚᱝ ᱟᱠᱟᱫᱼᱟ ᱠᱚᱣᱟ, ᱩᱱᱠᱩ ᱜᱮ ᱤᱯᱤᱞ ᱫᱚᱠᱚ ᱢᱮᱛᱟᱠᱚ ᱠᱟᱱᱟ।
train_santalimale_01015	wavs/train_santalimale_01015.wav	ᱠᱟᱛᱷᱟᱭ ᱢᱮᱱᱟᱠᱚ, ᱥᱮᱫᱟᱭ ᱢᱟᱨᱟᱝ ᱵᱩᱨᱩ, ᱢᱤᱫᱼᱟᱫᱤᱱ ᱵᱤᱨᱛᱮ ᱱᱟᱦᱮᱞ ᱢᱟᱷ ᱮ ᱪᱟᱞᱟᱣᱞᱮᱱ ᱛᱟᱸᱦᱮᱸᱠᱟᱱ।
train_santalimale_01016	wavs/train_santalimale_01016.wav	ᱪᱟᱞᱟᱣ ᱠᱟᱛᱮ ᱢᱤᱫᱼᱟᱴᱟᱝ ᱫᱟᱨᱮ ᱮ ᱢᱟ: ᱠᱮᱫᱼᱟ ᱟ।
train_santalimale_01017	wavs/train_santalimale_01017.wav	ᱚᱱᱟ ᱫᱟᱨᱮ ᱨᱮᱭᱟ: ᱜᱮ ᱢᱤᱛᱫᱷᱟᱣ ᱛᱮ ᱱᱟᱦᱮᱞ, ᱤᱥᱤ, ᱠᱟᱸᱲᱵᱟ ᱟᱨ ᱟᱨᱟᱸᱲ ᱮ ᱵᱮᱱᱟᱣᱮᱫᱼᱟ ᱛᱟᱸᱦᱮᱸᱠᱟᱱᱟ।
train_santalimale_01018	wavs/train_santalimale_01018.wav	ᱵᱮᱱᱟᱣ ᱵᱮᱱᱟᱣ ᱛᱮ ᱟᱹᱰᱤ ᱜᱷᱟᱲᱤᱹᱠ ᱦᱩᱭ ᱮᱱᱟ, ᱱᱟᱦᱮᱞ ᱵᱟᱭ ᱵᱮᱱᱟᱣ ᱫᱟᱲᱮᱹᱭᱟ: ᱠᱟᱱᱟ, ᱮᱱᱠᱷᱟᱱ ᱢᱤᱫᱼᱟᱴᱟᱝ ᱫᱟᱨᱮ ᱵᱩᱴᱟᱹ ᱨᱮ ᱠᱩᱸᱰᱚᱪᱩᱝ ᱠᱟᱛᱮᱭ ᱜᱤᱛᱤᱡᱼᱟ ᱦᱟᱯᱤᱭᱮᱱᱟ।
train_santalimale_01019	wavs/train_santalimale_01019.wav	ᱱᱚᱛᱮ ᱢᱟᱨᱟᱝᱚᱵᱩᱨᱩ ᱚᱲᱟᱹᱷ ᱛᱮ ᱵᱟᱭ ᱨᱩᱣᱟᱹᱲ ᱠᱟᱱ ᱠᱷᱟᱱ, ᱡᱟᱦᱮᱨ ᱟᱭᱚ ᱫᱚ ᱟᱹᱰᱤ ᱮ ᱟᱲᱤᱹᱥᱚ: ᱠᱟᱱ ᱛᱟᱸᱦᱮᱸᱠᱟᱱ।
train_santalimale_01020	wavs/train_santalimale_01020.wav	ᱫᱟᱠᱟ ᱩᱛᱩ ᱵᱮᱱᱟᱣ ᱥᱟᱹᱛᱠᱮᱫᱼᱟ ᱨᱮᱦᱚᱸ ᱢᱟᱨᱟᱝ ᱵᱩᱨᱩ, ᱵᱩᱨᱩ ᱠᱷᱚᱱ ᱵᱟᱭ ᱨᱩᱣᱟᱹᱲ ᱦᱮᱡᱼᱟ ᱞᱮᱱᱟ।
train_santalimale_01021	wavs/train_santalimale_01021.wav	ᱮᱱᱠᱷᱟᱱ ᱡᱟᱦᱮᱨ ᱮᱨᱟ ᱫᱚ ᱵᱤᱨ ᱛᱮ ᱥᱤᱠᱚᱲᱤᱹᱡᱼᱟ ᱮ ᱵᱷᱮᱡᱟᱠᱮᱫᱼᱟ ᱠᱚᱣᱟ, ᱟᱨ ᱮ ᱢᱮᱛᱟ: ᱠᱚᱣᱟ, ᱫᱩ ᱥᱤᱠᱚᱲᱤᱹᱡᱼᱟ ᱢᱟᱨᱟᱝ ᱵᱩᱨᱩ ᱫᱚᱢᱮ ᱜᱮᱨᱮᱯᱮ, ᱟᱨ ᱞᱚᱜᱚᱱᱜᱮ ᱚᱲᱟᱹ: ᱮ ᱨᱩᱣᱟᱹᱰ ᱦᱤᱡᱩᱷ ᱢᱟ।
train_santalimale_01022	wavs/train_santalimale_01022.wav	ᱡᱟᱦᱮᱨ ᱮᱨᱟ ᱠᱟᱛᱷᱟ ᱞᱮᱠᱟᱛᱮ ᱥᱤᱠᱚᱲᱤᱹᱡᱼᱟ ᱫᱚ ᱢᱟᱨᱟᱝ ᱵᱩᱨᱩ ᱴᱷᱮᱱ ᱠᱚ ᱪᱟᱞᱟᱣ ᱮᱱᱟ, ᱟᱨ ᱟᱹᱰᱤᱠᱚ ᱜᱮᱨ ᱠᱮᱫᱮᱭᱟ।
train_santalimale_01023	wavs/train_santalimale_01023.wav	ᱮᱱᱠᱷᱟᱱ ᱢᱟᱨᱟᱝ ᱵᱩᱨᱩ ᱫᱚ ᱥᱤᱠᱚᱲᱤᱹᱡᱼᱟ ᱠᱚ ᱞᱟᱹᱜᱟ ᱞᱟᱹᱜᱤᱫᱼᱟ ᱛᱮ ᱯᱟᱞᱦᱟᱠᱚ ᱡᱩᱞ ᱠᱟᱛᱮ ᱫᱷᱩᱸᱣᱟᱹ ᱠᱮᱫᱟᱭ।
train_santalimale_01024	wavs/train_santalimale_01024.wav	ᱫᱷᱩᱸᱣᱟᱹ ᱛᱮ ᱥᱤᱠᱚᱲᱤᱹᱡᱼᱟ ᱠᱚ ᱧᱤᱨ ᱮᱱᱟ, ᱮᱱᱨᱮᱦᱚᱸ ᱢᱟᱨᱟᱝ ᱵᱩᱨᱩ ᱫᱚ ᱚᱲᱟᱹ: ᱛᱮ ᱵᱟᱭ ᱨᱩᱣᱟᱹᱲ ᱞᱮᱱᱟ।
train_santalimale_01025	wavs/train_santalimale_01025.wav	ᱮᱱᱠᱷᱟᱱ ᱡᱟᱦᱮᱨ ᱟᱭᱚ ᱫᱚ ᱢᱤᱫᱼᱟᱴᱟᱝ ᱠᱩᱞ ᱮ ᱵᱷᱮᱡᱟ ᱠᱮᱫᱮᱭᱟ।
train_santalimale_01026	wavs/train_santalimale_01026.wav	ᱟᱨ ᱮ ᱢᱮᱛᱟ ᱫᱮᱭᱟ, ᱮ ᱠᱩᱞ ᱫᱚ ᱟᱢ ᱫᱚ ᱵᱤᱨ ᱛᱮ ᱪᱟᱞᱟ: ᱢᱮ ᱟᱨ ᱫᱚᱢᱮ ᱦᱩᱸᱠᱨᱟᱣ ᱢᱮ।
train_santalimale_01027	wavs/train_santalimale_01027.wav	ᱵᱚᱛᱚᱨ ᱛᱮ, ᱢᱟᱨᱟᱝ ᱵᱩᱨᱩ ᱞᱚᱜᱚᱱ ᱛᱮ ᱚᱲᱟᱹ: ᱮᱭ ᱨᱩᱣᱟᱹᱲ ᱦᱤᱡᱩᱷ ᱢᱟ।
train_santalimale_01028	wavs/train_santalimale_01028.wav	ᱮᱱᱠᱷᱟᱱ ᱠᱩᱞ ᱫᱚ ᱵᱩᱨᱩ ᱪᱟᱞᱟᱣ ᱠᱟᱛᱮ ᱫᱚᱢᱮᱭ ᱦᱩᱸᱠᱨᱟᱣ ᱠᱮᱫᱼᱟ ᱟ।
train_santalimale_01029	wavs/train_santalimale_01029.wav	ᱠᱩᱞᱮ ᱦᱩᱸᱠᱨᱟᱣᱠᱮᱫᱼᱟ ᱨᱮᱦᱚᱸ ᱢᱟᱨᱟᱝ ᱵᱩᱨᱩ ᱵᱟᱭ ᱵᱚᱛᱚᱨ ᱞᱮᱱᱟ।
train_santalimale_01030	wavs/train_santalimale_01030.wav	ᱵᱤᱪᱠᱚᱢ ᱠᱩᱞ ᱞᱟᱹᱜᱟ ᱞᱟᱹᱜᱤᱫᱼᱟ ᱛᱮ ᱟᱲᱜᱚᱢ ᱪᱷᱟᱭᱞᱟ: ᱥᱟᱵᱼᱟᱠᱟᱛᱮ ᱠᱩᱞᱮ ᱫᱟᱨᱩᱲ ᱠᱮᱫᱮᱭᱟ ᱟᱨ ᱮ ᱢᱮᱱᱠᱮᱫᱼᱟ ᱟ ᱫᱩ ᱠᱩᱤᱭᱟᱹ ᱠᱩᱞ ᱫᱚ ᱞᱟᱹᱜᱟᱭᱮᱢ।
train_santalimale_01031	wavs/train_santalimale_01031.wav	ᱮᱱᱠᱷᱟᱱ ᱟᱲᱜᱚᱢ ᱪᱷᱟᱭᱞᱟ ᱠᱩᱤᱭᱟᱹ ᱫᱚ ᱠᱩᱞ ᱞᱟᱹᱜᱟ ᱞᱟᱹᱜᱟ ᱛᱮ ᱡᱟᱦᱮᱨ ᱟᱭᱚ ᱴᱷᱮᱱ ᱮ ᱞᱟᱹᱜᱟ ᱥᱮᱴᱮᱨ ᱠᱮᱫᱮᱭᱟ।
train_santalimale_01032	wavs/train_santalimale_01032.wav	ᱠᱩᱞ ᱟᱨ ᱠᱩᱤᱭᱟᱹ ᱧᱮᱞᱛᱮ ᱡᱟᱦᱮᱨ ᱟᱭᱚ ᱫᱚᱭ ᱵᱟᱰᱟᱭᱜᱚᱫᱼᱟ ᱠᱮᱫᱟ ᱡᱮ ᱢᱟᱨᱟᱝ ᱵᱩᱨᱩ ᱫᱚ ᱱᱟᱦᱮᱞ ᱵᱟᱭ ᱵᱮᱱᱟᱣ ᱫᱟᱲᱮᱹᱭᱟ: ᱠᱟᱱᱟ।
train_santalimale_01033	wavs/train_santalimale_01033.wav	ᱮᱱᱠᱷᱟᱱ ᱡᱟᱦᱮᱨ ᱟᱭᱚ ᱫᱚ ᱫᱟᱠᱟ ᱴᱩᱠᱩᱡᱼᱟ ᱨᱮ ᱫᱟᱠᱟ ᱫᱤᱯᱤᱞ ᱠᱟᱛᱮ ᱢᱟᱨᱟᱝ ᱵᱩᱨᱩ ᱴᱷᱮᱱ ᱮ ᱪᱟᱞᱟᱣ ᱮᱱᱟ।
train_santalimale_01034	wavs/train_santalimale_01034.wav	ᱪᱟᱞᱟᱣ ᱠᱟᱛᱮ ᱧᱮᱞᱮᱭᱟᱭ ᱢᱟᱨᱟᱝ ᱵᱩᱨᱩ ᱫᱚ ᱢᱤᱫᱼᱟᱴᱟᱝ ᱫᱟᱨᱮ ᱵᱩᱴᱟᱹ ᱨᱮ ᱜᱤᱛᱤᱡᱼᱟ ᱟᱠᱟᱱᱟᱭ।
train_santalimale_01035	wavs/train_santalimale_01035.wav	ᱮᱱᱠᱷᱟᱱ ᱢᱟᱨᱟᱝ ᱵᱩᱨᱩ ᱧᱮᱞᱛᱮ ᱡᱟᱦᱮᱨ ᱟᱭᱚ ᱮ ᱢᱮᱱ ᱠᱮᱫᱼᱟ ᱟᱨ ᱱᱤᱫᱼᱟ ᱦᱚ ᱱᱟᱦᱮᱞ ᱟᱣᱚᱨᱤᱢ ᱵᱮᱱᱟᱣ ᱥᱟᱫᱼᱟ ᱟ।
train_santalimale_01036	wavs/train_santalimale_01036.wav	ᱟᱢ ᱜᱮᱛᱚ ᱱᱟᱦᱮᱞ ᱞᱮᱠᱟᱢ ᱜᱤᱛᱤᱡᱼᱟ ᱟᱠᱟᱱ।
train_santalimale_01037	wavs/train_santalimale_01037.wav	ᱡᱟᱦᱮᱨ ᱟᱭᱚ ᱫᱚ ᱫᱟᱠᱟ ᱴᱩᱢᱟᱝ ᱫᱚᱦᱚ ᱠᱟᱛᱛᱮ ᱛᱤᱸᱜᱩ ᱟᱠᱟᱱᱟᱭ।
train_santalimale_01038	wavs/train_santalimale_01038.wav	ᱢᱟᱨᱟᱝ ᱵᱩᱨᱩ ᱫᱚ ᱟᱴᱩ ᱯᱟᱴᱩ ᱱᱟᱦᱮᱞ ᱮ ᱵᱮᱱᱟᱣᱠᱮᱫᱼᱟ ᱟ।
train_santalimale_01039	wavs/train_santalimale_01039.wav	ᱢᱤᱫᱼᱟᱜᱷᱟᱲᱤ ᱛᱟᱭᱚᱢ ᱠᱷᱟᱱ ᱜᱮ, ᱥᱮᱨᱢᱟᱨᱮ ᱫᱟ: ᱨᱤᱢᱤᱞ ᱨᱟᱠᱟᱵᱼᱟ ᱮᱱᱟ।
train_santalimale_01040	wavs/train_santalimale_01040.wav	ᱫᱟ: ᱦᱤᱡᱩᱷ ᱧᱮᱞᱛᱮ ᱡᱟᱦᱮᱨ ᱟᱭᱚ ᱫᱚ ᱢᱤᱫᱼᱟᱴᱟᱝ ᱚᱲᱟᱹ: ᱵᱮᱱᱟᱣ ᱮ ᱪᱷᱩᱴᱟᱹᱣ ᱮᱱᱟ।
train_santalimale_01041	wavs/train_santalimale_01041.wav	ᱥᱟᱨᱡᱚᱢ ᱫᱟᱨᱮ ᱵᱩᱴᱟᱹ ᱨᱮ ᱯᱩᱱᱭᱟ ᱥᱟᱨᱡᱚᱢ ᱠᱷᱩᱱᱴᱤ ᱮ ᱵᱤᱫᱼᱟᱠᱮᱫᱼᱟ ᱟ।
train_santalimale_01042	wavs/train_santalimale_01042.wav	ᱚᱱᱟ ᱪᱮᱛᱟᱱ ᱨᱮ ᱯᱟᱲ, ᱥᱮᱱᱮᱨ ᱟᱨ ᱵᱟᱛᱟ ᱮ ᱮᱢ ᱠᱮᱫᱼᱟ ᱟ।
train_santalimale_01043	wavs/train_santalimale_01043.wav	ᱚᱱᱟ ᱪᱮᱛᱟᱱ ᱨᱮ ᱵᱤᱨ ᱥᱟᱸᱣᱲᱤ ᱜᱷᱟᱸᱥ ᱨᱟᱪᱟ: ᱟᱹᱜᱩ ᱠᱟᱛᱮᱭ ᱫᱟᱯᱟᱞᱠᱮᱫᱼᱟ ᱟ।
train_santalimale_01044	wavs/train_santalimale_01044.wav	ᱞᱟᱲ ᱥᱩᱛᱟᱜ ᱛᱮ ᱵᱟᱛᱟ ᱨᱮ ᱛᱚᱞᱠᱮᱫᱼᱟ ᱟ ᱞᱟᱛᱟᱨ ᱥᱟᱦᱟ ᱠᱷᱚᱱ ᱜᱮ।
train_santalimale_01045	wavs/train_santalimale_01045.wav	ᱟᱨ ᱥᱟᱲᱤᱢ ᱵᱮᱱᱟᱣ ᱨᱮ ᱟᱨ ᱦᱚᱸ ᱵᱟᱛᱟᱠᱚᱭ ᱮᱢᱠᱮᱫᱼᱟ ᱟ।
train_santalimale_01046	wavs/train_santalimale_01046.wav	ᱢᱤᱫᱼᱟᱜᱷᱟᱲᱤ ᱛᱟᱭᱚᱢ ᱠᱷᱟᱱ ᱜᱮ ᱦᱚᱭ ᱫᱟ: ᱥᱮᱴᱮᱨ ᱮᱱᱟ।
train_santalimale_01047	wavs/train_santalimale_01047.wav	ᱮᱱᱠᱷᱟᱱ ᱢᱟᱨᱟᱝ ᱵᱩᱨᱩ ᱟᱨ ᱡᱟᱦᱮᱨ ᱟᱭᱚ ᱫᱚ ᱚᱱᱟ ᱚᱲᱟᱹ: ᱨᱮᱜᱮᱠᱤᱱ ᱩᱢᱩᱞ ᱮᱱᱟ।
train_santalimale_01048	wavs/train_santalimale_01048.wav	ᱦᱚᱭ ᱫᱟ: ᱠᱷᱚᱱᱚᱠᱤᱱ ᱵᱟᱧᱪᱟᱣᱮᱱᱟ।
train_santalimale_01049	wavs/train_santalimale_01049.wav	ᱮᱱᱠᱷᱟᱱ ᱢᱟᱨᱟᱝ ᱵᱩᱨᱩ ᱮ ᱢᱮᱱᱠᱮᱫᱼᱟ ᱟ ᱟᱯᱮ ᱠᱩᱲᱤ ᱦᱚᱯᱚᱱ ᱫᱚ ᱟᱲᱤᱜᱮᱯᱮ ᱠᱟᱨᱤᱜᱚᱞᱟ, ᱛᱚᱵᱮ ᱤᱧᱟᱷ ᱢᱤᱫᱼᱟᱴᱟᱝ ᱠᱟᱛᱷᱟ ᱢᱮᱱᱟ:ᱟ।
train_santalimale_01050	wavs/train_santalimale_01050.wav	ᱮᱱᱠᱷᱟᱱ ᱡᱟᱦᱮᱨ ᱟᱭᱚ ᱮ ᱢᱮᱱᱠᱮᱫᱼᱟ ᱟ, ᱪᱮᱫᱼᱟ ᱠᱟᱛᱷ, ᱢᱟ ᱞᱟᱤ ᱢᱮ।
train_santalimale_01051	wavs/train_santalimale_01051.wav	ᱢᱟᱨᱟᱝ ᱵᱩᱨᱩ ᱮ ᱢᱮᱱᱠᱮᱫᱼᱟ ᱟ ᱠᱟᱛᱷᱟ ᱫᱚ ᱱᱚᱣᱟ ᱠᱟᱱᱟ, ᱟᱯᱮ ᱠᱩᱲᱤ ᱦᱚᱯᱚᱱ ᱫᱚ ᱡᱮᱛᱮᱭᱟ: ᱯᱮ ᱵᱮᱱᱟᱣ ᱫᱟᱲᱮᱹᱭᱟ: ᱟ।
train_santalimale_01052	wavs/train_santalimale_01052.wav	ᱢᱮᱱᱠᱷᱟᱱ ᱛᱮᱦᱮᱧ ᱠᱷᱚᱱ ᱫᱚ ᱚᱲᱟᱹ: ᱥᱟᱹᱰᱤᱢ ᱫᱚ ᱟᱞᱚᱯᱮ ᱵᱮᱱᱟᱣᱟ ᱟᱨ ᱪᱟᱥᱵᱟᱨᱟ ᱞᱟᱹᱜᱤᱛ ᱱᱟᱦᱮᱞ, ᱟᱲᱜᱚᱢ ᱟᱨ ᱱᱟᱦᱮᱞ ᱫᱚ ᱟᱞᱚᱯᱮ ᱵᱮᱱᱟᱣᱟ।
train_santalimale_01053	wavs/train_santalimale_01053.wav	ᱱᱚᱣᱟ ᱫᱚ ᱠᱚᱲᱟᱹ ᱦᱚᱯᱚᱱᱟᱷ ᱠᱟᱹᱢᱤ ᱠᱟᱱᱟ, ᱠᱚᱲᱟᱹ ᱦᱚᱯᱟᱱ ᱜᱮᱠᱚ ᱠᱟᱹᱢᱤᱭᱟ।
train_santalimale_01054	wavs/train_santalimale_01054.wav	ᱱᱚᱣᱟ ᱠᱚ ᱜᱟᱯᱟᱞ ᱢᱟᱨᱟᱣ ᱠᱟᱛᱮ ᱡᱟᱦᱮᱨ ᱟᱭᱚ ᱫᱚ ᱫᱟᱠᱟ ᱴᱩᱠᱩᱡᱼᱟ ᱫᱤᱯᱤᱞ ᱠᱮᱫᱟᱭ ᱟᱨ ᱢᱟᱨᱟᱝ ᱵᱩᱨᱩ ᱫᱚ ᱱᱟᱦᱮᱞ ᱟᱨ ᱟᱨᱟᱸᱲ ᱜᱚ ᱠᱟᱛᱮ ᱚᱲᱟᱹ ᱛᱤᱠᱤᱱ ᱨᱩᱣᱟᱹᱲ ᱦᱮᱭᱚᱡᱼᱟ ᱮᱱᱟ।
train_santalimale_01055	wavs/train_santalimale_01055.wav	ᱢᱮᱱᱟᱠᱚ ᱩᱱ ᱠᱷᱚᱱ ᱜᱮ ᱠᱩᱲᱤ ᱦᱚᱯᱚᱱ ᱫᱚ ᱱᱟᱦᱮᱞ ᱟᱨ ᱚᱲᱟᱹ: ᱫᱚ ᱵᱟᱝ ᱠᱚ ᱵᱮᱱᱟᱣᱟ ᱟᱨ ᱵᱟᱝᱠᱚ ᱫᱮᱡᱚᱷ ᱟ ᱟᱨ ᱱᱟᱦᱮᱞ ᱦᱚᱸ ᱵᱟᱝᱠᱚ ᱡᱚᱴᱮᱫᱼᱟ ᱟ।
train_santalimale_01056	wavs/train_santalimale_01056.wav	ᱢᱮᱱᱟᱠᱚ ᱥᱮᱫᱟᱭ, ᱢᱟᱨᱟᱝ ᱵᱩᱨᱩ ᱟᱨ ᱡᱟᱦᱮᱨ ᱟᱭᱚ ᱫᱚ, ᱢᱤᱫᱼᱟᱫᱷᱟᱣ ᱵᱩᱨᱩᱛᱮ ᱱᱟᱦᱮᱞ ᱵᱷᱟ: ᱠᱤᱱ ᱪᱟᱞᱟᱣᱞᱮᱱ ᱛᱟᱸᱦᱮᱸᱠᱟᱱᱟ।
train_santalimale_01057	wavs/train_santalimale_01057.wav	ᱢᱟᱨᱟᱝ ᱵᱩᱨᱩ ᱫᱚ ᱱᱟᱦᱮᱞ ᱟᱨ ᱟᱨᱟᱸᱲ ᱵᱮᱱᱟᱣ ᱠᱟᱛᱮ, ᱚᱲᱟᱹ: ᱛᱮᱠᱤᱱ ᱨᱩᱣᱟᱹᱲ ᱦᱤᱡᱩᱷ ᱠᱟᱱ ᱛᱟᱸᱦᱮᱸᱠᱟᱱᱟ।
train_santalimale_01058	wavs/train_santalimale_01058.wav	ᱩᱱ ᱚᱠᱛᱚ ᱜᱮ, ᱚᱱᱟ ᱵᱩᱨᱩ ᱫᱷᱟᱨᱮ ᱨᱮ ᱢᱮᱱᱟ: ᱢᱤᱫᱼᱟᱴᱟᱝ ᱠᱩᱸᱫᱨᱩ ᱡᱟᱹᱱᱩᱢ ᱞᱟᱴᱟ ᱨᱮ ᱢᱤᱫᱼᱟᱴᱟᱝ ᱯᱚᱛᱟᱢ ᱮᱸᱜᱟ ᱫᱚ ᱵᱟᱨᱭᱟ ᱵᱤᱞᱤ ᱠᱟᱛᱮ ᱚᱵᱚᱨ ᱞᱮᱱ ᱛᱟᱸᱦᱮᱸᱠᱟᱱᱟᱭ।
train_santalimale_01059	wavs/train_santalimale_01059.wav	ᱢᱟᱨᱟᱝ ᱵᱩᱨᱩ ᱫᱚ ᱱᱟᱦᱮᱞ ᱜᱚᱷ ᱠᱟᱛᱮ ᱦᱚᱨ ᱦᱚᱨᱛᱮ ᱛᱟᱲᱟᱹᱢ ᱟᱠᱟᱫᱟᱭ।
train_santalimale_01060	wavs/train_santalimale_01060.wav	ᱩᱱᱡᱚᱦᱚ: ᱱᱟᱦᱮᱞ ᱨᱮᱱᱟ: ᱠᱟᱸᱲᱵᱟ ᱫᱚ ᱠᱩᱸᱫᱨᱩ ᱡᱟᱹᱱᱩᱢ ᱞᱟᱴᱟ ᱨᱮ ᱰᱷᱟᱝ ᱮᱱᱟ।
train_santalimale_01061	wavs/train_santalimale_01061.wav	ᱠᱷᱟᱱ ᱜᱮ ᱯᱚᱛᱟᱢ ᱫᱚ ᱵᱚᱛᱚᱨ ᱛᱮ ᱩᱲᱟᱹᱣ ᱮᱱᱟᱭ।
train_santalimale_01062	wavs/train_santalimale_01062.wav	ᱮᱱᱠᱷᱟᱱ ᱢᱟᱨᱟᱝ ᱵᱩᱨᱩ ᱫᱚ ᱚᱱᱟ ᱠᱩᱸᱫᱨᱩ ᱡᱟᱹᱱᱩᱢ ᱛᱩᱠᱟᱹ ᱨᱮ ᱵᱟᱨᱭᱟ ᱵᱤᱞᱤ ᱧᱮᱞᱠᱮᱫᱼᱟ ᱟᱭ।
train_santalimale_01063	wavs/train_santalimale_01063.wav	ᱟᱨ ᱵᱤᱞᱤ ᱨᱮ ᱫᱚ ᱦᱚᱯᱚᱱ ᱠᱤᱱ ᱜᱟᱲᱦᱟᱣ ᱟᱠᱟᱱᱟ।
train_santalimale_01064	wavs/train_santalimale_01064.wav	ᱯᱚᱛᱟᱢ ᱮᱸᱜᱟ ᱫᱚ ᱵᱚᱛᱚᱨ ᱛᱮ ᱚᱱᱟ ᱛᱩᱠᱟᱹ ᱥᱩᱨ ᱵᱟᱭ ᱪᱟᱞᱟᱣ ᱞᱮᱱᱟ, ᱟᱨ ᱵᱤᱞᱤ ᱫᱚ ᱵᱟᱝᱮ ᱚᱵᱚᱨ ᱞᱮᱫᱼᱟ ᱟ।
train_santalimale_01065	wavs/train_santalimale_01065.wav	ᱱᱚᱣᱟ ᱠᱟᱛᱷᱟ ᱢᱟᱨᱟᱝ ᱵᱩᱨᱩ ᱮ ᱵᱟᱰᱟᱭᱠᱮᱫᱼᱟ ᱠᱷᱟᱱ ᱢᱮᱱᱠᱮᱫᱟᱭ ᱫᱩ ᱯᱚᱛᱟᱢ ᱵᱤᱞᱤ, ᱟᱵᱤᱱ ᱫᱚ ᱥᱮᱨᱢᱟ ᱫᱤᱥᱚᱢᱛᱮ ᱨᱟᱠᱟᱯᱚᱵᱤᱱ, ᱚᱸᱰᱮ ᱜᱮ ᱤᱧ ᱥᱟᱸᱣᱚᱵᱤᱱ ᱛᱟᱸᱦᱮᱸᱱᱟ।
train_santalimale_01066	wavs/train_santalimale_01066.wav	ᱩᱱᱠᱷᱚᱱ ᱜᱮ ᱯᱚᱛᱟᱢ ᱵᱤᱞᱤ ᱫᱚ ᱥᱮᱨᱢᱟ ᱨᱮ ᱨᱟᱠᱟᱵᱼᱟ ᱮᱱᱟ ᱠᱤᱱ।
train_santalimale_01067	wavs/train_santalimale_01067.wav	ᱟᱨ ᱤᱯᱤᱞ ᱞᱮᱠᱟ ᱰᱤᱜ ᱰᱤᱞ ᱡᱩᱞ ᱟᱠᱟ ᱜᱮ ᱢᱮᱱᱟ: ᱠᱤᱱ ᱟ।
train_santalimale_01068	wavs/train_santalimale_01068.wav	ᱟᱨ ᱯᱚᱛᱟᱢ ᱮᱸᱜᱟ ᱫᱚ ᱠᱟᱴᱤᱡᱼᱟ ᱥᱟᱹᱜᱤᱧ ᱨᱮ ᱤᱯᱤᱞ ᱞᱮᱠᱟᱭ ᱧᱮᱞ ᱧᱟᱢᱚ: ᱠᱟᱱᱟ।
train_santalimale_01069	wavs/train_santalimale_01069.wav	ᱥᱟᱸᱣᱛᱮ ᱟᱨᱟᱸᱲ ᱤᱯᱤᱞ ᱦᱚᱸ ᱠᱚ ᱧᱮᱞ ᱧᱟᱢᱚ: ᱠᱟᱱᱟ।
train_santalimale_01070	wavs/train_santalimale_01070.wav	ᱠᱟᱛᱷᱟᱭ ᱢᱮᱱᱟᱠᱚ, ᱥᱮᱫᱟᱭ ᱠᱷᱚᱱᱜᱮ ᱢᱟᱨᱟᱝ ᱵᱩᱨᱩ ᱫᱚ ᱫᱷᱟᱹᱨᱛᱤ ᱨᱮᱱ ᱟᱹᱰᱤ ᱢᱟᱨᱟᱝ ᱵᱚᱸᱜᱟ ᱮ ᱛᱟᱸᱦᱮᱸᱠᱟᱱᱟ।
train_santalimale_01071	wavs/train_santalimale_01071.wav	ᱢᱟᱨᱟᱝ ᱵᱩᱨᱩ ᱫᱚ ᱜᱮᱞᱵᱟᱨ ᱵᱚᱭᱦᱟ ᱨᱮᱱ ᱢᱟᱨᱟᱝ ᱦᱚᱲᱮᱹ ᱮ ᱛᱟᱸᱦᱮᱸᱠᱟᱱᱟ।
train_santalimale_01072	wavs/train_santalimale_01072.wav	ᱢᱟᱨᱟᱝ ᱵᱩᱨᱩ ᱫᱚ ᱫᱷᱟᱹᱨᱛᱤ, ᱚᱛ, ᱥᱮᱨᱢᱟ ᱦᱚᱭ ᱟᱨ ᱯᱟᱛᱟᱞ ᱨᱮᱭ ᱛᱟᱸᱦᱮᱸᱠᱟᱱ ᱛᱟᱸᱦᱮᱸᱠᱟᱱᱟ।
train_santalimale_01073	wavs/train_santalimale_01073.wav	ᱫᱷᱟᱹᱨᱛᱤ ᱟᱭᱚ ᱨᱮᱱ ᱫᱚ ᱢᱤᱫᱼᱟᱴᱟᱝ ᱦᱚᱯᱚᱱ ᱮᱨᱟ ᱛᱟᱸᱦᱮᱸᱠᱟᱱᱟᱭ, ᱩᱱᱤᱭᱟ: ᱧᱩᱛᱩᱢ ᱫᱚ ᱛᱟᱸᱦᱮᱸᱠᱟᱱᱟ ᱵᱟᱦᱟ।
train_santalimale_01074	wavs/train_santalimale_01074.wav	ᱟᱹᱰᱤ ᱪᱮᱦᱨᱟ ᱮ ᱛᱟᱸᱦᱮᱸᱠᱟᱱ, ᱚᱱᱟᱛᱮ ᱵᱟᱦᱟ ᱠᱚ ᱧᱩᱛᱩᱢ ᱞᱮᱫᱮᱭᱟ।
train_santalimale_01075	wavs/train_santalimale_01075.wav	ᱢᱤᱫᱼᱟᱫᱤᱱ ᱵᱟᱦᱟ ᱫᱚ ᱮᱠᱞᱟ ᱜᱮ ᱵᱤᱨ ᱛᱮ ᱫᱟᱸᱲᱟᱹᱱ ᱮ ᱪᱟᱞᱟᱣᱞᱮᱱ ᱛᱟᱸᱦᱮᱸᱠᱟᱱᱟ।
train_santalimale_01076	wavs/train_santalimale_01076.wav	ᱩᱱᱡᱚᱦᱚ: ᱦᱩᱫᱩᱲ ᱨᱟᱡ ᱧᱩᱛᱩᱢᱟᱱᱤᱡᱼᱟ ᱡᱚᱢᱨᱟᱡ ᱮ ᱟᱸᱜᱤᱨ ᱠᱮᱫᱮᱭᱟ, ᱟᱨ ᱟᱠᱚ ᱚᱲᱟᱹ: ᱯᱟᱛᱟᱞ ᱛᱮᱭ ᱤᱫᱤ ᱠᱮᱫᱮᱭᱟ।
train_santalimale_01077	wavs/train_santalimale_01077.wav	ᱱᱚᱣᱟ ᱟᱸᱜᱤᱨ ᱠᱟᱛᱷᱟ ᱟᱧᱡᱚᱢ ᱠᱟᱛᱮ ᱫᱷᱟᱹᱨᱛᱤ ᱨᱮᱱ ᱫᱟᱨᱮ, ᱫᱷᱤᱨᱤ, ᱡᱤᱣ, ᱡᱤᱭᱟᱹᱞᱤ ᱟᱹᱰᱤ ᱠᱚ ᱵᱷᱟᱣᱱᱟᱭᱮᱱᱟ।
train_santalimale_01078	wavs/train_santalimale_01078.wav	ᱱᱩᱱᱟ ᱠᱚ ᱵᱷᱟᱣᱱᱟᱭᱮᱱᱟ ᱡᱮ ᱡᱚᱢ ᱧᱩ ᱦᱚᱸ ᱠᱚ ᱵᱟᱹᱜᱤ ᱩᱛᱟᱹᱨ ᱠᱮᱫᱟ।
train_santalimale_01079	wavs/train_santalimale_01079.wav	ᱫᱟᱨᱮ ᱱᱟᱰᱤ, ᱡᱤᱵ ᱡᱤᱭᱟᱹᱞᱤ ᱥᱟᱱᱟᱢ ᱡᱤᱱᱛᱤ ᱯᱤᱯᱲᱤ ᱠᱚ ᱜᱚᱥᱚ ᱛᱚᱞᱢᱚᱡᱼᱟ ᱮᱱᱟ।
train_santalimale_01080	wavs/train_santalimale_01080.wav	ᱫᱟᱨᱮ ᱥᱟᱠᱟᱢ ᱯᱟᱞᱟᱣ ᱠᱟᱛᱮ ᱧᱩ ᱮᱭᱦᱚᱵᱼᱟ ᱮᱱᱟ।
train_santalimale_01081	wavs/train_santalimale_01081.wav	ᱜᱟᱲᱟᱹ ᱢᱩᱰᱩ ᱨᱮᱱᱟ: ᱫᱟ: ᱟᱸᱧᱮᱫᱼᱟ ᱮᱭᱦᱚᱵᱼᱟ ᱮᱱᱟ।
train_santalimale_01082	wavs/train_santalimale_01082.wav	ᱫᱷᱟᱹᱨᱛᱤ ᱨᱮᱱᱟ: ᱥᱟᱱᱟᱢ ᱜᱟᱥᱟᱛ ᱯᱟᱥᱟᱫᱼᱟ ᱢᱩᱞᱤᱱ ᱮᱱᱟ।
train_santalimale_01083	wavs/train_santalimale_01083.wav	ᱫᱷᱟᱹᱨᱛᱤ ᱨᱮᱱᱟᱷ ᱱᱚᱣᱟ ᱫᱚᱥᱟ ᱧᱮᱞᱛᱮ ᱢᱟᱨᱟᱝ ᱵᱩᱨᱩ ᱫᱚ ᱟᱹᱰᱤ ᱮ ᱵᱷᱟᱵᱱᱟᱭᱮᱱᱟ।
train_santalimale_01084	wavs/train_santalimale_01084.wav	ᱢᱮᱱᱠᱷᱟᱱ ᱢᱟᱨᱟᱝ ᱵᱩᱨᱩ ᱫᱚ ᱡᱚᱢᱨᱟᱡ ᱴᱷᱮᱱ ᱪᱟᱞᱟᱣ ᱠᱟᱛᱮ ᱢᱮᱛᱟᱫᱼᱟ ᱫᱮᱭᱟᱭ ᱮ ᱦᱚ ᱡᱚᱢᱨᱟᱡ ᱦᱩᱫᱩᱲᱨᱟᱡ ᱟᱢᱫᱚ ᱟᱹᱰᱤᱜᱮᱢ ᱫᱟᱲᱮᱹᱭᱟ।
train_santalimale_01085	wavs/train_santalimale_01085.wav	ᱟᱢᱟ: ᱫᱟᱲᱮᱹᱛᱮ ᱫᱷᱟᱹᱨᱛᱤ ᱟᱭᱚ ᱨᱮᱱ ᱦᱚᱯᱚᱱ ᱮᱨᱟ ᱵᱟᱦᱟ ᱫᱚ ᱡᱚᱵᱚᱨ ᱛᱮᱢ ᱟᱸᱜᱤᱨ ᱟᱠᱟᱫᱼᱟ ᱫᱮᱭᱟ।
train_santalimale_01086	wavs/train_santalimale_01086.wav	ᱢᱮᱱᱠᱷᱟᱱ ᱱᱚᱣᱟ ᱟᱢᱟ ᱠᱟᱹᱢᱤᱛᱮ, ᱫᱷᱟᱹᱨᱛᱤ ᱨᱮᱱ ᱥᱟᱱᱟᱢ ᱡᱤᱣ ᱡᱤᱭᱟᱹᱞᱤ ᱜᱟᱥᱟᱛ ᱛᱟᱥᱟᱛ ᱠᱩᱥᱤ ᱵᱟᱱᱩ: ᱠᱚᱣᱟ:।
train_santalimale_01087	wavs/train_santalimale_01087.wav	ᱚᱱᱟᱛᱮ ᱟᱢ ᱫᱚ ᱟᱠᱚᱨᱮᱱ ᱦᱚᱯᱚᱱ ᱮᱨᱟ ᱵᱟᱦᱟ ᱫᱚ ᱨᱩᱣᱟᱹᱲᱠᱟᱭ ᱢᱮ।
train_santalimale_01088	wavs/train_santalimale_01088.wav	ᱢᱟᱨᱟᱝ ᱵᱩᱨᱩᱣᱟ: ᱱᱚᱣᱟ ᱠᱟᱛᱷᱟ ᱦᱩᱫᱩᱲᱨᱟᱡ ᱡᱚᱢᱨᱟᱡ ᱮ ᱟᱧᱡᱚᱢᱠᱮᱫᱼᱟ ᱠᱷᱟᱱ, ᱢᱮᱱᱠᱮᱫᱟᱭ ᱮᱦᱚ ᱢᱟᱨᱟᱝ ᱵᱩᱨᱩ, ᱤᱧ ᱫᱚ ᱫᱷᱟᱹᱨᱛᱤ ᱨᱮᱱ ᱦᱚᱯᱚᱱ ᱮᱨᱟ ᱵᱟᱦᱟ ᱥᱟᱸᱣ ᱵᱟᱵᱼᱟᱞᱟ ᱥᱟᱱᱟᱧ ᱠᱟᱱᱟ।
train_santalimale_01089	wavs/train_santalimale_01089.wav	ᱚᱱᱟᱛᱮᱧ ᱟᱹᱜᱩ ᱟᱠᱟᱫᱼᱟ ᱫᱮᱭᱟ।
train_santalimale_01090	wavs/train_santalimale_01090.wav	ᱡᱩᱫᱤ ᱟᱢᱮᱢ ᱢᱮᱱᱟ ᱮᱱᱠᱷᱟᱱ ᱨᱩᱣᱟᱹᱲ ᱠᱟᱭᱟᱧ ᱢᱮᱱᱠᱷᱟᱱ ᱥᱮᱨᱢᱟ ᱨᱮ ᱢᱤᱫᱼᱟᱫᱷᱟᱣ ᱫᱚ ᱤᱧᱴᱷᱮᱱ ᱦᱤᱡᱩᱷ ᱦᱩᱭ ᱟᱭᱟ।
train_santalimale_01091	wavs/train_santalimale_01091.wav	ᱱᱚᱣᱟ ᱠᱟᱛᱷᱟ ᱢᱮᱱᱠᱟᱛᱮ ᱦᱩᱫᱩᱲ ᱨᱟᱡ ᱫᱚ ᱢᱤᱫᱼᱟᱴᱟᱝ ᱠᱟᱨᱤᱵᱤᱞᱤ ᱫᱟᱨᱮ ᱡᱚ, ᱵᱟᱦᱟ ᱮ ᱮᱢᱟᱷ ᱫᱮᱭᱟ, ᱟᱨ ᱮ ᱢᱮᱛᱟᱷ ᱫᱮᱭᱟ ᱱᱮ ᱱᱚᱣᱟ ᱡᱚ ᱡᱚᱢᱢᱮ।
train_santalimale_01092	wavs/train_santalimale_01092.wav	ᱦᱩᱫᱩᱲᱨᱟᱡ ᱟ: ᱠᱟᱛᱷᱟ ᱞᱮᱠᱟ ᱛᱮ ᱵᱟᱦᱟ ᱫᱚ ᱡᱚᱭ ᱡᱚᱢᱠᱮᱫᱼᱟ ᱟ।
train_santalimale_01093	wavs/train_santalimale_01093.wav	ᱮᱱᱠᱷᱟᱱ ᱜᱮ ᱢᱟᱞᱟ ᱫᱚ ᱠᱤᱨᱤᱵᱤᱨ ᱡᱚ ᱵᱤᱥ ᱛᱮᱭ ᱜᱚᱪ ᱮᱱᱟ।
train_santalimale_01094	wavs/train_santalimale_01094.wav	ᱟᱨ ᱢᱤᱫᱼᱟᱜᱷᱟᱲᱤ ᱛᱟᱭᱚᱢ ᱟᱨ ᱦᱚᱭ ᱡᱤᱣᱤᱛ ᱵᱟᱧᱪᱟᱣ ᱨᱩᱣᱟᱹᱲ ᱮᱱᱟ।
train_santalimale_01095	wavs/train_santalimale_01095.wav	ᱠᱷᱟᱱ ᱢᱟᱨᱟᱝ ᱵᱩᱨᱩᱣᱟᱷ ᱠᱟᱛᱷᱟ ᱞᱮᱠᱟᱛᱮ ᱡᱚᱢᱨᱟᱡ ᱫᱚ ᱵᱟᱦᱟ ᱫᱚ ᱫᱷᱟᱹᱨᱛᱤ ᱛᱮ ᱵᱷᱮᱡᱟ ᱨᱩᱣᱟᱹᱲ ᱠᱟᱫᱮᱭᱟᱭ।
train_santalimale_01096	wavs/train_santalimale_01096.wav	ᱵᱟᱦᱟ ᱫᱷᱟᱹᱨᱛᱤ ᱛᱮ ᱨᱩᱣᱟᱹᱲ ᱦᱮᱡᱼᱟ ᱮᱱᱠᱷᱟᱱ ᱥᱟᱱᱟᱢ ᱡᱤᱵ, ᱡᱤᱭᱟᱹᱞᱤ, ᱫᱟᱨᱮ ᱱᱟᱹᱲᱤ, ᱟᱲᱤ ᱠᱚ ᱠᱩᱥᱤ ᱨᱟᱹᱥᱠᱟᱹᱭᱮᱱᱟ, ᱮᱱᱠᱷᱟᱱ ᱫᱟᱨᱮ ᱨᱮ ᱵᱟᱦᱟ ᱪᱤᱱᱛᱮ ᱯᱷᱩᱴᱟᱣ ᱮᱱᱟᱭ।
train_santalimale_01097	wavs/train_santalimale_01097.wav	ᱥᱟᱱᱟᱢᱠᱚ ᱠᱩᱥᱤ ᱨᱟᱹᱥᱠᱟᱹ ᱨᱮ ᱠᱚ ᱛᱟᱸᱦᱮᱮᱱᱟ।
train_santalimale_01098	wavs/train_santalimale_01098.wav	ᱵᱟᱦᱟ ᱫᱚ ᱡᱟᱸᱣᱟᱭ ᱚᱲᱟᱹ ᱨᱮ ᱠᱤᱨᱤᱵᱤᱨ ᱨᱮ ᱡᱚᱭ ᱡᱚᱢᱞᱮᱫᱼᱟ ᱛᱮ ᱥᱮᱨᱢᱟ ᱨᱮ ᱢᱤᱫᱼᱟᱫᱷᱟᱣ ᱫᱚᱭ ᱪᱟᱞᱟᱷᱟ।
train_santalimale_01099	wavs/train_santalimale_01099.wav	ᱡᱟᱦᱟᱸᱛᱤᱥ ᱫᱷᱟᱹᱨᱛᱤ ᱚᱛᱮᱫᱼᱟ ᱨᱮ ᱫᱟᱨᱮ ᱜᱚᱥᱚ ᱛᱚᱞᱢᱚᱡᱚ: ᱟ ᱮᱱᱠᱷᱟᱱ ᱵᱟᱰᱟᱭ ᱢᱮ ᱵᱟᱦᱟ ᱫᱚ ᱡᱟᱸᱣᱟᱭ ᱚᱲᱟᱹ: ᱛᱮ ᱪᱟᱞᱟᱣ ᱟᱠᱟᱱᱟᱭ।
train_santalimale_01100	wavs/train_santalimale_01100.wav	ᱟᱨ ᱡᱟᱦᱟᱸᱛᱤᱥ ᱫᱷᱟᱨᱛᱤ ᱨᱮᱱᱟ: ᱫᱟᱨᱮ, ᱱᱟᱹᱲᱤ ᱦᱟᱞᱤ ᱦᱟᱨᱭᱟᱲ ᱛᱟᱸᱦᱮᱸᱱᱟ, ᱮᱱᱠᱷᱟᱱ ᱜᱮ ᱵᱟᱦᱟ ᱫᱚ ᱫᱷᱟᱹᱨᱛᱤ ᱨᱮᱭ ᱢᱮᱱᱟᱭᱟ ᱢᱮᱱᱛᱮ ᱠᱚ ᱢᱮᱱᱟ।
train_santalimale_01101	wavs/train_santalimale_01101.wav	ᱠᱟᱛᱷᱟᱭ ᱢᱮᱱᱟᱠᱚ, ᱥᱮᱫᱟᱭ ᱢᱟᱱᱣᱟ ᱠᱚᱣᱟᱷ ᱡᱟᱱᱟᱢ ᱫᱚ ᱦᱤᱦᱤᱲᱤ ᱯᱤᱯᱤᱲᱤ ᱫᱤᱥᱚᱢ ᱨᱮ ᱵᱟᱨᱭᱟ ᱦᱟᱸᱥ ᱦᱟᱸᱥᱞᱤ ᱪᱮᱲᱮᱹ ᱵᱤᱞᱤ ᱠᱷᱚᱱ ᱵᱟᱨᱭᱟ ᱢᱟᱱᱣᱟᱠᱤᱱ ᱵᱩᱥᱟᱹᱲ ᱞᱮᱱ ᱛᱟᱸᱦᱮᱸᱠᱟᱱᱟ।
train_santalimale_01102	wavs/train_santalimale_01102.wav	ᱩᱱᱚᱠᱤᱱ ᱢᱟᱱᱣᱟᱠᱤᱱᱟ: ᱧᱩᱛᱩᱢ ᱫᱚ ᱯᱤᱞᱪᱩ ᱦᱟᱲᱟᱹᱢ ᱟᱨ ᱯᱤᱞᱪᱩ ᱵᱩᱲᱦᱤ ᱛᱟᱸᱦᱮᱸᱠᱟᱱᱟ।
train_santalimale_01103	wavs/train_santalimale_01103.wav	ᱯᱤᱞᱪᱩ ᱦᱟᱲᱟᱹᱢ ᱟᱨ ᱯᱤᱞᱪᱩ ᱵᱩᱲᱦᱤ ᱫᱚ ᱪᱮᱫᱼᱟ ᱦᱚᱸ ᱣᱟᱝᱚᱠᱤᱱ ᱵᱟᱰᱟᱭ ᱠᱟᱱ ᱛᱟᱸᱦᱮᱸᱠᱟᱱᱟ।
train_santalimale_01104	wavs/train_santalimale_01104.wav	ᱚᱱᱟᱛᱮ ᱢᱟᱨᱟᱝ ᱵᱩᱨᱩ ᱫᱚ ᱫᱤᱱᱜᱮ ᱩᱱᱚᱠᱤᱱ ᱵᱟᱵᱚᱛ ᱛᱮ ᱟᱝᱤ ᱵᱷᱟᱣᱤᱭᱮᱫᱼᱟ ᱛᱟᱸᱦᱮᱸᱠᱟᱱᱟ।
train_santalimale_01105	wavs/train_santalimale_01105.wav	ᱪᱮᱫᱼᱟ ᱞᱮᱠᱟᱛᱮ ᱱᱩᱠᱤᱱ ᱢᱟᱱᱣᱟ ᱠᱷᱚᱱ ᱟᱨ ᱦᱚᱸ ᱢᱟᱱᱣᱟ ᱦᱚᱯᱚᱱ ᱠᱚᱸᱭ ᱵᱟᱲ ᱦᱚᱪᱚ ᱠᱚᱣᱟ।
train_santalimale_01106	wavs/train_santalimale_01106.wav	ᱪᱮᱠᱟ ᱞᱮᱠᱟᱛᱮ ᱱᱩᱠᱤᱱ ᱢᱟᱱᱣᱟ ᱦᱚᱯᱚᱱ ᱠᱤᱱ ᱥᱟᱞᱚᱝ ᱜᱷᱚᱴᱚᱱ ᱦᱚᱪᱚ ᱠᱤᱱᱟ।
train_santalimale_01107	wavs/train_santalimale_01107.wav	ᱚᱱᱠᱟ ᱞᱮᱠᱟᱛᱮ ᱢᱤᱫᱼᱟᱫᱤᱱ ᱫᱚᱭ ᱦᱩᱫᱤᱥ ᱧᱟᱢᱠᱮᱫᱼᱟ ᱟ।
train_santalimale_01108	wavs/train_santalimale_01108.wav	ᱱᱩᱠᱤᱱ ᱢᱟᱱᱣᱟ ᱫᱚ ᱦᱟᱸᱰᱤ ᱧᱩᱛᱮ ᱵᱩᱞ ᱠᱤᱱᱟᱹᱧ, ᱮᱱᱠᱷᱟᱱ ᱟᱠᱤᱱ ᱛᱮᱜᱮᱠᱤᱱ ᱥᱟᱞᱚᱝ ᱜᱷᱚᱴᱚᱱᱚ: ᱟ, ᱟᱨ ᱢᱟᱱᱣᱟᱠᱤᱱ ᱵᱟᱲ ᱠᱚᱣᱟ।
train_santalimale_01109	wavs/train_santalimale_01109.wav	ᱟᱫᱚ ᱢᱤᱫᱼᱟᱫᱤᱱ ᱢᱟᱨᱟᱝ ᱵᱩᱨᱩ ᱫᱚ ᱯᱤᱞᱪᱩ ᱦᱟᱲᱟᱹᱢ ᱵᱩᱲᱦᱤ ᱮ ᱦᱚᱦᱚ ᱟᱛᱚᱠᱤᱱᱟ, ᱟᱨ ᱮ ᱢᱮᱛᱟ: ᱠᱤᱱᱟ, ᱮ ᱱᱟᱛᱤ ᱟᱵᱤᱱ ᱫᱚ ᱱᱚᱣᱟ ᱥᱟᱜᱟ: ᱪᱟᱣᱞᱮ ᱨᱮᱭᱟ: ᱦᱚᱞᱚᱝ ᱵᱮᱱᱟᱣ ᱛᱟᱵᱚᱱᱚᱵᱤᱱ, ᱟᱨ ᱟᱹᱞᱤᱧ ᱫᱚ ᱨᱟᱹᱱᱩ ᱨᱟᱱᱚᱞᱤᱧ ᱛᱟᱲᱟᱹᱣ ᱟᱹᱜᱩᱭᱟ।
train_santalimale_01110	wavs/train_santalimale_01110.wav	ᱠᱷᱟᱱᱜᱮ ᱯᱤᱞᱪᱩ ᱦᱟᱲᱟᱹᱢ ᱵᱩᱲᱦᱤ ᱫᱚ ᱥᱟᱜᱟ: ᱪᱟᱣᱞᱮ ᱨᱮᱱᱟ ᱦᱚᱞᱚᱝᱚᱠᱤᱱ ᱜᱩᱸᱰᱟ ᱠᱮᱫᱼᱟ ᱟ, ᱟᱨ ᱢᱟᱨᱟᱝ ᱵᱩᱨᱩ ᱫᱚ ᱨᱟᱹᱱᱩ ᱨᱟᱱ ᱛᱟᱲᱟᱣ ᱪᱟᱞᱟᱣ ᱮᱱᱟ।
train_santalimale_01111	wavs/train_santalimale_01111.wav	ᱢᱟᱨᱟᱝ ᱵᱩᱨᱩ ᱫᱚ ᱪᱟᱞᱟᱣ ᱪᱟᱞᱟᱣ ᱛᱮ ᱟᱹᱰᱤ ᱥᱟᱹᱜᱤᱧᱮ ᱪᱟᱞᱟᱣ ᱮᱱᱟ।
train_santalimale_01112	wavs/train_santalimale_01112.wav	ᱧᱮᱞᱮᱭᱟᱭ ᱢᱤᱫᱼᱟᱴᱟᱝ ᱦᱟᱸᱰᱩ ᱫᱚ ᱦᱚᱨ ᱫᱷᱟᱨᱮ ᱨᱮ ᱜᱤᱛᱤᱡᱼᱟ ᱟᱠᱟᱱᱟᱭ।
train_santalimale_01113	wavs/train_santalimale_01113.wav	ᱮᱱᱠᱷᱟᱱ ᱢᱟᱨᱟᱝ ᱵᱩᱨᱩ ᱫᱚ ᱩᱱᱤ ᱦᱟᱸᱰᱩ ᱫᱚ ᱜᱤᱛᱤᱡᱼᱟ ᱠᱷᱚᱱ ᱵᱮᱨᱮᱫᱼᱟ ᱠᱮᱫᱮᱭᱟ।
train_santalimale_01114	wavs/train_santalimale_01114.wav	ᱟᱨ ᱮ ᱠᱩᱞᱤ ᱠᱮᱫᱮᱭᱟ ᱦᱮᱸᱫᱟᱭᱟ, ᱟᱢ ᱫᱚ ᱪᱮᱫᱟᱷ ᱱᱚᱣᱟ ᱦᱚᱨ ᱦᱚᱨ ᱛᱮᱫᱚᱢ ᱜᱤᱛᱤᱡᱼᱟ ᱟᱠᱟᱱᱟ?
train_santalimale_01115	wavs/train_santalimale_01115.wav	ᱮᱱᱠᱷᱟᱱ ᱦᱟᱸᱰᱩ ᱮ ᱢᱮᱱᱠᱮᱫᱼᱟ ᱟ ᱮ ᱦᱚ ᱢᱟᱨᱟᱝ ᱵᱩᱨᱩ ᱤᱧ ᱫᱚ, ᱚᱱᱮ ᱚᱱᱟ ᱴᱟᱹᱴᱤᱡᱷᱟᱹᱨᱤ ᱢᱩᱰᱩ ᱨᱮᱱᱟ: ᱫᱟ: ᱧᱩᱸ ᱛᱤᱧ ᱵᱩᱞ ᱟᱠᱟᱱᱟ ᱟᱨ ᱚᱱᱟᱛᱮᱜᱤᱧ ᱜᱤᱛᱤᱡᱼᱟ ᱟᱠᱟᱱᱟ।
train_santalimale_01116	wavs/train_santalimale_01116.wav	ᱮᱱᱠᱷᱟᱱ ᱢᱟᱨᱟᱝ ᱵᱩᱨᱩ ᱫᱚ ᱚᱱᱟ ᱴᱟᱹᱴᱤᱡᱷᱟᱹᱨᱤ ᱢᱩᱰᱩᱛᱮᱭ ᱪᱟᱞᱟᱣ ᱮᱱᱟ।
train_santalimale_01117	wavs/train_santalimale_01117.wav	ᱥᱮᱱᱠᱟᱛᱮ ᱧᱮᱞᱟᱭ ᱚᱱᱟ ᱴᱟᱹᱴᱤᱡᱷᱟᱹᱨᱤ ᱢᱩᱰᱩ ᱨᱮᱭᱟ: ᱫᱟ: ᱨᱮ ᱫᱚ ᱪᱟᱣᱚᱞᱤᱭᱟ ᱟᱨ ᱴᱷᱚᱢᱯᱚ ᱨᱮᱦᱮᱫᱼᱟ ᱡᱚᱵᱮ ᱟᱠᱟᱱᱟ।
train_santalimale_01118	wavs/train_santalimale_01118.wav	ᱩᱱ ᱨᱮ ᱢᱟᱨᱟᱝ ᱵᱩᱨᱩ ᱮ ᱢᱮᱱᱠᱮᱫᱼᱟ ᱟ ᱴᱷᱤᱠ, ᱱᱚᱣᱟ ᱪᱟᱣᱚᱞᱤᱭᱟ ᱟᱨ ᱨᱟᱹᱱᱩ ᱨᱮᱦᱮᱛ ᱫᱟ: ᱧᱩ ᱛᱮᱜᱮ ᱱᱩᱤ ᱦᱟᱸᱰᱩ ᱫᱚᱭ ᱵᱩᱞ ᱜᱤᱛᱤᱡᱼᱟ ᱟᱠᱟᱱᱟ।
train_santalimale_01119	wavs/train_santalimale_01119.wav	ᱮᱱᱠᱷᱟᱱ ᱢᱟᱨᱟᱝᱚᱵᱩᱨᱩ ᱫᱚ ᱚᱱᱟ ᱨᱮᱦᱮᱛ ᱠᱤᱱ ᱛᱟᱲᱟᱹᱣ ᱠᱟᱛᱮ ᱚᱲᱟᱹ ᱛᱮᱭ ᱟᱹᱜᱩ ᱠᱮᱫᱼᱟ ᱟ।
train_santalimale_01120	wavs/train_santalimale_01120.wav	ᱥᱟᱸᱣᱛᱮ ᱢᱤᱛᱚᱵᱤᱸᱰᱟ ᱞᱟᱲ ᱥᱟᱠᱟᱢ ᱮ ᱦᱮᱡᱼᱟ ᱛᱟᱨᱟ ᱠᱮᱫᱼᱟ ᱟ।
train_santalimale_01121	wavs/train_santalimale_01121.wav	ᱚᱲᱟᱹ: ᱦᱮᱡᱼᱟ ᱠᱟᱛᱮ ᱢᱟᱨᱟᱝ ᱵᱩᱨᱩ ᱫᱚ ᱪᱟᱣᱚᱞᱤᱭᱟ ᱟᱨ ᱴᱷᱚᱢᱯᱩ ᱨᱮᱦᱮᱫᱼᱟ ᱜᱩᱸᱰᱟ ᱠᱟᱛᱮ, ᱦᱚᱞᱚᱝ ᱥᱟᱸᱣ ᱢᱮᱥᱟ ᱠᱟᱛᱮ ᱨᱟᱹᱱᱩ ᱮ ᱪᱟᱯᱟᱫᱼᱟᱠᱮᱫᱼᱟ ᱟ, ᱟᱨ ᱮ ᱱᱟᱥᱮ ᱨᱚᱦᱚᱲ ᱠᱟᱫᱼᱟ ᱱᱟ।
train_santalimale_01122	wavs/train_santalimale_01122.wav	ᱨᱟᱹᱱᱩ ᱨᱟᱱ ᱨᱚᱦᱚᱲ ᱮᱱᱠᱷᱟᱱ ᱞᱟᱲ ᱥᱟᱠᱟᱢ ᱨᱮᱱᱟ: ᱠᱷᱟᱞᱟ: ᱨᱮ, ᱥᱟᱜᱟ ᱪᱟᱣᱞᱮ ᱨᱮᱭᱟ: ᱫᱟᱠᱟ ᱠᱚ ᱫᱚᱦᱚ ᱠᱮᱫᱼᱟ ᱟ ᱟᱨ ᱨᱟᱹᱱᱩ ᱨᱟᱱ ᱥᱟᱸᱣ ᱢᱮᱥᱟᱢᱤᱥᱤ ᱠᱟᱛᱮ ᱠᱷᱟᱞᱟ ᱨᱮ ᱠᱚ ᱯᱚᱴᱚᱢ ᱮᱥᱮᱫᱼᱟ ᱠᱟᱛᱮ ᱦᱟᱸᱲᱤ ᱯᱚᱴᱚᱢ ᱫᱚ ᱠᱚ ᱫᱚᱦᱚᱠᱮᱫᱼᱟ ᱟ।
train_santalimale_01123	wavs/train_santalimale_01123.wav	ᱦᱟᱸᱰᱤ ᱯᱚᱴᱚᱢ ᱫᱚ ᱱᱟᱯᱟᱭᱛᱮ ᱤᱥᱤᱱ ᱟᱠᱟᱱᱟ, ᱟᱨ ᱟᱹᱰᱤ ᱥᱤᱵᱤᱞ ᱜᱮ ᱥᱚ ᱚᱰᱚᱝ ᱮᱱᱟ।
train_santalimale_01124	wavs/train_santalimale_01124.wav	ᱮᱱᱠᱷᱟᱱ ᱢᱟᱨᱟᱝ ᱵᱩᱨᱩ ᱫᱚᱭ ᱢᱮᱱᱠᱮᱫᱼᱟ ᱟ।
train_santalimale_01125	wavs/train_santalimale_01125.wav	ᱦᱮᱸ ᱱᱟᱛᱤ ᱦᱟᱸᱲᱤ ᱫᱚ ᱤᱥᱤᱱ ᱟᱠᱟᱱ ᱛᱟᱵᱚᱱᱟ।
train_santalimale_01126	wavs/train_santalimale_01126.wav	ᱫᱩ ᱟᱵᱤᱱ ᱫᱚ ᱵᱤᱨ ᱛᱮ ᱪᱟᱞᱟᱷ ᱵᱤᱱ ᱟᱨ ᱥᱟᱨᱡᱚᱢ ᱥᱟᱠᱟᱢ ᱥᱤᱛ ᱟᱜᱩᱭᱚᱵᱤᱱ।
train_santalimale_01127	wavs/train_santalimale_01127.wav	ᱯᱤᱞᱪᱩ ᱦᱟᱲᱟᱹᱢ ᱵᱩᱲᱦᱤ ᱫᱚ ᱥᱟᱨᱡᱚᱢ ᱥᱟᱠᱟᱢ ᱠᱤᱱ ᱥᱤᱫᱼᱟ ᱟᱜᱩ ᱠᱮᱫᱼᱟ ᱟ।
train_santalimale_01128	wavs/train_santalimale_01128.wav	ᱢᱟᱨᱟᱝ ᱵᱩᱨᱩ ᱫᱚ ᱵᱷᱤᱴᱣᱟᱹ ᱥᱤᱨ ᱠᱷᱚᱱ ᱚᱰᱚᱝ ᱟᱠᱟᱱ, ᱡᱚᱲ ᱥᱤᱨᱟ: ᱥᱟᱠᱟᱢᱮ ᱵᱟᱪᱷᱟᱣ ᱠᱮᱫᱼᱟ ᱟ।
train_santalimale_01129	wavs/train_santalimale_01129.wav	ᱥᱟᱠᱟᱢ ᱨᱮ ᱫᱚ ᱡᱟᱸᱦᱟᱱ ᱚᱱᱚᱞ ᱥᱮ ᱯᱩᱥᱨᱤ ᱫᱚ ᱵᱟᱝ ᱛᱟᱸᱦᱮᱸᱠᱟᱱᱟ।
train_santalimale_01130	wavs/train_santalimale_01130.wav	ᱚᱱᱟ ᱨᱮᱭᱟ: ᱯᱮᱭᱟ ᱪᱩᱠᱱᱤ ᱯᱷᱩᱰᱩ ᱠᱚ ᱵᱮᱱᱟᱣᱠᱮᱫᱼᱟ ᱟ।
train_santalimale_01131	wavs/train_santalimale_01131.wav	ᱯᱚᱴᱚᱢ ᱦᱟᱸᱲᱤ ᱠᱷᱚᱱ ᱯᱮ ᱯᱷᱩᱰᱩ ᱦᱟᱸᱲᱤ ᱠᱚ ᱛᱟᱝ ᱚᱰᱚᱝ ᱠᱮᱫᱼᱟ ᱟ।
train_santalimale_01132	wavs/train_santalimale_01132.wav	ᱮᱱᱠᱷᱟᱱ ᱢᱟᱨᱟᱝ ᱵᱩᱨᱩ ᱮ ᱢᱮᱱᱠᱮᱫᱼᱟ ᱟ ᱮ ᱱᱟᱛᱤᱱ ᱯᱤᱞᱪᱩ ᱦᱟᱲᱟᱹᱢ ᱱᱮ ᱱᱚᱣᱟ ᱯᱮ ᱯᱷᱩᱰᱩ ᱦᱟᱸᱲᱤ ᱫᱚ ᱛᱟᱞᱟ ᱨᱟᱪᱟ ᱨᱮ ᱪᱚᱰᱚᱨ ᱵᱚᱸᱜᱟᱹᱭ ᱢᱮᱸ।
train_santalimale_01133	wavs/train_santalimale_01133.wav	ᱢᱟᱨᱟᱝ ᱯᱷᱩᱰᱩ ᱫᱚ ᱤᱧ ᱢᱟᱨᱟᱝ ᱵᱩᱨᱩ ᱧᱩᱛᱩᱢ ᱛᱮ, ᱫᱚᱥᱟᱨ ᱯᱷᱩᱰᱩ ᱫᱚ ᱟᱢ ᱯᱤᱞᱪᱩ ᱦᱟᱲᱟᱹᱢ ᱧᱩᱛᱩᱢ ᱟᱨ ᱛᱮᱥᱟᱨ ᱯᱷᱩᱰᱩ ᱫᱚ ᱱᱩᱤ ᱯᱤᱞᱪᱩ ᱵᱩᱲᱦᱤ ᱧᱩᱛᱩᱢ ᱛᱮ।
train_santalimale_01134	wavs/train_santalimale_01134.wav	ᱯᱤᱞᱪᱩ ᱦᱟᱲᱟᱹᱢ ᱫᱚ ᱛᱟᱞᱟ ᱨᱟᱪᱟ ᱨᱮ ᱤᱠᱚᱰᱩᱢᱠᱟᱛᱮ ᱠᱷᱚᱸᱰ ᱮ ᱵᱮᱱᱟᱣ ᱠᱮᱫᱼᱟ ᱟ।
train_santalimale_01135	wavs/train_santalimale_01135.wav	ᱟᱨ ᱚᱱᱟ ᱠᱷᱚᱸᱰ ᱨᱮ ᱯᱮ ᱯᱷᱩᱰᱩ ᱦᱟᱸᱰᱤ ᱮ ᱪᱚᱲᱚᱨᱠᱮᱫᱼᱟ ᱟ।
train_santalimale_01136	wavs/train_santalimale_01136.wav	ᱩᱱᱡᱚᱦᱚᱷ ᱢᱟᱨᱟᱝ ᱵᱩᱨᱩ ᱫᱚ ᱱᱚᱝᱠᱟ ᱵᱟᱸᱠᱷᱲᱮᱹ ᱮ ᱞᱟᱭ ᱟᱛᱚᱠᱤᱱ ᱛᱟᱸᱦᱮᱸᱠᱟᱱᱟ।
train_santalimale_01137	wavs/train_santalimale_01137.wav	ᱵᱟᱸᱠᱷᱮᱲ ᱱᱮ ᱜᱚᱸᱥᱟᱭ ᱢᱟᱨᱟᱝ ᱵᱩᱨᱩ ᱪᱟᱠᱷᱟ ᱦᱟᱸᱰᱤ ᱧᱩᱛᱩᱢ ᱛᱮ ᱨᱟᱱ ᱫᱟ: ᱪᱟᱯᱟᱱ ᱫᱟ: ᱮᱢᱟᱢ ᱪᱟᱞᱟᱧ ᱠᱟᱱᱟᱞᱤᱧ।
train_santalimale_01138	wavs/train_santalimale_01138.wav	ᱱᱤᱭᱟᱹ ᱜᱮ ᱪᱮᱯᱮᱡᱼᱟ ᱠᱟᱷ ᱪᱮᱨᱮᱡᱼᱟ ᱠᱟ: ᱛᱟᱞᱤᱧ ᱢᱮᱸ।
train_santalimale_01139	wavs/train_santalimale_01139.wav	ᱛᱮᱦᱮᱧ ᱫᱚ ᱟᱹᱞᱤᱧ ᱢᱟᱱᱣᱟ ᱧᱩ ᱠᱟᱛᱮ, ᱵᱩᱞ ᱠᱟᱛᱮ, ᱵᱷᱤᱸᱫᱟᱹᱲᱠᱚ: ᱧᱟᱯᱟᱢᱠᱚ: ᱢᱟᱞᱤᱧ ᱵᱟᱲᱮᱹ।
train_santalimale_01140	wavs/train_santalimale_01140.wav	ᱡᱟᱭᱚᱡᱩᱜ ᱞᱟᱹᱜᱤᱫᱼᱟ ᱞᱟᱭᱚᱡᱼᱟ ᱦᱟᱹᱥᱩ ᱵᱚᱦᱚ: ᱦᱟᱹᱥᱩ ᱟᱞᱚᱢ ᱥᱤᱨᱡᱟᱣ ᱠᱟ ᱵᱷᱤᱰᱟᱣ ᱠᱟ ᱜᱚᱸᱥᱟᱭ।
train_santalimale_01141	wavs/train_santalimale_01141.wav	ᱦᱟᱸᱰᱤ ᱪᱚᱰᱚᱨ ᱟᱨ ᱵᱟᱸᱠᱷᱮᱲ ᱠᱚ ᱪᱟᱵᱟ ᱠᱟᱛᱮ ᱢᱤᱢᱤᱫᱼᱟ ᱯᱷᱩᱲᱩᱹ ᱠᱚ ᱧᱩ ᱠᱮᱫᱼᱟ ᱟ।
train_santalimale_01142	wavs/train_santalimale_01142.wav	ᱧᱩ ᱵᱟᱲᱟᱹ ᱠᱟᱛᱮ ᱢᱟᱨᱟᱝ ᱵᱩᱨᱩ ᱫᱚᱭ ᱪᱟᱞᱟᱣ ᱮᱱᱟ।
train_santalimale_01143	wavs/train_santalimale_01143.wav	ᱮᱱᱠᱷᱟᱱ ᱥᱟᱨᱮᱡᱼᱟ ᱦᱟᱸᱰᱤ ᱫᱚ ᱟᱨᱦᱚᱸ ᱯᱤᱞᱪᱩ ᱦᱟᱲᱟᱹᱢ ᱵᱩᱲᱦᱤ ᱛᱮᱠᱤᱱ ᱧᱩ ᱡᱩᱴᱤᱪᱠᱮᱫᱼᱟ ᱟ, ᱦᱟᱸᱲᱤ ᱧᱩ ᱛᱮ ᱵᱟᱱᱟ ᱦᱚᱲᱚᱠᱤᱱ ᱵᱩᱞ ᱮᱱᱟ ᱟᱨ ᱠᱤᱱ ᱡᱟᱹᱯᱤᱛ ᱟᱱᱟ।
train_santalimale_01144	wavs/train_santalimale_01144.wav	ᱥᱮᱛᱟ: ᱢᱟᱨᱥᱟᱹᱞ ᱮᱱᱠᱷᱟᱱ ᱟᱨ ᱦᱚᱸ ᱢᱟᱨᱟᱝ ᱵᱩᱨᱩ ᱫᱚ ᱯᱤᱞᱪᱩ ᱦᱟᱲᱟᱹᱢ ᱵᱩᱲᱦᱤ ᱧᱮᱧᱮᱞ ᱮ ᱦᱮᱡᱼᱟ ᱮᱱᱟ।
train_santalimale_01145	wavs/train_santalimale_01145.wav	ᱧᱮᱞᱚᱠᱤᱱᱟᱭ ᱵᱟᱱᱟ ᱦᱚᱲ ᱠᱤᱱ ᱜᱤᱛᱤᱧ ᱟᱠᱟᱱᱟ ᱟᱨᱚᱠᱤᱱ ᱥᱟᱞᱟᱝ ᱜᱷᱚᱴᱚᱱ ᱟᱠᱟᱱᱟ।
train_santalimale_01146	wavs/train_santalimale_01146.wav	ᱮᱱᱠᱷᱟᱱ ᱢᱟᱨᱟᱝ ᱵᱩᱨᱩ ᱮ ᱦᱚᱦᱚᱣᱟᱫᱼᱟ ᱠᱤᱱᱟ।
train_santalimale_01147	wavs/train_santalimale_01147.wav	ᱯᱤᱞᱪᱩ ᱦᱟᱲᱟᱹᱢ ᱟᱨ ᱵᱩᱲᱦᱤ ᱫᱚ ᱞᱟᱡᱟᱣ ᱛᱮ ᱚᱲᱟᱹᱷ ᱠᱷᱚᱱ ᱵᱟᱝᱚᱠᱤᱱ ᱚᱰᱚᱝᱚ ᱠᱟᱱᱟ।
train_santalimale_01148	wavs/train_santalimale_01148.wav	ᱮᱱᱠᱷᱟᱱ ᱯᱤᱞᱪᱩ ᱦᱟᱲᱟᱹᱢᱮ ᱢᱮᱱᱠᱮᱫᱼᱟ ᱟ ᱮ ᱦᱚ ᱢᱟᱨᱟᱝ ᱵᱩᱨᱩ ᱟᱹᱞᱤᱧ ᱫᱚ ᱟᱹᱰᱤ ᱞᱟᱡᱟᱣ ᱞᱤᱧ ᱵᱩᱡᱷᱟᱣ ᱮᱫᱼᱟ ᱟ, ᱟᱢ ᱥᱟᱸᱣ ᱪᱮᱠᱟᱞᱮᱠᱟ ᱛᱤᱞᱤᱧ ᱧᱟᱯᱟᱢᱟ।
train_santalimale_01149	wavs/train_santalimale_01149.wav	ᱮᱱᱠᱷᱟᱱ ᱢᱟᱨᱟᱝ ᱵᱩᱨᱩ ᱮ ᱢᱮᱱᱠᱮᱫᱼᱟ ᱟ ᱮ ᱱᱟᱛᱤ ᱟᱞᱚᱵᱤᱱ ᱞᱟᱡᱟ: ᱟ, ᱱᱮ ᱱᱚᱣᱟ ᱠᱤᱪᱚᱨᱤᱡᱼᱟ ᱤᱧ ᱮᱢᱟᱵᱤᱱ ᱠᱟᱱᱟ, ᱱᱚᱣᱟ ᱛᱮ ᱵᱟᱸᱫᱮᱱ ᱵᱤᱱ।
train_santalimale_01150	wavs/train_santalimale_01150.wav	ᱯᱤᱞᱪᱩ ᱦᱟᱲᱟᱹᱢ ᱫᱚ ᱞᱟᱲ ᱛᱮ ᱚᱨᱛᱟᱵᱼᱟ ᱮ ᱫᱷᱩᱛᱤ ᱭᱮᱱᱟ, ᱟᱨ ᱯᱤᱞᱪᱩ ᱵᱩᱲᱦᱤ ᱫᱚ ᱞᱟᱲ ᱥᱟᱠᱟᱢ ᱛᱮ ᱵᱟᱸᱫᱮᱭᱮᱱᱟᱭ।
train_santalimale_01151	wavs/train_santalimale_01151.wav	ᱢᱟᱨᱟᱝ ᱵᱩᱨᱩ ᱥᱟᱸᱣᱚᱠᱤᱱ ᱧᱟᱯᱟᱢ ᱮᱱᱠᱷᱟᱱ ᱢᱟᱨᱟᱝ ᱵᱩᱨᱩ ᱥᱟᱸᱣᱚᱠᱤᱱ ᱧᱟᱯᱟᱢ ᱮᱱᱟ।
train_santalimale_01152	wavs/train_santalimale_01152.wav	ᱟᱨ ᱢᱟᱨᱟᱝ ᱵᱩᱨᱩᱠᱤᱱ ᱜᱚᱰᱼᱟ ᱟᱫᱮᱭᱟ ᱯᱤᱞᱪᱩ ᱦᱟᱲᱟᱹᱢ ᱯᱤᱞᱪᱩ ᱵᱩᱰᱦᱤ ᱧᱮᱞᱛᱮ ᱢᱟᱨᱟᱝ ᱵᱩᱨᱩ ᱫᱚ ᱟᱹᱰᱤᱜᱮᱭ ᱠᱩᱥᱤ ᱨᱟᱹᱥᱠᱟᱹ ᱭᱮᱱᱟ।
train_santalimale_01153	wavs/train_santalimale_01153.wav	ᱟᱭᱚᱡᱼᱟ ᱡᱟᱸᱦᱟᱭ ᱠᱷᱚᱡ ᱠᱟᱱ ᱛᱟᱸᱦᱮᱸᱠᱟᱱᱟ ᱚᱱᱟ ᱫᱚ ᱦᱩᱭ ᱦᱚᱪᱚ ᱠᱮᱫᱟᱭ।
train_santalimale_01154	wavs/train_santalimale_01154.wav	ᱚᱱᱟ ᱛᱟᱭᱚᱢ ᱯᱤᱞᱪᱩ ᱦᱟᱲᱟᱹᱢ ᱯᱤᱞᱪᱩ ᱵᱩᱲᱦᱤ ᱫᱚᱭ ᱵᱟᱵᱼᱟᱞᱟᱠᱟᱫᱼᱟ ᱠᱤᱱᱟ।
train_santalimale_01155	wavs/train_santalimale_01155.wav	ᱯᱤᱞᱪᱩ ᱦᱟᱲᱟᱹᱢ ᱵᱩᱲᱦᱤ ᱨᱮᱱ ᱫᱚ ᱮᱭᱟᱭ ᱠᱚᱲᱟᱹ ᱟᱨ ᱮᱭᱟᱭ ᱠᱩᱲᱤ ᱠᱚ ᱦᱩᱭ ᱮᱱᱟ।
train_santalimale_01156	wavs/train_santalimale_01156.wav	ᱱᱩᱠᱩ ᱠᱚᱲᱟᱹ ᱠᱩᱲᱤ ᱠᱚ ᱫᱚ, ᱯᱤᱞᱪᱩ ᱦᱟᱲᱚᱢ ᱫᱚ ᱠᱚᱲᱟᱹ ᱠᱚ ᱤᱫᱤᱠᱟᱛᱮ ᱥᱩᱸᱰᱚᱠᱩᱡᱼᱟ ᱵᱤᱨᱛᱮ ᱪᱟᱞᱟᱣ ᱮᱱᱟᱭ।
train_santalimale_01157	wavs/train_santalimale_01157.wav	ᱟᱨ ᱯᱤᱞᱪᱩ ᱵᱩᱲᱦᱤ ᱫᱚ ᱠᱩᱲᱤ ᱠᱚ ᱤᱫᱤ ᱠᱟᱛᱮ ᱠᱷᱟᱸᱰᱨᱟᱭ ᱵᱤᱨ ᱛᱮ ᱥᱟᱠᱟᱢ ᱦᱮᱡᱼᱟ ᱮ ᱨᱤᱭᱟᱣ ᱤᱫᱤᱠᱮᱫᱼᱟ ᱠᱚᱣᱟ।
train_santalimale_01158	wavs/train_santalimale_01158.wav	ᱱᱚᱝᱠᱟ ᱱᱚᱝᱠᱟᱛᱮ ᱵᱚᱭᱦᱟ ᱠᱚᱲᱟᱹ ᱠᱩᱲᱤᱠᱚ ᱧᱮᱯᱮᱞ ᱟᱯᱟᱫᱼᱟ ᱮᱱᱟ, ᱢᱤᱫᱼᱟᱫᱤᱱ ᱫᱚ ᱪᱟᱸᱯᱟᱠᱤᱭᱟ ᱵᱟᱲᱮᱹ ᱫᱟᱨᱮ ᱵᱩᱴᱟᱹ ᱨᱮ ᱠᱚ ᱧᱟᱯᱟᱢ ᱮᱱᱟ।
train_santalimale_01159	wavs/train_santalimale_01159.wav	ᱠᱚᱲᱟᱹ ᱫᱚ ᱠᱚ ᱞᱟᱭᱠᱮᱫᱟ ᱠᱚᱪᱮ ᱠᱟᱸᱲᱣᱟ ᱯᱟᱭᱲᱟᱹ ᱦᱟᱯᱟ, ᱟᱨ ᱠᱩᱰᱤ ᱫᱚ ᱠᱚ ᱞᱟᱹᱭᱠᱮᱫᱟ ᱨᱮᱭᱟᱲᱠᱟᱸᱴᱷᱟ।
train_santalimale_01160	wavs/train_santalimale_01160.wav	ᱮᱱᱠᱷᱟᱱ ᱡᱟᱹᱛ ᱯᱟᱹᱛ ᱵᱟᱝ ᱢᱤᱛᱩᱞᱮᱱ ᱛᱟᱠᱚᱣᱟ।
train_santalimale_01161	wavs/train_santalimale_01161.wav	ᱮᱱᱠᱷᱟᱱ ᱟᱠᱚ ᱟᱠᱚ ᱛᱟᱞᱟᱨᱮ ᱠᱚ ᱵᱟᱵᱼᱟᱞᱟᱭᱮᱱᱟ।
train_santalimale_01162	wavs/train_santalimale_01162.wav	ᱩᱱᱠᱩ ᱨᱮᱱ ᱟᱹᱰᱤᱜᱟᱱ ᱜᱤᱫᱟᱹᱨᱠᱚ ᱦᱩᱭ ᱮᱱᱟ।
train_santalimale_01163	wavs/train_santalimale_01163.wav	ᱢᱮᱱᱟᱠᱚ ᱩᱱᱠᱩ ᱨᱮᱱ ᱵᱚᱸᱥᱚ ᱜᱮ ᱟᱵᱚ ᱦᱚᱲ ᱦᱚᱯᱚᱱ ᱫᱚᱵᱚᱱ ᱠᱟᱱᱟ।
train_santalimale_01164	wavs/train_santalimale_01164.wav	ᱟᱵᱚ ᱦᱚᱲ ᱫᱚ ᱠᱷᱮᱨᱣᱟᱲ ᱵᱟᱸᱥᱤ ᱦᱚᱲ ᱠᱟᱱᱟᱵᱚᱸᱱ।
train_santalimale_01165	wavs/train_santalimale_01165.wav	ᱱᱤᱛ ᱫᱚ ᱟᱵᱚ ᱦᱚᱸᱲ ᱫᱚ ᱥᱟᱱᱛᱟᱲ ᱧᱩᱛᱩᱢ ᱛᱮᱵᱚᱱ ᱵᱟᱰᱟᱭᱚ: ᱠᱟᱱᱟ।
train_santalimale_01166	wavs/train_santalimale_01166.wav	ᱠᱟᱛᱷᱟᱭ ᱢᱮᱱᱟᱠᱚ, ᱥᱮᱫᱟᱭ ᱠᱟᱸᱩᱨ ᱫᱤᱥᱚᱢ ᱨᱮ ᱫᱚ ᱜᱮᱞᱵᱟᱨ ᱜᱩᱨᱩᱠᱚ ᱛᱟᱸᱦᱮᱸᱠᱟᱱᱟ।
train_santalimale_01167	wavs/train_santalimale_01167.wav	ᱱᱩᱠᱩ ᱜᱮᱞᱵᱟᱨ ᱜᱩᱨᱩ ᱫᱚ, ᱟᱠᱚᱣᱟ: ᱜᱩᱱ ᱵᱤᱨᱫᱟᱹ ᱫᱟᱲᱮᱹᱛᱮ, ᱟᱹᱰᱤ ᱥᱟᱹᱜᱤᱧ ᱥᱟᱸᱜᱤᱧ ᱫᱤᱥᱚᱢᱠᱚ ᱫᱟᱲᱟᱹᱱᱠᱟᱱ ᱛᱟᱸᱦᱮᱸᱠᱟᱱᱟ।
train_santalimale_01168	wavs/train_santalimale_01168.wav	ᱚᱠᱚᱭ ᱫᱚ ᱯᱩᱥᱤ ᱪᱤᱱᱛᱮ, ᱚᱠᱚᱭ ᱫᱚ ᱨᱚ ᱪᱤᱱᱛᱮ ᱟᱨ ᱚᱠᱚᱭ ᱫᱚ ᱜᱤᱫᱤ ᱪᱤᱱᱛᱮ।
train_santalimale_01169	wavs/train_santalimale_01169.wav	ᱢᱤᱫᱼᱟᱫᱤᱱᱟ: ᱠᱟᱛᱷᱟ ᱠᱟᱱᱟ, ᱱᱟᱨᱚᱥᱤᱸᱜ ᱜᱩᱨᱩ ᱫᱚ ᱜᱤᱫᱤ ᱪᱤᱱᱛᱮ ᱱᱚᱣᱟ ᱚᱛᱮᱫᱼᱟ ᱛᱮ ᱟᱸᱰᱜᱚ ᱦᱮᱡᱼᱟ ᱞᱮᱱᱟᱭ।
train_santalimale_01170	wavs/train_santalimale_01170.wav	ᱚᱛᱮᱫᱼᱟ ᱨᱮ ᱟᱲᱤ ᱫᱤᱱᱮ ᱛᱟᱸᱦᱮᱸᱠᱟᱱᱟ।
train_santalimale_01171	wavs/train_santalimale_01171.wav	ᱛᱟᱸᱦᱮᱸ ᱛᱟᱸᱦᱮᱸᱛᱮ ᱦᱚᱲᱢᱚ ᱨᱮᱱᱟ: ᱤᱞᱠᱚ ᱫᱚ ᱜᱷᱟᱠᱠᱟ ᱪᱟᱵᱟᱞᱮᱱᱛᱟᱭᱟ।
train_santalimale_01172	wavs/train_santalimale_01172.wav	ᱚᱱᱟᱛᱮ ᱟᱠᱚ ᱠᱟᱸᱩᱨ ᱫᱤᱥᱚᱢ ᱵᱟᱝᱮ ᱩᱲᱟᱹᱣ ᱨᱩᱣᱟᱹᱰ ᱫᱟᱲᱮᱹᱭᱟᱱᱟ।
train_santalimale_01173	wavs/train_santalimale_01173.wav	ᱮᱱᱠᱷᱟᱱ ᱢᱟᱱᱢᱤ ᱪᱤᱱᱛᱮ ᱜᱚᱴᱟ ᱚᱛᱮᱫᱼᱟ ᱮ ᱫᱟᱸᱲᱟᱹ ᱵᱟᱲᱟᱹᱭ ᱠᱟᱱ ᱛᱟᱸᱦᱮᱸᱠᱟᱱᱟ।
train_santalimale_01174	wavs/train_santalimale_01174.wav	ᱢᱤᱫᱼᱟᱫᱤᱱ ᱫᱟᱸᱲᱟᱹ ᱵᱟᱲᱟᱹᱛᱮ ᱯᱤᱞᱪᱩ ᱦᱟᱲᱟᱹᱢ ᱯᱤᱞᱪᱩ ᱵᱩᱲᱦᱤ ᱛᱮᱠᱚᱣᱟᱷ ᱯᱟᱲ ᱵᱟᱜᱟᱱ ᱥᱮᱫᱼᱟ ᱮ ᱪᱟᱞᱟᱣᱞᱮᱱ ᱛᱟᱸᱦᱮᱸᱠᱟᱱᱟ।
train_santalimale_01175	wavs/train_santalimale_01175.wav	ᱯᱟᱲ ᱵᱟᱜᱟᱱ ᱨᱮᱫᱚ ᱯᱤᱞᱪᱩ ᱦᱟᱲᱟᱹᱢ ᱵᱩᱲᱦᱤ ᱦᱚᱯᱚᱱ ᱮᱨᱟ ᱦᱤᱥᱤ ᱮ ᱦᱚᱨᱦᱚᱭᱮᱫᱼᱟ ᱛᱟᱸᱦᱮᱸᱠᱟᱱᱟ।
train_santalimale_01176	wavs/train_santalimale_01176.wav	ᱦᱤᱥᱤ ᱫᱚ ᱯᱤᱞᱪᱩ ᱦᱟᱲᱟᱹᱢ ᱵᱩᱲᱦᱤ ᱨᱮᱱ ᱢᱟᱨᱟᱝ ᱩᱛᱟᱹᱨᱤᱡᱼᱟ ᱜᱤᱫᱨᱟᱹ ᱮ ᱛᱟᱸᱦᱮᱸᱠᱟᱱᱟ।
train_santalimale_01177	wavs/train_santalimale_01177.wav	ᱱᱟᱨᱚᱥᱤᱸᱜ ᱜᱩᱨᱩ ᱥᱟᱸᱣ ᱦᱤᱥᱤ ᱮ ᱧᱟᱯᱟᱢ ᱮᱱᱠᱷᱟᱱ, ᱟᱠᱚ ᱚᱲᱟᱹ: ᱨᱮ ᱜᱩᱛᱤ ᱛᱟᱸᱦᱮᱸᱱ ᱨᱮᱱᱟ: ᱮ ᱢᱮᱛᱟ: ᱫᱮᱭᱟ।
train_santalimale_01178	wavs/train_santalimale_01178.wav	ᱦᱤᱥᱤ ᱫᱚ ᱟᱠᱚ ᱚᱲᱟᱹ: ᱛᱮ ᱱᱟᱨᱚᱥᱤᱸᱜ ᱜᱩᱨᱩ ᱫᱚᱭ ᱤᱫᱤ ᱠᱮᱫᱮᱭᱟ, ᱟᱨ ᱜᱩᱛᱤ ᱠᱚ ᱫᱚᱦᱚ ᱠᱮᱫᱮᱭᱟ।
train_santalimale_01179	wavs/train_santalimale_01179.wav	ᱱᱟᱨᱚᱥᱤᱸᱜ ᱜᱩᱨᱩ ᱫᱚ ᱜᱩᱛᱤ ᱜᱩᱛᱤ ᱛᱮ ᱟᱹᱰᱤ ᱫᱤᱱ ᱯᱤᱞᱪᱩ ᱦᱟᱲᱟᱹᱢ ᱵᱩᱲᱦᱤ ᱛᱮᱠᱚ ᱚᱲᱟᱹ: ᱨᱮᱭ ᱛᱟᱸᱦᱮᱸᱮᱱᱟ ᱟᱨ ᱦᱤᱥᱤ ᱥᱟᱸᱣ ᱮ ᱢᱤᱞᱣᱟᱭᱮᱱᱟ।
train_santalimale_01180	wavs/train_santalimale_01180.wav	ᱢᱤᱞᱣᱟ ᱠᱟᱛᱷᱟ ᱯᱤᱞᱪᱩ ᱦᱟᱲᱟᱹᱢ ᱵᱩᱲᱦᱤᱠᱤᱱ ᱵᱟᱰᱟᱭᱠᱮᱫᱼᱟ ᱠᱷᱟᱱ, ᱵᱟᱵᱼᱟᱞᱟᱠᱟᱫᱼᱟ ᱠᱤᱱᱟᱠᱤᱱ।
train_santalimale_01181	wavs/train_santalimale_01181.wav	ᱟᱨ ᱟᱠᱚᱣᱟᱷ ᱯᱟᱲ ᱵᱟᱜᱟᱱᱨᱮ ᱚᱲᱟᱹ: ᱠᱚ ᱵᱮᱱᱟᱣᱟᱫᱼᱟ ᱠᱤᱱᱟ।
train_santalimale_01182	wavs/train_santalimale_01182.wav	ᱱᱟᱨᱚᱥᱤᱸᱜ ᱜᱩᱨᱩ ᱟᱨ ᱦᱤᱥᱤ ᱫᱚ ᱚᱱᱟ ᱯᱟᱲᱵᱟᱜᱟᱱ ᱚᱲᱟᱹ: ᱨᱮᱜᱮᱠᱤᱱ ᱛᱟᱸᱦᱮᱸᱱᱠᱟᱱ ᱛᱟᱸᱦᱮᱸᱠᱟᱱᱟ।
train_santalimale_01183	wavs/train_santalimale_01183.wav	ᱚᱸᱰᱮ ᱛᱟᱸᱦᱮᱱ ᱛᱟᱸᱦᱮᱱᱛᱮ ᱱᱟᱨᱚᱥᱤᱸᱜ ᱜᱩᱨᱩ ᱛᱤᱠᱤᱱ ᱨᱮᱱ ᱫᱚ ᱵᱟᱨᱭᱟ ᱠᱩᱲᱤ ᱜᱤᱫᱨᱟᱹ ᱡᱟᱣᱲᱟᱹ ᱛᱤᱠᱤᱱ ᱦᱩᱭ ᱮᱱᱟ, ᱩᱱᱚᱠᱤᱱ ᱠᱩᱲᱤ ᱜᱤᱫᱨᱟᱹ ᱧᱩᱛᱩᱢ ᱫᱚ ᱥᱟᱞᱚ ᱟᱨ ᱯᱟᱞᱚ ᱠᱚ ᱫᱚᱦᱚᱞᱮᱫᱼᱟ ᱛᱟᱸᱦᱮᱸᱠᱟᱱᱟ।
train_santalimale_01184	wavs/train_santalimale_01184.wav	ᱥᱟᱞᱚ ᱟᱨ ᱯᱟᱞᱚ ᱫᱚ ᱠᱟᱭᱚᱡᱼᱟ ᱠᱟᱭᱚᱡᱼᱟ ᱛᱮᱠᱤᱱ ᱦᱟᱨᱟ ᱡᱩᱣᱟᱱ ᱮᱱᱟ।
train_santalimale_01185	wavs/train_santalimale_01185.wav	ᱩᱱᱚᱠᱤᱱ ᱫᱚ, ᱫᱤᱱᱜᱮ ᱢᱤᱫᱼᱟᱴᱟᱝ ᱠᱚᱲᱟᱹ ᱦᱚᱯᱚᱱ, ᱢᱚᱲᱟᱹᱠᱩᱴ ᱢᱟᱲᱜᱷᱟᱴᱤ ᱨᱮ ᱠᱩᱠᱢᱩ ᱛᱮᱠᱤᱱ ᱧᱟᱢᱮᱠᱟᱱ ᱛᱟᱸᱦᱮᱸᱠᱟᱱᱟ।
train_santalimale_01186	wavs/train_santalimale_01186.wav	ᱩᱱᱤᱠᱚᱲᱟᱹ ᱫᱚ ᱢᱚᱲᱟᱹᱠᱩᱲ ᱢᱟᱲᱜᱷᱟᱹᱴᱤ ᱨᱮ ᱛᱟᱸᱦᱮᱸᱱᱠᱟᱱ ᱛᱟᱸᱦᱮᱸᱠᱟᱱᱟᱭ।
train_santalimale_01187	wavs/train_santalimale_01187.wav	ᱢᱤᱫᱼᱟᱫᱤᱱ ᱥᱟᱞᱚ ᱟᱨ ᱯᱟᱞᱚ ᱫᱚ ᱧᱤᱫᱟᱜᱮ ᱢᱟᱲᱜᱷᱟᱴᱤ ᱛᱮ ᱠᱤᱱ ᱪᱟᱞᱟᱣᱞᱮᱱᱟ।
train_santalimale_01188	wavs/train_santalimale_01188.wav	ᱚᱸᱰᱮ ᱪᱟᱞᱟᱣ ᱠᱟᱛᱮ ᱧᱮᱞᱮᱭᱟᱠᱤᱱ ᱢᱤᱫᱼᱟᱴᱟᱝ ᱠᱚᱲᱟᱹ ᱦᱚᱯᱚᱱ ᱫᱚ ᱵᱤᱱ ᱵᱚᱥᱛᱚᱨ ᱛᱮᱭ ᱛᱤᱸᱜᱩ ᱟᱠᱟᱱᱟ।
train_santalimale_01189	wavs/train_santalimale_01189.wav	ᱠᱚᱲᱟᱹ ᱥᱟᱸᱣᱚᱠᱤᱱ ᱧᱮᱯᱮᱞ ᱮᱱᱠᱷᱟᱱ ᱟᱹᱰᱤᱠᱤᱱ ᱞᱟᱡᱟᱣ ᱮᱱᱟ।
train_santalimale_01190	wavs/train_santalimale_01190.wav	ᱮᱱᱠᱷᱟᱱ ᱜᱮ ᱩᱱᱤ ᱠᱚᱲᱟᱹᱭ ᱢᱮᱱᱠᱮᱫᱼᱟ ᱟ, ᱟᱞᱚᱵᱤᱱ ᱞᱟᱡᱟ: ᱟ।
train_santalimale_01191	wavs/train_santalimale_01191.wav	ᱤᱧ ᱫᱚ ᱱᱚᱣᱟ ᱢᱟᱹᱰᱜᱷᱟᱴᱤ ᱨᱮᱱ ᱵᱷᱟᱹᱴᱩ ᱠᱟᱱᱟᱧ।
train_santalimale_01192	wavs/train_santalimale_01192.wav	ᱵᱷᱟᱴᱩ ᱥᱟᱸᱣ ᱧᱮᱯᱮᱞ ᱩᱯᱨᱩᱢ ᱟᱨ ᱡᱟᱹᱛ ᱯᱟᱹᱛᱠᱚ ᱠᱩᱯᱩᱞᱤᱭᱮᱱᱟ।
train_santalimale_01193	wavs/train_santalimale_01193.wav	ᱟᱨ ᱟᱯᱟᱱ ᱟᱯᱤᱱ ᱚᱲᱟᱹ: ᱛᱮ ᱠᱚ ᱨᱩᱣᱟᱹᱲ ᱪᱟᱞᱟᱣ ᱮᱱᱟ।
train_santalimale_01194	wavs/train_santalimale_01194.wav	ᱱᱚᱝᱠᱟ ᱜᱮ ᱫᱤᱱᱟᱢ ᱠᱚ ᱧᱟᱯᱟᱢᱟ ᱢᱚᱲᱟᱹᱠᱩᱲ ᱢᱟᱹᱲᱜᱷᱟᱴᱤ ᱨᱮ।
train_santalimale_01195	wavs/train_santalimale_01195.wav	ᱢᱤᱫᱼᱟᱫᱤᱱ ᱵᱷᱟᱴᱩ ᱫᱚ ᱥᱟᱞᱚ ᱟᱨ ᱯᱟᱞᱚ ᱮ ᱢᱮᱛᱟᱠᱤᱱ ᱠᱟᱱᱟ ᱤᱧ ᱫᱚ ᱵᱤᱨᱠᱟᱰᱟ ᱡᱤᱞ ᱡᱚᱢ ᱥᱟᱱᱟᱧ ᱠᱟᱱᱟ, ᱟᱵᱤᱱᱟ: ᱛᱤ ᱛᱮ ᱩᱛᱩ ᱫᱟᱠᱟᱣᱟᱧ ᱵᱤᱱ।
train_santalimale_01196	wavs/train_santalimale_01196.wav	ᱮᱱᱠᱷᱟᱱ ᱥᱟᱞᱚ ᱟᱨ ᱯᱟᱞᱚ ᱫᱚ ᱵᱤᱨ ᱠᱷᱚᱱ ᱢᱤᱫᱼᱟᱴᱟᱝ ᱵᱤᱨᱠᱟᱠᱲᱟᱹ ᱠᱤᱱ ᱥᱟᱵᱼᱟ ᱟᱹᱜᱩ ᱠᱮᱫᱮᱭᱟ।
train_santalimale_01197	wavs/train_santalimale_01197.wav	ᱵᱷᱟᱴᱩ ᱥᱟᱢᱟᱝ ᱨᱮ ᱩᱱᱤ ᱵᱤᱨ ᱠᱟᱠᱲᱟᱹ ᱫᱚ ᱢᱚᱪᱟᱛᱮ ᱥᱟᱞᱚᱮ ᱜᱮᱨ ᱜᱷᱟᱴᱤᱡᱼᱟ ᱠᱮᱫᱮᱭᱟ ᱟᱨ ᱯᱟᱞᱚ ᱫᱚᱭ ᱢᱮᱱᱠᱮᱫᱼᱟ ᱟ ᱢᱟ ᱞᱤᱧ ᱮᱢᱟᱢ ᱠᱟᱱᱟ ᱵᱤᱨᱠᱟᱰᱟ ᱡᱤᱞ, ᱡᱚᱢᱢᱮ, ᱧᱩᱭᱢᱮ।
train_santalimale_01198	wavs/train_santalimale_01198.wav	ᱱᱤᱭᱟ ᱠᱟᱛᱷᱟ ᱢᱮᱱ ᱢᱩᱪᱟᱹᱛ ᱥᱟᱸᱣᱛᱮ ᱩᱱᱤ ᱠᱚᱲᱟᱹ ᱫᱚ ᱜᱩᱛᱨᱩᱛ ᱥᱮᱛᱟ ᱛᱟᱨᱩᱵᱼᱟ ᱮ ᱵᱮᱱᱟᱣᱜᱚᱫᱼᱟ ᱮᱱᱟ।
train_santalimale_01199	wavs/train_santalimale_01199.wav	ᱛᱟᱨᱩᱵᱼᱟ ᱮ ᱵᱮᱱᱟᱣᱮᱱ ᱠᱷᱟᱱ ᱥᱟᱞᱚ ᱟᱨ ᱯᱟᱞᱚ ᱫᱚ ᱟᱹᱰᱤ ᱠᱤᱱ ᱫᱩᱞᱟᱹᱲ ᱠᱮᱫᱮᱭᱟ।
train_santalimale_01200	wavs/train_santalimale_01200.wav	ᱨᱟᱹᱥᱠᱟᱹ ᱛᱮ ᱥᱟᱱᱟᱢᱠᱚ, ᱚᱱᱟ ᱢᱟᱹᱲᱜᱷᱟᱴᱤ ᱨᱮᱠᱚ ᱮᱱᱮᱡᱼᱟ ᱥᱮᱨᱮᱧᱠᱮᱫᱼᱟ ᱟ।
train_santalimale_01201	wavs/train_santalimale_01201.wav	ᱮᱱᱮᱡᱼᱟ ᱥᱮᱨᱮᱧ ᱛᱟᱭᱚᱢ ᱥᱟᱞᱚ ᱟᱨ ᱯᱟᱞᱚ ᱫᱚ ᱜᱩᱛᱨᱩᱛ ᱥᱮᱛᱟᱠᱤᱱ ᱠᱩᱞᱤ ᱠᱮᱫᱮᱭᱟ ᱟᱢ ᱫᱚ ᱥᱟᱹᱨᱤ ᱥᱟᱹᱨᱤ ᱠᱟᱛᱷᱟ ᱞᱟᱹᱭᱢᱮ, ᱟᱢᱫᱚᱢ ᱚᱠᱚᱭ ᱠᱟᱱᱟ?
train_santalimale_01202	wavs/train_santalimale_01202.wav	ᱜᱩᱛᱨᱩᱛ ᱥᱮᱛᱟᱭ ᱞᱟᱭᱠᱮᱫᱼᱟ ᱟ ᱤᱧ ᱫᱚ ᱵᱷᱟᱴᱩ ᱠᱟᱱᱟᱧ, ᱤᱧ ᱫᱚ ᱱᱚᱣᱟ ᱢᱚᱲᱟᱹᱠᱩᱲ ᱢᱟᱲᱜᱷᱟᱴᱤ ᱨᱮᱜᱮᱧ ᱛᱟᱸᱦᱮᱸᱱᱟ।
train_santalimale_01203	wavs/train_santalimale_01203.wav	ᱟᱞᱮ ᱫᱚ ᱜᱮᱞᱵᱟᱨ ᱵᱚᱭᱦᱟ ᱟᱞᱮ।
train_santalimale_01204	wavs/train_santalimale_01204.wav	ᱤᱧ ᱨᱮᱱ ᱵᱚᱭᱦᱟ ᱠᱚᱣᱟ: ᱧᱩᱛᱩᱢ ᱫᱚ ᱠᱟᱱᱟ ᱠᱟᱞᱚᱪᱩᱬᱰᱤ, ᱣᱤᱥᱚᱭᱚᱪᱩᱬᱰᱤ, ᱢᱟᱥᱟᱱᱚᱪᱩᱬᱰᱤ, ᱢᱚᱥᱟᱱᱚᱪᱩᱬᱰᱤ, ᱥᱚᱥᱟᱱ ᱪᱩᱬᱰᱤ, ᱠᱟᱞᱚᱥᱤᱱᱤ ᱠᱩᱫᱨᱟ, ᱠᱷᱮᱞᱟᱭ ᱥᱤᱱᱤ ᱠᱩᱫᱨᱟ, ᱥᱩᱠᱟᱢ ᱠᱩᱫᱨᱟ, ᱡᱚᱜᱱᱤ ᱠᱩᱫᱨᱟ, ᱵᱚᱥᱚᱱᱛ ᱠᱩᱫᱨᱟ, ᱫᱷᱟᱱᱟᱭ ᱯᱟᱴᱷᱚᱠᱩᱫᱨᱟ ᱟᱨ ᱤᱧ।
train_santalimale_01205	wavs/train_santalimale_01205.wav	ᱟᱞᱮ ᱫᱚ ᱵᱟᱲᱤᱹᱡᱼᱟ ᱵᱚᱸᱜᱟ ᱠᱟᱱᱟᱞᱮ।
train_santalimale_01206	wavs/train_santalimale_01206.wav	ᱡᱟᱸᱦᱟᱭ ᱜᱮ ᱱᱚᱣᱟ ᱫᱷᱟᱹᱨᱛᱤ ᱨᱮ ᱵᱟᱹᱲᱤᱹᱡᱼᱟ ᱮ ᱠᱟᱹᱢᱤᱭᱟ ᱩᱱᱤ ᱦᱚᱲ ᱫᱚ ᱦᱟᱯᱲᱟᱹ ᱦᱟᱯᱲᱟᱹ ᱨᱚᱜ ᱟᱡᱟᱨ ᱟᱨ ᱥᱚᱱᱛᱟᱯ ᱞᱮ ᱜᱤᱲᱤᱹ ᱟᱭᱟ।
train_santalimale_01207	wavs/train_santalimale_01207.wav	ᱚᱱᱟᱛᱮ ᱟᱞᱮ ᱫᱚ ᱢᱟᱹᱰᱜᱷᱟᱴᱤ ᱨᱮ ᱜᱮᱞᱮ ᱛᱟᱸᱦᱮᱸᱱᱟ।
train_santalimale_01208	wavs/train_santalimale_01208.wav	ᱱᱚᱝᱠᱟ ᱜᱮ ᱫᱤᱱᱟᱹᱢ ᱢᱟᱲᱜᱷᱟᱴᱤ ᱦᱮᱡᱼᱟ ᱠᱟᱛᱮ ᱥᱟᱞᱚ ᱟᱨ ᱯᱟᱞᱚ ᱫᱚ ᱵᱷᱟᱹᱴᱩ ᱥᱟᱸᱣᱚᱠᱤᱱ ᱧᱟᱯᱟᱢᱟ ᱟᱨ ᱠᱤᱱ ᱮᱱᱮᱪ ᱥᱮᱨᱮᱧᱟ।
train_santalimale_01209	wavs/train_santalimale_01209.wav	ᱥᱟᱞᱚᱯᱟᱞᱚ ᱠᱤᱱ ᱥᱮᱨᱮᱧ ᱞᱮᱠᱷᱟᱱ ᱜᱮ ᱜᱮᱞᱵᱟᱨ ᱵᱚᱭᱦᱟ ᱠᱚ ᱚᱲᱚᱝ ᱦᱤᱡᱩ: ᱟ।
train_santalimale_01210	wavs/train_santalimale_01210.wav	ᱜᱮᱞᱵᱟᱨ ᱵᱚᱭᱦᱟ ᱠᱚ ᱥᱟᱢᱟᱝ ᱞᱮᱱᱠᱷᱟᱱ ᱜᱮ ᱩᱱᱠᱩ ᱠᱩᱥᱤ ᱨᱟᱹᱥᱠᱟᱹ ᱦᱚᱪᱚ: ᱞᱟᱹᱜᱤᱫᱼᱟ ᱛᱮ ᱠᱟᱲᱟᱹ ᱥᱚᱥᱨᱚᱡᱼᱟ ᱮᱢᱟᱱ ᱡᱤᱭᱟᱹᱞᱤ ᱠᱚ ᱦᱚᱴᱚ ᱨᱮ ᱜᱮᱨᱛᱚᱯᱟ: ᱠᱟᱛᱮᱠᱤᱱ ᱡᱚᱢ ᱧᱩ ᱦᱚᱪᱚᱠᱚᱣᱟ।
train_santalimale_01211	wavs/train_santalimale_01211.wav	ᱟᱨ ᱨᱟᱹᱥᱠᱟᱹᱛᱮ ᱟᱹᱰᱤ ᱞᱮᱠᱟᱱᱟ, ᱠᱚ ᱮᱱᱮᱡᱼᱟ ᱥᱮᱨᱮᱧᱟ।
train_santalimale_01212	wavs/train_santalimale_01212.wav	ᱚᱱᱠᱟ ᱛᱮ ᱩᱱᱠᱩ ᱠᱚᱲᱟᱹ ᱠᱚᱴᱷᱮᱱ ᱥᱟᱞᱚ ᱟᱨ ᱯᱟᱞᱚ ᱫᱚ ᱟᱹᱰᱤᱜᱟᱱ ᱢᱟᱱᱛᱟᱨ, ᱡᱷᱟᱨᱱᱤ ᱵᱟᱸᱠᱷᱮᱲ ᱟᱨ ᱚᱸᱰᱦᱮᱸᱠᱤᱱ ᱪᱮᱫᱼᱟᱠᱮᱫᱼᱟ ᱟ।
train_santalimale_01213	wavs/train_santalimale_01213.wav	ᱥᱤᱧ ᱧᱤᱫᱟ ᱩᱱᱚᱠᱤᱱ ᱵᱟᱱᱟᱨ ᱡᱟᱣᱲᱟᱹ ᱠᱩᱲᱤ ᱫᱚ ᱵᱚᱸᱜᱟ ᱫᱟᱲᱮᱹ ᱧᱟᱢ ᱞᱟᱹᱜᱤᱫᱼᱟ ᱵᱟᱦᱨᱮ ᱨᱮᱜᱮᱠᱤᱱ ᱛᱟᱸᱦᱮᱸᱮᱱᱟ।
train_santalimale_01214	wavs/train_santalimale_01214.wav	ᱟᱠᱤᱱ ᱪᱮᱫᱼᱟ ᱥᱮᱸᱲᱟᱹᱠᱟᱛᱮ, ᱟᱹᱛᱩ ᱨᱮᱱ ᱠᱩᱲᱤᱹᱜᱤᱫᱨᱟᱹ ᱠᱚᱦᱚᱸ ᱟᱹᱰᱤ ᱜᱟᱱᱚᱠᱤᱱ ᱪᱮᱛᱠᱮᱫᱼᱟ ᱠᱚᱣᱟ।
train_santalimale_01215	wavs/train_santalimale_01215.wav	ᱢᱮᱱᱟᱠᱚ ᱱᱟᱨᱚᱥᱤᱸᱜ ᱜᱩᱨᱩ ᱦᱚᱸ ᱟᱹᱰᱤ ᱢᱟᱨᱟᱝ ᱜᱩᱨᱩ ᱮ ᱛᱟᱸᱦᱮᱸᱠᱟᱱᱟ।
train_santalimale_01216	wavs/train_santalimale_01216.wav	ᱥᱟᱞᱚ ᱟᱨ ᱯᱟᱞᱚ ᱦᱚᱸ ᱟᱭᱚᱡᱼᱟ ᱵᱟᱵᱟ ᱴᱷᱮᱱ ᱠᱷᱚᱱ ᱟᱹᱰᱤᱜᱟᱱ ᱢᱟᱱᱛᱟᱨ, ᱡᱷᱟᱨᱱᱤ ᱚᱸᱱᱚᱲᱦᱮᱸ, ᱵᱟᱠᱷᱮᱸᱰ ᱮᱢᱟᱱ ᱠᱤᱱ ᱪᱮᱫᱼᱟᱞᱮᱛ ᱛᱟᱸᱦᱮᱸᱠᱟᱱᱟ।
train_santalimale_01217	wavs/train_santalimale_01217.wav	ᱥᱤᱭᱩ: ᱚᱠᱛᱚ ᱨᱮ ᱱᱟᱨᱚᱥᱤᱸᱜ ᱜᱩᱨᱩ ᱦᱟᱲᱟᱹᱢ ᱫᱚ ᱵᱤᱧ ᱠᱚᱭ ᱧᱟᱢ ᱞᱮᱠᱚ ᱠᱷᱟᱱ ᱜᱚᱭᱚᱡᱼᱟ ᱠᱚᱣᱟᱭ, ᱟᱨ ᱨᱟᱯᱟᱷ ᱩᱛᱩ ᱠᱟᱛᱮᱭ ᱡᱚᱢᱠᱚ ᱛᱟᱸᱦᱮᱸᱫᱼᱟ।
train_santalimale_01218	wavs/train_santalimale_01218.wav	ᱱᱟᱨᱚᱥᱤᱜ ᱦᱟᱲᱟᱹᱢ ᱵᱤᱧ ᱠᱚ ᱡᱚᱢᱠᱚ ᱨᱮᱭᱟ: ᱵᱟᱵᱚᱫᱼᱟ ᱠᱟᱛᱷᱟ ᱟᱭᱚᱡᱼᱟᱨᱮᱱ ᱤᱨᱤᱞ ᱠᱩᱲᱤᱹᱠᱚ ᱠᱩᱞᱤ ᱞᱮᱫᱮᱭᱟ ᱦᱮᱸ ᱛᱮᱧᱟᱝ ᱟᱢ ᱫᱚ ᱪᱮᱫᱟ: ᱵᱤᱧᱠᱚᱢ ᱡᱚᱢ ᱠᱚᱣᱟ?
train_santalimale_01219	wavs/train_santalimale_01219.wav	ᱮᱱᱠᱷᱟᱱ ᱱᱟᱨᱚᱥᱤᱸᱜ ᱦᱟᱲᱟᱹᱢᱮ ᱢᱮᱛᱟᱠᱚᱣᱟ ᱤᱭᱟᱱᱟ, ᱱᱩᱠᱩ ᱫᱚ ᱵᱤᱧ ᱫᱚᱠᱚ ᱵᱟᱝᱠᱟᱱᱟ, ᱵᱤᱧ ᱫᱚ ᱟᱯᱮ ᱫᱚ ᱵᱟᱯᱮ ᱧᱮᱞ ᱟᱠᱟᱫᱼᱟ ᱠᱚᱣᱟ।
train_santalimale_01220	wavs/train_santalimale_01220.wav	ᱤᱧ ᱫᱚ ᱣᱤᱡ ᱤᱧ ᱩᱫᱩᱷ ᱟᱯᱮᱭᱟ।
train_santalimale_01221	wavs/train_santalimale_01221.wav	ᱮᱱᱠᱷᱟᱱ ᱢᱤᱫᱼᱟ ᱫᱤᱱ ᱱᱟᱨᱚᱥᱤᱸᱜ ᱜᱩᱨᱩ ᱦᱟᱲᱟᱹᱢ ᱫᱚ ᱟᱭᱚᱡᱼᱟᱨᱮᱱ ᱤᱨᱤᱞ ᱠᱩᱲᱤ ᱠᱚ ᱵᱤᱧ ᱧᱮᱞ ᱫᱷᱤᱨᱤ ᱪᱟᱣᱨᱤ ᱵᱩᱱᱩᱢ ᱛᱮᱭ ᱤᱫᱤ ᱠᱮᱫᱼᱟ ᱠᱚᱣᱟ।
train_santalimale_01222	wavs/train_santalimale_01222.wav	ᱫᱷᱤᱨᱤ ᱪᱟᱣᱨᱤ ᱵᱩᱱᱩᱢ ᱪᱟᱞᱟᱣ ᱠᱟᱛᱮ ᱱᱟᱨᱚᱥᱤᱸᱜ ᱜᱩᱨᱩ ᱫᱚ ᱜᱚᱴᱟ ᱵᱩᱱᱩᱢ ᱫᱩᱢᱦᱟ ᱫᱩᱠᱩᱡᱼᱟ ᱛᱮᱭ ᱯᱚᱴᱚᱢ ᱮᱥᱮᱫᱼᱟ ᱠᱮᱫᱟ।
train_santalimale_01223	wavs/train_santalimale_01223.wav	ᱵᱩᱱᱩᱢ ᱵᱷᱩᱜᱟᱷ ᱥᱩᱨ ᱨᱮ ᱢᱤᱫᱼᱟᱴᱟᱝ ᱦᱟᱯᱟ ᱮ ᱵᱤᱫᱼᱟ ᱠᱮᱫᱼᱟ ᱟ ᱟᱨ ᱢᱤᱫᱼᱟᱴᱟᱝ ᱦᱟᱯᱟ ᱫᱚ ᱥᱟᱹᱜᱤᱧ ᱧᱚ: ᱨᱮᱭ ᱵᱤᱫᱼᱟᱠᱮᱫᱼᱟ ᱟ।
train_santalimale_01224	wavs/train_santalimale_01224.wav	ᱚᱱᱟ ᱛᱟᱭᱚᱢ ᱱᱟᱨᱚᱥᱤᱸᱜ ᱜᱩᱨᱩ ᱦᱟᱲᱟᱹᱢ ᱫᱚ, ᱢᱟᱱᱛᱟᱨ ᱠᱮᱫᱼᱟ ᱟᱭ, ᱡᱷᱟᱹᱨᱱᱤ ᱥᱮᱨᱮᱧ ᱠᱮᱫᱼᱟ ᱟᱭ, ᱟᱨ ᱟᱡᱟ: ᱰᱟᱸᱢᱨᱩ ᱮ ᱨᱩ ᱥᱟᱰᱮᱠᱮᱫᱼᱟ ᱟ।
train_santalimale_01225	wavs/train_santalimale_01225.wav	ᱰᱟᱸᱢᱨᱩ ᱨᱩ ᱥᱟᱰᱮ ᱟᱧᱡᱚᱢ ᱥᱟᱸᱣᱛᱮ ᱫᱷᱤᱨᱤ ᱪᱟᱣᱨᱤ ᱵᱩᱱᱩᱢ ᱵᱷᱩᱜᱟ: ᱠᱷᱚᱱ ᱢᱤᱫᱼᱟᱴᱟᱝ ᱟᱭᱟᱝ ᱵᱤᱧ ᱥᱟᱲ ᱠᱟᱛᱮᱭ ᱚᱰᱚᱝ ᱮᱱᱟ।
train_santalimale_01226	wavs/train_santalimale_01226.wav	ᱚᱰᱚᱝ ᱥᱟᱸᱣᱛᱮ ᱵᱤᱧ ᱫᱚ ᱱᱟᱨᱚᱥᱤᱸᱜ ᱜᱩᱨᱩ ᱥᱮᱫᱼᱟ ᱥᱟᱲ ᱠᱟᱛᱮ ᱟᱹᱰᱤ ᱡᱩᱨ ᱛᱮ ᱠᱷᱚ ᱠᱮᱫᱟᱭ।
train_santalimale_01227	wavs/train_santalimale_01227.wav	ᱢᱤᱫᱼᱟ ᱰᱚᱰᱮᱠ ᱛᱮ ᱵᱤᱧᱚᱵᱤᱥ ᱠᱷᱚ ᱛᱮ ᱱᱟᱨᱚᱥᱤᱸᱜ ᱜᱩᱨᱩ ᱫᱚ ᱞᱚ ᱛᱚᱨᱚᱡᱼᱟ ᱜᱚᱫ ᱮᱱᱟᱭ ᱮᱱᱠᱷᱟᱱ ᱟᱭᱚᱡᱼᱟ ᱨᱮᱱ ᱤᱨᱤᱞ ᱠᱚᱲᱟᱹ ᱠᱩᱲᱤ ᱠᱚ ᱫᱚ ᱵᱤᱫᱼᱟᱞᱮᱫᱼᱟ ᱦᱟᱯᱟ ᱚᱨᱵᱚᱡᱼᱟ ᱠᱟᱛᱮ ᱠᱚ ᱫᱟᱞᱮᱭᱟ ᱢᱮᱱᱛᱮ, ᱢᱮᱱᱠᱷᱟᱱ ᱵᱤᱧ ᱫᱚ ᱵᱩᱱᱩᱢᱛᱮᱭ ᱥᱟᱸᱵᱟᱣᱚᱮᱱᱟ।
train_santalimale_01228	wavs/train_santalimale_01228.wav	ᱠᱷᱟᱱᱜᱮ ᱢᱤᱫᱼᱟᱜᱷᱟᱰᱤ ᱛᱟᱭᱚᱢ, ᱵᱟᱨᱭᱟ ᱥᱮᱸᱜᱮᱞ ᱜᱤᱫᱤ ᱢᱟᱰᱜᱟᱣ ᱠᱟᱛᱮ ᱫᱷᱤᱨᱤ ᱪᱟᱣᱨᱤ ᱵᱩᱱᱩᱢ ᱫᱩᱢᱦᱟ ᱛᱮᱠᱤᱱ ᱩᱲᱟᱹᱣ ᱟᱸᱰᱜᱚᱭᱮᱱᱟ।
train_santalimale_01229	wavs/train_santalimale_01229.wav	ᱱᱟᱨᱚᱥᱤᱸᱜ ᱜᱩᱨᱩᱣᱟᱷ ᱞᱚ ᱛᱚᱨᱚᱡᱼᱟ ᱥᱟᱨᱮᱡᱼᱟ ᱜᱩᱸᱰᱟ ᱨᱮᱠᱤᱱ ᱫᱩᱰᱩᱵᱼᱟ ᱮᱱᱟ।
train_santalimale_01230	wavs/train_santalimale_01230.wav	ᱢᱤᱫᱼᱟᱜᱷᱟᱲᱤ ᱛᱟᱭᱚᱢ ᱧᱮᱞ ᱧᱮᱞᱛᱮ ᱞᱚ ᱛᱚᱨᱚᱡᱼᱟ ᱥᱟᱨᱮᱡᱼᱟ ᱦᱚᱲᱢᱚ ᱠᱷᱚᱱ ᱫᱚ ᱜᱤᱫᱤ ᱛᱮ ᱵᱮᱱᱟᱣ ᱟᱨᱩᱭᱮᱱᱟ।
train_santalimale_01231	wavs/train_santalimale_01231.wav	ᱟᱨ ᱢᱤᱫᱼᱟᱜᱷᱟᱲᱤ ᱛᱟᱭᱚᱢ ᱵᱮᱱᱟᱣ ᱟᱨᱩ ᱟᱠᱟᱱ ᱱᱟᱨᱚᱥᱤᱸᱜ ᱜᱩᱨᱩ ᱦᱟᱲᱟᱹᱢ ᱫᱚ, ᱜᱤᱫᱤ ᱞᱮᱠᱟᱛᱮ ᱵᱮᱱᱟᱣᱮᱱᱟᱭ ᱟᱨ ᱩᱱᱚᱠᱤᱱ ᱥᱟᱸᱣ ᱪᱟᱸᱫᱚ ᱨᱟᱠᱟᱵᱼᱟ ᱥᱮᱫᱼᱟᱠᱚ ᱩᱲᱟᱹᱣ ᱪᱟᱞᱟᱣ ᱤᱫᱤᱭᱮᱱᱟ।
train_santalimale_01232	wavs/train_santalimale_01232.wav	ᱱᱟᱨᱚᱥᱤᱸᱜ ᱜᱩᱨᱩ ᱦᱟᱲᱟᱹᱢ ᱨᱮᱱ ᱵᱟᱹᱦᱩ ᱦᱤᱥᱤ ᱟᱨ ᱟᱭ ᱨᱮᱱ ᱡᱟᱣᱲᱟᱹ ᱦᱚᱯᱚᱱ ᱮᱨᱟ ᱥᱟᱞᱚ ᱟᱨ ᱯᱟᱞᱚ ᱫᱚ ᱱᱚᱣᱟ ᱫᱷᱟᱹᱨᱛᱤ ᱚᱛᱮᱛ ᱨᱮ ᱲᱟᱹᱱ, ᱢᱟᱱᱛᱟᱨ ᱨᱮᱱ ᱯᱟᱨᱩᱠᱷᱤᱭᱟ ᱞᱮᱠᱟᱛᱮ ᱠᱚ ᱛᱟᱸᱦᱮᱸᱭᱮᱱᱟ।
train_santalimale_01233	wavs/train_santalimale_01233.wav	ᱩᱱᱠᱩ ᱨᱮᱱ ᱪᱮᱞᱟᱠᱚ ᱜᱮ ᱰᱟᱸᱲᱦᱤ ᱵᱚᱱ ᱢᱮᱛᱟᱠᱚ ᱠᱟᱱᱟ।
train_santalimale_01234	wavs/train_santalimale_01234.wav	ᱠᱟᱛᱷᱟᱭ ᱢᱮᱱᱟᱠᱚ, ᱥᱮᱫᱟᱭ ᱠᱟᱹᱢᱨᱩᱜᱩᱨᱩ ᱫᱚ ᱟᱹᱰᱤ ᱢᱟᱨᱟᱝ ᱜᱩᱨᱩ ᱮ ᱛᱟᱸᱦᱮᱸᱠᱟᱱᱟ।
train_santalimale_01235	wavs/train_santalimale_01235.wav	ᱩᱱᱤ ᱜᱮ ᱠᱩᱲᱤ ᱦᱚᱯᱚᱱ ᱠᱚ ᱫᱚ ᱲᱟᱹᱱ ᱵᱤᱨᱫᱟᱹ ᱟᱨ ᱠᱚᱲᱟᱹᱠᱚ ᱫᱚ ᱡᱟᱱ, ᱱᱟᱡᱚᱱ ᱵᱤᱨᱫᱟᱹ ᱮ ᱪᱮᱫ ᱟᱠᱟᱣᱟᱫᱼᱟ ᱠᱚᱣᱟ।
train_santalimale_01236	wavs/train_santalimale_01236.wav	ᱢᱮᱱᱟᱠᱚ ᱢᱤᱫᱼᱟᱫᱤᱱ ᱠᱟᱹᱢᱨᱩᱜᱩᱨᱩ ᱴᱷᱮᱱ ᱠᱚᱲᱟᱹ ᱦᱚᱯᱚᱱ, ᱲᱟᱹᱱ ᱵᱤᱨᱫᱟᱹ ᱪᱮᱪᱮᱫᱼᱟᱠᱚ ᱪᱟᱞᱟᱣᱞᱮᱱ ᱛᱟᱸᱦᱮᱸᱠᱟᱱᱟ ᱟᱹᱫᱚ ᱠᱟᱹᱢᱨᱩᱢᱩᱨᱩ ᱫᱚ ᱠᱚᱲᱟᱹ ᱦᱚᱯᱚᱱ ᱮ ᱢᱮᱛᱟᱫᱼᱟ ᱠᱚᱣᱟᱭ, ᱫᱩ ᱦᱚ ᱟᱯᱮ ᱫᱚ ᱛᱚᱲᱮᱹᱯᱩᱠᱷᱨᱤ ᱠᱷᱚᱱ ᱩᱢ ᱦᱤᱡᱩᱷᱯᱮ, ᱩᱢ ᱱᱟᱹᱲᱠᱟ ᱦᱮᱡᱼᱟᱠᱟᱛᱮ ᱪᱮᱫ ᱟᱯᱮᱧ।
train_santalimale_01237	wavs/train_santalimale_01237.wav	ᱮᱱᱠᱷᱟᱱ ᱠᱚᱲᱟᱹ ᱦᱚᱯᱚᱱ ᱫᱚ ᱛᱚᱲᱮᱹᱯᱩᱠᱷᱨᱤ ᱠᱷᱚᱱ ᱩᱢ ᱦᱮᱡᱼᱟᱠᱟᱛᱮ ᱠᱟᱹᱢᱨᱩᱜᱩᱨᱩ ᱴᱷᱮᱱᱠᱚ ᱪᱟᱞᱟᱣ ᱮᱱᱟ।
train_santalimale_01238	wavs/train_santalimale_01238.wav	ᱮᱱᱠᱷᱟᱱ ᱠᱟᱹᱢᱨᱩ ᱜᱩᱨᱩ ᱫᱚᱭ ᱢᱮᱱᱠᱮᱫᱼᱟ ᱟ ᱢᱟ ᱦᱚ ᱚᱯᱭᱟ: ᱵᱮᱨᱮᱞ ᱢᱟᱭᱟᱝ ᱱᱚᱣᱟ ᱥᱟᱨᱡᱚᱢ ᱥᱟᱠᱟᱢ ᱨᱮ ᱡᱚᱨᱚᱭ ᱯᱮ।
train_santalimale_01239	wavs/train_santalimale_01239.wav	ᱢᱮᱱᱠᱷᱟᱱ ᱠᱚᱲᱟᱹ ᱠᱚ ᱫᱚ ᱥᱟᱨᱡᱚᱢ ᱥᱟᱠᱟᱢ ᱨᱮ ᱢᱟᱭᱟᱝ ᱡᱚᱨᱚ ᱠᱚ ᱵᱚᱛᱚᱨ ᱮᱱᱟ, ᱟᱨ ᱠᱟᱹᱢᱨᱩᱜᱩᱨᱩ ᱴᱷᱮᱱ ᱠᱷᱚᱱ ᱠᱚ ᱧᱤᱨ ᱮᱱᱟ।
train_santalimale_01240	wavs/train_santalimale_01240.wav	ᱠᱚᱲᱟᱹ ᱠᱚᱣᱟ: ᱵᱚᱛᱚᱨ ᱠᱟᱛᱷᱟ ᱠᱩᱲᱤ ᱦᱚᱯᱚᱱ ᱠᱚ ᱵᱟᱲᱟᱹᱭ ᱠᱮᱫᱼᱟ ᱠᱷᱟᱱ ᱠᱩᱲᱤ ᱦᱚᱯᱚᱱ ᱫᱚ ᱠᱟᱹᱢᱨᱩᱜᱩᱨᱩ ᱴᱷᱮᱱ ᱪᱟᱞᱟᱣ ᱠᱟᱛᱮ ᱟᱠᱚᱣᱟ: ᱢᱟᱭᱟᱝ ᱮᱢ ᱨᱮᱱᱟ: ᱠᱚ ᱢᱮᱱᱠᱮᱫᱼᱟ ᱟ।
train_santalimale_01241	wavs/train_santalimale_01241.wav	ᱟᱨ ᱟᱠᱚ ᱜᱮ ᱲᱟᱹᱱ ᱵᱤᱨᱫᱟᱹ ᱪᱮᱫᱼᱟ ᱟᱠᱚ ᱨᱮᱭᱟ: ᱠᱟᱛᱷᱟ ᱠᱚ ᱟᱨᱚᱡ ᱠᱮᱫᱼᱟ ᱟ।
train_santalimale_01242	wavs/train_santalimale_01242.wav	ᱠᱟᱹᱢᱨᱩᱜᱩᱨᱩ ᱠᱩᱲᱤᱠᱚᱣᱟ: ᱠᱟᱛᱷᱟ ᱠᱚ ᱨᱮᱭ ᱦᱮᱸ ᱥᱟᱨᱤᱭᱮᱱᱟ।
train_santalimale_01243	wavs/train_santalimale_01243.wav	ᱮᱱᱠᱷᱟᱱ ᱠᱩᱲᱤ ᱦᱚᱯᱚᱱᱠᱚ ᱫᱚ ᱟᱹᱴᱩᱯᱟᱹᱴᱩ ᱟᱠᱚᱣᱟ: ᱢᱟᱭᱟᱝᱠᱚ ᱡᱚᱨᱚᱠᱮᱫᱼᱟ ᱟ ᱥᱟᱨᱡᱚᱢ ᱥᱟᱠᱟᱢ ᱨᱮ, ᱟᱨ ᱥᱟᱨᱡᱚᱢ ᱥᱟᱠᱟᱢ ᱨᱮᱫᱼᱟ ᱠᱟᱛᱮ ᱠᱟᱹᱢᱨᱩᱜᱩᱨᱩ ᱠᱚ ᱮᱢᱟᱷ ᱫᱮᱭᱟ।
train_santalimale_01244	wavs/train_santalimale_01244.wav	ᱠᱟᱹᱢᱨᱩᱜᱩᱨᱩ ᱫᱚ ᱮᱱᱠᱷᱟᱱ ᱠᱩᱲᱤ ᱦᱚᱯᱚᱱ ᱠᱚ ᱲᱟᱹᱱ ᱵᱤᱨᱫᱟᱹ ᱮ ᱪᱮᱫᱼᱟ ᱟᱹᱫ ᱠᱚᱣᱟ।
train_santalimale_01245	wavs/train_santalimale_01245.wav	ᱠᱩᱲᱤ ᱦᱚᱯᱚᱱ ᱲᱟᱹᱱ ᱵᱤᱨᱫᱟᱹ ᱪᱮᱫᱼᱟ ᱠᱟᱛᱮ ᱟᱠᱚ ᱚᱲᱟᱹ: ᱛᱮᱠᱚ ᱨᱩᱣᱟᱹᱰ ᱮᱱᱟ।
train_santalimale_01246	wavs/train_santalimale_01246.wav	ᱚᱲᱟᱹ: ᱨᱩᱣᱟᱹᱲ ᱠᱟᱛᱮ ᱠᱩᱲᱤ ᱦᱚᱯᱚᱱ ᱠᱚ ᱫᱚ ᱟᱹᱛᱩ ᱨᱮ ᱟᱹᱰᱤ ᱩᱛᱯᱟᱛ ᱠᱚ ᱠᱟᱹᱢᱤᱠᱮᱫᱼᱟ ᱟ।
train_santalimale_01247	wavs/train_santalimale_01247.wav	ᱠᱩᱲᱤ ᱦᱚᱯᱚᱱ ᱠᱚ ᱫᱚ ᱥᱤᱧ ᱧᱤᱫᱟᱹ ᱜᱤᱫᱤ ᱪᱤᱱᱛᱮ, ᱯᱩᱥᱤ ᱪᱤᱱᱛᱮ, ᱫᱟᱲᱟᱹᱱᱠᱚ ᱮᱭᱦᱚᱵᱼᱟ ᱠᱮᱫᱼᱟ ᱟ।
train_santalimale_01248	wavs/train_santalimale_01248.wav	ᱰᱟᱸᱜᱨᱤ, ᱠᱟᱲᱟᱹ, ᱢᱤᱭᱦᱩ, ᱢᱮᱨᱚᱢ ᱟᱨ ᱦᱚᱲᱠᱚ ᱡᱚᱢᱠᱚ ᱮᱭᱦᱚᱵᱼᱟ ᱠᱮᱫᱼᱟ ᱟ।
train_santalimale_01249	wavs/train_santalimale_01249.wav	ᱠᱩᱲᱤ ᱦᱚᱯᱚᱱ ᱠᱚᱣᱟ: ᱱᱚᱣᱟ ᱠᱟᱹᱢᱤ ᱧᱮᱞᱛᱮ, ᱠᱚᱲᱟᱹ ᱦᱚᱯᱚᱱᱠᱚ ᱡᱟᱣᱨᱟᱭᱮᱱᱟ, ᱟᱨ ᱢᱟᱨᱟᱝ ᱵᱩᱨᱩ ᱴᱷᱮᱱᱠᱚ ᱱᱟᱞᱤᱥ ᱠᱮᱫᱼᱟ ᱟ।
train_santalimale_01250	wavs/train_santalimale_01250.wav	ᱢᱟᱨᱟᱝ ᱵᱩᱨᱩ ᱫᱚ ᱠᱟᱹᱢᱨᱩᱜᱩᱨᱩ ᱦᱚᱦᱚ ᱠᱟᱛᱮᱭ ᱞᱟᱹᱭ ᱵᱩᱡᱷᱟᱣ ᱟᱹᱫᱮᱭᱟ, ᱮᱱᱠᱷᱟᱱ ᱠᱟᱹᱢᱨᱩᱜᱩᱨᱩ ᱫᱚ ᱠᱩᱲᱤ ᱦᱚᱯᱚᱱ ᱴᱷᱮᱱ ᱠᱷᱚᱱ ᱵᱟᱧᱪᱟᱣᱚᱷ ᱞᱟᱹᱜᱤᱫᱼᱟ ᱡᱟᱱ ᱵᱤᱨᱫᱟᱹ ᱪᱮᱫ ᱟᱹᱫ ᱠᱚᱣᱟᱭ।
train_santalimale_01251	wavs/train_santalimale_01251.wav	ᱵᱚᱸᱜᱟ ᱵᱩᱨᱩ ᱧᱩᱛᱩᱢ ᱮ ᱞᱟᱹᱭ ᱟᱫᱼᱟᱠᱚᱣᱟ ᱟᱨ ᱮ ᱢᱮᱛᱟᱷ ᱠᱚᱣᱟ ᱡᱟᱦᱟᱸᱭᱮ ᱱᱩᱠᱩ ᱵᱚᱸᱜᱟ ᱧᱩᱛᱩᱢ ᱠᱟᱛᱮ ᱨᱩᱢᱞᱮᱱᱠᱷᱟᱱ ᱜᱮ, ᱩᱱᱤ ᱴᱷᱮᱱ ᱜᱮ ᱡᱟᱱ ᱵᱤᱨᱫᱟᱹ ᱫᱚᱭ ᱪᱟᱯᱟᱲᱚ: ᱟ।
train_santalimale_01252	wavs/train_santalimale_01252.wav	ᱲᱟᱹᱱ ᱟᱨ ᱡᱟᱱ ᱵᱤᱨᱫᱟᱹ ᱫᱚ ᱡᱟᱸᱦᱟᱭ ᱥᱟᱸᱣ ᱡᱚᱴᱮᱫᱼᱟ ᱡᱚᱯᱚᱴᱮᱫᱼᱟ ᱛᱮ ᱫᱚ ᱵᱟᱝ ᱩᱪᱚᱲᱚᱷ ᱟ।
train_santalimale_01253	wavs/train_santalimale_01253.wav	ᱢᱤᱛ ᱡᱟᱹᱛ ᱠᱷᱚᱱ ᱟᱨ ᱢᱤᱫᱼᱟ ᱡᱟᱹᱛ ᱨᱮ ᱵᱟᱝ ᱩᱪᱟᱲ ᱱᱟᱪᱟᱲᱚ: ᱟ।
train_santalimale_01254	wavs/train_santalimale_01254.wav	ᱲᱟᱹᱱ ᱵᱤᱨᱫᱟᱹ ᱫᱚ ᱠᱩᱲᱤᱠᱚ ᱟᱢ ᱠᱮᱫᱟ ᱟᱨ ᱡᱟᱹᱱ ᱵᱤᱨᱫᱟᱹ ᱫᱚ ᱠᱚᱲᱟᱹ ᱦᱚᱯᱚᱱᱠᱚ ᱧᱟᱢ ᱠᱮᱫᱟ।
train_santalimale_01255	wavs/train_santalimale_01255.wav	ᱢᱮᱱᱟᱠᱚ, ᱚᱱᱟ ᱛᱮᱜᱮ ᱡᱟᱱ ᱦᱚᱲ ᱫᱚ ᱲᱟᱹᱱ ᱦᱚᱲᱠᱚ ᱥᱟᱵᱼᱟᱠᱚᱣᱟ।
train_santalimale_01256	wavs/train_santalimale_01256.wav	ᱡᱟᱱ ᱫᱚ ᱥᱩᱱᱩᱢᱠᱚ ᱧᱮᱞᱟ, ᱥᱩᱱᱩᱢᱠᱚ ᱯᱟᱸᱡᱟᱭᱟ, ᱠᱷᱟᱹᱲᱤ ᱢᱟᱹᱴᱤᱭᱟᱠᱚ, ᱛᱟᱸᱵᱟ ᱛᱩᱨᱚᱥᱤᱭᱟᱠᱚ, ᱠᱩᱠᱟᱹᱨᱠᱚ ᱟᱹᱪᱩᱨᱟ ᱟᱨ ᱲᱟᱹᱱᱠᱚ ᱥᱟᱵᱼᱟ ᱠᱚᱣᱟ।
train_santalimale_01257	wavs/train_santalimale_01257.wav	ᱡᱟᱱ ᱵᱤᱨᱫᱟᱹ ᱫᱚ ᱫᱩᱠᱷ ᱦᱟᱨᱠᱮᱫᱼᱟ ᱨᱩᱣᱟ: ᱠᱷᱚᱱ ᱵᱟᱧᱪᱟᱣ ᱟᱨ ᱯᱟᱨᱟᱝᱜᱚᱫᱼᱟ ᱧᱟᱢ ᱨᱮᱱᱟᱷ ᱵᱤᱨᱫᱟᱹ ᱠᱟᱱᱟ।
train_santalimale_01258	wavs/train_santalimale_01258.wav	ᱠᱟᱛᱷᱟᱭ ᱢᱮᱱᱟᱠᱚ, ᱥᱮᱫᱟᱭ ᱢᱟᱨᱟᱝ ᱵᱩᱨᱩ ᱫᱚ ᱴᱷᱟᱠᱩᱨ ᱟᱨ ᱴᱷᱟᱹᱠᱨᱟᱹᱱᱟ: ᱠᱟᱛᱷᱟ ᱞᱮᱠᱟᱛᱮ, ᱥᱚᱱᱟᱛᱷᱟᱨᱤ ᱪᱮᱛᱟᱱ ᱨᱮ ᱞᱮᱸᱰᱮᱫᱼᱟ ᱨᱟᱡ ᱦᱚᱛᱮᱛᱮ ᱚᱛᱮᱫᱼᱟ ᱨᱮ ᱫᱷᱟᱹᱨᱛᱤᱯᱩᱨᱤ ᱮ ᱵᱮᱱᱟᱣᱞᱮᱫᱼᱟ ᱛᱟᱸᱦᱮᱸᱠᱟᱱᱟ।
train_santalimale_01259	wavs/train_santalimale_01259.wav	ᱫᱷᱟᱹᱨᱛᱤ ᱠᱮᱴᱮᱫᱼᱟ ᱞᱟᱹᱜᱤᱫᱼᱟ ᱛᱮ ᱢᱟᱨᱟᱝ ᱵᱩᱨᱩ ᱫᱚ ᱜᱟᱥᱟᱫᱼᱟ ᱛᱟᱥᱟᱫᱼᱟ ᱟᱨ ᱫᱟᱨᱮ, ᱱᱟᱹᱲᱤ ᱨᱮᱱᱟ ᱤᱛᱟᱠᱚᱭ ᱮᱨ ᱞᱮᱫᱼᱟ ᱛᱟᱸᱦᱮᱸᱠᱟᱱᱟ।
train_santalimale_01260	wavs/train_santalimale_01260.wav	ᱢᱟᱨᱟᱝ ᱵᱩᱨᱩ ᱫᱚ ᱫᱷᱟᱹᱨᱛᱤ ᱚᱛᱮᱫᱼᱟ ᱱᱟᱯᱟᱭ ᱛᱮ ᱥᱟᱡ ᱥᱟᱸᱣᱟᱨ ᱞᱟᱹᱜᱤᱫᱼᱟ ᱛᱮ ᱵᱟᱨᱭᱟ ᱠᱟᱰᱟ ᱪᱟᱸᱣᱨᱟ ᱟᱨ ᱵᱷᱟᱸᱣᱨᱟ ᱮ ᱟᱥᱩᱞᱞᱮᱫᱼᱟ ᱠᱤᱱ ᱛᱟᱸᱦᱮᱸᱠᱟᱱ।
train_santalimale_01261	wavs/train_santalimale_01261.wav	ᱢᱟᱨᱟᱝ ᱵᱩᱨᱩ ᱫᱚ ᱫᱤᱱᱟᱢᱜᱮ ᱫᱷᱟᱹᱨᱛᱤ ᱥᱟᱡᱟᱣ ᱞᱟᱹᱜᱤᱫᱼᱟ ᱛᱮ ᱫᱷᱟᱹᱨᱛᱤ ᱚᱛ ᱫᱚ ᱥᱤ ᱟᱨ ᱟᱲᱜᱚᱢ ᱮᱫᱼᱟ ᱛᱟᱸᱦᱮᱸᱠᱟᱱᱟ।
train_santalimale_01262	wavs/train_santalimale_01262.wav	ᱟᱲᱜᱚᱢ ᱡᱚᱦᱚ: ᱚᱠᱟᱨᱮ ᱫᱚ ᱫᱩᱢᱦᱟ ᱵᱮᱱᱟᱣ ᱮᱱᱟ, ᱚᱠᱟ ᱨᱮᱫᱚ ᱥᱟᱸᱵᱟᱣᱲᱟᱹ ᱡᱟᱣᱨᱟ ᱮᱱᱟ, ᱚᱱᱠᱟ ᱚᱱᱠᱟ ᱛᱮ ᱚᱠᱟ ᱨᱮ ᱫᱚ ᱵᱩᱨᱩ, ᱟᱨ ᱚᱠᱟ ᱨᱮ ᱫᱚ ᱰᱩᱸᱜᱨᱤ ᱵᱮᱱᱟᱣ ᱮᱱᱟ।
train_santalimale_01263	wavs/train_santalimale_01263.wav	ᱮᱱᱠᱷᱟᱱ ᱢᱟᱨᱟᱝᱚᱵᱩᱨᱩ ᱫᱚ ᱵᱤᱨ ᱵᱤᱨᱩ, ᱰᱩᱸᱜᱨᱤ ᱟᱨ ᱚᱛ ᱢᱮᱞᱟᱱᱠᱚ ᱨᱮ ᱫᱚ ᱪᱤᱨᱩᱜᱷᱟᱸᱥ, ᱥᱟᱜᱟ: ᱥᱟᱣᱲᱤ, ᱫᱷᱩᱣᱤᱜᱷᱟᱸᱥ, ᱡᱟᱹᱱᱩᱢ ᱫᱷᱩᱸᱫ, ᱯᱩᱨᱩ, ᱥᱟᱨᱤ ᱥᱟᱨᱡᱚᱢ, ᱯᱮᱴᱮᱨ ᱵᱟᱲᱮᱹ, ᱮᱨᱮᱟᱛᱱᱟ: ᱞᱮᱯᱮᱪ ᱛᱤᱨᱤᱞ, ᱠᱩᱫ, ᱵᱟᱲᱮᱹ, ᱢᱟᱛᱠᱚᱢ, ᱥᱮᱠᱨᱮᱪ, ᱩᱞ, ᱦᱮᱸᱥᱟ, ᱠᱟᱴᱠᱚᱢ ᱪᱟᱨᱮᱡᱼᱟ ᱮᱢᱟᱱ ᱜᱷᱟᱸᱥ, ᱵᱩᱫᱟ ᱟᱨ ᱫᱟᱨᱮ ᱤᱛᱟᱹᱠᱚᱭ ᱮᱨ ᱠᱮᱫᱼᱟ ᱟ।
train_santalimale_01264	wavs/train_santalimale_01264.wav	ᱠᱤᱪᱷᱩ ᱫᱤᱱ ᱛᱟᱭᱚᱢ ᱠᱷᱟᱱ ᱚᱱᱟ ᱠᱚ ᱫᱚ ᱦᱟᱯᱲᱟᱹ ᱫᱟᱨᱮ ᱵᱮᱱᱟᱣ ᱮᱱᱟ, ᱡᱟᱹᱱᱩᱢ ᱫᱷᱩᱸᱫ ᱠᱚ ᱫᱚ ᱞᱟᱴᱟᱭᱮᱱᱟ, ᱱᱚᱣᱟ ᱤᱛᱟᱹ ᱠᱚ ᱮᱨ, ᱟᱯᱷᱚᱨ, ᱛᱚᱯᱟ ᱵᱟᱲᱟᱹᱛᱮ ᱢᱟᱨᱟᱝ ᱵᱩᱨᱩ ᱫᱚᱭ ᱞᱟᱸᱜᱟᱭᱮᱱᱟ, ᱮᱱᱠᱷᱟᱱ ᱡᱟᱦᱮᱨ ᱮᱨᱟ ᱫᱚ ᱥᱚᱨᱚᱜᱚᱯᱩᱨᱤ ᱠᱷᱚᱱ ᱥᱤᱨᱟ ᱟᱨ ᱢᱟᱲᱫᱟ ᱰᱟᱸᱜᱨᱟ ᱮ ᱟᱸᱲᱜᱚᱠᱮᱫᱼᱟ ᱠᱤᱱᱟ।
train_santalimale_01265	wavs/train_santalimale_01265.wav	ᱟᱨ ᱜᱚᱴᱟ ᱴᱟᱸᱰᱤ ᱥᱤ ᱮ ᱮᱭᱦᱚᱵᱼᱟ ᱠᱮᱫᱼᱟ ᱟ।
train_santalimale_01266	wavs/train_santalimale_01266.wav	ᱡᱟᱦᱟᱸ ᱡᱟᱦᱟᱸ ᱛᱮ ᱡᱟᱦᱮᱨ ᱮᱨᱟᱭ ᱥᱤ ᱞᱮᱫᱼᱟ ᱟ ᱚᱱᱠᱟ ᱚᱱᱠᱟ ᱛᱮ ᱫᱚ ᱱᱟᱹᱤ ᱜᱟᱰᱟ ᱵᱮᱱᱟᱣᱮᱱᱟ।
train_santalimale_01267	wavs/train_santalimale_01267.wav	ᱢᱮᱱᱟᱠᱚ ᱚᱱᱟᱛᱮ ᱱᱮᱛᱟᱨ ᱦᱚᱸ ᱠᱩᱲᱤ ᱦᱚᱯᱚᱱ ᱠᱚ ᱫᱚ ᱱᱟᱦᱮᱞ ᱟᱨ ᱟᱲᱜᱚᱢ ᱫᱚ ᱵᱟᱝ ᱠᱚ ᱡᱚᱴᱮᱫᱼᱟ ᱦᱚᱪᱚ ᱟ ᱠᱚᱣᱟ, ᱟᱨ ᱥᱤᱭᱩ: ᱦᱚᱸ ᱵᱟᱝᱠᱚ ᱵᱷᱮᱡᱟᱠᱚᱣᱟ।
train_santalimale_01268	wavs/train_santalimale_01268.wav	ᱠᱟᱛᱷᱟᱭ ᱢᱮᱱᱟᱠᱚ ᱥᱮᱫᱟᱭ ᱪᱟᱭ ᱪᱟᱢᱯᱟᱜᱟᱲ ᱨᱮ ᱫᱚ ᱠᱤᱥᱠᱩ ᱦᱚᱲᱠᱚ ᱛᱟᱸᱦᱮᱸᱠᱟᱱᱟ।
train_santalimale_01269	wavs/train_santalimale_01269.wav	ᱩᱱᱡᱚᱦᱚᱷ ᱚᱱᱟ ᱜᱟᱲ ᱨᱮ ᱟᱲᱤ ᱢᱟᱨᱟᱝ ᱠᱩᱲᱤᱹᱛ ᱮᱸᱜᱟ ᱮᱫᱮᱞ ᱫᱟᱨᱮ ᱨᱮ ᱛᱩᱠᱟᱹᱞᱮᱫᱼᱟ ᱛᱟᱸᱦᱮᱸᱠᱟᱱᱟ।
train_santalimale_01270	wavs/train_santalimale_01270.wav	ᱛᱩᱠᱟᱹ ᱫᱚ, ᱥᱟᱦᱟᱱ, ᱱᱟᱦᱮᱞ, ᱠᱟᱨᱦᱟ, ᱟᱲᱜᱚᱢ ᱟᱨ ᱮᱢᱟᱱ ᱲᱟᱹᱨ ᱠᱚ ᱟᱹᱜᱩ ᱠᱟᱛᱮᱭ ᱵᱮᱱᱟᱣᱞᱮᱫᱼᱟ ᱛᱟᱸᱦᱮᱸᱠᱟᱱᱟ।
train_santalimale_01271	wavs/train_santalimale_01271.wav	ᱛᱩᱠᱟᱹ ᱵᱮᱱᱟᱣᱠᱟᱛᱮ ᱵᱟᱨᱭᱟᱭ ᱵᱤᱞᱤᱞᱮᱫᱼᱟ ᱟ।
train_santalimale_01272	wavs/train_santalimale_01272.wav	ᱵᱤᱞᱤ ᱠᱷᱚᱱ ᱵᱟᱨᱭᱟ ᱠᱩᱲᱤᱫᱼᱟ ᱦᱚᱯᱚᱱᱚᱠᱤᱱ ᱵᱩᱥᱟᱹᱲᱞᱮᱱ ᱛᱟᱸᱦᱮᱸᱠᱟᱱᱟ।
train_santalimale_01273	wavs/train_santalimale_01273.wav	ᱩᱱᱤ ᱠᱩᱲᱤᱹᱛᱚᱮᱸᱜᱟ ᱫᱚ ᱟᱭᱚᱡᱼᱟᱨᱮᱱ ᱦᱚᱯᱚᱱᱚᱠᱤᱱ ᱡᱚᱢ ᱦᱚᱪᱚ ᱞᱟᱹᱜᱤᱫᱼᱟ ᱛᱮ ᱥᱩᱨ ᱥᱩᱯᱩᱨ ᱠᱷᱚᱱ ᱢᱮᱨᱚᱢ, ᱵᱷᱤᱰᱤ, ᱥᱤᱢ, ᱥᱩᱠᱨᱤ, ᱜᱤᱫᱨᱟᱹ, ᱮᱢᱟᱱᱠᱚ ᱦᱟᱞᱚ ᱨᱟᱠᱟᱵᱼᱟ ᱤᱫᱤᱭᱮᱛᱠᱚ ᱛᱟᱸᱦᱮᱸᱠᱟᱱᱟ।
train_santalimale_01274	wavs/train_santalimale_01274.wav	ᱠᱩᱲᱤᱹᱛ ᱮᱸᱜᱟᱣᱟᱷ ᱱᱚᱝᱠᱟᱱ ᱠᱟᱹᱢᱤᱠᱚ ᱧᱮᱞᱛᱮ ᱪᱟᱭᱜᱟᱲ ᱨᱮᱱ ᱦᱚᱲᱠᱚ ᱫᱚ ᱟᱹᱰᱤ ᱠᱚ ᱵᱚᱛᱚᱨ ᱞᱮᱱᱟ, ᱚᱱᱟᱛᱮ ᱠᱤᱥᱠᱩ ᱨᱟᱡᱟ ᱫᱚ ᱩᱱᱤ ᱜᱚᱭᱚᱡᱼᱟ ᱜᱤᱰᱤᱠᱟᱭ ᱞᱟᱹᱜᱤᱫᱼᱟ ᱟᱹᱰᱤ ᱮ ᱠᱩᱨᱩᱢᱩᱴᱩᱞᱮᱫᱼᱟ ᱛᱟᱸᱦᱮᱸᱠᱟᱱᱟ।
train_santalimale_01275	wavs/train_santalimale_01275.wav	ᱢᱮᱱᱠᱷᱟᱱ ᱚᱠᱚᱭ ᱦᱚᱸ ᱟᱠᱚᱣᱟ: ᱜᱟᱲ ᱨᱮᱱ ᱦᱚᱲᱠᱚ ᱫᱚ, ᱵᱟᱠᱚ ᱜᱚᱭᱚᱡᱼᱟ ᱫᱟᱲᱮᱹ ᱟᱫᱮᱭᱟ।
train_santalimale_01276	wavs/train_santalimale_01276.wav	ᱠᱩᱲᱤᱹᱫᱼᱟ ᱮᱸᱜᱟᱣᱟ: ᱱᱚᱝᱠᱟᱱ ᱵᱚᱛᱚᱨ ᱠᱟᱹᱢᱤ ᱧᱮᱞᱛᱮ ᱜᱚᱴᱟ ᱪᱟᱭ ᱪᱟᱢᱯᱟᱜᱟᱲ ᱦᱩᱞᱟ ᱪᱟᱢᱠᱟ ᱟᱨ ᱵᱚᱛᱚᱨ ᱜᱮ ᱟᱤᱠᱟᱣ ᱞᱮᱱᱟ।
train_santalimale_01277	wavs/train_santalimale_01277.wav	ᱦᱚᱲᱠᱚᱣᱟ: ᱦᱩᱞᱟᱪᱟᱢᱩᱠᱟ ᱧᱮᱞᱛᱮ, ᱠᱤᱥᱠᱩ ᱨᱟᱡᱟ ᱫᱚ ᱩᱱᱤ ᱠᱩᱲᱤᱹᱫᱼᱟ ᱜᱚᱭᱚᱡᱼᱟ ᱜᱤᱰᱤᱠᱟᱭ ᱞᱟᱹᱜᱤᱫᱼᱟ ᱛᱮ ᱜᱚᱴᱟ ᱢᱩᱞᱩᱠ ᱨᱮ ᱜᱤᱨᱟᱹ ᱮ ᱟᱰᱟᱷᱞᱮᱫᱼᱟ ᱟ।
train_santalimale_01278	wavs/train_santalimale_01278.wav	ᱟᱨ ᱥᱟᱸᱣᱛᱮ ᱱᱚᱣᱟᱭ ᱰᱟᱠᱨᱟ ᱞᱮᱫᱼᱟ ᱟ ᱡᱟᱦᱟᱸᱭ ᱜᱮ ᱩᱱᱤ ᱠᱩᱲᱤᱹᱫᱼᱟ ᱮᱸᱜᱟ ᱮ ᱜᱚᱭᱚᱡᱼᱟ ᱫᱟᱲᱮᱹ ᱟᱭᱟ, ᱩᱱᱤ ᱜᱮ ᱤᱧᱨᱮᱱ ᱦᱚᱯᱚᱱ ᱮᱨᱟ ᱟᱨ ᱟᱫᱷᱟ ᱜᱟᱲ ᱤᱧ ᱮᱢᱟᱭᱟ।
train_santalimale_01279	wavs/train_santalimale_01279.wav	ᱠᱩᱲᱤᱹᱫᱼᱟ ᱮᱸᱜᱟ ᱜᱚᱭᱚᱡᱼᱟ ᱞᱟᱹᱜᱤᱫᱼᱟ ᱛᱮ ᱟᱹᱰᱤ ᱦᱚᱲᱠᱚ ᱦᱮᱭᱚᱡᱼᱟ ᱮᱱᱟ, ᱢᱮᱱᱠᱷᱟᱱ ᱚᱠᱚᱭ ᱦᱚᱸ ᱵᱟᱝᱠᱚ ᱜᱚᱭᱚᱡᱼᱟ ᱫᱟᱲᱮᱹ ᱟᱫᱮᱭᱟ।
train_santalimale_01280	wavs/train_santalimale_01280.wav	ᱢᱤᱫᱼᱟᱫᱤᱱ ᱚᱱᱟ ᱪᱟᱭ ᱪᱟᱢᱯᱟᱜᱟᱲ ᱥᱩᱨ ᱨᱮ ᱛᱟᱸᱦᱮᱸᱠᱟᱱ ᱠᱩᱴᱟᱹᱢᱚᱯᱩᱨᱤ ᱜᱟᱲᱠᱷᱚᱱ ᱵᱟᱨᱭᱟ ᱦᱟᱸᱥᱫᱟ: ᱦᱚᱲ ᱫᱚ ᱠᱤᱥᱠᱩ ᱨᱟᱡ ᱴᱷᱮᱱᱚᱠᱤᱱ ᱪᱟᱞᱟᱣᱞᱮᱱ ᱛᱟᱸᱦᱮᱸᱠᱟᱱᱟ।
train_santalimale_01281	wavs/train_santalimale_01281.wav	ᱩᱱᱚᱠᱤᱱ ᱦᱟᱸᱥᱫᱟᱷ ᱦᱚᱲᱟᱹ: ᱧᱩᱛᱩᱢ ᱫᱚ ᱠᱟᱸᱲᱟᱹ ᱟᱨ ᱜᱩᱡᱟᱹ ᱛᱟᱸᱦᱮᱸᱠᱟᱱᱟ।
train_santalimale_01282	wavs/train_santalimale_01282.wav	ᱠᱟᱸᱲᱟᱹ ᱟᱨ ᱜᱩᱡᱟ ᱫᱚ ᱵᱟᱱᱟᱨ ᱜᱮ ᱰᱟᱸᱜᱣᱟᱠᱤᱱ ᱛᱟᱸᱦᱮᱸᱠᱟᱱᱟ।
train_santalimale_01283	wavs/train_santalimale_01283.wav	ᱠᱩᱲᱤᱹᱛ ᱜᱚᱭᱚᱡᱼᱟ, ᱰᱟᱠᱨᱟᱨᱮᱱᱟ: ᱠᱟᱛᱷᱟ, ᱨᱟᱡᱟᱠᱤᱱ ᱠᱩᱞᱤ ᱠᱮᱫᱮᱭᱟ।
train_santalimale_01284	wavs/train_santalimale_01284.wav	ᱮᱱᱠᱷᱟᱱ ᱠᱤᱥᱠᱩ ᱨᱟᱡᱟ ᱫᱚ ᱰᱟᱠᱨᱟ ᱨᱮᱱᱟ: ᱯᱩᱨᱟᱹᱯᱩᱥᱴᱟᱣ ᱠᱟᱛᱷᱟ ᱮ ᱞᱟᱹᱭᱟᱫᱼᱟ ᱠᱤᱱᱟ।
train_santalimale_01285	wavs/train_santalimale_01285.wav	ᱢᱟᱨᱟᱝ ᱮᱫᱮᱞ ᱫᱟᱨᱮ ᱨᱮ ᱛᱩᱠᱟᱹ ᱟᱠᱟᱫᱼᱟ ᱠᱚᱲᱤᱹᱛ ᱴᱷᱮᱱ ᱮ ᱤᱫᱤᱠᱮᱫᱼᱟ ᱠᱤᱱᱟ ᱟᱨ ᱠᱩᱲᱤᱹᱫᱼᱟ ᱜᱚᱭᱚᱪᱠᱟᱭ ᱨᱮᱭᱟ: ᱠᱟᱛᱷᱟ ᱮ ᱢᱮᱛᱟᱹᱛᱚᱠᱤᱱᱟ।
train_santalimale_01286	wavs/train_santalimale_01286.wav	ᱟᱨ ᱮ ᱢᱮᱛᱟᱫᱼᱟ ᱠᱤᱱᱟ ᱡᱩᱫᱤ ᱟᱵᱤᱱ ᱵᱷᱤᱛᱨᱤ ᱨᱮ ᱡᱟᱸᱦᱟᱭ ᱢᱤᱫᱼᱟ ᱦᱚᱲ ᱫᱟᱨᱮ ᱨᱮ ᱢᱮᱱᱟᱭ ᱠᱩᱲᱤᱹᱫᱼᱟᱵᱤᱱ ᱜᱚᱭᱚᱡᱼᱟ ᱫᱟᱲᱮᱹ ᱟᱭᱟ, ᱩᱱᱤ ᱥᱟᱸᱣᱛᱮ ᱤᱧᱤᱡᱼᱟ ᱦᱚᱯᱚᱱ ᱮᱨᱟᱭ ᱵᱟᱵᱼᱟᱞᱟ ᱠᱟᱭᱟ ᱟᱨ ᱟᱫᱷᱟᱜᱟᱲ ᱤᱧ ᱮᱢᱟᱭᱟ।
train_santalimale_01287	wavs/train_santalimale_01287.wav	ᱠᱤᱥᱠᱩ ᱨᱟᱡᱼᱟᱣᱟᱷ ᱱᱚᱣᱟ ᱠᱟᱛᱷᱟ ᱟᱧᱡᱚᱢ ᱠᱟᱛᱮ ᱠᱟᱸᱰᱟ ᱟᱨ ᱜᱩᱡᱟᱹ ᱫᱚ ᱚᱲᱟᱹ: ᱠᱷᱚᱱ ᱟ: ᱥᱟᱨ, ᱠᱟᱯᱤᱛᱟᱨᱣᱟᱲ, ᱟᱨ ᱢᱤᱫᱼᱟ ᱵᱩᱲᱦᱩ ᱥᱩᱛᱟᱹᱢ ᱟᱜᱩᱠᱟᱛᱮ ᱚᱱᱟ ᱮᱫᱮᱞ ᱫᱟᱨᱮ ᱵᱩᱴᱟᱹ ᱛᱮᱠᱤᱱ ᱪᱟᱞᱟᱣ ᱮᱱᱟ।
train_santalimale_01288	wavs/train_santalimale_01288.wav	ᱩᱱ ᱚᱠᱛᱮ ᱠᱩᱰᱤᱫᱼᱟ ᱮᱸᱜᱟ ᱫᱚ ᱟᱭᱚᱡᱼᱟ ᱨᱮᱱ ᱦᱚᱯᱚᱱ ᱞᱟᱹᱜᱤᱫᱼᱟ, ᱪᱟᱨᱟ ᱟᱹᱜᱩᱭ ᱪᱟᱞᱟᱣᱞᱮᱱ ᱛᱟᱸᱦᱮᱸᱠᱟᱱᱟ।
train_santalimale_01289	wavs/train_santalimale_01289.wav	ᱚᱱᱟ ᱚᱠᱛᱮ ᱨᱮ ᱜᱩᱡᱟᱹ ᱫᱚ ᱮᱫᱮᱞ ᱫᱟᱨᱮ ᱫᱮᱡᱼᱟ ᱠᱟᱛᱮ, ᱠᱩᱲᱤᱹᱫᱼᱟ ᱛᱩᱠᱟᱹ ᱨᱮ ᱢᱮᱱᱟ: ᱟᱲᱜᱚᱢ ᱵᱷᱩᱜᱟᱷ ᱛᱟᱞᱟᱛᱮ ᱥᱩᱛᱟᱹᱢ ᱛᱤᱡᱼᱟᱠᱟᱛᱮ, ᱛᱩᱠᱟᱹ ᱨᱮᱭ ᱛᱚᱞᱠᱮᱫᱼᱟ ᱡᱟ ᱟᱨ ᱫᱟᱨᱮ ᱠᱷᱚᱱᱮ ᱟᱸᱲᱜᱚᱭᱮᱱᱟ।
train_santalimale_01290	wavs/train_santalimale_01290.wav	ᱚᱱᱟ ᱛᱟᱭᱚᱢ ᱚᱱᱟ ᱫᱟᱨᱮ ᱵᱩᱴᱟᱹ ᱨᱮᱜᱮ ᱠᱩᱸᱵᱟᱹᱠᱤᱱ ᱵᱮᱱᱟᱣᱠᱮᱫᱼᱟ ᱟ।
train_santalimale_01291	wavs/train_santalimale_01291.wav	ᱥᱩᱛᱟᱹᱢ ᱨᱮᱱᱟ: ᱟᱨ ᱢᱤᱫᱼᱟᱢᱩᱪᱟᱛ ᱫᱚ ᱠᱩᱸᱵᱟᱹ ᱚᱲᱟᱹ: ᱵᱷᱤᱛᱨᱤ ᱠᱤᱱ ᱥᱟᱸᱵᱟᱣᱠᱮᱫᱼᱟ ᱟ।
train_santalimale_01292	wavs/train_santalimale_01292.wav	ᱵᱟᱱᱟᱦᱚᱲ ᱜᱮ ᱚᱱᱟ ᱠᱩᱸᱵᱟᱹ ᱵᱷᱤᱛᱨᱤ ᱵᱚᱞᱚᱠᱟᱛᱮ ᱠᱩᱲᱤᱹᱫᱼᱟ ᱜᱚᱭᱚᱡᱼᱟ ᱞᱟᱹᱜᱤᱫᱼᱟ ᱠᱤᱱ ᱛᱟᱸᱲᱟᱹ: ᱮᱱᱟ।
train_santalimale_01293	wavs/train_santalimale_01293.wav	ᱢᱤᱫᱼᱟᱜᱷᱟᱹᱰᱤ ᱛᱟᱭᱚᱢ ᱠᱷᱟᱱᱜᱮ, ᱚᱱᱟ ᱮᱫᱮᱞ ᱫᱟᱨᱮᱛᱮ, ᱠᱩᱰᱤᱛ ᱮᱸᱜᱟ ᱫᱚ, ᱦᱚᱯᱚᱱ ᱞᱟᱹᱜᱤᱫᱼᱟ ᱪᱟᱨᱟ ᱟᱹᱜᱩ ᱠᱟᱛᱮ ᱛᱩᱠᱟᱹᱛᱮ ᱩᱲᱟᱹᱣ ᱦᱮᱡᱼᱟ ᱮᱱᱟᱭ।
train_santalimale_01294	wavs/train_santalimale_01294.wav	ᱚᱱᱟ ᱚᱠᱛᱮ ᱨᱮ ᱜᱩᱡᱟᱹ ᱫᱚ ᱛᱤᱡᱼᱟ ᱟᱠᱟᱫᱼᱟ ᱥᱩᱛᱟᱹᱢ ᱡᱚᱠᱷᱟ ᱛᱮ ᱥᱟᱨ ᱮ ᱯᱷᱮᱫᱼᱟ ᱟ।
train_santalimale_01295	wavs/train_santalimale_01295.wav	ᱩᱜᱞᱤᱥᱟᱨ ᱫᱚ ᱥᱩᱛᱟᱹᱢ ᱡᱚᱠᱷᱟ ᱛᱮ ᱪᱟᱞᱟᱣᱠᱟᱛᱮ, ᱟᱲᱜᱚᱢ ᱵᱷᱩᱜᱟᱫᱼᱟᱛᱮ ᱛᱟᱵᱼᱟ ᱠᱟᱛᱮ, ᱠᱩᱲᱤᱹᱫᱼᱟ ᱮᱸᱜᱟᱣᱟ: ᱠᱚᱲᱟᱹᱢ ᱨᱮ ᱵᱟᱡᱟᱣ ᱮᱱᱟ।
train_santalimale_01296	wavs/train_santalimale_01296.wav	ᱮᱱᱠᱷᱟᱱ ᱠᱩᱲᱤᱹᱛ ᱫᱚ ᱨᱟᱹᱜᱤ ᱛᱮ ᱛᱩᱠᱟᱹ ᱵᱷᱤᱛᱨᱤ ᱨᱮ ᱫᱚᱢᱮ ᱯᱟᱥᱠᱟ ᱠᱮᱫᱼᱟ ᱟᱭ।
train_santalimale_01297	wavs/train_santalimale_01297.wav	ᱠᱷᱟᱱᱜᱮ ᱛᱩᱠᱟᱹ ᱨᱮ ᱛᱟᱸᱦᱮᱸᱠᱟᱱ ᱠᱩᱲᱤᱹᱛ ᱦᱚᱯᱚᱱ ᱫᱚ ᱠᱤᱱ ᱧᱩᱨ ᱮᱱᱟ, ᱟᱨ ᱮᱸᱜᱟ ᱫᱚ ᱟᱹᱰᱤ ᱥᱟᱹᱜᱤᱧᱮ ᱩᱲᱟᱹᱣ ᱪᱟᱞᱟᱣ ᱮᱱᱟ।
train_santalimale_01298	wavs/train_santalimale_01298.wav	ᱟᱨ ᱢᱤᱫᱼᱟᱴᱟᱝ ᱜᱟᱰᱟ ᱫᱷᱟᱨᱮ ᱨᱮ ᱧᱩᱨ ᱮᱱᱟᱭ।
train_santalimale_01299	wavs/train_santalimale_01299.wav	ᱩᱱᱡᱚᱦᱚᱷ ᱚᱱᱟ ᱜᱟᱰᱟ ᱫᱷᱟᱨᱮ ᱨᱮ ᱢᱤᱫᱼᱟᱴᱟᱝ ᱢᱩᱨᱢᱩ ᱠᱚᱲᱟᱹ ᱫᱚ ᱜᱟᱹᱭᱠᱚᱭ ᱜᱩᱯᱤᱠᱟᱱ ᱛᱟᱸᱦᱮᱸᱠᱟᱱᱟ।
train_santalimale_01300	wavs/train_santalimale_01300.wav	ᱢᱩᱨᱢᱩ ᱠᱚᱲᱟᱹ ᱫᱚ ᱜᱟᱹᱭ, ᱜᱩᱯᱤᱜᱩᱯᱤ ᱛᱮ ᱩᱱᱤ ᱧᱩᱨ ᱟᱠᱟᱱ ᱠᱩᱲᱤᱹᱫᱼᱟ ᱮ ᱯᱟᱱᱛᱮ ᱧᱟᱢ ᱠᱮᱫᱮᱭᱟ।
train_santalimale_01301	wavs/train_santalimale_01301.wav	ᱮᱱᱠᱷᱟᱱ ᱩᱱᱤ ᱢᱩᱨᱢᱩ ᱠᱚᱲᱟᱹ ᱫᱚ ᱩᱱᱤ ᱜᱚᱭᱚᱡᱼᱟ ᱟᱠᱟᱱ ᱠᱩᱲᱤᱹᱫᱼᱟ ᱮᱸᱜᱟ ᱤᱫᱤ ᱠᱟᱛᱮ, ᱠᱤᱥᱠᱩ ᱨᱟᱡ ᱚᱲᱟᱹᱷ ᱮ ᱪᱟᱞᱟᱣᱞᱮᱱ ᱛᱟᱸᱦᱮᱸᱠᱟᱱᱟ, ᱟᱨ ᱠᱩᱲᱤᱹᱛ ᱜᱚᱭᱚᱡᱼᱟ ᱟᱠᱟᱫᱼᱟ ᱫᱮ ᱨᱮᱭᱟ: ᱠᱟᱛᱷᱟᱭ ᱢᱮᱱᱠᱮᱫᱼᱟ ᱟ।
train_santalimale_01302	wavs/train_santalimale_01302.wav	ᱠᱩᱲᱤᱹᱛ ᱧᱮᱞᱛᱮ, ᱪᱟᱭᱪᱟᱢᱯᱟ ᱜᱟᱲ ᱨᱮᱱ ᱠᱤᱥᱠᱩ ᱨᱟᱡ ᱫᱚ ᱟᱹᱰᱤᱜᱮᱭ ᱠᱩᱥᱤᱞᱮᱱ ᱛᱟᱸᱦᱮᱸᱠᱟᱱᱟ।
train_santalimale_01303	wavs/train_santalimale_01303.wav	ᱮᱱᱠᱷᱟᱱ ᱨᱟᱡᱟ ᱫᱚ ᱟᱡᱟ: ᱰᱟᱠᱨᱟ ᱦᱚᱪᱚ ᱠᱟᱛᱷᱟ ᱞᱮᱠᱟᱛᱮ, ᱟᱭᱚᱡᱼᱟ ᱨᱮᱱ ᱦᱚᱯᱚᱱ ᱮᱨᱟ ᱫᱚ ᱢᱩᱨᱢᱩ ᱠᱚᱲᱟᱹ ᱥᱟᱸᱣ ᱮ ᱵᱟᱵᱼᱟᱞᱟ ᱠᱟᱫᱮ ᱛᱟᱸᱦᱮᱸᱠᱟᱱᱟ।
train_santalimale_01304	wavs/train_santalimale_01304.wav	ᱢᱩᱨᱢᱩ ᱠᱚᱰᱟ ᱟᱨ ᱠᱤᱥᱠᱩ ᱨᱟᱡ ᱦᱚᱯᱚᱱ ᱮᱨᱟᱣᱟ: ᱵᱟᱵᱼᱟᱞᱟ ᱠᱟᱛᱷᱟ ᱥᱟᱱᱟᱢ ᱢᱩᱞᱩᱠ ᱨᱮᱱ ᱦᱚᱲᱠᱚ ᱵᱟᱰᱟᱭᱠᱮᱫᱼᱟ ᱟ।
train_santalimale_01305	wavs/train_santalimale_01305.wav	ᱮᱱᱠᱷᱟᱱ ᱦᱟᱸᱥᱫᱟᱷ ᱠᱚᱲᱟᱹ ᱠᱟᱰᱟ ᱟᱨ ᱜᱩᱡᱟᱹ ᱫᱚ ᱚᱱᱟ ᱜᱟᱰᱟ ᱫᱷᱟᱨᱮ ᱛᱮᱠᱤᱱ ᱪᱟᱞᱟᱣ ᱮᱱᱟ, ᱚᱠᱟᱨᱮ ᱠᱩᱲᱤᱹᱫᱼᱟ ᱮᱸᱜᱟ ᱮ ᱧᱩᱨᱞᱮᱱ ᱛᱟᱸᱦᱮᱸᱠᱟᱱᱟ।
train_santalimale_01306	wavs/train_santalimale_01306.wav	ᱚᱱᱟ ᱧᱩᱨᱞᱮᱱ ᱴᱷᱟᱸᱣ ᱫᱚ ᱜᱮᱞᱵᱟᱨ ᱟᱨᱯᱟᱛᱮ ᱰᱷᱟᱞᱮᱱ ᱛᱟᱸᱦᱮᱸᱠᱟᱱᱟ।
train_santalimale_01307	wavs/train_santalimale_01307.wav	ᱚᱸᱰᱮᱜᱮ ᱟᱠᱤᱱᱟ: ᱩᱜᱞᱤ ᱥᱟᱨᱦᱚᱸ ᱠᱤᱱ ᱧᱟᱢᱠᱮᱫᱼᱟ ᱟ।
train_santalimale_01308	wavs/train_santalimale_01308.wav	ᱚᱠᱚᱭ ᱦᱟᱸᱥᱫᱟ: ᱠᱚᱲᱟᱹ ᱠᱤᱱ, ᱠᱩᱲᱤᱹᱫᱼᱟ ᱮᱸᱜᱟ ᱠᱤᱱ ᱛᱩᱧ ᱞᱮᱫᱮᱭᱟ, ᱩᱱᱚᱠᱤᱱ ᱨᱮᱱ ᱵᱚᱸᱥᱚ ᱠᱚ ᱫᱚ ᱦᱚᱲ ᱥᱟᱸᱣᱛᱟ ᱨᱮ ᱱᱤᱫᱼᱟ ᱫᱚ ᱪᱤᱞᱚᱵᱤᱸᱫᱷᱟ ᱠᱟᱸᱰᱟ ᱦᱟᱸᱥᱫᱟ ᱢᱮᱱᱛᱮ ᱠᱚ ᱣᱟᱰᱟᱭᱚ: ᱠᱟᱱᱟ।
train_santalimale_01309	wavs/train_santalimale_01309.wav	ᱟᱨ ᱡᱟᱦᱟᱸᱭ ᱢᱩᱨᱢᱩ ᱠᱚᱲᱟᱹ ᱩᱱᱤᱠᱩᱲᱤᱹᱛ ᱮᱸᱜᱟ ᱧᱟᱢ ᱟᱹᱜᱩ ᱠᱟᱛᱮ ᱠᱤᱥᱠᱩ ᱨᱟᱡ ᱦᱚᱯᱚᱱ ᱮᱨᱟ ᱥᱟᱸᱣ ᱮ ᱵᱟᱵᱼᱟᱞᱟᱞᱮᱱ ᱛᱟᱸᱦᱮᱸᱠᱟᱱᱟ ᱩᱱᱤᱨᱮᱱ ᱵᱚᱸᱥᱚ ᱠᱚ ᱫᱚ ᱠᱩᱲᱤᱹᱛ ᱢᱩᱨᱢᱩ ᱯᱟᱹᱨᱤᱥ ᱠᱷᱤᱞᱤ ᱛᱮᱠᱚ ᱵᱟᱰᱟᱭᱚ: ᱠᱟᱱᱟ ᱥᱟᱱᱛᱟᱲ ᱥᱟᱸᱣᱛᱟᱨᱮ।
train_santalimale_01310	wavs/train_santalimale_01310.wav	ᱠᱟᱛᱷᱟᱭ ᱢᱮᱱᱟᱠᱚ, ᱥᱮᱫᱟᱭ ᱢᱟᱨᱰᱤ ᱠᱤᱸᱥᱟᱲ ᱦᱚᱲᱠᱚᱭᱤᱡᱼᱟ ᱢᱤᱫᱼᱟᱴᱟᱝ ᱦᱚᱯᱚᱱ ᱮ ᱛᱟᱸᱦᱮᱸᱠᱟᱱᱟ।
train_santalimale_01311	wavs/train_santalimale_01311.wav	ᱦᱟᱨᱟ ᱡᱩᱣᱟᱱ ᱮᱱᱠᱷᱟᱱᱮ, ᱩᱱᱤ ᱵᱟᱦᱩᱣᱟᱭ ᱞᱟᱹᱜᱤᱫᱼᱟ ᱛᱮ ᱜᱚᱴᱟ ᱢᱩᱞᱩᱠ ᱵᱟᱦᱩᱠᱚ ᱯᱟᱱᱛᱮᱠᱮᱫᱼᱟ ᱠᱚᱣᱟ।
train_santalimale_01312	wavs/train_santalimale_01312.wav	ᱢᱮᱱᱠᱷᱟᱱ ᱚᱠᱚᱭ ᱦᱚᱸ, ᱩᱱᱤ ᱢᱟᱨᱰᱤ ᱠᱤᱸᱥᱟᱲ ᱦᱚᱯᱚᱱ ᱴᱷᱮᱱ ᱫᱚ, ᱦᱚᱯᱚᱱ ᱮᱨᱟ ᱵᱟᱝ ᱜᱚᱝ ᱥᱟᱱᱟᱭᱮᱫᱼᱟ ᱠᱚᱣᱟ, ᱚᱱᱟ ᱟᱲᱤᱹᱥ ᱛᱮ ᱩᱱᱤ ᱠᱚᱲᱟᱹ ᱫᱚ ᱵᱟᱝ ᱢᱩᱰᱨᱟᱹ ᱠᱟᱱ ᱛᱟᱸᱦᱮᱸᱠᱟᱱᱟ।
train_santalimale_01313	wavs/train_santalimale_01313.wav	ᱢᱤᱫᱼᱟᱫᱤᱱ ᱩᱱᱤ ᱫᱚ ᱜᱟᱰᱟ ᱛᱮ ᱩᱢ ᱮ ᱪᱟᱞᱟᱣ ᱞᱮᱱ ᱛᱚᱸᱦᱤᱸᱠᱟᱱᱟ।
train_santalimale_01314	wavs/train_santalimale_01314.wav	ᱩᱱᱡᱚᱦᱚ ᱩᱱᱤᱭᱟᱷ ᱢᱤᱫᱼᱟᱴᱟᱝ ᱵᱚᱦᱚᱷ ᱩᱵᱼᱟ ᱫᱚ ᱧᱩᱨ ᱮᱱᱟ।
train_santalimale_01315	wavs/train_santalimale_01315.wav	ᱮᱱᱠᱷᱟᱱ ᱩᱱᱤ ᱠᱤᱥᱠᱩ ᱠᱚᱲᱟᱹ ᱫᱚ ᱢᱤᱫᱼᱟᱴᱟᱝ ᱛᱤᱨᱤᱞ ᱥᱟᱠᱟᱢ ᱨᱮᱱᱟ: ᱯᱷᱩᱰᱩ: ᱵᱮᱱᱟᱣᱠᱟᱛᱮ, ᱚᱱᱟ ᱨᱮ ᱫᱚᱦᱚᱠᱟᱛᱮ, ᱩᱯᱚᱯᱷᱩᱰᱩ ᱫᱚ ᱜᱟᱰᱟ ᱫᱟᱷ ᱨᱮ ᱰᱷᱚᱸᱜᱟᱞᱮᱠᱟ ᱰᱚᱭᱞᱟᱝ ᱜᱚᱫᱠᱟᱫᱼᱟᱱᱟᱭ।
train_santalimale_01316	wavs/train_santalimale_01316.wav	ᱚᱱᱟ ᱜᱟᱰᱟ ᱞᱟᱛᱟᱨ ᱨᱮ ᱠᱤᱥᱠᱩ: ᱨᱟᱡᱟᱠᱚᱭᱤᱡᱼᱟ ᱦᱚᱯᱚᱱ ᱮᱨᱟ ᱫᱚ ᱜᱟᱛᱮ ᱠᱩᱲᱤ ᱥᱟᱸᱣ ᱩᱢᱛᱮ ᱪᱟᱞᱟᱣᱞᱮᱱ ᱛᱟᱸᱦᱮᱸᱠᱟᱱᱟᱭ।
train_santalimale_01317	wavs/train_santalimale_01317.wav	ᱩᱱᱡᱚᱦᱚ: ᱩᱱᱤ ᱠᱤᱥᱠᱩ ᱨᱟᱡ ᱦᱚᱯᱟᱱᱚᱮᱨᱟ ᱫᱚ ᱚᱱᱟ ᱛᱤᱨᱤᱞ ᱥᱟᱠᱟᱢ ᱨᱮᱱᱟ: ᱰᱷᱚᱸᱜᱟ ᱮ ᱧᱮᱞ ᱧᱟᱢᱠᱮᱫᱼᱟ ᱟ।
train_santalimale_01318	wavs/train_santalimale_01318.wav	ᱟᱹᱛᱩ: ᱠᱟᱱ ᱥᱟᱠᱟᱢ ᱰᱷᱚᱸᱜᱟ ᱮ ᱚᱣᱟᱨ ᱨᱟᱠᱟᱵᱼᱟᱠᱮᱫᱼᱟ ᱟ।
train_santalimale_01319	wavs/train_santalimale_01319.wav	ᱨᱟᱠᱟᱵᱼᱟᱠᱮᱫᱼᱟ ᱧᱮᱞᱠᱮᱫᱼᱟ ᱟᱭ, ᱚᱱᱟ ᱯᱷᱩᱰᱩ: ᱨᱮ ᱫᱚ ᱢᱤᱫᱼᱟᱴᱟᱝ ᱡᱤᱞᱤᱧ ᱩᱵᱼᱟᱜᱩᱲᱭᱟᱣ ᱠᱚᱛᱮ ᱵᱚᱦᱮᱞ ᱟᱠᱟᱫᱼᱟ ᱟᱠᱚ।
train_santalimale_01320	wavs/train_santalimale_01320.wav	ᱩᱯ ᱧᱮᱞᱛᱮ ᱩᱱᱤ ᱠᱤᱥᱠᱩ ᱦᱚᱯᱚᱱ ᱮᱨᱟ ᱮ ᱢᱮᱱᱠᱮᱫᱼᱟ ᱟ ᱱᱚᱣᱟ ᱫᱚ ᱚᱠᱚᱭᱟ: ᱩᱵᱼᱟᱠᱟᱱ ᱪᱚᱝ?
train_santalimale_01321	wavs/train_santalimale_01321.wav	ᱭᱩᱫᱤ ᱠᱚᱲᱟᱹᱣᱟ: ᱩᱵᱼᱟ ᱠᱟᱱᱟ, ᱮᱱᱠᱷᱟᱱ ᱤᱧ ᱫᱚ ᱩᱱᱤ ᱥᱟᱸᱣᱚᱤᱧ ᱵᱟᱵᱼᱟᱞᱟ: ᱟ।
train_santalimale_01322	wavs/train_santalimale_01322.wav	ᱟᱨ ᱭᱩᱫᱤ ᱡᱟᱸᱦᱟᱭ ᱠᱩᱲᱤᱭᱟ ᱠᱟᱱ ᱠᱷᱟᱱ ᱤᱧ ᱫᱚ ᱩᱱᱤ ᱥᱟᱸᱣᱤᱧ ᱯᱷᱩᱞᱩ: ᱟ।
train_santalimale_01323	wavs/train_santalimale_01323.wav	ᱠᱤᱥᱠᱩ ᱦᱚᱯᱚᱱ ᱮᱨᱟ ᱫᱚ ᱜᱟᱰᱟ ᱠᱷᱚᱱ ᱩᱢᱠᱟᱛᱮ ᱟᱠᱚ ᱚᱲᱟᱹ: ᱛᱮᱭ ᱨᱩᱣᱟᱹᱲ ᱪᱟᱞᱟᱣ ᱮᱱᱟ।
train_santalimale_01324	wavs/train_santalimale_01324.wav	ᱚᱲᱟᱹ: ᱨᱮ ᱟᱭᱚᱡᱼᱟ ᱟᱭᱚ ᱵᱟᱵᱟ ᱮ ᱞᱟᱹᱭᱚᱟᱫᱼᱟ ᱠᱤᱱᱟ।
train_santalimale_01325	wavs/train_santalimale_01325.wav	ᱮᱱᱠᱷᱟᱱ ᱟᱭᱚᱡᱼᱟ ᱟᱭᱚ ᱵᱟᱵᱟ ᱫᱚ ᱜᱚᱴᱟ ᱢᱩᱞᱩᱠ ᱛᱮ ᱡᱤᱞᱤᱧ ᱩᱯᱚᱟᱱ ᱦᱚᱲ ᱯᱟᱱᱛᱮ ᱧᱟᱢ ᱮ ᱵᱷᱮᱡᱟᱠᱮᱫᱼᱟ ᱠᱚᱣᱟ।
train_santalimale_01326	wavs/train_santalimale_01326.wav	ᱯᱟᱱᱛᱮ ᱯᱟᱱᱛᱮ ᱛᱮ ᱢᱤᱫᱼᱟᱴᱟᱝ ᱠᱚᱲᱟᱹ ᱦᱚᱲᱠᱚ ᱯᱟᱱᱛᱮ ᱧᱟᱢ ᱠᱮᱫᱮᱭᱟ।
train_santalimale_01327	wavs/train_santalimale_01327.wav	ᱩᱱᱤ ᱠᱚᱲᱟᱹ ᱫᱚ ᱢᱟᱨᱰᱤ ᱠᱤᱸᱥᱟᱲ ᱠᱚ ᱨᱮᱱ ᱦᱚᱯᱚᱱ ᱠᱟᱱᱟᱭ।
train_santalimale_01328	wavs/train_santalimale_01328.wav	ᱩᱱᱤ ᱫᱚ ᱟᱠᱚᱣᱟ ᱵᱩᱥᱩᱯ ᱜᱟᱫᱟ ᱨᱮ ᱫᱩᱰᱩᱯ ᱠᱟᱛᱮ ᱵᱚᱲ ᱮ ᱯᱮᱴᱮᱨᱮᱫᱼᱟ ᱛᱟᱸᱦᱮᱸᱠᱟᱱᱟ।
train_santalimale_01329	wavs/train_santalimale_01329.wav	ᱠᱤᱥᱠᱩ ᱨᱟᱡᱟ ᱫᱚ ᱩᱱᱤ ᱠᱚᱲᱟᱹ ᱦᱚᱯᱚᱱ, ᱚᱱᱟ ᱰᱷᱚᱸᱜᱟ ᱩᱵᱼᱟ ᱵᱟᱵᱚᱫᱼᱟ ᱛᱮᱭ ᱠᱩᱞᱤ ᱠᱮᱫᱮᱭᱟ।
train_santalimale_01330	wavs/train_santalimale_01330.wav	ᱮᱱᱠᱷᱟᱱ ᱩᱱᱤ ᱠᱤᱥᱠᱩ ᱠᱚᱲᱟᱹ ᱮ ᱢᱮᱱᱠᱮᱫᱼᱟ ᱟ ᱦᱚᱭ ᱱᱚᱣᱟ ᱫᱚ ᱤᱧᱟ: ᱩᱵᱼᱟ ᱠᱟᱱᱜᱮᱭᱟ, ᱤᱧ ᱜᱮ ᱜᱟᱲᱟᱹ ᱨᱮ ᱱᱚᱣᱟ ᱫᱚ ᱛᱤᱨᱤᱞ ᱥᱟᱠᱟᱢ ᱯᱷᱩᱰᱩᱷ ᱨᱮ ᱫᱚᱦᱚ ᱠᱟᱛᱮᱧ ᱵᱚᱦᱮᱞ ᱟᱠᱟᱫᱼᱟ ᱟ।
train_santalimale_01331	wavs/train_santalimale_01331.wav	ᱢᱟᱨᱰᱤ ᱠᱤᱸᱥᱟᱲ ᱠᱚᱲᱟᱹᱣᱟᱷ ᱠᱟᱛᱷᱟ ᱟᱧᱡᱚᱢ ᱠᱟᱛᱮ, ᱩᱱᱤ ᱠᱤᱥᱠᱩ ᱨᱟᱡᱟ ᱫᱚ ᱟᱹᱰᱤᱜᱮᱭ ᱠᱩᱥᱤᱭᱮᱱᱟ।
train_santalimale_01332	wavs/train_santalimale_01332.wav	ᱮᱱᱠᱷᱟᱱ ᱢᱟᱨᱰᱤ ᱠᱚ ᱦᱚᱲ ᱥᱟᱸᱣ ᱵᱟᱵᱼᱟᱞᱟ: ᱨᱮᱱᱟᱷ ᱠᱟᱛᱷᱟᱭ ᱢᱮᱱᱠᱮᱫᱼᱟ ᱟ, ᱟᱨ ᱵᱟᱵᱼᱟᱞᱟ ᱫᱤᱱᱠᱚ ᱜᱚᱴᱟ ᱠᱮᱫᱼᱟ ᱟ।
train_santalimale_01333	wavs/train_santalimale_01333.wav	ᱢᱟᱨᱰᱤ ᱠᱤᱥᱟᱸᱲ ᱦᱚᱲ ᱫᱚ ᱡᱟᱸᱣᱟᱭ ᱠᱚᱲᱟᱹ ᱤᱫᱤᱠᱟᱛᱮ ᱦᱟᱛᱤ ᱥᱟᱫᱚᱢᱛᱮ ᱡᱟᱠ ᱡᱚᱢᱚᱠ ᱥᱟᱛᱟᱞᱟ: ᱠᱤᱥᱠᱩ ᱚᱲᱟᱹ ᱠᱚ ᱪᱟᱞᱟᱣᱮᱱᱟ।
train_santalimale_01334	wavs/train_santalimale_01334.wav	ᱤᱛᱩᱫᱼᱟ ᱥᱤᱸᱫᱩᱨ ᱦᱩᱭ ᱮᱱᱟ।
train_santalimale_01335	wavs/train_santalimale_01335.wav	ᱢᱟᱨᱰᱤ ᱠᱚᱲᱟᱹ ᱟᱨ ᱠᱤᱥᱠᱩ ᱠᱩᱲᱤᱭᱟ: ᱵᱟᱵᱼᱟᱞᱟ ᱦᱩᱭ ᱮᱱᱟ।
train_santalimale_01336	wavs/train_santalimale_01336.wav	ᱡᱟᱸᱣᱟᱭ ᱠᱚᱲᱟᱹ ᱫᱚ ᱤᱨᱤᱞ ᱠᱩᱲᱤ ᱠᱚ ᱚᱲᱟᱹ: ᱛᱮᱠᱚ ᱦᱮᱸᱭᱟᱹ ᱠᱷᱟᱲ ᱠᱮᱫᱮᱭᱟ।
train_santalimale_01337	wavs/train_santalimale_01337.wav	ᱢᱤᱫᱼᱟᱴᱟᱝ ᱤᱨᱤᱞ ᱠᱩᱰᱤ ᱫᱚ ᱵᱟᱹᱴᱤ ᱨᱮ ᱫᱟ: ᱟᱨ ᱜᱤᱱᱟᱹ ᱨᱮ ᱥᱩᱱᱩᱢ ᱟᱹᱜᱩ ᱠᱟᱛᱮ ᱡᱟᱸᱣᱟᱭᱟ ᱡᱟᱝᱜᱟ ᱟᱨᱩᱯ ᱮ ᱦᱮᱡᱼᱟ ᱮᱱᱟ।
train_santalimale_01338	wavs/train_santalimale_01338.wav	ᱤᱨᱤᱞ ᱠᱩᱲᱤ ᱫᱚ ᱢᱟᱨᱰᱤ ᱡᱟᱸᱣᱟᱭ ᱠᱚᱲᱟᱹ ᱡᱟᱝᱜᱟ ᱟᱨᱩᱵᱼᱟ ᱮᱫᱼᱟ ᱟᱭ, ᱩᱱᱡᱚᱦᱚ ᱩᱱᱤ ᱤᱨᱤᱞ ᱠᱩᱲᱤ ᱮ ᱢᱮᱱᱠᱮᱫᱼᱟ ᱟᱭ ᱡᱟᱸᱣᱟᱭᱟ ᱡᱟᱝᱜᱟ ᱫᱚ ᱜᱚᱫᱟ ᱜᱮᱭᱟ।
train_santalimale_01339	wavs/train_santalimale_01339.wav	ᱮᱱᱠᱷᱟᱱ ᱠᱤᱥᱠᱩ ᱦᱚᱲ ᱟᱨ ᱢᱟᱨᱰᱤ ᱦᱚᱲ ᱟᱹᱰᱤᱠᱚ ᱛᱟᱯᱟᱢ ᱮᱱᱟ।
train_santalimale_01340	wavs/train_santalimale_01340.wav	ᱠᱤᱥᱠᱩ ᱦᱚᱲ ᱠᱚ ᱫᱚ ᱢᱟᱨᱰᱤ ᱦᱚᱲ ᱴᱷᱮᱱ, ᱦᱚᱯᱚᱱ ᱮᱨᱟ ᱵᱟᱝᱠᱚ ᱜᱚᱝᱞᱮᱫᱮᱭᱟ।
train_santalimale_01341	wavs/train_santalimale_01341.wav	ᱱᱚᱝᱠᱟ ᱛᱮ ᱵᱟᱵᱼᱟᱞᱟ ᱫᱚ ᱵᱷᱟᱸᱜᱩᱲ ᱮᱱᱟ।
train_santalimale_01342	wavs/train_santalimale_01342.wav	ᱢᱮᱱᱟᱠᱚ ᱩᱱᱠᱷᱚᱱ ᱜᱮ ᱩᱱᱠᱩ ᱦᱚᱲᱠᱚ ᱫᱚ ᱜᱚᱫᱟ ᱢᱟᱨᱰᱤ ᱠᱷᱤᱞᱤ ᱨᱮᱠᱚ ᱧᱩᱛᱩᱢᱠᱟᱫᱼᱟ ᱠᱚᱣᱟ, ᱟᱨ ᱩᱱᱚᱠᱩ ᱨᱮᱱ ᱵᱚᱸᱥᱚ ᱜᱮ ᱱᱤᱫᱼᱟ ᱥᱟᱱᱛᱟᱲ ᱥᱟᱸᱣᱛᱟ ᱨᱮ ᱫᱚ ᱜᱚᱫᱟ ᱢᱟᱨᱰᱤ ᱯᱟᱹᱨᱤᱥ ᱠᱷᱤᱞᱤ ᱛᱮ ᱠᱚ ᱵᱟᱰᱟᱭᱚ: ᱠᱟᱱᱟ।
train_santalimale_01343	wavs/train_santalimale_01343.wav	ᱩᱱᱠᱷᱚᱱ ᱜᱮ ᱢᱟᱨᱰᱤ ᱟᱨ ᱠᱤᱥᱠᱩ ᱦᱚᱲᱠᱚ ᱫᱚ ᱵᱟᱝᱠᱚ ᱯᱮᱲᱟᱹ: ᱟ।
train_santalimale_01344	wavs/train_santalimale_01344.wav	ᱠᱟᱛᱷᱟᱭ ᱢᱮᱱᱟᱠᱚ ᱥᱮᱫᱟᱭ ᱦᱟᱸᱥᱫᱟ: ᱦᱚᱲᱠᱚ ᱫᱚ ᱠᱩᱴᱟᱹᱢᱚᱯᱩᱨᱤ ᱜᱟᱲᱨᱮ ᱠᱚ ᱛᱟᱸᱦᱮᱸᱠᱟᱱ ᱛᱟᱸᱦᱮᱸᱠᱟᱱᱟ।
train_santalimale_01345	wavs/train_santalimale_01345.wav	ᱩᱱᱨᱮ, ᱩᱱᱠᱩ ᱦᱟᱸᱥᱫᱟ: ᱦᱚᱲ ᱠᱚ ᱫᱚ ᱪᱟᱥᱵᱟᱥ ᱠᱟᱛᱮ ᱠᱚ ᱟᱥᱩᱞᱚᱷᱠᱟᱱ ᱛᱟᱸᱦᱮᱸᱠᱟᱱᱟ।
train_santalimale_01346	wavs/train_santalimale_01346.wav	ᱢᱤᱫᱼᱟᱴᱟᱝ ᱦᱟᱸᱥᱫᱟ: ᱦᱚᱲᱨᱮᱱ ᱫᱚ ᱮᱭᱟᱭ ᱜᱚᱴᱟᱝ ᱠᱚᱲ ᱜᱤᱫᱨᱟᱹ ᱟᱨ ᱢᱤᱫᱼᱟᱴᱟᱝ ᱠᱩᱲᱤ ᱜᱤᱫᱨᱟᱹ ᱮ ᱛᱟᱸᱦᱮᱸᱠᱟᱱᱟ।
train_santalimale_01347	wavs/train_santalimale_01347.wav	ᱠᱩᱲᱤ ᱜᱤᱫᱨᱟᱹ ᱫᱚ ᱵᱟᱝᱠᱚ ᱡᱟᱸᱣᱟᱭ ᱫᱟᱲᱮᱹ ᱟᱹᱫᱮ ᱛᱟᱸᱦᱮᱸᱠᱟᱱᱟ, ᱚᱱᱟᱛᱮ ᱩᱱᱤ ᱫᱚ ᱵᱟᱨᱩ ᱵᱟᱝᱨᱟ ᱦᱟᱸᱥᱫᱟᱷ ᱠᱩᱲᱤ ᱠᱚ ᱢᱮᱛᱟᱭ ᱠᱟᱱ ᱛᱟᱸᱦᱮᱸᱠᱟᱱᱟ ᱩᱱᱠᱩ ᱦᱟᱸᱥᱫᱟ ᱠᱚ ᱫᱚ ᱢᱤᱫᱼᱟᱴᱟᱝ ᱢᱩᱨᱢᱩ ᱠᱚᱲᱟᱹ ᱜᱩᱛᱤ ᱠᱚ ᱫᱚᱦᱚ ᱞᱮᱫᱮ ᱛᱟᱸᱦᱮᱸᱠᱟᱱᱟ।
train_santalimale_01348	wavs/train_santalimale_01348.wav	ᱢᱩᱨᱢᱩ ᱠᱚᱲᱟᱹ ᱫᱚ ᱥᱟᱥᱟᱝ ᱮᱸᱜᱟ ᱨᱮᱱ ᱵᱚᱸᱥᱚ ᱠᱚ ᱛᱟᱸᱦᱮᱸᱠᱟᱱᱟ।
train_santalimale_01349	wavs/train_santalimale_01349.wav	ᱩᱱᱤ ᱥᱟᱥᱟᱝ ᱮᱸᱜᱟ ᱵᱚᱸᱥᱚ ᱢᱩᱨᱢᱩ ᱠᱚᱲᱟᱹ ᱫᱚ ᱦᱟᱸᱥᱫᱟ: ᱠᱚ ᱚᱲᱟᱹ: ᱨᱮ ᱟᱹᱰᱤ ᱫᱤᱱ ᱜᱩᱛᱤ ᱮ ᱛᱟᱸᱦᱮᱸᱠᱟᱱᱟ, ᱚᱱᱠᱟ ᱚᱱᱠᱟᱛᱮ ᱩᱱᱤ ᱫᱚ ᱦᱟᱸᱥᱫᱟ ᱠᱩᱲᱤ ᱥᱟᱸᱣ ᱮ ᱢᱤᱞᱣᱟᱭᱮᱱᱟ ᱟᱨ ᱞᱟᱴᱯᱟᱴ ᱮᱱᱟ।
train_santalimale_01350	wavs/train_santalimale_01350.wav	ᱮᱱᱠᱷᱟᱱ ᱵᱟᱨᱩ ᱵᱟᱝᱨᱟ ᱦᱟᱸᱥᱫᱟ: ᱠᱩᱲᱤ ᱫᱚ ᱢᱩᱨᱢᱩ ᱠᱚᱲᱟᱹ ᱴᱷᱮᱱᱮ ᱡᱟᱸᱣᱟᱭ ᱮᱱᱟ।
train_santalimale_01351	wavs/train_santalimale_01351.wav	ᱠᱩᱰᱤ ᱟᱭᱚᱡᱼᱟ ᱫᱟᱫᱟ ᱛᱟᱠᱚ ᱫᱚ ᱟᱠᱚ ᱨᱮᱱ ᱢᱤᱥᱮᱨᱟ, ᱫᱚ ᱢᱩᱨᱢᱩ ᱠᱚᱲᱟᱹ ᱴᱷᱮᱱ ᱵᱟᱝ ᱡᱟᱸᱣᱟᱭ ᱨᱮᱱᱟ: ᱠᱟᱛᱷᱟᱠᱚ ᱢᱮᱱᱠᱮᱫᱼᱟ ᱟ, ᱮᱱᱠᱷᱟᱱ ᱢᱩᱨᱢᱩ ᱠᱚᱲᱟᱹ ᱫᱚ ᱦᱟᱸᱥᱫᱟᱷ ᱠᱩᱲᱤ ᱤᱫᱤᱠᱟᱛᱮᱭ ᱧᱤᱨ ᱮᱱᱟ ᱟᱨ ᱟᱨ ᱮᱴᱟ: ᱨᱮ ᱚᱲᱟᱹ: ᱫᱩᱣᱟᱨ ᱠᱟᱛᱮᱠᱤᱱ ᱛᱟᱸᱦᱮᱸᱭᱮᱱᱟ।
train_santalimale_01352	wavs/train_santalimale_01352.wav	ᱢᱮᱱᱠᱷᱟᱱ ᱩᱱᱤ ᱢᱩᱨᱢᱩ ᱠᱚᱲᱟᱹ ᱫᱚ ᱩᱱᱠᱩ ᱦᱟᱸᱥᱫᱟ ᱦᱚᱲᱨᱮᱱ ᱠᱟᱰᱟᱠᱚ ᱜᱮᱭ ᱜᱩᱯᱤ ᱵᱟᱰᱟᱠᱚᱣᱟ।
train_santalimale_01353	wavs/train_santalimale_01353.wav	ᱟᱲᱤ ᱫᱤᱱ ᱛᱟᱭᱚᱢ ᱢᱩᱨᱢᱩᱜᱩᱛᱤ ᱠᱚᱲᱟᱹ ᱟᱨ ᱵᱟᱨᱩᱵᱟᱝᱨᱟ ᱦᱟᱸᱥᱫᱟ: ᱠᱩᱲᱤ ᱨᱮᱱ ᱡᱟᱣᱲᱟᱹᱛᱮ ᱵᱟᱨᱭᱟ ᱠᱚᱲᱟᱹ ᱜᱤᱫᱨᱟᱹᱠᱤᱱ ᱡᱟᱱᱟᱢ ᱮᱱᱟ।
train_santalimale_01354	wavs/train_santalimale_01354.wav	ᱱᱚᱣᱟ, ᱜᱤᱫᱨᱟᱹ ᱡᱟᱱᱟᱢ ᱠᱟᱛᱷᱟ, ᱠᱩᱲᱤ ᱨᱮᱱ ᱮᱭᱟᱭ ᱵᱚᱭᱦᱟ ᱠᱚ ᱵᱟᱰᱟᱭᱠᱮᱫᱼᱟ ᱠᱷᱟᱱ, ᱩᱱᱚᱠᱤᱱ ᱠᱚᱲᱟᱹ ᱜᱤᱫᱨᱟᱹ ᱜᱚᱭᱚᱡᱼᱟ ᱜᱤᱰᱤ ᱠᱟᱠᱤᱱ ᱨᱮᱱᱟ: ᱠᱟᱛᱷᱟᱠᱚ ᱢᱮᱱᱠᱮᱫᱼᱟ ᱟ, ᱢᱮᱱᱠᱷᱟᱱ ᱚᱠᱟᱞᱮᱠᱟᱨᱮ ᱦᱚᱸ ᱵᱟᱝᱠᱚ ᱜᱚᱭᱚᱡᱼᱟ ᱫᱟᱲᱮᱹᱭᱟᱫᱼᱟ ᱠᱤᱱᱟ।
train_santalimale_01355	wavs/train_santalimale_01355.wav	ᱡᱟᱣᱲᱟᱹ ᱠᱚᱲᱟᱹ ᱫᱚ ᱟᱹᱰᱤᱠᱤᱱ ᱢᱟᱨᱟᱝ ᱤᱫᱤᱭᱮᱱᱟ।
train_santalimale_01356	wavs/train_santalimale_01356.wav	ᱢᱤᱫᱼᱟᱫᱤᱱ ᱢᱩᱨᱢᱩᱜᱩᱛᱤ ᱠᱚᱲᱟᱹ ᱫᱚ ᱠᱟᱰᱟ ᱜᱩᱯᱤ ᱜᱩᱯᱤ ᱛᱮ ᱠᱟᱰᱟ ᱴᱷᱮᱱᱮ ᱨᱚᱷ ᱜᱚᱡᱼᱟ ᱦᱚᱪᱚᱭᱮᱱᱟ।
train_santalimale_01357	wavs/train_santalimale_01357.wav	ᱮᱱᱠᱷᱟᱱ ᱩᱱᱤ ᱨᱮᱱ ᱡᱟᱣᱲᱟᱹ ᱜᱤᱫᱨᱟᱹ ᱫᱚ ᱢᱟᱢᱟ ᱚᱲᱟᱹ: ᱛᱮ ᱪᱟᱞᱟᱣᱠᱟᱛᱮ, ᱟᱭᱚᱡᱼᱟ ᱵᱟᱵᱟ ᱠᱟᱰᱟ ᱴᱷᱮᱱ ᱨᱚ: ᱜᱚᱭᱚᱡᱼᱟ ᱦᱚᱪᱚ ᱟᱠᱟᱱ ᱨᱮᱱᱟᱷ ᱠᱟᱛᱷᱟᱠᱤᱱ ᱞᱟᱹᱤ ᱠᱮᱫᱼᱟ ᱟ।
train_santalimale_01358	wavs/train_santalimale_01358.wav	ᱟᱨ ᱟᱭᱚᱡᱼᱟ ᱵᱟᱵᱟ ᱨᱟᱯᱟ: ᱠᱟᱭ ᱨᱮᱭᱟᱷ ᱠᱟᱛᱷᱟᱠᱤᱱ ᱢᱮᱱᱠᱮᱫᱼᱟ ᱟ।
train_santalimale_01359	wavs/train_santalimale_01359.wav	ᱢᱮᱱᱠᱷᱟᱱ ᱟᱭᱚᱡᱼᱟ ᱢᱟᱢᱟᱛᱮᱠᱚ ᱫᱚ ᱟᱹᱰᱤ ᱠᱚ ᱨᱟᱹᱜᱤᱭᱮᱱᱟ, ᱟᱨ ᱚᱠᱚᱭ ᱦᱚᱸ ᱵᱟᱝᱠᱚ ᱥᱩᱨ ᱞᱮᱱᱟ।
train_santalimale_01360	wavs/train_santalimale_01360.wav	ᱟᱨ ᱠᱚ ᱢᱮᱛᱟ: ᱠᱤᱱᱟ, ᱟᱵᱤᱱ ᱜᱮ ᱵᱟᱱᱟ ᱦᱚᱲᱛᱮ ᱜᱟᱰᱟ ᱫᱷᱟᱨᱮ ᱤᱫᱤᱠᱟᱛᱮ, ᱛᱚᱯᱟ ᱜᱤᱰᱤ ᱠᱟᱭᱚᱵᱤᱱ।
train_santalimale_01361	wavs/train_santalimale_01361.wav	ᱟᱨ ᱟᱭᱚᱫᱚᱡᱼᱟ ᱧᱩᱛᱩᱢ ᱛᱮ ᱢᱤᱫᱼᱟᱴᱟᱝ ᱥᱚᱥᱚ ᱡᱚ ᱦᱟᱞᱟᱝ ᱵᱤᱱ।
train_santalimale_01362	wavs/train_santalimale_01362.wav	ᱚᱱᱟ ᱥᱚᱥᱚ ᱡᱟᱝ ᱱᱟᱹᱤ ᱨᱮ ᱤᱫᱤᱠᱟᱛᱮ ᱵᱚᱦᱮᱞᱠᱟᱫᱼᱟ ᱵᱤᱱ।
train_santalimale_01363	wavs/train_santalimale_01363.wav	ᱡᱟᱣᱲᱟᱹ ᱜᱤᱫᱨᱟᱹ ᱫᱚ ᱟᱠᱤᱱ ᱨᱮᱱ ᱢᱟᱢᱟ ᱛᱮᱠᱚᱣᱟ: ᱠᱟᱛᱷᱟ ᱞᱮᱠᱟᱛᱮ, ᱟᱭᱚᱡᱼᱟ ᱵᱟᱵᱟ ᱫᱚ ᱜᱟᱰᱟ ᱫᱷᱟᱨᱮ ᱤᱫᱤᱠᱟᱛᱮ ᱛᱚᱯᱟ ᱠᱟᱫᱮᱭᱟᱠᱤᱱ।
train_santalimale_01364	wavs/train_santalimale_01364.wav	ᱟᱨ ᱡᱟᱝ ᱵᱟᱦᱟ ᱧᱩᱛᱩᱢ ᱛᱮ ᱞᱩᱯᱩᱝ ᱡᱚ ᱠᱤᱱ ᱦᱟᱞᱟᱝ ᱠᱮᱫᱼᱟ ᱟ ᱟᱨ ᱜᱟᱲᱟᱹᱱᱟᱹᱤ ᱫᱟ: ᱜᱷᱟᱴ ᱨᱮ ᱡᱟᱝ ᱵᱟᱦᱟ ᱵᱚᱦᱮᱞ ᱜᱷᱟᱴ ᱠᱤᱱ ᱵᱮᱱᱟᱣ ᱠᱮᱫᱼᱟ ᱟ।
train_santalimale_01365	wavs/train_santalimale_01365.wav	ᱜᱷᱟᱴ ᱨᱮ ᱢᱤᱫᱼᱟᱴᱟᱝ ᱥᱟᱨᱡᱚᱢ ᱥᱟᱠᱟᱢ ᱪᱮᱛᱟᱱ ᱨᱮ ᱱᱟᱹᱲᱠᱟ ᱦᱟᱥᱟᱠᱤᱱ ᱫᱚᱦᱚᱠᱮᱫᱼᱟ ᱟ।
train_santalimale_01366	wavs/train_santalimale_01366.wav	ᱚᱱᱟ ᱛᱟᱭᱚᱢ ᱱᱟᱹᱲᱠᱟ ᱦᱟᱥᱟ ᱟᱨ ᱞᱩᱯᱩᱝ ᱡᱚᱠᱤᱱ ᱵᱚᱦᱮᱞᱠᱮᱫᱼᱟ ᱟ ᱟᱨ ᱜᱷᱟᱴ ᱠᱷᱚᱱᱚᱠᱤᱱ ᱩᱢ ᱨᱟᱠᱟᱵᱼᱟ ᱮᱱᱟ।
train_santalimale_01367	wavs/train_santalimale_01367.wav	ᱩᱱ ᱠᱷᱚᱱ ᱜᱮ ᱩᱱᱚᱠᱤᱱ ᱨᱮᱱ ᱵᱚᱸᱥᱚ ᱫᱚ ᱡᱟᱹᱛ ᱢᱩᱨᱢᱩ ᱠᱚ ᱢᱮᱛᱟᱠᱚ ᱠᱟᱱᱟ।
train_santalimale_01368	wavs/train_santalimale_01368.wav	ᱮᱴᱟ ᱯᱟᱹᱨᱤᱥ ᱦᱚᱲ ᱟᱡᱟᱹᱛ ᱞᱮᱱᱠᱷᱟᱱ ᱠᱚ ᱱᱩᱠᱩ ᱦᱚᱲ ᱛᱮᱠᱚ ᱡᱟᱹᱫᱼᱟ ᱛᱟᱞᱟ ᱵᱚᱱᱟ।
train_santalimale_01369	wavs/train_santalimale_01369.wav	ᱠᱟᱛᱷᱟᱭ ᱢᱮᱱᱟᱠᱚ ᱥᱮᱫᱟᱭ, ᱠᱤᱥᱠᱩ ᱨᱟᱡᱠᱚᱭᱤᱡᱼᱟ ᱢᱤᱫᱼᱟᱴᱟᱝ ᱜᱮ ᱢᱤᱥᱮᱨᱟ ᱮ ᱛᱟᱸᱦᱮᱸᱠᱟᱱᱟ।
train_santalimale_01370	wavs/train_santalimale_01370.wav	ᱩᱱᱤ ᱫᱚ ᱥᱚᱨᱮᱱᱠᱚ ᱚᱲᱟᱹ: ᱨᱮ ᱠᱚ ᱴᱷᱟᱸᱣ ᱞᱮᱫᱮᱭᱟ।
train_santalimale_01371	wavs/train_santalimale_01371.wav	ᱩᱱᱤ ᱥᱚᱨᱮᱱ ᱠᱩᱲᱤ ᱫᱚ ᱜᱤᱫᱨᱟᱹ ᱯᱤᱫᱨᱟᱹᱣᱟᱛᱮ ᱟᱭᱚᱡᱼᱟ ᱟᱭᱚ ᱵᱟᱵᱟ ᱚᱲᱟᱹᱷ ᱨᱮᱜᱮ ᱵᱩᱥᱩᱵᱼᱟ ᱜᱤᱰᱤ ᱮ ᱛᱟᱸᱦᱮᱸᱠᱟᱱᱟ।
train_santalimale_01372	wavs/train_santalimale_01372.wav	ᱠᱤᱥᱠᱩ ᱨᱟᱡ ᱠᱚᱣᱟᱷ ᱫᱚ ᱟᱹᱰᱤ ᱢᱟᱨᱟᱝ ᱟᱦᱟᱨ ᱛᱟᱸᱦᱮᱸᱠᱟᱱᱟ।
train_santalimale_01373	wavs/train_santalimale_01373.wav	ᱚᱱᱟ ᱟᱦᱟᱨ ᱨᱮ ᱫᱚ ᱟᱹᱰᱤ ᱢᱟᱨᱟᱝ ᱥᱟᱹᱞ ᱦᱟᱠᱩᱭ ᱛᱟᱸᱦᱮᱸᱠᱟᱱᱟ।
train_santalimale_01374	wavs/train_santalimale_01374.wav	ᱩᱱᱤ ᱥᱟᱹᱞ ᱦᱟᱠᱩ ᱫᱚ ᱜᱚᱴᱟ ᱟᱦᱟᱨ ᱮ ᱪᱟᱢᱯᱮᱞᱮᱫᱼᱟ ᱟ।
train_santalimale_01375	wavs/train_santalimale_01375.wav	ᱰᱟᱸᱜᱨᱤ, ᱠᱟᱰᱟ, ᱦᱚᱲ ᱡᱚᱲ ᱵᱚᱛᱚᱨ ᱛᱮ ᱵᱟᱝᱠᱚ ᱟᱸᱲᱜᱚᱱ ᱠᱟᱱ ᱛᱟᱸᱦᱮᱸᱠᱟᱱᱟ।
train_santalimale_01376	wavs/train_santalimale_01376.wav	ᱡᱟᱦᱟᱸᱭ ᱜᱮ ᱚᱱᱟ ᱟᱦᱟᱨ ᱨᱮᱭ ᱟᱸᱲᱜᱚᱱᱟ, ᱩᱱᱤᱜᱮᱭ ᱡᱚᱢᱮᱠᱟᱱ ᱛᱟᱸᱦᱮᱸᱠᱟᱱᱟ।
train_santalimale_01377	wavs/train_santalimale_01377.wav	ᱚᱱᱟ ᱛᱮ ᱩᱱᱤ ᱜᱚᱭᱚᱡᱼᱟ ᱫᱚ ᱚᱠᱚᱭ ᱦᱚᱸ ᱵᱟᱝᱠᱚ ᱫᱤᱞᱮᱫᱼᱟ ᱛᱟᱸᱦᱮᱸᱠᱟᱱᱟ।
train_santalimale_01378	wavs/train_santalimale_01378.wav	ᱢᱤᱫᱼᱟᱫᱷᱟᱣ, ᱟᱥᱟᱲ ᱥᱟᱱ ᱫᱤᱱ ᱟᱹᱰᱤ ᱡᱚᱵᱚᱨ ᱮ ᱫᱟ: ᱠᱮᱫᱼᱟ ᱟ।।
train_santalimale_01379	wavs/train_santalimale_01379.wav	ᱟᱦᱟᱨ ᱫᱟ: ᱫᱚ ᱞᱟᱞᱮᱪᱟᱯᱮ ᱞᱤᱸᱜᱤᱭᱮᱱᱟ।
train_santalimale_01380	wavs/train_santalimale_01380.wav	ᱮᱱᱠᱷᱟᱱ ᱠᱤᱥᱠᱩ ᱦᱚᱲᱠᱚ ᱫᱚ ᱟᱦᱟᱨ ᱛᱮ ᱦᱟᱠᱩ ᱜᱚᱭᱚᱡᱼᱟ ᱠᱚ ᱫᱚᱲ ᱠᱮᱫᱼᱟ ᱟ।
train_santalimale_01381	wavs/train_santalimale_01381.wav	ᱵᱷᱟᱹᱜᱤ ᱵᱷᱟᱹᱜᱤ ᱥᱮᱸᱲᱟᱹ ᱥᱮᱸᱲᱟᱹ ᱴᱚᱨᱚᱲᱟᱹᱝ, ᱯᱟᱴᱟ, ᱥᱮᱯᱟᱲ, ᱮᱢᱟᱱᱛᱮᱭᱟ ᱫᱷᱟᱸᱭ ᱨᱮ ᱠᱚ ᱮᱰᱟᱣ ᱠᱮᱫᱼᱟ ᱟ।
train_santalimale_01382	wavs/train_santalimale_01382.wav	ᱢᱮᱱᱠᱷᱟᱱ ᱩᱱᱚᱠᱤᱱ ᱥᱚᱨᱮᱱ ᱜᱤᱫᱨᱟᱹ ᱛᱤᱠᱤᱱᱟ: ᱫᱚ ᱵᱷᱟᱹᱜᱤ ᱵᱷᱟᱹᱜᱤ ᱴᱚᱨᱚᱰᱟᱝ, ᱡᱟᱹᱸᱡᱤᱪ, ᱯᱟᱴᱟ ᱮᱢᱟᱱ ᱵᱟᱝ ᱛᱟᱸᱦᱮᱸᱠᱟᱱᱟ।
train_santalimale_01383	wavs/train_santalimale_01383.wav	ᱚᱱᱟᱛᱮ ᱩᱱᱚᱠᱤᱱ ᱫᱚ ᱜᱷᱩᱴᱩᱠᱚᱨᱚ ᱠᱚᱢ ᱫᱟ: ᱠᱚᱨᱮᱠᱤᱱ ᱟᱰᱟᱣ ᱵᱟᱲᱟᱹᱭᱮᱫᱼᱟ ᱛᱟᱸᱦᱮᱸᱠᱟᱱᱟ, ᱟᱨ ᱦᱟᱠᱩᱠᱤᱱ ᱥᱟᱵᱼᱟ ᱵᱟᱲᱟᱹᱭᱮᱫᱼᱟᱠᱚ ᱛᱟᱸᱦᱮᱸᱠᱟᱱᱟ।
train_santalimale_01384	wavs/train_santalimale_01384.wav	ᱧᱮᱞ ᱧᱮᱞᱛᱮ ᱫᱟ: ᱫᱚ ᱜᱚᱴᱟ ᱯᱟᱲᱟᱹ ᱪᱷᱟᱯᱞᱟᱣ ᱯᱟᱨᱚᱢ ᱮᱭᱦᱚᱵᱼᱟ ᱮᱱᱟ।
train_santalimale_01385	wavs/train_santalimale_01385.wav	ᱟᱨ ᱢᱤᱫᱼᱟ ᱜᱷᱟᱲᱤ ᱛᱮ ᱟᱦᱟᱨ ᱟᱲᱮᱹ ᱫᱚ ᱨᱟᱯᱩᱫᱼᱟ ᱮᱱᱟ।
train_santalimale_01386	wavs/train_santalimale_01386.wav	ᱠᱷᱟᱱ ᱜᱮᱸ ᱠᱤᱥᱠᱩ ᱦᱚᱲᱠᱚ ᱮᱲᱟᱹᱣᱞᱮᱫᱼᱟ ᱯᱟᱴᱟ ᱡᱟᱸᱡᱤᱡᱼᱟ, ᱥᱮᱯᱟᱲ, ᱴᱚᱨᱚᱰᱟᱝ ᱠᱚ ᱫᱚ ᱫᱟ: ᱛᱮ ᱟᱹᱛᱩᱭᱮᱱᱟ।
train_santalimale_01387	wavs/train_santalimale_01387.wav	ᱢᱮᱱᱠᱷᱟᱱ ᱥᱚᱨᱮᱱ ᱦᱚᱲᱠᱚᱣᱟ: ᱫᱚ ᱵᱟᱝ ᱟᱹᱛᱩ ᱞᱮᱱᱟ।
train_santalimale_01388	wavs/train_santalimale_01388.wav	ᱢᱤᱫᱼᱟᱜᱷᱟᱲᱤ ᱛᱟᱭᱚᱢ ᱠᱷᱟᱱ ᱜᱮ ᱩᱱᱚᱠᱤᱱ ᱥᱚᱨᱮᱱ ᱜᱤᱫᱚᱨᱣᱟ ᱴᱚᱨᱚᱰᱟᱝ ᱨᱮ ᱩᱱᱤ ᱥᱚᱞᱮᱦᱟᱠᱩ ᱫᱚᱭ ᱫᱟᱹᱲ ᱥᱟᱸᱵᱟᱣ ᱮᱱᱟ ᱢᱤᱫᱼᱟ ᱴᱚᱨᱚᱰᱟᱝ।
train_santalimale_01389	wavs/train_santalimale_01389.wav	ᱮᱱᱠᱷᱟᱱ ᱩᱱᱚᱠᱤᱱ ᱥᱚᱨᱮᱱ ᱜᱤᱫᱨᱟᱹ ᱫᱚ ᱟᱭᱚᱡᱼᱟ ᱢᱟᱢᱟ ᱚᱲᱟᱹ: ᱛᱮᱠᱤᱱ ᱜᱚᱷ ᱤᱫᱤ ᱠᱮᱫᱮᱭᱟ।
train_santalimale_01390	wavs/train_santalimale_01390.wav	ᱥᱚᱞᱮ ᱦᱟᱠᱩ ᱧᱮᱞᱛᱮ ᱟᱭᱚᱡᱼᱟ ᱢᱟᱢᱤ ᱛᱮ ᱠᱚ ᱟᱹᱰᱤ ᱠᱚ ᱨᱟᱹᱥᱠᱟᱹᱭᱮᱱᱟ, ᱩᱱᱠᱷᱚᱱ ᱜᱮ ᱩᱱᱚᱠᱤᱱ ᱜᱤᱫᱨᱟᱹ ᱥᱚᱞᱮ ᱥᱚᱨᱮᱱ ᱜᱤᱫᱨᱟᱹ ᱠᱚ ᱢᱮᱛᱟ: ᱠᱤᱱᱟ।
train_santalimale_01391	wavs/train_santalimale_01391.wav	ᱱᱤᱛ ᱦᱚᱲ ᱥᱟᱸᱣᱛᱟ ᱨᱮ ᱫᱚ ᱩᱱᱠᱩ ᱨᱮᱱ ᱵᱚᱸᱥᱚ ᱠᱚᱜᱮ ᱥᱚᱞᱮ ᱥᱚᱨᱮᱱ ᱠᱚ ᱢᱮᱛᱟ: ᱠᱚ ᱠᱟᱱᱟ।
train_santalimale_01392	wavs/train_santalimale_01392.wav	ᱠᱟᱛᱷᱟᱭ ᱢᱮᱱᱟᱠᱚ ᱥᱮᱫᱟᱭ ᱵᱟᱥᱠᱮ ᱦᱚᱲᱠᱚ ᱫᱚ ᱵᱮᱯᱟᱨ ᱵᱟᱱᱤᱡᱼᱟ ᱠᱟᱱ ᱛᱟᱸᱦᱮᱸᱠᱟᱱᱟ ᱠᱚ।
train_santalimale_01393	wavs/train_santalimale_01393.wav	ᱩᱱᱠᱩ ᱵᱟᱥᱠᱮ ᱦᱚᱲ ᱫᱚ ᱵᱟᱨᱜᱮᱞᱚᱯᱩᱱ ᱵᱚᱭᱦᱟᱠᱚ ᱛᱟᱸᱦᱮᱸᱠᱟᱱᱟ, ᱟᱨ ᱢᱤᱫᱼᱟᱴᱟᱝ ᱜᱮ ᱢᱤᱥᱮᱨᱟ ᱛᱟᱠᱚ ᱫᱚᱭ ᱛᱟᱸᱦᱮᱸᱠᱟᱱᱟ ᱠᱚ।
train_santalimale_01394	wavs/train_santalimale_01394.wav	ᱢᱮᱱᱠᱷᱟᱱ ᱚᱠᱚᱭ ᱨᱮᱱ ᱦᱚᱸ ᱜᱤᱫᱨᱟᱹ ᱯᱤᱫᱨᱟᱹ ᱫᱚ ᱵᱟᱝᱠᱚ ᱦᱩᱭ ᱟᱠᱟᱱ ᱛᱟᱸᱦᱮᱸᱠᱟᱱᱟ।
train_santalimale_01395	wavs/train_santalimale_01395.wav	ᱚᱱᱟᱛᱮ ᱦᱩᱰᱤᱧ ᱩᱛᱟᱹᱨᱤᱡᱼᱟ ᱢᱤᱥᱮᱨᱟᱜᱮ ᱟᱹᱰᱤ ᱜᱮ ᱫᱩᱞᱟᱹᱲᱮᱹ ᱠᱟᱱ ᱛᱟᱸᱦᱮᱸᱠᱟᱱᱟᱠᱚ।
train_santalimale_01396	wavs/train_santalimale_01396.wav	ᱢᱤᱥᱮᱨᱟᱣᱟ: ᱫᱩᱞᱟᱹᱲ ᱧᱮᱞᱛᱮ ᱩᱱᱠᱩ ᱵᱟᱹᱦᱩ ᱠᱩᱲᱤ ᱫᱚ ᱟᱹᱰᱤ ᱠᱚ ᱦᱤᱸᱥᱟ ᱟᱨ ᱨᱟᱹᱜᱤ: ᱠᱟᱱ ᱛᱟᱸᱦᱮᱸᱠᱟᱱᱟ।
train_santalimale_01397	wavs/train_santalimale_01397.wav	ᱢᱮᱱᱠᱷᱟᱱ ᱟᱠᱚᱨᱮᱱ ᱡᱟᱸᱣᱟᱭ ᱠᱚ ᱫᱚ ᱪᱮᱫᱼᱟᱦᱚᱸ ᱵᱟᱝᱠᱚ ᱢᱮᱱ ᱫᱟᱲᱮᱹᱭᱟᱠᱚ ᱠᱟᱱ ᱛᱟᱸᱦᱮᱸᱠᱟᱱᱟ।
train_santalimale_01398	wavs/train_santalimale_01398.wav	ᱢᱤᱫᱼᱟᱫᱷᱟᱣ ᱩᱱᱠᱩ ᱵᱟᱨᱜᱮᱞ ᱯᱩᱱ ᱵᱚᱭᱦᱟ ᱫᱚ ᱵᱮᱯᱟᱨ ᱞᱟᱹᱜᱤᱫᱼᱟ ᱛᱮ ᱟᱹᱰᱤ ᱥᱟᱹᱜᱤᱧ ᱠᱚ ᱪᱟᱞᱟᱣᱞᱮᱱ ᱛᱟᱸᱦᱮᱸᱠᱟᱱᱟ।
train_santalimale_01399	wavs/train_santalimale_01399.wav	ᱩᱱᱡᱚᱦᱚᱷ ᱩᱱᱠᱩ ᱨᱮᱱ ᱵᱟᱹᱦᱩ ᱫᱚ ᱩᱱᱠᱩ ᱨᱮᱱ ᱢᱤᱥᱮᱨᱟ ᱟᱹᱰᱤᱠᱚ ᱦᱟᱨᱚᱱ ᱞᱮᱫᱮᱭᱟ।
train_santalimale_01400	wavs/train_santalimale_01400.wav	ᱟᱨ ᱩᱱᱤ ᱫᱩᱞᱟᱹᱲᱮᱹᱠᱟᱱ ᱨᱮᱱᱟ: ᱨᱟᱹᱜᱤᱠᱚ ᱦᱟᱞᱟᱞᱮᱫᱟ।
train_santalimale_01401	wavs/train_santalimale_01401.wav	ᱢᱤᱫᱼᱟᱫᱤᱱ ᱩᱱᱤ ᱢᱟᱤ ᱜᱤᱫᱨᱟᱹ ᱫᱚ ᱵᱷᱩᱜᱟᱷ ᱴᱷᱤᱞᱤ ᱛᱮ, ᱟᱦᱟᱨ ᱠᱷᱚᱱ ᱫᱟ: ᱟᱹᱜᱩᱠᱚ ᱵᱷᱮᱡᱟ ᱞᱮᱫᱮᱭᱟ।
train_santalimale_01402	wavs/train_santalimale_01402.wav	ᱩᱱᱤ ᱜᱤᱫᱨᱟᱹ ᱫᱚ ᱟᱦᱟᱨ ᱪᱟᱞᱟᱣ ᱠᱟᱛᱮ, ᱵᱷᱩᱜᱟᱷ ᱴᱷᱤᱞᱤ ᱛᱮ ᱪᱮᱫᱼᱟᱞᱮᱠᱟᱛᱮ ᱫᱟ: ᱮ ᱞᱩ ᱤᱫᱤᱭᱟ, ᱚᱱᱟ ᱞᱟᱹᱜᱤᱫᱼᱟ ᱛᱮ ᱟᱹᱰᱤ ᱟᱸᱜᱤ ᱵᱷᱟᱵᱤᱫᱼᱟ ᱠᱮᱫᱟ, ᱵᱟᱭ ᱟᱸᱜᱤ ᱵᱷᱟᱵᱤᱫᱼᱟ ᱜᱚᱴᱟ ᱫᱟᱲᱮᱹᱭᱟ: ᱠᱷᱟᱱ, ᱟᱦᱟᱨ ᱜᱷᱟᱴ ᱨᱮ ᱨᱟ: ᱨᱟ: ᱮ ᱮᱭᱦᱚᱵᱼᱟ ᱠᱮᱫᱟ।
train_santalimale_01403	wavs/train_santalimale_01403.wav	ᱟᱡᱟ ᱱᱚᱣᱟ ᱨᱟ: ᱨᱚᱲ ᱱᱮᱦᱚᱨ ᱢᱟᱨᱟᱝ ᱵᱩᱨᱩ ᱮ ᱟᱧᱡᱚᱢᱠᱮᱫᱼᱟ ᱠᱷᱟᱱ, ᱨᱚᱴᱮ ᱪᱤᱱᱛᱮ ᱟᱭᱚᱡᱼᱟ ᱥᱟᱢᱟᱝ ᱨᱮ ᱚᱰᱚᱝ ᱮᱱᱟᱭ।
train_santalimale_01404	wavs/train_santalimale_01404.wav	ᱟᱨ ᱨᱟ: ᱨᱮᱱᱟᱷ ᱠᱟᱛᱷᱟ ᱮ ᱠᱩᱞᱤ ᱠᱮᱫᱮᱭᱟ।
train_santalimale_01405	wavs/train_santalimale_01405.wav	ᱩᱱᱤ ᱠᱩᱲᱤ ᱜᱤᱫᱨᱟᱹ ᱮ ᱢᱮᱱᱠᱮᱫᱟ ᱫᱟᱫᱟ ᱛᱮᱠᱚ ᱫᱚ ᱜᱮᱞᱵᱟᱨ ᱵᱩᱨᱩ ᱯᱟᱨᱚᱢ, ᱫᱤᱥᱚᱢ ᱛᱮ ᱵᱮᱯᱟᱨᱠᱚ ᱪᱟᱞᱟᱣ ᱟᱠᱟᱱᱟ।
train_santalimale_01406	wavs/train_santalimale_01406.wav	ᱢᱮᱱᱠᱷᱟᱱ ᱦᱤᱞᱤᱧ ᱛᱮᱠᱚ ᱫᱚ ᱵᱷᱩᱜᱟᱷ ᱴᱷᱤᱞᱤ ᱛᱮ ᱫᱟ: ᱤᱫᱤ ᱠᱚ ᱢᱮᱱᱠᱟᱣᱟᱫᱤᱧᱟ, ᱡᱩᱫᱤ ᱵᱟᱧ ᱤᱫᱤᱭᱟ ᱮᱱᱠᱷᱟᱱ ᱟᱹᱰᱤ ᱠᱚ ᱦᱟᱨᱚᱱ ᱤᱧᱟ, ᱚᱱᱟᱛᱤᱧ ᱨᱟ: ᱮᱫᱟ:।
train_santalimale_01407	wavs/train_santalimale_01407.wav	ᱠᱩᱲᱤ ᱜᱤᱫᱨᱟᱹ ᱨᱚᱲ ᱟᱧᱡᱚᱢᱠᱟᱛᱮ ᱢᱮᱱᱠᱮᱫᱟᱭ ᱫᱩ ᱴᱷᱤᱞᱤ ᱨᱮ ᱫᱟᱷ ᱞᱩᱭ ᱢᱮᱸ।
train_santalimale_01408	wavs/train_santalimale_01408.wav	ᱫᱟ: ᱞᱩ ᱡᱚᱠᱷᱚᱱ ᱜᱮ ᱩᱱᱤ ᱨᱚᱴᱮ ᱫᱚ ᱴᱷᱤᱞᱤ ᱨᱮ ᱯᱟᱭᱨᱟ ᱵᱚᱞᱚ ᱭᱮᱱᱟᱭ, ᱟᱨ ᱡᱟᱸᱦᱟ ᱨᱮ ᱵᱷᱩᱜᱟ: ᱛᱟᱸᱦᱮᱸᱠᱟᱱᱟ ᱚᱸᱰᱮ ᱫᱩᱰᱩᱵᱼᱟ ᱮᱱᱟᱭ।
train_santalimale_01409	wavs/train_santalimale_01409.wav	ᱮᱱᱠᱷᱟᱱ ᱫᱟ: ᱵᱟᱝ ᱡᱚᱨᱚᱞᱮᱱᱟ।
train_santalimale_01410	wavs/train_santalimale_01410.wav	ᱵᱷᱩᱜᱟ: ᱴᱷᱤᱞᱤ ᱨᱮ ᱫᱟ: ᱟᱹᱜᱩ ᱧᱮᱞᱛᱮ ᱩᱱᱚᱠᱩ ᱵᱟᱦᱩᱠᱩᱲᱤ ᱪᱮᱫᱼᱟᱦᱚᱸ ᱵᱟᱝᱠᱚ ᱢᱮᱱ ᱫᱟᱲᱮᱹ ᱟᱹᱫᱮᱭᱟ।
train_santalimale_01411	wavs/train_santalimale_01411.wav	ᱫᱚᱥᱟᱨ ᱫᱤᱱ ᱟᱨ ᱦᱚᱸ, ᱩᱱᱤ ᱢᱟᱹᱤ ᱜᱤᱫᱨᱟᱹ ᱫᱚ ᱵᱩᱨᱩ ᱠᱷᱚᱱ ᱛᱟᱹᱨᱩᱵᱼᱟ ᱛᱚᱣᱟ ᱟᱨ ᱵᱟᱱᱟ ᱩᱯ ᱨᱟᱱᱞᱟᱹᱜᱤᱫᱼᱟᱛᱮ ᱟᱜᱩᱠᱚ ᱢᱮᱛᱟ ᱫᱮᱭᱟ।
train_santalimale_01412	wavs/train_santalimale_01412.wav	ᱮᱱᱠᱷᱟᱱ ᱩᱱᱤ ᱠᱩᱲᱤ ᱜᱤᱫᱨᱟᱹ ᱫᱚ ᱜᱚᱴᱟ ᱵᱩᱨᱩ ᱛᱟᱹᱨᱩᱵᱼᱟ ᱟᱨ ᱵᱟᱱᱟ ᱮ ᱯᱟᱱᱛᱮ ᱠᱮᱫᱼᱟ ᱠᱚᱣᱟ, ᱢᱮᱱᱠᱷᱟᱱ ᱚᱠᱟ ᱨᱮᱦᱚᱸ ᱵᱟᱝᱚᱮ ᱧᱟᱢ ᱫᱟᱲᱮᱹᱭᱟ: ᱠᱚᱣᱟ।
train_santalimale_01413	wavs/train_santalimale_01413.wav	ᱮᱱᱠᱷᱟᱱ ᱨᱟ: ᱨᱟᱷ ᱮ ᱪᱷᱩᱴᱟᱹᱣ ᱮᱱᱟ।
train_santalimale_01414	wavs/train_santalimale_01414.wav	ᱨᱟ: ᱟᱧᱡᱚᱢ ᱛᱮ ᱢᱟᱨᱟᱝ ᱵᱩᱨᱩ ᱟᱨ ᱦᱚᱸ ᱵᱟᱱᱟ ᱪᱤᱱᱛᱮ ᱦᱮᱡᱼᱟ ᱮᱱᱟᱭ ᱟᱨ ᱨᱟ: ᱨᱮᱱᱟ: ᱠᱟᱛᱷᱟ ᱮ ᱠᱩᱞᱤ ᱠᱮᱫᱮᱭᱟ।
train_santalimale_01415	wavs/train_santalimale_01415.wav	ᱮᱱᱠᱷᱟᱱ ᱩᱱᱤ ᱠᱩᱲᱤ ᱜᱤᱫᱨᱟᱹ ᱫᱚᱭ ᱞᱟᱭ ᱠᱮᱫᱼᱟ ᱟ ᱡᱮ ᱤᱧᱨᱮᱱ ᱦᱤᱞᱤ ᱛᱮᱠᱚ ᱣᱟᱱᱟ ᱩᱵᱼᱟ ᱠᱚ ᱨᱟᱱ ᱞᱟᱹᱜᱤᱫᱼᱟ, ᱢᱮᱱᱠᱷᱟᱱ ᱵᱟᱱᱟ ᱩᱵᱼᱟ ᱵᱟᱧ ᱧᱟᱢ ᱠᱚ ᱠᱟᱱᱟ, ᱩᱱᱟᱛᱤᱧ ᱨᱟ: ᱮᱫᱼᱟ ᱟ।
train_santalimale_01416	wavs/train_santalimale_01416.wav	ᱮᱱᱠᱷᱟᱱ ᱵᱟᱱᱟ ᱮ ᱢᱮᱱᱠᱮᱫᱼᱟ ᱟ ᱢᱟ ᱛᱚᱵᱮ ᱤᱧᱟᱷ ᱫᱮᱭᱟ ᱨᱮᱭᱟ ᱩᱵᱼᱟ ᱛᱩᱫᱼᱟ ᱢᱮᱸ ᱟᱨ ᱟᱢ ᱦᱤᱞᱤ ᱛᱮᱠᱚ ᱤᱫᱤᱭᱟᱠᱚ ᱢᱮᱸ।
train_santalimale_01417	wavs/train_santalimale_01417.wav	ᱠᱷᱟᱱᱜᱮ ᱩᱱᱤ ᱜᱤᱫᱨᱟᱹ ᱫᱚ ᱵᱟᱱᱟᱣᱟ: ᱩᱯ ᱮ ᱛᱩᱫ ᱠᱮᱫᱼᱟ ᱟ।
train_santalimale_01418	wavs/train_santalimale_01418.wav	ᱩᱱᱤ ᱠᱩᱲᱤ ᱜᱤᱫᱨᱟᱹ ᱫᱚ ᱟᱨ ᱦᱚᱸ ᱛᱟᱹᱨᱩᱵᱼᱟ ᱛᱚᱣᱟ ᱞᱟᱹᱜᱤᱫᱼᱟ ᱮ ᱨᱟ: ᱮ ᱮᱭᱦᱚᱵᱼᱟ ᱠᱮᱫᱼᱟ ᱟ।
train_santalimale_01419	wavs/train_santalimale_01419.wav	ᱨᱟ: ᱟᱧᱡᱚᱢᱛᱮ ᱢᱤᱫᱼᱟ ᱛᱟᱹᱨᱩᱵᱼᱟ ᱮᱭᱸᱜᱟᱹᱭ ᱦᱮᱡᱼᱟ ᱮᱱᱟᱭ।
train_santalimale_01420	wavs/train_santalimale_01420.wav	ᱟᱨ ᱟᱡᱟ: ᱨᱟ: ᱨᱮᱱᱟ: ᱠᱟᱛᱷᱟ ᱮ ᱠᱩᱞᱤ ᱠᱮᱫᱮᱭᱟ।
train_santalimale_01421	wavs/train_santalimale_01421.wav	ᱩᱱᱤ ᱠᱩᱲᱤ ᱜᱤᱫᱨᱟᱹᱭ ᱞᱟᱹᱤᱠᱮᱫᱼᱟ ᱟ ᱡᱮ ᱤᱧ ᱨᱮᱱ ᱵᱟᱨᱜᱮᱞᱚᱯᱩᱱ ᱵᱚᱭᱦᱟ ᱵᱮᱯᱟᱨ ᱞᱟᱹᱜᱤᱫᱼᱟᱛᱮ ᱟᱹᱰᱤ ᱥᱟᱹᱜᱤᱧᱠᱚ ᱪᱟᱞᱟᱣ ᱟᱠᱟᱱᱟ।
train_santalimale_01422	wavs/train_santalimale_01422.wav	ᱟᱨ ᱤᱧᱨᱮᱱ ᱦᱤᱞᱤ ᱛᱮᱠᱚ ᱛᱟᱹᱨᱩᱵᱼᱟ ᱛᱚᱣᱟ, ᱨᱟᱱ ᱞᱟᱹᱜᱤᱛ ᱠᱚ ᱧᱟᱢ ᱠᱟᱱᱟ, ᱢᱮᱱᱠᱷᱟᱱ ᱛᱟᱹᱨᱩᱵᱼᱟ ᱛᱚᱣᱟ ᱪᱮᱠᱟᱧ ᱧᱟᱢᱟ, ᱚᱱᱟ ᱞᱟᱹᱜᱤᱫᱼᱟ ᱛᱮ ᱨᱟ: ᱨᱟ: ᱠᱟᱱᱟᱧ।
train_santalimale_01423	wavs/train_santalimale_01423.wav	ᱛᱟᱹᱨᱩᱵᱼᱟ ᱮᱸᱜᱟᱣᱟ ᱠᱟᱛᱷᱟ ᱞᱮᱠᱟᱛᱮ ᱠᱩᱲᱤ ᱜᱤᱫᱨᱟᱹ ᱫᱚ ᱥᱟᱠᱟᱢ ᱦᱮᱴᱮᱡᱼᱟ ᱠᱟᱛᱮ ᱯᱷᱩᱲᱩᱹ ᱮ ᱵᱮᱱᱟᱣᱠᱮᱫᱼᱟ ᱟ ᱟᱨ ᱚᱱᱟᱨᱮ ᱛᱚᱣᱟ ᱮ ᱮᱢᱟ ᱫᱮᱭᱟ।
train_santalimale_01424	wavs/train_santalimale_01424.wav	ᱛᱟᱨᱩᱯ ᱠᱩᱞ ᱮᱸᱜᱟ: ᱛᱚᱣᱟ ᱟᱨ ᱵᱟᱱᱟ ᱩᱯ ᱧᱟᱢ ᱠᱟᱛᱮ ᱠᱩᱲᱤ ᱜᱤᱫᱨᱟᱹ ᱫᱚ ᱵᱩᱨᱩ ᱠᱷᱚᱱ ᱚᱲᱟᱹ: ᱛᱮᱭ ᱨᱩᱣᱟᱹᱲ ᱪᱟᱞᱟᱣ ᱮᱱᱟ।
train_santalimale_01425	wavs/train_santalimale_01425.wav	ᱟᱭᱚᱡᱼᱟ ᱨᱮᱱ ᱦᱤᱞᱤ ᱛᱟᱨᱩᱯ ᱛᱚᱣᱟ ᱟᱨ ᱵᱟᱱᱟ ᱩᱯᱠᱚ ᱧᱟᱢ ᱠᱮᱫᱼᱟ ᱠᱷᱟᱱ ᱪᱮᱫᱼᱟ ᱦᱚᱸ ᱵᱟᱝᱠᱚ ᱪᱮᱠᱟ ᱫᱟᱲᱮᱹ ᱟᱹᱫᱮᱭᱟ।
train_santalimale_01426	wavs/train_santalimale_01426.wav	ᱟᱨ ᱦᱚᱸ ᱢᱤᱫᱼᱟᱫᱤᱱ, ᱩᱱᱠᱩ ᱵᱟᱹᱦᱩ ᱠᱩᱲᱤ ᱫᱚ ᱩᱱᱤ ᱤᱨᱤᱞᱤᱠᱩᱲᱤ ᱛᱟᱠᱚ ᱦᱟᱨᱚᱱᱮ ᱞᱟᱹᱜᱤᱫᱼᱟ ᱛᱮ ᱦᱮᱥᱟ: ᱥᱟᱠᱟᱢ ᱥᱤᱫᱼᱟ ᱢᱤᱫᱼᱟᱫᱤᱱ ᱜᱟᱰᱟ ᱫᱷᱟᱨᱮ ᱛᱮ ᱠᱚ ᱤᱫᱤ ᱠᱮᱫᱮᱭᱟ।
train_santalimale_01427	wavs/train_santalimale_01427.wav	ᱟᱨ ᱠᱚ ᱢᱮᱛᱟ: ᱫᱮᱭᱟ ᱟᱢ ᱫᱚ ᱰᱟᱸᱜᱣᱟ ᱠᱩᱲᱤ ᱠᱟᱱᱟᱢ, ᱟᱢᱜᱮ ᱦᱮᱸᱥᱟ: ᱫᱟᱨᱮ ᱫᱚ ᱫᱮᱡᱚ: ᱛᱟᱵᱚᱱ ᱢᱮ ᱟᱨ ᱦᱮᱸᱥᱟ ᱟᱲᱟᱹ: ᱥᱤᱫᱼᱟ ᱟᱸᱲᱜᱚᱭᱢᱮ।
train_santalimale_01428	wavs/train_santalimale_01428.wav	ᱮᱱᱠᱷᱟᱱ ᱩᱱᱤ ᱠᱩᱲᱤ ᱜᱤᱫᱨᱟᱹ ᱫᱚ ᱟᱭᱚᱡᱼᱟ ᱦᱤᱞᱤ ᱛᱮᱠᱚᱣᱟ: ᱠᱟᱛᱷᱟ ᱞᱮᱠᱟᱛᱮ ᱦᱮᱸᱥᱟ ᱟᱲᱟᱹ: ᱥᱤᱫᱼᱟ ᱦᱮᱸᱥᱟ ᱫᱟᱨᱮ ᱨᱮᱠᱚ ᱫᱮᱡᱼᱟ ᱠᱟᱫᱮᱭᱟ।
train_santalimale_01429	wavs/train_santalimale_01429.wav	ᱮᱱᱠᱷᱟᱱ ᱩᱱᱠᱟ ᱵᱟᱹᱦᱩ ᱠᱩᱲᱤ ᱫᱚ ᱟᱹᱴᱩ ᱯᱟᱹᱴᱩ ᱫᱟᱨᱮ ᱛᱮ ᱡᱟᱹᱱᱩᱢ ᱛᱮᱠᱚ ᱮᱥᱮᱫᱼᱟ ᱠᱮᱫᱼᱟ ᱟ।
train_santalimale_01430	wavs/train_santalimale_01430.wav	ᱟᱨ ᱤᱨᱤᱞ ᱠᱩᱲᱤ ᱫᱚ ᱚᱱᱟ ᱫᱟᱨᱮ ᱨᱮᱜᱮ ᱠᱚ ᱵᱟᱹᱜᱤ ᱦᱚᱴᱚ ᱟᱹᱫᱮᱭᱟ।
train_santalimale_01431	wavs/train_santalimale_01431.wav	ᱟᱫᱚᱠᱷᱟᱱ ᱩᱱᱤ ᱠᱩᱲᱤ ᱜᱤᱫᱨᱟᱹ ᱫᱚ ᱫᱟᱨᱮ ᱠᱷᱚᱱ ᱵᱟᱝᱮ ᱟᱸᱲᱜᱚ ᱫᱟᱲᱮᱹᱭᱟ: ᱱᱟ।
train_santalimale_01432	wavs/train_santalimale_01432.wav	ᱫᱟᱨᱮ ᱨᱮᱱᱟ: ᱟᱲᱟᱹ: ᱥᱟᱠᱟᱢ ᱫᱤᱱ ᱫᱤᱱᱛᱮ ᱡᱚᱢ ᱪᱟᱵᱟ ᱠᱮᱫᱼᱟ ᱟᱭ।
train_santalimale_01433	wavs/train_santalimale_01433.wav	ᱚᱱᱠᱟ ᱚᱱᱠᱟᱛᱮ ᱢᱤᱫᱼᱟ ᱥᱮᱨᱢᱟ ᱫᱤᱱᱜᱟᱱᱮ ᱛᱟᱸᱦᱮᱸᱮᱱᱟ।
train_santalimale_01434	wavs/train_santalimale_01434.wav	ᱱᱚᱛᱮ ᱟᱭᱚᱡᱼᱟ ᱨᱮᱱ ᱫᱟᱫᱟ ᱛᱮ ᱠᱚ ᱦᱚᱸ ᱵᱟᱝᱠᱚ ᱨᱩᱣᱟᱹᱰ ᱦᱤᱡᱩᱷ ᱠᱟᱱᱟ।
train_santalimale_01435	wavs/train_santalimale_01435.wav	ᱮᱱᱠᱷᱟᱱ ᱫᱟᱨᱮ ᱨᱮᱱᱟ ᱥᱟᱠᱟᱢ ᱪᱟᱵᱟᱭᱮᱱᱟ, ᱡᱚᱢ ᱞᱟᱹᱜᱤᱫᱼᱟ ᱥᱟᱠᱟᱢᱜᱮ ᱵᱟᱭ ᱧᱟᱢᱞᱮᱫᱼᱟ ᱟ, ᱮᱱᱠᱷᱟᱱ ᱩᱱᱤ ᱫᱟᱨᱮ ᱨᱮᱱᱟ: ᱜᱚᱭᱚᱡᱼᱟ ᱲᱟᱹᱨ ᱛᱮ ᱫᱮᱡᱼᱟ ᱨᱟᱠᱟᱵᱼᱟ ᱮᱱᱟᱭ।
train_santalimale_01436	wavs/train_santalimale_01436.wav	ᱢᱟᱨᱟᱝ ᱵᱩᱨᱩ ᱵᱤᱱᱛᱤ ᱱᱮᱦᱚᱨᱟᱫᱮᱭᱟᱭ।
train_santalimale_01437	wavs/train_santalimale_01437.wav	ᱧᱮᱞ ᱧᱮᱞᱛᱮ ᱠᱟᱤᱪ ᱠᱟᱤᱪ ᱛᱮ ᱩᱱᱤ ᱠᱩᱲᱤ ᱜᱤᱫᱨᱟᱹ ᱫᱚ ᱞᱩᱢᱟᱝ ᱞᱮᱠᱟᱭ ᱛᱤᱞ ᱮᱱᱟ ᱟᱨ ᱚᱱᱟ ᱲᱟᱹᱨ ᱨᱮᱜᱮ ᱛᱟᱸᱦᱮᱸᱮᱱᱟᱭ।
train_santalimale_01438	wavs/train_santalimale_01438.wav	ᱟᱭᱢᱟ ᱫᱤᱱ ᱯᱟᱨᱟᱢ ᱮᱱᱟ, ᱢᱤᱫᱼᱟᱫᱤᱱ ᱩᱱᱠᱩ ᱵᱟᱥᱠᱮ ᱠᱚᱲᱟᱹ ᱠᱚ ᱫᱚ ᱵᱮᱯᱟᱨ ᱵᱟᱱᱤᱡᱼᱟ ᱠᱷᱚᱱ ᱚᱲᱟᱹᱷ ᱛᱮᱠᱚ ᱨᱩᱣᱟᱹᱲ ᱦᱤᱡᱩᱷ ᱠᱟᱱᱟ।
train_santalimale_01439	wavs/train_santalimale_01439.wav	ᱩᱱᱡᱚᱦᱚ: ᱩᱱᱠᱩ ᱫᱚ ᱚᱱᱟ ᱜᱟᱰᱟ ᱫᱷᱟᱨᱮ ᱨᱮᱱᱟ: ᱦᱮᱸᱥᱟ ᱫᱟᱨᱮ ᱵᱩᱴᱟᱹ ᱨᱮ ᱠᱚ ᱡᱤᱨᱟᱹᱣ ᱮᱱᱟ।
train_santalimale_01440	wavs/train_santalimale_01440.wav	ᱚᱸᱰᱮᱜᱮ ᱫᱟᱠᱟ ᱩᱛᱩ ᱠᱚ ᱵᱮᱱᱟᱣᱠᱮᱫᱼᱟ ᱟ।
train_santalimale_01441	wavs/train_santalimale_01441.wav	ᱩᱢ ᱯᱷᱟᱨᱪᱟ ᱠᱟᱛᱮ ᱫᱟᱠᱟ ᱠᱚ ᱡᱚᱢᱚᱮᱫᱼᱟ ᱛᱟᱸᱦᱮᱸᱠᱟᱱᱟ, ᱩᱱᱡᱚᱦᱚ: ᱦᱚᱯᱚᱱ ᱩᱛᱟᱨᱤᱡᱼᱟ ᱵᱚᱭᱦᱟᱣᱟᱷ ᱯᱟᱛᱲᱟᱹ ᱫᱟᱠᱟ ᱨᱮ ᱢᱤᱫᱼᱟᱴᱷᱮᱱ ᱢᱮᱫᱼᱟᱫᱟ ᱧᱩᱨ ᱮᱱᱟ, ᱦᱩᱲᱤᱹᱧ ᱩᱛᱟᱨᱤᱡᱼᱟ ᱵᱚᱭᱦᱟ ᱫᱚ ᱪᱚᱴᱥᱮᱫᱼᱟ ᱮ ᱠᱚᱭᱚᱷ ᱨᱟᱠᱟᱯ ᱠᱮᱫᱼᱟ ᱟᱭ।
train_santalimale_01442	wavs/train_santalimale_01442.wav	ᱧᱮᱞ ᱧᱟᱢᱠᱮᱫᱼᱟ ᱟᱭ ᱪᱚᱴ ᱲᱟᱹᱨ ᱨᱮ ᱢᱤᱫᱼᱟᱴᱟᱝ ᱞᱩᱢᱟᱝᱞᱮᱠᱟ ᱪᱮᱫᱼᱟ ᱪᱚ ᱯᱚᱴᱞᱟ ᱠᱟᱛᱮ ᱢᱮᱱᱟ: ᱟ।
train_santalimale_01443	wavs/train_santalimale_01443.wav	ᱮᱱᱠᱷᱟᱱ ᱦᱩᱲᱤᱹᱧ ᱵᱚᱭᱦᱟ ᱫᱚ ᱫᱟᱨᱮ ᱪᱚᱴ ᱫᱮᱡᱼᱟᱠᱟᱛᱮ, ᱚᱱᱟ ᱞᱩᱢᱟᱝ ᱞᱮᱠᱟ ᱯᱚᱴᱞᱟ ᱟᱠᱟᱱ ᱥᱟᱠᱟᱢ ᱫᱩᱭᱟᱷ ᱫᱚᱭ ᱛᱤᱭᱩ: ᱟᱸᱰᱜᱚ ᱠᱮᱫᱼᱟ ᱟ, ᱚᱱᱟ ᱯᱚᱴᱞᱟ ᱨᱟᱲᱟᱹᱠᱟᱛᱮ ᱥᱟᱱᱟᱢ ᱵᱚᱭᱦᱟᱠᱚ ᱧᱮᱞ ᱠᱮᱫᱮᱭᱟ, ᱟᱠᱚᱨᱮᱱ ᱢᱤᱥᱮᱨᱟᱜᱮ ᱞᱩᱢᱟᱝ ᱞᱮᱠᱟ ᱯᱚᱴᱞᱟ ᱟᱠᱟᱱᱟᱭ।
train_santalimale_01444	wavs/train_santalimale_01444.wav	ᱮᱱᱠᱷᱟᱱ ᱩᱱᱠᱩ ᱫᱚ ᱟᱹᱴᱩ ᱯᱟᱹᱴᱩ ᱫᱟ: ᱟᱨ ᱡᱚᱢᱟᱠᱚ ᱮᱢᱟ ᱫᱮᱭᱟ।
train_santalimale_01445	wavs/train_santalimale_01445.wav	ᱟᱨ ᱟᱠᱚ ᱦᱚᱸᱠᱚ ᱡᱚᱢᱠᱮᱫᱼᱟ ᱟ।
train_santalimale_01446	wavs/train_santalimale_01446.wav	ᱡᱚᱢ ᱠᱮᱴᱮᱡᱼᱟ ᱮᱱᱠᱷᱟᱱ ᱠᱚ ᱥᱟᱱᱟᱢ ᱠᱟᱛᱷᱟ ᱠᱚᱭ ᱞᱟᱤ ᱟᱫᱼᱟ ᱠᱚᱣᱟ।
train_santalimale_01447	wavs/train_santalimale_01447.wav	ᱠᱟᱛᱷᱟᱠᱚ ᱟᱧᱡᱚᱢ ᱠᱟᱛᱮ ᱟᱭᱚᱡᱼᱟ ᱫᱟᱫᱟ ᱛᱮ ᱠᱚ ᱟᱹᱰᱤ ᱠᱚ ᱫᱩᱠ ᱵᱷᱟᱣᱟᱱᱟᱭᱮᱱᱟ ᱟᱨ ᱚᱲᱟᱹᱷ ᱛᱮᱠᱚ ᱪᱟᱞᱟᱣᱮᱱᱟ।
train_santalimale_01448	wavs/train_santalimale_01448.wav	ᱵᱟᱨᱚᱥᱤᱧ ᱯᱮ ᱢᱟᱦᱟ ᱛᱟᱭᱚᱢ, ᱩᱱᱠᱩ ᱵᱟᱥᱠᱮ ᱵᱚᱭᱦᱟ ᱫᱚ ᱟᱠᱚᱨᱮᱱ ᱵᱟᱦᱩᱠᱚ, ᱟᱠᱚᱨᱮᱱ ᱢᱤᱥᱮᱨᱟ ᱵᱟᱵᱚᱫᱼᱟ ᱠᱚ ᱠᱩᱞᱤ ᱠᱮᱫᱼᱟᱠᱚᱣᱟ।
train_santalimale_01449	wavs/train_santalimale_01449.wav	ᱢᱮᱱᱠᱷᱟᱱ ᱵᱟᱹᱦᱩ ᱠᱩᱲᱤ ᱠᱚ ᱢᱮᱱᱠᱮᱫᱼᱟ ᱟ ᱤᱫᱩᱥᱮ ᱟᱯᱮᱨᱮᱱ ᱢᱤᱥᱮᱨᱟ ᱫᱚ ᱟᱞᱮ ᱫᱚ ᱵᱟᱞᱮ ᱧᱮᱞ ᱟᱠᱟᱫᱼᱟ ᱫᱮᱭᱟ।
train_santalimale_01450	wavs/train_santalimale_01450.wav	ᱜᱟᱛᱮ ᱠᱩᱲᱤ ᱠᱚ ᱥᱟᱸᱣ ᱥᱟᱠᱟᱢ ᱟᱹᱜᱩ ᱵᱤᱨᱛᱮ ᱪᱟᱞᱟᱣ ᱞᱮᱱᱟᱭ, ᱠᱩᱞ ᱪᱮ ᱵᱟᱱᱟ ᱛᱟᱱᱟ ᱮ ᱡᱚᱢ ᱟᱠᱟᱫᱼᱟ ᱫᱮᱭᱟ।
train_santalimale_01451	wavs/train_santalimale_01451.wav	ᱱᱚᱣᱟ ᱠᱟᱛᱷᱟ ᱟᱧᱡᱚᱢ ᱠᱟᱛᱮ ᱟᱭᱚᱡᱼᱟ ᱫᱟᱫᱟ ᱛᱮᱠᱚ ᱫᱚ ᱟᱨᱦᱚᱸ ᱟᱹᱰᱤ ᱠᱚ ᱨᱟᱹᱜᱤᱭᱮᱱᱟ, ᱟᱨ ᱟᱠᱚᱨᱮᱱ ᱵᱟᱹᱦᱩᱠᱚ ᱜᱚᱭᱚᱡᱼᱟ ᱠᱟᱠᱚ ᱨᱮᱱᱟ: ᱠᱟᱛᱷᱟᱠᱚ ᱢᱮᱱᱠᱮᱫᱼᱟ ᱟ।
train_santalimale_01452	wavs/train_santalimale_01452.wav	ᱩᱱᱠᱩ ᱵᱚᱭᱦᱟ ᱫᱚ ᱵᱟᱲᱜᱮ ᱨᱮ ᱠᱩᱧ ᱠᱚ ᱞᱟᱠᱮᱫᱼᱟ ᱟ।
train_santalimale_01453	wavs/train_santalimale_01453.wav	ᱠᱩᱧ ᱵᱟᱵᱼᱟᱞᱟ ᱧᱩᱛᱩᱢ ᱛᱮ, ᱠᱩᱧ ᱛᱮ ᱤᱫᱤᱠᱮᱫᱼᱟ ᱠᱚᱣᱟ ᱠᱚ ᱥᱟᱡᱟᱣ ᱥᱟᱯᱲᱟᱹᱣ ᱛᱩᱢᱫᱟ ᱮᱱᱮᱡᱼᱟ ᱥᱮᱨᱮᱧ ᱟᱛᱮ।
train_santalimale_01454	wavs/train_santalimale_01454.wav	ᱠᱩᱧ ᱵᱟᱵᱼᱟᱞᱟ ᱧᱩᱛᱩᱢ ᱛᱮ ᱵᱟᱹᱦᱩ ᱠᱩᱲᱤᱠᱚ ᱮᱱᱮᱡᱼᱟ ᱥᱮᱨᱮᱧ ᱮᱫᱼᱟ ᱛᱟᱸᱦᱮᱸᱠᱟᱱᱟ, ᱩᱱᱡᱚᱦᱚᱸ ᱟᱪᱠᱟᱜᱮ ᱩᱱᱚᱠᱩ ᱵᱟᱹᱦᱩ ᱠᱩᱲᱤ ᱠᱚ ᱫᱚ ᱠᱩᱧ ᱨᱮᱠᱚ ᱴᱷᱮᱞᱟᱣ ᱧᱩᱨ ᱠᱮᱫᱼᱟᱠᱚᱣᱟ, ᱟᱨ ᱦᱟᱥᱟ ᱛᱮᱠᱚ ᱛᱚᱯᱟᱠᱟᱫᱼᱟ ᱠᱚᱣᱟ।
train_santalimale_01455	wavs/train_santalimale_01455.wav	ᱚᱲᱟᱹ: ᱛᱮᱠᱚ ᱦᱮᱡᱼᱟ ᱮᱱᱟ।
train_santalimale_01456	wavs/train_santalimale_01456.wav	ᱵᱟᱨᱜᱮᱞᱚᱯᱩᱱ ᱵᱟᱥᱠᱮ ᱠᱚᱲᱟᱹᱠᱚ ᱫᱚ ᱟᱠᱚᱨᱮᱱ ᱢᱤᱥᱮᱨᱟ ᱫᱚ ᱟᱹᱰᱤ ᱡᱟᱸᱠ ᱡᱚᱢᱚᱠ ᱛᱮ ᱥᱚᱨᱮᱱ ᱠᱚᱲᱟᱹ ᱥᱟᱸᱣᱠᱚ ᱵᱟᱵᱼᱟᱞᱟ ᱠᱟᱫᱮᱭᱟ, ᱟᱨ ᱟᱠᱚ ᱫᱚ, ᱟᱨᱦᱚ ᱯᱷᱮᱨ ᱵᱮᱯᱟᱨ ᱵᱟᱱᱤᱡᱼᱟ ᱞᱟᱹᱜᱤᱫᱼᱟ ᱫᱤᱥᱚᱢ ᱠᱚ ᱚᱲᱚᱝ ᱮᱱᱟ।
train_santalimale_01457	wavs/train_santalimale_01457.wav	ᱢᱮᱱᱟᱠᱚ ᱩᱱ ᱠᱤᱱ ᱥᱚᱨᱮᱱ ᱠᱚᱲᱟᱹ ᱟᱨ ᱵᱟᱥᱠᱮ ᱠᱩᱲᱤ, ᱡᱟᱦᱟᱸᱭ ᱠᱚ ᱵᱟᱵᱼᱟᱞᱟᱞᱮᱫᱼᱟ ᱠᱤᱱᱟ, ᱩᱱᱚᱠᱤᱱ ᱨᱮᱱ ᱵᱚᱸᱥᱚ, ᱱᱤᱫᱼᱟ ᱥᱟᱱᱛᱟᱲ ᱥᱟᱸᱣᱛᱟ ᱨᱮ ᱫᱚ ᱛᱩᱲᱠᱩ ᱞᱩᱢᱟᱝ ᱥᱚᱨᱮᱱ ᱢᱮᱱᱛᱮ ᱠᱚ ᱵᱟᱰᱟᱭᱚ: ᱠᱟᱱᱟ।
train_santalimale_01458	wavs/train_santalimale_01458.wav	ᱠᱟᱛᱷᱟᱭ ᱢᱮᱱᱟᱠᱚ, ᱥᱮᱫᱟᱭ ᱪᱟᱭ ᱪᱟᱢᱯᱟᱜᱟᱲ ᱨᱮ ᱢᱟᱱᱣᱟᱠᱚ ᱛᱟᱸᱦᱮᱸᱠᱟᱱᱟ।
train_santalimale_01459	wavs/train_santalimale_01459.wav	ᱢᱟᱨᱰᱤ ᱟᱨ ᱠᱤᱥᱠᱩ ᱦᱚᱲ ᱛᱟᱞᱟᱨᱮ ᱟᱲᱤ ᱢᱟᱨᱟᱝ ᱛᱟᱯᱟᱢ ᱠᱟᱯᱷᱟᱨᱤᱭᱟᱣ ᱟᱨ ᱜᱚᱭᱚᱡᱼᱟ ᱜᱚᱯᱚᱡᱼᱟ ᱦᱩᱭᱞᱮᱱ ᱛᱟᱸᱦᱮᱸᱠᱟᱱᱟ।
train_santalimale_01460	wavs/train_santalimale_01460.wav	ᱢᱮᱱᱟᱠᱚ ᱢᱤᱫᱼᱟ ᱠᱤᱥᱠᱩ ᱠᱚᱲᱟᱹᱣᱟᱷ ᱱᱟᱹᱤᱦᱟᱨ ᱢᱟᱨᱰᱤ ᱠᱚ ᱚᱲᱟᱹ: ᱨᱮ ᱛᱟᱸᱦᱮᱸᱠᱟᱱᱟ।
train_santalimale_01461	wavs/train_santalimale_01461.wav	ᱢᱤᱫᱼᱟᱫᱤᱱ ᱠᱤᱥᱠᱩ ᱠᱚᱲᱟᱹ ᱫᱚ ᱟᱡᱟ: ᱱᱟᱹᱤᱦᱟᱨ ᱢᱟᱨᱰᱤᱠᱚ ᱚᱲᱟᱹ: ᱛᱮ ᱵᱟᱹᱦᱩ ᱟᱹᱜᱩ ᱯᱩᱸᱰ ᱥᱟᱫᱚᱢ ᱛᱮ ᱫᱮᱡᱼᱟᱠᱟᱛᱮ ᱪᱟᱞᱟᱣ ᱞᱮᱱ ᱛᱟᱸᱦᱮᱸᱠᱟᱱᱟᱭ।
train_santalimale_01462	wavs/train_santalimale_01462.wav	ᱩᱱᱤ ᱠᱤᱥᱠᱩ ᱠᱚᱲᱟᱹ ᱱᱟᱹᱤᱦᱟᱨ ᱨᱮ ᱟᱹᱰᱤ ᱫᱤᱱ ᱮ ᱛᱟᱸᱦᱮᱸᱭᱮᱱᱟ।
train_santalimale_01463	wavs/train_santalimale_01463.wav	ᱮᱱᱠᱷᱟᱱ ᱢᱟᱨᱰᱤᱠᱚ ᱫᱚ ᱡᱟᱸᱣᱟᱭᱟ: ᱱᱚᱣᱟ ᱠᱟᱹᱢᱤ ᱧᱮᱞᱛᱮ ᱵᱟᱝᱠᱚ ᱠᱩᱥᱤ: ᱠᱟᱱ ᱛᱟᱸᱦᱮᱸᱠᱟᱱᱟ।
train_santalimale_01464	wavs/train_santalimale_01464.wav	ᱮᱱᱠᱷᱟᱱ ᱩᱱᱠᱩ ᱫᱚ ᱢᱤᱫᱼᱟᱫᱤᱱ ᱠᱚ ᱢᱮᱛᱟᱫᱼᱟ ᱫᱮᱭᱟ ᱮ ᱦᱚ ᱡᱟᱸᱣᱟᱭ, ᱟᱵᱤᱱ ᱫᱚ ᱟᱯᱮ ᱚᱲᱟᱹ: ᱛᱮ ᱪᱟᱞᱟᱵᱤᱱ, ᱦᱚᱯᱚᱱ ᱮᱨᱟ ᱞᱮ ᱵᱤᱫᱟᱹᱭ ᱟᱵᱤᱱᱟ।
train_santalimale_01465	wavs/train_santalimale_01465.wav	ᱱᱟᱹᱤᱦᱟᱨ ᱨᱮ ᱱᱚᱣᱟ ᱠᱟᱛᱷᱟᱭ ᱟᱧᱡᱚᱢᱠᱮᱫᱼᱟ ᱠᱷᱟᱱ ᱠᱤᱥᱠᱩ ᱠᱚᱲᱟᱹ ᱫᱚ ᱟᱹᱰᱤᱛᱮᱫᱼᱟ ᱮ ᱨᱟᱹᱜᱤᱭᱮᱱᱟ।
train_santalimale_01466	wavs/train_santalimale_01466.wav	ᱡᱟᱸᱣᱟᱭ ᱦᱚᱲ ᱦᱩᱭᱠᱟᱛᱮ ᱱᱚᱝᱠᱟ ᱠᱚ ᱢᱮᱛᱟᱧᱟ।
train_santalimale_01467	wavs/train_santalimale_01467.wav	ᱮᱱᱠᱷᱟᱱ ᱢᱤᱫᱼᱟᱫᱤᱱ ᱩᱱᱤ ᱠᱤᱥᱠᱩ ᱠᱚᱲᱟᱹ ᱫᱚ ᱛᱟᱠ ᱧᱮᱞ ᱠᱟᱛᱮ ᱱᱟᱹᱤᱦᱟᱨ ᱨᱮᱱ ᱠᱮᱴᱮᱡᱼᱟ ᱟᱨᱟ:, ᱫᱟᱲᱮᱹ ᱟᱨ ᱪᱮᱦᱨᱟ ᱥᱟᱫᱚᱢ ᱧᱮᱞᱠᱟᱛᱮ, ᱚᱲᱟᱹ: ᱨᱮ ᱚᱠᱚᱭ ᱦᱚᱸ ᱵᱟᱝ ᱛᱟᱸᱦᱮᱸᱱ ᱚᱠᱛᱚ ᱨᱮ, ᱟᱫᱼᱟᱠᱤᱨ ᱠᱮᱫᱮᱭᱟᱭ।
train_santalimale_01468	wavs/train_santalimale_01468.wav	ᱩᱱᱡᱚᱦᱚᱸ: ᱢᱟᱨᱰᱤ ᱠᱚᱲᱟᱹ ᱠᱚ ᱫᱚ ᱟᱦᱟᱨ ᱞᱟᱛᱟᱨ ᱨᱮ ᱠᱚ ᱥᱤᱭᱩ: ᱠᱟᱱ ᱛᱟᱸᱦᱮᱸᱠᱟᱱᱟ।
train_santalimale_01469	wavs/train_santalimale_01469.wav	ᱩᱱᱡᱚᱦᱚ: ᱵᱟᱰᱟᱭ ᱧᱟᱢ ᱠᱮᱫᱼᱟᱟ ᱠᱚ ᱡᱮ ᱟᱠᱚ ᱨᱮᱱ ᱡᱟᱸᱣᱟᱭ ᱜᱚᱢᱠᱮᱫᱼᱟ ᱫᱚ ᱟᱠᱚ ᱨᱮᱱ ᱠᱮᱴᱮᱪ, ᱫᱟᱲᱮᱹ ᱟᱨ ᱪᱮᱦᱨᱟ ᱥᱟᱫᱚᱢ ᱮ ᱟᱛᱚᱠᱤᱨ ᱟᱠᱟᱫᱼᱟ ᱫᱮᱭᱟ।
train_santalimale_01470	wavs/train_santalimale_01470.wav	ᱮᱱᱠᱷᱟᱱ ᱩᱱᱠᱩ ᱟᱦᱟᱨ ᱞᱟᱛᱟᱨ ᱨᱮ ᱥᱤᱭᱩ: ᱠᱟᱱ ᱢᱟᱨᱰᱤ ᱠᱚᱲᱟᱹ ᱠᱚ ᱫᱚ ᱟᱠᱚ ᱨᱮᱱ ᱡᱟᱸᱣᱟᱭ ᱠᱚ ᱯᱟᱸᱡᱟ ᱠᱮᱫᱮᱭᱟ।
train_santalimale_01471	wavs/train_santalimale_01471.wav	ᱯᱟᱸᱡᱟ ᱯᱟᱸᱡᱟᱛᱮ ᱟᱠᱚ ᱨᱮᱱ ᱥᱟᱫᱚᱢ ᱠᱚ ᱯᱟᱸᱡᱟᱧᱟᱢ ᱠᱮᱫᱮᱭᱟ।
train_santalimale_01472	wavs/train_santalimale_01472.wav	ᱮᱱᱠᱷᱟᱱ ᱢᱟᱨᱰᱤ ᱠᱚᱭᱤᱡᱼᱟ ᱦᱩᱰᱤᱧ ᱠᱚᱲᱟᱹ ᱫᱚ ᱥᱟᱫᱚᱢ ᱪᱩᱯᱤ ᱨᱮ ᱥᱟᱵᱼᱟ ᱮᱱᱟᱭ।
train_santalimale_01473	wavs/train_santalimale_01473.wav	ᱢᱟᱨᱰᱤ ᱠᱚᱲᱟᱹᱠᱚ, ᱥᱟᱫᱚᱢ ᱪᱩᱯᱤ ᱨᱮᱠᱚ ᱥᱟᱵᱼᱟ ᱮᱱᱠᱷᱟᱱ ᱠᱤᱥᱠᱩ ᱠᱚᱲᱟᱹ ᱫᱚ ᱥᱟᱫᱚᱢ ᱵᱟᱹᱜᱤ ᱠᱟᱛᱮ ᱚᱲᱟᱹ: ᱛᱮᱭ ᱫᱟᱹᱲᱠᱮᱫᱼᱟ ᱟ।
train_santalimale_01474	wavs/train_santalimale_01474.wav	ᱚᱲᱟᱹ: ᱫᱟᱹᱲ ᱥᱮᱴᱮᱨ ᱠᱟᱛᱮ ᱥᱟᱱᱟᱢ ᱠᱟᱛᱷᱟ ᱮ ᱞᱟᱹᱤ ᱟᱫᱼᱟ ᱠᱚᱣᱟ।
train_santalimale_01475	wavs/train_santalimale_01475.wav	ᱮᱱᱠᱷᱟᱱ ᱩᱱᱤ ᱠᱤᱥᱠᱩ ᱠᱚᱲᱟᱹ ᱫᱚ ᱟᱠᱚ ᱨᱮᱱ ᱥᱤᱯᱟᱦᱤ, ᱥᱚᱨᱮᱱ ᱯᱟᱹᱨᱤᱥᱠᱚ ᱤᱫᱤ ᱠᱟᱛᱮ ᱥᱟᱫᱚᱢ ᱟᱹᱜᱩ ᱮ ᱪᱟᱞᱟᱣ ᱮᱱᱟ।
train_santalimale_01476	wavs/train_santalimale_01476.wav	ᱱᱚᱛᱮ ᱢᱟᱨᱰᱤ ᱠᱚᱲᱟᱹ ᱠᱚ ᱦᱚᱸ ᱟᱠᱚ ᱨᱮᱱ ᱵᱟᱦᱚᱧᱦᱟᱨ ᱦᱟᱸᱥᱫᱟ: ᱠᱚᱲᱟᱹ ᱤᱫᱤᱠᱟᱛᱮ, ᱥᱟᱫᱚᱢ ᱟᱹᱜᱩ ᱠᱚ ᱪᱟᱞᱟᱣ ᱮᱱᱟ।
train_santalimale_01477	wavs/train_santalimale_01477.wav	ᱠᱤᱥᱠᱩ ᱠᱚᱲᱟᱹ ᱫᱚ ᱥᱚᱨᱮᱱ ᱥᱤᱯᱟᱦᱤᱭᱟᱛᱮ ᱥᱟᱫᱚᱢ ᱠᱚ ᱫᱟᱞᱠᱟᱛᱮ ᱠᱚ ᱤᱫᱤᱭᱮ ᱠᱟᱱ ᱛᱟᱸᱦᱮᱸᱠᱟᱱᱟ।
train_santalimale_01478	wavs/train_santalimale_01478.wav	ᱩᱱᱡᱚᱦᱚᱷ ᱩᱱᱤ ᱟᱨᱟ: ᱥᱟᱫᱚᱢ ᱫᱚ ᱪᱤᱸᱟᱦᱟ ᱢᱮᱱᱠᱟᱛᱮ ᱠᱩᱲᱤᱹᱫᱼᱟ ᱮ ᱵᱮᱱᱟᱣᱮᱱᱟ, ᱟᱨ ᱫᱟᱨᱮ ᱪᱚᱴᱛᱮᱭ ᱩᱲᱟᱹᱣ ᱮᱱᱟ।
train_santalimale_01479	wavs/train_santalimale_01479.wav	ᱚᱱᱟ ᱚᱠᱛᱚ ᱨᱮ ᱢᱟᱨᱰᱤ ᱠᱚᱲᱟᱹ ᱫᱚ ᱚᱸᱰᱮᱠᱚ ᱥᱮᱴᱮᱨ ᱮᱱᱟ, ᱟᱨ ᱠᱤᱥᱠᱩ ᱠᱚ ᱢᱮᱛᱟᱠᱚ ᱠᱟᱱᱟ, ᱫᱟᱱᱤ ᱛᱟᱞᱮ ᱥᱟᱫᱚᱢ ᱮᱢᱟᱞᱮᱯᱮ, ᱵᱟᱝᱠᱷᱟᱱ ᱞᱮ ᱫᱟᱞᱯᱮᱭᱟ।
train_santalimale_01480	wavs/train_santalimale_01480.wav	ᱢᱮᱱᱠᱷᱟᱱ ᱥᱟᱫᱚᱢ ᱫᱚ ᱚᱠᱟ ᱨᱮ ᱠᱚ ᱧᱟᱢᱮᱭᱟ।
train_santalimale_01481	wavs/train_santalimale_01481.wav	ᱥᱟᱫᱚᱢ ᱢᱟ ᱪᱟᱸᱫᱚ ᱵᱚᱸᱜᱟᱣᱟ: ᱥᱚᱠᱷᱟ ᱛᱮ ᱠᱩᱲᱤᱹᱛ ᱵᱮᱱᱟᱣ ᱠᱟᱛᱮ ᱫᱟᱨᱮ ᱪᱚᱴ ᱨᱮᱭ ᱟᱵᱼᱟ ᱟᱠᱟᱱ।
train_santalimale_01482	wavs/train_santalimale_01482.wav	ᱮᱱᱠᱷᱟᱱ ᱠᱤᱥᱠᱩ ᱟᱨ ᱢᱟᱨᱰᱤ ᱦᱚᱲ ᱫᱚ ᱟᱹᱰᱤ ᱠᱷᱚᱪᱲᱟᱹᱠᱚ ᱛᱟᱯᱟᱢ ᱮᱱᱟ।
train_santalimale_01483	wavs/train_santalimale_01483.wav	ᱵᱚᱛᱚᱨ ᱛᱮ ᱢᱟᱨᱰᱤ ᱠᱚᱲᱟᱹ ᱫᱚ ᱠᱚ ᱫᱟᱹᱲ ᱧᱤᱨ ᱮᱱᱟ।
train_santalimale_01484	wavs/train_santalimale_01484.wav	ᱮᱱᱠᱷᱟᱱ ᱠᱤᱥᱠᱩ ᱠᱚᱲᱟᱹ ᱫᱚ ᱨᱟᱹᱜᱤ ᱛᱮ ᱢᱟᱨᱰᱤ ᱠᱚᱭᱤᱡᱼᱟ ᱵᱟᱦᱚᱧᱦᱟᱨ ᱫᱚ ᱠᱚ ᱢᱟ: ᱜᱚᱭᱚᱡᱼᱟ ᱠᱮᱫᱮᱭᱟ।
train_santalimale_01485	wavs/train_santalimale_01485.wav	ᱟᱨ ᱚᱲᱟᱹ: ᱛᱮ ᱠᱚ ᱨᱩᱣᱟᱹᱲ ᱪᱟᱞᱟᱣᱮᱱᱟ।
train_santalimale_01486	wavs/train_santalimale_01486.wav	ᱠᱤᱪᱷᱩ ᱫᱤᱱ ᱛᱟᱭᱚᱢ, ᱩᱱᱤ ᱢᱟᱨᱰᱤ ᱠᱚᱭᱤᱡᱼᱟ ᱥᱟᱫᱚᱢ ᱠᱩᱲᱤᱹᱛ ᱫᱚ ᱚᱱᱟ ᱫᱟᱨᱮ ᱨᱮᱜᱮ ᱛᱩᱠᱟᱹ ᱮ ᱵᱮᱱᱟᱣᱠᱮᱫᱼᱟ ᱟ।
train_santalimale_01487	wavs/train_santalimale_01487.wav	ᱩᱱᱤ ᱠᱩᱲᱤᱹᱛ ᱫᱚ ᱢᱟᱨᱰᱤ ᱠᱚᱣᱟ: ᱱᱟᱦᱮᱞ, ᱟᱨᱟᱸᱲ, ᱟᱲᱜᱚᱢ ᱠᱚ ᱟᱹᱜᱩ ᱠᱟᱛᱮ ᱢᱟᱨᱟᱝ ᱚᱠᱚᱭ ᱛᱩᱠᱟᱹ ᱮ ᱵᱮᱱᱟᱣ ᱥᱟᱫᱼᱟ ᱠᱮ: ᱟ, ᱠᱩᱲᱤᱹᱛ ᱟ: ᱱᱚᱣᱟ ᱠᱟᱹᱢᱤ ᱧᱮᱞᱛᱮ ᱩᱱᱚᱠᱩ ᱢᱟᱨᱰᱤ ᱦᱚᱲ ᱫᱚ ᱟᱹᱰᱤ ᱠᱚ ᱨᱟᱹᱜᱤᱭᱮᱱᱟ।
train_santalimale_01488	wavs/train_santalimale_01488.wav	ᱮᱱᱠᱷᱟᱱ ᱟᱠᱚ ᱨᱮᱱ ᱠᱟᱠᱟ ᱦᱚᱧᱦᱟᱨ ᱠᱚ ᱦᱚᱦᱚ ᱟᱹᱜᱩ ᱠᱮᱫᱮᱭᱟ, ᱟᱨ ᱩᱱᱤ ᱠᱩᱲᱤᱹᱛ ᱛᱩᱧ ᱜᱚᱭᱚᱪᱠᱚ ᱢᱮᱛᱟᱷ ᱫᱮᱭᱟ।
train_santalimale_01489	wavs/train_santalimale_01489.wav	ᱮᱱᱠᱷᱟᱱ ᱟᱠᱚ ᱨᱮᱱ ᱠᱟᱠᱟ ᱦᱚᱧᱦᱟᱨ ᱦᱟᱸᱥᱫᱟ ᱦᱚᱲ ᱫᱚ ᱩᱱᱤ ᱠᱩᱲᱤᱹᱛ ᱮ ᱛᱩᱧ ᱜᱚᱭᱚᱡᱼᱟ ᱠᱮᱫᱮᱭᱟ।
train_santalimale_01490	wavs/train_santalimale_01490.wav	ᱚᱫᱼᱟ ᱨᱮ ᱠᱩᱲᱤᱛ ᱮ ᱧᱩᱨ ᱮᱱᱟ ᱠᱩᱲᱤᱹᱛ ᱫᱚ ᱜᱮᱞᱵᱟᱨ ᱢᱚᱠᱟ ᱡᱟᱭᱜᱟ, ᱪᱩᱯᱤ ᱛᱮ ᱮᱥᱮᱫᱼᱟᱠᱮᱫᱼᱟ ᱟᱭ, ᱟᱨ ᱜᱮᱞᱵᱟᱨ ᱤᱥᱤ ᱢᱚᱠᱟ ᱢᱟᱭᱟᱝ ᱫᱚ ᱞᱤᱸᱜᱤᱭᱮᱱᱟ।
train_santalimale_01491	wavs/train_santalimale_01491.wav	ᱢᱮᱱᱟᱠᱚ, ᱩᱱᱠᱷᱟᱱ ᱜᱮ ᱦᱟᱸᱥᱫᱟ: ᱦᱚᱲᱠᱚ ᱫᱚ ᱪᱤᱞᱚᱵᱤᱸᱫᱷᱟ ᱦᱟᱸᱥᱫᱟ: ᱠᱷᱤᱞᱤ ᱠᱚ ᱦᱟᱹᱴᱤᱧ ᱠᱮᱫᱼᱟ ᱟ।
train_santalimale_01492	wavs/train_santalimale_01492.wav	ᱟᱨ ᱱᱤᱫᱼᱟ ᱩᱱᱠᱩ ᱨᱮᱱ ᱵᱚᱸᱥᱚ ᱜᱮ ᱪᱤᱞᱚᱵᱤᱸᱫᱷᱟ ᱦᱟᱸᱥᱫᱟ: ᱠᱚ ᱢᱮᱛᱟᱠᱚ ᱠᱟᱱᱟ।
train_santalimale_01493	wavs/train_santalimale_01493.wav	ᱠᱟᱛᱷᱟᱭ ᱢᱮᱱᱟᱠᱚ ᱥᱮᱫᱟᱭ ᱥᱚᱨᱚᱜᱚᱯᱩᱨᱤ ᱨᱮ ᱫᱚ ᱫᱮᱣᱚᱜᱩᱱ ᱠᱚᱣᱟ: ᱫᱩᱯᱩᱲᱚᱯ ᱥᱮᱨᱮᱢᱟ ᱨᱮ ᱢᱤᱫᱼᱟᱫᱷᱟᱣ ᱵᱟᱨᱫᱷᱟᱣ ᱦᱩᱭᱩ: ᱠᱟᱱ ᱛᱟᱸᱦᱮᱸᱠᱟᱱᱟ।
train_santalimale_01494	wavs/train_santalimale_01494.wav	ᱫᱩᱯᱩᱰᱩᱯ ᱨᱮ ᱫᱚ ᱪᱟᱥᱵᱟᱥ ᱵᱟᱵᱚᱫᱼᱟ ᱛᱮᱠᱚ ᱜᱟᱞᱢᱟᱨᱟᱣ ᱛᱟᱸᱦᱮᱸᱫᱼᱟ।
train_santalimale_01495	wavs/train_santalimale_01495.wav	ᱫᱩᱵᱚᱜᱩᱱ ᱠᱚ ᱫᱚ ᱟᱠᱚᱥᱮᱱ ᱫᱟ: ᱡᱟᱹᱲᱤ ᱱᱟᱯᱟᱭ ᱦᱩᱭᱩ: ᱟ, ᱚᱠᱟ ᱥᱮᱱ ᱫᱟ: ᱡᱟᱹᱲᱤ ᱵᱟᱝ ᱦᱩᱭᱩ: ᱟ, ᱟᱨ ᱚᱠᱟ ᱥᱮᱱ ᱠᱷᱚᱨᱟ ᱥᱤᱛᱩᱝ ᱦᱩᱭᱩ: ᱟ, ᱚᱱᱟᱠᱚ ᱜᱮ ᱠᱚ ᱠᱷᱟᱹᱲᱤ ᱢᱟᱴᱤᱭ ᱛᱟᱸᱦᱮᱸᱫᱼᱟ।
train_santalimale_01496	wavs/train_santalimale_01496.wav	ᱫᱮᱣᱚᱜᱩᱱ ᱠᱚ ᱨᱮᱱ ᱢᱟᱨᱟᱝ ᱵᱚᱸᱜᱟᱣᱟ ᱧᱩᱛᱩᱢ ᱫᱚ ᱥᱤᱸᱜᱵᱚᱸᱜᱟ ᱛᱟᱸᱦᱮᱸᱠᱟᱱᱟ।
train_santalimale_01497	wavs/train_santalimale_01497.wav	ᱩᱱᱤ ᱫᱚ ᱥᱟᱱᱟᱢ ᱠᱚ ᱟᱹᱰᱤ ᱠᱚ ᱢᱟᱱᱟᱣ ᱵᱟᱛᱟᱣᱮ ᱠᱟᱱ ᱛᱟᱸᱦᱮᱸᱠᱟᱱᱟ।
train_santalimale_01498	wavs/train_santalimale_01498.wav	ᱚᱱᱟᱛᱮ ᱚᱠᱟ ᱡᱚᱦᱚᱷ ᱫᱚ ᱟᱭᱚᱡᱼᱟ ᱥᱩᱨ ᱥᱩᱨᱛᱮᱠᱚ ᱫᱩᱰᱩᱵᱼᱟ ᱟᱹᱪᱩᱨᱚ: ᱟ, ᱟᱨ ᱚᱠᱟ ᱡᱚᱦᱚ: ᱫᱚ ᱟᱭᱚᱡᱼᱟ ᱠᱷᱚᱱ ᱯᱷᱟᱨᱟᱠ ᱯᱷᱟᱨᱟᱠ ᱛᱮ ᱠᱚ ᱫᱩᱰᱩᱵᱼᱟ ᱟᱹᱪᱩᱨᱚᱷ ᱟ।
train_santalimale_01499	wavs/train_santalimale_01499.wav	ᱥᱤᱸᱧᱵᱚᱸᱜᱟ ᱚᱠᱟ ᱡᱚᱦᱚ: ᱟᱡᱟ ᱥᱩᱨ ᱛᱮ ᱠᱚ ᱫᱩᱰᱩᱵᱼᱟ ᱟ ᱮᱱᱠᱷᱟᱱ ᱫᱚ ᱫᱟ: ᱡᱟᱹᱲᱤ ᱞᱟᱜᱮ ᱵᱟᱝᱮ ᱮ ᱦᱩᱭᱩ ᱚᱪᱚᱭᱟ।
train_santalimale_01500	wavs/train_santalimale_01500.wav	ᱟᱨ ᱚᱠᱟ ᱡᱚᱦᱚ: ᱫᱚ ᱟᱡ ᱠᱷᱚᱱ ᱯᱷᱟᱨᱟᱠ ᱛᱮ ᱠᱚ ᱫᱩᱰᱩᱵᱼᱟ ᱟᱹᱪᱩᱨᱚ: ᱟ ᱮᱱᱠᱷᱟᱱ ᱞᱚᱜᱚᱱ ᱮ ᱫᱟ: ᱡᱟᱲᱤᱭᱟᱠᱚᱣᱟ।
train_santalimale_01501	wavs/train_santalimale_01501.wav	ᱚᱱᱠᱟᱜᱮ ᱫᱷᱟᱹᱨᱛᱤᱯᱩᱨᱤ ᱨᱮ ᱦᱚᱸ ᱢᱤᱫᱼᱟᱴᱟᱝ ᱥᱫᱟᱜᱚᱨ ᱮ ᱛᱟᱸᱦᱮᱸᱠᱟᱱᱟ।
train_santalimale_01502	wavs/train_santalimale_01502.wav	ᱩᱱᱤ ᱥᱫᱟᱜᱚᱨ ᱧᱩᱛᱩᱢ ᱫᱚ ᱩᱥᱟᱵ ᱥᱫᱟᱜᱚᱨ।
train_santalimale_01503	wavs/train_santalimale_01503.wav	ᱩᱥᱟᱵ ᱥᱫᱟᱜᱚᱨ ᱫᱚ ᱥᱩᱠᱨᱤᱛᱮᱭ ᱪᱟᱥᱵᱟᱥ ᱠᱟᱱ ᱛᱟᱸᱦᱮᱸᱠᱟᱱᱟ।
train_santalimale_01504	wavs/train_santalimale_01504.wav	ᱩᱱᱤ ᱫᱚ ᱡᱟᱦᱟᱸᱡᱟᱦᱟᱸ ᱨᱮ ᱫᱟᱷ ᱡᱟᱹᱲᱤ ᱦᱩᱭᱩ: ᱟ, ᱱᱟᱯᱟᱭ ᱟᱱᱟᱡᱼᱟ ᱠᱚ ᱪᱟᱥᱵᱟᱥ ᱦᱩᱭᱩ: ᱟ, ᱚᱱᱠᱟ ᱚᱱᱠᱟ ᱛᱮ ᱪᱟᱥᱵᱟᱥ ᱤᱫᱤᱭᱮᱫᱼᱟ ᱛᱟᱸᱦᱮᱸᱠᱟᱱᱟᱭ।
train_santalimale_01505	wavs/train_santalimale_01505.wav	ᱚᱱᱟᱛᱮ ᱩᱱᱤ ᱥᱫᱟᱜᱚᱨ ᱫᱚ ᱟᱹᱰᱤ ᱮ ᱠᱤᱥᱟᱲᱞᱮᱱ ᱛᱟᱸᱦᱮᱸᱠᱟᱱᱟ।
train_santalimale_01506	wavs/train_santalimale_01506.wav	ᱢᱤᱫᱼᱟᱫᱷᱟᱣ ᱚᱱᱠᱟᱜᱮ ᱪᱟᱸᱣᱚᱨᱤᱭᱟ ᱴᱟᱸᱰᱤ ᱨᱮ ᱫᱮᱣᱚᱜᱩᱱ ᱠᱚ ᱪᱟᱥᱵᱟᱥ ᱵᱟᱵᱚᱫᱼᱟᱛᱮ ᱜᱟᱞᱢᱟᱨᱟᱣ ᱞᱟᱹᱜᱤᱫᱼᱟ ᱠᱚ ᱫᱩᱰᱩᱵᱼᱟ ᱟᱠᱟᱱᱟ।
train_santalimale_01507	wavs/train_santalimale_01507.wav	ᱩᱱᱡᱚᱦᱚᱷ ᱩᱥᱟᱵ ᱥᱫᱟᱜᱚᱨ ᱨᱮᱱ ᱢᱤᱨᱩᱪᱮᱸᱲᱮᱹ ᱫᱚ ᱩᱱᱠᱩᱣᱟ: ᱠᱟᱛᱷᱟ ᱟᱧᱡᱚᱢ ᱞᱟᱹᱜᱤᱫᱼᱟ ᱛᱮ ᱩᱠᱩ ᱩᱠᱩ ᱛᱮ ᱩᱱᱠᱩ ᱴᱷᱮᱱᱮ ᱪᱟᱞᱟᱣᱞᱮᱱ ᱛᱟᱸᱦᱮᱠᱟᱱᱟ।
train_santalimale_01508	wavs/train_santalimale_01508.wav	ᱩᱱᱡᱚᱦᱚᱷ ᱩᱱᱠᱩ ᱟᱹᱸᱠ ᱫᱟᱨᱮ ᱠᱚ ᱟᱲᱜᱚᱢ ᱵᱷᱤᱸᱛᱟᱲᱠᱟᱛᱮ ᱪᱟᱥ ᱞᱮᱠᱷᱟᱱ ᱱᱟᱯᱟᱭ ᱛᱮ ᱦᱩᱭᱩ: ᱟ।
train_santalimale_01509	wavs/train_santalimale_01509.wav	ᱱᱚᱣᱟ ᱫᱮᱣᱚᱜᱩᱱ ᱠᱚᱣᱟ: ᱠᱟᱛᱷᱟ ᱢᱤᱨᱩ ᱪᱮᱸᱲᱮᱹ ᱟᱧᱡᱚᱢ ᱠᱮᱫᱼᱟ ᱟᱭ।
train_santalimale_01510	wavs/train_santalimale_01510.wav	ᱟᱨ ᱟᱭᱚᱡᱼᱟ ᱨᱮᱱ ᱥᱫᱟᱜᱚᱨ ᱮ ᱞᱟᱭ ᱟᱹᱫᱮᱭᱟ।
train_santalimale_01511	wavs/train_santalimale_01511.wav	ᱮᱱᱠᱷᱟᱱ ᱩᱥᱟᱵ ᱥᱫᱟᱜᱚᱨ ᱫᱚ ᱟᱹᱸᱠ ᱫᱟᱨᱮ ᱟᱲᱜᱚᱢ ᱵᱷᱤᱸᱫᱟᱹᱲᱠᱟᱫᱼᱟ ᱱᱟᱭ।
train_santalimale_01512	wavs/train_santalimale_01512.wav	ᱥᱟᱨᱤ ᱥᱟᱨᱤ ᱜᱮ ᱟᱹᱸᱠ ᱫᱟᱨᱮ ᱫᱚ ᱫᱚᱡᱟᱭᱮᱱᱟ, ᱟᱨ ᱟᱹᱰᱤ ᱱᱟᱯᱟᱭ ᱟᱹᱸᱠ ᱛᱟᱠᱚ ᱦᱩᱭ ᱮᱱᱟ।
train_santalimale_01513	wavs/train_santalimale_01513.wav	ᱩᱥᱟᱣ ᱥᱫᱟᱜᱚᱨᱟ ᱪᱟᱥ ᱵᱟᱵᱚᱫᱼᱟᱛᱮ ᱠᱚ ᱵᱟᱰᱟᱭᱠᱮᱫᱼᱟ ᱠᱷᱟᱱ, ᱫᱮᱣᱚᱜᱩᱱ ᱠᱚ ᱫᱚ ᱫᱮᱣᱠᱚᱣᱟ ᱠᱟᱛᱷᱟ ᱩᱥᱟᱵ ᱥᱚᱫᱟᱜᱚᱨ ᱫᱚ ᱚᱠᱚᱭᱮ ᱞᱟᱹᱤ ᱟᱠᱟᱣᱟᱫᱼᱟ ᱫᱮᱭᱟ, ᱚᱱᱟ ᱯᱚᱨᱚᱠ ᱨᱮᱠᱚ ᱛᱟᱸᱦᱮᱸᱮᱱᱟ।
train_santalimale_01514	wavs/train_santalimale_01514.wav	ᱚᱱᱠᱟᱜᱮ ᱟᱨ ᱦᱚᱸ ᱢᱤᱫᱼᱟᱫᱤᱱ ᱫᱮᱣᱚᱜᱩᱱ ᱠᱚ ᱫᱚ ᱥᱮᱨᱢᱟ ᱯᱩᱨᱤ ᱨᱮ ᱠᱚ ᱜᱟᱞᱢᱟᱨᱟᱣ ᱠᱟᱱ ᱛᱟᱸᱦᱮᱸᱠᱟᱱ।
train_santalimale_01515	wavs/train_santalimale_01515.wav	ᱩᱱᱡᱚᱦᱚᱸ ᱧᱮᱞᱮᱭᱟᱠᱚ ᱢᱤᱫᱼᱟᱴᱟᱝ ᱢᱤᱨᱩᱪᱮᱸᱲᱮᱹ ᱟᱠᱚᱣᱟ: ᱠᱟᱛᱷᱟᱭ ᱟᱧᱡᱚᱢ ᱟᱠᱟᱫᱼᱟ ᱟ।
train_santalimale_01516	wavs/train_santalimale_01516.wav	ᱮᱱᱠᱷᱟᱱ ᱩᱱᱤ ᱥᱤᱧᱵᱚᱸᱜᱟ ᱫᱚᱭ ᱢᱮᱱᱠᱮᱫᱼᱟ ᱟ।
train_santalimale_01517	wavs/train_santalimale_01517.wav	ᱡᱮ ᱱᱮᱥ ᱫᱚ ᱟᱹᱸᱠ ᱟᱛᱟᱨ ᱜᱤᱲᱤᱠᱟᱛᱮ ᱛᱚᱨᱚᱡᱼᱟ ᱠᱚ ᱦᱟᱹᱨᱠᱟᱛᱮ ᱫᱤᱲᱜᱤ ᱨᱮ ᱥᱟᱸᱵᱟᱣᱠᱟ: ᱠᱷᱟᱱ ᱥᱟᱢᱟᱱᱚᱢ ᱥᱚᱱᱟᱜᱮ ᱵᱮᱱᱟ: ᱟ।
train_santalimale_01518	wavs/train_santalimale_01518.wav	ᱱᱚᱣᱟ ᱠᱟᱛᱷᱟ ᱫᱚ ᱢᱤᱨᱩᱪᱮᱸᱲᱮᱹ ᱮᱲᱮᱹᱭᱮ ᱞᱟᱹᱜᱤᱫᱼᱟ ᱛᱮ ᱥᱤᱧ ᱵᱚᱸᱜᱟ ᱫᱚᱭ ᱢᱮᱱᱠᱮᱫᱼᱟ ᱟ।
train_santalimale_01519	wavs/train_santalimale_01519.wav	ᱱᱚᱛᱮ ᱢᱤᱨᱩ ᱪᱮᱲᱮᱹ ᱫᱚ ᱱᱚᱣᱟ ᱠᱟᱛᱷᱟ ᱟᱧᱡᱚᱢ ᱥᱟᱸᱣᱛᱮᱜᱮ ᱫᱷᱟᱹᱨᱛᱤ ᱯᱩᱨᱤ ᱛᱮ ᱩᱲᱟᱹᱣ ᱠᱟᱛᱮ ᱜᱩᱛᱤᱠᱚᱭ ᱢᱮᱛᱟ: ᱠᱚᱣᱟ।
train_santalimale_01520	wavs/train_santalimale_01520.wav	ᱮᱱᱠᱷᱟᱱ ᱢᱤᱨᱩᱣᱟ: ᱠᱟᱛᱷᱟ ᱞᱮᱠᱟᱛᱮ ᱜᱩᱛᱤᱠᱚ ᱫᱚ ᱟᱹᱸᱠ ᱫᱟᱨᱮ ᱠᱚ ᱟᱛᱟᱨ ᱠᱮᱫᱼᱟ ᱟ।
train_santalimale_01521	wavs/train_santalimale_01521.wav	ᱥᱮᱸᱜᱮᱞ ᱫᱷᱩᱣᱟ ᱫᱚ ᱜᱚᱴᱟ ᱥᱨᱮᱢᱟ ᱫᱷᱩᱸᱫ ᱜᱮ ᱚᱴᱟᱝ ᱮᱱᱟ।
train_santalimale_01522	wavs/train_santalimale_01522.wav	ᱟᱹᱸᱠ ᱫᱟᱨᱮ ᱫᱚ ᱞᱚ ᱛᱚᱨᱚᱡᱼᱟ ᱮᱱᱟ।
train_santalimale_01523	wavs/train_santalimale_01523.wav	ᱮᱱᱠᱷᱟᱱ ᱩᱱᱠᱩ ᱦᱚᱲ ᱫᱚ ᱛᱚᱨᱚᱡᱼᱟ ᱠᱚ ᱫᱚ ᱢᱤᱫᱼᱟᱴᱟᱝ ᱫᱤᱲᱢᱤ ᱨᱮ ᱠᱚ ᱥᱟᱸᱵᱟᱣᱠᱟᱫᱼᱟ ᱱᱟ।
train_santalimale_01524	wavs/train_santalimale_01524.wav	ᱢᱤᱫᱼᱟᱫᱷᱟᱲᱤ ᱛᱟᱭᱚᱢ ᱩᱥᱟᱵ ᱥᱫᱟᱜᱚᱨ ᱫᱚ ᱨᱤᱱ ᱴᱟᱠᱟ ᱥᱤᱫᱤ ᱠᱷᱚᱱᱮ ᱨᱩᱣᱟᱹᱲ ᱦᱮᱡᱼᱟ ᱮᱱᱟ।
train_santalimale_01525	wavs/train_santalimale_01525.wav	ᱟᱹᱸᱠ ᱵᱟᱰᱜᱮ ᱨᱮ ᱟᱹᱸᱠ ᱫᱟᱨᱮ ᱵᱟᱸᱱᱩ ᱧᱮᱞᱛᱮ ᱠᱩᱞᱤ ᱠᱮᱫᱼᱟᱠᱚᱣᱟ।
train_santalimale_01526	wavs/train_santalimale_01526.wav	ᱮᱱᱠᱷᱟᱱ ᱢᱤᱨᱩ ᱪᱮᱸᱰᱮᱭ ᱢᱮᱱᱠᱮᱫᱼᱟ ᱟ ᱥᱮᱨᱢᱟᱯᱩᱨᱤ ᱨᱮ ᱫᱮᱣᱚᱜᱩᱱ ᱠᱚ ᱜᱟᱞᱢᱟᱨᱟᱣ ᱟᱠᱟᱫᱟ, ᱱᱮᱥ ᱫᱚ ᱟᱹᱸᱠ ᱟᱛᱟᱨ ᱠᱟᱛᱮ ᱛᱚᱨᱚᱡᱼᱟᱛᱮᱫᱼᱟ ᱡᱟᱣᱨᱟ ᱞᱮᱠᱷᱟᱱ ᱥᱚᱱᱟ ᱥᱟᱢᱟᱱᱚᱢ ᱦᱩᱭᱩ: ᱟ।
train_santalimale_01527	wavs/train_santalimale_01527.wav	ᱚᱱᱟᱛᱮ ᱟᱞᱮ ᱦᱚ ᱟᱹᱸᱠ ᱟᱛᱟᱨ ᱠᱟᱛᱮ ᱛᱚᱨᱚᱡᱼᱟᱛᱮᱫᱼᱟ ᱫᱚ ᱫᱤᱲᱢᱤ ᱨᱮᱞᱮ ᱥᱟᱸᱵᱟᱣ ᱟᱠᱟᱫᱼᱟ ᱟ।
train_santalimale_01528	wavs/train_santalimale_01528.wav	ᱱᱚᱣᱟ ᱠᱟᱛᱷᱟ ᱟᱧᱡᱚᱢ ᱠᱟᱛᱮ ᱩᱥᱟᱣ ᱥᱫᱟᱜᱚᱨ ᱫᱚ ᱣᱤᱲᱵᱷᱤ ᱴᱷᱮᱱᱮ ᱪᱟᱞᱟᱣ ᱮᱱᱟ ᱟᱨ ᱮ ᱧᱮᱞᱠᱮᱫᱼᱟ ᱟ ᱥᱟᱨᱤᱜᱮ, ᱟᱹᱸᱠ ᱛᱚᱨᱚᱡᱼᱟ ᱫᱚ ᱫᱤᱲᱢᱤ ᱨᱮ ᱠᱚ ᱫᱚᱦᱚ ᱟᱠᱟᱫᱟ।
train_santalimale_01529	wavs/train_santalimale_01529.wav	ᱢᱤᱨᱩᱣᱟ: ᱱᱚᱣᱟ ᱠᱟᱹᱢᱤ ᱧᱮᱞᱛᱮ ᱩᱥᱟᱣ ᱥᱫᱟᱜᱚᱨ ᱫᱚ ᱟᱹᱰᱤ ᱮ ᱨᱟᱹᱜᱤᱭᱮᱱᱟ।
train_santalimale_01530	wavs/train_santalimale_01530.wav	ᱨᱟᱹᱜᱤ ᱛᱮ ᱢᱤᱨᱩ ᱫᱚᱭ ᱫᱟᱞ ᱠᱮᱫᱮᱭᱟ।
train_santalimale_01531	wavs/train_santalimale_01531.wav	ᱮᱱᱠᱷᱟᱱ ᱢᱤᱨᱩ ᱫᱚ ᱢᱤᱫᱼᱟ ᱰᱚᱸᱰᱮᱠ ᱛᱮᱜᱮᱭ ᱜᱚᱭᱚᱡᱼᱟ ᱮᱱᱟ।
train_santalimale_01532	wavs/train_santalimale_01532.wav	ᱩᱥᱟᱣ ᱥᱫᱟᱜᱚᱨ ᱫᱚ ᱟᱨ ᱦᱚᱸ ᱛᱤᱲᱢᱤ ᱛᱮ ᱛᱚᱨᱚᱡᱼᱟ ᱧᱮᱞ ᱮ ᱵᱚᱞᱚᱭᱮᱱᱟ।
train_santalimale_01533	wavs/train_santalimale_01533.wav	ᱧᱮᱞᱟᱸᱭ ᱥᱟᱨᱤ ᱜᱮ ᱟᱹᱸᱠ ᱛᱚᱨᱚᱡᱼᱟ ᱫᱚ ᱥᱟᱢᱟᱱᱚᱢ ᱥᱚᱱᱟ ᱢᱤᱫᱼᱟ ᱫᱤᱲᱢᱤ ᱵᱮᱱᱟᱣ ᱟᱠᱟᱱᱟ।
train_santalimale_01534	wavs/train_santalimale_01534.wav	ᱢᱤᱨᱩ ᱪᱮᱲᱮᱹ ᱜᱚᱭᱚᱡᱼᱟ ᱮᱱᱠᱷᱟᱱ, ᱩᱥᱟᱣ ᱥᱫᱟᱜᱚᱨ ᱫᱚ ᱟᱲᱤ ᱮ ᱵᱷᱟᱣᱱᱟᱭᱮᱱᱟ ᱮᱱᱠᱷᱟᱱ ᱩᱱᱤ ᱪᱮᱲᱮᱹ ᱫᱚ ᱵᱟᱲᱜᱮ ᱨᱮ ᱤᱫᱤᱠᱟᱛᱮ ᱠᱚ ᱛᱚᱯᱟ ᱠᱟᱫᱮᱭᱟ।
train_santalimale_01535	wavs/train_santalimale_01535.wav	ᱚᱱᱟ ᱛᱚᱯᱟ ᱴᱷᱟᱝ ᱠᱷᱚᱱ ᱢᱤᱫᱼᱟᱴᱟᱝ ᱢᱤᱨᱩ ᱵᱟᱦᱟ ᱫᱟᱨᱮ ᱚᱢᱚᱱ ᱮᱱᱟ।
train_santalimale_01536	wavs/train_santalimale_01536.wav	ᱮᱱᱠᱷᱟᱱ ᱩᱱᱠᱟ ᱢᱟᱨᱰᱤ ᱨᱮᱱ ᱵᱟᱦᱩᱠᱚ ᱫᱚ ᱭᱟᱥᱤ ᱨᱮ ᱫᱷᱩᱣ ᱫᱤᱭᱟᱹᱰᱟ ᱵᱟᱹᱛᱤ ᱟᱹᱜᱩ ᱠᱟᱛᱮ ᱠᱚ ᱜᱚᱰ ᱡᱚᱦᱟᱨ ᱠᱮᱫᱟ।
train_santalimale_01537	wavs/train_santalimale_01537.wav	ᱢᱮᱱᱟᱠᱚ ᱩᱱᱠᱩ ᱢᱟᱨᱰᱤ ᱫᱚ ᱢᱤᱨᱩᱵᱟᱦᱟ ᱢᱟᱨᱰᱤ ᱠᱚ ᱢᱮᱛᱟ: ᱠᱚᱣᱟ।
train_santalimale_01538	wavs/train_santalimale_01538.wav	ᱩᱱᱠᱷᱚᱱ ᱜᱮ ᱢᱟᱨᱰᱤ ᱠᱩᱲᱤ ᱠᱚ ᱫᱚ ᱢᱤᱨᱩ ᱵᱟᱦᱟ ᱫᱚ ᱵᱟᱝᱠᱚ ᱡᱚᱴᱮᱫᱼᱟ ᱟ।
train_santalimale_01539	wavs/train_santalimale_01539.wav	ᱢᱮᱱᱟᱠᱚ ᱥᱮᱫᱟᱭ ᱯᱤᱞᱪᱩ ᱦᱟᱲᱟᱹᱢ ᱟᱨ ᱯᱤᱞᱪᱩ ᱵᱩᱲᱦᱤ ᱫᱚ ᱟᱠᱤᱱ ᱜᱮ ᱵᱚᱭᱦᱟ ᱠᱚᱲᱟᱹᱠᱩᱲᱤᱠᱤᱱ ᱵᱟᱵᱼᱟᱞᱟᱞᱮᱱ ᱛᱟᱸᱦᱮᱸᱠᱟᱱᱟ।
train_santalimale_01540	wavs/train_santalimale_01540.wav	ᱩᱱᱚᱠᱤᱱ ᱨᱮᱱ ᱫᱚ ᱮᱭᱟᱭ ᱠᱚᱲᱟᱹ ᱟᱨ ᱮᱭᱟᱭ ᱠᱩᱲᱤ ᱠᱚ ᱦᱩᱭᱞᱮᱱ ᱛᱟᱸᱦᱮᱸᱠᱟᱱ।
train_santalimale_01541	wavs/train_santalimale_01541.wav	ᱡᱮᱛᱮ ᱠᱷᱚᱱ ᱢᱟᱲᱟᱹᱝ ᱛᱮ ᱡᱟᱦᱟᱸᱭ ᱠᱩᱲᱤ ᱜᱤᱫᱨᱟᱹᱭ ᱡᱟᱱᱟᱢ ᱞᱮᱱᱟ ᱩᱱᱤ ᱫᱚ ᱟᱛᱱᱟ ᱥᱟᱠᱟᱢ ᱪᱮᱛᱟᱱ ᱨᱮ ᱦᱚᱵᱚᱨ ᱠᱟᱛᱮ ᱮᱭᱟᱭ ᱢᱟᱦᱟ ᱨᱮᱠᱤᱱ ᱪᱷᱟᱹᱴᱭᱟᱹᱨᱞᱮᱫᱮᱭᱟ, ᱟᱨ ᱦᱤᱥᱤ ᱢᱮᱱᱛᱮᱠᱤᱱ ᱧᱩᱛᱩᱢ ᱞᱮᱫᱮᱭᱟ।
train_santalimale_01542	wavs/train_santalimale_01542.wav	ᱯᱤᱞᱪᱩ ᱦᱟᱲᱟᱹᱢ ᱵᱩᱲᱦᱤ ᱛᱤᱠᱤᱱ ᱫᱚ ᱟᱠᱤᱱ ᱨᱮᱱ ᱜᱤᱫᱨᱟᱹᱠᱚ ᱟᱛᱮ ᱪᱟᱹᱭ ᱪᱟᱢᱯᱟ ᱪᱤᱨᱩᱱᱟᱜᱚᱨ ᱨᱮ ᱪᱟᱥᱵᱟᱥ ᱠᱟᱛᱮ ᱠᱤᱱ ᱟᱥᱩᱞᱚᱷ ᱠᱟᱱ ᱛᱟᱸᱦᱮᱸᱠᱟᱱᱟ।
train_santalimale_01543	wavs/train_santalimale_01543.wav	ᱪᱟᱥᱵᱟᱥ ᱫᱚ ᱜᱟᱰᱟ ᱫᱷᱟᱨᱮ ᱨᱮ ᱤᱲᱤ ᱜᱩᱸᱫᱞᱤ ᱟᱨ ᱮᱨᱵᱟᱠᱚ ᱠᱚ ᱪᱟᱥᱵᱟᱥ ᱮᱫᱼᱟ ᱛᱟᱸᱦᱮᱸᱠᱟᱱᱟ।
train_santalimale_01544	wavs/train_santalimale_01544.wav	ᱚᱱᱟ ᱯᱟᱲᱵᱟᱜᱟᱱ ᱛᱮ ᱫᱚ ᱢᱟᱨᱟᱝ ᱜᱤᱫᱨᱟᱹ ᱦᱤᱥᱤᱜᱮ ᱦᱚᱨᱦᱚᱸ ᱫᱚᱭ ᱪᱟᱞᱟ: ᱠᱟᱱ ᱛᱟᱸᱦᱮᱸᱠᱟᱱᱟ।
train_santalimale_01545	wavs/train_santalimale_01545.wav	ᱢᱮᱱᱠᱷᱟᱱ ᱚᱱᱟ ᱯᱟᱲ ᱵᱟᱜᱟᱱ ᱨᱮ ᱫᱚ ᱫᱤᱱᱟᱢ ᱜᱮ ᱧᱤᱫᱟ ᱵᱮᱲᱟᱹ ᱠᱷᱟᱱᱜᱮ ᱢᱤᱫᱼᱟᱴᱟᱝ ᱢᱩᱨᱩᱢ ᱮᱸᱜᱟ ᱟᱨ ᱦᱚᱯᱚᱱ ᱫᱚ ᱵᱷᱟᱜᱤ ᱞᱮᱠᱟ ᱤᱲᱤ, ᱮᱨᱵᱟ, ᱜᱩᱸᱫᱞᱤ ᱡᱚᱢᱚᱠᱤᱱ ᱯᱟᱨᱠᱟᱣᱞᱮᱱ ᱛᱟᱸᱦᱮᱸᱠᱟᱱ।
train_santalimale_01546	wavs/train_santalimale_01546.wav	ᱢᱤᱫᱼᱟᱫᱤᱱ ᱯᱤᱞᱪᱩ ᱦᱟᱲᱟᱹᱢ ᱯᱤᱞᱪᱩ ᱵᱩᱲᱦᱤ ᱦᱚᱯᱚᱱ ᱮᱨᱟ ᱦᱤᱥᱤ ᱫᱚ, ᱚᱲᱟᱹ: ᱨᱮ, ᱢᱩᱨᱩᱢ ᱮᱸᱜᱟ ᱪᱟᱥᱵᱟᱥ ᱡᱚᱢ ᱨᱮᱭᱟᱷ ᱠᱟᱛᱷᱟᱭ ᱞᱟᱹᱤ ᱟᱫᱼᱟᱠᱚᱣᱟ।
train_santalimale_01547	wavs/train_santalimale_01547.wav	ᱮᱱᱠᱷᱟᱱ ᱩᱱᱚᱠᱩ ᱫᱚ ᱯᱟᱲ ᱫᱷᱟᱨᱮ ᱫᱷᱟᱨᱮ ᱛᱮ ᱥᱩᱞᱟᱠ ᱠᱚ ᱵᱤᱫᱼᱟᱠᱟᱫᱼᱟ ᱱᱟ।
train_santalimale_01548	wavs/train_santalimale_01548.wav	ᱡᱟᱣ ᱫᱤᱱ ᱞᱮᱠᱟ ᱜᱮ ᱢᱩᱨᱩᱢ ᱮᱸᱜᱟ ᱫᱚ ᱤᱲᱤ ᱜᱩᱸᱫᱞᱤ ᱡᱚᱢ ᱮ ᱟᱸᱲᱜᱚ ᱦᱮᱡᱼᱟ ᱮᱱᱟ।
train_santalimale_01549	wavs/train_santalimale_01549.wav	ᱯᱟᱲ ᱵᱟᱜᱟᱱ ᱛᱮ ᱫᱚᱱ ᱯᱟᱨᱚᱢᱚ: ᱡᱚᱦᱚᱸ: ᱢᱩᱨᱩᱢ ᱮᱸᱜᱟ ᱫᱚ ᱥᱩᱞᱟᱠ ᱛᱮᱭ ᱵᱷᱚᱥᱟᱭᱮᱱᱟ।
train_santalimale_01550	wavs/train_santalimale_01550.wav	ᱮᱱᱠᱷᱟᱱ ᱩᱱᱤ ᱢᱩᱨᱩᱢ ᱮᱸᱜᱟ ᱛᱚ ᱥᱩᱞᱟᱠ ᱚᱨ ᱵᱚᱭᱚᱡᱼᱟ ᱠᱟᱛᱮ, ᱥᱟᱹᱞ ᱜᱟᱹᱰᱭᱟ ᱥᱮᱫᱼᱟ ᱮ ᱫᱟᱹᱲᱠᱮᱫᱼᱟ ᱟ, ᱦᱚᱯᱚᱱ ᱫᱚ ᱢᱩᱨᱩᱢ ᱮᱸᱜᱟ ᱛᱟᱭᱚᱢ ᱛᱟᱭᱚᱢᱛᱮᱭ ᱫᱟᱹᱲᱠᱮᱫᱼᱟᱟ।
train_santalimale_01551	wavs/train_santalimale_01551.wav	ᱢᱮᱱᱠᱷᱟᱱ ᱮᱸᱜᱟ ᱟᱨ ᱦᱚᱯᱚᱱ ᱫᱚ ᱚᱱᱟ ᱥᱟᱹᱞᱜᱟᱲᱭᱟ ᱨᱮᱠᱤᱱ ᱟᱯᱟᱫᱼᱟ ᱮᱱᱟ।
train_santalimale_01552	wavs/train_santalimale_01552.wav	ᱢᱩᱨᱩᱢ ᱦᱚᱯᱚᱱ ᱥᱟᱨᱟᱢ ᱫᱚ ᱥᱤᱧ ᱵᱤᱨ ᱥᱮᱫᱼᱟ ᱮ ᱫᱟᱹᱲ ᱠᱮᱫᱼᱟ ᱟ, ᱟᱨ ᱮᱸᱜᱟ ᱫᱚ ᱢᱟᱱᱚᱵᱤᱨ ᱥᱮᱫᱼᱟ ᱮ ᱫᱟᱹᱲᱠᱮᱫᱼᱟ ᱟ।
train_santalimale_01553	wavs/train_santalimale_01553.wav	ᱛᱟᱭᱚᱢ ᱛᱮ ᱢᱩᱨᱩᱢ ᱮᱸᱜᱟ ᱫᱚ ᱥᱟᱦᱟᱨ ᱵᱮᱲᱟᱹ ᱨᱮᱭ ᱜᱚᱭᱚᱡᱼᱟ ᱮᱱᱟ।
train_santalimale_01554	wavs/train_santalimale_01554.wav	ᱢᱩᱨᱩᱢ ᱦᱚᱯᱚᱱ ᱥᱟᱨᱟᱢ ᱫᱚ ᱢᱟᱨᱟᱝ ᱵᱩᱨᱩᱣᱟ: ᱫᱟᱭᱟ ᱛᱮ ᱥᱤᱧ ᱵᱤᱨ ᱨᱮᱱᱟ: ᱥᱤᱛᱟᱹᱱᱟᱞᱟ ᱨᱮ ᱢᱟᱱᱢᱤ ᱮ ᱵᱮᱱᱟᱣ ᱮᱱᱟ।
train_santalimale_01555	wavs/train_santalimale_01555.wav	ᱦᱟᱱᱛᱮ ᱯᱤᱞᱪᱩ ᱦᱟᱲᱟᱹᱢ ᱵᱩᱲᱦᱤ ᱨᱮᱱ ᱜᱮᱞᱵᱟᱨ ᱦᱚᱯᱚᱱ ᱠᱚ ᱫᱚ ᱢᱩᱨᱩᱢ ᱮᱸᱜᱟ ᱯᱟᱱᱛᱮ ᱠᱚ ᱞᱟᱹᱜᱟᱣ ᱮᱱᱟ।
train_santalimale_01556	wavs/train_santalimale_01556.wav	ᱢᱩᱨᱩᱢ ᱮᱸᱜᱟ ᱫᱚ ᱥᱟᱦᱟᱨ ᱵᱮᱲᱟᱹ ᱨᱮᱠᱚ ᱧᱟᱢ ᱠᱮᱫᱮᱭᱟ।
train_santalimale_01557	wavs/train_santalimale_01557.wav	ᱮᱱᱠᱷᱟᱱ ᱜᱮᱞᱵᱟᱨ ᱦᱚᱯᱚᱱ ᱫᱚ ᱩᱱᱤ ᱠᱚ ᱜᱮᱫᱼᱟ ᱠᱮᱫᱮᱭᱟ।
train_santalimale_01558	wavs/train_santalimale_01558.wav	ᱩᱱᱡᱚᱦᱚ ᱯᱤᱞᱪᱩ ᱦᱟᱲᱟᱹᱢ ᱟᱨ ᱯᱤᱞᱪᱩ ᱵᱩᱲᱦᱤ ᱫᱚ ᱥᱟᱹᱞᱜᱟᱲᱭᱟ ᱥᱤᱛᱟᱹᱱᱟᱞᱟ ᱥᱮᱫᱼᱟ ᱥᱟᱠᱟᱢ ᱦᱮᱡᱼᱟᱠᱤᱱ ᱪᱟᱞᱟᱣᱞᱮᱱᱟ।
train_santalimale_01559	wavs/train_santalimale_01559.wav	ᱩᱱᱡᱚᱦᱚᱷ ᱢᱩᱨᱩᱢ ᱦᱚᱯᱚᱱ ᱥᱟᱨᱟᱢ ᱫᱚ ᱢᱟᱱᱢᱤ ᱪᱤᱱᱛᱮᱠᱤᱱ ᱧᱟᱢ ᱠᱮᱫᱮᱭᱟ।
train_santalimale_01560	wavs/train_santalimale_01560.wav	ᱜᱤᱫᱨᱟᱹ ᱫᱚ ᱥᱟᱹᱞ ᱜᱟᱰᱭᱟ ᱨᱮ ᱦᱟᱠᱩ ᱠᱟᱴᱠᱚᱢ ᱮ ᱜᱚᱭᱚᱡᱼᱟ ᱮᱫᱼᱟᱠᱚ ᱛᱟᱸᱦᱮᱸᱠᱟᱱᱟ।
train_santalimale_01561	wavs/train_santalimale_01561.wav	ᱯᱤᱞᱪᱩ ᱦᱟᱲᱟᱹᱢ ᱯᱤᱞᱪᱩ ᱵᱩᱲᱦᱤ ᱫᱚ ᱩᱱᱤ ᱜᱤᱫᱨᱟᱹ ᱫᱚ ᱥᱚᱸᱜᱮ ᱛᱮ, ᱟᱠᱚ ᱴᱷᱮᱱᱚᱠᱤᱱ ᱤᱫᱤ ᱠᱮᱫᱮᱭᱟ।
train_santalimale_01562	wavs/train_santalimale_01562.wav	ᱯᱤᱞᱪᱩ ᱦᱚᱯᱚᱱ ᱠᱚ ᱫᱚ ᱥᱟᱨᱤ ᱥᱟᱨᱡᱚᱢ ᱵᱩᱴᱟᱹ ᱨᱮ ᱡᱤᱞᱠᱚ ᱜᱮᱜᱮᱫᱼᱟ ᱠᱟᱱ ᱛᱟᱸᱦᱮᱸᱱᱟ, ᱡᱤᱞ ᱜᱮᱫᱼᱟ ᱥᱟᱹᱛ ᱠᱟᱛᱮ ᱚᱸᱰᱮᱜᱮᱠᱚ ᱩᱛᱩ ᱠᱮᱫᱼᱟ ᱟ।
train_santalimale_01563	wavs/train_santalimale_01563.wav	ᱟᱨ ᱞᱮᱯᱮᱡᱼᱟ ᱛᱤᱨᱤᱞ ᱵᱩᱴᱟᱹ ᱨᱮ ᱠᱚ ᱦᱟᱹᱴᱤᱧᱠᱮᱫᱼᱟ ᱟ।
train_santalimale_01564	wavs/train_santalimale_01564.wav	ᱩᱱᱡᱚᱦᱚᱷ ᱩᱱᱠᱩ ᱯᱤᱞᱪᱩ ᱦᱟᱲᱟᱹᱢ ᱵᱩᱲᱦᱤ ᱦᱚᱯᱚᱱ ᱫᱚ ᱢᱩᱨᱩᱢ ᱮᱸᱜᱟ ᱜᱚᱭᱚᱡᱼᱟ ᱟᱠᱟᱛ ᱫᱮ ᱨᱮᱭᱟ: ᱠᱟᱛᱷᱟᱠᱚ ᱞᱟᱹᱭ ᱟᱫᱮᱭᱟ।
train_santalimale_01565	wavs/train_santalimale_01565.wav	ᱢᱩᱨᱩᱢ ᱮᱸᱜᱟ ᱡᱤᱞ ᱡᱚᱢᱠᱚ ᱫᱩᱰᱩᱵᱼᱟ ᱮᱱᱟ।
train_santalimale_01566	wavs/train_santalimale_01566.wav	ᱯᱤᱞᱪᱩ ᱦᱟᱲᱟᱹᱢ ᱵᱩᱲᱦᱤ ᱦᱚᱯᱚᱱ ᱠᱚ ᱡᱤᱞ ᱡᱚᱢ ᱡᱚᱦᱚ: ᱫᱚ ᱩᱱᱤ ᱧᱟᱢ ᱜᱤᱫᱨᱟᱹ ᱫᱚ, ᱦᱟᱠᱩᱭ ᱡᱚᱢᱠᱚ ᱛᱟᱸᱦᱮᱫᱼᱟ।
train_santalimale_01567	wavs/train_santalimale_01567.wav	ᱟᱨ ᱩᱱᱠᱩ ᱜᱮᱞᱵᱟᱨ ᱦᱚᱯᱚᱱ ᱡᱟᱝ ᱡᱚᱢ ᱡᱚᱦᱚ: ᱫᱚ ᱩᱱᱤ ᱜᱤᱫᱨᱟᱹ ᱫᱚ ᱠᱟᱴᱠᱚᱢ ᱮ ᱡᱚᱢᱠᱚ ᱛᱟᱸᱦᱮᱫᱼᱟ, ᱠᱟᱛᱷᱟᱭ ᱩᱱᱤ ᱜᱤᱫᱨᱟᱹ ᱫᱚ ᱮᱸᱜᱟᱛ ᱡᱤᱞ ᱵᱟᱭ ᱡᱚᱢᱮᱫᱼᱟ ᱛᱟᱸᱦᱮᱸᱠᱟᱱᱟ।
train_santalimale_01568	wavs/train_santalimale_01568.wav	ᱢᱩᱨᱩᱢ ᱮᱸᱜᱟ ᱡᱤᱞ ᱡᱚᱢ ᱡᱚᱦᱚᱷ ᱯᱤᱞᱪᱩ ᱦᱟᱲᱟᱹᱢ ᱵᱩᱲᱦᱤᱠᱤᱱ ᱢᱮᱱᱠᱮᱫᱼᱟ ᱟ ᱱᱩᱭ ᱧᱟᱢ ᱜᱤᱫᱨᱟᱹ ᱫᱚ ᱢᱩᱨᱩᱢ ᱮᱸᱜᱟ ᱜᱤᱫᱨᱟᱹ ᱠᱟᱱᱟᱭ।
train_santalimale_01569	wavs/train_santalimale_01569.wav	ᱡᱟᱦᱟᱸᱛᱤᱥ ᱢᱟᱱᱢᱤ ᱠᱚ ᱚᱡᱟᱹᱛᱭᱟᱹ ᱞᱮᱱᱠᱷᱟᱱ, ᱱᱩᱤ ᱢᱩᱨᱩᱢ ᱮᱸᱜᱟ ᱦᱚᱯᱚᱱ ᱢᱩᱨᱢᱩ ᱜᱮᱭ ᱡᱟᱹᱫᱼᱟ ᱛᱟᱞᱟ ᱵᱚᱱᱟ।
train_santalimale_01570	wavs/train_santalimale_01570.wav	ᱚᱱᱟᱛᱮ ᱱᱩᱤ ᱫᱚ ᱡᱟᱹᱛ ᱢᱩᱨᱢᱩ ᱯᱟᱹᱨᱤᱥ ᱠᱷᱤᱞᱤ ᱮ ᱧᱟᱢᱮᱫᱼᱟ ᱟ।
train_santalimale_01571	wavs/train_santalimale_01571.wav	ᱢᱮᱱᱟᱠᱚ ᱥᱮᱫᱟᱭ, ᱢᱟᱸᱰᱮᱭᱟ ᱟᱹᱛᱩ ᱨᱮᱫᱚ ᱴᱩᱲᱩᱹ ᱦᱚᱲ ᱠᱚ ᱛᱟᱸᱦᱮᱱᱠᱟᱱ ᱛᱟᱸᱦᱮᱸᱫᱼᱟ ᱟᱨ ᱚᱱᱟ ᱥᱩᱨ ᱨᱮ ᱢᱮᱱᱟ: ᱪᱟᱹᱭ ᱟᱹᱛᱩ ᱨᱮ ᱫᱚ, ᱵᱮᱥᱨᱟ ᱦᱚᱲᱠᱚ ᱛᱟᱸᱦᱮᱸᱱᱠᱟᱱ ᱛᱟᱦᱮᱫᱼᱟ।
train_santalimale_01572	wavs/train_santalimale_01572.wav	ᱴᱩᱰᱩ ᱦᱚᱲ ᱫᱚ ᱮᱱᱮᱡᱼᱟ ᱥᱮᱨᱮᱧ ᱟᱨ ᱨᱩ ᱨᱟᱦᱟ ᱨᱮ ᱫᱚ ᱟᱹᱰᱤᱠᱚ ᱯᱟᱹᱨᱩᱠᱷᱤᱭᱟ ᱠᱚ ᱛᱟᱸᱦᱮᱸᱠᱟᱱᱟ।
train_santalimale_01573	wavs/train_santalimale_01573.wav	ᱚᱱᱟᱛᱮ ᱫᱤᱱᱟᱹᱢᱜᱮ ᱮᱴᱟ: ᱟᱹᱛᱩ, ᱪᱟᱞᱟᱣ ᱠᱟᱛᱮ ᱠᱚ ᱮᱱᱮᱡᱼᱟ ᱥᱮᱨᱮᱧᱟ, ᱢᱤᱫᱼᱟ ᱚᱠᱛᱮ ᱵᱟᱨᱭᱟ ᱫᱩᱲᱩᱹ ᱠᱚᱲᱟᱹ ᱫᱚ ᱫᱤᱱᱟᱹᱢ ᱜᱮ ᱥᱤᱸᱜᱟᱲ ᱛᱚᱨᱟ ᱠᱷᱟᱱᱜᱮ ᱪᱟᱹᱭ ᱟᱹᱛᱩ ᱛᱮ ᱞᱟᱸᱜᱲᱮᱹ ᱮᱱᱮᱡᱼᱟ ᱥᱮᱨᱮᱧ ᱠᱤᱱ ᱪᱟᱞᱟ: ᱠᱟᱱ ᱛᱟᱦᱮᱸᱱ।
train_santalimale_01574	wavs/train_santalimale_01574.wav	ᱴᱩᱲᱩᱹ ᱠᱚᱲᱟᱹ ᱠᱤᱱᱟ, ᱮᱱᱮᱡᱼᱟ ᱥᱮᱨᱮᱧ ᱧᱮᱞ ᱟᱧᱡᱚᱢ ᱛᱮ, ᱚᱠᱚᱭ ᱠᱚᱲᱟᱹ ᱠᱩᱲᱤ ᱪᱚ ᱟᱹᱰᱤ ᱠᱚ ᱟᱲᱤᱹᱥᱚ ᱠᱟᱱ ᱛᱟᱸᱦᱮᱸᱠᱟᱱᱟ।
train_santalimale_01575	wavs/train_santalimale_01575.wav	ᱢᱤᱫᱼᱟᱫᱷᱟᱣ ᱩᱱᱚᱠᱤᱱ ᱴᱩᱰᱩ ᱠᱚᱲᱟᱹ ᱫᱚ ᱪᱟᱹᱭ ᱟᱹᱛᱩ ᱛᱮ ᱞᱟᱸᱜᱲᱮᱹ ᱮᱱᱮᱡᱼᱟ ᱠᱤᱱ ᱪᱟᱞᱟ: ᱠᱟᱱ ᱛᱟᱸᱦᱮᱸᱠᱟᱱᱟ।
train_santalimale_01576	wavs/train_santalimale_01576.wav	ᱥᱚᱸᱜᱮᱛᱮᱜᱮ ᱛᱩᱢᱫᱟ: ᱴᱟᱢᱟᱠ, ᱡᱷᱟᱸᱡ ᱟᱨ ᱠᱚᱨᱛᱟᱞ ᱫᱚᱠᱤᱱ ᱜᱚᱷ ᱛᱟᱨᱟ ᱟᱠᱟᱫᱟ।
train_santalimale_01577	wavs/train_santalimale_01577.wav	ᱤᱱᱟ ᱦᱤᱞᱚᱷ ᱫᱚ ᱟᱭᱩᱵᱼᱟ ᱵᱮᱲᱟᱹ ᱫᱚ ᱪᱮᱛᱟᱱ ᱥᱮᱫᱼᱟ ᱮ ᱫᱟ: ᱞᱮᱫᱼᱟ ᱛᱟᱸᱦᱮᱸᱠᱟᱱᱟ।
train_santalimale_01578	wavs/train_santalimale_01578.wav	ᱚᱱᱟᱛᱮ ᱜᱟᱰᱟ ᱫᱟ: ᱫᱚ ᱵᱟᱱ ᱟᱠᱟᱱᱟ, ᱮᱱᱠᱷᱟᱱ ᱩᱱᱚᱠᱤᱱ ᱴᱩᱲᱩᱹ ᱠᱚᱲᱟᱹ ᱫᱚ ᱥᱤᱨᱚᱢ ᱜᱷᱟᱴ ᱛᱮᱠᱤᱱ ᱪᱟᱞᱟᱣ ᱮᱱᱟ।
train_santalimale_01579	wavs/train_santalimale_01579.wav	ᱥᱤᱨᱚᱢ ᱜᱷᱟᱴ ᱨᱮ ᱢᱤᱫᱼᱟ ᱵᱟᱸᱫᱚ ᱱᱟᱹᱲᱤ ᱟᱹᱰᱤ ᱢᱟᱨᱟᱝ ᱛᱮ ᱱᱟᱹᱲᱤ ᱟᱹᱪᱩᱨ ᱟᱠᱟᱱᱟ ᱱᱟᱹᱲᱤ ᱫᱚ ᱜᱟᱰᱟ ᱦᱟᱱᱟ ᱥᱟᱦᱟ ᱛᱮ ᱦᱚᱸ ᱛᱤᱡᱼᱟ ᱟᱠᱟᱱᱟ।
train_santalimale_01580	wavs/train_santalimale_01580.wav	ᱡᱟᱣ ᱫᱤᱱ ᱞᱮᱠᱟ ᱜᱮ ᱤᱱᱚᱦᱤᱞᱚ: ᱦᱚᱸ ᱩᱱᱚᱠᱤᱱ ᱴᱩᱰᱩ ᱠᱚᱲᱟᱹ ᱫᱚ ᱥᱤᱨᱚᱢᱜᱷᱟᱴ ᱨᱮᱱᱟᱷ ᱵᱟᱸᱫᱚ ᱱᱟᱹᱲᱤ ᱛᱮᱠᱤᱱ ᱴᱩᱰᱟᱝ ᱯᱟᱨᱚᱢᱚ: ᱠᱟᱱ ᱛᱟᱸᱦᱮᱸᱠᱟᱱᱟ।
train_santalimale_01581	wavs/train_santalimale_01581.wav	ᱴᱩᱰᱟᱝ ᱯᱟᱨᱚᱢᱚᱷ ᱡᱚᱦᱚ: ᱚᱱᱟ ᱵᱟᱸᱫᱚ ᱱᱟᱹᱲᱤ ᱠᱷᱚᱱ ᱫᱚ ᱦᱩᱡᱟᱲ ᱦᱟᱹᱫᱩᱲ ᱧᱩᱨ ᱮᱱᱟ ᱠᱤᱱ, ᱵᱟᱱ ᱜᱟᱲᱟᱹ ᱫᱟ: ᱨᱮ।
train_santalimale_01582	wavs/train_santalimale_01582.wav	ᱤᱱᱟ ᱦᱤᱞᱚ: ᱫᱚ ᱚᱠᱚᱭ ᱪᱚ ᱚᱱᱟ ᱵᱟᱸᱫᱚ ᱱᱟᱹᱲᱤ ᱫᱚᱠᱚ ᱢᱟ: ᱜᱷᱟᱸᱰᱤᱡᱼᱟ ᱞᱮᱫᱼᱟ ᱛᱟᱸᱦᱮᱸᱠᱟᱱᱟ।
train_santalimale_01583	wavs/train_santalimale_01583.wav	ᱩᱱᱚᱠᱤᱱ ᱴᱩᱲᱩᱹ ᱠᱚᱲᱟᱹ ᱫᱚ ᱛᱩᱢᱫᱟ: ᱴᱟᱢᱟᱠ ᱴᱟᱢᱠᱟ ᱴᱟᱠᱩᱨᱟᱛᱮ ᱜᱟᱰᱟ ᱜᱟᱰᱟ ᱛᱮᱠᱤᱱ ᱰᱚᱭᱞᱟᱝ ᱮᱱᱟ।
train_santalimale_01584	wavs/train_santalimale_01584.wav	ᱰᱚᱭᱞᱟᱝ ᱰᱚᱭᱞᱟᱝ ᱛᱮ ᱟᱹᱰᱤ ᱥᱟᱹᱜᱤᱧ ᱠᱤᱱ ᱟᱹᱛᱩ ᱪᱟᱞᱟᱣ ᱮᱱᱟ।
train_santalimale_01585	wavs/train_santalimale_01585.wav	ᱚᱠᱟᱨᱮ ᱦᱚᱸ ᱵᱟᱝᱚᱠᱤᱱ ᱨᱟᱠᱟᱵᱼᱟ ᱫᱟᱲᱮᱹᱭᱟ: ᱱᱟ।
train_santalimale_01586	wavs/train_santalimale_01586.wav	ᱞᱟᱛᱟᱨ ᱨᱮ ᱵᱮᱥᱨᱟ ᱦᱚᱲ ᱫᱚ ᱵᱟᱲᱟᱹᱠᱚ ᱵᱮᱱᱟᱣ ᱞᱮᱫᱼᱟ ᱛᱟᱸᱦᱮᱸᱠᱟᱱᱟ।
train_santalimale_01587	wavs/train_santalimale_01587.wav	ᱚᱱᱟ ᱵᱟᱲᱟᱹ ᱨᱮ ᱟᱹᱛᱩ ᱪᱟᱞᱟᱣ ᱠᱟᱛᱮᱠᱤᱱ ᱰᱷᱟᱝ ᱮᱱᱟ।
train_santalimale_01588	wavs/train_santalimale_01588.wav	ᱴᱩᱰᱩ ᱠᱚᱲᱟᱹ ᱠᱤᱱ ᱫᱚ ᱚᱪᱮᱫᱼᱟ ᱨᱮᱠᱤᱱ ᱜᱤᱛᱤᱡᱼᱟ ᱩᱛᱟᱨ ᱟᱠᱟᱱᱟ, ᱢᱤᱫᱼᱟᱧᱤᱫᱟ ᱵᱟᱲᱟᱹ ᱨᱮᱜᱮ ᱠᱤᱱ ᱛᱟᱸᱦᱮᱸᱭᱮᱱᱟ।
train_santalimale_01589	wavs/train_santalimale_01589.wav	ᱫᱚᱥᱟᱨ ᱦᱤᱞᱚᱷ ᱵᱟᱨᱭᱟ ᱡᱩᱨᱤᱠᱩᱲᱤ ᱫᱟᱱᱜᱤ ᱟᱨ ᱯᱩᱸᱰᱜᱤ ᱵᱮᱥᱨᱟ ᱠᱩᱲᱤ ᱫᱚ ᱥᱮᱛᱟ: ᱨᱮᱜᱮ ᱚᱱᱟ ᱵᱟᱲᱟᱹ ᱜᱷᱟᱴ ᱛᱮ, ᱫᱟ: ᱞᱩᱠᱤᱱ ᱪᱟᱞᱟᱣ ᱞᱮᱱᱟ।
train_santalimale_01590	wavs/train_santalimale_01590.wav	ᱩᱱᱡᱚᱦᱚ ᱩᱱᱚᱠᱤᱱ ᱵᱮᱥᱨᱟ ᱠᱩᱲᱤ ᱫᱚ ᱟᱹᱰᱤᱠᱤᱱ ᱨᱟᱹᱥᱠᱟᱹᱭᱮᱱᱟ।
train_santalimale_01591	wavs/train_santalimale_01591.wav	ᱮᱱᱠᱷᱟᱱ ᱩᱱᱚᱠᱤᱱ ᱵᱮᱥᱨᱟ ᱠᱩᱲᱤ ᱫᱚ ᱴᱷᱤᱞᱤ ᱠᱚ ᱪᱟᱯᱟᱫᱼᱟ ᱜᱤᱰᱤᱠᱟᱛᱮ ᱴᱩᱲᱩᱹ ᱠᱚᱲᱟᱹᱠᱤᱱ ᱦᱮᱸᱣᱠᱟᱛᱮ ᱟᱠᱚ ᱟᱹᱛᱩ ᱪᱟᱹᱭ ᱛᱮᱠᱤᱱ ᱤᱫᱤᱠᱮᱫᱼᱟ ᱠᱤᱱᱟ।
train_santalimale_01592	wavs/train_santalimale_01592.wav	ᱚᱲᱟᱹ: ᱤᱫᱤ ᱠᱟᱛᱮ ᱥᱮᱸᱜᱮᱞ ᱛᱮᱠᱤᱱ ᱥᱮᱠᱟᱣ ᱠᱮᱴᱮᱪ ᱠᱮᱫᱼᱟ ᱠᱤᱱᱟ, ᱟᱨ ᱱᱟᱯᱟᱭ ᱱᱟᱯᱟᱭ ᱡᱚᱢᱟᱷ ᱠᱤᱱ ᱮᱢᱟ ᱠᱤᱱᱟ।
train_santalimale_01593	wavs/train_santalimale_01593.wav	ᱩᱱᱚᱠᱤᱱ ᱠᱚᱲᱟᱹ ᱫᱚ ᱵᱮᱥᱨᱟᱠᱚ ᱚᱲᱟᱹ: ᱨᱮᱜᱮᱠᱤᱱ ᱛᱟᱸᱦᱮᱸᱭᱮᱱᱟ।
train_santalimale_01594	wavs/train_santalimale_01594.wav	ᱱᱚᱛᱮ ᱵᱮᱥᱨᱟ ᱠᱩᱲᱤ ᱫᱚ ᱩᱱᱚᱠᱤᱱ ᱴᱩᱰᱩ ᱠᱚᱲᱟᱹ ᱛᱮᱠᱤᱱ ᱧᱟᱢ ᱟᱠᱟᱛ ᱛᱮ ᱟᱹᱰᱤ ᱱᱟᱯᱟᱭ: ᱱᱟᱯᱟᱭ ᱠᱤᱱ ᱥᱮᱨᱮᱧ ᱠᱮᱫᱼᱟ ᱟ।
train_santalimale_01595	wavs/train_santalimale_01595.wav	ᱟᱨ ᱟᱠᱤᱱᱟ: ᱫᱟᱲᱮᱹ ᱥᱚᱠᱷᱟᱛᱮ ᱧᱟᱢ ᱨᱮᱱᱟ: ᱠᱟᱛᱷᱟ ᱜᱮᱠᱤᱱ ᱥᱮᱨᱮᱧ ᱵᱟᱰᱟ ᱠᱮᱫᱼᱟ ᱟ।
train_santalimale_01596	wavs/train_santalimale_01596.wav	ᱢᱮᱱᱠᱷᱟᱱ ᱩᱱᱚᱠᱤᱱ ᱴᱩᱰᱩ ᱠᱚᱲᱟᱹ ᱫᱚ ᱚᱱᱟ ᱥᱮᱨᱮᱧ ᱠᱚ ᱫᱚ ᱵᱟᱝᱚᱠᱤᱱ ᱠᱩᱥᱤᱭᱟ: ᱠᱟᱱ ᱛᱟᱸᱦᱮᱸᱠᱟᱱᱟ।
train_santalimale_01597	wavs/train_santalimale_01597.wav	ᱠᱩᱲᱤᱠᱤᱱᱟ: ᱥᱚᱠᱷᱟ ᱟᱨ ᱫᱟᱲᱮᱹ ᱛᱮ ᱴᱩᱰᱩ ᱠᱚᱲᱟᱹ ᱧᱟᱢ ᱨᱮᱱᱟ: ᱥᱮᱨᱮᱧ ᱫᱚ ᱵᱟᱵᱟ ᱤᱥᱣᱚᱨ ᱦᱚᱸ ᱵᱟᱭ ᱠᱩᱥᱤ ᱞᱮᱱᱟ।
train_santalimale_01598	wavs/train_santalimale_01598.wav	ᱩᱱᱡᱚᱦᱚ: ᱩᱱᱚᱠᱤᱱ ᱴᱷᱩᱰᱩ ᱠᱚᱲᱟᱹ ᱠᱤᱱ ᱢᱮᱱᱞᱮᱫᱼᱟ ᱟ।
train_santalimale_01599	wavs/train_santalimale_01599.wav	ᱴᱷᱤᱠ ᱱᱩᱠᱤᱱ ᱵᱮᱥᱨᱟ ᱠᱩᱸᱲᱤ ᱜᱮ ᱵᱟᱸᱫᱚ ᱱᱟᱹᱲᱤ ᱫᱚᱠᱤᱱ ᱢᱟᱷ ᱜᱷᱟᱸᱲᱤᱹᱡᱼᱟ ᱟᱠᱟᱛ ᱟ ᱚᱱᱟ ᱛᱮ ᱟᱞᱟᱝ ᱫᱚ ᱜᱟᱰᱟ ᱨᱮᱱᱟ: ᱟᱹᱛᱩ ᱫᱟ: ᱨᱮᱞᱟᱝ ᱧᱩᱨ ᱟᱠᱟᱱᱟ।
train_santalimale_01600	wavs/train_santalimale_01600.wav	ᱫᱮᱞᱟᱝ ᱟᱞᱟᱝ ᱫᱚ ᱱᱚᱣᱟ ᱪᱟᱹᱭ ᱟᱹᱛᱩ ᱨᱮ ᱫᱚ ᱵᱮᱥᱨᱟᱠᱚ ᱚᱲᱟᱹ: ᱨᱮ ᱫᱚ ᱵᱟᱝᱞᱟᱝ ᱛᱟᱸᱦᱮᱸᱱᱟ, ᱟᱨ ᱦᱚᱸ ᱪᱮᱫᱼᱟ ᱪᱚᱝ ᱦᱩᱭᱩ: ᱟ।
train_santalimale_01601	wavs/train_santalimale_01601.wav	ᱩᱱᱚᱠᱤᱱ ᱴᱩᱰᱩ ᱠᱚᱲᱟᱹ ᱫᱚ ᱥᱚᱦᱨᱟᱭ ᱵᱚᱸᱜᱟ ᱟᱢᱟᱵᱟᱤᱥᱟ ᱦᱤᱞᱚᱷ ᱧᱤᱫᱟ ᱜᱟᱹᱭ ᱠᱚ ᱡᱟᱜᱟᱣ ᱢᱮᱱᱛᱮ ᱛᱩᱢᱫᱟ: ᱴᱟᱢᱟᱠᱠᱚ ᱜᱚ: ᱠᱟᱛᱮ ᱠᱤᱱ ᱧᱤᱨ ᱮᱱᱟ।
train_santalimale_01602	wavs/train_santalimale_01602.wav	ᱮᱱᱠᱷᱟᱱ ᱵᱮᱥᱨᱟ ᱠᱩᱲᱤ ᱫᱚ ᱟᱨᱦᱚ ᱢᱟᱱᱰᱮᱭᱟ ᱟᱹᱛᱩ ᱛᱮᱠᱤᱱ ᱪᱟᱞᱟᱣ ᱮᱱᱟ ᱴᱩᱰᱩ ᱠᱚᱲᱟᱹ ᱯᱟᱸᱡᱟ ᱟᱜᱩ।
train_santalimale_01603	wavs/train_santalimale_01603.wav	ᱴᱩᱰᱩ ᱠᱚᱲᱟᱹ ᱠᱤᱱ ᱢᱮᱱᱠᱮᱫᱼᱟ ᱟ ᱟᱵᱤᱱ ᱜᱮ ᱵᱟᱸᱫᱚ ᱱᱟᱹᱲᱤ ᱵᱤᱱ ᱢᱟ: ᱟᱠᱟᱫᱟ, ᱟᱹᱞᱤᱧ ᱫᱚ ᱵᱟᱝᱚᱞᱤᱧ ᱵᱟᱵᱼᱟᱞᱟ ᱟ।
train_santalimale_01604	wavs/train_santalimale_01604.wav	ᱮᱱᱠᱷᱟᱱ ᱨᱟᱹᱜᱤ ᱛᱮ ᱩᱱᱚᱠᱤᱱ ᱵᱮᱥᱨᱟᱠᱩᱲᱤ ᱦᱚᱸᱠᱤᱱ ᱢᱮᱱᱠᱮᱫᱼᱟ ᱟ ᱟᱹᱞᱤᱧ ᱦᱚ ᱟᱯᱮ ᱴᱩᱰᱩ ᱦᱚᱲ ᱥᱟᱸᱣ ᱫᱚ ᱵᱟᱝᱚᱞᱤᱧ ᱯᱮᱲᱟᱹᱷ ᱟ।
train_santalimale_01605	wavs/train_santalimale_01605.wav	ᱱᱚᱣᱟ ᱢᱮᱱᱠᱟᱛᱮ ᱪᱟᱹᱭ ᱟᱹᱛᱩ ᱛᱮᱠᱤᱱ ᱨᱩᱣᱟᱹᱲ ᱪᱟᱞᱟᱣ ᱮᱱᱟ।
train_santalimale_01606	wavs/train_santalimale_01606.wav	ᱢᱮᱱᱟᱠᱚ ᱩᱱᱠᱷᱚᱱᱜᱮ ᱵᱮᱥᱨᱟ ᱟᱨ ᱴᱩᱰᱩ ᱯᱟᱹᱨᱤᱥ ᱦᱚᱲ ᱫᱚ ᱵᱟᱝᱠᱚ ᱯᱮᱲᱟᱹ:ᱟ।
train_santalimale_01607	wavs/train_santalimale_01607.wav	ᱢᱮᱱᱟᱠᱚ ᱥᱮᱫᱟᱭ, ᱦᱮᱢᱚᱵᱨᱚᱢ ᱦᱚᱲᱠᱚ ᱫᱚ ᱠᱷᱚᱭᱮᱨᱜᱟᱲ ᱨᱮᱠᱚ ᱛᱟᱸᱦᱮᱠᱟᱱ ᱛᱟᱸᱦᱮᱸᱠᱟᱱᱟ।
train_santalimale_01608	wavs/train_santalimale_01608.wav	ᱢᱤᱫᱼᱟᱴᱟᱝ ᱦᱮᱢᱚᱵᱨᱚᱢ ᱦᱚᱲ ᱨᱮᱱ ᱫᱚ ᱮᱭᱟᱭ ᱠᱚᱲᱟᱹ ᱟᱨ ᱢᱤᱫᱼᱟᱴᱟᱝ ᱦᱚᱯᱚᱱ ᱮᱨᱟ ᱮ ᱛᱟᱸᱦᱮᱸᱠᱟᱱᱟ।
train_santalimale_01609	wavs/train_santalimale_01609.wav	ᱩᱱᱠᱩ ᱮᱭᱟᱭ ᱠᱚᱲᱟᱹ ᱫᱚ ᱫᱤᱱᱟᱹᱢᱜᱮ ᱵᱤᱨ ᱛᱮ ᱥᱮᱸᱫᱨᱟ ᱠᱚ ᱪᱟᱞᱟᱷᱠᱟᱱ ᱛᱟᱸᱦᱮᱸᱠᱟᱱᱟ।
train_santalimale_01610	wavs/train_santalimale_01610.wav	ᱟᱨ ᱢᱤᱥᱮᱨᱟ ᱛᱟᱠᱚ ᱫᱚ ᱚᱲᱟᱹ: ᱨᱮ ᱫᱟᱠᱟ ᱩᱛᱩᱭ ᱵᱮᱱᱟᱣᱮᱫᱼᱟ ᱛᱟᱸᱦᱮᱸᱠᱟᱱᱟ।
train_santalimale_01611	wavs/train_santalimale_01611.wav	ᱢᱤᱫᱼᱟᱫᱤᱱ ᱩᱱᱠᱩ ᱮᱭᱟᱭ ᱵᱚᱭᱦᱟ ᱦᱮᱢᱚᱵᱨᱚᱢ ᱠᱚᱲᱟᱹ ᱠᱚ ᱫᱚ ᱥᱮᱸᱫᱨᱟ ᱠᱚ ᱪᱟᱞᱟᱣᱞᱮᱱ ᱛᱟᱸᱦᱮᱸᱠᱟᱱᱟ।
train_santalimale_01612	wavs/train_santalimale_01612.wav	ᱥᱮᱸᱫᱨᱟᱠᱷᱚᱱ ᱨᱩᱣᱟᱹᱲ ᱦᱮᱡᱼᱟᱠᱟᱛᱮ, ᱛᱤ ᱡᱟᱸᱜᱟᱠᱚ ᱟᱹᱨᱩᱯ ᱠᱟᱛᱮ ᱫᱟᱠᱟ ᱠᱚ ᱡᱚᱢᱚᱮᱫᱼᱟ ᱛᱟᱸᱦᱮᱸᱠᱟᱱᱟ।
train_santalimale_01613	wavs/train_santalimale_01613.wav	ᱤᱱᱟ ᱦᱤᱞᱚ: ᱫᱚ ᱢᱩᱱᱜᱟ ᱟᱲᱟᱹᱷ ᱩᱛᱩ ᱟᱹᱰᱤ ᱥᱤᱵᱤᱞᱠᱮᱫᱼᱟ ᱠᱚᱣᱟ।
train_santalimale_01614	wavs/train_santalimale_01614.wav	ᱮᱱᱠᱷᱟᱱ ᱢᱩᱱᱜᱟ ᱟᱲᱟᱹ: ᱥᱤᱵᱤᱞ ᱟᱠᱟᱱ ᱨᱮᱱᱟᱷ ᱠᱟᱛᱷᱟᱠᱚ ᱠᱩᱞᱤ ᱠᱮᱫᱮᱭᱟ।
train_santalimale_01615	wavs/train_santalimale_01615.wav	ᱩᱱᱡᱚᱦᱚ: ᱩᱱᱤ ᱠᱩᱲᱤ ᱜᱤᱫᱨᱟᱹ ᱫᱚᱭ ᱢᱮᱱᱠᱮᱫᱼᱟ ᱟ।
train_santalimale_01616	wavs/train_santalimale_01616.wav	ᱮᱱᱟᱝ ᱢᱩᱱᱜᱟ ᱟᱲᱟᱹ ᱜᱮᱫᱼᱟ ᱮᱫᱼᱟ ᱡᱚᱦᱚ: ᱛᱤ ᱠᱟᱴᱩᱯ: ᱤᱧ ᱜᱮᱫᱼᱟᱮᱱᱟ, ᱟᱨ ᱠᱟᱴᱩᱵᱼᱟ ᱢᱟᱭᱟᱝ ᱢᱮᱥᱟ ᱟᱠᱟᱱ ᱛᱮ ᱛᱮᱦᱮᱧ ᱢᱩᱱᱜᱟ ᱟᱲᱟᱹ: ᱩᱛᱩ ᱥᱤᱵᱤᱞᱮᱫᱼᱟ ᱯᱮᱭᱟ।
train_santalimale_01617	wavs/train_santalimale_01617.wav	ᱤᱱᱟᱠᱚ ᱜᱟᱯᱟᱞ ᱢᱟᱨᱟᱣ ᱠᱟᱛᱮ ᱩᱱᱠᱩ ᱮᱭᱟᱭ ᱵᱚᱭᱦᱟ ᱫᱚ ᱫᱟᱠᱟ ᱩᱛᱩ ᱡᱚᱢ ᱠᱟᱛᱮ ᱠᱚ ᱩᱴᱷᱟᱣ ᱮᱱᱟ।
train_santalimale_01618	wavs/train_santalimale_01618.wav	ᱢᱤᱫᱼᱟᱫᱷᱟᱲᱤ ᱛᱟᱭᱚᱢ ᱩᱱᱠᱩ ᱮᱭᱟᱭ ᱵᱚᱭᱦᱟᱠᱚ ᱢᱮᱱᱠᱮᱫᱼᱟ ᱟ, ᱦᱚᱯᱚᱱ ᱢᱟᱤᱭᱟ ᱢᱟᱭᱟᱝ ᱜᱮ ᱱᱩᱱᱟ: ᱥᱤᱵᱤᱞᱟ, ᱮᱱᱠᱷᱟᱱ ᱟᱭᱚᱡᱼᱟ ᱫᱚ ᱛᱤᱱᱟ: ᱪᱚᱭ ᱥᱤᱵᱤᱞᱟ।
train_santalimale_01619	wavs/train_santalimale_01619.wav	ᱱᱩᱤ ᱫᱚᱵᱚᱱ ᱜᱚᱡᱮᱭᱟ ᱟᱨ ᱵᱚᱱ ᱡᱚᱢᱮᱭᱟ।
train_santalimale_01620	wavs/train_santalimale_01620.wav	ᱢᱮᱱᱠᱷᱟᱱ ᱦᱩᱰᱤᱧ ᱩᱛᱟᱨᱤᱡᱼᱟ ᱵᱚᱭᱦᱟ ᱟᱭᱚᱡᱼᱟ ᱨᱮᱱ ᱢᱤᱥᱮᱨᱟ ᱜᱚᱭᱚᱡᱼᱟ ᱫᱚ ᱵᱟᱭ ᱨᱮᱵᱮᱱ ᱠᱟᱱ ᱛᱟᱸᱦᱮᱸᱠᱟᱱᱟ।
train_santalimale_01621	wavs/train_santalimale_01621.wav	ᱢᱮᱱᱠᱷᱟᱱ ᱥᱟᱸᱜᱮ ᱵᱚᱭᱦᱟᱣᱟ: ᱠᱟᱛᱷᱟ ᱵᱟᱭᱜᱮᱫᱼᱟ ᱫᱟᱲᱮᱹᱭᱟ: ᱱᱟ।
train_santalimale_01622	wavs/train_santalimale_01622.wav	ᱫᱚᱥᱟᱨ ᱦᱤᱞᱚᱷ ᱩᱱᱤ ᱢᱤᱥᱮᱨᱟᱛᱟᱠᱚ ᱫᱚ ᱢᱤᱫᱼᱟᱴᱟᱝ ᱯᱩᱠᱷᱨᱤ ᱞᱟᱛᱟᱨ ᱵᱟᱹᱫᱨᱮ ᱠᱚ ᱤᱫᱤ ᱠᱮᱫᱮᱭᱟ।
train_santalimale_01623	wavs/train_santalimale_01623.wav	ᱟᱨ ᱢᱤᱫᱼᱟᱴᱟᱝ ᱜᱩᱣᱟ ᱫᱟᱨᱮ ᱨᱮ ᱠᱚ ᱫᱮᱡᱼᱟ ᱴᱷᱮᱞᱟᱣ ᱠᱮᱫᱮᱭᱟ।
train_santalimale_01624	wavs/train_santalimale_01624.wav	ᱚᱱᱟ ᱛᱟᱭᱚᱢ ᱢᱤᱢᱤᱫᱼᱟ ᱵᱚᱭᱦᱟ ᱛᱮᱠᱚ ᱛᱩᱧ ᱠᱮᱫᱮᱭᱟ।
train_santalimale_01625	wavs/train_santalimale_01625.wav	ᱢᱮᱱᱠᱷᱟᱱ ᱚᱠᱚᱭ ᱦᱚᱸ ᱵᱟᱝᱠᱚ ᱛᱩᱧ ᱜᱚᱭᱚᱡᱼᱟ ᱫᱟᱲᱮᱹ ᱟᱫᱮᱭᱟ।
train_santalimale_01626	wavs/train_santalimale_01626.wav	ᱢᱮᱱᱠᱷᱟᱱ ᱦᱩᱰᱤᱧ ᱵᱚᱭᱦᱟ ᱩᱱᱤ ᱫᱚ ᱟᱭᱚᱡᱼᱟ ᱨᱮᱱ ᱢᱤᱥᱮᱨᱟ ᱵᱟᱝ ᱛᱩᱧ ᱜᱚᱭᱚᱡᱼᱟ ᱥᱟᱱᱟᱭ ᱠᱟᱱᱟ।
train_santalimale_01627	wavs/train_santalimale_01627.wav	ᱚᱱᱟ ᱟᱲᱤᱹᱥ ᱛᱮ ᱮᱴᱟ ᱥᱮᱫᱼᱟ ᱮ ᱛᱩᱧᱠᱮᱫᱼᱟ ᱟ।
train_santalimale_01628	wavs/train_santalimale_01628.wav	ᱢᱮᱱᱠᱷᱟᱱ ᱥᱟᱨ ᱫᱚ ᱟᱹᱪᱩᱨ ᱦᱮᱡᱼᱟ ᱠᱟᱛᱮ ᱦᱚᱯᱚᱱ ᱢᱟᱤ ᱮ ᱵᱟᱡᱟᱣᱮᱱᱟ ᱟᱨ ᱫᱟᱨᱮᱠᱷᱚᱱ ᱧᱩᱨ ᱠᱟᱛᱮ ᱜᱚᱭᱚᱡᱼᱟ ᱮᱱᱟᱭ।
train_santalimale_01629	wavs/train_santalimale_01629.wav	ᱩᱱᱤ ᱨᱮᱱ ᱛᱩᱨᱩᱤ ᱵᱚᱭᱦᱟ ᱫᱚ ᱟᱲᱤ ᱠᱚ ᱠᱩᱥᱤᱭᱮᱱᱟ।
train_santalimale_01630	wavs/train_santalimale_01630.wav	ᱠᱷᱟᱱ ᱟᱠᱚ ᱨᱮᱱ ᱢᱤᱥᱮᱨᱟ ᱫᱚ ᱯᱩᱠᱷᱨᱤ ᱛᱮ ᱤᱫᱤᱠᱟᱛᱮ ᱠᱚ ᱜᱮᱫᱼᱟ ᱠᱩᱴᱤ ᱠᱮᱫᱮᱭᱟ ᱟᱨ ᱠᱚ ᱩᱛᱩ ᱭᱮ ᱠᱟᱱᱟ।
train_santalimale_01631	wavs/train_santalimale_01631.wav	ᱩᱱᱡᱚᱦᱚ: ᱦᱩᱰᱤᱧ ᱠᱚᱲᱟᱹ ᱫᱚ ᱟᱦᱟᱨ ᱟᱲᱮᱹ ᱨᱮ ᱫᱩᱰᱩᱵᱼᱟ ᱠᱟᱛᱮ ᱨᱟᱜᱮᱫᱼᱟ ᱛᱟᱸᱦᱮᱸᱠᱟᱱᱟᱭ।
train_santalimale_01632	wavs/train_santalimale_01632.wav	ᱦᱩᱰᱤᱧ ᱵᱚᱭᱦᱟ ᱨᱟ: ᱟᱧᱡᱚᱢᱠᱟᱛᱮ ᱢᱤᱫᱼᱟᱴᱟᱝ ᱦᱟᱠᱩ ᱟᱨ ᱢᱤᱫᱼᱟᱴᱟᱝ ᱠᱟᱴᱠᱚᱢ ᱟᱦᱟᱨ ᱠᱷᱚᱱᱚᱠᱤᱱ ᱚᱰᱚᱝ ᱮᱱᱟ।
train_santalimale_01633	wavs/train_santalimale_01633.wav	ᱟᱨ ᱟᱡᱟ: ᱨᱟ: ᱨᱮᱱᱟᱷ ᱠᱟᱛᱷᱟ ᱠᱤᱱ ᱠᱩᱞᱤ ᱠᱮᱫᱮᱭᱟ।
train_santalimale_01634	wavs/train_santalimale_01634.wav	ᱮᱱᱠᱷᱟᱱ ᱩᱱᱤ ᱜᱤᱫᱨᱟᱹ ᱮ ᱢᱮᱱᱠᱮᱫᱼᱟ ᱟ ᱤᱧ ᱨᱮᱱ ᱫᱟᱫᱟ ᱛᱮᱠᱚ ᱫᱚ ᱤᱧ ᱨᱮᱱ ᱢᱤᱥᱮᱨᱟ ᱠᱚ ᱛᱩᱧ ᱜᱚᱭᱚᱡᱼᱟ ᱦᱚᱪᱚ ᱣᱟᱠᱟᱫᱼᱟ ᱫᱤᱧᱟ।
train_santalimale_01635	wavs/train_santalimale_01635.wav	ᱱᱤᱫᱼᱟ ᱫᱚᱠᱚ ᱩᱛᱩᱭᱮᱠᱟᱱᱟ, ᱟᱨ ᱤᱧ ᱦᱚᱸ ᱢᱤᱥᱮᱨᱟᱣᱟ: ᱡᱤᱞ ᱠᱚ ᱡᱚᱢ ᱦᱚᱪᱚ ᱤᱧᱟ, ᱚᱱᱟ ᱞᱟᱹᱜᱤᱛ ᱤᱧ ᱨᱟᱜᱮ ᱟ।
train_santalimale_01636	wavs/train_santalimale_01636.wav	ᱮᱱᱠᱷᱟᱱ ᱩᱱᱚᱠᱤᱱ ᱦᱟᱠᱩ ᱟᱨ ᱠᱟᱴᱠᱚᱢ ᱠᱤᱱ ᱢᱮᱱᱠᱮᱫᱼᱟ ᱟ।
train_santalimale_01637	wavs/train_santalimale_01637.wav	ᱟᱞᱚᱢ ᱨᱟᱜᱟᱷ, ᱟᱢ ᱫᱚ ᱟᱢᱨᱮᱱ ᱢᱤᱥᱮᱨᱟ ᱵᱚᱫᱚᱞ ᱛᱮ ᱟᱹᱞᱤᱧ ᱡᱚᱢ ᱞᱤᱧᱢᱮ, ᱟᱠᱚ ᱡᱤᱞᱠᱚ ᱡᱚᱢ ᱡᱚᱦᱚ: ᱟᱢ ᱫᱚ ᱦᱟᱠᱩ ᱡᱤᱞ ᱡᱚᱢᱢᱮ।
train_santalimale_01638	wavs/train_santalimale_01638.wav	ᱟᱨ ᱟᱠᱚ ᱡᱟᱝ ᱠᱚ ᱡᱚᱢ ᱡᱚᱦᱚ: ᱟᱢ ᱫᱚ ᱠᱟᱴᱠᱚᱢ ᱡᱤᱞ ᱡᱚᱢᱢᱮ।
train_santalimale_01639	wavs/train_santalimale_01639.wav	ᱦᱟᱠᱩ ᱟᱨ ᱠᱟᱴᱟᱠᱚᱢᱣᱟ: ᱠᱟᱛᱷᱟ ᱛᱮ ᱩᱱᱤ ᱦᱩᱰᱤᱧ ᱵᱚᱭᱦᱟ ᱫᱚ ᱦᱟᱠᱩ ᱟᱨ ᱠᱟᱴᱠᱚᱢ ᱮ ᱨᱟᱯᱟ: ᱠᱮᱫᱼᱟ ᱠᱤᱱᱟ ᱟᱨ ᱥᱟᱠᱟᱢ ᱨᱮ ᱨᱮᱫᱼᱟ ᱠᱟᱛᱮ ᱰᱟᱸᱰᱟ ᱨᱮᱭ ᱫᱚᱦᱚᱠᱟᱫᱼᱟ ᱠᱤᱱᱟ।
train_santalimale_01640	wavs/train_santalimale_01640.wav	ᱦᱩᱰᱤᱧ ᱢᱟᱤᱭᱟ: ᱡᱤᱞ ᱩᱛᱩ ᱤᱥᱤᱱ ᱮᱱᱠᱷᱟᱱ, ᱡᱮᱛᱮ ᱵᱚᱭᱦᱟ ᱯᱟᱱᱛᱮ ᱛᱮ ᱠᱚ ᱫᱩᱰᱯᱚᱮᱱᱟ, ᱟᱨ ᱡᱤᱞ ᱩᱛᱩ ᱦᱟᱹᱴᱤᱧ ᱠᱟᱛᱮ ᱡᱚᱡᱚᱢ ᱠᱚ ᱮᱭᱦᱚᱵᱼᱟ ᱠᱮᱫᱼᱟ ᱟ।
train_santalimale_01641	wavs/train_santalimale_01641.wav	ᱦᱩᱰᱤᱧ ᱵᱚᱭᱦᱟ ᱫᱚ ᱟᱭᱚᱪ, ᱨᱮᱱ ᱫᱟᱫᱟ ᱛᱮᱠᱚ ᱚᱠᱟᱞᱮᱠᱟ ᱠᱚ ᱡᱚᱢᱮᱫᱼᱟ ᱟ ᱚᱱᱠᱟᱜᱮ ᱟᱭᱚᱡᱼᱟ ᱦᱚᱸᱭ ᱡᱚᱢᱠᱮᱫᱼᱟ ᱟ।
train_santalimale_01642	wavs/train_santalimale_01642.wav	ᱦᱩᱲᱤᱹᱧ ᱢᱟᱤᱭᱟ ᱡᱤᱞ ᱩᱛᱩ ᱢᱤᱫᱼᱟᱴᱟᱝ ᱵᱩᱱᱩᱢ ᱨᱮ ᱤᱫᱤ ᱠᱟᱛᱮᱭ ᱛᱚᱯᱟᱠᱟᱫᱼᱟᱱᱟ।
train_santalimale_01643	wavs/train_santalimale_01643.wav	ᱠᱤᱪᱷᱩ ᱫᱤᱱ ᱛᱟᱭᱚᱢ ᱚᱱᱟ ᱵᱩᱱᱩᱢ ᱛᱚᱯᱟ ᱠᱷᱚᱱ ᱢᱤᱫᱼᱟᱴᱟᱝ ᱢᱟᱫᱼᱟ ᱫᱟᱨᱮ ᱚᱢᱚᱱ ᱮᱱᱟ।
train_santalimale_01644	wavs/train_santalimale_01644.wav	ᱢᱤᱫᱼᱟᱫᱤᱱ ᱢᱤᱫᱼᱟᱴᱩᱰᱩ ᱠᱚᱲᱟᱹ ᱫᱚ ᱛᱤᱨᱭᱚ ᱵᱮᱱᱟᱣ ᱞᱟᱹᱜᱤᱫᱼᱟ ᱛᱮ ᱚᱱᱟ ᱢᱟᱫᱼᱟ ᱫᱟᱨᱮ ᱢᱟ: ᱟᱹᱜᱩ ᱠᱮᱫᱼᱟ ᱟᱭ।
train_santalimale_01645	wavs/train_santalimale_01645.wav	ᱟᱨ ᱛᱤᱨᱭᱚ ᱮ ᱵᱮᱱᱟᱣ ᱠᱮᱫᱼᱟ ᱟ।
train_santalimale_01646	wavs/train_santalimale_01646.wav	ᱩᱱᱤ ᱴᱩᱰᱩ ᱠᱚᱲᱟᱹ ᱫᱚ ᱫᱤᱱᱟᱹᱢᱜᱮ ᱚᱱᱟ ᱯᱩᱠᱷᱨᱤ ᱞᱟᱛᱟᱨ ᱨᱮ ᱜᱟᱹᱭ ᱰᱟᱸᱜᱨᱟ ᱜᱩᱯᱤ ᱮ ᱪᱟᱞᱟ: ᱛᱟᱸᱦᱮᱸᱱ।
train_santalimale_01647	wavs/train_santalimale_01647.wav	ᱢᱤᱫᱼᱟᱫᱤᱱ ᱫᱚ ᱢᱤᱫᱼᱟᱴᱟᱝ ᱠᱟᱦᱩ ᱪᱮᱲᱮᱹ ᱠᱟ: ᱠᱟ: ᱨᱟᱜᱮᱫᱼᱟ ᱛᱟᱸᱦᱮᱸᱠᱟᱱᱟᱭ।
train_santalimale_01648	wavs/train_santalimale_01648.wav	ᱞᱟᱹᱜᱟ ᱵᱟᱰᱟᱭᱮ ᱠᱟᱱ ᱨᱮ ᱦᱚᱸ ᱩᱱᱤ ᱠᱟᱦᱩ ᱫᱚ ᱵᱟᱝᱮ ᱧᱤᱨ ᱠᱟᱱᱟ।
train_santalimale_01649	wavs/train_santalimale_01649.wav	ᱮᱱᱠᱷᱟᱱ ᱩᱱᱤ ᱦᱮᱢᱚᱵᱨᱚᱢ ᱠᱚᱲᱟᱹ ᱫᱚ ᱨᱟᱹᱜᱤ ᱛᱮ ᱛᱤᱨᱭᱚ ᱛᱮᱭ ᱫᱟᱨᱩᱲ ᱠᱮᱫᱮᱭᱟ।
train_santalimale_01650	wavs/train_santalimale_01650.wav	ᱡᱮᱢᱚᱱ ᱜᱮ ᱛᱤᱨᱭᱚ ᱮ ᱫᱟᱨᱩᱲ ᱞᱮᱫᱼᱟᱟ, ᱛᱮᱢᱚᱱ ᱜᱮ ᱛᱤᱨᱭᱚ ᱠᱷᱚᱱ ᱫᱚ ᱢᱤᱫᱼᱟᱴᱟᱝ ᱟᱹᱰᱤ ᱪᱮᱦᱨᱟ ᱠᱩᱲᱤ ᱮ ᱵᱮᱱᱟᱣᱮᱱᱟ।
train_santalimale_01651	wavs/train_santalimale_01651.wav	ᱩᱱᱤ ᱠᱩᱲᱤ ᱫᱚ ᱴᱩᱰᱩ ᱠᱚᱲᱟᱹ ᱥᱩᱨ ᱦᱮᱡᱼᱟ ᱠᱟᱛᱮ ᱟᱭᱟ: ᱢᱟᱨᱮ ᱠᱟᱛᱷᱟ ᱮ ᱞᱟᱹᱤᱠᱮᱫᱼᱟ ᱟ ᱡᱮ ᱤᱧ ᱫᱚ ᱦᱮᱢᱚᱵᱨᱚᱢ ᱯᱟᱹᱨᱤᱥ ᱠᱚ ᱨᱮᱱ ᱮᱭᱟᱭ ᱵᱚᱭᱦᱟ ᱨᱮᱱ ᱮᱠᱟ ᱵᱚᱦᱤᱱ ᱠᱟᱱᱟᱧ।
train_santalimale_01652	wavs/train_santalimale_01652.wav	ᱤᱧ ᱨᱮᱱ ᱫᱟᱫᱟ ᱛᱮ ᱠᱚ ᱤᱧᱠᱚ ᱛᱩᱧ ᱜᱚᱡᱼᱟ ᱠᱟᱛᱮ ᱠᱚ ᱡᱚᱢ ᱟᱠᱟᱫᱼᱟ ᱫᱤᱧᱟ, ᱤᱧ ᱫᱚ ᱦᱩᱰᱤᱧ ᱩᱛᱟᱨᱤᱡᱼᱟ ᱦᱮᱢᱚᱵᱨᱚᱢ ᱵᱚᱭᱦᱟ ᱨᱮᱱ ᱡᱚᱢ ᱥᱟᱨᱮᱡᱼᱟ ᱦᱮᱢᱚᱵᱨᱚᱢ ᱠᱩᱲᱤ ᱠᱟᱱᱟᱧ।
train_santalimale_01653	wavs/train_santalimale_01653.wav	ᱤᱧ ᱫᱚ ᱟᱢ ᱥᱟᱣ ᱵᱟᱵᱼᱟᱞᱟ ᱟᱧ।
train_santalimale_01654	wavs/train_santalimale_01654.wav	ᱦᱮᱢᱚᱵᱨᱚᱢ ᱠᱩᱲᱤᱭᱟ: ᱠᱟᱛᱷᱟ ᱟᱧᱡᱚᱢ ᱠᱟᱛᱮ ᱴᱩᱰᱩ ᱠᱚᱲᱟᱹ ᱪᱮᱫᱼᱟ ᱦᱚᱸ ᱵᱟᱭ ᱢᱮᱱᱞᱮᱫᱼᱟ ᱟ।
train_santalimale_01655	wavs/train_santalimale_01655.wav	ᱴᱩᱲᱩᱹ ᱠᱚᱲᱟᱹ ᱫᱚ ᱦᱮᱢᱚᱵᱨᱚᱢ ᱠᱩᱲᱤ ᱤᱫᱤ ᱠᱟᱛᱮ ᱟᱠᱚ ᱚᱲᱟᱹᱷ ᱞᱩᱤ ᱵᱟᱲᱤ ᱞᱩᱠᱩᱤ ᱵᱟᱲᱤ ᱛᱮᱠᱤᱱ ᱪᱟᱞᱟᱣ ᱮᱱᱟ।
train_santalimale_01656	wavs/train_santalimale_01656.wav	ᱢᱮᱱᱟᱠᱚ ᱩᱱᱤ ᱴᱩᱰᱩ ᱠᱚᱲᱟᱹ ᱨᱮᱱ ᱵᱚᱸᱥᱚ ᱠᱚ ᱜᱮ ᱡᱟᱹᱫᱼᱟ ᱴᱩᱰᱩ ᱠᱷᱤᱞᱤ ᱠᱚ ᱧᱟᱢ ᱟᱠᱟᱫᱼᱟ ᱟ।
train_santalimale_01657	wavs/train_santalimale_01657.wav	ᱢᱮᱱᱟᱠᱚ ᱥᱮᱫᱟᱭ ᱱᱚᱣᱟ ᱥᱤᱧ ᱚᱫᱼᱟ ᱵᱷᱟᱨᱚᱛ ᱫᱤᱥᱚᱢ ᱛᱮ ᱵᱚᱞᱚᱱ ᱞᱟᱹᱜᱤᱫᱼᱟ ᱫᱚ ᱵᱟᱨᱭᱟ ᱫᱩᱣᱟᱹᱨ ᱛᱟᱸᱦᱮᱸᱠᱟᱱᱟ।
train_santalimale_01658	wavs/train_santalimale_01658.wav	ᱚᱱᱟ ᱫᱩᱣᱟᱹᱨ ᱠᱤᱱᱟ: ᱧᱩᱛᱩᱢ ᱫᱚ ᱠᱷᱮᱞ ᱫᱩᱣᱟᱹᱨ ᱟᱨ ᱵᱟᱸᱦᱤ ᱫᱩᱣᱟᱹᱨ।
train_santalimale_01659	wavs/train_santalimale_01659.wav	ᱱᱮᱛᱟᱨ ᱫᱚ ᱱᱚᱣᱟ ᱫᱩᱣᱟᱹᱨ ᱠᱤᱱ ᱫᱚ ᱠᱷᱚᱤᱵᱟᱨ ᱯᱟᱥ ᱟᱨ ᱵᱩᱞᱟᱱ ᱯᱟᱥ ᱠᱚ ᱢᱮᱛᱟ: ᱠᱟᱱᱟ।
train_santalimale_01660	wavs/train_santalimale_01660.wav	ᱱᱚᱣᱟ ᱫᱩᱣᱟᱹᱨ ᱛᱮᱜᱮ ᱮᱴᱟ: ᱫᱤᱥᱚᱢ ᱦᱚᱲᱠᱚ ᱥᱟᱸᱣ ᱫᱚ ᱵᱮᱯᱟᱨ ᱵᱟᱱᱤᱡᱼᱟ ᱟᱨ ᱦᱤᱡᱩᱷ ᱥᱮᱱᱚᱷ ᱫᱚ ᱦᱩᱭᱩ: ᱠᱟᱱ ᱛᱟᱸᱦᱮᱸᱠᱟᱱᱟ।
train_santalimale_01661	wavs/train_santalimale_01661.wav	ᱢᱮᱱᱟᱠᱚ ᱥᱮᱫᱟᱭ ᱱᱚᱣᱟ ᱞᱩᱜᱩ ᱵᱩᱨᱩ ᱜᱷᱟᱱᱴᱟ ᱵᱟᱲᱮᱹ ᱨᱮ ᱫᱚ ᱢᱟᱨᱟᱝ ᱵᱩᱨᱩ ᱞᱩᱢᱟᱝ ᱮ ᱟᱰᱟ ᱠᱚ ᱛᱟᱸᱦᱮᱸᱫᱼᱟ।
train_santalimale_01662	wavs/train_santalimale_01662.wav	ᱩᱱᱡᱚᱦᱚ ᱟᱵᱚ ᱦᱚᱲ ᱦᱚᱯᱚᱱ ᱥᱟᱸᱣ ᱮᱴᱟ: ᱦᱚᱲᱠᱚᱣᱟ: ᱞᱟᱲᱟᱹᱦᱟᱤ ᱛᱩᱯᱩᱫᱼᱟ ᱱᱚᱣᱟ ᱢᱟᱨᱟᱝ ᱵᱩᱨᱩ ᱞᱩᱜᱩ ᱵᱩᱨᱩ ᱜᱷᱟᱱᱴᱟ ᱵᱟᱲᱮᱹ ᱨᱮ ᱞᱟᱲᱦᱟᱤ ᱦᱩᱭᱞᱮᱱ ᱛᱟᱸᱦᱮᱸᱠᱟᱱᱟ।
train_santalimale_01663	wavs/train_santalimale_01663.wav	ᱩᱱᱡᱚᱦᱚ: ᱩᱱᱠᱩ ᱮᱴᱟ: ᱦᱚᱲᱠᱚ ᱫᱚ ᱫᱟᱹᱲ ᱧᱤᱨ ᱮᱱᱟᱠᱚ ᱟᱨ ᱚᱱᱟ ᱠᱷᱚᱞ ᱫᱩᱣᱟᱹᱨ ᱫᱚ ᱫᱷᱤᱨᱤ ᱪᱟᱹᱴᱟᱱᱤ ᱛᱮ ᱠᱚ ᱮᱭᱥᱚᱫᱼᱟ ᱠᱟᱷ ᱛᱟᱸᱦᱮᱸᱛ।
train_santalimale_01664	wavs/train_santalimale_01664.wav	ᱩᱱᱡᱚᱦᱚ: ᱦᱚᱲ ᱦᱚᱯᱚᱱ ᱛᱟᱞᱟᱨᱮ ᱵᱟᱨᱭᱟ ᱵᱤᱨᱫᱟᱹᱨᱤᱠᱤᱱ ᱛᱟᱸᱦᱮᱸᱠᱟᱱ।
train_santalimale_01665	wavs/train_santalimale_01665.wav	ᱩᱱᱚᱠᱤᱱᱟ: ᱧᱩᱛᱩᱢ ᱫᱚ ᱠᱟᱨᱟᱱ ᱟᱨ ᱡᱚᱦᱚᱱ ᱯᱟᱤᱠᱟ ᱛᱟᱸᱦᱮᱸᱠᱟᱱ ᱛᱟᱸᱦᱮᱸᱠᱟᱱᱟ।
train_santalimale_01666	wavs/train_santalimale_01666.wav	ᱩᱱᱚᱠᱤᱱ ᱵᱤᱨᱫᱟᱹᱨᱤ ᱜᱮ ᱠᱷᱮᱞ ᱫᱩᱣᱟᱹᱨ ᱨᱮ ᱮᱥᱮᱫᱼᱟᱞᱮᱱ ᱫᱷᱤᱨᱤ ᱪᱟᱴᱟᱱᱤ ᱫᱚ ᱟᱠᱤᱱᱟ ᱠᱟᱹᱯᱤ ᱛᱟᱨᱣᱟᱲᱮᱹ ᱛᱮ ᱢᱟ: ᱞᱮᱫᱟ ᱠᱤᱱ, ᱟᱨ ᱥᱟᱨ ᱛᱮ ᱫᱷᱤᱨᱤ ᱪᱟᱹᱴᱟᱱᱤ ᱠᱤᱱ ᱛᱩᱧ ᱛᱟᱯ ᱞᱮᱫᱟ ᱟᱨ ᱵᱟᱤᱨᱤ ᱠᱤᱱ ᱞᱟᱹᱜᱟ ᱯᱟᱨᱚᱢᱞᱮᱫᱼᱟ ᱠᱚᱣᱟ:।
train_santalimale_01667	wavs/train_santalimale_01667.wav	ᱚᱱᱟ ᱛᱟᱭᱚᱢ ᱚᱵᱚ ᱨᱮᱱ ᱦᱚᱲ ᱵᱚᱭᱦᱟ ᱢᱤᱥᱮᱨᱟᱠᱚ ᱫᱚ ᱮᱭᱟᱭ ᱜᱟᱰᱟ ᱥᱮᱫᱼᱟ ᱠᱚ ᱯᱟᱨᱚᱢ ᱪᱟᱞᱟᱣᱞᱮᱱᱟ।
train_santalimale_01668	wavs/train_santalimale_01668.wav	ᱱᱚᱣᱟ ᱮᱭᱟᱭ ᱜᱟᱲᱟᱹ ᱥᱚᱯᱛ ᱥᱤᱸᱫᱷᱩ ᱜᱟᱲᱟᱹ ᱫᱷᱟᱨᱮ ᱨᱮ ᱟᱹᱰᱤ ᱫᱤᱱ ᱠᱚ ᱛᱟᱸᱦᱮᱸᱠᱟᱱᱟ।
train_santalimale_01669	wavs/train_santalimale_01669.wav	ᱥᱚᱯᱛ ᱥᱤᱸᱫᱷᱩ ᱜᱟᱰᱟᱠᱚ ᱨᱮᱱᱟᱷ ᱧᱩᱛᱩᱢ ᱫᱚ ᱥᱤᱸᱫᱷᱩ, ᱪᱚᱱᱫᱨ ᱵᱷᱟᱜᱟ, ᱥᱚᱛᱫᱩ, ᱵᱤᱛᱚᱥᱛᱟ, ᱣᱤᱯᱟᱥᱟ, ᱥᱚᱛᱚᱞᱚᱡ ᱟᱨ ᱜᱷᱟᱜᱨᱟ ᱛᱟᱸᱦᱮᱸᱠᱟᱱᱟ।
train_santalimale_01670	wavs/train_santalimale_01670.wav	ᱱᱚᱣᱟ ᱜᱟᱰᱟ ᱫᱚ ᱱᱮᱛᱟᱨᱟᱷ ᱯᱟᱸᱡᱟᱵ ᱟᱨ ᱥᱤᱸᱫᱷᱩ ᱥᱩᱵᱟ ᱨᱮ ᱢᱮᱱᱟ:ᱟ।
train_santalimale_01671	wavs/train_santalimale_01671.wav	ᱱᱚᱣᱟ ᱥᱩᱵᱟ ᱫᱚ ᱟᱵᱚ ᱦᱚᱲ ᱨᱚᱲ ᱛᱮ ᱫᱚ ᱪᱟᱤ, ᱪᱟᱢᱯᱟ ᱜᱟᱲ ᱠᱚ ᱢᱮᱛᱟᱷ ᱠᱟᱱ ᱛᱟᱸᱦᱮᱸᱠᱟᱱᱟ।
train_santalimale_01672	wavs/train_santalimale_01672.wav	ᱱᱚᱣᱟ ᱠᱚ ᱡᱟᱭᱜᱟ ᱨᱮ ᱦᱚᱲ ᱦᱚᱯᱚᱱ ᱠᱚ ᱫᱚ ᱜᱤᱨᱣᱟᱥ ᱠᱟᱛᱮ ᱠᱚ ᱛᱟᱸᱦᱮᱸᱠᱟᱱᱟ।
train_santalimale_01673	wavs/train_santalimale_01673.wav	ᱱᱚᱣᱟ ᱥᱤᱸᱫᱷᱩᱜᱟᱲ ᱨᱮᱱᱟ: ᱥᱚᱥᱱᱚ: ᱥᱚᱵᱷᱭᱛᱟ ᱜᱮ ᱥᱤᱸᱫᱷᱩ ᱥᱚᱵᱷᱭᱛᱟᱠᱚ ᱢᱮᱛᱟ: ᱟ।
train_santalimale_01674	wavs/train_santalimale_01674.wav	ᱥᱤᱸᱫᱷᱩ ᱥᱚᱥᱱᱚ ᱫᱚ ᱡᱮᱛᱮᱠᱷᱚᱱ ᱢᱟᱨᱮ ᱥᱚᱥᱱᱚ: ᱠᱟᱱᱟ।
train_santalimale_01675	wavs/train_santalimale_01675.wav	ᱱᱚᱣᱟ ᱥᱚᱥᱱᱚ: ᱫᱚ ᱢᱚᱦᱮᱱᱡᱚ ᱫᱟᱲᱚ ᱟᱨ ᱦᱚᱲᱨᱟᱯᱟ ᱦᱚᱲᱚᱯᱯᱟ ᱨᱮ ᱱᱤᱫᱼᱟ ᱦᱚᱸ ᱧᱟᱢᱚ: ᱠᱟᱱᱟ।
train_santalimale_01676	wavs/train_santalimale_01676.wav	ᱚᱸᱰᱮᱱᱟ: ᱥᱚᱥᱱᱚ: ᱥᱟᱣ ᱫᱚ ᱟᱵᱚ ᱦᱚᱲ ᱦᱚᱯᱱᱟ: ᱥᱚᱥᱱᱚᱷ ᱫᱚ ᱟᱹᱰᱤᱛᱮᱫᱼᱟ ᱢᱮᱞᱢᱮᱱᱟ: ᱟ।
train_santalimale_01677	wavs/train_santalimale_01677.wav	ᱪᱟᱥᱵᱟᱥ ᱨᱮᱱᱟ: ᱥᱟᱢᱟᱱ, ᱦᱚᱨᱚ ᱵᱟᱸᱫᱮ ᱨᱮᱱᱟᱷ ᱟᱸᱰᱜᱚᱨᱚᱵᱼᱟ ᱥᱟᱡ ᱟᱨ ᱚᱲᱟᱹ: ᱫᱩᱣᱟᱹᱨ ᱨᱮᱱᱟ: ᱵᱮᱱᱟᱣ ᱪᱤᱛᱟᱨ ᱟᱨ ᱥᱟᱡ ᱥᱟᱢᱟᱱ ᱠᱚ ᱥᱟᱸᱣ ᱫᱚ ᱢᱤᱫᱼᱟᱜᱮᱭᱟ।
train_santalimale_01678	wavs/train_santalimale_01678.wav	ᱱᱚᱲᱮᱹ ᱛᱟᱸᱦᱮᱸᱱᱠᱟᱱ ᱚᱠᱛᱮ ᱫᱚ ᱟᱲᱤ ᱠᱤᱸᱥᱟᱲ ᱵᱚ ᱛᱟᱸᱦᱮᱸᱠᱟᱱᱟ।
train_santalimale_01679	wavs/train_santalimale_01679.wav	ᱢᱮᱱᱠᱷᱟᱱ ᱦᱚᱲ ᱦᱚᱯᱚᱱᱟ: ᱱᱚᱣᱟ ᱥᱚᱥᱱᱚ: ᱧᱮᱞᱛᱮ ᱮᱴᱟ ᱦᱚᱲ ᱠᱚ ᱟᱲᱤ ᱠᱚ ᱟᱲᱤᱹᱥᱞᱮᱱᱟ ᱟᱨ ᱚᱱᱟᱠᱚ ᱦᱟᱛᱟᱣ ᱞᱟᱹᱜᱤᱫᱼᱟ ᱛᱮ ᱟᱵᱚ ᱥᱟᱸᱣᱠᱚ ᱞᱟᱹᱲᱦᱟᱤ ᱞᱮᱫᱟ।
train_santalimale_01680	wavs/train_santalimale_01680.wav	ᱛᱟᱭᱚᱢ ᱫᱟᱨᱟᱢ ᱛᱮ ᱵᱟᱲᱟᱹᱭ ᱟᱠᱟᱱᱟ ᱡᱮ ᱦᱚᱲ ᱦᱚᱯᱚᱱ ᱨᱮ ᱡᱮᱛᱮᱠᱷᱚᱱ ᱢᱟᱨᱟᱝ ᱟᱨ ᱢᱟᱲᱟᱹᱝ ᱵᱤᱨᱫᱟᱹᱨᱤ ᱫᱚ ᱠᱟᱹᱯᱤ ᱠᱟᱨᱟᱱ ᱟᱨ ᱡᱚᱦᱚᱱ ᱯᱟᱤᱠᱟᱨᱮᱠᱤᱱ ᱛᱟᱸᱦᱮᱸᱠᱟᱱᱟ।
train_santalimale_01681	wavs/train_santalimale_01681.wav	ᱚᱱᱟᱛᱮ ᱩᱱᱚᱠᱤᱱᱟ: ᱠᱟᱛᱷᱟᱠᱚ ᱫᱚ ᱦᱚᱲ ᱥᱮᱨᱮᱧ ᱟᱨ ᱛᱷᱩᱛᱤ ᱠᱚ ᱨᱮ ᱱᱤᱫᱼᱟ ᱦᱚᱸ ᱟᱡᱚᱢᱚ: ᱠᱟᱱᱜᱮᱭᱟ।
train_santalimale_01682	wavs/train_santalimale_01682.wav	ᱠᱟᱛᱷᱟᱭ ᱢᱮᱱᱟᱠᱚ ᱥᱮᱫᱟᱭ ᱪᱟᱢᱯᱟ ᱫᱤᱥᱚᱢ ᱨᱮᱭᱟ: ᱠᱚᱸᱭᱰᱟ ᱜᱟᱲ ᱨᱮ ᱠᱤᱥᱠᱩ ᱯᱟᱹᱨᱤᱥᱟᱱ ᱦᱚᱲ ᱠᱚ ᱨᱟᱡ ᱮ ᱛᱟᱸᱦᱮᱸᱠᱟᱱᱟ।
train_santalimale_01683	wavs/train_santalimale_01683.wav	ᱩᱱᱠᱩ ᱨᱮᱱ ᱢᱤᱫᱼᱟᱴᱟᱝ ᱦᱚᱯᱚᱱ ᱮᱨᱟ ᱛᱟᱸᱦᱮᱸᱠᱟᱱᱟᱭ।
train_santalimale_01684	wavs/train_santalimale_01684.wav	ᱩᱱᱤ ᱫᱚ ᱫᱤᱱᱟᱹᱢᱜᱮ ᱵᱤᱨ ᱵᱩᱨᱩᱛᱮ ᱟᱹᱛᱩ ᱨᱮᱱᱚᱠᱩᱲᱤ ᱠᱚ ᱥᱟᱸᱣ ᱥᱟᱠᱟᱢ ᱟᱨ ᱥᱟᱦᱟᱱ ᱟᱹᱜᱩᱠᱚ ᱪᱟᱞᱟ: ᱛᱟᱦᱮᱸᱱ।
train_santalimale_01685	wavs/train_santalimale_01685.wav	ᱢᱤᱫᱼᱟᱫᱤᱱ ᱠᱤᱥᱠᱩ ᱨᱟᱡ ᱦᱚᱯᱚᱱ ᱮᱨᱟ ᱫᱚ ᱢᱤᱫᱼᱟᱴᱟᱝ ᱟᱛᱱᱟ ᱫᱟᱨᱮ ᱵᱩᱴᱟᱹ ᱨᱮ ᱜᱤᱫᱨᱟᱹ ᱮ ᱧᱟᱢ ᱠᱮᱫᱮᱭᱟ।
train_santalimale_01686	wavs/train_santalimale_01686.wav	ᱩᱱᱤ ᱜᱤᱫᱨᱟᱹ ᱨᱮᱱ ᱟᱭᱚ ᱵᱟᱵᱟ ᱚᱠᱚᱭ ᱛᱮᱠᱤᱱ ᱚᱠᱟᱱᱟᱠᱤᱱ ᱩᱱᱟ ᱨᱮᱭᱟ: ᱰᱟᱠᱨᱟ, ᱠᱤᱥᱠᱩ ᱨᱟᱡ ᱫᱚ ᱜᱚᱴᱟ ᱠᱟᱯᱲᱟᱹ ᱜᱟᱲᱜᱮ ᱮ ᱟᱲᱟᱹᱷᱠᱮᱫᱼᱟ ᱟ।
train_santalimale_01687	wavs/train_santalimale_01687.wav	ᱢᱮᱱᱠᱷᱟᱱ ᱚᱠᱚᱭ ᱦᱚᱸ ᱩᱱᱤ ᱜᱤᱫᱨᱟᱹ ᱨᱮᱱ ᱮᱸᱜᱟᱫᱼᱟ ᱟᱯᱟᱫᱼᱟ ᱫᱚ ᱵᱟᱝᱠᱚ ᱚᱲᱚᱝ ᱞᱮᱱᱟ।
train_santalimale_01688	wavs/train_santalimale_01688.wav	ᱮᱱᱠᱷᱟᱱ ᱩᱱᱤ ᱜᱤᱫᱨᱟᱹ ᱫᱚ ᱠᱤᱥᱠᱩ ᱨᱟᱡᱜᱮ ᱦᱟᱨᱟ ᱵᱩᱨᱩ ᱠᱮᱫᱮᱭᱟ ᱟᱨ ᱮ ᱦᱟᱛᱟᱣ ᱠᱮᱫᱮᱭᱟ ᱟᱨ ᱩᱱᱤ ᱧᱟᱢ ᱜᱤᱫᱨᱟᱹ ᱫᱚ ᱢᱟᱫᱷᱩ ᱥᱤᱸᱦ ᱮ ᱧᱩᱛᱩᱢ ᱞᱮᱫᱮ ᱛᱟᱸᱦᱮᱸᱠᱟᱱᱟ।
train_santalimale_01689	wavs/train_santalimale_01689.wav	ᱠᱤᱥᱠᱩ ᱨᱟᱡ ᱫᱚ ᱟᱡᱟ: ᱠᱤᱥᱠᱩ ᱯᱟᱹᱨᱤᱥ ᱫᱚᱭ ᱮᱢᱟ: ᱫᱮᱭᱟ, ᱮᱱᱠᱷᱟᱱ ᱠᱷᱩᱸᱴ ᱫᱚ ᱵᱟᱭ ᱮᱢᱟ: ᱫᱮᱭᱟ।
train_santalimale_01690	wavs/train_santalimale_01690.wav	ᱢᱟᱫᱷᱩ ᱥᱤᱸᱦ ᱫᱚ ᱟᱹᱰᱤ ᱫᱷᱟᱲᱢᱟᱠᱟᱲ ᱡᱩᱣᱟᱱ ᱠᱮᱴᱮᱡᱼᱟ ᱮ ᱵᱮᱱᱟᱣ ᱮᱱᱟ।
train_santalimale_01691	wavs/train_santalimale_01691.wav	ᱥᱚᱸᱜᱮᱛᱮᱸᱜᱮ ᱟᱷ, ᱥᱟᱨ ᱟᱨ ᱠᱟᱹᱯᱤ, ᱵᱚᱨᱞᱟᱢ ᱠᱚ ᱫᱚᱭ ᱥᱟᱵᱼᱟ ᱠᱟᱛ ᱠᱟᱱ ᱛᱟᱸᱦᱮᱸᱠᱟᱱᱟ।
train_santalimale_01692	wavs/train_santalimale_01692.wav	ᱟᱷ ᱥᱟᱨ ᱛᱩᱧ, ᱠᱟᱹᱯᱤ ᱵᱚᱨᱞᱟᱢ ᱪᱟᱞᱟᱣ ᱨᱮ ᱫᱚ ᱟᱹᱰᱤ ᱯᱟᱨᱩᱠᱷᱤᱭᱟ ᱮ ᱵᱮᱱᱟᱣᱞᱮᱱ ᱛᱟᱸᱦᱮᱸᱠᱟᱱᱟ।
train_santalimale_01693	wavs/train_santalimale_01693.wav	ᱩᱱᱤ ᱢᱟᱫᱷᱩ ᱥᱤᱸᱦ ᱫᱚ ᱚᱱᱟ ᱪᱟᱢᱯᱟ ᱫᱤᱥᱚᱢ ᱨᱮᱱ ᱠᱩᱲᱤ ᱠᱚ ᱥᱟᱸᱣ ᱵᱟᱵᱼᱟᱞᱟ ᱥᱟᱱᱟ ᱠᱮᱫᱮᱭᱟ।
train_santalimale_01694	wavs/train_santalimale_01694.wav	ᱮᱱᱠᱷᱟᱱ ᱠᱤᱥᱠᱩ ᱨᱟᱡ ᱫᱚ ᱩᱱᱤ ᱵᱟᱵᱼᱟᱞᱟᱭᱮ ᱞᱟᱹᱜᱤᱫᱼᱟ ᱛᱮ ᱜᱚᱴᱟ ᱪᱟᱢᱯᱟ ᱫᱤᱥᱚᱢ ᱨᱮ ᱵᱟᱹᱦᱩ ᱮ ᱯᱟᱱᱛᱮᱠᱮᱫᱼᱟ ᱠᱚᱣᱟ।
train_santalimale_01695	wavs/train_santalimale_01695.wav	ᱢᱮᱱᱠᱷᱟᱱ ᱚᱠᱚᱭ ᱦᱚ ᱩᱱᱤ ᱢᱟᱫᱷᱚ ᱥᱤᱸᱦ ᱥᱟᱸᱣ ᱫᱚ ᱵᱟᱵᱼᱟᱞᱟ ᱵᱟᱝᱠᱚ ᱨᱮᱵᱮᱱ ᱞᱮᱱᱟ, ᱚᱠᱚᱭ ᱦᱚᱸ ᱦᱚᱯᱚᱱ ᱮᱨᱟ ᱮᱢᱚᱷ ᱵᱟᱝᱠᱚ ᱨᱮᱵᱮᱱ ᱞᱮᱱᱟ।
train_santalimale_01696	wavs/train_santalimale_01696.wav	ᱥᱟᱱᱟᱢ ᱠᱚ ᱢᱮᱱᱠᱮᱫᱼᱟ ᱟ ᱱᱩᱤ ᱢᱟᱫᱷᱚ ᱥᱤᱸᱦ ᱫᱚ ᱵᱤᱫᱷᱣᱟ ᱜᱤᱫᱨᱟᱹ ᱠᱟᱱᱟᱭ।
train_santalimale_01697	wavs/train_santalimale_01697.wav	ᱥᱟᱱᱟᱢ ᱪᱟᱢᱯᱟ ᱫᱤᱥᱚᱢ ᱦᱚᱲ ᱠᱤᱥᱠᱩ ᱨᱟᱡ ᱠᱚ ᱨᱚᱲ ᱱᱤᱥᱲᱟᱹᱣ ᱠᱮᱫᱮᱭᱟ।
train_santalimale_01698	wavs/train_santalimale_01698.wav	ᱱᱚᱣᱟ ᱠᱟᱛᱷᱟ ᱢᱟᱫᱷᱚ ᱥᱤᱸᱦ ᱮ ᱟᱧᱡᱚᱢ ᱠᱮᱫᱼᱟᱠᱷᱟᱱ ᱟᱡᱟ: ᱡᱟᱱᱟᱢ ᱯᱟᱹᱨᱤᱥ ᱟᱨ ᱚᱠᱚᱭ ᱨᱮᱱ ᱜᱤᱫᱨᱟᱹ ᱠᱟᱱᱟᱭ ᱵᱟᱰᱟᱭ ᱞᱟᱹᱜᱤᱫᱼᱟ ᱛᱮ ᱠᱤᱥᱠᱩ ᱨᱟᱡ ᱴᱷᱮᱱ ᱮ ᱪᱟᱞᱟᱣ ᱮᱱᱟ।
train_santalimale_01699	wavs/train_santalimale_01699.wav	ᱢᱮᱱᱠᱷᱟᱱ ᱠᱤᱥᱠᱩ ᱨᱟᱡ ᱫᱚ ᱟᱡᱟ: ᱡᱟᱱᱟᱢ ᱵᱩᱴᱟᱹ ᱠᱟᱛᱷᱟ ᱵᱟᱝ ᱮ ᱞᱟᱹᱤ ᱥᱚᱫᱚᱨ ᱫᱟᱲᱮᱹ ᱟᱹᱫᱮᱭᱟ।
train_santalimale_01700	wavs/train_santalimale_01700.wav	ᱮᱱᱠᱷᱟᱱ ᱩᱱᱤ ᱜᱤᱫᱨᱟᱹ ᱟᱨᱦᱚᱸ ᱟᱸᱰᱤᱛᱮᱫᱼᱟ ᱮ ᱨᱟᱹᱜᱤᱭᱮᱱᱟ ᱟᱨ ᱠᱤᱥᱠᱩ ᱨᱟᱡ ᱜᱚᱭᱚᱡᱼᱟ ᱞᱟᱹᱜᱤᱫᱼᱟ ᱮ ᱯᱚᱨᱛᱚᱱᱠᱮᱫᱼᱟ ᱟ।
train_santalimale_01701	wavs/train_santalimale_01701.wav	ᱢᱟᱫᱷᱚ ᱥᱤᱸᱦ ᱫᱚ ᱥᱤᱧ ᱧᱤᱫᱟ ᱦᱚᱲ ᱜᱚᱭᱚᱡᱼᱟ ᱠᱚ ᱞᱟᱹᱜᱤᱫᱼᱟ ᱥᱟᱫᱚᱢ ᱛᱮ ᱫᱟᱸᱲᱟᱹ ᱵᱟᱲᱟᱹᱠᱮᱫᱼᱟ ᱟᱭ।
train_santalimale_01702	wavs/train_santalimale_01702.wav	ᱢᱤᱫᱼᱟ ᱫᱤᱱ ᱫᱚ ᱨᱟᱡ ᱚᱲᱟᱹ: ᱪᱟᱞᱟᱣ ᱠᱟᱛᱮ ᱠᱤᱥᱠᱩ ᱨᱟᱡ ᱜᱚᱭᱚᱡᱼᱟ ᱞᱟᱹᱜᱤᱫᱼᱟ ᱛᱮ ᱚᱲᱟᱹ ᱫᱩᱣᱟᱹᱨ ᱨᱮ ᱛᱟᱸᱲᱟᱹ: ᱟᱹᱫᱮᱭᱟᱭ।
train_santalimale_01703	wavs/train_santalimale_01703.wav	ᱥᱤᱸᱜᱟᱲ ᱫᱟᱠᱟ ᱡᱚᱢ ᱵᱟᱲᱟᱹᱠᱟᱛᱮ ᱧᱮᱞᱮᱠᱟᱱᱟ ᱠᱚ ᱢᱟᱫᱷᱚ ᱥᱤᱸᱦ ᱫᱚ ᱨᱟᱡ ᱫᱩᱣᱟᱹᱨ ᱨᱮ ᱫᱩᱰᱩᱯ ᱠᱟᱛᱮ ᱛᱟᱸᱲᱟᱹ: ᱟᱠᱟᱱᱟᱭ, ᱠᱤᱥᱠᱩ ᱨᱟᱡ ᱫᱚ ᱜᱮᱞᱵᱟᱨ ᱥᱟᱜᱟᱲ ᱜᱟᱲᱤ ᱨᱮ ᱟᱡᱟ: ᱥᱟᱡ ᱥᱟᱢᱟᱱ, ᱫᱷᱚᱱ ᱠᱚ ᱥᱟᱸᱵᱟᱣ ᱠᱟᱛᱮ ᱠᱟᱯᱰᱟ ᱜᱟᱲ ᱠᱷᱚᱱ ᱫᱚᱭ ᱧᱤᱨ ᱮᱱᱟ।
train_santalimale_01704	wavs/train_santalimale_01704.wav	ᱡᱟᱹᱯᱤᱫᱼᱟ ᱮᱵᱷᱮᱱ ᱠᱟᱛᱮ ᱢᱟᱫᱷᱚ ᱥᱤᱸᱦ ᱮ ᱵᱟᱲᱟᱹᱭᱠᱮᱫᱼᱟ ᱠᱷᱟᱱ ᱠᱤᱥᱠᱩ ᱨᱟᱡᱜᱟᱲ ᱨᱮᱫᱚ ᱥᱮᱸᱜᱮᱞᱮ ᱞᱟᱜᱟᱣᱮᱫᱼᱟ ᱱᱟ।
train_santalimale_01705	wavs/train_santalimale_01705.wav	ᱢᱟᱫᱷᱚ ᱥᱤᱸᱦ ᱫᱚ ᱠᱚᱸᱭᱲᱟᱹ ᱵᱟᱹᱜᱤᱠᱟᱛᱮ ᱠᱤᱥᱠᱩ ᱨᱟᱡ ᱯᱟᱱᱛᱮ ᱮ ᱫᱟᱹᱲ ᱠᱮᱫᱼᱟ ᱟᱭ।
train_santalimale_01706	wavs/train_santalimale_01706.wav	ᱢᱟᱫᱷᱚ ᱥᱤᱸᱦ ᱵᱚᱛᱚᱨᱛᱮ ᱠᱟᱯᱰᱟᱜᱟᱲ ᱦᱚᱲ ᱫᱚ ᱚᱸᱰᱮᱠᱷᱚᱱ ᱠᱚ ᱧᱤᱨ ᱵᱤᱰᱚᱜᱚᱣ ᱮᱱᱟ।
train_santalimale_01707	wavs/train_santalimale_01707.wav	ᱠᱟᱛᱷᱟᱭ ᱢᱮᱱᱟᱠᱚ ᱥᱮᱫᱟᱭ ᱵᱟᱨᱭᱟ ᱴᱩᱣᱟᱹᱨ ᱜᱤᱫᱨᱟᱹ ᱟᱭᱚᱡᱼᱟ ᱢᱟᱢᱟ ᱚᱲᱟᱹ: ᱠᱩᱠᱲᱟᱹ ᱜᱟᱲ ᱨᱮᱠᱤᱱ ᱦᱟᱨᱟ ᱵᱩᱨᱩ ᱠᱟᱱ ᱛᱟᱸᱦᱮᱸᱠᱟᱱᱟ।
train_santalimale_01708	wavs/train_santalimale_01708.wav	ᱠᱚᱲᱟᱹ ᱜᱤᱫᱨᱟᱹ ᱧᱩᱛᱩᱢ ᱫᱚ ᱠᱟᱲᱚ ᱟᱨ ᱠᱲᱤ ᱜᱤᱫᱨᱟᱹ ᱧᱩᱛᱩᱢ ᱫᱚ ᱠᱩᱤᱞᱤ ᱛᱟᱸᱦᱮᱸᱠᱟᱱᱟ।
train_santalimale_01709	wavs/train_santalimale_01709.wav	ᱢᱤᱫᱼᱟ ᱫᱤᱱᱟ: ᱠᱟᱛᱷᱟ ᱠᱟᱱᱟ ᱠᱩᱠᱲᱟᱹ ᱜᱟᱲ ᱨᱮ ᱫᱚ ᱜᱚᱢᱦᱟ ᱯᱟᱹᱨᱟᱹᱵ ᱠᱚ ᱢᱟᱱᱟᱣ ᱞᱟᱹᱜᱤᱫᱼᱟ।
train_santalimale_01710	wavs/train_santalimale_01710.wav	ᱚᱱᱟᱛᱮ ᱟᱛᱩ ᱨᱮᱱ ᱥᱟᱱᱟᱢ ᱦᱚᱲ, ᱦᱟᱱᱟᱱᱟᱣᱟ ᱠᱟᱹᱢᱤ ᱨᱮ ᱠᱚ ᱪᱷᱩᱴᱟᱹᱣ ᱠᱟᱱᱟ।
train_santalimale_01711	wavs/train_santalimale_01711.wav	ᱠᱩᱲᱤ ᱜᱤᱫᱨᱟᱹ ᱠᱚ ᱫᱚ ᱵᱷᱤᱛ ᱯᱚᱛᱟᱵ ᱮᱫᱟ ᱠᱚ, ᱟᱨ ᱟᱭᱚ ᱦᱚᱲᱠᱚ ᱫᱚ ᱜᱮᱭᱚᱡᱼᱟ ᱜᱩᱨᱤᱡᱼᱟ ᱮᱫᱟ ᱠᱚ।
train_santalimale_01712	wavs/train_santalimale_01712.wav	ᱩᱱᱚᱠᱤᱱ ᱜᱤᱫᱨᱟᱹ ᱨᱮᱱ ᱢᱟᱹᱢᱤᱫᱼᱟ ᱛᱮᱫ ᱫᱚ ᱚᱲᱟᱹ: ᱠᱚ ᱜᱮᱭᱚᱡᱼᱟ ᱜᱩᱨᱤᱪ ᱠᱟᱹᱢᱤ ᱨᱮᱭ ᱥᱟᱵᱼᱟ ᱟᱠᱟᱱᱟ।
train_santalimale_01713	wavs/train_santalimale_01713.wav	ᱢᱮᱱᱠᱷᱟᱱ ᱮᱴᱟ: ᱚᱲᱟᱹ: ᱠᱚ ᱨᱮᱱ ᱮᱜᱟᱸᱫᱼᱟ ᱠᱚ ᱫᱚ ᱡᱤᱞ, ᱯᱤᱴᱷᱟ, ᱫᱟᱠᱟᱩᱛᱩ, ᱵᱮᱱᱟᱣᱨᱮ ᱢᱮᱱᱟ: ᱠᱚᱣᱟ।
train_santalimale_01714	wavs/train_santalimale_01714.wav	ᱱᱚᱛᱮ ᱵᱟᱥᱭᱟᱢ ᱛᱤᱠᱤᱱᱚ: ᱠᱟᱱ ᱨᱮᱦᱚᱸ, ᱢᱟᱢᱤᱫᱼᱟ ᱛᱮᱫᱟ: ᱠᱟᱹᱢᱤ ᱫᱚ ᱵᱟᱝ ᱪᱟᱵᱟ: ᱠᱟᱱᱟ।
train_santalimale_01715	wavs/train_santalimale_01715.wav	ᱮᱱᱠᱷᱟᱱ ᱩᱱᱚᱠᱤᱱ ᱴᱩᱣᱟᱹᱨ ᱜᱤᱫᱨᱟᱹ ᱦᱚᱸ ᱮᱴᱟ: ᱦᱚᱲᱨᱮᱱ ᱜᱤᱫᱨᱟᱹ ᱞᱮᱠᱟ ᱡᱤᱞ ᱫᱟᱠᱟ ᱩᱛᱩ ᱟᱨ ᱯᱤᱴᱷᱟᱠᱚ ᱡᱚᱢ ᱥᱟᱱᱟᱠᱮᱫᱼᱟ ᱠᱤᱱᱟ।
train_santalimale_01716	wavs/train_santalimale_01716.wav	ᱟᱫᱚ ᱟᱠᱤᱱ ᱨᱮᱱ ᱢᱟᱢᱤ ᱴᱷᱮᱱ ᱪᱟᱞᱟᱣ ᱠᱟᱛᱮ ᱡᱤᱞ ᱫᱟᱠᱟ ᱡᱚᱢ ᱞᱟᱹᱜᱤᱛ ᱨᱟ: ᱨᱟ: ᱠᱤᱱ ᱪᱷᱩᱴᱟᱹᱣ ᱮᱱᱟ।
train_santalimale_01717	wavs/train_santalimale_01717.wav	ᱟᱠᱤᱱ ᱦᱚᱸ ᱡᱤᱞ ᱫᱟᱠᱟ ᱡᱚᱢ ᱞᱟᱹᱜᱤᱫᱼᱟ ᱟᱭᱚᱡᱼᱟ ᱢᱟᱢᱤᱠᱤᱱ ᱢᱮᱛᱟ: ᱫᱮᱭᱟ।
train_santalimale_01718	wavs/train_santalimale_01718.wav	ᱜᱤᱫᱨᱟᱹ ᱠᱤᱱᱟ: ᱠᱟᱛᱷᱟ ᱟᱡᱚᱢᱛᱮ ᱟᱭᱚᱡᱼᱟ ᱢᱟᱢᱤ ᱫᱚ ᱟᱹᱰᱤ ᱮ ᱨᱟᱹᱜᱤᱭᱮᱱᱟ।
train_santalimale_01719	wavs/train_santalimale_01719.wav	ᱨᱟᱹᱜᱤᱛᱮᱭ ᱢᱮᱱᱠᱮᱫᱼᱟ ᱟ ᱦᱚᱲ ᱫᱚ ᱜᱮᱭᱚᱡᱼᱟ ᱜᱩᱨᱤᱡᱼᱟ ᱠᱟᱹᱢᱤ ᱛᱮᱠᱚ ᱞᱟᱸᱜᱟ ᱪᱟᱵᱟᱷ ᱠᱟᱱᱟ, ᱟᱨ ᱱᱩᱠᱤᱱ ᱫᱚ ᱡᱤᱞ ᱯᱤᱴᱷᱟ ᱡᱚᱢ ᱞᱟᱹᱜᱤᱫᱼᱟ ᱠᱤᱱ ᱨᱟ: ᱨᱟ: ᱠᱟᱱᱟ।
train_santalimale_01720	wavs/train_santalimale_01720.wav	ᱫᱩ ᱥᱮ ᱵᱟᱹᱫᱛᱮ ᱪᱟᱞᱟ: ᱵᱤᱱ।
train_santalimale_01721	wavs/train_santalimale_01721.wav	ᱵᱟᱹᱫ ᱟᱲᱮᱹ ᱨᱟᱯᱩᱫᱼᱟ ᱟᱠᱟᱱᱟ ᱚᱱᱟ ᱮᱥᱮᱫᱼᱟ ᱠᱟᱛᱮ ᱦᱤᱡᱩᱷ ᱵᱤᱱ, ᱛᱚᱵᱮ ᱫᱟᱠᱟ ᱫᱚᱧ ᱮᱢᱟ ᱵᱤᱱᱟ।
train_santalimale_01722	wavs/train_santalimale_01722.wav	ᱮᱱᱠᱷᱟᱱ ᱩᱱᱚᱠᱤᱱ ᱴᱩᱣᱟᱹᱨ ᱜᱤᱫᱨᱟᱹ ᱫᱚ ᱠᱩᱰᱤ, ᱜᱟᱸᱭᱛᱟ ᱟᱨ ᱴᱷᱮᱠᱟ ᱠᱚ ᱥᱟᱵᱼᱟᱠᱟᱛᱮ ᱵᱟᱹᱫ ᱠᱟᱹᱢᱤ ᱵᱟᱹᱫ ᱛᱮᱠᱤᱱ ᱪᱟᱞᱟᱣᱮᱱᱟ।
train_santalimale_01723	wavs/train_santalimale_01723.wav	ᱱᱚᱛᱮ ᱟᱭᱚᱡᱼᱟ ᱢᱟᱢᱟ ᱫᱚ ᱡᱤᱞᱠᱚ ᱡᱚᱜᱟᱲ ᱠᱟᱛᱮ ᱚᱲᱟᱹ: ᱮ ᱦᱮᱡᱼᱟ ᱮᱱᱟ।
train_santalimale_01724	wavs/train_santalimale_01724.wav	ᱚᱲᱟᱹ: ᱨᱮ, ᱜᱤᱫᱨᱟᱹᱠᱤᱱ ᱵᱟᱝᱮ ᱧᱮᱞ ᱧᱟᱢ ᱮᱫᱼᱟ ᱠᱤᱱᱟ, ᱮᱱᱠᱷᱟᱱ ᱟᱭᱚᱡᱼᱟ ᱵᱟᱹᱦᱩ ᱠᱩᱞᱤ ᱠᱮᱫᱮᱭᱟᱭ ᱦᱮ ᱜᱚ ᱵᱷᱟᱜᱱᱟ ᱛᱤᱠᱤᱱ ᱫᱚ ᱚᱠᱟᱭᱮᱱᱟᱠᱤᱱ?
train_santalimale_01725	wavs/train_santalimale_01725.wav	ᱟᱭᱚᱡᱼᱟ ᱵᱟᱹᱦᱩ ᱮ ᱢᱮᱱᱠᱮᱫᱼᱟ ᱟ ᱤᱧ ᱜᱮ ᱵᱟᱹᱫ ᱛᱮ ᱟᱲᱮᱹ ᱮᱥᱮᱫᱼᱟ ᱠᱟᱹᱢᱤ ᱤᱧ ᱵᱷᱮᱡᱟ ᱟᱠᱟᱫᱼᱟ ᱠᱤᱱᱟ।
train_santalimale_01726	wavs/train_santalimale_01726.wav	ᱚᱲᱟᱹ: ᱨᱮ ᱠᱟᱹᱢᱤ ᱜᱮ ᱵᱟᱝᱚᱠᱤᱱ ᱠᱟᱹᱢᱤ ᱦᱚᱪᱚ ᱟᱧ ᱠᱟᱱᱟ।
train_santalimale_01727	wavs/train_santalimale_01727.wav	ᱥᱟᱨᱟᱜᱷᱟᱲᱤ ᱫᱟᱠᱟ ᱜᱮᱠᱤᱱ ᱧᱟᱢ ᱠᱟᱱᱟ, ᱚᱱᱟᱛᱮ ᱵᱟᱹᱫᱚᱛᱤᱧ ᱵᱷᱮᱡᱟ ᱟᱠᱟᱫᱼᱟ ᱠᱤᱱᱟ।
train_santalimale_01728	wavs/train_santalimale_01728.wav	ᱟᱠᱤᱱ ᱨᱮᱱ ᱢᱟᱹᱢᱤᱭᱟ: ᱱᱚᱣᱟ ᱠᱟᱛᱷᱟ ᱮ ᱟᱧᱡᱚᱢᱠᱮᱫᱼᱟ ᱠᱷᱟᱱ ᱟᱠᱤᱱ ᱨᱮᱱ ᱢᱟᱢᱚ ᱮ ᱢᱮᱱᱠᱮᱫᱼᱟ ᱟ ᱮ ᱜᱚ ᱛᱮᱦᱮᱧ ᱫᱚ ᱜᱚᱢᱦᱟ ᱯᱟᱹᱨᱟᱹᱵ ᱠᱟᱱᱟ।
train_santalimale_01729	wavs/train_santalimale_01729.wav	ᱛᱮᱦᱮᱸᱧ ᱫᱚ ᱵᱟᱹᱫ ᱨᱮ ᱫᱚ ᱵᱟᱠᱚ ᱠᱟᱹᱢᱤᱭᱟ, ᱪᱮᱫᱟᱷ ᱮᱢ ᱵᱷᱮᱡᱟ ᱠᱮᱫᱼᱟ ᱠᱤᱱᱟ।
train_santalimale_01730	wavs/train_santalimale_01730.wav	ᱱᱚᱣᱟ ᱠᱟᱛᱷᱟ ᱢᱮᱱᱠᱟᱛᱮ ᱟᱠᱤᱱ ᱨᱮᱱ ᱢᱟᱢᱤ ᱫᱚ ᱜᱤᱫᱨᱟᱹ ᱯᱟᱱᱛᱮ ᱵᱟᱹᱫ ᱛᱮ ᱪᱟᱞᱟᱣ ᱮᱱᱟᱭ।
train_santalimale_01731	wavs/train_santalimale_01731.wav	ᱯᱟᱱᱛᱮ ᱧᱟᱢ ᱠᱮᱫᱼᱟ ᱠᱤᱱᱟᱭ ᱢᱤᱫᱼᱟᱴᱟᱝ ᱵᱟᱹᱫ ᱨᱮ ᱵᱤᱧ ᱠᱟᱛᱮᱠᱤᱱ ᱞᱮᱭᱚᱧ ᱵᱟᱲᱟᱹᱭ ᱠᱟᱱᱟ।
train_santalimale_01732	wavs/train_santalimale_01732.wav	ᱵᱷᱟᱜᱱᱟ ᱜᱤᱫᱨᱟᱹ ᱵᱤᱧ ᱟᱠᱟᱱ ᱧᱮᱞᱛᱮ ᱟᱠᱤᱱ ᱨᱮᱱ ᱢᱟᱢᱤ ᱫᱚ ᱟᱹᱰᱤ ᱮ ᱵᱷᱟᱣᱱᱟ ᱮᱱᱟ।
train_santalimale_01733	wavs/train_santalimale_01733.wav	ᱴᱩᱣᱟᱹᱨ ᱜᱤᱫᱨᱟᱹ ᱦᱚᱸ ᱟᱭᱚᱡᱼᱟ ᱢᱟᱢᱤ ᱧᱮᱞᱛᱮ ᱟᱹᱰᱤᱠᱤᱱ ᱨᱟᱷᱠᱮᱫᱼᱟ ᱟ।
train_santalimale_01734	wavs/train_santalimale_01734.wav	ᱟᱨᱚᱠᱤᱱ ᱢᱮᱛᱟᱷ ᱫᱮᱭᱟ ᱢᱟᱢᱤ ᱟᱹᱞᱤᱧ ᱫᱚ ᱟᱫᱚ ᱢᱟᱢᱚ ᱚᱲᱟᱹ: ᱫᱚ ᱵᱟᱝ ᱞᱤᱧ ᱨᱩᱣᱟᱹᱰᱟ।
train_santalimale_01735	wavs/train_santalimale_01735.wav	ᱟᱹᱞᱤᱧ ᱫᱚ ᱵᱚᱦᱚᱷ ᱨᱮ ᱥᱤᱸᱫᱩᱨ ᱮᱢ ᱠᱟᱛᱮ ᱱᱟᱹᱤ ᱨᱮ ᱟᱲᱟᱹ: ᱠᱟᱹᱞᱤᱧ ᱢᱮᱸ।
train_santalimale_01736	wavs/train_santalimale_01736.wav	ᱯᱟᱹᱨᱟᱹᱵ ᱯᱩᱱᱟ ᱫᱤᱱ ᱨᱮ ᱫᱚ ᱛᱤᱥ ᱨᱮᱦᱚᱸ ᱢᱟᱢᱤ ᱛᱮᱠᱚᱣᱟ: ᱠᱟᱹᱢᱤ ᱫᱚ ᱵᱟᱝ ᱪᱟᱵᱟ ᱟ।
train_santalimale_01737	wavs/train_santalimale_01737.wav	ᱵᱷᱟᱜᱱᱟ ᱜᱤᱫᱨᱟᱹ ᱠᱟᱛᱷᱟ ᱟᱧᱡᱚᱢ ᱠᱟᱛᱮ, ᱟᱠᱤᱱ ᱨᱮᱱ ᱢᱟᱢᱟ ᱫᱚ ᱚᱲᱟᱹ: ᱛᱮ ᱪᱟᱞᱟᱣ ᱮᱱᱟᱭ।
train_santalimale_01738	wavs/train_santalimale_01738.wav	ᱚᱲᱟᱹ: ᱠᱷᱚᱱ ᱥᱤᱸᱫᱩᱨ ᱥᱩᱱᱩᱢ ᱟᱹᱜᱩ ᱠᱟᱛᱮ ᱵᱚᱦᱚ: ᱨᱮ ᱥᱩᱱᱩᱢᱮ ᱚᱡᱚᱜᱟ: ᱠᱤᱱᱟ ᱟᱨ ᱢᱚᱞᱚᱝ ᱨᱮ ᱥᱤᱸᱫᱩᱨᱮ ᱴᱤᱲᱟᱹᱜᱟ: ᱠᱤᱱᱟ।
train_santalimale_01739	wavs/train_santalimale_01739.wav	ᱟᱨ ᱱᱟᱹᱤ ᱨᱮ ᱤᱫᱤᱠᱟᱛᱮ ᱟᱲᱟᱹ: ᱠᱟᱫᱼᱟ ᱠᱤᱱᱟᱭ।
train_santalimale_01740	wavs/train_santalimale_01740.wav	ᱢᱮᱱᱟᱠᱚ ᱡᱟᱦᱟᱸ ᱱᱟᱹᱤ ᱨᱮ ᱠᱚᱲᱟᱹ ᱜᱤᱫᱨᱟᱹ ᱟᱲᱟᱹ: ᱞᱮᱫᱮᱭᱟᱭ ᱚᱱᱟ ᱫᱚ ᱠᱟᱲᱚ ᱜᱟᱰᱟ ᱫᱚᱠᱚ ᱢᱮᱛᱟ: ᱟ।
train_santalimale_01741	wavs/train_santalimale_01741.wav	ᱟᱨ ᱡᱟᱦᱟᱸ ᱱᱟᱹᱤ ᱨᱮ ᱠᱩᱲᱤ ᱜᱤᱫᱨᱟᱹ ᱟᱲᱟᱹ: ᱞᱮᱫᱮᱭᱟᱭ ᱚᱱᱟ ᱫᱚ ᱠᱩᱤᱞᱤ ᱜᱟᱰᱟ ᱠᱚ ᱢᱮᱛᱟ: ᱠᱟᱱᱟ।
train_santalimale_01742	wavs/train_santalimale_01742.wav	ᱚᱱᱟ ᱛᱮ ᱱᱮᱛᱟᱨ ᱦᱚ ᱜᱚᱢᱦᱟ ᱯᱚᱨᱚᱵ ᱦᱤᱞᱚᱷ ᱫᱚ ᱵᱟᱹᱫᱼᱟ ᱠᱟᱹᱢᱤ ᱫᱚ ᱵᱟᱠᱚ ᱪᱟᱞᱟ: ᱟ।
train_santalimale_01743	wavs/train_santalimale_01743.wav	ᱟᱨ ᱢᱮᱱ ᱦᱚᱸ ᱠᱚ ᱢᱮᱱᱜᱮᱭᱟ ᱵᱟᱹᱫ ᱠᱟᱹᱢᱤ ᱪᱟᱞᱟᱣ ᱞᱮᱱᱠᱷᱟᱱ ᱵᱤᱵᱤᱧᱟ।
train_santalimale_01744	wavs/train_santalimale_01744.wav	ᱟᱨ ᱯᱟᱹᱨᱟᱹᱵ ᱯᱩᱱᱟ ᱫᱤᱱ ᱨᱮ ᱫᱚ, ᱟᱭᱚ ᱦᱚᱲᱠᱚᱣᱟᱷ ᱠᱟᱹᱢᱤ ᱫᱚ ᱛᱤᱥ ᱨᱮ ᱦᱚᱸ ᱵᱟᱝ ᱯᱩᱨᱟᱹ ᱟ।
train_santalimale_01745	wavs/train_santalimale_01745.wav	ᱠᱟᱛᱷᱟᱭ ᱢᱮᱱᱟᱠᱚᱸ, ᱥᱮᱫᱟᱭ ᱫᱷᱩᱸᱭᱥᱟᱲ ᱜᱟᱲ ᱨᱮ ᱢᱤᱫᱼᱟᱴᱟᱝ ᱨᱟᱡᱟ ᱮ ᱛᱟᱸᱦᱮᱸᱠᱟᱱᱟ।
train_santalimale_01746	wavs/train_santalimale_01746.wav	ᱩᱱᱤ ᱨᱮᱱ ᱫᱚ ᱮᱭᱟᱭ ᱜᱚᱴᱟᱝ ᱦᱚᱯᱚᱱ ᱮᱨᱟᱠᱚ ᱛᱟᱸᱦᱮᱸᱠᱟᱱᱟ।
train_santalimale_01747	wavs/train_santalimale_01747.wav	ᱥᱟᱱᱟᱢ ᱜᱮᱭ ᱜᱚᱰ ᱟᱠᱟᱫᱼᱟᱠᱚ ᱛᱟᱸᱦᱮᱸᱠᱟᱱᱟ।
train_santalimale_01748	wavs/train_santalimale_01748.wav	ᱚᱱᱟᱛᱮ ᱫᱷᱩᱸᱭᱥᱟᱲ ᱨᱟᱡᱟ ᱟᱨ ᱟᱭᱚᱡᱼᱟ ᱨᱮᱱ ᱨᱟᱱᱤ ᱫᱚ ᱫᱷᱩᱭᱸᱥᱟᱲ ᱜᱟᱲᱨᱮ ᱮᱠᱞᱟ ᱜᱮᱠᱤᱱ ᱛᱟᱸᱦᱮᱸᱱᱠᱟᱱ ᱛᱟᱸᱦᱮᱱ।
train_santalimale_01749	wavs/train_santalimale_01749.wav	ᱫᱷᱩᱸᱭᱥᱟᱲ ᱨᱟᱡᱟ ᱫᱚ ᱟᱲᱤ ᱢᱟᱨᱟᱝ ᱥᱮᱸᱫᱨᱟ ᱥᱤᱠᱟᱨᱤᱭᱟᱹ ᱮ ᱛᱟᱸᱦᱮᱸᱠᱟᱱ ᱛᱟᱸᱦᱮᱸᱠᱟᱱᱟ।
train_santalimale_01750	wavs/train_santalimale_01750.wav	ᱩᱱᱤ ᱫᱚ ᱫᱤᱱᱟᱢ ᱜᱮ ᱟᱭᱪᱨᱮᱱ ᱥᱤᱯᱟᱦᱤ ᱠᱚ ᱤᱫᱤᱠᱟᱛᱮ ᱵᱤᱨ ᱵᱩᱨᱩ ᱛᱮ ᱥᱮᱸᱫᱨᱟ ᱮ ᱪᱟᱞᱟ: ᱠᱟᱱ ᱛᱟᱸᱦᱮᱸᱠᱟᱱᱟ।
train_santalimale_01751	wavs/train_santalimale_01751.wav	ᱢᱤᱫᱼᱟᱫᱤᱱ ᱨᱟᱱᱤ ᱮ ᱢᱮᱱᱠᱮᱫᱼᱟ ᱟ ᱨᱟᱡᱟ, ᱟᱢ ᱢᱟᱛᱚ ᱫᱤᱱᱜᱮ ᱵᱤᱨᱛᱮ ᱥᱮᱸᱫᱨᱟ ᱮᱢ ᱪᱟᱞᱟ: ᱟ।
train_santalimale_01752	wavs/train_santalimale_01752.wav	ᱤᱧᱟᱷ ᱢᱤᱫᱼᱟᱴᱟᱝ ᱠᱟᱛᱷᱟ ᱢᱮᱱᱟ: ᱟ।
train_santalimale_01753	wavs/train_santalimale_01753.wav	ᱨᱟᱱᱤᱭᱟ: ᱠᱟᱛᱷᱟ ᱟᱧᱡᱚᱢ ᱠᱟᱛᱮ ᱨᱟᱡᱟ ᱮ ᱢᱮᱱᱠᱮᱫᱼᱟ ᱟ ᱞᱟᱹᱤ ᱢᱮ ᱪᱮᱫᱼᱟ ᱠᱟᱛᱷᱟ, ᱚᱡᱚᱢ ᱞᱮᱠᱟᱱᱟ ᱠᱟᱛᱷᱟ ᱠᱷᱟᱱ ᱟᱡᱚᱢᱟᱧ ᱵᱟᱝ ᱟᱧᱡᱚᱢ ᱞᱮᱠᱟᱱ ᱠᱟᱛᱷᱟ ᱠᱷᱟᱱ ᱵᱟᱧ ᱟᱡᱚᱢᱟ।
train_santalimale_01754	wavs/train_santalimale_01754.wav	ᱨᱟᱱᱤ ᱮ ᱢᱮᱱᱠᱮᱫᱼᱟ ᱟ ᱟᱢ ᱢᱟ ᱫᱤᱱᱜᱮ ᱵᱤᱨ ᱵᱩᱨᱩᱛᱮ ᱥᱮᱸᱫᱨᱟ ᱮᱢ ᱪᱟᱞᱟ: ᱟ।
train_santalimale_01755	wavs/train_santalimale_01755.wav	ᱤᱧᱟ: ᱢᱮᱱ ᱫᱚ, ᱠᱟᱱᱟ ᱪᱟᱸᱫᱚ ᱨᱟᱠᱟᱵᱼᱟ ᱵᱩᱨᱩᱛᱮ ᱫᱚ ᱥᱮᱸᱫᱨᱟ ᱟᱞᱚᱢ ᱪᱟᱞᱟ: ᱟ।
train_santalimale_01756	wavs/train_santalimale_01756.wav	ᱨᱟᱱᱤᱭᱟ: ᱱᱚᱣᱟ ᱠᱟᱛᱷᱟ ᱟᱧᱡᱚᱢᱠᱮᱫᱼᱟ ᱠᱷᱟᱱ ᱟᱨ ᱦᱚᱸ ᱵᱟᱰᱛᱤ ᱛᱮ ᱨᱟᱡᱟ ᱫᱚ ᱪᱟᱸᱫᱚ ᱨᱟᱠᱟᱵᱼᱟ ᱥᱮᱫᱟ ᱵᱤᱨ ᱵᱩᱨᱩ ᱛᱮ ᱥᱮᱸᱫᱨᱟ ᱪᱟᱞᱟᱣ ᱨᱮᱱᱟ: ᱨᱟᱹᱥᱠᱟᱹ ᱦᱮᱡᱼᱟ ᱟᱹᱫᱮᱭᱟ।
train_santalimale_01757	wavs/train_santalimale_01757.wav	ᱢᱮᱱᱠᱷᱟᱱ ᱱᱚᱣᱟ ᱦᱚᱸ ᱩᱤᱦᱟᱨ ᱵᱷᱟᱣᱱᱟ ᱨᱮᱭ ᱯᱟᱲᱟᱹᱣᱱᱟ।
train_santalimale_01758	wavs/train_santalimale_01758.wav	ᱛᱮᱦᱮᱧ ᱨᱟᱱᱤ ᱫᱚ ᱪᱟᱸᱫᱚ ᱨᱟᱠᱟᱵᱼᱟ ᱥᱮᱱᱟ ᱵᱩᱨᱩ ᱛᱮ ᱥᱮᱸᱫᱨᱟ ᱵᱟᱭ ᱪᱟᱞᱟᱣ ᱦᱚᱪᱚ ᱟᱧ ᱠᱟᱱᱟ।
train_santalimale_01759	wavs/train_santalimale_01759.wav	ᱢᱚᱱᱮ ᱢᱚᱱᱮᱛᱮ ᱢᱮᱱᱠᱮᱫᱟᱭ ᱛᱮᱦᱮᱧ ᱫᱚ ᱪᱟᱸᱫᱚ ᱨᱟᱠᱟᱵᱼᱟ ᱵᱩᱨᱩ ᱥᱮᱛᱜᱮ ᱥᱮᱸᱫᱨᱟ ᱫᱩᱧ ᱪᱟᱞᱟ: ᱟ।
train_santalimale_01760	wavs/train_santalimale_01760.wav	ᱡᱟᱣ ᱫᱤᱱ ᱞᱮᱠᱟᱜᱮ ᱫᱷᱩᱸᱭᱥᱟᱲ ᱨᱟᱡᱟ ᱫᱚ ᱟᱭᱚᱡᱼᱟᱨᱮᱱ ᱥᱤᱯᱟᱦᱤ ᱠᱚ ᱤᱫᱤ ᱠᱟᱛᱮ ᱥᱮᱸᱲᱟᱹ ᱥᱮᱸᱲᱟᱹ ᱠᱟᱹᱯᱤ, ᱵᱚᱨᱞᱟᱢ, ᱛᱟᱨᱣᱟᱲ ᱥᱟᱵᱼᱟ ᱠᱟᱛᱤ ᱪᱟᱸᱫᱚ ᱨᱟᱠᱟᱵᱼᱟ ᱥᱮᱱᱟ: ᱵᱤᱨᱛᱮᱭ ᱵᱚᱞᱚᱭᱮᱱᱟ।
train_santalimale_01761	wavs/train_santalimale_01761.wav	ᱪᱟᱞᱟᱣ ᱪᱟᱞᱟᱣ ᱛᱮ ᱟᱹᱰᱤ ᱥᱟᱹᱜᱤᱧ ᱠᱚ ᱪᱟᱞᱟᱣᱮᱱᱟ।
train_santalimale_01762	wavs/train_santalimale_01762.wav	ᱢᱮᱱᱠᱷᱟᱱ ᱦᱚᱨ ᱫᱷᱟᱨᱮ ᱠᱚ ᱨᱮ ᱪᱤᱞᱤ ᱦᱚᱸ ᱵᱟᱝᱠᱚ ᱧᱟᱢᱞᱮᱫᱼᱟ ᱠᱚᱣᱟ।
train_santalimale_01763	wavs/train_santalimale_01763.wav	ᱢᱤᱫᱼᱟᱴᱟᱝ ᱠᱩᱫ ᱡᱷᱟᱨᱱᱟ ᱟᱲᱮᱹ ᱨᱮ ᱟᱹᱰᱤ ᱢᱟᱨᱟᱝ ᱵᱤᱧᱮ ᱥᱟᱲ ᱟᱠᱟᱱᱟ।
train_santalimale_01764	wavs/train_santalimale_01764.wav	ᱵᱤᱧ ᱧᱮᱞᱛᱮ ᱠᱚᱸᱭᱰᱟ ᱨᱟᱡᱟ ᱫᱚ ᱛᱤᱸᱜᱩᱜᱮᱱᱟᱭ।
train_santalimale_01765	wavs/train_santalimale_01765.wav	ᱛᱤᱥ ᱨᱮᱦᱚᱸ ᱱᱩᱱᱢᱟᱨᱟᱝ ᱵᱤᱧ ᱫᱚ ᱵᱟᱭ ᱧᱮᱞ ᱟᱠᱟᱫᱼᱟ ᱠᱚ ᱛᱟᱸᱦᱮᱸᱠᱟᱱᱟ।
train_santalimale_01766	wavs/train_santalimale_01766.wav	ᱠᱷᱟᱱ ᱜᱮ ᱨᱟᱡᱟ ᱫᱚ ᱩᱱᱤ ᱵᱤᱧ ᱢᱟ: ᱜᱚᱭᱚᱡᱼᱟ ᱞᱟᱹᱜᱤᱫᱼᱟ ᱟ ᱥᱟᱨ ᱮ ᱥᱟᱵᱼᱟᱠᱮᱫᱼᱟ ᱟ।
train_santalimale_01767	wavs/train_santalimale_01767.wav	ᱵᱤᱧ ᱦᱚᱸ ᱨᱟᱹᱜᱤ ᱛᱮ ᱵᱚᱦᱚ: ᱥᱟᱲ ᱟᱛᱮ ᱪᱟᱦᱟᱵᱼᱟᱠᱮᱫᱟᱭ ᱨᱟᱡᱟ ᱫᱚ ᱩᱱᱤ ᱵᱤᱧᱟᱷ ᱢᱚᱪᱟ ᱨᱮ, ᱵᱚᱨᱞᱟᱢ ᱮ ᱪᱟᱯᱟᱫᱼᱟ ᱠᱷᱟᱹᱲᱠᱮᱫᱼᱟ ᱟ।
train_santalimale_01768	wavs/train_santalimale_01768.wav	ᱟᱨ ᱟ: ᱥᱟᱨ ᱛᱮᱭ ᱛᱩᱧ ᱠᱮᱫᱮᱭᱟ।
train_santalimale_01769	wavs/train_santalimale_01769.wav	ᱵᱤᱧ ᱫᱚ ᱨᱟᱹᱜᱤ ᱛᱮ ᱨᱟᱡᱟᱭ ᱥᱟᱵᱼᱟ ᱦᱚᱪᱚᱭᱮᱱᱟ।
train_santalimale_01770	wavs/train_santalimale_01770.wav	ᱢᱮᱱᱠᱷᱟᱱ ᱢᱚᱪᱟ ᱛᱮ ᱫᱚ ᱵᱟᱝᱮ ᱜᱮᱨ ᱫᱟᱲᱮᱹᱭᱟᱭ ᱠᱟᱱᱟ।
train_santalimale_01771	wavs/train_santalimale_01771.wav	ᱱᱚᱝᱠᱟ ᱛᱮ ᱨᱟᱡᱟ ᱟᱨ ᱵᱤᱧ ᱫᱚ ᱟᱹᱰᱤ ᱫᱷᱟᱣᱚᱠᱤᱱ ᱛᱟᱯᱟᱢ ᱮᱱᱟ।
train_santalimale_01772	wavs/train_santalimale_01772.wav	ᱨᱟᱡᱟ ᱫᱚ ᱵᱩᱰᱭᱟ: ᱛᱮ ᱵᱤᱧᱮ, ᱠᱩᱴᱟᱹᱢ ᱠᱮᱫᱮᱭᱟ।
train_santalimale_01773	wavs/train_santalimale_01773.wav	ᱢᱤᱫᱼᱟᱜᱷᱟᱲᱤ ᱛᱟᱭᱚᱢ ᱵᱤᱧ ᱫᱚ ᱪᱷᱚᱴᱯᱚᱴᱟᱣ ᱠᱟᱛᱮᱭ ᱜᱚᱭᱚᱡᱼᱟ ᱮᱱᱟ।
train_santalimale_01774	wavs/train_santalimale_01774.wav	ᱮᱱᱠᱷᱟᱱ ᱫᱷᱩᱸᱭᱥᱟᱲ ᱨᱟᱡᱟ ᱫᱚ ᱩᱱᱤ ᱵᱤᱧ ᱫᱚ ᱠᱩᱫ ᱡᱷᱟᱨᱱᱟ ᱵᱩᱴᱟᱹ ᱨᱮ ᱜᱚᱭᱚᱪᱠᱟᱛᱮ ᱵᱟᱹᱜᱤ ᱦᱚᱴᱚ ᱟᱫᱮᱭᱟᱭ।
train_santalimale_01775	wavs/train_santalimale_01775.wav	ᱟᱨ ᱟᱭᱚᱡᱼᱟᱨᱮᱱ ᱥᱤᱯᱟᱦᱤ ᱠᱚ ᱥᱟᱸᱣ ᱫᱷᱩᱸᱭᱥᱟᱲ ᱨᱟᱡᱜᱟᱲ ᱛᱮ ᱨᱩᱣᱟᱹᱰ ᱪᱟᱞᱟᱣ ᱮᱱᱟᱭ।
train_santalimale_01776	wavs/train_santalimale_01776.wav	ᱨᱟᱱᱤ ᱚᱲᱟᱹᱷ ᱨᱮ ᱫᱩᱰᱩᱯ ᱟᱠᱟᱱ ᱛᱟᱸᱦᱮᱸᱠᱟᱱᱟ।
train_santalimale_01777	wavs/train_santalimale_01777.wav	ᱪᱟᱸᱫᱚ ᱨᱟᱠᱟᱯ ᱵᱩᱨᱩ ᱥᱮᱫᱼᱟ ᱥᱮᱸᱫᱨᱟ ᱪᱟᱞᱟᱣᱞᱮᱱ ᱨᱮᱱᱟ: ᱠᱟᱛᱷᱟ ᱨᱟᱱᱤ ᱮ ᱞᱟᱭ ᱟᱫᱮᱭᱟ।
train_santalimale_01778	wavs/train_santalimale_01778.wav	ᱟᱨ ᱢᱟᱨᱟᱝ ᱩᱛᱟᱨ ᱵᱤᱧ ᱜᱚᱭᱚᱡᱼᱟ ᱦᱚᱴᱚ ᱟᱠᱟᱫᱼᱟ ᱫᱮ ᱨᱮᱭᱟ: ᱠᱟᱛᱷᱟ ᱦᱚᱸᱭ ᱞᱟᱹᱤ ᱟᱫᱮᱭᱟ।
train_santalimale_01779	wavs/train_santalimale_01779.wav	ᱫᱷᱩᱸᱭᱥᱟᱲ ᱨᱟᱱᱤ ᱫᱚ ᱪᱟᱸᱫᱚ ᱨᱟᱠᱟᱵᱼᱟ ᱵᱩᱨᱩ ᱯᱟᱦᱴᱟ ᱨᱮᱱ ᱵᱤᱧᱜᱚᱭᱚᱡᱼᱟ ᱟᱠᱟᱛ ᱫᱮ ᱨᱮᱭᱟᱷ ᱠᱟᱛᱷᱟ ᱟᱧᱡᱚᱢ ᱠᱟᱛᱮ ᱟᱹᱰᱤ ᱮ ᱵᱷᱟᱣᱱᱟ ᱮᱱᱟ।
train_santalimale_01780	wavs/train_santalimale_01780.wav	ᱛᱮᱦᱮᱧ ᱢᱟᱛᱚ ᱨᱟᱹᱥᱠᱟᱹ ᱨᱮᱱᱟ: ᱠᱟᱛᱷᱟ ᱠᱟᱱᱟ ᱱᱩᱱᱚᱫᱤᱱ ᱱᱩᱱᱥᱮᱨᱢᱟ ᱛᱟᱭᱚᱢ ᱱᱩᱱᱢᱟᱨᱟᱝ ᱵᱤᱧ ᱨᱟᱡᱟ ᱮ ᱜᱚᱭᱚᱡᱼᱟ ᱟᱠᱟᱫᱼᱟ ᱫᱮᱭᱟ ᱢᱮᱱᱟᱠᱚ ᱩᱱᱤ ᱵᱤᱧ ᱫᱚ ᱵᱚᱸᱜᱟ ᱠᱚᱲᱟᱹ ᱮ ᱛᱟᱸᱦᱮᱸᱠᱟᱱᱟ।
train_santalimale_01781	wavs/train_santalimale_01781.wav	ᱩᱱᱤ ᱵᱚᱸᱜᱟ ᱠᱚᱲᱟᱹ ᱫᱚ ᱨᱟᱱᱤ ᱨᱮᱱ ᱢᱟᱨᱮ ᱢᱤᱞᱣᱟᱜᱟᱛᱮ ᱮ ᱛᱟᱸᱦᱮᱸᱠᱟᱱᱟ, ᱚᱱᱟᱛᱮ ᱨᱟᱱᱤ ᱫᱚ ᱨᱟᱹᱥᱠᱟᱹ ᱠᱷᱚᱱ ᱫᱚ ᱟᱲᱤ ᱮ ᱵᱷᱟᱣᱱᱟᱞᱮᱱ ᱛᱟᱸᱦᱮᱸᱠᱟᱱᱟ।
train_santalimale_01782	wavs/train_santalimale_01782.wav	ᱢᱤᱫᱼᱟᱫᱤᱱ ᱩᱱᱤ ᱨᱟᱱᱤ ᱫᱚ ᱮᱠᱞᱟᱜᱮ ᱵᱤᱨ ᱛᱮᱭ ᱪᱟᱞᱟᱣᱮᱱᱟ।
train_santalimale_01783	wavs/train_santalimale_01783.wav	ᱡᱟᱦᱟᱸ ᱨᱮ ᱟᱡᱤᱡ ᱢᱤᱞᱣᱟ ᱜᱟᱛᱮ ᱵᱚᱸᱜᱟᱠᱚᱲᱟᱹ, ᱵᱤᱧ ᱪᱤᱱ ᱨᱮ ᱨᱟᱡᱟᱭ ᱜᱚᱭᱚᱡᱼᱟ ᱟᱠᱟᱫᱼᱟ ᱫᱮᱭᱟ ᱚᱱᱟ ᱴᱷᱟᱸᱣ ᱛᱮ।
train_santalimale_01784	wavs/train_santalimale_01784.wav	ᱵᱤᱧ ᱫᱚ ᱜᱮᱞᱵᱟᱨ ᱟᱨᱯᱟ ᱨᱮ ᱛᱤᱡᱼᱟ ᱠᱟᱛᱮᱭ ᱜᱚᱭᱚᱡᱼᱟ ᱟᱠᱟᱱᱟ।
train_santalimale_01785	wavs/train_santalimale_01785.wav	ᱨᱟᱱᱤ ᱫᱚ ᱵᱤᱧᱣᱟ: ᱜᱚᱭᱚᱡᱼᱟ ᱦᱚᱲᱢᱚ ᱧᱮᱞᱛᱮ ᱟᱲᱤ ᱮ ᱨᱟ: ᱵᱷᱟᱣᱱᱟᱭᱮᱱᱟ।
train_santalimale_01786	wavs/train_santalimale_01786.wav	ᱛᱟᱭᱚᱢ ᱛᱮ ᱦᱚᱲᱢᱚ ᱠᱷᱚᱱ ᱢᱤᱫᱼᱟᱴᱮᱱ ᱡᱟᱝ ᱚᱰᱚᱝ ᱠᱟᱛᱮ ᱚᱲᱟᱹᱷ ᱛᱮᱭ ᱟᱹᱜᱩᱠᱮᱫᱼᱟ ᱟ।
train_santalimale_01787	wavs/train_santalimale_01787.wav	ᱟᱨ ᱚᱱᱟ ᱡᱟᱝ ᱫᱚ ᱟᱠᱚᱣᱟ ᱵᱟᱲ ᱜᱮ ᱨᱮ ᱛᱚᱯᱟᱠᱟᱫᱼᱟ ᱱᱟᱭ।
train_santalimale_01788	wavs/train_santalimale_01788.wav	ᱠᱤᱪᱷᱩ ᱫᱤᱱ ᱛᱟᱭᱚᱢ ᱠᱷᱟᱱ ᱜᱮ ᱚᱱᱟ ᱡᱟᱝ ᱵᱟᱦᱟ ᱠᱷᱚᱱ ᱫᱚ ᱢᱤᱫᱼᱟᱴᱟᱝ ᱵᱟᱦᱟ ᱫᱟᱨᱮ ᱚᱢᱚᱱ ᱮᱱᱟ।
train_santalimale_01789	wavs/train_santalimale_01789.wav	ᱚᱱᱟ ᱵᱟᱦᱟ ᱫᱟᱨᱮ ᱨᱮᱱᱟ: ᱧᱩᱛᱩᱢ ᱫᱚ ᱠᱟᱨᱤᱱᱟᱜᱤᱱ ᱦᱟᱨ ᱵᱟᱦᱟ ᱧᱩᱛᱩᱢᱟ ᱫᱟᱭ।
train_santalimale_01790	wavs/train_santalimale_01790.wav	ᱟᱫᱚ ᱩᱱᱤ ᱨᱟᱱᱤ ᱫᱚ ᱟᱭᱚᱡᱼᱟ ᱨᱮᱱ ᱡᱟᱸᱣᱟᱭ ᱠᱚᱲᱟᱹ ᱨᱟᱡᱟ ᱜᱚᱭᱚᱡᱼᱟ ᱞᱟᱹᱜᱤᱫᱼᱟ ᱟᱹᱰᱤ ᱞᱮᱠᱟᱭ ᱨᱤᱠᱟᱹᱠᱮᱫᱼᱟ ᱟ।
train_santalimale_01791	wavs/train_santalimale_01791.wav	ᱢᱮᱱᱠᱷᱟᱱ ᱚᱠᱟ ᱞᱮᱠᱟ ᱛᱮᱦᱚᱸ ᱵᱟᱭ ᱜᱚᱭᱚᱡᱼᱟ ᱫᱟᱲᱮᱹ ᱟᱫᱮᱭᱟ।
train_santalimale_01792	wavs/train_santalimale_01792.wav	ᱢᱤᱫᱼᱟᱫᱤᱱ ᱨᱟᱡ ᱵᱟᱰᱜᱮ ᱨᱮ ᱨᱟᱱᱤ ᱫᱚ ᱮᱠᱞᱟᱜᱮ ᱫᱟᱸᱲᱟᱹ ᱵᱟᱰᱟᱭ ᱠᱟᱱ ᱛᱟᱸᱦᱮᱸᱠᱟᱱᱟ।
train_santalimale_01793	wavs/train_santalimale_01793.wav	ᱩᱱᱡᱚᱦᱚ: ᱧᱮᱞ ᱠᱮᱫᱟᱭ, ᱚᱱᱟ ᱡᱟᱝ ᱛᱚᱯᱟ ᱴᱷᱟᱸᱣ ᱠᱷᱚᱱ ᱫᱚ ᱢᱤᱫᱼᱟᱴᱟᱝ ᱟᱹᱰᱤ ᱪᱮᱦᱨᱟ ᱵᱟᱦᱟ ᱫᱟᱨᱮ ᱚᱢᱚᱱ ᱟᱠᱟᱱᱟ ᱟᱨ ᱟᱹᱰᱤ ᱪᱮᱦᱨᱟ ᱵᱤᱧ ᱥᱟᱲ ᱟᱠᱟᱫᱼᱟ ᱞᱮᱠᱟ ᱵᱟᱦᱟ ᱟᱠᱟᱱᱟ।
train_santalimale_01794	wavs/train_santalimale_01794.wav	ᱚᱱᱟ ᱵᱟᱦᱟ ᱧᱮᱞᱛᱮ ᱨᱟᱱᱤ ᱫᱚ ᱟᱹᱰᱤ ᱮ ᱠᱩᱥᱤᱭᱮᱱᱟ।
train_santalimale_01795	wavs/train_santalimale_01795.wav	ᱟᱫᱚ ᱚᱲᱟᱹᱷ ᱦᱮᱡᱼᱟᱠᱟᱛᱮ ᱨᱟᱡᱟ ᱮ ᱢᱮᱛᱟᱭ ᱠᱟᱱᱟ ᱟᱢᱟ: ᱨᱟᱡ ᱵᱟᱲᱜᱮ ᱨᱮ ᱟᱹᱰᱤ ᱞᱮᱠᱟᱱ ᱵᱟᱦᱟ ᱫᱟᱨᱮ ᱨᱮ ᱟᱹᱰᱤᱞᱮᱠᱟᱱ ᱵᱟᱦᱟ ᱢᱮᱱᱟ: ᱟ।
train_santalimale_01796	wavs/train_santalimale_01796.wav	ᱡᱩᱫᱤ ᱟᱢ ᱥᱟᱹᱨᱤᱜᱮ ᱤᱧ ᱡᱟᱸᱣᱟᱭ ᱠᱟᱱᱟᱢ ᱮᱱᱠᱷᱟᱱ ᱥᱟᱱᱟᱢ ᱵᱟᱦᱟ ᱨᱮᱱᱟᱷ ᱧᱩᱛᱩᱢᱮᱢ ᱞᱟᱭ ᱫᱟᱲᱮᱹᱭᱟ: ᱟ, ᱤᱧ ᱡᱟᱸᱣᱟᱭ ᱵᱟᱝᱠᱟᱱ ᱠᱷᱟᱱᱮᱢ ᱡᱮᱛᱮ ᱵᱟᱦᱟ ᱨᱮᱱᱟᱷ ᱧᱩᱛᱩᱢ ᱫᱚ ᱵᱟᱝᱮᱢ ᱞᱟᱭᱠᱮᱭᱟ।
train_santalimale_01797	wavs/train_santalimale_01797.wav	ᱨᱟᱱᱤᱭᱟ: ᱢᱚᱪᱟ ᱠᱷᱚᱱ ᱱᱚᱣᱟ ᱠᱟᱛᱷᱟ ᱟᱧᱡᱚᱢ ᱠᱟᱛᱮ ᱟᱨ ᱦᱚᱸ ᱨᱟᱡᱟ ᱫᱚ ᱟᱝᱤ ᱵᱷᱟᱵᱤᱛ ᱨᱮ ᱧᱩᱨ ᱮᱱᱟᱭ।
train_santalimale_01798	wavs/train_santalimale_01798.wav	ᱨᱟᱱᱤ ᱫᱚ ᱪᱮᱫᱼᱟ ᱮ ᱞᱟᱹᱤ ᱨᱩᱣᱟᱹᱲ ᱟᱭᱟ।
train_santalimale_01799	wavs/train_santalimale_01799.wav	ᱢᱤᱫᱼᱟᱜᱷᱟᱲᱤ ᱛᱟᱭᱚᱢ ᱨᱟᱡᱟ ᱮ ᱢᱮᱱᱠᱮᱫᱼᱟ ᱟ, ᱦᱮᱸ ᱥᱟᱱᱟᱢ ᱵᱟᱦᱟ ᱨᱮᱱᱟ: ᱧᱩᱛᱩᱢ ᱤᱧ ᱞᱟᱹᱤ ᱫᱟᱲᱮᱹᱭᱟ: ᱟ।
train_santalimale_01800	wavs/train_santalimale_01800.wav	ᱮᱱᱠᱷᱟᱱ ᱨᱟᱱᱤ ᱮ ᱢᱮᱱᱠᱮᱫᱼᱟ ᱡᱩᱫᱤ ᱥᱟᱱᱟᱢ ᱫᱟᱨᱮ ᱨᱮᱱᱟᱷ ᱵᱟᱦᱟ ᱧᱩᱛᱩᱢ ᱮᱢ ᱞᱟᱹᱤ ᱠᱮᱭᱟ ᱮᱱᱠᱷᱟᱱ ᱤᱧ ᱜᱚᱡᱤᱧ ᱢᱮ।
train_santalimale_01801	wavs/train_santalimale_01801.wav	ᱟᱨ ᱡᱩᱫᱤ ᱟᱢ ᱵᱟᱢ ᱞᱟᱹᱭᱠᱮᱭᱟ ᱮᱱᱠᱷᱟᱱ ᱟᱢᱤᱧ ᱜᱚᱭᱚᱡᱼᱟ ᱢᱮᱭᱟ।
train_santalimale_01802	wavs/train_santalimale_01802.wav	ᱨᱟᱱᱤᱭᱟ: ᱱᱚᱣᱟ ᱥᱚᱨᱚᱛ ᱠᱟᱛᱷᱟ ᱟᱧᱡᱚᱢ ᱠᱟᱛᱮ ᱨᱟᱡᱟᱭ ᱢᱮᱱᱠᱮᱫᱼᱟ ᱦᱮᱸ ᱛᱚᱠᱷᱟᱱ ᱟᱢᱟ: ᱠᱟᱛᱷᱟ ᱛᱮᱜᱮ ᱠᱟᱹᱢᱤ ᱫᱚ ᱦᱩᱭᱩ: ᱟ।
train_santalimale_01803	wavs/train_santalimale_01803.wav	ᱢᱮᱱᱠᱷᱟᱱ ᱤᱧᱟᱷ ᱢᱮᱱ ᱫᱚ ᱱᱚᱣᱟ ᱠᱟᱹᱢᱤ ᱫᱚ ᱥᱟᱠᱨᱟᱛ ᱦᱤᱞᱚᱷ ᱞᱟᱝ ᱠᱟᱹᱢᱤᱭᱟ।
train_santalimale_01804	wavs/train_santalimale_01804.wav	ᱫᱷᱩᱸᱭᱥᱟᱲ ᱨᱟᱡᱟ ᱟᱨᱟ ᱨᱟᱱᱤᱭᱟ ᱦᱮᱴᱟᱵᱟᱹᱫᱤ ᱠᱟᱛᱷᱟ ᱫᱤᱥᱚᱢ ᱦᱚᱲ ᱴᱷᱮᱱ ᱰᱟᱠᱨᱟ ᱦᱚᱪᱚ ᱠᱮᱫᱟᱠᱤᱱ, ᱨᱟᱡᱟ ᱨᱟᱱᱤᱭᱟ: ᱦᱮᱴᱟᱵᱟᱹᱫᱤ ᱧᱮᱞ ᱞᱟᱹᱜᱤᱫᱼᱟ ᱥᱟᱱᱟᱢ ᱟᱹᱛᱩ ᱫᱤᱥᱚᱢ ᱦᱚᱲ ᱫᱷᱩᱸᱭᱥᱟᱲ ᱜᱟᱲ ᱛᱮ ᱠᱚ ᱥᱮᱴᱮᱨ ᱮᱱᱟ।
train_santalimale_01805	wavs/train_santalimale_01805.wav	ᱨᱟᱱᱤ ᱫᱚ ᱨᱟᱡᱟ ᱤᱫᱤ ᱠᱟᱛᱮ ᱨᱟᱡ ᱵᱟᱲᱜᱮ ᱮ ᱵᱚᱞᱚᱭᱮᱱᱟ।
train_santalimale_01806	wavs/train_santalimale_01806.wav	ᱨᱟᱡᱟ ᱫᱚ ᱢᱤᱢᱤᱫᱼᱟᱴᱟᱝ ᱛᱮ ᱵᱟᱦᱟ ᱧᱩᱛᱩᱢ ᱮ ᱞᱟᱭᱠᱮᱫᱼᱟ ᱟ।
train_santalimale_01807	wavs/train_santalimale_01807.wav	ᱡᱟᱦᱟᱸ ᱵᱟᱦᱟ ᱨᱮᱱᱟ: ᱥᱩᱦᱤ ᱵᱟᱦᱟ ᱧᱩᱛᱩᱢ ᱠᱟᱱᱟ, ᱚᱱᱟ ᱫᱚ ᱵᱟᱦᱟ ᱧᱩᱛᱩᱢ ᱥᱟᱸᱣᱛᱮᱜᱮ, ᱵᱟᱦᱟ ᱫᱚ ᱜᱚᱥᱚ: ᱠᱟᱱ ᱛᱟᱸᱦᱮᱸᱠᱟᱱᱟ।
train_santalimale_01808	wavs/train_santalimale_01808.wav	ᱢᱮᱱᱠᱷᱟᱱ ᱢᱩᱪᱟᱫᱼᱟ ᱨᱮ ᱨᱟᱱᱤ ᱛᱚᱯᱟ ᱟᱠᱟᱱ ᱵᱟᱦᱟ ᱫᱟᱨᱮ ᱨᱮᱱᱟ: ᱵᱟᱦᱟ ᱧᱩᱛᱩᱢ ᱨᱮ ᱫᱚ ᱵᱟᱦᱟ ᱵᱟᱝ ᱜᱚᱥᱚ ᱞᱮᱱᱟ।
train_santalimale_01809	wavs/train_santalimale_01809.wav	ᱮᱱᱠᱷᱟᱱ ᱨᱟᱱᱤ ᱫᱚ ᱥᱟᱠᱨᱟᱫᱼᱟ ᱫᱚᱥᱟᱨ ᱟᱠᱷᱟᱱᱡᱟᱛᱨᱟ ᱦᱤᱞᱚ: ᱨᱟᱡᱟ ᱢᱟ: ᱜᱚᱭᱚᱡᱼᱟ ᱨᱮᱱᱟ: ᱠᱟᱛᱷᱟᱭ ᱨᱚᱲᱠᱮᱫᱼᱟ ᱟ।
train_santalimale_01810	wavs/train_santalimale_01810.wav	ᱱᱚᱛᱮ ᱟᱭᱚᱡᱼᱟᱨᱮᱱ ᱮᱭᱟᱭ ᱦᱚᱯᱟᱱ ᱮᱨᱟ ᱠᱚ ᱦᱚᱸ ᱠᱤᱱ ᱱᱮᱣᱛᱟ ᱵᱟᱨᱛᱮ ᱟᱠᱟᱫᱼᱟ ᱠᱚᱣᱟ।
train_santalimale_01811	wavs/train_santalimale_01811.wav	ᱢᱟᱨᱟᱝᱤᱡᱼᱟ ᱦᱚᱯᱚᱱ ᱮᱨᱟ ᱫᱚ ᱜᱮᱞᱵᱟᱨ ᱵᱩᱨᱩ ᱯᱟᱨᱚᱢ ᱨᱮ ᱜᱚᱝ ᱟᱠᱚᱫᱼᱟ ᱫᱮᱛᱮ ᱞᱚᱜᱚᱱ ᱛᱮ, ᱟᱭᱚ ᱵᱟᱵᱟ ᱚᱲᱟᱹᱷ ᱵᱟᱝᱮ ᱥᱮᱴᱮᱨ ᱫᱟᱲᱮᱹᱭᱟ: ᱠᱟᱱ ᱛᱟᱸᱦᱮᱸᱠᱟᱱᱟ।
train_santalimale_01812	wavs/train_santalimale_01812.wav	ᱚᱠᱟ ᱡᱚᱦᱚ: ᱫᱚᱭ ᱫᱟᱲᱟᱹ, ᱚᱠᱟ ᱡᱚᱦᱚ: ᱫᱚᱭ ᱛᱟᱲᱟᱹᱢᱟ ᱟᱨ ᱚᱠᱟ ᱡᱚᱦᱚ: ᱫᱚ ᱫᱟᱨᱮ ᱵᱩᱴᱟᱹ ᱨᱮᱭ ᱫᱩᱰᱩᱵᱼᱟ ᱟ।
train_santalimale_01813	wavs/train_santalimale_01813.wav	ᱚᱱᱠᱟ ᱚᱱᱠᱟᱛᱮ ᱜᱮᱞᱚᱢᱤᱫᱼᱟ ᱵᱩᱨᱩ ᱫᱚ ᱯᱟᱨᱩᱢ ᱟᱹᱜᱩ ᱠᱮᱫᱟᱭ।
train_santalimale_01814	wavs/train_santalimale_01814.wav	ᱱᱚᱛᱮ ᱵᱟᱵᱟ ᱠᱚ ᱜᱚᱡᱮ ᱠᱟᱱ ᱨᱮᱱᱟ: ᱠᱟᱛᱷᱟ ᱫᱚᱭ ᱵᱟᱰᱟᱭ ᱜᱚᱫᱼᱟ ᱠᱮᱫᱼᱟ ᱟ।
train_santalimale_01815	wavs/train_santalimale_01815.wav	ᱚᱱᱟ ᱵᱷᱟᱣᱱᱟ ᱛᱮ ᱩᱱᱤ ᱫᱚ ᱢᱤᱫᱼᱟᱴᱟᱝ ᱥᱟᱨᱡᱚᱢ ᱫᱟᱨᱮ ᱵᱩᱴᱟᱹ ᱨᱮᱭ ᱫᱩᱰᱩᱵᱼᱟ ᱜᱤᱛᱤᱡᱼᱟ ᱮᱱᱟ।
train_santalimale_01816	wavs/train_santalimale_01816.wav	ᱩᱱᱡᱚᱦᱚ: ᱚᱱᱟ ᱥᱟᱨᱡᱚᱢ ᱫᱟᱨᱮ ᱨᱮᱱᱟ: ᱨᱚᱦᱚᱲ ᱲᱟᱹᱨ ᱨᱮ ᱢᱤᱫᱼᱟᱴᱟᱝ ᱥᱮᱸᱜᱮᱞ ᱜᱤᱫᱤ ᱮᱸᱜᱟ ᱫᱚᱭ ᱛᱩᱠᱟᱹ ᱟᱠᱟᱫᱼᱟ ᱟ।
train_santalimale_01817	wavs/train_santalimale_01817.wav	ᱛᱩᱠᱟᱹ ᱨᱮ ᱵᱟᱨᱭᱟ ᱜᱤᱫᱤ ᱦᱚᱯᱚᱱ ᱢᱮᱱᱟ: ᱠᱤᱱᱟ।
train_santalimale_01818	wavs/train_santalimale_01818.wav	ᱩᱱᱚᱠᱤᱱ ᱜᱤᱫᱤ ᱦᱚᱯᱚᱱ ᱫᱚ ᱨᱮᱸᱜᱮᱡᱼᱟ ᱛᱮ ᱡᱤᱞ ᱞᱟᱹᱜᱤᱫᱼᱟ ᱠᱤᱱ ᱨᱟᱜᱮᱫᱼᱟ ᱛᱟᱸᱦᱮᱸᱠᱟᱱᱟ।
train_santalimale_01819	wavs/train_santalimale_01819.wav	ᱩᱱᱡᱚᱦᱚ: ᱜᱤᱫᱤ ᱮᱸᱜᱟᱫᱼᱟ ᱫᱚᱭ ᱢᱮᱱᱠᱮᱫᱼᱟ ᱟ ᱟᱞᱚ ᱵᱤᱱ ᱨᱟᱜᱟ, ᱛᱷᱤᱨᱩ ᱵᱤᱱ, ᱜᱟᱯᱟ ᱫᱚ ᱫᱷᱩᱸᱭᱥᱟᱲ ᱨᱮᱱ ᱨᱟᱡᱟᱣᱟ: ᱡᱤᱞ ᱤᱧ ᱟᱹᱜᱩ ᱟᱵᱤᱱᱟ।
train_santalimale_01820	wavs/train_santalimale_01820.wav	ᱜᱟᱯᱟ ᱫᱚ ᱨᱟᱡᱟᱠᱚ ᱢᱟ: ᱜᱚᱡᱮᱭᱟ?
train_santalimale_01821	wavs/train_santalimale_01821.wav	ᱮᱱᱠᱷᱟᱱ, ᱩᱱᱚᱠᱤᱱ ᱜᱤᱫᱤ ᱦᱚᱯᱚᱱᱚᱠᱤᱱ ᱢᱮᱱᱠᱮᱫᱼᱟ ᱟ ᱪᱮᱫᱼᱟ ᱞᱟᱹᱜᱤᱫᱼᱟ ᱠᱚ ᱢᱟᱷ ᱜᱚᱡᱮᱭᱟ?
train_santalimale_01822	wavs/train_santalimale_01822.wav	ᱮᱸᱜᱟ ᱮ ᱢᱮᱱᱠᱮᱫᱼᱟ ᱟ ᱨᱟᱡᱟ, ᱟᱠᱚᱣᱟ: ᱵᱟᱲᱜᱮ ᱨᱮ ᱨᱟᱱᱤ ᱛᱚᱯᱟ ᱟᱠᱟᱫᱼᱟ ᱡᱟᱝ ᱵᱟᱦᱟ ᱨᱮᱱᱟ: ᱧᱩᱛᱩᱢ ᱵᱟᱭ ᱞᱟᱹᱭ ᱫᱟᱲᱮᱹ ᱟᱠᱟᱫᱟ?
train_santalimale_01823	wavs/train_santalimale_01823.wav	ᱮᱱᱠᱷᱟᱱ ᱩᱱᱚᱠᱤᱱ ᱪᱮᱲᱮᱹ ᱦᱚᱯᱚᱱ ᱠᱤᱱ ᱢᱮᱱᱠᱮᱫᱼᱟ ᱟ ᱵᱟᱦᱟ ᱨᱮᱱᱟᱷ ᱧᱩᱛᱩᱢ ᱫᱚ ᱪᱮᱫᱼᱟ ᱠᱟᱱᱟ?
train_santalimale_01824	wavs/train_santalimale_01824.wav	ᱜᱤᱫᱤ ᱮᱸᱜᱟ ᱢᱮᱱᱠᱮᱫᱼᱟ ᱟᱭ ᱚᱱᱟ ᱡᱟᱝ ᱵᱟᱦᱟ ᱫᱟᱨᱮ ᱨᱮᱱᱟᱷ ᱧᱩᱛᱩᱢ ᱫᱚ ᱠᱟᱨᱤᱱᱟᱜᱤᱱ ᱦᱟᱨ ᱵᱟᱦᱟ।
train_santalimale_01825	wavs/train_santalimale_01825.wav	ᱫᱟᱨᱮ ᱞᱟᱛᱟᱨ ᱨᱮ ᱜᱤᱛᱤᱡᱼᱟ ᱟᱠᱟᱱ ᱨᱟᱡᱟ ᱨᱮᱱ ᱢᱟᱨᱟᱝ ᱩᱛᱟᱨ ᱦᱚᱯᱚᱱ ᱮᱨᱟ ᱫᱚ ᱵᱟᱦᱟ ᱨᱮᱱᱟᱷ ᱧᱩᱛᱩᱢ ᱮ ᱵᱟᱰᱟᱭ ᱠᱮᱫᱼᱟ ᱠᱷᱟᱱ, ᱟᱹᱴᱩ ᱯᱟᱹᱴᱩ ᱵᱮᱨᱮᱫᱼᱟ ᱠᱟᱛᱮ ᱟᱠᱚ ᱚᱲᱟᱹ: ᱮ ᱫᱟᱹᱲ ᱥᱮᱴᱮᱨ ᱮᱱᱟ।
train_santalimale_01826	wavs/train_santalimale_01826.wav	ᱱᱚᱛᱮ ᱨᱟᱡᱟ ᱠᱚ ᱜᱚᱡᱮ ᱞᱟᱹᱜᱤᱫᱼᱟ ᱛᱮ ᱥᱟᱱᱟᱢ ᱠᱚ ᱥᱟᱯᱲᱟᱹᱣ ᱟᱠᱟᱱᱟ।
train_santalimale_01827	wavs/train_santalimale_01827.wav	ᱮᱱᱠᱷᱟᱱ ᱢᱟᱨᱟᱝ ᱦᱚᱯᱟᱱ ᱮᱨᱟ ᱫᱚ ᱨᱟᱷ ᱠᱟᱛᱮ ᱫᱟᱹᱲ ᱵᱚᱞᱚᱭᱮᱱᱟᱭ ᱟᱨ ᱟᱭᱚᱡᱼᱟ ᱵᱟᱵᱟ ᱴᱷᱮᱱᱮ ᱠᱚᱠᱮᱭᱮᱱᱟ।
train_santalimale_01828	wavs/train_santalimale_01828.wav	ᱩᱱᱡᱚᱦᱚ: ᱟᱹᱴᱩ ᱯᱟᱹᱴᱩ ᱩᱱᱤ ᱢᱟᱨᱟᱝ ᱠᱩᱲᱤ ᱜᱤᱫᱨᱟᱹ ᱫᱚ ᱟᱭᱚᱡᱼᱟ ᱵᱟᱵᱟᱫᱚ ᱡᱟᱝ ᱵᱟᱦᱟ ᱫᱟᱨᱮ ᱨᱮᱱᱟ: ᱧᱩᱛᱩᱢ ᱮ ᱞᱟᱹᱭ ᱟᱫᱮᱭᱟ।
train_santalimale_01829	wavs/train_santalimale_01829.wav	ᱟᱹᱛᱩ ᱦᱚᱲ ᱠᱚ ᱫᱚ ᱵᱟᱡ ᱵᱟᱡᱱᱟ ᱟᱛᱮ, ᱵᱟᱦᱟ ᱵᱟᱲᱜᱮ ᱠᱚ ᱪᱟᱞᱟᱣᱮᱱᱟ।
train_santalimale_01830	wavs/train_santalimale_01830.wav	ᱨᱟᱱᱤ ᱫᱚ ᱛᱷᱟᱨᱤ ᱨᱮ ᱵᱟᱦᱟ, ᱢᱟᱞᱟ, ᱫᱤᱭᱟᱲᱟᱹ ᱵᱟᱛᱤ ᱥᱮᱯᱮᱧ ᱠᱟᱛᱮ ᱨᱟᱡᱟ ᱥᱟᱸᱣ ᱵᱟᱦᱟ ᱵᱟᱲᱜᱮ ᱛᱮᱭ ᱵᱚᱞᱚᱭᱮᱱᱟ।
train_santalimale_01831	wavs/train_santalimale_01831.wav	ᱨᱟᱱᱤ ᱫᱚ ᱚᱱᱟ ᱡᱟᱝ ᱵᱟᱦᱟ ᱫᱟᱨᱮ ᱪᱩᱢᱟᱣᱲᱟᱹ ᱠᱮᱫᱟᱭ।
train_santalimale_01832	wavs/train_santalimale_01832.wav	ᱟᱨ ᱨᱟᱡᱟᱭ ᱢᱮᱛᱟᱭ ᱠᱟᱱᱟ ᱢᱟ ᱟᱨ ᱢᱤᱫᱼᱟᱫᱷᱟᱣ ᱢᱩᱪᱟᱫᱼᱟ ᱨᱮ ᱵᱟᱦᱟ ᱫᱟᱨᱮ ᱨᱮᱱᱟ: ᱧᱩᱛᱩᱢ ᱮᱢ ᱞᱟᱹᱭ ᱞᱮᱠᱷᱟᱱ, ᱟᱢ ᱫᱚ ᱵᱟᱝ ᱞᱮ ᱵᱷᱮᱡᱷᱟ ᱢᱮᱭᱟ।
train_santalimale_01833	wavs/train_santalimale_01833.wav	ᱮᱱᱠᱷᱟᱱ ᱨᱟᱡᱟ ᱫᱚ ᱪᱟᱸᱫᱚ ᱵᱚᱸᱜᱟ ᱥᱮᱸᱜᱮᱞ ᱜᱤᱫᱤ ᱧᱩᱛᱩᱢ ᱧᱩᱢ ᱠᱟᱛᱮ ᱢᱮᱱᱠᱮᱫᱟᱭ ᱱᱚᱣᱟ ᱵᱟᱦᱟ ᱨᱮᱱᱟ: ᱧᱚᱛᱩᱢ ᱫᱚ ᱵᱤᱧ ᱡᱟᱝ ᱵᱟᱦᱟᱫᱟᱨᱮ ᱨᱮᱱᱟ: ᱠᱟᱨᱤᱱᱟᱜᱤᱱ ᱦᱟᱨ ᱵᱟᱦᱟ ᱠᱟᱱᱟ।
train_santalimale_01834	wavs/train_santalimale_01834.wav	ᱱᱚᱣᱟ ᱠᱟᱛᱷᱟ ᱢᱮᱱᱥᱟᱸᱣ ᱛᱮᱜᱮ ᱵᱟᱦᱟ ᱫᱚ ᱜᱚᱥᱚᱭᱮᱱᱟ।
train_santalimale_01835	wavs/train_santalimale_01835.wav	ᱮᱱᱠᱷᱟᱱ ᱟᱹᱛᱩᱦᱚᱲ ᱟᱨ ᱥᱤᱯᱟᱦᱤ ᱫᱚ ᱟᱹᱴᱩ ᱯᱟᱹᱴᱩ ᱨᱟᱱᱤ ᱠᱚ ᱥᱟᱵ ᱠᱮᱫᱮᱭᱟ ᱟᱨ ᱵᱷᱮᱡᱷᱟ ᱞᱮᱠᱟ ᱠᱚ ᱛᱩᱧ ᱜᱚᱭᱚᱡᱼᱟ ᱠᱮᱫᱮᱭᱟ ᱠᱩᱞᱦᱤ ᱢᱩᱪᱟᱫᱼᱟ ᱨᱮ।
train_santalimale_01836	wavs/train_santalimale_01836.wav	ᱢᱮᱱᱟᱠᱚ ᱱᱚᱣᱟ ᱵᱷᱮᱡᱷᱟ ᱛᱩᱧ ᱱᱮᱣᱚᱥᱤᱨᱚᱥᱛᱟ ᱫᱚ ᱱᱤᱫᱼᱟ ᱦᱚᱸ ᱥᱟᱱᱛᱟᱲ ᱥᱟᱸᱣᱛᱟ ᱨᱮ ᱥᱟᱠᱨᱟᱫᱼᱟ ᱡᱚᱦᱚ: ᱫᱚ ᱵᱷᱮᱡᱷᱟ ᱛᱩᱧ ᱦᱮᱯᱨᱟᱣ ᱫᱚ ᱢᱮᱱᱟ: ᱟ।
train_santalimale_01837	wavs/train_santalimale_01837.wav	ᱱᱮᱛᱟᱨ ᱫᱚ ᱠᱩᱲᱤ ᱦᱚᱯᱚᱱ ᱵᱚᱫᱚᱞ ᱛᱮ ᱠᱟᱭᱨᱟ ᱫᱟᱨᱮᱠᱚ ᱵᱤᱫᱼᱟ ᱮᱫᱟ, ᱟᱨ ᱵᱷᱮᱡᱷᱟ ᱠᱚ ᱛᱩᱧᱮᱫᱼᱟ ᱟ।
train_santalimale_01838	wavs/train_santalimale_01838.wav	ᱵᱷᱮᱡᱷᱟ ᱫᱚ ᱠᱩᱲᱤ ᱦᱚᱯᱚᱱ ᱫᱚ ᱵᱟᱝᱠᱚ ᱛᱩᱡᱟ।
train_santalimale_01839	wavs/train_santalimale_01839.wav	ᱠᱟᱛᱷᱟᱭ ᱢᱮᱱᱟᱠᱚ, ᱥᱮᱫᱟᱭ ᱴᱷᱟᱠᱩᱨ ᱴᱷᱟᱠᱨᱟᱱ ᱨᱮᱱ ᱦᱚᱯᱚᱱ ᱧᱤᱫᱟ ᱪᱟᱸᱫᱚ ᱫᱚ ᱥᱮᱨᱢᱟ ᱨᱮ ᱵᱚᱪᱷᱚᱨ ᱮ ᱞᱮᱠᱷᱟ ᱞᱮᱫᱼᱟ ᱛᱟᱸᱦᱮᱸᱠᱟᱱᱟ।
train_santalimale_01840	wavs/train_santalimale_01840.wav	ᱚᱱᱠᱟ ᱞᱮᱠᱟᱛᱮ ᱢᱤᱫᱼᱟ ᱵᱚᱪᱷᱚᱨ ᱨᱮ ᱜᱮᱞᱵᱟᱨ ᱪᱟᱸᱫᱚ ᱮ ᱥᱤᱫᱩᱯᱞᱮᱫᱼᱟ ᱠᱚ ᱛᱟᱸᱦᱮᱸᱠᱟᱱᱟ।
train_santalimale_01841	wavs/train_santalimale_01841.wav	ᱜᱮᱞᱵᱟᱨ ᱪᱟᱸᱫᱚ ᱫᱚ ᱢᱟᱜ, ᱯᱷᱟᱹᱜᱩᱱ, ᱪᱟᱹᱤᱛ, ᱵᱟᱤᱥᱟᱜᱷ, ᱡᱷᱮᱴ, ᱟᱥᱟᱲ, ᱥᱟᱱ, ᱵᱷᱟᱫᱚᱨ, ᱫᱟᱸᱥᱟᱭ, ᱥᱚᱦᱨᱟᱭ, ᱟᱜᱷᱟᱲ ᱟᱨ ᱯᱩᱥ ᱧᱩᱛᱩᱢ ᱮ ᱫᱚᱦᱚ ᱞᱮᱫᱟ।
train_santalimale_01842	wavs/train_santalimale_01842.wav	ᱢᱟᱜᱷᱟ ᱪᱟᱸᱫᱚ ᱨᱮ ᱫᱚ ᱢᱟᱜᱷ ᱵᱚᱸᱜᱟ ᱧᱩᱛᱩᱢ ᱛᱮ ᱵᱩᱨᱩ ᱦᱟᱨᱟ ᱨᱮ ᱵᱟᱹᱜᱷᱭᱟ ᱵᱚᱸᱜᱟ ᱮ ᱥᱤᱫᱩᱯ ᱞᱮᱫᱮ ᱛᱟᱸᱦᱮᱸᱠᱟᱱᱟ।
train_santalimale_01843	wavs/train_santalimale_01843.wav	ᱢᱟᱜᱷ ᱪᱟᱸᱫᱚ ᱫᱚ ᱵᱚᱪᱷᱚᱨ ᱨᱮᱱᱟ: ᱮᱛᱚᱦᱚᱵᱼᱟ ᱪᱟᱸᱫᱚ ᱠᱟᱱᱟ।
train_santalimale_01844	wavs/train_santalimale_01844.wav	ᱢᱮᱱᱟᱠᱚ ᱥᱮᱫᱟᱭ ᱢᱟᱱᱣᱟᱠᱚ ᱵᱩᱥᱟᱹᱲ ᱮᱱ ᱠᱷᱟᱱ ᱴᱷᱟᱠᱩᱨ ᱴᱷᱟᱠᱨᱟᱱ ᱥᱚᱠᱷᱟ ᱛᱮ ᱢᱟᱨᱟᱝ ᱵᱩᱨᱩ ᱫᱚ ᱢᱟᱱᱣᱟ ᱠᱚ ᱫᱚᱦᱚ ᱞᱟᱹᱜᱤᱫᱼᱟ ᱛᱮ ᱵᱤᱨ ᱮ ᱢᱟ: ᱯᱷᱟᱨᱪᱟ ᱞᱮᱫᱼᱟ ᱛᱟᱸᱦᱮᱸᱠᱟᱱᱟ।
train_santalimale_01845	wavs/train_santalimale_01845.wav	ᱵᱤᱨ ᱵᱩᱨᱩ ᱢᱟ: ᱯᱷᱟᱨᱪᱟ ᱡᱚᱦᱚ: ᱢᱟᱨᱟᱝ ᱵᱩᱨᱩ ᱫᱚ ᱵᱟᱹᱜᱷᱭᱟ ᱵᱚᱸᱜᱟ ᱮ ᱥᱟᱵᱞᱮᱫᱼᱟ ᱠᱚ ᱛᱟᱸᱦᱸᱠᱟᱱᱟ।
train_santalimale_01846	wavs/train_santalimale_01846.wav	ᱵᱟᱹᱜᱷᱭᱟ ᱫᱚ ᱠᱩᱲᱤ ᱵᱚᱸᱜᱟ ᱠᱟᱱᱟᱭ।
train_santalimale_01847	wavs/train_santalimale_01847.wav	ᱱᱩᱤ ᱵᱚᱸᱜᱟ ᱫᱚ ᱢᱟᱜᱷ ᱢᱩᱞᱩ ᱢᱚᱲᱮᱹ ᱢᱟᱦᱟ ᱨᱮ ᱠᱚ ᱜᱚᱪᱟᱨ ᱞᱮᱫᱮᱭᱟ।
train_santalimale_01848	wavs/train_santalimale_01848.wav	ᱟᱨ ᱵᱚᱫᱷᱟᱣ ᱞᱮᱫᱮᱭᱟ, ᱠᱷᱚᱫᱮ ᱪᱟᱣᱞᱮ ᱟᱨ ᱥᱤᱢ ᱵᱩᱥᱟᱹ ᱛᱮ, ᱥᱟᱸᱣᱛᱮ ᱢᱚᱲᱮᱹ ᱯᱷᱩᱰᱩ ᱦᱟᱸᱲᱤ ᱠᱚ ᱪᱚᱰᱚᱨ ᱞᱮᱫᱟ।
train_santalimale_01849	wavs/train_santalimale_01849.wav	ᱚᱱᱟ ᱛᱟᱭᱚᱢ ᱢᱟᱱᱢᱤ ᱠᱚ ᱫᱚ ᱵᱤᱨ ᱥᱤᱨᱦᱤ ᱥᱮᱱᱮᱨ, ᱵᱤᱨ ᱠᱟᱨᱜᱟᱞᱮ ᱵᱟᱛᱟ, ᱟᱨ ᱵᱤᱨ ᱞᱟᱲ ᱵᱟᱵᱮᱨ ᱟᱨ ᱥᱟᱜᱟ ᱥᱟᱣᱲᱤ ᱛᱮ ᱚᱲᱟᱹ: ᱵᱮᱱᱟᱣ ᱞᱟᱹᱜᱤᱫᱼᱟᱛᱮ, ᱢᱟ: ᱟᱨ ᱤᱨ ᱞᱮᱫᱼᱟ ᱟᱠᱚ।
train_santalimale_01850	wavs/train_santalimale_01850.wav	ᱢᱟᱜᱷ ᱵᱚᱸᱜᱟ ᱨᱮ ᱵᱟᱹᱜᱷᱭᱟ ᱵᱚᱸᱜᱟ ᱜᱚᱪᱟᱨ ᱛᱟᱭᱚᱢᱜᱮ ᱵᱤᱨ ᱠᱚ ᱵᱚᱞᱚ ᱞᱮᱱᱟ, ᱟᱲᱟᱹᱷ ᱥᱟᱠᱟᱢ ᱠᱚ ᱥᱤᱫᱞᱮᱫᱟ, ᱫᱟᱹᱛᱟᱹᱱᱤ ᱠᱚ ᱯᱮᱴᱮᱡᱼᱟ ᱞᱮᱫᱟ।
train_santalimale_01851	wavs/train_santalimale_01851.wav	ᱩᱱᱠᱷᱚᱱ ᱜᱮ ᱥᱟᱱᱛᱟᱲ ᱥᱟᱸᱣᱛᱟ ᱨᱮ ᱫᱚ ᱢᱟᱜᱷᱵᱚᱸᱜᱟ ᱢᱩᱞᱩ: ᱥᱟᱸᱣᱛᱮᱜᱮ ᱵᱩᱨᱩ ᱵᱚᱸᱜᱟ ᱵᱟᱹᱜᱷᱭᱟ ᱫᱚ ᱠᱚ ᱫᱮᱵᱟ ᱥᱮᱵᱟᱮ ᱠᱟᱱᱟ।
train_santalimale_01852	wavs/train_santalimale_01852.wav	ᱠᱟᱛᱷᱟᱭ ᱢᱮᱱᱟᱠᱚ ᱥᱮᱫᱟᱭ ᱢᱟᱨᱟᱝ ᱵᱩᱨᱩ ᱫᱚ ᱢᱟᱱᱣᱟᱠᱚ ᱪᱟᱥᱵᱟᱥ ᱮ ᱪᱮᱫᱼᱟ ᱟᱫᱼᱟ ᱠᱚ ᱛᱟᱸᱦᱮᱸᱠᱟᱱᱟ।
train_santalimale_01853	wavs/train_santalimale_01853.wav	ᱪᱟᱥᱵᱟᱥ ᱠᱚ ᱱᱟᱯᱚᱭᱛᱮ ᱦᱚᱭ ᱦᱚᱪᱚ ᱞᱟᱹᱜᱤᱫᱼᱟ ᱛᱮ ᱢᱟᱱᱣᱟᱠᱚ ᱫᱚ ᱟᱥᱟᱲᱤᱹᱭᱟ ᱵᱚᱸᱜᱟ ᱮ ᱥᱟᱵᱼᱟᱟᱷ ᱠᱚ ᱛᱟᱸᱦᱮᱸᱠᱟᱱᱟ।
train_santalimale_01854	wavs/train_santalimale_01854.wav	ᱟᱥᱟᱲᱤᱹᱭᱟ ᱵᱚᱸᱜᱟ ᱫᱚ ᱟᱥᱟᱲ ᱵᱚᱸᱜᱟ ᱨᱮ ᱫᱮᱣᱟ ᱥᱮᱣᱟ ᱟᱨ ᱢᱟᱱᱟᱣ ᱵᱟᱛᱟᱣ ᱨᱮᱱᱟ: ᱢᱟᱨᱟᱝ ᱵᱩᱨᱩ ᱮ ᱢᱮᱱᱞᱮᱫᱼᱟ ᱛᱟᱸᱦᱮᱸᱠᱟᱱᱟ।
train_santalimale_01855	wavs/train_santalimale_01855.wav	ᱟᱥᱟᱲᱤᱹᱭᱟ ᱵᱚᱸᱜᱟ ᱫᱚ ᱠᱩᱲᱤ ᱵᱚᱸᱜᱟ ᱠᱟᱱᱟᱭ, ᱚᱱᱟᱛᱮ ᱡᱟᱦᱮᱨ ᱟᱭᱚ ᱥᱟᱸᱣ ᱜᱮ ᱢᱟᱨᱟᱝ ᱵᱩᱨᱩ ᱫᱚ ᱡᱟᱦᱮᱨ ᱨᱮ ᱥᱤᱫᱩᱯ ᱟᱠᱟᱫᱼᱟ ᱫᱮᱭᱟ।
train_santalimale_01856	wavs/train_santalimale_01856.wav	ᱟᱥᱟᱲᱤᱹᱭᱟ ᱵᱚᱸᱜᱟ ᱫᱚ ᱫᱷᱟᱹᱨᱛᱤ ᱨᱮᱱᱟ: ᱜᱟᱥᱟᱛᱩ, ᱛᱟᱥᱟᱛᱩ, ᱪᱟᱨᱮᱡᱼᱟ, ᱜᱷᱟᱸᱥ, ᱦᱩᱰᱩ, ᱮᱲᱤ, ᱜᱩᱸᱫᱞᱤ ᱨᱮᱭ ᱨᱟᱠᱟᱵᱼᱟᱞᱮᱱ ᱛᱟᱸᱦᱮᱸᱠᱟᱱᱟ।
train_santalimale_01857	wavs/train_santalimale_01857.wav	ᱚᱱᱟᱛᱮ ᱟᱥᱟᱲᱤᱹᱭᱟ ᱵᱟᱝ ᱫᱮᱣᱟ ᱥᱮᱣᱟᱠᱟᱛᱮ ᱫᱚ ᱜᱷᱟᱸᱥ, ᱪᱟᱨᱮᱡᱼᱟ, ᱤᱲᱤ, ᱜᱩᱸᱫᱞᱤ ᱫᱚ ᱵᱟᱝᱠᱚ ᱤᱨᱟ, ᱵᱟᱝᱠᱚ ᱛᱷᱟᱯᱟ ᱟᱜᱩᱭᱟ।
train_santalimale_01858	wavs/train_santalimale_01858.wav	ᱟᱥᱟᱲᱤᱹᱭᱟ ᱵᱚᱸᱜᱟ ᱫᱚ ᱥᱤᱢ ᱢᱟᱭᱟᱝ ᱛᱮ ᱵᱟᱹᱜᱷᱭᱟ ᱟᱭ ᱚᱱᱟᱛᱮ, ᱯᱮᱭᱟ ᱥᱤᱢᱵᱚᱱ ᱵᱚᱸᱜᱟ ᱠᱚᱣᱟ।
train_santalimale_01859	wavs/train_santalimale_01859.wav	ᱵᱚᱸᱜᱟ ᱫᱮᱣᱟ ᱥᱮᱵᱟ ᱡᱚᱦᱚ: ᱢᱟᱨᱟᱝ ᱵᱩᱨᱩ ᱫᱚ ᱵᱟᱸᱠᱷᱮᱸᱲ ᱮ ᱞᱟᱹᱤ ᱦᱚᱴᱚ ᱟᱠᱟᱣᱟᱫᱼᱟ ᱵᱚᱱᱟ।
train_santalimale_01860	wavs/train_santalimale_01860.wav	ᱮᱱᱠᱷᱟᱱ ᱜᱚᱸᱥᱟᱭ, ᱢᱟ ᱟᱥᱟᱲ ᱵᱚᱸᱜᱟ ᱧᱩᱛᱩᱢ ᱛᱮᱞᱮ, ᱯᱮᱨᱮᱪ ᱮᱫᱼᱟ, ᱩᱢᱟᱲᱮᱹᱛ ᱯᱮᱭᱟ, ᱥᱩᱠᱛᱮ, ᱱᱟᱭᱛᱮ, ᱱᱟᱯᱟᱭᱛᱮ ᱥᱟᱦᱟᱣᱛᱮ ᱟᱛᱟᱝ ᱯᱮ।
train_santalimale_01861	wavs/train_santalimale_01861.wav	ᱟᱞᱮ ᱦᱚᱸ ᱛᱟᱣᱟ ᱜᱷᱟᱸᱥ, ᱱᱟᱣᱟ ᱪᱟᱨᱮᱡᱼᱟ ᱵᱟᱹᱫ ᱨᱮ ᱵᱟᱹᱤᱦᱟᱲ ᱨᱮ ᱦᱚᱨᱞᱮ ᱟᱫᱮᱨ ᱞᱮ ᱚᱱᱟ ᱦᱚᱸ, ᱧᱮᱞᱮᱠᱟᱷ, ᱥᱟᱦᱟᱣᱠᱟ, ᱯᱮᱨᱮᱡᱼᱟᱠᱟ, ᱛᱚᱦᱮᱫᱼᱟᱠᱟ: ᱟ ᱯᱮ।
train_santalimale_01862	wavs/train_santalimale_01862.wav	ᱠᱟᱛᱷᱟᱭ ᱢᱮᱱᱟᱠᱚ ᱥᱮᱫᱟᱭ ᱢᱟᱨᱟᱝ ᱵᱩᱨᱩ ᱫᱚ ᱠᱷᱮᱨᱣᱟᱲ ᱥᱟᱸᱣᱛᱟ ᱨᱮ ᱯᱩᱥ ᱵᱚᱸᱜᱟ ᱥᱟᱠᱨᱟᱛ ᱦᱤᱞᱚ: ᱫᱚ ᱥᱟᱠᱟᱨᱟᱫᱼᱟ ᱯᱟᱹᱨᱟᱹᱵ ᱮ ᱥᱤᱨᱡᱟᱵ ᱟᱠᱟᱫᱼᱟ ᱟ।
train_santalimale_01863	wavs/train_santalimale_01863.wav	ᱥᱟᱠᱨᱟᱫᱼᱟ ᱯᱟᱹᱨᱟᱹᱵ ᱨᱮ ᱫᱚ ᱥᱟᱠᱨᱟᱫᱼᱟ ᱵᱩᱲᱦᱤ, ᱢᱚᱠᱚᱨ ᱵᱩᱲᱦᱤ ᱧᱩᱛᱩᱢ ᱛᱮ ᱚᱲᱟᱹᱷ ᱫᱩᱣᱟᱹᱨ ᱨᱮᱱᱟ: ᱵᱚᱫ ᱨᱮ ᱥᱤᱢ ᱛᱷᱟᱯᱟ ᱵᱚᱸᱜᱟ ᱮ ᱢᱮᱱ ᱟᱠᱟᱫᱼᱟ ᱟ।
train_santalimale_01864	wavs/train_santalimale_01864.wav	ᱚᱱᱟᱛᱮ ᱱᱮᱛᱟᱨ ᱦᱚᱸ ᱥᱟᱠᱟᱨᱚᱫᱼᱟ ᱯᱟᱹᱨᱟᱹᱵ ᱡᱚᱦᱚ: ᱫᱚ ᱥᱤᱢᱨᱟ: ᱨᱮ ᱢᱚᱠᱚᱨ ᱵᱩᱲᱦᱤ ᱵᱚᱱ ᱫᱮᱵᱟ ᱥᱮᱵᱟ ᱮ ᱠᱟᱱᱟ।
train_santalimale_01865	wavs/train_santalimale_01865.wav	ᱥᱟᱠᱨᱟᱫᱼᱟ ᱯᱟᱨᱟᱵ ᱫᱚ ᱯᱮ ᱢᱟᱦᱟ ᱦᱩᱭᱩ: ᱟ ᱢᱟᱲᱟᱹᱝ ᱦᱤᱞᱚ: ᱫᱚ ᱩᱢᱱᱟᱹᱲᱠᱟ, ᱫᱚᱥᱚᱨ ᱦᱤᱞᱚ: ᱫᱚ ᱵᱟᱸᱣᱰᱤ, ᱛᱮᱥᱟᱨ ᱦᱤᱞᱚ: ᱫᱚ ᱢᱚᱠᱚᱨ ᱵᱩᱲᱤ ᱵᱚᱸᱜᱟ ᱡᱤᱞ ᱫᱟᱠᱟ ᱡᱚᱢ ᱧᱩ।
train_santalimale_01866	wavs/train_santalimale_01866.wav	ᱢᱩᱪᱟᱛ ᱦᱤᱞᱚᱷ ᱫᱚ ᱮᱱᱮᱡᱼᱟ ᱥᱮᱨᱮᱧ ᱨᱟᱹᱥᱠᱟᱹ ᱵᱩᱲᱦᱤ ᱜᱟᱹᱲᱤ ᱮᱱᱮᱡᱼᱟ ᱥᱮᱨᱮᱧ ᱟᱨ ᱜᱟᱹᱲᱤ ᱟᱥᱮᱱ ᱦᱩᱭᱩ: ᱟ।
train_santalimale_01867	wavs/train_santalimale_01867.wav	ᱩᱢ ᱱᱟᱹᱲᱠᱟ ᱦᱤᱞᱚ: ᱫᱚ ᱥᱟᱱᱟᱢ ᱦᱚᱲᱠᱚ ᱚᱲᱟᱹ: ᱠᱚ ᱥᱟᱯᱷᱟᱭᱟ, ᱜᱮᱭᱚᱡᱼᱟ ᱜᱩᱨᱤᱡᱟ ᱟᱨ ᱠᱚ ᱩᱢ ᱱᱟᱹᱲᱠᱟ: ᱟ।
train_santalimale_01868	wavs/train_santalimale_01868.wav	ᱫᱚᱥᱟᱨ ᱦᱤᱞᱚᱷ ᱫᱚ ᱦᱟᱠᱩ ᱠᱟᱴᱠᱚᱢ ᱱᱤᱭᱟ ᱦᱤᱞᱚ: ᱫᱚ ᱦᱟᱠᱩ ᱵᱟᱝᱠᱷᱟᱱ ᱠᱟᱴᱠᱚᱢ ᱫᱚᱠᱚ ᱡᱚᱢ ᱠᱚᱜᱮᱭᱟ।
train_santalimale_01869	wavs/train_santalimale_01869.wav	ᱦᱟᱠᱩ ᱠᱟᱴᱠᱚᱢ ᱜᱚᱭᱚᱡᱼᱟ ᱟᱹᱜᱩ ᱠᱟᱛᱮᱠᱚ ᱡᱚᱢ ᱧᱩᱭᱟ, ᱦᱚᱞᱚᱝ ᱠᱚ ᱦᱩᱰᱩᱝᱟ।
train_santalimale_01870	wavs/train_santalimale_01870.wav	ᱛᱮᱥᱟᱨ ᱦᱤᱞᱚᱷ ᱫᱚ ᱥᱟᱠᱨᱟᱫᱼᱟ।
train_santalimale_01871	wavs/train_santalimale_01871.wav	ᱱᱤᱭᱟ ᱦᱤᱞᱚᱷ ᱫᱚ ᱥᱟᱠᱨᱟᱫᱼᱟ ᱵᱩᱲᱦᱤ ᱧᱩᱛᱩᱢ ᱛᱮ ᱥᱤᱢᱠᱚ ᱛᱷᱟᱯᱟ ᱮᱭᱟ, ᱟᱨ ᱚᱲᱟᱹ: ᱵᱷᱤᱛᱟᱹᱨ ᱨᱮ ᱯᱤᱴᱷᱟ ᱠᱚ ᱵᱚᱸᱜᱟᱹᱭᱟ ᱟᱨ ᱦᱟᱸᱲᱤ ᱠᱚ ᱪᱚᱰᱚᱨᱟ।
train_santalimale_01872	wavs/train_santalimale_01872.wav	ᱵᱚᱸᱜᱟ ᱨᱮᱭᱟ ᱱᱮᱣ ᱫᱚ ᱠᱟᱱᱟ।
train_santalimale_01873	wavs/train_santalimale_01873.wav	ᱥᱮᱛᱟᱷ, ᱚᱲᱟᱹ: ᱨᱮᱱ, ᱟᱭᱚ ᱦᱚᱲ ᱫᱚ ᱚᱲᱟᱹ: ᱵᱷᱤᱛᱟᱹᱨ ᱮ ᱥᱟᱯᱷᱟᱭᱟ, ᱟᱨ ᱵᱟᱵᱟ ᱦᱚᱲ ᱫᱚ, ᱫᱩᱣᱟᱹᱨ ᱵᱚᱫ ᱪᱟᱣᱠᱷᱟᱴ ᱨᱮ ᱥᱤᱢ ᱛᱷᱟᱯᱟ ᱠᱟᱛᱮᱭ ᱵᱚᱸᱜᱟ ᱮᱭᱟ।
train_santalimale_01874	wavs/train_santalimale_01874.wav	ᱚᱱᱟ ᱛᱚᱭᱟᱢ ᱟᱭᱚ ᱟᱨ ᱵᱟᱵᱟ ᱦᱚᱲ ᱫᱚ ᱩᱢ ᱯᱷᱟᱨᱪᱟ ᱥᱟᱯᱷᱟ ᱦᱤᱡᱩᱷ ᱟᱠᱤᱱ।
train_santalimale_01875	wavs/train_santalimale_01875.wav	ᱩᱢ ᱥᱟᱯᱷᱟ ᱦᱮᱡᱼᱟ ᱠᱟᱛᱮ ᱩᱠᱷᱩᱲᱨᱮ ᱦᱚᱞᱚᱝ ᱠᱤᱱ ᱵᱮᱱᱟᱣ ᱛᱩᱫᱟ।
train_santalimale_01876	wavs/train_santalimale_01876.wav	ᱚᱱᱟ ᱛᱟᱭᱚᱢ ᱜᱚᱛᱚᱢ ᱛᱮ ᱯᱤᱴᱷᱟᱠᱤᱱ ᱵᱮᱱᱟᱣᱟ।
train_santalimale_01877	wavs/train_santalimale_01877.wav	ᱯᱤᱴᱷᱟ ᱤᱥᱤᱱ ᱡᱚᱦᱚ: ᱫᱚ ᱵᱟᱝᱠᱚ ᱯᱟᱞᱴᱤᱭᱟ।
train_santalimale_01878	wavs/train_santalimale_01878.wav	ᱢᱟᱲᱟᱹᱝ ᱫᱚ ᱢᱟᱲᱟᱹᱝ ᱛᱟᱭᱚᱢᱟᱷ ᱫᱚ ᱛᱟᱭᱚᱢᱚᱠᱤᱱ ᱫᱚᱦᱚ ᱤᱫᱤᱭᱟ, ᱚᱱᱟᱠᱚ ᱫᱚ ᱮᱭᱟᱭ ᱜᱚᱴᱟᱝ ᱥᱟᱠᱟᱢ ᱨᱮ ᱫᱚᱦᱚ ᱭᱟᱭ।
train_santalimale_01879	wavs/train_santalimale_01879.wav	ᱚᱱᱟ ᱛᱟᱭᱚᱢ ᱟᱭᱚ ᱦᱚᱲ ᱫᱚ ᱟᱹᱫᱣᱟ ᱪᱟᱣᱞᱮ ᱨᱮᱱᱟ: ᱦᱟᱸᱰᱤ ᱮ ᱛᱟᱝ ᱚᱰᱚᱝᱟ।
train_santalimale_01880	wavs/train_santalimale_01880.wav	ᱦᱟᱸᱰᱤ ᱢᱮᱨᱟ ᱫᱚ ᱠᱟᱴᱩᱯᱛᱮᱭ ᱮᱥᱮᱫᱟ, ᱪᱟᱞᱟ ᱛᱮᱫᱚ ᱵᱟᱝᱠᱚ ᱮᱥᱮᱫᱟ।
train_santalimale_01881	wavs/train_santalimale_01881.wav	ᱚᱱᱟ ᱵᱚᱸᱜᱟ ᱥᱟᱢᱟᱱ ᱠᱚ ᱤᱫᱤ ᱠᱟᱛᱮ, ᱚᱲᱟᱹ ᱨᱮᱱ ᱟᱭᱚ ᱵᱟᱵᱟ ᱫᱚ ᱡᱟᱝᱜᱟ ᱟᱨᱩᱯ ᱠᱟᱛᱮ, ᱞᱚᱴᱟ ᱫᱟ: ᱥᱟᱵᱼᱟᱠᱟᱛᱮ ᱵᱷᱤᱛᱟᱹᱨᱛᱮ ᱠᱤᱱ ᱵᱚᱞᱚᱱᱟ।
train_santalimale_01882	wavs/train_santalimale_01882.wav	ᱵᱷᱤᱛᱟᱹᱨ ᱨᱮ ᱞᱚᱴᱟ ᱫᱟ: ᱠᱤᱱ ᱤᱨᱪᱤ ᱟᱹᱪᱩᱨᱟ।
train_santalimale_01883	wavs/train_santalimale_01883.wav	ᱚᱱᱟ ᱛᱟᱭᱚᱢ ᱥᱟᱠᱟᱢ ᱨᱮᱱᱟ: ᱯᱤᱴᱷᱟ ᱫᱚ ᱞᱮᱸᱜᱟ ᱠᱷᱚᱱ ᱡᱚᱡᱚᱢ ᱥᱮᱫᱼᱟᱠᱤᱱ ᱫᱚᱦᱚᱭᱟ।
train_santalimale_01884	wavs/train_santalimale_01884.wav	ᱵᱟᱵᱟ ᱫᱚ ᱵᱚᱸᱜᱟ ᱤᱠᱚᱰᱩᱢ ᱠᱟᱛᱮᱭ ᱵᱚᱸᱜᱟᱹᱭᱟ।
train_santalimale_01885	wavs/train_santalimale_01885.wav	ᱢᱟᱲᱟᱹᱝ ᱫᱚ ᱠᱚᱲᱟᱹ ᱵᱚᱸᱜᱟ, ᱧᱩᱛᱩᱢ ᱚᱱᱟ ᱛᱟᱭᱚᱢ ᱠᱩᱲᱤ ᱵᱚᱸᱜᱟ, ᱚᱱᱟ ᱛᱟᱭᱚᱢ ᱦᱟᱯᱲᱟᱹᱢᱠᱚ ᱧᱩᱛᱩᱢᱛᱮᱭ ᱵᱚᱸᱜᱟᱹᱭᱟ।
train_santalimale_01886	wavs/train_santalimale_01886.wav	ᱯᱤᱴᱷᱟᱹ ᱵᱚᱸᱜᱟ ᱠᱟᱛᱮ ᱜᱩᱲ ᱛᱟᱵᱮᱱ ᱠᱷᱟᱡᱟᱹᱲᱤ ᱦᱚᱸ ᱮᱭᱟᱭ ᱯᱷᱩᱰᱩ ᱮᱭᱟᱭ ᱴᱷᱮᱱᱮ ᱵᱚᱸᱜᱟᱹᱭᱟ।
train_santalimale_01887	wavs/train_santalimale_01887.wav	ᱛᱟᱭᱚᱢ ᱫᱚ ᱦᱟᱯᱲᱟᱹᱢ ᱠᱚ ᱧᱩᱛᱩᱢ ᱛᱮ ᱦᱟᱸᱰᱤ ᱮ ᱪᱚᱰᱚᱨᱟ।
train_santalimale_01888	wavs/train_santalimale_01888.wav	ᱡᱟᱦᱟᱸ ᱛᱤᱱᱫᱷᱟᱣ ᱮ ᱵᱚᱸᱜᱟᱹᱭᱟ ᱯᱤᱴᱷᱟ, ᱜᱩᱲ ᱛᱟᱵᱮᱱ ᱩᱱᱫᱷᱟᱣ ᱜᱮ ᱛᱤ ᱫᱚᱭ ᱟᱨᱩᱵᱚᱷ ᱟ।
train_santalimale_01889	wavs/train_santalimale_01889.wav	ᱵᱚᱸᱜᱟ ᱦᱟᱸᱰᱤ ᱯᱷᱩᱲᱩᱹ ᱨᱮᱱᱟ: ᱥᱟᱠᱟᱢ ᱵᱷᱤᱴᱣᱟ ᱫᱚ ᱡᱚᱡᱚᱢ ᱥᱮᱫᱼᱟᱜᱮᱭ ᱥᱟᱢᱟᱝᱟ।
train_santalimale_01890	wavs/train_santalimale_01890.wav	ᱚᱱᱠᱟᱜᱮ ᱯᱤᱴᱷᱟ ᱨᱮᱱᱟ: ᱥᱟᱠᱟᱢ ᱦᱚᱸ ᱡᱚᱡᱚᱢ ᱥᱮᱫᱼᱟ ᱵᱷᱤᱴᱣᱟ ᱥᱟᱢᱟᱝ ᱠᱟᱛᱮ ᱨᱮ ᱫᱮᱦᱚᱭᱟ।
train_santalimale_01891	wavs/train_santalimale_01891.wav	ᱠᱟᱛᱷᱟᱭ ᱵᱚᱸᱜᱟ ᱫᱮᱣᱟ ᱥᱮᱵᱟ ᱨᱮᱱᱟ: ᱥᱟᱠᱟᱢ ᱫᱚ ᱠᱚ ᱵᱟᱪᱷᱟᱣᱟ।
train_santalimale_01892	wavs/train_santalimale_01892.wav	ᱟᱣᱱᱚᱞ ᱟᱨ ᱯᱩᱥᱨᱤ ᱟᱞᱚ ᱛᱟᱸᱦᱮᱱᱢᱟ।
train_santalimale_01893	wavs/train_santalimale_01893.wav	ᱵᱚᱸᱜᱟ ᱪᱟᱵᱟ ᱠᱟᱛᱮ ᱟᱭᱚ ᱵᱟᱵᱟ ᱥᱟᱸᱣᱛᱮ ᱥᱩᱨ ᱟᱠᱟᱱ ᱜᱤᱫᱨᱟᱹ ᱠᱚ ᱜᱚᱲ ᱡᱚᱦᱟᱨᱟ, ᱟᱨ ᱯᱨᱥᱟᱫ ᱞᱮᱠᱟᱛᱮ ᱵᱚᱸᱜᱟ ᱥᱟᱨᱮᱡᱼᱟ ᱫᱚ ᱠᱚ ᱡᱚᱢ ᱧᱩᱭᱟ।
train_santalimale_01894	wavs/train_santalimale_01894.wav	ᱰᱟᱸᱜᱨᱤ ᱠᱟᱰᱟ ᱠᱚ ᱫᱚ ᱫᱮᱨᱮᱧᱨᱮ ᱥᱩᱱᱩᱢ ᱠᱚ ᱚᱡᱚ: ᱟᱠᱚᱣᱟ।
train_santalimale_01895	wavs/train_santalimale_01895.wav	ᱦᱮᱸ ᱢᱟ ᱵᱚᱸᱜᱟ, ᱱᱚᱚᱭ ᱥᱟᱠᱨᱟᱛ ᱧᱩᱛᱩᱢ, ᱯᱟᱹᱨᱟᱹᱵ ᱧᱩᱛᱩᱢ ᱛᱮ ᱜᱩᱲ ᱯᱤᱴᱷᱟ, ᱛᱟᱵᱮᱱ ᱞᱮ ᱮᱢᱟᱢ ᱠᱟᱱᱟ, ᱪᱟᱞᱟᱢ ᱠᱟᱱᱟ, ᱥᱩᱠᱛᱮ ᱥᱟᱸᱣᱟᱨ ᱛᱮ, ᱱᱟᱭᱛᱮ ᱱᱟᱯᱟᱭᱛᱮ ᱟᱛᱟᱝᱠᱟ: ᱛᱟᱞᱮᱢᱮ।
train_santalimale_01896	wavs/train_santalimale_01896.wav	ᱦᱮ ᱢᱟ ᱵᱚᱸᱜᱟ ᱱᱚᱚᱭ ᱥᱟᱠᱨᱟᱛ ᱯᱟᱹᱨᱟᱹᱵ ᱧᱩᱛᱩᱢᱛᱮ, ᱨᱟᱱ ᱫᱟ:, ᱛᱟᱯᱟᱱ ᱫᱟ: ᱮᱢᱟᱢ ᱠᱟᱱ, ᱪᱟᱞᱟᱢ ᱠᱟᱱ ᱥᱩᱠᱛᱮ ᱥᱟᱸᱣᱟᱨᱛᱮ, ᱟᱛᱟᱝᱠᱟ: ᱛᱮᱞᱟᱠᱟ: ᱛᱟᱞᱮᱯᱮ।
train_santalimale_01897	wavs/train_santalimale_01897.wav	ᱱᱤᱭᱟ ᱜᱮ ᱢᱩᱨᱩᱫᱼᱟ ᱵᱟᱦᱟ, ᱤᱪᱟ: ᱵᱟᱦᱟ, ᱞᱮᱠᱟ ᱪᱮᱯᱮᱡᱼᱟ ᱦᱟᱹᱴᱤᱧ, ᱪᱮᱨᱮᱡᱼᱟ ᱦᱟᱹᱴᱤᱧ ᱡᱚᱝᱯᱮ।
train_santalimale_01898	wavs/train_santalimale_01898.wav	ᱱᱟᱭ ᱵᱟᱲᱮᱹ ᱱᱟᱯᱟᱭ ᱵᱟᱲᱮᱹ, ᱞᱟᱭᱚᱡᱼᱟ ᱦᱟᱹᱥᱩ ᱵᱚᱦᱚ: ᱦᱟᱹᱥᱩ ᱟᱞᱚᱯᱮ ᱥᱤᱨᱡᱟᱣᱠᱟ: ᱵᱷᱤᱲᱟᱹᱣᱠᱟ:।
train_santalimale_01899	wavs/train_santalimale_01899.wav	ᱱᱮᱣᱛᱟ ᱟᱠᱟᱱ ᱵᱟᱨᱛᱮ ᱟᱠᱟᱱ ᱥᱟᱱᱟᱢᱜᱮ ᱱᱟᱭ ᱵᱟᱲᱮᱹ, ᱱᱟᱯᱟᱭ ᱵᱟᱲᱮᱹ ᱠᱚ ᱛᱟᱸᱦᱮᱸᱱᱢᱟ।
train_santalimale_01900	wavs/train_santalimale_01900.wav	ᱱᱚᱣᱟ ᱠᱚ ᱵᱚᱸᱜᱟ ᱵᱟᱲᱟᱹ ᱠᱟᱛᱮ ᱵᱷᱤᱛᱟᱹᱨ ᱨᱮ ᱫᱟ: ᱛᱤᱨᱯᱤᱠᱟᱛᱮ ᱠᱚ ᱩᱴᱷᱟᱣ ᱚᱰᱚᱝ ᱟ।
train_santalimale_01901	wavs/train_santalimale_01901.wav	ᱚᱱᱟ ᱛᱟᱭᱚᱢ, ᱡᱤᱞ ᱫᱟᱠᱟ ᱩᱛᱩ ᱠᱚ ᱡᱚᱢᱟ ᱟᱨ ᱵᱷᱮᱡᱷᱟ ᱛᱩᱧᱠᱚ ᱪᱟᱞᱟ: ᱟ।
train_santalimale_01902	wavs/train_santalimale_01902.wav	ᱛᱮᱥᱟᱨ ᱫᱤᱱ ᱫᱚ ᱟᱠᱷᱟᱱ ᱭᱟᱛᱨᱟ ᱫᱤᱱ ᱠᱟᱱᱟ।
train_santalimale_01903	wavs/train_santalimale_01903.wav	ᱵᱟᱹᱫ ᱨᱮ ᱯᱮ ᱜᱟᱨ ᱠᱚ ᱥᱤᱭᱟ ᱟᱨ ᱰᱟᱸᱜᱨᱟ ᱥᱩᱱᱩᱢ ᱠᱚ ᱚᱡᱟ: ᱟᱠᱚᱣᱟ।
train_santalimale_01904	wavs/train_santalimale_01904.wav	ᱚᱱᱟ ᱛᱟᱭᱚᱢ ᱵᱩᱲᱦᱤᱜᱟᱲᱤ, ᱜᱟᱲᱤ ᱟᱥᱮᱱ ᱫᱟᱸᱲᱟᱹᱱ ᱠᱚ ᱪᱟᱞᱟ: ᱟ।
train_santalimale_01905	wavs/train_santalimale_01905.wav	ᱥᱮᱫᱟᱭ ᱠᱷᱚᱱ ᱥᱟᱱᱛᱟᱲ ᱥᱟᱸᱣᱛᱟ ᱨᱮ ᱨᱚᱦᱱᱤ ᱦᱟᱥᱟ, ᱚᱲᱟᱹ: ᱛᱮ ᱟᱹᱜᱩ ᱨᱮᱱᱟ: ᱥᱤᱨᱚᱥᱛᱟ ᱞᱮᱜ ᱟᱨᱤ ᱫᱚ ᱢᱮᱱᱟ: ᱟ।
train_santalimale_01906	wavs/train_santalimale_01906.wav	ᱨᱚᱦᱱᱤ ᱦᱟᱥᱟ ᱫᱚ ᱨᱚᱦᱱᱤ ᱦᱤᱞᱚ: ᱟᱭᱩᱯ ᱵᱮᱲᱟᱹ ᱮᱴᱟ: ᱥᱤᱢᱟ ᱨᱮᱱᱟ: ᱰᱷᱮᱞᱟᱠ ᱦᱟᱥᱟ ᱠᱚ ᱟᱜᱩᱭᱟ।
train_santalimale_01907	wavs/train_santalimale_01907.wav	ᱨᱚᱦᱱᱤ ᱦᱟᱥᱟ ᱚᱸᱰᱮᱠᱷᱚᱱ ᱦᱟᱞᱟᱝ ᱨᱟᱠᱟᱵᱼᱟ ᱡᱚᱦᱚ: ᱫᱚ ᱞᱩᱜᱲᱤ ᱫᱚ ᱚᱫᱼᱟ ᱨᱮᱠᱚ ᱫᱚᱦᱚᱭᱟ।
train_santalimale_01908	wavs/train_santalimale_01908.wav	ᱟᱨ ᱚᱫᱼᱟ ᱠᱷᱚᱱ ᱦᱟᱥᱟ ᱨᱟᱠᱟᱫᱼᱟ ᱠᱟᱛᱮ, ᱡᱟᱦᱟᱸᱱ ᱴᱷᱮᱠᱟ ᱵᱟᱝᱠᱷᱟᱱ ᱯᱷᱟᱛᱭᱟ ᱨᱮ ᱥᱟᱸᱵᱟᱣ ᱠᱟᱛᱮ ᱚᱲᱟᱹ: ᱛᱮᱠᱚ ᱫᱤᱯᱤᱞ ᱟᱜᱩᱭᱟ, ᱟᱨ ᱚᱲᱟᱹ: ᱥᱤᱢᱟ ᱨᱮᱱᱟ: ᱯᱮ ᱱᱟᱠᱷᱟ ᱨᱮᱠᱚ ᱫᱚᱦᱚᱭᱟ।
train_santalimale_01909	wavs/train_santalimale_01909.wav	ᱫᱚᱠᱷᱤᱱ ᱱᱟᱠᱷᱟ ᱚᱲᱟᱹ: ᱥᱤᱢᱟ ᱨᱮᱫᱚ ᱵᱟᱝᱠᱚ ᱫᱚᱦᱚᱭᱟ।
train_santalimale_01910	wavs/train_santalimale_01910.wav	ᱚᱱᱟ ᱥᱤᱢᱟᱹ ᱫᱚ ᱟᱲᱟᱹᱜᱟ: ᱟᱠᱚ।
train_santalimale_01911	wavs/train_santalimale_01911.wav	ᱢᱮᱱᱟᱠᱚ ᱨᱚᱦᱱᱤ ᱦᱟᱥᱟ ᱚᱰᱟᱷ ᱟᱹᱜᱩ ᱠᱟᱛᱮ, ᱚᱲᱟᱷ ᱨᱮᱱᱟᱷ ᱯᱮᱱᱮ ᱠᱚᱸᱰ ᱨᱮ ᱫᱚᱦᱚ ᱞᱮᱠᱷᱟᱱ, ᱡᱦᱟᱸᱱ ᱵᱤᱥᱟᱹᱞᱤ ᱵᱤᱧ ᱠᱤᱫᱤᱧ ᱚᱰᱟᱷᱛᱮ ᱵᱟᱝᱠᱚ ᱵᱚᱞᱚᱱᱟ।
train_santalimale_01912	wavs/train_santalimale_01912.wav	ᱟᱨ ᱠᱚ ᱵᱚᱞᱚᱞᱮᱱ ᱠᱷᱟᱱ ᱱᱟᱠᱷᱟ ᱨᱮ ᱵᱟᱝ ᱫᱚᱦᱚ ᱟᱠᱟᱱᱟ, ᱚᱱᱟ ᱱᱟᱠᱷᱟᱛᱮᱜᱠᱚ ᱚᱰᱚᱝᱚ ᱟ।
train_santalimale_01913	wavs/train_santalimale_01913.wav	ᱡᱟᱸᱦᱟ ᱟᱹᱛᱩ ᱨᱮ ᱜᱩᱨᱩ ᱪᱮᱞᱟ ᱠᱚ ᱫᱩᱲᱩᱹᱵᱼᱟ ᱠᱚᱣᱟ, ᱩᱱᱠᱩ ᱦᱚᱸ ᱨᱚᱦᱱᱤ ᱦᱟᱥᱟ ᱟᱹᱜᱩ ᱠᱟᱛᱮᱜᱮ, ᱛᱩᱨᱥᱤ ᱯᱤᱸᱰᱟ ᱫᱚᱠᱚ ᱵᱮᱱᱟᱣ ᱨᱟᱠᱟᱵᱼᱟ ᱟ।
train_santalimale_01914	wavs/train_santalimale_01914.wav	ᱚᱲᱟᱹ: ᱨᱮᱱᱟᱷ ᱛᱩᱨᱥᱤ ᱯᱤᱸᱰᱟ ᱦᱚᱸ ᱨᱚᱦᱱᱤ ᱦᱟᱥᱟᱛᱮᱜᱮ ᱠᱚ ᱵᱮᱱᱟᱣᱟ।
train_santalimale_01915	wavs/train_santalimale_01915.wav	ᱢᱮᱱᱟᱠᱟ, ᱥᱮᱫᱟᱭ ᱢᱟᱨᱟᱝ ᱵᱩᱨᱩ ᱫᱚ ᱢᱟᱱᱣᱟᱠᱚ ᱪᱟᱥᱵᱟᱥ ᱠᱟᱛᱮ ᱟᱥᱩᱞᱚ: ᱮ ᱪᱮᱫᱼᱟ ᱟᱫᱼᱟ ᱠᱚ ᱛᱟᱸᱦᱮᱸᱠᱟᱱᱟ।
train_santalimale_01916	wavs/train_santalimale_01916.wav	ᱩᱱᱡᱚᱦᱚ: ᱢᱟᱨᱟᱝ ᱵᱩᱨᱩᱮ ᱟᱨᱤ ᱦᱚᱴᱚ ᱟᱠᱟᱫᱼᱟ ᱟᱭ ᱡᱮ, ᱟᱯᱮ ᱢᱟᱱᱣᱟ ᱠᱚ, ᱢᱤᱫᱼᱟᱫᱤᱱ ᱫᱚ ᱫᱷᱟᱹᱨᱛᱤ ᱵᱟᱝ ᱯᱮ ᱥᱤ ᱫᱟᱰᱮᱭᱟ: ᱟ, ᱫᱷᱟᱹᱨᱛᱤ ᱨᱮ ᱠᱩᱲᱤ, ᱠᱟᱠᱣᱟ, ᱥᱟᱵᱲᱤ ᱮᱢᱟᱱ ᱛᱮᱭᱟ: ᱵᱟᱝᱯᱮ ᱟᱸᱰᱜᱚ ᱫᱟᱲᱮᱹᱭᱟ: ᱟ।
train_santalimale_01917	wavs/train_santalimale_01917.wav	ᱚᱱᱟ ᱢᱟᱨᱟᱝ ᱵᱩᱨᱩ ᱟ ᱞᱮᱜ ᱟᱨᱤ ᱪᱟᱞᱤ ᱞᱮᱠᱟᱛᱮ ᱱᱤᱫᱼᱟ ᱦᱚᱸ ᱨᱟᱡᱟ ᱥᱟᱠᱨᱟᱫᱼᱟ ᱦᱤᱞᱚᱷ ᱫᱚ ᱪᱟᱥᱵᱟᱥ ᱠᱟᱹᱢᱤ ᱫᱚ ᱵᱟᱝ ᱦᱩᱭᱩᱷ ᱟ।
train_santalimale_01918	wavs/train_santalimale_01918.wav	ᱠᱟᱛᱷᱟᱭ ᱢᱮᱱᱟᱠᱚ ᱤᱱ ᱦᱤᱞᱚᱷ ᱫᱚ ᱫᱷᱟᱹᱨᱛᱤ ᱟᱭᱚᱷ ᱣᱟ ᱦᱚᱲᱢᱚ ᱯᱩᱣᱟᱹᱛᱤ ᱟ।
train_santalimale_01919	wavs/train_santalimale_01919.wav	ᱫᱷᱟᱹᱨᱛᱤ ᱟᱭᱚᱣᱟᱷ ᱯᱩᱣᱟᱹᱛᱤ ᱦᱚᱲᱢᱚ ᱫᱤᱱ ᱫᱚ ᱢᱟᱨᱟᱝ ᱵᱩᱨᱩ ᱫᱚ ᱢᱟᱱᱣᱟᱠᱚ ᱱᱟᱦᱮᱞ ᱟᱸᱰᱜᱚᱭ ᱢᱟᱱᱟ ᱟᱠᱟᱫᱼᱟ ᱵᱚᱱᱟ, ᱚᱱᱟᱛᱮ ᱱᱟᱦᱮᱞ ᱫᱚ ᱚᱫᱼᱟ ᱦᱟᱥᱟ ᱨᱮ ᱵᱟᱝ ᱫᱚᱦᱚ ᱠᱟᱛᱮ, ᱡᱟᱦᱟᱱ ᱫᱷᱤᱨᱤ ᱪᱮᱛᱟᱱ ᱨᱮ ᱱᱟᱦᱮᱞ ᱫᱚᱠᱚ ᱫᱚᱦᱚ ᱠᱟᱫᱼᱟ ᱠᱟᱱᱟ।
train_santalimale_01920	wavs/train_santalimale_01920.wav	ᱤᱱᱟ ᱦᱤᱞᱚᱷ ᱫᱚ ᱨᱟᱡᱟ ᱥᱟᱠᱨᱟᱫᱼᱟ ᱧᱩᱛᱩᱢ ᱛᱮ ᱥᱤᱢᱠᱚ ᱵᱚᱸᱜᱟ ᱠᱚᱣᱟ ᱫᱟᱠᱟ ᱩᱛᱩ, ᱡᱤᱞ ᱯᱤᱴᱷᱟᱭᱟ ᱠᱚ ᱟᱨ ᱡᱚᱢ ᱧᱩ ᱠᱟᱛᱮ, ᱞᱟᱸᱜᱟ ᱦᱚᱲᱢᱚ ᱯᱷᱟᱸᱰᱜᱟᱨ ᱞᱟᱹᱜᱤᱫᱼᱟ ᱛᱮ ᱧᱤᱫᱟ ᱥᱤᱸᱜᱟᱲ ᱠᱷᱟᱱ ᱜᱮ ᱞᱟᱸᱜᱲᱮ ᱠᱚ ᱮᱱᱮᱡᱼᱟ ᱥᱮᱨᱮᱧᱟ।
train_santalimale_01921	wavs/train_santalimale_01921.wav	ᱤᱭᱟᱹ ᱦᱟᱹᱴᱤᱭᱟᱹ ᱛᱮ ᱫᱚ ᱵᱟᱢ ᱪᱟᱞᱟᱜᱼᱟᱟ?
train_santalimale_01922	wavs/train_santalimale_01922.wav	ᱪᱮᱫᱼᱟ ᱥᱟᱞᱟᱜᱼᱟ ᱱᱟᱦᱟᱸᱜᱼᱟ ᱫᱟᱠᱟ ᱫᱚ ᱵᱚᱱ ᱡᱚᱢᱟ?
train_santalimale_01923	wavs/train_santalimale_01923.wav	ᱫᱮᱱᱟ ᱟᱡᱼᱟ ᱜᱚᱜᱚ ᱫᱚ ᱫᱮᱱᱟ ᱟᱡᱼᱟ ᱵᱟᱵᱟ ᱵᱷᱟᱛᱚᱲᱮ ᱢᱮᱛᱟᱫᱮᱭᱟ।
train_santalimale_01924	wavs/train_santalimale_01924.wav	ᱵᱷᱟᱛᱚᱲᱮ ᱛᱤᱠᱤᱱ ᱟᱯᱟᱦᱚᱱ ᱟᱠᱚᱣᱟᱜᱼᱟ ᱪᱷᱟᱴᱠᱟ ᱨᱮ ᱦᱮᱱᱟᱜᱼᱟ ᱩᱞ ᱵᱩᱴᱟᱹ ᱨᱮ ᱯᱟᱨᱠᱚᱢ ᱠᱤᱱ ᱛᱮᱛᱮᱧ ᱠᱟᱱ ᱛᱟᱸᱦᱮᱸᱠᱟᱱᱟ।
train_santalimale_01925	wavs/train_santalimale_01925.wav	ᱨᱮᱸᱜᱷᱟ, ᱵᱟᱰᱠᱟ ᱟᱨ ᱥᱟᱣᱱᱟ ᱦᱟᱲᱟᱹᱢ ᱛᱮᱠᱚ ᱦᱚᱸ ᱠᱚ ᱛᱟᱸᱦᱮᱸᱠᱟᱱᱟ।
train_santalimale_01926	wavs/train_santalimale_01926.wav	ᱫᱩᱰᱩᱵᱼᱟ ᱟᱠᱟᱱ ᱠᱚ, ᱪᱩᱴᱤᱛᱷᱟᱢᱟᱠᱩᱨᱮᱫᱼᱟ ᱠᱟᱱᱟ ᱠᱚ ᱦᱟᱱᱟᱱᱦᱟᱠᱚ ᱜᱟᱞᱢᱟᱨᱟᱣ ᱡᱚᱲᱚ ᱠᱟᱱᱟ।
train_santalimale_01927	wavs/train_santalimale_01927.wav	ᱵᱷᱟᱛᱚᱲ ᱛᱮᱠᱚ ᱮᱱ ᱥᱮᱨᱢᱟ ᱫᱚ ᱰᱷᱮᱨ ᱜᱮ ᱛᱷᱟᱢᱟᱠᱩᱨ ᱠᱚ ᱟᱨᱡᱟᱣ ᱟᱠᱟᱫᱼᱟ ᱛᱟᱸᱦᱮᱸᱠᱟᱱᱟ, ᱟᱨ, ᱠᱟᱛᱷᱟᱭ, ᱩᱱᱚᱠᱩᱣᱟᱜᱼᱟ ᱵᱟᱰᱜᱮ ᱨᱮᱭᱟᱜᱼᱟ ᱛᱷᱟᱢᱟᱠᱩᱨ ᱫᱚ ᱞᱟᱹᱜ ᱦᱚᱸ ᱟᱹᱰᱤ ᱞᱟᱹᱜ ᱛᱟᱠᱚᱟ।
train_santalimale_01928	wavs/train_santalimale_01928.wav	ᱤᱭᱟᱹ ᱫᱟ! ᱫᱚ ᱥᱮ, ᱟᱨ ᱢᱤᱫᱼᱟ ᱫᱷᱟᱣ ᱜᱚᱲᱚᱢ ᱵᱟᱵᱟ ᱛᱮᱠᱚ ᱪᱩᱴᱤ ᱞᱟᱹᱜᱟᱣ ᱟᱹᱜᱩ ᱣᱟᱠᱚ ᱛᱟᱵᱚᱱ ᱢᱮ।
train_santalimale_01929	wavs/train_santalimale_01929.wav	ᱵᱷᱟᱛᱚᱲ ᱫᱚ ᱦᱚᱯᱚᱱ ᱛᱮᱫᱼᱟ ᱰᱷᱮᱱᱟᱹᱭ ᱢᱮᱛᱟ ᱫᱮᱭᱟ।
train_santalimale_01930	wavs/train_santalimale_01930.wav	ᱟᱨ, ᱤᱧ ᱫᱚ ᱢᱤᱫᱼᱟ ᱜᱷᱟᱹᱲᱤ ᱦᱟᱹᱴᱤᱭᱟᱹ ᱛᱮᱧ ᱥᱮᱱ ᱞᱮᱱ ᱜᱮ।
train_santalimale_01931	wavs/train_santalimale_01931.wav	ᱢᱟ ᱱᱟᱦᱟᱸᱜᱼᱟ, ᱦᱚᱯᱚᱱᱵᱟᱭ ᱛᱮᱧ ᱜᱚᱲᱚᱣᱟᱢᱟ, ᱯᱟᱨᱠᱚᱢ ᱫᱚᱵᱮᱱ ᱛᱮᱧ ᱯᱩᱨᱟᱹᱩ ᱜᱚᱫᱼᱟ ᱠᱟᱜᱼᱟᱟ।
train_santalimale_01932	wavs/train_santalimale_01932.wav	ᱨᱮᱸᱜᱷᱟ ᱥᱮᱡᱼᱟ ᱤᱥᱟᱹᱨᱟ ᱠᱟᱛᱮᱭ ᱢᱮᱱ ᱠᱮᱫᱟ।
train_santalimale_01933	wavs/train_santalimale_01933.wav	ᱫᱮᱱᱟ ᱫᱚ ᱚᱲᱟᱹᱜᱼᱟ ᱛᱮᱭ ᱵᱚᱞᱚᱭᱮᱱᱟ,ᱢᱤᱫᱼᱟᱴᱮᱱ ᱪᱩᱴᱤᱭ ᱵᱮᱱᱟᱣ ᱟᱹᱜᱩ ᱠᱮᱫᱟ ᱟᱨ ᱞᱟᱜᱟᱣ ᱠᱟᱛᱮ ᱥᱟᱣᱱᱟ ᱦᱟᱲᱟᱹᱢᱮ ᱪᱟᱞ ᱟᱫᱮᱭᱟ।
train_santalimale_01934	wavs/train_santalimale_01934.wav	ᱵᱷᱟᱛᱚᱲ ᱫᱚ ᱪᱩᱴᱤ ᱧᱩ ᱵᱟᱝᱟ ᱠᱟᱛᱮ ᱦᱟᱹᱴᱤᱭᱟᱹ ᱛᱮ ᱪᱟᱞᱟᱜᱼᱟ ᱮ ᱥᱟᱯᱲᱟᱹᱣ ᱮᱱᱟ।
train_santalimale_01935	wavs/train_santalimale_01935.wav	ᱫᱮᱱᱟ ᱣᱟᱜᱼᱟ ᱜᱟᱢᱪᱷᱟ ᱨᱮ ᱛᱷᱚᱲᱟᱹ ᱜᱟᱱ ᱛᱷᱟᱢᱟᱠᱩᱨᱮ ᱢᱚᱴᱨᱟ ᱠᱮᱫᱟ ᱟᱨ ᱦᱟᱹᱴᱤᱭᱟᱹ ᱛᱮᱭ ᱢᱚᱦᱚᱬᱰᱟᱭᱮᱱᱟ।
train_santalimale_01936	wavs/train_santalimale_01936.wav	ᱫᱮᱱᱟ ᱮᱸᱜᱟᱛ ᱫᱚ ᱩᱱᱤᱮ ᱢᱮᱛᱟ ᱫᱮᱭᱟ, ᱛᱟᱞᱟ ᱠᱤᱡᱤ ᱵᱩᱞᱩᱝ ᱢᱤᱫᱼᱟ ᱯᱟᱹᱩᱨᱟᱹ ᱜᱟᱱ ᱩᱛᱩᱧ ᱥᱩᱱᱩᱢ ᱟᱨ ᱢᱤᱫᱼᱟ ᱴᱟᱠᱟ ᱜᱟᱱ ᱨᱮᱭᱟᱜᱼᱟ ᱢᱚᱥᱚᱞᱟᱢ ᱠᱤᱨᱤᱧᱟ।
train_santalimale_01937	wavs/train_santalimale_01937.wav	ᱟᱨ ᱡᱟᱣ ᱦᱤᱞᱚᱜᱼᱟ ᱮᱠᱮᱱ ᱫᱟᱠᱟ ᱫᱚ ᱵᱷᱟᱞᱟ, ᱛᱤᱱᱟᱹᱜᱼᱟ ᱵᱚᱱ ᱡᱚᱢᱟ।
train_santalimale_01938	wavs/train_santalimale_01938.wav	ᱛᱷᱚᱰᱟ ᱜᱟᱱ ᱩᱛᱩ ᱛᱟᱱᱟᱜᱼᱟ ᱦᱚᱢ ᱟᱹᱜᱩ ᱫᱟᱨᱟᱭᱟ।
train_santalimale_01939	wavs/train_santalimale_01939.wav	ᱵᱷᱟᱛᱚᱲ ᱫᱚ ᱡᱷᱟᱢᱡᱷᱟᱢ ᱥᱮᱛᱚᱝ ᱦᱟᱹᱴᱤᱭᱟᱹ ᱦᱚᱨᱮ ᱠᱷᱟᱴᱚ ᱤᱫᱤᱭᱮᱫᱼᱟ ᱠᱟᱱᱟ।
train_santalimale_01940	wavs/train_santalimale_01940.wav	ᱪᱷᱟᱛᱟᱨ ᱢᱟ ᱦᱟᱱᱟ ᱦᱟᱹᱴᱤᱭᱟᱹ ᱦᱤᱞᱚᱜᱼᱟ ᱜᱮ ᱚᱠᱟᱨᱮ ᱪᱚᱭ ᱟᱫᱼᱟ ᱟᱠᱟᱫᱼᱟ।
train_santalimale_01941	wavs/train_santalimale_01941.wav	ᱪᱮᱫᱼᱟ ᱛᱮ ᱵᱷᱟᱞᱟᱹᱭ ᱪᱷᱟᱛᱟᱨᱚᱜᱼᱟᱟ?
train_santalimale_01942	wavs/train_santalimale_01942.wav	ᱟᱠᱚ ᱟᱛᱚ ᱠᱷᱚᱱ ᱟᱡᱼᱟ ᱢᱚᱛᱚᱭ ᱥᱮᱱᱚᱜᱼᱟ ᱠᱟᱱ ᱛᱟᱦᱮᱸᱠᱟᱱ ᱛᱮ ᱚᱠᱟᱨᱮ ᱦᱚᱸ ᱵᱟᱭ ᱧᱤᱨᱟᱹᱩ ᱡᱟᱦᱟᱸᱱ ᱞᱮᱱᱟ, ᱥᱚᱡᱷᱮ ᱦᱟᱹᱴᱤᱭᱟᱹ ᱛᱮᱭ ᱪᱟᱞᱟᱣᱮᱱᱟ।
train_santalimale_01943	wavs/train_santalimale_01943.wav	ᱦᱟᱹᱴᱤᱭᱟᱹ ᱴᱟᱹᱬᱰᱤ ᱥᱮᱱ ᱥᱮᱴᱮᱨ ᱠᱟᱛᱮ ᱢᱤᱫᱼᱟᱴᱮᱱ ᱯᱚᱱᱥᱟᱞᱟ ᱨᱮ ᱫᱟᱜᱼᱟ ᱠᱚ ᱧᱩ ᱵᱟᱝᱟ ᱠᱟᱛᱮ ᱚᱬᱰᱮᱱᱟᱜᱼᱟ ᱵᱟᱝ ᱫᱟᱨᱮ ᱵᱩᱴᱟᱹ ᱨᱮᱭ ᱫᱩᱰᱩᱵᱼᱟ ᱧᱤᱨᱟᱹᱩ ᱧᱚᱜᱼᱟ ᱮᱱᱟ।
train_santalimale_01944	wavs/train_santalimale_01944.wav	ᱠᱷᱟᱱ ᱢᱤᱫᱼᱟ ᱜᱷᱟᱹᱲᱤ ᱠᱷᱟᱱ ᱜᱮ ᱟᱹᱠᱷᱚᱨᱤᱧ ᱞᱟᱹᱜᱤᱫᱼᱟ ᱛᱷᱟᱢᱟᱠᱩᱨ ᱫᱚᱭ ᱨᱟᱲᱟᱹ ᱠᱮᱫᱟ।
train_santalimale_01945	wavs/train_santalimale_01945.wav	ᱧᱮᱞ ᱢᱮᱥᱮ ᱟᱹᱰᱤ ᱞᱟᱹᱜ ᱛᱷᱟᱢᱟᱠᱩᱨ ᱛᱟᱦᱮᱸᱠᱟᱱ ᱛᱟᱭ ᱛᱮ ᱢᱤᱫᱼᱟ ᱜᱷᱟᱹᱲᱤ ᱛᱮ ᱟᱹᱠᱷᱚᱨᱤᱧ ᱪᱟᱵᱟᱭᱮᱱ ᱛᱟᱭᱟ।
train_santalimale_01946	wavs/train_santalimale_01946.wav	ᱟᱨ ᱜᱮᱞᱢᱚᱸᱰᱮᱸ ᱴᱟᱠᱟ ᱜᱟᱱᱮ ᱯᱟᱭᱥᱟ ᱠᱮᱫᱟ।
train_santalimale_01947	wavs/train_santalimale_01947.wav	ᱱᱩᱱᱟᱹᱜᱼᱟ ᱢᱟᱦᱟᱹᱨᱚᱜ ᱟᱠᱟᱱ ᱨᱮ ᱦᱚᱸ ᱛᱷᱟᱢᱟᱠᱩᱨ ᱡᱚᱡᱚᱢ ᱟᱨ ᱧᱩᱧᱩ ᱦᱚᱲ ᱛᱷᱚ ᱵᱟᱝ ᱠᱚ ᱠᱚᱢᱟ!
train_santalimale_01948	wavs/train_santalimale_01948.wav	ᱵᱷᱟᱛᱚᱲ ᱫᱚ ᱛᱟᱞᱟ ᱠᱤᱡᱤ ᱵᱩᱞᱩᱝ, ᱢᱤᱫᱼᱟ ᱯᱟᱣᱟ ᱥᱩᱱᱩᱢ ᱟᱨ ᱛᱷᱚᱲᱟᱹ ᱜᱟᱱ ᱢᱚᱥᱚᱞᱟᱹᱭ ᱠᱤᱨᱤᱧ ᱠᱮᱫᱟ।
train_santalimale_01949	wavs/train_santalimale_01949.wav	ᱥᱩᱱᱩᱢ ᱫᱚ ᱢᱤᱫᱼᱟᱴᱮᱡᱼᱟ ᱵᱚᱛᱚᱞ ᱨᱮᱭ ᱦᱟᱛᱟᱣ ᱠᱮᱫᱟ ᱟᱨ ᱵᱩᱞᱩᱝ ᱟᱨ ᱢᱚᱥᱚᱞᱟ ᱫᱚ ᱜᱟᱢᱪᱷᱟ ᱨᱮᱭ ᱜᱷᱮᱸᱴ ᱠᱮᱫᱟ।
train_santalimale_01950	wavs/train_santalimale_01950.wav	ᱮᱱ ᱦᱤᱞᱚᱜᱼᱟ ᱫᱚ ᱦᱟᱹᱴᱤᱭᱟᱹ ᱨᱮ ᱦᱟᱠᱚ ᱦᱚᱸᱠᱚ ᱨᱟᱠᱟᱵᱼᱟ ᱟᱠᱟᱫᱼᱟ ᱠᱚ ᱛᱟᱸᱦᱮᱸᱠᱟᱱᱟ।
train_santalimale_01951	wavs/train_santalimale_01951.wav	ᱩᱛᱩ ᱵᱟᱠᱷᱨᱟ ᱵᱷᱟᱛᱚᱲ ᱫᱚ ᱢᱤᱫᱼᱟ ᱯᱟᱣᱟ ᱦᱟᱠᱚ ᱦᱚᱸᱭ, ᱦᱟᱛᱟᱣ ᱠᱮᱫᱼᱟ ᱠᱚᱟ।
train_santalimale_01952	wavs/train_santalimale_01952.wav	ᱟᱨ ᱦᱚᱯᱚᱱ ᱛᱮᱫᱼᱟ ᱞᱟᱹᱜᱤᱫᱼᱟ ᱫᱚ ᱛᱷᱚᱲᱟᱹ ᱜᱟᱱ ᱞᱟᱹᱰᱩ ᱟᱨ ᱠᱷᱟᱹᱡᱟᱹᱲᱤ ᱦᱚᱸᱭ ᱠᱤᱨᱤᱧ ᱠᱮᱫᱼᱟ ᱛᱮ ᱚᱱᱟ ᱠᱤᱱ ᱡᱤᱱᱤᱥ ᱦᱚᱸ ᱜᱟᱢᱪᱷᱟ ᱨᱮᱜᱮᱭ ᱜᱷᱮᱸᱴ ᱠᱮᱫᱟ।
train_santalimale_01953	wavs/train_santalimale_01953.wav	ᱚᱱᱟ ᱠᱚ ᱥᱚᱣᱫᱟ ᱠᱤᱨᱤᱧ ᱛᱟᱭᱚᱢ ᱯᱟᱭᱥᱟ ᱫᱚ ᱤᱨᱟᱹᱞ ᱴᱟᱠᱟ ᱛᱟᱞᱟ ᱜᱟᱱ ᱜᱮ ᱥᱟᱨᱮᱡᱼᱟ ᱞᱮᱱᱟ।
train_santalimale_01954	wavs/train_santalimale_01954.wav	ᱚᱱᱟ ᱫᱚ ᱰᱟᱬᱰᱟ ᱨᱮᱭ ᱴᱷᱮᱢᱟ ᱠᱮᱫᱟ।
train_santalimale_01955	wavs/train_santalimale_01955.wav	ᱥᱚᱣᱫᱟ ᱠᱚ ᱠᱤᱨᱤᱧ ᱵᱟᱲᱟᱭ ᱛᱮᱜᱮ ᱵᱮᱨ ᱫᱚᱭ ᱦᱟᱹᱥᱩᱨᱚᱜᱼᱟ ᱴᱷᱮᱞᱟᱴᱷᱤᱞᱤ ᱭᱮᱱᱟ।
train_santalimale_01956	wavs/train_santalimale_01956.wav	ᱟᱠᱚ ᱟᱛᱚ ᱨᱮᱱ ᱚᱠᱚᱭ ᱦᱚᱸ ᱵᱟᱭ ᱧᱟᱢ ᱞᱮᱫᱼᱟ ᱠᱚᱛᱮ ᱵᱷᱟᱛᱚᱲ ᱫᱚ ᱦᱟᱹᱴᱤᱭᱟᱹ ᱠᱷᱚᱱ ᱫᱚᱭ ᱚᱲᱚᱝ ᱮᱱᱟ, ᱦᱟᱠᱚᱯᱟᱠᱚᱸ ᱚᱲᱚᱝ ᱛᱮ ᱨᱩᱣᱟᱹᱲᱚᱜᱼᱟᱟ ᱢᱮᱱᱛᱮ।
train_santalimale_01957	wavs/train_santalimale_01957.wav	ᱛᱷᱚᱲᱟᱹ ᱡᱷᱟᱹᱞᱮ ᱦᱮᱡᱼᱟ ᱮᱱ ᱠᱷᱟᱱ ᱜᱮ ᱩᱱᱤ ᱫᱚ ᱢᱟᱛᱠᱚᱢ ᱨᱮᱭᱟᱜᱼᱟ ᱢᱚᱦᱚᱠ ᱦᱮᱡᱼᱟ ᱟᱫᱮᱭᱟ।
train_santalimale_01958	wavs/train_santalimale_01958.wav	ᱦᱚᱨ ᱟᱲᱮ ᱨᱮ ᱯᱟᱹᱩᱨᱟᱹ ᱵᱷᱟᱴᱤ ᱛᱟᱸᱦᱮᱸᱠᱟᱱᱟ।
train_santalimale_01959	wavs/train_santalimale_01959.wav	ᱵᱷᱟᱛᱚᱲ ᱫᱚ ᱩᱰᱩᱫᱼᱟᱯᱩᱰᱩᱫᱼᱟ ᱯᱟᱹᱩᱨᱟᱹ ᱧᱩᱧᱩ ᱥᱟᱱᱟ ᱠᱮᱫᱮᱭᱟ, ᱢᱮᱱᱠᱷᱟᱱ ᱢᱚᱱᱮ ᱨᱮᱭ ᱢᱮᱱ ᱠᱮᱫᱟ।
train_santalimale_01960	wavs/train_santalimale_01960.wav	ᱚᱸᱦᱚᱜᱼᱟ, ᱚᱱᱛᱮ ᱫᱚ ᱵᱟᱹᱧ ᱪᱟᱞᱟᱜᱼᱟᱟ, ᱪᱟᱞᱟᱣᱞᱮᱱ ᱠᱷᱟᱱ ᱜᱮ ᱱᱟᱦᱟᱸᱜᱼᱟ ᱤᱧ ᱧᱤᱱᱫᱟᱹᱜᱼᱟᱟ।
train_santalimale_01961	wavs/train_santalimale_01961.wav	ᱦᱟᱱᱟ ᱦᱟᱹᱴᱤᱭᱟᱹ ᱦᱤᱞᱚᱜᱼᱟ ᱚᱱᱠᱟ ᱜᱮᱧ ᱧᱩ ᱵᱩᱞ ᱞᱮᱱ ᱛᱮᱜᱮ ᱵᱟᱝ ᱪᱷᱟᱛᱟᱨ ᱫᱚᱧ ᱟᱫᱼᱟ ᱟᱠᱟᱫᱼᱟᱟ ᱚᱸᱦᱚᱸᱜᱼᱟ, ᱧᱩ ᱵᱩᱞᱚᱜᱼᱟ ᱫᱚ ᱵᱟᱝ ᱵᱚᱜᱮᱭᱟ।
train_santalimale_01962	wavs/train_santalimale_01962.wav	ᱟᱢ ᱴᱚᱞᱟ ᱨᱮᱱ ᱢᱟᱛᱞᱟ ᱦᱚᱲ ᱧᱮᱞᱮ ᱢᱮᱥᱮ ᱧᱩ ᱵᱩᱞ ᱠᱟᱛᱮ ᱪᱮᱫᱼᱟ ᱠᱚ ᱪᱚᱭ ᱵᱟᱹᱲᱤᱹᱡᱼᱟ ᱞᱮᱫᱼᱟ ᱛᱮ ᱵᱟᱹᱯᱩᱰᱤᱡᱼᱟ ᱛᱤᱹᱱᱟᱜᱼᱟ ᱠᱚ ᱫᱟᱹᱞ ᱟᱠᱟᱫᱮᱭᱟ।
train_santalimale_01963	wavs/train_santalimale_01963.wav	ᱱᱤᱛ ᱦᱚ ᱠᱟᱛᱷᱟᱭ, ᱟᱹᱩᱨᱤᱭ ᱯᱷᱟᱨᱱᱟᱣ ᱩᱛᱟᱹᱨᱚᱜᱼᱟᱟ।
train_santalimale_01964	wavs/train_santalimale_01964.wav	ᱵᱟᱝᱵᱟᱝ ᱟᱨ ᱫᱚ ᱛᱤᱥ ᱦᱚᱸ ᱵᱟᱹᱧ ᱧᱩ ᱵᱩᱞᱚᱜᱼᱟᱟ, ᱵᱟᱝ ᱛᱮᱫᱼᱟ ᱵᱟᱹᱧ ᱧᱩᱭᱟ ᱯᱟᱹᱩᱨᱟᱹ ᱫᱚ।
train_santalimale_01965	wavs/train_santalimale_01965.wav	ᱟᱯᱱᱟᱨ ᱯᱟᱭᱥᱟ ᱠᱷᱚᱨᱚᱪ ᱠᱟᱛᱮ ᱵᱮ ᱢᱟᱱᱚᱛ ᱦᱟᱹᱨ ᱡᱚᱝ ᱫᱚ ᱵᱟᱝ ᱵᱚᱜᱮᱭᱟ।
train_santalimale_01966	wavs/train_santalimale_01966.wav	ᱥᱟᱢᱚᱯᱩᱨ ᱨᱮᱱ ᱨᱚᱜᱷᱩᱟᱹ ᱠᱟᱦᱟᱲ, ᱛᱤᱱᱟᱹᱜᱼᱟ ᱠᱤᱥᱟᱸᱲ ᱦᱚᱲ ᱛᱟᱸᱦᱮᱸᱠᱟᱱᱟ।
train_santalimale_01967	wavs/train_santalimale_01967.wav	ᱧᱩ ᱦᱟᱬᱰᱤ ᱧᱩ ᱯᱟᱹᱩᱨᱟᱹ ᱛᱮᱜᱮ ᱵᱟᱝᱮ ᱢᱟᱹᱴᱤ ᱪᱟᱵᱟᱭᱮᱱᱟ!
train_santalimale_01968	wavs/train_santalimale_01968.wav	ᱚᱦᱚᱧ ᱧᱩ ᱞᱮᱭᱟ ᱯᱟᱹᱩᱨᱟᱹ ᱫᱚ।
train_santalimale_01969	wavs/train_santalimale_01969.wav	ᱵᱷᱟᱛᱚᱲ ᱫᱚ ᱱᱚᱝᱠᱟ ᱜᱮ ᱪᱚᱴᱯᱷᱮᱰ ᱮᱢᱟᱱ ᱛᱮᱭᱟᱜᱼᱟ ᱮ ᱜᱟᱬᱲᱚᱱ ᱤᱫᱤᱭᱮᱫᱼᱟ ᱠᱟᱱᱟ।
train_santalimale_01970	wavs/train_santalimale_01970.wav	ᱜᱷᱟᱱᱮ ᱫᱚᱭ ᱢᱮᱱ ᱮᱫᱟ ᱢᱤᱫᱼᱟ ᱯᱷᱩᱰᱩᱜᱼᱟ ᱜᱟᱱ ᱛᱮᱫᱚ ᱪᱮᱫᱼᱟ ᱦᱚᱸ ᱚᱦᱚ ᱪᱮᱠᱟ ᱞᱮᱱᱟ, ᱢᱤᱫᱼᱟ ᱯᱷᱩᱰᱩᱜᱼᱟ ᱛᱮᱫᱚ ᱵᱟᱝ ᱵᱩᱵᱩᱞᱟ।
train_santalimale_01971	wavs/train_santalimale_01971.wav	ᱟᱨ ᱜᱷᱟᱱᱮ ᱫᱚᱭ ᱢᱮᱱ ᱮᱫᱟ ᱚᱸᱦᱚᱸᱜᱼᱟ, ᱯᱟᱹᱩᱨᱟᱹ ᱥᱟᱞ ᱛᱮᱧ ᱥᱮᱱ ᱞᱮᱱ ᱠᱷᱟᱱ ᱜᱮ ᱱᱟᱦᱟᱸᱜᱼᱟ ᱤᱧ ᱞᱚᱵᱫᱷᱟᱣᱚᱜᱼᱟᱟ।
train_santalimale_01972	wavs/train_santalimale_01972.wav	ᱥᱟᱹᱨᱤ ᱜᱮ, ᱮᱱ ᱦᱤᱞᱚᱜᱼᱟ ᱵᱷᱟᱛᱚᱲ ᱫᱚ ᱟᱭᱟᱜᱼᱟ ᱢᱚᱱᱮ ᱯᱟᱹᱩᱨᱟᱹ ᱥᱟᱞ ᱠᱷᱚᱱ ᱫᱚᱭ ᱚᱨ ᱩᱴᱷᱟᱹᱣ ᱠᱮᱫᱼᱟ ᱜᱮᱭᱟ।
train_santalimale_01973	wavs/train_santalimale_01973.wav	ᱴᱷᱮᱢᱟ ᱟᱠᱟᱫᱼᱟ ᱯᱟᱭᱥᱟ ᱛᱮ ᱛᱷᱚᱲᱟᱹ ᱜᱟᱱ ᱫᱟᱹᱞ ᱠᱤᱨᱤᱧ ᱠᱟᱛᱮ ᱚᱲᱟᱜᱼᱟ ᱛᱮ ᱨᱩᱣᱟᱹᱲ ᱦᱮᱡᱼᱟᱠᱚᱟ ᱢᱮᱱᱛᱮ ᱨᱟᱢᱫᱟᱥᱚᱜᱼᱟ ᱫᱚᱠᱟᱱ ᱥᱮᱡᱼᱟ ᱮ ᱢᱚᱦᱚᱬᱰᱟᱭᱮᱱᱟ।
train_santalimale_01974	wavs/train_santalimale_01974.wav	ᱛᱟᱜᱼᱟ ᱫᱚ, ᱩᱱ ᱡᱚᱠᱷᱮᱡᱼᱟ ᱜᱮ ᱟᱹᱠᱚ ᱟᱛᱚ ᱨᱮᱱ ᱥᱩᱱᱟᱹ ᱪᱟᱣᱠᱤᱫᱟᱨ ᱥᱟᱸᱣ ᱛᱮᱭ ᱧᱟᱯᱟᱢᱮᱱᱟ।
train_santalimale_01975	wavs/train_santalimale_01975.wav	ᱩᱱᱤ ᱫᱚ ᱛᱷᱟᱱᱟ ᱨᱮ ᱦᱟᱹᱡᱨᱤ ᱛᱟᱸᱦᱮᱸᱠᱟᱱ ᱛᱟᱭ ᱥᱮᱱ ᱟᱠᱟᱱ ᱛᱟᱸᱦᱮᱸᱠᱟᱱ।
train_santalimale_01976	wavs/train_santalimale_01976.wav	ᱛᱷᱟᱱᱟ ᱫᱚ ᱦᱟᱹᱴᱤᱭᱟᱹ ᱠᱷᱚᱱ ᱦᱟᱱᱛᱮ ᱧᱚᱜᱼᱟ ᱨᱮ ᱢᱮᱱᱟᱜᱼᱟᱟ।
train_santalimale_01977	wavs/train_santalimale_01977.wav	ᱵᱷᱟᱛᱚᱲ ᱫᱚᱭ ᱨᱚᱲ ᱨᱩᱣᱟᱹᱲ ᱠᱮᱫᱟ।
train_santalimale_01978	wavs/train_santalimale_01978.wav	ᱫᱩᱫᱼᱟ, ᱢᱮ ᱫᱮᱞᱟᱝ ᱚᱱᱛᱮ ᱠᱷᱚᱱ ᱞᱟᱝ ᱨᱩᱣᱟᱹᱲ ᱞᱮᱱ ᱜᱮ।
train_santalimale_01979	wavs/train_santalimale_01979.wav	ᱢᱤᱫᱼᱟ ᱛᱮ ᱜᱮᱞᱟᱝ ᱪᱟᱞᱟᱜᱼᱟᱟ ᱚᱲᱟᱹᱜᱼᱟ ᱛᱮᱫᱚ।
train_santalimale_01980	wavs/train_santalimale_01980.wav	ᱵᱟᱞᱟᱝ ᱧᱤᱱᱫᱟᱹᱜᱼᱟᱟ, ᱵᱟᱵᱟᱨ ᱯᱷᱩᱰᱩᱜᱼᱟ ᱜᱟᱱ ᱛᱮᱫᱚ ᱢᱟ ᱫᱮᱞᱟ।
train_santalimale_01981	wavs/train_santalimale_01981.wav	ᱚᱱᱟ ᱨᱮ ᱵᱷᱟᱛᱚᱲ ᱫᱚ ᱵᱟᱝ ᱫᱚ ᱵᱟᱭ ᱢᱮᱱ ᱫᱟᱲᱮᱹᱭᱟᱫᱟ।
train_santalimale_01982	wavs/train_santalimale_01982.wav	ᱵᱟᱱᱟ ᱦᱚᱲ ᱯᱟᱹᱩᱨᱟᱹ ᱥᱟᱞ ᱛᱮᱠᱤᱱ ᱥᱮᱴᱮᱨᱮᱱᱟ।
train_santalimale_01983	wavs/train_santalimale_01983.wav	ᱥᱩᱱᱟᱹ ᱫᱚ ᱮᱱ ᱦᱤᱞᱚᱜᱼᱟ ᱫᱟᱨᱢᱟᱦᱟ ᱦᱚᱸᱭ ᱧᱟᱢ ᱟᱠᱟᱫᱼᱟ ᱛᱟᱸᱦᱮᱸᱠᱟᱱᱟ।
train_santalimale_01984	wavs/train_santalimale_01984.wav	ᱢᱤᱫᱼᱟ ᱵᱚᱛᱚᱞ ᱯᱟᱹᱩᱨᱟᱹᱭ ᱠᱤᱨᱤᱧᱟ ᱟᱹᱜᱩ ᱜᱚᱫᱼᱟ ᱠᱮᱫᱟ।
train_santalimale_01985	wavs/train_santalimale_01985.wav	ᱵᱟᱱᱟ ᱦᱚᱲ ᱚᱱᱟ ᱫᱚᱠᱤᱱ ᱧᱩᱧᱩ ᱠᱟᱱᱟ।
train_santalimale_01986	wavs/train_santalimale_01986.wav	ᱵᱷᱟᱛᱚᱲ ᱫᱚ ᱪᱟᱠᱷᱱᱟᱹᱭ ᱫᱤᱥᱟᱹ ᱠᱮᱫᱟ, ᱟᱨ, ᱦᱚᱯᱚᱱ ᱛᱮᱫᱼᱟ ᱞᱟᱹᱜᱤᱫᱼᱟ ᱮ ᱠᱤᱨᱤᱧ ᱟᱠᱟᱫᱼᱟ ᱛᱟᱸᱦᱮᱸᱠᱟᱱ ᱠᱷᱟᱹᱡᱟᱹᱲᱤ ᱮ ᱨᱟᱲᱟᱹ ᱠᱮᱫᱟ।
train_santalimale_01987	wavs/train_santalimale_01987.wav	ᱚᱱᱟ ᱠᱤᱱ ᱪᱟᱠᱷᱱᱟᱹᱭᱮᱫᱼᱟ ᱠᱟᱱᱟ ᱟᱨ ᱯᱟᱹᱩᱨᱟᱹ ᱠᱤᱱ ᱧᱩᱧᱩ ᱠᱟᱱᱟ।
train_santalimale_01988	wavs/train_santalimale_01988.wav	ᱢᱤᱫᱼᱟ ᱵᱚᱛᱚᱞ ᱛᱮᱫᱚ ᱵᱟᱠᱤᱱ ᱢᱚᱠᱚᱧ ᱞᱮᱱᱟ।
train_santalimale_01989	wavs/train_santalimale_01989.wav	ᱥᱩᱱᱟᱹ ᱫᱚ ᱟᱨ ᱢᱤᱫᱼᱟ ᱵᱚᱛᱚᱞ ᱠᱤᱨᱤᱧ ᱟᱹᱜᱩ ᱠᱮᱫᱟ।
train_santalimale_01990	wavs/train_santalimale_01990.wav	ᱚᱱᱟ ᱟᱹᱩᱨᱤ ᱠᱤᱱ ᱧᱩ ᱪᱟᱵᱟᱭ ᱨᱮᱜᱮ ᱥᱤᱠᱚᱴᱤᱭᱟ ᱨᱮᱱ ᱞᱚᱫᱚ ᱦᱟᱲᱟᱹᱢ ᱦᱚᱸ ᱚᱠᱟ ᱠᱷᱚᱱ ᱪᱚᱭ ᱟᱸᱲᱜᱚᱭ ᱥᱟᱞᱟᱜᱼᱟ ᱜᱚᱫᱼᱟ ᱮᱱᱟ।
train_santalimale_01991	wavs/train_santalimale_01991.wav	ᱠᱷᱟᱱ ᱩᱱᱤ ᱦᱚᱸ ᱠᱤᱱ ᱫᱮᱞᱟ ᱟᱫᱮᱭᱟ।
train_santalimale_01992	wavs/train_santalimale_01992.wav	ᱧᱮᱯᱮᱞ ᱚᱯᱨᱚᱢ ᱦᱚᱲ ᱛᱷᱚ, ᱪᱮᱠᱟᱛᱮ,ᱵᱷᱟᱞᱟ ᱵᱟᱠᱤᱱ ᱫᱮᱞᱟᱣᱟᱭᱟ?
train_santalimale_01993	wavs/train_santalimale_01993.wav	ᱯᱮᱱᱮ ᱦᱚᱲ ᱛᱮ ᱧᱩᱧᱩ ᱠᱚ ᱮᱦᱚᱵᱼᱟ ᱮᱱᱟ।
train_santalimale_01994	wavs/train_santalimale_01994.wav	ᱵᱟᱨ ᱵᱚᱛᱚᱞ ᱧᱩ ᱪᱟᱵᱟᱭᱮᱱ ᱠᱷᱟᱱ ᱵᱷᱟᱛᱚᱲ ᱫᱚᱭ ᱵᱩᱞ ᱧᱚᱜᱼᱟ ᱮᱱᱟ।
train_santalimale_01995	wavs/train_santalimale_01995.wav	ᱟᱫᱚ, ᱥᱩᱱᱟᱹᱭ ᱢᱮᱛᱟᱭ ᱠᱟᱱᱟ ᱦᱮᱱᱫᱟ ᱦᱚ, ᱟᱫᱚ, ᱚᱠᱟᱨᱮ ᱵᱚᱱ ᱢᱚᱠᱚᱧ ᱞᱮᱱᱟ?
train_santalimale_01996	wavs/train_santalimale_01996.wav	ᱛᱮᱦᱮᱧ ᱫᱚ ᱱᱚᱝᱠᱟ ᱜᱮ, ᱦᱚ! ᱮᱱᱛᱮᱫᱼᱟ ᱯᱟᱭᱥᱟ ᱦᱚᱸ।
train_santalimale_01997	wavs/train_santalimale_01997.wav	ᱧᱩ ᱦᱚᱸᱢ ᱧᱩ ᱚᱪᱚᱠᱮᱫᱼᱟ ᱞᱤᱧᱟᱹ ᱮᱠᱮᱱ ᱢᱚᱪᱟ ᱥᱤᱰᱤᱸᱡᱼᱟ!
train_santalimale_01998	wavs/train_santalimale_01998.wav	ᱵᱷᱟᱛᱚᱲᱟᱹᱜᱼᱟ ᱨᱚᱲ ᱫᱚ ᱥᱟᱭᱜᱟᱫᱼᱟ ᱧᱚᱜᱼᱟ ᱮᱱ ᱛᱟᱭᱟ।
train_santalimale_01999	wavs/train_santalimale_01999.wav	ᱟᱪᱷᱟ ᱦᱚᱸᱢ ᱪᱮᱠᱟᱭᱟ, ᱤᱱᱟᱹᱜᱼᱟ ᱜᱮᱧ ᱫᱟᱲᱮᱹ ᱞᱮᱱᱟ ᱛᱮᱦᱮᱧ ᱫᱚ।
train_santalimale_02000	wavs/train_santalimale_02000.wav	ᱥᱩᱱᱟᱹ ᱫᱚᱭ ᱢᱮᱱ ᱠᱮᱫᱟ, ᱢᱮᱱᱠᱷᱟᱱ ᱵᱷᱟᱛᱚᱲ ᱫᱚ ᱵᱟᱭ ᱵᱟᱛᱟᱣ ᱞᱮᱫᱟ, ᱟᱭᱟᱜᱼᱟ ᱴᱷᱮᱢᱟ ᱠᱷᱚᱱ ᱯᱟᱭᱥᱟᱭ ᱛᱚᱫᱼᱟ ᱜᱚᱫᱼᱟ ᱠᱮᱫᱼᱟᱟ ᱟᱨ ᱢᱤᱫᱼᱟ ᱵᱚᱛᱚᱞ ᱯᱟᱹᱩᱨᱟᱹᱭ ᱠᱤᱨᱤᱧ ᱟᱹᱜᱩ ᱜᱚᱫᱼᱟ ᱠᱮᱫᱟ।
train_santalimale_02001	wavs/train_santalimale_02001.wav	ᱚᱱᱟ ᱦᱚᱸ ᱯᱮᱱᱮ ᱦᱚᱲ ᱛᱮᱠᱚ ᱧᱩ ᱪᱟᱵᱟᱠᱮᱫᱟ।
train_santalimale_02002	wavs/train_santalimale_02002.wav	ᱠᱷᱟᱹᱡᱟᱹᱲᱤ ᱦᱚᱸ ᱥᱟᱱᱟᱢ ᱠᱚ ᱪᱟᱠᱷᱱᱟ ᱪᱟᱵᱟ ᱠᱮᱫᱟ।
train_santalimale_02003	wavs/train_santalimale_02003.wav	ᱵᱷᱟᱛᱚᱲ ᱫᱚ ᱵᱮᱵᱟᱹᱲᱤᱡᱼᱟ ᱮ ᱵᱩᱞ ᱮᱱᱟ।
train_santalimale_02004	wavs/train_santalimale_02004.wav	ᱞᱚᱫᱚ ᱫᱚ ᱰᱷᱮᱨ ᱫᱚ ᱵᱟᱭ ᱵᱩᱞ ᱟᱠᱟᱱ ᱛᱟᱸᱦᱮᱸᱠᱟᱱᱟ।
train_santalimale_02005	wavs/train_santalimale_02005.wav	ᱢᱤᱫᱼᱟ ᱜᱷᱟᱹᱲᱤ ᱛᱟᱭᱚᱢ ᱯᱮᱱᱮ ᱦᱚᱲ ᱚᱲᱟᱹᱜᱼᱟ ᱛᱮᱠᱚ ᱢᱚᱦᱚᱬᱰᱟᱭᱮᱱᱟ।
train_santalimale_02006	wavs/train_santalimale_02006.wav	ᱞᱚᱫᱚ ᱫᱚ ᱰᱷᱮᱨ ᱵᱟᱭ ᱵᱩᱞ ᱞᱮᱱ ᱛᱮ ᱥᱚᱡᱷᱮ ᱟᱠᱚ ᱚᱲᱟᱹᱜᱼᱟ ᱛᱮᱭ ᱪᱟᱞᱟᱣᱮᱱᱟ।
train_santalimale_02007	wavs/train_santalimale_02007.wav	ᱢᱮᱱᱠᱷᱟᱱ ᱵᱷᱟᱛᱚᱲ ᱟᱨ ᱥᱩᱱᱟᱹ ᱫᱚ ᱠᱷᱩᱵᱚᱠᱤᱱ ᱵᱩᱞ ᱟᱠᱟᱱ ᱛᱟᱦᱮᱸᱠᱟᱱ ᱛᱮ ᱥᱚᱡᱷᱮᱦᱚᱨ ᱛᱮ ᱫᱚ ᱛᱟᱲᱟᱹᱢ ᱦᱚᱸ ᱵᱟᱠᱤᱱ ᱛᱟᱲᱟᱹᱢ ᱫᱟᱲᱮᱹᱭᱟᱜᱼᱟ ᱠᱟᱱ ᱛᱟᱸᱦᱮᱸᱠᱟᱱᱟ।
train_santalimale_02008	wavs/train_santalimale_02008.wav	ᱨᱚᱲ ᱦᱚᱸ ᱪᱮᱫᱼᱟ ᱠᱚᱪᱚ ᱟᱞᱟᱜᱼᱟᱵᱟᱞᱟᱜᱼᱟ ᱠᱤᱱ ᱨᱚᱲ ᱤᱫᱤᱭᱮᱫᱼᱟ ᱠᱟᱱᱟ।
train_santalimale_02009	wavs/train_santalimale_02009.wav	ᱩᱱᱚᱠᱤᱱᱟᱜᱼᱟ ᱨᱚᱲ ᱟᱧᱡᱚᱢ ᱛᱮ ᱟᱛᱚ ᱨᱮᱱ ᱥᱮᱛᱟ ᱫᱚ ᱡᱷᱟᱸᱣᱡᱷᱟᱸᱣ ᱠᱚ ᱵᱷᱚᱜᱼᱟ ᱫᱟᱨᱟᱢ ᱠᱮᱫᱼᱟ ᱠᱤᱱᱟ।
train_santalimale_02010	wavs/train_santalimale_02010.wav	ᱥᱩᱱᱟᱹ ᱫᱚ ᱡᱟᱦᱟᱸ ᱞᱮᱠᱟ ᱛᱮ ᱟᱠᱚ ᱚᱲᱟᱹᱜᱼᱟ ᱛᱮᱭ ᱵᱚᱞᱚᱭᱮᱱᱟ, ᱢᱮᱱᱠᱷᱟᱱ ᱵᱷᱟᱛᱚᱲ ᱫᱚ ᱠᱩᱞᱦᱤᱠᱩᱞᱦᱤ ᱛᱮᱭ ᱦᱚᱦᱚ ᱤᱫᱤᱭᱮᱫᱟ ᱛᱷᱤᱨ ᱯᱟᱱᱤ ᱯᱟᱛᱷᱚᱞ ᱠᱟᱴᱮ!
train_santalimale_02011	wavs/train_santalimale_02011.wav	ᱵᱷᱟᱛᱚᱲᱟᱹᱜᱼᱟ ᱦᱚᱦᱚ ᱟᱨ ᱨᱚᱲ ᱟᱧᱡᱚᱢ ᱠᱟᱛᱮ ᱫᱮᱱᱟ ᱟᱡᱼᱟ ᱜᱚᱜᱚ, ᱚᱠᱚᱭ ᱫᱚᱭ ᱡᱟᱹᱯᱤᱫᱼᱟ ᱟᱠᱟᱫᱼᱟ ᱛᱟᱦᱮᱸᱠᱟᱱ, ᱮᱵᱷᱮᱱ ᱮᱱᱟᱹᱭ, ᱢᱮᱱᱠᱷᱟᱱ ᱢᱚᱱᱮᱢᱚᱱᱮ ᱛᱮ ᱩᱱᱤ ᱫᱚᱭ ᱮᱫᱨᱮ ᱭᱟᱠᱟᱱᱟ।
train_santalimale_02012	wavs/train_santalimale_02012.wav	ᱵᱮᱨᱮᱫᱼᱟ ᱦᱚᱸ ᱵᱟᱭ ᱵᱮᱨᱮᱫᱼᱟ ᱦᱚᱫᱚᱜᱼᱟ ᱠᱟᱱᱟ, ᱡᱷᱤᱡᱼᱟ ᱦᱚᱸ ᱵᱟᱭ ᱡᱷᱤᱡᱼᱟ ᱟᱭ ᱠᱟᱱᱟ ᱚᱲᱟᱹᱜᱼᱟ ᱫᱚ।
train_santalimale_02013	wavs/train_santalimale_02013.wav	ᱫᱮᱱᱟ ᱟᱡᱼᱟ ᱵᱟᱵᱟ ᱢᱤᱫᱼᱟ ᱜᱷᱟᱹᱲᱤ ᱫᱚ ᱠᱷᱩᱵᱮ ᱦᱚᱦᱚ ᱛᱷᱟᱠᱟᱣ ᱚᱪᱚᱠᱮᱫᱮᱭᱟ।
train_santalimale_02014	wavs/train_santalimale_02014.wav	ᱠᱷᱟᱱ, ᱚᱲᱟᱹᱜᱼᱟ ᱮ ᱡᱷᱤᱡᱼᱟ ᱟᱫᱮ ᱥᱮᱭ ᱨᱚᱲ ᱫᱟᱢ ᱠᱮᱫᱮᱭᱟ, ᱟᱹᱰᱤᱢ ᱱᱮᱦᱟᱞ ᱟᱠᱟᱱᱟ।
train_santalimale_02015	wavs/train_santalimale_02015.wav	ᱱᱚᱟ ᱞᱟᱹᱜᱤᱫᱼᱟ ᱜᱮ ᱦᱟᱹᱴᱤᱭᱟᱹᱜᱼᱟ ᱫᱚᱢ ᱥᱮᱱ ᱞᱮᱱᱟ!
train_santalimale_02016	wavs/train_santalimale_02016.wav	ᱟᱢ ᱪᱮᱫᱼᱟ ᱮᱢ ᱱᱮᱦᱟᱞ ᱫᱚᱦᱚ ᱣᱟᱠᱟᱫᱼᱟᱟ ᱚᱲᱟᱹᱜᱼᱟ ᱨᱮ?
train_santalimale_02017	wavs/train_santalimale_02017.wav	ᱵᱷᱟᱛᱚᱲ ᱫᱚ ᱨᱟᱝᱜᱟᱣ ᱟᱲᱟᱝ ᱛᱮᱭ ᱨᱚᱲ ᱠᱮᱫᱟ।
train_santalimale_02018	wavs/train_santalimale_02018.wav	ᱵᱟᱵᱟ ᱦᱚᱲᱟᱹᱜᱼᱟ ᱨᱚᱲ ᱟᱧᱡᱚᱢ ᱠᱟᱛᱮ ᱫᱮᱱᱟ ᱫᱚᱭ ᱵᱮᱨᱮᱫᱼᱟ ᱮᱱᱟ।
train_santalimale_02019	wavs/train_santalimale_02019.wav	ᱫᱮᱱᱟ ᱱᱚᱟ ᱠᱟᱛᱷᱟᱭ ᱨᱚᱲ ᱞᱮᱫᱼᱟ ᱧᱟᱢ ᱞᱮᱛᱩ ᱵᱷᱟᱛᱚᱲ ᱫᱚᱭ ᱢᱮᱱ ᱜᱚᱫᱼᱟ ᱠᱮᱫᱟ।
train_santalimale_02020	wavs/train_santalimale_02020.wav	ᱟᱨ ᱧᱮᱞᱮ ᱢᱮᱥᱮ, ᱩᱱᱤ ᱴᱷᱮᱱᱮ ᱥᱮᱱ ᱥᱚᱨ ᱜᱚᱫᱼᱟ ᱮᱱ ᱥᱮ ᱠᱟᱱᱡᱟᱲᱤ ᱨᱮ ᱱᱩᱱᱟᱹᱜᱼᱟ ᱟᱸᱴᱮ ᱛᱷᱟᱯᱟ ᱠᱮᱫᱮᱭᱟ ᱡᱮᱭ ᱛᱷᱟᱯᱟ ᱡᱷᱤᱱᱚᱡᱷᱤᱱᱟᱹᱩ ᱩᱛᱟᱹᱨ ᱠᱮᱫᱮᱭᱟ!
train_santalimale_02021	wavs/train_santalimale_02021.wav	ᱵᱷᱟᱜ ᱫᱚ ᱮᱸᱜᱟᱛ ᱛᱮᱫᱼᱟ ᱦᱟᱠᱚᱯᱟᱠᱚᱭ ᱦᱟᱹᱨ ᱨᱟᱠᱟᱵᱼᱟ ᱠᱮᱫᱮ ᱛᱮ ᱢᱟᱸᱡᱷᱤ ᱛᱮᱠᱚ ᱴᱷᱮᱱᱮ ᱟᱹᱛᱚᱠᱤᱨ ᱤᱫᱤ ᱜᱚᱫᱼᱟ ᱠᱮᱫᱮᱭᱟ।
train_santalimale_02022	wavs/train_santalimale_02022.wav	ᱚᱱᱟ ᱛᱮᱠᱷᱟᱱ ᱫᱚ ᱠᱟᱴᱟᱣ ᱮᱱᱟ।
train_santalimale_02023	wavs/train_santalimale_02023.wav	ᱥᱮᱛᱟᱜᱼᱟ ᱟᱹᱰᱤ ᱟᱱᱮᱡᱼᱟ ᱮ ᱵᱮᱨᱮᱫᱼᱟ ᱮᱱᱟ ᱵᱷᱟᱛᱚᱲ ᱫᱚ।
train_santalimale_02024	wavs/train_santalimale_02024.wav	ᱠᱷᱟᱱ, ᱦᱚᱯᱚᱱ ᱛᱮᱫᱼᱟ ᱮ ᱧᱮᱞ ᱠᱮᱫᱮ ᱫᱚ ᱟᱹᱰᱤ ᱟᱸᱴ ᱦᱚᱲᱢᱚ ᱫᱷᱤᱭᱚᱩ ᱟᱠᱟᱱ ᱛᱟᱭᱟ ᱟᱨᱮ ᱵᱤᱠᱞᱟᱹᱵᱤᱠᱚᱞᱤᱜᱼᱟ ᱠᱟᱱᱟ।
train_santalimale_02025	wavs/train_santalimale_02025.wav	ᱵᱷᱟᱛᱚᱲ ᱫᱚ ᱱᱤᱥᱟᱹ ᱵᱷᱟᱸᱜᱟᱣ ᱮᱱ ᱛᱟᱭᱟ।
train_santalimale_02026	wavs/train_santalimale_02026.wav	ᱠᱟᱥᱛᱟᱣᱚᱜᱼᱟ ᱠᱟᱱᱟᱹᱭ, ᱦᱟᱭ, ᱪᱮᱫᱼᱟᱤᱧ ᱪᱮᱠᱟ ᱠᱮᱫᱟ ᱤᱧ ᱫᱚ!
train_santalimale_02027	wavs/train_santalimale_02027.wav	ᱯᱚᱴᱚᱨ ᱴᱚᱭᱟ ᱞᱮᱠᱟᱭ ᱠᱚᱭᱚᱜᱼᱟ ᱵᱟᱲᱟᱭᱮᱫᱟ।
train_santalimale_02028	wavs/train_santalimale_02028.wav	ᱮᱨᱟᱛᱛᱮᱫᱼᱟ ᱛᱟᱭ ᱫᱚ ᱫᱷᱟᱸᱣᱲᱟᱸᱫᱷᱟᱸᱩᱲᱤ ᱦᱟᱹᱱᱤ ᱴᱷᱮᱱ ᱱᱟᱹᱭ ᱴᱷᱮᱱᱮ ᱧᱤᱨ ᱵᱟᱲᱟᱭ ᱠᱟᱱᱟᱭ।
train_santalimale_02029	wavs/train_santalimale_02029.wav	ᱫᱮᱱᱟ ᱫᱚᱭ ᱠᱟᱹᱦᱤᱞ ᱤᱫᱤᱜᱼᱟ ᱠᱟᱱᱟ।
train_santalimale_02030	wavs/train_santalimale_02030.wav	ᱚᱱᱟ ᱧᱮᱞ ᱛᱮ ᱵᱷᱟᱛᱚᱲ ᱛᱤᱠᱤᱱ ᱵᱟᱱᱟᱨ ᱦᱟᱲᱟᱹᱢᱚᱵᱩᱰᱦᱤ ᱟᱹᱰᱤ ᱠᱤᱱ ᱟᱱᱫᱥᱟᱞᱮᱜᱼᱟ ᱠᱟᱱᱟ।
train_santalimale_02031	wavs/train_santalimale_02031.wav	ᱮᱱᱛᱮᱫᱼᱟ ᱤᱱᱤ ᱜᱮᱛᱟ ᱠᱤᱱ ᱮᱠᱟᱯᱩᱛ ᱫᱩᱞᱟᱹᱲᱦᱚᱯᱚᱱ ᱫᱚ।
train_santalimale_02032	wavs/train_santalimale_02032.wav	ᱵᱷᱟᱛᱚᱲ ᱫᱚ ᱱᱤᱛ ᱫᱚ ᱦᱟᱹᱱᱤ ᱴᱷᱮᱱ ᱱᱟᱹᱭ ᱴᱷᱮᱱ ᱧᱤᱨ ᱵᱟᱲᱟᱭ ᱠᱟᱱᱟ।
train_santalimale_02033	wavs/train_santalimale_02033.wav	ᱢᱟᱹᱸᱡᱷᱤᱛᱷᱟᱱ, ᱡᱟᱦᱮᱨᱛᱷᱟᱱ, ᱠᱟᱹᱞᱤ ᱢᱟᱸᱰᱟ ᱮᱢᱟᱱ ᱨᱮ ᱫᱟᱜᱼᱟ ᱠᱚᱭ ᱪᱚᱲᱚᱨ ᱠᱮᱫᱟ।
train_santalimale_02034	wavs/train_santalimale_02034.wav	ᱟᱨ ᱢᱚᱸᱲᱮᱸ ᱦᱚᱲ ᱥᱟᱹᱠᱷᱤᱭ ᱫᱚᱦᱚ ᱠᱮᱫᱼᱟ ᱠᱚ ᱛᱮᱭ ᱜᱚᱜᱼᱟ ᱟᱱᱟ ᱵᱟᱝ ᱢᱟ ᱦᱚᱯᱚᱱᱤᱧ ᱱᱤᱭᱟᱹ ᱫᱷᱟᱣᱮ ᱯᱷᱟᱨᱱᱟᱣ ᱮᱱᱟ ᱢᱮᱱᱠᱷᱟᱱ, ᱟᱨ ᱜᱷᱩᱨᱤᱭᱟᱹᱸ ᱛᱤᱥ ᱦᱚᱸ ᱯᱟᱹᱩᱨᱟᱹ ᱫᱚ ᱵᱟᱹᱧ ᱧᱩ ᱵᱩᱞᱚᱜᱼᱟᱟ।
train_santalimale_02035	wavs/train_santalimale_02035.wav	ᱧᱮᱞ ᱢᱮᱥᱮ, ᱚᱱᱟ ᱫᱚᱥᱟᱨ ᱛᱮᱥᱟᱨ ᱦᱤᱞᱚᱜᱼᱟ ᱠᱷᱟᱱ ᱜᱮ ᱫᱮᱱᱟ ᱫᱚ ᱵᱟᱹᱤᱵᱟᱹᱤ ᱛᱮᱭ ᱯᱷᱟᱨᱱᱟᱣ ᱤᱫᱤᱭᱮᱱᱟ।
train_santalimale_02036	wavs/train_santalimale_02036.wav	ᱵᱟᱝ ᱫᱚ ᱵᱟᱯᱚ ᱪᱮᱫᱼᱟ ᱪᱚᱝ।
train_santalimale_02037	wavs/train_santalimale_02037.wav	ᱡᱟ ᱜᱮ ᱡᱟᱦᱟᱸ ᱞᱮᱠᱟᱛᱮ, ᱵᱷᱟᱛᱚᱲ ᱫᱚ ᱯᱟᱹᱩᱨᱟᱹ ᱫᱚᱭ ᱵᱟᱹᱜᱤ ᱟᱠᱟᱫᱟ, ᱡᱟᱹᱱᱤᱡᱼᱟ ᱮ ᱵᱟᱹᱜᱤ ᱩᱛᱟᱹᱨᱮᱱᱟ।
train_santalimale_02038	wavs/train_santalimale_02038.wav	ᱥᱮᱛᱟᱜᱼᱟ ᱨᱮ ᱟᱫᱼᱟ ᱦᱚᱲ ᱵᱮᱨ ᱦᱟᱹᱥᱩᱨᱚᱜᱼᱟ ᱫᱮᱞᱟᱫᱤᱞᱤ ᱦᱚᱸ ᱚᱲᱟᱹᱜᱼᱟ ᱛᱮᱭ ᱨᱩᱣᱟᱹᱲ ᱦᱤᱡᱩᱜᱼᱟ ᱠᱷᱟᱱ ᱟᱛᱩ ᱦᱚᱲ ᱫᱚ ᱚᱦᱚᱭ ᱞᱮᱠᱷᱟ ᱞᱮᱱᱟ।
train_santalimale_02039	wavs/train_santalimale_02039.wav	ᱵᱟᱲᱮ ᱴᱟᱹᱬᱰᱤ ᱦᱚᱸ, ᱯᱩᱨᱩᱵ ᱱᱟᱠᱷᱟ ᱨᱮ ᱢᱮᱱᱟᱜᱼᱟ ᱟᱹᱰᱤ ᱢᱟᱨᱟᱝ ᱡᱟᱭᱜᱟ।
train_santalimale_02040	wavs/train_santalimale_02040.wav	ᱚᱱᱟ ᱫᱚ ᱵᱟᱲᱮ ᱴᱟᱹᱬᱰᱤ ᱜᱮᱠᱚ ᱵᱟᱦᱱᱟ ᱟᱹᱜᱩᱣᱟᱠᱟᱫᱟ।
train_santalimale_02041	wavs/train_santalimale_02041.wav	ᱚᱬᱰᱮ ᱫᱚ ᱵᱟᱹᱱᱩᱠᱚᱟ ᱵᱟᱲᱮ ᱫᱟᱨᱮ ᱫᱚ।
train_santalimale_02042	wavs/train_santalimale_02042.wav	ᱢᱮᱱᱟᱜᱼᱟᱟ ᱮᱠᱮᱱ ᱥᱟᱨᱮᱡᱼᱟ ᱢᱩᱴᱷᱟᱹᱱ ᱢᱟᱨᱦᱮᱲ ᱴᱷᱩᱸᱴᱷ।
train_santalimale_02043	wavs/train_santalimale_02043.wav	ᱱᱤᱛ ᱦᱚᱸ ᱛᱮᱝᱜᱚᱣᱟᱠᱟᱱ ᱜᱮᱭᱟ ᱨᱚᱠᱨᱚᱠᱚ, ᱛᱩᱨᱩᱤ ᱢᱚᱠᱟ ᱜᱟᱱ ᱩᱥᱩᱞ ᱟᱨ ᱢᱤᱫᱼᱟ ᱵᱟᱨ ᱦᱟᱹᱰᱩᱵᱼᱟ ᱜᱟᱱ ᱚᱥᱟᱨ।
train_santalimale_02044	wavs/train_santalimale_02044.wav	ᱚᱠᱚᱭ ᱦᱚᱸ ᱵᱟᱠᱚ ᱢᱮᱫᱼᱟ ᱞᱩᱛᱩᱨᱟᱜᱼᱟᱟ ᱚᱱᱟ ᱦᱩᱨᱩᱫᱼᱟ ᱴᱷᱩᱴᱷᱚᱠᱩᱫᱼᱟ ᱴᱷᱩᱸᱴᱷ ᱥᱮᱡᱼᱟ ᱫᱚ।
train_santalimale_02045	wavs/train_santalimale_02045.wav	ᱢᱮᱱᱮᱜᱼᱟ ᱟᱫᱚᱢ ᱦᱚᱲᱚᱠᱚᱟ ᱵᱚᱦᱚᱜᱼᱟ ᱫᱚ ᱚᱬᱰᱮ ᱥᱮᱴᱮᱨᱚᱜᱼᱟ ᱛᱚᱨᱟ ᱜᱮ ᱛᱩᱢᱵᱩᱫᱼᱟ ᱧᱚᱜᱚᱜᱼᱟ ᱜᱮᱭᱟ, ᱯᱟᱥᱮᱡᱼᱟ ᱠᱚ ᱡᱚᱦᱟᱹᱨ ᱚᱴᱚᱣᱟᱜᱼᱟᱟ ᱚᱱᱟ ᱴᱷᱩᱸᱴᱷ ᱜᱮ ᱵᱚᱝᱜᱟ ᱠᱟᱱ ᱞᱮᱠᱟ।
train_santalimale_02046	wavs/train_santalimale_02046.wav	ᱵᱟᱲᱮ ᱴᱟᱹᱬᱰᱤ, ᱱᱤᱛ ᱦᱚᱸ ᱚᱱᱟ ᱢᱟᱨᱟᱝ ᱩᱛᱟᱹᱨ ᱡᱟᱭᱜᱟ ᱫᱚ ᱚᱱᱟ ᱧᱩᱛᱩᱢ ᱛᱮᱜᱮ ᱱᱟᱢᱰᱟᱠ ᱟᱠᱟᱱᱟ।
train_santalimale_02047	wavs/train_santalimale_02047.wav	ᱜᱩᱯᱤ ᱜᱤᱫᱨᱟᱹ ᱠᱚ ᱜᱟᱯᱟᱞᱢᱟᱨᱟᱣᱟ ᱦᱮᱱᱫᱟ ᱭᱟ! ᱱᱚᱟ ᱵᱟᱲᱮ ᱴᱟᱹᱬᱰᱤ ᱥᱮᱡᱼᱟ ᱫᱤᱱᱟᱹᱢ ᱜᱮ ᱜᱟᱹᱭ ᱜᱩᱯᱤ ᱵᱚᱱ ᱦᱤᱡᱩᱜᱼᱟ ᱠᱟᱱᱟ, ᱢᱮᱱᱠᱷᱟᱱ ᱵᱟᱝ ᱧᱮᱞ ᱧᱟᱢᱚᱜᱼᱟᱟ ᱚᱠᱟ ᱴᱷᱮᱱ ᱦᱚᱸ ᱵᱟᱲᱮ ᱫᱟᱨᱮ ᱫᱚ।
train_santalimale_02048	wavs/train_santalimale_02048.wav	ᱪᱮᱠᱟᱛᱮ ᱧᱩᱛᱩᱢ ᱮᱱᱟ ᱵᱟᱲᱮ ᱴᱟᱹᱬᱰᱤ ᱫᱚ?
train_santalimale_02049	wavs/train_santalimale_02049.wav	ᱫᱚᱥᱟᱨᱤᱡᱼᱟ ᱜᱩᱯᱤ ᱜᱤᱫᱨᱟᱹ ᱫᱚᱭ ᱨᱚᱲ ᱨᱩᱣᱟᱹᱲ ᱜᱚᱫᱟ ᱵᱟᱝ ᱫᱚ, ᱪᱮᱫᱼᱟ ᱫᱚ ᱢᱮᱱᱟᱜᱼᱟ ᱜᱮᱭᱟ ᱚᱠᱟ ᱠᱟᱛᱷᱟ ᱫᱚ ᱵᱟᱵᱚᱱ ᱵᱟᱝᱟᱭᱟ ᱟᱵᱚ ᱫᱚ।
train_santalimale_02050	wavs/train_santalimale_02050.wav	ᱵᱤᱞᱟᱹᱱ ᱴᱟᱹᱬᱰᱤ ᱨᱮ ᱛᱮᱝᱜᱚᱣᱟᱠᱟᱱ ᱨᱚᱠᱨᱚᱠᱚ, ᱚᱱᱟ ᱴᱷᱩᱸᱴᱷ ᱜᱮᱭ ᱞᱟᱹᱤᱭᱟ ᱡᱚᱛᱷᱟᱛ ᱠᱟᱛᱷᱟ ᱫᱚ।
train_santalimale_02051	wavs/train_santalimale_02051.wav	ᱯᱟᱥᱮᱡᱼᱟ ᱚᱱᱟ ᱴᱷᱩᱸᱴᱷ ᱫᱚ ᱵᱟᱲᱮ ᱫᱟᱨᱮ ᱨᱮᱭᱟᱜᱼᱟ ᱠᱟᱱ ᱜᱮᱭᱟ।
train_santalimale_02052	wavs/train_santalimale_02052.wav	ᱮᱱᱠᱟ ᱜᱟᱞᱢᱟᱨᱟᱣ ᱵᱟᱲᱟ ᱠᱟᱛᱮ ᱜᱮ ᱜᱩᱯᱤ ᱜᱤᱫᱨᱟᱹ ᱫᱚ ᱠᱚ ᱛᱷᱤᱨ ᱵᱟᱲᱟᱭᱮᱱ ᱜᱮ।
train_santalimale_02053	wavs/train_santalimale_02053.wav	ᱜᱟᱹᱭ ᱟᱹᱪᱩᱨᱚ ᱠᱚ ᱞᱟᱹᱜᱤᱫᱼᱟ ᱠᱚ ᱦᱟᱱᱛᱮᱱᱦᱟᱛᱮ ᱵᱟᱲᱟᱭᱮᱱ ᱜᱮ।
train_santalimale_02054	wavs/train_santalimale_02054.wav	ᱛᱚᱵᱮᱠᱷᱟᱱ, ᱵᱟᱲᱮ ᱴᱟᱹᱬᱰᱤ ᱨᱮᱭᱟᱜᱼᱟ ᱡᱚᱛᱷᱟᱛ ᱠᱟᱛᱷᱟ ᱫᱚ ᱥᱚᱫᱚᱨ ᱤᱫᱤᱭᱮᱱᱟ, ᱵᱟᱦᱮᱨ ᱤᱫᱤᱜᱼᱟ ᱠᱟᱱᱟ ᱚᱠᱚ ᱠᱟᱛᱷᱟ, ᱪᱤᱨᱜᱟᱹᱞ ᱤᱫᱤᱜᱼᱟ ᱠᱟᱱᱟ ᱚᱱᱛᱚᱨ ᱠᱟᱛᱷᱟ ᱟᱨ ᱵᱷᱮᱫᱮᱨ ᱵᱷᱮᱫ!
train_santalimale_02055	wavs/train_santalimale_02055.wav	ᱥᱟᱨᱮᱡᱼᱟ ᱟᱠᱟᱱ ᱚᱱᱟ ᱵᱟᱲᱮ ᱴᱷᱩᱸᱴᱷ ᱨᱮᱜᱮ ᱟᱭᱢᱟ ᱞᱮᱠᱟᱱ ᱠᱟᱛᱷᱟᱢᱟᱞᱟ ᱜᱟᱞᱟᱝ ᱥᱟᱣᱦᱟᱸ ᱮᱦᱚᱵᱼᱟ ᱮᱱᱟ।
train_santalimale_02056	wavs/train_santalimale_02056.wav	ᱚᱱᱟ ᱜᱟᱞᱟᱝ ᱢᱟᱞᱟ ᱠᱷᱚᱱ ᱢᱚᱸᱡ ᱜᱮ ᱥᱚᱱᱫᱷᱮᱲᱥᱚ।
train_santalimale_02057	wavs/train_santalimale_02057.wav	ᱚᱠᱚᱭ ᱫᱚᱠᱚ ᱡᱤᱭᱟᱱ, ᱩᱱᱚᱠᱩ ᱫᱚ ᱯᱚᱨᱦᱚ ᱠᱚ ᱧᱟᱢ ᱠᱮᱫᱟ ᱟᱨ ᱚᱠᱚᱭ ᱫᱚ ᱵᱟᱠᱚ ᱡᱤ ᱛᱤᱭᱟᱹᱜᱼᱟ ᱞᱮᱫᱟ, ᱩᱱᱚᱠᱩ ᱫᱚ ᱠᱚ ᱯᱟᱹᱥᱩᱲ ᱮᱱᱟ।
train_santalimale_02058	wavs/train_santalimale_02058.wav	ᱢᱮᱱ ᱟᱹᱜᱩ ᱣᱟᱠᱟᱱᱟ ᱚᱠᱚᱭ ᱵᱮᱨᱮᱫᱼᱟ ᱜᱮᱭ ᱛᱟᱦᱮᱸᱱᱟ, ᱡᱟᱜᱣᱟᱨ ᱜᱮᱭ ᱛᱟᱦᱮᱸᱱᱟ, ᱩᱱᱤ ᱫᱚᱭ ᱧᱟᱢ ᱜᱮᱭᱟ ᱟᱨ ᱚᱠᱚᱭ ᱡᱟᱹᱯᱤᱫᱼᱟ ᱜᱮᱭ ᱛᱟᱦᱮᱸᱱᱟ, ᱩᱱᱤ ᱫᱚᱭ ᱯᱟᱹᱥᱩᱲᱚᱜᱼᱟ ᱜᱮᱭᱟ।
train_santalimale_02059	wavs/train_santalimale_02059.wav	ᱟᱥᱚᱞ ᱫᱚ ᱞᱟᱲᱟᱣ ᱞᱮᱱ ᱠᱷᱟᱱ ᱯᱟᱜᱼᱟᱲᱟᱣ ᱜᱮᱭᱟ।
train_santalimale_02060	wavs/train_santalimale_02060.wav	ᱞᱟᱲᱟᱹᱣ ᱞᱮᱱ ᱦᱚᱲ ᱫᱚ ᱠᱚ ᱯᱟᱲᱟᱹᱣᱮᱱᱟ ᱦᱟᱴᱟᱜᱼᱟᱦᱟᱴᱟᱜᱼᱟ ᱟᱨ ᱵᱟᱝ ᱠᱚ ᱫᱚ ᱵᱟᱴᱟᱜᱼᱟᱵᱟᱴᱟᱜᱼᱟ।
train_santalimale_02061	wavs/train_santalimale_02061.wav	ᱱᱮᱛᱟᱨ ᱫᱚ ᱵᱟᱲᱮ ᱫᱟᱨᱮ ᱨᱮᱭᱟᱜᱼᱟ ᱴᱷᱩᱸᱴᱷ ᱜᱮ ᱥᱟᱨᱮᱡᱼᱟ ᱟᱠᱟᱱᱟ ᱩᱱ ᱢᱟᱨᱟᱝ ᱵᱤᱞᱟᱹᱱ ᱴᱟᱹᱬᱰᱤ ᱨᱮ।
train_santalimale_02062	wavs/train_santalimale_02062.wav	ᱟᱹᱰᱤ ᱱᱤᱦᱟᱹᱛ ᱜᱮ ᱪᱮᱛᱟᱱ ᱠᱷᱚᱱ ᱫᱚ ᱧᱮᱞᱚᱜᱼᱟᱟ ᱯᱟᱛ ᱯᱟᱞᱦᱟ ᱵᱮᱜᱚᱨ ᱴᱷᱩᱸᱴᱷ ᱜᱮ ᱞᱟᱝᱴᱟᱛᱷᱩᱤᱞᱟ!
train_santalimale_02063	wavs/train_santalimale_02063.wav	ᱴᱷᱩᱸᱴᱷ ᱨᱮᱭᱟᱜᱼᱟ ᱡᱟᱦᱟᱸᱱ ᱢᱚᱦᱚᱛ ᱜᱮ ᱵᱟᱝ।
train_santalimale_02064	wavs/train_santalimale_02064.wav	ᱵᱟᱝ ᱫᱚ. ᱚᱱᱟ ᱨᱮ ᱯᱟᱱ ᱯᱟᱞᱦᱟ ᱢᱮᱱᱟᱜᱼᱟ ᱟᱨ ᱵᱟᱝ ᱫᱚ ᱡᱤᱣᱤᱜᱮ।
train_santalimale_02065	wavs/train_santalimale_02065.wav	ᱚᱱᱟ ᱫᱚ ᱜᱚᱡᱼᱟ ᱜᱮᱭᱟ, ᱡᱚ ᱛᱟᱸᱦᱮᱸᱠᱟᱱᱟ, ᱪᱟᱵᱟᱭᱮᱱᱟ।
train_santalimale_02066	wavs/train_santalimale_02066.wav	ᱚᱱᱟ ᱨᱮ ᱡᱟᱦᱟᱸᱱᱟᱜᱼᱟ ᱮᱢ ᱠᱷᱚᱡ ᱠᱷᱟᱱ ᱵᱟᱢ ᱧᱟᱢᱟ।
train_santalimale_02067	wavs/train_santalimale_02067.wav	ᱥᱩᱢᱩᱝ ᱥᱟᱨᱮᱡᱼᱟ ᱟᱠᱟᱱ ᱴᱷᱩᱸᱴᱷ ᱛᱮᱫᱼᱟ।
train_santalimale_02068	wavs/train_santalimale_02068.wav	ᱚᱱᱟ ᱦᱚᱸ ᱴᱮᱸᱜᱚᱡᱼᱟ ᱛᱮ ᱪᱷᱞᱚᱪᱷᱮᱞᱚ ᱠᱟᱛᱮ ᱠᱚ ᱪᱷᱤᱱ ᱪᱷᱟᱹᱛᱩᱨ ᱪᱟᱵᱟᱭᱮᱫᱼᱟ ᱠᱟᱱᱟ।
train_santalimale_02069	wavs/train_santalimale_02069.wav	ᱮᱱ ᱦᱚᱸ ᱮᱥᱠᱟᱨ ᱜᱮ ᱛᱮᱝᱜᱚ ᱣᱟᱠᱟᱱᱟ ᱢᱤᱫᱼᱟᱵᱟᱨ ᱫᱟᱨᱮ ᱱᱟᱹᱸᱰᱤ ᱠᱚ।
train_santalimale_02070	wavs/train_santalimale_02070.wav	ᱚᱠᱛᱮ ᱱᱟᱹᱯᱤᱛ ᱦᱚᱭ ᱦᱤᱥᱤᱫᱼᱟ ᱛᱮ ᱚᱱᱟ ᱠᱚ ᱫᱚ ᱯᱟᱥᱮᱡᱼᱟ ᱦᱟᱨᱟ ᱵᱩᱨᱩᱜᱼᱟ ᱜᱮᱭᱟ।
train_santalimale_02071	wavs/train_santalimale_02071.wav	ᱚᱱᱟ ᱵᱟᱲᱮ ᱴᱷᱩᱸᱴᱷ ᱫᱚ ᱦᱚᱨ ᱟᱲᱮᱨᱮ ᱛᱮᱝᱜᱚ ᱣᱟᱠᱟᱱ ᱛᱮ ᱦᱚᱨ ᱛᱮᱱ ᱦᱚᱲ ᱠᱚ ᱧᱮᱞ ᱜᱮᱭᱟ।
train_santalimale_02072	wavs/train_santalimale_02072.wav	ᱛᱤᱥ ᱠᱷᱚᱱ ᱪᱚᱝ ᱚᱬᱰᱮ ᱜᱮ ᱫᱚᱲᱚᱢ ᱟᱠᱟᱱ, ᱫᱚᱲᱚᱢ ᱟᱠᱟᱱ ᱢᱮᱱᱟᱜᱼᱟ ᱜᱮ ᱢᱟᱨᱮᱱ ᱦᱚᱲ ᱫᱚ ᱠᱚ ᱵᱟᱲᱟᱭ ᱜᱮᱭᱟ।
train_santalimale_02073	wavs/train_santalimale_02073.wav	ᱱᱟᱣᱟᱸᱱ ᱠᱚ ᱡᱩᱣᱟᱹᱱ ᱥᱮ ᱜᱤᱫᱨᱟᱹ ᱠᱚ ᱫᱚ ᱯᱟᱥᱮᱡᱼᱟ ᱵᱟᱠᱚ ᱵᱟᱰᱟᱭᱟ।
train_santalimale_02074	wavs/train_santalimale_02074.wav	ᱮᱱᱠᱟ ᱛᱮᱝᱜᱚ ᱛᱷᱤᱨ ᱜᱮᱠᱚ ᱧᱮᱞ ᱟᱠᱟᱫᱟ।
train_santalimale_02075	wavs/train_santalimale_02075.wav	ᱦᱟᱬᱰᱮ ᱟᱨ ᱱᱟᱬᱰᱮ ᱧᱮᱞᱚᱜᱼᱟ ᱠᱟᱱ ᱛᱟᱦᱮᱸᱱᱟ ᱧᱟᱞᱟᱜᱼᱟᱧᱟᱞᱟᱜᱼᱟ ᱮᱠᱮᱱ ᱵᱤᱞᱟᱹᱱ ᱴᱟᱹᱬᱰᱤ।
train_santalimale_02076	wavs/train_santalimale_02076.wav	ᱢᱤᱫᱼᱟ ᱡᱚᱠᱷᱮᱡᱼᱟ ᱨᱮᱭᱟᱜᱼᱟ ᱫᱤᱥᱟᱹ ᱟᱹᱪᱩᱨ ᱠᱟᱛᱷᱟ ᱠᱟᱱᱟ ᱡᱮ ᱪᱮᱫᱼᱟ ᱠᱚ ᱦᱩᱫᱤᱥ ᱠᱟᱛᱮ ᱪᱚᱝ ᱢᱤᱫᱼᱟᱴᱮᱱ ᱯᱚᱨᱚᱫᱷᱚᱞ ᱢᱟᱪᱷᱟ ᱢᱟᱨᱮ ᱦᱟᱲᱟᱹᱢ ᱫᱚ ᱚᱱᱟ ᱵᱤᱞᱟᱹᱱ ᱴᱟᱹᱬᱰᱤ ᱨᱮᱭᱟᱜᱼᱟ ᱦᱚᱨ ᱟᱲᱮᱹ ᱨᱮᱜᱮ ᱢᱤᱫᱼᱟᱴᱮᱱ ᱵᱟᱲᱮ ᱫᱟᱨᱮ ᱨᱚᱦᱚᱭ ᱨᱟᱠᱟᱵᱼᱟ ᱞᱟᱹᱜᱤᱫᱼᱟ ᱮ ᱢᱚᱱᱚᱥᱩᱵᱟᱹ ᱠᱮᱫᱟ।
train_santalimale_02077	wavs/train_santalimale_02077.wav	ᱢᱤᱫᱼᱟᱫᱤᱱ ᱫᱚᱭ ᱫᱷᱩᱨᱟᱹᱣᱮᱱ ᱜᱮᱭᱟ ᱨᱚᱦᱚᱭ।
train_santalimale_02078	wavs/train_santalimale_02078.wav	ᱨᱚᱦᱚᱭ ᱡᱚᱠᱷᱮᱡᱼᱟ ᱜᱮ ᱦᱚᱨᱛᱮᱱ ᱦᱚᱲ ᱫᱚᱠᱚ ᱠᱩᱞᱤ ᱡᱚᱝᱟ ᱦᱮᱱᱫᱟ ᱦᱚ ᱯᱮᱲᱟᱹ ᱦᱚᱲ।
train_santalimale_02079	wavs/train_santalimale_02079.wav	ᱱᱚᱟ ᱵᱤᱞᱟᱹᱱ ᱴᱟᱹᱬᱰᱤ ᱨᱮ ᱫᱟᱨᱮ ᱨᱚᱦᱚᱭ ᱠᱟᱛᱮ ᱪᱮᱫᱼᱟ ᱯᱚᱨᱦᱚᱢ ᱧᱟᱢᱟ?
train_santalimale_02080	wavs/train_santalimale_02080.wav	ᱟᱢ ᱢᱟ ᱦᱟᱲᱟᱹᱢ ᱠᱟᱛᱮᱢ ᱨᱚᱦᱚᱭᱮᱫᱼᱟ, ᱡᱚ ᱫᱚᱢ ᱡᱚᱢ ᱛᱮ?
train_santalimale_02081	wavs/train_santalimale_02081.wav	ᱤᱧ ᱫᱚ ᱱᱚᱟ ᱦᱚᱨ ᱛᱮᱜᱮ ᱱᱟᱹᱤᱦᱟᱹᱨ ᱫᱚᱧ ᱦᱤᱡᱩᱜᱼᱟ ᱥᱮᱱᱚᱜᱼᱟᱟ, ᱦᱤᱡᱩᱜᱼᱟ ᱪᱟᱞᱟᱜᱼᱟ ᱨᱮ ᱞᱟᱝᱜᱟ ᱵᱚᱛᱮᱡᱼᱟ ᱞᱮᱱᱠᱷᱟᱱ ᱚᱠᱟ ᱨᱮᱦᱚᱸ ᱧᱤᱨᱟᱹᱣᱚᱜᱼᱟ ᱡᱟᱭᱜᱟ ᱵᱟᱹᱱᱩᱜᱼᱟ ᱛᱮ ᱟᱹᱰᱤ ᱮᱴᱠᱮᱴᱚᱰᱮᱸ ᱜᱮᱧ ᱵᱩᱡᱷᱟᱹᱣᱟ, ᱚᱱᱟᱛᱮ ᱱᱚᱟ ᱫᱟᱨᱮ ᱫᱚᱧ ᱨᱚᱦᱚᱭ ᱠᱟᱜᱼᱟ ᱠᱟᱱᱟ।
train_santalimale_02082	wavs/train_santalimale_02082.wav	ᱛᱟᱭᱚᱢ ᱫᱟᱨᱟᱢ ᱫᱚ ᱟᱢᱚᱤᱧ, ᱡᱚᱛᱚ ᱠᱚᱜᱮ ᱧᱤᱨᱟᱹᱣᱚᱜᱼᱟ ᱡᱟᱭᱜᱟ ᱵᱚᱱ ᱧᱟᱢᱟ।
train_santalimale_02083	wavs/train_santalimale_02083.wav	ᱧᱮᱞ ᱯᱮ ᱱᱟᱦᱟᱸᱠ, ᱛᱟᱭᱚᱢ ᱫᱟᱨᱟᱢ ᱫᱚ ᱱᱤᱭᱟᱹ ᱯᱚᱦᱟ ᱜᱮ ᱦᱟᱨᱟ ᱠᱟᱛᱮ ᱵᱮᱲᱟᱦᱟᱭᱛᱮ ᱲᱟᱹᱨ ᱫᱚ ᱢᱟᱬᱰᱮᱨ ᱟᱹᱪᱩᱨᱚᱜᱼᱟᱟ ᱲᱟᱹᱨ ᱠᱮ ᱲᱟᱹᱨ ᱞᱮᱜᱮᱡᱼᱟᱞᱮᱜᱮᱡᱼᱟ ᱥᱟᱠᱟᱢᱚᱜᱼᱟᱟ।
train_santalimale_02084	wavs/train_santalimale_02084.wav	ᱱᱤᱛ ᱮᱢ ᱨᱚᱦᱚᱭᱮᱫᱼᱟ ᱠᱟᱱᱟ, ᱦᱟᱹᱨᱟ ᱫᱟᱨᱮᱜᱼᱟ ᱛᱮᱢᱟ ᱟᱵᱚ ᱢᱟ ᱵᱚᱱ ᱦᱟᱲᱟᱹᱢ ᱩᱛᱟᱹᱨᱚᱜᱼᱟ ᱟᱫᱚ, ᱱᱤᱛ ᱨᱚᱦᱚᱭ ᱠᱟᱛᱮ ᱫᱚ ᱪᱮᱫᱼᱟ ᱯᱚᱨᱦᱚᱢ ᱧᱟᱢ ᱫᱟᱲᱮᱹᱭᱟᱜᱼᱟᱟ?
train_santalimale_02085	wavs/train_santalimale_02085.wav	ᱢᱮᱱ ᱟᱠᱟᱫᱟ ᱠᱚ ᱯᱚᱨᱚᱫᱷᱚᱞ ᱠᱚ ᱩᱡᱞᱮ ᱥᱤᱧ ᱛᱟᱞᱮ ᱥᱤᱧ ᱨᱚᱦᱚᱭᱟᱞᱟᱝ ᱢᱮ, ᱜᱩᱡᱩᱜᱼᱟ ᱨᱮ ᱜᱩᱨᱩᱜᱼᱟ ᱨᱮ ᱧᱩᱛᱩᱢ ᱛᱟᱦᱮᱸᱱ।
train_santalimale_02086	wavs/train_santalimale_02086.wav	ᱟᱵᱚ ᱵᱟᱝ ᱨᱮᱦᱚᱸ ᱛᱟᱭᱚᱢ ᱫᱟᱨᱟᱢ ᱨᱮᱱ ᱜᱤᱫᱨᱟᱹ ᱠᱚ ᱛᱷᱚᱨ ᱵᱟᱹᱨᱯᱷᱟᱹᱤ ᱠᱚ ᱟᱢ ᱜᱮᱭᱟ?
train_santalimale_02087	wavs/train_santalimale_02087.wav	ᱮᱱᱠᱟ ᱜᱮᱭ ᱞᱟᱹᱭ ᱟᱠᱚᱣᱟ ᱥᱟᱱᱟᱢ ᱦᱚᱲ।
train_santalimale_02088	wavs/train_santalimale_02088.wav	ᱵᱩᱡᱷᱟᱹᱩ ᱞᱮᱠᱷᱟᱱ ᱟᱹᱰᱤ ᱢᱟᱨᱟᱝ ᱠᱟᱛᱷᱟ ᱟᱨ ᱵᱟᱝ ᱵᱩᱡᱷᱟᱹᱩ ᱠᱷᱟᱱ ᱪᱮᱫᱼᱟ ᱦᱚᱸ ᱵᱟᱝ।
train_santalimale_02089	wavs/train_santalimale_02089.wav	ᱚᱱᱮ ᱠᱚ ᱢᱮᱱ ᱞᱮᱠᱟ ᱢᱟᱱᱟᱣ ᱠᱷᱟᱱ ᱫᱚ ᱵᱚᱸᱜᱟ ᱟᱨ ᱵᱟᱝ ᱠᱷᱟᱱ ᱮᱠᱮᱱ ᱴᱷᱚᱸᱜᱟ।
train_santalimale_02090	wavs/train_santalimale_02090.wav	ᱩᱱᱤ ᱨᱚᱦᱚᱭ ᱵᱟᱨᱮ ᱫᱟᱲᱮ ᱜᱮ ᱢᱚᱸᱡ ᱦᱚᱭᱚᱦᱤᱥᱤᱫᱼᱟ ᱧᱟᱢ ᱠᱟᱛᱮ ᱦᱟᱨᱟᱭᱮᱱᱟ, ᱲᱟᱹᱨ ᱥᱟᱠᱟᱢ ᱠᱚ ᱦᱚᱨᱤᱭᱟᱹᱲ ᱜᱮ ᱥᱟᱜᱮᱱ ᱮᱱᱟ, ᱯᱟᱥᱱᱟᱣᱮᱱᱟ।
train_santalimale_02091	wavs/train_santalimale_02091.wav	ᱚᱱᱟ ᱞᱟᱛᱟᱨ ᱨᱮ ᱫᱩᱰᱩᱵᱼᱟ ᱠᱟᱛᱮ ᱦᱚᱨᱛᱮᱱ ᱦᱚᱲ ᱠᱚ ᱧᱤᱨᱟᱹᱣᱚᱜᱼᱟᱟ, ᱨᱮᱭᱟᱲ ᱩᱢᱩᱞ ᱠᱚ ᱦᱟᱢᱮᱴ ᱡᱚᱝᱟ, ᱚᱱᱟ ᱨᱮᱭᱟᱜᱼᱟ ᱯᱟᱛᱯᱟᱞᱦᱟ ᱪᱷᱟᱹᱴᱤᱭᱟᱹᱨ, ᱵᱟᱯᱞᱟᱵᱤᱦᱟ!
train_santalimale_02092	wavs/train_santalimale_02092.wav	ᱵᱷᱟᱬᱰᱟᱱ, ᱯᱚᱨᱚᱵᱯᱚᱨᱵᱟᱥ ᱠᱚᱨᱮ ᱠᱟᱹᱢᱤᱭ ᱥᱟᱢᱵᱲᱟᱹᱣ ᱠᱮᱫᱟ, ᱱᱚᱟ ᱫᱚ ᱥᱟᱹᱢᱟᱹᱱᱤ ᱠᱟᱛᱷᱟ ᱠᱟᱱᱟ?
train_santalimale_02093	wavs/train_santalimale_02093.wav	ᱟᱭᱟᱜᱼᱟ ᱡᱤᱭᱚᱱ ᱨᱮ ᱛᱤᱱᱟᱹᱜᱼᱟ ᱜᱟᱱ ᱦᱚᱭᱵᱷᱟᱨᱚᱬᱲᱚ ᱯᱟᱨᱚᱢ ᱪᱟᱞᱟᱣᱮᱱᱟ, ᱚᱱᱟ ᱫᱚ ᱚᱠᱚᱭ ᱵᱟᱲᱟᱭᱟᱭ?
train_santalimale_02094	wavs/train_santalimale_02094.wav	ᱩᱱᱤ ᱯᱚᱨᱚᱫᱷᱚᱞ ᱦᱟᱲᱟᱹᱢ ᱨᱚᱦᱚᱭ ᱚᱴᱚᱣᱟᱜᱼᱟ ᱵᱟᱲᱮ ᱜᱮ ᱛᱮᱦᱮᱧ ᱦᱟᱹᱵᱤᱡᱼᱟ ᱫᱚ ᱟᱭᱟᱜᱼᱟ ᱯᱚᱨᱦᱚᱣᱟᱱ ᱦᱚᱭᱚᱦᱤᱥᱤᱫᱼᱟ ᱛᱮ ᱦᱚᱨ ᱛᱮᱱ ᱦᱚᱲ ᱠᱚᱟᱜᱼᱟ ᱟᱥ ᱟᱨ ᱵᱷᱚᱨᱥᱟᱭ ᱯᱩᱨᱟᱹᱩ ᱠᱮᱫᱟ।
train_santalimale_02095	wavs/train_santalimale_02095.wav	ᱯᱚᱨᱮᱠᱯᱟᱨᱦᱮ ᱞᱟᱹᱜᱤᱫᱼᱟ ᱜᱮ ᱩᱱᱤᱭᱟᱜᱼᱟ ᱡᱤᱭᱚᱱ ᱫᱚ ᱛᱟᱸᱦᱮᱸᱠᱟᱱᱟ।
train_santalimale_02096	wavs/train_santalimale_02096.wav	ᱢᱟᱱᱣᱟᱸ ᱠᱚ ᱪᱷᱟᱰᱟ ᱠᱟᱛᱮ ᱫᱚ ᱡᱤᱣ ᱡᱤᱭᱟᱹᱞᱤ, ᱪᱮᱰᱮᱸᱪᱤᱯᱨᱩᱫᱼᱟ, ᱥᱟᱱᱟᱢ ᱠᱚ ᱜᱮ ᱯᱚᱨᱦᱚᱭ ᱦᱟᱹᱴᱤᱧᱟᱫᱼᱟ ᱠᱚᱟ।
train_santalimale_02097	wavs/train_santalimale_02097.wav	ᱚᱱᱟ ᱵᱟᱲᱮ ᱫᱟᱨᱮ ᱨᱮᱭᱟᱜᱼᱟ ᱴᱷᱩᱸᱴᱷ ᱜᱮ ᱛᱮᱸᱜᱚ ᱣᱟᱠᱟᱱᱟ ᱱᱤᱛ ᱦᱚᱸ ᱟᱨ ᱱᱤᱛ ᱦᱚᱸᱭ ᱞᱟᱹᱭᱟᱠᱚ ᱠᱟᱱᱟ ᱟᱭᱟᱜᱼᱟ ᱠᱟᱹᱦᱱᱤ ᱦᱚᱨᱛᱮᱱ ᱦᱚᱲ ᱠᱚ।
train_santalimale_02098	wavs/train_santalimale_02098.wav	ᱱᱤᱛ ᱦᱚᱸ ᱩᱱᱤᱭᱟᱜᱼᱟ ᱴᱷᱩᱸᱴᱷ ᱠᱷᱚᱱ ᱟᱲᱟᱝ ᱛᱟᱠᱮᱨᱚᱜᱼᱟ ᱠᱟᱱᱟ ᱧᱮᱞᱮᱧᱯᱮ ᱱᱤᱛ ᱫᱚᱧ ᱴᱷᱩᱸᱴᱷ ᱩᱛᱟᱹᱨ ᱮᱱᱟ।
train_santalimale_02099	wavs/train_santalimale_02099.wav	ᱥᱮᱫᱟᱭ ᱞᱮᱠᱟ ᱦᱚᱲᱢᱚ ᱫᱚ ᱚᱜᱼᱟᱛᱮ ᱨᱮᱭᱟᱜᱼᱟ ᱧᱩᱛᱟᱹᱛ ᱨᱮ ᱟᱸᱜᱮᱱ ᱮᱱᱟ।
train_santalimale_02100	wavs/train_santalimale_02100.wav	ᱞᱮᱜᱮᱡᱼᱟᱞᱮᱜᱮᱡᱼᱟ ᱦᱚᱲᱢᱚ ᱛᱟᱸᱦᱮᱸᱱ ᱵᱷᱚᱨ ᱫᱚ ᱡᱚᱛᱚ ᱠᱚᱟᱜᱼᱟ ᱵᱟᱹᱨᱯᱷᱟᱹᱤ ᱦᱩᱭ ᱞᱮᱱᱟ।
train_santalimale_02101	wavs/train_santalimale_02101.wav	ᱛᱤᱹᱱᱟᱜᱼᱟ ᱤᱧ ᱵᱟᱹᱨᱯᱷᱟᱹᱤ ᱠᱮᱫᱟ, ᱚᱱᱟ ᱨᱮᱭᱟᱜᱼᱟ ᱫᱚ ᱞᱮᱠᱷᱟᱡᱚᱠᱷᱟ ᱜᱮ ᱵᱟᱹᱱᱩᱜᱼᱟᱟ।
train_santalimale_02102	wavs/train_santalimale_02102.wav	ᱡᱚᱛᱚ ᱢᱟᱱᱣᱟᱸ ᱜᱮ ᱱᱚᱟ ᱠᱚ ᱵᱟᱲᱟᱭ ᱡᱚᱝ ᱢᱟ।
train_santalimale_02103	wavs/train_santalimale_02103.wav	ᱫᱟᱨᱮ ᱥᱮ ᱵᱤᱨ ᱠᱚ ᱛᱟᱸᱦᱮᱸᱱ ᱠᱷᱟᱱ ᱜᱮ ᱚᱱᱚᱨᱚᱞ ᱦᱚᱸ ᱱᱟᱯᱟᱭ ᱛᱟᱸᱦᱮᱸᱱᱟ ᱟᱨ ᱱᱟᱯᱟᱭ ᱚᱱᱚᱨᱚᱞ ᱨᱮᱜᱮ ᱢᱟᱱᱣᱟᱸ ᱠᱚᱟᱜᱼᱟ ᱡᱤᱭᱚᱱ ᱫᱚ, ᱴᱮᱦᱟᱲ ᱢᱮᱱᱟᱜᱼᱟᱟ ᱡᱤᱭᱚᱱ ᱫᱚ!
train_santalimale_02104	wavs/train_santalimale_02104.wav	ᱢᱟᱨᱟᱣ ᱮᱱᱟ ᱟᱢᱟᱜᱼᱟ ᱨᱩᱯ ᱵᱟᱹᱱᱩᱜᱼᱟ ᱪᱮᱦᱨᱟ ᱢᱚᱸᱡ, ᱤᱧᱤᱧ ᱢᱮᱱᱟ, ᱮᱱ ᱨᱮᱦᱚᱸ ᱢᱮᱱᱟᱜᱼᱟ ᱥᱚᱸ ᱛᱟᱢ ᱢᱚᱸᱡ।
train_santalimale_02105	wavs/train_santalimale_02105.wav	ᱜᱟᱹᱭ ᱜᱩᱯᱤ ᱨᱮ ᱜᱩᱯᱤ ᱠᱚᱫᱚ ᱪᱮᱸᱰᱮᱸ ᱠᱚ ᱯᱟᱹᱥᱤ ᱞᱮᱫᱼᱟ ᱠᱚᱟ।
train_santalimale_02106	wavs/train_santalimale_02106.wav	ᱟᱹᱭᱩᱵᱼᱟ ᱫᱚ ᱩᱱᱚᱠᱩ ᱜᱮ ᱠᱩᱞᱦᱤ ᱢᱩᱪᱟᱹᱫᱼᱟ ᱨᱮᱠᱚ ᱞᱟᱫᱼᱟᱨᱟᱯᱟᱜᱼᱟ ᱠᱮᱫᱼᱟ ᱠᱚᱟ।
train_santalimale_02107	wavs/train_santalimale_02107.wav	ᱡᱚᱢ ᱵᱟᱲᱟᱠᱚ ᱛᱮᱜᱮ ᱰᱷᱮᱨ ᱧᱩᱦᱩᱢ ᱮᱱᱟ।
train_santalimale_02108	wavs/train_santalimale_02108.wav	ᱡᱮᱛᱮ ᱜᱤᱫᱨᱟᱹ ᱟᱯᱟᱱᱚᱟᱹᱯᱤᱱ ᱚᱲᱟᱹᱜᱼᱟ ᱛᱮᱠᱚ ᱥᱮᱱ ᱵᱟᱝᱟᱭᱮᱱᱟ।
train_santalimale_02109	wavs/train_santalimale_02109.wav	ᱨᱢᱮᱥ ᱦᱚᱸ ᱚᱲᱟᱜᱼᱟ ᱛᱮᱭ ᱦᱮᱡᱼᱟ ᱮᱱᱟ।
train_santalimale_02110	wavs/train_santalimale_02110.wav	ᱢᱮᱱᱠᱷᱟᱱ, ᱠᱟᱹᱠᱤ ᱮᱸᱜᱟᱛ, ᱵᱷᱟᱞᱟ, ᱪᱮᱫᱼᱟ ᱜᱚᱨᱚᱡ ᱟᱠᱟᱣᱟᱫᱮᱭᱟ?
train_santalimale_02111	wavs/train_santalimale_02111.wav	ᱪᱮᱫᱟᱜᱼᱟ ᱪᱚᱭ ᱡᱷᱤᱡᱼᱟ ᱟᱭ ᱞᱟᱹᱜᱤᱫᱼᱟ?
train_santalimale_02112	wavs/train_santalimale_02112.wav	ᱢᱚᱱᱢᱚᱱ ᱛᱮᱭ ᱨᱟᱹᱥᱠᱟᱹ ᱡᱚᱝ ᱠᱟᱱ ᱛᱟᱸᱦᱮᱸᱠᱟᱱᱟ ᱵᱷᱟᱜᱮ ᱟᱠᱟᱱᱟᱢ ᱰᱤᱸᱜᱨᱟᱹ ᱢᱟᱨᱟ ᱜᱤᱫᱨᱟᱹ।
train_santalimale_02113	wavs/train_santalimale_02113.wav	ᱥᱮᱛᱟ ᱛᱚᱭᱚ ᱵᱟᱝ ᱠᱚ ᱡᱚᱢ ᱞᱮᱢ ᱠᱷᱟᱱ ᱜᱮ ᱵᱷᱟᱜᱮ ᱦᱚᱭ ᱠᱚᱜᱼᱟᱟ।
train_santalimale_02114	wavs/train_santalimale_02114.wav	ᱨᱢᱮᱥ ᱫᱚ ᱠᱩᱞᱦᱤ ᱫᱩᱣᱟᱹᱨ ᱥᱤᱞᱚᱯᱤᱧ ᱦᱚᱸᱭ ᱰᱷᱮᱠᱟ ᱞᱮᱜᱟ ᱠᱮᱫᱟ ᱟᱨ ᱜᱷᱟᱱᱮ ᱫᱚ ᱵᱟᱰᱜᱮ ᱫᱩᱣᱟᱹᱨ ᱥᱤᱞᱚᱯᱤᱧ ᱦᱚᱸ।
train_santalimale_02115	wavs/train_santalimale_02115.wav	ᱢᱮᱱᱠᱷᱟᱱ, ᱦᱟᱭᱨᱮ ᱠᱩᱨᱚᱢᱩᱛᱟᱹᱦᱟ ᱠᱟᱹᱠᱤ ᱮᱸᱜᱟᱛ, ᱵᱟᱝᱮ ᱜᱮᱭ ᱡᱷᱤᱡᱼᱟ ᱟᱫᱮᱭᱟ।
train_santalimale_02116	wavs/train_santalimale_02116.wav	ᱨᱢᱮᱥ ᱫᱚ ᱧᱟᱨᱟᱜᱼᱟᱧᱟᱨᱟᱜᱼᱟ ᱮ ᱦᱚᱦᱚ ᱠᱮᱫᱟ।
train_santalimale_02117	wavs/train_santalimale_02117.wav	ᱮᱱ ᱦᱚᱸ ᱫᱩᱣᱟᱹᱨ ᱥᱤᱞᱚᱯᱤᱧ ᱫᱚ ᱵᱟᱝᱷ ᱜᱮ ᱡᱷᱤᱡᱼᱟ ᱞᱮᱱᱟ।
train_santalimale_02118	wavs/train_santalimale_02118.wav	ᱛᱚᱯᱷᱟᱫ ᱧᱚᱜᱼᱟ ᱨᱮᱜᱮ ᱚᱲᱟᱜᱼᱟ ᱛᱟᱦᱮᱸᱠᱟᱱ ᱛᱟᱠᱚᱟ।
train_santalimale_02119	wavs/train_santalimale_02119.wav	ᱟᱨᱦᱚᱸ ᱱᱚᱛᱮ ᱠᱟᱲᱟᱹᱝ ᱧᱩᱛ ᱦᱚᱲ ᱚᱲᱟᱜᱼᱟ ᱛᱮᱦᱚᱸ ᱵᱟᱭ ᱥᱮᱱ ᱫᱟᱲᱮᱹᱭᱟᱫᱟ।
train_santalimale_02120	wavs/train_santalimale_02120.wav	ᱵᱮᱪᱟᱨᱟ, ᱵᱚᱛᱚᱨ ᱥᱟᱛᱟᱞᱟᱜᱼᱟ ᱠᱩᱞᱦᱤ ᱯᱤᱬᱲᱟᱹ ᱨᱮᱜᱮ ᱞᱩᱴᱩᱜᱼᱟᱞᱩᱴᱩᱜᱼᱟ ᱮ ᱠᱩᱬᱲᱟᱹᱞ ᱡᱟᱹᱯᱤᱫᱼᱟ ᱠᱮᱫᱟ।
train_santalimale_02121	wavs/train_santalimale_02121.wav	ᱥᱮᱛᱟᱜᱼᱟᱥᱮᱛᱟᱜᱼᱟ ᱫᱚ ᱰᱷᱮᱨ ᱜᱮᱭ ᱡᱟᱹᱯᱤᱫᱼᱟ ᱠᱮᱫᱟ।
train_santalimale_02122	wavs/train_santalimale_02122.wav	ᱜᱟᱹᱭ ᱡᱚᱢᱟᱜᱼᱟ ᱮᱢᱟ ᱠᱚ ᱦᱚᱸᱭ ᱦᱤᱰᱤᱧ ᱠᱮᱫᱟ।
train_santalimale_02123	wavs/train_santalimale_02123.wav	ᱟᱨ ᱵᱷᱟᱞᱟ, ᱥᱤᱧ ᱵᱟᱦᱨᱮ ᱦᱚᱲ ᱫᱚ ᱫᱤᱥᱟᱹ ᱠᱟᱛᱮ ᱦᱚᱸ ᱪᱮᱠᱟ ᱛᱮᱭ ᱮᱢ ᱠᱮ ᱠᱚᱟ।
train_santalimale_02124	wavs/train_santalimale_02124.wav	ᱜᱟᱹᱭ ᱦᱚᱸ ᱮᱱᱠᱟ ᱢᱟᱸᱲᱟᱭᱢᱟᱸᱲᱟᱭ ᱜᱮᱠᱚ ᱛᱟᱸᱦᱮᱸᱭᱮᱱᱟ।
train_santalimale_02125	wavs/train_santalimale_02125.wav	ᱡᱚᱢ ᱦᱮᱣᱟ ᱜᱟᱹᱭ ᱵᱚᱜᱮ ᱛᱮᱠᱚ ᱴᱟᱱᱟᱜᱼᱟ ᱠᱟᱱ ᱛᱟᱸᱦᱮᱸᱠᱟᱱᱟ।
train_santalimale_02126	wavs/train_santalimale_02126.wav	ᱠᱟᱹᱠᱤ ᱮᱸᱜᱟᱛ ᱥᱩᱢᱤ ᱫᱚ ᱢᱮᱸᱫᱼᱟ ᱤᱛᱚᱠᱤᱫᱼᱟᱤᱛᱚᱠᱤᱫᱼᱟ ᱛᱮᱭ ᱵᱮᱨᱮᱫᱼᱟ ᱛᱚᱫᱼᱟ ᱮᱱᱟ।
train_santalimale_02127	wavs/train_santalimale_02127.wav	ᱧᱮᱞᱠᱮᱫᱼᱟ ᱠᱚᱟᱭ ᱥᱤᱞᱚᱯᱤᱧᱮ ᱡᱷᱤᱡᱼᱟ ᱜᱚᱫᱼᱟ ᱠᱮᱫᱟ।
train_santalimale_02128	wavs/train_santalimale_02128.wav	ᱧᱮᱞ ᱠᱮᱫᱮᱭᱟᱭ ᱨᱢᱮᱥ ᱢᱟ ᱚᱸᱥᱮᱚᱸᱥᱮ ᱡᱟᱹᱯᱤᱫᱼᱟ ᱟᱠᱟᱫᱼᱟ।
train_santalimale_02129	wavs/train_santalimale_02129.wav	ᱮᱫᱨᱮ ᱛᱮᱢᱟ ᱪᱮᱫᱼᱟ ᱞᱮᱠᱟ ᱪᱚᱭ ᱟᱹᱤᱠᱟᱹᱩ ᱠᱮᱫᱼᱟ।
train_santalimale_02130	wavs/train_santalimale_02130.wav	ᱜᱚᱴᱟᱸᱰ ᱛᱮᱭ ᱩᱫᱼᱟ ᱫᱟᱲᱮᱹᱭᱟᱭ ᱠᱷᱟᱱ ᱫᱚ ᱯᱟᱥᱮᱡᱼᱟ ᱮ ᱩᱫᱼᱟᱠᱮᱭᱟ।
train_santalimale_02131	wavs/train_santalimale_02131.wav	ᱫᱷᱟᱲᱟᱹ ᱨᱮ ᱫᱟᱞᱮ ᱛᱩᱞᱩᱡᱼᱟ ᱮ ᱢᱮᱱ ᱠᱮᱫᱟ ᱰᱤᱸᱜᱨᱟᱹ ᱢᱟᱨᱟ ᱜᱤᱫᱨᱟᱹ, ᱢᱟ ᱱᱤᱛ ᱦᱚᱸ ᱜᱤᱛᱤᱡᱼᱟ ᱠᱚᱜᱼᱟ ᱢᱮ।
train_santalimale_02132	wavs/train_santalimale_02132.wav	ᱮᱱᱠᱟ ᱛᱮ ᱟᱯᱟᱛ ᱫᱚᱭ ᱢᱮᱱ ᱚᱴᱚ ᱟᱠᱟᱫᱟ ᱡᱮ ᱢᱟ ᱟᱞᱚ ᱵᱮᱱ ᱵᱚᱛᱚᱨᱚᱠᱚᱟ।
train_santalimale_02133	wavs/train_santalimale_02133.wav	ᱵᱮᱥ ᱛᱮ ᱛᱟᱦᱮᱸ ᱦᱟᱛᱟᱲᱚᱜᱼᱟ ᱵᱮᱱ।
train_santalimale_02134	wavs/train_santalimale_02134.wav	ᱱᱚᱝᱠᱟᱭ ᱨᱮ ᱨᱮᱴᱷᱮ, ᱤᱧ ᱢᱚᱛᱚ ᱜᱚᱴᱟ ᱧᱤᱫᱟᱹᱢ ᱜᱤᱛᱤᱡᱼᱟ ᱚᱪᱚ ᱠᱤᱫᱤᱧ ᱞᱩᱴᱩᱜᱼᱟᱞᱩᱴᱩᱜᱼᱟ।
train_santalimale_02135	wavs/train_santalimale_02135.wav	ᱰᱤᱸᱜᱨᱟᱹ ᱫᱚ ᱤᱧ ᱮ ᱫᱷᱟᱢᱠᱟᱣ ᱤᱫᱤᱧ ᱠᱟᱱᱟ।
train_santalimale_02136	wavs/train_santalimale_02136.wav	ᱵᱚᱜᱮ ᱭᱟ, ᱪᱮᱞᱮ ᱦᱚᱸ ᱵᱟᱝ ᱧᱟᱢᱮᱫᱼᱟ ᱢᱮ।
train_santalimale_02137	wavs/train_santalimale_02137.wav	ᱜᱚᱡᱼᱟ ᱞᱮᱱ ᱠᱷᱟᱱ ᱜᱮᱢ ᱵᱚᱜᱮ ᱟᱛᱟᱨ ᱠᱚᱜᱼᱟᱟ।
train_santalimale_02138	wavs/train_santalimale_02138.wav	ᱟᱢ ᱛᱟᱦᱮᱸ ᱠᱟᱛᱮ ᱦᱚᱸ ᱪᱮᱫᱼᱟ ᱪᱚ ᱤᱧ ᱫᱚᱢ ᱠᱟᱹᱢᱤᱭᱟᱹᱧ ᱠᱟᱱ।
train_santalimale_02139	wavs/train_santalimale_02139.wav	ᱱᱚᱝᱠᱟ ᱜᱮ ᱪᱮᱫᱼᱟ ᱠᱚᱪᱚ ᱢᱚᱪᱟ ᱠᱷᱚᱱ ᱚᱬᱲᱚᱝᱚᱜᱼᱟ ᱛᱮ ᱥᱤᱬᱰᱵᱷᱟᱬᱰᱮ ᱮᱜᱮᱨ ᱠᱮᱫᱮᱭᱟ।
train_santalimale_02140	wavs/train_santalimale_02140.wav	ᱵᱟᱱᱟᱨ ᱛᱤᱛᱮ ᱵᱟᱱᱟᱨ ᱞᱩᱛᱩᱨᱮ ᱯᱮᱴᱮᱨ ᱠᱮᱫᱮᱭᱟ।
train_santalimale_02141	wavs/train_santalimale_02141.wav	ᱨᱢᱮᱥ ᱫᱚ ᱵᱚᱛᱚᱨ ᱛᱮᱭ ᱠᱮᱠᱞᱮᱥᱮᱫᱼᱟ ᱩᱛᱟᱹᱨᱮᱱᱟ।
train_santalimale_02142	wavs/train_santalimale_02142.wav	ᱟᱡᱼᱟ, ᱠᱟᱛᱷᱟᱭ, ᱛᱤᱥ ᱠᱷᱚᱱ ᱪᱚ ᱩᱯᱟᱹᱥ ᱟᱠᱟᱫᱼᱟ ᱛᱟᱹᱨᱩᱵᱼᱟ ᱮᱸᱜᱟ ᱪᱚᱭ ᱥᱟᱵᱼᱟ ᱟᱠᱟᱫᱮ।
train_santalimale_02143	wavs/train_santalimale_02143.wav	ᱮᱠᱟᱞ ᱛᱮᱭ ᱛᱷᱟᱯᱟᱭᱮᱫᱮ ᱟᱨᱮ ᱠᱚᱞᱥᱟᱭᱮᱫᱮ ᱠᱟᱱ ᱛᱟᱸᱦᱮᱸᱠᱟᱱᱟ।
train_santalimale_02144	wavs/train_santalimale_02144.wav	ᱟᱨ ᱵᱮᱨᱮᱫᱼᱟ ᱮᱫᱮ ᱠᱟᱱ ᱛᱟᱦᱮᱸ ᱠᱟᱱᱟᱭ।
train_santalimale_02145	wavs/train_santalimale_02145.wav	ᱟᱨ ᱦᱚᱸᱭ ᱴᱷᱮᱞᱟᱣ ᱥᱚᱢᱵᱚᱫᱼᱟ ᱜᱚᱫᱼᱟ ᱠᱟᱭ ᱠᱟᱱ ᱛᱟᱸᱦᱮᱸᱠᱟᱱᱟ।
train_santalimale_02146	wavs/train_santalimale_02146.wav	ᱯᱩᱥᱤ ᱜᱟᱹᱸᱲᱤ ᱠᱚ ᱮᱱᱮᱡᱼᱟ ᱠᱚ ᱞᱮᱠᱟ ᱠᱮᱫᱮᱭᱟᱭ।
train_santalimale_02147	wavs/train_santalimale_02147.wav	ᱨᱢᱮᱥ ᱫᱚ ᱟᱡᱼᱟ ᱜᱚᱜᱚ ᱩᱤᱦᱟᱹᱨ ᱛᱮ ᱦᱩᱸᱠᱩᱨᱚᱦᱩᱸᱠᱩᱨᱮ ᱨᱟᱜᱼᱟ ᱮᱫᱼᱟ ᱠᱟᱱ ᱛᱟᱸᱦᱮᱸᱠᱟᱱᱟ ᱟᱨ ᱧᱩᱢ ᱦᱟᱞᱟᱝᱮᱫᱼᱟ ᱠᱟᱱ ᱛᱟᱸᱦᱮᱸᱠᱟᱱᱟ।
train_santalimale_02148	wavs/train_santalimale_02148.wav	ᱱᱮ ᱦᱚᱱᱟᱝ ᱟᱢ ᱵᱟᱝᱮᱢ ᱛᱟᱦᱮᱸᱱ ᱠᱷᱟᱱ, ᱱᱩᱱ ᱢᱟᱨᱟᱝ ᱫᱩᱠ ᱫᱚ ᱚᱦᱚ ᱜᱮᱧ ᱧᱮᱞ ᱞᱮᱭᱟ।
train_santalimale_02149	wavs/train_santalimale_02149.wav	ᱪᱮᱫᱟᱜᱼᱟ ᱮᱢ ᱵᱟᱹᱜᱤ ᱚᱴᱚ ᱟᱠᱟᱣᱟᱹᱫᱤᱧᱟ।
train_santalimale_02150	wavs/train_santalimale_02150.wav	ᱥᱩᱢᱤ ᱫᱚ ᱮᱫᱨᱮ ᱛᱮ ᱟᱨ ᱦᱚᱸᱭ ᱨᱩᱦᱮᱫᱼᱟ ᱠᱮᱫᱮᱭᱟ ᱨᱟᱜᱼᱟ ᱛᱚᱫᱚᱜᱼᱟ ᱠᱟᱱ ᱛᱟᱢᱟᱭᱟ, ᱰᱤᱸᱜᱨᱟᱹ!
train_santalimale_02151	wavs/train_santalimale_02151.wav	ᱡᱟᱦᱟᱸ ᱥᱮᱱ ᱜᱮ ᱢᱮᱸᱫᱼᱟ ᱞᱩᱛᱩᱨ ᱪᱟᱞᱟᱜᱼᱟ ᱛᱟᱢᱟ ᱚᱱᱛᱮ ᱜᱮ ᱪᱟᱞᱟᱜᱼᱟ ᱢᱮ।
train_santalimale_02152	wavs/train_santalimale_02152.wav	ᱤᱱᱟᱹᱜᱼᱟ ᱜᱷᱟᱹᱲᱤ ᱛᱮᱜᱮ ᱨᱢᱮᱥ ᱟᱡᱼᱟ ᱵᱟᱵᱟ ᱥᱤᱸᱜᱨᱟᱹᱤ ᱫᱚᱭ ᱦᱮᱡᱼᱟ ᱮᱱᱟ।
train_santalimale_02153	wavs/train_santalimale_02153.wav	ᱦᱚ ᱦᱚ ᱜᱚᱫᱼᱟ ᱠᱮᱫᱟᱭ ᱨᱢᱮᱥ ᱭᱚᱭ, ᱚᱠᱟᱭᱮᱱᱟ ᱵᱮᱱ ᱭᱚᱭ?
train_santalimale_02154	wavs/train_santalimale_02154.wav	ᱪᱮᱫᱼᱟ ᱟᱲᱟᱹᱝ ᱦᱚᱸ ᱵᱟᱝ ᱚᱬᱲᱚᱝ ᱞᱮᱱᱟ ᱵᱟᱝ ᱫᱚ ᱨᱢᱮᱥᱟᱜᱼᱟ ᱟᱨ ᱵᱟᱝ ᱫᱚ ᱮᱸᱜᱟᱛ ᱛᱮᱫᱼᱟ ᱟᱜᱼᱟ।
train_santalimale_02155	wavs/train_santalimale_02155.wav	ᱨᱢᱮᱥ ᱫᱚᱭ ᱞᱟᱜᱟ ᱟᱠᱟᱫᱮ ᱛᱟᱸᱦᱮᱸᱠᱟᱱᱟ।
train_santalimale_02156	wavs/train_santalimale_02156.wav	ᱩᱱ ᱡᱚᱠᱷᱟᱱ ᱟᱡᱼᱟ ᱫᱚᱭ ᱠᱟᱱᱛᱷᱟ ᱠᱟᱱ ᱛᱟᱸᱦᱮᱸᱠᱟᱱᱟ।
train_santalimale_02157	wavs/train_santalimale_02157.wav	ᱪᱮᱫᱼᱟ ᱞᱮᱠᱟᱱ ᱠᱟᱛᱷᱟ ᱞᱟᱹᱭᱟᱭ ᱨᱮᱭ ᱯᱟᱹᱛᱤᱭᱟᱹᱩ ᱚᱪᱚ ᱠᱮᱭᱟ ᱟᱨ ᱨᱢᱮᱥ ᱨᱮ ᱮᱫᱨᱮᱭ ᱨᱟᱠᱟᱵᱼᱟ ᱚᱪᱚ ᱠᱮᱛᱟᱭᱟ, ᱚᱱᱟ ᱦᱩᱫᱤᱥ ᱠᱟᱛᱮ ᱫᱷᱩᱱᱥᱤᱯᱩᱱᱥᱤ ᱠᱟᱛᱮ ᱚᱲᱟᱜᱼᱟ ᱰᱷᱟᱵᱟ ᱨᱮᱭᱟᱜᱼᱟ ᱢᱤᱫᱼᱟ ᱠᱚᱱᱟ ᱨᱮᱭ ᱫᱩᱰᱩᱵᱼᱟ ᱮᱱᱟ।
train_santalimale_02158	wavs/train_santalimale_02158.wav	ᱥᱤᱸᱜᱨᱟᱹᱤ ᱫᱚ ᱚᱠᱚᱭ ᱦᱚᱸ ᱵᱟᱝ ᱠᱤᱱ ᱜᱚᱝ ᱞᱮᱫᱮ ᱛᱮ ᱟᱹᱰᱤᱭ ᱟᱥ ᱵᱟᱥᱟᱣ ᱮᱱᱟ।
train_santalimale_02159	wavs/train_santalimale_02159.wav	ᱜᱟᱹᱭ ᱠᱚᱭ ᱠᱚᱭᱚᱜᱼᱟ ᱠᱮᱫᱼᱟ ᱠᱚᱟ, ᱜᱟᱹᱭ ᱠᱚᱦᱚᱸ ᱜᱚᱲᱟ ᱨᱮ ᱛᱚᱞ ᱜᱮ।
train_santalimale_02160	wavs/train_santalimale_02160.wav	ᱨᱟᱪᱟᱭ ᱵᱮᱸᱜᱮᱫᱼᱟ ᱟᱫᱟ, ᱨᱟᱪᱟ ᱦᱚᱸ ᱵᱮ ᱡᱚᱜᱼᱟ ᱜᱮ ᱛᱟᱸᱦᱮᱸᱠᱟᱱᱟ।
train_santalimale_02161	wavs/train_santalimale_02161.wav	ᱦᱩᱫᱤᱥ ᱠᱮᱫᱟᱭ ᱡᱮ ᱠᱷᱟᱹᱴᱤ ᱜᱮ ᱡᱟᱦᱟᱸᱱ ᱜᱷᱚᱴᱱᱟ ᱦᱚᱭ ᱵᱚᱛᱮᱡᱼᱟ ᱟᱠᱟᱱ ᱪᱚ ᱪᱮᱫᱼᱟ ᱪᱚ।
train_santalimale_02162	wavs/train_santalimale_02162.wav	ᱜᱟᱸᱲᱥᱟᱫᱤ ᱨᱮᱭᱟᱜᱼᱟ ᱠᱟᱬᱰᱟᱫᱟᱜᱼᱟ ᱛᱮᱜᱮ ᱛᱤ ᱡᱟᱝᱜᱟ ᱠᱚᱭ ᱫᱟᱜᱼᱟ ᱵᱟᱲᱟ ᱣᱟᱱᱟ ᱟᱨ ᱚᱲᱟᱜᱼᱟ ᱰᱷᱟᱵᱟ ᱥᱮᱱᱮ ᱵᱚᱞᱚᱭᱮᱱᱟ।
train_santalimale_02163	wavs/train_santalimale_02163.wav	ᱧᱮᱞ ᱠᱮᱫᱮᱭᱟᱭ, ᱨᱢᱮᱥ ᱮᱸᱜᱟᱛ ᱢᱟ ᱦᱩᱸᱠᱩᱨᱚᱦᱩᱸᱠᱩᱨᱮᱢ ᱨᱟᱨᱟᱜᱼᱟ ᱠᱟᱱ।
train_santalimale_02164	wavs/train_santalimale_02164.wav	ᱨᱟᱨᱟᱜᱼᱟ ᱛᱩᱞᱩᱡᱼᱟ ᱜᱮ ᱨᱢᱮᱥ ᱮᱸᱜᱟᱛ ᱥᱩᱢᱤ ᱫᱚᱭ ᱯᱷᱮᱨᱠᱚᱫᱼᱟ ᱜᱚᱫᱼᱟ ᱠᱮᱫᱟ ᱢᱟ, ᱟᱢ ᱦᱚᱢ ᱦᱮᱡᱼᱟ ᱮᱱᱟ।
train_santalimale_02165	wavs/train_santalimale_02165.wav	ᱤᱧ ᱫᱚ ᱟᱞᱮ ᱚᱲᱟᱜᱼᱟ ᱛᱮᱧ ᱪᱟᱞᱟᱜᱼᱟ ᱠᱟᱱᱟ।
train_santalimale_02166	wavs/train_santalimale_02166.wav	ᱢᱟ, ᱟᱵᱮᱱ ᱵᱟᱝᱮ ᱟᱯᱟᱦᱚᱱ ᱛᱟᱸᱦᱮᱸᱠᱚᱜᱼᱟ ᱵᱮᱱ।
train_santalimale_02167	wavs/train_santalimale_02167.wav	ᱪᱮᱫᱟᱜᱼᱟ ᱵᱷᱟᱞᱟ, ᱤᱧ ᱫᱚᱧ ᱥᱟᱠᱲᱟᱹ ᱵᱮᱱᱟ।
train_santalimale_02168	wavs/train_santalimale_02168.wav	ᱟᱢ ᱦᱚᱸ ᱤᱧ ᱜᱮᱢ ᱮᱜᱮᱨᱤᱧᱟ ᱟᱨ ᱦᱚᱯᱚᱱ ᱢᱮ ᱦᱚᱸᱭ ᱫᱷᱟᱢᱠᱟᱣ ᱫᱟᱜᱼᱟ ᱠᱟᱹᱧᱟᱹ।
train_santalimale_02169	wavs/train_santalimale_02169.wav	ᱪᱮᱫᱼᱟ ᱛᱮᱫᱼᱟ ᱨᱢᱮᱥ ᱫᱚᱭ ᱛᱟᱦᱮᱸᱱ ᱠᱟᱱ ᱛᱟᱢᱟ?
train_santalimale_02170	wavs/train_santalimale_02170.wav	ᱵᱟᱝ ᱫᱚ ᱥᱤᱧ ᱟᱨ ᱵᱟᱝ ᱫᱚ ᱧᱤᱱᱫᱟᱹ।
train_santalimale_02171	wavs/train_santalimale_02171.wav	ᱚᱠᱟ ᱨᱮᱪᱚᱭ ᱟᱝᱜᱟ ᱟᱹᱭᱩᱵᱚᱜᱼᱟ ᱚᱠᱟ ᱨᱮᱪᱚ ᱵᱟᱝ, ᱪᱮᱫᱼᱟ ᱛᱷᱟᱯᱟᱛᱟ ᱜᱮ ᱵᱟᱝ।
train_santalimale_02172	wavs/train_santalimale_02172.wav	ᱢᱟᱱᱟᱭᱮ ᱠᱷᱟᱱ ᱢᱟᱭ ᱢᱤᱛᱟᱹᱧ ᱟᱢ ᱫᱚ ᱤᱧ ᱨᱮᱱ ᱫᱚᱢ ᱚᱠᱚᱭ ᱠᱟᱱᱟ?
train_santalimale_02173	wavs/train_santalimale_02173.wav	ᱪᱮᱫᱟᱜᱼᱟ ᱟᱢᱟᱜᱼᱟ ᱠᱟᱛᱷᱟ ᱫᱚᱧ ᱟᱧᱡᱚᱢ ᱛᱟᱢᱟ?
train_santalimale_02174	wavs/train_santalimale_02174.wav	ᱜᱟᱹᱭ ᱨᱟᱲᱟᱹᱧ ᱢᱮᱛᱟᱭ ᱠᱷᱟᱱ ᱢᱟᱭ ᱢᱤᱛᱟᱹᱧ ᱟᱢ ᱜᱮ ᱨᱟᱲᱟᱹ ᱠᱚᱢ ᱥᱮ।
train_santalimale_02175	wavs/train_santalimale_02175.wav	ᱮᱠᱮᱱ ᱤᱧᱟᱹᱜᱼᱟ ᱞᱟᱹᱭ ᱢᱚᱛᱚ ᱛᱮᱫᱚ ᱚᱦᱚᱢ ᱯᱟᱹᱛᱤᱭᱟᱹᱩ ᱞᱮᱱᱟ।
train_santalimale_02176	wavs/train_santalimale_02176.wav	ᱢᱟ, ᱢᱮᱸᱫᱼᱟ ᱯᱮᱨᱮᱡᱼᱟ ᱧᱮᱞ ᱡᱚᱝ ᱢᱮ ᱟᱨ ᱟᱢ ᱜᱮ ᱵᱤᱪᱟᱹᱨ ᱢᱮ ᱟᱨ ᱵᱟᱝ ᱠᱷᱟᱱ ᱤᱧ ᱫᱚᱧ ᱥᱮᱱᱚᱜᱼᱟ ᱠᱟᱱᱟ ᱟᱞᱮ ᱚᱲᱟᱜᱼᱟ ᱛᱮ।
train_santalimale_02177	wavs/train_santalimale_02177.wav	ᱚᱱᱟ ᱠᱚ ᱢᱟᱹᱨᱤᱪ ᱢᱚᱥᱚᱞᱟ ᱢᱤᱞᱟᱹᱩ ᱠᱟᱛᱷᱟ ᱟᱧᱡᱚᱢ ᱠᱟᱛᱮ ᱟᱨ ᱛᱷᱚᱲᱟ ᱫᱚ ᱢᱮᱸᱫᱼᱟ ᱛᱮᱦᱚᱸ ᱧᱮᱞ ᱠᱟᱛᱮ ᱨᱢᱮᱥ ᱟᱯᱟᱛ ᱥᱤᱸᱜᱨᱟᱹᱤ ᱫᱚ ᱰᱷᱮᱨ ᱜᱮᱭ ᱮᱫᱨᱮ ᱥᱟᱹᱸᱜᱤᱧᱟ ᱮᱱᱟ।
train_santalimale_02178	wavs/train_santalimale_02178.wav	ᱪᱷᱩᱴᱠᱤ ᱮᱨᱟᱣᱟᱜᱼᱟ ᱠᱟᱛᱷᱟ ᱛᱮᱭ ᱯᱩᱴᱤᱭᱮᱱ ᱛᱮᱭ ᱧᱤᱨ ᱵᱮᱨᱮᱫᱼᱟ ᱮᱱᱟ।
train_santalimale_02179	wavs/train_santalimale_02179.wav	ᱟᱨᱟᱸᱰ ᱨᱮᱭᱟᱜᱼᱟ ᱡᱚᱛᱮ ᱵᱟᱵᱮᱨ ᱨᱟᱲᱟᱹ ᱠᱟᱛᱮ ᱨᱢᱮᱥ ᱥᱮᱱᱫᱨᱟ ᱫᱷᱟᱸᱣᱲᱟᱹᱫᱷᱟᱹᱸᱣᱲᱤᱭ ᱮᱦᱚᱵᱼᱟ ᱮᱱᱟ।
train_santalimale_02180	wavs/train_santalimale_02180.wav	ᱟᱹᱭᱩᱵᱼᱟ ᱦᱚᱸ ᱵᱟᱝ ᱮ ᱡᱚᱢ ᱞᱮᱫᱼᱟ ᱛᱟᱸᱦᱮᱸᱠᱟᱱᱟ ᱨᱢᱮᱥ ᱫᱚ।
train_santalimale_02181	wavs/train_santalimale_02181.wav	ᱨᱮᱸᱜᱮᱡᱼᱟ ᱛᱮᱭ ᱞᱩᱠᱩᱨᱚᱯᱷᱩᱠᱩᱨ ᱪᱟᱵᱟᱣᱟᱠᱟᱱ ᱛᱟᱸᱦᱮᱸᱠᱟᱱᱟ।
train_santalimale_02182	wavs/train_santalimale_02182.wav	ᱢᱤᱫᱼᱟ ᱦᱚᱲᱟᱹᱜᱼᱟ ᱠᱩᱲᱟᱹᱢᱚᱯᱤᱬᱲᱟᱹ ᱨᱮᱭ ᱠᱩᱬᱲᱟᱹᱞ ᱵᱟᱲᱟᱭ ᱠᱟᱱ ᱛᱟᱸᱦᱮᱸᱠᱟᱱᱟ।
train_santalimale_02183	wavs/train_santalimale_02183.wav	ᱟᱡᱼᱟ ᱵᱟᱵᱟᱭ ᱧᱮᱞ ᱠᱮᱫᱮ ᱠᱷᱟᱱ ᱨᱢᱮᱥ ᱫᱚ ᱨᱟᱨᱟᱜᱼᱟ ᱮ ᱮᱦᱚᱵᱼᱟ ᱮᱱᱟ।
train_santalimale_02184	wavs/train_santalimale_02184.wav	ᱪᱮᱫᱼᱟ ᱮ ᱵᱟᱰᱟᱭ ᱠᱟᱱ ᱛᱟᱸᱦᱮᱸᱠᱟᱱᱟ ᱵᱮᱪᱟᱨᱟ, ᱨᱢᱮᱥ ᱫᱚ ᱟᱡᱼᱟ ᱵᱟᱵᱟ ᱦᱚᱸ ᱠᱟᱹᱠᱤ ᱮᱸᱜᱟᱛ ᱞᱮᱠᱟ ᱜᱮᱭ ᱫᱟᱞᱮᱭᱟ ᱢᱮᱱ ᱛᱮ।
train_santalimale_02185	wavs/train_santalimale_02185.wav	ᱮᱫᱨᱮ ᱥᱩᱨ ᱟᱠᱟᱱ ᱥᱤᱸᱜᱨᱟᱹᱤ ᱫᱚ ᱢᱤᱫᱼᱟ ᱜᱷᱟᱹᱲᱤ ᱛᱮ ᱧᱤᱨ ᱥᱮᱱ ᱠᱟᱛᱮ ᱡᱚᱛᱮ ᱵᱟᱵᱮᱨ ᱛᱮ ᱩᱱᱤ ᱪᱟᱨᱱᱟᱣᱮᱭ ᱮᱦᱚᱵᱼᱟ ᱮᱱᱟ।
train_santalimale_02186	wavs/train_santalimale_02186.wav	ᱟᱡᱼᱟ ᱵᱟᱵᱟᱣᱟᱜᱼᱟ ᱱᱚᱝᱠᱟᱱ ᱵᱮᱣᱦᱟᱨ ᱧᱮᱞ ᱠᱟᱛᱮ ᱨᱢᱮᱥ ᱫᱚᱭ ᱴᱷᱟᱠ ᱩᱛᱟᱹᱨᱮᱱᱟ।
train_santalimale_02187	wavs/train_santalimale_02187.wav	ᱨᱟᱨᱟᱜᱼᱟ ᱛᱮᱭ ᱢᱮᱱ ᱠᱮᱫᱟ ᱟᱞᱚ ᱵᱟᱢ ᱫᱟᱞᱮᱧᱟ, ᱟᱞᱚ ᱵᱟᱢ ᱫᱟᱞᱮᱧᱟ।
train_santalimale_02188	wavs/train_santalimale_02188.wav	ᱤᱧ ᱜᱚᱜᱚ ᱦᱚᱸᱭ ᱫᱟᱞ ᱟᱠᱟ ᱫᱤᱧᱟᱹ ᱟᱨ ᱟᱢ ᱦᱚᱸᱢ ᱫᱟᱞᱮᱧ ᱠᱟᱱᱟ।
train_santalimale_02189	wavs/train_santalimale_02189.wav	ᱟᱹᱭᱩᱵᱼᱟ ᱫᱟᱠᱟ ᱦᱚᱸ ᱵᱟᱹᱧ ᱡᱚᱢ ᱞᱮᱫᱟ।
train_santalimale_02190	wavs/train_santalimale_02190.wav	ᱠᱩᱞᱦᱤ ᱥᱮᱡᱼᱟ ᱨᱮ ᱨᱮᱸᱜᱮᱡᱼᱟ ᱛᱮᱧ ᱜᱤᱛᱤᱡᱼᱟ ᱟᱝᱜᱟᱭᱮᱱᱟ।
train_santalimale_02191	wavs/train_santalimale_02191.wav	ᱤᱧ ᱜᱚᱜᱚ ᱫᱚ ᱚᱲᱟᱜᱼᱟ ᱦᱚᱸ ᱵᱟᱭ ᱡᱷᱤᱡᱼᱟ ᱟᱫᱤᱧᱟ।
train_santalimale_02192	wavs/train_santalimale_02192.wav	ᱢᱮᱱᱠᱷᱟᱱ ᱪᱷᱩᱴᱠᱤ ᱮᱨᱟ ᱠᱟᱛᱷᱟ ᱥᱟᱢᱟᱝ ᱨᱮ ᱨᱢᱮᱥᱟᱜᱼᱟ ᱠᱟᱛᱷᱟ ᱫᱚ ᱪᱮᱫᱼᱟ ᱦᱩᱭᱩᱜᱼᱟᱟ?
train_santalimale_02193	wavs/train_santalimale_02193.wav	ᱨᱢᱮᱥᱟᱜᱼᱟ ᱫᱚ ᱥᱤᱸᱜᱨᱟᱹᱤ ᱪᱮᱫᱼᱟ ᱦᱚᱸ ᱵᱟᱭ ᱟᱧᱡᱚᱢ ᱞᱮᱫᱼᱟ ᱛᱟᱭᱟ।
train_santalimale_02194	wavs/train_santalimale_02194.wav	ᱛᱤ ᱨᱮ ᱥᱟᱵᱼᱟ ᱠᱟᱛᱮ ᱚᱲᱟᱜᱼᱟ ᱛᱮᱭ ᱚᱨ ᱟᱹᱜᱩ ᱠᱮᱫᱮᱭᱟ ᱟᱨᱮ ᱨᱩᱦᱮᱫᱼᱟ ᱠᱮᱫᱮᱭᱟ ᱱᱤᱛ ᱠᱷᱚᱱ ᱜᱮ ᱟᱢ ᱫᱚ ᱱᱚᱝᱠᱟᱢ ᱪᱚᱞᱚᱱᱟ?
train_santalimale_02195	wavs/train_santalimale_02195.wav	ᱟᱨ ᱫᱤᱱ ᱫᱚ ᱪᱮᱫᱼᱟ ᱮᱢ ᱪᱮᱠᱟᱭᱟ?
train_santalimale_02196	wavs/train_santalimale_02196.wav	ᱮᱸᱜᱟᱢᱮᱢ ᱫᱷᱟᱢᱠᱟᱣ ᱟᱠᱟᱫᱮ ᱛᱮ ᱤᱧ ᱦᱚᱸᱢ ᱫᱷᱟᱢᱠᱟᱣ ᱤᱫᱤᱧᱟ?
train_santalimale_02197	wavs/train_santalimale_02197.wav	ᱵᱮᱪᱟᱨᱟ, ᱨᱢᱮᱥ ᱫᱚᱭ ᱞᱚᱦᱚᱫᱼᱟ ᱯᱩᱥᱤ ᱞᱮᱠᱟᱭᱮᱱᱟ।
train_santalimale_02198	wavs/train_santalimale_02198.wav	ᱚᱠᱟ ᱥᱮᱱ ᱜᱮ ᱵᱟᱧᱪᱟᱜᱼᱟ ᱨᱮᱭᱟᱜᱼᱟ ᱩᱯᱟᱹᱤ ᱜᱮ ᱵᱟᱭ ᱧᱮᱞ ᱧᱟᱢ ᱫᱟᱲᱮ ᱣᱟᱫᱟ।
train_santalimale_02199	wavs/train_santalimale_02199.wav	ᱚᱛ ᱨᱟᱹᱵᱚᱲᱚᱫᱷᱤᱨᱤ ᱨᱟᱹᱵᱚᱲ ᱪᱟᱵᱟ ᱭᱮᱱᱟᱭ।
train_santalimale_02200	wavs/train_santalimale_02200.wav	ᱪᱮᱫᱼᱟ ᱮ ᱢᱮᱱ ᱵᱮᱪᱟᱨᱟ, ᱴᱩᱣᱟᱹᱨ ᱜᱤᱫᱨᱟᱹ।
train_santalimale_02201	wavs/train_santalimale_02201.wav	ᱟᱯᱟᱛ ᱴᱷᱮᱱ ᱟᱥᱨᱟ ᱛᱟᱸᱦᱮᱸᱞᱮᱱ ᱛᱟᱭᱟ, ᱩᱱᱤ ᱴᱷᱮᱱ ᱠᱷᱚᱱ ᱦᱚᱸ ᱵᱟᱭ ᱧᱟᱢ ᱞᱮᱫᱟ।
train_santalimale_02202	wavs/train_santalimale_02202.wav	ᱱᱤᱛᱚᱜᱼᱟ ᱫᱚ ᱮᱠᱟᱞ ᱛᱮ ᱟᱥ ᱪᱷᱩᱴᱟᱹᱣᱮᱱ ᱛᱟᱭᱟ।
train_santalimale_02203	wavs/train_santalimale_02203.wav	ᱱᱚᱛᱮ ᱠᱟᱹᱠᱤ ᱮᱸᱜᱟᱛ ᱠᱟᱹᱸᱲᱪᱷᱩ ᱛᱮ ᱠᱚᱵᱟᱜᱮ ᱫᱚᱭ ᱮᱦᱚᱵᱼᱟ ᱮᱱᱟ।
train_santalimale_02204	wavs/train_santalimale_02204.wav	ᱡᱚᱡᱚ ᱫᱟᱜᱼᱟ ᱢᱟᱹᱬᱰᱤ ᱢᱤᱫᱼᱟ ᱠᱷᱟᱸᱠᱟ ᱵᱟᱹᱴᱤ ᱟᱨ ᱫᱟᱠᱟ ᱛᱮᱫᱼᱟ ᱫᱚ ᱵᱟᱨ ᱥᱟᱹᱠᱲᱤ ᱜᱟᱱᱮ ᱮᱢᱟᱭᱟ।
train_santalimale_02205	wavs/train_santalimale_02205.wav	ᱞᱚᱞᱚ ᱫᱟᱠᱟ ᱟᱨ ᱡᱮᱞᱦᱟᱠᱚ ᱞᱟᱹᱜᱤᱫᱼᱟ ᱫᱚᱭ ᱞᱚᱞᱟᱣ ᱪᱟᱵᱟᱭᱮᱱᱟ।
train_santalimale_02206	wavs/train_santalimale_02206.wav	ᱵᱟᱝ ᱫᱚ ᱯᱚᱨᱚᱵᱯᱚᱨᱵᱟᱥ ᱨᱮᱜᱮ ᱟᱨ ᱵᱟᱝ ᱫᱚ ᱡᱟᱦᱟᱸ ᱛᱤᱥ ᱨᱮ ᱜᱮᱭ ᱯᱟᱲᱟᱹᱜᱼᱟᱟ।
train_santalimale_02207	wavs/train_santalimale_02207.wav	ᱞᱟᱡᱼᱟ ᱫᱚ ᱵᱮᱪᱟᱨᱟ, ᱛᱤᱥ ᱨᱮᱜᱮ ᱵᱟᱝ ᱵᱤᱜᱼᱟᱛᱟᱭᱟ।
train_santalimale_02208	wavs/train_santalimale_02208.wav	ᱠᱤᱪᱚᱨᱤᱡᱼᱟ ᱠᱷᱟᱹᱬᱰᱣᱟᱹᱜᱼᱟ ᱛᱮᱦᱚᱸᱭ ᱞᱟᱸᱜᱟᱴ ᱪᱟᱵᱟᱭᱮᱱᱟ।
train_santalimale_02209	wavs/train_santalimale_02209.wav	ᱡᱟ ᱛᱟᱦᱮᱸᱠᱟᱱ ᱛᱟᱭᱟ ᱚᱲᱮᱡᱼᱟᱚᱲᱮᱡᱼᱟ ᱢᱟᱹᱤᱞᱟᱹ ᱨᱤᱴᱷᱟᱹ।
train_santalimale_02210	wavs/train_santalimale_02210.wav	ᱪᱮᱞᱮ ᱛᱮᱠᱮ ᱥᱚᱵᱚᱫᱼᱟ ᱮᱫᱼᱟ ᱠᱟᱱ ᱛᱟᱭ ᱛᱟᱸᱦᱮᱸᱠᱟᱱᱟ?
train_santalimale_02211	wavs/train_santalimale_02211.wav	ᱛᱤᱡᱟᱝᱜᱟ ᱦᱚᱰᱢᱚ ᱫᱚ ᱠᱟᱰᱮᱡᱼᱟ ᱞᱮᱠᱟ ᱪᱟᱵᱟᱭᱮᱱ ᱛᱟᱭᱟ।
train_santalimale_02212	wavs/train_santalimale_02212.wav	ᱢᱮᱸᱫᱼᱟ ᱦᱚᱸ ᱲᱚᱨᱚᱲᱚᱨᱚ ᱮᱱ ᱛᱟᱭᱟ।
train_santalimale_02213	wavs/train_santalimale_02213.wav	ᱮᱱ ᱦᱚᱸ ᱡᱟᱲᱟᱹᱵᱼᱟᱡᱟᱲᱟᱹᱵᱼᱟ ᱠᱟᱹᱢᱤ ᱛᱮᱜᱮᱭ ᱛᱟᱦᱮᱸᱱᱟ।
train_santalimale_02214	wavs/train_santalimale_02214.wav	ᱟᱨ ᱢᱟ ᱮᱱᱛᱮ ᱠᱟᱹᱠᱤ ᱮᱸᱜᱟᱛᱟᱜᱼᱟ ᱠᱚᱪᱞᱚᱱ ᱟᱨ ᱟᱯᱟᱛᱟᱜᱼᱟ ᱥᱟᱥᱚᱱ।
train_santalimale_02215	wavs/train_santalimale_02215.wav	ᱱᱚᱛᱮ ᱨᱢᱮᱥ ᱨᱮᱱ ᱮᱸᱜᱟᱛᱚᱟᱯᱟᱛ ᱫᱚ ᱦᱟᱹᱴᱤᱭᱟᱹᱵᱟᱹᱴᱤᱭᱟᱹ, ᱫᱤᱵᱤᱠᱟᱹᱞᱤ, ᱪᱷᱟᱱᱟᱯᱟᱱᱟ ᱟᱨ ᱮᱱᱮᱡᱼᱟᱧᱮᱧᱮᱞ ᱨᱮᱫᱚ ᱠᱤᱱ ᱞᱤᱵᱼᱟᱞᱟᱵᱼᱟ ᱵᱟᱲᱟᱹᱭ ᱠᱟᱱ ᱛᱟᱸᱦᱮᱸᱠᱟᱱᱟ।
train_santalimale_02216	wavs/train_santalimale_02216.wav	ᱨᱚᱲᱟᱠᱤᱱ, ᱞᱟᱱᱫᱟᱭᱟᱠᱤᱱ ᱟᱨ ᱠᱤᱱ ᱨᱟᱹᱥᱠᱟᱹ ᱡᱚᱝᱟ।
train_santalimale_02217	wavs/train_santalimale_02217.wav	ᱨᱢᱮᱥ ᱫᱚ ᱡᱮᱞ ᱠᱩᱴᱤᱦᱟᱠᱚ ᱠᱩᱴᱤ ᱢᱮᱸᱫᱼᱟ ᱛᱮ ᱜᱮᱭ ᱧᱮᱞᱟᱱ ᱜᱮ।
train_santalimale_02218	wavs/train_santalimale_02218.wav	ᱥᱮᱵᱮᱞᱥᱚᱲᱚᱢ ᱫᱚ ᱦᱚᱭ ᱨᱮ ᱜᱮᱭ ᱥᱤᱫᱫᱷᱯᱩᱵᱟᱲᱟᱹᱣᱟᱱ ᱜᱮ, ᱵᱮᱪᱟᱨᱟ।
train_santalimale_02219	wavs/train_santalimale_02219.wav	ᱚᱠᱚᱭ, ᱵᱷᱟᱞᱟ, ᱪᱮᱫᱟᱜᱼᱟ ᱮ ᱮᱢ ᱞᱮᱜᱟ ᱠᱮᱭᱟ?
train_santalimale_02220	wavs/train_santalimale_02220.wav	ᱚᱱᱟ ᱦᱚᱸ ᱮᱸᱜᱟᱛ ᱴᱩᱣᱟᱹᱨ, ᱴᱩᱣᱟᱹᱨ ᱢᱟ ᱵᱟᱱᱟᱨ ᱴᱩᱣᱟᱹᱨ ᱜᱮ ᱵᱟᱹᱲᱤᱡᱼᱟ ᱜᱮ।
train_santalimale_02221	wavs/train_santalimale_02221.wav	ᱢᱮᱱᱠᱷᱟᱱ, ᱮᱸᱜᱟᱛ ᱴᱩᱣᱟᱹᱨ ᱫᱚ ᱵᱟᱹᱲᱤᱡᱼᱟ ᱩᱛᱟᱹᱨ ᱜᱮ।
train_santalimale_02222	wavs/train_santalimale_02222.wav	ᱱᱤᱡ ᱟᱯᱟᱛᱟᱜᱼᱟ ᱜᱮ ᱡᱟᱞᱟ ᱵᱟᱝ ᱛᱟᱦᱮᱸᱱ ᱠᱷᱟᱱ ᱫᱚ ᱠᱟᱹᱠᱤ ᱮᱸᱜᱟᱛᱟᱜᱼᱟ ᱫᱚ ᱪᱮᱫᱼᱟ ᱡᱟᱞᱟ ᱛᱟᱦᱮᱸ ᱠᱚᱜᱼᱟᱟ।
train_santalimale_02223	wavs/train_santalimale_02223.wav	ᱨᱢᱮᱥ ᱴᱷᱮᱱ ᱫᱚ ᱮᱠᱮᱱ ᱫᱩᱠ ᱟᱨ ᱫᱩᱠ ᱜᱮ ᱢᱟᱬᱰᱨᱟᱣ ᱵᱟᱲᱟᱹᱭ ᱠᱟᱱ ᱛᱟᱸᱦᱮᱸᱠᱟᱱᱟ।
train_santalimale_02224	wavs/train_santalimale_02224.wav	ᱥᱸᱛᱟᱞ ᱯᱚᱨᱚᱜᱱᱟ ᱡᱤᱞᱟᱹ ᱨᱮᱭᱟᱜᱼᱟ ᱵᱩᱴᱟᱹ ᱫᱚ ᱫᱩᱢᱠᱟᱹ ᱱᱟᱜᱨᱟᱦᱟ ᱜᱮ।
train_santalimale_02225	wavs/train_santalimale_02225.wav	ᱱᱚᱟ ᱱᱟᱜᱨᱟᱦᱟ ᱫᱚ ᱡᱤᱞᱟᱹ ᱨᱮᱭᱟᱜᱼᱟ ᱛᱟᱞᱟᱢᱟᱞᱟ ᱞᱮᱠᱟ ᱨᱮᱜᱮ ᱢᱮᱱᱟᱜᱼᱟᱟ।
train_santalimale_02226	wavs/train_santalimale_02226.wav	ᱫᱩᱢᱠᱟᱹ ᱱᱟᱜᱨᱟᱦᱟ ᱨᱮᱜᱮ ᱢᱤᱫᱼᱟᱴᱮᱱ ᱦᱩᱰᱤᱧᱚᱦᱩᱰᱤᱧ ᱫᱚᱵᱟᱹᱴᱤᱭᱟᱹ ᱨᱮᱭᱟᱜᱼᱟ ᱧᱩᱛᱩᱢ ᱠᱟᱱᱟ ᱠᱚᱞᱯᱱᱟ ᱪᱟᱣᱠ।
train_santalimale_02227	wavs/train_santalimale_02227.wav	ᱱᱚᱟ ᱧᱩᱛᱩᱢ ᱨᱮᱦᱚᱸ ᱵᱷᱮᱫ ᱢᱮᱱᱟᱜᱼᱟᱟ।
train_santalimale_02228	wavs/train_santalimale_02228.wav	ᱱᱚᱟ ᱪᱟᱣᱠ ᱨᱮᱭᱟᱜᱼᱟ ᱡᱚᱛᱚ ᱠᱷᱚᱱ ᱢᱟᱨᱟᱝ ᱫᱚᱠᱟᱱ ᱨᱮᱭᱟᱜᱼᱟ ᱧᱩᱛᱩᱢ ᱠᱚᱞᱯᱱᱟ ᱚᱱᱟ ᱛᱮᱜᱮ ᱱᱚᱟ ᱪᱟᱣᱠ ᱥᱮ ᱫᱚᱵᱟᱹᱴᱤᱭᱟᱹ ᱫᱚ ᱠᱚᱞᱯᱱᱟ ᱪᱟᱣᱠ ᱢᱮᱱᱛᱮ ᱵᱤᱠᱟᱹᱣ ᱦᱮᱡᱼᱟ ᱟᱠᱟᱱᱟ।
train_santalimale_02229	wavs/train_santalimale_02229.wav	ᱱᱚᱟ ᱦᱩᱰᱤᱧᱚᱦᱩᱰᱤᱧ ᱫᱚᱵᱟᱹᱴᱤᱭᱟᱹ ᱵᱮᱲᱦᱟᱭ ᱛᱮᱫᱚ ᱮᱠᱮᱱ ᱨᱟᱱ ᱫᱚᱠᱟᱱ ᱥᱮ ᱰᱟᱠᱛᱟᱨ ᱠᱚᱟᱜᱼᱟ ᱠᱟᱹᱴᱤᱡᱼᱟᱠᱟᱹᱴᱤᱡᱼᱟ ᱚᱯᱷᱤᱥ ᱠᱚ ᱢᱮᱱᱟᱜᱼᱟᱟ।
train_santalimale_02230	wavs/train_santalimale_02230.wav	ᱚᱠᱟᱨᱮ ᱚᱱᱠᱚ ᱰᱟᱠᱛᱟᱨ ᱮᱢᱟᱱ ᱟᱠᱚ ᱴᱷᱮᱱ ᱦᱤᱡᱩᱜᱼᱟ ᱠᱟᱱ ᱨᱩᱜᱤ ᱠᱚ ᱧᱮᱞ ᱵᱟᱲᱟᱹ ᱠᱟᱛᱮ ᱨᱟᱱ ᱠᱚ ᱚᱞ ᱟᱠᱚᱣᱟ।
train_santalimale_02231	wavs/train_santalimale_02231.wav	ᱠᱚᱞᱯᱱᱟ ᱪᱟᱣᱠ ᱠᱷᱚᱱ ᱯᱩᱨᱩᱵ ᱥᱮᱡᱼᱟ ᱥᱮᱱ ᱟᱠᱟᱱ ᱦᱩᱰᱤᱧᱚᱦᱩᱰᱤᱧ ᱰᱟᱦᱟᱨ ᱫᱚ ᱫᱩᱢᱠᱟᱹ ᱨᱮᱭᱟᱜᱼᱟ ᱥᱚᱫᱚᱨ ᱚᱥᱯᱛᱟᱞ ᱴᱷᱮᱱ ᱢᱩᱪᱟᱹᱫᱼᱟ ᱟᱠᱟᱱᱟ।
train_santalimale_02232	wavs/train_santalimale_02232.wav	ᱟᱨ ᱢᱤᱫᱼᱟ ᱥᱟᱭ ᱜᱚᱡ ᱜᱟᱱ ᱜᱮ ᱡᱮᱞᱮᱧᱟ, ᱠᱚᱞᱯᱱᱟ ᱪᱟᱣᱠ ᱠᱷᱚᱱ ᱯᱟᱹᱪᱷᱤᱢ ᱛᱮ ᱪᱟᱞᱟᱣ ᱟᱠᱟᱱ ᱰᱟᱦᱟᱨ ᱦᱚᱸ ᱯᱮ ᱥᱟᱭ ᱜᱚᱡ ᱜᱟᱱ ᱡᱮᱞᱮᱧᱟ ᱟᱨ ᱚᱱᱟ ᱫᱚ ᱴᱤᱱ ᱵᱟᱡᱟᱨ ᱪᱟᱣᱠ ᱨᱮ ᱛᱚᱝᱜᱮ ᱢᱤᱫᱼᱟ ᱟᱠᱟᱱᱟ।
train_santalimale_02233	wavs/train_santalimale_02233.wav	ᱠᱚᱞᱯᱱᱟ ᱪᱟᱣᱠ ᱠᱷᱚᱱ ᱩᱛᱟᱹᱨ ᱥᱮᱡᱼᱟ ᱪᱟᱞᱟᱣᱟᱱ ᱰᱟᱦᱟᱨ ᱦᱚᱸ ᱢᱚᱸᱰᱮᱸ ᱜᱮᱞ ᱜᱚᱡ ᱡᱮᱞᱮᱧᱟ ᱟᱨ ᱯᱚᱠᱷᱨᱟ ᱪᱟᱣᱠ ᱨᱮ ᱢᱤᱞᱟᱹᱩ ᱟᱠᱟᱱᱟ।
train_santalimale_02234	wavs/train_santalimale_02234.wav	ᱟᱨ ᱠᱚᱞᱯᱱᱟ ᱪᱟᱣᱠ ᱠᱷᱚᱱ ᱫᱟᱹᱠᱷᱤᱱ ᱛᱮ ᱪᱟᱞᱟᱣ ᱟᱠᱟᱱ ᱰᱟᱦᱟᱨ ᱦᱚᱸ ᱢᱤᱫᱼᱟ ᱥᱟᱭ ᱢᱚᱸᱰᱮᱸ ᱜᱮᱞ ᱜᱚᱡ ᱡᱮᱞᱮᱧᱟ ᱟᱨ ᱫᱩᱨᱜᱟᱥᱛᱷᱟᱱ ᱪᱟᱣᱠ ᱨᱮ ᱢᱤᱞᱟᱹᱩ ᱟᱠᱟᱱᱟ।
train_santalimale_02235	wavs/train_santalimale_02235.wav	ᱱᱚᱝᱠᱟ ᱞᱮᱠᱟ ᱠᱚᱞᱯᱱᱟ ᱪᱟᱣᱠ ᱫᱚ ᱵᱮᱲᱦᱟᱭ ᱛᱮ ᱮᱴᱟᱜᱼᱟᱮᱴᱟᱜᱼᱟ ᱪᱟᱣᱠ ᱛᱮ ᱜᱷᱮᱨᱟᱣ ᱢᱮᱱᱟᱜᱼᱟᱟ, ᱟᱨ ᱚᱱᱟ ᱛᱮᱜᱮ ᱱᱚᱟ ᱪᱟᱣᱠ ᱥᱮ ᱫᱚᱵᱟᱹᱴᱤᱭᱟᱹ ᱨᱮᱫᱚ ᱢᱤᱫᱼᱟ ᱛᱟᱞᱟᱣ ᱟᱹᱰᱤ ᱵᱷᱤᱲ ᱛᱟᱦᱮᱸᱱᱟ।
train_santalimale_02236	wavs/train_santalimale_02236.wav	ᱯᱚᱠᱷᱨᱟ ᱪᱟᱣᱠ ᱠᱷᱚᱱ ᱛᱷᱟᱱᱟ ᱥᱮ ᱠᱚᱪᱚᱦᱨᱤ ᱮᱢᱟᱱ ᱪᱟᱞᱟᱜᱼᱟ ᱥᱮ ᱛᱷᱟᱱᱟ ᱠᱷᱚᱱ ᱯᱚᱠᱷᱨᱟ ᱪᱟᱣᱠ ᱦᱤᱡᱩᱜᱼᱟ ᱠᱷᱟᱱ ᱱᱚᱟ ᱜᱮ ᱠᱷᱟᱴᱚ ᱦᱚᱨ ᱫᱚ।
train_santalimale_02237	wavs/train_santalimale_02237.wav	ᱤᱱᱟᱹ ᱪᱷᱟᱰᱟ ᱠᱟᱛᱮ ᱨᱟᱱ ᱮᱢᱟᱱ ᱦᱟᱛᱟᱣ ᱞᱟᱹᱜᱤᱫᱼᱟ ᱢᱟ ᱢᱤᱫᱼᱟ ᱛᱟᱞᱟᱣ ᱜᱮ ᱦᱚᱲ ᱱᱚᱟ ᱪᱟᱣᱠ ᱨᱮᱠᱚ ᱛᱟᱦᱮᱸᱱ ᱜᱮ।
train_santalimale_02238	wavs/train_santalimale_02238.wav	ᱥᱤᱧ ᱠᱟᱱ ᱥᱮ ᱧᱤᱱᱫᱟᱹ ᱠᱟᱱ ᱱᱚᱟ ᱫᱚᱵᱟᱹᱴᱤᱭᱟᱹ ᱨᱮᱫᱚᱸ ᱦᱚᱲ ᱠᱚ ᱛᱟᱦᱮᱸᱱ ᱜᱮᱭᱟ ᱦᱟᱱᱟᱱᱚᱟ ᱡᱟᱹᱨᱩᱲ ᱛᱮ ᱱᱚᱟ ᱫᱚᱵᱟᱹᱴᱤᱭᱟᱹ ᱥᱮᱡᱼᱟ ᱛᱮᱠᱚ ᱯᱟᱨᱚᱢᱚᱜᱼᱟ ᱜᱮᱭᱟ।
train_santalimale_02239	wavs/train_santalimale_02239.wav	ᱢᱤᱫᱼᱟ ᱫᱤᱱ ᱟᱹᱭᱩᱵᱼᱟ ᱵᱮᱞᱟ ᱛᱟᱸᱦᱮᱸᱠᱟᱱᱟ।
train_santalimale_02240	wavs/train_santalimale_02240.wav	ᱱᱮᱜᱮ ᱪᱟᱸᱫᱚ ᱫᱚᱭ ᱦᱟᱹᱥᱩᱨ ᱟᱠᱟᱱᱟ।
train_santalimale_02241	wavs/train_santalimale_02241.wav	ᱵᱟᱡᱟᱨ ᱨᱮᱭᱟᱜᱼᱟ ᱰᱟᱦᱟᱨ ᱟᱲᱮᱟᱲᱮ ᱛᱮᱭᱟᱜᱼᱟ ᱠᱷᱩᱬᱴᱤ ᱨᱮ ᱵᱤᱡᱞᱤ ᱵᱟᱹᱛᱤ ᱦᱚᱸ ᱡᱚᱞᱚᱜᱼᱟ ᱮᱦᱚᱵᱼᱟ ᱟᱠᱟᱱᱟ ᱟᱨ ᱫᱚᱠᱟᱱ ᱠᱚ ᱨᱮᱦᱚᱸ ᱰᱤᱜᱚᱰᱤᱜ ᱵᱤᱡᱞᱤ ᱢᱟᱨᱥᱟᱞ ᱨᱮ ᱟᱭᱢᱟ ᱦᱚᱲ ᱨᱟᱱ ᱠᱚ ᱦᱟᱠᱛᱟᱣ ᱠᱟᱱᱟ।
train_santalimale_02242	wavs/train_santalimale_02242.wav	ᱟᱫᱚᱢ ᱦᱚᱲ ᱫᱚ ᱫᱚᱵᱟᱹᱴᱤᱭᱟᱹ ᱫᱷᱟᱨᱮ ᱥᱮᱡᱼᱟ ᱨᱮ ᱜᱟᱯᱟᱞᱢᱟᱨᱟᱣ ᱠᱟᱱᱟ ᱠᱚ, ᱰᱟᱠᱛᱟᱨ ᱠᱚᱟᱜᱼᱟ ᱫᱩᱣᱟᱹᱨ ᱠᱚ ᱨᱮᱦᱚᱸ ᱨᱩᱜᱤ ᱠᱚ, ᱨᱩᱜᱤ ᱥᱟᱸᱣᱛᱮᱱ ᱠᱚ, ᱨᱟᱱ ᱠᱤᱜᱼᱟᱨᱤᱧ ᱠᱚ, ᱵᱮᱡᱟᱸᱭ ᱠᱚ ᱵᱷᱤᱲ ᱟᱠᱟᱫᱟ।
train_santalimale_02243	wavs/train_santalimale_02243.wav	ᱨᱤᱠᱥᱟ, ᱥᱠᱩᱴᱚᱨ ᱮᱢᱟᱱ ᱦᱚᱸ ᱦᱚᱨ ᱫᱷᱟᱨᱮᱫᱷᱟᱨᱮ ᱛᱮᱠᱚ ᱛᱮᱝᱜᱚ ᱟᱠᱟᱫᱟ।
train_santalimale_02244	wavs/train_santalimale_02244.wav	ᱢᱤᱫᱼᱟᱴᱮᱱ ᱨᱤᱠᱥᱟ ᱛᱮ ᱦᱟᱥᱯᱟᱛᱟᱞ ᱠᱷᱚᱱ ᱢᱤᱫᱼᱟᱴᱮᱱ ᱨᱩᱜᱤ ᱠᱚ ᱞᱟᱫᱮ ᱤᱫᱤᱭᱮᱫᱮ ᱠᱟᱱᱟ।
train_santalimale_02245	wavs/train_santalimale_02245.wav	ᱠᱚᱞᱯᱱᱟ ᱫᱚᱵᱟᱹᱴᱤᱭᱟᱹ ᱥᱮᱡᱼᱟ ᱰᱟᱠᱛᱟᱨ ᱴᱷᱮᱱ ᱩᱫᱩᱜᱮᱭᱟ ᱢᱮᱱᱛᱮ।
train_santalimale_02246	wavs/train_santalimale_02246.wav	ᱠᱚᱞᱯᱱᱟ ᱪᱟᱣᱠ ᱠᱷᱚᱱ ᱴᱤᱱ ᱵᱟᱡᱟᱨ ᱥᱮᱡᱼᱟ ᱢᱮᱱᱟᱜᱼᱟ ᱯᱟᱹᱪᱷᱤᱢ ᱥᱮᱡᱼᱟ ᱪᱟᱞᱟᱜᱼᱟ ᱰᱟᱦᱟᱨ ᱨᱮ ᱫᱚᱵᱟᱹᱴᱤᱭᱟᱹ ᱠᱷᱚᱱ ᱞᱮᱝᱜᱟ ᱱᱟᱠᱷᱟ ᱨᱮ ᱢᱤᱫᱼᱟᱴᱮᱱ ᱦᱚᱯᱚᱱᱦᱚᱯᱚᱱ ᱠᱩᱢᱵᱟᱹ ᱛᱟᱸᱦᱮᱸᱠᱟᱱᱟ।
train_santalimale_02247	wavs/train_santalimale_02247.wav	ᱚᱱᱟ ᱨᱮ ᱢᱤᱫᱼᱟᱴᱮᱱ ᱵᱩᱰᱦᱤ ᱦᱚᱲ ᱮ ᱛᱟᱦᱮᱸᱱ ᱠᱟᱱ ᱛᱟᱸᱦᱮᱸᱠᱟᱱᱟ।
train_santalimale_02248	wavs/train_santalimale_02248.wav	ᱩᱱᱤ ᱫᱚ ᱟᱹᱭᱩᱵᱼᱟ ᱛᱚᱨᱟ ᱠᱷᱚᱱ ᱠᱮᱫᱚᱜᱼᱟ ᱠᱚ ᱡᱚᱢ ᱵᱟᱲᱟᱹ ᱠᱟᱛᱮᱭᱮ ᱜᱤᱛᱤᱡᱼᱟᱟ।
train_santalimale_02249	wavs/train_santalimale_02249.wav	ᱮᱱᱛᱮᱫᱼᱟ ᱚᱠᱚᱭ ᱦᱚᱸ ᱵᱟᱱᱩᱜᱼᱟ ᱠᱚ ᱛᱟᱭᱟ ᱡᱟᱦᱟᱸᱭᱮ ᱠᱚᱭᱚᱜᱼᱟ ᱦᱚᱨ ᱠᱮ ᱠᱚ।
train_santalimale_02250	wavs/train_santalimale_02250.wav	ᱚᱱ ᱟᱹᱭᱩᱵᱼᱟ ᱦᱚᱸ ᱫᱟᱠᱟ ᱴᱩᱠᱩᱡᱼᱟ ᱠᱚ ᱦᱟᱰᱵᱟᱰ ᱮ ᱥᱟᱡᱟᱣ ᱡᱩᱛ ᱠᱟᱜᱼᱟ ᱠᱟᱱ ᱛᱟᱦᱮᱸᱱ ᱛᱟᱠ ᱜᱮ ᱟᱡᱼᱟ ᱨᱮᱱ ᱯᱩᱥᱤ ᱪᱮᱞᱟᱝ ᱥᱚᱨ ᱨᱮ ᱪᱮᱫᱼᱟ ᱪᱚᱭᱮ ᱪᱟᱴᱚᱜᱼᱟ ᱠᱟᱱ ᱧᱮᱞ ᱠᱟᱛᱮ ᱡᱚᱱᱚᱜᱼᱟ ᱛᱮ ᱫᱮᱭᱟ ᱨᱮᱭ ᱫᱟᱞ ᱠᱮᱫᱮᱭᱟ।
train_santalimale_02251	wavs/train_santalimale_02251.wav	ᱫᱟᱞ ᱪᱷᱚᱴ ᱯᱩᱥᱤ ᱫᱚ ᱪᱚᱲᱚᱜᱼᱟ ᱢᱮᱱ ᱛᱮᱭ ᱫᱚᱱ ᱚᱲᱚᱝ ᱮᱱᱟ ᱰᱟᱦᱟᱨ ᱨᱮ, ᱟᱨ ᱢᱤᱫᱼᱟᱴᱮᱱ ᱨᱤᱠᱥᱟ ᱨᱮ ᱛᱷᱚᱲᱟᱹᱛᱷᱚᱲᱟᱹ ᱵᱟᱭ ᱛᱮᱱ ᱛᱤᱭᱚᱜᱼᱟ ᱞᱮᱱ ᱛᱮ ᱡᱤᱣᱤ ᱞᱟᱹᱭᱯᱚᱨᱟᱱ ᱞᱟᱹᱭ ᱥᱟᱨ ᱞᱮᱠᱟ ᱰᱟᱦᱟᱨ ᱮ ᱧᱤᱨ ᱯᱟᱨᱚᱢ ᱮᱱᱟ।
train_santalimale_02252	wavs/train_santalimale_02252.wav	ᱫᱟᱹᱠᱷᱤᱱ ᱠᱷᱚᱱ ᱩᱛᱟᱹᱨ ᱛᱮᱭᱮ ᱯᱟᱨᱚᱢ ᱮᱱ ᱪᱷᱚᱴ ᱢᱤᱛᱴᱮᱱ ᱫᱚᱠᱟᱱ ᱯᱤᱬᱲᱟᱹ ᱨᱮᱭᱮ ᱫᱚᱱ ᱫᱮᱡᱼᱟ ᱜᱚᱫᱼᱟ ᱮᱱᱟ।
train_santalimale_02253	wavs/train_santalimale_02253.wav	ᱚᱬᱰᱮ ᱦᱚᱸ ᱵᱷᱤᱲ ᱧᱮᱞ ᱠᱟᱛᱮ ᱟᱨ ᱦᱚᱸ ᱵᱤᱨᱟᱹᱢ ᱯᱟᱹᱴ ᱯᱩᱨᱩᱵ ᱥᱮᱡᱼᱟ ᱥᱟᱛᱮ ᱞᱟᱛᱟᱨᱞᱟᱛᱟᱨ ᱛᱮᱭᱮ ᱫᱟᱹᱲ ᱤᱫᱤ ᱠᱮᱫᱟ।
train_santalimale_02254	wavs/train_santalimale_02254.wav	ᱫᱚᱠᱟᱱ ᱥᱟᱢᱟᱝᱥᱟᱢᱟᱝ ᱛᱮ ᱫᱟᱹᱲᱫᱟᱹᱲ ᱛᱮ ᱚᱠᱟ ᱨᱮ ᱦᱚᱸ ᱚᱠᱚᱧ ᱡᱟᱭᱜᱟ ᱵᱟᱭ ᱧᱟᱢ ᱞᱮᱫᱼᱟ ᱛᱮ ᱠᱚᱞᱯᱱᱟ ᱪᱟᱣᱠ ᱠᱷᱚᱱ ᱩᱛᱟᱹᱨ ᱥᱮᱡᱼᱟ ᱪᱟᱞᱟᱣ ᱟᱠᱟᱱ ᱰᱟᱦᱟᱨ ᱦᱚᱸᱭ ᱧᱤᱨ ᱛᱟᱵᱼᱟ ᱮᱱᱟ।
train_santalimale_02255	wavs/train_santalimale_02255.wav	ᱟᱨ ᱫᱚᱵᱟᱹᱴᱤᱭᱟᱹ ᱨᱮᱭᱟᱜᱼᱟ ᱯᱩᱨᱩᱵ ᱱᱟᱠᱷᱟ ᱨᱮ ᱢᱮᱱᱟᱜᱼᱟ ᱰᱟᱠᱛᱟᱨ ᱚᱲᱟᱜᱼᱟ ᱯᱤᱬᱲᱟᱹ ᱛᱮᱭ ᱧᱤᱨ ᱫᱮᱡᱼᱟ ᱮᱱᱟ।
train_santalimale_02256	wavs/train_santalimale_02256.wav	ᱚᱬᱰᱮ ᱦᱚᱸ ᱟᱭᱢᱟ ᱨᱩᱜᱤ ᱠᱚᱟᱜᱼᱟ ᱵᱷᱤᱰᱼᱟ ᱧᱮᱞ ᱛᱮ ᱵᱷᱤᱛ ᱡᱟᱞᱟᱫᱼᱟᱡᱟᱞᱟᱫᱼᱟ ᱛᱮ ᱫᱟᱹᱠᱷᱤᱱ ᱥᱮᱡᱼᱟ ᱮ ᱢᱚᱦᱚᱬᱰᱟᱮᱱᱟ।
train_santalimale_02257	wavs/train_santalimale_02257.wav	ᱟᱨ ᱩᱱᱟᱹᱜᱼᱟ ᱛᱟᱹᱯᱤᱥ ᱛᱮᱜᱮ ᱫᱚᱵᱟᱹᱴᱤᱭᱟᱹ ᱠᱷᱚᱱ ᱯᱩᱨᱩᱵ ᱥᱮᱡᱼᱟ ᱚᱱᱮ ᱦᱟᱥᱯᱟᱛᱟᱞ ᱢᱮᱱᱟᱜᱼᱟ ᱰᱟᱦᱟᱨ ᱦᱚᱸᱭ ᱫᱟᱹᱲ ᱯᱟᱨᱚᱢ ᱠᱮᱫᱟ।
train_santalimale_02258	wavs/train_santalimale_02258.wav	ᱱᱚᱟ ᱱᱟᱠᱷᱟ ᱨᱮᱦᱚᱸ ᱰᱟᱠᱛᱟᱨ ᱚᱲᱟᱜᱼᱟ ᱢᱮᱱᱟᱜᱼᱟᱟ।
train_santalimale_02259	wavs/train_santalimale_02259.wav	ᱟᱨ ᱥᱟᱛᱮ ᱞᱟᱛᱟᱨᱞᱟᱛᱟᱨ ᱛᱮ ᱫᱟᱹᱲ ᱮ ᱢᱮᱱᱮᱫᱼᱟ ᱛᱟᱦᱮᱸᱠᱟᱱ ᱚᱱᱟ ᱪᱟᱣᱠ ᱠᱷᱚᱱ ᱫᱟᱹᱠᱷᱤᱱ ᱥᱮᱡᱼᱟ ᱪᱟᱞᱟᱣᱠᱟᱱ ᱰᱟᱦᱟᱨ ᱨᱮ ᱢᱤᱫᱼᱟᱴᱮᱱ ᱜᱟᱹᱰᱤ ᱦᱤᱡᱩᱜᱼᱟ ᱠᱟᱱ ᱟᱴᱠᱟᱨ ᱠᱟᱛᱮ ᱵᱚᱛᱚᱨ ᱥᱟᱛᱟᱞᱟᱜᱼᱟ ᱟᱨ ᱦᱚᱸ ᱚᱱᱟ ᱪᱟᱣᱠ ᱠᱷᱚᱱ ᱫᱟᱹᱠᱷᱤᱱ ᱥᱮᱡᱼᱟ ᱪᱟᱞᱟᱣᱠᱟᱱ ᱰᱟᱦᱟᱨ ᱦᱚᱸᱭ ᱧᱤᱨ ᱯᱟᱨᱚᱢᱮᱱᱟ।
train_santalimale_02260	wavs/train_santalimale_02260.wav	ᱟᱨ ᱪᱟᱣᱠ ᱠᱷᱚᱱ ᱫᱟᱹᱠᱷᱤᱱ ᱯᱟᱹᱪᱷᱤᱢ ᱨᱮ ᱢᱮᱱᱟᱜᱼᱟ ᱢᱟᱨᱟᱝ ᱨᱟᱱ ᱫᱚᱠᱟᱱ ᱠᱚᱞᱯᱱᱟ ᱨᱮᱭᱟᱜᱼᱟ ᱯᱤᱬᱲᱟᱹᱯᱤᱬᱲᱟᱹ ᱛᱮ ᱧᱤᱨ ᱯᱟᱨᱚᱢ ᱠᱟᱛᱮ ᱟᱨᱦᱚᱸ ᱩᱱᱤ ᱵᱩᱰᱦᱤ ᱚᱲᱟᱜᱼᱟ ᱛᱮᱜᱮᱭᱮ ᱧᱤᱨ ᱵᱚᱞᱚᱭᱮᱱᱟ।
train_santalimale_02261	wavs/train_santalimale_02261.wav	ᱱᱚᱟ ᱠᱚ ᱫᱚ ᱢᱤᱫᱼᱟ ᱴᱩᱝ ᱨᱮ ᱦᱚᱭ ᱜᱚᱫᱼᱟ ᱮᱱᱟ।
train_santalimale_02262	wavs/train_santalimale_02262.wav	ᱚᱠᱚᱭ ᱦᱚᱸ ᱡᱟᱦᱟᱸᱱᱟᱜᱼᱟ ᱦᱩᱫᱤᱥ ᱨᱮᱭᱟᱜᱼᱟ ᱚᱠᱛᱚ ᱜᱮ ᱵᱟᱝ ᱠᱚ ᱧᱟᱢ ᱞᱮᱫᱟ ᱟᱨ ᱩᱱᱤ ᱯᱩᱥᱤ ᱫᱚ ᱫᱚᱵᱟᱹᱴᱤᱭᱟᱹ ᱨᱮᱭᱟᱜᱼᱟ ᱡᱚᱛᱚᱱ ᱰᱟᱦᱟᱨ ᱮ ᱫᱟᱹᱲ ᱯᱟᱨᱚᱢᱮᱱ ᱛᱮ ᱡᱚᱛᱚ ᱰᱟᱦᱟᱨ ᱛᱮᱱ ᱪᱟᱞᱟᱜᱼᱟ ᱦᱚᱲ ᱠᱚ ᱴᱷᱟᱠ ᱢᱟᱨᱟᱣᱮᱱᱟ।
train_santalimale_02263	wavs/train_santalimale_02263.wav	ᱢᱮᱱ ᱟᱠᱟᱫᱼᱟ ᱟᱠᱚ ᱡᱮ ᱯᱩᱥᱤ ᱮ ᱮᱬᱰᱟᱝ ᱞᱮᱢ ᱠᱷᱟᱱ ᱡᱟᱦᱟᱸ ᱠᱟᱹᱢᱤ ᱞᱟᱹᱜᱤᱫᱼᱟ ᱮᱢ ᱪᱟᱞᱟᱜᱼᱟ ᱚᱱᱟ ᱫᱚ ᱵᱟᱝᱜᱮ ᱦᱚᱭᱚᱜᱼᱟᱟ।
train_santalimale_02264	wavs/train_santalimale_02264.wav	ᱢᱚᱱᱮ ᱨᱮᱭᱟᱜᱼᱟ ᱱᱚᱟ ᱵᱚᱛᱚᱨ ᱥᱟᱛᱟᱞᱟᱜᱼᱟ ᱯᱟᱹᱦᱤᱞ ᱫᱚ ᱪᱟᱣᱠ ᱠᱷᱚᱱ ᱯᱟᱹᱪᱷᱤᱢ ᱛᱮ ᱴᱤᱱ ᱵᱟᱡᱟᱨ ᱪᱟᱞᱟᱣ ᱟᱠᱟᱱ ᱰᱟᱦᱟᱨ ᱨᱮᱱ ᱦᱚᱲ ᱟᱨ ᱜᱟᱹᱰᱤ ᱠᱚ, ᱨᱤᱠᱥᱟ ᱠᱚ ᱯᱩᱥᱤ ᱧᱤᱨ ᱯᱟᱨᱚᱢᱚᱜᱼᱟ ᱧᱮᱞ ᱛᱮᱠᱚ ᱛᱮᱝᱜᱚ ᱜᱚᱫᱼᱟ ᱮᱱᱟ।
train_santalimale_02265	wavs/train_santalimale_02265.wav	ᱤᱱᱟᱹ ᱛᱟᱭᱚᱢ ᱫᱟᱹᱠᱷᱤᱱ ᱥᱮᱱᱟᱜᱼᱟ ᱰᱟᱦᱟᱨ ᱮ ᱧᱤᱨ ᱯᱟᱨᱚᱢ ᱞᱮᱫᱼᱟ ᱛᱮ ᱚᱱᱟ ᱰᱟᱦᱟᱨ ᱨᱮᱠᱚ ᱛᱟᱲᱟᱹᱢ ᱟᱹᱜᱩᱭᱮᱫᱼᱟ ᱛᱟᱦᱮᱸᱱ ᱦᱚᱲ ᱦᱚᱸ, ᱦᱚᱨ ᱮᱬᱰᱟᱜᱼᱟ ᱮᱱ ᱛᱟᱠᱚ ᱠᱟᱨᱚᱱᱟᱜᱼᱟ ᱛᱮᱠᱚ ᱛᱮᱝᱜᱚ ᱜᱚᱫᱼᱟ ᱮᱱᱟ।
train_santalimale_02266	wavs/train_santalimale_02266.wav	ᱤᱱᱟᱹ ᱛᱟᱭᱚᱢ ᱪᱟᱣᱠ ᱠᱷᱚᱱ ᱯᱩᱨᱩᱵ ᱛᱮ ᱦᱟᱥᱯᱟᱛᱟᱞ ᱪᱟᱞᱟᱣᱟᱠᱟᱱ ᱰᱟᱦᱟᱨ ᱨᱮ ᱦᱤᱡᱩᱜᱼᱟ ᱠᱟᱱ ᱦᱚᱲ ᱫᱚ ᱟᱠᱵᱟᱠ ᱠᱚ ᱛᱮᱝᱜᱚ ᱜᱚᱫᱼᱟ ᱮᱱᱟ।
train_santalimale_02267	wavs/train_santalimale_02267.wav	ᱟᱨ ᱢᱩᱪᱟᱹᱫᱼᱟ ᱨᱮᱫᱚ ᱫᱚᱵᱟᱹᱴᱤᱭᱟᱹ ᱠᱷᱚᱱ ᱫᱟᱹᱠᱷᱤᱱ ᱥᱮᱡᱼᱟ ᱪᱟᱞᱟᱣᱟᱠᱟᱱ ᱰᱟᱦᱟᱨ ᱦᱚᱸᱭ ᱫᱟᱹᱲ ᱯᱟᱨᱚᱢ ᱞᱮᱱ ᱛᱮ ᱚᱱᱛᱮ ᱠᱷᱚᱱ ᱦᱤᱡᱩᱜᱼᱟ ᱠᱟᱱ ᱜᱟᱹᱰᱤ ᱟᱨ ᱛᱟᱲᱟᱹᱢ ᱛᱮᱱ ᱦᱚᱲ ᱦᱚᱸ ᱫᱷᱟᱠ ᱢᱟᱨᱛᱮ ᱠᱚ ᱛᱮᱝᱜᱚᱭᱮᱱᱟ।
train_santalimale_02268	wavs/train_santalimale_02268.wav	ᱮᱠᱮᱱ ᱤᱱᱟᱹ ᱢᱚᱛᱚ ᱫᱚ ᱵᱟᱝ ᱠᱚᱞᱯᱱᱟ ᱥᱴᱚᱨ ᱠᱷᱚᱱ ᱨᱟᱱ ᱦᱟᱛᱟᱣ ᱠᱟᱛᱮ ᱚᱬᱲᱚᱝᱚᱜᱼᱟ ᱠᱟᱱ ᱦᱚᱲ ᱦᱚᱸ ᱯᱩᱥᱤ ᱮ ᱮᱬᱰᱟᱝ ᱠᱮᱫᱼᱟ ᱠᱚ ᱠᱷᱟᱹᱛᱤᱨ ᱛᱮ ᱛᱤ ᱨᱮ ᱨᱟᱱ ᱥᱟᱵᱼᱟ ᱠᱟᱛᱮ ᱠᱚ ᱛᱮᱝᱜᱚ ᱛᱷᱤᱨᱮᱱᱟ।
train_santalimale_02269	wavs/train_santalimale_02269.wav	ᱱᱚᱟ ᱜᱷᱚᱴᱱᱟ ᱫᱚ ᱢᱤᱫᱼᱟ ᱜᱷᱟᱹᱲᱤ ᱛᱮ ᱦᱚᱭ ᱜᱚᱫᱼᱟ ᱮᱱᱟ, ᱮᱱ ᱠᱟᱛᱷᱟᱭ ᱡᱟᱦᱟᱸᱭ ᱢᱤᱥᱤᱱ ᱪᱟᱞᱟᱜᱼᱟ ᱛᱩᱞᱩᱡᱼᱟ ᱟᱪᱠᱟ ᱠᱚ ᱛᱮᱝᱜᱚ ᱜᱚᱫᱼᱟ ᱠᱮᱫᱼᱟ ᱞᱮᱠᱟ।
train_santalimale_02270	wavs/train_santalimale_02270.wav	ᱚᱱᱟ ᱯᱚᱱᱚᱛ ᱰᱟᱦᱟᱨ ᱨᱮᱠᱚ ᱟᱱᱟᱜᱚᱱᱟ ᱟᱹᱛᱩᱜᱼᱟ ᱫᱟᱜᱼᱟ ᱞᱮᱠᱟ ᱦᱚᱲ ᱡᱚᱛᱚ ᱠᱚ ᱛᱮᱝᱜᱚ ᱛᱷᱤᱨ ᱦᱟᱯᱮᱭᱮᱱᱟ, ᱟᱹᱛᱩᱜᱼᱟ ᱫᱟᱜᱼᱟ ᱛᱮᱝᱜᱚ ᱛᱷᱤᱨᱚᱜᱼᱟ ᱞᱮᱠᱟ।
train_santalimale_02271	wavs/train_santalimale_02271.wav	ᱚᱱᱠᱚ ᱛᱮᱝᱜᱚ ᱛᱷᱤᱨ ᱦᱚᱲ ᱢᱩᱫ ᱨᱮ ᱨᱩᱯᱩ ᱦᱚᱸᱭ ᱛᱟᱸᱦᱮᱸᱠᱟᱱᱟ।
train_santalimale_02272	wavs/train_santalimale_02272.wav	ᱮᱨᱟᱛ ᱛᱮᱫᱼᱟ ᱟᱹᱰᱤ ᱠᱟᱹᱦᱤᱞ ᱮ ᱞᱟᱝᱜᱟ ᱤᱭᱟᱹᱛᱮ ᱨᱟᱱ ᱚᱪᱚᱭ ᱞᱟᱹᱜᱤᱫᱼᱟ ᱰᱟᱠᱛᱟᱨ ᱴᱷᱮᱱ ᱮ ᱟᱹᱜᱩ ᱞᱮᱫᱮᱭᱟ ᱟᱨ ᱰᱟᱠᱛᱟᱨ ᱫᱚ ᱧᱮᱞ ᱵᱟᱲᱟᱹ ᱠᱟᱛᱮ ᱨᱩᱯᱩ ᱨᱟᱱ ᱮ ᱚᱞ ᱟᱫᱮᱭᱟ।
train_santalimale_02273	wavs/train_santalimale_02273.wav	ᱨᱩᱯᱩ ᱫᱚ ᱟᱠᱵᱟᱠ ᱨᱟᱱ ᱫᱚᱠᱟᱱ ᱛᱮᱭ ᱫᱟᱹᱲ ᱤᱫᱤ ᱠᱮᱫᱟ।
train_santalimale_02274	wavs/train_santalimale_02274.wav	ᱮᱱᱛᱮᱫᱼᱟ ᱰᱟᱦᱟᱨ ᱦᱟᱱᱟ ᱥᱟ ᱨᱮᱜᱮ ᱠᱚᱞᱯᱱᱟ ᱨᱟᱱ ᱫᱚᱠᱟᱱ ᱢᱟ ᱛᱟᱦᱮᱸᱠᱟᱱ।
train_santalimale_02275	wavs/train_santalimale_02275.wav	ᱨᱟᱱ ᱦᱚᱸᱭ ᱦᱟᱛᱟᱣ ᱠᱮᱫᱼᱟ ᱜᱮᱭᱟ ᱢᱮᱱᱠᱷᱟᱱ ᱪᱮᱠᱟᱭᱟᱢ ᱯᱩᱥᱤ ᱦᱚᱨ ᱮ ᱮᱬᱰᱟᱜᱼᱟ ᱟᱠᱟᱫᱮ!
train_santalimale_02276	wavs/train_santalimale_02276.wav	ᱨᱟᱱ ᱪᱩᱯᱩᱫᱼᱟ ᱠᱟᱛᱮ ᱰᱟᱦᱟᱨ ᱦᱟᱱᱟ ᱥᱟ ᱨᱮ ᱰᱟᱠᱛᱚᱨᱟᱜᱼᱟ ᱪᱟᱹᱲᱤ ᱨᱮ ᱜᱤᱛᱤᱡᱼᱟ ᱟᱠᱟᱱ ᱮᱨᱟᱛ ᱛᱮᱫᱼᱟ ᱮ ᱠᱚᱭᱚᱜᱼᱟ ᱦᱟᱯᱮ ᱟᱠᱟᱫᱮᱭᱟ।
train_santalimale_02277	wavs/train_santalimale_02277.wav	ᱰᱟᱠᱛᱟᱨ ᱨᱮᱱ ᱠᱩᱢᱯᱟᱱᱰᱟᱨ ᱦᱚᱸ ᱰᱟᱦᱟᱨ ᱦᱟᱱᱟ ᱥᱟ ᱠᱷᱚᱱ ᱨᱩᱯᱩ ᱮ ᱠᱚᱭᱚᱜᱼᱟ ᱟᱠᱟᱫᱮᱭᱟ।
train_santalimale_02278	wavs/train_santalimale_02278.wav	ᱧᱮᱞᱮ ᱠᱟᱱᱟᱭ ᱨᱩᱯᱩ ᱨᱟᱱ ᱦᱟᱛᱟᱣ ᱠᱟᱛᱮ ᱪᱮᱫᱟᱭ ᱮ ᱛᱮᱝᱜᱚ ᱛᱷᱤᱨ ᱟᱠᱟᱱᱟ?
train_santalimale_02279	wavs/train_santalimale_02279.wav	ᱢᱤᱫᱼᱟ ᱵᱟᱨ ᱫᱷᱟᱣ ᱜᱟᱱ ᱮ ᱜᱟᱹᱫᱩᱡᱼᱟ ᱟᱫᱮᱭᱟ ᱡᱮ ᱦᱮᱡᱼᱟ ᱦᱚᱫᱚᱜᱼᱟ ᱢᱮ।
train_santalimale_02280	wavs/train_santalimale_02280.wav	ᱢᱮᱱᱠᱷᱟᱱ ᱧᱮᱞᱮ ᱠᱟᱱ ᱛᱩᱞᱩᱡᱼᱟ ᱦᱚᱸ ᱨᱩᱯᱩ ᱢᱤᱫᱼᱟ ᱰᱮᱜ ᱦᱚᱸ ᱵᱟᱭ ᱞᱟᱦᱟᱜᱼᱟ ᱠᱟᱱᱟ।
train_santalimale_02281	wavs/train_santalimale_02281.wav	ᱟᱹᱰᱤ ᱵᱩᱡᱷᱟᱹᱩ ᱵᱷᱟᱨ ᱨᱮᱭ ᱯᱟᱲᱟᱹᱣᱮᱱᱟ।
train_santalimale_02282	wavs/train_santalimale_02282.wav	ᱠᱩᱢᱯᱟᱱᱰᱟᱨ ᱫᱚ ᱰᱟᱠᱛᱟᱨ ᱮ ᱞᱟᱹᱭ ᱟᱫᱮᱭᱟ ᱡᱮ ᱨᱩᱯᱩ ᱥᱟᱢᱟᱝ ᱨᱮ ᱢᱮᱱᱟᱭ ᱨᱮᱦᱚᱸ ᱵᱟᱭ ᱦᱤᱡᱩᱜᱼᱟ ᱠᱟᱱᱟ।
train_santalimale_02283	wavs/train_santalimale_02283.wav	ᱰᱟᱠᱛᱟᱨ ᱦᱚᱸ ᱟᱧᱡᱚᱢ ᱠᱟᱛᱮ ᱟᱹᱰᱤ ᱟᱸᱴ ᱮ ᱵᱷᱟᱲᱚ ᱮᱱᱟ ᱟᱹᱠᱷᱤᱨ ᱪᱮᱫᱼᱟ ᱠᱟᱛᱷᱟ ᱠᱟᱱᱟ।
train_santalimale_02284	wavs/train_santalimale_02284.wav	ᱚᱲᱟᱜᱼᱟ ᱠᱷᱚᱱ ᱚᱲᱚᱝ ᱠᱟᱛᱮ ᱪᱟᱹᱲᱤ ᱠᱷᱚᱱ ᱮ ᱵᱮᱸᱜᱮᱫᱼᱟ ᱠᱮᱫᱼᱟ ᱢᱟ ᱡᱚᱛᱚ ᱰᱟᱦᱟᱨ ᱨᱮᱜᱮ ᱦᱚᱲ ᱠᱚ ᱛᱮᱸᱝᱜᱚ ᱦᱮᱡᱼᱟ ᱟᱠᱟᱱ ᱢᱩᱨᱚᱦᱩᱛ ᱞᱮᱠᱟ।
train_santalimale_02285	wavs/train_santalimale_02285.wav	ᱟᱹᱰᱤ ᱦᱟᱦᱟᱲᱟᱹ ᱠᱟᱛᱮ ᱭᱮ ᱠᱩᱞᱤ ᱠᱮᱫᱼᱟ ᱠᱚᱟ ᱪᱮᱫᱼᱟ ᱦᱩᱭ ᱮᱱᱟ?
train_santalimale_02286	wavs/train_santalimale_02286.wav	ᱪᱮᱫᱟᱜᱼᱟ ᱯᱮ ᱛᱮᱝᱜᱚ ᱛᱷᱤᱨ ᱟᱠᱟᱱᱟ?
train_santalimale_02287	wavs/train_santalimale_02287.wav	ᱢᱮᱱᱠᱷᱟᱱ ᱪᱮᱞᱮ ᱦᱚᱸ ᱵᱟᱝ ᱠᱚ ᱨᱚᱲ ᱮᱫᱟ।
train_santalimale_02288	wavs/train_santalimale_02288.wav	ᱨᱩᱯᱩ ᱧᱮᱞ ᱧᱟᱢ ᱠᱟᱛᱮᱭᱮ ᱦᱚᱦᱚ ᱠᱮᱫᱟ ᱮ ᱨᱩᱯᱩ! ᱚᱬᱰᱮ ᱫᱚ ᱪᱮᱫᱼᱟ ᱮᱢ ᱪᱮᱠᱟᱭᱮᱫᱟ?
train_santalimale_02289	wavs/train_santalimale_02289.wav	ᱱᱤᱛ ᱩᱥᱟᱹᱨᱟ ᱨᱟᱱ ᱵᱟᱝ ᱞᱟᱜᱟᱣ ᱞᱮᱠᱷᱟᱱ ᱨᱩᱜᱤ ᱭᱮ ᱞᱟᱝᱜᱟ ᱜᱮᱭᱟ।
train_santalimale_02290	wavs/train_santalimale_02290.wav	ᱨᱩᱯᱩ ᱥᱟᱱᱟᱢ ᱠᱟᱛᱷᱟ ᱵᱮᱥ ᱛᱮᱭᱮ ᱟᱧᱡᱚᱢ ᱠᱮᱫᱼᱟ ᱜᱮᱭᱟ ᱢᱮᱱᱮᱜᱼᱟ ᱮᱱᱦᱚᱸ ᱵᱟᱭ ᱞᱟᱲᱟᱣ ᱞᱮᱱᱟ।
train_santalimale_02291	wavs/train_santalimale_02291.wav	ᱨᱩᱯᱩ ᱮᱨᱟᱛ ᱛᱮᱫᱼᱟ ᱦᱚᱸ ᱱᱚᱝᱠᱟ ᱠᱟᱛᱮ ᱨᱩᱯᱩ ᱜᱷᱟᱱᱮᱜᱷᱟᱱᱮ ᱠᱚ ᱦᱚᱦᱚ ᱣᱟᱭ ᱠᱟᱱ ᱟᱨ ᱵᱟᱭ ᱦᱤᱡᱩᱜᱼᱟ ᱠᱟᱱ ᱧᱮᱞᱛᱮ, ᱜᱮᱨᱟᱝᱜᱮᱨᱟᱝᱛᱮ ᱛᱷᱚᱲᱟᱹ ᱜᱟᱱ ᱠᱚᱭᱚᱜᱼᱟ ᱧᱚᱜᱼᱟ ᱠᱟᱛᱮᱭᱮ ᱜᱟᱹᱫᱩᱡᱼᱟ ᱟᱫᱮᱭᱟ ᱵᱟᱨ ᱫᱷᱟᱣ।
train_santalimale_02292	wavs/train_santalimale_02292.wav	ᱢᱮᱱᱠᱷᱟᱱ ᱨᱩᱯᱩ ᱫᱚ ᱮᱱᱦᱚᱸ ᱵᱟᱭ ᱞᱟᱲᱟᱹᱣ ᱞᱮᱱᱟ।
train_santalimale_02293	wavs/train_santalimale_02293.wav	ᱩᱱᱤᱭᱟᱜᱼᱟ ᱢᱚᱱ ᱨᱮᱫᱚ ᱮᱠᱮᱱ ᱱᱚᱟ ᱵᱚᱛᱚᱨ ᱜᱮ ᱵᱷᱤᱡᱟᱹᱩ ᱟᱠᱟᱱᱟ ᱡᱮ ᱯᱩᱥᱤ ᱦᱚᱨ ᱮ ᱮᱬᱰᱟᱜᱼᱟ ᱟᱠᱟᱫᱮ ᱛᱮ ᱱᱚᱟ ᱨᱟᱱ ᱦᱚᱸ ᱵᱟᱭ ᱠᱟᱹᱢᱤᱭᱟ ᱟᱨ ᱯᱟᱥᱮᱡᱼᱟ ᱮᱨᱟᱛ ᱛᱮᱫᱼᱟ ᱵᱟᱭ ᱵᱟᱧᱪᱟᱜᱼᱟ ᱟ!
train_santalimale_02294	wavs/train_santalimale_02294.wav	ᱨᱩᱯᱩ ᱫᱚ ᱮᱨᱟᱛ ᱛᱮᱫᱼᱟ ᱟᱹᱰᱤ ᱟᱸᱴ ᱮ ᱫᱩᱞᱟᱹᱲ ᱮᱫᱮ ᱠᱟᱱ ᱛᱟᱸᱦᱮᱸᱠᱟᱱᱟ ᱟᱨ ᱱᱚᱝᱠᱟ ᱵᱟᱰᱟᱭ ᱛᱩᱞᱩᱡᱼᱟ ᱫᱚ ᱚᱦᱚᱭ ᱜᱚᱡᱼᱟ ᱦᱚᱪᱚ ᱞᱮᱭᱟ।
train_santalimale_02295	wavs/train_santalimale_02295.wav	ᱵᱟᱧᱪᱟᱣᱮ ᱜᱮᱭᱟᱭ ᱟᱨ ᱵᱟᱧᱪᱟᱣᱮ ᱦᱩᱭᱩᱜᱼᱟ ᱠᱷᱟᱱ ᱯᱩᱥᱤ ᱭᱮ ᱧᱤᱨ ᱯᱟᱨᱚᱢ ᱟᱠᱟᱱ ᱦᱚᱨ ᱫᱚ ᱵᱟᱝ ᱜᱮᱭ ᱨᱮᱸᱝᱟ ᱯᱟᱨᱚᱢᱟ।
train_santalimale_02296	wavs/train_santalimale_02296.wav	ᱚᱱᱟᱛᱮ ᱨᱟᱱ ᱪᱩᱯᱩᱫᱼᱟ ᱩᱨᱤᱡᱼᱟ ᱠᱟᱛᱮ ᱛᱮᱝᱜᱚ ᱛᱷᱤᱨ ᱜᱮ ᱢᱮᱱᱟᱭᱟ।
train_santalimale_02297	wavs/train_santalimale_02297.wav	ᱚᱱᱟ ᱫᱚᱵᱟᱴᱤᱭ ᱠᱷᱚᱱ ᱯᱩᱨᱩᱵ ᱥᱮᱡᱼᱟ ᱦᱟᱥᱯᱟᱛᱟᱞ ᱥᱮᱡᱼᱟ ᱦᱮᱡᱼᱟ ᱟᱠᱟᱱ ᱰᱟᱦᱟᱨ ᱨᱮᱦᱚᱸ ᱢᱤᱫᱼᱟᱴᱮᱱ ᱨᱤᱠᱥᱟ ᱪᱚᱴ ᱨᱮ ᱞᱚᱠᱷᱚᱱ ᱧᱩᱛᱩᱢᱟᱱ ᱠᱚᱲᱟᱹ ᱜᱟᱞᱟᱥᱟᱝ ᱮ ᱜᱤᱛᱤᱡᱼᱟ ᱟᱠᱟᱱᱟ।
train_santalimale_02298	wavs/train_santalimale_02298.wav	ᱯᱟᱴᱷᱮᱭᱟᱜᱼᱟ ᱠᱚᱨᱮᱭᱮ ᱫᱟᱜᱼᱟ ᱥᱮᱡᱼᱟ ᱟᱠᱟᱫᱟ ᱟᱨ ᱜᱷᱟᱱᱮᱜᱷᱟᱱᱮ ᱭᱮ ᱵᱮᱡᱼᱟ ᱮᱫᱟ।
train_santalimale_02299	wavs/train_santalimale_02299.wav	ᱥᱮᱸᱭᱟᱥᱤᱸᱰᱤᱸᱡᱼᱟ ᱥᱚᱸ ᱛᱮ ᱫᱷᱟᱨᱮ ᱯᱟᱥᱮ ᱨᱮᱱ ᱡᱚᱛᱚ ᱦᱚᱲ ᱢᱩᱸ ᱢᱚᱪᱟ ᱠᱚ ᱵᱮᱫᱼᱟ ᱟᱠᱟᱱᱟ, ᱪᱷᱤ: ᱛᱷᱩ ᱭᱮᱫᱟᱠᱚ।
train_santalimale_02300	wavs/train_santalimale_02300.wav	ᱢᱮᱱᱠᱷᱟᱱ ᱚᱠᱚᱭ ᱦᱚᱸ ᱵᱟᱝ ᱠᱚ ᱞᱟᱦᱟᱜᱼᱟ ᱠᱟᱱᱟ।
train_santalimale_02301	wavs/train_santalimale_02301.wav	ᱮᱱᱛᱮ ᱨᱤᱠᱥᱟ ᱥᱟᱢᱟᱝ ᱨᱮᱜᱮ ᱯᱩᱥᱤ ᱦᱚᱸᱭ ᱧᱤᱨ ᱯᱟᱨᱚᱢ ᱟᱠᱟᱱᱟ।
train_santalimale_02302	wavs/train_santalimale_02302.wav	ᱰᱟᱠᱛᱚᱨᱟᱜᱼᱟ ᱫᱩᱣᱟᱹᱨ ᱮᱠᱮᱱ ᱜᱮᱞ ᱢᱚᱠᱟ ᱯᱷᱟᱨᱟᱠ ᱨᱮ ᱢᱮᱱᱟᱜᱼᱟᱟ।
train_santalimale_02303	wavs/train_santalimale_02303.wav	ᱜᱮᱞ ᱢᱚᱠᱟ ᱠᱚ ᱛᱟᱲᱟᱹᱢ ᱤᱫᱤ ᱞᱮᱠᱷᱟᱱ ᱞᱚᱠᱷᱚᱱᱟᱜᱼᱟ ᱡᱤᱣᱤ ᱵᱟᱧᱪᱟᱣ ᱫᱟᱲᱮᱭᱟᱜᱼᱟᱟ ᱢᱮᱱᱠᱷᱟᱱ ᱯᱩᱥᱤ ᱜᱮ ᱛᱷᱚᱨ ᱦᱚᱨ ᱮ ᱮᱬᱰᱟᱜᱼᱟ ᱟᱠᱟᱫᱼᱟᱟ!
train_santalimale_02304	wavs/train_santalimale_02304.wav	ᱫᱩᱸᱜᱩᱫᱼᱟᱫᱩᱸᱜᱩᱫᱼᱟ ᱦᱚᱲ ᱟᱱᱫᱢᱟᱱᱫ ᱦᱟᱱᱛᱮᱱᱦᱟᱛᱮ ᱠᱚ ᱧᱤᱨ ᱠᱟᱱᱟ।
train_santalimale_02305	wavs/train_santalimale_02305.wav	ᱯᱩᱞᱤᱥᱟᱜᱼᱟ ᱜᱟᱹᱰᱤ ᱠᱚ ᱧᱮᱞᱠᱮᱫᱼᱟ ᱠᱷᱟᱱ ᱚᱱᱠᱚ ᱦᱚᱲ ᱫᱚ ᱡᱟᱦᱟᱸ ᱥᱮᱡᱼᱟ ᱠᱚ ᱥᱟᱢᱟᱝ ᱟᱠᱟᱫᱼᱟ ᱚᱱᱛᱮ ᱜᱮ ᱨᱤᱭᱟᱜᱼᱟ ᱯᱷᱟᱹᱱᱴᱤᱞ ᱠᱚ ᱫᱟᱹᱲ ᱟᱱᱟ।
train_santalimale_02306	wavs/train_santalimale_02306.wav	ᱴᱩᱝ ᱜᱷᱩᱲᱤ ᱛᱮ ᱜᱚᱴᱟ ᱪᱟᱣᱠ ᱠᱷᱟᱹᱞᱤ ᱪᱟᱵᱟᱭᱮᱱᱟ।
train_santalimale_02307	wavs/train_santalimale_02307.wav	ᱮᱠᱮᱱ ᱯᱚᱱ ᱦᱚᱲ ᱜᱩᱬᱴᱷᱤ ᱟᱨ ᱢᱚᱠᱟ ᱠᱚ ᱦᱩᱨᱩᱲ ᱵᱟᱲᱟᱹ ᱣᱟᱠᱟᱱ ᱛᱮ ᱦᱟᱱᱰᱮᱱᱦᱟᱰᱮ ᱠᱚ ᱠᱩᱰᱚᱵᱩᱨ ᱟᱠᱟᱱ ᱛᱟᱦᱮᱸᱱᱟ।
train_santalimale_02308	wavs/train_santalimale_02308.wav	ᱟᱨ ᱵᱟᱨ ᱦᱚᱲ ᱫᱚ ᱰᱟᱦᱟᱨ ᱟᱲᱮ ᱨᱮᱭᱟᱜᱼᱟ ᱱᱟᱞᱟ ᱨᱮᱠᱚ ᱰᱷᱟᱠᱟ ᱧᱩᱨ ᱟᱠᱟᱫᱼᱟ ᱠᱤᱱ ᱛᱟᱦᱮᱸᱱ ᱛᱮ ᱞᱚᱥᱚᱫᱼᱟ ᱛᱮ ᱡᱚᱫ ᱵᱚᱫᱟᱣ ᱠᱟᱛᱮ ᱵᱷᱩᱛ ᱞᱮᱠᱟ ᱠᱤᱱ ᱛᱮᱝᱜᱚ ᱟᱠᱟᱱ ᱛᱟᱦᱮᱸᱱᱟ।
train_santalimale_02309	wavs/train_santalimale_02309.wav	ᱯᱩᱞᱤᱥ ᱫᱚ ᱚᱱᱠᱚ ᱡᱚᱛᱚ ᱥᱟᱵᱼᱟ ᱥᱟᱢᱴᱟᱣ ᱠᱟᱛᱮ ᱚᱲᱮ ᱚᱲᱯᱟᱛ ᱠᱚ ᱠᱩᱞᱤ ᱠᱮᱫᱼᱟ ᱠᱚᱟ, ᱢᱮᱱᱠᱷᱟᱱ ᱚᱱᱠᱚ ᱢᱟ ᱪᱮᱫᱼᱟ ᱠᱷᱟᱱ ᱪᱮᱫᱼᱟ ᱜᱮ ᱵᱟᱝ ᱠᱚ ᱵᱟᱰᱟᱭ ᱠᱟᱱ ᱛᱟᱦᱮᱸᱱᱟ।
train_santalimale_02310	wavs/train_santalimale_02310.wav	ᱚᱱᱠᱚ ᱢᱟ ᱛᱟᱭᱚᱢ ᱛᱮᱠᱚ ᱦᱮᱡᱼᱟ ᱟᱠᱟᱱ ᱛᱟᱦᱮᱸᱱ।
train_santalimale_02311	wavs/train_santalimale_02311.wav	ᱮᱱᱮ ᱟᱫᱚ ᱨᱩᱯᱩ ᱜᱮ ᱚᱱᱰᱮ ᱚᱲᱯᱟᱫᱼᱟ ᱥᱟᱱᱟᱢ ᱠᱟᱛᱷᱟ ᱯᱩᱞᱤᱥ ᱫᱟᱨᱚᱜᱟ ᱴᱷᱮᱱᱮ ᱞᱟᱹᱭ ᱠᱮᱫᱟ।
train_santalimale_02312	wavs/train_santalimale_02312.wav	ᱫᱟᱨᱚᱜᱟ ᱫᱚ ᱡᱤᱯ ᱨᱮ ᱫᱮᱡᱚᱜᱼᱟ ᱛᱩᱞᱩᱪᱩ ᱩᱱᱚᱠᱤᱱ ᱞᱚᱥᱚᱫᱼᱟ ᱛᱮ ᱡᱚᱵᱰᱷᱟᱣ ᱟᱨ ᱵᱷᱟᱨᱵᱷᱟᱨᱟᱣᱚᱜᱼᱟ ᱦᱚᱲ ᱥᱮᱡᱼᱟ ᱟᱹᱲᱤᱥ ᱛᱮ ᱵᱮᱸᱜᱮᱫᱼᱟ ᱠᱟᱛᱮᱭᱮ ᱵᱟᱰᱟᱠᱚᱵᱩᱰᱩᱜᱼᱟ ᱠᱮᱫᱟ ᱵᱩᱲᱚᱵᱚᱠ ᱠᱦᱤᱸ ᱠᱟ!
train_santalimale_02313	wavs/train_santalimale_02313.wav	ᱤᱥᱚᱨ ᱨᱮ ᱫᱤᱲᱦᱚ ᱯᱟᱹᱛᱤᱭᱟᱹᱩ ᱥᱚᱲᱟᱹ ᱢᱚᱱ, ᱥᱚᱱᱚᱛᱟᱱ ᱠᱩᱲᱤᱠᱚᱲᱟ ᱫᱚ ᱦᱮᱸᱭᱟᱜᱼᱟ ᱨᱮ ᱵᱟᱝ ᱦᱮᱸᱜᱼᱟ ᱠᱟᱛᱷᱟ ᱥᱮ ᱠᱟᱹᱢᱤ ᱫᱚ, ᱢᱮᱛᱟᱜᱼᱟ ᱢᱮᱸ ᱥᱟᱹᱨᱤ ᱠᱟᱛᱷᱟ ᱥᱮ ᱥᱟᱹᱨᱤ ᱠᱟᱹᱢᱤ ᱟᱹᱩᱰᱤᱭᱟᱜᱚᱜᱼᱟ ᱥᱮ ᱵᱟᱝᱚᱜᱼᱟ ᱫᱚ ᱱᱚᱟ ᱫᱷᱟᱨᱛᱤ ᱨᱮ ᱛᱟᱦᱮᱸᱱ ᱵᱚᱫᱚᱞ ᱛᱮ ᱵᱟᱝ ᱛᱟᱦᱮᱸᱱ ᱜᱮ ᱥᱟᱹᱨᱤ ᱱᱤᱨᱟᱹᱦ ᱠᱚ ᱵᱩᱡᱷᱟᱹᱣᱟ ᱥᱮ ᱪᱮᱫᱼᱟ?
train_santalimale_02314	wavs/train_santalimale_02314.wav	ᱤᱧ ᱫᱚ ᱱᱚᱟ ᱨᱮ ᱵᱷᱩᱞ ᱥᱮ ᱵᱮᱥ ᱥᱟᱹᱵᱩᱫ ᱠᱟᱜᱼᱟ ᱨᱮᱭᱟᱜᱼᱟ ᱡᱟᱦᱟᱸᱱ ᱢᱚᱛᱞᱚᱵ ᱜᱮ ᱵᱟᱝ ᱠᱟᱱ ᱛᱤᱧᱟ।
train_santalimale_02315	wavs/train_santalimale_02315.wav	ᱢᱮᱱᱠᱷᱟᱱ ᱮᱠᱮᱱ ᱱᱚᱟ ᱫᱚ ᱵᱚᱵᱞᱩ ᱟᱨ ᱵᱤᱴᱤᱢᱟᱹᱸᱭᱟᱜᱼᱟ ᱟᱹᱠᱤᱱᱟᱜᱼᱟ ᱫᱩᱞᱟᱹᱲ ᱛᱟᱞᱟ ᱨᱮᱭᱟᱜᱼᱟ ᱡᱟᱞᱟ ᱨᱮ ᱛᱚᱯᱚᱣᱟᱠᱟᱱ ᱥᱮ ᱡᱚᱵᱮ ᱠᱟᱛᱮ ᱡᱷᱟᱹᱞᱤᱭᱟᱠᱟᱱ ᱟᱨ ᱛᱷᱟᱹᱞᱤ ᱭᱟᱠᱟᱱ ᱞᱮᱠᱟᱧ ᱵᱩᱡᱮᱫᱼᱟ ᱠᱟᱱᱟ।
train_santalimale_02316	wavs/train_santalimale_02316.wav	ᱟᱨ ᱚᱱᱟ ᱨᱮᱭᱟᱜᱼᱟ ᱟᱥᱚᱞ ᱛᱮᱫᱼᱟ ᱜᱮ ᱞᱟᱹᱭ ᱞᱟᱹᱴᱤᱡᱼᱟ ᱠᱟᱜᱼᱟ ᱥᱮ ᱱᱚᱟ ᱡᱷᱟᱨᱱᱟ ᱠᱚᱞᱚᱢ ᱛᱮ ᱫᱩᱬᱰᱩ ᱥᱚᱡᱷᱮ ᱠᱟᱜᱼᱟ ᱜᱮ ᱤᱧᱟᱹᱜᱼᱟ ᱥᱟᱱᱟ ᱛᱮᱫᱼᱟ ᱫᱚ।
train_santalimale_02317	wavs/train_santalimale_02317.wav	ᱛᱮᱦᱮᱧ ᱫᱚ ᱟᱢ ᱞᱟᱹᱜᱤᱫᱼᱟ ᱛᱮ ᱟᱹᱰᱤ ᱜᱮ ᱵᱮᱨᱟᱭᱮᱱᱟ।
train_santalimale_02318	wavs/train_santalimale_02318.wav	ᱱᱤᱱ ᱫᱟᱨᱟ ᱫᱚ ᱤᱱᱟᱹ ᱤᱥᱚᱠᱩᱞ ᱨᱮᱱᱟᱜᱼᱟ ᱦᱚᱨ ᱨᱮ ᱥᱚᱝᱜᱮ ᱛᱮ ᱦᱤᱡᱩᱜᱼᱟ ᱥᱮᱱᱚᱜᱼᱟ ᱵᱟᱱᱟ ᱦᱚᱲ ᱢᱤᱫᱼᱟ ᱜᱮ ᱵᱮᱨᱟ ᱣᱟᱞᱟᱝ ᱠᱟᱱ ᱛᱟᱦᱮᱸᱱᱟ।
train_santalimale_02319	wavs/train_santalimale_02319.wav	ᱛᱮᱦᱮᱧ ᱫᱚ ᱪᱮᱫᱼᱟ ᱞᱮᱠᱟᱧ ᱵᱩᱡᱷᱟᱹᱩ ᱮᱫᱟ, ᱤᱧ ᱞᱟᱹᱜᱤᱫᱼᱟ ᱡᱟᱦᱟᱸᱱ ᱢᱚᱛᱞᱚᱵ ᱜᱮ ᱵᱟᱹᱱᱩᱜᱼᱟ ᱛᱟᱢ ᱪᱚ ᱪᱮᱫᱼᱟ ᱪᱚ!
train_santalimale_02320	wavs/train_santalimale_02320.wav	ᱟᱨ ᱵᱟᱝ ᱠᱷᱟᱱ, ᱚᱠᱟ ᱨᱮ ᱤᱱᱟᱹᱜᱮ ᱦᱚᱲ ᱠᱚ ᱢᱤᱛᱟᱹᱧ ᱠᱟᱱ ᱛᱟᱦᱮᱸᱱ ᱞᱮᱠᱟ।
train_santalimale_02321	wavs/train_santalimale_02321.wav	ᱵᱤᱴᱤᱢᱟᱹᱸᱭ ᱫᱚ ᱱᱚᱟ ᱠᱟᱛᱷᱟ ᱵᱮᱜᱚᱨ ᱡᱚᱠᱷᱟ ᱛᱮᱭ ᱨᱚᱲ ᱴᱮᱨᱟᱝ ᱠᱮᱫᱼᱟ ᱛᱮ ᱵᱚᱵᱞᱩ ᱣᱟᱜᱼᱟ ᱞᱩᱛᱩᱨ ᱵᱷᱩᱜᱟᱹᱜᱼᱟ ᱫᱚ ᱵᱟᱝ ᱡᱚᱥ ᱞᱮᱱᱛᱟᱭᱟ, ᱵᱟᱭ ᱟᱧᱡᱚᱢ ᱞᱮᱫᱟ।
train_santalimale_02322	wavs/train_santalimale_02322.wav	ᱛᱮᱦᱮᱧ ᱫᱚ ᱵᱟᱱᱟ ᱦᱚᱲ ᱤᱥᱚᱠᱩᱞ ᱛᱮ ᱦᱤᱡᱩᱜᱼᱟ ᱫᱚᱠᱤᱱ ᱫᱤᱨᱤᱭᱟᱠᱟᱱ ᱜᱮᱭᱟ।
train_santalimale_02323	wavs/train_santalimale_02323.wav	ᱟᱨ, ᱱᱚᱝᱠᱟᱱ ᱚᱠᱛᱚ ᱨᱮ ᱧᱟᱯᱟᱢᱚᱜᱼᱟ ᱥᱮ ᱵᱤᱴᱤᱢᱟᱹᱸᱭ ᱥᱟᱸᱣ ᱜᱟᱯᱟᱞ ᱢᱟᱨᱟᱣ ᱫᱚ, ᱵᱷᱟᱞᱟ, ᱟᱢ ᱦᱚᱸ।
train_santalimale_02324	wavs/train_santalimale_02324.wav	ᱛᱤ ᱨᱮᱭᱟᱜᱼᱟ ᱛᱚᱞ ᱜᱷᱟᱹᱲᱤ ᱚᱭᱚᱝ ᱠᱟᱛᱮ ᱵᱚᱵᱞᱩ ᱫᱚ ᱟᱨᱛᱮᱫᱼᱟ ᱜᱮ ᱫᱷᱟᱹᱯᱩᱡᱼᱟᱫᱷᱟᱹᱯᱩᱡᱼᱟ ᱮ ᱢᱚᱦᱚᱬᱰᱟᱣᱟᱠᱟᱱᱟ।
train_santalimale_02325	wavs/train_santalimale_02325.wav	ᱢᱤᱫᱼᱟᱴᱮᱱ ᱵᱟᱹᱲᱤᱡᱼᱟ ᱟᱠᱟᱱ ᱜᱟᱹᱰᱤ ᱮᱴᱟᱜᱟᱜᱼᱟ ᱵᱮᱥ ᱜᱟᱹᱰᱤ ᱨᱮ ᱛᱚᱞ ᱡᱚᱲᱟᱣ ᱠᱟᱛᱮ ᱠᱚ ᱤᱫᱤᱭ ᱥᱤᱠ ᱛᱮᱦᱮᱧ ᱫᱚ ᱵᱤᱴᱤᱢᱟᱹᱸᱭ ᱦᱚᱸ ᱚᱱᱠᱟ ᱞᱮᱠᱟ ᱣᱟᱠᱟᱱᱟᱭᱟ।
train_santalimale_02326	wavs/train_santalimale_02326.wav	ᱟᱡᱼᱟ ᱦᱚᱸ ᱵᱚᱵᱞᱩ ᱛᱟᱭᱚᱢᱛᱟᱭᱚᱢ ᱛᱮ ᱦᱩᱯᱩᱡᱼᱟᱦᱩᱯᱩᱡᱼᱟ ᱮ ᱥᱚᱡᱷᱮ ᱴᱷᱤᱠ ᱟᱠᱟᱫᱟ।
train_santalimale_02327	wavs/train_santalimale_02327.wav	ᱚᱦᱚ ᱢᱮᱱᱞᱮ ᱚᱲᱟᱜᱼᱟ ᱨᱮᱱᱟᱜᱼᱟ ᱢᱱᱚᱣᱮᱭᱡᱧᱟᱱᱤᱠ ᱯᱤᱨᱤᱭᱚᱰ ᱨᱮ ᱛᱮᱦᱮᱧ ᱫᱚ ᱪᱮᱫᱼᱟᱠᱤᱱ ᱯᱟᱲᱦᱟᱣ ᱧᱟᱢ ᱟᱠᱟᱣᱟᱱᱟ।
train_santalimale_02328	wavs/train_santalimale_02328.wav	ᱤᱥᱚᱠᱩᱞ ᱛᱮ ᱦᱤᱡᱩᱜᱼᱟᱥᱮᱱᱚᱜᱼᱟ ᱰᱟᱦᱟᱨ ᱟᱲᱮᱹ ᱩᱞ ᱫᱟᱨᱮ ᱫᱚ ᱵᱟᱱᱟ ᱦᱚᱲ ᱜᱮ ᱞᱟᱦᱟᱛᱟᱭᱚᱢ ᱱᱮ ᱜᱮᱠᱤᱱ ᱞᱟᱜᱟᱞᱟᱜᱟᱭᱮᱫᱼᱟ ᱠᱟᱱ ᱱᱟᱦᱟᱸᱜᱼᱟ।
train_santalimale_02329	wavs/train_santalimale_02329.wav	ᱤᱥᱚᱠᱩᱞ ᱨᱮᱭᱟᱜᱼᱟ ᱯᱟᱹᱦᱤᱞ ᱜᱷᱸᱴᱤ ᱫᱚ ᱴᱟᱲᱟᱹᱝ ᱢᱮᱱᱛᱮ ᱥᱟᱰᱮ ᱟᱧᱡᱚᱢ ᱮᱱᱟ।
train_santalimale_02330	wavs/train_santalimale_02330.wav	ᱚᱱᱟ ᱟᱧᱡᱚᱢ ᱛᱮ ᱵᱟᱱᱟ ᱦᱚᱲ ᱜᱮ ᱩᱥᱟᱹᱨᱟ ᱛᱮ ᱫᱮᱞᱟᱣᱟᱫᱼᱟ ᱠᱤᱱ ᱞᱮᱠᱟ ᱠᱤᱱ ᱵᱩᱡᱷᱟᱹᱩ ᱠᱮᱫᱟ।
train_santalimale_02331	wavs/train_santalimale_02331.wav	ᱢᱮᱛᱟᱜᱼᱟ ᱢᱮ, ᱚᱠᱚᱭ ᱦᱤᱨᱞᱟᱹ ᱨᱮᱢ ᱛᱟᱭᱚᱢᱚᱜᱼᱟ ᱠᱟᱱᱟ, ᱵᱤᱴᱤᱢᱟᱹᱸᱭ?
train_santalimale_02332	wavs/train_santalimale_02332.wav	ᱱᱤᱱ ᱫᱟᱨᱟ ᱵᱤᱴᱤᱢᱟᱹᱸᱭ ᱫᱚ ᱤᱥᱚᱠᱩᱞ ᱛᱮ ᱦᱤᱡᱩᱠᱥᱮᱱᱚᱜᱼᱟ ᱟᱹᱰᱤ ᱪᱮᱦᱨᱟ ᱥᱟᱹᱲᱤ ᱛᱮ ᱟᱹᱰᱤ ᱪᱚᱸᱦᱚᱸᱜᱼᱟ ᱮ ᱵᱟᱱᱫᱮ ᱠᱚᱜᱼᱟᱟ ᱢᱮᱱᱮᱜᱼᱟ ᱛᱮᱦᱮᱧ ᱫᱚ ᱚᱠᱟ ᱥᱮᱱᱟᱜᱼᱟ ᱦᱚᱭᱵᱷᱟᱨᱚᱬᱲᱚ ᱪᱚ ᱯᱟᱲᱟᱣ ᱟᱫᱮ ᱛᱮ ᱤᱥᱚᱠᱩᱞ ᱦᱤᱡᱩᱜᱼᱟ ᱛᱮᱭ ᱫᱷᱩᱱᱥᱤᱯᱷᱩᱱᱥᱤ, ᱛᱩᱯᱷᱟᱹᱱ ᱪᱟᱵᱟᱣᱟᱠᱟᱱᱟ।
train_santalimale_02333	wavs/train_santalimale_02333.wav	ᱥᱟᱢᱟᱝ ᱨᱮᱭᱟᱜᱼᱟ ᱠᱟᱥᱚ ᱨᱮᱵᱮᱫᱼᱟ ᱥᱟᱹᱲᱤ ᱟᱧᱪᱟᱨ ᱦᱚᱸ ᱵᱮᱥᱟᱣᱦᱟᱸ ᱜᱮ ᱦᱮᱱᱟᱜᱼᱟ ᱛᱟᱭᱟ।
train_santalimale_02334	wavs/train_santalimale_02334.wav	ᱵᱚᱦᱚᱜᱼᱟ ᱩᱵᱼᱟ ᱨᱮᱭᱟᱜᱼᱟ ᱜᱟᱞᱟᱝ ᱯᱷᱤᱛᱟᱹ ᱦᱚᱸ ᱥᱚᱞᱚᱜᱼᱟᱵᱚᱠᱚᱜᱼᱟ ᱪᱟᱵᱟᱣᱟᱠᱟᱱ ᱛᱟᱭᱟ।
train_santalimale_02335	wavs/train_santalimale_02335.wav	ᱪᱮᱫᱟᱜᱼᱟ ᱮᱱᱛᱮᱫᱼᱟ ᱵᱟᱭ ᱚᱱᱠᱟᱜᱼᱟᱟ?
train_santalimale_02336	wavs/train_santalimale_02336.wav	ᱛᱮᱦᱮᱧ ᱫᱚ ᱵᱚᱵᱞᱩ ᱣᱟᱜᱼᱟ ᱚᱱᱠᱟᱱ ᱠᱟᱛᱷᱟ ᱟᱧᱡᱚᱢ ᱛᱮ ᱵᱤᱴᱤᱢᱟᱹᱸᱭ ᱫᱚ ᱚᱨ ᱠᱮᱫᱮ ᱞᱮᱠᱟᱭ ᱵᱩᱡᱷᱟᱹᱩ ᱠᱮᱫᱟ ᱫᱤᱜᱟᱹᱜᱼᱟ ᱠᱟᱹᱨᱤ ᱛᱮ ᱟᱨ ᱞᱚᱵᱚᱭ ᱥᱟᱹᱲᱤ ᱪᱷᱤᱫᱜᱟᱹᱤ ᱛᱟᱲᱟᱹᱢ ᱦᱟᱫᱟᱥ ᱢᱮᱱᱛᱮᱭ ᱦᱟᱸᱰᱟᱜᱼᱟ ᱮᱱᱟ।
train_santalimale_02337	wavs/train_santalimale_02337.wav	ᱴᱷᱩᱸᱲᱜᱟᱹ ᱫᱟᱨᱮ ᱵᱷᱤᱱᱫᱟᱹᱲ ᱦ ᱮᱱ ᱞᱮᱠᱟᱭ ᱵᱷᱤᱱᱫᱟᱹᱲ ᱥᱚᱦᱚᱨ ᱮᱱᱟ, ᱟᱨ ᱥᱚᱱᱟᱢᱤᱨᱩ ᱞᱮᱠᱟᱭ ᱦᱚᱵᱚᱨ ᱟᱠᱟᱫᱼᱟ ᱟᱹᱠᱤᱞᱚᱯᱩᱛᱷᱤ ᱫᱚ ᱵᱚᱵᱞᱩ ᱜᱮ ᱨᱮᱡᱼᱟ ᱠᱟᱛᱮᱭ ᱨᱟᱯᱟᱫᱼᱟ ᱜᱤᱰᱤ ᱠᱟᱫᱼᱟ ᱛᱟᱭ ᱞᱮᱠᱟᱭ ᱵᱩᱡᱷᱟᱹᱩ ᱠᱮᱫᱟ।
train_santalimale_02338	wavs/train_santalimale_02338.wav	ᱯᱩᱛᱷᱤ ᱫᱚ ᱟᱹᱰᱤ ᱥᱟᱹᱸᱜᱤᱧ ᱛᱮ ᱯᱟᱹᱥᱤᱨᱮᱱᱟ।
train_santalimale_02339	wavs/train_santalimale_02339.wav	ᱵᱤᱴᱤᱢᱟᱹᱸᱭ ᱫᱚ ᱟᱭᱢᱟ ᱞᱮᱠᱟᱱ ᱠᱟᱛᱷᱟ ᱦᱩᱫᱤᱥᱚᱦᱩᱫᱤᱥ ᱛᱮ ᱦᱚᱲᱢᱚ ᱫᱚ ᱟᱹᱦᱚᱞᱩᱝ ᱪᱟᱵᱟ ᱣᱟᱠᱟᱱ ᱛᱟᱭ ᱛᱟᱸᱦᱮᱸᱠᱟᱱᱟ।
train_santalimale_02340	wavs/train_santalimale_02340.wav	ᱮᱠᱟᱞ ᱛᱮ ᱵᱷᱤᱱᱫᱟᱹᱲ ᱥᱟᱸᱣ ᱛᱮᱭ ᱠᱟᱹᱨᱤᱜᱷᱟᱢᱮᱱᱟ।
train_santalimale_02341	wavs/train_santalimale_02341.wav	ᱱᱚᱟ ᱟᱧᱡᱚᱢ ᱥᱟᱸᱣ ᱛᱮᱭ ᱵᱮᱸᱜᱮᱫᱼᱟ ᱨᱩᱣᱟᱹᱰ ᱞᱮᱫᱟ ᱵᱚᱵᱞᱩ ᱫᱚ ᱟᱨ ᱱᱚᱝᱠᱟᱱ ᱜᱷᱚᱴᱱᱟ ᱧᱮᱞᱛᱮ ᱵᱮᱵᱤᱞᱚᱢ ᱛᱮᱭ ᱡᱤᱨ ᱨᱩᱣᱟᱹᱰᱮᱱᱟ।
train_santalimale_02342	wavs/train_santalimale_02342.wav	ᱱᱤᱛ ᱵᱚᱵᱞᱩ ᱫᱚᱭ ᱟᱸᱫᱢᱟᱸᱫᱟᱣ ᱪᱟᱵᱟᱭᱮᱱᱟ ᱟᱨ ᱛᱤ ᱠᱚᱨᱮᱱᱟᱜᱼᱟ ᱱᱟᱴᱠᱟ ᱛᱩᱱᱩᱢ ᱟᱴᱠᱟᱨ ᱵᱟᱲᱟᱹ ᱠᱟᱛᱮ ᱴᱷᱤᱠ ᱜᱮᱭ ᱵᱩᱡᱷᱟᱹᱩ ᱧᱟᱢ ᱠᱮᱫᱮᱭᱟ ᱮᱠᱮᱱ ᱟᱫᱤᱥᱟᱹ ᱟᱠᱟᱱᱟ ᱢᱮᱱ ᱠᱟᱛᱮᱭ ᱵᱟᱰᱟᱭ ᱠᱮᱫᱮᱭᱟ।
train_santalimale_02343	wavs/train_santalimale_02343.wav	ᱵᱟᱹᱤᱵᱟᱹᱤ ᱛᱮ ᱦᱚᱴᱚᱜᱼᱟ ᱮ ᱥᱚᱡᱷᱮ ᱠᱮᱫᱼᱟ ᱛᱟᱭᱟ।
train_santalimale_02344	wavs/train_santalimale_02344.wav	ᱧᱮᱞ ᱠᱮᱫᱟᱭ, ᱪᱟᱹᱸᱫᱤ ᱫᱚ ᱰᱷᱮᱨ ᱜᱮᱭ ᱜᱷᱟᱹᱞ ᱟᱠᱟᱱᱟ।
train_santalimale_02345	wavs/train_santalimale_02345.wav	ᱪᱟᱹᱸᱫᱤ ᱠᱷᱚᱱ ᱡᱚᱨᱚᱣᱟᱠᱟᱱ ᱢᱟᱭᱟᱢ ᱛᱮ ᱰᱟᱦᱟᱨ ᱫᱷᱩᱲᱤ ᱦᱚᱸ ᱞᱚᱦᱚᱫᱼᱟ ᱥᱤᱨ ᱯᱤᱴᱤᱭᱟᱹᱜᱼᱟ ᱟᱠᱟᱱᱟ ᱟᱨ ᱟᱭᱟᱜᱼᱟ ᱵᱟᱦᱟ ᱢᱟᱨᱠᱷᱟ ᱱᱟᱣᱟᱸ ᱨᱩᱢᱟᱹᱞ ᱛᱮ ᱪᱟᱹᱸᱫᱤ ᱨᱮᱭᱟᱜᱼᱟ ᱢᱟᱭᱟᱢ ᱫᱚᱭ ᱡᱚᱫᱼᱟ ᱥᱟᱯᱷᱟ ᱠᱮᱫᱼᱟ ᱛᱟᱭᱟ।
train_santalimale_02346	wavs/train_santalimale_02346.wav	ᱮᱱᱛᱮᱫᱼᱟ ᱱᱚᱟ ᱜᱷᱚᱴᱱᱟ ᱫᱚ ᱤᱧᱟᱹᱜᱼᱟ ᱵᱷᱩᱞ ᱛᱮ ᱦᱩᱭ ᱟᱠᱟᱱ ᱛᱟᱢᱟ।
train_santalimale_02347	wavs/train_santalimale_02347.wav	ᱮᱱᱛᱮᱫᱼᱟ ᱟᱢᱟᱜᱼᱟ ᱫᱩᱞᱟᱹᱲ ᱫᱚ ᱚᱠᱟ ᱞᱮᱠᱟ ᱛᱮᱜᱮ ᱚᱦᱚᱧ ᱦᱤᱲᱤᱧ ᱫᱟᱲᱮᱹ ᱠᱮᱭᱟ।
train_santalimale_02348	wavs/train_santalimale_02348.wav	ᱟᱢ ᱫᱚ ᱱᱚᱝᱠᱟᱱ ᱚᱠᱛᱮ ᱨᱮ ᱚᱠᱟᱢ ᱟᱹᱨᱡᱤᱧᱟᱹ, ᱵᱟᱰᱟᱭ ᱠᱟᱢ ᱪᱟᱦᱮ ᱫᱚ ᱡᱤᱣᱤ ᱪᱟᱹᱞᱟᱜᱼᱟ ᱨᱮ ᱦᱚᱸᱧ ᱜᱚᱲᱚ ᱟᱢ ᱜᱮᱭᱟ।
train_santalimale_02349	wavs/train_santalimale_02349.wav	ᱮᱱᱛᱮᱫᱼᱟ, ᱢᱤᱫᱼᱟ ᱠᱟᱛᱷᱟᱧ ᱫᱤᱥᱟᱹᱭᱮᱫᱟ, ᱢᱮᱱ ᱟᱠᱟᱫᱟᱠᱚ, ᱡᱟᱦᱟᱸᱭᱟᱜᱼᱟ ᱡᱤᱱᱫᱜᱤ ᱵᱮᱨᱵᱟᱫ ᱠᱟᱛᱟᱠᱚ ᱫᱚ ᱢᱟᱱᱣᱟᱸ ᱦᱚᱯᱚᱱᱟᱜᱼᱟ ᱟᱹᱰᱤ ᱢᱟᱨᱟᱝ ᱯᱟᱯ ᱠᱟᱱᱟ।
train_santalimale_02350	wavs/train_santalimale_02350.wav	ᱵᱚᱵᱞᱩ ᱫᱚ ᱵᱤᱴᱤᱢᱟᱹᱸᱭ ᱟᱹᱰᱤ ᱫᱩᱞᱟᱹᱲ ᱛᱮ ᱟᱭᱟᱜᱼᱟ ᱵᱩᱞᱩ ᱨᱮᱭ ᱴᱮᱬᱰᱟᱨ ᱠᱮᱫᱮ ᱛᱮᱭ ᱦᱚᱵᱚᱨ ᱥᱟᱣᱦᱟᱸ ᱠᱮᱫᱮᱭᱟ।
train_santalimale_02351	wavs/train_santalimale_02351.wav	ᱵᱤᱴᱤᱢᱟᱹᱸᱭ ᱫᱚ ᱫᱤᱥᱟᱹ ᱨᱮᱭ ᱦᱮᱡᱼᱟ ᱧᱚᱜᱼᱟ ᱟᱠᱟᱱᱟ।
train_santalimale_02352	wavs/train_santalimale_02352.wav	ᱵᱮᱪᱟᱨᱟ ᱵᱚᱵᱞᱩ ᱣᱟᱜᱼᱟ ᱱᱤᱛ ᱪᱮᱫᱼᱟ ᱩᱯᱟᱹᱤ?
train_santalimale_02353	wavs/train_santalimale_02353.wav	ᱪᱮᱠᱟᱭᱟᱭ, ᱛᱟᱞᱮ ᱰᱮᱢᱵᱞᱟ ᱨᱮᱭᱟᱜᱼᱟ ᱠᱷᱟᱞᱟᱜᱼᱟ ᱵᱮᱱᱟᱣ ᱠᱟᱛᱮ ᱟᱹᱰᱤ ᱩᱥᱟᱹᱨᱟ ᱫᱟᱜᱼᱟ ᱮ ᱟᱜᱩ ᱣᱟᱫᱮ ᱛᱮᱭ ᱧᱩ ᱚᱪᱚ ᱠᱮᱫᱮᱭᱟ ᱟᱨ ᱟᱨᱦᱚᱸᱭ ᱦᱚᱵᱚᱨ ᱡᱤᱨᱟᱹᱩ ᱠᱮᱫᱮᱭᱟ।
train_santalimale_02354	wavs/train_santalimale_02354.wav	ᱢᱤᱫᱼᱟ ᱜᱷᱟᱹᱲᱤ ᱠᱷᱟᱱ ᱜᱮ, ᱵᱤᱴᱤᱢᱟᱹᱸᱭ ᱫᱚ ᱢᱟᱹᱦᱤᱨ ᱟᱲᱟᱝ ᱛᱮᱭ ᱢᱮᱱ ᱠᱮᱫᱟ, ᱵᱚᱵᱞᱩ ᱟᱢ ᱫᱚ ᱡᱟᱦᱟᱸ ᱜᱮᱢ ᱦᱩᱫᱤᱥ, ᱛᱮᱦᱮᱧ ᱟᱢ ᱱᱚᱟ ᱚᱠᱛᱚ ᱨᱮ ᱟᱹᱰᱤ ᱜᱮᱧ ᱦᱟᱨᱚᱱ ᱠᱮᱫᱼᱟ ᱢᱮᱭᱟ।
train_santalimale_02355	wavs/train_santalimale_02355.wav	ᱞᱟᱹᱤᱭᱟᱹᱧ ᱢᱮ ᱤᱧ, ᱫᱚ ᱚᱠᱚᱭ ᱨᱮᱱ?
train_santalimale_02356	wavs/train_santalimale_02356.wav	ᱟᱢ ᱫᱚ ᱤᱧ ᱨᱮᱱ ᱟᱨ ᱤᱧ ᱫᱚ ᱟᱢ ᱨᱮᱱ, ᱤᱧ ᱟᱨ ᱟᱢ ᱵᱟᱱᱟ ᱦᱚᱲ ᱨᱮᱱ, ᱢᱮᱛᱟᱜᱼᱟ ᱢᱮ, ᱢᱤᱫᱼᱟ ᱦᱚᱲᱟᱹᱜᱼᱟ ᱫᱩᱠ ᱛᱮ ᱵᱟᱱᱟ ᱦᱚᱲᱟᱹᱜᱼᱟ ᱫᱩᱠ।
train_santalimale_02357	wavs/train_santalimale_02357.wav	ᱤᱧ ᱫᱚ ᱟᱢ ᱨᱮᱱ ᱛᱮᱝᱜᱚ ᱫᱟᱨᱮ ᱠᱷᱟᱱ ᱟᱢ ᱫᱚ ᱡᱟᱯᱟᱜᱼᱟ ᱱᱟᱹᱸᱲᱤ।
train_santalimale_02358	wavs/train_santalimale_02358.wav	ᱤᱧ ᱫᱚ ᱡᱤᱱᱫᱜᱤ ᱵᱷᱚᱨ ᱤᱧᱟᱜᱼᱟ ᱚᱱᱛᱚᱨ ᱨᱮ ᱥᱟᱹᱨᱤ ᱫᱩᱞᱟᱹᱲ ᱨᱟᱥᱟ ᱦᱮᱲᱮᱢ ᱞᱟᱹᱜᱤᱫᱼᱟ ᱴᱷᱟᱸᱣᱤᱧ ᱟᱲᱟᱹᱜᱼᱟ ᱟᱢᱟ।
train_santalimale_02359	wavs/train_santalimale_02359.wav	ᱟᱨ ᱱᱚᱟ ᱦᱚᱸ ᱫᱤᱥᱟᱹ ᱫᱚᱦᱚ ᱠᱟᱢ, ᱡᱟᱦᱟᱸ ᱛᱤᱱᱟᱹᱜᱼᱟ ᱤᱧ ᱩᱯᱟᱹᱨ ᱨᱮ ᱴᱷᱮᱰᱜᱟ ᱡᱩᱨᱩᱜᱼᱟ, ᱡᱟᱦᱟᱸ ᱛᱤᱱᱟᱹᱜᱼᱟ ᱤᱧ ᱩᱯᱟᱹᱨ ᱨᱮ ᱠᱟᱹᱯᱤ ᱮᱯᱮᱞᱚᱜᱼᱟ ᱟᱨ ᱡᱟᱦᱟᱸ ᱛᱤᱱᱟᱹᱜᱼᱟ ᱤᱧ ᱩᱯᱟᱹᱨ ᱨᱮ ᱛᱟᱨᱣᱟᱲᱮ ᱦᱩᱵᱟᱹᱜᱚᱜᱼᱟ।
train_santalimale_02360	wavs/train_santalimale_02360.wav	ᱢᱮᱱᱠᱷᱟᱱ ᱟᱞᱟᱝᱟᱜᱼᱟ ᱫᱩᱞᱟᱹᱲ ᱰᱟᱦᱟᱨ ᱠᱷᱚᱱ ᱚᱠᱚᱭ ᱵᱟᱵᱟ ᱦᱚᱸ ᱚᱦᱚᱭ ᱫᱟᱥᱠᱟᱣ ᱫᱟᱲᱮᱹ ᱠᱤᱧᱟᱹ।
train_santalimale_02361	wavs/train_santalimale_02361.wav	ᱟᱨ, ᱡᱩᱫᱤ ᱵᱟᱢ ᱯᱟᱹᱛᱤᱭᱟᱹᱣᱚᱜᱼᱟ ᱠᱟᱱ ᱢᱮᱱᱠᱷᱟᱱ, ᱢᱟ ᱧᱮᱞᱢᱮ, ᱛᱮᱦᱮᱧ ᱟᱢᱟᱜᱼᱟ ᱢᱟᱭᱟᱢ ᱛᱮ ᱞᱚᱦᱚᱫᱼᱟ ᱟᱠᱟᱱ ᱫᱷᱩᱲᱤ ᱨᱮᱧ ᱠᱤᱨᱤᱭᱟᱹᱜᱼᱟ ᱠᱟᱱᱟ।
train_santalimale_02362	wavs/train_santalimale_02362.wav	ᱟᱨ ᱚᱱᱟ ᱫᱷᱩᱲᱤ ᱫᱷᱟᱹᱨᱛᱤᱜᱚᱣᱟᱜᱼᱟ ᱠᱚᱲᱟᱹᱢ ᱪᱮᱛᱟᱱ ᱨᱮ, ᱤᱥᱚᱨ ᱵᱟᱵᱟ ᱥᱟᱨᱦᱟᱣ ᱛᱩᱞᱩᱡᱼᱟ ᱦᱟᱞᱟᱝ ᱨᱟᱠᱟᱵᱼᱟ ᱠᱟᱛᱮ ᱟᱭᱟᱜᱼᱟ ᱠᱚᱲᱟᱹᱢ ᱨᱮᱭ ᱡᱟᱜᱼᱟ ᱠᱮᱫᱟ।
train_santalimale_02363	wavs/train_santalimale_02363.wav	ᱟᱨ ᱚᱱᱟ ᱟᱲᱟᱝ ᱟᱧᱡᱚᱢ ᱠᱟᱛᱮ ᱵᱤᱴᱤᱢᱟᱹᱸᱭᱟᱜᱼᱟ ᱢᱮᱫᱼᱟ ᱠᱷᱚᱱ, ᱵᱟᱰᱟᱭ ᱢᱮ, ᱫᱩᱞᱟᱹᱲ ᱨᱮᱭᱟᱜᱼᱟ ᱫᱩᱢᱩᱨ ᱨᱟᱥᱟ ᱜᱮ ᱦᱚᱲᱮᱡᱼᱟ ᱚᱲᱚᱝᱮᱱᱟ।
train_santalimale_02364	wavs/train_santalimale_02364.wav	ᱟᱨ ᱚᱱᱟ ᱧᱮᱞᱛᱮ ᱵᱚᱵᱞᱩ ᱣᱟᱜᱼᱟ ᱚᱱᱛᱚᱨᱫᱟᱨᱦᱟᱫᱟᱜᱼᱟ ᱦᱚᱸ ᱥᱚᱠᱚᱡᱼᱟ ᱮᱱ ᱛᱮ ᱢᱮᱫᱼᱟ ᱨᱮᱭᱟᱜᱼᱟ ᱯᱤᱯᱱᱤᱯᱤᱬᱲᱟᱹ ᱠᱷᱚᱱ ᱥᱟᱨᱮᱲ ᱯᱟᱨᱚᱢ ᱮᱱᱟ ᱟᱨ ᱵᱤᱴᱤᱢᱟᱹᱸᱭ ᱭᱟᱜᱼᱟ ᱢᱮᱫᱼᱟᱦᱟᱸ ᱨᱮ ᱡᱚᱨᱚᱭᱮᱱᱛᱮ।
train_santalimale_02365	wavs/train_santalimale_02365.wav	ᱛᱮᱦᱮᱧ ᱫᱚ ᱵᱚᱵᱞᱩ ᱟᱨ ᱵᱤᱴᱤᱢᱟᱹᱸᱭ ᱢᱮᱭᱴᱨᱤᱠ ᱨᱮᱭᱟᱜᱼᱟ ᱯᱷᱟᱤᱱᱚᱞ ᱵᱤᱲᱟᱩ ᱮᱢ ᱥᱟᱹᱛ ᱠᱟᱛᱮ ᱚᱲᱟᱜᱼᱟ ᱛᱮᱠᱤᱱ ᱦᱮᱡᱼᱟ ᱨᱩᱣᱟᱹᱲᱮᱹᱱᱟ।
train_santalimale_02366	wavs/train_santalimale_02366.wav	ᱢᱤᱫᱼᱟᱫᱤᱱ ᱵᱟᱨ ᱫᱤᱱ ᱡᱤᱨᱟᱹᱩ ᱠᱟᱛᱮ ᱨᱟᱹᱥᱠᱟᱹ ᱨᱮᱭᱟᱜᱼᱟ ᱚᱠᱛᱮ ᱠᱤᱱ ᱢᱟᱱᱟᱣ ᱠᱮᱫᱟ ᱟᱨ ᱚᱱᱮ ᱠᱩᱴᱱᱟᱴᱚᱠᱤᱱ ᱫᱩᱞᱟᱹᱲ ᱱᱟᱯᱚᱲ ᱟᱱᱟ।
train_santalimale_02367	wavs/train_santalimale_02367.wav	ᱯᱤᱯᱚᱨᱤᱭᱟᱹ ᱟᱨ ᱥᱮᱛᱚᱝ ᱴᱚᱞᱟ, ᱟᱛᱚ ᱥᱤᱢᱟᱹᱱᱟ ᱫᱚ ᱨᱚᱯᱚᱜᱼᱟ ᱢᱤᱫᱼᱟ ᱜᱮᱭᱟ।
train_santalimale_02368	wavs/train_santalimale_02368.wav	ᱚᱱᱟ ᱛᱮ ᱧᱟᱯᱟᱢ ᱵᱟᱲᱟᱹᱜᱼᱟ ᱨᱮᱫᱚ ᱡᱟᱦᱟᱸᱱ ᱟᱠᱚᱴ ᱜᱮ ᱵᱟᱹᱱᱩᱜᱼᱟ ᱛᱟᱹᱠᱤᱱᱟ।
train_santalimale_02369	wavs/train_santalimale_02369.wav	ᱯᱟᱹᱦᱤᱞ ᱞᱮᱠᱟ ᱜᱮᱠᱤᱱ ᱧᱟᱯᱟᱢ ᱵᱟᱲᱟᱹᱜᱼᱟ ᱠᱟᱱᱟ ᱵᱮᱥ ᱜᱮ।
train_santalimale_02370	wavs/train_santalimale_02370.wav	ᱟᱨ ᱟᱹᱠᱤᱱᱟᱜᱼᱟ ᱫᱩᱞᱟᱹᱲᱱᱟᱹᱸᱰᱤ ᱫᱚ ᱯᱟᱸᱠ ᱢᱤᱞᱟᱹᱩ ᱯᱟᱴᱮᱫᱼᱟ ᱠᱟᱛᱮ ᱢᱚᱞᱚᱜᱼᱟ ᱪᱟᱸᱫᱚ ᱞᱮᱠᱟ ᱵᱟᱹᱤᱵᱟᱹᱤ ᱛᱮ ᱥᱮᱨᱢᱟ ᱴᱩᱸᱜᱟᱹᱩ ᱛᱮ ᱥᱚᱦᱚᱨ ᱨᱟᱠᱟᱵᱼᱟ ᱤᱫᱤᱜᱼᱟ ᱠᱟᱱ ᱛᱟᱹᱠᱤᱱᱟ।
train_santalimale_02371	wavs/train_santalimale_02371.wav	ᱯᱤᱯᱚᱨᱤᱭᱟᱹ ᱢᱟᱨᱮ ᱡᱚᱜᱢᱟᱹᱸᱡᱷᱤ ᱥᱚᱵᱟᱱ ᱦᱚᱯᱚᱱ ᱮᱨᱟ ᱜᱮ ᱵᱤᱴᱤᱢᱟᱹᱸᱭ ᱫᱚ।
train_santalimale_02372	wavs/train_santalimale_02372.wav	ᱵᱮᱸᱜᱮᱫᱼᱟ ᱟᱭ ᱨᱮ ᱱᱟᱥᱮ ᱦᱚᱸ ᱵᱟᱹᱱᱩᱜᱼᱟ ᱛᱟᱭᱟ ᱫᱩᱥᱟᱹᱱ ᱫᱚ ᱵᱟᱢ ᱢᱮᱱ ᱫᱚ ᱮᱠᱟᱞ ᱮᱱᱛᱮ ᱪᱟᱹᱴᱚᱜᱼᱟ ᱜᱚᱫᱮ ᱞᱮᱠᱟ।
train_santalimale_02373	wavs/train_santalimale_02373.wav	ᱚᱞᱚᱠ ᱯᱟᱲᱦᱟᱜᱼᱟ ᱟᱹᱠᱤᱞ ᱛᱮᱦᱚᱸ ᱠᱚᱢ ᱫᱚ ᱵᱟᱹᱱᱩᱭᱟ।
train_santalimale_02374	wavs/train_santalimale_02374.wav	ᱠᱩᱲᱤ ᱨᱮᱦᱚᱸ, ᱠᱚᱲᱟ ᱨᱮᱦᱚᱸ ᱱᱤ ᱜᱮ ᱚᱲᱟᱜᱼᱟ ᱨᱮᱱ ᱥᱟᱫᱷᱮᱨ ᱫᱷᱚᱱ ᱛᱟᱹᱠᱤᱱ ᱫᱚ।
train_santalimale_02375	wavs/train_santalimale_02375.wav	ᱦᱟᱭ ᱫᱩᱞᱟᱹᱲᱤᱭᱟ, ᱦᱟᱭᱚᱫᱩᱞᱟᱹᱲ ᱛᱮᱠᱤᱱ ᱦᱟᱨᱟ ᱞᱮᱫᱮᱭᱟ।
train_santalimale_02376	wavs/train_santalimale_02376.wav	ᱜᱚᱵᱟᱵᱟᱣᱟᱜᱼᱟ ᱡᱤᱣᱤ ᱨᱮᱱᱟᱜᱼᱟ ᱟᱨᱟᱜᱼᱟ ᱩᱯᱟᱹᱞ ᱵᱟᱦᱟ ᱱᱮ ᱜᱮ ᱵᱷᱚᱴᱚᱜᱼᱟ ᱠᱟᱛᱮ ᱥᱟᱲᱚᱜᱼᱟ ᱞᱟᱜᱤᱫᱚᱜᱼᱟ ᱠᱟᱱᱟ।
train_santalimale_02377	wavs/train_santalimale_02377.wav	ᱚᱲᱟᱜᱼᱟ ᱨᱮᱱᱟᱜᱼᱟ ᱫᱷᱚᱱ ᱫᱩᱨᱤᱵ ᱢᱟ ᱟᱡᱼᱟ ᱵᱟᱨᱮᱛ ᱛᱮᱫᱼᱟ ᱜᱮ ᱵᱟᱰᱟᱭ ᱠᱟᱢ।
train_santalimale_02378	wavs/train_santalimale_02378.wav	ᱟᱨ, ᱵᱷᱟᱜᱮ ᱪᱟᱹᱞᱪᱚᱞᱚᱱ ᱤᱭᱟᱹ ᱛᱮ ᱤᱱᱟᱹ ᱟᱰᱮᱯᱟᱥᱮ ᱫᱚ ᱵᱷᱟᱜᱮ ᱧᱩᱛᱩᱢ ᱜᱮᱭ ᱦᱟᱹᱨ ᱟᱠᱟᱣᱟᱱᱟ।
train_santalimale_02379	wavs/train_santalimale_02379.wav	ᱚᱞᱚᱜᱼᱟ ᱯᱟᱲᱦᱟᱜᱼᱟ ᱪᱮᱫᱼᱟ ᱠᱮᱫᱼᱟ ᱛᱟᱭᱚᱢ ᱢᱟ ᱟᱨᱛᱮᱫᱼᱟ ᱜᱮᱭ ᱱᱟᱢ ᱰᱟᱠᱮᱱᱟ।
train_santalimale_02380	wavs/train_santalimale_02380.wav	ᱟᱡᱼᱟ ᱜᱚᱵᱟᱵᱟ ᱦᱚᱸ ᱱᱩᱢᱤᱱ ᱢᱟᱨᱟᱝ ᱜᱚᱞᱠᱟᱬᱰ ᱯᱤᱨᱚᱛᱷᱤᱢᱤ ᱨᱮ ᱵᱤᱴᱤᱢᱟᱹᱸᱭ ᱞᱟᱹᱜᱤᱫᱼᱟ ᱫᱷᱚᱨᱚᱢ ᱡᱩᱨᱤ ᱵᱚᱵᱞᱩ ᱪᱷᱟᱰᱟ ᱮᱴᱟᱜᱼᱟ ᱠᱚ ᱫᱚ ᱛᱤᱥ ᱦᱚᱸ ᱵᱟᱠᱤᱱ ᱥᱟᱹᱵᱩᱫ ᱫᱟᱲᱮᱹᱭᱟᱫᱼᱟ ᱠᱚᱟ।
train_santalimale_02381	wavs/train_santalimale_02381.wav	ᱪᱮᱫᱟᱜᱼᱟ ᱮᱱᱛᱮᱫᱼᱟ ᱠᱤᱱ ᱥᱟᱹᱵᱩᱫ ᱫᱟᱲᱮᱹᱭᱟᱠᱚᱟ?
train_santalimale_02382	wavs/train_santalimale_02382.wav	ᱤᱱᱟᱹ ᱟᱰᱮᱯᱟᱥᱮ ᱢᱟ ᱵᱚᱵᱞᱩ ᱞᱮᱠᱟᱱ ᱠᱚᱲᱟᱹ ᱜᱮ ᱵᱟᱝ।
train_santalimale_02383	wavs/train_santalimale_02383.wav	ᱚᱱᱟ ᱛᱮᱜᱮ ᱵᱟᱝ ᱢᱤᱫᱼᱟ ᱫᱤᱱ ᱫᱚ ᱫᱟᱜᱼᱟ ᱞᱚ ᱜᱷᱟᱴ ᱨᱮ ᱥᱚᱱᱟ, ᱯᱟᱱᱚ ᱟᱨ ᱨᱟᱹᱱᱤ ᱫᱚᱠᱚ ᱜᱟᱞᱢᱟᱨᱟᱣ ᱠᱟᱱ ᱛᱟᱦᱮᱸᱱᱟ।
train_santalimale_02384	wavs/train_santalimale_02384.wav	ᱥᱚᱱᱟᱭ ᱢᱮᱱ ᱠᱮᱫᱟ, ᱤᱭᱟᱹ ᱱᱟ, ᱵᱟᱥᱮ ᱟᱪᱷᱟ, ᱵᱚᱵᱞᱩ ᱟᱨ ᱵᱤᱴᱤᱢᱟᱹᱸᱭ ᱫᱚ ᱟᱹᱰᱤ ᱡᱩᱨᱤ ᱠᱤᱱ ᱡᱩᱨᱤ ᱧᱟᱯᱟᱢᱚᱠᱟᱱᱟ।
train_santalimale_02385	wavs/train_santalimale_02385.wav	ᱯᱟᱱᱚ ᱫᱚ ᱨᱟᱹᱱᱤ ᱥᱮᱡᱼᱟ ᱵᱮᱸᱜᱮᱫᱼᱟ ᱠᱟᱛᱮᱭ ᱢᱮᱱ ᱠᱮᱫᱟ, ᱥᱟᱨᱤ ᱜᱮ ᱱᱟ, ᱱᱚᱟ ᱠᱟᱛᱷᱟ ᱫᱚᱢ ᱨᱚᱲ ᱠᱮᱫᱟ।
train_santalimale_02386	wavs/train_santalimale_02386.wav	ᱮᱠᱟᱞ ᱛᱮ ᱞᱟᱫᱮ ᱠᱟᱛᱮ ᱜᱩᱜᱩ ᱵᱟᱲᱟᱹᱭ ᱞᱮᱠᱟ ᱧᱮᱞᱚᱜᱼᱟ ᱟᱭ, ᱵᱟᱥᱮ?
train_santalimale_02387	wavs/train_santalimale_02387.wav	ᱚᱱᱠᱟ ᱢᱟ ᱱᱟ ᱤᱧ ᱢᱟ ᱚᱠᱟ ᱜᱷᱩᱲᱤᱡᱼᱟ ᱨᱮᱜᱮ ᱚᱦᱚᱧ ᱜᱩᱜᱩ ᱢᱚᱠᱚᱧ ᱞᱮᱱ ᱪᱚ ᱪᱮᱫᱼᱟ ᱪᱚ।
train_santalimale_02388	wavs/train_santalimale_02388.wav	ᱥᱮᱛᱚᱝ ᱴᱚᱞᱟ ᱫᱚ ᱵᱚᱵᱞᱩ ᱣᱟᱜᱼᱟ ᱡᱟᱱᱟᱢ ᱡᱟᱭᱜᱟ ᱠᱟᱱᱟ।
train_santalimale_02389	wavs/train_santalimale_02389.wav	ᱵᱮᱪᱟᱨᱟ ᱵᱚᱵᱞᱩ ᱟᱡᱼᱟ ᱵᱟᱵᱟ ᱵᱤᱨᱟᱹᱢ ᱫᱚ ᱨᱮᱸᱜᱮᱡᱼᱟ ᱦᱚᱲ ᱠᱟᱱ ᱨᱮ ᱦᱚᱸᱭ ᱥᱤᱥᱤᱨᱡᱟᱹᱣᱤᱡᱼᱟ ᱵᱟᱵᱟ ᱨᱮ ᱵᱟᱨᱟᱵᱟᱹᱨᱤ ᱯᱟᱹᱛᱤᱭᱟᱹᱩ ᱫᱚᱦᱚ ᱠᱟᱛᱮ ᱠᱟᱹᱢᱤ ᱟᱹᱥᱩᱞᱚᱜᱼᱟ ᱥᱚᱲᱟ ᱢᱚᱱᱟᱱ ᱦᱚᱲ ᱜᱮᱭ ᱛᱟᱸᱦᱮᱸᱠᱟᱱᱟ।
train_santalimale_02390	wavs/train_santalimale_02390.wav	ᱢᱮᱱᱠᱷᱟᱱ ᱱᱩᱢᱤᱱ ᱢᱟᱨᱟᱝ ᱦᱟᱨᱚᱱᱠᱚᱥᱴᱚ ᱠᱟᱛᱮ ᱨᱮᱦᱚᱸ ᱵᱚᱵᱞᱩ ᱫᱚ ᱟᱹᱠᱤᱞ ᱰᱟᱦᱟᱨ ᱨᱮᱭ ᱞᱟᱜᱟ ᱯᱤᱰᱜᱟᱹᱩ।
train_santalimale_02391	wavs/train_santalimale_02391.wav	ᱵᱚᱵᱞᱩ ᱫᱚ ᱟᱭᱟᱜᱼᱟ ᱵᱷᱤᱛᱨᱤ ᱢᱚᱱ ᱨᱮᱭ ᱜᱟᱬᱲᱚᱱᱟ, ᱤᱧ ᱫᱚ ᱨᱮᱸᱜᱮᱡᱼᱟ ᱦᱚᱯᱚᱱ, ᱟᱨ ᱵᱤᱴᱤᱢᱟᱹᱸᱭ ᱥᱟᱸᱣᱛᱮ ᱱᱚᱝᱠᱟ!
train_santalimale_02392	wavs/train_santalimale_02392.wav	ᱟᱨ, ᱚᱱᱟᱛᱮ ᱵᱚᱵᱞᱩ ᱫᱚ ᱡᱟᱦᱟᱸᱱ ᱟᱹᱲᱟᱹᱤᱵᱟᱹᱲᱟᱹᱤ ᱜᱟᱞᱢᱟᱨᱟᱣ ᱜᱮ ᱵᱟᱹᱱᱩᱜᱼᱟᱛᱟᱭᱟ।
train_santalimale_02393	wavs/train_santalimale_02393.wav	ᱡᱟᱦᱟᱸᱭ ᱵᱟᱝ ᱜᱟᱱᱚᱜᱼᱟ ᱠᱟᱛᱷᱟ ᱠᱚ ᱢᱮᱱ ᱵᱚᱛᱮᱡᱼᱟ ᱟᱭ ᱨᱮᱦᱚᱸ ᱚᱱᱟ ᱵᱟᱵᱚᱛ ᱨᱮ ᱟᱨᱟᱠᱯᱚᱬᱰ ᱵᱮᱸᱜᱮᱫ ᱨᱮᱱᱟᱜᱼᱟ ᱡᱟᱦᱟᱸᱱ ᱡᱟᱹᱨᱩᱲ ᱜᱮ ᱵᱟᱹᱱᱩᱜᱼᱟ ᱛᱟᱭᱟ।
train_santalimale_02394	wavs/train_santalimale_02394.wav	ᱟᱡᱼᱟ ᱞᱟᱹᱜᱤᱫᱼᱟ ᱚᱱᱟ ᱫᱚ ᱟᱹᱰᱤ ᱢᱟᱨᱟᱝ ᱜᱩᱱᱮ ᱢᱮᱛᱟᱜᱼᱟᱟ।
train_santalimale_02395	wavs/train_santalimale_02395.wav	ᱟᱭᱟᱜᱼᱟ ᱚᱱᱛᱚᱨ ᱨᱮᱭᱟᱜᱼᱟ ᱫᱷᱚᱨᱚᱢᱫᱟᱨᱦᱟᱫᱟᱜᱼᱟ ᱫᱚ ᱟᱹᱰᱤ ᱨᱤᱞᱟᱹᱢᱟᱞᱟ ᱛᱟᱦᱮᱸᱱ ᱛᱟᱭᱟ।
train_santalimale_02396	wavs/train_santalimale_02396.wav	ᱡᱟᱦᱟᱸ ᱛᱤᱱᱟᱹᱜᱼᱟ ᱨᱮᱸᱜᱮᱡᱼᱟ ᱦᱚᱲ, ᱵᱚᱵᱞᱩ ᱫᱚ ᱚᱞᱚᱠ ᱯᱟᱹᱲᱦᱟᱜᱼᱟ ᱨᱮ ᱱᱟᱥᱮᱛᱮᱫᱼᱟ ᱦᱚᱸ ᱵᱟᱠᱤᱱ ᱚᱠᱩᱞᱟᱹᱱ ᱞᱮᱫᱮᱭᱟ।
train_santalimale_02397	wavs/train_santalimale_02397.wav	ᱩᱯᱟᱹᱥᱟᱛᱤᱨᱟᱹᱥᱟᱠᱤᱱ ᱟᱹᱠᱤᱞ ᱚᱪᱚ ᱠᱮᱫᱮ ᱜᱮᱭᱟ।
train_santalimale_02398	wavs/train_santalimale_02398.wav	ᱱᱚᱟ ᱤᱥᱚᱠᱩᱞ ᱨᱮᱱ ᱟᱹᱠᱤᱞᱵᱟᱹᱛᱤ ᱢᱮᱱᱟᱭ ᱠᱷᱟᱱ ᱫᱚ ᱵᱚᱵᱞᱩ ᱜᱮ।
train_santalimale_02399	wavs/train_santalimale_02399.wav	ᱟᱨ, ᱜᱚᱲᱚᱣᱟᱭ ᱞᱟᱹᱜᱤᱫᱼᱟ ᱦᱤᱡᱩᱜᱼᱟᱥᱮᱱᱚᱜᱼᱟ ᱰᱟᱦᱟᱨ ᱨᱮᱱ ᱥᱚᱝᱜᱮ ᱛᱮᱱ ᱫᱚ ᱵᱤᱴᱤᱢᱟᱹᱸᱭ ᱜᱮ।
train_santalimale_02400	wavs/train_santalimale_02400.wav	ᱟᱢ ᱤᱭᱟᱹ ᱛᱮᱜᱮ ᱤᱥᱚᱠᱩᱞ ᱨᱮᱭᱟᱜᱼᱟ ᱧᱩᱛᱩᱢ ᱫᱚ ᱪᱚᱴᱚᱪᱩᱲᱟᱹ ᱛᱮ, ᱨᱟᱠᱟᱵᱼᱟ ᱟᱠᱟᱱᱟ।
train_santalimale_02401	wavs/train_santalimale_02401.wav	ᱩᱱ ᱨᱮ ᱵᱚᱵᱞᱩ ᱫᱚ ᱱᱤᱥᱲᱟᱹᱩ ᱠᱮᱫᱮ ᱞᱮᱠᱟᱭ ᱟᱹᱤᱠᱟᱹᱩ ᱠᱮᱫᱼᱟ ᱛᱮ ᱜᱟᱛᱟᱜᱟᱢᱮ ᱛᱮᱝᱜᱚ ᱛᱷᱤᱨ ᱮᱱᱟ।
train_santalimale_02402	wavs/train_santalimale_02402.wav	ᱟᱞᱚᱢ ᱟᱹᱛᱨᱩᱧᱚᱠᱚᱟ, ᱵᱚᱵᱞᱩ, ᱟᱢ ᱥᱚᱝᱜᱮᱭᱟᱢ ᱞᱟᱹᱜᱤᱫᱼᱟ ᱟᱨ ᱦᱚᱸ ᱛᱷᱚ ᱡᱟᱦᱟᱸᱭ ᱫᱚ ᱢᱮᱱᱟᱜᱼᱟ ᱠᱚ ᱜᱮᱭᱟ?
train_santalimale_02403	wavs/train_santalimale_02403.wav	ᱤᱱᱟᱹᱜᱼᱟ ᱛᱮᱜᱮ ᱪᱷᱩᱴᱤ ᱨᱮᱭᱟᱜᱼᱟ ᱜᱷᱸᱴᱤ ᱥᱟᱰᱮᱭᱮᱱᱟ।
train_santalimale_02404	wavs/train_santalimale_02404.wav	ᱟᱨ, ᱦᱟᱱᱠᱚ ᱛᱚᱨᱟ ᱚᱲᱟᱜᱼᱟ ᱛᱮ ᱫᱚᱢᱮᱞᱫᱚᱢᱮᱞ ᱠᱚ ᱢᱚᱦᱚᱬᱰᱟᱭᱮᱱᱟ।
train_santalimale_02405	wavs/train_santalimale_02405.wav	ᱵᱟᱹᱤᱥᱟᱹᱠᱷ ᱪᱟᱸᱫᱚ ᱨᱮᱭᱟᱜᱼᱟ ᱵᱷᱟᱹᱛᱱᱤ ᱥᱮᱛᱟ ᱤᱥᱤᱲ ᱥᱮᱛᱚᱝ ᱟᱨ ᱱᱚᱛᱮ ᱫᱟᱨᱟᱝᱫᱟᱨᱟᱝ ᱞᱚᱞᱚ ᱦᱚᱸᱭ, ᱫᱷᱟᱹᱨᱛᱤ ᱢᱟᱱᱣᱟᱸ ᱥᱮᱠᱟᱣᱮᱫᱼᱟ ᱠᱚ ᱞᱮᱠᱟ ᱵᱩᱡᱷᱟᱹᱜᱼᱟ ᱠᱟᱱᱟ।
train_santalimale_02406	wavs/train_santalimale_02406.wav	ᱵᱟᱹᱵᱞᱩ ᱫᱚ ᱢᱟᱸᱡᱟᱱᱢᱟᱹᱸᱰᱤ ᱵᱟᱲᱟᱹ ᱠᱟᱛᱮ ᱟᱭᱟᱜᱼᱟ ᱚᱞᱚᱜᱼᱟ ᱠᱟᱱᱫᱦᱟ ᱨᱮᱭᱟᱜᱼᱟ ᱡᱟᱞᱱᱟ ᱫᱩᱣᱟᱹᱨ ᱡᱷᱤᱡᱼᱟ ᱠᱟᱛᱮᱭ ᱠᱩᱬᱲᱟᱹᱞ ᱡᱤᱨᱟᱹᱩ ᱟᱠᱟᱱ ᱛᱟᱸᱦᱮᱸᱠᱟᱱᱟ।
train_santalimale_02407	wavs/train_santalimale_02407.wav	ᱟᱪᱠᱟ ᱜᱮ ᱥᱟᱤᱠᱤᱞ ᱨᱮᱭᱟᱜᱼᱟ ᱜᱷᱸᱴᱤ ᱟᱧᱡᱚᱢ ᱛᱮ ᱦᱚᱦᱚ ᱵᱮᱨᱮᱫᱼᱟ ᱠᱮᱫᱮ ᱞᱮᱠᱟᱭ ᱟᱹᱤᱠᱟᱹᱩ ᱠᱮᱫᱟ।
train_santalimale_02408	wavs/train_santalimale_02408.wav	ᱟᱨ, ᱟᱹᱰᱤ ᱩᱥᱟᱹᱨᱟᱭ ᱯᱷᱮᱬᱴᱚᱲ ᱚᱲᱚᱠ ᱮᱱᱟ।
train_santalimale_02409	wavs/train_santalimale_02409.wav	ᱚᱲᱚᱠ ᱠᱟᱛᱮᱭ ᱧᱮᱞᱮ ᱠᱟᱱ ᱢᱟ ᱟᱡᱼᱟ ᱨᱮᱱ ᱜᱟᱛᱮ ᱠᱚᱲᱟ ᱥᱤᱛᱟᱹᱨᱟᱢ, ᱠᱷᱚᱵᱚᱨᱠᱟᱜᱚᱡ ᱥᱟᱵᱼᱟ ᱠᱟᱛᱮᱭ ᱛᱮᱝᱜᱚᱣᱟᱠᱟᱱᱟ।
train_santalimale_02410	wavs/train_santalimale_02410.wav	ᱵᱚᱵᱞᱩ ᱫᱚ ᱢᱩᱞᱩᱡᱼᱟ ᱢᱟᱪᱷᱟ ᱞᱟᱱᱫᱟ ᱣᱟᱛᱮᱭ ᱢᱮᱱ ᱠᱮᱫᱟ, ᱦᱮᱞᱚ ᱥᱤᱛᱟᱹᱨᱟᱢ, ᱫᱮ ᱱᱚᱛᱮ ᱜᱮ ᱵᱚᱞᱢᱮ, ᱫᱮᱞᱟ ᱫᱩᱰᱩᱵᱼᱟ ᱡᱤᱨᱟᱹᱜᱼᱟ ᱢᱮ।
train_santalimale_02411	wavs/train_santalimale_02411.wav	ᱥᱤᱛᱟᱹᱨᱟᱢ ᱦᱚᱸ ᱢᱩᱸᱨᱮᱭ ᱪᱤᱦᱤᱸ ᱟᱠᱟᱫᱼᱟ ᱪᱟᱥᱢᱟ ᱵᱚᱡᱼᱟ ᱠᱟᱛᱮᱭ ᱢᱮᱱ ᱠᱮᱫᱟ।
train_santalimale_02412	wavs/train_santalimale_02412.wav	ᱧᱮᱞ ᱠᱟᱛᱮ ᱵᱚᱵᱞᱩ ᱫᱚᱭ ᱢᱮᱱ ᱠᱮᱫᱟ, ᱟᱨ ᱚᱠᱚᱭ ᱠᱚ?
train_santalimale_02413	wavs/train_santalimale_02413.wav	ᱥᱤᱛᱟᱹᱨᱟᱢ ᱫᱚᱭ ᱢᱮᱱ ᱠᱮᱫᱟ, ᱚᱠᱚᱭᱠᱚ ᱫᱚ ᱪᱮᱫᱼᱟ ᱮᱠᱚᱥ ᱧᱮᱞ ᱢᱮ, ᱯᱟᱥᱮᱡᱼᱟ ᱟᱢ ᱨᱮᱱ ᱦᱚᱭᱚᱠᱚᱤᱡᱼᱟ ᱵᱤᱴᱤᱢᱟᱹᱸᱭ ᱦᱚᱸ ᱪᱚ ᱯᱟᱹᱦᱤᱞ ᱫᱟᱨᱡᱟ ᱛᱮ ᱜᱮᱭ ᱯᱟᱥ ᱟᱠᱟᱱᱟ।
train_santalimale_02414	wavs/train_santalimale_02414.wav	ᱵᱩᱞ ᱟᱠᱟᱱᱟᱢ ᱥᱮ ᱪᱮᱫᱼᱟ ᱥᱤᱛᱟᱹᱨᱟᱢ?
train_santalimale_02415	wavs/train_santalimale_02415.wav	ᱟᱪᱷᱟ, ᱟᱢ ᱫᱚ ᱥᱤᱛᱟᱹᱨᱟᱢ? ᱵᱚᱵᱞᱩ ᱫᱚᱭ ᱠᱩᱞᱤᱭᱟᱱᱟ।
train_santalimale_02416	wavs/train_santalimale_02416.wav	ᱥᱤᱛᱟᱹᱨᱟᱢ ᱫᱚᱭ ᱨᱚᱲ ᱨᱩᱣᱟᱹᱲ ᱟᱫᱮᱭᱟ, ᱤᱧ ᱫᱚ ᱠᱚᱯᱟᱞ ᱜᱮ ᱠᱚᱪᱮ ᱮᱱᱚᱛᱤᱧᱟᱹ।
train_santalimale_02417	wavs/train_santalimale_02417.wav	ᱯᱚᱛᱲᱟᱹ ᱠᱷᱚᱨᱚᱪ ᱭᱟ ᱵᱚᱵᱞᱩ, ᱛᱮᱥᱟᱨ ᱫᱟᱨᱡᱟ ᱨᱮᱱ ᱠᱚᱲᱟ ᱠᱟᱹᱱᱟᱹᱧ।
train_santalimale_02418	wavs/train_santalimale_02418.wav	ᱵᱟᱱᱟ ᱦᱚᱲ ᱥᱚᱠᱲᱟᱹᱫᱟᱜᱼᱟ ᱥᱚᱠᱚᱡᱚᱜᱼᱟ ᱞᱮᱠᱟᱠᱤᱱ ᱞᱟᱱᱫᱟ ᱠᱮᱫᱟ।
train_santalimale_02419	wavs/train_santalimale_02419.wav	ᱨᱟᱹᱥᱠᱟᱹ ᱛᱮ ᱵᱩᱞ ᱠᱟᱛᱮ ᱦᱩᱛᱲᱟᱹᱩ ᱵᱟᱲᱟᱹ ᱠᱮᱫᱼᱟᱠᱤᱱ ᱞᱮᱠᱟᱠᱤᱱ ᱵᱩᱡᱷᱟᱹᱩ ᱠᱮᱫᱟ।
train_santalimale_02420	wavs/train_santalimale_02420.wav	ᱮᱱ ᱦᱤᱞᱚᱜᱼᱟ ᱫᱚ ᱰᱮᱢ ᱦᱟᱹᱴᱤᱭᱟᱹ ᱛᱟᱸᱦᱮᱸᱠᱟᱱᱟ।
train_santalimale_02421	wavs/train_santalimale_02421.wav	ᱪᱮᱫᱼᱟ ᱦᱟᱲᱟᱹᱢ, ᱪᱮᱫᱼᱟ ᱵᱩᱰᱦᱤ ᱟᱨ ᱪᱮᱫᱼᱟ ᱠᱩᱲᱤᱠᱚᱲᱟᱹ ᱜᱮ, ᱦᱟᱹᱴᱤᱭᱟᱹ ᱰᱟᱦᱟᱨ ᱫᱚ ᱪᱷᱤᱞᱠᱤᱵᱤᱞᱠᱤ ᱠᱚ ᱥᱟᱨᱮᱲ ᱤᱫᱤᱭᱮᱫᱼᱟ ᱠᱟᱱᱟ।
train_santalimale_02422	wavs/train_santalimale_02422.wav	ᱠᱩᱲᱤᱠᱚ ᱫᱚᱠᱚ ᱜᱟᱞᱢᱟᱨᱟᱣ ᱤᱫᱤᱭᱮᱫᱼᱟ ᱠᱟᱱᱟ, ᱤᱧ ᱫᱚ ᱱᱟ ᱛᱮᱦᱮᱧ ᱫᱚ ᱵᱟᱞᱚᱡ ᱟᱨ ᱯᱚᱬᱰ ᱯᱷᱤᱛᱟᱹᱧ ᱦᱟᱛᱟᱣᱟ।
train_santalimale_02423	wavs/train_santalimale_02423.wav	ᱟᱫᱚᱢ ᱠᱩᱲᱤ ᱫᱚ ᱦᱟᱯᱮ ᱱᱟᱦᱟᱸᱜᱼᱟ ᱮᱱᱛᱮᱫᱚ, ᱩᱱᱤ ᱠᱚᱲᱟᱭ ᱟᱥᱨᱟ ᱟᱠᱟ ᱫᱤᱧᱟᱹ, ᱵᱟᱭ ᱧᱟᱯᱟᱢᱟ ᱞᱮᱱᱠᱷᱟᱱ ᱜᱟᱯᱟ ᱠᱷᱚᱱ ᱜᱮᱧ ᱠᱚᱭᱚᱠᱢᱚᱴᱚᱪ ᱟᱹᱪᱚᱭᱮᱭᱟ।
train_santalimale_02424	wavs/train_santalimale_02424.wav	ᱟᱭᱢᱟ ᱞᱮᱠᱟᱱ ᱨᱚᱲᱞᱟᱱᱫᱟ, ᱨᱚᱲᱞᱟᱱᱫᱟ ᱛᱮ ᱦᱚᱨᱰᱟᱦᱟᱨ ᱫᱚᱠᱚ ᱟᱱᱫᱚᱲ ᱤᱫᱤᱭᱮᱫᱼᱟ ᱠᱟᱱᱟ।
train_santalimale_02425	wavs/train_santalimale_02425.wav	ᱵᱚᱵᱞᱩ ᱟᱨ ᱵᱤᱴᱤᱢᱟᱹᱸᱭ ᱫᱚ ᱦᱟᱹᱴᱤᱭᱟᱹᱵᱟᱡᱟᱨ ᱫᱟᱸᱰᱟᱱ ᱨᱮ ᱵᱟᱠᱤᱱ ᱥᱟᱫᱚᱜᱼᱟᱟ।
train_santalimale_02426	wavs/train_santalimale_02426.wav	ᱩᱱᱚᱠᱤᱱ ᱫᱚ ᱟᱹᱠᱤᱱᱟᱜᱼᱟ ᱠᱢᱤ ᱠᱷᱚᱱ ᱢᱚᱛᱞᱚᱵ ᱟᱨ ᱡᱟᱦᱟᱸᱱ ᱫᱚ ᱪᱮᱫᱼᱟ?
train_santalimale_02427	wavs/train_santalimale_02427.wav	ᱵᱚᱵᱞᱩ ᱫᱚ ᱛᱮᱦᱮᱧ ᱚᱠᱚᱭ ᱤᱭ ᱛᱮ ᱵᱟᱝ ᱪᱮᱫᱼᱟ ᱵᱟᱝ ᱢᱚᱱᱮ ᱟᱠᱟᱫᱼᱟ, ᱧᱮᱞᱢᱮ ᱥᱮ, ᱟᱡᱼᱟ ᱜᱟᱛᱮ ᱨᱟᱭᱥᱮᱱᱟᱜᱼᱟ ᱛᱤᱨᱤᱭᱚ ᱥᱟᱵᱼᱟ ᱠᱟᱛᱮ ᱵᱤᱨᱱᱟᱹ ᱰᱩᱸᱜᱨᱤ ᱥᱮᱡᱼᱟ ᱜᱮᱭ ᱥᱮᱱ ᱤᱫᱤ ᱟᱠᱟᱱᱟ।
train_santalimale_02428	wavs/train_santalimale_02428.wav	ᱵᱤᱴᱤᱢᱟᱹᱸᱭ ᱦᱚᱸ ᱵᱚᱵᱞᱩ ᱛᱤᱨᱤᱭᱚ ᱥᱟᱵᱼᱟ ᱠᱟᱛᱮᱭ ᱪᱟᱞᱟᱜᱼᱟ ᱠᱟᱱ ᱡᱷᱟᱞᱟᱠ ᱛᱮᱫᱼᱟ ᱫᱚᱭ ᱧᱮᱞ ᱜᱚᱫᱼᱟ ᱠᱟᱫᱮ ᱛᱟᱦᱮᱸᱱ ᱜᱮᱭᱟ।
train_santalimale_02429	wavs/train_santalimale_02429.wav	ᱚᱱᱟ ᱤᱭᱟᱹᱛᱮ ᱜᱮ ᱵᱤᱴᱤᱢᱟᱹᱸᱭ ᱦᱚᱸ ᱟᱲᱟᱜᱼᱟ ᱥᱤᱫᱼᱟ ᱢᱮᱱᱛᱮ ᱰᱩᱸᱜᱨᱤ ᱞᱟᱛᱟᱨ ᱡᱷᱟᱨᱱᱟ ᱵᱟᱹᱤᱦᱟᱹᱲ ᱥᱮᱡᱼᱟ ᱜᱮᱭ ᱥᱮᱱ ᱤᱫᱤ ᱟᱠᱟᱱᱟ।
train_santalimale_02430	wavs/train_santalimale_02430.wav	ᱵᱚᱵᱞᱩ ᱫᱚ ᱛᱤᱨᱤᱭᱚ ᱚᱨᱚᱝ ᱫᱚ ᱛᱤᱥ ᱦᱚᱸ ᱵᱟᱲ ᱟᱭᱞᱚᱣᱟᱭᱟ।
train_santalimale_02431	wavs/train_santalimale_02431.wav	ᱮᱱᱛᱮᱫᱼᱟ ᱛᱩᱢᱫᱟᱜᱼᱟ ᱨᱩᱨᱩ ᱟᱨ ᱛᱤᱨᱤᱭᱚ ᱚᱨᱚᱝ ᱨᱮᱱ ᱜᱟᱹᱭᱱᱟᱦᱟ ᱢᱟᱭ ᱵᱟᱝ ᱠᱟᱱ।
train_santalimale_02432	wavs/train_santalimale_02432.wav	ᱢᱮᱱᱠᱷᱟᱱ, ᱛᱮᱦᱮᱧ ᱫᱚ ᱟᱭᱟᱜᱼᱟ ᱢᱚᱱᱮ ᱛᱮ ᱚᱨᱚᱝ ᱪᱮᱫ ᱜᱮᱭ ᱠᱩᱨᱩᱢᱩᱴᱩᱭᱮᱫᱼᱟ ᱠᱟᱱ ᱪᱚ ᱪᱮᱫᱼᱟ ᱪᱚ।
train_santalimale_02433	wavs/train_santalimale_02433.wav	ᱚᱱᱟ ᱛᱮᱜᱮ ᱛᱷᱚ ᱛᱤᱨᱤᱭᱚ ᱥᱟᱵᱼᱟ ᱠᱟᱛᱮ ᱫᱚᱭ ᱢᱚᱦᱚᱬᱰᱟ ᱟᱠᱟᱱᱟ।
train_santalimale_02434	wavs/train_santalimale_02434.wav	ᱩᱱᱤ ᱫᱚ ᱰᱩᱸᱜᱨᱤ ᱞᱟᱛᱟᱨ ᱦᱟᱹᱛᱤ ᱫᱷᱤᱨᱤ ᱪᱮᱛᱟᱱ ᱨᱮ ᱫᱩᱰᱩᱵᱼᱟ ᱡᱤᱨᱟᱹᱩ ᱠᱟᱛᱮ ᱛᱤᱨᱤᱭᱚ ᱫᱚᱭ ᱚᱨᱚᱝ ᱞᱮᱜᱟ ᱠᱮᱫᱟ, ᱢᱮᱱᱠᱷᱟᱱ ᱚᱨᱚᱝ ᱨᱮᱭᱟᱜᱼᱟ ᱟᱲᱟᱹᱝ ᱫᱚ ᱵᱟᱨᱭᱟ ᱡᱩᱟᱹᱱ ᱚᱠᱟᱛᱮ ᱪᱚᱠᱤᱱ ᱪᱟᱞᱟᱜᱼᱟ ᱦᱮᱸ ᱟᱨ ᱵᱟᱝ ᱠᱟᱛᱷᱟᱠᱤᱱ ᱜᱚᱴᱟ ᱠᱟᱱ ᱞᱮᱠᱟ ᱵᱤᱴᱤᱢᱟᱹᱸᱭ ᱫᱚᱭ ᱟᱧᱡᱚᱢ ᱠᱮᱫᱟ।
train_santalimale_02435	wavs/train_santalimale_02435.wav	ᱟᱨ ᱵᱤᱴᱤᱢᱟᱹᱸᱭ ᱫᱚ ᱟᱪᱠᱟ ᱜᱮᱭ ᱫᱷᱟᱠ ᱢᱟᱨᱟᱣᱮᱱᱟ।
train_santalimale_02436	wavs/train_santalimale_02436.wav	ᱪᱮᱫᱼᱟ ᱞᱮᱠᱟᱭ ᱵᱩᱡᱷᱟᱹᱩ ᱠᱮᱫᱟ, ᱟᱹᱠᱤᱱ ᱜᱮ ᱚᱠᱟ ᱛᱮ ᱪᱚᱠᱤᱱ ᱪᱟᱞᱟᱜᱼᱟᱟ ᱱᱟᱦᱟᱸᱜᱼᱟ।
train_santalimale_02437	wavs/train_santalimale_02437.wav	ᱟᱹᱱᱟᱹᱰᱤ ᱛᱤᱨᱤᱭᱚ ᱚᱨᱚᱝ ᱟᱧᱡᱚᱢ ᱛᱮᱭ ᱚᱦᱚᱢᱟ ᱠᱮᱫᱟ ᱡᱮ ᱱᱚᱟ ᱫᱚ ᱵᱚᱵᱞᱩᱣᱟᱜᱼᱟ ᱛᱤᱨᱤᱭᱚ ᱚᱨᱚᱝ ᱦᱮᱣᱟᱜᱼᱟ ᱨᱮᱱᱟᱜᱼᱟ ᱱᱟᱣᱟᱸ ᱟᱲᱟᱹᱝ ᱠᱟᱱᱟ।
train_santalimale_02438	wavs/train_santalimale_02438.wav	ᱵᱤᱴᱤᱢᱟᱹᱸᱭ ᱦᱚᱸ ᱥᱮᱨᱮᱧᱜᱟᱹᱭᱱᱟᱦᱟ ᱫᱚᱭ ᱵᱟᱝ ᱠᱟᱱᱟ।
train_santalimale_02439	wavs/train_santalimale_02439.wav	ᱟᱫᱚ, ᱵᱚᱵᱞᱩ ᱣᱟᱜᱼᱟ ᱚᱨᱚᱝ ᱟᱲᱟᱝ ᱦᱚᱸ ᱟᱡᱼᱟ ᱢᱚᱛᱚ ᱫᱚ ᱪᱮᱫᱟᱜᱼᱟ ᱯᱟᱥᱱᱟᱜᱼᱟᱟ?
train_santalimale_02440	wavs/train_santalimale_02440.wav	ᱵᱤᱴᱤᱢᱟᱹᱸᱭ ᱫᱚ ᱱᱚᱟ ᱥᱮᱨᱮᱧ ᱟᱨ ᱦᱚᱸ ᱥᱮᱨᱮᱧ ᱫᱚᱦᱲᱟᱹ ᱢᱮᱱᱣᱟᱱ ᱛᱟᱸᱦᱮᱸᱱᱟ, ᱢᱮᱱᱠᱷᱟᱱ ᱛᱩᱢᱵᱩᱫᱼᱟ ᱠᱷᱚᱱ ᱟᱪᱠᱟᱭ ᱠᱚᱭᱚᱜᱼᱟ ᱜᱚᱫᱼᱟ ᱠᱮᱫᱼᱟ ᱛᱮ ᱧᱮᱞ ᱠᱮᱫᱮ ᱢᱟᱭ ᱵᱟᱹᱵᱞᱩ ᱢᱟ ᱰᱩᱸᱜᱨᱤ ᱥᱮᱡᱼᱟ ᱠᱷᱚᱱ ᱫᱟᱨᱟᱜᱼᱟᱫᱟᱪᱟᱜᱼᱟᱮ ᱯᱷᱮᱰ ᱦᱤᱡᱩᱜᱼᱟ ᱠᱟᱱ ᱟᱨ ᱡᱚᱡᱚ ᱡᱷᱟᱨᱱᱟ ᱨᱚᱥᱚᱫᱼᱟ ᱰᱟᱦᱟᱨ ᱛᱮᱭ ᱥᱚᱡᱷᱮ ᱴᱷᱤᱠ ᱟᱠᱟᱱᱟ।
train_santalimale_02441	wavs/train_santalimale_02441.wav	ᱵᱤᱴᱤᱢᱟᱹᱸᱭ ᱫᱚ ᱡᱟᱭᱚᱡᱩᱜ ᱢᱤᱫᱼᱟ ᱛᱮ ᱡᱤᱭᱚᱱ ᱵᱤᱛᱟᱹᱩ ᱨᱮᱭᱟᱜᱼᱟ ᱠᱩᱞᱤ ᱜᱚᱴᱟᱭ ᱨᱮᱭᱟᱜᱼᱟ ᱠᱟᱛᱷᱟ ᱛᱟᱸᱦᱮᱸᱠᱟᱱ ᱛᱟᱭᱟ ᱟᱨ ᱟᱡᱼᱟ ᱜᱚᱵᱟᱵᱟᱣᱟᱜᱼᱟ ᱥᱟᱞᱦᱟ ᱦᱚᱸ ᱤᱱᱟᱹ ᱜᱮ।
train_santalimale_02442	wavs/train_santalimale_02442.wav	ᱵᱟᱹᱵᱞᱩ ᱫᱚ ᱟᱪᱠᱟ ᱠᱚ ᱵᱤᱨᱮᱠ ᱜᱟᱹᱰᱤ ᱞᱮᱠᱟ ᱥᱟᱱᱟᱜᱼᱟ ᱢᱮᱱᱛᱮᱭ ᱛᱮᱸᱜᱚᱭᱮᱱᱟ ᱟᱨ ᱵᱟᱹᱤᱵᱟᱹᱤ ᱛᱮᱠᱚ ᱞᱟᱲᱟᱹᱣ ᱜᱟᱹᱰᱤ ᱞᱮᱠᱟ ᱵᱤᱴᱤᱢᱟᱹᱸᱭ ᱥᱮᱡᱼᱟ ᱜᱮ ᱯᱤᱪᱟᱹᱯᱚᱪᱚᱭ ᱯᱷᱮᱰ ᱤᱫᱤᱭᱮᱱᱟ।
train_santalimale_02443	wavs/train_santalimale_02443.wav	ᱟᱫᱚ, ᱧᱟᱯᱟᱢ ᱥᱟᱸᱣ ᱛᱮᱠᱤᱱ ᱛᱟᱯᱟᱢ ᱠᱚᱜᱼᱟ ᱜᱮ ᱪᱚ।
train_santalimale_02444	wavs/train_santalimale_02444.wav	ᱵᱚᱜᱮ ᱥᱮᱨᱢᱟ ᱨᱮ ᱥᱤᱧ ᱪᱟᱸᱫᱚ ᱥᱟᱹᱠᱷᱤ ᱞᱮᱠᱟᱭ ᱛᱟᱸᱦᱮᱸᱠᱟᱱ ᱟᱨ ᱵᱟᱝ ᱠᱷᱟᱱ ᱦᱚᱱᱟᱝ।
train_santalimale_02445	wavs/train_santalimale_02445.wav	ᱟᱨ ᱥᱮᱱ ᱥᱚᱨ ᱠᱟᱛᱮ ᱢᱤᱫᱼᱟ ᱛᱷᱚᱵᱞᱟ ᱡᱚᱵᱟ ᱵᱟᱦᱟ ᱥᱩᱫᱼᱟ ᱨᱮᱭ ᱨᱮᱵᱮᱫᱼᱟ ᱟᱫᱮᱭᱟ ᱟᱨ ᱵᱟᱱᱟᱨ ᱥᱟ ᱡᱚᱦᱟ ᱥᱟᱵᱼᱟ ᱠᱟᱛᱮᱭ ᱪᱚᱜᱼᱟ ᱟᱫᱮᱭᱟ ᱟᱨ ᱫᱩᱞᱟᱹᱲ ᱨᱮᱭᱟᱜᱼᱟ ᱨᱟᱥᱟ ᱛᱮ ᱦᱚᱲᱢᱚ ᱫᱚ ᱨᱟᱵᱨᱟᱵᱟᱭᱮᱱ, ᱛᱟᱹᱠᱤᱱᱟ।
train_santalimale_02446	wavs/train_santalimale_02446.wav	ᱵᱟᱹᱵᱞᱩ ᱫᱚᱭ ᱢᱮᱱ ᱠᱮᱫᱟ, ᱤᱧ ᱞᱟᱹᱜᱤᱫᱼᱟ ᱦᱚᱸ ᱥᱤᱫᱼᱟ ᱵᱟᱸᱲᱛᱤ ᱛᱚᱨᱟᱭ ᱢᱮᱸ, ᱵᱤᱴᱤᱢᱟᱹᱸᱭ! ᱟᱲᱟᱜᱼᱟ ᱩᱛᱩ ᱡᱚᱢ ᱫᱚ ᱱᱟᱸᱦᱟᱸᱜᱼᱟ ᱤᱧ ᱪᱟᱞᱟᱜᱼᱟ ᱜᱮᱭᱟ।
train_santalimale_02447	wavs/train_santalimale_02447.wav	ᱵᱤᱴᱤᱢᱟᱹᱸᱭ ᱫᱚᱭ ᱨᱚᱲ ᱨᱩᱣᱟᱹᱲ ᱠᱮᱫᱟ, ᱟᱲᱟᱜᱼᱟ ᱩᱛᱩ ᱫᱚ ᱪᱮᱫᱼᱟ, ᱡᱮᱞ ᱩᱛᱩ ᱡᱚᱢ ᱢᱮᱱᱢᱮ।
train_santalimale_02448	wavs/train_santalimale_02448.wav	ᱤᱧ ᱫᱚ ᱪᱮᱫᱼᱟ, ᱤᱧ ᱫᱚ ᱟᱢ ᱥᱚᱸᱜᱮ ᱛᱮ ᱱᱚᱟ ᱫᱷᱟᱹᱨᱛᱤ ᱨᱮ ᱛᱟᱸᱦᱮᱸᱱ ᱦᱟᱹᱵᱤᱡᱼᱟ ᱟᱨ ᱱᱚᱟ ᱫᱷᱟᱹᱨᱛᱤ ᱠᱷᱚᱱ ᱵᱤᱫᱟᱹᱜᱼᱟ ᱦᱤᱞᱚᱜᱼᱟ ᱟᱢ ᱥᱟᱸᱣ ᱨᱟᱹᱥᱠᱟᱹ ᱛᱮᱧ ᱯᱟᱸᱡᱟ ᱢᱮᱭᱟ।
train_santalimale_02449	wavs/train_santalimale_02449.wav	ᱱᱚᱟ ᱠᱟᱛᱷᱟ ᱟᱸᱡᱚᱢ ᱠᱟᱛᱮ ᱥᱤᱧ ᱵᱚᱸᱝᱟ ᱫᱚ ᱟᱭᱟᱠᱟ ᱢᱩᱪᱟᱹᱫᱼᱟ ᱰᱟᱦᱟᱨ ᱨᱮ ᱢᱩᱞᱩᱡᱼᱟᱢᱩᱞᱩᱡᱼᱟ ᱮ ᱞᱟᱸᱫᱟ ᱣᱟᱫᱼᱟ ᱠᱤᱱ ᱛᱮᱭ ᱫᱟᱱᱟᱝ ᱤᱫᱤᱭᱮᱱᱟ।
train_santalimale_02450	wavs/train_santalimale_02450.wav	ᱵᱟᱹᱤᱵᱟᱹᱤ ᱛᱮ ᱫᱷᱟᱹᱨᱛᱤ ᱫᱚ ᱧᱩᱛ ᱤᱫᱤᱜᱼᱟ ᱠᱟᱱᱟ ᱟᱨ ᱱᱚᱛᱮ ᱵᱟᱹᱵᱞᱩ ᱟᱨ ᱵᱤᱴᱤᱢᱟᱹᱸᱭ ᱦᱚᱸ ᱛᱤᱛᱤ ᱥᱟᱯᱟᱵᱼᱟ ᱠᱟᱛᱮ ᱚᱲᱟᱜᱼᱟ ᱛᱮᱠᱤᱱ ᱢᱚᱦᱚᱬᱰᱟᱭᱮᱱᱟ।
train_santalimale_02451	wavs/train_santalimale_02451.wav	ᱥᱤᱛᱟᱹᱢ ᱥᱚᱲᱚᱜᱼᱟ ᱠᱤᱱ ᱛᱤᱭᱟᱹᱜᱼᱟ ᱠᱮᱫᱼᱟ ᱠᱷᱟᱱ ᱠᱤᱱ ᱞᱟᱦᱟᱛᱟᱭᱚᱢ ᱮᱱᱟ।
train_santalimale_02452	wavs/train_santalimale_02452.wav	ᱢᱟᱱᱠᱟ ᱯᱩᱠᱷᱨᱤ ᱨᱮᱱᱟᱜᱼᱟ ᱵᱟᱹᱤᱦᱟᱹᱲ ᱛᱮ ᱦᱮᱡᱼᱟ ᱟᱠᱟᱱ ᱰᱟᱸᱲ ᱫᱚᱠᱤᱱ ᱛᱤᱭᱟᱹᱜᱼᱟ ᱠᱮᱫᱟ।
train_santalimale_02453	wavs/train_santalimale_02453.wav	ᱚᱱᱟ ᱰᱟᱸᱲ ᱟᱛᱚ ᱨᱮ ᱢᱮᱱᱟᱜᱼᱟᱟ ᱢᱟᱫᱼᱟ ᱫᱟᱨᱮ।
train_santalimale_02454	wavs/train_santalimale_02454.wav	ᱵᱟᱹᱵᱞᱩ ᱫᱚ ᱰᱟᱸᱲ ᱫᱚᱱ ᱯᱟᱨᱚᱢ ᱥᱟᱸᱣ ᱛᱮᱭ ᱟᱸᱡᱚᱢ ᱠᱮᱫᱟ ᱯᱷᱚᱸ ᱢᱮᱱᱛᱮ।
train_santalimale_02455	wavs/train_santalimale_02455.wav	ᱟᱨ ᱟᱹᱰᱤ ᱜᱟᱨᱛᱮᱭ ᱠᱤᱠᱤᱭᱟᱹᱩ ᱠᱮᱫᱟ, ᱮᱱᱛᱮᱫᱼᱟ ᱪᱮᱞᱮ ᱵᱤᱧ ᱪᱚᱭ ᱜᱮᱨ ᱠᱮᱫᱮᱭᱟ।
train_santalimale_02456	wavs/train_santalimale_02456.wav	ᱵᱤᱴᱤᱢᱟᱹᱸᱭ ᱫᱚᱭ ᱛᱷᱟᱨ ᱵᱟᱥᱟᱣ ᱮᱱᱟ, ᱢᱮᱱᱮᱜᱼᱟ ᱪᱮᱫᱼᱟ ᱩᱯᱟᱹᱤ ᱜᱮ ᱵᱟᱝ ᱥᱩᱡᱷᱟᱹᱣᱟᱭ ᱠᱟᱱᱟ।
train_santalimale_02457	wavs/train_santalimale_02457.wav	ᱦᱟᱭᱦᱟᱭ, ᱱᱚᱟ ᱧᱩᱸᱛ ᱧᱤᱱᱫᱟᱹ ᱨᱮ ᱫᱚ, ᱚᱠᱚᱭᱟᱜᱼᱟ ᱵᱷᱟᱞᱟ ᱪᱮᱫᱼᱟ ᱞᱟᱝ ᱪᱮᱠᱟ ᱠᱮᱫᱟ?
train_santalimale_02458	wavs/train_santalimale_02458.wav	ᱮᱱᱛᱮ ᱦᱚᱸ ᱢᱤᱫᱼᱟ ᱟᱵᱷᱮᱲ ᱫᱚ ᱟᱹᱰᱤ ᱪᱟᱸᱲ ᱠᱤᱱ ᱛᱟᱲᱟᱹᱢ ᱠᱮᱫᱟ, ᱢᱮᱱᱠᱷᱟᱱ ᱱᱤᱛ ᱫᱚ ᱵᱟᱹᱵᱞᱩ ᱣᱟᱜᱼᱟ ᱡᱟᱝᱜᱟ ᱦᱚᱸ ᱵᱟᱝ ᱞᱟᱲᱟᱹᱜᱼᱟ ᱠᱟᱱ ᱛᱟᱭᱟ।
train_santalimale_02459	wavs/train_santalimale_02459.wav	ᱪᱮᱫᱼᱟ ᱩᱯᱟᱹᱤ? ᱵᱟᱹᱜᱤᱭᱟᱭ ᱠᱟᱱ ᱛᱮ ᱦᱚᱸ ᱫᱟᱭᱟ ᱜᱮ ᱵᱟᱭ ᱵᱟᱹᱜᱤᱭᱟᱭ ᱠᱟᱱ ᱛᱮ ᱦᱚᱸ ᱵᱷᱟᱵᱱᱟ ᱜᱮ।
train_santalimale_02460	wavs/train_santalimale_02460.wav	ᱞᱚᱫᱚ ᱦᱟᱲᱟᱹᱢᱟᱜᱼᱟ ᱡᱩᱨᱤ ᱛᱮ ᱠᱟᱹᱰᱞᱟᱹᱜᱼᱟ ᱢᱟᱛᱠᱚᱢ ᱡᱩᱨᱤ ᱛᱮ ᱞᱟᱣᱮᱨ ᱟᱠᱟᱱ ᱲᱟᱹᱨ ᱞᱟᱛᱟᱨ ᱨᱮ ᱫᱩᱰᱩᱵᱼᱟ ᱮᱱᱟᱭ ᱵᱟᱹᱵᱞᱩ ᱫᱚ।
train_santalimale_02461	wavs/train_santalimale_02461.wav	ᱧᱤᱱᱫᱟᱹ ᱨᱟᱹᱱᱤ ᱦᱚᱸ ᱫᱟᱭᱟ ᱧᱮᱞᱛᱮ ᱩᱥᱟᱹᱨᱟ ᱛᱮ ᱟᱭᱟᱜᱼᱟ ᱜᱮᱥ ᱵᱟᱹᱛᱤ ᱡᱮᱨᱮᱫᱼᱟ ᱠᱟᱛᱮᱭ ᱢᱟᱨᱥᱟᱞᱟᱫᱼᱟ ᱠᱤᱱᱟᱹ।
train_santalimale_02462	wavs/train_santalimale_02462.wav	ᱱᱚᱛᱮ ᱵᱟᱹᱵᱞᱩᱣᱟᱜᱼᱟ ᱨᱚᱲ ᱫᱚ ᱵᱟᱹᱤᱵᱟᱹᱤ ᱛᱮ ᱱᱮᱢᱵᱨᱚᱛ ᱤᱫᱤᱜᱼᱟ ᱠᱟᱱ ᱛᱟᱭᱟ।
train_santalimale_02463	wavs/train_santalimale_02463.wav	ᱱᱟᱥᱮᱱᱟᱥᱮ ᱟᱲᱟᱝ ᱛᱮ ᱵᱤᱴᱤᱢᱟᱹᱸᱭ ᱮ ᱢᱮᱛᱟᱭ ᱠᱟᱱᱟ, ᱵᱤᱴᱤ, ᱤᱧ ᱫᱚ ᱱᱚᱟ ᱫᱷᱟᱹᱨᱛᱤ ᱨᱮ ᱟᱨ ᱫᱚ ᱛᱤᱥ ᱦᱚᱸ ᱵᱟᱹᱧ ᱛᱟᱸᱦᱮᱸᱱᱟ।
train_santalimale_02464	wavs/train_santalimale_02464.wav	ᱤᱠᱟᱹ ᱠᱟᱹᱧ ᱢᱮᱸ ᱟᱨ ᱨᱟᱹᱥᱠᱟᱹᱨᱟᱹᱥᱠᱟᱹ ᱚᱲᱟᱜᱼᱟ ᱛᱮ ᱥᱮᱱ ᱡᱚᱝᱢᱮ।
train_santalimale_02465	wavs/train_santalimale_02465.wav	ᱵᱤᱴᱤᱢᱟᱹᱸᱭ ᱫᱚᱭ ᱨᱚᱲ ᱨᱩᱣᱟᱹᱲ ᱠᱮᱫᱟ, ᱚᱱᱠᱟ ᱫᱚ ᱛᱤᱱ ᱨᱮ ᱦᱚᱸ ᱵᱟᱝ ᱦᱩᱭ ᱫᱟᱲᱮᱹᱭᱟᱜᱼᱟᱟ।
train_santalimale_02466	wavs/train_santalimale_02466.wav	ᱤᱧᱫᱚ ᱤᱧᱟᱹᱜᱼᱟ ᱵᱷᱩᱞ ᱛᱮ ᱟᱹᱰᱤ ᱜᱮᱧ ᱡᱚᱠᱷᱚᱢ ᱚᱪᱚ ᱠᱮᱫᱼᱟ ᱢᱮᱭᱟ।
train_santalimale_02467	wavs/train_santalimale_02467.wav	ᱤᱧ ᱦᱚᱸ ᱟᱢ ᱥᱟᱸᱣ ᱛᱮ ᱤᱫᱤ ᱛᱚᱨᱟᱧ ᱢᱮ, ᱮᱱᱛᱮ ᱫᱚ ᱱᱚᱟ ᱤᱧᱟᱹᱜᱼᱟ ᱦᱚᱲᱢᱚ ᱫᱚ ᱟᱢᱟᱜᱼᱟ ᱠᱟᱱᱟ, ᱫᱷᱚᱨᱚᱢ ᱨᱮᱱᱟᱜᱼᱟ ᱟᱢᱟᱜᱼᱟ ᱠᱟᱱ ᱜᱮᱭᱟ।
train_santalimale_02468	wavs/train_santalimale_02468.wav	ᱛᱚᱵᱮ ᱛᱮ ᱜᱮ ᱵᱟᱝ ᱥᱟᱹᱨᱤ ᱫᱩᱞᱟᱹᱲ ᱨᱮᱭᱟᱜᱼᱟ ᱡᱚᱵᱟ ᱵᱟᱦᱟ ᱥᱩᱫᱼᱟ ᱨᱮ ᱫᱚᱢ ᱨᱮᱵᱮᱫᱼᱟ ᱟᱫᱤᱧᱟ?
train_santalimale_02469	wavs/train_santalimale_02469.wav	ᱪᱮᱫᱼᱟ ᱛᱚᱵᱮ, ᱚᱱᱟ ᱛᱮ ᱜᱮᱢ ᱡᱚᱵᱟᱵ ᱟᱧ ᱠᱟᱱᱟ ᱛᱮᱦᱮᱧ ᱫᱚ?
train_santalimale_02470	wavs/train_santalimale_02470.wav	ᱢᱮᱛᱟᱜᱼᱟᱢᱮ, ᱱᱚᱟ ᱦᱚᱲᱢᱚ, ᱥᱟᱡ ᱠᱮᱫᱟᱢ ᱟᱵᱷᱨᱟᱱ ᱠᱮᱫᱟᱢ, ᱪᱚᱜᱼᱟ ᱟᱫᱟᱢ ᱪᱮᱯᱮᱡᱼᱟ ᱠᱮᱫᱟᱢ, ᱨᱟᱹᱥᱠᱟᱹ ᱥᱟᱞᱟᱜᱼᱟ ᱮᱢ ᱪᱮᱨᱮᱡᱼᱟ ᱟᱱᱟ।
train_santalimale_02471	wavs/train_santalimale_02471.wav	ᱥᱟᱱᱟᱢ ᱞᱮᱠᱟᱢ ᱮᱦᱮᱬᱰᱚᱜᱩᱦᱮᱬᱰ ᱠᱮᱫᱟ।
train_santalimale_02472	wavs/train_santalimale_02472.wav	ᱟᱫᱚ, ᱚᱠᱚᱭ ᱞᱟᱹᱜᱤᱫᱼᱟ ᱮᱢ ᱵᱟᱹᱜᱤ ᱚᱴᱚᱣᱟᱜᱼᱟᱟ?
train_santalimale_02473	wavs/train_santalimale_02473.wav	ᱟᱨ, ᱤᱧ ᱦᱚᱸ ᱱᱚᱟ ᱦᱚᱲᱢᱚᱡᱤᱣᱤ ᱟᱢ ᱵᱮᱜᱚᱨ ᱛᱮ ᱨᱤᱯᱤᱫᱼᱟ ᱵᱷᱚᱨ ᱦᱚᱸ ᱚᱦᱚᱧ ᱫᱚᱦᱚ ᱫᱟᱲᱮᱹ ᱞᱮᱭᱟ, ᱮᱱᱛᱮ ᱥᱟᱹᱨᱤᱭᱟᱜᱼᱟ ᱠᱟᱱ ᱠᱷᱟᱱ ᱫᱷᱚᱨᱚᱢ ᱨᱮᱭᱟᱜᱼᱟ ᱠᱟᱱᱟ ᱟᱨ ᱫᱷᱚᱨᱚᱢ ᱠᱟᱱ ᱠᱷᱟᱱ ᱥᱟᱹᱨᱤᱭᱟᱜᱼᱟ ᱠᱟᱱᱟ।
train_santalimale_02474	wavs/train_santalimale_02474.wav	ᱚᱠᱟ ᱠᱟᱛᱷᱟᱢ ᱨᱚᱲ ᱟᱠᱟᱫᱼᱟ ᱟᱨᱮᱢ ᱜᱚᱜᱼᱟ ᱟᱠᱟᱫᱼᱟ, ᱫᱤᱥᱟᱹᱭᱮᱫᱟᱢ?
train_santalimale_02475	wavs/train_santalimale_02475.wav	ᱢᱮᱱᱠᱷᱟᱱ, ᱱᱚᱬᱰᱮ ᱱᱤᱛ ᱚᱠᱚᱭ ᱦᱚᱸ ᱵᱟᱹᱱᱩᱠᱠᱚᱟ।
train_santalimale_02476	wavs/train_santalimale_02476.wav	ᱮᱠᱮᱱ ᱢᱤᱫᱼᱟ ᱴᱮᱱ ᱥᱮᱨᱢᱟ ᱨᱮᱱ ᱧᱤᱱᱫᱟᱹ ᱨᱟᱹᱱᱤ ᱥᱟᱹᱠᱷᱤ ᱢᱮᱱᱟᱭᱟ।
train_santalimale_02477	wavs/train_santalimale_02477.wav	ᱟᱨ, ᱥᱮᱨᱢᱟ ᱰᱟᱦᱟᱨ ᱦᱚᱸ ᱥᱟᱯᱷᱟ ᱢᱟᱨᱥᱟᱞ ᱜᱮᱭᱟ ᱟᱨᱤᱧ ᱯᱟᱸᱧᱟᱢᱮᱜᱮᱭᱟ।
train_santalimale_02478	wavs/train_santalimale_02478.wav	ᱡᱩᱫᱤ ᱵᱟᱢ ᱯᱟᱹᱛᱤᱭᱟᱹᱩᱜᱼᱟ ᱠᱟᱱᱟ ᱢᱮᱱᱠᱷᱟᱱ ᱦᱟᱹᱱᱤ ᱥᱮᱨᱢᱟ ᱨᱮ ᱧᱤᱱᱫᱟᱹ ᱪᱟᱸᱫᱚ ᱵᱮᱸᱜᱮᱫᱼᱟ ᱟᱭᱢᱮ ᱟᱨ ᱱᱚᱟ ᱫᱷᱚᱨᱚᱢ ᱨᱮᱭᱟᱜᱼᱟ ᱢᱟᱫᱼᱟ ᱠᱷᱚᱞ ᱛᱤᱨᱤᱭᱚ ᱩᱴᱤ ᱨᱮᱧ ᱠᱤᱨᱤᱭᱟᱹᱜᱼᱟ ᱠᱟᱱᱟ।
train_santalimale_02479	wavs/train_santalimale_02479.wav	ᱵᱤᱴᱤᱢᱟᱹᱸᱭ ᱫᱚ ᱚᱱᱟ ᱛᱤᱨᱤᱭᱚ ᱥᱟᱵᱼᱟ ᱨᱟᱠᱟᱵᱼᱟ ᱠᱟᱛᱮ ᱪᱟᱸᱫᱚ ᱵᱟᱵᱟ ᱥᱟᱨᱦᱟᱣᱮ ᱛᱩᱞᱩᱡᱼᱟ ᱤᱥᱚᱨᱟᱜᱼᱟ ᱧᱩᱛᱩᱢ ᱥᱚᱱᱚᱛᱚᱜᱼᱟ ᱢᱟ ᱢᱮᱱ ᱠᱟᱛᱮ ᱟᱭᱟᱜᱼᱟ ᱪᱟᱸᱫᱤ ᱨᱮ ᱡᱟᱜᱼᱟ ᱠᱟᱛᱮᱭ ᱡᱚᱦᱟᱨ ᱟᱫᱟ।
train_santalimale_02480	wavs/train_santalimale_02480.wav	ᱱᱚᱟ ᱟᱲᱟᱝ ᱟᱸᱡᱚᱢ ᱢᱩᱪᱟᱹᱫᱼᱟ ᱥᱟᱸᱣ ᱛᱮ ᱵᱟᱹᱵᱞᱩ ᱫᱚ ᱦᱟᱹᱨᱤᱭᱟᱹᱲ ᱜᱮᱭ ᱩᱞᱴᱤ ᱠᱮᱫᱟ ᱟᱨ ᱦᱚᱴᱚᱜᱼᱟ ᱫᱚ ᱞᱟᱛᱣᱟᱜᱼᱟ ᱮᱱ ᱛᱟᱭ ᱛᱮ ᱦᱚᱲᱢᱚ ᱥᱚᱢᱮᱛᱮ ᱟᱲᱟᱜᱼᱟ ᱜᱤᱰᱤ ᱠᱮᱫᱟ।
train_santalimale_02481	wavs/train_santalimale_02481.wav	ᱱᱚᱝᱠᱟ ᱧᱮᱞᱛᱮ ᱵᱤᱴᱤᱢᱟᱹᱸᱭ ᱦᱚᱸ ᱡᱩᱨᱤ ᱛᱮ ᱠᱟᱹᱰᱞᱟᱹᱜᱼᱟ ᱢᱟᱛᱠᱚᱢ ᱲᱟᱹᱨ ᱨᱮ ᱟᱭᱟᱜᱼᱟ ᱥᱟᱹᱲᱤ ᱨᱮᱭᱟᱜᱼᱟ ᱯᱟᱹᱥᱤ ᱵᱮᱱᱟᱣ ᱠᱟᱛᱮᱭ ᱟᱠᱟ ᱠᱮᱫᱟ।
train_santalimale_02482	wavs/train_santalimale_02482.wav	ᱤᱥᱚᱨ ᱵᱟᱵᱟᱣᱟᱜᱼᱟ ᱧᱩᱛᱩᱢ ᱥᱚᱱᱚᱛᱚᱜᱼᱟ ᱢᱟ ᱢᱮᱱ ᱠᱟᱛᱮ ᱟᱭᱟᱜᱼᱟ ᱦᱚᱴᱚᱜᱼᱟ ᱨᱮ ᱯᱟᱹᱥᱤᱭᱮ ᱦᱩᱨᱟᱹᱲ ᱠᱮᱫᱟ, ᱢᱮᱱᱠᱷᱟᱱ ᱱᱤᱛ ᱚᱬᱰᱮ ᱫᱚ ᱮᱠᱮᱱ ᱟᱹᱠᱤᱱᱟᱜᱼᱟ ᱥᱟᱡ ᱛᱮᱫᱼᱟ ᱠᱤᱱ ᱵᱟᱹᱜᱤ ᱚᱴᱚᱣᱟᱫᱟ।
train_santalimale_02483	wavs/train_santalimale_02483.wav	ᱟᱹᱠᱤᱱ ᱫᱚ ᱥᱮᱨᱢᱟ ᱯᱩᱨᱤ ᱛᱮ ᱠᱤᱨᱤᱭᱟᱹ ᱵᱚᱸᱝᱟᱜᱟᱣᱟᱜᱼᱟ ᱡᱤᱭᱚᱱ ᱨᱮᱭᱟᱜᱼᱟ ᱨᱟᱸᱛ ᱜᱟᱹᱰᱤ ᱞᱟᱜᱼᱟᱜᱟ ᱨᱟᱜᱼᱟᱠᱟᱵᱼᱟ ᱠᱤᱱ ᱢᱚᱦᱚᱬᱰᱟᱭᱮᱱᱟ।
train_santalimale_02484	wavs/train_santalimale_02484.wav	ᱨᱟᱢᱥᱟᱹᱤ ᱫᱚ ᱮᱸᱜᱟᱛᱚᱟᱯᱟᱛ ᱨᱮᱱ ᱮᱠᱟᱯᱩᱛᱚᱮ ᱛᱟᱸᱦᱮᱸᱠᱟᱱ ᱛᱮ ᱡᱩᱢᱤ ᱵᱟᱝ ᱦᱟᱹᱴᱤᱧ ᱞᱮᱱ ᱛᱟᱭᱟ ᱟᱨ ᱮᱸᱜᱟᱛᱚᱟᱯᱟᱛ ᱵᱮᱸᱰᱟᱣ ᱛᱟᱭᱱᱚᱢ ᱯᱪᱟᱥ ᱵᱤᱜᱷᱟ ᱡᱟᱭᱜᱟ ᱨᱮᱱ ᱢᱟᱹᱞᱤᱠᱚᱮ ᱦᱩᱭ ᱮᱱᱟ।
train_santalimale_02485	wavs/train_santalimale_02485.wav	ᱟᱴᱟᱞᱠᱚᱴᱚᱞ ᱚᱲᱟᱜᱼᱟᱫᱩᱣᱟᱹᱨ, ᱜᱚᱲᱟᱯᱮᱨᱮᱡᱼᱟ ᱢᱤᱸᱦᱩᱢᱮᱨᱚᱢ ᱟᱨ ᱟᱥᱮᱪᱛᱟᱥᱮᱡᱼᱟ ᱚᱱᱫᱷᱚᱱ ᱛᱟᱸᱦᱮᱸᱠᱟᱱ ᱛᱮ ᱨᱟᱢᱥᱟᱹᱤ ᱯᱟᱲᱦᱟᱣ ᱚᱪᱚᱭᱮ ᱫᱚ ᱜᱚᱵᱟᱵᱟ ᱵᱟᱝ ᱠᱤᱱ ᱜᱚᱨᱚᱡ ᱞᱮᱱᱟ।
train_santalimale_02486	wavs/train_santalimale_02486.wav	ᱮᱱᱛᱮᱫᱼᱟ ᱱᱩᱠᱨᱤᱪᱟᱹᱠᱨᱤ ᱨᱮᱭᱟᱜᱼᱟ ᱡᱟᱸᱦᱟᱸᱱ ᱡᱟᱹᱨᱩᱲ ᱜᱮ ᱵᱟᱝ ᱛᱟᱸᱦᱮᱸᱠᱟᱱᱟ।
train_santalimale_02487	wavs/train_santalimale_02487.wav	ᱢᱤᱫᱼᱟ ᱴᱮᱡᱼᱟ ᱦᱚᱯᱚᱱ ᱯᱪᱟᱥ ᱵᱤᱜᱷᱟᱹ ᱡᱟᱭᱜᱟ ᱨᱮ ᱟᱹᱰᱤ ᱵᱮᱥ ᱛᱮᱭ ᱯᱟᱥᱠᱟᱟᱹᱥᱩᱞ ᱫᱟᱲᱮᱹᱭᱟᱜᱼᱟᱟ।
train_santalimale_02488	wavs/train_santalimale_02488.wav	ᱚᱠᱛᱮ ᱱᱟᱹᱯᱤᱛ ᱨᱮ ᱜᱚᱵᱟᱵᱟ ᱫᱚ ᱠᱩᱸᱠᱟᱹᱞ ᱵᱷᱟᱡᱟᱱ ᱞᱮᱠᱟ ᱵᱟᱪᱷᱟᱣ ᱠᱟᱛᱮ ᱵᱟᱹᱦᱩ ᱠᱤᱱ ᱵᱟᱪᱷᱟᱣ ᱟᱫᱮ ᱛᱟᱸᱦᱮᱸᱠᱟᱱᱟ।
train_santalimale_02489	wavs/train_santalimale_02489.wav	ᱱᱟᱸᱣᱟᱸ ᱵᱟᱹᱦᱩ ᱠᱚ ᱧᱮᱞ ᱞᱮᱫᱮ ᱡᱚᱠᱷᱟᱱ ᱟᱛᱚ ᱦᱚᱲ ᱠᱚ ᱴᱷᱟᱠ ᱩᱛᱟᱹᱨ ᱞᱮᱱᱟ।
train_santalimale_02490	wavs/train_santalimale_02490.wav	ᱱᱚᱝᱠᱟ ᱨᱩᱯᱨᱚᱝᱟᱱ ᱵᱟᱹᱦᱩ ᱱᱚᱟ ᱟᱛᱚ ᱛᱮ ᱵᱟᱝ ᱠᱚ ᱵᱚᱞᱚ ᱟᱠᱟᱱ ᱛᱟᱸᱦᱮᱠᱟᱱᱟ।
train_santalimale_02491	wavs/train_santalimale_02491.wav	ᱨᱟᱢᱥᱟᱹᱤ ᱟᱜᱼᱟ ᱵᱷᱟᱹᱜ ᱟᱨ ᱜᱚᱵᱟᱵᱟᱣᱟᱜᱼᱟ ᱵᱷᱟᱜᱮ ᱛᱚᱡᱵᱤᱡ ᱠᱚ ᱥᱟᱨᱦᱟᱣ ᱞᱮᱫᱟ।
train_santalimale_02492	wavs/train_santalimale_02492.wav	ᱚᱲᱟᱜᱼᱟ ᱦᱚᱲ ᱞᱩᱠᱷᱤ, ᱡᱮ ᱞᱮᱠᱟ ᱨᱩᱯ, ᱚᱱᱠᱟ ᱜᱮ ᱜᱩᱬ ᱦᱚᱸ ᱛᱟᱭ।
train_santalimale_02493	wavs/train_santalimale_02493.wav	ᱟᱹᱰᱤ ᱱᱟᱯᱟᱭ ᱛᱮ ᱚᱲᱟᱠᱚᱫᱩᱣᱟᱹᱨᱚᱮ ᱡᱤᱜᱟᱹᱥ ᱠᱮᱫᱟ।
train_santalimale_02494	wavs/train_santalimale_02494.wav	ᱥᱤᱢᱨᱟᱜᱼᱟ ᱧᱤᱱᱫᱟᱹ ᱠᱷᱚᱱ ᱠᱷᱟᱴᱟᱣ ᱠᱟᱛᱮ ᱪᱟᱥᱵᱟᱥ ᱥᱟᱢᱵᱲᱟᱹᱣ ᱠᱮᱫᱟ।
train_santalimale_02495	wavs/train_santalimale_02495.wav	ᱥᱟᱹᱨᱤ ᱜᱮ ᱜᱷᱤᱨᱱᱤᱭ ᱜᱤᱨᱟᱹᱵᱟᱹᱥᱤ ᱞᱮᱱ ᱠᱷᱟᱱ ᱦᱚᱲ ᱫᱚᱭ ᱥᱟᱹᱵᱟᱹᱥᱤᱜᱼᱟᱟ ᱟᱨ ᱜᱷᱤᱨᱱᱤᱭ ᱧᱤᱨᱟᱹᱵᱟᱹᱥᱤ ᱞᱮᱱᱠᱷᱟᱱ ᱦᱚᱲ ᱫᱚᱭ ᱵᱟᱵᱟᱡᱤᱜᱼᱟᱟ।
train_santalimale_02496	wavs/train_santalimale_02496.wav	ᱡᱚᱢᱚᱧᱩᱸ ᱨᱮᱭᱟᱜᱼᱟ ᱚᱠᱩᱞᱟᱹᱱ ᱵᱟᱝ ᱛᱟᱸᱦᱮᱸᱠᱟᱱ ᱛᱮ, ᱜᱤᱫᱟᱹᱨᱚᱯᱤᱫᱟᱹᱨ ᱦᱮᱥᱮᱪᱥᱮᱠᱨᱮᱡᱼᱟ ᱠᱚ ᱡᱚᱢᱚᱧᱩᱸ ᱭᱮᱫᱼᱟ ᱛᱟᱸᱦᱮᱸᱠᱟᱱᱟ।
train_santalimale_02497	wavs/train_santalimale_02497.wav	ᱨᱟᱢᱥᱟᱹᱤ ᱟᱜᱼᱟ ᱵᱤᱪᱟᱹᱨ, ᱟᱯᱟᱛᱜᱚᱲᱚᱢᱟᱜᱼᱟ ᱠᱷᱚᱱ ᱡᱩᱫᱟᱹ ᱜᱮ ᱛᱟᱸᱦᱮᱸᱠᱟᱱᱟ।
train_santalimale_02498	wavs/train_santalimale_02498.wav	ᱡᱩᱜ ᱞᱮᱠᱟᱛᱮ ᱚᱞᱚᱠᱯᱟᱲᱦᱟᱣ ᱫᱚ ᱡᱟᱹᱨᱩᱲ ᱜᱮᱭ ᱢᱮᱛᱟᱜᱼᱟ ᱠᱟᱱ ᱛᱟᱸᱦᱮᱸᱠᱟᱱᱟ।
train_santalimale_02499	wavs/train_santalimale_02499.wav	ᱵᱟᱵᱟ ᱵᱤᱫᱟᱹᱞ ᱠᱷᱚᱱ ᱜᱮ ᱚᱲᱟᱜᱼᱟ ᱨᱮᱭᱟᱜᱼᱟ ᱵᱷᱟᱜᱮ ᱚᱵᱚᱥᱛᱟ ᱫᱚᱭ ᱧᱮᱞ ᱟᱹᱜᱩ ᱟᱠᱟᱫᱼᱟ ᱛᱟᱸᱦᱮᱸᱠᱟᱱ ᱜᱮᱭᱟ।
train_santalimale_02500	wavs/train_santalimale_02500.wav	ᱢᱮᱱᱠᱷᱟᱱ, ᱫᱷᱚᱱᱚᱫᱩᱨᱤᱵ ᱛᱟᱸᱦᱮᱸᱱ ᱛᱩᱞᱩᱡᱼᱟ ᱦᱚᱸ ᱯᱩᱨᱩᱱ ᱫᱚ ᱵᱟᱭ ᱵᱩᱡᱷᱟᱹᱣᱮᱫᱼᱟ ᱛᱟᱸᱦᱮᱸᱠᱟᱱᱟ।
train_santalimale_02501	wavs/train_santalimale_02501.wav	ᱮᱱᱛᱮᱫᱼᱟ ᱵᱟᱝ ᱮ ᱚᱞᱚᱠᱯᱟᱲᱦᱟᱣ ᱞᱮᱱ ᱛᱮ, ᱡᱩᱢᱤᱡᱟᱭᱜᱟ ᱨᱮᱭᱟᱜᱼᱟ ᱱᱟᱠᱥᱟ ᱯᱟᱨᱪᱟ ᱧᱮᱞ ᱚᱪᱚᱭ ᱞᱟᱹᱜᱤᱫᱼᱟ ᱦᱚᱸ ᱮᱴᱟᱜᱼᱟ ᱦᱚᱲ ᱜᱚᱦᱱᱟᱣ ᱦᱩᱭᱩᱜᱼᱟ ᱠᱟᱱ ᱛᱟᱭᱟ।
train_santalimale_02502	wavs/train_santalimale_02502.wav	ᱟᱨ ᱦᱚᱸᱭ ᱦᱩᱫᱤᱥᱚᱜᱩᱱᱟᱹᱱᱟ ᱡᱩᱫᱤ ᱡᱚᱢᱚᱧᱩᱸ ᱠᱩᱞᱟᱹᱣᱚᱜᱼᱟ ᱦᱚᱲ ᱜᱮ ᱜᱤᱫᱟᱹᱨᱚᱯᱤᱫᱟᱹᱨ ᱵᱟᱢ ᱯᱟᱲᱦᱟᱣ ᱚᱪᱚ ᱫᱟᱲᱮᱹ ᱣᱟᱭᱟ।
train_santalimale_02503	wavs/train_santalimale_02503.wav	ᱚᱞᱚᱠᱯᱟᱲᱦᱟᱣ ᱦᱚᱲ ᱫᱚ ᱥᱚᱢᱟᱡ ᱨᱮ ᱟᱨ ᱥᱟᱦᱮᱵᱚᱥᱩᱵᱟᱹ ᱥᱟᱢᱟᱝ ᱨᱮ ᱢᱟᱱᱚᱛ ᱠᱚ ᱧᱟᱢᱟ।
train_santalimale_02504	wavs/train_santalimale_02504.wav	ᱡᱩᱫᱤ ᱠᱤᱥᱟᱹᱸᱰ ᱦᱚᱲ ᱚᱞᱚᱜᱼᱟ ᱯᱟᱲᱦᱟᱣᱤᱡᱼᱟᱮ ᱛᱟᱸᱦᱮᱸᱱ ᱠᱷᱟᱱ, ᱢᱮᱛᱟᱜᱼᱟ ᱢᱮᱸ ᱜᱮᱭᱟᱱ ᱟᱨ ᱫᱷᱚᱱ ᱵᱟᱱᱟᱨ ᱜᱮ ᱛᱟᱦᱮᱸᱱ ᱠᱷᱟᱱ, ᱛᱚᱵᱮ ᱢᱟ ᱥᱚᱱᱟ ᱨᱮ ᱥᱚᱸᱫᱷᱟᱲ ᱥᱚ ᱵᱟᱨᱟᱜ ᱜᱮ।
train_santalimale_02505	wavs/train_santalimale_02505.wav	ᱨᱟᱢᱥᱟᱹᱤ ᱫᱚ ᱟᱡᱼᱟ ᱨᱮᱱ ᱠᱚᱲᱟᱹ ᱦᱚᱯᱚᱱ ᱥᱟᱢᱞᱟᱞ ᱠᱩᱨᱩᱢᱩᱴᱩ ᱠᱟᱛᱮᱭ ᱯᱟᱲᱦᱟᱣ ᱚᱪᱚ ᱭᱮᱫᱮ ᱛᱟᱸᱦᱮᱸᱠᱟᱱᱟ।
train_santalimale_02506	wavs/train_santalimale_02506.wav	ᱢᱮᱱᱠᱷᱟᱱ, ᱠᱩᱲᱤ ᱜᱤᱫᱨᱟᱹ ᱯᱟᱲᱦᱟᱣ ᱚᱪᱚ ᱠᱚ ᱫᱚ ᱵᱚᱜᱮ ᱵᱟᱭ ᱢᱮᱛᱟᱜᱼᱟ ᱠᱟᱱ ᱛᱟᱸᱦᱮᱸᱠᱟᱱᱟ।
train_santalimale_02507	wavs/train_santalimale_02507.wav	ᱚᱱᱟᱛᱮ ᱠᱩᱲᱤ ᱜᱤᱫᱨᱟᱹ ᱯᱟᱠᱩ ᱫᱚ ᱴᱷᱤᱞᱤ ᱫᱟᱜᱼᱟ ᱩᱢᱟᱹᱨ ᱨᱮ ᱜᱮᱭ ᱴᱷᱟᱸᱣ ᱠᱟᱫᱮᱭᱟ।
train_santalimale_02508	wavs/train_santalimale_02508.wav	ᱥᱟᱢᱞᱟᱞ ᱠᱤᱥᱟᱹᱸᱰ ᱚᱲᱟᱜᱼᱟ ᱨᱮᱱ ᱮᱠᱟᱯᱩᱛ ᱮ ᱛᱟᱸᱦᱮᱸᱠᱟᱱ ᱛᱮ ᱡᱟᱸᱦᱟᱸᱱᱟᱜᱼᱟ ᱜᱮᱭ ᱠᱷᱚᱡ ᱚᱱᱟ ᱜᱮ ᱠᱚ ᱠᱤᱨᱤᱧᱟᱭᱟ।
train_santalimale_02509	wavs/train_santalimale_02509.wav	ᱦᱟᱤ ᱤᱥᱚᱠᱩᱞ ᱨᱮ ᱵᱷᱟᱹᱨᱛᱤ ᱛᱚᱨᱟ ᱱᱟᱸᱣᱟᱸ ᱦᱤᱨᱚ ᱥᱟᱤᱠᱤᱞ ᱮ ᱠᱤᱨᱤᱧ ᱟᱫᱮᱭᱟ।
train_santalimale_02510	wavs/train_santalimale_02510.wav	ᱥᱟᱢᱞᱟᱞ ᱚᱞᱚᱠ ᱯᱟᱲᱦᱟᱣ ᱥᱮᱡᱼᱟ ᱩᱱᱟᱜᱼᱟ ᱫᱚ ᱵᱟᱭ ᱢᱚᱱᱮᱭᱟ ᱛᱤᱱᱟᱹᱜᱼᱟ ᱫᱚ ᱡᱤᱴᱡᱟᱴ ᱥᱮᱪ।
train_santalimale_02511	wavs/train_santalimale_02511.wav	ᱚᱱᱮ ᱠᱚ ᱢᱮᱱ ᱥᱤᱠ ᱠᱷᱚᱨᱚᱪ ᱦᱚᱲ ᱢᱟ ᱜᱚᱨᱚᱡ ᱵᱟᱝ ᱟᱨ ᱜᱚᱨᱚᱡ ᱦᱚᱲ ᱢᱟ ᱠᱷᱚᱨᱚᱪ ᱵᱟᱝ।
train_santalimale_02512	wavs/train_santalimale_02512.wav	ᱤᱥᱚᱠᱩᱞ ᱫᱚᱭ ᱪᱟᱹᱞᱟᱜᱼᱟ ᱜᱮᱭᱟ, ᱢᱮᱱᱠᱷᱟᱱ, ᱚᱱᱠᱟ ᱜᱮ ᱡᱮ ᱞᱮᱠᱟ ᱜᱤᱫᱨᱟᱹ ᱟᱛᱨᱩᱧ ᱠᱟᱛᱮ ᱡᱚᱬᱰᱨᱟ ᱫᱟᱠᱟ ᱠᱚ ᱡᱚᱢ ᱥᱮ ᱜᱷᱩᱥᱡᱚᱢ ᱦᱮᱣᱟ ᱥᱚᱨᱠᱟᱨᱤ ᱠᱚᱨᱚᱢᱪᱟᱹᱨᱤ ᱵᱮᱜᱚᱨ ᱩᱯᱨᱤ ᱟᱢᱫᱟᱹᱱᱤ ᱨᱮᱭᱟᱜᱼᱟ ᱯᱷᱟᱤᱞ ᱠᱚ ᱚᱴᱟᱜ।
train_santalimale_02513	wavs/train_santalimale_02513.wav	ᱥᱟᱢᱞᱟᱞ ᱢᱮᱭᱴᱨᱤᱠ ᱠᱤᱞᱟᱥ ᱮ ᱨᱟᱠᱟᱵᱼᱟ ᱮᱱᱟ।
train_santalimale_02514	wavs/train_santalimale_02514.wav	ᱨᱟᱹᱥᱤ ᱟᱛᱚ ᱱᱟᱨᱟᱭᱚᱬᱚᱯᱩᱨ ᱨᱮ ᱥᱤᱱᱫᱨᱟᱹᱫᱟᱱ ᱛᱟᱸᱦᱮᱸᱠᱟᱱᱟ।
train_santalimale_02515	wavs/train_santalimale_02515.wav	ᱥᱟᱢᱞᱟᱞ ᱦᱚᱸ ᱟᱡᱼᱟ ᱨᱮᱱ ᱜᱟᱛᱮ ᱠᱚᱲᱟᱹ ᱥᱟᱸᱣ ᱥᱤᱱᱫᱨᱟᱹᱫᱟᱱ ᱧᱮᱞᱚᱮ ᱪᱟᱹᱞᱟᱣ ᱟᱠᱟᱱᱟ।
train_santalimale_02516	wavs/train_santalimale_02516.wav	ᱫᱚᱝ ᱟᱠᱷᱲᱟᱹ ᱥᱮᱡᱼᱟ ᱠᱚ ᱪᱟᱹᱞᱟᱣ ᱥᱚᱨ ᱮᱱᱟ।
train_santalimale_02517	wavs/train_santalimale_02517.wav	ᱚᱠᱚᱭ ᱠᱩᱲᱤ ᱭᱟᱜᱼᱟ ᱞᱩᱴᱤ ᱪᱤᱨᱤᱫᱼᱟ ᱠᱷᱚᱱ ᱩᱱᱟᱹᱜᱼᱟ ᱥᱚᱦᱟᱱ ᱥᱮᱨᱮᱧ ᱚᱬᱲᱚᱝ ᱠᱟᱛᱮ ᱥᱮᱨᱢᱟ ᱫᱩᱜᱟᱹᱩ ᱨᱟᱸᱣᱟᱸᱭᱮᱱᱟ?
train_santalimale_02518	wavs/train_santalimale_02518.wav	ᱥᱟᱢᱞᱟᱞ ᱪᱚᱸᱰᱚᱸᱜᱼᱟ ᱧᱚᱜᱼᱟ ᱠᱟᱛᱮᱭ ᱠᱚᱭᱚᱜᱼᱟ ᱠᱮᱫᱟ।
train_santalimale_02519	wavs/train_santalimale_02519.wav	ᱦᱚ ᱡᱚᱵᱟ! ᱱᱩᱤ ᱜᱮ ᱪᱚ ᱵᱟᱲᱮᱹᱰᱤᱦ ᱛᱮ ᱯᱮᱰᱟᱦᱚᱲᱚᱜᱼᱟ ᱮ ᱪᱟᱹᱞᱟᱣ ᱞᱮᱱᱟ।
train_santalimale_02520	wavs/train_santalimale_02520.wav	ᱥᱟᱢᱞᱟᱞ ᱚᱬᱰᱮ ᱦᱚᱸ ᱜᱟᱞᱢᱟᱨᱟᱣ ᱨᱮᱭᱟᱜᱼᱟ ᱮ ᱠᱩᱨᱩᱢᱩᱴᱩ ᱞᱮᱫᱼᱟ ᱜᱮᱭᱟ।
train_santalimale_02521	wavs/train_santalimale_02521.wav	ᱢᱮᱱᱠᱷᱟᱱ, ᱰᱷᱮᱨ ᱛᱟᱠ ᱫᱚ ᱵᱟᱭ ᱧᱟᱢ ᱞᱮᱫᱟ।
train_santalimale_02522	wavs/train_santalimale_02522.wav	ᱮᱱ ᱦᱚᱸ ᱛᱷᱚᱲᱟᱹ ᱫᱚᱠᱤᱱ ᱚᱯᱚᱨᱚᱢ ᱟᱠᱟᱱ ᱜᱮᱭᱟ।
train_santalimale_02523	wavs/train_santalimale_02523.wav	ᱛᱮᱦᱮᱸᱧ ᱫᱚ ᱡᱟᱸᱦᱟᱸ ᱞᱮᱠᱟ ᱛᱮᱣ ᱧᱟᱯᱟᱢᱚᱜᱼᱟ ᱜᱮᱭᱟ ᱟᱨ ᱟᱭᱟᱜᱼᱟ ᱚᱱᱛᱚᱨ ᱠᱟᱛᱷᱟᱭ ᱥᱚᱫᱚᱨᱟᱭᱟ।
train_santalimale_02524	wavs/train_santalimale_02524.wav	ᱮᱱᱛᱮᱫᱼᱟ ᱵᱟᱲᱮᱹᱰᱤᱦ ᱨᱮ ᱯᱟᱹᱦᱤᱞ ᱫᱚᱢᱮ ᱧᱮᱞᱞᱮᱫᱮ ᱡᱚᱠᱷᱮᱡᱼᱟ ᱠᱷᱚᱱ ᱜᱮ ᱢᱚᱱᱮ ᱛᱚᱞ ᱟᱠᱟᱱ ᱛᱟᱭᱟ।
train_santalimale_02525	wavs/train_santalimale_02525.wav	ᱰᱷᱮᱨ ᱧᱤᱱᱫᱟ ᱦᱟᱵᱤᱡᱼᱟ ᱥᱟᱢᱞᱟᱞ ᱢᱮᱱᱟᱭ ᱜᱮᱭᱟ, ᱠᱟᱹᱬᱰᱩᱨᱢᱟᱹᱬᱰᱩᱨ ᱟᱹᱪᱩᱨ ᱵᱟᱰᱟᱭ ᱨᱮᱜᱮ।
train_santalimale_02526	wavs/train_santalimale_02526.wav	ᱟᱭᱢᱟ ᱫᱚᱢ ᱜᱟᱞᱢᱟᱨᱟᱣ ᱨᱮᱭᱟᱜᱼᱟ ᱮ ᱠᱩᱨᱩᱢᱩᱴᱩ ᱠᱮᱫᱟ।
train_santalimale_02527	wavs/train_santalimale_02527.wav	ᱢᱮᱱᱠᱷᱟᱱ, ᱛᱮᱦᱮᱧ ᱦᱚᱸ ᱰᱷᱮᱨ ᱛᱟᱠ ᱫᱚ ᱵᱟᱭ ᱧᱟᱢ ᱞᱮᱫᱟ।
train_santalimale_02528	wavs/train_santalimale_02528.wav	ᱯᱟᱹᱦᱤᱞ ᱧᱟᱯᱟᱢ ᱨᱮ ᱡᱚᱵᱟᱣᱟᱜᱼᱟ ᱦᱚᱸ ᱚᱱᱛᱚᱨ ᱛᱟᱨ ᱛᱷᱚᱲᱟᱹ ᱛᱟᱨᱠᱚ ᱟᱠᱟᱱ ᱜᱮᱭᱟ।
train_santalimale_02529	wavs/train_santalimale_02529.wav	ᱡᱚᱵᱟ ᱦᱚᱸ ᱢᱩᱞᱩᱡᱼᱟ ᱢᱟᱪᱷᱟ ᱞᱟᱸᱫᱟᱭ ᱛᱩᱞᱩᱡᱼᱟ ᱢᱤᱫᱼᱟ ᱫᱷᱟᱣ ᱫᱚᱭ ᱨᱚᱲ ᱨᱩᱣᱟᱹᱲ ᱟᱫᱮ ᱜᱮᱭᱟ।
train_santalimale_02530	wavs/train_santalimale_02530.wav	ᱡᱚᱵᱟᱦᱟ ᱚᱱᱟ ᱢᱤᱫᱼᱟ ᱢᱩᱞᱩᱡᱼᱟ ᱞᱟᱸᱫᱟ ᱛᱮ ᱥᱟᱢᱞᱟᱞ ᱡᱤᱭᱚᱱ ᱨᱮᱭᱟᱜᱼᱟ ᱢᱟᱨᱟᱝ ᱟᱥ ᱯᱩᱨᱟᱹᱣᱚᱜᱼᱟ ᱞᱮᱠᱟᱭ ᱟᱴᱠᱟᱨ ᱠᱮᱫᱟ।
train_santalimale_02531	wavs/train_santalimale_02531.wav	ᱥᱟᱢᱞᱟᱞ ᱟᱡᱼᱟ ᱨᱮᱱ ᱜᱟᱛᱮᱠᱚᱲᱟᱹ ᱥᱟᱸᱣ ᱨᱩᱣᱟᱹᱲ ᱪᱟᱞᱟᱣᱮᱱᱟ।
train_santalimale_02532	wavs/train_santalimale_02532.wav	ᱢᱮᱱᱠᱷᱟᱱ, ᱟᱥ ᱫᱚ ᱵᱟᱝ ᱨᱚᱪᱚᱫᱼᱟ ᱟᱠᱟᱱ ᱛᱟᱭᱟ।
train_santalimale_02533	wavs/train_santalimale_02533.wav	ᱫᱚᱥᱟᱨ ᱦᱤᱞᱚᱜᱼᱟ ᱜᱤᱰᱤᱪᱩᱢᱟᱹᱩᱲᱟᱹ ᱛᱟᱸᱦᱮᱸᱠᱟᱱᱟ।
train_santalimale_02534	wavs/train_santalimale_02534.wav	ᱥᱟᱢᱞᱟᱞ ᱛᱮᱦᱮᱧ ᱦᱚᱸᱭ ᱦᱮᱡᱼᱟ ᱟᱠᱟᱱᱟ।
train_santalimale_02535	wavs/train_santalimale_02535.wav	ᱟᱠᱷᱲᱟᱹ ᱥᱟᱹᱨᱫᱤ ᱟᱠᱟᱱ ᱛᱟᱸᱦᱮᱸᱠᱟᱱᱟ।
train_santalimale_02536	wavs/train_santalimale_02536.wav	ᱢᱟᱬᱰᱣᱟ ᱞᱟᱛᱟᱨ ᱨᱮ ᱢᱮᱫᱼᱟᱢᱮᱫᱼᱟ ᱠᱤᱱ ᱵᱮᱸᱜᱮᱫᱼᱟ ᱧᱟᱯᱟᱢ ᱮᱱᱟ ᱡᱚᱵᱟ ᱟᱨ ᱥᱟᱢᱞᱟᱞ।
train_santalimale_02537	wavs/train_santalimale_02537.wav	ᱢᱮᱫᱼᱟᱢᱮᱫᱼᱟ ᱛᱮᱜᱮᱠᱤᱱ ᱨᱤᱯᱤᱭᱟᱹᱩ ᱮᱱᱟ ᱟᱨ ᱟᱛᱚ ᱠᱷᱚᱱ ᱯᱷᱟᱨᱟᱠ ᱜᱟᱰᱟᱟᱰᱮ, ᱵᱟᱲᱮᱹᱵᱩᱴᱟᱹ, ᱫᱷᱤᱨᱤᱪᱟᱹᱴᱟᱹᱤᱱᱤ ᱨᱮ ᱫᱩᱲᱩᱵᱼᱟ ᱠᱟᱛᱮ ᱟᱹᱰᱤ ᱜᱷᱟᱹᱲᱤᱡᱼᱟ ᱠᱤᱱ ᱜᱟᱞᱢᱟᱨᱟᱣ ᱠᱮᱫᱟ।
train_santalimale_02538	wavs/train_santalimale_02538.wav	ᱤᱱᱟᱹ ᱛᱟᱭᱱᱚᱢ ᱢᱟ ᱦᱟᱹᱴᱤᱭᱟᱹᱵᱟᱹᱴᱤᱭᱟᱹ, ᱢᱮᱞᱟᱴᱷᱮᱞᱟ ᱨᱮ ᱛᱤᱱᱟᱹᱜᱼᱟ ᱫᱚᱢ ᱪᱚ ᱠᱤᱱ ᱧᱟᱯᱟᱢ ᱮᱱ ᱞᱮᱠᱷᱟ ᱜᱮ ᱵᱟᱝ।
train_santalimale_02539	wavs/train_santalimale_02539.wav	ᱥᱚᱲᱚᱜᱼᱟ ᱥᱟᱨᱮᱰ ᱦᱚᱲ ᱯᱟᱛᱟ ᱢᱮᱞᱟ ᱧᱮᱞ ᱠᱚ ᱪᱟᱹᱞᱟᱜᱼᱟ ᱠᱟᱱᱟ।
train_santalimale_02540	wavs/train_santalimale_02540.wav	ᱛᱤᱱᱟᱹᱜᱼᱟ ᱛᱤᱠᱤᱱᱚᱜᱼᱟ ᱠᱟᱱᱟ, ᱩᱱᱟᱹᱜᱼᱟ ᱜᱮ ᱦᱚᱲ ᱠᱚ ᱥᱟᱸᱜᱮ ᱤᱫᱤᱜᱼᱟ ᱠᱟᱱᱟ।
train_santalimale_02541	wavs/train_santalimale_02541.wav	ᱛᱤᱠᱤᱱ ᱜᱮ ᱦᱚᱰᱼᱟ ᱠᱚ ᱡᱟᱨᱣᱟᱜᱼᱟᱟ ᱟᱨ ᱟᱹᱭᱩᱵᱚᱜᱼᱟ ᱴᱷᱮᱞᱟᱴᱷᱮᱞᱤ ᱠᱚ ᱵᱷᱤᱲ ᱵᱷᱟᱜᱟᱣᱚᱜᱼᱟᱟ।
train_santalimale_02542	wavs/train_santalimale_02542.wav	ᱟᱹᱭᱩᱵᱼᱟ ᱫᱚ ᱟᱛᱚ ᱛᱮ ᱥᱮᱴᱮᱨ ᱠᱟᱛᱮ ᱞᱟᱸᱜᱰᱮᱸ ᱠᱚ ᱮᱱᱮᱡᱼᱟᱟ।
train_santalimale_02543	wavs/train_santalimale_02543.wav	ᱢᱮᱞᱟ ᱠᱷᱚᱱ ᱨᱩᱣᱟᱹᱲ ᱡᱚᱠᱷᱮᱡᱼᱟ ᱟᱫᱚᱢ ᱠᱩᱲᱤ ᱫᱚ ᱥᱚᱲᱚᱠᱥᱚᱲᱚᱠ ᱛᱮᱠᱚ ᱥᱮᱨᱮᱧ ᱟᱹᱜᱩᱭᱮᱫᱟ।
train_santalimale_02544	wavs/train_santalimale_02544.wav	ᱱᱟᱨᱟᱭᱚᱬᱚᱯᱩᱨ ᱟᱛᱚ ᱨᱮᱱ ᱡᱚᱛᱚ ᱠᱚᱲᱟᱠᱩᱲᱤ ᱯᱟᱛᱟ ᱧᱮᱞ ᱠᱷᱚᱱ ᱠᱚ ᱨᱩᱣᱟᱹᱲᱮᱱᱟ।
train_santalimale_02545	wavs/train_santalimale_02545.wav	ᱢᱮᱱᱠᱷᱟᱱ, ᱡᱚᱵᱟ ᱫᱚ ᱟᱹᱭᱩᱵᱼᱟ ᱮᱱ ᱨᱮ ᱦᱚᱸ ᱵᱟᱭ ᱨᱩᱣᱟᱹᱲ ᱟᱠᱟᱱᱟ।
train_santalimale_02546	wavs/train_santalimale_02546.wav	ᱚᱠᱟᱛᱮᱭ ᱪᱟᱞᱟᱣᱮᱱᱟ ᱥᱮ ᱯᱮᱲᱟᱹ ᱚᱲᱟᱜᱼᱟ ᱨᱮᱭ ᱛᱟᱹᱸᱦᱮᱸᱭᱮᱱᱟ?
train_santalimale_02547	wavs/train_santalimale_02547.wav	ᱴᱷᱤᱠᱚᱴᱷᱤᱠᱟᱱ ᱫᱚ ᱚᱠᱚᱭ ᱦᱚᱸ ᱵᱟᱠᱚ ᱞᱟᱹᱭ ᱫᱟᱲᱮᱹᱭᱟᱫᱟ।
train_santalimale_02548	wavs/train_santalimale_02548.wav	ᱟᱹᱭᱩᱵᱼᱟ ᱢᱟᱹᱸᱡᱷᱤ ᱠᱚ ᱪᱷᱟᱴᱠᱟ ᱨᱮ ᱠᱚᱲᱟᱹᱠᱩᱲᱤ ᱠᱚ ᱡᱟᱨᱣᱟᱭᱮᱱᱟ।
train_santalimale_02549	wavs/train_santalimale_02549.wav	ᱢᱮᱱᱠᱷᱟᱱ, ᱟᱛᱚ ᱠᱷᱚᱱ ᱵᱟᱦᱨᱮ ᱫᱚ ᱧᱩᱸᱛ ᱟᱨ ᱵᱷᱚᱭᱚᱱ ᱜᱮ ᱟᱹᱤᱠᱟᱹᱣᱚᱜᱼᱟ ᱠᱟᱱ ᱛᱟᱸᱦᱮᱸᱠᱟᱱᱟ।
train_santalimale_02550	wavs/train_santalimale_02550.wav	ᱱᱤᱥᱩᱱ ᱧᱩᱸᱛ ᱧᱤᱱᱫᱟᱹ ᱨᱮ ᱛᱟᱠᱛᱟᱠ ᱨᱮ ᱥᱮᱛᱟ ᱠᱚᱟᱜᱼᱟ ᱵᱷᱚᱜᱼᱟ ᱟᱸᱧᱡᱚᱢᱚᱜᱼᱟ ᱠᱟᱱ ᱛᱟᱸᱦᱮᱸᱠᱟᱱᱟ।
train_santalimale_02551	wavs/train_santalimale_02551.wav	ᱱᱚᱟ ᱧᱩᱸᱛᱚᱧᱤᱱᱫᱟᱹ ᱨᱮ ᱦᱚᱸ ᱟᱛᱚ ᱠᱷᱚᱱ ᱯᱷᱟᱨᱟᱠ ᱢᱟᱛᱠᱚᱢ ᱵᱩᱴᱟᱹ ᱨᱮ ᱵᱟᱨᱭᱟ ᱢᱟᱱᱣᱟᱸ ᱫᱩᱱᱤᱭᱟᱹᱸ ᱨᱮᱭᱟᱜᱼᱟ ᱫᱩᱠᱫᱟᱸᱫ ᱟᱨ ᱵᱷᱚᱭᱚᱱ ᱵᱚᱛᱚᱨ ᱠᱷᱚᱱ ᱵᱮᱠᱷᱚᱵᱚᱨ ᱫᱩᱞᱟᱹᱲ ᱠᱟᱱ ᱜᱟᱯᱟᱞ ᱢᱟᱨᱟᱣ ᱨᱮ ᱢᱚᱜᱚᱱ ᱠᱤᱱ ᱛᱟᱸᱦᱮᱸᱠᱟᱱᱟ।
train_santalimale_02552	wavs/train_santalimale_02552.wav	ᱢᱟᱹᱸᱡᱷᱤ ᱠᱚᱨᱮᱱ ᱢᱟᱨᱟᱝ ᱥᱟᱹᱬᱰᱤᱭ ᱠᱩᱸᱠᱚᱰᱩ ᱠᱮᱫᱟ।
train_santalimale_02553	wavs/train_santalimale_02553.wav	ᱤᱱᱟᱹ ᱛᱟᱭᱱᱚᱢ ᱠᱷᱟᱱ ᱜᱮ ᱵᱟᱲᱜᱮ ᱞᱟᱛᱟᱨ ᱩᱞ ᱫᱟᱨᱮ ᱨᱮ ᱠᱤᱥᱱᱤ ᱠᱚᱟᱜᱼᱟ ᱪᱮᱨᱚᱵᱮᱨᱚ ᱟᱸᱡᱚᱢᱮᱱᱟ।
train_santalimale_02554	wavs/train_santalimale_02554.wav	ᱥᱟᱢᱞᱟᱞ ᱟᱨ ᱡᱚᱵᱟ ᱫᱩᱰᱩᱵᱼᱟ ᱠᱷᱚᱱ ᱠᱤᱱ ᱵᱮᱨᱮᱫᱼᱟ ᱮᱱᱟ ᱟᱨ ᱫᱩᱱᱤᱭᱟᱸ ᱨᱮᱭᱟᱜᱼᱟ ᱦᱮᱲᱮᱢᱦᱟᱲᱦᱟᱫᱼᱟ ᱨᱟᱥᱟ ᱥᱚᱸᱝᱜᱮ ᱛᱮ ᱪᱟᱠᱷᱟᱭ ᱨᱮᱭᱟᱜᱼᱟ ᱠᱟᱛᱷᱟ ᱜᱩᱞᱟᱹᱬᱰ ᱠᱟᱛᱮ ᱠᱤᱱ ᱢᱚᱦᱚᱬᱰᱟᱭᱮᱱᱟ।
train_santalimale_02555	wavs/train_santalimale_02555.wav	ᱥᱟᱢᱞᱟᱞ ᱫᱚ ᱵᱟᱹᱦᱩᱭ ᱟᱹᱜᱩ ᱠᱮᱫᱮᱭᱟ।
train_santalimale_02556	wavs/train_santalimale_02556.wav	ᱱᱚᱟ ᱠᱟᱛᱷᱟ ᱪᱟᱸᱣ ᱢᱟᱨᱛᱮ ᱯᱟᱥᱱᱟᱣᱮᱱᱟ।
train_santalimale_02557	wavs/train_santalimale_02557.wav	ᱥᱟᱢᱞᱟᱞ ᱚᱞᱚᱠ ᱯᱟᱲᱦᱟᱣ ᱚᱪᱚ ᱠᱟᱛᱮ ᱨᱟᱡᱟᱱᱵᱟᱡᱟᱱ ᱛᱮ ᱵᱟᱹᱦᱩᱣᱟᱭ ᱨᱮᱭᱟᱜᱼᱟ ᱨᱟᱢᱥᱟᱹᱤ ᱟᱜᱼᱟ ᱟᱹᱰᱤ ᱥᱟᱫ ᱛᱟᱸᱦᱮᱸᱠᱟᱱᱟ।
train_santalimale_02558	wavs/train_santalimale_02558.wav	ᱟᱯᱟᱛᱜᱚᱲᱚᱢᱟᱜᱼᱟ ᱢᱟᱨᱮ ᱞᱤᱠ ᱵᱟᱹᱜᱤ ᱠᱟᱛᱮ ᱱᱟᱸᱣᱟᱸ ᱞᱤᱠ ᱛᱮ ᱜᱷᱟᱨᱚᱧᱡ ᱞᱟᱦᱟᱭᱮ ᱢᱮᱱ ᱞᱮᱫᱟ, ᱢᱮᱱᱮᱜᱼᱟ ᱥᱟᱱᱟᱢ ᱦᱟᱠᱚ ᱠᱚ ᱨᱚᱴᱮ ᱪᱟᱵᱟᱭᱮᱱᱟ।
train_santalimale_02559	wavs/train_santalimale_02559.wav	ᱨᱟᱢᱥᱟᱹᱤ ᱟᱠ ᱢᱚᱱᱮ ᱨᱟᱹᱯᱩᱫᱼᱟ ᱮᱱᱟ।
train_santalimale_02560	wavs/train_santalimale_02560.wav	ᱩᱱᱤᱭᱟᱜᱼᱟ ᱠᱩᱠᱢᱩ ᱫᱚᱞᱟᱱ ᱵᱷᱤᱱᱫᱟᱹᱲᱮᱹᱱᱟ।
train_santalimale_02561	wavs/train_santalimale_02561.wav	ᱦᱟᱨᱟ ᱦᱚᱯᱚᱱ ᱪᱮᱫᱼᱟ ᱦᱚᱸ ᱵᱟᱭ ᱢᱮᱱ ᱫᱟᱲᱮᱹ ᱣᱟᱫᱮᱭᱟ।
train_santalimale_02562	wavs/train_santalimale_02562.wav	ᱦᱚᱯᱚᱱᱟᱜᱼᱟ ᱱᱚᱝᱠᱟᱱ ᱠᱟᱹᱭᱚᱛᱩᱠ ᱧᱮᱞᱛᱮ ᱨᱟᱢᱥᱟᱹᱤ ᱚᱱᱛᱚᱨ ᱨᱮ ᱥᱚᱵᱚᱜᱼᱟ ᱠᱮᱫᱮ ᱞᱮᱠᱟᱭ ᱟᱹᱤᱠᱟᱹᱩ ᱠᱮᱫᱟ।
train_santalimale_02563	wavs/train_santalimale_02563.wav	ᱵᱷᱟᱵᱱᱟ ᱠᱷᱟᱹᱱᱫᱨᱤ ᱦᱟᱹᱵᱤᱡᱼᱟ ᱵᱷᱤᱡᱟᱹᱣᱟᱫᱮᱭᱟ ᱟᱨ ᱵᱷᱟᱵᱱᱟ ᱛᱮᱭ ᱜᱤᱛᱤᱡᱼᱟ ᱩᱛᱟᱹᱨᱮᱱᱟ।
train_santalimale_02564	wavs/train_santalimale_02564.wav	ᱪᱮᱠᱟᱛᱮ ᱦᱚᱲ ᱥᱟᱢᱟᱝ ᱨᱮ ᱢᱮᱫᱼᱟᱦᱟᱸᱭ ᱩᱫᱩᱜᱟ।
train_santalimale_02565	wavs/train_santalimale_02565.wav	ᱢᱟᱱᱚᱤᱡᱡᱟᱹᱛ ᱰᱩᱵᱟᱹᱩ ᱩᱛᱟᱹᱨᱮᱱ ᱞᱮᱠᱟᱭ ᱟᱹᱤᱠᱟᱹᱩ ᱠᱮᱫᱟ।
train_santalimale_02566	wavs/train_santalimale_02566.wav	ᱪᱮᱫᱼᱟ ᱱᱚᱟ ᱞᱟᱹᱜᱤᱫᱼᱟ ᱜᱮ ᱩᱱᱟᱜᱼᱟ ᱠᱩᱨᱩᱢᱩᱴᱩ ᱠᱟᱛᱮᱭ ᱯᱟᱲᱦᱟᱣ ᱚᱪᱚ ᱞᱮᱫᱮᱭᱟ?
train_santalimale_02567	wavs/train_santalimale_02567.wav	ᱵᱷᱟᱵᱱᱟ ᱛᱮ ᱡᱚᱢ ᱧᱩᱸ ᱦᱚᱸ ᱵᱟᱝ ᱩᱫᱩᱜᱼᱟ ᱛᱟᱭᱟ।
train_santalimale_02568	wavs/train_santalimale_02568.wav	ᱵᱟᱹᱤᱵᱟᱹᱤ ᱛᱮ ᱯᱟᱨᱠᱚᱢ ᱨᱮᱭ ᱥᱟᱴᱷᱟᱣᱮᱱᱟ।
train_santalimale_02569	wavs/train_santalimale_02569.wav	ᱨᱟᱱᱚᱢᱩᱨᱜᱟᱱ ᱠᱚ ᱨᱤᱫᱼᱟ ᱟᱫᱮᱭᱟ।
train_santalimale_02570	wavs/train_santalimale_02570.wav	ᱜᱩᱨᱩᱚᱡᱷᱟ ᱠᱚ ᱞᱟᱜᱟᱣ ᱠᱮᱫᱼᱟ ᱠᱚᱟ।
train_santalimale_02571	wavs/train_santalimale_02571.wav	ᱢᱮᱱᱠᱷᱟᱱ, ᱚᱠᱚᱭ ᱦᱚᱸ ᱱᱩᱤᱭᱟᱜᱼᱟ ᱨᱩᱣᱟᱹ ᱫᱚ ᱵᱟᱝ ᱠᱚ ᱪᱟᱵᱟ ᱫᱟᱲᱮᱹᱭᱟᱜᱼᱟ ᱛᱟᱭᱟ।
train_santalimale_02572	wavs/train_santalimale_02572.wav	ᱟᱭᱢᱟ ᱫᱤᱱ ᱯᱟᱨᱠᱚᱢ ᱨᱮ ᱥᱟᱴᱷᱟᱣ ᱜᱮᱭ ᱛᱟᱸᱦᱮᱸᱭᱮᱱᱟ।
train_santalimale_02573	wavs/train_santalimale_02573.wav	ᱢᱤᱫᱼᱟ ᱫᱤᱱ ᱥᱮᱛᱟᱜᱼᱟ ᱦᱚᱲ ᱠᱚ ᱵᱟᱰᱟᱭ ᱠᱮᱫᱟ ᱡᱮ ᱨᱟᱢᱥᱟᱹᱤ ᱫᱚ ᱡᱟᱭᱚᱡᱩᱜ ᱞᱟᱹᱜᱤᱫᱼᱟ ᱮ ᱵᱟᱹᱜᱤᱭᱟᱫᱼᱟ ᱵᱚᱱᱟ।
train_santalimale_02574	wavs/train_santalimale_02574.wav	ᱜᱚᱴᱟ ᱟᱛᱚ ᱨᱮᱱ ᱦᱚᱲ ᱟᱹᱰᱤ ᱠᱚ ᱵᱷᱟᱵᱱᱟ ᱭᱮᱱᱟ।
train_santalimale_02575	wavs/train_santalimale_02575.wav	ᱦᱟᱲᱟᱹᱢᱚᱵᱩᱲᱦᱤ ᱠᱟᱛᱮ ᱜᱩᱡᱩᱜᱼᱟ ᱫᱚ ᱡᱩᱫᱟᱹ ᱠᱟᱛᱷᱟ ᱠᱟᱱᱟ ᱟᱨ ᱫᱟᱲᱮ ᱨᱮ ᱜᱩᱡᱩᱜᱼᱟ ᱫᱚ ᱡᱩᱫᱟᱹ।
train_santalimale_02576	wavs/train_santalimale_02576.wav	ᱚᱠᱚᱭᱟᱜᱼᱟ ᱢᱮᱫᱼᱟ ᱠᱤᱥᱟᱸᱰ ᱦᱚᱰᱟᱜᱼᱟ ᱜᱷᱟᱨᱚᱧᱡ ᱨᱮ ᱞᱟᱜᱟᱣᱮᱱᱟ?
train_santalimale_02577	wavs/train_santalimale_02577.wav	ᱚᱠᱚᱭᱟᱜᱼᱟ ᱦᱤᱸᱥᱠᱟᱹᱥᱮᱸᱜᱮᱞ ᱛᱮ ᱪᱚ ᱨᱟᱢᱥᱟᱹᱤ ᱫᱚᱭ ᱞᱚ ᱜᱚᱡᱼᱟ ᱮᱱ।
train_santalimale_02578	wavs/train_santalimale_02578.wav	ᱟᱛᱚ ᱦᱚᱲ ᱟᱭᱢᱟ ᱞᱮᱠᱟᱱ ᱥᱚᱞᱦᱟ ᱠᱚ ᱮᱢᱟᱫᱼᱟ ᱠᱤᱱᱟᱹ ᱥᱟᱢᱞᱟᱞ ᱟᱨ ᱮᱸᱜᱟᱛ ᱛᱮᱫᱼᱟ ᱞᱩᱠᱷᱤ।
train_santalimale_02579	wavs/train_santalimale_02579.wav	ᱥᱟᱢᱞᱟᱞ ᱫᱚ ᱢᱩᱨᱜᱟᱹᱵᱟᱹᱱᱤ ᱨᱮᱱ ᱱᱟᱢᱰᱟᱠ ᱡᱟᱱᱚᱜᱩᱨᱩᱮ ᱢᱟᱸᱜᱟᱣ ᱠᱮᱫᱮᱭᱟ।
train_santalimale_02580	wavs/train_santalimale_02580.wav	ᱫᱷᱩᱸᱲᱟᱹᱥᱩᱱᱩᱢ ᱥᱤᱱᱫᱩᱨ ᱮᱢᱟᱱ ᱡᱟᱹᱨᱩᱰᱚᱜᱼᱟ ᱡᱤᱱᱤᱥᱚᱮ ᱡᱩᱲᱟᱹᱩ ᱠᱮᱫᱟ।
train_santalimale_02581	wavs/train_santalimale_02581.wav	ᱥᱟᱢᱟᱝᱮ ᱞᱟᱹᱜᱤᱫᱼᱟ ᱟᱨᱟᱜᱼᱟ ᱥᱟᱹᱬᱰᱤ ᱟᱨ ᱪᱚᱲᱚᱨ ᱞᱟᱹᱜᱤᱫᱼᱟ ᱯᱟᱹᱩᱨᱟᱹ ᱦᱟᱹᱬᱰᱤ।
train_santalimale_02582	wavs/train_santalimale_02582.wav	ᱡᱟᱱᱚᱜᱩᱨᱩ ᱥᱩᱱᱩᱢ ᱥᱟᱠᱟᱢᱚᱮ ᱧᱮᱞ ᱠᱮᱫᱟ ᱟᱨᱚᱮ ᱯᱟᱸᱡᱟ ᱧᱟᱢ ᱠᱮᱫᱟ।
train_santalimale_02583	wavs/train_santalimale_02583.wav	ᱴᱮᱸᱜᱚᱡᱼᱟᱥᱟᱵᱼᱟ ᱠᱟᱛᱮ ᱮᱸᱜᱟᱛ ᱛᱮᱫᱼᱟ ᱴᱷᱮᱡᱼᱟ ᱪᱟᱞᱟᱣ ᱠᱟᱛᱮ ᱨᱟᱸᱜᱟᱣ ᱛᱮᱭ ᱢᱮᱛᱟ ᱫᱮᱭᱟ ᱟᱢ ᱠᱟᱱ ᱜᱮᱭᱟᱢ ᱲᱟᱹᱱ।
train_santalimale_02584	wavs/train_santalimale_02584.wav	ᱟᱢ ᱜᱮ ᱤᱧ ᱵᱟᱵᱟ ᱫᱚᱢ ᱡᱚᱢ ᱟᱠᱟ ᱫᱮᱭᱟ।
train_santalimale_02585	wavs/train_santalimale_02585.wav	ᱱᱤᱛ ᱚᱲᱟᱜᱼᱟ ᱠᱷᱚᱱ ᱚᱬᱲᱚᱝᱚ ᱢᱮ ᱟᱨ ᱵᱟᱝ ᱠᱷᱟᱱ ᱤᱧ ᱠᱩᱴᱟᱹᱢ ᱛᱤᱭᱟᱹᱨ ᱢᱮᱭᱟ।
train_santalimale_02586	wavs/train_santalimale_02586.wav	ᱟᱛᱚ ᱦᱚᱲ ᱦᱚᱸ ᱱᱩᱤᱭᱟᱜᱼᱟ ᱠᱟᱛᱷᱟ ᱜᱮ ᱠᱚ ᱵᱟᱹᱦᱩᱣᱟᱫᱼᱟ ᱛᱟᱭᱟ।
train_santalimale_02587	wavs/train_santalimale_02587.wav	ᱚᱲᱟᱜᱼᱟ ᱨᱮ ᱫᱩᱥᱢᱟᱹᱱ ᱟᱹᱥᱩᱞ ᱠᱚ ᱫᱚ ᱵᱟᱝ ᱵᱚᱜᱮᱭᱟ।
train_santalimale_02588	wavs/train_santalimale_02588.wav	ᱮᱸᱜᱟᱛ ᱛᱮᱫᱼᱟ ᱞᱩᱠᱷᱤ, ᱟᱡᱼᱟ ᱨᱮᱱ ᱦᱚᱯᱚᱱᱟᱜᱼᱟ ᱱᱚᱝᱠᱟᱱ ᱠᱟᱛᱷᱟ ᱟᱧᱡᱚᱢ ᱛᱮ ᱠᱚᱲᱟᱹᱢ ᱚᱲᱮᱡᱚᱜᱼᱟ ᱞᱮᱠᱟᱭ ᱟᱹᱤᱠᱟᱹᱩ ᱠᱮᱫᱟ।
train_santalimale_02589	wavs/train_santalimale_02589.wav	ᱚᱠᱚᱭ ᱫᱚ ᱟᱨᱮ ᱪᱟᱸᱫᱚ ᱦᱚᱲᱢᱚ ᱨᱮ ᱫᱚᱦᱚ ᱠᱟᱛᱮ ᱟᱭᱟᱜᱼᱟ ᱡᱚᱢᱚᱧᱩᱸᱮ ᱦᱟᱹᱴᱤᱧᱟᱫᱮ ᱚᱠᱚᱭ ᱫᱚ ᱟᱭᱟᱜᱼᱟ ᱠᱚᱲᱟᱹᱢ ᱨᱮ ᱡᱟᱸᱵᱮᱫᱼᱟ ᱠᱟᱛᱮᱭ ᱱᱩᱱᱩ ᱦᱟᱨᱟ ᱟᱠᱟᱫᱮ, ᱩᱱᱤ ᱦᱚᱯᱚᱱ ᱜᱮ ᱛᱮᱦᱮᱧ ᱲᱟᱹᱱ ᱮ ᱢᱮᱛᱟᱭ ᱠᱟᱱᱟ।
train_santalimale_02590	wavs/train_santalimale_02590.wav	ᱥᱮ ᱡᱟᱸᱦᱟᱸ ᱛᱮᱭ ᱚᱲᱚᱠ ᱪᱟᱞᱟᱜᱼᱟ ᱟ ᱟᱨ ᱠᱚᱭᱠᱚᱭ ᱛᱮᱭ ᱟᱹᱥᱩᱞᱚᱠᱚᱟ।
train_santalimale_02591	wavs/train_santalimale_02591.wav	ᱦᱩᱰᱤᱧ ᱢᱟᱪᱷᱟ ᱠᱤᱪᱚᱨᱤᱡᱼᱟ ᱢᱚᱴᱨᱟᱭ ᱦᱮᱨᱢᱮᱫᱼᱟ ᱠᱮᱫᱟ ᱟᱨ ᱚᱲᱟᱜᱼᱟ ᱠᱷᱚᱱᱚᱮ ᱚᱲᱚᱝ ᱪᱟᱞᱟᱣᱮᱱᱟ।
train_santalimale_02592	wavs/train_santalimale_02592.wav	ᱵᱟᱨ ᱪᱟᱸᱫᱚ ᱛᱟᱭᱱᱚᱢ ᱢᱤᱫᱼᱟ ᱫᱤᱱ ᱥᱮᱛᱟᱜᱼᱟ ᱵᱟᱰᱟᱭᱮᱱᱟ ᱡᱮ ᱰᱩᱵᱩᱡᱼᱟ ᱴᱚᱞᱟ ᱞᱮᱫᱮᱢ ᱢᱟᱹᱸᱡᱷᱤᱭᱟᱜᱼᱟ ᱠᱩᱞᱦᱤᱯᱤᱬᱲᱟᱹ ᱨᱮ ᱢᱤᱫᱼᱟ ᱴᱮᱡᱼᱟ ᱠᱚᱭᱚᱵᱩᱰᱦᱤ ᱵᱤᱧ ᱜᱮᱨ ᱛᱮᱭ ᱜᱚᱡᱼᱟ ᱮᱱᱟ।
train_santalimale_02593	wavs/train_santalimale_02593.wav	ᱠᱟᱛᱷᱟᱭ ᱡᱩᱨᱤ ᱪᱷᱟᱛᱟᱨ ᱩᱢᱩᱞ ᱫᱚ, ᱥᱚᱱᱟ ᱪᱷᱟᱛᱟᱨ ᱩᱢᱩᱞ ᱠᱷᱚᱱ ᱦᱚᱸ ᱡᱩᱲᱟᱹᱥᱤ ᱜᱮᱭᱟ।
train_santalimale_02594	wavs/train_santalimale_02594.wav	ᱡᱩᱨᱤᱫᱩᱞᱟᱹᱲ ᱫᱚ ᱫᱩᱢᱩᱨᱨᱟᱥᱟ ᱠᱷᱚᱱ ᱦᱚᱸ ᱦᱮᱲᱮᱢ ᱜᱮᱭᱟ।
train_santalimale_02595	wavs/train_santalimale_02595.wav	ᱟᱨ ᱦᱚᱸ ᱠᱚ ᱢᱮᱱᱟ ᱮᱠᱮᱱ ᱦᱟᱹᱸᱰᱤ ᱨᱟᱥᱟ ᱛᱮᱜᱮ ᱵᱟᱝ ᱵᱩᱵᱩᱞᱟ, ᱵᱮᱨᱪᱚᱝ ᱫᱩᱞᱟᱹᱲ ᱨᱟᱥᱟ ᱛᱮᱦᱚᱸ ᱵᱩᱵᱩᱞ ᱜᱮᱭᱟ।
train_santalimale_02596	wavs/train_santalimale_02596.wav	ᱥᱟᱹᱨᱤ ᱜᱮ, ᱥᱟᱢᱞᱟᱞ ᱫᱚ ᱡᱚᱵᱟᱣᱟᱜᱼᱟ ᱫᱩᱞᱟᱹᱲ ᱨᱟᱥᱟ ᱛᱮ ᱱᱚᱝᱠᱟᱭ ᱵᱩᱞᱮᱱᱟ ᱡᱮ ᱵᱟᱨ ᱵᱚᱪᱷᱚᱨ ᱦᱟᱹᱵᱤᱡᱼᱟ ᱵᱟᱭ ᱪᱮᱛᱟᱣ ᱞᱮᱱᱟ।
train_santalimale_02597	wavs/train_santalimale_02597.wav	ᱚᱞᱚᱜᱼᱟ ᱯᱟᱲᱦᱟᱣ ᱦᱚᱸᱭ ᱵᱟᱹᱜᱤ ᱠᱮᱫᱟ ᱟᱨ ᱠᱟᱹᱢᱤ ᱢᱟ ᱪᱮᱫᱼᱟ ᱦᱚᱸ ᱵᱟᱭ ᱵᱟᱰᱟᱭ।
train_santalimale_02598	wavs/train_santalimale_02598.wav	ᱜᱩᱛᱤ ᱠᱟᱹᱲᱢᱤ ᱟᱠᱚ ᱢᱚᱱᱮ ᱛᱮ ᱡᱟ ᱜᱮᱠᱚ ᱠᱟᱹᱢᱤ ᱵᱟᱰᱟᱭᱮᱫᱼᱟ ᱛᱟᱸᱦᱮᱸᱠᱟᱱ ᱛᱮ ᱜᱷᱟᱨᱚᱧᱡ ᱫᱚ ᱪᱟᱞᱟᱣ ᱦᱟᱛᱟᱲᱚᱜᱼᱟ ᱠᱟᱱ ᱛᱟᱸᱦᱮᱸᱜᱮᱭᱟ।
train_santalimale_02599	wavs/train_santalimale_02599.wav	ᱵᱟᱹᱤᱵᱟᱹᱤ ᱛᱮ ᱦᱟᱹᱬᱰᱤᱯᱟᱹᱩᱨᱟᱹ ᱧᱩᱸᱧᱩᱸ ᱦᱚᱸᱭ ᱦᱮᱣᱟᱭᱮᱱᱟ।
train_santalimale_02600	wavs/train_santalimale_02600.wav	ᱚᱲᱟᱜᱼᱟ ᱨᱮᱱ ᱢᱟᱹᱞᱤᱠ ᱜᱮ ᱠᱟᱹᱢᱤᱠᱟᱹᱥᱱᱤ ᱵᱟᱭ ᱫᱤᱥᱟᱹᱭ ᱠᱷᱟᱱ ᱜᱩᱛᱤ ᱠᱟᱹᱲᱢᱤ ᱫᱚ ᱪᱮᱫᱼᱟ ᱠᱚ ᱠᱟᱹᱢᱤᱭᱟ।
train_santalimale_02601	wavs/train_santalimale_02601.wav	ᱪᱟᱥᱵᱟᱥ ᱦᱚᱸ ᱰᱷᱤᱞᱟᱹᱣ ᱤᱫᱤᱭᱮᱱᱟ।
train_santalimale_02602	wavs/train_santalimale_02602.wav	ᱫᱚᱥᱟᱨ ᱥᱮᱨᱢᱟ ᱢᱩᱪᱟᱹᱫᱚᱜᱼᱟ ᱫᱮᱞᱟᱫᱤᱞᱤ ᱜᱤᱫᱨᱟᱹᱭ ᱦᱩᱭᱮᱱ ᱛᱟᱹᱠᱤᱱᱟ।
train_santalimale_02603	wavs/train_santalimale_02603.wav	ᱡᱩᱨᱤᱯᱟᱹᱨᱤ ᱫᱩᱯᱩᱞᱟᱹᱲ ᱨᱮᱱ ᱡᱤᱣᱟᱫᱼᱟ ᱥᱟᱹᱵᱩᱛ।
train_santalimale_02604	wavs/train_santalimale_02604.wav	ᱱᱤᱛ ᱜᱷᱟᱨᱚᱧᱡ ᱨᱮᱭᱟᱜᱼᱟ ᱵᱷᱟᱨ ᱯᱟᱲᱟᱹᱣ ᱞᱮᱱ ᱠᱷᱟᱱ ᱡᱩᱨᱤ ᱪᱷᱟᱛᱟᱨ ᱩᱢᱩᱞ ᱠᱷᱚᱱ ᱦᱚᱸ ᱟᱸᱡᱷᱟᱸᱴ ᱥᱮᱛᱚᱝ ᱯᱟᱨᱚᱢᱚᱜᱼᱟ ᱞᱮᱠᱟ ᱟᱴᱠᱟᱨᱚᱜᱼᱟᱟ।
train_santalimale_02605	wavs/train_santalimale_02605.wav	ᱥᱩᱱᱩᱢᱚᱵᱩᱞᱩᱝ ᱨᱮᱭᱟᱜᱼᱟ ᱵᱷᱟᱣ ᱵᱟᱰᱟᱭ ᱞᱮᱱᱠᱷᱟᱱ ᱡᱩᱨᱤ ᱫᱩᱞᱟᱹᱲ ᱨᱟᱥᱟ ᱦᱚᱸ ᱱᱤᱢ ᱦᱟᱲᱦᱟᱫᱼᱟ ᱞᱮᱠᱟ ᱟᱴᱠᱟᱨᱚᱠᱚᱟ।
train_santalimale_02606	wavs/train_santalimale_02606.wav	ᱚᱠᱛᱚ ᱫᱚ ᱵᱟᱭ ᱛᱟᱹᱸᱜᱤ ᱢᱮᱭᱟ।
train_santalimale_02607	wavs/train_santalimale_02607.wav	ᱜᱤᱛᱤᱡᱼᱟ ᱠᱚᱜᱼᱟ ᱨᱮ ᱦᱚᱢ ᱪᱟᱦᱮ ᱫᱩᱰᱩᱵᱼᱟ ᱠᱚᱜᱼᱟ ᱨᱮ ᱦᱚᱢ ᱚᱠᱛᱚ ᱫᱚ ᱵᱟᱭ ᱡᱤᱨᱟᱹᱣᱚᱜᱼᱟᱟ।
train_santalimale_02608	wavs/train_santalimale_02608.wav	ᱚᱠᱛᱚ ᱫᱚ ᱟᱭᱟᱜᱼᱟ ᱪᱟᱹᱞ ᱛᱮ ᱪᱟᱹᱞᱟᱜᱼᱟ ᱛᱮᱜᱮᱭ ᱛᱟᱸᱦᱮᱸᱱᱟ।
train_santalimale_02609	wavs/train_santalimale_02609.wav	ᱚᱱᱟᱛᱮ ᱚᱠᱛᱚ ᱱᱟᱹᱯᱤᱛ ᱨᱮ ᱠᱟᱹᱢᱤ ᱫᱚ ᱞᱮᱠ ᱠᱟᱱᱟ।
train_santalimale_02610	wavs/train_santalimale_02610.wav	ᱚᱠᱛᱚ ᱨᱮ ᱵᱟᱝ ᱠᱟᱹᱢᱤ ᱞᱮᱠᱷᱟᱱ, ᱛᱟᱭᱱᱚᱢ ᱛᱮ ᱠᱟᱥᱛᱟᱣ ᱪᱷᱟᱰᱟ ᱫᱚ ᱪᱮᱫᱼᱟ ᱦᱚᱸ ᱵᱟᱝ ᱧᱟᱢᱚᱜᱼᱟᱟ।
train_santalimale_02611	wavs/train_santalimale_02611.wav	ᱜᱮᱭᱟᱱ ᱟᱨᱡᱟᱣ ᱨᱮᱭᱟᱠ, ᱨᱤᱡᱨᱚᱝ ᱨᱮᱭᱟᱜᱼᱟ, ᱫᱷᱚᱱᱚᱫᱩᱨᱤᱵ ᱚᱨᱡᱚᱱ ᱨᱮᱭᱟᱜᱼᱟ ᱟᱨ ᱮᱴᱟᱜᱼᱟᱮᱴᱟᱜᱼᱟ ᱠᱟᱹᱢᱤ ᱨᱮᱭᱟᱜᱼᱟ ᱦᱚᱸ ᱚᱠᱛᱚ ᱦᱩᱭᱩᱜᱼᱟ ᱠᱟᱱᱟ।
train_santalimale_02612	wavs/train_santalimale_02612.wav	ᱚᱠᱚᱭ ᱚᱜᱼᱟᱛᱮ ᱨᱮᱭᱟᱜᱼᱟ ᱟᱲᱟᱹᱝ ᱟᱸᱡᱚᱢ ᱠᱟᱛᱮ ᱚᱠᱛᱮ ᱱᱟᱹᱯᱤᱛᱚᱮ ᱠᱟᱢᱤᱭᱟ, ᱩᱱᱤ ᱫᱚ ᱠᱷᱟᱴᱤ ᱜᱮᱭ ᱞᱟᱦᱟᱜᱼᱟᱟ।
train_santalimale_02613	wavs/train_santalimale_02613.wav	ᱚᱠᱛᱮ ᱨᱮᱭᱟᱜᱼᱟ ᱟᱹᱰᱤ ᱢᱚᱦᱚᱛ ᱢᱮᱱᱟᱜᱼᱟᱟ।
train_santalimale_02614	wavs/train_santalimale_02614.wav	ᱥᱟᱱᱟᱢ ᱜᱩᱛᱤᱠᱟᱹᱲᱢᱤ ᱠᱚ ᱫᱟᱹᱲ ᱪᱟᱵᱟ ᱠᱮᱫᱟ।
train_santalimale_02615	wavs/train_santalimale_02615.wav	ᱡᱩᱢᱤ ᱡᱟᱭᱜᱟ ᱦᱚᱸᱭ ᱥᱟᱴᱷᱟ ᱪᱟᱵᱟ ᱠᱮᱫᱟ।
train_santalimale_02616	wavs/train_santalimale_02616.wav	ᱡᱚᱢᱚᱧᱩᱸ ᱨᱮᱭᱟᱜᱼᱟ ᱥᱟᱱᱟᱢ ᱩᱯᱟᱹᱭ ᱢᱩᱪᱟᱹᱫᱼᱟ ᱮᱱᱟ।
train_santalimale_02617	wavs/train_santalimale_02617.wav	ᱩᱱᱟᱹᱜᱼᱟ ᱢᱟᱨᱟᱝ ᱚᱲᱟᱜᱼᱟ ᱨᱮ ᱪᱩᱴᱤᱭᱟᱹ ᱠᱚ ᱫᱚᱱ ᱵᱟᱲᱟᱹᱭᱟ।
train_santalimale_02618	wavs/train_santalimale_02618.wav	ᱛᱟᱞᱟ ᱠᱩᱞᱦᱤ ᱥᱮᱡᱼᱟ ᱨᱮ ᱢᱟᱹᱸᱡᱷᱤ ᱵᱟᱵᱟᱭ ᱧᱟᱢ ᱠᱮᱫᱮᱭᱟ।
train_santalimale_02619	wavs/train_santalimale_02619.wav	ᱮᱠᱮᱱ ᱦᱟᱹᱬᱰᱤᱯᱟᱹᱩᱨᱟᱹ ᱧᱩᱸ, ᱛᱮ ᱠᱟᱹᱢᱤ ᱫᱚ ᱪᱟᱹᱞᱟᱜᱼᱟᱟ ᱵᱟᱵᱩ?
train_santalimale_02620	wavs/train_santalimale_02620.wav	ᱥᱟᱱᱟᱢ ᱡᱩᱢᱤᱧ ᱥᱟᱴᱷᱟ ᱪᱟᱵᱟ ᱠᱮᱫᱟ।
train_santalimale_02621	wavs/train_santalimale_02621.wav	ᱢᱮᱱᱠᱷᱟᱱ, ᱡᱚᱢᱚᱡᱤᱣᱮᱫᱚᱜᱼᱟ ᱞᱟᱹᱜᱤᱫᱼᱟ ᱫᱚ, ᱡᱟᱸᱦᱟᱸᱱᱟᱜᱼᱟ ᱩᱯᱟᱹᱭ ᱦᱩᱭᱩᱜᱼᱟ ᱜᱮᱭᱟ ᱛᱷᱚᱨ।
train_santalimale_02622	wavs/train_santalimale_02622.wav	ᱱᱟᱞᱦᱟᱛᱩᱢᱟᱹᱞ ᱠᱟᱛᱮ ᱦᱚᱸ ᱮᱨᱟᱦᱚᱯᱚᱱ ᱟᱥᱩᱞ ᱠᱚ ᱦᱩᱭᱩᱜᱼᱟ ᱜᱮᱭᱟ।
train_santalimale_02623	wavs/train_santalimale_02623.wav	ᱟᱛᱚ ᱨᱮᱱ ᱠᱚᱲᱟᱹ ᱠᱚ ᱵᱚᱨᱫᱷᱚᱢᱟᱱ ᱛᱮ ᱠᱟᱹᱢᱤ ᱠᱚ ᱪᱟᱞᱟᱜᱼᱟ ᱞᱟᱹᱜᱤᱫᱼᱟ।
train_santalimale_02624	wavs/train_santalimale_02624.wav	ᱢᱤᱫᱼᱟ ᱵᱤᱛᱟᱹ ᱞᱟᱡᱼᱟ ᱞᱟᱹᱜᱤᱫᱼᱟ, ᱥᱩᱛᱩᱜᱼᱟ ᱥᱟᱹᱢᱩᱝ ᱡᱤᱣᱤ ᱞᱟᱹᱜᱤᱫᱼᱟ, ᱥᱚᱝᱜᱮᱜᱼᱟ ᱦᱩᱭᱩᱜᱼᱟ ᱛᱤᱧ ᱜᱮᱭᱟ ᱢᱟᱹᱸᱡᱷᱤ ᱵᱟᱵᱟ।
train_santalimale_02625	wavs/train_santalimale_02625.wav	ᱟᱨ ᱥᱮᱨᱮᱧᱥᱮᱨᱮᱧ ᱛᱮ ᱪᱮᱛᱟᱱ ᱴᱚᱞᱟ ᱥᱮᱡᱼᱟᱮ ᱨᱟᱠᱟᱵᱼᱟ ᱮᱱᱟ।
train_santalimale_02626	wavs/train_santalimale_02626.wav	ᱵᱟᱲᱰᱤᱦ ᱟᱛᱚ ᱨᱮᱱ ᱢᱟᱸᱡᱷᱤ ᱦᱟᱲᱟᱹᱢᱟᱜᱼᱟ ᱠᱩᱞᱦᱤᱯᱤᱬᱲᱟᱹ ᱨᱮ ᱫᱩᱰᱩᱵᱼᱟ ᱠᱟᱛᱮ ᱟᱹᱭᱩᱵᱼᱟ ᱡᱚᱠᱷᱮᱡᱼᱟ ᱠᱚ ᱜᱟᱞᱢᱟᱨᱟᱣ ᱠᱟᱱᱟ।
train_santalimale_02627	wavs/train_santalimale_02627.wav	ᱵᱚᱨᱫᱷᱚᱢᱟᱱ ᱤᱴᱟᱹᱵᱷᱟᱴᱟ ᱠᱟᱹᱢᱤ ᱪᱟᱹᱞᱟᱜᱼᱟ ᱫᱚ ᱟᱹᱰᱤ ᱯᱚᱲᱛᱟ ᱜᱮᱭᱟ।
train_santalimale_02628	wavs/train_santalimale_02628.wav	ᱫᱤᱱᱠᱟᱞᱚᱢ ᱦᱟᱱᱟ ᱴᱚᱞᱟ ᱨᱮᱱ ᱢᱩᱥᱩᱡᱼᱟ ᱫᱮᱱᱟ ᱟᱨ ᱵᱩᱫᱷᱟᱹᱱ ᱛᱟᱠᱚ ᱠᱚ ᱪᱟᱹᱞᱟᱣ ᱞᱮᱱᱟ ᱟᱨ ᱰᱷᱮᱨ ᱴᱟᱠᱟ ᱠᱚ ᱠᱟᱢᱟᱣ ᱟᱹᱜᱩ ᱠᱮᱫᱟ।
train_santalimale_02629	wavs/train_santalimale_02629.wav	ᱢᱩᱥᱩᱡᱼᱟ ᱢᱟ ᱜᱷᱟᱹᱲᱤ ᱦᱚᱸᱭ ᱦᱟᱛᱟᱣ ᱫᱟᱨᱟᱣᱟᱱ ᱟᱨ ᱵᱩᱫᱷᱟᱹᱱ ᱢᱟ ᱥᱟᱤᱠᱤᱞ ᱜᱟᱹᱰᱤ।
train_santalimale_02630	wavs/train_santalimale_02630.wav	ᱟᱹᱭᱩᱵᱼᱟ ᱠᱷᱚᱱ ᱜᱮ ᱦᱚᱲ ᱠᱚ ᱥᱟᱯᱲᱟᱵᱚᱜᱼᱟ ᱠᱟᱱᱟ।
train_santalimale_02631	wavs/train_santalimale_02631.wav	ᱰᱤᱯᱪᱤ, ᱞᱩᱤᱦᱟᱹ, ᱵᱟᱹᱞᱴᱤᱱ ᱮᱢᱟᱱ ᱠᱚ ᱥᱟᱯᱲᱟᱹᱣ ᱠᱮᱫᱟ।
train_santalimale_02632	wavs/train_santalimale_02632.wav	ᱛᱮᱦᱮᱧ ᱜᱮ ᱢᱮᱸᱴᱚᱮ ᱞᱟᱭ ᱥᱟᱰᱮ ᱟᱠᱟᱫᱟ ᱡᱮ ᱡᱚᱛᱚ ᱦᱚᱲ ᱥᱟᱯᱲᱟᱣ ᱛᱟᱸᱦᱮᱸᱱ ᱯᱮ।
train_santalimale_02633	wavs/train_santalimale_02633.wav	ᱜᱟᱯᱟ ᱥᱮᱛᱟᱜᱼᱟ ᱨᱮ ᱴᱨᱟᱠᱜᱟᱹᱰᱤ ᱦᱤᱡᱩᱜᱼᱟᱟ।
train_santalimale_02634	wavs/train_santalimale_02634.wav	ᱥᱟᱢᱞᱟᱞ ᱛᱟᱠᱤᱱ ᱦᱚᱸᱠᱤᱱ ᱥᱟᱯᱲᱟᱹᱣ ᱟᱠᱟᱱᱟ।
train_santalimale_02635	wavs/train_santalimale_02635.wav	ᱥᱟᱢᱞᱟᱞ ᱛᱟᱹᱠᱤᱱ ᱦᱚᱸ ᱡᱩᱨᱤᱯᱟᱹᱨᱤ ᱟᱹᱠᱤᱱ ᱨᱮᱱ ᱡᱟᱞᱟ ᱥᱩᱛᱩᱜᱼᱟ ᱠᱟᱛᱮ ᱴᱨᱟᱠᱜᱟᱹᱰᱤ ᱨᱮᱠᱤᱱ ᱦᱮᱡᱼᱟ ᱮᱱᱟ।
train_santalimale_02636	wavs/train_santalimale_02636.wav	ᱠᱚᱴᱷᱟ ᱚᱲᱟᱜᱼᱟ ᱨᱮᱭᱟᱜᱼᱟ ᱪᱮᱛᱟᱱᱟᱜᱼᱟ ᱠᱟᱱᱫᱦᱟ।
train_santalimale_02637	wavs/train_santalimale_02637.wav	ᱯᱩᱨᱩᱵ ᱱᱟᱠᱷᱟ ᱨᱮᱭᱟᱜᱼᱟ ᱠᱷᱤᱲᱠᱤᱫᱩᱟᱹᱨ ᱠᱷᱚᱱᱮᱢ ᱠᱚᱭᱚᱜᱼᱟ ᱞᱮᱠᱷᱟᱱ ᱩᱛᱟᱹᱨ ᱠᱷᱚᱱ ᱫᱟᱹᱠᱷᱤᱱ ᱛᱮ ᱛᱤᱡᱼᱟ ᱟᱠᱟᱱ ᱦᱮᱱᱫᱮ ᱦᱟᱹᱨᱤᱭᱟᱹᱰ ᱦᱩᱥᱱᱟᱹᱜᱼᱟ ᱜᱮ ᱨᱟᱡᱢᱚᱦᱚᱞ ᱵᱩᱨᱩᱢ ᱧᱮᱞ ᱧᱟᱢᱟ, ᱢᱮᱱᱠᱷᱟᱱ ᱧᱩᱦᱩᱢᱚᱧᱤᱱᱫᱟ ᱠᱟᱱ ᱛᱮ ᱵᱩᱨᱩ ᱫᱚ ᱵᱟᱝ ᱧᱮᱞ ᱧᱟᱢᱚᱜᱼᱟ ᱠᱟᱱᱟ,।
train_santalimale_02638	wavs/train_santalimale_02638.wav	ᱮᱠᱮᱱ ᱵᱩᱨᱩ ᱪᱚᱴ ᱨᱮ ᱢᱮᱱᱟᱜᱼᱟ ᱥᱤᱸᱜᱟᱹᱨᱥᱤ ᱮᱭᱚᱨ ᱯᱷᱚᱨᱥ ᱥᱴᱮᱥᱚᱱ ᱨᱮᱭᱟᱜᱼᱟ ᱵᱟᱨᱭᱟ ᱯᱟᱱᱛᱮ ᱛᱮ ᱵᱤᱡᱞᱤᱵᱟᱹᱛᱤ ᱜᱮ ᱢᱟᱞᱠᱟᱣᱚᱜᱼᱟ ᱠᱟᱱ ᱵᱤᱞᱤᱫᱼᱟᱵᱟᱞᱟᱝ।
train_santalimale_02639	wavs/train_santalimale_02639.wav	ᱢᱩᱠᱷᱤ ᱫᱚ ᱠᱷᱤᱲᱠᱤ ᱥᱟᱢᱟᱝ ᱨᱮᱭ ᱫᱩᱰᱩᱵᱼᱟ ᱟᱠᱟᱱᱟ।
train_santalimale_02640	wavs/train_santalimale_02640.wav	ᱠᱷᱤᱲᱠᱤ ᱠᱷᱚᱱᱟᱜᱼᱟ ᱵᱚᱞᱚᱜᱼᱟ ᱠᱟᱱ ᱯᱩᱨᱣᱟᱹ ᱦᱤᱸᱥᱤᱫᱼᱟ ᱦᱚᱭ ᱛᱮ ᱩᱱᱤᱭᱟᱜᱼᱟ ᱵᱚᱦᱚᱜᱼᱟ ᱩᱵᱼᱟ ᱫᱚ ᱡᱷᱤᱞᱟᱹᱮᱱᱮᱡᱚᱜᱼᱟ ᱠᱟᱱ ᱞᱮᱠᱟ ᱵᱤᱫᱞᱟᱹᱭᱚᱵᱤᱫᱞᱟᱹᱭᱚᱜᱼᱟ ᱠᱟᱱ ᱛᱟᱦᱮᱸᱠᱟᱱᱟ।
train_santalimale_02641	wavs/train_santalimale_02641.wav	ᱛᱟᱨᱮᱱ ᱠᱷᱚᱱ ᱰᱟᱱᱰᱟ ᱥᱮᱡᱼᱟ ᱦᱚᱸᱥᱚᱨ ᱟᱠᱟᱱ ᱜᱚᱜᱚᱜᱼᱟ ᱥᱟᱲᱤᱟᱧᱪᱟᱨ ᱦᱚᱸ ᱜᱟᱹᱣᱤᱡᱼᱟᱮᱫᱼᱟ ᱠᱟᱱ ᱞᱮᱠᱟ ᱞᱟᱲᱟᱣᱚᱜᱼᱟ ᱠᱟᱱ ᱛᱟᱦᱮᱸᱠᱟᱱᱟ।
train_santalimale_02642	wavs/train_santalimale_02642.wav	ᱢᱮᱱᱠᱷᱟᱱ ᱪᱮᱫᱼᱟ ᱤᱭᱟᱹᱛᱮᱪᱚᱝ ᱱᱚᱟ ᱠᱚ ᱥᱟᱱᱟᱢ ᱦᱤᱲᱤᱝ ᱥᱟᱦᱟ ᱠᱟᱛᱮ ᱟᱡᱼᱟ ᱨᱮᱱ ᱡᱩᱨᱤ ᱫᱩᱜᱼᱟᱞᱟᱹᱰᱤᱡᱼᱟ ᱢᱚᱸᱜᱚᱞ ᱜᱮᱭ ᱠᱚᱭᱚᱜᱼᱟ ᱛᱷᱤᱨ ᱟᱠᱟᱫᱮᱭᱟ।
train_santalimale_02643	wavs/train_santalimale_02643.wav	ᱱᱚᱛᱮ ᱢᱚᱸᱜᱚᱞ ᱦᱚᱸ ᱪᱮᱫᱼᱟ ᱠᱚ ᱪᱚᱝ ᱟᱭᱢᱟ ᱞᱮᱠᱟᱱ ᱦᱩᱫᱤᱥ ᱨᱮᱭᱟᱜᱼᱟ ᱥᱟᱹᱢᱩᱫ ᱨᱮᱭ ᱩᱱᱩᱢ ᱟᱠᱟᱱ ᱛᱟᱦᱮᱸᱠᱟᱱᱟ।
train_santalimale_02644	wavs/train_santalimale_02644.wav	ᱜᱤᱛᱤᱡᱼᱟ ᱠᱟᱱᱫᱦᱟ ᱫᱚ ᱠᱟᱛᱷᱟᱭ ᱟᱡᱼᱟ ᱜᱮ ᱜᱤᱛᱤᱡᱼᱟ ᱛᱷᱤᱨ ᱟᱠᱟᱱ ᱞᱮᱠᱟ ᱥᱟᱡᱼᱟᱥᱩᱡᱼᱟ ᱥᱟᱱᱟᱴᱷ ᱜᱮ ᱟᱹᱤᱠᱟᱹᱣᱚᱜᱼᱟ ᱠᱟᱱ ᱛᱟᱦᱮᱸᱠᱟᱱᱟ।
train_santalimale_02645	wavs/train_santalimale_02645.wav	ᱢᱤᱫᱼᱟ ᱜᱷᱟᱹᱲᱤ ᱵᱟᱫ ᱚᱱᱟ ᱥᱟᱱᱟᱴᱷ ᱦᱚᱴᱟᱜᱼᱟ ᱜᱤᱰᱤᱭ ᱛᱩᱞᱩᱡᱼᱟ ᱵᱟᱹᱤ ᱟᱲᱟᱝ ᱛᱮ ᱢᱩᱠᱷᱤᱭ ᱢᱮᱱ ᱠᱮᱫᱟ ᱵᱟᱹᱜᱤᱭᱤᱧ ᱞᱟᱹᱜᱤᱫᱼᱟᱮᱢ?
train_santalimale_02646	wavs/train_santalimale_02646.wav	ᱜᱟᱹᱦᱤᱨ ᱢᱟᱪᱷᱟ ᱟᱲᱟᱹᱝ ᱛᱮ ᱢᱚᱸᱜᱚᱞ ᱮ ᱨᱚᱲ ᱨᱩᱣᱟᱹᱲ ᱠᱮᱫᱟ।
train_santalimale_02647	wavs/train_santalimale_02647.wav	ᱤᱧ ᱨᱮ ᱮᱫᱨᱮ ᱢᱮᱱᱟᱜᱼᱟ ᱛᱟᱢ ᱠᱷᱟᱱ ᱮᱜᱮᱨᱤᱧ ᱢᱮ, ᱮᱜᱮᱨ ᱛᱮ ᱵᱟᱢ ᱛᱤᱨᱚᱯᱤᱛᱚᱜᱼᱟ ᱠᱟᱱ ᱠᱷᱟᱱ ᱫᱟᱞᱮᱧ ᱢᱮ, ᱮᱱ ᱦᱚᱸ ᱟᱞᱚᱢ ᱵᱟᱹᱜᱤᱭᱤᱧ।
train_santalimale_02648	wavs/train_santalimale_02648.wav	ᱡᱩᱫᱤᱢ ᱵᱟᱹᱜᱤ ᱞᱤᱧ ᱠᱷᱟᱱ ᱪᱷᱟᱴᱠᱟ ᱨᱮᱭᱟᱜᱼᱟ ᱚᱱᱟ ᱠᱟᱨᱟᱢ ᱫᱟᱨᱮ ᱧᱮᱞ ᱢᱮ, ᱪᱷᱟᱴᱠᱟ ᱥᱮᱡᱼᱟ ᱞᱟᱣᱮᱨᱚᱜᱼᱟ ᱲᱟᱹᱨ ᱨᱮᱧ ᱯᱟᱹᱥᱤ ᱜᱩᱡᱩᱜᱼᱟᱟ।
train_santalimale_02649	wavs/train_santalimale_02649.wav	ᱢᱩᱠᱷᱤ, ᱤᱧ ᱞᱟᱹᱜᱤᱫᱼᱟ ᱩᱱᱟᱹᱜᱼᱟ ᱫᱩᱞᱟᱹᱲ ᱢᱮᱱᱟᱜᱼᱟᱛᱟᱢᱟ?
train_santalimale_02650	wavs/train_santalimale_02650.wav	ᱦᱮᱸ, ᱢᱮᱱᱟᱜᱼᱟ ᱛᱤᱧᱟᱹ, ᱡᱩᱫᱤ ᱫᱩᱞᱟᱹᱲ ᱧᱮᱞ ᱧᱟᱢᱚᱜᱼᱟ ᱠᱷᱟᱱ ᱠᱚᱲᱟᱹᱢ ᱚᱲᱮᱡᱼᱟ ᱠᱟᱛᱮᱧ ᱧᱮᱞ ᱚᱪᱚ ᱠᱮᱢᱟ।
train_santalimale_02651	wavs/train_santalimale_02651.wav	ᱢᱩᱠᱷᱤ, ᱤᱧ ᱦᱚᱸ ᱟᱢ ᱞᱟᱹᱜᱤᱫᱼᱟ ᱟᱹᱰᱤ ᱫᱩᱞᱟᱹᱲ ᱢᱮᱱᱟᱜᱼᱟ ᱛᱤᱧᱟᱹ, ᱡᱩᱫᱤ ᱟᱢ ᱨᱮ ᱫᱩᱞᱟᱹᱲ ᱵᱟᱝ ᱛᱟᱸᱦᱮᱸᱱ ᱛᱤᱧ ᱠᱷᱟᱱ ᱛᱮᱦᱮᱧ ᱠᱷᱚᱱ ᱵᱟᱨ ᱯᱷᱟᱹᱜᱩᱱ ᱞᱟᱦᱟ ᱨᱮᱧ ᱵᱟᱹᱜᱤ ᱠᱮᱢᱟ, ᱟᱨ ᱤᱧ ᱨᱮ ᱠᱚ ᱱᱚᱞᱟᱣ ᱞᱮᱫᱮ ᱨᱟᱢᱚᱯᱩᱨ ᱨᱟᱵᱚᱱ ᱦᱚᱯᱚᱱ ᱮᱨᱟ ᱨᱟᱥᱚᱢᱩᱱᱤᱧ ᱟᱹᱜᱩ ᱠᱮᱭᱟ।
train_santalimale_02652	wavs/train_santalimale_02652.wav	ᱢᱮᱱᱠᱷᱟᱱ ᱱᱚᱸᱝᱠᱟ ᱚᱦᱚ ᱦᱚᱭ ᱞᱮᱱᱟ।
train_santalimale_02653	wavs/train_santalimale_02653.wav	ᱟᱢ ᱫᱚ ᱢᱩᱠᱷᱤ, ᱤᱧ ᱠᱩᱥᱤ ᱛᱮᱧ ᱟᱹᱜᱩ ᱟᱠᱟᱫᱼᱟ ᱢᱮᱭᱟ, ᱤᱧᱟᱜᱼᱟ ᱡᱤᱫ ᱛᱮᱧ ᱟᱹᱜᱩ ᱟᱠᱟᱫᱼᱟ ᱢᱮᱭᱟ।
train_santalimale_02654	wavs/train_santalimale_02654.wav	ᱟᱞᱟᱝ ᱫᱚ ᱢᱩᱠᱷᱤ, ᱪᱟᱸᱫᱚ ᱪᱷᱟᱰᱟ ᱚᱠᱚᱭ ᱜᱮ ᱵᱟᱝ ᱠᱚ ᱵᱟᱯᱟᱜ ᱚᱪᱚ ᱫᱟᱲᱮᱹᱭᱟᱞᱟᱝᱟ।
train_santalimale_02655	wavs/train_santalimale_02655.wav	ᱟᱢ ᱫᱚ ᱤᱧᱟᱜᱼᱟ ᱚᱱᱛᱚᱨᱵᱟᱜᱟᱱ ᱨᱮᱱ ᱥᱩᱨᱩᱡᱚᱢᱩᱠᱷᱤ ᱵᱟᱦᱟ ᱜᱮ, ᱚᱦᱚᱧ ᱵᱟᱹᱜᱤ ᱠᱮᱢᱟ।
train_santalimale_02656	wavs/train_santalimale_02656.wav	ᱛᱚᱵᱮ ᱱᱮᱵᱮᱛᱟᱨ ᱩᱱᱟᱹᱜᱼᱟ ᱩᱫᱟᱹᱥ ᱟᱨ ᱢᱩᱞᱤᱱ ᱪᱮᱫᱟᱜᱼᱟᱮᱢ ᱧᱮᱞᱚᱜᱼᱟ ᱠᱟᱱᱟ?
train_santalimale_02657	wavs/train_santalimale_02657.wav	ᱵᱟᱝ ᱫᱩᱞᱟᱹᱲᱤᱭᱟ ᱵᱟᱝ, ᱩᱫᱟᱹᱥ ᱟᱨ ᱢᱩᱞᱤᱱ ᱨᱮᱭᱟᱜᱼᱟ ᱢᱟᱱᱮ ᱫᱚ ᱵᱟᱝ, ᱦᱩᱫᱤᱥ ᱨᱮᱭᱟᱜᱼᱟ ᱦᱚᱸ ᱫᱮᱞᱚᱜᱩᱰᱨᱮᱧ ᱮᱥᱮᱫᱼᱟ ᱜᱩᱰᱚᱜᱩᱲᱟᱹᱩ ᱚᱪᱚ ᱟᱠᱟᱱᱟ, ᱵᱟᱹᱧ ᱦᱩᱫᱤᱥ ᱫᱟᱰᱮᱭᱟᱜᱼᱟ ᱠᱟᱱᱟ ᱡᱮ ᱪᱮᱫᱼᱟ ᱤᱧ ᱪᱮᱠᱟᱭᱟ ᱢᱮᱱᱛᱮ?
train_santalimale_02658	wavs/train_santalimale_02658.wav	ᱜᱟᱱᱚᱜᱼᱟ ᱜᱮᱭᱟ, ᱜᱚᱜᱚ ᱟᱨ ᱢᱟᱢᱚ ᱣᱟᱜᱼᱟ ᱡᱤᱫ ᱠᱟᱱᱟ ᱚᱣᱟᱨᱤᱥ ᱡᱟᱹᱨᱩᱲᱟᱹᱠᱤᱱ ᱠᱟᱱᱟ, ᱜᱚᱲᱚᱢ ᱜᱤᱫᱨᱟᱹ ᱪᱮᱨᱮᱡᱼᱟ ᱥᱟᱱᱟᱭᱮᱫᱼᱟ ᱠᱤᱱᱟᱹ, ᱢᱮᱱᱠᱷᱟᱱ।
train_santalimale_02659	wavs/train_santalimale_02659.wav	ᱱᱚᱟ ᱠᱟᱛᱷᱟ ᱟᱸᱡᱚᱢ ᱥᱟᱸᱣ ᱛᱮ ᱢᱩᱠᱷᱤᱭᱟᱜᱼᱟ ᱢᱮᱫᱼᱟ ᱠᱤᱱ ᱫᱚ ᱢᱮᱫᱼᱟᱫᱟᱜᱼᱟ ᱛᱮ ᱵᱟᱸᱥᱱᱟᱹᱤ ᱵᱟᱱ ᱫᱟᱜᱼᱟ ᱞᱮᱠᱟ ᱯᱮᱨᱮᱡᱼᱟ ᱮᱱ ᱛᱮ ᱢᱚᱸᱜᱞᱟᱜᱼᱟ ᱠᱚᱲᱟᱹᱢ ᱨᱮ ᱦᱤᱰᱤᱨᱚᱦᱤᱰᱤᱨ ᱡᱚᱨᱚᱭᱮᱱᱟ।
train_santalimale_02660	wavs/train_santalimale_02660.wav	ᱠᱚᱲᱟᱹᱢ ᱦᱚᱸᱭ ᱞᱚᱦᱚᱫᱼᱟ ᱩᱛᱟᱹᱨ ᱠᱮᱫᱟ।
train_santalimale_02661	wavs/train_santalimale_02661.wav	ᱠᱷᱟᱱ ᱜᱮ ᱢᱚᱸᱜᱚᱞ ᱫᱚ ᱫᱩᱰᱩᱵᱼᱟ ᱠᱷᱚᱱᱮ ᱵᱮᱨᱮᱫᱼᱟ ᱮᱱᱟ ᱟᱨ ᱢᱩᱠᱷᱤ ᱟᱭᱟᱜᱼᱟ ᱞᱚᱦᱚᱫᱼᱟ ᱠᱚᱲᱟᱹᱢ ᱨᱮᱭ ᱦᱟᱹᱰᱩᱵᱼᱟ ᱡᱟᱞᱟᱱ ᱠᱮᱫᱮᱭᱟ।
train_santalimale_02662	wavs/train_santalimale_02662.wav	ᱵᱟᱝ ᱢᱩᱠᱷᱤ ᱵᱟᱝ, ᱢᱮᱫᱼᱟᱫᱟᱜᱼᱟ ᱫᱚ ᱟᱞᱚᱢ ᱡᱚᱨᱚᱭᱟ।
train_santalimale_02663	wavs/train_santalimale_02663.wav	ᱚᱠᱛᱮᱭ ᱜᱚᱲᱚᱣᱟᱢᱟ ᱥᱮ ᱵᱟᱝ ᱢᱮᱱᱠᱷᱟᱱ ᱤᱧ ᱫᱚ ᱛᱤᱨᱮᱡᱩᱜᱮ ᱟᱢᱟᱜᱼᱟ ᱜᱚᱲᱚᱨᱮᱧ ᱛᱟᱸᱦᱮᱸᱱᱟ।
train_santalimale_02664	wavs/train_santalimale_02664.wav	ᱛᱤᱥ ᱦᱚᱸ ᱵᱟᱹᱧ ᱵᱟᱹᱜᱤ ᱢᱮᱭᱟ, ᱱᱚᱟ ᱫᱚ ᱤᱧᱟᱹᱜᱼᱟ ᱨᱤᱠᱟᱹ ᱠᱟᱱᱟ।
train_santalimale_02665	wavs/train_santalimale_02665.wav	ᱱᱚᱟ ᱞᱮᱞᱮᱸᱜᱮᱫᱼᱟ ᱫᱷᱟᱹᱨᱛᱤ ᱯᱩᱨᱤ ᱨᱮ ᱟᱞᱟᱝ ᱢᱤᱫᱼᱟ ᱛᱮ ᱡᱤᱣᱮᱫᱼᱟ ᱵᱟᱞᱟ ᱛᱟᱦᱮᱸ ᱫᱟᱲᱮᱭᱟᱜᱼᱟ ᱠᱷᱟᱱ ᱢᱤᱫᱼᱟ ᱛᱮ ᱫᱚ ᱡᱟᱹᱱᱤᱪ ᱞᱟᱝ ᱜᱚᱪ ᱫᱟᱲᱮᱭᱟᱜᱼᱟ ᱜᱮᱭᱟ।
train_santalimale_02666	wavs/train_santalimale_02666.wav	ᱫᱮᱞᱟ ᱢᱩᱠᱷᱤ, ᱜᱤᱛᱤᱡᱼᱟ ᱟᱞᱟᱝ, ᱟᱹᱰᱤ ᱧᱤᱫᱟᱹ ᱮᱱᱟ, ᱦᱟᱱᱮ ᱜᱷᱟᱹᱲᱤ ᱧᱮᱞ ᱢᱮ ᱜᱤᱛᱤᱡᱼᱟ ᱞᱟᱹᱜᱤᱫᱼᱟ ᱮ ᱤᱥᱟᱹᱨᱟ ᱠᱟᱱᱟ।
train_santalimale_02667	wavs/train_santalimale_02667.wav	ᱵᱮᱞ ᱟᱠᱟᱫᱼᱟ ᱯᱟᱞᱟᱠᱯᱟᱨᱠᱚᱢ ᱨᱮ ᱵᱟᱱᱟ ᱦᱚᱲᱟᱹᱜᱼᱟ ᱮᱠᱮᱱ ᱦᱚᱲᱢᱚ ᱜᱮ ᱜᱤᱛᱤᱡᱼᱟ ᱟᱠᱟᱱᱟ, ᱢᱚᱱᱮᱡᱤᱣᱤ ᱫᱚ ᱵᱟᱝ।
train_santalimale_02668	wavs/train_santalimale_02668.wav	ᱚᱱᱛᱚᱨ ᱡᱤᱣᱤ ᱫᱚ ᱦᱩᱫᱤᱥ ᱨᱮᱭᱟᱜᱼᱟ ᱵᱷᱟᱨᱚᱬᱰᱚ ᱨᱮ ᱜᱩᱨᱞᱟᱹᱩ ᱵᱟᱲᱟᱹᱭ ᱠᱟᱱᱟ।
train_santalimale_02669	wavs/train_santalimale_02669.wav	ᱮᱱᱠᱟᱮᱱᱠᱟ ᱛᱮ ᱛᱤᱱ ᱨᱮᱪᱚ ᱠᱤᱱ ᱡᱟᱹᱯᱤᱫᱼᱟ ᱠᱮᱫᱼᱟ ᱚᱠᱚᱭ ᱜᱮ ᱵᱟᱠᱤᱱ ᱫᱤᱥᱟᱹ ᱞᱮᱫᱟ, ᱥᱤᱢᱨᱟᱜᱼᱟ ᱠᱷᱚᱱ ᱥᱮᱛᱟᱜᱼᱟ ᱯᱟᱭᱟᱨ ᱦᱟᱹᱵᱤᱡᱼᱟ ᱚᱲᱟᱜᱼᱟ ᱨᱮᱱ ᱜᱟᱭᱟ ᱥᱟᱹᱬᱰᱤᱭ ᱠᱩᱠᱚᱰᱩ ᱠᱟᱱ ᱨᱮ ᱦᱚᱸ ᱵᱟᱠᱤᱱ ᱫᱤᱥᱟᱹᱭᱮᱫᱟ।
train_santalimale_02670	wavs/train_santalimale_02670.wav	ᱥᱮᱛᱟᱜᱼᱟ ᱢᱟᱨᱥᱟᱞᱮᱱ ᱠᱷᱟᱱ ᱢᱚᱸᱜᱚᱞ ᱟᱪ ᱜᱚ ᱦᱤᱸᱥᱤ ᱜᱩᱦᱟᱹᱨᱮ ᱮᱦᱚᱵᱼᱟ ᱮᱱᱟ।
train_santalimale_02671	wavs/train_santalimale_02671.wav	ᱦᱮᱱᱫᱟ ᱵᱟᱹᱦᱩ ᱱᱤᱛ ᱦᱚᱸ ᱧᱤᱱᱫᱟᱹᱣᱟᱵᱮᱱ ᱠᱟᱱ ᱜᱮᱭᱟ?
train_santalimale_02672	wavs/train_santalimale_02672.wav	ᱫᱩᱱᱤᱭᱟᱹᱸ ᱨᱮᱱ ᱦᱚᱲ ᱠᱚ ᱵᱮᱨᱮᱫᱼᱟ ᱪᱟᱵᱟᱭᱮᱱ ᱨᱮᱦᱚᱸ ᱟᱢ ᱫᱚᱢ ᱥᱟᱱᱰᱟᱝ ᱟᱠᱟᱱ ᱜᱮᱭᱟ।
train_santalimale_02673	wavs/train_santalimale_02673.wav	ᱩᱱ ᱢᱟᱨᱟᱝ ᱧᱤᱱᱫᱟ ᱫᱚ ᱪᱮᱫᱼᱟ ᱮᱢ ᱥᱟᱠᱞᱟ ᱠᱟᱱ ᱛᱟᱸᱦᱮᱸᱱᱟ, ᱲᱟᱹᱱᱚᱜᱼᱟ ᱮᱢ ᱛᱩᱞ ᱞᱮᱱᱟ?
train_santalimale_02674	wavs/train_santalimale_02674.wav	ᱥᱤᱧᱚᱧᱤᱫᱟᱹ ᱦᱚᱯᱚᱱᱤᱧ ᱢᱟᱢ ᱠᱷᱤᱡᱞᱟᱹᱩ ᱪᱟᱵᱟ ᱠᱮᱫᱮ, ᱱᱤᱛ ᱦᱟᱹᱵᱤᱡᱼᱟ ᱛᱮᱦᱚᱸ।
train_santalimale_02675	wavs/train_santalimale_02675.wav	ᱮᱱᱛᱮᱫᱼᱟ ᱠᱩᱠᱷᱤ ᱢᱟ ᱥᱩᱱ ᱜᱮᱛᱟᱢ, ᱚᱠᱟ ᱠᱷᱚᱱ ᱠᱚ ᱦᱚᱭᱚᱜᱼᱟ ᱛᱟᱢᱟ, ᱵᱟᱸᱡᱷᱟ ᱢᱟᱨᱟ।
train_santalimale_02676	wavs/train_santalimale_02676.wav	ᱪᱮᱫᱼᱟ ᱠᱟᱱᱟ ᱜᱚ? ᱢᱟᱹᱦᱤᱨ ᱟᱲᱟᱝ ᱛᱮ ᱢᱩᱠᱷᱤᱭ ᱢᱮᱱ ᱠᱮᱫᱟ।
train_santalimale_02677	wavs/train_santalimale_02677.wav	ᱟᱢ ᱞᱟᱹᱜᱤᱫᱼᱟ ᱫᱚ ᱡᱩᱫᱟᱹ ᱛᱮ ᱥᱮᱛᱟᱜᱚᱜᱼᱟᱟ ᱥᱮ ᱪᱮᱛᱟ?
train_santalimale_02678	wavs/train_santalimale_02678.wav	ᱩᱱᱟᱹᱜᱼᱟ ᱥᱩᱠᱨᱮ ᱛᱟᱸᱦᱮᱸᱱ ᱵᱮᱱ ᱢᱮᱱᱮᱫᱼᱟ ᱠᱷᱟᱱ ᱟᱯᱟ ᱵᱟᱨᱮ ᱢᱮᱛᱟᱠᱚᱵᱮᱱ ᱢᱤᱫᱼᱟᱴᱮᱱ ᱠᱟᱹᱲᱢᱤ ᱠᱚ ᱟᱹᱜᱩᱣᱟᱵᱮᱱᱟ, ᱪᱮᱫᱼᱟ ᱵᱮᱱ ᱛᱮᱸᱜᱚ ᱛᱷᱤᱨᱮᱱᱟ, ᱨᱮᱦᱮᱫᱼᱟ ᱮᱱᱟ ᱵᱮᱱ ᱥᱮ ᱪᱮᱫᱼᱟ ᱠᱟᱹᱢᱤ ᱵᱟᱵᱮᱱ ᱧᱮᱞ ᱧᱟᱢᱮᱫᱟ, ᱚᱲᱟᱹᱜᱼᱟ ᱨᱮ ᱩᱱᱟᱹᱜᱼᱟ ᱠᱟᱹᱢᱤ ᱦᱟᱞᱵᱟᱞᱟᱜᱼᱟ ᱠᱟᱱ, ᱚᱠᱚᱭ ᱠᱟᱹᱢᱤᱭᱟ, ᱮᱸᱜᱟᱢ?
train_santalimale_02679	wavs/train_santalimale_02679.wav	ᱵᱩᱡᱷᱟᱹᱩ ᱛᱮᱧ ᱵᱷᱟᱨ ᱪᱟᱵᱟᱭᱮᱱᱟ, ᱵᱟᱝ ᱫᱚ ᱦᱚᱯᱚᱱᱤᱧ ᱫᱚᱭ ᱢᱩᱦᱱᱤ ᱚᱪᱚᱣᱟᱠᱟᱱ ᱵᱟᱝ ᱫᱚ ᱪᱮᱫᱼᱟ, ᱚᱠᱚᱨᱮ ᱵᱟᱹᱜᱤ ᱫᱟᱲᱮᱹᱣᱟᱭ ᱠᱟᱱᱟ।
train_santalimale_02680	wavs/train_santalimale_02680.wav	ᱢᱤᱫᱼᱟᱴᱮᱱ ᱦᱚᱸ ᱜᱤᱫᱨᱟᱹ ᱡᱟᱱᱟᱢ ᱨᱮᱭᱟᱜᱼᱟ ᱨᱚᱜ ᱢᱟ ᱵᱟᱹᱱᱩᱜᱼᱟ ᱛᱟᱭ, ᱱᱚᱬᱰᱮ ᱡᱚᱢᱡᱚᱢ ᱛᱮ ᱚᱠᱟ ᱞᱮᱠᱟ ᱞᱟᱡᱼᱟ ᱫᱟᱹᱨᱤᱭᱟᱹ ᱤᱫᱤᱜᱼᱟ ᱠᱟᱱ ᱛᱟᱭᱟ।
train_santalimale_02681	wavs/train_santalimale_02681.wav	ᱱᱚᱸᱝᱠᱟ ᱜᱮ ᱵᱟᱨᱚᱥᱚᱛᱨᱚ ᱦᱤᱸᱥᱤ ᱫᱚᱭ ᱨᱚᱲ ᱤᱫᱤ ᱠᱮᱫᱟ।
train_santalimale_02682	wavs/train_santalimale_02682.wav	ᱪᱮᱫᱼᱟ ᱠᱟᱱᱟ ᱜᱚ ᱩᱱᱟᱹᱜᱼᱟ ᱯᱟᱭᱟᱨ ᱠᱷᱚᱱ ᱪᱮᱫᱼᱟ ᱵᱮᱱ ᱨᱚᱯᱚᱲᱚᱜᱼᱟ ᱠᱟᱱᱟ?
train_santalimale_02683	wavs/train_santalimale_02683.wav	ᱛᱷᱚᱲᱟᱹ ᱨᱟᱸᱜᱟᱣ ᱥᱟᱞᱟᱜᱼᱟ ᱢᱚᱸᱜᱚᱞ ᱫᱚ ᱟᱡᱼᱟ ᱜᱚᱭ ᱠᱩᱞᱤ ᱠᱮᱫᱮᱭᱟ।
train_santalimale_02684	wavs/train_santalimale_02684.wav	ᱪᱮᱫᱼᱟ ᱤᱧ ᱢᱮᱛᱟᱢᱟ ᱴᱟ, ᱢᱟᱭᱟᱢ ᱪᱮᱛᱟᱱ ᱠᱷᱚᱱᱤᱧ ᱦᱟᱨᱟᱠᱮᱫᱼᱟ ᱢᱮᱭᱟ, ᱩᱞᱤᱫᱟᱜᱼᱟ ᱩᱞᱟᱹᱩᱞᱟᱹ ᱛᱮᱧ ᱢᱟᱹᱱᱩᱥ ᱠᱮᱫᱼᱟ ᱢᱮᱭᱟ, ᱟᱨ ᱱᱚᱝᱠᱟᱭ ᱱᱟᱞᱦᱟ ᱛᱩᱢᱟᱹᱞᱚᱛᱩᱢᱟᱹᱞ ᱛᱮ ᱟᱹᱠᱤᱞ ᱦᱚᱸᱧ ᱥᱮᱸᱰᱟ ᱚᱪᱚ ᱠᱮᱫᱼᱟ ᱢᱮᱭᱟ, ᱢᱮᱱᱠᱷᱟᱱ ᱟᱢᱟᱜᱼᱟ ᱵᱚᱦᱚᱜᱼᱟ ᱨᱮ ᱫᱚ।
train_santalimale_02685	wavs/train_santalimale_02685.wav	ᱥᱤᱧᱚᱧᱤᱱᱫᱟᱹ ᱵᱟᱹᱦᱩᱣᱟᱜᱼᱟ ᱢᱮᱫᱼᱟᱦᱟᱸ ᱜᱮ ᱧᱮᱞ ᱛᱟᱭ ᱢᱮ, ᱡᱩᱞᱩᱜᱼᱟ ᱠᱟᱱᱟᱭ ᱱᱟᱦᱟᱸᱜᱼᱟ।
train_santalimale_02686	wavs/train_santalimale_02686.wav	ᱱᱩᱤ ᱨᱮᱱ ᱟᱯᱟᱵᱟᱨᱮ ᱜᱮᱢ ᱵᱚᱛᱚᱨᱟᱠᱚ ᱠᱟᱱᱟ ᱥᱮ ᱪᱮᱛᱟ?
train_santalimale_02687	wavs/train_santalimale_02687.wav	ᱱᱩᱤ ᱵᱟᱹᱦᱩ ᱫᱚ ᱵᱟᱹᱜᱤᱭᱮᱢ, ᱟᱨ ᱩᱱᱤ ᱵᱚ ᱱᱚᱞᱟᱣ ᱞᱮᱫᱮ ᱨᱟᱢᱚᱯᱩᱨ ᱨᱟᱵᱚᱱ ᱦᱚᱯᱚᱱ ᱮᱨᱟ ᱨᱟᱥᱚᱢᱩᱱᱤ ᱵᱚ ᱟᱹᱜᱩᱭᱮᱭᱟ।
train_santalimale_02688	wavs/train_santalimale_02688.wav	ᱱᱩᱤ ᱠᱷᱚᱱ ᱫᱚ ᱡᱚᱛᱚ ᱞᱮᱠᱟ ᱛᱮᱭ ᱥᱚᱨᱚᱥ ᱜᱮᱭᱟ ᱟᱨ ᱚᱱᱠᱚ ᱜᱷᱟᱨᱚᱸᱧᱡ ᱨᱮᱱ ᱱᱤᱛ ᱦᱚᱸ ᱠᱚ ᱨᱮᱵᱮᱱ ᱜᱮᱭᱟ।
train_santalimale_02689	wavs/train_santalimale_02689.wav	ᱟᱨ ᱡᱩᱫᱤ ᱱᱩᱤ ᱜᱮᱢ ᱫᱚᱦᱚᱭᱮᱠᱷᱟᱱ ᱢᱤᱫᱼᱟ ᱫᱤᱱ ᱦᱟᱯᱮᱱ ᱟᱵᱚ ᱜᱷᱟᱨᱚᱸᱧᱡ ᱨᱮ ᱢᱟᱹᱞᱤ ᱡᱮᱨᱮᱫᱼᱟ ᱠᱚᱦᱚᱸ ᱵᱟᱝᱠᱚ ᱛᱟᱸᱦᱮᱸᱱᱟ।
train_santalimale_02690	wavs/train_santalimale_02690.wav	ᱟᱨ ᱱᱚᱜᱼᱟᱚᱭ ᱟᱹᱯᱩᱢᱮ ᱫᱷᱚᱱ ᱟᱠᱟᱣᱟᱫᱼᱟ ᱢᱮ ᱱᱚᱟ ᱦᱚᱸ ᱟᱹᱩᱲᱤᱭᱟᱜᱚᱜᱼᱟᱟ।
train_santalimale_02691	wavs/train_santalimale_02691.wav	ᱵᱮᱴᱟ ᱢᱚᱸᱜᱚᱞ, ᱱᱤᱛ ᱦᱚᱸ ᱟᱢ ᱫᱚ ᱟᱹᱰᱤ ᱫᱷᱮᱣ ᱜᱮᱢ ᱦᱩᱫᱤᱥ ᱡᱚᱝ ᱠᱟᱱᱟ, ᱟᱸᱡᱚᱢ ᱢᱮᱴᱟ ᱛᱤᱱ ᱨᱮ ᱟᱢ ᱦᱩᱰᱤᱧ ᱵᱮᱵᱩᱫ ᱠᱩᱞᱦᱤ ᱫᱷᱩᱲᱤ ᱨᱮᱢ ᱮᱱᱮᱡᱼᱟ ᱡᱚᱝ ᱠᱟᱱ ᱛᱟᱸᱦᱮᱸᱱᱟ।
train_santalimale_02692	wavs/train_santalimale_02692.wav	ᱩᱱ ᱚᱠᱛᱚ ᱨᱮ ᱟᱢ ᱵᱟᱵᱟ ᱞᱩᱵᱤᱱ ᱵᱟᱥᱠᱮ ᱫᱟᱠᱟ ᱡᱚᱢᱡᱚᱢ ᱛᱮ ᱥᱤᱢᱨᱟᱜᱼᱟ ᱥᱮᱛᱟᱜᱼᱟ ᱠᱷᱚᱱ ᱦᱟᱥᱟ ᱥᱟᱸᱣ ᱛᱟᱯᱟᱢᱛᱟᱯᱟᱢ ᱛᱮ ᱵᱟᱲᱮᱹ ᱥᱚᱠᱲᱟᱹ ᱨᱮᱭᱟᱜᱼᱟ ᱞᱟᱹᱴᱩᱞᱟᱹᱴᱩ ᱠᱷᱮᱛ ᱞᱤᱧ ᱵᱮᱱᱟᱣ ᱠᱮᱫᱟ।
train_santalimale_02693	wavs/train_santalimale_02693.wav	ᱤᱱᱟᱹ ᱛᱟᱭᱚᱢ ᱢᱟᱦᱟᱡᱚᱱ ᱴᱷᱮᱱ ᱠᱷᱚᱱ ᱨᱤᱱ ᱫᱷᱟᱨ ᱠᱟᱛᱮ ᱤᱛᱟᱹᱨᱟᱱᱩ ᱡᱚᱜᱟᱹᱲ ᱠᱟᱛᱮ ᱞᱤᱧ ᱪᱟᱥ ᱟᱵᱟᱫ ᱠᱮᱫᱟ।
train_santalimale_02694	wavs/train_santalimale_02694.wav	ᱟᱹᱞᱤᱧᱟᱜᱼᱟ ᱱᱚᱟ ᱠᱩᱨᱩᱢᱩᱴᱩ ᱫᱚ ᱵᱟᱝ ᱵᱮᱨᱛᱷᱟ ᱞᱮᱱᱟ।
train_santalimale_02695	wavs/train_santalimale_02695.wav	ᱩᱱ ᱠᱷᱚᱱ ᱟᱵᱚ ᱚᱲᱟᱜᱼᱟ ᱨᱮ ᱫᱷᱚᱱ ᱧᱮᱞ ᱧᱟᱢᱚᱜᱼᱟ ᱮᱦᱚᱵᱼᱟ ᱮᱱᱟ।
train_santalimale_02696	wavs/train_santalimale_02696.wav	ᱵᱟᱝ ᱫᱚ ᱫᱷᱚᱱ ᱨᱮᱭᱟᱜᱼᱟ ᱵᱟᱫᱤ ᱵᱟᱝ ᱫᱚ ᱪᱮᱫᱼᱟ ᱨᱮᱭᱟᱜᱼᱟ ᱤᱱᱟᱹ ᱥᱮᱨᱢᱟ ᱜᱮ ᱟᱢ ᱵᱟᱵᱟ ᱫᱚ ᱡᱟᱭᱚᱡᱩᱜ ᱞᱟᱹᱜᱤᱫᱼᱟ ᱮ ᱵᱟᱹᱜᱤᱭᱟᱫᱼᱟ ᱞᱟᱝᱟ।
train_santalimale_02697	wavs/train_santalimale_02697.wav	ᱤᱱᱟᱹ ᱛᱟᱭᱚᱢ ᱢᱟᱨᱟᱝ ᱢᱟᱢᱟ ᱢᱚᱲᱮᱸ ᱥᱮᱨᱢᱟᱥᱮᱨᱢᱟ ᱫᱤᱱ ᱱᱚᱬᱰᱮᱧ ᱫᱚᱦᱚ ᱠᱮᱫᱮᱭᱟ ᱜᱟᱲᱤ ᱞᱟᱹᱜᱤᱫᱼᱟ।
train_santalimale_02698	wavs/train_santalimale_02698.wav	ᱱᱤᱛ ᱦᱚᱸ ᱤᱧᱟᱹᱜᱼᱟ ᱡᱤᱣᱤ ᱨᱮ ᱫᱷᱤᱨᱡᱟᱹ ᱵᱟᱹᱱᱩᱜᱼᱟ ᱟᱱᱮᱡᱼᱟ, ᱯᱟᱥᱮᱡᱼᱟ ᱚᱱᱠᱟᱱ ᱢᱩᱦᱤᱢ ᱨᱮᱭᱟᱜᱼᱟ ᱵᱷᱟᱨᱚᱬᱰᱚ ᱟᱨ ᱦᱚᱸ ᱜᱩᱨᱞᱟᱹᱩ ᱦᱤᱡᱩᱜᱼᱟ।
train_santalimale_02699	wavs/train_santalimale_02699.wav	ᱚᱱᱟ ᱤᱭᱟᱹ ᱛᱮ ᱱᱤᱛ ᱟᱵᱚᱣᱟᱜᱼᱟ ᱜᱷᱟᱨᱚᱸᱡ ᱨᱮ ᱚᱣᱟᱨᱤᱥ ᱨᱮᱭᱟᱜᱼᱟ ᱞᱟᱹᱜᱛᱤ ᱢᱮᱱᱟᱜᱼᱟᱟ।
train_santalimale_02700	wavs/train_santalimale_02700.wav	ᱚᱣᱟᱨᱤᱥ ᱨᱮᱭᱟᱜᱼᱟ ᱩᱱᱟᱹᱜᱼᱟ ᱞᱟᱹᱜᱛᱤ ᱢᱮᱱᱟᱜᱼᱟ ᱠᱷᱟᱱ ᱡᱟᱦᱟᱸ ᱠᱷᱚᱱ ᱵᱚ ᱵᱟᱰᱦᱟ ᱟᱹᱜᱩ ᱠᱚᱟ।
train_santalimale_02701	wavs/train_santalimale_02701.wav	ᱱᱮᱦᱚᱨ ᱟᱲᱟᱝ ᱛᱮ ᱢᱚᱸᱜᱚᱞ ᱮ ᱢᱮᱱ ᱠᱮᱫᱟ।
train_santalimale_02702	wavs/train_santalimale_02702.wav	ᱛᱮᱦᱮᱸᱧ ᱞᱩᱛᱩᱨ ᱵᱤᱫᱼᱟ ᱠᱟᱛᱮ ᱟᱸᱡᱚᱢ ᱢᱮ ᱢᱚᱸᱲᱮ ᱢᱟᱦᱟᱸ ᱵᱷᱤᱛᱨᱤ ᱛᱮ ᱱᱩᱤ ᱵᱟᱹᱦᱩ ᱵᱟᱢ ᱵᱟᱹᱜᱤ ᱞᱮᱠᱷᱟᱱ ᱡᱤᱣᱟᱹᱫᱼᱟ ᱫᱚ ᱵᱟᱢ ᱧᱟᱢᱮᱧᱟ।
train_santalimale_02703	wavs/train_santalimale_02703.wav	ᱢᱚᱸᱜᱚᱞ ᱫᱚ ᱟᱡᱼᱟ ᱜᱚᱣᱟᱜᱼᱟ ᱥᱟᱱᱟᱢ ᱠᱟᱛᱷᱟᱭ ᱟᱧᱡᱚᱢ ᱛᱷᱤᱨ ᱟᱠᱟᱫᱟ।
train_santalimale_02704	wavs/train_santalimale_02704.wav	ᱢᱤᱫᱼᱟ ᱜᱷᱟᱹᱲᱤ ᱵᱟᱫ ᱛᱤ ᱨᱮᱭ ᱛᱚᱞ ᱟᱠᱟᱫᱼᱟ ᱜᱷᱟᱹᱲᱤᱭ ᱚᱭᱚᱝ ᱠᱮᱫᱟ, ᱤᱨᱟᱹᱞ ᱠᱷᱚᱱ ᱦᱚᱸ ᱵᱟᱹᱲᱛᱤ ᱴᱟᱲᱟᱝ ᱦᱚᱭᱟᱠᱟᱱ ᱛᱟᱦᱮᱸᱠᱟᱱᱟ।
train_santalimale_02705	wavs/train_santalimale_02705.wav	ᱟᱹᱰᱤ ᱩᱥᱟᱹᱨᱟ ᱩᱢᱥᱟᱯᱷᱟ ᱠᱟᱛᱮ ᱵᱟᱥᱠᱮᱭᱟᱜᱼᱟ ᱮ ᱡᱚᱢ ᱠᱮᱫᱟ ᱟᱨ ᱚᱯᱷᱤᱥ ᱪᱟᱞᱟᱜᱼᱟ ᱞᱟᱹᱜᱤᱫᱼᱟ ᱜᱟᱹᱰᱤ ᱥᱟᱵᱼᱟ ᱥᱚᱲᱚᱠ ᱥᱮᱡᱼᱟ ᱮ ᱢᱚᱦᱚᱬᱰᱟᱭᱮᱱᱟ।
train_santalimale_02706	wavs/train_santalimale_02706.wav	ᱢᱤᱫᱼᱟ ᱜᱷᱟᱹᱲᱤ ᱠᱷᱟᱱ ᱜᱮ ᱯᱷᱚᱨᱚᱠᱠᱟᱜᱚᱰᱰᱟ ᱵᱷᱩᱛᱯᱩᱨᱣ ᱥᱮᱭᱱᱤᱠ ᱮᱠᱥᱚᱯᱨᱮᱥ ᱫᱚ ᱦᱩᱨᱚᱦᱩᱨᱟᱹᱩ ᱟᱛᱮ ᱧᱤᱨ ᱦᱮᱡᱼᱟ ᱮᱱᱟ, ᱜᱟᱹᱰᱤ ᱨᱮᱭ ᱫᱮᱡᱼᱟ ᱮᱱ ᱛᱮ ᱜᱟᱹᱰᱤ ᱫᱚ ᱥᱤᱴᱤ ᱭᱟᱛᱮ ᱟᱹᱰᱤ ᱨᱟᱸᱜᱟᱣ ᱜᱚᱰᱰᱟ ᱥᱮᱡᱼᱟ ᱢᱚᱦᱚᱬᱰᱟᱭᱮᱱᱟ।
train_santalimale_02707	wavs/train_santalimale_02707.wav	ᱜᱟᱹᱰᱤ ᱛᱟᱭᱚᱢ ᱥᱮᱡᱼᱟ ᱨᱮ ᱚᱞ ᱛᱟᱦᱮᱸᱠᱟᱱᱟ ᱟᱨ ᱦᱚᱸ ᱞᱟᱝ ᱧᱟᱯᱟᱢᱟ।
train_santalimale_02708	wavs/train_santalimale_02708.wav	ᱚᱯᱷᱤᱥ ᱥᱮᱱ ᱠᱟᱛᱮ ᱢᱚᱸᱜᱚᱞ ᱫᱚ ᱪᱮᱫᱼᱟ ᱠᱟᱹᱢᱤ ᱨᱮᱜᱮ ᱢᱚᱱᱮ ᱫᱚ ᱵᱟᱝ ᱞᱟᱜᱟᱣᱚᱜᱼᱟ ᱠᱟᱱ ᱛᱟᱭᱟ, ᱜᱷᱟᱱᱮ ᱦᱟᱱᱟᱭ ᱡᱚᱴᱮᱫᱼᱟ ᱧᱚᱜᱼᱟ ᱮᱫᱟ ᱜᱷᱟᱱᱮ ᱱᱦᱟᱣᱟᱸ।
train_santalimale_02709	wavs/train_santalimale_02709.wav	ᱢᱚᱸᱜᱞᱟᱜᱼᱟ ᱢᱮᱛᱦᱟᱸ ᱨᱮ ᱢᱩᱥᱠᱤᱞ ᱨᱮᱭᱟᱜᱼᱟ ᱯᱩᱨᱴᱷᱟᱹ ᱢᱩᱴᱷᱟᱹᱱ ᱨᱮᱭᱟᱜᱼᱟ ᱡᱷᱟᱞᱟᱠ ᱧᱮᱞ ᱧᱟᱢᱚᱜᱼᱟ ᱠᱟᱱ ᱛᱟᱦᱮᱸᱠᱟᱱᱟ।
train_santalimale_02710	wavs/train_santalimale_02710.wav	ᱡᱟᱦᱟᱸᱭ ᱜᱮ ᱩᱱᱤᱭᱟᱜᱼᱟ ᱢᱮᱫᱼᱟᱦᱟᱸ ᱧᱮᱞ ᱛᱮᱢ ᱵᱩᱡᱷᱟᱹᱩ ᱜᱚᱫᱼᱟ ᱠᱮᱭᱟ।
train_santalimale_02711	wavs/train_santalimale_02711.wav	ᱚᱱᱠᱟ ᱧᱮᱞ ᱠᱟᱛᱮ ᱟᱡᱼᱟ ᱨᱮᱱ ᱜᱟᱛᱮ ᱡᱤᱛᱟᱹᱱ ᱮ ᱠᱩᱞᱤ ᱠᱮᱫᱮᱭᱟ ᱢᱩᱥᱠᱤᱞ ᱨᱮᱢ ᱯᱟᱲᱟᱹᱣᱟᱠᱟᱱ ᱞᱮᱠᱟᱧ ᱧᱮᱞᱮᱫᱼᱟ ᱢᱮᱭᱟ ᱢᱚᱸᱜᱚᱞᱫᱟ?
train_santalimale_02712	wavs/train_santalimale_02712.wav	ᱢᱩᱥᱠᱤᱞ ᱨᱮᱭᱟᱜᱼᱟ ᱠᱟᱛᱷᱟ ᱫᱚ ᱵᱟᱝ, ᱚᱯᱷᱤᱥ ᱨᱮ ᱛᱮᱦᱮᱧ ᱟᱭᱢᱟ ᱯᱷᱟᱤᱞ ᱦᱮᱡᱼᱟ ᱟᱠᱟᱱᱟ, ᱱᱚᱟ ᱠᱚ ᱥᱟᱱᱟᱢ ᱛᱮᱦᱮᱧ ᱜᱮ ᱠᱟᱹᱢᱤ ᱯᱩᱨᱟᱹᱩ ᱠᱟᱛᱮ ᱠᱚᱠᱚᱞ ᱦᱚᱭᱚᱜᱼᱟᱟ।
train_santalimale_02713	wavs/train_santalimale_02713.wav	ᱡᱩᱫᱤ ᱪᱟᱨ ᱵᱟᱹᱧᱟ ᱛᱮ ᱵᱟᱹᱧ ᱯᱩᱨᱟᱹᱩ ᱞᱮᱠᱷᱟᱱ ᱜᱟᱹᱰᱤ ᱦᱚᱸ ᱵᱟᱹᱧ ᱥᱟᱵᱼᱟ ᱫᱟᱲᱮᱭᱟᱜᱼᱟᱟ ᱱᱟᱦᱟᱸᱜᱼᱟ, ᱟᱨ ᱱᱚᱛᱮ ᱚᱲᱟᱜᱼᱟ ᱨᱮᱦᱚᱸ ᱡᱟᱹᱨᱩᱲ ᱠᱟᱹᱢᱤ ᱢᱮᱱᱟᱜᱼᱟᱟ।
train_santalimale_02714	wavs/train_santalimale_02714.wav	ᱚᱱᱟ ᱛᱮᱧ ᱦᱩᱫᱤᱥ ᱠᱟᱱᱟ ᱪᱮᱠᱟᱛᱮᱧ ᱯᱩᱨᱟᱹᱣᱟ।
train_santalimale_02715	wavs/train_santalimale_02715.wav	ᱥᱟᱹᱨᱤ ᱠᱟᱛᱷᱟ ᱵᱟᱝ ᱞᱟᱹᱤ ᱠᱟᱛᱮ ᱢᱚᱸᱜᱚᱞ ᱫᱚ ᱮᱴᱟᱜᱼᱟ ᱥᱮᱡᱼᱟ ᱠᱟᱛᱷᱟᱭ ᱟᱛᱨᱮ ᱤᱫᱤ ᱠᱮᱫᱟ।
train_santalimale_02716	wavs/train_santalimale_02716.wav	ᱢᱤᱫᱼᱟ ᱴᱟᱰᱷ ᱯᱷᱟᱤᱞ ᱡᱤᱛᱟᱹᱱ ᱪᱟᱞᱟᱭ ᱛᱩᱞᱩᱡᱼᱟ ᱢᱚᱸᱜᱚᱞ ᱮ ᱢᱮᱱ ᱠᱮᱫᱟ ᱱᱚᱠᱚᱚᱭ ᱱᱚᱟ ᱯᱷᱟᱤᱞ ᱫᱚ ᱟᱢ ᱴᱷᱮᱱ ᱜᱮ ᱫᱚᱦᱚ ᱦᱟᱛᱟᱲ ᱢᱮᱸ, ᱱᱚᱟ ᱨᱮ ᱢᱤᱫᱼᱟ ᱵᱟᱨ ᱡᱟᱹᱨᱩᱲᱟᱱᱟᱜᱼᱟ ᱠᱟᱜᱚᱡ ᱠᱚ ᱢᱮᱱᱟᱜᱼᱟ ᱛᱤᱧᱟᱹ।
train_santalimale_02717	wavs/train_santalimale_02717.wav	ᱠᱟᱹᱢᱤ ᱯᱟᱲᱟᱣ ᱞᱮᱱ ᱠᱷᱟᱱᱤᱡ ᱠᱚᱭ ᱢᱮᱭᱟ ᱱᱟᱦᱟᱸᱜᱼᱟ, ᱟᱨ ᱤᱧ ᱵᱟᱹᱧ ᱛᱟᱸᱦᱮᱸᱱ ᱠᱷᱟᱱ ᱢᱩᱠᱷᱤ ᱜᱮ ᱱᱟᱦᱟᱸᱜᱼᱟ ᱮᱢ ᱮᱢᱟᱭᱟ।
train_santalimale_02718	wavs/train_santalimale_02718.wav	ᱛᱮᱦᱮᱧ ᱫᱚ ᱥᱟᱹᱨᱫᱤ ᱢᱟᱦᱟᱸ ᱪᱟᱸᱫᱱᱟ ᱦᱟᱹᱴᱤᱭᱟᱹ।
train_santalimale_02719	wavs/train_santalimale_02719.wav	ᱤᱱᱟᱹ ᱴᱚᱴᱷᱟ ᱨᱮᱭᱟᱜᱼᱟ ᱢᱟᱨᱟᱝ ᱦᱟᱯᱛᱟᱠᱤᱭᱟᱹ ᱦᱟᱹᱴᱤᱭᱟᱹ।
train_santalimale_02720	wavs/train_santalimale_02720.wav	ᱦᱟᱹᱴᱤᱭᱟᱹ ᱥᱮᱡᱼᱟ ᱠᱷᱚᱱ ᱜᱮ ᱢᱚᱸᱜᱚᱞ ᱟᱡᱼᱟ ᱢᱟᱢᱟᱢᱟᱹᱢᱤ ᱠᱤᱱ ᱦᱮᱡᱼᱟ ᱟᱠᱟᱱ ᱛᱟᱸᱦᱮᱸᱱᱟ।
train_santalimale_02721	wavs/train_santalimale_02721.wav	ᱥᱟᱸᱣ ᱛᱮ ᱢᱟᱨᱟᱝ ᱫᱟᱹᱤ ᱦᱚᱸ ᱠᱤᱱ ᱟᱹᱜᱩ ᱫᱟᱨᱟᱣᱟᱠᱟᱫᱮ ᱛᱟᱦᱮᱸᱠᱟᱱᱟ।
train_santalimale_02722	wavs/train_santalimale_02722.wav	ᱦᱤᱸᱥᱤ ᱫᱚ ᱵᱟᱨᱮᱛ ᱛᱮᱫᱼᱟ ᱛᱟᱹᱠᱤᱱ ᱢᱟᱹᱨᱡᱟᱹᱛ ᱠᱤᱱ ᱞᱟᱹᱜᱤᱫᱼᱟ ᱦᱟᱱᱟᱱᱦᱣᱟᱸᱭ ᱥᱟᱵᱼᱟ ᱥᱚᱨᱮᱫᱼᱟ ᱛᱟᱦᱮᱸᱠᱟᱱᱟ।
train_santalimale_02723	wavs/train_santalimale_02723.wav	ᱢᱤᱫᱼᱟ ᱜᱷᱟᱹᱲᱤ ᱠᱷᱟᱱ ᱜᱮ ᱯᱚᱬᱰ ᱥᱟᱫᱚᱢ ᱠᱚ ᱠᱷᱩᱬᱴᱟᱹᱩ ᱠᱮᱫᱮᱭᱟ।
train_santalimale_02724	wavs/train_santalimale_02724.wav	ᱵᱟᱵᱟᱨ ᱫᱚᱢ ᱫᱩᱞᱟᱜᱼᱟ ᱫᱚ ᱠᱚ ᱟᱸᱡᱮᱫᱼᱟ ᱟᱠᱟᱫᱼᱟ ᱛᱟᱸᱦᱮᱸᱱᱟ ᱤᱱᱟᱹᱜᱼᱟ ᱛᱮᱜᱮ ᱢᱟᱢᱚᱛ ᱛᱮᱫᱼᱟ ᱮ ᱢᱮᱱ ᱜᱚᱫᱼᱟ ᱠᱮᱫᱟ ᱵᱷᱟᱹᱜᱱᱟᱹ ᱦᱚ ᱮᱴᱟᱜᱼᱟ ᱵᱟᱹᱦᱩ ᱵᱚᱱ ᱧᱟᱢ ᱠᱚᱟ, ᱱᱩᱤ ᱫᱚ ᱵᱚᱱ ᱵᱟᱹᱜᱤ ᱠᱟᱭᱟ।
train_santalimale_02725	wavs/train_santalimale_02725.wav	ᱱᱩᱤ ᱦᱚᱛᱮ ᱛᱮ ᱫᱚ ᱜᱷᱟᱨᱚᱸᱧᱡᱞᱟᱹᱩᱠᱟᱹ ᱞᱟᱦᱟ ᱥᱮᱡᱼᱟ ᱫᱚ ᱚᱠᱚ ᱵᱟᱲᱟᱹᱭ ᱵᱟᱝ ᱪᱟᱞᱟᱜᱼᱟᱟ।
train_santalimale_02726	wavs/train_santalimale_02726.wav	ᱟᱡᱼᱟ ᱢᱟᱢᱟᱢᱟᱹᱢᱤᱭᱟᱜᱼᱟ ᱠᱟᱛᱷᱟ ᱟᱸᱡᱚᱢ ᱠᱟᱛᱮ ᱢᱚᱸᱜᱚᱞ ᱫᱚ ᱥᱟᱨᱞᱟᱜᱼᱟ ᱮᱱ ᱞᱮᱠᱟᱭ ᱟᱴᱠᱟᱨ ᱠᱮᱫᱟ।
train_santalimale_02727	wavs/train_santalimale_02727.wav	ᱢᱤᱫᱼᱟ ᱜᱷᱟᱹᱲᱤ ᱛᱩᱢᱵᱩᱫᱼᱟ ᱛᱷᱤᱨ ᱛᱟᱦᱮᱸᱠᱟᱛᱮᱭ ᱢᱮᱱ ᱠᱮᱫᱟ ᱦᱮᱸ ᱢᱟᱢᱚ ᱮᱴᱟᱜᱼᱟ ᱠᱚᱵᱚ ᱧᱟᱢ ᱠᱚᱟ, ᱢᱮᱱᱠᱷᱟᱱ ᱱᱩᱤ ᱦᱚᱸ ᱛᱟᱦᱮᱸ ᱚᱪᱚᱣᱟᱭ।
train_santalimale_02728	wavs/train_santalimale_02728.wav	ᱤᱱᱟᱹᱜᱼᱟ ᱛᱮᱜᱮ ᱦᱤᱸᱥᱤᱭ ᱢᱮᱱ ᱜᱚᱫᱼᱟ ᱠᱮᱫᱟ ᱱᱩᱤ ᱵᱮᱜᱚᱨ ᱵᱟᱹᱜᱤ ᱛᱮ ᱨᱟᱥᱚᱢᱩᱱᱤ ᱫᱚ ᱛᱤᱥ ᱦᱚᱸ ᱵᱟᱭ ᱨᱮᱵᱮᱱᱟ।
train_santalimale_02729	wavs/train_santalimale_02729.wav	ᱟᱫᱚ ᱪᱮᱫᱼᱟ ᱱᱩᱱ ᱢᱟᱨᱟᱝ ᱥᱚᱸᱥᱟᱨ ᱨᱮ ᱮᱠᱮᱱ ᱨᱟᱥᱚᱢᱩᱱᱤ ᱜᱮ ᱢᱮᱱᱟᱭᱟ, ᱮᱴᱟᱜᱼᱟ ᱠᱩᱲᱤ ᱦᱚᱯᱚᱱ ᱫᱚ ᱵᱟᱹᱱᱩᱜᱼᱟ ᱠᱚᱟ।
train_santalimale_02730	wavs/train_santalimale_02730.wav	ᱠᱮᱴᱮᱡᱼᱟ ᱟᱲᱟᱝ ᱛᱮ ᱢᱚᱸᱜᱚᱞ ᱮ ᱢᱮᱱ ᱠᱮᱫᱟ।
train_santalimale_02731	wavs/train_santalimale_02731.wav	ᱢᱮᱱᱟᱜᱼᱟ ᱠᱚ ᱜᱮᱭᱟ, ᱢᱮᱱᱠᱷᱟᱱ ᱨᱟᱥᱚᱢᱩᱱᱤ ᱫᱚ ᱞᱟᱦᱟ ᱠᱷᱚᱱ ᱵᱚ ᱱᱚᱞᱟᱣ ᱟᱠᱟᱫᱮ ᱛᱟᱸᱦᱮᱸᱱᱟ ᱟᱨ ᱱᱤᱛ ᱦᱟᱹᱵᱤᱡᱼᱟ ᱛᱮ ᱩᱱᱤ ᱵᱟᱵᱚᱛ ᱡᱟᱦᱟᱸᱱ ᱚᱥᱚᱢᱟᱡᱤᱭᱟᱹ ᱠᱟᱛᱷᱟ ᱠᱚ ᱦᱚᱸ ᱵᱟᱝ ᱟᱸᱡᱚᱢ ᱵᱟᱲᱟᱹᱣᱟᱠᱟᱱᱟ।
train_santalimale_02732	wavs/train_santalimale_02732.wav	ᱱᱚᱛᱮ ᱪᱮᱫᱼᱟ ᱠᱟᱹᱢᱤ ᱨᱮᱜᱮ ᱵᱟᱢ ᱦᱟᱨᱟᱣ ᱫᱟᱲᱮᱹᱣᱟᱭᱟ, ᱥᱟᱱᱟᱢᱟᱜᱼᱟ ᱨᱮᱜᱮᱭ ᱞᱟᱠᱮᱨ ᱜᱮᱭᱟ ᱟᱨ ᱚᱠᱚᱭ ᱜᱮ ᱵᱟᱝ ᱠᱚ ᱫᱩᱥᱟᱹᱩ ᱫᱟᱲᱮᱹ ᱠᱮᱭᱟ।
train_santalimale_02733	wavs/train_santalimale_02733.wav	ᱢᱮᱢᱚᱱᱠᱷᱟᱱ ᱟᱢ ᱫᱚ ᱟᱢᱟᱜᱼᱟ ᱡᱤᱫ ᱛᱮ ᱱᱩᱤ ᱵᱟᱹᱦᱩ ᱫᱚᱢ ᱟᱹᱜᱩᱣᱟᱠᱟᱫᱮᱭᱟ।
train_santalimale_02734	wavs/train_santalimale_02734.wav	ᱫᱚ ᱨᱟᱥᱚᱢᱩᱱᱤ ᱜᱮ ᱟᱹᱠᱚᱜᱩᱮᱢ ᱢᱮᱱ ᱮᱫᱼᱟ ᱠᱷᱟᱱ ᱨᱟᱥᱚᱢᱩᱱᱤ ᱞᱟᱹᱜᱤᱫᱼᱟ ᱛᱮ ᱤᱧᱟᱹᱜᱼᱟ ᱚᱱᱛᱚᱨ ᱵᱟᱜᱟᱱ ᱨᱮᱭᱟᱜᱼᱟ ᱥᱟᱲ ᱟᱠᱟᱱ ᱥᱩᱨᱩᱡᱚᱢᱩᱠᱷᱤ ᱵᱟᱦᱟ ᱫᱚ ᱵᱟᱹᱧ ᱥᱤᱫᱼᱟ ᱜᱤᱰᱤᱭᱟ।
train_santalimale_02735	wavs/train_santalimale_02735.wav	ᱤᱱᱟᱹᱜᱼᱟ ᱛᱮᱜᱮ ᱯᱚᱬᱰ ᱥᱟᱫᱚᱢ ᱫᱚ ᱠᱚ ᱠᱟᱢᱥᱟᱣ ᱢᱚᱠᱚᱧ ᱠᱮᱫᱮᱭᱟ, ᱟᱨ ᱱᱚᱛᱮ ᱠᱮᱫᱚᱜᱼᱟ ᱦᱚᱸ ᱥᱟᱹᱛ ᱵᱟᱲᱟᱹᱭᱮᱱ ᱛᱮ ᱡᱚᱛᱚ ᱠᱚ ᱡᱚᱢ ᱡᱤᱨᱟᱹᱣᱮᱱᱟ, ᱢᱮᱱᱠᱷᱟᱱ ᱢᱚᱸᱜᱚᱞ ᱫᱚ ᱵᱟᱭ ᱡᱚᱢ ᱞᱮᱫᱟ, ᱵᱤᱱ ᱡᱚᱢ ᱛᱮᱜᱮ ᱜᱤᱛᱤᱡᱼᱟ ᱠᱟᱱᱫᱦᱟ ᱛᱮᱭ ᱵᱚᱞᱚᱭᱮᱱᱟ।
train_santalimale_02736	wavs/train_santalimale_02736.wav	ᱡᱚᱛᱚ ᱠᱚ ᱜᱤᱛᱤᱡᱼᱟ ᱥᱟᱹᱤᱛᱟᱹᱩ ᱮᱱ ᱠᱷᱟᱱ ᱢᱩᱠᱷᱤ ᱦᱚᱸ ᱡᱚᱛᱚ ᱥᱟᱹᱤᱛᱟᱹᱩ ᱵᱟᱲᱟᱹ ᱠᱟᱛᱮ ᱜᱤᱛᱤᱡᱼᱟ ᱠᱟᱱᱫᱦᱟ ᱛᱮᱭ ᱵᱚᱞᱚᱭᱮᱱ ᱛᱮ ᱥᱤᱞᱚᱯᱤᱧ ᱫᱚᱭ ᱦᱩᱨᱠᱟᱹᱲ ᱠᱟᱫᱟ ᱟᱨ ᱢᱚᱸᱜᱚᱞ ᱮ ᱜᱤᱛᱤᱡᱼᱟ ᱟᱠᱟᱱ ᱯᱟᱨᱠᱚᱢ ᱨᱮᱭ ᱜᱤᱛᱤᱡᱼᱟ ᱮᱱᱟ।
train_santalimale_02737	wavs/train_santalimale_02737.wav	ᱪᱮᱫᱼᱟ ᱤᱭᱟᱹ ᱛᱮ ᱛᱮᱦᱮᱧ ᱫᱚ ᱟᱹᱰᱤᱢ ᱫᱩᱞᱟᱹᱲ ᱤᱫᱤᱧ ᱠᱟᱱᱟ, ᱜᱟᱯᱟ ᱠᱷᱚᱱ ᱫᱚ ᱵᱟᱢ ᱫᱩᱞᱟᱹᱲᱤᱧᱟᱹ ᱥᱮ ᱪᱮᱫᱼᱟ?
train_santalimale_02738	wavs/train_santalimale_02738.wav	ᱢᱩᱠᱷᱤ ᱢᱤᱫᱼᱟ ᱨᱤᱯᱤᱫᱼᱟ ᱨᱮ ᱥᱚᱸᱥᱟᱨ ᱵᱚᱫᱚᱞᱚᱜᱼᱟ ᱠᱟᱱᱟ।
train_santalimale_02739	wavs/train_santalimale_02739.wav	ᱟᱨ ᱟᱢ ᱫᱚ ᱜᱟᱯᱟ ᱨᱮᱭᱟᱜᱼᱟ ᱮᱢ ᱢᱮᱱ ᱮᱫᱟ।
train_santalimale_02740	wavs/train_santalimale_02740.wav	ᱮ ᱫᱩᱱᱫᱷᱤ, ᱱᱚᱟ ᱡᱤᱭᱚᱱ ᱨᱮᱭᱟᱜᱼᱟ ᱡᱟᱦᱟᱸᱱ ᱵᱷᱚᱨᱥᱟ ᱵᱟᱹᱱᱩᱜᱼᱟᱟ, ᱢᱟᱱᱣᱟᱸ ᱱᱚᱟ ᱦᱟᱹᱨᱤᱭᱟᱹᱰ ᱫᱷᱟᱹᱨᱛᱤ ᱨᱮ ᱮᱠᱮᱱ ᱢᱤᱫᱼᱟ ᱜᱷᱟᱹᱲᱤ ᱪᱮᱯᱮᱨᱮᱡᱚᱜᱼᱟ ᱞᱟᱹᱜᱤᱫᱼᱟ ᱵᱚ ᱦᱮᱡᱼᱟ ᱟᱠᱟᱱᱟ।
train_santalimale_02741	wavs/train_santalimale_02741.wav	ᱱᱚᱟ ᱡᱤᱭᱚᱱ ᱛᱤᱱ ᱨᱮ ᱢᱩᱪᱟᱹᱫᱚᱜᱼᱟᱟ ᱚᱠᱚᱭ ᱜᱮ ᱵᱟᱝ ᱠᱚ ᱞᱟᱹᱤ ᱫᱟᱲᱮᱭᱟᱜᱼᱟᱟ।
train_santalimale_02742	wavs/train_santalimale_02742.wav	ᱛᱮᱦᱮᱧ ᱫᱚ ᱪᱮᱠᱟᱛᱮ ᱡᱤᱭᱚᱱ ᱨᱮᱭᱟᱜᱼᱟ ᱮᱢ ᱦᱩᱫᱤᱥ ᱛᱤᱭᱟᱹᱜᱼᱟ ᱠᱮᱫᱟ?
train_santalimale_02743	wavs/train_santalimale_02743.wav	ᱦᱮᱸ ᱡᱤᱭᱚᱱ ᱨᱮᱭᱟᱜᱼᱟ ᱜᱮ, ᱚᱱᱟ ᱛᱮ ᱛᱮᱦᱮᱧ ᱫᱚ ᱢᱚᱱ ᱵᱷᱚᱨᱤᱧ ᱫᱩᱞᱟᱹᱲ ᱞᱮᱢ ᱜᱮ।
train_santalimale_02744	wavs/train_santalimale_02744.wav	ᱛᱟᱭᱚᱢ ᱛᱮ ᱡᱮᱢᱚᱱ ᱵᱟᱢ ᱠᱟᱥᱛᱟᱣᱚᱜᱼᱟ।
train_santalimale_02745	wavs/train_santalimale_02745.wav	ᱱᱚᱸᱝᱠᱟ ᱢᱮᱢᱮᱱ ᱛᱩᱞᱩᱡᱼᱟ ᱢᱚᱸᱜᱚᱞ ᱫᱚ ᱢᱩᱠᱷᱤ ᱟᱭᱟᱜᱼᱟ ᱠᱚᱲᱟᱢ ᱨᱮᱭ ᱦᱟᱹᱰᱩᱵᱼᱟ ᱡᱟᱞᱟᱫᱼᱟ ᱠᱮᱫᱮᱭᱟ।
train_santalimale_02746	wavs/train_santalimale_02746.wav	ᱢᱚᱸᱜᱚᱞ ᱫᱚ ᱚᱯᱷᱤᱥ ᱠᱷᱚᱱ ᱨᱩᱣᱟᱹᱲ ᱮᱱ ᱛᱮ ᱚᱲᱟᱠᱚᱮ ᱵᱚᱞᱚᱭᱮᱱᱟ।
train_santalimale_02747	wavs/train_santalimale_02747.wav	ᱨᱟᱪᱟ ᱟᱹᱩᱨᱤ ᱛᱤᱭᱟᱹᱜ ᱨᱮᱜᱮ ᱮᱸᱜᱟᱛ ᱛᱮᱫᱼᱟ ᱦᱤᱸᱥᱤ ᱫᱚ ᱢᱚᱸᱜᱚᱞ ᱥᱟᱢᱟᱝ ᱨᱮᱭ ᱛᱮᱸᱜᱚ ᱮᱱᱟ ᱟᱨᱮ ᱠᱩᱞᱤᱭᱮᱫᱮ ᱠᱟᱱᱟ ᱦᱮᱱᱫᱟ ᱵᱮᱴᱟ, ᱛᱮᱦᱮᱧ ᱦᱚᱸ ᱵᱟᱹᱦᱩ ᱫᱚ ᱢᱮᱱᱟᱭ ᱜᱮ ᱫᱚ?
train_santalimale_02748	wavs/train_santalimale_02748.wav	ᱮᱱᱛᱮᱫᱼᱟ ᱱᱩᱭᱤᱧ ᱵᱟᱹᱜᱤ ᱞᱮᱠᱷᱟᱱ ᱱᱩᱤᱭᱟᱜᱼᱟ ᱡᱤᱭᱚᱱ ᱨᱮᱭᱟᱜᱼᱟ ᱪᱮᱫᱼᱟ ᱫᱚᱥᱟ ᱦᱚᱭᱚᱜᱼᱟ ᱛᱟᱭᱟ?
train_santalimale_02749	wavs/train_santalimale_02749.wav	ᱱᱚᱟ ᱫᱚ ᱠᱩᱲᱤ ᱦᱚᱯᱚᱱ ᱠᱚ ᱞᱟᱹᱜᱤᱫᱼᱟ ᱫᱚ ᱛᱤᱱᱟᱹᱜᱼᱟ ᱢᱟᱨᱟᱝ ᱵᱷᱟᱵᱱᱟ ᱨᱮᱭᱟᱜᱼᱟ ᱠᱟᱛᱷᱟ ᱠᱟᱱᱟ।
train_santalimale_02750	wavs/train_santalimale_02750.wav	ᱱᱚᱝᱠᱟᱱ ᱟᱱᱟᱴ ᱫᱚ ᱵᱟᱹᱧ ᱦᱚᱭ ᱚᱪᱚᱣᱟᱜᱼᱟᱟ।
train_santalimale_02751	wavs/train_santalimale_02751.wav	ᱥᱚᱢᱟᱡ ᱨᱮᱱ ᱦᱚᱲ ᱪᱮᱫᱼᱟ ᱠᱚ ᱢᱤᱛᱟᱹᱧᱟ।
train_santalimale_02752	wavs/train_santalimale_02752.wav	ᱱᱟᱦᱟᱸᱜᱼᱟ ᱡᱩᱜ ᱨᱮᱱ ᱟᱹᱠᱤᱞᱟᱱ ᱦᱚᱲ ᱦᱚᱸ ᱟᱠᱤᱞ ᱠᱷᱟᱣᱟᱨ!
train_santalimale_02753	wavs/train_santalimale_02753.wav	ᱱᱚᱸᱝᱠᱟ ᱛᱮᱫᱚᱸ ᱟᱵᱚᱣᱟᱜᱼᱟ ᱥᱚᱢᱟᱡ ᱥᱚᱸᱥᱟᱨ ᱪᱮᱠᱟ ᱞᱟᱦᱟᱜᱼᱟᱟ?
train_santalimale_02754	wavs/train_santalimale_02754.wav	ᱢᱚᱸᱜᱚᱞ, ᱱᱚᱬᱰᱮ ᱟᱢᱟᱜᱼᱟ ᱵᱷᱟᱥᱚᱱ ᱟᱧᱡᱚᱢ ᱫᱚ ᱵᱟᱹᱧ ᱛᱮᱸᱜᱚᱣᱟᱠᱟᱱᱟ, ᱱᱤᱛᱚᱜᱼᱟ ᱯᱷᱟᱹᱥᱞᱟᱭ ᱢᱮᱸ ᱜᱚ ᱡᱟᱹᱨᱩᱲᱟᱹᱢ ᱠᱟᱱᱟ ᱥᱮ ᱵᱟᱹᱦᱩ?
train_santalimale_02755	wavs/train_santalimale_02755.wav	ᱡᱩᱫᱤ ᱱᱩᱤ ᱵᱟᱹᱦᱩ ᱜᱮ ᱡᱟᱹᱨᱩᱲᱟᱹᱢ ᱠᱟᱱ ᱠᱷᱟᱱ ᱱᱚᱜᱼᱟᱚᱭ ᱧᱮᱞ ᱢᱮ ᱱᱚᱟ ᱨᱮ ᱢᱟᱹᱦᱩᱨ ᱨᱟᱥᱟ।
train_santalimale_02756	wavs/train_santalimale_02756.wav	ᱱᱚᱟ ᱧᱩ ᱠᱟᱛᱮ ᱡᱟᱭᱚᱡᱩᱜ ᱞᱟᱹᱜᱤᱫᱼᱟ ᱤᱧ ᱥᱮᱱ ᱩᱛᱟᱹᱨᱚᱜᱼᱟᱟ।
train_santalimale_02757	wavs/train_santalimale_02757.wav	ᱢᱚᱸᱜᱚᱞ ᱱᱤᱛᱚᱜᱼᱟ ᱟᱹᱰᱤ ᱨᱮᱭ ᱯᱟᱲᱟᱹᱣᱟᱠᱟᱱᱟ।
train_santalimale_02758	wavs/train_santalimale_02758.wav	ᱨᱮᱭᱟᱜᱼᱟ ᱰᱷᱮᱩ ᱜᱚᱴᱟ ᱦᱚᱲᱢᱚ ᱪᱷᱟᱹᱯᱞᱟᱹᱣ ᱵᱟᱲᱟᱹᱭ ᱠᱟᱱᱟ।
train_santalimale_02759	wavs/train_santalimale_02759.wav	ᱟᱡᱼᱟ ᱥᱟᱢᱟᱝ ᱨᱮ ᱵᱟᱨᱭᱟ ᱞᱟᱹᱩᱠᱟᱹ ᱢᱮᱱᱟᱜᱼᱟᱟ, ᱢᱮᱱᱠᱷᱟᱱ ᱚᱠᱟᱴᱟᱜᱼᱟ ᱨᱮ ᱡᱟᱝᱜᱟᱹᱭ ᱫᱚᱦᱚᱭᱟ, ᱵᱟᱭ ᱪᱷᱤᱬᱲᱟᱹᱣ ᱫᱟᱲᱮᱹᱭᱟᱜᱼᱟ ᱠᱟᱱᱟ।
train_santalimale_02760	wavs/train_santalimale_02760.wav	ᱜᱷᱟᱱᱮ ᱟᱡᱼᱟ ᱜᱚᱜᱚ ᱥᱮᱡᱼᱟᱮ ᱵᱮᱸᱜᱮᱫᱼᱟ ᱮᱫᱟ, ᱜᱷᱟᱱᱮ ᱫᱚ ᱫᱩᱣᱟᱹᱨ ᱨᱮ ᱛᱮᱸᱜᱚᱣᱟᱠᱟᱱ ᱢᱩᱠᱷᱤ ᱥᱮᱡᱼᱟ।
train_santalimale_02761	wavs/train_santalimale_02761.wav	ᱥᱤᱥᱤ ᱨᱮᱭᱟᱜᱼᱟ ᱵᱮᱱᱮᱫᱼᱟ ᱵᱟᱲᱟᱹᱭ ᱛᱩᱞᱩᱡᱼᱟ ᱨᱟᱸᱜᱟᱣ ᱟᱲᱟᱝ ᱛᱮ ᱦᱤᱸᱥᱤᱭ ᱢᱮᱱ ᱠᱮᱫᱟ ᱩᱥᱟᱨᱟ ᱨᱚᱲ ᱢᱮ ᱵᱮᱴᱟ, ᱵᱟᱝ ᱠᱷᱟᱱ ᱱᱚᱟ ᱢᱟᱹᱦᱩᱨ ᱨᱟᱥᱟᱧ ᱧᱩᱭᱮᱫᱟ, ᱛᱮᱦᱮᱸᱧ ᱫᱚ ᱢᱤᱫᱼᱟ ᱴᱮᱱ ᱵᱟᱹᱜᱤ ᱛᱮᱜᱮ ᱦᱚᱭᱚᱜᱼᱟ ᱛᱟᱢᱟ।
train_santalimale_02762	wavs/train_santalimale_02762.wav	ᱦᱟᱯᱮ ᱜᱚ, ᱛᱮᱦᱮᱧ ᱢᱩᱠᱷᱤ ᱜᱮᱧ ᱵᱟᱹᱜᱤ ᱭᱮᱭᱟ।
train_santalimale_02763	wavs/train_santalimale_02763.wav	ᱱᱚᱸᱝᱠᱟ ᱢᱮᱢᱮᱱ ᱛᱩᱞᱩᱡᱼᱟ ᱦᱤᱸᱥᱤ ᱴᱷᱮᱱ ᱠᱷᱚᱱ ᱥᱤᱥᱤ ᱨᱮᱭᱟᱜᱼᱟ ᱢᱟᱹᱦᱩᱨ ᱵᱤᱥ ᱫᱚᱭ ᱨᱮᱡᱼᱟ ᱠᱮᱫᱮᱭᱟ ᱟᱨ ᱟᱡᱼᱟ ᱜᱮᱭ ᱧᱩ ᱜᱚᱫᱼᱟ ᱠᱟᱫᱟ।
train_santalimale_02764	wavs/train_santalimale_02764.wav	ᱤᱧ ᱫᱚ ᱜᱷᱟᱨᱚᱧᱡ ᱢᱟᱨᱥᱟᱞᱟ ᱢᱮᱱᱛᱮ ᱢᱤᱫᱼᱟᱴᱮᱱ ᱫᱤᱣᱦᱟᱹᱢᱟᱹᱞᱤ ᱡᱮᱨᱮᱫᱼᱟ ᱤᱧ ᱢᱮᱱ ᱡᱚᱝ ᱠᱟᱱ ᱛᱟᱦᱮᱸᱠᱟᱱᱟ।
train_santalimale_02765	wavs/train_santalimale_02765.wav	ᱢᱮᱱᱠᱷᱟᱱ ᱚᱠᱚᱭ ᱵᱟᱰᱟᱭ ᱠᱟᱱ ᱛᱟᱦᱮᱸᱠᱟᱱᱟ ᱡᱮ ᱱᱚᱟ ᱡᱮᱨᱮᱫᱼᱟᱡᱮᱨᱮᱫᱼᱟ ᱛᱮ ᱜᱷᱟᱨᱚᱧᱡ ᱜᱮ ᱧᱩᱛᱩᱜᱼᱟᱟ ᱢᱮᱱᱛᱮ।
train_santalimale_02766	wavs/train_santalimale_02766.wav	ᱦᱤᱸᱥᱤ ᱫᱚ ᱟᱹᱰᱤ ᱟᱸᱴ ᱛᱮ ᱨᱟᱨᱟᱜᱼᱟ ᱮ ᱮᱦᱚᱵᱼᱟ ᱮᱱᱟ।
train_santalimale_02767	wavs/train_santalimale_02767.wav	ᱢᱩᱠᱷᱤ ᱫᱚ ᱠᱩᱸᱥᱩᱫᱼᱟᱠᱩᱸᱥᱩᱫᱼᱟᱮ ᱨᱟᱨᱟᱜᱼᱟ ᱠᱟᱱᱟ, ᱢᱩᱠᱷᱤ ᱥᱮᱡᱼᱟ ᱠᱚᱭᱚᱜᱼᱟ ᱠᱟᱛᱮ ᱢᱚᱸᱜᱚᱞ ᱮ ᱢᱮᱱ ᱠᱮᱫᱟ ᱢᱩᱠᱷᱤ, ᱟᱢ ᱫᱚ ᱪᱮᱫᱟᱜᱼᱟ ᱢᱟᱹᱦᱩᱨ ᱵᱤᱥ ᱫᱚᱢ ᱧᱩ ᱠᱮᱫᱟ।
train_santalimale_02768	wavs/train_santalimale_02768.wav	ᱤᱧ ᱨᱮᱱ ᱫᱩᱠᱞᱟᱹᱲᱤᱡᱼᱟ ᱟᱞᱟᱝ ᱵᱟᱱᱟ ᱦᱚᱲ ᱢᱤᱫᱼᱟ ᱛᱮ ᱛᱟᱯᱟᱦᱮᱸᱱ ᱟᱨ ᱢᱤᱫᱼᱟ ᱛᱮ ᱜᱩᱡᱩᱜᱼᱟ ᱞᱟᱝ ᱴᱷᱤᱠ ᱞᱮᱫᱟ, ᱢᱮᱱᱠᱷᱟᱱ ᱤᱧ ᱮᱥᱠᱟᱨ ᱫᱚ ᱪᱮᱫᱟᱜᱼᱟᱮᱢ ᱵᱟᱹᱜᱤᱭᱟᱹᱧ ᱠᱟᱱᱟ, ᱟᱢ ᱠᱷᱚᱱ ᱵᱟᱹᱧ ᱵᱟᱯᱟᱜᱚᱜᱼᱟᱟ ᱟᱢ ᱵᱮᱜᱚᱨ ᱚᱦᱚᱧ ᱛᱟᱦᱮᱸᱞᱮᱱᱟ, ᱤᱧ ᱫᱚ ᱮᱠᱮᱱ ᱟᱢ ᱞᱟᱹᱜᱤᱫᱼᱟ ᱜᱤᱧ ᱡᱤᱣᱮᱫᱚᱜᱼᱟ ᱠᱟᱱ ᱛᱟᱦᱮᱸᱠᱟᱱᱟ।
train_santalimale_02769	wavs/train_santalimale_02769.wav	ᱤᱱᱟᱹᱜᱼᱟ ᱛᱮᱜᱮ ᱵᱟᱱᱟ ᱦᱚᱲ ᱠᱤᱱ ᱵᱷᱤᱱᱫᱟᱹᱲ ᱟᱫᱤᱥᱟᱹ ᱮᱱᱟ।
train_santalimale_02770	wavs/train_santalimale_02770.wav	ᱦᱤᱸᱥᱤᱭᱟᱜᱼᱟ ᱠᱟᱣᱟᱸᱠᱟᱣᱟᱸ ᱟᱧᱡᱚᱢ ᱛᱮ ᱟᱛᱚ ᱨᱮᱱ ᱦᱚᱲ ᱠᱚ ᱧᱤᱨ ᱦᱮᱡᱼᱟ ᱮᱱᱟ, ᱟᱨ ᱥᱟᱹᱨᱤ ᱛᱮᱫᱼᱟ ᱵᱟᱰᱟᱭ ᱠᱟᱛᱮ ᱟᱹᱰᱤ ᱩᱥᱟᱹᱨᱟ ᱦᱟᱥᱯᱛᱟᱞ ᱛᱮ ᱠᱚ ᱤᱫᱤᱠᱮᱫᱼᱟ ᱠᱤᱱᱟ।
train_santalimale_02771	wavs/train_santalimale_02771.wav	ᱦᱟᱥᱯᱛᱟᱞ ᱨᱮᱭᱟᱜᱼᱟ ᱫᱩᱣᱟᱹᱨ ᱨᱮ ᱫᱚ ᱜᱟᱛᱮ ᱠᱚ ᱟᱨ ᱟᱬᱰᱮᱯᱟᱥᱮ ᱨᱮᱱ ᱦᱚᱲ ᱠᱚ ᱛᱩᱫᱨᱟᱹ ᱮᱥᱮᱫᱼᱟ ᱠᱮᱫᱟ ᱢᱚᱸᱜᱞᱟᱜᱼᱟ ᱠᱷᱚᱵᱚᱨ ᱵᱟᱰᱟᱭ ᱞᱟᱹᱜᱤᱫᱼᱟ।
train_santalimale_02772	wavs/train_santalimale_02772.wav	ᱮᱱᱛᱮᱫᱼᱟ ᱵᱷᱤᱛᱨᱤ ᱥᱮᱡᱼᱟ ᱫᱚ ᱚᱠᱚᱭ ᱜᱮ ᱵᱟᱝ ᱠᱚ ᱵᱚᱞᱚ ᱚᱪᱚᱣᱟᱫᱼᱟ ᱠᱚᱟ।
train_santalimale_02773	wavs/train_santalimale_02773.wav	ᱦᱤᱸᱥᱤ ᱦᱚᱸ ᱵᱟᱦᱨᱮ ᱨᱮᱜᱮ ᱠᱚ ᱫᱩᱰᱩᱵᱼᱟ ᱠᱟᱫᱮᱭᱟ।
train_santalimale_02774	wavs/train_santalimale_02774.wav	ᱢᱤᱫᱼᱟ ᱜᱷᱟᱹᱲᱤ ᱛᱟᱭᱚᱢ ᱰᱚᱠᱴᱚᱨ ᱫᱚ ᱵᱟᱦᱨᱮ ᱥᱮᱡᱼᱟᱮ ᱚᱰᱚᱝ ᱮᱱᱟ ᱟᱨ ᱦᱤᱸᱥᱤᱭ ᱞᱟᱹᱤ ᱟᱫᱮᱭᱟ।
train_santalimale_02775	wavs/train_santalimale_02775.wav	ᱟᱢ ᱨᱮᱱ ᱠᱤᱢᱤᱱ ᱢᱮᱸᱭᱟᱜᱼᱟ ᱫᱤᱥᱟᱹ ᱫᱚ ᱟᱹᱪᱩᱨ ᱮᱱ ᱛᱟᱭᱟ, ᱮᱱᱛᱮᱫᱼᱟ ᱩᱱᱤᱭᱟᱜᱼᱟ ᱦᱚᱲᱢᱚ ᱨᱮᱫᱚ ᱛᱷᱚᱲᱟᱹ ᱜᱟᱱ ᱜᱮ ᱵᱤᱥ ᱫᱚ ᱯᱟᱥᱱᱟᱣ ᱛᱟᱦᱮᱸᱠᱟᱱᱟ।
train_santalimale_02776	wavs/train_santalimale_02776.wav	ᱦᱤᱸᱥᱤ ᱫᱚ ᱟᱹᱰᱤ ᱟᱥ ᱥᱟᱞᱟᱜᱼᱟ ᱰᱚᱠᱴᱨᱟᱜᱼᱟ ᱢᱮᱛᱦᱟᱸ ᱠᱚᱭᱚᱜᱼᱟ ᱩᱨᱤᱡᱼᱟ ᱠᱟᱛᱮᱭ ᱠᱩᱞᱤ ᱠᱮᱫᱮᱭᱟ।
train_santalimale_02777	wavs/train_santalimale_02777.wav	ᱟᱹᱰᱤ ᱞᱮ ᱠᱩᱨᱩᱢᱩᱴᱩ ᱠᱮᱫᱟ, ᱢᱮᱱᱠᱷᱟᱱ ᱦᱚᱯᱚᱱ ᱢᱮ ᱢᱚᱸᱜᱚᱞ ᱫᱚ ᱵᱟᱝ ᱜᱮᱞᱮ।
train_santalimale_02778	wavs/train_santalimale_02778.wav	ᱩᱱᱤᱭᱟᱜᱼᱟ ᱦᱚᱲᱢᱚ ᱨᱮᱫᱚ ᱜᱚᱴᱟ ᱵᱤᱥ ᱯᱟᱥᱱᱟᱣ ᱪᱩᱠᱟᱹᱩ ᱟᱠᱟᱱ ᱛᱟᱦᱮᱸᱠᱟᱱᱟ।
train_santalimale_02779	wavs/train_santalimale_02779.wav	ᱤᱧᱟᱹᱜᱼᱟ ᱚᱲᱟᱜᱼᱟ ᱫᱚ ᱱᱤᱛᱚᱜᱼᱟ ᱧᱩᱛ ᱮᱱ ᱛᱤᱧᱟᱹ ᱩᱡᱟᱹᱲ ᱮᱱᱟ ᱜᱷᱟᱨᱚᱧᱡᱵᱟᱜᱟᱱ।
train_santalimale_02780	wavs/train_santalimale_02780.wav	ᱪᱮᱫᱟᱜᱼᱟ ᱪᱟᱸᱫᱚ ᱟᱩᱨᱤ ᱨᱮᱜᱮ ᱦᱚᱯᱚᱱᱤᱧ ᱫᱚᱢ ᱨᱮᱡᱼᱟ ᱠᱤᱫᱤᱧᱟ।
train_santalimale_02781	wavs/train_santalimale_02781.wav	ᱱᱟᱱᱟᱦᱩᱱᱟᱹᱨ ᱧᱩᱢ ᱦᱟᱞᱟᱝ ᱛᱩᱞᱩᱡᱼᱟ ᱦᱤᱸᱥᱤ ᱫᱚ ᱟᱹᱰᱤ ᱟᱸᱴ ᱜᱟᱨᱡᱟᱣ ᱟᱛᱮ ᱨᱟᱨᱟᱠᱚᱮ ᱮᱦᱚᱵᱼᱟ ᱮᱱᱟ।
train_santalimale_02782	wavs/train_santalimale_02782.wav	ᱦᱤᱸᱥᱤᱭᱟᱜᱼᱟ ᱨᱟᱜᱼᱟ ᱟᱧᱡᱚᱢ ᱛᱮ ᱱᱚᱨᱥ ᱫᱚᱭ ᱚᱬᱲᱚ ᱮᱱᱟ ᱟᱨ ᱫᱷᱤᱨᱡᱟᱹ ᱮᱢᱟᱭ ᱛᱩᱞᱩᱡᱼᱟ ᱦᱤᱸᱥᱤᱭ ᱢᱮᱛᱟ ᱫᱮᱭᱟ।
train_santalimale_02783	wavs/train_santalimale_02783.wav	ᱟᱞᱚᱢ ᱨᱟᱜᱟ, ᱚᱠᱟ ᱦᱚᱭᱚᱜᱼᱟ ᱨᱮᱭᱟᱜᱼᱟ ᱛᱟᱦᱮᱸᱠᱟᱱᱟ ᱚᱱᱟ ᱫᱚ ᱦᱚᱭᱮᱱᱟ, ᱪᱟᱞᱟᱣᱮᱱᱤᱡᱼᱟ ᱫᱚ ᱛᱤᱥ ᱦᱚᱸ ᱵᱟᱝ ᱠᱚ ᱨᱩᱣᱟᱹᱲ ᱠᱟᱱᱟ, ᱮᱱᱛᱮᱫᱼᱟ ᱱᱚᱸᱝᱠᱟ ᱠᱟᱱ ᱜᱮᱭᱟ ᱪᱟᱸᱫᱚᱣᱟᱜᱼᱟ ᱞᱤᱞᱟᱹ ᱫᱚ।
train_santalimale_02784	wavs/train_santalimale_02784.wav	ᱢᱚᱱᱮ ᱡᱤᱣᱤ ᱫᱷᱤᱨᱡᱟᱹ ᱫᱚᱦᱚᱭ ᱢᱮ, ᱟᱨ ᱟᱧᱡᱚᱢ ᱢᱮ ᱱᱚᱟ ᱫᱩᱠ ᱥᱟᱸᱣ ᱢᱤᱫᱼᱟ ᱨᱟᱹᱥᱠᱟᱹ ᱥᱟᱸᱫᱮᱥ ᱦᱚᱸ ᱩᱠᱩ ᱢᱮᱱᱟᱜᱼᱟᱟ।
train_santalimale_02785	wavs/train_santalimale_02785.wav	ᱠᱤᱢᱤᱱ ᱢᱮᱭᱟᱜᱼᱟ ᱦᱚᱲᱢᱚ ᱨᱮ ᱵᱟᱨ ᱪᱟᱸᱫᱚ ᱨᱮᱱ ᱵᱟᱥᱟ ᱢᱮᱱᱟᱭᱟ।
train_santalimale_02786	wavs/train_santalimale_02786.wav	ᱱᱚᱟ ᱠᱟᱛᱷᱟ ᱟᱸᱡᱚᱢ ᱠᱟᱛᱮ ᱦᱤᱸᱥᱤ ᱫᱚ ᱱᱚᱨᱥ ᱜᱮᱭᱮ ᱠᱚᱭᱚᱜᱼᱟ ᱛᱷᱤᱨ ᱠᱮᱫᱮᱭᱟ, ᱨᱟᱜᱼᱟ ᱫᱚ ᱵᱟᱹᱤᱵᱟᱹᱤ ᱛᱮ ᱵᱷᱤᱛᱨᱤ ᱥᱮᱡᱼᱟ ᱵᱚᱞᱚᱭᱮᱱ ᱛᱟᱭᱟ, ᱠᱩᱸᱥᱩᱫᱼᱟᱠᱩᱸᱥᱩᱫᱚᱜᱼᱟ ᱛᱩᱞᱩᱡᱼᱟ ᱠᱤᱬᱲᱟᱹᱢᱟᱬᱰᱮ ᱠᱤᱢᱤᱱ ᱛᱮᱫᱼᱟ ᱟᱜᱼᱟ ᱡᱟᱝᱜᱟ ᱴᱷᱮᱱᱮ ᱥᱮᱱ ᱥᱚᱨ ᱮᱱᱟ।
train_santalimale_02787	wavs/train_santalimale_02787.wav	ᱤᱠᱟᱹ ᱠᱟᱹᱧ ᱵᱮᱱ ᱵᱟᱹᱦᱩ, ᱠᱷᱩᱱᱭᱟᱹᱦᱤ ᱫᱚᱞᱤᱧ ᱟᱹᱞᱤᱧ ᱠᱟᱱ ᱜᱮᱭᱟ।
train_santalimale_02788	wavs/train_santalimale_02788.wav	ᱱᱚᱸᱝᱠᱟ ᱢᱮᱢᱮᱱ ᱛᱩᱞᱩᱡᱼᱟ ᱢᱩᱠᱷᱤᱭᱟᱜᱼᱟ ᱡᱟᱝᱜᱟ ᱨᱮᱭ ᱦᱟᱹᱰᱩᱵᱼᱟ ᱮᱱᱟ।
train_santalimale_02789	wavs/train_santalimale_02789.wav	ᱡᱟᱱᱣᱟᱨ ᱠᱚ ᱢᱩᱫ ᱨᱮ ᱡᱚᱛᱚ ᱠᱷᱚᱱ ᱢᱟᱨᱟᱝ ᱫᱚ ᱠᱚ ᱦᱩᱭᱩᱜᱼᱟ ᱠᱟᱱᱟ ᱦᱟᱹᱛᱤ।
train_santalimale_02790	wavs/train_santalimale_02790.wav	ᱚᱱᱟ ᱞᱮᱠᱟ ᱜᱮ ᱦᱚᱲ ᱦᱚᱯᱚᱱ ᱠᱚᱟᱜᱼᱟ ᱯᱚᱨᱚᱵ ᱠᱚ ᱢᱩᱫ ᱨᱮ, ᱡᱚᱛᱚ ᱠᱷᱚᱱ ᱢᱟᱨᱟᱝ ᱯᱚᱨᱚᱵ ᱫᱚ ᱦᱩᱭᱩᱜᱼᱟ ᱠᱟᱱᱟ ᱥᱚᱦᱨᱟᱭ।
train_santalimale_02791	wavs/train_santalimale_02791.wav	ᱢᱚᱲᱮᱹ ᱥᱤᱧ ᱢᱚᱲᱮᱹ ᱧᱤᱫᱟᱹ ᱥᱟᱹᱨᱤ ᱥᱚᱦᱨᱟᱭ ᱨᱮᱭᱟᱜᱼᱟ ᱨᱟᱹᱥᱠᱟᱹ ᱛᱮ ᱠᱩᱞᱦᱤᱫᱷᱩᱲᱤ ᱫᱚ ᱠᱚ ᱰᱤᱜᱞᱟᱹᱩ ᱩᱛᱟᱹᱨ ᱠᱮᱫᱟ।
train_santalimale_02792	wavs/train_santalimale_02792.wav	ᱮᱱᱛᱮᱫᱼᱟ ᱱᱤᱭᱟᱹ ᱠᱚ ᱫᱤᱱ ᱨᱮ ᱫᱚ ᱠᱩᱞᱦᱤᱫᱷᱩᱲᱤ ᱚᱦᱚ ᱜᱮ ᱰᱤᱜᱞᱟᱹᱩ ᱞᱮᱱᱟ।
train_santalimale_02793	wavs/train_santalimale_02793.wav	ᱪᱟᱹᱛ ᱵᱟᱹᱤᱥᱟᱹᱠᱷ ᱫᱤᱱ ᱫᱚ ᱵᱟᱝ ᱠᱟᱱᱟ।
train_santalimale_02794	wavs/train_santalimale_02794.wav	ᱵᱮᱨᱪᱚᱝ ᱯᱩᱥ ᱪᱟᱸᱫᱚ ᱨᱮᱭᱟᱜᱼᱟ ᱠᱩᱦᱲᱟᱹ ᱨᱤᱢᱤᱞ ᱫᱤᱱ ᱠᱟᱱᱟ।
train_santalimale_02795	wavs/train_santalimale_02795.wav	ᱢᱮᱱᱠᱷᱟᱱ ᱚᱠᱚᱭ ᱴᱟᱜᱼᱟ ᱱᱟᱪᱚᱱᱤᱭᱟᱹᱢᱟᱸᱫᱟᱰᱤᱭ ᱢᱚᱲᱮᱹ ᱥᱤᱧ ᱢᱚᱲᱮᱹ ᱧᱤᱫᱟᱹ ᱨᱟᱹᱥᱠᱟᱹ ᱛᱮ ᱠᱚ ᱮᱱᱮᱪᱥᱮᱨᱮᱧ ᱟᱠᱟᱫᱟ।
train_santalimale_02796	wavs/train_santalimale_02796.wav	ᱟᱫᱚ ᱪᱮᱠᱟᱛᱮ ᱵᱷᱟᱞᱟ ᱨᱮᱭᱟᱲᱨᱟᱵᱟᱝ ᱫᱤᱱ ᱨᱮᱦᱚᱸ ᱠᱩᱞᱦᱤᱫᱷᱩᱲᱤ ᱫᱚ ᱵᱟᱝ ᱰᱤᱜᱞᱟᱹᱜᱼᱟᱟ?
train_santalimale_02797	wavs/train_santalimale_02797.wav	ᱟᱫᱚ ᱦᱟᱹᱛᱤ ᱞᱮᱠᱟᱱ ᱯᱚᱨᱚᱵ ᱥᱚᱦᱨᱟᱭ ᱦᱚᱞᱟ ᱢᱟᱦᱚᱱᱫᱮᱨ ᱜᱮ ᱯᱟᱨᱚᱢ ᱜᱚᱫᱼᱟ ᱟᱠᱟᱱᱟ।
train_santalimale_02798	wavs/train_santalimale_02798.wav	ᱡᱟᱞᱮ ᱫᱚᱥᱟᱨᱛᱮᱥᱟᱨ ᱦᱤᱞᱚᱜᱼᱟ ᱠᱷᱚᱱ ᱜᱮ ᱜᱚᱰᱰᱟ ᱡᱤᱞᱟᱹ ᱨᱮᱭᱟᱜᱼᱟ ᱧᱩᱢ ᱧᱟᱢ ᱜᱚᱫᱚᱜᱼᱟ ᱟᱹᱰᱤ ᱢᱟᱨᱟᱝ ᱧᱮᱧᱮᱞ ᱦᱩᱭᱩᱷ ᱟ।
train_santalimale_02799	wavs/train_santalimale_02799.wav	ᱚᱱᱟ ᱧᱮᱧᱮᱞ ᱫᱚ ᱠᱚ ᱢᱮᱛᱟᱜᱼᱟ ᱠᱟᱱᱟ ᱱᱤᱡᱷᱟᱹᱨ।
train_santalimale_02800	wavs/train_santalimale_02800.wav	ᱱᱤᱡᱷᱟᱹᱨ ᱧᱮᱧᱮᱞ ᱫᱚ ᱢᱟᱦᱚᱱᱰᱟ ᱟᱛᱚ ᱵᱟᱲᱜᱮ ᱞᱟᱛᱟᱨ ᱨᱮ ᱦᱩᱭᱩᱜᱼᱟ ᱠᱟᱱᱟ।
train_santalimale_02801	wavs/train_santalimale_02801.wav	ᱚᱱᱟ ᱟᱛᱚ ᱫᱚ ᱯᱩᱨᱩᱵᱯᱟᱹᱪᱷᱤᱢ ᱛᱮ ᱠᱩᱞᱦᱤ ᱢᱮᱱᱟᱜᱼᱟᱟ।
train_santalimale_02802	wavs/train_santalimale_02802.wav	ᱠᱩᱞᱦᱤ ᱴᱷᱮᱱᱮ ᱵᱟᱱᱟᱨ ᱱᱟᱠᱷᱟ ᱛᱮ ᱚᱲᱟᱜᱼᱟ ᱫᱚ ᱢᱮᱱᱟᱜᱼᱟ ᱛᱟᱠᱚᱣᱟ।
train_santalimale_02803	wavs/train_santalimale_02803.wav	ᱟᱛᱚ ᱠᱷᱚᱱ ᱫᱟᱹᱠᱷᱤᱱ ᱱᱟᱠᱷᱟ ᱨᱮ ᱧᱮᱧᱮᱞ ᱴᱟᱹᱬᱰᱤ ᱫᱚ ᱟᱨ ᱴᱟᱹᱬᱰᱤ ᱠᱷᱚᱱ ᱫᱟᱹᱠᱷᱤᱱ ᱱᱟᱠᱷᱟ ᱨᱮ ᱫᱚ ᱱᱤᱡᱷᱟᱹᱨ ᱯᱩᱠᱷᱨᱤ ᱢᱮᱱᱟᱜᱼᱟᱟ।
train_santalimale_02804	wavs/train_santalimale_02804.wav	ᱚᱱᱟ ᱯᱩᱠᱷᱨᱤ ᱛᱟᱞᱟ ᱨᱮ ᱫᱚ ᱡᱟᱭᱚᱡᱩᱜ ᱫᱟᱜᱼᱟ ᱵᱷᱩᱞᱠᱟᱹᱩ ᱚᱬᱲᱚᱝᱚᱜᱼᱟ ᱛᱮᱜᱮ ᱛᱟᱸᱦᱮᱸᱱᱟ।
train_santalimale_02805	wavs/train_santalimale_02805.wav	ᱵᱷᱩᱞᱠᱟᱹᱩ ᱚᱬᱲᱚᱝᱚᱜᱼᱟ ᱫᱟᱜᱼᱟ ᱫᱚ ᱵᱤᱭᱟᱹᱞᱵᱚᱭᱚᱞ ᱨᱤᱞᱟᱹᱢᱟᱞᱟ ᱜᱟᱰᱟ ᱫᱟᱜᱼᱟ ᱨᱮ ᱫᱩᱞ ᱢᱤᱫᱩᱜᱼᱟᱟ।
train_santalimale_02806	wavs/train_santalimale_02806.wav	ᱯᱩᱠᱷᱨᱤ ᱨᱮᱭᱟᱜᱼᱟ ᱪᱟᱹᱨᱭᱟᱹ ᱠᱚᱬᱰ ᱨᱮ ᱲᱟᱹᱵᱨᱟᱹᱜᱼᱟ ᱜᱷᱟᱴ ᱠᱚ ᱵᱮᱱᱟᱣ ᱟᱠᱟᱫᱟ, ᱚᱠᱟ ᱫᱚ ᱚᱱᱟ ᱟᱛᱚ ᱨᱮᱱ ᱦᱚᱲ ᱠᱚ ᱠᱤᱪᱨᱤᱡᱼᱟ ᱦᱚᱸ ᱠᱚ ᱥᱚᱵᱚᱫᱼᱟ ᱵᱟᱲᱟᱹᱭ ᱜᱮᱭᱟ।
train_santalimale_02807	wavs/train_santalimale_02807.wav	ᱯᱩᱠᱷᱨᱤ ᱠᱷᱚᱱ ᱯᱩᱨᱩᱵ ᱱᱟᱠᱷᱟ ᱨᱮ ᱫᱚ ᱟᱹᱰᱤ ᱢᱟᱨᱟᱝ ᱡᱚᱡᱚ ᱫᱟᱨᱮ ᱢᱮᱱᱟᱠᱚᱟ।
train_santalimale_02808	wavs/train_santalimale_02808.wav	ᱚᱱᱟ ᱫᱟᱨᱮ ᱵᱩᱴᱟᱹ ᱨᱮ ᱫᱚ ᱠᱚ ᱫᱮᱣᱟᱥᱮᱣᱟ ᱵᱟᱲᱟᱹᱣᱟᱜᱼᱟ ᱜᱮᱭᱟ।
train_santalimale_02809	wavs/train_santalimale_02809.wav	ᱱᱤᱡᱷᱟᱹᱨ ᱧᱮᱧᱮᱞ ᱦᱤᱞᱚᱜᱼᱟ ᱫᱚ ᱵᱟᱥᱠᱮᱭᱟᱜᱼᱟ ᱵᱮᱨᱟ ᱠᱷᱚᱱ ᱜᱮ ᱪᱟᱹᱨᱭᱟᱹ ᱠᱚᱬᱰ ᱠᱷᱚᱱ ᱟᱴᱟᱞᱚᱟᱴᱟᱞ ᱦᱚᱲ ᱠᱚ ᱦᱤᱡᱩᱠᱚᱟ।
train_santalimale_02810	wavs/train_santalimale_02810.wav	ᱩᱱ ᱦᱤᱞᱚᱜᱼᱟ ᱫᱚ ᱦᱟᱸᱥᱰᱤᱦᱟ, ᱯᱚᱲᱮᱭᱭᱟᱦᱟᱴ ᱟᱨ ᱜᱚᱰᱰᱟ ᱠᱷᱚᱱ ᱢᱤᱫᱼᱟ ᱛᱟᱞᱟᱣ ᱜᱮ ᱵᱟᱥ ᱜᱟᱹᱰᱤ ᱫᱚᱠᱚ ᱤᱫᱤ ᱟᱹᱜᱩᱭᱟ।
train_santalimale_02811	wavs/train_santalimale_02811.wav	ᱜᱩᱯᱤ ᱠᱚᱲᱟ ᱫᱚ ᱥᱮᱛᱟᱜᱼᱟ ᱵᱮᱞᱟ ᱨᱮᱜᱮ ᱢᱟᱞᱡᱟᱞ ᱟᱹᱛᱤᱧ ᱵᱤ ᱠᱟᱛᱮ ᱜᱚᱲᱟᱹ ᱛᱮ ᱠᱚ ᱠᱷᱟᱹᱲ ᱠᱮᱫᱼᱟ ᱠᱚᱜᱮ ᱟᱨ ᱟᱠᱚᱣᱟᱜᱼᱟ ᱠᱟᱹᱢᱤ ᱫᱚ ᱠᱚ ᱥᱟᱹᱛ ᱠᱮᱫᱼᱟ ᱜᱮ।
train_santalimale_02812	wavs/train_santalimale_02812.wav	ᱟᱫᱚᱢ ᱟᱬᱰᱮᱯᱟᱥᱮ ᱟᱛᱚ ᱨᱮ ᱫᱚ ᱞᱟᱦᱟ ᱦᱤᱞᱚᱜᱼᱟ ᱠᱷᱚᱱ ᱜᱮ ᱥᱟᱹᱸᱜᱤᱧ ᱯᱮᱲᱟᱹ ᱫᱚ ᱠᱚ ᱦᱮᱡᱼᱟ ᱛᱟᱸᱦᱮᱸ ᱠᱚᱜᱼᱟᱟ।
train_santalimale_02813	wavs/train_santalimale_02813.wav	ᱛᱤᱠᱤᱱ ᱛᱟᱨᱟᱥᱤᱧ ᱞᱮᱱ ᱠᱷᱟᱱ ᱜᱮ ᱴᱟᱹᱬᱰᱤ ᱫᱚ ᱠᱚ ᱯᱮᱨᱮᱡᱼᱟ ᱩᱛᱟᱹᱨᱟ।
train_santalimale_02814	wavs/train_santalimale_02814.wav	ᱢᱚᱱᱮ ᱠᱩᱥᱤ ᱞᱮᱠᱟ ᱫᱚ ᱚᱦᱚᱜᱮᱢ ᱛᱟᱲᱟᱹᱢ ᱠᱮᱭᱟ।
train_santalimale_02815	wavs/train_santalimale_02815.wav	ᱜᱷᱟᱱᱮ ᱦᱟᱱᱛᱮ ᱠᱷᱚᱱ ᱮ ᱛᱩᱠᱩᱡᱼᱟ ᱢᱮᱭᱟ ᱜᱷᱟᱱᱮ ᱱᱚᱛᱮ ᱠᱷᱚᱱ।
train_santalimale_02816	wavs/train_santalimale_02816.wav	ᱠᱩᱲᱤᱠᱚᱲᱟᱹ ᱫᱚ ᱨᱟᱹᱥᱠᱟᱹ ᱛᱮ ᱨᱩᱫᱼᱟ ᱦᱟᱠᱚ ᱞᱮᱠᱟ ᱠᱚ ᱩᱢᱡᱷᱟᱹᱩ ᱠᱚᱜᱼᱟᱟ।
train_santalimale_02817	wavs/train_santalimale_02817.wav	ᱥᱚᱦᱟ ᱫᱚ ᱟᱡᱼᱟ ᱢᱚᱛᱚ ᱜᱮ ᱧᱮᱧᱮᱞ ᱴᱟᱹᱬᱰᱤ ᱨᱮ ᱢᱮᱱᱟᱭᱟ ᱟᱨ ᱢᱮᱫᱼᱟ ᱠᱤᱱ ᱫᱚ ᱦᱟᱱᱛᱮᱱᱦᱟᱛᱮᱭ ᱟᱹᱯᱤᱨ ᱵᱟᱲᱟᱹᱭᱮᱫᱼᱟ ᱛᱟᱭᱟ।
train_santalimale_02818	wavs/train_santalimale_02818.wav	ᱥᱚᱦᱟ ᱫᱚ ᱠᱟᱛᱷᱟᱭ ᱟᱡᱼᱟ ᱨᱮᱱ ᱯᱤᱨᱤᱛ ᱮ ᱠᱚᱭᱚᱜᱼᱟ ᱦᱚᱨᱮ ᱠᱟᱱᱟ।
train_santalimale_02819	wavs/train_santalimale_02819.wav	ᱮᱱᱛᱮᱫᱼᱟ ᱩᱱᱚᱠᱤᱱ ᱫᱚ ᱱᱚᱟ ᱧᱮᱧᱮᱞ ᱴᱟᱹᱬᱰᱤ ᱨᱮᱜᱮ ᱧᱟᱯᱟᱢᱚᱜᱼᱟ ᱠᱤᱱ ᱨᱤᱠ ᱣᱟᱠᱟᱫᱟ।
train_santalimale_02820	wavs/train_santalimale_02820.wav	ᱥᱤᱧ ᱪᱟᱸᱫᱚ ᱫᱚ ᱵᱟᱹᱤᱵᱟᱹᱤ ᱛᱮᱭ ᱩᱠᱩ ᱤᱫᱤᱜᱼᱟ ᱠᱟᱱᱟ ᱟᱨ ᱧᱤᱫᱟᱹ ᱨᱟᱱᱤ ᱫᱚ ᱟᱭᱟᱜᱼᱟ ᱦᱮᱱᱫᱮ ᱯᱤᱪᱷᱟᱹᱩᱲᱤ ᱯᱟᱥᱱᱟᱣ ᱡᱟᱨᱣᱟᱭᱮᱫᱼᱟ ᱛᱟᱭᱟ।
train_santalimale_02821	wavs/train_santalimale_02821.wav	ᱚᱱᱟ ᱧᱮᱞᱛᱮ ᱦᱚᱲ ᱫᱚ ᱵᱷᱤᱲ ᱵᱷᱟᱸᱜᱟᱜᱼᱟ ᱠᱚ ᱮᱦᱚᱵᱼᱟ ᱮᱱᱟ ᱟᱨ ᱧᱮᱧᱮᱞ ᱴᱟᱹᱬᱰᱤ ᱫᱚ ᱠᱚ ᱱᱤᱥᱩᱱ ᱚᱴᱚ ᱠᱟᱜᱼᱟ ᱠᱟᱱᱟ।
train_santalimale_02822	wavs/train_santalimale_02822.wav	ᱥᱚᱦᱟ ᱫᱚ ᱧᱮᱧᱮᱞ ᱴᱟᱹᱬᱰᱤ ᱟᱹᱰᱤᱟᱹᱰᱤ ᱠᱷᱟᱨᱥᱟᱞᱟᱭ ᱦᱮᱡᱼᱟ ᱞᱮᱱᱟ, ᱢᱮᱱᱠᱷᱟᱱ ᱚᱠᱚᱭ ᱴᱟᱜᱼᱟ ᱟᱜᱼᱟ ᱛᱚᱞᱟᱥ ᱛᱟᱸᱦᱮᱸᱠᱟᱱ ᱛᱟᱭ ᱩᱱᱤ ᱜᱮ ᱵᱟᱭ ᱧᱟᱢ ᱞᱮᱫᱮᱭᱟ, ᱚᱱᱟᱛᱮ ᱢᱩᱞᱤᱱ ᱮ ᱧᱮᱞᱚᱜᱼᱟ ᱠᱟᱱᱟ।
train_santalimale_02823	wavs/train_santalimale_02823.wav	ᱢᱮᱛᱟ ᱣᱟᱫᱮᱧᱟᱭ ᱞᱟᱦᱟ ᱨᱮᱜᱮᱧ ᱥᱮᱱᱚᱜᱼᱟᱟ।
train_santalimale_02824	wavs/train_santalimale_02824.wav	ᱪᱮᱠᱟ ᱩᱱᱤ ᱞᱟᱹᱜᱤᱫᱼᱟ ᱱᱤᱛ ᱦᱚᱸ ᱚᱠᱛᱮ ᱫᱚ ᱵᱟᱝ ᱦᱩᱭ ᱟᱠᱟᱱᱟ ᱥᱮ ᱪᱮᱫᱼᱟ?
train_santalimale_02825	wavs/train_santalimale_02825.wav	ᱩᱱᱤ ᱞᱟᱹᱜᱤᱫᱼᱟ ᱫᱚᱦᱲᱟᱹ ᱛᱮ ᱪᱟᱸᱫᱚᱭ ᱨᱟᱠᱟᱵᱚᱜᱼᱟᱟ ᱥᱮ ᱪᱮᱫᱼᱟ ᱮᱱᱛᱮᱫᱼᱟ ᱚᱲᱟᱜᱼᱟ ᱢᱟ ᱥᱟᱹᱜᱤᱧ ᱮᱱ ᱟᱨ ᱱᱚᱛᱮ ᱠᱩᱲᱤ ᱦᱚᱯᱚᱱ ᱚᱠᱟᱨᱮ ᱵᱟᱭ ᱛᱟᱸᱦᱮᱸᱱ?
train_santalimale_02826	wavs/train_santalimale_02826.wav	ᱱᱚᱛᱮ ᱥᱚᱨ ᱨᱮ ᱯᱮᱲᱟ ᱦᱚᱸ ᱵᱟᱭ ᱫᱤᱥᱟᱹᱭᱮᱫᱼᱟ ᱠᱚᱟ।
train_santalimale_02827	wavs/train_santalimale_02827.wav	ᱟᱹᱱᱟᱹᱰᱤ ᱠᱩᱲᱤ ᱧᱮᱞᱛᱮ ᱠᱚᱲᱟᱹ ᱫᱚ ᱠᱚ ᱟᱹᱪᱩᱨ ᱵᱟᱲᱟᱹᱭ ᱠᱟᱱᱟ।
train_santalimale_02828	wavs/train_santalimale_02828.wav	ᱩᱱᱚᱠᱩ ᱧᱮᱞᱛᱮ ᱥᱚᱦᱟ ᱫᱚ ᱪᱮᱫᱼᱟ ᱠᱚ ᱪᱚᱭ ᱜᱩᱱᱟᱹᱱᱚᱜᱼᱟ ᱠᱟᱱᱟ।
train_santalimale_02829	wavs/train_santalimale_02829.wav	ᱪᱮᱫᱟᱜᱼᱟ ᱵᱟᱭ ᱦᱮᱡᱼᱟ ᱞᱮᱱᱟ ᱟᱡᱼᱟ ᱨᱮᱱ ᱯᱤᱨᱤᱛ?
train_santalimale_02830	wavs/train_santalimale_02830.wav	ᱚᱱᱟᱫᱚ ᱯᱟᱥᱮᱡᱼᱟ ᱥᱚᱦᱟ ᱪᱷᱟᱰᱟ ᱠᱟᱛᱮ ᱚᱠᱚᱭ ᱦᱚᱸ ᱵᱟᱝᱠᱚ ᱵᱟᱰᱟᱭᱟ।
train_santalimale_02831	wavs/train_santalimale_02831.wav	ᱥᱚᱦᱟ ᱫᱚ ᱠᱚᱭᱚᱜᱼᱟ ᱦᱚᱨ ᱛᱟᱭᱚᱢ ᱨᱟᱵᱟᱜᱼᱟᱨᱩᱵᱩᱜᱼᱟ ᱢᱚᱴᱨᱟ ᱦᱮᱨᱢᱮᱫᱼᱟ ᱠᱟᱛᱮᱭ ᱢᱚᱦᱚᱬᱰᱟᱭᱮᱱᱟ।
train_santalimale_02832	wavs/train_santalimale_02832.wav	ᱚᱠᱟ ᱦᱚᱨ ᱛᱮᱭ ᱢᱚᱦᱚᱬᱰᱟᱣᱟᱠᱟᱱᱟ ᱚᱱᱟᱫᱚ ᱵᱟᱭ ᱵᱩᱡ ᱧᱟᱢ ᱟᱠᱟᱫᱟ।
train_santalimale_02833	wavs/train_santalimale_02833.wav	ᱮᱠᱮᱱ ᱜᱩᱱᱤ ᱵᱷᱟᱹᱵᱤᱜᱼᱟ ᱛᱩᱞᱩᱡᱼᱟ ᱛᱩᱢᱵᱩᱛᱩᱛᱩᱢᱵᱩᱫᱼᱟ ᱮ ᱪᱟᱞᱟᱣ ᱤᱫᱤᱜᱼᱟ ᱠᱟᱱᱟ।
train_santalimale_02834	wavs/train_santalimale_02834.wav	ᱥᱮᱴᱮᱨ ᱮᱱᱟᱭ ᱢᱟᱦᱚᱬᱰᱟ ᱠᱩᱞᱦᱤ ᱢᱩᱪᱟᱹᱫᱼᱟ ᱨᱮ ᱢᱮᱱᱟᱜᱼᱟ ᱡᱩᱨᱤ ᱢᱟᱛᱠᱚᱢ ᱫᱟᱨᱮ, ᱚᱬᱰᱮ ᱜᱮᱭ ᱫᱩᱰᱩᱵᱼᱟ ᱡᱤᱨᱟᱹᱣᱮᱱᱟ।
train_santalimale_02835	wavs/train_santalimale_02835.wav	ᱥᱚᱦᱟ ᱫᱚ ᱦᱩᱫᱤᱥ ᱜᱟᱹᱬᱰᱚᱱ ᱨᱮᱭ ᱩᱱᱩᱢ ᱟᱠᱟᱱᱟ ᱪᱮᱫᱼᱟᱮ ᱪᱮᱠᱟᱭᱟ, ᱪᱮᱫᱼᱟ ᱵᱟᱝ?
train_santalimale_02836	wavs/train_santalimale_02836.wav	ᱮᱱᱠᱟ ᱠᱟᱛᱮ ᱜᱮ ᱯᱟᱥᱮᱡᱼᱟ ᱚᱱᱛᱮ ᱫᱚ ᱠᱤᱫᱩᱜᱼᱟ ᱡᱚᱢ ᱵᱮᱨᱟ ᱦᱩᱭᱮᱱᱟ।
train_santalimale_02837	wavs/train_santalimale_02837.wav	ᱟᱛᱚ ᱦᱚᱲ ᱫᱚ ᱠᱤᱫᱩᱜᱼᱟ ᱡᱚᱢ ᱵᱟᱲᱟᱹ ᱠᱟᱛᱮ ᱠᱚ ᱡᱟᱜᱟᱜᱼᱟ ᱞᱟᱹᱜᱤᱫᱼᱟ।
train_santalimale_02838	wavs/train_santalimale_02838.wav	ᱟᱫᱚᱢᱚᱟᱫᱚᱢ ᱚᱲᱟᱜᱼᱟ ᱨᱮᱱ ᱫᱚ ᱵᱟᱠᱚ ᱠᱤᱫᱩᱜᱼᱟ ᱟᱠᱟᱱᱟ ᱥᱟᱸᱜᱮ ᱯᱮᱲᱟᱹ ᱤᱭᱟᱹᱛᱮ ᱥᱟᱴᱠᱟᱥᱚᱴᱠᱚ ᱫᱚ ᱟᱸᱡᱚᱢᱚᱜᱼᱟ ᱠᱟᱱ ᱜᱮᱭᱟ।
train_santalimale_02839	wavs/train_santalimale_02839.wav	ᱚᱱᱟ ᱟᱛᱚ ᱨᱮᱜᱮ ᱪᱟᱸᱫᱨᱟᱭ ᱧᱩᱛᱩᱢᱟᱱᱤᱡᱼᱟ ᱠᱚᱲᱟᱹᱭ ᱛᱟᱸᱦᱮᱸᱠᱟᱱᱟ।
train_santalimale_02840	wavs/train_santalimale_02840.wav	ᱩᱱᱤ ᱫᱚ ᱮᱸᱜᱟᱟᱯᱟ ᱨᱮᱱ ᱥᱟᱫᱷᱮᱨ ᱦᱚᱯᱚᱱ ᱡᱷᱮᱸᱴ ᱵᱮᱴᱟ।
train_santalimale_02841	wavs/train_santalimale_02841.wav	ᱪᱟᱸᱫᱨᱟᱭ ᱛᱟᱠᱚ ᱫᱚ ᱟᱹᱰᱤ ᱠᱤᱥᱟᱹᱸᱲ ᱵᱟᱠᱚ ᱛᱟᱸᱦᱮᱸᱠᱟᱱ ᱨᱮᱦᱚᱸ ᱟᱹᱰᱤ ᱨᱮᱸᱜᱮᱡᱼᱟ ᱦᱚᱸ ᱵᱟᱠᱚ ᱛᱟᱸᱦᱮᱸᱠᱟᱱᱟ।
train_santalimale_02842	wavs/train_santalimale_02842.wav	ᱟᱹᱰᱤ ᱢᱚᱡ ᱛᱮ ᱵᱚᱪᱷᱚᱨ ᱫᱤᱱ ᱠᱚ ᱡᱚᱢ ᱞᱚᱞᱚᱜᱼᱟ ᱠᱟᱱ ᱛᱟᱸᱦᱮᱸᱱᱟ।
train_santalimale_02843	wavs/train_santalimale_02843.wav	ᱩᱱᱤ ᱫᱚ ᱜᱚᱰᱰᱟ ᱠᱚᱞᱮᱡ ᱨᱮᱭ ᱯᱟᱲᱦᱟᱣᱚᱜᱼᱟ ᱠᱟᱱ ᱛᱟᱸᱦᱮᱸᱱᱟ।
train_santalimale_02844	wavs/train_santalimale_02844.wav	ᱩᱱᱚᱠᱩ ᱚᱲᱟᱹᱜᱼᱟ ᱨᱮ ᱦᱚᱸ ᱯᱮᱲᱟᱹ ᱠᱚ ᱦᱮᱡᱼᱟ ᱵᱟᱹᱲᱛᱤᱭᱟᱠᱟᱱ ᱛᱟᱸᱦᱮᱸᱱ ᱛᱮ ᱜᱤᱛᱤᱡᱼᱟ ᱞᱟᱹᱜᱤᱫᱼᱟ ᱮ ᱠᱚᱥᱴᱚᱜᱼᱟ ᱠᱟᱱ ᱛᱟᱸᱦᱮᱸᱱᱟ।
train_santalimale_02845	wavs/train_santalimale_02845.wav	ᱚᱱᱟᱛᱮ ᱠᱩᱞᱦᱤ ᱢᱩᱪᱟᱹᱫᱼᱟ ᱠᱷᱟᱹᱨᱟᱹᱤ ᱛᱮ ᱜᱤᱛᱤᱡᱼᱟ ᱞᱟᱹᱜᱤᱫᱼᱟ ᱮ ᱢᱚᱦᱚᱬᱰᱟᱣᱟᱠᱟᱱᱟ।
train_santalimale_02846	wavs/train_santalimale_02846.wav	ᱥᱚᱦᱟ ᱫᱚ ᱟᱩᱨᱤᱭ ᱜᱚᱴᱟᱭᱟ, ᱚᱠᱟ ᱛᱮᱭ ᱪᱟᱞᱟᱜᱼᱟᱟ ᱢᱮᱱᱛᱮ?
train_santalimale_02847	wavs/train_santalimale_02847.wav	ᱩᱱᱟᱹᱜᱼᱟ ᱧᱤᱫᱟᱹ ᱭᱮᱱ ᱨᱮᱦᱚᱸ ᱠᱩᱲᱤ ᱦᱚᱯᱚᱱ ᱦᱩᱭ ᱠᱟᱛᱮ ᱵᱟᱭ ᱮᱥᱠᱟᱨᱚᱜᱼᱟ ᱠᱟᱱᱟ।
train_santalimale_02848	wavs/train_santalimale_02848.wav	ᱥᱟᱸᱣ ᱛᱮᱜᱮ ᱢᱚᱪᱟ ᱠᱷᱚᱱ ᱟᱲᱟᱝ ᱦᱚᱸ ᱚᱬᱰᱚᱝ ᱮᱱ ᱛᱟᱭᱟ।
train_santalimale_02849	wavs/train_santalimale_02849.wav	ᱡᱩᱫᱤᱭ ᱵᱟᱹᱲᱤᱡᱼᱟ ᱠᱤᱫᱤᱧ ᱠᱷᱟᱱ ᱪᱮᱫᱼᱟ ᱞᱟᱡᱟᱣ ᱛᱮᱧ ᱡᱤᱣᱟᱹᱫᱚᱜᱼᱟᱟ?
train_santalimale_02850	wavs/train_santalimale_02850.wav	ᱤᱧ ᱫᱚ ᱱᱚᱟ ᱫᱷᱟᱹᱨᱛᱤ ᱨᱮ ᱛᱟᱸᱦᱮᱸᱱ ᱨᱮᱭᱟᱜᱼᱟ ᱦᱚᱸᱠ ᱫᱚ ᱵᱟᱹᱱᱩᱜᱼᱟ ᱛᱤᱧᱟᱹ।
train_santalimale_02851	wavs/train_santalimale_02851.wav	ᱚᱱᱟ ᱠᱷᱚᱱ ᱵᱷᱟᱜᱮ ᱫᱚ ᱵᱟᱝ ᱛᱟᱸᱦᱮᱸᱱ ᱜᱮ ᱵᱚᱜᱮᱭᱟ।
train_santalimale_02852	wavs/train_santalimale_02852.wav	ᱤᱧ ᱛᱟᱸᱦᱮᱸᱱ ᱠᱷᱟᱱ ᱜᱚ ᱵᱟᱵᱟ ᱵᱚᱭᱦᱟ ᱛᱤᱱᱟᱹᱜᱼᱟ ᱵᱟᱹᱰᱤᱡᱼᱟ ᱦᱚᱲᱟᱹᱜᱼᱟ ᱨᱚᱲ ᱠᱚ ᱟᱸᱡᱚᱢᱟ।
train_santalimale_02853	wavs/train_santalimale_02853.wav	ᱪᱮᱠᱟ ᱩᱱᱚᱠᱩ ᱫᱚ ᱠᱚ ᱥᱟᱦᱟᱣ ᱫᱟᱲᱮᱹᱭᱟᱜᱼᱟᱟ?
train_santalimale_02854	wavs/train_santalimale_02854.wav	ᱤᱧ ᱚᱡᱮ ᱛᱮ ᱟᱞᱮ ᱟᱛᱚᱚᱲᱟᱹᱜᱼᱟ ᱨᱮᱭᱟᱜᱼᱟ ᱢᱟᱱᱢᱟᱱᱚᱛ ᱪᱟᱵᱟᱜᱼᱟᱟ।
train_santalimale_02855	wavs/train_santalimale_02855.wav	ᱤᱧ ᱵᱟᱵᱟᱣᱟᱜᱼᱟ ᱫᱟᱹᱦᱰᱤᱱᱟᱜᱼᱟ ᱧᱩᱸᱨᱩᱜᱼᱟ ᱛᱟᱭᱟ।
train_santalimale_02856	wavs/train_santalimale_02856.wav	ᱚᱱᱟ ᱠᱷᱚᱱ ᱞᱟᱦᱟ ᱫᱚ ᱤᱧ ᱜᱮ ᱵᱟᱹᱧ ᱛᱟᱸᱦᱮᱸᱱᱟ।
train_santalimale_02857	wavs/train_santalimale_02857.wav	ᱥᱚᱦᱟ ᱫᱚ ᱱᱤᱭᱟᱹ ᱠᱟᱛᱷᱟ ᱨᱚᱲ ᱯᱩᱨᱟᱹᱩ ᱠᱮᱫᱼᱟ ᱥᱟᱸᱣᱛᱮ ᱚᱱᱟ ᱩᱛᱟᱹᱨ ᱱᱟᱠᱷᱟ ᱣᱟᱜᱼᱟ ᱢᱟᱛᱠᱚᱢ ᱫᱟᱨᱮ ᱨᱮ ᱫᱮᱡᱚᱜᱼᱟᱮ ᱮᱦᱚᱵᱼᱟ ᱮᱱᱟ।
train_santalimale_02858	wavs/train_santalimale_02858.wav	ᱪᱟᱸᱫᱨᱟᱭ ᱫᱚ ᱥᱚᱦᱟ ᱣᱟᱜᱼᱟ ᱜᱟᱱᱫᱟᱨᱚᱜᱩᱱᱫᱩᱨ ᱟᱲᱟᱹᱝ ᱮ ᱟᱸᱡᱚᱢ ᱜᱚᱫᱼᱟ ᱠᱮᱫᱟ।
train_santalimale_02859	wavs/train_santalimale_02859.wav	ᱛᱚᱵᱮᱭ ᱦᱩᱫᱤᱥ ᱟᱱᱟ ᱚᱠᱚᱭ ᱴᱟᱜᱼᱟ ᱠᱩᱲᱤ ᱪᱚ ᱟᱹᱰᱤ ᱵᱟᱹᱲᱛᱤ ᱭᱮ ᱫᱩᱠ ᱟᱠᱟᱱᱟ।
train_santalimale_02860	wavs/train_santalimale_02860.wav	ᱪᱟᱸᱫᱨᱟᱭ ᱫᱚ ᱵᱤᱡᱞᱤ ᱵᱟᱹᱛᱤ ᱛᱮᱭ ᱟᱨᱥᱟᱞ ᱠᱮᱫᱟ।
train_santalimale_02861	wavs/train_santalimale_02861.wav	ᱢᱮᱱᱠᱷᱟᱱ ᱫᱟᱨᱮ ᱵᱩᱴᱟᱹ ᱨᱮ ᱫᱚ ᱪᱮᱞᱮ ᱜᱮ ᱵᱟᱭ ᱧᱮᱞ ᱧᱟᱢ ᱞᱮᱫᱼᱟ ᱠᱚᱟ।
train_santalimale_02862	wavs/train_santalimale_02862.wav	ᱵᱮᱨᱪᱚᱝ ᱢᱤᱫᱼᱟ ᱴᱮᱱ ᱦᱩᱰᱤᱧ ᱢᱟᱪᱷᱟ ᱢᱚᱴᱨᱟᱭᱮ ᱧᱮᱞ ᱧᱟᱢ ᱠᱮᱫᱟ।
train_santalimale_02863	wavs/train_santalimale_02863.wav	ᱚᱱᱟ ᱛᱮᱭ ᱫᱷᱟᱠ ᱢᱟᱨᱟᱣ ᱜᱚᱫᱼᱟ ᱮᱱᱟ ᱟᱨ ᱜᱚᱴᱟ ᱦᱚᱲᱢᱚ ᱨᱮ ᱵᱚᱛᱚᱨ ᱪᱟᱯᱮ ᱭᱟᱫᱮᱭᱟ।
train_santalimale_02864	wavs/train_santalimale_02864.wav	ᱦᱚᱲᱢᱚᱸ ᱢᱟᱭᱟᱝ ᱥᱤᱨ ᱠᱚᱨᱮ ᱧᱤᱨ ᱵᱟᱲᱟᱹᱭ ᱠᱟᱱ ᱞᱮᱠᱟᱭ ᱟᱹᱤᱠᱟᱹᱩ ᱠᱮᱫᱟ।
train_santalimale_02865	wavs/train_santalimale_02865.wav	ᱦᱚᱲᱢᱚ ᱩᱵᱼᱟ ᱦᱚᱸ ᱨᱤᱥᱚᱨᱤᱥᱤ ᱛᱮᱸᱜᱚ ᱭᱮᱱ ᱛᱟᱭᱟ।
train_santalimale_02866	wavs/train_santalimale_02866.wav	ᱮᱱᱛᱮᱫᱼᱟ ᱵᱚᱛᱚᱨᱚᱜᱼᱟ ᱨᱮᱭᱟᱜᱼᱟ ᱢᱤᱫᱼᱟ ᱚᱡᱮ ᱫᱚ ᱱᱚᱟ ᱦᱚᱸ ᱠᱟᱱᱟ।
train_santalimale_02867	wavs/train_santalimale_02867.wav	ᱞᱟᱹᱭᱟᱠᱚ ᱚᱱᱟ ᱡᱩᱨᱤ ᱢᱟᱛᱠᱚᱢ ᱫᱟᱨᱮ ᱫᱚ ᱵᱷᱩᱛᱟᱹᱦᱟ ᱜᱮᱭᱟ।
train_santalimale_02868	wavs/train_santalimale_02868.wav	ᱵᱟᱝᱢᱟ ᱠᱟᱛᱷᱟᱭ ᱦᱟᱹᱴᱤᱭᱟᱹᱵᱟᱹᱴᱤᱭᱟᱹ ᱛᱮᱱ ᱠᱚ ᱦᱚᱲ ᱫᱟᱨᱮ ᱲᱟᱹᱨ ᱮ ᱨᱩᱠᱩ ᱵᱟᱲᱟᱹᱣᱟᱠᱟᱫᱼᱟ ᱣᱟᱠᱟᱫᱼᱟ ᱠᱚᱟ।
train_santalimale_02869	wavs/train_santalimale_02869.wav	ᱢᱤᱫᱼᱟ ᱵᱟᱨ ᱦᱚᱲ ᱫᱚ ᱜᱤᱛᱤᱡᱼᱟ ᱧᱤᱫᱟᱹ ᱨᱮ ᱛᱤᱨᱭᱚ ᱟᱲᱟᱝ ᱦᱚᱸ ᱠᱚ ᱟᱸᱡᱚᱢ ᱵᱟᱲᱟᱹ ᱣᱟᱠᱟᱫᱟ।
train_santalimale_02870	wavs/train_santalimale_02870.wav	ᱮᱱ ᱨᱮ ᱦᱚᱸ ᱪᱟᱸᱫᱨᱟᱭ ᱫᱚ ᱥᱟᱦᱚᱸᱥ ᱠᱟᱛᱮ, ᱡᱟᱝᱜᱟ ᱫᱚ ᱞᱟᱦᱟ ᱥᱮᱡᱼᱟ ᱮ ᱫᱷᱟᱯ ᱮᱫᱟ ᱟᱨ ᱪᱚᱴ ᱫᱟᱨᱮ ᱥᱮᱡᱼᱟ ᱮ ᱟᱨᱥᱟᱞ ᱠᱮᱫᱟ।
train_santalimale_02871	wavs/train_santalimale_02871.wav	ᱢᱟ ᱥᱟᱹᱨᱤ ᱜᱮ ᱢᱤᱫᱼᱟ ᱴᱮᱱ ᱟᱹᱰᱤ ᱢᱚᱸᱡ ᱮᱥᱮᱞᱚᱩᱥᱩᱞ ᱪᱮᱦᱨᱟ ᱠᱩᱲᱤᱭᱮ ᱧᱮᱞ ᱧᱟᱢ ᱠᱮᱫᱮᱭᱟ।
train_santalimale_02872	wavs/train_santalimale_02872.wav	ᱟᱭᱟᱜᱼᱟ ᱛᱤ ᱨᱮ ᱥᱟᱹᱲᱤ ᱨᱮᱭᱟᱜᱼᱟ ᱯᱟᱹᱥᱤ ᱛᱚᱞ ᱠᱟᱛᱮ ᱯᱟᱹᱥᱤᱭ ᱚᱰᱟᱣ ᱟᱠᱟᱫᱼᱟ ᱯᱟᱹᱥᱤᱜᱼᱟ ᱞᱟᱹᱜᱤᱫᱼᱟ।
train_santalimale_02873	wavs/train_santalimale_02873.wav	ᱛᱚᱵᱮ ᱪᱟᱸᱫᱨᱟᱭ ᱫᱚᱭ ᱨᱚᱲ ᱜᱚᱫᱼᱟ ᱠᱮᱫᱟ ᱦᱟᱞᱚᱭ ᱟᱞᱚᱢ ᱚᱱᱠᱟᱭᱟ ᱵᱤᱴᱤ।
train_santalimale_02874	wavs/train_santalimale_02874.wav	ᱪᱮᱫᱼᱟ ᱟᱢ ᱫᱚ ᱡᱤᱭᱚᱱ ᱱᱟᱥᱟᱣ ᱠᱟᱛᱮ ᱵᱟᱹᱨᱯᱷᱟᱹᱤ ᱮᱢ ᱧᱟᱢᱟ?
train_santalimale_02875	wavs/train_santalimale_02875.wav	ᱪᱮᱫᱼᱟ ᱩᱱᱟᱹᱜᱼᱟ ᱫᱚ ᱠᱚ ᱫᱩᱠ ᱚᱪᱚ ᱠᱮᱫᱼᱟ ᱢᱮᱛᱮ?
train_santalimale_02876	wavs/train_santalimale_02876.wav	ᱩᱱᱟᱹᱜᱼᱟ ᱩᱥᱟᱹᱨᱟ ᱱᱚᱟ ᱡᱤᱭᱚᱱ ᱠᱷᱚᱱ ᱫᱚᱢ ᱟᱥᱠᱮᱫᱼᱟ ᱜᱚᱫᱼᱟ ᱮᱱᱟ।
train_santalimale_02877	wavs/train_santalimale_02877.wav	ᱫᱷᱟᱹᱨᱛᱤ ᱵᱟᱹᱜᱤᱭᱟᱜᱼᱟ ᱨᱮ ᱫᱚ ᱟᱞᱚᱢ ᱟᱠᱚᱴᱤᱧᱟ ᱫᱟᱫᱟ।
train_santalimale_02878	wavs/train_santalimale_02878.wav	ᱤᱧ ᱞᱟᱹᱜᱤᱫᱼᱟ ᱚᱛ ᱦᱚᱸ ᱠᱮᱴᱮᱡᱼᱟ ᱮᱱᱟ, ᱥᱮᱨᱢᱟ ᱦᱚᱸ ᱪᱚᱴ ᱮᱱᱟ, ᱡᱚᱛᱚ ᱥᱮᱡᱼᱟ ᱡᱩᱸᱛ ᱮᱱᱟ।
train_santalimale_02879	wavs/train_santalimale_02879.wav	ᱢᱟ ᱮᱱᱛᱮᱫᱼᱟ ᱯᱷᱮᱰ ᱞᱮᱱ ᱢᱮ, ᱵᱮᱡᱟᱸᱭ ᱩᱱ ᱢᱟᱨᱟᱸᱝ ᱫᱷᱟᱹᱨᱛᱤ ᱨᱮ ᱟᱢ ᱛᱟᱸᱦᱮᱸᱱ ᱞᱟᱹᱜᱤᱫᱼᱟ ᱡᱟᱭᱜᱟ ᱵᱟᱹᱱᱩᱜᱼᱟ।
train_santalimale_02880	wavs/train_santalimale_02880.wav	ᱠᱷᱟᱱ ᱥᱚᱦᱟ ᱫᱚ ᱪᱟᱸᱫᱨᱟᱭ ᱟᱜᱼᱟ ᱠᱟᱛᱷᱟ ᱟᱸᱡᱚᱢ ᱠᱟᱛᱮᱭ ᱯᱷᱮᱰ ᱮᱱᱟ।
train_santalimale_02881	wavs/train_santalimale_02881.wav	ᱯᱷᱮᱰ ᱥᱟᱸᱣ ᱛᱮ ᱪᱟᱸᱫᱨᱟᱭ ᱫᱚᱭ ᱠᱩᱞᱤ ᱠᱮᱫᱮᱭᱟ ᱪᱮᱫᱼᱟ ᱩᱱᱟᱹᱜᱼᱟ ᱵᱟᱹᱲᱛᱤ ᱫᱚᱢ ᱠᱚᱥᱴᱚ ᱭᱮᱱᱟ ᱚᱱᱟᱛᱮ ᱟᱢ ᱫᱚᱢ ᱱᱚᱝᱠᱟ ᱭᱮᱫᱼᱟ ᱛᱟᱸᱦᱮᱸᱱᱟ।
train_santalimale_02882	wavs/train_santalimale_02882.wav	ᱥᱚᱦᱟ ᱫᱚ ᱱᱚᱣᱟᱭ ᱠᱩᱞᱤ ᱠᱮᱫᱮ ᱠᱷᱟᱱ ᱨᱟᱨᱟᱜᱼᱟ ᱜᱮᱭ ᱮᱦᱚᱵᱼᱟ ᱮᱱᱟ।
train_santalimale_02883	wavs/train_santalimale_02883.wav	ᱢᱮᱱᱟᱠᱚ ᱟᱯᱱᱟᱨᱟᱜᱼᱟ ᱫᱩᱠ ᱫᱚ ᱮᱴᱟᱜᱼᱟ ᱦᱚᱲ ᱴᱷᱮᱱ ᱞᱟᱭ ᱞᱮᱠᱷᱟᱱ ᱨᱟᱣᱟᱞ ᱧᱚᱜᱼᱟ ᱜᱮ ᱟᱹᱤᱠᱟᱹᱜᱼᱟᱟ।
train_santalimale_02884	wavs/train_santalimale_02884.wav	ᱠᱷᱟᱱ ᱪᱮᱫᱼᱟ ᱠᱚ ᱪᱚ ᱢᱤᱫᱼᱟ ᱜᱷᱟᱹᱲᱤ ᱦᱩᱫᱤᱥ ᱠᱟᱛᱮ ᱞᱟᱹᱞᱟᱹᱭ ᱮ ᱮᱦᱚᱵᱼᱟ ᱮᱱᱟ ᱤᱧᱟᱜᱼᱟ ᱧᱩᱛᱩᱢ ᱫᱚ ᱥᱚᱦᱟ ᱠᱟᱱ ᱛᱤᱧᱟᱹ।
train_santalimale_02885	wavs/train_santalimale_02885.wav	ᱟᱞᱮ ᱚᱲᱟᱜᱼᱟ ᱨᱮ ᱫᱚ ᱜᱚ ᱵᱟᱵᱟ, ᱢᱟᱨᱟᱝ ᱫᱟᱫᱟ ᱟᱨ ᱤᱧ ᱠᱷᱚᱱ ᱠᱟᱹᱴᱤᱡᱼᱟ ᱵᱚᱭᱦᱟ ᱠᱚᱲᱟ ᱢᱮᱱᱟᱭᱟ।
train_santalimale_02886	wavs/train_santalimale_02886.wav	ᱤᱧ ᱫᱚ ᱠᱩᱲᱤ ᱜᱤᱫᱨᱟᱹ ᱦᱟᱤ ᱥᱠᱩᱞ ᱯᱚᱰᱮᱭᱭᱟᱦᱟᱴ ᱨᱮᱧ ᱯᱟᱲᱦᱟᱣᱚᱜᱼᱟ ᱠᱟᱱ ᱛᱟᱸᱦᱮᱸᱱᱟ।
train_santalimale_02887	wavs/train_santalimale_02887.wav	ᱟᱫᱚ ᱢᱤᱫᱼᱟ ᱫᱚᱢ ᱤᱧ ᱨᱮᱱ ᱜᱟᱛᱮ ᱠᱩᱲᱤᱭᱟᱜᱼᱟ ᱵᱟᱯᱞᱟ ᱦᱩᱭᱩᱜᱼᱟ ᱠᱟᱱ ᱛᱟᱸᱦᱮᱸᱱ ᱛᱟᱭᱟ।
train_santalimale_02888	wavs/train_santalimale_02888.wav	ᱩᱱ ᱨᱮᱜᱮ ᱤᱧ ᱫᱚ ᱩᱱᱚᱠᱩ ᱟᱛᱚ ᱛᱮᱧ ᱥᱮᱱ ᱟᱠᱟᱱ ᱛᱟᱸᱦᱮᱸᱱᱟ।
train_santalimale_02889	wavs/train_santalimale_02889.wav	ᱚᱬᱰᱮ ᱜᱮ ᱯᱚᱱ ᱢᱚᱸᱲᱮᱸ ᱫᱤᱱ ᱤᱧ ᱛᱟᱸᱦᱮᱸᱭᱮᱱᱟ।
train_santalimale_02890	wavs/train_santalimale_02890.wav	ᱚᱱᱟ ᱟᱛᱚ ᱨᱮᱱ ᱜᱮ ᱢᱤᱫᱼᱟ ᱴᱮᱱ ᱦᱮᱢᱚᱞ ᱧᱩᱛᱩᱢᱟᱱᱤᱡᱼᱟ ᱠᱚᱲᱟᱹ ᱢᱮᱱᱟᱭᱟ।
train_santalimale_02891	wavs/train_santalimale_02891.wav	ᱧᱮᱞᱚᱜᱼᱟ ᱵᱟᱹᱯᱩᱰᱤᱡᱼᱟ ᱵᱷᱤᱛᱨᱤ ᱢᱚᱱ ᱛᱟᱭ ᱫᱚ ᱟᱹᱰᱤ ᱠᱩᱨᱚᱢᱩᱛᱟᱹᱦᱟ।
train_santalimale_02892	wavs/train_santalimale_02892.wav	ᱩᱱᱤ ᱜᱮ ᱤᱧᱟᱹᱜᱼᱟ ᱡᱤᱭᱚᱱ ᱨᱮᱱ ᱯᱟᱹᱦᱤᱞ ᱩᱛᱟᱹᱨᱤᱡᱼᱟ ᱚᱱᱛᱚᱨ ᱨᱟᱡᱟᱭ ᱛᱟᱸᱦᱮᱸᱠᱟᱱᱟ।
train_santalimale_02893	wavs/train_santalimale_02893.wav	ᱤᱧ ᱫᱚ ᱵᱟᱹᱧ ᱨᱚᱲᱟᱭᱤᱧ ᱢᱮᱱ ᱞᱮᱫᱟ, ᱢᱮᱱᱠᱷᱟᱱ ᱟᱹᱰᱤ ᱟᱭᱢᱟ ᱞᱮᱠᱟᱱ ᱠᱟᱛᱷᱟᱭ ᱞᱟᱹᱭ ᱟᱫᱮᱧᱟ ᱟᱨ ᱩᱱᱤᱭᱟᱜᱼᱟ ᱠᱟᱛᱷᱟ ᱨᱮᱧ ᱯᱟᱹᱛᱤᱭᱟᱹᱩ ᱮᱱᱟ।
train_santalimale_02894	wavs/train_santalimale_02894.wav	ᱛᱚᱵᱮ ᱤᱧᱟᱹᱜᱼᱟ ᱚᱱᱛᱚᱨ ᱨᱮ ᱩᱱᱤ ᱟᱸᱜᱚᱪᱮ ᱦᱩᱭ ᱮᱱ ᱛᱤᱧᱟᱹ।
train_santalimale_02895	wavs/train_santalimale_02895.wav	ᱩᱱᱤ ᱠᱚᱲᱟᱹ ᱛᱟᱹᱞᱤᱧ ᱜᱮ ᱫᱩᱞᱟᱹᱲ ᱛᱚᱱᱚᱞ ᱛᱤᱞᱤᱧ ᱛᱚᱯᱚᱞ ᱢᱤᱫᱼᱟ ᱮᱱᱟ।
train_santalimale_02896	wavs/train_santalimale_02896.wav	ᱚᱱᱟ ᱛᱟᱭᱚᱢ ᱫᱚ ᱢᱮᱛᱟᱜᱼᱟ ᱢᱮ ᱡᱚᱛᱚ ᱣᱟᱜᱼᱟ ᱤᱧ ᱟᱞᱟᱭᱟᱫᱮᱭᱟ।
train_santalimale_02897	wavs/train_santalimale_02897.wav	ᱟᱞᱟᱭᱟᱫᱮ ᱠᱷᱟᱱ ᱦᱟᱯᱛᱟ ᱨᱮ ᱢᱤᱫᱼᱟ ᱵᱟᱨ ᱫᱷᱟᱣ ᱫᱚ ᱟᱞᱮ ᱟᱛᱚᱭ ᱦᱤᱡᱩᱜᱼᱟ ᱥᱮᱱᱚᱜᱼᱟ ᱠᱟᱱ ᱛᱟᱸᱦᱮᱸᱱ ᱜᱮᱭᱟ।
train_santalimale_02898	wavs/train_santalimale_02898.wav	ᱚᱠᱟᱚᱠᱟ ᱫᱚ ᱦᱟᱹᱴᱤᱭᱟᱹᱵᱟᱹᱴᱤᱭᱟᱹ ᱧᱮᱧᱮᱞ ᱮᱱᱮᱡᱼᱟ ᱮᱢᱟᱱ ᱨᱮ ᱦᱚᱸ ᱞᱤᱧ ᱧᱟᱯᱟᱢᱚᱜᱼᱟ ᱠᱟᱱ ᱛᱟᱸᱦᱮᱸᱱᱟ।
train_santalimale_02899	wavs/train_santalimale_02899.wav	ᱢᱤᱫᱼᱟ ᱛᱟᱞᱟᱣ ᱜᱮ ᱟᱥᱟᱸᱭ ᱨᱚᱸ ᱞᱮᱠᱟ ᱰᱷᱮᱲᱮᱸᱰᱷᱮᱲᱮᱸᱭ ᱟᱹᱪᱩᱨ ᱵᱟᱲᱟᱹᱭᱟ।
train_santalimale_02900	wavs/train_santalimale_02900.wav	ᱤᱧ ᱦᱚᱸ ᱜᱚᱵᱟᱵᱟ ᱛᱟᱠᱚ ᱟᱸᱫᱦᱟ ᱠᱟᱛᱮ ᱩᱱᱤ ᱠᱚᱲᱟᱹ ᱴᱷᱮᱱ ᱧᱟᱯᱟᱢᱚᱜᱼᱟ ᱤᱧ ᱥᱮᱱᱚᱜᱼᱟ ᱠᱟᱱ ᱛᱟᱸᱦᱮᱱᱟ।
train_santalimale_02901	wavs/train_santalimale_02901.wav	ᱟᱫᱚ ᱚᱱᱮ ᱠᱚ ᱢᱮᱱᱟ ᱮᱲᱮ ᱫᱚ ᱛᱤᱱᱟᱹᱜᱼᱟ ᱫᱤᱱ ᱦᱟᱵᱤᱡᱼᱟ?
train_santalimale_02902	wavs/train_santalimale_02902.wav	ᱤᱧᱟᱹᱜᱼᱟ ᱦᱚᱲᱢᱚ ᱫᱟᱨᱮ ᱨᱮ, ᱵᱟᱹᱤᱵᱟᱹᱤ ᱛᱮ ᱥᱟᱲ ᱵᱟᱦᱟ ᱫᱚ ᱢᱚᱥᱚᱫᱚᱜᱼᱟ ᱮᱦᱚᱵᱼᱟ ᱮᱱᱟ ᱟᱨ ᱡᱟᱹᱞᱤ ᱡᱚ ᱫᱚ ᱥᱟᱵᱼᱟ ᱮᱱᱟ।
train_santalimale_02903	wavs/train_santalimale_02903.wav	ᱡᱟᱹᱞᱤ ᱡᱚ ᱫᱚ ᱥᱟᱵᱼᱟ ᱮᱱ ᱠᱷᱟᱱ ᱤᱧ ᱫᱚ ᱫᱤᱱᱚᱫᱤᱱ ᱛᱮᱧ ᱦᱟᱢᱟᱞ ᱤᱫᱤᱭᱮᱱᱟ।
train_santalimale_02904	wavs/train_santalimale_02904.wav	ᱢᱤᱫᱼᱟ ᱫᱤᱱ ᱫᱚ ᱤᱧ ᱦᱟᱢᱟᱞᱮᱱ ᱨᱮᱭᱟᱜᱼᱟ ᱠᱟᱛᱷᱟᱧ ᱞᱟᱹᱭ ᱟᱫᱮᱭᱟ।
train_santalimale_02905	wavs/train_santalimale_02905.wav	ᱟᱫᱚ ᱚᱱᱠᱟ ᱫᱚ ᱪᱮᱫᱼᱟ ᱞᱮᱠᱟᱧ ᱤᱫᱤ ᱢᱮᱭᱟ?
train_santalimale_02906	wavs/train_santalimale_02906.wav	ᱱᱚᱜᱼᱟ ᱚᱭ ᱪᱚ ᱥᱮᱴᱮᱨᱚᱜᱼᱟ ᱠᱟᱱ ᱱᱤᱡᱷᱟᱹᱨ ᱧᱮᱧᱮᱞ।
train_santalimale_02907	wavs/train_santalimale_02907.wav	ᱩᱱ ᱦᱤᱞᱚᱜᱼᱟ ᱜᱮ ᱧᱮᱧᱮᱞ ᱥᱮᱡᱼᱟ ᱛᱮ ᱟᱞᱮ ᱚᱲᱟᱜᱼᱟ ᱛᱮᱧ।
train_santalimale_02908	wavs/train_santalimale_02908.wav	ᱡᱟᱭᱚᱡᱩᱜ ᱞᱟᱹᱜᱤᱫᱼᱟ ᱤᱧ ᱨᱮᱱ ᱫᱷᱚᱨᱚᱢ ᱜᱷᱤᱨᱱᱤᱧ ᱟᱸᱜᱚᱪ ᱢᱮᱭᱟ।
train_santalimale_02909	wavs/train_santalimale_02909.wav	ᱤᱧ ᱫᱚ ᱱᱤᱡᱷᱟᱹᱨ ᱧᱮᱧᱮᱞ ᱨᱮᱜᱮ ᱧᱟᱯᱟᱢᱚᱜᱼᱟ ᱮ ᱢᱮᱛᱟ ᱣᱟᱫᱮᱧᱟ।
train_santalimale_02910	wavs/train_santalimale_02910.wav	ᱚᱱᱟᱛᱮ ᱡᱚᱛᱚ ᱠᱤᱪᱚᱨᱤᱡᱼᱟ ᱥᱟᱢᱴᱟᱣ ᱠᱟᱛᱮ ᱟᱞᱮ ᱚᱲᱟᱹᱜᱼᱟ ᱠᱷᱚᱱ ᱫᱚᱧ ᱚᱬᱲᱚᱝ ᱦᱮᱡᱼᱟ ᱟᱠᱟᱱᱟ।
train_santalimale_02911	wavs/train_santalimale_02911.wav	ᱟᱞᱮ ᱚᱲᱟᱜᱼᱟ ᱨᱮᱱ ᱦᱚᱲ ᱫᱚ ᱵᱟᱰᱟᱭ ᱦᱚᱸ ᱵᱟᱝ ᱠᱚ ᱵᱟᱰᱟᱭ ᱛᱟᱞᱮᱭᱟ, ᱡᱮ ᱚᱠᱟᱛᱮᱧ ᱚᱬᱲᱚᱝ ᱟᱠᱟᱱᱟ ᱢᱮᱱᱛᱮ।
train_santalimale_02912	wavs/train_santalimale_02912.wav	ᱮᱠᱮᱱ ᱤᱧᱟᱹᱜᱼᱟ ᱯᱟᱲᱦᱟᱜᱼᱟ ᱠᱩᱴᱷᱞᱤ ᱨᱮ ᱢᱤᱫᱼᱟ ᱴᱮᱱ ᱪᱤᱴᱷᱤᱧ ᱚᱞ ᱚᱴᱚ ᱣᱟᱠᱟᱫᱟ।
train_santalimale_02913	wavs/train_santalimale_02913.wav	ᱤᱧ ᱫᱚ ᱱᱚᱟ ᱚᱲᱟᱜᱼᱟ ᱠᱷᱚᱱ ᱵᱮᱜᱚᱨ ᱞᱟᱹᱭ ᱛᱮᱧ ᱚᱬᱲᱚᱝ ᱪᱟᱞᱟᱜᱼᱟ ᱠᱟᱱᱟ।
train_santalimale_02914	wavs/train_santalimale_02914.wav	ᱟᱵᱮᱱ ᱫᱚ ᱠᱟᱹᱴᱤᱡᱼᱟ ᱠᱷᱚᱱ ᱵᱮᱱ ᱟᱹᱥᱩᱞ ᱦᱟᱨᱟ ᱠᱤᱫᱤᱧᱟ, ᱢᱮᱱᱠᱷᱟᱱ ᱛᱮᱦᱮᱸᱧ ᱫᱚᱧ ᱮᱲᱮᱭᱮᱫᱼᱟ ᱵᱮᱱᱟ।
train_santalimale_02915	wavs/train_santalimale_02915.wav	ᱟᱵᱮᱱ ᱫᱚ ᱱᱚᱟ ᱠᱟᱛᱷᱟ ᱵᱟᱰᱟᱭ ᱠᱟᱛᱮ ᱟᱹᱰᱤ ᱟᱥᱠᱮᱫᱼᱟ ᱵᱮᱱ ᱟᱹᱤᱠᱟᱹᱣᱟ।
train_santalimale_02916	wavs/train_santalimale_02916.wav	ᱤᱧ ᱫᱚ ᱟᱵᱮᱱ ᱴᱷᱮᱱ ᱨᱚᱲ ᱥᱟᱰᱮ ᱞᱟᱹᱜᱤᱫᱼᱟ ᱵᱟᱹᱧ ᱥᱟᱦᱚᱥ ᱫᱟᱲᱮᱹᱭᱟᱫᱟ।
train_santalimale_02917	wavs/train_santalimale_02917.wav	ᱮᱱᱛᱮᱫᱼᱟ ᱟᱹᱰᱤ ᱵᱟᱲᱛᱤ ᱜᱮᱧ ᱵᱟᱹᱲᱤᱡᱼᱟ ᱟᱠᱟᱫᱟ ᱟᱨ ᱯᱟᱥᱮᱡᱼᱟ ᱟᱯᱮ ᱫᱚ ᱚᱦᱚ ᱜᱮ ᱯᱮ ᱤᱠᱟᱹ ᱠᱤᱧᱟ।
train_santalimale_02918	wavs/train_santalimale_02918.wav	ᱚᱱᱟᱛᱮ ᱤᱧ ᱫᱚ ᱛᱮᱦᱮᱸᱧ ᱫᱤᱱ ᱠᱷᱚᱱ ᱡᱟᱭᱚᱡᱩᱜ ᱞᱟᱹᱜᱤᱫᱼᱟ ᱱᱚᱟ ᱚᱲᱟᱹᱜᱼᱟ ᱨᱮᱭᱟᱜᱼᱟ ᱫᱩᱣᱟᱹᱨ ᱜᱟᱸᱱᱟᱰᱮ ᱫᱚᱧ ᱞᱮᱵᱮᱫᱼᱟ ᱯᱟᱨᱚᱢᱮᱫᱟ।
train_santalimale_02919	wavs/train_santalimale_02919.wav	ᱢᱟᱨᱟᱝ ᱫᱟ ᱟᱨ ᱦᱩᱰᱤᱧ ᱵᱟᱵᱩ ᱢᱚᱥᱛᱮ ᱵᱟᱲᱮᱹ ᱛᱟᱸᱦᱮᱸᱱ ᱵᱮᱱ।
train_santalimale_02920	wavs/train_santalimale_02920.wav	ᱟᱵᱚ ᱧᱟᱯᱟᱢ ᱫᱚ ᱯᱟᱥᱮᱡᱼᱟ ᱞᱟᱦᱟ ᱡᱟᱱᱟᱢ ᱨᱮᱜᱮ।
train_santalimale_02921	wavs/train_santalimale_02921.wav	ᱤᱧ ᱫᱚ ᱧᱮᱧᱮᱞ ᱴᱟᱹᱬᱰᱤ ᱨᱮ ᱮᱱᱟᱱ ᱵᱟᱥᱠᱮᱭᱟᱜᱼᱟ ᱵᱮᱨᱟ ᱠᱷᱚᱱ ᱤᱧ ᱠᱚᱭᱚᱜᱼᱟ ᱦᱚᱨ ᱠᱮᱫᱮᱭᱟ।
train_santalimale_02922	wavs/train_santalimale_02922.wav	ᱮᱠᱮᱱ ᱟᱭᱟᱜᱼᱟ ᱠᱟᱛᱷᱟ ᱨᱮᱜᱮᱧ ᱯᱟᱹᱛᱤᱭᱟᱹᱣᱮᱱᱟ।
train_santalimale_02923	wavs/train_santalimale_02923.wav	ᱩᱱᱤ ᱮᱲᱮᱭᱟᱜᱼᱟ ᱠᱟᱛᱷᱟ ᱛᱮᱧ ᱯᱟᱹᱛᱤᱭᱟᱹᱣᱮᱱ ᱛᱮ ᱱᱚᱟ ᱦᱟᱞᱚᱛ ᱫᱚ ᱦᱩᱭ ᱟᱠᱟᱱ ᱛᱤᱧᱟᱹ।
train_santalimale_02924	wavs/train_santalimale_02924.wav	ᱞᱟᱦᱟ ᱨᱮ ᱩᱱᱤᱭᱟᱜᱼᱟ ᱢᱩᱞ ᱢᱩᱴᱷᱟᱹᱱ ᱤᱧ ᱯᱟᱪᱷᱱᱟᱣ ᱞᱮᱠᱷᱟᱱ ᱛᱮᱦᱮᱧ ᱫᱚ ᱱᱚᱟ ᱫᱤᱱ ᱧᱮᱧᱮᱞ ᱵᱟᱝ ᱦᱩᱭ ᱠᱚᱜᱼᱟ ᱛᱤᱧᱟᱹ।
train_santalimale_02925	wavs/train_santalimale_02925.wav	ᱲᱟᱹᱸᱜᱩᱣᱟᱹ ᱦᱚᱲᱢᱚ ᱨᱮᱭᱟᱜᱼᱟ ᱡᱚᱛᱚ ᱥᱮᱵᱮᱞ ᱨᱟᱥᱟ ᱪᱮᱯᱮᱡᱼᱟ ᱠᱟᱛᱮ ᱛᱮᱦᱮᱧ ᱫᱚ ᱦᱟᱞᱮ ᱰᱟᱞᱮᱭ ᱵᱟᱹᱜᱤ ᱭᱟᱫᱮᱧᱟ।
train_santalimale_02926	wavs/train_santalimale_02926.wav	ᱛᱮᱦᱮᱧ ᱫᱚ ᱤᱧ ᱥᱟᱨᱟᱯᱟᱭ ᱠᱟᱱᱟ ᱢᱤᱫᱼᱟ ᱫᱤᱱ ᱪᱮᱞᱮ ᱟᱹᱤᱢᱟᱹᱭ ᱦᱚᱸ ᱵᱟᱝ ᱡᱩᱴᱟᱹᱣᱟᱢᱟ।
train_santalimale_02927	wavs/train_santalimale_02927.wav	ᱮᱱᱠᱟ ᱛᱮᱜᱮ ᱱᱚᱟ ᱫᱷᱟᱹᱨᱛᱤ ᱫᱚᱢ ᱵᱟᱹᱜᱤᱭᱟᱜᱼᱟᱟ।
train_santalimale_02928	wavs/train_santalimale_02928.wav	ᱠᱚᱭᱚᱜᱼᱟ ᱦᱚᱨ ᱛᱟᱭᱚᱢ ᱪᱮᱫᱼᱟ ᱤᱧ ᱪᱮᱠᱟᱭᱟ?
train_santalimale_02929	wavs/train_santalimale_02929.wav	ᱟᱞᱮ ᱚᱲᱟᱜᱼᱟ ᱛᱮ ᱪᱟᱞᱟᱜᱼᱟ ᱢᱟ ᱞᱟᱡᱟᱣ ᱜᱮᱧ ᱟᱹᱤᱠᱟᱹᱣᱮᱫᱼᱟ ᱠᱟᱱ।
train_santalimale_02930	wavs/train_santalimale_02930.wav	ᱡᱩᱫᱤᱧ ᱨᱩᱣᱟᱹᱲ ᱥᱮᱱᱚᱜᱼᱟ ᱠᱟᱱ ᱠᱷᱟᱱ ᱟᱞᱮ ᱚᱲᱟᱜᱼᱟ ᱨᱮᱱ ᱫᱚ ᱛᱷᱚᱲᱟᱹ ᱵᱟᱹᱰᱤᱡᱼᱟ ᱠᱚ ᱨᱚᱲ ᱠᱚᱟ।
train_santalimale_02931	wavs/train_santalimale_02931.wav	ᱤᱧ ᱫᱟᱫᱟ ᱨᱮᱱ ᱥᱟᱜᱟᱞᱥᱟᱜᱟᱞ ᱜᱟᱛᱮ ᱠᱚᱲᱟᱹ, ᱪᱮᱠᱟ ᱤᱧ ᱫᱟᱫᱟ ᱫᱚ ᱟᱡᱼᱟ ᱨᱮᱱ ᱜᱟᱛᱮ ᱠᱚᱲᱟᱹ ᱥᱟᱸᱣᱛᱮ ᱫᱚᱭ ᱫᱩᱰᱩᱯᱩᱛᱮᱝᱜᱚ ᱫᱟᱲᱮᱹᱭᱟᱜᱼᱟᱟ।
train_santalimale_02932	wavs/train_santalimale_02932.wav	ᱚᱲᱟᱜᱼᱟ ᱨᱮᱭᱟᱜᱼᱟ ᱡᱚᱛᱚ ᱢᱟᱱ ᱢᱟᱱᱚᱛ ᱚᱛ ᱦᱟᱥᱟ ᱨᱮ ᱢᱤᱞᱟᱹᱜᱼᱟᱟ।
train_santalimale_02933	wavs/train_santalimale_02933.wav	ᱚᱱᱟᱛᱮ ᱤᱧ ᱜᱮ ᱵᱟᱝ ᱛᱟᱸᱦᱮᱸᱱ ᱨᱮᱭᱟᱜᱼᱟ ᱤᱧ ᱜᱚᱴᱟ ᱩᱨᱤᱡᱼᱟ ᱠᱮᱫᱟ ᱟᱨ ᱱᱚᱬᱰᱮ ᱫᱚᱧ ᱦᱮᱡᱼᱟ ᱟᱠᱟᱱᱟ।
train_santalimale_02934	wavs/train_santalimale_02934.wav	ᱱᱚᱟ ᱨᱚᱲ ᱢᱩᱪᱟᱹᱫᱼᱟ ᱥᱟᱸᱣᱛᱮ ᱥᱚᱦᱟ ᱫᱚ ᱨᱟᱨᱟᱜᱼᱟ ᱮ ᱥᱟᱹᱨᱫᱤ ᱭᱮᱱᱟ।
train_santalimale_02935	wavs/train_santalimale_02935.wav	ᱩᱱᱤᱭᱟᱜᱼᱟ ᱵᱟᱝ ᱥᱟᱦᱟᱜᱼᱟ ᱫᱩᱠ ᱟᱸᱡᱚᱢ ᱠᱟᱛᱮ ᱪᱟᱸᱫᱨᱟᱭ ᱫᱚᱭ ᱢᱮᱱ ᱠᱮᱫᱟ ᱢᱟ ᱛᱷᱤᱨᱠᱚᱜᱼᱟ ᱢᱮ ᱟᱞᱚᱢ ᱨᱟᱜᱟ।
train_santalimale_02936	wavs/train_santalimale_02936.wav	ᱦᱚᱲ ᱧᱮᱞ ᱠᱟᱛᱮ ᱛᱷᱚᱨ ᱵᱟᱢ ᱧᱮᱞ ᱚᱨᱚᱢ ᱠᱮᱭᱟ, ᱡᱮ ᱚᱠᱚᱭ ᱴᱟᱜᱼᱟ ᱫᱚ ᱥᱟᱹᱨᱤ ᱦᱚᱲ ᱠᱟᱱᱟᱭ ᱢᱮᱱᱛᱮ।
train_santalimale_02937	wavs/train_santalimale_02937.wav	ᱫᱮᱞᱟ ᱤᱧ ᱤᱫᱤ ᱢᱮᱭᱟ ᱟᱞᱮ ᱚᱲᱟᱹᱜᱼᱟ ᱛᱮ, ᱪᱮᱠᱟ ᱤᱧ ᱦᱚᱸ ᱵᱟᱢ ᱵᱤᱥᱣᱟᱹᱥᱟᱹᱧ ᱠᱟᱱᱟ।
train_santalimale_02938	wavs/train_santalimale_02938.wav	ᱥᱚᱦᱟ ᱫᱚ ᱟᱹᱰᱤ ᱩᱥᱟᱹᱨᱟᱭ ᱨᱚᱲ ᱜᱚᱫᱼᱟ ᱠᱮᱫᱟ ᱟᱨ ᱤᱧ ᱥᱟᱸᱣ ᱛᱮ ᱢᱮᱱᱟᱜᱼᱟ ᱱᱚᱟ ᱵᱚᱡᱷᱦᱟ।
train_santalimale_02939	wavs/train_santalimale_02939.wav	ᱱᱚᱟ ᱵᱚᱡᱷᱦᱟ ᱨᱮᱱ ᱦᱚᱸ ᱤᱧ ᱜᱮ ᱵᱟᱵᱟ ᱫᱚᱧ ᱛᱮᱸᱜᱚᱜᱼᱟ ᱠᱟᱱᱟ।
train_santalimale_02940	wavs/train_santalimale_02940.wav	ᱥᱚᱦᱟ ᱫᱚᱭ ᱢᱮᱱ ᱠᱮᱫᱟ ᱵᱟᱝ ᱱᱚᱝᱠᱟ ᱫᱚ ᱵᱟᱝ ᱦᱩᱭ ᱫᱟᱹᱲᱮᱭᱟᱜᱼᱟᱟ।
train_santalimale_02941	wavs/train_santalimale_02941.wav	ᱮᱴᱟᱜᱼᱟ ᱦᱚᱲᱟᱜᱼᱟ ᱵᱚᱡᱷᱦᱟ ᱫᱚ ᱟᱢ ᱪᱮᱠᱟᱛᱮᱧ ᱜᱚᱜᱼᱟ ᱚᱪᱚᱠᱮᱢᱟ?
train_santalimale_02942	wavs/train_santalimale_02942.wav	ᱟᱢ ᱚᱠᱟ ᱨᱮᱱ ᱟᱨ ᱤᱧ ᱚᱠᱟ ᱨᱮᱱ, ᱟᱞᱟᱝ ᱢᱟ ᱛᱮᱦᱮᱧ ᱩᱛᱟᱹᱨ ᱞᱟᱝ ᱧᱟᱯᱟᱢᱚᱜᱼᱟ ᱠᱟᱱ ᱯᱟᱹᱦᱤᱞ ᱧᱟᱯᱟᱢ ᱨᱮᱜᱮ ᱩᱱᱟᱹᱜᱼᱟ ᱦᱟᱢᱟᱞᱟᱜᱼᱟ ᱵᱚᱡᱷᱦᱟ ᱫᱚ ᱵᱟᱹᱧ ᱞᱟᱫᱮᱭᱟᱢᱟ।
train_santalimale_02943	wavs/train_santalimale_02943.wav	ᱩᱱᱟᱹᱜᱼᱟ ᱵᱷᱟᱜᱮ ᱠᱚᱲᱟᱹ ᱪᱮᱫᱼᱟ ᱞᱟᱹᱜᱤᱫᱼᱟ ᱤᱧ ᱵᱟᱹᱲᱤᱡᱼᱟ ᱢᱮᱭᱟ?
train_santalimale_02944	wavs/train_santalimale_02944.wav	ᱢᱟ ᱟᱢ ᱦᱚᱸ ᱪᱟᱞᱟᱣ ᱡᱚᱝᱟᱱ ᱢᱮ ᱟᱨ ᱤᱧ ᱦᱚᱸ ᱚᱠᱟ ᱥᱮᱡᱼᱟ ᱢᱮᱫᱼᱟᱞᱩᱛᱩᱨ ᱪᱟᱞᱟᱜᱼᱟ ᱛᱤᱧᱟᱹ ᱚᱱᱛᱮᱜᱮᱧ ᱥᱮᱱᱚᱜᱼᱟᱟ।
train_santalimale_02945	wavs/train_santalimale_02945.wav	ᱮᱱ ᱨᱮ ᱦᱚᱸ ᱟᱞᱮ ᱚᱲᱟᱜᱼᱟ ᱛᱮ ᱫᱚ ᱚᱦᱚᱧ ᱨᱩᱣᱟᱹᱲ ᱥᱮᱱ ᱞᱮᱱᱟ।
train_santalimale_02946	wavs/train_santalimale_02946.wav	ᱪᱟᱸᱫᱨᱟᱭ ᱫᱚᱭ ᱢᱮᱱ ᱠᱮᱫᱟ ᱵᱟᱝ ᱥᱚᱦᱟ, ᱱᱚᱝᱠᱟ ᱫᱚ ᱟᱞᱚᱢ ᱨᱚᱲᱟ।
train_santalimale_02947	wavs/train_santalimale_02947.wav	ᱤᱧ ᱦᱚᱸ ᱢᱤᱫᱼᱟ ᱫᱤᱱ ᱵᱟᱯᱞᱟᱜᱼᱟ ᱢᱟ ᱦᱩᱭᱩᱜᱼᱟ ᱛᱤᱧ ᱜᱮ?
train_santalimale_02948	wavs/train_santalimale_02948.wav	ᱪᱮᱫᱟᱜᱼᱟ ᱵᱟᱝ ᱟᱢ ᱜᱮᱧ ᱤᱫᱤ ᱢᱮᱭᱟ?
train_santalimale_02949	wavs/train_santalimale_02949.wav	ᱟᱢᱟᱜᱼᱟ ᱫᱩᱠ ᱦᱚᱸ ᱪᱟᱵᱟᱜᱼᱟ ᱛᱟᱢᱟ ᱟᱨ ᱟᱢ ᱥᱟᱸᱣ ᱛᱮ ᱢᱮᱱᱟᱜᱼᱟ ᱵᱚᱡᱷᱦᱟ ᱠᱷᱚᱱ ᱦᱚᱸᱢ ᱨᱟᱣᱟᱞᱚᱜᱼᱟᱟ।
train_santalimale_02950	wavs/train_santalimale_02950.wav	ᱥᱚᱦᱟ ᱫᱚᱭ ᱨᱚᱲ ᱜᱚᱫᱼᱟ ᱠᱮᱫᱟ ᱵᱟᱝ ᱫᱚ ᱥᱟᱹᱨᱤᱭᱟᱜᱼᱟ ᱮᱢ ᱢᱮᱱ ᱮᱫᱼᱟ ᱠᱟᱱ ᱵᱟᱝ ᱫᱚ ᱟᱹᱩᱲᱤᱭᱟᱹᱜᱼᱟ?
train_santalimale_02951	wavs/train_santalimale_02951.wav	ᱤᱧ ᱫᱚ ᱥᱚᱢᱟᱡ ᱛᱟᱞᱟ ᱨᱮᱦᱰᱟ ᱦᱟᱥᱟ ᱨᱮᱧ ᱞᱮᱸᱡᱮᱫᱼᱟ ᱟᱠᱟᱱ ᱟᱨ ᱟᱢ ᱫᱚᱢ ᱚᱨ ᱵᱮᱨᱮᱫᱼᱟ ᱤᱫᱤᱧ ᱠᱟᱱᱟ।
train_santalimale_02952	wavs/train_santalimale_02952.wav	ᱱᱚᱟ ᱥᱚᱢᱟᱡ ᱨᱮ ᱟᱢ ᱞᱮᱠᱟᱱ ᱠᱚᱲᱟ ᱫᱚ ᱯᱟᱥᱮᱡᱼᱟ ᱵᱟᱹᱱᱩᱜᱼᱟ ᱠᱚᱟ।
train_santalimale_02953	wavs/train_santalimale_02953.wav	ᱤᱧ ᱮᱢ ᱟᱸᱜᱚᱪ ᱤᱫᱤᱧ ᱠᱟᱱ ᱢᱟ ᱦᱮᱸᱜᱮ, ᱥᱟᱸᱣᱛᱮ ᱢᱮᱱᱟᱜᱼᱟ ᱵᱚᱡᱷᱦᱟ ᱚᱱᱟ ᱦᱚᱢ ᱟᱸᱜᱚᱪ ᱮᱫᱼᱟ ᱠᱟᱱ।
train_santalimale_02954	wavs/train_santalimale_02954.wav	ᱥᱟᱹᱢᱟᱹᱱᱤ ᱠᱟᱛᱷᱟ ᱫᱚ ᱵᱟᱝ ᱟᱢ ᱫᱚ ᱥᱟᱹᱨᱤ ᱜᱮ ᱪᱟᱸᱫᱚ ᱵᱟᱨᱟᱜ ᱦᱚᱲ ᱠᱟᱱᱟᱢ।
train_santalimale_02955	wavs/train_santalimale_02955.wav	ᱮᱠᱮᱱ ᱦᱚᱲᱟᱹᱜᱼᱟ ᱢᱩᱴᱷᱟᱹᱱ ᱨᱮ ᱫᱷᱟᱹᱨᱛᱤ ᱨᱮ ᱫᱚ ᱢᱮᱱᱟᱢᱟ।
train_santalimale_02956	wavs/train_santalimale_02956.wav	ᱯᱟᱥᱮᱡᱼᱟ ᱚᱠᱛᱮ ᱫᱚ ᱛᱟᱞᱟ ᱧᱤᱫᱟᱹ ᱣᱟᱠᱟᱱ ᱛᱟᱸᱦᱮᱸᱱᱟ।
train_santalimale_02957	wavs/train_santalimale_02957.wav	ᱩᱱ ᱢᱟᱨᱟᱝ ᱨᱟᱹᱥᱤᱵᱟᱹᱥᱤ ᱟᱛᱚ, ᱠᱚᱲᱟᱹᱠᱩᱲᱤ ᱢᱟ ᱥᱟᱜᱟᱞᱥᱟᱜᱟᱞ।
train_santalimale_02958	wavs/train_santalimale_02958.wav	ᱟᱨ ᱧᱮᱧᱮᱞ ᱯᱮᱲᱟᱹ ᱠᱚ ᱦᱚᱸ ᱦᱮᱡᱼᱟ ᱡᱟᱨᱣᱟ ᱣᱟᱠᱟᱱᱟ।
train_santalimale_02959	wavs/train_santalimale_02959.wav	ᱚᱱᱟᱛᱮ ᱪᱷᱟᱴᱠᱟᱨᱮ ᱜᱩᱵᱩᱰᱚᱜᱩᱵᱩᱰ ᱞᱟᱸᱜᱰᱮᱸ ᱟᱠᱷᱲᱟᱹ ᱠᱚ ᱡᱚᱢᱠᱟᱣ ᱟᱠᱟᱫᱼᱟᱟ।
train_santalimale_02960	wavs/train_santalimale_02960.wav	ᱱᱚᱝᱠᱟᱱ ᱥᱮᱨᱮᱧ ᱟᱸᱡᱚᱢ ᱛᱮ ᱚᱠᱚᱭ ᱴᱟᱜᱼᱟ ᱱᱟᱪᱚᱱᱤᱭᱟᱹᱢᱟᱱᱫᱟᱲᱤᱭᱟᱹ ᱵᱷᱟᱞᱟ ᱵᱟᱭ ᱨᱟᱹᱥᱠᱟᱹ ᱠᱚᱜᱼᱟᱟ?
train_santalimale_02961	wavs/train_santalimale_02961.wav	ᱪᱟᱸᱫᱨᱟᱭ ᱫᱚᱭ ᱢᱮᱱ ᱠᱮᱫᱟ ᱫᱮᱞᱟ ᱥᱚᱦᱟ ᱱᱚᱜᱼᱟᱚᱭ ᱱᱚᱬᱰᱮ ᱠᱷᱟᱹᱨᱟᱹᱤ ᱢᱮᱱᱟᱜᱼᱟ ᱛᱟᱞᱮᱭᱟ ᱚᱬᱰᱮ ᱜᱮ ᱞᱟᱝ ᱡᱤᱨᱟᱹᱩ ᱧᱚᱜᱚᱜᱼᱟᱟ।
train_santalimale_02962	wavs/train_santalimale_02962.wav	ᱥᱮᱛᱟᱜᱼᱟᱥᱤᱢᱨᱟᱜᱼᱟ ᱚᱲᱟᱜᱼᱟ ᱛᱮ ᱫᱚ ᱞᱟᱝ ᱪᱟᱞᱟᱣᱮᱱ ᱜᱮ ᱱᱟᱸᱦᱟᱸᱠ।
train_santalimale_02963	wavs/train_santalimale_02963.wav	ᱥᱚᱦᱟ ᱫᱚ ᱢᱚᱴᱨᱟᱭ ᱦᱮᱨᱢᱮᱫᱼᱟ ᱜᱚᱫᱼᱟ ᱠᱮᱫᱟ ᱟᱨ ᱪᱟᱸᱫᱨᱟᱭ ᱛᱟᱭᱚᱢᱛᱟᱭᱚᱢ ᱛᱮᱭ ᱯᱟᱸᱡᱟ ᱠᱮᱫᱮᱭᱟ।
train_santalimale_02964	wavs/train_santalimale_02964.wav	ᱵᱟᱱᱟᱦᱚᱲ ᱠᱷᱟᱹᱨᱟᱹᱤ ᱛᱮ ᱠᱤᱱ ᱪᱟᱞᱟᱣᱮᱱᱟ।
train_santalimale_02965	wavs/train_santalimale_02965.wav	ᱠᱷᱟᱹᱨᱟᱹᱤ ᱨᱮ ᱢᱮᱱᱟᱜᱼᱟ ᱠᱩᱢᱵᱟᱹ ᱚᱬᱰᱮ ᱜᱮ ᱢᱤᱫᱼᱟ ᱜᱷᱟᱹᱲᱤ ᱧᱤᱨᱟᱹᱩ ᱛᱟᱭᱚᱢ ᱢᱟᱹᱸᱡᱷᱤ ᱠᱚᱨᱮᱱ ᱥᱤᱢ ᱥᱟᱹᱬᱰᱤᱭ ᱠᱩᱠᱰᱩ ᱠᱮᱫᱟ।
train_santalimale_02966	wavs/train_santalimale_02966.wav	ᱥᱤᱢ ᱥᱟᱹᱬᱰᱤᱭᱟᱜᱼᱟ ᱠᱩᱠᱰᱩ ᱟᱸᱡᱚᱢ ᱛᱮ ᱪᱟᱸᱫᱨᱟᱭ ᱫᱚᱭ ᱮᱵᱷᱮᱱ ᱮᱱᱟ।
train_santalimale_02967	wavs/train_santalimale_02967.wav	ᱠᱷᱟᱱ ᱥᱚᱦᱟᱭ ᱛᱩᱠᱩᱡᱼᱟ ᱠᱮᱫᱮᱭᱟ ᱟᱨ ᱮ ᱨᱚᱲ ᱠᱮᱫᱟ ᱥᱚᱦᱟ ᱵᱮᱨᱮᱫᱼᱟ ᱢᱮᱸ ᱥᱤᱢᱨᱟᱜᱼᱟ ᱮᱱᱟ।
train_santalimale_02968	wavs/train_santalimale_02968.wav	ᱵᱟᱱᱟ ᱦᱚᱲ ᱠᱤᱱ ᱵᱮᱨᱮᱫᱼᱟ ᱮᱱᱟ ᱟᱨ ᱵᱟᱲᱜᱮ ᱦᱚᱨ ᱛᱮ ᱚᱲᱟᱜᱼᱟ ᱛᱮ ᱫᱚ ᱠᱤᱱ ᱵᱚᱞᱚᱭᱮᱱᱟ।
train_santalimale_02969	wavs/train_santalimale_02969.wav	ᱥᱮᱛᱟᱜᱼᱟ ᱮᱱ ᱠᱷᱟᱱ ᱥᱤᱧ ᱪᱟᱸᱫᱚᱣᱟᱜᱼᱟ ᱨᱟᱛ ᱥᱟᱸᱣ ᱛᱮ ᱜᱚᱴᱟ ᱟᱛᱚ ᱨᱮ ᱱᱚᱟ ᱠᱟᱛᱷᱟ ᱫᱚ ᱯᱟᱥᱱᱟᱣᱮᱱᱟ।
train_santalimale_02970	wavs/train_santalimale_02970.wav	ᱵᱟᱝᱢᱟ ᱪᱟᱸᱫᱨᱟᱭ ᱫᱚ ᱧᱤᱫᱟᱹ ᱵᱷᱤᱛᱟᱨ ᱛᱮᱜᱮ ᱵᱟᱹᱦᱩᱭ ᱟᱹᱜᱩ ᱠᱮᱫᱮᱭᱟ।
train_santalimale_02971	wavs/train_santalimale_02971.wav	ᱪᱟᱸᱫᱨᱟᱭ ᱫᱚ ᱛᱤᱥ ᱦᱚᱸ ᱚᱱᱠᱟᱱ ᱠᱚᱲᱟᱹ ᱫᱚ ᱵᱟᱭ ᱟᱹᱤᱠᱟᱹᱜᱼᱟ ᱠᱟᱱ ᱛᱟᱸᱦᱮᱱᱟ।
train_santalimale_02972	wavs/train_santalimale_02972.wav	ᱵᱟᱝ ᱫᱚ ᱫᱚᱝ ᱥᱟᱞ, ᱵᱟᱝ ᱫᱚ ᱪᱷᱟᱛᱟᱯᱟᱛᱟ, ᱵᱟᱝ ᱫᱚ ᱦᱟᱴᱵᱟᱡᱟᱨ ᱟᱨ ᱵᱟᱝ ᱫᱚ ᱡᱟᱸᱦᱟᱸᱭ ᱥᱟᱸᱣ ᱛᱮ ᱨᱚᱲ ᱞᱟᱸᱫᱟ।
train_santalimale_02973	wavs/train_santalimale_02973.wav	ᱟᱛᱚ ᱦᱚᱲ ᱫᱚ ᱱᱚᱟ ᱠᱟᱛᱷᱟ ᱟᱸᱡᱚᱢ ᱠᱟᱛᱮ ᱟᱹᱰᱤ ᱦᱟᱦᱟᱲᱟᱹ ᱠᱚ ᱟᱹᱤᱠᱟᱹᱩ ᱠᱮᱫᱮᱭᱟ।
train_santalimale_02974	wavs/train_santalimale_02974.wav	ᱵᱷᱟᱞᱟ ᱪᱮᱠᱟᱛᱮ ᱱᱩᱤ ᱠᱚᱲᱟᱹ ᱫᱚ ᱧᱤᱫᱟᱹ ᱵᱷᱤᱛᱟᱹᱨ ᱛᱮᱜᱮ ᱵᱟᱹᱦᱩᱭ ᱟᱹᱜᱩ ᱠᱮᱫᱮᱭᱟ?
train_santalimale_02975	wavs/train_santalimale_02975.wav	ᱪᱟᱸᱫᱨᱟᱭ ᱟᱡᱼᱟ ᱜᱚᱜᱚ ᱫᱚ ᱪᱟᱸᱫᱨᱟᱭ ᱮ ᱠᱩᱞᱤ ᱠᱮᱫᱮᱭᱟ।
train_santalimale_02976	wavs/train_santalimale_02976.wav	ᱪᱟᱸᱫᱨᱟᱭ ᱫᱚ ᱡᱚᱛᱚ ᱠᱟᱛᱷᱟ ᱜᱮ ᱥᱟᱹᱨᱤᱥᱟᱹᱨᱤᱭ ᱞᱟᱹᱭ ᱟᱫᱮᱭᱟ।
train_santalimale_02977	wavs/train_santalimale_02977.wav	ᱛᱚᱵᱮ ᱟᱡᱼᱟ ᱜᱚᱜᱚ ᱫᱚᱭ ᱢᱮᱱ ᱠᱮᱫᱟ ᱤᱫᱤ ᱟᱴᱚᱠᱟᱭ ᱢᱮ ᱪᱟᱸᱫᱨᱟᱭ ᱱᱩᱤ ᱵᱟᱹᱦᱩ ᱫᱚ ᱵᱟᱵᱚᱱ ᱫᱚᱦᱚᱭᱮᱭᱟ।
train_santalimale_02978	wavs/train_santalimale_02978.wav	ᱟᱢ ᱫᱚᱢ ᱟᱢ ᱢᱚᱛᱚ ᱜᱮᱭᱟ, ᱟᱞᱮᱭᱟᱜᱼᱟ ᱛᱤᱱᱟᱹᱜᱼᱟ ᱨᱟᱹᱥᱠᱟᱹ ᱢᱮᱱᱟᱜᱼᱟ ᱛᱟᱞᱮᱭᱟ।
train_santalimale_02979	wavs/train_santalimale_02979.wav	ᱟᱢ ᱫᱚ ᱟᱹᱰᱤ ᱨᱟᱡᱟᱱᱵᱟᱡᱟᱱ ᱛᱮᱞᱮ ᱟᱹᱜᱩ ᱣᱟᱢᱟ।
train_santalimale_02980	wavs/train_santalimale_02980.wav	ᱚᱱᱟ ᱠᱷᱚᱱ ᱵᱷᱟᱜᱮ ᱫᱚ ᱤᱫᱤ ᱟᱴᱚᱠᱟᱭ ᱢᱮ।
train_santalimale_02981	wavs/train_santalimale_02981.wav	ᱟᱡᱼᱟ ᱜᱚᱜᱚ ᱫᱚᱭ ᱢᱮᱱ ᱜᱚᱫᱼᱟ ᱠᱮᱫᱟ ᱡᱩᱫᱤ ᱵᱟᱢ ᱤᱫᱤ ᱚᱴᱚᱠᱟᱭ ᱠᱷᱟᱱ ᱟᱢ ᱦᱚᱸ ᱱᱚᱟ ᱚᱲᱟᱜᱼᱟ ᱠᱷᱚᱱ ᱫᱚ ᱚᱬᱲᱚᱝ ᱩᱛᱟᱹᱨᱚᱜᱼᱟ ᱢᱮ।
train_santalimale_02982	wavs/train_santalimale_02982.wav	ᱟᱞᱮ ᱫᱚ ᱟᱸᱫᱦᱟ ᱛᱮ ᱦᱚᱸ ᱵᱟᱞᱮ ᱦᱩᱫᱤᱥ ᱞᱮᱫᱟ ᱡᱮ ᱟᱢ ᱫᱚ ᱱᱚᱝᱠᱟᱢ ᱠᱟᱹᱢᱤᱭᱟ ᱢᱮᱱᱛᱮ।
train_santalimale_02983	wavs/train_santalimale_02983.wav	ᱥᱮᱛᱟᱜᱼᱟᱟᱭᱩᱵᱼᱟ ᱟᱢ ᱵᱟᱵᱟ ᱛᱟᱹᱞᱤᱧ ᱫᱚ ᱵᱟᱞᱵᱟᱞᱟᱣ ᱫᱟᱜᱼᱟ ᱡᱚᱨᱚ ᱠᱟᱛᱚ ᱟᱢ ᱞᱤᱧ ᱟᱹᱠᱤᱞ ᱚᱪᱚᱠᱮᱫᱼᱟ ᱢᱮᱭᱟ।
train_santalimale_02984	wavs/train_santalimale_02984.wav	ᱟᱨ ᱱᱤᱛᱚᱜᱼᱟ ᱫᱚ ᱚᱱᱟ ᱨᱮᱭᱟᱜᱼᱟ ᱫᱷᱚᱢᱚᱠ ᱜᱮᱢ ᱩᱫᱩᱜᱼᱟ ᱟᱹᱞᱤᱧ ᱠᱟᱱᱟ।
train_santalimale_02985	wavs/train_santalimale_02985.wav	ᱟᱡᱼᱟ ᱜᱚᱜᱚ ᱣᱟᱜᱼᱟ ᱢᱮᱫᱼᱟ ᱠᱷᱚᱱ ᱢᱮᱫᱼᱟᱫᱟᱜᱼᱟ ᱯᱮᱲᱮᱯᱮᱲᱮ ᱥᱟᱨᱥᱟᱣᱮᱱ ᱛᱟᱭᱟ।
train_santalimale_02986	wavs/train_santalimale_02986.wav	ᱪᱟᱸᱫᱨᱟᱭ ᱫᱚᱭ ᱨᱚᱲ ᱨᱩᱣᱟᱹᱲ ᱠᱮᱫᱟ ᱦᱮᱸ ᱡᱩᱫᱤ ᱱᱩᱤ ᱵᱟᱹᱦᱩ ᱠᱟᱠᱷᱟᱱ ᱛᱮ ᱱᱚᱟ ᱚᱲᱟᱜᱼᱟ ᱨᱮ ᱵᱟᱯᱮ ᱛᱟᱸᱦᱮᱸ ᱚᱪᱚ ᱣᱟᱹᱧ ᱠᱷᱟᱱ ᱫᱚ ᱵᱟᱹᱧ ᱛᱟᱸᱦᱮᱸᱱᱟ।
train_santalimale_02987	wavs/train_santalimale_02987.wav	ᱤᱧ ᱫᱚ ᱟᱹᱰᱤ ᱟᱥ ᱵᱷᱚᱨᱥᱟ ᱠᱟᱛᱮᱧ ᱟᱹᱜᱩ ᱣᱟᱠᱟᱫᱮᱭᱟ ᱟᱨ ᱱᱤᱛᱚᱜᱼᱟ ᱫᱚ ᱚᱦᱚᱧ ᱮᱲᱮ ᱠᱮᱭᱟ।
train_santalimale_02988	wavs/train_santalimale_02988.wav	ᱮᱱᱛᱮᱫᱼᱟ ᱢᱤᱫᱼᱟ ᱴᱮᱱ ᱯᱷᱟᱹᱥᱤᱭᱟᱹᱨᱟ ᱠᱚᱲᱟᱹ ᱣᱟᱜᱼᱟ ᱮᱲᱮ ᱡᱷᱟᱹᱞᱤ ᱨᱮ ᱫᱚᱭ ᱯᱟᱲᱟᱹᱣ ᱪᱩᱠᱟᱹᱩ ᱟᱠᱟᱱᱟ।
train_santalimale_02989	wavs/train_santalimale_02989.wav	ᱠᱚᱲᱟᱹ ᱞᱮᱠᱟᱧ ᱠᱟᱛᱷᱟ ᱣᱟᱠᱟ ᱫᱮᱭᱟ ᱟᱨ ᱱᱤᱛᱚᱜᱼᱟ ᱫᱚᱧ ᱯᱟᱹᱪᱚᱜᱼᱟᱟ।
train_santalimale_02990	wavs/train_santalimale_02990.wav	ᱱᱤᱭᱟᱹ ᱨᱚᱲ ᱢᱩᱪᱟᱹᱫᱼᱟ ᱠᱮᱫᱼᱟ ᱥᱟᱸᱣ ᱛᱮ ᱪᱟᱸᱫᱨᱟᱭ ᱫᱚ ᱥᱚᱦᱟ ᱛᱤᱭᱟᱹᱜᱼᱟ ᱠᱟᱛᱮ ᱟᱠᱚᱣᱟᱜᱼᱟ ᱫᱩᱣᱟᱹᱨ ᱜᱟᱱᱟᱰᱮ ᱫᱚ ᱠᱤᱱ ᱛᱟᱲᱟᱹᱢ ᱯᱟᱨᱚᱢ ᱠᱮᱫᱟ।
train_santalimale_02991	wavs/train_santalimale_02991.wav	ᱱᱩᱠᱤᱱ ᱧᱮᱞᱛᱮ ᱵᱚᱜᱮᱛᱮ ᱟᱛᱚ ᱦᱚᱲ ᱫᱚ ᱠᱩᱞᱦᱤ ᱨᱮ ᱠᱚ ᱚᱬᱲᱚᱝ ᱟᱠᱟᱱᱟ।
train_santalimale_02992	wavs/train_santalimale_02992.wav	ᱞᱟᱦᱟᱞᱟᱦᱟ ᱛᱮ ᱪᱟᱸᱫᱨᱟᱭ ᱫᱚᱭ ᱢᱚᱦᱚᱬᱰᱟᱣᱟᱠᱟᱱᱟ ᱟᱨ ᱩᱱᱤ ᱛᱟᱭᱚᱢᱛᱟᱭᱚᱢ ᱛᱮ ᱥᱚᱦᱟ ᱫᱚ।
train_santalimale_02993	wavs/train_santalimale_02993.wav	ᱢᱟᱹᱸᱡᱷᱤ ᱦᱟᱲᱟᱹᱢ ᱫᱚᱭ ᱚᱨᱚᱢ ᱜᱚᱫᱼᱟ ᱠᱮᱫᱼᱟ ᱠᱤᱱᱟᱹ ᱡᱮ ᱱᱩᱠᱤᱱ ᱫᱚ ᱩᱥᱟᱹᱫᱼᱟ ᱠᱤᱱ ᱪᱟᱞᱟᱜᱼᱟ ᱠᱟᱱᱟ।
train_santalimale_02994	wavs/train_santalimale_02994.wav	ᱛᱚᱵᱮ ᱩᱱᱤ ᱫᱚᱭ ᱠᱩᱞᱤ ᱜᱚᱫᱼᱟ ᱠᱮᱫᱼᱟ ᱠᱤᱱᱟᱹ।
train_santalimale_02995	wavs/train_santalimale_02995.wav	ᱚᱠᱟ ᱥᱮᱡᱼᱟ ᱵᱮᱱ ᱢᱚᱦᱚᱬᱰᱟᱣᱟᱠᱟᱱᱟ ᱪᱟᱸᱫᱨᱟᱭ ᱵᱟᱵᱩ?
train_santalimale_02996	wavs/train_santalimale_02996.wav	ᱪᱟᱸᱫᱨᱟᱭ ᱫᱚᱭ ᱡᱚᱵᱟᱵ ᱨᱩᱣᱟᱹᱲ ᱠᱮᱫᱟ ᱡᱟᱦᱟᱸ ᱥᱮᱡᱼᱟ ᱜᱮ ᱢᱮᱫᱼᱟᱞᱩᱛᱩᱨ ᱥᱮᱱᱚᱜᱼᱟ ᱛᱟᱹᱞᱤᱧᱟ ᱚᱱᱛᱮ ᱜᱮ ᱞᱤᱧ ᱪᱟᱞᱟᱜᱼᱟᱟ ᱢᱟᱹᱸᱡᱷᱤ ᱵᱟᱵᱟ।
train_santalimale_02997	wavs/train_santalimale_02997.wav	ᱢᱟᱹᱸᱡᱷᱤ ᱦᱟᱲᱟᱹᱢ ᱫᱚ ᱡᱚᱛᱚ ᱠᱟᱛᱷᱟᱭ ᱠᱩᱞᱤ ᱠᱮᱫᱼᱟ ᱠᱤᱱᱟᱹ।
train_santalimale_02998	wavs/train_santalimale_02998.wav	ᱪᱮᱫᱼᱟ ᱠᱚ ᱥᱚᱦᱟ ᱪᱮᱛᱟᱱ ᱨᱮ ᱜᱷᱚᱴᱱᱟ ᱜᱷᱟᱴᱟᱣ ᱞᱮᱱ, ᱚᱱᱟ ᱡᱚᱛᱚ ᱠᱟᱛᱷᱟᱭ ᱞᱟᱹᱭ ᱠᱮᱫᱟ ᱪᱟᱸᱫᱨᱟᱭ ᱫᱚ।
train_santalimale_02999	wavs/train_santalimale_02999.wav	ᱚᱱᱟ ᱟᱸᱡᱚᱢ ᱠᱟᱛᱮ ᱢᱟᱹᱸᱡᱷᱤ ᱦᱟᱲᱟᱹᱢ ᱫᱚ ᱟᱛᱚ ᱨᱮᱱ ᱢᱤᱫᱼᱟ ᱵᱟᱨ ᱦᱚᱲ ᱠᱚ ᱥᱟᱸᱣ ᱛᱮ ᱪᱟᱸᱫᱨᱟᱭ ᱛᱟᱠᱚ ᱚᱲᱟᱹᱜᱼᱟ ᱛᱮᱠᱚ ᱪᱟᱞᱟᱣᱮᱱᱟ ᱟᱨ ᱪᱟᱸᱫᱨᱟᱭ ᱟᱡᱼᱟ ᱜᱚᱵᱟᱵᱟ ᱛᱟᱹᱠᱤᱱ ᱠᱚ ᱢᱮᱛᱟᱫᱼᱟ ᱠᱤᱱᱟᱹ।
train_santalimale_03000	wavs/train_santalimale_03000.wav	ᱟᱵᱮᱱ ᱫᱚ ᱵᱟᱱᱟ ᱦᱚᱲ ᱛᱮ ᱵᱟᱵᱮᱱ ᱚᱦᱢᱟ ᱛᱤᱭᱟᱹᱜᱼᱟ ᱟᱠᱟᱫᱟ।
train_santalimale_03001	wavs/train_santalimale_03001.wav	ᱡᱮ ᱟᱵᱮᱱ ᱨᱮᱱ ᱠᱚᱲᱟᱹ ᱫᱚ ᱟᱵᱚ ᱥᱚᱢᱟᱡ ᱛᱟᱞᱟ ᱨᱮ ᱛᱤᱱᱟᱹᱜᱼᱟ ᱫᱟᱢ ᱟᱱᱟᱜᱼᱟᱮ ᱠᱟᱹᱢᱤ ᱭᱟᱠᱟᱫᱟ।
train_santalimale_03002	wavs/train_santalimale_03002.wav	ᱯᱟᱥᱮᱡᱼᱟ ᱱᱚᱝᱠᱟᱱ ᱠᱟᱹᱢᱤ ᱫᱚ ᱢᱤᱫᱼᱟ ᱴᱮᱱ ᱠᱚᱲᱟᱹ ᱦᱚᱸ ᱵᱟᱝ ᱠᱚ ᱠᱟᱹᱢᱤ ᱭᱟᱠᱟᱫᱟ।
train_santalimale_03003	wavs/train_santalimale_03003.wav	ᱟᱵᱮᱱ ᱫᱚ ᱱᱩᱤ ᱵᱮᱱ ᱟᱹᱠᱤᱞ ᱚᱪᱚ ᱠᱮᱫᱮ ᱛᱮ ᱢᱤᱫᱼᱟ ᱴᱮᱱ ᱫᱚ ᱪᱮᱫᱼᱟ ᱵᱟᱨᱭᱟ ᱡᱤᱭᱚᱱ ᱮ ᱵᱟᱸᱪᱟᱣ ᱠᱮᱫᱟ।
train_santalimale_03004	wavs/train_santalimale_03004.wav	ᱱᱚᱟ ᱫᱚ ᱢᱮᱫᱼᱟ ᱢᱟᱨᱥᱟᱞ ᱨᱮᱭᱟᱜᱼᱟ ᱢᱤᱫᱼᱟ ᱴᱮᱱ ᱱᱟᱹᱢᱩᱱᱟ ᱠᱟᱱ ᱜᱮᱭᱟ।
train_santalimale_03005	wavs/train_santalimale_03005.wav	ᱡᱩᱫᱤ ᱱᱩᱤ ᱵᱟᱵᱮᱱ ᱟᱹᱠᱤᱞ ᱢᱟᱨᱥᱟᱞ ᱚᱪᱚ ᱞᱮᱠᱷᱟᱱ ᱛᱮᱦᱮᱧ ᱫᱚ ᱱᱩᱱᱟᱜᱼᱟ ᱢᱟᱨᱟᱝ ᱚᱦᱚᱭ ᱠᱟᱹᱢᱤ ᱞᱮᱭᱟ।
train_santalimale_03006	wavs/train_santalimale_03006.wav	ᱟᱵᱚ ᱥᱚᱢᱟᱡ ᱨᱮ ᱟᱨ ᱠᱚ ᱦᱚᱸ ᱱᱩᱤ ᱞᱮᱠᱟ ᱜᱮ ᱠᱚ ᱠᱟᱹᱢᱤ ᱞᱮᱠᱷᱟᱱ ᱥᱚᱢᱟᱡ ᱫᱚ ᱯᱚᱨᱦᱚᱭ ᱧᱟᱢ ᱛᱟᱵᱚᱱᱟ ᱥᱮ ᱠᱩᱲᱤ ᱦᱚᱯᱚᱱ ᱯᱷᱟᱹᱥᱤᱭᱟᱹᱨᱟ ᱠᱚᱲᱟᱹ ᱴᱷᱮᱱ ᱠᱷᱚᱱ ᱥᱚᱱᱛᱚᱨ ᱛᱟᱸᱦᱮᱸᱱ ᱞᱟᱹᱜᱤᱫᱼᱟ ᱥᱤᱠᱷᱟᱹᱩᱱᱟ ᱠᱚ ᱮᱢ ᱫᱟᱲᱮᱹ ᱭᱟᱠᱚᱣᱟ।
train_santalimale_03007	wavs/train_santalimale_03007.wav	ᱟᱵᱮᱱ ᱫᱚ ᱱᱚᱟ ᱟᱸᱡᱚᱢ ᱠᱟᱛᱮ ᱜᱚᱨᱚᱵ ᱛᱮ ᱠᱚᱲᱟᱹᱢ ᱫᱚ ᱚᱥᱟᱨᱚᱜᱼᱟ ᱞᱮᱠ ᱠᱟᱱ ᱛᱟᱵᱮᱱᱟ।
train_santalimale_03008	wavs/train_santalimale_03008.wav	ᱫᱤᱥᱟᱹᱢ ᱦᱚᱲ ᱛᱟᱞᱟ ᱨᱮ ᱱᱩᱤᱭᱟᱜᱼᱟ ᱢᱟᱱᱢᱟᱱᱚᱛ ᱫᱚ ᱟᱹᱰᱤ ᱜᱮ ᱵᱟᱹᱲᱛᱤ ᱭᱮᱱ ᱛᱟᱭᱟ ᱟᱨ ᱥᱟᱸᱣ ᱛᱮ ᱟᱵᱮᱱᱟᱜᱼᱟ ᱦᱚᱸ।
train_santalimale_03009	wavs/train_santalimale_03009.wav	ᱢᱤᱫᱼᱟ ᱜᱷᱟᱹᱲᱤᱡᱼᱟ ᱛᱟᱭᱚᱢ ᱴᱷᱤᱠ ᱜᱮᱢ ᱢᱮᱱ ᱮᱫᱟ ᱢᱟᱹᱸᱡᱷᱤ ᱵᱟᱵᱟ ᱥᱟᱹᱨᱤ ᱜᱮ ᱟᱹᱞᱤᱧ ᱫᱚ ᱵᱟᱞᱤᱧ ᱚᱦᱢᱟ ᱛᱤᱭᱟᱹᱜᱼᱟ ᱞᱮᱫᱟ।
train_santalimale_03010	wavs/train_santalimale_03010.wav	ᱡᱮ ᱛᱤᱱᱟᱹᱜᱼᱟ ᱢᱟᱨᱟᱝ ᱮ ᱠᱟᱹᱢᱤ ᱭᱟᱠᱟᱫᱟ ᱢᱮᱱᱛᱮ।
train_santalimale_03011	wavs/train_santalimale_03011.wav	ᱟᱹᱞᱤᱧ ᱢᱟ ᱢᱮᱫᱼᱟ ᱢᱟᱨᱥᱟᱞ ᱵᱟᱹᱱᱩᱜᱼᱟ ᱛᱟᱹᱞᱤᱧ।
train_santalimale_03012	wavs/train_santalimale_03012.wav	ᱡᱩᱫᱤ ᱞᱤᱧ ᱦᱩᱫᱤᱥ ᱛᱤᱭᱟᱹᱜᱼᱟ ᱞᱮᱠᱷᱟᱱ ᱞᱟᱦᱟ ᱨᱮᱜᱮ ᱞᱤᱧ ᱟᱸᱜᱚᱪ ᱠᱮᱭᱟ।
train_santalimale_03013	wavs/train_santalimale_03013.wav	ᱢᱮᱱᱠᱷᱟᱱ ᱱᱤᱛ ᱦᱚᱸ ᱟᱹᱰᱤ ᱨᱟᱹᱥᱠᱟᱹ ᱥᱟᱞᱟᱜᱼᱟ ᱞᱤᱧ ᱟᱸᱜᱚᱪᱮᱫᱼᱟ ᱠᱤᱱᱟ।
train_santalimale_03014	wavs/train_santalimale_03014.wav	ᱚᱱᱟ ᱛᱟᱭᱚᱢ ᱜᱷᱟᱸᱨᱚᱧᱡ ᱨᱮ ᱥᱩᱞᱩᱠ ᱨᱮᱭᱟᱜᱼᱟ ᱜᱟᱰᱟ ᱟᱹᱛᱩᱜᱼᱟ ᱮᱦᱚᱵᱼᱟ ᱮᱱᱟ।
train_santalimale_03015	wavs/train_santalimale_03015.wav	ᱟᱸᱜᱚᱪ ᱨᱮᱭᱟᱜᱼᱟ ᱯᱩᱨᱴᱷᱟᱹ ᱢᱩᱴᱷᱟᱹᱱ ᱜᱮ ᱧᱮᱞ ᱧᱟᱢᱮᱱᱟ।
train_santalimale_03016	wavs/train_santalimale_03016.wav	ᱥᱸᱛᱟᱞ ᱯᱚᱨᱜᱟᱱᱟ ᱨᱮᱭᱟᱜᱼᱟ ᱫᱩᱢᱠᱟ ᱡᱤᱞᱟᱹ ᱨᱮ ᱡᱟᱢᱛᱟᱲᱟᱹ ᱥᱚᱨ ᱢᱤᱫᱼᱟ ᱴᱮᱱ ᱰᱩᱸᱜᱨᱤ ᱟᱹᱰᱤ ᱩᱥᱩᱞ ᱢᱮᱱᱟᱜᱼᱟᱟ।
train_santalimale_03017	wavs/train_santalimale_03017.wav	ᱚᱱᱟ ᱫᱚ ᱵᱚᱫᱢᱟ ᱰᱩᱸᱜᱨᱤ ᱠᱚ ᱢᱮᱛᱟᱜᱼᱟᱟ।
train_santalimale_03018	wavs/train_santalimale_03018.wav	ᱥᱮᱫᱟᱭ ᱫᱚ ᱚᱱᱟ ᱰᱩᱸᱜᱨᱤ ᱠᱷᱚᱱ ᱜᱮ ᱨᱮᱞ ᱠᱚᱢᱯᱱᱤ ᱫᱚ ᱫᱷᱤᱨᱤ ᱠᱚᱭ ᱜᱟᱹᱰᱤ ᱤᱫᱤᱭᱮᱫᱼᱟ ᱠᱟᱱ ᱛᱟᱸᱦᱮᱸᱠᱟᱱᱟ।
train_santalimale_03019	wavs/train_santalimale_03019.wav	ᱛᱮ ᱦᱩᱰᱤᱧᱚᱦᱩᱰᱤᱧ ᱢᱤᱫᱼᱟ ᱴᱮᱱ ᱨᱮᱞ ᱥᱴᱮᱥᱚᱱ ᱟᱨ ᱯᱷᱟᱴᱚᱠ ᱦᱚᱸ ᱛᱟᱸᱦᱮᱸᱠᱟᱱᱟ।
train_santalimale_03020	wavs/train_santalimale_03020.wav	ᱚᱱᱟ ᱵᱚᱫᱢᱟ ᱯᱷᱟᱴᱚᱠ ᱠᱷᱚᱱ ᱜᱮ ᱨᱮᱞ ᱞᱟᱤᱱ ᱫᱚ ᱪᱟᱸᱜᱲᱮᱹᱸ ᱭᱟᱠᱟᱱ ᱛᱟᱸᱦᱮᱸᱠᱟᱱᱟ।
train_santalimale_03021	wavs/train_santalimale_03021.wav	ᱚᱱᱟ ᱞᱟᱤᱱ ᱫᱚ ᱮᱠᱟᱞ ᱵᱚᱫᱢᱟ ᱰᱩᱸᱜᱨᱤ ᱞᱚᱫᱚᱢ ᱦᱟᱹᱵᱤᱡᱼᱟ ᱪᱟᱞᱟᱣᱟᱠᱟᱱ ᱛᱟᱸᱦᱮᱸᱠᱟᱱᱟ।
train_santalimale_03022	wavs/train_santalimale_03022.wav	ᱚᱬᱰᱮ ᱜᱮ ᱫᱤᱱᱟᱹᱢ ᱦᱤᱞᱚᱜᱼᱟ ᱵᱮᱨᱟ ᱨᱟᱠᱟᱵᱼᱟ ᱥᱟᱸᱣ ᱛᱮ ᱟᱰᱮᱯᱟᱥᱮ ᱨᱮᱱ ᱟᱭᱢᱟ ᱦᱚᱲ ᱠᱚ ᱡᱟᱨᱣᱟᱜᱼᱟᱟ ᱟᱨ ᱟᱯᱟᱱᱚᱟᱹᱯᱤᱱ ᱠᱚ ᱠᱟᱹᱢᱤᱭᱟ।
train_santalimale_03023	wavs/train_santalimale_03023.wav	ᱢᱤᱫᱼᱟ ᱛᱟᱞᱟᱣ ᱚᱱᱟ ᱰᱩᱸᱜᱨᱤ ᱠᱷᱚᱱ ᱫᱤᱲᱤᱢᱚᱫᱤᱲᱤᱢ ᱥᱟᱰᱮ ᱟᱸᱡᱚᱢᱚᱜᱼᱟᱟ ᱟᱨ ᱚᱱᱟ ᱥᱟᱰᱮ ᱥᱟᱸᱣ ᱛᱮᱜᱮ ᱞᱟᱹᱴᱩᱞᱟᱹᱴᱩ ᱫᱷᱤᱨᱤ ᱴᱩᱠᱨᱟᱹ ᱵᱟᱹᱨᱩᱫ ᱚᱴᱮᱡᱼᱟ ᱛᱮ ᱪᱚᱴ ᱥᱮᱡᱼᱟ ᱜᱮ ᱰᱤᱜᱞᱟᱹᱩ ᱜᱚᱫᱚᱜᱼᱟᱟ।
train_santalimale_03024	wavs/train_santalimale_03024.wav	ᱟᱫᱚᱢ ᱫᱚ ᱫᱷᱤᱨᱤ ᱠᱚ ᱴᱷᱩᱭᱟ ᱟᱨ ᱟᱫᱚᱢ ᱫᱚ ᱚᱱᱟ ᱠᱚ ᱨᱟᱹᱯᱩᱫᱟ।
train_santalimale_03025	wavs/train_santalimale_03025.wav	ᱟᱨ ᱟᱫᱚᱢ ᱫᱚ ᱚᱱᱟ ᱫᱷᱤᱨᱤ ᱚᱬᱰᱮ ᱢᱮᱱᱟᱜᱼᱟ ᱫᱷᱤᱨᱤ ᱨᱤᱫᱼᱟ ᱢᱤᱥᱤᱱ ᱠᱨᱮᱥᱚᱨ ᱴᱷᱮᱱ ᱠᱚ ᱫᱤᱯᱤᱞ ᱤᱫᱤᱭᱟ ᱟᱨ ᱚᱱᱟ ᱨᱮᱭᱟᱜᱼᱟ ᱪᱚᱸᱜᱟ ᱨᱮ ᱠᱚ ᱜᱤᱰᱤᱭᱟ।
train_santalimale_03026	wavs/train_santalimale_03026.wav	ᱚᱬᱰᱮ ᱠᱷᱚᱱ ᱜᱮ ᱟᱭᱢᱟ ᱞᱮᱠᱟᱱ ᱞᱟᱹᱴᱩᱠᱟᱹᱴᱤᱡᱼᱟ ᱫᱷᱤᱨᱤ ᱨᱮᱞ ᱠᱚᱢᱯᱱᱤ ᱫᱚ ᱵᱮᱱᱟᱣ ᱠᱟᱛᱮᱫᱼᱟ ᱟᱭᱟᱜᱼᱟ ᱨᱮᱞᱰᱟᱵᱵᱟ ᱨᱮᱭ ᱞᱟᱫᱮ ᱟᱪᱚ ᱠᱚᱟ ᱟᱨ ᱟᱭᱟᱜᱼᱟ ᱡᱟᱹᱨᱩᱲ ᱡᱟᱭᱜᱟ ᱛᱮᱭ ᱤᱫᱤᱭᱟ।
train_santalimale_03027	wavs/train_santalimale_03027.wav	ᱥᱮᱫᱟᱭ ᱫᱚ ᱱᱚᱟ ᱰᱩᱸᱜᱨᱤ ᱟᱬᱰᱮᱯᱟᱥᱮ ᱨᱮᱭᱟᱜᱼᱟ ᱡᱩᱲᱟᱹᱥᱤ ᱫᱷᱟᱹᱨᱛᱤ ᱟᱨ ᱢᱤᱫᱼᱟ ᱯᱟᱦᱴᱟ ᱨᱮ ᱢᱮᱱᱟᱜᱼᱟ ᱢᱮᱭᱛᱷᱚᱱᱰᱮᱢ ᱨᱮᱭᱟᱜᱼᱟ ᱫᱟᱜᱼᱟ ᱧᱮᱞᱛᱮ ᱠᱚᱞᱠᱟᱛᱟ ᱠᱷᱚᱱ ᱥᱤᱱᱮᱢᱟ ᱵᱮᱱᱟᱣ ᱠᱚ ᱱᱚᱬᱰᱮ ᱠᱚ ᱦᱤᱡᱩᱜᱼᱟ ᱠᱟᱱ ᱛᱟᱸᱦᱮᱸᱠᱟᱱᱟ ᱟᱨ ᱵᱚᱜᱮ ᱛᱮ ᱦᱚᱲᱦᱚᱯᱚᱱ ᱠᱚ ᱥᱟᱸᱣᱛᱮ ᱱᱚᱬᱰᱮᱱᱟᱜᱼᱟ ᱰᱩᱸᱜᱨᱤ ᱠᱚ ᱯᱷᱚᱴᱚᱭᱮᱫᱼᱟ ᱠᱟᱱ ᱛᱟᱸᱦᱮᱸᱠᱟᱱᱟ।
train_santalimale_03028	wavs/train_santalimale_03028.wav	ᱠᱟᱛᱷᱟᱭ ᱱᱚᱟ ᱟᱰᱮᱯᱟᱥᱮ ᱨᱮ ᱟᱨ ᱪᱚᱱᱫᱨᱚᱲᱯᱟ ᱟᱛᱚ ᱨᱮ ᱥᱸᱛᱟᱞᱤ ᱥᱤᱱᱮᱢᱟ ᱦᱚᱸ ᱠᱚ ᱵᱮᱱᱟᱣ ᱵᱟᱲᱟᱹ ᱣᱟᱠᱟᱫᱟ।
train_santalimale_03029	wavs/train_santalimale_03029.wav	ᱱᱚᱟ ᱵᱚᱫᱢᱟ ᱰᱩᱸᱜᱨᱤ ᱫᱟᱹᱠᱷᱤᱱ ᱯᱟᱹᱪᱷᱤᱢ ᱯᱟᱦᱴᱟ ᱨᱮ ᱢᱤᱫᱼᱟ ᱴᱮᱱ ᱟᱹᱰᱤ ᱨᱟᱹᱥᱤᱣᱟᱹᱥᱤ ᱟᱛᱚ ᱢᱮᱱᱟᱜᱼᱟᱟ ᱚᱱᱟ ᱫᱚ ᱪᱚᱱᱫᱨᱰᱷᱤᱯᱟ ᱠᱚ ᱢᱮᱛᱟᱜᱼᱟᱟ।
train_santalimale_03030	wavs/train_santalimale_03030.wav	ᱯᱟᱥᱮᱡᱼᱟ ᱥᱮᱫᱟᱭ ᱫᱚ ᱱᱚᱟ ᱟᱛᱚ ᱦᱚᱲᱦᱚᱯᱚᱱ ᱪᱟᱸᱫᱚᱰᱷᱤᱯ ᱠᱚ ᱧᱩᱛᱩᱢ ᱞᱮᱫᱟ ᱪᱮᱫᱟᱜᱼᱟ ᱥᱮ ᱰᱩᱸᱜᱨᱤ ᱠᱷᱚᱱ ᱯᱟᱹᱪᱷᱤᱢ ᱨᱮᱱ ᱦᱚᱲ ᱫᱚ ᱵᱮᱨᱟᱭ ᱨᱟᱠᱟᱵᱼᱟ ᱡᱚᱠᱷᱟᱱ ᱱᱚᱝᱠᱟ ᱠᱚ ᱧᱮᱞ ᱧᱟᱢᱟ ᱵᱟᱝᱢᱟ ᱥᱤᱧ ᱪᱟᱸᱫᱚ ᱫᱚ ᱚᱱᱟ ᱰᱩᱸᱜᱨᱤ ᱨᱮᱜᱮᱭ ᱨᱟᱠᱟᱵᱼᱟ ᱠᱟᱱᱟ।
train_santalimale_03031	wavs/train_santalimale_03031.wav	ᱟᱨ ᱯᱩᱨᱩᱵ ᱨᱮᱱ ᱦᱚᱲ ᱫᱚ ᱪᱟᱸᱫᱚ ᱦᱟᱹᱥᱩᱨᱚᱜᱼᱟ ᱫᱚ ᱚᱱᱟ ᱰᱩᱸᱜᱨᱤᱰᱷᱤᱯ ᱨᱮᱜᱮ ᱠᱚ ᱧᱮᱞ ᱧᱟᱢᱮᱭᱟ।
train_santalimale_03032	wavs/train_santalimale_03032.wav	ᱢᱮᱱᱠᱷᱟᱱ ᱪᱟᱸᱫᱚᱰᱷᱤᱯ ᱠᱷᱚᱱ ᱫᱮᱠᱚ ᱨᱚᱲ ᱛᱮ ᱱᱮᱵᱮᱛᱟᱨ ᱫᱚ ᱚᱱᱟ ᱟᱛᱚ ᱪᱚᱱᱫᱨᱰᱷᱤᱯᱟ ᱠᱚ ᱢᱮᱛᱟᱜᱼᱟᱟ।
train_santalimale_03033	wavs/train_santalimale_03033.wav	ᱥᱮᱫᱟᱭ ᱫᱚ ᱫᱟᱢᱚᱫᱚᱨ ᱜᱟᱰᱟ ᱟᱹᱩᱨᱤ ᱛᱚᱞ ᱨᱮ ᱱᱚᱟ ᱨᱮᱭᱟᱜᱼᱟ ᱟᱭᱢᱟ ᱴᱚᱞᱟ ᱫᱚ ᱜᱟᱰᱟ ᱡᱟᱞᱟᱫᱼᱟ ᱨᱮ ᱛᱟᱸᱦᱮᱸᱠᱟᱱᱟ।
train_santalimale_03034	wavs/train_santalimale_03034.wav	ᱢᱮᱱᱠᱷᱟᱱ ᱛᱤᱱ ᱚᱠᱛᱮ ᱢᱮᱭᱛᱷᱚᱱ ᱰᱮᱢ ᱠᱚ ᱛᱚᱞ ᱠᱮᱫᱟ ᱱᱚᱟ ᱟᱛᱚ ᱥᱟᱸᱣᱛᱮ ᱟᱰᱮᱯᱟᱥᱮ ᱨᱮᱭᱟᱜᱼᱟ ᱟᱭᱢᱟ ᱟᱛᱚ ᱴᱚᱞᱟ ᱱᱚᱟ ᱨᱮᱭᱟᱜᱼᱟ ᱫᱟᱜᱼᱟ ᱛᱮ ᱩᱱᱩᱢ ᱮᱱᱟ।
train_santalimale_03035	wavs/train_santalimale_03035.wav	ᱫᱟᱭᱟ ᱜᱮ ᱟᱹᱰᱤ ᱟᱭᱢᱟ ᱦᱚᱲᱦᱚᱯᱚᱱ ᱦᱟᱱᱛᱮᱱᱦᱟᱛᱮ ᱠᱚ ᱫᱟᱹᱲᱟᱹ ᱠᱮᱫᱟ ᱟᱨ ᱡᱟᱸᱦᱟᱸ ᱠᱚ ᱨᱮᱜᱮ ᱠᱚ ᱜᱤᱨᱟᱹᱣᱟᱹᱥᱤ ᱭᱮᱱᱟ।
train_santalimale_03036	wavs/train_santalimale_03036.wav	ᱴᱷᱤᱠ ᱤᱱᱟᱹ ᱠᱚ ᱚᱜᱼᱟᱛᱮ ᱜᱮ ᱵᱟᱨ ᱡᱩᱨᱤᱯᱟᱹᱨᱤ ᱦᱚᱲ ᱦᱚᱸ ᱪᱚᱱᱫᱨᱰᱷᱤᱯᱟ ᱛᱮᱠᱤᱱ ᱦᱮᱡᱼᱟ ᱮᱱᱟ ᱟᱨ ᱱᱚᱬᱰᱮ ᱜᱮ ᱦᱩᱰᱤᱧᱚᱦᱩᱰᱤᱧ ᱠᱩᱢᱵᱟᱹ ᱚᱲᱟᱜᱼᱟ ᱵᱮᱱᱟᱣ ᱠᱟᱛᱮᱫᱼᱟ ᱠᱤᱱ ᱜᱤᱨᱟᱹᱣᱟᱹᱥᱤ ᱭᱮᱱᱟ।
train_santalimale_03037	wavs/train_santalimale_03037.wav	ᱚᱠᱛᱮ ᱱᱟᱹᱯᱤᱛ ᱨᱮ ᱩᱱᱚᱠᱤᱱ ᱨᱮᱱ ᱢᱤᱫᱼᱟ ᱴᱮᱱ ᱥᱚᱱᱟᱭ ᱦᱮᱡᱼᱟ ᱮᱱᱟ।
train_santalimale_03038	wavs/train_santalimale_03038.wav	ᱮᱠᱟᱞ ᱛᱮ ᱯᱟᱹᱨᱤᱯᱟᱹᱨᱤ ᱛᱮ ᱞᱟᱦᱟ ᱛᱟᱭᱚᱢ ᱜᱚᱜᱚᱵᱟᱵᱟ ᱵᱟᱱᱟ ᱦᱚᱲ ᱠᱤᱱ ᱴᱩᱣᱟᱹᱨ ᱚᱴᱚ ᱠᱟᱫᱮᱭᱟ ᱵᱟᱞᱮ ᱜᱤᱫᱨᱟᱹ ᱢᱩᱠᱩᱱᱫ ᱫᱚ।
train_santalimale_03039	wavs/train_santalimale_03039.wav	ᱟᱹᱰᱤ ᱱᱟᱦ ᱯᱟᱨᱚᱠ ᱜᱤᱫᱨᱟᱹ ᱢᱩᱠᱩᱱᱫ ᱫᱚ ᱦᱟᱸᱰᱮᱱᱦᱟᱸᱰᱮ ᱢᱮᱨᱚᱢᱚᱵᱷᱤᱰᱤ ᱟᱨ ᱜᱟᱹᱭᱚᱜᱩᱯᱤ ᱛᱩᱞᱩᱡᱼᱟ ᱜᱮᱭ ᱦᱟᱨᱟ ᱤᱫᱤᱭᱮᱱᱟ।
train_santalimale_03040	wavs/train_santalimale_03040.wav	ᱵᱟᱹᱯᱩᱰᱤᱡᱼᱟ ᱢᱩᱠᱩᱱᱫ ᱫᱚ ᱚᱞᱚᱠᱯᱟᱲᱦᱟᱣᱚᱜᱼᱟ ᱫᱚ ᱵᱟᱭ ᱪᱮᱫᱼᱟ ᱫᱟᱲᱮᱹᱭᱟᱫᱟ।
train_santalimale_03041	wavs/train_santalimale_03041.wav	ᱢᱮᱱᱠᱷᱟᱱ ᱦᱚᱲᱦᱚᱯᱚᱱᱟᱜᱼᱟ ᱟᱹᱨᱤᱪᱟᱹᱞᱤ ᱟᱨ ᱫᱮᱣᱟᱥᱮᱣᱟ ᱫᱚ ᱟᱹᱰᱤ ᱵᱮᱥ ᱛᱮᱭ ᱪᱮᱫᱼᱟ ᱠᱮᱫᱟ।
train_santalimale_03042	wavs/train_santalimale_03042.wav	ᱛᱤᱨᱤᱭᱚᱵᱟᱱᱟᱢ, ᱛᱩᱢᱫᱟᱜᱼᱟᱴᱟᱢᱟᱠ, ᱮᱱᱮᱪᱥᱮᱨᱮᱧ ᱥᱮ ᱥᱮᱱᱫᱨᱟᱠᱟᱨᱠᱟ ᱚᱠᱟ ᱞᱮᱠᱟ ᱛᱮᱜᱮ ᱚᱦᱚᱢ ᱛᱟᱭᱚᱢ ᱞᱮᱭᱟ।
train_santalimale_03043	wavs/train_santalimale_03043.wav	ᱱᱮᱣᱮᱛᱟᱨ ᱢᱩᱠᱩᱱᱫ ᱫᱚ ᱮᱠᱟᱞ ᱦᱟᱨᱟ ᱜᱚᱫᱚᱜᱼᱟ ᱛᱮᱞ ᱥᱟᱸᱣᱟᱸᱨ ᱧᱮᱞᱚᱜᱼᱟ ᱛᱮ ᱪᱮᱦᱨᱟ ᱟᱨ ᱠᱮᱴᱮᱡᱼᱟ ᱠᱚᱲᱟᱹ ᱠᱟᱱᱟᱭ।
train_santalimale_03044	wavs/train_santalimale_03044.wav	ᱟᱛᱚ ᱦᱚᱲ ᱥᱟᱸᱣᱛᱮ ᱩᱱᱤ ᱦᱚᱸ ᱵᱚᱫᱢᱟ ᱴᱷᱤᱠᱟᱹᱫᱟᱨ ᱴᱷᱮᱱᱮ ᱠᱟᱹᱢᱤᱭᱟ।
train_santalimale_03045	wavs/train_santalimale_03045.wav	ᱢᱮᱱᱠᱷᱟᱱ ᱥᱚᱨ ᱫᱤᱱ ᱨᱮᱞ ᱠᱚᱢᱯᱱᱤ ᱟᱭᱟᱜᱼᱟ ᱠᱟᱹᱢᱤ ᱫᱚᱭ ᱵᱚᱸᱫ ᱠᱮᱫᱟ।
train_santalimale_03046	wavs/train_santalimale_03046.wav	ᱚᱱᱟ ᱛᱮ ᱢᱩᱠᱩᱱᱫ ᱫᱚ ᱟᱹᱰᱤ ᱢᱩᱥᱠᱤᱞ ᱨᱮᱭ ᱯᱟᱲᱟᱹᱣ ᱮᱱᱟ।
train_santalimale_03047	wavs/train_santalimale_03047.wav	ᱮᱱᱛᱮ ᱚᱠᱟ ᱨᱮᱭ ᱠᱟᱹᱢᱤ ᱟᱹᱥᱩᱞᱚᱜᱼᱟᱟ?
train_santalimale_03048	wavs/train_santalimale_03048.wav	ᱢᱩᱠᱩᱱᱫ ᱟᱨ ᱢᱩᱠᱷᱤ ᱫᱚ, ᱟᱰᱮᱯᱟᱥᱮ ᱴᱚᱞᱟ ᱦᱚᱲ।
train_santalimale_03049	wavs/train_santalimale_03049.wav	ᱢᱩᱠᱩᱱᱫ ᱟᱜᱼᱟ ᱜᱩᱱ ᱧᱮᱞᱛᱮ ᱟᱨ ᱱᱤᱪᱷᱚᱨᱟ ᱢᱚᱱ ᱧᱮᱞᱛᱮ ᱛᱤᱱ ᱨᱮᱪᱚᱸ ᱢᱩᱠᱷᱤ ᱫᱚ ᱟᱭᱟᱜᱼᱟ ᱫᱩᱞᱟᱹᱲ ᱚᱱᱛᱚᱨ ᱢᱩᱠᱩᱱᱫ ᱨᱮ ᱜᱟᱹᱰᱤᱭᱟᱹᱩ ᱮᱱ ᱛᱟᱭᱟ ᱵᱩᱡ ᱵᱟᱭ ᱧᱟᱢ ᱞᱮᱫᱟ।
train_santalimale_03050	wavs/train_santalimale_03050.wav	ᱢᱩᱠᱷᱤ ᱫᱚ ᱪᱚᱱᱫᱨᱰᱷᱤᱯᱟ ᱥᱤᱸᱜᱨᱟᱹᱤ ᱢᱟᱹᱸᱡᱷᱤ ᱨᱮᱱ ᱜᱚᱲᱚᱢ ᱛᱮᱫᱼᱟ ᱠᱩᱲᱤ ᱜᱮ।
train_santalimale_03051	wavs/train_santalimale_03051.wav	ᱩᱱᱤ ᱫᱚ ᱢᱤᱦᱤᱡᱟᱢ ᱠᱩᱲᱤ ᱤᱥᱚᱠᱩᱞ ᱨᱮᱭ ᱯᱟᱲᱦᱟᱣᱚᱜᱼᱟ ᱠᱟᱱ ᱛᱟᱸᱦᱮᱸᱠᱟᱱᱟ।
train_santalimale_03052	wavs/train_santalimale_03052.wav	ᱤᱥᱚᱠᱩᱞ ᱛᱮ ᱦᱤᱡᱩᱜᱼᱟᱥᱮᱱᱚᱜᱼᱟ ᱩᱱᱤ ᱫᱚ ᱦᱚᱨ ᱨᱮᱜᱮ ᱢᱩᱠᱩᱱᱫ ᱫᱚᱭ ᱧᱟᱢᱮᱭᱟ।
train_santalimale_03053	wavs/train_santalimale_03053.wav	ᱮᱱᱛᱮᱫᱼᱟ ᱢᱩᱠᱩᱱᱫ ᱦᱚᱸ ᱜᱟᱹᱭ ᱠᱚ ᱠᱟᱰᱟ ᱠᱚ ᱚᱱᱟ ᱰᱩᱸᱜᱨᱤ ᱥᱮᱡᱼᱟ ᱨᱮᱜᱮᱭ ᱜᱩᱯᱤ ᱠᱚᱟ।
train_santalimale_03054	wavs/train_santalimale_03054.wav	ᱵᱟᱱᱟ ᱦᱚᱲᱟᱹᱜᱼᱟ ᱫᱤᱱᱚᱢ ᱧᱟᱯᱟᱢ ᱨᱚᱯᱚᱲ ᱮᱠᱟᱞ ᱛᱮ ᱢᱚᱱᱮᱡᱤᱣᱤ ᱫᱚ ᱯᱟᱸᱠ ᱮᱱ ᱛᱟᱹᱠᱤᱱᱟ।
train_santalimale_03055	wavs/train_santalimale_03055.wav	ᱢᱮᱱᱠᱷᱟᱱ ᱵᱮᱪᱟᱨᱟ ᱢᱩᱠᱩᱱᱫ ᱫᱚ ᱵᱚᱛᱚᱨ ᱛᱮ ᱢᱩᱠᱷᱤ ᱛᱟᱠᱚ ᱴᱷᱮᱱ ᱫᱚ ᱱᱚᱟ ᱠᱚ ᱠᱟᱛᱷᱟ ᱫᱚ ᱵᱟᱭ ᱥᱚᱫᱚᱨ ᱫᱟᱲᱮᱹᱭᱟᱜᱼᱟᱟ।
train_santalimale_03056	wavs/train_santalimale_03056.wav	ᱮᱱᱛᱮᱫᱼᱟ ᱨᱮᱸᱜᱮᱪᱚᱠᱤᱥᱟᱹᱸᱲ ᱟᱨ ᱢᱤᱞᱣᱟᱹ ᱡᱩᱨᱤ ᱨᱮᱱ ᱫᱚ ᱫᱷᱟᱹᱨᱛᱤ ᱨᱮ ᱮᱠᱮᱱ ᱵᱟᱹᱫᱤ ᱜᱮ ᱢᱮᱱᱟᱜᱼᱟᱠᱚᱟ।
train_santalimale_03057	wavs/train_santalimale_03057.wav	ᱢᱩᱠᱩᱱᱫ ᱫᱚᱭ ᱦᱩᱫᱤᱥᱟ ᱯᱟᱥᱮᱡᱼᱟ ᱢᱩᱠᱷᱤ ᱚᱲᱟᱜᱼᱟ ᱨᱮ ᱠᱚ ᱵᱟᱰᱟᱭ ᱞᱮᱠᱷᱟᱱ ᱟᱨ ᱵᱟᱠᱚ ᱧᱟᱯᱟᱢ ᱚᱪᱚᱣᱟᱭ ᱠᱷᱟᱱ ᱤᱧᱟᱹᱜᱼᱟ ᱫᱚ ᱪᱮᱫᱼᱟ ᱦᱩᱭᱩᱠᱚᱟ?
train_santalimale_03058	wavs/train_santalimale_03058.wav	ᱛᱮᱦᱮᱧ ᱦᱟᱹᱛᱤ ᱞᱮᱠᱟᱱ ᱯᱚᱨᱚᱵ ᱥᱚᱦᱨᱟᱭ ᱞᱮᱠᱟᱱ ᱫᱤᱱ ᱨᱮ ᱦᱚᱲ ᱫᱚ ᱦᱮᱥᱮᱡᱼᱟᱥᱮᱠᱨᱮᱡᱼᱟ ᱠᱚ ᱮᱱᱮᱡᱼᱟ ᱥᱮᱨᱮᱧ ᱡᱚᱝ ᱠᱟᱱᱟ ᱯᱷᱩᱠᱴᱤ ᱡᱚᱰᱟ ᱠᱟᱱᱟ ᱠᱚ ᱟᱨᱠᱚ ᱡᱚᱢ ᱧᱩ ᱭᱮᱫᱟ ᱠᱤᱥᱟᱹᱸᱲ ᱨᱮᱸᱜᱮᱡᱼᱟ ᱡᱚᱛᱚ ᱦᱚᱲ ᱢᱮᱱᱠᱷᱟᱱ ᱱᱚᱝᱠᱟᱱ ᱨᱟᱹᱥᱠᱟᱹ ᱫᱤᱱ ᱨᱮ ᱢᱩᱠᱩᱱᱫ ᱫᱚ ᱟᱹᱰᱤ ᱱᱤᱨᱞᱟ ᱡᱚᱦᱟ ᱪᱟᱯᱚ ᱣᱟᱠᱟᱱ ᱜᱟᱱᱟᱰᱮ ᱨᱮᱭ ᱫᱩᱰᱩᱵᱼᱟ ᱟᱠᱟᱱᱟ ᱫᱟᱭᱟ ᱜᱮ।
train_santalimale_03059	wavs/train_santalimale_03059.wav	ᱜᱚᱵᱟᱵᱟᱣᱟᱜᱼᱟ ᱫᱩᱞᱟᱹᱲ ᱢᱟ ᱵᱟᱭ ᱫᱤᱥᱟᱭ ᱡᱩᱨᱤᱯᱟᱹᱨᱤ ᱫᱩᱞᱟᱹᱲ ᱦᱚᱸ ᱧᱟᱢ ᱟᱥ ᱫᱚ ᱵᱟᱹᱱᱩᱜᱼᱟ ᱛᱟᱭᱟ।
train_santalimale_03060	wavs/train_santalimale_03060.wav	ᱮᱱᱛᱮᱫᱼᱟ ᱨᱮᱸᱜᱮᱪ ᱚᱲᱟᱜᱼᱟ ᱨᱮᱱ ᱴᱩᱣᱟᱹᱨ ᱜᱤᱫᱨᱟᱹ ᱴᱷᱮᱱ ᱫᱚ ᱚᱠᱚᱭ ᱜᱚᱝ ᱠᱚᱟ ᱟᱠᱚ ᱨᱮᱱ ᱢᱤᱥ ᱮᱨᱟ ᱥᱮ ᱦᱚᱯᱚᱱ ᱮᱨᱟ।
train_santalimale_03061	wavs/train_santalimale_03061.wav	ᱮᱱᱮᱡᱼᱟ ᱟᱠᱷᱲᱟᱹ ᱨᱮ ᱥᱟᱵᱼᱟ ᱟᱠᱟᱱ ᱦᱟᱨᱟ ᱜᱚᱫᱚᱜᱼᱟ ᱢᱩᱠᱷᱤ ᱫᱚ ᱢᱩᱠᱩᱱᱫ ᱟᱜᱼᱟ ᱱᱚᱸᱠᱟ ᱫᱚᱥᱟ ᱧᱮᱞ ᱛᱮ ᱫᱟᱭᱟ ᱦᱮᱡᱼᱟ ᱟᱫᱮᱭᱟ।
train_santalimale_03062	wavs/train_santalimale_03062.wav	ᱟᱨ ᱩᱱᱤ ᱴᱷᱮᱱ ᱥᱚᱨ ᱠᱟᱛᱮᱭ ᱠᱩᱞᱤ ᱠᱮᱫᱮᱭᱟ ᱦᱮᱢᱮᱲᱢᱮᱭᱚᱜᱼᱟ ᱫᱩᱰᱩᱵᱼᱟ ᱟᱠᱟᱱ ᱨᱮᱭᱟᱜᱼᱟ ᱚᱡᱮ।
train_santalimale_03063	wavs/train_santalimale_03063.wav	ᱚᱦᱚᱢ ᱵᱩᱡ ᱠᱮᱭᱟ ᱢᱟᱹᱸᱭ ᱤᱧᱟᱹᱜᱼᱟ ᱢᱚᱱᱲᱚᱢᱚᱱᱲᱚ ᱞᱚᱠ ᱠᱟᱱ ᱢᱚᱱᱮ ᱡᱤᱣᱤ ᱫᱚ।
train_santalimale_03064	wavs/train_santalimale_03064.wav	ᱟᱨ ᱮᱱᱛᱮᱫᱼᱟ ᱟᱢ ᱞᱮᱠᱟᱱ ᱞᱮᱞᱮᱠᱚᱞᱮ ᱛᱮ ᱫᱩᱞᱟᱹᱲ ᱥᱟᱞᱟᱜᱼᱟ ᱛᱮ ᱦᱟᱨᱟ ᱡᱩᱣᱟᱹᱱ ᱠᱩᱲᱤ ᱫᱚ ᱤᱧᱟᱜᱼᱟ ᱫᱩᱠ ᱦᱚᱸ ᱪᱮᱠᱟ ᱠᱟᱛᱮᱧ ᱞᱟᱹᱭ ᱠᱮᱢᱟ ᱟᱨ ᱞᱟᱹᱭ ᱠᱟᱛᱮ ᱜᱮ ᱵᱟᱝ ᱪᱮᱛ ᱦᱩᱭᱩᱜᱼᱟ ᱢᱤᱫᱼᱟ ᱜᱷᱟᱲᱤ ᱞᱟᱹᱜᱤᱫᱼᱟ ᱟᱢᱟᱠ ᱢᱚᱱᱮ ᱪᱮᱫᱟᱜᱼᱟ ᱤᱧ ᱵᱤᱠᱚᱞ ᱛᱟᱢᱟ।
train_santalimale_03065	wavs/train_santalimale_03065.wav	ᱟᱪᱷᱟ ᱛᱚᱵᱮ ᱢᱟ ᱵᱟᱛᱟᱣᱮᱫᱼᱟ ᱠᱷᱟᱱᱤᱧ ᱞᱟᱹᱭ ᱟᱢ ᱠᱟᱱᱟ।
train_santalimale_03066	wavs/train_santalimale_03066.wav	ᱤᱧ ᱜᱚᱵᱟᱵᱟ ᱫᱩᱞᱟᱹᱲ ᱢᱟ ᱵᱟᱹᱧ ᱧᱟᱢ ᱞᱮᱫᱼᱟ ᱜᱮ, ᱱᱤᱛ ᱡᱩᱨᱤᱯᱟᱹᱨᱤ ᱫᱩᱞᱟᱹᱲ ᱦᱚᱸ ᱧᱟᱢ ᱫᱚ ᱥᱮᱨᱢᱟ ᱡᱚᱴᱮᱫᱼᱟ ᱛᱤᱭᱚᱜ ᱵᱟᱨᱟᱜ ᱠᱟᱱ ᱜᱮᱭᱟ ᱤᱧ ᱞᱟᱹᱜᱤᱫᱼᱟ ᱫᱚ।
train_santalimale_03067	wavs/train_santalimale_03067.wav	ᱮᱱᱛᱮᱫᱼᱟ ᱱᱚᱜᱼᱟᱚᱭ ᱛᱮᱦᱮᱧ ᱞᱮᱠᱟᱱ ᱫᱤᱱ ᱨᱮ ᱟᱞᱮ ᱚᱲᱟᱹᱜᱼᱟ ᱨᱮ ᱡᱚᱢᱟᱜᱼᱟ ᱵᱟᱹᱱᱩᱜᱼᱟᱟ।
train_santalimale_03068	wavs/train_santalimale_03068.wav	ᱢᱤᱫᱼᱟ ᱴᱮᱱ ᱥᱤᱢ ᱦᱚᱸ ᱵᱟᱹᱧ ᱵᱚᱸᱜᱟ ᱫᱟᱲᱮᱹᱭᱟᱫᱮᱭᱟ ᱥᱚᱦᱨᱟᱭ ᱧᱩᱛᱩᱢ ᱛᱮ।
train_santalimale_03069	wavs/train_santalimale_03069.wav	ᱢᱤᱫᱼᱟ ᱢᱟᱹᱦᱱᱟᱹ ᱠᱷᱚᱱ ᱚᱠᱟ ᱨᱮᱜᱮ ᱚᱠᱚᱭ ᱦᱚᱸ ᱠᱟᱹᱢᱤ ᱵᱟᱠᱚ ᱞᱟᱜᱟᱣ ᱞᱤᱫᱤᱧ ᱟᱨ ᱢᱮᱱᱠᱷᱟᱱ ᱚᱜᱼᱟᱛᱮ ᱨᱮ ᱚᱠᱚᱭᱤᱧ ᱠᱚᱭ ᱠᱚᱟ ᱵᱮᱜᱚᱨ ᱠᱟᱹᱢᱤ ᱛᱮᱫᱚ।
train_santalimale_03070	wavs/train_santalimale_03070.wav	ᱱᱚᱟ ᱡᱤᱣᱤ ᱫᱚ ᱟᱹᱰᱤ ᱛᱮᱫᱼᱟ ᱜᱮ ᱵᱮᱨᱛᱷᱟ ᱜᱤᱛᱤᱧᱟ, ᱱᱤᱭᱟᱹ ᱨᱚ ᱨᱚᱲ ᱛᱮᱜᱮ ᱦᱤᱰᱤᱨᱚᱦᱤᱰᱤᱨ ᱢᱮᱛᱫᱟᱜᱼᱟ ᱡᱚᱨᱚᱭᱮᱱ ᱛᱟᱭᱟ।
train_santalimale_03071	wavs/train_santalimale_03071.wav	ᱚᱱᱟ ᱧᱮᱞᱛᱮ ᱢᱩᱠᱷᱤ ᱫᱚ ᱟᱪᱠᱟ ᱜᱮ ᱢᱩᱠᱩᱱᱫ ᱟᱭᱟ ᱠᱚᱲᱟᱹᱢ ᱨᱮᱭ ᱦᱟᱰᱩᱵᱼᱟ ᱛᱷᱤᱨ ᱮᱱᱟ ᱟᱹᱰᱤ ᱜᱷᱟᱹᱲᱤᱡᱼᱟ, ᱟᱨᱮ ᱢᱮᱛᱟᱭ ᱠᱟᱱᱟ ᱢᱩᱠᱩᱱᱫ, ᱡᱤᱣᱤ ᱟᱞᱚᱢ ᱠᱷᱟᱴᱚᱭ ᱛᱟᱢᱟ, ᱫᱮᱞᱟ ᱟᱪᱷᱟ ᱥᱚᱦᱨᱟᱭ ᱫᱚ ᱟᱞᱮ ᱚᱲᱟᱜᱼᱟ ᱨᱮᱜᱮ ᱞᱟᱝ ᱢᱟᱱᱟᱣᱟ।
train_santalimale_03072	wavs/train_santalimale_03072.wav	ᱵᱟᱝ ᱵᱟᱝ, ᱪᱮᱠᱟ ᱛᱮᱧ ᱪᱟᱞᱟᱜᱼᱟᱟ ᱟᱯᱮ ᱚᱲᱟᱜᱼᱟ ᱫᱚ, ᱚᱦᱚᱧ ᱪᱟᱞᱟᱣ ᱠᱚᱜᱼᱟᱟ।
train_santalimale_03073	wavs/train_santalimale_03073.wav	ᱤᱧ ᱫᱚ ᱟᱨ ᱪᱮᱫᱼᱟ ᱠᱟᱛᱷᱟ ᱦᱚᱸ ᱵᱟᱹᱧ ᱟᱧᱡᱚᱢᱟ, ᱤᱧ ᱫᱚ ᱟᱢ ᱥᱟᱞᱟᱜᱼᱟ ᱛᱮᱜᱮ ᱟᱞᱮ ᱚᱲᱟᱜᱼᱟ ᱤᱧ ᱪᱟᱞᱟᱜᱼᱟᱟ ᱟᱨ ᱵᱟᱝ ᱠᱷᱟᱱ ᱤᱧ ᱦᱚᱸ ᱟᱢ ᱥᱟᱞᱟᱜᱼᱟ ᱜᱮ ᱱᱚᱬᱰᱮ ᱜᱮᱧ ᱫᱩᱰᱩᱵᱼᱟ ᱠᱚᱜᱼᱟᱟ।
train_santalimale_03074	wavs/train_santalimale_03074.wav	ᱱᱚᱸᱠᱟ ᱦᱟᱞᱚᱛ ᱧᱮᱞᱛᱮ ᱢᱩᱠᱩᱱᱫ ᱫᱚᱭ ᱨᱮᱵᱮᱱ ᱮᱱᱟ।
train_santalimale_03075	wavs/train_santalimale_03075.wav	ᱟᱨ ᱠᱤᱱ ᱪᱟᱞᱟᱣ ᱮᱱᱟ ᱢᱤᱫᱼᱟ ᱛᱮ ᱨᱟᱱᱮᱵᱷᱟᱱᱮ ᱫᱷᱟᱱᱫᱷᱟᱹᱱᱤᱭᱟᱹ ᱤᱴᱟᱹ ᱫᱚᱞᱟᱱ ᱢᱩᱠᱷᱤ ᱛᱟᱠᱚ ᱚᱲᱟᱹᱜᱼᱟ।
train_santalimale_03076	wavs/train_santalimale_03076.wav	ᱥᱮᱱ ᱛᱚᱨᱟ ᱜᱮ ᱢᱩᱠᱷᱤ ᱫᱚ ᱟᱡᱼᱟ ᱜᱚᱜᱚᱭ ᱞᱟᱹᱭ ᱟᱫᱮᱭᱟ ᱵᱟᱝᱢᱟ ᱤᱧ ᱨᱮᱱ ᱡᱩᱨᱤ ᱫᱚᱭ ᱵᱟᱪᱷᱟᱣᱟᱱᱟ।
train_santalimale_03077	wavs/train_santalimale_03077.wav	ᱚᱱᱠᱟ ᱟᱧᱡᱚᱢ ᱠᱟᱛᱮ ᱟᱡᱼᱟ ᱜᱚᱜᱚ ᱫᱚ ᱟᱡᱼᱟ ᱵᱟᱵᱟᱭ ᱞᱟᱹᱭ ᱟᱫᱮᱭᱟ।
train_santalimale_03078	wavs/train_santalimale_03078.wav	ᱟᱡᱼᱟ ᱵᱟᱵᱟ ᱛᱷᱚᱨ ᱵᱟᱝ ᱜᱮᱭ ᱟᱸᱜᱚᱪ, ᱴᱷᱮᱸᱜᱟ ᱥᱟᱵᱼᱟ ᱠᱟᱛᱮᱭ ᱞᱟᱜᱟ ᱭᱮᱠᱟᱱᱟ ᱢᱩᱠᱩᱱᱫ।
train_santalimale_03079	wavs/train_santalimale_03079.wav	ᱢᱮᱱᱠᱷᱟᱱ ᱢᱩᱠᱩᱱᱫ ᱚᱠᱟ ᱥᱮᱱᱮ ᱫᱟᱹᱲ ᱮᱫᱟ ᱩᱱᱤ ᱥᱟᱞᱟᱜᱼᱟ ᱚᱱᱛᱮ ᱜᱮ ᱟᱡᱼᱟ ᱨᱮᱱ ᱦᱚᱯᱚᱱ ᱮᱨᱟ ᱢᱩᱠᱷᱤ ᱦᱚᱸᱭ ᱫᱟᱹᱲ ᱤᱫᱤ ᱭᱮᱫᱟ ᱟᱨ ᱵᱟᱨᱵᱟᱨ ᱮ ᱢᱮᱱ ᱮᱫᱟ ᱤᱧ ᱨᱮᱱ ᱡᱩᱨᱤ ᱫᱚᱭ ᱱᱩᱤ ᱠᱟᱱᱟ, ᱱᱩᱤ ᱪᱷᱟᱰᱟ ᱚᱠᱚᱭ ᱦᱚᱸ ᱵᱟᱝᱠᱚ ᱦᱩᱭ ᱫᱟᱲᱮᱹᱭᱟᱜᱼᱟᱟ।
train_santalimale_03080	wavs/train_santalimale_03080.wav	ᱚᱱᱠᱟ ᱞᱮᱠᱟᱨᱮ ᱞᱟᱸᱜᱟ ᱭᱮᱱᱟᱭ ᱟᱡᱼᱟ ᱵᱟᱵᱟ।
train_santalimale_03081	wavs/train_santalimale_03081.wav	ᱡᱟᱸᱣᱟᱸᱭ ᱜᱚᱠᱮ ᱭᱮᱭᱟ ᱢᱮᱱ ᱛᱮᱭᱮ ᱟᱸᱜᱚᱪ ᱠᱮᱫᱮᱭᱟ ᱢᱩᱠᱩᱱᱫ ᱜᱮ।
train_santalimale_03082	wavs/train_santalimale_03082.wav	ᱮᱱᱛᱮᱫᱼᱟ ᱟᱡᱼᱟ ᱨᱮᱱ ᱢᱤᱫᱼᱟ ᱴᱮᱡᱼᱟ ᱩᱛᱟᱹᱨ ᱦᱚᱯᱚᱱ ᱮᱨᱟ, ᱪᱮᱫᱼᱟ ᱮ ᱪᱮᱠᱟᱭᱟ।
train_santalimale_03083	wavs/train_santalimale_03083.wav	ᱱᱤᱨᱟᱹᱱ ᱫᱤᱱ ᱥᱮᱴᱮᱨ ᱠᱟᱛᱮ ᱠᱚ ᱵᱟᱯᱞᱟ ᱠᱟᱹᱠᱤᱱᱟ ᱢᱮᱱᱛᱮ ᱠᱚ ᱜᱚᱴᱟ ᱠᱮᱫᱟ।
train_santalimale_03084	wavs/train_santalimale_03084.wav	ᱛᱷᱚᱲᱟᱹ ᱫᱤᱱ ᱠᱷᱟᱱ ᱜᱮ ᱢᱩᱠᱷᱤ ᱟᱡᱼᱟ ᱜᱚᱵᱟᱵᱟ ᱫᱚ ᱠᱤᱱ ᱜᱚᱴᱟ ᱠᱮᱫᱟ।
train_santalimale_03085	wavs/train_santalimale_03085.wav	ᱱᱩᱤ ᱡᱟᱸᱣᱟᱸᱭ ᱜᱚᱸᱠᱮ ᱞᱮᱠᱷᱟᱱ ᱦᱚᱲ ᱪᱮᱫᱼᱟ ᱠᱚ ᱢᱮᱛᱟ ᱞᱟᱝᱟ।
train_santalimale_03086	wavs/train_santalimale_03086.wav	ᱱᱩᱤ ᱫᱚ ᱞᱟᱝ ᱜᱚᱭᱚᱡᱼᱟ ᱩᱛᱟᱹᱨᱮᱭᱟ, ᱵᱟᱝ ᱠᱷᱟᱱ ᱮᱱᱛᱮᱫᱼᱟ ᱢᱟᱹᱸᱭ ᱛᱚ ᱵᱟᱭ ᱟᱸᱜᱚᱪ ᱮᱫᱟ ᱮᱴᱟᱜᱼᱟ ᱨᱮ ᱜᱚᱝ ᱠᱟᱭ ᱫᱚ।
train_santalimale_03087	wavs/train_santalimale_03087.wav	ᱢᱤᱫᱼᱟ ᱫᱤᱱ ᱫᱚ ᱫᱟᱠᱟ ᱛᱩᱞᱩᱡᱼᱟ ᱵᱤᱥ ᱠᱤᱱ ᱮᱢᱟ ᱫᱮᱛᱮ ᱢᱩᱠᱩᱱᱫ ᱫᱚᱭ ᱡᱟᱹᱯᱤᱫᱼᱟ ᱛᱷᱤᱨ ᱠᱮᱫᱟ।
train_santalimale_03088	wavs/train_santalimale_03088.wav	ᱱᱚᱸᱠᱟ ᱧᱮᱞᱛᱮ ᱢᱩᱠᱷᱤ ᱫᱚ ᱟᱹᱰᱤ ᱛᱮᱫᱼᱟ ᱵᱮ ᱵᱟᱹᱲᱤᱡᱼᱟ ᱮ ᱟᱹᱤᱠᱟᱹᱩ ᱠᱮᱫᱟ ᱟᱨ ᱢᱩᱠᱩᱱᱫ ᱨᱮ ᱡᱩᱨᱤ ᱭᱮᱱ ᱢᱚᱱ ᱠᱟᱠᱷᱟᱱ ᱛᱮ ᱠᱩᱸᱠᱤ ᱩᱛᱟᱹᱨ ᱮᱱᱟᱭ।
train_santalimale_03089	wavs/train_santalimale_03089.wav	ᱮᱱᱛᱮᱫᱼᱟ ᱟᱡᱼᱟ ᱨᱮᱱ ᱦᱩᱭᱩᱜᱼᱟ ᱤᱡᱼᱟ ᱡᱩᱨᱤ ᱵᱮᱜᱚᱨ ᱩᱱᱤ ᱫᱚ ᱢᱚᱱᱮ ᱵᱟᱝ ᱜᱮ ᱫᱷᱤᱨᱚᱯᱩᱨ ᱞᱮᱱ ᱛᱟᱭᱟ।
train_santalimale_03090	wavs/train_santalimale_03090.wav	ᱟᱡᱼᱟ ᱜᱚᱵᱟᱵᱟ ᱫᱚ ᱢᱩᱠᱷᱤ ᱨᱟᱱᱨᱟᱱ ᱟᱪᱚ ᱛᱮᱠᱤᱱ ᱛᱷᱟᱠᱟᱣ ᱮᱱᱟ।
train_santalimale_03091	wavs/train_santalimale_03091.wav	ᱢᱩᱠᱷᱤ ᱫᱚ ᱫᱟᱭᱟ ᱜᱮ ᱡᱟᱭᱚᱡᱩᱜ ᱞᱟᱹᱜᱤᱫᱼᱟ ᱮ ᱠᱩᱸᱠᱤ ᱩᱛᱟᱹᱨ ᱮᱱᱟ।
train_santalimale_03092	wavs/train_santalimale_03092.wav	ᱡᱚᱛᱚ ᱦᱚᱲ ᱟᱠᱚᱟᱠᱚ ᱣᱟᱜᱼᱟ ᱚᱲᱟᱜᱼᱟ ᱨᱮ ᱠᱚ ᱡᱟᱹᱯᱤᱫᱼᱟ ᱡᱚᱝ ᱠᱟᱱᱟ।
train_santalimale_03093	wavs/train_santalimale_03093.wav	ᱜᱚᱴᱟ ᱜᱮ ᱥᱟᱸᱪᱥᱩᱸᱪ ᱟᱹᱤᱠᱟᱹᱣᱚᱜᱼᱟ ᱠᱟᱱᱟ।
train_santalimale_03094	wavs/train_santalimale_03094.wav	ᱚᱠᱛᱮ ᱱᱟᱹᱯᱤᱛ ᱨᱮ ᱥᱮᱛᱟᱣᱟᱜᱼᱟ ᱵᱷᱚᱜᱼᱟ ᱟᱨ ᱛᱚᱭᱚᱣᱟᱜᱼᱟ ᱨᱟᱜᱼᱟ ᱟᱧᱡᱚᱢᱚᱜᱼᱟ ᱠᱟᱱᱟ।
train_santalimale_03095	wavs/train_santalimale_03095.wav	ᱥᱮᱨᱢᱟ ᱪᱚᱴ ᱨᱮ ᱤᱯᱤᱞ ᱠᱚ ᱦᱚᱸ ᱟᱹᱰᱤ ᱡᱚᱢᱚᱠ ᱠᱚ ᱚᱲᱚᱝ ᱟᱠᱟᱱᱟ।
train_santalimale_03096	wavs/train_santalimale_03096.wav	ᱢᱮᱱᱠᱷᱟᱱ, ᱫᱤᱯᱚᱠ ᱟᱜᱼᱟ ᱢᱮᱸᱫᱼᱟ ᱠᱤᱱ ᱫᱚ ᱵᱟᱝ ᱡᱟᱹᱯᱤᱫᱚᱜᱼᱟ ᱠᱟᱱᱟ।
train_santalimale_03097	wavs/train_santalimale_03097.wav	ᱟᱭᱟᱜᱼᱟ ᱜᱤᱛᱤᱡᱼᱟ ᱠᱟᱱᱫᱦᱟ ᱨᱮ ᱦᱟᱱᱛᱮᱱᱦᱟᱛᱮ ᱪᱮᱫᱼᱟ ᱠᱚ ᱪᱚᱝ ᱜᱩᱱᱟᱹᱱᱚᱜᱩᱱᱟᱹᱱ ᱛᱮᱭ ᱟᱹᱪᱩᱨ ᱵᱟᱲᱟᱜᱼᱟ ᱠᱟᱱᱟ।
train_santalimale_03098	wavs/train_santalimale_03098.wav	ᱜᱷᱟᱱᱮ ᱢᱟᱹᱸᱪᱤ ᱨᱮ ᱫᱩᱰᱩᱵᱼᱟ ᱠᱟᱛᱮ ᱪᱮᱫᱼᱟ ᱠᱚ ᱪᱚᱭ ᱚᱞ ᱮᱫᱟ, ᱟᱨ ᱦᱚᱸ ᱚᱱᱟ ᱚᱞᱟᱜᱼᱟ ᱠᱟᱜᱚᱡ ᱫᱚ ᱚᱲᱮᱡᱼᱟ ᱠᱟᱛᱮᱭ ᱪᱟᱯᱟᱫᱼᱟ ᱜᱤᱰᱤ ᱮᱫᱟ।
train_santalimale_03099	wavs/train_santalimale_03099.wav	ᱟᱨ ᱦᱚᱸ ᱧᱮᱞᱮ ᱢᱮ ᱥᱮ ᱚᱚᱞᱮ ᱫᱷᱩᱨᱟᱹᱩ ᱮᱱᱟ, ᱢᱮᱱᱠᱷᱟᱱ ᱵᱟᱝ ᱡᱩᱛᱩᱜᱼᱟ ᱠᱟᱱ ᱛᱟᱭ ᱛᱮ ᱪᱚᱝ ᱪᱮᱫᱼᱟ ᱪᱚᱝ ᱚᱱᱟ ᱠᱟᱜᱚᱡ ᱫᱚᱭ ᱚᱲᱮᱡᱼᱟ ᱜᱤᱰᱤᱭᱮᱫᱟ।
train_santalimale_03100	wavs/train_santalimale_03100.wav	ᱥᱤᱜᱨᱮᱴ ᱢᱟ ᱛᱤᱱᱟᱹᱜᱼᱟ ᱪᱚᱭ ᱧᱩᱸ ᱲᱟᱹᱝ ᱟᱠᱟᱫᱼᱟ, ᱚᱱᱟ ᱨᱮᱱᱟᱜᱼᱟ ᱞᱮᱠᱷᱟ ᱵᱟᱹᱱᱩᱠ।
train_santalimale_03101	wavs/train_santalimale_03101.wav	ᱟᱡᱼᱟ ᱨᱮᱱ ᱚᱲᱟᱜᱼᱟ ᱵᱚᱸᱜᱟ ᱩᱥᱟ ᱫᱚ ᱟᱪᱠᱟ ᱡᱟᱹᱯᱤᱫᱼᱟ ᱠᱷᱚᱱᱮ ᱮᱵᱷᱮᱱ ᱜᱚᱫᱼᱟ ᱮᱱᱟ।
train_santalimale_03102	wavs/train_santalimale_03102.wav	ᱧᱮᱞᱮ ᱠᱟᱱᱮ ᱫᱤᱯᱚᱠ ᱢᱟ ᱱᱤᱛ ᱦᱚᱸ ᱵᱟᱭ ᱡᱟᱹᱯᱤᱫᱼᱟ ᱟᱠᱟᱫᱼᱟ ᱟᱨ ᱪᱮᱫᱼᱟ ᱠᱚ ᱪᱚ ᱚᱚᱞ ᱛᱮ ᱜᱮ ᱦᱮᱱᱟᱭ।
train_santalimale_03103	wavs/train_santalimale_03103.wav	ᱵᱷᱤᱛ ᱨᱮ ᱟᱠᱟ ᱦᱮᱱᱟᱜᱼᱟ ᱜᱷᱟᱹᱲᱤ ᱥᱮᱡᱼᱟ ᱮ ᱠᱚᱭᱚᱜᱼᱟ ᱠᱮᱫᱼᱟ ᱢᱟᱭ ᱧᱮᱞᱮᱫᱼᱟ ᱵᱚᱦᱚᱛᱛᱚᱨ ᱵᱟᱡᱟᱜᱼᱟ ᱠᱟᱱ।
train_santalimale_03104	wavs/train_santalimale_03104.wav	ᱮᱫᱨᱮ ᱛᱮ ᱯᱟᱨᱠᱚᱢ ᱠᱷᱚᱱ ᱵᱮᱨᱮᱫᱼᱟ ᱮᱱᱟ ᱟᱨ ᱫᱤᱯᱚᱠ ᱴᱷᱮᱱ ᱥᱮᱱ ᱥᱚᱨ ᱠᱟᱛᱮᱭ ᱢᱮᱱ ᱠᱮᱫᱟ ᱱᱤᱛ ᱦᱚᱸ ᱟᱹᱩᱨᱤᱢ ᱜᱤᱛᱤᱡᱼᱟᱟ।
train_santalimale_03105	wavs/train_santalimale_03105.wav	ᱫᱤᱯᱚᱠ ᱫᱚ ᱟᱡᱼᱟ ᱨᱮᱱ ᱞᱮᱸᱜᱟ ᱯᱟᱸᱡᱟᱨ ᱩᱥᱟ ᱥᱮᱡᱼᱟᱮ ᱠᱚᱭᱚᱜᱼᱟ ᱠᱮᱫᱟ ᱟᱨ ᱢᱮᱥᱠᱚᱡᱼᱟ ᱞᱟᱸᱫᱟ ᱣᱟᱱ ᱛᱮᱭ ᱨᱚᱲ ᱨᱩᱣᱟᱹᱲ ᱠᱮᱫᱟ ᱦᱮᱸ ᱩᱥᱟ, ᱵᱟᱰᱟᱭ ᱠᱟᱱ ᱜᱤᱭᱟᱧ, ᱱᱤᱛᱚᱜᱼᱟ ᱛᱟᱞᱟ ᱧᱤᱱᱫᱟᱹ ᱦᱩᱭᱩᱜᱼᱟ ᱠᱟᱱᱟ।
train_santalimale_03106	wavs/train_santalimale_03106.wav	ᱩᱥᱟ ᱫᱚ ᱥᱟᱭᱜᱟᱫᱼᱟ ᱜᱮᱭ ᱨᱚᱲ ᱜᱚᱫᱼᱟ ᱠᱮᱫᱟ ᱮᱱ ᱨᱮ ᱦᱚᱸᱢ ᱵᱮᱸᱜᱮᱫᱼᱟ ᱟᱠᱟᱫᱼᱟ ᱜᱮᱭᱟ।
train_santalimale_03107	wavs/train_santalimale_03107.wav	ᱮᱠᱮᱱᱮᱢ ᱧᱮᱞᱮᱭᱟ ᱚᱚᱞ ᱟᱨ ᱚᱚᱞ ᱛᱮ ᱜᱮ।
train_santalimale_03108	wavs/train_santalimale_03108.wav	ᱵᱟᱝ ᱫᱚ ᱡᱚᱢᱚᱧᱩᱸ ᱨᱮᱭᱟᱜᱼᱟ ᱫᱤᱥᱟᱹ, ᱵᱟᱝ ᱫᱚ ᱡᱟᱹᱯᱤᱫᱼᱟ ᱨᱮᱱᱟᱜᱼᱟ ᱜᱮ, ᱧᱤᱱᱫᱟᱹ ᱵᱮᱸᱜᱮᱫᱼᱟᱵᱮᱸᱜᱮᱫᱼᱟ ᱛᱮ ᱟᱢᱟᱜᱼᱟ ᱦᱚᱲᱢᱚ ᱦᱚᱸ ᱦᱚᱲᱢᱚᱢ ᱥᱤᱞᱢᱟᱹᱡᱼᱟ ᱪᱟᱵᱟ ᱠᱮᱫᱼᱟ ᱛᱟᱢᱟ।
train_santalimale_03109	wavs/train_santalimale_03109.wav	ᱟᱢᱟᱜᱼᱟ ᱱᱚᱝᱠᱟᱱ ᱠᱟᱹᱢᱤ ᱧᱮᱞ ᱛᱮ ᱤᱧ ᱦᱚᱧ ᱟᱹᱲᱤᱥ ᱪᱟᱵᱟᱭᱮᱱᱟ।
train_santalimale_03110	wavs/train_santalimale_03110.wav	ᱫᱤᱯᱚᱠ ᱫᱚ ᱢᱩᱞᱩᱡᱼᱟ ᱞᱟᱸᱫᱟ ᱠᱟᱛᱮᱭ ᱢᱮᱱ ᱠᱮᱫᱟ ᱱᱚᱟ ᱠᱟᱹᱦᱱᱤᱧ ᱚᱞ ᱢᱩᱪᱟᱫᱼᱟ ᱞᱮᱠᱷᱟᱱ ᱜᱤᱧ ᱜᱤᱛᱤᱡᱼᱟᱟ।
train_santalimale_03111	wavs/train_santalimale_03111.wav	ᱪᱮᱫᱟᱜᱼᱟ ᱡᱮ ᱜᱟᱯᱟ ᱜᱮ ᱱᱚᱟ ᱠᱟᱹᱦᱱᱤ ᱫᱚ ᱥᱟᱸᱣᱦᱮᱸᱫᱼᱟ ᱥᱟᱠᱟᱢ ᱨᱮ ᱠᱚᱠᱚᱞ ᱦᱩᱭᱩᱜᱼᱟᱟ।
train_santalimale_03112	wavs/train_santalimale_03112.wav	ᱩᱥᱟ ᱫᱚ ᱟᱭᱟᱜᱼᱟ ᱢᱚᱪᱟ ᱵᱤᱬᱰᱩᱡᱼᱟ ᱠᱟᱛᱮᱭ ᱢᱮᱱ ᱜᱚᱫᱼᱟ ᱠᱮᱫᱟ ᱠᱟᱹᱦᱱᱤ ᱵᱚᱞᱮᱭ ᱚᱞᱮᱫᱼᱟ?
train_santalimale_03113	wavs/train_santalimale_03113.wav	ᱤᱧᱤᱧ ᱢᱮᱱ ᱮᱫᱟ, ᱱᱚᱟ ᱠᱚ ᱠᱟᱹᱦᱱᱤᱯᱷᱟᱹᱦᱱᱤ ᱚᱞ ᱠᱟᱛᱮ ᱫᱚ ᱪᱮᱫᱼᱟ ᱯᱚᱨᱦᱚ ᱧᱟᱢᱚᱜᱼᱟ ᱠᱟᱱᱟ?
train_santalimale_03114	wavs/train_santalimale_03114.wav	ᱡᱚᱠᱷᱚᱱ ᱢᱤᱫᱼᱟ ᱯᱟᱭᱥᱟ ᱦᱚᱸ ᱵᱟᱢ ᱧᱟᱢ, ᱛᱚᱵᱮ ᱱᱚᱟ ᱠᱚ ᱚᱞ ᱠᱟᱛᱮ ᱫᱚ ᱪᱮᱫᱼᱟ ᱞᱟᱵᱷ?
train_santalimale_03115	wavs/train_santalimale_03115.wav	ᱮᱠᱮᱱ ᱠᱟᱜᱚᱡ ᱠᱟᱹᱞᱤ ᱟᱨ ᱚᱠᱛᱮ ᱵᱮᱨᱵᱟᱫ ᱠᱟᱜᱼᱟ ᱱᱚᱟ ᱜᱮ ᱛᱚ।
train_santalimale_03116	wavs/train_santalimale_03116.wav	ᱵᱚᱨᱪᱚᱝ ᱮᱴᱟᱜᱼᱟ ᱡᱟᱸᱦᱟᱸᱱᱟᱜᱼᱟᱮᱢ ᱠᱟᱹᱢᱤ ᱞᱮᱠᱷᱟᱱ ᱵᱟᱨ ᱯᱟᱭᱥᱟ ᱜᱟᱱᱮᱢ ᱧᱟᱢ ᱠᱮᱭᱟ, ᱢᱮᱱᱠᱷᱟᱱ ᱱᱚᱟ ᱨᱮ ᱫᱚ ᱪᱮᱫᱼᱟ ᱮᱢ ᱧᱟᱢ ᱮᱫᱟ?
train_santalimale_03117	wavs/train_santalimale_03117.wav	ᱫᱤᱯᱚᱠ ᱫᱚ ᱢᱟᱹᱦᱤᱨ ᱟᱲᱟᱝ ᱛᱮᱭ ᱨᱚᱲ ᱠᱮᱫᱟ ᱟᱢ ᱢᱟ ᱤᱧᱮᱢ ᱵᱟᱰᱟᱭ ᱜᱮ ᱡᱮ ᱵᱟᱹᱧ ᱚᱞ ᱞᱮᱠᱷᱟᱱ ᱢᱚᱱᱮ ᱵᱟᱝ ᱛᱤᱨᱚᱯᱤᱛᱚᱜᱼᱟ ᱛᱤᱧᱟᱹ, ᱮᱱ ᱨᱮ ᱦᱚᱸᱢ ᱵᱟᱨᱚᱱᱤᱫᱤᱧ ᱠᱟᱱᱟ?
train_santalimale_03118	wavs/train_santalimale_03118.wav	ᱩᱥᱟ, ᱵᱟᱰᱟᱭ ᱜᱮᱭᱟᱢ ᱛᱚ, ᱟᱫᱚᱢ ᱠᱚ ᱫᱚ ᱪᱩᱴᱤᱛᱷᱟᱢᱟᱠᱩᱨ, ᱦᱟᱹᱬᱰᱤᱯᱟᱹᱩᱨᱟᱹ ᱨᱮᱱᱟᱜᱼᱟ ᱱᱤᱥᱟᱹ ᱛᱟᱸᱦᱮᱸᱱ ᱛᱟᱠᱚᱟ।
train_santalimale_03119	wavs/train_santalimale_03119.wav	ᱚᱱᱠᱟ ᱜᱮ ᱚᱜᱼᱟᱚᱞ ᱦᱚᱸ ᱤᱧᱟᱹᱜᱼᱟ ᱢᱤᱫᱼᱟ ᱴᱮᱱ ᱱᱤᱥᱟᱹ ᱠᱟᱱ ᱛᱤᱧᱟᱹ।
train_santalimale_03120	wavs/train_santalimale_03120.wav	ᱤᱧᱟᱹᱜᱼᱟ ᱚᱱᱛᱚᱨᱢᱚᱱᱮ ᱨᱮᱱᱟᱜᱼᱟ ᱠᱟᱛᱷᱟ ᱜᱮ ᱠᱚᱞᱚᱢ ᱦᱚᱛᱮᱛᱮ ᱯᱚᱬᱰ ᱠᱟᱜᱚᱡ ᱨᱮᱧ ᱥᱚᱫᱚᱨ ᱮᱫᱟ ᱟᱨ ᱫᱤᱥᱚᱢ ᱦᱚᱲ ᱴᱷᱮᱱᱤᱧ ᱯᱟᱥᱱᱟᱣᱮᱫᱟ।
train_santalimale_03121	wavs/train_santalimale_03121.wav	ᱚᱱᱟ ᱛᱮ ᱜᱮ ᱛᱷᱚ ᱫᱤᱥᱚᱢ ᱨᱮᱱ ᱥᱟᱱᱟᱢ ᱦᱚᱲ ᱠᱚ ᱵᱟᱰᱟᱭᱤᱧᱟᱹ।
train_santalimale_03122	wavs/train_santalimale_03122.wav	ᱩᱥᱟ ᱫᱚ ᱦᱟᱲᱦᱟᱫᱼᱟ ᱜᱮᱭ ᱢᱮᱱ ᱨᱩᱣᱟᱹᱲ ᱜᱚᱫᱼᱟ ᱠᱮᱫᱟ ᱮᱠᱮᱱ ᱧᱩᱛᱩᱢ ᱦᱟᱹᱨ ᱡᱚᱝ ᱞᱟᱹᱜᱤᱫᱼᱟᱮᱢ ᱠᱩᱨᱩᱢᱩᱴᱩᱭᱮᱫᱟ ᱟᱨ ᱱᱚᱛᱮ ᱫᱚ ᱵᱟᱢ ᱦᱩᱫᱤᱥ ᱮᱫᱟ ᱡᱮ ᱨᱮᱸᱜᱮᱡᱼᱟ ᱛᱮ ᱪᱮᱫᱼᱟ ᱫᱚᱥᱟ ᱦᱩᱭᱩᱜᱼᱟ ᱠᱟᱱᱟ।
train_santalimale_03123	wavs/train_santalimale_03123.wav	ᱚᱱᱚᱞᱚᱡᱤᱭᱚᱱ ᱦᱚᱸ ᱡᱟᱸᱦᱟᱸᱱ ᱡᱤᱭᱚᱱ ᱠᱟᱱᱟ?
train_santalimale_03124	wavs/train_santalimale_03124.wav	ᱱᱚᱟ ᱨᱮ ᱫᱚ ᱮᱠᱮᱱ ᱨᱮᱸᱜᱮᱡᱼᱟ ᱛᱮ ᱜᱩᱡᱩᱜᱼᱟ ᱪᱷᱟᱰᱟ ᱪᱮᱫᱼᱟ ᱦᱚᱸ ᱵᱟᱹᱱᱩᱜᱼᱟᱟ।
train_santalimale_03125	wavs/train_santalimale_03125.wav	ᱱᱚᱟ ᱛᱮ ᱫᱚ ᱮᱠᱮᱱ ᱧᱩᱛᱩᱢ ᱜᱮ ᱦᱩᱭᱩᱜᱼᱟᱟ ᱟᱨ ᱧᱩᱛᱩᱢ ᱦᱟᱹᱨ ᱠᱟᱛᱮ ᱫᱚ ᱞᱟᱡᱼᱟ ᱵᱟᱝ ᱯᱮᱨᱮᱡᱚᱜᱼᱟᱟ।
train_santalimale_03126	wavs/train_santalimale_03126.wav	ᱮᱠᱮᱱ ᱞᱟᱡᱼᱟ ᱛᱟᱸᱦᱮᱸᱠᱟᱛᱮ ᱚᱚᱞ ᱫᱚ ᱵᱟᱝ ᱴᱷᱤᱠᱟ।
train_santalimale_03127	wavs/train_santalimale_03127.wav	ᱦᱟᱹᱱᱤ ᱥᱚᱨᱮᱱ ᱵᱟᱹᱵᱩ ᱧᱮᱞᱮ ᱢᱮ ᱥᱮ ᱪᱮᱫᱼᱟ ᱛᱮ ᱠᱚᱢ ᱦᱮᱱᱟᱭᱟ?
train_santalimale_03128	wavs/train_santalimale_03128.wav	ᱚᱲᱟᱹᱠᱫᱩᱣᱟᱹᱨ, ᱫᱷᱚᱱᱚᱫᱩᱨᱤᱵ, ᱜᱟᱹᱰᱤ, ᱴᱤ.ᱣᱤ., ᱱᱚᱠᱚᱨᱪᱟᱠᱚᱨ ᱡᱚᱛᱚ ᱛᱮᱭ ᱯᱩᱨᱩᱱ ᱟᱠᱟᱱᱟ।
train_santalimale_03129	wavs/train_santalimale_03129.wav	ᱱᱚᱟ ᱦᱩᱰᱤᱧᱚᱦᱩᱰᱤᱧ ᱥᱩᱠᱨᱤ ᱵᱟᱸᱰᱟ ᱞᱮᱠᱟ ᱠᱩᱢᱵᱟᱹ ᱚᱲᱟᱜᱼᱟ ᱦᱚᱨᱚᱠᱵᱟᱱᱫᱮ ᱥᱮ ᱠᱤᱪᱚᱨᱤᱡᱼᱟ ᱠᱷᱟᱹᱬᱰᱣᱟᱹᱜᱼᱟ ᱨᱮᱱᱟᱜᱼᱟ ᱠᱟᱛᱷᱟ ᱢᱟ ᱡᱩᱫᱟᱹ ᱠᱟᱱ, ᱱᱚᱬᱰᱮ ᱢᱤᱫᱼᱟ ᱥᱟᱸᱡ ᱪᱩᱞᱦᱟᱹ ᱡᱩᱞᱩᱜᱼᱟ, ᱚᱱᱟ ᱨᱮᱱᱟᱜᱼᱟ ᱦᱚᱸ ᱴᱷᱤᱠᱟᱹᱱ ᱵᱟᱹᱱᱩᱜᱼᱟᱟ, ᱱᱚᱟ ᱠᱟᱱ ᱜᱮᱭᱟ ᱛᱷᱚ ᱚᱱᱚᱞᱚᱡᱤᱭᱚᱱ।
train_santalimale_03130	wavs/train_santalimale_03130.wav	ᱫᱤᱯᱚᱠ ᱫᱚ ᱢᱟᱹᱦᱤᱨ ᱟᱲᱟᱝ ᱛᱮᱭ ᱢᱮᱱ ᱠᱮᱫᱟ ᱩᱥᱟ, ᱟᱢ ᱫᱚ ᱵᱩᱡᱦᱟᱹᱩ ᱨᱮᱱᱟᱜᱼᱟ ᱪᱮᱫᱟᱜᱼᱟ ᱵᱟᱝᱮᱢ ᱠᱩᱨᱩᱢᱩᱴᱩᱭᱮᱫᱟ।
train_santalimale_03131	wavs/train_santalimale_03131.wav	ᱵᱟᱰᱟᱭ ᱜᱮᱭᱟᱢ ᱛᱷᱚ ᱞᱩᱠᱷᱤ ᱟᱨ ᱥᱟᱨᱟᱥᱟᱹᱛᱤ ᱫᱚ ᱦᱤᱨᱟᱹᱢᱤᱭᱟᱹ ᱠᱟᱱᱟᱠᱤᱱ।
train_santalimale_03132	wavs/train_santalimale_03132.wav	ᱱᱩᱠᱤᱱ ᱛᱟᱞᱟ ᱨᱮ ᱫᱚ ᱛᱤᱥ ᱦᱚᱸ ᱥᱩᱞᱩᱠᱚᱱᱤᱨᱟᱹᱤ ᱫᱚ ᱵᱟᱹᱱᱩᱜᱼᱟᱟ।
train_santalimale_03133	wavs/train_santalimale_03133.wav	ᱚᱱᱟ ᱛᱮ ᱜᱮ ᱡᱟᱸᱦᱟᱸᱭ ᱞᱩᱠᱷᱤᱭ ᱢᱟᱱᱟᱣᱮᱭᱟ ᱩᱱᱤ ᱫᱚᱸ ᱚᱱᱫᱷᱚᱱ ᱛᱮ ᱜᱮᱭ ᱯᱮᱨᱮᱡᱼᱟ ᱫᱟᱲᱮᱭᱟᱜᱼᱟᱟ, ᱢᱮᱱᱠᱷᱟᱱ ᱟᱹᱠᱤᱞᱚᱵᱩᱫ ᱥᱮᱡᱼᱟ ᱛᱮᱫᱚ ᱞᱤᱪᱟᱹᱲ ᱜᱮᱭ ᱛᱟᱸᱦᱮᱱᱟ।
train_santalimale_03134	wavs/train_santalimale_03134.wav	ᱚᱱᱠᱟ ᱜᱮ ᱡᱟᱸᱦᱟᱸᱭ ᱥᱟᱨᱟᱥᱟᱹᱛᱤᱭ ᱢᱟᱱᱟᱣᱮᱭᱟ, ᱩᱱᱤ ᱫᱚ ᱟᱹᱠᱤᱞᱚᱵᱩᱫ ᱜᱮᱭ ᱦᱟᱢᱮᱴ ᱡᱚᱝᱟ, ᱚᱱᱫᱷᱚᱱ ᱫᱚ ᱵᱟᱝ, ᱚᱱᱚᱞᱤᱭᱟ ᱦᱚᱲ ᱫᱚ ᱚᱱᱫᱷᱚᱱ ᱞᱚᱵ ᱛᱮ ᱫᱚ ᱵᱟᱝᱠᱚ ᱚᱞ ᱮᱫᱟ।
train_santalimale_03135	wavs/train_santalimale_03135.wav	ᱵᱤᱪᱠᱚᱢ ᱥᱚᱢᱟᱡ ᱥᱮᱣᱟ ᱞᱟᱹᱜᱤᱫᱼᱟ ᱠᱚ ᱚᱞ ᱮᱫᱟ।
train_santalimale_03136	wavs/train_santalimale_03136.wav	ᱩᱥᱟ ᱫᱚ ᱛᱮᱨᱜᱮᱧ ᱜᱮᱭ ᱨᱚᱲ ᱨᱩᱣᱟᱹᱲ ᱠᱮᱫᱟ ᱱᱚᱟ ᱫᱚ ᱪᱮᱫᱟᱜᱼᱟ ᱵᱟᱝᱮᱢ ᱢᱮᱱ ᱮᱫᱟ ᱡᱮ ᱨᱮᱸᱜᱮᱡᱼᱟ ᱛᱮ ᱜᱩᱡᱩᱜᱼᱟ ᱨᱮᱱᱟᱜᱼᱟ ᱯᱚᱱᱛᱷᱟᱢ ᱵᱮᱱᱟᱣᱮᱫᱟ।
train_santalimale_03137	wavs/train_santalimale_03137.wav	ᱨᱮᱸᱜᱮᱪᱛᱮᱛᱟᱝ ᱟᱨ ᱜᱟᱹᱭᱩᱨᱴᱟᱹᱯᱩᱨ ᱫᱚᱦᱚᱢ ᱢᱮᱱᱮᱫᱼᱟ ᱠᱷᱟᱱ ᱪᱮᱫᱟᱜᱼᱟ ᱛᱚᱵᱮ ᱤᱧ ᱫᱚᱢ ᱟᱹᱜᱩ ᱣᱟᱠᱟ ᱫᱤᱧᱟ।
train_santalimale_03138	wavs/train_santalimale_03138.wav	ᱪᱮᱫᱟᱜᱼᱟ ᱤᱧ ᱫᱚᱢ ᱵᱟᱯᱞᱟ ᱠᱤᱫᱤᱧᱟ?
train_santalimale_03139	wavs/train_santalimale_03139.wav	ᱮᱠᱮᱱ ᱥᱚᱢᱟᱡ ᱟᱨ ᱫᱤᱥᱚᱢ ᱵᱷᱟᱹᱞᱟᱹᱤ ᱞᱟᱹᱜᱤᱫᱼᱟ ᱜᱮᱢ ᱠᱩᱨᱩᱢᱩᱴᱩ ᱭᱮᱫᱟ, ᱚᱠᱟ ᱫᱤᱱ ᱟᱢᱟᱜᱼᱟ ᱚᱲᱟᱜᱼᱟ, ᱥᱚᱝᱥᱟᱨ ᱞᱟᱹᱜᱤᱫᱼᱟ ᱮᱢ ᱫᱟᱱᱫ ᱟᱠᱟᱱᱟ?
train_santalimale_03140	wavs/train_santalimale_03140.wav	ᱟᱢ ᱢᱟ ᱡᱟᱸᱦᱟᱸ ᱞᱮᱠᱟ ᱛᱮ ᱡᱤᱭᱚᱱᱮᱢ ᱠᱷᱮᱢᱟᱣ, ᱢᱮᱱᱠᱷᱟᱱ ᱤᱧᱟᱹᱜᱼᱟ ᱪᱮᱫᱼᱟ ᱦᱩᱭᱩᱜᱼᱟᱟ?
train_santalimale_03141	wavs/train_santalimale_03141.wav	ᱫᱤᱱ ᱵᱷᱚᱨ ᱚᱲᱟᱜᱼᱟ ᱠᱷᱚᱱ ᱵᱟᱦᱮᱨ ᱨᱮᱜᱮᱢ ᱛᱟᱸᱦᱮᱸᱱ ᱠᱟᱱᱟ, ᱡᱟᱹᱯᱤᱫᱼᱟ ᱧᱤᱱᱫᱟᱹᱢ ᱵᱚᱞᱚᱜᱼᱟ ᱠᱟᱱᱟ।
train_santalimale_03142	wavs/train_santalimale_03142.wav	ᱤᱧ ᱫᱚ ᱟᱢᱟᱜᱼᱟ ᱱᱚᱝᱠᱟᱱ ᱪᱟᱹᱞᱤᱪᱚᱞᱚᱱ ᱟᱫᱚ ᱚᱦᱚᱧ ᱥᱟᱦᱟᱣ ᱞᱮᱭᱟ।
train_santalimale_03143	wavs/train_santalimale_03143.wav	ᱛᱮᱦᱮᱧ ᱠᱷᱚᱱ ᱪᱮᱫᱼᱟ ᱦᱚᱸ ᱚᱚᱞ ᱵᱟᱝ ᱦᱩᱭᱩᱜᱼᱟ ᱛᱟᱢᱟ ᱟᱨ ᱫᱟᱸᱲᱟᱹᱱ ᱦᱚᱸ ᱵᱟᱢ ᱚᱸᱲᱚᱠᱚᱜᱼᱟᱟ ᱟᱨ ᱵᱟᱝ ᱠᱷᱟᱱ ᱵᱷᱟᱜᱮ ᱫᱚ ᱵᱟᱝ ᱦᱩᱭᱩᱜᱼᱟᱟ।
train_santalimale_03144	wavs/train_santalimale_03144.wav	ᱫᱤᱯᱚᱠ ᱫᱚ ᱦᱟᱦᱟᱲᱟ ᱛᱩᱞᱩᱡᱼᱟ ᱩᱥᱟ ᱥᱮᱡᱼᱟ ᱵᱮᱸᱜᱮᱫᱼᱟ ᱠᱟᱛᱮᱭ ᱢᱮᱱ ᱠᱮᱫᱟ ᱩᱥᱟ, ᱛᱮᱦᱮᱸᱧ ᱫᱚ ᱠᱩᱸᱠᱤ ᱟᱠᱟᱱᱟ ᱥᱮ ᱪᱮᱫᱼᱟ?
train_santalimale_03145	wavs/train_santalimale_03145.wav	ᱪᱮᱫᱼᱟ ᱞᱮᱠᱟᱱᱟᱜᱼᱟ ᱠᱟᱛᱷᱟ ᱛᱮᱦᱮᱧ ᱫᱚᱢ ᱢᱮᱱ ᱮᱫᱟ?
train_santalimale_03146	wavs/train_santalimale_03146.wav	ᱥᱟᱸᱣᱦᱮᱸᱫᱼᱟ ᱫᱚ ᱥᱚᱢᱟᱡ ᱨᱮᱱᱟᱜᱼᱟ ᱟᱹᱨᱥᱤ ᱠᱟᱱᱟ।
train_santalimale_03147	wavs/train_santalimale_03147.wav	ᱥᱟᱸᱣᱦᱮᱸᱫᱼᱟ ᱜᱮ ᱡᱚᱠᱷᱚᱱ ᱵᱟᱝ ᱛᱟᱸᱦᱮᱸᱱ ᱠᱷᱟᱱ ᱥᱚᱢᱟᱡ ᱨᱮ ᱫᱚ ᱟᱹᱠᱤᱞᱚᱵᱩᱫ ᱨᱮᱱᱟᱜᱼᱟ ᱦᱚᱨᱟ ᱪᱮᱠᱟ ᱛᱮ ᱧᱟᱢᱚᱜᱼᱟᱟ?
train_santalimale_03148	wavs/train_santalimale_03148.wav	ᱩᱥᱟ ᱫᱚ ᱟᱸᱴ ᱟᱲᱟᱝ ᱛᱮᱭ ᱢᱮᱱ ᱜᱚᱫᱼᱟ ᱠᱮᱫᱟ ᱟᱢᱟᱜᱼᱟ ᱥᱚᱢᱟᱡ ᱥᱩᱥᱟᱹᱨ ᱨᱮᱱᱟᱜᱼᱟ ᱠᱟᱛᱷᱟ ᱫᱚ ᱟᱢ ᱴᱷᱮᱱ ᱜᱮ ᱫᱚᱦᱚ ᱠᱟᱜᱼᱟ ᱢᱮᱸ।
train_santalimale_03149	wavs/train_santalimale_03149.wav	ᱟᱯᱮ ᱚᱱᱚᱞᱤᱭᱟ ᱦᱚᱲ ᱫᱚ ᱥᱚᱢᱟᱡ ᱞᱟᱹᱜᱤᱫᱼᱟ ᱢᱟ ᱟᱭᱢᱟᱯᱮ ᱠᱩᱨᱩᱢᱩᱴᱩᱭᱮᱫᱼᱟ, ᱢᱮᱱᱠᱷᱟᱱ ᱟᱯᱮ ᱚᱱᱚᱞᱤᱭᱟ ᱞᱟᱹᱜᱤᱫᱼᱟ ᱥᱚᱢᱟᱡ ᱫᱚ ᱪᱮᱫᱼᱟᱮ ᱪᱮᱠᱟᱭᱮᱫᱟ?
train_santalimale_03150	wavs/train_santalimale_03150.wav	ᱫᱤᱯᱚᱠ ᱫᱚ ᱢᱟᱹᱦᱤᱨ ᱟᱲᱟᱝ ᱛᱮᱭ ᱢᱮᱱ ᱠᱮᱫᱟ ᱩᱥᱟ, ᱡᱚᱞᱚᱜᱼᱟ ᱢᱚᱢ ᱵᱟᱹᱛᱤᱢ ᱧᱮᱞ ᱟᱠᱟᱫᱟ?
train_santalimale_03151	wavs/train_santalimale_03151.wav	ᱦᱚᱲ ᱡᱮᱢᱚᱱ ᱢᱟᱨᱥᱟᱞ ᱠᱚ ᱧᱟᱢ, ᱚᱱᱟ ᱞᱟᱹᱜᱤᱫᱼᱟ ᱛᱮ ᱠᱩᱥᱤᱠᱩᱥᱤ ᱟᱭᱟᱜᱼᱟ ᱦᱚᱲᱢᱚᱭ ᱢᱚᱦᱚᱨ ᱢᱮᱴᱟᱣ ᱪᱟᱵᱟᱭᱮᱫᱟ।
train_santalimale_03152	wavs/train_santalimale_03152.wav	ᱚᱱᱠᱟ ᱜᱮ ᱚᱱᱚᱞᱤᱭᱟ ᱦᱚᱲ ᱦᱚᱸ ᱡᱟᱸᱦᱟᱸᱱᱟᱜᱼᱟ ᱧᱟᱢᱚᱜᱼᱟ ᱞᱟᱹᱜᱤᱫᱼᱟ ᱫᱚ ᱵᱟᱩ, ᱵᱤᱪᱠᱚᱢ ᱮᱢᱚᱜᱼᱟ ᱞᱟᱹᱜᱤᱫᱼᱟ ᱜᱮ ᱠᱚ ᱚᱞ ᱮᱫᱟ।
train_santalimale_03153	wavs/train_santalimale_03153.wav	ᱟᱢᱟᱜᱼᱟ ᱫᱟᱢᱟᱱᱟᱜᱼᱟ ᱠᱟᱛᱷᱟ ᱫᱚ ᱟᱢ ᱴᱷᱮᱱ ᱜᱮ ᱫᱚᱦᱚᱸ ᱠᱟᱛᱟᱢ।
train_santalimale_03154	wavs/train_santalimale_03154.wav	ᱟᱫᱚ ᱟᱢᱟᱜᱼᱟ ᱪᱮᱫᱼᱟ ᱠᱟᱛᱷᱟ ᱦᱚᱸ ᱵᱟᱹᱧ ᱟᱧᱡᱚᱢ ᱛᱟᱢᱟ।
train_santalimale_03155	wavs/train_santalimale_03155.wav	ᱚᱲᱟᱜᱼᱟ ᱨᱮ ᱜᱤᱫᱟᱹᱨᱚᱯᱤᱫᱟᱹᱨ ᱡᱚᱢ ᱧᱩᱸ ᱥᱮ ᱠᱤᱪᱚᱨᱤᱡᱼᱟᱠᱷᱟᱹᱬᱰᱣᱟᱜᱼᱟ ᱞᱟᱹᱜᱤᱫᱼᱟ ᱠᱚ ᱞᱚᱞᱟᱜᱼᱟ ᱠᱟᱱ ᱟᱨ ᱵᱚᱞᱮᱢ ᱥᱚᱢᱟᱡ ᱥᱮᱣᱟᱭᱮᱫᱼᱟ?
train_santalimale_03156	wavs/train_santalimale_03156.wav	ᱢᱮᱱ ᱥᱟᱸᱣ ᱛᱮ ᱮᱫᱨᱮ ᱛᱮ ᱵᱷᱟᱱᱵᱷᱟᱱ ᱠᱟᱛᱮ ᱟᱭᱟᱜᱼᱟ ᱯᱟᱨᱠᱚᱢ ᱨᱮᱭ ᱜᱤᱛᱤᱡᱼᱟ ᱦᱟᱯᱮᱭᱮᱱᱟ।
train_santalimale_03157	wavs/train_santalimale_03157.wav	ᱫᱤᱯᱚᱠ ᱫᱚ ᱠᱟᱞᱟᱝᱲᱚᱞᱟᱝ ᱛᱮᱸᱜᱚ ᱛᱷᱤᱨ ᱜᱮᱭ ᱛᱟᱸᱦᱮᱸᱭᱮᱱᱟ।
train_santalimale_03158	wavs/train_santalimale_03158.wav	ᱫᱚᱥᱟᱨ ᱥᱮᱛᱟᱜᱼᱟ ᱫᱤᱯᱚᱠ ᱨᱮᱱ ᱢᱤᱫᱼᱟ ᱴᱮᱱ ᱥᱟᱸᱣᱦᱮᱸᱛᱤᱭᱟᱹ ᱜᱟᱛᱮ ᱨᱚᱸᱡᱚᱱ ᱫᱤᱯᱚᱠ ᱟᱜᱼᱟ ᱚᱲᱟᱹᱜᱼᱟ ᱛᱮ ᱦᱚᱦᱚᱭ ᱛᱩᱞᱩᱡᱼᱟ ᱮ ᱵᱚᱞᱚᱭᱮᱱᱟ ᱮ ᱫᱤᱯᱚᱠ ᱫᱟ ᱚᱲᱟᱜᱼᱟ ᱨᱮ ᱫᱚ ᱦᱮᱱᱟᱢᱟ ᱥᱮ ᱵᱟᱝ?
train_santalimale_03159	wavs/train_santalimale_03159.wav	ᱨᱚᱸᱡᱚᱱ ᱫᱚ ᱢᱩᱞᱩᱡᱼᱟᱢᱩᱞᱩᱡᱼᱟ ᱞᱟᱸᱫᱟᱭ ᱛᱩᱞᱩᱡᱼᱟ ᱮ ᱢᱮᱱ ᱠᱮᱫᱟ ᱦᱤᱞᱤ, ᱟᱢ ᱢᱟᱢ ᱵᱟᱰᱟᱭ ᱜᱮ ᱡᱮ ᱟᱞᱮ ᱥᱟᱸᱣᱦᱮᱸᱛᱤᱭᱟᱹ ᱥᱮ ᱚᱱᱚᱞᱤᱭᱟ ᱦᱚᱲ ᱫᱚ ᱪᱮᱫᱼᱟ ᱠᱚ ᱫᱚᱨᱠᱟᱨ ᱛᱟᱸᱦᱮᱸᱱ ᱛᱟᱞᱮᱭᱟ।
train_santalimale_03160	wavs/train_santalimale_03160.wav	ᱛᱮᱦᱮᱧ ᱥᱤᱸᱜᱟᱹᱲ ᱵᱮᱞᱟ ᱴᱚᱩᱱᱦᱚᱞ ᱨᱮ ᱢᱤᱫᱼᱟ ᱴᱮᱡᱼᱟ ᱥᱟᱸᱣᱦᱮᱸᱫᱼᱟ ᱥᱮᱢᱞᱮᱫᱼᱟ ᱢᱮᱱᱟᱜᱼᱟᱟ।
train_santalimale_03161	wavs/train_santalimale_03161.wav	ᱫᱤᱯᱚᱠ ᱫᱚ ᱱᱮᱣᱛᱟ ᱞᱟᱹᱜᱤᱫᱼᱟ ᱤᱧ ᱦᱮᱡᱼᱟ ᱟᱠᱟᱱᱟ।
train_santalimale_03162	wavs/train_santalimale_03162.wav	ᱩᱥᱟ ᱫᱚ ᱮᱫᱨᱮ ᱟᱲᱟᱹᱝ ᱛᱮᱭ ᱢᱮᱱ ᱨᱩᱣᱟᱹᱲ ᱜᱚᱫᱼᱟ ᱠᱮᱫᱟ ᱩᱱᱤ ᱫᱚ ᱚᱲᱟᱹᱜᱼᱟ ᱨᱮ ᱵᱟᱱᱩᱭᱟ, ᱟᱢ ᱫᱚ ᱱᱚᱬᱰᱮ ᱠᱷᱚᱱᱮᱢ ᱪᱟᱞᱟᱣ ᱫᱟᱰᱮᱭᱟᱠᱚᱟ।
train_santalimale_03163	wavs/train_santalimale_03163.wav	ᱨᱚᱸᱡᱱᱟᱜᱼᱟ ᱠᱟᱛᱷᱟ ᱟᱹᱩᱨᱤ ᱯᱩᱨᱟᱹᱜᱼᱟ ᱨᱮ ᱜᱮ ᱩᱥᱟ ᱫᱚᱭ ᱢᱮᱱ ᱜᱚᱫᱼᱟ ᱠᱮᱫᱟ ᱢᱮᱛᱟᱫᱼᱟ ᱢᱮᱪᱚᱧ ᱡᱮ ᱚᱲᱟᱹᱜᱼᱟ ᱨᱮ ᱫᱚ ᱵᱟᱱᱩᱭᱟ।
train_santalimale_03164	wavs/train_santalimale_03164.wav	ᱟᱨ ᱦᱮᱸ, ᱤᱧᱟᱹᱜᱼᱟ ᱢᱤᱫᱼᱟ ᱠᱟᱛᱷᱟ ᱟᱢᱟᱠ ᱞᱩᱛᱩᱨ ᱨᱮ ᱨᱮᱵᱮᱫᱼᱟ ᱫᱚᱦᱚ ᱠᱟᱜᱼᱟ ᱢᱮ, ᱛᱮᱦᱮᱧ ᱠᱷᱚᱱ ᱟᱢ ᱥᱮ ᱮᱴᱟᱜᱼᱟ ᱚᱱᱚᱞᱤᱭᱟ ᱦᱚᱲ ᱱᱚᱬᱰᱮ ᱫᱚ ᱟᱞᱚᱯᱮ ᱦᱤᱡᱩᱜᱼᱟᱟ ᱟᱨ ᱩᱱᱤ ᱛᱮᱦᱮᱧ ᱠᱷᱚᱱ ᱟᱯᱮ ᱥᱟᱸᱣ ᱛᱮ ᱫᱚ ᱵᱟᱭ ᱧᱟᱯᱟᱢᱟ।
train_santalimale_03165	wavs/train_santalimale_03165.wav	ᱨᱚᱸᱡᱚᱱ ᱫᱚ ᱦᱟᱦᱟᱲᱟᱹ ᱛᱩᱞᱩᱡᱼᱟ ᱮ ᱢᱮᱱ ᱠᱮᱫᱟ ᱱᱚᱟ ᱫᱚ ᱪᱮᱫᱼᱟ ᱠᱟᱛᱷᱟᱢ ᱢᱮᱱ ᱮᱫᱟ ᱦᱤᱞᱤ?
train_santalimale_03166	wavs/train_santalimale_03166.wav	ᱩᱥᱟ ᱫᱚ ᱮᱫᱨᱮ ᱥᱟᱞᱟᱜᱼᱟ ᱮ ᱢᱮᱱ ᱠᱮᱫᱟ ᱤᱧ ᱡᱟᱸᱦᱟᱸᱧ ᱢᱮᱱ ᱮᱫᱟ, ᱚᱱᱟ ᱜᱮ ᱟᱧᱡᱚᱢ ᱢᱮ।
train_santalimale_03167	wavs/train_santalimale_03167.wav	ᱟᱢ ᱫᱚ ᱱᱚᱬᱰᱮ ᱠᱷᱚᱱᱮᱢ ᱪᱟᱞᱟᱣ ᱫᱟᱲᱮᱹᱭᱟᱜᱼᱟᱟ ᱟᱨ ᱜᱷᱩᱨᱤᱭᱟᱹ ᱟᱞᱚᱢ ᱨᱩᱣᱟᱹᱲ ᱦᱤᱡᱩᱜᱼᱟᱟ।
train_santalimale_03168	wavs/train_santalimale_03168.wav	ᱨᱚᱸᱡᱚᱱ ᱫᱚ ᱫᱩᱠ ᱯᱮᱨᱮᱡᱼᱟ ᱢᱚᱱᱮ ᱣᱮᱱᱟᱣᱟᱛᱮ ᱵᱟᱹᱤᱵᱟᱹᱤ ᱛᱮ ᱚᱬᱰᱮ ᱠᱷᱚᱱᱮ ᱛᱟᱲᱟᱹᱢ ᱞᱟᱦᱟ ᱠᱮᱫᱟ।
train_santalimale_03169	wavs/train_santalimale_03169.wav	ᱩᱱ ᱚᱜᱼᱟᱛᱮ ᱜᱮ ᱫᱤᱯᱚᱠ ᱫᱚᱭ ᱚᱲᱚᱝ ᱜᱚᱫᱼᱟ ᱮᱱᱟ ᱟᱨ ᱨᱚᱸᱡᱱᱮ ᱧᱮᱞ ᱠᱮᱫᱮ ᱛᱮ ᱦᱚᱦᱚᱭ ᱫᱷᱩᱨᱟᱹᱣᱮᱱᱟ ᱨᱚᱸᱡᱚᱱ, ᱤᱧ ᱥᱟᱸᱣ ᱛᱮ ᱵᱮᱜᱚᱨ ᱧᱟᱯᱟᱢ ᱛᱮᱜᱮᱢ ᱨᱩᱣᱟᱹᱲ ᱪᱟᱞᱟᱜᱼᱟ ᱠᱟᱱᱟ?
train_santalimale_03170	wavs/train_santalimale_03170.wav	ᱨᱚᱸᱡᱚᱱ ᱫᱚ ᱴᱷᱟᱜᱼᱟ ᱢᱟᱨᱛᱮᱭ ᱛᱮᱸᱜᱚ ᱜᱚᱫᱼᱟ ᱮᱱᱟ ᱟᱨ ᱛᱟᱭᱚᱢ ᱥᱮᱡᱼᱟ ᱟᱹᱪᱩᱨ ᱠᱟᱛᱮ ᱫᱤᱯᱚᱠ ᱮ ᱠᱚᱭᱚᱜᱼᱟ ᱠᱮᱫᱮᱭᱟ ᱟᱨ ᱩᱥᱟ ᱥᱮᱡᱼᱟ ᱵᱮᱸᱜᱮᱫᱼᱟ ᱠᱟᱛᱮᱭ ᱨᱚᱲ ᱠᱮᱫᱟ ᱦᱤᱞᱤ, ᱤᱧ ᱫᱚᱢ ᱟᱱᱫᱦᱟ ᱭᱤᱫᱤᱧ ᱠᱟᱱᱟ।
train_santalimale_03171	wavs/train_santalimale_03171.wav	ᱫᱤᱯᱚᱠ ᱫᱟ ᱚᱲᱟᱜᱼᱟ ᱨᱮ ᱦᱮᱱᱟᱭ ᱜᱮᱭᱟ ᱟᱨᱮᱢ ᱢᱤᱛᱟᱹᱧ ᱠᱟᱱᱟ ᱡᱮ ᱵᱟᱹᱱᱩᱭᱟ ᱵᱟᱭ ᱧᱟᱯᱟᱢᱟ।
train_santalimale_03172	wavs/train_santalimale_03172.wav	ᱫᱤᱯᱚᱠ ᱫᱚ ᱦᱟᱦᱟᱲᱟᱹ ᱛᱩᱞᱩᱡᱼᱟ ᱮ ᱢᱮᱱ ᱠᱮᱫᱟ ᱩᱥᱟ, ᱪᱮᱫᱼᱟ ᱮᱢ ᱢᱮᱱ ᱮᱫᱟ? ᱤᱧ ᱨᱮᱱ ᱜᱟᱛᱮ ᱥᱟᱸᱣ ᱱᱚᱝᱠᱟᱱ ᱵᱮᱣᱦᱟᱨ ᱫᱚ ᱵᱟᱝ ᱵᱷᱟᱜᱮᱭᱟ।
train_santalimale_03173	wavs/train_santalimale_03173.wav	ᱩᱥᱟ ᱫᱚ ᱮᱫᱨᱮ ᱟᱲᱟᱹᱝ ᱛᱮᱭ ᱢᱮᱱ ᱠᱮᱫᱟ ᱤᱧ ᱫᱚ ᱪᱮᱫᱼᱟ ᱦᱚᱸ ᱵᱟᱹᱧ ᱟᱧᱡᱚᱢ ᱛᱟᱢᱟ।
train_santalimale_03174	wavs/train_santalimale_03174.wav	ᱨᱚᱸᱡᱚᱱ ᱫᱚ ᱫᱩᱠ ᱟᱲᱟᱝ ᱛᱮᱭ ᱢᱮᱱ ᱠᱮᱫᱟ ᱫᱤᱯᱚᱠ ᱫᱟ, ᱤᱧ ᱫᱚ ᱟᱢ ᱱᱮᱣᱛᱟ ᱞᱟᱹᱜᱤᱫᱼᱟ ᱤᱧ ᱦᱮᱡᱼᱟ ᱞᱮᱱᱟ।
train_santalimale_03175	wavs/train_santalimale_03175.wav	ᱛᱮᱦᱮᱧ ᱥᱤᱸᱜᱟᱹᱲ ᱵᱮᱞᱟ ᱴᱟᱩᱱᱦᱚᱞ ᱨᱮ ᱚᱱᱚᱞᱤᱭ ᱣᱟᱜᱼᱟ ᱚᱱᱚᱞᱚᱡᱤᱭᱚᱱ ᱵᱟᱠᱷᱨᱟ ᱛᱮ ᱢᱤᱫᱼᱟ ᱴᱮᱱ ᱥᱟᱸᱣᱛᱟ ᱥᱮᱢᱮᱞᱮᱛ ᱦᱮᱱᱟᱜᱼᱟᱟ।
train_santalimale_03176	wavs/train_santalimale_03176.wav	ᱩᱥᱟ ᱥᱮᱡᱼᱟ ᱠᱚᱭᱚᱜᱼᱟ ᱠᱟᱛᱮ ᱩᱱᱤ ᱫᱚᱭ ᱨᱚᱲ ᱠᱮᱫᱟ ᱴᱷᱤᱠ ᱜᱮᱭᱟ ᱦᱤᱞᱤ, ᱛᱮᱦᱮᱧ ᱠᱷᱚᱱ ᱤᱧᱟᱹᱜᱼᱟ ᱢᱮᱛᱦᱟᱸ ᱫᱚ ᱱᱚᱬᱰᱮ ᱵᱟᱢ ᱧᱮᱞ ᱧᱟᱢ ᱛᱤᱧᱟᱹ।
train_santalimale_03177	wavs/train_santalimale_03177.wav	ᱢᱮᱱ ᱢᱩᱪᱟᱹᱫᱼᱟ ᱥᱟᱸᱣ ᱛᱮ ᱵᱷᱩᱪᱩᱝ ᱢᱟᱨ ᱛᱮ ᱚᱬᱰᱮ ᱠᱷᱚᱱᱮ ᱢᱚᱦᱚᱬᱰᱟᱭᱮᱱᱟ।
train_santalimale_03178	wavs/train_santalimale_03178.wav	ᱫᱤᱯᱚᱠ ᱟᱨ ᱩᱥᱟ ᱫᱚ ᱨᱚᱸᱡᱚᱱ ᱪᱟᱞᱟᱜᱼᱟ ᱠᱟᱱ ᱜᱮ ᱠᱤᱱ ᱠᱚᱭᱚᱜᱼᱟ ᱩᱨᱤᱡᱼᱟ ᱟᱠᱟᱫᱮᱭᱟ।
train_santalimale_03179	wavs/train_santalimale_03179.wav	ᱥᱤᱞᱚᱯᱤᱧ ᱨᱮ ᱚᱠᱚᱭ ᱪᱚᱝ ᱠᱚ ᱴᱷᱚᱜᱼᱟᱴᱷᱚᱜᱼᱟ ᱠᱮᱫᱟ।
train_santalimale_03180	wavs/train_santalimale_03180.wav	ᱟᱧᱡᱚᱢ ᱛᱮ ᱩᱥᱟ ᱫᱚᱭ ᱡᱷᱤᱡᱼᱟ ᱠᱮᱫᱟ, ᱧᱮᱞᱮ ᱠᱟᱱᱮ, ᱯᱤᱭᱚᱱ ᱠᱟᱱᱟᱭ।
train_santalimale_03181	wavs/train_santalimale_03181.wav	ᱩᱱᱤ ᱯᱤᱭᱚᱱ ᱫᱚ ᱵᱟᱨᱭᱟᱯᱮᱭᱟ ᱪᱤᱴᱷᱤ ᱩᱥᱟᱭ ᱮᱢᱟᱫᱮᱭᱟ ᱟᱨᱮ ᱪᱟᱞᱟᱣᱮᱱᱟ।
train_santalimale_03182	wavs/train_santalimale_03182.wav	ᱩᱥᱟ ᱫᱚ ᱚᱱᱟ ᱠᱚ ᱪᱤᱴᱷᱤ ᱫᱚ ᱩᱥᱟᱣᱟᱜᱼᱟ ᱢᱚᱱᱮ ᱨᱮ ᱜᱟᱹᱰᱤᱭᱟᱹᱣᱮᱱᱟ।
train_santalimale_03183	wavs/train_santalimale_03183.wav	ᱟᱢᱟᱜᱼᱟ ᱠᱟᱹᱦᱱᱤ ᱢᱤᱫᱼᱟ ᱴᱮᱡᱼᱟ ᱥᱟᱠᱟᱢ ᱨᱮᱧ ᱯᱟᱲᱦᱟᱣ ᱠᱮᱫᱼᱟ ᱛᱟᱢᱟ।
train_santalimale_03184	wavs/train_santalimale_03184.wav	ᱚᱱᱟ ᱠᱟᱹᱦᱱᱤ ᱯᱟᱲᱦᱟᱣ ᱠᱟᱛᱮ ᱤᱧᱟᱹᱜᱼᱟ ᱢᱚᱱᱮ ᱵᱟᱹᱧ ᱥᱟᱢᱵᱲᱟᱹᱵ ᱫᱟᱲᱮᱹᱭᱟᱫᱟ ᱟᱨ ᱱᱚᱟ ᱪᱤᱴᱷᱤ ᱚᱚᱞᱤᱧ ᱫᱷᱩᱨᱟᱹᱣᱮᱱᱟ।
train_santalimale_03185	wavs/train_santalimale_03185.wav	ᱥᱟᱹᱨᱤ ᱜᱮ, ᱫᱤᱯᱚᱠ ᱢᱦᱟᱥᱚᱭ, ᱟᱢᱟᱜᱼᱟ ᱡᱚᱛᱚ ᱠᱟᱹᱦᱱᱤ ᱨᱮ ᱟᱵᱚ ᱦᱚᱲᱦᱚᱯᱚᱱ ᱞᱟᱹᱜᱤᱫᱼᱟ ᱟᱨ ᱥᱟᱸᱣᱛᱟ ᱞᱟᱹᱜᱤᱫᱼᱟ ᱫᱟᱢᱟᱱᱟᱜᱼᱟ ᱥᱟᱸᱫᱮᱥ ᱧᱟᱢᱚᱜᱼᱟ ᱠᱟᱱᱟ।
train_santalimale_03186	wavs/train_santalimale_03186.wav	ᱚᱱᱟ ᱛᱮ ᱟᱢ ᱴᱷᱮᱱ ᱤᱧᱟᱹᱜᱼᱟ ᱱᱮᱦᱚᱨ ᱠᱟᱱᱟ ᱡᱮ ᱱᱚᱝᱠᱟ ᱜᱮ ᱢᱚᱸᱡᱢᱚᱸᱡ ᱠᱟᱹᱦᱱᱤ ᱚᱞ ᱢᱮ।
train_santalimale_03187	wavs/train_santalimale_03187.wav	ᱟᱢᱟᱜᱼᱟ ᱠᱟᱹᱦᱱᱤ ᱛᱤᱱᱟᱹᱜᱼᱟ ᱤᱧ ᱯᱟᱲᱦᱟᱣᱮᱫᱟ, ᱩᱱᱟᱹᱜᱼᱟ ᱜᱮ ᱴᱮᱴᱣᱟᱥ ᱛᱟᱸᱦᱮᱸᱱ ᱠᱟᱱ ᱛᱤᱧᱟᱹ।
train_santalimale_03188	wavs/train_santalimale_03188.wav	ᱟᱨ ᱦᱮᱸ, ᱤᱧ ᱟᱢ ᱥᱟᱸᱣᱛᱮ ᱧᱟᱯᱟᱢ ᱥᱟᱱᱟᱭᱤᱫᱤᱧ ᱠᱟᱱᱟ।
train_santalimale_03189	wavs/train_santalimale_03189.wav	ᱤᱧᱟᱹᱜᱼᱟ ᱱᱚᱟ ᱥᱟᱱᱟ ᱫᱚ ᱛᱤᱥᱚᱜᱼᱟ ᱯᱩᱨᱟᱹᱜᱼᱟ ᱛᱤᱧᱟᱹ?
train_santalimale_03190	wavs/train_santalimale_03190.wav	ᱪᱤᱴᱷᱤ ᱨᱮᱱᱟᱜᱼᱟ ᱛᱮᱞᱟ ᱫᱚ ᱩᱥᱟᱹᱨᱟ ᱛᱮ ᱠᱚᱞ ᱢᱮ, ᱠᱚᱭᱚᱜᱼᱟ ᱦᱚᱨ ᱨᱮ ᱜᱮ ᱢᱤᱱᱟᱹᱧᱟ।
train_santalimale_03191	wavs/train_santalimale_03191.wav	ᱱᱚᱟ ᱪᱤᱴᱷᱤ ᱥᱟᱠᱟᱢ ᱯᱟᱲᱦᱟᱣ ᱠᱟᱛᱮ ᱩᱥᱟᱣᱟᱜᱼᱟ ᱡᱤᱣᱤ ᱨᱮ ᱫᱷᱟᱹᱩ ᱢᱟᱨ ᱛᱮ ᱥᱮᱸᱜᱮᱞ ᱡᱩᱞᱮᱱᱟ।
train_santalimale_03192	wavs/train_santalimale_03192.wav	ᱵᱟᱰᱟᱠᱚᱵᱩᱰᱩᱜᱼᱟ ᱨᱚᱨᱚᱲᱮ ᱮᱦᱚᱵᱼᱟ ᱮᱱᱟ ᱠᱷᱟᱹᱤᱯᱤᱡᱼᱟ ᱢᱟᱨᱟ ᱠᱩᱲᱤ, ᱪᱤᱴᱷᱤ ᱥᱟᱠᱟᱢ ᱮ ᱚᱞ ᱮᱫᱟ।
train_santalimale_03193	wavs/train_santalimale_03193.wav	ᱠᱷᱮᱱᱫᱮᱯᱮᱨᱮᱡᱼᱟ ᱢᱟᱨᱟᱝ ᱫᱚ ᱧᱟᱯᱟᱢ ᱥᱟᱱᱟᱭᱮ ᱠᱟᱱᱟ।
train_santalimale_03194	wavs/train_santalimale_03194.wav	ᱫᱚᱱ ᱠᱚᱪᱚᱲ ᱦᱤᱡᱩᱜᱼᱟ ᱢᱮ ᱦᱟᱸᱜᱼᱟ ᱴᱷᱩᱴᱷᱠᱤ ᱡᱚᱱᱚᱜᱼᱟ ᱛᱮ ᱵᱟᱝ ᱞᱟᱝ ᱟᱛᱟᱝ ᱫᱟᱨᱟᱢ ᱟᱠᱟᱫᱼᱟ ᱢᱮᱭᱟ, ᱢᱮᱱᱠᱷᱟᱱ ᱤᱧᱟᱹᱜᱼᱟ ᱧᱩᱛᱩᱢ ᱩᱥᱟ ᱜᱮ ᱵᱟᱝ ᱠᱟᱱᱟ।
train_santalimale_03195	wavs/train_santalimale_03195.wav	ᱢᱮᱢᱮᱱ ᱥᱟᱸᱣ ᱛᱮ ᱜᱮ ᱚᱱᱟ ᱪᱤᱴᱷᱤ ᱫᱚᱭ ᱚᱲᱮᱡᱼᱟᱪᱤᱨᱟᱹ ᱜᱤᱰᱤ ᱠᱟᱫᱟ।
train_santalimale_03196	wavs/train_santalimale_03196.wav	ᱟᱡᱼᱟ ᱠᱟᱛᱷᱟᱭ ᱯᱨᱚᱛᱤᱵᱷᱟ ᱜᱮ ᱯᱟᱥᱮᱡᱼᱟ ᱮ ᱚᱨ ᱪᱤᱨᱟᱹ ᱯᱟᱲᱦᱟᱣ ᱠᱮᱫᱮᱭᱟ।
train_santalimale_03197	wavs/train_santalimale_03197.wav	ᱚᱱᱟ ᱨᱚᱨᱚᱲ ᱛᱩᱞᱩᱡᱼᱟ ᱛᱤᱱᱟᱹᱜᱼᱟ ᱠᱟᱜᱚᱡᱯᱚᱛᱚᱨ, ᱯᱩᱛᱷᱤ ᱮᱢᱟᱱ ᱠᱚ ᱵᱟᱠᱥᱟ ᱨᱮ ᱛᱟᱸᱦᱮᱸᱠᱟᱱᱟ, ᱥᱟᱱᱟᱢ ᱢᱤᱫᱼᱟ ᱴᱷᱮᱡᱼᱟ ᱮ ᱲᱟᱹᱝ ᱠᱮᱫᱟ ᱟᱨ ᱵᱟᱹᱛᱤ ᱥᱩᱱᱩᱢ ᱪᱷᱤᱴᱠᱟᱹᱩ ᱠᱟᱛᱮ ᱥᱮᱸᱜᱮᱞᱮ ᱡᱩᱬᱰᱤᱭᱟᱫᱟ ᱧᱮᱞᱧᱮᱞ ᱛᱮ ᱜᱮ ᱥᱟᱱᱟᱢ ᱠᱟᱜᱚᱡ ᱫᱷᱟᱹᱩᱫᱷᱟᱹᱩ ᱡᱩᱞᱩᱜᱼᱟ ᱮᱦᱚᱵᱼᱟ ᱮᱱᱟ।
train_santalimale_03198	wavs/train_santalimale_03198.wav	ᱩᱱ ᱚᱜᱼᱟᱛᱮ ᱜᱮ ᱵᱟᱦᱨᱮ ᱠᱷᱚᱱᱟᱜᱼᱟ ᱫᱤᱯᱚᱠ ᱮ ᱦᱮᱡᱼᱟ ᱮᱱᱟ।
train_santalimale_03199	wavs/train_santalimale_03199.wav	ᱧᱮᱞ ᱠᱮᱫᱼᱟ ᱢᱟᱭ ᱟᱭᱟᱜᱼᱟ ᱥᱟᱱᱟᱢ ᱠᱟᱜᱚᱡᱚᱯᱩᱛᱷᱤ ᱡᱩᱞᱩᱜᱼᱟ ᱠᱟᱱ।
train_santalimale_03200	wavs/train_santalimale_03200.wav	ᱫᱤᱯᱚᱠ ᱟᱜᱼᱟ ᱢᱚᱱᱮ ᱨᱮ ᱦᱚᱸ ᱥᱮᱸᱜᱮᱞ ᱡᱩᱞᱮᱱᱟ।
train_santalimale_03201	wavs/train_santalimale_03201.wav	ᱚᱱᱟ ᱦᱟᱥᱚ ᱛᱮ ᱢᱮᱫᱼᱟᱠᱤᱱ ᱠᱷᱚᱱ ᱦᱤᱰᱤᱨᱚᱦᱤᱰᱤᱨ ᱢᱮᱫᱼᱟᱫᱟᱜᱼᱟ ᱡᱚᱨᱚᱜᱼᱟ ᱮᱦᱚᱵᱼᱟ ᱮᱱᱟ।
train_santalimale_03202	wavs/train_santalimale_03202.wav	ᱵᱚᱪᱷᱚᱨ ᱫᱤᱱ ᱨᱮᱭᱟᱜᱼᱟ ᱥᱟᱱᱟᱢ ᱟᱥ ᱪᱟᱵᱟᱭᱮᱱ ᱛᱟᱭᱟ।
train_santalimale_03203	wavs/train_santalimale_03203.wav	ᱟᱹᱰᱤ ᱫᱩᱠ ᱟᱲᱟᱝ ᱛᱮᱭ ᱨᱚᱲ ᱠᱮᱫᱟ ᱩᱥᱟ, ᱱᱚᱟ ᱫᱚ ᱵᱟᱢ ᱴᱷᱤᱠ ᱞᱮᱫᱟ।
train_santalimale_03204	wavs/train_santalimale_03204.wav	ᱱᱚᱟ ᱠᱟᱜᱚᱡᱚᱯᱩᱛᱷᱤ ᱨᱮ ᱥᱮᱸᱜᱮᱞ ᱫᱚ ᱵᱟᱢ ᱴᱷᱤᱠ ᱞᱮᱫᱟ।
train_santalimale_03205	wavs/train_santalimale_03205.wav	ᱱᱚᱟ ᱠᱟᱜᱚᱡᱚᱯᱩᱛᱷᱤ ᱨᱮ ᱥᱮᱸᱜᱮᱞ ᱫᱚ ᱵᱟᱝ, ᱵᱤᱪᱠᱚᱢ ᱤᱧᱟᱹᱜᱼᱟ ᱡᱤᱣᱤ ᱨᱮ ᱜᱮ ᱥᱮᱸᱜᱮᱞ ᱫᱚ ᱡᱩᱞᱩᱜᱼᱟ ᱠᱟᱱᱟ।
train_santalimale_03206	wavs/train_santalimale_03206.wav	ᱡᱤᱣᱟᱹᱫᱼᱟ ᱛᱮ ᱜᱮ ᱤᱧ ᱫᱚᱢ ᱨᱟᱯᱟᱜᱼᱟ ᱜᱚᱡᱼᱟ ᱠᱤᱫᱤᱧᱟ, ᱞᱚ ᱛᱚᱨᱚᱡᱼᱟ ᱠᱤᱫᱤᱧᱟᱢ।
train_santalimale_03207	wavs/train_santalimale_03207.wav	ᱩᱱᱤ ᱫᱚ ᱩᱥᱟᱹᱨᱟᱛᱮ ᱞᱚ ᱛᱚᱨᱚᱡᱼᱟ ᱴᱟᱠᱨᱟᱴᱩᱠᱨᱟᱹ ᱛᱤ ᱛᱮ ᱦᱟᱹᱨ ᱥᱟᱢᱴᱟᱣ ᱠᱟᱛᱮ ᱟᱭᱟᱜᱼᱟ ᱠᱚᱲᱟᱹᱢ ᱨᱮᱭ ᱦᱟᱹᱰᱩᱵᱼᱟ ᱡᱟᱞᱟᱫᱼᱟ ᱠᱮᱫᱟ ᱟᱨ ᱠᱟᱰᱟ ᱞᱮᱠᱟ ᱟᱰᱨᱟᱣ ᱠᱟᱛᱮ ᱨᱟᱨᱟᱜᱼᱟ ᱮ ᱫᱷᱩᱨᱟᱹᱣᱮᱱᱟ ᱦᱟᱭ, ᱦᱟᱭ, ᱚᱱᱚᱞᱤᱭᱟ ᱣᱟᱜᱼᱟ ᱚᱱᱚᱞ ᱡᱤᱭᱚᱱ ᱫᱚ ᱚᱠᱚᱭ ᱵᱟᱰᱟᱭ ᱛᱤᱭᱟᱹᱜᱼᱟ ᱟᱠᱟᱫᱟ।
train_santalimale_03208	wavs/train_santalimale_03208.wav	ᱟᱯᱟᱱᱚᱟᱯᱤᱱ ᱥᱟᱣᱫᱟ ᱵᱟᱲᱟᱹ ᱠᱟᱛᱮ ᱦᱚᱲ ᱠᱚ ᱫᱚ ᱟᱯᱱᱟᱨ ᱛᱩᱠᱟᱹ ᱞᱟᱣᱮᱨ ᱛᱤᱭᱚᱜ ᱞᱟᱹᱜᱤᱫᱼᱟ ᱯᱷᱟᱹᱸᱠᱲᱟᱹᱜᱼᱟ ᱫᱟᱫᱟᱞ ᱠᱚ ᱮᱦᱚᱵᱼᱟ ᱮᱱᱟ।
train_santalimale_03209	wavs/train_santalimale_03209.wav	ᱢᱮᱱᱠᱷᱟᱱ ᱯᱟᱹᱠᱞᱩ ᱫᱚ ᱦᱟᱱᱟ ᱫᱚᱠᱟᱱ ᱱᱚᱟ ᱫᱚᱠᱟᱱ ᱥᱟᱣᱫᱟ ᱜᱮ ᱵᱟᱭ ᱢᱚᱠᱚᱧᱚᱜᱼᱟ ᱠᱟᱱ ᱛᱟᱸᱦᱮᱸᱠᱟᱱᱟ।
train_santalimale_03210	wavs/train_santalimale_03210.wav	ᱮᱠᱮᱱᱮ ᱫᱚᱨᱫᱟᱢ ᱠᱮᱫᱼᱟ ᱜᱮ ᱟᱨ ᱦᱤᱡᱩᱜᱼᱟ ᱠᱟᱱᱟᱭ ᱢᱮᱱ ᱛᱮᱭ ᱜᱩᱥᱟᱹᱩ ᱥᱟᱸᱣᱦᱟ ᱭᱮᱱ ᱜᱮ।
train_santalimale_03211	wavs/train_santalimale_03211.wav	ᱩᱱᱤᱭᱟᱜᱼᱟ ᱢᱚᱱᱮ ᱨᱮ ᱫᱮᱡᱚᱜᱼᱟᱯᱷᱮᱲᱚᱜᱼᱟ ᱠᱟᱱ ᱫᱚᱨᱵᱷᱟᱣ ᱫᱚ ᱚᱠᱚᱭ ᱜᱮ ᱵᱟᱝᱠᱚ ᱵᱩᱡ ᱧᱟᱢᱮᱫᱼᱟ ᱠᱟᱱ ᱛᱟᱸᱦᱮᱸᱠᱟᱱᱟ।
train_santalimale_03212	wavs/train_santalimale_03212.wav	ᱯᱟᱹᱠᱞᱩ ᱣᱟᱜᱼᱟ ᱢᱮᱫᱼᱟ ᱠᱤᱱ ᱫᱚ ᱫᱟᱫᱟᱫᱼᱟ ᱦᱤᱞᱤᱫᱼᱟ ᱧᱮᱞ ᱧᱟᱢ ᱠᱤᱱ ᱞᱟᱹᱜᱤᱫᱼᱟ ᱵᱮᱨᱟᱵᱤᱨᱤ ᱵᱟᱲᱟᱹᱭ ᱠᱟᱱ ᱛᱟᱸᱦᱮᱸᱠᱟᱱᱟ, ᱢᱮᱱᱠᱷᱟᱱ ᱩᱱ ᱠᱤᱱ ᱫᱚ ᱧᱮᱞᱮ ᱛᱩᱞᱩᱡᱼᱟ ᱵᱟᱝ ᱠᱤᱱ ᱥᱚᱨᱚᱜᱼᱟ ᱠᱟᱱ ᱛᱟᱸᱦᱮᱸᱠᱟᱱᱟ।
train_santalimale_03213	wavs/train_santalimale_03213.wav	ᱩᱱᱤ ᱧᱮᱞ ᱛᱮ ᱦᱚᱨ ᱠᱤᱱ ᱥᱟ ᱤᱫᱤᱭᱮᱫᱼᱟ ᱠᱟᱱᱟ।
train_santalimale_03214	wavs/train_santalimale_03214.wav	ᱯᱟᱹᱠᱞᱩ ᱣᱟᱜᱼᱟ ᱢᱚᱱᱮ ᱫᱚ ᱨᱟᱯᱩᱫᱼᱟ ᱮᱱᱟ।
train_santalimale_03215	wavs/train_santalimale_03215.wav	ᱚᱠᱟ ᱢᱮᱱ ᱠᱟᱛᱮ ᱦᱟᱹᱴᱤᱭᱟᱹᱭ ᱦᱮᱡᱼᱟ ᱞᱮᱱᱟ ᱚᱱᱟ ᱢᱟ ᱵᱟᱝ ᱦᱩᱭ ᱞᱮᱱ ᱛᱟᱭ।
train_santalimale_03216	wavs/train_santalimale_03216.wav	ᱦᱩᱫᱤᱥ ᱟᱠᱟᱫᱼᱟ ᱛᱟᱸᱦᱮᱸ ᱠᱟᱱᱟᱭ ᱡᱮ ᱜᱮᱞᱵᱟᱨ ᱵᱚᱪᱷᱚᱨ ᱵᱟᱫ ᱟᱞᱮ ᱚᱲᱟᱜᱼᱟ ᱨᱮᱱ ᱠᱚ ᱧᱮᱞᱮᱧᱟ ᱟᱹᱰᱤ ᱠᱚ ᱠᱩᱥᱤᱠᱟᱛᱮ ᱠᱚ ᱟᱛᱟᱝ ᱟᱫᱮᱨᱤᱧᱟ, ᱢᱮᱱᱠᱷᱟᱱ ᱦᱟᱭᱨᱮ ᱠᱚᱯᱟᱞ।
train_santalimale_03217	wavs/train_santalimale_03217.wav	ᱪᱟᱸᱫᱚᱭ ᱟᱰᱟᱜᱼᱟ ᱜᱤᱰᱤ ᱞᱮᱢ ᱠᱷᱟᱱ ᱫᱟᱨᱮ ᱩᱢᱩᱞ ᱦᱚᱸ ᱥᱟᱦᱟᱜᱼᱟᱟ।
train_santalimale_03218	wavs/train_santalimale_03218.wav	ᱫᱷᱟᱹᱨᱛᱤ ᱜᱚ ᱫᱚ ᱦᱮᱱᱫᱮ ᱨᱚᱝ ᱛᱮ ᱥᱟᱡᱚᱜᱼᱟᱮ ᱮᱦᱚᱵᱼᱟ ᱮᱱᱟ।
train_santalimale_03219	wavs/train_santalimale_03219.wav	ᱯᱟᱹᱠᱞᱩ ᱫᱚᱭ ᱟᱠᱵᱟᱠᱟᱣᱮᱱᱟ, ᱮᱱᱛᱮ ᱦᱟᱹᱴᱤᱭᱟᱹ ᱴᱟᱹᱬᱰᱤ ᱨᱮ ᱫᱚ ᱚᱦᱚᱭ ᱜᱤᱛᱤᱡᱼᱟ ᱟᱸᱜᱟ ᱞᱮᱱᱟ।
train_santalimale_03220	wavs/train_santalimale_03220.wav	ᱚᱱᱟ ᱛᱮ ᱚᱱᱛᱮ ᱜᱮᱭ ᱢᱚᱦᱚᱬᱰᱟ ᱤᱫᱤᱭᱮᱱᱟ, ᱚᱠᱟ ᱨᱮ ᱫᱚ ᱯᱟᱹᱦᱤᱞ ᱫᱩᱞᱟᱹᱲ ᱛᱮ ᱯᱮᱨᱮᱡᱼᱟ ᱟᱠᱟᱱ ᱢᱤᱞᱣᱟ ᱢᱟᱞᱟᱭ ᱜᱟᱛᱷᱟᱣᱮᱫᱼᱟ ᱛᱟᱸᱦᱮᱸᱠᱟᱱᱟ।
train_santalimale_03221	wavs/train_santalimale_03221.wav	ᱥᱮᱱᱮᱱ ᱠᱷᱟᱱᱮ ᱧᱮᱞᱮᱫᱼᱟ ᱠᱟᱱᱟ ᱡᱮ ᱚᱱᱟ ᱦᱩᱰᱤᱧᱚᱦᱩᱰᱤᱧ ᱵᱟᱲᱮᱹ ᱫᱟᱨᱮ ᱫᱚ ᱟᱹᱰᱤ ᱢᱟᱨᱟᱝ ᱦᱟᱨᱟᱣᱟᱠᱟᱱᱟ।
train_santalimale_03222	wavs/train_santalimale_03222.wav	ᱞᱟᱛᱟᱨ ᱦᱟᱲᱟᱹᱢ ᱲᱟᱹᱨ ᱫᱚ ᱢᱚᱴᱟ ᱜᱮ ᱧᱮᱞᱚᱜᱼᱟ ᱠᱟᱱ ᱛᱟᱸᱦᱮᱸᱠᱟᱱᱟ।
train_santalimale_03223	wavs/train_santalimale_03223.wav	ᱚᱱᱟ ᱵᱟᱲᱮᱹ ᱫᱟᱨᱮ ᱧᱮᱞᱛᱮ ᱯᱟᱹᱠᱞᱩ ᱫᱚ ᱟᱭᱟᱜᱼᱟ ᱩᱢᱮᱨᱮ ᱫᱤᱥᱟᱹ ᱠᱮᱫᱟ।
train_santalimale_03224	wavs/train_santalimale_03224.wav	ᱢᱚᱱᱮ ᱨᱮᱭ ᱨᱚᱲ ᱡᱚᱝ ᱠᱟᱱᱟ ᱪᱮᱫᱼᱟ ᱛᱚᱵᱮ ᱱᱚᱟ ᱵᱟᱲᱮᱹ ᱫᱟᱨᱮ ᱞᱮᱠᱟ ᱤᱧᱟᱹᱜᱼᱟ ᱩᱢᱮᱨ ᱫᱚ ᱥᱟᱲ ᱠᱟᱛᱮ ᱢᱚᱥᱚᱫᱚᱜᱼᱟ ᱠᱟᱱᱟ।
train_santalimale_03225	wavs/train_santalimale_03225.wav	ᱚᱱᱟ ᱵᱟᱲᱮᱹ ᱫᱟᱨᱮ ᱨᱮᱭᱟᱜᱼᱟ ᱢᱚᱴᱟ ᱲᱟᱹᱨ ᱫᱚ ᱦᱟᱲᱟᱹᱢ ᱮᱱᱟ, ᱢᱮᱱᱠᱷᱟᱱ ᱚᱱᱟ ᱲᱟᱹᱨ ᱨᱮ ᱫᱩᱞᱟᱹᱲ ᱟᱠᱷᱚᱨ ᱛᱮᱭ ᱵᱩᱲᱟᱜᱼᱟ ᱞᱮᱫᱼᱟ ᱵᱟᱨᱭᱟ ᱫᱩᱞᱟᱹᱲᱤᱭᱟᱹᱣᱟᱜᱼᱟ ᱧᱩᱛᱩᱢ ᱫᱚ ᱮᱱᱠᱟ ᱯᱩᱨᱴᱷᱟᱹ ᱜᱮᱭ ᱧᱮᱞᱧᱟᱢᱮᱫᱼᱟ ᱛᱟᱸᱦᱮᱸᱠᱟᱱᱟ।
train_santalimale_03226	wavs/train_santalimale_03226.wav	ᱯᱟᱹᱠᱞᱩ ᱫᱚ ᱥᱮᱫᱟᱭᱟᱜᱼᱟ ᱫᱤᱥᱟᱹ ᱨᱮᱭ ᱩᱱᱩᱢ ᱮᱱᱟ, ᱯᱟᱹᱦᱤᱞᱟᱜᱼᱟ ᱫᱩᱞᱟᱹᱲ ᱜᱟᱰᱟ ᱨᱮ ᱯᱟᱭᱨᱟᱜᱼᱟᱮ ᱮᱦᱚᱵᱼᱟ ᱮᱱᱟ, ᱚᱠᱟ ᱫᱚ ᱱᱤᱛᱚᱜᱼᱟ ᱟᱧᱡᱮᱫᱼᱟ ᱨᱚᱦᱚᱲ ᱪᱟᱵᱟ ᱟᱠᱟᱱ ᱛᱟᱸᱦᱮᱸᱠᱟᱱᱟ।
train_santalimale_03227	wavs/train_santalimale_03227.wav	ᱡᱚᱛᱚᱣᱟᱜᱼᱟ ᱫᱚ ᱤᱱᱟᱹ ᱜᱮ, ᱤᱱᱟᱹ ᱜᱷᱟᱴ, ᱤᱱᱟᱹ ᱜᱟᱰᱟ ᱟᱨ ᱩᱱᱤ ᱡᱤᱭᱟᱹᱞ ᱦᱟᱠᱚ ᱚᱠᱚᱭ ᱫᱚ ᱚᱱᱟ ᱫᱩᱞᱟᱹᱲ ᱜᱟᱰᱟ ᱨᱮᱭ ᱯᱟᱭᱨᱟ ᱮᱱᱮᱡᱼᱟ ᱠᱟᱱ ᱛᱟᱸᱦᱮᱸᱠᱟᱱᱟ।
train_santalimale_03228	wavs/train_santalimale_03228.wav	ᱯᱟᱭᱨᱟᱯᱟᱭᱨᱟ ᱛᱮ ᱢᱟᱨᱟᱝ ᱡᱟᱞᱟᱯᱩᱨᱤ ᱛᱮᱭ ᱥᱮᱴᱮᱨ ᱞᱮᱱᱟ, ᱚᱠᱟ ᱨᱮ ᱫᱚ ᱚᱱᱟ ᱡᱟᱞᱟᱯᱩᱨᱤ ᱦᱚᱸ ᱨᱚᱦᱚᱲ ᱟᱧᱡᱮᱫᱼᱟ ᱪᱟᱵᱟ ᱭᱮᱱᱟ।
train_santalimale_03229	wavs/train_santalimale_03229.wav	ᱩᱱᱤ, ᱡᱤᱭᱟᱹᱞ ᱦᱟᱠᱚ ᱫᱚ ᱪᱟᱸᱫᱚ ᱵᱷᱚᱨᱥᱟ ᱨᱮᱭ ᱪᱷᱟᱴᱯᱟᱴᱟᱜᱼᱟ ᱠᱟᱱ ᱛᱟᱸᱦᱮᱸᱠᱟᱱᱟ।
train_santalimale_03230	wavs/train_santalimale_03230.wav	ᱟᱪᱠᱟ ᱜᱮ ᱯᱟᱹᱠᱞᱩ ᱫᱚ ᱪᱮᱲᱮᱸ ᱨᱟᱜᱼᱟᱮ ᱟᱧᱡᱚᱢ ᱜᱚᱫᱼᱟ ᱠᱮᱫᱟ।
train_santalimale_03231	wavs/train_santalimale_03231.wav	ᱪᱚᱴ ᱥᱮᱱᱮ ᱠᱚᱭᱚᱜᱼᱟ ᱠᱮᱫᱼᱟ ᱠᱷᱟᱱ ᱢᱟᱭ ᱧᱮᱞ ᱠᱮᱫᱼᱟ ᱠᱚᱟ ᱡᱮ ᱦᱟᱱᱛᱮᱱᱦᱟᱛᱮ ᱠᱷᱚᱱ ᱟᱭᱢᱟ ᱪᱮᱲᱮᱸ ᱚᱱᱟ ᱵᱟᱲᱮ ᱫᱟᱨᱮ ᱨᱮ ᱠᱚ ᱩᱲᱟᱹᱩ ᱦᱤᱡᱩᱜᱼᱟ ᱠᱟᱱ ᱛᱟᱸᱦᱮᱸᱠᱟᱱᱟ।
train_santalimale_03232	wavs/train_santalimale_03232.wav	ᱚᱱᱟ ᱵᱟᱲᱮᱹ ᱫᱟᱨᱮ ᱫᱚ ᱩᱱᱟᱹᱜᱼᱟ ᱢᱟᱨᱟᱝ ᱦᱟᱨᱟ ᱣᱟᱠᱟᱱᱟ ᱡᱮ ᱟᱭᱢᱟ ᱪᱮᱲᱮᱸ ᱠᱚ ᱛᱩᱠᱟᱹ ᱟᱠᱟᱫᱼᱟ ᱛᱟᱸᱦᱮᱸᱠᱟᱱᱟ।
train_santalimale_03233	wavs/train_santalimale_03233.wav	ᱚᱱᱟ ᱫᱚ ᱛᱤᱱᱟᱹᱜᱼᱟ ᱡᱤᱣᱤᱭᱟᱱ ᱠᱚ ᱟᱥᱨᱟᱭ ᱮᱢ ᱟᱠᱟᱣᱟᱫᱼᱟ ᱠᱚ ᱛᱟᱸᱦᱮᱸᱠᱟᱱᱟ, ᱢᱮᱱᱠᱷᱟᱱ ᱚᱱᱟ ᱵᱟᱲᱮᱹ ᱫᱟᱨᱮ ᱵᱩᱴᱟᱹ ᱨᱮᱭ ᱠᱤᱨᱤᱭᱟᱹ ᱞᱮᱱ ᱯᱟᱹᱠᱞᱩ ᱫᱚᱭ ᱟᱹᱩᱲᱤᱭᱟᱹᱜᱼᱟ ᱮᱱᱟ।
train_santalimale_03234	wavs/train_santalimale_03234.wav	ᱟᱭᱟᱜᱼᱟ ᱜᱮ ᱵᱟᱭ ᱴᱷᱤᱠᱟᱹᱱ ᱫᱟᱲᱮᱹᱭᱟᱫᱟ ᱟᱭᱢᱟ ᱛᱩᱠᱟᱹ ᱨᱮ ᱪᱮᱸᱲᱮᱸ ᱠᱚ ᱦᱚᱯᱚᱱ ᱵᱟᱲᱟᱹ ᱟᱠᱟᱱ ᱛᱟᱸᱦᱮᱸᱠᱟᱱᱟ।
train_santalimale_03235	wavs/train_santalimale_03235.wav	ᱮᱸᱜᱟ ᱫᱚ ᱦᱚᱯᱚᱱ ᱠᱚ ᱡᱚᱢᱟᱜᱼᱟ ᱮᱢᱟᱣᱟᱠᱚ ᱛᱩᱞᱩᱡᱼᱟ ᱜᱤᱫᱨᱟᱹ ᱵᱩᱞᱟᱹᱩ ᱥᱮᱨᱮᱧ ᱛᱮ ᱠᱚ ᱟᱱᱫᱚᱲ ᱟᱠᱟᱫᱼᱟ ᱛᱟᱸᱦᱮᱸᱠᱟᱱᱟ।
train_santalimale_03236	wavs/train_santalimale_03236.wav	ᱯᱟᱹᱠᱞᱩ ᱣᱟᱜᱼᱟ ᱢᱚᱱᱮ ᱨᱮᱭᱟᱜᱼᱟ ᱢᱚᱸᱰᱚᱜᱼᱟ ᱥᱮᱸᱜᱮᱞ ᱫᱚ ᱟᱨ ᱦᱚᱸ ᱩᱥᱩᱞ ᱡᱩᱴᱩᱡᱼᱟ ᱮᱱᱟ ᱟᱨ ᱟᱸᱴ ᱛᱮ ᱡᱩᱞᱩᱜᱼᱟ ᱮᱦᱚᱵᱼᱟ ᱮᱱᱟ।
train_santalimale_03237	wavs/train_santalimale_03237.wav	ᱩᱱᱤ ᱦᱚᱸ ᱟᱡᱼᱟ ᱨᱮᱱ ᱩᱱᱤ ᱠᱩᱸᱭᱰᱤᱢᱤᱨᱩᱣᱟᱜᱼᱟ ᱫᱤᱥᱟᱹ ᱦᱮᱡᱼᱟ ᱟᱫᱮᱭᱟ, ᱚᱠᱚᱭ ᱫᱚ ᱟᱭᱟᱜᱼᱟ ᱠᱩᱠᱷᱤ ᱨᱮᱭ ᱯᱚᱥᱟᱣ ᱞᱮᱫᱮ ᱢᱮᱱᱮᱜᱼᱟ, ᱯᱟᱥᱮᱡᱼᱟ, ᱪᱟᱸᱫᱚ ᱫᱚ ᱵᱟᱭ ᱢᱮᱱᱡᱚᱝ ᱠᱟᱱ ᱛᱟᱸᱦᱮᱸᱠᱟᱱᱟ ᱡᱮ ᱯᱟᱹᱠᱞᱩ ᱨᱮᱱ ᱩᱱᱤ ᱠᱩᱸᱭᱰᱤᱢᱤᱨᱩ ᱫᱚ ᱱᱚᱟ ᱫᱷᱟᱹᱨᱛᱤ ᱵᱟᱜᱟᱱ ᱨᱮᱭ ᱢᱮᱞᱚᱢᱮᱪᱚᱜᱼᱟ।
train_santalimale_03238	wavs/train_santalimale_03238.wav	ᱟᱹᱰᱤ ᱩᱥᱟᱹᱨᱟ ᱛᱮ ᱩᱱᱤ ᱫᱚ ᱟᱭᱟᱜᱼᱟ ᱵᱟᱦᱟ ᱵᱟᱜᱟᱱ ᱛᱮ ᱵᱟᱦᱟ ᱡᱚᱛᱚᱱᱮ ᱤᱫᱤ ᱠᱮᱫᱟᱭ।
train_santalimale_03239	wavs/train_santalimale_03239.wav	ᱯᱟᱹᱠᱞᱩ ᱣᱟᱜᱼᱟ ᱦᱚᱵᱚᱨ ᱫᱚ ᱠᱷᱟᱹᱞᱤ ᱭᱮᱱᱟ।
train_santalimale_03240	wavs/train_santalimale_03240.wav	ᱩᱱ ᱚᱜᱼᱟᱛᱮ ᱜᱮ ᱦᱟᱱᱦᱟᱨ ᱛᱮᱫᱼᱟ ᱦᱚᱸ ᱵᱟᱛᱟᱨᱮ ᱧᱟᱢ ᱠᱮᱫᱟ।
train_santalimale_03241	wavs/train_santalimale_03241.wav	ᱱᱚᱝᱠᱟᱱ ᱠᱟᱛᱷᱟ ᱢᱮᱛᱟᱭᱮ ᱮᱦᱚᱵᱼᱟ ᱠᱮᱫᱟ, ᱚᱠᱟ ᱫᱚ ᱯᱟᱹᱠᱞᱩᱣᱟᱜᱼᱟ ᱚᱱᱛᱚᱨᱮ ᱥᱚᱵᱚᱜᱼᱟ ᱮᱫᱼᱟ ᱠᱟᱱ ᱛᱟᱸᱦᱮᱸᱠᱟᱱᱟ।
train_santalimale_03242	wavs/train_santalimale_03242.wav	ᱢᱤᱫᱼᱟ ᱛᱟᱞᱟ ᱤᱱᱟᱹ ᱠᱟᱛᱷᱟ ᱜᱮᱭ ᱢᱮᱛᱟᱭ ᱠᱟᱱ ᱛᱟᱸᱦᱮᱸᱠᱟᱱᱟ, ᱵᱟᱝᱢᱟ, ᱩᱱᱤ ᱫᱚ ᱟᱡᱼᱟ ᱨᱮᱱ ᱠᱩᱸᱭᱰᱤᱢᱤᱨᱩ ᱟᱡᱼᱟ ᱛᱮᱜᱮᱭ ᱥᱟᱴᱚᱜᱼᱟ ᱡᱚᱢ ᱠᱮᱫᱮᱭᱟ।
train_santalimale_03243	wavs/train_santalimale_03243.wav	ᱦᱟᱱᱦᱟᱨᱮᱭᱟ ᱥᱚᱞᱚᱜᱼᱟᱵᱚᱠᱚᱠᱚᱜᱼᱟ ᱠᱤᱱ ᱮᱦᱚᱵᱼᱟ ᱮᱱᱟ।
train_santalimale_03244	wavs/train_santalimale_03244.wav	ᱯᱟᱹᱠᱞᱩ ᱨᱮᱱ ᱫᱩᱞᱟᱹᱲᱤᱭᱟᱹ ᱦᱚᱸ ᱩᱱᱤ ᱠᱷᱚᱱ ᱯᱷᱟᱨᱟᱠᱚᱜᱼᱟ ᱮ ᱮᱦᱚᱵᱼᱟ ᱮᱱᱟ।
train_santalimale_03245	wavs/train_santalimale_03245.wav	ᱟᱡᱼᱟ ᱨᱮᱱ ᱠᱩᱸᱭᱰᱤᱢᱤᱨᱩᱭ ᱥᱟᱴᱚᱜᱼᱟ ᱡᱚᱢ ᱠᱮᱫᱮ ᱫᱚ।
train_santalimale_03246	wavs/train_santalimale_03246.wav	ᱠᱷᱟᱹᱴᱤ ᱜᱮ ᱱᱟᱸᱦᱟᱸᱜᱼᱟ ᱟᱡᱼᱟ ᱦᱚᱸᱭ ᱥᱟᱴᱚᱜᱼᱟ ᱡᱚᱢᱮᱭᱟ।
train_santalimale_03247	wavs/train_santalimale_03247.wav	ᱚᱱᱟ ᱚᱲᱟᱹᱜᱼᱟ ᱨᱮ ᱛᱟᱸᱦᱮᱸᱱ ᱠᱚ ᱛᱟᱞᱟ ᱨᱮ ᱱᱚᱝᱠᱟᱱ ᱥᱮᱸᱜᱮᱞ ᱥᱩᱞᱜᱟᱹᱣᱮᱱᱟ ᱡᱮ ᱢᱤᱫᱼᱟ ᱫᱤᱱ ᱚᱱᱟ ᱫᱩᱜᱩᱨᱚᱫᱩᱜᱩᱨ ᱡᱩᱞᱩᱜᱼᱟ ᱮᱦᱚᱵᱼᱟ ᱩᱛᱟᱹᱨ ᱮᱱᱟ।
train_santalimale_03248	wavs/train_santalimale_03248.wav	ᱢᱤᱫᱼᱟ ᱫᱤᱱ ᱦᱟᱱᱦᱟᱨ ᱛᱮᱫᱼᱟ ᱫᱚ ᱟᱛᱚ ᱴᱚᱞᱟ ᱨᱮᱱ ᱦᱚᱲ ᱡᱟᱨᱣᱟ ᱠᱟᱛᱮ ᱥᱩᱱᱩᱢ ᱯᱟᱧᱡᱟᱭᱟ ᱢᱮᱱ ᱛᱮ ᱵᱟᱦᱨᱮ ᱛᱮᱭᱮ ᱠᱚᱞ ᱠᱮᱫᱼᱟ ᱠᱚᱟ।
train_santalimale_03249	wavs/train_santalimale_03249.wav	ᱟᱛᱚ ᱴᱚᱞᱟ ᱨᱮᱱ ᱦᱚᱲ ᱦᱚᱸ ᱯᱟᱹᱠᱞᱩ ᱵᱟᱝ ᱫᱟᱭᱟ ᱠᱟᱛᱮ ᱦᱟᱹᱬᱰᱤᱯᱟᱹᱩᱨᱟᱹ ᱜᱮ ᱠᱚ ᱞᱟᱞᱚᱪᱟᱫᱟ।
train_santalimale_03250	wavs/train_santalimale_03250.wav	ᱚᱱᱟ ᱫᱚ ᱱᱟᱥᱮ ᱦᱚᱸ ᱵᱟᱝ ᱠᱚ ᱦᱩᱫᱤᱥ ᱞᱮᱫᱟ ᱡᱮ ᱟᱵᱚᱣᱟᱜᱼᱟ ᱞᱟᱞᱚᱪ ᱠᱟᱠᱷᱟᱱ ᱛᱮ ᱢᱤᱫᱼᱟᱴᱮᱱ ᱠᱩᱲᱤ ᱦᱚᱲᱟᱹᱜᱼᱟ ᱡᱤᱭᱚᱱ ᱵᱮᱨᱵᱟᱫᱚᱜᱼᱟ ᱠᱟᱱᱟ।
train_santalimale_03251	wavs/train_santalimale_03251.wav	ᱩᱱᱚᱠᱩ ᱦᱚᱲ ᱫᱚ ᱚᱠᱟ ᱠᱷᱚᱱ ᱪᱚ ᱡᱚᱢ ᱧᱩᱸ ᱵᱷᱟᱜᱟᱣ ᱠᱟᱛᱮ ᱚᱲᱟᱜᱼᱟ ᱠᱚ ᱨᱩᱣᱟᱹᱲ ᱦᱮᱡᱼᱟ ᱮᱱᱟ ᱟᱨ ᱠᱚ ᱞᱟᱹᱭ ᱠᱮᱫᱟ ᱡᱮ ᱥᱟᱹᱨᱤ ᱩᱛᱟᱹᱨ ᱜᱮ ᱯᱟᱹᱠᱞᱩ ᱫᱚᱭ ᱲᱟᱹᱱ ᱜᱮᱭᱟ।
train_santalimale_03252	wavs/train_santalimale_03252.wav	ᱯᱟᱹᱠᱞᱩ ᱦᱟᱱᱦᱟᱨ ᱛᱮᱫᱼᱟ ᱪᱮᱫᱼᱟ ᱮ ᱢᱮᱛᱟᱣᱟᱫᱼᱟ ᱠᱚ ᱛᱟᱸᱦᱮᱸᱠᱟᱱᱟ, ᱩᱱᱚᱠᱩ ᱫᱚ ᱚᱱᱟ ᱜᱮ ᱠᱚ ᱚᱱᱠᱟ ᱠᱮᱫᱟ।
train_santalimale_03253	wavs/train_santalimale_03253.wav	ᱟᱠᱚ ᱦᱚᱸ ᱛᱤᱱᱟᱹᱜᱼᱟ ᱠᱚ ᱠᱚᱭ ᱠᱮᱫᱮᱭᱟ, ᱩᱱᱟᱹᱜᱼᱟ ᱜᱮ ᱩᱱᱤ ᱦᱚᱸᱭ ᱮᱢᱟᱫᱼᱟ ᱠᱚᱟ।
train_santalimale_03254	wavs/train_santalimale_03254.wav	ᱯᱟᱹᱠᱞᱩᱭ ᱲᱟᱹᱱ ᱜᱮ ᱠᱟᱛᱷᱟ ᱫᱚ ᱜᱚᱴᱟ ᱟᱛᱚ ᱯᱟᱥᱱᱟᱣ ᱜᱚᱫᱼᱟ ᱮᱱᱟ।
train_santalimale_03255	wavs/train_santalimale_03255.wav	ᱟᱛᱚ ᱚᱲᱟᱹᱜᱼᱟ ᱨᱮᱱ ᱦᱚᱲ ᱫᱚ ᱫᱤᱱᱚᱢ ᱦᱤᱞᱚᱜᱼᱟ ᱩᱱᱤ ᱴᱟᱠᱩ ᱫᱷᱤᱯᱟᱹᱩ ᱠᱟᱛᱮ ᱫᱟᱜᱮ ᱠᱚ ᱮᱦᱚᱵᱼᱟ ᱠᱮᱫᱟ ᱡᱮᱢᱚᱱ ᱩᱱᱚᱠᱩ ᱚᱲᱟᱜᱼᱟ ᱨᱮᱱ ᱦᱚᱲ ᱫᱚ ᱟᱞᱚᱭ ᱡᱚᱢ ᱠᱚ।
train_santalimale_03256	wavs/train_santalimale_03256.wav	ᱟᱡᱼᱟ ᱨᱮᱱ ᱫᱩᱞᱟᱹᱲᱤᱭ ᱦᱚᱸ ᱟᱡᱼᱟ ᱠᱷᱚᱱ ᱫᱚᱭ ᱯᱷᱟᱨᱟᱠ ᱩᱛᱟᱹᱨ ᱮᱱᱟ।
train_santalimale_03257	wavs/train_santalimale_03257.wav	ᱢᱤᱫᱼᱟ ᱫᱤᱱ ᱫᱚ ᱵᱟᱱᱟᱨ ᱮᱸᱜᱟ ᱦᱚᱯᱚᱱ ᱛᱮ ᱠᱤᱱ ᱫᱚᱢᱟᱣ ᱠᱮᱫᱮᱭᱟ ᱟᱨ ᱠᱤᱱ ᱞᱟᱜᱟ ᱜᱚᱫᱼᱟ ᱠᱟᱫᱮᱭᱟ।
train_santalimale_03258	wavs/train_santalimale_03258.wav	ᱚᱱᱟ ᱵᱟᱲᱮᱹ ᱫᱟᱨᱮ ᱨᱮᱱ ᱪᱮᱸᱲᱮᱸ ᱠᱚ ᱫᱚ ᱟᱭᱢᱟ ᱟᱲᱟᱝ ᱛᱮ ᱥᱤᱥᱤᱨᱡᱟᱹᱣᱤᱡᱼᱟ ᱠᱚ ᱚᱸᱲᱦᱮᱸᱭᱮᱫᱮ ᱠᱟᱱ ᱛᱟᱸᱦᱮᱸᱠᱟᱱᱟ, ᱮᱱᱛᱮ ᱢᱚᱸᱡ ᱛᱮ ᱟᱠᱚᱣᱟᱜᱼᱟ ᱛᱩᱠᱟᱹ ᱛᱮᱠᱚ ᱨᱩᱣᱟᱹᱲ ᱦᱮᱡᱼᱟ ᱟᱠᱟᱱ ᱛᱟᱸᱦᱮᱸᱠᱟᱱᱟ।
train_santalimale_03259	wavs/train_santalimale_03259.wav	ᱢᱮᱱᱠᱷᱟᱱ ᱯᱟᱹᱠᱞᱩ ᱣᱟᱜᱼᱟ ᱦᱟᱞᱚᱛ ᱫᱚ ᱩᱱᱚᱠᱩ ᱠᱷᱚᱱ ᱩᱞᱴᱟᱹᱩ ᱜᱮᱭᱟ।
train_santalimale_03260	wavs/train_santalimale_03260.wav	ᱩᱱᱤ ᱫᱚ ᱚᱲᱟᱜᱼᱟ ᱠᱷᱚᱱ ᱫᱚᱭ ᱵᱟᱦᱨᱮ ᱟᱠᱟᱱ ᱛᱟᱸᱦᱮᱸᱠᱟᱱᱟ।
train_santalimale_03261	wavs/train_santalimale_03261.wav	ᱵᱟᱭ ᱵᱩᱡ ᱧᱟᱢᱮᱫᱼᱟ ᱛᱟᱸᱦᱮᱠᱟᱱᱟ ᱡᱮ ᱚᱠᱟᱛᱮᱭ ᱥᱮᱱᱚᱜᱼᱟᱟ।
train_santalimale_03262	wavs/train_santalimale_03262.wav	ᱩᱱᱤ ᱫᱚ ᱟᱹᱰᱤ ᱚᱵᱷᱟᱜᱤᱭᱟᱹᱜᱮᱭ ᱦᱩᱫᱤᱥ ᱧᱟᱢᱚᱜᱼᱟ ᱠᱟᱱ ᱛᱟᱸᱦᱮᱸᱠᱟᱱᱟ।
train_santalimale_03263	wavs/train_santalimale_03263.wav	ᱥᱤᱥᱤᱨᱡᱟᱹᱣᱤᱡᱼᱟ ᱫᱚ ᱡᱚᱱᱚᱢᱮ ᱮᱢᱟᱫᱮᱭᱟ, ᱢᱮᱱᱠᱷᱟᱱ ᱱᱩᱥᱤᱵ ᱫᱚ ᱵᱟᱭ ᱮᱢᱟᱫᱮᱭᱟ।
train_santalimale_03264	wavs/train_santalimale_03264.wav	ᱪᱮᱫᱟᱜᱼᱟ ᱵᱟᱹᱲᱤᱡᱼᱟ ᱦᱚᱨ ᱛᱮ ᱪᱟᱞᱟᱜᱼᱟ ᱨᱮ ᱵᱟᱭ ᱚᱨ ᱨᱩᱣᱟᱹᱲ ᱞᱮᱫᱮᱭᱟ।
train_santalimale_03265	wavs/train_santalimale_03265.wav	ᱯᱟᱹᱠᱞᱩ ᱫᱚ ᱛᱷᱚᱲᱟᱹ ᱦᱚᱸ ᱵᱟᱭ ᱦᱩᱫᱤᱥ ᱟᱠᱟᱫᱼᱟ ᱛᱟᱸᱦᱮᱠᱟᱱᱟ ᱡᱮ ᱟᱡᱼᱟ ᱨᱮᱱ ᱫᱩᱞᱟᱹᱲᱤᱭᱟ ᱢᱟᱹᱬᱴᱩ ᱦᱚᱸ ᱟᱡᱼᱟ ᱠᱷᱚᱱᱮ ᱯᱷᱟᱨᱟᱠᱚᱜᱼᱟᱟ।
train_santalimale_03266	wavs/train_santalimale_03266.wav	ᱚᱠᱚᱭ ᱢᱟᱹᱬᱴᱩ ᱯᱟᱹᱠᱞᱩ ᱞᱟᱹᱜᱤᱫᱼᱟ ᱥᱤᱧᱚᱧᱤᱱᱫᱟᱹᱭ ᱧᱤᱨ ᱵᱟᱲᱟᱹᱭ ᱠᱟᱱ ᱛᱟᱸᱦᱮᱸᱠᱟᱱᱟ, ᱡᱤᱣᱤ ᱦᱚᱸ ᱡᱤᱣᱤᱭ ᱟᱞᱟᱭᱮᱫᱼᱟ ᱠᱟᱱ ᱛᱟᱸᱦᱮᱸᱠᱟᱱᱟ।
train_santalimale_03267	wavs/train_santalimale_03267.wav	ᱵᱤᱨᱚᱵᱩᱨᱩ ᱥᱮ ᱵᱤᱞᱟᱹᱱᱵᱟᱹᱤᱦᱟᱹᱲᱠᱚ ᱨᱮ ᱩᱱᱤ ᱞᱟᱹᱜᱤᱫᱼᱟ ᱮ ᱜᱤᱛᱤᱡᱼᱟ ᱟᱸᱜᱟᱜᱼᱟ ᱠᱟᱱ ᱛᱟᱸᱦᱮᱸᱠᱟᱱᱟ, ᱵᱤᱡᱚᱠᱤᱫᱤᱧ ᱪᱮᱞᱮ ᱦᱚᱸ ᱵᱟᱲᱮᱹ ᱵᱚᱛᱚᱨᱟᱠᱚ ᱠᱟᱱ ᱛᱟᱸᱦᱮᱸᱠᱟᱱᱟ, ᱩᱱᱤ ᱢᱟᱹᱬᱴᱩ ᱜᱮ ᱱᱮᱛᱟᱨ ᱫᱚᱭ ᱪᱟᱹᱴᱩᱣᱟᱹᱭᱮᱱᱟ।
train_santalimale_03268	wavs/train_santalimale_03268.wav	ᱩᱱ ᱡᱚᱠᱷᱚᱱ ᱯᱟᱹᱠᱞᱩ ᱫᱚ ᱱᱮᱜᱮ ᱦᱟᱤ ᱤᱥᱚᱠᱩᱞ ᱨᱮᱭ ᱨᱟᱠᱟᱵᱼᱟ ᱟᱠᱟᱱ ᱛᱟᱸᱦᱮᱸᱠᱟᱱᱟ ᱟᱨ ᱢᱟᱹᱬᱴᱩ ᱫᱚ ᱠᱚᱞᱮᱡ ᱨᱮᱭ ᱯᱟᱲᱦᱟᱜᱼᱟ ᱠᱟᱱ ᱛᱟᱸᱦᱮᱸᱠᱟᱱᱟ।
train_santalimale_03269	wavs/train_santalimale_03269.wav	ᱟᱹᱲᱤ ᱩᱥᱟᱹᱨᱟ ᱯᱟᱹᱠᱞᱩᱣᱟᱜᱼᱟ ᱢᱚᱱᱮ ᱫᱚ ᱢᱟᱹᱬᱴᱩ ᱨᱮ ᱚᱨ ᱪᱟᱞᱟᱣᱮᱱᱟ।
train_santalimale_03270	wavs/train_santalimale_03270.wav	ᱜᱟᱛᱮ ᱠᱩᱲᱤ ᱦᱚᱸ ᱠᱚ ᱢᱮᱛᱟᱭ ᱠᱟᱱ ᱛᱟᱸᱦᱮᱸᱠᱟᱱᱟ, ᱵᱷᱟᱜᱮ ᱱᱟ ᱠᱚᱞᱮᱡ ᱠᱚᱲᱟᱭ ᱠᱩᱥᱤᱭᱟᱢ ᱠᱟᱱᱟ, ᱵᱷᱟᱹᱜᱟᱱ ᱦᱚᱲ ᱜᱮ ᱱᱚᱝᱠᱟᱱᱠᱚ ᱫᱚ ᱠᱚ ᱧᱟᱢᱮᱫᱼᱟ ᱠᱚᱟ।
train_santalimale_03271	wavs/train_santalimale_03271.wav	ᱥᱟᱹᱨᱤ ᱜᱮ ᱯᱟᱹᱠᱞᱩ ᱫᱚ ᱦᱟᱨᱟ ᱜᱚᱫᱚᱜᱼᱟ ᱥᱟᱸᱣ ᱛᱮ ᱟᱭᱟᱜᱼᱟ ᱱᱤᱨᱚᱞᱟ ᱚᱱᱛᱚᱨ ᱠᱷᱚᱱ ᱫᱩᱞᱟᱹᱲ ᱨᱟᱥᱟ ᱵᱩᱢᱵᱩᱠᱚᱜᱼᱟ ᱮᱦᱚᱵᱼᱟ ᱮᱱ ᱛᱟᱭᱟ।
train_santalimale_03272	wavs/train_santalimale_03272.wav	ᱚᱱᱟ ᱧᱩᱴᱩᱜᱼᱟ ᱦᱮᱲᱮᱢ ᱫᱩᱞᱟᱹᱲ ᱨᱟᱥᱟ ᱪᱮᱯᱮᱧ ᱞᱟᱹᱜᱤᱫᱼᱟ ᱢᱟᱹᱬᱴᱩᱣᱟᱜᱼᱟ ᱢᱚᱱᱮ ᱦᱚᱸ ᱵᱤᱠᱚᱞᱮᱱᱟ।
train_santalimale_03273	wavs/train_santalimale_03273.wav	ᱯᱟᱹᱠᱞᱩ ᱫᱚ ᱡᱚᱛᱚ ᱞᱮᱠᱟᱱᱟᱜᱼᱟ ᱫᱩᱞᱟᱹᱲ ᱛᱮ ᱩᱱᱤ ᱠᱩᱥᱤ ᱚᱪᱚᱭᱮᱭ ᱮᱦᱚᱵᱼᱟ ᱮᱱᱟ।
train_santalimale_03274	wavs/train_santalimale_03274.wav	ᱢᱤᱞᱣᱟ ᱫᱩᱞᱟᱹᱲ ᱛᱮ ᱵᱩᱞ ᱠᱟᱛᱮ ᱚᱱᱟ ᱫᱚᱭ ᱦᱤᱲᱤᱧ ᱱᱟᱯᱚᱲ ᱠᱟᱫᱟ ᱡᱮ ᱟᱡᱼᱟ ᱜᱚᱵᱟᱵᱟ ᱥᱮ ᱫᱟᱫᱟᱦᱤᱞᱤ ᱪᱮᱫᱼᱟ ᱠᱚ ᱢᱮᱛᱟᱭᱟ।
train_santalimale_03275	wavs/train_santalimale_03275.wav	ᱤᱥᱚᱠᱩᱞ ᱢᱮᱱᱛᱮ ᱚᱲᱚᱜᱼᱟ ᱠᱷᱚᱱ ᱚᱲᱚᱠ ᱠᱟᱛᱮ ᱚᱱᱟ ᱵᱟᱲᱮ ᱵᱩᱴᱟᱹ ᱨᱮᱜᱮᱭ ᱫᱩᱰᱩᱵᱼᱟᱠᱚᱜᱼᱟ ᱠᱟᱱ ᱛᱟᱸᱦᱮᱸᱠᱟᱱᱟ।
train_santalimale_03276	wavs/train_santalimale_03276.wav	ᱟᱨ ᱢᱟᱹᱬᱴᱩ ᱦᱚᱸ ᱤᱥᱚᱠᱩᱞ ᱵᱮᱨᱟ ᱦᱩᱭ ᱞᱮᱱ ᱠᱷᱟᱱ ᱜᱮ ᱛᱤ ᱨᱮ ᱜᱷᱟᱹᱲᱤᱭ ᱛᱚᱞᱠᱮᱫᱼᱟ, ᱡᱩᱛᱠᱮᱫᱼᱟ ᱦᱟᱹᱱᱤᱛᱚᱨᱟ ᱵᱟᱲᱮᱹ ᱵᱩᱴᱟᱹ ᱛᱮ ᱵᱟᱲᱮᱹ ᱵᱮᱞᱮ ᱡᱚᱢᱮ ᱢᱚᱦᱚᱬᱰᱟᱜᱼᱟ ᱠᱟᱱ ᱛᱟᱸᱦᱮᱸᱠᱟᱱᱟ।
train_santalimale_03277	wavs/train_santalimale_03277.wav	ᱫᱤᱱ ᱵᱷᱚᱨ ᱫᱩᱞᱟᱹᱲ ᱨᱟᱥᱟ ᱠᱤᱱ ᱪᱮᱯᱮᱡᱼᱟ ᱡᱚᱝ ᱠᱟᱱ ᱛᱟᱸᱦᱮᱸᱠᱟᱱᱟ।
train_santalimale_03278	wavs/train_santalimale_03278.wav	ᱟᱛᱚ ᱚᱲᱟᱜᱼᱟ ᱨᱮᱭᱟᱜᱼᱟ ᱞᱟᱡᱟᱣ ᱵᱚᱛᱚᱨ ᱫᱮᱭᱟ ᱜᱤᱰᱤ ᱠᱟᱛᱮ ᱩᱱᱚᱠᱤᱱ ᱫᱚ ᱟᱹᱠᱤᱱᱟᱜᱼᱟ ᱫᱩᱯᱩᱞᱟᱹᱲ ᱪᱮᱯᱮᱨᱮᱡᱼᱟ ᱨᱮ ᱠᱤᱱ ᱢᱚᱸᱜᱚᱱ ᱠᱚᱜᱼᱟ ᱠᱟᱱ ᱛᱟᱸᱦᱮᱸᱠᱟᱱᱟ।
train_santalimale_03279	wavs/train_santalimale_03279.wav	ᱟᱛᱚᱴᱚᱞᱟ ᱨᱮᱱ ᱦᱚᱲᱠᱚ ᱦᱚᱸ ᱠᱚ ᱧᱮᱞ ᱛᱤᱭᱟᱹᱜᱼᱟ ᱵᱟᱲᱟᱹ ᱠᱮᱫᱼᱟ ᱠᱤᱱ ᱠᱷᱟᱱ ᱯᱟᱹᱠᱞᱩ ᱨᱮᱱ ᱟᱯᱟᱵᱟᱨᱮ ᱠᱚ ᱞᱟᱹᱤᱭᱟᱫᱼᱟ ᱠᱚᱟ।
train_santalimale_03280	wavs/train_santalimale_03280.wav	ᱩᱱᱚᱠᱩ ᱦᱚᱸ ᱩᱱᱤ ᱫᱚᱢᱟᱣ ᱵᱟᱲᱟᱹ ᱠᱟᱛᱮ ᱤᱥᱚᱠᱩᱞ ᱪᱟᱞᱟᱜᱼᱟ ᱦᱚᱸ ᱠᱚ ᱵᱚᱱᱫ ᱠᱮᱫᱮᱭᱟ, ᱢᱮᱱᱮᱜᱼᱟ ᱵᱟᱨᱭᱟ ᱢᱚᱱᱮ ᱫᱩᱞᱟᱹᱲᱱᱟᱹᱲᱤ ᱛᱮ ᱟᱹᱰᱤ ᱟᱸᱴ ᱵᱟᱜᱼᱟᱵᱷᱮᱸᱠᱚᱲ ᱟᱠᱟᱱ ᱫᱚ ᱚᱠᱚᱭ ᱜᱮ ᱵᱟᱠᱚ ᱵᱩᱡ ᱞᱮᱫᱟ।
train_santalimale_03281	wavs/train_santalimale_03281.wav	ᱤᱥᱚᱠᱩᱞ ᱪᱟᱞᱟᱜᱼᱟ ᱠᱚ ᱵᱚᱱᱫ ᱠᱮᱫᱮ ᱠᱷᱟᱱ ᱯᱟᱹᱠᱞᱩ ᱫᱚ ᱟᱨ ᱠᱚ ᱞᱮᱠᱟ ᱵᱤᱨᱚᱵᱩᱨᱩ ᱵᱟᱡᱟᱨ ᱠᱟᱹᱢᱤ ᱪᱟᱞᱟᱜᱼᱟ ᱮ ᱮᱦᱚᱵᱼᱟ ᱮᱱᱟ।
train_santalimale_03282	wavs/train_santalimale_03282.wav	ᱩᱱᱤ ᱫᱚ ᱢᱟᱹᱬᱴᱩ ᱥᱚᱸᱜᱮ ᱧᱟᱯᱟᱢᱚᱜᱼᱟ ᱚᱠᱛᱮ ᱫᱚᱭ ᱚᱲᱚᱝ ᱤᱫᱤ ᱠᱮᱫᱟ।
train_santalimale_03283	wavs/train_santalimale_03283.wav	ᱢᱟᱹᱬᱴᱩ ᱛᱮᱠᱚ ᱟᱛᱚ ᱫᱚ ᱯᱟᱹᱠᱞᱩ ᱛᱮᱠᱚ ᱠᱷᱚᱱ ᱛᱷᱚᱲᱟᱹ ᱜᱮ ᱯᱷᱟᱨᱟᱠ ᱛᱟᱸᱦᱮᱸᱠᱟᱱᱟ।
train_santalimale_03284	wavs/train_santalimale_03284.wav	ᱚᱱᱟ ᱛᱮ ᱧᱟᱯᱟᱢᱚᱜᱼᱟ ᱨᱮ ᱡᱟᱸᱦᱟᱸᱱ ᱢᱩᱥᱠᱤᱞ ᱫᱚ ᱵᱟᱝ ᱛᱟᱸᱦᱮᱸᱠᱟᱱᱟ।
train_santalimale_03285	wavs/train_santalimale_03285.wav	ᱵᱟᱡᱟᱨ ᱨᱮᱭ ᱠᱟᱹᱢᱤ ᱡᱚᱠᱷᱟᱱ ᱢᱟᱹᱬᱴᱩ ᱦᱚᱸ ᱯᱟᱱ ᱡᱚᱢᱮ ᱪᱟᱞᱟᱜᱼᱟ ᱠᱟᱱ ᱛᱟᱸᱦᱮᱸᱠᱟᱱ ᱟᱨ ᱵᱤᱨ ᱛᱮ ᱪᱟᱞᱟᱜᱼᱟ ᱡᱚᱠᱷᱟᱱ ᱫᱚ ᱩᱱᱤ ᱦᱚᱸ ᱪᱮᱸᱲᱮᱸ ᱴᱩᱴᱤᱭ ᱫᱩᱠᱟᱹᱱᱮᱫᱼᱟ ᱛᱟᱸᱦᱮᱸᱠᱟᱱᱟ।
train_santalimale_03286	wavs/train_santalimale_03286.wav	ᱰᱷᱮᱨ ᱚᱠᱛᱮ ᱫᱚ ᱢᱤᱫᱼᱟ ᱛᱮᱜᱮ ᱠᱤᱱ ᱠᱷᱮᱢᱟᱣᱮᱫᱼᱟ ᱛᱟᱸᱦᱮᱸᱠᱟᱱᱟ।
train_santalimale_03287	wavs/train_santalimale_03287.wav	ᱢᱟᱹᱬᱴᱩ ᱟᱨ ᱯᱟᱹᱠᱞᱩᱣᱟᱜᱼᱟ ᱫᱩᱞᱟᱹᱲ ᱱᱟᱲᱤ ᱨᱮ ᱵᱟᱦᱟ ᱥᱟᱲ ᱢᱚᱠᱚᱧ ᱠᱟᱛᱮ ᱡᱚ ᱥᱟᱵᱚᱜᱼᱟ ᱫᱚ ᱮᱦᱚᱵᱼᱟ ᱮᱱᱟ।
train_santalimale_03288	wavs/train_santalimale_03288.wav	ᱢᱟᱹᱬᱴᱩ ᱫᱚ ᱱᱚᱟ ᱠᱟᱛᱷᱟ ᱱᱟᱥᱮ ᱵᱟᱲᱮ ᱵᱟᱲᱟᱭ ᱠᱟᱱ ᱛᱟᱸᱦᱮᱸᱠᱟᱱᱟ।
train_santalimale_03289	wavs/train_santalimale_03289.wav	ᱯᱟᱹᱠᱞᱩ ᱫᱚ ᱩᱱᱤ ᱱᱚᱟ ᱠᱟᱛᱷᱟᱭ ᱞᱟᱹᱭ ᱟᱫᱮ ᱠᱷᱟᱱ ᱫᱚ ᱢᱤᱫᱼᱟ ᱴᱷᱮᱡᱚᱜᱼᱟ ᱨᱮᱭᱟᱜᱼᱟ ᱠᱤᱱ ᱜᱚᱴᱟ ᱠᱮᱫᱟ।
train_santalimale_03290	wavs/train_santalimale_03290.wav	ᱢᱤᱫᱼᱟ ᱫᱤᱱ ᱢᱚᱱᱮ ᱠᱮᱴᱮᱡᱼᱟ ᱠᱟᱛᱮ ᱢᱟᱹᱬᱴᱩ ᱫᱚ ᱯᱟᱹᱠᱞᱩ ᱚᱲᱟᱜᱼᱟ ᱛᱮᱭ ᱤᱫᱤ ᱠᱮᱫᱮᱭᱟ।
train_santalimale_03291	wavs/train_santalimale_03291.wav	ᱟᱡᱼᱟ ᱜᱚᱜᱚ ᱫᱚ ᱱᱚᱟ ᱠᱟᱛᱷᱟ ᱯᱟᱹᱦᱤᱞ ᱠᱷᱚᱱ ᱜᱮ ᱱᱟᱥᱮᱱᱟᱥᱮ ᱫᱚᱭ ᱵᱟᱰᱟᱭ ᱧᱟᱢ ᱟᱠᱟᱫᱼᱟ ᱛᱟᱸᱦᱮᱸᱠᱟᱱᱟ।
train_santalimale_03292	wavs/train_santalimale_03292.wav	ᱚᱱᱟ ᱛᱮ ᱩᱱᱤ ᱫᱚ ᱯᱟᱹᱠᱞᱩ ᱵᱟᱭ ᱠᱩᱥᱤᱭᱟᱭ ᱠᱟᱱ ᱛᱟᱸᱦᱮᱸᱠᱟᱱᱟ।
train_santalimale_03293	wavs/train_santalimale_03293.wav	ᱢᱤᱫᱼᱟ ᱜᱚᱴᱮᱱ ᱦᱚᱯᱚᱱ ᱠᱚᱞᱮᱡ ᱨᱮ ᱯᱟᱲᱦᱟᱣ ᱢᱚᱠᱚᱧ ᱚᱪᱚ ᱠᱟᱛᱮ ᱵᱟᱯᱞᱟᱭᱮᱭ ᱢᱮᱱᱣᱟᱱ ᱛᱟᱸᱦᱮᱸᱠᱟᱱᱟ।
train_santalimale_03294	wavs/train_santalimale_03294.wav	ᱢᱮᱱᱠᱷᱟᱱ ᱯᱟᱹᱠᱞᱩ ᱜᱮ ᱢᱟᱹᱬᱴᱩᱭ ᱤᱫᱤ ᱣᱟᱫᱮ ᱠᱷᱟᱱ ᱢᱚᱱᱮ ᱨᱮᱭᱟᱜᱼᱟ ᱠᱟᱛᱷᱟ ᱢᱚᱱ ᱨᱮᱜᱮ ᱛᱟᱸᱦᱮᱸᱭᱮᱱ ᱛᱟᱭᱟ।
train_santalimale_03295	wavs/train_santalimale_03295.wav	ᱩᱱᱤ ᱫᱚ ᱮᱫᱨᱮ ᱛᱮ ᱤᱫᱤ ᱛᱚᱨᱟ ᱠᱷᱚᱱ ᱜᱮ ᱯᱟᱹᱠᱞᱩ ᱥᱟᱱᱛᱟᱣᱮᱭ ᱮᱦᱚᱵᱼᱟ ᱮᱱᱟ।
train_santalimale_03296	wavs/train_santalimale_03296.wav	ᱢᱮᱱᱠᱷᱟᱱ ᱟᱭᱟᱜᱼᱟ ᱵᱷᱟᱜᱮ ᱪᱚᱞᱚᱱᱵᱮᱣᱦᱟᱨ ᱛᱮ ᱦᱟᱱᱦᱟᱨ ᱛᱮᱫᱼᱟ ᱟᱜᱼᱟ ᱨᱟᱸᱜᱟᱣ ᱫᱚᱭ ᱨᱟᱲᱮᱡᱼᱟ ᱠᱮᱫᱟ ᱟᱨᱮ ᱛᱟᱞᱟ ᱚᱲᱟᱜᱼᱟ ᱮᱱᱟ।
train_santalimale_03297	wavs/train_santalimale_03297.wav	ᱫᱤᱱ ᱫᱚ ᱢᱟᱹᱦᱱᱟᱹ ᱨᱮ ᱟᱨ ᱢᱟᱹᱦᱱᱟᱹ ᱫᱚ ᱵᱚᱪᱷᱚᱨ ᱨᱮ ᱯᱟᱨᱚᱢ ᱤᱫᱤᱭᱮᱱᱟ।
train_santalimale_03298	wavs/train_santalimale_03298.wav	ᱢᱟᱹᱬᱴᱩ ᱫᱚ ᱚᱱᱟ ᱚᱜᱼᱟᱛᱮ ᱨᱮᱜᱮ ᱥᱚᱨᱠᱟᱨᱤ ᱠᱟᱹᱢᱤᱭ ᱧᱟᱢ ᱠᱮᱫᱟ।
train_santalimale_03299	wavs/train_santalimale_03299.wav	ᱟᱡᱼᱟ ᱨᱮᱱ ᱫᱩᱞᱟᱹᱲᱤᱭ ᱯᱟᱹᱠᱞᱩ ᱫᱚ ᱚᱲᱟᱜᱼᱟ ᱨᱮᱜᱮᱭ ᱵᱟᱹᱜᱤ ᱭᱟᱫᱮᱭᱟ।
train_santalimale_03300	wavs/train_santalimale_03300.wav	ᱩᱱᱤ ᱫᱚ ᱥᱚᱨᱠᱟᱨᱤ ᱫᱟᱨᱢᱟᱦᱟᱸ ᱟᱛᱟᱝᱚᱮ ᱮᱦᱚᱵᱼᱟ ᱮᱱᱟ।
train_santalimale_03301	wavs/train_santalimale_03301.wav	ᱥᱚᱨᱠᱟᱨᱤ ᱢᱩᱴᱷᱟᱹ ᱴᱟᱠᱟ ᱧᱮᱞ ᱛᱮ ᱢᱟᱹᱬᱴᱩ ᱣᱟᱜᱼᱟ ᱢᱚᱱᱮ ᱫᱚ ᱰᱤᱧᱰᱟᱣᱟᱜᱚᱜᱼᱟ ᱮᱦᱚᱵᱼᱟ ᱮᱱᱟ।
train_santalimale_03302	wavs/train_santalimale_03302.wav	ᱜᱟᱛᱮ ᱠᱚ ᱥᱟᱸᱣ ᱛᱮ ᱯᱟᱹᱩᱨᱟᱹ ᱥᱟᱞ ᱦᱤᱨᱤᱭ ᱮᱦᱚᱵᱼᱟ ᱮᱱᱟ।
train_santalimale_03303	wavs/train_santalimale_03303.wav	ᱮᱴᱟᱜᱼᱟ ᱠᱩᱲᱤ ᱧᱮᱞ ᱛᱮ ᱯᱟᱹᱦᱤᱞᱟᱜᱼᱟ ᱫᱩᱞᱟᱹᱲ ᱱᱟᱰᱤ ᱫᱚ ᱢᱚᱥᱚᱫᱚᱜᱼᱟ ᱮᱦᱚᱵᱼᱟ ᱮᱱ ᱛᱟᱭᱟ ᱟᱨ ᱮᱴᱟᱜᱼᱟ ᱫᱩᱞᱟᱹᱲ ᱱᱟᱹᱸᱰᱤ ᱥᱟᱜᱮᱱᱚᱜᱼᱟ ᱮᱦᱚᱵᱼᱟ ᱮᱱᱟ।
train_santalimale_03304	wavs/train_santalimale_03304.wav	ᱢᱟᱹᱬᱴᱩ ᱫᱚ ᱚᱲᱟᱹᱜᱼᱟ ᱛᱮ ᱥᱮᱱᱚᱜᱼᱟ ᱦᱚᱸᱭ ᱠᱚᱢ ᱤᱫᱤ ᱠᱮᱫᱟ।
train_santalimale_03305	wavs/train_santalimale_03305.wav	ᱥᱮᱱᱚᱜᱼᱟ ᱨᱮ ᱦᱚᱸᱭ ᱯᱟᱹᱦᱤᱞ ᱞᱮᱠᱟ ᱯᱟᱹᱠᱞᱩ ᱫᱚ ᱵᱟᱭ ᱫᱩᱞᱟᱹᱲᱮᱭᱟ।
train_santalimale_03306	wavs/train_santalimale_03306.wav	ᱩᱱᱤ ᱫᱚ ᱢᱟᱹᱬᱴᱩᱣᱟᱜᱼᱟ ᱯᱷᱮᱨᱟᱣ ᱢᱚᱱᱮ ᱟᱡᱼᱟ ᱥᱚᱨ ᱞᱟᱣᱮᱨ ᱟᱹᱜᱩᱭ ᱞᱟᱹᱜᱤᱫᱼᱟ ᱮ ᱠᱩᱨᱩᱢᱩᱴᱩ ᱵᱟᱲᱟᱹ ᱠᱮᱫᱟ।
train_santalimale_03307	wavs/train_santalimale_03307.wav	ᱵᱟᱹᱭᱵᱟᱹᱭ ᱛᱮ ᱢᱟᱹᱬᱴᱩᱣᱟᱜᱼᱟ ᱫᱩᱞᱟᱹᱲ ᱫᱚ ᱩᱱᱤ ᱞᱟᱹᱜᱤᱫᱼᱟ ᱦᱤᱨᱠᱷᱟᱹ ᱨᱮ ᱵᱚᱫᱚᱞᱮᱱᱟ ᱮᱴᱟᱜᱼᱟ ᱵᱟᱦᱟ ᱨᱮᱭᱟᱜᱼᱟ ᱨᱟᱥᱟ ᱜᱮ ᱦᱮᱲᱮᱢᱮ ᱵᱩᱡ ᱠᱮᱫᱼᱟ ᱛᱮ ᱩᱱᱤ ᱯᱟᱹᱠᱞᱩᱭ ᱰᱷᱤᱞᱟᱹᱩ ᱤᱫᱤ ᱠᱮᱫᱮᱭᱟ।
train_santalimale_03308	wavs/train_santalimale_03308.wav	ᱩᱱᱤ ᱫᱚ ᱩᱱᱤ ᱥᱚᱸᱜᱮ ᱛᱮ ᱴᱷᱮᱸᱜᱟ ᱛᱮ ᱜᱟᱞᱢᱟᱨᱟᱣᱮ ᱮᱦᱚᱵᱼᱟ ᱮᱱᱟ।
train_santalimale_03309	wavs/train_santalimale_03309.wav	ᱩᱱ ᱚᱜᱼᱟᱛᱮ ᱨᱮ ᱫᱚ ᱯᱟᱹᱠᱞᱩ ᱫᱩᱞᱟᱹᱲ ᱱᱤᱥᱟᱹᱱᱟ ᱱᱮ ᱜᱮ ᱫᱷᱟᱹᱨᱛᱤ ᱨᱮᱭ ᱛᱮᱸᱜᱚ ᱠᱮᱴᱮᱡᱚᱜᱼᱟ ᱠᱟᱱ ᱛᱟᱸᱦᱮᱸᱠᱟᱱᱟ।
train_santalimale_03310	wavs/train_santalimale_03310.wav	ᱚᱱᱟ ᱛᱟᱠ ᱨᱮᱜᱮ ᱡᱟᱱᱟᱢ ᱫᱟᱛᱟ ᱫᱚ ᱯᱩᱠᱞᱩᱭ ᱫᱮᱭᱟ ᱜᱤᱰᱤᱠᱟᱫᱮᱭᱟ ᱟᱨ ᱚᱱᱟ ᱛᱟᱭᱚᱢ ᱫᱚ ᱚᱱᱟ ᱵᱟᱲᱮᱹ ᱵᱩᱴᱟᱹ ᱨᱮᱭ ᱨᱟᱜᱼᱟ ᱡᱚᱝ ᱠᱟᱱᱟ, ᱚᱠᱟ ᱨᱮ ᱫᱚ ᱥᱮᱨᱮᱧᱟᱛᱮ ᱫᱩᱞᱟᱹᱲ ᱢᱟᱞᱟᱹᱭ ᱜᱟᱛᱷᱟᱣ ᱡᱟᱨᱣᱟᱭᱮᱫᱼᱟ ᱛᱟᱸᱦᱮᱸᱠᱟᱱ।
train_santalimale_03311	wavs/train_santalimale_03311.wav	ᱦᱩᱛᱟᱹᱱ ᱵᱷᱟᱜᱮ ᱥᱚᱢᱟᱡ ᱛᱟᱸᱦᱮᱸᱱ ᱠᱷᱟᱱ ᱟᱛᱚ ᱚᱲᱟᱹᱜᱼᱟ ᱨᱮᱱ ᱦᱚᱲ ᱴᱷᱮᱱᱮ ᱛᱟᱸᱦᱮᱸ ᱟᱸᱜᱟ ᱠᱚᱠᱚᱟ।
train_santalimale_03312	wavs/train_santalimale_03312.wav	ᱱᱚᱟ ᱥᱚᱢᱟᱡ ᱜᱮ ᱟᱨ ᱦᱚᱸ ᱩᱱᱟᱹᱜᱼᱟ ᱫᱚᱭ ᱟᱣᱟᱴᱟᱯᱟ ᱠᱟᱫᱮᱭᱟ।
train_santalimale_03313	wavs/train_santalimale_03313.wav	ᱱᱤᱛᱚᱜᱼᱟ ᱯᱟᱹᱠᱞᱩ ᱨᱮᱱ ᱜᱚᱵᱟᱵᱟ ᱫᱚ ᱵᱟᱹᱱᱩᱜᱼᱟ ᱠᱤᱱᱟᱹ।
train_santalimale_03314	wavs/train_santalimale_03314.wav	ᱫᱟᱫᱟᱫᱼᱟᱦᱤᱞᱤᱫᱼᱟ ᱦᱚᱸ ᱩᱱᱟᱹᱜᱼᱟ ᱵᱚᱪᱷᱚᱨ ᱵᱟᱝ ᱠᱚ ᱜᱚᱨᱟᱥ ᱞᱮᱫᱮᱭᱟ।
train_santalimale_03315	wavs/train_santalimale_03315.wav	ᱩᱱᱚᱠᱩᱣᱟᱜᱼᱟ ᱵᱚᱦᱚᱜᱼᱟ ᱫᱚ ᱞᱚᱞᱚ ᱜᱮ ᱛᱟᱸᱦᱮᱸᱭᱮᱱᱟ।
train_santalimale_03316	wavs/train_santalimale_03316.wav	ᱢᱤᱫᱼᱟ ᱴᱮᱱ ᱢᱤᱥ ᱮᱨᱟᱛ ᱟᱹᱰᱤ ᱫᱩᱞᱟᱹᱲ ᱛᱮ ᱠᱚ ᱦᱟᱨᱟ ᱞᱮᱫᱮᱭᱟ।
train_santalimale_03317	wavs/train_santalimale_03317.wav	ᱟᱠᱚ ᱵᱟᱝ ᱡᱚᱢ ᱠᱟᱛᱮ ᱯᱟᱹᱠᱞᱩ ᱠᱚ ᱡᱚᱢ ᱚᱪᱚᱭᱮᱫᱮ ᱠᱟᱱ ᱛᱟᱸᱦᱮᱸᱠᱟᱱᱟ।
train_santalimale_03318	wavs/train_santalimale_03318.wav	ᱱᱟᱞᱦᱟᱛᱩᱢᱟᱹᱞ ᱡᱟᱨᱣᱟ ᱠᱟᱛᱮ ᱯᱟᱹᱠᱞᱩ ᱠᱚ ᱯᱟᱲᱦᱟᱣ ᱚᱪᱚᱭᱮᱫᱮ ᱠᱟᱱ ᱛᱟᱸᱦᱮᱸᱠᱟᱱᱟ।
train_santalimale_03319	wavs/train_santalimale_03319.wav	ᱪᱮᱫᱼᱟ ᱞᱮᱠᱟ ᱪᱚ ᱟᱠᱚ ᱨᱮᱱ ᱢᱤᱥ ᱮᱨᱟ ᱞᱟᱹᱜᱤᱫᱼᱟ ᱠᱚ ᱦᱩᱫᱤᱥ ᱟᱠᱟᱫᱼᱟ ᱛᱟᱸᱦᱮᱸᱠᱟᱱ।
train_santalimale_03320	wavs/train_santalimale_03320.wav	ᱛᱤᱱᱟᱹᱜᱼᱟ ᱪᱚ ᱩᱱᱤ ᱵᱟᱯᱞᱟᱭᱮ ᱨᱮᱭᱟᱜᱼᱟ ᱥᱟᱫ ᱛᱟᱸᱦᱮᱸᱠᱟᱱ ᱛᱟᱠᱚᱟ।
train_santalimale_03321	wavs/train_santalimale_03321.wav	ᱯᱟᱹᱠᱞᱩ ᱫᱚ ᱡᱚᱛᱚᱣᱟᱜᱼᱟ ᱫᱷᱩᱲᱤ ᱨᱮᱭ ᱞᱮᱵᱮᱫᱼᱟ ᱩᱱᱩᱢ ᱠᱮᱫᱼᱟ ᱛᱟᱠᱚᱟ।
train_santalimale_03322	wavs/train_santalimale_03322.wav	ᱩᱱᱚᱠᱩᱣᱟᱜᱼᱟ ᱫᱟᱹᱦᱲᱤ ᱦᱚᱸᱭ ᱧᱩᱸᱨᱦᱟᱹ ᱠᱮᱫᱼᱟ ᱛᱟᱠᱚᱟ।
train_santalimale_03323	wavs/train_santalimale_03323.wav	ᱯᱟᱹᱠᱞᱩ ᱫᱚ ᱱᱚᱟ ᱠᱚ ᱠᱟᱛᱷᱟ ᱦᱩᱫᱤᱥ ᱛᱤᱭᱟᱹᱜᱼᱟ ᱠᱟᱛᱮ ᱢᱚᱱᱮ ᱫᱚ ᱟᱨᱛᱮᱫᱼᱟ ᱠᱷᱚᱱᱫᱚᱜᱼᱟ ᱞᱚᱯᱚᱜᱚᱜᱼᱟ ᱠᱟᱱ ᱛᱟᱭ ᱛᱟᱸᱦᱮᱠᱟᱱᱟ, ᱢᱮᱱᱠᱷᱟᱱ ᱚᱠᱚᱭ ᱪᱮᱫᱼᱟ ᱮ ᱢᱮᱛᱟᱠᱚᱟ।
train_santalimale_03324	wavs/train_santalimale_03324.wav	ᱡᱚᱛᱚᱣᱟᱜᱼᱟ ᱢᱟ ᱟᱭᱟᱜᱼᱟ ᱠᱟᱸᱲᱟ ᱫᱩᱞᱟᱹᱲ ᱠᱟᱹᱨᱚᱱ ᱛᱮᱜᱮ ᱦᱩᱭᱮᱱ।
train_santalimale_03325	wavs/train_santalimale_03325.wav	ᱱᱤᱛᱚᱜᱼᱟ ᱫᱚ ᱟᱹᱰᱤ ᱟᱸᱴ ᱜᱮᱭ ᱠᱟᱥᱛᱟᱜᱼᱟ ᱠᱟᱱ ᱛᱟᱸᱦᱮᱸᱠᱟᱱᱟ, ᱢᱮᱱᱠᱷᱟᱱ ᱛᱟᱭᱱᱚᱢ ᱠᱟᱥᱛᱟᱣ ᱠᱷᱚᱱ ᱞᱟᱦᱟ ᱠᱟᱥᱛᱟᱣ ᱜᱮ ᱵᱚᱜᱮᱭᱟ।
train_santalimale_03326	wavs/train_santalimale_03326.wav	ᱪᱚᱴᱯᱷᱮᱰᱮ ᱦᱩᱫᱤᱥᱮᱫᱼᱟ ᱠᱟᱱ ᱛᱟᱸᱦᱮᱸᱠᱟᱱᱟ।
train_santalimale_03327	wavs/train_santalimale_03327.wav	ᱟᱡᱼᱟ ᱛᱮᱫᱼᱟ ᱜᱮ ᱵᱮᱥ ᱛᱮ ᱵᱟᱭ ᱚᱨᱚᱢᱚᱜᱼᱟ ᱠᱟᱱ ᱛᱟᱸᱦᱮᱸᱠᱟᱱᱟ।
train_santalimale_03328	wavs/train_santalimale_03328.wav	ᱚᱱᱟ ᱵᱟᱲᱮ ᱫᱟᱨᱮ ᱜᱮᱭ ᱵᱮᱸᱜᱮᱫᱼᱟ ᱟᱜᱼᱟ ᱠᱟᱱ ᱛᱟᱸᱦᱮᱸᱠᱟᱱᱟ, ᱮᱱᱛᱮ ᱚᱱᱟ ᱵᱟᱲᱮᱹ ᱫᱟᱨᱮ ᱦᱚᱸ ᱢᱤᱫᱼᱟ ᱵᱤᱫᱟᱹᱞ ᱫᱚ ᱯᱟᱹᱠᱞᱩ ᱞᱮᱠᱟ ᱜᱮ ᱟᱹᱰᱤ ᱵᱟᱞᱮ ᱠᱟᱹᱦᱞᱤ ᱟᱨ ᱦᱩᱰᱤᱧ ᱢᱟᱪᱷᱟ ᱠᱟᱹᱱᱰᱞᱟᱹᱜᱼᱟ ᱟᱠᱟᱱ ᱛᱟᱸᱦᱮᱸᱠᱟᱱᱟ।
train_santalimale_03329	wavs/train_santalimale_03329.wav	ᱵᱤᱱᱟᱹ ᱞᱟᱸᱜᱟ ᱛᱮᱢ ᱫᱩᱰᱩᱵᱼᱟ ᱡᱤᱨᱟᱹᱩ ᱠᱚᱜᱼᱟᱟ ᱟᱨᱮᱢ ᱫᱩᱰᱩᱵᱼᱟ ᱡᱤᱨᱟᱹᱩ ᱞᱮᱱ ᱠᱷᱟᱱ ᱠᱷᱟᱸᱴᱤ ᱜᱮ ᱵᱤᱱᱟ ᱫᱩᱫᱚᱰᱩᱢ ᱛᱮᱢ ᱡᱟᱹᱯᱤᱫᱼᱟ ᱠᱮᱭᱟ।
train_santalimale_03330	wavs/train_santalimale_03330.wav	ᱚᱱᱟ ᱫᱟᱨᱮ ᱫᱚ ᱞᱟᱹᱴᱩ ᱫᱟᱨᱮ ᱨᱮ ᱞᱮᱠᱷᱟᱭᱮᱱᱟ।
train_santalimale_03331	wavs/train_santalimale_03331.wav	ᱟᱫᱚ ᱪᱮᱫᱼᱟ ᱯᱟᱹᱠᱞᱩ ᱦᱚᱸ ᱚᱱᱟ ᱫᱟᱨᱮ ᱞᱮᱠᱟᱭ ᱢᱟᱨᱮᱭᱮᱱᱟ?
train_santalimale_03332	wavs/train_santalimale_03332.wav	ᱟᱹᱰᱤ ᱫᱤᱱ ᱢᱟ ᱟᱭᱟᱜᱼᱟ ᱢᱮᱛᱦᱟᱸ ᱥᱮ ᱦᱚᱲᱢᱚ ᱛᱟᱭ ᱟᱹᱨᱥᱤ ᱨᱮ ᱧᱮᱞ ᱛᱮᱜᱮ ᱵᱟᱭ ᱵᱷᱟᱜᱟᱜᱼᱟ ᱠᱟᱱ ᱛᱟᱸᱦᱮᱸᱠᱟᱱᱟ।
train_santalimale_03333	wavs/train_santalimale_03333.wav	ᱫᱚᱦᱲᱟᱹᱛᱮᱦᱲᱟᱹᱭ ᱟᱹᱨᱥᱤᱜᱼᱟ ᱠᱟᱱ ᱛᱟᱸᱦᱮᱸᱠᱟᱱᱟ ᱟᱨ ᱢᱚᱱᱮᱢᱚᱱᱮ ᱛᱮ ᱜᱩᱛᱚᱞᱩᱭᱮ ᱞᱮᱠᱟᱭ ᱠᱩᱥᱤᱜᱼᱟ ᱠᱟᱱ ᱛᱟᱸᱦᱮᱸᱠᱟᱱᱟ।
train_santalimale_03334	wavs/train_santalimale_03334.wav	ᱠᱩᱥᱤ ᱛᱮ ᱟᱸᱴ ᱟᱲᱟᱹᱝ ᱛᱮ ᱥᱤᱥᱤᱨᱡᱟᱹᱣᱤᱡᱼᱟ ᱮ ᱥᱟᱨᱦᱟᱣᱮᱫᱮ ᱠᱟᱱ ᱛᱟᱸᱦᱮᱸᱠᱟᱱᱟ।
train_santalimale_03335	wavs/train_santalimale_03335.wav	ᱦᱩᱫᱤᱥᱮᱫᱼᱟ ᱠᱟᱱ ᱛᱟᱸᱦᱮᱸᱠᱟᱱᱟᱭ, ᱯᱟᱥᱮᱡᱼᱟ, ᱥᱤᱥᱤᱨᱡᱟᱹᱣᱤᱡᱼᱟ ᱫᱚ ᱟᱭᱟᱜᱼᱟ ᱥᱚᱱᱚᱛ ᱛᱤᱱ ᱫᱚ ᱩᱱᱤ ᱵᱮᱱᱟᱣᱮ ᱨᱮ ᱟᱹᱰᱤ ᱜᱮᱭ ᱠᱚᱥᱴᱚ ᱞᱮᱫᱟ।
train_santalimale_03336	wavs/train_santalimale_03336.wav	ᱛᱚᱵᱮ ᱵᱟᱝ ᱟᱫᱦᱟ ᱥᱟᱲ ᱵᱟᱦᱟ ᱞᱮᱠᱟ ᱵᱷᱚᱢᱵᱚᱨᱠᱚᱫᱼᱟ ᱫᱚᱭ ᱧᱮᱞᱚᱜᱼᱟ ᱠᱟᱱ ᱛᱟᱸᱦᱮᱸᱠᱟᱱᱟ।
train_santalimale_03337	wavs/train_santalimale_03337.wav	ᱛᱚᱵᱮ ᱛᱮᱛᱟᱝ ᱠᱟᱭᱨᱟ ᱯᱚᱦᱟ ᱞᱮᱠᱟ ᱞᱮᱣᱮᱨ ᱠᱚᱫᱚᱨ ᱫᱚᱭ ᱵᱮᱱᱟᱣ ᱟᱠᱟᱱ ᱛᱟᱸᱦᱮᱸᱠᱟᱱᱟ।
train_santalimale_03338	wavs/train_santalimale_03338.wav	ᱞᱩᱴᱤ ᱢᱟ ᱡᱚᱡᱚ ᱥᱟᱠᱟᱢ ᱟᱨ ᱯᱟᱱ ᱡᱚᱢ ᱟᱠᱟᱫᱼᱟ ᱞᱮᱠᱟ ᱟᱨ ᱢᱮᱫᱼᱟ ᱠᱤᱱ ᱢᱟ ᱟᱭᱱᱚᱢ ᱠᱟᱡᱟᱨ ᱟᱠᱟᱫᱼᱟ ᱞᱮᱠᱟ ᱛᱟᱸᱦᱮᱸᱠᱟᱱ ᱛᱟᱭᱟ।
train_santalimale_03339	wavs/train_santalimale_03339.wav	ᱦᱚᱲ ᱠᱚᱟᱜᱼᱟ ᱢᱚᱪᱟ ᱦᱚᱸ ᱯᱟᱹᱠᱞᱩ ᱥᱟᱨᱦᱟᱣ ᱞᱟᱹᱜᱤᱫᱼᱟ ᱫᱚ ᱵᱟᱲ ᱠᱚᱢ ᱞᱮᱱᱟ।
train_santalimale_03340	wavs/train_santalimale_03340.wav	ᱩᱱᱤ ᱫᱚ ᱠᱚ ᱯᱟᱨᱚᱢ ᱚᱪᱚ ᱣᱟᱭᱠᱟᱱ ᱛᱟᱸᱦᱮᱸᱠᱟᱱᱟ ᱟᱨᱠᱚ ᱮᱦᱚᱵᱚᱜᱼᱟ ᱠᱟᱱ ᱛᱟᱸᱦᱮᱸᱠᱟᱱᱟ ᱢᱟᱥᱮ ᱯᱟᱹᱠᱞᱩ ᱫᱚ ᱛᱤᱱᱟᱹᱜᱼᱟ ᱢᱚᱸᱡ ᱠᱩᱲᱤ, ᱪᱟᱸᱫᱚ ᱫᱚ ᱚᱠᱚᱭ ᱞᱟᱹᱜᱤᱫᱼᱟ ᱪᱚ ᱤᱯᱤᱞ ᱞᱮᱠᱟᱭ ᱵᱮᱱᱟᱣᱟᱠᱟᱫᱮᱭᱟ।
train_santalimale_03341	wavs/train_santalimale_03341.wav	ᱥᱟᱹᱨᱤ ᱜᱮ ᱡᱟᱸᱦᱟᱸᱭᱮ ᱥᱟᱨᱦᱟᱣ ᱢᱮ ᱫᱚ ᱠᱩᱥᱤ ᱜᱮ ᱟᱹᱤᱠᱟᱹᱜᱼᱟᱟ।
train_santalimale_03342	wavs/train_santalimale_03342.wav	ᱯᱟᱹᱠᱞᱩ ᱦᱚᱸ ᱚᱱᱠᱟᱱ ᱠᱟᱛᱷᱟ ᱟᱧᱡᱚᱢ ᱠᱟᱛᱮ ᱟᱡᱼᱟ ᱛᱮᱫᱼᱟ ᱫᱚ ᱟᱹᱰᱤ ᱢᱚᱸᱡᱮ ᱦᱩᱫᱤᱥᱚᱜᱼᱟ ᱠᱟᱱ ᱛᱟᱸᱦᱮᱸᱠᱟᱱᱟ।
train_santalimale_03343	wavs/train_santalimale_03343.wav	ᱟᱹᱱᱟᱹᱲᱤ ᱦᱚᱲ ᱦᱚᱸ ᱛᱮᱸᱜᱚ ᱚᱜᱼᱟ ᱠᱟᱛᱮ ᱠᱚ ᱧᱮᱞᱮ ᱠᱟᱱ ᱛᱟᱸᱦᱮᱸᱠᱟᱱᱟ।
train_santalimale_03344	wavs/train_santalimale_03344.wav	ᱠᱟᱛᱷᱟ ᱵᱟᱝ ᱛᱟᱸᱦᱮᱸᱱ ᱨᱮ ᱦᱚᱸ ᱠᱚ ᱠᱩᱞᱤ ᱞᱮᱜᱟ ᱭᱮᱫᱮ ᱠᱟᱱ ᱛᱟᱸᱦᱮᱸᱠᱟᱱᱟ ᱟᱨ ᱢᱩᱪᱟᱹᱫᱼᱟ ᱨᱮ ᱫᱚ ᱠᱚ ᱢᱟᱱᱛᱟᱨ ᱛᱚᱨᱟᱭᱮᱫᱼᱟ ᱠᱟᱱ ᱛᱟᱸᱦᱮᱸᱠᱟᱱᱟ ᱱᱚᱝᱠᱟᱱ ᱵᱟᱹᱦᱩᱢ ᱧᱟᱢᱮᱭᱟ, ᱛᱚᱵᱮ ᱱᱟᱹᱦᱤ ᱵᱟᱝ।
train_santalimale_03345	wavs/train_santalimale_03345.wav	ᱚᱱᱟ ᱠᱚ ᱠᱟᱛᱷᱟ ᱟᱧᱡᱚᱢ ᱠᱟᱛᱮ ᱯᱟᱹᱠᱞᱩᱣᱟᱜᱼᱟ ᱢᱚᱱᱮ ᱫᱚ ᱨᱟᱹᱥᱠᱟᱹ ᱯᱮᱨᱮᱡᱼᱟ ᱜᱟᱰᱟ ᱨᱮ ᱯᱟᱭᱨᱟᱜᱼᱟ ᱠᱟᱱ ᱛᱟᱸᱦᱮᱸᱠᱟᱱᱟ।
train_santalimale_03346	wavs/train_santalimale_03346.wav	ᱟᱨ ᱟᱭᱟᱜᱼᱟ ᱫᱟᱨᱟᱭᱠᱟᱱ ᱡᱤᱭᱚᱱ ᱞᱟᱹᱜᱤᱫᱼᱟ ᱮ ᱜᱩᱱᱤᱵᱷᱟᱹᱣᱤᱜᱼᱟ ᱠᱟᱱ ᱛᱟᱸᱦᱮᱸᱠᱟᱱᱟ ᱠᱷᱟᱹᱸᱴᱤ ᱜᱮ ᱢᱚᱸᱡ ᱚᱲᱟᱜᱼᱟ ᱤᱧ ᱯᱟᱲᱟᱜᱼᱟᱟ, ᱚᱠᱟ ᱨᱮ ᱫᱚ ᱟᱹᱰᱤ ᱫᱩᱞᱟᱹᱲᱤᱧ ᱧᱟᱢᱟ।
train_santalimale_03347	wavs/train_santalimale_03347.wav	ᱟᱹᱰᱤ ᱦᱮᱥᱮᱡᱼᱟᱥᱮᱠᱨᱮᱡᱼᱟ ᱛᱮ ᱟᱯᱟ ᱵᱟᱨᱮᱧ ᱫᱟᱨᱟᱢ ᱠᱚᱟ।
train_santalimale_03348	wavs/train_santalimale_03348.wav	ᱢᱮᱱᱟᱜᱼᱟ ᱯᱟᱹᱠᱞᱩᱣᱟᱜᱼᱟ ᱱᱚᱟ ᱦᱩᱫᱤᱥ ᱫᱚ ᱟᱹᱩᱲᱤᱭᱟᱜᱼᱟ ᱮᱱ ᱛᱟᱭᱟ।
train_santalimale_03349	wavs/train_santalimale_03349.wav	ᱮᱱᱛᱮ, ᱨᱮᱦᱰᱟ ᱦᱟᱥᱟ ᱨᱮᱭ ᱞᱮᱸᱡᱮᱫᱼᱟ ᱵᱷᱤᱱᱫᱟᱹᱲ ᱢᱟᱲᱟᱹᱝᱮᱱ ᱛᱮ ᱟᱡᱼᱟ ᱜᱮ ᱟᱹᱰᱤᱭ ᱡᱚᱠᱷᱚᱢᱮᱱᱟ।
train_santalimale_03350	wavs/train_santalimale_03350.wav	ᱚᱱᱟ ᱛᱮᱪᱚᱝ ᱱᱤᱛᱚᱜᱼᱟ ᱚᱱᱟ ᱵᱟᱲᱮᱹ ᱫᱟᱨᱮ ᱠᱷᱚᱱ ᱵᱟᱭ ᱛᱟᱲᱟᱹᱢ ᱞᱟᱦᱟ ᱫᱟᱲᱮᱹᱭᱟᱜᱼᱟ ᱠᱟᱱᱟ।
train_santalimale_03351	wavs/train_santalimale_03351.wav	ᱯᱟᱹᱠᱞᱩ ᱫᱚ ᱚᱱᱟ ᱵᱟᱲᱮᱹ ᱫᱟᱨᱮ ᱵᱩᱴᱟᱹ ᱨᱮ ᱟᱡᱼᱟ ᱢᱚᱛᱚ ᱜᱮ ᱴᱩᱠᱩᱨᱚᱴᱩᱠᱩᱨᱮ ᱜᱤᱛᱤᱡᱼᱟ ᱟᱸᱜᱟᱭᱮᱱᱟ।
train_santalimale_03352	wavs/train_santalimale_03352.wav	ᱚᱱᱟ ᱵᱟᱲᱮᱹ ᱫᱟᱨᱮ ᱵᱩᱴᱟᱹ ᱨᱮ ᱜᱮ ᱯᱟᱹᱦᱤᱞ ᱫᱚ ᱟᱡᱼᱟ ᱨᱮᱱ ᱫᱩᱞᱟᱹᱲᱤᱭᱟᱹᱣᱟᱜᱼᱟ ᱞᱚᱞᱚ ᱥᱟᱸᱦᱮᱸᱫᱼᱟ ᱛᱮᱭ ᱩᱨᱚᱜᱩᱢ ᱠᱚᱜᱼᱟ ᱠᱟᱱ ᱛᱟᱸᱦᱮᱸᱠᱟᱱᱟ।
train_santalimale_03353	wavs/train_santalimale_03353.wav	ᱢᱮᱱᱠᱷᱟᱱ ᱮᱱ ᱦᱤᱞᱚᱜᱼᱟ ᱫᱚ ᱟᱡᱼᱟ ᱢᱚᱛᱚ ᱪᱮᱞᱮᱭᱟᱜᱼᱟ ᱥᱟᱭᱥᱟᱵᱟᱫ ᱦᱚᱸ ᱵᱟᱝ, ᱮᱠᱮᱱ ᱟᱭᱟᱜᱼᱟ ᱱᱤᱡᱟᱹᱨᱟ ᱵᱤᱛᱟᱹᱩ ᱟᱠᱟᱱ ᱜᱷᱚᱴᱱᱟ ᱠᱚ ᱨᱮᱭᱟᱜᱼᱟ ᱩᱢᱩᱞᱮ ᱧᱮᱞ ᱧᱟᱢᱮᱫᱼᱟ ᱠᱟᱱ ᱛᱟᱸᱦᱮᱸᱠᱟᱱᱟ।
train_santalimale_03354	wavs/train_santalimale_03354.wav	ᱢᱚᱱᱮ ᱨᱮ ᱱᱚᱟ ᱦᱚᱸ ᱦᱩᱫᱤᱥ ᱦᱮᱡᱼᱟ ᱟᱭ ᱠᱟᱱ ᱛᱟᱸᱦᱮᱸᱠᱟᱱᱟ ᱡᱮ ᱯᱟᱥᱮᱡᱼᱟ ᱫᱚ ᱟᱡᱼᱟ ᱨᱮᱱ ᱫᱩᱞᱟᱹᱲᱤᱭᱟᱣᱟᱜᱼᱟ ᱢᱚᱱᱮ ᱵᱚᱫᱚᱞᱚᱜᱼᱟ ᱛᱟᱭ ᱛᱮᱭ ᱨᱩᱣᱟᱹᱲ ᱤᱫᱤᱤᱭᱟ, ᱢᱮᱱᱠᱷᱟᱱ ᱚᱱᱠᱟ ᱫᱚ ᱪᱮᱫᱼᱟ ᱜᱮ ᱵᱟᱝ ᱦᱩᱭ ᱞᱮᱱᱟ।
train_santalimale_03355	wavs/train_santalimale_03355.wav	ᱫᱚᱥᱟᱨ ᱦᱤᱞᱚᱜᱼᱟ ᱯᱟᱹᱠᱞᱩ ᱫᱚ ᱟᱡᱼᱟ ᱨᱮᱱ ᱥᱮᱫᱟᱭ ᱠᱟᱨᱟᱢᱲᱟᱹᱨ ᱵᱟᱦᱟᱢᱩᱱᱤ ᱴᱷᱮᱱᱮ ᱥᱚᱦᱚᱨ ᱥᱮᱴᱮᱨᱮᱱᱟ।
train_santalimale_03356	wavs/train_santalimale_03356.wav	ᱟᱭᱟᱜᱼᱟ ᱵᱚᱜᱮ ᱡᱩᱫᱟᱹ ᱞᱟᱹᱭ ᱠᱟᱛᱮ ᱩᱱᱤ ᱴᱷᱮᱱ ᱵᱚᱜᱮ ᱛᱮᱭ ᱨᱟᱜᱼᱟ ᱦᱚᱢᱚᱨ ᱠᱮᱫᱟ, ᱢᱮᱱᱠᱷᱟᱱ ᱪᱮᱫᱼᱟ ᱟᱥᱨᱟ ᱜᱮ ᱵᱟᱭ ᱧᱟᱢ ᱞᱮᱫᱟ।
train_santalimale_03357	wavs/train_santalimale_03357.wav	ᱩᱱᱨᱮ ᱦᱚᱸ ᱯᱟᱹᱠᱞᱩ ᱫᱚ ᱡᱟᱯᱟᱜᱼᱟ ᱡᱮᱨᱮᱫᱼᱟ ᱚᱬᱰᱮ ᱜᱮᱭ ᱛᱟᱸᱦᱮᱸᱭᱮᱱᱟ।
train_santalimale_03358	wavs/train_santalimale_03358.wav	ᱵᱟᱦᱟ ᱟᱡᱼᱟ ᱜᱚᱵᱟᱵᱟ ᱦᱚᱸ ᱠᱤᱱ ᱦᱩᱫᱤᱥ ᱠᱮᱫᱟ ᱡᱮ ᱩᱱᱤ ᱫᱚ ᱛᱟᱸᱦᱮᱸ ᱩᱛᱟᱹᱨᱚᱜᱼᱟ ᱜᱮᱭᱟ।
train_santalimale_03359	wavs/train_santalimale_03359.wav	ᱯᱟᱹᱠᱞᱩ ᱛᱟᱹᱠᱤᱱ ᱥᱚᱸᱜᱮᱥᱚᱸᱜᱮ ᱠᱤᱱ ᱱᱟᱞᱦᱟᱛᱩᱢᱟᱹᱞ ᱟᱹᱜᱩᱭᱟ।
train_santalimale_03360	wavs/train_santalimale_03360.wav	ᱵᱟᱦᱟ ᱢᱩᱱᱤ ᱦᱚᱸ ᱯᱟᱹᱠᱞᱩ ᱟᱡᱼᱟ ᱥᱚᱸᱜᱮ ᱛᱮ ᱵᱟᱡᱟᱨ ᱛᱮ ᱠᱟᱹᱢᱤ ᱤᱫᱤᱭᱮᱭ ᱮᱦᱚᱵᱼᱟ ᱮᱱᱟ।
train_santalimale_03361	wavs/train_santalimale_03361.wav	ᱛᱷᱚᱲᱟᱹ ᱫᱤᱱ ᱠᱷᱟᱱ ᱜᱮ ᱯᱟᱹᱠᱞᱩ ᱫᱚ ᱚᱱᱟ ᱟᱰᱮᱯᱟᱥᱮ ᱨᱮᱱ ᱦᱚᱲ ᱠᱚ ᱥᱟᱸᱣ ᱛᱮᱭ ᱦᱮᱸᱰᱟᱜᱮᱥᱟᱭᱮᱱᱟ।
train_santalimale_03362	wavs/train_santalimale_03362.wav	ᱵᱟᱱᱟᱨ ᱜᱟᱛᱮ ᱠᱩᱲᱤ ᱧᱤᱱᱫᱟᱹ ᱠᱟᱹᱢᱤ ᱦᱚᱸ ᱠᱤᱱ ᱮᱦᱚᱵᱼᱟ ᱮᱱᱟ।
train_santalimale_03363	wavs/train_santalimale_03363.wav	ᱵᱟᱦᱟᱢᱩᱱᱤ ᱟᱡᱼᱟ ᱜᱚᱵᱟᱵᱟ ᱦᱚᱸ ᱩᱱ ᱠᱤᱱ ᱧᱤᱱᱫᱟᱹ ᱠᱟᱹᱢᱤ ᱵᱟᱝ ᱠᱤᱱ ᱢᱟᱱᱟ ᱠᱤᱱᱟᱹ, ᱮᱱᱛᱮ ᱫᱚᱵᱲᱟᱹ ᱴᱟᱠᱟ ᱧᱟᱢᱚᱜᱼᱟ ᱮᱦᱚᱵᱼᱟ ᱮᱱᱟ।
train_santalimale_03364	wavs/train_santalimale_03364.wav	ᱧᱤᱱᱫᱟᱹᱧᱤᱱᱫᱟᱹ ᱠᱟᱹᱢᱤ ᱡᱚᱠᱷᱟᱱ ᱟᱭᱢᱟ ᱫᱤᱱ ᱵᱟᱦᱨᱮ ᱨᱮ ᱠᱤᱱ ᱛᱟᱸᱦᱮᱸᱱ ᱠᱟᱱ ᱛᱟᱸᱦᱮᱸᱱᱟ।
train_santalimale_03365	wavs/train_santalimale_03365.wav	ᱚᱲᱟᱹᱜᱼᱟ ᱛᱮ ᱦᱤᱡᱩᱜᱼᱟ ᱦᱚᱸ ᱠᱤᱱ ᱠᱚᱢ ᱤᱫᱤ ᱠᱮᱫᱟ।
train_santalimale_03366	wavs/train_santalimale_03366.wav	ᱛᱤᱱᱟᱹᱜᱼᱟ ᱫᱤᱱ ᱵᱟᱫ ᱨᱮᱪᱚ ᱠᱤᱱ ᱦᱮᱡᱼᱟ ᱮᱱ ᱜᱮ।
train_santalimale_03367	wavs/train_santalimale_03367.wav	ᱵᱟᱦᱟᱢᱩᱱᱤ ᱨᱮᱱ ᱜᱚᱵᱟᱵᱟᱣᱟᱜᱼᱟ ᱢᱚᱪᱟ ᱫᱚ ᱴᱟᱠᱟ ᱯᱟᱭᱥᱟ ᱛᱮ ᱠᱤᱱ ᱛᱩᱵᱮᱫᱼᱟ ᱯᱮᱨᱮᱪ ᱚᱴᱚ ᱠᱟᱜᱼᱟ ᱠᱟᱱ ᱛᱟᱸᱦᱮᱸᱠᱟᱱᱟ, ᱡᱮᱢᱚᱱ ᱪᱮᱫᱼᱟ ᱦᱚᱸ ᱵᱟᱝ ᱠᱤᱱ ᱨᱚᱲ ᱫᱟᱲᱮᱹᱭᱟᱜᱼᱟ।
train_santalimale_03368	wavs/train_santalimale_03368.wav	ᱵᱟᱦᱟᱢᱩᱱᱤ ᱣᱟᱜᱼᱟ ᱵᱷᱟᱹᱜ ᱫᱚ ᱥᱚᱡᱦᱮ ᱭᱮᱱ ᱜᱮᱭᱟ।
train_santalimale_03369	wavs/train_santalimale_03369.wav	ᱟᱠᱚ ᱴᱚᱞᱟ ᱯᱷᱮᱰ ᱨᱮᱱ ᱢᱤᱫᱼᱟ ᱴᱮᱱ ᱠᱚᱲᱟᱹᱭ ᱡᱷᱟᱹᱞᱤ ᱠᱮᱫᱮᱭᱟ।
train_santalimale_03370	wavs/train_santalimale_03370.wav	ᱩᱱᱤ ᱠᱚᱲᱟᱹ ᱜᱮ ᱩᱱᱤ ᱫᱚᱭ ᱤᱫᱤ ᱠᱮᱫᱮᱭᱟ।
train_santalimale_03371	wavs/train_santalimale_03371.wav	ᱯᱟᱹᱠᱞᱩ ᱫᱚ ᱟᱡᱼᱟ ᱢᱚᱛᱚᱭ ᱛᱟᱸᱦᱮᱸᱭᱮᱱᱟ।
train_santalimale_03372	wavs/train_santalimale_03372.wav	ᱮᱱᱨᱮ ᱦᱚᱸ ᱩᱱᱤ ᱫᱚ ᱵᱟᱹᱲᱤᱡᱼᱟ ᱫᱟᱱᱫᱦᱟ ᱫᱚ ᱵᱟᱭ ᱵᱟᱹᱜᱤ ᱞᱮᱫᱟ ᱟᱨ ᱵᱟᱦᱟᱢᱩᱱᱤ ᱟᱡᱼᱟ ᱜᱚᱵᱟᱵᱟ ᱛᱩᱠᱤᱱ ᱟᱹᱥᱩᱞ ᱛᱮᱜᱮᱭ ᱛᱟᱸᱦᱮᱸᱭᱮᱱᱟ।
train_santalimale_03373	wavs/train_santalimale_03373.wav	ᱯᱟᱹᱠᱞᱩ ᱫᱚ ᱵᱟᱹᱲᱤᱡᱼᱟ ᱫᱟᱱᱫᱦᱟ ᱨᱮᱭᱟᱜᱼᱟ ᱵᱟᱹᱲᱤᱡᱼᱟ ᱤᱛ ᱟᱹᱸᱠᱩᱨᱟᱫᱮᱭᱟ।
train_santalimale_03374	wavs/train_santalimale_03374.wav	ᱵᱟᱦᱟᱢᱩᱱᱤ ᱟᱡᱼᱟ ᱜᱚᱵᱟᱵᱟ ᱫᱚ ᱪᱮᱫᱼᱟ ᱜᱮ ᱵᱟᱝᱚᱠᱤᱱ ᱨᱚᱲ ᱫᱟᱲᱮᱹᱭᱟᱜᱼᱟ ᱠᱟᱱ ᱛᱟᱸᱦᱮᱸᱠᱟᱱᱟ।
train_santalimale_03375	wavs/train_santalimale_03375.wav	ᱚᱱᱟ ᱟᱸᱠᱩᱨ ᱫᱚ ᱵᱟᱹᱤᱵᱟᱹᱤ ᱛᱮ ᱞᱟᱹᱴᱩᱭᱮᱱ ᱛᱮ ᱧᱮᱞ ᱧᱟᱢᱚᱜᱼᱟ ᱮᱦᱚᱵᱼᱟ ᱮᱱ ᱠᱷᱟᱱ ᱟᱛᱚ ᱦᱚᱲ ᱫᱚ ᱵᱟᱦᱟᱢᱩᱱᱤ ᱟᱡᱼᱟ ᱜᱚᱵᱟᱵᱟ ᱜᱮ ᱢᱟᱹᱸᱡᱷᱤᱭᱟᱜᱼᱟ ᱠᱩᱞᱦᱤ ᱫᱩᱰᱩᱵᱼᱟ ᱨᱮ ᱠᱚ ᱥᱮᱴᱮᱨ ᱠᱮᱫᱼᱟ ᱠᱤᱱᱟ ᱟᱨ ᱯᱟᱹᱠᱞᱩ ᱵᱟᱵᱚᱛ ᱠᱚ ᱢᱮᱛᱟᱫᱼᱟ ᱠᱤᱱ ᱛᱮ ᱩᱱᱤ ᱨᱮᱱ ᱚᱣᱟᱨᱤᱥ ᱠᱚ ᱛᱮᱸᱜᱚ ᱠᱮᱫᱼᱟ ᱠᱤᱱᱟ।
train_santalimale_03376	wavs/train_santalimale_03376.wav	ᱚᱠᱚᱭ ᱟᱭᱟᱜᱼᱟ ᱦᱚᱲᱢᱚ ᱟᱹᱠᱷᱚᱨᱤᱧ ᱠᱟᱛᱮ ᱟᱡᱼᱟ ᱜᱚᱵᱟᱵᱟ ᱞᱮᱠᱟᱭ ᱟᱹᱥᱩᱞ ᱞᱮᱫᱼᱟ ᱠᱤᱱ ᱛᱟᱸᱦᱮᱸᱠᱟᱱᱟ, ᱩᱱᱚᱠᱤᱱ ᱜᱮ ᱟᱛᱚ ᱦᱚᱲ ᱛᱟᱞᱟ ᱨᱮ ᱩᱱᱚᱠᱤᱱ ᱨᱮᱱ ᱦᱚᱲ ᱵᱟᱝ ᱠᱤᱱ ᱞᱮᱠᱷᱟ ᱥᱟᱹᱵᱩᱫ ᱞᱮᱫᱮᱭᱟ।
train_santalimale_03377	wavs/train_santalimale_03377.wav	ᱟᱛᱚ ᱦᱚᱲ ᱦᱚᱸ ᱩᱱᱤ ᱟᱛᱚ ᱨᱮᱱ ᱦᱚᱲ ᱵᱟᱝ ᱛᱟᱸᱦᱮᱸᱠᱟᱱ ᱛᱮ ᱟᱹᱠᱤᱱ ᱴᱷᱮᱱ ᱠᱷᱚᱱ ᱞᱟᱜᱟ ᱧᱤᱨ ᱠᱚ ᱢᱮᱛᱟᱫᱼᱟ ᱠᱤᱱᱟᱹ।
train_santalimale_03378	wavs/train_santalimale_03378.wav	ᱩᱱᱚᱠᱤᱱ ᱫᱚ ᱵᱤᱱᱟᱹ ᱫᱟᱭᱟ ᱢᱟᱭᱟ ᱛᱮ ᱩᱱᱤ ᱚᱲᱟᱜᱼᱟ ᱪᱟᱞᱟᱜᱼᱟ ᱠᱤᱱ ᱢᱮᱛᱟ ᱫᱮᱭᱟ।
train_santalimale_03379	wavs/train_santalimale_03379.wav	ᱟᱭᱟᱜᱼᱟ ᱠᱤᱪᱚᱨᱤᱡᱼᱟ ᱛᱚᱞ ᱢᱚᱴᱨᱟ ᱠᱟᱛᱮᱭ ᱚᱸᱲᱚᱝ ᱪᱟᱞᱟᱣᱮᱱᱟ।
train_santalimale_03380	wavs/train_santalimale_03380.wav	ᱵᱟᱨᱯᱮ ᱫᱤᱱ ᱫᱚ ᱚᱱᱟ ᱟᱛᱚ ᱠᱚ ᱨᱮᱜᱮᱭ ᱡᱟᱯᱟᱜᱼᱟ ᱡᱮᱨᱮᱫᱼᱟ ᱵᱟᱲᱟᱹᱭᱮᱱᱟ, ᱢᱮᱱᱠᱷᱟᱱ ᱚᱠᱚᱭ ᱴᱷᱮᱱ ᱦᱚᱸ ᱪᱮᱫᱼᱟ ᱟᱥᱨᱟ ᱜᱮ ᱵᱟᱭ ᱧᱟᱢ ᱞᱮᱫᱟ।
train_santalimale_03381	wavs/train_santalimale_03381.wav	ᱥᱚᱢᱟᱡ ᱨᱮᱱ ᱦᱚᱲ ᱠᱷᱚᱱ ᱢᱟᱭ ᱟᱞᱟᱜ ᱪᱷᱟᱰᱟ ᱩᱛᱟᱹᱨᱮᱱ।
train_santalimale_03382	wavs/train_santalimale_03382.wav	ᱩᱱᱚᱠᱩ ᱫᱚ ᱩᱱᱤ ᱧᱮᱞ ᱛᱮ ᱠᱚ ᱪᱷᱤ ᱛᱷᱩᱭᱮᱫᱼᱟ ᱠᱟᱱ ᱛᱟᱸᱦᱮᱸᱠᱟᱱᱟ।
train_santalimale_03383	wavs/train_santalimale_03383.wav	ᱵᱮᱪᱟᱨᱟ ᱯᱟᱹᱠᱞᱩ ᱫᱚ ᱟᱨ ᱦᱚᱸ ᱚᱱᱛᱮ ᱜᱮᱭ ᱥᱮᱱ ᱤᱫᱤᱭᱮᱱᱟ, ᱚᱠᱟ ᱨᱮ ᱛᱟᱸᱦᱮᱸᱱ ᱡᱚᱠᱷᱟᱱ ᱟᱭᱟᱜᱼᱟ ᱠᱩᱠᱷᱤ ᱨᱮ ᱵᱟᱹᱲᱤᱡᱼᱟ ᱤᱛᱟᱹ ᱯᱟᱲᱟᱹᱣ ᱞᱮᱱᱟ।
train_santalimale_03384	wavs/train_santalimale_03384.wav	ᱪᱮᱫᱼᱟ ᱮ ᱢᱮᱱᱟ ᱟᱨ ᱚᱠᱟ ᱛᱮᱭ ᱪᱟᱞᱟᱜᱼᱟᱟ?
train_santalimale_03385	wavs/train_santalimale_03385.wav	ᱚᱠᱚᱭ ᱩᱱᱤ ᱧᱮᱞ ᱛᱚᱨᱟ ᱠᱚ ᱞᱟᱸᱫᱟ ᱫᱟᱨᱟᱢᱟᱭ ᱠᱟᱱ ᱛᱟᱸᱦᱮᱸᱠᱟᱱᱟ ᱟᱨ ᱩᱱᱤ ᱥᱚᱸᱜᱮ ᱠᱚ ᱠᱷᱤᱞᱚᱰ ᱠᱟᱱ ᱛᱟᱸᱦᱮᱸᱠᱟᱱᱟ, ᱩᱱᱚᱠᱩ ᱦᱚᱲ ᱦᱚᱸ ᱩᱱᱤ ᱧᱮᱞ ᱛᱮ ᱥᱟᱦᱟᱲᱚᱜᱼᱟ ᱠᱚ ᱮᱦᱚᱵᱼᱟ ᱮᱱᱟ।
train_santalimale_03386	wavs/train_santalimale_03386.wav	ᱯᱟᱹᱠᱞᱩᱣᱟᱜᱼᱟ ᱵᱚᱡᱦᱟ ᱫᱚ ᱟᱹᱰᱤ ᱦᱟᱢᱟᱞ ᱤᱫᱤᱭᱮᱱᱟ।
train_santalimale_03387	wavs/train_santalimale_03387.wav	ᱥᱟᱹᱨᱤ ᱫᱩᱞᱟᱹᱲ ᱨᱮᱭᱟᱜᱼᱟ ᱰᱟᱦᱟᱨ ᱠᱚ ᱨᱟᱢᱯᱷᱟ ᱮᱥᱮᱫᱼᱟ ᱠᱮᱫᱼᱟ ᱛᱟᱭ ᱛᱮ ᱮᱴᱟᱜᱼᱟ ᱰᱟᱦᱟᱨ ᱛᱮᱭ ᱢᱚᱦᱚᱬᱰᱟ ᱞᱮᱱᱟ।
train_santalimale_03388	wavs/train_santalimale_03388.wav	ᱚᱱᱟ ᱰᱟᱦᱟᱨ ᱦᱚᱸᱭ ᱧᱮᱞ ᱢᱩᱪᱟᱹᱫᱼᱟ ᱠᱮᱫᱟ।
train_santalimale_03389	wavs/train_santalimale_03389.wav	ᱞᱟᱦᱟ ᱥᱮᱡᱼᱟ ᱢᱟ ᱦᱚᱨ ᱜᱮ ᱵᱟᱭ ᱧᱮᱞ ᱧᱟᱢ ᱞᱮᱫᱼᱟ ᱚᱠᱟ ᱛᱮᱭ ᱥᱮᱱᱚᱜᱼᱟᱟ?
train_santalimale_03390	wavs/train_santalimale_03390.wav	ᱢᱩᱪᱟᱹᱫᱼᱟ ᱨᱮ ᱯᱟᱹᱠᱞᱩ ᱫᱚᱭ ᱵᱟᱹᱰᱨᱟᱹᱵᱩᱥᱩᱵᱼᱟ ᱞᱮᱠᱟᱭᱮᱱᱟ।
train_santalimale_03391	wavs/train_santalimale_03391.wav	ᱵᱟᱹᱰᱨᱟᱹᱵᱩᱥᱩᱵᱼᱟ ᱫᱚ ᱥᱮᱭᱟ ᱠᱟᱛᱮ ᱫᱷᱟᱹᱨᱛᱤᱭ ᱜᱚᱵᱨᱟᱣᱮᱫᱼᱟ ᱠᱟᱱᱟ।
train_santalimale_03392	wavs/train_santalimale_03392.wav	ᱚᱱᱠᱟ ᱜᱮ, ᱯᱟᱥᱮᱡᱼᱟ ᱯᱟᱹᱠᱞᱩ ᱦᱚᱸ ᱫᱷᱟᱹᱨᱛᱤ ᱜᱚᱣᱟᱜᱼᱟ ᱦᱚᱵᱚᱨ ᱨᱮᱭ ᱡᱟᱹᱯᱤᱫᱼᱟ ᱡᱤᱨᱟᱹᱩ ᱞᱮᱱ ᱠᱷᱟᱱ ᱩᱱᱤᱭ ᱥᱟᱡᱟᱣᱮᱭᱟ।
train_santalimale_03393	wavs/train_santalimale_03393.wav	ᱚᱱᱟ ᱦᱩᱫᱤᱥ ᱠᱟᱛᱮ ᱯᱟᱹᱠᱞᱩ ᱫᱚ ᱢᱤᱫᱼᱟ ᱴᱮᱱ ᱢᱟᱨᱟᱝ ᱵᱤᱨ ᱥᱮᱱᱮ ᱢᱚᱦᱚᱬᱰᱟ ᱤᱫᱤᱭᱮᱱᱟ ᱟᱨ ᱢᱮᱫᱼᱟ ᱫᱟᱜᱼᱟ ᱫᱚ ᱡᱚᱨᱚ ᱪᱟᱞᱟᱜᱼᱟ ᱠᱟᱱ ᱛᱟᱭ ᱛᱟᱸᱦᱮᱸᱠᱟᱱᱟ।
train_santalimale_03394	wavs/train_santalimale_03394.wav	ᱥᱤᱧ ᱪᱟᱱᱫᱚᱸ ᱫᱚ ᱟᱭᱟᱜᱼᱟ ᱨᱟᱸᱛ ᱜᱟᱹᱰᱤ ᱨᱮ ᱫᱮᱡᱼᱟ ᱠᱟᱛᱮ ᱟᱭᱟᱜᱼᱟ ᱢᱩᱪᱟᱹᱫᱼᱟ ᱦᱚᱨ ᱛᱮᱭ ᱢᱚᱦᱚᱬᱰᱟ ᱟᱠᱟᱱᱟ।
train_santalimale_03395	wavs/train_santalimale_03395.wav	ᱜᱟᱹᱭᱰᱟᱸᱜᱨᱟ, ᱢᱮᱨᱚᱢᱚᱵᱷᱤᱰᱤ ᱟᱠᱚᱣᱟᱜᱼᱟ ᱛᱟᱸᱦᱮᱸᱱ ᱚᱲᱟᱜᱼᱟ ᱥᱮᱡᱼᱟ ᱟᱹᱰᱤ ᱞᱚᱜᱚᱱ ᱛᱮᱠᱚ ᱢᱚᱦᱚᱬᱰᱟ ᱤᱫᱤᱜᱼᱟ ᱠᱟᱱᱟ।
train_santalimale_03396	wavs/train_santalimale_03396.wav	ᱪᱮᱸᱰᱮᱸᱪᱤᱯᱨᱩᱫᱼᱟ ᱟᱯᱟᱱᱚᱟᱹᱯᱤᱱ ᱛᱩᱠᱟᱹ ᱨᱮ ᱡᱟᱭᱜᱟᱜᱼᱟ ᱞᱟᱹᱜᱤᱫᱼᱟ ᱦᱟᱱᱟ ᱫᱟᱨᱮ ᱠᱷᱚᱱ ᱱᱚᱟ ᱫᱟᱨᱮ ᱠᱚ ᱩᱲᱟᱹᱩ ᱵᱟᱲᱟᱹᱭ ᱠᱟᱱᱟ।
train_santalimale_03397	wavs/train_santalimale_03397.wav	ᱦᱟᱱᱟ ᱲᱟᱹᱨ ᱠᱷᱚᱱ ᱱᱚᱟ ᱲᱟᱹᱨ ᱨᱮ ᱠᱚ ᱫᱚᱱ ᱵᱟᱲᱟᱹ ᱭᱮᱫᱟ।
train_santalimale_03398	wavs/train_santalimale_03398.wav	ᱚᱱᱠᱚ ᱦᱚᱸ ᱟᱠᱚᱣᱟᱜᱼᱟ ᱛᱩᱠᱟᱹ ᱵᱟᱥᱟ ᱵᱟᱹᱲᱤ ᱨᱮᱠᱚ ᱡᱟᱭᱜᱟᱜᱼᱟ ᱞᱟᱹᱜᱤᱫᱼᱟ।
train_santalimale_03399	wavs/train_santalimale_03399.wav	ᱥᱚᱱᱟ ᱦᱚᱸ ᱵᱤᱨ ᱟᱲᱮ ᱥᱚᱲᱚᱜᱼᱟ ᱯᱷᱮᱰ ᱨᱮᱭᱟᱜᱼᱟ ᱲᱟᱹᱰᱤ ᱠᱷᱚᱱ ᱫᱟᱜᱼᱟ ᱞᱚ ᱟᱹᱜᱩᱭᱮ ᱪᱟᱞᱟᱣ ᱮᱱᱟ।
train_santalimale_03400	wavs/train_santalimale_03400.wav	ᱲᱟᱹᱰᱤ ᱜᱷᱟᱴ ᱨᱮ ᱫᱚ ᱚᱠᱚᱭ ᱦᱚᱸ ᱵᱟᱹᱱᱩᱜᱼᱟ ᱠᱚ ᱛᱮ ᱮᱥᱠᱟᱨ ᱢᱟᱪᱷᱟ ᱧᱚᱜᱼᱟ ᱜᱮ ᱟᱹᱤᱠᱟᱹᱣᱚᱜᱼᱟ ᱠᱟᱱᱟ।
train_santalimale_03401	wavs/train_santalimale_03401.wav	ᱚᱱᱟ ᱛᱮ ᱥᱚᱱᱟ ᱫᱚ ᱚᱲᱟᱜᱼᱟ ᱛᱮ ᱩᱥᱟᱹᱨᱟᱩᱥᱟᱹᱨᱟ ᱫᱟᱜᱼᱟ ᱞᱚ ᱵᱟᱲᱟᱹ ᱠᱟᱛᱮ ᱮ ᱨᱩᱣᱟᱹᱲ ᱡᱚᱝ ᱠᱟᱱᱟ।
train_santalimale_03402	wavs/train_santalimale_03402.wav	ᱪᱮᱫᱟᱜᱼᱟ ᱮᱱᱛᱮ ᱧᱩᱸᱛ ᱞᱮᱱ ᱠᱷᱟᱱ ᱫᱚ ᱟᱨ ᱛᱮᱫᱼᱟ ᱜᱮ ᱮᱥᱠᱟᱨ ᱟᱹᱤᱠᱟᱹᱣᱚᱠᱚᱟ।
train_santalimale_03403	wavs/train_santalimale_03403.wav	ᱚᱲᱟᱜᱼᱟ ᱥᱮᱴᱮᱨ ᱠᱟᱛᱮ ᱩᱱᱤ ᱫᱚ ᱫᱟᱠᱟᱫᱟᱜᱼᱟ ᱮ ᱪᱚᱱᱫᱟ ᱠᱮᱫᱟ।
train_santalimale_03404	wavs/train_santalimale_03404.wav	ᱟᱡᱼᱟ ᱜᱚᱜᱚ ᱫᱚ ᱦᱟᱱᱛᱮᱱᱦᱟᱛᱮ ᱩᱛᱩᱫᱼᱟᱛᱩᱢᱵᱩᱫᱼᱟ ᱠᱟᱹᱢᱤ ᱨᱮ ᱟᱹᱰᱤ ᱞᱟᱹᱜᱤᱭᱟᱹ ᱯᱟᱲᱟᱹᱣ ᱢᱮᱱᱟᱭᱟ।
train_santalimale_03405	wavs/train_santalimale_03405.wav	ᱥᱤᱢᱚᱞ ᱫᱚ ᱥᱚᱱᱟ ᱛᱮᱠᱚ ᱴᱷᱮᱡᱼᱟ ᱜᱮ ᱯᱮᱲᱟᱹᱜᱼᱟ ᱮ ᱦᱮᱡᱼᱟ ᱮᱱᱟ।
train_santalimale_03406	wavs/train_santalimale_03406.wav	ᱥᱤᱢᱚᱞ ᱫᱚ ᱚᱲᱟᱜᱼᱟ ᱥᱮᱡᱼᱟ ᱮ ᱵᱚᱞᱚᱭᱮᱱᱟ, ᱠᱷᱟᱱᱜᱮ ᱯᱟᱨᱠᱚᱢ ᱠᱚ ᱵᱤᱞ ᱟᱫᱮᱭᱟ।
train_santalimale_03407	wavs/train_santalimale_03407.wav	ᱩᱱᱤ ᱫᱚ ᱯᱟᱨᱠᱚᱢ ᱨᱮᱭ ᱫᱩᱰᱩᱵᱼᱟ ᱮᱱ ᱠᱷᱟᱱ ᱜᱮ ᱥᱚᱱᱟ ᱫᱚ ᱞᱚᱴᱟ ᱫᱟᱜᱼᱟ ᱟᱱ ᱛᱮᱭ ᱦᱮᱡᱼᱟ ᱮᱱᱟ ᱟᱨ ᱯᱮᱲᱟᱹ ᱫᱟᱜᱼᱟ ᱥᱚᱨ ᱠᱟᱛᱮ ᱲᱚᱵᱚᱜᱼᱟᱡᱚᱦᱟᱨ ᱵᱟᱲᱟᱹ ᱠᱟᱛᱮ ᱵᱚᱜᱮ ᱡᱩᱫᱟᱹ ᱠᱩᱞᱤ ᱛᱟᱭᱱᱚᱢ ᱟᱡᱼᱟ ᱜᱚᱜᱚ ᱥᱤᱢᱚᱞ ᱫᱚ ᱛᱷᱟᱢᱟᱠᱩᱨ ᱟᱨ ᱪᱩᱱ ᱮ ᱟᱹᱜᱩᱣᱟᱫᱮᱭᱟ।
train_santalimale_03408	wavs/train_santalimale_03408.wav	ᱩᱱᱤ ᱫᱚ ᱛᱷᱟᱢᱟᱠᱩᱨᱮ ᱨᱟᱴᱟᱣ ᱜᱩᱬᱲᱟᱹ ᱵᱟᱲᱟᱭᱮᱫᱟ।
train_santalimale_03409	wavs/train_santalimale_03409.wav	ᱚᱱᱟ ᱨᱮᱜᱮ ᱵᱟᱝ ᱛᱷᱚᱲᱟᱹ ᱜᱟᱱ ᱦᱚᱸ ᱵᱟᱭ ᱯᱟᱲᱦᱟᱣ ᱞᱮᱫᱟ, ᱢᱮᱱᱟᱭ ᱚᱠᱚᱭ ᱜᱚ ᱨᱚᱲᱟ ᱵᱚᱠᱚᱲᱵᱚᱠᱚᱲ ᱥᱟᱨᱟ ᱫᱤᱱ?
train_santalimale_03410	wavs/train_santalimale_03410.wav	ᱢᱤᱫᱼᱟ ᱛᱟᱞᱟᱣ ᱨᱚᱲ ᱢᱮ ᱟᱨ ᱟᱭᱢᱟ ᱫᱤᱱ ᱦᱟᱹᱵᱤᱡᱼᱟ ᱨᱚᱲ ᱢᱮ, ᱚᱠᱚᱭ ᱨᱚᱲ ᱵᱚᱠᱚᱲᱵᱚᱠᱚᱲ?
train_santalimale_03411	wavs/train_santalimale_03411.wav	ᱟᱹᱞᱤᱧ ᱫᱚ ᱮᱱᱛᱮᱫᱼᱟ ᱟᱹᱰᱤ ᱜᱮ ᱞᱤᱧ ᱠᱩᱨᱩᱢᱩᱴᱩ ᱞᱮᱫᱟ, ᱛᱷᱚᱲᱟᱹ ᱜᱟᱱ ᱚᱞᱚᱠᱯᱟᱲᱦᱟᱣ ᱫᱚ ᱪᱮᱫᱼᱟ ᱡᱚᱝ ᱢᱮ ᱵᱤᱴᱤ।
train_santalimale_03412	wavs/train_santalimale_03412.wav	ᱢᱮᱱᱠᱷᱟᱱ ᱚᱠᱚᱭ ᱟᱸᱡᱚᱢᱮᱫᱼᱟ ᱛᱟᱢᱟ, ᱚᱱᱮᱭ ᱨᱚᱲᱟ, ᱤᱧ ᱫᱚ ᱜᱚ ᱥᱟᱨᱟ ᱫᱤᱱ ᱵᱚᱠᱚᱲᱵᱚᱠᱚᱲ ᱵᱟᱹᱧ ᱨᱚᱲ ᱫᱟᱲᱮᱹᱭᱟᱜᱼᱟᱟ।
train_santalimale_03413	wavs/train_santalimale_03413.wav	ᱚᱱᱟ ᱛᱮᱜᱮ ᱛᱷᱚᱨ ᱱᱤᱛᱚᱜᱼᱟ ᱢᱩᱨᱠᱷᱟᱹᱭ ᱛᱟᱸᱦᱮᱸᱭᱮᱱᱟ।
train_santalimale_03414	wavs/train_santalimale_03414.wav	ᱱᱮᱛᱟᱨ ᱫᱚ ᱩᱢᱟᱹᱨ ᱯᱟᱨᱚᱢᱮᱱ ᱛᱟᱭᱟ ᱱᱤᱛ ᱢᱟ ᱯᱟᱲᱦᱟᱜᱼᱟ ᱦᱚᱸ ᱞᱟᱡᱟᱣᱯᱟᱲᱟᱹᱣ ᱮ ᱟᱹᱤᱠᱟᱹᱣᱟ।
train_santalimale_03415	wavs/train_santalimale_03415.wav	ᱢᱤᱛ ᱢᱟ ᱟᱡᱼᱟ ᱨᱮᱱ ᱜᱟᱛᱮᱠᱩᱲᱤ ᱧᱮᱞ ᱛᱮ ᱵᱷᱟᱵᱱᱟ ᱜᱮᱭ ᱟᱹᱤᱠᱟᱹᱣᱟ, ᱟᱨᱮ ᱢᱮᱱᱟ ᱪᱮᱫᱟᱜᱼᱟ ᱜᱚ ᱫᱟᱞᱫᱟᱞ ᱛᱮᱦᱚᱸ ᱯᱟᱲᱦᱟᱜᱼᱟ ᱵᱟᱢ ᱠᱚᱞ ᱞᱤᱫᱤᱧᱟ।
train_santalimale_03416	wavs/train_santalimale_03416.wav	ᱟᱫᱚᱞᱤᱧ ᱢᱮᱛᱟᱣᱟᱭ ᱠᱟᱱ ᱟᱢ ᱜᱮᱪᱚ ᱵᱤᱴᱤᱢ ᱢᱮᱱ ᱠᱮᱫᱟ ᱤᱧ ᱫᱚ ᱥᱟᱨᱟ ᱠᱷᱚᱱ ᱵᱚᱠᱚᱲᱵᱚᱠᱚᱲ ᱵᱟᱹᱧ ᱨᱚᱲ ᱫᱟᱲᱮᱹ ᱭᱟᱜᱼᱟᱟ।
train_santalimale_03417	wavs/train_santalimale_03417.wav	ᱫᱤᱱ ᱫᱚ ᱫᱤᱱ ᱛᱮ ᱵᱤᱛᱟᱹᱩ ᱤᱫᱤᱜᱼᱟ ᱠᱟᱱ, ᱥᱚᱱᱟᱣᱟᱜᱼᱟ ᱩᱢᱟᱹᱨ ᱦᱚᱸ ᱚᱱᱠᱟ ᱜᱮ ᱵᱟᱹᱤᱵᱟᱹᱤ ᱛᱮ ᱦᱟᱨᱟ ᱵᱩᱨᱩ ᱪᱟᱞᱟᱜᱼᱟ ᱠᱟᱱ ᱛᱟᱭᱟ।
train_santalimale_03418	wavs/train_santalimale_03418.wav	ᱟᱨ ᱩᱱᱤᱭᱟᱜᱼᱟ ᱩᱢᱟᱹᱨ ᱥᱟᱞᱟᱜᱼᱟ ᱟᱭᱟᱜᱼᱟ ᱦᱩᱫᱤᱥ ᱫᱟᱲᱮᱹ ᱦᱚᱸ ᱰᱷᱮᱨ ᱪᱟᱞᱟᱜᱼᱟ ᱠᱟᱱ ᱛᱟᱭᱟ।
train_santalimale_03419	wavs/train_santalimale_03419.wav	ᱩᱱᱤ ᱟᱡᱼᱟ ᱨᱮᱱ ᱜᱟᱛᱮ ᱠᱩᱲᱤ ᱠᱚ ᱧᱮᱞᱛᱮ ᱵᱷᱟᱵᱱᱟ ᱜᱮᱭ ᱟᱹᱤᱠᱟᱹᱣᱟ।
train_santalimale_03420	wavs/train_santalimale_03420.wav	ᱢᱮᱱᱠᱷᱟᱱ ᱥᱚᱢᱚᱭ ᱫᱚ ᱟᱢ ᱵᱟᱭ ᱛᱟᱹᱸᱜᱤ ᱢᱮᱭᱟ ᱩᱱᱤᱭᱟᱜᱼᱟ ᱵᱷᱟᱵᱱᱟ ᱠᱟᱥᱛᱟᱣ ᱦᱚᱸ ᱚᱱᱠᱟ ᱜᱮ ᱟᱹᱰᱤ ᱰᱷᱮᱨ ᱪᱟᱞᱟᱜᱼᱟ ᱠᱟᱱ ᱛᱟᱭᱟ।
train_santalimale_03421	wavs/train_santalimale_03421.wav	ᱟᱡᱼᱟ ᱨᱮᱱ ᱜᱟᱛᱮ ᱠᱩᱲᱤ ᱫᱚ ᱡᱚᱛᱚ ᱞᱮᱠᱟ ᱛᱮ ᱥᱚᱱᱟ ᱠᱷᱚᱱ ᱫᱚ ᱢᱚᱸᱡᱢᱚᱸᱡ ᱚᱞᱚᱜᱼᱟ ᱯᱟᱲᱦᱟᱣ ᱠᱚᱲᱟᱹ ᱨᱮ ᱠᱚ ᱤᱫᱤ ᱠᱮᱫᱼᱟ ᱠᱚᱟ।
train_santalimale_03422	wavs/train_santalimale_03422.wav	ᱩᱱᱚᱠᱩ ᱢᱩᱸᱫᱨᱮ ᱟᱫᱚᱢ ᱠᱚ ᱫᱚ ᱵᱟᱯᱞᱟ ᱠᱟᱛᱷᱟ ᱠᱚ ᱡᱩᱛ ᱟᱠᱟᱫᱟ, ᱢᱮᱱᱠᱷᱟᱱ ᱩᱱᱤ ᱵᱟᱠᱷᱨᱟ ᱫᱚ ᱡᱟᱸᱣᱟᱸᱭ ᱦᱚᱸ ᱢᱚᱸᱡ ᱦᱚᱸ ᱵᱟᱝ ᱥᱮ ᱵᱮᱜᱚᱨ ᱚᱞᱚᱜᱼᱟ ᱯᱟᱲᱦᱟᱣ ᱠᱚᱲᱟᱹ ᱜᱮ ᱠᱚ ᱚᱲᱚᱠᱚᱜᱼᱟ ᱠᱟᱱᱟ।
train_santalimale_03423	wavs/train_santalimale_03423.wav	ᱩᱱᱤ ᱫᱚ ᱵᱷᱟᱵᱱᱟ ᱡᱟᱞᱟ ᱨᱮᱭ ᱯᱟᱭᱨᱟ ᱵᱟᱲᱟᱹᱭᱟ ᱢᱚᱱᱮᱢᱚᱱᱮᱛᱮ।
train_santalimale_03424	wavs/train_santalimale_03424.wav	ᱪᱮᱫᱟᱜᱼᱟ ᱵᱟᱭ ᱨᱟᱜᱟ ᱮᱱᱛᱮᱫᱼᱟ ᱟᱡᱼᱟ ᱨᱮᱱ ᱡᱚᱛᱚ ᱜᱟᱛᱮ ᱠᱩᱲᱤ ᱜᱮ ᱚᱞᱚᱜᱼᱟ ᱯᱟᱲᱦᱟᱣ ᱡᱟᱸᱣᱟᱸᱭ ᱜᱮ ᱠᱚ ᱧᱟᱢᱟᱠᱟᱫᱼᱟ ᱠᱚᱟ।
train_santalimale_03425	wavs/train_santalimale_03425.wav	ᱱᱤᱛ ᱫᱚ ᱨᱟᱜᱼᱟ ᱦᱚᱢᱚᱨ ᱠᱟᱛᱮ ᱫᱚ ᱪᱮᱫᱼᱟ ᱮ ᱪᱮᱠᱟᱭᱟ?
train_santalimale_03426	wavs/train_santalimale_03426.wav	ᱡᱟᱸᱣᱟᱸᱭ ᱧᱮᱞᱧᱮᱞ ᱛᱮ ᱟᱹᱰᱤ ᱟᱭᱢᱟ ᱫᱤᱱ ᱦᱩᱭᱮᱱᱟ।
train_santalimale_03427	wavs/train_santalimale_03427.wav	ᱮᱱᱠᱟᱮᱱᱠᱟ ᱛᱮᱜᱮ ᱥᱚᱱᱟᱣᱟᱜᱼᱟ ᱩᱢᱟᱹᱨ ᱦᱚᱸ ᱯᱟᱨᱚᱢ ᱪᱟᱞᱟᱜᱼᱟ ᱠᱟᱱ ᱛᱟᱭᱟ।
train_santalimale_03428	wavs/train_santalimale_03428.wav	ᱵᱟᱨ ᱜᱮᱞ ᱜᱟᱱ ᱡᱟᱸᱣᱟᱸᱭ ᱢᱮᱱᱠᱷᱟᱱ ᱠᱚ ᱦᱮᱡᱼᱟ ᱞᱮᱱᱟ, ᱩᱱᱤ ᱫᱚ ᱡᱟᱸᱣᱟᱸᱭ ᱜᱮ ᱵᱟᱭ ᱠᱩᱥᱤᱭᱟᱠᱚᱟ।
train_santalimale_03429	wavs/train_santalimale_03429.wav	ᱥᱚᱱᱟᱣᱟᱜᱼᱟ ᱩᱢᱟᱹᱨ ᱦᱚᱸ ᱵᱟᱹᱤᱵᱟᱹᱤ ᱛᱮ ᱵᱟᱹᱰᱤ ᱫᱟᱜᱼᱟ ᱞᱮᱠᱟ ᱦᱟᱵᱟᱰᱚᱦᱩᱵᱩᱰ ᱟᱹᱛᱩ ᱪᱟᱞᱟᱜᱼᱟ ᱠᱟᱱ ᱛᱟᱭᱟ।
train_santalimale_03430	wavs/train_santalimale_03430.wav	ᱥᱚᱱᱟ ᱛᱮᱠᱚ ᱟᱛᱚ ᱥᱚᱨ ᱨᱮᱜᱮ ᱢᱤᱫᱼᱟ ᱴᱮᱡᱼᱟ ᱟᱹᱰᱤ ᱢᱟᱨᱟᱝ ᱦᱟᱹᱴᱤᱭᱟᱹ ᱞᱟᱜᱟᱜᱼᱟᱟ।
train_santalimale_03431	wavs/train_santalimale_03431.wav	ᱚᱱᱟ ᱦᱟᱹᱴᱤᱭᱟᱹ ᱨᱮ ᱫᱚ ᱟᱹᱰᱤ ᱥᱟᱹᱸᱜᱤᱧᱥᱟᱹᱸᱜᱤᱧ ᱨᱮᱱ ᱦᱚᱲ ᱦᱟᱹᱴᱤᱭᱟᱹ ᱠᱚ ᱦᱤᱡᱩᱜᱼᱟᱟ।
train_santalimale_03432	wavs/train_santalimale_03432.wav	ᱟᱹᱰᱤ ᱞᱟᱹᱴᱩ ᱦᱟᱹᱴᱤᱭᱟᱹ ᱠᱟᱱᱟ ᱚᱱᱟ ᱟᱰᱮᱯᱟᱥᱮ ᱨᱮ ᱫᱚ ᱚᱱᱟ ᱠᱷᱚᱱ ᱞᱟᱹᱴᱩ ᱦᱟᱹᱴᱤᱭᱟᱹ ᱜᱮ ᱵᱟᱹᱱᱩᱜᱼᱟᱟ।
train_santalimale_03433	wavs/train_santalimale_03433.wav	ᱚᱱᱟ ᱛᱮ ᱦᱟᱹᱴᱤᱭᱟᱹ ᱫᱚ ᱟᱹᱰᱤ ᱡᱚᱢᱠᱟᱣ ᱦᱩᱭᱩᱜᱼᱟᱟ, ᱢᱤᱫᱼᱟ ᱦᱟᱹᱴᱤᱭᱟᱹ ᱥᱚᱱᱟ ᱫᱚ ᱟᱹᱰᱤ ᱨᱚᱜᱼᱟᱱᱟᱹᱠᱤᱡᱼᱟ ᱠᱟᱛᱮ ᱦᱟᱹᱴᱤᱭᱟᱹᱭ ᱥᱮᱱ ᱟᱠᱟᱱᱟ।
train_santalimale_03434	wavs/train_santalimale_03434.wav	ᱦᱟᱹᱴᱤᱭᱟᱹ ᱵᱟᱲᱟᱹ ᱠᱟᱛᱮ ᱨᱩᱣᱟᱹᱲᱚᱜᱼᱟ ᱞᱟᱹᱜᱤᱫᱼᱟ ᱮ ᱜᱚᱴᱟᱭᱮᱫᱼᱟ ᱛᱟᱸᱦᱮᱸᱱᱟ, ᱠᱷᱟᱱ ᱜᱮ ᱟᱪᱠᱟ ᱜᱮ ᱥᱚᱱᱟ ᱫᱚ ᱢᱤᱫᱼᱟ ᱴᱮᱡᱼᱟ ᱵᱩᱨᱩ ᱥᱮᱡᱼᱟ ᱨᱮᱱ ᱠᱚᱲᱟᱹ ᱟᱹᱰᱤ ᱯᱷᱤᱴᱯᱷᱟᱴ ᱚᱱᱠᱟ ᱜᱮ ᱠᱤᱪᱚᱨᱤᱡᱼᱟ ᱠᱷᱟᱹᱬᱰᱣᱟᱹᱜᱼᱟ ᱦᱚᱸᱭ ᱥᱟᱡᱟᱣ ᱟᱠᱟᱱᱟ।
train_santalimale_03435	wavs/train_santalimale_03435.wav	ᱚᱱᱮ ᱠᱚ ᱢᱮᱱ ᱞᱮᱠᱟ ᱮᱠᱟᱞ ᱜᱨᱮᱡᱩᱮᱴ ᱠᱚᱲᱟᱹ ᱠᱷᱚᱱ ᱠᱚᱢ ᱫᱚ ᱵᱟᱭ ᱧᱮᱞᱚᱜᱼᱟ ᱠᱟᱱᱟ।
train_santalimale_03436	wavs/train_santalimale_03436.wav	ᱦᱟᱹᱴᱤᱭᱟᱹ ᱨᱮ ᱥᱚᱱᱟ ᱛᱟᱹᱠᱤᱱ ᱠᱤᱱ ᱧᱟᱯᱟᱢᱮᱱᱟ।
train_santalimale_03437	wavs/train_santalimale_03437.wav	ᱧᱟᱯᱟᱢ ᱛᱟᱭᱚᱢ ᱩᱱᱚᱠᱤᱱ ᱫᱚ ᱟᱹᱰᱤ ᱟᱸᱴ ᱠᱤᱱ ᱚᱯᱨᱚᱢᱮᱱᱟ ᱟᱨ ᱜᱟᱞᱢᱟᱨᱟᱣ ᱜᱟᱞᱢᱟᱨᱟᱣ ᱛᱮ ᱩᱱᱚᱠᱤᱱ ᱛᱟᱞᱟ ᱨᱮ ᱟᱹᱰᱤ ᱥᱚᱯᱚᱨᱥᱟᱹᱜᱟᱹᱤ ᱦᱩᱭᱮᱱᱟ।
train_santalimale_03438	wavs/train_santalimale_03438.wav	ᱩᱱᱤᱭᱟᱜᱼᱟ ᱧᱩᱛᱩᱢ ᱫᱚ ᱥᱤᱢᱚᱱ ᱛᱟᱸᱦᱮᱸᱠᱟᱱ ᱛᱟᱭᱟ।
train_santalimale_03439	wavs/train_santalimale_03439.wav	ᱥᱚᱯᱚᱨᱥᱟᱹᱜᱟᱹᱤ ᱵᱮᱱᱟᱣᱮᱱ ᱛᱟᱹᱠᱤᱱ ᱛᱟᱭᱚᱢ ᱫᱚ ᱩᱱᱚᱠᱤᱱ ᱫᱚ ᱦᱟᱹᱴᱤᱭᱟᱹ ᱯᱤᱪᱷᱟᱹ ᱠᱤᱱ ᱧᱟᱯᱟᱢᱚᱜᱼᱟᱟ।
train_santalimale_03440	wavs/train_santalimale_03440.wav	ᱮᱱᱠᱟᱮᱱᱠᱟ ᱧᱟᱯᱟᱢ ᱠᱟᱛᱮ ᱢᱤᱫᱼᱟ ᱫᱤᱱ ᱫᱚ ᱩᱱᱤ ᱠᱚᱲᱟ ᱟᱠᱚ ᱥᱮᱡᱼᱟ ᱮ ᱤᱫᱤ ᱠᱮᱫᱮᱭᱟ।
train_santalimale_03441	wavs/train_santalimale_03441.wav	ᱥᱚᱱᱟ ᱦᱚᱸ ᱩᱱᱤᱭᱟᱜᱼᱟ ᱠᱟᱛᱷᱟ ᱨᱮᱭ ᱯᱟᱹᱛᱤᱭᱟᱹᱣᱮᱱᱟ ᱟᱨᱮ ᱯᱟᱸᱡᱟ ᱠᱮᱫᱮᱭᱟ ᱟᱹᱰᱤ ᱨᱟᱹᱥᱠᱟᱹ ᱥᱟᱞᱟᱜᱼᱟ ᱮ ᱪᱟᱞᱟᱣᱮᱱᱟ।
train_santalimale_03442	wavs/train_santalimale_03442.wav	ᱩᱱᱤᱭᱟᱜᱼᱟ ᱦᱩᱫᱤᱥ ᱫᱚ ᱱᱚᱟ ᱛᱟᱸᱦᱮᱸᱠᱟᱱᱟ ᱡᱮ ᱚᱞᱚᱜᱼᱟ ᱠᱚᱲᱟ ᱥᱮᱱᱫᱨᱟ ᱨᱮᱭ ᱛᱟᱸᱦᱮᱸᱠᱟᱱ ᱟᱹᱰᱤ ᱨᱟᱹᱥᱠᱟᱹ ᱛᱮ ᱢᱚᱱᱮ ᱫᱚ ᱯᱮᱨᱮᱡᱼᱟ ᱪᱟᱵᱟᱭᱮᱱ ᱛᱟᱭᱟ।
train_santalimale_03443	wavs/train_santalimale_03443.wav	ᱥᱚᱱᱟ ᱩᱱᱤ ᱠᱚᱲᱟᱹ ᱫᱚ ᱟᱭᱟᱜᱼᱟ ᱚᱲᱟᱜᱼᱟ ᱮ ᱥᱮᱴᱮᱨ ᱠᱮᱫᱮᱭᱟ।
train_santalimale_03444	wavs/train_santalimale_03444.wav	ᱚᱬᱰᱮ ᱥᱮᱱ ᱠᱟᱛᱮ ᱥᱚᱱᱟ ᱫᱚ ᱩᱱᱤᱭᱟᱜᱼᱟ ᱚᱲᱟᱹᱜᱼᱟ ᱮ ᱧᱮᱞ ᱠᱮᱫᱼᱟ ᱥᱟᱸᱣ ᱛᱮ ᱡᱷᱟᱸᱭ ᱵᱷᱤᱱᱫᱟᱹᱲᱚᱜᱼᱟ ᱞᱮᱠᱟᱭ ᱟᱹᱤᱠᱟᱹᱩ ᱠᱮᱫᱟ, ᱮᱱᱛᱮᱫᱼᱟ ᱩᱱᱚᱠᱩᱣᱟᱜᱼᱟ ᱚᱲᱟᱜᱼᱟ ᱫᱚ ᱪᱮᱫᱼᱟ ᱠᱩᱢᱵᱟᱹ ᱞᱮᱠᱟ ᱦᱩᱰᱤᱧᱚᱦᱩᱰᱤᱧ ᱢᱮᱱᱟᱜᱼᱟᱟ।
train_santalimale_03445	wavs/train_santalimale_03445.wav	ᱢᱤᱫᱼᱟ ᱵᱟᱨ ᱢᱟᱹᱦᱱᱟᱹ ᱛᱟᱭᱚᱢ ᱢ ᱱᱚᱟ ᱦᱚᱸᱭ ᱵᱟᱰᱟᱭ ᱠᱮᱫᱟ ᱡᱮ ᱛᱷᱚᱲᱟᱜᱟᱱ ᱧᱩᱛᱩᱢ ᱚᱞᱚᱜᱼᱟ ᱞᱮᱠᱟ ᱜᱮᱭ ᱵᱟᱰᱟᱭᱟ।
train_santalimale_03446	wavs/train_santalimale_03446.wav	ᱥᱚᱱᱟ ᱫᱚ ᱱᱚᱟ ᱠᱚ ᱡᱚᱛᱚᱣᱟᱜᱼᱟ ᱢᱟᱹᱦᱱᱟᱹ ᱫᱤᱱ ᱵᱷᱤᱛᱨᱤ ᱛᱮᱭ ᱵᱟᱰᱟᱭ ᱠᱮᱫᱟ ᱟᱫᱚ ᱟᱠᱚ ᱚᱲᱟᱹᱜᱼᱟ ᱨᱮ ᱦᱚᱸ ᱵᱷᱟᱵᱱᱟ ᱡᱟᱞᱟ ᱨᱮᱭ ᱯᱟᱭᱨᱟ ᱵᱟᱲᱟᱹᱭ ᱠᱟᱱ ᱛᱟᱸᱦᱮᱸᱱᱟ।
train_santalimale_03447	wavs/train_santalimale_03447.wav	ᱢᱮᱱᱠᱷᱟᱱ ᱱᱤᱛ ᱫᱚ ᱱᱚᱬᱰᱮ ᱦᱮᱡᱼᱟ ᱠᱟᱛᱮ ᱦᱚᱸ ᱥᱮᱦ ᱤᱱᱟᱹ ᱫᱚᱥᱟ ᱜᱮ ᱛᱟᱸᱦᱮᱸᱭᱮᱱ ᱛᱟᱭᱟ, ᱵᱟᱨ ᱯᱮ ᱢᱟᱹᱦᱱᱟᱹ ᱵᱟᱫ ᱨᱮ ᱵᱟᱰᱟᱭ ᱠᱟᱛᱮ ᱦᱚᱸ ᱪᱮᱫᱼᱟ ᱮ ᱢᱮᱱᱟ?
train_santalimale_03448	wavs/train_santalimale_03448.wav	ᱥᱚᱱᱟ ᱫᱚᱭ ᱦᱩᱫᱤᱥ ᱢᱩᱪᱟᱹᱛ ᱠᱮᱫᱟ ᱟᱨᱮ ᱦᱮᱡᱼᱟ ᱮᱱᱟ ᱚᱱᱟ ᱚᱲᱟᱹᱜᱼᱟ ᱨᱮ ᱛᱟᱸᱦᱮᱸᱱ ᱞᱟᱹᱜᱤᱫᱼᱟ।
train_santalimale_03449	wavs/train_santalimale_03449.wav	ᱥᱚᱱᱟᱣᱟᱜᱼᱟ ᱡᱤᱭᱚᱱ ᱫᱚ ᱱᱚᱟ ᱫᱩᱠ ᱨᱮᱜᱮ ᱡᱟᱭ ᱡᱩᱜ ᱛᱟᱸᱦᱮᱸᱭᱮᱱ ᱛᱟᱭᱟ।
train_santalimale_03450	wavs/train_santalimale_03450.wav	ᱩᱱᱤ ᱫᱤᱱᱮᱨᱟᱛᱮ ᱱᱚᱟ ᱜᱮᱭ ᱦᱩᱫᱤᱥᱟᱹ ᱡᱮ ᱟᱭᱟᱜᱼᱟ ᱠᱟᱹᱴᱤᱡᱼᱟ ᱩᱢᱟᱹᱨ ᱨᱮᱭᱟᱜᱼᱟ ᱵᱷᱩᱞ ᱛᱮ ᱡᱤᱭᱚᱱ ᱨᱮ ᱛᱮᱦᱮᱧ ᱮ ᱠᱟᱥᱛᱟᱣᱚᱜᱼᱟ ᱠᱟᱱᱟ, ᱢᱮᱱᱠᱷᱟᱱ ᱪᱮᱫᱼᱟ ᱱᱚᱟ ᱫᱩᱠ ᱨᱮᱜᱮ ᱛᱟᱸᱦᱮᱱ ᱦᱩᱭᱩᱜᱼᱟ ᱛᱟᱭᱟ?
train_santalimale_03451	wavs/train_santalimale_03451.wav	ᱥᱚᱱᱟ ᱫᱚᱭ ᱦᱩᱫᱤᱥᱮᱫᱟ ᱟᱥᱮᱡᱼᱟᱛᱟᱥᱮᱡᱼᱟ ᱡᱚᱢᱚᱧᱩᱛᱮ ᱯᱮᱨᱮᱪ ᱚᱲᱟᱜᱼᱟ ᱪᱮᱫᱟᱜᱼᱟ ᱪᱚᱧ ᱵᱟᱹᱜᱤᱭᱟᱫᱼᱟ।
train_santalimale_03452	wavs/train_santalimale_03452.wav	ᱱᱚᱟ ᱠᱚ ᱜᱩᱱᱤᱵᱷᱟᱣᱤ ᱛᱟᱞᱟ ᱨᱮ ᱩᱱᱤᱭᱟᱜᱼᱟ ᱢᱮᱫᱼᱟ ᱠᱷᱚᱱ ᱛᱤᱱᱨᱮ ᱪᱚ ᱵᱟᱨ ᱴᱷᱚᱯ ᱢᱮᱫᱼᱟᱫᱟᱜᱼᱟ ᱟᱭᱟᱜᱼᱟ ᱡᱚᱦᱟ ᱨᱮ ᱞᱤᱝᱚᱜᱤᱭᱮᱱ, ᱚᱱᱟ ᱦᱚᱸ ᱵᱟᱭ ᱫᱤᱥᱟᱹ ᱞᱮᱫᱟ।
train_santalimale_03453	wavs/train_santalimale_03453.wav	ᱴᱷᱤᱠ ᱤᱱᱟᱹ ᱚᱜᱼᱟᱛᱮ ᱜᱮ ᱵᱟᱦᱨᱮ ᱠᱷᱚᱱ ᱟᱰᱟ ᱵᱷᱟᱜᱟᱣ ᱠᱟᱛᱮ ᱥᱤᱢᱚᱱ ᱫᱚ ᱚᱲᱟᱜᱼᱟ ᱛᱮᱭ ᱵᱚᱞᱚᱭᱮᱱᱟ।
train_santalimale_03454	wavs/train_santalimale_03454.wav	ᱧᱮᱞᱮ ᱠᱟᱱᱮ ᱥᱚᱱᱟ ᱢᱟ ᱪᱮᱫᱼᱟ ᱞᱟᱹᱜᱤᱫᱼᱟ ᱪᱚᱝ ᱮ ᱨᱟᱜᱼᱟ ᱮᱫᱼᱟ ᱠᱟᱱ।
train_santalimale_03455	wavs/train_santalimale_03455.wav	ᱥᱤᱢᱚᱱ ᱫᱚ ᱛᱷᱚᱲᱟᱹ ᱟᱭᱟᱜᱼᱟ ᱢᱚᱱᱮ ᱨᱮ ᱵᱷᱤᱲᱠᱟᱹᱩ ᱢᱟᱪᱷᱟᱭ ᱟᱹᱤᱠᱟᱹᱩ ᱠᱮᱫᱟ।
train_santalimale_03456	wavs/train_santalimale_03456.wav	ᱮᱱ ᱦᱚᱸ ᱢᱚᱱᱮ ᱠᱮᱴᱮᱡᱼᱟ ᱠᱟᱛᱮ ᱥᱚᱱᱟᱭ ᱠᱩᱞᱤ ᱠᱮᱫᱮᱭᱟ ᱪᱮᱫᱼᱟ ᱠᱟᱛᱷᱟ ᱠᱟᱱᱟ ᱥᱚᱱᱟ?
train_santalimale_03457	wavs/train_santalimale_03457.wav	ᱢᱮᱱᱠᱷᱟᱱ ᱥᱚᱱᱟ ᱫᱚ ᱪᱮᱫᱼᱟ ᱦᱚᱸ ᱵᱟᱭ ᱨᱚᱲ ᱞᱮᱫᱟ।
train_santalimale_03458	wavs/train_santalimale_03458.wav	ᱟᱭᱢᱟ ᱛᱮᱠᱷᱟᱨ ᱠᱩᱞᱤ ᱛᱟᱭᱚᱢ ᱥᱤᱢᱚᱱ ᱫᱚ ᱩᱱᱤ ᱴᱷᱮᱡᱼᱟ ᱮ ᱥᱮᱱ ᱥᱚᱨ ᱧᱚᱜᱼᱟ ᱮᱱᱟ।
train_santalimale_03459	wavs/train_santalimale_03459.wav	ᱟᱨ ᱫᱩᱞᱟᱹᱲᱪᱮᱨᱮᱡᱼᱟ ᱟᱛᱮᱭ ᱠᱩᱞᱤ ᱫᱚᱦᱲᱟᱹ ᱠᱮᱫᱮᱭᱟ।
train_santalimale_03460	wavs/train_santalimale_03460.wav	ᱩᱱ ᱡᱚᱠᱷᱮᱱ ᱜᱮ ᱥᱚᱱᱟ ᱫᱚ ᱦᱤᱨᱠᱷᱟᱹ ᱟᱹᱲᱤᱥ ᱥᱟᱞᱟᱜᱼᱟ ᱨᱚᱨᱚᱲ ᱮ ᱮᱦᱚᱵᱼᱟ ᱮᱱᱟ ᱪᱮᱫᱼᱟ ᱤᱧ ᱨᱚᱲᱟ ᱤᱧᱟᱹᱜᱼᱟ ᱵᱷᱟᱹᱜ ᱤᱧ ᱨᱟᱜᱼᱟ ᱟᱜᱼᱟ ᱠᱟᱱᱟ।
train_santalimale_03461	wavs/train_santalimale_03461.wav	ᱩᱱ ᱡᱚᱠᱷᱮᱱ ᱜᱮ ᱥᱚᱱᱟ ᱫᱚᱭ ᱢᱮᱱ ᱠᱮᱫᱟ ᱤᱧ ᱫᱚ ᱟᱢ ᱜᱮᱢ ᱨᱟᱜᱼᱟ ᱚᱪᱚᱧ ᱠᱟᱱᱟ।
train_santalimale_03462	wavs/train_santalimale_03462.wav	ᱤᱧ ᱫᱚ ᱟᱢᱟᱜᱼᱟ ᱥᱟᱡᱵᱟᱡ ᱧᱮᱞᱛᱮ ᱱᱚᱣᱟᱧ ᱦᱩᱫᱤᱥ ᱠᱮᱫᱟ, ᱵᱟᱝᱢᱟ ᱟᱢ ᱫᱚ ᱥᱟᱹᱨᱤᱜᱮ ᱚᱞᱚᱜᱼᱟ ᱠᱚᱲᱟᱹ ᱠᱟᱱ ᱜᱮᱭᱟᱢ ᱟᱨ ᱯᱟᱥᱮᱡᱼᱟ ᱱᱩᱠᱨᱤ ᱦᱚᱢ ᱧᱟᱢ ᱜᱮᱭᱟ।
train_santalimale_03463	wavs/train_santalimale_03463.wav	ᱥᱤᱢᱚᱱ ᱫᱚᱭ ᱨᱚᱲ ᱨᱩᱣᱟᱹᱲ ᱠᱮᱫᱟ ᱪᱮᱠᱟ ᱟᱢ ᱫᱚ ᱫᱩᱱᱫᱷᱤ ᱜᱮᱢ ᱛᱟᱸᱦᱮᱸᱠᱟᱱᱟ, ᱯᱟᱸᱡᱟ ᱞᱟᱦᱟ ᱨᱮ ᱵᱟᱢ ᱦᱩᱫᱤᱥ ᱞᱮᱫᱟ।
train_santalimale_03464	wavs/train_santalimale_03464.wav	ᱟᱢ ᱜᱮᱪᱚᱢ ᱞᱟᱹᱭ ᱞᱮᱫᱼᱟ ᱵᱟᱝᱢᱟ ᱠᱤᱥᱟᱹᱸᱲ ᱦᱚᱲ ᱠᱟᱱᱟᱯᱮ ᱟᱨ ᱱᱩᱠᱨᱤ ᱠᱟᱹᱢᱤ ᱦᱚᱸ ᱱᱟᱦᱟᱜᱼᱟ ᱤᱧ ᱧᱟᱢᱟ।
train_santalimale_03465	wavs/train_santalimale_03465.wav	ᱢᱮᱱᱠᱷᱟᱱ ᱱᱚᱬᱰᱮ ᱦᱮᱡᱼᱟ ᱠᱟᱛᱮᱫᱼᱟ ᱤᱧ ᱧᱮᱞ ᱠᱮᱫᱟ ᱱᱚᱜᱼᱟᱚᱭ ᱛᱟᱯᱮ ᱠᱤᱥᱟᱹᱸᱲ ᱚᱲᱟᱜᱼᱟ, ᱟᱨ ᱟᱢ ᱦᱚᱸ ᱵᱟᱝᱢᱟ ᱢᱮᱭᱴᱨᱤᱠ ᱦᱚᱸ ᱵᱟᱢ ᱯᱟᱥ ᱟᱠᱟᱫᱟ।
train_santalimale_03466	wavs/train_santalimale_03466.wav	ᱜᱟᱹᱦᱤᱨ ᱦᱩᱫᱤᱥ ᱥᱟᱞᱟᱜᱼᱟ ᱱᱮᱢᱨᱚᱛ ᱟᱲᱟᱝ ᱛᱮ ᱥᱤᱢᱚᱱ ᱫᱚᱭ ᱨᱚᱲ ᱠᱮᱫᱟ ᱪᱮᱠᱟᱭᱟᱢ ᱮᱱᱛᱮᱫᱼᱟ, ᱡᱟᱦᱟᱸ ᱞᱮᱠᱟ ᱛᱮᱜᱮ ᱟᱢ ᱧᱟᱢ ᱢᱮ ᱞᱟᱹᱜᱤᱫᱼᱟ ᱮᱲᱮ ᱨᱚᱨᱚᱲ ᱦᱩᱭᱮᱱ ᱛᱤᱧ ᱜᱮᱭᱟ।
train_santalimale_03467	wavs/train_santalimale_03467.wav	ᱢᱮᱱᱠᱷᱟᱱ ᱤᱧ ᱫᱚ ᱟᱢ ᱥᱟᱹᱨᱤ ᱢᱚᱱ ᱛᱮᱧ ᱫᱩᱞᱟᱹᱲᱮᱫᱼᱟ ᱢᱮᱭᱟ, ᱟᱨ ᱮᱠᱟᱞ ᱛᱮ ᱱᱚᱟ ᱫᱚ ᱥᱟᱹᱨᱤ ᱠᱟᱛᱷᱟ ᱠᱟᱱᱟ।
train_santalimale_03468	wavs/train_santalimale_03468.wav	ᱥᱚᱱᱟᱣᱟᱜᱼᱟ ᱡᱤᱭᱚᱱ ᱫᱚ ᱠᱟᱥᱛᱟᱣ ᱟᱨ ᱵᱷᱟᱵᱱᱟ ᱛᱮᱜᱮ ᱵᱤᱛᱟᱹᱩ ᱤᱫᱤᱜᱼᱟ ᱠᱟᱱ ᱛᱟᱭᱟ।
train_santalimale_03469	wavs/train_santalimale_03469.wav	ᱛᱷᱚᱲᱟᱹ ᱫᱤᱱ ᱛᱟᱭᱱᱚᱢ ᱵᱷᱟᱨᱚᱛ ᱥᱚᱨᱠᱟᱨ ᱥᱮᱡᱼᱟ ᱠᱷᱚᱱ ᱥᱟᱠᱥᱚᱨᱛᱟ ᱠᱚ ᱮᱦᱚᱵᱼᱟ ᱠᱮᱫᱟ।
train_santalimale_03470	wavs/train_santalimale_03470.wav	ᱱᱚᱟ ᱥᱚᱸᱥᱛᱷᱟ ᱫᱚ ᱜᱚᱴᱟ ᱥᱟᱠᱥᱚᱨᱛᱟ ᱢᱤᱥᱚᱱ ᱥᱮᱡᱼᱟ ᱠᱷᱚᱱ ᱱᱚᱟ ᱛᱟᱸᱦᱮᱸᱠᱟᱱᱟ ᱡᱮ ᱵᱮ ᱯᱟᱲᱦᱟᱣ ᱠᱚ ᱥᱟᱠᱥᱚᱨ ᱞᱟᱹᱜᱤᱫᱼᱟ ᱠᱚ ᱣᱭᱚᱣᱚᱥᱛᱷᱟᱭᱟ।
train_santalimale_03471	wavs/train_santalimale_03471.wav	ᱥᱚᱱᱟ ᱫᱚ ᱟᱠᱚ ᱥᱚᱨ ᱵᱟᱡᱟᱨ ᱛᱮ ᱡᱚᱢᱚᱧᱩᱸ ᱞᱟᱹᱜᱤᱫᱼᱟ ᱥᱟᱣᱫᱟ ᱠᱤᱨᱤᱧ ᱢᱮᱱ ᱛᱮᱭ ᱪᱟᱞᱟᱣ ᱞᱮᱱᱟ, ᱩᱱ ᱡᱚᱠᱷᱚᱱ ᱜᱮ ᱱᱚᱟ ᱵᱟᱵᱚᱛ ᱦᱚᱲ ᱠᱚ ᱜᱟᱯᱟᱞ ᱢᱟᱨᱟᱣ ᱠᱟᱱᱟ ᱠᱚ।
train_santalimale_03472	wavs/train_santalimale_03472.wav	ᱱᱚᱟ ᱠᱟᱛᱷᱟ ᱟᱧᱡᱚᱢ ᱛᱮ ᱥᱚᱱᱟ ᱫᱚ ᱢᱚᱱᱮ ᱨᱮ ᱨᱟᱹᱥᱠᱟᱹ ᱥᱟᱞᱟᱜᱼᱟ ᱨᱩᱜᱩᱢᱨᱩᱜᱩᱢ ᱜᱮ ᱥᱩᱠ ᱟᱨ ᱥᱟᱹᱱᱛᱤᱭ ᱟᱹᱤᱠᱟᱹᱩ ᱠᱮᱫᱟ, ᱪᱮᱫᱟᱜᱼᱟ ᱮᱱᱛᱮ ᱱᱚᱟ ᱫᱚ ᱟᱹᱰᱤ ᱢᱟᱨᱟᱝ ᱨᱟᱹᱥᱠᱟᱹ ᱨᱮᱭᱟᱜᱼᱟ ᱫᱤᱱ ᱛᱟᱸᱦᱮᱸᱠᱟᱱ ᱛᱟᱭᱟ।
train_santalimale_03473	wavs/train_santalimale_03473.wav	ᱛᱷᱚᱲᱟᱹ ᱫᱤᱱ ᱛᱟᱭᱱᱚᱢ ᱠᱷᱟᱱ ᱜᱮ ᱟᱠᱚ ᱟᱛᱚ ᱨᱮ ᱟᱡᱼᱟ ᱨᱮᱱ ᱜᱟᱛᱮ ᱠᱩᱲᱤ ᱢᱟᱭᱱᱚ ᱱᱚᱟ ᱠᱟᱹᱢᱤ ᱞᱟᱹᱜᱤᱫᱼᱟ ᱠᱚ ᱵᱟᱦᱟᱞ ᱠᱮᱫᱮᱭᱟ।
train_santalimale_03474	wavs/train_santalimale_03474.wav	ᱢᱟᱭᱱᱚ ᱫᱚ ᱟᱠᱚ ᱟᱛᱚ ᱨᱮᱱ ᱠᱩᱲᱤ ᱜᱮ ᱚᱠᱚᱭ ᱢᱤᱫᱼᱟ ᱥᱚᱸᱜᱮ ᱠᱚ ᱜᱟᱛᱮ ᱞᱮᱱ ᱛᱟᱸᱦᱮᱸᱠᱟᱱ ᱩᱱᱤ ᱫᱚ ᱟᱠᱚᱟ ᱟᱛᱚ ᱨᱮᱱ ᱵᱮ ᱯᱟᱲᱦᱟᱣ ᱜᱚᱜᱚ ᱛᱮᱠᱚ ᱧᱤᱱᱫᱟᱹ ᱥᱮᱡᱼᱟ ᱮ ᱯᱟᱲᱦᱟᱣ ᱠᱚᱟ।
train_santalimale_03475	wavs/train_santalimale_03475.wav	ᱥᱚᱱᱟ ᱛᱟᱠᱚ ᱫᱚ ᱢᱟᱭᱱᱚ ᱴᱷᱮᱡᱼᱟ ᱫᱤᱱᱟᱹᱢ ᱠᱚ ᱡᱟᱨᱣᱟᱜᱼᱟᱟ ᱟᱨ ᱠᱚ ᱯᱟᱲᱦᱟᱣᱟ।
train_santalimale_03476	wavs/train_santalimale_03476.wav	ᱟᱛᱚ ᱚᱲᱟᱹᱜᱼᱟ ᱨᱮᱱ ᱥᱟᱱᱟᱢ ᱜᱚᱜᱚ ᱦᱚᱲ ᱠᱩᱲᱤ ᱜᱤᱫᱨᱟᱹ ᱡᱚᱛᱚ ᱜᱮᱭ ᱯᱟᱲᱦᱟᱣ ᱠᱚᱟ।
train_santalimale_03477	wavs/train_santalimale_03477.wav	ᱟᱫᱼᱟ ᱛᱟᱦᱮᱸ ᱭᱮᱱᱟᱭ ᱥᱚᱱᱟ ᱫᱚ ᱚᱱᱟ ᱚᱲᱟᱹᱜᱼᱟ ᱨᱮ ᱪᱮᱠᱟ ᱭᱟᱭ ᱮᱱᱛᱮ ᱟᱨ ᱡᱟᱸᱦᱟᱸ ᱨᱮᱦᱚᱸ ᱱᱚᱸᱝᱠᱟ ᱜᱮ ᱱᱟᱸᱦᱟᱸᱜᱼᱟ ᱛᱟᱸᱦᱮᱸᱱ ᱦᱩᱭᱩᱜᱼᱟ ᱛᱟᱭᱟ, ᱚᱱᱟ ᱛᱮ ᱥᱚᱱᱟ ᱫᱚ ᱚᱱᱟ ᱨᱮᱜᱮ ᱢᱚᱱᱮ ᱫᱚᱭ ᱨᱮᱵᱮᱫᱼᱟ ᱠᱮᱫᱼᱟ ᱛᱟᱭᱟ।
train_santalimale_03478	wavs/train_santalimale_03478.wav	ᱛᱷᱚᱲᱟᱹ ᱫᱤᱱ ᱛᱟᱭᱱᱚᱢ ᱠᱷᱟᱱ ᱜᱮ ᱵᱷᱟᱨᱚᱛ ᱥᱚᱨᱠᱟᱨ ᱮ ᱪᱟᱞᱟᱣ ᱟᱠᱟᱫᱼᱟ ᱥᱟᱠᱥᱚᱨᱛᱟ ᱢᱤᱥᱚᱱ ᱥᱮᱱ ᱠᱷᱚᱱ ᱥᱟᱠᱥᱚᱨᱛᱟ ᱚᱵᱷᱤᱭᱟᱱ।
train_santalimale_03479	wavs/train_santalimale_03479.wav	ᱥᱚᱱᱟ ᱨᱮᱱ ᱡᱩᱨᱤ ᱥᱤᱢᱚᱱ ᱫᱚ ᱢᱤᱫᱼᱟ ᱫᱤᱱ ᱟᱪᱠᱟ ᱜᱮ ᱥᱚᱱᱟᱭ ᱢᱮᱛᱟ ᱫᱮᱭᱟ ᱜᱟᱯᱟ ᱠᱷᱚᱱ ᱟᱢ ᱫᱚ ᱥᱟᱠᱥᱚᱨᱛᱟ ᱚᱵᱷᱤᱭᱟᱱ ᱨᱮ ᱯᱟᱲᱦᱟᱣ ᱢᱤᱫᱼᱟ ᱜᱷᱟᱹᱲᱤᱡᱼᱟ ᱪᱟᱞᱟᱜᱼᱟ ᱢᱮ, ᱥᱚᱱᱟᱣᱟᱜᱼᱟ ᱢᱚᱱᱮ ᱟᱹᱰᱤ ᱠᱩᱥᱤ ᱭᱮᱱ ᱛᱟᱭᱟ।
train_santalimale_03480	wavs/train_santalimale_03480.wav	ᱡᱟᱸᱦᱟᱸ ᱞᱮᱠᱟ ᱜᱮ ᱪᱮᱠᱟᱭᱟᱢ ᱟᱹᱰᱤ ᱜᱷᱟᱹᱲᱤᱡᱼᱟ ᱨᱚᱲ ᱦᱚᱸᱭ ᱨᱚᱲ ᱜᱮᱭᱟ।
train_santalimale_03481	wavs/train_santalimale_03481.wav	ᱮᱱ ᱦᱚᱸ ᱱᱚᱝᱠᱟᱱ ᱚᱯᱥᱚᱨ ᱫᱚ ᱛᱤᱱ ᱠᱷᱚᱱ ᱵᱟᱹᱧ ᱪᱟᱞᱟᱣ ᱚᱪᱚᱣᱟᱜᱼᱟᱟ, ᱚᱱᱟ ᱦᱩᱫᱤᱥ ᱠᱟᱛᱮ ᱜᱮᱭ ᱢᱮᱛᱟ ᱣᱟᱫᱮᱭᱟ ᱮᱱᱛᱮ ᱠᱟᱜᱚᱡ ᱠᱚᱞᱚᱢ ᱠᱤᱨᱤᱧ ᱟᱹᱜᱩ ᱵᱟᱹᱧ ᱢᱮ, ᱩᱱᱤ ᱨᱮᱱ ᱡᱩᱨᱤ ᱵᱟᱵᱟ ᱫᱚᱭ ᱢᱮᱱ ᱠᱮᱫᱟ ᱟᱪᱷᱟ ᱟᱢ ᱫᱚ ᱪᱟᱞᱟᱜᱼᱟ ᱡᱚᱠᱷᱟᱱ ᱜᱤᱧ ᱟᱹᱜᱩ ᱜᱚᱞ ᱟᱢᱟ।
train_santalimale_03482	wavs/train_santalimale_03482.wav	ᱫᱚᱥᱟᱨ ᱦᱤᱞᱚᱜᱼᱟ ᱫᱚ ᱥᱚᱱᱟ ᱩᱥᱟᱹᱨᱟ ᱢᱟᱪᱷᱟ ᱫᱟᱠᱟ ᱵᱟᱲᱟᱹ ᱜᱚᱞ ᱠᱮᱫᱟᱭ ᱟᱨ ᱩᱥᱟᱹᱨᱟᱩᱥᱟᱹᱨᱟ ᱥᱟᱠᱥᱚᱨᱛᱟ ᱯᱟᱲᱦᱟᱣ ᱴᱷᱮᱱᱮ ᱥᱟᱯᱲᱟᱹᱣ ᱮᱱᱟ।
train_santalimale_03483	wavs/train_santalimale_03483.wav	ᱟᱡᱼᱟ ᱨᱮᱱ ᱵᱟᱵᱟ ᱦᱚᱲ ᱫᱚ ᱥᱮᱱᱚᱜᱼᱟ ᱚᱠᱛᱮ ᱥᱮᱞᱮᱴ ᱟᱨ ᱯᱮᱱᱥᱤᱞ ᱮ ᱥᱟᱯᱲᱟᱹᱣ ᱜᱚᱞ ᱠᱟᱫᱮᱭᱟ।
train_santalimale_03484	wavs/train_santalimale_03484.wav	ᱥᱚᱱᱟ ᱫᱚ ᱥᱟᱠᱥᱚᱨᱛᱟ ᱨᱮ ᱯᱟᱲᱦᱟᱣ ᱠᱚᱞ ᱛᱟᱭᱚᱢ ᱥᱤᱢᱚᱱ ᱫᱚ ᱟᱡᱼᱟ ᱯᱟᱹᱨᱤ ᱟᱹᱰᱤ ᱢᱩᱨᱩᱠ ᱛᱮ ᱯᱨᱟᱤᱣᱮᱴ ᱛᱮ ᱢᱮᱭᱴᱨᱤᱠ ᱵᱤᱲᱟᱹᱩ ᱮᱢ ᱞᱟᱹᱜᱤᱫᱼᱟ ᱮ ᱥᱟᱯᱲᱟᱣ ᱮᱱᱟ।
train_santalimale_03485	wavs/train_santalimale_03485.wav	ᱮᱱᱛᱮᱫᱼᱟ ᱟᱡᱼᱟ ᱨᱮᱱ ᱫᱩᱞᱟᱹᱲᱤᱭᱟᱹ ᱡᱩᱨᱤ ᱛᱟᱭ ᱱᱤᱥᱲᱟᱹᱩ ᱠᱮᱫᱮ ᱛᱮ ᱟᱹᱰᱤ ᱞᱟᱡᱟᱣ ᱟᱨ ᱵᱟᱹᱲᱤᱡᱼᱟ ᱮ ᱟᱹᱤᱠᱟᱹᱩ ᱠᱮᱫᱟ।
train_santalimale_03486	wavs/train_santalimale_03486.wav	ᱟᱨ ᱢᱤᱫᱼᱟ ᱥᱮᱨᱢᱟ ᱛᱟᱭᱚᱢ ᱫᱚ ᱢᱚᱸᱡ ᱛᱮ ᱥᱤᱢᱚᱱ ᱫᱚ ᱢᱮᱭᱴᱨᱤᱠ ᱵᱤᱲᱟᱹᱩ ᱮ ᱯᱟᱥ ᱠᱮᱫᱟ।
train_santalimale_03487	wavs/train_santalimale_03487.wav	ᱥᱚᱱᱟ ᱫᱚ ᱟᱹᱰᱤ ᱢᱩᱨᱩᱠ ᱠᱟᱛᱮ ᱯᱟᱲᱦᱟᱣ ᱨᱮᱭ ᱞᱟᱹᱜᱤᱭᱟᱹ ᱯᱟᱲᱟᱹᱣᱮᱱᱟ।
train_santalimale_03488	wavs/train_santalimale_03488.wav	ᱛᱷᱚᱲᱟᱹ ᱫᱤᱱ ᱫᱚ ᱢᱚᱱᱮ ᱫᱚ ᱵᱟᱝ ᱞᱟᱜᱟᱣᱚᱜᱼᱟ ᱠᱟᱱ ᱛᱟᱭᱟ, ᱢᱮᱱᱠᱷᱟᱱ ᱚᱱᱟ ᱞᱟᱹᱜᱤᱫᱼᱟ ᱟᱹᱰᱤ ᱟᱸᱴ ᱮ ᱠᱟᱥᱛᱟᱣ ᱟᱠᱟᱱᱟ, ᱚᱱᱟ ᱤᱭᱟᱹᱛᱮ ᱠᱩᱨᱩᱢᱩᱴᱩ ᱠᱟᱛᱮ ᱯᱟᱲᱦᱟᱣ ᱮ ᱞᱟᱜᱟᱣᱮᱱᱟ।
train_santalimale_03489	wavs/train_santalimale_03489.wav	ᱟᱨ ᱟᱹᱰᱤ ᱠᱩᱨᱩᱢᱩᱴᱩ ᱠᱟᱛᱮ ᱯᱟᱲᱦᱟᱣ ᱨᱮ ᱢᱚᱱᱮ ᱞᱟᱜᱟᱣᱮᱱ ᱛᱟᱭᱟ।
train_santalimale_03490	wavs/train_santalimale_03490.wav	ᱩᱱ ᱡᱚᱠᱷᱚᱱ ᱜᱮ ᱟᱡᱼᱟ ᱛᱮᱧᱟᱫᱼᱟ ᱛᱮᱫᱼᱟᱟᱜᱼᱟ ᱨᱚᱲ ᱠᱟᱛᱷᱟᱭ ᱫᱤᱥᱟᱹ ᱠᱮᱫᱟ, ᱩᱱᱤ ᱫᱚᱭ ᱢᱮᱛᱟᱭ ᱠᱟᱱ ᱛᱟᱸᱦᱮᱸᱱᱟ ᱡᱮ ᱪᱮᱫᱼᱟ ᱥᱚᱱᱟ ᱟᱢ ᱪᱮᱫᱼᱟ ᱵᱟᱢ ᱫᱟᱲᱮᱭᱟᱜᱼᱟᱟ?
train_santalimale_03491	wavs/train_santalimale_03491.wav	ᱪᱮᱫᱼᱟ ᱞᱮᱠᱟ ᱫᱷᱤᱨᱤ ᱫᱚ ᱟᱹᱰᱤ ᱠᱮᱴᱮᱡᱼᱟ ᱩᱛᱟᱹᱨᱟᱜᱼᱟ ᱠᱟᱱᱟ ᱟᱨ ᱵᱟᱵᱮᱨ ᱫᱚ ᱚᱱᱟ ᱠᱷᱚᱱ ᱟᱹᱰᱤ ᱞᱮᱵᱲᱮᱡᱼᱟ ᱟᱨ ᱠᱚᱢ ᱫᱟᱲᱮᱹ ᱢᱮᱱᱟᱜᱼᱟᱟ, ᱢᱮᱱᱠᱷᱟᱱ ᱵᱟᱵᱮᱨ ᱫᱤᱱᱟᱹᱢ ᱦᱤᱞᱚᱜᱼᱟ ᱦᱤᱡᱩᱜᱼᱟᱥᱮᱱᱚᱜᱼᱟ ᱛᱮ ᱚᱱᱟ ᱫᱷᱤᱨᱤ ᱦᱚᱸ ᱜᱷᱟᱰᱞᱟᱜᱼᱟ ᱩᱛᱟᱹᱨᱚᱜᱼᱟ ᱠᱟᱱᱟ।
train_santalimale_03492	wavs/train_santalimale_03492.wav	ᱚᱱᱟ ᱤᱭᱟᱹᱛᱮ ᱠᱩᱨᱩᱢᱩᱴᱩ ᱛᱮᱢ ᱞᱟᱜᱟᱣ ᱞᱮᱠᱷᱟᱱ ᱵᱮᱡᱟᱸᱭ ᱵᱟᱢ ᱪᱮᱫ?
train_santalimale_03493	wavs/train_santalimale_03493.wav	ᱠᱟᱛᱷᱟᱭ ᱚᱱᱟ ᱛᱮ ᱥᱚᱱᱟ ᱫᱚ ᱟᱡᱼᱟ ᱛᱮᱧᱟᱫᱼᱟ ᱛᱮᱫᱼᱟ ᱟᱜᱼᱟ ᱠᱟᱛᱷᱟ ᱜᱮ ᱫᱷᱭᱟᱱ ᱞᱟᱜᱟᱣᱟᱫᱮᱭᱟ।
train_santalimale_03494	wavs/train_santalimale_03494.wav	ᱥᱚᱱᱟ ᱫᱚ ᱯᱟᱲᱦᱟᱣ ᱯᱟᱲᱦᱟᱣ ᱛᱮ ᱯᱚᱱ ᱢᱟᱹᱦᱱᱟᱹ ᱜᱟᱱ ᱮ ᱯᱟᱲᱦᱟᱣ ᱠᱮᱫᱟ।
train_santalimale_03495	wavs/train_santalimale_03495.wav	ᱩᱱᱤ ᱱᱤᱛ ᱫᱚ ᱟᱡᱼᱟ ᱛᱮᱜᱮ ᱠᱟᱹᱴᱤᱡᱼᱟ ᱯᱩᱛᱷᱤ ᱫᱚᱭ ᱯᱟᱲᱦᱟᱣ ᱫᱟᱲᱮᱭᱟᱜᱼᱟ ᱠᱟᱱ ᱜᱮᱭᱟ।
train_santalimale_03496	wavs/train_santalimale_03496.wav	ᱟᱭᱟᱜᱼᱟ ᱚᱲᱟᱹᱜᱼᱟ ᱨᱮᱭᱟᱜᱼᱟ ᱡᱟᱹᱨᱩᱲᱟᱜᱼᱟ ᱡᱤᱱᱤᱥ ᱠᱚ ᱦᱚᱸᱭ ᱯᱟᱲᱦᱟᱣ ᱫᱟᱲᱮᱹᱭᱟᱜᱼᱟ ᱠᱟᱱ ᱜᱮᱭᱟ।
train_santalimale_03497	wavs/train_santalimale_03497.wav	ᱱᱮᱛᱟᱨ ᱫᱚ ᱥᱮᱫᱟᱭ ᱞᱮᱠᱟ ᱦᱟᱴᱵᱟᱴ ᱨᱮ ᱥᱮᱱ ᱠᱟᱛᱮ ᱦᱚᱸ ᱵᱟᱭ ᱮᱲᱮ ᱚᱪᱚᱜᱼᱟ ᱠᱟᱱᱟ, ᱛᱤᱱᱟᱹᱜᱼᱟ ᱠᱚ ᱞᱟᱹᱭ ᱟᱭᱟ ᱟᱡᱼᱟ ᱛᱮ ᱚᱞ ᱯᱟᱲᱦᱟᱣ ᱠᱟᱛᱮ ᱮ ᱡᱩᱲᱟᱹᱣᱟ ᱟᱨ ᱵᱷᱟᱵᱱᱟ ᱫᱚ ᱰᱷᱮᱨ ᱠᱷᱚᱱ ᱫᱚ ᱠᱚᱢ ᱧᱚᱜᱼᱟ ᱮᱱ ᱛᱟᱭᱟ।
train_santalimale_03498	wavs/train_santalimale_03498.wav	ᱮᱱᱛᱮ ᱠᱟᱥᱛᱟᱣ ᱫᱚ ᱱᱚᱟ ᱜᱮ ᱛᱟᱸᱦᱮᱸᱠᱟᱱ ᱛᱟᱭᱟ ᱪᱮᱫᱟᱜᱼᱟ ᱮᱱᱛᱮ ᱠᱤᱞᱟᱥ ᱨᱮᱭ ᱯᱟᱲᱦᱟᱣ ᱞᱮᱱ ᱠᱷᱟᱱ ᱫᱚ ᱪᱟᱹᱠᱨᱤᱭ ᱧᱟᱢ ᱠᱮᱭᱟ।
train_santalimale_03499	wavs/train_santalimale_03499.wav	ᱢᱮᱱᱠᱷᱟᱱ ᱱᱚᱟ ᱯᱟᱲᱦᱟᱣ ᱫᱚ ᱟᱭᱟᱜᱼᱟ ᱚᱲᱟᱹᱜᱼᱟ ᱫᱩᱣᱟᱹᱨ ᱨᱮᱭᱟᱜᱼᱟ ᱞᱮᱠᱷᱟᱡᱚᱠᱷᱟ ᱞᱟᱹᱜᱤᱫᱼᱟ ᱮ ᱪᱮᱫᱼᱟ ᱠᱮᱫᱟ।
train_santalimale_03500	wavs/train_santalimale_03500.wav	ᱚᱞᱚᱜᱼᱟ ᱯᱟᱲᱦᱟᱣ ᱪᱮᱫᱼᱟ ᱡᱤᱭᱚᱱ ᱨᱮᱭ ᱪᱮᱫᱼᱟ ᱟᱱ ᱛᱮ ᱟᱹᱰᱤ ᱨᱟᱹᱥᱠᱟᱹᱭ ᱟᱹᱤᱠᱟᱹᱩ ᱠᱮᱫᱟ।
train_santalimale_03501	wavs/train_santalimale_03501.wav	ᱚᱱᱟᱛᱮ ᱱᱤᱛ ᱫᱚ ᱡᱟᱸᱦᱟᱸᱭ ᱵᱟᱠᱚ ᱢᱮᱱ ᱫᱟᱲᱮᱹ ᱣᱟᱭᱟ ᱡᱮ ᱟᱢ ᱫᱚ ᱵᱟᱢ ᱯᱟᱲᱦᱟᱣ ᱞᱮᱱᱟ।
train_santalimale_03502	wavs/train_santalimale_03502.wav	ᱥᱚᱱᱟ ᱫᱚ ᱟᱭᱟᱜᱼᱟ ᱚᱲᱟᱜᱼᱟ ᱟᱹᱰᱤ ᱢᱚᱧᱡ ᱞᱮᱠᱟ ᱫᱚᱦᱚᱭ ᱞᱟᱹᱜᱤᱫᱼᱟ ᱮ ᱪᱮᱫᱼᱟ ᱠᱮᱫᱟ।
train_santalimale_03503	wavs/train_santalimale_03503.wav	ᱟᱠᱚ ᱚᱲᱟᱜᱼᱟ ᱨᱮ ᱫᱚ ᱡᱟᱜᱟ ᱡᱩᱢᱤ ᱦᱚᱸ ᱦᱮᱱᱟᱜᱼᱟ ᱛᱟᱠᱚᱣᱟ।
train_santalimale_03504	wavs/train_santalimale_03504.wav	ᱚᱱᱟ ᱛᱮ ᱥᱚᱱᱟ ᱛᱤᱠᱤᱱ ᱵᱟᱱᱟ ᱦᱚᱲ ᱜᱮ ᱨᱤᱯᱤᱭᱟᱹᱩ ᱞᱮᱠᱟ ᱠᱷᱮᱛ ᱠᱟᱹᱢᱤ ᱠᱤᱱ ᱞᱟᱦᱟ ᱤᱫᱤ ᱠᱮᱫᱟ।
train_santalimale_03505	wavs/train_santalimale_03505.wav	ᱱᱤᱛ ᱫᱚ ᱥᱚᱱᱟᱣᱟᱜᱼᱟ ᱡᱤᱭᱚᱱ ᱨᱮ ᱦᱟᱹᱨᱤᱭᱟᱹᱰ ᱦᱮᱡᱼᱟ ᱨᱩᱣᱟᱹᱲᱮᱱ ᱛᱟᱭᱟ।
train_santalimale_03506	wavs/train_santalimale_03506.wav	ᱥᱤᱸᱜᱨᱟᱹᱭ ᱟᱨ ᱥᱚᱢᱟᱭ ᱫᱚ ᱜᱤᱫᱨᱟᱹ ᱵᱤᱫᱟᱹᱞ ᱠᱷᱚᱱ ᱢᱤᱫᱼᱟ ᱛᱮᱜᱮ ᱠᱤᱱ ᱯᱟᱲᱦᱟᱣ ᱞᱮᱱᱟ, ᱚᱱᱟ ᱞᱮᱠᱟᱨᱮ ᱢᱤᱫᱼᱟ ᱜᱟᱬᱲᱚ ᱢᱤᱫᱼᱟᱢᱟᱹᱪᱤ ᱠᱤᱱ ᱛᱟᱸᱦᱮᱸᱠᱟᱱᱟ।
train_santalimale_03507	wavs/train_santalimale_03507.wav	ᱡᱟᱸᱦᱟᱸ ᱛᱤᱱ ᱨᱮᱜᱮ ᱠᱤᱱ ᱧᱟᱯᱟᱢ ᱞᱮᱱ ᱠᱷᱟᱱ ᱫᱚ ᱡᱚᱦᱟᱨ ᱡᱚᱝᱟ ᱠᱤᱱ ᱟᱨ ᱪᱷᱟᱹᱛᱨᱤ ᱞᱟᱛᱟᱨ ᱨᱮᱠᱚ ᱦᱟᱸᱴ ᱠᱟᱜᱼᱟ ᱞᱚᱞᱚ ᱪᱮᱞᱟᱝ ᱨᱮᱭᱟᱜᱼᱟ ᱞᱚᱞᱚ ᱦᱟᱹᱬᱰᱤ ᱛᱮᱜᱮ ᱠᱤᱱ ᱯᱮᱲᱟᱹ ᱵᱟᱲᱟᱹᱭᱮᱱ ᱜᱮ।
train_santalimale_03508	wavs/train_santalimale_03508.wav	ᱤᱱᱟᱹ ᱛᱟᱭᱚᱢ ᱪᱩᱱ ᱛᱷᱟᱢᱟᱠᱩᱨ ᱫᱚᱠᱤᱱ ᱠᱚᱴᱚᱠᱠᱚᱯᱮᱫᱼᱟ ᱵᱟᱲᱟᱹ ᱠᱟᱛᱮ ᱵᱚᱜᱮᱡᱩᱫᱟᱹ ᱫᱚᱠᱤᱱ ᱠᱩᱯᱩᱞᱤᱜᱼᱟᱟ।
train_santalimale_03509	wavs/train_santalimale_03509.wav	ᱵᱚᱜᱮᱡᱩᱫᱟᱹ ᱠᱩᱯᱩᱞᱤ ᱵᱟᱲᱟᱹ ᱠᱟᱛᱮ ᱫᱚᱠᱤᱱ ᱟᱯᱟᱱᱚᱟᱹᱯᱤᱱ ᱮᱱ ᱜᱮ ᱟᱯᱱᱟᱨᱟᱜᱼᱟ ᱥᱟᱣᱫᱟ ᱠᱤᱨᱤᱧ ᱵᱟᱲᱟᱹᱭ ᱞᱟᱹᱜᱤᱫᱼᱟ।
train_santalimale_03510	wavs/train_santalimale_03510.wav	ᱢᱤᱫᱼᱟ ᱫᱚᱢ ᱫᱚ ᱱᱚᱝᱠᱟ ᱜᱮ ᱵᱟᱥ ᱛᱮᱸᱜᱩᱱ ᱴᱷᱮᱱ ᱠᱤᱱ ᱧᱟᱯᱟᱢ ᱮᱱᱟ ᱟᱨ ᱢᱤᱫᱼᱟ ᱥᱚᱸᱜᱮ ᱛᱮᱜᱮ ᱚᱲᱟᱜᱼᱟ ᱠᱤᱱ ᱦᱤᱡᱩᱜᱼᱟ ᱠᱟᱱᱟ ᱟᱨ ᱦᱚᱨᱦᱚᱨ ᱛᱮ ᱚᱲᱟᱹᱜᱼᱟ ᱫᱩᱣᱟᱹᱨ ᱨᱮᱭᱟᱜᱼᱟ ᱵᱚᱜᱮᱡᱩᱫᱟᱹ ᱠᱤᱱ ᱜᱟᱞᱢᱟᱨᱟᱣ ᱟᱹᱜᱩᱭᱮᱫᱟ।
train_santalimale_03511	wavs/train_santalimale_03511.wav	ᱟᱪᱠᱟ ᱜᱮ ᱥᱤᱸᱜᱨᱟᱹᱭ ᱫᱚ ᱥᱚᱢᱟᱭ ᱮ ᱠᱩᱞᱤ ᱜᱚᱫᱼᱟ ᱠᱮᱫᱮᱭᱟ ᱥᱚᱢᱟᱭ ᱟᱢ ᱨᱮᱱ ᱠᱚᱲᱟᱹ ᱵᱷᱚᱜᱚᱱ ᱫᱚ ᱛᱤᱱᱟᱹᱜᱼᱟ ᱜᱟᱱ ᱮ ᱯᱟᱲᱦᱟᱣ ᱮᱱ ᱛᱟᱢᱟ?
train_santalimale_03512	wavs/train_santalimale_03512.wav	ᱱᱚᱝᱠᱟᱱ ᱠᱟᱛᱷᱟ ᱥᱤᱸᱜᱨᱟᱹᱭ, ᱥᱚᱢᱟᱭᱟᱜᱼᱟ ᱢᱚᱪᱟ ᱠᱷᱚᱱ ᱮ ᱟᱧᱡᱚᱢ ᱠᱮᱫᱼᱟ ᱠᱷᱟᱱ, ᱟᱡᱼᱟ ᱯᱟᱹᱨᱤᱭ ᱨᱚᱲ ᱛᱚᱸᱜᱮᱭᱟᱫᱟ ᱠᱟᱛᱷᱟ ᱫᱚ।
train_santalimale_03513	wavs/train_santalimale_03513.wav	ᱥᱤᱸᱜᱨᱟᱹᱭ ᱫᱚ ᱥᱚᱢᱟᱭ ᱮ ᱢᱮᱛᱟᱭ ᱠᱟᱱᱟ ᱱᱟᱸᱦᱟᱸᱜᱼᱟ ᱡᱩᱜ ᱨᱮᱢᱟ ᱱᱩᱠᱨᱤ ᱠᱟᱹᱢᱤ ᱦᱚᱸ ᱟᱞᱜᱟ ᱛᱮᱢᱟ ᱵᱟᱝ ᱧᱟᱢᱚᱜᱼᱟ ᱠᱟᱱ, ᱵᱮᱨᱪᱚᱝ ᱪᱟᱸᱫᱚᱢ ᱥᱮᱱᱫᱨᱟ ᱞᱮᱠᱷᱟᱱᱮᱢ ᱟᱢ ᱵᱚᱛᱮᱡᱼᱟ ᱠᱮᱭᱟ।
train_santalimale_03514	wavs/train_santalimale_03514.wav	ᱢᱮᱱᱠᱷᱟᱱ ᱱᱟᱸᱦᱟᱸᱜᱼᱟ ᱡᱩᱜ ᱨᱮ ᱱᱩᱠᱨᱤ ᱠᱟᱹᱢᱤ ᱫᱚ ᱵᱟᱹᱲᱤᱹᱭᱟᱹ ᱨᱮᱜᱮᱢ ᱧᱟᱢᱟ।
train_santalimale_03515	wavs/train_santalimale_03515.wav	ᱵᱟᱹᱵᱩ ᱴᱷᱤᱠ ᱜᱮ ᱢᱮᱱ ᱮᱫᱼᱟ ᱠᱟᱱ, ᱢᱮᱱᱠᱷᱟᱱ ᱡᱮ ᱞᱮᱠᱟ ᱪᱟᱥᱟ ᱠᱟᱹᱢᱤ ᱫᱚ ᱡᱟᱣ ᱵᱚᱪᱷᱚᱨ ᱜᱮᱵᱚᱱ ᱪᱟᱥ ᱪᱟᱦᱮ ᱫᱚ ᱦᱩᱭᱩᱜᱼᱟ ᱪᱟᱦᱮ ᱫᱚ ᱵᱟᱝ ᱦᱩᱭᱩᱜᱼᱟ ᱩᱱ ᱦᱚᱸ ᱪᱟᱥ ᱪᱟᱥ ᱫᱚ ᱵᱟᱵᱚᱱ ᱵᱟᱹᱜᱤᱭᱟ।
train_santalimale_03516	wavs/train_santalimale_03516.wav	ᱢᱮᱱᱠᱷᱟᱱ ᱱᱩᱠᱨᱤ ᱥᱮᱱᱫᱨᱟᱭ ᱞᱟᱹᱜᱤᱫᱼᱟ ᱫᱚ ᱜᱷᱟᱱᱮᱜᱷᱟᱱᱮ ᱵᱟᱛᱟᱨ ᱫᱚ ᱵᱟᱝ ᱧᱟᱢ ᱨᱩᱣᱟᱹᱲ ᱫᱟᱲᱮᱜᱼᱟᱟ।
train_santalimale_03517	wavs/train_santalimale_03517.wav	ᱮᱱᱛᱮᱫᱼᱟ ᱱᱚᱟ ᱫᱚ ᱱᱤᱴ ᱚᱜᱼᱟᱛᱮ ᱛᱟᱸᱦᱮᱱ ᱵᱷᱚᱨ ᱜᱮ ᱱᱩᱠᱨᱤ ᱪᱟᱹᱠᱨᱤ ᱜᱚᱰᱟ ᱨᱮ ᱱᱟᱦᱮᱞ ᱨᱟᱠᱟᱵᱼᱟ ᱟᱨ ᱤᱛᱟᱹ ᱮᱨ ᱫᱚ ᱦᱩᱭᱩᱜᱼᱟᱟ।
train_santalimale_03518	wavs/train_santalimale_03518.wav	ᱯᱟᱥᱮᱱ ᱚᱠᱟ ᱵᱚᱪᱷᱚᱨ ᱫᱚ ᱱᱩᱠᱨᱤ ᱪᱟᱹᱠᱨᱤ ᱚᱢᱚᱱ ᱫᱟᱨᱮᱭᱮᱱ ᱜᱮ।
train_santalimale_03519	wavs/train_santalimale_03519.wav	ᱱᱚᱟ ᱫᱚ ᱚᱠᱚᱭ ᱦᱚᱸ ᱵᱟᱝ ᱵᱚᱱ ᱞᱟᱹᱭ ᱫᱟᱲᱮᱹᱭᱟᱜᱼᱟᱟ।
train_santalimale_03520	wavs/train_santalimale_03520.wav	ᱪᱮᱠᱟᱛᱮ ᱜᱟᱰᱟ ᱫᱟᱜᱼᱟ ᱨᱮ ᱡᱷᱟᱹᱞᱤ ᱵᱚᱱ ᱪᱟᱯᱟᱫ ᱞᱮᱠᱟ ᱚᱠᱟ ᱫᱚ ᱦᱟᱠᱚ ᱠᱚ ᱡᱷᱟᱹᱞᱤ ᱭᱮᱱ ᱜᱮ ᱚᱠᱟ ᱫᱚ ᱵᱟᱠᱚ ᱡᱷᱟᱹᱞᱤᱜᱼᱟᱟ।
train_santalimale_03521	wavs/train_santalimale_03521.wav	ᱚᱱᱟ ᱛᱮ ᱚᱜᱼᱟᱛᱮ ᱟᱨ ᱫᱟᱲᱮ ᱛᱟᱸᱦᱮᱸᱱ ᱵᱷᱚᱨ ᱫᱚ ᱵᱟᱝ ᱧᱟᱢᱚᱜᱼᱟ ᱨᱮᱦᱚᱸ ᱨᱤᱠᱤᱲ ᱢᱚᱱᱮ ᱛᱮ ᱠᱩᱨᱩᱢᱩᱴᱩ ᱫᱚ ᱫᱚᱦᱚᱭ ᱡᱟᱨᱩᱲ ᱠᱟᱱ ᱜᱮᱭᱟ, ᱥᱚᱢᱟᱭ ᱫᱚᱭ ᱢᱮᱱ ᱠᱮᱫᱟ।
train_santalimale_03522	wavs/train_santalimale_03522.wav	ᱚᱱᱟ ᱤᱭᱟᱹᱛᱮ ᱩᱢᱟᱹᱨ ᱛᱟᱸᱦᱮᱸᱱ ᱵᱷᱚᱨ ᱫᱚ ᱱᱩᱠᱨᱤᱭ ᱥᱮᱱᱫᱨᱟᱣᱟᱱ ᱞᱮᱜᱮ, ᱯᱟᱥᱮᱱ ᱮ ᱧᱟᱢ ᱛᱟᱱᱮᱡᱼᱟ ᱠᱮᱫᱼᱟ।
train_santalimale_03523	wavs/train_santalimale_03523.wav	ᱥᱚᱢᱟᱭᱟᱜᱼᱟ ᱱᱚᱟ ᱠᱚ ᱠᱟᱛᱷᱟᱭ ᱟᱧᱡᱚᱢ ᱢᱩᱪᱟᱹᱫᱼᱟ ᱠᱮᱫᱼᱟ ᱠᱷᱟᱱ ᱥᱤᱸᱜᱨᱟᱹᱭ ᱫᱚᱭ ᱢᱮᱱ ᱠᱮᱫᱟ ᱱᱚᱟ ᱠᱟᱛᱷᱟ ᱫᱚ ᱟᱹᱰᱤ ᱡᱚᱛᱷᱟᱛ ᱜᱮᱢ ᱨᱚᱲ ᱠᱮᱫᱟ।
train_santalimale_03524	wavs/train_santalimale_03524.wav	ᱮᱱᱛᱮᱫᱼᱟ ᱟᱵᱚ ᱢᱟᱱᱣᱟᱸ ᱴᱷᱮᱱ ᱫᱚ ᱮᱠᱮᱱ ᱠᱩᱨᱩᱢᱩᱴᱩ ᱨᱮᱭᱟᱜᱼᱟ ᱜᱮ ᱫᱟᱲᱮᱹ ᱫᱚ ᱢᱮᱱᱟᱜᱼᱟᱟ, ᱫᱟᱲᱮᱹᱭᱟᱜᱼᱟ ᱵᱷᱚᱨ ᱟᱨ ᱩᱢᱟᱹᱨ ᱛᱟᱸᱦᱮᱸᱱ ᱦᱟᱹᱵᱤᱡᱼᱟ ᱱᱩᱠᱨᱤ ᱥᱮᱱᱫᱨᱟ ᱛᱮᱜᱮ ᱡᱟᱹᱨᱩᱲᱟᱹ।
train_santalimale_03525	wavs/train_santalimale_03525.wav	ᱯᱟᱥᱮᱱ ᱠᱩᱨᱩᱢᱩᱴᱩ ᱧᱮᱞᱛᱮ ᱴᱷᱟᱹᱠᱩᱨᱵᱟᱵᱟ ᱦᱚᱸᱭ ᱫᱟᱭᱟᱜᱼᱟ ᱜᱮᱭᱟ ᱟᱨ ᱴᱷᱟᱹᱠᱩᱨ ᱵᱟᱵᱟᱭ ᱫᱟᱭᱟ ᱞᱮᱱ ᱠᱷᱟᱱ, ᱵᱷᱚᱜᱚᱱ ᱫᱚ ᱠᱷᱟᱹᱴᱤ ᱜᱮ ᱱᱩᱠᱨᱤ ᱫᱚᱭ ᱧᱟᱢ ᱜᱮᱛᱟᱢᱟ।
train_santalimale_03526	wavs/train_santalimale_03526.wav	ᱱᱚᱟ ᱠᱚ ᱠᱟᱛᱷᱟ ᱜᱮ ᱜᱟᱞᱢᱟᱨᱟᱣ ᱵᱟᱲᱟᱹ ᱠᱟᱛᱮᱫᱼᱟ ᱮᱱ ᱦᱤᱞᱚᱜᱼᱟ ᱫᱚ ᱠᱤᱱ ᱟᱯᱟᱱᱚᱟᱹᱯᱤᱱ ᱮᱱᱟ।
train_santalimale_03527	wavs/train_santalimale_03527.wav	ᱰᱷᱮᱨᱚᱫᱤᱱ ᱛᱟᱭᱚᱢ ᱟᱨᱦᱚᱸ ᱢᱤᱫᱼᱟ ᱫᱷᱟᱣ ᱦᱟᱹᱴᱤᱭᱟᱹ ᱨᱮ ᱥᱤᱸᱜᱨᱟᱹᱭ ᱟᱨ ᱥᱚᱢᱟᱭ ᱠᱤᱱ ᱧᱟᱯᱟᱢᱮᱱᱟ।
train_santalimale_03528	wavs/train_santalimale_03528.wav	ᱥᱤᱸᱜᱨᱟᱹᱭ ᱫᱚ ᱥᱚᱢᱟᱭ ᱮ ᱠᱩᱞᱤ ᱠᱮᱫᱮᱭᱟ ᱟᱪᱪᱷᱟ ᱥᱚᱢᱟᱭ ᱵᱟᱹᱵᱩ ᱟᱢ ᱨᱮᱱ ᱠᱚᱲᱟ ᱫᱚ ᱪᱮᱫᱼᱟ ᱞᱮᱠᱟ ᱱᱩᱠᱨᱤ ᱠᱟᱹᱢᱤ ᱫᱚᱭ ᱧᱟᱢ ᱠᱮᱫᱟ ᱥᱮ ᱵᱟᱝ?
train_santalimale_03529	wavs/train_santalimale_03529.wav	ᱯᱟᱥᱮᱱ ᱱᱩᱠᱨᱤ ᱵᱟᱠᱷᱨᱟ ᱵᱤᱲᱟᱹᱩ ᱠᱷᱚᱨᱚᱪ ᱡᱚᱛᱚᱧ ᱡᱚᱜᱟᱣ ᱡᱟᱨᱣᱟ ᱞᱮᱠᱷᱟᱱ ᱢᱤᱫᱼᱟ ᱵᱟᱯᱞᱟ ᱨᱮᱭᱟᱜᱼᱟ ᱫᱚ ᱦᱩᱭ ᱡᱟᱨᱣᱟ ᱭᱮᱱᱟ।
train_santalimale_03530	wavs/train_santalimale_03530.wav	ᱠᱚᱲᱟᱹ ᱢᱟ ᱦᱟᱱᱛᱮᱱᱦᱟᱛᱮ ᱢᱤᱫᱼᱟᱛᱟᱞᱟᱣ ᱵᱤᱲᱟᱹᱩ ᱮᱢᱚᱜᱼᱟ ᱜᱮᱭ ᱪᱟᱞᱟᱜᱼᱟᱟ।
train_santalimale_03531	wavs/train_santalimale_03531.wav	ᱠᱦᱤᱸ ᱵᱟᱝ ᱱᱩᱠᱨᱤ ᱥᱮᱱᱫᱨᱟᱥᱮᱱᱫᱨᱟ ᱵᱟᱹᱦᱩ ᱛᱟᱱᱮᱡᱼᱟ ᱦᱚᱸᱭ ᱥᱮᱱᱫᱨᱟ ᱧᱟᱢ ᱞᱮᱠᱚ ᱠᱷᱟᱱ ᱪᱮᱫᱼᱟ ᱴᱷᱮᱠᱟᱱ ᱢᱮᱱᱟᱜᱼᱟᱟ ᱦᱟᱨᱟ ᱦᱚᱯᱚᱱᱟᱜᱼᱟ ᱫᱚ।
train_santalimale_03532	wavs/train_santalimale_03532.wav	ᱦᱚᱨ ᱛᱮᱭ ᱪᱟᱞᱟᱜᱼᱟ ᱠᱷᱟᱱ ᱦᱚᱭ ᱦᱤᱸᱥᱤᱫᱼᱟ ᱵᱷᱟᱨᱚᱬᱲᱚ ᱨᱮᱭᱟᱜᱼᱟ ᱡᱚᱵᱨᱟ ᱛᱮᱦᱚᱸᱢ ᱪᱩᱵᱟᱹᱜᱼᱟ ᱫᱟᱲᱮᱭᱟᱜᱼᱟᱟ।
train_santalimale_03533	wavs/train_santalimale_03533.wav	ᱚᱱᱟ ᱨᱮᱦᱚᱸ ᱵᱟᱝ ᱫᱚ ᱪᱷᱟᱹᱰᱣᱤ ᱠᱩᱲᱤ ᱟᱨ ᱵᱟᱝ ᱫᱚ ᱡᱟᱸᱣᱟᱸᱭ ᱠᱩᱲᱤ ᱜᱮᱭ ᱟᱹᱜᱩᱣᱟᱫᱼᱟ ᱢᱮ ᱜᱮ।
train_santalimale_03534	wavs/train_santalimale_03534.wav	ᱡᱟᱸᱣᱟᱸᱭ ᱠᱩᱲᱤ ᱛᱟᱱᱮᱡᱼᱟ ᱮ ᱟᱹᱜᱩᱣᱟᱹᱧ ᱠᱷᱟᱡᱼᱟ ᱤᱧ ᱜᱮ ᱱᱟᱸᱦᱟᱸᱜᱼᱟ ᱛᱟᱞᱟ ᱠᱩᱞᱦᱤ ᱨᱮ ᱡᱷᱟᱨᱞᱟᱡᱷᱟᱹᱨᱞᱤ ᱞᱚᱞᱚᱥᱮᱛᱚᱝ ᱨᱮ ᱠᱚ ᱛᱚᱞ ᱰᱷᱩᱢᱵᱟᱹᱜᱼᱟ ᱠᱟᱹᱧᱟᱹ ᱱᱟᱸᱦᱟᱸᱜᱼᱟ ᱟᱨ ᱢᱤᱫᱼᱟ ᱢᱟ ᱫᱤᱥᱚᱢ ᱦᱚᱲ ᱛᱟᱞᱟ ᱨᱮ ᱞᱟᱡᱟᱣ ᱯᱟᱲᱟᱹ।
train_santalimale_03535	wavs/train_santalimale_03535.wav	ᱱᱚᱝᱠᱟᱱ ᱠᱟᱛᱷᱟ ᱟᱰᱮᱯᱟᱥᱮ ᱦᱚᱲ ᱦᱚᱸ ᱠᱚ ᱵᱟᱰᱟᱭ ᱞᱮᱠᱷᱟᱱ ᱤᱧ ᱧᱮᱧᱮᱞ ᱦᱚᱸ ᱠᱚ ᱥᱮᱴᱮᱨ ᱟᱲᱚᱜᱼᱟᱟ ᱥᱟᱹᱢᱟᱹᱱᱤ ᱞᱟᱡᱟ ᱯᱟᱲᱟᱹ ᱨᱮᱭᱟᱜᱼᱟ ᱠᱟᱛᱷᱟ।
train_santalimale_03536	wavs/train_santalimale_03536.wav	ᱟᱨ ᱱᱚᱝᱠᱟᱱ ᱵᱤᱪᱟᱹᱨ ᱨᱮᱢᱟ ᱫᱤᱥᱚᱢ ᱦᱚᱲ ᱦᱚᱸ ᱠᱚ ᱵᱤᱪᱟᱹᱨᱟ ᱫᱚᱵᱲᱟᱹ ᱜᱚᱱᱚᱝ ᱨᱩᱣᱟᱹᱲ ᱥᱟᱞᱟᱜᱼᱟ ᱰᱟᱬᱲᱚᱢ ᱦᱚᱸ ᱮᱢᱚᱜᱼᱟ ᱦᱩᱭᱩᱜᱼᱟ ᱛᱤᱧᱟᱹ ᱟᱨ ᱱᱤᱭᱟᱹ ᱡᱩᱜ ᱨᱮᱢᱟ ᱚᱠᱟ ᱢᱟ ᱰᱟᱬᱲᱚᱢ ᱦᱚᱸ ᱮᱢ ᱢᱮ, ᱟᱨ ᱵᱟᱹᱦᱩ ᱠᱩᱲᱤ ᱦᱚᱸ ᱵᱟᱢ ᱧᱟᱢᱮᱭᱟ ᱚᱱᱠᱟ ᱠᱚ ᱟᱹᱨᱤᱭᱮᱫᱼᱟ ᱠᱟᱱ, ᱚᱱᱟ ᱜᱮ ᱤᱧ ᱫᱚᱧ ᱫᱤᱜᱫᱷᱟᱹᱜᱼᱟ ᱠᱟᱱᱟ।
train_santalimale_03537	wavs/train_santalimale_03537.wav	ᱮᱱ ᱦᱤᱞᱚᱜᱼᱟ ᱥᱤᱸᱜᱨᱟᱹᱭ ᱫᱚ ᱦᱟᱹᱴᱤᱭᱟᱹ ᱠᱷᱚᱱ ᱨᱩᱣᱟᱹᱲ ᱡᱚᱠᱷᱮᱱ ᱥᱚᱢᱟᱭᱟᱜᱼᱟ ᱠᱟᱛᱷᱟᱭ ᱫᱤᱥᱟᱹ ᱟᱹᱜᱩ ᱭᱮᱫᱟ ᱦᱚᱨᱦᱚᱨ ᱛᱮ।
train_santalimale_03538	wavs/train_santalimale_03538.wav	ᱟᱡᱼᱟᱟᱜᱼᱟ ᱢᱚᱱᱮ ᱨᱮᱭ ᱦᱩᱫᱤᱥ ᱟᱹᱜᱩ ᱭᱮᱫᱟ ᱱᱚᱜᱼᱟᱚᱸᱭ ᱤᱧ ᱨᱮᱱ ᱠᱩᱲᱤ ᱦᱚᱸ ᱢᱟ ᱢᱮᱭᱴᱨᱤᱠ ᱢᱟᱭ ᱯᱟᱥ ᱠᱮᱫᱼᱟ ᱟᱨ ᱞᱟᱦᱟ ᱥᱮᱡᱼᱟ ᱯᱟᱲᱦᱟᱣ ᱚᱪᱚᱭᱮᱧ ᱢᱮᱱ ᱮᱫᱼᱟ ᱜᱮ ᱟᱫᱚᱧ ᱫᱟᱲᱮᱭᱟᱜᱼᱟᱟ ᱥᱮ ᱵᱟᱝ ᱱᱚᱟ ᱜᱮ ᱦᱟᱢᱟᱞ ᱫᱚᱧ ᱵᱩᱡᱷᱟᱹᱩ ᱮᱫᱟ।
train_santalimale_03539	wavs/train_santalimale_03539.wav	ᱵᱟᱝ ᱠᱷᱟᱱ ᱥᱚᱢᱟᱭ ᱜᱮ ᱵᱟᱞᱟᱭᱮ ᱨᱮᱭᱟᱜᱼᱟ ᱤᱧ ᱜᱚᱴᱟ ᱞᱮᱜᱟᱹᱭᱟ।
train_santalimale_03540	wavs/train_santalimale_03540.wav	ᱱᱚᱟ ᱥᱮᱨᱮᱧ ᱜᱮ ᱟᱭᱟᱜᱼᱟ ᱢᱚᱱᱮᱢᱚᱱᱮ ᱛᱮ ᱦᱩᱸᱦᱩᱸ ᱭᱮ ᱥᱮᱨᱮᱧ ᱠᱮᱫᱟ ᱟᱨ ᱟᱡᱼᱟ ᱢᱚᱱᱮᱢᱚᱱᱮ ᱛᱮᱭ ᱦᱩᱫᱤᱥ ᱮᱫᱟ ᱡᱮ ᱵᱟᱞᱟᱭᱮ ᱢᱟᱧ ᱢᱮᱱ ᱮᱱ ᱠᱷᱟᱱ ᱜᱮ ᱢᱮᱱᱠᱷᱟᱱ ᱤᱧ ᱢᱟᱧ ᱠᱩᱲᱤ ᱟᱯᱟᱛ ᱠᱟᱱ ᱪᱮᱠᱟ ᱛᱮ ᱱᱚᱟ ᱠᱟᱛᱷᱟ ᱫᱚᱧ ᱥᱚᱫᱚᱨ ᱠᱮᱭᱟ ᱤᱧ ᱥᱮᱱ ᱠᱷᱚᱱ ᱫᱚ।
train_santalimale_03541	wavs/train_santalimale_03541.wav	ᱟᱵᱚ ᱦᱚᱲᱦᱚᱯᱚᱱ ᱨᱮᱢᱟ ᱱᱚᱝᱠᱟᱱ ᱪᱚᱞᱚᱱ ᱢᱟ ᱵᱟᱹᱱᱩᱜᱼᱟ ᱛᱟᱵᱚᱱ ᱡᱮ ᱠᱩᱲᱤ ᱥᱮᱱ ᱠᱷᱚᱱ ᱡᱟᱸᱣᱟᱸᱭ ᱵᱚᱱ ᱥᱮᱱᱫᱨᱟ ᱠᱚᱟ ᱢᱮᱱᱛᱮ।
train_santalimale_03542	wavs/train_santalimale_03542.wav	ᱮᱱ ᱦᱤᱞᱚᱜᱼᱟ ᱫᱚ ᱦᱟᱹᱴᱤᱭᱟᱹ ᱠᱷᱚᱱ ᱨᱩᱣᱟᱹᱲ ᱦᱮᱡᱼᱟ ᱠᱟᱛᱮᱫᱼᱟ ᱚᱲᱟᱜᱼᱟ ᱵᱚᱝᱜᱟ ᱴᱷᱮᱱ ᱱᱚᱟ ᱠᱟᱛᱷᱟ ᱥᱚᱫᱚᱨ ᱮ ᱢᱮᱱ ᱟᱱᱟ।
train_santalimale_03543	wavs/train_santalimale_03543.wav	ᱠᱮᱫᱚᱜᱼᱟ ᱢᱟᱬᱰᱤ ᱡᱚᱢ ᱵᱟᱝ ᱠᱟᱛᱮᱫᱼᱟ ᱜᱤᱛᱤᱡᱼᱟ ᱞᱟᱦᱟ ᱨᱮ ᱜᱷᱤᱨᱱᱤ ᱛᱟᱭ ᱱᱚᱟ ᱠᱟᱛᱷᱟ ᱡᱟᱹᱦᱤᱨ ᱞᱟᱦᱟ ᱨᱮᱭ ᱠᱩᱞᱤ ᱟᱹᱤᱠᱟᱹᱩ ᱮᱫᱮ ᱠᱟᱱᱟ ᱢᱤᱫᱼᱟ ᱴᱮᱱ ᱠᱟᱛᱷᱟ ᱠᱩᱞᱤ ᱢᱮᱧ ᱢᱮᱱ ᱮᱫᱟ, ᱟᱧᱡᱚᱢ ᱠᱤᱛᱤᱧᱟᱹᱢ।
train_santalimale_03544	wavs/train_santalimale_03544.wav	ᱮᱨᱟᱛ ᱛᱮᱫᱼᱟ ᱫᱚᱭ ᱪᱚᱠᱷᱱᱟᱣ ᱮᱫᱮ ᱠᱟᱱᱟ ᱩᱱᱟᱹᱜᱼᱟ ᱫᱤᱱ ᱠᱷᱚᱱᱤᱧ ᱟᱧᱡᱚᱢ ᱠᱮᱫᱼᱟ ᱛᱟᱢᱟ, ᱛᱮᱦᱮᱧ ᱫᱚ ᱵᱮᱡᱟᱸᱭ ᱞᱟᱦᱟ ᱨᱮᱜᱮᱢ ᱠᱟᱹᱡᱤᱭᱟᱸᱣ ᱴᱷᱤᱠᱤᱧ ᱠᱟᱱ ᱨᱮ ᱜᱮ।
train_santalimale_03545	wavs/train_santalimale_03545.wav	ᱩᱱᱟᱹᱜᱼᱟ ᱫᱤᱱ ᱫᱚ ᱵᱟᱹᱧ ᱟᱧᱡᱚᱢ ᱞᱮᱫᱼᱟ ᱛᱟᱢ ᱛᱮ ᱞᱟᱝ ᱵᱩᱰᱦᱤ ᱦᱟᱲᱟᱹᱢᱚᱜᱼᱟ ᱠᱟᱱᱟ।
train_santalimale_03546	wavs/train_santalimale_03546.wav	ᱩᱱᱤ ᱨᱮᱱ ᱢᱟᱭ ᱠᱚᱲᱟᱹ ᱦᱚᱯᱚᱱ ᱠᱟᱱ ᱟᱨ ᱦᱚᱲᱢᱚ ᱦᱚᱵᱚᱱ ᱡᱩᱫᱟᱹᱡᱩᱫᱟᱹ ᱜᱮᱭᱟ।
train_santalimale_03547	wavs/train_santalimale_03547.wav	ᱱᱚᱝᱠᱟᱱ ᱠᱟᱛᱷᱟ ᱮᱨᱟᱛ ᱛᱮᱫᱼᱟ ᱮ ᱟᱧᱡᱚᱢ ᱠᱮᱫᱼᱟ ᱠᱷᱟᱱ ᱫᱷᱟᱠ ᱢᱟᱨᱟᱣ ᱮᱱᱟ ᱟᱨᱮ ᱨᱚᱲ ᱜᱚᱫᱼᱟ ᱠᱮᱫᱟ ᱪᱮᱠᱟ ᱛᱮ ᱱᱚᱝᱠᱟᱱ ᱠᱟᱛᱷᱟ ᱫᱚᱢ ᱨᱚᱲ ᱫᱟᱲᱮᱭᱟᱜᱼᱟ ᱠᱟᱱᱟ ᱟᱢ ᱫᱚ।
train_santalimale_03548	wavs/train_santalimale_03548.wav	ᱟᱵᱚ ᱥᱸᱛᱟᱞᱥᱚᱢᱟᱡ ᱨᱮᱢᱟ ᱠᱩᱲᱤ ᱥᱮᱱ ᱠᱷᱚᱱ ᱡᱟᱸᱦᱟᱸᱭ ᱮᱢ ᱥᱮᱱᱫᱨᱟ ᱭᱮᱠᱷᱟᱱ ᱦᱚᱲ ᱠᱚ ᱨᱚᱲ ᱜᱚᱫᱟ ᱡᱮ ᱯᱷᱟᱞᱱᱟ ᱦᱚᱯᱚᱱ ᱮᱨᱟ ᱫᱚ ᱪᱮᱫᱼᱟ ᱞᱮᱠᱟ ᱪᱚ?
train_santalimale_03549	wavs/train_santalimale_03549.wav	ᱟᱨ ᱦᱚᱸ ᱠᱚ ᱨᱚᱲᱟ ᱯᱷᱟᱞᱱᱟ ᱨᱮᱱ ᱦᱚᱯᱚᱱ ᱮᱨᱟᱣᱟᱜᱼᱟ ᱫᱚ ᱯᱟᱥᱮᱡᱼᱟ ᱵᱮᱣᱦᱟᱨ ᱫᱚ ᱵᱟᱝ ᱢᱚᱸᱡ ᱛᱟᱭᱟ ᱚᱱᱟᱛᱮ ᱪᱚᱝ ᱠᱩᱲᱤ ᱥᱮᱱ ᱠᱷᱚᱱ ᱡᱟᱸᱣᱟᱸᱭ ᱠᱚ ᱥᱮᱱᱫᱨᱟᱭᱮᱫᱼᱟ ᱠᱚᱟ।
train_santalimale_03550	wavs/train_santalimale_03550.wav	ᱥᱤᱸᱜᱨᱟᱹᱭ ᱫᱚ ᱮᱨᱟᱛ ᱛᱮᱫᱼᱟ ᱴᱷᱮᱱ ᱠᱷᱚᱱ ᱱᱚᱟ ᱠᱟᱛᱷᱟ ᱟᱧᱡᱚᱢ ᱠᱟᱛᱮᱫᱼᱟ ᱮ ᱢᱮᱛᱟᱭ ᱠᱟᱱᱟ ᱱᱚᱟ ᱞᱟᱹᱜᱤᱫᱼᱟ ᱫᱚ ᱠᱚᱬᱰᱭᱟᱰᱟᱦᱟᱨ ᱥᱮᱱᱫᱨᱟ ᱦᱩᱭᱩᱜᱼᱟᱟ, ᱟᱨ ᱱᱚᱟ ᱫᱚ ᱞᱟᱦᱟ ᱨᱮᱜᱮᱧ ᱦᱩᱫᱤᱥ ᱧᱩᱛ ᱟᱠᱟᱫᱟ।
train_santalimale_03551	wavs/train_santalimale_03551.wav	ᱤᱭᱟᱹ ᱟᱵᱚ ᱟᱛᱚ ᱨᱮᱱ ᱫᱷᱚᱱᱟᱣᱟᱜᱼᱟ ᱢᱟ ᱱᱟᱹᱤᱦᱟᱹᱨ ᱢᱟ ᱥᱚᱢᱟᱭ ᱛᱮᱠᱚ ᱟᱛᱚ ᱠᱟᱱ ᱛᱟᱭ ᱜᱮ।
train_santalimale_03552	wavs/train_santalimale_03552.wav	ᱩᱱᱤ ᱜᱮ ᱠᱚᱞ ᱠᱟᱛᱮᱫᱼᱟ ᱯᱷᱚᱱ ᱛᱮ ᱠᱟᱛᱷᱟ ᱞᱟᱝ ᱠᱩᱞᱤ ᱮᱴᱮᱡᱼᱟ ᱚᱪᱚ ᱭᱮᱭᱟ।
train_santalimale_03553	wavs/train_santalimale_03553.wav	ᱮᱱᱛᱮᱫᱼᱟ ᱫᱷᱚᱱᱟ ᱟᱨ ᱥᱚᱢᱟᱭ ᱫᱚ ᱟᱛᱚ ᱥᱟᱹᱜᱟᱹᱭ ᱛᱤᱠᱤᱱ ᱛᱮᱧᱟᱭᱟᱜᱼᱟᱟ।
train_santalimale_03554	wavs/train_santalimale_03554.wav	ᱮᱨᱟᱛ ᱛᱮᱫᱼᱟ ᱱᱚᱟ ᱠᱟᱛᱷᱟᱭ ᱟᱧᱡᱚᱢ ᱠᱮᱫᱼᱟ ᱠᱷᱟᱱ, ᱢᱮᱱ ᱠᱮᱫᱟ ᱦᱮᱸ ᱱᱚᱟ ᱠᱟᱛᱷᱟ ᱫᱚ ᱧᱩᱛ ᱠᱚᱜᱼᱟ ᱜᱮᱭᱟ, ᱩᱱᱤ ᱫᱚ ᱞᱟᱸᱫᱟ ᱥᱟᱹᱜᱟᱹᱭ ᱦᱚᱲ, ᱞᱟᱸᱫᱟ ᱦᱚᱸᱭ ᱞᱟᱸᱫᱟ ᱫᱟᱲᱮᱹᱣᱟᱭᱟ।
train_santalimale_03555	wavs/train_santalimale_03555.wav	ᱢᱟ ᱛᱚᱵᱮ ᱩᱱᱤ ᱜᱮ ᱱᱚᱟ ᱠᱟᱛᱷᱟ ᱫᱚ ᱜᱚᱜᱼᱟᱵᱷᱟᱹᱨᱭᱟᱹ ᱣᱟᱭ ᱢᱮ।
train_santalimale_03556	wavs/train_santalimale_03556.wav	ᱛᱚᱵᱮ ᱠᱷᱟᱱ ᱜᱟᱯᱟ ᱥᱮᱛᱟᱜᱼᱟ ᱜᱮ ᱱᱚᱟ ᱠᱟᱛᱷᱟ ᱫᱚ ᱫᱷᱚᱱᱟᱧ ᱢᱮᱛᱟᱭᱟ ᱥᱤᱸᱜᱨᱟᱹᱭ ᱫᱚ ᱮᱨᱟᱛ ᱛᱮᱫᱼᱟ ᱮ ᱢᱮᱛᱟ ᱫᱮᱭᱟ।
train_santalimale_03557	wavs/train_santalimale_03557.wav	ᱥᱤᱸᱜᱨᱟᱹᱭ ᱫᱚ ᱫᱚᱥᱟᱨ ᱦᱤᱞᱚᱜᱼᱟ ᱥᱮᱛᱟᱜᱼᱟ ᱯᱟᱭᱟᱨ ᱨᱮ ᱵᱟᱹᱤᱦᱟᱹᱲᱥᱮᱱ ᱠᱷᱚᱱ ᱫᱷᱚᱱᱟ ᱚᱲᱟᱜᱼᱟ ᱥᱮᱱ ᱮ ᱨᱟᱠᱟᱵᱼᱟ ᱪᱟᱞᱟᱣᱮᱱᱟ।
train_santalimale_03558	wavs/train_santalimale_03558.wav	ᱫᱷᱚᱱᱟ ᱫᱚ ᱵᱮᱸᱜᱟᱲ ᱠᱚᱪᱟ ᱥᱮᱱ ᱨᱮᱜᱮᱭ ᱛᱟᱸᱦᱮᱸᱠᱟᱱᱟ, ᱚᱱᱟ ᱛᱮ ᱥᱤᱸᱜᱨᱟᱹᱭ ᱫᱚ ᱠᱚᱪᱟ ᱥᱮᱱ ᱮ ᱨᱟᱠᱟᱵᱼᱟ ᱪᱟᱞᱟᱣᱮᱱᱟ।
train_santalimale_03559	wavs/train_santalimale_03559.wav	ᱥᱤᱸᱜᱨᱟᱹᱭ ᱵᱮᱸᱜᱟᱲ ᱠᱚᱪᱟ ᱥᱮᱱ ᱮ ᱨᱟᱠᱟᱵᱼᱟ ᱮᱱ ᱠᱷᱟᱱ ᱫᱷᱚᱱᱟᱭ ᱧᱮᱞ ᱧᱟᱢ ᱠᱮᱫᱮᱭᱟ।
train_santalimale_03560	wavs/train_santalimale_03560.wav	ᱛᱚᱵᱮ ᱠᱷᱟᱱ ᱫᱷᱚᱱᱟ ᱫᱚᱭ ᱨᱚᱲ ᱜᱚᱫᱼᱟ ᱠᱮᱫᱟ ᱢᱟ ᱡᱤᱨᱟᱹᱩ ᱢᱮᱸ ᱦᱚ, ᱫᱮᱞᱟᱝ ᱚᱲᱟᱜᱼᱟ ᱥᱮᱡᱼᱟ ᱜᱮ।
train_santalimale_03561	wavs/train_santalimale_03561.wav	ᱫᱷᱚᱱᱟ ᱫᱚ ᱥᱤᱸᱜᱨᱟᱹᱭ ᱮ ᱠᱩᱞᱤ ᱠᱮᱫᱮᱭᱟ ᱪᱮᱞᱮ ᱦᱚ ᱪᱮᱫᱼᱟ ᱞᱮᱠᱟ ᱢᱮᱱᱟᱜᱼᱟ ᱵᱟᱲᱟᱹ ᱯᱮᱲᱟᱹ?
train_santalimale_03562	wavs/train_santalimale_03562.wav	ᱟᱫᱚ ᱟᱯᱮ ᱠᱚᱜᱮ ᱪᱮᱫᱼᱟ ᱞᱮᱠᱟ ᱢᱮᱱᱟᱜᱼᱟ ᱵᱟᱲᱟᱹ ᱯᱮᱭᱟ?
train_santalimale_03563	wavs/train_santalimale_03563.wav	ᱥᱤᱸᱜᱨᱟᱹᱭ ᱫᱚ ᱫᱷᱚᱱᱟᱭ ᱠᱩᱞᱤ ᱨᱩᱣᱟᱹᱲ ᱠᱮᱫᱮᱭᱟ।
train_santalimale_03564	wavs/train_santalimale_03564.wav	ᱫᱷᱚᱱᱟ ᱦᱚᱸ ᱵᱚᱜᱮᱡᱩᱫᱟᱹ ᱱᱟᱯᱟᱭ ᱜᱮᱭ ᱞᱟᱹᱭ ᱠᱮᱫᱼᱟ ᱛᱟᱹᱠᱤᱱᱟ।
train_santalimale_03565	wavs/train_santalimale_03565.wav	ᱱᱚᱝᱠᱟᱱ ᱠᱟᱛᱷᱟ ᱫᱷᱚᱱᱟᱭ ᱨᱚᱲ ᱠᱮᱫᱼᱟ ᱠᱷᱟᱱ ᱥᱤᱸᱜᱨᱟᱹᱭ ᱫᱚ ᱟᱭᱟᱜᱼᱟ ᱢᱚᱱᱮ ᱵᱷᱤᱛᱨᱤ ᱨᱮ ᱫᱷᱤᱨᱤ ᱛᱮᱭ ᱛᱮᱱ ᱟᱹᱜᱩᱣᱟᱠᱟᱫᱼᱟ ᱠᱟᱛᱷᱟ ᱫᱚ ᱛᱩᱞᱟᱹᱢ ᱡᱚ ᱠᱷᱚᱱ ᱛᱩᱞᱟᱹᱢ ᱚᱴᱮᱡᱼᱟ ᱛᱚᱫᱚᱜᱼᱟ ᱞᱮᱠᱟ ᱟᱭᱟᱜᱼᱟ ᱢᱚᱪᱟ ᱠᱷᱚᱱ ᱠᱟᱛᱷᱟ ᱫᱚ ᱪᱟᱹᱴᱤᱡᱼᱟ ᱛᱚᱫᱼᱟ ᱮᱱ ᱛᱟᱭᱟ।
train_santalimale_03566	wavs/train_santalimale_03566.wav	ᱥᱤᱸᱜᱨᱟᱹᱭ ᱫᱚ ᱮᱱ ᱦᱚᱸ ᱞᱟᱡᱟᱣᱞᱟᱡᱟᱣ ᱛᱮᱜᱮ ᱠᱟᱛᱷᱟ ᱫᱚᱭ ᱨᱚᱲ ᱮᱦᱚᱵᱼᱟ ᱠᱮᱫᱟ।
train_santalimale_03567	wavs/train_santalimale_03567.wav	ᱛᱚᱵᱮ ᱠᱷᱟᱱ ᱫᱷᱚᱱᱟ ᱠᱟᱛᱷᱟ ᱫᱚ ᱱᱚᱟ ᱠᱟᱱᱟ ᱤᱭᱟᱹ ᱟᱹᱞᱤᱧ ᱡᱩᱨᱤᱯᱟᱹᱨᱤ ᱛᱮ ᱢᱤᱫᱼᱟ ᱴᱮᱱ ᱠᱟᱛᱷᱟ ᱞᱤᱧ ᱜᱚᱜᱼᱟ ᱟᱢᱟ, ᱟᱫᱚᱢ ᱜᱚᱜᱼᱟ ᱛᱟᱹᱞᱤᱧᱟ ᱥᱮ ᱵᱟᱲ?
train_santalimale_03568	wavs/train_santalimale_03568.wav	ᱱᱚᱟ ᱠᱟᱛᱷᱟ ᱨᱚᱲ ᱢᱩᱪᱟᱹᱫᱼᱟ ᱟᱧᱡᱚᱢ ᱥᱟᱸᱣ ᱛᱮ ᱥᱤᱸᱜᱨᱟᱹᱭ ᱫᱚ ᱢᱩᱞᱩᱡᱼᱟ ᱢᱟᱪᱷᱟ ᱞᱟᱸᱫᱟ ᱠᱟᱛᱮᱫᱼᱟ ᱮ ᱨᱚᱲ ᱠᱮᱫᱟ।
train_santalimale_03569	wavs/train_santalimale_03569.wav	ᱮᱠᱮᱱ ᱟᱢ ᱫᱚ ᱟᱸᱜᱚᱪ ᱢᱮᱥᱮ ᱠᱟᱛᱷᱟ ᱫᱚ ᱵᱟᱝ ᱦᱟᱢᱟᱞᱟ, ᱨᱟᱣᱟᱞ ᱜᱮᱭᱟ ᱮᱠᱮᱱ ᱞᱩᱛᱩᱨ ᱨᱮᱢ ᱟᱧᱡᱚᱢ ᱞᱮᱠᱷᱟᱱ ᱜᱮ, ᱞᱩᱛᱩᱨ ᱛᱮᱜᱮᱢ ᱨᱮᱵᱮᱫᱼᱟ ᱤᱫᱤ ᱥᱮᱴᱮᱨ ᱫᱟᱲᱮᱣᱟᱜᱼᱟᱟ।
train_santalimale_03570	wavs/train_santalimale_03570.wav	ᱫᱷᱚᱱᱟ ᱫᱚ ᱥᱤᱸᱜᱨᱟᱹᱭ ᱮ ᱢᱮᱛᱟᱭ ᱠᱟᱱᱟ ᱢᱟ ᱛᱚᱵᱮ ᱠᱷᱟᱱ ᱪᱮᱫᱼᱟ ᱞᱮᱠᱟᱱ ᱠᱟᱛᱷᱟᱢ ᱫᱤᱥᱟᱹ ᱟᱹᱜᱩᱣᱟᱠᱟᱫᱼᱟᱟ, ᱨᱚᱲ ᱟᱲᱟᱝ ᱢᱮ।
train_santalimale_03571	wavs/train_santalimale_03571.wav	ᱫᱷᱚᱱᱟᱣᱟᱜᱼᱟ ᱠᱟᱛᱷᱟ ᱟᱧᱡᱚᱢ ᱠᱟᱛᱮᱫᱼᱟ ᱥᱤᱸᱜᱨᱟᱹᱭ ᱫᱚᱭ ᱨᱚᱲ ᱮᱫᱟ ᱵᱤᱴᱤ ᱜᱤᱫᱨᱟᱹ ᱵᱟᱠᱷᱨᱟ ᱛᱮ ᱛᱷᱚᱲᱟᱹ ᱜᱟᱱ ᱠᱟᱛᱷᱟᱧ ᱫᱤᱥᱟᱹ ᱟᱹᱜᱩ ᱟᱠᱟᱫᱟ।
train_santalimale_03572	wavs/train_santalimale_03572.wav	ᱱᱚᱜᱼᱟᱚᱭ ᱢᱟᱨᱟᱝ ᱢᱟᱹᱸᱭ ᱢᱟ ᱞᱟᱲ ᱥᱟᱠᱟᱢ ᱞᱮᱠᱟᱭ ᱦᱟᱨᱟ ᱭᱮᱱ ᱟᱨ ᱱᱤᱛ ᱦᱟᱹᱵᱤᱡᱼᱟ ᱚᱠᱟ ᱥᱮᱱ ᱠᱷᱚᱱ ᱦᱚᱸ ᱯᱮᱲᱟᱹ ᱢᱟ ᱵᱟᱠᱚ ᱚᱬᱲᱚᱝ ᱵᱟᱲᱟᱹᱣᱟᱠᱟᱱ ᱥᱮ ᱵᱟᱠᱚ ᱨᱟᱭᱵᱟᱨ ᱵᱟᱲᱟᱹᱭᱮᱫᱼᱟ ᱠᱟᱱ ᱡᱟᱸᱦᱟᱸᱭ ᱠᱚ ᱦᱚᱸ।
train_santalimale_03573	wavs/train_santalimale_03573.wav	ᱟᱫᱚ ᱩᱱᱤ ᱵᱟᱠᱷᱨᱟ ᱛᱮᱜᱮ ᱢᱤᱫᱼᱟ ᱴᱮᱱ ᱠᱟᱛᱷᱟᱧ ᱫᱤᱥᱟᱹ ᱟᱹᱜᱩᱣᱟᱠᱟᱫᱼᱟᱟ, ᱟᱨ ᱚᱱᱟ ᱫᱚ ᱱᱚᱟ ᱠᱟᱱ ᱡᱮ ᱟᱢᱟᱜᱼᱟ ᱱᱟᱹᱤᱦᱟᱹᱨ ᱨᱮᱱ ᱜᱟᱛᱮᱧ ᱠᱚᱲᱟ, ᱥᱚᱢᱟᱭ ᱨᱮᱱ ᱠᱚᱲᱟᱹ ᱵᱷᱚᱜᱚᱱ ᱢᱟᱢ ᱵᱟᱰᱟᱭ ᱜᱮ, ᱵᱟᱝ ᱠᱷᱟᱱ ᱢᱟᱨᱟᱝ ᱵᱤᱴᱤ ᱫᱚ ᱩᱱᱤ ᱨᱮᱵᱚᱱ ᱡᱩᱛ ᱚᱪᱚ ᱞᱮᱠᱷᱟᱱ ᱵᱟᱲ ᱡᱩᱛ ᱠᱚᱜᱼᱟᱟ?
train_santalimale_03574	wavs/train_santalimale_03574.wav	ᱟᱵᱚ ᱥᱚᱢᱟᱡ ᱛᱟᱞᱟ ᱨᱮᱢᱟ ᱱᱚᱝᱠᱟᱱ ᱟᱹᱨᱤᱪᱟᱹᱞᱤ ᱢᱟ ᱪᱚ ᱵᱟᱹᱱᱩᱜᱼᱟ ᱛᱟᱵᱚᱱ।
train_santalimale_03575	wavs/train_santalimale_03575.wav	ᱥᱚᱢᱟᱭ ᱛᱟᱵᱮᱱ ᱢᱟᱵᱮᱱ ᱛᱮᱧᱟᱭᱟᱜᱼᱟ ᱯᱷᱮᱱ ᱞᱮᱠᱟᱛᱮ ᱠᱩᱞᱤ ᱟᱴᱠᱟᱨᱮᱢ ᱡᱮ ᱠᱩᱢᱟᱹᱧ ᱠᱚᱲᱟ ᱢᱟ ᱵᱟᱭᱟᱨ ᱠᱚᱲᱟᱹ ᱞᱮᱠᱟᱧ ᱧᱮᱞᱮ ᱠᱟᱱ, ᱛᱤᱥ ᱟᱫᱚ ᱱᱟᱹᱴᱣᱟᱹ ᱫᱚᱢ ᱫᱚᱱ ᱚᱪᱚ ᱵᱚᱱᱟ ᱥᱮ ᱠᱩᱢᱟᱹᱧ ᱫᱚ ᱟᱡᱼᱟ ᱢᱚᱛᱚ ᱛᱮᱜᱮᱭ ᱥᱟᱹᱨᱤᱭᱟᱹᱛ ᱵᱟᱹᱨᱤᱭᱟᱹᱛᱚᱜᱼᱟᱟ।
train_santalimale_03576	wavs/train_santalimale_03576.wav	ᱫᱷᱚᱱᱟ ᱫᱚ ᱥᱤᱸᱜᱨᱟᱹᱭᱟᱜᱼᱟ ᱠᱟᱛᱷᱟᱭ ᱟᱸᱜᱚᱪ ᱠᱮᱫᱟ ᱟᱨ ᱢᱤᱫᱼᱟ ᱫᱤᱱ ᱥᱚᱢᱟᱭ ᱛᱮᱠᱚ ᱴᱷᱮᱱ ᱯᱮᱲᱟᱹ ᱦᱚᱲᱚᱜᱼᱟ ᱮ ᱥᱮᱱ ᱮᱱᱟ।
train_santalimale_03577	wavs/train_santalimale_03577.wav	ᱯᱮᱲᱟᱹ ᱦᱚᱲᱚᱜᱼᱟ ᱨᱮᱜᱮ ᱱᱚᱟ ᱠᱟᱛᱷᱟ ᱫᱚ ᱥᱚᱢᱟᱭ ᱛᱟᱹᱠᱤᱱ ᱵᱟᱱᱟ ᱦᱚᱲ ᱛᱟᱞᱟ ᱨᱮ ᱯᱮᱲᱟᱹ ᱠᱟᱛᱷᱟ ᱫᱚᱭ ᱞᱟᱹᱭ ᱯᱚᱥᱟᱜᱼᱟ ᱠᱮᱫᱟ ᱡᱮ ᱤᱧ ᱫᱚ ᱮᱠᱮᱱ ᱯᱮᱰᱟ ᱦᱚᱲᱚᱜᱼᱟ ᱫᱚ ᱵᱟᱹᱧ ᱦᱮᱡᱼᱟ ᱟᱠᱟᱱᱟ ᱛᱷᱚᱲᱟᱹᱛᱷᱩᱲᱤ ᱟᱵᱮᱱ ᱞᱟᱹᱜᱤᱫᱼᱟ ᱠᱟᱛᱷᱟ ᱦᱚᱸᱧ ᱥᱚᱢᱚᱞ ᱟᱹᱜᱩ ᱛᱚᱨᱟ ᱣᱟᱠᱟᱫᱟ।
train_santalimale_03578	wavs/train_santalimale_03578.wav	ᱟᱫᱚ ᱨᱚᱲ ᱞᱟᱹᱜᱤᱫᱼᱟ ᱟᱹᱛ ᱵᱮᱱ ᱤᱢᱟᱹᱧ ᱠᱷᱟᱱ ᱫᱚᱧ ᱨᱚᱲᱟ ᱟᱨ ᱵᱟᱝ ᱠᱷᱟᱱ ᱫᱚ ᱵᱟᱹᱧ ᱨᱚᱲᱟ।
train_santalimale_03579	wavs/train_santalimale_03579.wav	ᱱᱚᱟ ᱠᱟᱛᱷᱟ ᱥᱚᱢᱟᱭ ᱛᱟᱹᱠᱤᱱ ᱵᱟᱱᱟ ᱦᱚᱲ ᱥᱟᱢᱟᱝ ᱨᱮᱭᱮ ᱨᱚᱲ ᱠᱮᱫᱟ ᱫᱷᱚᱱᱟ ᱫᱚ।
train_santalimale_03580	wavs/train_santalimale_03580.wav	ᱥᱚᱢᱟᱭ ᱛᱩᱠᱤᱱ ᱱᱚᱟ ᱠᱟᱛᱷᱟ ᱠᱤᱱ ᱟᱧᱡᱚᱢ ᱠᱮᱫᱼᱟ ᱠᱷᱟᱱ ᱫᱷᱚᱱᱟ ᱠᱤᱱ ᱢᱮᱛᱟᱣᱟᱫᱮᱭᱟ ᱢᱟ ᱛᱚᱵᱮ ᱦᱚ ᱠᱟᱛᱷᱟ ᱫᱚ ᱨᱚᱲ ᱛᱟᱵᱚᱱ ᱢᱮ।
train_santalimale_03581	wavs/train_santalimale_03581.wav	ᱟᱫᱚ ᱫᱷᱚᱱᱟ ᱫᱚ ᱥᱚᱢᱟᱭ ᱛᱤᱠᱤᱱ ᱵᱟᱱᱟ ᱦᱚᱲ ᱥᱟᱢᱟᱝ ᱨᱮᱜᱮ ᱱᱚᱟ ᱠᱟᱛᱷᱟᱭ ᱨᱚᱲ ᱟᱸᱡᱚᱢᱟᱫᱼᱟ ᱠᱤᱱᱟ ᱡᱮ ᱱᱮᱛᱟᱨ ᱡᱩᱜ ᱨᱮᱢᱟ ᱠᱚᱲᱟᱹᱠᱩᱲᱤ ᱠᱚᱢ ᱟᱠᱚ ᱢᱚᱛᱚ ᱛᱮᱜᱮ ᱠᱚ ᱵᱟᱯᱞᱟᱜᱼᱟ ᱠᱟᱱ, ᱟᱵᱚ ᱠᱚᱟᱜᱼᱟ ᱨᱟᱹᱥᱠᱟᱹ ᱦᱚᱸᱠᱚᱸ ᱟᱫᱼᱟ ᱜᱚᱫᱼᱟ ᱠᱟᱜᱼᱟ ᱠᱟᱱ।
train_santalimale_03582	wavs/train_santalimale_03582.wav	ᱱᱚᱜᱼᱟᱚᱭ ᱟᱭᱢᱟ ᱫᱤᱱ ᱠᱷᱚᱱ ᱟᱞᱮ ᱟᱛᱚ ᱨᱮᱫᱚ ᱵᱟᱝ ᱠᱚ ᱵᱟᱯᱞᱟ ᱟᱹᱜᱩ ᱣᱟᱠᱚ ᱠᱟᱱᱟ।
train_santalimale_03583	wavs/train_santalimale_03583.wav	ᱚᱱᱟ ᱤᱭᱟᱹᱛᱮ ᱱᱟᱹᱴᱣᱟᱹ ᱫᱚᱱ ᱦᱚᱸ ᱵᱟᱝ ᱟᱧᱡᱚᱢ ᱠᱟᱱᱟ ᱦᱤᱲᱤᱧ ᱪᱟᱵᱟᱜᱼᱟ ᱞᱮᱠᱟᱧ ᱟᱹᱤᱠᱟᱹᱩ ᱮᱫᱟ।
train_santalimale_03584	wavs/train_santalimale_03584.wav	ᱥᱚᱢᱟᱭ ᱫᱚ ᱫᱷᱚᱱᱟᱭ ᱠᱩᱞᱤ ᱨᱩᱣᱟᱹᱲ ᱠᱮᱫᱮᱭᱟ, ᱦᱮᱱᱫᱟ ᱦᱚᱸ ᱡᱟᱸᱦᱟᱸ ᱠᱚᱨᱮ ᱵᱷᱟᱡᱟᱱ ᱛᱟᱱᱮᱡᱼᱟ ᱮᱢ ᱧᱮᱞ ᱟᱠᱟᱫᱼᱟ ᱠᱚᱟ ᱥᱮ ᱪᱮᱫᱼᱟ?
train_santalimale_03585	wavs/train_santalimale_03585.wav	ᱥᱤᱲᱤ ᱫᱚᱧ ᱥᱤᱰᱤ ᱟᱠᱟᱫᱼᱟ ᱠᱚᱜᱮᱭᱟ ᱮᱱᱛᱮᱫᱼᱟ ᱤᱧ ᱫᱚ ᱟᱹᱰᱤ ᱫᱤᱱ ᱠᱷᱚᱱᱤᱧ ᱦᱩᱫᱤᱥ ᱵᱟᱲᱟᱹᱭᱮᱫᱼᱟ ᱠᱟᱱ ᱛᱟᱸᱦᱮᱸᱠᱟᱱᱟ ᱡᱮ ᱠᱩᱢᱟᱹᱝ ᱵᱟᱠᱷᱨᱟ ᱫᱚ ᱤᱧ ᱜᱮ ᱱᱟᱸᱦᱟᱸᱜᱼᱟ ᱤᱧ ᱨᱟᱭᱵᱟᱨᱚᱜᱼᱟᱟ ᱥᱮᱧ ᱨᱟᱭᱵᱟᱨᱟ।
train_santalimale_03586	wavs/train_santalimale_03586.wav	ᱵᱟᱝ ᱢᱟ ᱠᱚ ᱢᱮᱱᱟ ᱵᱟᱨ ᱦᱚᱲ ᱮᱢ ᱢᱤᱫᱼᱟ ᱴᱷᱮᱡᱼᱟ ᱞᱮᱱ ᱠᱷᱟᱱ, ᱪᱟᱸᱫᱚ ᱥᱮᱱ ᱠᱷᱚᱱ ᱡᱤᱭᱚᱱ ᱨᱮ ᱵᱷᱟᱜᱮ ᱵᱷᱚᱨ ᱧᱟᱢᱚᱜᱼᱟᱟ।
train_santalimale_03587	wavs/train_santalimale_03587.wav	ᱚᱱᱟ ᱞᱮᱠᱟ ᱛᱮ ᱤᱧ ᱫᱚ ᱟᱹᱰᱤ ᱫᱤᱱ ᱠᱷᱚᱱ ᱠᱩᱢᱟᱹᱝ ᱵᱟᱠᱷᱨᱟ ᱨᱟᱭᱵᱟᱨ ᱫᱚᱧ ᱪᱩᱴᱚᱪᱩᱴᱟᱹᱣ ᱵᱟᱲᱟᱹᱭ ᱠᱟᱱ ᱛᱟᱸᱦᱮᱸᱱᱟ, ᱢᱮᱱᱠᱷᱟᱱ ᱟᱵᱮᱱ ᱥᱮᱱ ᱠᱷᱚᱱ ᱟᱲᱟᱝ ᱜᱮ ᱵᱟᱹᱧ ᱟᱸᱡᱚᱢᱮᱫᱼᱟ, ᱪᱮᱠᱟ ᱛᱮᱧ ᱨᱟᱭᱵᱟᱨ ᱠᱮᱭᱟ?
train_santalimale_03588	wavs/train_santalimale_03588.wav	ᱟᱫᱚ ᱡᱩᱫᱤ ᱯᱮ ᱧᱟᱢ ᱠᱚᱠᱷᱟᱱ ᱵᱟᱹᱦᱩ ᱛᱚᱵᱮ ᱠᱷᱟᱱ ᱫᱚ ᱜᱷᱮᱸᱴ ᱢᱚᱴᱨᱟ ᱨᱮᱧ ᱟᱹᱜᱩᱣᱟᱠᱟᱫᱼᱟ ᱠᱟᱛᱷᱟ ᱟᱵᱮᱱ ᱛᱟᱞᱟ ᱨᱮᱧ ᱨᱟᱲᱟ ᱭᱮᱫᱟ।
train_santalimale_03589	wavs/train_santalimale_03589.wav	ᱱᱚᱸᱝᱠᱟᱱ ᱠᱟᱛᱷᱟ ᱫᱷᱚᱱᱟ ᱴᱷᱮᱱ ᱠᱷᱚᱱ ᱠᱤᱱ ᱟᱧᱡᱚᱢ ᱠᱮᱫᱼᱟ ᱠᱷᱟᱱ।
train_santalimale_03590	wavs/train_santalimale_03590.wav	ᱥᱚᱢᱟᱭ ᱛᱟᱹᱠᱤᱱ ᱟᱹᱠᱤᱱ ᱡᱩᱨᱤᱯᱟᱹᱨᱤ ᱛᱟᱞᱟ ᱨᱮ ᱦᱚᱯᱚᱱ ᱛᱮᱫᱼᱟ ᱠᱚᱲᱟ ᱵᱟᱠᱷᱨᱟ ᱵᱟᱯᱞᱟ ᱨᱮᱭᱟᱜᱼᱟ ᱠᱟᱛᱷᱟ ᱟᱹᱠᱤᱱᱟᱜᱼᱟ ᱵᱚᱦᱚᱜᱼᱟ ᱛᱟᱞᱟ ᱨᱮ ᱢᱮᱱᱟᱜᱼᱟ ᱦᱩᱫᱤᱥ ᱜᱩᱱᱟᱹᱱ ᱠᱟᱛᱷᱟ ᱫᱚ ᱦᱚᱭ ᱵᱷᱟᱨᱚᱬᱲᱚ ᱛᱮ ᱜᱩᱨᱞᱟᱹᱜᱼᱟ ᱥᱟᱠᱟᱢ ᱞᱮᱠᱟ ᱵᱟᱯᱞᱟ ᱨᱮᱭᱟᱜᱼᱟ ᱠᱟᱛᱷᱟ ᱫᱚ ᱜᱩᱨᱞᱟᱹᱜᱩᱨᱞᱤ ᱵᱟᱲᱟᱹᱭ ᱮᱦᱚᱵᱼᱟ ᱮᱱᱟ।
train_santalimale_03591	wavs/train_santalimale_03591.wav	ᱜᱩᱱᱤᱵᱷᱟᱹᱣᱤ ᱭᱮᱱᱟ ᱠᱤᱱ ᱟᱹᱠᱤᱱ ᱡᱩᱨᱤᱯᱟᱹᱨᱤ ᱟᱨ ᱟᱹᱠᱤᱱ ᱛᱟᱞᱟ ᱨᱮ ᱜᱟᱞᱢᱟᱨᱟᱣ ᱠᱤᱱ ᱮᱦᱚᱵᱼᱟ ᱠᱮᱫᱟ।
train_santalimale_03592	wavs/train_santalimale_03592.wav	ᱱᱚᱟ ᱫᱷᱟᱚ ᱠᱟᱛᱷᱟ ᱢᱟ ᱴᱷᱤᱠ ᱢᱟ ᱴᱷᱤᱠ ᱜᱮ।
train_santalimale_03593	wavs/train_santalimale_03593.wav	ᱱᱤᱛᱚᱜᱼᱟ ᱫᱚ ᱠᱚᱲᱟᱹ ᱢᱟᱭ ᱯᱟᱲᱦᱟᱣ ᱵᱷᱟᱜᱟᱣᱮᱱ ᱛᱟᱞᱟᱝ।
train_santalimale_03594	wavs/train_santalimale_03594.wav	ᱱᱚᱟ ᱠᱚ ᱠᱟᱛᱷᱟ ᱠᱤᱱ ᱦᱩᱫᱤᱥ ᱵᱟᱲᱟᱹ ᱴᱷᱤᱠ ᱠᱮᱫᱟ ᱟᱨ ᱫᱷᱚᱱᱟ ᱠᱤᱱ ᱢᱮᱛᱟᱭ ᱠᱟᱱᱟ, ᱢᱟ ᱛᱚᱵᱮ ᱞᱟᱹᱭ ᱥᱟᱰᱮ ᱛᱟᱵᱚᱱ ᱢᱮ ᱚᱠᱟ ᱠᱚᱨᱮ ᱵᱷᱟᱡᱟᱱ ᱠᱚᱫᱚᱢ ᱥᱤᱲᱤ ᱟᱠᱟᱫᱼᱟ ᱠᱚᱟ?
train_santalimale_03595	wavs/train_santalimale_03595.wav	ᱫᱷᱚᱱᱟ ᱫᱚ ᱞᱟᱹᱞᱟᱹᱭᱮ ᱮᱦᱚᱵᱼᱟ ᱮᱱᱟ, ᱤᱭᱟᱹ ᱵᱟᱹᱦᱩ ᱵᱟᱱᱟ ᱦᱚᱲ ᱜᱮᱵᱮᱱ ᱧᱮᱞ ᱟᱠᱟᱫᱼᱟ ᱫᱮᱭᱟ, ᱩᱱᱤ ᱥᱤᱸᱜᱨᱟᱹᱭ ᱜᱟᱛᱮᱢ ᱨᱮᱱ ᱢᱟᱨᱟᱝᱤᱡᱼᱟ ᱠᱩᱲᱤ ᱜᱤᱫᱨᱟᱹᱧ ᱢᱮᱱ ᱚᱪᱚᱭᱮᱫᱟ।
train_santalimale_03596	wavs/train_santalimale_03596.wav	ᱱᱤᱭᱟᱹ ᱜᱷᱟᱹᱲᱤᱡᱼᱟ ᱠᱩᱲᱤ ᱜᱤᱫᱨᱟᱹ ᱫᱚ ᱢᱮᱭᱴᱨᱤᱠ ᱯᱟᱥ ᱠᱟᱛᱮᱫᱼᱟ ᱟᱤ.ᱮ. ᱨᱮᱭ ᱯᱟᱲᱦᱟᱜᱼᱟ ᱠᱟᱱᱟ, ᱠᱟᱞᱚᱢ ᱫᱚ ᱱᱟᱸᱦᱟᱸᱜᱼᱟ ᱟᱤ.ᱮ. ᱨᱮᱭᱟᱜᱼᱟ ᱵᱤᱲᱟᱹᱩ ᱮ ᱮᱢᱟ।
train_santalimale_03597	wavs/train_santalimale_03597.wav	ᱮᱸᱜᱟᱛᱚᱟᱯᱟᱛ ᱦᱚᱸ ᱠᱤᱱ ᱢᱮᱱ ᱮᱫᱟ ᱟᱤ.ᱮ. ᱯᱟᱥ ᱞᱮᱠᱷᱟᱱ ᱫᱚ ᱯᱮᱲᱟ ᱠᱚ ᱚᱲᱚᱝ ᱞᱮᱱ ᱠᱷᱟᱱ ᱞᱟᱝ ᱜᱚᱝ ᱠᱟᱭᱟ।
train_santalimale_03598	wavs/train_santalimale_03598.wav	ᱱᱚᱟ ᱠᱚ ᱠᱟᱛᱷᱟ ᱟᱧᱡᱚᱢ ᱠᱟᱛᱮᱫᱼᱟ ᱜᱮ ᱱᱚᱛᱮ ᱟᱵᱮᱱ ᱥᱮᱱ ᱫᱚᱧ ᱛᱟᱲᱟᱹᱢ ᱞᱟᱦᱟ ᱣᱟᱠᱟᱫᱟ।
train_santalimale_03599	wavs/train_santalimale_03599.wav	ᱯᱟᱥᱮᱡᱼᱟ ᱟᱵᱮᱱ ᱫᱚ ᱵᱟᱹᱦᱩ ᱠᱚᱵᱮᱱ ᱧᱟᱢ ᱠᱚ ᱠᱩᱢᱟᱹᱧ ᱞᱟᱹᱜᱤᱫᱼᱟ।
train_santalimale_03600	wavs/train_santalimale_03600.wav	ᱚᱱᱟ ᱛᱮᱧ ᱢᱮᱱ ᱠᱮᱫᱟ ᱯᱟᱥᱮᱪ ᱠᱤᱱ ᱧᱟᱢ ᱠᱚᱠᱷᱟᱱ ᱫᱚ ᱤᱧ ᱜᱮᱧ ᱨᱟᱭᱵᱟᱨᱟ।
train_santalimale_03601	wavs/train_santalimale_03601.wav	ᱩᱱᱚᱠᱩ ᱚᱲᱟᱹᱜᱼᱟ ᱛᱮᱧ ᱥᱮᱱ ᱵᱟᱲᱟᱹᱜᱼᱟ ᱨᱮ ᱠᱩᱲᱤ ᱜᱤᱫᱨᱟᱹ ᱫᱚᱧ ᱧᱮᱞ ᱟᱠᱟ ᱫᱮᱭᱟ।
train_santalimale_03602	wavs/train_santalimale_03602.wav	ᱵᱷᱟᱜᱮ ᱜᱮ ᱢᱮᱫᱼᱟ ᱢᱩᱸ ᱥᱮ ᱦᱚᱲᱢᱚ ᱛᱮᱦᱚᱸ ᱢᱮᱱᱟᱭᱟ, ᱟᱹᱰᱤ ᱦᱚᱸ ᱵᱟᱭ ᱩᱥᱩᱞᱟ, ᱟᱹᱰᱤ ᱦᱚᱸ ᱵᱟᱭ ᱯᱷᱮᱰᱟ, ᱟᱹᱰᱤ ᱦᱚᱸ ᱵᱟᱭ ᱦᱮᱱᱫᱮᱭᱟ ᱟᱨ ᱟᱹᱰᱤ ᱦᱚᱸ ᱵᱟᱭ ᱮᱥᱮᱞᱟ ᱟᱨ ᱵᱟᱝ ᱫᱚᱭ ᱢᱚᱴᱟᱣᱟ ᱟᱨ ᱵᱟᱝ ᱫᱚᱭ ᱱᱟᱱᱦᱟᱣᱟ।
train_santalimale_03603	wavs/train_santalimale_03603.wav	ᱢᱮᱫᱼᱟ ᱢᱩᱸ ᱟᱨ ᱨᱚᱸᱜᱨᱩᱯ ᱛᱮᱫᱚ ᱮᱠᱟᱞ ᱛᱮᱜᱮ ᱵᱟᱭ ᱫᱩᱥᱟᱹᱱᱟ।
train_santalimale_03604	wavs/train_santalimale_03604.wav	ᱡᱟᱱᱦᱮᱸ ᱵᱤᱬᱲᱟᱹ ᱞᱮᱠᱟ ᱧᱮᱞ ᱨᱮᱫᱚ ᱞᱮᱠᱮᱡᱼᱟᱠᱮᱫᱮᱡᱼᱟ ᱮ ᱧᱮᱞᱚᱜᱼᱟᱟ।
train_santalimale_03605	wavs/train_santalimale_03605.wav	ᱚᱠᱟ ᱥᱮᱱ ᱛᱮᱦᱚᱸ ᱚᱦᱚᱢ ᱫᱩᱥᱤ ᱠᱮᱭᱟ?
train_santalimale_03606	wavs/train_santalimale_03606.wav	ᱡᱟᱱᱛᱮ ᱫᱷᱤᱨᱤ ᱨᱤᱫᱼᱟ ᱞᱮᱠᱟ ᱨᱚᱲ ᱞᱟᱸᱫᱟ ᱢᱟᱛᱟᱭ ᱢᱟᱨᱟᱸᱲᱢᱟᱨᱟᱸᱲ।
train_santalimale_03607	wavs/train_santalimale_03607.wav	ᱱᱚᱟ ᱠᱟᱛᱷᱟ ᱟᱧᱡᱚᱢ ᱠᱟᱛᱮᱫᱼᱟ ᱥᱚᱢᱟᱭ ᱚᱲᱟᱜᱼᱟ ᱦᱚᱲ ᱫᱚᱭ ᱢᱮᱱ ᱠᱮᱫᱟ, ᱛᱚᱵᱮ ᱴᱟ ᱫᱷᱚᱱᱟ ᱛᱤᱥ ᱟᱫᱚ ᱵᱷᱟᱡᱟᱱ ᱫᱚᱢ ᱩᱫᱩᱜᱼᱟ ᱟᱞᱮᱭᱟ।
train_santalimale_03608	wavs/train_santalimale_03608.wav	ᱟᱵᱚ ᱢᱟ ᱧᱮᱞᱧᱮᱯᱮᱞ ᱨᱮᱭᱟᱜᱼᱟ ᱪᱚᱞᱚᱱ ᱢᱮᱱᱟᱜᱼᱟ ᱛᱟᱵᱚᱱᱟ ᱛᱤᱥ ᱟᱫᱚ ᱠᱩᱲᱤ ᱠᱚᱲᱟ ᱫᱚ ᱵᱚᱱ ᱧᱮᱯᱮᱞ ᱠᱤᱱᱟ।
train_santalimale_03609	wavs/train_santalimale_03609.wav	ᱡᱩᱫᱤ ᱠᱩᱲᱤ ᱮᱸᱜᱟᱛᱚᱟᱯᱟᱛ ᱵᱮᱜᱚᱨ ᱧᱮᱞ ᱛᱮᱜᱮ ᱠᱤᱱ ᱟᱸᱜᱚᱪ ᱞᱮᱠᱷᱟᱱ ᱫᱚ ᱱᱚᱝᱠᱟ ᱛᱮᱜᱮ ᱵᱚᱱ ᱡᱩᱛ ᱠᱟᱹᱠᱤᱱᱟ।
train_santalimale_03610	wavs/train_santalimale_03610.wav	ᱠᱩᱲᱤᱠᱚᱲᱟ ᱢᱟ ᱵᱟᱱᱟᱨ ᱜᱮ ᱚᱞᱚᱜᱼᱟ ᱜᱤᱫᱨᱟᱹ ᱵᱮᱡᱟᱸᱭ ᱜᱚᱜᱚᱵᱟᱵᱟᱣᱟᱜᱼᱟ ᱠᱟᱛᱷᱟ ᱵᱟᱠᱤᱱ ᱟᱧᱡᱚᱢ।
train_santalimale_03611	wavs/train_santalimale_03611.wav	ᱟᱧᱡᱚᱢ ᱜᱮᱭᱟ ᱠᱤᱱ ᱡᱟᱹᱱᱤᱡᱼᱟ, ᱟᱵᱚ ᱜᱚᱜᱚᱵᱟᱵᱟ ᱠᱷᱚᱱ ᱵᱟᱦᱨᱮ ᱫᱚ ᱵᱟᱠᱤᱱ ᱪᱟᱞᱟᱜᱼᱟᱟ।
train_santalimale_03612	wavs/train_santalimale_03612.wav	ᱥᱚᱢᱟᱭ ᱨᱮᱱ ᱚᱲᱟᱜᱼᱟ ᱦᱚᱲ ᱮ ᱢᱮᱱ ᱠᱮᱫᱟ ᱪᱮᱫᱼᱟ ᱟᱫᱚ ᱚᱞᱚᱜᱼᱟ ᱯᱟᱲᱦᱟᱣ ᱮᱱ ᱠᱷᱟᱱ ᱟᱵᱚᱣᱟᱜᱼᱟ ᱟᱹᱨᱤᱪᱟᱹᱞᱤ ᱦᱚᱸ ᱵᱚᱱ ᱟᱫᱟ।
train_santalimale_03613	wavs/train_santalimale_03613.wav	ᱫᱤᱥᱟᱹᱢ ᱨᱮᱱ ᱯᱚᱨ ᱡᱟᱹᱛ ᱠᱚ ᱫᱚ ᱱᱟᱦᱟᱜᱼᱟ ᱲᱚᱵᱚᱜᱼᱟ ᱠᱚ ᱟᱛᱟᱝ ᱡᱚᱝᱟ।
train_santalimale_03614	wavs/train_santalimale_03614.wav	ᱥᱚᱢᱟᱭ ᱨᱮᱱ ᱚᱲᱟᱹᱜᱼᱟ ᱦᱚᱲ ᱵᱟᱝ ᱵᱷᱚᱜᱚᱱ ᱟᱡᱼᱟ ᱵᱟ।
train_santalimale_03615	wavs/train_santalimale_03615.wav	ᱚᱱᱠᱟ ᱫᱚ ᱵᱟᱝ, ᱦᱟᱴ ᱵᱟᱴ ᱨᱮ ᱵᱟᱝ ᱠᱟᱛᱮ ᱟᱛᱚ ᱨᱮᱫᱚ ᱵᱟᱝ ᱵᱚᱱ ᱧᱮᱯᱮᱞᱚᱜᱼᱟᱟ।
train_santalimale_03616	wavs/train_santalimale_03616.wav	ᱟᱛᱚ ᱨᱮᱵᱚᱱ ᱧᱮᱯᱮᱞ ᱞᱮᱱ ᱠᱷᱟᱱ ᱫᱚ ᱪᱮᱫᱼᱟ ᱵᱟᱹᱲᱤᱡᱼᱟ ᱠᱚᱜᱼᱟᱟ, ᱵᱮᱨᱪᱚᱝ ᱟᱨ ᱵᱷᱟᱜᱮ ᱦᱩᱭᱩᱜᱼᱟᱟ।
train_santalimale_03617	wavs/train_santalimale_03617.wav	ᱟᱛᱚ ᱨᱮᱠᱷᱟᱱ ᱟᱛᱚ ᱨᱮᱱ ᱢᱟᱹᱸᱡᱷᱤ, ᱯᱟᱨᱟᱱᱤᱠ, ᱡᱚᱜᱢᱟᱹᱸᱡᱷᱤ ᱟᱨ ᱟᱛᱚ ᱨᱮᱱ ᱦᱚᱲ ᱦᱚᱸ ᱠᱚ ᱧᱮᱞ ᱥᱚᱵᱷᱟᱭᱟ।
train_santalimale_03618	wavs/train_santalimale_03618.wav	ᱜᱤᱫᱨᱟᱹ ᱠᱷᱚᱱ ᱞᱟᱝ ᱦᱟᱨᱟ ᱵᱩᱨᱩ ᱠᱮᱫᱮᱭᱟ ᱵᱮᱡᱟᱸᱭ ᱟᱞᱟᱝᱟᱜᱼᱟ ᱠᱟᱛᱷᱟ ᱵᱟᱭ ᱫᱚᱦᱚᱭ।
train_santalimale_03619	wavs/train_santalimale_03619.wav	ᱱᱚᱟ ᱠᱟᱛᱷᱟ ᱥᱚᱢᱟᱭ ᱨᱮᱱ ᱚᱲᱟᱜᱼᱟ ᱦᱚᱲᱟᱹᱜᱼᱟ ᱨᱚᱲ ᱮ ᱟᱧᱡᱚᱢ ᱠᱮᱫᱼᱟ ᱠᱷᱟᱱ ᱫᱚ ᱡᱟᱸᱦᱟᱸ ᱛᱤᱥ ᱫᱚᱪᱚᱫᱼᱟ ᱦᱚᱸ ᱵᱟᱝ ᱛᱟᱸᱦᱮᱸ ᱠᱚᱜᱼᱟᱟ।
train_santalimale_03620	wavs/train_santalimale_03620.wav	ᱟᱧᱡᱚᱢ ᱠᱟᱛᱮᱫᱼᱟ ᱮᱨᱟᱛ ᱛᱮᱫᱼᱟ ᱫᱚᱭ ᱢᱮᱱ ᱠᱮᱫᱟ, ᱢᱟ ᱛᱚᱵᱮ ᱟᱢᱮᱢ ᱵᱟᱰᱟᱭᱟ ᱟᱨᱮ ᱛᱷᱤᱨ ᱦᱟᱯᱮ ᱮᱱᱟ।
train_santalimale_03621	wavs/train_santalimale_03621.wav	ᱤᱱᱟᱹ ᱛᱟᱭᱚᱢ ᱥᱚᱢᱟᱭ ᱫᱚ ᱫᱷᱚᱱᱟᱭ ᱢᱮᱛᱟᱭ ᱠᱟᱱᱟ, ᱢᱟ ᱛᱚᱵᱮ ᱦᱚ ᱫᱷᱚᱱᱟ, ᱠᱟᱛᱷᱟ ᱫᱚ ᱞᱚᱞᱚᱭ ᱛᱟᱵᱚᱱ ᱢᱮ।
train_santalimale_03622	wavs/train_santalimale_03622.wav	ᱚᱱᱛᱮ ᱠᱷᱟᱹᱞᱤ ᱠᱩᱲᱤ ᱥᱮᱱ ᱨᱮᱱ ᱠᱚ ᱠᱩᱥᱤ ᱞᱮᱱ ᱠᱷᱟᱱ ᱜᱮ ᱠᱟᱛᱷᱟ ᱫᱚ ᱧᱩᱛ ᱮᱱᱟ।
train_santalimale_03623	wavs/train_santalimale_03623.wav	ᱫᱷᱚᱱᱟ ᱫᱚ ᱥᱚᱢᱟᱭᱟᱜᱼᱟ ᱠᱟᱛᱷᱟ ᱟᱧᱡᱚᱢ ᱢᱩᱪᱟᱹᱫᱼᱟ ᱠᱟᱛᱮᱭ ᱢᱮᱱ ᱠᱮᱫᱟ, ᱢᱟ ᱛᱚᱵᱮ ᱦᱚ, ᱤᱧ ᱫᱚᱧ ᱢᱚᱦᱚᱬᱰᱟᱜᱼᱟ ᱠᱟᱱ ᱛᱟᱵᱚᱱᱟ।
train_santalimale_03624	wavs/train_santalimale_03624.wav	ᱱᱚᱝᱠᱟ ᱢᱮᱱ ᱠᱟᱛᱮᱫᱼᱟ ᱞᱟᱠᱴᱷᱟ ᱴᱷᱮᱝᱜᱟ ᱜᱚᱜᱼᱟ ᱠᱟᱛᱮᱭ ᱢᱚᱦᱚᱬᱰᱟ ᱮᱱᱟ ᱟᱠᱚ ᱟᱛᱚ ᱛᱮ।
train_santalimale_03625	wavs/train_santalimale_03625.wav	ᱦᱚᱨ ᱛᱮ ᱦᱤᱡᱩᱜᱼᱟ ᱜᱷᱟᱹᱲᱤᱡᱼᱟ ᱫᱷᱚᱱᱟ ᱦᱚᱸᱭ ᱦᱩᱫᱤᱥ ᱟᱹᱜᱩ ᱭᱮᱫᱟ ᱡᱮ ᱱᱤᱛ ᱫᱚ ᱟᱫᱷᱟ ᱯᱮᱲᱟᱹ ᱠᱟᱛᱷᱟ ᱫᱚᱧ ᱩᱨᱤᱡᱼᱟ ᱠᱮᱫᱟ।
train_santalimale_03626	wavs/train_santalimale_03626.wav	ᱫᱷᱚᱱᱟ ᱫᱚ ᱟᱠᱚ ᱟᱛᱚ ᱛᱮᱭ ᱨᱩᱣᱟᱹᱲ ᱮᱱᱟ ᱟᱨ ᱢᱤᱫᱼᱟ ᱜᱷᱟᱹᱲᱤ ᱧᱤᱨᱟᱹᱩ ᱵᱟᱲᱟᱹ ᱠᱟᱛᱮᱫᱼᱟ ᱥᱤᱸᱜᱨᱟᱹᱭ ᱚᱲᱟᱹᱜᱼᱟ ᱛᱮᱭ ᱪᱟᱞᱟᱣᱮᱱᱟ।
train_santalimale_03627	wavs/train_santalimale_03627.wav	ᱥᱤᱸᱜᱨᱟᱹᱭ ᱚᱲᱟᱜᱼᱟ ᱦᱚᱲ ᱫᱚ ᱫᱷᱚᱱᱟᱭ ᱠᱩᱞᱤ ᱠᱮᱫᱮᱭᱟ, ᱛᱤᱥ ᱴᱟᱢ ᱦᱮᱡᱼᱟ ᱮᱱᱟ?
train_santalimale_03628	wavs/train_santalimale_03628.wav	ᱧᱤᱨᱟᱹᱩ ᱵᱟᱲᱟᱹ ᱠᱟᱛᱮᱫᱼᱟ ᱱᱚᱛᱮ ᱫᱚᱧ ᱯᱟᱨᱚᱢ ᱟᱠᱟᱱᱟ।
train_santalimale_03629	wavs/train_santalimale_03629.wav	ᱤᱱ ᱛᱟᱭᱚᱢ ᱠᱷᱟᱱ ᱜᱮ ᱥᱤᱸᱜᱨᱟᱹᱭ ᱫᱚ ᱫᱷᱚᱱᱟᱭ ᱠᱩᱞᱤ ᱜᱚᱫᱼᱟ ᱠᱮᱫᱮᱭᱟ, ᱪᱮᱫᱼᱟ ᱞᱮᱠᱟ ᱛᱚᱵᱮ ᱯᱮᱲᱟᱹ ᱠᱟᱛᱷᱟ ᱫᱚ?
train_santalimale_03630	wavs/train_santalimale_03630.wav	ᱠᱚᱲᱟᱹ ᱨᱮᱱ ᱮᱸᱜᱟᱛᱚᱟᱯᱟᱛ ᱫᱚᱠᱤᱱ ᱢᱮᱱ ᱠᱮᱫᱟ ᱵᱤᱱ ᱧᱮᱞ ᱛᱮ ᱠᱩᱲᱤ ᱥᱮᱱ ᱨᱮᱱ ᱠᱚ ᱠᱩᱥᱤ ᱜᱮ ᱠᱷᱟᱱ ᱫᱚ, ᱟᱹᱞᱤᱧ ᱫᱚ ᱵᱮᱜᱚᱨ ᱧᱮᱯᱮᱞ ᱛᱮᱜᱮ ᱞᱤᱧ ᱠᱩᱥᱤ ᱜᱮᱭᱟ।
train_santalimale_03631	wavs/train_santalimale_03631.wav	ᱮᱠᱮᱱ ᱠᱩᱲᱤ ᱠᱚᱲᱟ ᱵᱚᱱ ᱞᱟᱭ ᱟᱹᱠᱤᱱᱟ ᱡᱮ ᱟᱵᱮᱱ ᱫᱚ ᱡᱩᱨᱤᱯᱟᱹᱨᱤ ᱛᱚᱱᱚᱞ ᱨᱮ ᱞᱮ ᱛᱚᱱᱚᱞ ᱵᱮᱱ ᱞᱟᱹᱜᱤᱫᱼᱟ।
train_santalimale_03632	wavs/train_santalimale_03632.wav	ᱟᱧᱡᱚᱢ ᱠᱟᱛᱮ ᱥᱤᱸᱜᱨᱟᱹᱭ ᱛᱟᱹᱠᱤᱱ ᱵᱟᱱᱟ ᱦᱚᱲ ᱠᱤᱱ ᱢᱮᱱ ᱠᱮᱫᱟ ᱦᱮᱸ ᱛᱚᱵᱮ ᱡᱚᱠᱷᱚᱱ ᱠᱚᱲᱟᱹ ᱥᱮᱱ ᱠᱷᱚᱱ ᱠᱚ ᱠᱩᱥᱤ ᱜᱮᱠᱷᱟᱱ, ᱟᱹᱞᱤᱧ ᱠᱩᱲᱤ ᱨᱮᱱ ᱮᱸᱜᱟᱛᱚᱟᱯᱟᱛ ᱦᱚᱸ ᱞᱤᱧ ᱠᱩᱥᱤ ᱜᱮᱭᱟ।
train_santalimale_03633	wavs/train_santalimale_03633.wav	ᱯᱮᱲᱟᱹ ᱠᱟᱛᱷᱟ ᱩᱨᱤᱡᱚᱩᱨᱤᱡ ᱛᱮᱜᱮ ᱵᱷᱚᱜᱚᱱ ᱫᱚ ᱱᱩᱠᱨᱤ ᱠᱟᱹᱢᱤ ᱫᱚ ᱨᱮᱞ ᱣᱤᱵᱷᱟᱜ ᱨᱮᱭ ᱧᱟᱢ ᱠᱮᱫᱟ।
train_santalimale_03634	wavs/train_santalimale_03634.wav	ᱱᱟᱣᱟᱸᱱᱟᱣᱟᱸ ᱵᱷᱚᱜᱚᱱ ᱱᱩᱠᱨᱤᱭ ᱧᱟᱢ ᱠᱮᱫᱼᱟ ᱠᱷᱟᱱ, ᱱᱩᱠᱨᱤ ᱥᱮᱱ ᱠᱷᱚᱱ ᱵᱟᱯᱞᱟ ᱞᱟᱹᱜᱤᱫᱼᱟ ᱟᱭᱢᱟ ᱫᱤᱱ ᱪᱷᱩᱴᱴᱤ ᱵᱟᱝ ᱠᱚ ᱮᱢᱟᱭ ᱠᱟᱱᱟ, ᱪᱮᱫᱟᱜᱼᱟ ᱡᱮ ᱱᱩᱠᱨᱤ ᱫᱚ ᱱᱟᱣᱟᱸ ᱜᱮᱛᱟᱭᱟ।
train_santalimale_03635	wavs/train_santalimale_03635.wav	ᱚᱱᱟ ᱞᱮᱠᱟ ᱨᱮ ᱱᱮᱥ ᱵᱚᱪᱷᱚᱨ ᱫᱚ ᱵᱟᱯᱞᱟ ᱫᱚ ᱠᱚ ᱛᱷᱩᱠᱩᱢ ᱠᱮᱫᱟ।
train_santalimale_03636	wavs/train_santalimale_03636.wav	ᱟᱨ ᱠᱟᱞᱚᱢ ᱫᱚ ᱱᱟᱸᱦᱟᱸᱜᱼᱟ ᱟᱸᱲᱜᱟᱛ ᱨᱮ ᱠᱚ ᱵᱟᱯᱞᱟᱜᱼᱟᱟ।
train_santalimale_03637	wavs/train_santalimale_03637.wav	ᱥᱤᱸᱱᱜᱟᱹ ᱦᱚᱸ ᱟᱤ.ᱮ. ᱫᱚᱭ ᱯᱟᱥ ᱠᱮᱫᱟ।
train_santalimale_03638	wavs/train_santalimale_03638.wav	ᱟᱤ.ᱮ. ᱯᱟᱥ ᱛᱚᱨᱟ ᱞᱮᱠᱟ ᱜᱮ ᱥᱤᱸᱱᱜᱟᱹ ᱫᱚ ᱟᱸᱜᱚᱱᱵᱟᱹᱲᱤ ᱴᱤᱪᱟᱹᱨ ᱨᱮ ᱠᱟᱹᱢᱤᱭ ᱧᱟᱢ ᱠᱮᱫᱟ।
train_santalimale_03639	wavs/train_santalimale_03639.wav	ᱵᱷᱚᱜᱚᱱ ᱫᱚ ᱱᱩᱠᱨᱤ ᱠᱟᱹᱢᱤ ᱧᱟᱢ ᱠᱮᱫᱼᱟ ᱠᱷᱟᱱ ᱵᱚᱨᱫᱫᱷᱢᱟᱱ ᱨᱮᱭᱮ ᱛᱟᱸᱦᱮᱸᱱᱟ ᱟᱡᱼᱟ ᱢᱚᱛᱚ।
train_santalimale_03640	wavs/train_santalimale_03640.wav	ᱟᱡᱼᱟ ᱠᱟᱹᱢᱤ ᱚᱯᱷᱤᱥ ᱨᱮ ᱜᱮ ᱢᱤᱫᱼᱟ ᱴᱮᱱ ᱦᱚᱲ ᱠᱩᱲᱤᱭ ᱠᱟᱹᱢᱤ ᱛᱟᱸᱦᱮᱸᱱᱟ।
train_santalimale_03641	wavs/train_santalimale_03641.wav	ᱢᱤᱫᱼᱟ ᱚᱯᱷᱤᱥ ᱨᱮᱠᱤᱱ ᱠᱟᱹᱢᱤ ᱠᱟᱱ ᱛᱟᱸᱦᱮᱸ ᱛᱮ ᱵᱷᱚᱜᱚᱱ ᱟᱨ ᱥᱚᱱᱚᱛᱤ ᱫᱚ ᱢᱤᱫᱼᱟ ᱛᱮᱜᱮ ᱠᱤᱱ ᱪᱟᱞᱟᱜᱼᱟ ᱦᱤᱡᱩᱜᱼᱟ ᱠᱟᱱ ᱛᱟᱸᱦᱮᱸᱱᱟ।
train_santalimale_03642	wavs/train_santalimale_03642.wav	ᱢᱤᱫᱼᱟ ᱥᱚᱸᱜᱮ ᱪᱟᱞᱟᱜᱼᱟ ᱦᱤᱡᱩᱜᱼᱟ ᱛᱮ ᱩᱱᱚᱠᱤᱱ ᱛᱟᱞᱟ ᱨᱮᱭᱟᱜᱼᱟ ᱨᱚᱲ ᱞᱟᱸᱫᱟ ᱠᱷᱟᱫᱠᱷᱟᱫ ᱠᱷᱚᱱ ᱫᱩᱞᱟᱹᱲ ᱱᱟᱹᱲᱤ ᱚᱢᱚᱱᱚᱜᱼᱟ ᱮᱦᱚᱵᱼᱟ ᱟᱫᱼᱟ ᱠᱤᱱᱟ।
train_santalimale_03643	wavs/train_santalimale_03643.wav	ᱚᱱᱟ ᱫᱩᱞᱟᱹᱲ ᱱᱟᱹᱲᱤ ᱨᱮᱭᱟᱜᱼᱟ ᱪᱷᱟᱱᱫᱟ ᱜᱮ ᱫᱩᱞᱟᱹᱲ ᱡᱷᱟᱴᱟ ᱨᱮ ᱢᱤᱫᱼᱟ ᱫᱤᱱ ᱫᱚ ᱱᱟᱹᱲᱤ ᱵᱟᱡᱚᱜᱼᱟ ᱞᱮᱠᱟ ᱵᱟᱡ ᱟᱫᱼᱟ ᱠᱤᱱᱟᱹ।
train_santalimale_03644	wavs/train_santalimale_03644.wav	ᱵᱟᱝ ᱠᱤᱱ ᱵᱩᱡ ᱫᱟᱲᱮᱹᱭᱟᱫᱟ ᱡᱮ ᱱᱚᱟ ᱱᱟᱹᱲᱤ ᱨᱮ ᱫᱚ ᱡᱚ ᱥᱟᱵᱚᱠᱚᱟ ᱢᱮᱱᱛᱮ।
train_santalimale_03645	wavs/train_santalimale_03645.wav	ᱢᱮᱱᱠᱷᱟᱱ ᱢᱤᱫᱼᱟ ᱫᱤᱱ ᱫᱚ ᱥᱚᱱᱚᱛᱤ, ᱵᱷᱚᱜᱚᱱ ᱮ ᱢᱮᱛᱟᱭ ᱠᱟᱱᱟ ᱡᱮ ᱟᱞᱟᱝ ᱛᱟᱞᱟ ᱨᱮ ᱱᱟᱹᱲᱤ ᱵᱟᱡ ᱞᱮᱱ, ᱚᱱᱟ ᱱᱟᱹᱲᱤ ᱨᱮᱢᱟ ᱡᱟᱹᱞᱤ ᱡᱚ ᱥᱟᱵᱼᱟ ᱮᱱ ᱪᱮᱫᱼᱟ ᱦᱩᱭᱩᱜᱼᱟᱟ।
train_santalimale_03646	wavs/train_santalimale_03646.wav	ᱱᱚᱟ ᱠᱟᱛᱷᱟ ᱵᱷᱚᱜᱚᱱ ᱮ ᱟᱧᱡᱚᱢ ᱠᱮᱫᱼᱟ ᱠᱷᱟᱱ ᱫᱚ ᱟᱹᱰᱤ ᱜᱩᱱ ᱵᱷᱟᱹᱵᱤ ᱨᱮᱭ ᱯᱟᱲᱟᱹᱣᱮᱱᱟ, ᱪᱮᱫᱟᱜᱼᱟ ᱮᱱᱛᱮᱫᱼᱟ ᱚᱲᱟᱹᱜᱼᱟ ᱥᱮᱱ ᱨᱮᱢᱟ ᱱᱚᱸᱝᱠᱟᱱ ᱠᱟᱛᱷᱟ ᱢᱟ ᱵᱟᱝ ᱠᱚ ᱵᱟᱰᱟᱭᱟ।
train_santalimale_03647	wavs/train_santalimale_03647.wav	ᱢᱮᱱᱠᱷᱟᱱ ᱵᱷᱚᱜᱚᱱ ᱮ ᱦᱩᱫᱤᱥ ᱛᱚᱫᱼᱟ ᱠᱮᱫᱟ ᱵᱟᱝ ᱢᱟ ᱱᱚᱟ ᱡᱚ ᱫᱚ ᱤᱧᱟᱹᱜᱼᱟ ᱛᱚᱢᱚᱞ ᱫᱟᱜᱼᱟ ᱨᱮᱭᱟᱜᱼᱟ ᱯᱟᱹᱦᱤᱞ ᱪᱤᱱᱦᱟ ᱠᱟᱱ ᱛᱤᱧᱟᱹ।
train_santalimale_03648	wavs/train_santalimale_03648.wav	ᱱᱚᱟ ᱦᱩᱫᱤᱥ ᱠᱟᱛᱮᱫᱼᱟ ᱵᱷᱚᱜᱚᱱ ᱫᱚ ᱥᱚᱱᱚᱛᱤ ᱥᱚᱢᱟᱡ ᱛᱟᱞᱟ ᱨᱮ ᱥᱟᱸᱣᱛᱟ ᱟᱹᱨᱤ ᱞᱮᱠᱟ ᱠᱟᱛᱮ ᱥᱤᱱᱫᱩᱨᱵᱟᱦᱟ ᱛᱮᱭ ᱵᱩᱱᱫᱤ ᱠᱮᱫᱮᱭᱟ ᱟᱨ ᱢᱤᱫᱼᱟ ᱛᱮ ᱛᱟᱸᱦᱮᱸᱱ ᱠᱤᱱ ᱮᱦᱚᱵᱼᱟ ᱠᱮᱫᱟ।
train_santalimale_03649	wavs/train_santalimale_03649.wav	ᱱᱟᱛᱮ ᱥᱤᱸᱱᱜᱟᱹ ᱦᱚᱸ ᱟᱸᱜᱚᱱᱵᱟᱹᱲᱤ ᱨᱮ ᱴᱤᱪᱟᱹᱨ ᱠᱟᱹᱢᱤᱭ ᱧᱟᱢ ᱠᱮᱫᱟ।
train_santalimale_03650	wavs/train_santalimale_03650.wav	ᱟᱸᱜᱚᱱᱵᱟᱹᱲᱤ ᱴᱤᱪᱟᱹᱨ ᱦᱩᱭ ᱞᱮᱱ ᱠᱷᱟᱱ ᱵᱞᱚᱠ ᱚᱯᱷᱤᱥ ᱮᱢᱟᱱ ᱫᱚ ᱢᱤᱫᱼᱟ ᱪᱟᱞᱟᱜᱼᱟ ᱦᱤᱡᱩᱜᱼᱟ ᱦᱩᱭᱩᱜᱼᱟᱟ।
train_santalimale_03651	wavs/train_santalimale_03651.wav	ᱚᱱᱠᱟ ᱜᱮ ᱥᱤᱸᱱᱜᱟᱹ ᱦᱚᱸ ᱢᱤᱫᱼᱟ ᱨᱚᱜᱚᱲ ᱜᱮ ᱚᱯᱷᱤᱥ ᱨᱮ ᱠᱟᱹᱢᱤ ᱤᱭᱟᱹᱛᱮ ᱵᱞᱚᱠ ᱫᱚᱭ ᱪᱟᱞᱟᱜᱼᱟᱟ।
train_santalimale_03652	wavs/train_santalimale_03652.wav	ᱵᱞᱚᱠ ᱪᱟᱞᱟᱜᱼᱟ ᱪᱟᱞᱟᱜᱼᱟ ᱛᱮ ᱦᱚᱲ ᱠᱚ ᱦᱚᱸ ᱟᱭᱢᱟᱭ ᱧᱟᱯᱟᱢ ᱵᱟᱲᱟᱹ ᱠᱚᱟ।
train_santalimale_03653	wavs/train_santalimale_03653.wav	ᱩᱱᱚᱠᱩ ᱢᱩᱫᱨᱮ ᱜᱮ ᱢᱤᱫᱼᱟ ᱴᱮᱱ ᱥᱩᱨᱡᱩ ᱧᱩᱛᱩᱢᱟᱱᱤᱡᱼᱟ ᱠᱚᱲᱟᱹ ᱥᱚᱸᱜᱮ ᱢᱤᱫᱼᱟ ᱫᱤᱱ ᱦᱚᱨ ᱛᱮ ᱦᱤᱡᱩᱜᱼᱟ ᱡᱚᱠᱷᱟᱱ ᱧᱤᱱᱫᱟᱹ ᱞᱚᱣᱟ ᱵᱮᱞᱮ ᱡᱚᱢ ᱠᱤᱱ ᱚᱬᱲᱚᱝ ᱪᱟᱞᱟᱣᱮᱱᱟ।
train_santalimale_03654	wavs/train_santalimale_03654.wav	ᱡᱟᱸᱦᱟᱸᱱ ᱡᱚ ᱨᱮᱭᱟᱜᱼᱟ ᱨᱟᱥᱟ ᱜᱮ ᱢᱤᱫᱼᱟ ᱫᱚᱢ ᱮ ᱡᱚᱢ ᱞᱮᱠᱷᱟᱱ ᱫᱚᱭ ᱦᱮᱣᱟ ᱤᱫᱤᱜᱼᱟᱟ।
train_santalimale_03655	wavs/train_santalimale_03655.wav	ᱥᱩᱨᱚᱡᱩ ᱟᱡᱼᱟ ᱵᱟᱵᱟ ᱫᱚ ᱟᱛᱚ ᱠᱚᱲᱟᱹ ᱠᱚ ᱞᱟᱹᱭ ᱟᱫᱮᱭᱟ ᱡᱮ ᱥᱩᱨᱡᱩ ᱫᱚ ᱥᱤᱸᱜᱨᱟᱹᱭ ᱨᱮᱱ ᱠᱩᱲᱤ ᱥᱤᱸᱱᱜᱟᱹ ᱚᱠᱟ ᱛᱮᱪᱚ ᱞᱚᱣᱟ ᱵᱮᱞᱮ ᱡᱚᱢ ᱮ ᱤᱫᱤ ᱟᱠᱟᱫᱮᱭᱟ।
train_santalimale_03656	wavs/train_santalimale_03656.wav	ᱮᱱᱮ ᱟᱫᱚ ᱥᱩᱨᱡᱩ ᱟᱡᱼᱟ ᱵᱟᱵᱟ ᱫᱚᱭ ᱯᱟᱸᱡᱟ ᱟᱹᱜᱩ ᱠᱮᱫᱼᱟ ᱠᱤᱱᱟᱹ ᱟᱨ ᱟᱛᱚ ᱢᱟᱹᱸᱡᱷᱤ ᱛᱟᱞᱟ ᱨᱮᱭ ᱵᱟᱦᱟ ᱥᱟᱸᱣᱦᱟ ᱠᱟᱫᱼᱟ ᱠᱤᱱᱟ।
train_santalimale_03657	wavs/train_santalimale_03657.wav	ᱱᱚᱟ ᱤᱭᱟᱹᱛᱮᱜᱮ ᱢᱮᱱ ᱡᱚᱝ ᱫᱚ ᱡᱮ ᱥᱮᱫᱟᱭ ᱠᱷᱚᱱ ᱢᱟᱨᱮ ᱦᱟᱯᱲᱟᱹᱢ ᱠᱚ ᱚᱠᱟ ᱢᱚᱸᱡ ᱦᱚᱨ ᱠᱚ ᱞᱮᱵᱮᱫᱼᱟ ᱞᱟᱹᱰᱩᱨ ᱟᱠᱟᱫᱼᱟ ᱚᱱᱟ ᱦᱚᱨ ᱛᱮ ᱜᱮ ᱵᱚᱱ ᱛᱟᱲᱟᱹᱢ ᱤᱫᱤᱭᱟ।
train_santalimale_03658	wavs/train_santalimale_03658.wav	ᱵᱟᱝ ᱠᱷᱟᱱ ᱮᱴᱟᱜᱼᱟ ᱦᱚᱨ ᱵᱚᱱ ᱯᱟᱸᱡᱟ ᱞᱮᱠᱷᱟᱱ ᱫᱚ ᱡᱟᱹᱨᱩᱲ ᱜᱮ ᱡᱟᱹᱱᱩᱢ ᱛᱮᱫᱚ ᱵᱚᱱ ᱨᱚᱜᱼᱟ ᱯᱟᱴᱯᱟᱴᱟᱜᱼᱟᱟ ᱟᱨ ᱞᱟᱦᱟ ᱥᱮᱱ ᱫᱚ ᱵᱟᱵᱚᱱ ᱞᱟᱦᱟ ᱫᱟᱲᱮᱹᱭᱟᱜᱼᱟᱟ।
train_santalimale_03659	wavs/train_santalimale_03659.wav	ᱮᱱᱛᱮ ᱱᱚᱟ ᱫᱚ ᱥᱮᱫᱟᱭ ᱦᱟᱯᱲᱟᱹᱢ ᱠᱚ ᱟᱹᱰᱤ ᱚᱡᱵᱤᱡ ᱠᱟᱛᱮᱫᱼᱟ ᱜᱮ ᱦᱚᱨ ᱰᱟᱦᱟᱨ ᱫᱚ ᱠᱚ ᱵᱮᱱᱟᱣ ᱚᱴᱚ ᱞᱮᱫᱟ।
train_santalimale_03660	wavs/train_santalimale_03660.wav	ᱚᱱᱟ ᱞᱮᱠᱟ ᱛᱮᱜᱮ ᱡᱟᱹᱱᱤᱡᱼᱟ ᱟᱵᱚ ᱥᱚᱢᱟᱡ ᱪᱷᱟᱰᱟ ᱠᱟᱛᱮᱫᱼᱟ ᱮᱴᱟᱜᱼᱟ ᱥᱚᱢᱟᱡ ᱨᱮᱱ ᱦᱚᱸ ᱟᱵᱚ ᱣᱟᱜᱼᱟ ᱦᱚᱨ ᱠᱚ ᱯᱟᱸᱡᱟᱭᱮᱫᱼᱟ ᱛᱟᱵᱚᱱᱟ।
train_santalimale_03661	wavs/train_santalimale_03661.wav	ᱟᱪᱠᱟ ᱜᱮ ᱥᱟᱸᱜᱮ ᱠᱤᱥᱱᱤ ᱟᱨ ᱮᱢᱟᱱ ᱪᱮᱸᱲᱮᱸᱪᱤᱯᱨᱩᱫᱼᱟ ᱫᱟᱨᱮ ᱛᱩᱠᱟᱹᱠᱟᱱᱫᱦᱟ ᱨᱮ ᱡᱤᱨᱟᱹᱩ ᱵᱟᱲᱟᱹᱣᱟᱠᱟᱱ ᱪᱮᱨᱚᱵᱮᱨᱚ ᱠᱚ ᱮᱦᱚᱵᱼᱟ ᱠᱮᱫᱟ।
train_santalimale_03662	wavs/train_santalimale_03662.wav	ᱩᱱᱚᱠᱩ ᱛᱷᱤᱨ ᱛᱟᱭᱚᱢ ᱠᱩᱱᱫᱲᱤ ᱨᱮ ᱢᱮᱱᱟᱜᱼᱟ ᱠᱚ ᱥᱤᱢᱥᱟᱹᱬᱰᱤ ᱦᱚᱸ ᱠᱩᱠᱰᱩᱸᱠᱩᱸᱡᱼᱟ ᱠᱚ ᱮᱦᱚᱵᱼᱟ ᱮᱱ ᱛᱮ ᱨᱟᱹᱢᱩ ᱫᱚᱭ ᱮᱵᱷᱮᱱᱮᱱᱟ ᱟᱨ ᱨᱟᱪᱟ ᱥᱮᱡᱼᱟ ᱮ ᱚᱬᱲᱚᱝᱮᱱᱟ।
train_santalimale_03663	wavs/train_santalimale_03663.wav	ᱢᱟᱭ ᱧᱮᱞᱮ ᱠᱟᱱ ᱯᱩᱨᱩᱵ ᱱᱟᱠᱷᱟ ᱠᱷᱚᱱ ᱵᱷᱩᱨᱠᱟᱜᱼᱟ ᱤᱯᱤᱞᱮᱢ ᱨᱟᱠᱟᱵᱼᱟ ᱦᱤᱡᱩᱜᱼᱟ ᱠᱟᱱ ᱰᱟᱜᱰᱟᱜ।
train_santalimale_03664	wavs/train_santalimale_03664.wav	ᱤᱱᱟᱹᱜᱼᱟ ᱨᱮᱜᱮ ᱨᱟᱹᱢᱩ ᱫᱚᱭ ᱵᱩᱡᱷᱟᱹᱩ ᱠᱮᱫᱟ ᱡᱮ ᱧᱤᱸᱫᱟᱹ ᱵᱚᱸᱜᱟ ᱨᱟᱹᱱᱤ ᱫᱚ ᱟᱭᱟᱜᱼᱟ ᱦᱮᱸᱫᱮ ᱯᱤᱪᱷᱟᱹᱩᱲᱤ ᱫᱚ ᱥᱟᱢᱴᱷᱟᱣᱮ ᱫᱷᱩᱨᱟᱹᱣᱮᱱᱟ, ᱨᱟᱹᱜᱷᱩ ᱭᱟ ᱨᱟᱹᱜᱷᱩ, ᱢᱟ ᱵᱮᱨᱮᱫᱼᱟ ᱢᱮ, ᱠᱟᱰᱟ ᱠᱚ ᱟᱹᱛᱤᱧ ᱤᱫᱤ ᱠᱚᱢ।
train_santalimale_03665	wavs/train_santalimale_03665.wav	ᱢᱤᱫᱼᱟ ᱪᱷᱚᱴ ᱵᱟᱨ ᱪᱷᱚᱴ ᱟᱨ ᱮᱱᱠᱟ ᱜᱮ ᱟᱭᱢᱟ ᱪᱷᱚᱴ ᱦᱚᱦᱚ ᱣᱟᱫᱮ ᱨᱮᱦᱚᱸ ᱨᱟᱹᱜᱷᱩ ᱫᱚ ᱵᱟᱭ ᱵᱮᱨᱮᱫᱼᱟ ᱞᱮᱱᱟ।
train_santalimale_03666	wavs/train_santalimale_03666.wav	ᱪᱟᱞᱟᱣ ᱠᱟᱛᱮᱫᱼᱟ ᱮ ᱧᱮᱞᱮ ᱠᱟᱱ ᱨᱟᱹᱜᱷᱩ ᱢᱟ ᱠᱟᱴᱟᱭ ᱯᱷᱟᱱᱫᱟ ᱠᱟᱱ, ᱢᱚᱪᱟᱭ ᱵᱟᱰᱟᱜᱼᱟᱵᱩᱰᱩᱜᱼᱟ ᱮᱫᱼᱟ, ᱢᱮᱫᱼᱟ ᱢᱟ ᱡᱟᱹᱯᱤᱫᱼᱟ ᱜᱮ।
train_santalimale_03667	wavs/train_santalimale_03667.wav	ᱨᱩᱣᱟᱹᱜᱼᱟᱦᱟᱥᱚ ᱟᱫᱤᱥᱟᱹ ᱦᱚᱲ ᱫᱚ ᱪᱮᱫᱼᱟ, ᱜᱚᱡᱼᱟ ᱦᱚᱲ ᱦᱚᱸᱧ ᱵᱮᱥ ᱮᱫᱼᱟ ᱠᱚᱟ।
train_santalimale_03668	wavs/train_santalimale_03668.wav	ᱤᱧ ᱥᱟᱢᱟᱝ ᱨᱮ ᱡᱚᱛᱚ ᱠᱟᱹᱢᱨᱩᱜᱩᱨᱩ ᱠᱚ ᱞᱤᱪᱟᱹᱲ ᱜᱮᱭᱟ।
train_santalimale_03669	wavs/train_santalimale_03669.wav	ᱨᱟᱹᱜᱷᱩ ᱫᱚ ᱟᱹᱰᱤ ᱵᱷᱟᱵᱱᱟ ᱢᱟᱪᱷᱟ ᱠᱟᱛᱮ ᱮ ᱨᱚᱲ ᱨᱩᱣᱟᱹᱲ ᱠᱮᱫᱟ।
train_santalimale_03670	wavs/train_santalimale_03670.wav	ᱪᱮᱫᱼᱟ ᱞᱮᱠᱟᱱ ᱠᱩᱠᱚᱢᱩᱢ ᱧᱮᱞ ᱠᱮᱫᱼᱟ ᱛᱮ ᱟᱢ ᱫᱚ ᱱᱩᱱᱟᱹᱜᱼᱟ ᱮᱢ ᱵᱷᱟᱵᱱᱟ ᱛᱷᱟᱠᱟᱣᱟᱠᱟᱱᱟ।
train_santalimale_03671	wavs/train_santalimale_03671.wav	ᱡᱟᱹᱱᱩᱢ ᱵᱩᱴᱟᱹ ᱟᱛᱚ ᱛᱮ ᱪᱮᱠᱟ ᱞᱟᱹᱜᱤᱫᱼᱟ ᱪᱚᱧ ᱪᱟᱞᱟᱣᱟᱠᱟᱱ ᱛᱟᱸᱦᱮᱸᱱᱟ।
train_santalimale_03672	wavs/train_santalimale_03672.wav	ᱢᱤᱫᱼᱟ ᱚᱲᱟᱜᱼᱟ ᱠᱷᱚᱱ ᱟᱪᱠᱟ ᱜᱮ ᱨᱟᱜᱼᱟ ᱟᱲᱟᱹᱝ ᱟᱧᱡᱚᱢ ᱛᱮᱧ ᱪᱟᱞᱟᱣᱮᱱᱟ।
train_santalimale_03673	wavs/train_santalimale_03673.wav	ᱟᱧᱡᱚᱢ ᱞᱮᱱᱠᱷᱟᱱ ᱢᱤᱫᱼᱟ ᱴᱮᱡᱼᱟ ᱠᱚᱲᱟᱹ ᱜᱤᱫᱨᱟᱹ ᱜᱮᱞᱵᱟᱨ ᱵᱚᱪᱷᱚᱨ ᱨᱮᱱ ᱜᱟᱞᱟᱥᱟᱝ ᱟᱫᱤᱥᱟᱹ ᱢᱮᱱᱟᱭ।
train_santalimale_03674	wavs/train_santalimale_03674.wav	ᱟᱭᱢᱟ ᱞᱮᱠᱟᱱ ᱚᱡᱷᱟ ᱜᱩᱨᱩ ᱠᱟᱹᱢᱨᱩ ᱩᱱᱤ ᱠᱚᱲᱟᱹ ᱜᱤᱫᱨᱟᱹ ᱡᱷᱟᱲᱡᱷᱟᱲ ᱛᱮᱠᱚ ᱛᱷᱟᱠᱟᱣᱮᱱᱟ ᱟᱨ ᱢᱮᱱᱠᱷᱟᱱ ᱜᱤᱫᱨᱟᱹ ᱢᱟ ᱜᱚᱡᱚᱜᱼᱟ ᱫᱮᱞᱟᱫᱤᱞᱤ ᱨᱮ ᱢᱮᱱᱟᱭ।
train_santalimale_03675	wavs/train_santalimale_03675.wav	ᱱᱟᱹᱲᱤᱧ ᱛᱩᱱᱩᱢ ᱠᱮᱫᱼᱟ ᱛᱟᱭ ᱢᱟ ᱱᱟᱥᱮᱱᱟᱜᱼᱟ ᱞᱟᱲᱟᱹᱜᱼᱟ ᱠᱟᱱ ᱛᱟᱭ।
train_santalimale_03676	wavs/train_santalimale_03676.wav	ᱢᱟ ᱯᱮᱲᱟᱹ ᱵᱟᱹᱵᱩ, ᱢᱟᱢ ᱵᱟᱰᱟᱭ ᱠᱷᱟᱱ ᱢᱟ ᱱᱩᱤ ᱵᱟᱹᱵᱩ ᱜᱤᱫᱨᱟᱹ ᱵᱮᱥ ᱠᱟᱭ ᱛᱤᱧ ᱢᱮ, ᱡᱟᱸᱦᱟᱸᱱᱟᱜᱼᱟ ᱜᱮᱢ ᱢᱮᱱ ᱚᱱᱟ ᱞᱮ ᱮᱢᱟᱢᱟ।
train_santalimale_03677	wavs/train_santalimale_03677.wav	ᱨᱟᱜᱼᱟ ᱦᱚᱢᱚᱨ ᱛᱩᱞᱩᱡᱼᱟ ᱱᱮᱦᱚᱨ ᱠᱮᱫᱟᱭ ᱵᱮᱪᱟᱨᱟ ᱩᱱᱤ ᱜᱤᱫᱨᱟᱹ ᱨᱮᱱ ᱟᱡᱼᱟ ᱜᱚᱜᱚ ᱫᱚ।
train_santalimale_03678	wavs/train_santalimale_03678.wav	ᱟᱹᱰᱤ ᱡᱚᱢᱚᱠ ᱟᱛᱚ ᱦᱚᱲᱟᱜᱼᱟ ᱜᱟᱫᱮᱞ, ᱚᱱᱟ ᱛᱟᱞᱟ ᱨᱮ ᱤᱧ ᱫᱚ ᱢᱟᱨᱟᱝ ᱠᱟᱹᱢᱨᱩᱜᱩᱨᱩᱧ ᱵᱮᱱᱟᱣᱟᱠᱟᱱᱟ।
train_santalimale_03679	wavs/train_santalimale_03679.wav	ᱵᱟᱹᱧ ᱦᱩᱫᱤᱥᱟᱹ ᱧᱟᱢ ᱫᱟᱲᱮᱹᱭᱟᱜᱼᱟ ᱠᱟᱱᱟ ᱪᱮᱠᱟ ᱛᱮᱪᱚ ᱚᱠᱟ ᱠᱷᱚᱱᱪᱚ ᱤᱧᱟᱹᱜᱼᱟ ᱚᱱᱛᱚᱨ ᱠᱷᱚᱱ ᱫᱤᱥᱟᱹ ᱧᱟᱢᱧᱟᱢ ᱛᱮ ᱵᱟᱠᱷᱮᱸᱰ ᱤᱧ ᱮᱦᱚᱵᱼᱟ ᱮᱱᱟ ᱪᱮᱫᱼᱟ ᱠᱚ ᱪᱚ।
train_santalimale_03680	wavs/train_santalimale_03680.wav	ᱟᱨ ᱩᱱᱤ ᱜᱤᱫᱨᱟᱹ ᱡᱷᱟᱡᱷᱟᱲ ᱤᱧ ᱮᱦᱚᱵᱼᱟ ᱮᱱᱟ।
train_santalimale_03681	wavs/train_santalimale_03681.wav	ᱟᱹᱰᱤ ᱩᱥᱟᱹᱨᱟ ᱩᱱᱤ ᱠᱚᱲᱟᱹ ᱜᱤᱫᱨᱟᱹ ᱢᱟᱭ ᱵᱮᱸᱜᱮᱫᱼᱟ ᱠᱮᱫᱼᱟ ᱟᱨ ᱜᱤᱛᱤᱡᱼᱟ ᱠᱷᱚᱱᱮ ᱵᱮᱨᱮᱫᱼᱟ ᱮᱱᱟ।
train_santalimale_03682	wavs/train_santalimale_03682.wav	ᱡᱚᱛᱚ ᱜᱮ ᱟᱹᱰᱤ ᱨᱟᱹᱥᱠᱟᱹ ᱠᱚ ᱟᱹᱤᱠᱟᱹᱩ ᱠᱮᱫᱟ ᱟᱨ ᱟᱹᱰᱤ ᱠᱚ ᱥᱟᱨᱦᱟᱣ ᱠᱮᱫᱮᱧᱟ।
train_santalimale_03683	wavs/train_santalimale_03683.wav	ᱤᱧ ᱫᱚ ᱪᱤᱛᱨᱟᱹ ᱜᱷᱩᱴᱩ ᱟᱛᱚ ᱨᱮᱱ ᱱᱟᱢᱰᱟᱠ ᱜᱩᱨᱩ ᱠᱟᱹᱱᱟᱹᱧ।
train_santalimale_03684	wavs/train_santalimale_03684.wav	ᱤᱧ ᱥᱟᱢᱟᱝ ᱨᱮ ᱮᱴᱟᱜᱼᱟ ᱠᱟᱹᱢᱨᱩᱜᱩᱨᱩ ᱫᱚ ᱡᱚᱛᱚ ᱠᱚ ᱞᱤᱪᱟᱹᱲ ᱜᱮᱭᱟ।
train_santalimale_03685	wavs/train_santalimale_03685.wav	ᱤᱧ ᱫᱚ ᱜᱚᱡᱼᱟ ᱦᱚᱲ ᱦᱚᱸᱧ ᱵᱮᱥ ᱫᱟᱲᱮᱹᱭᱟᱠᱚᱟ।
train_santalimale_03686	wavs/train_santalimale_03686.wav	ᱡᱚᱛᱚ ᱦᱚᱲ ᱟᱱᱫᱚᱲ ᱠᱚ ᱮᱦᱚᱵᱼᱟ ᱮᱱᱟ ᱟᱨ ᱠᱟᱴᱟ ᱦᱟᱹᱲᱚᱵᱼᱟ ᱠᱚ ᱮᱦᱚᱵᱼᱟ ᱮᱱᱟᱫᱟ।
train_santalimale_03687	wavs/train_santalimale_03687.wav	ᱚᱪᱚᱜᱼᱟ ᱮᱫᱼᱟ ᱠᱚ ᱨᱮ ᱦᱚᱸ ᱵᱟᱝᱠᱚ ᱚᱪᱚᱜᱼᱟ ᱠᱟᱱᱟ।
train_santalimale_03688	wavs/train_santalimale_03688.wav	ᱠᱩᱞᱤ ᱠᱮᱫᱮ ᱥᱟᱸᱣ ᱛᱮ ᱨᱟᱹᱜᱷᱩ ᱫᱚ ᱠᱩᱠᱚᱢᱩ ᱨᱮᱭᱟᱜᱼᱟ ᱡᱚ ᱵᱤᱨᱛᱟᱹᱱᱮ ᱞᱟᱹᱭᱪᱟᱵᱟ ᱣᱟᱫᱮᱭᱟ।
train_santalimale_03689	wavs/train_santalimale_03689.wav	ᱟᱢ ᱫᱚ ᱪᱮᱠᱟ ᱛᱮᱪᱚ ᱞᱩᱲᱚᱭᱩᱫᱼᱟ ᱫᱚᱢ ᱵᱮᱱᱟᱣᱮᱱ, ᱵᱟᱝ ᱠᱷᱟᱱ ᱟᱢ ᱫᱚ ᱠᱟᱹᱢᱨᱩᱜᱩᱨᱩ ᱜᱮ ᱵᱮᱱᱟᱜᱼᱟ ᱡᱟᱹᱨᱩᱲ ᱛᱟᱸᱦᱮᱸᱠᱟᱱ ᱛᱟᱢᱟ।
train_santalimale_03690	wavs/train_santalimale_03690.wav	ᱠᱷᱟᱹᱞᱤ ᱟᱢ ᱫᱚ ᱠᱩᱠᱚᱢᱩ ᱜᱮᱢ ᱧᱮᱞᱟ ᱫᱮᱞᱟ ᱵᱮᱨᱮᱫᱚᱜᱼᱟ ᱢᱮ, ᱢᱟᱞᱡᱟᱞ ᱜᱚᱲᱟᱹ ᱠᱷᱚᱱ ᱚᱬᱲᱚᱝ ᱠᱚᱢ ᱟᱨ ᱡᱚᱢᱟᱜᱼᱟ ᱮᱢᱟ ᱠᱚᱢ।
train_santalimale_03691	wavs/train_santalimale_03691.wav	ᱤᱱᱟᱹ ᱢᱮᱱ ᱠᱟᱛᱮ ᱥᱮᱛᱟᱜᱼᱟ ᱮᱱ ᱠᱷᱟᱱ ᱨᱟᱹᱢᱩ ᱫᱚ ᱠᱷᱚᱱᱛᱟ ᱥᱟᱵᱼᱟ ᱠᱟᱛᱮ ᱵᱟᱹᱤᱦᱟᱹᱲ ᱛᱮᱭ ᱪᱟᱞᱟᱣᱮᱱᱟ।
train_santalimale_03692	wavs/train_santalimale_03692.wav	ᱪᱤᱛᱨᱟᱹ ᱜᱷᱩᱴᱩ ᱟᱛᱚ ᱨᱮᱱ ᱵᱷᱚᱠᱛᱟ ᱦᱟᱲᱟᱹᱢ ᱨᱮᱱ ᱯᱚᱱᱭᱟ ᱠᱚᱲᱟ ᱨᱟᱹᱢᱩ, ᱨᱟᱹᱜᱷᱩ, ᱨᱟᱹᱢᱠᱟᱹ ᱟᱨ ᱨᱢᱮᱥ।
train_santalimale_03693	wavs/train_santalimale_03693.wav	ᱯᱚᱱ ᱵᱚᱭᱦᱟ ᱠᱷᱚᱱ ᱨᱢᱮᱥ ᱫᱚ ᱟᱹᱠᱤᱞ ᱛᱮᱫᱚ ᱟᱹᱰᱤ ᱜᱮᱭ ᱥᱚᱨᱚᱥᱟ।
train_santalimale_03694	wavs/train_santalimale_03694.wav	ᱡᱟᱸᱦᱟᱸᱱ ᱠᱟᱛᱷᱟ ᱜᱮ ᱟᱲᱤᱭᱮ ᱫᱤᱥᱟᱹ ᱫᱟᱲᱮᱹᱭᱟᱜᱼᱟᱟ ᱟᱨ ᱠᱟᱹᱢᱤ ᱮᱢᱟᱱ ᱠᱚ ᱦᱚᱸ ᱟᱹᱰᱤ ᱦᱩᱫᱤᱥᱟᱹ ᱜᱟᱬᱲᱚᱱ ᱠᱟᱛᱮ ᱜᱮᱭ ᱠᱟᱹᱢᱤᱭᱟ।
train_santalimale_03695	wavs/train_santalimale_03695.wav	ᱮᱴᱟᱜᱼᱟ ᱦᱚᱲ ᱥᱚᱸᱜᱮ ᱨᱚᱲᱞᱟᱸᱫᱟ, ᱪᱟᱹᱞᱤᱪᱚᱞᱚᱱ ᱦᱚᱸ ᱟᱹᱲᱤ ᱛᱮᱫᱼᱟ ᱜᱮ ᱢᱚᱸᱡ ᱛᱟᱭᱟ।
train_santalimale_03696	wavs/train_santalimale_03696.wav	ᱚᱱᱟ ᱛᱮ ᱟᱛᱚ ᱦᱚᱲ ᱦᱚᱸ ᱱᱩᱤ ᱦᱩᱰᱤᱧ ᱵᱚᱭᱦᱟ ᱛᱟᱠᱚ ᱫᱚ ᱟᱹᱰᱤ ᱠᱚ ᱥᱟᱨᱦᱟᱣᱮᱭᱟ।
train_santalimale_03697	wavs/train_santalimale_03697.wav	ᱟᱭᱚᱵᱟᱵᱟ ᱦᱚᱸ ᱠᱟᱹᱴᱤᱡᱼᱟ ᱤᱭᱟᱹᱛᱮ ᱟᱹᱰᱤ ᱠᱤᱱ ᱫᱩᱞᱟᱹᱲᱮᱭᱟ।
train_santalimale_03698	wavs/train_santalimale_03698.wav	ᱚᱱᱟ ᱛᱮ ᱨᱢᱮᱥ ᱫᱚ ᱩᱱᱚᱠᱤᱱ ᱟᱹᱡᱼᱟ ᱠᱟᱛᱷᱟ ᱫᱚ ᱠᱷᱟᱹᱴᱤᱭᱮ ᱟᱸᱡᱚᱢᱟ।
train_santalimale_03699	wavs/train_santalimale_03699.wav	ᱟᱭᱚᱵᱟᱵᱟ ᱫᱚ ᱟᱹᱰᱤ ᱥᱚᱠ ᱛᱮ ᱟᱹᱰᱤ ᱫᱩᱞᱟᱹᱲ ᱛᱮ ᱞᱟᱹᱴᱩ ᱦᱚᱲ ᱵᱮᱱᱟᱣ ᱟᱥ ᱛᱮ ᱟᱛᱚ ᱠᱷᱚᱱ ᱛᱷᱚᱲᱟᱹ ᱥᱟᱹᱸᱜᱤᱧ ᱤᱥᱚᱠᱩᱞ ᱠᱤᱱ ᱠᱩᱞᱮᱭᱟ।
train_santalimale_03700	wavs/train_santalimale_03700.wav	ᱨᱢᱮᱥ ᱦᱚᱸ ᱢᱚᱱᱮ ᱢᱩᱨᱩᱠ ᱠᱟᱛᱮ ᱮ ᱯᱟᱲᱦᱟᱜᱼᱟᱟ।
train_santalimale_03701	wavs/train_santalimale_03701.wav	ᱟᱛᱚ ᱦᱚᱲ ᱨᱮᱱ ᱜᱤᱫᱨᱟᱹ ᱵᱟᱠᱚ ᱪᱟᱞᱟᱜᱼᱟ ᱨᱮᱦᱚᱸ ᱤᱥᱚᱠᱩᱞ ᱪᱟᱞᱟᱜᱼᱟ ᱫᱚ ᱵᱟᱭ ᱵᱟᱹᱜᱤᱭᱟ।
train_santalimale_03702	wavs/train_santalimale_03702.wav	ᱩᱱᱚᱠᱩ ᱯᱮᱱᱮ ᱵᱚᱭᱦᱟ ᱟᱹᱠᱤᱞ ᱛᱮᱫᱚ ᱨᱢᱮᱥ ᱠᱷᱚᱱ ᱫᱚ ᱠᱚ ᱞᱤᱪᱟᱹᱲ ᱜᱮᱭᱟ।
train_santalimale_03703	wavs/train_santalimale_03703.wav	ᱚᱱᱟ ᱛᱮ ᱡᱟᱸᱦᱟᱸᱱ ᱠᱟᱹᱢᱤ ᱨᱮᱜᱮ ᱨᱢᱮᱥ ᱫᱚ ᱩᱱᱚᱠᱩᱣᱟᱜᱼᱟ ᱵᱟᱹᱲᱤᱡᱼᱟ ᱮ ᱧᱟᱢ ᱛᱟᱠᱚ ᱠᱷᱟᱱ ᱮ ᱴᱚᱠᱟᱣ ᱠᱚᱟ।
train_santalimale_03704	wavs/train_santalimale_03704.wav	ᱢᱮᱱᱮᱫᱼᱟ ᱠᱟᱹᱴᱤᱡᱼᱟ ᱵᱚᱭᱦᱟ ᱤᱭᱟᱹᱛᱮ ᱩᱱᱤᱭᱟᱜᱼᱟ ᱠᱟᱛᱷᱟ ᱫᱚ ᱵᱟᱝᱠᱚ ᱪᱟᱞᱟᱣᱟᱛᱟᱭᱟ।
train_santalimale_03705	wavs/train_santalimale_03705.wav	ᱫᱤᱱᱟᱹᱢ ᱜᱮ ᱨᱢᱮᱥ ᱫᱚ ᱩᱱᱚᱠᱩ ᱴᱷᱮᱱᱮ ᱯᱚᱥᱲᱟ ᱟᱪᱚᱜᱼᱟᱟ।
train_santalimale_03706	wavs/train_santalimale_03706.wav	ᱮᱱᱦᱚᱸ ᱨᱢᱮᱥ ᱫᱚ ᱵᱚᱭᱦᱟ ᱫᱩᱞᱟᱹᱲ ᱤᱭᱟᱹᱛᱮ ᱩᱱᱚᱠᱩ ᱞᱟᱹᱜᱤᱫᱼᱟ ᱵᱟᱹᱲᱤᱡᱼᱟ ᱫᱚ ᱠᱷᱟᱹᱴᱤ ᱜᱮ ᱵᱟᱭ ᱦᱩᱫᱤᱥᱟ।
train_santalimale_03707	wavs/train_santalimale_03707.wav	ᱯᱚᱱᱚᱱ ᱵᱚᱭᱦᱟ ᱫᱤᱱᱟᱹᱢ ᱠᱚ ᱡᱷᱚᱜᱲᱟᱹᱜᱼᱟ ᱜᱮᱭᱟ, ᱢᱮᱱᱮᱫᱼᱟ ᱵᱚᱭᱦᱟ ᱫᱩᱞᱟᱹᱲ ᱫᱚ ᱟᱹᱰᱤ ᱜᱮ ᱢᱮᱱᱟᱜᱼᱟ ᱛᱟᱠᱚᱣᱟ।
train_santalimale_03708	wavs/train_santalimale_03708.wav	ᱡᱟᱸᱦᱟᱸ ᱥᱮᱡᱼᱟ ᱜᱮ ᱢᱤᱫᱼᱟ ᱛᱮᱜᱮ ᱠᱚ ᱪᱟᱞᱟᱜᱼᱟᱟ ᱟᱨ ᱠᱟᱹᱢᱤ ᱭᱟᱠᱚ ᱟᱹᱰᱤ ᱥᱚᱞᱦᱚᱛᱮ।
train_santalimale_03709	wavs/train_santalimale_03709.wav	ᱡᱩᱢᱤᱫ ᱫᱟᱲᱮᱹ ᱛᱮ ᱠᱟᱹᱢᱤ ᱠᱟᱱ ᱛᱮ ᱩᱱᱚᱠᱩ ᱚᱲᱟᱹᱜᱼᱟ ᱫᱚ ᱫᱟᱱᱟᱯᱟᱹᱱᱤ ᱛᱮ ᱯᱮᱨᱮᱡᱼᱟ ᱢᱮᱱᱟᱜᱼᱟᱟ।
train_santalimale_03710	wavs/train_santalimale_03710.wav	ᱠᱤᱥᱟᱹᱸᱲ ᱤᱭᱟᱹ ᱛᱮ ᱵᱷᱚᱠᱛᱟ ᱦᱟᱲᱟᱹᱢ ᱫᱚ ᱤᱱᱟᱹ ᱛᱚᱞᱦᱟᱴ ᱨᱮ ᱫᱚ ᱟᱹᱰᱤ ᱱᱟᱢᱰᱟᱠ ᱦᱚᱲ ᱠᱟᱱᱟᱭ।
train_santalimale_03711	wavs/train_santalimale_03711.wav	ᱢᱤᱫᱼᱟ ᱫᱤᱱ ᱪᱷᱟᱛᱟ ᱵᱚᱸᱜᱟ ᱛᱤᱠᱤᱱ ᱚᱠᱛᱮ, ᱯᱚᱱᱚᱱ ᱵᱚᱭᱦᱟ ᱟᱜᱼᱟ ᱥᱟᱨ, ᱴᱷᱮᱸᱜᱟ, ᱠᱷᱚᱱᱛᱟ ᱟᱨ ᱠᱩᱰᱤ ᱞᱟᱹᱭ ᱛᱮ ᱥᱮᱸᱫᱨᱟ ᱠᱚ ᱥᱮᱱ ᱞᱮᱱᱟ।
train_santalimale_03712	wavs/train_santalimale_03712.wav	ᱨᱟᱹᱢᱩ, ᱨᱟᱹᱜᱷᱩ ᱟᱨ ᱨᱟᱹᱢᱠᱟᱹ ᱚᱞᱚᱠᱯᱟᱲᱦᱟᱜᱼᱟ ᱫᱚ ᱵᱟᱝ ᱢᱮᱱᱠᱷᱟᱱ ᱥᱤᱠᱟᱹᱨᱤᱭᱟᱹᱜᱼᱟ ᱨᱮᱱ ᱫᱚᱠᱚ ᱜᱟᱹᱠᱷᱩᱲ ᱜᱮᱭᱟ।
train_santalimale_03713	wavs/train_santalimale_03713.wav	ᱥᱤᱠᱟᱹᱨᱤᱭᱟᱹ ᱨᱮ ᱨᱢᱮᱥ ᱫᱚ ᱵᱟᱭ ᱢᱩᱨᱩᱠᱟ ᱚᱱᱟ ᱛᱮ ᱱᱩᱤ ᱫᱚ ᱢᱟᱱᱫᱟᱞ ᱮ ᱥᱟᱵᱟ।
train_santalimale_03714	wavs/train_santalimale_03714.wav	ᱟᱛᱚ ᱠᱷᱚᱱ ᱫᱟᱹᱠᱷᱤᱱᱚᱯᱩᱨᱩᱵ ᱱᱟᱠᱷᱟ ᱟᱭᱢᱟ ᱞᱮᱠᱟᱱ ᱡᱟᱱᱣᱟᱨ ᱛᱮ ᱯᱮᱨᱮᱡᱼᱟ ᱵᱤᱨ ᱜᱟᱡᱟᱰ ᱢᱮᱱᱟᱜᱼᱟᱟ।
train_santalimale_03715	wavs/train_santalimale_03715.wav	ᱵᱚᱞᱚ ᱭᱮᱱᱟ ᱠᱚ ᱠᱤᱫᱤᱲᱚᱠᱤᱫᱤᱲ ᱠᱩᱞᱟᱹᱭ, ᱵᱤᱡᱤ, ᱥᱚᱜᱚᱫᱼᱟ ᱟᱨ ᱮᱢᱟᱱ ᱡᱟᱱᱣᱟᱨ ᱟᱹᱰᱤ ᱩᱥᱟᱹᱨᱟ ᱠᱚ ᱢᱟᱱᱫᱟᱞ ᱵᱟᱲᱟᱹ ᱜᱚᱫᱼᱟ ᱠᱮᱫᱼᱟ ᱠᱚᱟ।
train_santalimale_03716	wavs/train_santalimale_03716.wav	ᱠᱷᱟᱱ ᱜᱮ ᱞᱟᱝᱜᱟ ᱢᱟᱪᱷᱟ ᱭᱮᱱ ᱠᱷᱟᱱ ᱠᱚ ᱢᱤᱫᱼᱟ ᱴᱮᱡᱼᱟ ᱡᱷᱟᱹᱲᱯᱟᱹ ᱫᱟᱨᱮ ᱵᱩᱴᱟᱹ ᱛᱟᱞᱟ ᱨᱮ ᱠᱚ ᱡᱤᱨᱟᱹᱣᱮᱱᱟ।
train_santalimale_03717	wavs/train_santalimale_03717.wav	ᱨᱟᱹᱜᱷᱩ ᱫᱚ ᱚᱱᱟ ᱠᱩᱠᱚᱢᱩ ᱟᱹᱰᱤ ᱟᱸᱴᱮ ᱫᱤᱥᱟᱹ ᱭᱮᱫᱟ।
train_santalimale_03718	wavs/train_santalimale_03718.wav	ᱡᱩᱫᱤ ᱥᱟᱹᱨᱤᱭᱟᱜᱼᱟ ᱜᱮ ᱤᱧ ᱜᱩᱨᱩᱧ ᱵᱮᱱᱟᱣ ᱞᱮᱱ ᱠᱷᱟᱱ ᱨᱮᱸᱜᱮᱪᱚᱚᱨᱮᱡᱼᱟ, ᱴᱩᱣᱟᱹᱨᱴᱟᱯᱟᱨ ᱟᱨ ᱮᱢᱟᱱ ᱡᱚᱛᱚ ᱦᱚᱲ ᱨᱩᱣᱟᱹ ᱦᱟᱥᱚᱜᱼᱟ ᱮᱢᱟᱱ ᱨᱮ ᱥᱟᱹᱨᱤᱱᱟᱜᱼᱟ ᱤᱧ ᱨᱟᱱ ᱠᱮᱠᱚᱟ ᱟᱨ ᱞᱟᱹᱴᱩ ᱦᱚᱲ ᱤᱧ ᱦᱩᱭ ᱠᱚᱜᱼᱟᱟ।
train_santalimale_03719	wavs/train_santalimale_03719.wav	ᱟᱛᱚ ᱚᱲᱟᱹᱜᱼᱟ ᱨᱮ ᱦᱚᱲ ᱵᱚᱦᱚᱜᱼᱟ ᱦᱟᱥᱚ, ᱞᱟᱭ ᱦᱟᱥᱚ, ᱨᱩᱟᱹ ᱨᱟᱵᱟᱝ ᱮᱢᱟᱱ ᱟᱭᱢᱟ ᱨᱚᱠᱚᱢ ᱨᱩᱟᱹ ᱛᱮ ᱦᱚᱲᱠᱚ ᱦᱟᱨᱚᱱᱚᱜᱼᱟ ᱠᱟᱱᱟ।
train_santalimale_03720	wavs/train_santalimale_03720.wav	ᱪᱮᱫᱟᱜᱼᱟ ᱵᱟᱝ ᱟᱵᱚ ᱵᱚᱭᱦᱟ ᱞᱟᱹᱴᱩ ᱠᱟᱹᱢᱨᱩ ᱜᱩᱨᱩ ᱴᱷᱮᱱ ᱥᱮᱱ ᱠᱟᱛᱮᱫᱼᱟ ᱨᱟᱱᱚᱢᱩᱨᱜᱟᱹᱱ ᱵᱚᱱ ᱪᱮᱫᱼᱟ ᱟᱜᱩᱭᱟ, ᱡᱮᱢᱚᱱ ᱡᱟᱸᱦᱟᱸᱭ ᱜᱮᱵᱚᱱ ᱨᱟᱱ ᱫᱟᱲᱮᱹᱭᱟᱠᱚ।
train_santalimale_03721	wavs/train_santalimale_03721.wav	ᱜᱩᱨᱩᱚᱡᱷᱟ ᱵᱚᱱ ᱵᱮᱱᱟᱣ ᱞᱮᱱ ᱠᱷᱟᱱ ᱟᱵᱚ ᱦᱚᱸ ᱛᱷᱚᱨ ᱵᱚᱱ ᱨᱟᱱᱚᱜᱼᱟᱟ।
train_santalimale_03722	wavs/train_santalimale_03722.wav	ᱯᱟᱹᱦᱤᱞ ᱚᱠᱛᱮ ᱚᱱᱟ ᱢᱟ ᱰᱟᱠᱴᱚᱨ ᱠᱚ ᱵᱟᱠᱚ ᱛᱟᱸᱦᱮᱸᱱ ᱛᱮ ᱥᱮ ᱨᱩᱟᱹᱦᱟᱥᱚ, ᱱᱮᱛᱟᱨ ᱞᱮᱠᱟᱱᱟᱜᱼᱟ ᱠᱟᱨᱚᱱ ᱩᱥᱟᱹᱨᱟᱛᱮ ᱵᱟᱝ ᱧᱟᱢ ᱠᱟᱱ ᱛᱟᱸᱦᱮᱸ ᱛᱮ ᱦᱚᱲ ᱡᱟᱸᱦᱟᱸ ᱞᱮᱠᱟ ᱡᱷᱟᱰᱯᱷᱩᱸᱠ, ᱚᱡᱷᱟᱜᱩᱱᱤ ᱨᱮ ᱦᱚᱲ ᱠᱚ ᱯᱟᱹᱛᱤᱭᱟᱹᱩ ᱛᱟᱸᱦᱮᱸᱠᱟᱱᱟ।
train_santalimale_03723	wavs/train_santalimale_03723.wav	ᱢᱮᱱᱠᱷᱟᱱ ᱱᱟᱸᱦᱟᱸᱜᱼᱟ ᱡᱩᱜ ᱨᱮᱢᱟ ᱱᱟᱱᱟᱯᱚᱨᱠᱟᱱᱟᱜᱼᱟ ᱠᱟᱨᱚᱱ ᱚᱢᱚᱱ ᱟᱠᱟᱱᱟ ᱚᱱᱟ ᱫᱚ ᱚᱡᱷᱟ ᱜᱩᱱᱤ ᱛᱮ ᱫᱚ ᱚᱦᱚ ᱜᱮ ᱵᱮᱥ ᱠᱚᱜᱼᱟᱟ।
train_santalimale_03724	wavs/train_santalimale_03724.wav	ᱟᱞᱮ ᱨᱮᱱ ᱪᱮᱪᱮᱫᱼᱟ ᱢᱟᱦᱟᱥᱚᱭ ᱢᱟᱭ ᱢᱮᱱᱮᱫᱼᱟ ᱠᱟᱱ, ᱚᱡᱷᱟ ᱜᱩᱱᱤ ᱨᱮ ᱚᱠᱚᱭ ᱯᱟᱹᱛᱭᱟᱹᱜᱼᱟ ᱠᱟᱱᱟ, ᱚᱱᱟ ᱫᱚ ᱟᱱᱫᱷᱟ ᱯᱟᱹᱛᱤᱭᱟᱹᱩ ᱠᱟᱱᱟ।
train_santalimale_03725	wavs/train_santalimale_03725.wav	ᱨᱢᱮᱥ ᱫᱚ ᱢᱤᱫᱼᱟ ᱥᱟᱦᱮᱸᱫᱼᱟ ᱛᱮ ᱱᱚᱟ ᱡᱚᱛᱚ ᱠᱟᱛᱷᱟᱭ ᱢᱮᱛᱟᱫᱼᱟ ᱠᱚᱟ।
train_santalimale_03726	wavs/train_santalimale_03726.wav	ᱟᱢ ᱢᱟᱢ ᱵᱚᱠᱟ ᱜᱮ, ᱟᱯᱮ ᱨᱮᱱ ᱢᱟᱦᱟᱥᱚᱭ ᱦᱚᱸᱭ ᱵᱚᱠᱟ ᱜᱮᱭᱟ।
train_santalimale_03727	wavs/train_santalimale_03727.wav	ᱵᱟᱢ ᱵᱟᱰᱟᱭᱟ ᱪᱮᱫᱼᱟ ᱟᱫᱚᱢ ᱵᱷᱟᱥᱚᱱ ᱵᱟᱲᱟᱹᱭᱮᱫᱟ।
train_santalimale_03728	wavs/train_santalimale_03728.wav	ᱨᱟᱹᱜᱷᱩ ᱫᱚ ᱤᱫᱨᱤ ᱛᱮ ᱟᱹᱰᱤ ᱥᱟᱭᱜᱟᱫᱼᱟ ᱮ ᱨᱩᱦᱮᱫᱼᱟ ᱠᱮᱫᱮᱭᱟ।
train_santalimale_03729	wavs/train_santalimale_03729.wav	ᱥᱟᱹᱨᱤ ᱜᱮ ᱦᱮᱸᱫᱮ ᱠᱟᱹᱦᱩᱸ ᱛᱟᱞᱟ ᱨᱮ ᱢᱤᱫᱼᱟ ᱴᱮᱡᱼᱟ ᱯᱚᱬᱰ ᱠᱚᱸᱜᱼᱟ ᱮ ᱵᱚᱞᱚ ᱞᱮᱱ ᱠᱷᱟᱱ ᱦᱮᱸᱫᱮ ᱠᱟᱹᱦᱩᱸ ᱣᱟᱜᱼᱟ ᱞᱟᱥᱮᱨ ᱴᱚᱱᱴᱷᱟ ᱛᱮ ᱞᱟᱥᱮᱨ ᱴᱚᱴᱷᱨᱟᱣ ᱫᱚᱭ ᱯᱟᱲᱟᱹᱜᱼᱟ ᱜᱮᱭᱟ, ᱩᱱᱤ ᱯᱚᱬᱰ ᱠᱚᱸᱜᱼᱟ ᱫᱚ।
train_santalimale_03730	wavs/train_santalimale_03730.wav	ᱨᱟᱹᱜᱷᱩ ᱫᱚ ᱡᱚᱛᱚ ᱜᱮ ᱵᱮᱨᱮᱫᱼᱟ ᱮ ᱢᱮᱛᱟᱫᱼᱟ ᱠᱚᱟ ᱟᱨ ᱡᱚᱛᱚ ᱢᱟᱱᱫᱟᱞ ᱥᱟᱵᱼᱟ ᱠᱟᱛᱮᱫᱼᱟ ᱚᱲᱟᱜᱼᱟ ᱥᱮᱡᱼᱟ ᱠᱚ ᱢᱚᱦᱚᱬᱰᱟᱭᱮᱱᱟ।
train_santalimale_03731	wavs/train_santalimale_03731.wav	ᱵᱤᱨᱜᱟᱡᱟᱲ ᱠᱷᱚᱱ ᱠᱚ ᱚᱬᱲᱚᱝᱮᱱᱟ ᱴᱟᱹᱬᱰᱤ ᱥᱮᱡᱼᱟ ᱛᱮ ᱥᱩᱸᱰᱩᱸᱪ ᱦᱚᱨ ᱛᱮ ᱠᱚ ᱢᱚᱦᱚᱬᱰᱟᱣᱟᱠᱟᱱᱟ।
train_santalimale_03732	wavs/train_santalimale_03732.wav	ᱟᱪᱠᱟ ᱜᱮ ᱨᱟᱹᱢᱠᱟᱹ ᱫᱚ ᱜᱩᱰᱩ ᱜᱮᱞᱮᱡᱼᱟ ᱮ ᱧᱮᱞ ᱧᱟᱢ ᱠᱮᱫᱟ।
train_santalimale_03733	wavs/train_santalimale_03733.wav	ᱱᱚᱸᱜᱼᱟᱚᱭ ᱱᱚᱬᱰᱮ ᱜᱩᱰᱩᱭ ᱜᱮᱞᱮᱡᱼᱟ ᱟᱠᱟᱫᱟ, ᱱᱟᱣᱟᱸ ᱢᱟᱪᱷᱟ ᱜᱮᱭᱟ, ᱜᱩᱰᱩ ᱢᱮᱱᱟᱭᱟ।
train_santalimale_03734	wavs/train_santalimale_03734.wav	ᱨᱢᱮᱥ ᱫᱚᱭ ᱢᱮᱱ ᱜᱚᱫᱼᱟ ᱠᱮᱫᱟ ᱱᱟᱣᱟᱸ ᱫᱚ ᱱᱟᱣᱟᱸ ᱜᱮᱭᱟ ᱢᱮᱱᱮᱫᱼᱟ ᱵᱷᱩᱜᱟᱹᱜᱼᱟ ᱜᱮᱭᱟ, ᱵᱤᱧ ᱮᱢᱟᱱ ᱦᱚᱸ ᱠᱚ ᱛᱟᱸᱦᱮᱸᱱ ᱜᱮᱭᱟ ᱱᱚᱝᱠᱟᱱ ᱵᱷᱩᱜᱟᱹᱜᱼᱟ ᱨᱮ ᱫᱚ।
train_santalimale_03735	wavs/train_santalimale_03735.wav	ᱨᱚᱵᱴᱷᱚ ᱮᱲᱟᱝ ᱨᱢᱮᱥ ᱵᱤᱨ ᱡᱟᱱᱣᱟᱨ ᱴᱷᱮᱱ ᱢᱟ ᱵᱟᱢ ᱵᱚᱛᱚᱨ ᱞᱮᱱ ᱵᱮᱡᱟᱸᱭ ᱵᱤᱧ ᱴᱷᱮᱱ ᱫᱚᱢ ᱵᱚᱛᱚᱨᱚᱜᱼᱟ ᱠᱟᱱ।
train_santalimale_03736	wavs/train_santalimale_03736.wav	ᱨᱟᱹᱢᱠᱟᱹ ᱫᱚ ᱤᱫᱨᱤ ᱢᱟᱪᱷᱟᱭ ᱨᱚᱲ ᱜᱚᱫᱼᱟ ᱠᱮᱫᱟ ᱟᱨ ᱠᱩᱰᱤ ᱛᱮ ᱞᱟᱞᱟᱹᱭ ᱫᱷᱩᱨᱟᱹᱣᱮᱱᱟ।
train_santalimale_03737	wavs/train_santalimale_03737.wav	ᱞᱟᱞᱟ ᱛᱮ ᱟᱹᱰᱤ ᱥᱟᱹᱸᱜᱤᱧ ᱮ ᱞᱟ ᱤᱫᱤ ᱠᱮᱫᱟ।
train_santalimale_03738	wavs/train_santalimale_03738.wav	ᱵᱷᱩᱜᱟᱹᱜᱼᱟ ᱫᱚ ᱱᱟᱣᱟᱸ ᱢᱟᱪᱷᱟᱭ ᱧᱮᱞ ᱤᱫᱤᱭᱮᱫᱼᱟ ᱠᱟᱱ ᱛᱮ ᱟᱨᱚᱛᱮᱫᱼᱟ ᱨᱟᱹᱥᱠᱟᱹᱭ ᱟᱹᱤᱠᱟᱹᱩ ᱮᱫᱟ, ᱢᱚᱱᱮ ᱨᱮ ᱡᱮ ᱜᱩᱰᱩ ᱫᱚ ᱞᱟ ᱛᱤᱭᱟᱹᱜᱼᱟ ᱧᱚᱸᱜᱼᱟ ᱟᱠᱟ ᱫᱮᱭᱟᱭ ᱯᱟᱥᱮᱡᱼᱟ ᱞᱮᱠᱟ।
train_santalimale_03739	wavs/train_santalimale_03739.wav	ᱧᱮᱞ ᱠᱮᱫᱮᱭ ᱟᱹᱰᱤ ᱢᱟᱨᱟᱝ ᱦᱟᱴᱟᱜᱼᱟ ᱞᱮᱠᱟᱭ ᱥᱟᱲ ᱟᱠᱟᱱ ᱢᱚᱴᱟ ᱟᱭᱟᱝ ᱵᱤᱧ।
train_santalimale_03740	wavs/train_santalimale_03740.wav	ᱵᱤᱨ ᱡᱟᱱᱣᱟᱨ ᱥᱤᱠᱟᱹᱨᱤᱭᱟᱹ ᱦᱚᱲ ᱟᱹᱰᱤ ᱫᱤᱞᱜᱟᱹᱨᱤᱭᱟᱹ ᱠᱚ ᱞᱟᱹᱭᱚᱜᱼᱟᱟ।
train_santalimale_03741	wavs/train_santalimale_03741.wav	ᱩᱱᱤ ᱵᱤᱧ ᱧᱮᱞ ᱛᱮᱢᱟ ᱡᱚᱛᱚ ᱠᱚ ᱠᱮᱠᱞᱮᱥᱮᱡᱼᱟ ᱮᱱᱟ।
train_santalimale_03742	wavs/train_santalimale_03742.wav	ᱦᱟᱛᱣᱟᱦᱟᱹᱛᱣᱤ ᱟᱠᱚᱣᱟᱹᱜᱼᱟ ᱡᱚᱛᱚ ᱥᱟᱢᱟᱱ ᱠᱚ ᱥᱟᱵᱼᱟ ᱠᱮᱫᱟ ᱟᱨ ᱵᱤᱨᱟᱹᱢᱯᱟᱴ ᱠᱚ ᱫᱟᱹᱲ ᱠᱮᱫᱟ।
train_santalimale_03743	wavs/train_santalimale_03743.wav	ᱡᱩᱫᱤ ᱟᱨ ᱦᱚᱸᱢ ᱨᱚᱲ ᱠᱮᱫᱼᱟ ᱠᱟᱴᱟ ᱞᱟᱝ ᱫᱟᱞ ᱨᱟᱹᱯᱩᱫ ᱛᱟᱢᱟ।
train_santalimale_03744	wavs/train_santalimale_03744.wav	ᱴᱷᱤᱠ ᱜᱮᱪᱚᱧ ᱢᱮᱱ ᱞᱮᱫᱼᱟ ᱨᱢᱮᱥ ᱫᱚ ᱞᱟᱢᱵᱮᱫᱼᱟ ᱢᱟᱪᱷᱟᱭ ᱨᱚᱲ ᱠᱮᱫᱟ।
train_santalimale_03745	wavs/train_santalimale_03745.wav	ᱵᱚᱫᱢᱟᱥ ᱠᱦᱤᱸ ᱠᱮ, ᱱᱚᱝᱠᱟᱱ ᱪᱚᱲ ᱫᱚᱢ ᱵᱟᱝ ᱠᱟᱱ।
train_santalimale_03746	wavs/train_santalimale_03746.wav	ᱟᱨ ᱦᱚᱸᱭ ᱩᱭᱩᱜᱼᱟ ᱟᱭ ᱠᱟᱱ ᱛᱟᱸᱦᱮᱸᱫᱼᱟ ᱟ ᱤᱱᱟᱹᱜᱼᱟ ᱛᱮᱜᱮ ᱟᱡᱼᱟ ᱫᱟᱫᱟ ᱨᱟᱹᱢᱩ ᱫᱚᱭ ᱢᱟᱱᱟ ᱠᱮᱫᱮᱭᱟ।
train_santalimale_03747	wavs/train_santalimale_03747.wav	ᱛᱚᱵᱮ ᱠᱷᱟᱱ ᱨᱟᱹᱢᱠᱟᱹ ᱫᱚᱭ ᱤᱠᱟᱹ ᱠᱮᱫᱮᱭᱟ, ᱵᱟᱝ ᱠᱷᱟᱱ ᱟᱨᱦᱚᱸ ᱛᱤᱱᱟᱹᱜᱼᱟ ᱪᱚᱭ ᱫᱟᱞ ᱠᱮᱭᱟ।
train_santalimale_03748	wavs/train_santalimale_03748.wav	ᱨᱢᱮᱥ ᱫᱚ ᱦᱟᱥᱚ ᱡᱟᱞᱟ ᱛᱮ ᱨᱟᱜᱼᱟ ᱫᱚ ᱵᱟᱭ ᱥᱟᱢᱵᱲᱟᱹᱣ ᱫᱟᱲᱮᱹ ᱭᱟᱫᱟ।
train_santalimale_03749	wavs/train_santalimale_03749.wav	ᱚᱠᱟ ᱭᱮᱱᱟᱢ ᱱᱚᱠᱚᱢ ᱧᱮᱞ ᱠᱚ ᱠᱷᱟᱱ, ᱵᱮᱴᱟ ᱛᱟᱠᱚ ᱨᱮᱱ ᱢᱟᱱᱫᱟᱞ।
train_santalimale_03750	wavs/train_santalimale_03750.wav	ᱵᱷᱚᱠᱛᱟ ᱦᱟᱲᱟᱹᱢ ᱫᱚ ᱟᱡᱼᱟ ᱨᱮᱱ ᱚᱲᱟᱹᱜᱼᱟ ᱦᱚᱲ ᱮ ᱦᱚᱦᱚ ᱣᱟᱫᱮᱭᱟ।
train_santalimale_03751	wavs/train_santalimale_03751.wav	ᱚᱲᱟᱜᱼᱟ ᱦᱚᱲ ᱦᱚᱸ, ᱦᱚᱦᱚ ᱟᱧᱡᱚᱢ ᱥᱟᱸᱣ ᱛᱮ ᱚᱲᱟᱜᱼᱟ ᱠᱷᱚᱱ ᱟᱹᱰᱤ ᱩᱥᱟᱹᱨᱟᱭ ᱧᱤᱨ ᱛᱩᱫᱼᱟ ᱮᱱᱟ।
train_santalimale_03752	wavs/train_santalimale_03752.wav	ᱥᱟᱹᱨᱤ ᱜᱮᱭ ᱧᱮᱞ ᱠᱮᱫᱼᱟ ᱠᱚ ᱟᱹᱰᱤ ᱥᱟᱸᱜᱮ ᱠᱩᱞᱟᱹᱭ, ᱵᱤᱡᱤ, ᱥᱚᱜᱚᱫᱼᱟ ᱟᱨ ᱮᱢᱟᱱ ᱡᱟᱱᱣᱟᱨ ᱢᱟᱱᱫᱟᱞ ᱠᱟᱛᱮᱜᱼᱟ ᱠᱚ ᱟᱹᱜᱩᱣᱟᱠᱟᱫᱼᱟ ᱠᱚ।
train_santalimale_03753	wavs/train_santalimale_03753.wav	ᱟᱹᱰᱤ ᱮ ᱠᱩᱥᱤᱭᱮᱱᱟ ᱵᱷᱚᱜᱼᱟᱛᱟ ᱵᱩᱰᱦᱤ ᱫᱚ।
train_santalimale_03754	wavs/train_santalimale_03754.wav	ᱤᱱᱟᱹᱜᱼᱟ ᱛᱮᱜᱮ ᱨᱢᱮᱥ ᱫᱚ ᱟᱡᱼᱟ ᱜᱚᱜᱚ ᱴᱷᱮᱱ ᱠᱩᱸᱥᱩᱸᱜᱼᱟ ᱨᱟᱜᱼᱟ ᱛᱩᱞᱩᱡᱼᱟ ᱮ ᱪᱟᱞᱟᱣᱮᱱᱟ।
train_santalimale_03755	wavs/train_santalimale_03755.wav	ᱚᱠᱚᱭ ᱭᱟ ᱪᱮᱠᱟ ᱠᱮᱫᱼᱟ ᱢᱮᱭᱟ ᱵᱮᱴᱟ ᱪᱮᱫᱟᱜᱼᱟ ᱮᱢ ᱨᱟᱜᱼᱟ ᱮᱫᱟ?
train_santalimale_03756	wavs/train_santalimale_03756.wav	ᱟᱡᱼᱟ ᱜᱚᱜᱚ ᱫᱚᱭ ᱠᱩᱞᱤ ᱜᱚᱫᱼᱟ ᱠᱮᱫᱮᱭᱟ।
train_santalimale_03757	wavs/train_santalimale_03757.wav	ᱨᱢᱮᱥᱟᱜᱼᱟ ᱵᱤᱨᱛᱟᱹᱱ ᱟᱧᱡᱚᱢ ᱠᱟᱛᱮᱜᱼᱟ ᱟᱡᱼᱟ ᱜᱚᱜᱚ ᱫᱚ ᱟᱹᱰᱤ ᱜᱤᱭ ᱨᱟᱝᱜᱟᱣ ᱮᱱᱟ ᱟᱨ ᱨᱟᱹᱢᱠᱟᱹ ᱫᱚ ᱟᱹᱰᱤ ᱟᱸᱴ ᱮ ᱨᱩᱦᱮᱫᱼᱟ ᱠᱮᱫᱮᱭᱟ।
train_santalimale_03758	wavs/train_santalimale_03758.wav	ᱢᱟ ᱛᱷᱤᱨᱩᱜᱼᱟ ᱢᱮ ᱵᱮᱴᱟ, ᱟᱨ ᱡᱟᱸᱦᱟᱸ ᱛᱤᱥ ᱟᱨᱦᱚᱸ ᱠᱚ ᱫᱟᱞ ᱞᱮᱢ ᱠᱷᱟᱱ ᱟᱹᱰᱤ ᱫᱟᱞᱤᱧ ᱫᱟᱞ ᱠᱚᱟ ᱱᱟᱸᱦᱟᱸᱠ।
train_santalimale_03759	wavs/train_santalimale_03759.wav	ᱠᱟᱹᱴᱤᱡᱼᱟ ᱤᱭᱟᱹ ᱛᱮᱠᱚ ᱯᱚᱥᱲᱟᱹ ᱢᱟᱸᱜᱟᱞ ᱟᱠᱟᱫᱼᱟ ᱢᱮᱭᱟ।
train_santalimale_03760	wavs/train_santalimale_03760.wav	ᱤᱱᱟᱹ ᱠᱟᱛᱷᱟ ᱢᱮᱱ ᱠᱟᱛᱮᱫᱼᱟ ᱜᱮ ᱟᱡᱼᱟ ᱜᱚᱜᱚ ᱫᱚ ᱨᱢᱮᱥ ᱚᱲᱟᱜᱼᱟ ᱥᱮᱡᱼᱟ ᱮ ᱤᱫᱤ ᱠᱮᱫᱮᱭᱟ ᱫᱟᱠᱟ ᱡᱚᱢ।
train_santalimale_03761	wavs/train_santalimale_03761.wav	ᱨᱟᱹᱢᱩ, ᱨᱟᱹᱜᱷᱩ ᱟᱨ ᱨᱟᱹᱢᱠᱟᱹ ᱵᱷᱚᱜᱼᱟᱛᱟ ᱦᱟᱲᱟᱹᱢ ᱟᱠᱚ ᱨᱮᱱ ᱡᱟᱱᱟᱢ ᱵᱟᱵᱟ ᱴᱷᱮᱱ ᱠᱚ ᱫᱩᱰᱩᱵᱼᱟ ᱮᱱᱟ ᱟᱨ ᱨᱟᱹᱜᱷᱩ ᱫᱚ ᱢᱚᱱᱮ ᱨᱮᱭᱟᱜᱼᱟ ᱠᱟᱛᱷᱟ ᱥᱮ ᱟᱠᱚ ᱵᱚᱭᱦᱟ ᱡᱚᱛᱚ ᱜᱚᱴᱟ ᱞᱮᱫᱼᱟ ᱠᱚ, ᱞᱟᱹᱭᱮ ᱮᱦᱚᱵᱼᱟ ᱮᱱᱟ।
train_santalimale_03762	wavs/train_santalimale_03762.wav	ᱮ ᱵᱟ, ᱟᱞᱮ ᱫᱚ ᱜᱩᱨᱩ ᱚᱡᱷᱟ ᱪᱮᱫᱼᱟ ᱞᱮ ᱢᱮᱱ ᱟᱪᱚ ᱭᱮᱫᱟ।
train_santalimale_03763	wavs/train_santalimale_03763.wav	ᱚᱠᱚᱭ ᱪᱮᱫᱼᱟ ᱟᱪᱚ ᱫᱟᱲᱮᱹ ᱭᱟᱞᱮᱭᱟ, ᱢᱚᱸᱡ ᱟᱨ ᱵᱷᱟᱜᱮ ᱢᱟᱪᱷᱟ ᱛᱮ?
train_santalimale_03764	wavs/train_santalimale_03764.wav	ᱟᱹᱰᱤ ᱟᱪᱠᱟ ᱜᱮ ᱦᱮᱡᱼᱟ ᱥᱟᱸᱣ ᱛᱮ ᱱᱤᱭᱟᱹ ᱠᱟᱛᱷᱟ ᱫᱚᱢ ᱢᱮᱱ ᱟᱪᱚ ᱠᱮᱫᱼᱟ ᱨᱟᱹᱜᱷᱩ ᱵᱟᱹᱵᱩ?
train_santalimale_03765	wavs/train_santalimale_03765.wav	ᱨᱟᱹᱜᱷᱩᱭ ᱢᱮᱱ ᱠᱮᱫᱟ, ᱦᱮ ᱵᱟ, ᱥᱮᱱᱫᱨᱟ ᱞᱮ ᱪᱟᱞᱟᱣ ᱞᱮᱱ ᱩᱱ ᱚᱠᱛᱮ ᱨᱮ ᱨᱟᱹᱜᱷᱩ ᱫᱚᱭ ᱢᱮᱱ ᱠᱮᱫᱟ ᱟᱛᱚ ᱨᱮ ᱟᱹᱰᱤ ᱟᱸᱴ ᱨᱩᱟᱹ ᱦᱟᱥᱚᱸ ᱧᱟᱧᱟᱢ ᱠᱟᱱᱟ ᱟᱨ ᱱᱚᱸᱝᱠᱟᱛᱮ ᱦᱚᱲ ᱛᱤᱱᱟᱹᱜᱼᱟ ᱠᱚ ᱜᱩᱡᱩᱜᱼᱟ ᱠᱟᱱᱟ।
train_santalimale_03766	wavs/train_santalimale_03766.wav	ᱫᱟᱢᱟᱱ ᱨᱮᱦᱮᱫᱼᱟ ᱵᱚᱱ ᱵᱟᱰᱟᱭ ᱠᱟᱜᱼᱟ ᱠᱷᱟᱱ ᱢᱚᱠᱟᱡᱚᱠᱷᱟ ᱨᱮ ᱵᱚᱱ ᱨᱟᱱ ᱫᱟᱲᱮᱹᱭᱟᱠᱚᱟ।
train_santalimale_03767	wavs/train_santalimale_03767.wav	ᱨᱟᱹᱢᱠᱟᱹ ᱦᱚᱸ ᱪᱮᱫᱟᱜᱼᱟ ᱮ ᱛᱷᱤᱨ ᱠᱚᱜᱼᱟᱟ ᱢᱮᱱ ᱜᱚᱫᱼᱟ ᱠᱮᱫᱟᱭ, ᱜᱩᱰᱩ ᱞᱟᱞᱟ ᱡᱚᱠᱷᱟᱱ ᱟᱹᱰᱤ ᱢᱟᱨᱟᱝ ᱟᱭᱟᱝ ᱵᱤᱧ ᱞᱮ ᱧᱟᱢ ᱞᱮᱫᱮᱭᱟ ᱵᱟ।
train_santalimale_03768	wavs/train_santalimale_03768.wav	ᱚᱱᱟ ᱢᱟ ᱞᱮ ᱫᱟᱹᱲ ᱠᱮᱫᱼᱟ, ᱡᱩᱫᱤᱭ ᱜᱮᱨ ᱞᱮᱞᱮ ᱠᱷᱟᱱ ᱚᱠᱚᱭ ᱵᱮᱥ ᱠᱮᱞᱮᱭᱟ?
train_santalimale_03769	wavs/train_santalimale_03769.wav	ᱱᱚᱬᱰᱮ ᱢᱟ ᱢᱤᱫᱼᱟ ᱴᱮᱱ ᱜᱩᱨᱩ ᱦᱚᱸ ᱵᱟᱹᱱᱩᱜᱼᱟ ᱠᱚ।
train_santalimale_03770	wavs/train_santalimale_03770.wav	ᱵᱷᱚᱠᱛᱟ ᱦᱟᱲᱟᱹᱢ ᱫᱚ ᱢᱟᱨᱮ ᱫᱚᱭ ᱢᱟᱨᱮ ᱜᱮᱭᱟ, ᱢᱮᱱᱠᱷᱟᱱ ᱩᱱᱤᱭᱟᱜᱼᱟ ᱥᱚᱪᱟᱜᱼᱟᱵᱤᱪᱟᱹᱨ ᱫᱚ ᱡᱩᱜ ᱱᱟᱹᱯᱤᱛ ᱵᱚᱫᱚᱞ ᱛᱮᱜᱮ ᱛᱟᱸᱦᱮᱸᱱ ᱠᱟᱱ ᱛᱟᱭᱟ।
train_santalimale_03771	wavs/train_santalimale_03771.wav	ᱯᱟᱹᱦᱤᱞ ᱟᱨ ᱱᱟᱸᱦᱟᱸᱜᱼᱟ ᱡᱩᱜ ᱨᱮᱭᱟᱜᱼᱟ ᱛᱩᱞᱟᱹᱡᱚᱠᱷᱟ ᱫᱚ ᱠᱷᱩᱵᱼᱟ ᱜᱮ ᱢᱮᱱᱟᱜᱼᱟ ᱛᱟᱭᱟ।
train_santalimale_03772	wavs/train_santalimale_03772.wav	ᱢᱮᱱᱟᱭ ᱯᱟᱹᱦᱤᱞ ᱫᱚ ᱯᱟᱹᱦᱤᱞ ᱞᱮᱠᱟ ᱜᱮ ᱱᱟᱸᱦᱟᱸᱜᱼᱟ ᱫᱚ ᱱᱟᱸᱦᱟᱸᱜᱼᱟ ᱞᱮᱠᱟ ᱜᱮ।
train_santalimale_03773	wavs/train_santalimale_03773.wav	ᱱᱟᱸᱦᱟᱸᱜᱼᱟ ᱡᱩᱜ ᱨᱮᱭᱟᱜᱼᱟ ᱚᱠᱛᱮ ᱞᱮᱠᱟᱛᱮ ᱪᱟᱞᱟᱜᱼᱟ ᱨᱮᱜᱮ ᱯᱚᱨᱦᱚ ᱫᱚ ᱢᱮᱱᱟᱜᱼᱟᱟ।
train_santalimale_03774	wavs/train_santalimale_03774.wav	ᱮᱱᱛᱮᱫᱼᱟ ᱯᱟᱦᱤᱞ ᱫᱚ ᱟᱱᱟᱥᱤᱠᱤ ᱮᱢᱟᱱ ᱪᱟᱞᱟᱜᱼᱟ ᱠᱟᱱ ᱛᱟᱸᱦᱮᱸᱱᱟ ᱱᱤᱛᱚᱜᱼᱟ ᱫᱚ ᱯᱟᱭᱥᱟ ᱨᱮᱭᱟᱜᱼᱟ ᱦᱚᱸ ᱵᱷᱤᱞᱩ ᱵᱟᱹᱱᱩᱜᱼᱟ ᱞᱮᱠᱟ ᱜᱮ ᱴᱟᱠᱟ ᱨᱮᱭᱟᱜᱼᱟ ᱜᱮ ᱡᱟᱹᱥᱛᱤ ᱫᱚ।
train_santalimale_03775	wavs/train_santalimale_03775.wav	ᱚᱱᱟ ᱛᱮ ᱫᱟᱢᱟᱱᱟᱜᱼᱟ ᱜᱮ ᱠᱟᱛᱷᱟ ᱫᱚ ᱡᱟᱹᱨᱩᱲᱟᱹ ᱟᱨ ᱱᱚᱝᱠᱟ ᱜᱮ ᱠᱟᱹᱢᱤ ᱡᱟᱹᱨᱩᱲᱟ।
train_santalimale_03776	wavs/train_santalimale_03776.wav	ᱢᱮᱛᱟᱫᱼᱟ ᱠᱚᱣᱟᱹᱭ, ᱦᱮᱸᱫᱟ ᱵᱟᱹᱵᱩ, ᱟᱯᱮ ᱫᱚ ᱱᱤᱛ ᱦᱚᱸ ᱚᱡᱷᱟᱜᱩᱱᱤ ᱨᱮ ᱵᱤᱥᱣᱟᱹᱥ ᱫᱚ ᱢᱮᱱᱟᱜᱼᱟ ᱛᱟᱯᱮ ᱜᱮᱭᱟ।
train_santalimale_03777	wavs/train_santalimale_03777.wav	ᱱᱮᱛᱟᱨᱟᱜᱼᱟ ᱡᱩᱜ ᱢᱟ ᱪᱚ ᱟᱹᱰᱤ ᱜᱮ ᱵᱚᱫᱚᱞᱟᱠᱟᱱ।
train_santalimale_03778	wavs/train_santalimale_03778.wav	ᱯᱟᱹᱦᱤᱞ ᱢᱟ ᱱᱚᱝᱠᱟᱱ ᱨᱚᱜ ᱮᱢᱟᱱ ᱫᱚ ᱵᱟᱪᱚ ᱧᱟᱧᱟᱢ ᱠᱟᱱ ᱛᱟᱸᱦᱮᱸᱱ ᱟᱨ ᱧᱟᱧᱟᱢ ᱠᱟᱱ ᱛᱟᱸᱦᱮᱸᱱ ᱠᱷᱟᱱ ᱟᱛᱚ ᱠᱮ ᱟᱛᱚ ᱱᱤᱥᱩᱱ ᱩᱛᱟᱹᱨᱚᱜᱼᱟ ᱠᱟᱱ ᱛᱟᱸᱦᱮᱸᱱᱟ।
train_santalimale_03779	wavs/train_santalimale_03779.wav	ᱩᱱ ᱡᱚᱠᱷᱟᱱ ᱢᱟ ᱚᱡᱷᱟᱜᱩᱱᱤᱭᱟᱜᱼᱟ ᱨᱟᱱ ᱜᱮ ᱵᱟᱝ ᱞᱟᱜᱟᱜᱼᱟ ᱠᱟᱱ ᱛᱟᱸᱦᱮᱸᱱ।
train_santalimale_03780	wavs/train_santalimale_03780.wav	ᱥᱚᱨᱠᱟᱨᱤ ᱰᱟᱠᱴᱚᱨ ᱠᱚ ᱦᱤᱡᱩᱜᱼᱟ ᱠᱟᱱ ᱛᱟᱸᱦᱮᱸᱱᱟ ᱥᱩᱤ ᱞᱟᱹᱜᱤᱫᱼᱟ।
train_santalimale_03781	wavs/train_santalimale_03781.wav	ᱱᱤᱛᱚᱜᱼᱟ ᱢᱟ ᱟᱨ ᱜᱮ ᱡᱟᱹᱥᱛᱤ ᱛᱮᱫᱼᱟ ᱜᱮ ᱜᱩᱨᱩᱚᱡᱷᱟᱣᱟᱜᱼᱟ ᱫᱟᱸᱰᱮ ᱮᱢᱚᱮᱢ ᱛᱮᱜᱮ ᱢᱟ ᱦᱚᱲ ᱠᱚ ᱞᱟᱝᱜᱟ ᱪᱟᱵᱟᱜᱼᱟ ᱠᱟᱱ।
train_santalimale_03782	wavs/train_santalimale_03782.wav	ᱟᱫᱚ ᱨᱩᱜᱤ ᱫᱚ ᱪᱮᱠᱟᱛᱮᱭ ᱨᱟᱱᱚᱜᱼᱟᱟ?
train_santalimale_03783	wavs/train_santalimale_03783.wav	ᱩᱱᱚᱠᱩ ᱚᱲᱟᱜᱼᱟ ᱨᱮᱱ ᱥᱤᱢᱚᱥᱩᱠᱨᱤ, ᱢᱮᱨᱚᱢᱚᱵᱷᱤᱰᱤ ᱦᱚᱸ ᱠᱚ ᱪᱟᱵᱟᱭᱮᱱ ᱨᱮ ᱦᱚᱸ ᱩᱱᱤᱭᱟᱜᱼᱟ ᱡᱤᱣᱤ ᱫᱚ ᱵᱟᱝ ᱜᱮ ᱵᱟᱸᱪᱟᱣ ᱞᱮᱱ, ᱜᱩᱨᱮᱱ ᱜᱮᱭᱟᱭ।
train_santalimale_03784	wavs/train_santalimale_03784.wav	ᱮᱬᱰᱮ ᱠᱷᱟᱱ ᱪᱮᱠᱟᱧ ᱯᱟᱹᱛᱤᱭᱟᱹᱩ ᱠᱚᱜᱼᱟᱟ, ᱡᱮ ᱜᱩᱨᱩᱚᱡᱷᱟ ᱫᱚ ᱞᱟᱹᱴᱩ ᱰᱟᱠᱴᱚᱨ ᱠᱟᱱᱟ ᱠᱚ।
train_santalimale_03785	wavs/train_santalimale_03785.wav	ᱚᱱᱟ ᱛᱮ ᱟᱵᱚ ᱡᱚᱛᱚ ᱜᱮ ᱯᱟᱲᱦᱟᱣ ᱟᱪᱚ ᱨᱮᱭᱟᱜᱼᱟ ᱟᱹᱰᱤ ᱜᱮᱧ ᱠᱩᱨᱩᱢᱩᱴᱩ ᱞᱮᱫᱟ, ᱢᱮᱱᱠᱷᱟᱱ ᱟᱹᱰᱤ ᱦᱟᱢᱟᱞ ᱯᱮ ᱟᱹᱤᱠᱟᱹᱩ ᱠᱮᱫᱟ।
train_santalimale_03786	wavs/train_santalimale_03786.wav	ᱚᱞᱚᱜᱼᱟ ᱯᱟᱲᱦᱟᱜᱼᱟ ᱛᱮ ᱯᱮ ᱥᱮᱸᱰᱟ ᱞᱮᱱᱠᱷᱟᱱ ᱰᱟᱠᱴᱚᱨ ᱛᱟᱱᱟᱜᱼᱟ ᱯᱮ ᱵᱮᱱᱟᱣ ᱠᱚᱜᱼᱟᱟ।
train_santalimale_03787	wavs/train_santalimale_03787.wav	ᱪᱮᱫᱟᱜᱼᱟ ᱡᱮ ᱱᱟᱸᱦᱟᱸᱜᱼᱟ ᱡᱩᱜ ᱨᱮᱭᱟᱜᱼᱟ ᱨᱚᱜ ᱫᱚ ᱰᱟᱠᱴᱚᱨ ᱜᱮ ᱠᱚ ᱪᱟᱵᱟ ᱫᱟᱲᱮᱹᱭᱟᱜᱼᱟᱟ।
train_santalimale_03788	wavs/train_santalimale_03788.wav	ᱚᱱᱟᱛᱮ ᱚᱡᱷᱟ-ᱜᱩᱱᱤ ᱨᱮ ᱯᱟᱹᱛᱤᱭᱟᱹᱩ ᱫᱚ ᱟᱱᱫᱷᱟ ᱯᱟᱹᱛᱤᱭᱟᱹᱩ ᱠᱟᱱ ᱜᱮᱭᱟ।
train_santalimale_03789	wavs/train_santalimale_03789.wav	ᱢᱮᱱᱠᱷᱟᱱ ᱩᱱᱚᱠᱩ ᱯᱮᱱᱮ ᱵᱚᱭᱦᱟ ᱜᱮ ᱟᱡᱼᱟ ᱵᱟᱵᱟᱣᱟᱜᱼᱟ ᱠᱟᱛᱷᱟ ᱫᱚ ᱵᱟᱝᱠᱚ ᱦᱮᱛᱟᱣᱟᱫᱟ, ᱟᱨ ᱵᱤᱪᱚ-ᱠᱚᱢ ᱢᱤᱫᱼᱟ ᱡᱤᱜᱤᱨ ᱠᱚ ᱨᱚᱲ ᱠᱮᱫᱟ।
train_santalimale_03790	wavs/train_santalimale_03790.wav	ᱩᱱᱚᱠᱩᱣᱟᱜᱼᱟ ᱡᱤᱜᱤᱨ ᱧᱮᱞᱛᱮ ᱟᱡᱼᱟ ᱵᱟᱵᱟ ᱫᱚᱭ ᱞᱟᱹᱭᱟᱫᱼᱟ ᱠᱚᱟ ᱵᱟᱝ ᱢᱟ ᱞᱟᱹᱴᱩ ᱠᱟᱹᱢᱨᱩ-ᱜᱩᱨᱩ ᱫᱚ ᱠᱟᱹᱢᱨᱩ-ᱠᱟᱢᱠᱷᱟ ᱫᱤᱥᱚᱢ ᱨᱮᱠᱚ ᱪᱮᱫᱚᱜᱼᱟ ᱠᱟᱱᱟ।
train_santalimale_03791	wavs/train_santalimale_03791.wav	ᱫᱚᱥᱟᱨ ᱦᱤᱞᱚᱜᱼᱟ ᱜᱮ ᱡᱚᱛᱚ ᱯᱚᱱᱚᱱ ᱵᱚᱭᱦᱟ ᱠᱚ ᱥᱟᱯᱲᱟᱹᱣᱮᱱᱟ ᱟᱨ ᱢᱚᱦᱚᱬᱰᱟᱜᱼᱟ ᱵᱮᱞᱟ ᱨᱮ ᱨᱟᱹᱢᱠᱟᱹ ᱟᱪᱠᱟ ᱜᱮ ᱨᱟᱹᱢᱩᱭ ᱢᱮᱛᱟ ᱫᱮᱭᱟ, ᱮ ᱫᱟ, ᱱᱩᱤ ᱫᱚ ᱵᱟᱝ ᱠᱷᱟᱱ ᱵᱟᱵᱚᱱ ᱤᱫᱤᱭᱮᱭᱟ, ᱱᱩᱤᱭᱟᱜᱼᱟ ᱨᱚᱲ ᱜᱮ ᱞᱟᱜᱟᱜᱼᱟ ᱠᱟᱱᱟ।
train_santalimale_03792	wavs/train_santalimale_03792.wav	ᱥᱟᱹᱨᱤᱱᱟᱜᱼᱟ ᱟᱯᱟᱜᱼᱟ ᱤᱫᱤᱭᱤᱠᱟᱱ ᱞᱮᱠᱟ ᱨᱢᱮᱥ ᱫᱚ ᱟᱹᱰᱤ ᱨᱤᱠᱤᱲ ᱜᱮᱭ ᱢᱮᱱ ᱠᱮᱫᱟ, ᱤᱧ ᱦᱚᱸᱧ ᱪᱟᱞᱟᱜᱼᱟᱟ।
train_santalimale_03793	wavs/train_santalimale_03793.wav	ᱨᱟᱹᱢᱠᱟᱹᱭᱟ ᱪᱟᱞᱟᱣ ᱟᱪᱚᱣᱟᱱ ᱜᱮ ᱠᱟᱹᱴᱤᱡᱼᱟ ᱵᱚᱭᱦᱟ ᱠᱟᱱ ᱛᱟᱵᱚᱱᱟᱭ ᱛᱷᱚ।
train_santalimale_03794	wavs/train_santalimale_03794.wav	ᱫᱩᱞᱟᱹᱲ ᱡᱟᱹᱨᱩᱲᱟᱹ ᱦᱤᱱᱚᱥᱛᱟ ᱫᱚ ᱵᱟᱝ ᱞᱟᱹᱠᱛᱤᱭᱟ।
train_santalimale_03795	wavs/train_santalimale_03795.wav	ᱛᱚᱵᱮ ᱱᱩᱠᱩ ᱯᱚᱱᱚᱱ ᱵᱚᱭᱦᱟ ᱢᱚᱦᱚᱬᱰᱟᱭᱮᱱᱟ ᱠᱚ ᱥᱟᱹᱛᱩ ᱢᱚᱴᱨᱟ ᱠᱟᱛᱮᱜᱼᱟ ᱠᱟᱹᱢᱨᱩ-ᱠᱟᱢᱠᱷᱟ ᱫᱤᱥᱚᱢ ᱨᱟᱱ ᱢᱩᱨᱜᱟᱹᱱ ᱪᱮᱫ ᱞᱟᱹᱜᱤᱫᱼᱟ।
train_santalimale_03796	wavs/train_santalimale_03796.wav	ᱪᱟᱞᱟᱜᱼᱟ-ᱪᱟᱞᱟᱜᱼᱟ ᱛᱮ ᱦᱚᱨ ᱨᱮ ᱥᱤᱧ ᱫᱚ ᱡᱟᱨᱟ-ᱡᱟᱨᱟ ᱥᱮᱛᱚᱝ ᱴᱟᱹᱬᱰᱤ ᱨᱮ ᱚᱛ ᱢᱟ ᱞᱚ-ᱞᱚ ᱥᱮᱨᱢᱟ ᱥᱮᱛᱚᱝ ᱪᱮᱫᱼᱟ ᱠᱟᱱᱟ ᱜᱟᱡᱟᱲ, ᱵᱤᱨᱚ-ᱵᱩᱨᱩ, ᱠᱩᱞᱚ-ᱛᱟᱹᱨᱩᱵᱼᱟ, ᱧᱩᱛᱚ-ᱧᱤᱱᱫᱟᱹ, ᱵᱤᱧᱚ-ᱠᱤᱫᱤᱧ ᱟᱨ ᱮᱢᱟᱱ ᱡᱟᱱᱣᱟᱨᱟᱜᱼᱟ ᱵᱚᱛᱚᱨ ᱥᱟᱞᱟᱫᱼᱟ ᱪᱮᱫᱼᱟ ᱦᱚᱸ ᱵᱟᱝ।
train_santalimale_03797	wavs/train_santalimale_03797.wav	ᱢᱩᱨᱩᱠ ᱪᱟᱞᱟᱣ ᱠᱚ ᱪᱟᱞᱟᱜᱼᱟ ᱠᱟᱱᱟ।
train_santalimale_03798	wavs/train_santalimale_03798.wav	ᱟᱹᱰᱤ ᱧᱩᱸᱛ ᱠᱟᱲᱟᱝᱚ-ᱠᱩᱪᱩᱝ ᱵᱤᱨ ᱜᱟᱡᱟᱲ ᱛᱟᱞᱟ ᱨᱮ ᱥᱤᱧ ᱦᱚᱸ ᱠᱚ ᱪᱟᱞᱟᱣ ᱤᱫᱤᱜᱼᱟ ᱠᱟᱱᱟ।
train_santalimale_03799	wavs/train_santalimale_03799.wav	ᱛᱷᱚᱲᱟᱹ ᱜᱟᱱ ᱥᱤᱧ ᱢᱟᱨᱥᱟᱞ ᱠᱚ ᱧᱟᱢ ᱠᱮᱫᱟ ᱟᱹᱰᱤ ᱟᱣᱥᱟᱱ ᱠᱚ ᱵᱮᱸᱜᱮᱫᱼᱟ ᱠᱮᱫᱟ।
train_santalimale_03800	wavs/train_santalimale_03800.wav	ᱢᱤᱫᱼᱟ ᱴᱮᱡᱼᱟ ᱲᱚᱬᱲᱚᱨ ᱠᱚ ᱧᱮᱞ ᱧᱟᱢ ᱠᱮᱫᱼᱟ ᱟᱨ ᱚᱱᱟ ᱲᱚᱬᱲᱚᱨ ᱨᱮ ᱠᱚ ᱧᱮᱞ ᱠᱮᱫᱮ ᱢᱤᱫᱼᱟ ᱴᱟᱝ ᱢᱟᱹᱱᱢᱤᱭ ᱫᱩᱰᱩᱵᱼᱟ ᱟᱠᱟᱱ।
train_santalimale_03801	wavs/train_santalimale_03801.wav	ᱤᱧ ᱵᱟᱰᱟᱭᱮᱫᱼᱟ ᱯᱮ ᱜᱮᱭᱟ ᱡᱮ ᱠᱤ ᱟᱯᱮ ᱫᱚ ᱚᱠᱟᱛᱮ ᱪᱮᱠᱟ ᱞᱟᱹᱜᱤᱫᱼᱟ ᱯᱮ ᱢᱚᱦᱚᱬᱰᱟᱣᱟᱠᱟᱱᱟ।
train_santalimale_03802	wavs/train_santalimale_03802.wav	ᱱᱚᱬᱰᱮ ᱯᱮ ᱦᱮᱡᱼᱟ ᱮᱱ ᱠᱷᱟᱱ ᱞᱟᱦᱟᱛᱮ ᱫᱚ ᱵᱟᱝ ᱪᱟᱞᱟᱜᱼᱟ ᱦᱩᱭᱩᱜᱼᱟ ᱛᱟᱯᱮᱭᱟ।
train_santalimale_03803	wavs/train_santalimale_03803.wav	ᱤᱧ ᱜᱮ ᱡᱚᱛᱚ ᱥᱤᱠᱷᱱᱟᱹᱛ ᱫᱚᱧ ᱮᱢᱟᱯᱮᱭᱟ, ᱚᱠᱟ ᱴᱟᱜᱼᱟ ᱟᱯᱮᱭᱟᱜᱼᱟ ᱢᱚᱱᱮ ᱨᱮ ᱢᱮᱱᱟᱜᱼᱟ।
train_santalimale_03804	wavs/train_santalimale_03804.wav	ᱡᱚᱛᱚ ᱦᱚᱲ ᱩᱱᱤᱭᱟᱜᱼᱟ ᱨᱚᱲ ᱟᱧᱡᱚᱢ ᱛᱮ ᱟᱹᱰᱤ ᱠᱩᱥᱤ ᱨᱟᱹᱥᱠᱟᱹ ᱠᱚ ᱟᱹᱤᱠᱟᱹᱩ ᱠᱮᱫᱟ।
train_santalimale_03805	wavs/train_santalimale_03805.wav	ᱡᱟᱹᱨᱩᱲ ᱯᱮ ᱪᱮᱫᱟ, ᱱᱚᱜᱼᱟᱚᱭ ᱱᱤᱭᱟᱹ ᱮᱢᱟᱯᱮ ᱠᱟᱱᱟ ᱟᱨ ᱡᱚᱢ ᱯᱮ।
train_santalimale_03806	wavs/train_santalimale_03806.wav	ᱩᱱᱤ ᱫᱷᱚᱨᱚᱢ ᱵᱟᱵᱟ ᱫᱚ ᱟᱭᱟᱜᱼᱟ ᱠᱚᱢᱚᱬᱰᱚᱞ ᱠᱷᱚᱱ ᱢᱤᱫᱼᱟ ᱦᱮᱡᱼᱟ ᱡᱟᱹᱲᱤ ᱚᱬᱲᱚᱝ ᱠᱟᱛᱮᱫᱼᱟ ᱮᱢᱟᱠᱚ ᱛᱩᱞᱩᱡᱼᱟ ᱮ ᱢᱮᱛᱟᱫᱼᱟ ᱠᱚᱟ।
train_santalimale_03807	wavs/train_santalimale_03807.wav	ᱡᱚᱛᱚ ᱚᱱᱟ ᱡᱟᱹᱲᱤ ᱫᱚ ᱴᱩᱠᱨᱟᱹ ᱠᱟᱛᱮᱫᱼᱟ ᱠᱚ ᱡᱚᱢ ᱠᱮᱫᱟ।
train_santalimale_03808	wavs/train_santalimale_03808.wav	ᱢᱮᱱᱮᱫᱼᱟ ᱟᱯᱮ ᱨᱮᱱ ᱠᱟᱹᱴᱤᱡᱼᱟ ᱵᱚᱭᱦᱟ ᱫᱚ ᱵᱟᱭ ᱪᱮᱫᱼᱟ ᱫᱟᱲᱮᱹᱭᱟᱜᱼᱟᱟ।
train_santalimale_03809	wavs/train_santalimale_03809.wav	ᱩᱱᱤᱭᱟᱜᱼᱟ ᱵᱷᱟᱹᱜ ᱨᱮ ᱫᱚ ᱪᱮᱪᱮᱫᱼᱟ ᱨᱮᱭᱟᱜᱼᱟ ᱵᱟᱹᱱᱩᱜᱼᱟ ᱛᱟᱭᱟ, ᱢᱮᱱᱠᱷᱟᱱ ᱡᱟᱸᱦᱟᱸ ᱛᱤᱱ ᱡᱚᱠᱷᱮᱡᱼᱟ ᱟᱯᱮ ᱡᱟᱸᱦᱟᱸᱱᱟᱜᱼᱟ ᱠᱟᱛᱷᱟ ᱨᱮᱭ ᱢᱟᱱᱟ ᱯᱮ ᱚᱱᱟ ᱠᱟᱛᱷᱟ ᱫᱚ ᱡᱟᱹᱨᱩᱲ ᱟᱧᱡᱚᱢ ᱛᱟᱭ ᱯᱮ।
train_santalimale_03810	wavs/train_santalimale_03810.wav	ᱯᱮᱱᱮ ᱠᱚ ᱢᱤᱫᱼᱟ ᱪᱷᱚᱴ ᱛᱮ ᱠᱚ ᱢᱮᱱ ᱠᱮᱫᱟ, ᱦᱮ ᱫᱷᱚᱨᱚᱢ ᱵᱟᱵᱟ, ᱡᱟᱹᱨᱩᱲ ᱞᱮ ᱢᱟᱱᱟᱣ ᱛᱟᱭᱟ।
train_santalimale_03811	wavs/train_santalimale_03811.wav	ᱢᱟ ᱛᱚᱵᱮ ᱛᱮᱦᱮᱧ ᱠᱷᱚᱱ ᱫᱚ ᱱᱚᱬᱰᱮ ᱜᱮ ᱯᱮ ᱛᱟᱸᱦᱮᱸᱱᱟ ᱟᱨ ᱫᱤᱱᱟᱹᱢ ᱫᱤᱱ ᱥᱤᱠᱷᱱᱟᱹᱛ ᱤᱧ ᱮᱢᱟ ᱯᱮᱭᱟ।
train_santalimale_03812	wavs/train_santalimale_03812.wav	ᱱᱩᱠᱩ ᱯᱚᱱᱚᱱ ᱵᱚᱭᱦᱟ ᱩᱱᱤ ᱫᱷᱚᱨᱚᱢ ᱵᱟᱵᱟ ᱴᱷᱮᱱ ᱟᱭᱢᱟ ᱫᱤᱱ ᱠᱚ ᱛᱟᱸᱦᱮᱸᱭᱮᱱᱟ ᱟᱨ ᱟᱭᱢᱟ ᱞᱮᱠᱟᱱᱟᱜᱼᱟ ᱨᱟᱱ ᱢᱩᱨᱜᱟᱹᱱ ᱠᱚ ᱟᱨ ᱟᱭᱢᱟ ᱞᱮᱠᱟᱱᱟᱜᱼᱟ ᱚᱡᱷᱟ-ᱜᱩᱱᱤᱱ ᱡᱚᱸᱛᱚᱨᱚ-ᱢᱚᱸᱛᱚᱨ ᱠᱚ ᱪᱮᱫᱼᱟ ᱠᱮᱫᱟ।
train_santalimale_03813	wavs/train_santalimale_03813.wav	ᱩᱱᱟᱹᱜᱼᱟ ᱫᱤᱱ ᱚᱱᱟ ᱡᱟᱹᱲᱤ ᱠᱚ ᱡᱚᱢ ᱞᱮᱫᱼᱟ ᱛᱮ ᱨᱮᱸᱜᱮᱡᱼᱟ ᱛᱮᱛᱟᱝ ᱫᱚ ᱵᱟᱝᱠᱚ ᱟᱹᱤᱠᱟᱹᱩ ᱞᱮᱫᱟ।
train_santalimale_03814	wavs/train_santalimale_03814.wav	ᱡᱚᱛᱚ ᱞᱮᱠᱟᱱᱟᱜᱼᱟ ᱥᱤᱠᱷᱱᱟᱹᱛ ᱠᱚ ᱪᱮᱫᱼᱟ ᱠᱮᱫᱼᱟ ᱛᱮ ᱫᱷᱚᱨᱚᱢ ᱵᱟᱵᱟ ᱫᱚᱭ ᱠᱚᱞ ᱨᱩᱣᱟᱹᱲ ᱠᱟᱫᱼᱟ ᱠᱚᱟ।
train_santalimale_03815	wavs/train_santalimale_03815.wav	ᱡᱚᱛᱚ ᱵᱚᱭᱦᱟ ᱟᱠᱚᱣᱟᱹᱜᱼᱟ ᱡᱚᱛᱚ ᱥᱟᱢᱟᱱ ᱞᱟᱹᱭ ᱛᱮ ᱟᱹᱰᱤ ᱨᱟᱹᱥᱠᱟᱹ ᱜᱮ ᱚᱲᱟᱜᱼᱟ ᱠᱚ ᱨᱩᱣᱟᱹᱲ ᱦᱤᱡᱩᱜᱼᱟ ᱠᱟᱱᱟ।
train_santalimale_03816	wavs/train_santalimale_03816.wav	ᱦᱚᱨ ᱨᱮ ᱢᱤᱫᱼᱟ ᱴᱮᱡᱼᱟ ᱪᱷᱤᱛᱤᱨᱚ-ᱵᱤᱛᱤᱨᱟᱠᱟᱱ ᱡᱟᱸᱝ ᱠᱚ ᱧᱮᱞ ᱠᱮᱫᱟ।
train_santalimale_03817	wavs/train_santalimale_03817.wav	ᱟᱫᱚ ᱨᱟᱹᱜᱷᱩ ᱫᱚᱭ ᱢᱮᱱ ᱜᱚᱫᱼᱟ ᱠᱮᱫᱟ, ᱦᱮᱸᱫᱟ ᱨᱟᱹᱢ, ᱟᱹᱰᱤ ᱟᱭᱢᱟ ᱞᱮᱠᱟᱱᱟᱜᱼᱟ ᱫᱷᱚᱨᱚᱢ ᱵᱟᱵᱟᱣᱟᱜᱼᱟ ᱥᱤᱠᱷᱱᱟᱹᱛ ᱵᱚᱱ ᱧᱟᱢ ᱟᱠᱟᱫᱼᱟᱟ।
train_santalimale_03818	wavs/train_santalimale_03818.wav	ᱚᱱᱟ ᱥᱤᱠᱷᱱᱟᱹᱛ ᱛᱮ ᱢᱟᱥᱮ ᱱᱩᱤ ᱡᱟᱱᱣᱟᱨᱟᱜᱼᱟ ᱡᱟᱸᱝ ᱡᱟᱨᱣᱟ ᱠᱟᱛᱮᱜᱼᱟ ᱤᱧ ᱡᱚᱲᱟᱹᱣ ᱟᱪᱚᱭ ᱛᱟᱭᱟ।
train_santalimale_03819	wavs/train_santalimale_03819.wav	ᱨᱟᱹᱢᱩ ᱫᱚᱭ ᱢᱮᱱ ᱜᱚᱫᱼᱟ ᱠᱮᱫᱟ ᱟᱨ ᱡᱚᱸᱛᱚᱨᱚ-ᱢᱚᱸᱛᱚᱨ ᱵᱟᱰᱟᱜᱼᱟ-ᱵᱩᱰᱩᱜᱼᱟ ᱮ ᱮᱦᱚᱵᱼᱟ ᱮᱱᱟ।
train_santalimale_03820	wavs/train_santalimale_03820.wav	ᱢᱤᱫᱼᱟ ᱜᱷᱟᱹᱲᱤ ᱠᱷᱟᱱ ᱜᱮ ᱩᱱᱤᱭᱟᱜᱼᱟ ᱡᱟᱸᱝ ᱫᱚ ᱡᱚᱲᱟᱹᱣ ᱠᱟᱛᱮᱫᱼᱟ ᱛᱮᱸᱝᱜᱚ ᱭᱮᱱ ᱨᱚᱠᱚ-ᱨᱚᱠᱚ।
train_santalimale_03821	wavs/train_santalimale_03821.wav	ᱨᱢᱮᱥ ᱫᱚ ᱚᱱᱟ ᱧᱮᱞᱛᱮ ᱟᱹᱰᱤ ᱟᱸᱴ ᱮ ᱪᱟᱢᱠᱟᱣᱮᱱᱟ ᱵᱚᱛᱚᱨ ᱛᱮ।
train_santalimale_03822	wavs/train_santalimale_03822.wav	ᱤᱧ ᱫᱚᱧ ᱧᱮᱞᱟᱹᱭᱟ, ᱨᱟᱹᱢᱩ ᱫᱚᱭ ᱢᱮᱱ ᱠᱮᱫᱟ।
train_santalimale_03823	wavs/train_santalimale_03823.wav	ᱦᱮᱸ ᱢᱟ ᱫᱟᱫᱟ, ᱵᱟᱱᱟᱨ ᱦᱚᱲ ᱩᱱᱤ ᱫᱚ ᱠᱤᱱ ᱩᱜᱼᱟᱥᱟᱹᱣ ᱠᱮᱫᱮᱭᱟ।
train_santalimale_03824	wavs/train_santalimale_03824.wav	ᱩᱱᱤ ᱦᱚᱸ ᱵᱟᱰᱟᱜᱼᱟ-ᱵᱩᱰᱩᱜᱼᱟ ᱮ ᱫᱷᱩᱨᱟᱹᱣᱮᱱᱟ ᱟᱨ ᱢᱤᱫᱼᱟ ᱜᱷᱟᱹᱲᱤ ᱠᱷᱟᱱ ᱜᱮ ᱛᱟᱹᱨᱩᱵᱼᱟ ᱢᱩᱴᱷᱟᱹᱱᱟᱱ ᱛᱮᱭ ᱡᱮᱞᱮᱱᱟ।
train_santalimale_03825	wavs/train_santalimale_03825.wav	ᱩᱱᱤ ᱛᱟᱹᱨᱩᱵᱼᱟ ᱧᱮᱞᱛᱮ ᱨᱢᱮᱥ ᱟᱨᱚ ᱛᱮᱫᱼᱟ ᱮ ᱞᱩᱭᱩᱫᱼᱟ-ᱞᱩᱭᱩᱫᱼᱟ ᱟᱠᱟᱱᱟ ᱵᱚᱛᱚᱨ ᱛᱮ।
train_santalimale_03826	wavs/train_santalimale_03826.wav	ᱩᱱᱤ ᱛᱟᱹᱨᱩᱵᱼᱟ ᱧᱮᱞᱛᱮ ᱯᱮᱱᱮ ᱦᱚᱲ ᱫᱚ ᱟᱹᱰᱤ ᱜᱮ ᱨᱟᱹᱥᱠᱟᱹ ᱠᱚ ᱟᱹᱤᱠᱟᱹᱩ ᱠᱮᱫᱟ।
train_santalimale_03827	wavs/train_santalimale_03827.wav	ᱢᱮᱱᱮᱫᱼᱟ ᱨᱢᱮᱥ ᱫᱚ ᱩᱱᱤ ᱛᱟᱹᱨᱩᱵᱼᱟ ᱧᱮᱞᱛᱮ ᱡᱚᱢ ᱟᱹᱪᱩᱜᱼᱟ ᱞᱮᱠᱟᱭ ᱟᱹᱤᱠᱟᱹᱣᱮᱫᱟ ᱟᱨ ᱵᱚᱛᱚᱨᱚ-ᱥᱟᱛᱟᱞᱟᱜᱼᱟ ᱢᱚᱱᱮ ᱡᱤᱣᱤ ᱫᱚ ᱞᱩᱯᱩᱡᱼᱟ-ᱞᱩᱯᱩᱡᱼᱟ ᱛᱷᱟᱨᱚ-ᱛᱷᱟᱨᱟᱣ ᱛᱷᱟᱠᱟᱣᱟᱠᱟᱱᱟᱭ।
train_santalimale_03828	wavs/train_santalimale_03828.wav	ᱤᱧ ᱫᱚ ᱫᱟᱫᱟᱧ ᱡᱤᱣᱟᱹᱫᱮᱭᱟ, ᱨᱟᱹᱢᱠᱟᱹᱭ ᱢᱮᱱ ᱜᱚᱫᱼᱟ ᱠᱮᱫᱟ।
train_santalimale_03829	wavs/train_santalimale_03829.wav	ᱱᱤᱭᱟᱹ ᱠᱟᱛᱷᱟ ᱟᱧᱡᱚᱢ ᱛᱮ ᱨᱢᱮᱥ ᱟᱨᱛᱮᱫᱼᱟ ᱜᱮᱭ ᱛᱷᱟᱨᱚ-ᱛᱷᱟᱨᱟᱣ ᱛᱷᱟᱠᱟᱣᱟᱠᱟᱱᱟ।
train_santalimale_03830	wavs/train_santalimale_03830.wav	ᱥᱚᱪᱟᱣ ᱠᱮᱫᱟᱭ ᱱᱩᱠᱩ ᱫᱚ ᱵᱟᱝ ᱜᱮ ᱠᱚ ᱵᱟᱛᱟᱣ, ᱡᱤᱣᱟᱹᱫᱮᱜᱮᱭᱟ ᱠᱚ ᱟᱨ ᱮ ᱡᱤᱣᱟᱹᱫᱼᱟ ᱞᱮᱱ ᱠᱷᱟᱱ ᱠᱷᱟᱹᱴᱤ ᱜᱤᱮ ᱠᱚᱴᱚᱜᱼᱟ ᱜᱚᱞ ᱠᱟᱞᱮᱭᱟ।
train_santalimale_03831	wavs/train_santalimale_03831.wav	ᱵᱟᱭ ᱡᱤᱣᱤᱭᱟᱫᱟ ᱨᱚᱲ ᱜᱚᱫᱼᱟ ᱠᱮᱫᱟᱭ, ᱟᱞᱚ-ᱫᱟᱫᱟ-ᱟᱞᱚ ᱟᱞᱚᱢ ᱡᱤᱣᱟᱹᱫᱮᱭᱟ, ᱵᱟᱝ ᱠᱷᱟᱱ ᱡᱚᱢ ᱵᱚᱱᱟ ᱛᱟᱹᱨᱩᱵᱼᱟ ᱫᱚᱠᱚ ᱡᱚᱡᱚᱢ ᱜᱮᱭᱟ।
train_santalimale_03832	wavs/train_santalimale_03832.wav	ᱱᱤᱭᱟᱹ ᱠᱟᱛᱷᱟ ᱨᱚᱲ ᱥᱟᱸᱣ ᱛᱮ ᱩᱱᱚᱠᱩ ᱯᱮᱱᱮ ᱫᱚ ᱟᱹᱰᱤ ᱟᱸᱴ ᱠᱚ ᱨᱩᱦᱮᱫᱼᱟ ᱠᱮᱫᱮᱭᱟ ᱟᱨ ᱦᱚᱨᱚ ᱞᱮᱠᱟ ᱛᱷᱤᱨ ᱠᱚᱜᱼᱟ ᱠᱚ ᱢᱮᱛᱟ ᱫᱮᱭᱟ।
train_santalimale_03833	wavs/train_santalimale_03833.wav	ᱛᱚᱵᱮ ᱫᱟᱫᱟ ᱵᱟᱯᱮ ᱵᱟᱛᱟᱣᱟ ᱡᱤᱣᱟᱹᱫᱮᱜᱮᱭᱟᱯᱮ ᱦᱟᱹᱯᱟᱹᱭ ᱛᱚᱵᱮ ᱫᱟᱨᱮ ᱨᱮ ᱫᱮᱡᱼᱟ ᱟᱪᱚ ᱣᱟᱹᱧ ᱯᱮ ᱛᱚᱵᱮ ᱡᱤᱣᱟᱹᱫᱮᱯᱮ।
train_santalimale_03834	wavs/train_santalimale_03834.wav	ᱤᱱᱟᱹᱜᱼᱟ ᱠᱷᱟᱱ ᱜᱮ ᱨᱟᱹᱢᱠᱟᱹ ᱫᱚ ᱵᱟᱰᱟᱠᱚ-ᱵᱩᱰᱩᱜᱼᱟ ᱮ ᱮᱦᱚᱵᱼᱟ ᱮᱱᱟ।
train_santalimale_03835	wavs/train_santalimale_03835.wav	ᱠᱷᱟᱱ ᱜᱮ ᱩᱱᱤ ᱛᱟᱹᱨᱩᱵᱼᱟ ᱢᱟᱭ ᱡᱤᱣᱤᱭᱟᱱ ᱟᱨ ᱡᱤᱣᱟᱹᱫᱼᱟ ᱥᱟᱸᱣᱛᱮ ᱵᱚᱛᱚᱨ ᱜᱮᱭ ᱦᱩᱬᱰᱨᱟᱹᱩ ᱠᱮᱫᱟ ᱟᱨ ᱞᱟᱹᱴᱩ-ᱞᱟᱹᱴᱩ ᱰᱟᱴᱟ ᱤᱫᱨᱤ ᱜᱮᱭ ᱪᱟᱦᱟᱵᱼᱟ ᱠᱮᱫᱼᱟ।
train_santalimale_03836	wavs/train_santalimale_03836.wav	ᱵᱚᱛᱚᱨ ᱛᱮ ᱠᱟᱴᱟ ᱠᱷᱤᱸᱰᱭᱟᱹ-ᱯᱟᱴᱮᱫᱼᱟ ᱮᱱ ᱛᱟᱠᱚᱟ ᱦᱟᱹᱲᱟᱜᱼᱟ ᱵᱷᱤᱸᱫᱟᱹᱲᱮᱹᱱᱟ ᱠᱚ, ᱢᱟᱨᱟᱝ ᱞᱟᱹᱴᱩ-ᱞᱟᱹᱴᱩ ᱨᱟᱠᱚᱥ ᱦᱟᱵᱟᱫᱼᱟ ᱢᱮᱱᱛᱮᱭ ᱠᱷᱟᱢᱪᱟᱣ ᱠᱮᱫᱼᱟ ᱠᱚᱟ।
train_santalimale_03837	wavs/train_santalimale_03837.wav	ᱞᱟᱦᱟ ᱨᱮ ᱫᱚ ᱢᱟᱭᱟᱢᱮ ᱧᱩᱸ ᱠᱮᱫᱼᱟ ᱛᱟᱠᱚᱟ ᱟᱨ ᱤᱱᱟᱹ ᱵᱟᱫ ᱫᱚ ᱨᱟᱴᱠᱚᱵᱼᱟ-ᱨᱟᱴᱠᱚᱵᱼᱟ ᱡᱟᱸᱝᱚ-ᱧᱮᱞ ᱡᱚᱛᱚ ᱠᱩᱲᱚᱭᱩᱫᱼᱟ ᱪᱟᱵᱟ ᱠᱟᱛᱮᱫᱼᱟ ᱡᱚᱢ ᱵᱤᱭᱮᱱ ᱠᱷᱟᱱ ᱰᱷᱮᱠᱟᱨᱟᱛᱮ ᱵᱟᱹᱭᱚ-ᱵᱟᱹᱭ ᱛᱮ ᱨᱩᱜᱩᱢᱚ-ᱨᱩᱜᱩᱢ ᱜᱟᱡᱟᱲ ᱥᱮᱡᱼᱟ ᱡᱤᱨᱟᱹᱣᱚᱜᱼᱟ ᱮ ᱢᱚᱦᱚᱬᱰᱟᱭᱮᱱᱟ।
train_santalimale_03838	wavs/train_santalimale_03838.wav	ᱜᱟᱡᱟᱲ ᱞᱟᱛᱟᱨ ᱡᱷᱩᱸᱲ ᱨᱮ ᱪᱟᱞᱟᱣ ᱠᱟᱛᱮᱫᱼᱟ ᱵᱩᱨᱩᱢ ᱦᱟᱯᱮ ᱮᱱᱟᱭ।
train_santalimale_03839	wavs/train_santalimale_03839.wav	ᱩᱱᱤ ᱡᱚᱢᱵᱤ ᱛᱟᱹᱨᱩᱵᱼᱟ ᱧᱮᱞᱛᱮ ᱨᱢᱮᱥ ᱫᱚ ᱵᱟᱹᱤ-ᱵᱟᱹᱤ ᱫᱟᱨᱮ ᱠᱷᱚᱱᱮ ᱯᱷᱮᱰ ᱮᱱᱟ ᱟᱨ ᱦᱤᱰᱤᱨᱚ-ᱦᱤᱰᱤᱨ ᱢᱮᱫᱼᱟᱫᱟᱜᱼᱟ ᱡᱚᱫᱼᱟ-ᱡᱚᱫᱼᱟ ᱛᱮ ᱚᱲᱟᱜᱼᱟ ᱛᱮ ᱥᱩᱰᱩᱪᱩ ᱦᱚᱨ ᱥᱟᱵᱼᱟ ᱠᱟᱛᱮᱫᱼᱟ ᱮ ᱢᱚᱦᱚᱬᱰᱟ ᱦᱮᱡᱼᱟ ᱮᱱᱟ।
train_santalimale_03840	wavs/train_santalimale_03840.wav	ᱚᱱᱟ ᱛᱮ ᱠᱚ ᱢᱮᱱᱟ ᱟᱹᱠᱤᱞ ᱨᱮ ᱜᱮ ᱫᱟᱲᱮᱹ ᱫᱚ ᱢᱮᱱᱟᱜᱼᱟᱟ।
train_santalimale_03841	wavs/train_santalimale_03841.wav	ᱠᱟᱛᱷᱟ ᱨᱮᱠᱚ ᱢᱮᱱᱟ, ᱵᱟᱝᱢᱟ, ᱡᱟᱸᱦᱟᱸ ᱛᱤᱱᱟᱹᱜᱼᱟ ᱜᱮ ᱫᱤᱥᱚᱢ ᱫᱟᱲᱟᱹᱱ ᱢᱮ ᱥᱮ ᱢᱤᱫᱼᱟ ᱵᱤᱛᱟᱹ ᱞᱟᱡᱼᱟ ᱞᱟᱹᱜᱤᱫᱼᱟ ᱪᱤᱨᱜᱟᱹᱞ ᱛᱮ ᱠᱟᱹᱢᱤ ᱡᱚᱝ ᱢᱮ।
train_santalimale_03842	wavs/train_santalimale_03842.wav	ᱢᱮᱱᱠᱷᱟᱱ ᱠᱩᱞᱦᱤ-ᱫᱷᱩᱲᱤ ᱨᱮᱭᱟᱜᱼᱟ ᱢᱟᱱ ᱫᱚ ᱚᱦᱚᱢ ᱦᱤᱲᱤᱧ ᱫᱟᱲᱮᱹ ᱠᱮᱭᱟ।
train_santalimale_03843	wavs/train_santalimale_03843.wav	ᱱᱚᱟ ᱡᱤᱭᱚᱱ ᱯᱩᱨᱤ ᱨᱮ ᱛᱤᱱᱟᱹᱜᱼᱟ ᱫᱤᱱᱮᱢ ᱛᱟᱸᱦᱮᱸᱱᱟ, ᱩᱱᱟᱹᱜᱼᱟ ᱫᱤᱱ ᱦᱟᱹᱵᱤᱡᱼᱟ ᱜᱮ ᱠᱩᱞᱦᱤ-ᱫᱷᱩᱲᱤ ᱨᱮᱭᱟᱜᱼᱟ ᱢᱟᱭᱟ-ᱵᱟᱹᱛᱤ ᱫᱚ ᱰᱤᱜᱚ-ᱰᱤᱜ ᱡᱩᱞᱩᱜᱼᱟ ᱛᱮᱜᱮ ᱛᱟᱸᱦᱮᱸᱱᱟ।
train_santalimale_03844	wavs/train_santalimale_03844.wav	ᱢᱤᱫᱼᱟ ᱢᱚᱱᱮ ᱛᱮ ᱛᱤᱱ ᱨᱮ ᱱᱚᱟ ᱠᱩᱞᱦᱤ-ᱫᱷᱩᱲᱤ ᱨᱮᱭᱟᱜᱼᱟ ᱢᱟᱭᱟ-ᱵᱟᱹᱛᱤ ᱫᱚ ᱰᱤᱜᱚ-ᱰᱤᱜ ᱡᱩᱞᱩᱜᱼᱟ ᱛᱮᱜᱮ ᱛᱟᱸᱦᱮᱸᱱᱟ।
train_santalimale_03845	wavs/train_santalimale_03845.wav	ᱢᱤᱫᱼᱟ ᱢᱚᱱᱮ ᱛᱮ ᱛᱤᱱ ᱨᱮ ᱱᱚᱟ ᱠᱩᱞᱦᱤ-ᱫᱷᱩᱲᱤ ᱨᱮᱭᱟᱜᱼᱟ ᱡᱤᱭᱟᱹᱲ ᱫᱤᱱ ᱫᱤᱥᱟᱹ ᱟᱹᱪᱩᱨᱚᱜᱼᱟᱟ, ᱩᱱ ᱡᱚᱠᱷᱟᱱ ᱜᱮ ᱵᱩᱨᱥᱤ ᱥᱮᱸᱜᱮᱞ ᱞᱮᱠᱟ ᱡᱤᱣᱤ ᱫᱚ ᱞᱚᱜᱼᱟᱟ ᱟᱨ ᱢᱚᱱᱮ-ᱢᱚᱱᱮ ᱛᱮᱜᱮ ᱢᱮᱫᱼᱟ-ᱫᱟᱜᱼᱟ ᱫᱚ ᱡᱚᱨᱚᱠᱚᱟ।
train_santalimale_03846	wavs/train_santalimale_03846.wav	ᱫᱮᱣᱚᱜᱷᱚᱨ ᱠᱷᱚᱱ ᱜᱚᱰᱰᱟ ᱪᱟᱞᱟᱜᱼᱟ ᱡᱚᱠᱷᱟᱱ ᱦᱚᱸᱥᱰᱤᱦᱟᱹ ᱛᱟᱭᱚᱢ ᱨᱮ ᱠᱷᱚᱱᱟᱜᱼᱟ ᱯᱟᱹᱪᱷᱤᱢ ᱱᱟᱠᱷᱟ ᱥᱮᱡᱼᱟ ᱠᱚᱭᱚᱜᱼᱟ ᱜᱚᱫᱼᱟ ᱞᱮᱠᱷᱟᱱ ᱢᱤᱫᱼᱟ ᱴᱮᱡᱼᱟ ᱵᱩᱨᱩ ᱧᱮᱞ ᱧᱟᱢᱚᱜᱼᱟᱟ।
train_santalimale_03847	wavs/train_santalimale_03847.wav	ᱚᱱᱟ ᱫᱚ ᱥᱟᱞᱜᱟ ᱵᱩᱨᱩ ᱠᱚ ᱢᱮᱛᱟᱜᱼᱟᱟ।
train_santalimale_03848	wavs/train_santalimale_03848.wav	ᱚᱱᱟ ᱵᱩᱨᱩ ᱨᱮ ᱫᱚ ᱟᱹᱰᱤ ᱠᱚᱢ ᱫᱟᱨᱮ ᱢᱮᱱᱟᱜᱼᱟᱟ।
train_santalimale_03849	wavs/train_santalimale_03849.wav	ᱚᱱᱟ ᱨᱮ ᱫᱚ ᱞᱟᱹᱴᱩ-ᱞᱟᱹᱴᱩ ᱫᱷᱤᱨᱤ ᱜᱮ ᱰᱷᱮᱨ ᱫᱚ ᱢᱮᱱᱟᱜᱼᱟᱟ ᱟᱨ ᱚᱱᱟ ᱫᱟᱱᱫᱮᱨ ᱵᱮᱲᱦᱟᱭ ᱛᱮ ᱫᱚ ᱮᱠᱮᱱ ᱦᱟᱹᱸᱰᱩ ᱢᱮᱱᱟᱜᱼᱟ ᱠᱚᱟ।
train_santalimale_03850	wavs/train_santalimale_03850.wav	ᱚᱱᱟᱛᱮ ᱚᱱᱟ ᱫᱚ ᱦᱟᱹᱸᱰᱩ ᱵᱩᱨᱩ ᱦᱚᱸ ᱠᱚ ᱢᱮᱛᱟᱜᱼᱟᱟ।
train_santalimale_03851	wavs/train_santalimale_03851.wav	ᱚᱱᱟ ᱵᱩᱨᱩ ᱠᱷᱚᱱ ᱩᱛᱟᱹᱨᱚ-ᱯᱩᱨᱩᱵ ᱥᱮᱡᱼᱟ ᱵᱮᱸᱜᱮᱫᱼᱟ ᱜᱚᱫᱼᱟ ᱞᱮᱠᱷᱟᱱ ᱢᱤᱫᱼᱟ ᱴᱮᱡᱼᱟ ᱟᱛᱚ ᱧᱮᱞ ᱧᱟᱢᱚᱜᱼᱟᱟ।
train_santalimale_03852	wavs/train_santalimale_03852.wav	ᱚᱱᱟ ᱫᱚ ᱛᱟᱢᱵᱟᱡᱚᱲ ᱟᱛᱚ ᱠᱚ ᱢᱮᱛᱟᱜᱼᱟᱟ।
train_santalimale_03853	wavs/train_santalimale_03853.wav	ᱚᱱᱟ ᱛᱟᱢᱵᱟᱡᱚᱲ ᱟᱛᱚ ᱨᱮ ᱫᱚ ᱮᱠᱮᱱ ᱦᱚᱲᱚ-ᱦᱚᱯᱚᱱ ᱜᱮ ᱢᱮᱱᱟᱜᱼᱟᱠᱚᱟ।
train_santalimale_03854	wavs/train_santalimale_03854.wav	ᱚᱱᱟ ᱟᱛᱚ ᱨᱮᱭᱟᱜᱼᱟ ᱠᱩᱞᱦᱤ ᱫᱚ ᱫᱟᱹᱠᱷᱤᱱ ᱟᱨ ᱯᱩᱨᱩᱵᱚ-ᱯᱟᱹᱪᱷᱤᱢ ᱥᱮᱡᱼᱟ ᱛᱮ ᱢᱮᱱᱟᱜᱼᱟᱟ।
train_santalimale_03855	wavs/train_santalimale_03855.wav	ᱚᱱᱟ ᱟᱛᱚ ᱫᱚ ᱩᱞ, ᱢᱟᱛᱠᱚᱢ, ᱛᱟᱞᱮ, ᱠᱷᱤᱡᱩᱨ, ᱢᱟᱫᱼᱟ, ᱥᱟᱨᱡᱚᱢ ᱟᱨ ᱥᱤᱧᱡᱚᱸ ᱫᱟᱨᱮ ᱛᱮ ᱮᱥᱮᱫᱼᱟ ᱟᱠᱟᱱᱟ।
train_santalimale_03856	wavs/train_santalimale_03856.wav	ᱫᱟᱲᱟᱹᱱᱠᱟᱱ ᱫᱤᱥᱚᱢ ᱯᱮᱲᱟᱹ ᱫᱚ ᱚᱱᱟ ᱟᱛᱚ ᱧᱮᱞ ᱛᱮᱜᱮ ᱠᱚ ᱵᱩᱡᱦᱟᱹᱩ ᱜᱚᱫᱟ ᱵᱟᱝᱢᱟ ᱚᱱᱟ ᱫᱚ ᱦᱚᱲ ᱟᱛᱚ ᱠᱟᱱ ᱜᱮᱭᱟ।
train_santalimale_03857	wavs/train_santalimale_03857.wav	ᱚᱱᱟ ᱟᱛᱚ ᱠᱷᱚᱱ ᱯᱟᱹᱪᱷᱤᱢ ᱯᱟᱦᱴᱟ ᱨᱮ ᱫᱚ ᱢᱤᱫᱼᱟ ᱴᱮᱡᱼᱟ ᱜᱟᱰᱟ ᱢᱮᱱᱟᱜᱼᱟᱟ।
train_santalimale_03858	wavs/train_santalimale_03858.wav	ᱚᱱᱟ ᱫᱚ ᱛᱟᱢᱵᱟᱡᱚᱲ ᱜᱟᱰᱟᱠᱚ ᱢᱮᱛᱟᱜᱼᱟᱟ।
train_santalimale_03859	wavs/train_santalimale_03859.wav	ᱚᱱᱟ ᱟᱛᱚ ᱵᱮᱲᱦᱟᱭ ᱛᱮ ᱫᱚ ᱵᱟᱹᱫᱚ-ᱵᱟᱹᱤᱦᱟᱹᱰ ᱟᱨ ᱥᱚᱲᱚ ᱯᱮᱨᱮᱡᱼᱟ ᱟᱠᱟᱱᱟ।
train_santalimale_03860	wavs/train_santalimale_03860.wav	ᱟᱛᱚ ᱨᱮᱭᱟᱜᱼᱟ ᱫᱟᱹᱠᱷᱤᱱ ᱠᱩᱞᱦᱤ ᱢᱩᱪᱟᱹᱫᱼᱟ ᱨᱮ ᱢᱤᱫᱼᱟ ᱴᱮᱡᱼᱟ ᱟᱹᱠᱤᱞ ᱚᱲᱟᱜᱼᱟ ᱢᱮᱱᱟᱜᱼᱟᱟ।
train_santalimale_03861	wavs/train_santalimale_03861.wav	ᱚᱱᱟ ᱟᱹᱠᱤᱞ ᱚᱲᱟᱜᱼᱟ ᱥᱚᱨ ᱨᱮᱜᱮ ᱡᱚᱡᱚ ᱫᱟᱨᱮ ᱞᱟᱛᱟᱨ ᱨᱮ ᱤᱱᱫᱟᱹᱨᱟ ᱠᱩᱧ ᱢᱮᱱᱟᱜᱼᱟᱟ।
train_santalimale_03862	wavs/train_santalimale_03862.wav	ᱦᱚᱨ ᱛᱮ ᱯᱟᱨᱚᱢᱚᱜᱼᱟ ᱦᱚᱲ ᱫᱚ ᱚᱬᱰᱮ ᱜᱮ ᱫᱟᱜᱼᱟ ᱧᱩᱸ ᱠᱟᱛᱮ ᱠᱚ ᱡᱤᱨᱟᱹᱩ ᱧᱚᱜᱚᱜᱼᱟᱟ।
train_santalimale_03863	wavs/train_santalimale_03863.wav	ᱚᱱᱟ ᱟᱛᱚ ᱨᱮ ᱫᱚ ᱫᱟᱜᱼᱟ ᱨᱮᱭᱟᱜᱼᱟ ᱡᱟᱸᱦᱟᱱ ᱠᱚᱥᱴᱚ ᱜᱮ ᱵᱟᱹᱱᱩᱜᱼᱟᱟ, ᱪᱮᱫᱟᱜᱼᱟ ᱡᱮ ᱚᱲᱟᱜᱼᱟ ᱯᱤᱪᱷᱟ ᱴᱮᱱᱟ ᱠᱩᱧ, ᱥᱚᱨ ᱨᱮ ᱜᱮ ᱡᱟᱦᱮᱨ ᱴᱷᱮᱱ ᱲᱟᱹᱰᱤ ᱟᱨ ᱲᱟᱹᱵᱨᱟᱹᱜᱼᱟ ᱞᱟᱹᱜᱤᱫᱼᱟ ᱟᱹᱠᱤᱞ ᱚᱲᱟᱹᱜᱼᱟ ᱠᱩᱲᱟᱢ ᱨᱮ ᱜᱟᱵᱞᱟ ᱡᱟᱹᱱᱩᱢ ᱫᱟᱨᱮ ᱛᱮ ᱫᱟᱱᱟᱝ ᱟᱠᱟᱱ ᱯᱩᱠᱷᱨᱤ ᱢᱮᱱᱟᱜᱼᱟᱟ।
train_santalimale_03864	wavs/train_santalimale_03864.wav	ᱚᱱᱟ ᱟᱛᱚ ᱨᱮ ᱫᱚ ᱯᱮᱭᱟ ᱠᱩᱞᱦᱤ ᱢᱮᱱᱟᱜᱼᱟᱟ।
train_santalimale_03865	wavs/train_santalimale_03865.wav	ᱟᱨ ᱛᱟᱞᱟ ᱠᱩᱞᱦᱤ ᱫᱚ ᱢᱟᱹᱸᱡᱷᱤ ᱠᱩᱞᱦᱤ ᱠᱟᱱᱟ ᱟᱨ ᱚᱱᱟ ᱫᱚ ᱟᱹᱰᱤ ᱨᱟᱹᱥᱤ ᱟᱛᱚ ᱠᱩᱞᱦᱤ ᱠᱟᱱᱟ।
train_santalimale_03866	wavs/train_santalimale_03866.wav	ᱫᱚᱝ, ᱞᱟᱜᱰᱮᱸ, ᱵᱟᱦᱟ, ᱥᱚᱦᱨᱟᱭ ᱵᱟᱝ ᱱᱤᱥᱩᱱᱚᱜᱼᱟᱟ।
train_santalimale_03867	wavs/train_santalimale_03867.wav	ᱚᱱᱟ ᱟᱛᱚ ᱨᱮᱭᱟᱜᱼᱟ ᱠᱩᱞᱦᱤ-ᱫᱷᱩᱲᱤ ᱨᱮ ᱡᱟᱸᱦᱟᱸᱭ ᱜᱮ ᱢᱤᱫᱼᱟ ᱫᱚᱢᱮ ᱥᱮᱱ ᱞᱮᱱᱠᱷᱟᱱ ᱚᱬᱰᱮᱱᱟᱜᱼᱟ ᱢᱟᱭᱟ ᱫᱚ ᱵᱟᱝ ᱦᱤᱲᱤᱧ ᱫᱟᱲᱮᱭᱟᱜᱼᱟᱟ।
train_santalimale_03868	wavs/train_santalimale_03868.wav	ᱚᱱᱟ ᱛᱟᱢᱵᱟᱡᱚᱲ ᱟᱛᱚ ᱨᱮ ᱜᱮ ᱵᱟᱦᱟ ᱢᱟᱹᱸᱭ ᱫᱚ ᱢᱟᱱᱫᱟᱨ ᱵᱩᱨᱩ ᱠᱷᱚᱱᱠᱚ ᱟᱹᱜᱩ ᱠᱮᱫᱮᱭᱟ।
train_santalimale_03869	wavs/train_santalimale_03869.wav	ᱦᱚᱞᱟ ᱢᱟᱦᱚᱱᱫᱮᱨ ᱜᱮ ᱩᱱᱤ ᱫᱚ ᱢᱤᱫᱼᱟ ᱜᱮᱞ ᱛᱩᱨᱩᱤ ᱥᱮᱨᱢᱟᱭ ᱞᱮᱵᱮᱫᱼᱟ ᱯᱟᱨᱚᱢ ᱠᱮᱫᱟ।
train_santalimale_03870	wavs/train_santalimale_03870.wav	ᱩᱱᱤ ᱫᱚ ᱮᱱᱮ ᱜᱮ ᱜᱩᱞᱟᱹᱧᱡ ᱵᱟᱦᱟ ᱞᱮᱠᱟᱭ ᱵᱷᱚᱴᱚᱜᱼᱟ ᱜᱚᱫᱼᱟ ᱟᱠᱟᱱ ᱛᱟᱸᱦᱮᱸᱠᱟᱱᱟ।
train_santalimale_03871	wavs/train_santalimale_03871.wav	ᱪᱟᱸᱫᱚ ᱵᱟᱵᱟ ᱫᱟᱭᱟ ᱛᱮ ᱩᱱᱤ ᱫᱚ ᱨᱩᱯ ᱦᱚᱸ ᱫᱤᱵᱤ ᱞᱮᱠᱟ ᱜᱮᱭ ᱧᱟᱢ ᱟᱠᱟᱫᱼᱟ ᱛᱟᱸᱦᱮᱸᱠᱟᱱᱟ।
train_santalimale_03872	wavs/train_santalimale_03872.wav	ᱩᱱᱤᱭᱟᱜᱼᱟ ᱩᱴᱤ-ᱩᱴᱤ ᱦᱚᱨᱚᱜᱼᱟ ᱛᱟᱸᱦᱮᱸᱠᱟᱱ ᱛᱟᱭᱟ।
train_santalimale_03873	wavs/train_santalimale_03873.wav	ᱥᱟᱹᱲᱤ ᱛᱮ ᱵᱟᱱᱫᱮ ᱠᱟᱛᱮ ᱠᱟᱥᱚ ᱫᱚ ᱵᱤᱫᱞᱟᱹᱭ- ᱵᱤᱫᱞᱟᱹᱭ ᱮ ᱠᱚᱞᱥᱟᱭᱮᱫᱼᱟ ᱛᱟᱸᱦᱮᱸᱠᱟᱱᱟ।
train_santalimale_03874	wavs/train_santalimale_03874.wav	ᱞᱤᱥᱟᱹᱭᱚ-ᱞᱚᱥᱚᱭᱮ ᱛᱟᱲᱟᱹᱢ ᱵᱟᱲᱟᱹᱭᱮᱫᱼᱟ ᱠᱟᱱ ᱛᱟᱸᱦᱮᱸᱠᱟᱱᱟ।
train_santalimale_03875	wavs/train_santalimale_03875.wav	ᱦᱚᱲᱢᱚ ᱫᱚ ᱞᱮᱜᱼᱟ ᱞᱮᱠᱟ ᱟᱨ ᱰᱟᱬᱰᱟ ᱫᱚ ᱪᱩᱢᱩᱠ ᱞᱮᱠᱟ ᱛᱟᱸᱦᱮᱸᱠᱟᱱ ᱛᱟᱭᱟ।
train_santalimale_03876	wavs/train_santalimale_03876.wav	ᱞᱟᱸᱫᱟᱭ ᱡᱚᱠᱷᱟᱱ ᱞᱩᱴᱤ ᱛᱟᱞᱟ ᱨᱮ ᱰᱟᱴᱟ ᱫᱚ ᱛᱚᱟ ᱵᱟᱦᱟ ᱞᱮᱠᱟ ᱧᱮᱞ ᱜᱚᱫᱚᱜᱼᱟ ᱠᱟᱱ ᱛᱟᱭ ᱛᱟᱸᱦᱮᱸᱠᱟᱱᱟ।
train_santalimale_03877	wavs/train_santalimale_03877.wav	ᱢᱩᱸ ᱫᱚ ᱢᱤᱨᱩ ᱴᱷᱚᱴᱟ ᱞᱮᱠᱟ ᱟᱹᱰᱤ ᱢᱚᱸᱡ ᱧᱮᱞᱚᱜᱼᱟ ᱠᱟᱱ ᱛᱟᱭ ᱛᱟᱸᱦᱮᱸᱠᱟᱱᱟ।
train_santalimale_03878	wavs/train_santalimale_03878.wav	ᱩᱱᱤᱭᱟᱜᱼᱟ ᱢᱩᱞᱩᱡᱼᱟ-ᱢᱩᱞᱩᱡᱼᱟ ᱞᱟᱸᱫᱟ ᱛᱮ ᱫᱚ ᱢᱩᱦᱱᱤ ᱜᱚᱫᱚᱜᱼᱟ ᱞᱮᱠᱟ ᱟᱹᱤᱠᱟᱹᱩᱜᱼᱟ ᱠᱟᱱ ᱛᱟᱸᱦᱮᱸᱠᱟᱱᱟ।
train_santalimale_03879	wavs/train_santalimale_03879.wav	ᱢᱩᱸ ᱨᱮᱭᱟᱜᱼᱟ ᱢᱟᱹᱠᱲᱤ ᱟᱨ ᱦᱚᱴᱚᱜᱼᱟ ᱨᱮᱭᱟᱜᱼᱟ ᱥᱤᱠᱲᱤᱢᱟᱞᱟ ᱧᱮᱞᱛᱮ ᱱᱚᱝᱠᱟ ᱜᱮᱢ ᱟᱹᱤᱠᱟᱹᱩ ᱜᱚᱫᱼᱟ ᱠᱮᱭᱟ ᱡᱮ ᱥᱮᱨᱢᱟ ᱨᱮᱱ ᱵᱚᱸᱜᱟ ᱢᱟᱹᱸᱭ ᱜᱮ ᱫᱷᱟᱹᱨᱛᱤ ᱨᱮᱭ ᱯᱷᱮᱰ ᱟᱠᱟᱱᱟ।
train_santalimale_03880	wavs/train_santalimale_03880.wav	ᱚᱞᱚ-ᱯᱟᱲᱦᱟᱣ, ᱚᱲᱟᱜᱼᱟ-ᱠᱟᱹᱢᱤ ᱟᱨ ᱯᱮᱲᱟ-ᱵᱮᱣᱦᱟᱨ ᱟᱹᱰᱤ ᱵᱮᱥᱮ ᱵᱟᱰᱟᱭ ᱠᱟᱱ ᱛᱟᱸᱦᱮᱸᱠᱟᱱᱟ।
train_santalimale_03881	wavs/train_santalimale_03881.wav	ᱚᱠᱟ ᱴᱟᱜᱼᱟ ᱨᱮ ᱜᱮ ᱫᱩᱥᱟᱹᱣᱮ ᱞᱮᱠᱟ ᱫᱚ ᱵᱟᱝ ᱛᱟᱸᱦᱮᱸᱠᱟᱱᱟ, ᱢᱮᱱᱠᱷᱟᱱ ᱪᱟᱸᱫᱚ ᱵᱟᱵᱟ ᱫᱚ ᱩᱱᱚᱠᱩ ᱫᱟᱱᱟ-ᱫᱩᱨᱤᱵ ᱛᱮ ᱫᱚ ᱵᱟᱲᱮ ᱠᱤᱥᱟᱹᱸᱲ ᱞᱮᱫᱼᱟ ᱠᱚᱟ।
train_santalimale_03882	wavs/train_santalimale_03882.wav	ᱵᱟᱦᱟ ᱢᱟᱹᱸᱭ ᱟᱨ ᱥᱚᱢ ᱫᱚ ᱢᱤᱫᱼᱟ ᱴᱚᱞᱟ ᱨᱮᱱ ᱠᱩᱰᱤ-ᱠᱚᱲᱟᱹ ᱜᱮ।
train_santalimale_03883	wavs/train_santalimale_03883.wav	ᱥᱚᱢ ᱫᱚ ᱢᱟᱹᱸᱡᱷᱤ ᱦᱟᱲᱟᱹᱢ ᱨᱮᱱ ᱜᱚᱲᱚᱢ ᱠᱚᱲᱟᱹ ᱜᱮᱭ ᱛᱟᱸᱦᱮᱸᱠᱟᱱᱟ।
train_santalimale_03884	wavs/train_santalimale_03884.wav	ᱚᱱᱟ ᱛᱮ ᱩᱱᱤ ᱫᱚ ᱡᱟᱸᱦᱟᱸᱱᱟᱜᱼᱟ ᱛᱮᱜᱮ ᱨᱮᱸᱜᱮᱡᱼᱟ ᱫᱚ ᱵᱟᱭ ᱛᱟᱸᱦᱮᱸᱠᱟᱱᱟ।
train_santalimale_03885	wavs/train_santalimale_03885.wav	ᱢᱟᱹᱸᱡᱷᱤ ᱦᱟᱲᱟᱹᱢ ᱫᱚ ᱟᱹᱰᱤ ᱵᱮᱥᱛᱮ ᱠᱚ ᱵᱟᱲᱟᱹᱭᱟᱠᱟᱫᱮ ᱛᱟᱸᱦᱮᱸᱠᱟᱱᱟ।
train_santalimale_03886	wavs/train_santalimale_03886.wav	ᱥᱚᱢ ᱛᱟᱠᱚ ᱚᱲᱚᱠᱚ-ᱫᱩᱣᱟᱹᱨ ᱥᱟᱢᱟᱝ ᱨᱮᱜᱮ ᱵᱟᱦᱟ ᱢᱟᱹᱸᱭ ᱛᱟᱠᱚᱣᱟᱜᱼᱟ ᱚᱲᱟᱜᱼᱟ ᱫᱚ।
train_santalimale_03887	wavs/train_santalimale_03887.wav	ᱵᱟᱦᱟ ᱢᱟᱹᱸᱭ ᱨᱮᱱ ᱜᱚ-ᱵᱟᱵᱟ ᱫᱚ ᱨᱮᱸᱜᱮᱡᱼᱟ ᱫᱚ ᱨᱮᱸᱜᱮᱡᱼᱟ ᱜᱮᱠᱤᱱ ᱛᱟᱸᱦᱮᱸᱠᱟᱱᱟ, ᱢᱮᱱᱠᱷᱟᱱ ᱰᱟᱴᱟ ᱢᱟᱹᱤᱞᱟᱹ ᱛᱚᱜᱚᱡᱼᱟ ᱠᱟᱛᱮ ᱠᱤᱱ ᱯᱟᱲᱦᱟᱣ ᱚᱪᱚᱭᱮᱫᱮ ᱠᱟᱱ ᱛᱟᱸᱦᱮᱸᱠᱟᱱᱟ।
train_santalimale_03888	wavs/train_santalimale_03888.wav	ᱵᱟᱦᱟ ᱢᱟᱹᱸᱭ ᱟᱨ ᱥᱚᱢ ᱫᱚ ᱮᱛᱚᱦᱚᱵᱼᱟ ᱨᱮ ᱫᱚ ᱠᱩᱞᱦᱤ-ᱫᱷᱩᱲᱤ ᱨᱮᱜᱮ ᱠᱤᱱ ᱮᱱᱮᱡᱼᱟ ᱧᱟᱯᱟᱢᱮᱱᱟ।
train_santalimale_03889	wavs/train_santalimale_03889.wav	ᱚᱱᱟ ᱛᱟᱭᱚᱢ ᱫᱚ ᱡᱚᱡᱚ ᱵᱩᱴᱟᱹ ᱟᱹᱠᱤᱞ ᱚᱲᱟᱜᱼᱟ ᱛᱮ ᱠᱤᱱ ᱪᱟᱞᱟᱣᱮᱱᱟ।
train_santalimale_03890	wavs/train_santalimale_03890.wav	ᱞᱟᱦᱟ-ᱞᱟᱦᱟ ᱫᱚ ᱡᱚᱛᱚ ᱦᱚᱲ ᱠᱚ ᱢᱮᱱ ᱠᱮᱫᱟ ᱡᱮ ᱜᱤᱫᱨᱟᱹ ᱠᱟᱱᱟ ᱠᱤᱱ।
train_santalimale_03891	wavs/train_santalimale_03891.wav	ᱥᱚᱨᱚ-ᱥᱚᱨ ᱚᱲᱟᱜᱼᱟ ᱨᱮᱱ ᱢᱤᱫᱼᱟ ᱛᱮᱜᱮ ᱯᱟᱲᱦᱟᱜᱼᱟ ᱠᱤᱱ ᱪᱟᱞᱟᱣ ᱚᱪᱚᱟ।
train_santalimale_03892	wavs/train_santalimale_03892.wav	ᱟᱛᱚ ᱨᱮᱭᱟᱜᱼᱟ ᱟᱹᱠᱤᱞ ᱚᱲᱟᱜᱼᱟ ᱠᱷᱚᱱ ᱯᱟᱲᱦᱟᱣ ᱚᱲᱚᱝ ᱠᱟᱛᱮ ᱯᱮ ᱠᱤᱞᱚᱢᱤᱴᱚᱨ ᱥᱟᱹᱸᱜᱤᱧ ᱯᱚᱲᱮᱭᱭᱟ ᱨᱮᱭᱟᱜᱼᱟ ᱥᱮᱸᱲᱟ ᱟᱹᱠᱤᱞ ᱚᱲᱟᱹᱜᱼᱟ ᱨᱮ ᱠᱤᱱ ᱵᱷᱟᱹᱨᱛᱤᱭᱮᱱᱟ।
train_santalimale_03893	wavs/train_santalimale_03893.wav	ᱫᱤᱱᱟᱹᱢ ᱦᱤᱞᱚᱜᱼᱟ ᱢᱤᱫᱼᱟ ᱛᱮ ᱦᱤᱡᱩᱜᱼᱟ ᱥᱮᱱᱚᱜᱼᱟ ᱟᱨ ᱢᱤᱫᱼᱟ ᱛᱟᱞᱟ ᱧᱟᱯᱟᱢ ᱛᱮ ᱵᱟᱱᱟᱨ ᱦᱚᱲᱟᱜᱼᱟ ᱢᱚᱱᱮ ᱫᱚ ᱞᱟᱲ ᱱᱟᱸᱰᱤ ᱵᱟᱱᱫᱚ ᱱᱟᱸᱰᱤ ᱞᱮᱠᱟ ᱛᱚᱞ ᱢᱤᱫᱼᱟ ᱮᱱᱟ।
train_santalimale_03894	wavs/train_santalimale_03894.wav	ᱢᱟᱜ ᱪᱟᱸᱫᱚ ᱨᱮᱭᱟᱜᱼᱟ ᱚᱛᱮ ᱢᱟᱸᱦᱟᱸ ᱛᱟᱸᱦᱮᱸᱠᱟᱱᱟ।
train_santalimale_03895	wavs/train_santalimale_03895.wav	ᱨᱟᱵᱟᱝ ᱛᱮ ᱦᱚᱲᱢᱚ ᱨᱮᱭᱟᱜᱼᱟ ᱡᱟᱝ ᱦᱚᱸ ᱞᱟᱲᱟᱹᱣ ᱜᱚᱫᱚᱜᱼᱟ ᱞᱮᱠᱟ ᱟᱹᱤᱠᱟᱹᱩᱜᱼᱟ ᱠᱟᱱ ᱛᱟᱸᱦᱮᱸᱠᱟᱱᱟ।
train_santalimale_03896	wavs/train_santalimale_03896.wav	ᱮᱱ ᱦᱤᱞᱚᱜᱼᱟ ᱫᱚ ᱵᱟᱱᱟ ᱦᱚᱲ ᱟᱹᱰᱤ ᱥᱮᱛᱟᱜᱼᱟ ᱨᱮᱠᱤᱱ ᱥᱟᱯᱲᱟᱹᱣ ᱜᱚᱫᱼᱟ ᱮᱱᱟ ᱟᱨ ᱢᱤᱫᱼᱟ ᱜᱷᱟᱹᱲᱤ ᱛᱟᱭᱚᱢ ᱵᱮᱨᱟ ᱨᱟᱠᱟᱵᱼᱟ ᱥᱟᱸᱣ ᱛᱮ ᱨᱤᱯᱤᱭᱟᱹᱩ ᱠᱟᱛᱮ ᱟᱹᱠᱤᱞ ᱚᱲᱟᱹᱜᱼᱟ ᱛᱮ ᱠᱤᱱ ᱪᱟᱞᱟᱣᱮᱱᱟ।
train_santalimale_03897	wavs/train_santalimale_03897.wav	ᱮᱱ ᱦᱤᱞᱚᱜᱼᱟ ᱫᱚ ᱵᱤᱲᱟᱹᱩ ᱨᱮᱭᱟᱜᱼᱟ ᱡᱚ ᱚᱲᱚᱠᱚᱠ ᱨᱮᱭᱟᱜᱼᱟ ᱛᱟᱸᱦᱮᱸᱠᱟᱱᱟ।
train_santalimale_03898	wavs/train_santalimale_03898.wav	ᱚᱱᱟ ᱛᱮ ᱵᱟᱱᱟ ᱦᱚᱲᱟᱜᱼᱟ ᱢᱚᱱᱮ ᱫᱚ ᱨᱟᱹᱥᱠᱟᱹ ᱛᱮ ᱪᱮᱦᱮᱞᱚ-ᱪᱮᱯᱮᱞᱚᱜᱼᱟ ᱠᱟᱱ ᱛᱟᱸᱦᱮᱸᱠᱟᱱᱟ
train_santalimale_03899	wavs/train_santalimale_03899.wav	ᱟᱹᱠᱤᱞ ᱚᱲᱟᱹᱜᱼᱟ ᱨᱮ ᱥᱮᱱ ᱠᱟᱛᱮ ᱠᱤᱱ ᱵᱟᱰᱟᱭ ᱠᱮᱫᱟ ᱵᱟᱝᱢᱟ ᱵᱟᱱᱟ ᱦᱚᱲ ᱜᱮ ᱵᱤᱲᱟᱹᱩ ᱨᱮ ᱟᱹᱰᱤ ᱵᱮᱥ ᱛᱮᱠᱤᱱ ᱯᱟᱥ ᱮᱱᱟ।
train_santalimale_03900	wavs/train_santalimale_03900.wav	ᱚᱱᱟ ᱛᱮ ᱩᱱᱚᱠᱤᱱ ᱫᱚ ᱟᱨ ᱦᱚᱸ ᱵᱟᱹᱲᱛᱤ ᱨᱟᱹᱥᱠᱟᱹ ᱠᱤᱱ ᱟᱹᱤᱠᱟᱹᱩ ᱠᱮᱫᱟ।
train_santalimale_03901	wavs/train_santalimale_03901.wav	ᱮᱱ ᱦᱤᱞᱚᱜᱼᱟ ᱩᱱᱚᱠᱤᱱᱟᱹᱜᱼᱟ ᱢᱚᱱᱮ ᱫᱚ ᱨᱟᱹᱥᱠᱟᱹ ᱛᱮ ᱥᱮᱨᱢᱟ ᱨᱮ ᱩᱲᱟᱹᱩ ᱨᱟᱠᱟᱵᱼᱟ ᱟᱠᱟᱱ ᱛᱟᱸᱦᱮᱸᱠᱟᱱᱟ।
train_santalimale_03902	wavs/train_santalimale_03902.wav	ᱮᱱ ᱦᱤᱞᱚᱜᱼᱟ ᱫᱚ ᱥᱮᱨᱢᱟ ᱵᱷᱚᱨ ᱨᱮᱭᱟᱜᱼᱟ ᱦᱟᱨᱠᱮᱛᱚ-ᱥᱟᱥᱮᱛ ᱠᱤᱱ ᱦᱤᱲᱤᱧ ᱜᱚᱫᱼᱟ ᱟᱠᱟᱫᱼᱟ ᱛᱟᱸᱦᱮᱸᱠᱟᱱᱟ।
train_santalimale_03903	wavs/train_santalimale_03903.wav	ᱟᱹᱠᱤᱞ ᱚᱲᱟᱜᱼᱟ ᱠᱷᱚᱱ ᱨᱩᱣᱟᱹᱲ ᱡᱚᱠᱷᱟᱱ ᱯᱚᱲᱮᱭᱭᱟ ᱪᱤᱨ ᱜᱟᱰᱟ ᱯᱟᱨᱚᱢ ᱠᱟᱛᱮ ᱵᱟᱦᱟ ᱢᱟᱹᱸᱭ ᱟᱨ ᱥᱚᱢ ᱫᱚ ᱯᱷᱩᱞᱣᱟᱹᱨ ᱠᱩᱞᱦᱤ ᱢᱩᱪᱟᱹᱫᱼᱟ ᱡᱷᱟᱹᱲᱯᱟᱹ ᱵᱟᱲᱮᱹ ᱞᱟᱛᱟᱨ ᱨᱮ ᱨᱮᱭᱟᱲ ᱨᱮ ᱠᱤᱱ ᱡᱤᱨᱟᱹᱩ ᱮᱱᱟ।
train_santalimale_03904	wavs/train_santalimale_03904.wav	ᱥᱤᱧ ᱵᱚᱸᱜᱟ ᱫᱚ ᱵᱚᱦᱚᱜᱼᱟ ᱪᱮᱛᱟᱱ ᱨᱮᱭ ᱛᱟᱸᱦᱮᱸᱠᱟᱱᱟ।
train_santalimale_03905	wavs/train_santalimale_03905.wav	ᱤᱱᱟᱹ ᱟᱰᱮ-ᱯᱟᱥᱮ ᱡᱟᱸᱦᱟᱸ ᱛᱤᱱᱟᱹᱜᱼᱟ ᱥᱟᱹᱸᱜᱤᱧ ᱜᱮ ᱢᱮᱫᱼᱟ ᱢᱟᱨᱥᱟᱞ ᱪᱟᱞᱟᱜᱼᱟ ᱠᱟᱱ ᱛᱟᱸᱦᱮᱸᱠᱟᱱ, ᱪᱮᱞᱮ ᱜᱮ ᱵᱟᱝᱠᱚ ᱧᱮᱞ ᱧᱟᱢᱚᱜᱼᱟ ᱠᱟᱱ ᱛᱟᱸᱦᱮᱸᱠᱟᱱᱟ।
train_santalimale_03906	wavs/train_santalimale_03906.wav	ᱚᱱᱟ ᱡᱷᱟᱹᱲᱯᱟᱹ ᱵᱟᱲᱮᱹ ᱞᱟᱛᱟᱨ ᱨᱮᱭᱟᱜᱼᱟ ᱩᱢᱩᱞ ᱨᱮ ᱫᱤᱱᱟᱹᱢ ᱦᱤᱞᱚᱜᱼᱟ ᱞᱮᱠᱟ ᱜᱮ ᱥᱟᱢᱱᱟ-ᱥᱟᱹᱢᱱᱤ ᱫᱩᱰᱩᱵᱼᱟ ᱧᱟᱯᱟᱢ ᱠᱟᱛᱮ ᱠᱤᱱ ᱜᱟᱞᱢᱟᱨᱟᱣ ᱠᱟᱱ ᱛᱟᱸᱦᱮᱸᱠᱟᱱᱟ।
train_santalimale_03907	wavs/train_santalimale_03907.wav	ᱥᱚᱢ ᱫᱚ ᱵᱟᱦᱟᱣᱟᱜᱼᱟ ᱢᱮᱛᱦᱟᱸ ᱵᱮᱸᱜᱮᱫᱼᱟ ᱠᱟᱛᱮᱭ ᱨᱚᱲ ᱠᱮᱫᱟ, ᱮ ᱵᱟᱦᱟ, ᱪᱮᱫᱟᱜᱼᱟ ᱛᱮᱦᱮᱧ ᱫᱚ ᱥᱮᱛᱟᱜᱼᱟ ᱠᱷᱚᱱ ᱜᱮ ᱟᱹᱰᱤ ᱢᱩᱥᱠᱤᱞᱤᱧ ᱧᱮᱞᱮᱫᱼᱟ ᱢᱮᱭᱟ?
train_santalimale_03908	wavs/train_santalimale_03908.wav	ᱟᱢᱟᱜᱼᱟ ᱠᱤᱞᱟᱥ ᱨᱮ ᱵᱷᱟᱜᱮ ᱞᱮᱠᱷᱟ ᱛᱮᱢ ᱫᱟᱲᱮᱹᱭᱮᱱ ᱨᱮ ᱦᱚᱸ ᱨᱟᱹᱥᱠᱟᱹ ᱫᱚ ᱵᱟᱢ ᱟᱹᱤᱠᱟᱹᱩ ᱮᱫᱟ?
train_santalimale_03909	wavs/train_santalimale_03909.wav	ᱟᱢ ᱫᱚ ᱛᱤᱥ ᱦᱚᱸ ᱟᱞᱚᱢ ᱵᱟᱹᱜᱤ-ᱣᱟᱹᱧᱟᱹ ᱟᱨ ᱵᱟᱝ ᱠᱷᱟᱱ ᱫᱚᱧ ᱵᱟᱹᱲᱤᱡᱼᱟ ᱩᱛᱟᱹᱨᱚᱜᱼᱟᱟ।
train_santalimale_03910	wavs/train_santalimale_03910.wav	ᱥᱚᱢ ᱫᱚ ᱵᱟᱦᱟ ᱢᱟᱹᱸᱭ ᱴᱷᱮᱱᱮ ᱥᱚᱨ ᱧᱚᱜᱼᱟ ᱮᱱᱟ ᱟᱨ ᱠᱮᱣᱟ ᱥᱟᱵᱼᱟ ᱠᱟᱛᱮ, ᱨᱩᱠᱩ ᱧᱟᱹᱜᱼᱟ ᱠᱟᱛᱮ ᱟᱹᱰᱤ ᱢᱚᱸᱡ ᱟᱲᱟᱝ ᱛᱮᱭ ᱢᱮᱱ ᱠᱮᱫᱟ, ᱫᱩᱞᱟᱹᱲᱤᱭᱟᱹ ᱵᱟᱦᱟ, ᱪᱮᱫᱟᱜᱼᱟ ᱢᱚᱱᱮ ᱫᱚᱢ ᱠᱷᱟᱴᱚᱭᱮᱫᱟ?
train_santalimale_03911	wavs/train_santalimale_03911.wav	ᱤᱧ ᱢᱤᱱᱟᱹᱧ ᱜᱮ ᱪᱚ ᱟᱢ ᱨᱮᱱ ᱛᱤᱨᱮ-ᱡᱩᱜᱮ ᱡᱩᱨᱤ ᱜᱟᱛᱮ।
train_santalimale_03912	wavs/train_santalimale_03912.wav	ᱱᱚᱟ ᱠᱟᱛᱷᱟ ᱢᱮᱱ ᱠᱟᱛᱮ ᱥᱚᱢ ᱫᱚ ᱵᱟᱦᱟ ᱢᱟᱸ ᱠᱚᱭᱚᱜᱼᱟ ᱛᱷᱤᱨ ᱠᱟᱛᱮᱭ ᱛᱟᱸᱦᱮᱸᱭᱮᱱᱟ।
train_santalimale_03913	wavs/train_santalimale_03913.wav	ᱵᱟᱦᱟ ᱢᱟᱹᱸᱭ ᱦᱚᱸ ᱥᱚᱢ ᱠᱚᱭᱚᱜᱼᱟ ᱛᱷᱤᱨ ᱠᱟᱛᱮᱭ ᱛᱟᱸᱦᱮᱸᱭᱮᱱᱟ।
train_santalimale_03914	wavs/train_santalimale_03914.wav	ᱢᱤᱫᱼᱟ ᱜᱷᱟᱹᱲᱤ ᱫᱚ ᱪᱮᱫᱼᱟ ᱦᱚᱸ ᱵᱟᱝᱚᱠᱤᱱ ᱨᱚᱲ ᱣᱟᱱᱟ।
train_santalimale_03915	wavs/train_santalimale_03915.wav	ᱢᱟ ᱱᱚᱟ ᱡᱷᱟᱢᱯᱟ ᱵᱟᱲᱮᱹ ᱡᱚᱴᱮᱫᱼᱟ ᱠᱟᱛᱮ ᱨᱚᱲᱢᱮ ᱡᱮ ᱨᱟᱹᱥᱠᱟᱹ ᱫᱟᱹᱨᱤᱭᱟᱹᱩ ᱨᱮ ᱵᱟᱢ ᱩᱱᱩᱢ ᱚᱪᱚᱣᱟᱹᱧ।
train_santalimale_03916	wavs/train_santalimale_03916.wav	ᱢᱟ ᱱᱚᱟ ᱡᱷᱟᱢᱯᱟ ᱵᱟᱲᱮᱹ ᱡᱚᱴᱮᱫᱼᱟ ᱠᱟᱛᱮᱧ ᱨᱚᱲᱮᱹᱫᱼᱟ ᱠᱟᱱᱟ ᱡᱮ ᱵᱟᱹᱧ ᱩᱱᱩᱢ ᱚᱪᱚᱣᱟᱢᱟ ᱚᱣᱟᱨ ᱛᱮ ᱦᱚᱸᱧ ᱚᱣᱟᱨ ᱢᱮᱭᱟ।
train_santalimale_03917	wavs/train_santalimale_03917.wav	ᱥᱚᱢᱟᱜᱼᱟ ᱠᱟᱛᱷᱟ ᱟᱧᱡᱚᱢ ᱠᱟᱛᱮ ᱵᱟᱦᱟ ᱢᱟᱹᱸᱭ ᱫᱚᱭ ᱢᱮᱱ ᱠᱮᱫᱟ, ᱞᱟᱦᱟ ᱨᱮᱧ ᱞᱟᱹᱤᱭᱟᱫᱼᱟ ᱢᱮᱭᱟ, ᱟᱞᱮ ᱫᱚ ᱟᱹᱰᱤ ᱨᱮᱸᱜᱮᱡᱼᱟ ᱦᱚᱲ ᱠᱟᱱᱟ ᱞᱮ।
train_santalimale_03918	wavs/train_santalimale_03918.wav	ᱚᱱᱟ ᱛᱮ ᱱᱤᱛᱚᱜᱼᱟ ᱵᱟᱝ ᱠᱚ ᱯᱟᱲᱦᱟᱣ ᱚᱪᱚ ᱫᱟᱲᱮᱹᱭᱟᱹᱧ।
train_santalimale_03919	wavs/train_santalimale_03919.wav	ᱟᱢ ᱛᱤᱱᱟᱹᱜᱼᱟ ᱦᱟᱹᱵᱤᱡᱼᱟ ᱯᱟᱲᱦᱟᱜᱼᱟ ᱮᱢ ᱢᱮᱱ ᱡᱚᱝ ᱠᱟᱱᱟ, ᱩᱱᱟᱹᱜᱼᱟ ᱦᱟᱹᱵᱤᱡᱼᱟ ᱤᱧ ᱦᱚᱸ ᱯᱟᱲᱦᱟᱣ ᱚᱪᱚ ᱠᱟᱛᱮ ᱚᱣᱟᱨᱤᱧ ᱢᱮ।
train_santalimale_03920	wavs/train_santalimale_03920.wav	ᱚᱱᱟ ᱛᱟᱭᱚᱢ ᱫᱚ ᱱᱚᱟ ᱦᱚᱲᱢᱚ ᱦᱚᱸᱧ ᱡᱤᱢᱟᱹ ᱩᱛᱟᱹᱨᱟᱢᱟ।
train_santalimale_03921	wavs/train_santalimale_03921.wav	ᱵᱟᱦᱟ ᱢᱟᱸᱭ, ᱤᱧ ᱛᱤᱱᱟᱹᱜᱼᱟ ᱦᱟᱹᱵᱤᱡᱼᱟ ᱤᱧ ᱯᱟᱲᱦᱟᱜᱼᱟᱟ, ᱩᱱᱟᱹᱜᱼᱟ ᱦᱟᱹᱵᱤᱡᱼᱟ ᱤᱧ ᱯᱟᱲᱦᱟᱣ ᱚᱪᱚ ᱢᱮᱭᱟ ᱟᱨ ᱚᱣᱟᱨ ᱛᱮ ᱦᱚᱸᱧ ᱚᱣᱟᱨ ᱢᱮ ᱜᱮᱭᱟ।
train_santalimale_03922	wavs/train_santalimale_03922.wav	ᱚᱱᱟ ᱛᱟᱭᱚᱢ ᱥᱚᱢ ᱫᱚ ᱵᱟᱦᱟ ᱢᱟᱹᱸᱭ ᱛᱤ ᱨᱮᱭ ᱥᱟᱵᱼᱟ ᱠᱮᱫᱮᱭᱟ ᱟᱨ ᱚᱲᱟᱹᱜᱼᱟ ᱛᱮ ᱠᱤᱱ ᱦᱮᱡᱼᱟ ᱮᱱᱟ।
train_santalimale_03923	wavs/train_santalimale_03923.wav	ᱩᱱᱚᱠᱤᱱ ᱵᱟᱱᱟ ᱦᱚᱲ ᱵᱤᱲᱟᱹᱩ ᱨᱮ ᱠᱤᱱ ᱯᱟᱥᱮᱱ ᱛᱮ ᱵᱟᱱᱟ ᱦᱚᱲ ᱚᱲᱟᱜᱼᱟ ᱨᱮᱱ ᱦᱚᱲ ᱫᱚ ᱟᱹᱰᱤ ᱠᱚ ᱨᱟᱹᱥᱠᱟᱹᱭᱮᱱᱟ।
train_santalimale_03924	wavs/train_santalimale_03924.wav	ᱵᱟᱱᱟ ᱦᱚᱲ ᱜᱮ ᱟᱹᱰᱤ ᱠᱚ ᱥᱟᱨᱦᱟᱣ ᱠᱮᱫᱼᱟ ᱠᱤᱱᱟᱹ।
train_santalimale_03925	wavs/train_santalimale_03925.wav	ᱥᱚᱢ ᱫᱚ ᱞᱟᱦᱟ ᱛᱮ ᱯᱟᱲᱦᱟᱜᱼᱟ ᱮ ᱮᱦᱚᱵᱼᱟ ᱮᱱᱟ।
train_santalimale_03926	wavs/train_santalimale_03926.wav	ᱟᱹᱭᱩᱵᱼᱟ ᱫᱚ ᱵᱟᱦᱟ ᱢᱟᱹᱸᱭ ᱯᱟᱲᱦᱟᱣᱮᱭ ᱮᱦᱚᱵᱼᱟ ᱮᱱᱟ।
train_santalimale_03927	wavs/train_santalimale_03927.wav	ᱟᱡᱼᱟ ᱟᱹᱠᱤᱞ ᱚᱲᱟᱹᱜᱼᱟ ᱨᱮ ᱪᱮᱫᱼᱟᱮ ᱪᱮᱫᱟ, ᱚᱱᱟ ᱜᱮ ᱩᱱᱤ ᱦᱚᱸ ᱚᱲᱟᱜᱼᱟ ᱨᱮ ᱟᱹᱭᱩᱵᱼᱟ ᱮ ᱞᱟᱹᱤᱭᱟᱭᱟ।
train_santalimale_03928	wavs/train_santalimale_03928.wav	ᱥᱚᱢ ᱫᱚ ᱢᱮᱭᱴᱨᱤᱠ ᱵᱤᱲᱟᱹᱩ ᱦᱚᱸ ᱟᱹᱰᱤ ᱵᱮᱥ ᱛᱮᱭ ᱯᱟᱥ ᱠᱮᱫᱟ।
train_santalimale_03929	wavs/train_santalimale_03929.wav	ᱩᱱᱤ ᱫᱚ ᱵᱟᱦᱟ ᱢᱟᱹᱸᱭ ᱦᱚᱸ ᱢᱮᱭᱴᱨᱤᱠ ᱵᱤᱲᱟᱹᱩ ᱯᱨᱟᱤᱣᱮᱴ ᱛᱮᱭ ᱯᱟᱥ ᱚᱪᱚ ᱠᱮᱫᱮᱭᱟ।
train_santalimale_03930	wavs/train_santalimale_03930.wav	ᱢᱮᱭᱴᱨᱤᱠ ᱯᱟᱥ ᱛᱟᱭᱚᱢ ᱥᱚᱢ ᱫᱚ ᱠᱚᱞᱮᱡ ᱨᱮ ᱧᱩᱛᱩᱢᱮ ᱚᱞ ᱚᱪᱚ ᱠᱮᱫᱼᱟ ᱛᱟᱭᱟ ᱟᱨ ᱠᱩᱨᱩᱢᱩᱴᱩ ᱛᱮ ᱯᱟᱲᱦᱟᱜᱼᱟ ᱮ ᱮᱦᱚᱵᱼᱟ ᱮᱱᱟ।
train_santalimale_03931	wavs/train_santalimale_03931.wav	ᱯᱟᱹᱦᱤᱞ ᱞᱮᱠᱟ ᱜᱮ ᱩᱱᱤ ᱫᱚ ᱠᱚᱞᱮᱡ ᱨᱮ ᱪᱮᱫᱼᱟ ᱮ ᱯᱟᱲᱦᱟᱜᱼᱟ ᱠᱟᱱ ᱛᱟᱸᱦᱮᱸᱱᱟ, ᱚᱱᱟ ᱫᱚ ᱧᱤᱱᱫᱟᱹ ᱵᱟᱦᱟ ᱢᱟᱹᱸᱭ ᱮ ᱪᱮᱫᱼᱟ ᱟᱭ ᱠᱟᱱ ᱛᱟᱸᱦᱮᱸᱠᱟᱱᱟ।
train_santalimale_03932	wavs/train_santalimale_03932.wav	ᱵᱟᱦᱟ ᱢᱟᱹᱸᱭ ᱫᱚ ᱫᱤᱱ ᱨᱮ ᱫᱚ ᱚᱲᱟᱜᱼᱟ ᱨᱮᱭᱟᱜᱼᱟ ᱮ ᱠᱟᱹᱢᱤᱭᱮᱫᱼᱟ ᱠᱟᱱ ᱛᱟᱸᱦᱮᱸᱠᱟᱱᱟ।
train_santalimale_03933	wavs/train_santalimale_03933.wav	ᱟᱹᱭᱩᱵᱼᱟ ᱫᱚ ᱥᱚᱢ ᱴᱷᱮᱱ ᱯᱟᱲᱦᱟᱣ ᱠᱟᱛᱮ ᱟᱡᱼᱟ ᱢᱚᱛᱚ ᱟᱹᱰᱤ ᱧᱤᱱᱫᱟᱹ ᱦᱟᱹᱵᱤᱡᱼᱟ ᱮ ᱯᱟᱲᱦᱟᱜᱼᱟ ᱠᱟᱱ ᱛᱟᱸᱦᱮᱸᱠᱟᱱᱟ।
train_santalimale_03934	wavs/train_santalimale_03934.wav	ᱚᱱᱠᱟ ᱞᱮᱠᱟ ᱛᱮ ᱩᱱᱤ ᱦᱚᱸ ᱥᱚᱢ ᱵᱟᱨᱟᱵᱟᱹᱨᱤ ᱜᱮᱭ ᱯᱟᱲᱦᱟᱣ ᱪᱟᱞᱟᱜᱼᱟ ᱠᱟᱱ ᱛᱟᱸᱦᱮᱸᱠᱟᱱᱟ।
train_santalimale_03935	wavs/train_santalimale_03935.wav	ᱚᱲᱟᱜᱼᱟ ᱨᱮ ᱛᱟᱸᱦᱮᱸᱠᱟᱛᱮ ᱜᱮ ᱥᱚᱢ ᱫᱚ ᱟᱤ.ᱮ. ᱟᱨ ᱵᱤ.ᱮ. ᱦᱚᱸᱭ ᱯᱟᱥ ᱠᱮᱫᱟ ᱟᱨ ᱫᱤᱱᱟᱹᱢ ᱟᱹᱭᱩᱵᱼᱟ ᱯᱟᱲᱦᱟᱣ ᱚᱪᱚ ᱠᱟᱛᱮ ᱵᱟᱦᱟ ᱢᱟᱹᱸᱭ ᱦᱚᱸ ᱯᱨᱟᱤᱣᱮᱴ ᱛᱮ ᱟᱤ.ᱮ. ᱟᱨ ᱵᱤ.ᱮ. ᱯᱟᱥ ᱚᱪᱚ ᱠᱮᱫᱮᱭᱟ।
train_santalimale_03936	wavs/train_santalimale_03936.wav	ᱛᱮᱦᱮᱧ ᱫᱚ ᱵᱟᱱᱟ ᱦᱚᱲ ᱜᱚᱰᱰᱟ ᱠᱚᱞᱮᱡ ᱠᱷᱚᱱ ᱟᱹᱠᱤᱱᱟᱜᱼᱟ ᱵᱤ.ᱮ. ᱨᱮᱭᱟᱜᱼᱟ ᱡᱚ ᱧᱮᱞ ᱠᱟᱛᱮ ᱚᱱᱟ ᱦᱮᱡᱼᱟ ᱦᱮᱣᱟ ᱦᱚᱨ ᱥᱮᱡᱼᱟ ᱛᱮᱜᱮ ᱠᱤᱱ ᱨᱩᱣᱟᱹᱲ ᱠᱟᱱᱟ।
train_santalimale_03937	wavs/train_santalimale_03937.wav	ᱥᱚᱢᱚᱭ ᱦᱚᱸ ᱴᱷᱤᱠ ᱤᱱᱟᱹ ᱛᱤᱠᱤᱱ ᱚᱜᱼᱟᱛᱮ ᱜᱮ।
train_santalimale_03938	wavs/train_santalimale_03938.wav	ᱫᱩᱰᱩᱵᱼᱟ ᱡᱤᱨᱟᱹᱩ ᱜᱚᱫᱼᱟ ᱮᱱᱟ ᱠᱤᱱ ᱚᱱᱟ ᱡᱷᱟᱹᱲᱯᱟᱹ ᱵᱟᱲᱮᱹ ᱞᱟᱛᱟᱨ ᱨᱮ।
train_santalimale_03939	wavs/train_santalimale_03939.wav	ᱛᱮᱦᱮᱧ ᱫᱚ ᱵᱟᱦᱟ ᱢᱟᱹᱸᱭᱟᱜᱼᱟ ᱢᱚᱱᱮ-ᱡᱤᱣᱤ ᱫᱚ ᱨᱟᱹᱥᱠᱟᱹ ᱛᱮ ᱥᱮᱨᱢᱟ ᱨᱮ ᱟᱹᱯᱤᱨ ᱵᱟᱲᱟᱹᱭ ᱠᱟᱱ ᱛᱟᱭᱟ।
train_santalimale_03940	wavs/train_santalimale_03940.wav	ᱦᱩᱫᱤᱥ ᱜᱚᱫᱼᱟ ᱠᱮᱫᱟᱭ, ᱟᱪᱪᱷᱟ, ᱥᱚᱢ ᱫᱚ ᱪᱮᱫᱟᱜᱼᱟ ᱩᱱᱟᱹᱜᱼᱟ ᱫᱚᱭ ᱵᱷᱟᱜᱮᱭᱟ।
train_santalimale_03941	wavs/train_santalimale_03941.wav	ᱱᱩᱤ ᱞᱮᱠᱟᱱ ᱥᱚᱱᱚᱛ ᱢᱚᱱᱮᱣᱟᱱ ᱠᱚᱲᱟᱹ ᱫᱚ ᱟᱵᱚ ᱦᱚᱲᱚ-ᱦᱚᱯᱚᱱᱟᱜᱼᱟ ᱥᱚᱢᱟᱡ ᱨᱮ ᱫᱚ ᱟᱹᱰᱤᱛᱮᱫᱼᱟ ᱜᱮ ᱟᱠᱟᱞ ᱜᱮᱭᱟ ᱠᱚ, ᱪᱮᱫᱟᱜᱼᱟ ᱥᱮ ᱢᱤᱫᱼᱟ ᱴᱮᱱ ᱤᱧ ᱞᱮᱠᱟᱱ ᱨᱮᱸᱜᱮᱡᱼᱟ-ᱱᱟᱦᱪᱟᱨ ᱠᱩᱲᱤ ᱜᱤᱫᱨᱟᱹ ᱞᱟᱹᱜᱤᱫᱼᱟ ᱟᱭᱟᱜᱼᱟ ᱱᱩᱱᱟᱹᱜᱼᱟ ᱫᱟᱢᱟᱱᱟᱜᱼᱟ ᱥᱚᱢᱚᱭ ᱤᱧ ᱯᱤᱪᱷᱟᱹ ᱨᱮᱭ ᱵᱮᱨᱵᱟᱫ ᱠᱮᱫᱟ।
train_santalimale_03942	wavs/train_santalimale_03942.wav	ᱱᱚᱟ ᱨᱮᱭᱟᱜᱼᱟ ᱨᱤᱱ ᱫᱚ ᱱᱚᱟ ᱡᱤᱭᱚᱱ ᱨᱮ ᱫᱚ ᱯᱟᱥᱮᱡᱼᱟ ᱚᱦᱚᱧ ᱦᱟᱞᱟ ᱠᱮᱭᱟ।
train_santalimale_03943	wavs/train_santalimale_03943.wav	ᱜᱟᱸᱲᱚᱱ ᱮᱱᱟᱭ ᱡᱩᱫᱤ ᱟᱵᱚ ᱦᱚᱲ ᱥᱚᱢᱟᱡ ᱨᱮ ᱥᱚᱢ ᱞᱮᱠᱟᱱ ᱟᱨ ᱦᱚᱸ ᱠᱚᱲᱟ ᱠᱚ ᱨᱤᱠᱟᱹ ᱞᱮᱱ ᱠᱷᱟᱱ ᱛᱤᱱᱟᱹᱜᱼᱟ ᱤᱧ ᱞᱮᱠᱟᱱ ᱠᱩᱲᱤ ᱜᱤᱫᱨᱟᱹᱣᱟᱜᱼᱟ ᱡᱤᱭᱚᱱ ᱫᱚ ᱢᱟᱨᱥᱟᱞ ᱠᱚᱜᱼᱟ ᱛᱟᱠᱚᱟ ᱪᱮᱫᱟᱜᱼᱟ ᱮᱱᱛᱮᱫᱼᱟ ᱟᱵᱚᱣᱟᱜᱼᱟ ᱥᱚᱢᱟᱡ ᱫᱚ ᱠᱩᱲᱤ ᱜᱤᱫᱨᱟᱹ ᱯᱟᱲᱦᱟᱣ ᱚᱪᱚ ᱠᱚ ᱫᱚ ᱟᱹᱰᱤ ᱛᱮᱫᱼᱟ ᱠᱟᱹᱴᱷᱤᱱ ᱠᱟᱛᱷᱟ ᱠᱟᱱᱟ।
train_santalimale_03944	wavs/train_santalimale_03944.wav	ᱵᱮᱨᱮᱞ ᱩᱢᱟᱹᱨ ᱨᱮ ᱠᱩᱲᱤ ᱜᱤᱫᱨᱟᱹ ᱨᱮᱱ ᱫᱚ ᱜᱚᱴᱟ ᱴᱟᱹᱬᱰᱤ ᱜᱮ ᱫᱩᱥᱢᱟᱹᱱ।
train_santalimale_03945	wavs/train_santalimale_03945.wav	ᱢᱮᱱᱠᱷᱟᱱ ᱥᱚᱢ ᱫᱚ ᱤᱧᱟᱹᱜᱼᱟ ᱵᱟᱦᱟ ᱦᱚᱲᱢᱚ ᱫᱚ ᱵᱟᱭ ᱴᱩᱸᱲᱟᱝ ᱞᱮᱫᱟ, ᱦᱟᱦᱟᱲᱟᱹ ᱜᱮ।
train_santalimale_03946	wavs/train_santalimale_03946.wav	ᱦᱩᱫᱤᱥ ᱤᱫᱟᱹᱧ ᱟᱢᱟᱜᱼᱟ ᱫᱩᱞᱟᱹᱲ ᱨᱮ ᱛᱤᱱᱟᱹᱜᱼᱟ ᱩᱥᱟᱹᱨᱟ ᱚᱠᱛᱮ ᱯᱟᱨᱚᱢᱮᱱᱟ, ᱵᱩᱡᱦᱟᱹᱩ ᱜᱮ ᱵᱟᱹᱧ ᱧᱟᱢ ᱞᱮᱫᱟ।
train_santalimale_03947	wavs/train_santalimale_03947.wav	ᱵᱤ.ᱮ. ᱯᱟᱥ ᱛᱟᱭᱚᱢ ᱥᱚᱢ ᱫᱚ ᱮᱢᱚ.ᱮ. ᱨᱮ ᱧᱩᱛᱩᱢ ᱮ ᱚᱞ ᱚᱪᱚ ᱠᱮᱫᱼᱟ ᱛᱟᱭᱟ।
train_santalimale_03948	wavs/train_santalimale_03948.wav	ᱯᱟᱹᱦᱤᱞ ᱞᱮᱠᱟ ᱜᱮ ᱚᱠᱛᱮ-ᱚᱜᱼᱟᱛᱮ ᱨᱮ ᱚᱲᱟᱜᱼᱟ ᱛᱮ ᱪᱟᱞᱟᱣ ᱠᱟᱛᱮ ᱵᱟᱦᱟ ᱢᱟᱹᱸᱭ ᱦᱚᱸ ᱯᱟᱲᱦᱟᱣ ᱮᱫᱼᱟ ᱠᱟᱱ ᱛᱟᱸᱦᱮᱸᱠᱟᱱᱟ।
train_santalimale_03949	wavs/train_santalimale_03949.wav	ᱮᱢᱚ.ᱮ. ᱦᱚᱸ ᱥᱚᱢ ᱫᱚᱭ ᱯᱟᱥ ᱠᱮᱫᱟ ᱟᱨ ᱵᱟᱦᱟ ᱢᱟᱹᱸᱭ ᱦᱚᱸ ᱯᱨᱟᱤᱣᱮᱴ ᱛᱮ ᱮᱢᱚ.ᱮ. ᱮ ᱯᱟᱥ ᱚᱪᱚ ᱠᱮᱫᱮᱭᱟ।
train_santalimale_03950	wavs/train_santalimale_03950.wav	ᱥᱟᱸᱜᱮ ᱵᱩᱲᱤ ᱫᱚ ᱨᱮᱞ ᱞᱟᱤᱱ ᱦᱟᱱᱟ ᱥᱟ ᱟᱛᱚ ᱥᱚᱲᱚᱠ ᱴᱚᱞᱟ ᱟᱹᱭᱩᱵᱼᱟ ᱵᱤᱨ ᱚᱠᱛᱮ ᱡᱷᱤᱴᱤᱠᱚ-ᱡᱷᱤᱴᱤᱠ ᱫᱟᱫᱟᱜᱼᱟ ᱛᱩᱞᱩᱡᱼᱟ ᱜᱮᱨᱟᱝᱚ-ᱜᱮᱨᱟᱝ ᱛᱮ ᱦᱚᱦᱚ ᱟᱛᱮ ᱮ ᱵᱚᱞᱚᱭᱮᱱᱟ।
train_santalimale_03951	wavs/train_santalimale_03951.wav	ᱵᱮᱴᱠᱟ ᱫᱚ ᱟᱲᱟᱹᱝ ᱟᱹᱱᱟᱹᱲᱤ ᱢᱟᱪᱷᱟ ᱮ ᱟᱧᱡᱚᱢ ᱠᱮᱫᱼᱟ ᱛᱮᱭ ᱦᱟᱠᱪᱟᱠᱟᱣ ᱜᱚᱫᱼᱟ ᱮᱱᱟᱭ।
train_santalimale_03952	wavs/train_santalimale_03952.wav	ᱦᱟᱛᱢᱟᱛᱟᱣ ᱵᱮᱨᱮᱫᱼᱟ ᱚᱱᱰᱚᱝ ᱠᱟᱛᱮ ᱩᱱᱤ ᱥᱮᱡᱼᱟ ᱮ ᱠᱚᱭᱚᱜᱼᱟ ᱠᱮᱫᱼᱟ, ᱮᱭ ᱥᱟᱸᱜᱮ ᱵᱩᱲᱤ ᱠᱟᱱᱮ ᱵᱚᱦᱚᱜᱼᱟ ᱠᱷᱚᱱ ᱥᱤᱨᱟᱹᱥᱚᱨᱚ ᱢᱟᱭᱟᱢ ᱡᱚᱨᱚᱜᱼᱟ ᱠᱟᱱ ᱛᱟᱭᱟ।
train_santalimale_03953	wavs/train_santalimale_03953.wav	ᱜᱚᱜᱚᱜᱼᱟ ᱠᱤᱪᱚᱨᱤᱡᱼᱟ ᱫᱚ ᱢᱟᱭᱟᱢ ᱛᱮ ᱞᱚᱦᱚᱫᱼᱟ ᱟᱠᱟᱱ ᱛᱟᱭᱟ ᱟᱨ ᱱᱟᱥᱮᱭ ᱴᱩᱴᱩᱨᱤ ᱟᱠᱟᱱᱟ।
train_santalimale_03954	wavs/train_santalimale_03954.wav	ᱢᱮᱸᱫᱼᱟ ᱦᱟᱸ ᱫᱚ ᱢᱟᱭᱟᱢ ᱢᱮᱥᱟ ᱩᱨᱞᱩ-ᱯᱩᱨᱞᱩ, ᱫᱟᱢᱟ-ᱫᱚᱢᱚ ᱧᱮᱞᱚᱜᱼᱟ ᱠᱟᱱ ᱛᱟᱭᱟ।
train_santalimale_03955	wavs/train_santalimale_03955.wav	ᱫᱟᱹᱞ ᱦᱮᱱᱫᱮ, ᱫᱟᱹᱞ ᱯᱷᱩᱞᱟᱹᱩ ᱪᱤᱠᱷᱱᱟᱹ ᱠᱚ ᱧᱮᱞᱚᱜᱼᱟ ᱠᱟᱱᱟ ᱦᱚᱲᱢᱚ ᱠᱚᱨᱮ।
train_santalimale_03956	wavs/train_santalimale_03956.wav	ᱟᱠᱚ-ᱪᱟᱠᱟᱣ ᱠᱟᱛᱮ ᱵᱮᱴᱠᱟ ᱫᱚᱭ ᱢᱮᱱ ᱜᱚᱫᱼᱟ ᱠᱮᱫᱟ, ᱫᱮᱞᱟ ᱫᱤᱫᱤ ᱵᱩᱲᱤ ᱱᱚᱛᱮ ᱜᱮ।
train_santalimale_03957	wavs/train_santalimale_03957.wav	ᱠᱩᱞᱦᱤ ᱫᱚᱨᱚᱡᱟ ᱨᱮᱜᱮ ᱯᱟᱨᱠᱚᱢ ᱠᱚ ᱵᱮᱞ ᱟᱫᱮᱭᱟ।
train_santalimale_03958	wavs/train_santalimale_03958.wav	ᱮᱛᱟᱝᱚ-ᱮᱛᱟᱝ ᱢᱤᱫᱼᱟ ᱯᱟᱹᱧᱪᱤ ᱠᱚ ᱟᱴᱮᱫᱼᱟ ᱟᱫᱮᱭᱟ।
train_santalimale_03959	wavs/train_santalimale_03959.wav	ᱮᱱᱠᱟ ᱵᱟᱲᱟᱹᱭ ᱛᱮᱜᱮ ᱱᱟᱥᱮ ᱧᱩᱛ ᱜᱚᱫᱼᱟ ᱮᱱᱟ।
train_santalimale_03960	wavs/train_santalimale_03960.wav	ᱤᱱᱟᱹᱜᱼᱟ ᱛᱮᱜᱮ ᱥᱮᱨᱢᱟ ᱡᱟᱹᱲᱤ ᱫᱚ ᱱᱟᱥᱮᱭ ᱵᱟᱹᱸᱲᱛᱤ ᱧᱚᱸᱜᱼᱟ ᱠᱮᱫᱟ।
train_santalimale_03961	wavs/train_santalimale_03961.wav	ᱟᱯᱟᱱᱚ-ᱟᱹᱯᱤᱱ ᱚᱲᱟᱜᱼᱟ ᱠᱷᱚᱱ ᱵᱮᱴᱠᱟ ᱟᱡᱼᱟ ᱜᱚ-ᱵᱟᱵᱟ, ᱜᱚᱲᱚᱢ ᱵᱟ, ᱫᱟᱠᱟᱭ ᱜᱚ, ᱵᱚᱠᱚᱛ ᱠᱚᱲᱟᱹ, ᱵᱚᱠᱚᱛ ᱠᱩᱲᱤ ᱟᱡᱼᱟ ᱛᱟᱞᱟ ᱵᱟ, ᱛᱟᱞᱟ ᱜᱚ, ᱦᱚᱯᱚᱱ ᱜᱚ, ᱦᱚᱯᱚᱱ ᱵᱟ ᱟᱨ ᱜᱩᱯᱤ ᱠᱚᱲᱟᱹ ᱛᱟᱠᱚ ᱩᱱᱤ ᱴᱷᱮᱱ ᱠᱚ ᱥᱮᱱ ᱥᱚᱨ ᱮᱱᱟ।
train_santalimale_03962	wavs/train_santalimale_03962.wav	ᱵᱮᱴᱠᱟ ᱟᱡᱼᱟ ᱵᱟᱵᱟ ᱫᱚᱭ ᱠᱩᱞᱤ ᱜᱚᱫᱼᱟ ᱠᱮᱫᱮᱭᱟ, ᱥᱟᱸᱜᱮ ᱜᱚᱲᱚᱢ ᱪᱮᱠᱟ ᱭᱮᱱᱟᱢ, ᱚᱠᱚᱭᱮ ᱪᱮᱠᱟ ᱠᱮᱫᱼᱟ ᱢᱮᱭᱟ?
train_santalimale_03963	wavs/train_santalimale_03963.wav	ᱥᱟᱸᱜᱮ ᱵᱩᱲᱤ ᱫᱚ ᱟᱹᱰᱤ ᱢᱩᱥᱚᱠᱤᱞ ᱛᱮᱭ ᱨᱚᱲ ᱨᱩᱣᱟᱹᱲ ᱠᱮᱫᱟ, ᱟᱨ ᱟᱞᱚᱢ ᱢᱮᱱᱟ, ᱜᱮᱨᱟᱝ ᱟᱛᱮ।
train_santalimale_03964	wavs/train_santalimale_03964.wav	ᱫᱟᱹᱞ ᱫᱚᱨᱢᱚᱪ ᱞᱟᱸᱜᱟ ᱦᱚᱲᱢᱚ ᱠᱩᱴᱟᱢ ᱫᱚᱨᱫᱤ, ᱢᱚᱱᱮ ᱨᱮ ᱟᱨ ᱠᱟᱛᱷᱟ ᱠᱚᱫᱚ ᱵᱟᱭ ᱫᱤᱥᱟᱹ ᱫᱟᱲᱮᱹᱭᱟᱜᱼᱟ ᱠᱟᱱᱟ, ᱨᱚᱲ ᱮ ᱢᱮᱱᱮᱫᱼᱟ ᱠᱟᱱ ᱜᱮᱭᱟ ᱢᱮᱱᱠᱷᱟᱱ ᱠᱩᱨᱩᱢᱩᱴᱩ ᱡᱚᱨ ᱠᱟᱛᱮ ᱦᱚᱸ ᱨᱚᱲ ᱵᱟᱝ ᱚᱲᱚᱝ ᱚᱜᱼᱟ ᱠᱟᱱ ᱛᱟᱭᱟ।
train_santalimale_03965	wavs/train_santalimale_03965.wav	ᱟᱹᱰᱤ ᱜᱚᱴᱮᱱ ᱠᱟᱛᱷᱟ ᱞᱟᱹᱞᱟᱹᱤ ᱮ ᱢᱮᱱᱮᱫᱼᱟ ᱠᱟᱱ ᱜᱮᱭᱟ ᱢᱮᱱᱠᱷᱟᱱ ᱵᱟᱭ ᱡᱚᱨ ᱫᱟᱲᱮᱹᱭᱟᱜᱼᱟ ᱠᱟᱱᱟ, ᱠᱷᱟᱹᱞᱤ ᱢᱚᱪᱟ ᱞᱟᱲᱟᱹᱣ ᱜᱮᱠᱚ ᱧᱮᱞᱮᱫᱼᱟ ᱠᱟᱱᱟ।
train_santalimale_03966	wavs/train_santalimale_03966.wav	ᱤᱥᱟᱹᱨᱟ ᱛᱮᱦᱚᱸ ᱞᱟᱹᱤ ᱨᱮᱭᱟᱜᱼᱟ ᱠᱷᱮᱢᱚᱛᱟ ᱵᱟᱝ ᱛᱟᱭ।
train_santalimale_03967	wavs/train_santalimale_03967.wav	ᱵᱮᱴᱠᱟ ᱟᱡᱼᱟ ᱵᱟᱵᱟ ᱫᱚ ᱢᱮᱱ ᱜᱚᱫᱼᱟ ᱠᱮᱫᱟ, ᱟᱯᱷᱚᱛ ᱢᱟᱦᱟ ᱡᱟᱞᱟ ᱫᱚ।
train_santalimale_03968	wavs/train_santalimale_03968.wav	ᱰᱟᱠᱛᱟᱨ ᱚᱲᱟᱜᱼᱟ ᱪᱮᱠᱟ ᱠᱟᱛᱮᱢ ᱤᱫᱤ ᱮᱭᱟ ᱟᱨ ᱪᱮᱠᱟ ᱠᱟᱛᱮᱢ ᱪᱟᱞᱟᱜᱼᱟ ᱟ ᱟᱹᱜᱩ ᱦᱚᱸ?
train_santalimale_03969	wavs/train_santalimale_03969.wav	ᱤᱱᱟᱹ ᱛᱟᱭᱚᱢ ᱜᱚᱡᱚᱜᱼᱟ ᱦᱚᱲ ᱞᱮᱠᱟ ᱠᱷᱟᱹᱞᱤ ᱵᱮᱫᱚᱱᱟ ᱥᱟᱛᱟᱞᱟᱜᱼᱟ ᱜᱮᱨᱟᱝ ᱜᱮ ᱩᱱᱤ ᱵᱩᱲᱤ ᱭᱟᱜᱼᱟ ᱢᱚᱪᱟ ᱠᱷᱚᱱ ᱟᱸᱡᱚᱢᱚᱜᱼᱟ ᱠᱟᱱᱟ।
train_santalimale_03970	wavs/train_santalimale_03970.wav	ᱰᱟᱸᱰᱟ ᱠᱷᱚᱱ ᱜᱟᱢᱪᱷᱟ ᱚᱨ ᱯᱷᱮᱲ ᱠᱟᱛᱮ ᱵᱮᱴᱠᱟ ᱟᱡᱼᱟ ᱵᱟᱵᱟ ᱫᱚ ᱚᱭᱚ ᱧᱚᱠ ᱠᱟᱫᱮᱭᱟᱭ ᱟᱨᱮ ᱥᱮᱱ ᱮᱱᱟ।
train_santalimale_03971	wavs/train_santalimale_03971.wav	ᱦᱟᱱᱛᱮ-ᱱᱦᱟᱛᱮ ᱥᱮᱱᱫᱨᱟ ᱛᱟᱭᱚᱢ ᱢᱤᱫᱼᱟ ᱴᱮᱱ ᱰᱷᱤᱵᱨᱤ ᱵᱟᱹᱛᱤ ᱮ ᱧᱟᱢ ᱠᱮᱫᱟ।
train_santalimale_03972	wavs/train_santalimale_03972.wav	ᱫᱟᱠᱟ ᱚᱲᱟᱜᱼᱟ ᱠᱷᱚᱱ ᱡᱮᱨᱮᱫᱼᱟ ᱟᱹᱜᱩ ᱠᱟᱛᱮ ᱫᱚᱨᱚᱡᱟ ᱛᱮᱣ ᱟᱹᱜᱩ ᱚᱴᱚ ᱠᱟᱫᱟ ᱟᱨ ᱥᱟᱸᱜᱮ ᱵᱩᱲᱤ ᱭᱟᱜᱼᱟ ᱵᱚᱦᱚᱜᱼᱟ ᱯᱟᱨᱠᱚᱢ ᱠᱩᱴᱷᱟᱹ ᱠᱷᱚᱱ ᱥᱟ ᱧᱚᱜᱼᱟ ᱨᱮᱭ ᱫᱚᱦᱚ ᱚᱴᱚ ᱠᱟᱫᱟ।
train_santalimale_03973	wavs/train_santalimale_03973.wav	ᱠᱤᱫᱩᱵᱼᱟ ᱫᱟᱠᱟ ᱩᱥᱟᱹᱨᱟ ᱤᱥᱤᱱᱟ ᱢᱮᱱᱛᱮ ᱵᱮᱴᱠᱟ ᱟᱡᱼᱟ ᱫᱟᱠᱟᱭ ᱜᱚ ᱫᱚ ᱥᱟᱹᱩ-ᱥᱟᱹᱩ ᱪᱩᱞᱦᱟᱹ ᱨᱮ ᱥᱮᱸᱜᱮᱞ ᱮ ᱡᱩᱞ ᱠᱟᱱᱟ।
train_santalimale_03974	wavs/train_santalimale_03974.wav	ᱡᱩᱞᱩᱜᱼᱟ ᱥᱮᱸᱜᱮᱞ ᱜᱷᱟᱱᱮ-ᱜᱷᱟᱱᱮ ᱟᱨ ᱦᱚᱸᱭ ᱩᱥᱚᱠᱩᱨᱟᱜᱼᱟ ᱠᱟᱱᱟ।
train_santalimale_03975	wavs/train_santalimale_03975.wav	ᱪᱚᱱᱫᱟ ᱰᱤᱠᱪᱤ ᱨᱮᱭᱟᱜᱼᱟ ᱠᱟᱝᱠᱷᱟ ᱦᱟᱹᱵᱤᱡᱼᱟ ᱥᱟᱹᱩ-ᱥᱟᱹᱩ ᱡᱩᱞ ᱨᱟᱠᱟᱵᱼᱟ ᱠᱟᱱᱟ।
train_santalimale_03976	wavs/train_santalimale_03976.wav	ᱪᱮᱞᱟᱝ ᱨᱮ ᱪᱚᱱᱫᱟ ᱟᱠᱟᱫᱼᱟ ᱫᱤᱥᱤ ᱨᱟᱦᱮᱲ ᱫᱟᱹᱞ ᱩᱥᱟᱹᱨᱟ ᱞᱟᱹᱵᱤᱫᱟ ᱢᱮᱱᱛᱮ ᱡᱟᱦᱟᱸ ᱜᱷᱟᱹᱲᱤᱡᱼᱟ ᱫᱚ ᱪᱮᱞᱟᱝ ᱪᱮᱛᱟᱱ ᱫᱟᱹᱜᱟᱹᱩ-ᱫᱟᱹᱜᱟᱹᱩ ᱡᱩᱞ ᱨᱟᱠᱟᱵᱼᱟ ᱚᱪᱚ ᱮᱫᱼᱟ ᱟᱭ।
train_santalimale_03977	wavs/train_santalimale_03977.wav	ᱩᱛᱩ ᱫᱟᱠᱟ ᱥᱮᱸᱜᱼᱟ ᱠᱟᱱ ᱨᱮᱫᱚ ᱵᱚᱠᱟᱜᱼᱟ ᱛᱮ ᱛᱟᱱᱚ-ᱢᱟᱱ ᱟᱛᱮ ᱮ ᱜᱷᱟᱱᱴᱟ ᱟᱜᱼᱟ ᱠᱟᱱᱟ।
train_santalimale_03978	wavs/train_santalimale_03978.wav	ᱵᱟᱝᱜᱮ ᱫᱚᱨᱚᱡᱟ ᱠᱷᱚᱱ ᱵᱚᱞᱚ ᱜᱚᱫᱚᱜᱼᱟ ᱜᱩᱯᱤ ᱠᱚᱲᱟᱹᱭ ᱜᱤᱛᱤᱡᱼᱟ ᱠᱟᱱᱫᱦᱟ ᱠᱷᱚᱱ ᱦᱟᱱᱟ ᱥᱟ ᱪᱟᱹᱞᱤ ᱨᱮ ᱵᱮᱴᱠᱟ ᱛᱟᱠᱚ ᱜᱷᱟᱨᱚᱸᱧᱡ ᱨᱮᱱ ᱦᱚᱲ ᱫᱚ ᱠᱚ ᱥᱮᱱ ᱡᱟᱣᱨᱟ ᱮᱱᱟ।
train_santalimale_03979	wavs/train_santalimale_03979.wav	ᱵᱮᱴᱠᱟ ᱟᱡᱼᱟ ᱵᱟᱹᱯᱩ ᱫᱚᱭ ᱢᱮᱱ ᱜᱚᱫᱼᱟ ᱠᱮᱫᱟ, ᱢᱟᱦᱟ ᱡᱟᱞᱟ ᱫᱚ, ᱡᱟᱦᱟᱸ ᱞᱮᱠᱟ ᱛᱮᱭ ᱦᱮᱡᱼᱟ ᱮᱱᱟ ᱟᱵᱚ ᱴᱷᱮᱱ ᱫᱩᱰᱩᱵᱼᱟ-ᱫᱩᱰᱩᱵᱼᱟ ᱛᱮ, ᱪᱟᱯᱚ-ᱪᱟᱯᱚ ᱛᱮ, ᱚᱠᱟ ᱛᱮᱢ ᱠᱚᱞ ᱜᱤᱰᱤ ᱠᱟᱭᱟ।
train_santalimale_03980	wavs/train_santalimale_03980.wav	ᱪᱟᱞᱟᱜᱼᱟ ᱨᱮᱭᱟᱜᱼᱟ ᱠᱷᱮᱢᱚᱛᱟ ᱦᱚᱸ ᱵᱟᱹᱱᱩᱜᱼᱟ ᱛᱟᱭᱟ ᱟᱨᱮ ᱡᱟᱦᱟᱸ ᱞᱮᱠᱟ ᱞᱮᱱ ᱠᱷᱟᱱ ᱚᱱᱟ ᱦᱚᱸ ᱵᱟᱰᱮᱢ ᱫᱚᱥᱚᱜᱼᱟᱟ, ᱥᱚᱱᱚᱠ ᱪᱮᱠᱟᱢ ᱫᱚᱥᱚᱜᱼᱟᱟ?
train_santalimale_03981	wavs/train_santalimale_03981.wav	ᱟᱵᱚ ᱟᱛᱚ ᱨᱮᱱ ᱢᱤᱫᱼᱟ-ᱵᱟᱨ ᱦᱚᱲ ᱢᱟᱠᱚ ᱧᱮᱞ ᱟᱠᱟ ᱫᱮᱜᱮ, ᱚᱱᱟ ᱦᱟᱞᱟᱠ ᱠᱟᱛᱮ ᱟᱵᱚ ᱴᱷᱮᱱ ᱵᱚᱞᱚᱜᱼᱟ।
train_santalimale_03982	wavs/train_santalimale_03982.wav	ᱜᱟᱞᱢᱟᱨᱟᱣ ᱵᱟᱲᱟᱹᱭ ᱛᱮᱜᱮ ᱱᱟᱥᱮᱭ ᱟᱥᱩᱲ ᱧᱚᱜᱼᱟ ᱠᱮᱫᱟ।
train_santalimale_03983	wavs/train_santalimale_03983.wav	ᱡᱟᱦᱟᱸᱭ ᱠᱚᱠᱚ ᱧᱮᱞ ᱵᱚᱞᱚ ᱞᱮᱫᱮ, ᱚᱱᱠᱚ ᱠᱚ ᱚᱲᱟᱜᱼᱟ ᱨᱮᱱ ᱦᱚᱲ ᱫᱚ ᱵᱮᱴᱠᱟ ᱛᱟᱠᱚ ᱚᱲᱟᱹᱜᱼᱟ ᱧᱩᱦᱩᱢ ᱧᱩᱛ ᱵᱟᱝ ᱢᱟᱱᱟ ᱢᱟᱹᱱᱤ ᱠᱟᱛᱮ ᱧᱮᱞᱮ ᱞᱟᱹᱜᱤᱫᱼᱟ ᱠᱚ ᱥᱮᱱ ᱮᱱᱟ।
train_santalimale_03984	wavs/train_santalimale_03984.wav	ᱧᱮᱞᱮ ᱠᱟᱱ ᱠᱚ ᱫᱚᱨᱚᱡᱟ ᱨᱮᱭ ᱜᱤᱛᱤᱡᱼᱟ ᱦᱟᱯᱮ ᱟᱠᱟᱱᱟ।
train_santalimale_03985	wavs/train_santalimale_03985.wav	ᱚᱱᱠᱚ ᱧᱮᱞ ᱠᱮᱫᱼᱟ ᱠᱚ ᱥᱟᱸᱣ ᱛᱮ ᱵᱮᱴᱠᱟ ᱟᱡᱼᱟ ᱵᱟᱹᱯᱩ ᱛᱟᱠᱚ ᱦᱚᱸᱠᱚ ᱦᱮᱡᱼᱟ ᱮᱱᱟ।
train_santalimale_03986	wavs/train_santalimale_03986.wav	ᱟᱛᱚ ᱨᱮᱱ ᱦᱚᱲ ᱠᱚ ᱥᱮᱥᱮᱫᱼᱟ ᱟᱹᱰᱤ ᱜᱚᱴᱮᱱ ᱠᱚ ᱜᱟᱞᱢᱟᱨᱟᱜᱼᱟ ᱠᱟᱱᱟ।
train_santalimale_03987	wavs/train_santalimale_03987.wav	ᱵᱮᱴᱠᱟ ᱛᱟᱠᱚ ᱚᱲᱟᱜᱼᱟ ᱨᱮᱱ ᱜᱚᱜᱚ ᱦᱚᱲ ᱠᱚ ᱫᱚ ᱱᱟᱥᱮ ᱵᱚᱛᱚᱨ ᱢᱟᱪᱷᱟ ᱦᱚᱸᱠᱚ ᱟᱹᱤᱠᱟᱹᱩ ᱮᱫᱟ ᱟᱨ ᱵᱟᱵᱟ ᱦᱚᱲ ᱠᱚ ᱫᱚ ᱡᱷᱟᱢᱮᱞᱟ ᱦᱚᱸᱠᱚ ᱟᱹᱤᱠᱟᱹᱩ ᱮᱫᱟ।
train_santalimale_03988	wavs/train_santalimale_03988.wav	ᱵᱮᱴᱠᱟ ᱟᱡᱼᱟ ᱵᱟᱹᱯᱩ ᱫᱚ ᱦᱮᱡᱼᱟ ᱟᱠᱟᱱ ᱦᱚᱲ ᱴᱷᱮᱱᱮ ᱢᱮᱱ ᱠᱮᱫᱟ, ᱡᱟᱦᱟᱸ ᱞᱮᱠᱟ ᱞᱮᱱᱠᱷᱟᱱᱮ ᱱᱮᱸᱠᱟᱱ ᱦᱚᱲ ᱜᱮ ᱵᱟᱢ ᱫᱚᱥᱚᱜᱼᱟ ᱟ।
train_santalimale_03989	wavs/train_santalimale_03989.wav	ᱟᱛᱚ ᱨᱮᱱ ᱢᱤᱫᱼᱟ ᱦᱚᱲᱮ ᱢᱮᱱ ᱜᱚᱫᱼᱟ ᱠᱮᱫᱟ, ᱪᱮᱠᱟᱢ ᱫᱚᱥᱚᱜᱼᱟᱟ?
train_santalimale_03990	wavs/train_santalimale_03990.wav	ᱮᱱᱟᱱ ᱨᱮᱜᱮ ᱛᱚ ᱢᱤᱫᱼᱟ-ᱵᱟᱨ ᱦᱚᱲ ᱢᱟᱠᱚ ᱧᱮᱞ ᱟᱠᱟ ᱫᱮᱜᱮ ᱟᱨ ᱰᱷᱮᱨ ᱦᱚᱲ ᱠᱚ ᱵᱟᱰᱟᱭ, ᱟᱠᱚ ᱚᱲᱟᱜᱼᱟ ᱨᱮᱜᱮ ᱱᱩᱱᱟᱹᱜᱼᱟ ᱟᱸᱴ ᱠᱚ ᱫᱟᱹᱞ ᱜᱷᱟᱹᱞ ᱟᱠᱟ ᱫᱮᱭᱟ।
train_santalimale_03991	wavs/train_santalimale_03991.wav	ᱡᱟᱦᱟᱸ ᱞᱮᱠᱟ ᱞᱮᱱ ᱠᱷᱟᱱᱮ ᱥᱮ ᱟᱯᱮ ᱜᱼᱟ ᱫᱚᱥ ᱞᱮᱯᱮ ᱨᱮ ᱛᱚᱠᱷᱚᱱ ᱟᱞᱮ ᱥᱟᱹᱠᱷᱤ ᱞᱮ ᱯᱩᱨᱟᱹᱣᱟ।
train_santalimale_03992	wavs/train_santalimale_03992.wav	ᱧᱩᱦᱩᱢ ᱵᱮᱞᱟ ᱧᱩᱛᱟᱹᱛ ᱚᱜᱼᱟᱛᱮ ᱨᱮ ᱫᱩᱠᱷᱟᱹᱞᱤ ᱠᱷᱚᱵᱚᱨ ᱚᱱᱟ ᱟᱛᱚ ᱨᱮ ᱢᱟᱬᱰᱟ ᱵᱩᱥᱩᱵᱼᱟ ᱯᱟᱥᱱᱟᱣ ᱞᱮᱠᱟ ᱜᱚᱴᱟ ᱯᱟᱥᱱᱟᱣᱮᱱᱟ।
train_santalimale_03993	wavs/train_santalimale_03993.wav	ᱚᱠᱚᱭ ᱫᱚ ᱚᱱ ᱛᱮ ᱚᱠᱚᱭ ᱫᱚ ᱵᱤᱱᱰᱤ, ᱞᱟᱞᱴᱮᱱ ᱩᱱ ᱛᱮ ᱵᱮᱴᱠᱟ ᱛᱟᱠᱚ ᱚᱲᱟᱹᱜᱼᱟ ᱨᱮ ᱫᱚ ᱢᱤᱫᱼᱟ ᱜᱷᱟᱹᱲᱤ ᱦᱟᱹᱵᱤᱡᱼᱟ ᱵᱟᱦᱟᱨᱤ ᱞᱮᱠᱟ ᱛᱚᱸᱜᱮ ᱜᱮ ᱛᱤᱡᱼᱟ ᱛᱟᱸᱦᱮᱸᱭᱮᱱᱟ।
train_santalimale_03994	wavs/train_santalimale_03994.wav	ᱵᱟᱹᱛᱤ ᱢᱟᱨᱥᱟᱞ ᱨᱮ ᱯᱩᱥᱴᱟᱹᱩ ᱥᱟᱹᱸᱦᱤᱸᱡᱼᱟ ᱜᱷᱟᱹᱣ ᱪᱤᱠᱷᱱᱟᱹ ᱩᱱᱟᱹᱜᱼᱟ ᱫᱚ ᱵᱟᱝ ᱧᱮᱞ ᱚᱨᱚᱢᱚᱜᱼᱟ ᱠᱟᱱᱟ।
train_santalimale_03995	wavs/train_santalimale_03995.wav	ᱢᱟᱭᱟᱢ ᱢᱮᱥᱟ ᱠᱤᱪᱚᱨᱤᱡᱼᱟ ᱦᱚᱸ ᱵᱷᱟᱜᱮ ᱚᱠᱚᱡᱼᱟ ᱛᱮ ᱫᱚ ᱵᱟᱝ ᱴᱷᱤᱠᱟᱹᱱ ᱚᱜᱼᱟ ᱠᱟᱱᱟ।
train_santalimale_03996	wavs/train_santalimale_03996.wav	ᱢᱮᱱᱠᱷᱟᱱ ᱵᱩᱡ ᱫᱚ ᱠᱷᱟᱹᱴᱤ ᱜᱮ ᱵᱩᱡᱩᱜᱼᱟ ᱠᱟᱱᱟ ᱢᱟᱭᱟᱢ ᱛᱮ ᱠᱷᱟᱲᱚ-ᱠᱷᱚᱲ ᱨᱚᱦᱚᱲ ᱟᱠᱟᱱ ᱵᱟᱱᱫᱮ ᱠᱤᱪᱚᱨᱤᱡᱼᱟ।
train_santalimale_03997	wavs/train_santalimale_03997.wav	ᱠᱩᱞᱤ ᱭᱮᱠᱟᱱ ᱨᱮᱫᱚ ᱟᱹᱰᱤ ᱜᱮ ᱠᱚᱥᱴᱚ ᱛᱮ ᱵᱷᱤᱛᱨᱤ ᱨᱮᱜᱮ ᱱᱟᱥᱮ ᱮᱦᱚᱵᱼᱟ ᱠᱟᱛᱷᱟ ᱠᱚ ᱞᱩᱛᱩᱨ ᱨᱮ ᱛᱟᱨᱠᱚ ᱟᱠᱚ ᱠᱟᱱᱟ ᱤᱱᱟᱹ ᱛᱟᱭᱚᱢ ᱫᱚ ᱞᱩᱴᱤ ᱞᱟᱲᱟᱹᱣ ᱜᱮ, ᱢᱮᱸᱫᱼᱟ ᱠᱚᱨᱮ ᱠᱷᱟᱹᱞᱤ ᱛᱟᱨᱠᱚ ᱟᱠᱚ ᱠᱟᱱᱟ।
train_santalimale_03998	wavs/train_santalimale_03998.wav	ᱠᱩᱞᱤ ᱭᱮᱠᱟᱱ ᱠᱚ ᱨᱮᱫᱚ ᱥᱟᱱᱟᱢ ᱞᱮᱠᱟᱱ ᱠᱩᱠᱞᱤ ᱨᱮᱭᱟᱜᱼᱟ ᱛᱮᱞᱟ ᱮᱢᱚᱜᱼᱟ ᱛᱮᱫᱚ ᱟᱹᱰᱤ ᱜᱮᱭ ᱞᱤᱪᱟᱹᱲ ᱜᱚᱫᱼᱟ ᱟᱠᱟᱱᱟ।
train_santalimale_03999	wavs/train_santalimale_03999.wav	ᱫᱟᱜᱼᱟ ᱛᱮᱛᱟᱝ ᱟᱨ ᱫᱟᱠᱟ ᱨᱮᱸᱜᱮᱡᱼᱟ ᱠᱚ ᱠᱚᱥᱴᱚ ᱠᱟᱹᱦᱤᱥ ᱦᱟᱥᱚ ᱜᱷᱟᱹᱞ ᱡᱟᱞᱟ ᱛᱮ ᱯᱩᱨᱩᱱ ᱟᱠᱟᱱ ᱛᱟᱭᱟ।
train_santalimale_04000	wavs/train_santalimale_04000.wav	ᱤᱱᱟᱹ ᱛᱟᱭᱚᱢ ᱦᱚᱲ ᱠᱚ ᱫᱚ ᱦᱤᱨᱤᱡᱼᱟ-ᱛᱩᱨᱤᱡᱼᱟ ᱦᱤᱡᱩᱜᱼᱟ ᱛᱮᱜᱮ ᱢᱮᱱᱟᱜᱼᱟ ᱟᱠᱟᱫᱼᱟ ᱠᱚᱟ।
train_santalimale_04001	wavs/train_santalimale_04001.wav	ᱵᱮᱴᱠᱟ ᱟᱡᱼᱟ ᱫᱟᱠᱟᱭ ᱜᱚ ᱫᱚ ᱫᱟᱠᱟ-ᱩᱛᱩ ᱮ ᱤᱥᱤᱱ ᱥᱟᱹᱛ ᱠᱮᱫᱟ।
train_santalimale_04002	wavs/train_santalimale_04002.wav	ᱛᱷᱟᱹᱨᱤ-ᱵᱟᱹᱴᱤ ᱠᱚ ᱜᱤᱛᱤᱞ ᱢᱟᱧᱡᱟᱣ ᱞᱟᱹᱜᱤᱫᱼᱟ ᱵᱮᱴᱠᱟ ᱟᱡᱼᱟ ᱜᱚᱭ ᱟᱲᱟᱝ ᱟᱫᱮᱭᱟ, ᱢᱟᱨᱟᱝ ᱵᱟᱹᱦᱩ ᱱᱟᱥᱮ ᱛᱷᱟᱹᱨᱤ-ᱵᱟᱹᱴᱤ ᱠᱚ ᱫᱟᱜᱼᱟ ᱟᱜᱼᱟ ᱵᱮᱱ ᱥᱮ।
train_santalimale_04003	wavs/train_santalimale_04003.wav	ᱜᱤᱛᱤᱡᱼᱟ ᱚᱲᱟᱜᱼᱟ ᱠᱷᱚᱱ ᱦᱮᱡᱼᱟ ᱠᱟᱛᱮ ᱛᱷᱟᱹᱨᱤ-ᱵᱟᱹᱴᱤ ᱥᱟᱵᱼᱟ ᱠᱟᱛᱮ ᱜᱟᱲᱥᱟᱫᱮ ᱫᱷᱤᱨᱤ ᱴᱷᱮᱱᱮ ᱤᱫᱤ ᱠᱮᱫᱟ।
train_santalimale_04004	wavs/train_santalimale_04004.wav	ᱫᱟᱜᱼᱟ ᱜᱤᱛᱤᱞ ᱵᱟᱲᱟ ᱠᱟᱛᱮ ᱫᱟᱠᱟᱭ ᱚᱲᱟᱹᱜᱼᱟ ᱛᱮᱭ ᱤᱫᱤ ᱚᱴᱚ ᱠᱟᱫᱟ।
train_santalimale_04005	wavs/train_santalimale_04005.wav	ᱵᱮᱴᱠᱟ ᱟᱡᱼᱟ ᱫᱟᱠᱟᱭ ᱜᱚ ᱫᱚ ᱠᱤᱫᱩᱵᱼᱟ ᱮ ᱞᱩ ᱦᱟᱹᱴᱤᱧ ᱟᱜᱼᱟ ᱠᱚᱟ।
train_santalimale_04006	wavs/train_santalimale_04006.wav	ᱥᱟᱸᱜᱮ ᱵᱩᱰᱷᱤ ᱭᱟᱜᱼᱟ ᱵᱟᱠᱷᱨᱟ ᱫᱚ ᱫᱟᱠᱟᱭ ᱚᱲᱟᱜᱼᱟ ᱨᱮᱜᱮ, ᱵᱮᱴᱠᱟ ᱟᱡᱼᱟ ᱫᱟᱠᱟᱭ ᱜᱚᱭ ᱦᱟᱹᱨᱩᱯ ᱦᱟᱛᱟᱲ ᱠᱟᱫᱟ।
train_santalimale_04007	wavs/train_santalimale_04007.wav	ᱡᱚᱢ ᱥᱟᱹᱛ ᱵᱟᱲᱟ ᱠᱟᱛᱮ ᱵᱮᱴᱠᱟ ᱟᱡᱼᱟ ᱵᱟ ᱫᱚ ᱫᱟᱠᱟ ᱟᱹᱜᱩ ᱠᱟᱛᱮ ᱠᱩᱞᱦᱤ ᱫᱚᱨᱚᱡᱟ ᱛᱮᱭ ᱦᱮᱪ ᱮᱱᱟ।
train_santalimale_04008	wavs/train_santalimale_04008.wav	ᱵᱮᱴᱠᱟ ᱟᱡᱼᱟ ᱜᱚ ᱫᱚ ᱩᱥᱟᱹᱨᱟ ᱡᱚᱢ ᱛᱷᱟᱹᱨᱤ-ᱵᱟᱹᱴᱤ ᱥᱟᱹᱭᱛᱟᱹᱩ ᱵᱟᱲᱟᱹ ᱠᱟᱛᱮ ᱢᱤᱫᱼᱟ ᱠᱟᱝᱠᱷᱟ ᱵᱟᱹᱴᱤ ᱫᱟᱜᱼᱟ ᱮ ᱤᱫᱤ ᱚᱴᱚ ᱠᱟᱫᱟ ᱟᱨ ᱫᱟᱠᱟᱭ ᱚᱲᱟᱜᱼᱟ ᱛᱮᱭ ᱨᱩᱣᱟᱹᱲ ᱪᱟᱞᱟᱣ ᱮᱱᱟ।
train_santalimale_04009	wavs/train_santalimale_04009.wav	ᱵᱮᱴᱠᱟ ᱟᱡᱼᱟ ᱵᱟᱵᱟ ᱫᱚᱭ ᱢᱮᱱ ᱠᱮᱫᱟ, ᱥᱟᱸᱜᱮ ᱜᱚᱲᱚᱢ ᱵᱩᱲᱤ ᱵᱮᱨᱮᱫᱼᱟ ᱢᱮ।
train_santalimale_04010	wavs/train_santalimale_04010.wav	ᱦᱟᱥᱚ ᱫᱚᱨᱚᱫ ᱡᱟᱞᱟ ᱢᱮᱸᱫᱼᱟ ᱠᱤᱱ ᱨᱮ ᱡᱟᱹᱯᱤᱫᱼᱟ ᱫᱚ ᱵᱟᱹᱱᱩᱜᱼᱟ ᱛᱟᱭᱟ।
train_santalimale_04011	wavs/train_santalimale_04011.wav	ᱜᱮᱨᱟᱝ ᱠᱷᱚᱱ ᱦᱚᱸ ᱟᱲᱟᱹᱝ ᱫᱚ ᱵᱮᱜᱟᱨ ᱟᱠᱟᱱ ᱛᱟᱭᱟ।
train_santalimale_04012	wavs/train_santalimale_04012.wav	ᱠᱷᱟᱹᱞᱤ ᱧᱮᱞᱮᱫᱼᱟ-ᱧᱮᱞᱮᱫᱼᱟ ᱥᱟᱸᱦᱮᱸᱫᱼᱟ ᱥᱚᱵᱫᱚ ᱥᱚᱨ ᱠᱷᱚᱱ ᱵᱩᱡᱩᱜᱚᱜᱼᱟ ᱠᱟᱱᱟ।
train_santalimale_04013	wavs/train_santalimale_04013.wav	ᱵᱮᱴᱠᱟ ᱟᱡᱼᱟ ᱵᱟᱵᱟ ᱫᱚ ᱵᱟᱨᱚ-ᱯᱮ ᱫᱷᱟᱣ ᱵᱮᱨᱮᱫᱚᱜᱼᱟ ᱞᱟᱹᱜᱤᱫᱼᱟ ᱮ ᱢᱮᱛᱟ ᱫᱮᱭᱟ, ᱢᱮᱱᱠᱷᱟᱱ ᱵᱟᱭ ᱵᱮᱨᱮᱫᱼᱟ ᱫᱟᱲᱮᱹᱭᱟᱫᱟ।
train_santalimale_04014	wavs/train_santalimale_04014.wav	ᱛᱤ ᱡᱟᱝᱜᱟ ᱞᱟᱰᱟᱣ ᱦᱚᱸ ᱵᱟᱭ ᱫᱟᱲᱮᱹᱭᱟᱜᱼᱟ ᱠᱟᱱᱟ।
train_santalimale_04015	wavs/train_santalimale_04015.wav	ᱟᱹᱰᱤ ᱜᱚᱴᱮᱱ ᱠᱟᱛᱷᱟ ᱞᱟᱹᱤ ᱟᱭ ᱮ ᱢᱮᱱ ᱮᱫᱟ, ᱚᱱᱟ ᱦᱚᱸ ᱵᱟᱝ ᱡᱚᱨ ᱫᱟᱲᱮᱹᱭᱟᱜᱼᱟ ᱠᱟᱱᱟ।
train_santalimale_04016	wavs/train_santalimale_04016.wav	ᱥᱟᱱᱟᱢ ᱞᱮᱠᱟᱱ ᱞᱟᱲᱪᱟᱲ ᱛᱮ ᱱᱤᱡᱚᱨ ᱟᱨ ᱞᱟᱪᱟᱨ ᱯᱟᱨᱠᱚᱢ ᱨᱮ ᱜᱤᱛᱤᱡᱼᱟ ᱜᱟᱞᱟᱥᱟᱝ ᱟᱴᱟᱵᱼᱟ-ᱡᱟᱲᱟᱹᱵᱼᱟ।
train_santalimale_04017	wavs/train_santalimale_04017.wav	ᱢᱤᱫᱼᱟ ᱜᱷᱟᱹᱲᱤ ᱵᱟᱫ ᱠᱷᱟᱱ ᱜᱮ ᱵᱮᱴᱠᱟ ᱟᱡᱼᱟ ᱜᱚᱭ ᱦᱮᱡᱼᱟ ᱮᱱᱟ।
train_santalimale_04018	wavs/train_santalimale_04018.wav	ᱩᱱᱤ ᱦᱚᱸ ᱠᱤᱫᱩᱵᱼᱟ ᱡᱚᱢ ᱞᱟᱹᱜᱤᱫᱼᱟ ᱮ ᱡᱚᱨᱚ-ᱡᱚᱨ ᱠᱟ ᱫᱮᱭᱟ।
train_santalimale_04019	wavs/train_santalimale_04019.wav	ᱞᱟᱞᱴᱮᱱ ᱥᱟᱵᱼᱟ ᱨᱟᱠᱟᱵᱼᱟ ᱠᱟᱛᱮ ᱢᱮᱫᱼᱟ ᱦᱟᱸᱭ ᱟᱨᱥᱟᱞ ᱠᱮᱫᱼᱟ ᱛᱟᱭᱟ।
train_santalimale_04020	wavs/train_santalimale_04020.wav	ᱢᱮᱸᱫᱼᱟ ᱦᱟᱸ ᱞᱩᱴᱤ ᱠᱚᱜᱮ ᱤᱥᱟᱹᱨᱟᱭᱮᱫᱼᱟ ᱛᱟᱭᱟ ᱵᱟᱝ ᱡᱚᱢ ᱞᱟᱹᱜᱤᱫᱼᱟ।
train_santalimale_04021	wavs/train_santalimale_04021.wav	ᱵᱮᱴᱠᱟ ᱟᱡᱼᱟ ᱜᱚ ᱫᱚᱭ ᱢᱮᱱ ᱠᱮᱫᱟ, ᱛᱷᱚᱲᱟᱹ ᱜᱟᱱ ᱡᱚᱢ ᱵᱮᱱ।
train_santalimale_04022	wavs/train_santalimale_04022.wav	ᱢᱮᱸᱫᱼᱟ ᱞᱩᱴᱤ ᱠᱚ ᱵᱟᱨᱚ-ᱵᱟᱨ ᱵᱟᱝ ᱡᱚᱢ ᱨᱮᱭᱟᱜᱼᱟ ᱜᱮᱭ ᱤᱥᱟᱹᱨᱟ ᱠᱮᱫᱼᱟ ᱛᱟᱭᱟ।
train_santalimale_04023	wavs/train_santalimale_04023.wav	ᱛᱷᱟᱹᱨᱤ ᱫᱟᱠᱟ ᱫᱚ ᱩᱱᱟ ᱜᱮ ᱦᱟᱹᱨᱩᱵᱼᱟ ᱚᱴᱚ ᱠᱟᱫᱟ ᱵᱮᱴᱠᱟ ᱟᱡᱼᱟ ᱜᱚ-ᱵᱟᱵᱟ ᱛᱟᱹᱠᱤᱱ ᱫᱚ ᱟᱠᱚ ᱠᱚ ᱜᱤᱛᱤᱡᱼᱟ ᱚᱲᱟᱜᱼᱟ ᱛᱮᱠᱤᱱ ᱪᱟᱞᱟᱣ ᱮᱱᱟ।
train_santalimale_04024	wavs/train_santalimale_04024.wav	ᱚᱠᱟ-ᱚᱠᱟ ᱜᱷᱟᱹᱲᱤᱡᱼᱟ ᱫᱚ ᱱᱟᱥᱮ ᱢᱟᱪᱷᱟ ᱜᱮᱨᱟᱝ ᱠᱚ ᱟᱧᱡᱚᱢ ᱮᱫᱼᱟ ᱠᱟᱱ ᱜᱮᱛᱟᱭ ᱟᱨ ᱦᱚᱸ ᱟᱭᱢᱟ ᱜᱷᱟᱹᱲᱤᱡᱼᱟ ᱦᱟᱹᱵᱤᱡᱼᱟ ᱛᱷᱤᱨ ᱦᱟᱯᱤᱱ ᱠᱟᱱ ᱛᱟᱭᱟ।
train_santalimale_04025	wavs/train_santalimale_04025.wav	ᱮᱱᱠᱟ-ᱮᱱᱠᱟ ᱛᱮᱜᱮ ᱩᱱᱤᱭᱟᱜᱼᱟ ᱜᱮᱨᱟᱝ ᱦᱚᱸ ᱧᱩᱛᱚ-ᱧᱤᱱᱫᱟᱹ ᱠᱟᱲᱟᱹᱝ ᱡᱟᱹᱯᱤᱫᱼᱟ ᱩᱢᱫᱷᱤ ᱦᱚᱲ ᱠᱚᱟᱜᱼᱟ ᱞᱩᱛᱩᱨ ᱠᱚ ᱠᱷᱚᱱ ᱪᱷᱟᱱ ᱮᱱᱟ।
train_santalimale_04026	wavs/train_santalimale_04026.wav	ᱥᱟᱸᱜᱮ ᱵᱩᱲᱤ ᱭᱟᱜᱼᱟ ᱵᱩᱴᱟᱹ ᱠᱟᱛᱷᱟ ᱵᱟᱝ ᱞᱟᱹᱭ ᱞᱮᱠᱷᱟᱱ ᱪᱮᱫᱼᱟ ᱚᱰᱚ-ᱯᱷᱮᱰ ᱜᱮ ᱵᱟᱝ ᱵᱟᱰᱟᱭ ᱧᱟᱢᱚᱜᱼᱟ ᱠᱟᱱᱟ।
train_santalimale_04027	wavs/train_santalimale_04027.wav	ᱥᱟᱸᱜᱮ ᱦᱟᱲᱟᱹᱢ ᱛᱟᱠᱚ ᱫᱚ ᱯᱮ ᱵᱚᱭᱦᱟ ᱠᱚ ᱛᱟᱸᱦᱮᱸᱠᱟᱱᱟ।
train_santalimale_04028	wavs/train_santalimale_04028.wav	ᱥᱟᱸᱜᱮ ᱵᱩᱲᱤ ᱛᱟᱹᱠᱤᱱ ᱫᱚ ᱠᱟᱹᱴᱤᱡᱼᱟ ᱠᱤᱱ ᱜᱮ।
train_santalimale_04029	wavs/train_santalimale_04029.wav	ᱢᱟᱨᱟᱝ ᱵᱚᱭᱦᱟ ᱛᱟᱞᱟ ᱵᱚᱭᱦᱟ ᱵᱟᱱᱟᱨ ᱨᱮᱱ ᱜᱮ ᱚᱲᱟᱜᱼᱟ ᱯᱮᱨᱮᱡᱼᱟ ᱜᱤᱫᱟᱹᱨᱚ-ᱯᱤᱫᱟᱹᱨ ᱫᱚ ᱢᱮᱱᱟᱜᱼᱟ ᱠᱚᱟ।
train_santalimale_04030	wavs/train_santalimale_04030.wav	ᱫᱩᱠ ᱨᱮᱭᱟᱜᱼᱟ ᱠᱟᱛᱷᱟ ᱴᱟᱠᱟ-ᱯᱚᱭᱥᱟ ᱡᱚᱢ ᱧᱩᱛᱮ ᱯᱮᱨᱮᱡᱼᱟ ᱱᱩᱠᱤᱱ ᱨᱮᱱ ᱜᱮ ᱜᱤᱫᱟᱹᱨᱚ-ᱯᱤᱫᱟᱹᱨ ᱫᱚ ᱵᱟᱹᱱᱩᱜᱼᱟ ᱠᱚᱛᱟ ᱠᱤᱱᱟᱹ।
train_santalimale_04031	wavs/train_santalimale_04031.wav	ᱵᱟᱝ ᱫᱚ ᱠᱚᱯᱟᱞ ᱨᱮᱜᱮ ᱵᱟᱠᱚ ᱛᱟᱸᱦᱮᱸᱠᱟᱱ ᱛᱟᱹᱠᱤᱱ ᱟᱨ ᱵᱟᱝ ᱫᱚ ᱠᱩᱨᱩᱢᱩᱴᱩ ᱨᱟᱱ ᱨᱮᱦᱮᱫᱼᱟ ᱨᱮᱭᱟᱜᱼᱟ ᱜᱮ ᱰᱷᱤᱞᱟᱹᱩ।
train_santalimale_04032	wavs/train_santalimale_04032.wav	ᱱᱚᱟ ᱠᱟᱛᱷᱟ ᱫᱚ ᱯᱩᱥᱴᱟᱹ-ᱯᱩᱥᱴᱤ ᱟᱠᱚ ᱚᱲᱟᱜᱼᱟ ᱨᱮᱱ ᱦᱚᱲ ᱟᱨ ᱟᱛᱚ ᱨᱮᱱ ᱦᱚᱲ ᱦᱚᱸ ᱵᱟᱝᱠᱚ ᱞᱟᱹᱤ ᱫᱟᱲᱮᱭᱟᱜᱼᱟᱟ।
train_santalimale_04033	wavs/train_santalimale_04033.wav	ᱯᱮᱱᱮ ᱵᱚᱭᱦᱟ ᱢᱚᱫ ᱨᱮ ᱱᱩᱭ ᱜᱮᱭ ᱠᱟᱹᱢᱤ ᱠᱟᱱ ᱛᱟᱸᱦᱮᱸᱱᱟ।
train_santalimale_04034	wavs/train_santalimale_04034.wav	ᱥᱟᱸᱜᱮ ᱵᱩᱲᱤ ᱨᱮᱱ ᱦᱟᱱᱦᱟᱨᱚ-ᱦᱚᱧᱦᱟᱨ ᱛᱟᱸᱦᱮᱸᱱ ᱵᱷᱚᱨ ᱫᱚ ᱢᱤᱫᱼᱟ ᱨᱮᱜᱮ ᱠᱚ ᱛᱟᱸᱦᱮᱸᱠᱟᱱᱟ।
train_santalimale_04035	wavs/train_santalimale_04035.wav	ᱩᱱᱚᱠᱤᱱ ᱜᱷᱩᱨ ᱮᱱ ᱛᱟᱭᱚᱢ ᱫᱚᱠᱚ ᱦᱟᱹᱴᱤᱧ ᱵᱟᱲᱟᱹᱭᱮᱱᱟ।
train_santalimale_04036	wavs/train_santalimale_04036.wav	ᱜᱤᱫᱟᱹᱨᱚ-ᱯᱤᱫᱟᱹᱨ ᱵᱟᱝ ᱟᱹᱠᱤᱱ ᱢᱚᱛᱚ ᱜᱮ, ᱮᱱ ᱨᱮᱦᱚᱸ ᱪᱮᱫᱟᱜᱼᱟ ᱪᱮᱫᱼᱟ ᱤᱭᱟᱹᱛᱮ ᱥᱟᱸᱜᱮ ᱦᱟᱲᱟᱹᱢ ᱟᱨ ᱥᱟᱸᱜᱮ ᱵᱩᱲᱤ ᱠᱚ ᱢᱮᱛᱟᱹᱠᱤᱱ ᱠᱟᱱ ᱛᱟᱸᱦᱮᱸᱱᱟ।
train_santalimale_04037	wavs/train_santalimale_04037.wav	ᱱᱚᱟ ᱨᱮᱭᱟᱜᱼᱟ ᱵᱷᱚᱝ ᱥᱟᱱᱟᱢ ᱦᱚᱲ ᱫᱚ ᱵᱟᱝᱠᱚ ᱵᱟᱰᱟᱭᱟ।
train_santalimale_04038	wavs/train_santalimale_04038.wav	ᱢᱤᱫᱼᱟ ᱵᱟᱨ ᱢᱟᱨᱮ ᱦᱚᱲ ᱜᱮᱠᱚ ᱵᱟᱰᱟᱭᱟ।
train_santalimale_04039	wavs/train_santalimale_04039.wav	ᱡᱚᱠᱷᱚᱱ ᱜᱮ ᱡᱟᱦᱟᱸᱭ ᱦᱚᱲ ᱡᱟᱦᱟᱸᱱᱟᱜᱼᱟ ᱠᱚ ᱢᱮᱛᱟ ᱠᱤᱱ, ᱩᱱ ᱫᱚ ᱢᱮᱱ ᱜᱚᱫᱼᱟ ᱮᱫᱼᱟ ᱠᱟᱱ ᱛᱟᱸᱦᱮᱸᱱᱟᱹᱠᱤᱱ, ᱥᱟᱸᱜᱮ ᱜᱮ ᱵᱟᱞᱮ ᱥᱟᱸᱜᱮᱜᱼᱟ ᱠᱟᱱ ᱫᱚ।
train_santalimale_04040	wavs/train_santalimale_04040.wav	ᱤᱱᱟᱹ ᱥᱟᱸᱣ ᱛᱮ ᱥᱟᱱᱟᱢᱟᱜᱼᱟ ᱨᱮ ᱥᱟᱸᱜᱮ ᱜᱮᱭ ᱡᱚᱲᱟᱣᱟᱜᱼᱟ ᱠᱟᱱ ᱛᱟᱸᱦᱮᱸᱱᱟ ᱦᱟᱲᱟᱹᱢ ᱦᱚᱲ ᱫᱚ।
train_santalimale_04041	wavs/train_santalimale_04041.wav	ᱫᱟᱲᱮᱹ ᱛᱟᱸᱦᱮᱸᱱ ᱨᱮᱫᱚ ᱟᱨ ᱪᱟᱹᱠᱨᱤ ᱠᱟᱱ ᱚᱜᱼᱟᱛᱮ ᱨᱮᱫᱚ ᱥᱟᱸᱜᱮ ᱵᱩᱲᱤ ᱛᱟᱹᱠᱤᱱ ᱫᱚ ᱯᱮᱲᱟᱹ ᱠᱚ ᱟᱹᱰᱤ ᱡᱟᱹᱥᱛᱤ ᱠᱚ ᱦᱤᱨᱤᱭᱮᱫᱼᱟ ᱠᱤᱱ ᱛᱟᱸᱦᱮᱸᱱᱟ ᱮᱢᱚᱜᱼᱟ ᱛᱮ, ᱯᱮᱜᱼᱟᱲᱟᱹ ᱠᱚ ᱨᱮ ᱱᱟᱥᱮ ᱜᱮ ᱠᱩᱴᱷᱤᱭᱟᱹ ᱫᱚ ᱵᱟᱠᱤᱱ ᱛᱟᱸᱦᱮᱸᱠᱟᱱᱟ।
train_santalimale_04042	wavs/train_santalimale_04042.wav	ᱢᱮᱱᱠᱷᱟᱱ ᱪᱮᱫᱟᱜᱼᱟ, ᱪᱮᱫᱼᱟ ᱤᱭᱟᱹᱛᱮ ᱱᱩᱱᱟᱹᱜᱼᱟ ᱛᱤ ᱟᱣᱜᱟᱨ ᱠᱤᱱ ᱦᱚᱲᱟᱜᱼᱟ ᱜᱷᱟᱨᱚᱧᱡ ᱨᱮ ᱪᱟᱸᱫᱚ ᱵᱚᱸᱜᱟ ᱣᱟᱜᱼᱟ ᱛᱤ ᱵᱟᱝ ᱟᱣᱜᱟᱨ ᱞᱮᱱ ᱚᱦᱚ ᱞᱟᱹᱤ ᱠᱮ।
train_santalimale_04043	wavs/train_santalimale_04043.wav	ᱛᱚᱵᱮ ᱦᱟᱭᱟᱢᱚ-ᱦᱟᱭᱟᱢ ᱵᱟᱰᱟᱭ ᱧᱟᱢᱚᱜᱼᱟ ᱜᱮᱭᱟ ᱫᱟᱲᱮᱹ ᱛᱟᱸᱦᱮᱸᱱ ᱵᱷᱚᱨ ᱟᱨ ᱪᱟᱹᱠᱨᱤ ᱛᱟᱸᱦᱮᱸᱱ ᱵᱷᱚᱨ ᱚᱡᱦᱟ-ᱠᱟᱹᱢᱨᱩ, ᱨᱟᱱᱚ-ᱨᱮᱦᱮᱫᱼᱟ, ᱦᱟᱹᱠᱤᱢᱚ-ᱰᱚᱠᱴᱚᱨ ᱫᱚ ᱵᱟᱝᱚᱠᱤᱱ ᱦᱤᱲᱤᱧ ᱞᱮᱫᱼᱟ ᱠᱚᱟ।
train_santalimale_04044	wavs/train_santalimale_04044.wav	ᱫᱟᱲᱮᱹ ᱟᱹᱫᱷᱤᱭᱮᱱ ᱛᱟᱹᱠᱤᱱ ᱠᱷᱟᱱ ᱟᱨ ᱠᱟᱹᱢᱤ ᱠᱷᱚᱱ ᱡᱤᱨᱟᱹᱩ ᱛᱟᱭᱚᱢ ᱫᱚ ᱟᱥᱚᱪᱷᱩᱴᱟᱹᱩ ᱠᱟᱛᱮ ᱱᱚᱠᱚ ᱠᱚᱟᱜᱼᱟ ᱪᱟᱹᱩᱠᱟᱴᱷᱟ ᱨᱮ ᱡᱟᱝᱜᱟ ᱫᱚᱦᱚᱭ ᱫᱚᱠᱤᱱ ᱵᱟᱹᱜᱤ ᱱᱟᱯᱚᱲ ᱠᱟᱫᱟ।
train_santalimale_04045	wavs/train_santalimale_04045.wav	ᱟᱹᱠᱤᱱ ᱨᱮᱱ ᱜᱮᱞᱮ-ᱵᱟᱞᱮ ᱵᱟᱝ ᱛᱮ ᱵᱟᱦᱚᱧᱦᱟᱨ ᱛᱮᱫᱼᱟ ᱛᱟᱹᱠᱤᱱ ᱨᱮᱱ ᱜᱤᱫᱨᱟᱹ ᱠᱚᱜᱮ ᱠᱤᱱ ᱫᱩᱞᱟᱹᱲ ᱵᱟᱲᱟᱹ ᱮᱫᱼᱟ ᱠᱚ ᱛᱟᱸᱦᱮᱸ।
train_santalimale_04046	wavs/train_santalimale_04046.wav	ᱡᱚᱠᱷᱚᱱ ᱜᱮ ᱦᱟᱴᱚ-ᱵᱟᱡᱟᱨ ᱠᱤᱱ ᱪᱟᱞᱟᱜᱼᱟ ᱠᱟᱱ ᱛᱟᱦᱮᱸ ᱞᱟᱹᱰᱩ ᱢᱤᱴᱷᱟᱹᱤ ᱰᱷᱮᱨ ᱢᱟᱪᱷᱟ ᱠᱤᱱ ᱟᱹᱜᱩᱭᱮᱫᱼᱟ ᱠᱟᱱ ᱛᱟᱸᱦᱮᱸᱱᱟ ᱟᱨ ᱵᱷᱟᱹᱪᱟᱹᱛ ᱠᱚᱲᱟᱹ-ᱠᱩᱲᱤ ᱜᱤᱫᱨᱟᱹ ᱛᱟᱠᱚ ᱫᱚ ᱵᱟᱱᱟᱨ ᱛᱤ ᱨᱮ ᱡᱚᱲᱟᱹ-ᱡᱚᱲᱟᱹ ᱞᱟᱹᱰᱩ ᱠᱤᱱ ᱮᱢᱟ ᱠᱚ ᱠᱟᱱ ᱛᱟᱸᱦᱮᱸᱱᱟ।
train_santalimale_04047	wavs/train_santalimale_04047.wav	ᱵᱷᱟᱜᱮ-ᱢᱚᱱᱫᱚᱸ ᱡᱮᱞᱚ-ᱦᱟᱠᱚ ᱩᱛᱩ ᱦᱚᱸ ᱜᱤᱫᱨᱟᱹ ᱠᱚ ᱮᱢ ᱵᱮᱜᱚᱨ ᱟᱹᱠᱤᱱ ᱠᱤᱱ ᱡᱚᱢ ᱞᱮᱠᱷᱟᱱ ᱯᱩᱴᱤ ᱫᱤᱲᱤᱫᱟᱝᱚᱜᱼᱟ ᱞᱮᱠᱟ ᱠᱤᱱ ᱟᱹᱤᱠᱟᱹᱣᱮᱫᱼᱟ ᱠᱟᱱ ᱛᱟᱸᱦᱮᱸᱱᱟ।
train_santalimale_04048	wavs/train_santalimale_04048.wav	ᱥᱟᱸᱜᱮ ᱜᱤᱫᱟᱹᱨᱚ-ᱯᱤᱫᱟᱹᱨ ᱛᱮ ᱩᱱᱚᱠᱤᱱᱟᱹᱜᱼᱟ ᱚᱲᱟᱜᱼᱟ ᱠᱚ ᱫᱚ ᱠᱚ ᱮᱥᱮᱫᱼᱟ ᱠᱩᱪᱤᱛ ᱠᱟᱛᱟᱹᱠᱤᱱ ᱠᱟᱱ ᱛᱟᱸᱦᱮᱸᱱᱟ।
train_santalimale_04049	wavs/train_santalimale_04049.wav	ᱠᱤᱥᱱᱤ ᱞᱮᱠᱟ ᱪᱮᱨᱚ-ᱵᱮᱨᱚ, ᱢᱤᱨᱩ ᱪᱮᱸᱲᱮᱸ ᱞᱮᱠᱟ ᱠᱮᱸᱰᱮᱸᱫᱼᱟ-ᱫᱚᱸᱰᱮᱸᱫᱼᱟ ᱟᱱᱫᱚᱲ ᱠᱟᱜᱼᱟ ᱮᱢ ᱟᱧᱡᱚᱢ ᱠᱚᱟ।
train_santalimale_04050	wavs/train_santalimale_04050.wav	ᱪᱚᱠᱞᱮᱴ ᱵᱤᱥᱠᱩᱴ ᱠᱚ ᱫᱚᱠᱟᱱ ᱚᱲᱟᱹᱜᱼᱟ ᱞᱮᱠᱟ ᱯᱟᱹᱠᱤᱴᱚ-ᱯᱟᱹᱠᱤᱴ ᱠᱤᱱ ᱫᱚ ᱦᱚ ᱠᱟᱜᱼᱟ ᱠᱟᱱ ᱛᱟᱸᱦᱮᱸᱱᱟ।
train_santalimale_04051	wavs/train_santalimale_04051.wav	ᱚᱱᱟ ᱤᱭᱟᱹᱛᱮ ᱜᱚᱴᱟ ᱟᱛᱚ ᱨᱮᱱ ᱦᱚᱲ ᱟᱹᱰᱤ ᱜᱮ ᱵᱷᱟᱜᱮ ᱠᱚ ᱢᱮᱛᱟ ᱠᱤᱱ ᱠᱟᱱ ᱛᱟᱸᱦᱮᱸᱱᱟ ᱟᱨ ᱡᱟᱹᱱᱤᱡᱼᱟ ᱚᱱᱟ ᱛᱮᱜᱮ ᱥᱟᱸᱜᱮ ᱦᱟᱲᱟᱹᱢ ᱟᱨ ᱥᱟᱸᱜᱮ ᱵᱩᱲᱤ ᱫᱚᱠᱚ ᱢᱮᱛᱟ ᱠᱤᱱ ᱠᱟᱱ ᱛᱟᱸᱦᱮᱸᱱᱟ।
train_santalimale_04052	wavs/train_santalimale_04052.wav	ᱫᱤᱱ ᱫᱚ ᱯᱟᱨᱚᱢ ᱪᱟᱞᱟᱜᱼᱟ ᱠᱟᱱᱟ।
train_santalimale_04053	wavs/train_santalimale_04053.wav	ᱟᱲᱟᱠᱚ-ᱥᱟᱠᱟᱢ ᱫᱟᱨᱮ-ᱱᱟᱹᱲᱤ ᱦᱟᱨᱟᱜᱼᱟ ᱠᱟᱱ ᱞᱮᱠᱟ ᱵᱷᱟᱹᱪᱟᱹᱛ ᱠᱚᱲᱟᱹ-ᱠᱩᱲᱤ ᱛᱟᱠᱚ ᱦᱚᱸᱠᱚ ᱦᱟᱨᱟ ᱤᱫᱤᱭᱮᱱᱟ।
train_santalimale_04054	wavs/train_santalimale_04054.wav	ᱢᱮᱱᱠᱷᱟᱱ ᱱᱟᱠᱚ ᱠᱚ ᱠᱷᱚᱱ ᱠᱟᱹᱴᱤᱡᱼᱟ ᱜᱤᱫᱨᱟᱹ ᱠᱚ ᱫᱚ ᱯᱟᱹᱦᱤᱞ ᱞᱮᱠᱟ ᱵᱷᱤᱲ ᱟᱨ ᱵᱷᱤᱲ ᱜᱮ ᱩᱱᱚᱠᱤᱱᱟᱜᱼᱟ ᱚᱲᱟᱜᱼᱟ ᱫᱚ ᱠᱚ ᱫᱚᱦᱚ ᱠᱟᱛᱟ ᱠᱟᱱᱟᱹ।
train_santalimale_04055	wavs/train_santalimale_04055.wav	ᱵᱮᱜᱟᱨ ᱜᱟᱨᱚᱥᱛᱤ ᱦᱚᱲ ᱟᱹᱠᱤᱱ ᱨᱮᱱ ᱵᱟᱹᱱᱩᱜᱼᱟ ᱠᱚ ᱨᱮᱦᱚᱸ ᱟᱹᱰᱤ ᱥᱟᱫ ᱛᱟᱹᱠᱤᱱ ᱵᱷᱟᱹᱪᱟᱹᱛ ᱠᱚᱲᱟᱹ ᱠᱚᱨᱮᱱ ᱵᱟᱹᱦᱩ ᱵᱟᱹᱱᱤᱡ ᱟᱨ ᱵᱷᱟᱹᱪᱟᱹᱛ ᱠᱩᱲᱤ ᱠᱚ ᱟᱯ ᱠᱟᱠᱚ।
train_santalimale_04056	wavs/train_santalimale_04056.wav	ᱫᱤᱱ ᱠᱟᱞ ᱥᱮᱴᱮᱨᱚ-ᱥᱮᱴᱮᱨ ᱛᱮ, ᱛᱟᱠ ᱵᱟᱛᱟᱨ ᱦᱩᱭᱩᱜᱼᱟ-ᱦᱩᱭᱩᱜᱼᱟ ᱛᱮ ᱥᱟᱱᱟᱢ ᱵᱷᱟᱹᱪᱟᱹᱛ ᱛᱮᱫᱼᱟ ᱠᱚᱲᱟᱹ ᱛᱟᱠᱚ ᱵᱟᱹᱦᱩ ᱠᱚ ᱵᱟᱹᱱᱤᱡ ᱟᱹᱜᱩ ᱣᱟᱜᱼᱟ ᱠᱚᱟ ᱟᱨ ᱵᱷᱟᱹᱪᱟᱹᱛ ᱠᱩᱰᱤ ᱠᱚ ᱦᱚᱸ ᱠᱚ ᱟᱯ ᱥᱟᱸᱣᱦᱟ ᱵᱟᱲᱟᱹ ᱠᱟᱜᱼᱟ ᱠᱚᱟ।
train_santalimale_04057	wavs/train_santalimale_04057.wav	ᱥᱟᱱᱟᱢ ᱵᱟᱯᱞᱟ ᱨᱮᱜᱮ ᱟᱫᱷᱟ ᱠᱷᱚᱨᱪᱟ ᱵᱷᱟᱨ ᱫᱚ ᱟᱹᱠᱤᱱ ᱜᱮ ᱠᱤᱱ ᱜᱚᱜᱼᱟ ᱯᱟᱨᱚᱢ ᱟᱠᱟᱫᱟ।
train_santalimale_04058	wavs/train_santalimale_04058.wav	ᱱᱤᱡᱟᱹ ᱦᱟᱱᱦᱟᱨᱚ-ᱦᱚᱧᱦᱟᱨ ᱟᱠᱚ ᱨᱮᱱ ᱡᱟᱸᱣᱟᱸᱭ ᱜᱚᱢᱠᱮ ᱟᱨ ᱠᱤᱢᱤᱱ ᱞᱟᱹᱜᱤᱫᱼᱟ ᱛᱤᱱᱟᱹᱜᱼᱟ ᱥᱟᱫ ᱵᱟᱝ ᱛᱟᱠᱚ ᱚᱱᱟ ᱠᱷᱚᱱ ᱡᱟᱹᱥᱛᱤ ᱥᱟᱫ ᱫᱚ ᱟᱹᱠᱤᱱ ᱟᱜᱼᱟ ᱜᱮ।
train_santalimale_04059	wavs/train_santalimale_04059.wav	ᱡᱟᱦᱟᱸ ᱛᱤᱥ ᱠᱚᱨᱮ ᱵᱟᱦᱚᱧᱦᱟᱨ ᱛᱮᱫᱼᱟ ᱛᱟᱹᱠᱤᱱ ᱨᱮᱱ ᱠᱩᱲᱤ ᱡᱟᱣᱟᱸᱭ ᱠᱚᱠᱚ ᱥᱮᱱ ᱞᱮᱱ ᱠᱷᱟᱱ ᱛᱤᱱᱟᱹᱜᱼᱟ ᱥᱟᱸᱡ ᱪᱚ ᱟᱹᱠᱤᱱ ᱜᱮ ᱡᱚᱢᱚ-ᱧᱩ ᱠᱤᱱ ᱮᱢᱟ ᱠᱚᱟ, ᱠᱚᱱᱚ ᱞᱮᱠᱷᱟ-ᱡᱚᱠᱷᱟ ᱜᱮ ᱵᱟᱝ।
train_santalimale_04060	wavs/train_santalimale_04060.wav	ᱥᱟᱸᱜᱮ ᱦᱟᱲᱟᱹᱢ ᱵᱟᱡᱟᱨ ᱠᱷᱚᱱ ᱡᱮᱞ ᱦᱟᱠᱚ ᱩᱥᱟᱹᱨᱟ ᱛᱮᱭ ᱟᱹᱜᱩ ᱜᱚᱫᱼᱟ ᱮᱫᱼᱟ ᱠᱟᱱ ᱛᱟᱸᱦᱮᱸᱱᱟ ᱟᱨ ᱛᱷᱟᱨᱢᱟᱨᱟᱣᱟᱛᱮ ᱤᱥᱤᱱᱚ-ᱵᱟᱥᱟᱝ ᱠᱟᱛᱮ ᱠᱤᱱ ᱡᱚᱢ ᱚᱪᱚᱭᱮᱫᱼᱟ ᱠᱚ ᱛᱟᱸᱦᱮᱸᱱᱟ।
train_santalimale_04061	wavs/train_santalimale_04061.wav	ᱠᱩᱲᱤ ᱡᱟᱸᱣᱟᱸᱭ ᱥᱩᱢᱩᱝ ᱫᱚ ᱵᱟᱝ ᱵᱟᱦᱚᱧᱦᱟᱨ ᱛᱮᱫᱼᱟ ᱛᱟᱹᱠᱤᱱ ᱨᱮᱱ ᱛᱤᱱᱟᱹᱜᱼᱟ ᱠᱤᱢᱤᱱ ᱠᱚ ᱢᱮᱱᱟᱜᱼᱟ ᱠᱚ, ᱚᱱᱠᱚ ᱠᱚ ᱞᱟᱹᱜᱤᱫᱼᱟ ᱦᱚᱸ ᱫᱟᱜᱼᱟ ᱵᱟᱝ ᱨᱮᱦᱚᱸ ᱵᱟᱹᱴᱤ ᱦᱚᱯᱚᱱ ᱛᱮ ᱡᱮᱞ ᱩᱛᱩ, ᱦᱟᱠᱚ ᱩᱛᱩ ᱫᱚᱠᱤᱱ ᱤᱫᱤ ᱚᱴᱚ ᱠᱟᱜᱼᱟ ᱠᱟᱱ ᱛᱟᱸᱦᱮᱸ ᱜᱮᱭᱟ।
train_santalimale_04062	wavs/train_santalimale_04062.wav	ᱵᱩᱜᱤ ᱡᱩᱫᱟᱹ ᱤᱥᱤᱱ ᱟᱨᱩ ᱞᱮᱠᱷᱟᱱ ᱟᱹᱠᱤᱱ ᱥᱩᱢᱩᱝ ᱡᱚᱢ ᱟᱨ ᱛᱮᱱ ᱫᱚᱦᱚ ᱠᱟᱜᱼᱟ ᱫᱚ ᱧᱩᱛ ᱚᱲᱟᱜᱼᱟ ᱨᱮ ᱥᱤᱧ ᱯᱚᱴᱚᱢ ᱜᱷᱩᱞᱚ-ᱜᱷᱩᱞᱟᱹᱜᱼᱟ ᱞᱮᱠᱟ ᱠᱤᱱ ᱟᱴᱠᱟᱨᱮᱫᱼᱟ ᱠᱟᱱ ᱛᱟᱸᱦᱮᱸᱱᱟ।
train_santalimale_04063	wavs/train_santalimale_04063.wav	ᱚᱱᱟ ᱤᱭᱟᱹᱛᱮ ᱩᱱᱚᱠᱤᱱ ᱠᱤᱱ ᱢᱟᱱᱚ-ᱢᱟᱱᱚᱛ ᱠᱚ ᱨᱮᱭᱟᱜᱼᱟ ᱠᱟᱛᱷᱟ ᱟᱨ ᱮᱢᱚᱜᱼᱟ ᱨᱮᱭᱟᱜᱼᱟ ᱪᱚᱨᱪᱟ ᱫᱚ ᱠᱤᱢᱤᱱ ᱛᱮᱫᱼᱟ ᱠᱚᱟᱜᱼᱟ ᱢᱚᱪᱟ ᱠᱷᱚᱱ ᱟᱠᱚ ᱠᱚᱨᱮᱱ ᱜᱚ-ᱵᱟᱵᱟ ᱚᱲᱟᱜᱼᱟ ᱦᱟᱹᱵᱤᱡᱼᱟ ᱯᱟᱥᱱᱟᱣ ᱟᱠᱟᱱ ᱛᱟᱸᱦᱮᱸ।
train_santalimale_04064	wavs/train_santalimale_04064.wav	ᱟᱨ ᱡᱟᱸᱣᱟᱸᱭ ᱠᱚᱟᱜᱼᱟ ᱢᱚᱪᱟ ᱠᱚ ᱠᱷᱚᱱ ᱦᱚᱸ ᱚᱸᱠᱟ ᱜᱮ ᱟᱠᱚ ᱠᱚᱨᱮᱱ ᱮᱸᱜᱟᱛᱚ-ᱟᱯᱟᱛ ᱠᱚᱟᱜᱼᱟ ᱢᱚᱪᱟ ᱠᱚᱨᱮ ᱪᱮᱯᱮᱡᱼᱟ ᱦᱟᱹᱴᱤᱧ ᱞᱮᱱᱟ।
train_santalimale_04065	wavs/train_santalimale_04065.wav	ᱩᱱᱟᱹᱜᱼᱟ ᱡᱚᱢᱚ-ᱧᱩ ᱛᱟᱹᱠᱤᱱ, ᱩᱱᱟᱹᱜᱼᱟ ᱠᱤᱱ ᱮᱢᱚᱠᱚᱟ, ᱮᱴᱟᱜᱼᱟ ᱫᱤᱱ ᱠᱚᱨᱮ ᱫᱚ ᱚᱠᱚᱭ ᱠᱚᱪᱚ ᱠᱚ ᱡᱚᱢ ᱧᱩᱭᱮᱫᱼᱟ ᱠᱟᱱ ᱛᱟᱹᱠᱤᱱ?
train_santalimale_04066	wavs/train_santalimale_04066.wav	ᱟᱞᱮ ᱟᱛᱚ ᱵᱤᱨᱥᱟᱹ ᱛᱟᱠᱚ ᱦᱚᱸ ᱡᱟᱣ ᱜᱮ ᱩᱥᱟᱹᱨᱟ-ᱩᱥᱟᱹᱨᱟ ᱩᱱᱚᱠᱤᱱ ᱴᱷᱮᱱ ᱯᱮᱲᱟᱹᱜᱼᱟ ᱠᱚ ᱪᱟᱞᱟᱜᱼᱟ ᱠᱟᱱ ᱛᱟᱸᱦᱮᱸᱱᱟ।
train_santalimale_04067	wavs/train_santalimale_04067.wav	ᱱᱚᱸᱝᱠᱟ ᱞᱮᱠᱟ ᱵᱤᱨᱥᱟᱹ ᱟᱡᱼᱟ ᱜᱚ ᱜᱮ ᱩᱱᱚᱠᱤᱱᱟᱹᱜᱼᱟ ᱠᱟᱛᱷᱟ ᱠᱚᱫᱚᱭ ᱞᱟᱹᱤ ᱵᱟᱲᱟᱹᱭᱮᱫᱼᱟ ᱠᱟᱱ ᱛᱟᱸᱦᱮᱸᱱᱟ ᱛᱤᱱᱟᱹᱜᱼᱟ ᱫᱤᱱᱮᱢ ᱛᱟᱸᱦᱮᱸᱱ, ᱩᱱᱟᱹᱜᱼᱟ ᱫᱤᱱ ᱡᱮᱞᱚ-ᱦᱟᱠᱚ ᱜᱮ ᱠᱤᱱ ᱡᱚᱢ ᱚᱪᱚ ᱠᱟᱱ ᱛᱟᱸᱦᱮᱸᱱᱟ।
train_santalimale_04068	wavs/train_santalimale_04068.wav	ᱡᱟᱦᱟᱸ ᱠᱚ ᱫᱤᱱ ᱨᱮᱜᱮ ᱯᱤᱴᱷᱟᱹ-ᱞᱟᱴᱷᱟ ᱦᱚᱸᱠᱤᱱ ᱩᱥᱨᱟᱹᱩ ᱮᱫᱼᱟ ᱠᱟᱱ ᱛᱟᱸᱦᱮᱸᱱᱟ।
train_santalimale_04069	wavs/train_santalimale_04069.wav	ᱱᱚᱸᱝᱠᱟ ᱞᱮᱠᱟ ᱛᱤᱱᱟᱹᱜᱼᱟ ᱫᱤᱱᱮᱢ ᱛᱟᱸᱦᱮᱸᱱ ᱡᱮᱞ ᱦᱟᱠᱚ ᱪᱷᱟᱰᱟ ᱢᱚᱪᱟ ᱫᱚ ᱮᱴᱟᱜᱼᱟ ᱩᱛᱩ ᱛᱮ ᱱᱟᱥᱮ ᱵᱟᱝ ᱯᱷᱮᱨᱟᱣ ᱠᱚᱜᱼᱟ ᱛᱟᱢᱟ।
train_santalimale_04070	wavs/train_santalimale_04070.wav	ᱮᱱᱛᱮ ᱚᱵᱷᱟᱵ ᱪᱤᱱᱛᱟᱹ ᱦᱚᱸ ᱵᱟᱹᱱᱩᱜᱼᱟ ᱛᱟᱹᱠᱤᱱᱟᱹ ᱜᱤᱫᱟᱹᱨ ᱱᱟ ᱯᱤᱫᱟᱹᱨ ᱥᱚᱸᱜᱮ ᱥᱚᱛᱚᱜᱼᱟ ᱜᱚᱴᱟ-ᱜᱩᱴᱤ ᱵᱟᱨ ᱡᱤᱣᱤ ᱟᱹᱠᱤᱱ ᱢᱚᱛᱚ ᱟᱜᱟᱢ ᱞᱟᱹᱜᱤᱫᱼᱟ ᱚᱠᱚᱭ ᱠᱚ ᱞᱟᱹᱜᱤᱫᱼᱟ ᱠᱤᱱ ᱡᱚᱜᱟᱣ ᱥᱟᱡᱟᱣ?
train_santalimale_04071	wavs/train_santalimale_04071.wav	ᱪᱟᱹᱠᱨᱤ ᱠᱷᱚᱱ ᱡᱤᱨᱟᱹᱩ ᱪᱟᱸᱫᱚ-ᱪᱟᱸᱫᱚ ᱴᱟᱠᱟ ᱮ ᱧᱟᱢᱮᱫᱼᱟᱟ।
train_santalimale_04072	wavs/train_santalimale_04072.wav	ᱚᱱᱟ ᱴᱟᱠᱟ ᱦᱚᱸ ᱵᱩᱞᱩᱝᱚ-ᱥᱩᱱᱩᱢ ᱡᱮᱞᱚ-ᱦᱟᱠᱚ ᱛᱮ ᱵᱟᱝ ᱟᱫᱷᱟ ᱟᱹᱫᱷᱤᱜᱼᱟ ᱛᱟᱹᱠᱤᱱᱟ।
train_santalimale_04073	wavs/train_santalimale_04073.wav	ᱚᱱᱟ ᱛᱮᱜᱮ ᱵᱤᱨᱥᱟᱹ ᱛᱟᱠᱚ ᱫᱚ ᱯᱤᱴᱷᱟᱹ-ᱞᱟᱴᱷᱟ ᱛᱮ ᱥᱟᱱᱫᱮᱥ ᱥᱟᱸᱣᱚ-ᱥᱟᱸᱣ ᱛᱮ ᱴᱟᱠᱟ-ᱯᱚᱭᱥᱟ ᱛᱮ ᱦᱚᱸ ᱠᱤᱱ ᱥᱟᱱᱫᱮᱥ ᱮᱫᱼᱟ ᱠᱚ ᱛᱟᱸᱦᱮᱸᱱᱟ।
train_santalimale_04074	wavs/train_santalimale_04074.wav	ᱵᱤᱨᱥᱟᱹ ᱫᱚᱭ ᱢᱮᱱ ᱜᱚᱫ ᱜᱮᱭᱟᱭ, ᱚᱱᱰᱮᱢ ᱥᱮᱱ ᱞᱮᱱ ᱡᱮᱞᱚ-ᱦᱟᱠᱚ ᱩᱛᱩ ᱪᱷᱟᱰᱟ ᱟᱨ ᱮᱴᱟᱜᱼᱟ ᱩᱛᱩ ᱫᱚ ᱧᱟᱢ ᱜᱮ ᱵᱟᱢ ᱧᱟᱢᱟ।
train_santalimale_04075	wavs/train_santalimale_04075.wav	ᱵᱟᱝ ᱫᱚ ᱟᱹᱠᱤᱱ ᱦᱚᱸ ᱫᱤᱱᱟᱹᱢ ᱦᱤᱞᱚᱜᱼᱟ ᱡᱮᱞᱚ-ᱦᱟᱠᱚ ᱜᱮ ᱠᱤᱱ ᱡᱚᱢ ᱟᱨ ᱵᱟᱝ ᱫᱚ ᱟᱞᱮ ᱞᱮ ᱦᱮᱡᱼᱟ ᱠᱚᱜᱼᱟ ᱠᱷᱟᱱ ᱜᱮ।
train_santalimale_04076	wavs/train_santalimale_04076.wav	ᱢᱮᱱ ᱞᱮᱠᱷᱟᱱ ᱦᱟᱹᱬᱰᱤ-ᱯᱟᱹᱩᱨᱟᱹ ᱫᱚ ᱱᱟᱥᱮ ᱦᱚᱸ ᱟᱹᱠᱤᱱ ᱫᱚ ᱵᱟᱠᱤᱱ ᱧᱩᱭᱮᱫᱼᱟ ᱠᱟᱱ ᱛᱟᱸᱦᱮᱸᱱᱟ।
train_santalimale_04077	wavs/train_santalimale_04077.wav	ᱚᱱᱟ ᱤᱭᱟᱹᱛᱮ ᱯᱮᱲᱟᱹ ᱠᱚ ᱦᱮᱡᱼᱟ ᱟᱹᱠᱤᱱ ᱠᱷᱟᱱ ᱥᱟᱸᱜᱮ ᱦᱟᱲᱟᱹᱢ ᱟᱡᱼᱟ ᱫᱟᱫᱟ-ᱦᱤᱞᱤ ᱛᱟᱠᱚ ᱣᱟᱜᱼᱟ ᱧᱩ ᱥᱟᱫ ᱴᱮᱴᱣᱟᱥ ᱫᱚ ᱥᱟᱱᱟ ᱜᱚᱫᱚᱜᱼᱟ ᱠᱟᱱ ᱛᱟᱠᱚ ᱛᱟᱸᱦᱮᱸᱱ।
train_santalimale_04078	wavs/train_santalimale_04078.wav	ᱱᱚᱸᱝᱠᱟ ᱞᱮᱠᱟ ᱯᱮᱲᱟᱹ ᱪᱟᱞᱟᱜᱼᱟ ᱟᱨ ᱜᱤᱫᱨᱟᱹ ᱠᱚ ᱪᱟᱞᱟᱜᱼᱟ ᱫᱚ ᱛᱚᱸᱜᱮ ᱜᱮ ᱩᱱᱚᱠᱤᱱᱟᱹᱜᱼᱟ ᱚᱲᱟᱜᱼᱟ ᱨᱮ ᱞᱟᱜᱟᱣ ᱠᱚᱜᱼᱟ ᱠᱟᱱ ᱛᱟᱸᱦᱮᱸᱱᱟ।
train_santalimale_04079	wavs/train_santalimale_04079.wav	ᱵᱟᱱᱟ ᱦᱚᱲ ᱛᱟᱸᱦᱮᱸᱱ ᱨᱮᱫᱚ ᱵᱤᱨᱥᱟᱹ ᱛᱟᱠᱚ ᱣᱟᱜᱼᱟ ᱦᱮᱡᱼᱟ-ᱥᱮᱱ ᱵᱟᱵᱮᱨ ᱞᱮᱠᱟ ᱛᱤᱡᱼᱟ ᱜᱮ ᱛᱟᱸᱦᱮᱸᱱ ᱠᱟᱱ ᱛᱟᱸᱦᱮᱸᱱᱟ।
train_santalimale_04080	wavs/train_santalimale_04080.wav	ᱥᱚᱢᱚᱭ ᱯᱟᱨᱚᱢ ᱪᱟᱞᱟᱜᱼᱟ ᱥᱟᱸᱣᱚ-ᱥᱟᱸᱣ ᱛᱮ ᱥᱤᱨᱡᱚᱱᱤᱭᱟᱹ ᱫᱚ ᱟᱭᱟᱜᱼᱟ ᱡᱚᱲᱟᱹᱣ ᱨᱮᱭ ᱡᱚᱲᱟᱹᱣ ᱢᱮᱜᱮᱭᱟ।
train_santalimale_04081	wavs/train_santalimale_04081.wav	ᱱᱚᱟ ᱠᱷᱚᱱ ᱫᱚ ᱚᱠᱚᱭ ᱦᱚᱸ ᱵᱟᱠᱚ ᱵᱟᱫ ᱵᱮᱜᱟᱨᱚᱜᱼᱟᱟ।
train_santalimale_04082	wavs/train_santalimale_04082.wav	ᱧᱮᱞᱚ-ᱧᱮᱞ ᱛᱮ ᱥᱟᱱᱟᱢ ᱵᱷᱟᱹᱪᱟᱹᱛ ᱠᱚᱲᱟᱹ ᱛᱟᱠᱚ ᱠᱚ ᱡᱚᱲᱟᱹ-ᱡᱩᱛᱤ ᱣᱟᱜᱼᱟ ᱠᱚᱟ ᱟᱨ ᱵᱷᱟᱹᱪᱟᱹᱛ ᱠᱩᱲᱤ ᱛᱟᱠᱚ ᱦᱚᱸ ᱠᱚ ᱟᱵᱼᱟ ᱪᱟᱵᱟ ᱠᱟᱜᱼᱟ ᱠᱚᱟ।
train_santalimale_04083	wavs/train_santalimale_04083.wav	ᱥᱟᱸᱜᱮ ᱦᱟᱲᱟᱹᱢ ᱛᱟᱠᱚ ᱣᱟᱜᱼᱟ ᱵᱟᱠᱷᱚᱞ ᱫᱚ ᱥᱟᱸᱜᱮ ᱜᱚᱫᱼᱟ ᱮᱱᱟ।
train_santalimale_04084	wavs/train_santalimale_04084.wav	ᱛᱷᱚᱲᱟᱹ ᱫᱤᱱ ᱯᱚᱨᱮ-ᱯᱚᱨᱮ ᱜᱮᱞᱮ-ᱵᱟᱞᱮ ᱛᱮ ᱵᱟᱹᱫᱚ-ᱵᱟᱹᱤᱦᱟᱹᱲ ᱜᱮᱞᱮ ᱯᱩᱨᱩᱫᱷᱩᱞᱩᱜᱼᱟ ᱞᱮᱠᱟ ᱚᱲᱟᱹᱜᱼᱟ ᱨᱟᱪᱟ ᱠᱚ ᱦᱚᱸ ᱜᱮᱞᱮ ᱯᱩᱨᱩᱫᱷᱩᱞ ᱮᱱᱟ।
train_santalimale_04085	wavs/train_santalimale_04085.wav	ᱫᱟᱨᱮ ᱱᱟᱹᱸᱰᱤ ᱠᱚᱪᱟ ᱵᱟᱜᱣᱟᱱ ᱪᱮᱸᱰᱮᱸ ᱪᱤᱯᱩᱨᱩᱫᱼᱟ ᱠᱚᱟᱜᱼᱟ ᱨᱟᱜᱼᱟ ᱟᱲᱟᱝ ᱪᱮᱨᱚ-ᱵᱮᱨᱚ ᱛᱮ ᱥᱚᱦᱟᱱ ᱪᱚᱲᱟᱹᱝ ᱚᱜᱼᱟ ᱞᱮᱠᱟ ᱚᱲᱟᱜᱼᱟ ᱵᱟᱜᱣᱟᱱ ᱦᱚᱸ ᱥᱟᱡᱟᱣ ᱥᱚᱦᱟᱱ ᱮᱱᱟ।
train_santalimale_04086	wavs/train_santalimale_04086.wav	ᱟᱹᱠᱤᱱ ᱨᱮᱱ ᱵᱟᱹᱱᱩᱜᱼᱟ ᱠᱚᱛᱮ ᱜᱚᱲᱚᱢ ᱜᱤᱫᱨᱟᱹ ᱠᱚ ᱞᱟᱹᱜᱤᱫᱼᱟ ᱟᱹᱰᱤ ᱥᱟᱫ ᱟᱨ ᱦᱟᱹᱥᱚ-ᱨᱟᱹᱥᱠᱟᱹ ᱛᱟᱹᱠᱤᱱ।
train_santalimale_04087	wavs/train_santalimale_04087.wav	ᱥᱩᱠᱤ ᱦᱮᱸ ᱥᱩᱠᱤ, ᱚᱠᱚᱭ ᱫᱚ ᱠᱟᱹᱴᱤᱡᱼᱟ ᱠᱷᱚᱱ ᱯᱟᱲᱦᱟᱣ ᱛᱩᱞᱩᱡᱼᱟ ᱠᱤᱱ ᱜᱟᱛᱮ ᱦᱟᱨᱟ ᱞᱮᱱ।
train_santalimale_04088	wavs/train_santalimale_04088.wav	ᱫᱷᱟᱹᱨᱛᱤ ᱨᱮᱭᱟᱜᱼᱟ ᱟᱹᱪᱩᱨ ᱪᱟᱠᱷᱟ ᱥᱟᱸᱣᱛᱮ ᱢᱚᱱᱮ ᱟᱣᱤᱞ ᱫᱩᱯᱩᱞᱟᱹᱲ ᱨᱮᱭᱟᱜᱼᱟ ᱪᱟᱠᱷᱟ ᱫᱚ ᱟᱹᱪᱩᱨ ᱯᱟᱨᱚᱢ ᱞᱮᱱ।
train_santalimale_04089	wavs/train_santalimale_04089.wav	ᱥᱚᱢᱚᱭ ᱥᱮ ᱚᱜᱼᱟᱛᱮ ᱨᱮᱭᱟᱜᱼᱟ ᱫᱟᱲᱮᱹ ᱦᱚᱸ ᱱᱩᱱᱟᱹᱜᱼᱟ ᱟ, ᱚᱠᱟ ᱫᱚ ᱫᱷᱟᱹᱨᱛᱤ ᱨᱮᱭᱟᱜᱼᱟ ᱥᱟᱱᱟᱢ ᱟᱠᱚᱴ ᱢᱩᱦᱤᱢ ᱥᱟᱦᱟ ᱠᱟᱛᱮ ᱵᱟᱨ ᱡᱤᱣᱤ ᱢᱚᱱᱮ ᱨᱮ ᱱᱟᱣᱟᱸ ᱥᱟᱜᱮᱱ ᱥᱟᱠᱟᱢ ᱦᱤᱸᱥᱤᱫᱼᱟ ᱦᱚᱭ ᱛᱮ ᱦᱤᱯᱤᱲᱚ-ᱦᱤᱯᱤᱲ ᱞᱮᱱ।
train_santalimale_04090	wavs/train_santalimale_04090.wav	ᱚᱱᱟ ᱥᱟᱜᱮᱱ ᱫᱚ ᱪᱮᱫᱼᱟ ᱠᱟᱱᱟ?
train_santalimale_04091	wavs/train_santalimale_04091.wav	ᱚᱱᱟ ᱥᱟᱠᱟᱢ ᱫᱚ ᱪᱮᱫᱼᱟ ᱛᱟᱦᱮᱸᱠᱟᱱᱟ?
train_santalimale_04092	wavs/train_santalimale_04092.wav	ᱯᱟᱹᱦᱤᱞ ᱢᱟᱲᱟᱹᱝ ᱨᱮᱫᱚ ᱡᱟᱹᱱᱤᱡᱼᱟ ᱵᱟᱹᱵᱟᱹᱭ ᱵᱟᱲᱟᱭ ᱵᱩᱡ ᱧᱟᱢ ᱫᱟᱲᱮᱹ ᱦᱚᱫᱼᱟ ᱟᱜᱼᱟ ᱛᱟᱦᱮᱸᱠᱟᱱᱟ।
train_santalimale_04093	wavs/train_santalimale_04093.wav	ᱢᱮᱱᱠᱷᱟᱱ ᱛᱟᱭᱚᱢ ᱛᱮ ᱚᱱᱟ ᱫᱚ ᱟᱹᱰᱤ ᱵᱷᱟᱜᱮ ᱢᱚᱧᱡᱛᱮᱭ ᱵᱩᱡ ᱧᱟᱢ ᱠᱮᱫᱟ।
train_santalimale_04094	wavs/train_santalimale_04094.wav	ᱚᱠᱟ ᱫᱚ ᱟᱡᱼᱟ ᱚᱱᱟ ᱰᱟᱦᱟᱨ ᱨᱮ ᱡᱟᱝᱜᱟᱭ ᱛᱟᱲᱟᱹᱢ ᱞᱟᱹᱜᱤᱫᱼᱟ ᱞᱟᱦᱟ ᱞᱮᱱ ᱛᱟᱭᱟ।
train_santalimale_04095	wavs/train_santalimale_04095.wav	ᱟᱨ, ᱮᱱᱛᱮ ᱪᱟᱜᱼᱟ ᱵᱟᱝ ᱱᱚᱟ ᱫᱚ ᱢᱟᱹᱱᱢᱤ ᱠᱚᱣᱟᱜᱼᱟ ᱥᱮ ᱮᱴᱟᱜᱼᱟ ᱦᱚᱲᱟᱹᱜᱼᱟ ᱟᱹᱪᱩ ᱦᱚᱸ ᱵᱟᱝ ᱠᱟᱱᱟ।
train_santalimale_04096	wavs/train_santalimale_04096.wav	ᱥᱤᱨᱡᱚᱱᱤᱭᱟᱹ ᱟᱜᱼᱟ ᱟᱣᱤᱞ ᱞᱮᱠᱷᱟ-ᱡᱚᱠᱷᱟ ᱡᱤᱞᱤᱧ ᱰᱟᱦᱟᱨ ᱚᱠᱚᱭ ᱵᱟᱲᱮᱭ ᱠᱷᱟᱴᱚ ᱠᱮ?
train_santalimale_04097	wavs/train_santalimale_04097.wav	ᱚᱠᱚᱭ ᱞᱮᱠᱟᱱᱤᱡᱼᱟ ᱵᱟᱲᱮᱹ ᱱᱚᱟ ᱦᱚᱨ ᱛᱮ ᱵᱟᱝ ᱮ ᱛᱟᱲᱟᱹᱢ ᱠᱮ?
train_santalimale_04098	wavs/train_santalimale_04098.wav	ᱡᱟᱹᱱᱤᱡᱼᱟ ᱚᱱᱟ ᱫᱚ ᱵᱟᱨ ᱡᱩᱫᱟᱹ-ᱡᱩᱫᱟᱹ ᱟᱹᱱᱟᱹᱲᱤ ᱯᱷᱟᱨᱟᱠ ᱢᱚᱱ ᱠᱷᱚᱱ ᱢᱤᱫᱼᱟ ᱠᱟᱛᱮ ᱚᱠᱟ ᱱᱟᱣᱟᱸ ᱢᱤᱫᱼᱟᱴᱮᱱ ᱢᱚᱱᱮ ᱞᱟᱲᱟᱣ ᱨᱟᱠᱟᱵᱼᱟ ᱮᱱ, ᱚᱱᱟ ᱠᱟᱱ ᱜᱮᱭᱟ ᱱᱚᱟ ᱫᱚ।
train_santalimale_04099	wavs/train_santalimale_04099.wav	ᱛᱟᱭᱚᱢ ᱛᱮ ᱱᱚᱟ ᱢᱚᱱᱮ ᱫᱚ ᱱᱩᱱᱟᱹᱜᱼᱟ ᱠᱮᱴᱮᱡᱼᱟ ᱮᱱᱟ, ᱚᱠᱟ ᱫᱚ ᱫᱷᱟᱹᱨᱛᱤ ᱨᱮᱭᱟᱜᱼᱟ ᱥᱟᱱᱟᱢ ᱫᱟᱲᱮᱹᱭᱮ ᱱᱤᱥᱲᱟᱹᱩ ᱠᱮᱫᱼᱟ।
train_santalimale_04100	wavs/train_santalimale_04100.wav	ᱚᱠᱟ ᱫᱚ ᱡᱟᱹᱱᱩᱢ ᱰᱟᱦᱟᱨ ᱨᱮ ᱛᱟᱲᱟᱹᱢ ᱞᱟᱹᱜᱤᱫᱼᱟ ᱦᱚᱸᱭ ᱨᱟᱹᱡᱤᱜᱼᱟ ᱠᱟᱱ, ᱡᱤᱣᱤ ᱟᱞᱟᱭ ᱦᱚᱸ ᱵᱟᱭ ᱵᱚᱛᱚᱨᱚᱜᱼᱟ ᱠᱟᱱ ᱟᱨ ᱮᱴᱟᱜᱼᱟ ᱦᱚᱲᱟᱹᱜᱼᱟ ᱠᱷᱟᱹᱛᱤᱨ ᱛᱮ ᱟᱭᱟᱜᱼᱟ ᱡᱤᱣᱤ ᱟᱞᱟ ᱞᱟᱹᱜᱤᱫᱼᱟ ᱦᱚᱸᱭ ᱢᱚᱱᱮ ᱢᱩᱨᱩᱠᱚᱜᱼᱟ ᱠᱟᱱ।
train_santalimale_04101	wavs/train_santalimale_04101.wav	ᱢᱚᱱᱮ ᱨᱮᱭᱟᱜᱼᱟ ᱟᱹᱠᱩᱛ ᱠᱟᱛᱷᱟ ᱞᱟᱹᱞᱟᱹᱤ ᱵᱟᱝ ᱥᱟᱱᱟᱧ ᱠᱟᱱᱟ।
train_santalimale_04102	wavs/train_santalimale_04102.wav	ᱢᱮᱱᱠᱷᱟᱱ ᱤᱧ ᱢᱟ ᱢᱤᱫᱼᱟ ᱚᱱᱚᱞᱤᱭᱟ, ᱠᱟᱛᱷᱟ ᱵᱟᱹᱧ ᱚᱞ ᱞᱮᱠᱷᱟᱱ ᱦᱚᱲ ᱪᱮᱠᱟ ᱠᱚ ᱵᱟᱰᱟᱭ ᱧᱟᱢᱟ।
train_santalimale_04103	wavs/train_santalimale_04103.wav	ᱤᱧᱟᱹᱜᱼᱟ ᱢᱚᱱᱮ ᱨᱮᱭᱟᱜᱼᱟ ᱫᱷᱟᱠ ᱦᱟᱢᱟᱞ ᱪᱮᱠᱟ ᱠᱟᱛᱮᱫᱼᱟ ᱨᱟᱣᱟᱞᱚᱜᱼᱟ ᱛᱤᱧᱟ।
train_santalimale_04104	wavs/train_santalimale_04104.wav	ᱚᱱᱟᱛᱮ ᱞᱟᱹᱞᱟᱹᱤ ᱜᱮᱛᱮ ᱦᱚᱭᱚᱜᱼᱟ ᱠᱟᱱ ᱛᱤᱧᱟᱹ।
train_santalimale_04105	wavs/train_santalimale_04105.wav	ᱱᱚᱟ ᱫᱚ ᱥᱩᱠᱤ ᱟᱨ ᱵᱟᱹᱵᱟᱹᱭ ᱛᱟᱹᱠᱤᱱᱟᱹᱜᱼᱟ ᱠᱚᱞᱮᱡ ᱨᱮᱭᱟᱜᱼᱟ ᱛᱩᱨᱩᱭᱟᱜᱼᱟ ᱫᱤᱱ ᱠᱷᱚᱱ ᱜᱮ ᱡᱟᱹᱱᱤᱡᱼᱟ ᱰᱷᱮᱨ ᱫᱚ ᱠᱮᱴᱮᱡᱼᱟ ᱤᱫᱤᱞᱮᱱ ᱛᱟᱹᱠᱤᱱᱟᱹ।
train_santalimale_04106	wavs/train_santalimale_04106.wav	ᱯᱟᱹᱦᱤᱞ ᱫᱤᱱ ᱦᱤᱞᱚᱜᱼᱟ ᱦᱚᱸ ᱧᱟᱯᱟᱢ ᱥᱟᱸᱣ ᱛᱮ ᱢᱚᱱ ᱨᱮ ᱢᱚᱱ ᱨᱮᱭᱟᱜᱼᱟ ᱢᱚᱦᱮᱸ ᱲᱚᱜ ᱫᱚ ᱡᱟᱹᱱᱤᱡᱼᱟ ᱢᱮᱥᱠᱚᱡᱼᱟ ᱞᱮᱱ ᱜᱮᱭᱟ।
train_santalimale_04107	wavs/train_santalimale_04107.wav	ᱢᱮᱱᱠᱷᱟᱱ ᱟᱹᱰᱤ ᱠᱚᱢ ᱚᱠᱛᱮ ᱨᱮᱜᱮ ᱚᱱᱟ ᱫᱚ ᱪᱮᱫᱼᱟ ᱠᱚ ᱤᱭᱟᱹᱛᱮ ᱪᱚ ᱟᱹᱩᱨᱤ ᱯᱷᱩᱴᱟᱹᱩ ᱯᱩᱨᱟᱹᱣᱚᱜᱼᱟ ᱨᱮᱜᱮ ᱜᱚᱥᱚ ᱠᱟᱛᱮ ᱢᱚᱥᱚᱫᱼᱟ ᱦᱟᱯᱮ ᱞᱮᱱᱟ।
train_santalimale_04108	wavs/train_santalimale_04108.wav	ᱤᱧ ᱦᱚᱸ ᱱᱟᱥᱮ ᱵᱟᱹᱧ ᱵᱩᱡ ᱧᱟᱢ ᱫᱟᱲᱮᱹᱭᱟᱫᱟ ᱟᱨ ᱫᱟᱭᱟ ᱜᱮ ᱫᱷᱩᱲᱤ ᱫᱷᱟᱹᱨᱛᱤ ᱨᱮ ᱧᱩᱨ ᱠᱟᱛᱮ ᱦᱚᱲᱟᱜᱼᱟ ᱡᱟᱝᱜᱟ ᱫᱷᱩᱲᱤ ᱛᱮᱭ ᱠᱚᱞᱥᱟ ᱞᱚᱥᱚ-ᱯᱚᱬᱲᱚ ᱚᱪᱚᱭᱮᱱᱟ।
train_santalimale_04109	wavs/train_santalimale_04109.wav	ᱦᱚᱭᱚᱜᱼᱟ ᱟ ᱡᱟᱹᱱᱤᱡᱼᱟ ᱢᱚᱱᱮ ᱨᱮ ᱞᱟᱡᱟᱣ ᱟᱨ ᱵᱷᱚᱭᱚᱱ ᱡᱟᱱᱟᱢ ᱞᱮᱱᱟ।
train_santalimale_04110	wavs/train_santalimale_04110.wav	ᱢᱮᱱᱠᱷᱟᱱ ᱪᱮᱠᱟ ᱚᱱᱟ ᱵᱷᱚᱭᱚᱱ ᱜᱮ ᱡᱟᱭᱚᱡᱩᱜ ᱦᱟᱹᱵᱤᱡᱼᱟ ᱦᱚᱨ ᱮ ᱮᱥᱮᱫᱼᱟ ᱠᱟᱜᱼᱟ ᱟ।
train_santalimale_04111	wavs/train_santalimale_04111.wav	ᱥᱤᱧ ᱪᱟᱸᱫᱚᱭ ᱨᱟᱠᱟᱵᱼᱟ ᱞᱮᱱᱠᱷᱟᱱ ᱢᱟᱨᱥᱟᱞᱚᱜᱼᱟ ᱟ।
train_santalimale_04112	wavs/train_santalimale_04112.wav	ᱫᱤᱣᱦᱟᱹ ᱵᱟᱹᱛᱤ ᱛᱮᱫᱚ ᱮᱬᱰᱮ ᱢᱚᱛᱚᱱᱟᱜᱼᱟ ᱟᱨ ᱥᱤᱧ ᱪᱟᱸᱫᱚᱸ ᱛᱮᱫᱚ ᱜᱚᱴᱟ ᱨᱮᱭᱟᱜᱼᱟ।
train_santalimale_04113	wavs/train_santalimale_04113.wav	ᱫᱤᱣᱦᱟᱹ ᱵᱟᱹᱛᱤ ᱡᱮᱨᱮᱫᱼᱟ ᱞᱮᱠᱷᱟᱱ ᱧᱩᱛ ᱥᱟᱦᱟᱜᱼᱟ ᱟ।
train_santalimale_04114	wavs/train_santalimale_04114.wav	ᱚᱱᱟ ᱞᱮᱠᱟ ᱥᱩᱠᱤ ᱟᱨ ᱵᱟᱹᱵᱟᱹᱭ ᱛᱟᱹᱠᱤᱱᱟᱹᱜᱼᱟ ᱢᱚᱱ ᱠᱷᱚᱱ ᱦᱚᱸ ᱧᱩᱛ ᱟᱨ ᱠᱩᱦᱲᱟᱹ ᱥᱟ ᱠᱟᱛᱮᱱ ᱡᱟᱝᱜᱟ ᱫᱚ ᱢᱟᱨᱥᱟᱞ ᱦᱚᱨ ᱥᱮᱡᱼᱟ ᱛᱟᱲᱟᱹᱢ ᱞᱟᱹᱜᱤᱫᱼᱟ ᱠᱤᱱ ᱨᱮᱵᱮᱱ ᱡᱚᱝ ᱟᱠᱟᱱᱟ।
train_santalimale_04115	wavs/train_santalimale_04115.wav	ᱢᱚᱱᱮ ᱫᱚ ᱛᱷᱤᱨ ᱵᱟᱹᱱᱩᱜᱼᱟ ᱛᱟᱹᱠᱤᱱᱟᱹ।
train_santalimale_04116	wavs/train_santalimale_04116.wav	ᱢᱚᱱᱮ ᱨᱮ ᱧᱟᱢ ᱠᱟᱱᱟᱠᱤᱱ ᱱᱚᱝᱠᱟᱱ ᱢᱟᱨᱥᱟᱞ ᱚᱠᱟ ᱫᱚ ᱩᱱᱚᱠᱤᱱ ᱴᱷᱮᱱ ᱚᱱᱟ ᱮᱞᱟᱝ ᱛᱮ ᱪᱮᱞᱮ ᱦᱚᱸ ᱵᱟᱝ ᱠᱚ ᱴᱤᱠᱟᱹᱩ ᱫᱟᱲᱮᱹᱭᱟᱜᱼᱟ।
train_santalimale_04117	wavs/train_santalimale_04117.wav	ᱢᱚᱱᱮ ᱨᱮ ᱱᱚᱟ ᱦᱚᱸᱭ ᱧᱟᱢ ᱠᱟᱱᱟ ᱡᱮ ᱫᱷᱟᱹᱨᱛᱤ ᱨᱮᱭᱟᱜᱼᱟ ᱥᱟᱱᱟᱢ ᱫᱟᱭᱟ-ᱢᱟᱭᱟ ᱫᱮᱭᱟ ᱠᱟᱛᱮ ᱱᱟᱣᱟᱸ ᱡᱤᱭᱚᱱ ᱲᱚᱸᱜᱟ ᱨᱮ ᱡᱟᱝᱜᱟ ᱫᱚᱦᱚᱭ ᱠᱤᱱ ᱨᱮᱵᱮᱱ ᱠᱟᱱᱟ।
train_santalimale_04118	wavs/train_santalimale_04118.wav	ᱵᱟᱹᱵᱟᱹᱭ ᱫᱚᱭ ᱦᱩᱫᱤᱥ ᱡᱚᱝ ᱠᱟᱱᱟ ᱱᱚᱟ ᱠᱩᱠᱢᱩ ᱫᱚ ᱛᱤᱱᱟᱹᱜᱼᱟ ᱫᱤᱱ ᱱᱚᱝᱠᱟ ᱜᱮ ᱛᱟᱦᱮᱸᱱᱟ?
train_santalimale_04119	wavs/train_santalimale_04119.wav	ᱥᱮ ᱫᱤᱱᱟᱹᱢ ᱦᱤᱞᱚᱜᱼᱟ ᱡᱩᱛᱟᱛ ᱨᱮ ᱠᱩᱠᱢᱩ ᱠᱟᱛᱮ ᱢᱚᱱᱮ ᱫᱚᱭ ᱯᱩᱨᱩᱱᱟ।
train_santalimale_04120	wavs/train_santalimale_04120.wav	ᱵᱩᱡ ᱜᱮ ᱵᱟᱭ ᱧᱟᱢ ᱫᱟᱲᱮᱹᱭᱟᱜᱼᱟ ᱠᱟᱱᱟ।
train_santalimale_04121	wavs/train_santalimale_04121.wav	ᱥᱚᱢᱚᱭ ᱫᱚ ᱯᱟᱨᱚᱢ ᱪᱟᱞᱟᱜᱼᱟ ᱠᱟᱱᱟ।
train_santalimale_04122	wavs/train_santalimale_04122.wav	ᱥᱚᱢᱚᱭ ᱨᱮᱜᱮ ᱥᱟᱱᱟᱢᱟᱜᱼᱟ ᱥᱤᱨᱡᱟᱹᱜᱼᱟ ᱟ ᱟᱨ ᱵᱤᱨᱡᱟᱹᱜᱼᱟ ᱟ।
train_santalimale_04123	wavs/train_santalimale_04123.wav	ᱚᱦᱢᱟ ᱛᱮᱦᱚᱸ ᱱᱟᱥᱮ ᱵᱟᱭ ᱵᱩᱡ ᱧᱟᱢ ᱫᱟᱲᱮᱹᱭᱟᱜᱼᱟ ᱠᱟᱱᱟ ᱡᱮ ᱦᱟᱯᱮᱱ ᱫᱤᱱ ᱨᱮ ᱪᱮᱫᱼᱟ ᱪᱮᱠᱟᱜᱼᱟ ᱟ?
train_santalimale_04124	wavs/train_santalimale_04124.wav	ᱱᱟᱥᱮ ᱵᱟᱭ ᱵᱟᱰᱟᱭ ᱡᱚᱝ ᱠᱟᱱ ᱛᱟᱦᱮᱸᱱᱟ ᱡᱮ ᱱᱚᱟ ᱛᱚᱱᱚᱞ ᱫᱚ ᱱᱩᱱᱟᱹᱜᱼᱟ ᱟᱸᱴ ᱛᱚᱞ ᱠᱮᱴᱮᱡᱚᱜᱼᱟ ᱟ ᱢᱮᱱᱛᱮ।
train_santalimale_04125	wavs/train_santalimale_04125.wav	ᱛᱤ ᱛᱮᱭ ᱚᱨ ᱞᱮᱜᱟ ᱞᱮᱫᱼᱟ ᱜᱮᱭᱟ, ᱵᱟᱝ ᱮ ᱛᱚᱯᱟᱜᱼᱟ ᱫᱟᱲᱮᱭᱟᱜᱼᱟ ᱛᱟᱦᱮᱸ।
train_santalimale_04126	wavs/train_santalimale_04126.wav	ᱢᱚᱱᱮ ᱛᱮᱦᱚᱸᱭ ᱦᱤᱲᱤᱧ ᱞᱮᱫᱼᱟ ᱜᱮᱭᱟ, ᱢᱮᱱᱠᱷᱟᱱ ᱠᱩᱠᱢᱩᱛᱮ ᱟᱨ ᱦᱚᱸᱭ ᱧᱟᱢ ᱨᱩᱟᱹᱲ ᱠᱮᱫᱼᱟ ᱜᱮᱭᱟ।
train_santalimale_04127	wavs/train_santalimale_04127.wav	ᱵᱟᱭ ᱵᱩᱡ ᱧᱟᱢ ᱫᱟᱲᱮᱹᱭᱟᱜᱼᱟ ᱠᱟᱱᱟ।
train_santalimale_04128	wavs/train_santalimale_04128.wav	ᱟᱹᱠᱤᱞᱟᱱ ᱠᱚ ᱴᱷᱮᱱ ᱠᱩᱞᱤ-ᱠᱩᱞᱤ ᱛᱮ ᱢᱚᱪᱟ ᱞᱟᱰᱟᱸᱜ ᱪᱟᱵᱟᱭᱮᱱ ᱛᱟᱭᱟ।
train_santalimale_04129	wavs/train_santalimale_04129.wav	ᱮᱱ ᱨᱮᱦᱚᱸ ᱛᱮᱞᱟ ᱫᱚ ᱵᱟᱝ ᱠᱚ ᱮᱢ ᱫᱟᱲᱮᱭᱟᱫᱮᱭᱟ।
train_santalimale_04130	wavs/train_santalimale_04130.wav	ᱥᱟᱢᱟᱝ ᱨᱮ ᱪᱮᱫᱼᱟ ᱩᱯᱟᱹᱤ ᱦᱚᱸ ᱵᱟᱝ ᱮ ᱵᱩᱡ ᱧᱟᱢ ᱫᱟᱲᱮᱹᱭᱟᱜᱼᱟ ᱠᱟᱱᱟ।
train_santalimale_04131	wavs/train_santalimale_04131.wav	ᱚᱠᱟ ᱞᱮᱠᱟᱛᱮ ᱱᱚᱟ ᱫᱚ ᱱᱚᱝᱠᱟᱭᱮᱱᱟ?
train_santalimale_04132	wavs/train_santalimale_04132.wav	ᱱᱚᱟ ᱨᱮᱭᱟᱜᱼᱟ ᱵᱷᱮᱫ ᱫᱚ ᱵᱟᱰᱟᱭ ᱥᱟᱱᱟᱭᱮ ᱠᱟᱱᱟ ᱟᱨ ᱱᱚᱟ ᱧᱟᱧᱟᱢ ᱨᱮᱜᱮ ᱢᱮᱱᱟᱭᱟ।
train_santalimale_04133	wavs/train_santalimale_04133.wav	ᱛᱟᱠ ᱞᱮᱠᱟᱭᱮ ᱠᱚᱭᱚᱜᱼᱟ ᱠᱮᱫᱼᱟ ᱢᱤᱫᱼᱟᱴᱮᱱ ᱡᱟᱴᱟ ᱥᱟᱹᱫᱷᱩᱭᱮ ᱧᱮᱞ ᱠᱮᱫᱮᱭᱟ।
train_santalimale_04134	wavs/train_santalimale_04134.wav	ᱯᱩᱞ ᱪᱮᱛᱟᱱ ᱨᱮᱭ ᱫᱩᱰᱩᱵᱼᱟ ᱟᱠᱟᱱᱟ।
train_santalimale_04135	wavs/train_santalimale_04135.wav	ᱩᱱᱤ ᱫᱚᱭ ᱯᱟᱨᱚᱢ ᱪᱟᱞᱟᱜᱼᱟ ᱠᱟᱱᱟ।
train_santalimale_04136	wavs/train_santalimale_04136.wav	ᱪᱮᱦᱨᱟ ᱡᱩᱣᱟᱹᱱ ᱠᱚᱲᱟ ᱧᱮᱞ ᱛᱮ ᱥᱟᱹᱫᱷᱩ ᱫᱚ ᱵᱟᱹᱵᱟᱹᱭ ᱥᱮᱱᱮ ᱠᱚᱭᱚᱜᱼᱟ ᱠᱮᱫᱟ।
train_santalimale_04137	wavs/train_santalimale_04137.wav	ᱢᱮᱫᱼᱟ ᱦᱚᱸ ᱢᱩᱞᱤᱱ ᱟᱠᱟᱱ ᱟᱨ ᱵᱷᱟᱵᱱᱟ ᱥᱟᱛᱟᱞᱟᱜᱼᱟ ᱡᱤᱭᱚᱱ ᱨᱮᱭᱟᱜᱼᱟ ᱡᱚᱛᱷᱟᱛ ᱠᱩᱜᱼᱟᱞᱤ ᱨᱮᱭᱟᱜᱼᱟ ᱛᱮᱞᱟ ᱧᱟᱧᱟᱢ ᱨᱮ ᱴᱮᱴᱣᱟᱥ ᱟᱠᱟᱱ ᱢᱮᱱᱟᱭ।
train_santalimale_04138	wavs/train_santalimale_04138.wav	ᱱᱚᱝᱠᱟᱱ ᱵᱷᱟᱣ ᱮ ᱧᱮᱞ ᱚᱨᱚᱢ ᱠᱮᱫᱼᱟ ᱛᱟᱭ।
train_santalimale_04139	wavs/train_santalimale_04139.wav	ᱩᱱᱤ ᱥᱟᱹᱫᱷᱩ ᱫᱚ ᱵᱟᱹᱵᱟᱹᱭ ᱥᱚᱛᱮᱡᱼᱟ ᱪᱮᱫᱼᱟ ᱨᱚᱨᱚᱲ ᱪᱚᱭ ᱢᱮᱱᱮᱫᱼᱟ ᱠᱟᱱ ᱛᱟᱦᱮᱸ, ᱢᱮᱱᱠᱷᱟᱱ ᱪᱮᱫᱟᱜᱼᱟ ᱪᱮᱫᱼᱟ ᱤᱭᱟᱹᱛᱮ ᱪᱚ ᱟᱞᱟᱝ ᱵᱟᱝ ᱩᱞᱴᱟᱹᱩ ᱞᱮᱱ ᱛᱟᱭ ᱚᱦᱚ ᱢᱮᱱ ᱠᱮ!
train_santalimale_04140	wavs/train_santalimale_04140.wav	ᱚᱱᱟ ᱛᱮᱜᱮ ᱡᱟᱹᱱᱤᱡᱼᱟ ᱩᱱᱤ ᱥᱚᱛᱮᱡᱼᱟ ᱵᱟᱭ ᱨᱚᱲ ᱞᱮᱫᱟ ᱟᱨ ᱯᱟᱨᱚᱢ ᱪᱟᱞᱟᱣᱮᱱᱟ।
train_santalimale_04141	wavs/train_santalimale_04141.wav	ᱢᱤᱫᱼᱟ ᱫᱤᱱ ᱠᱚᱞᱮᱡ ᱨᱮᱭᱟᱜᱼᱟ ᱵᱟᱨᱟᱱᱰᱟ ᱨᱮᱸ ᱥᱩᱠᱤ ᱟᱭᱟᱜᱼᱟ ᱠᱟᱛᱷᱟ ᱵᱟᱹᱵᱟᱹᱭᱮ ᱥᱚᱫᱚᱨ ᱟᱫᱮᱭᱟ।
train_santalimale_04142	wavs/train_santalimale_04142.wav	ᱱᱚᱟ ᱠᱟᱛᱷᱟ ᱟᱧᱡᱚᱢ ᱠᱟᱛᱮ ᱢᱤᱫᱼᱟ ᱜᱷᱟᱹᱲᱤ ᱞᱟᱹᱜᱤᱫᱼᱟ ᱢᱚᱱᱮ ᱨᱮ ᱟᱹᱰᱤ ᱨᱟᱹᱥᱠᱟᱹᱭᱮ ᱟᱹᱤᱠᱟᱹᱩ ᱠᱮᱫᱟ।
train_santalimale_04143	wavs/train_santalimale_04143.wav	ᱦᱩᱫᱤᱥ ᱡᱚᱝ ᱠᱟᱱᱟᱭ ᱱᱚᱟ ᱫᱚ ᱮᱲᱮ ᱠᱟᱛᱷᱟ ᱠᱟᱱᱟ ᱟᱨ ᱮᱲᱮ ᱤᱫᱤᱧ ᱠᱟᱱᱟ।
train_santalimale_04144	wavs/train_santalimale_04144.wav	ᱚᱱᱟ ᱤᱭᱟᱹᱛᱮ ᱱᱚᱝᱠᱟᱱ ᱠᱟᱛᱷᱟ ᱫᱚ ᱵᱟᱝ ᱦᱚᱭ ᱫᱟᱲᱮᱹᱭᱟᱜᱼᱟ ᱟ।
train_santalimale_04145	wavs/train_santalimale_04145.wav	ᱢᱤᱫᱼᱟ ᱜᱷᱟᱹᱲᱤ ᱵᱟᱫ ᱠᱟᱛᱷᱟ ᱯᱷᱮᱨᱟᱣ ᱛᱩᱞᱩᱡᱼᱟ ᱥᱩᱠᱤ ᱫᱚ ᱡᱤᱭᱚᱱ ᱨᱮᱭᱟᱜᱼᱟ ᱥᱟᱹᱨᱤ ᱠᱟᱛᱷᱟ ᱦᱟᱯᱮᱱ ᱨᱮᱭᱟᱜᱼᱟ ᱡᱚᱛᱷᱟᱛ ᱠᱟᱛᱷᱟᱭᱮ ᱞᱟᱹᱤ ᱟᱫᱮᱭᱟ।
train_santalimale_04146	wavs/train_santalimale_04146.wav	ᱢᱟ ᱯᱟᱹᱦᱤᱞ ᱠᱷᱚᱱ ᱮᱢ ᱪᱤᱭᱟᱹ ᱟᱠᱟᱫᱼᱟ ᱛᱟᱦᱮᱸ ᱚᱱᱟ ᱠᱚ ᱫᱟᱨᱮ ᱱᱟᱹᱲᱤ ᱫᱚ ᱦᱟᱞᱮ ᱛᱤᱱᱟᱹᱜᱼᱟ ᱫᱤᱱ ᱚᱱᱚᱨᱚᱢᱮ ᱥᱚᱵᱷᱟ ᱥᱟᱹᱦᱱᱟᱹᱥ ᱟ।
train_santalimale_04147	wavs/train_santalimale_04147.wav	ᱠᱟᱛᱷᱟ ᱨᱮᱭᱟᱜᱼᱟ ᱵᱷᱚᱝ ᱵᱟᱭ ᱵᱩᱡ ᱞᱮᱫᱼᱟ ᱛᱮ ᱵᱟᱹᱵᱟᱹᱭ ᱫᱚᱭ ᱟᱨ ᱦᱚᱸᱭ ᱠᱩᱞᱤ ᱫᱚᱦᱲᱟ ᱠᱮᱫᱮᱭᱟ।
train_santalimale_04148	wavs/train_santalimale_04148.wav	ᱵᱟᱹᱧ ᱵᱩᱡ ᱧᱟᱢ ᱫᱟᱲᱮᱭᱟᱫᱼᱟ ᱛᱟᱢᱟ ᱟᱢᱟᱜᱼᱟ ᱢᱮᱱ ᱨᱮᱭᱟᱜᱼᱟ ᱢᱮᱱᱮᱫᱼᱟ ᱫᱚ।
train_santalimale_04149	wavs/train_santalimale_04149.wav	ᱟᱢ ᱪᱮᱫᱼᱟ ᱮᱢ ᱢᱮᱱ ᱞᱟᱹᱜᱤᱫᱚᱜᱼᱟ ᱠᱟᱱᱟ ᱟᱨ ᱪᱮᱫᱼᱟ ᱮᱢ ᱢᱤᱛᱟᱹᱧ ᱞᱟᱹᱜᱤᱫᱼᱟ?
train_santalimale_04150	wavs/train_santalimale_04150.wav	ᱵᱟᱹᱵᱟᱹᱭ ᱦᱚᱸ ᱥᱟᱱᱟᱢ ᱠᱟᱛᱷᱟᱭᱮ ᱞᱟᱹᱤ ᱪᱟᱵᱟᱣᱟᱫᱮᱭᱟ, ᱚᱲᱮ ᱚᱲᱯᱟᱛ।
train_santalimale_04151	wavs/train_santalimale_04151.wav	ᱥᱩᱠᱤ ᱫᱚ ᱥᱟᱱᱟᱢ ᱠᱟᱛᱷᱟᱭᱮ ᱟᱧᱡᱚᱢ ᱠᱮᱫᱟ।
train_santalimale_04152	wavs/train_santalimale_04152.wav	ᱱᱚᱟ ᱠᱚ ᱠᱟᱛᱷᱟ ᱟᱧᱡᱚᱢ ᱥᱟᱸᱣᱛᱮ ᱫᱤᱥᱚ-ᱦᱩᱫᱤᱥ ᱠᱷᱟᱹᱱᱫᱚᱨᱤᱧ ᱨᱮ ᱵᱚᱞᱚᱠᱟᱛᱮ ᱱᱚᱟ ᱠᱟᱛᱷᱟᱭᱮ ᱟᱸᱡᱞᱮ ᱚᱣᱟᱨ ᱨᱟᱠᱟᱵᱼᱟ ᱠᱮᱫᱟ - ᱢᱟ, ᱧᱟᱢ ᱠᱚᱢ, ᱪᱤᱭᱟᱹ ᱠᱚᱢ ᱮᱴᱟᱜᱼᱟ ᱢᱤᱨᱩ ᱪᱮᱸᱰᱮᱸ।
train_santalimale_04153	wavs/train_santalimale_04153.wav	ᱱᱩᱭ ᱢᱤᱨᱩ ᱫᱚ ᱛᱤᱱᱟᱹᱜᱼᱟ ᱫᱤᱱ ᱟᱢᱟᱜᱼᱟ ᱵᱷᱤᱛᱟᱹᱨ ᱢᱚᱱ ᱠᱷᱟᱧᱪᱟ ᱫᱚᱭ ᱥᱚᱵᱷᱟᱭ ᱛᱟᱢᱟ।
train_santalimale_04154	wavs/train_santalimale_04154.wav	ᱮᱱᱛᱮ ᱯᱷᱟᱹᱸᱠᱲᱟᱹᱸᱜᱼᱟ ᱤᱞ ᱦᱚᱸ ᱦᱟᱨᱟᱭᱮᱱ ᱛᱟᱭᱟ ᱟᱨ ᱩᱲᱟᱹᱜᱼᱟ ᱞᱟᱹᱜᱤᱫᱼᱟ ᱟᱡᱼᱟ ᱴᱷᱮᱱ ᱫᱟᱲᱮᱹ ᱦᱚᱸ ᱡᱟᱱᱟᱢᱮᱱ ᱛᱟᱭᱟ।
train_santalimale_04155	wavs/train_santalimale_04155.wav	ᱟᱢᱟᱜᱼᱟ ᱠᱷᱟᱧᱪᱟ ᱵᱟᱹᱜᱤ ᱠᱟᱛᱮᱱ ᱩᱲᱟᱹᱜᱼᱟ ᱫᱚ ᱵᱟᱭ ᱨᱮᱵᱮᱱ ᱠᱟᱱᱟ।
train_santalimale_04156	wavs/train_santalimale_04156.wav	ᱟᱡᱼᱟ ᱨᱮᱱ ᱪᱟᱪᱚᱠᱤᱭᱟᱹ ᱟᱨ ᱥᱚᱛᱚᱜᱤᱭᱟᱹ ᱩᱲᱟᱹᱣᱚᱜᱼᱟ ᱞᱟᱹᱜᱤᱫᱼᱟ ᱤᱞ ᱠᱤᱱ ᱯᱟᱥᱱᱟᱣᱮᱫᱼᱟ ᱛᱟᱭᱟ।
train_santalimale_04157	wavs/train_santalimale_04157.wav	ᱟᱫᱚ ᱮᱱᱛᱮ ᱚᱱᱟ ᱯᱟᱥᱱᱟᱣ ᱤᱞ ᱫᱚ ᱚᱦᱚᱭ ᱥᱤᱠᱩᱵᱼᱟ ᱨᱩᱟᱹᱲ ᱫᱟᱲᱮᱹ ᱠᱮᱭᱟ।
train_santalimale_04158	wavs/train_santalimale_04158.wav	ᱢᱤᱪᱷᱟᱹ ᱩᱱᱟᱜᱼᱟ ᱫᱤᱱ ᱠᱷᱚᱱ ᱞᱟᱝ ᱨᱚᱲ ᱞᱟᱱᱫᱟ ᱠᱮᱫᱟ।
train_santalimale_04159	wavs/train_santalimale_04159.wav	ᱠᱷᱟᱹᱞᱤ ᱟᱞᱟᱝ ᱫᱚ ᱨᱚᱲ ᱞᱟᱱᱫᱟ ᱵᱷᱚᱨ ᱜᱮ।
train_santalimale_04160	wavs/train_santalimale_04160.wav	ᱚᱠᱚᱨ ᱤᱧ ᱦᱚᱸ ᱪᱮᱫᱼᱟ ᱜᱮ ᱵᱟᱹᱧ ᱵᱷᱩᱞ ᱟᱠᱟᱫᱟ ᱟᱨ ᱟᱢ ᱦᱚᱸ ᱪᱮᱫᱼᱟ ᱜᱮ ᱵᱟᱢ ᱵᱷᱩᱞ ᱟᱠᱟᱫᱟ।
train_santalimale_04161	wavs/train_santalimale_04161.wav	ᱢᱮᱱᱠᱷᱟᱱ ᱪᱮᱫᱼᱟ ᱵᱷᱩᱞ ᱨᱮᱭᱟᱜᱼᱟ ᱱᱚᱟ ᱠᱩᱲᱟᱹᱤ ᱫᱚᱢ ᱮᱢᱟᱣᱟᱹᱫᱤᱧᱟ?
train_santalimale_04162	wavs/train_santalimale_04162.wav	ᱠᱩᱲᱟᱹᱤ ᱫᱚ ᱱᱤᱭᱟᱹ ᱜᱮ ᱨᱚᱲ ᱞᱟᱱᱫᱟ ᱟᱠᱟᱫᱟᱞᱟᱝ।
train_santalimale_04163	wavs/train_santalimale_04163.wav	ᱚᱠᱛᱚ ᱱᱟᱹᱯᱤᱛ ᱪᱮᱨᱮᱡᱼᱟ ᱫᱩᱞᱟᱹᱲ ᱟᱠᱟᱱᱟᱞᱟᱰ।
train_santalimale_04164	wavs/train_santalimale_04164.wav	ᱢᱮᱱᱠᱷᱟᱱ ᱵᱟᱯᱞᱟᱜᱼᱟ ᱦᱚᱸ ᱛᱤᱨᱤ-ᱯᱩᱨᱩᱥᱚᱜᱼᱟ ᱠᱟᱛᱷᱟ ᱦᱟᱹᱵᱤᱡᱼᱟ ᱫᱚ ᱚᱠᱚᱭ ᱜᱮ ᱵᱟᱞᱟᱝ ᱨᱚᱲᱚ-ᱨᱚᱯᱚᱲ ᱡᱚᱝ ᱟᱠᱟᱱᱟ।
train_santalimale_04165	wavs/train_santalimale_04165.wav	ᱱᱚᱟ ᱠᱟᱛᱷᱟ ᱱᱩᱱᱟᱹᱜᱼᱟ ᱮᱢ ᱦᱩᱫᱤᱥ ᱞᱮᱫᱼᱟ ᱠᱷᱟᱱ ᱪᱮᱫᱟᱜᱼᱟ ᱵᱟᱢ ᱞᱟᱹᱤ ᱞᱮᱫᱟ।
train_santalimale_04166	wavs/train_santalimale_04166.wav	ᱛᱤᱱᱟᱹᱜᱼᱟ ᱯᱷᱟᱹᱜᱩᱱ ᱯᱟᱨᱚᱢᱮᱱᱟ ᱨᱚᱲᱚ-ᱞᱟᱱᱫᱟ ᱛᱮᱜᱮ।
train_santalimale_04167	wavs/train_santalimale_04167.wav	ᱢᱮᱱᱠᱷᱟᱱ ᱜᱷᱟᱨᱚᱧᱡ ᱥᱚᱝᱥᱟᱨ ᱵᱮᱱᱟᱣ ᱨᱮᱭᱟᱜᱼᱟ ᱛᱟᱠ ᱚᱠᱛᱚ ᱫᱚ ᱟᱢ ᱜᱮᱢ ᱯᱟᱹᱥᱩᱲ ᱠᱮᱫᱟ।
train_santalimale_04168	wavs/train_santalimale_04168.wav	ᱯᱟᱥᱮᱡᱼᱟ ᱢᱤᱫᱼᱟ ᱫᱤᱱ ᱦᱤᱞᱚᱜᱼᱟ ᱤᱧᱟᱹᱜᱼᱟ ᱡᱤᱭᱚᱱ ᱦᱚᱸ ᱯᱟᱹᱥᱩᱲᱮᱱ ᱛᱤᱧ ᱜᱮ।
train_santalimale_04169	wavs/train_santalimale_04169.wav	ᱛᱚᱵᱮ ᱢᱤᱪᱷᱟᱹ ᱜᱮ ᱛᱟᱦᱮᱸᱠᱟᱱᱟ ᱱᱚᱟ ᱫᱚ ᱢᱤᱫᱼᱟ ᱮᱲᱮ ᱠᱟᱹᱦᱱᱤ ᱞᱮᱠᱟ ᱜᱮ।
train_santalimale_04170	wavs/train_santalimale_04170.wav	ᱦᱮᱸ ᱢᱤᱪᱷᱟᱹ ᱜᱮ, ᱛᱤᱱ ᱦᱟᱹᱵᱤᱡᱼᱟ ᱠᱩᱲᱤ ᱦᱚᱯᱚᱱ ᱲᱟᱹᱨ ᱨᱮ ᱵᱟᱠᱚ ᱟᱵᱼᱟ ᱛᱷᱤᱨᱩᱜᱼᱟ ᱟ, ᱩᱱ ᱦᱟᱹᱵᱤᱡᱼᱟ ᱡᱤᱭᱚᱱ ᱫᱚ ᱢᱤᱪᱷᱟᱹ ᱜᱮᱛᱟ ᱠᱚᱟ।
train_santalimale_04171	wavs/train_santalimale_04171.wav	ᱠᱟᱛᱷᱟ ᱩᱤᱦᱟᱹᱨ ᱢᱮ ᱵᱟᱯᱞᱟᱜᱼᱟ ᱫᱚ ᱱᱟᱥᱮ ᱵᱟᱰᱮᱢ ᱢᱮᱱ ᱛᱤᱭᱟᱹᱜᱼᱟ ᱮᱫᱼᱟ ᱠᱟᱱ ᱛᱟᱦᱮᱸᱱᱟ ᱟᱨ ᱵᱟᱢ ᱢᱮᱱ ᱞᱮᱫᱟ ᱟᱨ ᱤᱧᱟᱹᱜᱼᱟ ᱵᱟᱯᱞᱟ ᱥᱟᱨ ᱥᱟᱹᱜᱩᱱ, ᱜᱤᱨᱟᱹ ᱛᱚᱞ ᱦᱚᱭᱮᱱ ᱠᱷᱟᱱ ᱦᱟᱭᱚᱱᱤᱥᱟᱹᱥᱚᱜᱼᱟ ᱠᱟᱱᱟᱢ।
train_santalimale_04172	wavs/train_santalimale_04172.wav	ᱤᱧ ᱫᱚ ᱢᱤᱫᱼᱟ ᱛᱟᱞᱟᱣ ᱠᱟᱛᱷᱟ ᱞᱟᱹᱞᱟᱹᱤ ᱛᱮᱜᱮ ᱢᱤᱱᱟᱹᱧᱟ।
train_santalimale_04173	wavs/train_santalimale_04173.wav	ᱵᱟᱱᱟ ᱦᱚᱲ ᱥᱤᱠᱷᱱᱟᱹᱛ, ᱵᱩᱫᱚ-ᱟᱹᱠᱤᱞ ᱞᱟᱝ ᱦᱟᱢᱮᱴ ᱟᱠᱟᱫᱟ।
train_santalimale_04174	wavs/train_santalimale_04174.wav	ᱥᱟᱸᱣᱛᱟ ᱛᱟᱞᱟ ᱢᱚᱱ ᱠᱚᱫᱚᱨ ᱢᱮᱱᱟᱜᱼᱟ ᱛᱟᱞᱟᱝᱟ।
train_santalimale_04175	wavs/train_santalimale_04175.wav	ᱱᱚᱟ ᱢᱚᱱ ᱠᱚᱫᱚᱨ ᱪᱮᱠᱟ ᱞᱟᱝ ᱢᱩᱪᱟᱹᱫᱼᱟ ᱠᱮᱭᱟ।
train_santalimale_04176	wavs/train_santalimale_04176.wav	ᱚᱱᱠᱟ ᱠᱷᱟᱱ ᱮᱱᱟᱱ ᱨᱮ ᱚᱠᱛᱮ ᱛᱟᱦᱮᱸᱠᱟᱱ ᱜᱮᱭᱟ।
train_santalimale_04177	wavs/train_santalimale_04177.wav	ᱫᱤᱥᱟᱹᱢ ᱯᱮᱲᱟ ᱴᱷᱮᱱ ᱵᱟᱱᱟᱦᱚᱲ ᱞᱟᱝ ᱞᱟᱡᱟᱯᱟᱲᱟᱹᱣᱚᱜᱼᱟ ᱟ।
train_santalimale_04178	wavs/train_santalimale_04178.wav	ᱩᱱ ᱫᱚ ᱟᱞᱮ ᱚᱲᱟᱜᱼᱟ ᱨᱮᱱ ᱦᱚᱲ ᱪᱮᱫᱼᱟ ᱡᱚᱵᱟᱵ ᱠᱚ ᱮᱢᱟ, ᱫᱤᱥᱩᱢ ᱯᱮᱲᱟ ᱴᱷᱮᱱ?
train_santalimale_04179	wavs/train_santalimale_04179.wav	ᱚᱦᱚ ᱦᱚᱭ ᱠᱚᱜᱼᱟ ᱟ ᱵᱟᱝ ᱦᱚᱭ ᱫᱟᱲᱮᱹᱭᱟᱜᱼᱟ ᱟ।
train_santalimale_04180	wavs/train_santalimale_04180.wav	ᱦᱚᱭᱟᱜᱼᱟ ᱫᱚ ᱦᱚᱭ ᱯᱟᱨᱚᱢᱮᱱᱟ ᱟᱨ ᱡᱟᱦᱚᱸ ᱦᱚᱭᱚᱜᱼᱟ ᱚᱱᱟ ᱫᱚ ᱦᱚᱭᱚᱜᱼᱟ ᱛᱮᱜᱮ ᱛᱟᱦᱮᱸᱱᱟ ᱟᱨ ᱱᱟᱯᱟᱭ ᱦᱚᱭᱚᱜᱼᱟ ᱜᱮᱭᱟ।
train_santalimale_04181	wavs/train_santalimale_04181.wav	ᱱᱚᱟ ᱠᱚ ᱠᱟᱛᱷᱟ ᱟᱧᱡᱚᱢ ᱥᱟᱸᱣ ᱛᱮ ᱵᱟᱹᱵᱟᱹᱭᱟᱜᱼᱟ ᱢᱚᱱᱮ ᱫᱚ ᱠᱟᱹᱸᱪ ᱞᱮᱠᱟ ᱪᱷᱟᱨᱚ-ᱪᱷᱩᱨ ᱨᱟᱹᱯᱩᱫᱼᱟ ᱮᱱ ᱛᱟᱭᱟ।
train_santalimale_04182	wavs/train_santalimale_04182.wav	ᱨᱟᱹᱯᱩᱫᱼᱟ ᱢᱚᱱᱮ ᱠᱷᱚᱱ ᱱᱚᱟ ᱠᱟᱛᱷᱟᱭᱮ ᱢᱮᱛᱟᱭ ᱠᱟᱱᱟ - ᱟᱹᱰᱤ ᱢᱚᱧᱡ ᱟᱹᱰᱤ ᱱᱟᱯᱟᱭ!
train_santalimale_04183	wavs/train_santalimale_04183.wav	ᱪᱮᱠᱟᱭᱟᱢ ᱱᱤᱛ ᱫᱚ ᱤᱧ ᱦᱚᱸ ᱟᱹᱲᱤᱧ ᱨᱟᱹᱥᱠᱟᱹ ᱟᱠᱟᱱᱟ ᱮᱱᱛᱮ ᱛᱷᱚᱲᱟᱹ ᱫᱤᱱ ᱛᱟᱭᱚᱢ ᱠᱷᱟᱱ ᱜᱮ ᱥᱚᱱᱚᱛ ᱥᱟᱹᱲᱤ ᱵᱚᱝᱜᱟ ᱛᱚᱲᱮ ᱥᱩᱛᱟᱹᱢ ᱛᱚᱱᱚᱞ ᱛᱮᱢ ᱛᱚᱞ ᱢᱤᱫᱚᱜᱼᱟ ᱟ, ᱱᱟᱣᱟᱸ ᱡᱩᱨᱤ ᱥᱟᱸᱣ।
train_santalimale_04184	wavs/train_santalimale_04184.wav	ᱛᱚᱵᱮ ᱱᱤᱭᱟᱹ ᱠᱟᱛᱷᱟ ᱫᱤᱥᱟᱹ ᱫᱚᱦᱚ ᱠᱟᱜᱼᱟ ᱢᱮ ᱢᱟᱨᱮ ᱫᱩᱞᱟᱹᱲ ᱩᱤᱦᱟᱹᱨ ᱛᱮ ᱟᱢ ᱫᱚ ᱛᱤᱥ ᱦᱚᱸ ᱟᱞᱚᱢ ᱠᱟᱹᱦᱤᱸᱥᱚᱜᱼᱟ ᱟ।
train_santalimale_04185	wavs/train_santalimale_04185.wav	ᱟᱢᱟᱜᱼᱟ ᱱᱟᱣᱟᱸ ᱵᱟᱯᱞᱟ ᱡᱤᱭᱚᱱ ᱨᱮ ᱱᱟᱣᱟᱸ ᱡᱩᱨᱤ ᱛᱟᱢ ᱢᱚᱱᱮ ᱨᱮᱭᱟᱜᱼᱟ ᱢᱮᱡ ᱢᱟᱹᱪᱤ ᱨᱮ ᱥᱚᱱᱚᱛᱚ-ᱢᱟᱱᱚᱛ ᱥᱟᱞᱟᱜᱼᱟ ᱴᱷᱟᱸᱣ ᱮᱢᱟᱣᱟᱭ ᱢᱮ।
train_santalimale_04186	wavs/train_santalimale_04186.wav	ᱵᱚᱝᱜᱟ ᱞᱮᱠᱟ ᱢᱟᱱᱟᱣᱮᱢ, ᱩᱱᱤ ᱜᱮ ᱫᱷᱩᱯᱚ-ᱫᱷᱩᱲᱟᱹᱸᱣᱟᱭ ᱢᱮ।
train_santalimale_04187	wavs/train_santalimale_04187.wav	ᱤᱧ ᱠᱷᱟᱹᱛᱤᱨ ᱛᱮ ᱟᱞᱚᱢ ᱵᱤᱠᱚᱞᱚᱜᱼᱟ ᱟ।
train_santalimale_04188	wavs/train_santalimale_04188.wav	ᱤᱧ ᱩᱤᱦᱟᱹᱨ ᱛᱮ ᱟᱞᱚᱢ ᱵᱟᱯᱟᱜᱚᱜᱼᱟ ᱟ।
train_santalimale_04189	wavs/train_santalimale_04189.wav	ᱱᱟᱭᱚ-ᱱᱟᱯᱟᱭ ᱛᱮ ᱡᱟᱭᱚᱡᱩᱜ ᱫᱩᱠ ᱨᱮ ᱥᱩᱠ ᱨᱮ ᱛᱟᱦᱮᱸᱱ ᱵᱮᱱ ᱢᱤᱫᱼᱟ ᱛᱮᱜᱮ ᱡᱤᱣᱟᱹᱫᱼᱟ-ᱡᱚᱱᱚᱢ ᱫᱷᱟᱹᱨᱛᱤ ᱴᱩᱬᱲᱟᱹᱝ ᱵᱷᱚᱨ।
train_santalimale_04190	wavs/train_santalimale_04190.wav	ᱱᱚᱟ ᱜᱮ ᱤᱧᱟᱹᱜᱼᱟ ᱠᱚᱭ ᱡᱚᱝ, ᱟᱢ ᱪᱩᱨᱩᱡᱼᱟ ᱪᱟᱣᱞᱮ ᱛᱤᱧ।
train_santalimale_04191	wavs/train_santalimale_04191.wav	ᱟᱛᱟᱝ ᱟᱯᱱᱟᱨ ᱠᱟᱹᱛᱤᱧ ᱢᱮ ᱵᱟᱲᱮ।
train_santalimale_04192	wavs/train_santalimale_04192.wav	ᱪᱮᱫᱼᱟ ᱢᱮᱢᱮᱱ ᱪᱚᱭ ᱢᱮᱱ ᱞᱟᱹᱜᱤᱫᱚᱜᱼᱟ ᱠᱟᱱ ᱛᱟᱦᱮᱸ ᱢᱮᱱᱠᱷᱟᱱ ᱚᱱᱟ ᱫᱚ ᱵᱟᱹᱵᱟᱹᱭ ᱵᱟᱭ ᱢᱮᱱ ᱫᱟᱲᱮᱭᱟᱫᱟ।
train_santalimale_04193	wavs/train_santalimale_04193.wav	ᱦᱩᱫᱤᱥᱮᱫᱟᱭ, ᱡᱚᱢᱚ-ᱧᱩ, ᱧᱮᱞᱚ-ᱧᱮᱯᱮᱞ, ᱠᱩᱥᱤ-ᱨᱟᱹᱡᱤ ᱜᱤᱨᱟᱹ ᱛᱚᱞ ᱦᱚᱭ ᱟᱠᱟᱱ ᱥᱚᱱᱚᱛ ᱠᱟᱹᱢᱤ, ᱱᱚᱟ ᱫᱚ ᱵᱟᱹᱧ ᱵᱟᱹᱲᱤᱡᱟ।
train_santalimale_04194	wavs/train_santalimale_04194.wav	ᱵᱟᱹᱧ ᱚ-ᱥᱟᱹᱜᱩᱱᱟ ᱵᱟᱠᱷᱟᱡᱼᱟ ᱥᱟᱸᱣᱛᱟ ᱦᱩᱛᱤ, ᱫᱩᱥᱢᱚᱱ ᱢᱤᱫᱼᱟ ᱵᱟᱹᱤᱨᱤ ᱤᱧ ᱞᱮᱠᱷᱟᱜᱼᱟ ᱟ।
train_santalimale_04195	wavs/train_santalimale_04195.wav	ᱱᱩᱱᱟᱹᱜᱼᱟ ᱢᱚᱧᱡ ᱥᱚᱛ ᱪᱩᱨᱤᱛ ᱟᱱ ᱦᱚᱲᱤᱧ ᱵᱚᱫᱱᱟᱢᱚᱜᱼᱟ ᱟ।
train_santalimale_04196	wavs/train_santalimale_04196.wav	ᱥᱚᱢᱚᱭ ᱫᱚ ᱵᱤᱛᱟᱹᱩ ᱤᱫᱤ ᱮᱱᱟ।
train_santalimale_04197	wavs/train_santalimale_04197.wav	ᱧᱮᱞᱚ-ᱧᱮᱞ ᱛᱮ ᱥᱟᱠᱟᱢ ᱥᱟᱜᱮᱱᱚᱜᱼᱟ ᱥᱟᱸᱣᱛᱮ ᱢᱤᱨᱩ ᱪᱮᱸᱲᱮᱸ ᱫᱚᱭ ᱯᱷᱟᱨᱠᱟᱣᱮᱱᱟ।
train_santalimale_04198	wavs/train_santalimale_04198.wav	ᱥᱟᱹᱨᱤ ᱜᱮ ᱢᱤᱨᱩ ᱪᱮᱸᱲᱮᱸ ᱫᱚ ᱵᱟᱹᱵᱟᱹᱭᱟᱜᱼᱟ ᱠᱷᱟᱧᱪᱟ ᱥᱚᱦᱟᱱ ᱫᱟᱨᱮ ᱱᱟᱹᱸᱲᱤ ᱛᱮ ᱯᱮᱨᱮᱡᱼᱟ ᱟᱠᱟᱱ ᱠᱚᱪᱟ ᱵᱟᱜᱣᱟᱱ ᱫᱚᱭ ᱵᱟᱹᱜᱤᱣᱟᱜᱼᱟ ᱛᱟᱭᱟ।
train_santalimale_04199	wavs/train_santalimale_04199.wav	ᱪᱮᱠᱟᱭᱟᱭ ᱵᱮᱪᱟᱨᱟ ᱠᱷᱟᱧᱪᱟ ᱢᱟᱞᱤᱠ ᱫᱚ, ᱠᱚᱭᱚᱜᱼᱟ ᱜᱮᱭ ᱛᱟᱦᱮᱸᱭᱮᱱᱟ।
train_santalimale_04200	wavs/train_santalimale_04200.wav	ᱯᱟᱞᱮᱱ ᱵᱟᱰᱟᱭ ᱧᱟᱢ ᱞᱮᱫᱼᱟ ᱜᱮᱭᱟᱭ।
train_santalimale_04201	wavs/train_santalimale_04201.wav	ᱥᱤᱠᱟᱹᱨᱤᱭᱟᱹ ᱠᱚᱲᱟ ᱠᱚ ᱦᱚᱸ ᱟᱜᱼᱟ ᱴᱩᱴᱤ ᱛᱮᱨᱟᱝ ᱮ ᱢᱮᱛᱟᱫᱼᱟ ᱠᱚ ᱛᱟᱦᱮᱸᱜᱮᱭᱟ।
train_santalimale_04202	wavs/train_santalimale_04202.wav	ᱢᱮᱱᱠᱷᱟᱱ ᱚᱠᱚᱭ ᱴᱟᱜᱼᱟ ᱥᱤᱠᱟᱹᱨᱤᱭᱟᱹ ᱠᱚᱲᱟᱹ ᱦᱚᱸ ᱵᱟᱠᱚ ᱛᱮᱨᱟᱝ ᱡᱚᱥ ᱫᱟᱲᱮᱣᱟᱫᱮᱭᱟ।
train_santalimale_04203	wavs/train_santalimale_04203.wav	ᱠᱚᱭᱚᱜᱼᱟ ᱞᱮᱫᱟᱭ ᱮᱱ ᱦᱤᱞᱚᱜᱼᱟ ᱢᱚᱱᱮ ᱦᱩᱞᱟᱹᱡᱼᱟ ᱠᱮᱫᱼᱟ ᱞᱮᱠᱟ ᱦᱩᱞᱟᱹᱥᱮᱱ ᱛᱟᱭᱟ।
train_santalimale_04204	wavs/train_santalimale_04204.wav	ᱢᱮᱸᱫᱼᱟ ᱠᱷᱚᱱ ᱢᱮᱸᱫᱼᱟ ᱫᱟᱜᱼᱟ ᱡᱚᱨᱚ ᱞᱮᱱ ᱛᱟᱭᱟ।
train_santalimale_04205	wavs/train_santalimale_04205.wav	ᱡᱚᱡᱚᱫᱼᱟ ᱦᱚᱲ ᱚᱠᱚᱭ ᱜᱮ ᱵᱟᱠᱚ ᱛᱟᱦᱮᱸᱠᱟᱱᱟ।
train_santalimale_04206	wavs/train_santalimale_04206.wav	ᱮᱱ ᱦᱤᱞᱚᱜᱼᱟ ᱠᱷᱚᱱ ᱜᱮ ᱵᱟᱹᱵᱟᱹᱭᱟᱜᱼᱟ ᱢᱚᱱᱮ ᱦᱚᱸ ᱟᱠᱟᱣᱟᱠᱟᱫᱼᱟ ᱠᱷᱟᱹᱞᱤ ᱠᱷᱟᱧᱪᱟ ᱞᱮᱠᱟ ᱠᱷᱟᱹᱞᱤᱭᱮᱱ ᱛᱟᱭᱟ।
train_santalimale_04207	wavs/train_santalimale_04207.wav	ᱟᱞᱟᱜᱡᱟᱹᱲᱤ ᱛᱮ ᱛᱚᱞ ᱡᱷᱟᱹᱣᱟᱹ ᱟᱠᱟᱱ ᱛᱟᱦᱮᱸᱠᱟᱱ ᱢᱚᱱ ᱫᱚ ᱟᱹᱰᱤ ᱟᱞᱟᱜ ᱛᱮ ᱪᱷᱤᱬᱲᱟᱹᱩ ᱜᱚᱫᱼᱟ ᱮᱱᱟ।
train_santalimale_04208	wavs/train_santalimale_04208.wav	ᱚᱱᱟ ᱥᱟᱸᱣᱛᱮ ᱵᱟᱜᱟᱱ ᱫᱷᱟᱥᱱᱟ ᱨᱮᱭᱟᱜᱼᱟ ᱫᱟᱨᱮ-ᱱᱟᱹᱲᱤ ᱵᱟᱦᱟ ᱢᱚᱸᱦᱮᱸ ᱠᱚ ᱦᱚᱸ ᱢᱩᱞᱤᱱ ᱜᱚᱫᱼᱟ ᱮᱱᱟ।
train_santalimale_04209	wavs/train_santalimale_04209.wav	ᱢᱮᱥᱠᱚᱡᱼᱟ ᱢᱚᱸᱦᱮᱸ ᱵᱟᱦᱟ ᱦᱚᱸ ᱟᱹᱩᱨᱤ ᱥᱟᱲᱚᱜᱼᱟ ᱛᱮᱜᱮ ᱲᱟᱹᱨ ᱠᱷᱚᱱ ᱟᱹᱰᱤ ᱩᱥᱟᱹᱨᱟ ᱢᱚᱥᱚᱫᱼᱟ ᱠᱟᱛᱮ ᱧᱩᱨ ᱜᱚᱫᱼᱟ ᱮᱱᱟ।
train_santalimale_04210	wavs/train_santalimale_04210.wav	ᱫᱩᱰᱩᱵᱼᱟ ᱟᱠᱟᱱᱟᱭ ᱠᱚᱪᱟ ᱵᱟᱲᱜᱮ ᱵᱟᱜᱟᱱ ᱛᱟᱞᱟ ᱨᱮ ᱢᱤᱫᱼᱟ ᱥᱟᱵᱟᱫ ᱦᱚᱸ ᱟᱲᱟᱝ ᱵᱟᱝ ᱟᱧᱡᱚᱢᱚᱜᱼᱟ ᱠᱟᱱᱟ।
train_santalimale_04211	wavs/train_santalimale_04211.wav	ᱟᱫᱚ ᱠᱚᱪᱟ ᱵᱟᱜᱟᱱ ᱞᱤᱴᱷᱩᱨ ᱟᱲᱟᱝ ᱛᱮ ᱚᱠᱚᱭᱮ ᱥᱚᱦᱟᱱᱟ?
train_santalimale_04212	wavs/train_santalimale_04212.wav	ᱧᱮᱞᱮᱫᱼᱟ ᱠᱚᱟᱭ ᱵᱷᱟᱸᱣᱟᱸᱨᱚ-ᱯᱤᱯᱱᱤ ᱦᱟᱱᱟ-ᱱᱦᱟᱣᱟ ᱵᱟᱦᱟ ᱨᱮᱠᱚ ᱟᱵᱚᱜᱼᱟ ᱠᱟᱱᱟ।
train_santalimale_04213	wavs/train_santalimale_04213.wav	ᱢᱚᱥᱚᱫᱼᱟ ᱜᱮᱛᱮ, ᱨᱟᱥ ᱵᱟᱹᱱᱩᱜᱼᱟ ᱛᱮ, ᱵᱟᱠᱚ ᱟᱵᱼᱟ ᱛᱷᱤᱨᱚᱜᱼᱟ ᱠᱟᱱᱟ।
train_santalimale_04214	wavs/train_santalimale_04214.wav	ᱟᱯᱟᱱᱚ-ᱟᱹᱯᱤᱱ ᱠᱚ ᱟᱹᱯᱷᱤᱨᱚᱜᱼᱟ ᱠᱟᱱᱟ, ᱠᱚᱝᱠᱟ ᱢᱚᱱᱮ ᱞᱮᱠᱟ।
train_santalimale_04215	wavs/train_santalimale_04215.wav	ᱯᱟᱥᱮᱡᱼᱟ ᱱᱚᱠᱚ ᱞᱮᱠᱟ ᱜᱮ ᱡᱟᱹᱱᱤᱡᱼᱟ ᱵᱟᱹᱵᱟᱹᱭᱟᱜᱼᱟ ᱢᱚᱱᱮ ᱦᱚᱸ ᱠᱚᱝᱠᱟ ᱟᱠᱟᱱ ᱪᱚ ᱪᱮᱫᱼᱟ ᱪᱚ?
train_santalimale_04216	wavs/train_santalimale_04216.wav	ᱢᱮᱸᱫᱼᱟ ᱫᱟᱜᱼᱟ ᱫᱚ ᱫᱤᱱ ᱠᱮ ᱫᱤᱱ ᱟᱨ ᱜᱮ ᱥᱟᱨᱥᱮ ᱠᱟᱛᱮ ᱡᱚᱨᱚ ᱟᱲᱜᱚᱱ ᱛᱟᱭᱟ।
train_santalimale_04217	wavs/train_santalimale_04217.wav	ᱚᱠᱚᱭ ᱜᱮ ᱡᱟᱹᱱᱤᱡᱼᱟ ᱵᱟᱹᱱᱩᱜᱼᱟ ᱠᱚᱟ।
train_santalimale_04218	wavs/train_santalimale_04218.wav	ᱚᱠᱚᱭ ᱫᱚ ᱩᱱᱤᱭᱟᱜᱼᱟ ᱢᱮᱸᱫᱼᱟ ᱫᱟᱜᱼᱟ ᱠᱚ ᱡᱚᱫᱼᱟ ᱦᱟᱣᱮᱫᱼᱟ ᱫᱟᱲᱮᱹᱣᱟᱛᱟᱭ।
train_santalimale_04219	wavs/train_santalimale_04219.wav	ᱦᱩᱫᱤᱥ ᱧᱟᱢ ᱞᱮᱫᱟᱭ ᱢᱚᱱᱮ ᱛᱮᱭ ᱜᱟᱬᱲᱚᱱ ᱞᱮᱫᱟ, ᱩᱱ ᱡᱚᱦᱚᱜᱼᱟ ᱟᱸᱴ ᱟᱲᱟᱝ ᱛᱮᱭ ᱢᱮᱱ ᱞᱮᱫᱟ - ᱤᱧ ᱫᱚ ᱚᱠᱚᱭ ᱞᱟᱹᱜᱤᱫᱼᱟ?
train_santalimale_04220	wavs/train_santalimale_04220.wav	ᱱᱤᱛᱚᱜᱼᱟ ᱟᱢ ᱵᱟᱹᱱᱩᱢ ᱛᱮ ᱢᱚᱧᱡ ᱡᱤᱱᱤᱥ ᱦᱚᱸ ᱢᱚᱧᱡ ᱵᱟᱹᱧ ᱧᱮᱞ ᱮᱫᱟ।
train_santalimale_04221	wavs/train_santalimale_04221.wav	ᱱᱚᱝᱠᱟ ᱡᱩᱫᱤ ᱞᱟᱦᱟ ᱨᱮᱧ ᱵᱟᱰᱟᱭ ᱞᱮᱠᱷᱟᱱ ᱢᱤᱫᱼᱟ ᱜᱷᱟᱹᱲᱤ ᱞᱟᱹᱜᱤᱫᱼᱟ ᱫᱚ ᱥᱤᱫᱼᱟ ᱠᱟᱛᱮ ᱚᱱᱟ ᱵᱟᱦᱟ ᱚᱦᱚᱧ ᱥᱟᱵᱼᱟ ᱵᱟᱲᱟᱹ ᱠᱮᱭᱟ।
train_santalimale_04222	wavs/train_santalimale_04222.wav	ᱱᱚᱟ ᱜᱮ ᱡᱟᱹᱱᱤᱡᱼᱟ ᱤᱧᱟᱹᱜᱼᱟ ᱢᱚᱞᱚᱝ ᱨᱮᱭᱟᱜᱼᱟ ᱚᱞᱚᱱ ᱫᱚ ᱠᱟᱱᱟ।
train_santalimale_04223	wavs/train_santalimale_04223.wav	ᱯᱚᱦᱟ ᱫᱟᱨᱮ ᱫᱚ ᱤᱧ ᱜᱮ ᱡᱚᱛᱚᱱ ᱡᱚᱜᱟᱣ, ᱮᱴᱮᱫᱼᱟ ᱟᱨ ᱫᱟᱜᱼᱟ ᱫᱩᱞᱚ-ᱫᱩᱞ ᱛᱮᱧ ᱦᱟᱨᱟ ᱞᱮᱫᱟ।
train_santalimale_04224	wavs/train_santalimale_04224.wav	ᱵᱷᱟᱹᱜ ᱛᱮ ᱵᱟᱦᱟ ᱢᱮᱥᱠᱚᱡᱼᱟ ᱮᱱᱟ, ᱫᱤᱥᱟᱹᱢ ᱨᱮᱱ ᱦᱤᱥᱟᱹᱞᱤᱭᱟᱹ ᱢᱟᱱᱣᱟᱸ ᱦᱤᱥᱠᱟᱹ ᱥᱟᱱᱟᱠᱮᱫᱼᱟ ᱠᱚᱟ ᱟᱨ ᱚᱱᱟ ᱵᱟᱦᱟ ᱟᱠᱚᱣᱟᱜᱼᱟ ᱛᱤ ᱛᱮ ᱥᱤᱫᱼᱟ ᱠᱟᱛᱮ ᱠᱚ ᱦᱟᱢᱮᱴ ᱡᱚᱝ ᱟᱱᱟ।
train_santalimale_04225	wavs/train_santalimale_04225.wav	ᱚᱱᱟ ᱴᱮᱴᱣᱟᱥ ᱫᱚ ᱚᱠᱚᱭᱮ ᱛᱤᱨᱚᱯᱤᱛ ᱫᱟᱲᱮᱹᱣᱟᱛᱟᱭᱟ?
train_santalimale_04226	wavs/train_santalimale_04226.wav	ᱱᱚᱟ ᱴᱮᱴᱣᱟᱥ ᱛᱮᱜᱮ ᱦᱚᱲᱢᱚ ᱫᱚ ᱨᱟᱸᱡᱟᱣ ᱪᱟᱵᱟᱭᱮᱱ ᱛᱟᱭᱟ।
train_santalimale_04227	wavs/train_santalimale_04227.wav	ᱠᱷᱟᱨᱥᱟᱞᱟᱜᱼᱟ ᱪᱮᱦᱨᱟ ᱫᱚ ᱟᱨ ᱜᱮ ᱢᱩᱞᱤᱱ ᱠᱟᱛᱮ ᱵᱟᱹᱲᱤᱡᱼᱟ ᱤᱫᱤᱜᱼᱟ ᱠᱟᱱ ᱛᱟᱭᱟ।
train_santalimale_04228	wavs/train_santalimale_04228.wav	ᱵᱩᱡᱠᱟᱢ ᱢᱟᱹᱞᱤ ᱵᱟᱹᱛᱤ ᱫᱚ ᱦᱚᱭᱛᱮ ᱤᱸᱲᱤᱡᱚᱜᱼᱟ ᱟ ᱢᱮᱱᱠᱷᱟᱱ ᱥᱟᱨᱟ ᱥᱮᱸᱜᱮᱞ ᱫᱚ ᱦᱚᱭ ᱛᱮ ᱟᱨ ᱜᱮ ᱥᱟᱸᱨᱜᱟᱜᱼᱟ ᱠᱟᱱᱟ।
train_santalimale_04229	wavs/train_santalimale_04229.wav	ᱚᱱᱟ ᱥᱟᱸᱣᱛᱮ ᱫᱷᱟᱨᱮ-ᱫᱷᱟᱨᱮ ᱛᱮᱭᱟᱜᱼᱟ ᱜᱷᱟᱸᱥ ᱠᱚ ᱦᱚᱸ ᱮᱞᱟᱝ ᱛᱮ ᱛᱚᱞᱢᱚᱡᱚᱜᱼᱟ ᱮᱦᱚᱵᱼᱟ ᱮᱱᱟ।
train_santalimale_04230	wavs/train_santalimale_04230.wav	ᱢᱚᱱᱮ ᱨᱮ ᱠᱟᱹᱦᱤᱸᱥ ᱡᱟᱱᱟᱢ ᱟᱫᱮᱭᱟ।
train_santalimale_04231	wavs/train_santalimale_04231.wav	ᱠᱟᱹᱦᱤᱸᱥ ᱟᱲᱟᱝ ᱦᱚᱸ ᱚᱲᱚᱝ ᱠᱟᱛᱮᱱ ᱛᱟᱹᱠᱤᱡᱼᱟ ᱨᱩᱣᱟᱹᱲᱮᱱᱟ।
train_santalimale_04232	wavs/train_santalimale_04232.wav	ᱵᱟᱝ ᱫᱚ ᱫᱷᱟᱹᱨᱛᱤ ᱨᱮᱱ ᱦᱚᱲ ᱠᱚ ᱟᱧᱡᱚᱢ ᱞᱮᱫᱼᱟ ᱵᱟᱝ ᱫᱚ ᱵᱟᱝ।
train_santalimale_04233	wavs/train_santalimale_04233.wav	ᱱᱟᱥᱮ ᱵᱩᱡ ᱵᱟᱭ ᱧᱟᱢ ᱫᱟᱲᱮᱭᱟᱫᱟ।
train_santalimale_04234	wavs/train_santalimale_04234.wav	ᱠᱚᱭᱚᱜᱼᱟ ᱞᱮᱫᱟᱭ ᱜᱚᱴᱟ ᱫᱩᱱᱤᱭᱟᱹ ᱧᱩᱛ ᱜᱮᱭ ᱧᱮᱞ ᱞᱮᱫᱟ।
train_santalimale_04235	wavs/train_santalimale_04235.wav	ᱢᱟᱨᱥᱟᱞᱚᱜᱼᱟ ᱢᱮᱱᱛᱮ ᱰᱤᱵᱤ ᱫᱤᱣᱦᱟᱹ ᱮ ᱥᱟᱵᱼᱟ ᱞᱮᱫᱟ।
train_santalimale_04236	wavs/train_santalimale_04236.wav	ᱚᱱᱟ ᱦᱚᱸ ᱦᱚᱭᱛᱮ ᱤᱸᱰᱤᱡᱼᱟ ᱮᱱ ᱛᱟᱭᱟ।
train_santalimale_04237	wavs/train_santalimale_04237.wav	ᱧᱩᱛ ᱢᱚᱱᱮ ᱨᱮ ᱠᱟᱲᱟᱹᱝ ᱟᱨ ᱦᱚᱸ ᱛᱚᱸᱜᱮ ᱡᱚᱲᱟᱣ ᱟᱫᱮᱭᱟ।
train_santalimale_04238	wavs/train_santalimale_04238.wav	ᱢᱮᱸᱫᱼᱟ ᱫᱟᱜᱼᱟ ᱫᱚ ᱡᱚᱨᱚᱜᱼᱟ ᱛᱮᱜᱮ ᱢᱮᱱᱟᱜᱼᱟ ᱛᱟᱭᱟ।
train_santalimale_04239	wavs/train_santalimale_04239.wav	ᱥᱟᱢᱟᱝ ᱥᱮᱡᱼᱟ ᱮ ᱠᱚᱭᱚᱜᱼᱟ ᱠᱮᱫᱼᱟ ᱟᱸᱜᱨᱚᱵᱼᱟ ᱢᱟ ᱞᱚᱦᱚᱫᱼᱟ ᱪᱟᱵᱟ ᱟᱠᱟᱱ ᱛᱟᱭ।
train_santalimale_04240	wavs/train_santalimale_04240.wav	ᱦᱩᱱᱟᱹᱝ ᱱᱚᱟ ᱫᱚ ᱵᱟᱭ ᱧᱮᱞ ᱡᱚᱝ ᱠᱟᱱᱟ ᱛᱤᱱ ᱠᱷᱚᱱ ᱪᱚ!
train_santalimale_04241	wavs/train_santalimale_04241.wav	ᱦᱩᱫᱤᱥ ᱠᱷᱟᱹᱱᱫᱚᱨᱤᱧ ᱨᱮ ᱰᱩᱵᱩᱡᱼᱟ ᱟᱠᱟᱱ ᱢᱮᱱᱟᱭ।
train_santalimale_04242	wavs/train_santalimale_04242.wav	ᱱᱚᱟ ᱢᱮᱸᱫᱼᱟ ᱫᱟᱜᱼᱟ ᱛᱟᱭᱚᱢ ᱛᱮ ᱦᱩᱫᱤᱥᱚ-ᱪᱤᱱᱛᱟᱹ, ᱠᱷᱚᱱᱫᱚ-ᱨᱚᱱᱫ ᱮ ᱫᱷᱩᱨᱟᱹᱩ ᱮᱱᱟ।
train_santalimale_04243	wavs/train_santalimale_04243.wav	ᱪᱮᱫᱟᱜᱼᱟ ᱪᱮᱫᱼᱟ ᱤᱭᱟᱹᱛᱮ ᱞᱤᱸᱜᱤ ᱟᱲᱜᱚᱱ ᱠᱟᱱᱟ?
train_santalimale_04244	wavs/train_santalimale_04244.wav	ᱢᱤᱫᱼᱟ ᱛᱟᱞᱟᱣ ᱞᱩᱴᱤ ᱨᱮ ᱱᱚᱟ ᱠᱩᱜᱼᱟᱞᱤ ᱜᱮ ᱜᱩᱨᱞᱟᱹᱜᱼᱟ ᱠᱟᱱ ᱛᱟᱭᱟ।
train_santalimale_04245	wavs/train_santalimale_04245.wav	ᱜᱟᱰᱟ ᱡᱷᱟᱨᱱᱟ ᱠᱷᱚᱱ ᱫᱟᱜᱼᱟ ᱞᱤᱸᱜᱤ ᱚᱲᱚᱝᱚᱜᱼᱟ ᱟ।
train_santalimale_04246	wavs/train_santalimale_04246.wav	ᱚᱱᱟ ᱤᱭᱟᱹᱛᱮ ᱦᱚᱲ ᱠᱚ ᱞᱩ ᱤᱫᱤ ᱡᱚᱝ ᱟ।
train_santalimale_04247	wavs/train_santalimale_04247.wav	ᱡᱤᱣᱤᱭᱟᱱ ᱠᱚ ᱟᱠᱚᱣᱟᱜᱼᱟ ᱞᱚᱨᱟᱣ ᱴᱮᱴᱣᱟᱥ ᱠᱚ ᱢᱟᱨᱚᱛ ᱛᱟᱠᱚᱟ।
train_santalimale_04248	wavs/train_santalimale_04248.wav	ᱢᱮᱱᱠᱷᱟᱱ ᱵᱟᱹᱵᱟᱹᱭ ᱫᱚ ᱵᱟᱝ ᱮ ᱧᱮᱞ ᱮᱫᱼᱟ ᱠᱟᱱ ᱞᱮᱠᱟᱭ ᱟᱴᱠᱟᱨ ᱮᱫᱟ।
train_santalimale_04249	wavs/train_santalimale_04249.wav	ᱫᱷᱟᱹᱨᱛᱤ ᱯᱩᱨᱤ ᱨᱮ ᱞᱤᱸᱜᱤᱱ ᱠᱟᱱ ᱫᱟᱜᱼᱟ ᱫᱚ।
train_santalimale_04250	wavs/train_santalimale_04250.wav	ᱦᱩᱫᱤᱥ ᱮᱫᱟᱭ ᱤᱧ ᱜᱮ ᱜᱟᱰᱟ ᱡᱷᱟᱨᱱᱟ ᱠᱟᱹᱱᱟᱹᱧ ᱟᱨ ᱤᱧᱟᱹᱜᱼᱟ ᱢᱚᱱᱮ ᱵᱚᱨᱚᱯ ᱜᱟᱞᱟᱜᱼᱟ ᱠᱟᱱ ᱛᱮᱜᱮ ᱱᱚᱟ ᱫᱟᱜᱼᱟ ᱫᱚ ᱞᱤᱸᱜᱤ ᱯᱷᱮᱲᱚᱜᱼᱟ ᱠᱟᱱᱟ।
train_santalimale_04251	wavs/train_santalimale_04251.wav	ᱱᱚᱟ ᱫᱚ ᱞᱤᱸᱜᱤᱜᱼᱟ ᱛᱮᱜᱮ ᱛᱟᱦᱮᱸᱱᱟ।
train_santalimale_04252	wavs/train_santalimale_04252.wav	ᱡᱟᱹᱱᱤᱡᱼᱟ ᱟᱡᱼᱟ ᱨᱮᱱ ᱜᱟᱛᱮ ᱫᱩᱞᱟᱹᱲᱤᱭᱟᱹ ᱛᱮᱭ ᱞᱚᱨᱟᱣ ᱟᱠᱟᱱ ᱟᱨ ᱚᱱᱟ ᱴᱮᱴᱣᱟᱥ ᱢᱟᱨᱟᱣ ᱛᱟᱭ ᱞᱟᱹᱜᱤᱫᱼᱟ ᱛᱮᱜᱮ ᱱᱚᱟ ᱫᱚ।
train_santalimale_04253	wavs/train_santalimale_04253.wav	ᱟᱡᱼᱟ ᱴᱮᱴᱣᱟᱥ ᱛᱮᱭ ᱛᱟᱦᱮᱸᱱᱟ, ᱢᱮᱱᱠᱷᱟᱱ ᱫᱩᱞᱟᱹᱲᱤᱭᱟᱹ ᱛᱟᱭ ᱥᱮᱫᱟᱭ ᱜᱟᱛᱮ ᱫᱚ ᱴᱮᱴᱣᱟᱥ ᱛᱮ ᱵᱟᱝ ᱮ ᱪᱷᱟᱴᱯᱟᱴᱟᱣ ᱚᱪᱚᱣᱟᱭᱟ।
train_santalimale_04254	wavs/train_santalimale_04254.wav	ᱱᱩᱭᱟᱜᱼᱟ ᱢᱚᱱᱮ ᱨᱮ ᱱᱚᱟ ᱴᱮᱴᱣᱟᱥ ᱡᱟᱱᱟᱢ ᱮᱱᱟ।
train_santalimale_04255	wavs/train_santalimale_04255.wav	ᱦᱚᱲ ᱵᱟᱝ ᱠᱚ ᱢᱟᱨᱟᱣ ᱫᱟᱲᱮᱭᱟᱫᱼᱟ ᱛᱟᱭᱟ।
train_santalimale_04256	wavs/train_santalimale_04256.wav	ᱦᱚᱲᱢᱚ ᱨᱮᱭᱟᱜᱼᱟ ᱛᱮᱛᱟᱝ ᱫᱚ ᱫᱟᱜᱼᱟ ᱧᱩ ᱛᱮ ᱵᱟᱹᱲᱤᱡᱚᱜᱼᱟ ᱟ ᱟᱨ ᱢᱚᱱ ᱨᱮᱭᱟᱜᱼᱟ ᱴᱮᱴᱣᱟᱥ ᱫᱚ ᱧᱩ ᱛᱮ ᱵᱟᱹᱲᱤᱡᱚᱜᱼᱟ ᱟ, ᱵᱟᱝ ᱛᱤᱨᱚᱯᱤᱛᱚᱜᱼᱟ ᱟ।
train_santalimale_04257	wavs/train_santalimale_04257.wav	ᱱᱚᱟ ᱴᱮᱴᱣᱟᱥ ᱥᱟᱢᱟᱝ ᱨᱮ ᱪᱤᱱᱤ-ᱠᱟᱹᱵᱡᱤ ᱞᱮᱣᱦᱟ ᱥᱚᱨᱵᱚᱛ ᱟᱨ ᱨᱮᱭᱟᱲ ᱫᱟᱜᱼᱟ ᱨᱮᱭᱟᱜᱼᱟ ᱢᱟᱱ ᱱᱩᱱᱟᱹᱜᱼᱟ ᱟ ᱠᱷᱟᱴᱚᱟ ᱛᱤᱱᱟᱹᱜᱼᱟ ᱫᱚ ᱨᱤᱲᱤᱢ ᱨᱤᱞᱟᱹᱢᱟᱞᱟ ᱧᱩ ᱛᱤᱨᱚᱯᱤᱛ ᱥᱟᱢᱟᱝ ᱨᱮ ᱵᱚᱰᱮ ᱫᱟᱜᱼᱟ।
train_santalimale_04258	wavs/train_santalimale_04258.wav	ᱢᱚᱱᱮ ᱥᱟᱢᱟᱝ ᱨᱮ ᱥᱚᱝᱜᱮ ᱢᱮᱱᱟᱜᱼᱟ ᱡᱤᱭᱟᱹᱲ ᱧᱮᱱᱮᱞ ᱦᱚᱸ ᱢᱩᱨᱡᱷᱟᱹᱩ ᱮᱱᱟ ᱟᱨ ᱥᱟᱡᱚ-ᱥᱟᱡᱟᱣ ᱥᱟᱱᱫᱮᱥ ᱦᱚᱸ ᱨᱟᱲᱟᱹ ᱮᱱᱟ।
train_santalimale_04259	wavs/train_santalimale_04259.wav	ᱠᱚᱭᱚᱜᱼᱟ ᱮᱫᱼᱟ ᱠᱟᱱ ᱠᱷᱟᱱᱮ ᱵᱷᱟᱵᱱᱟ, ᱪᱮᱫᱟᱜᱼᱟ ᱵᱷᱟᱞᱟ?
train_santalimale_04260	wavs/train_santalimale_04260.wav	ᱢᱤᱨᱩ ᱪᱮᱸᱲᱮᱸᱭ ᱯᱷᱟᱨᱠᱟᱣ ᱟᱠᱟᱱ ᱦᱤᱞᱚᱜᱼᱟ ᱠᱷᱚᱱ ᱱᱩᱭ ᱫᱚ ᱛᱚᱯᱟᱜᱼᱟ ᱨᱟᱪᱟᱜᱼᱟ ᱪᱷᱟᱰᱟᱣ ᱢᱟᱞᱤ!
train_santalimale_04261	wavs/train_santalimale_04261.wav	ᱫᱤᱱᱟᱹᱢ ᱜᱮᱭ ᱩᱤᱦᱟᱹᱨᱟ ᱯᱟᱨᱚᱢ ᱟᱠᱟᱱ ᱫᱤᱱ ᱨᱮᱭᱟᱜᱼᱟ ᱨᱤᱡᱚ-ᱨᱚᱢᱚᱡ ᱨᱚᱲᱚ-ᱞᱟᱱᱫᱟ।
train_santalimale_04262	wavs/train_santalimale_04262.wav	ᱵᱟᱱᱟᱨ ᱛᱤᱛᱮᱭ ᱜᱟᱛᱷᱟᱣ ᱵᱟᱲᱟᱹᱭ ᱜᱮᱭᱟ, ᱵᱟᱦᱟ ᱢᱟᱞᱟ ᱮ ᱜᱟᱛᱷᱟᱣ ᱯᱩᱨᱟᱹᱩ ᱜᱮᱭᱟ।
train_santalimale_04263	wavs/train_santalimale_04263.wav	ᱦᱚᱨᱚᱜᱼᱟ ᱦᱚᱲ ᱜᱮ ᱛᱷᱚᱨ ᱵᱟᱹᱱᱩᱜᱼᱟ ᱠᱚ।
train_santalimale_04264	wavs/train_santalimale_04264.wav	ᱟᱫᱚᱢ ᱢᱟᱞᱟ ᱫᱚ ᱵᱚᱨᱪᱚᱲ ᱜᱟᱛᱷᱟᱣᱚ-ᱜᱟᱛᱷᱟᱣ ᱛᱩᱞᱩᱡᱼᱟ ᱮ ᱚᱨ ᱛᱚᱯᱟᱜᱼᱟ ᱠᱟᱜᱼᱟ ᱜᱮ।
train_santalimale_04265	wavs/train_santalimale_04265.wav	ᱵᱟᱭ ᱵᱩᱡ ᱫᱟᱲᱮᱭᱟᱜᱼᱟ ᱠᱟᱱᱟ, ᱪᱮᱫᱼᱟ ᱫᱤᱱ ᱫᱟᱨᱟᱭ ᱠᱟᱱᱟ?
train_santalimale_04266	wavs/train_santalimale_04266.wav	ᱫᱷᱟᱹᱨᱛᱤ ᱨᱮᱭᱟᱜᱼᱟ ᱱᱤᱨᱚᱱ ᱥᱮᱛᱚᱝ, ᱞᱚᱞᱚ ᱦᱚᱭ ᱛᱮ ᱢᱚᱱᱮ ᱥᱮᱸᱜᱮᱞ ᱟᱨ ᱜᱮᱭ ᱥᱟᱸᱨᱜᱟᱣᱮᱫᱼᱟ ᱠᱟᱱ ᱛᱟᱭᱟ।
train_santalimale_04267	wavs/train_santalimale_04267.wav	ᱱᱚᱟ ᱠᱚ ᱫᱚ ᱡᱟᱹᱱᱤᱡᱼᱟ ᱯᱟᱨᱚᱢ ᱟᱠᱟᱱ ᱫᱤᱱ ᱨᱮᱭᱟᱜᱼᱟ ᱞᱤᱞᱟᱹ ᱠᱟᱱ ᱜᱮᱭᱟ ᱚᱱᱟ ᱨᱮᱭᱟᱜᱼᱟ ᱮᱨ ᱜᱮ ᱮᱨ ᱦᱚᱭᱚᱜᱼᱟ ᱠᱟᱱ ᱛᱟᱭᱟ।
train_santalimale_04268	wavs/train_santalimale_04268.wav	ᱚᱠᱟ ᱫᱚ ᱥᱤᱱᱮᱢᱟ ᱨᱮᱭᱟᱜᱼᱟ ᱟᱹᱪᱩᱨᱚᱜᱼᱟ ᱠᱟᱱ ᱥᱟᱸᱣ ᱛᱮ ᱯᱟᱨᱫᱟ ᱨᱮ ᱢᱚᱧᱡ ᱵᱟᱹᱲᱤᱡᱼᱟ ᱡᱤᱭᱟᱹᱲ ᱥᱚᱦᱟᱱ ᱧᱮᱱᱮᱞ ᱮ ᱧᱮᱞᱮᱫᱼᱟ ᱠᱟᱱ ᱞᱮᱠᱟ।
train_santalimale_04269	wavs/train_santalimale_04269.wav	ᱴᱷᱤᱠ, ᱱᱚᱝᱠᱟ ᱜᱮ ᱦᱩᱫᱤᱥ ᱨᱟᱠᱟᱵᱼᱟ ᱦᱩᱫᱤᱥ ᱟᱲᱜᱚ ᱨᱮᱭ ᱟᱹᱤᱠᱟᱹᱩ ᱮᱫᱟ।
train_santalimale_04270	wavs/train_santalimale_04270.wav	ᱢᱮᱱᱠᱷᱟᱱ ᱚᱠᱚᱭ ᱜᱮ ᱵᱟᱝᱮ ᱠᱩᱞᱤ ᱫᱟᱲᱮᱹᱭᱟᱠᱚ ᱠᱟᱱᱟ।
train_santalimale_04271	wavs/train_santalimale_04271.wav	ᱠᱩᱜᱼᱟᱞᱤ ᱞᱟᱹᱜᱤᱫᱼᱟ ᱮ ᱞᱟᱦᱟ ᱞᱮᱱ ᱜᱮᱭᱟ ᱟᱲᱟᱝ ᱜᱮ ᱦᱟᱹᱯᱤᱫᱼᱟ ᱮᱱ ᱛᱟᱭᱟ।
train_santalimale_04272	wavs/train_santalimale_04272.wav	ᱚᱱᱮ ᱚᱠᱟ ᱠᱩᱠᱢᱩ ᱢᱚᱱᱮ ᱚᱦᱢᱟ ᱛᱮᱫᱚ ᱥᱟᱹᱨᱤ-ᱥᱟᱹᱨᱤ ᱜᱮᱭ ᱧᱮᱞᱮᱫᱼᱟ ᱠᱟᱱ, ᱡᱚᱠᱷᱚᱱ ᱡᱟᱹᱯᱤᱫᱼᱟ ᱠᱷᱚᱱ ᱮᱵᱷᱮᱱᱚᱜᱼᱟ ᱠᱟᱱ ᱥᱟᱸᱣ ᱛᱮ ᱚᱠᱟᱜᱼᱟ ᱠᱟᱱ ᱪᱚ?
train_santalimale_04273	wavs/train_santalimale_04273.wav	ᱢᱚᱱᱮ ᱨᱮᱭᱟᱜᱼᱟ ᱡᱟᱭᱚᱡᱤᱱᱚᱜᱼᱟ ᱛᱮᱭ ᱠᱟᱹᱦᱤᱞ ᱟᱠᱟᱱᱟ।
train_santalimale_04274	wavs/train_santalimale_04274.wav	ᱢᱚᱱᱮ ᱨᱮ ᱨᱟᱠᱟᱵᱚᱜᱼᱟ ᱠᱟᱱ ᱠᱩᱠᱢᱩ ᱨᱮᱭᱟᱜᱼᱟ ᱢᱩᱞ ᱵᱷᱮᱫ ᱧᱟᱢ ᱞᱟᱹᱜᱤᱫᱼᱟ ᱛᱮ ᱛᱤ-ᱡᱟᱝᱜᱟ ᱮ ᱞᱟᱦᱟ ᱞᱮᱫᱼᱟ ᱜᱮᱭᱟ, ᱢᱮᱱᱠᱷᱟᱱ ᱟᱡᱼᱟ-ᱟᱡᱼᱟ ᱛᱮᱜᱮ ᱛᱮᱝᱜᱚ ᱦᱟᱯᱮ ᱞᱮᱱ ᱛᱟᱭᱟ।
train_santalimale_04275	wavs/train_santalimale_04275.wav	ᱠᱚᱭᱚᱜᱼᱟ ᱞᱮᱫᱟᱭ ᱢᱮᱸᱫᱼᱟ ᱦᱚᱸ ᱟᱹᱸᱫᱷᱣᱟᱹ ᱞᱮᱱ ᱛᱟᱭᱟ।
train_santalimale_04276	wavs/train_santalimale_04276.wav	ᱚᱠᱟ ᱞᱮᱠᱟ ᱦᱩᱫᱤᱥ ᱠᱟᱛᱮ ᱠᱚᱞᱮᱡ ᱨᱮᱭ ᱵᱷᱩᱨᱛᱤ ᱞᱮᱱ ᱚᱱᱟ ᱫᱚ ᱢᱤᱫᱼᱟ ᱚᱱᱟ ᱦᱚᱸ ᱵᱟᱝ ᱫᱟᱢ ᱞᱮᱱᱟ।
train_santalimale_04277	wavs/train_santalimale_04277.wav	ᱱᱚᱟ ᱦᱩᱫᱤᱥ ᱠᱟᱛᱮᱱ ᱜᱮᱭ ᱵᱷᱩᱨᱛᱤ ᱞᱮᱱᱟ ᱡᱮ ᱤᱧ ᱫᱚ ᱢᱤᱫᱼᱟ ᱢᱚᱱᱮ, ᱢᱚᱱᱮ ᱞᱟᱜᱟᱣ ᱠᱟᱛᱮ ᱤᱧ ᱯᱟᱲᱦᱟᱜᱼᱟ ᱟ।
train_santalimale_04278	wavs/train_santalimale_04278.wav	ᱠᱚᱞᱮᱡ ᱯᱟᱲᱦᱟᱣ ᱢᱩᱪᱟᱹᱫᱼᱟ ᱠᱟᱛᱮ ᱚᱨᱚᱢᱚᱜᱼᱟ ᱞᱮᱠᱟᱱ ᱦᱚᱲᱤᱧ ᱦᱚᱭᱚᱜᱼᱟ ᱟ।
train_santalimale_04279	wavs/train_santalimale_04279.wav	ᱢᱮᱱᱠᱷᱟᱱ ᱦᱚᱭ ᱱᱟᱹᱦᱤᱸᱧ ᱫᱷᱚᱠᱲᱟᱹ ᱞᱮᱱᱟ।
train_santalimale_04280	wavs/train_santalimale_04280.wav	ᱟᱤ.ᱮ. ᱜᱮ ᱵᱟᱨ ᱯᱮ ᱫᱚᱢ ᱨᱮᱦᱚᱸ ᱵᱟᱹᱧ ᱯᱟᱥ ᱫᱟᱲᱮᱹᱭᱟᱜᱼᱟ।
train_santalimale_04281	wavs/train_santalimale_04281.wav	ᱤᱧ ᱫᱚ ᱤᱧᱟᱹᱜᱼᱟ ᱥᱚᱱᱟ ᱵᱟᱨᱟᱜ ᱠᱚᱞᱮᱡ ᱡᱤᱭᱚᱱ ᱤᱧ ᱵᱟᱹᱤᱨᱤ ᱠᱟᱫᱼᱟ ᱛᱤᱧᱟᱹ।
train_santalimale_04282	wavs/train_santalimale_04282.wav	ᱯᱚᱨᱚᱭᱚ-ᱯᱚᱨᱚᱭ ᱯᱚᱬᱰ ᱛᱟᱦᱮᱸᱠᱟᱱ ᱥᱟᱯᱷᱟ ᱡᱤᱭᱚᱱ ᱫᱷᱩᱲᱤ ᱮᱨ ᱠᱟᱛᱮᱱ ᱤᱧ ᱞᱚᱥᱚ-ᱯᱚᱬᱲᱚ ᱠᱮᱫᱟ।
train_santalimale_04283	wavs/train_santalimale_04283.wav	ᱱᱚᱝᱠᱟ ᱠᱟᱛᱮᱱ ᱡᱟᱦᱟᱸᱧ ᱢᱮᱱ ᱞᱮᱫᱼᱟ ᱚᱱᱟ ᱦᱚᱸ ᱵᱟᱹᱧ ᱯᱩᱨᱟᱹᱩ ᱞᱮᱫᱟ ᱟᱨ ᱡᱟᱦᱟᱸᱧ ᱚᱨᱟᱢ ᱞᱮᱫᱼᱟ ᱚᱱᱟ ᱦᱚᱸ ᱵᱟᱹᱧ ᱦᱟᱢᱮᱴ ᱫᱟᱲᱮᱭᱟᱫᱟ।
train_santalimale_04284	wavs/train_santalimale_04284.wav	ᱵᱟᱹᱧ ᱵᱩᱡ ᱧᱟᱢ ᱫᱟᱲᱮᱭᱟᱜᱼᱟ ᱠᱟᱱᱟ ᱟᱵᱚ ᱥᱟᱸᱣᱛᱟ ᱨᱮ ᱛᱤᱱᱟᱹᱜᱼᱟ ᱱᱚᱝᱠᱟᱱ ᱚᱞᱚᱜᱼᱟ ᱠᱚᱲᱟᱹ ᱪᱚ ᱟᱠᱚᱣᱟᱜᱼᱟ ᱡᱤᱭᱚᱱ ᱠᱚ ᱵᱟᱹᱤᱨᱤᱭᱮᱫᱼᱟ ᱠᱟᱱ।
train_santalimale_04285	wavs/train_santalimale_04285.wav	ᱥᱟᱯᱷᱟ ᱦᱚᱨ ᱨᱮ ᱟᱠᱚ ᱛᱮ ᱡᱟᱹᱱᱩᱢ ᱠᱚ ᱜᱟᱬᱰᱮᱭᱟᱜᱼᱟ ᱠᱟᱱᱟ।
train_santalimale_04286	wavs/train_santalimale_04286.wav	ᱥᱟᱯᱷᱟ ᱡᱤᱭᱚᱱ ᱠᱚ ᱢᱟᱹᱤᱞᱟᱹ ᱮᱫᱼᱟ ᱠᱟᱱᱟ।
train_santalimale_04287	wavs/train_santalimale_04287.wav	ᱢᱤᱴᱤᱠ ᱮ ᱯᱟᱥ ᱠᱮᱫᱼᱟ ᱛᱟᱭᱚᱢ ᱵᱟᱹᱵᱟᱹᱭ ᱟᱜᱼᱟ ᱢᱚᱱᱮ ᱫᱚ ᱟᱹᱰᱤ ᱜᱮ ᱨᱟᱣᱟᱞ ᱪᱟᱹᱢᱯᱩᱨ ᱮᱱ ᱛᱟᱭᱟ।
train_santalimale_04288	wavs/train_santalimale_04288.wav	ᱦᱟᱣᱟ-ᱦᱟᱹᱣᱤ, ᱚᱛ ᱱᱮ ᱞᱮᱵᱮᱫᱼᱟ ᱛᱤᱭᱟᱹᱜ ᱱᱮ ᱵᱟᱝ।
train_santalimale_04289	wavs/train_santalimale_04289.wav	ᱚᱛ ᱨᱮ ᱢᱚᱧᱡ ᱛᱮ ᱡᱟᱝᱜᱟᱭ ᱞᱮᱵᱮᱫᱼᱟ ᱮᱫᱟ ᱥᱮ ᱵᱟᱝ, ᱚᱱᱟ ᱦᱚᱸ ᱫᱤᱥᱟᱹ-ᱯᱚᱭᱥᱟ ᱵᱟᱝ ᱛᱟᱭ।
train_santalimale_04290	wavs/train_santalimale_04290.wav	ᱫᱩᱞᱟᱹᱲ ᱜᱟᱛᱮ-ᱜᱟᱯᱟᱛᱮ ᱢᱟ ᱞᱟᱦᱟ ᱠᱷᱚᱱ ᱜᱮ ᱛᱟᱦᱮᱸᱠᱟᱱ ᱛᱟᱭ।
train_santalimale_04291	wavs/train_santalimale_04291.wav	ᱮᱱᱛᱮ ᱨᱮᱦᱚᱸ ᱢᱚᱱᱮ ᱨᱮ ᱵᱷᱚᱭᱚᱱ ᱛᱟᱦᱮᱸᱠᱟᱱ ᱛᱟᱭᱟ ᱢᱤᱴᱤᱠ ᱫᱚ ᱡᱟᱦᱟᱸ ᱞᱮᱠᱟ ᱛᱮᱧ ᱯᱟᱥ ᱜᱮᱭᱟ।
train_santalimale_04292	wavs/train_santalimale_04292.wav	ᱢᱤᱴᱤᱠ ᱵᱟᱹᱧ ᱯᱟᱥ ᱞᱮᱠᱷᱟᱱ ᱦᱚᱲ ᱟᱹᱰᱤ ᱠᱚ ᱨᱚᱲᱟ ᱱᱟᱦᱟᱸᱜᱼᱟ, ᱟᱹᱰᱤ ᱠᱚ ᱫᱩᱥᱟᱹᱩ ᱤᱧᱟᱹ।
train_santalimale_04293	wavs/train_santalimale_04293.wav	ᱚᱱᱟ ᱤᱭᱟᱹᱛᱮ ᱫᱩᱯᱩᱞᱟᱹᱲ ᱯᱟᱦᱴᱟ ᱨᱮ ᱰᱷᱮᱨ ᱚᱠᱛᱮ ᱵᱟᱝ ᱮᱢ ᱠᱟᱛᱮ ᱯᱟᱲᱦᱟᱜᱼᱟ ᱥᱮᱡᱼᱟ ᱜᱮ ᱰᱷᱮᱨ ᱚᱠᱛᱮ ᱮ ᱮᱢᱮᱫᱼᱟ ᱠᱟᱱ ᱛᱟᱦᱮᱸᱱᱟ।
train_santalimale_04294	wavs/train_santalimale_04294.wav	ᱢᱮᱱᱠᱷᱟᱱ ᱢᱤᱴᱤᱠ ᱯᱟᱥ ᱛᱟᱭᱚᱢ ᱠᱚᱞᱮᱡ ᱨᱮᱭ ᱵᱷᱩᱨᱛᱤᱭᱮᱱ ᱠᱷᱟᱱ ᱚᱜᱚᱢ ᱫᱚᱨᱭᱟ ᱨᱮᱱ ᱵᱚᱣᱟᱲ ᱦᱟᱠᱚ ᱞᱮᱜ ᱮ ᱢᱚᱱᱮ ᱡᱚᱝ ᱟᱱᱟ।
train_santalimale_04295	wavs/train_santalimale_04295.wav	ᱟᱨᱚ-ᱟᱨ ᱦᱚᱲ ᱠᱚᱫᱚ ᱟᱡᱼᱟ ᱥᱟᱢᱟᱝ ᱨᱮ ᱯᱩᱴᱷᱤ-ᱲᱟᱹᱸᱲᱠᱟᱹᱜᱼᱟ ᱦᱟᱠᱚ ᱞᱮᱠᱟᱭ ᱵᱟᱫ ᱠᱟᱠᱚ ᱠᱟᱱ ᱛᱟᱦᱮᱸᱱᱟ।
train_santalimale_04296	wavs/train_santalimale_04296.wav	ᱮᱱᱛᱮ ᱤᱥᱠᱩᱞ ᱟᱨ ᱠᱚᱞᱮᱡ ᱨᱮᱭᱟᱜᱼᱟ ᱯᱟᱲᱦᱟᱣ ᱫᱚ ᱟᱹᱰᱤ ᱜᱮ ᱡᱩᱫᱟᱹᱣᱟ।
train_santalimale_04297	wavs/train_santalimale_04297.wav	ᱤᱥᱠᱩᱞ ᱨᱮ ᱯᱟᱲᱦᱟᱜᱼᱟ ᱛᱟᱭᱚᱢ ᱠᱚᱞᱮᱡ ᱮᱢ ᱞᱮᱵᱮᱫᱼᱟ ᱞᱮᱠᱷᱟᱱ ᱢᱚᱱᱮ ᱨᱟᱣᱟᱞᱚᱜᱼᱟ ᱟ, ᱦᱚᱲ ᱛᱮ ᱦᱚᱲᱢᱚ ᱛᱮ, ᱚᱲᱟᱜᱼᱟ ᱦᱚᱲᱟᱹᱜᱼᱟ ᱵᱟᱨᱚᱱ ᱢᱟᱱᱟ ᱛᱮ, ᱪᱮᱫᱼᱟ ᱛᱮᱜᱮ ᱫᱚᱢᱵᱫᱟᱜᱼᱟ-ᱫᱚᱵᱚᱱᱚᱜᱼᱟ ᱞᱮᱠᱟ ᱵᱟᱢ ᱟᱹᱤᱠᱟᱹᱣᱟ।
train_santalimale_04298	wavs/train_santalimale_04298.wav	ᱚᱱᱠᱟ ᱜᱮ ᱵᱟᱹᱵᱟᱹᱭ ᱦᱚᱸ ᱪᱮᱫᱼᱟ ᱛᱮᱜᱮ ᱫᱚᱢᱵᱫᱟᱜᱼᱟ ᱫᱚ ᱵᱟᱝ ᱮ ᱟᱹᱤᱠᱟᱹᱩ ᱮᱫᱼᱟ ᱠᱟᱱ ᱛᱟᱦᱮᱸᱱᱟ।
train_santalimale_04299	wavs/train_santalimale_04299.wav	ᱢᱮᱱᱠᱷᱟᱱ ᱪᱮᱫᱼᱟ ᱟᱨ ᱪᱮᱫᱼᱟ ᱦᱚᱛᱮᱛᱮ ᱪᱮᱫᱼᱟ ᱨᱮᱭ ᱫᱚᱢᱵᱫᱟᱜᱼᱟ ᱠᱟᱱᱟ ᱚᱱᱟ ᱫᱚ ᱫᱟᱨᱟᱭ ᱠᱟᱱ ᱚᱠᱛᱮ ᱜᱮᱭ ᱞᱟᱹᱤ ᱟᱭᱟ ᱱᱟᱦᱟᱸᱠ।
train_santalimale_04300	wavs/train_santalimale_04300.wav	ᱩᱱ ᱫᱚ ᱦᱟᱭ ᱪᱚᱜᱼᱟ ᱪᱷᱟᱰᱟ ᱟᱨ ᱪᱮᱫᱼᱟ?
train_santalimale_04301	wavs/train_santalimale_04301.wav	ᱱᱤᱛ ᱫᱚ ᱯᱟᱨᱚᱢ ᱟᱠᱟᱱ ᱫᱤᱱ ᱨᱮᱭᱟᱜᱼᱟ ᱚᱞᱚᱜᱼᱟ ᱡᱤᱭᱚᱱ ᱵᱟᱠᱷᱨᱟ ᱛᱮ ᱡᱟᱣ ᱜᱮᱭ ᱩᱤᱦᱟᱹᱨᱟ।
train_santalimale_04302	wavs/train_santalimale_04302.wav	ᱩᱤᱦᱟᱹᱨ ᱥᱟᱸᱣᱛᱮ ᱢᱮᱫᱼᱟ ᱠᱷᱚᱱ ᱫᱟᱜᱼᱟ ᱵᱮᱜᱚᱨ ᱢᱟᱭᱟᱝ ᱜᱮ ᱡᱚᱨᱚᱜᱼᱟ ᱞᱮᱠᱟᱭ ᱟᱴᱠᱟᱨᱟ।
train_santalimale_04303	wavs/train_santalimale_04303.wav	ᱮᱱᱛᱮ ᱮᱱᱟᱱ ᱢᱟ ᱵᱟᱱᱟᱨ ᱢᱮᱫᱼᱟ ᱵᱮᱧᱡᱟᱜᱼᱟ ᱛᱮ ᱮᱥᱮᱫᱼᱟ ᱟᱠᱟᱱ ᱛᱟᱭ ᱛᱟᱦᱮᱸ।
train_santalimale_04304	wavs/train_santalimale_04304.wav	ᱪᱮᱫᱼᱟ ᱠᱚ ᱪᱚᱭ ᱠᱩᱠᱢᱩ ᱡᱚᱝ ᱠᱟᱱ ᱛᱟᱦᱮᱸ, ᱵᱷᱤᱛᱨᱤ ᱢᱚᱱᱮ ᱛᱮᱫᱚ?
train_santalimale_04305	wavs/train_santalimale_04305.wav	ᱮᱵᱷᱮᱱᱮᱱ ᱥᱟᱸᱣ ᱛᱮ ᱥᱟᱱᱟᱢ ᱪᱷᱟᱹᱱ ᱪᱟᱵᱟ ᱮᱱᱟ।
train_santalimale_04306	wavs/train_santalimale_04306.wav	ᱢᱚᱱᱮ ᱠᱚᱵᱚᱡᱚ-ᱠᱚᱵᱚᱡ ᱛᱮᱭ ᱞᱟᱝᱜᱟ ᱪᱟᱵᱟ ᱟᱠᱟᱱᱟ।
train_santalimale_04307	wavs/train_santalimale_04307.wav	ᱯᱷᱟᱨᱠᱟᱣ ᱟᱠᱟᱱ ᱪᱮᱸᱲᱮᱸ ᱛᱷᱚᱨ ᱵᱟᱭ ᱨᱩᱣᱟᱹᱲᱟ।
train_santalimale_04308	wavs/train_santalimale_04308.wav	ᱢᱮᱱ ᱨᱮᱭᱟᱜᱼᱟ ᱛᱚᱸᱜᱮ ᱫᱚ ᱱᱤᱛ ᱦᱟᱹᱵᱤᱡᱼᱟ ᱵᱟᱝ ᱢᱩᱪᱟᱹᱫᱼᱟ ᱟᱠᱟᱱ ᱛᱟᱭᱟ।
train_santalimale_04309	wavs/train_santalimale_04309.wav	ᱫᱟᱨᱮ ᱱᱟᱹᱸᱲᱤ ᱞᱮᱠᱟ ᱥᱟᱜᱮᱱᱚᱜᱼᱟ ᱛᱮᱜᱮ ᱛᱟᱦᱮᱸᱭᱮᱱᱟ।
train_santalimale_04310	wavs/train_santalimale_04310.wav	ᱡᱷᱟᱹᱣᱟᱹ ᱱᱟᱹᱸᱲᱤ ᱛᱮ ᱥᱟᱱᱟᱢ ᱫᱟᱨᱮ ᱮ ᱡᱷᱟᱹᱣᱟᱹ ᱮᱥᱮᱫᱼᱟ ᱪᱟᱵᱟ ᱠᱮᱫᱟ।
train_santalimale_04311	wavs/train_santalimale_04311.wav	ᱢᱚᱱᱮ ᱫᱚ ᱚᱱᱥᱚᱱ ᱛᱮ ᱯᱮᱨᱮᱡᱼᱟ ᱟᱠᱟᱱ ᱢᱮᱱᱟᱜᱼᱟ ᱛᱟᱭᱟ।
train_santalimale_04312	wavs/train_santalimale_04312.wav	ᱪᱮᱠᱟ ᱚᱱᱟ ᱥᱚᱨᱮᱥ ᱫᱟᱢᱟᱱ ᱥᱚᱱᱟ ᱚᱞᱚᱜᱼᱟ ᱡᱤᱭᱚᱱ ᱫᱷᱩᱨᱤᱭᱟᱹ ᱨᱩᱣᱟᱹᱲᱟ!
train_santalimale_04313	wavs/train_santalimale_04313.wav	ᱢᱤᱫᱼᱟ ᱫᱤᱱ ᱥᱤᱨᱤᱥ ᱫᱟᱨᱮ ᱵᱩᱴᱟᱹ ᱨᱮ ᱵᱟᱹᱵᱟᱹᱭ ᱫᱚᱭ ᱫᱩᱰᱩᱵᱼᱟ ᱟᱠᱟᱱ ᱛᱟᱦᱮᱸᱱᱟ।
train_santalimale_04314	wavs/train_santalimale_04314.wav	ᱥᱮᱛᱚᱝ ᱡᱟᱹᱥᱛᱤ ᱟᱠᱟᱱ ᱠᱷᱟᱹᱛᱤᱨ ᱛᱮ ᱥᱤᱥᱤᱨ ᱵᱩᱴᱟᱹ ᱩᱢᱩᱞ ᱫᱚ ᱟᱹᱰᱤ ᱡᱩᱲᱟᱹᱥᱤ ᱦᱮᱢᱟᱞ ᱟᱹᱤᱠᱟᱹᱣᱚᱜᱼᱟ ᱠᱟᱱ ᱛᱟᱦᱮᱸᱱᱟ।
train_santalimale_04315	wavs/train_santalimale_04315.wav	ᱯᱚᱱᱭᱟ ᱢᱚᱸᱲᱮ ᱜᱚᱴᱮᱱ ᱥᱤᱥᱤᱨ ᱵᱟᱦᱟ ᱦᱟᱞᱟᱝ ᱢᱩᱴᱷ ᱠᱟᱛᱮ ᱡᱚᱦᱟ ᱠᱮᱣᱟ ᱠᱚ ᱚᱱᱟᱛᱮᱭ ᱜᱟᱭᱜᱚᱢᱚᱜᱼᱟ ᱠᱟᱱ ᱛᱟᱦᱮᱸᱱᱟ।
train_santalimale_04316	wavs/train_santalimale_04316.wav	ᱟᱹᱰᱤ ᱢᱚᱧᱡ ᱡᱤᱣᱤ ᱨᱮᱭ ᱟᱴᱠᱟᱨᱮᱫᱼᱟ ᱟ।
train_santalimale_04317	wavs/train_santalimale_04317.wav	ᱚᱱᱟ ᱥᱟᱸᱣᱛᱮ ᱥᱟᱸᱜᱤᱧ ᱠᱷᱚᱱ ᱦᱤᱡᱩᱜᱼᱟ ᱠᱟᱱ ᱪᱮᱫᱼᱟ ᱠᱚ ᱵᱟᱦᱟ ᱨᱮᱭᱟᱜᱼᱟ ᱥᱚᱸᱫᱷᱟᱲ ᱥᱚᱸ ᱪᱚ ᱢᱩᱸ ᱨᱮ ᱛᱟᱨᱠᱚ-ᱛᱟᱹᱯᱤᱧᱟᱭ ᱠᱟᱱᱟ।
train_santalimale_04318	wavs/train_santalimale_04318.wav	ᱩᱱ ᱡᱚᱠᱷᱮᱱ ᱢᱚᱱᱮ ᱫᱚ ᱜᱩᱱᱟᱹᱱ ᱨᱮᱭᱟᱜᱼᱟ ᱠᱷᱟᱹᱱᱫᱚᱨᱤᱧ ᱟᱜᱚᱢ ᱫᱚᱨᱭᱟ ᱨᱮ ᱰᱩᱵᱩᱡᱼᱟ ᱟᱠᱟᱱ ᱢᱮᱱᱟᱜᱼᱟ ᱛᱟᱭᱟ।
train_santalimale_04319	wavs/train_santalimale_04319.wav	ᱢᱚᱱᱮ ᱫᱚ ᱢᱤᱫᱼᱟ ᱜᱷᱟᱹᱲᱤ ᱞᱟᱹᱜᱤᱫᱼᱟ ᱟᱨ ᱦᱚᱸ ᱨᱟᱹᱥᱠᱟᱹ ᱟᱨ ᱥᱟᱹᱵᱟᱹᱥᱤ ᱛᱮ ᱯᱮᱨᱮᱡᱼᱟ ᱟᱠᱟᱱ ᱢᱮᱱᱟᱜᱼᱟ ᱛᱟᱭᱟ।
train_santalimale_04320	wavs/train_santalimale_04320.wav	ᱩᱱ ᱨᱮ ᱱᱚᱝᱠᱟ ᱪᱤᱴᱷᱤ ᱚᱜᱼᱟᱚᱞ ᱮ ᱫᱷᱩᱨᱟᱹᱩ ᱞᱮᱱᱟ।
train_santalimale_04321	wavs/train_santalimale_04321.wav	ᱱᱤᱥᱩᱱ ᱡᱷᱟᱨᱞᱟ ᱥᱮᱛᱚᱝ, ᱟᱹᱪᱩᱨ ᱯᱟᱨᱚᱢ ᱵᱟᱹᱥᱤᱭᱟᱢ ᱛᱟᱨᱟ ᱥᱤᱧ ᱚᱠᱛᱮ।
train_santalimale_04322	wavs/train_santalimale_04322.wav	ᱡᱤᱭᱚᱱ ᱨᱤᱱᱤᱡᱼᱟ ᱛᱟᱦᱮᱸᱠᱟᱱ ᱢᱤᱫᱼᱟ ᱚᱠᱛᱮ ᱡᱟᱹᱲᱤᱜᱼᱟ ᱞᱤᱸᱜᱤ ᱧᱟᱯᱟᱢ ᱫᱩᱞᱟᱹᱲᱤᱭᱟᱹ ᱜᱟᱛᱮᱧ!
train_santalimale_04323	wavs/train_santalimale_04323.wav	ᱱᱚᱟ ᱪᱤᱴᱷᱤ ᱚᱜᱼᱟᱚᱞ ᱫᱚ ᱞᱟᱡᱟᱣ ᱟᱨ ᱯᱟᱯᱟᱱᱟᱜᱼᱟ ᱜᱮᱧ ᱵᱩᱡᱷᱟᱹᱩ ᱮᱫᱟ।
train_santalimale_04324	wavs/train_santalimale_04324.wav	ᱮᱱᱛᱮ, ᱟᱢ ᱫᱚ ᱲᱟᱹᱨ ᱨᱮᱢ ᱟᱵᱼᱟ ᱪᱩᱠᱟᱹᱩ ᱟᱠᱟᱱ।
train_santalimale_04325	wavs/train_santalimale_04325.wav	ᱚᱠᱟ ᱥᱟᱹᱜᱟᱹᱤ ᱡᱚᱲᱟᱵ ᱠᱟᱛᱮ ᱪᱤᱴᱷᱤ ᱫᱚᱧ ᱚᱞᱟ।
train_santalimale_04326	wavs/train_santalimale_04326.wav	ᱱᱚᱟ ᱦᱩᱫᱤᱥ ᱨᱮᱧ ᱯᱟᱲᱟᱹᱣ ᱞᱮᱱ ᱨᱮ ᱟᱭᱢᱟ ᱠᱟᱛᱷᱟᱧ ᱫᱤᱥᱟᱹᱭᱮᱫᱼᱟ ᱟ।
train_santalimale_04327	wavs/train_santalimale_04327.wav	ᱚᱠᱟ ᱫᱚ ᱯᱟᱥᱮᱡᱼᱟ ᱚᱞ ᱛᱮᱦᱚᱸ ᱵᱟᱝ ᱪᱟᱵᱟᱜᱼᱟ।
train_santalimale_04328	wavs/train_santalimale_04328.wav	ᱵᱟᱨ ᱫᱤᱱ ᱛᱟᱨᱟ ᱟᱫᱷᱟ ᱡᱤᱭᱚᱱ ᱞᱟᱹᱩᱠᱟᱹ ᱪᱟᱞᱟᱣ ᱜᱚᱜᱼᱟ ᱲᱚᱭᱤᱡᱼᱟ ᱫᱩᱞᱟᱹᱲᱤᱭᱟᱹ ᱜᱟᱛᱮ।
train_santalimale_04329	wavs/train_santalimale_04329.wav	ᱦᱮᱭᱸ, ᱜᱟᱛᱮ ᱥᱟᱹᱨᱤ ᱜᱮ ᱟᱢᱟᱜᱼᱟ ᱡᱟᱦᱟᱸᱱ ᱵᱷᱩᱞ ᱫᱚ ᱵᱟᱹᱱᱩᱜᱼᱟ ᱛᱟᱢᱟ ᱟᱨ ᱟᱢ ᱴᱷᱮᱱ ᱫᱚᱥ ᱫᱚ ᱱᱟᱥᱮ ᱦᱚᱸ ᱵᱟᱹᱧ ᱞᱟᱫᱮᱭᱮᱫᱟ।
train_santalimale_04330	wavs/train_santalimale_04330.wav	ᱮᱱᱛᱮ ᱟᱢ ᱫᱚ ᱟᱢᱟᱠ ᱥᱟᱹᱨᱤ ᱢᱚᱱᱮ ᱥᱚᱱᱚᱛ ᱟᱛᱢᱟ,ᱨᱟᱹᱥᱠᱟᱹ ᱡᱤᱣᱤ ᱛᱮᱢ ᱫᱩᱞᱟᱹᱲᱟᱹ ᱞᱤᱫᱤᱧᱟ।
train_santalimale_04331	wavs/train_santalimale_04331.wav	ᱚᱱᱟ ᱤᱭᱟᱹᱛᱮ ᱟᱢ ᱫᱚᱥ ᱢᱮᱸ ᱫᱚ ᱤᱧᱟᱹᱜᱼᱟ ᱚᱞ ᱨᱮᱭᱟᱜᱼᱟ ᱠᱟᱹᱤ ᱜᱮ।
train_santalimale_04332	wavs/train_santalimale_04332.wav	ᱢᱚᱱᱮ ᱨᱮ ᱛᱷᱚᱲᱟᱹ ᱜᱟᱱ ᱵᱮᱫᱚᱱᱟ ᱫᱚ ᱨᱟᱠᱟᱵᱼᱟ ᱠᱟᱱ ᱜᱮᱭᱟ।
train_santalimale_04333	wavs/train_santalimale_04333.wav	ᱪᱟᱜᱼᱟ ᱡᱮ ᱟᱢ ᱫᱚ ᱟᱹᱩᱨᱤ ᱛᱟᱲᱟᱢ ᱢᱩᱪᱟᱫᱼᱟ ᱨᱮᱜᱮᱢ ᱦᱟᱸᱰᱟᱜᱼᱟ ᱩᱞᱴᱟᱹᱩ ᱮᱱᱟ।
train_santalimale_04334	wavs/train_santalimale_04334.wav	ᱱᱚᱟ ᱜᱮ ᱢᱟᱨᱟᱝ ᱫᱩᱠ ᱨᱮᱭᱟᱜᱼᱟ ᱠᱟᱛᱷᱟ ᱤᱧ ᱞᱟᱹᱜᱤᱫᱼᱟ ᱫᱚ।
train_santalimale_04335	wavs/train_santalimale_04335.wav	ᱠᱟᱛᱷᱟ ᱞᱟᱝ ᱜᱚᱜᱼᱟ ᱞᱮᱫᱼᱟ ᱞᱮᱠᱟᱛᱮ ᱟᱢ ᱫᱚ ᱟᱢᱟᱜᱼᱟ ᱠᱟᱛᱷᱟ ᱵᱟᱢ ᱜᱚᱜᱼᱟ ᱴᱟᱨᱦᱟᱣ ᱫᱟᱲᱮᱭᱟᱫᱟ।
train_santalimale_04336	wavs/train_santalimale_04336.wav	ᱤᱧ ᱫᱚᱧ ᱵᱟᱰᱟᱭ ᱞᱮᱫᱼᱟ ᱜᱮᱭᱟ।
train_santalimale_04337	wavs/train_santalimale_04337.wav	ᱟᱢ ᱫᱚ ᱛᱟᱹᱸᱜᱤ ᱛᱟᱲᱟᱸᱸᱜᱼᱟ ᱨᱮᱜᱮᱢ ᱛᱟᱦᱮᱸᱠᱟᱱᱟ।
train_santalimale_04338	wavs/train_santalimale_04338.wav	ᱢᱮᱱᱠᱷᱟᱱ ᱡᱟᱹᱱᱤᱡᱼᱟ ᱦᱟᱢᱟᱞ ᱰᱷᱮᱨᱮᱱ ᱠᱷᱟᱹᱛᱤᱨ ᱛᱮ ᱟᱢ ᱫᱚ ᱯᱟᱹᱥᱚᱠᱩᱡᱼᱟ ᱧᱩᱨᱦᱟᱹ ᱠᱟᱫᱟ।
train_santalimale_04339	wavs/train_santalimale_04339.wav	ᱱᱚᱟ ᱦᱚᱧ ᱦᱩᱫᱤᱥᱮᱫᱼᱟ ᱠᱟᱱ ᱜᱮᱭᱟ ᱟᱨᱤᱧ ᱵᱟᱰᱟᱭ ᱜᱮᱭᱟ ᱟᱢ ᱠᱷᱟᱹᱛᱤᱨ ᱛᱮᱫᱚ ᱵᱟᱝ ᱟᱨ ᱦᱚᱲ ᱠᱷᱟᱹᱛᱤᱨ ᱛᱮᱜᱮ।
train_santalimale_04340	wavs/train_santalimale_04340.wav	ᱤᱧ ᱫᱚ ᱢᱚᱱᱮ ᱨᱮ ᱟᱥ ᱤᱧ ᱡᱚᱜᱟᱣ ᱟᱠᱟᱫᱼᱟ ᱛᱟᱦᱮᱸᱱᱟ, ᱵᱮᱞᱮ ᱡᱚ ᱫᱚ ᱤᱧ ᱪᱷᱟᱰᱟ ᱚᱠᱚᱭ ᱦᱚᱸ ᱡᱟᱹᱱᱤᱡᱼᱟ ᱵᱟᱠᱚ ᱜᱚᱫᱼᱟ ᱡᱚᱢᱟ।
train_santalimale_04341	wavs/train_santalimale_04341.wav	ᱦᱚᱭ ᱵᱷᱟᱨᱟᱬᱲᱚ ᱛᱮ ᱵᱮᱞᱮ ᱡᱚ ᱫᱚ ᱛᱟᱨᱠᱚ ᱫᱟᱯᱟᱞ ᱡᱷᱟᱲᱜᱟᱣ ᱧᱩᱨᱦᱟᱹᱜᱼᱟ ᱟᱹᱩᱨᱤ ᱨᱮᱜᱮ ᱜᱚᱫᱼᱟ ᱡᱚᱝ ᱟᱱᱟ ᱠᱚ।
train_santalimale_04342	wavs/train_santalimale_04342.wav	ᱢᱮᱱᱠᱷᱟᱱ ᱱᱤᱛ ᱢᱮᱱᱟᱢ, ᱱᱤᱛ ᱢᱮᱱᱟᱢᱟ, ᱱᱤᱛᱮᱢ ᱧᱟᱢᱟᱠᱟᱫᱼᱟ ᱚᱱᱟ ᱛᱮᱜᱮ ᱢᱚᱱᱮ ᱫᱚ ᱫᱷᱤᱨᱚ-ᱯᱩᱨᱩᱱ ᱟᱨ ᱠᱷᱟᱹᱛᱤᱨ ᱛᱟᱢ।
train_santalimale_04343	wavs/train_santalimale_04343.wav	ᱪᱟᱜᱼᱟ ᱡᱮ ᱱᱚᱟ ᱨᱮᱜᱮ ᱡᱤᱭᱚᱱ ᱫᱚ ᱛᱷᱟᱢᱜᱟᱹᱰᱤ ᱢᱮᱱᱟᱜᱼᱟ ᱟ।
train_santalimale_04344	wavs/train_santalimale_04344.wav	ᱩᱨᱩ, ᱵᱷᱟᱣᱟᱸᱨ, ᱯᱤᱯᱱᱤ ᱞᱮᱠᱟ ᱱᱤᱛ ᱫᱚ ᱢᱚᱱᱮ ᱟᱞᱚᱢ ᱦᱚᱞᱚ-ᱵᱟᱛᱚᱭ ᱛᱟᱢᱟ।
train_santalimale_04345	wavs/train_santalimale_04345.wav	ᱛᱟᱲᱟᱹᱢ ᱪᱟᱞᱟᱜᱼᱟ ᱛᱟᱭᱚᱢ ᱦᱚᱨ ᱫᱚ ᱟᱞᱚᱢ ᱠᱚᱭᱚᱜᱼᱟ ᱨᱩᱣᱟᱹᱲᱟᱹ।
train_santalimale_04346	wavs/train_santalimale_04346.wav	ᱤᱧ ᱦᱚᱸ ᱱᱚᱝᱠᱟ ᱫᱚ ᱵᱟᱹᱧ ᱛᱟᱦᱮᱸᱱᱟ।
train_santalimale_04347	wavs/train_santalimale_04347.wav	ᱡᱤᱭᱚᱱ ᱥᱚᱛᱚᱜᱼᱟ ᱥᱚᱝᱜᱮ ᱫᱚᱧ ᱵᱟᱹᱱᱤᱡ ᱠᱚ ᱜᱮᱭᱟ।
train_santalimale_04348	wavs/train_santalimale_04348.wav	ᱩᱱ ᱫᱚ ᱤᱧ ᱦᱚᱸ ᱟᱢ ᱞᱮᱠᱟ ᱢᱚᱱᱮᱧ ᱠᱷᱟᱹᱛᱤᱨᱟ।
train_santalimale_04349	wavs/train_santalimale_04349.wav	ᱥᱟᱸᱣᱛᱟ ᱛᱟᱞᱟ ᱫᱤᱥᱟᱹᱢ ᱛᱟᱞᱟ ᱠᱚ ᱧᱮᱞ ᱞᱮᱠᱷᱟᱱ ᱚᱱᱟ ᱟᱵᱷᱨᱟᱱ ᱩᱱ ᱫᱚ ᱢᱟᱱ ᱵᱟᱹᱸᱲᱛᱤᱜᱼᱟ ᱟ।
train_santalimale_04350	wavs/train_santalimale_04350.wav	ᱟᱢ ᱦᱚᱸ ᱱᱟᱯᱟᱭ ᱜᱷᱟᱨᱚᱧᱡ ᱵᱮᱱᱟᱣ ᱡᱚᱝ ᱢᱮ।
train_santalimale_04351	wavs/train_santalimale_04351.wav	ᱤᱧ ᱦᱚᱸ ᱱᱟᱯᱟᱭ ᱥᱚᱝᱥᱟᱨᱤᱧ ᱛᱮᱭᱟᱨ ᱡᱚᱝᱟ।
train_santalimale_04352	wavs/train_santalimale_04352.wav	ᱵᱟᱹᱧ ᱵᱟᱰᱟᱭ ᱚᱪᱚ ᱢᱮ ᱨᱮᱦᱚᱸ ᱱᱤᱭᱟᱹ ᱜᱮ ᱢᱩᱪᱟᱹᱫᱼᱟ ᱟᱲᱟᱹᱝ।
train_santalimale_04353	wavs/train_santalimale_04353.wav	ᱩᱤᱦᱟᱹᱨ ᱟᱨ ᱠᱟᱹᱦᱤᱥ ᱟᱲᱟᱹᱝ ᱫᱚ ᱛᱟᱦᱮᱸᱱ ᱜᱮᱭᱟ।
train_santalimale_04354	wavs/train_santalimale_04354.wav	ᱪᱤᱴᱷᱤ ᱫᱚ ᱱᱚᱬᱰᱮ ᱜᱮᱧ ᱢᱩᱪᱟᱹᱫᱼᱟ ᱠᱮᱫᱟ।
train_santalimale_04355	wavs/train_santalimale_04355.wav	ᱠᱚᱞᱟᱭ ᱞᱟᱹᱜᱤᱫᱼᱟ ᱛᱮ ᱪᱤᱴᱷᱤ ᱢᱟᱭ ᱚᱞ ᱠᱮᱫᱼᱟ।
train_santalimale_04356	wavs/train_santalimale_04356.wav	ᱟᱭᱟᱠᱟ ᱢᱚᱱᱮ ᱵᱮᱫᱚᱱᱟ ᱢᱟᱭ ᱥᱚᱫᱚᱨ ᱠᱮᱫᱼᱟ ᱢᱮᱱᱠᱷᱟᱱ ᱵᱩᱡᱷᱟᱹᱩ ᱵᱷᱟᱨ ᱨᱮᱭ ᱯᱟᱲᱟᱹᱣᱮᱱᱟ।
train_santalimale_04357	wavs/train_santalimale_04357.wav	ᱡᱟᱦᱟᱸᱞᱮᱠᱟ ᱡᱟᱣᱟᱸᱭᱛᱮᱫᱼᱟ ᱮ ᱧᱟᱢ ᱞᱮᱠᱷᱟᱱ ᱟᱨᱮ ᱯᱟᱲᱦᱟᱣ ᱞᱮᱠᱷᱟᱱ।
train_santalimale_04358	wavs/train_santalimale_04358.wav	ᱟᱹᱠᱤᱱ ᱛᱟᱞᱟ ᱨᱮ ᱛᱤᱱᱟᱹᱜᱼᱟ ᱢᱟᱨᱟᱝ ᱚᱥᱟᱹᱱᱛᱤ ᱥᱤᱨᱡᱟᱹᱜᱼᱟ ᱟ।
train_santalimale_04359	wavs/train_santalimale_04359.wav	ᱩᱱ ᱫᱚ ᱚᱱᱟ ᱚᱠᱚᱭ ᱦᱚᱸ ᱵᱟᱠᱚ ᱥᱟᱵᱼᱟ ᱥᱟᱢᱵᱲᱟᱣ ᱫᱟᱲᱮᱭᱟᱜᱼᱟ ᱟ।
train_santalimale_04360	wavs/train_santalimale_04360.wav	ᱟᱹᱠᱤᱱ ᱛᱟᱞᱟ ᱨᱮ ᱯᱟᱹᱛᱤᱭᱟᱹᱩ ᱨᱮᱭᱟᱜᱼᱟ ᱵᱤᱫᱼᱟ ᱫᱷᱤᱨᱤ ᱵᱷᱚᱨᱥᱟ ᱨᱮᱭᱟᱜᱼᱟ ᱜᱷᱮᱸᱴ ᱢᱚᱴᱨᱟ ᱨᱟᱲᱟᱹ ᱫᱷᱤᱝᱜᱟᱹᱞᱚ-ᱫᱷᱟᱥᱟᱞᱚᱜᱼᱟ ᱛᱟᱹᱠᱤᱱᱟᱹ।
train_santalimale_04361	wavs/train_santalimale_04361.wav	ᱢᱚᱧᱡ ᱱᱟᱯᱟᱭ ᱢᱤᱫᱼᱟ ᱢᱚᱱᱮ ᱨᱮ ᱢᱮᱱᱟᱜᱼᱟ ᱠᱤᱱᱟᱹ।
train_santalimale_04362	wavs/train_santalimale_04362.wav	ᱚᱱᱟ ᱨᱮᱱ ᱵᱟᱹᱤᱨᱤ ᱤᱧ ᱫᱚ ᱵᱟᱹᱧ ᱛᱮᱝᱜᱚᱱᱟ।
train_santalimale_04363	wavs/train_santalimale_04363.wav	ᱮᱱᱛᱮ ᱥᱚᱝᱥᱟᱨ ᱥᱟᱡᱟᱣ ᱜᱮ ᱱᱟᱯᱟᱭ ᱠᱟᱹᱢᱤ ᱫᱚ।
train_santalimale_04364	wavs/train_santalimale_04364.wav	ᱦᱮᱸ ᱢᱟ ᱤᱧᱟᱹᱜᱼᱟ ᱢᱚᱱᱮ ᱵᱷᱟᱹᱨᱤ ᱛᱚᱧ ᱨᱟᱣᱟᱞ ᱠᱟᱫᱟ, ᱪᱤᱴᱷᱤ ᱫᱚ ᱚᱞ ᱜᱮ ᱛᱟᱦᱮᱸᱭᱮᱱᱟ।
train_santalimale_04365	wavs/train_santalimale_04365.wav	ᱢᱤᱫᱼᱟᱴᱮᱱ ᱪᱤᱴᱷᱤ ᱞᱮᱠᱟ ᱛᱮᱫᱚ ᱵᱟᱝ ᱵᱤᱪᱠᱚᱢ ᱥᱟᱸᱣᱦᱮᱸᱫᱼᱟ ᱨᱮ ᱢᱤᱫᱼᱟ ᱪᱤᱱᱦᱟᱹ ᱥᱟᱱᱫᱮᱥ ᱞᱮᱠᱟ।
train_santalimale_04366	wavs/train_santalimale_04366.wav	ᱦᱩᱱᱟᱹᱝ ᱮ ᱠᱚᱞ ᱞᱮᱠᱷᱟᱱ ᱥᱟᱸᱣᱦᱮᱸᱫᱼᱟ ᱨᱮᱫᱚ ᱵᱟᱝ ᱡᱤᱣᱟᱹᱫᱼᱟ ᱠᱚᱜᱼᱟ ᱟ ᱟᱨ ᱱᱤᱥᱟᱹᱱ ᱪᱷᱟᱯ ᱜᱮ ᱱᱚᱟ ᱨᱮᱭᱟᱜᱼᱟ ᱵᱟᱝ ᱛᱟᱦᱮᱸᱠᱚᱜᱼᱟ ᱟ।
train_santalimale_04367	wavs/train_santalimale_04367.wav	ᱨᱚᱜᱷᱩ ᱯᱟᱨᱜᱟᱱᱟ ᱫᱚ ᱟᱛᱚ ᱢᱚᱛᱚ ᱨᱮᱱ ᱯᱟᱨᱜᱟᱱᱟ ᱫᱚᱭ ᱵᱟᱝ ᱠᱟᱱᱟ।
train_santalimale_04368	wavs/train_santalimale_04368.wav	ᱟᱛᱚ ᱚᱲᱟᱜᱼᱟ ᱨᱮ ᱚᱠᱟ ᱞᱮᱠᱟ ᱞᱮᱜ, ᱢᱟᱱᱚ-ᱢᱟᱱᱚᱛ ᱮ ᱧᱟᱢ ᱟᱠᱟᱫᱟ।
train_santalimale_04369	wavs/train_santalimale_04369.wav	ᱚᱱᱟ ᱠᱷᱚᱱ ᱡᱟᱹᱥᱛᱤ ᱫᱚ ᱯᱟᱞᱮᱱ ᱫᱤᱥᱟᱹᱢ ᱯᱟᱠᱟᱲ ᱨᱮᱜᱮᱭᱮ ᱧᱟᱢ ᱵᱚᱛᱮᱡᱼᱟ ᱟᱠᱟᱫᱟ।
train_santalimale_04370	wavs/train_santalimale_04370.wav	ᱟᱵᱚ ᱥᱸᱛᱟᱞ ᱥᱚᱢᱟᱡ ᱨᱮᱭᱟᱜᱼᱟ ᱵᱚᱜᱮ-ᱵᱟᱹᱲᱤᱡᱼᱟ ᱵᱤᱪᱟᱹᱨ ᱮᱢᱟᱱ ᱦᱚᱭᱚᱜᱼᱟ ᱠᱷᱟᱱ ᱨᱚᱜᱷᱩ ᱯᱟᱨᱜᱟᱱᱟ ᱫᱚ ᱠᱷᱚᱵᱚᱨ ᱛᱮᱦᱚᱸ ᱠᱚ ᱠᱷᱚᱵᱚᱨ ᱛᱤᱭᱟᱹᱜᱼᱟ ᱟᱭ ᱜᱮᱭᱟ ᱟᱨ ᱱᱩᱭ ᱵᱟᱝ ᱠᱷᱟᱱ ᱵᱤᱪᱟᱹᱨ ᱜᱮ ᱵᱷᱟᱜᱮ ᱢᱚᱧᱡ ᱛᱮ ᱚᱦᱚ ᱦᱚᱭ ᱫᱟᱲᱮᱹᱭᱟᱜᱼᱟ ᱟ।
train_santalimale_04371	wavs/train_santalimale_04371.wav	ᱫᱤᱥᱟᱹᱢ ᱦᱚᱲ ᱛᱤᱨᱚᱯᱤᱛ ᱜᱮ ᱵᱟᱠᱚ ᱟᱹᱤᱠᱟᱹᱣᱟ, ᱠᱟᱛᱷᱟᱛᱮ।
train_santalimale_04372	wavs/train_santalimale_04372.wav	ᱨᱚᱜᱷᱩ ᱯᱟᱨᱜᱟᱱᱟᱣᱟᱜᱼᱟ ᱠᱟᱛᱷᱟ ᱨᱮᱭᱟᱜᱼᱟ ᱫᱟᱢ ᱦᱚᱸ ᱟᱹᱰᱤ ᱜᱮ ᱡᱟᱹᱥᱛᱤ ᱛᱟᱭᱟ।
train_santalimale_04373	wavs/train_santalimale_04373.wav	ᱱᱩᱭᱟᱜᱼᱟ ᱠᱟᱛᱷᱟ ᱨᱮᱭᱟᱜᱼᱟ ᱫᱟᱢ ᱱᱩᱱᱟᱹᱜᱼᱟ ᱛᱟᱭᱟ ᱯᱟᱥᱮᱡᱼᱟ ᱚᱠᱚᱭ ᱞᱮᱠᱟᱱ ᱠᱚᱦᱚᱸ ᱫᱟᱢ ᱮᱢ ᱞᱟᱹᱜᱤᱫᱼᱟ ᱵᱟᱝ ᱠᱚ ᱨᱟᱹᱡᱤ ᱠᱚᱜᱼᱟ ᱟ।
train_santalimale_04374	wavs/train_santalimale_04374.wav	ᱱᱩᱭᱟᱜᱼᱟ ᱢᱤᱢᱤᱫᱼᱟ ᱠᱟᱛᱷᱟ ᱨᱮᱭᱟᱜᱼᱟ ᱵᱩᱴᱟᱹ ᱱᱟᱦᱟᱸᱜᱼᱟ ᱚᱞᱚᱜᱼᱟ ᱟᱹᱠᱤᱞᱟᱱ ᱦᱚᱲ ᱠᱚᱣᱟᱜᱼᱟ ᱞᱩᱛᱩᱨ ᱨᱮ ᱛᱟᱨᱠᱚ ᱜᱚᱫᱼᱟ ᱞᱮᱱ ᱠᱷᱟᱱ ᱵᱟᱹᱭᱚ-ᱵᱟᱹᱭ ᱛᱮ ᱚᱠᱚ-ᱚᱠᱚ ᱛᱮ ᱩᱱᱤᱭᱟᱜᱼᱟ ᱢᱮᱫᱼᱟ ᱦᱚᱸ ᱧᱮᱞ ᱠᱟᱛᱮᱱ ᱛᱟᱭᱱᱚᱢ ᱥᱮᱡᱼᱟ ᱯᱟᱹᱪᱚᱜᱼᱟ ᱵᱮᱜᱚᱨ ᱞᱟᱦᱟ ᱥᱮᱡᱼᱟ ᱞᱟᱦᱟᱜᱼᱟ ᱫᱚ ᱵᱟᱝ ᱠᱚ ᱨᱮᱵᱮᱱ ᱫᱟᱲᱮᱭᱟᱜᱼᱟ ᱟ।
train_santalimale_04375	wavs/train_santalimale_04375.wav	ᱱᱩᱭ ᱫᱚ ᱢᱟᱨᱮ ᱵᱷᱟᱜᱮ ᱵᱤᱪᱟᱹᱨᱟᱱ ᱦᱚᱲ ᱠᱟᱱᱟᱭ।
train_santalimale_04376	wavs/train_santalimale_04376.wav	ᱟᱛᱚ ᱨᱮᱢᱟ ᱱᱩᱭ ᱵᱟᱝᱠᱷᱟᱱ ᱪᱮᱫᱼᱟ ᱜᱮ ᱵᱟᱝ ᱥᱚᱞᱦᱮ ᱠᱚᱜᱼᱟ।
train_santalimale_04377	wavs/train_santalimale_04377.wav	ᱚᱞᱚᱜᱼᱟ ᱟᱹᱠᱤᱞ ᱫᱚᱭ ᱵᱟᱰᱟᱭ ᱜᱮᱭᱟ।
train_santalimale_04378	wavs/train_santalimale_04378.wav	ᱥᱮᱫᱟᱭ ᱡᱟᱹᱱᱤᱡᱼᱟ ᱟᱠᱚ ᱚᱲᱟᱜᱼᱟ ᱨᱮᱭᱟᱜᱼᱟ ᱥᱩᱠᱚ-ᱥᱩᱵᱤᱛᱟ ᱵᱟᱝ ᱛᱟᱦᱮᱸᱠᱟᱱ ᱠᱷᱟᱹᱛᱤᱨ ᱛᱮᱜᱮ ᱡᱟᱹᱱᱤᱡᱼᱟ ᱡᱟᱹᱥᱛᱤ ᱫᱚ ᱵᱟᱭ ᱯᱟᱲᱦᱟᱣ ᱫᱟᱲᱮᱭᱟᱫᱟ।
train_santalimale_04379	wavs/train_santalimale_04379.wav	ᱛᱷᱚᱰᱟ-ᱛᱷᱩᱰᱤ ᱚᱞᱚᱜᱼᱟ ᱟᱹᱠᱤᱞ ᱦᱟᱨ ᱥᱟᱸᱣᱚ-ᱥᱟᱸᱣ ᱛᱮ ᱦᱟᱯᱲᱟᱢ ᱠᱟᱛᱷᱟ, ᱢᱟᱨᱮ ᱥᱮᱨᱮᱧ, ᱵᱤᱱᱛᱤ-ᱵᱟᱸᱠᱷᱮᱸᱲ ᱮᱢᱟᱱ ᱫᱚ ᱟᱹᱰᱤ ᱵᱷᱟᱜᱮᱭ ᱥᱮᱸᱰᱟᱸᱣᱟᱠᱟᱫᱟ।
train_santalimale_04380	wavs/train_santalimale_04380.wav	ᱢᱟᱨᱮ-ᱢᱟᱨᱮ ᱚᱠᱚ ᱟᱠᱟᱱ ᱠᱟᱛᱷᱟ ᱠᱚ ᱠᱟᱨᱟᱢ ᱜᱩᱨᱩ ᱠᱚ ᱴᱷᱮᱱ ᱠᱷᱚᱱ ᱦᱟᱢᱮᱴ ᱠᱟᱛᱮ ᱱᱟᱦᱟᱸᱜᱼᱟ ᱡᱩᱜ ᱨᱮᱱ ᱟᱮ, ᱵᱤᱮ ᱯᱟᱥ ᱠᱚᱲᱟᱹ ᱠᱚᱢᱟ ᱢᱤᱫᱼᱟ ᱠᱟᱛᱷᱟ ᱛᱮᱜᱮᱭ ᱠᱤᱨᱫᱷᱩᱢ ᱜᱚᱫᱼᱟ ᱮᱫᱼᱟ ᱠᱚ ᱛᱟᱦᱮᱸᱱ।
train_santalimale_04381	wavs/train_santalimale_04381.wav	ᱢᱮᱱ ᱞᱮᱠᱷᱟᱱ ᱱᱩᱤ ᱫᱚ ᱥᱟᱹᱨᱤ ᱩᱛᱟᱹᱨ ᱥᱟᱱᱟᱢᱟᱜᱼᱟ ᱨᱮᱱ ᱯᱟᱨᱜᱟᱱᱟ।
train_santalimale_04382	wavs/train_santalimale_04382.wav	ᱱᱩᱦ ᱨᱮᱱ ᱫᱚ ᱵᱟᱨᱭᱟ ᱠᱚᱲᱟ ᱠᱤᱱ ᱛᱟᱸᱦᱮᱸᱠᱟᱱᱟ।
train_santalimale_04383	wavs/train_santalimale_04383.wav	ᱫᱷᱟᱹᱨᱛᱤ ᱨᱮᱭᱟᱜᱼᱟ ᱥᱤᱨᱡᱚᱱ ᱥᱤᱧᱡᱚᱱᱟᱸᱲᱤ ᱨᱮ ᱵᱟᱝ ᱡᱷᱟᱹᱣᱟᱹ ᱠᱟᱛᱮ ᱱᱟᱣᱟᱸ ᱟᱦᱞᱟ ᱨᱮ ᱛᱟᱲᱟᱹᱢ ᱪᱟᱞᱟᱜᱼᱟ ᱞᱟᱹᱜᱤᱫᱼᱟ ᱛᱮ ᱟᱡᱼᱟ ᱨᱮᱱ ᱠᱚᱲᱟ ᱫᱚ ᱤᱥᱠᱩᱞ ᱪᱟᱞᱟᱜᱼᱟ ᱮ ᱢᱮᱛᱟᱣᱟᱫᱼᱟ ᱠᱤᱱᱟᱹ।
train_santalimale_04384	wavs/train_santalimale_04384.wav	ᱟᱯᱟᱛ ᱛᱮᱫᱼᱟ ᱟᱜᱼᱟ ᱠᱟᱛᱷᱟ ᱟᱧᱡᱚᱢ ᱠᱟᱛᱮ ᱱᱩᱠᱤᱱ ᱵᱟᱱᱟᱨ ᱵᱚᱭᱦᱟ ᱢᱚᱱᱮ ᱨᱮ ᱟᱹᱰᱤ ᱨᱟᱹᱥᱠᱟᱹ ᱦᱩᱫᱤᱥ ᱦᱮᱡᱼᱟ ᱟᱫᱼᱟ ᱠᱤᱱᱟᱹ।
train_santalimale_04385	wavs/train_santalimale_04385.wav	ᱟᱡᱼᱟ ᱵᱟᱹᱵᱟᱹᱭᱮ ᱜᱚᱜᱼᱟ ᱟᱠᱟᱣᱟᱫᱼᱟ ᱠᱤᱱ ᱠᱟᱛᱷᱟ ᱫᱚ ᱜᱷᱟᱱᱮ-ᱜᱷᱟᱱᱮ ᱠᱤᱱ ᱩᱤᱦᱟᱹᱨᱟ।
train_santalimale_04386	wavs/train_santalimale_04386.wav	ᱟᱠᱤᱱᱟᱹᱜᱼᱟ ᱠᱩᱠᱢᱩ ᱦᱚᱸ ᱱᱚᱟ ᱠᱟᱱ ᱛᱟᱠᱤᱱᱟᱹ ᱡᱮ ᱟᱞᱟᱝ ᱦᱚᱸ ᱢᱤᱫᱼᱟ ᱫᱤᱱ ᱦᱤᱞᱚᱜᱼᱟ ᱵᱟᱵᱟ ᱞᱮᱠᱟᱱ ᱦᱚᱲ ᱞᱟᱝ ᱦᱚᱭᱚᱜᱼᱟ ᱟ।
train_santalimale_04387	wavs/train_santalimale_04387.wav	ᱫᱮᱥᱚ-ᱫᱤᱥᱟᱹᱢ ᱨᱮ ᱜᱟᱹᱰᱭᱟᱹᱩ ᱜᱮᱠᱤᱱ ᱫᱚᱦᱚ ᱠᱟᱫᱟ ᱟᱨ ᱠᱤᱨᱟᱹ ᱜᱚᱜᱼᱟ ᱠᱟᱛᱮᱱ ᱞᱟᱦᱟ ᱪᱟᱞᱟᱜᱼᱟ ᱠᱤᱱ ᱮᱦᱚᱵᱼᱟ ᱮᱱᱟ।
train_santalimale_04388	wavs/train_santalimale_04388.wav	ᱴᱩᱤᱞᱟᱹ ᱟᱨ ᱥᱩᱤᱞᱟᱹ ᱛᱟᱹᱠᱤᱱ ᱫᱚ ᱟᱛᱚ ᱤᱥᱠᱩᱞ ᱨᱮ ᱯᱟᱲᱦᱟᱣ ᱢᱩᱪᱟᱹᱫᱼᱟ ᱛᱟᱭᱚᱢ ᱵᱟᱡᱟᱨᱚ-ᱥᱟᱦᱟᱨ ᱨᱮᱭᱟᱜᱼᱟ ᱞᱟᱹᱴᱩ ᱤᱥᱠᱩᱞ ᱨᱮ ᱯᱟᱲᱦᱟᱜᱼᱟ ᱞᱟᱹᱜᱤᱫᱼᱟ ᱯᱟᱹᱣᱲᱤ ᱜᱤᱰᱤ ᱠᱤᱱ ᱮᱦᱚᱵᱼᱟ ᱮᱱᱟ।
train_santalimale_04389	wavs/train_santalimale_04389.wav	ᱤᱱᱟᱹ ᱛᱟᱭᱚᱢ ᱫᱚ ᱢᱤᱰᱤᱞ ᱤᱥᱠᱩᱞ ᱨᱮᱠᱚ ᱵᱷᱩᱨᱛᱤ ᱠᱟᱫᱼᱟ ᱠᱤᱱ।
train_santalimale_04390	wavs/train_santalimale_04390.wav	ᱢᱚᱱᱮ ᱨᱮᱭᱟᱜᱼᱟ ᱠᱩᱠᱢᱩ ᱯᱩᱨᱟᱹᱩ ᱞᱟᱹᱜᱤᱫᱼᱟ ᱛᱮ ᱟᱨ ᱟᱹᱠᱤᱱᱟᱜᱼᱟ ᱨᱤᱠᱤᱲ ᱢᱚᱱᱮ ᱢᱩᱨᱠᱟᱹᱤ ᱤᱭᱟᱹᱛᱮ ᱵᱟᱱᱟᱨ ᱵᱚᱭᱦᱟ ᱢᱚᱱᱮ ᱜᱟᱛᱷᱟᱣ ᱠᱟᱛᱮᱱ ᱜᱮᱠᱤᱱ ᱛᱟᱦᱮᱸᱱᱟ।
train_santalimale_04391	wavs/train_santalimale_04391.wav	ᱮᱱᱛᱮ ᱚᱠᱚᱭ ᱵᱟᱰᱟᱭᱟ ᱥᱚᱢᱚᱭ ᱨᱮᱭᱟᱜᱼᱟ ᱫᱟᱲᱮᱹ ᱥᱤᱨᱡᱚᱱ ᱨᱮᱭᱟᱜᱼᱟ ᱟᱲᱮ ᱟᱨ ᱪᱮᱠᱟ ᱢᱟᱱᱣᱟᱸ ᱞᱮᱠᱟ ᱜᱮ ᱱᱚᱟ ᱟᱲᱮ ᱵᱷᱤᱛᱨᱤ ᱥᱮ ᱵᱟᱦᱨᱮ ᱨᱮᱠᱤᱱ ᱛᱟᱦᱮᱸᱱᱟ, ᱢᱮᱱᱛᱮ।
train_santalimale_04392	wavs/train_santalimale_04392.wav	ᱦᱟᱤ ᱤᱥᱠᱩᱞ ᱪᱟᱞᱟᱜᱼᱟ-ᱪᱟᱞᱟᱜᱼᱟ ᱛᱮ ᱥᱩᱤᱞᱟᱹ ᱣᱟᱜᱼᱟ ᱢᱚᱱᱮ ᱫᱚ ᱵᱚᱫᱚᱞᱚᱜᱼᱟ ᱮᱦᱚᱵᱼᱟ ᱮᱱ ᱛᱟᱭᱟ।
train_santalimale_04393	wavs/train_santalimale_04393.wav	ᱟᱭᱟᱜᱼᱟ ᱢᱚᱱᱮ ᱫᱚ ᱚᱞᱚᱜᱼᱟ ᱯᱟᱲᱦᱟᱜᱼᱟ ᱠᱷᱚᱱ ᱮᱛᱚᱢ ᱠᱟᱛᱮ ᱢᱮᱞᱟ-ᱴᱷᱮᱞᱟ, ᱪᱷᱟᱛᱟ-ᱯᱟᱛᱟ, ᱦᱟᱴᱚ-ᱵᱟᱡᱟᱨ ᱥᱮᱡᱼᱟ ᱞᱟᱣᱮᱨᱚᱜᱼᱟ ᱮᱦᱚᱵᱼᱟ ᱮᱱ ᱛᱟᱭᱟ।
train_santalimale_04394	wavs/train_santalimale_04394.wav	ᱢᱮᱱᱠᱷᱟᱱ ᱟᱹᱠᱤᱱ ᱵᱚᱭᱦᱟ ᱡᱟᱦᱟᱸ ᱠᱟᱛᱷᱟ ᱠᱤᱱ ᱜᱚᱜᱼᱟ ᱟᱱ ᱛᱟᱦᱮᱸ ᱚᱱᱟ ᱠᱟᱛᱷᱟ ᱫᱚ ᱥᱩᱤᱞᱟᱹ ᱮᱠᱫᱚᱢᱮ ᱦᱤᱲᱤᱧ ᱦᱟᱯᱮ ᱟᱠᱟᱫᱟ ᱟᱨ ᱢᱚᱱᱮ ᱨᱮ ᱫᱷᱟᱹᱨᱛᱤ ᱨᱮᱭᱟᱜᱼᱟ ᱱᱟᱣᱟᱸ ᱟᱵᱷᱨᱟᱱ ᱥᱟᱸᱣᱛᱮ ᱱᱟᱣᱟᱸ ᱠᱟᱛᱷᱟ ᱚᱸᱠᱩᱨ ᱟᱫᱮᱭᱟ।
train_santalimale_04395	wavs/train_santalimale_04395.wav	ᱵᱟᱹᱤ-ᱵᱟᱹᱤ ᱛᱮ ᱤᱥᱠᱩᱞ ᱪᱟᱞᱟᱜᱼᱟ ᱦᱚᱸᱭ ᱰᱷᱤᱞᱟᱹᱩ ᱤᱫᱤ ᱠᱮᱫᱟ ᱟᱨ ᱚᱠᱟ ᱞᱮᱠᱟ ᱞᱟᱦᱟ ᱟᱡᱼᱟ ᱫᱟᱫᱟ ᱛᱟᱹᱠᱤᱱ ᱢᱤᱫᱼᱟ ᱛᱤᱠᱤᱱ ᱛᱟᱦᱮᱸᱱ ᱠᱟᱱ ᱛᱟᱦᱮᱸ ᱚᱱᱟ ᱠᱷᱚᱱ ᱦᱚᱸᱭ ᱵᱟᱯᱟᱜ ᱮᱱᱟ।
train_santalimale_04396	wavs/train_santalimale_04396.wav	ᱠᱟᱹᱴᱤᱡᱼᱟ ᱠᱷᱚᱱ ᱡᱟᱦᱟᱸ ᱥᱚᱯᱚᱦᱚᱫᱼᱟ ᱛᱚᱱᱚᱞ ᱛᱟᱦᱮᱸᱠᱟᱱ, ᱚᱱᱟ ᱫᱚ ᱟᱹᱰᱤ ᱟᱪᱠᱟ ᱜᱮ ᱛᱚᱯᱟᱜᱼᱟ ᱮᱱᱟ।
train_santalimale_04397	wavs/train_santalimale_04397.wav	ᱱᱚᱟ ᱫᱚ ᱡᱟᱹᱱᱤᱡᱼᱟ ᱤᱧ ᱦᱚᱸ ᱵᱷᱟᱜᱮ ᱢᱚᱧᱡ ᱛᱮ ᱵᱟᱹᱧ ᱵᱟᱰᱟᱭ ᱧᱟᱢ ᱫᱟᱲᱮᱣᱟᱫᱟ।
train_santalimale_04398	wavs/train_santalimale_04398.wav	ᱪᱮᱫᱼᱟ ᱤᱭᱟᱹᱛᱮ ᱵᱚᱭᱦᱟ ᱛᱟᱞᱟ ᱨᱮᱭᱟᱜᱼᱟ ᱛᱚᱲᱮᱹ ᱥᱩᱛᱟᱹᱢ, ᱜᱟᱞᱟᱝ ᱢᱟᱞᱟ ᱟᱪᱠᱟ ᱜᱮ ᱛᱚᱯᱟᱜᱼᱟ ᱮᱱᱟ?
train_santalimale_04399	wavs/train_santalimale_04399.wav	ᱡᱚᱠᱷᱚᱱ ᱥᱩᱤᱞᱟᱹ ᱣᱟᱜᱼᱟ ᱢᱚᱱᱮ ᱯᱟᱲᱦᱟᱜᱼᱟ ᱠᱷᱚᱱ ᱯᱷᱟᱨᱟᱠ ᱮᱱᱟ।
train_santalimale_04400	wavs/train_santalimale_04400.wav	ᱤᱱᱟᱹ ᱛᱟᱭᱚᱢ ᱚᱞᱚᱜᱼᱟ-ᱯᱟᱲᱦᱟᱜᱼᱟ ᱥᱮᱡᱼᱟ ᱫᱚ ᱱᱟᱥᱮ ᱦᱚᱸ ᱵᱟᱭ ᱢᱚᱱᱮᱭᱟᱫᱟ।
train_santalimale_04401	wavs/train_santalimale_04401.wav	ᱱᱚᱟ ᱠᱚ ᱠᱷᱟᱹᱛᱤᱨ ᱛᱮᱜᱮ ᱥᱩᱤᱞᱟᱹ ᱫᱚ ᱟᱨᱮ ᱠᱮᱞᱟᱥ ᱨᱮᱭᱟᱜᱼᱟ ᱵᱤᱲᱟᱹᱩ ᱨᱮ ᱫᱚᱭ ᱵᱷᱤᱱᱫᱟᱲ ᱮᱱᱟ ᱟᱨ ᱟᱡᱼᱟ ᱫᱟᱫᱟ ᱫᱚ ᱨᱤᱠᱤᱲ ᱢᱚᱱᱮ ᱢᱩᱨᱠᱟᱹᱤ ᱥᱟᱞᱟᱜᱼᱟ ᱮ ᱯᱟᱲᱦᱟᱣ ᱞᱟᱦᱟᱭᱮᱱ ᱛᱮ ᱟᱠᱚᱴ ᱢᱩᱦᱤᱢ ᱫᱚ ᱩᱱᱤ ᱥᱟᱢᱟᱝ ᱨᱮ ᱵᱟᱝ ᱮ ᱛᱮᱝᱜᱚ ᱴᱟᱨᱦᱟᱣ ᱫᱟᱲᱮᱹᱭᱟᱫᱟ।
train_santalimale_04402	wavs/train_santalimale_04402.wav	ᱮᱱᱛᱮ ᱴᱩᱤᱞᱟᱹ ᱣᱟᱜᱼᱟ ᱡᱤᱭᱚᱱ ᱠᱩᱠᱞᱤ ᱟᱨ ᱟᱹᱠᱷᱤᱨ ᱦᱩᱫᱤᱥ ᱫᱚ ᱱᱚᱟ ᱜᱮ ᱠᱟᱱ ᱛᱟᱭᱟ ᱡᱮ ᱚᱠᱛᱮ ᱫᱚ ᱡᱟᱦᱟᱸ ᱠᱷᱟᱹᱛᱤᱨ ᱟᱨ ᱡᱟᱦᱟᱸ ᱞᱟᱹᱜᱤᱫᱼᱟ ᱛᱮᱜᱮ ᱟᱞᱚᱢ ᱯᱟᱹᱥᱩᱲ ᱚᱪᱚᱭᱟ।
train_santalimale_04403	wavs/train_santalimale_04403.wav	ᱚᱠᱟ ᱚᱠᱛᱮ ᱨᱮ ᱟᱢ ᱚᱠᱟ ᱠᱟᱹᱢᱤ ᱞᱟᱹᱠᱛᱤ ᱠᱟᱱ ᱛᱟᱢᱟ, ᱡᱩᱫᱤ ᱚᱱᱟ ᱵᱟᱢ ᱠᱟᱹᱢᱤ ᱞᱮᱠᱷᱟᱱ ᱥᱮᱥᱟᱱᱛᱤ ᱨᱮ ᱛᱤ ᱛᱷᱟᱭᱚᱭ ᱵᱮᱜᱚᱨ ᱟᱨ ᱪᱮᱫᱼᱟ ᱩᱯᱟᱹᱤ ᱜᱮ ᱵᱟᱹᱱᱩᱜᱼᱟ ᱛᱟᱢᱟ।
train_santalimale_04404	wavs/train_santalimale_04404.wav	ᱚᱱᱟ ᱤᱭᱟᱹᱛᱮ ᱡᱟᱦᱟᱸᱢ ᱠᱟᱹᱢᱤ ᱚᱠᱟ ᱚᱠᱛᱮ ᱨᱮᱭ ᱠᱷᱚᱡᱚᱜᱚᱜᱼᱟ ᱟ ᱚᱱᱟ ᱫᱚ ᱤᱱᱟᱹ ᱚᱠᱛᱮ ᱨᱮᱜᱮ ᱢᱚᱱ ᱞᱟᱜᱟᱣ ᱠᱟᱛᱮ ᱨᱟᱹᱥᱠᱟᱹ ᱥᱟᱞᱟᱜᱼᱟ ᱠᱟᱹᱢᱤ ᱤᱫᱤᱭ ᱢᱮ।
train_santalimale_04405	wavs/train_santalimale_04405.wav	ᱡᱚᱠᱷᱚᱱ ᱟᱨᱮ ᱠᱮᱞᱟᱥ ᱨᱮ ᱥᱩᱤᱞᱟᱹᱭᱮ ᱯᱷᱮᱞ ᱮᱱᱟ।
train_santalimale_04406	wavs/train_santalimale_04406.wav	ᱱᱚᱟ ᱠᱟᱛᱷᱟ ᱟᱧᱡᱚᱢ ᱠᱟᱛᱮ ᱟᱡᱼᱟ ᱵᱟᱵᱟ ᱫᱚ ᱟᱹᱰᱤ ᱜᱮᱭ ᱨᱟᱸᱜᱟᱣᱮᱱᱟ।
train_santalimale_04407	wavs/train_santalimale_04407.wav	ᱢᱮᱱᱠᱷᱟᱱ ᱨᱟᱸᱜᱟᱣ ᱠᱟᱛᱮᱱᱮ ᱪᱮᱠᱟᱭᱟ?
train_santalimale_04408	wavs/train_santalimale_04408.wav	ᱢᱚᱪᱟ ᱯᱮᱨᱮᱡᱼᱟ ᱰᱟᱴᱟ, ᱛᱟᱲᱟᱹᱢ ᱥᱮᱲᱟ ᱠᱟᱴᱟ ᱡᱩᱣᱟᱹᱱ ᱠᱚᱲᱟ ᱪᱮᱫᱼᱟ ᱮ ᱢᱮᱛᱟᱭᱟ?
train_santalimale_04409	wavs/train_santalimale_04409.wav	ᱟᱛᱚ ᱦᱚᱲ ᱫᱚ ᱟᱹᱰᱤ ᱠᱚ ᱨᱚᱲ ᱠᱮᱫᱼᱟ ᱜᱮᱭᱟ।
train_santalimale_04410	wavs/train_santalimale_04410.wav	ᱫᱩᱥᱟᱹᱩ ᱠᱮᱫᱮᱭᱟ ᱠᱚ ᱦᱚᱯᱚᱱ ᱛᱮᱫᱼᱟ ᱟᱜᱼᱟ ᱡᱷᱟᱨᱟᱠ ᱥᱟᱸᱣ ᱛᱮ, ᱠᱟᱹᱤᱛᱩᱠ ᱧᱮᱞᱛᱮ ᱪᱮᱠᱟᱛᱮ ᱛᱷᱤᱨ ᱫᱚᱭ ᱛᱟᱦᱮᱸᱱᱟ।
train_santalimale_04411	wavs/train_santalimale_04411.wav	ᱮᱱᱛᱮ ᱦᱩᱰᱤᱧ ᱠᱚᱲᱟᱹ ᱫᱚ ᱵᱟᱝ ᱮ ᱯᱟᱥ ᱞᱮᱫᱟ।
train_santalimale_04412	wavs/train_santalimale_04412.wav	ᱥᱩᱤᱞᱟᱹ ᱫᱚ ᱵᱟᱝ ᱮ ᱵᱩᱡ ᱧᱟᱢ ᱫᱟᱲᱮᱹᱣᱟᱫᱟ ᱧᱩᱛᱟᱹᱛ ᱨᱮᱭᱟᱜᱼᱟ ᱠᱩᱠᱢᱩ ᱨᱮᱭᱟᱜᱼᱟ ᱯᱷᱮᱱ।
train_santalimale_04413	wavs/train_santalimale_04413.wav	ᱪᱮᱫᱟᱜᱼᱟ ᱡᱮ ᱜᱚ-ᱵᱟᱵᱟ ᱵᱚᱭᱦᱟ ᱪᱮᱛᱟᱱ ᱨᱮ ᱢᱮᱱᱟᱭᱟ।
train_santalimale_04414	wavs/train_santalimale_04414.wav	ᱟᱭᱟᱜᱼᱟ ᱟᱹᱠᱷᱤᱨ ᱦᱩᱫᱤᱥ ᱫᱚ ᱱᱚᱟ ᱠᱟᱱ ᱜᱮ ᱛᱟᱭᱟ ᱡᱮ ᱱᱚᱟ ᱜᱷᱟᱨᱚᱧᱡ ᱫᱚ ᱱᱚᱝᱠᱟ ᱜᱮ ᱛᱟᱦᱮᱸᱱᱟ ᱢᱮᱱᱛᱮ।
train_santalimale_04415	wavs/train_santalimale_04415.wav	ᱱᱤᱛᱚᱜᱼᱟ ᱚᱠᱟ ᱞᱮᱠᱟ ᱥᱟᱱᱟᱢᱟᱜᱼᱟ ᱛᱮ ᱯᱮᱨᱮᱡᱼᱟ ᱯᱩᱨᱩᱱ ᱢᱮᱱᱟᱜᱼᱟ ᱞᱮᱭᱟ ᱚᱱᱠᱟ ᱜᱮ ᱡᱟᱹᱱᱤᱡᱼᱟ ᱡᱟᱣ ᱜᱮ ᱯᱮᱨᱮᱡᱼᱟ ᱯᱩᱨᱩᱱ ᱞᱮ ᱛᱟᱦᱮᱸᱱᱟ।
train_santalimale_04416	wavs/train_santalimale_04416.wav	ᱱᱚᱟ ᱠᱚ ᱦᱩᱫᱤᱥ ᱠᱷᱟᱹᱛᱤᱨ ᱛᱮᱜᱮ ᱡᱟᱹᱱᱤᱡᱼᱟ ᱞᱟᱦᱟ ᱥᱮᱡᱼᱟ ᱯᱟᱲᱦᱟᱜᱼᱟ ᱫᱚ ᱵᱟᱭ ᱨᱮᱵᱮᱱ ᱞᱮᱱᱟ।
train_santalimale_04417	wavs/train_santalimale_04417.wav	ᱟᱨ, ᱱᱚᱛᱮ ᱴᱩᱤᱞᱟᱹ ᱫᱚ ᱢᱮᱞᱟ-ᱴᱷᱮᱞᱟ, ᱪᱷᱟᱛᱟ-ᱯᱟᱛᱟ, ᱦᱟᱴᱚ-ᱵᱟᱡᱟᱨ, ᱦᱟᱹᱬᱰᱤ-ᱵᱷᱟᱹᱴᱤ ᱫᱮᱭᱟ ᱠᱟᱛᱮ ᱡᱟᱦᱟᱸ ᱞᱟᱹᱜᱤᱫᱼᱟ ᱴᱮᱴᱣᱟᱥ ᱟᱠᱟᱱᱮ ᱚᱱᱟ ᱴᱮᱴᱣᱟᱥ ᱫᱚ ᱟᱡᱼᱟ-ᱟᱡᱼᱟ ᱛᱮᱜᱮᱭ ᱛᱤᱨᱚᱯᱤᱛ ᱤᱫᱤᱭᱮᱫᱟ।
train_santalimale_04418	wavs/train_santalimale_04418.wav	ᱮᱱᱛᱮ ᱪᱟᱜᱼᱟ ᱵᱟᱝ ᱛᱤᱨᱚᱯᱤᱛᱚᱜᱼᱟ ᱛᱟᱭᱟ।
train_santalimale_04419	wavs/train_santalimale_04419.wav	ᱥᱤᱧᱚ-ᱡᱤᱱᱫᱟᱹ ᱯᱟᱲᱦᱟᱜᱼᱟ ᱟᱨ ᱯᱟᱲᱦᱟᱜᱼᱟ ᱨᱮᱜᱮᱭ ᱛᱟᱦᱮᱸᱱᱟ।
train_santalimale_04420	wavs/train_santalimale_04420.wav	ᱤᱥᱠᱩᱞ ᱠᱷᱚᱱ ᱨᱩᱣᱟᱹᱲ ᱠᱟᱛᱮ ᱚᱲᱟᱜᱼᱟ ᱨᱮᱭᱟᱜᱼᱟ ᱠᱟᱹᱢᱤ ᱦᱚᱸ ᱵᱟᱝ ᱠᱟᱹᱢᱤ ᱦᱩᱭᱩᱜᱼᱟ ᱛᱟᱭᱟ।
train_santalimale_04421	wavs/train_santalimale_04421.wav	ᱱᱚᱟ ᱠᱟᱹᱢᱤ ᱠᱚ ᱞᱟᱹᱜᱤᱫᱼᱟ ᱛᱮᱫᱚ ᱜᱩᱛᱤ-ᱢᱩᱱᱤᱥ ᱢᱮᱱᱟᱜᱼᱟ ᱠᱚᱟ।
train_santalimale_04422	wavs/train_santalimale_04422.wav	ᱥᱟᱱᱟᱢ ᱠᱟᱹᱢᱤ ᱱᱚᱠᱚ ᱜᱮᱠᱚ ᱧᱮᱞ ᱥᱟᱸᱣᱦᱟᱭᱮᱫᱼᱟ ᱟ।
train_santalimale_04423	wavs/train_santalimale_04423.wav	ᱢᱮᱱᱞᱮᱠᱷᱟᱱ ᱢᱮᱫᱼᱟ ᱛᱮ ᱠᱚᱭᱚᱜᱼᱟ ᱟᱨ ᱢᱚᱪᱟ ᱛᱮ ᱦᱩᱠᱩᱢ ᱨᱮᱭᱟᱜᱼᱟ ᱞᱟᱹᱠᱛᱤ ᱦᱚᱸ ᱵᱟᱝ ᱯᱟᱲᱟᱹᱜᱼᱟ ᱟ।
train_santalimale_04424	wavs/train_santalimale_04424.wav	ᱡᱟᱹᱱᱤᱡᱼᱟ ᱴᱩᱤᱞᱟᱹ ᱫᱚ ᱚᱞᱚᱜᱼᱟ ᱡᱤᱭᱚᱱ ᱨᱮᱭᱟᱜᱼᱟ ᱟᱥᱚᱞ ᱡᱷᱟᱨᱛᱮᱫᱼᱟ ᱜᱮᱭ ᱪᱟᱠᱷᱟ ᱟᱴᱠᱟᱨ ᱟᱠᱟᱫᱟ।
train_santalimale_04425	wavs/train_santalimale_04425.wav	ᱚᱱᱟ ᱤᱭᱟᱹᱛᱮ ᱜᱮ ᱚᱱᱟ ᱥᱮᱥᱮᱱᱫᱨᱟ ᱨᱮ ᱢᱮᱱᱟᱭᱟ ᱚᱠᱟ ᱴᱟᱜᱼᱟ ᱛᱮ ᱫᱤᱥᱟᱹᱢ ᱦᱚᱲ ᱥᱟᱢᱟᱝ ᱨᱮ, ᱟᱛᱚ ᱜᱟᱛᱟᱠ ᱥᱚᱢᱟᱡ ᱛᱟᱞᱟ ᱨᱮ ᱢᱟᱱᱚᱛ ᱥᱟᱞᱟᱜᱼᱟ ᱴᱷᱟᱸᱣᱮ ᱧᱟᱢ।
train_santalimale_04426	wavs/train_santalimale_04426.wav	ᱱᱚᱟ ᱦᱩᱫᱤᱥ ᱠᱟᱛᱮᱱ ᱜᱮ ᱢᱚᱱᱮ ᱜᱟᱹᱰᱭᱟᱹᱩ ᱠᱟᱛᱮ ᱚᱨᱟᱢ ᱟᱠᱟᱫᱼᱟ ᱦᱚᱨ ᱛᱮᱫᱚᱭ ᱛᱟᱲᱟᱹᱢ ᱞᱟᱦᱟᱜᱼᱟ ᱠᱟᱱᱟ।
train_santalimale_04427	wavs/train_santalimale_04427.wav	ᱟᱜᱚᱢ ᱚᱦᱢᱟ ᱠᱟᱛᱮ ᱜᱮ ᱡᱟᱹᱱᱤᱡᱼᱟ ᱡᱟᱦᱟᱸ ᱠᱷᱟᱹᱛᱤᱨ ᱡᱟᱝᱜᱟ ᱮ ᱞᱟᱦᱟ ᱞᱮᱫᱼᱟ ᱚᱱᱟ ᱡᱟᱝᱜᱟ ᱫᱚ ᱜᱷᱩᱨᱮ ᱵᱟᱭ ᱯᱟᱹᱪ ᱨᱩᱣᱟᱹᱲ ᱞᱮᱫᱟ ᱟᱨ ᱱᱚᱟ ᱠᱚ ᱟᱸᱜᱚᱪ ᱥᱟᱞᱟᱜᱼᱟ ᱮ ᱞᱟᱦᱟᱭᱮᱱ ᱛᱮ ᱜᱮᱞᱵᱟᱨ ᱠᱮᱞᱟᱥ ᱦᱟᱹᱵᱤᱡᱼᱟ ᱮ ᱯᱟᱲᱦᱟᱣ ᱮᱱᱟ।
train_santalimale_04428	wavs/train_santalimale_04428.wav	ᱱᱚᱛᱮ ᱱᱩᱠᱤᱱᱟᱹᱜᱼᱟ ᱚᱠᱛᱮ ᱦᱚᱸ ᱥᱮᱴᱮᱨ ᱮᱱᱟ।
train_santalimale_04429	wavs/train_santalimale_04429.wav	ᱩᱢᱟᱹᱨ ᱨᱮᱭᱟᱜᱼᱟ ᱡᱩᱣᱟᱹᱱ ᱜᱟᱱᱟᱰᱤ ᱨᱮ ᱡᱟᱝᱜᱟ ᱫᱚᱦᱚᱭ ᱥᱟᱸᱣᱛᱮ ᱜᱷᱟᱨᱚᱧᱡᱤᱭᱟᱹ ᱵᱟᱠᱷᱨᱟ ᱛᱮᱫᱚ ᱠᱟᱛᱷᱟ ᱨᱟᱠᱟᱵᱼᱟ ᱮᱱᱟ।
train_santalimale_04430	wavs/train_santalimale_04430.wav	ᱱᱚᱝᱠᱟ ᱞᱮᱠᱟ ᱵᱟᱱᱟᱨ ᱥᱮᱡᱼᱟ ᱠᱩᱥᱤ-ᱨᱟᱹᱡᱤ ᱦᱚᱭᱮᱱ ᱛᱟᱭᱚᱢ ᱢᱟᱨᱟᱝᱤᱡᱼᱟ ᱠᱚᱲᱟᱹᱣᱟᱜᱼᱟ ᱵᱟᱯᱞᱟ ᱫᱚ ᱟᱹᱰᱤ ᱡᱟᱠ ᱡᱚᱢᱚᱠ ᱛᱮ ᱦᱚᱭᱮᱱᱟ।
train_santalimale_04431	wavs/train_santalimale_04431.wav	ᱢᱟᱨᱟᱝᱤᱡᱼᱟ ᱠᱚᱲᱟᱹ ᱠᱚ ᱥᱚᱝᱜᱮᱭᱟᱫᱮ ᱠᱷᱟᱱ ᱦᱩᱰᱤᱧᱤᱡᱼᱟ ᱟᱜᱼᱟ ᱢᱚᱱᱮ ᱦᱚᱸ ᱠᱷᱟᱞᱵᱟᱞᱟᱣ ᱮᱱ ᱛᱟᱭᱟ।
train_santalimale_04432	wavs/train_santalimale_04432.wav	ᱱᱚᱟ ᱧᱮᱞ ᱠᱟᱛᱮ ᱨᱟᱭᱵᱟᱨᱤᱡᱼᱟ ᱫᱚ ᱛᱷᱤᱨ ᱵᱟᱭ ᱛᱟᱦᱮᱸᱞᱮᱱᱟ।
train_santalimale_04433	wavs/train_santalimale_04433.wav	ᱜᱚ-ᱵᱟᱵᱟᱣᱟᱜᱼᱟ ᱥᱟᱫ ᱟᱨ ᱢᱮᱱ ᱞᱮᱠᱟᱛᱮ ᱨᱟᱭᱵᱟᱨᱤᱡᱼᱟ ᱫᱚ ᱠᱟᱛᱷᱟ ᱟᱧᱡᱚᱢ ᱛᱮᱜᱮ ᱦᱚᱭᱮᱱ ᱛᱟᱭᱟ ᱟᱨ ᱫᱚᱥᱟᱨ ᱵᱚᱪᱷᱚᱨ ᱫᱚ ᱦᱩᱰᱤᱧ ᱵᱚᱭᱦᱟᱣᱟᱜᱼᱟ ᱵᱟᱯᱞᱟ ᱦᱚᱭᱮᱱ ᱛᱟᱭᱟ।
train_santalimale_04434	wavs/train_santalimale_04434.wav	ᱱᱩᱠᱤᱱᱟᱹᱜᱼᱟ ᱵᱟᱯᱞᱟ ᱨᱮᱫᱚ ᱟᱹᱰᱤ-ᱟᱹᱰᱤ ᱢᱟᱱᱚᱛᱟᱱ ᱦᱚᱲ ᱠᱚ ᱥᱮᱴᱮᱨ ᱞᱮᱱᱟ।
train_santalimale_04435	wavs/train_santalimale_04435.wav	ᱨᱚᱜᱷᱩ ᱯᱟᱨᱜᱟᱱᱟᱣᱟᱜᱼᱟ ᱜᱤᱨᱟᱹ ᱞᱮᱠᱟᱛᱮ ᱟᱛᱚ ᱯᱮᱲᱟᱹ ᱟᱨ ᱢᱩᱞ ᱯᱮᱲᱟᱹ ᱢᱟ ᱦᱮᱸ ᱜᱮ।
train_santalimale_04436	wavs/train_santalimale_04436.wav	ᱤᱱᱟᱹ ᱪᱷᱟᱰᱟ ᱠᱟᱛᱮ ᱟᱡᱼᱟ ᱨᱮᱱ ᱛᱤᱱᱟᱹᱜᱼᱟ ᱜᱟᱛᱮ ᱠᱚ ᱛᱟᱦᱮᱸᱠᱟᱱ ᱛᱟᱭᱟ ᱚᱱᱠᱚ ᱦᱚᱸᱭ ᱵᱟᱰᱟᱭ ᱚᱪᱚ ᱞᱮᱫᱼᱟ ᱠᱚ ᱜᱮᱭᱟ।
train_santalimale_04437	wavs/train_santalimale_04437.wav	ᱵᱟᱱᱟᱨ ᱵᱚᱭᱦᱟᱣᱟᱜᱼᱟ ᱵᱟᱯᱞᱟ ᱫᱚ ᱟᱹᱰᱤ ᱱᱟᱯᱟᱭᱸ, ᱟᱹᱰᱤ ᱡᱟᱠᱚ-ᱡᱚᱢᱚᱠ ᱛᱮ ᱦᱚᱭᱮᱱ ᱛᱟᱹᱠᱤᱱᱟᱹ।
train_santalimale_04438	wavs/train_santalimale_04438.wav	ᱵᱟᱯᱞᱟ ᱛᱟᱭᱚᱢ ᱛᱷᱚᱲᱟ ᱵᱚᱪᱷᱚᱨ ᱦᱟᱹᱵᱤᱡᱼᱟ ᱱᱚᱠᱚ ᱛᱟᱞᱟ ᱨᱮ ᱥᱩᱠᱚ-ᱥᱩᱞᱩᱠ, ᱡᱩᱢᱤᱫ ᱫᱚ ᱞᱟᱦᱟ ᱞᱮᱠᱟ ᱜᱮ ᱧᱮᱞᱚᱜᱚᱜᱼᱟ ᱠᱟᱱ ᱛᱟᱦᱮᱸᱱᱟ।
train_santalimale_04439	wavs/train_santalimale_04439.wav	ᱢᱮᱱᱠᱷᱟᱱ ᱧᱮᱞᱚ-ᱧᱮᱞ ᱛᱮᱜᱮ ᱦᱚᱲᱟᱠ ᱢᱮᱫᱼᱟ ᱠᱷᱚᱱ ᱱᱚᱟ ᱥᱩᱞᱩᱠ ᱫᱚ ᱟᱸᱜᱮᱱᱚᱜᱼᱟ ᱮᱦᱚᱵᱼᱟ ᱮᱱᱟ ᱟᱨ ᱢᱤᱫᱼᱟ ᱫᱤᱱ ᱦᱤᱞᱚᱜᱼᱟ ᱫᱚ ᱟᱠᱚ ᱜᱷᱟᱨᱚᱧᱡ ᱠᱷᱚᱱ ᱦᱚᱸ ᱪᱷᱟᱱ ᱩᱛᱟᱹᱨᱚᱜᱼᱟ ᱞᱟᱹᱜᱤᱫᱼᱟ ᱮ ᱥᱟᱯᱲᱟᱹᱣ ᱡᱚᱝ ᱟᱱᱟ।
train_santalimale_04440	wavs/train_santalimale_04440.wav	ᱱᱚᱟ ᱠᱚ ᱫᱚ ᱢᱮᱱᱠᱷᱟᱱ ᱨᱚᱜᱷᱩ ᱯᱟᱨᱜᱟᱱᱟ ᱱᱟᱥᱮ ᱦᱚᱸ ᱵᱟᱭ ᱵᱟᱰᱟᱭ ᱡᱚᱝ ᱠᱟᱱᱟ ᱡᱮ ᱥᱩᱞᱩᱠ ᱱᱤᱨᱟᱹᱤ ᱫᱚ ᱵᱟᱨ ᱫᱤᱱ ᱞᱟᱹᱜᱤᱫᱼᱟ ᱜᱮ ᱟᱞᱮ ᱴᱷᱮᱱ ᱢᱮᱱᱟᱜᱼᱟ ᱟ।
train_santalimale_04441	wavs/train_santalimale_04441.wav	ᱪᱟᱜᱼᱟ ᱡᱮ ᱱᱤᱛ ᱫᱚ ᱨᱚᱜᱷᱩ ᱯᱟᱨᱜᱟᱱᱟ ᱛᱟᱠᱚᱣᱟᱜᱼᱟ ᱜᱷᱟᱨᱚᱧᱡ ᱫᱚ ᱞᱟᱹᱴᱩ ᱮᱱᱟ।
train_santalimale_04442	wavs/train_santalimale_04442.wav	ᱟᱡᱼᱟ ᱨᱮᱱ ᱦᱚᱯᱚᱱ ᱥᱟᱸᱣ ᱮᱴᱟᱜᱼᱟ ᱦᱚᱯᱚᱱ ᱠᱤᱱ ᱦᱮᱡᱼᱟ ᱛᱚᱲᱜᱮᱭᱮᱱᱟ।
train_santalimale_04443	wavs/train_santalimale_04443.wav	ᱚᱱᱟ ᱤᱭᱟᱹᱛᱮ ᱞᱟᱦᱟ ᱠᱷᱚᱱ ᱫᱚ ᱟᱹᱰᱤ ᱜᱮ ᱯᱷᱟᱹᱤᱞᱟᱹᱩ ᱮᱱᱟ।
train_santalimale_04444	wavs/train_santalimale_04444.wav	ᱥᱤᱨᱡᱚᱱ ᱨᱮᱭᱟᱜᱼᱟ ᱚᱯᱚᱨ ᱛᱮᱫᱚ ᱵᱟᱝ ᱡᱟᱹᱱᱤᱡᱼᱟ ᱟᱡᱼᱟ ᱛᱮᱜᱮ ᱪᱚ ᱟᱛᱚ ᱫᱤᱥᱟᱹᱢ ᱦᱚᱲᱟᱹᱜᱼᱟ ᱦᱤᱸᱥᱠᱟ-ᱦᱩᱞᱩᱝ ᱵᱟᱲᱤᱹᱡᱼᱟ ᱥᱟᱱᱟ ᱨᱚᱲ ᱜᱮ ᱞᱟᱜᱟᱣᱮᱱ ᱪᱚ ᱪᱮᱫᱼᱟ ᱪᱚᱝ!
train_santalimale_04445	wavs/train_santalimale_04445.wav	ᱵᱟᱯᱞᱟ ᱠᱟᱛᱮ ᱵᱟᱨ ᱥᱮᱨᱢᱟ ᱡᱟᱦᱟᱸ ᱞᱮᱠᱟᱛᱮ ᱵᱤᱛᱟᱹᱩ ᱮᱱᱟ।
train_santalimale_04446	wavs/train_santalimale_04446.wav	ᱤᱱᱟᱹᱜᱼᱟ ᱛᱮᱜᱮ ᱱᱚᱠᱚ ᱛᱟᱞᱟ ᱨᱮ ᱡᱟᱦᱟᱸ ᱡᱩᱢᱤᱫ ᱛᱟᱦᱮᱸᱠᱟᱱ, ᱚᱱᱟ ᱫᱚ ᱵᱟᱹᱤ-ᱵᱟᱹᱤ ᱛᱮ ᱪᱷᱤᱬᱲᱟᱹᱣᱚᱜᱼᱟ ᱮᱦᱚᱵᱼᱟ ᱮᱱᱟ।
train_santalimale_04447	wavs/train_santalimale_04447.wav	ᱟᱹᱠᱤᱱ ᱵᱚᱭᱦᱟ ᱛᱟᱞᱟ ᱨᱮ ᱠᱟᱹᱴᱤᱡᱼᱟ ᱠᱷᱚᱱ ᱡᱟᱦᱟᱸ ᱫᱟᱭᱟ-ᱫᱩᱞᱟᱹᱲ ᱡᱩᱢᱤᱫ ᱱᱟᱹᱸᱲᱤ ᱛᱚᱞ ᱡᱷᱟᱹᱣᱟᱹ ᱞᱮᱱ ᱟᱨ ᱦᱟᱨᱟ ᱥᱮᱸᱲᱟ ᱠᱟᱛᱮ ᱦᱚᱸ ᱜᱷᱟᱴᱮᱱ ᱛᱟᱦᱮᱸᱞᱮᱱ, ᱚᱱᱟ ᱡᱩᱢᱤᱫ ᱧᱮᱞ ᱛᱮ, ᱯᱟᱯ ᱛᱮ ᱯᱮᱨᱮᱡᱼᱟ ᱟᱠᱟᱱ ᱟᱛᱚ ᱴᱚᱞᱟ ᱨᱮᱱ ᱦᱚᱲ ᱫᱚ ᱦᱤᱸᱥᱠᱟᱹ ᱥᱟᱱᱟ ᱠᱮᱫᱼᱟ ᱠᱚᱟ।
train_santalimale_04448	wavs/train_santalimale_04448.wav	ᱚᱠᱟ ᱞᱮᱠᱟᱛᱮ ᱥᱩᱞᱩᱠ ᱜᱷᱟᱨᱚᱧᱡ ᱨᱮ ᱡᱷᱚᱜᱲᱟᱹ-ᱡᱷᱟᱴᱤ ᱥᱤᱨᱚᱡᱚᱜᱼᱟ ᱟ ᱚᱱᱠᱟ ᱞᱮᱠᱟ ᱠᱚ ᱩᱯᱟᱹᱭ ᱠᱮᱫᱟ।
train_santalimale_04449	wavs/train_santalimale_04449.wav	ᱨᱤᱠᱟᱹ ᱠᱮᱫᱟ ᱠᱚ ᱥᱩᱞᱩᱠ ᱟᱨ ᱫᱩᱞᱟᱹᱲ ᱥᱟᱹᱜᱟᱹᱤ ᱛᱚᱯᱟᱜ ᱨᱮᱭᱟᱜᱼᱟ।
train_santalimale_04450	wavs/train_santalimale_04450.wav	ᱜᱚᱜᱼᱟ ᱟᱱᱟ ᱠᱚ ᱠᱟᱛᱷᱟ ᱜᱚ-ᱵᱟᱵᱟ, ᱵᱚᱭᱦᱟ ᱵᱟᱯᱟᱜ ᱠᱚ ᱨᱮᱭᱟᱜᱼᱟ ᱟᱵᱚ ᱥᱟᱸᱣᱛᱟ ᱨᱮ ᱱᱚᱝᱠᱟᱱ ᱦᱚᱲᱟᱹᱜᱼᱟ ᱞᱮᱠᱷᱟ ᱫᱚ ᱟᱹᱰᱤ ᱜᱮ ᱡᱟᱹᱥᱛᱤ ᱜᱮᱭᱟ।
train_santalimale_04451	wavs/train_santalimale_04451.wav	ᱚᱠᱚᱭ ᱫᱚ ᱦᱚᱲᱟᱜᱼᱟ ᱥᱩᱠᱚ-ᱥᱩᱞᱩᱠ ᱧᱮᱞᱛᱮ ᱵᱟᱹᱲᱤᱡᱼᱟ ᱥᱟᱱᱟ ᱠᱚ।
train_santalimale_04452	wavs/train_santalimale_04452.wav	ᱚᱱᱟ ᱥᱩᱠ ᱪᱟᱜᱼᱟᱵᱟᱭ ᱞᱟᱹᱜᱤᱫᱼᱟ ᱚᱠᱟ ᱞᱮᱠᱟᱱ ᱨᱟᱱ ᱠᱚ ᱮᱢᱟ ᱚᱱᱟ ᱫᱚ ᱢᱤᱫᱼᱟ ᱛᱟᱞᱟᱣ ᱢᱚᱱ ᱦᱟᱛᱟᱝ ᱨᱮᱠᱚ ᱛᱚᱡᱚ-ᱵᱤᱡ ᱡᱚᱝ ᱟ।
train_santalimale_04453	wavs/train_santalimale_04453.wav	ᱫᱤᱱ ᱠᱮ ᱫᱤᱱ ᱟᱠᱚ ᱛᱟᱞᱟ ᱨᱮ ᱟᱹᱰᱤ ᱞᱮᱠᱟᱱᱟᱜᱼᱟ ᱵᱮ-ᱵᱟᱲᱤᱹᱡᱼᱟ ᱟᱜᱼᱟ ᱠᱚ ᱛᱟᱨᱠᱚ-ᱛᱟᱹᱯᱤᱧᱚᱜᱼᱟ ᱮᱦᱚᱵᱼᱟ ᱮᱱᱟ।
train_santalimale_04454	wavs/train_santalimale_04454.wav	ᱢᱮᱱᱠᱷᱟᱱ ᱱᱚᱟ ᱜᱷᱟᱨᱚᱧᱡ ᱨᱮ ᱟᱹᱠᱤᱞᱟᱱ ᱚᱞᱚᱜᱼᱟ ᱯᱟᱲᱦᱟᱜᱼᱟ ᱦᱚᱲ ᱤᱭᱟᱹᱛᱮ ᱛᱷᱚᱲᱟᱹ ᱫᱤᱱ ᱦᱟᱹᱵᱤᱡᱼᱟ ᱫᱚ ᱦᱮᱱᱫᱮ ᱨᱤᱢᱤᱞ ᱵᱟᱝ ᱮ ᱢᱟᱬᱰᱨᱟᱣ ᱫᱟᱲᱮᱹᱭᱟᱫᱟ।
train_santalimale_04455	wavs/train_santalimale_04455.wav	ᱥᱟᱹᱨᱤ ᱜᱮᱠᱚ ᱢᱮᱱ ᱟᱠᱟᱫᱟ ᱢᱟᱹᱱᱢᱤ ᱟᱨ ᱫᱟᱹᱱᱢᱤ ᱛᱟᱞᱟ ᱨᱮ ᱡᱩᱫᱤ ᱛᱟᱠᱨᱟᱲ ᱦᱚᱭ ᱞᱮᱱ ᱠᱷᱟᱱ ᱫᱟᱹᱱᱢᱤᱭᱟᱜᱼᱟ ᱜᱮ ᱡᱤᱛᱠᱟᱹᱨ ᱫᱚ ᱦᱩᱭᱩᱜᱼᱟ ᱟ।
train_santalimale_04456	wavs/train_santalimale_04456.wav	ᱴᱷᱤᱠ ᱚᱱᱟ ᱞᱮᱠᱟ ᱟᱭᱢᱟ ᱦᱚᱲᱟᱜᱼᱟ ᱢᱚᱪᱟ ᱠᱷᱚᱱ ᱡᱚᱠᱷᱚᱱ ᱚᱱᱠᱚ ᱠᱚ ᱥᱟᱢᱟᱝ ᱨᱮ ᱵᱩᱜᱤ ᱵᱟᱹᱲᱤᱡᱼᱟ ᱠᱟᱛᱷᱟ ᱠᱚ ᱞᱟᱹᱤ ᱠᱷᱚᱭ ᱦᱚᱭ ᱮᱱᱟ।
train_santalimale_04457	wavs/train_santalimale_04457.wav	ᱚᱱᱟ ᱞᱟᱹᱤ ᱠᱟᱛᱷᱟ ᱛᱮ ᱥᱟᱱᱟᱢ ᱦᱚᱲ ᱟᱯᱟᱱᱚ-ᱟᱯᱤᱱ ᱛᱷᱤᱨ ᱟᱠᱟᱱ ᱢᱚᱱᱮ ᱫᱚᱭ ᱵᱚᱥᱠᱚ ᱠᱮᱫᱼᱟ ᱛᱟᱠᱚᱟ।
train_santalimale_04458	wavs/train_santalimale_04458.wav	ᱟᱠᱚ ᱛᱟᱞᱟ ᱨᱮ ᱢᱚᱪᱟ ᱨᱮᱭᱟᱜᱼᱟ ᱟᱲᱟᱹᱝ ᱫᱚ ᱟᱨ ᱜᱮ ᱡᱟᱹᱥᱛᱤ ᱤᱫᱤᱭᱮᱱᱟ।
train_santalimale_04459	wavs/train_santalimale_04459.wav	ᱱᱚᱝᱠᱟᱱ ᱚᱠᱛᱮ ᱨᱮ ᱦᱩᱰᱤᱧ ᱵᱚᱭᱦᱟ ᱫᱚ ᱜᱷᱟᱨᱚᱧᱡ ᱨᱟᱹᱯᱩᱫᱼᱟ ᱨᱮᱭᱟᱜᱼᱟ ᱠᱟᱛᱷᱟ ᱜᱮᱭ ᱨᱚᱲ ᱨᱟᱠᱟᱵᱼᱟ ᱜᱚᱫᱼᱟ ᱠᱮᱫᱟ।
train_santalimale_04460	wavs/train_santalimale_04460.wav	ᱢᱤᱫᱼᱟ ᱫᱤᱱ ᱟᱛᱚ ᱨᱮᱱ ᱢᱤᱫᱼᱟ ᱡᱷᱟᱹᱢᱩ ᱧᱩᱛᱩᱢᱟᱱᱤᱡᱼᱟ ᱦᱚᱲ ᱫᱚ ᱥᱩᱤᱞᱟᱹ ᱱᱚᱟ ᱠᱟᱛᱷᱟᱭᱮ ᱢᱮᱛᱟᱣᱟᱭ ᱠᱟᱱᱟ - ᱥᱩᱤᱞᱟᱹ, ᱟᱢ ᱢᱟ ᱛᱷᱚᱲᱟᱹ ᱜᱮᱢ ᱯᱟᱲᱦᱟᱣ ᱟᱠᱟᱱ।
train_santalimale_04461	wavs/train_santalimale_04461.wav	ᱫᱤᱥ ᱦᱩᱫᱤᱥ ᱦᱚᱸ ᱠᱚᱢ ᱜᱮᱛᱟᱢ।
train_santalimale_04462	wavs/train_santalimale_04462.wav	ᱟᱢ ᱫᱟᱫᱟ ᱢᱟ ᱟᱹᱰᱤ ᱡᱟᱹᱥᱛᱤᱭᱮ ᱯᱟᱲᱦᱟᱣ ᱟᱠᱟᱫᱼᱟ, ᱚᱱᱟ ᱞᱮᱠᱟᱛᱮ ᱩᱱᱤᱭᱟᱜᱼᱟ ᱫᱤᱥ ᱦᱩᱫᱤᱥ ᱫᱚ ᱠᱷᱟᱹᱱᱫᱚᱨᱤᱧ ᱧᱚᱜᱼᱟ ᱜᱮᱛᱟᱭᱟ।
train_santalimale_04463	wavs/train_santalimale_04463.wav	ᱩᱱᱤ ᱢᱟ ᱢᱤᱫᱼᱟ ᱫᱤᱱ ᱦᱤᱞᱚᱜᱼᱟ ᱱᱩᱠᱨᱤ ᱢᱟᱭ ᱧᱟᱢ ᱜᱮ।
train_santalimale_04464	wavs/train_santalimale_04464.wav	ᱛᱚᱠᱷᱚᱱ ᱥᱩᱠ ᱛᱮ ᱡᱤᱭᱚᱱ ᱢᱟᱭ ᱵᱤᱛᱟᱹᱩ ᱜᱮ।
train_santalimale_04465	wavs/train_santalimale_04465.wav	ᱩᱱ ᱚᱠᱛᱚ ᱫᱚ ᱟᱢ ᱪᱮᱫᱼᱟ ᱮᱢ ᱪᱮᱠᱟᱭᱟ?
train_santalimale_04466	wavs/train_santalimale_04466.wav	ᱚᱲᱯᱟ ᱠᱚᱲᱯᱟ ᱫᱚ ᱱᱤᱛ ᱠᱷᱚᱱ ᱜᱮ ᱡᱚᱜᱟᱣ ᱡᱚᱝ ᱢᱮ।
train_santalimale_04467	wavs/train_santalimale_04467.wav	ᱱᱚᱟ ᱠᱟᱛᱷᱟ ᱫᱚ ᱥᱩᱤᱞᱟᱹᱣᱟᱜᱼᱟ ᱢᱚᱱᱮ ᱨᱮ ᱟᱹᱰᱤ ᱟᱸᱴ ᱜᱟᱰᱟᱣᱮᱱᱟ।
train_santalimale_04468	wavs/train_santalimale_04468.wav	ᱡᱚᱠᱷᱚᱱ ᱟᱭᱟᱜᱼᱟ ᱡᱤᱭᱚᱱ ᱨᱮᱭᱟᱜᱼᱟ ᱟᱹᱠᱷᱤᱨ ᱵᱟᱵᱚᱛ ᱛᱮᱭ ᱦᱩᱫᱤᱥ ᱧᱟᱢ ᱠᱮᱫᱟ।
train_santalimale_04469	wavs/train_santalimale_04469.wav	ᱵᱟᱝ ᱤᱧᱟᱹᱜᱼᱟ ᱡᱤᱭᱚᱱ ᱫᱚ ᱟᱹᱠᱷᱤᱨ ᱨᱮᱭᱟᱜᱼᱟ ᱧᱩᱛᱟᱹᱛ ᱨᱮ ᱠᱷᱟᱹᱱᱫᱚᱨᱤᱧ ᱨᱮ ᱴᱟᱹᱢᱲᱟᱹᱩ ᱵᱟᱲᱟᱹᱭᱟ।
train_santalimale_04470	wavs/train_santalimale_04470.wav	ᱱᱚᱟ ᱠᱟᱛᱷᱟ ᱫᱚ ᱢᱚᱱᱮ ᱨᱮ ᱡᱟᱱᱟᱢ ᱜᱚᱫᱼᱟ ᱟᱫᱮᱠᱷᱟᱱ, ᱥᱩᱤᱞᱟᱹ ᱫᱚ ᱚᱲᱟᱹᱜᱼᱟ ᱨᱮᱭᱟᱜᱼᱟ ᱦᱚᱲᱚ-ᱪᱟᱣᱞᱮ ᱚᱠᱚ-ᱠᱚᱢᱵᱲᱚ ᱟᱹᱠᱚᱨᱤᱧ ᱮ ᱮᱦᱚᱵᱼᱟ ᱮᱱᱟ।
train_santalimale_04471	wavs/train_santalimale_04471.wav	ᱵᱟᱝᱢᱟ ᱴᱟᱠᱟ ᱯᱚᱭᱥᱟᱭᱮ ᱡᱚᱜᱟᱣ ᱫᱚᱦᱚᱭᱟ।
train_santalimale_04472	wavs/train_santalimale_04472.wav	ᱟᱹᱠᱷᱤᱨ ᱡᱤᱭᱚᱱ ᱥᱩᱠ ᱛᱮᱭ ᱠᱷᱮᱢᱟᱣᱟ ᱢᱮᱱᱛᱮ।
train_santalimale_04473	wavs/train_santalimale_04473.wav	ᱛᱷᱚᱲᱟᱹ ᱫᱤᱱ ᱵᱟᱹᱫ ᱟᱨ ᱦᱚᱸ ᱩᱱᱤ ᱦᱚᱲᱟᱹᱜᱼᱟ ᱞᱤᱞᱠᱟᱹᱨ ᱛᱮ ᱦᱟᱹᱬᱰᱤ ᱯᱟᱹᱩᱨᱟᱹ ᱧᱩᱭᱮ ᱮᱦᱚᱵᱼᱟ ᱠᱮᱫᱟ।
train_santalimale_04474	wavs/train_santalimale_04474.wav	ᱫᱤᱱᱚ-ᱫᱤᱱᱛᱮ ᱚᱲᱟᱹᱜᱼᱟ ᱨᱮᱭᱟᱜᱼᱟ ᱡᱚᱢ ᱧᱩ ᱫᱚᱭ ᱵᱟᱦᱮᱨ ᱤᱫᱤᱭᱮᱫᱟ ᱟᱨ ᱚᱱᱟᱛᱮ ᱦᱩᱭᱩᱜᱼᱟ ᱠᱟᱱ ᱴᱟᱠᱟ ᱯᱚᱭᱥᱟ ᱫᱚᱭ ᱡᱚᱛᱷᱟᱛ ᱠᱟᱹᱢᱤ ᱨᱮ ᱵᱟᱭ ᱞᱟᱜᱟᱣᱮᱫᱟ ᱟᱨ ᱡᱚᱜᱟᱣ ᱦᱚᱸ ᱵᱟᱭ ᱡᱚᱜᱟᱣ ᱫᱚᱦᱚᱭᱮᱫᱟ।
train_santalimale_04475	wavs/train_santalimale_04475.wav	ᱚᱲᱟᱹᱜᱼᱟ ᱨᱮ ᱯᱟᱲᱟᱹᱣᱚᱜᱼᱟ ᱞᱟᱹᱜᱚᱛᱤ ᱫᱩᱨᱤᱵ ᱠᱚ ᱦᱚᱸ ᱵᱟᱭ ᱟᱹᱜᱩᱭᱟ।
train_santalimale_04476	wavs/train_santalimale_04476.wav	ᱚᱲᱟᱹᱜᱼᱟ ᱨᱮ ᱪᱮᱫᱼᱟ ᱦᱩᱭᱩᱜᱼᱟ ᱠᱟᱱ, ᱪᱮᱫᱼᱟ ᱵᱟᱝ?
train_santalimale_04477	wavs/train_santalimale_04477.wav	ᱜᱷᱟᱨᱚᱧᱡ ᱚᱠᱟ ᱞᱮᱠᱟᱛᱮ ᱪᱟᱞᱟᱜᱼᱟ ᱟ, ᱚᱠᱟ ᱞᱮᱠᱟᱛᱮ ᱵᱟᱝ, ᱱᱚᱟ ᱨᱮᱭᱟᱜᱼᱟ ᱥᱟᱱᱟᱢ ᱵᱷᱟᱨ ᱢᱟᱨᱟᱝ ᱵᱚᱭᱦᱟ ᱴᱷᱮᱱ ᱜᱮ।
train_santalimale_04478	wavs/train_santalimale_04478.wav	ᱚᱠᱚ ᱠᱟᱛᱷᱟ ᱚᱠᱚ ᱨᱮ ᱛᱤᱱᱟᱹᱜᱼᱟ ᱫᱤᱱ ᱛᱟᱦᱮᱸᱱᱟ?
train_santalimale_04479	wavs/train_santalimale_04479.wav	ᱦᱟᱥᱟ ᱫᱷᱩᱲᱤ ᱨᱮ ᱨᱚᱦᱚᱭ ᱟᱠᱟᱫᱼᱟ ᱤᱛᱟᱹ ᱨᱟᱹᱱᱩ ᱫᱚ ᱫᱷᱩᱲᱤ ᱛᱟᱞᱟ ᱨᱮ ᱰᱷᱮᱨ ᱫᱤᱱ ᱵᱟᱝ ᱛᱟᱸᱦᱮᱸᱞᱮᱱᱟ।
train_santalimale_04480	wavs/train_santalimale_04480.wav	ᱫᱟᱜᱼᱟ ᱡᱟᱹᱲᱤᱭᱮ ᱧᱟᱢ ᱠᱮᱫᱼᱟ ᱠᱷᱟᱱ ᱵᱟᱹᱤ-ᱵᱟᱹᱤ ᱛᱮ ᱚᱸᱠᱩᱨ ᱵᱷᱚᱴᱚᱜᱼᱟ ᱨᱟᱠᱟᱵᱼᱟ ᱮᱦᱚᱵᱼᱟ ᱮᱱᱟ।
train_santalimale_04481	wavs/train_santalimale_04481.wav	ᱱᱚᱝᱠᱟ ᱞᱮᱠᱟ ᱱᱚᱟ ᱠᱚ ᱠᱟᱛᱷᱟ ᱢᱟᱨᱟᱝ ᱵᱚᱭᱦᱟ ᱫᱤᱱᱚ-ᱫᱤᱱ ᱛᱮ ᱥᱟᱱᱟᱢᱮ ᱵᱟᱰᱟᱭ ᱧᱟᱢ ᱠᱮᱫᱟ।
train_santalimale_04482	wavs/train_santalimale_04482.wav	ᱱᱚᱟ ᱠᱚ ᱠᱟᱛᱷᱟ ᱵᱟᱰᱟᱭ ᱧᱟᱢ ᱥᱟᱸᱣ ᱛᱮ ᱢᱚᱱᱮ ᱫᱚ ᱰᱩᱜᱩᱨ ᱢᱟᱨᱟᱣ ᱜᱚᱫᱼᱟ ᱮᱱ ᱛᱟᱭᱟ।
train_santalimale_04483	wavs/train_santalimale_04483.wav	ᱨᱟᱸᱜᱟᱣ ᱥᱟᱛᱟᱞᱟᱜᱼᱟ ᱱᱚᱟ ᱠᱟᱛᱷᱟᱭᱮ ᱢᱮᱱ ᱠᱮᱫᱟ - ᱦᱮᱱᱫᱟ ᱭᱟ ᱟᱢ ᱫᱚ ᱤᱧ ᱵᱟᱝ ᱵᱟᱰᱟᱭ ᱚᱪᱚ ᱠᱟᱛᱮᱱ ᱚᱠᱚ ᱠᱚᱢᱵᱲᱚ ᱠᱟᱛᱮ ᱦᱚᱲᱚ ᱪᱟᱣᱞᱮ ᱮᱢ ᱟᱹᱠᱚᱨᱤᱧᱮᱫᱟ।
train_santalimale_04484	wavs/train_santalimale_04484.wav	ᱚᱱᱟᱠᱚ ᱯᱚᱭᱥᱟ ᱫᱚ ᱪᱮᱫᱼᱟ ᱠᱟᱹᱢᱤ ᱨᱮᱢ ᱞᱟᱜᱟᱣᱮᱫᱟ?
train_santalimale_04485	wavs/train_santalimale_04485.wav	ᱱᱚᱟ ᱠᱟᱛᱷᱟ ᱟᱧᱡᱚᱢ ᱠᱟᱛᱮ ᱥᱩᱤᱞᱟᱹ ᱣᱟᱜᱼᱟ ᱢᱚᱪᱟ ᱦᱚᱸ ᱛᱷᱤᱨ ᱫᱚ ᱵᱟᱝ ᱛᱟᱦᱮᱸᱞᱮᱱ ᱛᱟᱭᱟ, ᱢᱮᱱ ᱜᱚᱫᱼᱟ ᱠᱮᱫᱟᱭ, ᱟᱢ ᱴᱷᱮᱱ ᱞᱟᱹᱤ ᱵᱮᱜᱚᱨ ᱪᱮᱠᱟ ᱵᱟᱹᱧ ᱟᱹᱠᱚᱨᱤᱧ ᱫᱟᱲᱮᱭᱟᱜᱼᱟ ᱟ!
train_santalimale_04486	wavs/train_santalimale_04486.wav	ᱤᱧᱟᱹᱜᱼᱟ ᱦᱚᱸ ᱛᱚ ᱱᱚᱟ ᱨᱮ ᱟᱹᱤᱫᱟᱹᱨᱤ ᱢᱮᱱᱟᱜᱼᱟ ᱜᱮᱭᱟ।
train_santalimale_04487	wavs/train_santalimale_04487.wav	ᱤᱧ ᱦᱚᱸ ᱛᱚᱧ ᱠᱟᱹᱢᱤ ᱟᱠᱟᱫᱼᱟ ᱜᱮᱭᱟ।
train_santalimale_04488	wavs/train_santalimale_04488.wav	ᱟᱢ ᱫᱚ ᱚᱠᱚᱭ ᱱᱚᱟ ᱠᱚ ᱨᱮᱱ ᱠᱷᱚᱡᱚ-ᱛᱚᱞᱟᱥ ᱦᱟᱜᱼᱟᱛᱟᱣᱤᱡᱼᱟ ᱫᱚ?
train_santalimale_04489	wavs/train_santalimale_04489.wav	ᱠᱟᱛᱷᱟ-ᱠᱟᱛᱷᱟ ᱛᱮ ᱟᱭᱢᱟ ᱜᱚᱴᱮᱱ ᱠᱟᱛᱷᱟ ᱠᱤᱱ ᱨᱚᱲ ᱤᱫᱤ ᱠᱮᱫᱟ।
train_santalimale_04490	wavs/train_santalimale_04490.wav	ᱢᱤᱫᱼᱟ ᱠᱟᱛᱷᱟ ᱠᱷᱚᱱ ᱵᱟᱨ, ᱵᱟᱨ ᱠᱷᱚᱱ ᱯᱮ ᱟᱨ ᱯᱮ ᱠᱷᱚᱱ ᱢᱚᱸᱰᱮᱸ ᱥᱟᱭ ᱜᱮ ᱥᱟᱭ ᱠᱟᱛᱷᱟ ᱠᱤᱱ ᱨᱚᱲ ᱤᱫᱤ ᱠᱮᱫᱟ।
train_santalimale_04491	wavs/train_santalimale_04491.wav	ᱞᱟᱹᱴᱩ-ᱞᱟᱹᱴᱩ, ᱴᱟᱲᱟᱹᱝᱚ-ᱴᱟᱲᱟᱹᱝ ᱟᱲᱟᱹᱝ ᱟᱧᱡᱚᱢ ᱮᱦᱚᱵᱼᱟ ᱮᱱᱟ ᱨᱚᱜᱷᱩ ᱯᱟᱨᱜᱟᱱᱟ ᱛᱟᱠᱚ ᱚᱲᱟᱹᱜᱼᱟ ᱨᱮ।
train_santalimale_04492	wavs/train_santalimale_04492.wav	ᱵᱮᱪᱟᱨᱟ ᱢᱤᱫᱼᱟ ᱱᱟᱠᱷᱟ ᱨᱮ ᱠᱩᱰᱚᱵᱩᱨ ᱢᱮᱱᱟᱭ ᱨᱚᱜᱷᱩ ᱯᱟᱨᱜᱟᱱᱟ ᱫᱚᱭ ᱵᱚᱛᱚᱨ ᱜᱚᱫᱼᱟ ᱮᱱᱟ।
train_santalimale_04493	wavs/train_santalimale_04493.wav	ᱞᱟᱹᱴᱩ-ᱞᱟᱹᱴᱩ ᱠᱟᱛᱷᱟ ᱟᱭᱟᱜᱼᱟ ᱢᱚᱱᱮ ᱨᱮ ᱛᱟᱨᱠᱚ ᱭᱮᱱ ᱠᱷᱟᱱ ᱯᱟᱨᱠᱚᱢ ᱛᱤᱣᱤᱧ ᱠᱟᱛᱮ ᱵᱟᱲᱜᱮ ᱥᱮᱡᱼᱟ ᱠᱷᱚᱱ ᱨᱟᱪᱟᱭᱮ ᱵᱚᱞᱚᱭᱮᱱᱟ।
train_santalimale_04494	wavs/train_santalimale_04494.wav	ᱵᱚᱞᱚ ᱥᱟᱸᱣ ᱛᱮᱭ ᱧᱮᱞ ᱠᱮᱫᱼᱟ ᱠᱚ ᱦᱚᱯᱚᱱ ᱠᱤᱢᱤᱱ ᱛᱟᱠᱚ ᱢᱟ ᱵᱚᱜᱮ ᱛᱮᱠᱚ ᱡᱷᱚᱜᱲᱟᱹᱜᱼᱟ ᱠᱟᱱ!
train_santalimale_04495	wavs/train_santalimale_04495.wav	ᱢᱚᱪᱟ-ᱢᱚᱪᱟ ᱛᱮᱜᱮ ᱴᱟᱱᱟ-ᱨᱟᱯᱟᱪᱟᱜᱼᱟ ᱵᱚᱜᱮ ᱛᱮᱠᱚ ᱮᱜᱮᱨᱚᱜᱼᱟ ᱠᱟᱱᱟ।
train_santalimale_04496	wavs/train_santalimale_04496.wav	ᱡᱩᱣᱟᱹᱱ ᱠᱚᱲᱟᱣᱟᱜᱼᱟ ᱟᱲᱟᱹᱝ ᱥᱟᱢᱟᱝ ᱨᱮ ᱦᱟᱲᱟᱹᱢ ᱨᱚᱲ ᱫᱚ ᱛᱤᱱ ᱦᱟᱹᱵᱤᱡᱼᱟ ᱡᱚᱜᱟᱱ?
train_santalimale_04497	wavs/train_santalimale_04497.wav	ᱢᱚᱪᱟ ᱦᱚᱸ ᱨᱚᱦᱚᱲ ᱪᱟᱵᱟᱭᱮᱱ ᱛᱟᱭᱟ।
train_santalimale_04498	wavs/train_santalimale_04498.wav	ᱤᱱᱟᱹ ᱥᱟᱸᱣᱛᱮ ᱠᱷᱚᱜᱼᱟ ᱦᱚᱸ ᱧᱟᱢ ᱠᱮᱫᱮᱭᱟ।
train_santalimale_04499	wavs/train_santalimale_04499.wav	ᱨᱚᱲᱚ-ᱨᱚᱲᱛᱮ ᱞᱟᱹᱬᱰᱨᱤ ᱫᱚ ᱟᱹᱰᱤ ᱜᱮ ᱨᱚᱦᱚᱲᱮᱱ ᱛᱟᱭᱟ।
train_santalimale_04500	wavs/train_santalimale_04500.wav	ᱢᱤᱫᱼᱟ ᱢᱟ ᱦᱚᱯᱚᱱ ᱠᱤᱢᱤᱱᱟᱜᱼᱟ ᱡᱷᱚᱜᱲᱟᱹ-ᱛᱟᱯᱟᱢ, ᱨᱚᱲ ᱮᱜᱮᱨ ᱨᱮᱭᱟᱜᱼᱟ ᱫᱤᱠ ᱵᱚᱞᱚᱣᱟᱫᱮ ᱫᱚᱥᱟᱨ ᱢᱟ ᱞᱟᱹᱬᱰᱨᱤ ᱨᱚᱦᱚᱲᱮᱱ ᱥᱟᱸᱣ ᱛᱮᱭ ᱨᱚᱲ ᱥᱮᱸᱜᱮᱫᱼᱟ ᱮᱱᱟ।
train_santalimale_04501	wavs/train_santalimale_04501.wav	ᱢᱤᱫᱼᱟᱴᱮᱱ ᱠᱚᱲᱟ ᱦᱚᱲᱟᱹᱜᱼᱟ ᱱᱚᱡᱚᱨ ᱫᱚ ᱨᱚᱜᱷᱩ ᱦᱟᱲᱟᱹᱢ ᱥᱮᱡᱼᱟ ᱯᱟᱲᱟᱹᱣ ᱜᱚᱫᱼᱟ ᱮᱱ ᱛᱟᱭᱟ ᱟᱨᱮ ᱢᱮᱱ ᱜᱚᱫᱼᱟ ᱠᱮᱫᱟ, ᱪᱮᱠᱟᱭᱮᱱᱟᱢ?
train_santalimale_04502	wavs/train_santalimale_04502.wav	ᱥᱟᱱᱟᱢ ᱦᱚᱲ ᱠᱚ ᱠᱚᱭᱚᱜᱼᱟ ᱜᱚᱫᱼᱟ ᱠᱮᱫᱟ।
train_santalimale_04503	wavs/train_santalimale_04503.wav	ᱧᱮᱞ ᱠᱮᱫᱮ ᱠᱚ ᱨᱚᱜᱷᱩ ᱦᱟᱲᱟᱹᱢ ᱫᱚᱭ ᱵᱷᱤᱱᱫᱟᱹᱲ ᱦᱟᱯᱮᱭᱟᱠᱟᱱᱟ।
train_santalimale_04504	wavs/train_santalimale_04504.wav	ᱱᱚᱟ ᱠᱟᱛᱷᱟ ᱟᱧᱡᱚᱢ ᱥᱟᱸᱣ ᱛᱮ ᱵᱟᱱᱟᱨ ᱠᱚᱲᱟᱹ ᱠᱤᱱ ᱠᱚᱭᱚᱜᱼᱟ ᱜᱚᱫᱼᱟ ᱠᱮᱫᱟ।
train_santalimale_04505	wavs/train_santalimale_04505.wav	ᱧᱮᱞ ᱠᱮᱫᱮ ᱠᱤᱱ ᱵᱷᱤᱱᱫᱟᱹᱲ ᱠᱟᱛᱮ ᱯᱚᱬᱰ ᱜᱮᱭ ᱵᱮᱸᱜᱮᱫᱼᱟ ᱟᱠᱟᱫᱼᱟ।
train_santalimale_04506	wavs/train_santalimale_04506.wav	ᱫᱟᱜᱼᱟ ᱠᱚ ᱟᱜᱩ ᱠᱟᱛᱮ ᱠᱚ ᱡᱩ ᱵᱟᱲᱟᱹᱣᱟᱫᱮᱭᱟ ᱢᱮᱱᱠᱷᱟᱱ ᱥᱟᱯᱲᱟᱣ ᱥᱟᱹᱛ ᱟᱠᱟᱱ ᱡᱤᱣᱤ ᱢᱤᱨᱩ ᱫᱚ ᱵᱟᱭ ᱛᱟᱦᱮᱸᱞᱮᱱᱟ।
train_santalimale_04507	wavs/train_santalimale_04507.wav	ᱯᱷᱩᱨ ᱢᱮᱱᱛᱮ ᱩᱲᱟᱹᱩ ᱪᱟᱞᱟᱣᱮᱱ ᱜᱮᱭᱟᱭ।
train_santalimale_04508	wavs/train_santalimale_04508.wav	ᱛᱷᱚᱲᱟᱹ ᱫᱤᱱ ᱵᱟᱹᱫ ᱟᱛᱚ ᱜᱟᱛᱟᱠ ᱨᱮᱱ ᱯᱮᱲᱟ ᱥᱟᱸᱣᱛᱮ, ᱟᱠᱚ ᱨᱮᱱ ᱯᱮᱲᱟ ᱦᱚᱸ ᱠᱚ ᱵᱟᱰᱟᱭ ᱚᱪᱚ ᱠᱮᱫᱼᱟ ᱠᱚᱟ।
train_santalimale_04509	wavs/train_santalimale_04509.wav	ᱱᱩᱭᱟᱜᱼᱟ ᱜᱩᱨ ᱟᱧᱡᱚᱢ ᱠᱟᱛᱮ ᱯᱮᱲᱟ ᱠᱚ ᱫᱚ ᱟᱹᱰᱤ ᱡᱟᱹᱥᱛᱤ ᱠᱚ ᱦᱟᱭ ᱪᱚᱜᱼᱟ ᱠᱮᱫᱟ।
train_santalimale_04510	wavs/train_santalimale_04510.wav	ᱚᱱᱟ ᱦᱟᱭ ᱪᱚᱜᱼᱟ ᱫᱚ ᱟᱹᱰᱤ ᱜᱮ ᱚᱵᱷᱟᱹᱜᱟᱱᱟᱜᱼᱟ ᱞᱮᱠᱟ ᱜᱮ!
train_santalimale_04511	wavs/train_santalimale_04511.wav	ᱪᱟᱜᱼᱟ ᱡᱮ ᱨᱚᱜᱷᱩ ᱫᱚ ᱵᱟᱦᱱᱟ ᱛᱮᱫᱼᱟ ᱛᱟᱭ ᱜᱮ।
train_santalimale_04512	wavs/train_santalimale_04512.wav	ᱥᱟᱱᱟᱢᱟᱜᱼᱟ ᱡᱚᱛᱷᱟᱛ ᱨᱚᱲ ᱨᱮᱭᱟᱜᱼᱟ ᱡᱚᱛᱷᱟᱛ ᱠᱟᱹᱢᱤ ᱜᱮ ᱢᱟᱱᱣᱟᱸ ᱛᱟᱞᱟ ᱨᱮᱭ ᱩᱫᱩᱜᱼᱟ ᱞᱮᱫᱟ।
train_santalimale_04513	wavs/train_santalimale_04513.wav	ᱢᱮᱱᱠᱷᱟᱱ ᱵᱟᱭ ᱵᱟᱰᱟᱭ ᱡᱚᱝ ᱠᱟᱱ ᱛᱟᱦᱮᱸᱱᱟ ᱡᱮ ᱚᱠᱟ ᱟᱞᱟᱨᱮᱧ ᱡᱷᱟᱞᱟ ᱥᱟᱸᱣᱦᱟᱸᱜᱼᱟ ᱟ?
train_santalimale_04514	wavs/train_santalimale_04514.wav	ᱟᱠᱚᱣᱟᱜᱼᱟ ᱜᱷᱟᱨᱚᱧᱡ ᱨᱮᱭᱟᱜᱼᱟ ᱡᱟᱞᱟ ᱧᱮᱞ ᱛᱮᱜᱮᱭ ᱟᱞᱟᱣ ᱮᱱ ᱛᱮ ᱡᱟᱹᱱᱤᱡᱼᱟ ᱛᱷᱚᱲᱟᱹ ᱫᱤᱱ ᱨᱮᱜᱮ ᱱᱚᱟ ᱫᱷᱩᱰᱤ ᱫᱷᱟᱹᱨᱛᱤ ᱫᱚᱭ ᱵᱟᱹᱜᱤᱭᱟᱫᱟ।
train_santalimale_04515	wavs/train_santalimale_04515.wav	ᱟᱛᱚ ᱦᱚᱲᱟᱜᱼᱟ ᱠᱟᱛᱷᱟ ᱞᱮᱠᱟᱛᱮ ᱟᱨ ᱟᱹᱠᱤᱱ ᱵᱚᱭᱦᱟᱣᱟᱜᱼᱟ ᱨᱟᱹᱡᱤ ᱞᱮᱠᱟᱛᱮ ᱢᱚᱸᱲᱮ ᱢᱟᱦᱟᱸ ᱨᱮᱜᱮ ᱨᱚᱜᱷᱩ ᱦᱟᱲᱟᱹᱢ ᱫᱚᱠᱚ ᱜᱟᱛᱮ ᱢᱮᱥᱟ ᱠᱟᱫᱮᱭᱟ ᱵᱚᱝᱜᱟ-ᱵᱩᱨᱩ ᱥᱟᱞᱟᱜᱼᱟ।
train_santalimale_04516	wavs/train_santalimale_04516.wav	ᱟᱡᱼᱟ ᱵᱟᱹᱵᱟᱹᱭ ᱜᱚᱡᱼᱟ ᱮᱱ ᱛᱟᱭᱚᱢ ᱱᱩᱠᱤᱱ ᱵᱚᱭᱦᱟ ᱫᱚ ᱜᱟᱱᱚ-ᱜᱟᱹᱱᱤ ᱚᱲᱟᱜᱼᱟ ᱵᱟᱠᱷᱚᱞ ᱨᱮ ᱵᱟᱠᱤᱱ ᱥᱟᱦᱚᱵᱼᱟ ᱟ।
train_santalimale_04517	wavs/train_santalimale_04517.wav	ᱫᱤᱱᱟᱹᱢ ᱜᱮ ᱵᱚᱭᱦᱟ ᱛᱟᱞᱟ ᱨᱮ ᱡᱷᱚᱜᱲᱟᱹ ᱛᱟᱯᱟᱢ ᱦᱩᱭᱩᱜᱼᱟ ᱟ।
train_santalimale_04518	wavs/train_santalimale_04518.wav	ᱚᱠᱚᱭ ᱴᱟᱜᱼᱟ ᱟᱜᱼᱟ ᱵᱟ, ᱫᱚᱥᱮᱢ ᱥᱟᱵ ᱛᱟᱹᱠᱤᱱ।
train_santalimale_04519	wavs/train_santalimale_04519.wav	ᱵᱟᱱᱟᱨ ᱵᱚᱭᱦᱟ ᱜᱮ ᱵᱟᱵᱟᱣᱟᱜᱼᱟ ᱧ ᱡᱟᱵᱚᱛᱤ ᱨᱮᱭᱟᱜᱼᱟ ᱦᱚᱠᱚ-ᱟᱹᱤᱫᱟᱹᱨ ᱠᱤᱱ ᱠᱷᱚᱡᱟ।
train_santalimale_04520	wavs/train_santalimale_04520.wav	ᱱᱩᱠᱤᱱᱟᱹᱜᱼᱟ ᱨᱚᱲ ᱟᱧᱡᱚᱢ ᱛᱮ ᱛᱟᱹᱯᱤᱧ ᱜᱩᱡᱩᱜᱼᱟ ᱞᱮᱠᱟᱭ ᱢᱚᱱᱮ ᱡᱚᱝᱟ।
train_santalimale_04521	wavs/train_santalimale_04521.wav	ᱪᱟᱜᱼᱟ ᱡᱮ ᱟᱯᱱᱟᱨ ᱜᱤᱫᱨᱟᱹ ᱦᱚᱭ ᱠᱟᱛᱮ ᱡᱩᱫᱤ ᱩᱱᱤ ᱥᱟᱢᱟᱝ ᱨᱮᱠᱤᱱ ᱡᱷᱚᱜᱲᱟᱹ ᱡᱷᱟᱹᱴᱤᱜᱼᱟ ᱟ।
train_santalimale_04522	wavs/train_santalimale_04522.wav	ᱱᱚᱟ ᱫᱚ ᱛᱤᱱᱟᱹᱜᱼᱟ ᱵᱷᱟᱵᱱᱟ ᱟᱨ ᱫᱩᱠ ᱨᱮᱭᱟᱜᱼᱟ ᱠᱟᱛᱷᱟ ᱩᱱᱤ ᱞᱟᱹᱜᱤᱫᱼᱟ।
train_santalimale_04523	wavs/train_santalimale_04523.wav	ᱯᱟᱞᱮᱱ ᱜᱚ-ᱵᱟᱵᱟ ᱪᱷᱟᱰᱟ ᱱᱚᱟ ᱫᱩᱠ ᱜᱚᱜᱼᱟ ᱦᱟᱹᱴᱤᱧ ᱟᱨ ᱠᱚ ᱫᱚ ᱟᱨ ᱚᱠᱚᱭ?
train_santalimale_04524	wavs/train_santalimale_04524.wav	ᱟᱡᱼᱟ ᱜᱚ ᱫᱚ ᱢᱚᱱᱮ-ᱢᱚᱱᱮ ᱛᱮ ᱢᱮᱫᱼᱟ ᱫᱟᱠ ᱮ ᱡᱚᱨᱚᱭᱟ।
train_santalimale_04525	wavs/train_santalimale_04525.wav	ᱚᱱᱟ ᱢᱮᱫᱼᱟ ᱫᱟᱜᱼᱟ ᱫᱚ ᱡᱚᱨᱚ-ᱡᱚᱨᱚ ᱛᱮᱜᱮ ᱦᱟᱣᱮᱫᱼᱟ ᱦᱟᱯᱮᱭᱮᱱ ᱛᱟᱭ ᱜᱮ।
train_santalimale_04526	wavs/train_santalimale_04526.wav	ᱥᱟᱱᱟᱢᱟᱜᱼᱟ ᱛᱮ ᱯᱩᱨᱩᱱ ᱢᱮᱱᱟᱭ ᱮᱠᱟ ᱥᱤᱸᱜᱟᱹ ᱵᱟᱱᱟᱨ ᱦᱚᱯᱚᱱ ᱛᱟᱞᱟ ᱨᱮ, ᱱᱤᱨᱟᱹᱤ ᱛᱮᱜᱮ ᱢᱮᱱᱟᱭᱟ।
train_santalimale_04527	wavs/train_santalimale_04527.wav	ᱢᱮᱱᱠᱷᱟᱱ ᱱᱤᱨᱟᱹᱤ ᱨᱮᱭᱟᱜᱼᱟ ᱟᱥᱚᱞ ᱱᱤᱨᱟᱹ ᱫᱚ ᱵᱟᱭ ᱵᱟᱰᱟᱭ ᱧᱟᱢ ᱫᱟᱲᱮᱭᱟᱜᱼᱟ ᱠᱟᱱᱟ।
train_santalimale_04528	wavs/train_santalimale_04528.wav	ᱟᱹᱠᱤᱱ ᱵᱚᱭᱦᱟ ᱛᱟᱞᱟ ᱨᱮ ᱠᱷᱟᱹᱯᱟᱹᱨᱤ ᱥᱤᱨᱡᱟᱹᱣᱮᱱ ᱛᱮ, ᱮᱴᱟᱜᱼᱟ ᱦᱚᱲ ᱨᱮᱱ ᱦᱚᱯᱚᱱ ᱮᱨᱟ ᱦᱚᱸ ᱟᱹᱰᱤ ᱠᱤᱱ ᱫᱤᱠ ᱮᱱᱟ।
train_santalimale_04529	wavs/train_santalimale_04529.wav	ᱱᱚᱟ ᱠᱷᱚᱱ ᱵᱷᱟᱜᱮ ᱫᱚ ᱵᱮᱜᱟᱨᱚᱜᱼᱟ ᱠᱤᱱ ᱢᱮᱱ ᱡᱚᱝᱟᱱᱟ।
train_santalimale_04530	wavs/train_santalimale_04530.wav	ᱫᱤᱱ ᱠᱤᱱ ᱱᱮᱬᱰᱟ ᱜᱚᱴᱟ ᱠᱮᱫᱟ, ᱢᱟᱦᱟᱸ ᱠᱤᱱ ᱱᱤᱴ ᱠᱮᱫᱟ।
train_santalimale_04531	wavs/train_santalimale_04531.wav	ᱱᱚᱟ ᱠᱟᱛᱷᱟ ᱫᱚ ᱟᱛᱚ ᱯᱮᱲᱟ ᱠᱤᱱ ᱵᱟᱰᱟᱭ ᱚᱪᱚ ᱠᱮᱫᱼᱟ ᱠᱚᱟ।
train_santalimale_04532	wavs/train_santalimale_04532.wav	ᱟᱛᱚ ᱯᱮᱲᱟ ᱫᱚ ᱵᱟᱱᱟᱨ ᱵᱚᱭᱦᱟ ᱥᱚᱢᱟᱱ ᱦᱤᱸᱥ ᱨᱮ ᱥᱟᱱᱟᱢᱟᱜᱼᱟ ᱠᱚ ᱵᱮᱜᱟᱨ ᱦᱟᱹᱴᱤᱧ ᱠᱟᱫᱼᱟ ᱛᱟᱹᱠᱤᱱᱟᱹ।
train_santalimale_04533	wavs/train_santalimale_04533.wav	ᱟᱡᱼᱟ ᱜᱚ ᱫᱚ ᱢᱟᱨᱟᱝ ᱵᱚᱭᱦᱟ ᱥᱮᱱ ᱜᱮᱭ ᱛᱟᱦᱮᱸᱭᱮᱱᱟ।
train_santalimale_04534	wavs/train_santalimale_04534.wav	ᱵᱟᱱᱟᱨ ᱵᱚᱭᱦᱟ ᱥᱚᱢᱟᱱᱚ-ᱥᱚᱢᱟᱱ ᱠᱚ ᱦᱟᱹᱴᱤᱧ ᱟᱫᱼᱟ ᱠᱤᱱᱟᱹ।
train_santalimale_04535	wavs/train_santalimale_04535.wav	ᱵᱟᱹᱵᱟᱹᱭ ᱡᱚᱜᱟᱣ ᱫᱚᱦᱚ ᱞᱮᱫᱼᱟ ᱴᱟᱠᱟ-ᱯᱚᱭᱥᱟ ᱮᱢᱟᱱ ᱛᱮᱭᱟᱜᱼᱟ ᱠᱚ।
train_santalimale_04536	wavs/train_santalimale_04536.wav	ᱵᱟᱲᱮᱹ ᱜᱷᱩᱴᱩ ᱞᱟᱛᱟᱨ ᱥᱚ ᱵᱟᱹᱤᱦᱟᱹᱲ ᱟᱨ ᱠᱟᱫᱟᱢ ᱟᱦᱟᱨ ᱫᱚ ᱢᱟᱨᱟᱝ ᱵᱚᱭᱦᱟ ᱠᱚ ᱮᱢᱟᱫᱮᱭᱟ।
train_santalimale_04537	wavs/train_santalimale_04537.wav	ᱱᱩᱠᱤᱱ ᱵᱚᱭᱦᱟ ᱛᱟᱞᱟ ᱨᱮ ᱡᱟᱦᱟᱸ ᱡᱩᱜᱚ-ᱡᱩᱜ ᱠᱷᱚᱱ ᱴᱤᱠᱟᱹᱩ ᱟᱠᱟᱱ ᱡᱚᱛᱚᱱ ᱡᱚᱜᱟᱣ ᱛᱮ ᱫᱚᱦᱚᱣᱟᱠᱟᱱ ᱛᱟᱦᱮᱸᱱ ᱵᱚᱭᱦᱟ ᱫᱩᱞᱟᱹᱲ ᱫᱚ ᱢᱩᱨᱩᱠᱷ ᱢᱟᱨᱟᱣᱮᱱᱟ।
train_santalimale_04538	wavs/train_santalimale_04538.wav	ᱡᱚᱠᱷᱚᱱ ᱠᱤᱱ ᱵᱮᱜᱟᱨᱮᱱ ᱠᱷᱟᱱ ᱵᱟᱱᱟᱨ ᱵᱚᱭᱦᱟ ᱟᱯᱟᱱᱚ-ᱟᱹᱯᱤᱱ ᱜᱷᱟᱨᱚᱧᱡ ᱥᱟᱜᱟᱲ ᱢᱚᱧᱡᱛᱮ ᱞᱟᱜᱟ ᱞᱟᱦᱟᱭ ᱥᱮᱡᱼᱟ ᱠᱤᱱ ᱢᱮᱫᱼᱟ ᱞᱩᱛᱩᱨᱟᱫᱟ ᱚᱠᱟ ᱞᱮᱠᱟᱛᱮ ᱟᱹᱠᱤᱱᱟᱜᱼᱟ ᱜᱷᱟᱨᱚᱧᱡ ᱵᱮᱱᱟᱣ ᱠᱟᱛᱮᱱ ᱞᱟᱦᱟ ᱥᱮᱡᱼᱟ ᱪᱟᱞᱟᱜᱼᱟ ᱛᱟᱹᱠᱤᱱᱟ?
train_santalimale_04539	wavs/train_santalimale_04539.wav	ᱟᱹᱠᱤᱱ ᱵᱟᱱᱟᱨ ᱵᱚᱭᱦᱟ ᱠᱩᱠᱢᱩ ᱛᱮᱦᱚᱸ ᱵᱟᱠᱤᱱ ᱵᱟᱰᱟᱭ ᱧᱟᱢ ᱟᱠᱟᱫᱼᱟ ᱛᱟᱦᱮᱸᱱᱟ ᱡᱮ ᱟᱞᱟᱝ ᱛᱟᱞᱟ ᱨᱮ ᱱᱚᱝᱠᱟᱱ ᱵᱷᱮᱜᱮᱫᱼᱟ ᱨᱮ ᱪᱤᱱᱟᱹ ᱯᱟᱹᱪᱨᱤ ᱛᱮᱸᱜᱚᱱᱟ।
train_santalimale_04540	wavs/train_santalimale_04540.wav	ᱞᱟᱹᱤ ᱪᱟᱞ ᱠᱟᱛᱷᱟ ᱜᱮᱭ ᱫᱩᱞ ᱯᱴᱤ ᱠᱮᱫᱼᱟ ᱠᱤᱱᱟᱹ।
train_santalimale_04541	wavs/train_santalimale_04541.wav	ᱟᱨ ᱟᱹᱠᱤᱱ ᱵᱚᱭᱦᱟ ᱛᱟᱞᱟ ᱨᱮ ᱟᱹᱰᱤ ᱢᱟᱨᱟᱝ ᱵᱟᱹᱤᱨᱤ ᱞᱮᱠᱟ ᱛᱮ ᱦᱚᱲᱟᱹᱜᱼᱟ ᱢᱚᱪᱟ ᱟᱲᱟᱹᱝ ᱜᱮ ᱛᱤᱨᱩᱵᱼᱟ ᱴᱷᱮᱸᱜᱟ ᱞᱮᱠᱟᱭ ᱠᱟᱹᱢᱤ ᱠᱮᱫᱟ।
train_santalimale_04542	wavs/train_santalimale_04542.wav	ᱠᱟᱹᱴᱤᱡᱼᱟ ᱵᱚᱭᱦᱟ ᱫᱚ ᱱᱤᱛ ᱟᱹᱰᱤ ᱥᱟᱹᱫᱷᱤᱱ ᱮ ᱧᱟᱢ ᱠᱮᱫᱟ।
train_santalimale_04543	wavs/train_santalimale_04543.wav	ᱮᱱᱛᱮ ᱵᱟᱨ ᱵᱚᱭᱦᱟ ᱛᱟᱞᱟ ᱨᱮ ᱡᱟᱦᱟᱸ ᱦᱤᱥᱟᱹ ᱦᱟᱹᱴᱤᱧ ᱦᱚᱭ ᱟᱠᱟᱱ ᱚᱱᱟ ᱫᱚ ᱟᱹᱰᱤ ᱰᱷᱮᱨᱚ-ᱰᱷᱮᱨ ᱜᱮ ᱦᱚᱭ ᱟᱠᱟᱱᱟ।
train_santalimale_04544	wavs/train_santalimale_04544.wav	ᱟᱨ ᱟᱡᱼᱟ ᱞᱮᱜ ᱫᱚ ᱟᱹᱰᱤ ᱡᱟᱹᱥᱛᱤ, ᱟᱹᱰᱤ ᱟᱭᱢᱟ।
train_santalimale_04545	wavs/train_santalimale_04545.wav	ᱥᱩᱤᱞᱟᱹ ᱢᱟ ᱦᱟᱹᱬᱰᱤ-ᱯᱟᱹᱩᱨᱟᱹ ᱨᱮᱭᱟᱜᱼᱟ ᱥᱮᱵᱮᱞ ᱥᱚᱲᱚᱢ ᱢᱟ ᱯᱟᱹᱦᱤᱞ ᱨᱮᱜᱮᱭ ᱪᱟᱠᱷᱟ ᱧᱟᱢ ᱟᱴᱠᱟᱨ ᱟᱠᱟᱫᱼᱟ ᱛᱟᱦᱮᱸ।
train_santalimale_04546	wavs/train_santalimale_04546.wav	ᱡᱚᱠᱷᱚᱱ ᱦᱟᱹᱬᱰᱤ ᱨᱮᱭᱟᱜᱼᱟ ᱥᱚᱲᱚᱢ ᱥᱮᱵᱮᱞ ᱯᱟᱹᱦᱤᱞ ᱫᱷᱟᱣ ᱮᱦᱚᱵᱼᱟ ᱞᱩᱴᱤ ᱨᱮ ᱯᱟᱲᱟᱣᱟᱫᱮ ᱛᱟᱦᱮᱸ, ᱩᱱ ᱫᱚᱭ ᱦᱟᱜᱼᱟ-ᱛᱷᱚ ᱞᱮᱫᱼᱟ ᱜᱮᱭᱟ।
train_santalimale_04547	wavs/train_santalimale_04547.wav	ᱢᱮᱱᱠᱷᱟᱱ ᱢᱤᱫᱼᱟ ᱫᱷᱟᱣ ᱡᱟᱦᱟᱸ ᱞᱮᱠᱟᱛᱮ ᱯᱚᱬᱰ ᱵᱚᱴᱠᱚᱡᱼᱟ ᱮ ᱯᱟᱨᱚᱢ ᱠᱮᱫᱼᱟ ᱠᱷᱟᱱ ᱦᱟᱱᱟ ᱥᱟ ᱫᱚ ᱜᱚᱴᱟ ᱮ ᱪᱷᱟᱹᱯᱞᱟᱹᱣᱮᱱᱟ।
train_santalimale_04548	wavs/train_santalimale_04548.wav	ᱛᱷᱚᱲᱟ-ᱛᱷᱚᱲᱟ ᱛᱮ ᱦᱟᱹᱬᱰᱤ ᱨᱮᱭᱟᱜᱼᱟ ᱥᱚᱸᱫᱷᱟᱲ ᱥᱮᱵᱮᱞ ᱮ ᱪᱟᱠᱷᱟ ᱧᱟᱢ ᱠᱮᱫᱼᱟ ᱠᱷᱟᱱ ᱚᱠᱛᱮ ᱫᱚ ᱵᱟᱝ ᱵᱤᱞᱟᱹᱢ ᱞᱮᱱᱟ।
train_santalimale_04549	wavs/train_santalimale_04549.wav	ᱦᱤᱲ ᱦᱤᱲᱤᱭᱟᱹ ᱥᱟᱜᱮᱱ ᱫᱟᱨᱮ ᱞᱮᱠᱟ ᱜᱮ ᱥᱟᱜᱮᱱ ᱨᱟᱠᱟᱵᱼᱟ ᱤᱫᱤᱭᱮᱱᱟ, ᱞᱟᱯᱷᱟᱝ ᱦᱟᱹᱵᱤᱡᱼᱟ।
train_santalimale_04550	wavs/train_santalimale_04550.wav	ᱚᱱᱟ ᱠᱷᱟᱹᱛᱤᱨ ᱟᱹᱠᱤᱱ ᱦᱟᱲᱟᱹᱢᱚ-ᱵᱩᱲᱤ ᱢᱤᱫᱼᱟ ᱛᱟᱞᱟᱣ ᱫᱤᱱᱟᱹᱢ ᱜᱮᱠᱤᱱ ᱠᱷᱟᱹᱯᱟᱹᱨᱤᱜᱼᱟ ᱟ।
train_santalimale_04551	wavs/train_santalimale_04551.wav	ᱵᱮᱪᱟᱨᱟ ᱮᱥᱠᱟᱨ ᱢᱟᱭᱚᱡᱤ ᱪᱮᱫᱼᱟ ᱮ ᱪᱮᱠᱟᱭᱟ।
train_santalimale_04552	wavs/train_santalimale_04552.wav	ᱵᱟᱨ ᱯᱮ ᱫᱤᱱ ᱫᱚᱭ ᱢᱟᱱᱟ ᱵᱟᱲᱟ ᱞᱮᱫᱮ ᱜᱮᱭᱟ।
train_santalimale_04553	wavs/train_santalimale_04553.wav	ᱢᱟᱱᱟ ᱠᱟᱛᱷᱟ ᱫᱚ ᱱᱟᱥᱮ ᱵᱟᱝᱮ ᱵᱟᱹᱥᱩᱛᱟᱜᱼᱟ ᱛᱟᱭᱟ।
train_santalimale_04554	wavs/train_santalimale_04554.wav	ᱰᱷᱩᱞᱟᱹ ᱯᱮᱨᱮᱡᱼᱟ ᱪᱟᱣᱞᱮ ᱵᱚᱱᱫᱤ ᱜᱚᱲᱟᱹ ᱯᱮᱨᱮᱡᱼᱟ ᱜᱟᱹᱭᱚ-ᱰᱟᱝᱜᱨᱟ, ᱜᱩᱫᱲᱤ ᱯᱮᱨᱮᱡᱼᱟ ᱢᱮᱨᱚᱢ ᱵᱷᱤᱰᱤ, ᱪᱮᱫᱼᱟ ᱨᱮᱭᱟᱜᱼᱟ ᱵᱷᱟᱵᱱᱟ ᱛᱟᱭ।
train_santalimale_04555	wavs/train_santalimale_04555.wav	ᱥᱩᱤᱞᱟᱹ ᱫᱚ ᱫᱤᱱᱟᱹᱢ ᱜᱮ ᱰᱷᱩᱞᱟᱹ ᱨᱮ ᱥᱟᱨᱮᱲ ᱢᱮᱱᱟᱜᱼᱟ ᱵᱟᱹᱱᱫᱤ ᱪᱟᱣᱞᱮ ᱫᱚ ᱟᱹᱠᱚᱨᱤᱧ ᱮ ᱮᱦᱚᱵᱼᱟ ᱮᱱᱟ।
train_santalimale_04556	wavs/train_santalimale_04556.wav	ᱦᱚᱲᱚ ᱪᱟᱣᱞᱮ ᱟᱹᱠᱚᱨᱤᱧ ᱠᱟᱛᱮᱱ ᱦᱟᱹᱬᱰᱤ ᱯᱟᱹᱩᱨᱟᱹ ᱧᱩᱧᱩᱭᱮ ᱫᱷᱩᱨᱟᱹᱣᱮᱱᱟ।
train_santalimale_04557	wavs/train_santalimale_04557.wav	ᱱᱚᱟ ᱧᱮᱞ ᱠᱟᱛᱮ ᱞᱩᱠᱷᱤ ᱞᱮᱠᱟᱱ ᱫᱷᱚᱱ ᱫᱚ ᱟᱹᱰᱤᱭᱮ ᱮᱫᱨᱮᱭᱮᱱᱟ।
train_santalimale_04558	wavs/train_santalimale_04558.wav	ᱚᱲᱟᱜᱼᱟ ᱫᱩᱣᱟᱹᱨ ᱵᱟᱹᱜᱤ ᱠᱟᱛᱮᱱ ᱵᱟᱹᱫᱚ-ᱵᱟᱹᱤᱦᱟᱹᱲ ᱥᱮᱡᱼᱟ ᱪᱟᱞᱟᱣᱮ ᱢᱮᱱ ᱡᱚᱝᱟᱱᱟ।
train_santalimale_04559	wavs/train_santalimale_04559.wav	ᱫᱤᱱ ᱠᱮ ᱫᱤᱱ ᱦᱟᱹᱬᱰᱤ ᱯᱟᱹᱩᱨᱟᱹ ᱨᱮᱭᱟᱜᱼᱟ ᱚᱨᱥᱚᱲ ᱦᱚᱲᱢᱚ ᱡᱤᱣᱤ ᱨᱮ ᱵᱷᱟᱹᱥᱤ ᱨᱮᱭᱟᱜᱼᱟ ᱵᱟᱸᱥ ᱫᱚ ᱛᱟᱨᱠᱚᱣᱟᱫᱮᱭᱟ।
train_santalimale_04560	wavs/train_santalimale_04560.wav	ᱦᱟᱹᱬᱰᱤ ᱨᱮᱭᱟᱜᱼᱟ ᱱᱤᱥᱟᱹ ᱛᱮ ᱥᱟᱱᱟᱢᱟᱜᱼᱟ ᱮ ᱴᱟᱹᱬᱰᱤᱡᱚᱝ ᱠᱟᱱ ᱱᱚᱟ ᱫᱚ ᱵᱟᱭ ᱵᱟᱰᱟᱭ ᱡᱚᱝ ᱠᱟᱱᱟ।
train_santalimale_04561	wavs/train_santalimale_04561.wav	ᱰᱷᱩᱞᱟᱹ ᱯᱮᱨᱮᱡᱼᱟ ᱪᱟᱣᱞᱮ ᱵᱟᱸᱫᱤ ᱫᱚ ᱟᱫᱷᱟ ᱵᱚᱪᱷᱚᱨ ᱛᱮᱜᱮᱭ ᱟᱹᱠᱚᱨᱤᱧ ᱪᱟᱵᱟ ᱠᱮᱫᱟ।
train_santalimale_04562	wavs/train_santalimale_04562.wav	ᱟᱫᱚ ᱱᱤᱛᱚᱜᱼᱟ ᱪᱮᱫᱼᱟ ᱮ ᱪᱮᱠᱟᱭᱟ?
train_santalimale_04563	wavs/train_santalimale_04563.wav	ᱟᱡᱼᱟ ᱥᱟᱢᱟᱝ ᱨᱮ ᱟᱹᱰᱤ ᱞᱮᱠᱟᱱᱟᱜᱼᱟ ᱟᱨ ᱦᱚᱸ ᱫᱟᱢᱟᱱ ᱡᱤᱱᱤᱥ ᱢᱮᱱᱟᱜᱼᱟ ᱟ।
train_santalimale_04564	wavs/train_santalimale_04564.wav	ᱚᱲᱟᱜᱼᱟ ᱫᱩᱣᱟᱹᱨ ᱨᱮᱭᱟᱜᱼᱟ ᱚᱱ ᱫᱷᱚᱱ ᱮ ᱪᱟᱵᱟ ᱠᱮᱫᱼᱟ ᱠᱷᱟᱱ ᱱᱚᱡᱚᱨ ᱫᱚ ᱵᱟᱦᱨᱮ ᱥᱮᱡᱼᱟ ᱪᱟᱞᱟᱣᱮᱱ ᱛᱟᱭᱟ।
train_santalimale_04565	wavs/train_santalimale_04565.wav	ᱥᱚᱡᱦᱮᱭᱮᱱᱟ ᱵᱤᱞᱟᱹᱱ ᱵᱟᱹᱤᱦᱟᱹᱲ ᱥᱮᱡᱼᱟ ᱢᱮᱫᱼᱟ ᱨᱮᱭᱟᱜᱼᱟ ᱧᱮᱞ ᱫᱟᱲᱮ ᱫᱚ।
train_santalimale_04566	wavs/train_santalimale_04566.wav	ᱤᱱᱟᱹ ᱥᱟᱸᱣᱛᱮ ᱱᱚᱡᱚᱨ ᱫᱚ ᱛᱮᱨᱟᱝᱮᱱ ᱛᱟᱭᱟ ᱜᱚᱲᱟᱹ ᱜᱩᱫᱲᱤ ᱨᱮᱱ ᱢᱤᱦᱩᱸ-ᱢᱮᱨᱚᱢ ᱥᱮᱡᱼᱟ।
train_santalimale_04567	wavs/train_santalimale_04567.wav	ᱢᱟᱲᱟᱹᱲ ᱨᱮᱫᱚ ᱢᱤᱦᱩᱸ-ᱢᱮᱨᱚᱢ ᱥᱮᱡᱼᱟ ᱢᱚᱱᱮ ᱫᱚᱭ ᱞᱟᱣᱮᱨ ᱠᱮᱫᱟ।
train_santalimale_04568	wavs/train_santalimale_04568.wav	ᱫᱤᱱᱟᱹᱢ ᱢᱤᱢᱤᱫᱼᱟ ᱜᱚᱴᱮᱱ ᱢᱮᱨᱚᱢ ᱟᱹᱠᱚᱨᱤᱧ ᱮ ᱫᱷᱩᱨᱟᱹᱣᱮᱱᱟ।
train_santalimale_04569	wavs/train_santalimale_04569.wav	ᱡᱚᱠᱷᱚᱱ ᱯᱚᱭᱥᱟ ᱨᱮᱭᱟᱜᱼᱟ ᱞᱟᱹᱜᱛᱤ ᱟᱨ ᱜᱮ ᱯᱟᱲᱟᱣᱟᱫᱮᱭᱟ, ᱩᱱ ᱫᱚ ᱢᱮᱨᱚᱢ ᱵᱷᱤᱰᱤ ᱟᱹᱰᱤ ᱠᱚᱢ ᱫᱟᱢ ᱛᱮ, ᱟᱭᱟᱜᱼᱟ ᱜᱚᱨᱚᱡ ᱛᱮᱭ ᱟᱹᱠᱚᱨᱤᱧ ᱜᱤᱰᱤ ᱠᱟᱠᱚᱟ।
train_santalimale_04570	wavs/train_santalimale_04570.wav	ᱮᱱᱛᱮ, ᱦᱟᱹᱬᱰᱤ-ᱯᱟᱹᱩᱨᱟᱹ ᱵᱟᱝᱠᱷᱟᱱ ᱛᱤᱨᱚᱯᱤᱛ ᱜᱮ ᱢᱚᱱ ᱫᱚ ᱵᱟᱝ ᱮ ᱟᱹᱤᱠᱟᱹᱣᱟ।
train_santalimale_04571	wavs/train_santalimale_04571.wav	ᱛᱤᱱ ᱫᱤᱱ ᱚᱲᱟᱜᱼᱟ ᱨᱮ ᱚᱱᱟ ᱯᱚᱭᱥᱟ ᱛᱟᱦᱮᱸᱱ ᱛᱟᱭ ᱩᱱ ᱫᱤᱱ ᱢᱤᱫᱼᱟ ᱡᱩ ᱵᱩᱞ ᱟᱨ ᱵᱩᱞ ᱜᱮᱭ ᱛᱟᱦᱮᱸᱱᱟ।
train_santalimale_04572	wavs/train_santalimale_04572.wav	ᱡᱚᱢ ᱧᱩ ᱨᱮᱭᱟᱜᱼᱟ ᱠᱚᱱᱚ ᱱᱤᱴ ᱚᱠᱛᱮ ᱵᱟᱹᱱᱩᱜᱼᱟ ᱛᱟᱭᱟ।
train_santalimale_04573	wavs/train_santalimale_04573.wav	ᱡᱩᱫᱤ ᱞᱟᱡᱼᱟ ᱠᱷᱟᱹᱞᱤᱭᱮᱱ ᱛᱟᱭ ᱠᱷᱟᱱ, ᱪᱮᱛᱟᱱ ᱠᱷᱚᱱ ᱟᱨ ᱦᱚᱸ ᱯᱟᱹᱩᱨᱟᱹ ᱦᱟᱹᱬᱰᱤ ᱵᱷᱟᱜᱮ ᱛᱮᱭ ᱦᱚᱝᱜᱚᱨ ᱡᱚᱝᱟᱱ ᱜᱮ।
train_santalimale_04574	wavs/train_santalimale_04574.wav	ᱱᱚᱝᱠᱟ ᱞᱮᱠᱟ ᱡᱩᱣᱟᱹᱱ ᱠᱚᱲᱟᱹ ᱩᱢᱟᱹᱨ ᱨᱮᱜᱮ ᱚᱠᱛᱮ ᱨᱮᱭᱟᱜᱼᱟ ᱫᱟᱢᱟᱱ ᱡᱤᱱᱤᱥ ᱦᱚᱲᱢᱚ ᱨᱮᱭᱟᱜᱼᱟ ᱢᱟᱱᱟᱱ ᱫᱩᱨᱤᱵ ᱟᱨ ᱟᱹᱠᱷᱤᱨ ᱨᱮᱭᱟᱜᱼᱟ ᱦᱩᱫᱤᱥ ᱵᱟᱝ ᱠᱟᱛᱮ ᱯᱟᱣᱚᱲᱤᱭ ᱜᱤᱰᱤ ᱞᱟᱦᱟ ᱠᱮᱫᱟ।
train_santalimale_04575	wavs/train_santalimale_04575.wav	ᱧᱮᱞᱚ-ᱧᱮᱞ ᱛᱮᱜᱮ ᱜᱩᱫᱲᱤ ᱯᱮᱨᱮᱡᱼᱟ ᱢᱮᱨᱚᱢ, ᱜᱚᱲᱟᱹ ᱯᱮᱨᱮᱡᱼᱟ ᱜᱟᱹᱭᱚ-ᱰᱟᱝᱜᱨᱟ ᱥᱟᱱᱟᱢ ᱠᱚ ᱧᱮᱞ ᱟᱫᱼᱟ ᱪᱟᱵᱟᱭᱮᱱᱟ।
train_santalimale_04576	wavs/train_santalimale_04576.wav	ᱡᱚᱠᱷᱚᱱ ᱢᱮᱨᱚᱢᱚ-ᱵᱷᱤᱰᱤ, ᱜᱟᱹᱭᱚ-ᱰᱟᱝᱜᱨᱟ ᱥᱟᱱᱟᱢᱮ ᱟᱹᱠᱚᱨᱤᱧ ᱪᱟᱵᱟ ᱠᱮᱫᱼᱟ ᱠᱚᱟ।
train_santalimale_04577	wavs/train_santalimale_04577.wav	ᱩᱱ ᱫᱚ ᱩᱯᱟᱹᱭ ᱨᱮᱭᱟᱜᱼᱟ ᱡᱟᱞᱟ ᱨᱮᱜᱮᱭ ᱯᱟᱲᱟᱹᱣ ᱞᱮᱱᱟ ᱟᱨ ᱡᱟᱞᱟ ᱨᱮ ᱟᱹᱩᱨᱤ ᱧᱩᱨᱩᱜᱼᱟ ᱛᱮᱜᱮ ᱡᱟᱝᱜᱟ ᱫᱚ ᱢᱮᱫᱼᱟ ᱢᱟᱨᱥᱟᱞ ᱥᱟᱞᱟᱜᱼᱟ ᱵᱟᱸᱫᱚ-ᱯᱤᱬᱰᱦᱟᱹ ᱵᱟᱹᱤᱦᱟᱹᱲ ᱥᱮᱡᱼᱟ ᱪᱟᱞᱟᱣᱮᱱ ᱛᱟᱭᱟ।
train_santalimale_04578	wavs/train_santalimale_04578.wav	ᱠᱚᱭᱚᱜᱼᱟ ᱠᱮᱫᱟᱭ ᱢᱮᱫᱼᱟ ᱫᱚ ᱵᱟᱹᱤᱦᱟᱹᱲᱚ-ᱯᱤᱬᱰᱦᱟᱹ ᱯᱟᱨᱚᱢ ᱠᱟᱛᱮ ᱛᱟᱞᱟ ᱟᱦᱟᱨ ᱨᱮ ᱦᱚᱸ ᱥᱚᱫᱼᱟ ᱪᱟᱞᱟᱣᱮᱱ ᱛᱟᱭᱟ।
train_santalimale_04579	wavs/train_santalimale_04579.wav	ᱯᱚᱭᱥᱟ ᱨᱮᱭᱟᱜᱼᱟ ᱟᱭ ᱩᱯᱟᱹᱤ ᱞᱟᱹᱜᱤᱫᱼᱟ ᱛᱮ ᱠᱷᱮᱛ ᱵᱟᱹᱤᱥᱟᱹᱣᱮ ᱮᱦᱚᱵᱼᱟ ᱮᱱᱟ।
train_santalimale_04580	wavs/train_santalimale_04580.wav	ᱱᱚᱟ ᱧᱮᱞ ᱠᱟᱛᱮ ᱚᱲᱟᱜᱼᱟ ᱮᱨᱟ ᱫᱚ ᱟᱹᱰᱤᱭᱮ ᱵᱩᱡᱷᱟᱹᱩ ᱵᱟᱲᱟᱹ ᱠᱮᱫᱮᱭᱟ।
train_santalimale_04581	wavs/train_santalimale_04581.wav	ᱩᱞᱴᱟᱹᱩ ᱟᱡᱼᱟ ᱜᱮ ᱨᱟᱸᱜᱟᱣ ᱟᱲᱟᱝ ᱛᱮᱭ ᱫᱩᱝᱚᱜᱩᱨ ᱜᱚᱫᱼᱟ ᱮᱱᱟ।
train_santalimale_04582	wavs/train_santalimale_04582.wav	ᱚᱱᱟ ᱤᱭᱟᱹᱛᱮ ᱦ ᱮᱨᱟᱛᱛᱮᱫᱼᱟ ᱫᱚ ᱥᱮᱸᱜᱮᱞ ᱡᱷᱟᱨᱟᱠ ᱠᱷᱚᱱ ᱯᱷᱟᱨᱟᱠ ᱨᱮ ᱛᱟᱦᱮᱱ ᱜᱮᱭ ᱠᱩᱥᱤᱭᱟᱫᱟ।
train_santalimale_04583	wavs/train_santalimale_04583.wav	ᱱᱚᱟ ᱠᱚ ᱠᱷᱟᱹᱛᱤᱨ ᱛᱮᱜᱮ ᱟᱹᱠᱤᱱ ᱡᱩᱨᱤ-ᱯᱟᱹᱨᱤ ᱛᱟᱞᱟ ᱨᱮ ᱵᱟᱨ ᱦᱚᱲᱟᱹᱜᱼᱟ ᱵᱟᱨ ᱥᱟᱧᱡ ᱵᱷᱟᱜᱮ ᱥᱟᱹᱸᱦᱤᱡᱼᱟ ᱵᱟᱝ ᱟᱬᱴᱟᱣᱚᱜᱼᱟ ᱠᱟᱱᱟ।
train_santalimale_04584	wavs/train_santalimale_04584.wav	ᱫᱤᱱ ᱠᱮ ᱫᱤᱱ ᱡᱚᱢ ᱧᱩ ᱨᱮᱭᱟᱜᱼᱟ ᱴᱚᱬᱴᱟ ᱫᱚ ᱵᱟᱹᱸᱲᱛᱤ ᱤᱫᱤᱭᱮᱱ ᱛᱟᱹᱠᱤᱱᱟ।
train_santalimale_04585	wavs/train_santalimale_04585.wav	ᱮᱱᱛᱮ ᱦᱚᱲᱚ ᱪᱟᱣᱞᱮ ᱢᱟ ᱟᱹᱩᱨᱤ ᱯᱷᱟᱹᱜᱩᱱ ᱯᱟᱨᱚᱢᱚᱜᱼᱟ ᱨᱮᱜᱮᱭ ᱜᱷᱟᱥᱚ-ᱜᱷᱩᱥ ᱵᱮ ᱪᱟᱵᱟᱣᱟᱠᱟᱫᱼᱟ।
train_santalimale_04586	wavs/train_santalimale_04586.wav	ᱥᱟᱨᱮᱡᱼᱟ ᱢᱮᱱᱟᱜᱼᱟ ᱡᱟ ᱩᱰᱤᱡᱼᱟ ᱚᱱᱟ ᱢᱟ ᱨᱤᱱᱚ-ᱢᱟᱦᱟᱡᱚᱱ।
train_santalimale_04587	wavs/train_santalimale_04587.wav	ᱟᱫᱚ ᱮᱨᱟᱛ ᱛᱮᱫᱼᱟ ᱫᱚ ᱪᱮᱫᱼᱟ ᱮ ᱦᱩᱛᱲᱟᱹᱩ ᱧᱟᱢᱟ।
train_santalimale_04588	wavs/train_santalimale_04588.wav	ᱮᱨᱟᱛᱛᱮᱫᱼᱟ ᱜᱮᱛᱚ ᱡᱚᱢ ᱧᱩ ᱨᱮᱭᱟᱜᱼᱟ ᱡᱟᱞᱟ ᱫᱚ।
train_santalimale_04589	wavs/train_santalimale_04589.wav	ᱢᱤᱫᱼᱟ ᱵᱟᱨ ᱧᱤᱱᱫᱟᱹ ᱫᱚ ᱨᱮᱫᱼᱟ-ᱨᱮᱵᱮᱫᱼᱟ ᱠᱚᱨᱮᱱᱟᱜᱼᱟ, ᱲᱟᱹᱠᱚᱱᱤᱡᱼᱟ ᱛᱮᱱ ᱠᱚᱨᱮᱱᱟᱜᱼᱟ ᱧᱟᱢ ᱡᱟᱨᱣᱟ ᱵᱟᱲᱟᱹ ᱠᱟᱛᱮᱱᱮ ᱠᱷᱟᱧᱡᱚ ᱵᱟᱲᱟᱹ ᱠᱮᱫᱟ।
train_santalimale_04590	wavs/train_santalimale_04590.wav	ᱚᱱᱟ ᱦᱚᱸ ᱟᱫᱷᱟ ᱨᱮᱜᱮ ᱠᱷᱟᱧᱡᱚ ᱢᱩᱪᱟᱹᱫᱼᱟ ᱮᱱᱟ।
train_santalimale_04591	wavs/train_santalimale_04591.wav	ᱦᱟᱡᱟᱨ ᱜᱚᱴᱮᱱ ᱪᱷᱟᱱᱫ ᱛᱮᱭ ᱫᱟᱱᱫ ᱟᱠᱟᱱᱟ।
train_santalimale_04592	wavs/train_santalimale_04592.wav	ᱟᱨ ᱦᱚᱸ ᱥᱩᱤᱞᱟᱹ ᱣᱟᱜᱼᱟ ᱩᱱᱤ ᱪᱮᱛᱟᱱ ᱨᱮ ᱟᱹᱰᱤ ᱞᱮᱠᱟᱱ ᱱᱟᱦᱟᱪᱟᱨ।
train_santalimale_04593	wavs/train_santalimale_04593.wav	ᱪᱟᱜᱼᱟ ᱮ ᱥᱟᱦᱟᱣᱟ ᱵᱮᱪᱟᱨᱟ, ᱮᱠᱟᱭ ᱟᱭᱚ ᱦᱚᱲ?
train_santalimale_04594	wavs/train_santalimale_04594.wav	ᱠᱚᱪᱞᱚᱱ ᱫᱩᱠ ᱟᱨ ᱨᱮᱸᱜᱮᱡᱼᱟ ᱛᱮ ᱯᱮᱨᱮᱡᱼᱟ ᱟᱠᱟᱱ ᱥᱩᱤᱞᱟᱹ ᱨᱤᱱᱤᱡᱼᱟ ᱫᱚ ᱮᱸᱜᱟᱛᱚ-ᱟᱯᱟᱛ ᱚᱲᱟᱜᱼᱟ ᱮ ᱥᱮᱱ ᱡᱚᱲᱟᱱᱟ।
train_santalimale_04595	wavs/train_santalimale_04595.wav	ᱟᱭᱟᱜᱼᱟ ᱵᱟᱛᱞᱟᱣ ᱟᱡᱼᱟ ᱢᱟᱹᱦᱤᱱᱫᱟᱨ ᱟᱹᱨᱤ ᱨᱮ ᱟᱡᱼᱟ ᱜᱮ ᱥᱟᱱᱟᱢᱟᱜᱼᱟ।
train_santalimale_04596	wavs/train_santalimale_04596.wav	ᱠᱷᱮᱛ ᱵᱟᱹᱤᱥᱟᱹᱩ ᱠᱟᱛᱮ ᱦᱟᱹᱬᱰᱤ-ᱯᱟᱹᱩᱨᱟᱹ ᱧᱩ ᱛᱚ ᱚᱱᱠᱟ ᱜᱮ ᱛᱚᱸᱜᱮ ᱡᱚᱲᱟᱣ ᱛᱟᱦᱮᱸᱭᱮᱱ ᱛᱟᱭᱟ।
train_santalimale_04597	wavs/train_santalimale_04597.wav	ᱦᱟᱹᱬᱰᱤ-ᱯᱟᱹᱩᱨᱟᱹ ᱧᱩ ᱠᱷᱟᱹᱛᱤᱨ ᱛᱮ ᱟᱭᱟᱜᱼᱟ ᱡᱤᱭᱚᱱ ᱫᱚ ᱟᱹᱩᱨᱤ ᱨᱮᱜᱮᱭ ᱵᱟᱹᱤᱨᱤᱭᱟᱠᱟᱫᱼᱟ ᱛᱟᱭᱟ।
train_santalimale_04598	wavs/train_santalimale_04598.wav	ᱫᱤᱱ ᱠᱮ ᱫᱤᱱ ᱟᱹᱰᱤ ᱞᱮᱠᱟᱱᱟᱜᱼᱟ ᱨᱚᱜ ᱟᱡᱟᱨ ᱛᱮᱭ ᱛᱚᱞ ᱡᱷᱟᱹᱣᱟᱹᱜᱼᱟ ᱠᱟᱱ ᱨᱮᱦᱚᱸ ᱵᱟᱭ ᱥᱚᱱᱛᱚᱨᱚᱜᱼᱟ ᱠᱟᱱᱟ।
train_santalimale_04599	wavs/train_santalimale_04599.wav	ᱵᱤᱪᱠᱚᱢ ᱡᱷᱟᱹᱣᱟᱹᱣᱟᱠᱟᱱ ᱨᱮᱦᱚᱸᱭ ᱡᱷᱟᱹᱣᱟᱹ ᱱᱟᱹᱸᱲᱤ ᱠᱚᱫᱚ ᱟᱨ ᱜᱮ ᱟᱡᱼᱟ ᱥᱮᱱᱮ ᱚᱨ ᱥᱚᱨ ᱡᱚᱝ ᱠᱟᱱᱟ।
train_santalimale_04600	wavs/train_santalimale_04600.wav	ᱟᱭᱟᱜᱼᱟ ᱡᱤᱭᱚᱱ ᱨᱮᱭᱟᱜᱼᱟ ᱟᱹᱠᱷᱤᱨ ᱠᱩᱠᱢᱩ ᱫᱚ ᱱᱟᱥᱮ ᱦᱚᱸ ᱵᱟᱭ ᱧᱮᱞ ᱚᱨᱚᱢ ᱫᱟᱲᱮᱭᱟᱜᱼᱟ ᱠᱟᱱᱟ।
train_santalimale_04601	wavs/train_santalimale_04601.wav	ᱟᱡᱟᱨ ᱡᱚᱴᱟᱣᱟᱭ ᱞᱟᱦᱟ ᱨᱮ ᱫᱟᱫᱟᱛᱛᱮᱫᱼᱟ ᱫᱚᱭ ᱢᱟᱱᱟ ᱞᱮᱫᱮ ᱜᱮᱭᱟ।
train_santalimale_04602	wavs/train_santalimale_04602.wav	ᱢᱮᱱᱠᱷᱟᱱ ᱱᱟᱥᱮ ᱦᱚᱸ ᱵᱟᱝᱮ ᱵᱟᱥᱩᱛᱟᱫᱼᱟ ᱛᱟᱭ ᱛᱟᱦᱮᱸ।
train_santalimale_04603	wavs/train_santalimale_04603.wav	ᱵᱚᱨᱪᱚᱝ ᱢᱟᱱᱟ ᱠᱷᱟᱹᱛᱤᱨ ᱛᱮ ᱥᱩᱤᱞᱟᱹ ᱡᱷᱚᱜᱲᱟᱹᱭᱮ ᱥᱤᱨᱡᱟᱹᱩ ᱞᱮᱫᱼᱟ ᱟ।
train_santalimale_04604	wavs/train_santalimale_04604.wav	ᱚᱱᱟ ᱤᱭᱟᱹᱛᱮ ᱥᱚᱢᱟᱱᱚ-ᱥᱚᱢᱟᱱ ᱧᱟᱢᱟᱠᱟᱫᱼᱟ ᱦᱤᱥᱟᱹ ᱨᱮ ᱛᱟᱸᱦᱮᱸᱠᱟᱱ ᱛᱮ ᱴᱩᱤᱞᱟᱹ ᱫᱚᱭ ᱛᱷᱤᱨ ᱦᱟᱯᱮᱭᱮᱱᱟ।
train_santalimale_04605	wavs/train_santalimale_04605.wav	ᱫᱤᱱᱚ-ᱫᱤᱱ ᱛᱮ ᱠᱷᱮᱛᱚ-ᱵᱟᱹᱫ ᱫᱚᱭ ᱟᱹᱠᱚᱨᱤᱧ ᱪᱟᱵᱟ ᱠᱮᱫᱟ।
train_santalimale_04606	wavs/train_santalimale_04606.wav	ᱟᱨ ᱨᱩᱣᱟᱹ ᱦᱟᱥᱚ ᱨᱮᱦᱚᱸᱭ ᱡᱚᱵᱮ ᱡᱟᱹᱥᱛᱤ ᱤᱫᱤᱭᱮᱱᱟ।
train_santalimale_04607	wavs/train_santalimale_04607.wav	ᱱᱚᱛᱮ ᱴᱩᱤᱞᱟᱹ ᱫᱚ ᱟᱭᱟᱜᱼᱟ ᱡᱤᱭᱚᱱ ᱨᱮᱭᱟᱜᱼᱟ ᱢᱟᱨᱟᱝ ᱠᱩᱜᱼᱟᱞᱤ ᱯᱩᱨᱟᱹᱩ ᱠᱟᱛᱮ ᱱᱚᱝᱠᱟᱱ ᱡᱤᱱᱤᱥ ᱥᱮᱥᱮᱱᱫᱨᱟ ᱨᱮ ᱢᱮᱱᱟᱭᱟ ᱚᱠᱟ ᱫᱚ ᱟᱹᱠᱷᱤᱨ ᱦᱤᱞᱚᱜᱼᱟ ᱥᱩᱠ ᱛᱮ ᱟᱠᱚ ᱜᱤᱫᱟᱹᱨᱚ-ᱯᱤᱫᱟᱹᱨ ᱥᱟᱱᱟᱢ ᱠᱚ ᱡᱤᱭᱚᱱ ᱲᱚᱸᱜᱟ ᱠᱚ ᱞᱟᱜᱟ ᱞᱟᱦᱟᱭ।
train_santalimale_04608	wavs/train_santalimale_04608.wav	ᱱᱩᱭ ᱢᱟ ᱟᱤ.ᱮ. ᱮ ᱯᱟᱥ ᱟᱠᱟᱫᱼᱟ।
train_santalimale_04609	wavs/train_santalimale_04609.wav	ᱚᱞᱚᱜᱼᱟ ᱡᱤᱭᱚᱱ ᱨᱮᱭᱟᱜᱼᱟ ᱟᱹᱠᱤᱞ ᱨᱟᱥᱟ ᱥᱟᱢᱟᱝ ᱨᱮ ᱚᱠᱟᱴᱟᱜᱼᱟ ᱨᱟᱥᱟ ᱦᱚᱸ ᱵᱟᱝ ᱥᱮᱵᱮᱞ ᱥᱚᱲᱚᱢᱟᱫᱮ ᱛᱟᱦᱮᱸᱱᱟ।
train_santalimale_04610	wavs/train_santalimale_04610.wav	ᱚᱱᱟ ᱤᱭᱟᱹᱛᱮ ᱟᱹᱠᱤᱞ ᱨᱟᱥᱟ ᱪᱮᱯᱮᱡ ᱞᱟᱹᱜᱤᱫᱼᱟ ᱜᱮ ᱢᱚᱱ ᱨᱮᱫᱚ ᱟᱹᱰᱤ ᱴᱮᱴᱣᱟᱥ ᱮ ᱫᱚᱦᱚᱣᱟᱠᱟᱫᱼᱟ ᱛᱟᱦᱮᱸᱱᱟ।
train_santalimale_04611	wavs/train_santalimale_04611.wav	ᱚᱞᱚᱜᱼᱟ ᱡᱤᱭᱚᱱ ᱫᱚ ᱟᱡᱼᱟ ᱥᱟᱢᱟᱝ ᱨᱮ ᱥᱮᱴᱮᱨᱟᱠᱟᱱ ᱛᱟᱦᱮᱸ ᱚᱞᱚᱜᱼᱟ ᱡᱤᱭᱚᱱ ᱫᱚ ᱵᱟᱭ ᱠᱚᱞᱥᱟ ᱢᱚᱸᱜᱚᱞ ᱞᱮᱫᱟ।
train_santalimale_04612	wavs/train_santalimale_04612.wav	ᱢᱚᱱᱮ ᱨᱮ ᱯᱟᱹᱛᱤᱭᱟᱹᱩ ᱟᱨ ᱨᱤᱠᱤᱲ ᱟᱛᱮᱭᱮ ᱞᱟᱦᱟ ᱞᱮᱱᱟ।
train_santalimale_04613	wavs/train_santalimale_04613.wav	ᱚᱱᱟ ᱤᱭᱟᱹᱛᱮᱜᱮ ᱡᱟᱹᱱᱤᱡᱼᱟ ᱟᱡᱼᱟ ᱮ ᱠᱩᱜᱼᱟᱞᱤ ᱞᱮᱫᱼᱟ ᱢᱟᱨᱟᱴᱷ ᱠᱩᱜᱼᱟᱞᱤ ᱨᱮᱭᱟᱜᱼᱟ ᱛᱮᱞᱟ ᱫᱚ ᱟᱡᱼᱟ ᱛᱮᱜᱮᱭ ᱮᱢ ᱡᱚᱲᱟᱱᱟ।
train_santalimale_04614	wavs/train_santalimale_04614.wav	ᱟᱡᱼᱟ ᱮ ᱦᱩᱫᱤᱥᱟ ᱱᱚᱟ ᱡᱤᱭᱚᱱ ᱪᱮᱫᱼᱟ ᱠᱟᱱᱟ?
train_santalimale_04615	wavs/train_santalimale_04615.wav	ᱢᱟᱱᱣᱟᱸ ᱡᱤᱣᱤ, ᱢᱟᱱᱣᱟᱸ ᱨᱩᱯ ᱦᱟᱛᱟᱣ ᱠᱟᱛᱮᱱ ᱨᱮᱦᱚᱸ ᱟᱹᱰᱤ ᱦᱚᱲ ᱢᱟᱱᱣᱟᱸ ᱞᱮᱠᱟᱱ ᱜᱟᱱ ᱪᱟᱜᱼᱟ ᱵᱟᱝ ᱥᱚᱯᱨᱚᱛ ᱟᱠᱚ ᱠᱟᱱᱟ।
train_santalimale_04616	wavs/train_santalimale_04616.wav	ᱦᱩᱫᱤᱥ ᱟᱨ ᱜᱟᱬᱲᱚᱱ ᱨᱮᱜᱮ ᱥᱟᱨᱟ ᱜᱷᱟᱹᱲᱤᱡᱼᱟ ᱮ ᱩᱱᱩᱢ ᱠᱚᱜᱼᱟ ᱟ।
train_santalimale_04617	wavs/train_santalimale_04617.wav	ᱟᱭᱟᱜᱼᱟ ᱵᱷᱟᱹᱞᱟᱹᱤ ᱦᱚᱸ ᱥᱟᱸᱣᱚ-ᱥᱟᱸᱣᱛᱮ ᱥᱚᱢᱟᱡ ᱛᱟᱞᱟ ᱥᱟᱱᱟᱢ ᱦᱚᱲᱟᱜᱼᱟ ᱵᱷᱟᱹᱞᱟᱹᱤ ᱚᱠᱟ ᱞᱮᱠᱟᱛᱮ ᱦᱩᱭᱩᱜᱼᱟ ᱟ, ᱱᱚᱟ ᱠᱚᱜᱮ ᱢᱚᱪᱟ ᱨᱮ ᱯᱟᱹᱦᱤᱞ ᱠᱩᱜᱼᱟᱞᱤ ᱫᱚ ᱨᱟᱣᱚᱸᱜᱼᱟ ᱠᱟᱱᱟ।
train_santalimale_04618	wavs/train_santalimale_04618.wav	ᱚᱞᱚᱜᱼᱟ ᱟᱹᱠᱤᱞ ᱫᱤᱥᱚ-ᱦᱩᱫᱤᱥ ᱥᱟᱸᱣᱛᱮ ᱚᱲᱟᱠᱚ-ᱫᱩᱣᱟᱹᱨ, ᱦᱚᱲᱚ-ᱪᱟᱣᱞᱮ, ᱢᱤᱦᱩᱸ-ᱢᱮᱨᱚᱢ ᱥᱟᱱᱟᱢᱚᱜᱼᱟ ᱛᱮ ᱯᱮᱨᱮᱡᱼᱟ-ᱯᱩᱨᱩᱱ ᱢᱮᱱᱟᱭᱟ।
train_santalimale_04619	wavs/train_santalimale_04619.wav	ᱚᱞᱚᱜᱼᱟ ᱟᱹᱠᱤᱞ ᱦᱟᱢᱮᱴ ᱥᱟᱹᱛ ᱛᱟᱭᱚᱢ ᱱᱩᱠᱨᱤ-ᱪᱟᱹᱠᱨᱤ ᱥᱮᱡᱼᱟ ᱫᱚ ᱱᱟᱥᱮ ᱵᱟᱭ ᱢᱮᱫᱼᱟ ᱞᱩᱛᱩᱨᱟᱫᱟ।
train_santalimale_04620	wavs/train_santalimale_04620.wav	ᱱᱚᱟ ᱠᱚ ᱨᱮᱜᱮᱭ ᱠᱷᱟᱴᱟᱣ ᱞᱮᱱ ᱠᱷᱟᱱ ᱯᱟᱞᱮᱱ ᱱᱩᱠᱨᱤ ᱠᱷᱚᱱ ᱰᱷᱮᱨ ᱴᱟᱠᱟ-ᱯᱚᱭᱥᱟ, ᱚᱱᱚ-ᱫᱷᱚᱱ ᱮ ᱟᱨᱡᱟᱣᱟ।
train_santalimale_04621	wavs/train_santalimale_04621.wav	ᱟᱭᱟᱜᱼᱟ ᱢᱮᱱ ᱫᱚ ᱚᱞᱚᱜᱼᱟ-ᱯᱟᱲᱦᱟᱜᱼᱟ, ᱢᱮᱫᱼᱟ ᱢᱟᱨᱥᱟᱞ ᱛᱮ ᱞᱟᱦᱟ ᱣᱟᱠᱟᱱ ᱦᱚᱲ ᱜᱮ ᱡᱩᱫᱤ ᱵᱟᱦᱨᱮ ᱨᱮ ᱫᱤᱱᱮ ᱠᱷᱮᱢᱟᱣᱟ ᱛᱚᱵᱮ ᱟᱛᱚ ᱨᱮᱱ ᱢᱮᱫᱼᱟ ᱟᱹᱸᱫᱷᱣᱟᱹ ᱦᱚᱲ ᱫᱚ ᱢᱟᱨᱥᱟᱞ ᱰᱟᱦᱟᱨ ᱛᱮ ᱚᱠᱚᱭᱮ ᱟᱭᱩᱨ ᱞᱟᱦᱟ ᱠᱚᱟ?
train_santalimale_04622	wavs/train_santalimale_04622.wav	ᱴᱩᱤᱞᱟᱹ ᱣᱟᱜᱼᱟ ᱢᱚᱱᱮ ᱨᱮ ᱱᱚᱟ ᱠᱟᱛᱷᱟ ᱵᱷᱩᱞᱠᱟᱹᱩ ᱞᱮᱱ ᱛᱮᱜᱮ ᱱᱩᱠᱨᱤ ᱢᱮᱱ ᱫᱚ ᱵᱟᱭ ᱨᱮᱵᱮᱱ ᱞᱮᱱᱟ।
train_santalimale_04623	wavs/train_santalimale_04623.wav	ᱱᱚᱝᱠᱟ ᱞᱮᱠᱟ ᱪᱟᱥᱚ-ᱵᱟᱥ ᱥᱮᱡᱼᱟ ᱜᱮ ᱰᱷᱮᱨ ᱮ ᱢᱮᱫᱼᱟ ᱞᱩᱛᱩᱨᱟᱫᱟ।
train_santalimale_04624	wavs/train_santalimale_04624.wav	ᱟᱹᱰᱤ ᱡᱟᱹᱥᱛᱤ ᱥᱟᱸᱜᱮ ᱠᱟᱹᱢᱤ ᱤᱭᱟᱹᱛᱮ ᱟᱡᱼᱟ ᱢᱚᱛᱚ ᱵᱟᱝ ᱥᱟᱹᱛ ᱜᱟᱱ ᱠᱷᱟᱹᱛᱤᱨ ᱟᱯᱟᱛᱛᱮᱫᱼᱟ ᱞᱮᱠᱟ ᱜᱮ ᱜᱩᱛᱤ ᱢᱩᱱᱥᱤ ᱫᱚᱦᱚ ᱠᱮᱫᱼᱟ ᱠᱚᱟ।
train_santalimale_04625	wavs/train_santalimale_04625.wav	ᱚᱠᱛᱮ ᱨᱮ ᱵᱷᱟᱜᱮ ᱞᱮᱠᱟᱱᱟᱜᱼᱟ ᱪᱟᱥ ᱩᱯᱡᱟᱱ ᱠᱟᱛᱮ ᱚᱲᱟᱜᱼᱟ ᱯᱮᱨᱮᱡᱼᱟ ᱰᱷᱩᱞᱟᱹ ᱯᱮᱨᱮᱡᱼᱟ ᱮ ᱨᱟᱴᱚ-ᱨᱟᱴ ᱠᱮᱫᱟ।
train_santalimale_04626	wavs/train_santalimale_04626.wav	ᱦᱚᱲᱚ ᱪᱟᱣᱞᱮ ᱢᱟ ᱦᱮᱸ ᱜᱮ, ᱤᱱᱟᱹ ᱪᱷᱟᱰᱟ ᱜᱩᱦᱩᱢ, ᱛᱩᱲᱤ ᱵᱷᱤᱱᱟ ᱨᱚᱠᱚᱢ ᱩᱛᱩ ᱛᱮᱭᱟᱜᱼᱟ ᱟᱞᱩ, ᱵᱮᱸᱜᱟᱲ, ᱠᱩᱯᱷᱤ, ᱵᱤᱞᱟᱹᱛᱤ ᱦᱚᱸ ᱛᱟᱠ ᱱᱟᱹᱯᱤᱛ ᱵᱷᱟᱜᱮᱭᱮ ᱪᱟᱥᱟ।
train_santalimale_04627	wavs/train_santalimale_04627.wav	ᱚᱱᱟ ᱤᱭᱟᱹᱛᱮ ᱱᱚᱟ ᱠᱚ ᱠᱷᱚᱱ ᱴᱟᱠᱟ ᱯᱚᱭᱥᱟ ᱦᱚᱸ ᱟᱹᱰᱤᱭᱮ ᱨᱚᱡᱜᱟᱨ ᱡᱚᱝᱟ।
train_santalimale_04628	wavs/train_santalimale_04628.wav	ᱟᱠᱚ ᱮᱸᱜᱟ ᱦᱚᱯᱚᱱ ᱥᱟᱱᱟᱢᱟᱜᱼᱟ ᱛᱮᱭ ᱯᱮᱨᱮᱡᱼᱟ ᱯᱩᱨᱩᱱ ᱠᱮᱫᱼᱟ ᱠᱚᱟ।
train_santalimale_04629	wavs/train_santalimale_04629.wav	ᱟᱠᱚᱣᱟᱜᱼᱟ ᱡᱤᱭᱚᱱ ᱨᱮ ᱦᱟᱯᱲᱟᱢ ᱵᱤᱫᱟᱹᱞ ᱠᱟᱛᱷᱟ ᱜᱮᱭ ᱥᱟᱹᱵᱩᱫ ᱚᱨᱚᱢ ᱚᱪᱚ ᱠᱮᱫᱟ।
train_santalimale_04630	wavs/train_santalimale_04630.wav	ᱚᱱᱟ ᱤᱭᱟᱹᱛᱮ ᱡᱚᱢ ᱧᱩ ᱠᱟᱛᱮ ᱨᱟᱹᱥᱠᱟᱹ ᱨᱮ ᱢᱮᱱᱟᱜᱼᱟ ᱠᱚᱟ।
train_santalimale_04631	wavs/train_santalimale_04631.wav	ᱟᱡᱼᱟ ᱫᱟᱫᱟᱣᱟᱜᱼᱟ ᱱᱚᱟ ᱠᱚ ᱠᱟᱹᱢᱤ ᱧᱮᱞ ᱠᱟᱛᱮ ᱢᱤᱫᱼᱟ ᱫᱤᱱ ᱥᱩᱤᱞᱟᱹ ᱫᱚ ᱟᱡᱟᱨ ᱨᱮ ᱯᱟᱲᱟᱹᱣᱟᱠᱟᱱ ᱯᱟᱨᱠᱚᱢ ᱪᱚᱴ ᱠᱷᱚᱱ ᱮ ᱢᱮᱱ ᱮᱫᱟ, ᱦᱮᱱᱫᱟ ᱫᱟᱫᱟ! ᱟᱯᱮ ᱫᱚ ᱪᱮᱠᱟᱛᱮ ᱠᱩᱥᱤ ᱨᱟᱹᱥᱠᱟᱹ ᱛᱮᱯᱮ ᱛᱟᱦᱮᱸᱡᱚᱝ ᱠᱟᱱᱟ?
train_santalimale_04632	wavs/train_santalimale_04632.wav	ᱵᱟᱱᱟ ᱦᱚᱲᱟᱜᱼᱟ ᱜᱮᱛᱚ ᱵᱷᱟᱹᱜ ᱫᱚ ᱥᱚᱢᱟᱱᱚ-ᱥᱚᱢᱟᱱ ᱜᱮ ᱛᱟᱞᱟᱝᱟ।
train_santalimale_04633	wavs/train_santalimale_04633.wav	ᱩᱱ ᱨᱮ ᱴᱩᱤᱞᱟᱹ ᱱᱚᱟ ᱠᱟᱛᱷᱟᱭᱮ ᱨᱚᱲ ᱨᱩᱣᱟᱹᱲᱟᱫᱮ ᱛᱟᱦᱮᱸᱱᱟ।
train_santalimale_04634	wavs/train_santalimale_04634.wav	ᱱᱚᱟ ᱫᱷᱟᱹᱨᱛᱤ ᱨᱮ ᱢᱟᱱᱣᱟᱸ ᱦᱮᱡᱼᱟ ᱠᱟᱛᱮᱱ ᱟᱹᱰᱤ ᱩᱛᱟᱹᱨ ᱠᱚ ᱧᱟᱢ ᱥᱟᱢᱴᱟᱣ ᱡᱚᱝ ᱠᱟᱱᱟ।
train_santalimale_04635	wavs/train_santalimale_04635.wav	ᱡᱟᱦᱟᱸ ᱡᱤᱱᱤᱥ ᱠᱚ ᱧᱟᱢᱮᱫᱼᱟ ᱟᱨ ᱠᱚ ᱧᱮᱞᱮᱫᱼᱟ ᱚᱱᱟ ᱢᱚᱡᱡᱛᱮ ᱵᱟᱠᱚ ᱚᱨᱚᱢ ᱫᱟᱲᱮᱹᱭᱟᱜᱼᱟ ᱠᱟᱱᱟ ᱡᱮ, ᱚᱱᱟ ᱫᱚ ᱪᱮᱫᱼᱟ ᱠᱟᱱᱟ ᱢᱮᱱᱛᱮ?
train_santalimale_04636	wavs/train_santalimale_04636.wav	ᱢᱟᱱᱣᱟᱸ ᱟᱹᱰᱤ ᱞᱮᱠᱟᱱ ᱫᱟᱢᱟᱱ ᱡᱤᱱᱤᱥ ᱠᱚ ᱧᱮᱞᱮᱫᱟ।
train_santalimale_04637	wavs/train_santalimale_04637.wav	ᱚᱱᱟ ᱨᱮᱭᱟᱜᱼᱟ ᱫᱟᱢ ᱟᱨ ᱢᱚᱦᱚᱛ ᱵᱟᱝ ᱵᱩᱡᱷᱟᱹᱩ ᱠᱟᱛᱮ ᱠᱚ ᱤᱨᱪᱤ ᱜᱤᱰᱤ ᱠᱟᱜᱼᱟ ᱠᱟᱱᱟ।
train_santalimale_04638	wavs/train_santalimale_04638.wav	ᱢᱟ ᱫᱤᱥᱟᱹᱤ ᱢᱮᱸ ᱟᱢ ᱟᱢᱟᱜᱼᱟ ᱡᱤᱭᱚᱱ ᱨᱮ ᱛᱤᱱᱟᱹᱜᱼᱟ ᱢᱚᱧᱡ ᱟᱨ ᱵᱷᱟᱜᱮᱭᱟᱱᱟᱜᱼᱟ ᱡᱤᱱᱤᱥ ᱠᱚᱢ ᱤᱨᱪᱤ ᱜᱤᱰᱤᱭᱟᱠᱟᱫᱟ।
train_santalimale_04639	wavs/train_santalimale_04639.wav	ᱚᱱᱟ ᱤᱭᱟᱹᱛᱮ ᱟᱢ ᱦᱚᱸ ᱤᱨᱪᱤ ᱜᱤᱰᱤ ᱜᱷᱟᱰᱞᱟᱜᱼᱟ ᱨᱮᱢ ᱧᱩᱨᱦᱟᱹ ᱭᱮᱱᱟ।
train_santalimale_04640	wavs/train_santalimale_04640.wav	ᱢᱤᱫᱼᱟ ᱛᱟᱞᱟᱣ ᱥᱟᱨᱟ ᱜᱷᱟᱹᱲᱤᱹᱡᱼᱟ ᱜᱮᱨᱟᱝᱚ-ᱜᱮᱨᱟᱝ ᱛᱮᱜᱮ ᱥᱤᱧ ᱧᱤᱱᱫᱟᱹ ᱵᱤᱛᱟᱹᱩ ᱦᱩᱭᱩᱜᱼᱟ ᱠᱟᱱ ᱛᱟᱭᱟ।
train_santalimale_04641	wavs/train_santalimale_04641.wav	ᱟᱭᱟᱜᱼᱟ ᱡᱤᱭᱚᱱ ᱨᱮᱭᱟᱜᱼᱟ ᱟᱹᱰᱤ ᱜᱚᱴᱮᱱ ᱯᱟᱹᱦᱤᱞᱟᱜᱼᱟ ᱠᱟᱛᱷᱟ ᱠᱚᱭ ᱫᱤᱥᱟᱹᱭᱟ।
train_santalimale_04642	wavs/train_santalimale_04642.wav	ᱦᱩᱫᱤᱥ ᱨᱮᱭᱟᱜᱼᱟ ᱠᱷᱟᱹᱱᱫᱚᱨᱤᱧ ᱫᱚᱨᱭᱟ ᱨᱮᱭ ᱛᱩᱯᱩᱠᱚᱜᱼᱟ ᱠᱷᱟᱱ ᱯᱟᱨᱠᱚᱢ ᱨᱮ ᱫᱩᱰᱩᱯ ᱠᱟᱛᱮ ᱡᱚᱦᱟ ᱪᱟᱯᱚ ᱪᱷᱟᱰᱟ ᱢᱮᱫᱼᱟ ᱫᱟᱜᱼᱟ ᱞᱤᱸᱜᱤ ᱵᱮᱜᱚᱨ ᱵᱟᱭ ᱛᱟᱦᱮᱸᱱᱟ।
train_santalimale_04643	wavs/train_santalimale_04643.wav	ᱦᱟᱹᱬᱰᱤ ᱯᱟᱹᱩᱨᱟᱹ ᱨᱮᱭᱟᱜᱼᱟ ᱥᱮᱵᱮᱞ ᱪᱟᱠᱷᱟ ᱧᱟᱢ ᱠᱟᱛᱮ ᱟᱹᱰᱤ ᱩᱛᱟᱹᱨ ᱮ ᱟᱫᱼᱟ ᱚᱴᱚ ᱠᱟᱫᱟ।
train_santalimale_04644	wavs/train_santalimale_04644.wav	ᱡᱤᱭᱚᱱ ᱨᱮᱭ ᱧᱟᱢ ᱞᱮᱫᱼᱟ ᱦᱤᱨᱟᱹ-ᱢᱟᱹᱱᱤᱠ ᱡᱚᱲ ᱡᱟᱹᱱᱤᱡᱼᱟ ᱩᱱ ᱡᱚᱦᱚ ᱫᱚ ᱥᱩᱤᱞᱟᱹ ᱣᱟᱜᱼᱟ ᱢᱮᱫᱼᱟ ᱚᱱᱟ ᱠᱚ ᱡᱤᱱᱤᱥ ᱧᱮᱞᱛᱮ ᱟᱹᱸᱫᱷᱣᱟᱹ ᱟᱠᱟᱱ ᱛᱟᱭ ᱛᱟᱦᱮᱸᱱᱟ।
train_santalimale_04645	wavs/train_santalimale_04645.wav	ᱪᱮᱫᱼᱟ ᱠᱟᱹᱢᱤ ᱨᱮ ᱞᱟᱜᱟᱜᱼᱟ ᱟ, ᱛᱤᱱ ᱚᱠᱛᱮ ᱟᱨ ᱛᱤᱱᱟᱹᱜᱼᱟ ᱫᱤᱱ ᱦᱟᱹᱵᱤᱡᱼᱟ?
train_santalimale_04646	wavs/train_santalimale_04646.wav	ᱱᱚᱝᱠᱟᱱ ᱚᱞᱚᱜᱼᱟ ᱯᱟᱲᱦᱟᱜᱼᱟ ᱟᱠᱷᱚᱨ ᱚᱨᱚᱢ ᱟᱠᱟᱫᱼᱟ ᱦᱚᱲ ᱦᱚᱸ ᱡᱩᱫᱤ ᱟᱭᱟᱜᱼᱟ ᱵᱚᱜᱮ ᱵᱟᱹᱲᱤᱡᱼᱟ ᱟᱭᱚᱡᱼᱟ ᱛᱮ ᱵᱟᱭ ᱧᱮᱞᱟ, ᱵᱟᱭ ᱦᱩᱫᱤᱥ ᱧᱟᱢ ᱫᱟᱲᱮᱹᱭᱟᱜᱼᱟ ᱟ, ᱛᱚᱵᱮ ᱚᱠᱚᱭᱮ ᱦᱩᱫᱤᱥᱟ?
train_santalimale_04647	wavs/train_santalimale_04647.wav	ᱯᱩᱤᱞᱟᱹ ᱪᱟᱞᱟᱣ ᱨᱮᱜᱮ ᱩᱱᱤ ᱫᱚᱧ ᱧᱮᱞ ᱞᱮᱫᱮᱭᱟ।
train_santalimale_04648	wavs/train_santalimale_04648.wav	ᱢᱤᱫᱼᱟ ᱠᱟᱹᱴᱤᱡᱼᱟ ᱢᱤᱫᱼᱟ ᱠᱷᱟᱴᱚᱣᱟᱱ ᱦᱚᱲᱢᱚᱣᱟᱹᱱᱤᱡᱼᱟ ᱞᱟᱱᱫᱟ ᱠᱷᱟᱨᱥᱟᱞᱟᱜᱼᱟ ᱛᱮ ᱯᱮᱨᱮᱡᱼᱟ ᱢᱮᱸᱫᱼᱟᱦᱟᱸ, ᱜᱚᱞ ᱢᱩᱴᱷᱟᱹᱱ ᱯᱚᱠᱨᱚᱫᱼᱟ ᱡᱚᱦᱟ ᱵᱟᱹᱤᱦᱟᱹᱲ ᱯᱤᱬᱰᱦᱟᱹ।
train_santalimale_04649	wavs/train_santalimale_04649.wav	ᱢᱤᱫᱼᱟ ᱜᱷᱟᱹᱲᱤ ᱫᱩᱰᱩᱵᱼᱟ ᱛᱟᱭᱱᱚᱢ ᱢᱮᱞᱟᱹᱭ ᱥᱟᱹᱜᱟᱹᱤ ᱨᱚᱲ ᱟᱛᱮ ᱵᱟᱲᱜᱮ ᱥᱮᱡᱼᱟ ᱜᱟᱛᱮᱜᱼᱟ ᱢᱮᱱᱛᱮᱭ ᱤᱫᱤ ᱞᱤᱫᱤᱧᱟ।
train_santalimale_04650	wavs/train_santalimale_04650.wav	ᱵᱟᱲᱜᱮ ᱨᱮᱠᱚ ᱨᱚᱦᱚᱭᱟᱠᱟᱫᱼᱟ ᱵᱮᱸᱜᱟᱲ, ᱢᱟᱞᱦᱟᱱ, ᱵᱤᱞᱟᱹᱛᱤ, ᱯᱤᱯᱟᱹ ᱮᱢᱟᱱ ᱪᱟᱥ ᱯᱟᱹᱨᱤ-ᱯᱟᱹᱨᱤ ᱛᱮ ᱩᱫᱩᱜᱼᱟ ᱟᱹᱪᱩᱨᱟᱹᱫᱤᱧᱟᱭ।
train_santalimale_04651	wavs/train_santalimale_04651.wav	ᱟᱹᱞᱤᱧᱟᱜᱼᱟ ᱧᱟᱯᱟᱢ ᱜᱟᱞᱢᱟᱨᱟᱣ ᱟᱭᱢᱟ ᱜᱷᱟᱹᱲᱤᱡᱼᱟ ᱵᱟᱝ ᱦᱚᱭ ᱞᱮᱱ ᱛᱮ ᱩᱱᱤᱭᱟᱜᱼᱟ ᱢᱚᱱᱮ ᱨᱮ ᱜᱟᱛᱮᱜᱼᱟ ᱜᱟᱞᱢᱟᱨᱟᱣ ᱨᱮᱭᱟᱜᱼᱟ ᱴᱮᱴᱣᱟᱥ ᱫᱚ ᱵᱟᱝ ᱪᱟᱵᱟ ᱞᱮᱱ ᱛᱟᱭᱟ।
train_santalimale_04652	wavs/train_santalimale_04652.wav	ᱤᱧᱟᱹᱜᱼᱟ ᱢᱚᱱᱮ ᱨᱮᱦᱚᱸ ᱟᱥ ᱫᱚ ᱛᱟᱦᱮᱸᱭᱮᱱ ᱜᱮᱭᱟ।
train_santalimale_04653	wavs/train_santalimale_04653.wav	ᱩᱱᱤ ᱥᱚᱛᱮᱡᱼᱟ ᱟᱨ ᱦᱚᱸ ᱧᱟᱯᱟᱢ ᱫᱚᱦᱲᱟᱹᱜᱼᱟ ᱞᱟᱹᱜᱤᱫᱼᱟ, ᱢᱮᱱᱠᱷᱟᱱ ᱦᱟᱞᱟᱠ ᱜᱮ ᱱᱚᱝᱠᱟᱭ ᱡᱟᱱᱟᱢ ᱚᱪᱚ ᱠᱮᱫᱟ ᱚᱠᱟ ᱫᱚ ᱟᱹᱰᱤ ᱴᱩᱝ ᱚᱠᱛᱮ ᱨᱮ ᱟᱹᱞᱤᱧ ᱵᱟᱯᱟᱜ ᱠᱮᱫᱼᱟ ᱞᱤᱧ।
train_santalimale_04654	wavs/train_santalimale_04654.wav	ᱛᱚᱵᱮ ᱤᱧ ᱫᱚ ᱩᱱᱤᱭᱟᱜᱼᱟ ᱠᱟᱛᱷᱟ ᱜᱮᱧ ᱞᱟᱹᱞᱟᱹᱤ ᱠᱟᱱᱟ।
train_santalimale_04655	wavs/train_santalimale_04655.wav	ᱛᱚᱵᱮ ᱦᱚᱲ ᱫᱚ ᱵᱷᱩᱛᱟᱹᱲ ᱠᱚ ᱦᱚᱦᱚᱣᱟᱭ ᱠᱟᱱ ᱛᱟᱦᱮᱸᱱᱟ।
train_santalimale_04656	wavs/train_santalimale_04656.wav	ᱟᱠᱚ ᱚᱲᱟᱜᱼᱟ ᱨᱮᱱ ᱟᱨ ᱯᱮᱲᱟᱹ ᱠᱚ ᱦᱚᱸ ᱱᱚᱟ ᱧᱩᱛᱩᱢ ᱛᱮᱜᱮ ᱠᱚ ᱦᱚᱦᱚᱣᱟᱭ ᱠᱟᱱ ᱛᱟᱦᱮᱸᱱᱟ।
train_santalimale_04657	wavs/train_santalimale_04657.wav	ᱠᱟᱛᱷᱟ ᱫᱚ ᱩᱱ ᱚᱠᱛᱮ ᱨᱮᱭᱟᱜᱼᱟ ᱠᱟᱱᱟ ᱚᱱᱟ ᱟᱡᱼᱟ ᱫᱤᱫᱤ ᱧᱮᱞᱤᱧ ᱥᱮᱱ ᱞᱮᱱ।
train_santalimale_04658	wavs/train_santalimale_04658.wav	ᱟᱡᱼᱟ ᱫᱤᱫᱤ ᱫᱚ ᱟᱡᱼᱟ ᱫᱤᱫᱤ ᱜᱮ, ᱢᱮᱱᱠᱷᱟᱱ ᱢᱤᱫᱼᱟ ᱛᱩᱠᱟᱹ ᱟᱡᱼᱟ ᱫᱤᱫᱤ ᱩᱛᱟᱹᱨ ᱫᱚ ᱵᱟᱝ ᱟᱨ ᱵᱟᱝ ᱠᱷᱟᱱ ᱫᱚ ᱦᱮᱸ ᱜᱮ।
train_santalimale_04659	wavs/train_santalimale_04659.wav	ᱠᱟᱹᱴᱤᱡᱼᱟ ᱨᱮ ᱟᱡᱼᱟ ᱵᱟᱹᱵᱟᱹᱭᱮ ᱦᱟᱥᱟ ᱫᱷᱩᱲᱤᱭᱮᱱ ᱛᱟᱭᱚᱢ ᱟᱡᱼᱟ ᱢᱟᱨᱟᱝ ᱜᱚ ᱛᱟᱹᱠᱤᱱ ᱫᱟᱭᱟ ᱧᱮᱞ ᱛᱮ ᱟᱨ ᱟᱹᱠᱤᱞ ᱦᱟᱢᱮᱴ ᱚᱪᱚᱭᱮ ᱞᱟᱹᱜᱤᱫᱼᱟ ᱛᱮ ᱟᱠᱚ ᱚᱲᱟᱜᱼᱟ ᱠᱷᱚᱱ ᱠᱤᱱ ᱟᱜᱩ ᱞᱮᱫᱮᱭᱟ।
train_santalimale_04660	wavs/train_santalimale_04660.wav	ᱱᱚᱠᱚ ᱫᱚ ᱠᱚᱥᱴᱚ ᱫᱚ ᱪᱮᱫᱼᱟ ᱛᱮᱜᱮ ᱵᱟᱹᱱᱩᱜᱼᱟ ᱠᱚᱟ।
train_santalimale_04661	wavs/train_santalimale_04661.wav	ᱠᱚᱥᱴᱚ ᱫᱚ ᱠᱷᱟᱹᱞᱤ ᱦᱚᱲ ᱛᱮᱜᱮ ᱟᱨ ᱦᱚᱸ ᱠᱷᱟᱥ ᱠᱟᱭ ᱛᱮᱫᱚ ᱥᱮᱸᱲᱟ ᱦᱚᱲ ᱛᱮ।
train_santalimale_04662	wavs/train_santalimale_04662.wav	ᱮᱱ ᱨᱮᱦᱚᱸ ᱟᱡᱼᱟ ᱜᱚ ᱦᱩᱫᱤᱥᱟᱱ ᱦᱚᱲ ᱤᱭᱟᱹᱛᱮ ᱪᱟᱥᱚ-ᱵᱟᱥ ᱧᱮᱧᱮᱞ ᱛᱩᱞᱩᱡᱼᱟ ᱜᱤᱫᱨᱟᱹ ᱠᱚ ᱡᱚᱛᱚᱱ ᱡᱚᱜᱟᱣ ᱛᱩᱞᱩᱡᱼᱟ ᱵᱷᱟᱜᱮ ᱴᱷᱤᱠ ᱥᱩᱠᱚ-ᱥᱩᱵᱤᱛᱟ, ᱠᱩᱥᱤ-ᱨᱟᱹᱥᱠᱟᱹ ᱛᱮᱜᱮ ᱫᱤᱱ ᱫᱚᱠᱚ ᱠᱷᱮᱢᱟᱣᱮᱫᱼᱟ ᱠᱟᱱᱟ।
train_santalimale_04663	wavs/train_santalimale_04663.wav	ᱟᱡᱼᱟ ᱫᱤᱫᱤ ᱛᱟᱹᱠᱤᱱ ᱵᱟᱨᱭᱟ ᱟᱨ ᱵᱚᱠᱚᱛ ᱠᱚᱲᱟ ᱢᱤᱫᱼᱟᱴᱮᱱ।
train_santalimale_04664	wavs/train_santalimale_04664.wav	ᱥᱚᱝᱥᱟᱨ ᱨᱮᱭᱟᱜᱼᱟ ᱵᱚᱡᱦᱟ ᱨᱟᱣᱟᱞ ᱞᱟᱹᱜᱤᱫᱼᱟ ᱛᱮᱜᱮ ᱟᱡᱼᱟ ᱢᱟᱨᱟᱝ ᱜᱚ ᱫᱚ ᱵᱷᱩᱛᱟᱹᱲ ᱟᱠᱚ ᱚᱲᱟᱜᱼᱟ ᱛᱮᱭ ᱟᱹᱜᱩ ᱠᱮᱫᱮᱭᱟ।
train_santalimale_04665	wavs/train_santalimale_04665.wav	ᱟᱨ ᱛᱷᱚᱲᱟᱹ ᱫᱤᱱ ᱛᱟᱭᱚᱢ ᱩᱱᱤ ᱵᱚᱠᱚᱛᱛᱮᱫᱼᱟ ᱦᱚᱸ ᱠᱚ ᱟᱹᱜᱩ ᱠᱮᱫᱮᱭᱟ।
train_santalimale_04666	wavs/train_santalimale_04666.wav	ᱜᱩᱛᱤ-ᱢᱟᱹᱦᱤᱱᱫᱟᱨ ᱥᱮ ᱠᱟᱹᱢᱤ ᱜᱚᱲᱚ ᱞᱟᱹᱜᱤᱫᱼᱟ ᱛᱮᱫᱚ ᱵᱟᱝ ᱵᱤᱪᱠᱚᱢ ᱚᱞᱚᱜᱼᱟ ᱦᱟᱢᱮᱴ ᱚᱪᱚᱠᱤᱱ ᱞᱟᱹᱜᱤᱫᱼᱟ ᱛᱮ।
train_santalimale_04667	wavs/train_santalimale_04667.wav	ᱯᱟᱹᱦᱤᱞ ᱧᱮᱞ ᱨᱮᱫᱚᱧ ᱟᱱᱫᱦᱟ ᱞᱮᱱ ᱜᱮᱭᱟ।
train_santalimale_04668	wavs/train_santalimale_04668.wav	ᱪᱮᱫᱟᱜᱼᱟ ᱡᱮ ᱦᱚᱲ ᱦᱚᱲᱢᱚ ᱟᱨ ᱢᱮᱸᱫᱼᱟᱦᱟᱸ ᱢᱩᱴᱷᱟᱹᱱ ᱢᱤᱫᱼᱟ ᱜᱮᱧ ᱧᱮᱞ ᱠᱮᱫᱼᱟ ᱛᱟᱠᱚᱟ ᱟᱨ ᱢᱤᱫᱼᱟ ᱧᱚᱜᱼᱟ ᱜᱮᱛᱟ ᱠᱚᱟ।
train_santalimale_04669	wavs/train_santalimale_04669.wav	ᱡᱟᱦᱟᱸ ᱞᱟᱹᱜᱤᱫᱼᱟ ᱤᱧ ᱥᱮᱱ ᱞᱮᱱ ᱟᱨ ᱡᱟᱦᱟᱸᱭ ᱧᱮᱞᱤᱧ ᱢᱮᱱ ᱞᱮᱫᱼᱟ ᱩᱱᱤ ᱢᱟ ᱵᱷᱟᱞᱟ ᱢᱚᱧᱡ ᱛᱮᱦᱚᱸ ᱵᱟᱹᱧ ᱧᱮᱞ ᱫᱟᱲᱮᱹᱭᱟᱫᱮ।
train_santalimale_04670	wavs/train_santalimale_04670.wav	ᱵᱟᱝ ᱫᱚ ᱯᱟᱹᱦᱤᱞᱚ-ᱯᱟᱹᱦᱤᱞ ᱤᱭᱟᱹᱛᱮ ᱟᱨ ᱵᱟᱝ ᱫᱚ ᱞᱟᱡᱟᱣ ᱟᱹᱱᱟᱹᱲᱤ ᱛᱮ।
train_santalimale_04671	wavs/train_santalimale_04671.wav	ᱱᱚᱡᱚᱨ ᱢᱟ ᱵᱷᱟᱞᱟ ᱰᱷᱟᱝᱮᱱ ᱛᱤᱧ ᱩᱱᱤ ᱵᱷᱩᱛᱟᱹᱲ ᱴᱷᱮᱱ ᱜᱮ ᱟᱨ ᱟᱡᱼᱟ ᱫᱤᱫᱤ ᱠᱚᱭᱚᱜᱼᱟ ᱟᱭ ᱢᱟ ᱵᱩᱡᱩᱨ ᱧᱩᱨᱦᱟᱹᱣᱟᱹᱫᱤᱧ ᱞᱮᱠᱟᱧ ᱟᱴᱠᱟᱨ ᱠᱮᱫᱼᱟ, ᱠᱟᱡᱮ ᱛᱮ ᱧᱩᱸᱰᱩ-ᱧᱩᱸᱰᱩᱧ ᱵᱮᱸᱜᱮᱫᱼᱟ ᱦᱟᱯᱮ ᱠᱟᱫᱟ।
train_santalimale_04672	wavs/train_santalimale_04672.wav	ᱢᱚᱱᱮ ᱨᱮᱫᱚ ᱪᱷᱟᱯᱮᱱ ᱛᱤᱧᱟᱹ ᱩᱱᱤ ᱵᱷᱩᱛᱟᱹᱝᱟᱜᱼᱟ ᱪᱮᱦᱨᱟ ᱚᱱᱛᱚᱨ ᱨᱮᱫᱚ ᱴᱷᱟᱸᱣᱮ ᱦᱟᱢᱮᱴ ᱠᱮᱫᱟ ᱨᱚᱲ ᱞᱟᱱᱫᱟ ᱜᱟᱞᱢᱟᱨᱟᱣ ᱨᱮᱭᱟᱜᱼᱟ ᱜᱚᱱᱚᱲ।
train_santalimale_04673	wavs/train_santalimale_04673.wav	ᱢᱤᱫᱼᱟ ᱟᱹᱱᱟᱹᱲᱤ ᱦᱚᱲ ᱥᱚᱛᱮᱡᱼᱟ ᱱᱩᱱᱟᱹᱜᱼᱟ ᱢᱚᱧᱡ ᱮ ᱜᱟᱞᱢᱟᱨᱟᱣ ᱠᱮᱫᱟ।
train_santalimale_04674	wavs/train_santalimale_04674.wav	ᱤᱧ ᱫᱚᱧ ᱵᱷᱟᱹᱰᱩᱢ ᱩᱛᱟᱹᱨᱮᱱᱟ।
train_santalimale_04675	wavs/train_santalimale_04675.wav	ᱱᱩᱱᱟᱹᱜᱼᱟ ᱢᱚᱧᱡ ᱢᱤᱞᱟᱹᱣᱮᱱᱟ ᱫᱟᱜᱼᱟ ᱛᱚᱟ ᱞᱮᱠᱟ।
train_santalimale_04676	wavs/train_santalimale_04676.wav	ᱩᱱᱤᱭᱟᱜᱼᱟ ᱜᱟᱞᱢᱟᱨᱟᱣ ᱟᱧᱡᱚᱢ ᱠᱟᱛᱮ ᱱᱩᱱᱟᱹᱜᱼᱟ ᱤᱧ ᱢᱟᱹᱞᱩᱝ ᱮᱱᱟ।
train_santalimale_04677	wavs/train_santalimale_04677.wav	ᱢᱮᱱ ᱩᱛᱟᱹᱨ ᱠᱤᱫᱟᱹᱧ ᱵᱟᱝ ᱫᱚᱠᱚ ᱞᱟᱹᱤ ᱥᱤᱠᱷᱟᱹᱩ ᱢᱟᱲᱟᱹᱝ ᱟᱠᱟᱣᱟᱫᱮ ᱛᱟᱦᱮᱸ ᱟᱨ ᱵᱟᱝ ᱫᱚ ᱟᱡᱼᱟ ᱢᱟᱨᱟᱝ ᱜᱚ ᱢᱟᱨᱟᱝ ᱵᱟ ᱛᱟᱹᱠᱤᱱᱟᱜᱼᱟ ᱜᱮᱭ ᱪᱮᱸᱜᱚᱫᱼᱟ ᱪᱤᱭᱟᱹᱣᱟᱠᱟᱫᱼᱟ।
train_santalimale_04678	wavs/train_santalimale_04678.wav	ᱦᱩᱭᱩᱜᱼᱟ ᱟ ᱟᱡᱼᱟ ᱜᱚ-ᱵᱟᱵᱟ ᱛᱟᱹᱠᱤᱱᱟᱜᱼᱟ ᱨᱚᱲ ᱜᱟᱞᱢᱟᱨᱟᱣ ᱦᱚᱸ ᱵᱷᱟᱜᱮ ᱜᱮᱭᱟ।
train_santalimale_04679	wavs/train_santalimale_04679.wav	ᱚᱱᱟᱹ ᱤᱭᱟᱹᱛᱮᱜᱮ ᱯᱟᱥᱮᱡᱼᱟ ᱱᱩᱱᱟᱹᱜᱼᱟ ᱵᱷᱟᱜᱮ-ᱵᱷᱟᱜᱮ ᱢᱚᱧᱡ ᱱᱟᱯᱟᱭ ᱜᱟᱞᱢᱟᱨᱟᱣ ᱫᱚᱭ ᱥᱮᱸᱲᱟᱹᱸᱣᱟᱠᱟᱫᱼᱟ।
train_santalimale_04680	wavs/train_santalimale_04680.wav	ᱮᱱᱛᱮ ᱜᱤᱫᱨᱟᱹ ᱠᱚᱢᱟ ᱨᱚᱲᱚ-ᱨᱚᱯᱚᱲ, ᱟᱪᱟᱨᱚ-ᱵᱮᱣᱦᱟᱨ ᱢᱟ ᱯᱩᱤᱥᱟᱹ ᱮᱸᱜᱟᱛᱚ-ᱟᱯᱟᱛ ᱴᱷᱮᱱ ᱠᱷᱚᱱ ᱜᱮᱢᱟ ᱠᱚ ᱥᱮᱸᱲᱟᱭᱮᱫᱼᱟ।
train_santalimale_04681	wavs/train_santalimale_04681.wav	ᱫᱤᱱ ᱫᱚ ᱯᱟᱨᱚᱢ ᱪᱟᱞᱟᱜᱼᱟ ᱠᱟᱱᱟ ᱟᱨ ᱫᱤᱱ ᱦᱚᱸ ᱦᱮᱡᱼᱟ ᱵᱚᱞᱚᱜᱼᱟ ᱠᱟᱱᱟ।
train_santalimale_04682	wavs/train_santalimale_04682.wav	ᱚᱱᱟᱹ ᱞᱮᱠᱟ ᱢᱟᱹᱦᱱᱟᱹ ᱦᱚᱸ ᱯᱟᱨᱚᱢ ᱪᱟᱞᱟᱜᱼᱟ ᱠᱟᱱᱟ ᱟᱨ ᱢᱟᱹᱦᱱᱟᱹ ᱦᱚᱸ ᱦᱮᱡᱼᱟ ᱵᱚᱞᱚᱜᱼᱟ ᱠᱟᱱᱟ।
train_santalimale_04683	wavs/train_santalimale_04683.wav	ᱢᱮᱱᱠᱷᱟᱱ ᱱᱩᱱ ᱫᱤᱱ ᱯᱟᱨᱚᱢ ᱪᱟᱞᱟᱜᱼᱟ ᱠᱟᱱ ᱨᱮᱦᱚᱸ ᱩᱱᱤᱭᱟᱜᱼᱟ ᱩᱢᱩᱞ ᱪᱷᱟᱯ ᱫᱚ ᱤᱧᱟᱹᱜᱼᱟ ᱚᱱᱛᱚᱨ ᱨᱮ ᱟᱨ ᱜᱮ ᱵᱚᱞᱚ ᱪᱟᱞᱟᱜᱼᱟ ᱠᱟᱱᱟ।
train_santalimale_04684	wavs/train_santalimale_04684.wav	ᱟᱨ, ᱧᱟᱯᱟᱢᱚᱜᱼᱟ ᱨᱮᱭᱟᱜᱼᱟ ᱴᱮᱴᱣᱟᱥ ᱦᱚᱸ ᱥᱟᱨᱥᱮ ᱪᱟᱞᱟᱜᱼᱟ ᱠᱟᱱᱟ।
train_santalimale_04685	wavs/train_santalimale_04685.wav	ᱤᱧ ᱫᱚ ᱵᱟᱹᱧ ᱵᱟᱰᱟᱭ ᱫᱟᱲᱮᱭᱟᱜᱼᱟ ᱠᱟᱱᱟ ᱟᱭᱟᱜᱼᱟ ᱢᱚᱱᱮ ᱨᱮᱭᱟᱜᱼᱟ ᱦᱟᱞᱪᱟᱞ, ᱪᱮᱠ ᱤᱧ ᱞᱮᱠᱟ ᱜᱮ ᱩᱱᱤᱭᱟᱜᱼᱟ ᱦᱚᱸ ᱚᱱᱛᱚᱨ ᱫᱟᱨᱦᱟ ᱠᱷᱟᱞᱵᱟᱞᱟᱜᱼᱟ ᱠᱟᱱ ᱛᱟᱭᱟ?
train_santalimale_04686	wavs/train_santalimale_04686.wav	ᱮᱱᱛᱮ ᱟᱹᱞᱤᱧ ᱛᱟᱞᱟ ᱨᱮ ᱢᱤᱫᱼᱟ ᱧᱮᱯᱮᱞ ᱜᱮ ᱦᱚᱭ ᱞᱮᱱᱟ।
train_santalimale_04687	wavs/train_santalimale_04687.wav	ᱤᱱᱟᱹ ᱛᱟᱭᱚᱢ ᱟᱯᱟᱛ ᱵᱟᱨᱟᱜ ᱜᱮ।
train_santalimale_04688	wavs/train_santalimale_04688.wav	ᱟᱹᱞᱤᱧ ᱞᱤᱧ ᱟᱯᱟᱛ ᱮᱱ ᱨᱮᱦᱚᱸ ᱪᱮᱫᱼᱟ?
train_santalimale_04689	wavs/train_santalimale_04689.wav	ᱥᱤᱥᱤᱨᱡᱟᱹᱣᱤᱡᱼᱟ ᱫᱚ ᱚᱠᱚᱭ ᱥᱚᱛᱮᱡᱼᱟ ᱦᱚᱸ ᱵᱟᱭ ᱟᱯᱟᱫᱼᱟ ᱟ।
train_santalimale_04690	wavs/train_santalimale_04690.wav	ᱟᱯᱟᱫᱚᱜᱼᱟ ᱨᱮᱦᱚᱸᱭ ᱧᱮᱯᱮᱞ ᱨᱩᱣᱟᱹᱲᱚᱜᱼᱟ ᱜᱮᱭᱟᱢ।
train_santalimale_04691	wavs/train_santalimale_04691.wav	ᱚᱱᱟ ᱤᱭᱟᱹᱛᱮ ᱩᱱᱤᱭᱟᱜᱼᱟ ᱞᱤᱠᱷᱚᱱ ᱟᱨ ᱦᱩᱠᱩᱢ ᱫᱚ ᱚᱠᱚᱭ ᱦᱚᱸ ᱵᱟᱝ ᱠᱚ ᱡᱚᱫᱼᱟ ᱡᱮᱨᱮᱲ ᱫᱟᱲᱮᱭᱟᱜᱼᱟ ᱟ।
train_santalimale_04692	wavs/train_santalimale_04692.wav	ᱟᱨ, ᱱᱚᱝᱠᱟ ᱞᱮᱠᱟ ᱵᱟᱝ ᱦᱚᱭᱮᱱ ᱛᱮ ᱪᱚᱲᱟᱝ ᱞᱟᱦᱟ ᱭᱮᱱᱟ।
train_santalimale_04693	wavs/train_santalimale_04693.wav	ᱵᱟᱨ ᱪᱟᱸᱫᱚ ᱛᱟᱭᱚᱢ ᱟᱹᱰᱤ ᱟᱪᱠᱟ ᱜᱮ ᱧᱟᱯᱟᱢ ᱦᱚᱭᱮᱱ ᱛᱟᱹᱞᱤᱧᱟ।
train_santalimale_04694	wavs/train_santalimale_04694.wav	ᱤᱧ ᱫᱚ ᱵᱟᱡᱟᱨ ᱛᱮᱧ ᱪᱟᱞᱟᱣ ᱞᱮᱱᱟ ᱟᱨ ᱟᱡᱼᱟ ᱫᱚ ᱤᱥᱠᱩᱞᱮ ᱪᱟᱞᱟᱜᱼᱟ ᱠᱟᱱ ᱛᱟᱦᱮᱸᱱᱟ।
train_santalimale_04695	wavs/train_santalimale_04695.wav	ᱟᱡᱼᱟ ᱜᱮᱭ ᱨᱚᱲ ᱞᱟᱦᱟ ᱠᱮᱫᱟ ᱪᱮᱫᱼᱟ ᱢᱮᱱᱠᱟᱛᱮ ᱪᱚ?
train_santalimale_04696	wavs/train_santalimale_04696.wav	ᱪᱮᱫᱼᱟ ᱥᱟᱹᱜᱟᱹᱤ ᱟᱛᱮ ᱪᱚᱭ ᱦᱚᱦᱚ ᱫᱟᱨᱟᱢ ᱠᱮᱫᱮᱧ ᱵᱷᱟᱜᱮ ᱢᱚᱧᱡ ᱛᱮᱫᱚ ᱵᱟᱹᱧ ᱟᱧᱡᱚᱢ ᱴᱷᱤᱠ ᱞᱮᱫᱟ।
train_santalimale_04697	wavs/train_santalimale_04697.wav	ᱵᱟᱡᱟᱨ ᱨᱮᱭᱟᱜᱼᱟ ᱮᱴᱟᱜᱼᱟ ᱟᱲᱟᱹᱝ ᱠᱚ ᱠᱷᱟᱛᱤᱨ!
train_santalimale_04698	wavs/train_santalimale_04698.wav	ᱩᱱᱤᱭᱟᱜᱼᱟ ᱨᱚᱲ ᱜᱟᱞᱢᱟᱨᱟᱣ ᱛᱮ ᱱᱩᱱᱟᱹᱜᱼᱟ ᱤᱧ ᱢᱩᱦᱤᱱᱤᱭᱮᱱᱟ ᱢᱮᱛᱟᱜᱼᱟ ᱢᱮᱸ ᱯᱩᱤᱞᱟᱹ ᱵᱩᱦᱱᱤ ᱨᱮᱜᱮ, ᱩᱱᱤ ᱵᱟᱹᱜᱤᱣᱟᱭ ᱜᱮ ᱵᱟᱹᱧ ᱢᱮᱱᱮᱫᱟ।
train_santalimale_04699	wavs/train_santalimale_04699.wav	ᱟᱨ, ᱟᱹᱰᱤ ᱜᱚᱴᱮᱱ ᱠᱟᱛᱷᱟ ᱠᱚᱞᱤᱧ ᱜᱟᱯᱟᱞᱢᱟᱨᱟᱣ ᱠᱮᱫᱼᱟ ᱟ।
train_santalimale_04700	wavs/train_santalimale_04700.wav	ᱤᱧ ᱫᱚ ᱚᱞᱚᱜᱼᱟ ᱯᱟᱲᱦᱟᱜᱼᱟ ᱵᱟᱠᱷᱨᱟ ᱛᱮᱜᱮ ᱠᱟᱛᱷᱟ ᱠᱚᱧ ᱞᱟᱹᱤ ᱵᱟᱲᱟᱣᱟᱫᱮᱭᱟ।
train_santalimale_04701	wavs/train_santalimale_04701.wav	ᱚᱞᱚᱜᱼᱟ ᱯᱟᱲᱦᱟᱜᱼᱟ ᱫᱚ ᱵᱷᱟᱜᱮ ᱢᱚᱧᱡ ᱛᱮ, ᱢᱚᱱᱮ ᱞᱟᱜᱟᱣ ᱠᱟᱛᱮ ᱥᱮᱸᱰᱟᱭ ᱢᱮ।
train_santalimale_04702	wavs/train_santalimale_04702.wav	ᱱᱚᱟ ᱫᱚ ᱱᱚᱝᱠᱟᱱ ᱟᱹᱠᱤᱞ ᱠᱟᱱᱟ, ᱱᱚᱝᱠᱟᱱ ᱛᱟᱨᱟᱥ ᱠᱟᱱᱟ ᱚᱠᱟ ᱫᱚ ᱫᱩᱱᱤᱭᱟᱹ ᱢᱟᱨᱥᱟᱞᱚᱜᱼᱟ ᱠᱟᱱ।
train_santalimale_04703	wavs/train_santalimale_04703.wav	ᱤᱧᱟᱜᱼᱟ ᱠᱟᱛᱷᱟ ᱫᱚ ᱟᱹᱰᱤ ᱜᱮ ᱫᱷᱮᱭᱟᱱᱚ-ᱜᱮᱭᱟᱱ ᱠᱟᱛᱮᱭᱮ ᱟᱧᱡᱚᱢ ᱠᱮᱫᱟ।
train_santalimale_04704	wavs/train_santalimale_04704.wav	ᱡᱟᱹᱥᱛᱤ ᱚᱠᱛᱮ ᱵᱟᱝ ᱛᱟᱦᱮᱸᱠᱟᱱ ᱠᱷᱟᱛᱤᱨ ᱤᱧ ᱜᱮ ᱤᱥᱠᱩᱞ ᱥᱮᱡᱼᱟ ᱩᱥᱟᱹᱨᱟᱛᱮ ᱪᱟᱞᱟᱜᱼᱟ ᱤᱧ ᱢᱮᱛᱟᱣᱟᱫᱮᱭᱟ।
train_santalimale_04705	wavs/train_santalimale_04705.wav	ᱫᱤᱱ ᱦᱚᱸ ᱥᱮᱴᱮᱨᱮᱱᱟ, ᱠᱟᱛᱷᱟ ᱦᱚᱸ ᱜᱚᱴᱟᱭᱮᱱᱟ, ᱢᱚᱱᱮ-ᱢᱚᱱᱮ ᱛᱮᱭ ᱟᱥ ᱞᱮᱱ ᱚᱱᱟ ᱟᱥ ᱠᱚᱭᱚᱜᱼᱟ ᱨᱮᱭ ᱛᱟᱲᱟᱹᱸᱜᱼᱟ ᱞᱮᱱ, ᱚᱱᱟ ᱟᱥ ᱦᱚᱸ ᱯᱩᱨᱟᱹᱣᱮᱱ ᱛᱟᱭᱟ।
train_santalimale_04706	wavs/train_santalimale_04706.wav	ᱚᱱᱮ ᱟᱡᱼᱟ ᱢᱟᱨᱟᱝ ᱜᱚ ᱛᱟᱠᱚ ᱟᱛᱚ ᱨᱟᱡᱟᱱᱚ-ᱵᱟᱡᱟᱱ ᱠᱟᱛᱮ ᱞᱮ ᱥᱮᱴᱮᱨ ᱞᱮᱱ, ᱚᱱᱮ ᱯᱮᱴᱮᱨ ᱢᱟᱫᱼᱟ ᱡᱷᱩᱲ ᱥᱮᱡᱼᱟ ᱞᱮᱠᱟᱛᱮ ᱠᱩᱞᱦᱤ ᱢᱩᱪᱟᱹᱫᱼᱟ ᱩᱞ ᱵᱩᱴᱟᱹ।
train_santalimale_04707	wavs/train_santalimale_04707.wav	ᱩᱱ ᱫᱚ ᱵᱷᱩᱛᱟᱹᱝᱟᱜᱼᱟ ᱢᱚᱱ ᱥᱟᱵᱟᱥᱤ ᱟᱨ ᱟᱥ ᱛᱮ ᱥᱟᱨᱮᱲᱚ-ᱵᱩᱦᱮᱞ ᱞᱮᱱ ᱛᱟᱭᱟ।
train_santalimale_04708	wavs/train_santalimale_04708.wav	ᱵᱟᱝ ᱫᱚ ᱱᱟᱣᱟᱸ-ᱱᱟᱣᱟᱸ ᱤᱭᱟᱹᱛᱮ ᱞᱟᱡᱟᱣᱮᱱ ᱛᱮᱭ ᱵᱟᱡᱟᱣᱮᱱ ᱞᱮᱠᱟᱹᱭ ᱟᱹᱤᱠᱟᱹᱩ ᱞᱮᱫᱼᱟ ᱟᱨ ᱵᱟᱝ ᱫᱚ ᱟᱭᱢᱟ ᱦᱚᱲ ᱵᱷᱤᱲ ᱤᱭᱟᱹᱛᱮ।
train_santalimale_04709	wavs/train_santalimale_04709.wav	ᱵᱷᱟᱜᱮ ᱥᱟᱸᱧᱪ ᱵᱟᱹᱧ ᱵᱩᱡ ᱫᱟᱲᱮᱭᱟᱫᱟ।
train_santalimale_04710	wavs/train_santalimale_04710.wav	ᱢᱮᱱᱠᱷᱟᱱ ᱤᱧᱟᱹᱜᱼᱟ ᱦᱚᱸ ᱢᱚᱱ ᱨᱮᱫᱚ ᱟᱥ ᱛᱟᱦᱮᱸᱞᱮᱱᱟ ᱵᱟᱝ ᱫᱚ ᱥᱟᱢᱱᱟ-ᱥᱟᱹᱢᱱᱤ ᱞᱤᱭ ᱧᱟᱯᱟᱢ ᱫᱟᱲᱮᱭᱟᱜᱼᱟ ᱪᱚ ᱵᱟᱝ ᱪᱚ।
train_santalimale_04711	wavs/train_santalimale_04711.wav	ᱢᱟᱱᱣᱟᱸᱣᱟᱜᱼᱟ ᱢᱚᱱᱮ ᱞᱮᱠᱟ ᱛᱮᱫᱚ ᱪᱮᱫᱼᱟ ᱜᱮ ᱵᱟᱝ ᱦᱩᱭᱩᱜᱼᱟ ᱟ।
train_santalimale_04712	wavs/train_santalimale_04712.wav	ᱪᱟᱸᱫᱚ ᱢᱮᱱ ᱞᱮᱠᱟ ᱛᱮᱜᱮ ᱥᱟᱱᱟᱢᱟᱜᱼᱟ ᱦᱩᱭᱩᱜᱼᱟ ᱟ ᱟᱨ ᱪᱟᱸᱫᱚᱭᱮ ᱢᱮᱱ ᱠᱮᱫᱼᱟ ᱛᱮᱜᱮ ᱚᱱᱮ ᱟᱡᱼᱟ ᱢᱟᱨᱟᱝ ᱜᱚ ᱛᱟᱠᱚ ᱪᱷᱟᱴᱠᱟ ᱠᱩᱞᱦᱤ ᱨᱮᱫᱚ ᱥᱟᱫᱚᱢ ᱪᱮᱛᱟᱱ ᱠᱷᱚᱱ ᱥᱟᱹᱜᱩᱱ ᱞᱚᱴᱟ ᱫᱟᱜᱼᱟ, ᱩᱞ ᱲᱟᱹᱨᱣᱟᱹᱜᱼᱟ ᱛᱮ ᱪᱷᱤᱴᱠᱟᱹᱩ ᱯᱩᱨᱩᱪᱷᱩᱱ ᱛᱟᱭᱚᱢ ᱠᱚᱯᱮᱫᱼᱟ ᱟᱫᱣᱟ ᱪᱟᱣᱞᱮ ᱛᱮ ᱢᱮᱸᱫᱼᱟ ᱢᱟᱭ ᱯᱷᱩᱨ ᱪᱩᱵᱟᱹᱜᱼᱟ ᱞᱮᱫᱼᱟ ᱛᱤᱧ।
train_santalimale_04713	wavs/train_santalimale_04713.wav	ᱚᱠᱟ ᱞᱮᱠᱟᱱ ᱧᱮᱧᱮᱞ, ᱥᱟᱹᱜᱩᱱ ᱞᱚᱴᱟ ᱫᱟᱜᱼᱟ, ᱩᱞ ᱲᱟᱹᱨᱣᱟᱹᱜᱼᱟ ᱛᱮ ᱪᱷᱤᱴᱠᱟᱹᱩ ᱯᱩᱨᱩᱪᱷᱩᱱ ᱠᱤᱫᱚᱧ, ᱤᱱᱟᱹ ᱛᱟᱭᱚᱢ ᱟᱨ ᱦᱚᱸᱢ ᱟᱹᱭᱴᱷᱟᱹ ᱠᱤᱫᱤᱧᱟ ᱠᱚᱯᱮᱫᱼᱟ ᱟᱫᱣᱟ ᱪᱟᱣᱞᱮ ᱛᱮ!
train_santalimale_04714	wavs/train_santalimale_04714.wav	ᱢᱚᱱᱮ-ᱢᱚᱱᱮ ᱛᱮᱫᱚ ᱟᱹᱰᱤ ᱟᱸᱴᱤᱧ ᱡᱷᱩᱸᱠᱮᱱ ᱜᱮᱭᱟ।
train_santalimale_04715	wavs/train_santalimale_04715.wav	ᱩᱱᱟᱹᱜᱼᱟ ᱦᱚᱲ ᱥᱟᱢᱟᱝ ᱨᱮ ᱫᱤᱥᱚᱢ ᱦᱚᱲ ᱛᱟᱞᱟ ᱨᱮ ᱠᱚᱯᱮᱫᱼᱟ ᱟᱫᱣᱟ ᱪᱟᱣᱞᱮ ᱛᱮᱢ ᱚᱯᱚᱢᱟᱱ ᱠᱤᱫᱤᱧᱟᱢ ᱥᱮᱢ ᱢᱟᱱᱚᱛ ᱠᱤᱫᱤᱧᱟ, ᱟᱹᱰᱤᱢ ᱞᱟᱡᱟᱣ ᱠᱤᱫᱤᱧᱟ।
train_santalimale_04716	wavs/train_santalimale_04716.wav	ᱛᱚᱵᱮ ᱫᱤᱥᱟᱹ ᱠᱟᱜᱼᱟ ᱢᱮ ᱟᱢ ᱦᱚᱸ ᱡᱮ ᱦᱤᱞᱚᱜᱼᱟ ᱞᱮ ᱴᱚᱴᱠᱚᱣᱟᱢ ᱟᱨ ᱛᱤᱨᱤ ᱟᱨᱟᱜᱼᱟ ᱵᱟᱦᱟ ᱛᱮ ᱵᱟᱦᱟᱭᱮ ᱚᱜᱼᱟᱛᱮ ᱫᱚ ᱤᱧ ᱜᱮᱛᱚᱧ ᱥᱟᱫᱚᱢᱚᱜᱼᱟ ᱟ, ᱩᱱ ᱚᱠᱛᱮ ᱦᱟᱸᱜᱼᱟ ᱦᱟᱯᱚᱭ?
train_santalimale_04717	wavs/train_santalimale_04717.wav	ᱧᱮᱯᱮᱞ ᱧᱟᱯᱟᱢ ᱨᱮ ᱜᱮᱛᱮ-ᱜᱟᱯᱟᱛᱮ ᱨᱮᱭᱟᱜᱼᱟ ᱟᱥ ᱵᱟᱝ ᱪᱟᱵᱟᱞᱮᱱ ᱛᱟᱹᱞᱤᱧ ᱛᱮᱪᱚ ᱪᱮᱫᱼᱟ ᱛᱮᱪᱚ, ᱪᱟᱸᱫᱚ ᱵᱚᱝᱜᱟ ᱫᱚᱭ ᱢᱮᱱ ᱠᱮᱫᱟ ᱱᱚᱝᱠᱟᱱ ᱥᱟᱹᱜᱟᱹᱤ ᱡᱚᱲᱟᱹᱣ ᱠᱟᱛᱮᱱᱤᱧ ᱜᱟᱛᱮ ᱚᱪᱚ ᱠᱤᱱᱟ ᱚᱠᱟ ᱫᱚ ᱛᱤᱨᱮ-ᱡᱩᱜᱮ ᱛᱟᱦᱮᱸᱱ।
train_santalimale_04718	wavs/train_santalimale_04718.wav	ᱥᱟᱹᱜᱟᱹᱤ ᱫᱚ ᱡᱚᱲᱟᱵᱮᱱ ᱜᱮᱭᱟ।
train_santalimale_04719	wavs/train_santalimale_04719.wav	ᱟᱡᱼᱟ ᱫᱤᱫᱤ ᱫᱚ ᱜᱷᱚᱨᱮᱨ ᱜᱷᱤᱨᱱᱤ ᱮ ᱦᱚᱭᱮᱱᱟ।
train_santalimale_04720	wavs/train_santalimale_04720.wav	ᱚᱱᱮ ᱠᱚ ᱢᱮᱱ ᱞᱮᱠᱟ ᱜᱟᱹᱦᱤᱨ ᱠᱷᱚᱱ ᱦᱚᱸ ᱜᱟᱹᱦᱤᱨ ᱥᱟᱹᱢᱩᱫ ᱨᱮᱭᱟᱜᱼᱟ ᱜᱟᱹᱦᱤᱨ ᱠᱷᱚᱱ ᱦᱚᱸ ᱵᱟᱹᱲᱛᱤ।
train_santalimale_04721	wavs/train_santalimale_04721.wav	ᱫᱩᱞᱟᱹᱲ ᱨᱮᱭᱟᱜᱼᱟ ᱟᱞᱟᱜ ᱡᱟᱹᱸᱰᱤ ᱛᱮ ᱟᱹᱞᱤᱧ ᱛᱮᱸᱧᱟᱭᱟ ᱱᱩᱱᱟᱹᱜᱼᱟ ᱟᱸᱴ ᱞᱤᱧ ᱛᱚᱞ ᱡᱷᱟᱹᱣᱟ-ᱡᱷᱟᱹᱣᱤᱭᱮᱱᱟ ᱡᱮ ᱟᱡᱼᱟ ᱫᱤᱫᱤ ᱫᱚ ᱪᱮᱫᱼᱟ ᱤᱧ ᱫᱩᱞᱟᱹᱲᱟᱹᱭᱟ।
train_santalimale_04722	wavs/train_santalimale_04722.wav	ᱟᱹᱞᱤᱧᱟᱜᱼᱟ ᱫᱩᱞᱟᱹᱲ ᱛᱟᱞᱟ ᱨᱮ ᱟᱡᱼᱟ ᱫᱤᱫᱤ ᱢᱟ ᱥᱟᱭ ᱠᱚᱥ ᱠᱷᱚᱱ ᱦᱚᱸ ᱯᱟᱥᱮᱡᱼᱟ ᱵᱟᱹᱲᱛᱤ ᱜᱮ ᱦᱤᱲᱤᱧ ᱥᱟᱸᱜᱤᱧ ᱨᱮ।
train_santalimale_04723	wavs/train_santalimale_04723.wav	ᱡᱟᱦᱟᱸ ᱜᱷᱟᱹᱲᱤᱹᱡᱼᱟ ᱫᱚᱭ ᱮᱫᱨᱮ ᱜᱚᱫᱚᱜᱼᱟ ᱜᱮᱭᱟ, ᱮᱜᱮᱨ ᱜᱚᱫᱟᱭ ᱛᱮᱸᱧᱟᱭᱟ ᱵᱮᱱ ᱧᱟᱯᱟᱢ ᱞᱮᱱᱠᱷᱟᱱ ᱥᱤᱧᱚ-ᱧᱤᱱᱫᱟᱹ ᱵᱮᱱ ᱛᱩᱢᱵᱩᱝ ᱠᱚᱜᱼᱟ ᱟ।
train_santalimale_04724	wavs/train_santalimale_04724.wav	ᱡᱚᱦᱟ-ᱡᱚᱦᱟ, ᱢᱚᱪᱟ-ᱢᱚᱪᱟ ᱢᱤᱞᱟᱹᱩ ᱠᱟᱛᱮ, ᱫᱟᱜᱼᱟ-ᱫᱟᱠᱟ ᱫᱮᱭᱟ ᱠᱟᱛᱮ, ᱢᱟ ᱟᱵᱮᱱ ᱜᱮ ᱪᱮᱨᱮᱡᱚᱜᱼᱟ ᱵᱮᱱ।
train_santalimale_04725	wavs/train_santalimale_04725.wav	ᱵᱷᱟᱹᱜ ᱛᱮ ᱵᱟᱦᱨᱮ ᱫᱟᱲᱟᱸᱱ ᱮ ᱧᱮᱞ ᱞᱤᱞᱤᱧ ᱠᱷᱟᱱ, ᱩᱱ ᱫᱚ ᱢᱚᱪᱟ ᱦᱟᱴᱟᱜᱼᱟ ᱞᱮᱠᱟᱹᱭ ᱚᱴᱟᱜᱼᱟ ᱜᱚᱫᱟ।
train_santalimale_04726	wavs/train_santalimale_04726.wav	ᱩᱨᱚ-ᱥᱩᱛᱟᱹᱢ ᱞᱮᱠᱟ ᱢᱤᱫᱼᱟ ᱛᱟᱞᱟᱵ ᱜᱤᱭᱟᱹᱨᱚ-ᱜᱚᱭᱚᱨᱮᱢ ᱧᱮᱞ ᱠᱤᱱᱟᱹ।
train_santalimale_04727	wavs/train_santalimale_04727.wav	ᱪᱟᱬᱰᱵᱚᱞ ᱵᱟᱲᱮᱹ ᱟᱞᱚ ᱠᱤᱱ ᱧᱮᱞ ᱟᱫ ᱛᱟᱹᱠᱤᱱ ᱢᱟ।
train_santalimale_04728	wavs/train_santalimale_04728.wav	ᱤᱧ ᱦᱚᱸ ᱡᱷᱩᱸᱠ ᱛᱮᱧ ᱢᱮᱱ ᱜᱚᱫᱟ ᱦᱚᱲ ᱠᱚ ᱪᱟᱬᱰᱵᱚᱞᱚᱜᱼᱟ ᱟ!
train_santalimale_04729	wavs/train_santalimale_04729.wav	ᱡᱩᱫᱤᱢ ᱧᱮᱞ ᱧᱟᱢᱮᱫᱼᱟ ᱛᱟᱹᱞᱤᱧ ᱠᱷᱟᱱ ᱛᱚᱞ ᱢᱤᱫᱼᱟ ᱠᱟᱛᱟᱹᱞᱤᱧ ᱢᱮ।
train_santalimale_04730	wavs/train_santalimale_04730.wav	ᱯᱟᱥᱮᱡᱼᱟ ᱚᱵᱷᱟᱨ ᱴᱟᱭᱮᱢ ᱠᱚᱨᱮ ᱦᱚᱸ ᱟᱹᱞᱤᱧ ᱫᱚ ᱢᱤᱫᱼᱟ ᱛᱮᱜᱮ ᱞᱤᱧ ᱛᱟᱦᱮᱸᱱᱟ।
train_santalimale_04731	wavs/train_santalimale_04731.wav	ᱡᱚᱠᱷᱚᱱ ᱜᱮ ᱱᱟᱹᱤᱦᱟᱹᱨᱤᱧ ᱥᱮᱱ ᱞᱮᱱ ᱠᱷᱟᱱ ᱩᱱᱤᱭᱟᱜᱼᱟ ᱥᱚᱢᱵᱟᱫ ᱜᱮ ᱠᱩᱞᱤ ᱢᱟᱲᱟᱹᱝ ᱥᱟᱱᱟᱧᱟ।
train_santalimale_04732	wavs/train_santalimale_04732.wav	ᱤᱱᱟᱹ ᱛᱟᱭᱚᱢ ᱮᱴᱟᱜᱟᱜᱼᱟ ᱫᱚ।
train_santalimale_04733	wavs/train_santalimale_04733.wav	ᱵᱤᱱᱟᱹ ᱡᱟᱯᱟᱢᱚ-ᱧᱮᱯᱮᱞ ᱠᱟᱛᱮᱧ ᱡᱚᱢ ᱧᱩ ᱞᱮᱠᱷᱟᱱ ᱥᱮᱵᱮᱞ ᱫᱚ ᱱᱟᱥᱮ ᱵᱟᱹᱧ ᱟᱴᱠᱟᱨᱟ।
train_santalimale_04734	wavs/train_santalimale_04734.wav	ᱟᱨ, ᱡᱩᱫᱤ ᱡᱟᱦᱟᱸ ᱞᱮᱠᱟ ᱛᱮᱧ ᱡᱚᱢ ᱧᱩ ᱠᱟᱹᱭ ᱞᱮᱠᱷᱟᱱ ᱟᱹᱰᱤ ᱜᱮ ᱟᱹᱠᱩᱞᱚ-ᱵᱟᱹᱠᱩᱞ ᱯᱩᱴᱤᱜᱼᱟ ᱞᱮᱠᱟᱧ ᱟᱴᱠᱟᱨᱟ।
train_santalimale_04735	wavs/train_santalimale_04735.wav	ᱟᱩᱨᱤ ᱧᱟᱯᱟᱢ ᱦᱟᱹᱵᱤᱡᱼᱟ ᱫᱚ।
train_santalimale_04736	wavs/train_santalimale_04736.wav	ᱵᱟᱝ ᱫᱚ ᱵᱟᱵᱟ, ᱧᱟᱯᱟᱢ ᱞᱮᱱ ᱠᱷᱟᱱ ᱛᱟᱯᱟᱢ ᱛᱮ ᱡᱚᱢ ᱫᱟᱠᱟ ᱫᱚ ᱦᱟᱡᱟᱢ ᱫᱷᱩᱨᱟᱹᱜᱼᱟ ᱟᱨ ᱵᱟᱝ ᱫᱚ ᱡᱷᱟᱲᱚ-ᱢᱟᱱᱛᱟᱨ ᱠᱚᱛᱮ ᱦᱟᱡᱟᱢ ᱚᱪᱚᱭ ᱛᱤᱧ!
train_santalimale_04737	wavs/train_santalimale_04737.wav	ᱩᱱᱤ ᱵᱟᱠᱷᱟᱱ ᱱᱟᱹᱤᱦᱟᱹᱨ ᱨᱮ ᱢᱚᱱᱮ ᱫᱚ ᱱᱟᱥᱮ ᱜᱮ ᱵᱟᱝ ᱜᱟᱹᱰᱭᱟᱹᱜᱼᱟ ᱛᱤᱧᱟᱹ।
train_santalimale_04738	wavs/train_santalimale_04738.wav	ᱤᱧ ᱦᱚᱸ ᱵᱟᱹᱧ ᱵᱟᱰᱟᱭ ᱧᱟᱢ ᱫᱟᱲᱮᱭᱟᱜᱼᱟ ᱟ।
train_santalimale_04739	wavs/train_santalimale_04739.wav	ᱮᱱ ᱨᱮᱦᱚᱸ ᱡᱟᱦᱟᱸ ᱛᱤᱱᱩᱜᱼᱟ ᱞᱤᱧ ᱜᱟᱛᱮᱜᱼᱟ ᱢᱤᱫᱼᱟ ᱯᱩᱴᱷᱣᱟ ᱤᱭᱟᱹᱛᱮ ᱞᱮᱛᱟᱲ ᱜᱮ ᱚᱞᱚᱠᱚ-ᱟᱹᱠᱤᱞ ᱱᱤᱭᱟᱹ ᱛᱮᱜᱮ ᱞᱤᱧ ᱨᱚᱯᱚᱲᱟ।
train_santalimale_04740	wavs/train_santalimale_04740.wav	ᱢᱤᱫᱼᱟ ᱛᱟᱞᱟᱣ ᱠᱟᱛᱷᱟ-ᱠᱟᱛᱷᱟ ᱨᱮ ᱚᱞᱚᱠᱚ-ᱯᱟᱲᱦᱟᱜᱼᱟ ᱨᱮᱭᱟᱜᱼᱟ ᱠᱟᱛᱷᱟ ᱠᱚ ᱫᱚᱧ ᱨᱚᱲ ᱨᱟᱠᱟᱵᱼᱟ ᱜᱚᱫᱼᱟ ᱟᱭ ᱜᱮᱭᱟ।
train_santalimale_04741	wavs/train_santalimale_04741.wav	ᱥᱟᱱᱟᱢ ᱞᱮᱠᱟᱱ ᱠᱟᱛᱷᱟ ᱜᱟᱞᱢᱟᱨᱟᱣ ᱥᱟᱡᱟᱜᱼᱟ ᱟ।
train_santalimale_04742	wavs/train_santalimale_04742.wav	ᱚᱱᱟ ᱤᱭᱟᱹᱛᱮ ᱥᱟᱱᱟᱢ ᱚᱠᱛᱮ ᱨᱮ ᱥᱟᱱᱟᱢ ᱞᱮᱠᱟᱱ ᱠᱟᱛᱷᱟ ᱞᱤᱧ ᱜᱟᱞᱢᱟᱨᱟᱣᱟ।
train_santalimale_04743	wavs/train_santalimale_04743.wav	ᱢᱮᱛᱟᱭ ᱜᱤᱭᱟᱹᱧ ᱡᱟᱦᱟᱸ ᱛᱤᱥ ᱟᱢᱟᱜᱼᱟ ᱵᱟᱯᱞᱟ ᱨᱮᱫᱚ ᱯᱩᱡᱟᱹᱨ ᱨᱮᱭᱟᱜᱼᱟ ᱢᱟᱱ ᱫᱚ ᱤᱧ ᱜᱮᱧ ᱦᱟᱛᱟᱣ ᱟᱨ ᱥᱤᱧ ᱥᱟᱫᱚᱢ ᱨᱮᱭᱟᱜᱼᱟ ᱥᱟᱡ ᱛᱮᱫᱚ ᱤᱧ ᱜᱮᱧ ᱥᱟᱡᱚᱜᱼᱟ ᱟ।
train_santalimale_04744	wavs/train_santalimale_04744.wav	ᱢᱚᱧᱡ ᱛᱮ ᱯᱟᱲᱦᱟᱜᱼᱟ ᱢᱮ ᱱᱚᱜᱼᱟᱚᱭ ᱪᱚᱢ ᱛᱤᱭᱟᱹᱜᱼᱟ ᱟᱠᱟᱫᱼᱟ।
train_santalimale_04745	wavs/train_santalimale_04745.wav	ᱯᱚᱱ ᱥᱮᱨᱢᱟ ᱛᱟᱭᱚᱢ ᱢᱟ ᱢᱤᱴᱤᱠ ᱵᱤᱲᱟᱹᱩ ᱨᱮᱢ ᱫᱩᱰᱩᱵᱼᱟ।
train_santalimale_04746	wavs/train_santalimale_04746.wav	ᱟᱹᱤᱠᱷᱟᱹ ᱢᱤᱴᱤᱠ ᱫᱚ ᱯᱟᱹᱦᱤᱞ ᱫᱚᱨᱡᱟ ᱛᱮᱜᱮ ᱯᱟᱥ ᱢᱮ ᱟᱨ ᱵᱟᱝᱠᱷᱟᱱ ᱟᱢᱟᱜᱼᱟ ᱵᱟᱯᱞᱟ ᱨᱮᱫᱚ ᱵᱷᱩᱜᱟᱹᱜᱼᱟ ᱲᱚᱞ ᱟᱱ ᱛᱮᱧ ᱪᱟᱞᱟᱜᱼᱟ ᱟ ᱟᱨ ᱥᱤᱱᱫᱨᱟᱹᱫᱟᱱ ᱚᱠᱛᱮ ᱫᱚᱧ ᱧᱩᱨ ᱢᱮ ᱜᱮᱭᱟ।
train_santalimale_04747	wavs/train_santalimale_04747.wav	ᱢᱩᱞᱩᱡᱼᱟ ᱢᱟᱪᱷᱟ ᱞᱟᱱᱫᱟᱣᱟᱛᱮᱭᱮ ᱦᱮᱸ ᱦᱩᱸ ᱠᱮᱫᱼᱟ ᱜᱮ।
train_santalimale_04748	wavs/train_santalimale_04748.wav	ᱡᱟᱦᱟᱸ ᱛᱤᱥ ᱠᱚᱨᱮ ᱚᱠᱛᱮᱭᱮ ᱧᱟᱢ ᱞᱮᱠᱷᱟᱱ ᱫᱤᱫᱤ-ᱛᱮᱧᱟᱝ ᱴᱷᱮᱱ ᱫᱚᱭ ᱦᱮᱡᱼᱟ ᱜᱚᱫᱚᱜᱼᱟ ᱜᱮᱭᱟ।
train_santalimale_04749	wavs/train_santalimale_04749.wav	ᱫᱤᱫᱤ-ᱛᱮᱧᱟᱝ ᱴᱷᱮᱱ ᱦᱤᱡᱩᱜᱼᱟ ᱫᱚ ᱟᱹᱰᱤ ᱨᱟᱹᱥᱠᱟᱹ ᱛᱟᱭ ᱟᱨ ᱡᱩᱫᱤ ᱦᱤᱡᱩᱜᱼᱟ ᱮ ᱢᱮᱱ ᱞᱮᱠᱷᱟᱱ ᱦᱮᱡᱼᱟ ᱛᱮᱦᱚᱸᱭ ᱦᱤᱡᱩᱜᱼᱟ ᱜᱮᱭᱟ।
train_santalimale_04750	wavs/train_santalimale_04750.wav	ᱪᱮᱞᱮ ᱦᱚᱸ ᱵᱟᱝ ᱠᱚ ᱨᱩᱣᱟᱹᱲ ᱫᱟᱲᱮᱣᱟᱭᱟ।
train_santalimale_04751	wavs/train_santalimale_04751.wav	ᱟᱡᱼᱟ ᱢᱟᱨᱟᱝ ᱵᱟ, ᱟᱡᱼᱟ ᱢᱟᱨᱟᱝ ᱜᱚ ᱛᱟᱠᱚ ᱦᱚᱸ ᱵᱟᱠᱚᱸ ᱨᱩᱣᱟᱹᱲ ᱫᱟᱲᱮᱹᱣᱟᱭᱟ।
train_santalimale_04752	wavs/train_santalimale_04752.wav	ᱦᱚᱭᱚ-ᱵᱷᱟᱨᱟᱬᱲᱚ, ᱵᱟᱱᱚ-ᱵᱟᱹᱥᱤ ᱫᱟᱜᱼᱟ ᱠᱚ ᱴᱟᱨᱦᱟᱣᱟ ᱮᱱ ᱨᱮᱦᱚᱸ ᱱᱩᱭ ᱫᱚ ᱵᱟᱠᱚ ᱴᱟᱨᱦᱟᱣ ᱫᱟᱲᱮᱹᱣᱟᱭᱟ।
train_santalimale_04753	wavs/train_santalimale_04753.wav	ᱦᱟᱹᱛᱤ ᱦᱚᱨᱮ ᱮᱥᱮᱫᱼᱟ ᱞᱮᱠᱷᱟᱱ ᱨᱮᱦᱚᱸ ᱯᱟᱥᱮᱡᱼᱟ ᱫᱚᱱ ᱛᱟᱵᱼᱟ ᱠᱟᱛᱮ ᱫᱤᱫᱤ ᱛᱮᱭᱟᱝ ᱴᱷᱮᱱ ᱫᱚᱭ ᱥᱮᱴᱮᱨᱚᱜᱼᱟ ᱜᱮᱭᱟ।
train_santalimale_04754	wavs/train_santalimale_04754.wav	ᱩᱱᱟᱹᱜᱼᱟ ᱜᱮ ᱫᱩᱞᱟᱹᱲ ᱥᱟᱹᱜᱟᱹᱤ ᱜᱟᱹᱦᱤᱨ ᱟᱠᱟᱱ ᱛᱟᱭᱟ ᱟᱡᱼᱟ ᱛᱮᱭᱟᱝ ᱥᱚᱛᱮᱡᱼᱟ ᱫᱚ।
train_santalimale_04755	wavs/train_santalimale_04755.wav	ᱯᱷᱟᱸᱠᱮ ᱥᱟᱠᱮ ᱡᱟᱦᱟᱸᱛᱤᱥ ᱠᱚᱨᱮ ᱢᱤᱫᱼᱟ ᱴᱩᱝ ᱧᱟᱯᱟᱢ ᱨᱮᱦᱚᱸ ᱥᱟᱫᱚᱢᱚᱜᱼᱟ ᱠᱟᱛᱷᱟ ᱫᱚᱧ ᱨᱚᱲ ᱨᱟᱠᱟᱵᱼᱟ ᱟᱭ ᱠᱟᱱ ᱛᱟᱦᱮᱸᱱ ᱜᱮᱭᱟ।
train_santalimale_04756	wavs/train_santalimale_04756.wav	ᱢᱤᱫᱼᱟ ᱫᱤᱱ ᱢᱟ ᱵᱚᱨᱪᱚᱝ ᱟᱡᱼᱟ ᱫᱤᱫᱤᱭᱮ ᱟᱡᱡᱚᱢ ᱠᱮᱫᱼᱟ ᱞᱤᱧ।
train_santalimale_04757	wavs/train_santalimale_04757.wav	ᱨᱚᱲ ᱫᱟᱨᱟᱢ ᱜᱚᱫᱼᱟ ᱠᱮᱫᱟᱭ ᱛᱟᱨᱮᱱ ᱟᱨ ᱰᱟᱬᱰᱟ ᱨᱮᱭᱟᱜᱼᱟ ᱛᱚ ᱫᱷᱮᱡ ᱵᱟᱝ ᱛᱟᱢ, ᱮᱠᱮᱱ ᱡᱟᱝ।
train_santalimale_04758	wavs/train_santalimale_04758.wav	ᱛᱚᱦᱚᱵᱼᱟ ᱥᱩᱢᱩᱝ ᱰᱟᱬᱰᱟ ᱧᱮᱞᱚᱜᱼᱟ ᱠᱟᱱ ᱛᱟᱢᱟ, ᱥᱟᱫᱚᱢᱚᱜᱼᱟ ᱥᱟᱫ ᱞᱟᱜᱟᱣᱟᱭ ᱠᱟᱱᱟ!
train_santalimale_04759	wavs/train_santalimale_04759.wav	ᱢᱚᱱᱮ ᱨᱮ ᱟᱹᱰᱤ ᱜᱮ ᱵᱟᱝ ᱡᱩᱛᱤᱧ ᱟᱴᱠᱟᱨ ᱠᱮᱫᱼᱟ ᱛᱮᱧ ᱮᱜᱮᱨ ᱜᱚᱫᱼᱟ ᱠᱮᱫᱟ ᱟᱨ ᱟᱢ, ᱟᱢ ᱫᱚ ᱠᱷᱩᱵᱼᱟ ᱥᱟᱫ ᱞᱟᱜᱟᱣᱟᱠᱟᱫᱼᱟ ᱢᱮᱭᱟ ᱢᱤᱫᱼᱟ ᱯᱚᱟ ᱜᱟᱱ ᱞᱚᱴᱟ ᱫᱟᱜᱼᱟ ᱥᱟᱵᱼᱟ ᱠᱟᱛᱮ ᱟᱹᱜᱼᱟᱪᱩᱨ, ᱟᱡᱼᱟ ᱠᱟᱛᱷᱟᱭ ᱵᱟᱠᱚ ᱛᱟᱲᱟᱹᱢ ᱫᱟᱲᱮᱹᱭᱟᱜᱼᱟ ᱞᱮᱠᱟ।
train_santalimale_04760	wavs/train_santalimale_04760.wav	ᱦᱩᱫᱤᱥᱚᱜᱼᱟ ᱠᱟᱱᱟᱭ ᱜᱟᱹᱠᱷᱩᱰᱤᱭᱟᱹ ᱫᱚ ᱤᱧ ᱠᱟᱱ ᱜᱤᱭᱟᱹᱧ!
train_santalimale_04761	wavs/train_santalimale_04761.wav	ᱢᱟᱥᱮ ᱵᱷᱟᱞᱟᱧ ᱧᱮᱞ ᱢᱮ ᱞᱚᱴᱟ ᱫᱟᱜᱼᱟ ᱵᱟᱹᱜᱤ ᱠᱟᱛᱮ ᱠᱟᱬᱰᱟ ᱫᱟᱜᱼᱟ ᱛᱮᱣᱮᱧ ᱢᱮ, ᱡᱩᱫᱤ ᱰᱟᱬᱰᱟ ᱨᱮᱭᱟᱜᱼᱟ ᱫᱷᱮᱡ ᱢᱮᱱᱟᱜᱼᱟ ᱛᱟᱢ ᱠᱷᱟᱱ!
train_santalimale_04762	wavs/train_santalimale_04762.wav	ᱱᱟᱥᱮ ᱵᱟᱭ ᱴᱮᱠ ᱞᱮᱫᱟ ᱨᱚᱲ ᱵᱷᱟᱜᱟᱣ ᱠᱮᱫᱮᱭᱟᱹᱧ ᱵᱚᱨᱪᱚᱝ ᱵᱚᱠᱚᱫᱼᱟ-ᱵᱚᱠᱚᱫᱼᱟ ᱛᱩᱞᱩᱡᱼᱟ ᱮ ᱵᱮᱨᱮᱫᱼᱟ ᱵᱟᱹᱜᱤᱣᱟᱫᱼᱟ ᱞᱤᱧᱟᱹ।
train_santalimale_04763	wavs/train_santalimale_04763.wav	ᱤᱧ ᱦᱚᱸᱧ ᱢᱮᱱ ᱜᱚᱫᱼᱟ ᱠᱮᱫᱟ, ᱪᱟᱞᱟᱜᱼᱟ ᱢᱮ, ᱪᱟᱞᱟᱜᱼᱟ ᱢᱮ ᱟᱹᱞᱤᱧ ᱛᱮᱧᱟᱭᱟᱢ ᱰᱤᱥᱴᱚᱵᱮᱫᱼᱟ ᱞᱤᱧᱟᱹ।
train_santalimale_04764	wavs/train_santalimale_04764.wav	ᱢᱤᱫᱼᱟ ᱫᱚᱢ ᱵᱟᱦᱟ ᱨᱮ ᱵᱷᱩᱛᱟᱹᱝ ᱛᱟᱠᱚ ᱴᱷᱮᱱ ᱞᱤᱧ ᱥᱮᱱ ᱞᱮᱱᱟ।
train_santalimale_04765	wavs/train_santalimale_04765.wav	ᱱᱚᱟ ᱜᱮ ᱱᱚᱠᱚ ᱴᱷᱮᱱ ᱯᱩᱤᱞᱟᱹ ᱥᱮᱱ ᱛᱟᱹᱞᱤᱧ ᱫᱚ।
train_santalimale_04766	wavs/train_santalimale_04766.wav	ᱤᱧ ᱫᱚ ᱪᱟᱞᱟᱜᱼᱟ ᱵᱟᱹᱧ ᱢᱮᱱᱮᱫᱼᱟ ᱛᱟᱦᱮᱸᱱᱟ।
train_santalimale_04767	wavs/train_santalimale_04767.wav	ᱢᱮᱱᱠᱷᱟᱱ ᱟᱡᱼᱟ ᱜᱚ ᱵᱟᱨᱚ-ᱵᱟᱨᱮ ᱢᱮᱱ ᱚᱴᱚ ᱠᱟᱫᱟ, ᱡᱟᱣᱟᱸᱭ ᱱᱮᱥ ᱫᱚ ᱵᱟᱦᱟ ᱨᱮ ᱪᱟᱞᱟᱣ ᱛᱮᱦᱚᱸ ᱵᱮᱱ ᱪᱟᱞᱟᱜᱼᱟ ᱜᱮᱭᱟ।
train_santalimale_04768	wavs/train_santalimale_04768.wav	ᱦᱚᱯᱚᱱ ᱮᱨᱟ ᱠᱚᱢᱟ ᱠᱟᱹᱴᱤᱡᱼᱟ-ᱠᱟᱹᱴᱤᱡᱼᱟ ᱛᱟᱭ ᱟᱹᱣᱨᱤᱭ ᱟᱵᱼᱟ ᱥᱟᱸᱣᱦᱟ ᱟᱠᱟᱫᱼᱟ ᱠᱚᱛᱮ ᱟᱹᱰᱤ ᱥᱟᱫ ᱠᱟᱛᱮᱭᱮ ᱱᱮᱣᱛᱟ ᱠᱮᱫᱼᱟ ᱞᱤᱧᱟᱹ।
train_santalimale_04769	wavs/train_santalimale_04769.wav	ᱟᱫᱚ ᱵᱷᱟᱞᱟ ᱪᱟᱞᱟᱜᱼᱟ ᱟᱥᱮᱢ ᱵᱟᱝ!
train_santalimale_04770	wavs/train_santalimale_04770.wav	ᱤᱧ ᱫᱚ ᱚᱬᱰᱮ ᱪᱟᱞᱟᱜᱼᱟ ᱢᱚᱱᱮ ᱫᱚ ᱫᱷᱩᱠᱩᱡᱼᱟ ᱮᱱ ᱛᱤᱧᱟᱹ।
train_santalimale_04771	wavs/train_santalimale_04771.wav	ᱛᱤᱱᱟᱜᱼᱟ ᱪᱚ ᱦᱟᱸᱜᱼᱟ ᱠᱚ ᱫᱩᱞ ᱵᱩᱦᱮᱞᱤᱧ ᱥᱟᱱᱟᱢ ᱜᱮᱢᱟ ᱠᱟᱹᱴᱤᱡᱼᱟ ᱦᱚᱲ।
train_santalimale_04772	wavs/train_santalimale_04772.wav	ᱢᱟᱦᱟᱸ ᱦᱚᱸ ᱛᱤᱭᱟᱹᱜᱼᱟ ᱮᱱᱟ।
train_santalimale_04773	wavs/train_santalimale_04773.wav	ᱱᱮᱬᱰᱟ ᱫᱤᱱ ᱦᱚᱸ ᱥᱮᱴᱮᱨᱮᱱᱮ ᱟᱨ ᱟᱹᱞᱤᱧ ᱦᱚᱸ ᱵᱷᱩᱛᱟᱹᱲ ᱛᱟᱠᱚ ᱚᱲᱟᱜᱼᱟ ᱞᱤᱧ ᱥᱮᱴᱮᱨᱮᱱᱟ।
train_santalimale_04774	wavs/train_santalimale_04774.wav	ᱵᱚᱞᱚ ᱛᱟᱭᱚᱢ ᱢᱤᱫᱼᱟ ᱜᱷᱟᱹᱲᱤ ᱵᱟᱫ ᱢᱚᱱᱮ ᱫᱚ ᱵᱟᱱᱟ ᱦᱚᱲᱟᱹᱜᱼᱟ ᱨᱟᱹᱥᱠᱟᱹ ᱛᱮ ᱪᱮᱦᱮᱞᱚ-ᱪᱮᱯᱮᱞᱮᱱ ᱛᱟᱹᱞᱤᱧᱟ।
train_santalimale_04775	wavs/train_santalimale_04775.wav	ᱢᱮᱱᱮᱫᱼᱟ ᱵᱷᱩᱛᱟᱹᱲ ᱟᱨ ᱤᱧᱟᱜᱼᱟ।
train_santalimale_04776	wavs/train_santalimale_04776.wav	ᱵᱷᱩᱛᱟᱹᱲ ᱫᱚ ᱨᱟᱹᱥᱠᱟᱹ ᱛᱮ ᱛᱩᱞ ᱵᱟᱲᱟᱹᱭᱮ ᱞᱮᱠᱟᱹᱭ ᱟᱹᱤᱠᱟᱹᱩ ᱠᱮᱫᱟ।
train_santalimale_04777	wavs/train_santalimale_04777.wav	ᱚᱬᱰᱮ ᱦᱚᱸ ᱢᱤᱫᱼᱟ ᱛᱟᱞᱟᱣ ᱢᱤᱫᱼᱟ ᱛᱮᱜᱮ ᱵᱷᱩᱛᱟᱹᱲ ᱛᱟᱹᱞᱤᱧ ᱫᱚ ᱞᱤᱧ ᱛᱟᱦᱮᱸᱭᱮᱱᱟ।
train_santalimale_04778	wavs/train_santalimale_04778.wav	ᱠᱟᱛᱷᱟ-ᱠᱟᱛᱷᱟ ᱨᱮ ᱥᱟᱫᱚᱢᱚᱜᱼᱟ ᱨᱮᱭᱟᱜᱼᱟ ᱠᱟᱛᱷᱟ ᱫᱚᱧ ᱨᱚᱲ ᱨᱟᱠᱟᱵᱼᱟ ᱜᱚᱫᱼᱟ ᱟᱫᱮ ᱜᱮᱭᱟ।
train_santalimale_04779	wavs/train_santalimale_04779.wav	ᱟᱡᱼᱟ ᱜᱚ ᱣᱟᱜᱼᱟ ᱪᱮᱸᱜᱚᱫᱼᱟ ᱛᱮᱨᱟᱝ ᱞᱩᱛᱩᱨ ᱦᱩᱯᱟᱹᱜᱼᱟ ᱨᱮ ᱱᱚᱟ ᱛᱟᱨᱠᱚ ᱫᱟᱯᱟᱞᱮᱱᱟ।
train_santalimale_04780	wavs/train_santalimale_04780.wav	ᱛᱟᱠᱷᱮ ᱠᱷᱟᱡᱼᱟ ᱜᱮᱭ ᱨᱚᱲ ᱜᱚᱫᱼᱟ ᱠᱮᱫᱟ, ᱦᱮᱸ ᱡᱟᱣᱟᱸᱭ, ᱟᱹᱞᱤᱧ ᱦᱚᱸ ᱛᱚ ᱫᱤᱱ ᱠᱮ ᱫᱤᱱ ᱞᱤᱧ ᱵᱚᱭᱚᱥ ᱪᱟᱞᱟᱜᱼᱟ ᱠᱟᱱᱟ।
train_santalimale_04781	wavs/train_santalimale_04781.wav	ᱚᱱᱟ ᱛᱮᱞᱤᱧ ᱢᱮᱱᱮᱫᱟ ᱩᱥᱟᱨᱟ ᱜᱮᱵᱚᱱ ᱵᱟᱹᱱᱤᱡ ᱟᱹᱜᱩ ᱠᱚᱟ ᱟᱨ ᱟᱵᱮᱱᱟᱜᱼᱟ ᱵᱟᱠᱷᱨᱟ ᱢᱟ ᱢᱮᱱᱟᱜᱼᱟ ᱜᱮ, ᱟᱵᱮᱱ ᱪᱷᱟᱰᱟ ᱫᱚ ᱟᱨ ᱚᱠᱚᱭ ᱱᱚᱟ ᱠᱟᱛᱷᱟ ᱟᱧᱡᱚᱢ ᱠᱟᱛᱮ ᱢᱚᱱᱮ ᱫᱚ ᱫᱟᱨᱦᱟ ᱫᱟᱜᱼᱟ ᱞᱮᱠᱟ ᱜᱮ ᱨᱟᱹᱥᱠᱟᱹ ᱛᱮ ᱪᱮᱦᱮᱞᱚ-ᱪᱮᱯᱮᱞᱮᱱ ᱛᱤᱧ ᱞᱮᱠᱟᱧ ᱟᱴᱠᱟᱨ ᱠᱮᱫᱟ।
train_santalimale_04782	wavs/train_santalimale_04782.wav	ᱛᱚᱵᱮ ᱛᱚ ᱠᱟᱛᱷᱟ ᱫᱚ ᱜᱚᱴᱟ ᱜᱮᱭᱟ ᱟᱨ ᱥᱟᱡᱟᱣᱚ-ᱡᱚᱜᱟᱣ ᱜᱮᱭᱟ ᱡᱟᱦᱟᱸ ᱛᱤᱥ ᱵᱷᱩᱛᱟᱹᱲ ᱠᱚ ᱵᱟᱹᱦᱩᱣᱟᱭ ᱨᱮᱫᱚ ᱟᱹᱭᱩᱨ ᱵᱟᱸᱵᱲᱮᱹᱸ ᱫᱚ ᱟᱹᱞᱤᱧ ᱜᱮ।
train_santalimale_04783	wavs/train_santalimale_04783.wav	ᱛᱟᱨᱮᱱ ᱫᱚ ᱱᱤᱛ ᱠᱷᱚᱱ ᱜᱮᱧ ᱠᱮᱴᱮᱡᱼᱟ ᱴᱷᱤᱠ ᱠᱟᱹᱛᱤᱧᱟ।
train_santalimale_04784	wavs/train_santalimale_04784.wav	ᱱᱚᱜᱼᱟᱚᱭ ᱪᱚ ᱵᱟᱨ ᱥᱮᱨᱢᱟ ᱢᱟ ᱯᱟᱨᱚᱢᱮᱱ ᱢᱤᱫᱼᱟ ᱥᱮᱨᱢᱟ ᱛᱟᱭᱚᱢ ᱢᱤᱴᱤᱠ ᱵᱤᱲᱟᱹᱩ ᱮ ᱚᱞᱟ ᱟᱨ ᱤᱱᱟᱹ ᱥᱮᱨᱢᱟ ᱜᱮᱠᱚ ᱵᱟᱹᱦᱩᱣᱟᱭᱟ।
train_santalimale_04785	wavs/train_santalimale_04785.wav	ᱥᱟᱝᱜᱮ ᱪᱟᱥᱚ-ᱵᱟᱥ, ᱜᱟᱹᱭᱚ-ᱰᱟᱸᱜᱨᱟ, ᱵᱷᱤᱰᱤ-ᱢᱮᱨᱚᱢ, ᱠᱟᱹᱠᱤ ᱦᱟᱱᱦᱟᱨᱤᱧ ᱟᱹᱰᱤᱭᱮ ᱠᱚᱥᱴᱚᱜᱼᱟ ᱠᱟᱱᱟ।
train_santalimale_04786	wavs/train_santalimale_04786.wav	ᱢᱤᱫᱼᱟ ᱫᱤᱱ ᱟᱹᱞᱤᱧ ᱢᱚᱛᱚ ᱨᱮᱞᱤᱧ ᱜᱟᱞᱢᱟᱨᱟᱜᱼᱟ ᱠᱟᱱᱟ।
train_santalimale_04787	wavs/train_santalimale_04787.wav	ᱧᱮᱞᱮᱠᱟᱧ ᱢᱮᱱᱮᱫᱼᱟ ᱠᱟᱱ ᱛᱟᱦᱮᱸᱱᱟ ᱚᱱᱟ ᱜᱮ ᱦᱚᱭ ᱮᱱᱟ।
train_santalimale_04788	wavs/train_santalimale_04788.wav	ᱤᱧ ᱡᱟᱦᱟᱸᱧ ᱢᱚᱱᱮᱭᱟᱠᱟᱫᱼᱟ ᱛᱟᱦᱮᱸ ᱠᱟᱹᱠᱤ ᱦᱟᱱᱦᱟᱨᱤᱧ ᱦᱚᱸ ᱚᱱᱟ ᱜᱮᱭ ᱢᱚᱱᱮᱭᱟᱠᱟᱫᱟ।
train_santalimale_04789	wavs/train_santalimale_04789.wav	ᱟᱨ ᱛᱟᱭᱚᱢ ᱫᱟᱨᱟᱢ ᱦᱚᱸ ᱡᱟᱹᱱᱤᱡᱼᱟ ᱚᱱᱠᱟ ᱜᱮ ᱦᱚᱭᱚᱜᱼᱟ ᱟ।
train_santalimale_04790	wavs/train_santalimale_04790.wav	ᱛᱟᱠᱷᱮᱭ ᱠᱩᱞᱤ ᱜᱚᱫᱼᱟ ᱠᱤᱫᱤᱧᱟ ᱪᱮᱫᱼᱟ ᱦᱚᱭᱮᱱᱟ? ᱟᱨ, ᱪᱮᱫᱼᱟ ᱦᱚᱭᱚᱜᱼᱟ ᱟ?
train_santalimale_04791	wavs/train_santalimale_04791.wav	ᱡᱟᱦᱟᱸ ᱛᱤᱥ ᱵᱷᱩᱛᱟᱹᱝ ᱠᱚ ᱵᱟᱹᱦᱩᱣᱟᱭ ᱨᱮᱫᱚ ᱟᱞᱟᱝ ᱜᱮᱠᱚ ᱟᱭᱩᱨᱚ-ᱵᱟᱸᱵᱲᱮᱹᱸ ᱞᱟᱝᱟ।
train_santalimale_04792	wavs/train_santalimale_04792.wav	ᱚᱲᱟᱜᱼᱟ ᱮᱨᱟ ᱫᱚᱭ ᱢᱮᱱ ᱜᱚᱫᱼᱟ ᱠᱮᱫᱟ ᱚᱠᱚᱭᱮ ᱞᱟᱹᱴᱤᱡᱼᱟ ᱟᱫᱼᱟ ᱢᱮᱭᱟ?
train_santalimale_04793	wavs/train_santalimale_04793.wav	ᱟᱡᱼᱟ ᱜᱚ ᱣᱟᱜᱼᱟ ᱢᱚᱪᱟ ᱛᱮᱧ ᱟᱧᱡᱚᱢᱟᱠᱟᱫᱟ।
train_santalimale_04794	wavs/train_santalimale_04794.wav	ᱱᱚᱟ ᱨᱚᱲ ᱥᱟᱸᱣᱛᱮ ᱟᱡᱼᱟ ᱫᱤᱫᱤ ᱣᱟᱜᱼᱟ ᱢᱚᱱᱮ ᱫᱚ ᱥᱟᱹᱵᱟᱹᱥᱤ ᱟᱥ ᱟᱨ ᱵᱷᱚᱨᱥᱟ ᱛᱮ ᱯᱮᱨᱮᱡᱼᱟ ᱮᱱ ᱛᱟᱭᱟ ᱟᱨᱮ ᱞᱟᱱᱫᱟ ᱜᱚᱫᱼᱟ ᱠᱮᱫᱟ।
train_santalimale_04795	wavs/train_santalimale_04795.wav	ᱢᱚᱱ ᱨᱮᱦᱚᱸ ᱟᱥ ᱵᱟᱱᱫᱷᱟᱣᱮᱱ ᱛᱟᱭᱟ, ᱠᱚᱭᱚᱜᱼᱟ ᱦᱚᱨ ᱛᱟᱹᱸᱜᱤ-ᱛᱟᱲᱟᱸᱜᱼᱟ ᱚᱠᱛᱮ ᱦᱚᱸ ᱵᱤᱞᱟᱹᱢᱚᱜᱼᱟ ᱞᱮᱠᱟᱭ ᱟᱹᱤᱠᱟᱹᱣᱮᱫᱟ।
train_santalimale_04796	wavs/train_santalimale_04796.wav	ᱛᱤᱱᱟᱹᱜᱼᱟ ᱢᱚᱧᱡ, ᱛᱤᱱᱟᱹᱜᱼᱟ ᱱᱟᱯᱟᱭ ᱞᱤᱧ ᱟᱹᱭᱩᱨ ᱵᱟᱸᱵᱲᱮᱜᱼᱟ ᱟ!
train_santalimale_04797	wavs/train_santalimale_04797.wav	ᱢᱟᱨᱟᱝ ᱴᱟ ᱟᱨ ᱱᱟᱣᱟᱸ ᱵᱟᱹᱦᱩ ᱛᱤᱱᱟᱹᱜᱼᱟ ᱢᱚᱧᱡ ᱵᱟᱯᱞᱟ-ᱛᱚᱱᱚᱞ ᱥᱤᱠᱲᱤ, ᱵᱚᱝᱜᱟ ᱥᱟᱥᱟᱝ ᱠᱤᱪᱚᱨᱤᱡᱼᱟ ᱛᱮ ᱛᱚᱞ ᱢᱤᱫᱼᱟ ᱠᱟᱛᱮ ᱢᱟᱸᱰᱣᱟ ᱞᱟᱛᱟᱨ ᱥᱟᱨᱡᱚᱢ ᱠᱷᱩᱬᱴᱤ, ᱢᱟᱛᱠᱚᱢ ᱠᱷᱩᱬᱴᱤ ᱵᱮᱲᱟᱦᱟᱭᱤᱧ ᱟᱹᱭᱩᱨ ᱟᱹᱪᱩᱨ ᱠᱤᱱᱟᱹ।
train_santalimale_04798	wavs/train_santalimale_04798.wav	ᱠᱩᱞᱦᱤ ᱢᱩᱪᱟᱹᱫᱼᱟ ᱠᱷᱚᱱ ᱪᱷᱟᱴᱠᱟ ᱫᱩᱣᱟᱹᱨ ᱦᱟᱵᱤᱡᱼᱟ ᱤᱧ ᱜᱮᱧ ᱟᱹᱭᱩᱨ ᱟᱹᱜᱩ ᱠᱤᱱᱟᱹ।
train_santalimale_04799	wavs/train_santalimale_04799.wav	ᱟᱨ, ᱢᱟᱥᱮ ᱟᱢ ᱫᱚ ᱫᱤᱥᱟᱹᱢ ᱦᱚᱲ ᱫᱤᱥᱟᱹᱢ ᱦᱚᱲ ᱥᱟᱢᱟᱝ ᱨᱮᱢ ᱜᱷᱚᱸᱲᱟᱭᱮᱭᱟ ᱢᱮᱱ ᱟᱠᱚ ᱡᱟᱹᱱᱤᱡᱼᱟ ᱛᱮᱧᱟᱛᱛᱮᱫᱼᱟ ᱠᱟᱱ ᱜᱮᱭᱟᱭ, ᱛᱤᱱᱟᱹᱜᱼᱟ ᱢᱚᱧᱡ ᱧᱩᱛᱩᱢᱮᱢ ᱦᱟᱸᱨᱟ।
train_santalimale_04800	wavs/train_santalimale_04800.wav	ᱚᱱᱟ ᱫᱤᱱ ᱫᱚ ᱦᱮᱡᱼᱟ ᱥᱮᱴᱮᱨ ᱟᱠᱟᱱᱟ।
train_santalimale_04801	wavs/train_santalimale_04801.wav	ᱵᱤᱥᱤ ᱫᱤᱱ ᱫᱚ ᱵᱟᱹᱱᱩᱜᱼᱟ ᱟ ᱟᱨ ᱢᱤᱫᱼᱟ ᱥᱮᱨᱢᱟ ᱜᱮᱛᱚ।
train_santalimale_04802	wavs/train_santalimale_04802.wav	ᱢᱟᱱᱣᱟᱸ ᱡᱤᱭᱚᱱ ᱨᱮ ᱚᱠᱛᱮ-ᱚᱠᱛᱮ, ᱴᱟᱲᱟᱹᱝᱚ-ᱴᱟᱲᱟᱹᱝ, ᱴᱤᱸᱲᱤᱸᱡᱼᱟ-ᱴᱤᱸᱲᱤᱸᱡᱼᱟ ᱟᱨ ᱴᱤᱯᱤᱸᱡᱼᱟ-ᱴᱤᱯᱤᱸᱡᱼᱟ ᱨᱮᱭᱟᱜᱼᱟ ᱜᱚᱱᱚᱝ ᱦᱮᱨᱯᱷᱮᱨ ᱟᱨ ᱢᱟᱱ ᱦᱚᱸ ᱢᱮᱱᱟᱜᱼᱟ ᱟ।
train_santalimale_04803	wavs/train_santalimale_04803.wav	ᱪᱮᱫᱼᱟ ᱦᱮᱨ ᱯᱷᱮᱨ ᱦᱚᱭᱚᱜᱼᱟ ᱟ, ᱟᱜᱟᱢ ᱨᱮᱭᱟᱜᱼᱟ ᱫᱚ ᱵᱟᱵᱚᱱ ᱞᱟᱹᱤ ᱫᱟᱲᱮᱹ ᱠᱮᱭᱟ! ᱲᱟᱹᱩ ᱫᱟᱜᱼᱟ ᱞᱮᱠᱟ ᱢᱤᱫᱼᱟ ᱜᱷᱟᱹᱲᱤ ᱛᱮ ᱦᱤᱡᱩᱜᱼᱟ ᱟ।
train_santalimale_04804	wavs/train_santalimale_04804.wav	ᱪᱮᱫᱼᱟ ᱠᱚᱪᱚᱭ ᱵᱟᱱ ᱵᱷᱟᱹᱥᱤ ᱟᱹᱛᱩ ᱟᱹᱜᱩᱣᱟᱫᱼᱟ ᱵᱚᱱ ᱜᱮ ᱟᱨ ᱪᱮᱫᱼᱟ ᱠᱚᱪᱚᱭ ᱵᱚᱦᱮᱞ ᱤᱫᱤ ᱠᱮᱫᱼᱟ ᱛᱟᱵᱚᱱ ᱜᱮ।
train_santalimale_04805	wavs/train_santalimale_04805.wav	ᱛᱚᱵᱮ ᱚᱱᱟ ᱫᱤᱱ ᱦᱚᱸ ᱦᱮᱡᱼᱟ ᱮᱱᱟ ᱚᱠᱟ ᱫᱚ ᱵᱷᱩᱛᱟᱲᱤᱧ ᱢᱮᱛᱟᱫᱮ ᱛᱟᱦᱮᱸᱱ।
train_santalimale_04806	wavs/train_santalimale_04806.wav	ᱛᱮᱧᱟᱛ ᱛᱮᱫᱼᱟ ᱟᱜᱼᱟ ᱠᱟᱛᱷᱟᱭᱮ ᱟᱧᱡᱚᱢ ᱞᱮᱫᱼᱟ ᱛᱮ, ᱥᱟᱹᱨᱤ ᱜᱮ ᱢᱤᱴᱤᱠ ᱵᱤᱲᱟᱹᱩ ᱫᱚᱭ ᱯᱟᱥ ᱠᱮᱫᱟ।
train_santalimale_04807	wavs/train_santalimale_04807.wav	ᱯᱟᱥ ᱛᱟᱭᱚᱢ ᱟᱹᱰᱤ ᱨᱟᱹᱥᱠᱟᱹ ᱠᱟᱛᱮ ᱟᱹᱞᱤᱧ ᱴᱷᱮᱱᱮ ᱦᱮᱡᱼᱟ ᱮᱱᱟ।
train_santalimale_04808	wavs/train_santalimale_04808.wav	ᱢᱮᱱᱠᱷᱟᱱ ᱱᱤᱭᱟᱹ ᱫᱚᱢ ᱫᱚ ᱟᱹᱰᱤ ᱜᱮ ᱟᱹᱰᱤ ᱛᱮᱫᱼᱟ ᱡᱩᱫᱟᱹ ᱮ ᱧᱮᱞ ᱠᱮᱫᱮᱭᱟ।
train_santalimale_04809	wavs/train_santalimale_04809.wav	ᱨᱟᱣᱟᱞ ᱛᱟᱲᱟᱹᱢ, ᱚᱠᱟ ᱴᱷᱮᱱ ᱞᱮᱵᱮᱫᱼᱟ ᱛᱤᱭᱟᱹᱜᱚᱜᱼᱟ, ᱚᱠᱟ ᱴᱷᱮᱱ ᱵᱟᱝ।
train_santalimale_04810	wavs/train_santalimale_04810.wav	ᱠᱷᱟᱨᱥᱟᱞᱟᱜᱼᱟ ᱢᱩᱞᱩᱡᱼᱟ ᱞᱟᱱᱫᱟ ᱢᱩᱴᱷᱟᱹᱱ, ᱥᱩᱴᱚ-ᱵᱩᱴ ᱵᱷᱟᱜᱮ ᱠᱤᱪᱚᱨᱤᱡᱼᱟ ᱞᱟᱫᱮᱭᱟᱠᱟᱫᱼᱟ ᱮᱠ ᱞᱟᱭ ᱮᱠ ᱥᱚᱨᱮᱥ! ᱢᱟᱥᱮ ᱤᱱᱟᱹᱜᱼᱟ ᱫᱤᱱ ᱛᱮᱜᱮ ᱟᱹᱰᱤ ᱢᱟᱨᱟᱝ ᱮᱢ ᱦᱟᱨᱟ ᱜᱚᱫᱼᱟ ᱮᱱᱟ।
train_santalimale_04811	wavs/train_santalimale_04811.wav	ᱛᱟᱠᱷᱮ ᱠᱷᱟᱡᱼᱟ ᱜᱮᱭ ᱢᱮᱱ ᱜᱚᱫᱼᱟ ᱠᱮᱫᱟ, ᱛᱮᱭᱟᱝ ᱢᱤᱴᱤᱠ ᱵᱤᱲᱟᱹᱩ ᱫᱚᱧ ᱯᱟᱥ ᱠᱮᱫᱟ।
train_santalimale_04812	wavs/train_santalimale_04812.wav	ᱤᱧ ᱫᱚᱧ ᱠᱩᱞᱤ ᱜᱚᱫᱼᱟ ᱠᱮᱫᱮᱭᱟ ᱚᱠᱟ ᱰᱤᱵᱤᱡᱚᱱ ᱛᱮ?
train_santalimale_04813	wavs/train_santalimale_04813.wav	ᱨᱚᱲ ᱨᱩᱣᱟᱹᱲᱟᱹᱫᱤᱧᱟᱭ ᱟᱢ ᱡᱟᱦᱟᱸᱢ ᱢᱮᱱ ᱞᱮᱫᱼᱟ ᱚᱱᱟ ᱰᱤᱵᱤᱡᱚᱱ ᱛᱮᱜᱮ।
train_santalimale_04814	wavs/train_santalimale_04814.wav	ᱤᱧᱟᱹᱜᱼᱟ ᱢᱚᱱᱮ ᱫᱚ ᱨᱟᱹᱥᱠᱟᱹ ᱛᱮ ᱯᱮᱨᱮᱡᱼᱟ ᱮᱱ ᱛᱤᱧᱟᱹ ᱟᱨ ᱯᱟᱥᱮᱡᱼᱟ ᱟᱡᱼᱟ ᱫᱤᱫᱤ ᱭᱟᱜᱼᱟ ᱢᱚᱱᱮ ᱫᱚ ᱢᱟᱨᱟᱝ ᱵᱩᱨᱩ ᱞᱮᱠᱟ ᱦᱟᱨᱟᱭᱮᱱ ᱛᱟᱭᱟ।
train_santalimale_04815	wavs/train_santalimale_04815.wav	ᱢᱚᱱ ᱚᱱᱛᱚᱨ ᱫᱟᱨᱦᱟ ᱫᱟᱜᱼᱟ ᱫᱚ ᱪᱮᱦᱮᱞᱚ-ᱪᱮᱯᱮᱞ ᱠᱟᱛᱮ ᱥᱮᱸ ᱵᱚᱛᱮᱡᱼᱟ ᱮᱱ ᱛᱟᱭᱟ।
train_santalimale_04816	wavs/train_santalimale_04816.wav	ᱟᱨ ᱥᱮᱸ ᱭᱮᱱ ᱛᱮ ᱢᱚᱪᱟ ᱠᱷᱚᱱ ᱵᱷᱟᱲᱚ-ᱵᱷᱟᱲᱟᱹᱣ ᱚᱲᱚᱝᱮᱱ ᱛᱟᱭᱟ ᱟᱹᱰᱤ ᱵᱷᱟᱜᱮ, ᱟᱹᱰᱤ ᱱᱟᱯᱟᱭ ᱯᱟᱥ ᱢᱟᱢ ᱯᱟᱥ ᱯᱟᱨᱚᱢᱮᱱ ᱢᱮᱱ ᱟᱹᱞᱤᱧ ᱦᱚᱸ ᱡᱟᱦᱟᱸ ᱞᱮᱠᱟᱢ ᱯᱟᱥ ᱯᱟᱨᱚᱢ ᱞᱤᱧᱟᱹ।
train_santalimale_04817	wavs/train_santalimale_04817.wav	ᱟᱨ ᱵᱟᱝᱠᱷᱟᱱᱮᱢ ᱦᱤᱲᱤᱧ ᱞᱤᱧᱟᱹ, ᱱᱮᱛᱟᱨ ᱫᱚ! ᱪᱟᱜᱼᱟ ᱡᱮ ᱪᱮᱛᱟᱱ ᱥᱤᱠᱷᱱᱟᱹᱛ ᱠᱚ ᱦᱟᱢᱮᱴ ᱞᱮᱠᱷᱟᱱ ᱢᱚᱱᱮ ᱫᱚ ᱵᱚᱫᱚᱞᱚᱜᱼᱟ ᱜᱮᱭᱟ।
train_santalimale_04818	wavs/train_santalimale_04818.wav	ᱱᱮᱛᱟᱨ ᱫᱚ ᱟᱨ ᱦᱚᱸ ᱟᱹᱰᱤ ᱩᱥᱟᱹᱨᱟ-ᱩᱥᱟᱹᱨᱟ ᱜᱮᱭ ᱦᱤᱨᱤ ᱞᱤᱧᱟᱹ! ᱵᱚᱡᱦᱟ ᱜᱷᱟᱹᱨ ᱫᱚ ᱮᱱᱛᱮ ᱨᱟᱣᱟᱞ ᱧᱚᱜᱼᱟ ᱮᱱ ᱛᱟᱭᱟ।
train_santalimale_04819	wavs/train_santalimale_04819.wav	ᱦᱚᱲ ᱦᱚᱲᱢᱚ ᱟᱨ ᱵᱚᱭᱮᱥ ᱛᱮᱦᱚᱸ ᱫᱟᱲᱟᱸ ᱵᱟᱲᱟᱭᱮ ᱥᱟᱡᱟᱣᱮᱱᱟ।
train_santalimale_04820	wavs/train_santalimale_04820.wav	ᱦᱩᱫᱤᱥᱟᱱ, ᱠᱷᱮᱭᱟᱥᱟᱱ ᱟᱨ ᱞᱮᱜᱢᱟᱱᱮ ᱦᱚᱭᱮᱱ ᱛᱮ ᱥᱟᱱᱟᱢ ᱥᱮᱡᱼᱟ ᱟᱡᱼᱟ ᱜᱮᱭ ᱞᱟᱦᱟᱜᱼᱟ ᱟ।
train_santalimale_04821	wavs/train_santalimale_04821.wav	ᱢᱤᱴᱤᱠ ᱯᱟᱥ ᱠᱟᱛᱮ ᱛᱟᱭᱚᱢ ᱫᱚ ᱟᱠᱚ ᱚᱲᱟᱜᱼᱟ ᱛᱮᱭ ᱥᱮᱱ ᱮᱱᱟ ᱟᱡᱼᱟ ᱢᱟᱨᱟᱝ ᱜᱚ ᱢᱟᱨᱟᱝ ᱵᱟ ᱛᱟᱹᱠᱤᱱ ᱴᱷᱮᱱ ᱠᱷᱚᱱ! ᱮᱱᱛᱮ ᱟᱡᱼᱟ ᱵᱟᱵᱟ ᱢᱟ ᱦᱟᱱᱮ ᱥᱮᱫᱟᱭ ᱨᱮᱭ ᱵᱚᱝᱜᱟ ᱛᱟᱞᱟᱣᱟᱠᱟᱱ।
train_santalimale_04822	wavs/train_santalimale_04822.wav	ᱚᱠᱛᱮ-ᱚᱠᱛᱮ ᱨᱮ ᱱᱤᱛ ᱫᱚ ᱪᱟᱥᱚ-ᱵᱟᱥ ᱥᱮᱡᱼᱟ ᱢᱮᱫᱼᱟ ᱞᱩᱛᱩᱨ ᱦᱚᱭᱚᱜᱼᱟ ᱠᱟᱱ ᱛᱟᱭᱟ।
train_santalimale_04823	wavs/train_santalimale_04823.wav	ᱤᱧ ᱫᱚ ᱡᱟᱦᱟᱸ ᱛᱤᱥ ᱧᱟᱯᱟᱢ ᱵᱟᱲᱟᱹ ᱠᱚᱨᱮ ᱟᱨ ᱦᱚᱸᱧ ᱢᱮᱛᱟᱣᱟᱭ ᱜᱮᱭᱟ, ᱱᱤᱭᱟᱹ ᱥᱮᱪᱮᱫᱼᱟ ᱦᱟᱢᱮᱴ ᱢᱚᱛᱚ ᱠᱟᱛᱮ ᱢᱚᱱᱮ ᱫᱚ ᱟᱞᱚᱢ ᱯᱷᱩᱞᱟᱹᱩ ᱛᱟᱢᱟ।
train_santalimale_04824	wavs/train_santalimale_04824.wav	ᱡᱟᱦᱟᱸ ᱞᱮᱠᱟᱛᱮ ᱪᱮᱛᱟᱱ ᱥᱮᱡᱼᱟ ᱯᱟᱲᱦᱟᱜᱼᱟ ᱨᱮᱭᱟᱜᱼᱟ ᱠᱩᱨᱩᱢᱩᱴᱩᱭ ᱢᱮᱸ।
train_santalimale_04825	wavs/train_santalimale_04825.wav	ᱱᱚᱝᱠᱟ ᱞᱮᱠᱟ ᱤᱧᱟᱹᱜᱼᱟ ᱫᱚ ᱥᱟᱱᱟᱢ ᱞᱮᱠᱟᱱ ᱠᱟᱛᱷᱟᱭᱮ ᱵᱟᱛᱟᱣᱚ-ᱦᱟᱛᱟᱣᱮᱫᱼᱟ ᱠᱟᱱ ᱛᱟᱦᱮᱸᱱᱟ।
train_santalimale_04826	wavs/train_santalimale_04826.wav	ᱢᱤᱫᱼᱟ ᱫᱤᱱ ᱟᱪᱠᱟ ᱜᱮ ᱠᱷᱚᱵᱚᱨᱮ ᱧᱟᱢ ᱜᱚᱫᱼᱟ ᱠᱮᱫᱟ, ᱤᱧ ᱛᱮᱭᱟᱝ ᱫᱚᱭ ᱦᱟᱥᱚᱜᱼᱟ ᱠᱟᱱᱟ।
train_santalimale_04827	wavs/train_santalimale_04827.wav	ᱠᱟᱛᱷᱟ ᱟᱧᱡᱚᱢ ᱥᱟᱸᱣᱛᱮ ᱤᱧ ᱴᱷᱮᱱᱮ ᱦᱮᱡᱼᱟ ᱮᱱᱟ।
train_santalimale_04828	wavs/train_santalimale_04828.wav	ᱥᱟᱹᱨᱤ ᱜᱮ ᱤᱧ ᱫᱚᱧ ᱦᱟᱥᱚ ᱞᱟᱝᱜᱟᱣᱟᱠᱟᱱ ᱛᱟᱦᱮᱸᱱᱟ।
train_santalimale_04829	wavs/train_santalimale_04829.wav	ᱟᱹᱰᱤ ᱠᱚᱢ ᱚᱠᱛᱮ ᱨᱮ ᱟᱹᱰᱤ ᱜᱮᱧ ᱞᱟᱝᱜᱟ ᱜᱚᱫᱼᱟ ᱮᱱᱟ।
train_santalimale_04830	wavs/train_santalimale_04830.wav	ᱦᱮᱡᱼᱟ ᱠᱟᱛᱮ ᱵᱚᱜᱮ-ᱡᱩᱫᱟᱹ ᱠᱩᱞᱤ-ᱠᱩᱯᱩᱞᱤ ᱠᱟᱛᱮᱭᱮ ᱢᱮᱛᱟ ᱫᱤᱧᱟᱹ, ᱛᱮᱭᱟᱝ ᱟᱹᱰᱤ ᱩᱥᱟᱹᱨᱟᱢ ᱱᱟᱯᱟᱭᱚᱜᱼᱟ ᱟ।
train_santalimale_04831	wavs/train_santalimale_04831.wav	ᱤᱧ ᱦᱚᱨᱦᱚᱭᱤᱧ ᱞᱟᱹᱜᱤᱫᱼᱟ ᱯᱚᱱᱚ-ᱢᱚᱸᱲᱮᱸ ᱧᱤᱱᱫᱟᱹ ᱟᱞᱮ ᱴᱷᱮᱱ ᱜᱮᱭ ᱛᱟᱦᱮᱸᱭᱮᱱᱟ।
train_santalimale_04832	wavs/train_santalimale_04832.wav	ᱩᱱᱟᱹᱜᱼᱟ ᱢᱟᱭᱟ ᱛᱟᱭ ᱤᱧ ᱪᱮᱛᱟᱱ ᱨᱮ।
train_santalimale_04833	wavs/train_santalimale_04833.wav	ᱦᱩᱫᱤᱥᱟᱱ ᱜᱤᱫᱨᱟᱹ ᱯᱟᱥᱮᱡᱼᱟ ᱮ ᱦᱩᱫᱤᱥᱮᱫᱼᱟ ᱠᱟᱱ ᱡᱟᱦᱟᱸ ᱞᱮᱠᱟ ᱞᱮᱱ ᱠᱷᱟᱱᱮ ᱤᱧ ᱫᱤᱫᱤ ᱜᱮᱛᱚᱭ ᱦᱟᱞᱮ-ᱰᱟᱞᱮᱜᱼᱟ ᱟ।
train_santalimale_04834	wavs/train_santalimale_04834.wav	ᱢᱤᱫᱼᱟ ᱛᱟᱹᱱᱠᱷᱤ ᱛᱚᱞᱟᱥ ᱢᱚᱸᱲᱮᱸ ᱥᱤᱧᱚ-ᱢᱚᱸᱲᱮᱸ ᱧᱤᱱᱫᱟᱹ ᱮ ᱛᱟᱦᱮᱸᱭᱮᱱᱟ।
train_santalimale_04835	wavs/train_santalimale_04835.wav	ᱱᱟᱥᱮ ᱵᱟᱭ ᱟᱥᱠᱮᱛ ᱩᱥᱟᱹᱫᱼᱟ ᱟᱨ ᱠᱷᱤᱡᱞᱟᱹᱩ ᱞᱮᱱᱟ।
train_santalimale_04836	wavs/train_santalimale_04836.wav	ᱨᱟᱱᱚ-ᱨᱮᱦᱮᱫᱼᱟ ᱢᱤᱫᱼᱟ ᱛᱟᱞᱟᱣ ᱚᱠᱛᱮ-ᱚᱠᱛᱮ ᱨᱮᱭ ᱥᱚᱨ ᱟᱫᱤᱧᱟ।
train_santalimale_04837	wavs/train_santalimale_04837.wav	ᱡᱟᱦᱟᱸᱱᱟᱜᱼᱟ ᱨᱮᱭᱟᱜᱼᱟ ᱞᱟᱹᱜᱛᱤ ᱯᱟᱲᱟᱹᱣᱚᱜᱼᱟ ᱨᱮᱫᱚ ᱟᱡᱼᱟ ᱫᱤᱫᱤ ᱴᱟᱴᱠᱟᱭ ᱦᱚᱦᱚᱜᱚᱫᱼᱟ ᱟᱭ ᱠᱟᱱ ᱛᱟᱦᱮᱸᱱᱟ।
train_santalimale_04838	wavs/train_santalimale_04838.wav	ᱵᱟᱝ ᱫᱚ ᱩᱱᱤ ᱧᱮᱞ ᱛᱮᱜᱮ ᱵᱟᱝ ᱫᱚ ᱪᱮᱫᱼᱟ ᱛᱮ ᱟᱹᱰᱤ ᱩᱥᱟᱹᱨᱟ ᱜᱮᱧ ᱱᱟᱯᱟᱭ ᱜᱚᱫᱼᱟ ᱮᱱᱟ।
train_santalimale_04839	wavs/train_santalimale_04839.wav	ᱪᱮᱴᱷᱟ ᱧᱚᱜᱼᱟ ᱮᱱ ᱠᱷᱟᱱᱤᱧ ᱟᱡᱼᱟ ᱯᱟᱹᱨᱤ ᱞᱟᱱᱫᱟᱣᱟᱹᱧ ᱮ ᱫᱷᱩᱨᱟᱹᱣᱮᱱᱟ।
train_santalimale_04840	wavs/train_santalimale_04840.wav	ᱛᱮᱭᱟᱝ ᱫᱟᱲᱮ ᱭᱮᱱᱟᱢ ᱥᱮ ᱵᱟᱝ।
train_santalimale_04841	wavs/train_santalimale_04841.wav	ᱫᱟᱲᱮᱹ ᱦᱚᱫᱚᱜᱼᱟ ᱢᱮ ᱟᱨ ᱵᱟᱝᱠᱷᱟᱱ ᱪᱮᱠᱟ ᱠᱟᱛᱮᱱᱮᱢ ᱜᱷᱚᱸᱲᱟᱭᱤᱧ?
train_santalimale_04842	wavs/train_santalimale_04842.wav	ᱤᱧ ᱫᱚ ᱩᱥᱟᱹᱨᱟ ᱛᱮᱧ ᱨᱚᱲ ᱨᱩᱣᱟᱹᱲ ᱜᱚᱫᱼᱟ ᱟᱫᱮᱭᱟ,ᱫᱟᱲᱮᱜᱼᱟ ᱟᱧ ᱫᱟᱲᱮᱹ ᱭᱤᱱᱟᱹᱧ ᱛᱚ, ᱟᱞᱚᱢ ᱵᱷᱟᱵᱱᱟᱜᱼᱟ ᱟ!
train_santalimale_04843	wavs/train_santalimale_04843.wav	ᱫᱩᱠ ᱨᱮᱦᱚᱸ ᱥᱩᱠ ᱨᱮᱦᱚᱸ ᱩᱯᱟᱹᱥ ᱨᱮᱦᱚᱸ ᱛᱮᱛᱟᱝ ᱨᱮᱦᱚᱸ ᱦᱟᱨᱠᱮᱛ ᱨᱮᱦᱚᱸ ᱦᱟᱞᱟᱠ ᱨᱮᱦᱚᱸ ᱡᱟᱦᱟᱸ ᱛᱤᱱ ᱨᱮᱜᱮᱞᱤᱧ ᱧᱟᱯᱟᱢᱚᱜᱼᱟ, ᱱᱚᱟ ᱠᱟᱛᱷᱟ ᱫᱚ ᱞᱤᱧ ᱨᱚᱲ ᱨᱟᱠᱟᱵ ᱜᱮᱭᱟ।
train_santalimale_04844	wavs/train_santalimale_04844.wav	ᱛᱚᱵᱮ ᱟᱭᱟᱜᱼᱟ ᱟᱥ ᱦᱚᱸ ᱵᱟᱸᱫᱷᱟᱣᱮᱱ ᱛᱟᱭᱟ ᱡᱟᱦᱟᱸ ᱛᱤᱥ ᱵᱟᱯᱞᱟ ᱨᱮ ᱫᱚ ᱱᱩᱭ ᱴᱷᱮᱱ ᱜᱮᱧ ᱜᱷᱚᱸᱲᱟᱹ ᱚᱪᱚᱜᱼᱟ ᱟ ᱟᱨ ᱤᱧᱟᱹᱜᱼᱟ ᱟᱥ ᱢᱟ ᱢᱟᱨᱟᱝ ᱠᱷᱚᱱ ᱜᱮ ᱡᱟᱦᱟᱸ ᱛᱤᱥ ᱵᱟᱯᱞᱟ ᱭᱮ ᱨᱮᱫᱚ ᱤᱧ ᱜᱮᱧ ᱯᱩᱡᱟᱹᱨᱫᱟᱨᱚᱜᱼᱟ ᱟ।
train_santalimale_04845	wavs/train_santalimale_04845.wav	ᱱᱮᱥ ᱫᱚ ᱵᱟᱹᱦᱩ ᱠᱚ ᱵᱟᱹᱱᱤᱡ ᱟᱹᱜᱩᱣᱟᱭᱟ।
train_santalimale_04846	wavs/train_santalimale_04846.wav	ᱚᱱᱟ ᱤᱭᱟᱹᱛᱮ ᱟᱠᱚ ᱚᱲᱟᱜᱼᱟ ᱨᱮ ᱥᱟᱱᱟᱢ ᱠᱟᱹᱢᱤ ᱠᱚᱜᱮ ᱟᱹᱰᱤ ᱩᱥᱟᱹᱨᱟ-ᱩᱥᱟᱹᱨᱟ ᱠᱚ ᱠᱟᱹᱢᱤ ᱥᱟᱹᱛ ᱮᱫᱟ।
train_santalimale_04847	wavs/train_santalimale_04847.wav	ᱤᱨ ᱛᱩᱢᱟᱹᱞ ᱠᱷᱚᱱ ᱮᱦᱚᱵᱼᱟ ᱠᱟᱛᱮ ᱫᱟᱞᱚ-ᱡᱟᱝ, ᱛᱤᱠᱤ ᱪᱚᱱᱫᱟ ᱦᱚᱸ ᱟᱹᱰᱤ ᱩᱥᱟᱹᱨᱟ ᱠᱚ ᱜᱟᱱ ᱥᱟᱹᱛ ᱮᱫᱟ।
train_santalimale_04848	wavs/train_santalimale_04848.wav	ᱚᱲᱟᱜᱼᱟ-ᱫᱩᱣᱟᱹᱨ ᱪᱤᱠᱟᱸᱲ ᱥᱟᱠᱟᱢᱚ-ᱯᱟᱛᱲᱟᱹ ᱦᱚᱸ ᱠᱚ ᱨᱚᱜᱼᱟ ᱥᱟᱹᱛ ᱠᱮᱫᱟ।
train_santalimale_04849	wavs/train_santalimale_04849.wav	ᱧᱮᱞᱚ-ᱧᱮᱯᱮᱞ ᱢᱟ ᱮᱱᱛᱮ ᱠᱟᱹᱨᱛᱤᱠ ᱪᱟᱸᱫᱚ ᱨᱮᱜᱮ ᱦᱚᱭ ᱟᱠᱟᱱᱟ।
train_santalimale_04850	wavs/train_santalimale_04850.wav	ᱫᱮᱱᱮ ᱵᱟᱱᱟᱨ ᱡᱚᱢ ᱧᱩ ᱫᱚ ᱟᱸᱜᱦᱟᱸᱲ ᱵᱚᱝᱜᱟ ᱦᱚᱭᱮᱱᱟ।
train_santalimale_04851	wavs/train_santalimale_04851.wav	ᱯᱷᱟᱹᱜᱩᱱ ᱵᱚᱝᱜᱟ ᱫᱚ ᱤᱨᱣᱤᱞᱤᱧ ᱠᱚᱲᱟ ᱭᱟᱱᱮ ᱵᱷᱩᱛᱟᱹᱲ ᱥᱟᱹᱜᱩᱱ ᱵᱟᱯᱞᱟ ᱛᱟᱭ।
train_santalimale_04852	wavs/train_santalimale_04852.wav	ᱛᱮᱧᱟᱭᱟ ᱟᱹᱰᱤ ᱨᱟᱹᱥᱠᱟᱹ ᱨᱮ ᱢᱮᱱᱟᱜᱼᱟ ᱞᱤᱧᱟᱹ।
train_santalimale_04853	wavs/train_santalimale_04853.wav	ᱩᱱᱤ ᱦᱚᱸ ᱟᱥᱟ ᱯᱮᱨᱮᱡᱼᱟ ᱥᱟᱨᱮᱲ ᱠᱚᱭᱚᱜᱼᱟ ᱦᱚᱨ ᱨᱮ ᱟᱨ ᱤᱧ ᱦᱚᱸ ᱟᱥᱟ ᱯᱮᱨᱮᱡᱼᱟ ᱥᱟᱨᱮᱲ ᱠᱚᱭᱚᱜᱼᱟ ᱦᱚᱨ ᱨᱮ।
train_santalimale_04854	wavs/train_santalimale_04854.wav	ᱡᱟᱦᱟᱸ ᱛᱤᱥ ᱱᱟᱹᱤᱦᱟᱹᱨ ᱛᱮ ᱪᱟᱞᱟᱣ ᱵᱟᱲᱟᱹᱜᱼᱟ ᱨᱮ ᱟᱰᱮ ᱯᱟᱥᱮ ᱨᱮᱱ ᱦᱚᱲ ᱟᱹᱰᱤ ᱩᱥᱟᱹᱨᱟ ᱠᱚ ᱠᱩᱞᱤ ᱜᱚᱫᱮᱧᱟ।
train_santalimale_04855	wavs/train_santalimale_04855.wav	ᱟᱹᱰᱤ ᱟᱸᱴ ᱵᱮᱱ ᱦᱟᱥᱚᱭᱮᱱᱟ।
train_santalimale_04856	wavs/train_santalimale_04856.wav	ᱵᱟᱰᱟᱭ ᱞᱮᱫᱼᱟ ᱜᱮᱭᱟ ᱞᱮ ᱡᱟᱣᱟᱸᱭ ᱚᱯᱥᱚᱨ ᱜᱮ ᱵᱟᱞᱮ ᱧᱟᱢ ᱞᱮᱫᱟ।
train_santalimale_04857	wavs/train_santalimale_04857.wav	ᱱᱚᱝᱠᱟ ᱞᱮᱠᱟ ᱥᱟᱱᱟᱢ ᱠᱚ ᱵᱟᱰᱟᱭ ᱛᱤᱭᱟᱹᱜᱼᱟ ᱠᱮᱫᱟ ᱡᱟᱣᱟᱸᱭ ᱫᱚᱭ ᱦᱟᱥᱚ ᱞᱮᱱ ᱛᱟᱠᱚᱟ।
train_santalimale_04858	wavs/train_santalimale_04858.wav	ᱱᱚᱜᱼᱟᱚᱭ ᱱᱚᱟ ᱠᱟᱛᱷᱟ ᱵᱚᱛᱚᱨ ᱵᱷᱟᱵᱱᱟ ᱟᱨ ᱦᱤᱨᱠᱷᱟᱹ ᱦᱟᱱᱦᱟᱨᱤᱧ ᱟᱜᱼᱟ ᱢᱚᱱᱮ ᱨᱮ ᱟᱹᱝᱚᱠᱩᱨᱮᱱᱟ ᱡᱮ ᱡᱟᱣᱟᱸᱭ ᱫᱚ ᱨᱩᱣᱟᱹᱭᱮᱱᱟᱭ ᱦᱟᱥᱚᱭᱮᱱᱟᱭ ᱨᱚᱜ ᱮᱱᱟᱭ।
train_santalimale_04859	wavs/train_santalimale_04859.wav	ᱢᱚᱱᱮ-ᱢᱚᱱᱮ ᱛᱮᱭ ᱠᱩᱯᱩᱞᱤᱜᱼᱟ ᱟᱭ ᱱᱩᱭ ᱨᱚᱜ ᱠᱟᱨᱚᱱ ᱡᱟᱣᱟᱸᱭ ᱴᱷᱮᱱ ᱦᱚᱯᱚᱱᱮᱨᱟ ᱫᱚ ᱵᱟᱹᱧ ᱠᱩᱞᱤ ᱛᱤᱧᱟᱹ।
train_santalimale_04860	wavs/train_santalimale_04860.wav	ᱦᱚᱲ ᱦᱚᱸ ᱪᱮᱫᱼᱟ ᱵᱟᱠᱚ ᱢᱤᱛᱟᱧᱟ।
train_santalimale_04861	wavs/train_santalimale_04861.wav	ᱦᱚᱲ ᱠᱚ ᱦᱚᱸ ᱠᱚ ᱢᱮᱛᱟᱭᱟ ᱟᱞᱚᱢ ᱠᱚᱞᱮᱭᱟ, ᱱᱚᱝᱠᱟ ᱜᱮ ᱟᱨ ᱦᱚᱸ ᱡᱟᱦᱟᱸᱛᱤᱥ ᱮ ᱦᱟᱥᱚᱭᱮᱱ ᱜᱮ।
train_santalimale_04862	wavs/train_santalimale_04862.wav	ᱜᱚᱡᱼᱟ ᱵᱟᱹᱜᱤ ᱟᱫᱮᱣᱟᱭ ᱜᱮ।
train_santalimale_04863	wavs/train_santalimale_04863.wav	ᱟᱨᱮᱡᱼᱟ ᱪᱟᱞ ᱫᱟᱜᱼᱟ ᱨᱮᱭᱟᱲᱮᱱᱟ, ᱞᱟᱹᱤ ᱪᱟᱞ ᱠᱟᱛᱷᱟ ᱯᱩᱴᱤᱭᱮᱱᱟ।
train_santalimale_04864	wavs/train_santalimale_04864.wav	ᱦᱚᱲᱟᱜᱼᱟ ᱠᱟᱛᱷᱟ ᱜᱮᱭ ᱟᱧᱡᱚᱢ ᱠᱮᱫᱟ।
train_santalimale_04865	wavs/train_santalimale_04865.wav	ᱜᱷᱟᱨᱚᱧᱡ ᱨᱮᱱ ᱥᱟᱱᱟᱢ ᱦᱚᱲ ᱟᱭᱟᱜᱼᱟ ᱠᱟᱛᱷᱟ ᱛᱮᱭ ᱟᱹᱪᱩᱨ ᱠᱮᱫᱼᱟ ᱠᱚᱟ।
train_santalimale_04866	wavs/train_santalimale_04866.wav	ᱫᱩᱯᱩᱞᱟᱹᱲ ᱫᱟᱨᱦᱟ ᱨᱮ ᱯᱟᱭᱨᱟᱜᱼᱟ ᱠᱤᱱ ᱢᱩᱫ ᱨᱮ ᱢᱤᱫᱼᱟᱴᱮᱱ ᱯᱩᱴᱷᱤ ᱦᱟᱠᱚ ᱫᱚ ᱴᱟᱹᱬᱰᱤ ᱛᱮᱠᱚ ᱡᱷᱩᱞᱤ ᱨᱟᱠᱟᱵᱼᱟ ᱠᱮᱫᱮᱭᱟ ᱟᱨ ᱢᱤᱫᱼᱟᱴᱮᱱ ᱫᱚ ᱫᱟᱨᱦᱟ ᱫᱟᱜᱼᱟ ᱨᱮᱜᱮ ᱩᱰᱩ-ᱰᱩᱵᱩ ᱯᱟᱭᱨᱟᱜᱼᱟ ᱜᱮᱠᱚ ᱵᱟᱹᱜᱤᱭᱟᱫᱮᱭᱟ।
train_santalimale_04867	wavs/train_santalimale_04867.wav	ᱢᱟᱜ ᱵᱚᱝᱜᱟ ᱨᱮᱭᱟᱜᱼᱟ ᱠᱟᱝᱚᱠᱤᱲᱤᱫᱼᱟ ᱨᱟᱵᱟᱝ ᱨᱮ।
train_santalimale_04868	wavs/train_santalimale_04868.wav	ᱩᱤᱦᱟᱹᱨ ᱛᱟᱦᱮᱸᱭᱮᱱᱟ ᱫᱤᱥᱟᱹ ᱛᱟᱦᱮᱸᱭᱮᱱᱟ ᱯᱷᱟᱹᱜᱩᱱ ᱵᱚᱝᱜᱟ, ᱱᱮᱬᱰᱟ ᱛᱟᱦᱮᱸᱞᱮᱱᱟ ᱯᱮ-ᱯᱮ ᱥᱮᱨᱢᱟ ᱢᱟᱨᱟᱝ ᱠᱷᱚᱱ ᱠᱩᱭᱚᱬᱰᱤ ᱢᱤᱨᱩ ᱞᱮᱠᱟ ᱠᱮᱸᱲᱮᱫᱼᱟ-ᱫᱚᱲᱮᱫᱼᱟ, ᱪᱮᱨᱮᱡᱼᱟ-ᱪᱮᱯᱮᱨᱮᱡᱼᱟ ᱛᱩᱞᱩᱡᱼᱟ ᱥᱮᱵᱮᱞ ᱠᱟᱛᱷᱟ ᱵᱟᱭ ᱟᱠᱟᱫᱼᱟ, ᱛᱷᱟᱠ ᱟᱠᱟᱫᱼᱟ ᱛᱟᱦᱮᱸ ᱯᱤᱴᱟᱹᱨᱤ ᱨᱮ।
train_santalimale_04869	wavs/train_santalimale_04869.wav	ᱢᱚᱱᱮ ᱨᱮ ᱵᱷᱟᱵᱱᱟ ᱠᱟᱹᱦᱤᱸᱥ ᱫᱚ ᱩᱱᱤ ᱦᱚᱸᱭ ᱟᱴᱠᱟᱨ ᱠᱮᱫᱼᱟ ᱜᱮᱭᱟ।
train_santalimale_04870	wavs/train_santalimale_04870.wav	ᱪᱷᱟᱴᱠᱟ ᱨᱮ ᱛᱮᱝᱜᱚ ᱠᱟᱛᱮ ᱚᱱᱟ ᱯᱮ ᱥᱮᱨᱢᱟ ᱢᱟᱲᱟᱹᱝ ᱚᱱᱟ ᱪᱷᱟᱴᱠᱟ ᱨᱮᱜᱮ ᱧᱮᱯᱮᱞ ᱧᱟᱯᱟᱢ।
train_santalimale_04871	wavs/train_santalimale_04871.wav	ᱠᱚᱭᱚᱜᱼᱟ ᱞᱮᱫᱟᱭ ᱤᱧᱟᱹᱜᱼᱟ ᱢᱩᱴᱷᱟᱹᱱ ᱥᱮᱡᱼᱟ ᱩᱦᱨᱮᱫᱼᱟ ᱟᱭ ᱛᱮᱸᱧᱟᱭᱟ ᱨᱚᱯᱚᱲᱚ-ᱛᱷᱩᱛᱤ ᱠᱟᱛᱷᱟ।
train_santalimale_04872	wavs/train_santalimale_04872.wav	ᱫᱤᱥᱟᱹ ᱟᱹᱪᱩᱨ ᱜᱚᱫᱼᱟ ᱠᱮᱫᱟᱭ ᱜᱚᱜᱼᱟ ᱵᱷᱟᱹᱨᱤᱭᱟᱹᱣᱟᱠᱟᱫᱼᱟ ᱢᱟᱨᱟᱝ ᱠᱟᱛᱷᱟ।
train_santalimale_04873	wavs/train_santalimale_04873.wav	ᱢᱮᱸᱫᱼᱟ ᱫᱟᱜᱼᱟ ᱦᱤᱰᱤᱨ ᱢᱮᱱ ᱛᱮᱭ ᱡᱚᱨᱚ ᱞᱮᱫᱟ।
train_santalimale_04874	wavs/train_santalimale_04874.wav	ᱩᱱᱤᱭᱟᱜᱼᱟ ᱧᱮᱞ ᱛᱮ ᱤᱧᱟᱹᱜᱼᱟ ᱦᱚᱸ ᱵᱟᱝ ᱥᱟᱢᱵᱲᱟᱹᱣ ᱞᱮᱱ ᱛᱤᱧᱟᱹ।
train_santalimale_04875	wavs/train_santalimale_04875.wav	ᱟᱹᱞᱤᱧ ᱛᱟᱞᱟ ᱨᱮᱦᱚᱸ ᱡᱟᱭᱚᱡᱩᱜ ᱦᱟᱹᱵᱤᱡᱼᱟ ᱥᱟᱹᱜᱟᱭ ᱛᱚᱯᱟᱞ ᱩᱛᱟᱹᱨᱮᱱᱟ।
train_santalimale_04876	wavs/train_santalimale_04876.wav	ᱰᱤᱬᱲᱟᱹ ᱵᱟᱱᱫᱷᱟᱣᱮᱱᱟ, ᱯᱟᱞᱮᱱ ᱫᱚᱱ ᱠᱟᱛᱮ ᱜᱮᱸᱰᱟ ᱠᱟᱛᱮ ᱦᱚᱸ ᱚᱱᱟ ᱥᱤᱢᱟᱹ ᱫᱚ ᱵᱟᱞᱤᱧ ᱯᱟᱨᱚᱢ ᱫᱟᱲᱮᱭᱟᱜᱼᱟ ᱟ।
train_santalimale_04877	wavs/train_santalimale_04877.wav	ᱩᱤᱦᱟᱹᱨ ᱫᱚ ᱛᱟᱦᱮᱸᱭᱮᱱ ᱜᱮᱭᱟ, ᱫᱤᱥᱟᱹ ᱦᱚᱸ ᱛᱟᱦᱮᱸᱭᱮᱱ ᱜᱮᱭᱟ ᱩᱤᱦᱟᱹᱨ ᱱᱟᱞᱟ ᱫᱟᱜᱼᱟ ᱨᱮᱭᱟᱜᱼᱟ ᱠᱩᱠᱢᱩ ᱵᱷᱮᱣᱱᱟ ᱨᱮᱫᱚ ᱢᱩᱛᱤ ᱢᱟᱞᱟ ᱞᱮᱠᱟ ᱜᱟᱛᱷᱟᱣ ᱜᱮᱞᱤᱧ ᱛᱟᱦᱮᱸᱭᱮᱱᱟ।
train_santalimale_04878	wavs/train_santalimale_04878.wav	ᱢᱮᱱᱠᱷᱟᱱ ᱡᱟᱹᱛᱤ ᱥᱟᱸᱣᱛᱟ ᱜᱷᱟᱨᱚᱧᱡ ᱛᱟᱞᱟ ᱟᱧᱡᱞᱮ ᱛᱤ ᱨᱮᱫᱚ ᱢᱩᱛᱤ ᱢᱟᱞᱟ ᱛᱚᱯᱟᱜᱼᱟ ᱠᱟᱛᱮ ᱢᱩᱛᱤ ᱫᱟᱱᱟ ᱫᱚ ᱛᱟᱨᱟᱞᱚ-ᱵᱟᱥᱟᱞᱮᱱᱟ।
train_santalimale_04879	wavs/train_santalimale_04879.wav	ᱢᱚᱧᱡ ᱟᱹᱨᱥᱤ ᱨᱮᱦᱚᱸ ᱢᱮᱫᱼᱟ ᱦᱟᱸ ᱨᱮᱭᱟᱜᱼᱟ ᱢᱩᱴᱷᱟᱹᱱ ᱨᱟᱹᱯᱩᱫᱼᱟ ᱟᱹᱨᱥᱤ ᱨᱮ ᱞᱮᱠᱟ ᱧᱮᱞᱚᱜᱼᱟ ᱠᱟᱱᱟ ᱵᱟᱨ ᱦᱟᱹᱴᱤᱧ।
train_santalimale_04880	wavs/train_santalimale_04880.wav	ᱠᱚᱭᱚᱜᱼᱟ ᱞᱮᱫᱼᱟ ᱨᱮᱢᱟ ᱢᱮᱸᱫᱼᱟ ᱠᱤᱱ ᱜᱮ ᱟᱹᱱᱫᱷᱣᱟᱹ ᱞᱮᱱ।
train_santalimale_04881	wavs/train_santalimale_04881.wav	ᱯᱷᱟᱹᱜᱩᱱ ᱵᱚᱝᱜᱟ ᱨᱮᱭᱟᱜᱼᱟ ᱥᱟᱹᱜᱩᱱ ᱱᱮᱬᱰᱟ ᱫᱤᱱ ᱥᱮᱴᱮᱨᱮᱱᱟ।
train_santalimale_04882	wavs/train_santalimale_04882.wav	ᱛᱤᱦᱤᱧ ᱵᱷᱩᱛᱟᱹᱲ ᱫᱚ ᱠᱚ ᱵᱟᱯᱞᱟᱭᱮ ᱠᱟᱱᱟ।
train_santalimale_04883	wavs/train_santalimale_04883.wav	ᱜᱷᱟᱨᱚᱧᱡ ᱨᱮᱱ ᱡᱷᱮᱸᱴ ᱵᱮᱴᱟ, ᱟᱹᱰᱤ ᱡᱟᱠ ᱡᱚᱢᱚᱠ ᱟᱹᱰᱤ ᱨᱟᱹᱥᱠᱟᱹ ᱥᱟᱞᱟᱜᱼᱟ।
train_santalimale_04884	wavs/train_santalimale_04884.wav	ᱥᱟᱱᱟᱢ ᱯᱮᱲᱟᱹ ᱠᱚ ᱥᱮᱴᱮᱨ ᱟᱠᱟᱱᱟ।
train_santalimale_04885	wavs/train_santalimale_04885.wav	ᱟᱡᱼᱟ ᱢᱟᱨᱟᱝ ᱜᱚ ᱟᱡᱼᱟ ᱫᱤᱫᱤ ᱦᱚᱸ ᱢᱮᱱᱠᱷᱟᱱ ᱟᱡᱼᱟ ᱛᱮᱭᱟᱝ ᱫᱚ ᱵᱟᱝ।
train_santalimale_04886	wavs/train_santalimale_04886.wav	ᱥᱮᱴᱮᱨ ᱥᱟᱸᱣᱛᱮᱭ ᱠᱩᱞᱤ ᱠᱮᱫᱼᱟ ᱠᱚᱟ ᱦᱮᱡᱼᱟ ᱮᱱᱟ ᱯᱮ ᱢᱟᱨᱟᱝ ᱵᱟ, ᱚ ᱫᱤᱫᱤ ᱟᱢ ᱦᱚᱸ।
train_santalimale_04887	wavs/train_santalimale_04887.wav	ᱱᱤᱭᱟᱹ ᱠᱩᱞᱤ ᱥᱟᱸᱣ ᱛᱮᱜᱮ ᱢᱮᱸᱫᱼᱟ ᱫᱟᱜᱼᱟ ᱫᱚ ᱵᱷᱟᱲᱚ-ᱵᱷᱟᱲ ᱟᱛᱮ ᱡᱚᱨᱚᱭᱮᱱ ᱛᱟᱭᱟ।
train_santalimale_04888	wavs/train_santalimale_04888.wav	ᱥᱟᱱᱟᱢ ᱯᱮᱲᱟ ᱩᱱᱤ ᱥᱮᱡᱼᱟ ᱠᱚ ᱠᱚᱭᱚᱜᱼᱟ ᱠᱮᱫᱼᱟ ᱟ।
train_santalimale_04889	wavs/train_santalimale_04889.wav	ᱛᱮᱦᱮᱧ ᱱᱚᱝᱠᱟᱱ ᱫᱤᱱ ᱨᱮ ᱢᱮᱸᱫᱼᱟ ᱫᱟᱜᱼᱟ ᱪᱮᱫᱼᱟ ᱜᱮ ᱵᱟᱭ ᱨᱚᱲ ᱞᱮᱫᱟ।
train_santalimale_04890	wavs/train_santalimale_04890.wav	ᱛᱮᱦᱮᱧ ᱤᱧᱟᱹᱜᱼᱟ ᱢᱚᱱᱮ ᱡᱤᱣᱤ ᱦᱚᱸ ᱪᱷᱟᱴ ᱯᱟᱴᱟᱜᱼᱟ ᱠᱟᱱᱟ।
train_santalimale_04891	wavs/train_santalimale_04891.wav	ᱮᱱᱛᱮ ᱵᱷᱩᱛᱟᱹᱲᱟᱜᱼᱟ ᱥᱟᱹᱜᱩᱱ ᱵᱟᱯᱞᱟ ᱨᱮ ᱵᱟᱹᱧ ᱥᱮᱴᱮᱨ ᱫᱟᱲᱮᱭᱟᱜᱼᱟ ᱠᱟᱱᱟ।
train_santalimale_04892	wavs/train_santalimale_04892.wav	ᱠᱟᱛᱷᱟᱧ ᱮᱢᱟᱫᱮ ᱛᱟᱦᱮᱸ ᱚᱱᱟ ᱠᱟᱛᱷᱟ ᱦᱚᱸ ᱵᱟᱹᱧ ᱯᱩᱨᱟᱹᱩ ᱫᱟᱲᱮᱭᱟᱜᱼᱟ ᱠᱟᱱᱟ।
train_santalimale_04893	wavs/train_santalimale_04893.wav	ᱜᱚᱜᱼᱟ ᱵᱷᱟᱹᱨᱤᱭᱟᱹ ᱞᱮᱫᱼᱟ ᱤᱱᱟᱹ ᱢᱟᱱᱚᱛ ᱠᱟᱛᱷᱟ ᱚᱠᱛᱮ ᱵᱟᱝ ᱨᱮᱜᱮ ᱛᱟᱨᱮᱱ ᱠᱷᱚᱱ ᱦᱚᱥᱚᱫᱼᱟ ᱧᱩᱨᱮᱱᱟ।
train_santalimale_04894	wavs/train_santalimale_04894.wav	ᱩᱤᱦᱟᱹᱨ ᱜᱟᱬᱲᱚᱱ ᱨᱮᱭᱟᱜᱼᱟ ᱡᱚᱞᱟ ᱨᱮ ᱛᱩᱯᱩᱱ ᱛᱩᱞᱩᱡᱼᱟ ᱠᱚᱯᱟᱞ ᱜᱮ ᱵᱟᱨᱚ ᱵᱟᱠᱷᱟᱱᱤᱧ ᱮᱜᱮᱨᱟᱫᱟ।
train_santalimale_04895	wavs/train_santalimale_04895.wav	ᱩᱱᱤᱭᱟᱜᱼᱟ ᱡᱟᱠ ᱡᱚᱢᱚᱠ ᱨᱟᱹᱥᱠᱟᱹ ᱵᱟᱯᱞᱟ ᱲᱚᱞᱚ-ᱰᱷᱟᱠ ᱨᱮᱭᱟᱜᱼᱟ ᱥᱟᱰᱮ ᱞᱩᱛᱩᱨ ᱨᱮ ᱛᱟᱨᱠᱚ ᱣᱟᱹᱧ ᱠᱟᱱᱟ।
train_santalimale_04896	wavs/train_santalimale_04896.wav	ᱟᱹᱰᱤ ᱡᱚᱢᱚᱠ ᱢᱮᱱᱠᱷᱟᱱ ᱢᱚᱱᱮ ᱫᱚ ᱫᱷᱚᱢᱚᱠᱚᱜᱼᱟ ᱠᱟᱱᱟ।
train_santalimale_04897	wavs/train_santalimale_04897.wav	ᱵᱟᱦ ᱨᱮ ᱪᱟᱸᱫᱚ! ᱞᱟᱸᱥᱟᱲᱦᱮᱫᱼᱟ ᱜᱮᱛᱟᱢᱟ ᱟᱢᱟᱜᱼᱟ ᱞᱤᱞᱟᱹ ᱟᱨ ᱠᱷᱮᱞᱟ ᱫᱚ! ᱧᱟᱯᱟᱢ ᱠᱚᱣᱟᱢ ᱵᱟᱯᱟᱜ ᱠᱚᱣᱟᱢ।
train_santalimale_04898	wavs/train_santalimale_04898.wav	ᱛᱮᱦᱮᱧ ᱚᱠᱚᱭ ᱪᱚᱠᱚ ᱜᱷᱚᱸᱲᱟᱭᱮᱠᱟᱱ।
train_santalimale_04899	wavs/train_santalimale_04899.wav	ᱚᱠᱚᱭ ᱪᱮᱫᱼᱟ ᱞᱮᱠᱟᱱ ᱥᱟᱫᱚᱢ ᱪᱮᱛᱟᱱ ᱠᱷᱚᱱ ᱪᱚ ᱡᱤᱣᱤ ᱡᱩᱨᱤᱭ ᱟᱯᱱᱟᱨᱮᱠᱟᱱ?
train_santalimale_04900	wavs/train_santalimale_04900.wav	ᱟᱡᱼᱟ ᱫᱤᱫᱤ ᱭᱟᱜᱼᱟ ᱥᱟᱹᱜᱩᱱ ᱴᱷᱤᱞᱤ ᱫᱟᱜᱼᱟ, ᱥᱟᱹᱜᱩᱱ ᱞᱚᱴᱟ ᱫᱟᱜᱼᱟ ᱦᱚᱸ ᱫᱩᱰᱩᱸᱡᱼᱟ ᱠᱟᱛᱮ ᱮᱴᱟᱜᱼᱟ ᱠᱚᱣᱟᱜᱼᱟ ᱛᱤᱛᱮ ᱟᱹᱛᱩ ᱪᱟᱞᱟᱣᱮᱱᱟ।
train_santalimale_04901	wavs/train_santalimale_04901.wav	ᱩᱱᱤᱭᱟᱜᱼᱟ ᱥᱟᱫ ᱦᱚᱸ ᱯᱟᱥᱮᱡᱼᱟ ᱨᱟᱹᱯᱩᱫᱼᱟ ᱮᱱ ᱛᱟᱭᱟ।
train_santalimale_04902	wavs/train_santalimale_04902.wav	ᱫᱤᱱ ᱠᱮ ᱫᱤᱱ ᱯᱟᱨᱚᱢ ᱪᱟᱞᱟᱣᱮᱱᱟ।
train_santalimale_04903	wavs/train_santalimale_04903.wav	ᱧᱟᱯᱟᱢᱚ-ᱧᱮᱯᱮᱞ ᱟᱯᱟᱫᱼᱟ ᱩᱛᱟᱹᱨᱮᱱᱟ।
train_santalimale_04904	wavs/train_santalimale_04904.wav	ᱚᱠᱟ ᱨᱮᱭᱮ ᱧᱟᱯᱟᱢᱟ? ᱟᱯᱟᱢ ᱧᱮᱯᱮᱞ ᱨᱮᱫᱚ ᱯᱟᱥᱮᱡᱼᱟ ᱞᱤᱧ ᱨᱚᱲ ᱡᱚᱲ ᱠᱚᱜᱼᱟ ᱜᱮᱭᱟ।
train_santalimale_04905	wavs/train_santalimale_04905.wav	ᱯᱚᱱᱚᱛ ᱨᱮᱭᱟᱜᱼᱟ ᱰᱤᱬᱲᱟᱹ ᱦᱚᱸ ᱦᱤᱲᱤᱧ ᱦᱟᱯᱮ, ᱟᱹᱰᱤ ᱥᱟᱹᱸᱜᱤᱧ।
train_santalimale_04906	wavs/train_santalimale_04906.wav	ᱦᱟᱱᱟ ᱥᱟ ᱱᱚᱟ ᱥᱟ ᱠᱚᱭᱚᱜᱼᱟ ᱧᱟᱯᱟᱢ ᱯᱟᱹᱪᱨᱤ ᱟᱹᱰᱤ ᱩᱥᱩᱞᱮᱱᱟ।
train_santalimale_04907	wavs/train_santalimale_04907.wav	ᱢᱮᱱᱠᱷᱟᱱ ᱩᱱᱤᱭᱟᱜᱼᱟ ᱪᱷᱟᱯ ᱤᱧᱟᱹᱜᱼᱟ ᱚᱱᱛᱚᱨ ᱨᱮ ᱡᱟᱭᱚᱡᱩᱜ ᱪᱷᱟᱯᱟ ᱛᱟᱦᱮᱸᱭᱮᱱᱟ।
train_santalimale_04908	wavs/train_santalimale_04908.wav	ᱩᱱᱤᱭᱟᱜᱼᱟ ᱩᱤᱦᱟᱹᱨ ᱱᱟᱞᱟ ᱨᱮ ᱡᱟᱭᱚᱡᱩᱜ ᱞᱤᱸᱜᱤᱱ ᱛᱮᱜᱮᱧ ᱛᱟᱦᱮᱸᱭᱮᱱᱟ, ᱞᱮᱧᱚ-ᱵᱚᱧ।
train_santalimale_04909	wavs/train_santalimale_04909.wav	ᱚᱱᱟ ᱤᱭᱟᱹᱛᱮ ᱡᱟᱦᱟᱸ ᱛᱤᱥ ᱠᱚᱨᱮ ᱞᱤᱸᱜᱤ-ᱞᱤᱸᱜᱤ ᱛᱮ ᱞᱤᱸᱜᱤ ᱥᱮᱴᱮᱨᱚᱜᱼᱟ ᱜᱮᱭᱟ ᱯᱚᱬᱰ ᱠᱟᱜᱚᱪ ᱨᱮ ᱧᱟᱯᱟᱢ ᱞᱟᱹᱜᱤᱫᱼᱟ।
train_santalimale_04910	wavs/train_santalimale_04910.wav	ᱵᱷᱟᱨᱚᱬᱲᱚ ᱦᱚᱭ ᱥᱟᱸᱣ ᱢᱮᱥᱟ ᱠᱟᱛᱮ ᱯᱚᱬᱰ ᱥᱟᱠᱟᱢ ᱫᱚ ᱟᱡᱼᱟ ᱦᱚᱸ ᱚᱴᱟᱝ ᱥᱮᱴᱮᱨᱟᱭ ᱜᱮᱭᱟ।
train_santalimale_04911	wavs/train_santalimale_04911.wav	ᱩᱱᱤᱭᱟᱜᱼᱟ ᱩᱤᱦᱟᱹᱨ ᱨᱮ ᱤᱧ ᱦᱚᱸ ᱦᱚᱭᱚ-ᱵᱷᱟᱨᱚᱬᱲᱚ ᱞᱮᱠᱟᱧ ᱚᱴᱟᱝ ᱵᱟᱲᱟᱭᱟ।
train_santalimale_04912	wavs/train_santalimale_04912.wav	ᱢᱮᱱᱠᱷᱟᱱ ᱦᱚᱭ ᱵᱷᱟᱨᱚᱬᱲᱚ ᱥᱟᱸᱣ ᱱᱚᱟ ᱯᱚᱬᱰ ᱥᱟᱠᱟᱢ ᱫᱚ ᱛᱤᱱ ᱫᱤᱱ ᱚᱴᱟᱝ ᱵᱟᱲᱟᱹᱭ ᱛᱟᱞᱤᱧᱟᱹ?
train_santalimale_04913	wavs/train_santalimale_04913.wav	ᱚᱠᱟ ᱦᱤᱞᱚᱜᱼᱟ ᱪᱚ ᱚᱴᱟᱝ ᱟᱸᱜᱮᱱᱚᱜᱼᱟ ᱚᱠᱚᱭ ᱞᱟᱹᱤ ᱠᱮ?
train_santalimale_04914	wavs/train_santalimale_04914.wav	ᱪᱤᱛᱛᱚᱨᱚᱸᱡᱚᱱ ᱨᱮᱞ ᱴᱤᱥᱟᱹᱱ ᱠᱷᱚᱱ ᱠᱚᱸᱭᱮ ᱯᱟᱦᱴᱟ ᱟᱢᱫᱟᱡ ᱯᱚᱱ ᱠᱤᱞᱚᱢᱤᱴᱟᱨ ᱥᱟᱸᱜᱤᱧ ᱨᱮᱞ ᱤᱧᱡᱤᱱ ᱠᱟᱨᱠᱷᱟᱱᱟ, ᱪᱤᱛᱛᱚᱨᱚᱸᱡᱚᱱ ᱨᱮᱭᱟᱜᱼᱟ ᱢᱤᱫᱼᱟ ᱨᱮᱞ ᱠᱩᱣᱟᱹᱴᱚᱨ।
train_santalimale_04915	wavs/train_santalimale_04915.wav	ᱥᱤᱧ ᱟᱠᱟᱫᱼᱟ ᱥᱤᱞᱚᱯᱤᱧ ᱫᱩᱣᱟᱹᱨ ᱜᱟᱱᱟᱰᱤ ᱨᱮ ᱡᱟᱝᱜᱟ ᱫᱚᱦᱚ ᱠᱟᱛᱮ ᱫᱩᱣᱟᱹᱨ ᱠᱷᱚᱱ ᱜᱮ ᱥᱟᱹᱢᱩ ᱫᱚᱭ ᱟᱲᱟᱝ ᱞᱮᱫᱼᱟ ᱟ।
train_santalimale_04916	wavs/train_santalimale_04916.wav	ᱢᱤᱫᱼᱟ ᱜᱷᱟᱹᱲᱤ ᱛᱟᱭᱚᱢ ᱠᱷᱟᱱ ᱜᱮ ᱟᱲᱟᱝ ᱟᱧᱡᱚᱢ ᱨᱩᱣᱟᱹᱲᱮᱱᱟ, ᱥᱤᱞᱚᱯᱤᱧ ᱥᱤᱧ ᱦᱩᱲᱠᱟᱹᱲ ᱯᱚᱴᱚᱢ ᱵᱷᱤᱛᱨᱤ ᱠᱟᱱᱫᱦᱟ ᱠᱷᱚᱱ ᱵᱟᱞᱮ ᱡᱷᱤᱡᱼᱟ ᱟᱵᱮᱱᱟ, ᱨᱩᱣᱟᱹᱲ ᱪᱟᱞᱟᱜᱼᱟ ᱵᱮᱱ।
train_santalimale_04917	wavs/train_santalimale_04917.wav	ᱱᱚᱟ ᱠᱟᱛᱷᱟ ᱟᱧᱡᱚᱢ ᱠᱟᱛᱮ ᱨᱮᱦᱚᱸ ᱥᱟᱹᱢᱩ ᱫᱚ ᱛᱷᱟᱨᱮ ᱢᱟᱨ ᱵᱟᱭ ᱨᱩᱣᱟᱹᱲ ᱞᱮᱱᱟ।
train_santalimale_04918	wavs/train_santalimale_04918.wav	ᱵᱤᱪᱠᱚᱢ ᱟᱹᱰᱤ ᱟᱭᱢᱟ ᱜᱷᱟᱹᱲᱤᱡᱼᱟ ᱚᱱᱟ ᱫᱩᱣᱟᱹᱨ ᱨᱮᱜᱮ ᱛᱮᱝᱜᱚ ᱡᱟᱯᱟᱜᱼᱟ ᱮ ᱛᱟᱦᱮᱸᱭᱮᱱᱟ।
train_santalimale_04919	wavs/train_santalimale_04919.wav	ᱦᱩᱫᱤᱥᱮᱫᱼᱟ ᱟᱭ ᱪᱮᱫᱼᱟ ᱠᱚᱠᱚ ᱪᱮᱠᱟ ᱭᱮᱫᱼᱟ ᱠᱷᱟᱹᱛᱤᱨ ᱪᱚᱝ ᱡᱷᱤᱡᱼᱟ ᱨᱮᱠᱚ ᱵᱤᱞᱚᱢᱚᱫᱼᱟ ᱟᱨ ᱚᱠᱚᱭ ᱴᱟᱜᱼᱟ ᱞᱟᱱᱫᱟ ᱥᱟᱹᱜᱟᱹᱭᱤᱡᱼᱟ ᱪᱚ ᱱᱚᱟ ᱫᱚᱭ ᱢᱮᱱ ᱠᱮᱫᱼᱟ।
train_santalimale_04920	wavs/train_santalimale_04920.wav	ᱤᱱᱟᱹ ᱛᱟᱭᱚᱢ ᱟᱨ ᱦᱚᱸᱭ ᱦᱚᱦᱚᱠᱮᱫᱼᱟ ᱟ।
train_santalimale_04921	wavs/train_santalimale_04921.wav	ᱢᱮᱱᱠᱷᱟᱱ ᱱᱤᱭᱟᱹ ᱫᱷᱟᱣ ᱫᱚ ᱪᱮᱫᱼᱟ ᱡᱚᱵᱟᱵ ᱜᱮ ᱵᱟᱭ ᱧᱟᱢ ᱨᱩᱣᱟᱹᱲ ᱞᱮᱫᱟ।
train_santalimale_04922	wavs/train_santalimale_04922.wav	ᱢᱤᱫᱼᱟ ᱵᱟᱨ ᱜᱟᱱᱫᱟᱨᱚ-ᱜᱩᱱᱫᱩᱨ ᱟᱲᱟᱝ ᱜᱮ ᱞᱩᱛᱩᱨ ᱨᱮ ᱛᱟᱨᱠᱚᱣᱟᱫᱮᱭᱟ।
train_santalimale_04923	wavs/train_santalimale_04923.wav	ᱛᱟᱹᱸᱜᱤ ᱛᱟᱸᱲᱟᱠ, ᱫᱩᱣᱟᱹᱨ ᱜᱟᱱᱟᱰᱤ ᱨᱮ ᱛᱮᱝᱜᱚ ᱢᱚᱠᱚᱧ ᱚᱱᱟ ᱫᱩᱣᱟᱹᱨ ᱫᱚᱭ ᱫᱮᱭᱟ ᱠᱟᱫᱟ ᱟᱨ ᱢᱟᱨᱟᱝ ᱥᱮᱡᱼᱟ ᱮ ᱢᱚᱦᱚᱬᱰᱟᱭᱮᱱᱟ।
train_santalimale_04924	wavs/train_santalimale_04924.wav	ᱦᱩᱫᱤᱥ ᱦᱮᱡᱼᱟ ᱜᱚᱫᱼᱟ ᱟᱫᱮᱭᱟ, ᱚ।
train_santalimale_04925	wavs/train_santalimale_04925.wav	ᱛᱷᱚᱲᱟᱹ ᱥᱟᱸᱜᱤᱧ ᱨᱮᱜᱮ ᱪᱚ ᱤᱧ ᱢᱟᱨᱟᱝ ᱵᱟᱵᱟ ᱢᱮᱱᱟᱭ।
train_santalimale_04926	wavs/train_santalimale_04926.wav	ᱢᱚᱱᱮ ᱨᱮ ᱚᱠᱟ ᱥᱟᱫ, ᱚᱠᱟ ᱟᱥᱣᱟᱱ ᱛᱮᱭ ᱥᱮᱱ ᱞᱮᱱ ᱚᱱᱟ ᱟᱥ ᱫᱚ ᱟᱨ ᱜᱮ ᱫᱟᱜᱼᱟ ᱪᱷᱤᱴᱠᱟᱹᱩ ᱨᱟᱧᱡᱟᱣ ᱵᱟᱹᱸᱲᱛᱤᱭᱮᱱᱟ।
train_santalimale_04927	wavs/train_santalimale_04927.wav	ᱱᱟᱥᱮ ᱵᱟᱭ ᱵᱩᱡ ᱛᱤᱭᱟᱹᱜᱼᱟ ᱧᱟᱢ ᱫᱟᱲᱮᱭᱟᱫᱟ ᱡᱮ ᱪᱮᱫᱟᱜᱼᱟ ᱪᱮᱫᱼᱟ ᱤᱭᱟᱹᱛᱮ ᱵᱟᱠᱚ ᱡᱷᱤᱡᱼᱟ ᱟᱹᱫᱤᱧᱟ ᱟᱨ ᱨᱩᱣᱟᱹᱲ ᱪᱟᱞᱟᱜᱼᱟ ᱫᱚ ᱪᱟᱜᱼᱟ ᱠᱚ ᱢᱮᱛᱟᱫᱤᱧᱟᱹ।
train_santalimale_04928	wavs/train_santalimale_04928.wav	ᱟᱹᱰᱤ ᱦᱩᱫᱤᱥ ᱪᱤᱱᱛᱟᱹᱨᱮᱭ ᱯᱟᱲᱟᱹᱣᱮᱱᱟ।
train_santalimale_04929	wavs/train_santalimale_04929.wav	ᱦᱩᱫᱤᱥᱮᱫᱼᱟ ᱟᱭ ᱥᱸᱛᱟᱞ ᱥᱟᱸᱣᱛᱟ ᱨᱮ ᱱᱚᱝᱠᱟᱱ ᱚᱦᱚᱣᱟᱱ ᱜᱷᱚᱴᱚᱱᱟ ᱫᱚ ᱯᱩᱤᱞᱟᱹ ᱯᱟᱥᱮᱡᱼᱟ ᱤᱧ ᱥᱚᱛᱮᱡᱼᱟ ᱜᱮ ᱜᱷᱟᱴᱟᱣᱮᱱᱟ।
train_santalimale_04930	wavs/train_santalimale_04930.wav	ᱩᱱ ᱫᱤᱱ ᱚᱠᱚᱨ ᱱᱚᱝᱠᱟᱱ ᱜᱷᱚᱴᱚᱱᱟ ᱫᱚ ᱵᱟᱹᱧ ᱟᱧᱡᱚᱢ ᱵᱟᱲᱟᱹᱣᱟᱠᱟᱫᱟ।
train_santalimale_04931	wavs/train_santalimale_04931.wav	ᱛᱷᱚᱲᱟᱹ ᱥᱟᱹᱸᱜᱤᱧ ᱪᱟᱞᱟᱣ ᱠᱟᱛᱮ ᱟᱡᱼᱟ ᱢᱟᱨᱟᱝ ᱵᱟᱵᱟ ᱣᱟᱜᱼᱟ ᱠᱩᱣᱟᱹᱴᱚᱨ ᱮ ᱛᱤᱭᱟᱹᱜᱼᱟ ᱠᱮᱫᱟ।
train_santalimale_04932	wavs/train_santalimale_04932.wav	ᱵᱚᱞᱚ ᱥᱟᱸᱣ ᱛᱮᱭ ᱠᱩᱞᱤ ᱜᱚᱫᱼᱟ ᱠᱮᱫᱮᱭᱟ, ᱚᱠᱟ ᱠᱷᱚᱱ ᱦᱚ? ᱛᱮᱞᱟ ᱨᱩᱣᱟᱹᱲ ᱠᱮᱫᱼᱟ ᱟᱭ, ᱚᱲᱟᱜᱼᱟ ᱠᱷᱚᱱ ᱜᱮ।
train_santalimale_04933	wavs/train_santalimale_04933.wav	ᱢᱤᱫᱼᱟ ᱜᱷᱟᱹᱲᱤ ᱵᱟᱫ ᱵᱚᱜᱮ-ᱡᱩᱫᱟᱹ ᱠᱩᱯᱩᱞᱤ ᱵᱟᱲᱟᱹ ᱛᱟᱭᱚᱢ ᱥᱟᱹᱨᱤ ᱠᱟᱛᱷᱟᱭᱮ ᱞᱟᱹᱤ ᱠᱮᱫᱟ।
train_santalimale_04934	wavs/train_santalimale_04934.wav	ᱱᱟᱹᱤᱦᱟᱹᱨ ᱥᱮᱡᱼᱟ ᱵᱟᱹᱦᱩ ᱟᱹᱜᱩ ᱢᱮᱱᱛᱮᱧ ᱥᱮᱱ ᱞᱮᱱᱟ, ᱢᱮᱱᱠᱷᱟᱱ ᱫᱩᱣᱟᱹᱨ ᱜᱮ ᱵᱟᱠᱚ ᱡᱷᱤᱡᱼᱟ ᱟᱹᱫᱤᱧᱟ ᱟᱨ ᱵᱷᱤᱛᱨᱤ ᱠᱷᱚᱱ ᱜᱮ ᱨᱩᱣᱟᱹᱲ ᱪᱟᱞᱟᱣᱚᱜᱼᱟ ᱠᱚ ᱢᱮᱛᱟᱣᱟᱹᱫᱤᱧᱟ।
train_santalimale_04935	wavs/train_santalimale_04935.wav	ᱟᱡᱼᱟ ᱢᱟᱨᱟᱝ ᱵᱟ ᱫᱚᱭ ᱠᱩᱞᱤ ᱨᱩᱣᱟᱹᱲ ᱠᱮᱫᱮᱭᱟ,ᱚᱠᱚᱭᱮ ᱢᱮᱛᱟᱜᱼᱟ ᱢᱮᱭᱟ?
train_santalimale_04936	wavs/train_santalimale_04936.wav	ᱥᱟᱹᱢᱩ ᱫᱚᱭ ᱞᱟᱹᱤ ᱟᱫᱮᱭᱟ,ᱩᱱᱟᱜᱼᱟ ᱫᱚ ᱵᱟᱹᱧ ᱵᱩᱡ ᱞᱮᱫᱟ ᱢᱮᱱᱠᱷᱟᱱ ᱵᱟᱵᱟ ᱦᱚᱲᱟᱹᱜᱼᱟ ᱟᱲᱟᱝ ᱞᱮᱠᱟ ᱜᱮᱧ ᱟᱧᱡᱚᱢ ᱞᱮᱫᱟ।
train_santalimale_04937	wavs/train_santalimale_04937.wav	ᱟᱡᱼᱟ ᱢᱟᱨᱟᱝ ᱵᱟ ᱫᱚᱭ ᱢᱮᱱ ᱠᱮᱫᱼᱟ ᱟ,ᱵᱟᱵᱟ ᱦᱚᱲ ᱫᱚ ᱚᱠᱚᱭ?
train_santalimale_04938	wavs/train_santalimale_04938.wav	ᱠᱩᱣᱟᱹᱴᱚᱨ ᱨᱮᱢᱟ ᱵᱟᱵᱟ ᱦᱚᱲ ᱢᱟ ᱵᱟᱨ ᱦᱚᱲ ᱜᱮᱠᱤᱱ, ᱢᱤᱫᱼᱟ ᱢᱟ ᱦᱚᱧᱦᱟᱨ ᱢᱮ ᱫᱚᱥᱟᱨ ᱢᱟ ᱵᱟᱦᱚᱧᱦᱟᱨ ᱢᱮ।
train_santalimale_04939	wavs/train_santalimale_04939.wav	ᱛᱚᱵᱮ ᱦᱚᱭ ᱫᱟᱲᱮᱹᱭᱟᱜᱼᱟ ᱟ ᱩᱱᱚᱠᱤᱱ ᱢᱩᱫ ᱨᱮ ᱡᱟᱦᱟᱸᱭ ᱵᱟᱝ ᱡᱟᱦᱟᱸᱭ ᱠᱷᱟᱹᱴᱤ ᱜᱮ ᱢᱤᱫᱼᱟ ᱦᱚᱲ ᱠᱟᱱᱟ ᱠᱤᱱ।
train_santalimale_04940	wavs/train_santalimale_04940.wav	ᱥᱟᱹᱢᱩ ᱫᱚᱭ ᱢᱮᱱ ᱠᱮᱫᱟ ᱚᱱᱟ ᱜᱮᱛᱚ ᱢᱟᱨᱟᱝ ᱵᱟ, ᱦᱮᱸ ᱪᱚ ᱪᱮᱫᱼᱟ ᱪᱚᱝ।
train_santalimale_04941	wavs/train_santalimale_04941.wav	ᱦᱚᱧᱦᱟᱨᱤᱧᱟᱜᱼᱟ ᱨᱚᱲ ᱞᱮᱠᱟ ᱜᱮᱧ ᱟᱧᱡᱚᱢ ᱞᱮᱫᱟ।
train_santalimale_04942	wavs/train_santalimale_04942.wav	ᱟᱡᱼᱟ ᱢᱟᱨᱟᱝ ᱵᱟ ᱫᱚ ᱟᱨ ᱦᱚᱸᱭ ᱢᱮᱱ ᱠᱮᱫᱟ, ᱛᱚᱵᱮ ᱦᱚᱧᱦᱟᱨ ᱢᱮ ᱫᱚ ᱫᱩᱣᱟᱹᱨ ᱵᱟᱭ ᱡᱷᱤᱡᱼᱟ ᱟᱫᱼᱟ ᱢᱮᱭᱟ ᱟᱨ ᱨᱩᱣᱟᱹᱲ ᱪᱟᱞᱟᱜᱼᱟ ᱮ ᱢᱮᱛᱟᱜᱼᱟ ᱢᱮᱭᱟ।
train_santalimale_04943	wavs/train_santalimale_04943.wav	ᱪᱮᱠᱟ ᱦᱚᱯᱚᱱ ᱮᱨᱟ ᱠᱚ ᱫᱚ ᱵᱟᱭ ᱮᱴᱟᱜᱼᱟ ᱫᱩᱣᱟᱹᱨ ᱠᱚᱟ।
train_santalimale_04944	wavs/train_santalimale_04944.wav	ᱚᱲᱟᱜᱼᱟ ᱨᱮᱜᱮᱭ ᱫᱚᱦᱚ ᱠᱟᱠᱚᱟ, ᱥᱮ ᱪᱮᱫᱼᱟ?
train_santalimale_04945	wavs/train_santalimale_04945.wav	ᱚᱠᱚ ᱵᱟᱰᱟᱭ ᱪᱚ ᱢᱟᱨᱟᱝ ᱵᱟ ᱦᱚᱧᱦᱟᱨᱤᱧᱟᱜᱼᱟ ᱢᱚᱱ ᱢᱚᱛᱞᱚᱵ ᱪᱮᱫᱼᱟ ᱠᱟᱱ ᱛᱟᱭᱟ?
train_santalimale_04946	wavs/train_santalimale_04946.wav	ᱯᱟᱥᱮᱡᱼᱟ ᱵᱟᱭ ᱫᱚᱦᱚ ᱢᱚᱠᱚᱧ ᱟᱠᱟᱱ!
train_santalimale_04947	wavs/train_santalimale_04947.wav	ᱱᱚᱝᱠᱟ ᱠᱷᱟᱱ ᱫᱚ ᱪᱟᱜᱼᱟ ᱛᱚᱵᱮᱭ ᱡᱟᱣᱟᱸᱭ ᱠᱮᱫᱮᱭᱟ?
train_santalimale_04948	wavs/train_santalimale_04948.wav	ᱵᱷᱟᱜᱮ ᱞᱟᱦᱟ ᱞᱮᱠᱟ ᱱᱤᱪᱷᱚᱨᱟ ᱰᱟᱸᱜᱣᱟᱭᱮ ᱫᱚᱦᱚ ᱞᱟᱭ ᱠᱷᱟᱱ ᱱᱟᱯᱟᱭ ᱠᱚᱜᱼᱟ ᱟᱨ ᱱᱤᱛᱚᱜᱼᱟ ᱱᱩᱱᱟᱹᱜᱼᱟ ᱠᱷᱚᱨᱪᱟ ᱛᱟᱭᱚᱢ ᱪᱷᱟᱹᱰᱣᱤ ᱠᱟᱛᱮ ᱫᱚᱦᱚ ᱥᱟᱱᱟᱭᱮ ᱠᱟᱱᱟ।
train_santalimale_04949	wavs/train_santalimale_04949.wav	ᱦᱚᱭᱚᱜᱼᱟ ᱟ ᱛᱷᱩᱢᱲᱟᱹ ᱜᱩᱪᱟᱹᱩ ᱠᱚ ᱵᱟᱯᱞᱟ ᱞᱮᱫᱮᱭᱟ ᱪᱚ ᱥᱟᱫ ᱢᱮᱴᱟᱣ ᱪᱚ।
train_santalimale_04950	wavs/train_santalimale_04950.wav	ᱱᱚᱟ ᱫᱚ ᱟᱹᱰᱤ ᱢᱟᱨᱟᱝ ᱵᱷᱩᱞ ᱦᱩᱫᱤᱥ ᱟᱨ ᱠᱟᱹᱢᱤ ᱠᱟᱹᱤ ᱛᱟᱭ।
train_santalimale_04951	wavs/train_santalimale_04951.wav	ᱜᱟᱯᱟᱞ ᱢᱟᱨᱟᱣ ᱛᱟᱭᱚᱢ ᱟᱨ ᱦᱚᱸ ᱟᱡᱼᱟ ᱢᱟᱨᱟᱝ ᱵᱟ ᱫᱚᱭ ᱢᱮᱱ ᱠᱮᱫᱟ,ᱟᱪᱪᱷᱟ ᱴᱟ! ᱛᱮᱦᱮᱧ ᱫᱚ ᱱᱚᱬᱰᱮ ᱜᱮ ᱛᱟᱦᱮᱸᱱ ᱢᱮᱸ।
train_santalimale_04952	wavs/train_santalimale_04952.wav	ᱜᱟᱯᱟ ᱢᱮᱭᱟᱝ ᱥᱮᱡᱼᱟ ᱤᱧ ᱪᱟᱞᱟᱜᱼᱟ ᱟ।
train_santalimale_04953	wavs/train_santalimale_04953.wav	ᱠᱟᱛᱷᱟ ᱠᱚᱧ ᱵᱩᱡ ᱵᱟᱲᱟᱹ ᱟᱹᱜᱩᱭᱟ ᱟᱨ ᱵᱟᱝᱠᱷᱟᱱ ᱜᱟᱯᱟ ᱜᱮ ᱫᱮᱞᱟᱝ, ᱤᱧ ᱥᱟᱸᱣᱛᱮ।
train_santalimale_04954	wavs/train_santalimale_04954.wav	ᱛᱟᱠᱷᱮ ᱠᱷᱟᱡᱼᱟ ᱜᱮ ᱥᱟᱹᱢᱩ ᱫᱚᱭ ᱨᱚᱲ ᱠᱮᱫᱼᱟ ᱟ, ᱵᱟᱝ ᱢᱟᱨᱟᱝ ᱵᱟ, ᱚᱱᱟ ᱫᱩᱣᱟᱹᱨ ᱫᱚ ᱛᱤᱥ ᱦᱚᱸ ᱵᱟᱹᱧ ᱞᱮᱵᱮᱫᱟ, ᱚᱱᱟ ᱱᱟᱹᱤᱦᱟᱹᱨ ᱨᱮᱫᱚ ᱡᱟᱝᱜᱟ ᱛᱤᱥ ᱦᱚᱸ ᱵᱟᱹᱧ ᱫᱚᱦᱚᱭᱟ।
train_santalimale_04955	wavs/train_santalimale_04955.wav	ᱱᱟᱹᱤᱦᱟᱹᱨ ᱟᱨ ᱫᱩᱣᱟᱹᱨ ᱥᱚᱛᱮᱡᱼᱟ ᱫᱚ ᱪᱮᱫᱼᱟ ᱢᱚᱛᱞᱚᱵ ᱛᱤᱧ? ᱟᱯᱱᱟᱨ ᱛᱤᱨᱤ ᱥᱚᱛᱮᱡᱼᱟ।
train_santalimale_04956	wavs/train_santalimale_04956.wav	ᱟᱡᱼᱟ ᱢᱟᱨᱟᱝ ᱵᱟ ᱦᱚᱸᱭ ᱛᱚᱲᱜᱮᱭᱟᱫᱟ, ᱦᱮᱸ ᱛᱚ ᱪᱟᱜᱼᱟ ᱵᱟᱢ ᱫᱚᱦᱚᱭᱮᱭᱟ?
train_santalimale_04957	wavs/train_santalimale_04957.wav	ᱫᱚᱦᱚᱭᱮ ᱟᱨ ᱛᱟᱦᱮᱸᱱ ᱞᱟᱹᱜᱤᱫᱼᱟ ᱛᱮᱜᱮ ᱛᱚᱵᱚᱱ ᱵᱟᱯᱞᱟᱜᱼᱟ ᱠᱟᱱᱟ।
train_santalimale_04958	wavs/train_santalimale_04958.wav	ᱪᱷᱟᱰᱟ-ᱪᱷᱟᱹᱰᱤᱜᱼᱟ ᱞᱟᱹᱜᱤᱫᱼᱟ ᱫᱚ ᱵᱟᱝ।
train_santalimale_04959	wavs/train_santalimale_04959.wav	ᱚᱞᱚᱜᱼᱟ ᱟᱹᱠᱤᱞ ᱦᱟᱢᱮᱴ ᱠᱟᱛᱮ ᱦᱚᱸ ᱱᱚᱟ ᱪᱟᱞ ᱫᱚ ᱠᱚᱢ ᱵᱟᱝ ᱠᱟᱛᱮ ᱟᱨ ᱜᱮ ᱵᱟᱹᱲᱛᱤᱜᱼᱟ ᱞᱮᱠᱟᱧ ᱧᱮᱞᱮᱫᱼᱟ ᱠᱟᱱᱟ।
train_santalimale_04960	wavs/train_santalimale_04960.wav	ᱠᱷᱟᱥ ᱠᱟᱭᱛᱮ ᱟᱨ ᱦᱚᱸ ᱡᱟᱹᱥᱛᱤ ᱫᱚ ᱱᱟᱦᱟᱸᱜᱼᱟ ᱥᱚᱥᱱᱚᱜᱼᱟ ᱥᱤᱠᱷᱱᱟᱹᱛ ᱜᱷᱟᱨᱚᱧᱡ ᱠᱚᱨᱮ।
train_santalimale_04961	wavs/train_santalimale_04961.wav	ᱥᱤᱠᱷᱱᱟᱹᱛ ᱜᱚ-ᱵᱟᱵᱟ, ᱵᱟᱹᱦᱩ-ᱡᱟᱣᱟᱸᱭ ᱜᱷᱟᱨᱚᱧᱡ ᱛᱟᱞᱟ ᱨᱮ ᱜᱚᱱᱚᱝ ᱪᱤᱱᱦᱟᱹ ᱜᱮ ᱵᱟ ᱪᱮᱫᱼᱟ ᱛᱟᱦᱮᱸᱱ ᱠᱟᱱᱟ?
train_santalimale_04962	wavs/train_santalimale_04962.wav	ᱠᱟᱡᱮ ᱛᱮ ᱪᱷᱟᱹᱰᱣᱤ ᱟᱨ ᱪᱷᱟᱹᱰᱣᱟ ᱦᱚᱲᱟᱹᱜᱼᱟ ᱞᱮᱠᱷᱟ ᱫᱚ ᱟᱨ ᱜᱮ ᱵᱟᱹᱸᱲᱛᱤ ᱪᱟᱞᱟᱜᱼᱟ ᱠᱟᱱᱟ ᱟᱨ ᱱᱚᱝᱠᱟ ᱞᱮᱠᱟ ᱢᱤᱢᱤᱫᱼᱟ ᱠᱷᱚᱱ ᱫᱚᱵᱚ, ᱫᱚᱵᱚ ᱠᱷᱚᱱ ᱯᱮ ᱫᱚᱵᱚ ᱦᱚᱸᱠᱚ ᱪᱷᱟᱹᱰᱣᱤ ᱪᱷᱟᱹᱰᱣᱟᱹᱜᱼᱟ ᱠᱟᱱᱟ।
train_santalimale_04963	wavs/train_santalimale_04963.wav	ᱱᱚᱟ ᱫᱚ ᱥᱟᱸᱣᱛᱟ ᱨᱮᱱ ᱥᱟᱱᱟᱢ ᱦᱚᱲ ᱠᱚᱣᱟᱜᱼᱟ ᱜᱮ ᱟᱹᱸᱜᱤᱵᱷᱟᱨ ᱫᱚ ᱠᱟᱱᱟ ᱴᱮᱠᱟᱣ ᱫᱟᱨᱟᱢ ᱨᱮᱭᱟᱜᱼᱟ ᱟᱨ ᱡᱟᱣᱟᱸᱭ ᱠᱚ ᱛᱟᱞᱟ ᱨᱮ ᱦᱚᱭᱚᱜᱼᱟ ᱠᱟᱱ ᱚᱱᱠᱚ ᱠᱚᱣᱟᱜᱼᱟ ᱢᱟ ᱟᱹᱰᱤ ᱢᱟᱨᱟᱝ ᱯᱟᱯ ᱠᱟᱹᱤ ᱠᱟᱹᱢᱤ।
train_santalimale_04964	wavs/train_santalimale_04964.wav	ᱠᱟᱡᱮ ᱛᱮ ᱵᱟᱢ ᱢᱮᱱᱟ ᱟᱲᱟᱜᱼᱟ ᱥᱟᱠᱟᱢ ᱞᱮᱠᱟ ᱠᱤᱨᱤᱧᱚ-ᱟᱹᱠᱚᱨᱤᱧ ᱵᱮᱵᱥᱟ ᱞᱮᱠᱟ ᱜᱮ ᱦᱚᱭ ᱟᱠᱟᱱᱟ।
train_santalimale_04965	wavs/train_santalimale_04965.wav	ᱛᱮᱦᱮᱧ ᱠᱷᱚᱱ ᱢᱚᱸᱲᱮᱸ ᱥᱮᱨᱢᱟ ᱢᱟᱲᱟᱹᱝ ᱨᱮ ᱥᱟᱹᱢᱩ ᱟᱨ ᱥᱤᱞᱚᱱᱤ ᱛᱟᱹᱠᱤᱱᱟᱹᱜᱼᱟ ᱵᱟᱯᱞᱟ ᱟᱹᱰᱤ ᱜᱮ ᱡᱟᱠᱚ-ᱡᱚᱢᱚᱠ ᱥᱟᱞᱟᱜᱼᱟ ᱦᱚᱭ ᱞᱮᱱ ᱛᱟᱹᱠᱤᱱᱟ।
train_santalimale_04966	wavs/train_santalimale_04966.wav	ᱵᱟᱱᱟᱨ ᱯᱟᱦᱴᱟ ᱜᱮ ᱢᱮᱸᱫᱼᱟ ᱢᱟᱨᱥᱟᱞ ᱥᱤᱠᱷᱱᱟᱹᱛ ᱜᱷᱟᱨᱚᱸᱧᱡ ᱨᱮᱱ ᱥᱮᱪᱮᱫᱼᱟ ᱦᱟᱢᱮᱴ ᱟᱠᱟᱫᱼᱟ ᱠᱚᱲᱟᱹ-ᱠᱩᱲᱤ, ᱡᱩᱯᱩᱨᱚ-ᱡᱩᱞᱤ, ᱛᱤᱨᱮ-ᱡᱩᱜᱮ, ᱥᱩᱠᱨᱮ-ᱫᱩᱠᱨᱮ ᱫᱤᱥᱟᱹᱢ ᱥᱚᱝᱥᱟᱨ ᱠᱷᱮᱢᱟᱣᱟ ᱢᱮᱱᱛᱮ ᱱᱟᱲᱚ-ᱡᱚᱲ ᱠᱚ ᱡᱚᱲᱟᱹᱣ ᱞᱮᱫᱟ।
train_santalimale_04967	wavs/train_santalimale_04967.wav	ᱠᱩᱞᱦᱤ ᱢᱩᱪᱟᱹᱫᱼᱟ, ᱢᱟᱛᱠᱚᱢ ᱵᱩᱴᱟᱹ ᱜᱟᱯᱟᱞ ᱢᱟᱨᱟᱣ ᱢᱟᱹᱡᱷᱤ-ᱯᱟᱨᱟᱱᱤᱠ ᱫᱤᱥᱟᱹᱢ ᱦᱚᱲ ᱢᱚᱸᱲᱮ ᱠᱚ ᱛᱩᱨᱩᱭ ᱠᱚ, ᱥᱤᱧ ᱪᱟᱸᱫᱚ ᱧᱤᱱᱫᱟᱹ ᱪᱟᱸᱫᱚ ᱥᱮᱨᱢᱟ ᱤᱯᱤᱞ ᱥᱟᱹᱠᱷᱤ ᱠᱟᱛᱮ ᱡᱟᱝ ᱦᱚᱸ ᱡᱟᱝ ᱛᱚᱨᱚᱡᱼᱟ ᱦᱚᱸ ᱛᱚᱨᱚᱡᱼᱟ ᱠᱚ ᱡᱤᱢᱟ ᱞᱮᱫᱼᱟ ᱛᱟᱦᱮᱸ, ᱪᱮᱠᱟ ᱚᱱᱟ ᱠᱚᱫᱚ ᱟᱹᱩᱲᱤ ᱟᱨ ᱢᱤᱪᱷᱟᱹ ᱜᱮ।
train_santalimale_04968	wavs/train_santalimale_04968.wav	ᱚᱦᱚ ᱢᱮᱱ ᱠᱮ ᱠᱚᱯᱟᱞ ᱨᱮᱭᱟᱜᱼᱟ ᱞᱤᱠᱷᱚᱱ ᱜᱮ, ᱥᱮ ᱥᱤᱠᱷᱱᱟᱹᱛ ᱢᱟᱱᱣᱟᱸ ᱣᱟᱜᱼᱟ ᱦᱩᱥᱤᱭᱟᱹᱨᱤ ᱠᱟᱹᱤᱛᱩᱠ।
train_santalimale_04969	wavs/train_santalimale_04969.wav	ᱚᱦᱢᱟ ᱛᱤᱭᱟᱹᱜᱼᱟ ᱵᱟᱝ ᱱᱚᱝᱠᱟᱱ ᱫᱤᱲᱟᱹᱦᱟᱹ ᱡᱚᱯᱚᱨ ᱡᱩᱞᱤ ᱡᱚᱲᱟᱹ ᱡᱩᱛᱤ ᱚᱠᱟ ᱦᱤᱞᱚᱜᱼᱟ ᱪᱚ ᱚᱠᱟ ᱥᱮᱱᱟᱜᱼᱟ ᱵᱷᱟᱨᱟᱬᱲᱚ ᱦᱚᱭ ᱛᱮᱭ ᱨᱟᱪᱟᱜᱼᱟ ᱛᱚᱯᱟᱜ!
train_santalimale_04970	wavs/train_santalimale_04970.wav	ᱥᱮ, ᱚᱠᱟ ᱯᱟᱦᱴᱟ ᱨᱮᱱ ᱦᱚᱲᱟᱹᱜᱼᱟ ᱢᱮᱸᱫᱼᱟ ᱫᱷᱩᱲᱤ ᱢᱮᱥᱟ ᱦᱚᱭ ᱛᱮᱭ ᱪᱩᱵᱟᱹᱜᱼᱟ ᱟᱹᱱᱫᱷᱣᱟᱹᱭ ᱛᱟᱠᱚᱣᱟ ᱩᱱ ᱫᱚ ᱵᱟᱠᱚ ᱧᱮᱞ ᱚᱨᱚᱢᱚᱜᱼᱟ ᱟ।
train_santalimale_04971	wavs/train_santalimale_04971.wav	ᱪᱟᱜᱼᱟ ᱡᱮ ᱱᱚᱟ ᱡᱤᱭᱚᱱ ᱰᱷᱚᱸᱜᱟ ᱫᱚ ᱞᱮᱜᱮᱢ ᱢᱚᱛᱚ ᱥᱩᱢᱩᱝ ᱫᱚ ᱵᱟᱝ ᱲᱚᱭᱞᱟ ᱯᱟᱨᱚᱢᱚᱜᱼᱟ ᱠᱟᱱᱟ।
train_santalimale_04972	wavs/train_santalimale_04972.wav	ᱛᱟᱠ ᱛᱟᱠ ᱨᱮ ᱨᱚᱜᱚᱲ ᱟᱹᱛᱩ ᱦᱮᱞᱠᱚ ᱫᱟᱜᱼᱟ ᱥᱚᱛᱮᱡᱼᱟ ᱦᱚᱸ ᱨᱚᱯᱚᱲ ᱨᱟᱯᱟᱪᱟᱜᱼᱟ ᱦᱩᱭᱩᱜᱼᱟ ᱠᱟᱱ ᱛᱟᱭᱟ।
train_santalimale_04973	wavs/train_santalimale_04973.wav	ᱟᱫᱚ ᱚᱱᱟᱢ ᱦᱚᱴᱟᱜᱼᱟ ᱥᱟᱦᱟᱭ ᱥᱟᱦᱟᱣ ᱞᱮᱨᱮ ᱵᱟᱭ ᱯᱟᱭᱨᱟ ᱯᱟᱨᱚᱢᱚᱜᱼᱟ।
train_santalimale_04974	wavs/train_santalimale_04974.wav	ᱥᱟᱹᱢᱩ ᱫᱚ ᱞᱟᱯᱷᱟᱝ ᱫᱷᱟᱯ ᱥᱮᱪᱮᱫᱼᱟ ᱦᱟᱢᱮᱴ ᱟᱠᱟᱫᱼᱟ ᱢᱤᱫᱼᱟ ᱥᱟᱸᱣᱛᱟ ᱥᱩᱥᱟᱹᱨᱤᱭᱟᱹ ᱠᱚᱲᱟ ᱜᱮ।
train_santalimale_04975	wavs/train_santalimale_04975.wav	ᱦᱩᱫᱤᱥ ᱛᱟᱭ ᱫᱚ ᱥᱤᱠᱷᱱᱟᱹᱛ ᱟᱠᱟᱱ ᱥᱟᱸᱣᱛᱮ ᱥᱟᱸᱣᱛᱟ ᱱᱟᱯᱟᱭ ᱟᱨ ᱢᱚᱧᱡ ᱥᱤᱠᱷᱟᱹᱩ ᱮ ᱮᱢᱟᱭᱟ।
train_santalimale_04976	wavs/train_santalimale_04976.wav	ᱥᱟᱸᱣᱛᱟ ᱨᱮ ᱞᱮᱧ ᱵᱚᱞᱚᱜᱼᱟ ᱠᱟᱱ ᱵᱮᱵᱟᱹᱲᱤᱡᱼᱟ ᱪᱟᱹᱞ ᱠᱚ ᱴᱮᱠᱟᱣ ᱫᱟᱨᱟᱢ ᱞᱟᱹᱜᱤᱫᱼᱟ ᱨᱤᱠᱤᱲᱚᱠ।
train_santalimale_04977	wavs/train_santalimale_04977.wav	ᱚᱱᱟ ᱠᱚ ᱢᱚᱱᱮ ᱠᱟᱛᱮ ᱜᱮ ᱯᱟᱥᱮᱡᱼᱟ ᱱᱟᱦᱟᱸᱜᱼᱟ ᱥᱤᱠᱷᱱᱟᱹᱛ ᱠᱚᱲᱟᱹ ᱠᱟᱱ ᱨᱮᱦᱚᱸᱭ ᱱᱟᱦᱟᱸᱜᱼᱟ ᱠᱚᱲᱟᱹ ᱠᱚ ᱞᱮᱠᱟ ᱜᱟᱹᱰᱤ, ᱢᱚᱴᱚᱨ, ᱥᱟᱭᱠᱮᱞ, ᱜᱷᱩᱲᱤ, ᱴᱤᱵᱷᱤ, ᱴᱟᱠᱟ, ᱯᱚᱭᱥᱟ ᱵᱟᱯᱞᱟ ᱨᱮ ᱪᱮᱫᱼᱟ ᱦᱚᱸ ᱵᱟᱭ ᱫᱟᱹᱵᱤ ᱞᱮᱫᱟ।
train_santalimale_04978	wavs/train_santalimale_04978.wav	ᱩᱱᱤᱭᱟᱜᱼᱟ ᱡᱚᱥᱛᱮᱫᱼᱟ ᱫᱚ ᱛᱟᱭ ᱛᱤᱨᱮ ᱡᱩᱜᱮ, ᱡᱚ ᱡᱤᱣᱟᱹᱫᱼᱟ ᱥᱩᱠᱨᱮ ᱫᱩᱠᱨᱮ ᱡᱤᱭᱚ ᱡᱩᱨᱤ।
train_santalimale_04979	wavs/train_santalimale_04979.wav	ᱢᱮᱱᱠᱷᱟᱱ ᱪᱮᱠᱟᱭ ᱵᱟᱰᱟᱭ ᱠᱟᱱ ᱛᱟᱦᱮᱸᱱᱟ ᱡᱮ ᱱᱩᱭ ᱡᱩᱨᱤ ᱫᱚ ᱥᱩᱠ ᱨᱮᱱ ᱯᱮᱲᱟ ᱛᱤᱨᱤ।
train_santalimale_04980	wavs/train_santalimale_04980.wav	ᱫᱤᱱ ᱠᱮ ᱫᱤᱱ ᱯᱟᱨᱚᱢ ᱪᱟᱞᱟᱜᱼᱟ ᱠᱟᱱᱟ।
train_santalimale_04981	wavs/train_santalimale_04981.wav	ᱟᱹᱠᱤᱱ ᱡᱩᱨᱤ-ᱯᱟᱹᱨᱤ ᱛᱟᱞᱟ ᱨᱮ ᱢᱩᱞ ᱟᱸᱪ ᱫᱟᱱᱟᱝ ᱨᱮ ᱟᱞᱟᱜ ᱡᱟᱹᱸᱲᱤ ᱱᱟᱸᱲᱤ ᱫᱚ ᱥᱮᱛᱟᱜᱼᱟ ᱥᱤᱥᱤᱨ ᱧᱟᱢ ᱠᱟᱛᱮ ᱡᱟᱣ ᱜᱮ ᱰᱟᱜᱚ-ᱰᱟᱜ ᱲᱚᱜ ᱪᱟᱞᱟᱜᱼᱟ ᱠᱟᱱᱟ।
train_santalimale_04982	wavs/train_santalimale_04982.wav	ᱡᱚᱠᱷᱚᱱ ᱛᱚᱠᱷᱚᱱ ᱦᱚᱭ ᱛᱮ ᱜᱤᱫᱨᱟᱹ ᱡᱷᱤᱞᱟᱹ ᱠᱚ ᱞᱮᱠᱟ ᱞᱟᱦᱟ ᱛᱟᱭᱚᱢ ᱟᱣᱤᱞ ᱦᱟᱛᱣᱟᱜᱼᱟ ᱠᱟᱱᱟ।
train_santalimale_04983	wavs/train_santalimale_04983.wav	ᱟᱹᱰᱤ ᱢᱚᱧᱡ ᱟᱹᱰᱤ ᱱᱟᱯᱟᱭ ᱥᱩᱞᱩᱠ ᱥᱩᱠ ᱡᱤᱭᱚᱱ ᱨᱮᱭᱟᱜᱼᱟ ᱨᱚᱲ ᱨᱚᱯᱚᱲ ᱩᱫᱜᱟᱨ ᱦᱟᱲᱦᱟᱫᱼᱟ ᱡᱟᱣ ᱜᱮ ᱡᱤᱭᱟᱹᱲ ᱯᱷᱩᱴᱟᱹᱩ ᱵᱟᱦᱟ ᱞᱮᱠᱟ ᱯᱚᱨᱚᱭ ᱯᱚᱨᱚᱭ!
train_santalimale_04984	wavs/train_santalimale_04984.wav	ᱢᱮᱱᱠᱷᱟᱱ ᱩᱤᱦᱟᱹᱨ ᱵᱟᱝ ᱛᱤᱱ ᱨᱮᱪᱚ ᱚᱱᱟ ᱟᱞᱟᱜ ᱡᱟᱹᱸᱲᱤ ᱛᱚᱞ ᱲᱚᱜ ᱦᱚᱭ ᱛᱟᱨᱠᱚ ᱫᱟᱯᱟᱞ ᱛᱮ ᱴᱮᱣᱮᱡᱚᱜᱼᱟ।
train_santalimale_04985	wavs/train_santalimale_04985.wav	ᱢᱟᱱᱣᱟᱸ ᱡᱤᱭᱚᱱ ᱫᱚ ᱥᱩᱠᱚ-ᱫᱩᱠ ᱛᱟᱞᱟ ᱛᱮ ᱯᱟᱨᱚᱢ ᱪᱟᱞᱟᱜᱼᱟ ᱠᱟᱱᱟ ᱟᱨ ᱱᱚᱟ ᱫᱩᱠ ᱫᱟᱱᱫ ᱥᱚᱛᱮᱡᱼᱟ ᱞᱟᱹᱲᱦᱟᱹᱭᱚᱜᱼᱟ ᱜᱮ ᱢᱟᱱᱣᱟᱸ ᱣᱟᱜᱼᱟ ᱟᱹᱡᱚᱜᱩᱛ ᱛᱮᱫᱼᱟ ᱫᱚ।
train_santalimale_04986	wavs/train_santalimale_04986.wav	ᱚᱠᱚᱭ ᱢᱟᱱᱣᱟᱸ ᱫᱩᱠ ᱫᱟᱱᱫ ᱧᱮᱞ ᱠᱟᱛᱮᱭᱮ ᱧᱤᱨ ᱯᱷᱟᱨᱟᱠᱚᱜᱼᱟ ᱩᱱᱤ ᱦᱚᱲ ᱫᱚ ᱫᱩᱠ ᱫᱟᱱᱫ ᱴᱷᱮᱱ ᱡᱤᱭᱚᱱ ᱵᱷᱚᱨᱮ ᱯᱟᱧᱡᱟ ᱚᱪᱚᱜᱼᱟ ᱟ।
train_santalimale_04987	wavs/train_santalimale_04987.wav	ᱚᱱᱟ ᱞᱮᱠᱟ ᱥᱤᱞᱚᱱᱤᱭᱟᱜᱼᱟ ᱦᱚᱲᱢᱚ ᱫᱚᱥᱟ ᱨᱮ ᱥᱤᱫᱼᱟ ᱵᱟᱨ ᱡᱟᱦᱟᱸ ᱚᱠᱛᱮ ᱨᱚᱜ ᱵᱤᱫᱷᱤᱱ ᱠᱚ ᱨᱟᱠᱟᱵᱚᱜᱼᱟ ᱨᱮᱦᱚᱸ ᱥᱟᱹᱢᱩ ᱫᱚ ᱟᱹᱰᱤ ᱛᱟᱹᱱᱠᱷᱤ ᱠᱟᱛᱮᱭᱮ ᱨᱟᱱ ᱨᱮᱦᱮᱫᱮᱭᱟ।
train_santalimale_04988	wavs/train_santalimale_04988.wav	ᱩᱱᱤᱭᱟᱜᱼᱟ ᱡᱤᱭᱚᱱ ᱵᱟᱠᱷᱨᱟ ᱛᱮ ᱢᱤᱫᱼᱟ ᱦᱩᱫᱤᱥ ᱪᱤᱱᱛᱟᱹ ᱜᱮᱭ ᱛᱟᱦᱮᱸᱱᱟ।
train_santalimale_04989	wavs/train_santalimale_04989.wav	ᱱᱚᱝᱠᱟ ᱞᱮᱠᱟ ᱢᱚᱸᱲᱮᱸ ᱛᱩᱨᱩᱭ ᱥᱮᱨᱢᱟ ᱦᱚᱭᱮᱱᱟ, ᱮᱱ ᱨᱮᱦᱚᱸ ᱱᱟᱣᱟᱸᱱ ᱠᱚ ᱦᱤᱡᱩᱜᱼᱟ ᱨᱮᱭᱟᱜᱼᱟ ᱡᱟᱦᱟᱸᱱ ᱥᱩᱜᱵᱟᱨᱛᱟ ᱜᱮ ᱵᱟᱝ।
train_santalimale_04990	wavs/train_santalimale_04990.wav	ᱥᱤᱞᱚᱱᱤᱭᱟᱜᱼᱟ ᱦᱚᱲᱢᱚ ᱨᱮᱫᱚ ᱢᱤᱫᱼᱟ ᱜᱮ ᱞᱟᱡᱼᱟ ᱦᱟᱥᱚ ᱰᱟᱬᱰᱟ ᱦᱟᱥᱚ ᱫᱚ ᱛᱟᱦᱮᱸᱱ ᱜᱮᱛᱟᱭᱟ।
train_santalimale_04991	wavs/train_santalimale_04991.wav	ᱮᱱ ᱨᱮᱦᱚᱸ ᱥᱟᱹᱢᱩ ᱫᱚ ᱡᱟᱦᱟᱸᱱ ᱵᱚᱛᱚᱨᱟᱱᱟᱜᱼᱟ ᱟᱨ ᱵᱷᱟᱵᱱᱟᱜᱼᱟ ᱨᱮᱭᱟᱜᱼᱟ ᱢᱩᱦᱤᱢ ᱫᱚ ᱵᱟᱭ ᱥᱟᱢᱟᱝ ᱚᱪᱚᱣᱟᱜᱼᱟ ᱟ।
train_santalimale_04992	wavs/train_santalimale_04992.wav	ᱢᱮᱱᱟᱭ ᱨᱟᱱ ᱢᱮᱱᱟᱜᱼᱟ ᱟ, ᱨᱚᱜ ᱢᱮᱱᱟᱜᱼᱟ ᱟ ᱟᱨ ᱰᱚᱠᱴᱚᱨ ᱢᱮᱱᱟᱜᱼᱟ ᱠᱚᱟ।
train_santalimale_04993	wavs/train_santalimale_04993.wav	ᱪᱮᱫᱼᱟ ᱨᱮᱭᱟᱜᱼᱟ ᱵᱷᱟᱵᱱᱟ ᱟᱨ ᱵᱚᱛᱚᱨ ᱫᱚ।
train_santalimale_04994	wavs/train_santalimale_04994.wav	ᱱᱚᱝᱠᱟᱱ ᱦᱟᱞᱟᱠ ᱧᱮᱞ ᱠᱟᱛᱮ ᱥᱟᱹᱢᱩ ᱦᱟᱱᱦᱟᱨ ᱛᱮᱫᱼᱟ ᱟᱜᱼᱟ ᱢᱚᱱᱮ ᱫᱚ ᱯᱷᱮᱨᱟᱣᱮᱱ ᱛᱟᱭᱟ।
train_santalimale_04995	wavs/train_santalimale_04995.wav	ᱢᱚᱱᱮ ᱨᱮ ᱢᱟᱨᱮ ᱦᱩᱫᱤᱥ ᱚᱸᱠᱩᱨᱟᱫᱮᱭᱟ।
train_santalimale_04996	wavs/train_santalimale_04996.wav	ᱫᱷᱟᱹᱨᱛᱤ ᱨᱮ ᱚᱴᱟᱝᱚᱜᱼᱟ ᱠᱟᱱ ᱦᱚᱭ ᱨᱮ ᱟᱲᱟᱝ ᱮ ᱢᱮᱥᱟ ᱣᱟᱫᱟ ᱡᱮ, ᱡᱟᱣᱟᱸᱭ ᱛᱟᱠᱚ ᱨᱮᱱ ᱫᱚ ᱛᱷᱟᱯᱚᱱ ᱵᱚᱝᱜᱟ ᱢᱮᱱᱟᱭᱟ।
train_santalimale_04997	wavs/train_santalimale_04997.wav	ᱚᱱᱟ ᱤᱭᱟᱹᱛᱮᱜᱮ ᱱᱟᱣᱟᱸ ᱟᱹᱸᱠᱩᱨᱚᱜᱼᱟ ᱠᱟᱱ ᱤᱛᱟᱹ ᱲᱚᱜ ᱫᱚ ᱩᱱᱤ ᱜᱮᱭ ᱴᱮᱣᱮᱡᱼᱟ ᱮᱫᱟ ᱟᱨ ᱡᱟᱣᱟᱸᱭ ᱚᱲᱟᱜᱼᱟ ᱨᱮ ᱪᱮᱫᱼᱟ ᱪᱚᱠᱚ ᱡᱚᱢ ᱚᱪᱚᱣᱟᱠᱟᱫᱮ ᱛᱮᱜᱮ ᱞᱟᱡᱼᱟ ᱟᱨ ᱰᱟᱬᱰᱟ ᱫᱚ ᱦᱟᱥᱚᱭᱮᱭᱟ।
train_santalimale_04998	wavs/train_santalimale_04998.wav	ᱱᱩᱱᱟᱹᱜᱼᱟ ᱥᱮᱨᱢᱟ ᱦᱚᱭ ᱯᱟᱨᱚᱢ ᱜᱮᱞᱮ-ᱵᱟᱞᱮ ᱵᱟᱝ ᱨᱮᱦᱚᱸ ᱥᱟᱹᱢᱩ ᱟᱨ ᱥᱟᱹᱢᱩ ᱮᱸᱜᱟᱛ ᱟᱯᱟᱛᱟᱜᱼᱟ ᱢᱚᱱᱮ ᱨᱮ ᱵᱟᱹᱦᱩ ᱵᱟᱝ ᱫᱚᱦᱚ ᱥᱮ ᱵᱟᱹᱜᱤ ᱠᱟᱛᱷᱟ ᱫᱚ ᱟᱱᱫᱦᱟ ᱛᱮᱦᱚᱸ ᱵᱟᱝ ᱨᱚᱲ ᱞᱮᱱᱟ।
train_santalimale_04999	wavs/train_santalimale_04999.wav	ᱵᱤᱪᱠᱚᱢ ᱛᱚᱯᱟᱜ ᱟᱨ ᱵᱟᱯᱟᱜ ᱨᱮᱭᱟᱜᱼᱟ ᱠᱟᱛᱷᱟ ᱫᱚ ᱥᱟᱹᱢᱩ ᱦᱟᱱᱦᱟᱨᱚ-ᱦᱚᱧᱦᱨᱟᱜᱼᱟ ᱞᱩᱴᱤ ᱨᱮᱜᱮ ᱛᱟᱨᱠᱚ ᱨᱟᱠᱟᱵᱼᱟ ᱞᱮᱱᱟ।
train_santalimale_05000	wavs/train_santalimale_05000.wav	ᱯᱷᱟᱹᱜᱩᱱ ᱵᱚᱝᱜᱟ ᱫᱟᱨᱮ ᱥᱟᱠᱟᱢ ᱦᱚᱭᱚ-ᱦᱤᱥᱤᱫᱼᱟ ᱵᱚᱫᱚᱞᱚᱜᱼᱟ ᱫᱤᱱ।
train_santalimale_05001	wavs/train_santalimale_05001.wav	ᱡᱤᱣᱤ ᱦᱚᱲᱢᱚ ᱨᱮ ᱪᱮᱫᱼᱟ ᱩᱯᱡᱟᱹᱱᱚᱜᱼᱟ ᱪᱮᱫᱼᱟ ᱟᱥᱯᱷᱮᱨᱟᱜᱼᱟ, ᱚᱦᱚ ᱢᱮᱱ ᱠᱮ?
train_santalimale_05002	wavs/train_santalimale_05002.wav	ᱚᱱᱮ ᱠᱚ ᱢᱮᱱ ᱟᱠᱟᱫᱼᱟ ᱞᱮᱠᱟ ᱥᱩᱛᱩᱜᱼᱟ ᱥᱩᱢᱩᱝ ᱡᱤᱣᱤ ᱢᱤᱫᱼᱟ ᱵᱤᱛᱟ ᱞᱟᱡᱼᱟ ᱫᱤᱱ ᱢᱟ ᱦᱟᱭ! ᱠᱷᱟᱭᱚ-ᱠᱷᱟᱭ ᱛᱮ ᱫᱤᱱ ᱫᱚ ᱪᱟᱞᱟᱜᱼᱟ ᱠᱟᱱᱟ।
train_santalimale_05003	wavs/train_santalimale_05003.wav	ᱥᱟᱹᱨᱤ ᱜᱮ ᱥᱮᱛᱟᱜᱼᱟ ᱥᱤᱥᱤᱨ ᱜᱷᱟᱸᱥ ᱲᱚᱜ ᱨᱮ ᱥᱟᱹᱨᱩ ᱥᱟᱠᱟᱢ ᱫᱟᱜᱼᱟ ᱴᱚᱞ ᱢᱚᱞᱟᱜᱼᱟ ᱛᱤᱱ ᱨᱮᱪᱚ ᱜᱩᱲᱜᱟᱹᱩ ᱧᱩᱨᱩᱜᱼᱟ ᱚᱦᱚ ᱢᱮᱱ ᱠᱮ?
train_santalimale_05004	wavs/train_santalimale_05004.wav	ᱱᱩᱱᱟᱹᱜᱼᱟ ᱢᱟᱨᱟᱝ ᱫᱷᱟᱹᱨᱛᱤᱯᱩᱨᱤ ᱚᱠᱟ ᱥᱮᱱᱟᱜᱼᱟ ᱨᱮᱭᱟᱲ ᱦᱚᱭ ᱪᱚᱭ ᱡᱟᱜᱼᱟ ᱛᱤᱭᱟᱹᱜᱼᱟ ᱵᱚᱱ ᱟᱨ ᱚᱠᱟ ᱥᱮᱱᱟᱜᱼᱟ ᱞᱚᱞᱚ ᱦᱚᱭ ᱛᱮ ᱪᱚᱭ ᱡᱷᱚᱞᱟ-ᱡᱷᱚᱝ ᱵᱚᱱ!
train_santalimale_05005	wavs/train_santalimale_05005.wav	ᱚᱠᱟ ᱪᱟᱸᱫᱚ ᱨᱮᱭᱟᱜᱼᱟ ᱵᱷᱟᱨᱟᱬᱲᱚ ᱦᱚᱭ ᱛᱮ ᱪᱚᱭ ᱦᱚᱭ ᱛᱟᱞᱟ ᱵᱚᱱ ᱚᱦᱚᱢ ᱞᱟᱹᱤ ᱠᱮ।
train_santalimale_05006	wavs/train_santalimale_05006.wav	ᱥᱟᱹᱢᱩᱣᱟᱜᱼᱟ ᱦᱚᱲᱢᱚ ᱨᱮ ᱟᱪᱠᱟ ᱜᱮ ᱢᱟᱧᱡᱟᱱ ᱚᱠᱫᱼᱟ ᱱᱤᱨᱟᱹᱱ ᱫᱤᱱ ᱨᱮᱭᱟᱜᱼᱟ ᱫᱷᱤᱯᱟᱹᱩ ᱚᱛ ᱞᱮᱠᱟ ᱦᱚᱲᱢᱚ ᱞᱚᱞᱚ ᱜᱚᱫᱼᱟ ᱮᱱ ᱛᱟᱭᱟ।
train_santalimale_05007	wavs/train_santalimale_05007.wav	ᱤᱱᱟᱹ ᱥᱟᱸᱣᱛᱮ ᱨᱩᱣᱟᱹ ᱟᱨ ᱵᱚᱦᱚᱜᱼᱟ ᱦᱟᱥᱚ ᱫᱚ ᱟᱹᱰᱤ ᱜᱮ ᱡᱟᱹᱥᱛᱤ ᱜᱚᱫᱼᱟ ᱮᱱ ᱛᱟᱭᱟ।
train_santalimale_05008	wavs/train_santalimale_05008.wav	ᱢᱤᱫᱼᱟ ᱵᱟᱨ ᱨᱟᱱᱚ-ᱵᱩᱲᱤ ᱡᱚᱢ ᱵᱟᱲᱟᱹ ᱠᱟᱛᱮ ᱦᱚᱸ ᱨᱩᱣᱟᱹ ᱫᱚ ᱵᱟᱝ ᱛᱷᱤᱨ ᱞᱮᱱᱟ।
train_santalimale_05009	wavs/train_santalimale_05009.wav	ᱞᱮᱛᱟᱲ ᱜᱮ ᱮᱢᱦᱟ ᱫᱤᱱ ᱠᱷᱚᱱ ᱵᱟᱲᱛᱤ ᱤᱫᱤᱭᱮᱱᱟ।
train_santalimale_05010	wavs/train_santalimale_05010.wav	ᱱᱚᱟ ᱧᱮᱞ ᱠᱟᱛᱮ ᱥᱟᱹᱢᱩ ᱫᱚ ᱦᱟᱱᱦᱟᱨᱚ-ᱦᱚᱧᱦᱟᱨᱛᱮᱫᱼᱟ ᱛᱟᱹᱠᱤᱱ ᱠᱤᱱ ᱤᱫᱤ ᱠᱮᱫᱮᱭᱟ।
train_santalimale_05011	wavs/train_santalimale_05011.wav	ᱦᱩᱫᱤᱥ ᱛᱟᱹᱠᱤᱱ ᱡᱟᱦᱟᱸ ᱞᱮᱠᱟ ᱞᱮᱱ ᱠᱷᱟᱱᱮ ᱟᱞᱟᱝ ᱨᱮᱱ ᱦᱚᱯᱚᱱ ᱮᱨᱟ ᱜᱮᱛᱚᱭ ᱵᱮᱦᱤᱨᱞᱟᱹᱜᱼᱟ ᱟ।
train_santalimale_05012	wavs/train_santalimale_05012.wav	ᱨᱩᱣᱟᱹ ᱵᱟᱰᱚᱝ ᱠᱚᱢᱚᱜᱼᱟ ᱠᱟᱱ ᱠᱷᱟᱹᱛᱤᱨ ᱵᱷᱟᱜᱮ ᱧᱚᱜᱼᱟ ᱰᱚᱠᱴᱚᱨ ᱴᱷᱮᱱ ᱠᱤᱱ ᱧᱮᱞ ᱚᱪᱚ ᱠᱮᱫᱮᱭᱟ।
train_santalimale_05013	wavs/train_santalimale_05013.wav	ᱨᱚᱜ ᱫᱚᱭ ᱧᱟᱢᱮᱱᱟ, ᱨᱟᱡ ᱨᱚᱜ! ᱟᱹᱰᱤ ᱵᱷᱟᱵᱱᱟ ᱟᱨ ᱵᱚᱛᱚᱨ ᱨᱮᱭᱟᱜᱼᱟ ᱠᱟᱛᱷᱟ।
train_santalimale_05014	wavs/train_santalimale_05014.wav	ᱰᱚᱠᱴᱚᱨ ᱫᱚᱭ ᱢᱮᱛᱟᱜᱼᱟ ᱠᱚᱚ, ᱵᱷᱟᱵᱱᱟ ᱟᱨ ᱵᱚᱛᱚᱨᱚᱜᱼᱟ ᱨᱮᱭᱟᱜᱼᱟ ᱠᱟᱛᱷᱟ ᱫᱚ ᱵᱟᱝ ᱠᱟᱱᱟ।
train_santalimale_05015	wavs/train_santalimale_05015.wav	ᱛᱩᱨᱩᱭ, ᱮᱭᱟᱭ ᱪᱟᱸᱫᱚ ᱢᱤᱫᱼᱟ ᱛᱟᱞᱟᱣ ᱨᱟᱱ ᱡᱚᱢ ᱞᱮᱠᱷᱟᱱ ᱱᱚᱟ ᱨᱚᱜ ᱫᱚ ᱨᱮᱦᱮᱫᱼᱟ ᱠᱷᱚᱱ ᱪᱟᱵᱟ ᱩᱛᱟᱹᱨᱚᱜᱼᱟ ᱠᱟᱱᱟ।
train_santalimale_05016	wavs/train_santalimale_05016.wav	ᱮᱱ ᱨᱮᱦᱚᱸ ᱦᱟᱱᱦᱟᱨ ᱛᱮᱫᱼᱟ ᱟᱜᱼᱟ ᱢᱚᱱᱮ ᱨᱮ ᱢᱟᱨᱮ ᱫᱤᱥᱚ-ᱦᱩᱫᱤᱥ ᱜᱮ ᱟᱹᱝᱚᱠᱩᱨᱮᱱᱟ।
train_santalimale_05017	wavs/train_santalimale_05017.wav	ᱟᱞᱮ ᱡᱟᱣᱟᱸᱭ ᱫᱚ ᱨᱟᱡ ᱨᱚᱜ ᱧᱟᱢ ᱠᱮᱫᱮᱭᱟ।
train_santalimale_05018	wavs/train_santalimale_05018.wav	ᱩᱱᱠᱚᱣᱟᱜᱼᱟ ᱛᱚ ᱡᱟᱝ ᱨᱮ ᱵᱟᱹᱱᱩᱜᱼᱟ ᱟ।
train_santalimale_05019	wavs/train_santalimale_05019.wav	ᱪᱚ ᱢᱮᱱᱟᱜᱼᱟ ᱛᱟᱠᱚ ᱜᱮᱪᱚ ᱚᱠᱚᱭ ᱩᱱᱟᱹᱜᱼᱟ ᱠᱷᱚᱡᱚ-ᱛᱚᱞᱟᱥ ᱟᱨ ᱥᱩᱴᱤᱠ ᱫᱚᱭ ᱦᱟᱛᱟᱣ ᱞᱮᱫᱟ?
train_santalimale_05020	wavs/train_santalimale_05020.wav	ᱟᱨ ᱵᱟᱝᱠᱷᱟᱱ ᱠᱷᱟᱹᱴᱤ ᱜᱮ ᱩᱱᱤ ᱛᱷᱟᱯᱚᱱ ᱵᱚᱝᱜᱟ ᱜᱮ ᱱᱚᱟ ᱨᱚᱜ ᱫᱚᱭ ᱮᱡᱼᱟ ᱟᱫᱮᱭᱟ।
train_santalimale_05021	wavs/train_santalimale_05021.wav	ᱟᱹᱰᱤ ᱵᱷᱟᱵᱱᱟ ᱞᱟᱜᱟᱣᱟᱫᱼᱟ ᱠᱤᱱᱟᱹ, ᱥᱟᱹᱢᱩ ᱦᱟᱱᱦᱟᱨ ᱛᱮᱫᱼᱟ ᱛᱟᱹᱠᱤᱱ ᱫᱚ।
train_santalimale_05022	wavs/train_santalimale_05022.wav	ᱟᱹᱰᱤ ᱜᱮ ᱞᱟᱡᱟᱣ ᱟᱨ ᱚᱯᱚᱢᱟᱱᱚᱜᱼᱟ ᱞᱮᱠᱟ ᱦᱚᱸᱠᱤᱱ ᱟᱤᱠᱟᱹᱣᱟ।
train_santalimale_05023	wavs/train_santalimale_05023.wav	ᱦᱩᱫᱤᱥᱟᱠᱤᱱ ᱦᱚᱲ ᱠᱚᱠᱚ ᱵᱟᱰᱟᱭ ᱠᱮᱫᱟ ᱵᱟᱠᱚ ᱢᱮᱱᱟ ᱨᱚᱜ ᱡᱟᱣᱟᱸᱭ ᱛᱟᱹᱠᱤᱱ, ᱩᱱᱤ ᱴᱷᱮᱱ ᱜᱮᱠᱚ ᱠᱚᱞᱮ ᱠᱟᱱᱟ।
train_santalimale_05024	wavs/train_santalimale_05024.wav	ᱱᱚᱟ ᱠᱚᱜᱮ ᱦᱟᱱᱦᱟᱨ ᱛᱮᱫᱼᱟ ᱫᱚᱭ ᱞᱟᱡᱟᱣ ᱵᱚᱛᱚᱨᱟᱫᱟ।
train_santalimale_05025	wavs/train_santalimale_05025.wav	ᱢᱟᱹᱱᱢᱤ ᱞᱮᱠᱟᱛᱮ ᱢᱟᱹᱱᱢᱤᱭᱟᱜᱼᱟ ᱫᱩᱠ ᱦᱟᱞᱟᱠ ᱨᱮᱱ ᱚᱣᱟᱨᱤᱥ ᱫᱚ ᱵᱟᱭ ᱛᱮᱝᱜᱚ ᱞᱮᱱᱟ।
train_santalimale_05026	wavs/train_santalimale_05026.wav	ᱟᱡᱼᱟ ᱡᱩᱨᱤᱛᱛᱮᱫᱼᱟ ᱦᱚᱸ ᱮᱸᱜᱟᱛ ᱜᱚᱭᱚᱱ ᱜᱮᱭ ᱯᱟᱧᱡᱟ ᱠᱮᱫᱟ।
train_santalimale_05027	wavs/train_santalimale_05027.wav	ᱫᱤᱥᱟᱹ ᱦᱩᱫᱤᱥᱟᱱ ᱦᱚᱲ ᱪᱮᱫᱼᱟ ᱚᱫᱤᱥᱟᱹ ᱨᱮᱭ ᱦᱟᱸᱰᱟᱜᱼᱟ ᱛᱚᱦᱚᱫᱼᱟ ᱮᱱ ᱛᱮᱭ ᱱᱤᱨᱢᱟᱭᱟ ᱮᱱᱟᱭ ᱟᱡᱼᱟ ᱡᱟᱣᱟᱸᱭ ᱪᱮᱛᱟᱱ ᱚᱱᱟ ᱫᱚ ᱥᱟᱹᱢᱩ ᱨᱤᱱᱤᱡᱼᱟ ᱜᱮᱭ ᱞᱟᱹᱤ ᱫᱟᱲᱮᱭᱟᱜᱼᱟᱟ।
train_santalimale_05028	wavs/train_santalimale_05028.wav	ᱢᱤᱫᱼᱟ ᱫᱤᱱ ᱥᱟᱹᱢᱩ ᱢᱟᱢᱚ ᱦᱚᱧᱦᱟᱨᱛᱮᱫᱼᱟ ᱦᱤᱨᱤ ᱢᱮᱱᱛᱮᱭ ᱦᱮᱡᱼᱟ ᱞᱮᱱᱟ।
train_santalimale_05029	wavs/train_santalimale_05029.wav	ᱩᱱᱤ ᱫᱚ ᱦᱟᱱᱦᱟᱨ ᱛᱮᱫᱼᱟ ᱠᱷᱚᱱ ᱫᱚᱭ ᱠᱟᱹᱴᱤᱡᱼᱟ ᱜᱮᱭᱟ।
train_santalimale_05030	wavs/train_santalimale_05030.wav	ᱚᱱᱟ ᱤᱭᱟᱹᱛᱮ ᱥᱟᱹᱢᱩ ᱦᱟᱱᱦᱟᱨᱚ-ᱦᱚᱧᱦᱟᱨ ᱫᱚ ᱩᱱᱤ ᱨᱮᱱ ᱫᱤᱫᱤ ᱛᱮᱭᱟᱝ ᱠᱤᱱ ᱦᱚᱭᱚᱜᱼᱟ ᱠᱟᱱᱟ।
train_santalimale_05031	wavs/train_santalimale_05031.wav	ᱜᱟᱞᱢᱟᱨᱟᱣ ᱜᱟᱞᱢᱟᱨᱟᱣ ᱛᱮ ᱟᱠᱚ ᱫᱤᱫᱤ ᱛᱮᱧᱟ ᱟᱹᱰᱤ ᱜᱚᱴᱮᱱ ᱠᱟᱛᱷᱟ ᱠᱚᱠᱚ ᱜᱟᱯᱟᱞᱢᱟᱨᱟᱣ ᱠᱮᱫᱼᱟ ᱟ।
train_santalimale_05032	wavs/train_santalimale_05032.wav	ᱪᱮᱞᱮᱫᱼᱟ ᱱᱚᱟ ᱜᱟᱞᱢᱟᱨᱟᱣ ᱨᱮᱜᱮ ᱥᱟᱹᱢᱩ ᱵᱟᱝ ᱨᱟᱱ ᱚᱪᱚᱭᱮ ᱟᱨ ᱩᱱᱤ ᱴᱷᱮᱱ ᱦᱚᱯᱚᱱ ᱮᱨᱟ ᱵᱟᱝ ᱠᱩᱞᱤ ᱨᱮᱭᱟᱜᱼᱟ ᱠᱟᱛᱷᱟ ᱦᱚᱸᱠᱚ ᱜᱟᱞᱢᱟᱨᱟᱣ ᱜᱚᱴᱟ ᱠᱮᱫᱟ।
train_santalimale_05033	wavs/train_santalimale_05033.wav	ᱚᱱᱟ ᱤᱭᱟᱹᱛᱮᱜᱮ ᱢᱚᱧᱡ ᱨᱚᱲ ᱵᱮᱣᱦᱟᱨ ᱜᱟᱞᱢᱟᱨᱟᱣ ᱦᱚᱸ ᱦᱟᱹᱸᱨᱚᱥᱩᱸᱰ ᱦᱟᱯᱮᱭᱮᱱᱟ।
train_santalimale_05034	wavs/train_santalimale_05034.wav	ᱢᱤᱨᱩ ᱪᱮᱸᱰᱮᱸ ᱨᱟᱦᱟ ᱟᱨ ᱠᱚᱭᱮᱞ ᱪᱮᱸᱰᱮᱸ ᱟᱲᱟᱝ ᱦᱚᱸ ᱠᱟᱹᱸᱦᱩ ᱟᱲᱟᱝ ᱞᱮᱠᱟ ᱠᱟᱸᱣᱚ-ᱠᱟᱸᱣ, ᱜᱷᱟᱸᱣᱚ-ᱜᱷᱟᱸᱣ ᱮᱱᱟ।
train_santalimale_05035	wavs/train_santalimale_05035.wav	ᱱᱚᱟ ᱟᱲᱟᱝ ᱜᱮ ᱥᱟᱹᱢᱩᱣᱟᱜᱼᱟ ᱦᱟᱥᱚ ᱫᱚᱨᱚᱫᱤᱭᱟᱹ ᱡᱤᱣᱤ ᱦᱚᱲᱢᱚ ᱠᱚᱲᱟᱹᱢ ᱫᱷᱟᱠᱚ-ᱫᱷᱟᱠᱟᱣ ᱫᱚ ᱟᱨ ᱜᱮᱭ ᱵᱟᱹᱸᱲᱛᱤ ᱠᱮᱫᱼᱟ ᱛᱟᱭᱟ।
train_santalimale_05036	wavs/train_santalimale_05036.wav	ᱱᱟᱹᱤᱦᱟᱹᱨ ᱨᱮ ᱛᱟᱦᱮᱸᱱ ᱵᱟᱝ ᱥᱟᱱᱟᱭᱮᱭᱟ।
train_santalimale_05037	wavs/train_santalimale_05037.wav	ᱚᱱᱟ ᱠᱷᱚᱱ ᱵᱷᱟᱜᱮ ᱩᱯᱟᱹᱥ ᱛᱮ ᱛᱟᱦᱮᱸᱱ ᱟᱨ ᱵᱤᱱᱟᱹ ᱨᱟᱱ ᱨᱮᱦᱮᱫᱚᱜᱼᱟ ᱛᱮ ᱜᱚᱡᱚᱜᱼᱟ ᱜᱮ ᱵᱷᱟᱜᱮᱭᱮ ᱢᱮᱱᱟᱫᱟ।
train_santalimale_05038	wavs/train_santalimale_05038.wav	ᱱᱚᱬᱰᱮ ᱛᱟᱦᱮᱸᱱ ᱨᱮᱫᱚ ᱨᱚᱲ ᱨᱮᱸᱜᱮᱡᱼᱟ ᱥᱟᱦᱟᱣ ᱵᱟᱦᱟᱣ ᱟᱱᱮᱡᱼᱟ ᱜᱮ।
train_santalimale_05039	wavs/train_santalimale_05039.wav	ᱟᱠᱚᱣᱟᱜᱼᱟ ᱢᱮᱱ ᱫᱚ ᱨᱟᱱ ᱯᱷᱟᱨᱱᱟᱣ ᱠᱮᱫᱮᱭᱟᱵᱚᱱ ᱟᱫᱚ ᱪᱮᱫᱼᱟ?
train_santalimale_05040	wavs/train_santalimale_05040.wav	ᱢᱮᱱᱠᱷᱟᱱ ᱱᱩᱭ ᱫᱚ ᱱᱚᱟ ᱠᱟᱛᱷᱟ ᱪᱮᱠᱟᱭ ᱵᱟᱰᱟᱭ ᱡᱚᱝ ᱠᱟᱱᱟ।
train_santalimale_05041	wavs/train_santalimale_05041.wav	ᱟᱥᱚ-ᱵᱷᱚᱨᱥᱟ ᱟᱱᱛᱮ ᱠᱷᱟᱹᱛᱤᱨ ᱡᱚᱢᱟ ᱢᱮᱱᱟᱭᱟ।
train_santalimale_05042	wavs/train_santalimale_05042.wav	ᱱᱟᱥᱮ ᱵᱟᱭ ᱵᱟᱰᱟᱭ ᱡᱚᱝ ᱠᱟᱱᱟ ᱪᱮᱫᱟᱜᱼᱟ ᱪᱮᱫᱼᱟ ᱤᱭᱟᱹᱛᱮ ᱮᱨᱟ ᱛᱤᱧᱟᱹ ᱫᱚ ᱤᱧ ᱥᱚᱛᱮᱡᱼᱟ ᱵᱷᱟᱜᱮ ᱵᱟᱭ ᱨᱚᱲ ᱮᱫᱟ।
train_santalimale_05043	wavs/train_santalimale_05043.wav	ᱟᱨ ᱦᱟᱱᱦᱟᱨᱚ-ᱦᱚᱧᱦᱟᱨ ᱛᱟᱹᱠᱤᱱᱟᱹᱜᱼᱟ ᱨᱚᱲ ᱵᱮᱣᱦᱟᱨ ᱪᱟᱜᱼᱟ ᱡᱩᱫᱟᱹᱭᱮᱱᱟ?
train_santalimale_05044	wavs/train_santalimale_05044.wav	ᱥᱟᱹᱢᱩ ᱦᱟᱱᱦᱟᱨᱚ-ᱦᱚᱧᱦᱟᱨᱛᱮᱫᱼᱟ ᱛᱟᱹᱠᱤᱱ ᱨᱟᱱ ᱵᱮᱥᱮ ᱨᱮᱭᱟᱜᱼᱟ ᱵᱷᱟᱨ ᱠᱤᱱ ᱜᱚᱜᱼᱟ ᱟᱠᱟᱫᱼᱟ ᱛᱮ ᱥᱟᱹᱢᱩ ᱫᱚ ᱱᱟᱹᱤᱦᱟᱹᱨ ᱨᱮ ᱱᱤᱯᱷᱤᱠᱤᱨ ᱢᱮᱱᱟᱭᱟ।
train_santalimale_05045	wavs/train_santalimale_05045.wav	ᱢᱮᱱᱠᱷᱟᱱ ᱪᱮᱠᱟᱭ ᱵᱟᱰᱟᱭ ᱠᱟᱱᱟ ᱟᱹᱩᱨᱤ ᱨᱮᱜᱮ ᱱᱚᱟ ᱠᱟᱛᱷᱟ ᱠᱚ ᱜᱚᱴᱟᱣᱟᱠᱟᱫᱟ ᱢᱮᱱᱛᱮ ᱡᱮ ᱤᱱᱟᱹᱜᱼᱟ ᱜᱮᱵᱚᱱ ᱨᱟᱱ ᱚᱪᱚᱭᱮᱭᱟ।
train_santalimale_05046	wavs/train_santalimale_05046.wav	ᱱᱚᱟ ᱠᱚ ᱠᱟᱛᱷᱟ ᱵᱟᱭ ᱥᱟᱦᱟᱣ ᱫᱟᱲᱮᱭᱟᱜᱼᱟ ᱛᱮ ᱚᱬᱰᱮ ᱠᱷᱚᱱ ᱚᱰᱚᱝᱚᱜᱼᱟ ᱨᱮᱭᱟᱜᱼᱟ ᱮ ᱜᱚᱴᱟ ᱠᱮᱫᱟ।
train_santalimale_05047	wavs/train_santalimale_05047.wav	ᱟᱹᱠᱤᱱ ᱡᱩᱨᱤ-ᱯᱟᱹᱨᱤ ᱛᱟᱞᱟ ᱨᱮᱦᱚᱸ ᱵᱚᱜᱮ-ᱡᱩᱫᱟᱹ ᱠᱩᱯᱩᱞᱤ ᱨᱚᱯᱚᱲ ᱮᱯᱮᱢᱚ-ᱪᱟᱯᱟᱞ ᱛᱷᱩᱠᱟᱹᱢ ᱮᱱᱟ।
train_santalimale_05048	wavs/train_santalimale_05048.wav	ᱵᱟᱨᱚ-ᱯᱮ ᱫᱤᱱ ᱠᱷᱚᱱ ᱡᱩᱨᱤᱛᱛᱮᱫᱼᱟ ᱦᱚᱸ ᱵᱟᱭ ᱨᱚᱲᱟᱹᱭ ᱠᱟᱱᱟ।
train_santalimale_05049	wavs/train_santalimale_05049.wav	ᱫᱟᱜᱼᱟ-ᱫᱟᱠᱟ ᱥᱚᱨᱚ-ᱥᱟᱢᱟᱝ ᱢᱟ ᱵᱟᱝ ᱡᱚᱢ ᱛᱷᱟᱹᱨᱤ-ᱵᱟᱹᱴᱤ ᱦᱚᱸ ᱵᱟᱭ ᱚᱲᱚᱝ ᱛᱟᱭᱟ।
train_santalimale_05050	wavs/train_santalimale_05050.wav	ᱨᱟᱱᱚ-ᱨᱮᱦᱮᱫᱼᱟ ᱡᱚᱢᱚ-ᱧᱩ ᱦᱚᱸ ᱛᱟᱠ ᱱᱟᱹᱯᱤᱛ ᱚᱠᱛᱮ ᱦᱟᱸᱥᱩᱨ ᱞᱚᱴᱚᱢᱮᱱᱟ।
train_santalimale_05051	wavs/train_santalimale_05051.wav	ᱱᱚᱟ ᱠᱚ ᱫᱤᱠ ᱛᱮ ᱢᱤᱫᱼᱟ ᱫᱤᱱ ᱥᱟᱹᱢᱩ ᱫᱚ ᱩᱯᱟᱹᱥ ᱛᱮᱜᱮᱭ ᱚᱲᱚᱝᱮᱱᱟ।
train_santalimale_05052	wavs/train_santalimale_05052.wav	ᱵᱟᱥᱠᱮᱭᱟᱜᱼᱟ ᱵᱮᱞᱟ ᱦᱤᱡᱩᱜᱼᱟ ᱮ ᱥᱟᱯᱲᱟᱹᱜᱼᱟ ᱠᱟᱱ ᱨᱮᱦᱚᱸ ᱦᱟᱱᱦᱟᱨᱛᱮᱫᱼᱟ ᱵᱟᱥᱠᱮᱭᱟᱜᱼᱟ ᱡᱚᱢ ᱛᱚᱨᱟᱭ ᱵᱟᱭ ᱢᱮᱛᱟᱭ ᱠᱟᱱᱟ।
train_santalimale_05053	wavs/train_santalimale_05053.wav	ᱮᱨᱟᱛᱛᱮᱫᱼᱟ ᱦᱚᱸ ᱵᱟᱭ ᱯᱟᱧᱡᱟ ᱞᱮᱫᱮᱭᱟ।
train_santalimale_05054	wavs/train_santalimale_05054.wav	ᱩᱱ ᱚᱠᱛᱮ ᱩᱱᱤ ᱫᱚ ᱵᱷᱤᱛᱨᱤ ᱚᱲᱟᱜᱼᱟ ᱧᱩᱛ ᱨᱮᱭ ᱵᱚᱞᱚ ᱦᱚᱯᱮᱭᱮᱱᱟ।
train_santalimale_05055	wavs/train_santalimale_05055.wav	ᱨᱩᱜᱤ-ᱦᱚᱲᱢᱚ ᱩᱯᱟᱹᱥᱚ-ᱞᱟᱡᱼᱟ ᱛᱟᱲᱟᱹᱢ ᱨᱮᱭᱟᱜᱼᱟ ᱫᱟᱲᱮᱹ ᱵᱟᱹᱱᱩᱜᱼᱟ ᱛᱟᱭᱟ।
train_santalimale_05056	wavs/train_santalimale_05056.wav	ᱮᱱᱛᱮ ᱨᱮᱦᱚᱸ ᱡᱟᱦᱟᱸ ᱞᱮᱠᱟᱛᱮ ᱡᱤᱨᱟᱹᱩ-ᱡᱤᱨᱟᱹᱩ ᱛᱮ ᱚᱲᱟᱜᱼᱟ ᱮ ᱥᱮᱴᱮᱨᱮᱱᱟ।
train_santalimale_05057	wavs/train_santalimale_05057.wav	ᱟᱭᱢᱟ ᱫᱤᱱ ᱯᱟᱨᱚᱢᱮᱱᱟ ᱮᱱ ᱨᱮᱦᱚᱸ ᱯᱟᱧᱡᱟ ᱫᱚ ᱵᱟᱠᱚ ᱦᱮᱡᱼᱟ ᱞᱮᱱᱟ।
train_santalimale_05058	wavs/train_santalimale_05058.wav	ᱮᱨᱟᱛᱛᱮᱫᱼᱟ ᱟᱜᱼᱟ ᱢᱚᱱ ᱦᱚᱸ ᱵᱟᱝ ᱞᱮ ᱞᱮᱱ ᱛᱟᱭᱟ, ᱨᱩᱜᱤ-ᱦᱚᱲᱢᱚ ᱚᱠᱟᱭ ᱪᱟᱞᱟᱣᱮᱱᱟ।
train_santalimale_05059	wavs/train_santalimale_05059.wav	ᱪᱤᱴᱷᱤ ᱥᱟᱠᱟᱢ ᱦᱚᱛᱮᱫᱼᱟ ᱛᱮᱦᱚᱸ ᱡᱟᱦᱟᱸᱱ ᱟᱹᱠᱤᱱ ᱛᱟᱞᱟ ᱨᱮ ᱮᱯᱮᱢ ᱵᱟᱝ ᱦᱚᱭ ᱞᱮᱱᱟ।
train_santalimale_05060	wavs/train_santalimale_05060.wav	ᱛᱷᱚᱲᱟᱹ ᱫᱤᱱ ᱵᱟᱫ ᱠᱟᱛᱷᱟ ᱟᱩᱡᱚᱢᱮᱱᱟ ᱵᱟᱝᱢᱟ, ᱡᱟᱣᱟᱸᱭ ᱫᱚ ᱨᱟᱱ ᱵᱮᱥ ᱚᱪᱚ ᱠᱮᱫᱮᱭᱟᱞᱮ ᱟᱨ ᱵᱤᱱᱟᱹ ᱞᱟᱹᱤ ᱛᱮᱭ ᱫᱟᱹᱲ ᱠᱮᱫᱟ।
train_santalimale_05061	wavs/train_santalimale_05061.wav	ᱤᱱᱟᱹ ᱥᱩᱢᱩᱝ ᱫᱚ ᱵᱟᱰ ᱟᱨ ᱦᱚᱸ ᱟᱲᱟᱝᱮᱱᱟ।
train_santalimale_05062	wavs/train_santalimale_05062.wav	ᱡᱟᱣᱟᱸᱭ ᱫᱚᱭ ᱨᱚᱜ ᱮᱱᱟ ᱠᱟᱨᱚᱱᱮᱱᱟᱭ, ᱩᱱᱤ ᱴᱷᱮᱱ ᱫᱚ ᱵᱟᱞᱮ ᱠᱚᱞᱮᱭᱟ।
train_santalimale_05063	wavs/train_santalimale_05063.wav	ᱥᱤᱞᱚᱱᱤ ᱦᱚᱸ ᱡᱟᱹᱱᱤᱡᱼᱟ ᱨᱚᱜ ᱠᱟᱨᱚᱱ ᱮ ᱦᱤᱨᱠᱷᱟᱹᱣᱟᱜᱼᱟ ᱠᱟᱱ ᱠᱷᱟᱹᱛᱤᱨ ᱛᱮ ᱩᱱᱤ ᱴᱷᱮᱱ ᱪᱟᱞᱟᱜᱼᱟ ᱵᱟᱭ ᱨᱮᱵᱮᱱ ᱠᱟᱱᱟ।
train_santalimale_05064	wavs/train_santalimale_05064.wav	ᱥᱟᱢᱟᱝ ᱨᱮᱦᱚᱸ ᱪᱮᱞᱮᱫᱼᱟ ᱱᱚᱝᱠᱟᱭ ᱢᱮᱛᱟᱣᱟᱫᱮ ᱛᱟᱦᱮᱸ ᱨᱚᱜᱮᱱᱟᱢ ᱠᱟᱨᱚᱱᱮᱱᱟᱢ ᱟᱢ ᱴᱷᱮᱱ ᱫᱚ ᱵᱟᱹᱧ ᱛᱟᱦᱮᱸᱱᱟ।
train_santalimale_05065	wavs/train_santalimale_05065.wav	ᱢᱮᱱᱠᱷᱟᱱ ᱱᱟᱦᱟᱸᱜᱼᱟ ᱡᱩᱜᱨᱮᱱ ᱥᱤᱠᱷᱱᱟᱹᱛ ᱟᱠᱟᱱ ᱵᱟᱹᱦᱩ ᱱᱟᱥᱮ ᱵᱟᱰᱟᱭ ᱵᱟᱝ ᱛᱟᱢ ᱡᱮ ᱨᱟᱡ ᱨᱚᱜ ᱫᱚ ᱥᱮᱫᱟᱭ ᱞᱮᱠᱟᱱ ᱵᱚᱛᱚᱨᱟᱱᱟᱜᱼᱟ ᱨᱚᱜ ᱫᱚ ᱵᱟᱝ ᱠᱟᱱᱟ।
train_santalimale_05066	wavs/train_santalimale_05066.wav	ᱱᱚᱟ ᱫᱚ ᱱᱤᱛ ᱦᱟᱞᱟᱝ ᱠᱟᱛᱮ ᱠᱚ ᱪᱟᱵᱟᱭᱮᱫᱟ।
train_santalimale_05067	wavs/train_santalimale_05067.wav	ᱨᱮᱦᱮᱫᱼᱟ ᱠᱷᱚᱱ ᱪᱟᱵᱟ ᱩᱛᱟᱹᱨᱚᱜᱼᱟ ᱠᱟᱱᱟ।
train_santalimale_05068	wavs/train_santalimale_05068.wav	ᱟᱢ ᱫᱚ ᱠᱷᱟᱞᱤ ᱱᱩᱭᱟᱜᱼᱟ ᱡᱤᱭᱚᱱ ᱨᱮ ᱥᱩᱞᱩᱠ ᱪᱟᱸᱫᱚ ᱞᱮᱠᱟ ᱛᱮᱨᱫᱮᱡᱼᱟ ᱢᱟᱨᱥᱟᱞ ᱠᱩᱱᱟᱹᱢᱤ ᱨᱮᱢ ᱦᱮᱡᱼᱟ ᱮᱱᱟ ᱟᱢᱵᱟᱥ ᱟᱨ ᱠᱟᱲᱟᱹᱝ ᱧᱩᱛᱟᱹᱛ ᱞᱟᱹᱜᱤᱫᱼᱟ।
train_santalimale_05069	wavs/train_santalimale_05069.wav	ᱚᱞᱚᱜᱼᱟ ᱟᱹᱠᱤᱞ ᱦᱟᱢᱮᱴ ᱠᱟᱛᱮ ᱢᱟᱛᱠᱚᱢᱚ-ᱠᱷᱩᱬᱴᱤ ᱥᱟᱨᱡᱚᱢᱚ-ᱠᱷᱩᱬᱴᱤ ᱨᱮᱭᱟᱜᱼᱟ ᱢᱟᱱᱚ-ᱢᱟᱱᱚᱛ ᱚᱠᱚᱨᱮᱢ ᱩᱤᱦᱟᱹᱨ ᱛᱤᱭᱟᱹᱜᱼᱟ ᱞᱮᱫᱟ?
train_santalimale_05070	wavs/train_santalimale_05070.wav	ᱫᱤᱥᱟᱹᱢ ᱯᱮᱲᱟᱹ ᱢᱟᱡᱷᱤ-ᱢᱟᱯᱟᱧᱡᱷᱤ, ᱪᱟᱸᱫᱚ-ᱤᱯᱤᱞ ᱠᱚᱠᱚ ᱥᱟᱹᱠᱷᱤ ᱞᱮᱱ, ᱫᱷᱩᱰᱤ ᱛᱮ ᱡᱚᱛᱚᱢ ᱮᱨ ᱞᱚᱥᱚᱯᱚᱬᱲᱚ ᱠᱮᱫᱼᱟ ᱠᱚᱟ।
train_santalimale_05071	wavs/train_santalimale_05071.wav	ᱥᱤᱠᱷᱱᱟᱹᱛ ᱡᱩᱨᱤ-ᱯᱟᱹᱨᱤ ᱠᱷᱟᱢᱚ-ᱠᱷᱩᱬᱴᱤ ᱪᱤᱱᱦᱟᱹ ᱚᱠᱚᱨ ᱵᱮᱱ ᱵᱤᱫᱼᱟ ᱴᱟᱨᱦᱟᱣ ᱫᱟᱲᱮᱭᱟᱫᱟ?
train_santalimale_05072	wavs/train_santalimale_05072.wav	ᱟᱵᱚ ᱥᱟᱸᱣᱛᱟ ᱨᱮ ᱛᱤᱱᱟᱹᱜᱼᱟ ᱥᱤᱠᱷᱱᱟᱹᱛ ᱜᱚ-ᱵᱟᱵᱟ, ᱡᱩᱨᱤ-ᱯᱟᱹᱨᱤ ᱱᱤᱛ ᱦᱚᱸ ᱥᱚᱱᱚᱛ ᱥᱚᱱᱟ ᱰᱩᱨᱤᱭᱟᱹ ᱛᱚᱱᱚᱞ ᱠᱚ ᱛᱚᱯᱟᱜᱼᱟ ᱛᱚᱜᱚᱡᱼᱟ ᱮᱫᱼᱟ, ᱚᱦᱚ ᱢᱮᱱ ᱠᱮ! ᱟᱨ, ᱤᱧ ᱫᱚ ᱟᱢᱟᱜᱼᱟ ᱪᱟᱹᱨᱤᱛ ᱵᱟᱠᱷᱨᱟ ᱛᱮ ᱫᱚᱨᱥᱟᱣ ᱵᱟᱝ ᱥᱟᱱᱟᱧ ᱠᱟᱱᱟ।
train_santalimale_05073	wavs/train_santalimale_05073.wav	ᱯᱟᱥᱮᱡᱼᱟ ᱢᱤᱫᱼᱟ ᱫᱤᱱ ᱦᱤᱞᱚᱜᱼᱟ ᱡᱟᱦᱟᱸ ᱞᱮᱠᱟ ᱧᱟᱯᱟᱢ ᱠᱟᱛᱮ ᱵᱮᱱ ᱧᱩᱛ ᱨᱩᱣᱟᱹᱲᱮᱱ ᱜᱮ ᱩᱱ ᱫᱚ ᱤᱧ ᱵᱟᱱᱟ ᱦᱚᱲ ᱥᱮᱡᱼᱟ ᱠᱷᱚᱱ ᱟᱹᱰᱤ ᱢᱟᱨᱟᱝ ᱵᱟᱤᱨᱤ ᱞᱮᱠᱟᱧ ᱚᱨᱚᱢᱚᱜᱼᱟ ᱟ।
train_santalimale_05074	wavs/train_santalimale_05074.wav	ᱛᱚᱠᱷᱚᱱ ᱥᱤᱠᱷᱱᱟᱹᱛ ᱥᱟᱸᱣᱛᱟ ᱛᱟᱞᱟ ᱨᱮ ᱡᱟᱹᱱᱩᱢ ᱯᱚᱦᱟ ᱞᱮᱠᱟᱧ ᱧᱮᱞᱚᱜᱼᱟ ᱟ ᱟᱨ ᱚᱱᱚᱞᱤᱭᱟᱹ ᱚᱞᱛᱮᱫᱼᱟ ᱤᱧᱟᱹᱜᱼᱟ ᱜᱮ ᱩᱱ ᱫᱚ ᱵᱮᱨᱛᱷᱟᱜᱼᱟ ᱛᱤᱧᱟᱹ।
train_santalimale_05075	wavs/train_santalimale_05075.wav	ᱢᱮᱱᱠᱷᱟᱱ ᱫᱤᱥᱟᱹ ᱫᱚᱦᱚᱭ ᱢᱟᱵᱚᱱ ᱪᱮᱠᱟ ᱵᱟᱯᱞᱟ ᱫᱚ ᱥᱟᱸᱣᱛᱟ ᱨᱮ ᱠᱷᱮᱞᱚᱰ ᱮᱱᱮᱡᱼᱟ ᱥᱩᱢᱩᱝ ᱥᱮ ᱦᱟᱹᱥᱚ-ᱨᱟᱹᱥᱠᱟᱹ ᱟᱥ ᱢᱮᱴᱟᱣ ᱥᱟᱫ ᱢᱟᱨᱟᱣ ᱥᱩᱢᱩᱝ ᱟᱨ ᱡᱩᱨᱤ-ᱯᱟᱹᱨᱤ ᱛᱟᱦᱮᱸᱱ ᱫᱚ ᱥᱩᱠ ᱡᱤᱭᱚᱱ ᱨᱮᱜᱮ ᱫᱩᱠ ᱨᱮᱫᱚ ᱵᱟᱝ!
train_santalimale_05076	wavs/train_santalimale_05076.wav	ᱥᱮᱫᱟᱭ ᱠᱷᱚᱱ ᱱᱤᱛ ᱦᱟᱹᱵᱤᱡᱼᱟ ᱛᱮ ᱱᱚᱟ ᱪᱟᱞ ᱫᱚ ᱪᱟᱞᱟᱣ ᱦᱤᱡᱩᱜᱼᱟ ᱠᱟᱱ ᱜᱮᱭᱟ।
train_santalimale_05077	wavs/train_santalimale_05077.wav	ᱥᱤᱠᱷᱱᱟᱹᱛ ᱵᱮᱥᱤᱠᱷᱱᱟᱹᱛ ᱥᱟᱱᱟᱢ ᱯᱟᱦᱴᱟ ᱨᱮᱱ ᱜᱷᱟᱨᱚᱧᱡᱤᱭᱟᱹ ᱠᱚᱲᱟ-ᱠᱩᱲᱤ ᱠᱚ ᱵᱟᱵᱚᱱ ᱛᱮᱝᱜᱚ ᱠᱮᱴᱮᱡᱚᱜᱼᱟ ᱦᱟᱹᱵᱤᱡᱼᱟ ᱥᱚᱱᱚᱛ ᱵᱟᱯᱞᱟ ᱢᱤᱫᱼᱟ ᱠᱤᱨᱤᱧᱚ-ᱟᱹᱠᱚᱨᱤᱧ ᱥᱩᱢᱩᱝ ᱜᱮ ᱥᱟᱸᱣᱛᱟ ᱨᱮ ᱛᱟᱦᱮᱸ ᱦᱟᱛᱟᱲᱚᱜᱼᱟ ᱟ।
train_santalimale_05078	wavs/train_santalimale_05078.wav	ᱜᱚ-ᱵᱟᱵᱟ ᱛᱟᱠᱚᱣᱟᱜᱼᱟ ᱢᱚᱱᱮ ᱨᱮ ᱢᱟᱨᱮ ᱫᱤᱥᱚ-ᱦᱩᱫᱤᱥ ᱢᱮᱴᱟᱣ ᱠᱟᱛᱮ, ᱡᱩᱨᱤ-ᱯᱟᱹᱨᱤ ᱛᱟᱞᱟ ᱨᱮ ᱯᱟᱹᱛᱤᱭᱟᱹᱩ ᱜᱟᱹᱰᱤᱭᱟᱹᱩ ᱱᱟᱣᱟᱸ ᱟᱭᱚ-ᱩᱢᱟᱹᱱ ᱵᱟᱵᱚᱱ ᱟᱹᱴᱚᱠᱩᱨ ᱚᱪᱚᱭ ᱦᱟᱹᱵᱤᱡᱼᱟ ᱯᱩᱛᱩᱞ ᱮᱱᱮᱡᱼᱟ ᱞᱮᱠᱟ ᱛᱟᱨ ᱴᱷᱮᱵᱼᱟ ᱵᱟᱨᱟᱜ ᱥᱩᱢᱩᱝ ᱜᱮ।
train_santalimale_05079	wavs/train_santalimale_05079.wav	ᱯᱮᱲᱟ ᱚᱲᱟᱜᱼᱟ ᱠᱷᱚᱱ ᱨᱩᱣᱟᱹᱲ ᱠᱟᱛᱮ ᱟᱪᱠᱟ ᱜᱮ ᱥᱟᱹᱢᱩ ᱫᱚᱧ ᱫᱤᱥᱟᱹ ᱜᱚᱫᱼᱟ ᱠᱮᱫᱮᱭᱟ।
train_santalimale_05080	wavs/train_santalimale_05080.wav	ᱮᱱᱛᱮ ᱤᱥᱠᱩᱞ ᱠᱷᱚᱱ ᱠᱚᱞᱮᱡ ᱦᱟᱹᱵᱤᱡᱼᱟ ᱢᱤᱫᱼᱟ ᱛᱮᱜᱮ ᱥᱮᱪᱮᱫᱼᱟ ᱞᱤᱧ ᱦᱟᱢᱮᱴ ᱞᱮᱫᱟ।
train_santalimale_05081	wavs/train_santalimale_05081.wav	ᱩᱱᱤ ᱦᱤᱠᱨᱤᱭᱮ ᱫᱚ ᱩᱱ ᱨᱮᱧ ᱥᱮᱱ ᱞᱮᱱᱟ, ᱚᱱᱮ ᱯᱟᱨᱠᱚᱢ ᱨᱮᱭ ᱥᱟᱴᱟᱣ ᱟᱠᱟᱱ ᱛᱟᱦᱮᱸ।
train_santalimale_05082	wavs/train_santalimale_05082.wav	ᱡᱮᱞ ᱩᱛᱩ ᱫᱟᱠᱟ ᱟᱨ ᱡᱚ ᱵᱮᱞ ᱟᱱᱛᱮ।
train_santalimale_05083	wavs/train_santalimale_05083.wav	ᱤᱱᱟᱹ ᱛᱟᱭᱚᱢ ᱫᱚ ᱟᱨ ᱵᱟᱞᱤᱧ ᱧᱟᱯᱟᱢᱟᱠᱟᱱᱟ, ᱵᱟᱞᱤᱧ ᱦᱤᱨᱤᱭᱟᱠᱟᱱᱟ।
train_santalimale_05084	wavs/train_santalimale_05084.wav	ᱚᱱᱟ ᱤᱭᱟᱹᱛᱮᱧ ᱜᱚᱴᱟ ᱠᱮᱫᱟ ᱟᱨ ᱢᱤᱫᱼᱟ ᱫᱚᱢᱤᱧ ᱦᱤᱨᱤᱭᱮᱭᱟ।
train_santalimale_05085	wavs/train_santalimale_05085.wav	ᱢᱚᱧᱡ ᱱᱟᱯᱟᱭ ᱛᱮᱭ ᱪᱮᱴᱷᱟᱣᱟᱠᱟᱱᱟ ᱥᱮ ᱵᱟᱝ।
train_santalimale_05086	wavs/train_santalimale_05086.wav	ᱚᱱᱠᱟ ᱞᱮᱠᱟ ᱢᱤᱫᱼᱟ ᱫᱤᱱ ᱫᱚ ᱟᱹᱛᱚ-ᱚᱯᱥᱚᱨ ᱧᱟᱢ ᱛᱮᱦᱚᱧ ᱧᱟᱢ ᱛᱚᱫᱼᱟ ᱠᱮᱫᱼᱟ ᱜᱮᱭᱟ ᱟᱨ ᱩᱱᱤ ᱦᱤᱨᱤᱭᱤᱧ ᱚᱲᱚᱝᱮᱱᱟ।
train_santalimale_05087	wavs/train_santalimale_05087.wav	ᱵᱚᱞᱚᱜᱚᱫᱼᱟ ᱥᱟᱸᱣᱛᱮ ᱥᱟᱹᱢᱩ ᱫᱚ ᱚᱲᱟᱜᱼᱟ ᱨᱮ ᱵᱟᱹᱧ ᱟᱴᱠᱟᱨ ᱞᱮᱫᱮᱭᱟ।
train_santalimale_05088	wavs/train_santalimale_05088.wav	ᱟᱡᱼᱟ ᱜᱚ ᱫᱚ ᱟᱹᱰᱤ ᱩᱥᱟᱹᱨᱟᱛᱮ ᱫᱟᱜᱼᱟ ᱠᱚ ᱛᱟᱝ ᱵᱟᱲᱟᱹ ᱠᱟᱛᱮ ᱤᱧ ᱜᱮᱧ ᱠᱩᱞᱤ ᱢᱟᱲᱟᱝ ᱠᱮᱫᱮᱭᱟ, ᱱᱟᱯᱟᱭ ᱵᱟᱲᱟᱹ ᱜᱮᱭᱟ ᱯᱮ।
train_santalimale_05089	wavs/train_santalimale_05089.wav	ᱟᱡᱼᱟ ᱜᱚ ᱫᱚᱭ ᱢᱮᱱ ᱨᱩᱣᱟᱹᱲ ᱠᱮᱫᱟ,ᱦᱮᱸ।
train_santalimale_05090	wavs/train_santalimale_05090.wav	ᱟᱨ ᱦᱚᱸᱧ ᱠᱩᱞᱤ ᱠᱮᱫᱮᱭᱟ,ᱚᱠᱟᱭᱮᱱᱟᱭ?
train_santalimale_05091	wavs/train_santalimale_05091.wav	ᱟᱡᱼᱟ ᱜᱚ ᱫᱚᱭ ᱨᱚᱲ ᱨᱩᱣᱟᱹᱲ ᱠᱮᱫᱟ, ᱵᱟᱲᱜᱮ ᱥᱮᱡᱼᱟ ᱨᱮ ᱛᱷᱚᱲᱟᱹ ᱜᱟᱱ ᱦᱟᱥᱟᱭᱮ ᱡᱟᱣᱟᱭᱮᱫᱟ।
train_santalimale_05092	wavs/train_santalimale_05092.wav	ᱤᱱᱟᱹᱜᱼᱟ ᱛᱮᱜᱮᱭ ᱨᱚᱲ ᱫᱟᱨᱟᱢ ᱜᱚᱫᱼᱟ ᱠᱮᱫᱟ, ᱵᱟᱹᱦᱩ ᱢᱟᱪᱚ ᱴᱟ ᱵᱟᱠᱚ ᱠᱚᱞᱮ ᱠᱟᱱ।
train_santalimale_05093	wavs/train_santalimale_05093.wav	ᱤᱱᱟᱹᱜᱼᱟ ᱜᱷᱟᱹᱲᱤᱡᱼᱟ ᱛᱮᱜᱮ ᱥᱟᱹᱢᱩ ᱫᱚᱭ ᱵᱚᱞᱚ ᱜᱚᱫᱼᱟ ᱮᱱᱟ।
train_santalimale_05094	wavs/train_santalimale_05094.wav	ᱤᱧ ᱫᱚ ᱥᱟᱹᱢᱩᱣᱟᱜᱼᱟ ᱢᱮᱸᱫᱼᱟᱦᱟᱸ ᱥᱮᱡᱼᱟ ᱵᱟᱝ ᱠᱚᱭᱚᱜᱼᱟ ᱠᱟᱛᱮ ᱩᱱᱤᱭᱟᱜᱼᱟ ᱦᱚᱲᱢᱚ ᱜᱮ ᱟᱹᱪᱩᱨᱚ-ᱵᱤᱦᱩᱨᱤᱧ ᱵᱮᱸᱜᱮᱫᱼᱟ ᱟᱛᱟᱭ ᱠᱟᱱᱟ।
train_santalimale_05095	wavs/train_santalimale_05095.wav	ᱮᱱᱛᱮ ᱨᱩᱣᱟᱹ ᱚᱠᱛᱮ ᱠᱷᱚᱱ ᱱᱤᱛ ᱫᱚ ᱦᱚᱲᱢᱚ ᱟᱹᱰᱤ ᱜᱮ ᱯᱷᱮᱨᱟᱣᱟᱠᱟᱱ ᱛᱟᱭᱟ।
train_santalimale_05096	wavs/train_santalimale_05096.wav	ᱛᱟᱠᱷᱮ ᱠᱷᱟᱡᱼᱟ ᱜᱮᱧ ᱠᱩᱞᱤ ᱜᱚᱫᱼᱟ ᱠᱮᱫᱮᱭᱟ, ᱪᱮᱫᱼᱟ ᱮᱢ ᱪᱮᱠᱟᱭᱮᱫᱼᱟ ᱠᱟᱱ ᱛᱟᱦᱮᱸᱱᱟ?
train_santalimale_05097	wavs/train_santalimale_05097.wav	ᱨᱚᱲ ᱨᱩᱣᱟᱹᱲ ᱜᱚᱫᱼᱟ ᱠᱮᱫᱟᱭ, ᱠᱟᱸᱛ ᱠᱚ ᱞᱟᱹᱱᱫᱩᱲ ᱪᱟᱵᱟᱣᱟᱠᱟᱱᱟ।
train_santalimale_05098	wavs/train_santalimale_05098.wav	ᱢᱤᱫᱼᱟ ᱵᱟᱨ ᱫᱟᱨᱮ ᱵᱮᱸᱜᱟᱲ, ᱢᱟᱞᱦᱟᱱ, ᱵᱤᱞᱟᱹᱛᱤ ᱠᱚ ᱢᱮᱱᱟᱜᱼᱟ ᱟ।
train_santalimale_05099	wavs/train_santalimale_05099.wav	ᱚᱱᱟ ᱠᱷᱟᱹᱛᱤᱨ ᱦᱟᱥᱟᱧ ᱡᱟᱣᱟᱭᱮᱫᱼᱟ ᱠᱟᱱ ᱛᱟᱦᱮᱸᱱᱟ।
train_santalimale_05100	wavs/train_santalimale_05100.wav	ᱤᱧ ᱫᱚ ᱟᱨ ᱦᱚᱸᱧ ᱠᱩᱞᱤ ᱜᱚᱫᱼᱟ ᱠᱮᱫᱮᱭᱟ, ᱠᱟᱹᱢᱤ ᱫᱟᱲᱮᱭᱟᱜᱼᱟ ᱠᱟᱱ ᱜᱮᱭᱟᱢ।
train_santalimale_05101	wavs/train_santalimale_05101.wav	ᱱᱮᱛᱟᱨ ᱢᱟ ᱮᱠᱟᱞᱤᱧ ᱢᱚᱧᱡ ᱩᱛᱟᱹᱨᱮᱱ, ᱥᱟᱱᱟᱢᱟᱜᱼᱟ ᱥᱮᱛᱚᱝᱚ-ᱨᱟᱵᱟᱝ ᱤᱧ ᱠᱟᱹᱢᱤᱭᱮᱫᱼᱟ ᱠᱟᱱ, ᱡᱟᱦᱟᱸᱱ ᱢᱩᱥᱚᱠᱤᱞ ᱜᱮ ᱵᱟᱝ।
train_santalimale_05102	wavs/train_santalimale_05102.wav	ᱩᱱᱤᱭᱟᱜᱼᱟ ᱠᱟᱛᱷᱟ ᱨᱮᱜᱮᱧ ᱜᱟᱛᱷᱟᱣ ᱜᱚᱫᱼᱟ ᱟᱫᱟ, ᱱᱮᱛᱟᱨ ᱢᱟᱛᱚ ᱮᱠᱟᱞ ᱱᱟᱯᱟᱭ ᱜᱮᱢ ᱧᱮᱞᱚᱜᱼᱟ ᱠᱟᱱ, ᱟᱨ ᱦᱚᱸᱧ ᱠᱩᱞᱤ ᱜᱚᱫᱼᱟ ᱠᱮᱫᱮᱭᱟ, ᱚᱲᱟᱜᱼᱟ ᱮᱨᱟ ᱛᱟᱢ ᱢᱟ ᱵᱟᱭ ᱟᱹᱤᱠᱟᱹᱜᱼᱟ ᱠᱟᱱ!
train_santalimale_05103	wavs/train_santalimale_05103.wav	ᱚᱠᱟᱛᱮᱭ ᱥᱮᱱ ᱟᱠᱟᱱᱟ, ᱩᱱᱤ ᱢᱟᱪᱚ ᱵᱟᱠᱚ ᱠᱩᱞᱤ ᱠᱟᱱ ᱟᱨ ᱟᱡᱼᱟ ᱛᱮᱦᱚᱸ ᱵᱟᱭ ᱦᱮᱡᱼᱟ ᱞᱟᱹᱜᱤᱫᱚᱜᱼᱟ ᱠᱟᱱ!
train_santalimale_05104	wavs/train_santalimale_05104.wav	ᱱᱚᱟ ᱠᱟᱛᱷᱟ ᱟᱧᱡᱚᱢ ᱠᱟᱛᱮ ᱵᱚᱦᱚᱜᱼᱟ ᱟᱹᱪᱩᱨᱚᱜᱼᱟ ᱞᱮᱠᱟᱧ ᱟᱴᱠᱟᱨ ᱜᱚᱫᱼᱟ ᱠᱮᱫᱟ।
train_santalimale_05105	wavs/train_santalimale_05105.wav	ᱵᱟᱯᱞᱟ ᱚᱠᱛᱮ ᱨᱮᱭᱟᱜᱼᱟ ᱧᱮᱱᱮᱞ ᱩᱤᱦᱟᱹᱨ ᱟᱹᱪᱩᱨᱚᱫᱤᱧᱟ।
train_santalimale_05106	wavs/train_santalimale_05106.wav	ᱛᱤᱱᱟᱹᱜᱼᱟ ᱢᱚᱧᱡ, ᱛᱤᱱᱟᱹᱜᱼᱟ ᱨᱟᱹᱥᱠᱟᱹ ᱟᱥᱟ ᱢᱚᱴᱨᱟ ᱠᱟᱛᱮ ᱠᱷᱟᱥ ᱠᱟᱭᱛᱮ ᱟᱞᱮ ᱜᱟᱛᱮ ᱠᱚᱲᱟᱹ ᱠᱚ ᱵᱟᱹᱨᱤᱭᱟᱹᱛ ᱞᱮ ᱥᱮᱱ ᱞᱮᱱᱟ।
train_santalimale_05107	wavs/train_santalimale_05107.wav	ᱢᱤᱫᱼᱟ ᱥᱤᱧᱚ-ᱢᱤᱫᱼᱟ ᱧᱤᱱᱫᱟᱹ ᱢᱤᱪᱷᱟᱹ ᱜᱮ ᱫᱟᱨᱟᱢᱫᱟᱜᱼᱟ ᱴᱟᱹᱬᱰᱤ, ᱪᱷᱟᱴᱠᱟ ᱟᱨ ᱢᱟᱬᱰᱣᱟ ᱞᱮ ᱥᱟᱹᱠᱷᱤ ᱥᱚᱵᱷᱟ ᱞᱮᱫᱼᱟ!
train_santalimale_05108	wavs/train_santalimale_05108.wav	ᱵᱷᱟᱜᱮ-ᱵᱷᱟᱜᱮ ᱞᱟᱹᱰᱩ-ᱢᱤᱴᱷᱟᱹᱤ, ᱡᱮᱞ ᱦᱟᱠᱚ, ᱯᱮᱬᱰᱮᱞ ᱩᱢᱩᱞ ᱩᱨᱚᱜᱩᱢ ᱪᱮᱛᱟᱱ ᱢᱮᱡᱚ-ᱢᱟᱹᱪᱤ ᱨᱮᱞᱮ ᱡᱚᱢ ᱞᱮᱫᱼᱟ ᱞᱟᱡᱟᱯᱟᱲᱟᱹ ᱟᱨ ᱵᱮᱨᱛᱷᱟ ᱜᱮ!
train_santalimale_05109	wavs/train_santalimale_05109.wav	ᱠᱟᱛᱷᱟ ᱢᱟ ᱚᱠᱟ ᱨᱮᱧ ᱮᱛᱚᱢ ᱚᱴᱚᱠᱟᱜᱼᱟ ᱟᱨ ᱪᱮᱫᱼᱟ ᱤᱧ ᱦᱩᱫᱤᱥᱮᱫᱟ?
train_santalimale_05110	wavs/train_santalimale_05110.wav	ᱟᱧᱡᱚᱢ ᱧᱟᱢᱮᱱᱟ, ᱨᱚᱜ ᱤᱱᱟᱹᱧ ᱠᱟᱨᱚᱱ ᱤᱱᱟᱹᱧ ᱚᱱᱟ ᱠᱷᱟᱹᱛᱤᱨ ᱜᱮ ᱵᱟᱠᱚ ᱠᱩᱞᱤ ᱠᱟᱱᱟ ᱟᱨ ᱟᱪᱛᱮᱫᱼᱟ ᱦᱚᱸᱭ ᱢᱮᱱᱟ, ᱜᱚ-ᱵᱟᱵᱟ ᱡᱟᱦᱟᱸ ᱜᱮᱠᱤᱱ ᱢᱤᱛᱟᱹᱧᱟ ᱚᱱᱟ ᱜᱮᱧ ᱟᱧᱡᱚᱢᱟ।
train_santalimale_05111	wavs/train_santalimale_05111.wav	ᱟᱨ ᱦᱚᱸ ᱪᱮᱞᱮᱫᱼᱟ ᱢᱤᱫᱼᱟ ᱫᱚ ᱵᱟᱞᱟᱭᱟ-ᱵᱟᱞᱟᱭᱟ ᱠᱚ ᱪᱮᱠᱟᱭᱮᱱ ᱪᱚ ᱩᱱ ᱨᱮ ᱦᱟᱱᱦᱟᱨᱤᱧ ᱮ ᱢᱮᱱ ᱞᱮᱫᱟ, ᱟᱯᱮ ᱨᱮᱱ ᱦᱚᱯᱚᱱ ᱛᱮᱫᱼᱟ ᱞᱮ ᱨᱟᱱ ᱵᱮᱥᱮᱭᱟ ᱟᱨ ᱟᱞᱮ ᱫᱚ ᱵᱟᱞᱮ ᱠᱚᱞᱮᱭᱟ।
train_santalimale_05112	wavs/train_santalimale_05112.wav	ᱟᱨ, ᱟᱡᱼᱟ ᱛᱮᱫᱼᱟ ᱦᱚᱸ ᱨᱚᱜ ᱠᱟᱨᱚᱱ ᱮ ᱦᱤᱨᱠᱷᱟᱹᱣᱟᱜᱼᱟ ᱠᱟᱱ ᱛᱮ ᱵᱟᱭ ᱨᱮᱵᱮᱱ ᱞᱟᱹᱜᱤᱫᱚᱜᱼᱟ ᱠᱟᱱᱟ।
train_santalimale_05113	wavs/train_santalimale_05113.wav	ᱟᱫᱚ ᱪᱮᱠᱟᱭᱮᱱ ᱱᱚᱜᱼᱟᱚᱭ ᱪᱚᱢ ᱱᱟᱯᱟᱭ ᱩᱛᱟᱹᱨᱮᱱ।
train_santalimale_05114	wavs/train_santalimale_05114.wav	ᱱᱤᱭᱟᱹ ᱨᱟᱥᱟᱭᱚᱱᱤᱠ ᱡᱩᱜ ᱨᱮ ᱨᱩᱣᱟᱹ-ᱦᱟᱥᱚ ᱢᱟ ᱞᱮᱛᱟᱲ ᱜᱮ ᱟᱹᱰᱤ ᱡᱟᱹᱥᱛᱤ ᱦᱚᱭᱚᱜᱚᱜᱼᱟ ᱠᱟᱱ ᱵᱟᱝ ᱧᱮᱞ ᱨᱚᱜᱮᱢ ᱧᱮᱞᱟ ᱟᱨ ᱵᱟᱝ ᱵᱟᱰᱟᱭ ᱨᱚᱜᱮᱢ ᱟᱧᱡᱚᱢᱟ।
train_santalimale_05115	wavs/train_santalimale_05115.wav	ᱢᱚᱧᱡ ᱱᱟᱯᱟᱭᱚ-ᱱᱟᱯᱟᱭ ᱦᱚᱲᱢᱚ ᱠᱷᱚᱱ ᱨᱚᱜ ᱡᱟᱱᱟᱢᱚᱜᱼᱟ ᱠᱟᱱ ᱜᱮᱭᱟ।
train_santalimale_05116	wavs/train_santalimale_05116.wav	ᱟᱫᱚ ᱱᱚᱟ ᱨᱚᱜ ᱠᱷᱟᱹᱛᱤᱨ ᱮ ᱥᱟᱦᱟ ᱯᱷᱟᱨᱟᱠᱮᱱᱟ।
train_santalimale_05117	wavs/train_santalimale_05117.wav	ᱦᱚᱸᱧ ᱠᱩᱞᱤ ᱠᱮᱫᱮᱭᱟ, ᱱᱤᱡᱟᱹ ᱛᱮ ᱧᱟᱯᱟᱢ ᱧᱮᱯᱮᱞ ᱠᱟᱛᱮ ᱫᱚ ᱵᱟᱢ ᱢᱮᱱ ᱵᱟᱲᱟᱹᱣᱟᱠᱟᱫᱮᱭᱟ?
train_santalimale_05118	wavs/train_santalimale_05118.wav	ᱢᱮᱱ ᱨᱩᱣᱟᱹᱲᱟᱹᱠᱟᱣᱟᱫᱮᱧᱟᱭ ᱨᱚᱜᱮᱱᱟᱢ, ᱠᱟᱨᱚᱱᱮᱱᱟᱢ, ᱟᱢ ᱴᱷᱮᱱ ᱫᱚ ᱵᱟᱠᱚ ᱠᱚᱞᱮᱧᱟ ᱟᱨ ᱤᱧ ᱛᱮᱦᱚᱸ ᱟᱢ ᱴᱷᱮᱱ ᱫᱚ ᱵᱟᱹᱧ ᱛᱟᱦᱮᱸᱱᱟ।
train_santalimale_05119	wavs/train_santalimale_05119.wav	ᱫᱷᱚᱢᱠᱟᱣ ᱠᱮᱫᱮᱠᱷᱟᱱ ᱢᱟ ᱦᱤᱱᱫᱤ ᱛᱮᱭ ᱢᱮᱛᱟᱣᱟᱹᱫᱤᱧᱟᱹ।
train_santalimale_05120	wavs/train_santalimale_05120.wav	ᱞᱮ ᱵᱟᱵᱟ ᱤᱧᱟᱹᱜᱼᱟ ᱢᱚᱪᱟ ᱢᱟ ᱥᱮᱛᱟ ᱠᱷᱩᱫᱟᱹᱩ ᱠᱷᱤᱸᱠᱲᱤ ᱡᱤᱨᱟᱹᱩ ᱞᱮᱠᱟ ᱟᱲᱟᱭᱚ-ᱚᱲᱚᱭᱮᱱ ᱛᱤᱧ!
train_santalimale_05121	wavs/train_santalimale_05121.wav	ᱤᱧ ᱫᱚᱧ ᱢᱮᱱ ᱜᱚᱫᱼᱟ ᱠᱮᱫᱟ, ᱚᱠᱟ ᱞᱮᱠᱟᱱ ᱥᱤᱠᱷᱱᱟᱹᱛᱟᱠᱟᱱ ᱵᱟᱹᱦᱩ ᱱᱩᱭ ᱫᱚ ᱜᱚ-ᱯᱟᱹᱨᱥᱤ ᱵᱟᱝ ᱠᱟᱛᱮ ᱦᱤᱱᱫᱤ ᱵᱟᱸᱜᱞᱟ।
train_santalimale_05122	wavs/train_santalimale_05122.wav	ᱡᱩᱨᱤ ᱛᱟᱢ ᱫᱚ ᱫᱩᱠᱚ-ᱫᱟᱱᱫ ᱨᱮᱜᱮ ᱡᱚᱠᱷᱚᱱᱮ ᱥᱟᱦᱟ ᱯᱷᱟᱨᱟᱠᱚᱜᱼᱟ ᱛᱚᱵᱮ ᱛᱤᱨᱤ-ᱫᱩᱞᱟᱹᱲ ᱨᱮᱭᱟᱜᱼᱟ ᱨᱤᱞᱟᱹᱢᱟᱞᱟ ᱲᱟᱹᱰᱤ ᱫᱟᱜᱼᱟ ᱵᱚᱜᱼᱟᱰᱮᱭᱤᱡᱼᱟ ᱫᱚ ᱚᱠᱚᱭ?
train_santalimale_05123	wavs/train_santalimale_05123.wav	ᱚᱱᱟ ᱠᱷᱚᱱ ᱵᱷᱟᱜᱮ ᱢᱟ ᱚᱱᱠᱚ ᱵᱮᱥᱤᱠᱷᱱᱟᱹᱛᱟᱠᱟᱱ ᱵᱟᱹᱦᱩ ᱚᱠᱚᱭ ᱫᱚ ᱦᱟᱞᱟᱠᱚ-ᱦᱟᱨᱠᱮᱛ ᱥᱟᱦᱟᱣ ᱛᱩᱞᱩᱡᱼᱟ ᱫᱩᱠ ᱨᱮ ᱫᱟᱱᱫ ᱨᱮ ᱩᱯᱟᱹᱥᱟᱹᱧᱚ-ᱛᱤᱨᱟᱹᱥᱟᱹᱧ ᱡᱚ-ᱡᱤᱛᱟᱹᱣ ᱥᱟᱱᱟᱢᱟᱜᱼᱟ ᱫᱮᱭᱟ ᱠᱟᱛᱮ ᱪᱟᱞᱟᱣᱚ-ᱵᱟᱱᱟᱣ ᱥᱟᱸᱣᱛᱮ ᱡᱤᱭᱚᱱ ᱡᱩᱨᱤ ᱥᱟᱸᱣ ᱠᱚ ᱛᱟᱦᱮᱸᱱ ᱠᱟᱱᱟ।
train_santalimale_05124	wavs/train_santalimale_05124.wav	ᱥᱟᱹᱢᱩ ᱫᱚ ᱟᱨ ᱦᱚᱸᱭ ᱢᱮᱱ ᱜᱚᱫᱼᱟ ᱠᱮᱫᱟ ᱱᱚᱟ ᱜᱮᱛᱚ ᱱᱟᱦᱟᱸᱜᱼᱟ ᱵᱟᱹᱦᱩ ᱠᱚᱣᱟᱜᱼᱟ ᱥᱟᱵᱥᱤ ᱫᱚ!
train_santalimale_05125	wavs/train_santalimale_05125.wav	ᱥᱤᱠᱷᱱᱟᱹᱛ ᱟᱠᱟᱱᱟᱭ ᱢᱮᱱᱠᱷᱟᱱ ᱥᱟᱸᱣᱛᱟ ᱟᱭᱚ ᱫᱚᱭ ᱫᱮᱭᱟ ᱠᱟᱭ ᱠᱟᱱᱟ।
train_santalimale_05126	wavs/train_santalimale_05126.wav	ᱯᱟᱲᱦᱟᱣ ᱟᱠᱟᱫᱟᱭ ᱮᱱ ᱨᱮᱦᱚᱸ ᱥᱛᱤ-ᱚᱱᱩᱥᱩᱤᱭᱟ ᱟᱨ ᱥᱟᱣᱤᱛᱨᱤᱭᱟᱜᱼᱟ ᱠᱟᱹᱦᱱᱤ ᱫᱚᱭ ᱦᱤᱲᱤᱧ ᱟᱠᱟᱫᱟ।
train_santalimale_05127	wavs/train_santalimale_05127.wav	ᱚᱠᱚᱭ ᱫᱚ ᱥᱤᱠᱷᱱᱟᱹᱛ ᱜᱚᱨᱚᱵ ᱛᱮ, ᱚᱠᱚᱭ ᱫᱚ ᱱᱟᱦᱟᱸᱜᱼᱟ ᱨᱤᱡᱚ-ᱨᱚᱝ ᱛᱮ, ᱚᱠᱚᱭ ᱫᱚ ᱜᱚ-ᱵᱟᱵᱟᱣᱟᱜᱼᱟ ᱫᱷᱚᱱ ᱜᱚᱨᱚᱵ ᱛᱮ ᱚᱠᱚᱭ ᱫᱚ ᱮᱴᱟᱜᱼᱟ ᱡᱟᱹᱛᱤ ᱠᱚᱣᱟᱜᱼᱟ ᱥᱚᱛᱟᱥᱚᱝ ᱛᱮ, ᱚᱠᱚᱭ ᱫᱚ ᱡᱩᱣᱟᱹᱱ ᱦᱚᱲᱢᱚ ᱨᱮᱭᱟᱜᱼᱟ ᱨᱩᱯ ᱜᱚᱨᱚᱵ ᱛᱮ ᱟᱨ ᱚᱠᱚᱭ ᱫᱚ ᱟᱜᱟᱢ ᱟᱨ ᱱᱟᱜᱟᱢ ᱵᱟᱝ ᱩᱤᱦᱟᱹᱨ ᱛᱤᱭᱟᱹᱜᱼᱟ ᱠᱟᱛᱮ ᱥᱚᱱᱚᱛ ᱥᱚᱱᱟ-ᱥᱤᱠᱲᱤ ᱛᱚᱱᱚᱞ ᱨᱮᱭᱟᱜᱼᱟ ᱜᱚᱱᱚᱝ ᱵᱟᱝ ᱩᱤᱦᱟᱹᱨ ᱵᱩᱡ ᱛᱤᱭᱟᱹᱜᱼᱟ ᱠᱟᱛᱮ ᱟᱞᱟᱜ ᱛᱮᱜᱮ ᱠᱚ ᱪᱷᱟᱯᱟᱰᱟᱜᱼᱟ ᱠᱟᱱᱟ।
train_santalimale_05128	wavs/train_santalimale_05128.wav	ᱱᱚᱟ ᱠᱚ ᱱᱩᱱᱟᱹᱜᱼᱟ ᱠᱟᱛᱷᱟ ᱟᱧᱡᱚᱢ ᱠᱟᱛᱮ ᱵᱷᱟᱵᱱᱟ ᱢᱮᱥᱟ ᱵᱚᱦᱚᱜᱼᱟ ᱪᱟᱯᱚᱜᱼᱟ ᱵᱷᱟᱨ ᱨᱮᱧ ᱯᱟᱲᱟᱹᱣᱮᱱᱟ।
train_santalimale_05129	wavs/train_santalimale_05129.wav	ᱱᱩᱠᱤᱱᱟᱹᱜᱼᱟ ᱥᱩᱞᱩᱠ ᱡᱤᱭᱚᱱ ᱨᱮᱭᱟᱜᱼᱟ ᱠᱟᱛᱷᱟᱧ ᱩᱤᱦᱟᱹᱨᱟ ᱫᱩᱠ ᱡᱤᱭᱚᱱ ᱨᱮᱭᱟᱜᱼᱟ ᱦᱟᱞᱟᱠ ᱥᱚᱛᱮᱡᱼᱟ ᱛᱩᱞᱟᱹ ᱡᱚᱠᱷᱟᱭ ᱠᱷᱟᱱ ᱛᱤᱱᱟᱹᱜᱼᱟ ᱫᱚᱢ ᱪᱚ ᱩᱱᱠᱟᱹ-ᱪᱩᱱᱠᱟᱹᱧ ᱞᱟᱜᱟᱣ ᱨᱮᱦᱚᱸ ᱚᱡᱚᱱ ᱫᱚ ᱵᱟᱝ ᱜᱮᱧ ᱥᱚᱢᱟᱱ ᱫᱟᱲᱮᱹᱭᱟᱜᱼᱟ ᱟ।
train_santalimale_05130	wavs/train_santalimale_05130.wav	ᱠᱷᱤᱡᱞᱟᱹᱩ ᱜᱚᱫᱼᱟ ᱤᱱᱟᱹᱧ ᱮᱨᱟᱛᱛᱮᱫᱼᱟ ᱮ ᱛᱟᱦᱮᱸᱱ ᱠᱷᱟᱱ ᱱᱤᱛ ᱜᱮ ᱦᱟᱱᱛᱮ-ᱱᱦᱟᱛᱮᱧ ᱚᱡᱚᱱ ᱠᱤᱠᱤᱱᱟ।
train_santalimale_05131	wavs/train_santalimale_05131.wav	ᱜᱷᱟᱱᱮᱧ ᱦᱩᱫᱤᱥ ᱵᱟᱝ ᱫᱚ ᱥᱤᱠᱷᱱᱟᱹᱛ ᱜᱷᱟᱨᱚᱧᱡ ᱟᱨ ᱦᱚᱲ ᱠᱚᱣᱟᱜᱼᱟ ᱜᱚᱨᱚᱵ ᱟᱨ ᱵᱟᱝ ᱫᱚ ᱱᱟᱜᱟᱨᱚ-ᱵᱟᱡᱟᱨ, ᱠᱩᱣᱟᱹᱴᱚᱨ ᱟᱨ ᱟᱛᱚ ᱫᱤᱥᱟᱹᱢ ᱨᱮ ᱛᱟᱦᱮᱸᱱ ᱠᱟᱱ ᱦᱚᱲ ᱠᱚᱣᱟᱜᱼᱟ ᱛᱚᱯᱷᱟᱛ, ᱚᱦᱚ ᱢᱮᱱ ᱠᱮ!
train_santalimale_05132	wavs/train_santalimale_05132.wav	ᱡᱟᱦᱟᱸ ᱫᱚ ᱡᱟᱦᱟᱸ ᱠᱟᱱ, ᱧᱟᱯᱟᱢᱚᱜᱼᱟ ᱫᱚ ᱱᱟᱯᱟᱭ ᱜᱮᱭᱟ, ᱵᱟᱯᱟᱜᱚᱜᱼᱟ ᱫᱚ ᱵᱟᱝ।
train_santalimale_05133	wavs/train_santalimale_05133.wav	ᱪᱟᱦᱮ ᱡᱩᱨᱤ ᱥᱚᱛᱮᱡᱼᱟ ᱮᱢ ᱵᱟᱯᱟᱜᱚᱜᱼᱟ, ᱪᱟᱦᱮ ᱜᱚ ᱵᱟᱵᱟ ᱵᱚᱭᱦᱟ-ᱢᱤᱥᱮᱨᱟ ᱟᱨ ᱪᱟᱦᱮ ᱢᱤᱞᱣᱟᱹ ᱥᱚᱛᱮᱡᱼᱟ।
train_santalimale_05134	wavs/train_santalimale_05134.wav	ᱢᱚᱱᱮ ᱨᱮ ᱜᱷᱟᱣ ᱟᱨ ᱴᱷᱟᱸᱣ ᱫᱚ ᱴᱷᱟᱠᱮᱫᱼᱟ ᱮᱱᱟ ᱟᱨ ᱩᱱᱤ ᱞᱟᱹᱜᱤᱫᱼᱟ ᱫᱚ ᱴᱷᱟᱹᱣᱠᱟᱹ ᱜᱮᱭᱟ ᱚᱠᱚᱭ ᱫᱚᱭ ᱴᱷᱟᱸᱣᱚᱠ।
train_santalimale_05135	wavs/train_santalimale_05135.wav	ᱚᱱᱟ ᱠᱷᱟᱹᱛᱤᱨ ᱛᱮᱜᱮ ᱯᱟᱥᱮᱡᱼᱟ ᱱᱩᱠᱤᱱᱟᱹᱜᱼᱟ ᱵᱟᱯᱞᱟ ᱡᱤᱭᱚᱱ ᱦᱚᱸ ᱱᱚᱝᱠᱟ ᱭᱮᱱ।
train_santalimale_05136	wavs/train_santalimale_05136.wav	ᱟᱨ, ᱵᱟᱠᱷᱟᱡᱼᱟ ᱫᱚ ᱥᱤᱠᱷᱱᱟᱹᱛ ᱜᱷᱟᱨᱚᱧᱡ ᱛᱟᱞᱟ ᱨᱮ ᱢᱮᱸᱫᱼᱟ ᱫᱟᱜᱼᱟ ᱞᱮᱠᱟ ᱞᱤᱸᱜᱤ ᱞᱮᱱ ᱫᱟᱜᱼᱟ ᱫᱚ ᱰᱩᱵᱟᱹ ᱫᱟᱜᱼᱟ ᱨᱮ ᱟᱣᱨᱤ ᱢᱩᱴᱷᱟᱹᱱᱚᱜᱼᱟ ᱨᱮᱜᱮ ᱟᱲᱮ ᱴᱟᱨᱦᱟᱣ ᱠᱮᱜᱮᱭᱟᱠᱚ।
train_santalimale_05137	wavs/train_santalimale_05137.wav	ᱛᱮᱦᱮᱧ ᱫᱚ ᱞᱩᱜᱩᱢᱩᱱᱤ ᱟᱡᱼᱟ ᱮᱥᱠᱟᱨ ᱜᱮ ᱠᱩᱭᱚᱬᱰᱤ ᱡᱟᱝ ᱮ ᱠᱚᱴᱮᱡᱼᱟ ᱠᱟᱱᱟ।
train_santalimale_05138	wavs/train_santalimale_05138.wav	ᱜᱟᱛᱮ ᱠᱩᱲᱤ ᱠᱚ ᱠᱷᱚᱱ ᱵᱮᱜᱟᱨ ᱚᱱᱟ ᱦᱮᱢᱟᱞ ᱩᱢᱩᱞ ᱨᱟᱹᱤᱞᱟᱹ ᱢᱟᱛᱠᱚᱢ ᱫᱟᱨᱮ ᱵᱩᱴᱟᱹ ᱠᱷᱚᱱ ᱯᱷᱟᱨᱟᱠ, ᱫᱮᱭᱟᱣᱟᱠᱟᱫᱼᱟ ᱟᱡᱼᱟ ᱢᱚᱛᱚ ᱜᱮ, ᱮᱥᱠᱟᱨ ᱱᱤᱨᱡᱟᱞᱟ ᱜᱩᱱᱟᱹᱱ ᱜᱟᱬᱲᱚᱱ ᱪᱤᱱᱛᱟᱹᱭᱮᱫᱼᱟ ᱛᱩᱞᱩᱡᱼᱟ!
train_santalimale_05139	wavs/train_santalimale_05139.wav	ᱜᱟᱛᱮ ᱠᱩᱲᱤ ᱫᱚᱠᱚ ᱦᱚᱦᱚᱣᱟᱭ ᱠᱟᱱ ᱜᱮᱭᱟ, ᱢᱮᱱᱠᱷᱟᱱ ᱵᱟᱭ ᱦᱮᱛᱟᱣᱟᱛᱟ ᱠᱚ ᱠᱟᱱᱟ।
train_santalimale_05140	wavs/train_santalimale_05140.wav	ᱪᱮᱫᱼᱟ ᱤᱭᱟᱹᱛᱮ ᱪᱚ ᱱᱟᱥᱮ ᱵᱟᱠᱚ ᱵᱩᱡ ᱫᱟᱲᱮᱭᱟᱜᱼᱟ ᱠᱟᱱᱟ।
train_santalimale_05141	wavs/train_santalimale_05141.wav	ᱮᱱᱛᱮ ᱨᱮᱦᱚᱸ ᱩᱱᱤ ᱴᱷᱮᱱ ᱵᱟᱠᱚ ᱥᱮᱱ ᱥᱚᱸᱜᱮᱜᱼᱟ ᱠᱟᱱᱟ।
train_santalimale_05142	wavs/train_santalimale_05142.wav	ᱦᱮᱣᱟᱣᱟᱠᱟᱱ ᱦᱚᱲ ᱦᱮᱲᱟ-ᱜᱮᱥᱟᱣᱟᱠᱟᱫᱼᱟ ᱴᱷᱟᱹᱸᱤ ᱨᱮᱜᱮ ᱢᱚᱧᱡ ᱱᱟᱯᱟᱭ ᱟᱨ ᱡᱤᱣᱤ ᱫᱚ ᱫᱷᱤᱨᱚᱯᱩᱨᱩᱱ ᱢᱚᱱᱮ ᱫᱚ ᱛᱤᱨᱚᱯᱤᱛ ᱟᱴᱠᱟᱨᱚᱜᱼᱟ ᱟ।
train_santalimale_05143	wavs/train_santalimale_05143.wav	ᱚᱱᱟ ᱫᱟᱨᱮ ᱩᱢᱩᱞ ᱠᱷᱚᱱ ᱥᱟᱱᱟᱢ ᱦᱚᱲ ᱛᱮᱠᱚ ᱠᱚᱭᱚᱜᱼᱟ ᱟᱭ ᱠᱟᱱᱟ।
train_santalimale_05144	wavs/train_santalimale_05144.wav	ᱯᱚᱦᱨᱮᱠᱚ-ᱯᱚᱦᱨᱮᱠ ᱨᱮ ᱟᱨ ᱦᱚᱸᱠᱚ ᱦᱚᱦᱚᱣᱟᱭ ᱠᱟᱱᱟ।
train_santalimale_05145	wavs/train_santalimale_05145.wav	ᱟᱡᱼᱟ ᱫᱚ ᱠᱩᱭᱚᱬᱰᱤ ᱡᱟᱝ ᱠᱚᱴᱮᱡ ᱛᱩᱞᱩᱡᱼᱟ ᱚᱠᱟ ᱱᱟᱹᱸᱤ ᱨᱮᱪᱚᱭ ᱦᱩᱫᱤᱥ ᱩᱱᱩᱢ ᱦᱟᱯᱮᱭᱟᱠᱟᱱ, ᱵᱟᱝ ᱫᱚ ᱨᱚᱲ ᱜᱮ ᱛᱟᱨᱠᱚᱣᱟᱭ ᱠᱟᱱ ᱟᱨ ᱵᱟᱝ ᱫᱚ ᱢᱚᱱ ᱜᱮ ᱢᱚᱠᱚᱧᱚᱜᱼᱟ ᱠᱟᱱ ᱛᱟᱭ।
train_santalimale_05146	wavs/train_santalimale_05146.wav	ᱥᱟᱹᱨᱤ ᱜᱮ ᱚᱱᱟ ᱫᱟᱨᱮ ᱩᱢᱩᱞ ᱨᱮᱫᱚ ᱡᱷᱮᱸᱴ, ᱟᱥᱟᱲ ᱵᱚᱝᱜᱟ ᱜᱚᱴᱟ ᱠᱩᱞᱦᱤ ᱨᱮᱱ ᱦᱚᱲ ᱠᱩᱭᱚᱬᱰᱤ ᱡᱟᱝ ᱟᱹᱜᱩ ᱠᱟᱛᱮ ᱠᱚ ᱠᱚᱴᱮᱡᱟ ᱟᱨ ᱵᱟᱝ ᱠᱟᱹᱢᱤ ᱠᱚ ᱢᱟᱦᱟᱸ ᱨᱮᱫᱚ ᱛᱤᱠᱤᱱ ᱛᱮᱛᱟᱝ ᱞᱚᱨᱟᱣ ᱢᱚᱱᱮ ᱩᱢᱩᱞ ᱠᱟᱛᱮ ᱢᱚᱱᱮ ᱡᱤᱣᱤ ᱦᱚᱲᱢᱚ ᱠᱚ ᱡᱤᱨᱟᱹᱩ ᱯᱷᱟᱨᱱᱟᱣ ᱛᱟᱠᱚᱚ।
train_santalimale_05147	wavs/train_santalimale_05147.wav	ᱢᱤᱫᱼᱟ ᱜᱷᱟᱹᱲᱤ ᱵᱟᱫ ᱟᱨ ᱦᱚᱸ ᱵᱟᱹᱥᱤᱭᱟᱹᱢ ᱟᱹᱪᱩᱨ ᱜᱟᱛᱮ ᱠᱩᱲᱤ ᱫᱚ ᱠᱚ ᱦᱚᱦᱚᱣᱟᱫᱮᱭᱟ।
train_santalimale_05148	wavs/train_santalimale_05148.wav	ᱮᱱᱛᱮ ᱨᱮᱦᱚᱸ ᱢᱚᱱᱮ ᱨᱮᱫᱚ ᱟᱲᱟᱝ ᱱᱟᱥᱮ ᱵᱟᱝ ᱛᱟᱨᱠᱚᱣᱟᱫᱮᱭᱟ।
train_santalimale_05149	wavs/train_santalimale_05149.wav	ᱟᱡᱼᱟ ᱦᱩᱫᱤᱥ ᱛᱮᱜᱮ ᱪᱮᱫᱼᱟ ᱢᱮᱱ ᱛᱮᱪᱚ ᱠᱷᱟᱹᱞᱤ ᱪᱮᱛᱟᱱ ᱢᱮᱸᱛᱛᱮ ᱵᱮᱸᱜᱮᱫᱼᱟ ᱨᱟᱠᱟᱵᱼᱟ ᱛᱟᱭᱚᱢ ᱵᱮᱸᱜᱮᱫᱼᱟ ᱟᱹᱪᱩᱨᱟᱫᱟᱭ, ᱵᱮᱲᱦᱟᱭᱛᱮ।
train_santalimale_05150	wavs/train_santalimale_05150.wav	ᱤᱧ ᱫᱚᱧ ᱵᱩᱡ ᱠᱮᱫᱟ ᱪᱮᱫᱼᱟ ᱪᱚᱭ ᱵᱩᱡᱩᱨ ᱟᱫᱼᱟ ᱟᱠᱟᱫᱼᱟ ᱟᱨ ᱯᱟᱥᱮᱡᱼᱟ ᱚᱱᱟ ᱜᱮᱭ ᱥᱮᱱᱫᱨᱟᱭᱮᱫᱼᱟ।
train_santalimale_05151	wavs/train_santalimale_05151.wav	ᱢᱤᱢᱤᱫᱼᱟ ᱜᱚᱴᱮᱡᱼᱟ ᱠᱩᱭᱚᱬᱰᱤ ᱡᱟᱝ ᱞᱮᱝᱜᱟ ᱛᱤ ᱛᱮᱭ ᱦᱟᱞᱟᱝ ᱨᱟᱠᱟᱵᱼᱟ ᱮᱫᱟ।
train_santalimale_05152	wavs/train_santalimale_05152.wav	ᱥᱤᱫᱩᱵᱼᱟ ᱛᱮ ᱫᱚᱦᱚ ᱛᱩᱞᱩᱡᱼᱟ ᱠᱚᱴᱮᱡᱼᱟ ᱡᱟᱡᱟᱝ ᱠᱟᱱ ᱜᱮᱭᱟᱭ।
train_santalimale_05153	wavs/train_santalimale_05153.wav	ᱠᱚᱴᱮᱡᱼᱟ ᱥᱟᱸᱣᱛᱮ ᱠᱩᱭᱚᱬᱰᱤ ᱫᱟᱹᱞ ᱫᱚ ᱵᱟᱨ ᱯᱟᱲᱟᱜᱚᱜᱼᱟ ᱠᱟᱱᱟ।
train_santalimale_05154	wavs/train_santalimale_05154.wav	ᱚᱱᱟ ᱞᱮᱠᱟ ᱜᱮ ᱛᱮᱦᱮᱧ ᱫᱚ ᱟᱭᱟᱜᱼᱟ ᱢᱚᱱᱮ ᱫᱚ ᱵᱟᱨ ᱯᱟᱲᱟᱹᱜᱼᱟ ᱟᱠᱟᱱ ᱛᱟᱭᱟ।
train_santalimale_05155	wavs/train_santalimale_05155.wav	ᱦᱩᱫᱤᱥ ᱠᱟᱱᱟᱭ ᱦᱟᱨᱟ ᱞᱮᱜᱮᱡᱼᱟ ᱲᱟᱹᱸᱜᱣᱟᱹ ᱢᱚᱱᱮ ᱱᱤᱨᱚᱲ ᱱᱤᱯᱷᱩᱴ ᱨᱤᱞᱟᱹᱢᱟᱞᱟ ᱦᱚᱲᱢᱚ ᱥᱟᱯᱷᱟ ᱥᱚᱱᱚᱛ ᱡᱤᱭᱚᱱ ᱠᱮᱫᱮᱡᱼᱟ ᱠᱚᱵᱟᱝ ᱮᱥᱮᱞᱚ-ᱩᱥᱩᱞ ᱠᱩᱝᱠᱟᱞ ᱥᱟᱸᱪ ᱵᱚᱝᱜᱟ ᱠᱩᱲᱤ ᱢᱩᱴᱷᱟᱹᱱ ᱡᱤᱣᱤ ᱦᱚᱲᱢᱚᱧ ᱟᱞᱟᱭ ᱜᱤᱰᱤ ᱠᱟᱜᱼᱟ ᱱᱚᱟ ᱫᱚ ᱚᱠᱚᱭᱟᱜᱼᱟ ᱫᱚᱥ?
train_santalimale_05156	wavs/train_santalimale_05156.wav	ᱜᱚ-ᱵᱟᱵᱟ,ᱚᱲᱟᱜᱼᱟ ᱦᱚᱲ, ᱤᱧᱟᱹᱠ ᱥᱮ ᱢᱚᱞᱚᱝ ᱨᱮᱭᱟᱜᱼᱟ ᱞᱤᱠᱷᱚᱱ ᱜᱮ।
train_santalimale_05157	wavs/train_santalimale_05157.wav	ᱮᱱᱛᱮ ᱮ ᱠᱟᱛᱷᱟ ᱞᱮᱫᱼᱟ ᱟ, ᱦᱮᱸ ᱨᱟᱹᱡᱤ ᱞᱮᱱᱟᱭ ᱟᱨᱮ ᱛᱚᱜᱚᱡᱼᱟ ᱥᱟᱲ ᱵᱤᱭᱮᱱ ᱠᱷᱟᱱ ᱠᱟᱛᱷᱟᱭ ᱯᱷᱮᱨᱟᱣ ᱠᱮᱫᱟ।
train_santalimale_05158	wavs/train_santalimale_05158.wav	ᱚᱠᱚᱭᱮ ᱵᱟᱰᱟᱭ ᱡᱚᱝ ᱠᱟᱱᱟ ᱱᱚᱝᱠᱟ?
train_santalimale_05159	wavs/train_santalimale_05159.wav	ᱦᱤᱲᱚ-ᱦᱤᱲᱤᱭᱟ ᱨᱚᱵᱚᱡᱼᱟ ᱨᱟᱥᱟ ᱟᱹᱠᱚ-ᱛᱟᱹᱦᱩᱲ ᱛᱟᱭᱚᱢ ᱪᱚᱯᱚᱡᱼᱟ-ᱥᱤᱴᱷᱟᱹ ᱥᱟᱵᱟᱜᱼᱟ-ᱠᱷᱟᱹᱰᱤ ᱵᱟᱝ ᱫᱚ ᱥᱮᱛᱟ ᱠᱚ ᱪᱟᱴᱚᱜ ᱵᱟᱝ ᱫᱚ ᱢᱩᱡᱼᱟ ᱜᱮᱠᱚ ᱡᱮᱢᱵᱮᱫᱼᱟ ᱟᱜᱼᱟ।
train_santalimale_05160	wavs/train_santalimale_05160.wav	ᱧᱮᱞᱟᱠᱟᱫᱼᱟ ᱵᱟᱲᱟᱭᱟᱠᱟᱫᱼᱟ ᱨᱤᱞᱟᱹᱢᱟᱞᱟ ᱜᱤᱛᱤᱞ ᱲᱟᱹᱰᱤ ᱫᱟᱜᱼᱟ ᱞᱩ ᱛᱮ ᱟᱹᱫᱷᱤᱜᱼᱟ ᱟ, ᱠᱟᱬᱰᱟ ᱯᱮᱨᱮᱡᱚᱜᱼᱟ ᱟ, ᱠᱟᱬᱰᱟ ᱫᱟᱜᱼᱟ ᱟᱫᱷᱤ ᱠᱟᱛᱮ ᱵᱟᱝ ᱥᱮᱛᱮᱧᱚᱜᱼᱟ ᱟ ᱵᱤᱪᱠᱚᱢ ᱜᱤᱛᱤᱞ ᱦᱤᱸᱧᱦᱟᱹᱸᱰ ᱠᱟᱛᱮ ᱟᱨ ᱦᱚᱸ ᱫᱟᱜᱼᱟ ᱠᱚ ᱫᱩᱞᱟᱜᱼᱟ ᱟ।
train_santalimale_05161	wavs/train_santalimale_05161.wav	ᱢᱮᱱᱠᱷᱟᱱ ᱜᱤᱛᱤᱞ ᱲᱟᱹᱰᱤ ᱫᱟᱜᱼᱟ ᱫᱚ ᱟᱨ ᱦᱚᱸ ᱥᱮᱛᱮᱧ ᱥᱟᱨᱥᱟᱜᱼᱟ ᱛᱮᱜᱮ ᱛᱟᱦᱮᱸᱱᱟ।
train_santalimale_05162	wavs/train_santalimale_05162.wav	ᱛᱤᱱᱟᱹᱜᱼᱟ ᱪᱚ ᱡᱮᱢᱵᱮᱫᱼᱟ ᱠᱟᱛᱮ ᱟᱧᱡᱞᱮ ᱟᱛᱮ ᱯᱷᱩᱰᱩᱠ ᱪᱩᱸᱠᱰᱩᱸᱡᱼᱟ ᱛᱮ ᱫᱟᱜᱼᱟ ᱠᱚ ᱧᱩᱭ, ᱪᱤᱱᱦᱟᱹ ᱫᱚ ᱚᱬᱰᱮ ᱜᱮᱠᱚ ᱵᱟᱹᱜᱤᱭᱟᱜᱼᱟ ᱟ, ᱢᱤᱫᱼᱟ ᱜᱷᱟᱹᱲᱤ।
train_santalimale_05163	wavs/train_santalimale_05163.wav	ᱠᱟᱛᱷᱟ ᱜᱟᱵᱟᱱ ᱢᱮᱱᱟᱜᱼᱟ ᱟ, ᱠᱟᱬᱰᱟ ᱨᱟᱹᱯᱩᱫᱚᱜᱼᱟ ᱟ ᱠᱷᱟᱝᱠᱟ ᱛᱟᱦᱮᱸᱱᱟ, ᱠᱟᱥᱠᱚᱢ ᱚᱴᱮᱡᱚᱜᱼᱟ, ᱚᱴᱟᱝᱚᱜᱼᱟ ᱵᱚᱸᱠᱟ ᱛᱟᱦᱮᱸᱱᱟ।
train_santalimale_05164	wavs/train_santalimale_05164.wav	ᱢᱮᱱᱠᱷᱟᱱ ᱫᱷᱟᱥᱟᱣ ᱞᱮᱱᱠᱷᱟᱱ ᱜᱤᱛᱤᱞ ᱲᱟᱹᱰᱤ ᱫᱟᱜᱼᱟ ᱮᱴᱟᱜᱼᱟ ᱴᱷᱮᱱ ᱜᱮᱞᱮᱡᱼᱟ ᱠᱟᱛᱮ ᱠᱚ ᱲᱟᱹᱰᱤᱭᱟ, ᱫᱟᱜᱼᱟ ᱠᱚ ᱧᱩᱭᱟ ᱟᱨ ᱠᱚ ᱞᱩᱭᱟ।
train_santalimale_05165	wavs/train_santalimale_05165.wav	ᱵᱟᱥ, ᱤᱱᱟᱹᱜᱼᱟ ᱜᱷᱟᱹᱲᱤᱡᱼᱟ ᱜᱮ ᱜᱤᱛᱤᱞ ᱲᱟᱹᱰᱤᱭᱟᱜᱼᱟ ᱢᱟᱱᱚ-ᱢᱟᱱᱚᱛ ᱡᱚᱛᱚᱱ ᱥᱟᱣᱟᱸᱨ ᱥᱟᱡ ᱥᱟᱸᱪ ᱫᱚ ᱛᱤᱱ ᱦᱟᱹᱵᱤᱡᱼᱟ ᱵᱟᱝ ᱮ ᱫᱷᱟᱥᱟᱣ ᱟᱠᱟᱱ ᱧᱩ ᱢᱚᱠᱚᱧ ᱞᱩ ᱢᱚᱠᱚᱧ ᱛᱟᱭᱚᱢ ᱧᱩᱨᱚᱜᱼᱟ ᱟ, ᱦᱮᱣᱞᱟ-ᱵᱩᱦᱮᱞᱚᱜᱼᱟ ᱟ, ᱦᱤᱲᱤᱧ ᱮᱱᱟᱭ, ᱵᱷᱚᱸᱰ ᱮᱱᱟᱭ ᱢᱟᱹᱨᱚᱠᱷᱩ ᱢᱟᱨᱟᱣ ᱪᱤᱱᱦᱟᱹ ᱞᱤᱸᱜᱤᱱ ᱜᱟᱰᱟ ᱟᱲᱮ ᱚᱵᱷᱟᱜᱤᱭᱟᱹ ᱜᱟᱬᱲᱚᱱ ᱦᱟᱯᱮ ᱟᱥ ᱨᱮᱭ ᱛᱟᱦᱮᱸᱱ ᱛᱟᱹᱸᱜᱤ-ᱛᱟᱰᱟᱸᱜᱼᱟ ᱩᱱᱤ ᱜᱤᱛᱤᱞ ᱲᱟᱹᱰᱤ ᱵᱤᱱᱟᱹ ᱨᱩᱯ ᱡᱚᱜᱟᱹᱣ ᱟᱛᱮ।
train_santalimale_05166	wavs/train_santalimale_05166.wav	ᱮᱱᱛᱮ ᱨᱮᱦᱚᱸ ᱧᱩ ᱛᱤᱨᱚᱯᱤᱛ ᱠᱚᱟᱭ ᱢᱟᱹᱱᱢᱤ ᱟᱨ ᱢᱟᱹᱱᱢᱤ ᱫᱚ ᱩᱱᱤ ᱥᱚᱛᱮᱡᱼᱟ ᱟᱹᱰᱤ ᱱᱤᱨᱢᱟᱭᱟ ᱟᱨ ᱵᱮᱥᱩᱞᱩᱠ ᱟᱛᱮ ᱠᱚ ᱵᱮᱣᱦᱟᱨ ᱟ।
train_santalimale_05167	wavs/train_santalimale_05167.wav	ᱛᱟᱭᱚᱢ ᱫᱟᱨᱟᱢ ᱟᱡᱼᱟ ᱱᱤᱡᱟᱹ ᱢᱚᱞᱚᱝ ᱫᱚ ᱵᱟᱭ ᱩᱤᱦᱟᱹᱨᱟᱛᱟᱭᱟ ᱫᱚᱥᱟ ᱚᱨᱡᱚ ᱫᱚ ᱵᱟᱭ ᱚᱡᱚ-ᱵᱤᱡ ᱟᱛᱟᱭᱟ।
train_santalimale_05168	wavs/train_santalimale_05168.wav	ᱛᱚᱵᱮ ᱪᱮᱫᱟᱜᱼᱟ ᱜᱤᱛᱤᱞ ᱲᱟᱹᱰᱤ ᱟᱢ ᱫᱚᱠᱚ ᱚᱱᱠᱟ ᱢᱮᱭᱟ?
train_santalimale_05169	wavs/train_santalimale_05169.wav	ᱢᱮᱛᱟᱢ ᱠᱟᱹᱱᱟᱹᱧ ᱟᱢ ᱫᱚ ᱵᱚᱰᱮ ᱫᱟᱜᱼᱟ ᱜᱮ ᱥᱮᱛᱮᱧᱚᱜᱼᱟ ᱢᱮᱸ, ᱨᱟᱦᱟᱢ ᱫᱟᱜᱼᱟ ᱜᱮ ᱵᱷᱩᱢᱵᱩᱠᱚᱜᱼᱟ ᱢᱮᱸ ᱡᱟᱛᱮ ᱢᱟᱹᱱᱢᱤ ᱠᱚ ᱞᱚᱨᱟᱣᱚᱜᱼᱟ ᱵᱟᱠᱚ ᱧᱩ ᱫᱟᱲᱮᱭᱟᱜᱼᱟ, ᱟᱞᱚ ᱠᱚ ᱟᱹᱤᱴᱷᱟᱹ ᱢᱮᱸ।
train_santalimale_05170	wavs/train_santalimale_05170.wav	ᱡᱟᱝᱜᱟ ᱤᱰᱤ ᱜᱤᱛᱤᱞ ᱛᱮ ᱤᱱᱟᱹ ᱠᱷᱟᱱ ᱵᱟᱠᱚ ᱞᱮᱵᱮᱫᱼᱟ ᱫᱷᱟᱥᱟᱣ ᱢᱮᱭᱟ।
train_santalimale_05171	wavs/train_santalimale_05171.wav	ᱟᱹᱰᱤ ᱜᱚᱴᱮᱱ ᱠᱟᱛᱷᱟ ᱦᱩᱫᱤᱥ ᱤᱫᱤᱭᱮᱫᱟᱭ।
train_santalimale_05172	wavs/train_santalimale_05172.wav	ᱞᱮᱝᱜᱟ ᱛᱤ ᱵᱩᱰᱦᱟᱹ ᱠᱟᱹᱴᱩᱵᱼᱟ ᱛᱤᱨᱮᱪᱚᱭ ᱠᱚᱴᱮᱡᱼᱟ ᱢᱟᱭᱟᱢ ᱟᱠᱟᱱ ᱵᱟᱭ ᱵᱩᱡ ᱡᱚᱝ ᱠᱟᱱᱟ।
train_santalimale_05173	wavs/train_santalimale_05173.wav	ᱟᱪᱠᱟᱭ ᱠᱚᱭᱚᱜᱼᱟ ᱠᱮᱫᱼᱟ ᱢᱟᱭᱟᱢ ᱫᱚ ᱴᱷᱚᱯᱚ-ᱴᱷᱚᱯ ᱡᱚᱨᱚᱜᱼᱟ ᱠᱟᱱᱟ।
train_santalimale_05174	wavs/train_santalimale_05174.wav	ᱱᱟᱥᱮ ᱮᱲᱮᱡᱼᱟ ᱦᱟᱥᱚ ᱛᱩᱞᱩᱡᱼᱟ ᱢᱮᱢᱮᱱ ᱮ ᱫᱷᱩᱨᱟᱣᱮᱱᱟ, ᱦᱮᱨᱮᱞ ᱦᱚᱯᱚᱱ ᱡᱟᱱᱟᱢ।
train_santalimale_05175	wavs/train_santalimale_05175.wav	ᱠᱟᱛᱷᱟ ᱞᱮᱫᱟᱢ ᱠᱟᱛᱷᱟ ᱨᱮᱭᱟᱜᱼᱟ ᱫᱟᱢ ᱵᱟᱹᱱᱩᱜᱼᱟ ᱛᱟᱢᱟ, ᱟᱞᱮ ᱛᱤᱨᱞᱟᱹ ᱜᱮ ᱧᱩᱢ ᱠᱟᱛᱮ ᱯᱮ ᱢᱮᱱ ᱜᱚᱫᱼᱟ ᱟᱞᱮᱭᱟ, ᱟᱭᱚ ᱞᱮᱠᱟᱢ ᱠᱟᱛᱷᱟᱭᱮᱫᱟ।
train_santalimale_05176	wavs/train_santalimale_05176.wav	ᱢᱮᱱᱠᱷᱟᱱ ᱱᱚᱟ ᱡᱩᱜ ᱨᱮᱫᱚ ᱱᱤᱭᱟᱹ ᱠᱟᱛᱷᱟ ᱟᱯᱮ ᱵᱟᱵᱟ ᱦᱚᱲ ᱧᱩᱢ ᱠᱟᱛᱮ ᱢᱮᱱ ᱵᱷᱟᱜᱮᱜᱼᱟ ᱟ।
train_santalimale_05177	wavs/train_santalimale_05177.wav	ᱟᱥ ᱞᱤᱫᱤᱧᱟᱢ ᱢᱮᱛᱟᱣᱟᱫᱤᱧᱟᱹ ᱛᱟᱦᱮᱸᱱᱟᱢ, ᱫᱟᱨᱟᱭ ᱯᱷᱟᱹᱜᱩᱱ ᱚᱱᱚᱨᱚᱞ ᱫᱷᱟᱹᱨᱛᱤ ᱥᱚᱵᱷᱟ ᱫᱟᱨᱮ ᱱᱟᱹᱸᱲᱤ ᱢᱩᱨᱩᱫᱼᱟ ᱢᱟᱨᱟᱲ ᱮᱫᱮᱞ ᱠᱚᱫᱚ ᱵᱟᱦᱟ ᱛᱮ ᱟᱨᱟᱜᱼᱟ ᱜᱮ ᱥᱟᱡᱟᱣ ᱥᱚᱦᱟᱱᱚᱜᱼᱟ ᱟ।
train_santalimale_05178	wavs/train_santalimale_05178.wav	ᱵᱤᱱ ᱩᱴᱷᱤ ᱢᱟᱫᱼᱟ ᱡᱷᱟᱲ ᱫᱚ ᱠᱷᱟᱞᱤ ᱨᱮᱛᱮ-ᱠᱚᱛᱮ ᱜᱮᱞᱮᱜᱼᱟ ᱛᱤᱢᱤᱱ ᱪᱚ ᱯᱩᱨᱩᱭ ᱯᱚᱬᱰ!
train_santalimale_05179	wavs/train_santalimale_05179.wav	ᱥᱤᱨᱡᱚᱱᱤᱭᱟᱹ ᱵᱟᱭ ᱥᱚᱵᱷᱟᱭ, ᱥᱟᱹᱨᱤ ᱥᱟᱨᱡᱚᱢ ᱥᱟᱠᱟᱢ ᱪᱮᱛᱟᱱ ᱡᱚᱡᱚᱢ ᱛᱤ ᱠᱟᱹᱴᱩᱵᱼᱟ ᱛᱮ ᱱᱟᱱᱟ ᱦᱩᱱᱟᱹᱨ ᱞᱟᱴᱚ-ᱵᱟᱞᱟᱝ ᱟᱨᱟᱜᱼᱟ-ᱟᱨᱟᱜᱼᱟ ᱨᱚᱝ ᱵᱟᱦᱟ ᱢᱟᱞᱟ ᱜᱟᱛᱷᱟᱣ ᱠᱟᱛᱮ ᱚᱱᱟ ᱢᱟᱫᱼᱟ ᱡᱷᱟᱲ ᱨᱮᱧ ᱦᱟᱨᱟᱲᱟᱜᱼᱟ ᱟ।
train_santalimale_05180	wavs/train_santalimale_05180.wav	ᱫᱤᱥᱟᱹᱢ ᱦᱚᱲ ᱠᱚᱭᱚᱜᱼᱟ ᱠᱟᱛᱮ ᱧᱮᱞ ᱢᱟᱹᱞᱩᱝ ᱠᱚᱭᱚᱜᱼᱟ ᱜᱮᱠᱚ ᱛᱟᱦᱮᱸᱱᱟ।
train_santalimale_05181	wavs/train_santalimale_05181.wav	ᱛᱤᱱᱟᱹᱜᱼᱟ ᱢᱚᱧᱡ ᱱᱟᱯᱟᱭ ᱚᱱᱟ ᱢᱟᱫᱼᱟ ᱡᱷᱟᱲ, ᱚᱱᱟ ᱫᱤᱱ ᱫᱚ ᱵᱤᱞᱟᱹᱢ ᱵᱟᱹᱱᱩᱜᱼᱟ।
train_santalimale_05182	wavs/train_santalimale_05182.wav	ᱥᱟᱡ ᱦᱚᱨᱚᱜᱼᱟ ᱵᱟᱱᱫᱮ-ᱵᱷᱟᱹᱱᱫᱩᱲ ᱜᱤᱰᱤ ᱛᱮᱦᱮᱧ ᱚᱱᱟ ᱢᱟᱫᱼᱟ ᱡᱷᱟᱲ ᱨᱮᱛᱮ-ᱠᱚᱛᱮ ᱜᱮᱞᱮ ᱟᱢ ᱛᱤ ᱛᱮ ᱵᱮᱱᱟᱣ ᱟᱨᱟᱜᱼᱟ ᱥᱟᱠᱟᱢ ᱵᱟᱦᱟ ᱜᱟᱛᱷᱟᱣ ᱢᱟᱞᱟ ᱛᱮ ᱵᱟᱢ ᱥᱟᱡᱟᱣ ᱞᱮᱫᱼᱟ।
train_santalimale_05183	wavs/train_santalimale_05183.wav	ᱚᱱᱟ ᱫᱤᱥᱟᱹ ᱩᱤᱦᱟᱹᱨ ᱛᱮᱦᱮᱧ ᱟᱢ ᱧᱩᱛᱩᱢ ᱠᱟᱛᱮ ᱵᱚᱝᱜᱟ ᱵᱩᱨᱩ ᱠᱚ ᱧᱩᱢ ᱛᱩᱞᱩᱡᱼᱟ ᱞᱮᱝᱜᱟ ᱛᱤ ᱵᱩᱲᱦᱟ ᱠᱟᱹᱴᱩᱵᱼᱟ ᱠᱷᱚᱱ ᱡᱤᱣᱟᱫᱼᱟ ᱢᱟᱭᱟᱢ ᱤᱧ ᱡᱚᱨᱚ ᱠᱮᱫᱟ।
train_santalimale_05184	wavs/train_santalimale_05184.wav	ᱡᱮᱢᱚᱱ ᱟᱢ ᱡᱚᱴᱮᱫᱼᱟ ᱛᱮ ᱤᱧᱟᱜᱼᱟ ᱪᱷᱩᱛ ᱟᱠᱟᱱ ᱦᱟᱥᱟ ᱦᱚᱲᱢᱚ ᱟᱢ ᱧᱩᱛᱩᱢ ᱢᱤᱫᱼᱟ ᱴᱷᱚᱯ ᱢᱟᱭᱟᱢ ᱛᱮ ᱯᱟᱭᱨᱟ ᱯᱷᱟᱨᱪᱟᱜᱼᱟ ᱛᱤᱧ, ᱮᱱᱛᱮ ᱟᱢ ᱞᱮᱠᱟᱱ ᱠᱚᱲᱟ ᱫᱚ ᱥᱟᱸᱣᱛᱟ ᱫᱚ ᱪᱮᱫᱼᱟ ᱫᱤᱥᱟᱹᱢ ᱨᱮ ᱜᱚᱪᱩ ᱜᱷᱟᱨᱚᱧᱡ ᱨᱮᱱ ᱦᱚᱲ ᱞᱮᱠᱟᱢ ᱪᱷᱩᱛ ᱜᱮᱭᱟ।
train_santalimale_05185	wavs/train_santalimale_05185.wav	ᱚᱱᱟ ᱤᱭᱟᱹᱛᱮᱧ ᱢᱮᱱᱟ ᱚᱱᱠᱟᱱ ᱯᱷᱟᱹᱥᱤᱭᱟᱹᱨᱟ ᱪᱷᱩᱛᱟᱱ ᱠᱚᱲᱟᱹ ᱠᱚ ᱠᱷᱚᱱ ᱥᱟᱸᱣᱛᱟ ᱨᱮᱱ ᱥᱟᱱᱟᱢ ᱦᱚᱲ ᱜᱮ ᱪᱮᱸᱜᱷᱟ ᱠᱚ ᱛᱟᱦᱮᱸᱱ ᱢᱟ।
train_santalimale_05186	wavs/train_santalimale_05186.wav	ᱟᱞᱚ ᱵᱟᱲᱮᱹ ᱠᱚ ᱯᱟᱹᱛᱤᱭᱟᱹᱣᱟᱠᱚ ᱢᱟ।
train_santalimale_05187	wavs/train_santalimale_05187.wav	ᱞᱮᱵᱟ ᱫᱚ ᱢᱤᱫᱼᱟ ᱪᱟᱹᱠᱨᱤᱭᱟᱱ ᱠᱚᱲᱟ।
train_santalimale_05188	wavs/train_santalimale_05188.wav	ᱱᱟᱣᱟᱸ-ᱱᱟᱣᱟᱸ ᱜᱮ ᱪᱟᱹᱠᱨᱤ ᱨᱮᱭ ᱵᱚᱞᱚᱣᱟᱠᱟᱱᱟ।
train_santalimale_05189	wavs/train_santalimale_05189.wav	ᱢᱤᱫᱼᱟ ᱵᱚᱪᱷᱚᱨ ᱛᱟᱞᱟ ᱜᱟᱱ ᱪᱟᱹᱠᱨᱤ ᱫᱚ ᱦᱚᱭᱚᱜᱼᱟ ᱠᱟᱱ ᱛᱟᱭᱟ।
train_santalimale_05190	wavs/train_santalimale_05190.wav	ᱵᱩᱫ ᱟᱹᱠᱤᱞ ᱦᱟᱢᱮᱴ ᱥᱟᱹᱛ ᱛᱟᱭᱚᱢ ᱧᱩᱛ ᱦᱮᱱᱫᱮ ᱫᱟᱜᱼᱟ ᱨᱮ ᱦᱩᱛᱲᱟᱹᱩ ᱞᱮᱫᱼᱟ, ᱨᱚᱠᱚᱡᱼᱟ-ᱜᱚᱝᱜᱷᱟ ᱪᱷᱟᱰᱟ ᱠᱟᱛᱮ ᱢᱩᱛᱤ ᱫᱟᱱᱟ ᱜᱮᱭ ᱦᱩᱛᱲᱟᱹᱩ ᱧᱟᱢ ᱞᱮᱫᱼᱟ ᱟ।
train_santalimale_05191	wavs/train_santalimale_05191.wav	ᱪᱟᱜᱼᱟ ᱵᱟᱝ ᱮᱱᱛᱮ ᱚᱱᱟ ᱞᱟᱹᱜᱤᱫᱼᱟ ᱢᱚᱱᱮᱭ ᱢᱩᱨᱩᱠ ᱞᱮᱫᱟ।
train_santalimale_05192	wavs/train_santalimale_05192.wav	ᱛᱟᱱᱚ-ᱢᱟᱱ ᱡᱤᱣᱤ ᱦᱚᱲᱢᱚᱭ ᱟᱞᱟᱭ ᱞᱮᱫᱟ।
train_santalimale_05193	wavs/train_santalimale_05193.wav	ᱛᱤᱱᱟᱹᱜᱼᱟ ᱫᱚᱢ ᱪᱚ ᱛᱟᱞᱟ ᱱᱟᱹᱸᱤ ᱨᱮᱭ ᱩᱰᱩ-ᱰᱩᱵᱩ ᱞᱮᱱ!
train_santalimale_05194	wavs/train_santalimale_05194.wav	ᱦᱚᱲ ᱫᱚᱠᱚ ᱨᱚᱲ ᱞᱮᱫᱼᱟ ᱜᱮᱭᱟ ᱚᱠᱚ ᱵᱟᱰᱟᱭ ᱯᱟᱭᱨᱟ ᱨᱟᱠᱟᱵᱼᱟ ᱫᱟᱲᱮᱭᱟᱜᱼᱟ ᱪᱚᱭ ᱵᱟᱝ ᱪᱚ!
train_santalimale_05195	wavs/train_santalimale_05195.wav	ᱫᱤᱞᱚ-ᱫᱟᱲᱮ ᱪᱷᱩᱴᱟᱹᱩ ᱯᱟᱹᱛᱤᱭᱟᱹᱩ ᱵᱷᱚᱨᱥᱟ ᱛᱩᱞᱩᱡᱼᱟ ᱡᱤᱭᱟᱹᱲ ᱯᱟᱭᱨᱟ ᱛᱟᱭᱱᱚᱢ ᱟᱯᱱᱟᱨᱟᱱᱟᱭ ᱢᱩᱛᱤ ᱫᱟᱱᱟ, ᱡᱷᱮᱠᱚ-ᱢᱮᱠ ᱟᱯᱱᱟᱨ ᱛᱤᱛᱮ ᱦᱚᱴᱚᱜᱼᱟ ᱥᱚᱵᱷᱟᱨᱮ।
train_santalimale_05196	wavs/train_santalimale_05196.wav	ᱛᱤᱱᱟᱹᱜᱼᱟ ᱵᱷᱟᱜ ᱟᱨ ᱨᱟᱹᱥᱠᱟᱹ ᱨᱮᱭᱟᱜᱼᱟ ᱠᱟᱛᱷᱟ।
train_santalimale_05197	wavs/train_santalimale_05197.wav	ᱚᱱᱟ ᱤᱭᱟᱹᱛᱮ ᱢᱚᱱᱮ ᱡᱤᱣᱤ ᱫᱚ ᱟᱹᱰᱤ ᱜᱮ ᱨᱟᱣᱟᱞᱮ ᱟᱴᱠᱟᱨᱮᱫᱼᱟ ᱠᱟᱱᱟ।
train_santalimale_05198	wavs/train_santalimale_05198.wav	ᱮᱱᱛᱮ ᱯᱟᱲᱦᱟᱣ ᱢᱩᱪᱟᱹᱫᱼᱟ ᱛᱟᱭᱚᱢ ᱱᱮᱜᱼᱟᱮ ᱜᱮ ᱠᱚᱢ ᱵᱚᱭᱮᱥ ᱨᱮ ᱪᱟᱹᱠᱨᱤ ᱧᱟᱢ ᱫᱚ ᱩᱲᱟᱹᱩ ᱵᱟᱲᱟᱹᱭ ᱠᱟᱱ ᱛᱟᱭᱟ ᱩᱯᱤ ᱞᱮᱠᱟ ᱢᱚᱱ।
train_santalimale_05199	wavs/train_santalimale_05199.wav	ᱡᱤᱣᱤ ᱠᱚᱫᱚ ᱟᱹᱯᱷᱤᱨ ᱵᱟᱲᱟᱹᱭ ᱠᱟᱱ ᱛᱟᱭᱟ ᱵᱷᱤᱞᱣᱟᱹ ᱴᱮᱸᱜᱚᱡᱼᱟ ᱪᱮᱸᱲᱮᱸ ᱞᱮᱠᱟ।
train_santalimale_05200	wavs/train_santalimale_05200.wav	ᱚᱱᱠᱚ ᱡᱮᱢᱚᱱ ᱨᱤᱢᱤᱞ ᱠᱮᱫᱼᱟ ᱫᱩᱱᱫᱚᱦᱩ ᱠᱮᱫᱼᱟ ᱵᱟᱥᱟ ᱠᱷᱚᱱ ᱩᱲᱟᱹᱩ ᱚᱲᱚᱝ ᱯᱷᱤᱨᱚ-ᱯᱷᱤᱨ, ᱨᱤᱯᱤ-ᱨᱤᱯᱤ ᱴᱷᱟᱸᱣᱚᱜᱼᱟ ᱟᱨ ᱴᱷᱟᱹᱸᱭᱚᱜᱼᱟ ᱨᱮᱭᱟᱠ ᱡᱟᱦᱟᱸᱱ ᱱᱟᱢ ᱪᱤᱱᱦᱟᱹ ᱜᱮ ᱵᱟᱝ।
train_santalimale_05201	wavs/train_santalimale_05201.wav	ᱚᱱᱠᱟ ᱜᱮ ᱱᱩᱭᱟᱜᱼᱟ ᱢᱚᱱᱮ ᱦᱚᱸ ᱦᱟᱞᱚ-ᱵᱟᱛᱚ ᱦᱟᱛᱣᱟ ᱛᱟᱱᱮᱡᱼᱟ ᱞᱮᱠᱟ ᱦᱟᱣᱟ-ᱦᱟᱹᱣᱤ ᱦᱟᱱᱟ ᱲᱟᱹᱨ ᱚᱨ ᱱᱦᱟᱣᱟ ᱲᱟᱹᱨ ᱥᱟᱵ ᱢᱚᱱᱮ ᱨᱮ ᱛᱤᱨᱚᱯᱤᱛ ᱜᱮ ᱵᱟᱝ।
train_santalimale_05202	wavs/train_santalimale_05202.wav	ᱪᱟᱜᱼᱟ ᱵᱟᱝ ᱮᱱᱛᱮ ᱟᱜᱟᱢ ᱨᱮ ᱟᱹᱰᱤ ᱞᱮᱠᱟᱱᱟᱜᱼᱟ ᱮ ᱠᱩᱠᱢᱩ ᱡᱚᱝ ᱟᱠᱟᱣᱟᱱᱟ।
train_santalimale_05203	wavs/train_santalimale_05203.wav	ᱡᱮᱢᱚᱱ ᱚᱱᱟᱠᱚ ᱠᱩᱠᱢᱩ ᱥᱟᱹᱨᱤᱜᱼᱟ ᱟᱨ ᱥᱟᱹᱨᱤᱭᱮᱱᱟ ᱥᱟᱱᱟᱢ ᱠᱷᱚᱱ ᱩᱱᱟᱜᱼᱟ ᱢᱟᱱᱚ-ᱢᱟᱱᱚᱛ ᱮ ᱧᱟᱢ ᱠᱮᱫᱼᱟ ᱟ, ᱚᱠᱟ ᱫᱚ ᱟᱭᱟᱜᱼᱟ ᱦᱩᱫᱤᱥ ᱨᱮᱫᱚ ᱚᱱᱟ ᱠᱚ ᱦᱚᱸ ᱟᱹᱰᱤ ᱠᱚᱢ।
train_santalimale_05204	wavs/train_santalimale_05204.wav	ᱢᱚᱱᱮ-ᱢᱚᱱᱮ ᱛᱮᱭ ᱢᱮᱱ ᱡᱚᱝ ᱟ ᱪᱟᱸᱫᱚ ᱵᱚᱝᱜᱟ ᱤᱧᱟᱜᱼᱟ ᱢᱚᱧᱡ ᱟᱨ ᱱᱟᱯᱟᱭ ᱮ ᱠᱟᱹᱢᱤ ᱠᱮᱫᱟ, ᱡᱮᱢᱚᱱ ᱥᱟᱱᱟᱢ ᱠᱚᱣᱟᱜᱼᱟ ᱜᱮ ᱢᱚᱧᱡ ᱟᱨ ᱱᱟᱯᱟᱭ ᱮ ᱠᱟᱹᱢᱤᱭ ᱛᱟᱠᱚ ᱢᱟ!
train_santalimale_05205	wavs/train_santalimale_05205.wav	ᱫᱤᱥᱟᱹᱢ ᱨᱮ ᱢᱚᱸᱲᱮᱸ ᱥᱮᱨᱢᱟ ᱪᱟᱹᱞᱣᱟᱹ ᱫᱚᱭ ᱠᱟᱹᱢᱤ ᱯᱩᱨᱟᱹᱩ ᱟᱠᱟᱫᱟ।
train_santalimale_05206	wavs/train_santalimale_05206.wav	ᱫᱤᱥᱟᱹᱢ ᱪᱟᱞᱟᱣᱚ-ᱵᱟᱱᱟᱣ ᱞᱟᱹᱜᱤᱫᱼᱟ ᱱᱟᱣᱟᱸ ᱪᱟᱹᱞᱣᱟᱹ ᱨᱮᱭᱟᱜᱼᱟ ᱞᱟᱹᱠᱛᱤ ᱯᱟᱲᱟᱹᱣ ᱜᱚᱫᱼᱟ ᱟᱠᱟᱱᱟ।
train_santalimale_05207	wavs/train_santalimale_05207.wav	ᱞᱚᱠᱚᱥᱵᱷᱟ ᱵᱟᱪᱷᱟᱣ ᱦᱚᱭᱚᱜᱼᱟ ᱞᱟᱹᱜᱤᱫᱼᱟ ᱱᱮᱛᱟ ᱠᱚᱫᱚ ᱟᱠᱚ ᱨᱮᱱ ᱯᱟᱹᱴᱤ ᱠᱟᱹᱢᱤᱭᱟᱹ ᱠᱚ ᱥᱚᱛᱮᱡᱼᱟ ᱟᱱᱫᱟᱜᱼᱟ-ᱛᱟᱣᱟᱜᱼᱟ ᱵᱟᱡᱟᱨᱚ-ᱥᱟᱦᱟᱨ ᱠᱷᱚᱱ ᱚᱲᱚᱝ ᱠᱟᱛᱮ ᱟᱛᱚ ᱫᱤᱥᱟᱹᱢ ᱫᱟᱜᱼᱟᱲᱟᱱ ᱯᱚᱨᱪᱟᱨ ᱠᱚ ᱚᱲᱚᱝ ᱟᱠᱟᱱᱟ।
train_santalimale_05208	wavs/train_santalimale_05208.wav	ᱮᱱᱛᱮ ᱵᱷᱚᱴ ᱮᱢ ᱱᱮᱬᱰᱟ ᱫᱤᱱ ᱴᱷᱟᱹᱣᱠᱟᱹ ᱥᱚᱨ ᱟᱠᱟᱱᱟ।
train_santalimale_05209	wavs/train_santalimale_05209.wav	ᱱᱚᱟ ᱵᱷᱚᱴ ᱰᱤᱣᱴᱤ ᱨᱮᱜᱮ ᱞᱮᱵᱟ ᱫᱚ ᱞᱩᱜᱩᱢᱩᱱᱤ ᱛᱟᱠᱚ ᱟᱛᱚ ᱨᱮ ᱵᱷᱚᱴ ᱰᱤᱣᱴᱤ ᱞᱟᱹᱜᱤᱫᱼᱟ ᱮᱴᱟᱜᱼᱟ ᱠᱚ ᱥᱟᱸᱣ ᱠᱚ ᱰᱤᱯᱩᱴ ᱠᱮᱫᱮᱭᱟ।
train_santalimale_05210	wavs/train_santalimale_05210.wav	ᱥᱟᱡᱟᱣ ᱥᱟᱡ ᱥᱟᱯᱲᱟᱣᱟᱠᱟᱱ ᱢᱟᱹᱪᱤ ᱨᱮᱭ ᱫᱩᱰᱩᱵᱼᱟ ᱟᱠᱟᱱ ᱵᱷᱚᱴ ᱰᱤᱣᱴᱤ ᱠᱟᱹᱢᱤ ᱨᱮ।
train_santalimale_05211	wavs/train_santalimale_05211.wav	ᱥᱮᱛᱟᱜᱼᱟ ᱤᱨᱟᱹᱞ ᱥᱟᱰᱮ ᱛᱟᱭᱚᱢ ᱟᱛᱚ ᱫᱤᱥᱟᱹᱢ ᱦᱚᱲ ᱡᱷᱟᱲᱚ-ᱡᱷᱟᱲ ᱵᱷᱚᱴ ᱜᱤᱰᱤ ᱠᱚ ᱦᱮᱡᱼᱟ ᱮᱱᱟ।
train_santalimale_05212	wavs/train_santalimale_05212.wav	ᱟᱯᱱᱟᱨᱚ-ᱟᱯᱱᱟᱨ ᱵᱷᱚᱴ ᱜᱤᱰᱤ ᱠᱟᱛᱮ ᱱᱟᱯᱟᱭ ᱠᱚ ᱨᱩᱣᱟᱹᱲ ᱡᱚᱝ ᱠᱟᱱᱟ।
train_santalimale_05213	wavs/train_santalimale_05213.wav	ᱵᱮᱞᱟ ᱟᱹᱪᱩᱨ ᱵᱟᱹᱥᱤᱭᱟᱹᱢ ᱯᱟᱭᱨᱟ-ᱪᱤᱠᱟᱹᱸᱲ, ᱨᱚᱠᱚ-ᱱᱟᱹᱠᱤᱡᱼᱟ, ᱢᱮᱠᱚᱚᱯ, ᱞᱤᱯᱤᱥᱚᱴᱤᱠ ᱟᱛᱮ ᱞᱩᱜᱩᱢᱩᱱᱤ ᱫᱚ ᱟᱡᱼᱟ ᱨᱮᱱ ᱜᱟᱛᱮ ᱠᱩᱲᱤ ᱠᱚ ᱥᱟᱸᱣ ᱵᱷᱚᱴ ᱜᱤᱰᱤᱭᱮ ᱥᱮᱱ ᱮᱱᱟ।
train_santalimale_05214	wavs/train_santalimale_05214.wav	ᱵᱷᱚᱴ ᱜᱤᱰᱤ ᱯᱟᱱᱛᱮ ᱨᱮ ᱛᱮᱝᱜᱚᱣᱟᱠᱟᱱ ᱢᱚᱸᱲᱮ-ᱛᱩᱨᱩᱭ ᱴᱤᱸᱰᱤᱡᱼᱟ।
train_santalimale_05215	wavs/train_santalimale_05215.wav	ᱪᱮᱠᱟ ᱪᱚ ᱞᱮᱵᱟ ᱫᱚ ᱯᱟᱛᱟᱨ ᱞᱟᱜᱟᱣᱟᱠᱟᱱ ᱦᱚᱲ ᱥᱮᱱᱮ ᱠᱚᱭᱚᱜᱼᱟ ᱠᱮᱫᱟ।
train_santalimale_05216	wavs/train_santalimale_05216.wav	ᱯᱟᱱᱛᱮ ᱨᱮᱠᱚ ᱛᱮᱝᱜᱚᱣᱟᱠᱟᱱ ᱮᱭᱟᱭ ᱤᱨᱟᱹᱞ ᱜᱚᱴᱮᱱ ᱢᱤᱫᱼᱟ ᱛᱷᱚᱨ ᱠᱩᱲᱤ ᱦᱚᱯᱚᱱ ᱱᱟᱯᱟᱭ ᱦᱟᱹᱨᱤᱭᱟᱹᱲ ᱯᱟᱹᱧᱪᱤ ᱯᱟᱸᱲᱦᱟᱸᱴ ᱵᱟᱱᱫᱮᱭᱟᱠᱟᱫᱼᱟ ᱦᱩᱥᱱᱟᱹᱜᱼᱟ ᱠᱚᱭᱚᱜᱼᱟ ᱠᱮᱫᱼᱟ ᱥᱟᱸᱣᱛᱮ ᱵᱚᱠᱲᱚᱭᱮ ᱞᱮᱠᱟᱭ ᱟᱴᱠᱟᱨ ᱜᱚᱫᱼᱟ ᱠᱮᱫᱟ।
train_santalimale_05217	wavs/train_santalimale_05217.wav	ᱚᱱᱠᱚ ᱢᱚᱸᱫ ᱨᱮ ᱞᱩᱜᱩᱢᱩᱱᱤ ᱴᱷᱮᱱ ᱜᱮ ᱱᱚᱡᱚᱨ ᱫᱚ ᱰᱷᱟᱝᱮᱱ ᱛᱟᱭᱟ।
train_santalimale_05218	wavs/train_santalimale_05218.wav	ᱠᱮᱢᱨᱟ ᱛᱮ ᱯᱷᱚᱴᱚ ᱠᱚ ᱛᱩᱞᱟᱹᱰ ᱨᱟᱠᱟᱵ ᱞᱮᱠᱟ ᱞᱮᱵᱟᱣᱟᱜᱼᱟ ᱢᱚᱱ ᱚᱱᱛᱚᱨ ᱨᱮ ᱞᱩᱜᱩᱢᱩᱱᱤ ᱫᱚ ᱥᱟᱡᱟᱣ ᱥᱟᱡ ᱥᱟᱣᱟᱸᱨ ᱥᱟᱯᱷᱟ ᱱᱤᱯᱷᱩᱴ ᱡᱤᱣᱟᱹᱱ ᱪᱤᱛᱟᱹᱨ ᱩᱢᱩᱞ ᱞᱮᱠᱟᱭᱮ ᱛᱩᱞᱟᱹᱝ ᱨᱟᱠᱟᱵᱼᱟ ᱮᱱᱟ।
train_santalimale_05219	wavs/train_santalimale_05219.wav	ᱵᱷᱚᱴ ᱜᱤᱰᱤ ᱵᱟᱲᱟᱹ ᱠᱟᱛᱮ ᱞᱩᱜᱩᱢᱩᱱᱤ ᱛᱟᱠᱚ ᱫᱚ ᱟᱯᱟᱱᱚ-ᱟᱹᱯᱤᱱ ᱠᱚ ᱪᱟᱞᱟᱣᱮᱱᱟ।
train_santalimale_05220	wavs/train_santalimale_05220.wav	ᱵᱷᱚᱴ ᱜᱤᱰᱤ ᱠᱟᱹᱢᱤ ᱢᱩᱪᱟᱹᱫᱼᱟ ᱮᱱᱟ।
train_santalimale_05221	wavs/train_santalimale_05221.wav	ᱮᱱ ᱨᱮᱦᱚᱸ ᱞᱩᱜᱩᱢᱩᱱᱤ ᱵᱟᱵᱚᱛ ᱫᱤᱥᱟᱹ ᱩᱤᱦᱟᱹᱨ ᱞᱮᱵᱟᱣᱟᱜᱼᱟ ᱢᱚᱱ ᱠᱷᱚᱱ ᱫᱚ ᱵᱟᱝ ᱢᱩᱪᱟᱹᱫᱼᱟ ᱞᱮᱱᱟ ᱵᱤᱪᱠᱚᱢ ᱟᱨ ᱜᱮ ᱮᱦᱚᱵᱼᱟ ᱟᱹᱝᱚᱠᱩᱨ ᱮᱱᱟ।
train_santalimale_05222	wavs/train_santalimale_05222.wav	ᱤᱱᱟᱹ ᱚᱠᱛᱮ ᱨᱮᱜᱮ ᱟᱛᱚ ᱠᱚᱲᱟ ᱠᱚ ᱴᱷᱮᱱ ᱴᱮᱣᱟᱱ ᱦᱟᱛᱟᱣ ᱠᱟᱛᱮ ᱞᱮᱵᱟ ᱫᱚ ᱞᱩᱜᱩᱢᱩᱱᱤ ᱛᱟᱠᱚᱣᱟᱜᱼᱟ ᱚᱲᱟᱜᱼᱟ ᱯᱟᱱᱛᱮ ᱧᱟᱢ ᱠᱟᱛᱮ ᱦᱟᱹᱬᱰᱤ ᱥᱮᱱᱫᱨᱟ ᱢᱮᱱ ᱠᱟᱛᱮᱭ ᱵᱚᱞᱚᱭᱮᱱᱟ।
train_santalimale_05223	wavs/train_santalimale_05223.wav	ᱵᱚᱞᱚ ᱥᱟᱸᱣᱛᱮ ᱥᱟᱱᱟᱢ ᱠᱚᱜᱮ ᱢᱟᱱᱚ-ᱢᱟᱱᱚᱛ ᱥᱟᱞᱟᱜᱼᱟ ᱯᱟᱨᱠᱚᱢ ᱠᱚ ᱵᱮᱞ ᱟᱫᱮᱭᱟ।
train_santalimale_05224	wavs/train_santalimale_05224.wav	ᱫᱩᱰᱩᱵᱼᱟ ᱮᱱᱟᱭ ᱠᱩᱯᱩᱞᱤ ᱮᱱᱟᱭ ᱥᱟᱱᱟᱢ ᱠᱚ ᱥᱚᱛᱮᱡᱼᱟ।
train_santalimale_05225	wavs/train_santalimale_05225.wav	ᱱᱮᱸᱣ ᱞᱮᱠᱟᱛᱮ ᱫᱟᱜᱼᱟ ᱠᱚ ᱛᱟᱝ ᱟᱫᱮᱭᱟ।
train_santalimale_05226	wavs/train_santalimale_05226.wav	ᱱᱟᱯᱟᱭ ᱲᱚᱵᱚᱜᱼᱟ ᱡᱚᱦᱟᱨ ᱡᱚᱝᱟᱱᱟ ᱠᱚ।
train_santalimale_05227	wavs/train_santalimale_05227.wav	ᱞᱩᱜᱩᱢᱩᱱᱤ ᱦᱚᱸ ᱩᱥᱟᱹᱨᱟ ᱢᱟᱪᱷᱟ ᱛᱮᱭ ᱲᱚᱵᱚᱜᱼᱟ ᱟᱫᱮᱭᱟ।
train_santalimale_05228	wavs/train_santalimale_05228.wav	ᱢᱤᱫᱼᱟ ᱜᱷᱟᱹᱲᱤ ᱵᱟᱫ ᱞᱮᱵᱟᱭ ᱢᱮᱱ ᱠᱮᱫᱟ, ᱯᱮᱲᱟᱹ ᱠᱩᱴᱩᱢ, ᱯᱟᱹᱣᱨᱟᱹ ᱦᱟᱹᱬᱰᱤ ᱢᱮᱱᱟᱜᱼᱟ ᱡᱟᱦᱟᱸᱱᱟ।
train_santalimale_05229	wavs/train_santalimale_05229.wav	ᱨᱚᱲ ᱨᱩᱣᱟᱹᱲ ᱟᱫᱮᱭᱟᱠᱚ ᱦᱟᱹᱬᱰᱤ ᱫᱚ ᱱᱤᱛ ᱜᱮ ᱢᱤᱫᱼᱟ ᱜᱷᱟᱹᱲᱤ ᱞᱟᱦᱟ ᱪᱟᱵᱟᱭᱮᱱᱟ।
train_santalimale_05230	wavs/train_santalimale_05230.wav	ᱞᱩᱜᱩᱢᱩᱱᱤ ᱛᱟᱠᱚ ᱫᱚ ᱟᱹᱰᱤ ᱞᱟᱡᱟᱣ ᱠᱚ ᱟᱴᱠᱟᱨ ᱠᱮᱫᱟ।
train_santalimale_05231	wavs/train_santalimale_05231.wav	ᱢᱟᱱᱚᱛ ᱫᱟᱨᱟᱢᱮ ᱞᱟᱹᱜᱤᱫᱼᱟ ᱛᱮ ᱟᱨᱟᱜᱼᱟ ᱪᱟ ᱠᱚ ᱵᱟᱥᱟᱝᱟᱫᱮᱭᱟ।
train_santalimale_05232	wavs/train_santalimale_05232.wav	ᱪᱟ ᱫᱚ ᱞᱩᱜᱩᱢᱩᱱᱤ ᱜᱮᱭ ᱥᱚᱨᱟᱫᱮᱭᱟ।
train_santalimale_05233	wavs/train_santalimale_05233.wav	ᱱᱚᱬᱰᱮ ᱠᱷᱚᱱ ᱜᱮ ᱱᱩᱠᱤᱱᱟᱜᱼᱟ ᱮᱛᱚᱦᱚᱵᱼᱟ ᱚᱯᱚᱨᱚᱢ ᱥᱟᱹᱸᱜᱤᱧ ᱥᱟᱦᱟᱲ ᱞᱟᱡᱟᱣ ᱵᱟᱹᱜᱤ ᱠᱟᱛᱮ ᱵᱚᱠᱲᱚ ᱟᱣᱤᱞᱮᱱ ᱲᱟᱹᱸᱜᱣᱟᱹ ᱢᱚᱱ ᱫᱚ ᱥᱚᱯᱚᱨᱚᱜᱼᱟ ᱮᱦᱚᱵᱼᱟ ᱮᱱ ᱛᱟᱠᱤᱱᱟᱹ।
train_santalimale_05234	wavs/train_santalimale_05234.wav	ᱢᱮᱱᱠᱷᱟᱱ ᱵᱟᱰᱟᱭ ᱪᱮᱫᱼᱟ ᱞᱮᱵᱟ ᱟᱨ ᱞᱩᱜᱩᱢᱩᱱᱤ ᱛᱟᱹᱠᱤᱱ ᱫᱚ ᱠᱤᱱ ᱟᱠᱚᱨᱥᱚᱱᱚᱜᱼᱟ ᱟᱦᱟᱸᱜᱼᱟ ᱢᱮᱱᱛᱮ।
train_santalimale_05235	wavs/train_santalimale_05235.wav	ᱞᱮᱵᱟ ᱩᱱᱠᱚ ᱚᱲᱟᱜᱼᱟ ᱠᱷᱚᱱᱮ ᱚᱲᱚᱝᱮᱱ ᱛᱟᱭᱚᱢ ᱞᱩᱜᱩᱢᱩᱱᱤ ᱫᱚ ᱟᱭᱟᱜᱼᱟ ᱪᱤᱱᱛᱟᱹ ᱯᱚᱬᱰ ᱠᱟᱜᱚᱡ ᱥᱟᱠᱟᱢ ᱨᱮ ᱦᱮᱱᱫᱮ ᱠᱟᱹᱞᱤ ᱛᱮᱭ ᱚᱞ ᱨᱟᱠᱟᱵᱼᱟ ᱮᱱ ᱞᱮᱠᱟᱭ ᱪᱷᱟᱵᱟ ᱨᱟᱠᱟᱵᱼᱟ ᱮᱱᱟ।
train_santalimale_05236	wavs/train_santalimale_05236.wav	ᱤᱱᱟᱹ ᱧᱤᱱᱫᱟᱹ ᱫᱚ ᱵᱟᱱᱟ ᱦᱚᱲᱟᱹᱜᱼᱟ ᱜᱮ ᱢᱮᱸᱫᱼᱟ ᱵᱟᱝ ᱡᱟᱹᱯᱤᱫᱼᱟ ᱞᱮᱱ ᱛᱟᱠᱤᱱᱟᱹ ᱟᱨ ᱦᱩᱫᱤᱥᱚ-ᱫᱤᱥᱟᱹ ᱩᱤᱦᱟᱹᱨᱚ-ᱜᱟᱬᱲᱚᱱ ᱥᱟᱸᱣᱛᱮ ᱚᱱᱛᱚᱨ ᱨᱮ ᱪᱤᱛᱟᱹᱨ ᱟᱸᱠᱟᱣ ᱛᱮᱜᱮ ᱧᱤᱱᱫᱟᱹ ᱫᱚ ᱠᱤᱱ ᱵᱤᱛᱟᱹᱩ ᱠᱮᱫᱟ।
train_santalimale_05237	wavs/train_santalimale_05237.wav	ᱛᱷᱚᱲᱟᱹ ᱫᱤᱱ ᱛᱟᱭᱚᱢ ᱟᱨ ᱦᱚᱸ ᱞᱮᱵᱟ ᱫᱚ ᱟᱡᱼᱟᱨᱮᱱ ᱜᱟᱛᱮ ᱠᱚᱲᱟ ᱥᱟᱸᱣ ᱞᱩᱜᱩᱢᱩᱱᱤ ᱛᱟᱠᱚ ᱚᱲᱟᱜᱼᱟ ᱮ ᱥᱮᱱ ᱮᱱᱟ।
train_santalimale_05238	wavs/train_santalimale_05238.wav	ᱥᱤᱸᱜᱮ ᱢᱟᱦᱟᱸ ᱥᱚᱨᱠᱟᱨᱤ ᱟᱹᱯᱤᱥ ᱤᱥᱠᱩᱞ ᱟᱫᱟᱞᱚᱛ ᱥᱟᱱᱟᱢ ᱜᱮ ᱵᱚᱱᱫᱚ।
train_santalimale_05239	wavs/train_santalimale_05239.wav	ᱟᱹᱛᱚ-ᱚᱯᱥᱚᱨ ᱛᱮᱦᱮᱧ ᱫᱚ ᱱᱟᱯᱟᱭ ᱢᱟᱦᱟᱸ ᱞᱮᱵᱟ ᱞᱟᱹᱜᱤᱫᱼᱟ।
train_santalimale_05240	wavs/train_santalimale_05240.wav	ᱱᱤᱭᱟᱹ ᱫᱤᱱ ᱫᱚ ᱦᱟᱯᱛᱟᱠᱤᱭᱟᱹ ᱦᱟᱴ ᱠᱟᱱ ᱛᱮ ᱞᱩᱜᱩᱢᱩᱱᱤ ᱟᱡᱼᱟ ᱜᱚ-ᱵᱟᱵᱟ ᱵᱚᱠᱚᱛ ᱠᱚᱲᱟ-ᱠᱩᱲᱤ ᱛᱟᱠᱚ ᱥᱟᱱᱟᱢ ᱜᱮ ᱦᱟᱴ ᱠᱚ ᱥᱮᱱ ᱟᱠᱟᱱᱟ।
train_santalimale_05241	wavs/train_santalimale_05241.wav	ᱚᱲᱟᱜᱼᱟ ᱨᱮᱫᱚ ᱟᱡᱼᱟ ᱮᱥᱠᱟᱨ ᱜᱮ ᱢᱮᱱᱟᱭᱟ।
train_santalimale_05242	wavs/train_santalimale_05242.wav	ᱵᱚᱞᱚ ᱥᱟᱸᱣ ᱛᱮ ᱦᱚᱦᱚ ᱫᱟᱨᱟᱢ ᱠᱮᱫᱟ ᱠᱤᱱ।
train_santalimale_05243	wavs/train_santalimale_05243.wav	ᱟᱲᱟᱝ ᱟᱧᱡᱚᱢ ᱥᱟᱸᱣᱛᱮ ᱞᱩᱜᱩᱢᱩᱱᱤ ᱫᱚ ᱯᱮᱦᱞᱟᱝ ᱠᱚᱭᱚᱜᱼᱟ ᱟᱛᱮᱭᱮ ᱚᱲᱚᱝᱮᱱᱟ।
train_santalimale_05244	wavs/train_santalimale_05244.wav	ᱵᱟᱨᱱᱟᱣ ᱨᱮ ᱵᱤᱞᱟᱹᱢ ᱵᱟᱝ ᱟᱫᱮ ᱛᱮ ᱢᱮᱛᱟᱜᱼᱟ ᱠᱤᱱᱟᱹᱤ ᱫᱮᱞᱟ, ᱯᱮᱲᱟ ᱫᱚ ᱱᱚᱟ ᱯᱟᱨᱠᱚᱢ ᱥᱮᱱ ᱜᱮ ᱫᱩᱰᱩᱵᱼᱟ ᱵᱮᱱ।
train_santalimale_05245	wavs/train_santalimale_05245.wav	ᱛᱮᱦᱮᱧ ᱦᱚᱸ ᱦᱟᱹᱬᱰᱤ ᱠᱩᱞᱤ ᱢᱮᱱ ᱛᱮᱜᱮ ᱠᱤᱱ ᱵᱚᱞᱚᱣᱟᱠᱟᱱᱟ।
train_santalimale_05246	wavs/train_santalimale_05246.wav	ᱢᱮᱱᱠᱷᱟᱱ ᱢᱚᱱᱮ ᱨᱮ ᱪᱮᱫᱼᱟ ᱟᱥ ᱜᱷᱮᱸᱴ ᱠᱟᱛᱮ ᱠᱤᱱ ᱵᱚᱞᱚᱣᱟᱠᱟᱱᱟ ᱚᱱᱟ ᱫᱚ ᱞᱮᱵᱟ ᱜᱟᱛᱮᱛᱛᱮᱫᱼᱟ ᱦᱚᱭ ᱵᱟᱰᱟᱭ ᱢᱟᱲᱟᱹᱝ ᱟᱠᱟᱫᱼᱟ ᱜᱮᱭᱟ।
train_santalimale_05247	wavs/train_santalimale_05247.wav	ᱤᱱᱟᱹᱜᱼᱟ ᱛᱮᱜᱮ ᱞᱮᱵᱟ ᱛᱟᱹᱠᱤᱱ ᱫᱚ ᱠᱤᱱ ᱵᱩᱡ ᱧᱟᱢ ᱠᱮᱫᱟ ᱦᱚᱲ ᱫᱚ ᱵᱟᱹᱱᱩᱜᱼᱟ ᱠᱚ ᱪᱚ ᱪᱮᱫᱼᱟ ᱪᱚᱝ।
train_santalimale_05248	wavs/train_santalimale_05248.wav	ᱛᱟᱠᱷᱮ ᱠᱷᱟᱡᱼᱟ ᱜᱮ ᱞᱮᱵᱟᱭᱮ ᱨᱚᱲ ᱜᱚᱫᱼᱟ ᱠᱮᱫᱟ ᱟᱨ ᱦᱚᱲ ᱠᱚᱫᱚ?
train_santalimale_05249	wavs/train_santalimale_05249.wav	ᱞᱩᱜᱩᱢᱩᱱᱤᱭᱮ ᱨᱚᱲ ᱨᱩᱣᱟᱹᱲ ᱠᱮᱫᱟ, ᱮᱢᱦᱟ ᱨᱮᱭᱟᱜᱼᱟ ᱛᱮᱦᱮᱧ ᱫᱚ ᱞᱟᱹᱴᱩ ᱦᱟᱴ ᱠᱟᱱᱟ।
train_santalimale_05250	wavs/train_santalimale_05250.wav	ᱚᱱᱟ ᱤᱭᱟᱹᱛᱮ ᱥᱟᱱᱟᱢ ᱦᱚᱲ ᱦᱟᱴ ᱠᱚ ᱥᱮᱱ ᱟᱠᱟᱱᱟ।
train_santalimale_05251	wavs/train_santalimale_05251.wav	ᱱᱚᱝᱠᱟᱱ ᱯᱷᱟᱠᱟ ᱚᱲᱟᱜᱼᱟ ᱧᱟᱢ ᱠᱟᱛᱮ, ᱡᱟᱦᱟᱸ ᱠᱷᱚᱡ ᱢᱮᱱ ᱛᱤᱠᱤᱱ ᱵᱚᱞᱚ ᱞᱮᱱ ᱚᱱᱟ ᱫᱚᱠᱤᱱ ᱦᱤᱲᱤᱧ ᱦᱟᱯᱮ ᱟᱠᱟᱫᱟ ᱟᱨ ᱜᱟᱯᱟᱞᱢᱟᱨᱟᱣ ᱮᱦᱚᱵᱼᱟ ᱮᱱᱟ ᱞᱮᱵᱟ ᱟᱨ ᱞᱩᱜᱩᱢᱩᱱᱤ ᱛᱟᱹᱠᱤᱱ ᱛᱟᱞᱟ ᱨᱮ।
train_santalimale_05252	wavs/train_santalimale_05252.wav	ᱞᱮᱵᱟ ᱜᱟᱛᱮ ᱛᱮᱫᱼᱟ ᱫᱚ ᱥᱟᱹᱠᱷᱤ ᱥᱚᱵᱷᱟᱣᱟᱜᱼᱟ ᱠᱟᱱ ᱞᱮᱠᱟ ᱫᱩᱰᱩᱵᱼᱟ ᱛᱷᱤᱨᱟᱠᱟᱱᱟᱭ ᱯᱟᱥᱮ ᱨᱮ।
train_santalimale_05253	wavs/train_santalimale_05253.wav	ᱟᱹᱰᱤ ᱜᱚᱴᱟᱝ ᱟᱭᱢᱟ ᱠᱟᱛᱷᱟ ᱨᱟᱪᱟ ᱨᱮᱜᱮ ᱠᱚ ᱜᱟᱞᱢᱟᱨᱟᱣ ᱠᱮᱫᱼᱟ ᱟ।
train_santalimale_05254	wavs/train_santalimale_05254.wav	ᱢᱤᱫᱼᱟᱴᱮᱱ ᱜᱟᱜᱼᱟ ᱛᱤᱧᱟᱹ ᱢᱟᱹᱪᱤ ᱨᱮ ᱛᱩᱜᱩᱢᱩᱱᱤ ᱫᱚᱭ ᱫᱩᱰᱩᱵᱼᱟ ᱟᱠᱟᱱᱟ ᱟᱨ ᱩᱱᱚᱠᱤᱱ ᱫᱚ ᱯᱟᱱᱛᱮ ᱯᱟᱛᱟᱨ ᱯᱟᱨᱠᱚᱢ ᱨᱮ।
train_santalimale_05255	wavs/train_santalimale_05255.wav	ᱮᱱ ᱦᱤᱞᱚᱜᱼᱟ ᱟᱜᱼᱟ ᱠᱟᱛᱷᱟ ᱠᱚᱠᱤᱱ ᱜᱟᱞᱢᱟᱨᱟᱣ ᱡᱚᱝ ᱟᱱᱟ।
train_santalimale_05256	wavs/train_santalimale_05256.wav	ᱵᱷᱚᱴ ᱰᱤᱣᱴᱤ ᱨᱮᱭ ᱛᱟᱦᱮᱸᱠᱟᱱ ᱠᱷᱟᱹᱛᱤᱨ ᱚᱠᱛᱮ ᱵᱟᱭ ᱧᱟᱢ ᱞᱮᱫᱼᱟ ᱯᱮᱦᱞᱟᱝ ᱢᱟᱪᱷᱟ ᱴᱮᱨᱟ-ᱴᱮᱨᱟ ᱵᱮᱸᱜᱮᱫᱼᱟ ᱠᱟᱛᱮ ᱟᱛᱨᱟ-ᱟᱹᱛᱨᱤ ᱟᱹᱩᱨᱤ ᱨᱮᱜᱮ ᱥᱟᱦᱮᱵ ᱠᱚ ᱛᱚᱞᱟᱥ ᱠᱮᱫᱮ ᱧᱟᱯᱟᱢᱚ-ᱧᱮᱯᱮᱞ ᱜᱟᱞᱢᱟᱨᱟᱣ ᱢᱚᱠᱚᱧ ᱵᱟᱝ ᱦᱚᱭ ᱞᱮᱱ।
train_santalimale_05257	wavs/train_santalimale_05257.wav	ᱤᱱᱟᱹᱜᱼᱟ ᱛᱮᱜᱮ ᱞᱩᱜᱩᱢᱩᱱᱤ ᱟᱡᱼᱟ ᱜᱚ-ᱵᱟᱵᱟ, ᱵᱚᱠᱚᱛ ᱠᱚᱲᱟ-ᱠᱩᱲᱤ ᱛᱟᱠᱚ ᱠᱚ ᱵᱚᱞᱚᱭᱮᱱᱟ।
train_santalimale_05258	wavs/train_santalimale_05258.wav	ᱵᱚᱞᱚ ᱥᱟᱸᱣᱛᱮ ᱞᱩᱜᱩᱢᱩᱱᱤ ᱟᱡᱼᱟ ᱜᱚ ᱵᱟᱵᱟ ᱛᱟᱹᱠᱤᱱ ᱫᱚ ᱚᱨᱚᱢ ᱨᱮ ᱵᱟᱝ ᱵᱤᱞᱟᱹᱢ ᱞᱟᱜᱟᱣ ᱟᱫᱼᱟ ᱠᱤᱱ ᱛᱮ ᱩᱥᱟᱹᱨᱟ ᱛᱮᱜᱮ ᱠᱤᱱ ᱨᱚᱲ ᱜᱚᱫᱼᱟ ᱟᱫᱮᱭᱟ।
train_santalimale_05259	wavs/train_santalimale_05259.wav	ᱮᱱᱛᱮ ᱰᱷᱮᱨ ᱫᱤᱱ ᱫᱚ ᱵᱟᱝ ᱦᱚᱭ ᱟᱠᱟᱱᱟ।
train_santalimale_05260	wavs/train_santalimale_05260.wav	ᱢᱤᱫᱼᱟ ᱦᱟᱯᱛᱟ ᱜᱮ ᱯᱟᱨᱚᱢ ᱟᱠᱟᱱᱟ।
train_santalimale_05261	wavs/train_santalimale_05261.wav	ᱦᱟᱠᱚ-ᱯᱟᱠᱚ ᱛᱤ-ᱡᱟᱝᱜᱟ ᱟᱹᱨᱩᱵᱼᱟ ᱵᱟᱲᱟᱹ ᱠᱟᱛᱮ ᱲᱚᱵᱚᱜᱼᱟ-ᱡᱚᱦᱟᱨ ᱠᱤᱱ ᱟᱛᱟᱝ ᱠᱮᱫᱟ।
train_santalimale_05262	wavs/train_santalimale_05262.wav	ᱧᱮᱞ ᱚᱨᱚᱢ ᱦᱩᱫᱤᱥ ᱜᱚᱫᱼᱟ ᱠᱮᱫᱟ ᱠᱤᱱ, ᱢᱚᱱᱮ-ᱢᱚᱱᱮ ᱛᱮᱠᱤᱱ ᱨᱚᱲ ᱟᱱᱟ ᱚ ᱵᱷᱚᱴ ᱵᱟᱹᱵᱩ ᱠᱟᱱᱟᱭ।
train_santalimale_05263	wavs/train_santalimale_05263.wav	ᱢᱤᱫᱼᱟ ᱜᱷᱟᱹᱲᱤ ᱵᱟᱫ ᱮᱱ ᱦᱤᱞᱚᱜᱼᱟ ᱟᱜᱼᱟ ᱞᱟᱡᱟᱵ ᱫᱟᱯᱟᱞ ᱞᱟᱹᱜᱤᱫᱼᱟ ᱥᱟᱸᱣᱛᱮ ᱢᱟᱱᱚ-ᱢᱟᱱᱚᱛ ᱠᱤᱱ ᱞᱟᱹᱜᱤᱫᱼᱟ ᱚᱲᱟᱜᱼᱟ ᱥᱮᱡᱼᱟ ᱜᱮ ᱟᱹᱵᱩᱠ ᱵᱚᱞᱚᱜᱼᱟ ᱠᱚ ᱢᱮᱛᱟᱣᱟᱫᱼᱟ ᱠᱤᱱᱟᱹ।
train_santalimale_05264	wavs/train_santalimale_05264.wav	ᱫᱩᱰᱩᱵᱼᱟ ᱯᱟᱱᱛᱮ ᱞᱩᱜᱩᱢᱩᱱᱤ ᱟᱡᱼᱟ ᱵᱟᱵᱟ ᱫᱚ ᱢᱤᱫᱼᱟ ᱵᱚᱛᱚᱞ ᱯᱟᱹᱩᱨᱟᱹᱭᱮ ᱚᱲᱚᱝ ᱠᱮᱫᱟ।
train_santalimale_05265	wavs/train_santalimale_05265.wav	ᱮᱱᱛᱮ ᱤᱥᱤᱱ ᱥᱟᱹᱛ ᱯᱟᱹᱩᱨᱟᱹᱭ ᱯᱮᱲᱟ ᱦᱮᱡᱼᱟ ᱵᱚᱞᱚ ᱛᱮᱱ ᱵᱟᱭ ᱫᱚ ᱵᱟᱵᱚᱱ ᱠᱷᱚᱡᱚᱜᱼᱟ ᱟ।
train_santalimale_05266	wavs/train_santalimale_05266.wav	ᱚᱱᱠᱟᱱ ᱚᱠᱛᱮ ᱨᱮ ᱯᱮᱲᱟ ᱮᱢᱚᱜᱼᱟ ᱦᱚᱸ ᱟᱸᱡᱷᱟᱴ ᱫᱚ ᱵᱟᱝ ᱟᱹᱤᱠᱟᱹᱜᱼᱟ ᱟ।
train_santalimale_05267	wavs/train_santalimale_05267.wav	ᱧᱩ-ᱧᱩᱛᱮ ᱵᱮᱞᱟ ᱫᱚᱭ ᱦᱟᱹᱸᱥᱩᱨ ᱮᱱᱟ।
train_santalimale_05268	wavs/train_santalimale_05268.wav	ᱤᱱᱟᱹᱜᱼᱟ ᱛᱮᱜᱮ ᱠᱮᱫᱚᱜᱼᱟ ᱠᱚ ᱪᱚᱱᱫᱟ ᱠᱮᱫᱟ।
train_santalimale_05269	wavs/train_santalimale_05269.wav	ᱩᱱᱚᱠᱤᱱ ᱵᱟᱠᱷᱨᱟ ᱦᱚᱸ ᱪᱟᱣᱞᱮ ᱠᱚ ᱠᱷᱟᱧᱡᱚ ᱠᱮᱫᱟ।
train_santalimale_05270	wavs/train_santalimale_05270.wav	ᱤᱥᱤᱱ ᱥᱟᱹᱛ ᱠᱮᱫᱚᱜᱼᱟ ᱡᱚᱢ ᱵᱟᱲᱟᱹ ᱠᱟᱛᱮ ᱵᱤᱫᱟᱹᱠᱤᱱ ᱦᱟᱛᱟᱣ ᱠᱮᱫᱟ।
train_santalimale_05271	wavs/train_santalimale_05271.wav	ᱠᱩᱞᱦᱤ ᱨᱮᱭᱟᱜᱼᱟ ᱧᱩᱛ ᱠᱟᱲᱟᱝ ᱨᱮ ᱪᱮᱫᱼᱟ ᱠᱚᱪᱚ ᱟᱨ ᱦᱚᱸ ᱞᱮᱵᱟ ᱟᱨ ᱞᱩᱜᱩᱢᱩᱱᱤ ᱛᱟᱹᱠᱤᱱ ᱫᱚᱠᱤᱱ ᱜᱟᱞᱢᱟᱨᱟᱣ ᱡᱚᱝᱟᱱ, ᱚᱠᱚᱭ ᱦᱚᱸ ᱵᱟᱠᱚ ᱟᱧᱡᱚᱢ ᱞᱮᱫᱟ।
train_santalimale_05272	wavs/train_santalimale_05272.wav	ᱞᱩᱜᱩᱢᱩᱱᱤ ᱟᱡᱼᱟ ᱜᱚ-ᱵᱟᱵᱟ ᱦᱚᱸᱠᱤᱱ ᱞᱟᱡᱟᱣ ᱟᱫᱟ ᱠᱟᱛᱷᱟ ᱮᱱᱛᱮ ᱪᱟᱹᱠᱨᱤ ᱠᱚᱲᱟᱹ ᱪᱟᱜᱼᱟ ᱵᱟᱢ ᱯᱮᱲᱟᱭᱮᱭᱟ, ᱵᱷᱟᱜᱮ ᱢᱟᱪᱷᱟ।
train_santalimale_05273	wavs/train_santalimale_05273.wav	ᱪᱟᱜᱼᱟ ᱵᱟᱢ ᱢᱟᱱᱚ-ᱢᱟᱱᱚᱛᱮᱭᱟ ᱯᱟᱥᱮᱡᱼᱟ ᱚᱠᱟ ᱦᱤᱞᱚᱜᱼᱟ ᱪᱚ ᱢᱤᱫᱼᱟ ᱫᱤᱱ ᱫᱟᱸᱰᱟᱸ ᱛᱤᱭᱟᱹᱜᱼᱟ ᱦᱚᱭ ᱵᱚᱛᱮᱡᱼᱟ ᱮᱱ ᱜᱮ।
train_santalimale_05274	wavs/train_santalimale_05274.wav	ᱞᱩᱜᱩᱢᱩᱱᱤ ᱟᱨ ᱞᱮᱵᱟ ᱣᱟᱜᱼᱟ ᱢᱚᱱᱮ ᱱᱚᱜᱼᱟᱚᱭ ᱱᱚᱝᱠᱟ ᱛᱚᱞᱚᱜᱼᱟ ᱠᱟᱱ, ᱱᱚᱟ ᱫᱚ ᱚᱠᱚᱭ ᱦᱚᱸ ᱵᱟᱝᱠᱚ ᱵᱟᱰᱟᱭ ᱧᱟᱢ ᱫᱟᱲᱮᱭᱟᱜᱼᱟ ᱠᱟᱱᱟ।
train_santalimale_05275	wavs/train_santalimale_05275.wav	ᱱᱤᱭᱟᱹ ᱫᱚᱥᱟᱨ ᱧᱟᱯᱟᱢ ᱧᱮᱯᱮᱞ ᱨᱮ ᱞᱩᱜᱩᱢᱩᱱᱤ ᱟᱡᱼᱟ ᱜᱚ-ᱵᱟᱵᱟ ᱴᱷᱮᱱ ᱱᱚᱟ ᱠᱟᱛᱷᱟ ᱦᱟᱹᱢᱵᱩᱫᱼᱟ ᱯᱚᱴᱚᱢ ᱦᱟᱯᱮ ᱜᱮ ᱛᱟᱦᱮᱸᱭᱮᱱᱟ ᱟᱨ ᱱᱚᱟ ᱫᱚ ᱵᱟᱠᱤᱱ ᱦᱩᱫᱤᱥ ᱡᱚᱝ ᱠᱟᱱᱟ, ᱱᱟᱥᱮ ᱦᱚᱸ।
train_santalimale_05276	wavs/train_santalimale_05276.wav	ᱮᱱᱛᱮ ᱱᱩᱠᱤᱱᱟᱹᱜᱼᱟ ᱢᱚᱱᱮ ᱢᱟ ᱥᱟᱹᱣᱲᱤ ᱜᱷᱟᱸᱥ ᱜᱮᱞᱮ ᱨᱚᱦᱚᱲ ᱠᱚᱜᱼᱟ ᱞᱮᱠᱟ ᱛᱤᱥ ᱠᱷᱚᱱ ᱪᱚ ᱨᱚᱦᱚᱲ ᱩᱧ ᱨᱟᱸᱡᱟᱣ ᱛᱟᱦᱮᱸᱠᱟᱱ ᱛᱟᱹᱠᱤᱱ।
train_santalimale_05277	wavs/train_santalimale_05277.wav	ᱨᱚᱦᱚᱲ ᱥᱟᱹᱣᱲᱤ ᱜᱷᱟᱸᱥ ᱜᱮᱞᱮ, ᱫᱟᱜᱼᱟ ᱮ ᱧᱟᱢ ᱞᱮᱠᱷᱟᱱ ᱧᱮᱞᱮᱠᱟ ᱠᱷᱟᱹᱰᱩ-ᱯᱟᱹᱴᱩ ᱩᱧ ᱨᱟᱧᱡᱟᱜᱼᱟ ᱮᱢ ᱢᱮᱛᱟᱜᱼᱟ ᱥᱮ ᱩᱱ ᱨᱟᱲᱟᱹᱜᱼᱟ ᱮᱢ ᱢᱮᱛᱟᱜᱼᱟ ᱟᱨ ᱥᱮ ᱩᱧ ᱵᱟᱡᱚᱜᱼᱟ ᱮᱢ ᱢᱮᱛᱟᱜᱼᱟ, ᱚᱠᱟ ᱜᱮ ᱵᱟᱢ ᱵᱩᱡ ᱠᱮ!
train_santalimale_05278	wavs/train_santalimale_05278.wav	ᱚᱱᱟ ᱞᱮᱠᱟ ᱚᱱᱠᱟ ᱜᱮ ᱟᱹᱠᱤᱱ ᱦᱚᱸ ᱵᱟᱠᱤᱱ ᱵᱩᱡ ᱧᱟᱢ ᱫᱟᱲᱮᱭᱟᱜᱼᱟ ᱠᱟᱱᱟ।
train_santalimale_05279	wavs/train_santalimale_05279.wav	ᱦᱮᱸ, ᱯᱟᱹᱦᱤᱞᱚ-ᱫᱚᱥᱟᱨ ᱰᱤᱜᱤ-ᱰᱩᱜᱤ ᱲᱟᱹᱸᱜᱣᱟᱹ ᱢᱚᱱᱮ ᱞᱟᱡᱟᱣ ᱛᱮ ᱵᱟᱱᱟ ᱦᱚᱲ ᱜᱮ ᱜᱟᱭᱜᱚᱢ ᱞᱮᱠᱟ ᱫᱚᱠᱤᱱ ᱟᱹᱤᱠᱟᱹᱣᱮᱫᱼᱟ ᱜᱮᱭᱟ, ᱮᱱᱛᱮ ᱯᱟᱹᱦᱤᱞ ᱟᱹᱱᱟᱹᱲᱤ ᱟᱪᱠᱟ ᱧᱟᱯᱟᱢ ᱚᱠᱚᱭ ᱱᱚᱝᱠᱟ ᱵᱟᱲᱮ ᱟᱴᱠᱟᱨᱟ।
train_santalimale_05280	wavs/train_santalimale_05280.wav	ᱚᱱᱟ ᱤᱭᱟ ᱛᱮᱜᱮ ᱫᱚᱥᱟᱨ ᱧᱟᱯᱟᱢ ᱨᱮᱫᱚ ᱱᱟᱥᱮ ᱞᱩᱜᱩᱢᱩᱱᱤ ᱫᱚᱭ ᱥᱟᱹᱦᱟᱹᱥ ᱠᱮᱫᱼᱟ ᱜᱮᱭᱟ।
train_santalimale_05281	wavs/train_santalimale_05281.wav	ᱦᱩᱫᱤᱥᱟᱭ ᱦᱚᱲ ᱠᱟᱱᱟᱭ ᱛᱚ ᱱᱩᱠᱨᱤ ᱠᱚᱲᱟᱹ ᱡᱟᱦᱟᱸᱛᱤᱥ ᱟᱹᱞᱤᱧ ᱜᱮᱞᱤᱧ ᱡᱩᱨᱤ-ᱡᱚᱛᱟ ᱞᱮᱱᱠᱷᱟᱱ ᱵᱟᱝ ᱟᱹᱰᱤ ᱱᱟᱯᱟᱭᱚᱜᱼᱟ ᱟ।
train_santalimale_05282	wavs/train_santalimale_05282.wav	ᱤᱧ ᱦᱚᱸ ᱲᱟᱹᱸᱜᱣᱟᱹ ᱩᱱᱤ ᱦᱚᱸ ᱲᱟᱹᱸᱜᱣᱟᱹ, ᱡᱟᱹᱛᱚ-ᱯᱟᱹᱨᱤᱥ ᱡᱩᱫᱟᱹ ᱜᱮᱭᱟ।
train_santalimale_05283	wavs/train_santalimale_05283.wav	ᱟᱡᱼᱟ ᱪᱟᱹᱠᱨᱤ ᱠᱚᱲᱟᱹ ᱠᱟᱱ ᱠᱷᱟᱱᱮ ᱤᱧ ᱦᱟᱹᱸᱛᱚᱧ ᱚᱞᱚᱜᱼᱟ ᱠᱩᱲᱤ ᱠᱟᱱᱟ।
train_santalimale_05284	wavs/train_santalimale_05284.wav	ᱞᱮᱵᱟ ᱛᱟᱹᱠᱤᱱ ᱪᱟᱞᱟᱣᱮᱱ ᱛᱟᱭᱚᱢ ᱞᱩᱜᱩᱢᱩᱱᱤ ᱫᱚ ᱟᱹᱰᱤ ᱜᱚᱴᱮᱱ ᱠᱟᱛᱷᱟᱭᱮ ᱦᱩᱫᱤᱥ ᱡᱚᱝ ᱠᱟᱱᱟ।
