उसे सिंगापुर के डिप्टी प्रधानमंत्री से सलाम किया गया और सिंगापुर के प्रधानमंत्री ली लींग लींग के साथ व्यापार और आतंकवाद मुद्दों पर चर्चा की.	ᱥᱤᱸᱜᱟᱯᱩᱨ ᱨᱤᱱ ᱩᱯ ᱯᱨᱟᱫᱷᱟᱱ ᱢᱚᱱᱛᱤᱨᱤ ᱣᱚᱸᱜ ᱠᱟᱱ ᱥᱮᱸᱜ ᱫᱚ ᱩᱱᱤᱭᱟᱜ ᱥᱟᱹᱜᱩᱱ ᱫᱟᱨᱟᱢ ᱠᱮᱫᱮᱭᱟ ᱟᱨ ᱥᱤᱸᱜᱟᱯᱩᱨ ᱨᱤᱱ ᱢᱟᱨᱟᱝ ᱢᱚᱱᱛᱨᱤ ᱞᱤ ᱥᱤᱱ ᱞᱩᱸᱜ ᱥᱟᱶ ᱵᱮᱯᱟᱨ ᱟᱨ ᱞᱚᱞᱚ ᱦᱟᱛᱟᱝ ᱨᱮᱱᱟᱜ ᱢᱩᱫᱫᱟ ᱨᱮ ᱜᱟᱞᱚᱪ ᱠᱮᱫᱟᱭ᱾
और मैं अब हमारे सामान्य स्थान के लिए नहीं आ सकता	ᱟᱨ ᱤᱧᱫᱚ ᱟᱵᱚᱣᱟᱜ ᱥᱟᱹᱵᱤᱠ ᱴᱷᱟᱶᱨᱮ ᱵᱟᱹᱧ ᱦᱮᱡ ᱫᱟᱲᱮᱭᱟᱜᱼᱟ ᱾
इसके बाद, भारत के अतिरिक्त बैंक ने MF (SF-MF) के लिए एक विशेष 50,000 50,000 टन के लिए राशि प्राप्त करने में मदद की, जो वित्तीय बाजारों में भरोसा बहाल करने में मदद की.	ᱛᱟᱭᱚᱢ ᱫᱟᱨᱟᱢᱛᱮ, ᱠᱟᱹᱣᱰᱤ ᱞᱮᱱᱫᱮᱱ ᱨᱮᱭᱟᱜ ᱦᱟᱢᱟᱞ ᱠᱚᱢ ᱞᱟᱹᱜᱤᱫᱛᱮ ᱟᱨ ᱠᱟᱹᱣᱰᱤ ᱤᱫᱤᱠᱟᱛᱮ ᱛᱷᱤᱛᱤ ᱨᱩᱠᱷᱭᱟᱹᱭ ᱞᱟᱹᱜᱤᱫ, ᱵᱷᱟᱨᱚᱛᱤᱭᱟᱹ ᱨᱤᱡᱟᱨᱵᱷ ᱵᱮᱝᱠ ᱫᱚ ᱮᱢᱮᱯᱷᱮᱥ (ᱮᱥᱮᱞᱮᱯᱷᱼᱮᱢᱮᱯᱷ) ᱱᱤᱭᱟᱹ ᱞᱟᱹᱜᱤᱫ ᱕᱐,᱐᱐᱐ ᱠᱳᱴᱤ ᱴᱟᱠᱟ ᱨᱮᱭᱟᱜ ᱢᱤᱴᱴᱮᱱ ᱵᱤᱥᱟᱹᱥ ᱠᱟᱹᱣᱰᱤ ᱥᱩᱵᱤᱫᱷᱟ ᱨᱮᱭᱮ ᱛᱟᱲᱟᱢᱟᱠᱟᱫᱟ, ᱡᱟᱦᱟᱸ ᱫᱚ ᱠᱟᱹᱣᱰᱤᱭᱟᱱᱟᱜ ᱵᱟᱡᱟᱨ ᱨᱮ ᱟᱥ ᱟᱹᱜᱩᱭ ᱨᱮᱭᱮ ᱜᱚᱲᱚᱣᱟᱠᱟᱱᱟ ᱾
बेशक, उसे भारतीय संविधान का पिता कहा जाता है ।	ᱱᱤᱦᱟᱹᱛᱜᱤ! ᱩᱱᱤ ᱫᱚ ᱵᱷᱟᱨᱚᱛᱤᱭᱟᱹ ᱥᱚᱝᱵᱤᱫᱷᱟᱱᱨᱮᱱ ᱚᱱᱚᱞᱤᱭᱟᱹ ᱠᱟᱱᱟᱭ ᱾
मुझे अभी भी बेंगलुरु से मंगलुरु तक विस्टाडोम ट्रेन में देखा गया खूबसूरत नज़ारा याद है।	ᱵᱮᱝᱜᱟᱞᱩᱨᱩ ᱠᱷᱚᱱ ᱢᱮᱝᱜᱟᱞᱩᱨᱩ ᱫᱷᱟᱹᱵᱤᱡ ᱵᱷᱤᱥᱛᱟᱰᱳᱢ ᱴᱨᱮᱱ ᱨᱮ ᱡᱟᱦᱟᱸ ᱱᱟᱯᱟᱭ ᱧᱮᱞᱧᱟᱢᱚᱜ ᱠᱚᱧ ᱧᱮᱞ ᱞᱮᱫᱟ ᱚᱱᱟ ᱫᱚ ᱱᱤᱛᱦᱚᱸ ᱤᱧᱟᱜ ᱫᱤᱥᱟᱹ ᱢᱮᱱᱟᱜᱼᱟ ᱾
गोल्डबर्ग का वाशिंगटन, डी.सी. में 81 वर्ष की आयु में दिल का दौरा पड़ने से निधन हो गया।	ᱜᱳᱞᱰᱵᱟᱨᱜ ᱫᱚ ᱘᱑ ᱥᱮᱨᱢᱟ ᱩᱢᱮᱨ ᱨᱮ ᱳᱣᱟᱥᱤᱝᱴᱚᱱ, ᱰᱤ ᱥᱤ ᱨᱮ ᱨᱤᱫᱚᱭ ᱦᱟᱹᱥᱩ ᱨᱮᱭᱟᱜ ᱡᱟᱞᱟᱛᱮᱭ ᱜᱚᱪ ᱞᱮᱱᱟ ᱾
ᱟᱢ ᱥᱟᱶ ᱧᱟᱯᱟᱢ ᱠᱟᱛᱮ ᱠᱩᱥᱤ ᱮᱱᱟᱹᱧ	आपसे मिलकर अच्छा लगा
मुझे वह अहसास बहुत पसंद है जब कोई वाहन चालक चौराहे पर मुझसे पहले निकलने का इशारा करता है।	ᱤᱧ ᱟᱹᱭᱠᱟᱹᱣᱤᱧ ᱠᱩᱥᱤᱭᱟᱜᱼᱟ ᱡᱚᱠᱷᱚᱱ ᱢᱤᱫ ᱦᱚᱲ ᱢᱚᱴᱚᱨ ᱪᱟᱞᱟᱣᱤᱪ ᱤᱧ ᱢᱤᱫᱴᱟᱝ ᱜᱩᱞᱤᱨᱮ ᱪᱟᱞᱟᱣᱮ ᱢᱮᱛᱟᱫᱤᱧᱟ ᱾
एक, दो, तीन, चार, पाँच, छः, सात, आठ, नौ, दस।	ᱢᱤᱫ, ᱵᱟᱨ, ᱯᱮ, ᱯᱳᱱ, ᱢᱚᱬᱮ, ᱛᱩᱨᱩᱭ, ᱮᱭᱟᱭ, ᱟᱨ, ᱱᱟᱭ, ᱜᱮᱞ।
एनसीडी में अनेक पर्यावरण रोग हैं जो बाहरी तत्त्वों, पोषण, प्रदूषण, और जीवन - शैली चुनावों के कारण उत्पन्‍न किए गए मानव स्वास्थ्य परिस्थितियों के व्यापक वर्ग को ढकते हैं और उन्हें बनाए रखते हैं ।	ᱮᱱᱹᱥᱤᱹᱰᱤ ᱥᱮᱞᱮᱫ ᱠᱟᱛᱮ ᱟᱭᱢᱟ ᱥᱟᱪᱟᱨᱦᱮᱫ ᱟᱱᱟᱜ ᱟᱡᱟᱨ ᱥᱮ ᱢᱟᱹᱱᱢᱤ ᱦᱚᱲᱢᱚᱥᱟᱶᱟᱨ ᱵᱟᱜᱤᱞᱮᱠ ᱟᱨ ᱵᱮᱼᱵᱟᱜᱤᱞᱮᱠ ᱦᱟᱞᱚᱛ ᱨᱮᱭᱟᱜ ᱯᱟᱥᱱᱟᱣ ᱟᱠᱟᱱ ᱛᱷᱚᱱᱚᱛ ᱫᱚ ᱠᱚᱵᱷᱟᱨ ᱮᱫᱟᱭ, ᱡᱟᱦᱟᱸ ᱪᱟᱸᱫᱳᱣᱟᱜ ᱟᱨᱥᱟᱞ, ᱯᱩᱥᱴᱤ, ᱵᱤᱥᱟᱹᱣ ᱟᱨ ᱡᱤᱭᱚᱱᱫᱷᱟᱨᱟ ᱨᱮᱭᱟᱜ ᱵᱷᱮᱜᱟᱨ ᱞᱮᱠᱟᱱ ᱵᱟᱦᱮᱨ ᱚᱡᱮᱠᱚ ᱫᱟᱨᱟᱭ ᱛᱮ ᱵᱮᱱᱟᱣ ᱟᱠᱟᱱᱟ ᱾
क्या मैं आपके डिलीवरी बॉय की गलती का खामियाजा भुगतने जा रहा हूँ? (ग्राहक)।	ᱟᱢᱨᱮᱱ ᱰᱮᱞᱤᱵᱷᱟᱨᱤ ᱵᱚᱭᱟᱜ ᱦᱩᱲᱟᱹᱜ ᱠᱷᱟᱹᱛᱤᱨ ᱤᱧ ᱪᱮᱫ ᱠᱚᱥᱴᱚᱧ ᱧᱟᱢᱟ ? (ᱠᱤᱨᱤᱧᱤᱭᱟᱹ)
मुझे लगता है कि दिन के लिए घर छोड़ना पसंद है लेकिन शायद मैं एक खुले दिमाग रखने की कोशिश कर सकते हैं और जिस तरह से आप करते हैं उसे देखने की कोशिश कर सकते हैं.	ᱤᱧᱫᱚ ᱠᱤᱪᱷᱤ ᱫᱤᱱ ᱞᱟᱹᱜᱤᱫ ᱚᱲᱟᱜ ᱵᱟᱹᱜᱤ ᱠᱟᱴᱮᱜ ᱥᱮᱱᱚ ᱫᱚ ᱵᱟᱹᱧ ᱠᱩᱥᱤᱭᱟᱜᱼᱟ ᱮᱱᱠᱷᱟᱱ ᱦᱩᱭ ᱫᱟᱲᱮᱭᱟᱜᱼᱟ ᱤᱧ ᱨᱟᱲᱟ ᱢᱚᱱᱛᱮ ᱛᱟᱦᱮᱱ ᱨᱮᱭᱟᱜ ᱤᱧ ᱨᱤᱠᱟᱹᱭᱟ ᱟᱨ ᱟᱢ ᱞᱮᱠᱟ ᱡᱤᱱᱤᱥ ᱠᱚ ᱧᱮᱞ ᱨᱮᱭᱟᱜ ᱤᱧ ᱨᱤᱠᱟᱹᱭᱟ ᱾
एक और फर्क यह था कि जब गरीब लोग औरत कुर्सी पर बैठते वक्‍त अपना खाना खाते, तो अमीर आदमियों को एक - साथ दावत करनी बहुत पसंद थी ।	ᱢᱤᱫ ᱟᱨ ᱟᱱᱛᱟᱨ ᱛᱟᱦᱮᱸ ᱠᱟᱱᱟ ᱡᱮ ᱡᱟᱦᱟᱸ ᱨᱮ ᱨᱮᱸᱜᱮᱡ ᱦᱚᱲ ᱟᱨ ᱛᱤᱨᱞᱟᱹ ᱠᱚ ᱢᱟᱹᱪᱤ ᱨᱮ ᱫᱩᱲᱩᱵ ᱠᱟᱛᱮ ᱟᱠᱚᱣᱚᱟᱜ ᱫᱟᱠᱟ ᱠᱚ ᱡᱚᱢ ᱮᱫ ᱛᱟᱦᱮᱱᱟ, ᱚᱸᱰᱮ ᱜᱮ ᱠᱤᱥᱟᱬ ᱦᱚᱲ ᱢᱤᱫ ᱥᱟᱶᱛᱮ ᱵᱷᱚᱡᱽ ᱞᱟᱹᱜᱤᱫ ᱠᱚ ᱠᱩᱥᱤᱭᱟᱫ ᱠᱟᱱᱟ, ᱡᱟᱦᱟᱸ ᱩᱱᱠᱩ ᱠᱚ ᱡᱚᱢᱟᱜ ᱚᱠᱛᱮ ᱟᱯᱱᱟᱨ ᱯᱟᱪᱷ ᱨᱮ ᱛᱟᱦᱮᱸ ᱠᱟᱱᱟ ᱠᱚ᱾
हाय , तुम इन दिनों क्या कर रहे हो?	ᱮᱭ ᱢᱤᱨᱩ, ᱛᱮᱦᱮᱧ ᱜᱟᱯᱟ ᱪᱮᱫ ᱮᱢ ᱪᱮᱠᱟᱭᱮᱫᱟ ?
मेरे पास सात मुर्गी हैं।	ᱤᱧ ᱴᱷᱮᱱ ᱮᱭᱟᱭ ᱜᱚᱴᱟᱝ ᱢᱩᱠᱨᱤ ᱢᱮᱱᱟᱜᱼᱟ ᱠᱚᱣᱟ।
सबसे महत्वपूर्ण बात है, हम नहीं जानते कि कब और कैसे मुसीबत हमारे दरवाजे पर दस्तक देता है.	ᱡᱚᱛᱚᱠᱷᱚᱱ ᱞᱟᱹᱠᱛᱤᱚᱭᱟᱱ, ᱟᱵᱳ ᱵᱟᱝ ᱵᱚ ᱵᱟᱰᱟᱭᱟ ᱛᱤᱱᱨᱮ ᱟᱨ ᱪᱮᱫ ᱞᱮᱠᱟᱨᱮ ᱵᱟᱹᱲᱤᱡᱽ ᱜᱷᱚᱴᱚᱱ ᱟᱵᱚ ᱥᱟᱢᱟᱝᱨᱮ ᱥᱮᱴᱮᱨᱚᱜᱼᱟ ?
मेरे दोस्तों में से एक भी ऐसा करने के बारे में सोच रहा है, मैंने उससे कहा कि मैं इसके बारे में आप से कुछ जानकारी प्राप्त करेंगे।	ᱤᱧᱨᱮᱱ ᱢᱤᱫᱴᱟᱝ ᱜᱟᱛᱤ ᱚᱱᱟᱜᱤ ᱠᱚᱨᱟᱣᱮ ᱢᱮᱱᱮᱫᱽᱠᱟᱱᱟ ᱚᱱᱟᱛᱮ, ᱤᱧ ᱫᱚ ᱩᱱᱤᱧ ᱢᱮᱱᱟᱠᱟᱫᱤᱭᱟ ᱡᱮ ᱤᱧ ᱫᱚ ᱟᱢ ᱴᱷᱮᱱᱠᱷᱚᱱ ᱚᱱᱟ ᱵᱟᱵᱚᱫ ᱠᱤᱪᱦᱩ ᱛᱮᱛᱮᱫᱽᱤᱧ ᱧᱟᱢᱟ ᱢᱮᱱᱛᱮ ᱾
क्या मुझे शाखा दफ्तर से मिलने की ज़रूरत है?	ᱤᱧᱫᱚ ᱪᱮᱫ ᱤᱧᱜᱮ ᱵᱨᱟᱧᱪ ᱥᱮᱱᱚᱜ ᱦᱩᱭᱩᱜ ᱛᱤᱧᱟᱹ ?
आमतौर पर यह पेड़ बहुत ही खूबसूरत होता है ।	ᱢᱟᱱᱚᱥ ᱫᱚ ᱩᱛᱛᱟᱹᱨᱼᱯᱩᱨᱩᱵ ᱯᱚᱱᱚᱛ ᱟᱥᱟᱢ ᱨᱮᱭᱟᱜ ᱦᱤᱢᱟᱞᱚᱭ ᱨᱮᱭᱟᱜ ᱯᱟᱫᱚᱫᱮᱥᱷ ᱨᱮ ᱢᱮᱱᱜᱼᱟ ᱾
इक्यासी	ᱟᱨ ᱜᱮᱞ ᱢᱤᱫ
मैं हमारे जीवन को आसान और अधिक कुशल बनाने के लिए कृत्रिम बुद्धिमत्ता (AI) की संभावनाओं को लेकर बहुत उत्साहित हूँ।	ᱠᱨᱤᱛᱛᱤᱢ ᱵᱩᱫᱫᱷᱤᱢᱚᱛᱛᱟ ᱫᱚ ᱟᱵᱚᱣᱟᱜ ᱡᱤᱭᱚᱱ ᱟᱨᱦᱚᱸᱭ ᱥᱚᱦᱚᱡ ᱟᱨ ᱜᱟᱹᱠᱷᱩᱲᱟᱱ ᱫᱟᱲᱮᱭᱟᱱᱟᱜ ᱦᱩᱭ ᱫᱟᱲᱮᱭᱟᱱᱟᱜ ᱱᱤᱭᱟᱹ ᱤᱧ ᱫᱚ ᱟᱹᱰᱤᱜᱮᱧ ᱩᱛᱛᱮᱡᱤᱛᱚᱜᱮᱭᱟ ᱾
इन भ्रष्ट राजनेताओं को सार्वजनिक पदों से प्रतिबंधित करके दंडित करें।	ᱱᱩᱠᱩ ᱵᱮᱼᱵᱟᱹᱲᱤᱡ ᱨᱟᱡᱽᱟᱹᱨᱤᱭᱟᱹ ᱠᱚ ᱫᱤᱥᱩᱣᱟᱹ ᱴᱷᱟᱶ ᱠᱷᱚᱱ ᱚᱪᱚᱜ ᱜᱤᱰᱤ ᱠᱟᱛᱮ ᱥᱟᱥᱮᱛ ᱮᱢᱟᱠᱚᱢ ᱾
और हाँ, यह भी दुनिया में सबसे बड़े डेल्टा की रचना की है; पश्‍चिम बंगाल में सारान।	ᱟᱨ ᱦᱮᱸ, ᱱᱚᱶᱟᱫᱚ ᱫᱷᱟᱹᱨᱛᱤ ᱨᱮᱭᱟᱜ ᱡᱚᱛᱚᱠᱷᱚᱱ ᱢᱟᱨᱟᱝ ᱵᱚᱼᱰᱷᱤᱯ ᱯᱚᱪᱷᱤᱢ ᱵᱟᱝᱜᱟᱞ ᱨᱮᱭᱟᱜ ᱥᱩᱱᱫᱚᱨᱵᱚᱱᱨᱮ ᱵᱮᱱᱟᱣ ᱟᱠᱟᱱᱟ ᱾
लेकिन प्रधानमंत्री जॉन हॉवर्ड ने कहा है कि इस कार्य को सिर्फ़ तस्मानियाई सरकार द्वारा आक्रमण किए जाने से लेकर अस्पताल की सुविधाओं की रक्षा करने के लिए ही था ।	ᱢᱮᱱᱠᱷᱟᱱ ᱢᱟᱨᱟᱝ ᱢᱩᱱᱛᱨᱤ ᱡᱚᱱ ᱦᱟᱣᱟᱨᱰᱮ ᱞᱟᱹᱭ ᱟᱠᱟᱫᱟ ᱡᱮ ᱱᱚᱶᱟ ᱟᱹᱱ ᱫᱚ ᱦᱟᱥᱯᱟᱛᱟᱞ ᱨᱮᱭᱟᱜ ᱥᱩᱵᱽᱫᱷᱟ ᱥᱚᱡᱚᱜᱽ ᱟᱞᱚ ᱰᱷᱤᱞᱟᱹᱣᱜ ᱨᱮᱭᱟᱜ ᱠᱟᱱᱟ, ᱚᱱᱟ ᱥᱟᱶᱛᱮ ᱛᱟᱥᱢᱟᱱᱤᱭᱟ ᱥᱚᱨᱠᱟᱨ AUD$᱔᱕ ᱢᱤᱞᱤᱭᱟᱱ ᱴᱟᱠᱟᱭ ᱮᱢᱚᱜ-ᱟ᱾
मैंने सोचा था कि मैं पहला सेट जीत जाऊँगा, लेकिन फिर मैं बहुत जल्दी थक गया। यह सब मेरी गलती है।	ᱤᱧ ᱢᱚᱱᱮ ᱞᱮᱫᱟ ᱯᱟᱹᱦᱤᱞ ᱥᱮᱴᱞᱮ ᱡᱤᱛᱠᱟᱹᱨᱚᱜᱼᱟ, ᱢᱮᱱᱠᱷᱟᱱ ᱚᱱᱟ ᱛᱟᱭᱚᱢ ᱟᱹᱰᱤ ᱩᱥᱟᱹᱨᱟᱧ ᱞᱟᱸᱜᱟᱭᱮᱱᱟ ᱾ ᱡᱚᱛᱚᱜᱮ ᱤᱧᱟᱜ ᱜᱟᱹᱞᱛᱤ ᱾
जब एक सहपाठी ने अपनी नाक में उंगली डाली और फिर वही उंगली अपने मुंह में डाल ली तो मुझे उल्टी जैसा महसूस हुआ।	ᱤᱧᱟᱜ ᱢᱚᱱᱮ ᱦᱩᱭ ᱞᱮᱱᱟ ᱡᱮ ᱡᱚᱠᱷᱮᱡ ᱢᱤᱫᱴᱟᱝ ᱯᱟᱹᱴᱷᱩᱣᱟᱹ ᱜᱟᱛᱮ ᱢᱩ ᱥᱩᱴᱩᱡ ᱛᱟᱭᱚᱢ ᱚᱱᱟ ᱠᱟᱹᱴᱩᱵ ᱢᱚᱪᱟᱨᱮᱭ ᱵᱟᱭ ᱠᱮᱫᱟ ᱾
इंटरनॆट की अलग - अलग खासियतों से पता चलता है कि इससे हमें और भी कई फायदे होते हैं ।	ᱤᱱᱴᱚᱨᱱᱮᱴ ᱨᱮᱭᱟᱜ ᱟᱞᱟᱜᱽ ᱠᱟᱹᱢᱤ ᱜᱩᱱᱠᱚ ᱵᱮᱵᱷᱟᱨ ᱞᱟᱜᱟᱣ ᱨᱮᱭᱟᱜ ᱵᱟᱹᱲᱛᱤ ᱫᱨᱩᱥᱴᱤᱠᱚᱬ ᱴᱚᱴᱷᱟ ᱯᱟᱥᱱᱟᱣ ᱨᱮ ᱟᱨ  ᱟᱯᱨᱚᱪ᱾
राहुल की तुलना में वह बेहतर नहीं है?	ᱩᱱᱤ ᱫᱚ ᱪᱮᱫ ᱨᱟᱦᱩᱞ ᱠᱷᱚᱱ ᱵᱟᱭ ᱵᱷᱟᱜᱮ ᱜᱤᱭᱟ ?
और हाँ, आप एक ओलंकी हैं, लेकिन आप इसके लिए क्या मिलता है?	ᱟᱨ ᱦᱮᱸ, ᱟᱢᱫᱚ ᱢᱤᱫ ᱚᱞᱤᱢᱯᱤᱭᱟᱱ, ᱢᱮᱱᱠᱷᱟᱱ ᱱᱚᱶᱟ ᱞᱟᱹᱜᱤᱫ ᱟᱢ ᱪᱮᱫ ᱮᱢ ᱧᱟᱢᱟ ?
वे अपनी गुफा और बौद्ध - धर्म की तसवीरों के लिए मशहूर हैं ।	ᱚᱡᱚᱱᱛᱟ ᱜᱷᱚᱸᱜᱚᱨ, ᱳᱣᱨᱚᱝᱜᱚᱵᱟᱫ ᱨᱮᱭᱟᱜ ᱧᱩᱢᱟᱱ ᱢᱟᱨᱮᱱ ᱱᱟᱜᱟᱢᱤᱭᱟᱹ ᱴᱷᱟᱶᱠᱚ ᱟᱠᱚᱣᱟᱜ ᱜᱷᱚᱸᱜᱚᱨ ᱪᱤᱛᱟᱹᱨ ᱟᱨ ᱵᱳᱣᱫᱷᱚ ᱜᱚᱲᱦᱚᱱ ᱠᱷᱟᱹᱛᱤᱨ ᱛᱮ ᱥᱚᱨᱮᱥ ᱜᱮᱭᱟ ᱿
DVI को डिस्प्ले में असंपीड़ित (uncompressed) डिजिटल वीडियो डेटा ले जाने के लिए डिज़ाइन किया गया है।	ᱰᱤᱵᱷᱤᱟᱭ ᱰᱤᱥᱯᱞᱮᱨᱮ ᱟᱱᱠᱚᱢᱯᱨᱮᱥᱰ ᱰᱤᱡᱤᱴᱟᱞ ᱵᱷᱤᱰᱤᱣ ᱰᱮᱴᱟ ᱜᱮᱢᱮᱨ ᱞᱟᱹᱜᱤᱫ ᱰᱤᱡᱟᱭᱤᱱ ᱦᱩᱭ ᱟᱠᱟᱱᱟ ᱾
एक पति - पत्नी शायद यह तय करें कि बच्चे की परवरिश करना उनकी सबसे अच्छी दिलचस्पी नहीं, या अपने बच्चे की दिलचस्पी में नहीं है ।	ᱢᱤᱫᱴᱟᱹᱝ ᱵᱩᱰᱷᱟᱼᱵᱩᱰᱷᱤ ᱱᱚᱶᱟ ᱠᱤᱱ ᱴᱷᱟᱹᱣᱠᱟᱹ ᱫᱟᱲᱮᱭᱟᱜᱼᱟ ᱡᱮ ᱜᱤᱫᱽᱲᱟᱹ ᱠᱚ ᱟᱹᱥᱩᱞ ᱞᱟᱹᱜᱤᱫ ᱱᱚᱶᱟ ᱩᱱᱠᱩᱣᱟᱜ ᱥᱚᱨᱣᱚᱛᱚᱢ ᱦᱤᱛ ᱨᱮ ᱟᱨ ᱵᱟᱝ ᱟᱠᱚᱣᱟᱜ ᱜᱤᱫᱽᱨᱟᱹ ᱠᱚᱣᱟᱜ ᱦᱤᱛ ᱨᱮ ᱵᱟᱹᱱᱩᱜᱼᱟ᱾
एक पत्ते के टाइटन मिगल में, लगभग इंच से पैरामा कोशिकाओं के बीच बड़े पैमाने पर शाखा दफ्तर के लिए व्यवस्थित रूप से व्यवस्थित किया गया और उपभोग के साथ, अपने पड़ोसियों के साथ मिलकर एक-दूसरे से जुड़े हुए एक-दूसरे के साथ मिलकर एक-दूसरे से जुड़ गए एक-दूसरे से जुड़ गए, जैसे कि गुर्दे के तीन-छोटे परदे में लाल होते हैं और मुझे अन्य प्रकार के होते हैं।	ᱢᱤᱫᱴᱟᱝ ᱥᱟᱠᱟᱢ ᱨᱮᱭᱟᱜ ᱵᱷᱩᱜᱟᱹᱜᱯᱮᱨᱮᱡᱽ ᱞᱟᱹᱵᱤᱫᱽ ᱢᱮᱥᱳᱯᱷᱤᱞᱼᱨᱮ ᱯᱮᱨᱮᱱᱠᱟᱭᱢᱟ ᱠᱳᱥᱠᱩ ᱫᱚ ᱡᱤᱞᱤᱧ ᱟᱱᱛᱚᱠᱳᱥᱟᱱ ᱯᱷᱟᱨᱟᱠ ᱥᱟᱶ ᱯᱨᱟᱭᱼᱜᱩᱞᱟᱹᱴ ᱟᱨ ᱦᱟᱸᱰᱮᱱᱟᱸᱰᱮ ᱪᱷᱤᱴᱭᱟᱹᱣ ᱠᱷᱚᱱ ᱪᱟᱸᱲᱮᱭᱟᱱᱟᱜ ᱥᱮ ᱤᱯᱤᱞᱞᱮᱠᱟ ᱦᱚᱸ ᱦᱩᱭ ᱫᱟᱲᱮᱭᱟᱜᱼᱟ, ᱟᱨᱟᱜᱽᱼᱢᱟᱞᱦᱟᱱ ᱡᱚ, ᱯᱷᱟᱥᱤᱚᱞᱟᱥ ᱵᱷᱟᱞᱜᱟᱨᱤᱥ ᱟᱨ ᱮᱴᱟᱜ ᱢᱮᱥᱳᱯᱷᱟᱭᱤᱴ ᱨᱮᱭᱟᱜ ᱞᱮᱠᱟ ᱢᱤᱫᱴᱟᱝ ᱯᱮᱱᱮᱢᱟᱛᱨᱟ ᱚᱱᱛᱚᱨᱡᱟᱞ ᱜᱚᱲᱦᱚᱱ ᱞᱟᱹᱜᱤᱫ ᱥᱚᱯᱚ ᱨᱮᱭᱟᱜ ᱢᱩᱪᱟᱹᱫᱽᱱᱟᱠᱷᱟ ᱨᱮ ᱩᱝᱠᱩᱨᱮᱱ ᱟᱰᱮᱯᱟᱥᱮᱨᱮᱱ ᱥᱟᱶ ᱢᱤᱫᱮᱴᱟᱜᱤᱡᱽ ᱟᱠᱩᱟᱠᱩᱨᱮᱠᱩ ᱡᱚᱯᱚᱲᱟᱣᱟᱠᱟᱱᱟ ᱾
जब मैं गिरा तो मेरे घुटने में एक पत्थर गहराई तक घुस गया। मुझे नहीं लगता कि मैं अगले कुछ हफ्तों तक खेल पाऊँगा।	ᱤᱧ ᱧᱩᱨᱦᱟᱹᱭᱮᱱᱛᱮ ᱢᱤᱫᱴᱟᱝ ᱫᱷᱤᱨᱤ ᱤᱧᱟᱜ ᱜᱩᱱᱴᱷᱤ ᱨᱮᱭᱟᱜ ᱵᱷᱛᱨᱤᱨᱮ ᱪᱟᱞᱟᱣᱮᱱᱟ ᱾ ᱤᱧᱟᱜ ᱵᱟᱝ ᱢᱚᱱᱮ ᱦᱩᱭᱩᱜ ᱠᱟᱱᱟ ᱫᱟᱨᱟᱭᱠᱟᱱ ᱠᱤᱪᱷ ᱦᱟᱯᱛᱟ ᱤᱧ ᱫᱚ ᱟᱨᱤᱧ ᱠᱷᱮᱞ ᱫᱟᱲᱮᱭᱟᱜᱼᱟ ᱾
मैं अभी भी मुश्किल प्रशिक्षित करने की जरूरत है.	ᱤᱧᱫᱚ ᱱᱤᱛᱦᱚᱸ ᱟᱹᱰᱤ ᱠᱮᱴᱮᱡᱽ ᱛᱟᱹᱞᱤᱢ ᱞᱟᱹᱠᱛᱤᱭᱟᱹᱧ ᱢᱮᱱᱟᱜᱼᱟ ᱾
कुछ लोगों को पता है कि हवाई जहाज़ कैसे काम करता है और उड़ान के दौरान क्या होता है, इस बारे में कुछ जानकारी हासिल करने से वह डर पर काबू पा सकता है ।	ᱠᱤᱪᱷᱩ ᱞᱟᱹᱜᱤᱫ, ᱩᱰᱮᱜ ᱜᱟᱰᱤ ᱪᱮᱫ ᱞᱮᱠᱟᱭ ᱠᱟᱹᱢᱤᱭᱟ ᱟᱨ ᱩᱰᱮᱜ ᱚᱠᱛᱚ ᱪᱮᱫ ᱦᱚᱭᱩᱜᱼᱟ, ᱱᱟᱣᱟ ᱵᱟᱠᱷᱨᱟ ᱨᱮ ᱠᱤᱪᱷᱩ ᱵᱩᱡᱷᱮᱣ ᱠᱷᱚᱱ ᱚᱱᱟ ᱵᱚᱛᱚᱨ ᱥᱟᱝᱜᱤᱧ ᱨᱮ ᱜᱚᱲᱚ ᱫᱟᱲᱮᱭᱟᱜᱼᱟ ᱡᱟᱦᱟᱸ ᱫᱚ ᱵᱟᱝ ᱵᱟᱰᱟᱭ ᱨᱮ ᱟᱫᱷᱟᱨᱤᱛ ᱢᱮᱱᱟᱜᱼᱟ ᱟᱨᱵᱟᱝ ᱥᱟᱢᱲᱟᱣ ᱨᱮ ᱵᱟᱱᱩᱜᱼᱟ᱾
यह पात्र संभवतः जोसेफ बेल नामक एक डॉक्टर पर आधारित था।	ᱪᱩᱨᱤᱛ ᱫᱚ ᱦᱩᱭ ᱫᱟᱲᱮᱭᱟᱜᱼᱟ ᱡᱳᱥᱮᱯᱷ ᱵᱮᱞ ᱧᱩᱛᱩᱢ ᱛᱮ ᱢᱤᱫ ᱦᱚᱲ ᱰᱟᱠᱛᱟᱨ ᱪᱮᱛᱟᱱ ᱨᱮ ᱴᱮᱦᱟᱴ ᱠᱟᱛᱮ ᱵᱮᱱᱟᱣ ᱞᱮᱱᱟ ᱾
जिस तरह से, जो संगीत yar के लिए इस तरह के संगीत संगीत संगीत के लिए चला जाता है, यह सिर्फ मेरे लिए एक उच्च है.	ᱡᱟᱦᱟᱸᱜᱤ ᱦᱩᱭᱩᱜ, ᱥᱮᱨᱮᱧ ᱞᱟᱹᱜᱤᱫ ᱱᱚᱝᱠᱟᱱ ᱠᱚᱱᱥᱟᱨᱴ ᱨᱮ ᱚᱠᱚᱭ ᱪᱟᱞᱟᱜᱼᱟ ᱜᱟᱛᱤ, ᱱᱚᱣᱟ ᱫᱚ ᱤᱧ ᱞᱟᱹᱜᱤᱫ ᱮᱠᱮᱱ ᱢᱤᱫᱴᱟᱝ ᱱᱤᱥᱟᱹᱞᱮᱠᱟ ᱾
इमारतें अब पहले से कहीं अधिक ऊंची बनाई जा सकती हैं।	ᱵᱷᱚᱵᱚᱱ ᱠᱚᱫᱚ ᱱᱮᱛᱟᱨ ᱞᱟᱦᱟ ᱠᱷᱚᱱ ᱟᱹᱰᱤ ᱩᱥᱩᱞ ᱨᱮ ᱵᱮᱱᱟᱣ ᱜᱟᱱᱚᱜᱼᱟ ᱾
ब्रैली के अनुसार, ऐनी युवावस्था में उनकी दादी पर आधारित थीं।	ᱵᱨᱟᱞᱤᱭᱟᱜ ᱞᱟᱹᱭ ᱞᱮᱠᱟᱛᱮ, ᱮᱹᱱ ᱡᱚᱠᱷᱚᱱ ᱦᱩᱰᱤᱧ ᱮ ᱛᱟᱦᱮᱸ ᱠᱟᱱᱟ ᱩᱱᱫᱚ ᱟᱡ ᱵᱩᱰᱤᱜᱚ ᱪᱮᱛᱟᱱ ᱨᱮ ᱴᱮᱦᱟᱴ ᱠᱟᱛᱮᱭ ᱛᱟᱦᱮᱸ ᱠᱟᱱᱟ ᱾
जंगल के बचाव के बारे में पुस्तकें और पत्रिकाएँ आम हैं, लेकिन युद्ध क्षेत्रों से संबंधित प्रकाशन कम हैं ।	ᱦᱟᱦᱟᱝᱠᱟᱨ ᱨᱮ ᱵᱟᱧᱪᱟᱣ ᱛᱟᱦᱮᱱ ᱨᱮᱭᱟᱜ ᱯᱚᱛᱚᱵ ᱟᱨ ᱯᱟᱛᱷᱟᱢ ᱫᱚ ᱟᱭᱢᱟ ᱜᱮᱭᱟ, ᱢᱮᱱᱠᱷᱟᱱ ᱞᱟᱹᱲᱦᱟᱹᱭ ᱴᱟᱹᱱᱰᱤ ᱨᱮᱭᱟᱜ ᱯᱚᱛᱚᱵ ᱫᱚ ᱟᱹᱰᱤ ᱠᱚᱢ ᱜᱮᱭᱟ᱾
संघीय नीति अलग अलग हो सकती है, लेकिन मार्च के आखिर में, ज़्यादातर कोनविस्ट रद्दीकरण नियमों को जारी रखने के लिए 2020 जुलाई, जब हेस्किस को नियत किया गया था.	ᱨᱟᱫᱤᱠᱚᱨᱬ ᱱᱤᱛᱤ ᱮᱴᱟᱜᱼᱮᱴᱟᱜ ᱛᱟᱦᱮᱸᱱ ᱠᱟᱱᱟ, ᱦᱮᱞᱮ ᱪᱟ.ᱛ ᱨᱮᱭᱟᱜ ᱢᱤᱪᱟᱹᱫ ᱨᱮ ᱵᱟᱹᱲᱛᱤᱭᱮᱱ ᱠᱚᱨᱚᱱᱟᱣᱟᱭᱨᱟᱹᱥ ᱨᱮᱭᱟᱜ ᱡᱟᱭᱜᱟ ᱨᱚᱫ ᱠᱚᱨᱟᱣ ᱱᱤᱛᱤ ᱒᱐᱒᱐ ᱫᱷᱟᱹᱵᱤᱡ ᱵᱟᱝ ᱵᱚᱰᱟᱷᱟᱣ ᱞᱮᱱᱟ, ᱚᱠᱟ ᱡᱷᱚᱜ ᱚᱞᱤᱢᱯᱤᱠ ᱱᱤᱨᱫᱷᱟᱨᱚᱬ ᱦᱩᱭᱮᱱᱟ᱾
उसके बाद, थोड़ी देर के लिए एक्सवरक्स II आया.	ᱤᱱᱟᱹ ᱛᱟᱭᱱᱚᱢ ᱱᱟᱥᱮ ᱚᱠᱛᱚ ᱞᱟᱜᱤᱫ ᱫᱚᱥᱟᱨ ᱮᱠᱥᱤᱨᱤᱥ ᱮ ᱦᱮᱡᱞᱮᱱᱟ ᱾
क्या यह समय अच्छा है?	ᱪᱮᱫ ᱱᱚᱣᱟ ᱚᱠᱛᱚ ᱱᱟᱯᱟᱭ ᱠᱟᱱᱟ?
अरे नहीं! मेरे पास अभी पैसे कम हैं, मैंने सोचा था कि मैं अपना बटुआ लाया हूँ। मैं इस सब के लिए भुगतान कैसे करूँगा?	ᱳᱦ ᱵᱟᱝ ! ᱤᱧᱟᱜ ᱱᱤᱭᱟᱹ ᱜᱷᱩᱲᱤᱨᱮ ᱠᱟᱹᱣᱰᱤ ᱨᱮᱭᱟᱜ ᱟᱱᱟᱴ, ᱤᱧ ᱫᱚᱧ ᱦᱩᱫᱤᱥ ᱟᱠᱟᱫᱟ ᱤᱧᱟᱜ ᱠᱟᱹᱣᱰᱤ ᱛᱷᱩᱞᱤᱧ ᱟᱹᱜᱩᱣᱟᱠᱟᱫᱟ ᱾ ᱱᱚᱣᱟ ᱡᱚᱛᱚ ᱠᱚ ᱞᱟᱹᱜᱤᱫ ᱤᱧ ᱫᱚ ᱪᱮᱠᱟᱛᱮ ᱠᱟᱹᱣᱰᱤᱧ ᱮᱢᱚᱜ ᱞᱟᱹᱜᱤᱫᱚᱜ ᱠᱟᱱᱟ ?
हाल ही में अंतरिक्ष अन्वेषण में हुई सभी तकनीकी सफलताओं के बारे में जानकर मुझे आश्चर्य हुआ।	ᱦᱟᱹᱞᱤᱜᱮ ᱡᱮᱜᱮᱫ ᱥᱮᱨᱢᱟ ᱠᱷᱚᱸᱫᱨᱚᱱ ᱨᱮ ᱡᱟᱦᱟ ᱠᱚ ᱯᱨᱚᱡᱩᱠᱛᱤ ᱟᱱᱟᱜ ᱞᱟᱦᱟᱱᱛᱤ ᱦᱩᱭ ᱟᱠᱟᱱᱟ ᱚᱱᱟ ᱵᱟᱵᱚᱫ ᱛᱮ ᱵᱟᱰᱟᱭ ᱠᱟᱛᱮᱫ ᱤᱧ ᱦᱟᱦᱟᱲᱟ ᱟᱠᱟᱱᱟ ᱾
इसके गहरे मैदानों के साथ, कैना नैशनल पार्क में, पहाड़ों, गहरे घाटों और तंग घाटीों से भरे मैदान पाए जाते हैं ।	ᱱᱚᱣᱟ ᱨᱮᱭᱟᱜ ᱜᱟᱹᱦᱤᱨ ᱵᱩᱨᱩ ᱠᱷᱟᱹᱫ,ᱫᱟᱜ ᱫᱩᱱᱩᱞ ᱟᱨ ᱫᱟᱹᱨᱭᱟᱹ ᱥᱟᱜᱣᱟᱱ ᱵᱤᱨ ᱥᱟᱶᱛᱮ, ᱯᱟᱱᱱᱟ ᱡᱟᱹᱛᱤᱭᱟᱹᱨᱤ ᱵᱟᱜᱣᱟᱱ ᱫᱚ ᱢᱩᱲᱩᱫ ᱞᱮᱠᱟᱛᱮ ᱢᱤᱫ ᱢᱮᱞᱟᱱ ᱚᱛᱮᱫ ᱠᱟᱱᱟ, ᱡᱟᱸᱦᱟᱨᱮ ᱵᱩᱨᱩ,ᱜᱟᱹᱦᱤᱨ ᱫᱷᱟᱥᱱᱟ ᱟᱨ ᱵᱩᱨᱩ ᱠᱷᱟᱹᱫ ᱛᱮ ᱯᱟᱥᱱᱟᱣ ᱟᱠᱟᱱ ᱥᱚᱢᱟᱱ ᱚᱛ ᱢᱮᱱᱟᱜᱼᱟ ᱾
और अध्यक्ष को 21-गिंग सलाम.	ᱟᱨ ᱒᱑ ᱜᱚᱴᱟᱝ ᱜᱟᱱ ᱥᱮᱞᱩᱴ ᱦᱚᱛᱮᱛᱮ ᱫᱤᱥᱟᱹᱢ ᱜᱚᱝᱠᱮ ᱥᱟᱢᱚᱨᱤᱠ ᱡᱚᱦᱟᱨ ᱵᱟᱰᱟᱭ ᱩᱪᱩ ᱦᱩᱭᱮᱱᱟ ᱾
तारकोव्स्की का 54 वर्ष की आयु में पेरिस में फेफड़ों के कैंसर से निधन हो गया।	ᱛᱟᱨᱚᱠᱳᱵᱷᱚᱥᱠᱤ ᱫᱚ ᱕᱔ ᱥᱮᱨᱢᱟ ᱩᱢᱮᱨ ᱨᱮ ᱯᱮᱹᱨᱤᱥ ᱨᱮ ᱯᱷᱩᱥ ᱯᱷᱩᱥ ᱨᱮᱭᱟᱜ ᱠᱮᱹᱱᱥᱟᱨ ᱛᱮᱭ ᱜᱚᱪ ᱞᱮᱱᱟ ᱾
मुझे नहीं पता	ᱮᱧ ᱫᱚ ᱵᱟᱝ ᱤᱧ ᱵᱟᱰᱟᱭᱟ
अटे हुए वसा ऐसे वसा हैं जो कमरे के तापमान में द्रव होते हैं ।	ᱵᱮᱜᱚᱨ ᱜᱟᱞᱟᱜ ᱞᱮᱠᱟᱱ ᱦᱚᱨᱛᱟ ᱫᱚ ᱚᱱᱟ ᱠᱚ ᱠᱟᱱᱟ ᱡᱟᱸᱦᱟ ᱫᱚ ᱚᱲᱟᱜ ᱨᱮᱭᱟᱜ ᱞᱚᱞᱚᱥᱚᱝ ᱛᱮ ᱞᱮᱦᱮᱨ ᱜᱮ ᱛᱟᱸᱦᱮᱱᱟ ᱾
सोरोरिटी की स्थापना 15 जनवरी 1908 को हॉवर्ड विश्वविद्यालय में हुई थी।	ᱥᱨᱳᱨᱤᱴᱤ ᱑᱕ ᱡᱟᱱᱩᱣᱟᱨᱤ, ᱑᱙᱐᱘ ᱥᱟᱞ ᱨᱮ ᱦᱟᱣᱟᱨᱰ ᱡᱮᱜᱮᱫᱵᱤᱨᱫᱟᱹᱜᱟᱲ ᱛᱷᱟᱯᱚᱱ ᱞᱮᱱᱟ ᱾
मैं यह चाहूंगा	ᱤᱧ ᱱᱚᱣᱟ ᱠᱩᱥᱤᱭᱟᱜ ᱠᱟᱱᱟᱹᱧ
फ़सल उत्पादन में काफी वृद्धि यह हो सकती है कि अतिरिक्त भूमि को स्वचालित आकार में लाया जाए और अच्छी फसलें प्रबंधन (बड़ा दर) और सुधार करें, जैसे कि उच्च-संत्र के प्रयोग, ऊर्जा- उत्पादन, और तनाव-से-न-से- बनावट, पोषण, और पोषण और पोषण को बेहतर बनाने के लिए.	ᱵᱟᱹᱲᱛᱤ ᱡᱩᱢᱤ ᱪᱟᱥ ᱨᱮᱭᱟᱜ ( ᱦᱚᱨᱤᱡᱚᱱᱴᱟᱞ ᱮᱯᱨᱳᱪ) ᱟᱨ ᱩᱛᱷᱱᱟᱹᱣ ᱟᱱ ᱯᱷᱚᱞᱚᱱ ᱵᱮᱵᱚᱥᱛᱟ (ᱵᱷᱟᱨᱴᱤᱠᱟᱞ ᱮᱯᱨᱳᱪ) ᱞᱟᱜᱟᱱᱠᱟᱹᱨᱤ ᱡᱮᱞᱮᱠᱟ ᱵᱦᱟᱜᱮ ᱯᱷᱚᱞᱚᱱᱟᱱ ᱤᱱᱯᱩᱴᱼᱯᱨᱚᱛᱤᱠᱨᱤᱭᱟᱥᱤᱞ, ᱫᱟᱲᱮᱼᱛᱟᱸᱦᱮᱱ ᱟᱨ ᱪᱟᱯᱼᱥᱟᱦᱟᱣ ᱟᱱ ᱡᱟᱹᱛ ᱠᱚ ᱵᱮᱣᱦᱟᱨ ᱛᱟᱞᱟᱛᱮ ᱯᱷᱚᱥᱚᱞ ᱟᱨᱡᱟᱣᱨᱮ ᱡᱚᱛᱦᱟᱛ ᱵᱟᱹᱲᱛᱤ ᱦᱩᱭ ᱫᱟᱲᱮᱭᱟᱜᱼᱟ ᱾ ᱵᱟᱛᱟᱱ, ᱟᱨ ᱥᱟᱱᱟᱢ ᱯᱷᱚᱥᱚᱞ ᱠᱚ ᱨᱮᱭᱟᱜ ᱯᱩᱥᱴᱤ ᱟᱨ ᱨᱩᱠᱷᱤᱭᱟᱹᱣ ᱾
मैं ऐसे समय में बड़ा हुआ जब लोग वास्तव में आमने-सामने मिलते थे और बातचीत का आनंद लेते थे।	ᱤᱧ ᱱᱚᱝᱠᱟᱱ ᱢᱤᱫ ᱚᱠᱛᱚ ᱨᱮᱧ ᱦᱟᱨᱟ ᱟᱠᱟᱱᱟ ᱡᱚᱠᱷᱚᱱ ᱢᱩᱲᱩᱫ ᱞᱮᱠᱟᱛᱮ ᱦᱚᱲᱠᱚ ᱥᱟᱢᱟᱝᱼᱥᱟᱢᱟᱝ ᱧᱟᱯᱟᱢ ᱠᱟᱛᱮ ᱨᱟᱹᱥᱠᱟᱹ ᱥᱟᱞᱟᱜ ᱠᱚ ᱨᱚᱯᱚᱲ ᱠᱟᱱ ᱛᱟᱦᱮᱸᱫ ᱾
यह काम ज़्यादातर अटकलें लगाकर किया जाता था ।	ᱦᱩᱭ ᱟᱠᱟᱱ ᱠᱟᱹᱢᱤ ᱵᱟᱹᱲᱛᱤ ᱥᱮᱭᱫᱷᱟᱱᱛᱤᱠ ᱛᱟᱦᱮᱸ ᱠᱟᱱᱟ, ᱢᱮᱱᱠᱷᱟᱱ ᱠᱟᱨᱭᱚᱠᱨᱟᱢ ᱫᱚ ᱫᱷᱚᱱᱩ ᱟᱠᱟᱥᱜᱚᱝᱜᱟ ᱠᱷᱚᱱ ᱵᱟᱱᱟᱣ ᱯᱨᱮᱪᱷᱟᱱ ᱨᱮᱱᱟᱜ ᱚᱱᱩᱠᱟᱨᱟᱱ ᱞᱟᱹᱜᱤᱫ ᱚᱞ ᱦᱩᱭ ᱞᱮᱱ ᱛᱟᱦᱮᱸ ᱠᱟᱱᱟ᱾
मेरे पास तिहत्तर पानी हैं।	ᱤᱧ ᱴᱷᱮᱱ ᱮᱭᱟᱭ ᱜᱮᱞ ᱯᱮ ᱜᱚᱴᱟᱝ ᱫᱟᱜ ᱢᱮᱱᱟᱜᱼᱟ ᱠᱚᱣᱟ।
नहीं, वे क्यों परेशान हो जाते?	ᱵᱟᱝ, ᱪᱮᱰᱟᱜ ᱠᱚ ᱟᱹᱲᱤᱥᱚᱜᱼᱟ ?
हमारे टैक्सी सेवा का उपयोग करने के लिए धन्यवाद.	ᱟᱭᱢᱟ ᱥᱟᱨᱦᱟᱣ ᱟᱞᱮᱭᱟᱜᱽ ᱠᱮᱵ ᱵᱮᱵᱚᱦᱟᱨ ᱞᱟᱹᱜᱤᱫᱽᱛᱮ ᱾
मुझे आशा है कि तुम सभी बॉली सड़क की यात्रा गीत है.	ᱤᱧ ᱟᱥᱚᱜ ᱠᱟᱱᱟ ᱟᱢᱴᱷᱮᱱ ᱥᱟᱱᱟᱢ ᱵᱚᱞᱤᱣᱩᱰ ᱨᱳᱰ ᱴᱨᱤᱯ ᱥᱮᱨᱮᱧ ᱠᱚ ᱢᱮᱱᱟᱜᱼᱟ ᱾
बाघ का गर्जन सिंह के पूरे गरजते हुए शब्द के समान नहीं है, पर उस से भी अधिक शब्द चिल्लाते हैं।	ᱛᱟᱹᱨᱩᱵᱟᱜ ᱠᱟᱨᱟᱡᱽ ᱫᱚ ᱠᱩᱞ ᱞᱮᱠᱟ ᱜᱚᱴᱟᱞ ᱟᱲᱟᱝ ᱫᱚ ᱵᱟᱝ ᱠᱟᱱ ᱛᱟᱭᱟ, ᱢᱮᱱᱠᱷᱟᱱ ᱟᱲᱟᱝᱼᱚᱜ ᱠᱟᱱ ᱢᱤᱫ ᱟᱹᱭᱟᱹᱛ ᱨᱮᱭᱟᱜ ᱟᱹᱲᱟᱹ ᱞᱮᱠᱟ᱾
आखिरकार, दरवाज़ा खुल गया ।	ᱢᱩᱪᱟᱹᱫ ᱦᱟᱹᱵᱤᱡ ᱛᱮ, ᱞᱚᱠᱰᱟᱣᱩᱱ ᱡᱷᱤᱡᱩᱜ ᱠᱟᱱᱟ ᱾
लॉक का 9 जून 1954 को न्यूयॉर्क शहर में निधन हो गया।	ᱞᱚᱠ ᱫᱚ ᱙ ᱡᱩᱱ, ᱑᱙᱕᱔ ᱥᱟᱞ ᱨᱮ ᱱᱤᱭᱩᱼᱤᱭᱚᱨᱠ ᱥᱟᱦᱟᱨ ᱨᱮᱭ ᱜᱚᱡ ᱞᱮᱱᱟ ᱾
व्यापक रूप से रिपोर्ट की गई एक रात जारी रही, जैसे कि कानून कवरों की सड़कों पर मौजूद नहीं थे।	ᱠᱚᱛᱷᱤᱛ ᱛᱳᱣᱨ ᱨᱮ ᱣᱭᱟᱯᱚᱠ ᱨᱩᱯ ᱠᱷᱚᱱ ᱞᱩᱴᱯᱟᱴ ᱧᱤᱫᱟᱹ ᱵᱷᱩᱨ ᱡᱟᱨᱤ ᱛᱟᱦᱮᱸᱭᱮᱱᱟ, ᱪᱮᱫᱟᱜ ᱥᱮ ᱠᱟᱱᱩᱱ ᱯᱨᱚᱣᱟᱨᱛᱟᱱ ᱟᱫᱷᱤᱠᱟᱨᱤ ᱵᱤᱥᱠᱮᱠ ᱨᱮᱱᱟᱜ ᱦᱚᱨ ᱨᱮ ᱢᱳᱡᱩᱫᱽ ᱵᱟᱝ ᱛᱟᱦᱮᱸ ᱠᱟᱱᱟ᱾
लेकिन मौजूदा नियम हैं, भुगतान एगर्मर ऑनलाइन या ई-मेरिक्स ट्रांजेक्शन के लिए लागू.	ᱱᱟᱦᱟᱜ ᱟᱹᱱ ᱨᱮᱫᱚ ᱮᱠᱟᱞ ᱜᱮ ᱚᱱᱞᱟᱭᱤᱱ ᱥᱮ ᱤ ᱠᱚᱢᱟᱨᱥ ᱞᱮᱱᱫᱮᱱ ᱜᱮ ᱯᱮᱢᱮᱱᱴ ᱵᱟᱠᱷᱨᱟᱛᱮ ᱮᱜᱽᱜᱨᱤᱜᱮᱴ ᱵᱟᱠᱷᱨᱟᱛᱮ ᱞᱟᱜᱩ ᱢᱮᱱᱟᱜᱼᱟ᱾
टीम ने हर दिन 5 घंटे अभ्यास किया लेकिन फिर भी वे टूर्नामेंट हार गए। मुझे लगता है कि वे जीतने के हकदार थे।	ᱫᱚᱞ ᱫᱚ ᱫᱤᱱᱟᱹᱢ ᱦᱤᱞᱚᱜ ᱕ ᱴᱟᱲᱟᱝ ᱠᱚ ᱯᱨᱮᱠᱴᱤᱥ ᱞᱮ ᱨᱮᱦᱚ ᱱᱤᱛᱦᱚᱸ ᱴᱩᱨᱱᱟᱢᱮᱱᱴ ᱠᱚ ᱦᱤᱨᱟᱹᱣ ᱟᱠᱟᱱᱟ ᱾ ᱤᱧ ᱢᱚᱱᱮᱭᱟ ᱩᱝᱠᱩ ᱫᱚ ᱡᱤᱛᱟᱹᱜ ᱨᱮᱱ ᱡᱳᱜᱢᱟᱱ ᱠᱟᱱᱟᱠᱩ ᱾
जैसा कि आप सभी जानते हैं, यह 5 जून है, जो विश्व पर्यावरण दिन के रूप में देखा जाता है.	ᱡᱚᱛᱚ ᱦᱚᱲᱯᱮ ᱵᱟᱰᱟᱭᱞᱮᱠᱟ, ᱛᱤᱦᱤᱧ ᱫᱚ ᱕ ᱡᱩᱱ ᱠᱟᱱᱟ, ᱡᱟᱦᱟᱸ ᱫᱚ ᱳᱣᱟᱨᱞᱰ ᱮᱱᱵᱷᱟᱭᱨᱚᱱᱢᱮᱱᱴ ᱰᱮ ᱞᱮᱠᱟᱛᱮ ᱢᱟᱱᱟᱜᱽᱠᱟᱱᱟ ᱾
ᱱᱩᱭ ᱫᱚ ᱤᱧ ᱨᱮᱱ ᱜᱟᱛᱮ ᱠᱟᱱᱟᱭ	यह मेरा दोस्त है
मेरे पास संतालीस शब्द हैं।	ᱤᱧ ᱴᱷᱮᱱ ᱯᱳᱱ ᱜᱮᱞ ᱮᱭᱟᱭ ᱜᱚᱴᱟᱝ ᱥᱚᱵᱚᱫ ᱢᱮᱱᱟᱜᱼᱟ ᱠᱚᱣᱟ।
हाँ, मैं गाना पसंद है.	ᱦᱮᱸ, ᱤᱧᱫᱚ ᱥᱮᱨᱮᱧ ᱤᱧ ᱠᱩᱥᱤᱭᱟᱜᱼᱟ ᱾
इन आयतों में, ज़ारार्ट स्पाकू की तरह बनने का चुनाव करता है, जिसे सबसे ज़्यादा इंसान का मन प्राप्त कर सकता है ।	ᱱᱚᱶᱟ ᱥᱞᱳᱠ ᱠᱚᱨᱮ, ᱡᱚᱨᱟᱛᱷᱨᱩᱥᱴᱨᱚ ᱥᱯᱮᱱᱴᱟ ᱢᱟᱭᱱᱩᱨ ᱞᱮᱠᱟᱱᱟᱜ ᱠᱷᱚᱱᱮ ᱵᱟᱪᱷᱟᱣᱼᱟ,ᱡᱟᱸᱦᱟᱭ ᱫᱚ ᱦᱚᱲᱟᱜ ᱢᱚᱱᱮ ᱧᱟᱢ ᱫᱟᱲᱮᱭᱟᱜ ᱞᱮᱠᱟᱱ ᱪᱮᱛᱟᱱ ᱩᱛᱟᱹᱨᱟᱱ ᱥᱟᱶᱛᱮᱭ ᱥᱚᱢᱟᱱ ᱜᱮᱭᱟ ᱾
इसमें बताया गया है कि यरूशलेम का भविष्य कैसा होगा, जो राष्ट्रों और यरदन घाटी दोनों के लिए पवित्र है ।	ᱟᱜᱟᱢ ᱯᱚᱱᱚᱛ ᱡᱮᱨᱩᱥᱮᱞᱚᱢ ᱨᱮᱭᱟᱜ ᱮᱴᱟᱜ ᱠᱟᱛᱷᱟ ᱠᱚ ᱢᱮᱥᱟ ᱦᱟᱠᱟᱱᱟ ᱡᱟᱦᱟᱸ ᱵᱟᱱᱟᱨ ᱫᱮᱥ ᱟᱨ ᱡᱳᱨᱰᱟᱱ ᱵᱷᱮᱞᱤ ᱤᱥᱩ ᱵᱟᱲᱮᱛᱮ ᱱᱟᱯᱟᱭᱚᱜ-ᱟ᱾
मेरे पति आज बहुत शराब पीकर घर आए। मुझे लगता है कि वह मुझे मारेंगे।	ᱤᱧᱨᱮᱱ ᱡᱟᱶᱟᱭ ᱫᱚ ᱟᱹᱰᱤ ᱵᱩᱞ ᱠᱟᱛᱮ ᱚᱲᱟᱜ ᱮ ᱦᱮᱪ ᱟᱠᱟᱱᱟ ᱾ ᱤᱧᱟᱹᱜ ᱢᱚᱱᱮ ᱦᱩᱭᱩᱜ ᱠᱟᱱᱟ ᱛᱮᱦᱮᱧ ᱤᱧ ᱮ ᱫᱟᱞᱮᱧᱟ ᱾
इसके बावजूद, भारतीय अर्थव्यवस्था आज भी मुश्‍किल - से - मुश्‍किल हो रही है ।	ᱡᱮᱜᱮᱫ ᱨᱮᱭᱟᱜ ᱚᱥᱛᱷᱤᱨ ᱦᱚᱭᱞᱚᱝ ᱨᱮᱦᱚᱸ ᱵᱷᱟᱨᱚᱛ ᱨᱮᱭᱟᱜ ᱠᱟᱣᱰᱤ ᱟᱨᱤ ᱨᱤᱦᱤᱴ ᱤᱫᱤᱜ ᱠᱟᱱᱟ ᱾
तो मैं अपने विद्यार्थियों को इस कार्यक्रम के बारे में बता सकते हैं.	ᱡᱟᱦᱟᱸᱛᱮ ᱫᱚ ᱤᱧ ᱟᱞᱮᱨᱮᱱ ᱯᱟᱹᱴᱷᱣᱟᱹᱠᱩ ᱱᱤᱭᱟᱹ ᱯᱨᱳᱜᱨᱟᱢ ᱵᱟᱵᱚᱫᱽᱧ ᱵᱟᱰᱟᱭ ᱩᱪᱩᱫᱟᱲᱮᱭᱟᱠᱩᱣᱟ ᱾
जी हाँ, दुल्हन और दूल्हा दोनों तरफ से 3 गवाहों के सामने अपनी शादी को पक्का करने के लिए ऑफिस में बुलाए जाते हैं ।	ᱦᱮᱸ, ᱡᱟᱶᱟᱭ ᱟᱨ ᱵᱟᱹᱦᱩ ᱵᱟᱱᱟᱨ ᱯᱟᱦᱴᱟ ᱨᱮᱱ ᱓ ᱦᱚᱲ ᱥᱟᱹᱠᱷᱤᱭᱟᱜ ᱦᱮᱡᱥᱮᱴᱮᱨ ᱨᱮ ᱩᱱᱠᱤᱱᱟᱜ ᱵᱟᱯᱞᱟ ᱨᱮᱭᱟᱜ ᱟᱠᱷᱟᱲᱟ ᱞᱟᱹᱜᱤᱫ ᱚᱯᱷᱤᱥ ᱨᱮ ᱠᱚ ᱦᱚᱦᱚᱣᱟᱜ ᱠᱤᱱᱟᱹ ᱾
वह 4 सेंट के साथ अमरीका में आया और उसके नाम की कविता की एक किताब, और चार्ल्स ब्रॆनर (उसकी पिछली नौकरी में उसके मैनेजर) से सिफारिश की एक चिट्ठी भी ।	ᱩᱱᱤᱫᱚ ᱟᱡᱟᱜ ᱧᱩᱛᱩᱢ ᱨᱮ ᱔ ᱥᱮᱸᱴᱥ, ᱚᱱᱚᱱᱦᱮ ᱨᱮᱭᱟᱜ ᱯᱚᱛᱚᱵ, ᱟᱨ ᱛᱷᱚᱢᱟᱹᱥ ᱮᱰᱤᱥᱚᱱ ᱠᱷᱚᱱ ᱪᱟᱨᱞᱥ ᱵᱮᱪᱞᱚᱨ (ᱯᱩᱭᱞᱩ ᱠᱟᱹᱢᱤ ᱨᱮ ᱟᱡᱤᱡ ᱢᱮᱱᱮᱡᱚᱨ ᱛᱟᱦᱮᱸ ᱠᱟᱱᱟᱭ) ᱠᱷᱚᱱ ᱥᱤᱯᱷᱟᱹᱨᱤᱥ ᱨᱮᱭᱟᱜ ᱢᱤᱫᱴᱟᱹᱝ ᱪᱤᱴᱷᱤ ᱟᱹᱜᱩ ᱠᱟᱛᱮ ᱟᱢᱮᱨᱤᱠᱟ ᱥᱮᱴᱮᱨ ᱞᱮᱱᱟᱭ᱾
कृपया मेरी दुकान बंद मत करो। मैं मामूली आय वाला एक छोटा फूल विक्रेता हूँ।	ᱫᱟᱭᱟ ᱠᱟᱛᱮᱫ ᱤᱧᱟᱜ ᱫᱳᱠᱟᱱ ᱟᱞᱚᱢ ᱵᱚᱱᱫᱚᱭᱟ ᱾ ᱤᱧ ᱫᱚ ᱛᱷᱚᱲᱟ ᱨᱳᱡᱜᱟᱨᱟᱱ ᱢᱤᱫ ᱦᱚᱲ ᱵᱟᱦᱟ ᱟᱹᱠᱷᱨᱤᱧᱤᱡ ᱠᱟᱹᱱᱟᱹᱧ ᱾
हाँ, अपनी माँ के पक्ष से.	ᱦᱮᱸ ᱟᱡ ᱟᱭᱳ ᱪᱮᱫ ᱠᱷᱚᱱ ᱾
उड़ान ओवरबुक थी और मुझे आखिरी मिनट तक स्टैंडबाय पर रखा गया था।	ᱯᱷᱞᱟᱭᱤᱴ ᱫᱚ ᱚᱵᱷᱟᱨᱵᱩᱠ ᱠᱚᱨᱟᱣ ᱦᱩᱭ ᱞᱮᱱᱟ ᱟᱨ ᱢᱩᱪᱟᱹᱫ ᱴᱤᱲᱤᱡ ᱦᱟᱹᱵᱤᱡ ᱤᱧ ᱫᱚ ᱮᱥᱴᱮᱱᱰᱵᱟᱭ ᱨᱮᱠᱚ ᱫᱚᱦᱚ ᱞᱮᱫᱤᱧᱟ ᱾
मेरे पास पंद्रह पेंसिल हैं।	ᱤᱧ ᱴᱷᱮᱱ ᱜᱮᱞ ᱢᱚᱬᱮ ᱜᱚᱴᱟᱝ ᱯᱮᱱᱥᱤᱞ ᱢᱮᱱᱟᱜᱼᱟ ᱠᱚᱣᱟ।
लेकिन उस वर्ष उनकी मृत्यु हो गई, और उन्होंने अपनी सबसे प्रसिद्ध कृति को कभी पूरा होते नहीं देखा।	ᱢᱮᱱᱠᱷᱟᱱ ᱩᱱᱤ ᱫᱚ ᱚᱱᱟ ᱥᱮᱨᱢᱟᱭ ᱜᱚᱪ ᱮᱱᱟ ᱟᱨ ᱟᱡᱟᱜ  ᱡᱚᱛᱚᱠᱷᱚᱱ ᱥᱚᱨᱮᱥ ᱠᱟᱹᱢᱤ ᱢᱩᱪᱟᱹᱫᱚᱜ ᱵᱟᱭ ᱧᱮᱞ ᱟᱠᱟᱫᱟ ᱾
ये ज्ञान अन्य विद्यार्थियों के लिए प्रेरणा का भी स्रोत हैं ।	ᱱᱤᱭᱟᱹ ᱥᱠᱚᱞᱟᱨᱥᱤᱯ ᱫᱚ ᱮᱴᱟᱜᱽ ᱯᱟᱹᱴᱷᱣᱟᱹ ᱠᱩ ᱞᱟᱹᱜᱤᱫᱽ ᱩᱫᱽᱜᱟᱹᱣᱟᱱᱟᱜᱽ ᱦᱚᱸ ᱠᱟᱱᱟ ᱾
हाँ, मैं पहले से ही अपने पासपोर्ट की वैधता की जाँच की है, और यह आप सिर्फ क्या कहा के साथ जुड़ा हुआ है.	ᱦᱮᱸ, ᱤᱧ ᱱᱮᱦᱟᱹᱞᱤᱜᱮ ᱤᱧᱟᱹᱜ ᱯᱟᱥᱯᱳᱴ ᱨᱮᱭᱟᱜ ᱟᱹᱨᱤᱭᱟᱱ ᱵᱤᱰᱟᱹᱣ ᱠᱟᱛᱮᱞᱮ ᱧᱮᱞᱟ, ᱟᱨ ᱟᱢ ᱡᱟᱦᱟᱸᱢ ᱢᱮᱱ ᱟᱠᱟᱫᱟ ᱚᱱᱟ ᱢᱟᱱᱟᱣ ᱠᱟᱛᱮ ᱪᱟᱞᱟᱜ ᱢᱮ ᱾
संगीत सीखने का सबसे आसान तरीक़ा क्या है?	ᱥᱮᱹᱨᱮᱹᱧ ᱥᱮᱬᱟᱭ ᱨᱮᱭᱟᱜ ᱟᱞᱜᱟ ᱦᱚᱨᱟ ᱫᱚ ᱪᱮᱫ ?
छत पर हर तरफ खाद और कीड़े-मकोड़े होने की वजह से भयानक बदबू आ रही है।	ᱴᱮᱨᱮᱥ ᱨᱮᱭᱟᱜ ᱥᱟᱱᱟᱢ ᱴᱷᱟᱶ ᱨᱮ ᱠᱷᱚᱫ ᱟᱨ ᱛᱤᱡᱩ ᱢᱮᱱᱟᱜ ᱠᱚᱛᱮ ᱟᱹᱰᱤ ᱵᱟᱹᱲᱤᱡ ᱥᱚ
साइबरफोबिया: साइबरफोबिया कंप्यूटर के साथ काम करने का एक डर है।	ᱥᱟᱭᱵᱟᱨ ᱯᱷᱳᱵᱤᱭᱟ ᱥᱟᱭᱵᱟᱨ ᱯᱷᱳᱵᱤᱭᱟ ᱫᱚ ᱦᱩᱭᱩᱜ ᱠᱟᱱᱟ ᱠᱚᱢᱯᱤᱭᱩᱴᱟᱨ ᱨᱮ ᱠᱟᱹᱢᱤᱭ ᱨᱮᱭᱟᱜ ᱵᱚᱛᱚᱨ ᱾
गुम्मट का ऊपरी भाग ईश्‍वर के लिए ख़ास स्थान था ।	ᱴᱟᱣᱟᱨ ᱪᱮᱛᱟᱱᱨᱮ ᱫᱷᱚᱨᱢᱚ ᱞᱟᱹᱜᱤᱫ ᱵᱤᱥᱮᱥ ᱟᱵᱷᱭᱟᱨᱚᱬᱭᱚ ᱛᱟᱦᱮᱸ ᱠᱟᱱᱟ᱾
नमस्ते रवि, मैंने परिणाम देखे और वे बहुत आशाजनक लग रहे हैं।	ᱮᱭ ᱨᱚᱵᱤ, ᱤᱧ ᱫᱚ ᱚᱨᱡᱚᱧ ᱧᱮᱞᱟᱠᱟᱫᱟ ᱟᱨ ᱚᱱᱟ ᱠᱩ ᱫᱚ ᱟᱹᱰᱤ ᱟᱥᱼᱟᱱᱟᱜ ᱜᱮ ᱧᱮᱞᱚᱜ ᱠᱟᱱᱟ ᱾
भारत में, बीफ़ॉन कप और अगामा खान विदेशों ने दस साल के अंदर शुरू किया ।	ᱵᱷᱟᱨᱚᱛᱨᱮ ᱵᱮᱭᱴᱚᱱ ᱠᱟᱯ ᱟᱨ ᱟᱜᱟ ᱠᱷᱟᱱ ᱴᱩᱨᱱᱟᱢᱮᱱᱴ ᱫᱚ ᱜᱮᱞ ᱥᱮᱨᱢᱟ ᱢᱩᱫᱨᱮ ᱮᱛᱚᱦᱚᱯᱞᱮᱱᱟ ᱾
उपासना के लिए स्थानों के संदर्भ में या प्रार्थना करने के लिए, Casongagagga का भी प्रयोग करता है, जो एक खाली छेद के साथ अपनी दीवार में एक खाली छेद को सूचित करता है।	ᱥᱮᱣᱟ ᱥᱮ ᱵᱤᱱᱛᱤᱨᱮᱭᱟᱜ ᱴᱷᱟᱣ ᱞᱮᱠᱟᱛᱮ, ᱠᱚᱯᱤᱛᱟᱭᱚᱱᱨᱮ ᱥᱟᱸᱜᱷᱟᱨ ᱯᱟᱹᱱᱟᱹᱨᱥᱤᱴᱟᱜ ᱦᱚᱸᱭ ᱵᱮᱵᱚᱦᱟᱨᱟᱠᱟᱫᱟ ᱳᱣᱟᱞᱤᱥᱳᱝᱜᱳ, ᱡᱟᱦᱟᱸ ᱫᱚ ᱦᱤᱱᱫᱩ ᱥᱮ ᱵᱚᱫᱫᱷᱚ ᱫᱷᱚᱨᱚᱢ ᱨᱮᱭᱟᱜ ᱪᱷᱚᱴᱟᱼᱟᱨᱥᱟᱞ ᱥᱮ ᱢᱩᱨᱛᱤ ᱵᱚᱫᱚᱞᱛᱮ ᱥᱟᱝ ᱦᱟᱝ ᱛᱟᱭᱟᱨ ᱪᱤᱱᱦᱟᱹᱞᱮᱠᱟ ᱵᱷᱤᱛᱨᱮ ᱢᱤᱫᱴᱟᱝ ᱠᱷᱟᱹᱞᱤ ᱜᱷᱟᱹᱰᱞᱩᱜᱽ ᱥᱟᱶ ᱢᱤᱫ ᱯᱩᱱᱼᱯᱩᱱᱠᱚᱱᱟᱣᱟᱱ ᱵᱮᱱᱟᱣᱟᱹᱨᱤᱭ ᱩᱫᱩᱜ ᱥᱚᱫᱚᱨᱟ ᱾
विदेशियों को Rss. H.OTAS पैकेज के लिए 700 पर आरोप लगाया जाएगा.	ᱠᱚᱢᱯᱳᱡᱤᱴ ᱯᱮᱠᱮᱡᱽ ᱞᱟᱹᱜᱤᱫ ᱵᱤᱞᱟᱹᱛᱤᱭᱟᱹ ᱴᱷᱮᱱ ᱠᱷᱚᱱ ᱗᱐᱐ ᱴᱟᱠᱟ ᱦᱟᱛᱟᱣ ᱦᱩᱭᱩᱜᱼᱟ ᱾
मेरे पास अट्ठाईस हाथी हैं।	ᱤᱧ ᱴᱷᱮᱱ ᱠᱩᱲᱤ ᱟᱨ ᱜᱚᱴᱟᱝ ᱦᱟᱛᱤ ᱢᱮᱱᱟᱜᱼᱟ ᱠᱚᱣᱟ।
प्रोग्रामिंग में डेटा प्रकार प्रोग्रामर को किसी डेटा पर ऑपरेशन करने की अनुमति देते हैं।	ᱯᱨᱳᱜᱨᱟᱢᱤᱝ ᱨᱮ ᱰᱟᱴᱟ ᱴᱟᱭᱤᱯ ᱫᱚ ᱯᱨᱳᱜᱨᱟᱢᱟᱨ ᱢᱤᱫᱴᱟᱝ ᱰᱟᱴᱟᱢᱮ ᱚᱯᱟᱨᱮᱥᱚᱱ ᱚᱪᱚᱣᱟᱭᱟ ᱾
मेक्सिको में 11 से 20,000 लोगों को मार डालने के द्वारा 70 बस 41 गेंदों में दौड़ता है ।	ᱨᱳᱵᱤᱱ ᱩᱛᱷᱯᱯᱟ ᱫᱚ ᱢᱚᱦᱚᱡ ᱔᱑ ᱜᱮᱸᱫᱟ ᱨᱮ ᱑᱑ ᱪᱟᱹᱣᱠᱟᱹ ᱟᱨ ᱒ ᱪᱷᱟᱠᱠᱟ ᱨᱮᱱᱟᱝ ᱜᱚᱲᱚ ᱛᱮ ᱗᱐ ᱨᱚᱱ ᱵᱮᱱᱟᱣ ᱠᱟᱛᱮ ᱯᱟᱹᱨᱤ ᱨᱮᱱᱟᱝ ᱥᱟᱣᱳᱨᱪ ᱥᱠᱚᱨ ᱵᱮᱱᱟᱣ ᱠᱮᱫᱟ᱾
उसी तरह, चाँद की तरह धरती पर भी एक लहर दौड़ रही है ।	ᱡᱮᱞᱮᱠᱟ ᱪᱟᱸᱫᱚ ᱚᱛ ᱨᱮ ᱢᱤᱫ ᱚᱨ ᱮ ᱟᱹᱜᱩ ᱮᱫᱼᱟ, ᱡᱽᱣᱟᱨ ᱨᱮᱱᱟᱜ ᱠᱟᱨᱚᱱ ᱮ ᱵᱮᱱᱟᱣ ᱮᱫᱼᱟ, ᱚᱱᱟᱛᱮ ᱢᱤᱞᱠᱤ ᱞᱮᱠᱟᱱ ᱚᱱᱟ ᱫᱷᱚᱱᱩ ᱟᱠᱟᱥᱜᱚᱝᱜᱟ ᱨᱮ ᱢᱤᱫ ᱫᱟᱲᱮ ᱞᱟᱜᱟᱣᱜᱼᱟ᱾
ज़रूर, मैं समझता हूँ.	ᱮᱠᱟᱞᱛᱮ, ᱤᱧ ᱵᱩᱡᱷ ᱫᱟᱲᱮᱭᱟᱫᱟ ᱾
एक जोखिम भरे जिम्नास्टिक रूटीन को अंजाम देने की तैयारी करते ही फातिमा की सांसें तेज हो गईं।	ᱢᱤᱫᱴᱟᱝ ᱡᱷᱩᱠᱤ ᱟᱱᱟᱜ ᱡᱤᱢᱱᱮᱹᱥᱴᱤᱠ ᱨᱩᱴᱤᱱ ᱯᱩᱨᱟᱹᱣ ᱞᱟᱹᱜᱤᱫ ᱯᱷᱟᱛᱤᱢᱟᱣᱟᱜ ᱥᱟᱦᱮᱫ ᱠᱚ ᱟᱹᱰᱤ ᱩᱥᱟᱹᱨᱟ ᱞᱮᱱ ᱛᱟᱭᱟ ᱾
और क्या मैं एक के लिए लागू करने की प्रक्रिया पता लगा सकता है?	ᱟᱨ ᱤᱧᱫᱚ ᱪᱮᱫ ᱢᱤᱫ ᱦᱚᱲ ᱞᱟᱹᱜᱤᱫ ᱟᱨᱫᱟᱥ ᱨᱮᱭᱟᱜ ᱦᱚᱨᱟᱧ ᱵᱟᱰᱟᱭ ᱫᱟᱲᱮᱭᱟᱜᱼᱟ ?
मुझे बस से घर वापस जाना बहुत पसंद है। यह सस्ता, आरामदायक है और मुझे नए लोगों से मिलने का मौका मिलता है।	ᱤᱧ ᱵᱟᱥᱛᱮ ᱚᱲᱟᱜ ᱨᱩᱣᱟᱹᱲᱤᱧ ᱠᱩᱥᱤᱭᱟᱜᱼᱟ ᱾ ᱚᱱᱟ ᱫᱚ ᱥᱟᱥᱛᱟ, ᱥᱩᱠᱷᱟᱱᱟᱜ ᱟᱨ ᱤᱧ ᱫᱚ ᱱᱟᱣᱟ ᱦᱚᱲᱠᱚ ᱥᱟᱸᱣᱤᱧ ᱧᱮᱯᱮᱞ ᱫᱟᱲᱮᱭᱟᱜᱼᱟ ᱾
इस प्रभाव का प्रभाव फिल्मों की संरचना में भी महसूस किया जाता है, जो अकसर ऐसे चित्र होते हैं जिन्हें भारतीय फिल्म पश्‍चिमी दर्शकों के लिए बहुत लंबा बना देती है ।	ᱱᱚᱣᱟ ᱮᱥᱮᱲ ᱫᱚ ᱪᱚᱞᱚᱛᱪᱤᱛᱟᱹᱨ ᱨᱮᱱᱟᱜ ᱵᱚᱨᱱᱚᱱᱟᱱᱟᱜ ᱜᱚᱲᱦᱚᱱ ᱠᱚᱨᱮ ᱦᱸᱚᱨᱚᱢᱚᱜᱼᱟ, ᱡᱟᱣᱜᱤ ᱫᱩᱠᱟᱱᱟᱜᱥᱟᱸᱣ ᱡᱟᱦᱟᱸ ᱞᱟᱹᱜᱤᱫ ᱛᱮ ᱵᱷᱟᱨᱚᱛᱤᱭᱟᱹ ᱪᱚᱞᱚᱛ ᱪᱤᱛᱟᱹᱨ ᱠᱩ ᱫᱚ ᱯᱟᱹᱪᱷᱤᱢᱟᱹ ᱧᱮᱧᱮᱞ ᱠᱩ ᱞᱟᱹᱜᱤᱫ ᱟᱹᱰᱤᱭ ᱡᱤᱞᱤᱧ ᱩᱪᱩᱭᱟ ᱾
संवाद एक-दूसरे शीर्षकों के माध्यम से प्रस्तुत किया गया था, जो अकसर अंग्रेजी में थे, और दो या तीन भारतीय भाषाओं में.	ᱜᱟᱞᱚᱪᱴᱟᱜ ᱫᱚ ᱵᱷᱤᱛᱟᱹᱨᱼᱥᱤᱨᱟᱹᱧᱩᱛᱩᱢ ᱦᱚᱛᱮᱛᱮ ᱩᱫᱩᱜ ᱥᱚᱫᱚᱨᱞᱮᱱᱟ, ᱡᱟᱦᱟᱸ ᱫᱚ ᱯᱨᱟᱭ ᱜᱤ ᱤᱝᱜᱞᱤᱥ ᱛᱮ ᱟᱨ ᱵᱟᱨ ᱯᱮ ᱜᱚᱴᱮᱱ ᱵᱷᱟᱨᱚᱛᱤᱭᱟᱹ ᱯᱟᱹᱨᱥᱤᱛᱮ ᱛᱟᱦᱮᱸᱠᱟᱱᱟ ᱾
उन्होंने 1951 में कैलिफोर्निया विश्वविद्यालय, लॉस एंजिल्स से अध्ययन किया।	ᱩᱱᱤ ᱫᱚ ᱠᱮᱹᱞᱤᱯᱷᱳᱨᱱᱤᱭᱟ ᱡᱮᱜᱮᱫ ᱵᱤᱨᱫᱟᱹᱜᱟᱲ, ᱞᱚᱥ ᱮᱧᱡᱮᱞᱮᱥ, ᱨᱮ ᱑᱙᱕᱑ ᱥᱟᱞ ᱨᱮᱭ ᱯᱟᱲᱦᱟᱣ ᱞᱮᱱᱟ ᱾
दूसरे मामलों में, हेलीकाप्टर को केवल सहज रूप से इस्तेमाल किया गया है और प्रक्षेपास्त्रों को हथियार के रूप में इस्तेमाल किया गया है.	ᱮᱴᱟᱜ ᱠᱷᱮᱛᱨᱚ ᱨᱮ, ᱦᱮᱞᱤᱠᱚᱯᱴᱟᱨ ᱥᱩᱢᱩᱝ ᱟᱱᱫᱟᱡ ᱞᱟᱹᱜᱤᱫ ᱟᱨ ᱦᱟᱹᱛᱤᱭᱟᱹᱨ ᱦᱤᱥᱟᱹᱵᱛᱮ ᱨᱚᱠᱮᱴᱼᱞᱮᱠᱟᱱᱟᱜ ᱴᱚᱨᱯᱮᱰᱚ ᱵᱮᱣᱦᱟᱨ ᱦᱩᱭᱩᱜ ᱠᱟᱱᱟ ᱾
यदि आप मछली पसंद करते हैं, तो Taram से दसगा मछली भोजन आपके प्रिय हो जाएगा.	ᱟᱢ ᱡᱩᱫᱤ ᱦᱟᱠᱩᱢ ᱠᱩᱥᱤᱭᱟᱜᱼᱟ, ᱮᱱᱠᱷᱟᱱ ᱟᱥᱟᱢ ᱨᱮᱭᱟᱜ ᱴᱮᱝᱜᱟ ᱦᱟᱠᱩ ᱨᱮᱱᱟᱜ ᱡᱚᱢᱟᱜ ᱟᱢ ᱠᱩᱥᱤᱜ ᱞᱮᱠᱟᱱ ᱦᱩᱭᱩᱜᱼᱟ ᱾
गिनती: आठ।	ᱞᱮᱠᱷᱟ: ᱟᱨ।
इस पार्क में करीब 19,,500 किलोमीटर का इलाका है और इसमें 14 अलग - अलग किस्म के पेड़ हैं, जो अलग - अलग किस्म के जंगली जानवर हैं ।	ᱯᱟᱨᱠ ᱫᱚ ᱑᱙,᱕᱐᱐ ᱠᱤᱢᱤ᱒ ᱟᱢᱮᱴᱟᱠᱟᱫᱟᱭ ᱟᱨ ᱑᱔ ᱡᱩᱫᱟᱹᱼᱡᱩᱫᱟᱹ ᱮᱠᱳᱡᱚᱱ ᱨᱮ ᱦᱟᱹᱴᱤᱧ ᱢᱮᱱᱟᱜᱼᱟ, ᱥᱟᱱᱟᱢ ᱡᱩᱫᱟᱹᱼᱡᱩᱫᱟᱹ ᱵᱤᱨ ᱡᱤᱭᱟᱹᱞᱤ ᱢᱮᱱᱟᱜ ᱠᱚᱣᱟ᱾
जब भी पुलिस को उस अपराध के आरोपी कार्य के बारे में कोई जानकारी मिलती है जो कोरीफ़्य है, तो FIR को रजिस्टर करने का एक कर्तव्य है ।	ᱡᱚᱠᱷᱚᱱ ᱜᱮ ᱡᱟᱸᱦᱟᱱ ᱠᱟᱹᱭ ᱠᱚᱢᱤᱥᱚᱱ ᱵᱟᱨᱮᱛᱮ ᱞᱟᱹᱭ ᱟᱠᱟᱫ ᱯᱩᱞᱤᱥᱴᱷᱮᱱ ᱡᱟᱸᱦᱟᱱ ᱰᱚᱜᱚᱨ ᱠᱚ ᱧᱟᱢᱚᱜᱼᱟ ᱡᱟᱸᱦᱟᱫᱚ ᱧᱟᱢᱚᱜ ᱞᱮᱠᱟᱱᱟᱜ ᱠᱟᱱᱟ,ᱩᱱᱜᱮ ᱮᱯᱷᱟᱭᱟᱨ ᱚᱞ ᱨᱮᱭᱟᱜ ᱫᱟᱹᱭᱤᱠ ᱢᱮᱱᱟᱜᱼᱟ ᱾
अधिकांश युद्ध दक्षिण में लड़ा गया था।	ᱡᱟᱹᱥᱛᱤ ᱞᱟᱹᱲᱦᱟᱹᱭ ᱜᱮ ᱫᱚᱠᱠᱷᱤᱱ ᱨᱮ ᱦᱩᱭ ᱞᱮᱱᱟ ᱾
मुझे लगता है कि वहाँ आप पर एक जीवित धारा थी.	ᱤᱧ ᱢᱚᱱᱮᱞᱮᱫᱟ ᱤᱭᱩᱴᱤᱭᱩᱵᱨᱮ ᱢᱤᱫ ᱞᱟᱭᱤᱵᱷ ᱥᱴᱨᱤᱢ ᱢᱮᱱᱟᱜᱼᱟ ᱾
यह राहुल है।	ᱦᱟᱭ, ᱱᱟᱢᱚᱱ ! ᱤᱧ ᱫᱚ ᱨᱟᱦᱩᱞ ᱾
हाँ, मुझे बताओ कि तुम क्या जानना चाहते हो?	ᱦᱮᱸ, ᱞᱟᱹᱭᱟᱹᱧ ᱢᱮ ᱟᱢ ᱪᱮᱫᱽ ᱵᱟᱰᱟᱭᱮᱢ ᱠᱷᱚᱡᱽ ᱠᱟᱱᱟ ?
आपने आज कुछ नहीं खाया है फिर भी आपका शुगर स्तर सामान्य है!	ᱟᱢ ᱫᱚ ᱛᱮᱦᱮᱧ ᱪᱮᱫ ᱦᱚᱸ ᱵᱟᱢ ᱡᱚᱢ ᱟᱠᱟᱫᱟ ᱢᱮᱱᱠᱷᱟᱱ ᱟᱢᱟᱜ ᱥᱩᱜᱟᱨ ᱨᱮᱭᱟᱜ ᱢᱟᱛᱨᱟ ᱫᱚ ᱥᱟᱵᱷᱟᱵᱤᱠ ᱜᱮᱭᱟ !
कृपया जल्दबाजी न करें। कार को ठीक करने और आपको हमारे ग्राहक के रूप में बनाए रखने के लिए हमें एक और मौका दें (मैकेनिक)।	ᱫᱟᱭᱟ ᱠᱟᱛᱮ ᱟᱞᱚᱢ ᱟᱹᱴᱩᱯᱟᱹᱴᱩᱼᱟ ᱾ ᱜᱟᱹᱰᱤ ᱴᱷᱤᱠ ᱨᱮᱭᱟᱜ ᱟᱨ ᱟᱢ ᱟᱞᱮᱨᱮᱱ ᱜᱟᱦᱟᱨ ᱞᱮᱠᱟᱛᱮ ᱥᱟᱵ ᱫᱚᱦᱚ ᱨᱮᱭᱟᱜ ᱟᱨ ᱢᱤᱴᱟᱝ ᱫᱟᱣ ᱮᱢᱟᱞᱮᱢ ᱾ (ᱢᱮᱠᱟᱱᱤᱠ)
मैदान पर कुछ खिलाड़ियों के खेल भावना के विपरीत व्यवहार से मुझे घिन आ रही है।	ᱜᱚᱰᱟᱨᱮ ᱠᱤᱪᱷᱩ ᱠᱷᱮᱞᱳᱰᱤᱭᱟᱹ ᱠᱚᱣᱟᱜ ᱵᱟᱹᱲᱤᱡ ᱵᱮᱵᱚᱦᱟᱨ ᱨᱮ ᱤᱧ ᱫᱚ ᱟᱹᱰᱤᱧ ᱟᱹᱲᱤᱥ ᱟᱠᱟᱱᱟ ᱾
अपने मार्गदर्शन के लिए बहुत बहुत धन्यवाद.	ᱟᱢ ᱫᱤᱥᱟᱹ ᱩᱫᱩᱜ ᱞᱟᱹᱜᱤᱫ ᱟᱭᱢᱟ ᱥᱟᱨᱦᱟᱣ ᱾
वे सोचते हैं कि DRM कॉपीराइट कानूनों की अनुमति से अधिक नकल करना कठिन बना देता है।	ᱩᱱᱠᱩ ᱠᱚ ᱢᱚᱱᱮᱭᱟ ᱡᱮ ᱰᱤ ᱟᱨ ᱮᱢ ᱠᱚᱯᱤᱨᱟᱭᱤᱴ ᱟᱹᱱ ᱥᱟᱹᱠᱭᱟᱹᱛ ᱠᱷᱚᱱ ᱠᱚᱯᱤ ᱠᱚᱨᱟᱣ ᱫᱚᱭ ᱟᱡᱷᱟᱴ ᱟᱠᱟᱫᱟᱭ ᱾
सैन फ्रांसिस्को बेयर बेयर बेयर खाड़ी को ओकलैंड, आलालैंड, खाड़ी फार्मो, दक्षिण सैन फ्रांसिस्को, और उत्तर में है ।	ᱥᱟᱱᱯᱷᱨᱟᱱᱥᱤᱥᱠᱳ ᱨᱮᱭᱟᱜ ᱩᱯᱟᱹᱥᱟᱹᱢᱩᱫ ᱨᱮᱭᱟᱜ ᱞᱟᱹᱣᱠᱟᱹ ᱪᱟᱞᱟᱜᱼᱟ ᱯᱷᱮᱨᱤ ᱵᱤᱞᱰᱤᱝ ᱟᱨ ᱯᱤᱭᱟᱨ ᱓᱙ ᱠᱷᱚᱱ ᱳᱠᱞᱮᱱᱰ, ᱟᱞᱟᱢᱮᱰᱟ, ᱵᱮ ᱯᱷᱟᱨᱢ ᱟᱭᱞᱮᱱᱰ, ᱫᱟᱹᱠᱷᱤᱱ ᱥᱟᱱ ᱯᱷᱨᱟᱱᱥᱤᱥᱠᱳ ᱨᱮᱭᱟᱜ ᱠᱤᱪᱷᱩ ᱡᱟᱭᱜᱟ ᱟᱨ ᱩᱛᱛᱟᱹᱨᱨᱮ ᱥᱳᱞᱟᱱᱳ ᱠᱟᱣᱩᱱᱴᱤ ᱨᱮᱭᱟᱜ ᱵᱷᱟᱞᱮᱦᱳ ᱫᱷᱟᱹᱵᱤᱡᱽ ᱾
वाह! मैंने पहले कभी किसी को इतना मजाकिया नहीं देखा!	ᱟᱹᱰᱤ ᱱᱟᱯᱟᱭ ! ᱱᱩᱱᱟᱹᱜ ᱨᱟᱹᱥᱠᱟᱹᱣᱟᱱ ᱡᱟᱦᱟᱭ ᱞᱟᱦᱟᱨᱮ ᱵᱟᱹᱧ ᱧᱮᱞᱟᱠᱟᱫ ᱠᱚᱣᱟ !
आज के व्यापारों में बहुत - से मज़दूर काम करते हैं ।	ᱛᱮᱦᱮᱧ ᱛᱤᱱᱟᱹᱜ ᱥᱤᱢᱤ ᱱᱟᱦᱟᱜ ᱵᱮᱯᱟᱨ ᱠᱚᱨᱮ ᱠᱟᱹᱢᱤ ᱠᱚᱨᱟᱣᱜ ᱠᱟᱱᱟ᱾ ᱥᱮᱭᱯᱤ, ᱥᱤᱢᱤ ᱡᱟᱭᱜᱟ ᱨᱮ ᱯᱚᱨᱭᱟᱴᱚᱱ ᱢᱤᱫᱴᱟᱝ ᱞᱟᱠᱛᱤᱭᱟᱱ ᱚᱨᱡᱚ ᱠᱟᱱᱟ᱾
हमें खुशी हुई कि आपने हमारे रेस्टोरेंट को चुना। यह कैसा था? (रेस्टोरेंट प्रबंधक)।	ᱟᱞᱮᱞᱮ ᱨᱟᱹᱥᱠᱟᱹ ᱟᱠᱟᱱᱟ ᱡᱮ ᱟᱢ ᱟᱞᱮᱭᱟᱜ ᱨᱮᱥᱴᱩᱨᱮᱱᱴ ᱮᱢ ᱵᱟᱪᱷᱟᱣ ᱟᱠᱟᱫᱟ ᱾ ᱪᱮᱫ ᱞᱮᱠᱟ ᱛᱟᱦᱮᱸ ᱠᱟᱱᱟ ? (ᱨᱮᱥᱴᱩᱨᱮᱱᱴ ᱢᱮᱱᱮᱡᱟᱨ)
कमाल है! युवराज ने आखिरी ओवर में लगातार तीन छक्के जड़े और हमारी टीम जीत गई।	ᱦᱟᱦᱟᱲᱟᱣᱟᱱᱟᱜ ! ᱡᱩᱵᱳᱨᱟᱡ ᱫᱚ ᱢᱩᱪᱟᱹᱫ ᱳᱵᱷᱟᱨ ᱨᱮ ᱵᱮᱠ ᱴᱩ ᱵᱮᱠ ᱯᱮ ᱜᱚᱴᱟᱝ ᱪᱷᱚᱠᱠᱟᱭ ᱫᱟᱞ ᱠᱮᱫᱟ ᱟᱨ ᱟᱞᱮᱭᱟᱜ ᱫᱚᱞ ᱫᱚ ᱡᱤᱛᱠᱟᱹᱨ ᱟᱠᱟᱱᱟ ᱾
तुम किस गाँव से हो?	ᱚᱠᱟ ᱟᱛᱩᱨᱮᱱ ᱠᱟᱱᱟᱢ
मेरे पास सात पेन हैं।	ᱤᱧ ᱴᱷᱮᱱ ᱮᱭᱟᱭ ᱜᱚᱴᱟᱝ ᱯᱮᱱ ᱢᱮᱱᱟᱜᱼᱟ ᱠᱚᱣᱟ।
Kugger नैशनल पार्क (के.WP) उत्तर अफ्रीका के उत्तर की ओर है और उत्तर, जिम्बाबवे, उत्तर में जिम्बाबवे के सीमा के साथ चला जाता है, और दक्षिणी सीमा है दरिया नदी है.	ᱠᱨᱩᱜᱟᱨ ᱡᱟᱹᱛᱤᱭᱟᱹᱨᱤ ᱯᱟᱨᱠ (ᱠᱮᱹᱮᱱᱹᱯᱤᱹ) ᱫᱟᱠᱷᱤᱱ ᱟᱯᱷᱨᱤᱠᱟ ᱨᱮᱱᱟᱜ ᱩᱛᱛᱨᱤ ᱨᱮᱱᱟᱜ ᱥᱟᱢᱟᱝ ᱥᱮᱦᱮᱫ ᱨᱮ ᱢᱮᱱᱟᱜᱼᱟ ᱟᱨ ᱥᱟᱢᱟᱝ ᱥᱮᱦᱮᱫ ᱨᱮ ᱢᱚᱡᱟᱢᱵᱤᱠ ᱨᱮᱱᱟᱜ ᱥᱤᱢᱟ ᱥᱟᱶ ᱢᱮᱱᱟᱜᱼᱟ, ᱩᱛᱛᱨᱤ ᱨᱮ ᱡᱤᱢᱵᱟᱣᱮ, ᱟᱨ ᱫᱟᱠᱷᱤᱱ ᱥᱤᱢᱟ ᱢᱟᱸᱜᱟᱲ ᱜᱟᱰᱟ ᱢᱮᱱᱟᱜᱼᱟ᱾
प्राचीन मिस्र, फारस और चीन में शौचालय भी थे ।	ᱦᱤᱛᱟᱹᱞᱤᱭᱟᱹ ᱢᱤᱥᱨᱚ, ᱯᱷᱟᱨᱥᱤ ᱟᱨ ᱪᱤᱱ ᱨᱮ ᱦᱚᱸ ᱥᱚᱪᱟᱞᱚᱭ ᱛᱮᱦᱮᱸ ᱞᱮᱱᱟ᱾ ᱨᱟᱢᱟᱹᱱ ᱥᱚᱵᱷᱭᱚᱛᱟ ᱨᱮ, ᱥᱚᱪᱟᱞᱚᱭ ᱛᱤᱥᱚᱜ ᱥᱟᱨᱣᱚᱡᱚᱱᱤᱠ ᱩᱢᱚᱲᱟᱜ ᱨᱮᱭᱟᱜ ᱦᱟᱹᱴᱤᱧ ᱛᱟᱦᱮᱸᱱ ᱠᱟᱱ ᱛᱟᱦᱮᱸᱡ ᱡᱟᱦᱟᱸᱭ ᱨᱮ ᱠᱚᱲᱟ ᱟᱨ ᱠᱩᱲᱤ ᱠᱚ ᱢᱤᱫ ᱥᱟᱶ ᱛᱮ ᱛᱟᱦᱮᱸᱱ ᱠᱟᱱ ᱛᱟᱦᱮᱸᱡ ᱠᱚ᱾
मेरे पास पंद्रह दूध हैं।	ᱤᱧ ᱴᱷᱮᱱ ᱜᱮᱞ ᱢᱚᱬᱮ ᱜᱚᱴᱟᱝ ᱫᱩᱫᱷ ᱢᱮᱱᱟᱜᱼᱟ ᱠᱚᱣᱟ।
मुझे डर है कि अगर उसने आज खाना नहीं खाया तो वह भूख से मर जाएगा।	ᱤᱧ ᱵᱚᱛᱚᱨᱚᱜ ᱠᱟᱱᱟ ᱡᱮ ᱩᱱᱤ ᱛᱮᱦᱤᱧ ᱵᱟᱭ ᱡᱚᱢ ᱞᱮᱠᱷᱟᱱ ᱵᱤᱱ ᱡᱚᱢᱛᱮᱜᱮᱭ ᱜᱩᱡᱩᱜᱼᱟ ᱾
सामकी ड्राइव के किनारे हैमरा हरोफ़, मिशन खाड़ी और मध्य ऑकलैंड में स्टोफ़ोफ़ों में।	ᱛᱚᱢᱟᱠᱤ ᱰᱨᱟᱭᱤᱵᱷ ᱥᱟᱹᱢᱩᱫ ᱟᱲᱮ ᱣᱮᱴᱣᱢᱟᱴᱟ ᱦᱟᱨᱵᱨ ᱨᱮ ᱢᱮᱱᱟᱜᱼᱟ, ᱡᱟᱦᱟᱸᱴᱟᱜ ᱢᱤᱥᱚᱱ ᱠᱷᱟᱲᱤ ᱨᱮᱭᱟᱜ ᱚᱯᱢᱟᱨᱠᱮᱴ ᱡᱚᱜᱽᱱᱟᱜᱽᱨᱟᱦᱟ ᱨᱮ ᱛᱟᱞᱟ ᱚᱠᱞᱮᱸᱰ ᱨᱮ ᱥᱮᱱᱴ ᱦᱮᱞᱤᱭᱟᱨᱥ ᱢᱮᱱᱟᱜᱼᱟ᱾
आपसे मिलकर अच्छा लगा	ᱟᱢ ᱥᱟᱶ ᱧᱟᱯᱟᱢ ᱠᱟᱛᱮ ᱠᱩᱥᱤ ᱮᱱᱟᱹᱧ
मुझे बताओ कि तुम क्या देखते हो?	ᱞᱟᱹᱭ ᱢᱮ ᱟᱢ ᱪᱮᱫ ᱮᱢ ᱧᱮᱞ ᱮᱫᱟ ?
जल्दी तैयार हो जाओ! मैंने तुमसे कहा था कि अगर हम देर से गए तो हमें सीटें नहीं मिलेंगी।	ᱞᱚᱜᱚᱱ ᱛᱮᱭᱟᱨᱚᱜ ᱢᱮ ! ᱤᱧ ᱟᱢᱤᱧ ᱞᱟᱹᱭᱟᱫ ᱢᱮ ᱛᱟᱦᱮᱸ ᱠᱟᱱᱟ ᱡᱩᱫᱤ ᱟᱵᱚ ᱫᱚ ᱵᱚᱱ ᱵᱤᱞᱚᱢᱟ ᱛᱚᱵᱮ ᱟᱵᱚ ᱫᱚ ᱥᱤᱴ ᱵᱟᱵᱚᱱ ᱧᱟᱢᱟ ᱾
ये अंक जीवित थे और कहानी को समझने में मदद करते थे ।	ᱥᱠᱳᱨ ᱫᱚ ᱞᱟᱭᱤᱵᱷ ᱛᱟᱦᱮᱸ ᱠᱟᱱᱟ ᱟᱨ ᱟᱠᱠᱷᱟᱱ ᱫᱚ ᱱᱟᱴᱚᱠ ᱠᱚᱨᱟᱣ ᱞᱟᱜᱤᱫ ᱜᱚᱲᱚᱭ ᱮᱢ ᱞᱮᱫᱟ ᱾
सचमुच, नकारात्मक भूमिकाओं को प्रदर्शित करना आसान नहीं है, लेकिन जोश से छुटकारा मिलता है!	ᱥᱟᱹᱨᱤ ᱜᱮ ! ᱱᱮᱛᱤᱵᱟᱪᱚᱠ ᱪᱩᱨᱤᱛᱨᱮ ᱯᱟᱴ ᱫᱚ ᱵᱟᱝ ᱟᱞᱜᱟᱼᱟ ᱢᱮᱱᱠᱷᱟᱱ ᱡᱳᱥᱤ ᱪᱮᱫ ᱰᱮᱞᱤᱵᱷᱟᱨᱤ ᱟᱭ !
मेरे पास बीस सात मुर्गी हैं।	ᱤᱧ ᱴᱷᱮᱱ ᱠᱩᱲᱤ ᱮᱭᱟᱭ ᱜᱚᱴᱟᱝ ᱢᱩᱠᱨᱤ ᱢᱮᱱᱟᱜᱼᱟ ᱠᱚᱣᱟ।
जब भी मैं बोर होता हूँ, तो यूट्यूब देखता हूँ। लेकिन इन दिनों देखने लायक कुछ भी दिलचस्प नहीं है।	ᱡᱚᱠᱷᱚᱱ ᱜᱤ ᱤᱧ ᱟᱹᱲᱤᱥᱚᱜᱼᱟ, ᱤᱭᱩᱴᱤᱭᱩᱵᱤᱧ ᱧᱮᱞᱟ ᱾ ᱢᱮᱱᱠᱷᱟᱱ ᱛᱮᱦᱮᱧ ᱜᱟᱯᱟ ᱧᱮᱞ ᱞᱮᱠᱟᱱ ᱨᱤᱡᱷᱟᱹᱣᱟᱱᱟᱜ ᱡᱟᱦᱟᱱᱟᱜ ᱵᱟᱹᱱᱩᱜᱼᱟ ᱾
हम पर्यावरण के लिए ज़्यादा मैत्रीपूर्ण जीना शुरू कर सकते हैं, हम पर्यावरण आंदोलन में शामिल हो सकते हैं, और हम भी कुछ हद तक भविष्य में होनेवाली दुःख - तकलीफों को कम करने के लिए कार्यकर्ता बन सकते हैं ।	ᱟᱵᱚ ᱯᱟᱨᱭᱟᱣᱟᱨᱟᱱ ᱞᱟᱹᱜᱤᱫ ᱵᱟᱹᱲᱛᱤ ᱟᱱᱩᱠᱩᱞ ᱛᱟᱦᱮᱱ ᱨᱮᱱᱟᱜ ᱵᱚ ᱮᱛᱚᱦᱚᱵ ᱫᱟᱲᱮᱭᱟᱜᱼᱟ, ᱟᱵᱚ ᱯᱟᱨᱭᱟᱣᱟᱨᱟᱱ ᱟᱱᱫᱚᱞᱚᱱ ᱨᱮ ᱢᱮᱥᱟ ᱫᱟᱲᱮᱭᱟᱜᱼᱟ ᱵᱚᱱ, ᱟᱨ ᱟᱵᱚ ᱠᱤᱪᱷᱩ ᱦᱟᱫᱽ ᱦᱟᱹᱵᱤᱡ ᱟᱜᱟᱢ ᱨᱮᱱᱟᱜ ᱯᱤᱲᱟ ᱠᱚ ᱠᱚᱢ ᱞᱟᱹᱜᱤᱫ ᱠᱟᱹᱢᱤᱭᱟᱱ ᱦᱚᱸ ᱵᱚ ᱦᱩᱭ ᱫᱟᱲᱮᱭᱟᱜᱼᱟ᱾
आपकी पसंदीदा मंज़िल क्या है?	ᱡᱟᱦᱟᱸᱭᱮᱱ ᱜᱮ, ᱟᱢᱟᱜ ᱠᱩᱥᱤᱭᱟᱜ ᱡᱚᱥᱼᱴᱷᱟᱶ ᱫᱚ ᱪᱮᱫ ᱠᱟᱱᱟ ?
इस बीमारी के बारे में संयुक्‍त राष्ट्र के एक विशेषज्ञ, डेन्येल एलने ने कहा कि इसकी शुरूआत शांतिवादी लोगों ने की थी ।	ᱰᱮᱱᱤᱭᱮᱞ ᱞᱟᱱᱴᱮᱜᱽᱱᱮ, UN ᱵᱮᱢᱟᱨ ᱮᱠᱥᱯᱟᱹᱨᱴ, ᱢᱮᱱ ᱠᱮᱜᱼᱟᱭ ᱵᱮᱢᱟᱨᱤ ᱫᱚ ᱯᱤᱥᱠᱤᱯᱚᱨ ᱴᱷᱮᱱ ᱠᱷᱚᱱ ᱯᱟᱥᱱᱟᱣ ᱠᱟᱱᱟ᱾
और मैं अपने काम स्थगित रखने की कोशिश नहीं की.	ᱟᱨ ᱤᱧ ᱨᱤᱠᱟᱹᱭᱟ ᱤᱧᱟᱹᱜ ᱠᱟᱹᱢᱤ ᱡᱟᱦᱟᱸᱛᱮ ᱵᱟᱝ ᱥᱟᱨᱮᱡᱽ ᱛᱟᱦᱮᱱ ᱾
अनुपमा मैडम की कक्षा में बैठना हमेशा सबसे मजेदार होता था। हम कहानियाँ, चुटकुले और नाटक पढ़ते थे और आनंद लेते थे।	ᱚᱱᱩᱯᱟᱢᱟ ᱢᱟᱪᱮᱫᱟᱹᱱᱤᱭᱟᱜ ᱠᱞᱟᱥ ᱫᱚ ᱥᱟᱱᱟᱢ ᱚᱠᱛᱚ ᱜᱮ ᱡᱚᱛᱚ ᱠᱷᱚᱱ ᱠᱷᱤᱞᱰᱩ ᱨᱮᱭᱟᱜ ᱠᱞᱟᱥ ᱛᱟᱦᱮᱸᱠᱟᱱᱟ ᱡᱟᱦᱟ ᱨᱮᱫᱚ ᱟᱵᱩ ᱫᱩᱲᱩᱵ ᱠᱟᱛᱮᱫ ᱠᱟᱹᱦᱱᱤ, ᱞᱟᱸᱫᱟ ᱢᱮᱥᱠᱚᱡ ᱟᱨ ᱜᱟᱭᱟᱱ ᱵᱚᱱ ᱯᱟᱲᱦᱟᱣ ᱠᱟᱱ ᱛᱟᱦᱮᱠᱟᱱᱟ ᱟᱨ ᱵᱚᱱ ᱨᱟᱹᱥᱠᱟᱹ ᱠᱟᱱ ᱛᱟᱦᱮᱠᱟᱱᱟ ᱾
ईलोरा गुफा की 16वीं गुफा है ।	ᱤᱞᱳᱨᱟ ᱫᱚ ᱜᱩᱦᱟ ᱠᱚ ᱨᱮᱭᱟᱜ ᱑᱖ ᱟᱱᱟᱜ ᱜᱩᱦᱟ ᱠᱟᱱᱟ, ᱠᱳᱭᱞᱟᱥᱱᱟᱛᱷ ᱫᱚ ᱦᱩᱭᱩᱜ ᱠᱟᱱᱟ ᱨᱟᱥᱴᱨᱚᱠᱩᱴ ᱨᱟᱡᱽᱵᱚᱝᱥᱚ ᱚᱠᱛᱮ ᱨᱮ ᱵᱮᱱᱟᱣ ᱟᱠᱟᱱᱟ ᱟᱨ ᱥᱤᱵ ᱵᱚᱸᱜᱟ ᱥᱳᱯᱨᱳᱫ ᱟᱠᱟᱱ ᱢᱤᱫᱴᱟᱝ ᱫᱷᱤᱨᱤ ᱜᱚᱲᱦᱚᱱ ᱾
जर्मनों ने उत्तरी फ्रांस में लगभग साठ लाख बारूदी सुरंगें बिछाईं।	ᱡᱟᱨᱢᱟᱱ ᱠᱚᱫᱚ ᱩᱛᱛᱟᱹᱨ ᱯᱷᱨᱟᱱᱥ ᱨᱮ ᱯᱨᱟᱭ ᱛᱩᱨᱩᱭ ᱢᱤᱞᱤᱭᱚᱱ ᱢᱟᱭᱤᱱ ᱠᱚ ᱫᱚᱦᱚ ᱚᱴᱚ ᱞᱮᱫᱟ ᱾
राजधानी नीम्स थी जो अलाइंस और उज़ेस के साथ बदलती रहती थी।	ᱨᱟᱡᱽᱜᱟᱲ ᱫᱚ ᱛᱟᱦᱮᱸ ᱠᱟᱱᱟ ᱟᱞᱟᱭᱤᱥ ᱟᱨ ᱩᱡᱮᱥ ᱥᱟᱞᱟᱜ ᱞᱮᱛᱟᱲᱜᱮ ᱱᱟᱭᱤᱢᱚᱥ ᱾
तुम इतने अनुशासनहीन क्यों हो? क्या एक परीक्षा में पढ़ना और अंक लाना इतना कठिन है?	ᱪᱮᱫᱟᱜ ᱟᱢ ᱫᱚ ᱱᱩᱱᱟᱹᱜ ᱵᱮᱜᱚᱨ ᱟᱹᱨᱤᱭᱟᱱ ᱫᱚ ? ᱢᱤᱫ ᱵᱤᱰᱟᱹᱣ ᱨᱮ ᱯᱟᱲᱦᱟᱣ ᱟᱨ ᱥᱠᱳᱨ ᱠᱚᱨᱟᱣ ᱫᱚ ᱪᱮᱫ ᱱᱩᱱᱟᱹᱜ ᱜᱮ ᱢᱩᱥᱠᱤᱞ ?
मैं अधिकतर अपने समूह के साथ सप्ताहांत के दौरान बाहर जाना.	ᱤᱧ ᱟᱹᱰᱤ ᱚᱠᱛᱚᱜᱮ ᱦᱟᱯᱛᱟᱨᱮ ᱤᱧᱟᱹᱜ ᱜᱟᱫᱮᱞ ᱥᱟᱶᱛᱮᱧ ᱳᱰᱳᱠᱚᱜᱼᱟ ᱾
यह हताशा और क्रोध जैसी भावनाओं को जन्म दे सकता है।	ᱱᱚᱶᱟ ᱫᱚ ᱞᱮᱵᱷᱲᱮᱪᱚ ᱟᱨ ᱨᱟᱹᱜᱤ ᱞᱮᱠᱟᱱ ᱦᱟᱦᱲᱟᱜ ᱥᱮᱫ ᱮ ᱤᱫᱤ ᱫᱟᱲᱮᱭᱟᱜᱼᱟ  ᱾
इस लेख में चीन के बारे में चर्चा की गई थी, जिसमें १९८९ के तिबिरियान वर्ग हत्या, अध्यक्ष माओ ज़ाँंग की सांस्कृतिक क्रांति, हांगकांग की लड़ाई, और Xinagang और तिब्बत में नृजातीय तनाव भी शामिल थे।	ᱚᱱᱚᱞᱠᱚ ᱛᱟᱦᱮᱸᱠᱟᱱᱟ ᱑᱙᱘᱙ ᱨᱮ ᱛᱤᱭᱟᱱᱟᱢᱮᱱ ᱟᱰᱮ ᱯᱟᱥᱮ ᱡᱚᱜ ᱨᱮᱭᱟᱜ, ᱥᱚᱵᱷᱟ ᱜᱚᱝᱠᱮ ᱢᱟᱣ ᱡᱮᱫᱚᱝ ᱨᱮᱱ ᱞᱟᱠᱪᱟᱨ ᱞᱟᱲᱟᱣᱮᱱᱟ, ᱜᱚᱱᱛᱚᱱᱛᱨᱚ ᱞᱟᱹᱜᱤᱫ ᱦᱚᱝᱠᱚᱝ ᱨᱮ ᱞᱟᱹᱲᱦᱟᱹᱭ ᱟᱨ ᱥᱤᱱᱡᱤᱭᱟᱝ ᱟᱨ ᱛᱤᱵᱵᱚᱛᱨᱮ ᱡᱟᱹᱛᱤ ᱟᱹᱨᱤ ᱵᱟᱝ ᱠᱚ ᱦᱚᱲ ᱞᱮᱠᱟ ᱪᱤᱱᱨᱮ ᱵᱚᱱᱫᱷᱚ ᱞᱮᱠᱷᱟ ᱦᱩᱭ ᱥᱟᱛᱟᱢᱠᱚ ᱛᱟᱞᱢᱟ ᱞᱮᱫᱟ᱾
इसके क्या फायदे हैं?	ᱯᱚᱲᱛᱟ ᱫᱚ ᱪᱮᱫ ?
श्री बॉलीमम के रूप में जाने किसी ने हमें उसकी उपस्थिति के साथ अनुग्रहित किया है।	ᱢᱨᱹ ᱵᱟᱞᱟᱥᱩᱵᱨᱟᱢᱟᱱᱤᱟᱢ ᱞᱮᱠᱟᱱ ᱟᱹᱠᱤᱞᱟᱱ ᱢᱤᱫᱽᱦᱚᱲ ᱩᱱᱤᱭᱟᱜ ᱦᱟᱹᱡᱤᱨ ᱦᱚᱛᱮᱛᱮ ᱟᱵᱩᱭ ᱥᱟᱨᱦᱟᱣᱟᱠᱟᱫᱽᱵᱩᱱᱟ ᱾
उसे फोन मत दो। अगर उसने मेरा कोई हास्यास्पद वीडियो रिकॉर्ड कर लिया, तो मैं अपने सभी फॉलोअर्स खो सकता हूँ।	ᱩᱱᱤ ᱟᱞᱚᱢ ᱯᱷᱳᱱᱟᱭᱟ ᱾ ᱡᱩᱫᱤ ᱩᱱᱤ ᱤᱧᱟᱜ ᱢᱤᱫᱴᱟᱝ ᱢᱚᱡᱟᱣᱟᱱ ᱵᱷᱤᱰᱤᱭᱳᱭ ᱨᱮᱠᱚᱨᱰᱼᱟᱹ ᱛᱟᱦᱚᱞᱮ ᱤᱧ ᱫᱚ ᱤᱧᱨᱮᱱ ᱡᱚᱛᱚ ᱧᱮᱧᱮᱞᱤᱭᱟᱹ ᱠᱚᱧ ᱟᱫ ᱫᱟᱲᱮᱭᱟᱠᱚᱣᱟ ᱾
उसने पुरुषों के कपड़े पहनना शुरू कर दिया और बंदूक चलाना सीख लिया।	ᱩᱱᱤ ᱫᱚ ᱠᱚᱲᱟ ᱠᱚᱣᱟᱜ ᱫᱚᱛᱚ ᱦᱚᱨᱚᱜ ᱮ ᱮᱛᱚᱦᱚᱵ ᱞᱮᱫᱟ ᱟᱨ ᱵᱩᱱᱫᱩᱠ ᱴᱩᱴᱤᱭ ᱥᱮᱲᱟ ᱞᱮᱫᱟ ᱾
कास्त्रो मैक्सिको गए, जहां उनकी मुलाकात अर्नेस्टो ग्वेरा से हुई।	ᱠᱟᱥᱛᱨᱳ ᱢᱮᱥᱠᱤᱠᱳᱭ ᱞᱟᱪᱟᱣ ᱞᱮᱱᱟ, ᱡᱟᱸᱦᱟᱨᱮ ᱩᱱᱤ ᱟᱨᱱᱮᱥᱛᱳ ᱜᱩᱦᱮᱵᱷᱟ ᱥᱟᱞᱟᱜ ᱮ ᱧᱮᱯᱮᱞ ᱞᱮᱱᱟ ᱾
बयालीस	ᱯᱳᱱ ᱜᱮᱞ ᱵᱟᱨ
उन्होंने कहा कि एक परिवार कालर बीमा खरीदा।	ᱩᱱᱤᱫᱚ ᱢᱤᱫ ᱜᱷᱟᱸᱨᱚᱡᱤᱭᱟᱹ ᱯᱷᱞᱳᱴᱟᱨ ᱵᱤᱢᱟᱹᱭ ᱠᱤᱨᱤᱧ ᱟᱠᱟᱫ ᱛᱟᱦᱮᱸ ᱾
हो सकता है कि मैं उनके घर पर चूल्हा जलता हुआ छोड़ आया हूँ। अगर घर में आग लग गई तो वे मुझे डांटेंगे।	ᱤᱧ ᱦᱩᱭᱫᱟᱲᱮᱭᱟᱜᱼᱟ ᱩᱱᱠᱩᱣᱟᱜ ᱚᱲᱟᱜ ᱠᱩᱰᱟᱹᱢ ᱥᱮᱡ ᱨᱮ ᱥᱴᱳᱵᱷ ᱤᱧ ᱵᱟᱹᱜᱤ ᱚᱴᱚ ᱟᱠᱟᱫᱟ ᱾ ᱚᱲᱟᱜ ᱨᱮ ᱥᱮᱸᱜᱮᱸᱞ ᱞᱟᱜᱟᱣ ᱞᱮᱱᱠᱷᱟᱱ ᱩᱱᱠᱩ ᱤᱧ ᱠᱚ ᱮᱜᱮᱨᱤᱧᱟᱹ ᱾
मैं सोने पर इसके बारे में सुनूँगा.	ᱜᱤᱛᱤᱡᱽ ᱚᱠᱛᱮ ᱚᱱᱟ ᱵᱟᱵᱚᱫᱤᱧ ᱟᱸᱡᱚᱢᱟ ᱾
निजी ब्याज दर सामान्यतः १०५० प्रतिशत और २४% के बीच भिन्‍न हो सकती है ।	ᱯᱟᱨᱥᱳᱱᱟᱞ ᱞᱳᱱ ᱨᱮᱭᱟᱜ ᱥᱩᱫ ᱦᱟᱨ ᱑᱐ᱹ᱕᱐% ᱟᱨ ᱒᱔ % ᱢᱩᱫᱨᱮ ᱵᱚᱫᱚᱞ ᱫᱟᱲᱮᱭᱟᱜᱼᱟ ᱾
सड़सठ	ᱛᱩᱨᱩᱭ ᱜᱮᱞ ᱮᱭᱟᱭ
कुछ लेआउट प्रोग्रामों में टेक्स्ट के अलावा छवियों के लिए भी स्टाइल शीट शामिल होती हैं।	ᱠᱤᱪᱷᱩ ᱞᱮ ᱟᱣᱩᱴ ᱯᱨᱳᱜᱨᱟᱢ ᱨᱮ ᱴᱮᱠᱥᱴ ᱪᱷᱟᱰᱟ ᱦᱚᱸ ᱪᱤᱛᱟᱹᱨ ᱞᱟᱹᱜᱤᱫ ᱥᱴᱟᱭᱤᱞ ᱥᱤᱴ ᱵᱷᱚᱨᱟᱣ ᱛᱟᱦᱮᱱᱟ ᱾
मुझे खेल खेलना बहुत पसंद है और मेरे माता-पिता ने मुझे ऐसे स्कूल में डाला जहाँ खेलना अनिवार्य था।	ᱤᱧ ᱫᱚ ᱠᱷᱮᱞᱚᱰᱤᱧ ᱠᱩᱥᱤᱭᱟᱜᱼᱟ ᱟᱨ ᱤᱧ ᱨᱮᱱ ᱟᱭᱳ ᱵᱟᱵᱟ ᱱᱚᱝᱠᱟᱱ ᱢᱤᱫᱴᱟ ᱵᱤᱨᱫᱟᱹᱜᱟᱲ ᱨᱮᱠᱤᱱ ᱵᱷᱩᱨᱛᱤ ᱠᱤᱫᱤᱧᱟ ᱡᱟᱦᱟᱸ ᱨᱮ ᱠᱷᱮᱞᱚᱰ ᱫᱚ ᱵᱚᱲᱦᱮᱭᱟᱱᱟᱜ ᱛᱟᱦᱮᱸ ᱠᱟᱱᱟ ᱾
यु. 600 से 1000 के बीच बनाया गया था ।	ᱱᱚᱶᱟ ᱠᱚᱫᱚ ᱖᱐᱐ ᱟᱨ ᱑᱐᱐᱐ ᱥᱤᱤ ᱢᱩᱫᱽᱨᱮ ᱵᱮᱱᱟᱣ ᱟᱠᱟᱱᱟ, ᱤᱞᱳᱨᱟ ᱜᱩᱦᱟ ᱫᱚ ᱑᱐᱐ ᱜᱚᱴᱟᱝ ᱦᱤᱱᱫᱩ, ᱡᱳᱭᱱᱚ ᱟᱨ ᱵᱳᱣᱫᱷᱚ ᱜᱩᱦᱟᱛᱮ ᱵᱮᱱᱟᱣ ᱟᱠᱟᱱᱟ, ᱡᱟᱦᱟᱸᱠᱚ ᱢᱩᱫᱽᱨᱮ ᱓᱔ ᱜᱚᱴᱟᱝ ᱫᱚ ᱧᱮᱧᱮᱞ ᱠᱚ ᱞᱟᱹᱜᱤᱫ ᱫᱚ ᱡᱷᱤᱡ ᱜᱮᱭᱟ ᱾
सभी बातों पर विचार किया है, हम चकित नहीं होना चाहिए अगर हमारे अपने पूर्वजों ने उनकी "संयोग समस्या का समाधान किया" कुछ ही तरह से कि आज Scraps पर ऊर्जा.	ᱡᱚᱛᱚ ᱞᱮᱠᱟᱱᱟᱜ ᱠᱟᱛᱷᱟ ᱵᱤᱪᱟᱹᱨ ᱦᱩᱭᱩᱜ ᱫᱚᱨᱠᱟᱨ, ᱠᱷᱟᱱ ᱟᱞᱮ ᱦᱟᱦᱟᱲᱟ ᱵᱟᱝ ᱞᱮ ᱫᱚᱨᱠᱟᱨᱚᱜᱼᱟ ᱡᱩᱫᱤ ᱟᱵᱚᱨᱤᱱ ᱦᱟᱯᱲᱟᱢᱠᱚ ᱟᱠᱚᱣᱟᱜ "ᱯᱨᱚᱴᱤᱱ ᱟᱱᱟᱴ" ᱠᱚ ᱠᱤᱪᱷᱩᱜᱟᱱ ᱠᱚ ᱚᱱᱟ ᱞᱮᱠᱟᱛᱮ ᱥᱚᱞᱦᱮ ᱞᱮᱫᱟ ᱡᱮᱞᱮᱠᱟ ᱛᱮᱦᱮᱧ ᱥᱟᱵᱷᱟᱱᱱᱟ ᱨᱮ ᱥᱤᱢᱯᱟᱱᱡᱤ ᱠᱚ ᱠᱚᱨᱟᱣ ᱮᱫᱟI
यह आम तौर पर पिदीनी नहीं थी, जिसे म्युला अदालत से अधिकारी मिले थे ।	ᱤᱥᱞᱟᱢᱤᱠ ᱵᱟᱝᱞᱟ ᱩᱱᱤᱭᱟᱜ ᱢᱤᱦᱤ ᱥᱩᱛᱤ ᱨᱮᱭᱟᱜ ᱠᱤᱡᱨᱤᱡ ᱟᱨ ᱥᱟᱹᱲᱤ ᱟᱨᱡᱟᱣ, ᱵᱤᱥᱮᱥ ᱠᱟᱛᱮ ᱡᱟᱢᱫᱟᱱᱤᱞᱟᱹᱜᱤᱫ ᱧᱩᱛᱩᱢᱟᱱ, ᱡᱟᱦᱟ ᱢᱩᱜᱷᱚᱞ ᱫᱚᱨᱵᱲᱨ ᱠᱷᱚᱱ ᱦᱩᱠᱩᱢᱱᱟᱢᱟ ᱧᱟᱢ ᱞᱮᱱᱟ᱾
इस प्रक्रिया का विवरण हमारे तैयार किए गए व्यक्‍ति से पहुँचा जा सकता है, कृपा से इसे देखिए ।	ᱦᱚᱨᱟ ᱨᱮᱭᱟᱜ ᱵᱤᱪᱷᱱᱟᱹᱣ ᱵᱚᱨᱱᱚᱱ ᱟᱞᱮᱭᱟᱜ ᱵᱮᱱᱟᱣ ᱞᱮᱠᱷᱟ ᱠᱷᱚᱱ ᱮᱠᱥᱮᱥ ᱦᱩᱭ ᱫᱟᱲᱮᱭᱟᱜᱼᱟ, ᱫᱟᱭᱟᱠᱟᱛᱮ ᱱᱚᱣᱟ ᱧᱮᱞᱢᱮ ᱾
उन्होंने किसी से फोरकेरे को बास वायल (एक प्रकार का वाद्य यंत्र) सिखाने के लिए कहा।	ᱩᱱᱤ ᱫᱚ ᱡᱟᱸᱦᱟᱭ ᱜᱮ ᱯᱷᱚᱠᱳᱨᱮᱭ ᱫᱚ ᱵᱮᱥ ᱵᱷᱟᱭᱳᱞ ᱥᱮᱬᱟᱣᱟᱭ ᱮ  ᱢᱮᱛᱟᱫᱠᱚ ᱛᱟᱦᱮᱸ ᱾
मेरे सभी प्रिय विद्यार्थियों को सुप्रभात.	ᱥᱟᱹᱜᱩᱱ ᱥᱮᱛᱟᱜ ᱤᱧᱨᱮᱱ ᱥᱟᱱᱟᱢ ᱫᱩᱞᱟᱹᱲᱤᱭᱟᱹ ᱯᱟᱹᱴᱷᱣᱟᱹᱠᱚ ᱾
एमहर्स्ट, वर्जीनिया: एमहर्स्ट अमेरिकी राज्य वर्जीनिया का एक शहर है।	ᱟᱢᱦᱟᱨᱥᱴᱚ , ᱵᱷᱟᱨᱡᱤᱱᱤᱭᱟ ᱟᱢᱦᱟᱨᱥᱴ ᱢᱟᱨᱠᱤᱱ ᱡᱩᱠᱛᱚ ᱨᱟᱥᱴᱨᱚ ᱨᱮᱭᱟᱜ ᱵᱷᱟᱡᱤᱱᱤᱭᱟ ᱯᱚᱱᱚᱛ ᱨᱮᱭᱟᱜ ᱢᱤᱫᱴᱟᱝ ᱥᱟᱦᱟᱨ ᱾
मैडम, धन्यवाद, तुम हमें यह पिछले वर्ग में से अधिकांश सिखाया.	ᱥᱟᱨᱦᱟᱣ ᱜᱮ, ᱢᱟᱪᱮᱛᱟᱱᱤ, ᱞᱟᱦᱟ ᱠᱞᱟᱥ ᱨᱮᱭᱟᱜ ᱟᱢ ᱟᱢᱮᱜᱮᱢ ᱥᱮᱸᱲᱟ ᱟᱠᱟᱫ ᱞᱮᱭᱟ ᱾
कक्षा के घंटों के दौरान जब मैडम हमें सिखाती है कि मैं अध्यायों को असल घटना के साथ कनेक्ट करने की कोशिश करती हूं और मेरे मन में एक चित्र बना देती हूँ.	ᱠᱞᱟᱥ ᱪᱟᱞᱟᱜ ᱚᱠᱛᱚ ᱡᱚᱠᱷᱚᱱ ᱢᱟᱪᱮᱛᱟᱱᱤ ᱟᱞᱮᱭ ᱯᱚᱲᱦᱚᱱ ᱠᱚᱭ ᱯᱟᱲᱦᱟᱣ ᱞᱮᱭᱟ ᱩᱱᱫᱚ ᱤᱧ ᱱᱚᱶᱟᱠᱚ ᱥᱟᱨᱤᱭᱟ ᱪᱤᱛᱟᱹᱨ ᱥᱟᱶᱛᱮ ᱡᱚᱯᱲᱟᱣ ᱨᱮᱭᱟᱜ ᱤᱧ ᱨᱤᱠᱟᱹᱭᱟ ᱟᱨ ᱟᱨ ᱤᱧᱟᱹᱜ ᱢᱚᱱᱨᱮ ᱪᱤᱛᱟᱹᱨ ᱵᱮᱱᱟᱣ ᱨᱮᱭᱟᱜ ᱤᱧ ᱨᱤᱠᱟᱹᱭᱟ ᱾
मेरे पास पंद्रह चिड़िया हैं।	ᱤᱧ ᱴᱷᱮᱱ ᱜᱮᱞ ᱢᱚᱬᱮ ᱜᱚᱴᱟᱝ ᱪᱤᱲᱤᱡ ᱢᱮᱱᱟᱜᱼᱟ ᱠᱚᱣᱟ।
सभी मैं लोगों को कहते हैं कि हम आप के साथ जिस तरह से व्यवहार करते हैं.	ᱤᱧ ᱦᱚᱲ ᱠᱚ ᱠᱷᱟᱹᱞᱤ ᱱᱤᱱᱟᱹᱜ ᱤᱧ ᱢᱮᱛᱟ ᱠᱚ ᱠᱟᱱᱟ ᱡᱮ ᱟᱯᱮ ᱟᱞᱮ ᱥᱟᱞᱟᱜ ᱱᱚᱠᱟ ᱜᱮ ᱵᱮᱵᱷᱟᱨ ᱯᱮ ᱡᱮᱞᱠᱟ ᱟᱞᱮ ᱟᱞᱮ ᱥᱟᱶ ᱞᱮ ᱠᱚᱨᱟᱣᱮᱫᱟ᱾
हम सब जानते हैं कि एक व्यक्‍ति जो चुनाव में अपना चुनाव फेंकता है उसे वोट डालकर वोट दिया जाता है।	ᱟᱵᱚ ᱥᱟᱱᱟᱢ ᱠᱚ ᱵᱚᱱ ᱵᱟᱰᱟᱭᱼᱟ ᱡᱮ ᱡᱟᱦᱟᱸᱭ ᱦᱚᱲ ᱵᱟᱪᱷᱱᱟᱣ ᱨᱮ ᱵᱷᱳᱴ ᱮ ᱮᱢᱼᱟ ᱩᱱᱤ ᱜᱮ ᱵᱷᱳᱴᱟᱨ ᱠᱚ ᱢᱮᱛᱟᱭᱟ ᱾
वह 1892 में क्वींसलैंड संसद के लिए चुने गए थे।	ᱩᱱᱤ ᱫᱚ ᱑᱘᱙᱒ ᱥᱟᱞ ᱨᱮ ᱠᱩᱭᱱᱥᱞᱮᱹᱱᱰ ᱯᱟᱨᱞᱟᱢᱮᱱᱴ ᱨᱮᱭ ᱵᱟᱪᱷᱱᱟᱣ ᱞᱮᱱᱟ ᱾
सन्‌ 1951 में, "एक बल्ब के साथ लेडी" स्टार नेथ नेबुना हिला ।	᱑᱙᱕᱑ ᱨᱮ "ᱫᱟ ᱞᱮᱰᱤ ᱩᱭᱤᱛᱷ ᱟ ᱞᱮᱢᱷᱯ" ᱨᱮᱭ ᱚᱵᱷᱤᱱᱚᱭ ᱞᱮᱫᱟ ᱮᱱᱟ ᱱᱤᱜᱚᱞ ᱾
एला अल-डिन हसन ने गुप्त क्षेत्र में एक विध्वंसकारी हमला शुरू किया और अपनी राजधानी को निकाल दिया, हालांकि वह Selms द्वारा हार गया था, जो तेजी से तेज़ वृद्धि रोक दी.	ᱟᱞ ᱚᱞᱼᱫᱤᱱ ᱦᱩᱥᱮᱱ ᱜᱚᱡᱱᱚᱵᱷᱤ ᱴᱚᱴᱷᱟᱨᱮ ᱢᱤᱫ ᱱᱟᱥᱟᱣᱟᱱᱟᱜ ᱥᱟᱝᱜᱷᱟᱨ ᱪᱟᱞᱟᱣᱠᱟᱛᱮ ᱩᱝᱠᱩᱣᱟᱜ ᱨᱟᱡᱜᱟᱲᱮ ᱫᱷᱝᱥᱚ ᱠᱮᱫᱟ, ᱪᱮᱫᱟᱜᱽᱥᱮ ᱥᱮᱞᱡᱩᱠᱨᱮᱱ ᱴᱷᱮᱱ ᱩᱱᱤᱭᱟᱜ ᱦᱤᱨᱟᱹᱣ ᱫᱚ ᱵᱮᱜᱵᱟᱱ ᱜᱷᱩᱨᱤᱭᱟᱜ ᱵᱚᱸᱥ ᱛᱷᱚᱲᱟ ᱜᱷᱟᱹᱲᱤᱡᱽ ᱞᱟᱹᱜᱤᱫᱼᱮ ᱛᱷᱤᱨᱞᱮᱫᱟ ᱾
मुझे उन तारीखों के टिकट नहीं मिल सके जिनकी मैं तलाश कर रहा था।	ᱤᱧ ᱡᱟᱦᱟᱸ ᱢᱟᱹᱦᱤᱛ ᱠᱚᱧ ᱛᱚᱞᱟᱥ ᱞᱮᱫᱟ ᱤᱧ ᱚᱱᱟ ᱞᱟᱹᱜᱤᱫ ᱴᱤᱠᱤᱴ ᱵᱟᱹᱧ ᱧᱟᱢ ᱟᱠᱟᱫᱟ ᱾
यह खिलाड़ियों को हवा के माध्यम से उपकरण को खिसकाकर और वीडियो खेलों को नियंत्रित करने की अनुमति देगा.	ᱱᱚᱣᱟ ᱫᱚ ᱠᱷᱮᱞᱚᱸᱰᱤᱭᱟᱹ ᱠᱚ ᱦᱚᱭ ᱛᱟᱞᱟ ᱛᱮ ᱰᱤᱵᱷᱟᱭᱤᱥ ᱦᱟᱸᱛᱮᱼᱱᱟᱸᱛᱮ ᱠᱟᱛᱮ ᱵᱷᱤᱰᱤᱭᱚ ᱜᱮᱢᱥ ᱨᱮᱭᱟᱜ ᱠᱟᱹᱢᱤᱦᱚᱨᱟ ᱟᱨ ᱦᱟᱞᱪᱟᱞ ᱠᱚ ᱪᱟᱪᱞᱟᱣ ᱨᱮᱭᱟᱜ ᱫᱟᱣ ᱮ ᱮᱢᱟ ᱠᱚᱣᱟ᱾
फिर भी, अधिकारियों से सलाह लीजिए, सभी चिन्हों का पालन कीजिए, और सुरक्षा चेतावनियों पर ध्यान दीजिए ।	ᱮᱱᱰ ᱨᱮᱦᱚᱸ, ᱚᱫᱷᱤᱠᱟᱹᱨᱤ ᱠᱷᱚᱱ ᱥᱚᱞᱟᱦ ᱤᱫᱤ ᱢᱮ ᱡᱷᱚᱛᱚ ᱥᱚᱝᱠᱮᱛ ᱨᱮᱭᱟᱜ ᱯᱟᱞᱚᱱ ᱠᱚᱨᱟᱣ ᱢᱮ, ᱟᱨ ᱨᱩᱠᱷᱤᱭᱟᱹ ᱪᱮᱛᱟᱣᱱᱤ ᱪᱮᱛᱟᱱ ᱨᱮ ᱫᱷᱭᱟᱱ ᱮᱢ ᱢᱮ᱾
परिषद के पदाधिकारी और सदस्य मानद आधार पर कार्य करते हैं।	ᱯᱚᱨᱤᱥᱚᱫ ᱨᱮᱱ ᱦᱩᱫᱟᱹᱟᱱ ᱠᱚ ᱟᱨ ᱨᱟᱹᱥᱤᱭᱟᱹ ᱠᱚᱫᱚ ᱢᱟᱹᱱ ᱥᱟᱞᱟᱜ ᱠᱚ ᱠᱟᱹᱢᱤᱭᱟ ᱾
मेरे पास उनसठ पन्ना हैं।	ᱤᱧ ᱴᱷᱮᱱ ᱛᱩᱨᱩᱭ ᱜᱮᱞ ᱱᱟᱭ ᱜᱚᱴᱟᱝ ᱥᱟᱠᱟᱢ ᱢᱮᱱᱟᱜᱼᱟ ᱠᱚᱣᱟ।
मेरे पास पाँच सब्ज़ी हैं।	ᱤᱧ ᱴᱷᱮᱱ ᱢᱚᱬᱮ ᱜᱚᱴᱟᱝ ᱥᱚᱵᱽᱡᱤ ᱢᱮᱱᱟᱜᱼᱟ ᱠᱚᱣᱟ।
यदि जानवर दूसरे जानवरों से दूर रहता है, तो यह सूचित करता है कि उसे कुछ स्वास्थ्य समस्या है ।	ᱡᱩᱫᱤ ᱡᱤᱭᱟᱹᱞᱤ ᱫᱚ ᱜᱟᱫᱮᱞ ᱨᱮ ᱮᱴᱟᱜ ᱡᱤᱭᱟᱹᱞᱤ ᱠᱷᱚᱱ ᱥᱟᱹᱝᱜᱤᱧ ᱨᱮᱭ ᱛᱟᱦᱮᱸᱞᱮᱱᱠᱷᱟᱱ ᱱᱤᱭᱟᱹᱭ ᱵᱩᱡᱷᱟᱹᱣ ᱩᱪᱩᱭᱟ ᱡᱮ ᱩᱱᱤᱭᱟᱜ ᱠᱤᱪᱷᱤ ᱦᱚᱲᱢᱚ ᱥᱟᱸᱣᱟᱸᱨ ᱟᱱᱟᱴ ᱢᱮᱱᱟᱜ ᱛᱟᱭᱟ ᱾
ऐसा लग रहा है कि बारिश की वजह से शहर में काफी जलभराव (बाढ़) होने वाला है।	ᱧᱮᱞ ᱠᱟᱛᱮ ᱢᱚᱱᱮ ᱦᱩᱭᱩᱜ ᱠᱟᱱᱟ ᱡᱟᱹᱲᱤ ᱨᱮᱭᱟᱜ ᱚᱡᱮ ᱛᱮᱜᱮ ᱥᱟᱦᱟᱨ ᱨᱮ ᱟᱭᱢᱟ ᱰᱩᱵᱟᱹ ᱦᱩᱭᱩᱜ ᱞᱟᱹᱜᱤᱫ ᱠᱟᱱᱟ ᱾
मेरे पास सतहत्तर पन्ना हैं।	ᱤᱧ ᱴᱷᱮᱱ ᱮᱭᱟᱭ ᱜᱮᱞ ᱮᱭᱟᱭ ᱜᱚᱴᱟᱝ ᱥᱟᱠᱟᱢ ᱢᱮᱱᱟᱜᱼᱟ ᱠᱚᱣᱟ।
एक अमेरिकी विमान को मार गिराया गया, जिसमें दो सैनिकों की मौत हो गई।	ᱢᱤᱫᱴᱟᱝ ᱢᱟᱨᱠᱤᱱ ᱵᱤᱵᱟᱱ ᱜᱩᱞᱤ ᱠᱟᱛᱮ ᱵᱷᱟᱩᱯᱟᱛᱤᱛᱚ ᱠᱚᱨᱟᱣ ᱦᱩᱭ ᱞᱮᱱᱟ ᱱᱚᱶᱟ ᱮ ᱵᱟᱨᱭᱟ ᱥᱮᱱᱟ ᱪᱟᱵᱟ ᱩᱛᱟᱹᱨ ᱞᱮᱱᱟ ᱾
अनेक फ्रांसीसी दाखमधु हैं, लेकिन न्यू ज़ीलैंड और ऑस्ट्रेलिया के दाखमधु से बेहतर यात्रा हो सकती है ।	ᱟᱭᱢᱟ ᱯᱷᱨᱟᱱᱥᱤᱥᱤ ᱣᱟᱭᱤᱱ ᱢᱮᱱᱟᱜᱼᱟ, ᱦᱮᱞᱮ ᱱᱭᱩᱡᱤᱞᱮᱸᱰ ᱨᱮ ᱟᱨ ᱚᱥᱴᱨᱮᱞᱤᱭᱟ ᱨᱮ ᱣᱟᱭᱤᱱ ᱛᱮ ᱫᱟᱬᱟ ᱫᱟᱲᱮᱭᱟᱜᱼᱟᱢ᱾
इस योजना की वजह से लोगों को प्रचार करने में मदद मिल सकती है ।	ᱱᱚᱶᱟ ᱯᱟᱱᱛᱷᱟ ᱫᱚ ᱠᱟᱹᱣᱰᱤ ᱛᱷᱚᱱᱚᱛᱨᱮ ᱢᱮᱱᱟᱜᱼᱟ ᱾
इनाम के बारे में परेशान मत होइए ।	ᱥᱤᱨᱯᱟᱹ ᱵᱟᱵᱚᱫ ᱟᱞᱚᱢ ᱵᱷᱟᱹᱵᱤᱫᱚᱜᱼᱟ ᱾
ऐसे कई संगठन हैं जो लोगों की मदद कर रहे हैं, जिनके पास ढेर सारा सामान हो रहा है ।	ᱱᱚᱸᱰᱮ ᱟᱭᱢᱟ ᱜᱟᱶᱛᱟ ᱢᱮᱱᱟᱜᱼᱟ ᱡᱟᱦᱟᱸᱭ ᱠᱚ ᱦᱚᱲᱠᱚ ᱜᱚᱲᱚ ᱟᱠᱚᱣᱟ, ᱢᱩᱫᱤ, ᱪᱤᱠᱤᱥᱥᱟ ᱥᱩᱵᱤᱫᱷᱟ ᱟᱨ ᱨᱟᱱ ᱟᱨ ᱡᱚᱛᱚ ᱞᱟᱹᱠᱛᱤᱭᱟᱱ ᱡᱤᱱᱤᱥᱠᱚ ᱡᱚᱠᱷᱚᱱ ᱞᱟᱹᱠᱛᱤᱜᱼᱟ ᱾
मुझे काले रंग का नवीनतम मॉडल चाहिए था। आप मुझे यह पुरानी पीली कार क्यों बेच रहे हैं?	ᱤᱧᱟᱜ ᱦᱮᱸᱫᱮ ᱨᱚᱝᱟᱱ ᱱᱟᱦᱟᱜ ᱢᱚᱰᱮᱞᱤᱧ ᱠᱷᱚᱡ ᱞᱮᱱᱟ ᱾ ᱱᱚᱣᱟ ᱢᱟᱨᱮ ᱥᱟᱥᱟᱝ ᱜᱟᱹᱰᱤ ᱫᱚ ᱤᱧ ᱪᱮᱫᱟᱜ ᱮᱢ ᱟᱹᱠᱷᱨᱤᱧ ᱟᱹᱧ ᱠᱟᱱᱟ ᱾
लेकिन यकीन है कि आप परेड का हिस्सा देखते हैं... ... मैं प्रतियोगिता के कारण गायब हो जाएगा.	ᱛᱚᱵᱮ ᱦᱮᱯᱮᱨᱟᱣ ᱞᱟᱹᱜᱤᱫᱽᱛᱮ ᱤᱧ ᱯᱮᱨᱮᱰ ᱨᱮᱭᱟᱜ ᱡᱟᱦᱟᱸ ᱦᱤᱸᱥ ᱵᱟᱹᱧ ᱧᱮᱞᱫᱟᱲᱮᱭᱟᱜᱼᱟ ᱚᱱᱟ ᱫᱚ ᱟᱢ ᱡᱟᱹᱨᱩᱲᱜᱤ ᱧᱮᱞᱢᱮ ᱵᱟᱲᱮ ᱾
अरे राहुल, मैंने हाल ही में हेममीर फ़ाइलें देखी हैं.	ᱟᱨᱮ ᱨᱟᱦᱩᱞ, ᱱᱮᱦᱟᱹᱞᱤ ᱜᱮ ᱠᱟᱥᱢᱤᱨ ᱯᱷᱟᱭᱤᱞ ᱤᱧ ᱧᱮᱞ ᱟᱠᱟᱫᱟ ᱾
एक कोर्स सामान्य रूप से 2-5 दिनों से होगा और इसमें भूमिका होगी, बहुत पहले सहायता और कभी कभी हथियार प्रशिक्षण.	ᱢᱤᱫᱴᱟᱹᱝ ᱠᱚᱨᱥ ᱫᱚ ᱚᱝᱠᱟ ᱜᱮ ᱒-᱕ ᱫᱤᱱ ᱠᱷᱚᱱ ᱦᱩᱭᱩᱜᱼᱟ ᱟᱨ ᱵᱷᱩᱢᱤᱠᱟᱹ ᱱᱤᱵᱷᱟᱹᱣ ᱠᱮᱭᱟᱭ ᱦᱩᱛᱠᱟᱹᱢ, ᱟᱭᱢᱟ ᱢᱩᱞ ᱨᱟᱱ ᱵᱮᱥ ᱟᱨ ᱛᱤᱱᱟᱹᱜᱼᱛᱤᱱᱟᱹᱜ ᱦᱚᱛᱤᱭᱟᱹᱨ ᱯᱨᱚᱥᱤᱠᱭᱚᱬ᱾
इस इस्लामी मंदिर में 50 बहुभुज वाले खम्भे हैं, उच्च स्तर, और श्रद्धा- लिफाफेद- बिल्डर।	ᱱᱤᱭᱟᱹ ᱢᱩᱥᱞᱟᱹ ᱫᱮᱵᱟᱼᱥᱮᱵᱟ ᱴᱷᱟᱶᱨᱮ ᱜᱩᱴ ᱕᱐ ᱜᱚᱴᱟᱝ ᱵᱚᱦᱩᱵᱷᱩᱡ ᱠᱷᱩᱱᱴᱤ, ᱩᱥᱩᱞ ᱢᱤᱱᱟᱨ ᱟᱨ ᱦᱟᱦᱟᱲᱟᱼᱟᱱ ᱠᱷᱤᱞᱟᱱ ᱢᱮᱱᱟᱜᱼᱟ ᱾
अपनी मदद के लिए एक बार फिर धन्यवाद.	ᱟᱨ ᱢᱤᱫᱫᱷᱟᱣ ᱟᱭᱢᱟ ᱥᱟᱨᱦᱟᱣ ᱟᱢᱟᱜ ᱱᱤᱭᱟᱹ ᱜᱚᱲᱚᱣᱟᱱ ᱢᱚᱱᱮ ᱞᱟᱹᱜᱤᱫᱽᱛᱮ ᱾
काश मैंने उस आदमी के बारे में इतनी कठोर राय न बनाई होती।	ᱤᱧ ᱡᱩᱫᱤ ᱩᱱᱤ ᱦᱚᱲ ᱱᱩᱱᱟᱹᱜ ᱜᱟᱹᱦᱤᱨ ᱥᱟᱹᱦᱤᱡ ᱵᱟᱹᱧ ᱛᱩᱱᱠᱷᱤ ᱛᱚᱞᱟᱥ ᱠᱮᱭᱟ
अरे, क्या आपको याद नहीं कि मैंने किस रंग की मांग की थी? आप मेरे लिए यह वाला क्यों ला रहे हैं?	ᱮᱭ, ᱤᱧ ᱚᱠᱟ ᱨᱚᱝ ᱤᱧ ᱠᱷᱚᱡ ᱞᱮᱱᱟ ᱵᱟᱢ ᱫᱤᱥᱟᱹᱭᱮᱫᱟ ? ᱪᱮᱫᱟᱜ ᱱᱚᱣᱟ ᱫᱚ ᱤᱧᱮᱢ ᱟᱹᱜᱩᱣᱟᱹᱧ ᱠᱟᱱᱟ ?
वह युवक अभी-अभी मेरा क्रेडिट कार्ड लेकर भाग गया। उसने उससे पहले मेरा पिन भी देख लिया था। मुझे लगता है कि मैं अपनी सारी बचत खो दूँगा।	ᱩᱱᱤ ᱡᱩᱣᱟᱹᱱ ᱠᱚᱲᱟ ᱤᱧᱟᱜ ᱠᱨᱮᱰᱤᱴ ᱠᱟᱨᱰ ᱤᱫᱤᱠᱟᱛᱮᱭ ᱫᱟᱹᱲ ᱟᱠᱟᱫᱟ ᱾ ᱚᱱᱟ ᱞᱟᱦᱟᱨᱮ ᱦᱚᱸ ᱩᱱᱤ ᱫᱚ ᱤᱧᱟᱜ ᱯᱤᱱᱼᱮ ᱧᱮᱞ ᱟᱠᱟᱫᱟ ᱾ ᱤᱧ ᱢᱚᱱᱮᱭᱮᱫᱟ ᱤᱧ ᱫᱚ ᱤᱧᱟᱜ ᱡᱚᱛᱚ ᱥᱟᱧᱪᱟᱣᱤᱧ ᱟᱫᱼᱟ ᱾
मेरे पास गैस कनेक्शन को अपने नए पते पर स्थानांतरित करने के लिए आवश्यक सभी दस्तावेज हैं (ग्राहक)।	ᱤᱧᱟᱹᱜ ᱱᱟᱶᱟ ᱴᱷᱤᱠᱟᱱᱟ ᱨᱮ (ᱠᱤᱨᱤᱧᱤᱭᱟᱹ) ᱜᱮᱥ ᱠᱟᱱᱮᱠᱥᱚᱱ ᱩᱪᱟᱹᱲ ᱞᱟᱹᱜᱤᱫ ᱞᱟᱹᱠᱛᱤᱭᱟᱱ ᱥᱟᱱᱟᱢ ᱱᱚᱛᱷᱤ ᱤᱧ ᱴᱷᱮᱱ ᱢᱮᱱᱟᱜᱼᱟ ᱾
प्रकाश देने के द्वारा सूर्य से अपना भोजन उगाता है, और छाया भी देता है।	ᱫᱟᱨᱮ ᱟᱡᱟᱜ ᱡᱚᱢᱟᱜ ᱫᱚ ᱵᱮᱲᱟ ᱛᱟᱨᱟᱥ ᱛᱮ ᱵᱮᱱᱟᱣᱟᱭ ᱡᱟᱦᱟᱸ ᱫᱚ ᱯᱷᱚᱴᱚᱥᱤᱱᱛᱷᱮᱥᱤᱥ ᱠᱚ ᱢᱮᱛᱟᱜᱼᱟ᱾ ᱩᱱᱠᱩ ᱦᱚᱸ ᱩᱢᱩᱞ ᱠᱚ ᱮᱢᱚᱜᱼᱟ᱾
सन्‌ 1895 के द होलीक (स्किया) में विलियम जी.	ᱵᱷᱚᱞᱤᱵᱚᱞ ᱠᱷᱮᱞᱚᱸᱰ ᱫᱚ ᱑᱘᱙᱕ ᱥᱟᱹᱦᱤᱛᱨᱮ ᱢᱮᱥᱟᱪᱩᱥᱮᱴ ᱨᱮᱭᱟᱜ ᱦᱚᱞᱤᱳᱠᱮ ᱳᱟᱭ ᱮᱢ ᱥᱤ ᱮ ( ᱤᱭᱩ ᱮᱥ ᱮ ) ᱦᱚᱛᱮᱛᱮ ᱩᱭᱞᱤᱭᱟᱢ ᱡᱤ ᱢᱚᱨᱜᱟᱱ ᱦᱚᱛᱮᱛᱮ ᱵᱮᱱᱟᱣ ᱞᱮᱱᱟ ᱾
क्या यह दिन अच्छा है?	ᱪᱮᱫ ᱱᱚᱣᱟ ᱫᱤᱱ ᱱᱟᱯᱟᱭ ᱠᱟᱱᱟ?
मैंने यहाँ बहुत सारे पैसे खर्च किए हैं। चूँकि आप मदद नहीं कर रहे हैं, इसलिए मैं अपने दोस्तों को अपने जूतों के लिए कहीं और जाने के लिए कहूँगा (ग्राहक)।	ᱤᱧ ᱱᱚᱰᱮ ᱟᱭᱢᱟ ᱠᱟᱹᱣᱰᱤᱧ ᱠᱷᱚᱨᱪᱟ ᱟᱠᱟᱫᱟ ᱾ ᱪᱮᱫᱟᱜ ᱥᱮ ᱟᱢ ᱵᱟᱢ ᱜᱚᱲᱚ ᱟᱹᱧ ᱠᱟᱱᱟ , ᱚᱱᱟᱛᱮ ᱤᱧ ᱤᱧᱨᱮᱱ ᱜᱟᱛᱮ ᱠᱚ ᱩᱱᱠᱩᱭᱟᱜ ᱯᱟᱱᱟᱦᱤ  (ᱠᱤᱨᱤᱧᱤᱭᱟᱹ) ᱞᱟᱹᱜᱤᱫ ᱮᱴᱟᱜ ᱡᱟᱦᱟᱨᱮ ᱥᱮᱱ ᱞᱟᱹᱜᱤᱫ ᱤᱧ ᱞᱟᱹᱭ ᱟᱠᱚᱣᱟ ᱾
सर्दियों के मौसम में यदि आप सर्दियों के क्षेत्रों में यात्रा करते हैं... ... आप ध्रुवीय रात का अनुभव करेंगे, जिसका मतलब है कि सूरज क्षितिज के ऊपर नहीं उठता.	ᱡᱩᱫᱤ ᱟᱢ ᱟᱨᱴᱤᱠ ᱟᱨᱵᱟᱝ ᱟᱱᱴᱟᱨᱠᱴᱤᱠᱟ ᱫᱟᱲᱟᱱᱮᱢ ᱥᱮᱱᱚᱜᱼᱟ ᱛᱚᱠᱷᱟᱱ ᱟᱢ ᱯᱳᱞᱟᱨ ᱧᱤᱫᱟᱹᱢ ᱚᱱᱩᱵᱷᱚᱵᱽᱼᱟ, ᱡᱟᱦᱟᱸ ᱨᱮᱭᱟᱜ ᱢᱮᱱᱮᱛ ᱫᱚ ᱦᱚᱨᱟᱭᱡᱚᱱ ᱪᱮᱛᱟᱱ ᱠᱷᱚᱱ ᱵᱮᱲᱟ ᱵᱟᱭ ᱨᱟᱠᱟᱵᱼᱟ᱾
लेकिन आधुनिक प्रणालियों में 4 वर्ष का विलंबता (लेटेंसी) समय होता है।	ᱢᱮᱱᱠᱷᱟᱱ ᱱᱟᱦᱟᱜ ᱥᱤᱥᱴᱮᱢ ᱨᱮ ᱔ ᱥᱮᱨᱢᱟ ᱨᱮᱭᱟᱜ ᱞᱮᱴᱮᱱᱥᱤ ᱚᱠᱛᱚ ᱛᱟᱦᱮᱱᱟ ᱾
अरे, यह तो अच्छा है.	ᱡᱚᱛᱷᱟᱛ ᱜᱮᱭᱟ, ᱮᱱᱠᱷᱟᱱ ᱵᱷᱟᱜᱮ ᱾
इस बारे में एहूद ऊर नाम के एक डॉक्टर ने चेतावनी दी कि कनाडा की डायबिटीज़ की जाँच के शुरूआती दिनों में भी चल रही है ।	ᱰᱨᱹ ᱮᱦᱩᱫᱽ ᱩᱨ, ᱦᱟᱞᱤᱯᱷᱟᱠᱥ ᱨᱮᱭᱟᱜ ᱰᱟᱞᱦᱟᱣᱥᱤ ᱵᱤᱨᱫᱟᱹᱜᱟᱲ ᱨᱤᱱᱤᱡ ᱢᱮᱰᱤᱥᱤᱱ ᱯᱨᱚᱯᱷᱮᱥᱟᱨ, ᱱᱚᱣᱟ ᱥᱠᱚᱴᱤᱭᱟ ᱟᱨ ᱪᱮᱭᱟᱨ ᱚᱯᱷ ᱠᱞᱤᱱᱤᱠᱟᱞ ᱟᱨ ᱠᱟᱱᱟᱰᱤᱭᱟᱱ ᱰᱟᱭᱵᱮᱴᱤᱥ ᱜᱟᱶᱛᱟ ᱨᱮᱭᱟᱜ ᱥᱟᱬᱮᱥᱤᱭᱟᱹ ᱪᱟᱸᱜᱟ ᱠᱚ ᱥᱟᱣᱫᱷᱟᱱ ᱟᱠᱟᱫᱟ ᱡᱮ ᱠᱷᱚᱡᱽ ᱫᱚ ᱮᱛᱚᱦᱚᱵ ᱢᱟᱦᱟᱸ ᱨᱮᱜᱮ ᱢᱮᱱᱟᱜᱼᱟ᱾
लोग इतने संवेदनहीन क्यों हैं? यह यूनेस्को की विश्व धरोहर स्थल है लेकिन फिर भी लोग हर जगह कचरा फैलाते हैं।	ᱦᱚᱲ ᱠᱚ ᱪᱮᱫᱟᱜ ᱩᱱᱟᱹᱜ ᱵᱮᱵᱩᱡ ? ᱱᱚᱣᱟ ᱫᱚ ᱢᱤᱫᱴᱟᱝ ᱤᱭᱩᱱᱮᱥᱠᱳ ᱦᱮᱨᱤᱴᱮᱡ ᱥᱟᱭᱤᱴ ᱠᱟᱱᱟ ᱢᱮᱱᱠᱷᱟᱱ ᱦᱚᱲᱠᱚ ᱱᱤᱛ ᱦᱚᱸ ᱜᱚᱴᱟ ᱴᱚᱴᱷᱟ ᱠᱚ ᱱᱚᱸᱜᱨᱟᱭᱮᱫᱟ ᱾
हमें एक वास्तविक प्रतिफल देने के लिए नियुक्‍त किया गया है ।	ᱮᱱᱟᱨᱤᱡᱤᱮ ᱜᱚᱵᱚᱞ ᱨᱮ ᱢᱮᱱᱟᱜ ᱟᱹᱭᱫᱟᱹᱨ ᱞᱮᱠᱟᱛᱮ ᱢᱤᱫ ᱫᱤᱱ ᱨᱮ ᱟᱨᱮᱥᱹ ᱑᱐᱐ ᱟᱥᱚᱞ ᱢᱟᱹᱱᱦᱟᱹ ᱮᱢᱚᱜ ᱨᱮᱭᱟᱜ ᱠᱟᱛᱷᱟ ᱟᱞᱮ ᱞᱮ ᱮᱢᱟᱠᱟᱫᱟ ᱾
मैं अपनी परियोजना के लिए भारत में प्रसिद्ध संग्रहालयों का शोध कर रहा हूँ ।	ᱤᱧ ᱤᱧᱟᱹᱜ ᱯᱟᱛᱷᱟ ᱞᱟᱹᱜᱤᱫ ᱵᱷᱟᱨᱚᱛ ᱨᱮᱭᱟᱜ ᱧᱩᱛᱩᱢᱟᱱ ᱡᱟᱹᱫᱩᱚᱲᱟᱜ ᱠᱚ ᱤᱫᱤ ᱠᱟᱛᱮᱧ ᱠᱷᱚᱸᱫᱨᱚᱸᱫ ᱮᱫᱟ ᱾
ᱱᱚᱣᱟ ᱨᱮᱭᱟᱜ ᱜᱚᱱᱚᱝ ᱛᱤᱱᱟᱹᱜ ?	इसकी लागत कितनी है?
इस वजह से ज़्यादातर लोगों की मौत हो जाती है ।	ᱰᱷᱮᱨ ᱜᱩᱨ ᱠᱚᱫᱚ ᱞᱟᱸᱜᱟ ᱚᱨᱡᱚ ᱛᱮ ᱦᱩᱭᱩᱜ ᱠᱟᱱᱟ, ᱡᱟᱦᱟᱸ ᱞᱤᱸᱜᱤᱜ ᱨᱮᱭᱟᱜ ᱩᱞᱴᱟᱹ ᱛᱮ ᱯᱟᱭᱨᱟᱜ ᱞᱟᱹᱜᱤᱫ ᱪᱮᱥᱴᱟ ᱮᱫ-ᱟᱭ, ᱡᱟᱦᱟᱸ ᱫᱚ ᱚᱥᱚᱢᱵᱷᱚᱵᱽ ᱦᱩᱭ ᱫᱟᱲᱮᱭᱟᱜᱼᱟI
मेरे पास पाँच पानी हैं।	ᱤᱧ ᱴᱷᱮᱱ ᱢᱚᱬᱮ ᱜᱚᱴᱟᱝ ᱫᱟᱜ ᱢᱮᱱᱟᱜᱼᱟ ᱠᱚᱣᱟ।
मैंने सुना है कि यह सबसे बड़ा रॉक अपीय मंदिर है।	ᱤᱧ ᱟᱸᱡᱚᱢ ᱟᱠᱟᱫᱟ ᱱᱚᱶᱟᱫᱚ ᱫᱷᱤᱨᱤ ᱠᱩᱸᱫᱟᱹᱣ ᱠᱟᱛᱮᱜ ᱵᱮᱱᱟᱣ ᱢᱚᱱᱫᱤᱨ ᱠᱟᱱᱟ ᱾
1938 में, लिंडबर्ग परिवार वापस संयुक्त राज्य अमेरिका चला गया।	᱑᱙᱓᱘ ᱥᱟᱞ ᱨᱮ, ᱞᱤᱱᱰᱚᱵᱟᱨᱜ ᱠᱚᱫᱚ ᱢᱟᱨᱠᱤᱱ ᱡᱩᱠᱛᱚᱨᱟᱥᱴᱨᱚ ᱨᱮᱭ ᱨᱩᱣᱟᱹᱲ ᱦᱮᱡ ᱮᱱᱟ ᱾
हैलो, यह आदिवासी शहर महल है?	ᱦᱮᱞᱳ, ᱱᱚᱶᱟ ᱫᱚ ᱪᱮᱫ ᱡᱚᱭᱯᱩᱨ ᱥᱤᱴᱤ ᱯᱮᱞᱮᱥ ?
मुझे राइड साझा करना (शेयरिंग कैब) पसंद नहीं है क्योंकि मैं अपने पास बैठे किसी अजनबी की सांसों की बदबू बर्दाश्त नहीं कर सकता।	ᱤᱧ ᱜᱟᱹᱰᱤ ᱪᱟᱞᱟᱣ ᱦᱟᱹᱴᱤᱧ ᱫᱚ ᱵᱟᱹᱧ ᱠᱩᱥᱤᱭᱟᱜᱼᱟ ᱪᱮᱫᱟᱜ ᱥᱮ ᱤᱧ ᱥᱩᱨ ᱨᱮ ᱫᱩᱲᱩᱵ ᱵᱟᱝ ᱵᱟᱰᱟᱭ ᱦᱚᱲᱟᱜ ᱥᱚ ᱵᱟᱧ ᱥᱟᱦᱟᱣ ᱫᱟᱲᱮᱭᱟᱜᱼᱟ  ᱾
मेरे पास सात सेब हैं।	ᱤᱧ ᱴᱷᱮᱱ ᱮᱭᱟᱭ ᱜᱚᱴᱟᱝ ᱥᱮᱯ ᱢᱮᱱᱟᱜᱼᱟ ᱠᱚᱣᱟ।
उत्तर अमरीका के नीचे काराटन पेड़ दो परतों को दिखाता है ।	ᱴᱚᱢᱳᱜᱨᱟᱯᱷᱤᱨᱮ ᱧᱮᱞ ᱛᱮ ᱡᱮ, ᱩᱛᱛᱚᱨ ᱟᱢᱮᱨᱤᱠᱟ ᱞᱟᱛᱟᱨᱫᱤᱥᱚᱢ ᱠᱨᱮᱴᱚᱱ ᱨᱮᱦᱮᱫᱨᱮ ᱵᱟᱨᱭᱟ ᱛᱷᱟᱨ᱾
अन्ना हजारे ने रेलवे स्टेशनों पर फूल बेचकर अपनी आजीविका शुरू की थी।	ᱟᱱᱱᱟ ᱦᱟᱡᱟᱨᱮ ᱫᱚ ᱨᱮᱞ ᱥᱴᱮᱥᱚᱱ ᱨᱮ ᱵᱟᱦᱟ ᱟᱹᱠᱷᱨᱤᱧ ᱠᱟᱛᱮ ᱡᱤᱭᱚᱱ ᱠᱷᱟᱸᱰᱟᱣᱮ ᱮᱛᱚᱦᱚᱵ ᱠᱮᱫᱟ ᱾
17 जनवरी 2011 को, एक अन्य छात्र, 17 वर्षीय मुर्तजा ने आत्महत्या कर ली।	ᱯᱷᱮᱨᱟᱨ ᱫᱚᱭ ᱛᱟᱦᱮᱸ ᱠᱟᱱᱟ ᱟᱨᱡᱮᱱᱴᱤᱱᱟ ᱨᱮᱱ ᱠᱟᱹᱣᱰᱤᱼᱟᱹᱨᱤ ᱡᱟᱹᱛᱤᱭᱚᱛᱟᱵᱟᱹᱫᱤ ᱨᱮᱱ ᱧᱩᱛᱩᱢᱟᱱ ᱢᱩᱲᱩᱫ ᱦᱚᱲ ᱾
रोमी समाजवाद, ढाले गए व्यक्‍तियों के संदर्भ में, और समय - समय पर उस भूगोल से संबंधित रीति - रिवाज़ और संस्कृति उत्पन्‍न हुई, और ये समाज की जगह के सामंजस्य में थे ।	ᱥᱟᱣᱪᱷᱟᱸᱫᱽᱛᱟᱣᱟᱫᱽ ᱨᱮᱱᱟᱜ ᱥᱟᱹᱠᱷᱭᱟᱹᱛ ᱨᱮ, ᱚᱛᱱᱚ ᱫᱚ ᱦᱚᱲᱠᱚ ᱰᱷᱟᱞᱟ, ᱟᱨ ᱚᱠᱛᱚ ᱨᱮᱱᱟᱜ ᱥᱟᱶ ᱚᱱᱟ ᱚᱛᱱᱚ ᱠᱷᱚᱱ ᱥᱟᱹᱜᱟᱹᱭ ᱨᱤᱛᱤ ᱨᱤᱣᱟᱡᱽ ᱟᱨ ᱥᱟᱸᱥᱠᱨᱤᱛᱤ ᱨᱮᱱᱟᱜ ᱩᱫᱟᱭ ᱦᱩᱭ ᱮᱱᱟ, ᱟᱨ ᱱᱚᱶᱟ ᱥᱟᱶᱛᱟ ᱨᱮᱱᱟᱜ ᱴᱷᱟᱶ ᱞᱮᱠᱟ ᱦᱩᱭᱩᱜ ᱠᱟᱨᱚᱱ, ᱢᱟᱱᱢᱟᱱᱟᱣ ᱰᱷᱟᱝ ᱠᱷᱚᱱ ᱞᱟᱜᱟᱣ ᱟᱠᱟᱱ ᱠᱟᱱᱩᱱ ᱠᱷᱚᱱ ᱵᱷᱟᱹᱜᱤ ᱛᱟᱦᱮᱸ ᱠᱟᱱᱟ᱾
वाह... भारतीय संग्रहालय के बारे में क्या?	ᱳᱹᱹᱹᱹᱹᱹᱹᱤᱱᱰᱤᱭᱟᱱ ᱢᱤᱣᱩᱡᱤᱭᱟᱢ ᱨᱮᱫᱚ ᱪᱮᱫ ?
जब वे अपनी कारों में एक दूसरे का पालन करते हैं, राजस्वा मरने से बचाता है और उनसे कहता है कि उसे फिर कभी नहीं देखेंगे.	ᱢᱤᱫ ᱢᱤᱫᱛᱮ ᱟᱯᱱᱟᱨᱟᱜ ᱜᱟᱹᱰᱤ ᱛᱮ ᱯᱟᱡᱟᱸ ᱞᱮᱠᱷᱟᱱ, ᱨᱟᱡᱽ ᱢᱤᱨᱟ ᱫᱚ ᱜᱚᱡ ᱠᱷᱚᱱ ᱮ ᱵᱟᱧᱪᱟᱣ ᱞᱮᱫᱮᱭᱟ ᱟᱨ ᱩᱱᱤ ᱥᱟᱶᱛᱮ ᱟᱨ ᱛᱤᱥᱦᱚᱸ ᱵᱟᱝ ᱧᱟᱯᱟᱢ ᱨᱮᱭᱟᱜ ᱠᱟᱛᱷᱟᱭ ᱢᱮᱛᱟ ᱫᱮᱭᱟ ᱾
मैं समझता हूँ और हमारी तरफ से, हम आपकी मदद के लिए पूरी रात जागे हैं।	ᱱᱚᱣᱟ ᱤᱧ ᱵᱩᱡᱷᱟᱹᱣ ᱫᱟᱲᱮᱭᱟᱜ ᱛᱟᱦᱮᱸ ᱟᱨ ᱟᱞᱮ ᱯᱟᱦᱴᱟ ᱠᱷᱚᱱ ᱟᱢ ᱜᱚᱲᱚᱟᱢ ᱞᱟᱹᱜᱤᱫ ᱜᱚᱴᱟ ᱧᱤᱫᱟᱹ ᱮᱵᱷᱮᱱ ᱞᱮ ᱛᱟᱦᱮᱸ ᱠᱟᱱᱟ ᱾
आज की ओडिसी ने कई तरह की व्यर्थ मूर्तियों का विकास किया है... ... मंदिर की दीवारों पर बनाया.	ᱳᱲᱤᱥᱟ ᱨᱮᱭᱟᱜ ᱢᱚᱱᱫᱤᱨ ᱨᱮᱭᱟᱜ ᱵᱷᱤᱛ ᱨᱮ ᱠᱷᱚᱫᱟ ᱟᱠᱟᱱ ᱱᱟᱱᱟᱦᱩᱱᱟᱹᱨ ᱢᱳᱴᱤᱯᱷ ᱨᱮᱭᱟᱜ ᱵᱟᱝ ᱢᱩᱪᱟᱹᱫᱟᱱ ᱠᱷᱚᱫᱟ ᱪᱤᱛᱟᱹᱨ ᱠᱷᱚᱱ ᱛᱮᱦᱮᱧᱟᱜ ᱳᱲᱤᱥᱤ ᱥᱤᱨᱡᱟᱹᱣ ᱟᱠᱟᱱᱟ ᱾
हमें एहसास नहीं हुआ कि आपने छत पर 100 गमले रखे हैं।	ᱟᱞᱮᱭᱟᱜ ᱵᱟᱰᱟᱭ ᱵᱟᱝ ᱛᱟᱦᱮᱸ ᱠᱟᱱᱟ ᱡᱮ, ᱟᱢ ᱴᱮᱨᱮᱥ ᱨᱮ ᱑᱐᱐ ᱜᱚᱴᱟᱝ ᱠᱷᱟᱯᱨᱟ ᱨᱮ ᱫᱟᱨᱮᱢ   ᱫᱚᱦᱚ ᱟᱠᱟᱫᱟ ᱾
स्व - नियंत्रण और विश्वास के महत्त्व के बारे में पेश किए गए विचारों को और अधिक गहरा और संबंधित विचारों को महत्व देता है, लेकिन सभी से ऊपर, मोहता, या भक्ति.	ᱜᱤᱛᱟ ᱨᱮᱭᱟᱜ ᱵᱟᱹᱠᱤ ᱦᱤᱸᱥ ᱫᱚ ᱱᱤᱡᱼᱥᱟᱢᱲᱟᱣ ᱟᱨ ᱯᱟᱹᱛᱭᱟᱹᱣ ᱨᱮᱭᱟᱜ ᱜᱩᱨᱩᱛᱛᱚ ᱥᱚᱢᱟᱱᱛᱮᱱᱟᱜᱽ ᱟᱨ ᱱᱤᱥᱥᱟᱨᱛᱷᱚ ᱨᱮᱭᱟᱜ ᱜᱩᱨᱩᱛᱛᱚ ᱵᱟᱵᱚᱛ ᱮᱯᱤᱯᱷᱮᱱᱤ ᱥᱟᱢᱟᱝ ᱨᱮ ᱩᱫᱩᱜᱽ ᱥᱚᱫᱚᱨᱟᱠᱟᱱ ᱫᱷᱟᱨᱚᱱᱟᱠᱩ ᱜᱟᱹᱦᱤᱨ ᱟᱨᱮ ᱯᱮᱨᱮᱡᱽᱯᱩᱨᱩᱱᱮᱫᱟ, ᱢᱮᱱᱠᱷᱟᱱ ᱡᱚᱛᱚ ᱞᱮᱠᱟᱱᱟᱜᱽ ᱵᱷᱟᱹᱠᱛᱤ ᱥᱮ ᱵᱤᱱᱛᱤ ᱵᱟᱵᱚᱛ ᱜᱤ ᱠᱟᱱᱟ ᱾
यहाँ के अरबी लोग भी इस्लाम को देश में ले आए, और इसने मयोटे और मयोटे में एक बड़ा मार्ग लिया ।	ᱟᱨᱚᱵᱽ ᱠᱚᱫᱚ ᱟᱠᱚ ᱫᱤᱥᱚᱢ ᱛᱮ ᱤᱥᱞᱟᱢ ᱠᱚ ᱟᱹᱜᱩ ᱞᱮᱜᱼᱟ, ᱟᱨ ᱠᱳᱢᱳᱨᱳᱥ ᱟᱨ ᱢᱟᱭᱳᱴᱤ ᱠᱚᱫᱚ ᱢᱟᱨᱟᱝ ᱩᱯᱟᱹᱭ ᱛᱮᱠᱚ ᱟᱹᱜᱩᱞᱮᱫ-ᱟ᱾
वाह, मेरे शेयर आसमान छू रहे हैं! यह मेरे पोर्टफोलियो के लिए बहुत अच्छी खबर है।	ᱵᱟᱦ , ᱤᱧᱟᱜ ᱥᱴᱚᱠ ᱫᱚ ᱥᱮᱨᱢᱟ ᱥᱚᱢᱟᱱ ᱩᱥᱩᱞ ! ᱱᱚᱣᱟ ᱫᱚ ᱤᱧᱟᱜ ᱯᱳᱨᱴᱯᱷᱳᱞᱤᱭᱳ ᱞᱟᱹᱜᱤᱫ ᱟᱹᱰᱤ ᱢᱚᱡ ᱠᱷᱚᱵᱚᱨ ᱾
वाह, क्या ही मज़बूत व्यक्‍तित्व!	ᱳᱦ, ᱛᱤᱱᱟᱹᱜ ᱠᱮᱴᱮᱡᱽ ᱢᱟᱹᱱᱢᱤ !
सन्‌ 1824 में, हैमिल्टन सिटी में, वर्थिस्ट मारिया पार्थन के नाम पर एक इमारत बनायी गयी ।	᱑᱘᱒᱔ ᱨᱮ ᱦᱮᱢᱤᱞᱴᱚᱱ ᱥᱟᱶᱛᱮ ᱮᱡᱳᱭᱟᱨᱛᱷᱥᱴᱟᱣᱱ ᱨᱮ ᱜᱟᱢᱟᱢᱤᱭᱟᱹ ᱢᱟᱨᱤᱭᱟ ᱮᱡᱳᱭᱟᱨᱛᱷ ᱥᱟᱶ ᱧᱟᱯᱟᱢ ᱚᱪᱚ ᱞᱮᱫᱮᱭᱟᱭ ᱢᱤᱛᱷ ᱠᱟᱣᱱᱴᱤᱨ ᱴᱨᱤᱢ ᱨᱮᱱ ᱢᱩᱲᱩᱫ ᱱᱟᱭᱠᱮ, ᱨᱮᱵᱷᱟᱨᱮᱱᱴ ᱨᱤᱪᱟᱨᱰ ᱵᱟᱴᱞᱟᱨ, ᱡᱟᱦᱟᱸᱭᱟᱜ ᱜᱚᱲᱚᱥᱚᱯᱚᱦᱚᱫ ᱡᱟᱡᱚᱠ ᱛᱟᱦᱮᱸ ᱠᱟᱱᱟᱭ ᱩᱱᱤ ᱟᱪ ᱠᱟᱠᱟ, ᱡᱮᱢᱥ ᱦᱮᱢᱤᱞᱴᱚᱱ ᱾
यू. एस. ए. ए.	USA ᱡᱤᱢᱱᱟᱥᱴᱤᱠ ᱟᱨ USOC-ᱟᱜ ᱡᱚᱥ ᱫᱚ ᱢᱤᱫ ᱜᱮᱭᱟ — ᱡᱤᱢᱱᱟᱥᱴᱤᱠ ᱟᱨ ᱮᱴᱟᱜ ᱠᱷᱮᱞ ᱠᱚ ᱠᱷᱮᱞᱚᱸᱰᱤᱭᱟᱹ ᱠᱚ ᱞᱟᱹᱜᱤᱫ ᱱᱤᱨᱟᱯᱚᱫᱽ ᱵᱮᱱᱟᱣ ᱡᱮᱢᱚᱱ ᱠᱷᱮᱞᱚᱸᱰᱤᱭᱟᱹ ᱠᱚ ᱟᱠᱚᱣᱟᱜ ᱠᱩᱠᱢᱩ ᱱᱤᱨᱟᱯᱚᱫᱽ, ᱯᱚᱡᱮᱴᱤᱵᱽ ᱟᱨ ᱮᱢᱯᱟᱣᱟᱨᱰ ᱥᱟᱪᱟᱨᱦᱮ ᱛᱮᱠᱚ ᱯᱟᱸᱡᱟ ᱫᱟᱲᱮᱭᱟᱜ-ᱟ᱾
इस योजना में, वृद्ध नागरिक अपने निवेश पर ८ प्रतिशत आश्‍वस्त वापसी पाते हैं ।	ᱱᱚᱶᱟ ᱯᱟᱱᱛᱷᱟ ᱨᱮᱭᱟᱜ ᱟᱣᱛᱟᱨᱮ ᱯᱩᱨᱩᱫᱷᱩᱞ ᱱᱟᱜᱚᱨᱤᱭᱟᱹ ᱠᱚ ᱫᱚ ᱟᱠᱚᱣᱟᱜ ᱥᱚᱯᱚᱦᱚᱫ ᱞᱟᱹᱜᱤᱫ ᱔ ᱥᱟᱭᱦᱤᱸᱥ ᱧᱟᱢ ᱨᱮᱭᱟᱜ ᱠᱚ ᱟᱥᱚᱜᱼᱟ ᱾
मैंने पहले बात की बात नहीं सुनी।	ᱯᱩᱴᱴᱩ ᱨᱮᱭᱟᱜ ᱧᱩᱛᱩᱢ ᱞᱟᱦᱟᱛᱮᱫᱚ ᱵᱟᱹᱧ ᱟᱸᱡᱚᱢ ᱟᱠᱟᱫᱟ ᱾
अगस्त 2006 में उत्तरी ग्रिड में एक - दूसरे से जुड़े हुए थे ।	ᱟᱜᱚᱥᱴ ᱒᱐᱐᱖ ᱨᱮ ᱩᱛᱛᱚᱨ ᱨᱮᱭᱟᱜ ᱜᱨᱤᱰᱦᱚᱸ ᱵᱷᱤᱛᱟᱹᱨᱥᱮᱞᱮᱫᱟᱱ ᱦᱩᱭᱩᱜ, ᱡᱟᱦᱟᱸ ᱠᱷᱟᱹᱛᱤᱨ ᱢᱤᱫ ᱥᱟᱶᱛᱮ ᱥᱮᱞᱮᱫ ᱟᱨ ᱢᱤᱫ ᱞᱟᱲᱟᱨ ᱨᱮ ᱠᱟᱹᱢᱤ ᱠᱚᱨᱟᱣ ᱢᱤᱫᱴᱟᱝ ᱛᱟᱱᱟᱞᱟ ᱜᱨᱤᱰ ᱜᱚᱲᱦᱚᱱ ᱞᱮᱱᱟ ᱾
सन्‌ 720 किलोमीटर की दूरी पर पश्‍चिमी लोक - वासियों और अरबी सागर के बीच, छिपे हुए तटों और नदियों की मेज़बानों के बीच झूठ बोल रही है ।	ᱯᱟᱹᱪᱷᱤᱢ ᱜᱷᱟᱴ ᱟᱨ ᱟᱨᱟᱵᱤᱭᱟᱹ ᱥᱟᱹᱢᱩᱫ ᱛᱟᱞᱟ ᱗᱒᱐ ᱠᱤᱢᱤ ᱡᱤᱞᱤᱧ ᱯᱷᱟᱹᱲᱤ ᱨᱮ ᱟᱭᱢᱟ ᱩᱛᱟᱹᱨ ᱵᱤᱪ ᱟᱨ ᱠᱷᱟᱹᱲᱤᱠᱩ ᱢᱮᱱᱟᱜᱼᱟ ᱾
मेरे पास सात बकरी हैं।	ᱤᱧ ᱴᱷᱮᱱ ᱮᱭᱟᱭ ᱜᱚᱴᱟᱝ ᱵᱚᱠᱨᱟ ᱢᱮᱱᱟᱜᱼᱟ ᱠᱚᱣᱟ।
मुझे कल रात एक बुरा सपना आया और मैं कांपते हुए जागा।	ᱪᱟᱞᱟᱣᱮᱱ ᱧᱤᱫᱟᱹ ᱤᱧ ᱢᱤᱫᱴᱟᱝ ᱵᱟᱹᱲᱤᱡ ᱠᱩᱠᱢᱩᱧ ᱧᱮᱞ ᱞᱮᱫᱟ ᱟᱨ ᱛᱷᱟᱨ ᱛᱷᱟᱨᱟᱣ ᱠᱟᱛᱮᱧ ᱮᱵᱷᱮᱱ ᱞᱮᱱᱟ ᱾
हम एक अच्छा प्रोटीन पनीर भी बनाते हैं ।	ᱟᱞᱮᱫᱚ ᱵᱷᱟᱜᱮ ᱯᱨᱳᱴᱤᱱ ᱪᱤᱡᱽᱠᱮᱠ ᱦᱚᱸᱞᱮ ᱵᱮᱱᱟᱣᱼᱟ ᱾
यह इसलिए है क्योंकि सहकार्य एक शर्ती पार्टी द्वारा प्राप्त किए जा रहे किसी भी अन्य मात्रा पर विचार नहीं करता (NLLL) दूसरी शर्त पार्टी (RLL).	ᱱᱚᱶᱟ ᱠᱷᱟᱹᱛᱤᱨᱛᱮ ᱪᱩᱠᱛᱤ ᱟᱹᱱ ᱫᱚ ᱢᱤᱫ ᱪᱩᱠᱛᱤᱭᱟᱱ ᱯᱟᱦᱟᱴᱟ (ᱵᱤᱮᱥᱮᱱᱮᱞ) ᱮᱴᱟᱜ ᱪᱩᱠᱛᱤᱭᱟᱱᱟᱜ ᱯᱟᱦᱟᱴᱟ ᱨᱮᱭᱟᱜ (ᱨᱤᱞᱟᱭᱮᱱᱥ) ᱴᱷᱮᱱ ᱠᱷᱚᱱ ᱧᱟᱢ ᱟᱠᱟᱫ ᱮᱴᱟᱜ ᱡᱟᱦᱟᱱ ᱠᱟᱹᱣᱰᱤ ᱨᱮᱭᱟᱜ ᱠᱟᱛᱷᱟ ᱵᱟᱭ ᱪᱤᱱᱛᱟᱹᱭᱟ ᱾
तीसरे शताब्दी में मिस्रियों द्वारा बनाए गए, द ग्रेट पिरामिड मृत फ़िरौन का सम्मान करने के लिए बनाए गए अनेक बड़ी संरचनाओं में से एक है ।	ᱛᱮᱥᱟᱨ ᱥᱚᱛᱟᱵᱫᱤ ᱤᱥᱟᱭ ᱯᱩᱭᱞᱩ ᱨᱮ ᱢᱤᱥᱨᱚᱣᱟᱥᱤ ᱠᱚ ᱛᱮᱭᱟᱨ ᱠᱟᱫ, ᱢᱟᱦᱟᱱ ᱯᱤᱨᱟᱢᱤᱰ ᱜᱩᱨ ᱯᱷᱤᱨᱚᱣᱱ ᱟᱜ ᱢᱟᱹᱱ ᱨᱮ ᱛᱮᱭᱟᱨ ᱟᱭᱢᱟ ᱢᱟᱨᱟᱝ ᱯᱤᱨᱟᱢᱤᱰ ᱛᱮᱭᱟᱨᱟᱜ ᱠᱷᱚᱱ ᱢᱤᱫᱴᱟᱹᱝ ᱠᱟᱱᱟ᱾
हर घर में हर घर में हर तरह के शौचालय होते थे, जो एक जटिल दलदल व्यवस्था से जुड़े हुए थे ।	ᱦᱟᱲᱟᱯᱯᱟ ᱟᱨ ᱢᱚᱦᱟᱡᱚ-ᱫᱽᱲᱚ ᱥᱟᱦᱟᱨ ᱠᱚᱨᱮ ᱵᱩᱡᱷᱟᱹᱣ ᱢᱮ ᱡᱚᱛᱚ ᱚᱲᱟᱜ ᱨᱮ ᱢᱤᱫᱴᱟᱝ ᱯᱷᱞᱟᱥ ᱴᱚᱭᱞᱮᱴ ᱛᱟᱦᱮᱸ ᱠᱟᱱᱟ, ᱡᱟᱦᱟᱸ ᱢᱤᱫᱴᱟᱝ ᱥᱚᱯᱷᱤᱥᱴᱤᱠᱤᱴᱮᱰ ᱥᱟᱣᱮᱜ ᱥᱤᱥᱴᱚᱢ ᱥᱟᱶ ᱡᱚᱲᱟᱣ ᱛᱟᱦᱮᱸ ᱠᱟᱱᱟ᱾
और यदि ऐसा है, तो मृत्यु का प्रत्यक्ष कारण क्या है?	ᱠᱟᱹᱢᱤᱦᱚᱨᱟ ᱨᱮᱭᱟᱜ ᱡᱚᱥ ᱫᱚ ᱮᱠᱷᱮᱱ ᱫᱤᱜᱫᱷᱟᱹᱟᱱᱟᱜ ᱦᱟᱞᱚᱛᱨᱮ ᱥᱮ ᱚᱥᱟᱹᱵᱤᱠ ᱜᱚᱡ ᱦᱩᱭ ᱟᱠᱟᱱᱟ ᱥᱮ ᱵᱟᱝ ᱟᱨ ᱡᱩᱫᱤ ᱚᱱᱟᱜᱮ ᱦᱩᱭᱩᱜ ᱟ ᱮᱱᱠᱷᱟᱱ ᱜᱩᱡᱩᱜ ᱨᱮᱭᱟᱜ ᱱᱤᱛᱟᱜ ᱚᱡᱮ ᱪᱮᱫ ᱠᱟᱱᱟ ᱚᱱᱟ ᱴᱷᱟᱹᱣᱠᱟᱹ ᱦᱩᱭᱩᱜ ᱟ ᱾
ओपिप नदी ब्रिज एक केबल- टेकित पुल है. यह ब्राज़ील में ओनेक नदी के शहरों को लिंक करने के लिए ब्राज़ील और Stepeeeeepees दे Lapapapape.	ᱳᱭᱟᱯᱚᱠ ᱜᱟᱰᱟ ᱫᱚ ᱢᱤᱫᱴᱟᱹᱝ ᱠᱮᱵᱩᱞᱼᱛᱟᱦᱮᱸᱱ ᱵᱽᱨᱤᱡᱽ ᱠᱟᱱᱟ᱾ ᱱᱚᱶᱟ ᱫᱚ ᱳᱭᱟᱯᱚᱠ ᱜᱟᱰᱟ ᱠᱷᱚᱱ ᱵᱽᱨᱟᱡᱤᱞ ᱨᱮᱟᱱᱜ ᱳᱭᱟᱯᱚᱠᱩᱭ ᱥᱟᱶ ᱡᱚᱲᱟᱣ ᱟᱠᱟᱱᱟ ᱟᱨ ᱯᱷᱨᱟᱱᱥᱤᱥ ᱜᱩᱭᱟᱱᱟ ᱨᱮ ᱥᱮᱸᱴ ᱡᱚᱨᱡᱽ ᱰᱤ ᱤ'ᱳᱭᱟᱯᱚᱠ᱾
सन्‌ 2015 के आखिर में, टोरीनेट ने रेडियो को उप - प्रधान स्टेशन के तौर पर स्थापित किया ।	᱒᱐᱑᱕ ᱨᱮᱱᱟᱜ ᱢᱩᱪᱟᱹᱫ ᱨᱮ, ᱴᱚᱜᱤᱱᱮᱴ ᱫᱚ ᱵᱟᱹᱲᱛᱤ ᱮᱥᱴᱨᱚᱱᱮᱴ ᱨᱮᱰᱤᱭᱳ ᱫᱚ ᱢᱤᱫ ᱜᱚᱲᱚᱣᱟᱱ ᱥᱴᱮᱥᱟᱱ ᱨᱩᱯ ᱨᱮ ᱛᱷᱟᱯᱚᱱ ᱦᱩᱭ ᱞᱮᱱ ᱛᱟᱦᱮᱸ ᱠᱟᱱᱟ᱾
अगले साल, मैं केवल एक ले सकते हैं.	ᱫᱚᱥᱟᱨ ᱥᱮᱨᱢᱟ ᱞᱟᱹᱜᱤᱫ, ᱤᱧ ᱠᱮᱵᱚᱞ ᱢᱤᱫᱴᱟᱝ ᱤᱧ ᱦᱟᱛᱟᱣ ᱫᱟᱲᱮᱭᱟᱜᱼᱟ ᱾
कृपया दो लोगों के लिए एक टेबल	ᱵᱟᱨ ᱦᱚᱲ ᱞᱟᱹᱜᱤᱫ ᱢᱤᱫ ᱴᱮᱵᱩᱞ, ᱫᱟᱭᱟ ᱠᱟᱛᱮ
चेरी माइन का संचालन सेंट पॉल कोल कंपनी द्वारा किया जाता था।	ᱪᱮᱨᱤ ᱠᱷᱟᱹᱫᱟᱹᱱ ᱥᱮᱱᱴ ᱯᱚᱞ ᱠᱚᱭᱞᱟ ᱠᱳᱢᱯᱟᱱᱤ ᱫᱟᱨᱟᱭᱛᱮ ᱪᱟᱪᱟᱞᱟᱜ ᱛᱟᱦᱮᱸ ᱾
सभीoss मूल रूप से दो या अधिक धातुओं का मिश्रण हैं. मत भूलना कि आवधिक टेबल पर बहुत से तत्वों हैं.	ᱢᱤᱠᱥ ᱢᱮᱴᱟᱨ ᱢᱩᱬᱩᱛ ᱨᱩᱯ ᱛᱮ ᱫᱚ ᱵᱟᱨᱭᱟ ᱥᱮ ᱵᱟᱨᱭᱟ ᱠᱷᱚᱱ ᱵᱟᱹᱲᱛᱤ ᱢᱮᱴᱟᱨ ᱨᱮᱱᱟᱜ ᱢᱮᱥᱟ ᱜᱮ ᱢᱤᱠᱥ ᱠᱚ ᱢᱮᱛᱟᱜ ᱠᱟᱱᱟ᱾ ᱱᱚᱶᱟ ᱟᱞᱚᱢ ᱦᱤᱲᱤᱧᱟ ᱡᱮ ᱟᱣᱟᱨᱛ ᱥᱟᱨᱬᱤ ᱨᱮ ᱛᱤᱱᱟᱹᱜ ᱮᱞᱤᱢᱮᱱᱴ ᱢᱮᱱᱟᱜᱼᱟ᱾
इस तरह वे कुदरती आफतों के लिए बाज़ार में जा बसे हैं ।	ᱛᱩᱞᱟᱹᱢ ᱪᱟᱥᱨᱮ ᱩᱥᱩᱞ ᱡᱚᱠᱷᱟ ᱫᱟᱜ ᱟᱨ ᱠᱤᱴᱱᱟᱥᱚᱠ ᱵᱮᱵᱦᱟᱨ ᱛᱷᱟᱯᱚᱱ ᱥᱟᱛᱟᱢ ᱱᱤᱭᱮᱹ ᱠᱩᱠᱞᱤ ᱨᱟᱠᱟᱵ ᱞᱮᱫᱟᱭ ᱟᱨ ᱥᱟᱪᱟᱨᱥᱮᱫ ᱥᱩᱛᱟᱹᱢ ᱮᱴᱟᱜ ᱠᱚ ᱞᱟᱹᱜᱤᱫ ᱢᱤᱫᱴᱟᱝ ᱵᱟᱡᱟᱨ ᱵᱮᱱᱟᱣ ᱞᱮᱫᱟᱭ᱾
नासा-इन्ड प्रोटेशनल प्रोटेशनल प्रोटेशनल संस्थान (JAECO) के अनुसार, मैटीओ और अंतरिक्ष विज्ञान और प्रौद्योगिकी के भारतीय संस्थान (IA) ने 2021 में एक संयुक्‍त कार्य विभाग (CO) के तहत (COCO) निर्माण विभाग (COCOCOCACAR) ऑफिस के तहत सक्षम काम - कंपनी (COCOCA) कंपनी के तहत एक संयुक्त काम - कंपनी (COCA) विभाग (ACACACOCACHACHACACACACAR) के तहत सभी परियोजनाओं को बढ़ावा दे रहा है और जानकारी के लिए काफी समय तक काम करने की ज़रूरत पड़ेगी ।	ᱠᱮᱞᱤᱯᱷᱳᱨᱱᱤᱭᱟ ᱤᱱᱥᱴᱤᱴᱤᱭᱩᱴ ᱚᱯᱷ ᱴᱮᱠᱱᱳᱞᱚᱡᱤ ( ᱠᱮᱞᱴᱮᱠ ), ᱟᱤᱮᱥᱟᱨᱳ ᱟᱨ ᱤᱱᱰᱤᱭᱟᱱ ᱤᱱᱥᱴᱤᱴᱤᱭᱩᱴ ᱚᱯᱷ ᱥᱯᱮᱥ ᱥᱟᱭᱮᱱᱥ ᱮᱱᱰ ᱴᱮᱠᱱᱳᱞᱚᱡᱤ ( ᱟᱭᱟᱭᱮᱥᱴᱤ ) ᱫᱟᱨᱟᱭᱛᱮ ᱥᱟᱯᱲᱟᱣ ᱮᱱᱮᱮᱥᱮᱼᱠᱟᱹᱣᱰᱤ ᱥᱚᱦᱚᱫ ᱟᱠᱟᱫ ᱡᱮᱴ ᱯᱨᱚᱯᱟᱞᱮᱥᱚᱱ ᱞᱮᱵᱳᱨᱮᱴᱚᱨᱤ ( ᱡᱮᱯᱤᱮᱞ ) ᱞᱮᱠᱟᱱ ᱒᱐᱒᱑ ᱥᱟᱹᱦᱤᱛᱨᱮ ᱢᱤᱫᱴᱟᱝ ᱥᱚᱸᱜᱮ ᱠᱟᱹᱢᱤ ᱨᱮᱭᱟᱜ ᱫᱷᱟᱸᱪᱟᱭ ᱥᱟᱹᱨᱤ ᱟᱠᱟᱫᱟ ᱡᱟᱦᱟᱸᱛᱮ ᱢᱤᱫᱴᱟᱝ ᱞᱤᱪᱟᱹᱲ ᱟᱠᱟᱱ ᱛᱚᱫᱟᱨᱚᱛ ᱠᱩᱢᱩᱴ ( ᱤᱳᱥᱤ ) ᱵᱮᱝᱜᱟᱞᱳᱨ ᱨᱮ ᱢᱮᱱᱟᱜ ᱤᱥᱨᱳᱼᱨᱮᱭᱟᱜ ᱠᱮᱯᱟᱥᱤᱴᱤ ᱵᱤᱞᱰᱤᱝ ᱯᱨᱳᱜᱨᱟᱢ ᱚᱯᱷᱤᱥ ᱨᱮᱭᱟᱜ ( ᱥᱤᱵᱤᱯᱳ ) ᱟᱶᱛᱟᱨᱮ ᱥᱟᱫᱷᱟᱨᱚᱱ ᱜᱚᱨᱚᱡᱽ ᱨᱮᱭᱟᱜ ᱥᱟᱱᱟᱢ ᱦᱩᱰᱤᱧ, ᱵᱟᱨᱟᱵᱟᱹᱨᱤ ᱟᱨ ᱡᱮᱞᱮᱧ ᱚᱠᱛᱚ ᱢᱚᱦᱟᱠᱟᱥ ᱠᱷᱚᱸᱫᱨᱚᱸᱫ ᱯᱟᱱᱛᱷᱟ ᱠᱚᱭ ᱢᱧᱡᱩᱨᱟ ᱾
मेरे पास सात दाल हैं।	ᱤᱧ ᱴᱷᱮᱱ ᱮᱭᱟᱭ ᱜᱚᱴᱟᱝ ᱫᱟᱞ ᱢᱮᱱᱟᱜᱼᱟ ᱠᱚᱣᱟ।
मेरे पास सात घोड़ा हैं।	ᱤᱧ ᱴᱷᱮᱱ ᱮᱭᱟᱭ ᱜᱚᱴᱟᱝ ᱜᱷᱚᱲᱟ ᱢᱮᱱᱟᱜᱼᱟ ᱠᱚᱣᱟ।
यह एक भारतीय टको की तरह लग रहा है.	ᱱᱚᱶᱟᱫᱚ ᱵᱷᱟᱨᱚᱛ ᱨᱮᱭᱟᱜ ᱴᱮᱠᱳ ᱞᱮᱠᱟ ᱧᱮᱞᱚᱜᱼᱟ ᱾
सरकार की पार्टी, दक्षिण पश्चिम अफ्रीका के लोगों के संगठन (SPPO) में भी कुछ चुनावों में शामिल है।	ᱨᱟᱡᱽ ᱮᱫ ᱫᱚᱞ, ᱠᱚᱧᱮ ᱯᱟᱪᱮ ᱟᱯᱷᱨᱤᱠᱟ ᱯᱤᱯᱩᱞᱥ ᱚᱨᱜᱟᱱᱟᱭᱡᱮᱥᱚᱱ (ᱮᱥ.ᱰᱚᱵᱽᱞᱩ.ᱮ.ᱯᱤ.ᱳ) ᱦᱚᱸ ᱥᱚᱝᱥᱚᱫᱽ ᱵᱟᱪᱷᱱᱟᱣ ᱨᱮ ᱵᱚᱦᱩᱢᱚᱛ ᱫᱚᱦᱚ ᱠᱮᱫ ᱜᱮᱭᱟᱭI
इसलिए ट्रैफिक जाम की वजह से गाड़ी चलाते वक्‍त गाड़ी चलाते वक्‍त, गाड़ी चलाते वक्‍त सावधानी बरतने की ज़रूरत होती है ।	ᱥᱟᱣᱵᱷᱟᱜᱭᱚ ᱛᱮ, ᱰᱨᱟᱭᱣᱟᱹᱨ ᱴᱷᱤᱠ ᱦᱤᱥᱟᱹᱵ ᱛᱮ ᱥᱩᱥᱚᱝᱜᱤᱛ ᱥᱤᱢᱟᱹ ᱵᱷᱤᱛᱨᱭ ᱛᱮ ᱵᱮᱵᱷᱟᱨ ᱠᱚᱨᱟᱣᱟᱭ; ᱱᱚᱠᱟ ᱛᱮ, ᱴᱨᱮᱯᱷᱤᱠ ᱥᱴᱨᱤᱢ ᱨᱮ ᱛᱤᱱᱟᱹᱜ ᱜᱟᱱ ᱩᱪᱤᱛ ᱥᱛᱷᱤᱨᱛᱟ ᱛᱟᱦᱮᱸᱱᱟ ᱟᱨ ᱱᱚᱶᱟ ᱢᱚᱴᱟ ᱦᱤᱥᱟᱹᱵ ᱛᱮ ᱜᱚᱬᱤᱛᱤᱭᱚ ᱦᱤᱥᱟᱹᱵ ᱛᱮ ᱫᱚᱨᱥᱟᱣ ᱜᱟᱱᱚᱜᱼᱟ᱾
लड़ाई के बीच में पहाड़ से एलियंस बाहर आते हैं।	ᱞᱟᱹᱲᱦᱟᱹᱭ ᱨᱮᱭᱟᱜ ᱛᱟᱞᱟᱢᱟᱞᱟ ᱨᱮ, ᱮᱞᱤᱭᱮᱱ ᱫᱚ ᱵᱩᱨᱩ ᱠᱷᱚᱱᱮ ᱚᱰᱚᱠ ᱦᱮᱡᱮᱱᱟ ᱾
लिमोक्स का एरोन्डिसमेंट: लिमोक्स का एरोन्डिसमेंट फ्रांस का एक एरोन्डिसमेंट है।	ᱞᱤᱢᱟᱠᱥ ᱨᱮᱭᱟᱜ ᱮᱹᱨᱳᱱᱰᱤᱥᱮᱢᱮᱱᱴ ᱫᱚ ᱦᱩᱭᱩᱜ ᱠᱟᱱᱟ ᱯᱷᱨᱟᱱᱥ ᱨᱮᱭᱟᱜ ᱢᱤᱫᱴᱟᱝ ᱮᱹᱨᱳᱱᱰᱤᱥᱮᱢᱮᱱᱴ ᱾
Aerroosallas उनके दौरे पर उनके शेष संगीत रद्द कर दिया है।	ᱮᱨᱚᱥᱢᱤᱛᱷ ᱫᱚ ᱟᱡᱟᱜ ᱫᱚᱣᱨᱟ ᱨᱮ ᱟᱡᱟᱜ ᱥᱟᱨᱮᱡ ᱵᱟᱡᱟᱣ ᱠᱟᱨᱭᱚᱠᱨᱟᱢ ᱵᱚᱸᱫᱽ ᱠᱮᱫᱼᱟᱭ᱾
एक विद्यार्थी को यह सवाल पूछने का बढ़ावा दिया जाना चाहिए कि अगर वे अपने जीवन - साथी की मदद करने के बारे में कोई शक करते हैं, तो वे क्या करेंगे ।	ᱪᱮᱛᱮᱫᱤᱭᱟᱹ ᱠᱚ ᱯᱟᱭᱨᱟ ᱨᱮᱭᱟᱜ ᱯᱳᱭᱞᱳ ᱪᱤᱠᱤᱛᱥᱟ ᱯᱟᱱᱛᱷᱟ ᱵᱟᱠᱷᱨᱟ ᱛᱮ ᱡᱟᱦᱟᱸᱱ ᱦᱤᱫᱤᱡ ᱛᱟᱦᱮᱸ ᱞᱮᱱᱠᱷᱟᱱ ᱠᱩᱠᱞᱤ ᱠᱩᱞᱤᱭᱮ ᱞᱟᱜᱤᱫ ᱩᱛᱥᱟᱦᱚ ᱮᱢ ᱞᱟᱠᱛᱤᱭᱟ ᱾
ये छोटे - छोटे जानवर हैं, जिनकी पहचान हरी - सी है ।	ᱡᱟᱦᱟᱸᱭ ᱡᱟᱦᱟᱸᱭ ᱠᱚᱢᱧᱮᱞᱚᱜᱽ ᱟᱨ ᱪᱟᱵᱟᱜᱽᱠᱟᱱ ᱡᱤᱭᱟᱹᱞᱤ ᱯᱨᱚᱡᱟᱹᱛᱤ ᱠᱩ ᱪᱤᱱᱦᱟᱹᱣᱟᱠᱟᱱᱟ ᱩᱝᱠᱩ ᱫᱚ ᱠᱩ ᱦᱩᱭᱩᱜᱠᱟᱱᱟ ᱥᱟᱹᱢᱩᱫ ᱦᱚᱨᱚ, ᱰᱚᱜᱚᱝ, ᱤᱨᱟᱵᱚᱛᱤ ᱰᱚᱞᱯᱷᱤᱱ, ᱦᱮᱸᱫᱮ ᱡᱤᱞ, ᱪᱟᱢᱚᱪᱼᱵᱤᱞ ᱥᱮᱱᱰᱯᱟᱭᱯᱟᱨ, ᱪᱤᱞᱠᱟᱨᱮᱱ ᱛᱤᱼᱡᱟᱸᱜᱟ ᱵᱟᱹᱱᱩᱜ ᱪᱮᱨᱪᱮᱴᱮᱡᱽ ᱟᱨ ᱨᱩᱸᱰᱟᱹ ᱾
कौन जानता था कि हमारी कामाक्षी प्रवेश परीक्षा में दूसरी रैंक लाएगी?	ᱚᱠᱚᱭ ᱵᱟᱰᱟᱭᱠᱟᱱ ᱛᱟᱦᱮᱸᱫ ᱟᱞᱮᱨᱮᱱ ᱠᱟᱢᱟᱠᱥᱷᱤ ᱫᱚ ᱯᱨᱚᱵᱮᱥᱤᱠᱟ ᱵᱤᱰᱟᱹᱣ ᱨᱮ ᱫᱚᱥᱟᱨ ᱴᱷᱟᱣ ᱨᱮᱭ ᱦᱤᱡᱩᱜᱼᱟ ?
आम तौर पर, आपात स्थिति में लोगों को अस्पताल ले जाने के लिए एम्बुलेंस जाती हैं।	ᱥᱟᱫᱷᱟᱨᱚᱱᱚᱛᱚ, ᱮᱹᱢᱵᱩᱞᱮᱱᱥ ᱠᱚᱫᱚ ᱜᱟᱨᱥᱟᱨ ᱦᱟᱞᱚᱛᱨᱮ ᱦᱚᱲᱠᱚ ᱦᱟᱥᱯᱟᱛᱟᱞ ᱨᱮ ᱤᱫᱤ ᱠᱚ ᱞᱟᱹᱜᱤᱫ ᱪᱟᱞᱟᱜᱼᱟ ᱾
आज, केवल कीड़े ही ऐसे होते हैं जो अपने पंखों को पीछे नहीं रख सकते ।	ᱛᱮᱦᱮᱧ, ᱯᱟᱹᱪᱞᱟᱹ ᱥᱮᱡ ᱯᱟᱹᱠᱷᱬᱟᱹᱜ ᱵᱟᱠᱚ ᱠᱩᱠᱩᱪ ᱨᱩᱣᱟᱹᱲ ᱫᱟᱲᱮᱜ ᱦᱩᱰᱤᱧ ᱡᱤᱭᱟᱹᱞᱤ ᱫᱚᱠᱚ ᱦᱩᱭᱩᱜ ᱠᱟᱱᱟ ᱵᱟᱠᱟᱡᱩᱱᱩ ᱟᱨ ᱵᱟᱠᱟᱰᱩᱞᱩ᱾
मैं 2014 में उसकी मृत्यु से पहले यह हासिल नहीं किया था.	᱒᱐᱑᱔ ᱥᱟᱹᱦᱤᱛᱨᱮ ᱩᱱᱤ ᱜᱚᱡᱚᱜ ᱞᱟᱦᱟᱨᱮ ᱤᱧ ᱱᱚᱶᱟ ᱵᱟᱹᱧ ᱟᱨᱡᱟᱣ ᱰᱟᱲᱮᱭᱟᱠᱟᱫᱼᱟ ᱾
मैं जीवन बीमा पॉलिसी के बारे में कुछ जानकारी पाने के लिए यहाँ हूँ.	ᱤᱧ ᱫᱚ ᱱᱚᱸᱰᱮ ᱞᱟᱭᱤᱯᱷ ᱤᱱᱥᱩᱨᱮᱱᱥ ᱯᱚᱞᱤᱥᱤ ᱵᱟᱵᱚᱫ ᱠᱤᱪᱷᱩ ᱛᱮᱛᱮᱫ ᱧᱟᱢ ᱞᱟᱹᱜᱤᱫᱽᱤᱧ ᱦᱮᱡᱽ ᱟᱠᱟᱱᱟ ᱾
समुदाय चिढ़ के कारण साइट के बारे में यौन सामग्री के बारे में एक नीति बनाने की कोशिश की जो लाखों खुले संचार माध्यमों के.	ᱜᱟᱶᱛᱟ ᱠᱚᱣᱟᱜ ᱡᱚᱞᱚᱱ ᱨᱮ ᱥᱟᱭᱤᱴ ᱞᱟᱹᱜᱤᱫ ᱭᱚᱣᱱ ᱥᱚᱢᱟᱱ ᱨᱮᱱᱟᱜ ᱥᱟᱹᱜᱟᱹᱭ ᱨᱮ ᱢᱤᱫ ᱱᱤᱛᱤ ᱨᱮᱱᱟᱜ ᱢᱟᱥᱚᱣᱫᱟ ᱥᱟᱯᱲᱟᱣ ᱞᱟᱹᱜᱤᱫ ᱛᱮ ᱱᱤᱛᱟᱝ ᱨᱤᱠᱟᱹ ᱨᱮᱱᱟᱜ ᱡᱟᱱᱟᱢ ᱮᱢ ᱦᱩᱭ ᱞᱮᱱᱟ, ᱡᱟᱦᱟᱸ ᱫᱚ ᱞᱟᱠ ᱡᱷᱤᱡ - ᱞᱟᱭᱤᱥᱮᱱᱥ ᱟᱱᱟᱜ ᱢᱤᱰᱤᱭᱟ ᱫᱚ ᱦᱚᱥᱴ ᱮᱫᱟᱭ᱾
ईमानदारी से मैं घड़ी के चारों ओर विषय का अध्ययन नहीं है.	ᱥᱟᱹᱨᱤ ᱠᱟᱛᱷᱟ ᱢᱮᱱᱛᱮᱫᱚ, ᱥᱟᱨᱟ ᱜᱷᱟᱹᱲᱤ ᱫᱚ ᱤᱧ ᱵᱟᱹᱧ ᱯᱟᱲᱦᱟᱜᱼᱟ ᱾
यहां तक कि तुम कहाँ हो?	ᱮᱢᱚᱱ ᱪᱮᱫ ᱟᱢ ᱫᱚ ᱚᱠᱟᱨᱮ ?
डॉक्टर ने कहा कि उसके पास जीने के लिए केवल कुछ ही दिन बचे हैं।	ᱰᱟᱠᱛᱟᱨᱼᱮ ᱞᱟᱹᱭ ᱟᱠᱟᱫᱟ ᱡᱮ ᱩᱱᱤ ᱫᱚ ᱟᱨ ᱮᱠᱮᱱ ᱠᱤᱪᱷᱩ ᱫᱤᱱ ᱵᱟᱧᱪᱟᱣ ᱢᱮᱱᱟᱭᱟ ᱾
वह बताता है कि युद्ध में क्या हो रहा है ।	ᱩᱱᱤ ᱫᱚ ᱥᱚᱱᱡᱚᱭᱮ ᱨᱚᱲ ᱨᱩᱣᱟᱹᱲᱟᱫᱮᱭᱟ, ᱡᱟᱦᱟᱸᱭ ᱫᱚ ᱞᱟᱹᱲᱦᱟᱹᱭ ᱜᱚᱰᱟ ᱠᱷᱚᱱ ᱪᱮᱫ ᱦᱩᱭᱩᱜ ᱠᱟᱱᱮ ᱞᱟᱹᱭᱮᱛ ᱠᱟᱱᱟ ᱾
मॉडल का समीकरण है आपूर्ति और मांग का स्तर मूल्य और अन्य चर (उदाहरण के लिए, आय के लिए) निर्धारित करता है।	ᱢᱚᱰᱮᱞ ᱨᱮᱭᱟᱜ ᱢᱤᱫ ᱞᱮᱠᱟᱱᱟᱜ ᱠᱚ ᱨᱮᱭᱟᱜ ᱜᱚᱱᱚᱝ ᱟᱨ ᱮᱴᱟᱜ ᱵᱚᱱᱚᱫᱚᱞ ᱞᱮᱠᱟᱱᱜ (ᱫᱟᱹᱭᱠᱟᱹ ᱞᱮᱠᱟᱛᱮ, ᱨᱳᱡᱜᱟᱨ) ᱯᱷᱟᱝᱥᱚᱱ ᱞᱮᱠᱟᱛᱮ ᱥᱟᱨᱵᱷᱟᱨ ᱟᱨ ᱪᱟᱹᱦᱤᱫᱟ ᱨᱮᱭᱟᱜ ᱛᱷᱟᱨᱮ ᱵᱟᱪᱷᱟᱣᱼᱟ ᱾
आप अंधेरे में पिरामिड देख सकते हैं और शो शुरू होने से पहले आप उन्हें चुपचाप देख सकते हैं ।	ᱟᱯ ᱯᱤᱨᱟᱢᱤᱰ ᱠᱚ ᱧᱩᱛ ᱨᱮᱢ ᱫᱟᱲᱮᱭᱟᱜᱼᱟ ᱟᱨ ᱥᱳ ᱮᱛᱚᱦᱚᱵ ᱞᱮᱱ ᱢᱟᱬᱟᱝ ᱟᱢ ᱚᱱᱟ ᱛᱷᱤᱨ ᱠᱮᱛᱮᱡ ᱮᱢ ᱧᱮᱞ ᱫᱟᱲᱮᱭᱟᱜᱼᱟ᱾
अक्‍तूबर 2012 में, यह घोषणा की गयी कि इसके साथ - साथ 15 प्रतिशत की कमाई कम करने की योजना बनायी गयी है ।	᱒᱐᱑᱒ ᱨᱟᱭᱟᱜ ᱚᱠᱴᱚᱵᱚᱨ ᱨᱮ, ᱞᱟᱛᱟᱨ ᱥᱮᱪ ᱟᱹᱠᱷᱨᱤᱧ ᱟᱠᱟᱱ ᱨᱳᱡᱜᱟᱨ ᱠᱟᱨᱚᱱᱛᱮ ᱱᱚᱣᱟ ᱟᱨᱦᱚᱸ ᱑᱕% ᱠᱟᱹᱢᱤᱭᱟᱹ ᱪᱷᱟᱸᱴᱟᱭ ᱨᱮᱭᱟᱜ ᱩᱭᱦᱟᱹᱨᱵᱷᱟᱵᱱᱟ ᱦᱟᱛᱟᱣ ᱟᱠᱟᱱᱟ ᱾
यह गॉरिया और पहाड़ी इलाकों के नीचे पतली और पतली होती है ।	ᱱᱚᱶᱟ ᱢᱟᱨᱤᱭᱟ ᱞᱟᱛᱟᱨ ᱨᱮᱱᱟᱜ ᱫᱚ ᱱᱟᱱᱦᱟ ᱟᱨ ᱦᱟᱭᱤᱞᱮᱱᱰᱥ ᱞᱟᱛᱟᱨ ᱢᱚᱴᱟ ᱛᱟᱦᱮᱱ ᱠᱟᱱᱟ᱾
आज इस्तेमाल किए जानेवाले लगभग सभी कंप्यूटर उस जानकारी के इस्तेमाल पर आधारित हैं जिसे बाइनरी संख्या के रूप में कोड लगाया जाता है ।	ᱛᱤᱦᱤᱧ ᱵᱮᱵᱷᱟᱨᱚᱜ ᱠᱟᱱ ᱟᱢᱫᱟᱡᱽ ᱥᱟᱱᱟᱢ ᱠᱚᱢᱯᱤᱭᱩᱴᱟᱨ ᱤᱱᱯᱷᱳᱨᱢᱮᱥᱚᱱ ᱨᱮᱭᱟᱜ ᱦᱮᱨᱯᱷᱮᱨ ᱪᱮᱛᱟᱱ ᱴᱮᱦᱟᱸᱰ ᱢᱮᱱᱟᱜᱼᱟ ᱡᱟᱦᱟᱸ ᱫᱚ ᱵᱟᱭᱱᱟᱨᱤ ᱱᱚᱢᱵᱚᱨ ᱛᱮ ᱠᱳᱰᱤᱝ ᱦᱩᱭᱩᱜᱼᱟ᱾
मेरे पास पाँच अक्षर हैं।	ᱤᱧ ᱴᱷᱮᱱ ᱢᱚᱬᱮ ᱜᱚᱴᱟᱝ ᱚᱠᱷᱚᱨ ᱢᱮᱱᱟᱜᱼᱟ ᱠᱚᱣᱟ।
राष्ट्रीय जाँच भी NDPEREENTEEETEEEEETEEENEEEEENEEEEENE की तरह कर रहे हैं.	ᱮᱱᱟᱭᱰᱤ ᱵᱚᱞᱚᱱ ᱵᱤᱰᱟᱹᱣ ᱞᱮᱠᱟᱱ ᱡᱟᱛᱤᱭᱚ ᱵᱤᱰᱟᱹᱣ ᱦᱚᱸ ᱢᱮᱱᱟᱜᱽᱼᱟ ᱾
अमेरिका के भूतपूर्व नाम, मकदूनिया के भूतपूर्व नाम पर।	ᱡᱩᱜᱳᱥᱞᱟᱵᱷᱤᱭᱟ ᱥᱟᱫᱦᱟᱨᱚᱱ ᱵᱟᱡᱟᱨ ᱪᱮᱛᱟᱱ ᱯᱚᱪᱷᱤᱢ ᱥᱮᱱᱟᱜ ᱢᱟᱱᱟᱵᱟᱨᱚᱱ ᱠᱷᱚᱱ ᱮᱛᱚᱦᱚᱵ ᱠᱟᱛᱮ ᱩᱛᱛᱚᱨ ᱢᱮᱥᱮᱰᱳᱱᱤᱭᱟ ᱪᱮᱛᱟᱱ ᱜᱨᱤᱠ ᱢᱟᱱᱟᱵᱟᱨᱚᱱ ᱫᱷᱟᱹᱵᱤᱡ, ᱫᱤᱥᱚᱢ ᱨᱮᱭᱟᱜ ᱥᱮᱫᱟᱭ ᱧᱩᱛᱩᱢ, ᱢᱮᱥᱮᱰᱳᱱᱤᱭᱟ ᱨᱮᱭᱟᱜ ᱟᱹᱯᱱᱟᱹᱛ ᱫᱷᱟᱹᱵᱤᱡ ᱾
डार्कनेट में आईपी छिपे हुए, अदृश्य या खोजने में बहुत कठिन होते हैं।	ᱰᱟᱨᱠᱱᱮᱴ ᱨᱮ ᱟᱭ ᱯᱤᱥ ᱫᱚ ᱩᱠᱩ, ᱵᱟᱝ ᱧᱮᱞᱚᱜ ᱥᱮ ᱥᱮᱸᱫᱨᱟᱭ ᱨᱮ ᱟᱹᱰᱤ ᱢᱩᱥᱠᱤᱞ ᱜᱮᱭᱟ ᱾
मुझे चिंता थी कि मेरी बचत उतनी लंबी नहीं चलेगी जितनी मैंने सोची थी।	ᱤᱧ ᱪᱤᱱᱛᱟᱹ ᱨᱮᱧ ᱛᱟᱦᱮᱸ ᱠᱟᱱᱟ ᱡᱮ ᱤᱧᱟᱹᱜ ᱥᱟᱧᱪᱟᱣ ᱛᱤᱱᱫᱤᱱ ᱤᱧ ᱢᱚᱱᱮ ᱞᱮᱫᱟ ᱩᱱᱫᱤᱱ ᱫᱚ ᱵᱟᱝ ᱛᱷᱟᱹᱭᱤᱜᱼᱟ ᱾
संतालीस	ᱯᱳᱱ ᱜᱮᱞ ᱮᱭᱟᱭ
हमारे अलावा बाकी सभी को समय पर रिप्लेसमेंट सिलेंडर मिल रहा है।	ᱟᱞᱮ ᱵᱮᱜᱚᱨ ᱥᱟᱱᱟᱢ ᱦᱚᱲ ᱚᱠᱛᱚ ᱱᱟᱹᱯᱤᱛ ᱥᱤᱞᱤᱱᱰᱟᱨ ᱠᱚ ᱧᱟᱢ ᱮᱫᱟ ᱾
पोईच और एमरल के क्षेत्रों में विद्रोह के बाद और पाकिस्तान ने कप्पल पिंगेज के मध्य हस्तक्षेप के बाद, माजा ने भारतीय सैन्य सहायता के लिए निवेदन किया।	ᱯᱩᱧᱪᱚ ᱟᱨ ᱢᱤᱨᱯᱩᱨ ᱴᱚᱴᱷᱟ ᱨᱮ ᱞᱟᱹᱲᱦᱟᱹᱭ ᱠᱚ ᱟᱨ ᱯᱟᱠᱤᱥᱛᱟᱱᱼᱜᱚᱲᱚᱟᱭ ᱠᱷᱟᱭᱵᱟᱨ ᱯᱟᱠᱷᱛᱩᱱᱠᱷᱳᱣᱟᱨ ᱯᱟᱥᱛᱩᱱ ᱪᱟᱸᱜᱟᱡᱟᱹᱛᱤᱭᱟᱹᱨᱤ ᱦᱚᱥᱛᱚᱠᱷᱮᱯ ᱛᱟᱭᱚᱢ, ᱵᱷᱟᱨᱚᱛ ᱨᱮᱱ ᱯᱷᱟᱹᱫ ᱟᱜ ᱜᱚᱲᱚ ᱱᱮᱦᱚᱨ ᱞᱮᱫᱟᱭ ᱢᱚᱦᱟᱨᱟᱡᱟ।
हैरी कान और बेटा हैंगर अपने गुणवत्ता के साथ मिलान दूर चला जाएगा, या भूतपूर्व क्लीएलीसी और आरिलिलिस आगे की प्रतीक्षा करने के लिए फिर से पीछा करने के लिए लौट जाएगा?	ᱦᱮᱨᱤ ᱠᱮᱱ ᱟᱨ ᱥᱚᱱ ᱦᱤᱣᱩᱝᱼᱢᱤᱱ ᱫᱚ ᱪᱮᱫ ᱟᱠᱚᱣᱟᱜ ᱜᱩᱱᱢᱟᱱ ᱥᱟᱶᱛᱮ ᱢᱤᱞᱟᱱ ᱠᱚ ᱚᱪᱚᱜᱮᱭᱟ, ᱥᱮ ᱪᱮᱞᱥᱤ ᱟᱨ ᱟᱨᱥᱮᱱᱟᱞ ᱨᱮᱱ ᱞᱟᱦᱟᱛᱮᱱᱤᱡ ᱯᱷᱚᱨᱳᱣᱟᱨᱰ ᱚᱞᱤᱵᱷᱤᱭᱟᱨ ᱜᱤᱨᱩᱰ ᱟᱨᱦᱚᱸ ᱥᱯᱟᱨᱥ ᱛᱦᱮᱱᱮ ᱨᱩᱣᱟᱹᱲ ᱦᱤᱡᱩᱜ ᱟ ?
जब मैं ट्रांसफर कर रहा था तब मेरा कंप्यूटर बंद हो गया।	ᱤᱧ ᱴᱷᱟᱱᱥᱯᱷᱟᱨ ᱠᱚᱨᱟᱣ ᱚᱠᱛᱚ ᱤᱧᱟᱹᱜ ᱠᱚᱢᱯᱤᱭᱩᱴᱟᱨ ᱫᱚ ᱵᱚᱱᱫᱚ ᱞᱮᱱᱟ ᱾
हम टावर के शीर्ष के लिए जा सकते हैं?	ᱟᱞᱮ ᱪᱮᱫ ᱴᱟᱣᱟᱨ ᱪᱮᱛᱟᱱᱨᱮ ᱞᱮ ᱥᱮᱱ ᱫᱟᱲᱮᱭᱟᱜᱼᱟ ?
छी! बाथरूम के नाले में बाल फंसे हैं। मैं इसे साफ नहीं करूँगा।	ᱤᱭᱚᱠ! ᱵᱟᱛᱷᱨᱩᱢ ᱨᱮᱭᱟᱜ ᱰᱨᱮᱱ ᱨᱮ ᱩᱯ ᱟᱴᱚᱠ ᱟᱠᱟᱱᱼᱟ ᱾ ᱤᱧ ᱚᱱᱟ ᱵᱟᱹᱧ ᱥᱟᱯᱷᱟᱭᱟ ᱾
हम एक बार एक और विश्‍वविद्यालय के साथ मुसीबत में पड़ गए; मैं सिर्फ यकीन करने के लिए कह रहा हूँ ।	ᱟᱞᱮ ᱫᱚ ᱢᱤᱫᱽᱫᱷᱟᱣ ᱮᱴᱟᱜ ᱡᱮᱜᱮᱫᱽᱵᱤᱫᱫᱟᱹᱜᱟᱲᱨᱮ ᱟᱱᱟᱴᱨᱮᱞᱮ ᱯᱟᱲᱟᱣᱞᱮᱱᱟ; ᱤᱧ ᱫᱚ ᱴᱷᱟᱹᱣᱠᱟᱹᱭ ᱞᱟᱹᱜᱤᱫᱽᱛᱮᱧ ᱠᱩᱞᱤᱠᱟᱱᱟ ᱾
अब, कोई मुझे बता सकता है क्या एक वोट देने के लिए योग्य बनाता है?	ᱱᱤᱛ, ᱡᱟᱦᱟᱸᱭ ᱯᱮ ᱞᱟᱹᱭ ᱫᱟᱲᱮᱭᱟᱹᱧᱟᱹ ᱪᱮᱫ ᱞᱮᱠᱟᱛᱮ ᱢᱤᱫᱴᱟᱝ ᱵᱷᱳᱴᱟᱨ ᱵᱷᱳᱴ ᱮᱢᱨᱮᱱ ᱡᱳᱜᱽᱜᱚᱭ ᱦᱩᱭᱩᱜᱼᱟ ?
फ्रांसीसी चुने गए कानून के बजाय निश्‍चित रूप से कार्यवाहीों को समर्थन देते हैं ।	ᱯᱷᱨᱟᱱᱥᱤᱥᱤ ᱪᱩᱱᱟᱣ ᱠᱟᱱᱩᱱ ᱠᱟᱨᱭᱟᱣᱟᱦᱤ ᱫᱚ ᱥᱚᱠᱷᱛᱤ ᱠᱷᱚᱱ ᱥᱟᱸᱦᱤᱛᱟᱵᱟᱫᱽ ᱮᱫᱟᱭ᱾
डियाब्लो IV, जो अभी तैयार नहीं है, 2022 में आ सकता है।	ᱰᱟᱭᱟᱵᱞᱳ IV, ᱡᱟᱦᱟ ᱫᱚ ᱱᱤᱛ ᱦᱚᱸ ᱵᱟᱝ ᱛᱮᱭᱟᱨ ᱟᱠᱟᱱᱟ, ᱒᱐᱒᱒ ᱥᱟᱹᱦᱤᱛ ᱨᱮ ᱚᱰᱚᱠ ᱦᱮᱡ ᱫᱟᱲᱮᱭᱟᱜᱼᱟ ᱾
खोज से पता चला है कि मादा दो गुना ज़्यादा है और उस वक्‍त नर भी ।	ᱥᱚᱫᱷ ᱨᱮ ᱵᱟᱲᱟᱭ ᱞᱮᱱᱟ ᱡᱮ ᱠᱚᱲᱟ ᱨᱟᱭᱟᱜ ᱛᱩᱞᱱᱟᱹ ᱨᱮ ᱠᱩᱲᱤ ᱨᱮ ᱮᱢᱹᱮᱥᱹ ᱛᱟᱦᱮᱸ ᱨᱮᱭᱟᱜ ᱥᱚᱢᱵᱷᱟᱣᱱᱟ ᱫᱚ ᱜᱩᱱᱟᱹ ᱰᱷᱮᱨ ᱜᱮ ᱛᱟᱦᱮᱸᱱ ᱠᱟᱱᱟ᱾
उनका न्याय उनके शारीरिक विकास, रूप और व्यक्‍तित्व के आधार पर किया गया था ।	ᱦᱩᱭᱫᱟᱲᱮᱭᱟᱜ ᱦᱮᱯᱨᱟᱣᱠᱚ ᱵᱤᱪᱟᱹᱨ ᱞᱮᱫᱟ ᱩᱱᱠᱩ ᱦᱚᱲᱢᱚ ᱜᱚᱲᱦᱚᱱ, ᱪᱮᱨᱦᱟ ᱟᱨ ᱟᱯᱱᱟᱨᱟᱱᱟᱜ ᱪᱮᱛᱟᱱ ᱨᱮ ᱦᱩᱭ ᱞᱮᱱᱟ᱾
यांग ने नई कंपनियों और शुरुआती चरण की कंपनियों को शुरू करने और चलाने में मदद की है।	ᱡᱩᱣᱟᱹᱱ ᱠᱚ ᱮᱛᱚᱦᱚᱵ ᱟᱠᱟᱫᱟ ᱟᱨ ᱩᱱᱠᱩᱣᱟᱜ ᱮᱛᱚᱦᱚᱵ ᱦᱚᱨᱟᱨᱮ ᱱᱟᱣᱟᱱ ᱠᱳᱢᱯᱟᱱᱤ ᱟᱨ ᱠᱳᱢᱯᱟᱱᱤ ᱪᱟᱞᱟᱣ ᱞᱟᱹᱜᱤᱫ ᱮ ᱜᱚᱲᱚ ᱟᱠᱟᱫ ᱠᱚᱣᱟ ᱾
हालाँकि, कुछ लोग वास्तव में पेशेवर परिणाम प्राप्त करने में सक्षम थे।	ᱡᱟᱦᱟᱜᱮ ᱦᱩᱭᱩᱜ, ᱚᱠᱟᱭ ᱚᱠᱚᱭ ᱪᱚ ᱥᱟᱹᱨᱤᱜᱮ ᱯᱮᱥᱟᱫᱟᱹᱨᱤ ᱚᱨᱡᱚ ᱟᱹᱭᱠᱟᱹᱣ ᱫᱟᱨᱟᱢ ᱨᱮ ᱠᱚ ᱯᱟᱨᱚᱠᱷᱤᱭᱟᱹ ᱟᱠᱟᱱᱟ ᱾
मुझे खेद है, लेकिन मेरा खाता ओवरड्राफ्ट में है और मैं महीने के अंत तक भुगतान नहीं कर पाऊँगा।	ᱤᱧ ᱫᱩᱠᱷᱤᱧ ᱟᱴᱠᱟᱨᱮᱫ ᱠᱟᱱᱟ, ᱢᱮᱱᱠᱷᱟᱱ ᱤᱧᱟᱜ ᱮᱠᱟᱣᱩᱱᱴ ᱫᱚ ᱳᱵᱷᱟᱨ ᱰᱨᱟᱯᱷᱴ ᱟᱠᱟᱱᱟ ᱟᱨ ᱤᱧ ᱫᱚ ᱢᱟᱹᱱᱦᱟᱹ ᱨᱮᱭᱟᱜ ᱢᱩᱪᱟᱹᱫ ᱥᱮᱡ ᱠᱟᱹᱣᱰᱤ ᱵᱟᱹᱧ ᱮᱢ ᱫᱟᱲᱮᱭᱟᱜᱼᱟ ᱾
पेशेवर खेलों में अत्यधिक व्यवसायीकरण और लालच घिनौना है।	ᱡᱤᱯᱠᱟᱹᱣᱟᱱ ᱠᱷᱮᱞᱳᱰ ᱨᱮ ᱟᱹᱰᱤ ᱰᱷᱮᱨ ᱵᱮᱯᱟᱨᱤᱭᱟᱹ ᱟᱨ ᱞᱟᱞᱚᱥ ᱫᱚ ᱵᱟᱹᱲᱤᱡᱼᱟ ᱾
बिलकुल!	ᱮᱠᱟᱞ ᱛᱮᱜᱮ !
यह व्यवहार अकसर नेताओं और बाकी टीम के बीच दरार पैदा करता है ।	ᱱᱚᱣᱟ ᱵᱮᱵᱷᱟᱨ ᱫᱚ ᱟᱹᱰᱤ ᱜᱟᱱ ᱡᱚᱠᱷᱮᱡ ᱟᱹᱭᱩᱨᱤᱭᱟᱹ ᱟᱨ ᱜᱟᱶᱛᱟ ᱨᱮᱱ ᱮᱴᱟᱜ ᱥᱚᱦᱮᱫ ᱠᱚ ᱛᱟᱞᱟ ᱨᱮ ᱯᱟᱨᱟᱜ ᱨᱮᱭᱟᱜ ᱠᱟᱨᱚᱱ ᱦᱩᱭᱩᱜᱼᱟ᱾
मुझे लगता है कि तुम बिस्बी माबरा याद नहीं था, जो ताज महल की एक नकल लग रही है.	ᱤᱧ ᱢᱚᱱᱮᱭᱟ ᱦᱩᱭᱩᱜ ᱠᱟᱱᱟ ᱵᱤᱵᱤ ᱠᱟ ᱢᱟᱠᱵᱟᱨᱟ ᱧᱮᱞ ᱫᱚ ᱵᱟᱢ ᱦᱤᱲᱤᱧ ᱟᱠᱟᱫᱟ, ᱡᱟᱦᱟᱸᱫᱚ ᱛᱟᱡᱽᱢᱚᱦᱚᱞ ᱞᱮᱠᱟ ᱧᱮᱞᱚᱜᱼᱟ ᱿
मुझे सवाल पूछने के लिए स्वतंत्र लग रहा है, अगर कोई है.	ᱡᱩᱫᱤ ᱡᱟᱦᱟᱸᱱ ᱠᱩᱠᱞᱤ ᱛᱟᱦᱮᱸᱱᱠᱷᱟᱱ ᱫᱟᱭᱟᱠᱟᱛᱮ ᱠᱩᱞᱤᱭᱤᱧ ᱯᱮ ᱾
यूट्यूब पर मेरे 50,000 से अधिक सब्सक्राइबर हैं। मुझे लगता है कि अगर मैं वीडियो बनाना जारी रखूँगा, तो मुझे 'यूट्यूब सिल्वर प्ले बटन' पुरस्कार मिलेगा।	ᱤᱧᱨᱮᱱ ᱤᱭᱩᱴᱤᱭᱩᱵ ᱨᱮ ᱕᱐,᱐᱐᱐ ᱠᱷᱚᱱ ᱰᱷᱮᱨ ᱥᱟᱵᱥᱠᱨᱟᱭᱵᱟᱨ ᱢᱮᱱᱟᱜ ᱠᱚᱣᱟ ᱾ ᱤᱧ ᱢᱚᱱᱮᱭᱟ ᱡᱩᱫᱤ ᱵᱷᱤᱰᱤᱭᱳᱧ ᱛᱮᱭᱟᱨ ᱤᱫᱤᱭᱟ, ᱤᱧ ᱫᱚ "ᱤᱭᱩᱴᱤᱭᱩᱵ ᱥᱤᱞᱵᱷᱟᱨ ᱯᱞᱮ ᱵᱳᱛᱟᱢ" ᱥᱤᱨᱯᱟᱹᱧ ᱡᱤᱛᱠᱟᱹᱨᱟ ᱾
यह एक ओलंफ़ा होने के लिए महान है, लेकिन बाद में तनाव और चिंता है.	ᱢᱤᱫ ᱚᱞᱤᱢᱯᱤᱭᱟᱱ ᱦᱩᱭᱩᱜ ᱫᱚ ᱢᱚᱦᱚᱛᱜᱮᱭᱟ, ᱢᱮᱱᱠᱷᱟᱱ ᱛᱟᱭᱚᱢᱛᱮ ᱫᱚ ᱟᱡᱷᱟᱴ ᱟᱨ ᱵᱚᱛᱚᱨ ᱢᱮᱱᱟᱜᱼᱟ ᱾
ᱯᱩᱱ	चार
अरे, सूफ़ी.	ᱟᱨᱮ, ᱥᱩᱯᱷᱤ ᱾
क्या तुम मुझसे मज़ाक कर रहे हो? उन्होंने फिल्म रूपांतरण में कहानी की पूरी तरह से धज्जियां उड़ा दीं (दोस्त 1)।	ᱟᱢ ᱪᱮᱫ ᱤᱧ ᱥᱟᱞᱟᱜ ᱮᱢ ᱢᱚᱡᱟ ᱮᱫᱟ? ᱩᱱᱠᱩ ᱫᱚ ᱪᱚᱞᱚᱛ ᱪᱤᱛᱟᱹᱨ ᱵᱮᱱᱟᱣ ᱨᱮ ᱠᱟᱹᱦᱚᱱᱤ ᱛᱮᱫ ᱫᱚ ᱯᱩᱨᱟᱹ ᱜᱮᱠᱚ  ᱪᱟᱵᱟ ᱟᱠᱟᱫᱟ ᱾ (ᱜᱟᱛᱮ 1)
डोनाल्ड बर्ड के पास इस गाने के दर्जनों संस्करण हैं।	ᱰᱳᱱᱟᱞᱰ ᱵᱟᱨᱰᱮᱱ ᱥᱮᱹᱨᱮᱹᱧ ᱨᱮᱭᱟᱜ ᱠᱚᱭᱮᱠ ᱰᱚᱡᱚᱱ ᱟᱹᱨᱩᱯᱷᱮᱨᱟᱣ ᱢᱮᱱᱟᱜᱼᱟ ᱾
मेरे पास सात कुर्सी हैं।	ᱤᱧ ᱴᱷᱮᱱ ᱮᱭᱟᱭ ᱜᱚᱴᱟᱝ ᱠᱩᱨᱥᱤ ᱢᱮᱱᱟᱜᱼᱟ ᱠᱚᱣᱟ।
बी. ए. ( बुल्के बाइबिल) वह जगह थी जहाँ राजकुमार सिथाथथथ ज्ञान प्राप्त हुआ और प्रभु शिक्षक बन गया ।	ᱵᱚᱫᱷᱜᱚᱭᱟ (ᱵᱤᱦᱟᱨ), ᱫᱚ ᱢᱤᱫᱴᱟᱝ ᱡᱟᱭᱜᱟ ᱡᱟᱦᱟᱸᱨᱮ ᱨᱟᱡᱦᱚᱯᱚᱱ ᱥᱤᱫᱫᱷᱟᱨᱛᱷᱚ ᱫᱚ ᱜᱮᱭᱟᱱᱼᱮ ᱧᱟᱢ ᱞᱮᱫᱟ ᱟᱨ ᱪᱟᱸᱫᱚ ᱵᱚᱸᱜᱟ ᱵᱩᱫᱫᱷᱚᱭ ᱦᱩᱭᱞᱮᱱᱟ ᱾
बैकस्लैश में मुख्य घटनाएँ क्या हैं?	ᱵᱞᱟᱠᱞᱟᱥ ᱨᱮᱭᱟᱜ ᱢᱩᱲᱩᱫ ᱤᱵᱷᱮᱱᱴ ᱪᱮᱫ ᱠᱟᱱᱟ ?
सन्‌ 1624 में, दक्षिण - पश्‍चिमी ताइवान में एक आधार तैयार किया गया है ।	᱑᱖᱒᱔ ᱨᱮ, ᱰᱚᱪ ᱤᱥᱴ ᱤᱱᱰᱤᱭᱟ ᱠᱩᱢᱯᱟᱱᱤ ᱠᱚᱧᱮ-ᱯᱟᱪᱮ ᱛᱟᱭᱣᱟᱱ ᱨᱮ ᱢᱤᱫ ᱜᱷᱟᱹᱴᱤ ᱵᱮᱱᱟᱣ ᱠᱟᱛᱮ,‌ ᱡᱟᱦᱟᱸ ᱫᱚ ᱟᱹᱫᱤᱵᱟᱹᱥᱤ ᱡᱚᱢᱟᱜ ᱩᱫᱽᱯᱟᱫᱚᱱ ᱦᱮᱣᱟ ᱵᱮᱵᱚᱥᱛᱟ ᱠᱚ ᱵᱚᱫᱚᱞ ᱮᱛᱚᱦᱚᱵᱽ ᱞᱮᱜᱼᱟ ᱟᱨ ᱱᱚᱸᱰᱮᱱᱟᱜ ᱦᱳᱲᱳ ᱟᱨ ᱟᱺᱠᱷ ᱫᱟᱨᱮ ᱨᱚᱦᱚᱭ ᱠᱟᱹᱢᱤ ᱨᱮ ᱪᱟᱭᱱᱤᱡᱽ ᱠᱟᱹᱢᱤᱭᱟᱹ ᱦᱚᱲᱠᱚ ᱟᱹᱪᱩ ᱞᱮᱫ ᱠᱚᱣᱟI
फिर भी, सार्वजनिक परिवहन और दूसरी सुविधाओं में भी स्पैनिश इस्तेमाल की जाती है ।	ᱮᱱᱛᱮ ᱨᱮᱦᱚᱸ, ᱥᱟᱢᱮᱞᱟᱭ ᱛᱮ ᱯᱚᱨᱤᱵᱚᱦᱚᱱ ᱟᱨ ᱮᱴᱟᱜ ᱥᱩᱵᱤᱫᱷᱟ ᱠᱚᱨᱮ ᱥᱯᱟᱱᱤᱥ ᱦᱚᱸ ᱵᱟᱹᱲᱛᱤ ᱠᱟᱭᱛᱮ ᱵᱮᱵᱷᱟᱨᱚᱜ ᱠᱟᱱᱟ᱾
पूरे बजट में सिर्फ 3% ही काफी काबिल नहीं और बहुत - से संस्थाएँ हैं ।	ᱴᱳᱴᱟᱞ ᱵᱟᱡᱮᱴ ᱨᱮᱭᱟᱜ ᱮᱠᱮᱱ ᱓% ᱫᱚ ᱟᱹᱰᱤ ᱜᱤ ᱛᱷᱚᱲᱟ ᱜᱤᱭᱟ ᱟᱨ, ᱤᱱᱥᱴᱤᱴᱤᱭᱩᱴ ᱨᱮᱭᱟᱜ ᱢᱤᱴᱴᱮᱱ ᱢᱟᱨᱟᱝ ᱞᱮᱠᱷᱟᱛᱮ, ᱩᱝᱠᱩ ᱢᱩᱫᱽᱨᱮ ᱥᱮᱣᱟ ᱠᱟᱹᱢᱤ ᱨᱮᱭᱟᱜ ᱵᱟᱹᱨᱤᱡ ᱜᱩᱱ ᱜᱤ ᱮᱠᱮᱱᱮ ᱴᱷᱤᱠᱟᱹ ᱫᱟᱲᱮᱭᱟᱜᱼᱟ ᱾
फिर यह डिवाइस ड्राइवर के साथ डेटा का आदान-प्रदान करता है।	ᱚᱱᱟ ᱛᱟᱭᱚᱢ ᱱᱚᱣᱟ ᱫᱚ ᱢᱤᱫᱴᱟᱝ ᱰᱤᱵᱷᱟᱭᱤᱥ ᱰᱨᱟᱭᱵᱷᱟᱨ ᱥᱟᱣ ᱰᱮᱴᱟᱭ ᱡᱳᱜᱟᱡᱳᱜᱼᱟ ᱾
क्या यह नदी अच्छा है?	ᱪᱮᱫ ᱱᱚᱣᱟ ᱱᱟᱹᱭ ᱱᱟᱯᱟᱭ ᱠᱟᱱᱟ?
हर राज्य एक तस्वीरक्स द्वारा चित्रित होता है.	ᱢᱤᱢᱤᱫᱽ ᱯᱚᱱᱚᱛ ᱫᱚ ᱟᱠᱩᱣᱟᱜ ᱴᱮᱵᱞᱚᱣᱣᱟᱛᱮᱠᱩ ᱥᱮᱴᱮᱨᱚᱜᱽᱼᱟ ᱾
हाल ही के सी 14 अंक और SATATA II-B अवधि की तुलना से पता चलता है कि पहले दो चरणों को पहले से ही पहचाना जाना चाहिए : चरणों को पहले से ही तय किया जाना चाहिए और फिर से स्थापित किया जाना चाहिए: चरण I (c. 300 - 300 B) और चरण II (20-600).	ᱫᱚᱥᱟᱨᱼᱵᱤ ᱟᱨᱢᱤ ᱚᱠᱛᱚᱱᱟᱝᱨᱮ ᱦᱟᱥᱟ ᱠᱟᱹᱨᱤ ᱥᱟᱶ ᱱᱮᱦᱟᱞᱤ ᱥᱤ ᱑᱔ ᱚᱠᱛᱚ ᱜᱚᱴᱟ ᱞᱮᱱᱟ ᱟᱨ ᱠᱟᱹᱨᱤ ᱞᱮᱠᱟᱛᱮ ᱛᱩᱞᱟᱡᱚᱠᱷᱟᱨᱮ ᱧᱮᱞ ᱞᱮᱱᱟ ᱡᱮ ᱯᱳᱭᱞᱳ ᱵᱟᱨᱭᱟ ᱯᱚᱨᱡᱟᱭ ᱫᱷᱟᱯ ᱨᱮ ᱯᱨᱟᱠᱦᱚᱨᱚᱯᱯᱟᱱ ᱫᱷᱳᱞᱟᱵᱤᱨᱤ ᱞᱟᱠᱪᱟᱨ ᱢᱮᱱᱛᱮ ᱟᱨ ᱚᱠᱛᱚᱠᱚ ᱞᱟᱛᱟᱨᱮ ᱫᱚᱥᱟᱨᱛᱮ ᱜᱚᱴᱟ ᱵᱩᱴᱟᱹ ᱞᱟᱠᱛᱤ ᱠᱟᱱᱟᱺ ᱯᱳᱭᱞᱳ ᱫᱷᱟᱯ (ᱟᱭᱩᱢᱟᱱ ᱓᱕᱐᱐ᱼ᱓᱒᱐᱐ ᱠᱷᱨᱤᱥᱴᱯᱩᱨᱵᱟᱵᱫᱚ) ᱟᱨ ᱫᱚᱥᱟᱨ ᱫᱷᱟᱯ (ᱟᱭᱩᱢᱟᱱ ᱓᱒᱐᱐ᱼ᱒᱖᱐᱐ ᱠᱷᱨᱤᱥᱴ ᱯᱩᱨᱵᱟᱵᱫᱚ)
मैं उस के कारण योजना अपने आप को छोड़ने वाला था, लेकिन मैं तुम्हें याद किया.	ᱚᱱᱟ ᱠᱷᱟᱹᱛᱤᱨ ᱤᱧ ᱫᱚ ᱯᱩᱨᱟᱹ ᱯᱞᱮᱱᱜᱤᱧ ᱵᱟᱹᱛᱤᱞᱮᱫᱠᱟᱱ ᱛᱟᱦᱮᱸᱠᱟᱱᱟ, ᱢᱮᱱᱠᱷᱟᱱ ᱩᱱ ᱚᱠᱛᱮᱜᱤ ᱟᱢᱟᱜ ᱠᱟᱛᱷᱟᱧ ᱫᱤᱥᱟᱹᱠᱮᱫᱟ ᱾
नहीं, सर, कि मैं बात करना चाहता था.	ᱵᱟᱝ, ᱥᱮᱨ, ᱱᱚᱶᱟᱠᱚ ᱜᱮ ᱤᱧ ᱜᱟᱯᱟᱞᱢᱟᱨᱟᱣ ᱤᱧ ᱠᱷᱚᱡᱚᱜ ᱠᱟᱱ ᱛᱟᱦᱮᱸᱜ ᱾
पूर्व घर का अध्यक्ष न्यूटरिक, टेक्सास का राज्यपाल, जेन्‌सन, और हंगरी कीलिस ने चौथे, पांचवां, और छठी जगह में काम किया ।	ᱦᱟᱭᱩᱥ ᱨᱮᱱ ᱢᱟᱨᱮ ᱥᱯᱤᱠᱟᱨ ᱱᱤᱭᱩᱴ ᱜᱤᱝᱨᱤᱪ, ᱴᱮᱠᱥᱟᱥ ᱜᱚᱵᱷᱚᱨᱱᱚᱨ ᱨᱤᱠ ᱯᱮᱨᱨᱤ, ᱟᱨ ᱠᱚᱝᱜᱽᱨᱮᱥ ᱛᱤᱨᱞᱟᱹ ᱢᱟᱥᱮᱞ ᱵᱟᱜᱽᱢᱟᱱ ᱯᱚᱨ-ᱯᱚᱨ ᱯᱩᱱ, ᱢᱚᱬᱮ ᱟᱨ ᱛᱩᱨᱩᱭ ᱟᱱ ᱴᱷᱟᱶ ᱨᱮᱠᱚ ᱛᱟᱦᱮᱸ ᱠᱟᱱᱟ᱾
आज कजाकिस्तान के लोग उन्हें संयुक्त कजाकिस्तान के पिता के रूप में देखते हैं।	ᱛᱤᱦᱤᱧ ᱠᱟᱡᱟᱠᱷᱟᱥᱛᱟᱱ ᱨᱮᱱ ᱦᱚᱲ ᱩᱱᱤ ᱫᱚ ᱡᱩᱢᱤᱫ ᱠᱟᱡᱟᱠᱷᱟᱥᱛᱷᱟᱱ ᱨᱮᱱ ᱡᱚᱱᱚᱠ ᱞᱮᱠᱟᱛᱮᱠᱚ ᱧᱮᱞᱮᱭᱟ ᱾
इससे पहले चीनी समाचार संगठन Xina ने एक विमान का अपहरण करने के लिए रिपोर्ट दी ।	ᱱᱤᱭᱟᱹ ᱢᱟᱬᱟᱝ ᱪᱟᱭᱱᱤᱡᱽ ᱠᱷᱚᱵᱚᱨ ᱮᱡᱮᱱᱥᱤ ᱡᱤᱱᱦᱩᱣᱟ ᱫᱚ ᱢᱤᱫ ᱩᱰᱟᱹᱱ ᱜᱟᱹᱰᱤ ᱦᱟᱭᱡᱟᱠ ᱟᱠᱟᱱ ᱨᱮᱭᱟᱜ ᱰᱚᱜᱚᱨᱮ ᱮᱢ ᱞᱮᱫ-ᱟI
सिर्फ नहीं, जहां हम एक मानव आँख के साथ सुपरस्टार देखते हैं और एक muted धातु आँख के साथ, लेकिन भी जानबूझकर स्वर दिया जब बुरा रोबोट घोषणा करता है कि उसने "र्मेटर" बनाया है।	ᱢᱤᱫᱴᱟᱝ ᱢᱟᱹᱱᱢᱤ ᱢᱮᱫ ᱟᱨ ᱢᱤᱫᱴᱟᱝ ᱜᱷᱟᱹᱞᱥᱟᱶ ᱢᱮᱲᱦᱮᱫ ᱢᱮᱫᱨᱮᱱ ᱥᱩᱯᱟᱨᱥᱴᱟᱨ ᱡᱟᱦᱟᱸᱨᱮᱵᱩᱱ ᱧᱮᱞᱧᱟᱢᱮᱭᱟ, ᱠᱷᱚᱞ ᱡᱚᱱᱛᱚᱨᱢᱟᱹᱱᱢᱤᱭᱟᱜ "ᱴᱟᱨᱢᱤᱱᱮᱴᱚᱨ" ᱥᱤᱨᱡᱟᱹᱣ ᱨᱮᱭᱟᱜ ᱩᱪᱷᱟᱹᱱ ᱫᱚ ᱮᱠᱟᱞᱩᱛᱟᱹᱨ ᱧᱮᱞᱛᱮᱫᱽᱜᱤ ᱫᱚ ᱵᱟᱝ, ᱤᱪᱪᱷᱟᱹᱞᱮᱠᱟᱛᱮ ᱵᱤᱪᱷᱱᱟᱹᱣ ᱥᱟᱹᱦᱤᱫᱮ ᱞᱟᱹᱭᱟ ᱾
फिर यह इसे छोड़ देगा और अगले सबफ़ोल्डर पर जाएगा।	ᱚᱱᱟ ᱠᱟᱛᱮᱫ ᱚᱱᱟ ᱫᱚᱭ ᱟᱲᱟᱜᱼᱟ ᱟᱨ ᱫᱚᱥᱟᱨ ᱥᱚᱦᱮᱫ ᱯᱷᱳᱞᱰᱟᱨ ᱨᱮ ᱪᱟᱞᱟᱜᱼᱟ ᱾
उसके बाद, वे उसके घर में अक्सर एक-दूसरे से मिलने लगते हैं।	ᱱᱚᱶᱟ ᱛᱟᱭᱚᱢ ᱩᱱᱠᱤᱱ ᱫᱚ ᱵᱟᱱᱟᱦᱚᱲ ᱜᱮ ᱢᱤᱫᱦᱚᱲ ᱟᱨ ᱢᱤᱫᱦᱚᱲᱟᱜ ᱚᱲᱟᱜ ᱡᱟᱣᱜᱮ ᱧᱮᱯᱮᱞ ᱠᱤᱱ ᱮᱛᱚᱦᱚᱵ ᱠᱮᱫᱟ ᱾
अमरीका के राष्ट्रपति जॉर्ज डब्ल्यू.	ᱭᱩ.ᱮᱥ. ᱫᱤᱥᱚᱢ ᱜᱚᱢᱠᱮ ᱡᱚᱨᱡᱽ ᱰᱚᱵᱞᱩ. ᱵᱩᱥ ᱮᱛᱚᱦᱚᱵ ᱞᱟᱹᱭ ᱯᱟᱥᱱᱟᱣᱮ ᱥᱟᱹᱜᱩᱱ ᱫᱟᱨᱟᱢ ᱠᱮᱜ-ᱟᱭ᱾
वह फिल्म देखने लायक नहीं है। मैंने कल अपने जीवन के 3 घंटे बर्बाद कर दिए।	ᱚᱱᱟ ᱪᱚᱞᱚᱛ ᱪᱤᱛᱟᱹᱨ ᱫᱚ ᱧᱮᱞ ᱞᱮᱠᱟᱱᱟᱜ ᱫᱚ ᱵᱟᱝ ᱠᱟᱱᱟ ᱾ ᱦᱚᱞᱟᱱᱚᱜ ᱤᱧ ᱤᱧᱟᱹᱜ ᱡᱤᱭᱚᱱ ᱨᱮᱱᱟᱜ ᱓ ᱴᱟᱲᱟᱝᱼᱤᱧ ᱵᱚᱨᱵᱟᱫ ᱟᱠᱟᱫᱟ ᱾
डीफ़्रेग्मेंटेशन इलेक्ट्रोमैकेनिकल डिस्क ड्राइव पर फाइल सिस्टम के लिए प्रासंगिक है।	ᱰᱤᱯᱷᱨᱟᱜᱢᱮᱱᱴᱮᱥᱚᱱ ᱤᱞᱮᱠᱴᱨᱳᱢᱮᱠᱟᱱᱤᱠᱮᱞ ᱰᱤᱥᱠ ᱰᱨᱟᱭᱤᱵᱷ ᱨᱮ ᱯᱷᱟᱭᱤᱞ ᱥᱤᱥᱴᱟᱢ ᱥᱟᱶ ᱡᱚᱯᱚᱲᱟᱣ ᱜᱮᱭᱟ ᱾
यह दिलचस्प है. सरकार संग्रहालय इतना प्रसिद्ध क्यों है?	ᱟᱹᱰᱤ ᱨᱤᱡᱦᱟᱹᱣᱼᱟᱱᱟᱜ ᱾ ᱥᱚᱨᱠᱟᱨᱤ ᱡᱟᱹᱫᱩ ᱚᱲᱟᱜ ᱪᱮᱠᱟᱛᱮ ᱩᱱᱟᱹᱜ ᱧᱩᱛᱩᱢᱟᱱ ᱜᱮᱭᱟ ?
यह दावा किया जाता है कि गाइक की सरकार में अधिकारियों के पक्ष में जाना बड़ा है ।	ᱱᱚᱶᱟ ᱫᱟᱹᱵᱤ ᱦᱩᱭᱩᱜ ᱟ ᱜᱩᱡᱽᱨᱟᱴ ᱯᱚᱱᱚᱛᱨᱮ ᱪᱟᱪᱞᱟᱣ ᱠᱚᱣᱟᱜ ᱠᱟᱛᱷᱟ ᱨᱟᱯᱟᱪᱟᱜ ᱞᱮᱠᱟᱱ ᱧᱮᱞᱦᱚᱨᱟ ᱟᱹᱰᱤ ᱢᱟᱨᱟᱝ ᱛᱟᱸᱦᱮ ᱠᱟᱱᱟ, ᱡᱟᱸᱦᱟ ᱫᱚ ᱫᱟᱹᱠᱷᱤᱞ ᱟᱠᱟᱱ ᱫᱚᱲᱦᱟ ᱮᱯᱤᱰᱮᱵᱤᱴ ᱠᱷᱟᱹᱞᱤ ᱯᱟᱲᱦᱟᱣ ᱠᱷᱚᱱ ᱯᱩᱥᱴᱟᱹᱼᱟ ᱾
वे एक निश्चित समय के लिए अपनी सामग्री को ऑनलाइन रखकर ऐसा करते हैं।	ᱩᱱᱠᱩᱫᱚ ᱟᱠᱚᱣᱟᱜ ᱡᱷᱟᱨᱛᱮᱫ ᱜᱚᱴᱟᱵᱩᱴᱟᱹ ᱚᱠᱛᱚ ᱞᱟᱹᱜᱤᱫ ᱚᱱᱞᱟᱭᱤᱱ ᱨᱮ ᱫᱚᱦᱚ ᱠᱟᱛᱮ ᱱᱚᱶᱟ ᱠᱚ ᱠᱚᱨᱟᱣᱟ ᱾
अटलांटिक सिटी अटलांटिक महासागर के तट पर एब्सेकॉन द्वीप पर स्थित है।	ᱟᱴᱞᱟᱱᱴᱤᱠ ᱥᱤᱴᱤ ᱫᱚ ᱟᱴᱞᱟᱱᱴᱤᱠ ᱢᱟᱦᱟᱥᱟᱜᱚᱨ ᱨᱮᱭᱟᱜ ᱟᱲᱮ ᱮᱵᱥᱮᱠᱚᱱ ᱰᱷᱤᱯᱨᱮ ᱢᱮᱱᱟᱜᱟ ᱾
उन्होंने कहा कि एक विफ़िक दरवाजा घंटी बनाया, उसने कहा.	ᱩᱱᱤ ᱞᱟᱹᱭ ᱠᱮᱰ-ᱟ, ᱩᱱᱤ ᱫᱚ ᱢᱤᱫ ᱣᱟᱭᱯᱷᱟᱭ ᱫᱩᱣᱟᱹᱨ ᱜᱷᱟᱱᱴᱤ ᱵᱮᱱᱟᱣ ᱟᱠᱟᱫ-ᱟᱭ᱾
मुझे ऐसी दवाएं दी गई हैं जिनका स्वाद कड़वा है और गंध इतनी तेज है कि मैं बोतलों को खोलना भी नहीं चाहता।	ᱤᱧ ᱫᱚ ᱱᱚᱝᱠᱟᱱ ᱨᱟᱱ ᱮᱢ ᱦᱩᱭ ᱟᱠᱟᱱᱟ ᱡᱟᱦᱟᱸ ᱠᱚ ᱨᱮᱭᱟᱜ ᱥᱤᱵᱤᱞ ᱫᱚ ᱦᱟᱲᱦᱟᱫ ᱜᱮᱭᱟ ᱟᱨ ᱥᱚ ᱱᱩᱱᱟᱹᱜ ᱛᱟᱹᱯᱤᱥᱟ ᱡᱮ ᱤᱧ ᱵᱳᱛᱚᱞ ᱡᱷᱤᱡ ᱦᱚᱸ ᱵᱟᱹᱧ ᱠᱷᱚᱡ ᱠᱟᱱᱟ ᱾
गिनती: चौदह।	ᱞᱮᱠᱷᱟ: ᱜᱮᱞ ᱯᱳᱱ।
उनकी माध्यमिक स्कूली शिक्षा मियामी स्टेट हाई स्कूल में हुई थी।	ᱢᱤᱭᱟᱢᱤ ᱥᱴᱮᱴ ᱩᱱᱩᱥᱩᱞ ᱵᱤᱨᱫᱟᱹᱜᱟᱲ ᱨᱮ ᱩᱱᱤᱭᱟᱜ ᱢᱟᱫᱫᱷᱚᱢᱤᱠ ᱥᱮᱪᱮᱫ ᱦᱩᱭ ᱞᱮᱱᱟ ᱾
कपड़े की बात है, अपने कपड़े पुराने और गंदे लग रहे हैं	ᱞᱩᱜᱽᱲᱤᱜ ᱨᱮᱭᱟᱜ ᱠᱟᱛᱷᱟ ᱞᱟᱹᱭ ᱞᱮᱠᱷᱟᱱ ᱜᱮ, ᱟᱢᱟᱜ ᱪᱮᱦᱮᱨᱟ ᱨᱟᱹᱜᱤ ᱟᱨ ᱵᱟᱹᱲᱤᱡᱚᱜᱼᱟ ᱾
मेरे पास चालीस तीन मुर्गी हैं।	ᱤᱧ ᱴᱷᱮᱱ ᱯᱩᱱ ᱜᱮᱞ ᱯᱮ ᱜᱚᱴᱟᱝ ᱢᱩᱠᱨᱤ ᱢᱮᱱᱟᱜᱼᱟ ᱠᱚᱣᱟ।
धन्यवाद!	ᱥᱟᱨᱦᱟᱣ ᱜᱮ !
ओह, यह प्यारा लगता है.	ᱳᱦ, ᱟᱹᱰᱤ ᱥᱤᱵᱤᱞ ᱵᱩᱡᱷᱟᱹᱜ ᱠᱟᱱᱟ ᱾
जड़ी - बूटियों और मसालों पर आधारित भोजन, या तो भोजन या सागपाती पर आधारित होता है ।	ᱢᱤᱫ ᱠᱟᱨᱤ ᱡᱤᱞ ᱥᱮ ᱩᱛᱩ ᱠᱚ ᱥᱟᱶ ᱡᱩᱲᱟᱹᱣ ᱡᱟᱲᱤ ᱵᱩᱴᱤ ᱟᱨ ᱢᱟᱥᱟᱞᱟ ᱨᱮ ᱟᱫᱷᱟᱨᱤᱛ ᱢᱤᱫ ᱵᱮᱧᱡᱟᱱ ᱢᱮᱱᱟᱜᱼᱟ᱾
मेरे पास बीस तीन मुर्गी हैं।	ᱤᱧ ᱴᱷᱮᱱ ᱠᱩᱲᱤ ᱯᱮ ᱜᱚᱴᱟᱝ ᱢᱩᱠᱨᱤ ᱢᱮᱱᱟᱜᱼᱟ ᱠᱚᱣᱟ।
मेरे पास दस हाथी हैं।	ᱤᱧ ᱴᱷᱮᱱ ᱜᱮᱞ ᱜᱚᱴᱟᱝ ᱦᱟᱛᱤ ᱢᱮᱱᱟᱜᱼᱟ ᱠᱚᱣᱟ।
बाहर बाहर, यह एक मूल प्रणाली के लिए मुश्किल है कि मानव की तरह एक तंत्रिका प्रणाली के लिए उपलब्ध पौधे संसाधनों से अपनी Photocentid आवश्यकताओं को संतुष्ट करने के लिए।	ᱥᱟᱣᱱᱟ ᱠᱷᱚᱱ ᱵᱟᱦᱨᱮ, ᱦᱚᱲ ᱞᱮᱠᱟ ᱜᱮ ᱯᱚᱪᱚᱱ ᱛᱚᱸᱛᱨᱚ ᱟᱱᱟᱜ ᱯᱨᱟᱤᱢᱮᱴ ᱞᱟᱹᱜᱤᱫ ᱛᱮ ᱢᱮᱱᱟᱜ ᱫᱟᱨᱮ~ᱫᱟᱨᱮ ᱨᱮᱱᱟᱜ ᱥᱚᱸᱥᱟᱫᱷᱟᱱ ᱠᱷᱚᱱ ᱟᱡᱟᱜ ᱟᱢᱤᱱᱚ - ᱮᱥᱤᱰ ᱞᱟᱠᱛᱤᱭᱟᱜ ᱠᱚ ᱮᱴᱠᱮᱴᱚᱬᱮ ᱢᱮᱱᱟᱜᱼᱟ᱾
Davo दूसरे सेट में पहले लाभ था, लेकिन यह भी 6-6 तक पहुँचने के बाद एक टाई की आवश्यकता थी.	ᱰᱮᱞ ᱯᱚᱛᱨᱚ ᱫᱚ ᱫᱚᱥᱟᱨ ᱥᱮᱴ ᱨᱮ ᱮᱛᱚᱦᱚᱵ ᱵᱟᱲᱟᱦᱟᱣ ᱧᱟᱢ ᱠᱮᱫᱼᱟᱭ, ᱢᱮᱱᱠᱷᱟᱱ ᱚᱱᱟ ᱞᱟᱹᱜᱤᱫ ᱦᱚᱸ ᱖-᱖ ᱨᱮᱱᱟᱜ ᱵᱟᱨᱟᱵᱟᱨᱤ ᱞᱟᱹᱜᱤᱫ ᱛᱟᱭᱚᱢ ᱴᱟᱭᱤ ᱵᱽᱨᱮᱠ ᱟᱜ ᱞᱟᱹᱠᱛᱤ ᱟᱫᱮ ᱛᱟᱦᱮᱱᱟ᱾
वे Dakafago के रास्ते पर Ducks का निर्माण करते थे ।	ᱰᱟᱠ ᱥᱟᱸᱜᱷᱟᱨᱤᱭᱟᱹ ᱠᱚᱣᱟᱜ ᱥᱩᱵᱤᱫᱟ ᱞᱟᱹᱜᱤᱫ ᱩᱱᱠᱩᱫᱚ ᱦᱚᱨ ᱫᱷᱟᱨᱮᱨᱮ ᱰᱟᱠᱵᱟᱝᱞᱳ ᱠᱚ ᱵᱮᱱᱟᱣ ᱟᱠᱟᱫᱟ ᱾
क्या यह ठीक है अगर मैं फिर से फोन करने के मामले में अन्य संदेह है?	ᱤᱧᱟᱹᱜ ᱮᱴᱟᱜ ᱡᱟᱦᱟᱸᱱ ᱦᱤᱸᱫᱤᱡ ᱛᱟᱦᱮᱸ ᱞᱮᱱᱠᱷᱟᱱ ᱤᱧ ᱟᱵᱟᱨ ᱠᱚᱞ ᱞᱮᱠᱷᱟᱱ ᱪᱮᱫ ᱡᱚᱛᱷᱟᱛ ᱦᱩᱭᱩᱜᱼᱟ ?
मुझे प्यास लगी है	ᱤᱧ ᱛᱮᱛᱟᱝ ᱟᱠᱟᱱᱟᱹᱧ
सन्‌ 1978 में, शादी के बंधन को कामयाब बनाने के लिए 18 साल की उम्र हो गयी है और लड़कों के लिए 25 साल की उम्र है ।	ᱜᱤᱫᱨᱟᱹ ᱵᱟᱯᱞᱟ ᱦᱟᱹᱯᱤᱰ ᱟᱹᱱ, ᱑᱙᱗᱘ ᱨᱮ ᱵᱟᱯᱞᱟ ᱨᱮᱭᱟᱜ ᱡᱚᱛᱷᱟᱛ ᱩᱢᱮᱨ ᱠᱩᱲᱤ ᱠᱚ ᱞᱟᱹᱜᱤᱫ ᱑᱘ ᱟᱨ ᱠᱚᱲᱟ ᱠᱚ ᱞᱟᱹᱜᱤᱫ ᱒᱑ ᱥᱮᱨᱢᱟ ᱵᱟᱪᱷᱟᱣ ᱟᱠᱟᱱᱟ, ᱢᱮᱱᱠᱷᱟᱱ ᱥᱟᱶᱛᱟ ᱨᱟᱭᱨᱤᱛ ᱱᱤᱛᱦᱚᱸ ᱜᱤᱫᱨᱟᱹ ᱵᱟᱯᱞᱟᱭ ᱩᱫᱜᱟᱹᱣ ᱜᱮᱭᱟ ᱾
तर्क वैध या अमान्य या दोनों का संयोजन हो सकते हैं।	ᱡᱩᱠᱛᱤ ᱫᱚ ᱡᱚᱛᱷᱟᱛ ᱥᱮ ᱵᱤᱱᱡᱚᱛᱷᱟᱛ ᱥᱮ ᱵᱟᱱᱟᱨᱜᱮ ᱢᱤᱫ ᱫᱟᱲᱮᱭᱟᱜᱼᱟ ᱾
वह वारविक के 16वें अर्ल रिचर्ड नेविल की बेटी थीं।	ᱩᱱᱤ ᱫᱚ ᱨᱤᱪᱟᱨᱰ ᱱᱮᱵᱷᱤᱞ ᱨᱮᱱ ᱦᱚᱯᱚᱱᱮᱨᱟ, ᱳᱭᱟᱨᱩᱭᱤᱠ ᱨᱮᱱ ᱑᱖ ᱟᱱᱟᱜ ᱟᱨᱞ, ᱵᱟᱯᱞᱟ ᱾
कभी-कभी एक ही विशेषण (adjective) के विभिन्न रूप होते हैं।	ᱡᱟᱸᱦᱟᱛᱤᱱ ᱡᱟᱸᱦᱟᱛᱤᱱ ᱠᱚᱨᱮ ᱱᱚᱶᱟ ᱜᱩᱱᱩᱱ ᱨᱮᱭᱟᱜ ᱟᱭᱢᱟ ᱞᱮᱠᱟᱱ ᱢᱩᱴᱷᱟᱹᱱ ᱛᱟᱦᱮᱸ ᱠᱟᱱᱟ ᱾
और आरोप में व्यक्ति की पहचान सबूत.	ᱟᱨ ᱫᱟᱭᱵᱷᱟᱨ ᱨᱮ ᱢᱮᱱᱟᱜ ᱠᱚ ᱦᱚᱲ ᱠᱚᱣᱟᱜ ᱩᱯᱨᱩᱢ ᱥᱟᱹᱵᱩᱫᱽ ᱾
अगली बार जब मैं तुम्हें किसी भी बात में शामिल हो जाऊंगा.	ᱛᱟᱭᱚᱢ ᱛᱮᱫᱚ ᱟᱨ ᱡᱟᱦᱟᱱᱟᱜ ᱜᱮ ᱦᱩᱭᱩᱜ ᱟᱢ ᱥᱟᱶᱛᱮ ᱤᱧᱦᱚᱧ ᱪᱟᱞᱟᱜᱼᱟ ᱾
ये प्रदर्शन और फिल्में शायद हाथ से आ जाएँ ।	ᱱᱚᱶᱟ ᱥᱳ ᱟᱨ ᱥᱤᱱᱟᱹᱢᱟ ᱫᱚ ᱟᱞᱜᱟᱛᱮ ᱦᱮᱡᱽ ᱫᱟᱲᱮᱭᱟᱜᱼᱟ ᱾
तुम वहाँ क्यों जा रहे हो?	ᱮᱱᱦᱚᱸ ᱪᱮᱫᱟᱜ ᱚᱸᱰᱮᱱ ᱥᱮᱱᱚᱜ ᱠᱟᱱᱟ ?
जब संगठन के कार्यात्मक विभागों में सभी उपलब्ध साधन प्रभावकारी रीति से इस्तेमाल किए जाते हैं, सृजनात्मकता और कुशलता ।	ᱚᱠᱟ ᱡᱷᱚᱜ ᱡᱟᱦᱟᱸ ᱥᱚᱝᱜᱚᱴᱷᱚᱱ ᱨᱤᱱ ᱠᱟᱹᱢᱤᱦᱚᱲ ᱵᱤᱵᱷᱟᱹᱜᱽ ᱨᱮ ᱢᱮᱱᱟᱜ ᱠᱩᱜ ᱡᱷᱚᱛᱚ ᱥᱟᱝᱥᱚᱫ ᱠᱚᱣᱟᱜ ᱯᱨᱚᱵᱷᱟᱵᱤ ᱛᱚᱨᱠᱟ ᱛᱮ ᱵᱮᱵᱷᱟᱨ ᱠᱚᱨᱟᱣ ᱜᱟᱱᱚᱜ ᱠᱟᱱᱟ, ᱛᱚ ᱨᱚᱪᱱᱟᱛᱢᱚᱠ ᱟᱨ ᱥᱚᱨᱚᱲᱛᱟ ᱨᱮᱭᱟᱜ ᱥᱚᱧᱪᱟᱨ ᱦᱩᱭ ᱫᱟᱲᱮᱜ ᱢᱟᱸ᱾
मेरे पास इकसठ घोड़ा हैं।	ᱤᱧ ᱴᱷᱮᱱ ᱛᱩᱨᱩᱭ ᱜᱮᱞ ᱢᱤᱫ ᱜᱚᱴᱟᱝ ᱜᱷᱚᱲᱟ ᱢᱮᱱᱟᱜᱼᱟ ᱠᱚᱣᱟ।
वसंत ऋतु के लिए, यह एक पांच metakiked खत्म हो गया.	ᱥᱯᱨᱤᱝᱜᱽᱵᱚᱠᱥ ᱞᱟᱹᱜᱤᱫ, ᱩᱱᱤ ᱫᱚ ᱢᱚᱬᱮ ᱜᱚᱴᱟᱝ ᱢᱮᱭᱪ ᱨᱮᱱᱟᱜ ᱦᱟᱨᱟᱣ ᱨᱮᱱᱟᱜ ᱥᱤᱞᱥᱤᱞᱟ ᱪᱟᱵᱟ ᱦᱩᱭ ᱮᱱᱟ᱾
आपका लेख इतना हास्यप्रद था कि मैं पूरे समय हंसता रहा और इससे मुझे बहुत अच्छा महसूस हुआ।	ᱟᱢᱟᱜ ᱚᱱᱚᱞ ᱫᱚ ᱱᱩᱱᱟᱹᱜ ᱨᱟᱹᱥᱠᱟᱹ ᱨᱮᱭᱟᱜ ᱛᱟᱦᱮᱸ ᱠᱟᱱᱟ ᱡᱮ ᱥᱟᱨᱟ ᱜᱷᱟᱹᱲᱤ ᱜᱮᱧ ᱞᱟᱸᱫᱟ ᱮᱫ ᱠᱟᱱ ᱛᱟᱦᱮᱸᱫ ᱟᱨ ᱱᱚᱶᱟ ᱫᱚ ᱟᱹᱰᱤ ᱱᱟᱯᱟᱭ ᱤᱧ ᱢᱚᱱᱮ ᱞᱮᱫᱟ ᱾
हत्या के खतरे के कारण सम्राट अपने सामने भोजन खाने के लिए किसी अन्य व्यक्ति को पैसे देता था।	ᱜᱚᱪ ᱨᱮᱭᱟᱜ ᱦᱩᱢᱠᱤ ᱠᱷᱟᱹᱛᱤᱨᱛᱮ ᱥᱚᱢᱨᱟᱴ ᱫᱚ ᱟᱡ ᱢᱟᱲᱟᱝ ᱨᱮ ᱮᱴᱟᱜ ᱡᱟᱦᱟᱸᱭ ᱦᱚᱲ ᱡᱚᱢᱟᱜ ᱡᱚᱢ ᱦᱚᱪᱚ ᱞᱟᱹᱜᱤᱫ ᱠᱟᱹᱣᱰᱤᱭ ᱮᱢᱟᱫ ᱠᱚ ᱛᱟᱦᱮᱸ ᱾
लेकिन, यह केवल प्रयोग नहीं है, और एक प्रयोग ऐसी परीक्षा है जिसे संभव रूप से जाँच - पड़ताल, प्रश्‍न पूछने, और विचार - विमर्श करने के लिए प्रयोग किया जाता है ।	ᱢᱮᱱᱠᱷᱟᱱ ᱱᱟᱶᱟ ᱫᱚ ᱮᱠᱞᱟ ᱵᱟᱝ ᱠᱟᱱᱟ, ᱯᱨᱚᱭᱚᱜᱽ, ᱟᱨ ᱢᱤᱫᱴᱟᱹᱝ ᱯᱨᱚᱭᱚᱜᱽ ᱨᱮᱭᱟᱜ ᱵᱤᱱᱤᱰ ᱠᱟᱱᱟ ᱡᱟᱦᱟᱸ ᱨᱮᱭᱟᱜ ᱵᱮᱵᱷᱟᱨ ᱢᱤᱫ ᱠᱷᱚᱱ ᱰᱷᱮᱨ ᱥᱚᱢᱵᱷᱟᱵᱤᱛ ᱯᱚᱨᱤᱠᱚᱞᱯᱚᱱᱟ ᱠᱚ ᱪᱟᱵᱟ ᱞᱟᱹᱜᱩᱫ ᱠᱚ ᱠᱟᱨᱟᱣ ᱟ,‌ ᱠᱩᱠᱞᱤ ᱫᱚᱦᱚ ᱟᱨ ᱧᱮᱞᱵᱤᱲᱟᱹᱣ ᱠᱚᱨᱟᱣ ᱦᱚᱸ ᱵᱚᱭᱜᱭᱟᱱᱤᱠ ᱚᱱᱩᱥᱚᱱᱫᱷᱟᱱ ᱨᱮᱭᱟᱜ ᱢᱟᱨᱜᱽᱫᱚᱨᱥᱚᱱ ᱮ ᱠᱚᱨᱟᱣ ᱟᱭ᱾
उसकी मौत से कुछ ही समय पहले, उसकी मौत हो गयी और उसकी कीमत 25 साल की थी ।	ᱜᱩᱨ ᱟᱠᱟᱱ ᱦᱚᱲ ᱒᱕ ᱥᱮᱨᱢᱟ ᱱᱤᱠᱚᱞᱟᱥ ᱮᱞᱰᱚᱱ ᱟᱨ ᱒᱑ ᱥᱮᱨᱢᱟ ᱡᱟᱪᱨᱤ ᱠᱩᱰᱵᱮᱠ ᱛᱟᱦᱮᱸ ᱠᱟᱱᱟ ᱠᱤᱱ᱾ ᱠᱩᱰᱵᱮᱠ ᱰᱨᱟᱭᱵᱚᱨ ᱛᱟᱦᱮᱸ ᱠᱟᱱᱟᱭ᱾
मेरे पास निन्यानवे सेब हैं।	ᱤᱧ ᱴᱷᱮᱱ ᱱᱟᱭ ᱜᱮᱞ ᱱᱟᱭ ᱜᱚᱴᱟᱝ ᱟᱢᱚᱞ ᱢᱮᱱᱟᱜᱼᱟ ᱠᱚᱣᱟ।
अड़सठ	ᱛᱩᱨᱩᱭ ᱜᱮᱞ ᱟᱨ
मैं कोशिश कर सकते हैं.	ᱤᱧ ᱠᱩᱨᱩᱢᱩᱴᱩ ᱫᱟᱲᱮᱭᱟᱜᱼᱟ ᱾
हम बिजली चालू रखने की पूरी कोशिश कर रहे हैं लेकिन सरकार नए उपकरणों को मंजूरी देने से इनकार कर रही है।	ᱟᱞᱮ ᱵᱤᱡᱽᱞᱤ ᱪᱟᱹᱞᱩ ᱫᱚᱦᱚᱭ ᱞᱟᱹᱜᱤᱫ ᱡᱚᱛᱷᱟᱛ ᱞᱮ ᱨᱤᱠᱟᱹ ᱮᱫᱟ ᱢᱮᱱᱠᱷᱟᱱ ᱥᱚᱨᱠᱟᱨ ᱱᱟᱶᱟ ᱡᱚᱱᱛᱚᱨᱼᱯᱟᱹᱛᱤ ᱨᱮ ᱥᱟᱹᱠᱭᱟᱹᱛ ᱮᱢᱚᱜ ᱵᱟᱭ ᱨᱮᱵᱮᱱ ᱠᱟᱱᱟ ᱾
मध्य - पूर्व को फिर से अलग करने से वह ऊर्जा कुछ छोड़ देता है ।	ᱡᱮᱞᱮᱠᱟ ᱡᱟᱦᱟᱱ ᱵᱟᱷᱨᱤ ᱜᱟᱹᱰᱤ ᱵᱩᱨᱩ ᱨᱮ ᱞᱩᱲᱠᱟᱣ᱾ ᱱᱟᱵᱷᱤᱠ ᱫᱚ ᱫᱚᱦᱲᱟ ᱛᱮ ᱵᱤᱵᱷᱟᱡᱤᱛ ᱟᱨᱦᱚᱸ ᱚᱱᱟ ᱩᱨᱡᱟ ᱠᱷᱚᱱ ᱠᱤᱪᱷᱩ ᱢᱩᱠᱛ ᱮᱫᱼᱟᱭ᱾
हम हमें कोई लाभ दिए बिना अपार्टमेंट परिसर में रखरखाव शुल्क बढ़ाने के लिए कड़ा विरोध दर्ज कराना चाहते हैं।	ᱟᱞᱮ ᱡᱟᱦᱟᱱ ᱥᱩᱵᱤᱫᱷᱟ ᱵᱟᱝ ᱮᱢ ᱠᱟᱛᱮᱫ ᱮᱯᱟᱨᱴᱢᱮᱱᱴ ᱠᱚᱢᱯᱞᱮᱠᱥ ᱨᱮ ᱡᱚᱛᱚᱱ ᱡᱚᱜᱟᱣ ᱨᱮᱭᱟᱜ ᱪᱟᱨᱡ ᱵᱟᱹᱲᱛᱤᱭ ᱞᱟᱹᱜᱤᱫ ᱟᱞᱮ ᱠᱚᱰᱨᱟ ᱥᱟᱹᱦᱤᱡ ᱞᱮ ᱡᱟᱝᱜᱮ ᱫᱟᱨᱟᱢ ᱞᱮ ᱚᱞᱛᱚᱞ ᱦᱚᱪᱚᱭ ᱞᱟᱹᱜᱤᱫ ᱾
कार्यों की अधिकतम संख्या कविता के लिए सीमित है.	ᱚᱞ ᱛᱚᱞ ᱟᱠᱟᱱ ᱨᱮ ᱡᱚᱛᱚᱠᱷᱚᱱ ᱵᱟᱹᱲᱛᱤ ᱫᱚ ᱚᱱᱚᱬᱦᱮ ᱢᱮᱱᱟᱜᱼᱟ ᱾
सीईओ ने कहा, जब सेल्स टीम ने इस पर इतना पैसा खर्च करने के बाद मेरे प्रमुख प्रतिद्वंद्वी से यह महत्वपूर्ण सौदा गंवा दिया, तो मैं उन्हें क्यों रखना चाहूँगा?	ᱥᱤ ᱤ ᱳᱭ ᱢᱮᱱ ᱟᱠᱟᱫᱟ, ᱪᱮᱫᱟᱜ ᱤᱧ ᱱᱩᱱᱟᱹᱜ ᱠᱟᱹᱣᱰᱤ ᱠᱷᱚᱨᱚᱪ ᱠᱟᱛᱮ ᱦᱚᱸ ᱤᱧ ᱨᱮᱱ ᱢᱩᱲᱩᱫ ᱦᱮᱯᱨᱟᱣᱤᱭᱟᱹ ᱴᱷᱮᱱ ᱱᱚᱶᱟ ᱞᱟᱹᱠᱛᱤᱭᱟᱱ ᱪᱩᱠᱛᱤ ᱟᱫ ᱞᱮᱱ ᱠᱷᱟᱱ ᱥᱮᱞᱥ ᱪᱮᱫᱟ ᱴᱤᱢ ᱫᱚᱦᱚᱭ ᱠᱷᱚᱡᱟ ?
कृपया मेनू	ᱢᱮᱱᱭᱩ, ᱫᱟᱭᱟ ᱠᱟᱛᱮ
वैज्ञानिकों को यह समझने की आशा है कि ग्रह किस तरह बनाया गया है, खासकर पृथ्वी की रचना कैसे हुई, क्योंकि बरसों पहले पृथ्वी से टकरायी गयी थी ।	ᱵᱟᱭᱜᱭᱟᱱᱤᱠ ᱱᱚᱶᱟ ᱵᱩᱡᱷᱟᱹᱣ ᱨᱮᱭᱟᱜ ᱢᱮᱱᱟᱜᱼᱟ ᱡᱮ ᱜᱽᱨᱚᱦᱚ ᱪᱮᱫ ᱞᱮᱠᱟ ᱛᱮᱭᱟᱨᱟᱜᱼᱟ, ᱵᱤᱥᱮᱥ‌ ᱫᱷᱟᱹᱨᱛᱤ ᱪᱮᱫ ᱞᱮᱠᱟ ᱛᱮᱭᱟᱨᱚᱜ ᱠᱟᱱᱟ, ᱪᱮᱫᱟᱜ ᱥᱮ ᱟᱹᱰᱤ ᱢᱟᱲᱟᱝ ᱨᱮ ᱫᱷᱩᱢᱠᱮᱛᱩ ᱫᱷᱟᱹᱨᱤᱛᱤ ᱨᱮ ᱞᱟᱥᱮᱱ ᱮᱱᱟ ᱠᱤᱱ᱾
असल में टीम के सदस्य अकसर अपने निकटतम शारीरिक समूह के लिए सम्पर्क करने की बात समझते हैं ।	ᱣᱟᱹᱨᱪᱩᱣᱟᱹᱞ ᱴᱤᱢ ᱨᱤᱱ ᱥᱚᱫᱚᱥᱭᱚ ᱫᱚ ᱚᱝᱠᱟ ᱜᱮ ᱟᱠᱚᱣᱟᱜ ᱛᱚᱛᱠᱟᱞ ᱵᱷᱚᱣᱛᱤᱠ ᱫᱳᱞ ᱞᱟᱹᱜᱤᱫ ᱵᱤᱱᱫᱩ ᱦᱤᱥᱟᱹᱵ ᱛᱮ ᱠᱚ ᱠᱟᱹᱢᱤᱭᱟ᱾
रैंप पर चलते समय मेरा पैर फिसल गया। मेरे घुटने में बहुत दर्द हो रहा है।	ᱨᱮᱢᱯ ᱨᱮ ᱛᱟᱲᱟᱢ ᱚᱠᱛᱚ ᱤᱧ ᱫᱚᱧ ᱞᱮᱸᱡᱮᱫ ᱧᱩᱨ ᱠᱚᱜᱼᱟ ᱾ ᱤᱧᱟᱜ ᱜᱩᱱᱴᱷᱤ ᱫᱚ ᱟᱹᱰᱤ ᱟᱴ ᱦᱟᱥᱚᱧ ᱠᱟᱱᱟ ᱾
मुझे लगा कि मेरी पॉलिसी आयुर्वेदिक उपचार को कवर नहीं करेगी और मैंने प्रदाता से जांच नहीं की। यह स्पष्ट रूप से मेरी गलती है।	ᱤᱧᱟᱹᱜ ᱢᱚᱱᱮ ᱦᱩᱭᱩᱜ ᱠᱟᱱᱟ ᱡᱮ ᱤᱧᱟᱹᱜ ᱯᱚᱞᱤᱥᱤ ᱟᱭᱩᱨᱮᱵᱚᱫᱤᱠ ᱪᱤᱠᱤᱪᱪᱷᱟ ᱫᱚ ᱵᱟᱝ ᱥᱮᱞᱮᱫᱼᱟ ᱟᱨ ᱮᱢᱚᱜᱤᱡ ᱥᱟᱶ ᱵᱤᱰᱟᱹᱣ ᱵᱟᱝ ᱦᱩᱭ ᱟᱠᱟᱱᱟ ᱾ ᱱᱚᱣᱟ ᱫᱚ ᱜᱚᱴᱟ ᱜᱮ ᱤᱧᱟᱹᱜ ᱫᱳᱥ ᱠᱟᱱᱟ ᱾
उन्होंने कहा कि वे चीन के आर्थिक आउटपुट पर आधारित बनाया जाएगा एक आंकड़ा सेट नहीं किया.	ᱩᱱᱤ ᱠᱚ ᱠᱷᱚᱴᱚ ᱞᱟᱹᱜᱤᱫ ᱪᱮᱫ ᱟᱝᱠᱲᱟ ᱵᱟᱭ ᱥᱮᱴ ᱞᱮᱜᱼᱟᱭ, ᱩᱱᱠᱩ ᱠᱚ ᱢᱮᱱ ᱮᱫᱟ ᱡᱮ ᱩᱱᱠᱩ ᱫᱚ ᱪᱤᱱ ᱨᱮᱭᱟᱜ ᱟᱨᱛᱷᱟ ᱱᱤᱛᱤ ᱠᱚ ᱯᱟᱧᱡᱟ ᱠᱟᱛᱮ ᱠᱚ ᱛᱮᱭᱟᱨᱟ᱾
मेरे पास तिरासी सेब हैं।	ᱤᱧ ᱴᱷᱮᱱ ᱟᱨ ᱜᱮᱞ ᱯᱮ ᱜᱚᱴᱟᱝ ᱟᱢᱚᱞ ᱢᱮᱱᱟᱜᱼᱟ ᱠᱚᱣᱟ।
ᱤᱨᱟᱹᱞ	आठ
सन्‌ 1994 में, इस संघर्ष की वजह से पूर्वी मोलडोवा गणराज्य में खुद की सरकार और मुद्रा है, जो खुद की सरकार है लेकिन किसी भी सदस्य देश द्वारा पहचाना नहीं गया है.	᱑᱙᱙᱔ ᱨᱮ, ᱱᱚᱣᱟ ᱵᱤᱵᱟᱹᱫᱽ ᱥᱟᱢᱟᱝ ᱢᱳᱞᱫᱳᱵᱷᱟ ᱨᱮ ᱱᱤᱡᱮᱨ-ᱰᱮᱵᱽᱞᱟᱨ ᱴᱨᱟᱱᱥᱱᱤᱥᱴᱨᱤᱭᱟᱱ ᱫᱤᱥᱣᱟᱹᱨᱟᱡᱽ ᱥᱤᱨᱤᱡᱽ ᱞᱮᱫᱼᱟᱭ, ᱡᱟᱦᱟᱸ ᱨᱮᱭᱟᱜ ᱱᱤᱡᱚᱨ ᱥᱚᱨᱠᱟᱨ ᱟᱨ ᱠᱟᱹᱣᱰᱤ ᱢᱮᱱᱟᱜᱼᱟ ᱢᱮᱱᱠᱷᱟᱱ ᱡᱟᱹᱛᱤ ᱜᱟᱫᱮᱞ ᱨᱤᱱ ᱚᱠᱚᱭ ᱥᱚᱦᱮᱫ ᱫᱤᱥᱚᱢ ᱦᱚᱸ ᱢᱟᱹᱱ ᱵᱟᱝᱠᱚ ᱮᱢ ᱟᱠᱟᱫᱼᱟ᱾
इस समय, लाहोर की सेना का मुख्य अफसर एक रॉबर्ट मॉंटी था ।	ᱱᱤᱭᱟᱹ ᱚᱠᱛᱮ ᱞᱟᱦᱳᱨ ᱨᱮᱱ ᱯᱷᱟᱹᱫ ᱵᱟᱹᱦᱤᱱᱤ ᱨᱮᱱ ᱢᱩᱰᱩᱛ ᱠᱟᱹᱢᱤᱭᱟᱹ ᱢᱩᱠᱷᱭᱟᱹᱭ ᱛᱟᱦᱮᱸᱠᱟᱱᱟ ᱢᱤᱴᱴᱮᱱ ᱨᱚᱵᱟᱨᱴ ᱢᱚᱱᱴᱜᱚᱢᱟᱨᱤ ᱾
यह काईस्‌ पर्वत के पास है ।	ᱱᱚᱶᱟᱫᱚ ᱠᱳᱭᱞᱟᱥ ᱨᱟᱛᱟᱝᱵᱩᱨᱩ ᱥᱩᱨ ᱨᱮ ᱟᱝᱥᱤ ᱦᱤᱢᱚᱵᱟᱦᱚ ᱠᱷᱚᱱ ᱥᱤᱨᱡᱟᱹᱣ ᱟᱠᱟᱱᱟ ᱟᱨ ᱱᱚᱶᱟᱫᱚ ᱤᱭᱟᱨᱞᱩᱝ ᱥᱟᱝᱯᱳᱣ ᱠᱚ ᱢᱮᱛᱟᱜᱼᱟ ᱾
यह रोमनों द्वारा झेली गई अब तक की सबसे बड़ी सैन्य आपदा थी।	ᱱᱚᱶᱟ ᱫᱚ ᱛᱟᱦᱮᱸ ᱠᱟᱱᱟ ᱨᱳᱢᱟᱱ ᱠᱚᱣᱟᱜ ᱡᱚᱛᱚᱠᱷᱚᱱ ᱞᱟᱹᱴᱩ ᱡᱚᱜᱟᱲ ᱯᱷᱟᱹᱫ ᱠᱚᱣᱟᱜ ᱫᱷᱚᱥ ᱾
शेर, दरियाई और चीता कभी - कभी शर्मीले होते हैं और आप उन्हें गूँधों से ज़्यादा अच्छी तरह देखेंगे ।	ᱛᱟᱹᱨᱩᱵ, ᱪᱤᱛᱟᱹ ᱟᱨ ᱦᱟᱰᱜᱟᱨ ᱚᱠᱟᱼᱚᱠᱟ ᱡᱷᱚᱜ ᱡᱟᱜᱟᱣ ᱜᱮ ᱠᱚ ᱛᱟᱦᱮᱸᱱᱟ ᱟᱨ ᱟᱢ ᱫᱚ ᱩᱱᱠᱩ ᱫᱩᱨᱵᱤᱱᱫ ᱥᱟᱞᱟᱜ ᱛᱮ ᱵᱮᱥ ᱪᱚᱨᱚᱠ ᱧᱮᱞ ᱫᱟᱲᱮ ᱠᱚᱣᱟᱢ᱾
नवासी	ᱟᱨ ᱜᱮᱞ ᱱᱟᱭ
लेकिन ये प्रोटीन हमारे लिए तब तक मुश्‍किल होते हैं, जब तक कि उन्हें पका नहीं जाता ।	ᱟᱹᱰᱤ ᱟᱞᱜᱟ ᱛᱮ ᱧᱟᱢᱚᱜ ᱫᱟᱨᱮ ᱨᱮᱭᱟᱜ ᱥᱚᱸᱥᱟᱫᱷᱚᱱ ᱥᱟᱠᱟᱢ ᱠᱚ ᱟᱨ ᱞᱮᱢᱵᱩ ᱠᱚᱨᱮ ᱛᱟᱦᱮᱸᱱ ᱯᱨᱚᱴᱤᱱ ᱠᱟᱱᱟ, ᱢᱮᱱᱠᱷᱟᱱ ᱟᱵᱚ ᱞᱮᱠᱟᱱ ᱯᱨᱟᱭᱢᱮᱴ ᱞᱟᱹᱜᱤᱫ ᱛᱮ ᱱᱚᱣᱟᱠᱚ ᱩᱱ ᱦᱟᱹᱰᱤᱡ ᱦᱚᱡᱚᱢ ᱢᱩᱥᱠᱤᱞᱚᱜᱼᱟ ᱡᱚᱠᱷᱚᱱ ᱵᱟᱢ ᱤᱥᱤᱱ ᱠᱮᱭᱟI
इस समय, वह निष्ठापूर्वक अपने मंगेतर के लिए कमीजों पर कढ़ाई कर रही थीं।	ᱱᱚᱶᱟ ᱚᱠᱛᱚ ᱩᱱᱤ ᱫᱚ ᱯᱟᱹᱛᱭᱟᱹᱣ ᱥᱟᱹᱦᱤᱡ ᱟᱡ ᱨᱮᱱ ᱱᱟᱣᱟ ᱡᱟᱣᱟᱭ ᱞᱟᱹᱜᱤᱫ ᱥᱟᱨᱴ ᱠᱟᱹᱢᱤ ᱦᱚᱨᱟ ᱠᱚᱭ ᱠᱚᱨᱟᱣ ᱞᱮᱫᱟ ᱾
क्या आप इसके लिए तैयार हैं?	ᱟᱢ ᱫᱚ ᱚᱱᱟ ᱞᱟᱹᱜᱤᱫᱽᱮᱢ ᱥᱟᱯᱲᱟᱣ ᱜᱤᱭᱟ ?
लीलिना, धन्यवाद.	ᱥᱟᱨᱦᱟᱣ ᱜᱮ , ᱨᱟᱹᱦᱤ ᱾
डॉक्टर को बुलाओ	ᱢᱤᱫ ᱰᱟᱠᱴᱚᱨ ᱦᱚᱦᱚᱭᱮᱢ
मेरे पास सात सब्ज़ी हैं।	ᱤᱧ ᱴᱷᱮᱱ ᱮᱭᱟᱭ ᱜᱚᱴᱟᱝ ᱥᱚᱵᱽᱡᱤ ᱢᱮᱱᱟᱜᱼᱟ ᱠᱚᱣᱟ।
इनमें से कौन - कौन - सी बात सुधारी जा सकती है?	ᱚᱠᱟᱴᱟᱜ ᱫᱚ ᱴᱟᱠᱟ ᱛᱩᱞᱟᱹᱣ ᱨᱮᱭᱟᱜ ᱠᱟᱣᱩᱱᱴᱟᱨ ᱠᱟᱱᱟ ?
अमरीका भी प्रभावों का सामना करने के लिए पृथ्वी के तापमान के प्रभाव से प्रभावित देशों की मदद करने के लिए एक अंशदान देने की आशा करता है.	ᱥᱟᱶᱛᱟ ᱫᱤᱥᱚᱢ ᱡᱮᱜᱮᱛ ᱩᱨᱜᱩᱢ ᱵᱤᱵᱷᱟᱹᱜᱽ ᱠᱷᱚᱱ ᱯᱨᱚᱣᱟᱣ ᱠᱟᱱ ᱫᱤᱥᱚᱢ ᱠᱚ ᱯᱨᱚᱣᱟᱣ ᱠᱷᱚᱱ ᱚᱲᱚᱠᱚᱜ ᱞᱟᱹᱜᱤᱫ ᱜᱚᱲᱚ ᱮᱢᱟ ᱞᱟᱹᱜᱩᱫ ᱢᱤᱫᱴᱟᱹᱝ ᱯᱷᱚᱸᱰ ᱠᱚ ᱢᱩᱪᱟᱹᱫ ᱪᱮᱦᱨᱟ ᱫᱚᱦᱚ ᱨᱮᱭᱟᱜ ᱪᱮᱥᱴᱟ ᱪᱟᱹᱞᱩ ᱠᱟᱱᱟ᱾
चवालीस	ᱯᱳᱱ ᱜᱮᱞ ᱯᱳᱱ
वाह! यूपीआई एक महीने में लगभग 13 लाख करोड़ रुपये मूल्य के 8 अरब लेनदेन संभालता है।	ᱟᱹᱰᱤ ᱱᱟᱯᱟᱭ ! ᱤᱭᱯᱤᱟᱭ ᱢᱤᱫ ᱪᱟᱸᱫᱚ ᱨᱮ ᱚᱱᱢᱟᱱ ᱑᱓ ᱞᱟᱠᱷ ᱠᱳᱴᱤ ᱴᱟᱠᱟ ᱨᱮᱭᱟᱜ ᱘ ᱵᱤᱞᱤᱭᱚᱱ ᱞᱮᱱᱫᱮᱱ ᱨᱮᱭᱟᱜᱼᱮ ᱪᱟᱪᱟᱞᱟᱣᱼᱟ ᱾
सर, कृपया अपनी सीट पर वापस जाएं। यह एक एयरलाइन है, कोई फूड बाज़ार नहीं!	ᱜᱚᱢᱠᱮ, ᱟᱢᱟᱜ ᱥᱤᱴ ᱨᱮ ᱪᱟᱞᱟᱣ ᱨᱩᱣᱟᱹᱲᱚᱜ ᱢᱮ, ᱱᱚᱶᱟ ᱫᱚ ᱢᱤᱫᱴᱟᱝ ᱮᱭᱟᱨᱞᱟᱭᱤᱱ ᱠᱟᱱᱟ, ᱡᱚᱢᱟᱜ ᱵᱟᱡᱟᱨ ᱫᱚ ᱵᱟᱝᱠᱟᱱᱟ !
वह आर्लिंगटन, वर्जीनिया और शिकागो, इलिनॉय में रहते थे।	ᱩᱱᱤᱫᱚ ᱟᱨᱞᱤᱝᱴᱚᱱ, ᱵᱷᱟᱨᱡᱤᱱᱤᱭᱟ ᱟᱨ ᱥᱤᱠᱟᱜᱳ, ᱤᱞᱤᱱᱚᱭ ᱨᱮᱭ ᱛᱟᱦᱮᱱ ᱛᱟᱦᱮᱸ ᱾
इस मन्‍नत के मुताबिक, घर - मालिक को किसी के साथ शारीरिक संबंध नहीं रखना चाहिए, बल्कि अपने ही कानूनी शादी - शुदा साथी के साथ रिश्‍ता रखना चाहिए ।	ᱱᱤᱭᱟᱹ ᱠᱤᱨᱤᱭᱟᱹ ᱨᱮ, ᱯᱲᱟᱜᱢᱩᱠᱷᱭᱟᱣᱟᱜ ᱫᱚ ᱮᱴᱟᱜ ᱦᱚᱲ ᱥᱟᱸᱣ ᱥᱮᱱᱥᱩᱭᱟᱹᱞ ᱥᱚᱢᱵᱚᱱᱫᱷ ᱫᱚᱦᱚᱭ ᱵᱟᱝ ᱡᱟᱹᱨᱩᱲᱠᱟᱱᱟ ᱮᱠᱮᱱ ᱟᱡᱨᱮᱱ ᱱᱤᱡᱽ ᱟᱹᱭᱫᱟᱹᱨᱟᱱ ᱵᱟᱯᱞᱟᱭᱤᱡᱽ ᱡᱟᱶᱟᱭ ᱥᱟᱸᱣ ᱜᱤ ᱛᱟᱦᱮᱸᱱᱢᱟ ᱾
सिंगापुर आम तौर पर एक बहुत ही सुरक्षित जगह है और उस पर चढ़ने के लिए बहुत आसान है, और आप आने के बाद लगभग कुछ भी खरीद सकते हैं ।	ᱥᱤᱝᱜᱟᱯᱩᱨ ᱫᱚ ᱟᱥᱚᱠᱟᱭᱛᱮ ᱟᱹᱰᱤ ᱥᱩᱨᱚᱠᱷᱤᱛ ᱡᱟᱭᱜᱟ ᱠᱟᱱᱟ ᱟᱨ ᱱᱟᱵᱷᱤᱜᱮᱴ ᱠᱚᱨᱟᱣ ᱟᱹᱰᱤ ᱟᱞᱜᱟ ᱜᱮᱭᱟ, ᱟᱨ ᱟᱢ ᱥᱮᱴᱮᱨᱮᱱ ᱛᱟᱭᱚᱢ ᱟᱭᱢᱟ ᱠᱤᱪᱷᱩ ᱡᱤᱱᱤᱥ ᱠᱚᱢ ᱠᱤᱨᱤᱧ ᱫᱟᱲᱮᱭᱟᱜᱼᱟ᱾
अंधेरा होने के बाद शहर में एक सीरियल किलर घूम रहा है जिससे लोग रात में घरों के अंदर रहने को मजबूर हैं।	ᱢᱤᱫ ᱦᱚᱲ ᱥᱤᱮᱨᱤᱭᱟᱞ ᱠᱤᱞᱟᱨ ᱫᱚ ᱧᱩᱛᱟᱹᱛ ᱛᱟᱭᱚᱢ ᱥᱟᱦᱟᱨ ᱨᱮᱠᱚ ᱞᱟᱜᱟ ᱟᱠᱟᱫ ᱠᱚᱣᱟ ᱡᱟᱦᱟᱸ ᱫᱚ ᱦᱚᱲ ᱠᱚ ᱧᱤᱫᱟᱹ ᱵᱮᱲᱟ ᱚᱲᱟᱜ ᱵᱷᱤᱛᱤᱨ ᱨᱮ ᱛᱟᱦᱮᱱ ᱞᱟᱹᱜᱤᱫ ᱮ ᱱᱮᱦᱚᱨ ᱞᱮᱫᱟ ᱾
अरे! मेट्रो में साइकिल ले जाने की अनुमति है। मुझे कभी पता ही नहीं था।	ᱮᱦ! ᱢᱮᱴᱨᱳ ᱨᱮ ᱥᱟᱭᱠᱮᱞ ᱪᱟᱞᱟᱣ ᱨᱮᱭᱟᱜ ᱪᱷᱟᱹᱲ ᱢᱮᱱᱟᱜᱼᱟ ᱾ ᱤᱧ ᱛᱤᱥ ᱦᱚᱸ ᱵᱟᱹᱧ ᱵᱟᱰᱟᱭ ᱠᱟᱱ ᱛᱟᱦᱮᱸ ᱠᱟᱱᱟ ᱾
नीब के नीचे कार्यक्रम की जाँच करने की योजना बनायी गयी ।	ᱚᱛ ᱦᱤᱸᱥ ᱨᱮᱭᱟᱜ ᱜᱟᱰᱟᱼᱵᱮᱰᱟ ᱯᱩᱨᱟᱹᱣ ᱞᱟᱹᱜᱤᱫ ᱮᱱᱮᱥᱯᱤ ᱨᱮᱭᱟᱜ ᱟᱣᱛᱟᱨᱮ ᱨᱮᱛᱮᱫ ᱠᱟᱹᱢᱤᱦᱚᱨᱟ ᱨᱮᱭᱟᱜ ᱯᱟᱱᱛᱷᱟ ᱠᱚᱨᱟᱣ ᱦᱩᱭ ᱞᱮᱱᱟ ᱾
प्रधानाचार्य बहुत क्रोधित हुए जब स्कूल बस छूटने के बाद हममें से 5 लोग स्कूल एक घंटा देरी से पहुंचे।	ᱵᱤᱨᱫᱟᱹᱜᱟᱲ ᱨᱮᱭᱟᱜ ᱵᱟᱥ ᱵᱟᱝ ᱧᱟᱢ ᱠᱷᱟᱹᱛᱤᱨ ᱛᱮ ᱟᱞᱮ ᱕ ᱦᱚᱲ ᱫᱚ ᱢᱤᱫ ᱴᱟᱲᱟᱝ ᱛᱟᱭᱚᱢ ᱵᱤᱨᱫᱟᱹᱜᱟᱲ ᱨᱮᱞᱮ ᱦᱮᱡ ᱮᱱᱟ, ᱚᱱᱟᱛᱮ ᱯᱨᱤᱱᱥᱤᱯᱟᱞ ᱫᱚ ᱟᱹᱰᱤᱭ ᱨᱟᱸᱜᱟᱣ ᱞᱮᱱᱟ ᱾
एडाक संयुक्त राज्य अमेरिका की सबसे पश्चिमी नगरपालिका है।	ᱮᱹᱰᱟᱠ ᱢᱟᱨᱠᱤᱱ ᱫᱚ ᱡᱩᱠᱛᱚᱨᱟᱥᱴᱨᱚ ᱨᱮᱭᱟᱜ ᱡᱚᱛᱚᱠᱷᱚᱱ ᱯᱚᱥᱪᱷᱤᱢ ᱨᱮᱭᱟᱜ ᱯᱳᱣᱨᱚᱥᱚᱵᱷᱟ ᱾
पत्रिका विज्ञान में गुरुवार के दिन प्रकाशित एक अध्ययन ने इक्वेडोर के गलन द्वीप पर एक नयी चिड़िया जाति की रचना पर रिपोर्ट दी ।	ᱥᱟᱮᱬᱥ ᱡᱚᱨᱱᱟᱞ ᱨᱮ ᱥᱟᱹᱨᱫᱤ ᱡᱷᱚᱜ ᱯᱟᱨᱥᱟᱞ ᱠᱟᱱ ᱚᱞ ᱫᱚ ᱤᱠᱣᱟᱰᱚᱨ ᱜᱮᱞᱟᱯᱟᱜᱚᱥ ᱫᱣᱤᱯ ᱫᱳᱞ ᱨᱮ ᱢᱤᱫᱴᱟᱹᱝ ᱱᱟᱶᱟ ᱪᱮᱬᱮ ᱯᱨᱚᱡᱟᱛᱤ ᱠᱚ ᱧᱟᱢ ᱨᱮᱭᱟᱜ ᱥᱩᱪᱱᱟ ᱠᱚ ᱮᱢ ᱟᱠᱟᱫᱼᱟ᱾
सच में?	ᱥᱟᱹᱨᱤᱜᱮ !
एक भारतीय नागरिक की जरूरत है अगर एक भारतीय चुनाव में वोट देना चाहता है।	ᱡᱩᱫᱤ ᱡᱟᱦᱟᱸᱭ ᱵᱷᱟᱨᱚᱛᱤᱭᱚ ᱵᱟᱪᱷᱱᱟᱣ ᱨᱮ ᱵᱷᱳᱴ ᱮ ᱮᱢᱚᱜ ᱞᱟᱹᱜᱤᱫᱜᱼᱟ ᱮᱱᱠᱷᱟᱱ ᱩᱱᱤᱭᱟᱜ ᱵᱷᱟᱨᱚᱛᱤᱭᱚ ᱱᱟᱜᱚᱨᱤᱠᱚᱛᱛᱚ ᱛᱟᱦᱮᱱ ᱞᱟᱹᱠᱛᱤ ᱠᱟᱱᱟ ᱾
'माएल' की पीढ़ी और 'साकामा' (के रूप में भारतीयों को पारंपरिक रूप में कहा गया है) ने सदियों से रेसिपि पूरी की है और इन रेसिपिओं को हज़ारों सालों से मौखिक परंपरा के माध्यम से पारित कर दिया है.	ᱢᱚᱦᱟᱨᱟᱡ' ᱟᱨ 'ᱠᱷᱟᱱᱥᱟᱢᱟ'ᱼ ᱨᱮᱱ ᱯᱤᱲᱦᱤ (ᱡᱮᱞᱮᱠᱟ ᱜᱟᱹᱠᱷᱩᱲ ᱥᱮᱯᱷ ᱠᱚᱣᱟᱜ ᱥᱮᱨᱣᱟ ᱞᱮᱠᱟᱛᱮ ᱵᱷᱟᱨᱚᱛ ᱢᱮᱱ ᱦᱩᱭᱩᱜ ᱟ) ᱠᱚ ᱠᱤᱪᱷᱤ ᱥᱚᱛᱟᱵᱫᱤ ᱦᱟᱹᱵᱤᱡ ᱤᱥᱤᱱ ᱦᱚᱨᱟᱠᱚᱭ ᱱᱤᱯᱷᱩᱴ ᱟᱠᱟᱫᱟ ᱟᱨ ᱱᱚᱣᱟ ᱤᱥᱤᱱ ᱦᱚᱨᱟᱠᱚᱜᱮ ᱜᱮᱥᱟᱭ ᱜᱮᱥᱟᱭ ᱥᱮᱨᱢᱟ ᱦᱟᱹᱵᱤᱡ ᱨᱚᱲ ᱥᱮᱨᱣᱟ ᱛᱟᱞᱟᱛᱮ ᱥᱮᱱ ᱟᱠᱟᱱᱟ ᱾
ट्रेन अभी भी बेहतर है.	ᱨᱤᱞᱜᱟᱹᱰᱤ ᱠᱚᱫᱚ ᱱᱤᱛᱦᱚᱸ ᱵᱷᱟᱜᱮ ᱝᱮᱭᱟ ᱾
कानावा के पड़ोसी नाही के दाखमधु से भी कम लाभ है, नीक - होटल में नीक - निका - निका - निया - निकार में काफ़ी कुछ उपयुक्‍त पट्टी हैं, पैरिस के शहर में, शहर बार - शहर के एक बहुत प्रसिद्ध, और समुद्र तट पर सरकार द्वारा स्थित एक बहुत मशहूर है ।	ᱯᱩᱲᱥᱤ ᱛᱟᱢᱤᱞᱱᱟᱰᱩ ᱠᱷᱚᱱ ᱠᱟᱹᱨᱟᱹᱭᱠᱟᱹᱞ ᱨᱮ ᱯᱟᱹᱣᱨᱟᱹ ᱫᱚ ᱥᱚᱥᱛᱟᱜᱮᱭᱟ, ᱠᱟᱹᱨᱟᱹᱭᱠᱟᱹᱞᱨᱮ ᱵᱮᱥ ᱠᱤᱪᱷᱩ ᱯᱤᱲᱦᱤ ᱪᱮᱛᱟᱱ ᱯᱤᱲᱦᱤ ᱵᱟᱨ ᱢᱮᱱᱟᱜᱼᱟ ᱼ ᱱᱚᱱᱫᱚ ᱦᱳᱴᱮᱞ ᱨᱮᱭᱟᱜ ᱱᱟᱜᱟᱨᱟ ᱵᱟᱨ, ᱯᱮᱨᱤᱥ ᱤᱱᱴᱟᱨᱱᱮᱥᱚᱱᱟᱞ ᱨᱮᱭᱟᱜ ᱛᱷᱟᱱᱰᱟᱨ ᱵᱟᱨ, ᱥᱤᱴᱤ ᱵᱟᱨ ᱼ ᱥᱚᱦᱚᱨ ᱨᱮᱭᱟᱜ ᱢᱤᱫᱴᱟᱝ ᱟᱹᱫᱤ ᱧᱩᱢᱟᱱ ᱟᱨ ᱯᱚᱱᱰᱤᱪᱮᱨᱤ ᱥᱚᱨᱠᱟᱨᱟᱜ ᱢᱟᱹᱞᱤᱠ ᱜᱚᱵᱚᱞ ᱫᱟ ᱥᱤ ᱜᱩᱞᱥ ᱨᱮᱥᱴᱩᱨᱮᱱᱴ ᱡᱟᱦᱟᱸ ᱫᱚ ᱥᱟᱹᱢᱩᱫ ᱟᱲᱮᱨᱮ ᱢᱮᱱᱟᱜ ᱟᱨ ᱟᱹᱭᱩᱵᱵᱮᱲᱟ ᱟᱰᱰᱟ ᱨᱮ ᱫᱩᱲᱩᱵ ᱵᱷᱟᱜᱤᱭᱟ ᱾
क्या आप दस्तावेज़ों की सूची बना सकते हैं?	ᱟᱢ ᱪᱮᱫ ᱱᱚᱛᱷᱤᱠᱚᱢ ᱛᱟᱹᱞᱤᱠᱟ ᱥᱮᱞᱮᱫ ᱫᱟᱲᱮᱭᱟᱜᱼᱟ ᱡᱟᱦᱟᱸ ᱟᱞᱮ ᱵᱮᱱᱟᱣ ᱦᱩᱭᱩᱜ ᱛᱟᱞᱮᱭᱟ ?
अगर मैंने एक भी गलत कदम उठाया, तो मैं इस चट्टान से गिरकर मर सकता हूँ।	ᱡᱩᱫᱤ ᱤᱧ ᱢᱤᱫᱴᱟᱝ ᱵᱟᱹᱲᱤᱡ ᱨᱮ ᱡᱟᱸᱜᱟᱧ ᱞᱟᱦᱟᱭᱟ, ᱤᱧ ᱫᱚ ᱱᱚᱶᱟ ᱵᱩᱨᱩ ᱠᱷᱚᱱ ᱧᱩᱨ ᱠᱟᱛᱮᱧ ᱜᱚᱡ ᱫᱟᱲᱮᱭᱟᱜᱼᱟ ᱾
महामारी के दौरान भारत सरकार को दुनिया भर के कई नेताओं से अप्रत्याशित रूप से समर्थन मिला।	ᱵᱷᱟᱨᱚᱛ ᱥᱚᱨᱠᱟᱨ ᱢᱚᱦᱟᱢᱟᱨᱤ ᱪᱟᱞᱟᱜ ᱚᱠᱛᱚ ᱡᱮᱜᱮᱫ ᱨᱮᱱ ᱟᱭᱢᱟ ᱱᱮᱛᱟ ᱴᱷᱮᱱ ᱠᱷᱚᱱ ᱵᱤᱱᱼᱟᱥ ᱞᱮᱠᱟᱱ ᱜᱚᱲᱚ ᱠᱚ ᱧᱟᱢ ᱞᱮᱫᱟ ᱾
नवावा अधिवेशन (GC) और उनके अतिरिक्त प्रोटोकॉल (पीपी.) की माँग है कि किसी भी क़ैदी को न्यायिक कार्रवाई का सामना करना पड़े ।	ᱡᱮᱱᱮᱵᱷᱟ ᱠᱚᱱᱵᱷᱮᱱᱥᱚᱱ ( ᱡᱤᱥᱤ ) ᱟᱨ ᱩᱱᱠᱩᱣᱟᱜ ᱵᱟᱹᱲᱛᱤ ᱯᱨᱳᱴᱳᱠᱚᱞ ( ᱮᱯᱤᱮᱥ) ᱞᱟᱹᱠᱛᱤᱭᱟ ᱡᱮ ᱡᱟᱦᱟᱸᱭ ᱞᱟᱹᱲᱦᱟᱹᱭ ᱵᱚᱱᱫᱤ ᱠᱚ ᱡᱟᱦᱟᱸᱱ ᱵᱤᱪᱟᱹᱨ ᱠᱟᱹᱢᱤᱦᱚᱨᱟ ᱨᱮᱠᱚ ᱥᱟᱢᱟᱝ ᱥᱚᱫᱚᱨ ᱞᱮᱱᱠᱷᱟᱱ ᱩᱱᱠᱩᱣᱟᱜ ᱥᱚᱛ ᱵᱤᱪᱟᱹᱨ ᱧᱟᱢᱚᱜᱼᱟ ᱾
धर्म - त्याग की आत्माओं को पवित्र या अपवित्र समझा जाता है, जैसे कि उनका सिद्धान्त मूल रूप से लाभदायक या दुष्ट है ।	ᱵᱤᱯᱞᱚ ᱵᱤᱠᱚᱣᱟᱜ ᱟᱛᱛᱟ ᱚᱱᱩᱯᱟᱛᱛᱮ ᱯᱚᱵᱤᱛᱛᱨᱚ ᱥᱮ ᱚᱯᱚᱵᱤᱛᱛᱨᱚ ᱢᱮᱱᱛᱮᱠᱚ ᱵᱤᱵᱮᱪᱚᱱᱟᱣᱟ , ᱚᱡᱮᱫᱚ ᱟᱠᱚᱣᱟᱜ ᱚᱱᱛᱚᱨ ᱨᱮᱭᱟᱜ ᱱᱤᱛᱤ ᱫᱚ ᱩᱯᱠᱟᱹᱨ ᱥᱮ ᱞᱮᱸᱜᱽᱲᱚᱡ ᱜᱮᱭᱟ ᱾
अपने Panne कार्ड के साथ शुरू करते हैं.	ᱟᱢᱟᱜ ᱯᱮᱱᱠᱟᱨᱰ ᱫᱟᱨᱟᱭ ᱛᱮ ᱮᱛᱚᱦᱚᱵ ᱦᱩᱭᱩᱜᱼᱟ ᱾
आरोप और ऋण क्या हैं?	ᱪᱟᱨᱡᱽ ᱟᱨ ᱯᱷᱤ ᱪᱮᱫ ?
यदि कंपनी आपको मुआवजा नहीं देती है, तो उनका उत्पाद बेचने लायक नहीं है।	ᱡᱩᱫᱤ ᱠᱳᱢᱯᱟᱱᱤ ᱟᱢ ᱠᱷᱚᱛᱤᱼᱯᱩᱨᱚᱱ ᱵᱟᱭ ᱮᱢᱟᱢᱟ, ᱛᱟᱦᱚᱞᱮ ᱩᱱᱠᱩᱣᱟᱜ ᱡᱤᱱᱤᱥ ᱟᱹᱠᱷᱨᱤᱧ ᱨᱮ ᱡᱳᱜᱢᱟᱱ ᱵᱟᱹᱱᱩᱜᱼᱟ ᱾
जैसे बैंकिंग क्षेत्र में निवेश किया गया, वैसे खान - पान और प्राकृतिक गैस निकालने में वृद्धि हुई ।	ᱞᱟᱜ ᱟᱨ ᱯᱨᱟᱠᱨᱤᱛᱤᱠ ᱜᱮᱥ ᱨᱟᱠᱟᱯ ᱟᱨ ᱵᱮᱝᱠᱤᱝ ᱨᱮ ᱠᱟᱹᱣᱰᱤ ᱥᱚᱯᱚᱦᱚᱫ ᱡᱟᱹᱥᱛᱤ ᱞᱮᱱᱟ ᱾
मठों का दौरा करते वक्‍त, स्त्रियों से कहा जाता है कि वे कपड़े पहनते हैं और अपने कंधों पर भी छाते हैं ।	ᱢᱳᱴᱷᱚ ᱠᱚ ᱦᱤᱨᱤ ᱚᱠᱛᱮ ᱢᱟᱹᱭᱡᱩ ᱠᱚᱫᱚ ᱴᱷᱤᱴᱬᱟᱹᱜ ᱦᱟᱹᱵᱤᱡ ᱮᱥᱮᱫᱚᱜ ᱥᱠᱳᱨᱴ ᱦᱚᱨᱚᱜ ᱞᱟᱹᱠᱛᱤᱭᱟᱠᱚ ᱟᱨ ᱩᱱᱠᱩᱣᱟᱜ ᱛᱟᱨᱮᱱ ᱦᱚᱸ ᱮᱥᱮᱫ ᱛᱟᱦᱮᱸᱱᱟ᱾
मैंने उनसे इतना शोर न करने को कहा है, लेकिन वे कभी नहीं सुनते।	ᱤᱧ ᱩᱱᱠᱩᱧ ᱢᱮᱛᱟᱫ ᱠᱚ ᱛᱟᱦᱮᱸᱱᱟ ᱩᱱᱟᱹᱜ ᱵᱟᱝ ᱥᱟᱰᱮᱭ ᱨᱮᱱᱟᱜ, ᱢᱮᱱᱠᱷᱟᱱ ᱩᱱᱠᱩ ᱵᱟᱝᱠᱚ ᱟᱸᱡᱚᱢ ᱮᱫᱟ ᱾
हाल ही में, समुद्र के स्तर के अनुसार, समुद्री स्तर में एक सुनामी उत्पन्‍न की गयी ।	ᱱᱟᱶᱟᱱ ᱵᱩᱞᱮᱴᱤᱱ ᱠᱚ ᱞᱮᱠᱟᱛᱮ, ᱫᱟᱨᱭᱟ ᱫᱟᱜ ᱯᱟᱲᱦᱟᱣ ᱠᱷᱚᱱ ᱵᱟᱰᱟᱭᱧᱟᱢ ᱠᱟᱱ ᱡᱮ ᱥᱩᱱᱟᱢᱤ ᱫᱚ ᱵᱮᱱᱟᱣ ᱦᱩᱭ ᱠᱟᱱᱟ᱾ ᱯᱟᱜᱚ ᱯᱟᱜᱚ ᱟᱨ ᱱᱤᱭᱮ ᱥᱩᱨ ᱨᱮ ᱥᱩᱱᱟᱢᱤ-ᱟᱜ ᱠᱟᱨᱫᱷᱟᱹᱱᱤ ᱮᱠᱚᱰ ᱟᱠᱟᱱᱟ᱾
एक छवि में व्यवस्था रखने के दौरान एक सरल गाइड लाइन बनाने के लिए इस्तेमाल किए गए और अकसर तीसरे नियम का इस्तेमाल किया जाता है।	ᱛᱤᱦᱟᱭᱤ ᱨᱮᱱᱟᱜ ᱵᱟᱹᱲᱛᱤ ᱵᱟᱹᱲᱤᱡ ᱵᱮᱵᱷᱟᱨ ᱟᱨ ᱚᱱᱠᱟ ᱩᱯᱦᱟᱥ ᱨᱮᱱᱟᱜ ᱟᱹᱨᱤ ᱢᱤᱫ ᱪᱷᱟᱵᱤ ᱨᱮ ᱠᱨᱚᱢ ᱨᱮᱱᱟᱜ ᱢᱟᱯ ᱫᱚᱦᱚᱭ ᱛᱞᱩᱞᱡ ᱜᱟᱛᱤᱥᱤᱞᱛᱟ ᱯᱟᱭᱫᱟ ᱟᱱᱟᱜ ᱢᱤᱫ ᱥᱟᱨᱟᱞ ᱫᱤᱥᱟᱱᱤᱨᱫᱮᱥ ᱠᱟᱱᱟ᱾
अगर आप देश की सड़कों पर गाड़ी चलाने के लिए इस्तेमाल नहीं किया जाता है, आप के बारे में अपनी बुद्धि रखें.	ᱡᱩᱫᱤ ᱟᱢ ᱫᱤᱥᱚᱢ ᱨᱮᱭᱟᱜ ᱥᱚᱰᱚᱠ ᱨᱮ ᱜᱟᱹᱰᱤ ᱪᱟᱹᱞᱩ ᱞᱟᱹᱜᱤᱫ ᱵᱟᱝ ᱵᱟᱵᱷᱟᱨ ᱮᱫᱟ, ᱛᱚ ᱟᱢ ᱵᱟᱵᱚᱛ ᱟᱢᱟᱜ ᱠᱩᱥᱤ ᱠᱚ ᱫᱚᱦᱚᱭ ᱢᱮ: ᱛᱤᱝᱜᱩ ᱜᱽᱨᱰ, ᱥᱚᱝᱨᱟ ᱜᱚᱞᱤ, ᱟᱨ ᱛᱮᱡᱽ ᱵᱚᱠᱨᱚ ᱯᱨᱚᱢᱩᱠᱷ ᱢᱮᱱᱟᱜᱼᱟ᱾
डच मकानों, पुर्तगाली गिरजों, यहूदी आराधनालयों, ब्रिटिश गोदाम और १४वीं सदी की चीनी मछुवाही के जाल, कोचिया के लंबे इतिहास को दर्शाता है।	ᱰᱟᱪ ᱫᱚᱞᱟᱱ, ᱯᱳᱨᱛᱩᱜᱤᱡ ᱜᱤᱨᱡᱟᱹ, ᱤᱜᱩᱫᱤ ᱫᱷᱚᱨᱚᱢ ᱟᱠᱷᱲᱟ, ᱵᱨᱤᱴᱤᱥ ᱵᱟᱹᱸᱫᱤ ᱟᱨ ᱑᱔ ᱥᱟᱭᱟᱝ ᱨᱮᱭᱟᱜ ᱪᱤᱱ ᱨᱮᱭᱟᱜ ᱦᱟᱠᱩ ᱥᱟᱵ ᱡᱟᱞᱟᱢ ᱠᱚᱨᱮ ᱧᱮᱞ ᱧᱟᱢ ᱟᱠᱟᱱ ᱵᱷᱮᱜᱟᱨᱟᱱᱟᱜ ᱠᱩᱸᱫᱟᱹᱣᱠᱟᱹᱨᱤ, ᱢᱤᱫ ᱞᱟᱹᱠᱛᱤᱭᱟᱱ ᱥᱟᱹᱢᱩᱫᱟᱰᱟ ᱟᱨ ᱵᱟᱹᱱᱤᱡ ᱛᱟᱞᱢᱟ ᱞᱮᱠᱟᱛᱮ ᱠᱳᱪᱤ ᱨᱮᱭᱟᱜ ᱱᱟᱜᱟᱢᱮ ᱡᱷᱟᱞᱠᱟᱣᱼᱟ ᱾
सी. सी., लंदन में अपने मुख्यालय के साथ ।	ᱱᱳᱣᱟ ᱫᱚ ᱢᱮᱨᱤᱞᱮᱵᱳᱱ ᱠᱨᱤᱠᱮᱴ ᱠᱞᱟᱵ (ᱮᱢᱹᱥᱤᱹᱥᱤᱹ), ᱦᱚᱛᱮᱛᱮ ᱵᱟᱹᱛᱤᱞᱞᱮᱱᱟ, ᱡᱟᱦᱟᱸ ᱨᱮᱱᱟᱜᱽ ᱥᱚᱫᱚᱨ ᱫᱚᱯᱛᱚᱨ ᱫᱚ ᱞᱚᱨᱰᱥ, ᱞᱚᱱᱰᱚᱱ ᱨᱮ ᱛᱟᱦᱮᱸᱠᱟᱱᱟ ᱾
ᱟᱢ ᱪᱮᱫ ᱥᱚᱞᱦᱟᱢ ᱮᱢᱚᱜ ᱠᱟᱱᱟ?	आप क्या सिफ़ारिश करते हैं?
उनकी दक्षिणी बहनों के विरुद्ध खेल में देखते हुए, दक्षिण अफ्रीका में धीरे - धीरे सुधार हुआ ।	ᱟᱠᱚ ᱨᱤᱱ ᱠᱚᱧᱮ ᱟᱯᱷᱨᱤᱠᱟ ᱵᱩᱦᱤᱱᱠᱚ ᱦᱮᱯᱮᱨᱤᱭᱟᱹᱣ ᱠᱷᱮᱞ ᱨᱮ ᱴᱷᱟᱹᱣᱠᱟᱹ ᱠᱚᱞᱚᱝᱠᱚ ᱧᱮᱞᱚᱜ ᱠᱟᱱ
एमस्टरस्टरस्टर शहर और ऐन फ्रैंक पार्क राज्य के अधिकारी कहते हैं कि पेड़ एक मौज - मस्ती से जुड़ा हुआ है और यह पेड़ एक आम स्वास्थ्य ख़तरा बना देता है ।	ᱟᱢᱥᱴᱚᱨᱰᱟᱢ ᱥᱚᱦᱚᱨ ᱟᱨ ᱟᱱᱱᱮ ᱯᱷᱨᱟᱸᱠ ᱥᱚᱝᱜᱨᱚᱦᱟᱲᱚᱭ ᱨᱤᱱ ᱚᱫᱷᱤᱠᱟᱨᱤ ᱠᱚᱣᱟᱜ ᱢᱮᱱ ᱛᱟᱦᱮᱸ ᱠᱟᱱᱟ ᱡᱮ ᱫᱟᱨᱮ ᱢᱤᱫ ᱜᱩᱢᱟᱹ ᱛᱮ ᱥᱚᱝᱠᱨᱚᱢᱤᱛ ᱟᱠᱟᱱᱟ ᱟᱨ ᱥᱟᱱᱟᱢ ᱱᱤᱯᱷᱩᱴ ᱥᱤᱫ ᱞᱟᱹᱜᱤᱫ ᱵᱚᱛᱚᱨ ᱨᱮᱭᱟᱜ ᱠᱟᱛᱷᱟ ᱠᱟᱱᱟ ᱪᱮᱫᱟᱜ ᱥᱮ ᱩᱱᱠᱩᱣᱟᱜ ᱛᱚᱨᱠᱚ ᱠᱟᱱᱟ ᱡᱮ ᱚᱱᱟ ᱫᱟᱨᱮ ᱫᱚ ᱵᱷᱤᱸᱫᱟᱹᱲ ᱫᱟᱲᱮᱭᱟᱜᱼᱟI
अल्बर्टो उर्डानेटा कोलंबिया के एक चित्रकार, डिजाइनर और लेखक थे।	ᱢᱟᱨᱠᱤᱱ ᱡᱩᱠᱛᱚᱨᱟᱥᱴᱨᱚ ᱨᱮ ᱒᱐᱑᱐ ᱥᱟᱞ ᱨᱮᱭᱟᱜ ᱦᱚᱽ ᱞᱮᱠᱷᱟ ᱞᱮᱠᱟᱛᱮ ᱟᱹᱛᱩ ᱨᱮᱱ ᱦᱚᱲ ᱮᱞ ᱠᱚ ᱛᱟᱦᱮᱸ ᱠᱟᱱᱟ ᱑,᱐᱗᱘ ᱦᱚᱲ ᱾
मेरे पास दस घोड़ा हैं।	ᱤᱧ ᱴᱷᱮᱱ ᱜᱮᱞ ᱜᱚᱴᱟᱝ ᱜᱷᱚᱲᱟ ᱢᱮᱱᱟᱜᱼᱟ ᱠᱚᱣᱟ।
उनके भतीजे अभी छोटे थे, इसलिए यह संभवतः उनके अभिभावक के रूप में था।	ᱟᱡᱨᱮᱱ ᱵᱷᱟᱹᱭᱪᱟᱹᱛ ᱛᱮᱫ ᱠᱚᱫᱚ ᱩᱱᱦᱚᱸ ᱠᱚᱢ ᱩᱢᱮᱨ ᱜᱮᱭᱟᱠᱚ ᱚᱱᱟᱛᱮ ᱦᱩᱭᱫᱟᱲᱮᱭᱟᱜᱼᱟ ᱩᱱᱠᱩᱨᱮᱱ ᱜᱟᱹᱞᱤᱢ ᱞᱮᱠᱟᱛᱮᱭ ᱛᱟᱦᱮᱸ ᱠᱟᱱᱟ ᱾
जब उनकी टीम ने विश्व कप जीता तो लोग सड़कों पर नाच रहे थे।	ᱩᱱᱠᱩᱣᱟᱠ ᱜᱟᱫᱮᱞ ᱡᱚᱠᱷᱚᱱ ᱡᱮᱜᱮᱫ ᱠᱟᱯ ᱠᱚ ᱡᱤᱛᱠᱟᱹᱨ ᱞᱮᱱᱟ ᱩᱱ ᱫᱚ ᱦᱚᱲ ᱠᱚ ᱰᱟᱦᱟᱨ ᱨᱮᱠᱚ ᱮᱱᱮᱪ ᱞᱮᱫᱟ ᱾
AAS ES PAN पीसी, पहले खर्च करने और कार्य विषयों के लिए पूरी दुनिया शुरू किया, 2007 इसे मासिक मासिक में एक गर्म विषय बन गया.	ASUS Eee PC, ᱯᱟᱹᱦᱤᱞ ᱞᱟᱜᱟᱣ-ᱵᱟᱧᱪᱟᱣ ᱟᱨ ᱠᱟᱹᱢᱤ ᱪᱷᱚᱢᱛᱟ ᱠᱟᱨᱚᱠ ᱞᱟᱹᱜᱤᱫ ᱫᱩᱱᱤᱭᱟᱹ ᱵᱷᱩᱨ ᱨᱮ ᱠᱟᱧᱰ ᱦᱩᱭᱩᱜ ᱠᱟᱱ ᱛᱟᱦᱮᱱᱟ, ᱒᱐᱐᱗ ᱛᱟᱭᱤᱯᱮ ᱟᱭᱤᱴᱤ ᱢᱟᱦ ᱨᱮ ᱢᱤᱫ ᱞᱚᱞᱚ ᱥᱟᱛᱟᱢ ᱵᱮᱱᱟᱣ ᱮᱱᱟ᱾
परमाणु बम अन्य बमों की तुलना में कहीं अधिक शक्तिशाली होते हैं।	ᱯᱟᱨᱚᱢᱟᱱᱚᱵᱤᱠ ᱵᱳᱢᱟ ᱫᱚ ᱮᱴᱟᱜ ᱵᱳᱢᱟᱠᱚ ᱠᱷᱚᱱ ᱟᱭᱢᱟ ᱡᱟᱹᱥᱛᱤ ᱫᱟᱲᱮᱭᱟᱱ ᱜᱮᱭᱟ ᱾
उन्होंने कहा कि वहां के संगीतकारों के संगीत लिखने का तरीका काफी फ्रांसीसी था।	ᱩᱱᱤᱭ ᱞᱟᱹᱭ ᱞᱮᱫᱟ ᱡᱮ ᱚᱰᱮ ᱫᱚ ᱨᱟᱦᱟᱵᱮᱱᱟᱣ ᱠᱚ ᱥᱮᱹᱨᱮᱹᱧ ᱚᱞ ᱨᱮᱭᱟᱜ ᱢᱤᱫᱴᱟᱝ ᱟᱹᱰᱤᱱᱟᱯᱟᱭ ᱯᱷᱚᱨᱟᱥᱤ ᱩᱯᱟᱹᱭ ᱛᱟᱦᱮᱸ ᱠᱟᱱᱟ ᱾
हाँ कृपया एक मिनट इंतजार करें.	ᱦᱮᱸ ᱮᱠᱟᱞ ᱜᱮ ᱢᱤᱫ ᱴᱤᱲᱤᱡ ᱛᱟᱸᱹᱜᱤᱭ ᱢᱮ ᱾
मैंने आज शाम के भोजन का पूरा आनंद लिया (खाद्य समीक्षक)।	ᱛᱮᱦᱮᱧ ᱤᱧ ᱥᱤᱸᱜᱟᱹᱲ ᱵᱮᱲᱟ ᱡᱚᱢᱟᱜ ᱫᱚ ᱯᱩᱨᱟᱹ ᱯᱩᱨᱤᱧ ᱵᱷᱩᱸᱡᱟᱹᱣ ᱟᱠᱟᱫᱟ ᱾(ᱡᱚᱢᱟᱜ ᱥᱟᱞᱟᱜᱚᱴᱟᱼᱤᱡ)
हमें उनकी काबिलीयतों पर आधारित उनका हौसला बढ़ाना चाहिए ।	ᱟᱠᱚᱣᱟᱜ ᱜᱩᱱᱢᱟᱱ ᱞᱮᱠᱟᱛᱮ ᱩᱱᱠᱚ ᱩᱫᱽᱜᱟᱹᱣ ᱫᱚ ᱟᱵᱚᱣᱟᱜ ᱞᱟᱹᱠᱛᱤ ᱠᱟᱱᱟ ᱾
या तो कंप्यूटर स्क्रीन पर छवि या हार्ड प्रतिलिपि प्रिंट आउट को देखते हैं और फिर एक बहुभुज आरेखित करते हैं जो किसी खास देश के कवर टाइप के रूप में पहचाना जाता है.	ᱜᱟᱞᱚᱪᱤᱭᱟᱹ ᱫᱚ ᱢᱤᱫᱴᱟᱝ ᱠᱚᱢᱯᱤᱩᱴᱟᱨ ᱥᱠᱨᱤᱱ ᱥᱮ ᱦᱟᱰᱠᱚᱯᱤ ᱪᱷᱟᱯᱟ ᱳᱰᱳᱠ ᱠᱟᱛᱮ ᱚᱱᱟ ᱨᱮ ᱪᱤᱛᱟᱹᱨᱮ ᱧᱮᱞᱟ ᱟᱨ ᱚᱱᱟ ᱛᱟᱭᱚᱢ ᱢᱤᱫ ᱜᱚᱴᱟᱼᱵᱩᱴᱟᱹ ᱞᱮᱱᱰ ᱠᱚᱵᱷᱟᱨ ᱞᱮᱠᱟᱛᱮ ᱪᱤᱱᱦᱟᱹ ᱟᱠᱟᱱ ᱴᱚᱴᱷᱟ ᱵᱮᱲᱦᱟᱭ ᱛᱮ ᱢᱤᱫᱴᱟᱝ ᱥᱟᱸᱜᱮ ᱠᱚᱸᱲᱮ ᱵᱮᱱᱟᱣᱼᱟ ᱾
पचासी	ᱟᱨ ᱜᱮᱞ ᱢᱚᱬᱮ
सर ने मुझसे कहा कि अगर मैं इस सप्ताह तक अपना काम पूरा कर लूँगा तो मैं एक महीने की छुट्टी ले सकता हूँ!	ᱢᱟᱪᱮᱫ ᱜᱚᱢᱠᱮ ᱤᱧᱮ ᱢᱮᱛᱟᱫᱤᱧᱟ ᱱᱚᱣᱟ ᱦᱟᱯᱛᱟ ᱢᱩᱫᱨᱮ ᱤᱧᱟᱜ ᱠᱟᱹᱢᱤᱧ ᱢᱩᱪᱟᱹᱫ ᱞᱮᱠᱷᱟᱱ ᱢᱤᱫ ᱢᱟᱹᱱᱦᱟᱹ ᱞᱟᱹᱜᱤᱫ ᱡᱤᱨᱟᱹᱣᱤᱧ ᱦᱟᱛᱟᱣ ᱫᱟᱲᱮᱭᱟᱜᱼᱟ ᱾
मुझे समझ नहीं आ रहा है कि मैं अपने परिवार को कैसे बताऊँ कि जब मैं सीएसके का मैच देखने जाऊँगा तो उन्हें पीछे छोड़ दिया जाएगा।	ᱤᱧ ᱫᱚ ᱵᱟᱹᱧ ᱵᱟᱰᱟᱭᱟ ᱡᱮ ᱪᱮᱫ ᱞᱮᱠᱟᱛᱮ ᱤᱧᱟᱹᱜ ᱜᱷᱟᱨᱚᱧᱡᱽ ᱨᱮᱱᱤᱧ ᱢᱮᱛᱟ ᱠᱚᱣᱟ ᱡᱮ ᱤᱧ ᱡᱚᱠᱷᱚᱱ ᱥᱤ ᱮᱥ ᱠᱮᱼᱟᱜ ᱠᱷᱮᱞᱚᱰ ᱧᱮᱞᱤᱧ ᱥᱮᱱᱚᱜᱼᱟ ᱩᱱᱫᱚ ᱩᱱᱠᱩ ᱛᱟᱭᱚᱢ ᱨᱮᱠᱚ ᱛᱟᱦᱮᱱ ᱢᱟ ᱾
सन्‌ 2014 से पहले, देश में 77 से भी ज़्यादा लोगों को ऑपरेशन के लिए भेजा गया ।	᱒᱐᱑᱔ ᱞᱟᱦᱟᱨᱮ, ᱗᱗ ᱯᱟᱥᱯᱳᱨᱴ ᱥᱮᱵᱟ ᱠᱮᱱᱫᱨᱚ (ᱯᱤᱮᱥᱠᱮ) ᱫᱚ ᱫᱤᱥᱟᱹᱢ ᱨᱮ ᱪᱟᱹᱞᱩᱣᱟᱠᱟᱱᱟ ᱾
एक व्यक्ति पहले कोवड द्वारा प्रभावित किया गया है एक बार वह बना बना बना बना बना नहीं है?	ᱢᱤᱫᱴᱟᱝ ᱦᱚᱲ ᱞᱟᱦᱟᱨᱮ ᱠᱳᱵᱷᱤᱰ ᱨᱮᱭ ᱯᱟᱲᱟᱣ ᱞᱮᱱᱠᱷᱟᱱ ᱩᱱᱤᱫᱚ ᱪᱮᱫ ᱟᱡᱟᱨ ᱵᱟᱭ ᱴᱮᱠᱟᱣ ᱫᱟᱨᱟᱢ ᱫᱟᱲᱮᱭᱟᱜᱼᱟ ?
मैं बॉस से एक और छुट्टी के लिए नहीं कह रहा हूँ। वह मुझे नौकरी से निकाल सकते हैं।	ᱤᱧ ᱫᱚ ᱵᱚᱥ ᱮᱴᱟᱜ ᱪᱷᱩᱴᱤ ᱞᱟᱹᱜᱤᱫ  ᱵᱟᱹᱧ ᱢᱮᱛᱟᱭ ᱠᱟᱱᱟ ᱾ ᱩᱱᱤ ᱫᱚ ᱤᱧ ᱪᱟᱹᱠᱨᱤ ᱠᱷᱚᱱᱼᱮ ᱚᱪᱚᱜ ᱫᱟᱲᱮ ᱟᱹᱧᱟᱹ ᱾
हालाँकि 2011 की जनगणना में जनसंख्या घटकर 445 रह गई थी।	ᱢᱮᱱᱠᱷᱟᱱ ᱒᱐᱑᱑ ᱥᱟᱞ ᱨᱮᱭᱟᱜ ᱦᱚᱲ ᱞᱮᱠᱷᱟ ᱞᱮᱠᱟᱛᱮ ᱦᱚᱲ ᱫᱚ ᱠᱚᱢ ᱠᱚ ᱛᱟᱦᱮᱸ ᱠᱟᱱᱟ ᱔᱔᱕ ᱦᱚᱲ ᱾
अठारह अमरीका और अमरीका के 46 से भी ज़्यादा परिवारों को बायोमिमेटिक्स कार्ड भेज दिया गया है ।	ᱜᱮᱞ ᱤᱨᱟᱹᱞ ᱯᱚᱱᱚᱛ ᱟᱨ ᱛᱟᱞᱢᱟ ᱥᱟᱹᱥᱤᱛᱟᱱ ᱴᱚᱴᱷᱟ ᱨᱮ ᱔᱖ ᱞᱟᱠ ᱠᱷᱚᱱ ᱦᱚᱸ ᱵᱟᱹᱲᱛᱤ ᱵᱤᱯᱤᱮᱞ ᱜᱷᱟᱸᱨᱚᱡ ᱠᱚ ᱵᱟᱭᱳᱢᱮᱴᱨᱤᱠ ᱥᱢᱨᱴ ᱠᱟᱰ ᱮᱢ ᱦᱩᱭ ᱟᱠᱟᱱᱟ ᱾
आपका स्वागत है.	ᱟᱢᱟᱜ ᱥᱟᱹᱜᱩᱱ ᱫᱟᱨᱟᱢ ᱾
फिर, जो भी है, यह तुम्हारा पता होना चाहिए.	ᱟᱵᱟᱨ, ᱡᱟᱦᱟᱸᱜᱮ ᱦᱩᱭᱩᱜ ᱥᱮ ᱵᱟᱝ, ᱱᱚᱶᱟ ᱨᱮ ᱟᱢᱟᱜ ᱴᱷᱤᱠᱟᱹᱱᱟ ᱛᱟᱦᱮᱸᱱ ᱞᱟᱹᱠᱛᱤ ᱾
इसमें इतनी सारी इमारतें हैं कि यह एक शहर जैसा दिखता है।	ᱱᱚᱶᱟ ᱨᱮ ᱱᱩᱱᱟᱹᱜ ᱜᱟᱱ ᱵᱤᱞᱰᱤᱝ ᱢᱮᱱᱟᱜᱼᱟ ᱡᱮ ᱱᱚᱶᱟ ᱫᱚ ᱢᱤᱫᱴᱟᱝ ᱥᱟᱦᱟᱨ ᱞᱮᱠᱟ ᱾
यह बहुत अच्छा है, आप इसमें हिस्सा लेना चाहिए.	ᱱᱚᱶᱟᱫᱚ ᱟᱹᱰᱤ ᱵᱮᱥ ᱜᱮᱭᱟ, ᱱᱚᱶᱟᱨᱮ ᱟᱢ ᱮᱠᱟᱞᱜᱮ ᱥᱮᱞᱮᱫᱚᱜ ᱦᱩᱭᱩᱜ ᱛᱟᱢᱟ ᱾
नेकोटोवांस ने पोव्हाटन परिसंघ के प्रमुख के रूप में उनका स्थान ले लिया था।	ᱱᱮᱠᱳᱴᱳᱵᱷᱟᱱᱥ ᱫᱚ ᱩᱱᱤ ᱯᱟᱣᱦᱟᱛᱟᱱ ᱠᱚᱱᱯᱷᱮᱰᱟᱨᱮᱥᱤ ᱨᱮᱱ ᱢᱩᱲᱩᱫ ᱞᱮᱠᱟᱛᱮ ᱫᱚᱲᱦᱟᱭ ᱛᱟᱯᱚᱱ ᱞᱮᱫᱮᱭᱟ ᱾
फार्मेसी रात 10 बजे ही बंद हो गई थी, लेकिन मुझे अंदर से कुछ तेज आवाजें सुनाई दे रही हैं।	ᱧᱤᱫᱟᱹ ᱑᱐ ᱴᱟᱲᱟᱝ ᱨᱮ ᱯᱷᱟᱨᱢᱮᱥᱤ ᱫᱚ ᱵᱚᱱᱫᱚᱜᱼᱟ, ᱟᱡᱜᱮ ᱾ ᱢᱮᱱᱠᱷᱟᱱ ᱵᱷᱤᱛᱨᱤ ᱠᱷᱚᱱ ᱟᱺᱫᱚᱲ ᱥᱟᱵᱟᱫ ᱦᱤᱡᱩᱜ ᱠᱟᱱᱤᱧ ᱟᱸᱡᱚᱢ ᱠᱮᱫᱟ ᱾
वे शिकार करके और मछली पकड़ने के लिए ज़िंदा बच गए ।	ᱪᱟᱠᱚ ᱡᱟᱭᱜᱟ ᱫᱚ ᱥᱣᱚᱫᱮᱥᱤ ᱡᱚᱱᱡᱟᱛᱤ ᱡᱮᱞᱠᱟ ᱠᱤ ᱜᱩᱭᱨᱩ ᱟᱨ ᱯᱮᱜᱩᱣᱟ ᱠᱚᱨᱟᱣᱜ ᱮᱴᱟᱜ ᱥᱚᱢᱩᱦ ᱠᱚᱣᱟᱜ ᱚᱲᱟᱜ ᱛᱟᱦᱮᱸ ᱠᱟᱱᱟ, ᱚᱠᱟ ᱫᱚ ᱥᱤᱠᱟᱹᱨ, ᱥᱚᱵᱷᱟ ᱟᱨ ᱦᱟᱹᱠᱩ ᱥᱟᱵ ᱠᱩ ᱠᱷᱟᱱ ᱵᱟᱧᱪᱟᱣ ᱞᱮᱱᱟ ᱠᱚ᱾
छः बंधकों को, जिनमें बच्चे और वृद्ध सम्मिलित भी सम्मिलित थे, जल्दी रिहा कर दिया गया, जैसे कि प्लैटर फोटोग्राफर थे ।	ᱛᱩᱨᱩᱭ ᱦᱚᱥᱴᱮᱡᱽᱠᱚ, ᱥᱟᱶᱛᱮ ᱜᱤᱫᱽᱨᱟᱹᱠᱚ ᱟᱨ ᱦᱟᱲᱟᱢ ᱠᱚᱫᱚ, ᱞᱚᱜᱚᱱ ᱜᱮ ᱟᱲᱟᱜ ᱠᱮᱫ ᱠᱚᱣᱟ ᱠᱚ ᱡᱮᱦᱮᱛᱩ ᱚᱸᱰᱮ ᱫᱚ ᱯᱷᱤᱞᱤᱯᱤᱱᱳ ᱯᱷᱳᱴᱳᱜᱨᱟᱯᱷᱳᱨ ᱠᱚ ᱛᱟᱦᱮᱸ ᱠᱟᱱᱟ᱾
यहाँ Herusus के 24वें रेवर (दक्षिणी वेल्स सीमार) के 35 ब्रिटिश सैनिकों को 7 जुलाई 1857 पर मार डाला गया.	ᱱᱚᱸᱰᱮ, ᱑᱘᱕᱗ ᱥᱟᱞᱨᱮᱭᱟᱜ ᱗ ᱡᱩᱞᱟᱭ, ᱢᱚᱦᱟᱨᱟᱹᱱᱤᱭᱟᱜ ᱒᱔ᱟᱱ ᱛᱟᱲᱟᱢᱯᱷᱟᱹᱫᱨᱮᱱ (ᱥᱟᱣᱩᱛᱷ ᱳᱣᱮᱞᱥ ᱥᱤᱢᱟᱹᱱᱟ) ᱓᱕ ᱦᱚᱲ ᱵᱨᱤᱴᱤᱥ ᱯᱷᱟᱹᱫᱠᱩ ᱞᱟᱹᱲᱦᱟᱹᱭᱠᱩ ᱫᱟᱨᱟᱭᱛᱮ ᱜᱟᱡᱽᱜᱤᱰᱤ ᱦᱩᱭᱞᱮᱱᱟ ᱾
मैं मुसीबत के लिए माफी चाहता हूँ, लेकिन यह कंपनी नीति है.	ᱟᱱᱟᱴ ᱩᱪᱩᱠᱮᱫᱽᱢᱮ ᱞᱟᱹᱜᱤᱫᱽ ᱤᱠᱟᱹᱧ ᱠᱷᱚᱡᱚᱜᱽ ᱠᱟᱱᱟ, ᱢᱮᱱᱠᱷᱟᱱ ᱱᱤᱭᱟᱹ ᱫᱚ ᱠᱚᱢᱯᱟᱱᱤ ᱨᱮᱭᱟᱜ ᱟᱹᱨᱤ ᱠᱟᱱᱟ ᱾
खाना आने में बहुत अधिक समय लगा और तब तक हमें बहुत भूख लग चुकी थी (ग्राहक)।	ᱡᱚᱢᱟᱜ ᱦᱮᱡ ᱥᱮᱴᱮᱨᱚᱜ ᱛᱮ ᱟᱭᱢᱟ ᱵᱤᱞᱚᱢ ᱞᱮᱱᱟ ᱟᱨ ᱩᱱ ᱦᱟᱹᱵᱤᱡ ᱜᱮ ᱟᱞᱮ ᱫᱚ ᱨᱮᱸᱜᱮᱡᱽ ᱛᱮᱞᱮ ᱛᱟᱦᱮᱸ ᱠᱟᱱᱟ ᱾ (ᱜᱟᱦᱟᱠ)
इस घाटी के खंडहरों का दौरा करते वक्‍त, वहाँ की घाटी से गुज़रते वक्‍त या फिर एक - दूसरे से बात करते वक्‍त, एक - दूसरे से बात करते वक्‍त या फिर से बात करते वक्‍त ।	ᱫᱟᱹᱭᱠᱟᱹ ᱞᱮᱠᱟᱛᱮ ᱞᱳᱭᱮᱨ ᱵᱷᱮᱞᱤ, ᱨᱮᱭᱤᱱ ᱵᱷᱮᱞᱤ ᱫᱩᱨᱜᱚ ᱦᱤᱨᱤ ᱵᱟᱝᱢᱟ ᱰᱮᱱᱭᱩᱵᱽ ᱨᱮ ᱢᱚᱱᱞᱚᱵᱷᱟᱣ ᱡᱟᱭᱜᱟ ᱦᱤᱨᱤ ᱵᱟᱝᱢᱟ ᱮᱨᱤ ᱠᱮᱱᱟᱞ ᱨᱮ ᱵᱳᱴᱤᱝ ᱠᱚᱨᱟᱣ᱾
यह उत्तरी साइप्रस के वास्तविक (डी फैक्टो) नियंत्रण में है।	ᱱᱚᱶᱟ ᱫᱚ ᱩᱛᱛᱚᱨ ᱥᱟᱭᱯᱨᱟᱥ ᱨᱮᱭᱟᱜ ᱰᱤ ᱯᱷᱮᱹᱠᱴᱳ ᱟᱜ ᱥᱟᱢᱵᱲᱟᱣ ᱜᱚᱵᱚᱞ ᱨᱮ ᱛᱟᱦᱮᱸ ᱠᱟᱱᱟ ᱾
वहाँ एक स्थायी पहलू है.	ᱢᱤᱫᱴᱟᱝ ᱢᱮᱰᱤᱠᱳᱼᱟᱹᱱ ᱦᱚᱨᱟ ᱢᱮᱱᱟᱜᱼᱟ ᱾
क्या यह पेंसिल अच्छा है?	ᱪᱮᱫ ᱱᱚᱣᱟ ᱯᱮᱱᱥᱤᱞ ᱱᱟᱯᱟᱭ ᱠᱟᱱᱟ?
आप 2020 में ओडिशा आए थे, क्या आप तूफान के दौरान मौजूद थे?	ᱟᱢ ᱒᱐᱒᱐ ᱥᱟᱹᱦᱤᱛ ᱨᱮ ᱳᱲᱤᱥᱥᱟ ᱨᱮᱢ ᱦᱮᱡᱞᱮᱱᱟ, ᱟᱢ ᱪᱮᱫ ᱦᱚᱭᱵᱷᱟᱨᱰᱳ ᱚᱠᱛᱮ ᱥᱮᱴᱮᱨᱮᱢ ᱛᱟᱦᱮᱸ ᱠᱟᱱᱟ ?
ब्रांड वफादारी का उच्च स्तर आलोचना किया गया है और उपहास किया गया है, एपीपिट "एली प्रशंसक" के साथ एक उत्पाद लांच से पहले अधिकतम लाइनों को लागू किया जा रहा है और उपहास किया जा रहा है.	ᱮᱯᱮᱞ ᱯᱷᱮᱱᱵᱚᱭ'' ᱩᱯᱟᱹᱫᱷᱤ ᱵᱮᱣᱦᱟᱨ ᱠᱟᱛᱮᱜ ᱟᱨ ᱡᱟᱦᱟᱸᱱ ᱡᱤᱱᱤᱥ ᱞᱚᱧᱪᱜ ᱞᱟᱦᱟ ᱨᱮᱜᱮ ᱡᱮᱞᱮᱧ ᱞᱟᱭᱤᱱ ᱵᱮᱱᱟᱣ ᱠᱚ ᱫᱩᱥᱟᱹᱣ ᱠᱟᱛᱮᱜ ᱵᱨᱮᱱᱰ ᱯᱟᱹᱛᱭᱟᱹᱣ ᱨᱮ ᱪᱮᱛᱟᱱᱛᱷᱚᱠ ᱨᱮᱭᱟᱜ ᱚᱠᱛᱟ ᱦᱩᱭᱟᱠᱟᱱᱟ ᱟᱨ ᱯᱚᱥᱲᱟ ᱦᱩᱭᱟᱠᱟᱱᱟ,
क्या आप जानते हैं कि आज इस स्टोर में हर वस्तु पर एक खरीदो एक मुफ्त पाओ (Buy 1 Get 1) का ऑफर है?	ᱟᱢ ᱪᱮᱫ ᱵᱟᱰᱟᱭᱟᱢ ᱛᱮᱦᱮᱧ ᱱᱚᱣᱟ ᱫᱳᱠᱟᱱ ᱨᱮ ᱢᱤᱢᱤᱫ ᱟᱭᱴᱮᱢ ᱢᱤᱫᱴᱟᱝ ᱠᱤᱨᱤᱧ ᱢᱮ ᱢᱤᱫᱴᱟᱝ ᱧᱟᱢ ᱢᱮ, ᱚᱯᱷᱟᱨᱨᱮ ᱢᱮᱱᱟᱜᱼᱟ ᱾
यदि आप ऐसा चुनते हैं जो नौकरी की संभावनाओं और आपकी रुचियों के अनुरूप नहीं है, तो यह भविष्य में आपको नुकसान पहुँचा सकता है (प्रोफेसर)।	ᱟᱢ ᱡᱩᱫᱤ ᱱᱚᱝᱠᱟᱱ ᱢᱤᱫᱴᱟᱝ ᱮᱢ ᱵᱟᱪᱷᱟᱣ ᱡᱚᱝᱼᱟ ᱡᱟᱦᱟᱸ ᱫᱚ ᱪᱟᱹᱠᱨᱤ ᱨᱮᱭᱟᱜ ᱦᱩᱭᱫᱟᱲᱮᱭᱟᱱᱟᱜ ᱟᱨ ᱟᱢᱟᱜ ᱡᱷᱩᱠ ᱥᱟᱞᱟᱜ ᱵᱟᱝ ᱡᱩᱨᱤᱜᱼᱟ, ᱛᱚᱵᱮ ᱱᱚᱶᱟ ᱫᱚ ᱟᱢ ᱦᱟᱯᱮᱱ ᱫᱤᱱ ᱨᱮ ᱟᱢᱮ ᱦᱟᱹᱱ ᱫᱟᱲᱮᱭᱟᱢᱟ ᱾ (ᱯᱨᱚᱯᱷᱮᱥᱟᱨ)
नियमित बस सेवाएं असियागो को नजदीकी कस्बों और शहरों से जोड़ती हैं।	ᱫᱤᱱᱟᱹᱢ ᱦᱤᱞᱚᱜᱼᱟᱜ ᱵᱟᱥ ᱥᱟᱨᱵᱷᱤᱥ ᱫᱚ ᱟᱥᱤᱭᱟᱜᱳ ᱠᱷᱚᱱ ᱵᱟᱡᱟᱨ ᱟᱲᱮ ᱟᱨ ᱥᱟᱦᱟᱨ ᱠᱚᱭ ᱡᱚᱯᱚᱲᱟᱣᱼᱟ ᱾
क्या उन सभी एक्सेसरीज को मिलाकर उस गियर वाली साइकिल की कीमत केवल 5000 रुपये थी?	ᱚᱱᱟ ᱜᱤᱭᱟᱨ ᱥᱟᱭᱠᱮᱞ ᱨᱮᱭᱟᱜ ᱜᱚᱱᱚᱝ ᱫᱚ ᱪᱮᱫ ᱚᱱᱟᱠᱚ ᱡᱚᱛᱚ ᱡᱤᱱᱤᱥ ᱢᱤᱞᱟᱹᱣᱛᱮ ᱕᱐᱐᱐ ᱴᱟᱠᱟ ᱥᱩᱢᱩᱝ ᱜᱮ ?
क्रिसमस मसीहियत के सबसे महत्त्वपूर्ण त्योहार में से एक है, और इसे यीशु का जन्मदिन कहा जाता है ।	ᱠᱷᱤᱨᱤᱥᱴ ᱪᱟᱸᱫᱚ ᱤᱥᱟᱹᱭ ᱫᱷᱚᱨᱚᱢ ᱨᱮᱭᱟᱜ ᱢᱤᱫ ᱮᱦᱮᱢ ᱪᱷᱩᱴᱤ ᱫᱤᱱᱠᱚ ᱠᱟᱱᱟ, ᱟᱨ ᱱᱚᱣᱟ ᱡᱤᱥᱩᱣᱟᱜ ᱡᱟᱱᱟᱢ ᱫᱤᱱ ᱞᱮᱠᱟᱛᱮ ᱢᱟᱱᱟᱣ ᱟᱠᱟ᱾
जबकि यह कोई निश्‍चित रूप से नहीं जानता कि इसे किसने लिखा, यह जानते हैं कि उसके जीवन की शुरूआत में, बड़े चर्मपत्र (यह २०१ ग्राम इंच) को भण्डारों के लिए दबाया गया था ।	ᱱᱚᱣᱟ ᱫᱚ ᱚᱠᱚᱭ ᱦᱚᱸ ᱵᱟᱝ ᱠᱚ ᱵᱟᱲᱟᱭᱟ ᱡᱮ ᱱᱚᱣᱟ ᱫᱚ ᱚᱠᱚᱭ ᱮ ᱚᱞ ᱟᱠᱟᱫᱟ, ᱱᱚᱣᱟ ᱵᱟᱲᱟᱭᱚᱜᱼᱟ ᱡᱮ ᱱᱚᱣᱟ ᱫᱚ ᱩᱱᱤᱭᱟᱜ ᱯᱩᱭᱞᱩ ᱡᱤᱭᱚᱱ ᱥᱮᱫ, ᱢᱟᱨᱟᱝ ᱯᱟᱨᱪᱢᱮᱱᱴ ᱰᱚᱠᱩᱢᱮᱱᱴ (ᱱᱚᱣᱟ ᱨᱮᱭᱟᱜ ᱱᱟᱯ ᱒᱙¾ ᱤᱧᱪ x ᱒᱔½ ᱤᱧᱪ) ᱥᱴᱳᱨᱮᱡᱽ ᱞᱟᱹᱜᱤᱫ ᱜᱩᱴᱟᱹᱣ ᱫᱚᱦᱚ ᱦᱩᱭ ᱞᱮᱱᱟ᱾
मैं उससे पूछना होगा अगर कोई अतिरिक्त टिकट उपलब्ध हैं या नहीं.	ᱵᱟᱹᱲᱛᱤ ᱴᱤᱠᱤᱴ ᱢᱮᱱᱟᱜᱼᱟ ᱥᱮ ᱵᱟᱝ ᱩᱱᱤᱧ ᱠᱩᱞᱤᱭᱮᱭᱟ ᱾
बासठ	ᱛᱩᱨᱩᱭ ᱜᱮᱞ ᱵᱟᱨ
पर्पिग्नन का एरोन्डिसमेंट: पर्पिग्नन का एरोन्डिसमेंट फ्रांस का एक एरोन्डिसमेंट है।	ᱯᱟᱨᱯᱤᱜᱚᱱᱟᱱ ᱨᱮᱭᱟᱜ ᱮᱹᱨᱳᱱᱰᱤᱥᱢᱮᱱᱴ ᱫᱚ ᱯᱷᱨᱟᱱᱥ ᱨᱮᱭᱟᱜ ᱢᱤᱫᱴᱟᱝ ᱮᱹᱨᱳᱱᱰᱤᱥᱢᱮᱱᱴ ᱚᱯᱷ ᱯᱟᱨᱯᱤᱜᱚᱱᱟᱱ ᱾
सूडान अब अपने सबसे अधिक ब्रिटिश प्रभाव वाले दौर में था।	ᱥᱩᱫᱟᱱ ᱨᱮ ᱱᱤᱛ ᱡᱚᱛᱚᱠᱷᱚᱱ ᱡᱟᱹᱥᱛᱤ ᱵᱨᱤᱴᱤᱥ ᱠᱚ ᱛᱟᱦᱮᱸ ᱠᱟᱱᱟ ᱾
एक चित्र में किसी भी दृश्‍य प्रतीक, शब्द, नाम, डिजाइन, हस्ताक्षर, लेबल, आदि शामिल है जो दूसरे ब्रांड या व्यावसायिक विज्ञापनों को अलग करता है ।	ᱢᱤᱫᱴᱟᱝ ᱴᱨᱮᱰᱢᱟᱨᱠ ᱢᱩᱫᱨᱮ ᱡᱟᱸᱦᱟ ᱞᱮᱠᱟᱱ ᱧᱮᱞ ᱧᱟᱢᱚᱜ ᱪᱤᱱᱦᱟᱹ, ᱟᱹᱲᱟ, ᱧᱩᱛᱩᱢ, ᱱᱚᱠᱥᱟ, ᱠᱟᱹᱞᱠᱟᱹ, ᱞᱮᱵᱮᱞ ᱮᱢᱟᱱ ᱠᱚ ᱛᱟᱸᱦᱮᱱᱟ, ᱡᱟᱸᱦᱟ ᱫᱚ ᱮᱴᱟᱜ ᱵᱨᱮᱱᱰ ᱥᱮ ᱵᱟᱹᱱᱤᱡᱤᱭᱟᱹ ᱟᱥᱲᱟ ᱠᱷᱚᱱ ᱵᱨᱮᱱᱰ ᱥᱮ ᱵᱟᱹᱱᱤᱡᱤᱭᱟᱹ ᱟᱥᱲᱟ ᱠᱚᱭ ᱵᱷᱮᱜᱟᱨᱟ ᱾
मेरे पास सात दूध हैं।	ᱤᱧ ᱴᱷᱮᱱ ᱮᱭᱟᱭ ᱜᱚᱴᱟᱝ ᱫᱩᱫᱷ ᱢᱮᱱᱟᱜᱼᱟ ᱠᱚᱣᱟ।
क्रिकेट स्टेडियम का स्टैंड इतना खचाखच भरा हुआ था कि मुझे डर था कि यह गिर जाएगा।	ᱠᱨᱤᱠᱮᱴ ᱥᱴᱮᱰᱤᱭᱟᱢ ᱨᱮᱭᱟᱜ ᱥᱴᱮᱱᱰ ᱨᱮ ᱮᱢᱚᱱ ᱦᱚᱲ ᱠᱚ ᱯᱮᱨᱮᱡ ᱮᱱᱟ ᱡᱮ,  ᱨᱟᱹᱯᱩᱫ ᱧᱩᱨᱩᱜ ᱨᱮᱭᱟᱜ ᱵᱚᱛᱚᱨ ᱛᱟᱦᱮᱸ ᱠᱟᱱᱟ ᱾
वे सन्‌ 1950 और 1960 के दशक में पाकिस्तानी सरकार का विरोध करते थे ।	ᱩᱭᱞᱮᱢ ᱵᱷᱮᱱ ᱥᱮᱱᱰᱮᱞ ᱟᱨ ᱦᱮᱝᱠ ᱥᱩᱞᱴᱮ ᱱᱚᱨᱰᱦᱚᱞᱴ ᱟᱜ ᱞᱮᱠᱟᱛᱮ, ᱑᱙᱕᱐ ᱠᱷᱚᱱ ᱑᱙᱖᱐ ᱫᱚᱥᱚᱠ ᱨᱮ ᱯᱟᱠᱤᱥᱛᱟᱱᱤ ᱥᱟᱥᱚᱱ ᱡᱟᱸᱜᱮᱫᱟᱨᱟᱢ ᱠᱚᱨᱟᱣ ᱚᱠᱛᱮ ᱵᱟᱝᱞᱟᱫᱤᱥᱚᱢ ᱠᱚ ᱢᱩᱫᱨᱮ ᱞᱟᱠᱪᱟᱨ ᱫᱚ ᱜᱚᱨᱚᱵ ᱟᱨ ᱥᱮᱨᱶᱟ ᱩᱫᱩᱜᱥᱚᱫᱚᱨ ᱢᱤᱫᱴᱟᱝ ᱦᱚᱲᱠᱩᱥᱤᱭᱟᱜ ᱢᱟᱫᱷᱚᱢ ᱦᱩᱭ ᱞᱮᱱᱟ ᱯᱚᱨᱚᱵ ᱫᱚ ᱾
एक एल्गोरिदम अपने आउटपुट की गणना करने के लिए डेटासेट का उपयोग करता है।	ᱢᱤᱫᱴᱟᱝ ᱟᱞᱜᱚᱨᱤᱫᱟᱢ ᱟᱡᱟᱜ ᱟᱣᱩᱴᱯᱩᱴ ᱞᱮᱠᱷᱟᱭ ᱞᱟᱹᱜᱤᱫ ᱢᱤᱫᱴᱟᱝ ᱰᱮᱴᱟᱥᱮᱴ ᱮ ᱵᱮᱣᱦᱟᱨᱟ ᱾
बहुत अधिक नहीं, लेकिन कुछ कहते हैं कि एक संयुक्‍त अधीनता का आदेश है ।	ᱩᱫᱩᱜᱥᱚᱫᱚᱨ ᱞᱮᱠᱟᱛᱮ ᱩᱱᱟᱹᱜ ᱫᱚ ᱵᱟᱝ, ᱢᱮᱱᱠᱷᱟᱱ ᱠᱟᱹᱪ ᱯᱚᱱᱚᱛ ᱢᱤᱫᱴᱟᱝ ᱢᱤᱫᱟᱠᱟᱱ ᱦᱚᱞᱚᱯᱱᱟᱢᱟ ᱡᱚᱢᱟ ᱮᱢᱚᱜ ᱠᱚ ᱵᱚᱲᱦᱮ ᱠᱮᱫᱮᱭᱟ ᱾
2010 की जनगणना के अनुसार, शहर की जनसंख्या 12,710 थी।	᱒᱐᱑᱐ ᱥᱟᱞ ᱨᱮᱭᱟᱜ ᱦᱚᱲ ᱞᱮᱠᱷᱟ ᱞᱮᱠᱟᱛᱮ, ᱥᱟᱦᱟᱨ ᱨᱮᱭᱟᱜ ᱦᱚᱲ ᱞᱮᱠᱷᱟ ᱫᱚ ᱛᱟᱦᱮᱠᱟᱱᱟ ᱑᱒,᱗᱑᱐ ᱾
इन दिनों युद्ध के दौरान बहुत - से कुलीन लोग सिंहासन के लिए लड़ रहे थे ।	ᱱᱟᱶᱟ ᱚᱠᱛᱚ ᱛᱟᱞᱟ ᱨᱮ ᱥᱤᱝᱦᱟᱥᱚᱱ ᱞᱟᱹᱜᱤᱫ ᱞᱟᱰᱷᱟᱣ ᱞᱟᱹᱜᱤᱫ ᱟᱭᱢᱟ ᱨᱚᱥᱟᱹᱭ ᱛᱟᱞᱟ ᱨᱮ ᱡᱩᱨ ᱭᱩᱫᱷ ᱦᱩᱭᱮᱱᱟ᱾
लेकिन सरकारी सेवाएँ, पुलिस और सेना विश्‍वासीों की निकट सुरक्षा थी ।	ᱢᱮᱱᱠᱷᱟᱱ ᱥᱤᱵᱷᱤᱞ ᱥᱟᱨᱵᱷᱤᱥ, ᱯᱩᱞᱤᱥ ᱟᱨ ᱟᱨᱢᱤ ᱫᱚ ᱢᱩᱥᱞᱟᱹ ᱠᱩᱣᱟᱜ ᱨᱩᱠᱷᱭᱟᱹᱭ ᱡᱚᱯᱚᱬᱟᱣ ᱛᱟᱦᱮᱠᱟᱱᱟ ᱾
इसके साथ आने वाला मैनुअल 1992 की कॉपीराइट तिथि देता है।	ᱱᱚᱣᱟ ᱥᱟᱶᱛᱮ ᱦᱮᱡᱟᱠᱟᱱ ᱢᱮᱱᱩᱣᱟᱞ ᱫᱚ ᱑᱙᱙᱒ ᱨᱮᱭᱟᱜ ᱢᱤᱫᱴᱟᱝ ᱠᱚᱯᱤᱨᱟᱭᱤᱴ ᱛᱟᱹᱨᱤᱠᱷᱼᱮ ᱮᱢᱟ ᱾
छेद के अनुसार, दस्तावेज़ सीमा वाद - विवाद को सूचित करेगा, जिसे पलिश्‍तीन मध्य युद्ध से पहले की सीमा पर चाहता है ।	ᱰᱚᱠᱭᱩᱢᱮᱸᱴ, ᱯᱟᱥᱱᱟᱣ ᱠᱟᱱ ᱞᱮᱠᱟᱛᱮ, ᱥᱤᱢᱟᱹ ᱵᱤᱵᱟᱹᱫᱽ ᱛᱮᱠᱚ ᱨᱮᱯᱷᱚᱨᱟ, ᱡᱟᱦᱟᱸ ᱑᱙᱖᱗ ᱨᱮᱭᱟᱜ ᱢᱤᱰᱣᱮᱥᱴ ᱡᱚᱯᱚᱢ ᱨᱮ ᱯᱟᱞᱮᱥᱴᱟᱭᱤᱱ ᱥᱤᱢᱟᱹ ᱟᱫᱷᱟᱨ ᱛᱮ ᱠᱷᱚᱡᱚᱜ ᱠᱟᱱ ᱛᱟᱦᱮᱸᱫ᱾
ᱪᱮᱫ ᱥᱩᱨ ᱨᱮ ᱢᱤᱫ ᱦᱚᱥᱯᱤᱴᱟᱞ ᱢᱮᱱᱟᱜᱼᱟ?	क्या आस-पास कोई अस्पताल है?
इस वेबसाइट के रंग बहुत भयानक दिखते हैं।	ᱱᱚᱣᱟ ᱳᱣᱮᱵ ᱥᱟᱭᱤᱴ ᱨᱮ ᱨᱚᱝ ᱵᱚᱛᱚᱨ ᱜᱮ ᱧᱮᱞᱚᱜᱼᱟ ᱾
उनकी मृत्यु 15 जुलाई को जर्मनी में हुई थी।	ᱩᱱᱤ ᱫᱚ ᱑᱕ ᱡᱩᱞᱟᱭ ᱡᱟᱨᱢᱟᱱᱤ ᱨᱮᱭ ᱜᱚᱪ ᱞᱮᱱᱟ ᱾
एक अंगूठी पहनना भी सहायक है (सिर्फ एक ऐसा नहीं जो बहुत महँगी लग रहा हो) ।	ᱱᱚᱶᱟ ᱢᱩᱸᱫᱟᱹᱢ ᱦᱚᱨᱚᱜ ᱞᱟᱹᱜᱤᱫ-ᱮ ᱜᱚᱲᱚ ᱟᱠᱚᱣᱟ (ᱠᱷᱟᱹᱞᱤ ᱢᱤᱫᱴᱤᱡ ᱫᱚ ᱵᱟᱝ ᱡᱟᱦᱟᱸ ᱫᱟᱢ ᱧᱚᱜ ᱧᱮᱞᱚᱜᱼᱟ)᱾
मैं बहुत खुश और तनावमुक्त हूँ, यहाँ का माहौल और बजाया जाने वाला पृष्ठभूमि संगीत बहुत सुखदायक है!	ᱤᱧ ᱫᱚ ᱟᱹᱰᱤ ᱠᱩᱥᱤ ᱟᱨ ᱪᱤᱱᱛᱟᱹ ᱠᱷᱚᱱ ᱨᱤᱦᱟᱹᱭ, ᱱᱚᱸᱰᱮ ᱱᱟᱜ ᱟᱥᱮᱡ ᱛᱟᱥᱮᱡ ᱞᱟᱭᱚᱝ ᱟᱨ ᱵᱮᱠᱜᱨᱟᱣᱩᱱᱰ ᱢᱤᱣᱡᱤᱠ ᱫᱚ ᱟᱹᱰᱤ ᱱᱤᱨᱟᱹᱭᱟᱱᱟᱜ !
भारत के राष्ट्रीय या निवासियों के लिए Fses R. 200 या 300 पैकेज पर आधारित होते ।	ᱵᱷᱟᱨᱚᱛᱤᱭᱚ ᱱᱟᱜᱟᱨᱤᱭᱟᱹ ᱥᱮ ᱜᱤᱨᱟᱹᱵᱟᱹᱥᱤ ᱠᱚ ᱞᱟᱹᱜᱤᱫ ᱯᱷᱤ ᱦᱩᱭᱩᱜᱼᱟ ᱯᱮᱠᱮᱡᱽ ᱪᱮᱛᱟᱱᱨᱮ ᱴᱮᱸᱦᱟᱴ ᱠᱟᱛᱮ ᱒᱐᱐ ᱥᱮ ᱓᱐᱐ ᱴᱟᱠᱟ ᱾
और उस पर नृत्य करनेवाले भी, जो लोग गाँवों में नृत्य करते हैं, प्रदर्शन करते हैं ।	ᱟᱨ ᱚᱱᱟ ᱪᱮᱛᱟᱱ ᱮᱱᱮᱡᱽᱠᱟᱹᱨᱤ ᱠᱩᱣᱟᱜ ᱠᱟᱛᱷᱟ ᱦᱚᱸ, ᱡᱟᱦᱟᱸᱭ ᱫᱚ ᱟᱛᱚᱚᱲᱟᱜᱽ ᱨᱮᱭᱟᱜ ᱞᱳᱠᱳᱱᱨᱤᱛᱛᱚᱠᱩ ᱩᱫᱩᱜᱽᱥᱚᱫᱚᱨᱞᱮᱫᱟ ᱾
युद्ध की घोषणा किए बिना हमला करना युद्ध के नियमों के विरुद्ध है।	ᱞᱟᱹᱲᱦᱟᱹᱭ ᱵᱟᱝ ᱩᱪᱷᱟᱹᱱ ᱠᱟᱛᱮᱫ ᱟᱠᱨᱚᱢᱚᱱ ᱫᱚ ᱞᱟᱹᱲᱦᱟᱹᱭ ᱱᱤᱭᱟᱹᱢ ᱨᱮᱭᱟᱜ ᱵᱤᱨᱩᱫᱷ ᱠᱟᱱᱟ ᱾
प्रवेश प्रक्रिया क्या है?	ᱵᱚᱞᱚᱱᱠᱟᱹᱨᱤ ᱫᱚ ᱪᱮᱫᱽᱠᱟᱱᱟ ?
आपने मुझे बधाई देने के लिए फोन किया क्योंकि मेरे छात्र ने सोशल मीडिया पर मेरे बारे में एक अच्छा लेख लिखा था? वाह, मुझे यह नहीं पता था।	ᱟᱢ ᱤᱧ ᱥᱟᱨᱦᱟᱣ ᱵᱟᱰᱟᱭ ᱦᱚᱪᱚ ᱞᱟᱹᱜᱤᱫ ᱮᱢ ᱯᱷᱳᱱ ᱞᱮᱫᱟ ᱚᱡᱮ ᱫᱚ ᱤᱧ ᱨᱮᱱ ᱯᱟᱹᱴᱷᱩᱣᱟᱹ ᱥᱳᱥᱟᱞ ᱢᱤᱰᱤᱭᱟ ᱨᱮ ᱤᱧ ᱵᱟᱨᱮᱛᱮ ᱢᱤᱫᱴᱟᱝ ᱱᱟᱯᱟᱭ ᱚᱱᱚᱞ ᱮ ᱚᱞ ᱞᱮᱫᱟ   ? ᱵᱟᱦ, ᱤᱧ ᱫᱚ ᱱᱚᱶᱟ ᱵᱟᱹᱧ ᱵᱟᱰᱟᱭ ᱠᱟᱱ ᱛᱟᱦᱮᱸᱫ ᱾
जी हाँ, वह भी आयोजकों की टीम में है ।	ᱦᱮᱸ, ᱩᱱᱤ ᱫᱚ ᱥᱟᱥᱟᱯᱲᱟᱣᱟᱜ ᱜᱟᱫᱮᱞ ᱨᱮᱦᱚᱸ ᱩᱱᱤ ᱫᱚ ᱢᱮᱱᱟᱭᱟ ᱾
आम तौर पर एक अधिकारी, आदम क्यूरसन ने अंतिम महीने में वर्क नये लोगों से बात करते वक्‍त अपनी निराशा ज़ाहिर की ।	ᱠᱚᱢᱚᱱᱥ ᱯᱨᱚᱥᱟᱥᱚᱠ ᱮᱰᱚᱢ ᱠᱩᱮᱨᱰᱚᱱ ᱫᱚ ᱚᱪᱚᱫ ᱨᱮ ᱟᱡᱟᱜ ᱱᱤᱨᱟᱥᱟ ᱥᱚᱫᱚᱨ ᱨᱮᱱᱟᱜ ᱡᱚᱠᱷᱚᱱ ᱩᱱᱤ ᱞᱟᱦᱟ ᱫᱷᱟᱣ ᱣᱤᱠᱤ ᱠᱷᱚᱵᱚᱨ ᱠᱷᱚᱱ ᱜᱟᱞᱢᱟᱨᱟᱣ ᱞᱮᱱ ᱛᱟᱦᱮᱱᱟᱭ᱾
वाह! तुम मुझे जलन बना दिया.	ᱪᱮᱫ ᱱᱟᱯᱟᱭ ! ᱟᱢ ᱤᱧᱮᱢ ᱨᱟᱹᱜᱤ ᱟᱪᱚᱧ ᱠᱟᱱᱟ ᱾
"विश्‍वविद्यालय ऑफ डन के प्रोफेसर कवर्सन फरनाइट कहते हैं कि अगर संदिग्धों की तस्वीर प्रकाशित की जाए तो एक खतरनाक रेखा पर चलना खतरनाक लगता है।	ᱭᱩᱱᱤᱵᱷᱚᱨᱥᱤᱴᱤ ᱚᱯᱷ ᱰᱩᱱᱰᱤ ᱨᱤᱱᱤᱡ ᱯᱨᱚᱯᱷᱮᱥᱚᱨ ᱯᱟᱢᱮᱞᱟ ᱯᱷᱮᱨᱜᱭᱩᱥᱚᱱᱮ ᱞᱟᱹᱭ ᱟᱠᱟᱫᱟ ᱡᱮ ᱥᱚᱥᱯᱮᱠᱴ ᱨᱮᱭᱟᱜ ᱯᱷᱚᱴᱚ ᱪᱤᱛᱟᱹᱨ ᱯᱟᱨᱥᱟᱞ ᱟᱛᱮ ᱡᱚᱨᱱᱟᱞᱤᱥᱴ ᱠᱚᱫᱚ ᱵᱚᱛᱚᱨᱟᱱ ᱜᱟᱨ ᱨᱮᱠᱚ ᱛᱟᱲᱟᱢᱮᱫ-ᱟ᱾"
अन्य नवीकरणों में उत्तम चित्र, प्रत्यक्ष चित्र, सुधारी, रंगीन डिज़ाइन, मूल अंक, उत्पाद संपादन, ध्वनि संपादन, ध्वनि कौशल और मूल स्क्रीन खेल शामिल हैं.	ᱮᱴᱟᱜ ᱵᱟᱪᱷᱚᱱ ᱠᱚᱫᱚ ᱱᱟᱯᱟᱭ ᱯᱤᱠᱪᱚᱨ, ᱰᱤᱨᱮᱠᱴᱚᱨ, ᱥᱤᱱᱮᱢᱟᱴᱚᱜᱨᱟᱯᱷᱤ, ᱠᱚᱥᱴᱚᱢ ᱰᱤᱡᱟᱭᱤᱱ, ᱯᱷᱤᱞᱢ ᱮᱰᱤᱴᱤᱝ, ᱚᱨᱤᱡᱤᱱᱟᱞ ᱥᱠᱚᱨ, ᱯᱨᱚᱰᱚᱠᱥᱚᱱ ᱰᱤᱡᱟᱭᱤᱱ, ᱥᱟᱶᱰ ᱮᱰᱤᱴᱤᱝ, ᱥᱟᱶᱰ ᱢᱤᱠᱥᱤᱝ ᱟᱨ ᱚᱨᱤᱡᱤᱱᱟᱞ ᱥᱠᱨᱤᱱ ᱯᱞᱮᱭ ᱮᱢᱟᱱ ᱠᱚ᱾
आप एक छोटी सी मरम्मत के लिए इतना अधिक शुल्क क्यों ले रहे हैं?	ᱪᱮᱫᱟᱜ ᱟᱢ ᱫᱚ ᱢᱤᱫᱴᱟᱝ ᱦᱩᱰᱤᱧ ᱥᱟᱨᱟᱭ ᱞᱟᱹᱜᱤᱫ ᱱᱩᱱᱟᱹᱜᱮᱢ ᱦᱟᱛᱟᱣᱮᱫ ᱠᱟᱱᱟ ?
क्या होगा अगर मैं बूढ़ा हो जाऊँ और कोई मेरी देखभाल न करे?	ᱪᱮᱫ ᱦᱩᱭᱩᱜᱼᱟ ᱡᱩᱫᱤ ᱤᱧ ᱦᱟᱲᱟᱢᱚᱜᱼᱟ ᱟᱨ ᱚᱠᱚᱭ ᱦᱚᱸ ᱤᱧᱟᱹᱜ ᱡᱚᱛᱚᱱ ᱵᱟᱝᱠᱚ ᱦᱟᱛᱟᱣᱼᱟ ?
मैं वहां किस प्रकार पहुंचा?	ᱤᱧ ᱚᱱᱰᱮ ᱪᱤᱠᱟᱹᱛᱮᱧ ᱥᱮᱴᱮᱨᱚᱜᱼᱟ?
गिनती: उन्नीस।	ᱞᱮᱠᱷᱟ: ᱜᱮᱞ ᱱᱟᱭ।
मैं उत्पाद को प्लग में नहीं लगा रहा हूँ क्योंकि इससे मुझे बहुत बड़ा झटका (करंट) लगा था।	ᱤᱧ ᱫᱩᱨᱤᱵ ᱫᱚ ᱯᱞᱟᱜ ᱨᱮ ᱵᱟᱹᱧ ᱥᱮᱞᱮᱫ ᱮᱫᱟ ᱪᱮᱫᱟᱜ ᱥᱮ ᱱᱚᱶᱟ ᱫᱚ ᱤᱧ ᱢᱤᱫ ᱴᱟᱝ ᱟᱹᱰᱤ ᱢᱟᱨᱟᱝ ᱫᱷᱟᱠᱠᱟᱭ ᱮᱢ ᱟᱠᱟᱫᱤᱧᱟᱹ ᱾
एमेली नोथोम्ब का जन्म एटरबीक, बेल्जियम में बेल्जियम के राजनयिकों के घर हुआ था।	ᱮᱹᱢᱮᱞᱤ ᱱᱚᱛᱷᱚᱢᱵᱚ ᱫᱚ ᱵᱮᱞᱡᱤᱭᱟᱢ ᱨᱮᱱ ᱮᱴᱟᱨᱵᱤᱠ ᱫᱚ ᱵᱮᱞᱡᱤᱭᱟᱱ ᱠᱩᱴ ᱟᱹᱨᱤ ᱠᱚᱴᱷᱮᱱᱮ ᱡᱟᱱᱟᱢ ᱞᱮᱱᱟ ᱾
आरोप लगाया जाता है कि अबाबा कोर जे.	ᱟᱨᱚᱯᱤ ᱠᱚᱣᱟᱜ ᱧᱩᱛᱩᱢ ᱵᱟᱵᱟ ᱠᱟᱸᱡᱟᱨ, ᱵᱷᱩᱛ ᱠᱟᱸᱡᱟᱨ, ᱨᱟᱢᱯᱨᱚ ᱠᱟᱸᱡᱟᱨ, ᱜᱟᱡᱟ ᱠᱟᱸᱡᱟᱨ ᱟᱨ ᱵᱤᱥᱬᱩ ᱠᱟᱸᱡᱟᱨ ᱠᱟᱱᱟᱭ᱾
और यह अंत में हो रहा है.	ᱟᱨ ᱢᱩᱪᱟᱹᱫ ᱦᱟᱹᱵᱤᱡᱛᱮ ᱱᱚᱶᱟᱫᱚ ᱦᱩᱭᱮᱱ ᱜᱮᱭᱟ ᱾
मेरे पास सात बंदर हैं।	ᱤᱧ ᱴᱷᱮᱱ ᱮᱭᱟᱭ ᱜᱚᱴᱟᱝ ᱵᱟᱸᱫᱚᱨ ᱢᱮᱱᱟᱜᱼᱟ ᱠᱚᱣᱟ।
वर्ष 2000 तक एडम्स काउंटी में 18,643 लोग रह रहे थे।	᱒᱐᱐᱐ ᱥᱟᱞ ᱨᱮᱭᱟᱜ ᱞᱮᱠᱟᱛᱮ ᱮᱹᱰᱟᱢᱚᱥ ᱠᱟᱣᱩᱱᱴᱤᱨᱮ ᱑᱘,᱖᱔᱓ ᱦᱚᱲ ᱠᱚ ᱜᱤᱨᱟᱹᱵᱟᱥᱚᱜ ᱛᱟᱦᱮᱸ ᱾
कार्तिक! लाइन में वापस जाओ और बात करना बंद करो।	ᱠᱟᱨᱛᱤᱠ! ᱞᱟᱭᱤᱱ ᱨᱮ ᱨᱩᱣᱟᱹᱲ ᱢᱮ ᱟᱨ ᱠᱟᱛᱷᱟ ᱨᱚᱲ ᱛᱷᱤᱨ ᱢᱮ ᱾
मेरे पास अट्ठावन पक्षी हैं।	ᱤᱧ ᱴᱷᱮᱱ ᱢᱚᱬᱮ ᱜᱮᱞ ᱟᱨ ᱜᱚᱴᱟᱝ ᱪᱤᱲᱤᱡ ᱢᱮᱱᱟᱜᱼᱟ ᱠᱚᱣᱟ।
मेरे पास चौरासी केला हैं।	ᱤᱧ ᱴᱷᱮᱱ ᱟᱨ ᱜᱮᱞ ᱯᱳᱱ ᱜᱚᱴᱟᱝ ᱠᱮᱞᱟ ᱢᱮᱱᱟᱜᱼᱟ ᱠᱚᱣᱟ।
इसलिए हमें एक - दूसरे के साथ मिलकर काम करने और आपसी सहयोग करने के लिए तैयार रहना चाहिए ।	ᱚᱱᱟᱛᱮ, ᱟᱵᱚ ᱫᱚ ᱱᱚᱣᱟ ᱢᱟᱦᱟᱢᱟᱹᱨᱤ ᱡᱟᱸᱜᱟ ᱫᱟᱨᱟᱢ ᱞᱟᱹᱜᱤᱫ ᱡᱩᱢᱤᱫ ᱛᱮ ᱯᱟᱹᱣᱲᱤ ᱟᱨ ᱢᱤᱫ ᱦᱚᱲ ᱟᱨ ᱢᱤᱫ ᱦᱚᱲ ᱜᱚᱲᱚᱭ ᱞᱟᱹᱜᱤᱫ ᱥᱟᱹᱛ ᱥᱟᱯᱲᱟᱣ ᱛᱟᱸᱦᱮᱱ ᱦᱩᱭᱩᱜ ᱛᱟᱵᱚᱱᱟ ᱟᱨ ᱟᱭᱢᱟ ᱦᱚᱨᱟᱱ ᱨᱮ ᱴᱮᱸᱦᱟᱰ ᱠᱟᱛᱮᱜ ᱢᱟᱱᱣᱟ ᱛᱮᱭᱟᱜ ᱜᱚᱝ ᱞᱟᱹᱜᱤᱫ ᱩᱯᱟᱹᱭ ᱠᱚ ᱢᱤᱫ ᱦᱩᱭᱩᱜᱼᱟ ᱾
हार्ड ड्राइव की कीमतों में लगातार गिरावट से इसे बढ़ावा मिला।	ᱱᱚᱣᱟ ᱫᱚ ᱦᱟᱨᱰ ᱰᱨᱟᱭᱤᱵᱷ ᱨᱮᱭᱟᱜ ᱜᱚᱱᱚᱝ ᱨᱮ ᱴᱷᱟᱹᱣᱠᱟᱹ ᱰᱨᱚᱯ ᱦᱚᱛᱮᱛᱮ ᱩᱥᱠᱩᱨ ᱞᱮᱱᱟ ᱾
वजन उठाने से मुझमें बहुत आत्मविश्वास आता है और मुझे संतुष्टि का अहसास होता है। मुझे यह करना बहुत पसंद है।	ᱦᱟᱢᱟᱞ ᱛᱩᱞ ᱫᱚ ᱤᱧ ᱱᱩᱱᱟᱹᱜᱮ ᱯᱟᱹᱛᱭᱟᱹᱨᱟᱠᱟᱫᱤᱧᱟ ᱡᱮ ᱤᱧ ᱯᱮᱨᱮᱡ ᱯᱩᱨᱩᱱ ᱟᱹᱭᱠᱟᱹᱣᱮ ᱮᱢᱟᱠᱟᱫᱤᱧᱟ ᱾ ᱤᱧ ᱫᱚ ᱚᱱᱟ ᱠᱚᱨᱟᱣᱤᱧ ᱠᱩᱥᱤᱭᱟᱜᱼᱟ ᱾
अंतिम अंक एक- माध्यम विजय था, 21 से 20 तक सभी काला खेल जीतने के लिए।	ᱢᱩᱪᱟᱹᱫ ᱥᱠᱳᱨ ᱒᱑ ᱠᱷᱚᱱ ᱒᱐ ᱦᱟᱹᱵᱤᱡ ᱢᱤᱫ ᱮᱞ ᱡᱤᱛᱠᱟᱹᱨ ᱦᱩᱭ ᱞᱮᱱᱟ, ᱡᱟᱦᱟᱸᱭ ᱟᱹᱞ ᱵᱽᱞᱮᱠᱥ ᱨᱮᱱᱟᱜ ᱑᱕ ᱠᱷᱤᱞᱚᱸᱰ ᱡᱤᱛᱠᱟᱹᱨ ᱟᱱᱟᱜ ᱞᱟᱠᱤᱨ ᱠᱚ ᱪᱟᱵᱟ ᱠᱮᱫᱼᱟ᱾
दूसरे दो नाटक और संगीत कर रहे हैं ।	ᱮᱴᱟᱜ ᱵᱟᱨᱮᱭᱟ ᱫᱚ ᱥᱤᱱᱟᱹᱢᱟ ᱟᱨ ᱨᱟᱦᱟ ᱾
स्वाभाविकवादी और तत्वज्ञानियों ने लैटिन भाषा में शास्त्रीय पाठों पर और विशेष रूप से बाइबल पर ध्यान केंद्रित किया ।	ᱯᱨᱚᱠᱨᱩᱛᱤᱵᱟᱫ ᱟᱨ ᱫᱟᱨᱥᱟᱱᱤᱠᱚ ᱫᱚ ᱥᱟᱹᱥᱛᱨᱤᱭᱚ ᱜᱽᱨᱚᱱᱛᱷ ᱟᱨ ᱵᱤᱥᱮᱥ ᱨᱩᱯ ᱛᱮ ᱞᱮᱴᱤᱱ ᱨᱮ ᱵᱟᱭᱵᱤᱞ ᱨᱮ‌‌ ᱫᱷᱭᱟᱱ ᱮᱢ ᱪᱷᱚ ᱠᱮᱜᱼᱟᱭ᱾
डेटाबेस में डेटा किसी न किसी रूप में व्यवस्थित होता है।	ᱢᱤᱫᱴᱟᱝ ᱰᱟᱴᱟᱵᱮᱥ ᱨᱮᱭᱟᱜ ᱛᱮᱛᱮᱫ ᱫᱚ ᱠᱤᱪᱷᱩ ᱩᱯᱟᱹᱭᱛᱮ ᱢᱤᱫᱴᱷᱮᱡᱚᱜᱼᱟ ᱾
इसके अलावा, यह भी कहा जाता है कि इस तरह की तैयारी में एक बड़ा बदलाव आया है, जिसे पूरा करना बहुत मुश्‍किल है ।	ᱥᱟᱯᱲᱟᱣ ᱫᱚ ᱥᱮᱨᱣᱟ ᱞᱮᱠᱟᱛᱮ ᱢᱤᱴᱴᱮᱱ ᱵᱷᱟᱥᱛᱟ ᱣᱟᱡᱟ ᱥᱮ ᱢᱩᱰᱩᱛ ᱪᱮᱯᱷ ᱦᱚᱛᱮᱛᱮ ᱠᱳᱨᱴ ᱨᱮᱱ ᱣᱟᱡᱟ ᱥᱮ ᱪᱮᱯᱷ ᱠᱩᱣᱟᱜ ᱜᱚᱲᱚᱛᱮ ᱦᱩᱭ ᱞᱮᱱᱟ ᱾
यदि यह पूरी तरह से नहीं किया जाता है, तो इसके द्वारा किए गए किसी भी बदलाव को पूर्ववत (undo) कर दिया जाएगा।	ᱱᱚᱣᱟ ᱫᱚ ᱯᱩᱨᱟᱹ ᱵᱟᱝ ᱯᱩᱨᱟᱹᱣᱟᱠᱟᱱ ᱠᱷᱟᱱ, ᱚᱱᱟ ᱠᱚᱨᱟᱣ ᱟᱠᱟᱱ ᱡᱟᱦᱟ ᱞᱮᱠᱟᱱ ᱵᱚᱫᱚᱞ ᱜᱮ ᱞᱟᱦᱟᱱ ᱦᱟᱞᱚᱛ ᱨᱮ ᱨᱩᱣᱟᱹᱲ ᱦᱩᱭᱩᱜᱼᱟ ᱾
मस्तिष्क की बीमारी डिमेंशिया से पीड़ित लोगों को अत्यधिक पीड़ा (कष्ट) का अनुभव हो सकता है।	ᱵᱨᱮᱱ ᱨᱮᱭᱟᱜ ᱟᱡᱟᱨ ᱰᱤᱢᱮᱱᱥᱤᱭᱟ ᱨᱮ ᱡᱟᱸᱦᱟᱭ ᱠᱚᱣᱟᱜ ᱱᱚᱶᱟ  ᱢᱮᱱᱟᱜᱼᱟ ᱩᱱᱠᱩ ᱦᱟᱹᱥᱩ ᱨᱮᱭᱟᱜ ᱥᱟᱢᱟᱝ ᱫᱟᱯᱨᱟᱢᱚᱜ ᱦᱩᱭ ᱫᱟᱲᱮᱭᱟᱜᱼᱟ ᱾
यह सवाल गलत तरीके से किया जाता है ।	ᱵᱩᱫᱫᱷᱚ ᱫᱚ ᱥᱮᱸᱜᱮᱞ ᱨᱮᱭᱟᱜ ᱱᱚᱶᱟ ᱪᱤᱛᱟᱹᱨᱮ ᱧᱩᱢᱦᱟᱞᱟᱝ ᱟᱠᱟᱫᱟ ᱟᱨ ᱠᱩᱠᱞᱤᱛᱮᱫ ᱦᱤᱲᱤᱡ ᱞᱮᱠᱟᱛᱮ ᱠᱚᱨᱟᱣ ᱦᱩᱭᱞᱮᱱᱟᱭ ᱥᱮᱞᱮᱫ ᱟᱠᱟᱫᱟ ᱾
बहुत बढ़िया!	ᱟᱹᱫᱤᱢᱚᱡᱽ !
मेरे पास पंद्रह चाँद हैं।	ᱤᱧ ᱴᱷᱮᱱ ᱜᱮᱞ ᱢᱚᱬᱮ ᱜᱚᱴᱟᱝ ᱪᱟᱸᱫᱚ ᱢᱮᱱᱟᱜᱼᱟ ᱠᱚᱣᱟ।
मुझे इस साल अपने नेटफ्लिक्स सब्सक्रिप्शन पर भारी छूट मिली। अब मैं बिना किसी चिंता के जितनी चाहें उतनी फिल्में देख सकता हूँ।	ᱤᱧ ᱱᱚᱶᱟ ᱥᱮᱨᱢᱟ ᱤᱧᱟᱹᱜ ᱱᱮᱴᱯᱷᱤᱞᱤᱠᱥ ᱥᱟᱵᱥᱠᱨᱤᱯᱥᱚᱱ ᱨᱮ ᱢᱤᱫᱴᱟᱝ ᱟᱹᱰᱤ ᱢᱟᱨᱟᱝ ᱪᱷᱟᱹᱲᱤᱧ ᱧᱟᱢ ᱟᱠᱟᱫᱟ ᱾ ᱤᱧ ᱫᱚ ᱱᱤᱛ ᱪᱤᱱᱛᱟᱹ ᱵᱟᱝ ᱠᱟᱛᱮᱫ ᱤᱧᱟᱜ ᱠᱷᱩᱥᱤ ᱪᱚᱞᱚᱛ ᱪᱤᱛᱟᱹᱨᱤᱧ ᱧᱮᱞ ᱫᱟᱲᱮᱭᱟᱜᱼᱟ ᱾
नेताजी ने अपने बदबूदार परिवेश पर अरुचि से अपनी नाक सिकोड़ ली।	ᱱᱮᱛᱟ ᱟᱭᱟᱜ ᱵᱮᱼᱵᱟᱹᱲᱤᱡ ᱥᱚ ᱞᱟᱭᱚᱝ ᱧᱮᱞᱠᱟᱛᱮ ᱟᱹᱲᱤᱥ ᱮᱱᱛᱮᱭ ᱢᱩᱭ ᱯᱮᱴᱮᱨ ᱞᱮᱱᱟ ᱾
यदि सर्दियों में उत्तरी बाल्टिक पार किया जाए, तो कैबिन की जगह की जाँच कीजिए, क्योंकि बर्फ के माध्यम से जा रहे लोगों के लिए काफ़ी भयानक शोर उत्पन्‍न करता है ।	ᱡᱩᱫᱤ ᱨᱮᱭᱟᱲ ᱨᱮ ᱮᱛᱚᱢ ᱵᱟᱞᱴᱤᱠ ᱠᱚ ᱯᱟᱨ ᱮᱫᱟ, ᱛᱚ ᱠᱮᱵᱤᱱ ᱡᱟᱭᱜᱟ ᱨᱮᱭᱟᱜ ᱡᱟᱸᱪ ᱢᱮ, ᱪᱮᱫᱟᱜ ᱥᱮ ᱵᱚᱨᱯᱷ ᱨᱮᱭᱟᱜ ᱢᱟᱫᱷᱭᱚᱢ ᱛᱮ ᱪᱟᱞᱟᱣ ᱛᱮ ᱢᱟᱦᱚᱛ ᱠᱷᱚᱱ ᱯᱨᱚᱵᱷᱟᱣ ᱦᱚᱲ ᱠᱚ ᱞᱟᱹᱜᱤᱫ ᱟᱹᱪᱤ ᱜᱮ ᱢᱩᱥᱠᱤᱞᱚᱜᱼᱟ᱾
मैं उसे कुछ अच्छे कॉमिक पुस्तकें और साथ ही कि उसे पढ़ने में दिलचस्पी हो.	ᱤᱧ ᱩᱱᱤ ᱠᱤᱪᱷᱤ ᱵᱷᱟᱜᱮ ᱠᱚᱢᱤᱠ ᱯᱚᱛᱚᱵ ᱤᱧ ᱠᱤᱨᱤᱧᱟᱭᱟ ᱡᱟᱦᱟᱸᱛᱮ ᱩᱱᱤ ᱯᱚᱛᱚᱵ ᱯᱟᱲᱦᱟᱣ ᱥᱮᱡᱽᱼᱮ ᱞᱟᱣᱮᱨᱚᱜ ᱾
उस वक्‍त, छः मीटर की दूरी तय हो गयी थी ।	ᱨᱮᱯᱷᱟᱨᱤ, ᱡᱟᱦᱟᱸᱭ ᱫᱚ ᱖ ᱜᱚᱡ ᱥᱟᱹᱝᱜᱤᱧᱨᱮᱭ ᱛᱟᱦᱮᱸᱠᱟᱱ ᱫᱚ, ᱦᱟᱞᱠᱟ ᱴᱮᱠᱮᱞ ᱞᱟᱹᱜᱤᱫᱛᱮ ᱰᱤᱯᱷᱮᱱᱰᱟᱨᱠᱩ ᱵᱷᱟᱱᱟᱨ ᱛᱤ ᱛᱟᱞᱠᱟ ᱞᱟᱛᱟᱨᱥᱮᱱ ᱩᱫᱩᱜᱽᱟᱛᱮᱭ ᱥᱤᱜᱱᱟᱞᱟᱫᱽ ᱠᱩᱣᱟ ᱾
इनमें से कुछ स्मारक, यूनेस्को द्वारा पहचाना गया विश्‍व विरासत की सूची में भी देखे जाते हैं ।	ᱱᱚᱶᱟ ᱢᱩᱫᱨᱮ, ᱠᱤᱪᱷᱤ ᱩᱭᱦᱟᱹᱨ ᱵᱟᱛᱷᱟᱱ ᱫᱚ ᱤᱭᱩᱱᱮᱥᱠᱳ ᱦᱚᱛᱮᱛᱮ ᱢᱟᱱᱟᱣ ᱟᱠᱟᱱ ᱳᱣᱟᱨᱞᱰ ᱦᱮᱨᱤᱴᱮᱡᱽ ᱥᱟᱭᱤᱴ ᱨᱮᱭᱟᱜ ᱞᱮᱠᱦᱟ ᱨᱮ ᱢᱮᱱᱟᱜᱼᱟ ᱾
मेरे पास नब्बे पक्षी हैं।	ᱤᱧ ᱴᱷᱮᱱ ᱱᱟᱭ ᱜᱮᱞ ᱜᱚᱴᱟᱝ ᱪᱤᱲᱤᱡ ᱢᱮᱱᱟᱜᱼᱟ ᱠᱚᱣᱟ।
बहुत सारे विशेषताएँ हैं।	ᱡᱟᱦᱟᱸ ᱤᱥᱯᱷᱤᱠᱮᱥᱚᱱ ᱵᱮᱥ ᱟᱭᱢᱟ ᱾
क्या यह मुर्गी अच्छा है?	ᱪᱮᱫ ᱱᱚᱣᱟ ᱢᱩᱠᱨᱤ ᱱᱟᱯᱟᱭ ᱠᱟᱱᱟ?
आप मेरी पसंदीदा ट्रैवल कंपनी हैं क्योंकि मुझे बस पहुँचना होता है। आप बाकी सभी विवरणों का ध्यान रखते हैं।	ᱟᱢ ᱤᱧᱟᱹᱜ ᱥᱚᱨᱮᱥ ᱥᱟᱸᱜᱷᱟᱨ ᱥᱮᱢᱞᱮᱫ ᱪᱮᱫᱟᱜ ᱥᱮ ᱤᱧ ᱡᱟᱦᱟᱸ ᱠᱚᱨᱟᱣ ᱦᱩᱭᱩᱜ ᱛᱤᱧᱟᱹ ᱚᱱᱟ ᱫᱚ ᱦᱩᱭᱩᱜ ᱠᱟᱱᱟ ᱟᱲᱜᱳᱱ ᱾ ᱟᱢ ᱥᱟᱱᱟᱢ ᱵᱚᱨᱱᱚᱱ ᱨᱮᱭᱟᱜ ᱡᱚᱛᱚᱱ ᱦᱟᱛᱟᱣ ᱢᱮ ᱾
सन्‌ 2008 में दिल्ली के एक वकील ने 19 साल के एक कानून का पालन किया ।	᱒᱐᱐᱘ ᱥᱟᱞᱨᱮ, ᱥᱩᱨᱛᱮ ᱪᱟᱞᱟᱜᱽ ᱛᱤᱨᱞᱟᱹᱠᱩ ᱧᱮᱞᱛᱮ ᱵᱟᱹᱲᱤᱡᱽ ᱨᱚᱲᱛᱮᱭ ᱥᱟᱵᱧᱟᱢ ᱩᱪᱩᱭᱮᱱ ᱑᱙ ᱩᱢᱟᱹᱨᱨᱮᱱ ᱢᱤᱫᱦᱚᱲ ᱫᱤᱞᱞᱤ ᱨᱮᱭᱟᱜ ᱟᱫᱟᱞᱚᱛ ᱤᱥᱠᱩᱞ ᱠᱚᱞᱮᱡᱽ ᱵᱟᱨᱦᱮ ᱠᱟᱹᱴᱤᱡᱽ ᱩᱢᱟᱹᱨᱟᱱᱠᱩ ᱕᱐᱐ ᱜᱚᱴᱮᱱ ᱛᱤᱛᱮ ᱚᱞ ᱠᱟᱜᱚᱡᱽ ᱦᱟᱹᱴᱤᱧᱮ ᱦᱩᱠᱩᱢᱟᱫᱽᱠᱩᱣᱟ, ᱡᱟᱦᱟᱸᱠᱩ ᱫᱚ ᱵᱟᱹᱲᱤᱡᱽ ᱟᱪᱚᱨᱚᱱ ᱨᱮᱭᱟᱜᱽ ᱦᱟᱞᱚᱛᱮ ᱵᱚᱨᱱᱚᱱᱟ ᱾
बहुत अच्छे!	ᱟᱹᱰᱤ ᱢᱟᱹᱦᱤᱨ !
ऐतिहासिक स्मारकों की दीवारों को लोगों द्वारा विकृत और गंदा करते देखना दिल दहला देने वाला है।	ᱱᱚᱶᱟ ᱧᱮᱞ ᱠᱟᱛᱮ ᱨᱤᱫᱟᱹᱭ ᱵᱷᱟᱝᱜᱚᱲᱚᱜᱼᱟ ᱡᱟᱦᱟᱭ ᱦᱚᱲ ᱢᱟᱨᱮ ᱪᱤᱱᱦᱟᱹ ᱠᱚᱨᱮᱭᱟᱜ ᱵᱷᱤᱛ ᱠᱚ ᱵᱟᱹᱲᱤᱪ ᱟᱠᱟᱫᱟ ᱾
जब भारतीय एथलीट 0.1 सेकंड से एथलेटिक विश्व कप फाइनल के लिए क्वालीफाई करने से चूक गया तो मेरा उत्साह गिर गया।	ᱵᱷᱟᱨᱚᱛᱤᱭᱟᱹ ᱠᱚ ᱫᱚ ᱛᱤᱱᱨᱮ ᱮᱛᱷᱞᱮᱴᱤᱠ ᱵᱤᱥᱥᱚᱠᱟᱯ ᱨᱮᱭᱟᱜ ᱯᱷᱟᱭᱱᱟᱞ ᱨᱮ ᱐ᱹ᱑ ᱯᱷᱟᱨᱟᱠ  ᱞᱟᱹᱜᱤᱫᱛᱮ ᱡᱳᱜᱢᱟᱱ ᱵᱟᱝᱠᱚ ᱦᱟᱛᱟᱣ ᱫᱟᱲᱮᱭᱟᱫᱟ ᱩᱱ ᱚᱠᱛᱚ ᱤᱧᱟᱜ ᱢᱚᱱᱮ ᱫᱟᱲᱮ ᱫᱚ ᱠᱚᱢᱮᱱ ᱛᱤᱧᱟ ᱾
हमारी देखभाल की व्यवस्था को सुरक्षित घर, प्रेममय देखरेख, स्थिर शिक्षा, और विश्‍वसनीय स्वास्थ्य देखभाल प्रदान करने के लिए माना जाता है ।	ᱟᱞᱮᱭᱟᱜ ᱯᱟᱞᱚᱠ ᱧᱮᱞ ᱯᱨᱚᱬᱟᱞᱤ ᱨᱩᱠᱷᱤᱭᱟᱹ ᱚᱲᱟᱜ, ᱠᱩᱥᱤ ᱠᱚᱨᱟᱣ ᱠᱩᱜ, ᱥᱛᱷᱤᱨ ᱥᱤᱠᱷᱱᱚᱛ ᱟᱨ ᱯᱟᱹᱛᱤᱣᱟᱹᱜ ᱱᱤᱯᱷᱩᱴ ᱧᱮᱧᱮᱞ ᱠᱚ ᱮᱢᱚᱜ ᱠᱟᱱᱟᱭ᱾
ᱤᱧ ᱟᱫ ᱟᱠᱟᱱᱟᱹᱧ	मैं खो गया हूँ
यह एक अच्छी खबर है!	ᱚᱱᱟ ᱫᱚ ᱨᱟᱹᱥᱠᱟᱹ ᱠᱷᱚᱵᱚᱨ !
मैंने कई बार प्रयोग करने की कोशिश की लेकिन अच्छे परिणाम नहीं मिले।	ᱤᱧ ᱫᱚ ᱟᱭᱢᱟ ᱫᱷᱟᱣ ᱵᱤᱰᱟᱹᱣ ᱪᱟᱞᱟᱣ ᱨᱮᱭᱟᱜᱤᱧ ᱠᱩᱨᱩᱢᱩᱴᱩ ᱟᱠᱟᱫᱟ ᱢᱮᱱᱠᱷᱟᱱ ᱵᱷᱟᱜᱮ ᱚᱨᱡᱚ ᱵᱟᱹᱧ ᱧᱟᱢᱟᱠᱟᱫᱟ ᱾
तकनीकी टीम ने कहा कि हम अपने लैपटॉप पर जो कुछ भी करते हैं, वे उस पर नज़र रखते हैं।	ᱠᱟᱹᱨᱤᱜᱚᱞ ᱜᱟᱫᱮᱞ ᱠᱚ ᱞᱟᱹᱭ ᱟᱠᱟᱫᱟ ᱡᱮ, ᱟᱞᱮ ᱫᱚ ᱟᱢᱟᱜ ᱞᱮᱯᱴᱚᱯ ᱨᱮ ᱡᱟᱦᱟᱸ ᱜᱮᱞᱮ ᱠᱚᱨᱟᱣᱼᱟ ᱩᱝᱠᱩ ᱠᱚ ᱧᱮᱞᱼᱟ ᱾
जब मैंने नेल्सन मंडेला पर बनी फिल्म देखी, तो मुझे विश्वास नहीं हुआ कि एक तथाकथित उन्नत सभ्यता किसी इंसान को इतनी छोटी कोठरी में डालने के लिए इतना नीचे गिर सकती है।	ᱡᱟᱦᱟᱸ ᱚᱠᱛᱮ ᱤᱧ ᱱᱮᱞᱥᱚᱱ ᱢᱮᱱᱰᱮᱞᱟ ᱪᱮᱛᱟᱱ ᱪᱚᱞᱚᱛ ᱪᱤᱛᱟᱹᱨ ᱤᱧ ᱧᱮᱞ ᱞᱮᱫᱟ, ᱩᱱ ᱚᱠᱛᱚ ᱤᱧ ᱫᱚ ᱵᱟᱹᱧ ᱯᱟᱹᱛᱭᱟᱹᱣ ᱫᱟᱲᱮᱭᱟᱜ ᱛᱟᱦᱮᱸᱫ ᱡᱮ, ᱢᱤᱫᱴᱟᱝ ᱞᱟᱹᱭ ᱟᱹᱜᱩ ᱟᱠᱟᱱ ᱩᱛᱱᱟᱹᱣ ᱥᱚᱥᱱᱚᱜ ᱱᱩᱱᱟᱹᱜ ᱞᱟᱛᱟᱨ ᱨᱮ ᱟᱲᱜᱳ ᱜᱚᱫᱚᱜᱼᱟ ᱡᱮ ᱢᱤᱫᱴᱟᱝ ᱦᱚᱲ ᱱᱩᱱᱟᱹᱜ ᱦᱩᱰᱤᱧ ᱠᱳᱥ ᱨᱮ ᱜᱤᱰᱤ ᱜᱚᱫᱮᱭᱟ ᱾
सर, कृपया सिंहासन की लंबाई पासबुक में दर्ज करने के लिए पूछें.	ᱥᱮᱨ, ᱫᱟᱭᱟ ᱠᱟᱛᱮᱜ ᱠᱟᱣᱩᱱᱴᱟᱨ ᱠᱟᱹᱢᱤᱭᱟᱹᱠᱚ ᱯᱟᱥᱵᱳᱭᱨᱮ ᱵᱮᱞᱮᱱᱥ ᱚᱞ ᱟᱪᱚ ᱠᱚᱢ ᱾
यही कारण है कि आयोजकों के पास नहीं जाना होगा लेकिन बहुत ज्यादा कीमतों को प्रभावित करता है.	ᱚᱱᱟ ᱫᱚ ᱥᱟᱥᱟᱯᱲᱟᱣᱠᱩ ᱴᱷᱮᱱ ᱫᱚ ᱵᱟᱝ ᱪᱟᱞᱟᱜᱼᱟ ᱢᱮᱱᱠᱷᱟᱱ ᱜᱚᱱᱚᱝ ᱫᱚ ᱟᱹᱰᱤᱜᱤᱭ ᱮᱥᱮᱲᱟ ᱾
ग्रिफिथ का जन्म पर्ल रिवर, न्यूयॉर्क में हुआ था।	ᱜᱨᱤᱯᱷᱤᱛᱷ ᱫᱚ ᱱᱤᱭᱩᱼᱤᱭᱚᱨᱠ ᱨᱮᱭᱟᱜ ᱯᱟᱨᱞ ᱜᱟᱰᱟ ᱫᱷᱟᱨᱮᱨᱮᱭ ᱡᱟᱱᱟᱢ ᱞᱮᱱᱟ ᱾
उनका जन्म विन्निपेग, मैनिटोबा, कनाडा में हुआ था।	ᱩᱱᱤ ᱫᱚ ᱠᱟᱱᱟᱰᱟ ᱨᱮᱭᱟᱜ ᱢᱮᱹᱱᱤᱴᱳᱵᱟᱨ ᱤᱭᱩᱱᱤᱯᱮᱜ ᱨᱮᱭ ᱡᱟᱱᱟᱢ ᱟᱠᱟᱱᱟ ᱾
इस जगह और दूसरे विमानों को मदद के लिए भेजा गया है ।	ᱜᱟᱴᱷᱵᱟᱸᱫᱷᱟᱱ ᱟᱨ ᱟᱯᱷᱜᱟᱱ ᱥᱮᱱᱤᱠ ᱠᱚ ᱥᱟᱭᱤᱴ ᱨᱮᱱᱟᱜ ᱥᱚᱱᱛᱚᱨᱚᱜ ᱞᱟᱹᱜᱤᱫ ᱡᱟᱭᱜᱟ ᱨᱮ ᱵᱚᱞᱚᱭᱮᱱᱟᱭ ᱟᱨ ᱮᱴᱟᱜ ᱜᱟᱴᱷᱵᱟᱸᱫᱷᱟᱱ ᱵᱤᱢᱟᱱ ᱜᱚᱜᱲᱚ ᱞᱟᱹᱜᱤᱫ ᱮ ᱠᱩᱞ ᱠᱮᱫ ᱠᱚᱣᱟ᱾
जैसे ही आप मौजूदा से बाहर निकलते हैं, सैर करना आम तौर पर ज़्यादा मुश्‍किल नहीं होता ।	ᱡᱮᱞᱠᱟ ᱜᱮ ᱟᱢ ᱣᱚᱨᱛᱚᱢᱟᱱ ᱠᱷᱚᱱ ᱵᱟᱷᱨᱮᱛᱮ ᱚᱰᱚᱠᱚᱜ ᱟᱢ, ᱛᱚᱭᱨᱟᱠᱤ ᱚᱝᱠᱟ ᱜᱮ ᱥᱟᱢᱟᱱᱭᱚ ᱦᱤᱥᱟᱹᱵ ᱛᱮ ᱰᱷᱮᱨ ᱠᱚᱴᱷᱤᱱ ᱵᱟᱠᱚ ᱛᱟᱦᱮᱸᱱᱟ᱾
अन्य शोधों से पता चला कि यह हाई स्कूल के छात्रों के लिए बुरा हो सकता है।	ᱮᱴᱟᱜ ᱮᱴᱟᱜ ᱠᱷᱫᱽᱨᱚᱱ ᱨᱮ ᱧᱮᱞ ᱟᱠᱟᱱᱟ ᱡᱮ ᱱᱚᱶᱟ ᱫᱚ ᱩᱥᱩᱞ ᱵᱤᱨᱫᱟᱹᱜᱟᱲ ᱨᱮᱱ ᱯᱟᱹᱴᱷᱩᱣᱟᱹ ᱠᱚ ᱞᱟᱹᱜᱤᱫ ᱵᱟᱹᱲᱤᱡ ᱦᱩᱭ ᱫᱟᱲᱮᱭᱟᱜᱼᱟ ᱾
यह इतना प्रेरक है.	ᱱᱚᱶᱟᱫᱚ ᱟᱹᱰᱤ ᱩᱫᱜᱟᱹᱣ ᱟᱱᱟᱜ ᱠᱟᱱᱟ ᱾
यह जानकर मैं चकित रह गया कि मेरा भाई/बहन इतने समय से गुप्त रूप से हमारे बीमार माता-पिता की देखभाल कर रहा था। कितनी निस्वार्थ दयालुता का कार्य है।	ᱤᱧ ᱦᱟᱦᱟᱲᱟᱞᱮᱱᱟ ᱡᱮ ᱤᱧᱨᱮᱱ ᱵᱚᱭᱦᱟ ᱢᱤᱥᱨᱟ ᱫᱚ ᱱᱚᱣᱟ ᱥᱟᱱᱟᱢ ᱚᱠᱛᱚ ᱫᱟᱱᱟᱝ ᱨᱮ ᱟᱞᱮᱨᱮᱱ ᱨᱩᱣᱟᱹᱜᱠᱟᱱ ᱜᱚᱼᱵᱟᱵᱟᱣᱟ ᱠᱤᱱ ᱡᱚᱛᱚᱱᱮᱫ ᱠᱤᱱᱟ ᱾ ᱫᱟᱭᱟ ᱨᱮᱱᱟᱜ ᱪᱮᱫ ᱩᱡᱟᱹᱲ ᱠᱟᱹᱢᱤ ᱾
अगर आप इस देश में जाना चाहते हैं, तो सफरी निगरान के तौर पर आपकी यात्रा का या आपके सफरी बीमा का असर हो सकता है ।	ᱡᱩᱫᱤ ᱟᱢ ᱡᱟᱦᱟᱸ ᱫᱤᱥᱚᱢ ᱨᱮᱢ ᱪᱟᱞᱟᱜ ᱠᱟᱱᱟ ᱚᱱᱟ ᱫᱟᱬᱟᱱ ᱟᱸᱫᱮ ᱨᱮᱭᱟᱜ ᱟᱫᱷᱤᱱ ᱦᱩᱭᱩᱜᱼᱟ, ᱠᱷᱟᱱ ᱟᱢᱟᱜ ᱫᱟᱬᱟᱱ ᱦᱚᱲᱢᱚ ᱥᱟᱶᱟᱨ ᱵᱤᱢᱟ ᱟᱨᱵᱟᱝ ᱟᱢᱟᱜ ᱫᱟᱬᱟᱱ ᱨᱚᱫᱤᱠᱚᱨᱚᱬ ᱵᱤᱢᱟ ᱯᱨᱚᱵᱷᱟᱣᱤᱛ ᱦᱩᱭ ᱫᱟᱲᱮᱭᱟᱜᱼᱟ᱾
छियानवे	ᱱᱟᱭ ᱜᱮᱞ ᱛᱩᱨᱩᱭ
यह आज भी तैयार किया जाता है, लेकिन इससे अधिक महत्त्वपूर्ण अनुपात डिजिटल कैमरा सेंसर फ़ॉर्मेटों द्वारा विरासत में पाया गया है ।	ᱱᱚᱶᱟ ᱫᱚ ᱱᱤᱛ ᱦᱚᱸ ᱵᱮᱱᱟᱜ ᱠᱟᱱᱟ, ᱢᱮᱱᱠᱷᱟᱱ ᱱᱚᱶᱟ ᱦᱚᱸ ᱞᱟᱹᱠᱛᱤ ᱠᱟᱛᱷᱟ ᱢᱮᱱᱟᱜᱼᱟ ᱡᱮ ᱱᱚᱶᱟ ᱯᱟᱦᱞᱩ ᱟᱱᱩᱯᱟᱛ ᱰᱤᱡᱤᱴᱟᱞ ᱠᱮᱭᱢᱨᱟ ᱪᱷᱟᱵᱤ ᱥᱮᱱᱥᱟᱨ ᱯᱨᱟᱨᱩᱯ ᱦᱚᱛᱮᱛᱮ ᱵᱚᱝᱥᱚ ᱨᱮ ᱧᱟᱢ ᱟᱠᱟᱱᱟ᱾
ᱥᱟᱹᱜᱩᱱ ᱧᱤᱫᱟᱹ	शुभ रात्रि
हाँ, कुछ कॉलेजों अपने प्रवेश परीक्षा का अभ्यास करते हैं.	ᱦᱮᱸ, ᱠᱤᱪᱷᱩ ᱠᱚᱞᱮᱡᱽ ᱫᱚ ᱟᱠᱩᱣᱟᱜᱽ ᱱᱤᱡᱽ ᱵᱚᱞᱚᱱ ᱵᱤᱰᱟᱹᱣᱠᱩ ᱦᱩᱭᱩᱪᱩᱭᱟ ᱾
मैं टेनिस बॉल की सर्विस करने में बहुत कुशल हो गया हूँ। मैंने सिर्फ अपनी सर्विस के दम पर कई मैच जीते हैं।	ᱤᱧ ᱫᱚ ᱴᱮᱱᱤᱥ ᱵᱚᱞ ᱥᱟᱨᱵᱷᱤᱥ ᱨᱮ ᱟᱹᱰᱤᱧ ᱵᱷᱟᱜᱮ ᱟᱠᱟᱱᱟ ᱾ ᱤᱧ ᱫᱚ ᱤᱧᱟᱜ ᱥᱟᱨᱵᱷ ᱛᱮ ᱟᱭᱢᱟ ᱢᱮᱪᱤᱧ ᱡᱤᱛᱠᱟᱹᱨ ᱟᱠᱟᱱᱟ ᱾
हाँ, हाँ.	ᱦᱮᱸ, ᱦᱮᱸ,᱾
क्रिस्टोफर कोलंबस पहली बार 1492 में वेस्ट इंडीज की तलाश करते हुए अमेरिका आया था।	᱑᱔᱙᱒ ᱥᱟᱞ ᱨᱮ ᱣᱮᱥᱴ ᱤᱱᱰᱤᱡᱽ ᱥᱮᱸᱫᱨᱟᱭ ᱚᱠᱛᱚ ᱠᱷᱨᱤᱥᱴᱳᱯᱷᱟᱨ ᱠᱚᱞᱚᱢᱵᱟᱥ ᱫᱚ ᱯᱳᱭᱞᱳ ᱟᱢᱮᱨᱤᱠᱟ ᱨᱮᱭ ᱦᱮᱡᱽ ᱞᱮᱱᱟ ᱾
उन्होंने कहा कि उसकी 20 साल की उम्र में रिपोर्ट की गई थी. एक कथन में, ब्राबर ने कहा कि मैं मौजूद नहीं था और न ही मैं इस दुःखद दुर्घटना के साथ शामिल था, मेरे विचार और प्रार्थना पीड़ित के परिवार के साथ हैं. "	ᱵᱟᱲᱟᱭ ᱟᱠᱟᱱᱟ ᱩᱱᱤᱭᱟᱜ ᱩᱢᱮᱨ ᱒᱐ ᱥᱮᱨᱢᱟ ᱛᱟᱦᱮᱸ ᱠᱟᱱᱟ᱾ ᱢᱤᱫ ᱨᱚᱯᱚᱲ ᱨᱮ ᱵᱤᱵᱟᱨ ᱮ ᱞᱟᱹᱭ ᱟᱠᱟᱫᱟ, "ᱤᱧ ᱚᱸᱰᱮ ᱵᱟᱹᱧ ᱛᱟᱦᱮᱸ ᱠᱟᱱ ᱨᱮᱦᱚᱸ ᱥᱮ ᱱᱚᱣᱟ ᱫᱩᱠᱷ ᱜᱷᱚᱴᱚᱱ ᱥᱟᱶ ᱡᱚᱯᱲᱟᱣ ᱵᱟᱹᱧ ᱛᱟᱦᱮᱸ ᱠᱟᱱ ᱨᱮᱦᱚᱸ, ᱤᱧᱟᱜ ᱵᱷᱟᱵᱽᱱᱟ ᱟᱨ ᱛᱷᱩᱢ ᱜᱩᱨ ᱜᱷᱟᱨᱚᱸᱡᱽ ᱥᱟᱶᱛᱮ ᱛᱟᱦᱮᱸᱱᱟ᱾"
लेकिन लैपटॉप कंप्यूटर पर उपभोक्ताओं को व्यापक रूप से विविध रूप से विभाजित किया जाएगा और इसके बाद AAUS को २०वीं सदी में चीन गणराज्य ऑफ यूमीन द्वारा आयोजित किया गया था.	ᱢᱮᱱᱠᱷᱟᱱ ᱪᱤᱱ ᱦᱚᱲ ᱞᱮᱠᱷᱟ ᱠᱟᱹᱢᱤᱭᱟᱱ ᱭᱩᱣᱟᱱ ᱠᱚ ᱦᱚᱛᱮᱛᱮ ᱒᱐᱐᱗ ᱞᱟᱭᱤᱣᱟᱱ ᱥᱟᱥᱴᱮᱱᱮᱵᱟᱞ ᱥᱤᱨᱯᱷᱟᱹ ᱨᱮ ASUS ᱠᱚ ᱪᱟᱞ ᱠᱮᱫ ᱠᱚ ᱛᱟᱭᱚᱢ ᱞᱮᱯᱴᱚᱯ ᱠᱚᱢᱯᱭᱩᱴᱟᱨ ᱨᱮ ᱩᱯᱵᱷᱳᱠᱛᱟ ᱦᱟᱴ ᱦᱚᱲ ᱠᱚᱣᱟᱜ ᱨᱩᱯ ᱠᱷᱚᱱ ᱵᱷᱮᱫᱽ ᱟᱨ ᱵᱚᱫᱚᱞᱚᱜᱼᱟ᱾
लेकिन, व्यापार चक्र की आर्थिक फ्लू ने पोलैंड की बेरोज़गारी की दर पर प्रभाव डाला, जो 2013 की शुरूआत में लगभग 11 प्रतिशत पहुँच गया था ।	ᱮᱱᱠᱷᱟᱱ, ᱒᱐᱑᱓ᱼᱨᱮᱭᱟᱜ ᱮᱛᱚᱦᱚᱵ ᱥᱮᱡᱽ ᱡᱟᱹᱱᱤᱡᱽ ᱑᱑%ᱼ ᱨᱮ ᱥᱮᱴᱮᱨ ᱟᱠᱟᱱ ᱯᱳᱞᱮᱱᱰ ᱨᱮᱭᱟᱜ ᱵᱮᱠᱟᱨ ᱨᱮᱭᱟᱜ ᱦᱟᱨ ᱫᱚ ᱵᱮᱯᱟᱨ ᱪᱟᱨᱠᱟ ᱨᱮᱭᱟᱜ ᱠᱟᱹᱣᱰᱤᱟᱹᱨᱤ ᱞᱟᱲᱪᱟᱲ ᱥᱟᱹᱨᱤᱜᱮᱭ ᱮᱥᱮᱨ ᱞᱮᱫᱟ ᱾
यहाँ तक कि वह अपने शिकार के लिए भी मशहूर है ।	ᱯᱮᱨᱤᱭᱟᱨ, ᱠᱮᱨᱟᱞᱟ ᱨᱮᱭᱟᱜ ᱢᱚᱥᱞᱟ ᱵᱟᱜᱟᱱ ᱨᱮᱭᱟᱜ ᱛᱟᱞᱢᱟ, ᱱᱚᱶᱟᱫᱚ ᱵᱤᱨ ᱡᱤᱭᱟᱹᱞᱤ ᱯᱟᱨᱠᱮ ᱞᱟᱹᱜᱤᱫ ᱛᱮᱦᱚᱸ ᱥᱚᱨᱮᱥ ᱜᱮᱭᱟ, ᱡᱟᱸᱦᱟᱫᱚ ᱯᱮᱨᱤᱭᱟᱨ ᱫᱟᱨᱦᱟᱨᱮ ᱢᱤᱫ ᱵᱳᱴ ᱠᱨᱩᱡᱽᱨᱮ ᱫᱮᱡᱚᱜ ᱨᱮ ᱡᱚᱛᱚᱠᱷᱚᱱ ᱱᱟᱯᱟᱭ ᱵᱩᱡᱩᱱ ᱧᱟᱢᱚᱜᱼᱟ ᱾
अनीता: अनीता नाम एक बहुत ही सामान्य स्त्रीवाचक नाम है।	ᱚᱱᱤᱛᱟ ᱧᱩᱛᱩᱢ, ᱚᱱᱤᱛᱟ ᱫᱚ ᱢᱤᱫᱴᱟᱝ ᱟᱹᱰᱤ ᱥᱟᱫᱷᱟᱨᱚᱱ ᱛᱤᱨᱞᱟᱹ ᱮᱢᱟᱜ ᱧᱩᱛᱩᱢ ᱾
विंगेट कई सूडानी लोगों का समर्थन हासिल करने में कामयाब रहे।	ᱤᱭᱩᱱᱜᱮᱴ ᱥᱩᱫᱟᱱ ᱨᱮ ᱟᱭᱢᱟ ᱦᱚᱲᱟᱜ ᱦᱮᱸᱥᱟᱹᱨᱤ ᱧᱟᱢ ᱞᱟᱹᱜᱤᱫ ᱮ ᱥᱤᱜᱤᱞ ᱞᱮᱱᱟ ᱾
और Wagowiribin खतरे जैतून Rodys के मुख्य घोंसलों में से एक है.	ᱟᱨ ᱠᱨᱤᱥᱱᱚᱼᱜᱳᱫᱟᱵᱚᱨᱤ ᱚᱵᱚᱵᱟᱦᱤᱠᱟ ᱢᱮᱴᱟᱣ ᱟᱠᱟᱱ ᱚᱞᱤᱵᱷ ᱨᱤᱰᱞᱤ ᱦᱚᱨᱚ ᱠᱚᱣᱟᱜ ᱢᱩᱲᱩᱫ ᱛᱟᱦᱮᱸᱱ ᱴᱷᱟᱶ ᱠᱚ ᱢᱩᱫᱨᱮ ᱢᱤᱫᱴᱟᱝ ᱠᱟᱱᱟ ᱾
इसकी शुरुआत उनके व्यक्तिगत संगीत संग्रह के डेटाबेस के रूप में हुई थी।	ᱱᱚᱶᱟ ᱫᱚ ᱟᱡᱟᱜ ᱟᱯᱱᱟᱨᱟᱜ ᱥᱮᱹᱨᱮᱹᱧ ᱛᱩᱢᱟᱹᱞ ᱨᱮᱭᱟᱜ ᱰᱟᱴᱟᱵᱮᱥ ᱞᱮᱠᱟᱛᱮ ᱮᱛᱚᱦᱚᱵ ᱞᱮᱱᱟ ᱾
मुझे लगता है कि इमारत का निर्माण इस साल के अंत तक पूरा हो जाएगा।	ᱱᱚᱣᱟ ᱥᱮᱨᱢᱟ ᱨᱮᱭᱟᱜ ᱢᱩᱪᱟᱹᱫ ᱫᱮᱞᱟᱫᱤᱞᱤ ᱛᱷᱚᱱᱚᱛ ᱨᱮᱭᱟᱜ ᱵᱮᱱᱟᱣ ᱠᱟᱹᱢᱤ ᱢᱩᱪᱟᱹᱫᱚᱜᱼᱟ ᱢᱮᱱᱛᱮ ᱤᱧᱤᱧ ᱢᱚᱱᱮᱭᱮᱫᱟ ᱾
हम एक नया उत्पाद जारी कर रहे हैं.	ᱟᱞᱮ ᱢᱤᱫᱴᱟᱝ ᱱᱟᱶᱟ ᱡᱤᱱᱤᱥᱞᱮ ᱯᱟᱨᱥᱟᱞ ᱮᱫᱟ ᱾
बिजली का स्विच चालू मत करो। गैस सिलेंडर से रिसाव हो रहा है और विस्फोट हो सकता है।	ᱵᱟᱹᱛᱤ ᱨᱮᱭᱟᱜ ᱥᱩᱭᱤᱡ ᱠᱚᱫᱚ ᱟᱞᱚᱢ ᱞᱤᱱᱟ ᱾ ᱜᱮᱹᱥ ᱥᱤᱞᱤᱱᱰᱟᱨ ᱞᱤᱠᱼᱚᱜ ᱠᱟᱱᱟ ᱟᱨ ᱚᱴᱮᱡ ᱫᱟᱲᱮᱭᱟᱜᱼᱟ ᱾
सुप्रभात कक्षा.	ᱥᱟᱹᱜᱩᱱ ᱥᱮᱛᱟᱜ ᱠᱞᱟᱥ ᱾
आखिरकार, 2 साल बाद मेरे पसंदीदा हीरो की फिल्म रिलीज़ हो रही है, यह रिलीज़ किसी त्योहार जैसी लग रही है।	ᱢᱩᱪᱟᱹᱫ ᱨᱮ, ᱒ ᱥᱮᱨᱢᱟ ᱛᱟᱭᱚᱢ ᱪᱷᱟᱹᱲᱮ ᱧᱟᱢᱮᱫ ᱠᱟᱱᱟ ᱤᱧᱨᱮᱱ ᱠᱩᱥᱤᱭᱟᱱ ᱯᱟᱴᱷᱚᱠᱤᱭᱟᱹ ᱟᱜ ᱪᱤᱛᱟᱹᱨ, ᱱᱚᱣᱟ ᱪᱷᱟᱹᱲ ᱫᱚ ᱯᱚᱨᱚᱵ ᱞᱮᱠᱟ ᱟᱹᱭᱠᱟᱹᱜ ᱠᱟᱱᱟ ᱾
मैं क्लाइंट के खिलाफ नहीं बोलना चाहता क्योंकि मेरी नौकरी चली जाएगी।	ᱤᱧ ᱠᱞᱟᱭᱮᱱᱴ ᱵᱤᱨᱩᱫᱷ ᱨᱮ ᱠᱟᱛᱷᱟ ᱞᱟᱹᱭ ᱵᱟᱹᱧ ᱠᱷᱚᱡ ᱠᱟᱱᱟ ᱪᱮᱫᱟᱜ ᱥᱮ ᱤᱧ ᱤᱧᱟᱹᱜ ᱪᱟᱠᱨᱤᱧ ᱟᱫ ᱫᱟᱲᱮᱭᱟᱜᱼᱟ ᱾
क्या तुम मेरी मदद कर सकते हो?	ᱟᱢ ᱪᱮᱫ ᱤᱧᱮᱢ ᱜᱚᱲᱚ ᱟᱹᱧᱟᱹ ?
आबा गांधी गांधी ने बाद में चार बार शादी की और हर बार अपनी पत्नी को खो दिया ।	ᱠᱟᱵᱟ ᱜᱟᱹᱱᱫᱫᱦᱤ ᱫᱚ ᱯᱚᱨ ᱯᱚᱨ ᱯᱩᱱ ᱫᱷᱟᱣᱮ ᱵᱟᱯᱞᱟᱣᱟᱠᱟᱱᱟ, ᱡᱟᱣ ᱫᱷᱟᱣ ᱜᱤ ᱜᱩᱡᱩᱠ ᱫᱟᱨᱟᱭ ᱛᱮ ᱩᱱᱤᱨᱮᱱ ᱮᱨᱟᱭ ᱟᱛᱽ ᱞᱤᱫᱤᱭᱟ ᱾
बीसवीं सदी के शोध ने दिखाया है कि आनुवंशिक परिवर्तनों के दो पूले हैं: गुप्त और व्यक्‍त किया गया है ।	ᱵᱟᱨᱜᱮᱞ ᱥᱮᱧᱪᱩᱨᱤ ᱨᱮᱭᱟᱜ ᱠᱦᱚᱸᱫᱽᱨᱚᱝ ᱛᱮ ᱵᱩᱡᱷᱟᱹᱣᱜ ᱠᱟᱱᱟ ᱡᱮ ᱡᱮᱱᱮᱴᱤᱠ ᱣᱮᱨᱤᱭᱮᱥᱚᱱ ᱨᱮᱭᱟᱜ ᱵᱟᱨᱭᱟ ᱯᱩᱞ ᱢᱮᱱᱟᱜᱼᱟ: ᱩᱠᱩ ᱟᱨ ᱯᱟᱥᱱᱟᱣᱟᱜ᱾
यात्रा करनेवाले आम तौर पर ऐसे पैकेज पेश करते हैं जिनमें नाश्‍ता, हवाई अड्डे या उड़ान और होटल के पैकेज सम्मिलित होते हैं ।	ᱴᱨᱮᱵᱷᱟᱞ ᱮᱡᱮᱱᱴ ᱚᱱᱠᱟ ᱨᱮ ᱚᱱᱟ ᱯᱮᱭᱠᱮᱡᱽ ᱨᱮᱱᱟᱜ ᱯᱮᱥᱠᱟᱥ ᱮᱫᱼᱟᱭ ᱡᱟᱦᱟᱸ ᱫᱚ ᱱᱟᱥᱛᱟ, ᱩᱰᱟᱹᱱ ᱰᱟᱹᱦᱤ ᱠᱷᱚᱱ/ ᱱᱚᱸᱰᱮ ᱦᱟᱹᱵᱤᱡ ᱡᱮ ᱥᱟᱸᱭᱩᱠᱛ ᱩᱰᱟᱹᱱ ᱟᱨ ᱦᱚᱴᱚᱞ ᱯᱮᱭᱠᱮᱡᱽ ᱦᱚᱸ ᱢᱮᱥᱟ ᱢᱮᱱᱟᱜᱼᱟ᱾
उसने कहा कि यदि मैंने उसे अपना पैन कार्ड नहीं दिखाया, तो वह मेरा पंजीकरण रद्द कर देगी।	ᱩᱱᱤᱭ ᱞᱟᱹᱭ ᱠᱮᱫᱟ ᱡᱮ, ᱤᱧ ᱡᱩᱫᱤ ᱩᱱᱤ ᱤᱧᱟᱹᱜ ᱯᱮᱱ ᱠᱟᱨᱰ ᱵᱟᱹᱧ  ᱩᱫᱩᱜ ᱟᱭᱟ, ᱩᱱᱤ ᱫᱚ ᱤᱧᱟᱜ ᱨᱮᱡᱤᱥᱴᱨᱮᱥᱚᱱᱼᱮ ᱵᱟᱹᱛᱤᱞ ᱠᱟᱜᱼᱟ ᱾
PNam- mad Lad एक एकल टाइटन नीले गैस-नी-नी-नी-नी-नी-नी-न-इनरलिलल का बंधन प्रदर्शित किया है एक यारिल ग्रह के लिए एक जहाज़ के रूप में वापस 0.18mm (18mm) सक्रिय माइक्रोएल्ड माइक्रोप के साथ प्रदर्शित करता है 8 पिक्सेल में।	᱘ ᱮᱢ ᱯᱤᱠᱥᱮᱞ ᱯᱤᱪ ᱨᱮᱭᱟᱜ ᱢᱤᱫᱴᱟᱝ ᱡᱮᱹᱥᱯᱟᱨ ᱰᱤᱥᱯᱞᱮ ᱥᱤ ᱮᱢ ᱳ ᱮᱥ ᱵᱮᱠᱯᱞᱮᱱ ᱐ᱹ᱗ ᱤᱧᱪᱤ (᱑᱘ ᱢᱤᱢᱤ) ᱫᱟᱲᱮᱭᱟᱱ ᱼᱢᱮᱴᱨᱤᱠ ᱢᱟᱭᱠᱨᱳ ᱮᱞ ᱤ ᱰᱤ ᱰᱤᱥᱯᱞᱮ ᱥᱟᱶ ᱡᱚᱲᱟᱣ ᱢᱤᱫᱨᱚᱝ ᱢᱤᱫᱴᱟᱝ ᱞᱤᱞ ᱜᱟᱱᱼᱚᱱᱼᱥᱤᱞᱤᱠᱚᱱ ᱳᱭᱮᱯᱷᱟᱨ ᱮ ᱩᱫᱩᱜᱼᱟ ᱯᱞᱮᱥᱤ ᱥᱮᱢᱤᱠᱚᱱᱰᱟᱠᱴᱚᱨᱥ ᱞᱤᱢᱤᱴᱮᱰ ᱾
खेल के सभी नृत्य शो के नृत्य हैं।	ᱜᱮᱢ ᱨᱮᱭᱟᱜ ᱮᱱᱮᱡᱽ ᱠᱚ ᱫᱚ ᱦᱩᱭᱩᱜ ᱠᱟᱱᱟ ᱥᱳ ᱠᱷᱚᱱ ᱡᱚᱛᱚ ᱮᱱᱮᱡᱽ ᱾
Sulman के माता-पिता काफी लंबा थे.	ᱥᱩᱞᱮᱢᱟᱱ ᱟᱪ ᱜᱚᱼᱵᱟᱵᱟ ᱫᱚ ᱠᱟᱹᱪᱽ ᱩᱥᱩᱞ ᱠᱤᱱ ᱛᱟᱸᱦᱮ ᱠᱟᱱᱟ ᱾
ᱮᱭᱟᱨᱯᱚᱨᱴ ᱚᱠᱟᱨᱮ ᱢᱮᱱᱟᱜᱼᱟ?	हवाई अड्डा कहाँ है?
इस तरह के अरबी शब्द हैं, जो अँग्रेज़ी भाषा में लिखे गए हैं ।	ᱡᱤᱦᱟᱫᱤ, ᱢᱩᱡᱟᱦᱤᱫᱤᱱ ᱟᱨ ᱯᱷᱮᱫᱟᱭᱤᱱ ᱫᱚ ᱦᱩᱭᱩᱜᱠᱟᱱᱟ ᱚᱝᱠᱟᱱᱟᱜ ᱟᱨᱵᱤ ᱟᱹᱲᱟᱹ, ᱡᱟᱦᱟᱸ ᱫᱚ ᱤᱝᱨᱟᱹᱡᱤ ᱰᱤᱠᱥᱮᱱᱟᱹᱨᱤ ᱨᱮᱭ ᱵᱚᱞᱚᱣᱟᱠᱟᱱᱟ ᱾
गांधी खुद को हिंदू मानते हैं लेकिन सार्वभौमिक विचार व्यक्त करते हैं।	ᱜᱟᱱᱫᱷᱤ ᱫᱚ ᱱᱤᱡᱟᱹᱛᱮ ᱦᱤᱱᱫᱩᱭ ᱞᱮᱠᱷᱟᱜ ᱠᱟᱱ ᱛᱟᱦᱮᱸᱠᱟᱱᱟ ᱢᱮᱱᱠᱷᱟᱱ ᱡᱮᱜᱮᱛ ᱡᱟᱠᱟᱫ ᱩᱭᱦᱟᱹᱨᱮ ᱥᱚᱫᱚᱨᱮᱫ ᱠᱟᱱ ᱛᱟᱦᱮᱸ ᱠᱟᱱᱟ ᱾
कल	ᱜᱟᱯᱟ
शिखान बीहोग (धर्म में 56 अलग - अलग खाने की चीज़ें हैं, जैसे मीठा, फल, फल, फूल वगैरह ।)	ᱪᱷᱟᱯᱯᱚᱱ ᱵᱷᱚᱜᱽ ᱨᱮᱱᱟᱜ ᱑᱐᱘ ᱯᱞᱮᱴ (ᱦᱤᱸᱫᱩ ᱫᱷᱚᱨᱚᱢ ᱨᱮ, ᱕᱖ ᱮᱴᱟᱜ ᱠᱷᱟᱫᱽ ᱡᱚᱢ, ᱡᱮᱞᱮᱠᱟ ᱞᱟᱹᱰᱩ, ᱡᱚ, ᱢᱮᱣᱟ, ᱡᱚᱢᱟᱜ ᱮᱢᱟᱱ ᱡᱟᱦᱟᱸ ᱫᱚ ᱫᱷᱚᱨᱢᱚ ᱠᱚ ᱮᱢ ᱠᱚ ᱠᱟᱱᱟ) ᱵᱟᱵᱟ ᱥᱭᱟᱢ ᱠᱚ ᱦᱟᱹᱴᱤᱧ ᱟᱫᱨᱭᱟ᱾
वह सन्‌ 2005 में समुद्र - तट के पास पाँच महाद्वीपों में से एक पहली स्त्री बन गयी ।	ᱩᱱᱤ ᱜᱮ ᱠᱟᱱᱟᱭ ᱡᱤᱵᱽᱵᱨᱟᱞᱴᱟᱨ ᱯᱨᱚᱱᱟᱞᱤ, ᱛᱤᱨᱮᱱᱤᱭᱚ ᱥᱟᱢᱩᱫᱽ, ᱠᱩᱠ ᱯᱨᱚᱱᱟᱞᱤ, ᱜᱨᱤᱥ ᱨᱮᱭᱟᱜ ᱛᱳᱨᱳᱱᱤᱣᱳᱥ ᱥᱟᱸᱜᱟ ᱥᱟᱢᱩᱫᱽ (ᱠᱮᱥᱟᱱᱰᱨᱟ ᱥᱟᱸᱜᱟ ᱥᱟᱢᱩᱫᱽ), ᱠᱮᱞᱤᱯᱷᱳᱨᱱᱤᱭᱟ ᱥᱟᱢᱩᱫ ᱟᱲᱮ ᱠᱮᱴᱟᱞᱟᱱᱤᱭᱟ ᱪᱮᱹᱱᱮᱞ ᱟᱨ ᱛᱷᱨᱤ ᱮᱹᱝᱠᱟᱨ ᱥᱟᱸᱜᱟ ᱥᱟᱢᱩᱫᱽ ᱠᱷᱚᱱ ᱫᱚᱠᱠᱷᱤᱱ ᱟᱯᱷᱨᱤᱠᱟ ᱨᱮᱭᱟᱜ ᱠᱮᱯᱴᱟᱣᱩᱱ ᱥᱩᱨ ᱨᱚᱵᱮᱱ ᱰᱷᱤᱯ ᱦᱟᱹᱵᱤᱡ ᱒᱐᱐᱕ ᱥᱟᱞᱨᱮ ᱢᱚᱬᱮ ᱜᱚᱴᱟᱝ ᱢᱟᱦᱟᱫᱤᱥᱚᱢ ᱨᱮᱭᱟᱜ ᱥᱟᱢᱩᱫᱽ ᱯᱨᱚᱱᱟᱞᱤ ᱯᱟᱭᱨᱟ ᱯᱟᱨᱚᱢᱤᱡ ᱫᱚ ᱾
मैं कभी नहीं सुना है कि, लेकिन यह बहुत स्वस्थ है?	ᱤᱧᱫᱚ ᱛᱤᱥᱦᱚᱸ ᱵᱟᱹᱧ ᱟᱸᱡᱚᱢ ᱟᱠᱟᱫᱟ, ᱢᱮᱱᱠᱷᱟᱱ ᱱᱚᱶᱟᱫᱚ ᱟᱹᱰᱤ ᱵᱷᱟᱜᱮ ᱜᱮᱭᱟ ᱾
फिर जैसे ही जहाज डूबने लगा, उनकी लाइफबोट पानी के भीतर खिंच गई।	ᱱᱚᱶᱟ ᱛᱟᱭᱚᱢ ᱡᱟᱦᱟᱡ ᱫᱚ ᱰᱩᱵᱩᱡᱚᱜ ᱮᱛᱚᱦᱚᱵ ᱞᱮᱱᱠᱷᱟᱱ ᱚᱱᱟᱨᱮᱭᱟᱜ ᱞᱟᱭᱤᱯᱷ ᱵᱳᱴ ᱫᱚ ᱫᱟᱜ ᱞᱟᱛᱟᱨ ᱨᱮ ᱰᱩᱵᱩᱡ ᱮᱱᱟ ᱾
यूरोप के सम्राटों ने एक ऐसी इमारत बनायी, जिस पर जीत हासिल करने की निशानी थी और वह राज्य या धर्म को समर्पित थी ।	ᱤᱭᱩᱨᱳᱯᱤᱭᱟᱱ ᱩᱯᱟᱹᱱᱤᱵᱮᱥᱟᱱᱠᱩ ᱫᱚ ᱮᱢᱚᱱ ᱢᱤᱫᱴᱟᱝ ᱵᱮᱱᱟᱣᱠᱟᱹᱨᱤ ᱠᱩ ᱵᱮᱱᱟᱣᱨᱟᱠᱟᱵᱞᱮᱫᱟ ᱡᱟᱦᱟᱸ ᱫᱚ ᱯᱚᱱᱚᱛ ᱥᱮ ᱫᱷᱚᱨᱚᱢ ᱡᱚᱥ ᱞᱟᱹᱜᱤᱫ ᱮᱢᱟᱠᱟᱱ ᱩᱝᱠᱩᱣᱟᱜ ᱡᱤᱛᱠᱟᱹᱨ ᱴᱷᱟᱹᱣᱠᱟᱹ ᱨᱮᱭᱟᱜ ᱪᱤᱱᱦᱟᱹ ᱛᱟᱦᱮᱸᱠᱟᱱᱟ ᱾
मैंने आज 2 किलो गेहूं खरीदा और दुकानदार ने मुझे आधा लीटर घी मुफ्त दिया।	ᱤᱧ ᱛᱮᱦᱮᱧ ᱒ ᱠᱤᱞᱳ ᱜᱩᱦᱩᱢᱤᱧ ᱠᱤᱨᱤᱧ ᱠᱮᱫᱟ ᱟᱨ ᱫᱚᱠᱟᱱᱤᱭᱟᱹ ᱫᱚ ᱤᱧ ᱟᱫᱷᱟ ᱞᱤᱴᱟᱨ ᱜᱷᱤ ᱵᱤᱱᱟᱹ ᱠᱟᱹᱣᱰᱤᱛᱮᱭ ᱮᱢᱟᱫᱤᱧᱟ ᱾
डॉक्टर, आपने मुझसे 21 दिनों तक आराम करने को कहा था। अब वह पूरा हो गया है। आगे के कदम क्या हैं? (रोगी)।	ᱰᱟᱠᱛᱚᱨ, ᱟᱢ ᱤᱧ ᱒᱑ ᱢᱟᱦᱟ ᱡᱤᱨᱟ.ᱣᱮᱢ ᱢᱮᱛᱟᱫᱤᱧ ᱛᱟᱦᱮᱸ ᱾ ᱤᱧᱟᱹᱜ ᱠᱟᱹᱢᱤ ᱱᱤᱛ ᱢᱩᱪᱟᱹᱫ ᱟᱠᱟᱱᱟ ᱾ ᱛᱟᱭᱚᱢ ᱫᱟᱨᱟᱢ ᱯᱟᱹᱣᱲᱤ ᱠᱚᱫᱚ ᱪᱮᱫ ᱪᱮᱫ? (ᱨᱩᱜᱤ)
सरकार ने हमें साफ पानी देने का वादा किया है, लेकिन हम इसे अपने गाँव में नहीं ले जा रहे हैं.	ᱥᱚᱨᱠᱟᱨ ᱟᱞᱮ ᱠᱟᱛᱷᱟᱭ ᱮᱢ ᱟᱠᱟᱫ ᱞᱮᱭᱟ ᱯᱷᱟᱨᱪᱟ ᱫᱟᱜ ᱞᱟᱹᱜᱤᱫ, ᱢᱮᱱᱠᱷᱟᱱ ᱟᱞᱮ ᱟᱛᱩᱨᱮ ᱚᱱᱟ ᱵᱟᱞᱮ ᱧᱟᱢ ᱮᱫᱟ ᱾
मुझे पता है कि अगर आप किसी भी अधिक जानकारी की जरूरत है.	ᱤᱧᱟᱜ ᱡᱟᱦᱟᱱ ᱵᱟᱹᱲᱛᱤ ᱰᱚᱜᱚᱨ ᱞᱟᱹᱠᱛᱤᱜ ᱠᱷᱚᱟᱱ ᱵᱟᱰᱟᱭ ᱦᱚᱪᱚᱟᱹᱧ ᱢᱮ ᱾
ᱤᱧ ᱫᱚ ᱡᱚᱢᱟᱜ ᱠᱷᱚᱱ ᱮᱞᱟᱨᱡᱤ ᱢᱮᱱᱟᱜ ᱛᱤᱧᱟ	मुझे खाने से एलर्जी है
मुझे नहीं पता कि आक्रमणकारियों ने हमारे देश के सभी महान पुस्तकालयों को क्यों नष्ट कर दिया।	ᱤᱧ ᱫᱚ ᱵᱟᱹᱧ ᱵᱟᱰᱟᱭᱟ ᱪᱮᱫᱟᱜ ᱟᱠᱨᱚᱢᱚᱱᱤᱭᱟᱹ ᱠᱚ ᱫᱚ ᱟᱵᱚᱣᱟᱜ ᱫᱤᱥᱚᱢ ᱨᱮᱱᱟᱜ ᱡᱚᱛᱚ ᱢᱟᱨᱟᱝ ᱯᱚᱛᱚᱵ ᱢᱩᱨᱟᱹᱭ ᱠᱚ ᱨᱟᱹᱯᱩᱫ ᱟᱠᱟᱫᱼᱟ ᱾
बेहतर विकल्प देने वाले विश्वविद्यालय के बजाय एक विशिष्ट विश्वविद्यालय चुनकर मैंने खुद को इस स्थिति में डाला है (छात्र)।	ᱤᱧ ᱱᱤᱡᱮᱜᱮ ᱱᱚᱶᱟ ᱴᱷᱟᱣ ᱨᱮᱧ ᱫᱚᱦᱚ ᱟᱠᱟᱱᱟ ᱵᱚᱨᱚᱝ ᱢᱤᱫᱴᱟᱝ ᱠᱷᱟᱥ ᱡᱮᱜᱮᱫ ᱵᱤᱨᱫᱟᱹᱜᱟᱲᱤᱧ ᱵᱟᱪᱷᱟᱣ ᱟᱠᱟᱫᱟ ᱡᱟᱦᱟ ᱫᱚ ᱤᱧ ᱟᱨᱦᱚᱸ ᱱᱟᱯᱟᱭ ᱮᱴᱟᱜ ᱯᱟᱱᱛᱷᱟᱭ ᱮᱢ ᱟᱠᱟᱫᱤᱧᱟ (ᱯᱟᱹᱴᱷᱩᱣᱟᱹ) ᱾
यह शहर अफ्रीका में सबसे महँगे पहाड़ जारगा ज्वालामुखी के साथ - साथ एनीगोगो ज्वालामुखी पर भी चढ़ रहा है ।	ᱱᱚᱣᱟ ᱥᱚᱦᱚᱨ ᱟᱯᱷᱹᱨᱤᱠᱟ ᱨᱮᱭᱟᱜ ᱛᱷᱚᱲᱟ ᱥᱟᱥᱛᱟ ᱢᱟᱣᱩᱱᱴᱮᱱ ᱜᱳᱨᱤᱞᱟᱞᱟ ᱴᱨᱮᱠᱤᱝ ᱥᱟᱶᱛᱮ ᱱᱤᱨᱚᱜᱚᱝᱜᱚ ᱡᱣᱟᱞᱟᱢᱩᱠᱷᱤ ᱨᱮ ᱟᱫᱷᱟᱨ ᱟᱠᱟᱱᱟ᱾
अल्टो रियो सेंगेर हवाई अड्डा: अल्टो रियो सेंगेर हवाई अड्डा एक सार्वजनिक उपयोग वाला हवाई अड्डा है।	ᱚᱞᱴᱳ ᱨᱤᱣ ᱥᱮᱜᱩᱨ ᱩᱰᱟᱹᱱ ᱟᱰᱟ ᱫᱚ ᱦᱩᱭᱩᱜ ᱠᱟᱱᱟ ᱢᱤᱫᱴᱟᱝ ᱥᱟᱱᱟᱢ ᱞᱮᱠᱟᱱ ᱵᱮᱣᱦᱟᱨ ᱨᱮᱭᱟᱜ ᱩᱰᱟᱹᱱ ᱟᱰᱟ ᱾
आपका स्वागत है	ᱟᱢᱟᱜ ᱥᱟᱹᱜᱩᱱ ᱫᱟᱨᱟᱢ
नहीं, मैं अभी पूछा, जैसा कि आप ने कहा, आप संगीत क्लब में शामिल हो गए.	ᱵᱟᱝ, ᱤᱧᱫᱚ ᱠᱷᱟᱹᱞᱤᱧ ᱠᱩᱞᱤᱭᱮᱫ ᱢᱮᱭᱟ, ᱟᱢᱮᱢ ᱞᱟᱹᱭ ᱞᱮᱫᱟ, ᱤᱧᱫᱚ ᱥᱮᱨᱮᱧ ᱠᱞᱟᱵ ᱨᱮᱧ ᱥᱮᱞᱮᱫ ᱟᱠᱟᱱᱟ ᱾
क्या आप मुझे बोलने की अनुमति दे सकते हैं?	ᱟᱢ ᱪᱮᱫ ᱤᱧ ᱨᱚᱲ ᱨᱮᱭᱟᱜ ᱫᱟᱣᱮᱢ ᱮᱢ ᱫᱟᱲᱮ ᱟᱹᱧᱟᱹ ?
कभी - कभी तो एक - दूसरे के साथ वक्‍त बिताना बहुत मुश्‍किल होता है ।	ᱥᱠᱤᱝ ᱨᱮᱭᱟᱜ ᱵᱤᱪᱟᱹᱨ ᱫᱚ ᱟᱹᱰᱤ ᱜᱮ ᱢᱟᱨᱮᱭᱟ - ᱜᱩᱯᱷᱟ ᱨᱮᱭᱟᱜ ᱪᱤᱛᱟᱹᱨ ᱠᱚ ᱫᱮᱠᱷᱟᱣ ᱠᱟᱛᱮ ᱥᱠᱤᱭᱟᱹᱨ ᱠᱚ ᱕᱐᱐᱐ ᱤᱥᱟ ᱯᱩᱭᱞᱩ ᱫᱷᱟᱹᱵᱤᱡ ᱨᱩᱣᱟᱹᱲ ᱦᱟᱹᱡᱩᱜᱼᱟ ᱠᱚ᱾
क्या यह ठीक होगा अगर दस्तावेज़ आपके लिए मेल कर रहे हैं?	ᱱᱚᱛᱷᱤ ᱠᱚ ᱟᱢ ᱴᱷᱮᱱ ᱵᱷᱮᱡᱟ ᱞᱮᱠᱷᱟᱱ ᱪᱮᱫ ᱵᱷᱟᱜᱮ ᱦᱩᱭᱩᱜᱼᱟ ?
मैं बुरी तरह से कुछ विश्राम समय की जरूरत है.	ᱤᱧ ᱟᱹᱰᱤ ᱟᱴᱽᱜᱮ ᱱᱟᱯᱟᱭ ᱚᱠᱛᱚᱧ ᱠᱷᱚᱡᱽ ᱠᱟᱱᱟ ᱾
इसके परिणामस्वरूप, दो मछलियाँ लुप्त हो गयी हैं, और दो अन्य जाति ख़तरे में हो गयी हैं, जिस में शुतुरमुग भी शामिल है ।	ᱛᱮᱞᱟ ᱞᱮᱠᱷᱟᱛᱮ, ᱵᱟᱨᱭᱟ ᱦᱟᱹᱠᱩ ᱡᱟᱹᱛᱤ ᱡᱤᱱ ᱵᱤᱞᱩᱯᱛ ᱮᱱᱟ ᱠᱤᱱ, ᱟᱨ ᱵᱟᱨᱭᱟ ᱠᱤᱱ ᱞᱤᱯᱛ ᱮᱱᱟ,‌ ᱡᱟᱦᱟᱸᱭ ᱨᱮ ᱫᱚ ᱦᱮᱢᱯᱵᱮᱠ ᱪᱟᱹᱵ ᱦᱚᱸ ᱛᱟᱦᱮᱸ ᱠᱟᱱᱟᱭ᱾
मुख्यतः निर्गमन २०: १४ और १ कुरिन्थियों ६: ९१० की आयतों पर आधारित, मसीहियों और एक पाप द्वारा व्यभिचार को अनैतिक माना जाता है ।	ᱵᱮᱵᱤᱪᱟᱹᱨ ᱫᱚ ᱤᱥᱟᱹᱭᱠᱩ ᱦᱚᱛᱮᱛᱮ ᱡᱟᱭᱡᱩᱜᱼᱡᱤᱭᱟᱹᱲ ᱟᱨ ᱢᱤᱫᱴᱟᱝ ᱠᱟᱹᱭ ᱞᱮᱠᱟᱛᱮᱠᱩ ᱢᱟᱱᱟᱣᱟ, ᱮᱛᱚᱦᱚᱯᱞᱮᱠᱟᱛᱮ ᱮᱠᱥᱚᱫᱚᱥ ᱒᱐ᱺ᱑᱔ ᱟᱨ ᱑ ᱠᱚᱨᱮᱱᱛᱷᱤᱭᱟᱹᱥ ᱖ᱺ᱙ᱺ᱑᱐ ᱨᱮᱭᱟᱜ ᱚᱱᱩᱪᱪᱷᱮᱫᱠᱩ ᱪᱮᱛᱟᱱ ᱴᱮᱦᱟᱰᱠᱟᱛᱮ ᱾
नहीं सर, अभी तक नहीं, क्योंकि हमने तुरंत इसका उपयोग करना बंद कर दिया.	ᱵᱟᱝ, ᱥᱮᱨ, ᱱᱤᱛ ᱦᱟᱹᱵᱤᱡ ᱛᱮᱫᱚ ᱵᱟᱝᱜᱮ ; ᱪᱮᱫᱟᱜ ᱥᱮ ᱟᱞᱮ ᱩᱥᱟᱹᱨᱟ ᱜᱮ ᱚᱱᱟ ᱵᱮᱣᱦᱟᱨ ᱞᱮ ᱵᱚᱱᱫᱚ ᱠᱮᱫᱟ ᱾
प्राचीन चीन में अलग - अलग समय की अवधियों को दिखाने का एक अनोखा तरीक़ा था; चीन या हर परिवार जो सत्ता में था वह एक विशिष्ट राजवंश था ।	ᱢᱟᱨᱮ ᱪᱤᱱ ᱴᱷᱮᱱ ᱮᱴᱟᱜ~ᱮᱴᱟᱜ ᱚᱠᱛᱚ ᱚᱣᱫᱷᱤ ᱫᱮᱠᱷᱟᱣ ᱞᱟᱹᱜᱤᱫ ᱢᱤᱫᱴᱟᱹᱝ ᱵᱤᱪᱤᱛ ᱛᱚᱨᱠᱟ ᱛᱟᱦᱮᱸ ᱠᱟᱱᱟ; ᱪᱤᱱ ᱨᱮᱭᱟᱜ ᱡᱷᱚᱛᱚ ᱫᱷᱟᱹᱨ ᱫᱷᱩᱨ ᱟᱨ ᱵᱟᱝ ᱡᱷᱚᱛᱚ ᱜᱷᱟᱨᱚᱸᱡᱽ ᱡᱟᱦᱟᱸᱭ ᱫᱚ ᱫᱟᱲᱮ ᱨᱮ ᱛᱟᱦᱮᱸ ᱠᱟᱱᱟ ᱠᱚ, ᱢᱤᱫᱴᱟᱹᱝ ᱵᱤᱥᱤᱥᱴ ᱨᱟᱡᱽᱵᱚᱝᱥ᱾
यह विभाग के उत्तर-पूर्व में स्थित है और इसका क्षेत्रफल इतना है।	ᱱᱚᱶᱟ ᱫᱚ ᱛᱷᱚᱱᱚᱛ ᱨᱮᱭᱟᱜ ᱩᱛᱛᱚᱨᱼᱯᱩᱨᱵᱚ ᱟᱨ ᱱᱚᱶᱟ ᱨᱮᱭᱟᱜ ᱢᱤᱫᱴᱟᱝ ᱴᱚᱴᱷᱟ ᱢᱮᱱᱟᱜᱼᱟ ᱾
चाँद की सतह पत्थरों और धूलि से बनी है; और चन्द्रमा की बाहरी परत को किनकों कहा जाता है।	ᱪᱟᱸᱫᱚᱣᱟᱜ ᱟᱲᱮ ᱪᱟᱴᱟᱱ ᱟᱨ ᱫᱷᱩᱲᱤ ᱛᱮ ᱵᱟᱱᱟᱣ ᱟᱠᱟᱱᱟ᱾ ᱪᱟᱸᱫᱚ ᱟᱜ ᱵᱟᱦᱨᱮ ᱞᱮᱭᱟᱨ ᱫᱚ ᱠᱨᱟᱥᱴ ᱠᱚ ᱢᱮᱛᱟᱣᱟᱜ ᱠᱟᱱᱟ᱾
कुछ लोग बहुत घिनौने होते हैं। उन्होंने गायक पर टमाटर फेंके क्योंकि वह अच्छा नहीं गा रहा था।	ᱠᱤᱪᱷᱩ ᱦᱚᱲ ᱫᱚ ᱟᱹᱰᱤᱠᱚ ᱦᱤᱨᱠᱷᱟᱹᱣᱟ ᱾ ᱜᱟᱭᱱᱟᱦᱟ ᱵᱷᱟᱜᱮ ᱵᱟᱭ ᱥᱮᱨᱮᱧ ᱠᱟᱱᱛᱮ ᱜᱟᱭᱱᱟᱦᱟ ᱥᱮᱡ ᱴᱚᱢᱮᱴᱳ ᱠᱚ ᱪᱟᱯᱟᱫᱟ ᱾
मैं अंदर आ सकता हूँ, साहब?	ᱤᱧ ᱵᱚᱞᱚᱫᱟᱲᱮᱭᱟᱜᱼᱟ, ᱢᱟᱪᱮᱫᱽᱜᱚᱝᱠᱮ ?
Ok, साहब, मुझे विवरण में अपनी शिकायत के बारे में बताओ.	ᱴᱷᱤᱠ ᱜᱮᱭᱟ, ᱥᱮᱨ, ᱟᱢᱟᱜ ᱞᱟᱹᱞᱤᱥ ᱯᱟᱥᱱᱟᱣᱛᱮ ᱞᱟᱹᱭᱟᱹᱧ ᱢᱮ ᱾
इसकी राजधानी, और विभाग का सब-प्रीफेक्चर, डोल शहर है।	ᱱᱚᱶᱟ ᱨᱮᱭᱟᱜ ᱨᱟᱡᱽᱜᱟᱲ ᱟᱨ ᱛᱷᱚᱱᱚᱛ ᱨᱮᱭᱟᱜ ᱪᱟᱸᱜᱟ ᱯᱨᱤᱯᱷᱮᱠᱪᱟᱨ ᱫᱚ ᱦᱩᱭᱩᱜ ᱠᱟᱱᱟ ᱰᱳᱞᱮ ᱥᱟᱦᱟᱨ ᱾
मेरे पास सत्तावन पानी हैं।	ᱤᱧ ᱴᱷᱮᱱ ᱢᱚᱬᱮ ᱜᱮᱞ ᱮᱭᱟᱭ ᱜᱚᱴᱟᱝ ᱫᱟᱜ ᱢᱮᱱᱟᱜᱼᱟ ᱠᱚᱣᱟ।
ᱟᱢᱟᱜ ᱥᱟᱹᱜᱩᱱ ᱫᱟᱨᱟᱢ	आपका स्वागत है
वे अभी भी यह निर्धारित करने की कोशिश कर रहे हैं कि यह कितना बड़ा था और पृथ्वी कैसे प्रभावित होगी ।	ᱩᱱᱠᱩ ᱱᱤᱛ ᱦᱟᱹᱵᱤᱡ ᱵᱩᱡᱷᱟᱹᱣ ᱨᱮᱭᱟᱜ ᱪᱮᱥᱴᱟ ᱮᱫᱟ ᱠᱚ ᱡᱮ ᱠᱨᱟᱥ ᱫᱚ ᱛᱤᱱᱟᱹᱜ ᱢᱟᱨᱟᱝ ᱛᱟᱦᱮᱸ ᱠᱟᱱᱟ ᱟᱨ ᱫᱷᱟᱹᱨᱛᱤ ᱫᱚ ᱪᱮᱫ ᱞᱮᱠᱟ ᱯᱨᱚᱵᱷᱟᱵᱚᱜᱼᱟI
फ्रांसीसी सैनिकों ने नागरिकों का कत्लेआम किया, लूटपाट की, और मस्जिदों तथा कब्रिस्तानों को नष्ट कर दिया।	ᱯᱷᱚᱨᱟᱥᱤ ᱯᱷᱟᱹᱫ ᱠᱚᱫᱚ ᱵᱷᱟᱹᱜᱤ ᱦᱚᱲ ᱠᱚᱦᱚᱸ ᱠᱚ ᱜᱚᱡ ᱠᱚᱣᱟ, ᱞᱩᱴ ᱠᱚᱣᱟ ᱟᱨ ᱢᱚᱥᱡᱤᱫ  ᱟᱨ ᱛᱚᱯᱟᱴᱷᱟᱣ ᱠᱚᱠᱚ ᱨᱟᱹᱯᱩᱫ ᱛᱟᱠᱚᱣᱟ ᱾
इन रिपोर्टों के आधार पर, BNL ने स्थानीय सीआई संख्या को पुकारने के द्वारा अपने स्वयं का पूछताछ की, यानी 0281000000000000000.	ᱱᱚᱶᱟ ᱨᱤᱯᱳᱨᱴ ᱨᱮ ᱴᱮᱸᱦᱟᱰ ᱠᱟᱛᱮᱜ, ᱵᱤᱮᱥᱮᱱᱮᱞ ᱫᱚ ᱥᱩᱯᱩᱨ ᱥᱤᱮᱞᱟᱭ ᱱᱚᱢᱵᱚᱨᱨᱮ, ᱢᱮᱱᱫᱚ ᱐᱒᱘᱑ ᱼ ᱓᱐᱔᱑᱐᱐᱐ ᱠᱚᱞ ᱠᱟᱛᱮᱜ ᱟᱡᱟᱜ ᱮ ᱛᱚᱞᱟᱥ ᱮᱫᱟ ᱾
अपने पिता के पदचिह्नों पर चलने और चिकित्सा में एक पेशा शुरू किया ।	ᱞᱤᱜᱤᱱᱥ ᱟᱡ ᱵᱟᱵᱟ ᱟᱜ ᱩᱫᱩᱜ ᱦᱚᱨ ᱛᱮ ᱪᱟᱞᱟᱣ ᱠᱟᱛᱮ ᱛᱤᱠᱤᱪᱷᱟᱹ ᱠᱮᱨᱤᱭᱟᱨ ᱨᱮᱭ ᱵᱚᱞᱚ ᱮᱱᱟ᱾
मुझे यह सुनने के लिए बहुत खेद है कि, मैं अपने परिवार की आशा है और आप सुरक्षित हैं.	ᱤᱧ ᱱᱚᱶᱟ ᱟᱸᱡᱚᱢ ᱠᱟᱛᱮ ᱟᱹᱰᱤ ᱵᱷᱟᱵᱱᱟᱧ ᱟᱹᱭᱠᱟᱹᱣ ᱮᱫᱟ, ᱤᱧ ᱟᱥᱟᱭᱮᱫᱟ ᱟᱢᱨᱮᱱ ᱜᱷᱟᱨᱚᱸᱡᱤᱭᱟᱹ ᱟᱨ ᱟᱢ ᱱᱤᱨᱟᱹᱭ ᱨᱮ ᱢᱮᱱᱟᱢᱟ ᱾
मेरे पास सात चिड़िया हैं।	ᱤᱧ ᱴᱷᱮᱱ ᱮᱭᱟᱭ ᱜᱚᱴᱟᱝ ᱪᱤᱲᱤᱡ ᱢᱮᱱᱟᱜᱼᱟ ᱠᱚᱣᱟ।
बालासोर ट्रेन दुर्घटना के बाद, मैं ट्रेन से यात्रा करने की संभावना से ही कांप उठता हूँ।	ᱵᱟᱞᱟᱥᱳᱨ ᱨᱮ ᱴᱨᱮᱱ ᱵᱮᱜᱷᱚᱴᱚᱱ ᱛᱟᱭᱚᱢ, ᱤᱧ ᱫᱚ ᱴᱨᱮᱱᱛᱮ ᱥᱟᱸᱜᱷᱟᱨ ᱨᱮᱭᱟᱜ ᱦᱩᱭ ᱫᱟᱲᱮᱭᱟᱱᱟᱜ ᱧᱮᱞ ᱠᱟᱛᱮᱧ ᱪᱚᱢᱠᱟᱣ ᱩᱛᱟᱹᱨᱞᱮᱱᱟ ᱾
आप अधिक जिम्मेदार क्यों नहीं हो सकते? आप हमेशा रात में शराब पीकर देर से घर आते हैं।	ᱟᱢ ᱫᱚ ᱪᱮᱫᱟᱜ ᱟᱨᱦᱚᱸ ᱡᱟᱹᱥᱛᱤ ᱫᱟᱹᱭᱤᱠ ᱟᱱ ᱵᱟᱢ ᱦᱩᱭ ᱫᱟᱲᱮᱭᱟᱜ ᱠᱟᱱᱟ ? ᱟᱢ ᱫᱚ ᱥᱟᱱᱟᱢ ᱚᱠᱛᱚ ᱦᱟᱹᱰᱤ ᱧᱩ ᱠᱟᱛᱮᱫ  ᱛᱟᱞᱟ ᱧᱤᱫᱟᱹ ᱚᱲᱟᱜᱮᱢ ᱨᱩᱣᱟᱹᱲᱟ ᱾
शुरू - शुरू में, सीएमप्पे ने वादा किया था कि एक व्यक्‍ति को मौत को रोकने में कोई फायदा नहीं होगा ।	ᱢᱤᱫ ᱟᱱᱴᱤᱵᱚᱰᱤ ᱠᱚᱠᱴᱮᱞ, ZMapp, ᱱᱚᱶᱟ ᱡᱟᱭᱜᱟ ᱞᱟᱹᱜᱤᱫ ᱱᱟᱯᱟᱭ ᱥᱟᱹᱵᱤᱛ ᱞᱮᱱᱟ, ᱢᱮᱱᱠᱷᱟᱱ ᱯᱟᱲᱦᱟᱣ ᱫᱚᱭ ᱩᱫᱩᱜᱮᱜ-ᱟ ᱡᱮ ᱦᱚᱲ ᱜᱩᱡᱩᱜ ᱟᱠᱚᱴ ᱞᱟᱹᱜᱤᱫ ᱱᱚᱶᱟ ᱵᱟᱭ ᱠᱟᱹᱢᱤ ᱠᱟᱱᱟ᱾
विशेष रूप से, यह दावा किया जाता है कि एक व्यक्‍ति पता लगा सकता है कि क्या एक व्यक्ति माइक्रोस्कोप से झूठ बोल रहा है या नहीं.	ᱵᱤᱥᱮᱥ ᱨᱩᱯ ᱛᱮ, ᱱᱟᱶᱟ ᱫᱟᱣᱟ ᱜᱮᱭᱟ ᱡᱮ ᱡᱟᱦᱟᱸᱭ ᱦᱚᱲ ᱥᱩᱠᱥᱚᱢ ᱚᱵᱷᱤᱵᱤᱭᱚᱠᱛᱤ ᱨᱮᱭᱟᱜ ᱴᱷᱤᱠ ᱵᱮᱠᱷᱭᱟ ᱠᱟᱨᱟᱣ ᱠᱟᱛᱮ ᱱᱟᱶᱟ ᱯᱟᱱᱛᱮ ᱫᱟᱲᱮᱭᱟᱜᱼᱟᱭ ᱡᱮ ᱡᱟᱦᱟᱸ ᱦᱚᱲ ᱥᱟᱹᱨᱤ ᱞᱟᱹᱭ ᱟᱭ ᱥᱮ ᱵᱟᱝᱟ᱾
मेरे पास बासठ चावल हैं।	ᱤᱧ ᱴᱷᱮᱱ ᱛᱩᱨᱩᱭ ᱜᱮᱞ ᱵᱟᱨ ᱜᱚᱴᱟᱝ ᱪᱟᱣᱞ ᱢᱮᱱᱟᱜᱼᱟ ᱠᱚᱣᱟ।
और वे वास्तव में आप एक छुट्टी में संक्रमण.	ᱟᱨ ᱩᱱᱠᱩᱫᱚ ᱟᱢ ᱢᱤᱫ ᱪᱷᱩᱴᱤ ᱨᱮᱠᱚ ᱵᱚᱫᱚᱞ ᱢᱮᱭᱟ ᱾
जनता की जाँच करनेवाले, किर स्टार क्यूसी ने इस सुबह नान और पाइस के सरकारी वकील की घोषणा की ।	ᱯᱟᱹᱵᱞᱤᱠ ᱯᱨᱚᱡᱮᱠᱭᱩᱥᱚᱱ ᱨᱤᱱᱤᱡ ᱰᱟᱭᱨᱮᱠᱴᱚᱨ‌, ᱠᱤᱭᱮᱨ ᱥᱴᱟᱨᱢᱟᱹᱨ ᱠᱤᱭᱩᱥᱤᱹᱥᱤᱹ ᱫᱚ ᱛᱮᱦᱮᱧ ᱥᱮᱛᱟᱜ ᱢᱤᱫ ᱠᱟᱛᱷᱟ ᱢᱮᱱ ᱠᱮᱜᱼᱟᱭ ᱡᱟᱦᱟᱸᱭ ᱨᱮ ᱦᱭᱩᱱ ᱟᱨ ᱯᱨᱟᱭᱤᱥ ᱵᱟᱨᱭᱟ ᱵᱤᱨᱩᱫ ᱨᱮ ᱢᱩᱠᱚᱫᱢᱟ ᱪᱟᱹᱞᱩ ᱨᱮᱭᱟᱜ ᱜᱷᱚᱥᱬᱟ ᱠᱮᱜᱼᱟ ᱠᱚ᱾
अपने आप को आराम से बनाने के लिए.	ᱟᱢᱛᱮ ᱡᱩᱛᱩᱜ ᱢᱮ ᱾
सुप्रभात, हर किसी को.	ᱥᱮᱛᱟᱜ ᱡᱚᱦᱟᱨ, ᱡᱚᱛᱚᱠᱩᱜᱤ ᱾
यह दुनिया में अत्यधिक मात्रा में पीड़ा का स्रोत है।	ᱱᱚᱣᱟ ᱫᱚ ᱫᱷᱟᱹᱨᱛᱤᱨᱮ ᱟᱭᱢᱟ ᱜᱟᱱ ᱫᱩᱠᱷᱼᱠᱚᱥᱴᱚ ᱨᱮᱭᱟᱜ ᱯᱷᱮᱰᱟᱛ ᱠᱟᱱᱟ ᱾
यात्रियों को सलाह दी जाती है कि वे अपने क्षेत्र को किसी भी यात्रा योजना से प्रभावित करने के ख़तरे के बारे में अवगत रहें ।	ᱫᱟᱬᱟ ᱠᱩᱜ ᱫᱚ ᱫᱨᱩᱰᱷᱛᱟᱹ ᱛᱮ ᱥᱚᱞᱟᱦ ᱮᱢᱟ ᱠᱚ ᱠᱟᱱᱟ ᱠᱚ ᱡᱮ ᱩᱱᱠᱩ ᱫᱚ ᱟᱠᱚ ᱡᱟᱭᱜᱟ ᱫᱚ ᱜᱚᱢᱵᱷᱤᱨ ᱦᱚᱭ ᱫᱟᱜ ᱨᱮᱭᱟᱜ ᱡᱟᱦᱟᱸ ᱡᱚᱠᱷᱤᱢ ᱠᱷᱚᱱ ᱪᱮᱛᱱᱟ ᱥᱟᱹᱦᱤᱡ ᱠᱚ ᱛᱟᱦᱮᱸᱱ ᱢᱟᱸ ᱪᱮᱫᱟᱜ ᱥᱮ ᱡᱟᱦᱟᱸ ᱡᱟᱭᱜᱟ ᱭᱚᱡᱽᱱᱟ ᱠᱚ ᱯᱨᱚᱵᱷᱟᱣᱤᱛ ᱮᱫ ᱠᱚᱣᱟᱭ᱾
कुछ खिलाड़ियों द्वारा अहंकार और घमंड का निरंतर प्रदर्शन घृणित है।	ᱠᱤᱪᱷᱩᱠ ᱠᱷᱮᱞᱳᱰᱤᱭᱟᱹ ᱠᱚ ᱫᱟᱨᱟᱭ ᱛᱮ ᱜᱚᱨᱚᱵ ᱟᱨ ᱞᱮᱛᱟᱲ ᱜᱚᱨᱚᱵ ᱫᱚ ᱦᱤᱨᱠᱟᱹᱭ ᱥᱚᱫᱚᱨᱟ ᱾
मुझे विश्वास नहीं हो रहा कि मेरे माता-पिता मुझे प्रभावित करने के लिए मेरे विश्वास का फायदा उठाएंगे। यह मेरी निजता का घोर उल्लंघन है।	ᱤᱧ ᱫᱚ ᱵᱟᱹᱧ ᱯᱟᱹᱛᱭᱟᱹᱣ ᱫᱟᱲᱮᱭᱟᱜᱼᱟ ᱡᱮ ᱤᱧᱨᱮᱱ ᱜᱚᱼᱵᱟᱵᱟ ᱤᱧᱟᱜ ᱯᱟᱹᱛᱭᱟᱹᱣ ᱵᱮᱣᱦᱟᱨ ᱠᱟᱛᱮᱫ ᱤᱧ ᱠᱤᱱ ᱵᱮᱵᱚᱦᱟᱨᱤᱧᱟ ᱾ ᱱᱚᱣᱟ ᱫᱚ ᱤᱧᱟᱜ ᱩᱠᱩᱛᱮᱱᱟᱜ ᱜᱟᱹᱦᱤᱨ ᱛᱮᱫ ᱵᱟᱹᱲᱤᱡ ᱜᱮ ᱠᱟᱱᱟ ᱾
इस कमरे में उनसठ कुर्सी हैं।	ᱱᱚᱶᱟ ᱚᱲᱟᱜ ᱨᱮ ᱢᱚᱬᱮ ᱜᱮᱞ ᱱᱟᱭ ᱜᱚᱴᱟᱝ ᱠᱩᱨᱥᱤ ᱢᱮᱱᱟᱜᱼᱟ ᱠᱚᱣᱟ।
हाल के दिनों में देखा गया है कि हमारे पास धन - दौलत और ऐशो - आराम की चीज़ें हैं ।	ᱱᱮᱦᱟᱹᱞᱤ ᱫᱤᱱ ᱠᱚᱨᱮ, ᱨᱩᱯᱤ ᱵᱚᱫᱚᱞ ᱨᱮᱭᱟᱜ ᱫᱚᱨ ᱟᱨ ᱟᱵᱚᱣᱟᱜ ᱵᱤᱞᱟᱹᱛᱤ ᱢᱩᱫᱨᱟ ᱥᱟᱧᱪᱟᱣ ᱨᱮᱭᱟᱜ ᱡᱚᱛᱷᱟᱛ ᱛᱮᱫ ᱤᱫᱤ ᱠᱟᱛᱮᱜ ᱵᱷᱤᱱᱟᱹ ᱵᱷᱤᱱᱟᱹ ᱫᱤᱥᱦᱩᱫᱤᱥ ᱢᱮᱱᱟᱜ ᱟ ᱾
यहाँ मुझे Adddiblith पाया मुझे उम्मीद है, और उसने मुझे एक प्रतिष्ठित अभिवादन दिया.	ᱱᱚᱸᱰᱮ ᱤᱧ ᱟᱵᱫᱩᱞ ᱜᱚᱱᱤ ᱥᱮᱴᱷ ᱤᱧ ᱞᱟᱹᱜᱤᱫ ᱛᱟᱹᱧᱜᱤᱧ ᱧᱟᱢᱠᱤᱫᱤᱭᱟ ᱟᱨ ᱩᱱᱤ ᱫᱚ ᱤᱧ ᱚᱱᱛᱚᱨ ᱯᱮᱨᱮᱡᱽ ᱜᱟᱹᱦᱤᱨ ᱥᱟᱨᱦᱟᱣᱽᱮ ᱵᱟᱰᱟᱭ ᱩᱪᱩᱠᱤᱫᱤᱧᱟ ᱾
यदि मामला वही रह जाता है तो फिर से आओ.	ᱟᱨᱦᱚᱸ ᱦᱤᱡᱩᱜ ᱡᱩᱫᱤ ᱮᱴᱠᱮᱴᱚᱸᱲᱮ ᱱᱚᱝᱠᱟᱜᱮ ᱛᱟᱦᱮᱸᱱ ᱠᱷᱟᱱ ᱾
हर बार जब मैं स्कूल में अपने सहपाठियों से भूत की कहानी सुनता, तो पहाड़ी के पार घर जाते समय अपने पीछे देखता था।	ᱡᱚᱠᱷᱚᱱ ᱜᱮ ᱤᱧ ᱵᱤᱨᱫᱟᱹᱜᱟᱲ ᱨᱮ ᱜᱟᱛᱮ ᱠᱚ ᱴᱷᱮᱱ ᱠᱷᱚᱱ ᱢᱤᱫᱴᱟᱝ ᱵᱷᱩᱛᱼᱟᱜ ᱠᱟᱹᱦᱤᱱᱤᱧ ᱟᱧᱡᱚᱢᱟ , ᱚᱱᱟ ᱛᱟᱭᱚᱢ ᱵᱩᱨᱩ ᱪᱮᱛᱟᱱ ᱛᱮ ᱚᱲᱟᱜ ᱪᱟᱞᱟᱣ ᱚᱠᱛᱚ ᱤᱧ ᱛᱟᱭᱚᱢ ᱥᱮᱫ ᱜᱤᱧ ᱠᱚᱭᱚᱜ ᱨᱩᱣᱟᱹᱲ ᱛᱟᱦᱮᱸ ᱾
चर्च के स्ट्रीट में सात ग्यारह रस की दुकान, को भी स्थानीय लोगों द्वारा "काउजाई" कहा जाता है, एक अच्छा लटका जगह है.	ᱪᱟᱨᱪ ᱥᱴᱨᱤᱴᱨᱮ ᱥᱮᱵᱷᱮᱱ ᱤᱞᱮᱵᱷᱮᱱ ᱥᱚᱨᱵᱚᱛ ᱨᱮᱭᱟᱜ ᱫᱚᱠᱟᱱ ᱫᱚ ᱢᱤᱫᱴᱟᱝ ᱵᱷᱟᱜᱤ ᱚᱠᱛᱚ ᱵᱤᱛᱟᱹᱣ ᱨᱮᱭᱟᱜ ᱡᱟᱭᱜᱟ, ᱡᱟᱦᱟᱸ ᱫᱚ ᱛᱷᱟᱹᱱᱤᱛ ᱦᱚᱲᱠᱩ "ᱡᱩᱥ ᱠᱚᱲᱟᱭ" ᱧᱩᱛᱩᱢᱛᱮ ᱦᱚᱸ ᱠᱩ ᱦᱚᱦᱚᱭᱟ ᱾
यदि आप नाश्ता नहीं करेंगे और तैरने जाएंगे तो ऐसा ही होगा। अगली बार यदि आप डूबना नहीं चाहते हैं तो समझदार बनें और कम से कम एक केला खाएं।	ᱟᱢ ᱫᱚ ᱡᱩᱫᱤ ᱥᱮᱛᱟᱜ ᱡᱚᱢᱟᱜ ᱵᱟᱢ ᱡᱚᱢ ᱟᱨ ᱯᱟᱭᱨᱟᱜ ᱮᱢ ᱪᱟᱞᱟᱜ ᱠᱷᱟᱱ ᱛᱚᱵᱮ ᱮᱠᱮᱱ ᱱᱚᱣᱟ ᱜᱮ ᱦᱩᱭᱩᱜᱼᱟ ᱾ ᱫᱚᱥᱟᱟᱨ ᱫᱷᱟᱣ ᱡᱩᱫᱤ ᱟᱢ ᱫᱤ ᱵᱟᱢ ᱩᱱᱩᱢᱚᱜᱮᱢ ᱢᱮᱱᱮᱫ ᱠᱷᱟᱱ ᱛᱚᱵᱮ ᱟᱹᱠᱤᱞᱟᱱ ᱦᱩᱭᱩᱜ ᱢᱮ ᱟᱨ ᱠᱚᱢ ᱥᱮ ᱠᱚᱢ ᱢᱤᱫᱴᱟᱝ ᱠᱟᱭᱨᱟ ᱡᱚᱢ ᱢᱮ ᱾
अरे नहीं! मैं आज प्रस्तुति (प्रेजेंटेशन) की तैयारी करना भूल गया।	ᱳᱦ ᱵᱟᱝ! ᱤᱧ ᱫᱚ ᱛᱮᱦᱮᱧ ᱩᱫᱩᱜ ᱥᱚᱫᱚᱨ ᱞᱟᱹᱜᱤᱫ ᱥᱟᱯᱲᱟᱜᱤᱧ ᱦᱟᱹᱲᱤᱧ ᱟᱠᱟᱫᱟ ᱾
नहीं, यह ऐंजीड और पोस्ट स्नातक स्तर के तहत तकनीकी और पेशेवर कोर्सों को कवर करेगा.	ᱵᱟᱝ, ᱟᱹᱠᱤᱞᱟᱵᱷᱨᱟᱱ ᱟᱨ ᱟᱹᱠᱤᱞᱢᱟᱹᱱ ᱞᱮᱵᱮᱞ ᱨᱮᱭᱟᱜᱽ ᱴᱮᱠᱱᱤᱠᱮᱞ ᱟᱨ ᱯᱨᱚᱯᱷᱮᱥᱚᱱᱟᱞ ᱠᱳᱨᱥᱠᱩᱭ ᱠᱚᱵᱷᱟᱨᱟ ᱾
यह बहुत अच्छा है, तो वह क्या जानना चाहता है?	ᱟᱹᱰᱤ ᱢᱚᱡᱽ, ᱟᱫᱚ ᱩᱱᱤ ᱫᱚ ᱪᱮᱫ ᱵᱟᱰᱟᱭ ᱥᱟᱱᱟᱭᱤᱫᱤᱠᱟᱱᱟ ?
शानदार! मुझे कभी उम्मीद नहीं थी कि फिल्म इस तरह खत्म होगी। मैं अगले भाग का बेसब्री से इंतजार कर रहा हूँ।	ᱟᱹᱰᱤ ᱱᱟᱯᱟᱭ! ᱪᱚᱞᱚᱛ ᱪᱤᱛᱟᱹᱨ ᱫᱚ ᱱᱚᱝᱠᱟ ᱞᱮᱠᱟᱛᱮ ᱢᱩᱪᱟᱹᱫᱚᱜᱼᱟ ᱚᱱᱟ ᱛᱤᱥᱦᱚᱸ ᱵᱟᱹᱧ ᱵᱷᱟᱹᱵᱤᱛ ᱟᱠᱟᱫᱟ ᱾ ᱛᱟᱭᱚᱢ ᱦᱤᱸᱥ ᱞᱟᱹᱜᱤᱫ ᱢᱟᱹᱦᱤᱨ ᱥᱟᱞᱟᱜᱤᱧ ᱛᱟᱹᱜᱤ ᱟᱠᱟᱫᱟ ᱾
अपनी टीम को खेल में दबदबा बनाते देखकर इसाबेला का चेहरा खुशी से चमक उठा।	ᱤᱥᱟᱵᱮᱞᱟᱜ ᱢᱩᱴᱷᱟᱹᱱ ᱫᱚ ᱨᱟᱹᱥᱠᱟᱹᱛᱮ ᱡᱷᱤᱞᱢᱤᱞᱟᱹᱣ ᱞᱮᱱᱟ ᱡᱚᱠᱷᱚᱱ ᱩᱱᱤ ᱟᱡ ᱨᱮᱱ ᱜᱟᱫᱮᱞ ᱠᱷᱮᱞᱳᱰ ᱨᱮ ᱟᱹᱭᱫᱟᱹᱨ ᱯᱟᱥᱱᱟᱣ ᱮ ᱧᱮᱞ ᱞᱮᱫ ᱠᱚᱣᱟ ᱾
महातमा गायया के आदर्श हर भारतीय में सबसे बड़ी भलाई के लिए एक अटल आत्म-विश्वास और बलिदान की आत्मा दी।	ᱥᱚᱛᱛᱟᱜᱨᱚᱦᱚ ᱪᱮᱛᱟᱱ ᱢᱟᱦᱟᱛᱢᱟ ᱜᱟᱱᱫᱷᱤᱭᱟᱜ ᱡᱩᱛᱷᱩᱨ ᱫᱚ ᱵᱟᱝ ᱦᱤᱨᱟᱹᱜᱽ ᱱᱤᱡ ᱯᱟᱹᱛᱭᱟᱹᱨ ᱟᱨ ᱢᱟᱨᱟᱝ ᱵᱷᱟᱜᱮᱭ ᱞᱟᱹᱜᱤᱫ ᱡᱤᱣᱤ ᱥᱚᱯᱨᱚᱫ ᱨᱮ ᱢᱤᱢᱤᱫᱽ ᱵᱷᱟᱨᱚᱛᱤᱭᱟᱹᱣᱟᱜ ᱢᱚᱱ ᱨᱮ ᱜᱟᱛᱷᱟᱣᱞᱣᱱᱟ ᱾
और उस दौड़ को जहाँ वह चौथे दिन समाप्त हुआ?	ᱟᱨ ᱫᱟᱹᱲᱛᱮ ᱚᱠᱟᱨᱮ ᱩᱱᱤ ᱯᱩᱱᱟᱜ ᱴᱷᱟᱶᱮ ᱦᱟᱢᱮᱴ ᱞᱮᱫᱟ ?
उनासी	ᱮᱭᱟᱭ ᱜᱮᱞ ᱱᱟᱭ
यहाँ के मैदान के पहाड़ों में शामिल हो रहे हैं, फिर sllsllson पहाड़ की 360 किलोमीटर की श्रृंखला बनाने के लिए।	ᱱᱚᱣᱟ ᱯᱨᱟᱭᱫᱤᱯ ᱨᱮᱭᱟᱜ ᱵᱩᱨᱩ ᱯᱟᱴᱟᱨ ᱨᱮ ᱢᱮᱱᱟᱜᱼᱟ, ᱫᱚᱦᱚᱲᱟ ᱢᱤᱱᱮᱥᱳᱴᱟ ᱜᱽᱞᱮᱥᱤᱭᱚᱨ ᱫᱟᱨᱟᱭ ᱛᱮ ᱣᱦᱟᱹᱴᱤᱧᱟᱠᱟᱱ ᱮᱞᱥᱣᱟᱨᱛᱷ ᱵᱩᱨᱩ ᱨᱮᱭᱟᱜ ᱓᱖᱐ ᱠᱤᱢᱤ ᱫᱷᱟᱨ ᱵᱮᱱᱟᱣ ᱞᱟᱹᱜᱤᱫ ᱫᱚᱦᱚᱲᱟ ᱨᱟᱠᱟᱵ ᱠᱟᱱᱟ᱾
यह महान है.	ᱟᱹᱰᱤ ᱵᱮᱥ ᱾
आपको यह दिखाने के लिए कहा जा सकता है कि एक बाजार में जाने से पहले या ट्रेनों से सफर करने से पहले, आप अपने वैक्सीन प्रमाणपत्र दिखा सकते हैं ।	ᱢᱤᱫᱴᱟᱝ ᱢᱚᱞᱨᱮ ᱵᱚᱞᱚᱜ ᱞᱟᱦᱟᱨᱮ ᱥᱮ ᱨᱤᱞᱜᱟᱹᱰᱤ ᱥᱮ ᱩᱰᱟᱹᱱᱜᱟᱹᱰᱤᱨ ᱛᱮ ᱪᱟᱞᱟᱜ ᱞᱟᱦᱟᱨᱮ ᱟᱢ ᱟᱢᱟᱜ ᱵᱷᱮᱠᱥᱤᱱ ᱥᱤᱫᱥᱟᱠᱟᱢ ᱩᱫᱩᱜᱽ ᱠᱚ ᱢᱮᱛᱟᱢᱟ ᱾
नमस्ते कौशल्या, तुम अभी तक घर क्यों नहीं गईं? क्या देर नहीं हो रही है?	ᱦᱟᱭ ᱠᱳᱥᱟᱞᱭᱟ, ᱟᱢ ᱫᱚ ᱱᱤᱛᱦᱚᱸ ᱚᱲᱟᱜ  ᱵᱟᱢ ᱪᱟᱞᱟᱣ ᱟᱠᱟᱱᱟ ᱪᱮᱫᱟᱜ ? ᱵᱟᱢ ᱵᱤᱞᱚᱢᱚᱜ ᱠᱟᱱᱟ ?
वास्तव में, वहाँ एक छह आदमी टैग टीम होगी घटना में जा रहा है.	ᱟᱥᱚᱞ ᱨᱮ ᱦᱮᱸ, ᱤᱵᱷᱮᱱᱴ ᱫᱚ ᱢᱤᱫ ᱛᱩᱨᱩᱭ ᱨᱟᱹᱥᱭᱟᱹᱼᱟᱱ ᱴᱮᱜ ᱴᱤᱢ ᱢᱮᱪ ᱦᱩᱭᱩᱜᱼᱟ ᱾
आखिरकार! मुझे खुशी है कि आप हमारी ओर से बात करने के लिए तैयार हैं (पेशेवर)।	ᱢᱩᱪᱟᱹᱫ ᱨᱮ ! ᱤᱧ ᱨᱟᱹᱥᱠᱟᱹᱧ ᱵᱩᱡᱷᱟᱹᱣ ᱮᱫᱟ ᱡᱮ ᱟᱢ ᱫᱚ ᱟᱞᱮ ᱯᱟᱦᱴᱟ ᱥᱮᱫ  ᱠᱟᱛᱷᱟ ᱞᱟᱹᱭ ᱮᱢ  ᱥᱟᱯᱲᱟᱣ ᱜᱮᱭᱟ (ᱡᱤᱯᱠᱟᱹᱣᱟᱱᱤᱡ) ᱾
तुम अभी व्यस्त हो?	ᱟᱢ ᱪᱮᱫ ᱱᱤᱛ ᱡᱚᱦᱚᱲ ᱢᱮᱱᱟᱢᱟ ?
एक ही सर्वर पर कई डीएनएस (DNS) ज़ोन मौजूद हो सकते हैं।	ᱢᱤᱫᱴᱟᱝ ᱥᱟᱨᱵᱷᱟᱨ ᱨᱮ ᱢᱤᱫᱴᱟᱝ ᱠᱷᱚᱱ ᱡᱟᱹᱥᱛᱤ ᱰᱤ ᱮᱱ ᱮᱥ ᱡᱳᱱ ᱛᱟᱦᱮᱸ ᱫᱟᱲᱮᱭᱟᱜᱼᱟ ᱾
जब मेरी सहेली का प्रेमी घुटनों के बल बैठ गया और उसने उसे प्रपोज किया तो उसका चेहरा लाल हो गया और आँखें फटी की फटी रह गईं।	ᱡᱚᱠᱷᱮᱡ ᱩᱱᱤᱭᱤᱡ ᱫᱩᱞᱟᱹᱲᱤᱭᱟᱹ ᱤᱠᱷᱲᱩᱢ ᱠᱟᱛᱮ ᱩᱱᱤ ᱠᱟᱛᱷᱟᱭ ᱮᱢᱟᱫᱮ ᱛᱟᱦᱮᱸ ᱩᱱᱫᱚ ᱤᱧᱨᱮᱱ ᱜᱟᱛᱮᱭᱟᱜ ᱢᱮᱸᱫᱦᱟ ᱟᱨᱟᱜ ᱞᱮᱱᱟ ᱟᱨ ᱢᱮᱫ ᱞᱩᱸᱰᱩ ᱞᱮᱱ ᱛᱟᱭᱟ
Merric 2020 दर्शन है विश्‍व सरकार के लंबे समय से पूर्वानुमान और नई मिलेनियम के पहले 20 साल तक उत्पादन के विकास के बारे में विचार.	ᱴᱩᱨᱤᱡᱚᱢ ᱒᱐᱒᱐ ᱵᱷᱤᱥᱚᱱ ᱫᱚ ᱡᱮᱜᱮᱫ ᱴᱩᱨᱤᱥᱡᱚᱢ ᱚᱨᱜᱟᱱᱟᱭᱡᱮᱥᱚᱱᱼᱟᱜ ᱡᱮᱞᱮᱧᱼᱚᱠᱛᱚ ᱞᱟᱹᱭᱞᱟᱦᱟ ᱠᱟᱛᱷᱟ ᱟᱨ ᱱᱟᱶᱟ ᱢᱤᱞᱞᱮᱱᱤᱭᱟᱢ ᱨᱮᱭᱟᱜ ᱯᱟᱹᱦᱤᱞ ᱒᱐ ᱥᱮᱨᱢᱟ ᱫᱷᱟᱹᱵᱤᱡ ᱴᱩᱨᱤᱡᱚᱢ ᱩᱛᱷᱱᱟᱹᱣ ᱨᱮᱭᱟᱜ ᱜᱚᱱᱚᱝᱥᱚᱝ ᱠᱟᱱᱟ ᱾
यह सोचकर मुझे दुख होता है कि जैसे-जैसे एआई अधिक व्यापक होगा, कितनी नौकरियाँ खत्म हो सकती हैं।	ᱮ ᱟᱭ ᱟᱨᱦᱚᱸ ᱯᱟᱥᱱᱟᱣ ᱞᱮᱱ ᱥᱟᱶ ᱥᱟᱶᱛᱮ ᱟᱫ ᱫᱟᱲᱮᱭᱟᱜᱼᱟ ᱱᱚᱝᱠᱟᱱ ᱪᱟᱹᱠᱨᱤ ᱠᱚ ᱵᱟᱵᱚᱫᱛᱮ ᱵᱷᱟᱹᱵᱤᱛ ᱠᱟᱛᱮᱫ ᱤᱧ ᱫᱩᱠᱷᱤᱧ ᱟᱴᱠᱟᱨᱮᱫᱟ ᱾
अधिकारी अनुमान लगाते हैं कि इस साइट पर गरमा - गरम ईंधन रखने के बरतन शायद फट गए हों और उनमें पानी आ रहा है ।	ᱟᱫᱷᱤᱠᱟᱨᱤ ᱠᱚᱣᱟᱜ ᱯᱟᱹᱛᱭᱟᱹᱣ ᱠᱟᱱᱟ ᱡᱮ ᱱᱚᱶᱟ ᱤᱝᱜᱤᱛ ᱮᱫᱟᱭ ᱦᱩᱭ ᱫᱟᱲᱮᱭᱟᱜᱼᱟ ᱡᱮ ᱥᱟᱭᱤᱴ ᱨᱮ ᱭᱩᱨᱮᱱᱤᱭᱟᱢ ᱤᱱᱫᱷᱟᱱ ᱫᱚᱦᱚ ᱟᱱᱟᱜ ᱠᱚᱱᱴᱮᱱᱚᱨ ᱚᱲᱮᱡ ᱮᱱᱟ ᱟᱨ ᱞᱤᱠ ᱦᱩᱭ ᱤᱫᱤ ᱠᱟᱱᱟ᱾
ऐनी की मृत्यु 16 मार्च 1485 को वेस्टमिंस्टर में तपेदिक (टीबी) से हुई थी।	ᱮᱹᱱ ᱫᱚ ᱑᱔᱘᱕ ᱥᱟᱞ ᱨᱮᱭᱟᱜ ᱑᱖ ᱢᱟᱨᱪ ᱳᱭᱮᱥᱴᱢᱤᱱᱥᱴᱟᱨᱮ ᱴᱤ ᱵᱷᱤ ᱟᱡᱟᱨ ᱛᱮᱭ ᱜᱚᱪ ᱞᱮᱱᱟ ᱾
अरे प्रणव, क्या तुम्हें पता था कि यह क्लब केवल पुरुषों (स्टैग एंट्री) को प्रवेश की अनुमति देता है? यानी प्रवेश करने के लिए हमें अपने साथी को लाने की आवश्यकता नहीं है!	ᱦᱮᱭ ᱯᱨᱚᱱᱚᱵ, ᱟᱢ ᱫᱚ ᱪᱮᱫ ᱵᱟᱰᱟᱭᱠᱟᱱ ᱛᱟᱦᱮᱠᱟᱱᱟᱢ ᱱᱚᱣᱟ ᱠᱞᱟᱵ ᱨᱮ ᱥᱴᱮᱜ ᱠᱚ ᱟᱫᱮᱨ ᱚᱪᱚᱜ ᱠᱟᱱ ᱛᱟᱦᱮᱸᱠᱟᱱᱟ ? ᱢᱚᱛᱞᱚᱵ ᱫᱚ ᱟᱵᱚᱨᱮᱱ ᱵᱷᱟᱹᱜᱤᱫᱟᱨᱠᱚ ᱵᱚᱞᱚᱱ ᱞᱟᱹᱜᱤᱫ ᱵᱟᱝ ᱟᱹᱜᱩ ᱠᱚ ᱦᱩᱭᱩᱜᱼᱟ !
रोमियनवाद की संस्कृति का एक बड़ा तत्व था, जो गोट्‌स, फौटे, और श्‍लेगॆल जैसे लेखकों से बनी थी ।	ᱨᱳᱢᱟᱱᱴᱤᱥᱤᱡᱤᱢ ᱨᱮ ᱞᱟᱠᱪᱟᱨ ᱴᱷᱟᱹᱣᱠᱟᱹᱭᱵᱟᱫᱽ ᱨᱮᱱᱟᱜ ᱢᱤᱫ ᱢᱟᱨᱟᱝ ᱛᱮᱛᱮᱛ ᱛᱟᱦᱮᱸ ᱠᱟᱱᱟ ᱡᱟᱦᱟᱸ ᱫᱚ ᱜᱳᱭᱛᱷᱮ , ᱯᱷᱤᱪ ᱟᱨ ᱮᱥᱠᱞᱮᱜᱮᱞ ᱞᱮᱠᱟᱱ ᱚᱱᱚᱞᱤᱭᱟᱹ ᱠᱚᱴᱷᱮᱱ ᱠᱷᱚᱱ ᱦᱟᱛᱟᱣ ᱦᱩᱭ ᱞᱮᱱᱟI
शास्त्रीय पुरातनता में, रोमन साम्राज्य भूमि के एक बड़े क्षेत्र को नियंत्रित करता था।	ᱫᱷᱨᱩᱯᱚᱫᱤ ᱫᱚ ᱥᱮᱫᱟᱭ ᱛᱮ, ᱨᱳᱢᱟᱱ ᱨᱟᱡᱽᱯᱚᱱᱚᱛ ᱨᱮᱭᱟᱜ ᱟᱹᱰᱤ ᱢᱟᱨᱟᱝ ᱴᱚᱴᱷᱟᱭ ᱥᱟᱢᱵᱲᱟᱣ ᱛᱟᱦᱮᱸ ᱾
किसी भी धार्मिक कर्तव्य के रूप में गैरकानूनी आधार का अर्थ है "सभी प्राणियों को देने या दया करने के योग्य नहीं, और न ही सभी प्राणियों को बचाने के लिए एक कर्तव्य से प्रेरित करने के लिए," लेकिन इस आत्मा की एक शुद्ध विकास, जो अपने ही आत्मिक विकास की ओर ले जाता है, जो कि अंत में एक को प्रभावित करता है।	ᱥᱟᱱᱟᱢ ᱠᱷᱚᱱ ᱫᱚᱨᱚᱢᱟᱱ ᱫᱟᱹᱭᱠᱟᱹ ᱞᱮᱠᱟᱛᱮ ᱵᱟᱝ ᱦᱤᱝᱥᱟᱹ ᱫᱷᱚᱨᱚᱢ ᱞᱮᱠᱟᱛᱮ ᱵᱩᱱᱤᱭᱟᱹᱫᱽ ᱠᱚ " ᱮᱢ ᱞᱮᱫᱟ ᱠᱷᱚᱱ ᱦᱟᱢᱮᱛ ᱥᱚᱫᱜᱩᱱ ᱵᱟᱝᱠᱷᱟᱱ ᱮᱴᱟᱜ ᱡᱤᱭᱟᱹᱞᱤ ᱢᱤᱢᱤᱫ ᱵᱟᱨᱟᱵᱟᱹᱨᱤ ᱟᱹᱭᱠᱟᱹᱣ ᱵᱟᱝᱠᱷᱟᱱ ᱥᱟᱱᱟᱢ ᱡᱤᱭᱟᱞᱤ ᱳᱭᱟᱨᱨᱮ ᱫᱟᱹᱭᱤᱠ ᱦᱚᱛᱮᱛᱮ ᱪᱟᱞᱟᱣ" ᱞᱮᱠᱟᱛᱮ ᱵᱟᱝ ᱵᱟᱝᱠᱷᱟᱱ "ᱞᱮᱛᱟᱲᱜᱮ ᱟᱛᱢᱟ ᱥᱟᱡᱟᱣ" ᱢᱩᱪᱟᱹᱫ ᱦᱟᱹᱵᱤᱡ ᱪᱷᱟᱲ ᱟᱨ ᱫᱚᱥᱟᱨ ᱡᱟᱱᱟᱢ ᱠᱷᱚᱱ ᱪᱷᱟᱲ ᱮ ᱮᱥᱮᱨ ᱠᱟᱛᱮ ᱟᱯᱱᱟᱨᱟᱜ ᱟᱫᱷᱟᱛᱢᱤᱠ ᱩᱛᱱᱟᱣ ᱠᱟᱹᱨᱤ ᱟᱛᱢᱟ ᱱᱤᱨᱟᱭ ᱞᱟᱹᱜᱤᱫ ᱡᱚᱠᱷᱟ ᱞᱮᱠᱟᱛᱮ ᱯᱷᱤᱫᱚᱞᱤ ᱞᱮᱫᱟᱠᱚ ᱠᱤᱪᱷᱩ ᱜᱟᱱ ᱡᱳᱱ ᱯᱚᱱᱰᱤᱛ᱾
कोई ओट्स और दही को क्यों मिलाएगा? इसका स्वाद बहुत घिनौना होता है।	ᱪᱮᱫᱟᱜ ᱡᱟᱦᱟᱸᱭ ᱦᱚᱲ ᱳᱴᱥ ᱟᱨ ᱫᱚᱭ ᱠᱚ ᱢᱮᱥᱟᱭᱟ ? ᱱᱚᱶᱟ ᱫᱚ ᱟᱹᱰᱤ ᱵᱟᱹᱲᱤᱡ ᱥᱮᱵᱮᱞ ᱾
यह एक अच्छा हित योजना है नियंत्रणहीन द्वारा.	ᱱᱚᱶᱟ ᱫᱚ ᱥᱚᱨᱠᱟᱨ ᱟᱜ ᱵᱷᱟᱜᱮ ᱯᱟᱱᱛᱷᱟ ᱠᱟᱱᱟ ᱾
रेलवे स्टेशन कहां है?	ᱴᱨᱮᱱ ᱥᱴᱮᱥᱚᱱ ᱚᱠᱟᱨᱮ ᱢᱮᱱᱟᱜᱼᱟ?
उन्होंने कहा कि उड़ान के रूप में भी जाना जाता है!	ᱩᱱᱤᱫᱚ ᱩᱰᱟᱹᱜ ᱥᱤᱠᱷ ᱢᱮᱱᱛᱮ ᱦᱚᱸᱭ ᱩᱨᱩᱢᱚᱜᱼᱟ !
Gia का यह हिस्सा एक भारी दर्शन में पराकाष्ठा पर आ जाता है : Mujuunda अपने सुपरप्रा रूप को देखने की अनुमति देता है, वो वर्मा के दिल में आतंक मचा देता है.	ᱜᱤᱛᱟ ᱨᱮᱭᱟᱜ ᱱᱤᱭᱟᱹ ᱦᱤᱸᱥ ᱢᱤᱫᱴᱟᱝ ᱵᱟᱝ ᱟᱴᱚᱜᱚᱜᱽ ᱧᱮᱞᱛᱮ ᱢᱩᱪᱟᱹᱫᱚᱜᱽ ᱠᱟᱱᱟᱺ ᱠᱨᱤᱥᱱᱚ ᱫᱚ ᱟᱭᱟᱜ ᱵᱟᱝ ᱥᱟᱹᱨᱤᱭᱟᱜ ᱯᱷᱚᱨᱢ ᱵᱤᱥᱥᱚᱨᱩᱯᱼᱮ ᱩᱫᱩᱜᱟᱭᱟ, ᱡᱟᱦᱟᱹ ᱫᱚ ᱚᱨᱡᱩᱱᱟᱜ ᱢᱚᱱᱨᱮ ᱵᱚᱛᱚᱨᱮ ᱥᱤᱨᱡᱟᱹᱣᱟ ᱾
हम चेन्नेई में आधारित एक अंतर्राष्ट्रीय शानदार ब्रांड रहे हैं.	ᱟᱞᱮ ᱫᱚ ᱪᱮᱱᱱᱟᱭ ᱨᱮᱱ ᱡᱮᱜᱮᱫ ᱡᱟᱠᱟᱛ ᱵᱤᱞᱟᱥᱵᱚᱦᱩᱞ ᱵᱨᱮᱱᱰ
नहीं, वास्तव में, मैं खेलों से मोरिंग में अधिक रुचि रखता हूँ.	ᱵᱟᱝ, ᱤᱧᱫᱚ ᱥᱟᱨᱤᱭᱟᱜ ᱨᱮ ᱠᱦᱮᱞᱚᱸᱰ ᱠᱷᱚᱱ ᱵᱟᱭᱤᱠ ᱪᱟᱞᱟᱣ ᱨᱮ ᱵᱟᱹᱲᱛᱤ ᱜᱚᱨᱚᱡᱽ ᱢᱮᱱᱟᱜ ᱛᱤᱧᱟ ᱾
यह तथ्य केवल उसकी क्षमता और चरित्र का अनुमान बनाने के लिए काफ़ी है ।	ᱱᱚᱶᱟ ᱜᱷᱚᱴᱚᱱᱟᱜᱮ ᱟᱭᱟᱜ ᱠᱷᱚᱢᱚᱛᱟ ᱟᱨ ᱪᱩᱨᱤᱛ ᱚᱱᱩᱢᱟᱱ ᱞᱟᱜᱤᱫ ᱡᱚᱛᱮᱥᱴᱚᱣᱟ ᱾
इस बात और उनके खराब स्वास्थ्य के कारण उन्हें प्रधानमंत्री पद से इस्तीफा देना पड़ा।	ᱱᱚᱶᱟ ᱫᱚ ᱟᱨ ᱟᱡᱟᱜ ᱥᱟᱣᱟᱨ ᱟᱡᱟᱜ ᱢᱟᱨᱟᱝ ᱢᱚᱱᱛᱨᱤᱭᱟ ᱦᱩᱫᱟᱹ ᱠᱷᱚᱱ ᱦᱩᱫᱟᱹ ᱟᱲᱟᱜ ᱜᱤᱰᱤ ᱨᱮᱭᱟᱜ ᱰᱟᱦᱟᱨ ᱥᱮᱫ ᱮ ᱮᱫᱤᱭᱮᱭᱟ ᱾
मुझे पता है कि यह एक अचानक आया फोन है, लेकिन मेरे पास नवीनतम सीएसके मैच के टिकट हैं। क्या आप चलना चाहेंगे?	ᱤᱧᱤᱧ ᱵᱟᱰᱟᱭ ᱟᱠᱟᱫᱟ ᱡᱮ ᱱᱚᱣᱟ ᱫᱚ ᱢᱤᱫᱴᱟᱝ ᱴᱟᱴᱠᱟ ᱠᱚᱞ, ᱢᱮᱱᱠᱷᱟᱱ ᱤᱧ ᱴᱷᱮᱱ ᱥᱤ ᱮᱥ ᱠᱮ ᱨᱮᱭᱟᱜ ᱢᱩᱪᱟᱹᱫ ᱨᱮᱭᱟᱜ ᱠᱷᱮᱞ ᱨᱮᱭᱟᱜ ᱴᱤᱠᱤᱴ ᱢᱮᱱᱟᱜᱼᱟ ᱾ ᱟᱢ ᱪᱮᱫ ᱪᱟᱞᱟᱜ ᱮᱢ ᱠᱷᱚᱡ ᱠᱟᱱᱟ ?
कार्तिक ने डरते हुए अपने शक्तिशाली कुश्ती प्रतिद्वंद्वी को देखा।	ᱠᱟᱨᱛᱤᱠ ᱵᱚᱛᱚᱨ ᱥᱟᱞᱟᱜ ᱟᱡᱟᱜ ᱫᱟᱲᱮᱹᱣᱟᱱ ᱠᱩᱥᱛᱤ ᱵᱤᱨᱩᱫᱤᱭᱟᱹ  ᱥᱮᱫ ᱮ ᱠᱚᱭᱚᱜ ᱠᱮᱫᱟ ᱾
परमाणु बम मैनहट्टन प्रोजेक्ट के जरिए बनाए गए थे।	ᱢᱮᱱᱦᱟᱴᱚᱱ ᱯᱟᱱᱛᱷᱟ ᱛᱟᱞᱟᱛᱮ ᱯᱟᱨᱚᱢᱟᱱᱚᱵᱤᱠ ᱵᱳᱢᱟ ᱵᱮᱱᱟᱣ ᱦᱩᱭ ᱞᱮᱱᱟ ᱾
बच्चों को कभी ऐसे माहौल में पले - बढ़े नहीं होना चाहिए, जहाँ उन्हें कसरत, परवाह और शिक्षा नहीं करनी चाहिए ।	ᱚᱠᱚᱭ ᱜᱤᱫᱽᱨᱟᱹ ᱦᱚ ᱸ ᱱᱚᱠᱟ ᱥᱟᱪᱟᱨᱦᱮ ᱨᱨᱮ ᱵᱟᱝ ᱦᱟᱨᱟᱜ ᱞᱟᱹᱠᱛᱤ ᱡᱟᱦᱟᱸ ᱫᱚ ᱯᱚᱥᱚᱬ, ᱧᱮᱞᱠᱚ ᱟᱨ ᱥᱮᱪᱮᱫ ᱵᱟᱭ ᱧᱟᱢᱮᱫᱼᱟ, ᱢᱮᱱᱠᱷᱟᱱ ᱩᱱᱠᱩ ᱠᱚᱨᱟᱣ ᱜᱮᱭᱟ ᱠᱚ᱾
मुझे बहुत गुस्सा आ रहा है और लेखक ने इस हिस्से के बारे में जो उल्लेख किया है वह मुझे बिल्कुल पसंद नहीं आया।	ᱤᱧ ᱫᱚ ᱟᱹᱰᱤᱧ ᱨᱟᱸᱜᱟᱣ ᱟᱠᱟᱱᱟ ᱟᱨ ᱚᱱᱚᱞᱤᱭᱟᱹ ᱱᱚᱣᱟ ᱦᱤᱸᱥ ᱵᱟᱵᱚᱫᱛᱮ ᱡᱟᱦᱟᱭ ᱚᱞᱟᱠᱟᱫᱟ ᱚᱱᱟ ᱵᱟᱹᱧ ᱠᱩᱥᱤᱭᱟᱜᱼᱟ ᱾
आप खुद को चोट पहुँचाने से डरते हैं, यही कारण है कि आप अपनी पूरी क्षमता से नहीं खेल रहे हैं (कोच का फुटबॉल खिलाड़ी से कहना)।	ᱟᱢ ᱱᱤᱡᱮ ᱵᱟᱡᱟᱣᱮᱢ ᱵᱚᱛᱚᱨᱟᱜᱼᱟ ᱡᱟᱦᱟᱸ ᱠᱷᱟᱹᱛᱤᱨᱛᱮ ᱟᱢ ᱟᱢᱟᱜ ᱯᱩᱨᱟᱹᱣ ᱫᱟᱲᱮ ᱞᱮᱠᱟᱛᱮ ᱵᱟᱢ ᱠᱷᱮᱞᱚᱰ ᱠᱟᱱᱟ ( ᱯᱷᱩᱴᱵᱚᱞ ᱠᱷᱮᱞᱳᱰ ᱞᱟᱹᱜᱤᱫ ᱠᱳᱪ) ᱾
मैं बस देख रहा हूँ	ᱤᱧ ᱫᱚ ᱱᱤᱛ ᱜᱮ ᱠᱚᱭᱚᱜ ᱠᱟᱱᱟᱹᱧ
उन्हें इंग्लैंड का अगला राजा बनना था।	ᱤᱝᱞᱮᱹᱱᱰ ᱨᱮ ᱟᱡᱟᱜ ᱛᱟᱭᱚᱢ ᱫᱟᱨᱟᱢ ᱨᱟᱡᱟ ᱦᱩᱭᱩᱜ ᱨᱮᱭᱟᱜ ᱠᱟᱛᱷᱟ ᱛᱟᱦᱮᱸ ᱠᱟᱱᱟ ᱾
क्या मैं वाकई दो सप्ताह में फिर से चल पाऊँगा?	ᱤᱧ ᱫᱚ ᱪᱮᱫ ᱥᱟᱹᱨᱤᱜᱮ ᱵᱟᱨ ᱦᱟᱯᱛᱟ ᱢᱩᱫᱨᱮ ᱟᱨᱦᱚᱸᱧ ᱛᱟᱲᱟᱢ ᱫᱟᱲᱮᱭᱟᱜᱼᱟ ?
डॉ M - टाइटेरियन राज्य में, डॉ. ब्बल बालभिकन, 29 ब्लू अशी, ओहायो के एक उपनगर में पाया गया था, जो लगभग 15 मील उत्तर की दूरी पर है एक T-दूसरे रास्ते के किनारे सड़क पर और एक बहुत ही तंग हवादार राज्य में.	ᱰᱨ. ᱢᱟᱞᱟᱨ ᱵᱟᱞᱟᱥᱩᱵᱨᱚᱢᱟᱱᱤᱭᱟᱱ, ᱒᱙, ᱵᱞᱩ ᱮᱥ, ᱚᱦᱤᱭᱳ ᱨᱮᱭ ᱧᱟᱢ ᱞᱮᱱᱟ, ᱡᱟᱦᱟᱸ ᱫᱚ ᱥᱤᱱᱥᱤᱱᱟᱴᱤ ᱨᱮᱭᱟᱜ ᱠᱚᱸᱭᱮ ᱨᱮ ᱟᱢᱫᱟᱡᱽ ᱑᱕ ᱢᱟᱭᱤᱞ ᱠᱚᱸᱭᱮ ᱨᱮ ᱢᱮᱱᱟᱜ ᱢᱤᱫ ᱩᱯᱚᱥᱚᱦᱚᱨ ᱠᱟᱱᱟ, ᱢᱤᱫ ᱴᱤᱼᱥᱟᱨᱴ ᱟᱨ ᱟᱱᱰᱟᱨᱣᱮᱨ ᱛᱮ ᱦᱚᱨ ᱟᱲᱮ ᱨᱮᱭ ᱜᱤᱛᱤᱡ ᱟᱠᱟᱱ ᱛᱟᱦᱮᱸᱱᱟ ᱡᱟᱦᱟᱸᱭ ᱫᱚ ᱮᱠᱟᱞ ᱛᱮ ᱟᱹᱰᱤ ᱨᱟᱱᱟᱱ ᱚᱵᱚᱥᱛᱷᱟ ᱨᱮᱭ ᱛᱟᱦᱮᱸ ᱠᱟᱱᱟ᱾
हालाँकि, उन्होंने एंडरसन गैलरीज और अन्य में प्रदर्शनियों में भाग लिया।	ᱡᱟᱸᱦᱟᱭᱮᱱ ᱜᱮ ᱩᱱᱤ ᱫᱚ ᱮᱹᱱᱰᱟᱨᱥᱚᱱ ᱜᱮᱹᱞᱟᱨᱤ ᱟᱨ ᱮᱴᱟᱜ ᱮᱴᱟᱜ ᱩᱫᱩᱜ ᱥᱚᱫᱚᱨ ᱨᱮ ᱫᱟᱣ ᱮ ᱦᱟᱛᱟᱣ ᱞᱮᱫᱟ ᱾
उम्र सिर्फ एक संख्या है। मैं हमेशा युवा महसूस करता हूँ।	ᱩᱢᱮᱨ ᱫᱚ ᱢᱤᱫᱴᱟᱝ ᱮᱞᱮᱠ ᱥᱩᱢᱩᱝ ᱠᱟᱱᱟ ᱾ ᱤᱧ ᱥᱟᱱᱟᱢ ᱚᱠᱛᱮ ᱡᱩᱶᱟᱱᱤᱧ ᱟᱴᱠᱟᱨᱟ ᱾
क्या बच्चों के लिए शास्त्रीय संगीत का अध्ययन करना लाभदायक है?	ᱞᱮᱴᱠᱟ ᱠᱚ ᱞᱟᱹᱜᱤᱫ ᱥᱟᱥᱛᱚᱨ ᱥᱮᱹᱨᱮᱹᱧ ᱯᱚᱲᱦᱚᱱ ᱫᱚ ᱪᱮᱫ ᱩᱯᱠᱟᱹᱨ ᱨᱮᱭᱟᱜ ?
आज सुबह मेरा उठने का मन नहीं कर रहा है।	ᱛᱮᱦᱮᱧ ᱥᱮᱛᱟᱜ ᱨᱮ ᱵᱮᱨᱮᱫ ᱵᱟᱝ ᱥᱟᱱᱟᱧ ᱠᱟᱱᱟ ᱾
पूर्व और डाक-शोथ के लिए लोन और पोस्ट-विंग गतिविधियों के कवर, वेडिंग, कटनी, छंटना, अपने ही खेत का उत्पादन और परिवहन।	ᱯᱷᱚᱥᱚᱞᱼᱜᱮᱛ ᱞᱟᱦᱟ ᱟᱨ ᱯᱷᱚᱥᱚᱞᱼᱜᱮᱛ ᱛᱟᱭᱚᱢ ᱨᱮᱭᱟᱜ ᱠᱟᱹᱢᱤ ᱦᱚᱨᱟ ᱠᱩ ᱞᱟᱹᱜᱤᱫ ᱞᱳᱱ ᱫᱚ ᱥᱯᱨᱮ, ᱦᱮᱲᱦᱮᱛ, ᱜᱮᱛ, ᱵᱟᱪᱷᱟᱣ, ᱜᱨᱮᱰᱤᱝ ᱟᱨ ᱩᱱᱠᱩᱣᱟᱜ ᱱᱤᱡᱟᱹ ᱠᱷᱟᱹᱨᱟᱹᱭ ᱨᱮᱭᱟᱜ ᱫᱩᱨᱤᱵ ᱥᱟᱜᱟᱲᱚᱢ ᱠᱩᱭ ᱟᱱᱴᱟᱣᱮᱛ ᱠᱟᱱᱟ ᱾
क्षमा करें	ᱤᱠᱟᱹ ᱠᱟᱹᱧ ᱢᱮ
यह एक विशिष्ट वर्ग था जो मध्य युग में उभरा था।	ᱱᱚᱶᱟ ᱫᱚ ᱢᱤᱫᱴᱟᱝ ᱨᱤᱦᱤᱴ ᱛᱷᱟᱨ ᱡᱟᱸᱦᱟᱫᱚ ᱛᱟᱞᱟᱡᱩᱜ ᱨᱮ ᱥᱤᱨᱡᱟᱹᱣ ᱞᱮᱱᱟ ᱾
क्या तुम सेना के मैदान से परिचित हो?	ᱟᱢ ᱫᱚ ᱪᱮᱫᱽ ᱦᱳᱥᱴᱮᱞ ᱨᱮᱭᱟᱜ ᱦᱩᱫᱤᱥᱴᱷᱤᱠᱟᱹᱱᱟ ᱵᱟᱵᱚᱫᱽᱮᱢ ᱵᱟᱰᱟᱭᱟ ?
800 से अधिक गाँव, विशेष रूप से पहाड़ों में, पूरी तरह से नष्ट हो गए थे।	᱘᱐᱐ ᱜᱚᱴᱟᱝ ᱠᱷᱚᱱ ᱦᱚᱸ ᱡᱟᱹᱥᱛᱤ ᱟᱹᱛᱩ, ᱠᱷᱟᱥ ᱠᱟᱨᱛᱮ ᱵᱩᱨᱩ ᱨᱮ ᱯᱩᱨᱟᱹᱯᱩᱨᱤ ᱨᱟᱹᱯᱩᱫ ᱟᱠᱟᱱᱟ ᱾
यह तुलनात्मक रूप से इससे की जाती है, लेकिन आम तौर पर एक अचूक शैली का प्रयोग ऐसे लोगों के साथ नहीं किया जाता जो घाटी के दूर - दराज़ इलाकों में काम करते थे और बहुत ही सख़्त कपड़े और जूते पहनते थे ।	ᱱᱚᱶᱟ ᱡᱩᱲᱟᱹᱣ ᱢᱮᱱᱟᱜᱼᱟ, ᱦᱮᱞᱮ ᱚᱝᱠᱟ ᱜᱮ ᱚᱞᱯᱟᱭᱤᱱ ᱥᱚᱭᱲᱤ ᱥᱠᱤ ᱴᱩᱨᱤᱝ ᱟᱨ ᱵᱟᱝ ᱯᱚᱨᱣᱚᱛᱨᱚᱦᱤ, ᱛᱟᱭᱚᱢ ᱤᱞᱟᱹᱠᱟᱹ ᱞᱟᱹᱜᱤᱫ ᱪᱟᱞᱟᱣ ᱠᱟᱱ ᱦᱚᱲ ᱠᱚ ᱞᱟᱹᱜᱤᱫ ᱫᱚ ᱵᱟᱝ ᱠᱚᱨᱟᱣ ᱦᱩᱭᱩᱜ ᱠᱟᱱᱟ ᱟᱨ ᱟᱹᱰᱤ ᱟᱸᱴ ᱥᱠᱤ ᱟᱨ ᱡᱩᱛᱟᱹ ᱨᱮᱭᱟᱜ ᱫᱚᱨᱡᱟᱨ ᱯᱟᱲᱟᱣᱜ ᱠᱟᱱᱟ᱾
इस प्रकार, हमारे केंद्रित बदलाव उस समय के बारे में पता लगाने की इच्छा से हैं... ... तथाकथित सामाजिक या राजनीतिक शब्दों में, समय देखने के लिए एक इच्छा।	ᱱᱚᱝᱠᱟ ᱞᱮᱠᱟᱛᱮ, ᱟᱞᱮᱭᱟᱜ ᱱᱚᱡᱚᱨ ᱜᱟᱢᱟᱢ ᱫᱚ ᱥᱟᱸᱣᱛᱟᱼᱠᱟᱹᱣᱰᱤ ᱟᱹᱨᱤᱭᱟᱱ ᱥᱮ ᱨᱟᱡ ᱟᱹᱨᱤᱭᱟᱱ ᱞᱟᱜᱟᱭᱛᱮ ᱡᱟᱦᱟᱸ ᱚᱠᱛᱮ ᱠᱩ ᱞᱟᱹᱭᱮᱛ ᱠᱟᱱᱟ ᱚᱱᱟ ᱵᱟᱰᱟᱭ ᱨᱮᱭᱟᱜ ᱥᱟᱱᱟ ᱠᱷᱚᱱ, ᱚᱠᱛᱮ ᱫᱚ (ᱯᱚᱨᱤᱪᱪᱷᱚᱫ ᱟᱨ ᱥᱟᱡᱼᱜᱩᱡ ᱨᱮ) ᱧᱮᱞ ᱥᱟᱱᱟ ᱥᱮᱡ ᱪᱟᱞᱜᱼᱟ ᱾
वयस्कों के लिए प्रविष्टि फीस क्या है?	ᱥᱮᱱᱲᱟ ᱦᱚᱲ ᱠᱚ ᱞᱟᱹᱜᱤᱫ ᱵᱚᱞᱚᱜ ᱜᱚᱱᱚᱝ ᱫᱚ ᱛᱤᱱᱟᱹᱜ ᱠᱟᱱᱟ ?
जैसे उनके दिनों में प्रकाश प्रदूषण था वह आज की समस्या नहीं थी, वे आम तौर पर शहरों या बाज़ार में रहते हैं, जो आधुनिक समय में बनाए गए लोगों से ज़्यादा आसान हैं ।	ᱛᱮᱦᱮᱧ ᱞᱮᱠᱟ ᱟᱠᱚᱣᱟᱜ ᱫᱤᱱ ᱨᱮ ᱢᱟᱨᱥᱟᱞ ᱯᱚᱞᱩᱥᱚᱱ ᱫᱚ ᱮᱴᱠᱮᱴᱚᱬᱮ ᱵᱟᱭ ᱛᱟᱦᱮᱸᱠᱟᱱᱟ, ᱚᱱᱟᱠᱚ ᱫᱚ ᱫᱚ ᱵᱟᱡᱟᱨ ᱨᱮ ᱢᱮᱱᱟᱜᱼᱟ ᱟᱨᱵᱟᱝ ᱠᱮᱢᱯᱚᱥ,ᱱᱮᱛᱟᱨ ᱚᱠᱛᱚ ᱵᱮᱱᱟᱣ ᱟᱠᱟᱱᱟᱜ ᱟᱞᱜᱟ ᱛᱮ ᱥᱮᱴᱮᱨ ᱜᱟᱱᱚᱜᱼᱟ᱾
मेरे पास दस किताब हैं।	ᱤᱧ ᱴᱷᱮᱱ ᱜᱮᱞ ᱜᱚᱴᱟᱝ ᱯᱚᱛᱚᱢ ᱢᱮᱱᱟᱜᱼᱟ ᱠᱚᱣᱟ।
कहा जाता है कि ऑस्ट्रिया की ऐनी की मृत्यु एक कॉन्वेंट में स्तन कैंसर से हुई थी।	ᱞᱟᱹᱭ ᱦᱩᱭ ᱟᱠᱟᱱᱟ ᱡᱮ ᱚᱥᱴᱨᱤᱭᱟ ᱨᱮᱱ ᱮᱹᱱ ᱫᱚ ᱢᱤᱫᱴᱟᱝ ᱠᱚᱱᱵᱷᱮᱱᱴ ᱨᱮ ᱱᱩᱱᱩ ᱠᱮᱱᱥᱟᱨ ᱛᱮᱭ ᱜᱚᱪ ᱟᱠᱟᱱᱟ ᱾
शीत युद्ध और उसके बाद क्रिप्टएनालिसिस में कंप्यूटर मुख्य साधन थे।	ᱠᱳᱞᱰ ᱳᱣᱟᱨ ᱟᱨ ᱚᱱᱟ ᱛᱟᱭᱚᱢ ᱨᱮ ᱠᱨᱤᱯᱴᱟᱱᱟᱞᱟᱭᱥᱤᱥ ᱨᱮᱭᱟᱜ ᱢᱩᱲᱩᱫ ᱦᱟᱹᱛᱤᱭᱟᱹᱨ ᱞᱮᱠᱟᱛᱮ ᱫᱚ ᱠᱚᱢᱯᱤᱭᱩᱴᱟᱨ ᱜᱮ ᱛᱟᱦᱮᱸᱠᱟᱱᱟ ᱾
उन्होंने 1969 में पेरू की कम्युनिस्ट पार्टी - शाइनिंग पाथ की स्थापना की।	ᱩᱱᱤ ᱫᱚ ᱑᱙᱖᱙ ᱥᱟᱞ ᱨᱮ ᱯᱮᱨᱩ ᱨᱮᱭᱟᱜ ᱠᱚᱢᱤᱣᱩᱱᱤᱥᱴ ᱯᱟᱨᱴᱤ ᱥᱟᱭᱱᱤᱝ ᱯᱟᱛᱷ ᱮ ᱵᱮᱱᱟᱣ ᱞᱮᱫᱟ ᱾
शुभकामनाएँ	ᱟᱭᱢᱟ ᱥᱟᱨᱦᱟᱣ
मैं ट्रेनों और उड़ानों के लिए बहुत ही इस्तेमाल किया जाता हूँ ।	ᱤᱧᱫᱚ ᱨᱤᱞᱜᱟᱹᱰᱤ ᱟᱨ ᱩᱰᱟᱹᱱᱜᱟᱹᱰᱤᱨᱮ ᱫᱮᱡᱚᱜ ᱤᱧ ᱦᱮᱣᱟ ᱜᱮᱭᱟ ᱾
विशेष भाषा कक्षाओं को छोड़कर सभी पाठ अंग्रेजी में पढ़ाए जाते हैं।	ᱠᱷᱟᱥ ᱯᱟᱹᱨᱥᱤ ᱨᱮᱭᱟᱜ ᱠᱞᱟᱥ ᱵᱮᱜᱚᱨ ᱥᱟᱱᱟᱢ ᱯᱟᱹᱨᱥᱤ ᱨᱮᱭᱟᱜ ᱯᱟᱲᱦᱟᱣ ᱜᱮ ᱤᱝᱨᱮᱡᱤ ᱛᱮ ᱯᱟᱲᱦᱟᱣ ᱦᱩᱭᱩᱜᱼᱟ ᱾
आम तौर पर मादाएँ एक दूसरे से निकट संबंध रखती हैं, जो बहनों और बेटियों का एक बड़ा परिवार है ।	ᱵᱩᱦᱤᱱ ᱠᱚᱣᱟᱜ ᱟᱨ ᱦᱚᱯᱚᱱ ᱮᱨᱟ ᱠᱚᱣᱟᱜ ᱢᱤᱫ ᱢᱟᱨᱟᱝ ᱜᱷᱟᱨᱚᱸᱡᱽ ᱛᱟᱦᱮᱸᱱ ᱠᱷᱟᱹᱛᱤᱨ ᱠᱩᱲᱤ ᱠᱚᱫᱚ ᱟᱥᱚᱠᱟᱭᱛᱮ ᱟᱯᱟᱱ-ᱟᱹᱯᱤᱱ ᱟᱹᱰᱤ ᱜᱟᱹᱦᱤᱸᱨ ᱡᱚᱯᱚᱲᱟᱣ ᱛᱟᱦᱮᱸᱱ ᱛᱟᱠᱚᱣᱟI
ग्राहक का चेहरा लाल हो गया जब वह सामान समय पर नहीं आया जिसके लिए उसने पैसे दिए थे।	ᱩᱱᱤ ᱡᱟᱦᱟᱸ ᱜᱚᱱᱚᱝ ᱛᱮ ᱠᱟᱹᱣᱰᱤ ᱮᱢ ᱞᱮᱫᱟᱭ ᱚᱱᱟ ᱚᱠᱛᱚ ᱨᱮ ᱵᱟᱝ ᱦᱮᱡ ᱞᱮᱱ ᱠᱷᱟᱱ ᱠᱤᱨᱤᱧᱤᱭᱟᱹ ᱟᱜ ᱢᱮᱫᱦᱟ ᱫᱚ ᱟᱨᱟᱜ ᱞᱮᱱᱟ ᱾
खिलाड़ियों ने उस नेता के खिलाफ हिंसक विद्रोह कर दिया जिसने उनका फायदा उठाया था।	ᱠᱷᱮᱞᱳᱰᱤᱭᱟᱹ ᱠᱚᱫᱚ ᱟᱠᱚᱣᱟᱜ ᱥᱩᱵᱤᱫᱷᱟ ᱦᱟᱛᱟᱣ ᱞᱟᱹᱜᱤᱫ ᱟᱹᱭᱩᱨᱤᱪ ᱵᱤᱨᱩᱫᱷ ᱨᱮ ᱦᱤᱸᱥᱠᱟ ᱥᱟᱞᱟᱜ ᱠᱚ ᱞᱟᱹᱲᱦᱟᱹᱭ ᱞᱮᱫᱟ ᱾
वह पहले अमेरिकी राष्ट्रपति थे जो किसी अमीर परिवार में पैदा नहीं हुए थे।	ᱩᱱᱤᱜᱮ ᱯᱳᱭᱞᱳ ᱢᱟᱨᱠᱤᱱ ᱯᱨᱮᱥᱤᱰᱮᱱᱴ ᱮ ᱛᱟᱦᱮᱸ ᱠᱟᱱᱟ ᱡᱟᱸᱦᱟᱭ ᱫᱚ ᱜᱤᱥᱟᱬ ᱜᱷᱟᱸᱨᱚᱡᱽ ᱨᱮ ᱵᱟᱭ ᱡᱟᱱᱟᱢ ᱟᱠᱟᱱᱟ ᱾
एक एल्गोरिथ्म की जटिलता को निर्धारित करने का अर्थ है उच्च सीमाएँ खोजना या अनुमान लगाना कि कितने प्राथमिक ऑपरेशनों, जैसे कि कैंचियों के योग और गुणा, कुछ एल्गोरिथ्म करने के लिए आवश्यक हैं, उदाहरण के लिए, पूंजीवाद के गुणन.	ᱮᱞᱠᱷᱟ ᱯᱟᱹᱱᱟᱹᱨᱥᱤ ᱠᱮᱴᱮᱡ ᱵᱩᱡᱷᱟᱣ ᱢᱚᱱᱮ ᱪᱮᱛᱟᱱᱨᱮ ᱥᱤᱢᱟᱹ ᱜᱚᱴᱟ ᱵᱩᱴᱟᱹᱨᱮ ᱟᱨ ᱛᱤᱱᱟᱜᱜᱟᱱ ᱟᱞᱜᱟ ᱠᱟᱹᱢᱤ ᱨᱮᱭᱟᱜ ᱞᱮᱠᱷᱟ ᱦᱩᱭᱩᱜᱼᱟ, ᱡᱮᱞᱮᱠᱟ ᱥᱠᱮᱞᱟᱨ ᱥᱮᱞᱮᱫ ᱜᱟᱵᱟᱲ ᱫᱟᱹᱭᱠᱟᱹᱞᱮᱠᱟᱛᱮ ᱠᱟᱹᱴᱤᱪ ᱠᱟᱹᱴᱤᱪ ᱮᱞᱠᱷᱟ ᱯᱟᱹᱱᱟᱹᱨᱥᱤ ᱠᱷᱮᱛᱨᱚᱨᱮ ᱢᱮᱴᱨᱤᱠᱥᱮᱨ ᱜᱟᱵᱟᱲ ᱦᱩᱭᱩᱜ ᱠᱟᱹᱠᱛᱤ ᱠᱟᱱᱟ।
यह योजना सरकार और दूसरे क्षेत्रों में मुख्य सूलीदारों के सम्बन्ध में एक निर्देशांक और सहयोग देनेवाली योजना स्थापित करती है ।	ᱠᱟᱹᱨᱤᱭᱟᱱᱟᱜ ᱯᱟᱱᱛᱷᱟ ᱫᱚ ᱢᱤᱫ ᱡᱩᱢᱤᱫ ᱟᱨ ᱜᱚᱲᱚᱣᱟᱱ ᱳᱣᱟᱱ ᱦᱮᱞᱛᱷ ᱯᱟᱱᱛᱦᱟᱭ ᱜᱚᱴᱟᱭᱟ ᱡᱟᱸᱦᱟ ᱫᱚ ᱥᱚᱨᱠᱟᱨ ᱟᱨ ᱮᱴᱟᱜ ᱥᱮᱠᱴᱚᱨ ᱠᱚ ᱨᱮᱭᱟᱜ ᱢᱩᱲᱩᱫ ᱥᱴᱮᱠᱦᱳᱞᱰᱟᱨ ᱥᱟᱶᱛᱮ ᱡᱚᱲᱟᱣ ᱛᱟᱸᱦᱮᱱᱟ ᱾
1957 में अल्थिया विंबलडन जीतने वाली पहली अफ्रीकी अमेरिकी महिला बनीं।	᱑᱙᱕᱗ ᱥᱟᱞ ᱨᱮ ᱟᱞᱛᱷᱤᱭᱟ ᱫᱚ ᱤᱭᱩᱢᱵᱚᱞᱚᱱᱰᱚᱱ ᱡᱤᱛᱠᱟᱹᱨᱤᱭᱟᱹ ᱟᱯᱷᱨᱤᱠᱟᱱ ᱟᱢᱮᱨᱤᱠᱟᱱ ᱨᱮᱱ ᱯᱳᱭᱞᱳ ᱛᱤᱨᱞᱟᱹᱭ ᱦᱩᱭ ᱞᱮᱱᱟ ᱾
कैसे जल्द ही मैं एक मिल सकता है?	ᱛᱤᱱᱟᱹᱜ ᱩᱥᱟᱹᱨᱟ ᱤᱧᱫᱚ ᱢᱤᱫᱽᱴᱟᱝᱤᱧ ᱧᱟᱢ ᱫᱟᱲᱮᱭᱟᱜᱼᱟ ?
क्योंकि इस चाल के प्रति सीमित प्रतिक्रिया थी, जर्मनी ने अपने हिंसक ज्वालामुखी युद्ध के समान प्रतिक्रिया की अपेक्षा की ।	ᱩᱱᱠᱷᱚᱱ ᱚᱱᱰᱮ ᱱᱚᱣᱟ ᱨᱚᱬᱱᱤᱛᱤ ᱠᱷᱟᱹᱛᱤᱨ ᱟᱹᱰᱤ ᱠᱚᱢ ᱨᱮᱥᱯᱚᱱᱥ ᱛᱟᱦᱮᱸ ᱠᱟᱱᱟ, ᱡᱚᱨᱢᱟᱱᱤ ᱦᱚᱸ ᱟᱡᱟᱜ ᱚᱱᱨᱮᱥᱴᱨᱤᱠᱴᱮᱰ ᱥᱚᱵᱽᱢᱮᱨᱟᱭᱤᱱ ᱣᱟᱨᱯᱷᱮᱭᱟᱨ ᱞᱟᱹᱜᱤᱫ ᱥᱚᱢᱟᱱ ᱨᱮᱥᱯᱚᱱᱥ ᱟᱸᱥ ᱞᱮᱱᱟᱭ᱾
चौहत्तर	ᱮᱭᱟᱭ ᱜᱮᱞ ᱯᱳᱱ
इस समय उनका दरवाज़ा मत खटखटाओ। वे पुलिस को बुला सकते हैं।	ᱱᱚᱶᱟ ᱜᱷᱩᱲᱤ ᱩᱱᱠᱩᱣᱟᱜ ᱫᱩᱣᱟᱹᱨ ᱨᱮ ᱟᱞᱚᱢ ᱦᱚᱦᱚᱭᱟ ᱾ ᱩᱱᱠᱩ ᱯᱩᱞᱤᱥ ᱠᱚ ᱦᱚᱦᱚ ᱫᱟᱲᱮ ᱟᱠᱚᱣᱟ ᱾
परमाणु इतने पेचीदा होते हैं कि इस वाक्य के अंत के समय में उनमें से अरबों लोग इस अवधि के लिए ठीक हो सकते हैं ।	ᱢᱚᱞᱮᱠᱭᱩᱞᱥ ᱩᱱᱟᱹᱜ ᱯᱟᱹᱛᱭᱟᱹᱣ ᱟᱱ ᱞᱮᱠᱟᱱ ᱨᱩᱯ ᱠᱷᱚᱱ ᱠᱟᱹᱴᱤᱡ ᱜᱮᱭᱟ ᱡᱮ ᱚᱱᱟ ᱠᱷᱚᱱ ᱠᱷᱟᱨᱟᱵᱽ ᱠᱚ ᱱᱚᱶᱟ ᱟᱹᱭᱟᱹᱛ ᱨᱮᱱᱟᱜ ᱢᱩᱪᱟᱹᱫ ᱟᱣᱫᱷᱤ ᱨᱮ ᱯᱷᱤᱴ ᱦᱩᱭ ᱫᱟᱲᱮᱭᱟᱜᱼᱟ᱾
यरदन पेले की फिल्म में, सन्‌ 1986 में एक छोटी लड़की है ।	ᱡᱚᱨᱰᱚᱱ ᱯᱤᱞᱼᱟᱜ ᱪᱤᱛᱟᱹᱨ 'ᱟᱥ'ᱼᱨᱮ, ᱑᱙᱘᱖ ᱥᱟᱞᱨᱮ ᱢᱤᱫᱴᱟᱝ ᱠᱟᱹᱴᱤᱡᱽ ᱠᱩᱲᱤᱜᱤᱫᱟᱹᱨ ᱮᱰᱤ, ᱥᱟᱢᱟᱱᱟᱜ ᱵᱷᱤᱥᱚᱱ ᱠᱳᱣᱮᱥᱴᱚᱨᱟᱜ ᱨᱤᱡᱷᱟᱹᱣᱛᱮ ᱩᱱᱤ ᱥᱮᱡᱲᱮ ᱪᱟᱞᱟᱣᱮᱱᱟ ᱟᱨᱮ ᱵᱚᱞᱚᱭᱮᱱᱟ, ᱡᱟᱦᱟᱸ ᱨᱮᱭᱟᱜ ᱵᱚᱞᱚᱱᱫᱩᱣᱟᱹᱨᱨᱮᱭᱟᱜ ᱪᱮᱛᱟᱱᱨᱮ ᱩᱥᱱᱤᱥ ᱥᱟᱶ ᱟᱨ ᱮᱛᱚᱢᱛᱤ ᱫᱚ ᱦᱩᱭ ᱫᱟᱲᱤᱭᱟᱜ ᱠᱳᱣᱮᱥᱴᱟᱨᱠᱩ ᱥᱮᱡᱽ ᱩᱫᱩᱜᱽᱟᱠᱟᱫ ᱢᱤᱫᱦᱚᱲ ᱢᱩᱞᱵᱟᱹᱥᱤᱭᱟᱹ ᱢᱟᱹᱨᱠᱤᱱ ᱦᱚᱲ ᱛᱮᱸᱜᱚᱣᱟᱠᱟᱱ ᱢᱮᱱᱟᱭᱟ ᱾
आओ और एक सीट है.	ᱦᱤᱡᱩᱜᱽᱢᱮ ᱟᱨ ᱫᱩᱬᱩᱵᱽᱢᱮ ᱾
सवेरा इन चुने हुए रवरों की बुलंदियों पर स्वर्स लगाया जाता है ।	ᱥᱟᱢᱵᱮᱫ ᱫᱚ ᱦᱩᱭᱩᱜ ᱠᱟᱱᱟ ᱱᱤᱭᱟᱹ ᱵᱟᱪᱷᱟᱣᱟᱠᱟᱱ ᱨᱩᱪᱷᱠᱩ ᱨᱮᱱᱟᱜ ᱛᱩᱢᱟᱹᱞ ᱡᱟᱦᱟᱸ ᱫᱚ ᱚᱱᱟᱠᱩ ᱨᱮᱭᱟᱜ ᱦᱩᱭᱫᱟᱲᱮᱭᱟᱜ ᱪᱚᱱᱫᱚ ᱥᱮ ᱛᱟᱞ ᱨᱮᱭᱟᱜ ᱢᱤᱴᱟᱨ ᱫᱚᱦᱚᱠᱟᱛᱮ ᱨᱟᱥᱟ ᱥᱟᱞᱟᱜ ᱥᱮᱴᱟᱠᱟᱱᱟ ᱾
आप एक NGO के साथ काम किया है जो इस तरह की बातों के साथ वृद्ध नागरिकों की मदद करता है.	.ᱟᱢ ᱢᱤᱫᱴᱟᱝ NGO ᱥᱟᱶ ᱮᱢ ᱠᱟᱹᱢᱤᱟᱠᱟᱫᱟ ᱡᱟᱦᱟᱸ ᱯᱩᱨᱩᱫᱷᱩᱞ ᱱᱟᱜᱚᱨᱤᱭᱟᱹ ᱠᱚ ᱱᱚᱝᱠᱟᱱ ᱡᱤᱱᱤᱥ ᱠᱚᱨᱮᱭ ᱜᱚᱲᱚ ᱟᱫ ᱠᱚ ᱛᱟᱦᱮᱸ ᱾
सबसे पहले, अधिकांश सवार एक पतली, काफ़ी ऊँची, बस में जूते पहनते हैं ।	ᱡᱷᱚᱛᱚ ᱠᱷᱚᱱ ᱢᱟᱲᱟᱝ ᱨᱮ, ᱰᱷᱮᱨ ᱫᱮᱡᱚᱜ ᱠᱩᱜ ᱢᱤᱫᱴᱟᱹᱝ ᱮᱰᱤ ᱟᱨ ᱢᱤᱫ ᱪᱤᱠᱱᱟᱹ, ᱟᱹᱰᱤ ᱥᱚᱝᱠᱤᱨᱚᱬ, ᱮᱠᱢᱟᱛᱨᱚ ᱥᱟᱶᱛᱮ ᱫᱮᱡ ᱡᱩᱛᱟᱹ ᱠᱚ ᱦᱚᱨᱚᱜᱮᱫ ᱟ᱾
मेरे क्रेडिट कार्ड के बहुत सारे उपयोगी लाभ हैं। उस दिन मुझे एयरपोर्ट लाउंज में मुफ्त प्रवेश मिला।	ᱤᱧᱟᱜ ᱠᱨᱮᱰᱤᱴ ᱠᱟᱨᱰ ᱨᱮ ᱟᱭᱢᱟ ᱡᱟᱹᱨᱩᱲᱟᱱᱟᱜ ᱥᱩᱵᱤᱫᱷᱟ ᱢᱮᱱᱟᱜᱼᱟ ᱾ ᱮᱴᱟᱜ ᱫᱤᱱ ᱤᱧ ᱩᱰᱟᱹᱱ ᱟᱰᱟ ᱨᱮᱭᱟᱜ ᱡᱤᱨᱟᱹᱣ ᱚᱲᱟᱜ ᱨᱮ ᱵᱮᱜᱚᱨ ᱯᱚᱭᱥᱟᱛᱮ ᱵᱚᱞᱚᱱᱤᱧ ᱧᱟᱢ ᱞᱮᱫᱟ ᱾
उनके वयस्क जीवन का अधिकांश हिस्सा हवाई में बीता।	ᱟᱡᱟᱜ ᱡᱩᱣᱟᱹᱱ ᱩᱢᱮᱨ ᱡᱤᱭᱚᱱ ᱨᱮᱭᱟᱜ ᱡᱟᱹᱥᱛᱤ ᱚᱠᱛᱚᱜᱮᱭ ᱠᱟᱴᱟᱣ ᱟᱠᱟᱫᱟ ᱦᱟᱣᱟᱭᱨᱮ ᱾
यह शर्म की बात नहीं है: यह अनेक लोगों के पास अनेक लोगों के व्यक्‍तिगत डर और अन्य बातों से भिन्‍न नहीं है ।	ᱱᱚᱣᱟ ᱫᱚ ᱞᱟᱡᱟ ᱯᱟᱲᱟ ᱨᱮᱭᱟᱜ ᱠᱟᱛᱷᱟ ᱫᱚ ᱵᱟᱝ ᱠᱟᱱᱟ: ᱱᱚᱣᱟ ᱫᱚ ᱮᱴᱟᱜ ᱡᱤᱱᱤᱥ ᱠᱚ ᱨᱮᱭᱟᱜ ᱣᱮᱠᱛᱤᱜᱚᱛ ᱵᱚᱛᱚᱨ ᱟᱨ ᱵᱟᱝ ᱠᱷᱩᱥᱤᱭᱟᱜ ᱠᱷᱚᱱ ᱵᱷᱮᱜᱟᱨ ᱵᱟᱱᱩᱜᱼᱟ ᱡᱟᱦᱟᱸ ᱫᱚ ᱟᱹᱰᱤ ᱜᱟᱱ ᱦᱚᱲ ᱴᱮᱱ ᱢᱮᱱᱟᱜᱼᱟ᱾
भारतीय पैसे के बाजार को प्रशासनिक क्षेत्र में वर्गीकृत किया गया है, निजी, सार्वजनिक, सार्वजनिक, और विदेशी व्यापार बैंकों और निर्माण बैंकों के रूप में एक साथ कहा जाता है, "घरों के रूप में" और अनपेक्षित क्षेत्र शामिल है, जिसमें व्यक्‍तिगत या स्थानीय बैंकों या वित्तीय कंपनियों को शामिल किया गया पैसा या वित्तीय कंपनियों को शामिल है.	ᱵᱷᱟᱨᱚᱛᱤᱭᱚ ᱠᱟᱹᱣᱰᱤ ᱵᱟᱡᱟᱨ ᱫᱚ ᱵᱮᱥᱚᱨᱠᱟᱨᱤ, ᱥᱚᱨᱠᱟᱨᱤ ᱟᱨ ᱵᱤᱫᱟᱹᱥᱤ ᱢᱟᱹᱞᱤᱠᱜᱚᱵᱚᱞ ᱵᱟᱹᱱᱤᱡᱟᱱᱟᱜ ᱵᱮᱝᱠ ᱟᱨ ᱥᱚᱢᱚᱵᱟᱭ ᱵᱮᱝᱠ, ᱢᱤᱫᱞᱮᱠᱟᱛᱮ "ᱛᱚᱯᱚᱥᱤᱞᱜᱚᱵᱚᱞ ᱵᱮᱝᱠ" ᱧᱩᱛᱩᱢᱛᱮ ᱩᱯᱩᱨᱩᱢ ᱡᱩᱢᱤᱫᱽ ᱥᱟᱠᱷᱟ ᱟᱨ ᱱᱤᱡᱽᱟᱱᱟᱜ ᱥᱮ ᱜᱷᱟᱨᱚᱸᱡ ᱢᱟᱹᱞᱤᱠᱜᱚᱵᱚᱞ ᱥᱚᱫᱮᱥᱤ ᱵᱮᱝᱠᱟᱨ ᱥᱮ ᱢᱟᱦᱟᱡᱚᱱ ᱟᱨ ᱵᱮᱝᱠᱵᱮᱜᱚᱨᱟᱱ ᱠᱟᱹᱣᱰᱤ ᱥᱚᱝᱥᱛᱷᱟ ᱛᱩᱞᱩᱡᱽ ᱡᱚᱯᱚᱲᱟᱣ ᱚᱥᱚᱝᱜᱚᱴᱷᱤᱛᱚ ᱥᱟᱠᱷᱟᱨᱮ ᱦᱟᱹᱴᱤᱧᱚᱜᱽ ᱠᱟᱱᱟ ᱾
वेना के क्षेत्र में और ईमानवालों के बीच अच्छी तरह से स्वागत किया गया था, जबकि होमोसिस बैंगनी में और ओडिशा में बहुत लोकप्रिय था.	ᱤᱣᱩᱱᱟᱱᱤ ᱦᱟᱭᱫᱨᱟᱵᱟᱫ ᱴᱚᱴᱷᱟᱨᱮ ᱟᱨ ᱢᱩᱥᱞᱟᱹ ᱠᱚ ᱛᱟᱞᱟᱨᱮ ᱥᱚᱢᱟᱱ ᱢᱟᱹᱱ ᱛᱟᱸᱦᱮᱠᱟᱱᱟ, ᱡᱚᱠᱷᱚᱱ ᱦᱳᱢᱤᱳᱯᱮᱛᱷᱤ ᱵᱟᱝᱞᱟ ᱟᱨ ᱳᱲᱤᱥᱟᱨᱮ ᱟᱹᱰᱤ ᱦᱚᱲ ᱠᱩᱟᱤᱭᱟᱱ ᱛᱟᱸᱦᱮᱠᱟᱱᱟ ᱾
अगर आप 2020 के लिए अपनी उड़ान और घर - मालिक की घोषणा करने से पहले ही किताब पढ़ लेते हैं, तो आप शायद एक चाल चल रहे हों ।	ᱡᱩᱫᱤ ᱟᱢ ᱥᱛᱷᱜᱚᱱ ᱨᱮᱱᱟᱝ ᱜᱷᱚᱥᱱᱟ ᱠᱷᱚᱱ ᱢᱟᱬᱟᱝ ᱒᱐᱒᱐ ᱞᱟᱹᱜᱤᱫ ᱱᱤᱡᱮᱨᱟᱜ ᱯᱷᱞᱟᱭᱴ ᱟᱨ ᱚᱲᱟᱜ ᱵᱩᱠ ᱟᱠᱟᱫᱟ, ᱠᱷᱟᱱ ᱟᱢ ᱢᱤᱫ ᱟᱱᱟᱴ ᱞᱮᱠᱟᱱᱟᱜ ᱦᱩᱭ ᱫᱟᱲᱮᱭᱟᱜᱼᱟ᱾
आपकी क्या मतलब है कि आप 45 मिनट तक मेरी लाइन होल्ड पर रखने के बाद मेरी मदद नहीं कर सकते?	45 ᱴᱤᱲᱤᱡ ᱞᱟᱹᱜᱤᱫ ᱤᱧᱟᱹᱜ ᱞᱟᱭᱤᱱ ᱟᱴᱚᱠ ᱫᱚᱦᱚ ᱛᱟᱭᱚᱢ ᱟᱢ ᱪᱮᱫ ᱮᱢ ᱢᱮᱱ ᱮᱫᱟ ᱡᱮ ᱟᱢ ᱤᱧ ᱜᱚᱲᱚ ᱵᱟᱝ ᱮᱢ ᱫᱟᱲᱮᱭᱟᱜᱼᱟ ?
बहुत बहुत धन्यवाद	ᱟᱭᱢᱟ ᱥᱟᱨᱦᱟᱣ
मेरा खाता ब्लॉक कर दिया गया क्योंकि उन्हें पता चला कि मैं इसे अपने दोस्तों के साथ साझा कर रहा था।	ᱤᱧᱟᱹᱜ ᱮᱠᱟᱣᱱᱴ ᱫᱚ ᱵᱚᱱᱫᱚᱣᱟᱠᱟᱱᱟ ᱪᱮᱫᱟᱜ ᱥᱮ ᱩᱝᱠᱩ ᱫᱚ ᱠᱚ ᱵᱟᱰᱟᱭ ᱟᱠᱟᱫᱟ ᱡᱮ ᱤᱧ ᱫᱚ ᱤᱧᱨᱮᱱ ᱜᱟᱛᱮᱠᱚ ᱥᱟᱣᱤᱧ ᱥᱮᱭᱟᱨ ᱟᱠᱟᱫᱟ ᱾
बीओआ (क्लासिलेशन: बेटा) सन्‌ 1992 में भारतीय हिन्दी नाटक की फिल्म है ।	ᱵᱟᱹᱵᱩ (ᱛᱚᱨᱡᱚᱢᱟ ᱺ ᱠᱚᱲᱟ) ᱦᱩᱭᱩᱜ ᱠᱟᱱᱟ ᱤᱱᱫᱨ ᱠᱩᱢᱟᱨ ᱪᱟᱪᱟᱞᱟᱣᱤᱪ ᱟᱨ ᱱᱳᱥᱤᱨ ᱠᱷᱟᱛᱟᱣ ᱟᱨ ᱠᱚᱢᱞᱮᱥᱷ ᱯᱟᱱᱰᱮ ᱚᱞ ᱟᱠᱟᱱ ᱑᱙᱙᱒ ᱨᱮ ᱵᱷᱟᱨᱛᱤᱭ ᱦᱤᱫᱤ ᱜᱟᱭᱟᱱ ᱪᱚᱞᱚᱠᱪᱤᱛᱟᱨ᱾
जब उसकी टीम ने रोमांचक वापसी करते हुए जीत हासिल की तो कार्तिक अपने चेहरे पर खिली मुस्कान को नहीं रोक पाया।	ᱠᱟᱨᱛᱤᱠ ᱞᱟᱸᱫᱟ ᱵᱟᱭ ᱛᱷᱤᱨ ᱫᱟᱲᱮ ᱠᱟᱣᱫᱟ ᱠᱟᱨᱚᱱ ᱟᱡ ᱨᱮᱱ ᱜᱟᱫᱮᱞ ᱡᱤᱛᱠᱟᱹᱨ ᱞᱟᱹᱜᱤᱫ ᱨᱚᱢᱚᱪᱟᱱᱟᱜ ᱟᱹᱨᱩᱯᱷᱮᱨᱟᱣ ᱠᱚ ᱠᱚᱨᱟᱣ ᱟᱠᱟᱫᱟ
पता के सबूत के लिए, कोई भी बिल है जो तीन महीने से अधिक नहीं है।	ᱴᱷᱤᱠᱟᱹᱱᱟ ᱥᱟᱹᱵᱩᱫ ᱞᱟᱹᱜᱤᱫ, ᱯᱮ ᱪᱟᱸᱫᱳ ᱠᱷᱚᱱ ᱰᱷᱮᱨ ᱢᱟᱨᱮ ᱵᱟᱝ ᱮᱢᱚᱱ ᱡᱟᱦᱟᱸ ᱞᱮᱠᱟᱱ ᱵᱤᱞ ᱦᱩᱭᱩᱜ ᱛᱟᱢᱟ ᱾
5 मई तक भारत को मदद के लिए 5,79,429 वस्तुएँ मिली थीं ।	᱕ᱢᱮ ᱢᱩᱫᱨᱮ, ᱵᱷᱟᱨᱚᱛ ᱫᱚ ᱕,᱗᱖᱙,᱔᱔᱒ ᱜᱚᱴᱮᱡ ᱫᱩᱨᱤᱵ ᱜᱚᱲᱚᱞᱮᱠᱟᱛᱮᱭ ᱧᱟᱢᱠᱮᱫᱟ ᱾
यह बहुत - सी कॉलेजों में भी उपलब्ध है जैसे Fhanant के स्कूल, पुर्न; स्टॆला कॉलेज, कनेई और लोला कॉलेज, कई अन्य लोगों के बीच कनेईएनेई ।	ᱟᱭᱢᱟ ᱮᱴᱟᱜᱽ ᱠᱚᱞᱮᱡᱽᱠᱩ ᱢᱩᱫᱽᱨᱮ ᱥᱠᱩᱞ ᱚᱯᱷ ᱯᱷᱮᱥᱚᱱ ᱴᱮᱠᱱᱳᱞᱚᱜᱤ, ᱯᱩᱱᱮ; ᱥᱴᱮᱞᱞᱟ ᱢᱟᱨᱤᱥ ᱠᱚᱞᱮᱡᱽ, ᱪᱮᱱᱱᱟᱭ ᱟᱨ ᱞᱚᱭᱚᱞᱟ ᱠᱚᱞᱮᱡᱽ, ᱪᱮᱱᱱᱟᱭ ᱞᱮᱠᱟᱱ ᱟᱭᱢᱟ ᱠᱚᱞᱮᱡᱽᱠᱩ ᱨᱮᱦᱚᱸ ᱧᱟᱢᱚᱜᱚᱜᱽᱼᱟ ᱾
उसके स्क्रीन का समय बहुत ही सीमित था, फिर भी उसकी जांच एक मज़बूत प्रभाव छोड़ देती है ।	ᱩᱱᱤᱭᱟᱜ ᱥᱨᱠᱤᱱ ᱚᱠᱛᱚ ᱟᱹᱰᱤ ᱠᱚᱢ ᱛᱟᱦᱮᱸ ᱠᱟᱱᱟ ᱮᱱᱨᱮᱦᱚᱸ ᱩᱱᱤᱭᱟᱜ ᱟᱸᱠ ᱢᱤᱫᱴᱟᱝ ᱟᱹᱰᱤ ᱜᱮᱭ ᱮᱥᱮᱨᱼᱟ ᱾
मेरे पास पंद्रह शब्द हैं।	ᱤᱧ ᱴᱷᱮᱱ ᱜᱮᱞ ᱢᱚᱬᱮ ᱜᱚᱴᱟᱝ ᱥᱚᱵᱚᱫ ᱢᱮᱱᱟᱜᱼᱟ ᱠᱚᱣᱟ।
इस बार मुझे एक मिनट भी इंतज़ार नहीं करना पड़ा। मेरी सवारी (राइड) की बुकिंग इतनी जल्दी कन्फर्म हो गई!	ᱤᱧ ᱫᱚ ᱱᱤᱭᱟᱹ ᱫᱷᱟᱣ ᱢᱤᱫ
आरोही क्षेत्र (ascending area) में लोग बैठ सकते हैं।	ᱥᱠᱮᱱᱰᱤᱝ ᱴᱚᱴᱷᱟ ᱨᱮ ᱦᱚᱲᱠᱚ ᱫᱩᱲᱩᱵ ᱫᱟᱲᱮᱭᱟᱜᱼᱟ ᱾
वह पहले युद्ध अपराधों और संयुक्त राजद्रोह का आदेश दिया गया था.	ᱞᱟᱹᱲᱦᱟᱹᱭᱨᱮ ᱠᱟᱹᱭ ᱨᱮᱭᱟᱜ ᱦᱩᱠᱩᱢ ᱟᱨ ᱢᱤᱞᱟᱹᱣ ᱥᱚᱲᱚᱡᱚᱱᱛᱚᱨ ᱨᱮᱭᱟᱜ ᱞᱟᱹᱞᱤᱥᱛᱮ ᱩᱱᱤᱫᱚ ᱞᱟᱦᱟᱨᱮ ᱪᱷᱟᱹᱲᱮ ᱧᱟᱢᱞᱮᱫᱟ ᱾
मैं हमारे एक ड्राइवर को तुरंत अपने पते के लिए भेज सकते हैं.	ᱤᱧ ᱫᱚ ᱟᱹᱰᱤ ᱩᱥᱟᱹᱨᱟ ᱟᱢᱟᱜᱽ ᱴᱷᱤᱠᱟᱹᱱᱟᱨᱮ ᱟᱞᱮᱨᱮᱢ ᱢᱤᱫᱴᱟᱝ ᱰᱨᱟᱭᱵᱷᱟᱨᱤᱧ ᱠᱩᱞᱫᱟᱲᱮᱣᱟᱭᱟ ᱾
अभिजात वर्ग (एरिस्टोक्रेट): एक अभिजात व्यक्ति समाज के सर्वोच्च सामाजिक वर्ग का व्यक्ति होता है।	ᱠᱤᱥᱟᱹᱬ ᱫᱚ ᱢᱤᱫᱦᱚᱲ ᱠᱤᱥᱟᱹᱬ ᱫᱚ ᱦᱩᱭᱩᱜ ᱠᱟᱱᱟ ᱥᱟᱶᱛᱟᱨᱮᱱ ᱡᱚᱛᱚᱠᱷᱚᱱ ᱥᱚᱨᱮᱥ ᱥᱟᱶᱛᱟ ᱠᱤᱭᱟᱹ ᱛᱷᱟᱨ ᱨᱮᱱ ᱢᱤᱫᱦᱚᱲ ᱾
जैसे-जैसे यूनियन सेना आगे बढ़ी, लगभग सभी चालीस लाख दासों को प्रभावी ढंग से मुक्त कर दिया गया।	ᱤᱭᱩᱱᱤᱭᱚᱱ ᱥᱮᱱᱟᱯᱷᱟᱹᱫ ᱞᱟᱦᱟᱱᱛᱤ ᱥᱟᱶ ᱥᱟᱶᱛᱮ ᱯᱨᱟᱭ ᱯᱩᱱ ᱢᱤᱞᱤᱭᱚᱱ ᱥᱮᱵᱮᱫ ᱠᱚ ᱠᱟᱹᱢᱤ ᱠᱷᱚᱱ ᱠᱚ ᱨᱤᱦᱟᱹᱭ ᱞᱮᱫ ᱠᱚᱣᱟ ᱾
वह अपने समय के सबसे महत्वपूर्ण संगीतकारों में से एक थे।	ᱩᱱᱤ ᱫᱚᱭ ᱛᱟᱦᱮᱸ ᱠᱟᱱᱟ ᱟᱡᱟᱜ ᱚᱠᱛᱚᱨᱮᱱ ᱡᱚᱛᱚᱠᱷᱚᱱ ᱜᱩᱨᱩᱛᱛᱚᱯᱩᱨᱱᱚ ᱨᱟᱦᱟ ᱡᱚᱲᱟᱣᱟᱱ ᱠᱚ ᱢᱩᱫᱨᱮ ᱢᱤᱫᱦᱚᱲ ᱾
असीसी को वर्ष 2000 में यूनेस्को की विश्व धरोहर स्थल बनाया गया था।	ᱟᱥᱤᱥᱤ ᱫᱚ ᱒᱐᱐᱐ ᱥᱟᱞ ᱨᱮ ᱤᱭᱩᱱᱮᱥᱠᱳ ᱳᱣᱟᱞᱰ ᱦᱮᱨᱤᱴᱮᱡᱽ ᱥᱟᱭᱤᱴ ᱨᱮ ᱯᱷᱮᱨᱟᱣ ᱦᱩᱭᱞᱮᱱᱟ ᱾
क्या आप कुछ मदद चाहेंगे?	ᱟᱢ ᱠᱤ ᱡᱟᱦᱟᱸᱱ ᱜᱚᱲᱚᱢ ᱠᱷᱚᱡᱽᱠᱟᱱᱟ ?
कई नए स्टार्टअप मानसिक स्वास्थ्य पर ध्यान केंद्रित कर रहे हैं! मैंने कभी नहीं सोचा था कि हमारा भारत इस क्षेत्र में इतनी तेजी से प्रगति करेगा।	ᱟᱭᱢᱟᱜᱟᱱ ᱱᱟᱶᱟ ᱥᱴᱟᱨᱴᱟᱯ ᱫᱚ ᱢᱚᱱᱮᱭᱟᱱᱟᱜ ᱥᱟᱶᱟᱨ ᱥᱮᱡᱜᱮ ᱰᱷᱮᱨ ᱠᱚ ᱱᱚᱡᱚᱨᱟᱜ ᱠᱟᱱᱟ ! ᱤᱧ ᱩᱭᱦᱟᱹᱨ ᱦᱚᱸ ᱵᱟᱹᱧ ᱩᱭᱦᱟᱹᱨ ᱟᱠᱟᱫᱟ ᱟᱵᱚᱣᱟᱜ ᱵᱷᱟᱨᱚᱛ ᱫᱚ ᱱᱚᱣᱟᱨᱮ ᱱᱩᱱᱟᱹᱜ ᱩᱥᱟᱹᱨᱟᱭ ᱩᱛᱷᱱᱟᱹᱣᱼᱟ ᱢᱮᱱᱛᱮ ᱾
जब से यूपीआई आया है मुझे अब अपना बटुआ साथ रखने की जरूरत नहीं पड़ती। मैं सिर्फ अपने फोन का उपयोग करके कभी भी कहीं भी भुगतान कर सकता हूँ।	ᱤᱭᱩᱯᱤᱟᱭ ᱦᱮᱡ ᱛᱟᱭᱚᱢ ᱠᱷᱚᱱ ᱤᱧ ᱟᱨ ᱤᱧᱟᱹᱜ ᱠᱟᱹᱣᱰᱤ ᱛᱷᱩᱞᱤ ᱤᱫᱤ ᱵᱟᱝ ᱦᱩᱭᱩᱜ ᱛᱤᱧᱟ ᱾ ᱤᱧ ᱤᱧᱟᱜ ᱯᱷᱳᱱ ᱵᱮᱵᱚᱦᱟᱨ ᱠᱟᱛᱮᱫ ᱡᱟᱦᱟᱛᱤᱱ ᱨᱮᱜᱮ ᱡᱟᱦᱟ ᱡᱟᱭᱜᱟ ᱨᱮᱜᱮ ᱠᱟᱹᱣᱰᱤᱧ ᱮᱢ ᱫᱟᱲᱮᱭᱟᱜᱼᱟ ᱾
मेरे पास दस दाल हैं।	ᱤᱧ ᱴᱷᱮᱱ ᱜᱮᱞ ᱜᱚᱴᱟᱝ ᱫᱟᱞ ᱢᱮᱱᱟᱜᱼᱟ ᱠᱚᱣᱟ।
मेरे कमरे में पानी नहीं है! क्या आप इस तरह से होटल चलाते हैं?	ᱤᱧᱟᱹᱜ ᱚᱲᱟᱜ ᱨᱮ ᱫᱟᱜ ᱵᱟᱹᱱᱩᱜᱼᱟ ! ᱟᱢ ᱫᱚ ᱪᱮᱫ ᱱᱚᱝᱠᱟ ᱦᱳᱴᱮᱞᱮᱢ ᱪᱟᱞᱟᱣ ᱵᱟᱱᱟᱣᱼᱟ ?
मदद	ᱜᱚᱲᱚ
ऐसी DRM तकनीक बनाना जिसे तोड़ा न जा सके, बहुत कठिन है।	ᱨᱟᱹᱯᱩᱫ ᱵᱟᱝ ᱜᱟᱱᱚᱜᱼᱟ ᱱᱚᱝᱠᱟᱱ ᱢᱤᱫᱴᱟᱝ ᱰᱤ ᱟᱨ ᱮᱢ ᱞᱟᱜᱟᱱ ᱠᱟᱹᱨᱤ ᱵᱮᱱᱟᱣ ᱫᱚ ᱟᱹᱰᱤ ᱟᱸᱡᱷᱟᱴ ᱜᱮᱭᱟ ᱾
वह 1812 के युद्ध में जनरल थे।	ᱩᱱᱤᱫᱚ ᱑᱘᱑᱒ ᱥᱟᱞ ᱨᱮᱭᱟᱜ ᱞᱟᱹᱲᱦᱟᱹᱭ ᱨᱮ ᱢᱤᱫᱦᱚᱲ ᱡᱮᱱᱟᱨᱮᱞ ᱮ ᱛᱟᱦᱮᱸ ᱠᱟᱱᱟ ᱾
बौद्ध रंग के पत्थरों से बने खज़ाने, मद्राश से 97 किलोमीटर की दूरी पर हैं ।	ᱵᱳᱣᱫᱷᱚ ᱢᱩᱨᱟᱞ ᱪᱤᱛᱟᱹᱨ ᱠᱚ ᱢᱩᱫᱨᱮ ᱢᱮᱱᱟᱜ ᱵᱟᱜ ᱜᱷᱚᱸᱜᱚᱨ ᱠᱚ, ᱢᱚᱫᱫᱷᱚᱯᱨᱚᱫᱮᱥ ᱨᱮᱭᱟᱜ ᱫᱷᱚᱨ ᱦᱚᱱᱚᱛ ᱠᱷᱚᱱ ᱙᱗ ᱠᱤᱢᱤ ᱥᱟᱹᱸᱜᱤᱧ ᱨᱮ ᱢᱮᱱᱟᱜᱼᱟ ᱾
उसे एक मानसिक बीमारी है जिसके कारण उसने मेरी कमीज पर हर जगह लार टपका दी।	ᱩᱱᱤᱭᱟᱜ ᱢᱤᱫᱴᱟᱝ ᱢᱟᱱᱚᱥᱤᱠ ᱦᱟᱞᱚᱛ ᱢᱮᱱᱟᱜ ᱛᱟᱭᱟ ᱡᱟᱦᱟᱸ ᱞᱟᱹᱜᱤᱫ ᱛᱮ ᱩᱱᱤ ᱫᱚ ᱤᱧᱟᱜ ᱠᱤᱪᱨᱤᱡ ᱨᱮᱭ ᱟᱨᱟᱜ ᱨᱚᱝ ᱟᱠᱟᱫᱟ ᱾
मैंने एक नए लैपटॉप का अनुरोध किया लेकिन सहायता कर्मचारियों ने मुझसे कहा कि वे मुझे नया लैपटॉप प्रदान नहीं कर सकते।	ᱤᱧ ᱢᱤᱫᱴᱟᱝ ᱱᱟᱣᱟ ᱞᱮᱯᱴᱚᱯ ᱨᱮᱭᱟᱜᱤᱧ ᱟᱨᱫᱟᱥ ᱞᱮᱫᱟ ᱢᱮᱱᱠᱷᱟᱱ ᱜᱚᱲᱚ ᱠᱟᱹᱢᱤᱭᱟᱹ ᱠᱚ ᱤᱧ ᱠᱚ ᱢᱮᱛᱟᱫᱤᱧᱟ ᱡᱮ ᱩᱝᱠᱩ ᱫᱚ ᱤᱧ ᱢᱤᱫᱴᱟᱝ ᱱᱟᱣᱟ ᱞᱮᱯᱴᱚᱯ ᱵᱟᱝ ᱠᱚ ᱮᱢ ᱫᱟᱲᱮᱭᱟᱹᱧᱟ ᱾
प्रशांत महासागर के मौसम में, एलम (ममम अधिकतम है) के साथ, १,००,००,००० - १०० या ३५ मि - ३८ मि और सर्दियों में ।	ᱠᱨᱟᱱᱛᱤᱭᱚ ᱢᱳᱣᱥᱩᱢᱤ ᱦᱚᱭᱫᱟᱜᱽ ᱥᱟᱶ ᱚᱥᱚᱢ ᱫᱚ ᱦᱩᱭᱩᱜ ᱠᱟᱱᱟ ᱱᱟᱛᱤᱥᱤᱛᱳᱥᱱᱚ (ᱞᱚᱞᱚᱨᱮ ᱡᱟᱹᱥᱛᱤᱩᱛᱟᱹᱨ ᱙᱕ ᱼ ᱑᱐᱐ ᱯᱷᱟᱨᱮᱱᱦᱟᱭᱤᱴ ᱥᱮ ᱓᱕ ᱼ ᱓᱘ ᱥᱮᱱᱴᱤᱜᱨᱮᱰ ᱟᱨ ᱨᱮᱭᱟᱲᱨᱮ ᱞᱟᱛᱟᱨᱩᱛᱟᱹᱨ ᱔᱓ ᱼ ᱔᱖ ᱯᱷᱟᱨᱮᱱᱦᱟᱭᱤᱴ ᱥᱮ ᱖ ᱼ ᱘ ᱥᱮᱱᱴᱤᱜᱨᱮᱰ) ᱟᱨ ᱡᱷᱚᱢᱚᱨ ᱫᱟᱜᱽᱡᱟᱹᱲᱤ ᱟᱨ ᱪᱮᱛᱟᱱ ᱜᱩᱢᱥᱟᱹᱱᱤ ᱵᱩᱡᱚᱜᱽᱼᱟ ᱾
रूस के सेंट पीटर्सबर्ग शहर में, अलग - अलग मौसम के ज़्यादातर हिस्से सेंट पीटर्सबर्ग में रहते हैं ।	ᱵᱟᱹᱲᱛᱤ ᱠᱟᱭᱛᱮ ᱵᱤᱥᱤᱥᱴ ᱵᱟᱞᱴᱤᱠ ᱯᱚᱨᱤᱵᱷᱨᱚᱢᱚᱱ ᱥᱮᱸᱱᱴ ᱯᱤᱴᱚᱨᱥᱵᱳᱨᱜᱽ, ᱨᱩᱥᱤᱭᱟ ᱨᱮ ᱢᱤᱫ ᱵᱤᱥᱛᱟᱨᱤᱛ ᱯᱨᱚᱵᱟᱥ ᱨᱮᱭᱟᱜ ᱥᱩᱵᱤᱫᱷᱟ ᱮᱢᱚᱜ ᱠᱟᱱᱟᱭI
अटलांटा इयाकस की बेटी थी जो आर्केडिया की एक राजकुमारी थी।	ᱟᱴᱞᱟᱱᱴᱟ ᱫᱚᱭ ᱛᱟᱦᱮᱠᱟᱱᱟ ᱟᱭᱠᱟᱥᱨᱮᱱ ᱠᱩᱲᱤ ᱡᱟᱦᱟᱭ ᱫᱚᱭ ᱛᱟᱦᱮᱠᱟᱱᱟ ᱟᱨᱠᱮᱰᱤᱭᱟᱱᱨᱮᱱ ᱨᱟᱡᱽᱠᱩᱢᱟᱨᱤ ᱾
रॉस ने फिलिप की शिकायत की और इंग्लैंड में सरकार को उसके बारे में पत्र लिखे।	ᱨᱚᱥ ᱫᱚ ᱯᱷᱤᱞᱤᱯ ᱵᱟᱵᱚᱫ ᱛᱮᱭ ᱞᱟᱹᱞᱤᱥ ᱠᱮᱫᱟ ᱟᱨ ᱤᱸᱜᱞᱮᱱᱰ ᱥᱚᱨᱠᱟᱨ ᱴᱷᱮᱱ ᱩᱱᱤ ᱵᱟᱵᱚᱫ ᱪᱤᱴᱷᱤ ᱠᱚᱭ ᱚᱞ ᱠᱮᱫᱟ ᱾
Laugom कई सालों से एक जीवन जीने के लिए, तो जब भारतीय शीघ्र ही इस पहली महिला ने एक मीडिया इंटरव्यू दिया, जो 3 मई, मई 2013 को मुझसे बात करने के लिए सहमत हो गया था, मैं तुरंत उसके एक बार उदास रहने के लिए अपना रास्ता बना दिया, लेकिन अब Dazazazel में, जहां वह अपनी बेटी के साथ रहते हैं.	ᱯᱷᱟᱛᱢᱟ ᱵᱮᱜᱚᱢ ᱠᱤᱪᱷᱤ ᱥᱮᱨᱢᱟ ᱫᱷᱩᱨᱭᱟᱹ ᱟᱨᱠ ᱞᱟᱭᱤᱴ ᱠᱷᱚᱱ ᱥᱟᱦᱟᱨᱮ ᱡᱤᱭᱚᱱᱮ ᱠᱷᱟᱸᱰᱟᱣ ᱮᱫᱟ, ᱚᱱᱟᱛᱮ ᱡᱚᱠᱷᱚᱱ ᱱᱩᱭ ᱵᱷᱟᱨᱚᱛᱤᱭᱚ ᱪᱚᱞᱚᱛᱪᱤᱛᱟᱹᱨᱨᱮᱱ ᱯᱳᱭᱞᱳ ᱛᱤᱨᱞᱟᱹ, ᱡᱟᱸᱦᱟᱭ ᱫᱚ ᱛᱤᱥᱦᱚᱸ ᱢᱤᱰᱤᱭᱟ ᱨᱮ ᱤᱱᱴᱟᱨᱵᱷᱤᱭᱩ ᱵᱟᱭ ᱮᱢᱟ ᱟᱠᱟᱫᱟ, ᱒᱐᱑᱓ ᱥᱟᱹᱦᱤᱛ ᱨᱮᱭᱟᱜ ᱓ ᱢᱮ ᱨᱮ ᱤᱧ ᱥᱟᱶᱛᱮ ᱠᱟᱛᱷᱟ ᱨᱚᱯᱚᱲᱮ ᱨᱮᱵᱮᱱ ᱞᱮᱱᱟ, ᱤᱧᱫᱚ ᱩᱥᱟᱹᱨᱟ ᱩᱱᱤᱴᱷᱮᱱ ᱢᱤᱫᱷᱟᱣ ᱤᱧ ᱥᱮᱱ ᱮᱱᱟᱼᱨᱤᱡᱷᱟᱹᱣᱟᱱᱟᱜ ᱢᱮᱱᱠᱷᱟᱱ ᱱᱤᱛᱽᱫᱚ ᱫᱷᱚᱱᱨᱟᱡ ᱢᱚᱦᱚᱞᱨᱮ ᱨᱟᱹᱯᱩᱫ ᱚᱲᱟᱜ, ᱡᱟᱸᱦᱟᱨᱮ ᱩᱱᱤᱫᱚ ᱟᱡᱽᱨᱮᱱ ᱠᱩᱲᱤ ᱡᱩᱵᱮᱭᱫᱟ ᱥᱟᱶᱛᱮᱭ ᱛᱟᱸᱦᱮᱱᱟ ᱾
और फिर मुझे है!	ᱟᱨ ᱤᱱᱟᱹ ᱛᱟᱭᱚᱢ ᱤᱧ ᱢᱤᱱᱟᱹᱧᱟ ᱾
जापान के परमाणु संस्थान के अनुसार, रेडियो ट्रांसलेटियम और आइसोटोन को पेड़ पर पहचाना गया है.	ᱡᱟᱯᱟᱱ ᱨᱮᱱᱟᱜ ᱯᱚᱨᱢᱟᱬᱩ ᱮᱡᱮᱱᱥᱤ ᱠᱚᱣᱟᱜ ᱞᱮᱠᱟᱛᱮ, ᱥᱚᱝᱭᱚᱱᱛᱨᱚ ᱨᱮ ᱨᱮᱰᱤᱭᱚ ᱫᱷᱚᱨᱢᱤ ᱥᱤᱡᱤᱭᱟᱢ ᱟᱨ ᱟᱭᱚᱰᱤᱱ ᱨᱮᱱᱟᱜ ᱩᱯᱨᱩᱢ ᱧᱟᱢ ᱦᱩᱭ ᱮᱱᱟ᱾
वे अगले महीने अपने 10 वीं परीक्षा पूरी करेंगे.	ᱩᱝᱠᱩ ᱫᱚ ᱑᱐ᱜᱨᱮᱰ ᱨᱮᱭᱟᱜ ᱵᱤᱰᱟᱹᱣ ᱫᱟᱨᱟᱭᱠᱟᱱ ᱢᱟᱹᱱᱦᱟᱹ ᱨᱮᱠᱩ ᱪᱟᱵᱟᱭᱟ ᱾
यह स्पेन के मर्सिया प्रांत और स्वायत्त समुदाय में पाया जाता है।	ᱱᱚᱶᱟ ᱫᱚ ᱥᱯᱮᱱ ᱨᱮᱟᱭᱜ ᱢᱩᱨᱥᱤᱭᱟ ᱯᱨᱚᱫᱮᱥ ᱟᱨ ᱟᱯᱱᱟᱨᱛᱮ ᱥᱟᱥᱮᱛ ᱜᱟᱛᱟᱠ ᱠᱚ ᱢᱩᱫᱨᱮ ᱧᱟᱢᱚᱜᱼᱟ ᱾
मैं वास्तव में व्यस्त सप्ताह था, तो एक सवारी के लिए समय बाहर नहीं ले जा सकता था.	ᱱᱤᱭᱟᱹ ᱦᱟᱯᱛᱟ ᱫᱚ ᱟᱹᱰᱤ ᱡᱚᱦᱚᱲ ᱛᱟᱦᱮᱸ ᱠᱟᱱᱛᱤᱧᱟ, ᱚᱱᱟᱛᱮ ᱨᱟᱭᱤᱰ ᱞᱟᱹᱜᱤᱫ ᱚᱠᱛᱚ ᱵᱟᱹᱧ ᱧᱟᱢ ᱟᱠᱟᱫᱟ ᱾
मेरे पास पाँच बकरी हैं।	ᱤᱧ ᱴᱷᱮᱱ ᱢᱚᱬᱮ ᱜᱚᱴᱟᱝ ᱵᱚᱠᱨᱟ ᱢᱮᱱᱟᱜᱼᱟ ᱠᱚᱣᱟ।
हवाई जहाज़ अच्छी तरह जानते हैं कि विमानों का एक खास मुख्य समूह है, जो कहीं तेज़ी से और सांत्वना देने के विशेषाधिकार के लिए उच्च डॉलर देने के लिए तैयार हैं ।	ᱮᱭᱟᱨᱞᱟᱭᱤᱱᱥ ᱫᱚ ᱵᱮᱥ ᱪᱚᱨᱚᱠ ᱠᱚ ᱵᱟᱲᱟᱭᱟ ᱡᱮ ᱭᱟᱛᱨᱤ ᱠᱚᱣᱟᱜ ᱢᱤᱫᱴᱟᱝ ᱱᱤᱥᱪᱤᱛ ᱫᱳᱞ ᱢᱮᱱᱟᱜᱼᱟ ᱡᱟᱦᱟᱸ ᱫᱚ ᱡᱟᱦᱟᱸᱥᱮᱫ ᱪᱟᱞᱟᱜ ᱨᱮᱭᱟᱜ ᱵᱤᱥᱮᱥᱚᱫᱷᱤᱠᱟᱨ ᱞᱟᱹᱜᱤᱫ ᱰᱚᱞᱟᱨ ᱨᱮ ᱵᱷᱩᱠᱛᱟᱱ ᱫᱟᱲᱮᱭᱟ ᱠᱚᱣᱟᱭ, ᱟᱨ ᱚᱱᱟ ᱦᱤᱥᱟᱹᱵᱽ ᱛᱮ ᱯᱩᱭᱥᱟᱹ ᱟᱫᱟᱭᱟᱭ᱾
चर्च का मुख्य अधिकार लगभग हज़ार साल से ज़्यादा समय से रोम में रहा था और शक्‍ति और पैसे की इस यातना ने अनेक लोगों को यह प्रश्‍न करने के लिए प्रेरित किया कि क्या यह दसाँ मिली थी या नहीं ।	ᱪᱚᱨᱪ ᱨᱮᱭᱟᱜ ᱛᱟᱞᱢᱟ ᱟᱹᱭᱫᱟᱹᱨᱤ ᱟᱹᱰᱤ ᱦᱟᱡᱟᱨ ᱥᱮᱨᱢᱟ ᱠᱷᱚᱱ ᱨᱳᱢ ᱨᱮ ᱛᱟᱦᱮᱸ ᱟᱠᱟᱱᱟ ᱟᱨ ᱫᱟᱲᱮ ᱟᱨ ᱫᱷᱚᱱ ᱨᱮᱭᱟᱜ ᱱᱤᱭᱟᱹ ᱢᱤᱫᱨᱤᱜᱤᱲ ᱫᱚ ᱟᱭᱢᱟ ᱦᱚᱲᱠᱚ ᱱᱚᱣᱟ ᱠᱩᱠᱞᱤ ᱞᱟᱹᱜᱤᱫ ᱮ ᱩᱥᱠᱟᱹᱣ ᱠᱮᱫ ᱠᱚᱣᱟ ᱡᱮ ᱪᱮᱫ ᱱᱚᱣᱟ ᱠᱟᱰᱮᱨ ᱯᱩᱨᱟᱹᱣᱜ ᱠᱟᱱ ᱛᱟᱦᱮᱸ ᱠᱟᱱᱟ᱾
बारिश के दौरान, पर्याप्त बर्फ आप अटकने के लिए बहुत कम समय में गिर सकते हैं.	ᱵᱟᱨᱯᱷᱤᱞᱟᱹ ᱛᱩᱯᱷᱟᱹᱱ ᱡᱷᱚᱜ, ᱟᱹᱰᱤ ᱠᱟᱢ ᱥᱚᱢᱚᱭ ᱨᱮᱜᱮ ᱛᱤᱱᱟᱹᱜ ᱜᱟᱱ ᱵᱚᱨᱚᱯᱷ ᱛᱮ ᱟᱢ ᱛᱟᱦᱮᱸ ᱠᱟᱛᱮ ᱧᱩᱨ ᱫᱟᱲᱮᱜᱼᱟᱢ᱾
बायोन का एरोन्डिसमेंट: बायोन का एरोन्डिसमेंट फ्रांस का एक एरोन्डिसमेंट है।	ᱵᱶᱮᱭᱳᱱ ᱨᱮᱭᱟᱜ ᱮᱹᱨᱳᱱᱰᱤᱥᱢᱮᱱᱴ ᱫᱚ ᱯᱷᱨᱟᱱᱥ ᱨᱮᱭᱟᱜ ᱮᱹᱨᱳᱱᱰᱤᱥᱢᱮᱱᱴ ᱾
इसने उन किसी भी चीज़ पर हमला किया जो पानी में प्रवेश करती; यहाँ तक कि टी.	ᱚᱱᱟ ᱫᱚ ᱟᱨᱦᱚᱸ ᱫᱟᱜ ᱨᱮ ᱡᱟᱦᱟᱱ ᱵᱚᱞᱚᱱ ᱡᱤᱱᱤᱥ ᱨᱮᱜᱮ ᱦᱟᱢᱞᱟ ᱟᱠᱟᱫ-ᱟᱭ; ᱡᱟᱦᱟᱸ ᱞᱮᱠᱟ ᱢᱤᱫ ᱢᱟᱨᱟᱝ ᱰᱟᱭᱱᱟᱥᱳᱨ ᱴᱤ.ᱨᱮᱠᱥ ᱥᱟᱸᱣ ᱦᱚᱸ ᱪᱮᱫ ᱢᱤᱞᱟᱹᱣ   ᱡᱩᱞᱟᱹᱣ ᱵᱟᱝ ᱦᱩᱭ ᱠᱮᱭᱟ।
एंटीगुआ और बारबुडा के मूल निवासी ताइनो और कालिनागो जनजाति के लोग थे।	ᱮᱹᱱᱴᱤᱜᱩᱭᱟ ᱟᱨ ᱵᱟᱨᱵᱩᱰᱟ ᱨᱮᱱ ᱥᱮᱫᱟᱭ ᱜᱤᱨᱟᱹᱵᱟᱥᱟᱱ ᱠᱚᱫᱚ ᱠᱚ ᱛᱟᱦᱮᱸ ᱠᱟᱱᱟ ᱛᱟᱭᱱᱳ ᱟᱨ ᱠᱟᱞᱤᱱᱟᱜᱳ ᱟᱹᱫᱤᱵᱟᱹᱥᱤ ᱾
लेकिन घिबेलिन्स और गुएल्फ्स नामक दो समूहों के बीच लगातार लड़ाई चलती रही।	ᱢᱮᱱᱠᱷᱟᱱ ᱜᱷᱤᱵᱮᱞᱟᱭᱤᱱᱥ ᱟᱨ ᱳᱣᱮᱞᱯᱷ ᱧᱩᱛᱩᱢᱟᱱ ᱵᱟᱨ ᱜᱟᱫᱮᱞ ᱢᱩᱫᱽᱨᱮ ᱞᱮᱛᱟᱲᱜᱮ ᱞᱟᱹᱬᱦᱟᱹᱭ ᱪᱟᱞᱟᱜ ᱠᱟᱱ ᱛᱟᱦᱮᱠᱟᱱᱟ ᱾
पचानवे	ᱱᱟᱭ ᱜᱮᱞ ᱢᱚᱬᱮ
अनुप्रयोग फार्म, आईडी सबूत, जन्म तारीख़ का सबूत, दुल्हन के दो पासपोर्ट फोटो और दूल्हे के लिए अति आवश्यक हैं.	ᱟᱹᱨᱡᱤᱥᱟᱠᱟᱢ, ᱟᱭᱰᱤ ᱯᱨᱩᱯ, ᱴᱷᱤᱠᱟᱹᱱᱟ ᱨᱮᱭᱟᱜ ᱥᱟᱵᱩᱫ, ᱡᱟᱱᱟᱢ ᱢᱟᱹᱦᱤᱛ ᱨᱮᱭᱟᱜ ᱥᱟᱵᱩᱫ, ᱡᱟᱶᱟᱭ ᱟᱨ ᱵᱟᱹᱦᱩᱣᱟᱜ ᱵᱟᱱᱟᱨ ᱯᱟᱥᱯᱳᱴ ᱪᱤᱛᱟᱹᱨ ᱱᱤᱦᱟᱹᱛᱜᱮ ᱞᱟᱹᱠᱛᱤ ᱢᱮᱱᱟᱜᱼᱟ ᱾
एक	ᱢᱤᱫ
वह काफ़ी व्यस्त और परीक्षा में है, लेकिन कोई भी चश्‍मदीद गवाह प्रमाण दूषित हो सकता है क्योंकि उसकी छवि व्यापक रूप से प्रकाशित की गयी है ।	ᱩᱱᱤ ᱵᱤᱪᱥᱹᱨ ᱟᱨ ᱫᱩᱥᱤ ᱥᱟᱵ ᱞᱟᱹᱜᱤᱫ ᱠᱚᱥᱴᱚᱰᱤᱨᱮ ᱦᱮᱱᱟᱭᱟ ᱟᱨ ᱟᱡᱟᱜ ᱪᱤᱛᱟᱹᱨ ᱜᱚᱴᱟ ᱯᱟᱥᱱᱟᱣ ᱠᱟᱱ ᱠᱷᱟᱹᱛᱤᱨ ᱡᱟᱦᱟᱱ ᱥᱟᱹᱠᱷᱤ ᱦᱚᱸᱠᱚ ᱦᱮᱡ ᱵᱟᱹᱲᱤᱡᱚᱜ ᱜᱮᱭᱟ᱾
जापान की संस्कृति और भी बड़ी हो सकती है और इसे पश्‍चिमी देशों में इस्तेमाल किया जा सकता है ।	ᱡᱟᱯᱟᱱ ᱠᱚᱣᱟᱜ ᱠᱟᱹᱢᱤ ᱞᱟᱠᱪᱟᱨ ᱫᱚ ᱟᱹᱰᱤᱛᱮᱫ ᱦᱮᱭᱨᱟᱨᱪᱤᱠᱟᱞ ᱟᱨ ᱯᱷᱚᱨᱢᱟᱞᱟ ᱡᱟᱦᱟᱸ ᱯᱩᱪᱷᱤᱢ ᱥᱮᱫᱟᱜ ᱫᱤᱥᱚᱢ ᱦᱚᱲ ᱠᱚ ᱵᱮᱵᱷᱟᱨ ᱫᱟᱲᱮᱭᱟᱜᱼᱟ᱾
मेरे पास दस काग़ज़ हैं।	ᱤᱧ ᱴᱷᱮᱱ ᱜᱮᱞ ᱜᱚᱴᱟᱝ ᱠᱟᱜᱚᱡᱽ ᱢᱮᱱᱟᱜᱼᱟ ᱠᱚᱣᱟ।
यह 1, 5, 19 और 95 से विभाज्य है।	ᱱᱚᱶᱟ ᱫᱚ ᱑,᱕,᱑᱙ ᱟᱨ ᱫᱟᱨᱟᱭᱛᱮ ᱦᱟᱴᱟᱲᱚᱜᱼᱟ ᱾
यह आम तौर पर एक या दो के बीच रहता है ।	ᱱᱤᱭᱟᱹ ᱫᱚ ᱥᱟᱫᱷᱟᱨᱚᱱ ᱞᱮᱠᱟᱛᱮ ᱢᱤᱫᱽ ᱥᱮ ᱵᱟᱨ ᱥᱨᱢᱟ ᱢᱩᱫᱽᱨᱮᱜᱤ ᱛᱷᱟᱹᱭᱤᱫᱚᱜᱽᱼᱟ ᱾
एक ऑर्थो डॉक्टर द्वारा दी गई एलोपैथी दवाओं के भयानक दुष्प्रभाव होते हैं।	ᱢᱤᱫᱦᱚᱲ ᱟᱨᱛᱷᱳ ᱰᱟᱠᱛᱟᱨ ᱮᱢᱟᱜ ᱟᱹᱞᱳᱯᱮᱹᱛᱷᱤ ᱨᱟᱱ ᱨᱮᱭᱟᱜ ᱵᱚᱛᱚᱨᱟᱱ ᱵᱟᱹᱲᱤᱡ ᱚᱨᱥᱚᱝ ᱢᱮᱱᱟᱜᱼᱟ ᱾
हमारे पास खनिज और चिकनी - चुपड़ी बातें भी हैं ।	ᱟᱞᱮᱫᱚ ᱥᱟᱞᱟᱰ ᱟᱨ ᱱᱟᱯᱟᱭ ᱥᱤᱢᱟᱹ ᱢᱮᱱᱟᱜᱼᱟ ᱾
जब एक से अधिक लॉक हो, तो अधिक समय खर्च किया जाता है और लॉक बंद कर दिया जाता है, और दूसरा, सही तर्क और अधिक जटिल हो जाता है.	ᱠᱟᱹᱣᱰᱤ ᱧᱟᱢ ᱨᱮᱭᱟᱜ ᱴᱨᱮᱰᱼᱚᱯᱷ ᱫᱚ ᱦᱩᱭᱩᱜᱽ ᱠᱟᱱᱟ ᱯᱟᱹᱦᱤᱞ, ᱛᱤᱨᱮ ᱢᱤᱫ ᱠᱷᱚᱱ ᱰᱷᱮᱨ ᱞᱚᱠ ᱛᱟᱦᱮᱸᱱᱟ,ᱩᱱᱚᱠᱛᱮ ᱞᱚᱠ ᱦᱟᱢᱮᱴ ᱟᱨ ᱟᱲᱟᱜᱽ ᱨᱮ ᱟᱨᱦᱚ ᱡᱟᱹᱥᱛᱤ ᱚᱠᱛᱮᱭ ᱱᱚᱥᱴᱚᱭᱟ, ᱟᱨ ᱫᱚᱥᱟᱨ ᱫᱚ, ᱡᱚᱛᱷᱟᱛᱟᱱᱟᱜ ᱡᱩᱠᱛᱤᱠᱩ ᱟᱨᱦᱚ ᱠᱚᱴᱷᱤᱱ ᱤᱫᱤᱜᱽᱼᱟ ᱾
यह कहा जाता है और आमतौर पर हम इसे काली लड़की के साथ खाते हैं.	ᱱᱚᱶᱟᱫᱚ ᱯᱩᱴᱴᱟ ᱠᱚ ᱢᱮᱛᱟᱜᱼᱟ ᱟᱨ ᱟᱞᱮᱫᱚ ᱦᱮᱸᱫᱮ ᱵᱷᱩᱴ ᱥᱟᱶᱞᱮ ᱡᱚᱢᱟ ᱾
चिकित्सकों के संकाय (फ़ैकल्टी ऑफ़ फ़िज़िशियंस) द्वारा उनकी कड़ी आलोचना की गई थी।	ᱛᱤᱠᱤᱪᱪᱷᱚᱠᱚ ᱠᱚᱣᱟᱜ ᱠᱷᱟᱥ ᱜᱟᱠᱷᱩᱲᱟᱱ ᱠᱚ ᱫᱟᱨᱟᱭᱛᱮ ᱩᱱᱤ ᱫᱚ ᱟᱹᱰᱤᱵᱟᱹᱲᱛᱤᱭ ᱚᱠᱛᱟ ᱞᱮᱱᱟ ᱾
आलेख 28 कहता है कि जब किसी गाँव को युद्ध के ज़रिए पकड़ लिया जाता है, तब भी किसी पार्टी द्वारा गोली चलाने की अनुमति नहीं है ।	᱒᱘ ᱱᱚᱢᱵᱚᱨ ᱫᱷᱟᱨᱟᱭ ᱞᱟᱹᱭᱟ ᱡᱮ, ᱢᱤᱫᱴᱟᱝ ᱟᱛᱩ ᱡᱚᱠᱷᱚᱱ ᱞᱟᱹᱲᱦᱟᱹᱭ ᱦᱚᱛᱮᱛᱮ ᱜᱚᱵᱚᱞᱨᱮ ᱦᱤᱡᱩᱜᱼᱟ ᱛᱚᱠᱷᱚᱱ ᱡᱟᱦᱟᱸᱱ ᱫᱚᱞ ᱦᱚᱛᱮᱛᱮ ᱞᱩᱴᱨᱟᱯᱟᱡ ᱨᱮᱭᱟᱜ ᱟᱹᱭᱫᱟᱹᱨ ᱵᱟᱝ ᱛᱟᱦᱮᱸᱱᱟ ᱾
उनके दादाजी ने उनसे केवल 4 वर्ष की आयु में ही संगीत की पढ़ाई शुरू करने का आग्रह किया।	ᱮᱠᱮᱱ ᱔ ᱥᱮᱨᱢᱟ ᱩᱢᱟᱹᱨ ᱨᱮᱜᱮ ᱩᱱᱤ ᱟᱡᱽ ᱦᱟᱲᱟᱢᱵᱟ ᱫᱚ ᱢᱤᱣᱡᱤᱠ ᱯᱟᱲᱦᱟᱣ ᱮᱛᱚᱦᱚᱵᱽ ᱞᱟᱹᱜᱤᱫᱼᱮ ᱱᱮᱦᱚᱨ ᱟᱫᱮ ᱛᱟᱦᱮᱸᱱ  ᱼᱟ ᱾
एरिया कोड 603: एरिया कोड 603 न्यू हैम्पशायर का एक एरिया कोड है।	ᱴᱚᱴᱷᱟ ᱠᱳᱰ ᱖᱐᱓ ᱫᱚ ᱦᱩᱭᱩᱜ ᱠᱟᱱᱟ ᱦᱮᱹᱢᱯᱥᱟᱭᱟᱨ ᱨᱮᱭᱟᱜ ᱢᱤᱫᱴᱟᱝ ᱴᱚᱴᱷᱟ ᱠᱳᱰ ᱾
ᱦᱮᱸ	हाँ
सत्तानवे	ᱱᱟᱭ ᱜᱮᱞ ᱮᱭᱟᱭ
मेरे पास पचानवे शब्द हैं।	ᱤᱧ ᱴᱷᱮᱱ ᱱᱟᱭ ᱜᱮᱞ ᱢᱚᱬᱮ ᱜᱚᱴᱟᱝ ᱥᱚᱵᱚᱫ ᱢᱮᱱᱟᱜᱼᱟ ᱠᱚᱣᱟ।
इसी कारण वह दिन सारी दुनिया में एक समान दिन के रूप में भी मनाया जाता है ।	ᱚᱱᱟ ᱞᱟᱹᱜᱤᱫᱽᱛᱮᱜᱤ ᱚᱱᱟ ᱢᱟᱦᱟ ᱫᱚ ᱜᱚᱴᱟ ᱩᱯᱟᱹᱯᱚᱱᱚᱛᱨᱮ ᱥᱟᱢᱢᱚ ᱫᱤᱵᱚᱥ ᱞᱮᱠᱟᱛᱮ ᱦᱚᱸ ᱢᱟᱱᱟᱜᱽᱠᱟᱱᱟ ᱾
गोल करने के बाद अत्यधिक जश्न मनाना अरुचिकर था।	ᱜᱳᱞ ᱛᱟᱭᱚᱢ ᱟᱹᱰᱤ ᱵᱟᱹᱲᱛᱤ ᱯᱟᱞᱟᱣ ᱫᱚ ᱛᱟᱦᱮᱸ ᱠᱟᱱᱟ ᱟᱹᱰᱤ ᱟᱹᱲᱤᱥᱟᱱᱟᱜ ᱾
टोक्यो के ऑलम्पिक चक्र के दौरान, मैं एक मनोवैज्ञानिक के पास जाता, लेकिन मैंने इसे कभी प्राथमिकता नहीं दी और अपने शरीर की देखभाल नहीं की ।	ᱴᱳᱠᱤᱭᱳ ᱚᱞᱤᱢᱯᱤᱠ ᱪᱟᱞᱟᱠ ᱚᱠᱛᱚ, ᱤᱧᱫᱚ ᱢᱤᱫ ᱢᱚᱱᱼᱥᱟᱸᱲᱮᱥᱤᱭᱟᱹ ᱴᱷᱮᱱᱤᱧ ᱪᱟᱞᱟᱜᱼᱟ, ᱢᱮᱱᱠᱷᱟᱱ ᱤᱧᱫᱚ ᱱᱚᱶᱟ ᱛᱤᱥᱦᱚᱸ ᱞᱟᱦᱟᱨᱮ ᱟᱹᱭᱫᱟᱹᱨ ᱵᱟᱹᱧ ᱮᱢᱟᱠᱟᱫᱟ ᱟᱨ ᱤᱧᱟᱹᱜ ᱦᱚᱲᱢᱚ ᱵᱟᱹᱧ ᱡᱚᱛᱚᱱ ᱟᱠᱟᱫᱟ ᱾
सॉफ्टवेयर को सार्वजनिक लाइसेंस देने के लिए GPS को मुख्यतः बनाया जाता है.	ᱡᱤᱯᱤᱮᱞ ᱫᱚ ᱮᱛᱚᱦᱚᱵ ᱞᱮᱠᱟᱛᱮ ᱢᱤᱫᱴᱟᱝ ᱥᱚᱯᱷᱴᱳᱭᱮᱨ ᱯᱟᱵᱞᱤᱠ ᱞᱟᱭᱥᱮᱱᱥ ᱮᱢᱟᱭ ᱞᱟᱹᱜᱤᱫᱛᱮ ᱰᱤᱡᱟᱭᱤᱱ ᱟᱠᱟᱱᱟ ᱾
मेरे पास छः पानी हैं।	ᱤᱧ ᱴᱷᱮᱱ ᱛᱩᱨᱩᱭ ᱜᱚᱴᱟᱝ ᱫᱟᱜ ᱢᱮᱱᱟᱜᱼᱟ ᱠᱚᱣᱟ।
मेरे पास इकहत्तर कुर्सी हैं।	ᱤᱧ ᱴᱷᱮᱱ ᱮᱭᱟᱭ ᱜᱮᱞ ᱢᱤᱫ ᱜᱚᱴᱟᱝ ᱠᱩᱨᱥᱤ ᱢᱮᱱᱟᱜᱼᱟ ᱠᱚᱣᱟ।
उस गोली को मत निगलना। मैंने सुना है कि यह सुअर की आंत से बनी है।	ᱚᱱᱟ ᱴᱮᱵᱞᱮᱴ ᱫᱚ ᱟᱞᱚᱢ ᱩᱫxᱜᱚᱞ ᱠᱟᱜᱼᱟ ᱾ ᱟᱸᱡᱚᱢ ᱟᱠᱟᱫᱟᱹᱧ ᱥᱩᱠᱨᱤ-ᱟᱜ ᱤᱛᱤᱞ ᱠᱷᱚᱱ ᱵᱮᱱᱟᱣ ᱟᱠᱟᱱᱟ ᱾
दो बहन भाषाएँ छः उत्तर राज्यों में बोली जाती हैं और भारतीय उप-देश के 500 लाख से अधिक लोगों द्वारा ही समझ लिया जाता है	ᱵᱟᱨᱭᱟ ᱵᱚᱭᱦᱟ ᱠᱩᱲᱤ ᱯᱟᱹᱨᱥᱤ ᱩᱛᱛᱟᱹᱨ ᱨᱮᱭᱟᱜ ᱖ ᱜᱚᱴᱟᱝ ᱯᱚᱱᱚᱛ ᱨᱮ ᱠᱚ ᱨᱚᱲᱟ ᱟᱨ ᱵᱷᱟᱨᱚᱛᱤᱭᱚ ᱩᱯᱚᱢᱚᱦᱟᱫᱮᱥ ᱨᱮ ᱕᱐᱐ ᱢᱤᱞᱤᱭᱚᱱ ᱠᱷᱚᱱ ᱵᱟᱹᱲᱛᱤ ᱦᱚᱲ ᱠᱚ ᱵᱩᱡᱼᱟ ᱦᱤᱱᱫᱤ ᱟᱨ ᱩᱨᱫᱩ ᱞᱟᱹᱜᱤᱫ ᱢᱤᱫᱴᱟᱝ ᱚᱡᱮ ᱜᱮ ᱡᱚᱛᱷᱟᱛᱼᱟ ᱪᱮᱛᱟᱱ ᱨᱮᱭᱟᱜ ᱜᱮᱞ ᱯᱩᱱ ᱜᱚᱴᱟᱝ ᱚᱯᱷᱤᱥᱤᱭᱟᱞ ᱤᱱᱰᱤᱭᱟᱱ ᱞᱮᱹᱱᱜᱩᱭᱮᱡ ᱵᱷᱟᱨᱚᱛ ᱨᱮᱭᱟᱜ ᱧᱩᱛᱩᱢᱟᱱ ᱥᱤᱱᱮᱢᱟ ᱯᱟᱹᱨᱥᱤ ᱦᱩᱭᱩᱜ ᱨᱮᱭᱟᱜ ᱡᱚᱠᱷᱚᱱ ᱑᱙᱓᱑ ᱥᱟᱹᱦᱤᱛᱨᱮ ᱤᱱᱰᱤᱭᱟᱱ ᱥᱤᱞᱵᱷᱟᱨ ᱥᱠᱨᱤᱱ ᱨᱮ ᱟᱲᱟᱝ ᱦᱮᱡ ᱞᱮᱱᱟ ᱾
पाँच नीति वर्षों के बीतने के बाद मृत्यु पर परन्तु प्रौढ़ता की तिथि से पहिले, मृत्यु और सच्चाई के अतिरिक्‍त, यदि कोई हो, तो पूरा किया जाए ।	ᱢᱚᱸᱬᱮ ᱯᱚᱞᱤᱥᱤ ᱥᱮᱨᱢᱟ ᱯᱩᱨᱟᱹᱣ ᱛᱟᱭᱚᱢ ᱢᱮᱱᱠᱷᱟᱱ ᱢᱮᱭᱟᱫ ᱯᱩᱨᱟᱹᱣ ᱢᱟᱹᱦᱤᱫ ᱞᱟᱦᱟ ᱜᱩᱡᱩᱜᱨᱮ, ᱜᱩᱡᱩᱜ ᱟᱨ ᱯᱟᱹᱛᱭᱟᱹᱣ ᱥᱟᱶ ᱡᱚᱯᱚᱲᱟᱣ ᱵᱤᱢᱟᱹ ᱠᱟᱹᱣᱰᱤ, ᱡᱩᱫᱤ ᱛᱟᱦᱮᱸᱱᱟ, ᱮᱢᱚᱜᱚᱜᱼᱟ ᱾
कुछ रास्तों पर, बड़ी कंपनियों का अपना ही विमान होता है, लेकिन अन्य रास्तों और छोटे पैमाने पर एक समस्या थी ।	ᱠᱤᱪᱷᱩ ᱰᱟᱦᱟᱨ ᱨᱮ ᱞᱟᱴᱩ ᱠᱚᱢᱯᱟᱱᱤ ᱠᱚ ᱫᱚ ᱟᱠᱚᱣᱟᱜ ᱩᱰᱟᱹᱱ ᱜᱟᱹᱰᱤ ᱢᱮᱱᱟᱜ ᱛᱟᱠᱚᱣᱟ, ᱢᱮᱱᱠᱷᱟᱱ ᱮᱴᱟᱜ ᱰᱟᱦᱟᱨ ᱠᱚ ᱟᱨ ᱦᱩᱰᱤᱧ ᱯᱷᱨᱢ ᱠᱚ ᱞᱟᱹᱜᱤᱫ ᱫᱚ ᱢᱩᱥᱠᱤᱞ ᱛᱟᱦᱮᱸ ᱞᱮᱱᱟ᱾
डेमशस्की ने अपनी पुस्तक में इसके बारे में लिखा, " उच्च न्यायालय को राज्य की घोषणा करते हुए: जनता की दिलचस्पी और Mririgigion भारत में सार्वजनिक गोला," जो वास्तव में सन्‌ 2001 में फ्रांसीसी यूनिवर्सिटी प्रेस द्वारा प्रकाशित किया गया था।	ᱰᱮᱢᱵᱚᱥᱠᱤ ᱟᱡᱟᱜ ᱯᱩᱛᱷᱤ, ''ᱴᱮᱠᱤᱝ ᱫᱟ ᱥᱴᱮᱴ ᱴᱩ ᱫᱟ ᱥᱩᱯᱨᱤᱢ ᱠᱳᱨᱴ ᱺ ᱯᱟᱵᱞᱤᱠ ᱤᱱᱴᱟᱨᱮᱥᱴ ᱞᱤᱴᱤᱜᱮᱥᱚᱱ ᱮᱱᱰ ᱫᱟ ᱯᱟᱵᱞᱤᱠ ᱥᱯᱮᱨ ᱤᱱᱢᱮᱴᱨᱳᱯᱚᱞᱤᱴᱚᱱ ᱤᱱᱰᱤᱭᱟ,'' ᱯᱩᱛᱷᱤᱨᱮ ᱱᱚᱶᱟ ᱵᱟᱨᱮᱛᱮᱭ ᱚᱞ ᱟᱠᱟᱫᱟ, ᱡᱟᱦᱟᱸ ᱒᱐᱒᱑ ᱥᱟᱹᱦᱤᱛᱨᱮ ᱚᱠᱥᱷᱳᱨᱰ ᱤᱭᱩᱱᱤᱵᱷᱟᱨᱥᱤᱴᱤ ᱯᱨᱮᱥ ᱦᱚᱛᱮᱛᱮ ᱯᱟᱨᱥᱟᱞ ᱦᱩᱭᱞᱮᱱᱟ ᱾
यह कार्यकर्ता या किसी अन्य व्यक्ति की चोट या मृत्यु का कारण बन सकता है।	ᱱᱚᱶᱟ ᱫᱚ ᱠᱟᱹᱢᱤᱭᱟᱹ ᱠᱚ ᱥᱮ ᱮᱴᱟᱜ ᱡᱟᱸᱦᱟᱭᱟᱜ ᱜᱷᱟᱹᱞ ᱥᱮ ᱜᱚᱡ ᱨᱮᱭᱟᱜ ᱚᱡᱮ ᱦᱩᱭ ᱫᱟᱲᱮᱭᱟᱜᱼᱟ ᱾
मेरे पास तीन सेब हैं।	ᱤᱧ ᱴᱷᱮᱱ ᱯᱮ ᱜᱚᱴᱟᱝ ᱟᱢᱚᱞ ᱢᱮᱱᱟᱜᱼᱟ ᱠᱚᱣᱟ।
मेडागास्कर सबसे बड़ा है, और जब जंगली जानवरों की बात आती है तब इसके स्वयं एक महाद्वीप में ।	ᱡᱚᱠᱷᱚᱱ ᱵᱤᱨ ᱡᱩᱱᱛᱩ ᱠᱚᱣᱟᱜ ᱠᱟᱛᱷᱟ ᱦᱤᱡᱩᱜ-ᱟ ᱮᱱᱠᱷᱟᱱ ᱢᱟᱰᱟᱜᱟᱥᱠᱚᱨ ᱱᱤᱛ ᱦᱟᱹᱵᱤᱡ ᱨᱮᱱᱟᱜ ᱡᱚᱛᱚ ᱠᱷᱚᱱ ᱢᱟᱨᱟᱝ ᱟᱨ ᱱᱤᱡᱽ ᱛᱮ ᱱᱚᱣᱟ ᱫᱚ ᱢᱤᱫ ᱢᱚᱦᱟᱫᱤᱯ ᱠᱟᱱᱟI
वह आज एक सफल वेब रचनाकार है ।	ᱩᱱᱤ ᱫᱚ ᱛᱤᱦᱤᱧ ᱢᱤᱫᱽ ᱡᱤᱛᱠᱟᱹᱨᱤᱭᱟᱹ ᱳᱣᱮᱵ ᱰᱤᱡᱟᱭᱤᱱᱟᱨ ᱠᱟᱱᱟᱭ ᱾
लेकिन तुम्हें पता है, के लिए मेरे लिए यह बहुत मुश्किल है भूगोल की तरह एक विषय के साथ कनेक्ट करना.	ᱢᱮᱱᱠᱷᱟᱱ ᱟᱢᱮᱢ ᱵᱟᱲᱟᱭᱟ, ᱤᱧ ᱞᱟᱹᱜᱤᱫ ᱫᱚ ᱚᱛᱱᱚᱜ ᱞᱮᱠᱟᱱ ᱥᱟᱛᱟᱢ ᱥᱟᱶ ᱡᱚᱯᱲᱟᱜ ᱫᱚ ᱟᱹᱰᱤ ᱟᱡᱷᱟᱴ ᱜᱮᱭᱟ ᱟᱹᱰᱤ ᱟᱡᱷᱟᱴ ᱜᱮᱭᱟ ᱾
Bek और Ecuteren एक आपातकालीन आदेश होगा फरवरी के 10वें तक, जो पुलिस को बिना कारण बंद करने की अनुमति देगा.	ᱵᱤᱠ ᱟᱨ ᱤᱪᱴᱼᱥᱟᱥᱴᱮᱨᱮᱱᱼᱨᱮᱭᱟᱜ ᱑᱐ ᱯᱷᱮᱵᱨᱩᱣᱟᱨᱤ ᱦᱟᱹᱵᱤᱡᱽ ᱢᱤᱫ ᱞᱟᱹᱠᱛᱤᱭᱟᱱ ᱦᱩᱠᱩᱢ ᱛᱟᱦᱮᱸᱱᱟ, ᱡᱟᱦᱟᱸᱫᱚ ᱯᱩᱞᱤᱥ ᱠᱚ ᱵᱮᱜᱚᱨ ᱚᱡᱮᱛᱮ ᱥᱴᱚᱯᱼᱮᱱᱰᱼᱯᱦᱨᱤᱠ ᱨᱮᱭᱟᱜ ᱪᱷᱟᱹᱲᱮ ᱮᱢᱟ ᱠᱚᱣᱟ ᱾
कोई मैडम, मैं तीन दिन वापस घर आया.	ᱵᱟᱝ ᱢᱟᱪᱮᱛᱟᱱᱤ, ᱯᱮ ᱫᱤᱱ ᱞᱟᱦᱟᱨᱮ ᱚᱲᱟᱜ ᱤᱧ ᱦᱮᱡ ᱟᱠᱟᱱᱟ ᱾
2000 की जनगणना के अनुसार एडम्स में 464 लोग रह रहे थे।	᱒᱐᱐᱐ ᱥᱟᱞ ᱨᱮᱭᱟᱜ ᱦᱚᱲ ᱞᱮᱠᱷᱟ ᱞᱮᱠᱟᱛᱮ ᱮᱹᱰᱟᱢᱟᱥ ᱨᱮ ᱔᱖᱔ ᱦᱚᱲᱠᱚ ᱜᱤᱨᱟᱹ ᱵᱟᱥᱚᱜ ᱛᱟᱦᱮᱸ ᱾
इस इलाके में ठंड का इस्तेमाल सावधानी से किया जाता है ।	ᱱᱤᱭᱟᱹ ᱮᱞᱟᱠᱟ ᱨᱮ ᱢᱟᱹᱨᱤᱪ ᱜᱩᱱᱰᱟᱹ ᱨᱮᱭᱟᱜ ᱵᱮᱵᱚᱦᱟᱨ ᱫᱚ ᱥᱚᱱᱛᱚᱨᱟᱛᱮ ᱦᱩᱭᱩᱜ ᱠᱟᱱᱟ ᱾
कुछ लोगों ने सोचा कि वह सही है लेकिन अनेक लोग विपरीत विश्‍वास करते हैं; कि सौर मण्डल पृथ्वी के चारों ओर फैल गया, जिसमें सूर्य (और अन्य तारों) भी शामिल था ।	ᱠᱤᱪᱷᱩ ᱦᱚᱲ ᱠᱚ ᱢᱚᱱᱮᱭᱟ ᱡᱮ ᱩᱱᱠᱩᱫᱚ ᱴᱷᱤᱠ ᱠᱚ ᱛᱟᱦᱮᱸ ᱠᱟᱱᱟ ᱟᱨ ᱟᱭᱢᱟ ᱦᱚᱲ ᱱᱚᱶᱟ ᱨᱮᱭᱟᱜ ᱩᱞᱴᱟᱹ ᱠᱚ ᱯᱟᱹᱛᱭᱟᱹᱣᱜ-ᱟ; ᱡᱟᱦᱟᱸ ᱫᱚ ᱥᱳᱞᱟᱨ ᱥᱤᱥᱴᱚᱢ ᱢᱤᱨᱛᱷᱤᱠᱟ ᱫᱷᱟᱨᱮᱛᱮ ᱟᱹᱪᱩᱨᱚᱜ ᱠᱟᱱᱟ, ᱥᱤᱧ ᱪᱟᱸᱫᱚ ᱢᱮᱥᱟ ᱟᱛᱮ (ᱟᱨ ᱮᱴᱟᱜ ᱤᱯᱤᱞ ᱠᱚ ᱥᱟᱶ)᱾
मैं बहुत बार अपने व्यक्तिगत आईडी पर डाक जाँच नहीं है.	ᱤᱧ ᱤᱧᱟᱹᱜ ᱟᱯᱱᱟᱨ ᱟᱱᱟᱜ ᱢᱮᱞᱠᱚ ᱜᱷᱟᱱᱮ ᱜᱮ ᱵᱟᱹᱧ ᱪᱮᱠᱼᱟ ᱾
अल्बासेटे स्पेन के स्वायत्त समुदाय कैस्टिले-ला मांचा में स्थित एक प्रांत है।	ᱟᱞᱮᱠᱥ ᱨᱟᱭᱰᱟᱨ ᱫᱚ ᱦᱩᱭᱩᱜ ᱠᱟᱱᱟ ᱜᱩᱯᱛᱚᱪᱚᱨ ᱯᱚᱛᱚᱵ ᱠᱚ  ᱨᱮᱭᱟᱜ ᱢᱤᱫᱴᱟᱝ ᱥᱤᱨᱤᱡ ᱾
सन्‌ 2014 से, यह मोदी सरकार की प्राथमिकता रही है औसत भारतीयों के लिए यह आसान बनाने और नए पासपोर्ट प्राप्त करने के लिए, घर और विदेश में दोनों.	᱒᱐᱑᱔ ᱠᱷᱚᱱ, ᱚᱲᱟᱜ ᱟᱨ ᱵᱤᱫᱟᱹᱥ ᱨᱮᱱ ᱡᱚᱛᱚ ᱜᱚᱲ ᱵᱷᱟᱨᱚᱛᱤᱭᱟᱹ ᱠᱩ ᱞᱟᱹᱜᱤᱫ ᱯᱟᱥᱯᱳᱨᱴ ᱧᱟᱢ ᱟᱨ ᱱᱟᱣᱟ ᱟᱨᱩᱭ ᱨᱮ ᱟᱞᱜᱟᱭ ᱜᱤ ᱢᱳᱫᱤ ᱥᱟᱨᱠᱟᱨᱟᱜ ᱢᱟᱬᱟᱝ ᱟᱹᱭᱫᱟᱹᱨ ᱫᱚ ᱛᱟᱦᱮᱸᱠᱟᱱᱟ ᱾
क्रोएशिया और डेनमार्क में एच5N1 के मामले हमेशा अटल रहते हैं ।	ᱠᱨᱚᱴᱤᱭᱟ ᱟᱨ ᱰᱮᱱᱢᱟᱨᱠ ᱨᱮ H5N1 ᱨᱮᱱᱟᱜ ᱥᱚᱱᱷᱮᱭᱟᱱ ᱢᱟᱢᱞᱟ ᱱᱤᱛ ᱦᱚᱸ ᱴᱷᱟᱹᱣᱠᱟᱹ ᱵᱟᱹᱱᱩᱜ-ᱟI
अब हमारे पास 4 महीने के चूहे हैं कि अविभ्यिक हैं जो अभ्य्य्य हैं, वह जोड़ा गया.	⁣ᱩᱱᱤ ᱞᱟᱹᱭ ᱠᱮᱜ-ᱟᱭ, "ᱟᱞᱮ ᱴᱷᱮᱱ ᱔ ᱪᱟᱸᱫᱚ ᱨᱤᱱᱤᱡ ᱜᱩᱰᱩ ᱢᱮᱱᱟᱭᱟ ᱡᱟᱦᱟᱸᱭ ᱫᱚ ᱵᱟᱭ ᱰᱟᱭᱵᱮᱴᱤᱥᱟ ᱩᱱᱤ ᱯᱩᱭᱞᱩ ᱰᱟᱭᱵᱮᱴᱤᱥ ᱛᱟᱦᱮᱸᱠᱟᱱᱟ᱾"
तुम पिछले 5 दिनों से ऑफिस क्यों नहीं आए? क्या तुम सोचते हो कि तुम जब चाहो तब अंदर आ सकते हो और जब चाहो बाहर जा सकते हो?	ᱪᱟᱞᱟᱣᱮᱱ ᱕ ᱢᱟᱦᱟ ᱪᱮᱫᱟᱜ ᱟᱢ ᱫᱚ ᱩᱯᱷᱤᱥ ᱵᱟᱢ ᱦᱮᱪ ᱟᱠᱟᱱᱟ? ᱟᱢ ᱫᱚ ᱪᱮᱫ ᱮᱢ ᱢᱚᱱᱮᱭᱮᱫᱟ ᱟᱢ ᱫᱚ ᱡᱟᱦᱟᱸᱛᱤᱱ ᱨᱮᱜᱮᱢ ᱠᱩᱥᱤᱜ ᱵᱚᱞᱚᱱᱟᱢ ᱟᱨᱮᱢ ᱩᱰᱩᱠᱚᱜᱼᱟ ?
उसका लेख आगेवाली किताब की कुछ आयतों पर चर्चा करता है ।	ᱩᱱᱤᱭᱟᱜ ᱚᱱᱚᱞ,ᱦᱤᱡᱩᱜ ᱠᱟᱱ ᱯᱚᱛᱚᱵ ᱨᱮᱭᱟᱜ ᱢᱤᱫ ᱦᱤᱸᱥ, ᱥᱟᱹᱥᱤᱛ ᱥᱤᱱᱟᱹᱢᱟ ᱨᱮᱭᱟᱜ ᱚᱛ ᱵᱷᱤᱛᱨᱤ ᱫᱷᱟᱹᱨᱛᱤ ᱨᱮᱭᱟᱜ ᱢᱤᱫ ᱡᱤᱭᱤᱟᱱ ᱪᱤᱛᱟᱹᱨᱮ ᱥᱟᱨᱵᱷᱟᱨᱟ ᱾
सन्‌ १९७० के दशक में, संयुक्‍त राष्ट्र संघ संघीय चुनाव में शामिल होने के लिए संघीय चुनाव के लिए सरकारी वकील के रूप में इस कार्य का विरोध किया गया है ।	ᱰᱮᱵᱷᱚᱱᱯᱳᱨᱴ, ᱛᱟᱥᱢᱟᱱᱤᱭᱟ ᱨᱮᱭᱟᱜ ᱢᱮᱨᱥᱤ ᱚᱥᱯᱟᱛᱟᱞ ᱨᱮᱭᱟᱜ ᱯᱷᱚᱱᱰᱤᱝ ᱡᱟᱦᱟᱸ ᱛᱤᱥ ᱠᱷᱚᱱ ᱯᱷᱮᱰᱮᱨᱟᱞ ᱥᱚᱨᱠᱟᱨᱮ ᱦᱟᱛᱟᱣ ᱠᱮᱜ-ᱟ, ᱩᱱ ᱦᱤᱞᱚᱜ ᱠᱷᱚᱱ ᱯᱚᱱᱚᱛ ᱥᱚᱨᱠᱟᱨ ᱟᱨ ᱠᱤᱪᱷᱩ ᱠᱮᱱᱫᱨᱚ ᱥᱟᱝᱥᱚᱫᱽ ᱠᱟᱨᱛᱤ ᱨᱮ ᱦᱩᱭᱩᱜ ᱨᱮᱭᱟᱜ ᱯᱷᱮᱰᱮᱨᱟᱞ ᱵᱟᱪᱷᱱᱟᱣ ᱵᱟᱵᱚᱫᱽᱛᱮ ᱱᱚᱶᱟ ᱠᱚ ᱥᱚᱢᱟᱞᱚᱪᱚᱱᱟ ᱟᱠᱟᱫᱟ᱾
मैं आधी रात को अकेले तहखाने (बेसमेंट) में नहीं जाना चाहता।	ᱤᱧ ᱛᱟᱞᱟ ᱧᱤᱫᱟᱹ ᱮᱠᱞᱟ ᱵᱮᱥᱢᱮᱱᱴ ᱛᱮ ᱪᱟᱞᱟᱜ ᱵᱟᱹᱧ ᱠᱷᱚᱡ ᱠᱟᱱᱟ ᱾
होटल के भोजन से खुश होने के बजाय, भिखारी ने मांग की कि मैं उसे सड़क किनारे के विक्रेता से खाना खरीद कर दूँ।	ᱦᱳᱴᱮᱞ ᱨᱮᱭᱟᱜ ᱡᱚᱢᱟᱜ ᱵᱟᱭ ᱠᱩᱥᱤᱭᱟᱜᱛᱮ ᱰᱟᱦᱟᱨ ᱟᱲᱮ ᱨᱮᱭᱟᱜ ᱫᱳᱠᱟᱱ ᱠᱷᱚᱱ ᱡᱚᱢᱟᱜ ᱠᱤᱨᱤᱧᱟᱭ ᱞᱟᱹᱜᱤᱫ ᱠᱚᱠᱚᱭ ᱦᱚᱲ ᱮ ᱫᱟᱹᱵᱤ ᱞᱮᱫᱟ ᱾
अधिकांश भारतीय राज्यों ने CBI को अपने क्षेत्रों में अपराधों की जाँच करने के लिए सामान्य रूप से सहमत किया था.	ᱰᱷᱮᱨᱜᱟᱱ ᱵᱷᱟᱨᱚᱛᱤᱭᱟᱹ ᱯᱚᱱᱚᱛᱠᱚ ᱥᱤᱵᱤᱟᱭ ᱫᱚ ᱟᱠᱚᱣᱟᱜ ᱴᱚᱴᱷᱟ ᱢᱩᱫᱽᱨᱮ ᱠᱟᱹᱭ ᱨᱮᱭᱟᱜ ᱛᱩᱱᱠᱷᱤ ᱞᱟᱹᱜᱤᱫ ᱥᱟᱫᱷᱟᱨᱚᱱ ᱞᱮᱠᱟᱛᱮ ᱥᱟᱭ ᱮ ᱮᱢ ᱞᱮᱫᱟ ᱾
बाद में दो हिंदू लोगों के लिए एक ऐसा काम किया जाता है, जो बौद्ध और बौद्ध लोगों में फैल जाता है ।	ᱛᱟᱭᱚᱢ ᱛᱮᱭᱟᱜ ᱫᱚ ᱵᱟᱨᱭᱟ ᱦᱤᱱᱫᱩ ᱞᱟᱹᱜᱤᱫ ᱢᱤᱫᱴᱟᱝ ᱠᱟᱹᱢᱤ, ᱡᱟᱦᱟᱸ ᱡᱚᱭᱱᱚ,ᱵᱚᱭᱫᱽᱷᱚ ᱟᱨ ᱥᱤᱠᱷ ᱠᱚ ᱞᱟᱹᱜᱤᱫ ᱯᱟᱥᱱᱟᱣ ᱾
ठीक है. मैं यहाँ हस्ताक्षर करने के लिए है?	ᱴᱷᱤᱠ ᱜᱮᱭᱟ, ᱤᱧᱫᱚ ᱪᱮᱫ ᱱᱚᱸᱰᱮᱧ ᱥᱩᱦᱤᱭᱟ ?
12 नवंबर, 2017 को दिल्ली के लोगों ने अपने दसवें झुंड की तरफ से बाराकबबा रोड पर एक गर्व का दौरा किया ।	᱒᱐᱑᱗ ᱥᱟᱞ ᱨᱮᱭᱟᱜ ᱑᱒ ᱱᱚᱵᱷᱮᱢᱵᱚᱨ ᱵᱟᱨᱟᱠᱷᱟᱢᱵᱟ ᱨᱳᱰ ᱠᱷᱚᱱ ᱡᱚᱱᱛᱚᱨ ᱢᱚᱱᱛᱚᱨ ᱫᱷᱟᱹᱵᱤᱡᱽ ᱫᱤᱞᱞᱤ ᱫᱚ ᱟᱡᱟᱜ ᱜᱮᱞ ᱠᱩᱭᱤᱨ ᱯᱨᱟᱭᱤᱰ ᱩᱫᱩᱜᱥᱚᱫᱚᱨ ᱨᱮᱭᱟᱜᱼᱮ ᱴᱷᱟᱹᱣᱠᱟᱹᱞᱮᱫᱟ ᱾
मैं उस व्यंजन को देख भी नहीं सकता, खाना तो दूर की बात है।	ᱤᱧ ᱚᱱᱟ ᱛᱷᱟᱹᱨᱤ ᱥᱮᱫ ᱠᱚᱭᱚᱜ ᱦᱚᱸ ᱵᱟᱹᱧ ᱠᱚᱭᱚᱜ ᱫᱟᱲᱮᱭᱟᱜᱼᱟ, ᱱᱚᱶᱟ ᱫᱚ ᱡᱚᱢ ᱦᱚᱪᱚᱣᱟᱹᱧ ᱢᱮ ᱾
उदाहरण के लिए, पेट के कम - से - कम एक हिस्से (जो १ से ४) पेट में पाए जानेवाले अनेक माइक्रोस्कोपों के लिए घातक हैं ।	ᱫᱟᱹᱭᱠᱟᱹᱞᱮᱠᱟᱛᱮ, ᱦᱟᱡᱟᱢᱚᱲᱟᱜ ᱞᱟᱛᱟᱨ ᱯᱤᱹᱮᱭᱤᱪ ᱫᱟᱜ (᱑ ᱠᱷᱚᱱ ᱔ ᱢᱩᱫᱽᱨᱮ) ᱟᱭᱢᱟ ᱚᱱᱩᱡᱤᱵ ᱡᱟᱦᱟᱸ ᱠᱚ ᱞᱟᱪ ᱨᱮ ᱵᱚᱞᱚᱜᱼᱟ, ᱩᱱᱠᱩ ᱞᱟᱹᱜᱤᱫ ᱡᱤᱭᱤᱱᱟᱥᱟᱣ ᱦᱩᱭᱫᱟᱲᱮᱭᱟᱜᱼᱟ ᱾
कई मामलों में, विदेश में एक छोटे से कोर्स पर भर्ती होने की संभावना वास्तव में अपने घर देश में उच्च शिक्षा वापस जाने की संभावना बेहतर हो सकती है.	ᱟᱹᱰᱤ ᱜᱟᱱ ᱢᱟᱢᱞᱟ ᱠᱚᱨᱮ, ᱵᱤᱫᱮᱥ ᱨᱮ ᱜᱮᱯ-ᱤᱭᱚᱨ ᱠᱳᱨᱥ ᱨᱮ ᱵᱷᱩᱨᱛᱤ ᱦᱟᱛᱟᱣ ᱠᱷᱚᱱ ᱟᱥᱚᱞ ᱨᱮ ᱟᱢ ᱟᱢᱟᱜ ᱫᱤᱥᱚᱢ ᱨᱮᱭᱟᱜ ᱥᱚᱨᱮᱥ ᱥᱮᱪᱮᱫ ᱨᱮ ᱨᱩᱣᱟᱹᱲ ᱪᱟᱞᱟᱜ ᱨᱮᱭᱟᱜ ᱥᱚᱢᱵᱷᱟᱣᱚᱱᱟ ᱨᱮ ᱥᱩᱫᱷᱟᱹᱨ ᱦᱩᱭ ᱫᱟᱲᱮᱭᱟᱜᱼᱟI
मेरे पास पाँच नमक हैं।	ᱤᱧ ᱴᱷᱮᱱ ᱢᱚᱬᱮ ᱜᱚᱴᱟᱝ ᱱᱩᱱ ᱢᱮᱱᱟᱜᱼᱟ ᱠᱚᱣᱟ।
कोलागन के तौर पर: जब कोरगनस के साथ व्यवहार करता है, तो यह रक्‍त की तेज़ मात्रा उत्पन्‍न करता है ।	ᱦᱤᱢᱳᱥᱴᱮᱴ ᱞᱤᱠᱟᱛᱮ ᱠᱳᱞᱟᱡᱮᱱ ᱺ ᱠᱳᱞᱟᱡᱮᱱ ᱡᱚᱠᱷᱚᱱ ᱯᱞᱮᱴᱞᱮᱴ ᱱᱤᱭᱟᱹ ᱥᱟᱶ ᱡᱳᱜᱟᱡᱳᱜ ᱛᱷᱟᱯᱚᱱ ᱞᱮᱫᱟᱭ, ᱛᱚᱠᱷᱚᱱ ᱚᱱᱟ ᱢᱟᱭᱟᱝ ᱞᱚᱜᱚᱱ ᱡᱚᱢᱟᱴ ᱛᱚᱞᱚ ᱟ᱾
फिनलैंड एक महान नावी गंतव्य है. "एक हजार झीलों" में भी हज़ारों द्वीप हैं, झीलों में और तटीय में.	ᱯᱷᱤᱱᱞᱮᱸᱰ ᱢᱤᱫ ᱱᱟᱯᱟᱭᱟᱱᱟᱜ ᱵᱳᱴᱤᱝ ᱰᱮᱥᱴᱤᱱᱮᱥᱚᱱ ᱠᱟᱱᱟ᱾ ᱦᱟᱡᱟᱨ ᱡᱷᱟᱨᱱᱟ ᱠᱚ ᱨᱮᱭᱟᱜ ᱫᱷᱟᱹᱨᱛᱤᱨᱮ ᱡᱷᱟᱨᱱᱟᱠᱚ ᱟᱨ ᱟᱲᱮ ᱨᱮ "ᱫᱤᱯᱜᱟᱫᱮᱞ ᱦᱚᱸ ᱦᱟᱡᱟᱨ" ᱦᱟᱡᱟᱨ ᱫᱤᱯ ᱢᱮᱱᱟᱜᱼᱟ᱾
सूचना सिद्धांत के अनुसार, सैंपलिंग सूचना में कमी है।	ᱰᱚᱜᱚᱨ ᱛᱮᱛᱮᱫ ᱞᱮᱠᱟᱛᱮ, ᱱᱩᱢᱩᱱᱟ ᱫᱚ ᱦᱩᱭᱩᱜ ᱠᱟᱱᱟ ᱰᱚᱨᱚᱨ ᱨᱮᱭᱟᱜ ᱠᱚᱢᱚᱜ ᱾
51st संस्करण की तरह, यह संस्करण भी एक कुल मिलाकर ऑनलाइन और आमने-सामने भाग में आयोजित किया गया था.	᱕᱑ ᱟᱹᱨᱩ ᱯᱷᱮᱨᱟᱣ ᱞᱮᱠᱟ, ᱱᱤᱭᱟ ᱟᱹᱨᱩᱯᱷᱮᱨᱟᱣ ᱫᱚ ᱚᱱᱞᱟᱭᱚᱱ ᱟᱨ ᱥᱟᱢᱟᱝ ᱫᱟᱯᱨᱟᱝ ᱥᱮᱞᱮᱫᱞᱮᱱᱟᱭ ᱢᱤᱞᱟᱹᱣ ᱢᱤᱫᱴᱟᱝ ᱢᱤᱫᱩᱜ ᱦᱚᱨᱟ ᱥᱟᱯᱲᱟᱣ ᱞᱮᱫᱟᱠᱚ᱾
लाओन (Laon) में वर्ष का औसत वर्षा स्तर इतना है।	ᱞᱟᱣᱚᱱ ᱨᱮ ᱜᱚᱲ ᱫᱟᱜ ᱡᱟᱹᱲᱤ ᱨᱮᱭᱟᱜ ᱯᱚᱨᱤᱢᱟᱱ ᱫᱚ ᱦᱩᱭᱩᱜ ᱠᱟᱱᱟ ᱾
फिल्म ने सर्वश्रेष्ठ परिधान (कॉस्ट्यूम) के लिए अकादमी पुरस्कार जीता।	ᱪᱚᱞᱚᱛ ᱪᱤᱛᱟᱹᱨ ᱫᱚ ᱥᱚᱨᱮᱥ ᱥᱟᱡᱼᱥᱚᱨᱚᱢᱡᱟᱢ ᱞᱟᱹᱜᱤᱫ ᱮᱠᱟᱰᱮᱢᱤ ᱥᱤᱨᱯᱟᱹᱭ ᱧᱟᱢ ᱟᱠᱟᱫᱟ ᱾
वैज्ञानिक जीव विज्ञानवाद एक ऐसा शब्द है जो विज्ञान में विचारों की एक व्यापक सीमा को घेरे रखता है, तकनीक-शश से या विश्‍वसनीय धारणा के लिए अनिवार्य है कि मानव नियति वैज्ञानिक नियमों और प्रौद्योगिकी के साथ एक मूल तर्क से जुड़ा हुआ है ।	ᱛᱟᱠᱱᱤᱠᱤ ᱱᱤᱭᱛᱤᱣᱟᱫ ᱫᱚ ᱢᱤᱫ ᱥᱟᱵᱟᱫ ᱠᱟᱱᱟ ᱡᱟᱦᱟᱱ ᱫᱚ ᱩᱭᱦᱟᱹᱨ ᱨᱮ ᱵᱤᱪᱟᱹᱨ ᱠᱚ ᱨᱮᱭᱟᱜ ᱵᱤᱥᱛᱟᱨ ᱥᱨᱩᱝᱠᱷᱚᱞᱟ ᱥᱮᱞᱮᱫ ᱮᱫ-ᱟᱭ, ᱛᱟᱠᱱᱤᱠ-ᱞᱟᱦᱟᱜ ᱵᱟᱝᱢᱟ ᱛᱟᱠᱱᱤᱠᱤ ᱞᱟᱹᱠᱛᱤ ᱠᱷᱚᱱ ᱠᱮᱴᱮᱡ ᱢᱮᱱᱮᱛ ᱦᱟᱹᱵᱤᱡ ᱢᱟᱱᱣᱟ ᱱᱤᱭᱛᱤ ᱥᱟᱬᱮᱥᱤᱭᱟᱹ ᱠᱟᱱᱩᱱ ᱥᱟᱶ ᱡᱩᱲᱟᱹᱣ ᱫᱚ ᱢᱤᱫ ᱚᱱᱛᱚᱨᱱᱤᱦᱤᱛ ᱡᱩᱠᱛᱤ ᱟᱨ ᱯᱨᱳᱫᱷᱳᱜᱤᱠ ᱨᱮ ᱩᱱᱠᱩᱣᱟᱜ ᱚᱱᱟ ᱞᱟᱹᱭ-ᱫᱟᱲᱮ ᱠᱷᱚᱱ ᱩᱫᱽᱜᱟᱹᱣ ᱢᱮᱱᱟᱜ-ᱟ᱾
पहचान और निवास के सबूत.	ᱩᱯᱨᱩᱢ ᱨᱮᱭᱟᱜ ᱥᱟᱹᱵᱩᱫ ᱟᱨ ᱛᱟᱦᱮᱱ ᱨᱮᱭᱟᱜ ᱥᱟᱹᱵᱩᱫ ᱾
वे लगभग सभी गर्मियों के किनारे हैं, और अधिकांश छाँवों में पिकावा के पेड़ों से मिलते - जुलते हैं ।	ᱚᱱᱟ ᱠᱚᱫᱚ ᱡᱚᱛᱚ ᱟᱥᱚᱠᱟᱭᱛᱮ ᱥᱩᱨᱠᱷᱤᱛ ᱯᱟᱭᱨᱟᱜ ᱥᱟᱶᱛᱮ ᱥᱟᱹᱢᱩᱫᱽ ᱜᱤᱛᱤᱞᱼᱟᱲᱮ ᱠᱟᱱᱟ ᱟᱨ ᱟᱭᱢᱟ ᱠᱷᱚᱱ ᱵᱟᱹᱲᱛᱤ ᱯᱳᱦᱩᱛᱩᱠᱟᱣᱟ ᱫᱟᱨᱮ ᱠᱚᱛᱮ ᱩᱢᱩᱞ ᱧᱟᱢ ᱮᱫᱼᱟᱭ᱾
1948 में आकेर को ओस्लो काउंटी में स्थानांतरित कर दिया गया था।	᱑᱙᱔᱘ ᱥᱟᱞ ᱨᱮ ᱟᱠᱮᱨ ᱫᱚ ᱚᱥᱞᱳ ᱠᱟᱣᱩᱱᱴᱤ ᱛᱮᱠᱚ ᱩᱪᱷᱟᱹᱲ ᱞᱮᱫᱮᱭᱟ ᱾
इसके बाद उन्हें कृषि केंद्रों पर काम करने के लिए भेजा गया।	ᱱᱚᱶᱟ ᱛᱟᱭᱚᱢ ᱩᱱᱤ ᱫᱚ ᱪᱟᱥ ᱨᱮᱭᱟᱜ ᱥᱴᱮᱥᱚᱱ ᱠᱚᱨᱮ ᱠᱟᱹᱢᱤ ᱞᱟᱹᱜᱤᱫ ᱵᱷᱮᱡᱟ ᱦᱩᱭ ᱞᱮᱱᱟ ᱾
उसी तरह, सेना में भर्ती होने के बजाय, वे अब कैंबर पर आधारित थे ।	ᱚᱱᱟ ᱜᱮ ᱥᱮᱱᱟ ᱞᱟᱹᱜᱤᱫ ᱪᱟᱞᱟᱜ ᱠᱟᱱᱟ ᱪᱮᱫᱟᱜ ᱥᱮ ᱥᱮᱱᱟ ᱨᱮᱭᱟᱜ ᱨᱮᱝᱠᱤᱝ ᱠᱞᱟᱥ ᱟᱫᱷᱟᱨ ᱛᱮ ᱵᱟᱝ ᱦᱩᱭ ᱠᱟᱛᱮ ᱚᱱᱟ ᱫᱚ ᱱᱤᱛᱚᱜ ᱠᱟᱭᱞᱟᱵᱚᱨ ᱟᱫᱷᱟᱨ ᱛᱮ ᱢᱮᱱᱟᱜᱼᱟI
हालाँकि प्रबंधक और बारटर्ट को लगता था कि यह धारणा सिर्फ स्कूल के मामलों में ही सीमित होनी चाहिए, फिर भी लोगों ने ऐसे मामलों पर बहस करना जारी रखा है जिनके बारे में अलग - अलग देशों में जाति या अंतर्राष्ट्रीय रिश्‍तों के बारे में लोगों का नज़रिया नहीं है ।	ᱥᱴᱤᱣᱟᱨᱰ ᱟᱨ ᱵᱟᱨᱱᱮᱴ ᱱᱨᱤᱛᱚᱛᱛᱚ ᱫᱚ ᱵᱤᱫᱫᱟᱹᱞᱮᱠᱟᱱ ᱥᱟᱛᱟᱢ ᱢᱩᱫᱨᱮ ᱥᱤᱢᱟᱹᱵᱚᱫᱫᱷᱚᱭ ᱨᱮᱭᱟᱜ ᱥᱟᱞᱦᱟᱠᱤᱱ ᱮᱢᱨᱮᱦᱚᱸ, ᱡᱟᱹᱛᱤᱞᱮᱠᱟᱛᱮ ᱠᱚᱢᱞᱮᱠᱷᱟᱣᱟᱱ ᱥᱮ ᱡᱮᱜᱮᱫᱽᱡᱟᱠᱟᱛ ᱥᱚᱢᱵᱚᱸᱫ ᱵᱟᱵᱚᱫ ᱦᱚᱲᱱᱤᱭᱟᱹᱢᱨᱮ ᱚᱼᱱᱨᱤᱥᱟᱲᱮᱥᱤᱭᱟᱹᱠᱩ ᱫᱟᱨᱟᱭᱛᱮ ᱱᱤᱭᱟᱹ ᱱᱤᱭᱟᱹᱢ ᱨᱮᱭᱟᱜ ᱵᱮᱵᱚᱦᱟᱨᱛᱮ ᱥᱟᱛᱟᱢ ᱵᱷᱤᱛᱨᱤᱨᱮ ᱟᱨ ᱵᱟᱨᱦᱮᱨᱮᱱ ᱦᱚᱲᱠᱩ ᱢᱩᱫᱨᱮ ᱦᱤᱸᱫᱤᱡᱽ ᱞᱟᱜᱟᱣ ᱢᱮᱱᱟᱜᱼᱟ ᱾
विजिगोथिक राज्य उत्तर पुरातन काल की एक प्रमुख शक्ति बन गया।	ᱵᱷᱤᱥᱤᱜᱳᱛᱷᱤᱠᱟ ᱯᱚᱱᱚᱛ ᱫᱚ ᱪᱟᱞᱟᱣ ᱞᱟᱦᱟ ᱟᱠᱟᱱ ᱢᱟᱨᱮᱭᱟᱜ ᱨᱮᱭᱟᱜ ᱢᱤᱫᱴᱟᱝ ᱢᱟᱨᱟᱝ ᱫᱟᱲᱮᱭ ᱦᱩᱭᱞᱮᱱᱟ ᱾
गिनती: सात।	ᱞᱮᱠᱷᱟ: ᱮᱭᱟᱭ।
मैं अपने पैरों के कांपे बिना पहाड़ के किनारे खड़ा नहीं हो पाता।	ᱡᱟᱸᱜᱟ ᱵᱟᱝ ᱛᱷᱟᱨᱛᱷᱟᱨᱟᱣ ᱠᱟᱛᱮ ᱤᱧ ᱵᱩᱨᱩ ᱫᱷᱟᱨᱮ ᱨᱮ ᱵᱟᱹᱧ ᱛᱤᱸᱜᱩ ᱫᱟᱲᱮᱭᱟᱜᱼᱟ ᱾
मैं अपने बेटे की बढ़ती लत के बारे में चिंतित हूँ मोबाइल फोन और वीडियो खेल.	ᱤᱧᱫᱚ ᱤᱧᱨᱮᱱ ᱠᱚᱲᱟ ᱜᱤᱫᱨᱟᱹ ᱟᱜ ᱢᱳᱵᱟᱭᱤᱞ ᱯᱷᱳᱱ ᱟᱨ ᱶᱷᱤᱰᱤᱳ ᱜᱮᱢ ᱨᱮ ᱡᱷᱩᱸᱠ ᱤᱫᱤ ᱠᱟᱛᱮᱧ ᱪᱤᱱᱛᱟᱹ ᱜᱮᱭᱟ ᱾
मेरे पास सात किताब हैं।	ᱤᱧ ᱴᱷᱮᱱ ᱮᱭᱟᱭ ᱜᱚᱴᱟᱝ ᱯᱚᱛᱚᱢ ᱢᱮᱱᱟᱜᱼᱟ ᱠᱚᱣᱟ।
नहीं, सर, वह महीने के लिए हमारे गांव का दौरा नहीं किया है.	ᱵᱟᱝ, ᱥᱮᱨ, ᱠᱤᱪᱷᱤ ᱪᱟᱸᱫᱳ ᱫᱷᱩᱨᱭᱟᱹ ᱩᱱᱤ ᱟᱞᱮ ᱟᱛᱚ ᱵᱟᱭ ᱦᱮᱡ ᱟᱠᱟᱱᱟ ᱾
उसने सबसे पहले देखा कि समुद्र के तापमान के तापमान में बढ़ोतरी होने की दर बहुत कम है ।	ᱠᱨᱟᱱᱛᱤᱭᱚ ᱦᱚᱭᱫᱟᱜ ᱯᱷᱮᱰᱟᱛ ᱵᱟᱨᱮᱛᱮ ᱩᱱᱤᱭᱟᱜ ᱠᱷᱚᱫᱽᱨᱚᱸᱱ ᱚᱡᱮᱞᱮᱠᱟᱛᱮ, ᱯᱩᱭᱞᱩ ᱫᱚ ᱩᱱᱤ ᱥᱟᱹᱢᱩᱫᱽ ᱞᱟᱛᱟᱨ ᱠᱷᱚᱱ ᱪᱮᱛᱟᱱ ᱰᱷᱮᱨᱚᱜ ᱥᱟᱶᱛᱮ ᱜᱚᱲ ᱞᱚᱞᱚᱥᱚᱝ ᱦᱟᱹᱱ ᱨᱮᱭᱟᱜ ᱦᱟᱨᱫᱚ ᱛᱩᱝᱠᱷᱤ ᱠᱟᱛᱮ ᱧᱮᱞ ᱞᱮᱠᱷᱟᱱ, ᱡᱟᱦᱟᱸ ᱠᱷᱟᱹᱛᱤᱨ, ᱪᱮᱛᱟᱱ ᱚᱠᱷᱟᱝᱥᱚ ᱨᱮᱭᱟᱜ ᱦᱚᱭᱢᱟᱱᱰᱮᱨ ᱡᱷᱧᱡᱚ ᱥᱟᱢᱲᱟᱣ ᱟᱹᱰᱤ ᱟᱸᱡᱷᱟᱴ ᱱᱮᱭᱚᱢ ᱛᱩᱱᱠᱷᱤᱛᱚᱞᱟᱥ ᱡᱚᱛᱚ ᱠᱷᱚᱱ ᱥᱩᱛᱨᱚ ᱨᱮᱭᱟᱜ ᱛᱚᱞᱟᱥ ᱧᱟᱢᱚᱜᱼᱟ ᱾
हाँ, यह टीएडा राजधानी है.	ᱦᱮᱸ ᱱᱚᱶᱟᱫᱚ ᱴᱟᱴᱟ ᱠᱮᱯᱤᱴᱟᱞ ᱠᱟᱱᱟ ᱾
ᱦᱚᱥᱯᱤᱴᱟᱞ ᱚᱠᱟᱨᱮ ᱢᱮᱱᱟᱜᱼᱟ?	अस्पताल कहाँ है?
पेरिस्स के बाहरी बाहर तेजी से उड़ा देंगे अगर आप कुछ मूल अदालतओं को प्रदर्शित करेंगे.	ᱡᱩᱫᱤ ᱟᱢ ᱛᱤᱱᱟᱹᱜ ᱵᱩᱱᱭᱟᱹᱫᱤ ᱵᱮᱵᱷᱟᱨ ᱥᱚᱫᱚᱨ ᱮᱫᱼᱟᱢ ᱮᱱᱠᱷᱟᱱ ᱯᱟᱨᱥᱤᱭᱟᱱ ᱠᱚᱣᱟᱜ ᱵᱟᱦᱨᱮ ᱦᱤᱸᱥ ᱞᱚᱜᱚᱱ ᱜᱮ ᱢᱤᱞᱟᱹᱣ ᱪᱟᱵᱟ ᱩᱛᱟᱹᱨᱚᱜᱼᱟ᱾
सारावा मर जाता है; केवल पाँच पीगोवा भाई और सारस बच जाते हैं।	ᱡᱚᱛᱚ ᱠᱳᱭᱨᱚᱵᱷ ᱠᱩ ᱜᱚᱡᱮᱱᱟ; ᱮᱠᱮᱱ ᱢᱚᱸᱲᱮ ᱯᱟᱱᱰᱚᱵ ᱵᱚᱭᱦᱟ ᱟᱨ ᱠᱨᱤᱥᱱᱚᱭ ᱵᱟᱧᱪᱟᱣᱮᱱᱟ ᱾
एक पासपोर्ट दोनों के लिए पर्याप्त होगा.	ᱵᱟᱱᱟᱨ ᱞᱟᱹᱜᱤᱫ ᱢᱤᱫᱴᱟᱝ ᱯᱟᱥᱯᱳᱨᱴ ᱜᱮ ᱜᱟᱱᱚᱜᱼᱟ ᱾
ओह, यह बहुत गंभीर है.	ᱳ, ᱱᱤᱭᱟᱹ ᱫᱚ ᱟᱹᱰᱤ ᱵᱚᱛᱚᱨᱟᱱ ᱿
अमरावती नदी: अमरावती नदी कावेरी नदी की सबसे लंबी सहायक नदी है।	ᱚᱢᱚᱨᱟᱵᱚᱛᱤ ᱜᱟᱰᱟ ᱫᱚ ᱠᱟᱵᱮᱨᱤ ᱜᱟᱰᱟ ᱨᱮᱭᱟᱜ ᱡᱮᱸᱞᱮᱧ ᱩᱛᱟᱹᱨ ᱥᱟᱸᱜᱷᱟ ᱱᱟᱹᱭ ᱾
पुलिस ने कहा कि शरीर वहाँ एक दिन के लिए मौजूद रहा है.	ᱯᱚᱞᱤᱥ ᱢᱮᱱ ᱠᱮᱜᱼᱟᱭ ᱜᱚᱡ ᱦᱚᱲᱢᱚ ᱫᱚ ᱢᱤᱫ ᱫᱤᱱ ᱠᱷᱚᱱ ᱚᱝᱠᱟ ᱢᱮᱱᱟᱜᱼᱟ᱾
कार्डियो-पुनंपर धीरज से शरीर की ऊर्जा और श्‍वेत तंत्रों की क्षमता प्रकट होती है, ताकि वे स्थिर भौतिक गतिविधियों के दौरान ईंधन प्रदान कर सकें.	ᱠᱟᱨᱰᱤᱳᱼᱥᱟᱸᱦᱮᱫ ᱡᱚᱱᱛᱚᱨ ᱨᱮᱭᱟᱜ ᱴᱤᱠᱟᱹᱜ ᱞᱮᱠᱟᱱ ᱥᱟᱦᱟᱣ ᱫᱟᱲᱮ ᱦᱚᱲᱢᱚ ᱨᱮᱭᱟᱜ ᱠᱟᱹᱢᱤᱦᱚᱨᱟ ᱚᱠᱛᱚ ᱡᱚᱢᱟᱜ ᱥᱟᱨᱵᱷᱟᱨ ᱞᱟᱹᱜᱤᱫ ᱦᱚᱲᱢᱚ ᱨᱮᱭᱟᱜ ᱥᱚᱝᱵᱚᱦᱚᱱ ᱟᱨ ᱥᱟᱸᱦᱮᱫ ᱡᱚᱱᱛᱚᱨ ᱨᱮᱭᱟᱜ ᱦᱚᱨᱟ ᱨᱮᱭᱟᱜ ᱫᱲᱟᱮᱭ ᱡᱷᱟᱞᱠᱟᱣᱼᱟ ᱾
चित्रों के मुख्य माध्यम से अपनी कला दर्शन व्यक्‍त करने का एक तरीक़ा है ।	ᱪᱤᱛᱟᱹᱨᱠᱚᱞᱟ ᱫᱚ ᱦᱩᱭᱩᱜ ᱠᱟᱱᱟ ᱟᱸᱠᱨᱮᱭᱟᱜ ᱮᱛᱚᱦᱚᱯ ᱦᱚᱛᱮᱛᱮ ᱟᱯᱱᱟᱨᱟᱜ ᱠᱟᱹᱨᱤᱜᱚᱞᱟᱱ ᱪᱤᱱᱛᱟᱹᱵᱷᱟᱵᱱᱟ ᱩᱫᱩᱜ ᱨᱮᱭᱟᱜ ᱢᱤᱫᱴᱟᱝ ᱠᱟᱹᱨᱤ ᱾
अपने आश्‍वासन के लिए बहुत बहुत धन्यवाद.	ᱟᱢᱟᱜ ᱱᱤᱭᱟᱹ ᱟᱥ ᱮᱢ ᱞᱟᱹᱜᱤᱫᱛᱮ ᱟᱭᱢᱟ ᱥᱟᱨᱦᱟᱣ ᱾
पहले से लिखी गयी किताब में इस बात को पुख्ता किया गया है कि उन्हें कहीं नींद नहीं आएगी ।	ᱟᱜᱽᱨᱤᱢ ᱵᱩᱠᱤᱝ ᱡᱟᱛᱨᱤ ᱠᱚ ᱢᱚᱱᱮ ᱨᱮᱱᱟᱜ ᱥᱟᱱᱛᱤ ᱮᱢ ᱮᱫᱼᱟᱭ ᱡᱮ ᱩᱱᱠᱩ ᱣᱟᱜ ᱜᱟᱛᱟᱝ ᱨᱮ ᱥᱮᱴᱮᱨᱚᱜ ᱛᱟᱭᱚᱢ ᱩᱱᱠᱩ ᱴᱷᱮᱱ ᱡᱟᱹᱯᱤᱫ ᱞᱟᱹᱜᱤᱫ ᱡᱟᱦᱟᱸ ᱨᱮᱜᱮ ᱦᱩᱭᱩᱜᱼᱟ᱾
मैं पहले से ही इन जगहों के बारे में इतना कुछ पढ़ चुका हूँ... ... और पिछली बार मैं Argand दौरा करने के लिए समय से बाहर था.	ᱱᱤᱭᱟᱹ ᱢᱩᱫᱽ ᱤᱧ ᱚᱱᱟ ᱴᱷᱟᱶᱠᱚ ᱤᱫᱤ ᱠᱟᱛᱮᱜ ᱟᱭᱢᱟᱧ ᱯᱟᱲᱦᱟᱣ ᱟᱠᱟᱫᱟ ᱟᱨ ᱢᱩᱪᱟᱹᱫ ᱫᱷᱟᱣ ᱳᱣᱨᱚᱝᱜᱚᱵᱟᱫ ᱪᱟᱞᱟᱜ ᱚᱠᱛᱚ ᱵᱟᱹᱧ ᱛᱟᱦᱮᱸᱠᱟᱱᱟ ᱿
क्या आस-पास कोई अस्पताल है?	ᱪᱮᱫ ᱥᱩᱨ ᱨᱮ ᱢᱤᱫ ᱦᱚᱥᱯᱤᱴᱟᱞ ᱢᱮᱱᱟᱜᱼᱟ?
यह जर्सी तट पर अटलांटिक महासागर के बगल में है।	ᱱᱚᱣᱟ ᱛᱟᱭᱚᱢ ᱫᱚ ᱡᱮᱨᱥᱤ ᱥᱟᱹᱢᱩᱫ ᱟᱲᱮ ᱨᱮᱱᱟᱜ ᱟᱴᱞᱟᱱᱴᱤᱠ ᱢᱟᱦᱟ ᱥᱟᱹᱢᱩᱫ ᱦᱩᱭᱩᱜ ᱠᱟᱱᱟ ᱾
मैं पहले से ही अपने चित्रों का अभ्यास किया है.	ᱤᱧ ᱫᱚ ᱤᱧᱟᱜ ᱥᱠᱮᱪᱠᱩᱧ ᱯᱨᱮᱠᱴᱤᱥ ᱫᱚᱦᱚᱣᱟᱠᱟᱫᱟ ᱾
अमेरिका अपने कचरे का निर्यात करने के बाद दुनिया को प्रदूषित करने के लिए तीसरी दुनिया के देशों को कैसे दोषी ठहरा सकता है?	ᱢᱟᱨᱠᱤᱱ ᱡᱩᱠᱛᱚᱨᱟᱥᱴᱨᱚ ᱪᱮᱫ ᱞᱮᱠᱟᱛᱮ ᱛᱮᱥᱟᱨ ᱡᱮᱜᱮᱫ ᱨᱮᱭᱟᱜ ᱫᱤᱥᱚᱢ ᱠᱚᱨᱮ ᱩᱱᱠᱩ ᱴᱷᱮᱱ ᱟᱹᱠᱷᱨᱤᱧ ᱛᱟᱭᱚᱢ ᱡᱮᱜᱮᱫ ᱨᱮᱭᱟᱜ ᱫᱤᱥᱚᱢ ᱠᱚᱭ ᱫᱩᱥᱤ ᱫᱟᱲᱮᱭᱟᱠᱚᱣᱟ ?
8 साल बाद आखिरी दिन जब मैं स्कूल गया तो मुझे बहुत उदासी महसूस हुई।	᱘ ᱥᱮᱨᱢᱟ ᱛᱟᱭᱚᱢ ᱢᱩᱪᱟᱹᱫ ᱫᱤᱱ ᱨᱮ ᱡᱚᱠᱷᱚᱡ ᱵᱤᱨᱫᱟᱹᱜᱟᱲ ᱛᱤᱧ ᱪᱟᱞᱟᱣ ᱞᱮᱱᱟ  ᱩᱱᱫᱚ ᱤᱧᱟᱹᱜ ᱢᱚᱱᱮ ᱟᱹᱰᱤ ᱵᱟᱹᱲᱤᱡ ᱮᱱ ᱛᱤᱧᱟᱹ ᱾
वह 2015 से 2020 तक चीफ ऑफ स्टाफ रहे।	ᱩᱱᱤᱫᱚ ᱒᱐᱑᱕ ᱠᱷᱚᱱ ᱒᱐᱒᱐ ᱦᱟᱹᱵᱤᱡ ᱪᱤᱯᱷ ᱚᱯᱷ ᱥᱴᱟᱯᱷ ᱮ ᱛᱟᱦᱮᱸ ᱠᱟᱱᱟ ᱾
मैं एक स्थानीय भोजन मेन्यू के लिए देख रहा था कि Gern-unn- फ्री था.	ᱤᱧᱫᱚ ᱥᱩᱨ ᱠᱚᱨᱮ ᱢᱤᱫᱴᱟᱝ ᱡᱚᱢᱟᱜ ᱤᱧ ᱯᱟᱸᱡᱟᱭᱮᱫᱟ ᱡᱟᱦᱟᱸᱫᱚ ᱜᱞᱩᱴᱮᱱᱼᱯᱷᱨᱤ ᱜᱮᱭᱟ ᱾
यह 1690 में 16,000 की आबादी के साथ सबसे बड़ा शहर था।	ᱩᱱ ᱫᱚ ᱱᱚᱶᱟ ᱥᱤᱥᱤᱞᱤ ᱯᱚᱱᱚᱛ ᱨᱮᱭᱟᱜ ᱦᱤᱸᱥ ᱛᱟᱦᱮᱸ ᱠᱟᱱᱟ ᱾
इसके बाद वह चल बसा ।	ᱯᱷᱳᱴᱚᱜᱽᱨᱟᱯᱷᱟᱨ ᱫᱚ ᱨᱚᱱᱟᱞᱰ ᱨᱮᱜᱟᱱ ᱭᱩᱥᱤᱭᱮᱞᱥᱤ ᱢᱮᱰᱤᱠᱟᱞ ᱥᱮᱱᱴᱟᱨ ᱨᱮ ᱤᱫᱤ ᱦᱩᱭᱮᱱᱟ, ᱡᱟᱦᱟᱸ ᱨᱮ ᱛᱟᱭᱚᱢ ᱛᱮ ᱩᱱᱤᱭ ᱜᱩᱨ ᱮᱱᱟ᱾
लीटी, मेरे पसंदीदा में से एक है.	ᱞᱤᱴᱴᱤ ᱫᱚ ᱤᱧᱟᱹᱜ ᱠᱩᱥᱤᱭᱟᱜ ᱡᱚᱢᱟᱜ ᱠᱟᱱᱟ ᱾
अल्वॉर्ड, आयोवा: अल्वॉर्ड संयुक्त राज्य अमेरिका के आयोवा में एक शहर है।	ᱮᱹᱞᱵᱷᱳᱨᱰ, ᱞᱳᱣᱟ ᱮᱹᱞᱵᱷᱟᱨᱰ ᱫᱚ ᱢᱟᱨᱠᱤᱱ ᱡᱩᱠᱴᱚᱨᱟᱥᱴᱨᱚ ᱨᱮᱭᱟᱜ ᱞᱳᱣᱟ ᱥᱟᱦᱟᱨ ᱨᱮᱭᱟᱜ ᱢᱤᱫᱴᱟᱝ ᱥᱟᱦᱟᱨ ᱾
और देखिए कि कैसे वह खड़ा है और उन्हें प्रोत्साहित करता है जब वे आगे बढ़ते हैं.	ᱟᱨ ᱛᱩᱝᱠᱷᱤᱭᱢᱮ ᱪᱮᱫᱞᱮᱠᱟ ᱩᱱᱤ ᱫᱚ ᱚᱱᱟᱭ ᱟᱸᱜᱚᱡᱮᱟᱛᱮᱭ ᱛᱤᱜᱩᱱᱠᱟᱱᱟ ᱟᱨ ᱩᱝᱠᱩ ᱞᱟᱦᱟ ᱪᱟᱞᱟᱜ ᱞᱟᱹᱜᱤᱫᱽᱮ ᱩᱥᱠᱩᱨᱮᱫᱽᱠᱩᱣᱟ ᱾
हालाँकि थॉमस प्रीस्टन्सन (जो अपने प्रारंभिक गति के बाद) फिर से आता है, वह केवल सहज प्रभाव में होता है, इसलिए यह किसी बाहरी शक्‍ति का स्वतंत्र रूप से देखा नहीं जा सकता, जैसे कि एक चयनात्मक क्षेत्र, क्षेत्र, या प्रवचन - शक्‍ति द्वारा उत्पन्‍न होता है, तो थॉमस सो अकसर प्रभावशाली प्रभावों के साथ होता है ।	ᱴᱚᱢᱟᱥ ᱯᱨᱮᱥᱤᱥᱟᱱ(ᱢᱤᱫᱴᱟᱝ ᱪᱟᱞᱟᱜ ᱰᱟᱦᱟᱨ ᱛᱟᱭᱚᱢ ᱩᱱᱤ ᱯᱳᱭᱞᱳ ᱨᱮᱥᱛᱮ ᱨᱩᱭᱟᱹᱲ ᱦᱟᱹᱡᱩᱜ ᱜᱚᱛᱟ ᱯᱟᱞᱴᱟᱣ) ᱢᱤᱫᱴᱟᱝ ᱱᱤᱠᱷᱟᱫ ᱨᱮᱥ ᱵᱟᱵᱚᱫ ᱮᱥᱮᱨ ᱦᱩᱭᱩᱜ ᱠᱟᱱᱟ ᱱᱤᱭᱟ ᱠᱷᱟᱹᱞᱤ ᱵᱚᱠᱨᱨᱳᱠᱷᱤᱠ ᱪᱟᱞᱟᱜ ᱥᱟᱯᱲᱟᱣ ᱟᱠᱟᱱᱟ ᱟᱨ ᱚᱱᱟ ᱛᱮ ᱚᱠᱟ ᱠᱟᱨᱮᱱᱼ ᱪᱟᱢᱵᱩᱠ ᱵᱩᱱᱤᱭᱟᱹᱫᱽ, ᱳᱭᱟᱝᱨᱮᱫ ᱵᱩᱱᱤᱭᱟᱹᱫᱽ ᱵᱟᱝᱠᱷᱟᱱ ᱚᱠᱟ ᱡᱚᱱᱛᱨ ᱵᱚᱞ ᱞᱮᱠᱟ ᱱᱤᱭᱟᱹ ᱵᱚᱠᱨᱨᱳᱠᱷᱤᱠ ᱪᱚᱞᱚᱱ ᱜᱷᱚᱴᱟᱣ ᱵᱟᱨᱦᱮᱨᱮ ᱚᱠᱟ ᱵᱚᱞ ᱪᱷᱟᱰᱟ ᱮᱴᱟᱜ ᱞᱮᱠᱟᱛᱮ ᱛᱩᱝᱠᱷᱤ ᱯᱟᱸᱡᱟ ᱵᱟᱝ ᱦᱩᱭ ᱟᱠᱟᱱᱟ, ᱚᱱᱟᱛᱮ ᱴᱚᱢᱟᱥ ᱞᱟᱦᱟᱛᱮ ᱥᱟᱫᱷᱟᱨᱚᱱ ᱪᱟᱞᱟᱜ ᱠᱟᱱ ᱮᱥᱮᱨ ᱢᱤᱫ ᱥᱟᱣ ᱛᱮ ᱢᱟᱱᱟᱜᱼᱟ᱾।
बस बहुत आरामदायक थी और मैं 2 घंटे में पहुँच गया।	ᱵᱟᱥ ᱫᱚ ᱟᱹᱰᱤ ᱞᱩᱜᱩᱛᱟᱱᱟᱜ ᱛᱟᱦᱮᱸᱠᱟᱱᱟ ᱟᱨ ᱤᱧ ᱫᱚ ᱒ ᱴᱟᱲᱟᱝ ᱢᱩᱫᱨᱮᱜᱮᱧ ᱥᱮᱴᱮᱨᱮᱱᱟ ᱾
यह कनाडा की सुंदर राजधानी है, बाइलिंगी राजधानी और कला की एक सेना है जो कनाडा के अतीत और वर्तमान में दिखाया जाता है.	ᱚᱴᱟᱣᱟ ᱫᱚ ᱠᱟᱱᱟᱰᱟ ᱨᱮᱭᱟᱜ ᱞᱚᱵᱷᱟᱹᱣ, ᱵᱟᱨᱯᱟᱹᱨᱥᱤ ᱨᱟᱡᱽᱜᱟᱲ ᱠᱟᱱᱟ ᱟᱨ ᱱᱟᱶᱟ ᱨᱮ ᱠᱚᱞᱟ ᱫᱤᱨᱜᱷᱟᱹᱣ ᱟᱨ ᱥᱚᱝᱜᱽᱨᱟᱦᱞᱚᱭ ᱨᱮᱭᱟᱜ ᱢᱤᱫᱴᱟᱹᱝ ᱥᱨᱩᱝᱠᱞᱟ ᱢᱮᱱᱟᱜᱼᱟ ᱚᱠᱟ ᱫᱚ ᱠᱟᱱᱟᱰᱟ ᱨᱮᱭᱟᱜ ᱚᱛᱤᱛ ᱟᱨ ᱵᱚᱨᱛᱚᱢᱟᱱ ᱠᱚ ᱫᱮᱠᱷᱟᱣ ᱮᱫᱟᱭ᱾
खेल असामान्य थे क्योंकि एथलीट किसी भी यूनानी शहर से आ सकते थे।	ᱠᱷᱮᱞᱚᱰ ᱠᱚᱫᱚ ᱟᱹᱰᱤ ᱦᱟᱦᱟᱲᱟᱜ ᱛᱟᱦᱮᱸ ᱠᱟᱱᱟ ᱚᱡᱮ ᱫᱚ ᱠᱷᱮᱞᱚᱰ ᱜᱟᱹᱠᱷᱩᱲᱤᱭᱟᱹ ᱠᱚ  ᱡᱟᱸᱦᱟᱴᱟᱜ ᱜᱨᱤᱠ ᱥᱟᱦᱟᱨ ᱠᱷᱚᱱ ᱜᱮᱠᱚ ᱦᱮᱡ ᱫᱟᱲᱮᱭᱟᱜᱼᱟ ᱾
तेंतालीस	ᱯᱳᱱ ᱜᱮᱞ ᱯᱮ
सन्‌ 1960 में स्कूल के कोर्स की शुरूआत से ही इस संस्थान ने नियमित तौर पर इस स्कूल की पढ़ाई शुरू की है ।	᱑᱙᱖᱐ ᱥᱟᱞ ᱨᱮ ᱮᱠᱟᱰᱮᱢᱤᱠ ᱠᱳᱨᱥ ᱮᱛᱚᱦᱚᱯ ᱠᱷᱚᱱ ᱜᱤ, ᱤᱱᱥᱴᱤᱴᱤᱭᱩᱴ ᱫᱚ ᱫᱤᱱᱟᱹᱢ ᱞᱮᱠᱟᱜᱤ ᱥᱤᱠᱷᱱᱟᱹᱛ ᱯᱚᱴᱷᱚᱱᱠᱟᱹᱨᱤ ᱠᱩᱭ ᱟᱨᱩᱯᱷᱮᱨᱟᱣ ᱟᱠᱟᱫᱟ, ᱪᱚᱞᱚᱛᱪᱤᱛᱟᱹᱨᱟᱱᱟᱜ ᱥᱮᱪᱷᱮᱫ ᱨᱮᱱᱟᱜ ᱜᱩᱱᱢᱟᱹᱱᱮ ᱛᱮᱭ ᱯᱮᱨᱮᱡ ᱟᱠᱟᱱᱫᱟ ᱟᱨ ᱥᱟᱹᱨᱤᱭᱟᱱᱟᱜ ᱨᱮᱭᱟᱜ ᱢᱚᱡᱛᱮᱫᱟᱜ ᱛᱟᱞᱢᱟ ᱦᱩᱭᱩᱜ ᱨᱮᱭᱟᱜ ᱵᱟᱫᱫᱷᱚᱵᱟᱫᱚᱠᱚᱛᱟ ᱟᱴᱠᱟᱨ ᱩᱪᱩ ᱞᱟᱹᱜᱤᱫ ᱜᱚᱴᱷᱚᱱ ᱠᱟᱹᱨᱤᱭ ᱩᱛᱷᱱᱟᱹᱣᱟᱠᱟᱫᱟ ᱾
वॉलीबॉल एक तेजी से छह खिलाड़ियों के दो टीमों द्वारा खेला जाता है.	ᱵᱷᱚᱞᱤᱵᱚᱞ ᱫᱚ ᱦᱩᱭᱩᱜ ᱠᱟᱱᱟ ᱢᱤᱫ ᱛᱟᱹᱯᱤᱥᱟᱱ ᱠᱷᱮᱞᱚᱸᱰ ᱡᱟᱸᱦᱟ ᱫᱚ ᱛᱩᱨᱩᱭ ᱡᱚᱱᱟ ᱠᱟᱛᱮᱜ ᱵᱟᱨ ᱜᱟᱫᱮᱞᱨᱮ ᱠᱷᱮᱞ ᱦᱩᱭᱩᱜᱼᱟ ᱾
मुझे लगता है कि तुम भारतीय हो?	ᱤᱧ ᱥᱟᱵ ᱠᱮᱫᱟ ᱟᱢ ᱫᱚ ᱵᱷᱟᱨᱚᱛᱤᱭᱟᱹ ᱠᱟᱱᱟᱢ ??
मेरे पास पंद्रह केला हैं।	ᱤᱧ ᱴᱷᱮᱱ ᱜᱮᱞ ᱢᱚᱬᱮ ᱜᱚᱴᱟᱝ ᱠᱮᱞᱟ ᱢᱮᱱᱟᱜᱼᱟ ᱠᱚᱣᱟ।
इंजन की आवाज!	ᱳᱦ ! ᱤᱧᱡᱤᱱ ᱨᱮᱭᱟᱜ ᱥᱟᱰᱮ ᱾
इस विषय के लिए हमारा विषय काफ़ी हद तक सीमित था ।	ᱵᱷᱟᱨᱚᱛᱤᱭᱟᱹ ᱥᱤᱱᱟᱹᱢᱟ ᱨᱮᱭᱟᱜ ᱥᱟᱭᱥᱮᱨᱢᱟ ᱫᱚ ᱢᱤᱫᱴᱟᱝ ᱢᱟᱭᱤᱞᱥᱴᱳᱱ ᱛᱟᱦᱮᱸᱠᱟᱱᱟ ᱡᱟᱦᱟᱸ ᱫᱚ ᱵᱟᱝ ᱵᱚᱱ ᱱᱤᱦᱟᱹᱛ ᱫᱟᱲᱮᱭᱟᱜᱼᱟ, ᱱᱤᱭᱟᱹ ᱚᱡᱮ ᱞᱟᱹᱜᱤᱫ ᱟᱞᱮᱭᱟᱜ ᱚᱱᱚᱧᱝ ᱨᱮᱭᱟᱜ ᱠᱩᱥᱤᱭᱟᱜ ᱫᱚ ᱡᱟᱹᱥᱛᱤ ᱠᱟᱭᱛᱮ ᱦᱩᱭᱩᱜᱼᱟᱜ ᱜᱤ ᱛᱟᱦᱮᱸᱠᱟᱱᱟ ᱾
मैंने उसके बारे में बहुत कुछ सुना जब बढ़ रहा था.	ᱦᱟᱨᱟᱜ ᱚᱠᱛᱚ ᱩᱱᱤ ᱵᱟᱵᱚᱛᱛᱮ ᱟᱭᱢᱟ ᱠᱟᱛᱦᱟᱧ ᱟᱸᱡᱚᱢ ᱟᱠᱟᱫᱟ ᱾
इस घोषणा के बाद, ट्रम्प ने तुर्की राष्ट्रपति Reypipiocan के साथ फोन पर एक फोन किया।	ᱱᱚᱶᱟ ᱦᱚᱦᱚ ᱫᱚ ᱛᱩᱨᱠᱤ ᱯᱟᱨᱥᱮᱛ ᱨᱤᱥᱤᱯ ᱛᱟᱭᱤᱯ ᱮᱨᱰᱚᱜᱟᱱ ᱥᱟᱶ ᱴᱨᱚᱸᱯ ᱥᱟᱶ ᱯᱷᱚᱱ ᱛᱮ ᱨᱚᱯᱚᱲ ᱦᱩᱭ ᱠᱟᱛᱮ ᱜᱟᱱᱮᱱᱟ᱾
तलाक़ या विधवा / चोर के मामले में, तलाक़ की आज्ञा या पिछले साथी के मृत्यु प्रमाणपत्र की माँग की जाती है ।	ᱵᱟᱯᱟᱜ ᱥᱮ ᱨᱟᱸᱰᱤ/ᱵᱤᱫᱷᱩᱣᱟᱜ ᱴᱷᱟᱶ ᱨᱮ ᱵᱟᱯᱟᱜ ᱰᱤᱜᱨᱤ ᱥᱮ ᱦᱟᱦᱟᱛᱮᱱ ᱵᱟᱹᱦᱩᱣᱟᱜ ᱜᱚᱡ ᱥᱤᱫ ᱥᱟᱠᱟᱢ ᱞᱟᱹᱠᱛᱤ ᱢᱮᱱᱟᱜᱼᱟ ᱾
हम समुदाय के सबसे बुजुर्ग सक्रिय सदस्य को याद करते हैं जिनका पिछले महीने निधन हो गया था।	ᱟᱞᱮ ᱫᱚ ᱜᱟᱛᱟᱠ ᱨᱮᱱ ᱡᱚᱛᱚ ᱠᱷᱚᱱ ᱩᱢᱮᱨᱟᱱ ᱪᱮᱸᱜᱷᱟᱣᱟᱱ ᱨᱟᱹᱥᱤᱭᱟᱹ ᱞᱮ ᱫᱤᱥᱟᱹᱭᱮ ᱠᱟᱱᱟ ᱡᱟᱦᱟᱭ ᱫᱚ ᱯᱟᱨᱚᱢᱮᱱ ᱪᱟᱸᱫᱳ ᱨᱮᱭ ᱜᱩᱨ ᱟᱠᱟᱱᱟ ᱾
यही कारण है कि मैं गांव में आने से पहले इसे बदल रहा हूँ	ᱱᱚᱶᱟ ᱠᱷᱟᱹᱛᱤᱨ ᱛᱮᱜᱮ ᱟᱛᱩ ᱦᱤᱡᱩᱜ ᱞᱟᱦᱟᱨᱮ ᱱᱚᱶᱟᱧ ᱵᱚᱫᱚᱞ ᱟᱠᱟᱫᱟ ᱾
एमम और दाल मेरी पसंदीदा है.	ᱟᱯᱯᱟᱢ ᱟᱨ ᱥᱴᱩ ᱤᱧᱟᱹᱜ ᱠᱩᱥᱤᱭᱟᱜ ᱠᱟᱱᱟ ᱾
छियासी	ᱟᱨ ᱜᱮᱞ ᱛᱩᱨᱩᱭ
इन दृश्‍यों को पिरामिडों और अलग - अलग पिरामिडों में दिखाया जाता है ।	ᱯᱤᱨᱟᱢᱤᱰ ᱠᱚ ᱫᱚ ᱧᱮᱞ ᱡᱚᱝ ᱞᱮᱠᱟ ᱯᱚᱨᱫᱚᱨᱥᱤᱛ ᱟᱠᱟᱫᱟ ᱟᱨ ᱟᱰᱤ ᱜᱟᱱ ᱯᱤᱨᱟᱢᱤᱰ ᱠᱚ ᱯᱚᱨᱠᱟᱥᱤᱛ ᱟᱠᱟᱫᱟ᱾
मैं हर बार मैं उसे बाहर ले जाता हूँ Amiss की मर जाएगा.	ᱤᱧ ᱛᱤᱱᱨᱮ ᱩᱱᱤᱧ ᱚᱰᱚᱠ ᱤᱫᱤᱭᱮᱭᱟ ᱩᱱᱨᱮᱜᱮ ᱤᱧ ᱫᱚ ᱛᱷᱚᱛᱚᱢᱚᱛᱚ ᱠᱟᱛᱮᱧ ᱜᱚᱡᱚᱜᱼᱟ ᱾
"पुराने आदमी" की कहानी बताता है, जो एक बल्ब की चेतावनी को नज़रअंदाज़ करता है और बारी में, उसके अवज्ञा के लिए दंड मिल जाता है।	ᱫᱟᱹᱭᱠᱟᱹᱞᱮᱠᱟᱛᱮ, ᱢᱤᱫᱴᱟᱝ ᱵᱟᱞᱵ ᱨᱮᱭᱟᱜ ᱥᱚᱱᱛᱚᱨᱟᱱᱟᱜ ᱵᱮᱵᱟᱹᱥᱩᱫ ᱟᱨ ᱚᱱᱟᱨᱮᱭᱟᱜ ᱚᱨᱡᱚ ᱞᱮᱠᱟᱛᱮ ᱥᱟᱹᱡᱟᱹᱭ ᱧᱟᱢ "ᱦᱟᱲᱟᱢ ᱦᱚᱲᱟᱜ" ᱠᱟᱹᱦᱤᱱᱤᱭ ᱞᱟᱹᱭᱟ "ᱫᱟ ᱴᱨᱤᱠᱥᱴᱟᱨ ᱮᱱᱰ ᱫᱟ ᱴᱚᱠᱤᱝ ᱵᱟᱞᱵ"᱾
मेरे पास तिरेसठ शब्द हैं।	ᱤᱧ ᱴᱷᱮᱱ ᱛᱩᱨᱩᱭ ᱜᱮᱞ ᱯᱮ ᱜᱚᱴᱟᱝ ᱥᱚᱵᱚᱫ ᱢᱮᱱᱟᱜᱼᱟ ᱠᱚᱣᱟ।
अगर एक औपचारिक रूप से व्यवस्थित बगीचे का दौरा किया है, तो "सर्मिस" जमा करने के लिए भी आपको बाहर निकालना होगा, बिना चर्चा किए।	ᱡᱩᱫᱤ ᱢᱤᱫ ᱚᱯᱪᱟᱨᱤᱠ ᱨᱩᱯ ᱛᱮ ᱛᱷᱤᱛ ᱟᱠᱟᱱ ᱵᱟᱲᱜᱮ ᱪᱟᱞᱟᱣ ᱟᱛᱮ, "ᱱᱚᱢᱩᱱᱟᱠᱚ ᱛᱩᱢᱟᱹᱞ" ᱦᱚᱸ ᱟᱢ ᱵᱤᱱᱟ ᱜᱟᱞᱢᱟᱨᱟᱣ ᱛᱮ ᱟᱢ ᱚᱰᱚᱠ ᱨᱮᱭᱟᱜ ᱪᱟᱞᱟᱜ ᱠᱟᱱᱟ᱾
वह साहित्यिक और राजनीतिक दोनों क्षेत्रों में एक महत्वपूर्ण व्यक्ति थे।	ᱥᱟᱶᱦᱮᱫ ᱟᱨ ᱨᱟᱡᱽ ᱟᱹᱨᱤ ᱵᱟᱱᱟᱨ ᱨᱮᱜᱮ ᱩᱱᱤᱫᱚ ᱟᱹᱰᱤ ᱞᱟᱹᱠᱛᱤᱭᱟᱱ ᱦᱚᱲᱮ ᱛᱟᱦᱮᱸ ᱠᱟᱱᱟ ᱾
अलग - अलग किस्म के लोग अलग - अलग किस्म के जीवन जीते हैं ।	ᱱᱤᱭᱟᱹ ᱨᱤᱛᱩᱞᱮᱠᱟᱛᱮ ᱩᱨᱜᱟᱹᱱᱟᱱ ᱵᱚᱸᱥᱠᱩᱣᱟᱜ ᱟᱭᱢᱟ ᱡᱤᱭᱚᱱᱜᱚᱲᱦᱚᱱ ᱢᱮᱱᱟᱜᱼᱟ, ᱡᱟᱦᱟᱸ ᱫᱚ ᱩᱝᱠᱩᱣᱟᱜ ᱦᱚᱭᱫᱟᱜ ᱨᱮᱭᱟᱜ ᱨᱤᱛᱩᱵᱳᱭᱪᱤᱛᱨᱚ ᱦᱚᱛᱮᱛᱮ ᱢᱩᱰᱩᱛᱞᱮᱠᱟᱛᱮ ᱞᱚᱞᱚᱢᱟᱹᱱ ᱟᱨ ᱫᱟᱜᱽᱡᱟᱹᱲᱤ ᱨᱮᱭᱟᱜ ᱦᱟᱨ ᱠᱷᱮᱛᱨᱚ ᱨᱮ ᱡᱟᱹᱥᱛᱤᱠᱟᱭᱛᱮ ᱮᱥᱮᱲᱚᱜ ᱠᱟᱱᱟ ᱾
अपनी टीम की शानदार और हकदार जीत सुनिश्चित होते ही प्रेमा खुशी से झूम उठीं।	ᱯᱨᱮᱢᱟ ᱫᱚ ᱠᱩᱥᱤᱛᱮᱭ ᱫᱚᱱ ᱠᱮᱫᱟ ᱚᱡᱮᱫᱚ ᱟᱡ ᱨᱮᱱ ᱜᱟᱫᱮᱞ ᱡᱚᱛᱷᱟᱛ ᱡᱤᱛᱠᱟᱹᱨ ᱠᱚ ᱧᱟᱢ ᱟᱠᱟᱫᱟ ᱾
चार लाख से ज़्यादा लोग अंत्येष्टि में उपस्थित होने के लिए रोम गए ।	ᱵᱷᱟᱱᱫᱟᱱ ᱨᱮ ᱥᱮᱞᱮᱫᱚᱜ ᱞᱟᱹᱜᱤᱫ ᱯᱳᱱ ᱢᱤᱞᱤᱭᱚᱱ ᱠᱷᱚᱱ ᱦᱚᱸ ᱰᱷᱮᱨ ᱦᱚᱲ ᱨᱚᱢ ᱛᱮᱠᱚ ᱪᱟᱞᱟᱣ ᱮᱱᱟ᱾
अगर मैं इन मुद्दों को उठाता हूँ तो मुझे तुम्हें खोने का डर है।	ᱤᱧ ᱱᱚᱣᱟᱠᱩ ᱥᱟᱛᱟᱢᱤᱧ ᱥᱟᱵ ᱨᱟᱠᱟᱵ ᱞᱮᱠᱷᱟᱱ ᱟᱢ ᱟᱫ ᱢᱮ ᱨᱮᱭᱟᱜ ᱵᱚᱛᱚᱨ ᱢᱮᱱᱟᱜᱼᱟ ᱾
ओह, यह बहुत स्वादिष्ट लगता है, लेकिन मैं मांस नहीं खाता.	ᱳᱦ, ᱟᱹᱰᱤ ᱥᱤᱵᱤᱞ ᱵᱩᱡᱷᱟᱹᱜ ᱠᱟᱱᱟ, ᱢᱮᱱᱠᱦᱟᱱ ᱤᱧᱫᱚ ᱥᱩᱠᱨᱤ ᱡᱤᱞ ᱵᱟᱹᱧ ᱡᱚᱢᱟ ᱾
ये कभी-कभी घर के किनारों पर लगे हुए हैं... ... दुकानों की एक अच्छी सीमा के साथ... ... तट की परत. हवा सुरक्षित है.	ᱱᱩᱠᱩᱣᱟᱜ ᱫᱚ ᱚᱠᱟᱼᱚᱠᱟ ᱵᱮᱲᱟ ᱦᱚᱲᱼᱵᱷᱤᱲ ᱜᱷᱟᱨᱚᱸᱡᱤᱭᱟᱹ ᱥᱟᱹᱢᱩᱫᱼᱟᱲᱮᱠᱚ ᱟᱨ ᱟᱲᱮ ᱨᱮ ᱟᱭᱢᱟ ᱞᱮᱠᱟᱱ ᱫᱚᱠᱟᱱ ᱢᱮᱱᱟᱜ ᱛᱟᱠᱚᱣᱟ᱾ ᱯᱟᱭᱨᱟᱜ ᱨᱩᱠᱷᱤᱭᱟᱹ ᱜᱮᱭᱟ᱾
मुझे पता है कि अगर तुम कुछ भी जरूरत है.	ᱫᱟᱭᱟ ᱠᱟᱛᱮᱜ ᱵᱟᱰᱟᱭ ᱚᱪᱚᱧ ᱢᱮ ᱡᱩᱫᱤ ᱡᱟᱦᱟᱱᱟᱜ ᱮᱢ ᱠᱷᱚᱡᱽ ᱠᱷᱟᱱ ᱾
मुझे आपको निराश करने के लिए खेद है लेकिन हमारे पास आपका आकार (साइज़) उपलब्ध नहीं है।	ᱟᱢᱟᱜ ᱟᱸᱥ ᱨᱟᱹᱯᱩᱫ ᱠᱷᱟᱹᱛᱤᱨ ᱤᱧ ᱫᱩᱠ ᱤᱧ ᱥᱚᱫᱚᱨ ᱮᱫᱟ ᱢᱮᱱᱠᱷᱟᱱ ᱟᱞᱮᱴᱷᱮᱱ ᱟᱢᱟᱜ ᱜᱚᱲᱦᱚᱱ ᱵᱟᱹᱱᱩᱜᱼᱟ ᱾
इस कारण से, श्शुडी ने शायद गोल्डी को खत्म करने (हटाने) का फैसला किया होगा।	ᱚᱱᱟ ᱠᱷᱟᱹᱛᱤᱨᱛᱮ, ᱥᱩᱰᱤ ᱜᱳᱞᱰᱤ ᱥᱟᱞᱟᱜ ᱥᱟᱹᱜᱟᱹᱭ ᱛᱚᱯᱟᱜ ᱨᱮᱭᱟᱜ ᱮ ᱴᱷᱟᱲᱚᱜᱚᱴᱟ ᱫᱟᱲᱮᱭᱟᱜᱼᱟ ᱾
इस चरण के दौरान, प्रभावकारी नीति पहलों ने फल उत्पन्‍न करने की शुरूआत की है ।	ᱱᱤᱭᱟᱹ ᱯᱚᱨᱡᱟᱹᱭ ᱨᱮ, ᱠᱟᱹᱢᱤᱭᱟᱱ ᱟᱹᱨᱤ ᱩᱫᱜᱟᱹᱣ ᱠᱩ ᱫᱚ ᱡᱚᱣᱟᱣᱟᱱᱟᱜᱽ ᱚᱨᱡᱚ ᱮᱢᱚᱜ ᱨᱮᱭ ᱮᱦᱚᱯᱞᱮᱱᱟ ᱾
हो सकता है कि मेरे पास साल भर चलने के लिए पर्याप्त खर्च के पैसे न हों।	ᱤᱧᱟᱹᱜ ᱜᱚᱴᱟ ᱥᱮᱨᱢᱟ ᱫᱷᱩᱨᱭᱟᱹ ᱪᱟᱞᱟᱜ ᱞᱮᱠᱟ ᱞᱟᱹᱠᱛᱤᱭᱟᱱ ᱠᱟᱹᱣᱰᱤ ᱵᱟᱝ ᱦᱚᱸ ᱛᱟᱦᱮᱸ ᱫᱟᱲᱮᱭᱟᱜᱼᱟ  ᱾
अपनी टीम के दबदबे वाले प्रदर्शन को देखकर अमेलिया की खुशी का कोई ठिकाना नहीं रहा।	ᱟᱡᱟᱜ ᱜᱟᱫᱮᱞ ᱨᱮᱭᱟᱜ ᱟᱹᱰᱤ ᱱᱟᱯᱟᱭ ᱯᱟᱨᱯᱷᱚᱨᱢᱮᱱᱥ ᱧᱮᱞ ᱠᱟᱛᱮ ᱟᱢᱮᱞᱤᱭᱟᱣᱟᱜ ᱨᱟᱹᱥᱠᱟᱹ ᱨᱮᱭᱟᱜ ᱥᱤᱢᱟᱹ ᱵᱟᱝ ᱛᱟᱦᱮᱸ ᱠᱟᱱᱟ ᱾
तो, अगर आप किसी दूसरे देश की नागरिक नागरिक हो, आप अपनी भारतीय स्वतंत्रता खो देते हैं और वोट देने के लिए अपने अधिकार।	ᱮᱱᱠᱷᱟᱱ, ᱟᱢ ᱡᱩᱫᱤ ᱮᱴᱟᱜ ᱫᱤᱥᱚᱢ ᱨᱮᱭᱟᱜ ᱱᱟᱜᱚᱨᱤᱠᱚᱛᱛᱚᱢ ᱦᱟᱛᱟᱣᱼᱟ, ᱮᱱᱠᱷᱟᱱ ᱟᱢ ᱟᱢᱟᱜ ᱵᱷᱟᱨᱚᱛᱤᱭᱚ ᱱᱟᱜᱚᱨᱤᱠᱚᱛᱛᱚ ᱟᱨ ᱵᱷᱳᱴ ᱨᱮᱭᱟᱜ ᱟᱹᱭᱫᱟᱹᱨᱮᱢ ᱟᱫᱼᱟ ᱾
एक खेल के तौर पर कम - से - कम १७वीं सदी में खेल - कूद शुरू हो जाता है, और १८६१ में ऑस्ट्रेलिया में सबसे पहले मनोरंजन - संबंधी क्लबों द्वारा खोला जाता था ।	ᱢᱤᱫᱴᱟᱹᱝ ᱠᱷᱮᱞ ᱦᱤᱥᱟᱹᱵ ᱛᱮ ᱰᱟᱩᱱᱦᱤᱞ ᱥᱤᱝ ᱠᱚᱢ ᱥᱮ ᱠᱚᱢ ᱑᱗ ᱟᱱᱟᱜ ᱥᱮᱧᱪᱩᱨᱤ ᱨᱮ ᱨᱩᱣᱟᱹᱲ ᱪᱟᱞᱟᱜ ᱠᱟᱱᱟᱭ, ᱟᱨ ᱑᱘᱖᱑ ᱨᱮ ᱚᱥᱴᱨᱮᱞᱤᱭᱟ ᱨᱮ ᱱᱚᱨᱣᱮᱱᱥ ᱛᱮ ᱯᱩᱭᱞᱩ ᱢᱚᱱᱚᱨᱚᱧᱡᱚᱠ ᱥᱠᱤ ᱠᱞᱚᱵ ᱠᱷᱩᱞᱟᱹ ᱠᱟᱱᱟ᱾
जी हाँ, मैं उसे हर शाम हमारे सबसे नज़दीकी नाटक तक ले जाने की सोच रहा हूँ ।	ᱦᱮᱸ, ᱤᱧ ᱢᱚᱱᱮᱭᱮᱫᱟ ᱟᱞᱮ ᱥᱩᱨ ᱨᱮᱭᱟᱜ ᱠᱷᱮᱞᱚᱸᱰ ᱢᱟᱴᱷᱨᱮ ᱩᱱᱤ ᱤᱫᱤᱭ ᱨᱮᱭᱟᱜ ᱠᱟᱛᱷᱟ ᱾
डिजाइन प्रबंधन के इतिहास का सटीक पता लगाना मुश्किल है।	ᱱᱚᱠᱥᱟ ᱵᱮᱵᱚᱥᱛᱷᱟᱯᱚᱱᱟ ᱨᱮᱭᱟᱜ ᱱᱟᱜᱟᱢ ᱡᱚᱛᱷᱟᱛ ᱞᱮᱠᱟᱛᱮ ᱯᱟᱸᱡᱟ ᱧᱟᱢ ᱫᱚ ᱥᱚᱠᱛᱚ ᱜᱮᱭᱟ ᱾
ᱵᱟᱡᱟᱨ ᱚᱠᱟᱨᱮ ᱢᱮᱱᱟᱜᱼᱟ?	बाज़ार कहाँ है?
पार्ट II (रिस्ट्स 17-24) सम्मेलन की रिपोर्ट और निगरानी को लागू करने के लिए दलों द्वारा ले गए कदमों को नियंत्रित करता है.	ᱯᱟᱨᱴ II (ᱜᱟᱱᱟᱝ ᱑᱗-᱒᱔) ᱠᱚᱱᱵᱷᱮᱱᱥᱚᱱ ᱨᱮᱭᱟᱜ ᱨᱤᱯᱳᱴᱤᱝ ᱟᱨ ᱧᱮᱞᱡᱚᱛᱱᱟᱣ ᱟᱨ ᱱᱤᱭᱟᱹ ᱠᱟᱹᱢᱤᱨᱮ ᱯᱷᱮᱨᱟᱣ ᱞᱟᱹᱜᱤᱫ ᱯᱚᱠᱠᱷᱚᱠᱩ ᱨᱮᱭᱟᱜ ᱦᱟᱛᱟᱣᱟᱠᱟᱱ ᱯᱚᱫᱚᱠᱠᱷᱮᱯᱠᱩᱭ ᱧᱮᱞᱡᱚᱛᱚᱱᱮᱫᱟ ᱾
हा, मैं मजाक कर रहा हूँ.	ᱦᱟᱦᱟᱦᱟᱹᱹ ᱤᱠᱟᱹᱧ ᱢᱮ ᱤᱧ ᱫᱚᱧ ᱢᱚᱡᱟᱭᱮᱫ ᱠᱟᱱ ᱛᱟᱦᱮᱸᱠᱟᱱᱟ ᱾
Uकाका के हथियार एक पांचवें आदमी के सिर पर दिखाई दिया. शिनाइडर को लगातार दर्द होता रहा है, एक आँख में अंधा है, खोपड़ी का एक लापता हिस्सा और टर्टनियम से एक चेहरा.	ᱢᱚᱬᱮᱭᱤᱡ ᱦᱚᱲᱟᱜ ᱵᱚᱦᱚᱜ ᱨᱮ ᱤᱥᱟᱨᱟ ᱛᱩᱞᱩᱡ ᱩᱠᱟᱹ ᱟᱜ ᱠᱷᱟᱱᱰᱟ ᱵᱮᱨᱛᱷᱟ ᱮᱱᱟ᱾ ᱥᱟᱭᱸᱰᱚᱨ ᱟᱜ ᱪᱟᱞᱟᱜ ᱠᱟᱱ ᱠᱚᱥᱴᱚ, ᱢᱤᱫ ᱢᱮᱫ ᱨᱮ ᱧᱩᱛᱟᱹᱛ, ᱠᱷᱟᱹᱯᱨᱤ ᱨᱮᱱᱟᱜ ᱢᱤᱫ ᱦᱟᱹᱴᱤᱧ ᱵᱟᱹᱱᱩᱜ ᱛᱟᱭᱟ ᱟᱨ ᱴᱟᱹᱭᱴᱮᱱᱤᱭᱚᱢ ᱛᱮ ᱵᱮᱱᱟᱣ ᱟᱠᱟᱱ ᱢᱩᱴᱷᱟᱹᱱ ᱢᱮᱱᱟᱜᱼᱟ᱾
उन्होंने 1985 से ललित कला अकादमी विएना में पढ़ाना शुरू किया।	ᱩᱱᱤ ᱫᱚ ᱮᱠᱟᱰᱮᱢᱤ ᱚᱯᱷ ᱯᱷᱟᱭᱤᱱ ᱟᱨᱴᱥ ᱫᱚ ᱵᱷᱤᱭᱮᱱᱟ ᱨᱮ ᱑᱙᱘᱕ ᱥᱟᱞ ᱨᱮᱭ ᱮᱛᱚᱦᱚᱵ ᱞᱮᱫᱟ ᱾
इसे छोटे - छोटे आकारों में डाल दिया जा सकता है ।	ᱥᱚᱱᱟ ᱫᱚ ᱡᱚᱛᱚ ᱞᱮᱠᱟᱱᱟᱜ ᱥᱟᱸᱪᱟ ᱨᱮ ᱵᱮᱱᱟᱣ ᱫᱟᱲᱮᱭᱟᱜᱼᱟ᱾ ᱱᱚᱣᱟ ᱦᱩᱰᱤᱧ ᱵᱮᱱᱟᱣ ᱨᱮᱦᱚᱸ ᱨᱚᱞ ᱫᱟᱲᱮᱭᱟᱜᱼᱟ᱾
तो, LII अपने निवेश पर आश्‍वस्त 8 प्रतिशत देंगे ।	ᱮᱱᱠᱷᱟᱱ, LIC ᱠᱟᱹᱣᱰᱤ ᱥᱚᱯᱚᱦᱚᱫ ᱞᱟᱹᱜᱤᱫ ᱔ ᱥᱟᱭᱦᱤᱸᱥ ᱮᱢᱚᱜ ᱨᱮᱭᱟᱜ ᱟᱸᱥ ᱮ ᱮᱢᱟᱢᱟ ᱾
हाथ - पैर की बनावट के बारे में कहा जा सकता है, भले ही वे छोटे हों, लेकिन वे समान मात्रा के उत्पादनों से छोटे हैं ।	ᱦᱚᱥᱛᱱᱤᱨᱢᱤᱛ ᱩᱛᱯᱟᱹᱫ ᱫᱚ ᱯᱨᱟᱹᱪᱤᱱ ᱡᱤᱱᱤᱥ ᱦᱤᱥᱟᱹᱵ ᱛᱮ ᱯᱚᱨᱤᱵᱷᱟᱥᱤᱛ ᱠᱚᱨᱟᱣ ᱜᱟᱱᱚᱜᱼᱟ, ᱢᱮᱱᱠᱷᱟᱱ ᱚᱱᱟ ᱥᱚᱢᱟᱱ ᱫᱽᱨᱚᱵᱭᱚᱣᱟᱱ ᱩᱛᱯᱟᱹᱫᱟᱹᱱ ᱡᱤᱱᱤᱥ ᱠᱚ ᱨᱮᱭᱟᱜ ᱛᱩᱞᱱᱟᱹ ᱨᱮ ᱦᱚᱯᱚᱱ ᱜᱮᱭᱟ᱾
ᱤᱧ ᱱᱚᱣᱟᱧ ᱦᱟᱛᱟᱣᱟ	मैं इसे ले लूँगा
मैं थोड़ा बोलता हूँ	ᱤᱧ ᱱᱟᱥᱮ ᱨᱚᱲ ᱮᱫᱟᱹᱧ
अपने शुरुआती वर्षों में रेलमार्ग ने लोगों को कंसास में बसने में मदद की।	ᱮᱛᱚᱦᱚᱯ ᱥᱮᱨᱢᱟ ᱠᱚᱨᱮ, ᱨᱮᱹᱞ ᱰᱟᱦᱟᱨ ᱦᱚᱲᱠᱚ ᱠᱚᱱᱥᱟᱥᱨᱮ ᱚᱲᱟᱜ ᱵᱮᱱᱟᱣ ᱨᱮᱭ ᱜᱚᱬᱚᱣᱟᱫᱠᱚ ᱛᱟᱦᱮᱱᱟ ᱾
ᱤᱧ ᱱᱚᱸᱰᱮ ᱪᱷᱩᱴᱤ ᱨᱮ ᱢᱤᱱᱟᱹᱧᱟ	मैं यहां छुट्टी पर हूँ
कुछ समय स्थिर होने के बाद रीड हेड बिट्स को उठाना शुरू कर देता है।	ᱠᱤᱪᱷᱩ ᱨᱤᱦᱤᱴ ᱚᱠᱛᱚ ᱛᱟᱭᱚᱢ ᱯᱟᱲᱦᱟᱜ ᱵᱚᱦᱚᱜ ᱨᱮ ᱵᱤᱴ ᱵᱟᱪᱷᱟᱣ ᱫᱚ ᱮᱦᱚᱵ ᱞᱮᱱᱟ ᱾
ᱢᱤᱫ ᱰᱟᱠᱴᱚᱨ ᱦᱚᱦᱚᱭᱮᱢ	डॉक्टर को बुलाओ
शुद्ध जल के विभिन्‍न तरीक़े हैं, कुछ ख़ास ख़तरों के विरुद्ध अधिक प्रभावकारी ।	ᱫᱟᱜ ᱠᱚ ᱥᱩᱫᱷ ᱠᱚᱨᱟᱣ ᱞᱟᱹᱜᱤᱫ ᱮᱴᱟᱜ ᱛᱚᱨᱠᱟ ᱠᱟᱱᱟ, ᱣᱤᱥᱤᱥᱴ ᱠᱷᱚᱛᱨᱟ ᱠᱷᱤᱞᱟᱹᱯ ᱛᱤᱱᱟᱹᱜ ᱟᱨ ᱵᱨᱚᱵᱷᱟᱣ ᱢᱮᱱᱟᱜᱼᱟ᱾
हम भारत में बहुत कुछ देखने के लिए बहुत कुछ है, सबसे बड़े जलदबो, पहाड़ियों और मैदानों में आप भारत में भी मिलेगा.	ᱵᱷᱟᱨᱚᱛᱨᱮ ᱟᱞᱮᱠᱚ ᱧᱮᱞ ᱞᱟᱹᱜᱤᱫ ᱟᱹᱰᱤ ᱠᱤᱪᱷᱤ ᱢᱮᱱᱟᱜᱼᱟ, ᱵᱟᱹᱲᱛᱤᱜᱮ ᱢᱩᱲᱩᱫ ᱫᱟᱜ ᱥᱚᱸᱛᱟᱞ, ᱵᱩᱨᱩ ᱟᱨ ᱢᱮᱞᱟᱱ ᱚᱛᱮᱫ ᱟᱢ ᱵᱷᱟᱨᱚᱛ ᱨᱮᱦᱚᱢ ᱧᱟᱢᱟ ᱾
तुमसे मिलकर अच्छा लगा!	ᱟᱭᱢᱟ ᱥᱟᱨᱦᱟᱣ, ᱟᱢ ᱥᱟᱶ ᱧᱟᱯᱟᱢᱠᱟᱛᱮ ᱵᱷᱟᱜᱤᱧ ᱵᱩᱡᱽᱠᱮᱫᱟ !
मेरे पास दस ब्लैकबोर्ड हैं।	ᱤᱧ ᱴᱷᱮᱱ ᱜᱮᱞ ᱜᱚᱴᱟᱝ ᱵᱞᱟᱠᱵᱚᱨᱰ ᱢᱮᱱᱟᱜᱼᱟ ᱠᱚᱣᱟ।
उन्होंने अपनी बड़ी मात्रा में धन का उपयोग धर्मार्थ कार्यों (दान) के वित्तपोषण के लिए किया।	ᱩᱱᱤ ᱫᱚ ᱠᱟᱹᱣᱰᱤ ᱥᱚᱯᱚᱦᱚᱫ ᱠᱚ ᱡᱚᱜᱟᱲ ᱫᱚᱦᱚᱭ ᱞᱟᱹᱜᱤᱫ ᱟᱡᱟᱜ ᱟᱹᱰᱤ ᱡᱟᱹᱥᱛᱤ ᱠᱟᱹᱣᱰᱤᱭ ᱵᱮᱣᱦᱟᱨ ᱞᱮᱫᱟ ᱾
मैं तुम्हें यह खेल खेलते हुए नहीं देख रहा हूँ। इसका पृष्ठभूमि संगीत बहुत डरावना है!	ᱤᱧ ᱫᱚ ᱟᱢ ᱱᱚᱣᱟ ᱠᱷᱮᱞᱮᱫᱟ ᱵᱟᱹᱧ ᱧᱮᱞᱮᱫ ᱢᱮ ᱠᱟᱱᱟ ᱾ ᱵᱮᱠᱜᱨᱟᱣᱩᱱᱰ ᱢᱤᱣᱡᱤᱠ ᱫᱚ ᱟᱹᱰᱤᱜᱮ ᱵᱚᱛᱚᱨᱟᱱᱟᱜ !
राष्ट्रीय भौगोलिक चैनल द्वारा एक बार में 50 पर्यटक गंतव्यों में शामिल किया गया है.	ᱱᱮᱥᱚᱱᱟᱞ ᱡᱤᱳᱜᱨᱟᱯᱷᱤ ᱪᱮᱱᱮᱞ ᱫᱟᱨᱟᱭᱛᱮ ᱡᱤᱭᱚᱱᱨᱮ ᱢᱤᱫ ᱫᱷᱟᱣ ᱥᱟᱸᱜᱷᱟᱨ ᱪᱟᱞᱟᱜ ᱞᱟᱹᱜᱤᱫ ᱕᱐ ᱜᱚᱴᱟᱝ ᱥᱚᱨᱮᱥ ᱥᱟᱸᱜᱷᱟᱨ ᱴᱷᱟᱶ ᱠᱚ ᱢᱩᱫᱨᱮ ᱠᱮᱨᱮᱞᱟ ᱦᱚᱸ ᱥᱮᱞᱮᱫ ᱟᱠᱟᱱᱟ ᱾
1956 का स्वेज संकट एक नाजुक दौर था।	᱑᱙᱕᱖ ᱥᱟᱞ ᱨᱮᱭᱟᱜ ᱥᱩᱭᱮᱡ ᱟᱱᱟᱴ ᱫᱚ ᱢᱤᱫᱴᱟᱝ ᱵᱟᱹᱲᱤᱡ ᱚᱠᱛᱚ ᱛᱟᱦᱮᱸ ᱠᱟᱱᱟ ᱾
हो सकता है कि मैं सबसे अच्छा खिलाड़ी न होऊं, लेकिन पिछले कुछ महीनों में मैंने जिस तरह सुधार किया है, वह मुझे सचमुच पसंद है।	ᱤᱧ ᱫᱚ ᱥᱚᱨᱮᱥ ᱠᱷᱮᱞᱳᱰᱤᱭᱟᱹ ᱵᱟᱹᱧ ᱦᱩᱭ ᱫᱟᱲᱮᱭᱟᱜᱼᱟ ᱢᱮᱱᱠᱷᱟᱱ ᱪᱟᱞᱟᱣᱮᱱ ᱠᱤᱪᱷᱩ ᱢᱟᱹᱱᱦᱟᱹ ᱤᱧ ᱫᱚ ᱡᱟᱦᱟ ᱞᱮᱠᱟᱧ ᱩᱛᱷᱱᱟᱹᱣ ᱟᱠᱟᱫᱟ ᱚᱱᱟ ᱫᱚ ᱤᱧ ᱥᱟᱹᱨᱤᱜᱮᱧ ᱠᱩᱥᱤᱭᱟᱜᱼᱟ ᱾
यह दुनिया की सबसे ऊंची इमारतों में से एक थी।	ᱱᱚᱶᱟ ᱫᱚ ᱛᱟᱦᱮᱸ ᱠᱟᱱᱟ ᱡᱮᱜᱮᱫ ᱨᱮᱭᱟᱜ ᱡᱚᱛᱚᱠᱷᱚᱱ ᱩᱥᱩᱞ ᱵᱷᱚᱵᱚᱱ ᱠᱚ ᱨᱮᱭᱟᱜ ᱢᱤᱫᱴᱟᱝ ᱾
इस शहर में 80 किलोमीटर (50 मीमी) और तट से भारतीय साइनरलैंड तक का सफर है ।	ᱥᱩᱫᱚᱨᱵᱚᱱ ᱡᱮᱜᱮᱫ ᱨᱮᱭᱟᱜ ᱥᱟᱱᱟᱢ ᱠᱷᱚᱱ ᱢᱟᱨᱟᱝ ᱫᱚᱨᱮᱭᱟ ᱟᱲᱮ ᱢᱮᱝᱜᱽᱨᱳᱵᱷ ᱵᱮᱞᱴ ᱠᱟᱱᱟ, ᱫᱚᱨᱮᱭᱟ ᱟᱲᱮ ᱠᱷᱚᱱ ᱵᱟᱝᱞᱟᱫᱮᱥᱤ ᱟᱨ ᱥᱤᱧᱚᱛ ᱨᱮᱭᱟᱜ ᱵᱷᱤᱛᱨᱤ ᱮᱞᱟᱠᱟ ᱨᱮ ᱘᱐ ᱠᱤᱢᱤ (᱕᱐ ᱢᱤ) ᱦᱟᱹᱵᱤᱡ ᱯᱟᱥᱱᱟᱣ ᱢᱮᱱᱟᱜᱼᱟ᱾
हाँ, लेकिन आप एक और जीवित घटना देखने के लिए अगले Wancanaria के लिए इंतजार नहीं है.	ᱦᱮᱸ, ᱢᱮᱱᱠᱷᱟᱱ ᱮᱴᱟᱜ ᱞᱟᱭᱤᱵᱷ ᱤᱵᱷᱮᱱᱴ ᱧᱮᱞ ᱞᱟᱹᱜᱤᱫ ᱟᱢᱫᱚ ᱫᱚᱥᱟᱨ ᱨᱮᱥᱚᱞᱢᱮᱱᱤᱭᱟ ᱞᱟᱹᱜᱤᱫ ᱛᱟᱸᱜᱤ ᱵᱟᱝ ᱦᱩᱭᱩᱜ ᱛᱟᱢᱟ ᱾
आपके हाथों की नमी बाहरी परतों के साथ प्रतिक्रिया दिखाती है, जो अजीब लगती है और एक क़िस्म का शैल बन जाता है ।	ᱟᱢᱟᱜ ᱛᱤ ᱨᱮᱱᱟᱜ ᱢᱚᱥᱪᱟ ᱵᱟᱦᱨᱮ ᱯᱟᱦᱴᱟ ᱥᱟᱶᱛᱮ ᱯᱷᱤᱰᱵᱮᱠ ᱠᱚᱨᱟᱣᱟ, ᱡᱟᱦᱟᱸ ᱫᱚ ᱦᱟᱦᱟᱲᱟ ᱵᱩᱡᱷᱟᱹᱣᱼᱟ ᱟᱨ ᱢᱤᱫ ᱥᱮᱫ ᱠᱷᱚᱞ ᱵᱮᱱᱟᱣᱜ-ᱟ᱾
अस्पताल की इस गड़बड़ी के आधार पर बीमा कंपनी के प्रतिनिधि ने मुझे सूचित किया है कि मेरा बीमा रद्द हो सकता है।	ᱦᱟᱥᱯᱟᱛᱟᱞ ᱨᱮᱭᱟᱜ ᱱᱚᱣᱟ ᱵᱮᱼᱵᱟᱹᱲᱤᱡ ᱪᱮᱛᱟᱱ ᱴᱮᱦᱟᱸᱴ ᱠᱟᱛᱮ, ᱵᱤᱢᱟᱹ ᱠᱳᱢᱯᱟᱱᱤ ᱨᱮᱱ ᱢᱟᱲᱛᱮ ᱠᱚ ᱵᱟᱰᱟᱭ ᱦᱚᱪᱚ ᱟᱠᱟᱫᱤᱧᱟᱹ ᱡᱮ ᱤᱧᱟᱹᱜ ᱵᱤᱢᱟ ᱵᱟᱹᱛᱤᱞ ᱦᱩᱭ ᱫᱟᱲᱮᱭᱟᱜᱼᱟ ᱾
हाँ, मैं घंटे के लिए ओडिश तूफान पर अद्यतन देख रहा है.	ᱦᱮᱸ, ᱤᱧ ᱠᱟᱹᱪ ᱴᱟᱲᱟᱝ ᱠᱷᱚᱱ ᱳᱰᱤᱥᱥᱟ ᱦᱚᱭᱵᱷᱟᱨᱰᱳ ᱨᱮᱭᱟᱜ ᱟᱯᱰᱮᱴ ᱤᱧ ᱧᱮᱞ ᱮᱫᱟ ᱾
हैलो, मैं कॉटर में भेंट के घंटों के बारे में बताने के लिए फोन कर रहा हूँ.	ᱦᱮᱞᱳ, ᱤᱧᱫᱚ ᱠᱩᱛᱩᱵ ᱢᱤᱱᱟᱨ ᱧᱮᱞ ᱨᱮᱭᱟᱜ ᱚᱠᱛᱚ ᱵᱟᱨᱮᱛᱮ ᱠᱩᱞᱤ ᱞᱟᱹᱜᱤᱫ ᱤᱧ ᱠᱚᱞ ᱟᱠᱟᱫᱟ ᱾
मुझे बहुत गुस्सा आ रहा है कि मैंने ये टिकट काले बाजार (ब्लैक) में तीन गुना कीमत पर खरीदे।	ᱤᱧ ᱱᱩᱱᱟᱹᱜ ᱤᱧ ᱨᱟᱹᱜᱤ ᱟᱠᱟᱱᱟ ᱡᱮ ᱤᱧ ᱠᱩᱢᱲᱩ ᱵᱟᱡᱟᱨ ᱠᱷᱚᱱ ᱯᱮ ᱜᱩᱱ ᱵᱮᱥᱤᱛᱮ ᱱᱚᱶᱟ ᱴᱤᱠᱤᱴ ᱠᱚᱧ ᱠᱤᱨᱤᱧ  ᱟᱠᱟᱱᱟ
एक बार मुझे उस पर एक परियोजना रिपोर्ट लिखना पड़ा.	ᱢᱤᱫᱫᱷᱟᱣ ᱩᱱᱤ ᱪᱮᱛᱟᱱ ᱢᱤᱫᱴᱟᱝ ᱚᱱᱚᱞ ᱚᱞ ᱦᱩᱭᱩᱜ ᱛᱤᱧᱟᱹ ᱾
समान रूप से मूल्यवान था जहाज का रटर (मारी के हाथबुक), जिसमें चीन, भारत, और जापान के व्यापार मार्ग पर अनिवार्य जानकारी थी ।	ᱥᱚᱢᱟᱱ ᱫᱟᱢᱟᱱ ᱛᱟᱦᱮᱸᱠᱟᱱᱟ ᱡᱟᱦᱟᱡᱽᱨᱮᱱᱟᱜ ᱨᱟᱰᱟᱨ (ᱱᱟᱹᱵᱤᱠᱠᱩᱣᱟᱜ ᱩᱫᱩᱜᱼᱯᱚᱛᱚᱵ), ᱡᱟᱦᱟᱸ ᱢᱩᱫᱨᱮ ᱪᱤᱱ, ᱵᱷᱟᱨᱚᱛ ᱟᱨ ᱡᱟᱯᱟᱱ ᱨᱮᱭᱟᱜ ᱵᱟᱹᱱᱤᱡᱽᱰᱟᱦᱟᱨ ᱜᱩᱨᱩᱛᱛᱚᱯᱩᱨᱱᱚ ᱰᱚᱜᱚᱨ ᱛᱟᱦᱮᱸᱱᱠᱟᱱ ᱛᱟᱦᱮᱸᱠᱟᱱᱟ ᱾
उसने अपना अभियान खत्म करने का फैसला कर लिया ।	ᱟᱜᱚᱥᱴ ᱨᱮ ᱮᱢᱥ ᱥᱨᱚᱣ ᱯᱚᱞ ᱡᱤᱛᱟᱹᱣ ᱞᱮᱱ ᱵᱟᱪᱢᱮᱱ, ᱟᱡᱟᱜ ᱯᱨᱚᱪᱟᱨ ᱢᱩᱪᱟᱹᱫ ᱨᱮᱭᱟᱜ ᱮ ᱜᱚᱴᱟ ᱠᱮᱫᱟ᱾
मुखे के द्वारा किए गए थे: निमल डी 'तोर्शीना, मत्ती तत्ती, लकी, राव्ही, रेघी, शेरी रोनी, मोतारो, मोताफिया पथा, वावा और शिल्‍नाई वावा।	ᱨᱟᱹᱲᱮ ᱮᱢᱟᱠᱟᱫᱟᱺ ᱱᱤᱠᱷᱤᱞ ᱰᱤ'ᱥᱩᱡᱟ, ᱢᱳᱱᱟᱞᱤ ᱴᱷᱟᱠᱩᱨ, ᱞᱟᱠᱤ ᱟᱞᱤ, ᱨᱟᱦᱟᱛ ᱯᱷᱚᱛᱮ ᱟᱞᱤ ᱠᱷᱟᱱ, ᱥᱮᱠᱷᱚᱨ ᱨᱟᱵᱷᱡᱤᱭᱟᱱᱤ, ᱠᱮᱨᱟᱞᱤᱥᱟ ᱢᱚᱱᱴᱮᱨᱳ, ᱢᱳᱦᱤᱛ ᱪᱳᱦᱟᱱ, ᱥᱥᱨᱩᱛᱤ ᱯᱟᱴᱷᱚᱠ, ᱵᱤᱥᱟᱞ ᱫᱟᱫᱞᱟᱱᱤ, ᱥᱤᱞᱯᱟ ᱨᱟᱣ ᱟᱨ ᱚᱵᱷᱤᱡᱤᱛ ᱵᱷᱟᱜᱷᱟᱱᱤ ᱾
भारत के नक्शे पर एक मणि के रूप में सेट करते हैं, वाहर अपने रंगों को सर्दियों में बदलता है, जब बर्फ में पहाड़ होंगे, वहाँ कोमल ढलानों के साथ उड़ रहे हैं; व गर्मियों में, शहद की बनी झीलों में सुंदर बनाते हैं।	ᱵᱷᱟᱨᱚᱛ ᱨᱮᱭᱟᱜ ᱢᱟᱱᱪᱤᱛᱟᱹᱨ ᱨᱮ ᱢᱤᱫ ᱦᱤᱨᱟᱹ ᱢᱟᱹᱱᱤᱠ ᱢᱩᱠᱩᱴ ᱞᱮᱠᱟᱱᱟᱜ ᱥᱮᱴ, ᱨᱤᱛᱩ ᱞᱮᱠᱟ ᱨᱚᱝᱼᱮ ᱵᱚᱫᱚᱞᱟ ᱠᱟᱥᱢᱤᱨᱼᱨᱟᱵᱟᱝ ᱫᱤᱱ, ᱡᱚᱠᱷᱚᱱ ᱵᱩᱨᱩᱨᱮ ᱵᱚᱨᱚᱯ ᱛᱮ ᱟᱴᱮᱫ ᱠᱚᱜᱼᱟ, ᱱᱟᱥᱮ ᱫᱟᱲᱟᱝ ᱵᱚᱨᱟᱵᱚᱨ ᱥᱠᱤᱭᱤᱝ ᱟᱨ ᱥᱞᱮᱡ ᱨᱟᱭᱰᱤᱝ ᱦᱩᱭᱩᱜᱼᱟ ; ᱦᱟᱣᱮᱫ ᱟᱨ ᱥᱤᱛᱩᱝ ᱨᱮ, ᱧᱮᱞᱮ ᱨᱟᱥᱟᱼ ᱥᱤᱥᱤᱨ ᱵᱟᱜᱣᱟᱱ, ᱰᱷᱟᱹᱣ ᱫᱟᱨᱦᱟ ᱱᱟᱹᱭ ᱫᱷᱟᱨᱮ ᱟᱹᱰᱤ ᱪᱚᱨᱚᱠ ᱪᱤᱠᱟᱹᱲᱮ ᱵᱮᱱᱟᱣᱼᱟ ᱾
यह ठीक है जब तक वे पहले से सूचना दी जाती है.	ᱛᱤᱱ ᱦᱟᱹᱵᱤᱡᱽ ᱩᱝᱠᱩ ᱫᱚ ᱞᱟᱦᱟ ᱠᱷᱚᱱ ᱵᱟᱝᱠᱩ ᱵᱟᱰᱟᱭᱩᱪᱩᱜᱽᱠᱟᱱᱟ, ᱚᱱᱟ ᱫᱚ ᱵᱷᱟᱜᱤ ᱾
आपके पास कार्बन की छोटी मात्रा है कि कार्बन की तरह गैर-टी तत्वों की छोटी मात्रा भी हो सकती है.	ᱟᱢ ᱴᱷᱮᱱ ᱢᱤᱠᱥ ᱢᱮᱴᱟᱨ ᱦᱚᱸ ᱦᱩᱭ ᱫᱟᱲᱮᱭᱟᱜᱼᱟ ᱡᱟᱦᱟᱸ ᱫᱚ ᱠᱟᱨᱵᱚᱱ ᱞᱮᱠᱟᱱ ᱮᱴᱟᱜᱼᱢᱮᱴᱟᱨ ᱮᱞᱤᱢᱮᱱᱴ ᱨᱮᱱᱟᱜ ᱱᱟᱥᱮ ᱢᱟᱛᱨᱟ ᱢᱮᱥᱟ ᱢᱮᱱᱟᱜᱼᱟ᱾
आमतौर पर यह माना जाता है कि यह नाटक 1595 या 1596 में लिखा गया था।	ᱡᱟᱸᱦᱟ ᱦᱩᱴᱤᱧ ᱜᱟᱭᱟᱱ ᱫᱚ ᱑᱕᱙᱕ ᱥᱮ ᱑᱕᱙᱖ ᱨᱮ ᱚᱞ ᱞᱮᱱᱟ ᱚᱱᱟ ᱫᱚ ᱥᱟᱫᱷᱟᱨᱚᱱᱚᱛᱚ ᱢᱟᱱᱟᱣ ᱵᱟᱛᱟᱣ ᱞᱮᱱᱟ ᱾
एथलीटों द्वारा अत्यधिक आक्रामकता और खुरदुरा खेल शर्मनाक है।	ᱠᱷᱮᱞᱳᱰᱤᱭᱟᱹ ᱠᱚᱣᱟᱜ ᱟᱹᱰᱤ ᱵᱟᱹᱲᱛᱤ ᱡᱟᱨᱯᱟ ᱟᱨ ᱨᱟᱯᱷ ᱠᱷᱮᱹᱞᱳᱰ ᱫᱚ ᱟᱹᱰᱤ ᱞᱟᱡᱟᱣ ᱟᱱᱟᱜ ᱛᱟᱦᱮᱸ ᱠᱟᱱᱟ ᱾
मेरे पास अस्सी फल हैं।	ᱤᱧ ᱴᱷᱮᱱ ᱟᱨ ᱜᱮᱞ ᱜᱚᱴᱟᱝ ᱯᱟᱹᱨᱟᱹ ᱢᱮᱱᱟᱜᱼᱟ ᱠᱚᱣᱟ।
मुझे नहीं लगता कि मैं यहाँ फिर कभी खाना खा पाऊँगा, मेरे चावल में एक कॉकरोच है।	ᱤᱧ ᱢᱚᱱᱮ ᱵᱟᱝ ᱦᱩᱭᱩᱜ ᱠᱟᱱᱟ ᱱᱚᱸᱰᱮ ᱟᱨ ᱛᱤᱥ ᱦᱚᱸ ᱡᱚᱢᱟᱜᱤᱧ ᱡᱚᱢ ᱫᱟᱲᱮᱭᱟᱜᱼᱟ ᱢᱮᱱᱛᱮ, ᱤᱧᱟᱜ ᱫᱟᱠᱟ ᱨᱮ ᱪᱟᱹᱯᱲᱤ ᱢᱮᱱᱟᱭᱟ ᱾
सब लोग, कृपया अपनी सीटें ले.	ᱥᱟᱱᱟᱢ ᱠᱚ, ᱫᱟᱭᱟ ᱠᱟᱛᱮ ᱡᱤᱨᱟᱹᱣᱚᱜ ᱯᱮ ᱾
उनसठ बच्चे खेल रहे हैं।	ᱛᱩᱨᱩᱭ ᱜᱮᱞ ᱱᱟᱭ ᱜᱤᱫᱽᱨᱟᱹ ᱠᱷᱮᱞ ᱠᱟᱱᱟ ᱠᱚ।
उन्होंने पृथ्वी के ऊपर से 491 किलोमीटर का सफर तय किया ।	ᱩᱯᱚᱜᱨᱚᱦᱚ, ᱵᱟᱱᱟᱨ ᱠᱤᱱ ᱑,᱐᱐᱐ ᱯᱟᱣᱩᱸᱰ ᱠᱷᱚᱱ ᱰᱷᱮᱨ ᱜᱮᱭᱟ, ᱟᱨ ᱑᱗,᱕᱐᱐ ᱢᱟᱭᱤᱞᱥ ᱯᱟᱹᱨ ᱟᱣᱟᱹᱨ ᱛᱮ ᱜᱚᱛᱤᱟᱭ, ᱯᱨᱩᱛᱷᱤᱵᱤ ᱠᱷᱚᱱ ᱔᱙᱑ ᱢᱟᱭᱤᱞ ᱪᱮᱛᱟᱱ ᱨᱮ ᱵᱟᱡᱟᱣᱜᱼᱟᱭ।
मुझे स्कूल जाने की ज़रूरत नहीं है.	ᱤᱧ ᱫᱚ ᱥᱠᱩᱞ ᱵᱟᱝ ᱪᱟᱞᱟᱜᱽ ᱦᱩᱭᱩᱜᱽᱛᱤᱧᱟ ᱾
मेरे बेटे ने मुझे बताया कि स्पाइडरमैन की नवीनतम फिल्म ने उसे अत्यधिक उत्साहित कर दिया।	ᱤᱧᱤᱡ ᱠᱚᱲᱟ ᱜᱤᱫᱽᱨᱟᱹ ᱞᱟᱹᱭ ᱟᱹᱫᱤᱧ ᱛᱟᱦᱮᱸ ᱡᱮ, ᱢᱩᱪᱟᱹᱫ ᱨᱮᱭᱟᱜ ᱥᱯᱟᱭᱰᱟᱨᱢᱮᱱ ᱪᱚᱞᱚᱛ ᱪᱤᱛᱟᱹᱨ ᱫᱚ ᱩᱥᱩᱞ ᱟᱛᱢᱟ ᱨᱮᱭ ᱫᱚᱦᱚ ᱟᱠᱟᱫᱮᱭᱟ
मुझे कुछ जलने की गंध आ रही है। क्या इंजन में आग लग गई?	ᱡᱟᱦᱟᱱᱟᱜ ᱨᱟᱯᱟᱜᱚᱜ ᱠᱟᱱ ᱨᱮᱭᱟᱜ ᱥᱚᱧ ᱧᱟᱢᱮᱫᱟ ᱠᱟᱱᱟ ᱾ ᱤᱧᱡᱤᱱ ᱨᱮ ᱪᱮᱫ ᱥᱮᱸᱜᱮᱸᱞ ᱞᱟᱜᱟᱣ ᱟᱠᱟᱱᱟ ?
कितने टिकट आप चाहते हैं?	ᱛᱤᱱᱟᱹᱜ ᱜᱟᱱ ᱴᱤᱠᱤᱴ ᱟᱢ ᱫᱚᱢ ᱠᱷᱚᱡᱽᱚᱜ ᱠᱟᱱᱟ ?
ᱤᱧ ᱨᱩᱣᱟᱹ ᱜᱮᱭᱟᱹᱧ	मैं बीमार हूँ
जी हाँ, स्मारक हर दिन खुला है और आप 7: 00 के बीच किसी भी समय का दौरा कर सकते हैं और 5: 00 बजे.	ᱦᱮᱸ, ᱩᱭᱦᱟᱹᱨ ᱵᱟᱛᱷᱟᱱᱫᱚ ᱡᱚᱛᱚ ᱰᱤᱱᱜᱮ ᱡᱷᱤᱡ ᱛᱟᱦᱮᱱᱟ ᱟᱨ ᱟᱢᱫᱚ ᱥᱮᱛᱟᱜ ᱗ᱺ᱐᱐ ᱠᱷᱚᱱ ᱟᱹᱭᱩᱵ ᱕ᱺ᱐᱐ ᱢᱩᱫᱽᱨᱮ ᱡᱟᱦᱟᱸ ᱛᱤᱱ ᱨᱮᱜᱮᱢ ᱧᱮᱞ ᱫᱲᱟᱮᱭᱟᱜᱼᱟ ᱾
आठ	ᱟᱨ
खिलाड़ियों को अपने प्रतिद्वंद्वियों का अनादर करते देखना निराशाजनक है।	ᱠᱷᱮᱞᱳᱰᱤᱭᱟᱹ ᱠᱚ ᱟᱠᱚᱨᱮᱱ ᱨᱮᱱ ᱵᱤᱨᱩᱫᱤᱭᱟᱹ ᱠᱚᱣᱟᱜ ᱵᱮᱢᱟᱱᱚᱛ ᱠᱚᱨᱟᱣ ᱧᱮᱞᱛᱮ ᱠᱚ ᱵᱷᱟᱵᱱᱟᱭᱮᱱᱟ
जैसा कि ऊपर बताया गया है, अधिकांश डी. एन. एन. ए.	ᱪᱮᱛᱟᱱ ᱨᱮ ᱩᱫᱩᱜᱥᱚᱫᱚᱨ ᱞᱮᱠᱟᱛᱮ, ᱟᱹᱰᱤᱜᱟᱱ ᱰᱤᱹᱮᱱᱹᱮ ᱚᱱᱩ ᱜᱮ ᱦᱩᱭᱩᱜ ᱠᱟᱱᱟ ᱵᱮᱼᱥᱚᱝᱡᱳᱡᱚᱜ ᱡᱚᱯᱲᱟᱣ ᱨᱮ ᱯᱮᱴᱮᱨ ᱠᱟᱭᱫᱟ ᱛᱮ ᱢᱤᱫᱥᱟᱶᱛᱮ ᱛᱟᱦᱮᱸᱟᱠᱟᱱ ᱯᱚᱞᱤᱢᱟᱨ ᱨᱮᱭᱟᱜ ᱵᱟᱨᱭᱟ ᱥᱩᱛᱨᱚ; ᱰᱷᱮᱨᱠᱟᱭᱛᱮ ᱴᱚᱴᱷᱟ ᱨᱮ, ᱡᱤ ᱟᱨ ᱥᱤ ᱤᱥᱴᱮᱠ ᱨᱮᱭᱟᱜ ᱠᱷᱮᱛᱨᱚ ᱨᱮ ᱡᱚᱛᱚᱠᱷᱚᱱ ᱫᱟᱲᱮᱭᱟᱱ ᱱᱚᱶᱟ ᱵᱷᱤᱛᱟᱹᱨᱥᱩᱛᱨᱚ ᱵᱮᱥ ᱥᱴᱟᱠᱤᱝ ᱢᱤᱫᱦᱚᱲ ᱠᱷᱚᱱ ᱟᱨ ᱢᱤᱫᱦᱚᱲ ᱡᱳᱜᱟᱡᱳᱜ ᱫᱟᱨᱟᱭ ᱛᱮ ᱱᱚᱶᱟ ᱵᱟᱨᱼᱥᱩᱛᱨᱚᱠ ᱜᱚᱴᱷᱚᱱ ᱫᱚ ᱨᱩᱠᱷᱭᱟᱜ ᱛᱟᱦᱮᱸᱫ ᱾
वह मेरी कार को लापरवाही से ओवरटेक करके मुझे आगे बढ़ने से कैसे रोक सकता है?	ᱪᱮᱫ ᱞᱮᱠᱟᱛᱮ ᱩᱱᱤ ᱫᱚ ᱤᱧᱟᱹᱜ ᱜᱟᱹᱰᱤᱭ ᱳᱵᱷᱟᱨᱴᱮᱠ ᱠᱟᱛᱮ ᱤᱧᱟᱹᱜ ᱪᱟᱞᱟᱜ ᱦᱚᱨ ᱮ ᱡᱟᱸᱜᱮ ᱫᱟᱲᱮᱭᱟᱜᱼᱟ ?
खैर, वहाँ कल एक सेना होगी.	ᱴᱷᱤᱠ ᱜᱮᱭᱟ, ᱜᱟᱯᱟ ᱨᱮᱹᱞᱤ ᱦᱩᱭᱩᱜᱼᱟ ᱾
मैडम ने कहा कि वह हमें उसके बारे में और अधिक बता देगा जब हम भारतीय संविधान का अध्याय करेंगे	ᱢᱟᱪᱮᱫᱟᱹᱱᱤᱭ ᱞᱟᱹᱭᱟᱠᱟᱫᱟ ᱡᱮ ᱩᱱᱤ ᱫᱚ ᱵᱷᱟᱨᱚᱛᱤᱭᱟᱹ ᱥᱚᱝᱵᱤᱫᱷᱟᱱ ᱦᱟᱹᱴᱤᱧᱞᱮ ᱯᱟᱲᱦᱟᱣᱟ ᱛᱚᱠᱷᱚᱱᱮ ᱞᱟᱹᱭᱟᱞᱮᱭᱟ ᱾
मिलौ का एरोन्डिसमेंट: मिलौ का एरोन्डिसमेंट फ्रांस का एक एरोन्डिसमेंट है।	ᱢᱤᱞᱟᱣ ᱨᱮᱭᱟᱜ ᱮᱹᱨᱳᱱᱰᱤᱥᱢᱮᱱᱴ ᱫᱚ ᱯᱷᱟᱨᱟᱱᱥ ᱨᱮᱭᱟᱜ ᱮᱹᱨᱳᱱᱰᱤᱥᱢᱮᱱ ᱾
सन्‌ 195N1 की बात है कि फ्रांस के पूर्वी भाग में, सन्‌ सोमवार को एक मृत जंगली बत्तख को संक्रमित किया गया था ।	ᱢᱟᱹᱱᱢᱤ ᱠᱚ ᱞᱟᱹᱜᱤᱫ ᱜᱷᱟᱴᱟ ᱵᱟᱨᱰ ᱯᱷᱞᱩ ᱨᱮᱱᱟᱜ ᱥᱴᱮᱭᱱ, H᱕N᱑, ᱫᱚ ᱚᱛᱮ ᱢᱟᱦᱟᱸ ᱦᱤᱞᱚᱜ ᱫᱚ ᱯᱷᱨᱟᱱᱥ ᱨᱤᱱᱤᱡ ᱯᱟᱹᱦᱤᱞ ᱨᱮ ᱞᱭᱳᱱ ᱟᱜ ᱥᱟᱶ ᱫᱚᱫᱚᱞᱩ ᱚᱛ ᱨᱮ ᱧᱟᱢ ᱞᱮᱱᱟ ᱢᱤᱫ ᱜᱩᱨ ᱡᱟᱝᱜᱽᱞᱤ ᱜᱮᱰᱮ ᱟᱜ ᱥᱚᱝᱠᱨᱟᱢᱤᱛ ᱞᱟᱹᱜᱤᱫ ᱯᱩᱥᱴᱤ ᱦᱩᱭ ᱮᱱᱟ᱾
इस घटना में ए. जे.	ᱟᱠᱷᱲᱟᱨᱮ ᱮ ᱡᱮ ᱥᱴᱟᱭᱤᱞᱥ ᱮᱡᱽ ᱟᱨ ᱥᱮᱛᱷ ᱨᱚᱞᱤᱱᱥ ᱠᱳᱰᱤ ᱨᱳᱰᱥ ᱵᱤᱨᱩᱫᱷᱨᱮᱭ ᱞᱟᱹᱲᱦᱟᱹᱭᱟ ᱾
जो भी निर्णय वे करते हैं, उनके लिए अकसर अपनी श्रेष्ठ स्वीकृति प्राप्त करनी चाहिए, और उम्मीद की जाती है कि उनके उच्च निर्देशों का पालन करें बिना प्रश्न के.	ᱠᱟᱹᱢᱤᱭᱟᱹ ᱠᱚ ᱡᱟᱦᱟᱸ ᱟᱹᱨᱤ ᱵᱟᱠᱷᱨᱟ ᱟᱠᱚᱭᱤᱡ ᱢᱩᱠᱷᱤᱭᱟᱹᱣᱟᱜ ᱟᱯᱨᱳᱵᱷᱟᱞ ᱦᱟᱛᱟᱣ ᱦᱩᱭᱟᱠᱚᱣᱟ, ᱟᱨ ᱵᱟᱝ ᱠᱩᱠᱞᱤᱭᱟᱛᱮ ᱟᱠᱚᱭᱤᱡ ᱢᱩᱠᱷᱤᱭᱟᱹᱣᱟᱜ ᱩᱫᱩᱜ ᱵᱟᱛᱟᱣ ᱦᱩᱭᱟᱠᱚᱣᱟ᱾
इस तरह वे समुद्र - तल के बढ़ने से बचने के लिए अपने इलाके को और भी आसान बना देते हैं ।	ᱡᱩᱢᱤ ᱵᱮᱵᱚᱦᱟᱨ ᱟᱹᱨᱤ ᱠᱩ ᱡᱟᱦᱟᱸ ᱫᱚ ᱥᱟᱹᱢᱩᱫ ᱞᱟᱭᱤᱱ ᱚᱲᱟᱜ ᱵᱮᱱᱟᱣ ᱨᱮ ᱵᱟᱭ ᱩᱫᱜᱟᱹᱣ ᱠᱩ ᱫᱚ ᱥᱟᱹᱢᱩᱫ ᱟᱲᱮ ᱩᱛᱷᱱᱟᱹᱣ ᱥᱟᱶ ᱢᱩᱠᱟᱹᱵᱤᱞᱟᱹᱭ ᱞᱟᱹᱜᱤᱫ ᱦᱚᱲᱠᱩ ᱡᱟᱹᱥᱛᱤ ᱥᱩᱵᱤᱫᱷᱟᱭ ᱮᱢᱟᱠᱩᱣᱟ ᱾
अगुआसकालियंटेस सिटी: अगुआसकालियंटेस, अगुआसकालियंटेस राज्य की राजधानी है।	ᱚᱜᱟᱥᱠᱮᱹᱞᱤᱭᱮᱱᱛᱮᱥ ᱥᱟᱦᱟᱨ ᱫᱚ ᱦᱩᱭᱩᱜ ᱠᱟᱱᱟ ᱚᱜᱟᱥᱠᱮᱹᱞᱤᱭᱮᱱᱛᱮᱥ ᱯᱚᱱᱚᱛ ᱨᱮᱭᱟᱜ ᱨᱟᱡᱽᱜᱟᱲ ᱾
एक सौ	ᱢᱤᱫ ᱥᱟᱭ
30 रॉकफेलर प्लाजा की पहली योजना मार्च 1930 में बनाई गई थी।	᱓᱐ ᱨᱚᱠᱯᱷᱮᱞᱟᱨ ᱯᱞᱟᱡᱟ ᱞᱟᱹᱜᱤᱫ ᱯᱳᱭᱞᱳ ᱟᱜᱟᱢ ᱩᱭᱦᱟᱹᱨ ᱫᱚ ᱑᱙᱓᱐ ᱥᱟᱞ ᱨᱮᱭᱟᱜ ᱢᱟᱨᱪ ᱪᱟᱸᱫᱚᱨᱮ ᱵᱮᱱᱟᱣ ᱦᱩᱭ ᱞᱮᱱᱟ ᱾
और यह चिकना है.	ᱟᱨ ᱱᱤᱭᱟᱹ ᱫᱚ ᱟᱹᱰᱤ ᱞᱮᱧᱡᱮᱨ ᱾
क्या वे डाक से इसे भेजते हैं?	ᱩᱱᱠᱩ ᱫᱚ ᱪᱮᱫ ᱯᱳᱥᱴ ᱛᱮᱠᱚ ᱵᱷᱮᱡᱟᱭᱟ ?
उनके कार्यक्रम 30 से अधिक राज्यों में प्राप्त किए जा सकते थे।	ᱩᱱᱤᱭᱟᱜ ᱯᱨᱳᱜᱨᱟᱢ ᱫᱚ ᱓᱐ ᱜᱚᱴᱟᱝ ᱠᱷᱚᱱ ᱦᱚᱸ ᱡᱟᱹᱥᱛᱤ ᱯᱚᱱᱚᱛ ᱨᱮ ᱧᱟᱢ ᱫᱟᱲᱮᱭᱟᱜᱼᱟ ᱾
जिस तरह से मेरे माता-पिता हमेशा मेरे जीवन के हर पहलू को नियंत्रित करने की कोशिश करते हैं, उससे मैं बहुत निराश हूँ। यह उचित नहीं है।	ᱤᱧᱨᱮᱱ ᱜᱚᱼᱵᱟᱵᱟ ᱥᱟᱨᱟ ᱜᱷᱩᱲᱤ ᱡᱮᱞᱮᱠᱟ ᱤᱧᱟᱜ ᱡᱤᱭᱚᱱ ᱨᱮᱭᱟᱜ ᱢᱤᱢᱤᱫᱴᱟᱝ ᱫᱤᱠ ᱥᱟᱸᱵᱲᱟᱣ ᱨᱮᱭᱟᱜ ᱠᱤᱱ ᱠᱩᱨᱩᱢᱩᱴᱩᱭᱟ ᱚᱱᱟᱛᱮ ᱤᱧ ᱫᱚ ᱟᱹᱰᱤ ᱫᱩᱠᱷᱤᱧ ᱟᱴᱠᱟᱨᱼᱟ ᱾ ᱚᱱᱟ ᱫᱚ ᱵᱟᱝ ᱴᱷᱤᱠᱼᱟ ᱾
उन्होंने 70 पुस्तकें और 293 मुद्रित विद्वत्तापूर्ण शोध पत्र लिखे।	ᱩᱱᱤ ᱫᱚ ᱗᱐ ᱜᱚᱴᱟᱝ ᱯᱚᱛᱚᱵ ᱟᱨ ᱒᱙᱓ ᱜᱚᱴᱟᱝ ᱪᱷᱟᱯᱟᱣᱟᱠᱟᱱ ᱵᱟᱹᱲᱛᱤ ᱯᱚᱱᱰᱤᱛ ᱟᱱᱟᱜ ᱩᱪᱷᱟᱹᱱᱮ ᱚᱞ ᱟᱠᱟᱫᱟ ᱾
वाह! मेरी पसंदीदा दुकान पर वर्तमान में बहुत सारे ऑफ़र चल रहे हैं। मैं इस बार कई ड्रेस खरीदने जा रहा हूँ।	ᱟᱹᱰᱤ ᱱᱟᱯᱟᱭ ! ᱤᱧᱟᱜ ᱠᱩᱥᱤᱭᱟᱱ ᱫᱳᱠᱟᱱ ᱨᱮ ᱱᱤᱛᱚᱜ ᱟᱭᱢᱟ ᱚᱯᱷᱟᱨ ᱪᱟᱞᱟᱜ ᱠᱟᱱᱟ ᱾ ᱤᱧ ᱫᱚ ᱱᱤᱛᱚᱜ ᱟᱭᱢᱟ ᱰᱨᱮᱥᱤᱧ ᱦᱟᱛᱟᱣ ᱞᱟᱹᱜᱤᱫᱚᱜ ᱠᱟᱱᱟ ᱾
तो आप का मतलब है कि मैं जाने के लिए और पहली बार वैक्सीन लेने के लिए की जरूरत है और फिर मैं खोलने के दौरान क्या करना चाहते हैं के बारे में सोचते हैं.	ᱚᱱᱟᱛᱮ ᱟᱢᱮᱢ ᱞᱟᱹᱭ ᱮᱫᱟ ᱡᱮ ᱤᱧ ᱯᱳᱭᱞᱳᱨᱮ ᱵᱷᱮᱠᱥᱤᱱ ᱦᱟᱛᱟᱣ ᱦᱩᱭᱩᱜ ᱛᱤᱧᱟᱹ ᱟᱨ ᱤᱱᱟᱹ ᱛᱟᱭᱚᱢ ᱞᱚᱠᱰᱟᱣᱩᱱ ᱠᱷᱩᱞᱟᱹᱣ ᱚᱠᱛᱚ ᱤᱧ ᱡᱟᱦᱟᱸᱠᱚ ᱡᱤᱱᱤᱥ ᱠᱚᱨᱟᱣ ᱤᱧ ᱠᱷᱚᱡ ᱠᱟᱱ ᱛᱟᱦᱮᱸ ᱚᱱᱟ ᱩᱭᱦᱟᱹᱨ ᱢᱮ ᱾
धन्यवाद	ᱟᱭᱢᱟ ᱥᱟᱨᱦᱟᱣ
मैं मशहूर अंजिला और ईलोरा गुफा में गया ।	ᱤᱧᱫᱚ ᱧᱩᱛᱩᱢᱟᱱ ᱚᱡᱚᱱᱛᱟ ᱟᱨ ᱤᱞᱳᱨᱟ ᱜᱷᱚᱸᱜᱚᱨ ᱤᱧ ᱧᱮᱞ ᱟᱠᱟᱫᱟ ᱿
मैं हमेशा अपनी दिशाओं में गड़बड़ कर देता हूँ क्योंकि मैं अपने परिवेश पर ध्यान नहीं देता (पर्यटक)।	ᱤᱧ ᱫᱚ ᱡᱟᱣᱜᱮ ᱤᱧᱟᱹᱜ ᱫᱤᱠ ᱜᱚᱴᱟᱭ ᱠᱚᱫᱩᱧ ᱦᱟᱱᱛᱮᱼᱱᱟᱛᱮᱭ ᱜᱮᱭᱟ ᱚᱡᱮᱫᱚ ᱤᱧ ᱤᱧᱟᱹᱜ ᱜᱚᱴᱟ ᱥᱮᱫ ᱵᱟᱹᱧ ᱫᱤᱥᱟᱹᱭᱟ ᱾ (ᱴᱩᱨᱤᱥᱴ)
अटलांटिक महासागर में आज का तूफान, भूमध्य सागर में बनाया गया था ।	ᱟᱴᱞᱟᱱᱴᱤᱠ ᱦᱩᱨᱤᱠᱮᱱ ᱥᱤᱡᱚᱱ ᱨᱮᱭᱟᱜ ᱜᱮᱞ ᱧᱩᱛᱩᱢᱟᱱ ᱵᱟᱹᱛᱤᱭᱟᱹ, ᱥᱚᱵᱴᱨᱚᱯᱤᱠᱟᱞ ᱥᱴᱚᱨᱢ ᱡᱮᱨᱤ, ᱟᱴᱞᱟᱱᱴᱤᱠ ᱫᱚᱨᱭᱟ ᱨᱮ ᱛᱤᱦᱤᱧ ᱵᱮᱱᱟᱣᱮᱱᱟ᱾
यह नाटक महिलाओं के एक समूह और उनकी नेता प्रैक्सागोरा के बारे में है।	ᱜᱟᱭᱟᱱ ᱫᱚ ᱢᱤᱫᱴᱟᱝ ᱛᱤᱨᱞᱟᱹ ᱟᱨ ᱩᱱᱤᱨᱮᱱ ᱟᱹᱭᱩᱨᱤᱡᱽ ᱯᱨᱟᱠᱥᱜᱳᱨᱟ ᱟᱛᱮᱫ ᱠᱟᱱᱟ ᱾
मुझे समुद्र तट (बीच) पर जाना पसंद नहीं है। सभी महिलाएँ और पुरुष बमुश्किल ही कोई कपड़े पहनते हैं।	ᱤᱧ ᱫᱚ ᱥᱟᱹᱢᱩᱫ ᱟᱲᱮ ᱪᱟᱞᱟᱜ ᱵᱟᱹᱧ ᱠᱩᱥᱤᱭᱟᱜᱼᱟ ᱾ ᱡᱚᱛᱚ ᱠᱩᱲᱤ ᱦᱚᱯᱚᱱ ᱟᱨ ᱠᱚᱲᱟ ᱠᱩ ᱫᱚ ᱮᱠᱮᱱ ᱠᱟᱹᱴᱤᱡ ᱟᱝᱜᱨᱚᱯ ᱠᱚ ᱦᱚᱨᱚᱜᱼᱟ ᱾
अभी सतहत्तर दिन बचे हैं।	ᱱᱤᱛᱚᱜ ᱮᱭᱟᱭ ᱜᱮᱞ ᱮᱭᱟᱭ ᱫᱤᱱ ᱛᱟᱭᱚᱢ ᱢᱮᱱᱟᱜᱼᱟ ᱠᱚᱣᱟ।
चक्रवात के बाद टीएनईबी (TNEB) टीम ने जितनी तेजी से बिजली बहाल की, उससे मैं बहुत प्रसन्न हुआ।	ᱦᱚᱭᱵᱷᱟᱨᱰᱩ ᱛᱟᱭᱚᱢ ᱴᱤ ᱮᱱ  ᱮ ᱵᱤ ᱴᱤᱢ ᱫᱚ ᱛᱤᱱᱟᱹᱜ ᱞᱚᱜᱚᱱ ᱫᱟᱲᱮᱭ ᱟᱹᱨᱩ ᱨᱩᱣᱟᱹᱲ ᱟᱠᱟᱫᱟ ᱚᱱᱟᱛᱮ ᱤᱧ ᱟᱹᱰᱤᱧ ᱠᱩᱥᱤ ᱟᱠᱟᱱᱟ ᱾
लेकिन मुझे लगता है कि दोनों के पास अपनी प्रतिक है.	ᱢᱮᱱᱠᱷᱟᱱ ᱤᱧᱟᱹᱱ ᱚᱱᱢᱟᱱ ᱵᱟᱱᱟᱨ ᱨᱮᱭᱟᱜ ᱜᱮ ᱟᱯᱱᱟᱨ ᱥᱩᱵᱤᱫᱟ ᱢᱮᱱᱟᱜᱼᱟ ᱾
अपने पिछले खराब अनुभव के कारण मुझे इस रेस्टोरेंट में यह खाना चखने से बहुत डर लग रहा है।	ᱤᱧᱟᱜ ᱞᱟᱦᱟᱱ ᱵᱟᱹᱲᱤᱡ ᱵᱩᱡᱩᱱ ᱞᱟᱹᱜᱤᱫ ᱤᱧ ᱫᱚ ᱱᱚᱣᱟ ᱨᱮᱥᱴᱩᱨᱮᱱᱴ ᱨᱮ ᱱᱚᱣᱟ ᱡᱚᱢᱟᱜ ᱨᱮᱭᱟᱜ ᱥᱤᱵᱤᱞ ᱪᱟᱠᱷᱟᱭ ᱨᱮ ᱵᱚᱛᱚᱨᱤᱧ ᱵᱩᱡᱷ ᱮᱫᱟ ᱾
मैं भी अपने लिए कुछ समय की जरूरत है.	ᱤᱧᱟᱹᱜ ᱟᱯᱱᱟᱨ ᱞᱟᱹᱜᱤᱫ ᱦᱚᱸ ᱠᱤᱪᱷᱤ ᱚᱠᱛᱚ ᱞᱟᱹᱠᱛᱤ ᱠᱟᱱᱟ ᱾
मुझे डर है कि यह बहुत सारी चोटों वाला एक उबड़-खाबड़ खेल बन सकता है।	ᱤᱧ ᱵᱚᱛᱚᱨᱚᱜ ᱠᱟᱱᱟ ᱡᱮ ᱱᱚᱣᱟ ᱫᱚ ᱟᱭᱢᱟ ᱜᱷᱟᱹᱞ ᱥᱟᱣᱛᱮ ᱢᱤᱫᱴᱟᱝ ᱵᱟᱹᱲᱤᱡ ᱠᱷᱮᱞ ᱨᱮ ᱯᱷᱮᱨᱟᱜ ᱛᱮ ᱪᱟᱞᱟᱜ ᱠᱟᱱᱟ ᱾
हम इन स्कूलों के लिए कुछ स्कूल चल रहे हैं ।	ᱟᱞᱮ ᱫᱚ ᱥᱩᱵᱤᱫᱷᱟ ᱵᱟᱝ ᱧᱟᱢᱠᱩ ᱞᱟᱹᱜᱤᱫᱽ ᱠᱤᱪᱷᱩ ᱤᱥᱠᱩᱞᱞᱮ ᱪᱟᱞᱟᱣᱟ ᱾
दो हफ्ते में अमरीकी और मुक्त फ्रांसीसी सेना ने दक्षिणी फ्रांस को मुक्‍त किया था और जर्मनी की ओर मुड़ रहे थे ।	ᱠᱷᱟᱹᱞᱤ ᱵᱟᱨ ᱦᱟᱴ ᱨᱮ ᱟᱢᱮᱨᱤᱠᱟ ᱟᱨ ᱯᱷᱨᱤ ᱯᱷᱨᱟᱱᱥᱤᱥ ᱥᱮᱱᱟ ᱫᱚ ᱠᱚᱸᱭᱮ ᱯᱷᱨᱟᱱᱥ ᱠᱚ ᱢᱩᱠᱛ ᱞᱟᱜᱼᱟ ᱟᱨ ᱡᱟᱹᱨᱢᱟᱹᱱᱤ ᱥᱮᱫ ᱠᱚ ᱪᱟᱞᱟᱜ ᱠᱟᱱ ᱛᱟᱦᱮᱸᱡ ᱠᱚ᱾
क्या आप किसी को जानते हैं जिसने इस कोर्स को पहले लिया है?	ᱟᱢ ᱠᱤ ᱡᱟᱦᱟᱸᱭᱮᱢ ᱵᱟᱰᱟᱭᱠᱩᱣᱟ ᱡᱟᱦᱟᱸᱭ ᱫᱚ ᱱᱤᱭᱟᱹ ᱠᱳᱨᱥᱮ ᱞᱟᱦᱟᱨᱮᱭ ᱦᱟᱛᱟᱣᱟᱠᱟᱫᱟ ?
D-दिन उतरने और निम्न लड़ाइयों फ्रांस के उत्तर को मुक्का दिया था, लेकिन दक्षिण अभी भी मुक्त नहीं था.	ᱰᱤᱼᱰᱮ ᱞᱮᱱᱰᱤᱝ ᱟᱨ ᱞᱟᱛᱟᱨ ᱨᱮ ᱩᱫᱩᱜ ᱮᱱ ᱞᱟᱹᱰᱷᱟᱹᱭ ᱠᱚ ᱯᱷᱨᱟᱱᱥᱤᱥ ᱨᱮᱭᱟᱜ ᱠᱚᱸᱭᱮ ᱥᱮᱫ ᱮ ᱯᱷᱨᱤ ᱞᱮᱫᱟ, ᱢᱮᱱᱠᱷᱟᱱ ᱱᱤᱛ ᱦᱚᱸ ᱮᱛᱚᱢ ᱫᱚ ᱵᱟᱝ ᱯᱷᱨᱤ ᱟᱠᱟᱱ ᱛᱟᱦᱮᱸᱱᱟ᱾
वह गेंद के साथ बहुत तेज दौड़ता है!	ᱩᱱᱤ ᱫᱚ ᱵᱚᱞ ᱥᱟᱞᱟᱜ ᱟᱹᱰᱤ ᱛᱟᱹᱯᱤᱥᱼᱮ ᱫᱟᱹᱲ ᱫᱟᱲᱮᱭᱟᱜᱼᱟ !
गिनती: बीस।	ᱞᱮᱠᱷᱟ: ᱠᱩᱲᱤ।
यह सुनकर खुशी होती है कि वह ठीक हो रहा है ।	ᱟᱸᱡᱚᱢ ᱠᱟᱛᱮᱜ ᱤᱧ ᱨᱟᱹᱥᱠᱟᱹᱭᱮᱱᱟ ᱡᱮ ᱩᱱᱤᱭ ᱪᱮᱴᱷᱟᱜ ᱠᱟᱱᱟ ᱾
फिर, लार्क सिंह ख्स गाने में नेतृत्व ले लिया.	ᱟᱨᱦᱚᱸ ᱞᱟᱠᱠᱷᱟ ᱥᱤᱝ ᱫᱚ ᱵᱷᱟᱡᱚᱱ ᱥᱮᱨᱮᱧ ᱟᱜᱽᱨᱟᱬᱤ ᱵᱷᱩᱢᱤᱠᱟ ᱮᱢ ᱠᱮᱫᱼᱟᱭ᱾
मेरे पास पंद्रह ब्लैकबोर्ड हैं।	ᱤᱧ ᱴᱷᱮᱱ ᱜᱮᱞ ᱢᱚᱬᱮ ᱜᱚᱴᱟᱝ ᱵᱞᱟᱠᱵᱚᱨᱰ ᱢᱮᱱᱟᱜᱼᱟ ᱠᱚᱣᱟ।
इनमें से कुछ कैदियों को सूली पर चढ़ाकर कैद किया जाता है ।	ᱱᱚᱶᱟ ᱢᱩᱫᱽᱨᱮ ᱯᱮᱨᱳᱞ ᱨᱮ ᱛᱟᱦᱮᱱ ᱵᱚᱱᱫᱤ ᱟᱨ ᱟᱠᱚᱴ ᱟᱠᱟᱫ ᱠᱚ ᱵᱚᱱᱫᱤ ᱢᱮᱱᱟᱜ ᱠᱚᱣᱟ ᱾
मुझे आश्चर्य है कि यह वहाँ रहने वाले लोगों के लिए क्या पसंद है, यह एक ऐसी कमजोर बात है!	ᱤᱧ ᱦᱟᱦᱟᱲᱟ ᱩᱛᱟᱹᱨ ᱮᱱᱟ ᱡᱮ ᱚᱸᱰᱮ ᱜᱤᱨᱟᱹᱵᱟᱹᱥᱤ ᱟᱠᱟᱱ ᱦᱚᱲᱠᱚ ᱞᱟᱹᱜᱤᱫ ᱱᱚᱶᱟ ᱪᱮᱫᱞᱮᱠᱟ, ᱱᱚᱶᱟ ᱮᱢᱚᱱ ᱢᱤᱫᱴᱟᱝ ᱞᱤᱪᱟᱹᱲ ᱡᱤᱱᱤᱥ !
कभी-कभी सिस्टम गलती से अनप्लग हो जाता है, जिससे डेटा करप्ट हो जाता है।	ᱚᱠᱛᱚ ᱚᱠᱛᱚ ᱨᱮ ᱥᱤᱥᱴᱟᱢ ᱫᱚ ᱵᱮᱜᱷᱚᱴᱚᱱᱟᱛᱮᱫ ᱟᱱᱯᱞᱟᱜ ᱦᱩᱭᱩᱜᱼᱟ, ᱡᱟᱦᱟᱸ ᱦᱚᱛᱮᱛᱮ ᱵᱮᱱᱤᱭᱚᱢ ᱦᱩᱭᱩᱜᱼᱟ ᱾
यदि आप कभी इसका उपयोग नहीं करते हैं तो आपके पास क्रेडिट कार्ड क्यों है?	ᱪᱮᱫᱟᱜ ᱟᱢᱟᱜ ᱠᱨᱮᱰᱤᱴ ᱠᱟᱨᱰ ᱢᱮᱱᱟᱜᱼᱟ ᱡᱩᱫᱤ ᱟᱢ ᱫᱚ ᱱᱚᱣᱟ ᱵᱟᱢ ᱵᱮᱵᱚᱦᱟᱨ ᱮᱫᱟ ?
सन्‌ 1989 में उन्होंने सिलम्पेन के साथ स्वंप बेटे बनाने में मदद की ... ... ... ... ...और शो की पहली लेखन टीम को भर्ती करने के लिए जिम्मेदार था.	᱑᱙᱘᱙ ᱨᱮ ᱩᱱᱤᱫᱚ ᱵᱨᱩᱠᱥ ᱟᱨ ᱜᱽᱨᱚᱭᱱᱤᱧ ᱥᱟᱶᱛᱮ ᱫᱚ ᱥᱤᱢᱯᱥᱟᱱᱥ ᱵᱮᱱᱟᱣ ᱨᱮ ᱜᱚᱲᱚ ᱮᱱᱟᱭ, ᱟᱨ ᱥᱚ ᱨᱮᱱᱟᱜ ᱯᱩᱭᱞᱩ ᱚᱱᱚᱞ ᱜᱟᱫᱮᱞ ᱠᱚ ᱠᱟᱹᱢᱤ ᱨᱮ ᱫᱚᱦᱚ ᱨᱮᱱᱟᱜ ᱫᱟᱭᱤᱛᱚ ᱛᱟᱦᱮᱸ ᱞᱮᱱᱟ᱾
ए. सी. गिब्स: एडिसन सी. गिब्स एक अमेरिकी राजनीतिज्ञ थे।	ᱮ ᱥᱤ ᱜᱤᱵᱥ ᱮᱰᱤᱥᱚᱱ ᱥᱤ ᱜᱤᱵᱥ ᱫᱚᱭ ᱛᱟᱦᱮᱸ ᱠᱟᱱᱟ ᱢᱤᱫᱦᱚᱲ ᱟᱢᱮᱨᱤᱠᱟᱱ ᱨᱟᱡᱽ ᱟᱹᱨᱤ ᱜᱟᱹᱠᱷᱩᱲᱤᱭᱟᱹ ᱾
यह एक महान सौदा करने में मदद करेगा.	ᱚᱱᱟ ᱫᱚ ᱢᱤᱫᱴᱟᱝ ᱢᱟᱨᱟᱝ ᱪᱩᱠᱛᱤᱭᱨᱮᱭ ᱜᱚᱲᱚᱜᱽᱼᱟ ᱾
मुझे लगता है मैं हर भाषा पसंद है.	ᱤᱧ ᱢᱚᱱᱮᱭᱟ ᱤᱧ ᱡᱚᱛᱚ ᱯᱟᱹᱨᱥᱤ ᱤᱧ ᱠᱩᱥᱤᱭᱟᱼᱟ ᱾
एक एरोन्डिसमेंट की राजधानी को सब-प्रीफेक्चर कहा जाता है।	ᱢᱤᱫᱴᱟᱝ ᱮᱹᱨᱳᱱᱰᱤᱥᱮᱢᱮᱱ ᱨᱮᱭᱟᱜ ᱨᱟᱡᱽᱜᱟᱲ ᱫᱚ ᱢᱤᱫᱴᱟᱝ ᱩᱯᱚᱯᱨᱤᱯᱷᱮᱠᱪᱟᱨ ᱠᱚ ᱢᱮᱛᱟᱜᱼᱟ ᱾
प्रति-पुष्ट जाँच एक त्वरित तरीका है (एक अनुभवी व्यक्ति 12 मिनट लेता है).	ᱢᱤᱼᱢᱤᱫᱴᱟᱝ ᱨᱮᱠᱴᱟᱞ ᱵᱤᱰᱟᱹᱣ ᱟᱹᱰᱤ ᱩᱥᱟᱹᱨᱟ ᱦᱚᱨᱟ ᱠᱟᱱᱟ ( ᱢᱤᱫᱴᱟᱝ ᱜᱟᱹᱠᱷᱩᱲ ᱦᱚᱲ ᱑᱒ ᱚᱠᱛᱚᱭ ᱦᱟᱛᱟᱣᱼᱟ ) ᱾
इस कमरे में सतहत्तर कुर्सी हैं।	ᱱᱚᱶᱟ ᱚᱲᱟᱜ ᱨᱮ ᱮᱭᱟᱭ ᱜᱮᱞ ᱮᱭᱟᱭ ᱜᱚᱴᱟᱝ ᱠᱩᱨᱥᱤ ᱢᱮᱱᱟᱜᱼᱟ ᱠᱚᱣᱟ।
अरुंधपुरा नष्ट हो गया और श्रीलंका के जंगल में विलीन हो गया।	ᱚᱨᱩᱱᱟᱫᱷᱟᱯᱩᱨᱟ ᱨᱟᱹᱯᱩᱫ ᱠᱟᱛᱮ ᱥᱨᱤᱞᱚᱝᱠᱟ ᱨᱮᱭᱟᱜ ᱵᱤᱨ ᱾
मेरे पास सात नारियल हैं।	ᱤᱧ ᱴᱷᱮᱱ ᱮᱭᱟᱭ ᱜᱚᱴᱟᱝ ᱱᱟᱨᱤᱭᱟᱞ ᱢᱮᱱᱟᱜᱼᱟ ᱠᱚᱣᱟ।
सेना के आने से पहले हैती को सन्‌ 1800 से बीमारी से जुड़ी समस्याओं का सामना नहीं करना पड़ा ।	ᱯᱷᱟᱹᱫᱽᱠᱚ ᱥᱮᱴᱮᱨᱚᱜ ᱢᱟᱬᱟᱝ, ᱑᱘᱐᱐ ᱥᱟᱭ ᱥᱮᱨᱢᱟ ᱞᱟᱦᱟ ᱦᱟᱭᱛᱤ ᱨᱮ ᱱᱚᱝᱠᱟᱱ ᱵᱮᱢᱟᱨ ᱥᱟᱶ ᱡᱚᱯᱚᱲᱟᱣ ᱦᱟᱹᱞᱤᱠ ᱵᱟᱝ ᱧᱮᱞ ᱞᱮᱱ ᱛᱟᱦᱮᱸᱱ।
यह एक छुट्टी है.	ᱡᱤᱨᱟᱹᱣ ᱢᱟᱸᱦᱟ ᱠᱟᱱᱟ ᱾
मैं इस बात से चिढ़ गया हूँ कि रात भर बिजली आती-जाती रही।	ᱤᱧ ᱟᱹᱲᱤᱥ ᱞᱤᱱᱟᱹᱧ ᱡᱮ ᱵᱤᱡᱽᱞᱤ ᱛᱟᱦᱮᱱᱟ ᱟᱨ ᱜᱚᱴᱟ ᱧᱤᱫᱟᱹ ᱵᱚᱱᱫᱷᱚ ᱛᱟᱦᱮᱱᱟ  ᱾
हाँ, आप इसे ऑनलाइन खरीद सकते हैं.	ᱦᱮᱸ, ᱟᱢ ᱚᱱᱞᱟᱭᱤᱱ ᱛᱮᱢ ᱠᱤᱨᱤᱧ ᱰᱟᱲᱮᱭᱟᱜᱼᱟ ᱾
NAS के रूप में, उन्होंने कैम्प डेविड पोस्टर, 1978; सामान्य रूप से अमेरिका के संबंध में १९७० के दशक के आखिर में सोचा; ईरानी क्रांति, जो ईरानी बंधक संकट, 1979, और सोवियत हमले की ओर ले गया.	ᱮᱱ.ᱮᱥ.ᱮ. ᱞᱮᱠᱟᱛᱮ, ᱩᱱᱤ ᱡᱮᱜᱮᱛᱟᱹᱨᱤ ᱟᱯᱷᱮᱭᱟᱨᱥ ᱵᱟᱨᱮᱛᱮ ᱠᱟᱨᱚᱨᱮ ᱟᱥᱤᱥᱴ ᱞᱮᱫᱮᱭᱟ, ᱡᱮᱢᱚᱱ ᱠᱮᱸᱯ ᱰᱮᱵᱷᱤᱰ ᱟᱠᱚᱨᱰ, ᱑᱙᱗᱘; ᱭᱩ.ᱮᱥ. ᱟᱨ ᱪᱟᱭᱱᱟ-ᱟᱜ ᱥᱟᱹᱜᱟᱹᱭᱮ ᱱᱚᱨᱢᱟᱞᱟᱭᱤᱡᱽ ᱠᱮᱜ-ᱟ ᱑᱙᱗᱐ ᱢᱩᱪᱟᱹᱫ ᱥᱮᱱᱨᱮ; ᱤᱨᱟᱱᱤᱭᱟ ᱨᱤᱵᱷᱚᱞᱭᱩᱥᱚᱱ, ᱡᱟᱦᱟᱸ ᱤᱨᱟᱱ ᱦᱚᱥᱴᱮᱡᱽ ᱮᱴᱠᱮᱴᱚᱬᱮ ᱛᱮ ᱟᱹᱜᱩ ᱞᱮᱫ ᱠᱚᱣᱟᱭ, ᱑᱙᱗᱙; ᱟᱨ ᱟᱯᱷᱜᱷᱟᱱᱤᱥᱛᱟ ᱨᱮ ᱥᱳᱵᱷᱤᱭᱮᱛ ᱤᱱᱵᱷᱟᱡᱚᱱ, ᱑᱙᱗᱙᱾
मैं भी वैसा ही करने की कोशिश करता हूँ ।	ᱤᱧᱦᱚᱸ ᱚᱱᱠᱟᱜᱮ ᱠᱚᱨᱟᱣ ᱨᱮᱭᱟᱜ ᱤᱧ ᱨᱤᱠᱟᱹᱭᱟ ᱾
यह लोहे की कड़ियां आज भी आमा के मंदिर में पड़ी हुई हैं ।	ᱠᱳᱱᱟᱨᱠ ᱨᱮᱭᱟᱜ ᱥᱩᱨᱡᱚ ᱢᱩᱱᱫᱤᱨ ᱨᱮ ᱢᱮᱱᱟᱜ ᱢᱮᱬᱦᱮᱫ ᱨᱮᱭᱟᱜ ᱠᱷᱩᱱᱴᱤ ᱱᱤᱛᱦᱚᱸ ᱢᱟᱨᱟᱝ ᱜᱮᱭᱟ ᱾
इसके बाद जहाजों ने पश्चिम की ओर प्रस्थान किया और न्यूजीलैंड की खोज की।	ᱡᱟᱦᱟᱡ ᱠᱚ ᱩᱱᱫᱚ ᱯᱚᱥᱪᱷᱤᱢ ᱥᱮᱫ ᱢᱚᱦᱚᱰᱟ ᱞᱮᱱᱟ ᱟᱨ ᱱᱤᱭᱩᱡᱤᱞᱮᱹᱱᱰ ᱨᱮᱭᱟᱜ ᱛᱚᱞᱟᱥ ᱠᱚ ᱧᱟᱢ ᱞᱮᱫᱟ ᱾
आपका खाना बेहतरीन था (ग्राहक)।	ᱟᱢᱟᱜ ᱡᱚᱢᱟᱜ ᱫᱚ ᱟᱹᱰᱤ ᱥᱤᱵᱤᱞᱼᱟᱱᱟᱜ ᱛᱟᱦᱮᱸ ᱠᱟᱱᱟ ᱾(ᱜᱟᱦᱟᱨ)
मेरे पास पाँच शब्द हैं।	ᱤᱧ ᱴᱷᱮᱱ ᱢᱚᱬᱮ ᱜᱚᱴᱟᱝ ᱥᱚᱵᱚᱫ ᱢᱮᱱᱟᱜᱼᱟ ᱠᱚᱣᱟ।
पहले यमामा है, जो प्रसिद्ध राजा जाप के अलावा और कोई नहीं है, जिसके बाद मार्च के २१वें पर्व का नाम दिया गया है ।	ᱯᱟᱹᱦᱤᱞᱤᱡᱽ ᱫᱚ ᱭᱤᱢᱟ, ᱡᱟᱦᱟᱹᱭ ᱫᱚ ᱚᱠᱚᱭ ᱜᱤ ᱵᱟᱝ ᱧᱩᱛᱩᱢᱟᱱ ᱨᱟᱡᱟ ᱡᱟᱢᱥᱮᱫ, ᱡᱟᱦᱟᱹᱭ ᱦᱚᱛᱮᱛᱮ ᱡᱟᱣ ᱥᱮᱨᱢᱟ ᱢᱟᱨᱪ ᱨᱮᱭᱟᱜ ᱒᱑ ᱢᱟᱹᱦᱤᱫ ᱨᱮ ᱢᱟᱱᱟᱜᱽ ᱱᱟᱵᱷᱨᱳᱡ ᱯᱚᱨᱚᱵ ᱫᱚ ᱧᱩᱛᱩᱢᱟᱠᱟᱱᱟ ᱾
राष्ट्रीय पार्क में यात्रा करनेवाले अनेक विकल्प होते हैं, जिनमें रिमोट उत्तर रिम भी शामिल हैं; और अधिक पहुँच (और इसलिए ज़्यादा भीड़); कैफीन के कुछ भाग, जैसे कि Pacraan Ran K या कोर नदी के भाग, जिस पर अनेक नाव यात्रा की जाती है ।	ᱡᱟᱹᱛᱤᱭᱟᱹᱨᱤ ᱵᱟᱜᱽᱟᱱᱨᱮ ᱦᱮᱡ ᱟᱠᱟᱱ ᱧᱮᱧᱮᱞᱤᱭᱟᱹ ᱠᱚ ᱴᱷᱮᱱ ᱟᱭᱢᱟ ᱦᱚᱨᱟ ᱢᱮᱦᱟᱜᱼᱟ ᱡᱟᱦᱟᱸᱨᱮ ᱥᱮᱞᱮᱫ ᱢᱮᱱᱟᱜᱼᱟ ᱩᱛᱛᱚᱨ ᱨᱤᱢ ᱨᱮᱭᱟᱜ ᱥᱤᱢᱟᱹ,ᱦᱚᱲ ᱡᱟᱹᱥᱛᱤ ᱠᱚ ᱥᱮᱱᱚᱜᱼᱟ (ᱟᱨ ᱚᱱᱟᱛᱮ ᱟᱹᱰᱤ ᱜᱟᱹᱦᱩᱞ) ᱫᱚᱠᱠᱷᱤᱱ ᱨᱤᱢ, ᱜᱤᱨᱤᱠᱷᱟᱹᱛ ᱨᱮᱭᱟᱜ ᱠᱤᱪᱷᱤ ᱦᱤᱸᱥ ᱡᱮᱞᱮᱠᱟ ᱯᱷᱮᱱᱴᱚᱢ ᱨᱮᱧᱡᱽ ᱥᱮ ᱠᱚᱞᱚᱨᱟᱰᱳ ᱜᱟᱰᱟ, ᱡᱟᱦᱟᱸᱨᱮ ᱟᱭᱢᱟ ᱞᱟᱹᱣᱠᱟᱹ ᱦᱩᱡᱩᱜ ᱥᱮᱱᱚᱜᱼᱟ ᱾
वह इस पद पर सेवा देने वाली पहली अश्वेत महिला थीं।	ᱩᱱᱤ ᱫᱚ ᱯᱳᱭᱞᱳ ᱦᱮᱸᱫᱮ ᱛᱤᱨᱞᱟᱹ ᱡᱟᱸᱦᱟᱭ ᱫᱚ ᱱᱚᱶᱟ ᱪᱩᱨᱤᱛ ᱨᱮᱭ ᱯᱟᱴᱷ ᱞᱮᱫᱟ ᱾
मैं परेशान हूँ कि ग्राहकों को इस अनुभव से गुजरना पड़ता है और मैं कर्मचारियों के साथ इसे दृढ़ता से उठाऊंगा (शेफ)।	ᱤᱧ ᱟᱹᱲᱤᱥ ᱟᱠᱟᱱᱟ ᱡᱮ ᱜᱟᱦᱟᱨ ᱠᱚ ᱱᱚᱶᱟ ᱵᱩᱡᱩᱱ ᱛᱟᱞᱟ ᱛᱮᱠᱚ ᱪᱟᱞᱟᱜ ᱠᱟᱱᱟ ᱟᱨ ᱱᱚᱶᱟ ᱫᱚ ᱠᱟᱹᱢᱤᱭᱟᱹ ᱠᱚ (ᱥᱮᱯᱷ) ᱥᱟᱶ ᱡᱳᱨ ᱠᱟᱛᱮ ᱠᱚ ᱥᱟᱵ ᱨᱟᱠᱟᱰᱼᱟ ᱾
मैडम, मैंने सुना है कि अगर आप किसी खास जगह पर भर्ती हो जाते हैं, तो आप केवल उस जगह पर वोट दे सकते हैं?	ᱢᱟᱪᱮᱛᱟᱱᱤ ᱟᱸᱡᱚᱢ ᱟᱠᱟᱫᱟᱹᱧ ᱟᱢ ᱡᱩᱫᱤ ᱡᱟᱦᱟᱱ ᱴᱷᱟᱹᱣᱠᱟᱹ ᱡᱟᱭᱜᱟ ᱨᱮᱱᱟᱜ ᱛᱟᱹᱞᱤᱠᱟᱨᱮᱢ ᱥᱮᱞᱮᱫᱚᱜᱼᱟ ᱮᱱᱠᱦᱟᱱ ᱥᱩᱢᱩᱝ ᱚᱱᱟ ᱡᱟᱭᱜᱟ ᱨᱮᱜᱮ ᱵᱷᱳᱴ ᱫᱚᱢ ᱮᱢ ᱫᱟᱲᱮᱭᱟᱜᱼᱟ ?
1978 में इमारत खराब हालत में थी।	᱑᱙᱗᱘ ᱥᱟᱹᱦᱤᱛ ᱨᱮ ᱵᱤᱞᱰᱤᱝ ᱫᱚ ᱟᱹᱰᱤ ᱵᱟᱹᱲᱤᱡ ᱦᱟᱞᱚᱛ ᱨᱮ ᱛᱟᱦᱮᱸ ᱠᱟᱱᱟ ᱾
हम एक टीम के रूप में इतने लंबे समय से साथ रहे हैं कि आपको छोड़ते हुए मुझे बहुत दुख हो रहा है।	ᱟᱵᱚ ᱱᱩᱱ ᱫᱤᱱ ᱠᱷᱚᱱ ᱢᱤᱫᱴᱟᱝ ᱜᱟᱫᱮᱞ ᱞᱮᱠᱟᱛᱮ ᱢᱤᱫᱥᱟᱣᱛᱮ ᱵᱚᱱ ᱛᱟᱦᱮᱸ ᱠᱟᱱᱟ , ᱟᱢ ᱵᱟᱹᱜᱤ ᱠᱟᱛᱮᱧ ᱪᱟᱞᱟᱣ ᱞᱮᱱᱠᱷᱟᱱ ᱤᱧ ᱟᱹᱰᱤ ᱠᱚᱥᱴᱚᱧ ᱧᱟᱢᱟ ᱾
कभी - कभी ऐसा होता है कि इन कामों को महज़ एक ही बार कहा जाता है ।	ᱥᱠᱤ ᱛᱮ ᱵᱮᱠᱯᱮᱠᱤᱝ: ᱱᱚᱶᱟ ᱜᱚᱛᱤᱣᱤᱫᱷᱤ ᱫᱚ ᱵᱮᱠᱼᱠᱚᱱᱴᱨᱭ ᱥᱠᱤ ᱞᱮᱠᱷᱟ ᱠᱚ ᱢᱮᱱᱟ, ᱥᱠᱤ ᱴᱩᱨᱤᱝ ᱟᱨ ᱵᱟᱝ ᱥᱠᱤ ᱦᱟᱭᱠᱤᱝ ᱦᱚᱸ ᱠᱚ ᱢᱮᱛᱟᱜᱼᱟ᱾
अस्तुरियास हवाई अड्डा: अस्तुरियास हवाई अड्डा अस्तुरियास का एक हवाई अड्डा है।	ᱟᱥᱛᱩᱨᱤᱭᱟᱥ ᱩᱰᱟᱹᱱ ᱟᱰᱟ ᱟᱥᱛᱩᱨᱤᱭᱟᱥ ᱩᱰᱟᱹᱱ ᱟᱰᱟ ᱫᱚ ᱦᱩᱭᱩᱜ ᱠᱟᱱᱟ ᱟᱥᱛᱩᱨᱤᱭᱟᱥ ᱨᱮᱭᱟᱜ ᱢᱤᱫᱴᱟᱝ ᱩᱰᱟᱹᱱ ᱟᱰᱟ ᱾
बेशक, महान बंदरगाहों, रोम का कोशम, ताज महला सोफी, और स्टोन लोफ के उदाहरण प्राचीन अभिलेखों के उदाहरण हैं।	ᱱᱤᱦᱟᱹᱛᱜᱤ, ᱜᱚᱝᱠᱮ ! ᱢᱟᱨᱟᱝ ᱯᱤᱨᱟᱢᱤᱰ, ᱨᱳᱢ ᱨᱮᱭᱟᱜ ᱠᱳᱞᱤᱥᱤᱭᱟᱢ, ᱛᱟᱡᱢᱚᱦᱚᱞ, ᱦᱟᱜᱤᱭᱟ ᱥᱳᱯᱷᱤᱭᱟ ᱟᱨ ᱥᱴᱳᱱᱦᱮᱧᱡᱽ ᱢᱟᱨᱮᱱ ᱠᱩᱸᱫᱟᱹᱭᱠᱟᱹᱨᱤ ᱨᱮᱭᱟᱜ ᱦᱟᱦᱟᱲᱟᱣᱟᱱᱟᱜ ᱯᱟᱹᱨᱛᱩᱞ ᱠᱟᱱᱟ ᱾
दूसरी ओर, कवि, एक साहित्यिक कार्य है जो एक शक्‍तिशाली भावना या धारणा को व्यक्‍त करने का प्रयोग करता है ।	ᱮᱴᱟᱜ ᱥᱮᱡ, ᱚᱱᱚᱬᱦᱮ ᱫᱚ ᱦᱩᱭᱩᱜ ᱠᱟᱱᱟ ᱢᱤᱫᱴᱟᱝ ᱥᱟᱶᱦᱮᱫ ᱠᱟᱹᱢᱤ ᱡᱟᱦᱟᱸᱫᱚ ᱢᱤᱫᱴᱟᱝ ᱫᱟᱲᱮᱭᱟᱱ ᱟᱹᱭᱠᱟᱹᱣ ᱥᱮ ᱩᱭᱦᱟᱹᱨ ᱥᱟᱶᱛᱮ ᱡᱳᱜᱟᱡᱳᱜ ᱞᱟᱹᱜᱤᱫ ᱵᱟᱹᱣᱞᱤ, ᱪᱷᱟᱸᱫᱟ ᱟᱨ ᱮᱴᱟᱜ ᱦᱚᱨᱟ ᱠᱚᱭ ᱵᱮᱣᱦᱟᱨᱟ ᱾
वह समुद्री डाकूों द्वारा लूट लिया गया था, एक नौसिखिया कुत्ते द्वारा हमला किया गया, नेपाल में शादी से बच गया और भारत में गिरफ्तार कर लिया गया ।	ᱩᱱᱤ ᱫᱚᱨᱮᱭᱟ ᱨᱮᱱ ᱰᱟᱹᱠᱩ ᱠᱚ ᱞᱩᱴ ᱞᱮᱫᱮᱭᱟ, ᱛᱤᱵᱵᱚᱛ ᱨᱮ ᱠᱚᱝᱠᱟ ᱥᱮᱛᱟ ᱴᱷᱮᱱ ᱮ ᱟᱠᱨᱳᱢᱳᱱ ᱚᱪᱚ ᱞᱮᱱᱟ, ᱱᱮᱯᱟᱞ ᱨᱮ ᱵᱟᱯᱞᱟ ᱠᱷᱚᱱ ᱮ ᱫᱟᱹᱲ ᱞᱮᱫᱟ ᱟᱨ ᱥᱤᱧᱚᱛ ᱨᱮᱭ ᱮᱨᱮᱥᱴ ᱞᱮᱱᱟ᱾
आप आपका स्वागत कर रहे हैं, और मुझे माइकल को मेरी नमस्कार संदेश दे रहे हैं.	ᱥᱟᱹᱜᱩᱱ ᱫᱟᱨᱟᱢ, ᱟᱨ ᱫᱟᱭᱟ ᱠᱟᱛᱮ ᱢᱤᱥᱮᱞ ᱤᱧᱟᱹᱜ ᱥᱟᱨᱦᱟᱣ ᱮᱢ ᱵᱟᱰᱟᱭ ᱦᱚᱪᱚᱭ ᱮᱭᱟ ᱾
रैंकर लॉस एंजिल्स स्थित एक लोकप्रिय डिजिटल मीडिया कंपनी है।	ᱨᱮᱝᱠᱟᱨ ᱦᱚᱲᱠᱩᱥᱤᱭᱟᱜ ᱞᱚᱥ ᱮᱧᱡᱮᱞᱮᱥ ᱞᱮᱠᱟᱛᱮ ᱰᱤᱡᱤᱴᱟᱞ ᱢᱮᱰᱤᱭᱟ ᱠᱳᱢᱯᱟᱱᱤ ᱾
मेरे पास चौदह पेंसिल हैं।	ᱤᱧ ᱴᱷᱮᱱ ᱜᱮᱞ ᱯᱩᱱ ᱜᱚᱴᱟᱝ ᱯᱮᱱᱥᱤᱞ ᱢᱮᱱᱟᱜᱼᱟ ᱠᱚᱣᱟ।
एक इंटरव्यू में, उन्होंने कहा कि नए अंतर "बहुत अधिक घातक दर के कारण बहुत ही परेशान और परेशान था।"	ᱢᱤᱫ ᱤᱱᱴᱟᱨᱵᱷᱤᱣ ᱨᱮ, ᱩᱱᱤᱭ ᱢᱮᱱ ᱟᱠᱟᱫᱟ ᱡᱮ ᱱᱟᱣᱟ ᱨᱩᱯ ᱫᱚ "ᱟᱹᱰᱤ ᱰᱷᱮᱨ ᱜᱩᱨ ᱨᱮᱭᱟᱜ ᱫᱚᱨ ᱠᱷᱟᱹᱛᱤᱨ ᱟᱹᱰᱤ ᱟᱭᱢᱟ ᱮᱴᱠᱮᱴᱚᱬᱮ ᱟᱨ ᱵᱚᱛᱚᱨᱟᱱ ᱜᱮ ᱛᱟᱦᱮᱸ ᱠᱟᱱᱟ᱾"
गुरू ग्रेजात स्नाब के साथ शुरू होता है जबकि द्राथ ग्रेथ सिब के साथ शुरु होता है, जो याकाब भी कहलाता है।	ᱜᱩᱨᱩ ᱜᱨᱚᱱᱛᱷᱚ ᱥᱟᱦᱤᱵᱽ ᱫᱚ ᱡᱚᱯᱡᱤ ᱥᱟᱦᱮᱵᱽᱛᱮ ᱮᱛᱚᱦᱚᱵᱚᱜᱼᱟ ᱱᱚᱛᱮ ᱫᱚᱥᱚᱢ ᱜᱨᱚᱱᱛᱷᱚ ᱮᱛᱚᱦᱚᱵᱚᱜᱼᱟ ᱡᱚᱯ ᱥᱟᱦᱮᱵᱽ ᱛᱮ ᱡᱟᱦᱟᱸ ᱫᱚ ᱡᱚᱯᱩ ᱥᱟᱦᱮᱵᱽ ᱦᱚᱸᱠᱚ ᱢᱮᱛᱟᱜᱼᱟ ᱾
कुछ मरीज़ों ने शायद अस्पताल में बग को महसूस किया हो, डॉ. मोल सोचता है, और कम - से - कम दो मरीज़ अस्पताल के स्वास्थ्य कर्मचारी थे ।	ᱰᱨ. ᱢᱚᱞ ᱮ ᱢᱚᱱᱮᱭᱮᱫᱟ, ᱟᱫᱚᱢ ᱨᱩᱜᱤ ᱦᱟᱥᱯᱟᱛᱟᱞ ᱨᱮ ᱵᱟᱜᱽ ᱛᱮᱠᱚ ᱥᱚᱝᱠᱨᱚᱢᱚᱱ ᱫᱟᱲᱮᱭᱟᱜᱼᱟ, ᱟᱨ ᱠᱚᱢ ᱠᱟᱛᱮ ᱦᱚᱸ ᱵᱟᱨᱭᱟ ᱦᱟᱥᱯᱟᱛᱟᱞ ᱨᱮᱱ ᱠᱟᱹᱢᱤᱭᱟᱹ ᱠᱤᱱ ᱛᱟᱦᱮᱸ ᱠᱟᱱᱟ᱾
रेडियो का इस्तेमाल करने के लिए कई तरह की बीमारियों के इलाज के लिए किया जाता है ।	ᱨᱮᱰᱤᱳᱯᱷᱟᱨᱢᱟᱥᱤᱣᱩᱴᱤᱠᱟᱞᱥ ᱫᱚ ᱦᱩᱭᱩᱜ ᱠᱟᱱᱟ ᱟᱹᱰᱤ ᱠᱷᱟᱸᱴᱤ ᱛᱮᱡᱚᱥᱠᱨᱤᱭᱚ ᱯᱷᱟᱨᱢᱟᱥᱤᱣᱩᱴᱤᱠᱟᱞ ᱵᱮᱱᱟᱣᱼᱟᱜ ᱡᱟᱸᱦᱟᱫᱚ ᱦᱚᱲᱟᱜ ᱪᱟᱪᱞᱟᱣ ᱞᱟᱹᱜᱤᱫ ᱡᱚᱛᱷᱟᱛ ᱱᱤᱨᱟᱹᱭᱟ ᱟᱨ ᱦᱚᱲᱟᱜ ᱟᱭᱢᱟ ᱞᱮᱠᱟᱱ ᱨᱳᱜ ᱟᱡᱟᱨ ᱴᱷᱟᱹᱣᱠᱟᱹ ᱥᱮ ᱛᱦᱮᱨᱟᱯᱤ ᱞᱟᱹᱜᱤᱫ ᱵᱮᱣᱦᱟᱨᱚᱜᱼᱟ ᱾
मेरे पास चवालीस हाथी हैं।	ᱤᱧ ᱴᱷᱮᱱ ᱯᱳᱱ ᱜᱮᱞ ᱯᱳᱱ ᱜᱚᱴᱟᱝ ᱦᱟᱛᱤ ᱢᱮᱱᱟᱜᱼᱟ ᱠᱚᱣᱟ।
सन्‌ 2000 में बीएस ने इस सूची का इस्तेमाल करके अपने व्युत्पन्न बाजार को खोलने के लिए किया, व्यापार एसएसपीएस एसएसपीएसएपी भावी अनुबंधों।	᱒᱐᱐᱐ᱼᱨᱮ, ᱱᱚᱶᱟ ᱤᱱᱰᱮᱠᱥ ᱵᱮᱣᱦᱟᱨ ᱠᱟᱛᱮᱜ ᱮᱥᱹ ᱮᱱᱰᱹ ᱯᱤ ᱵᱤᱹ ᱮᱥᱹ ᱤ ᱥᱮᱱᱥᱮᱠᱥ ᱨᱮᱭᱟᱜ ᱟᱜᱟᱢ ᱪᱩᱠᱛᱤ ᱠᱚ ᱨᱮᱭᱟᱜ ᱵᱮᱯᱟᱨ ᱠᱚᱨᱮ ᱵᱤᱹ ᱮᱥᱹ ᱤ ᱟᱡᱟᱜ ᱜᱚᱴᱟᱵᱩᱴᱟᱹ ᱵᱟᱡᱟᱨᱮ ᱡᱷᱤᱡᱽ ᱞᱮᱫᱟ ᱾
अपने कागज में, राष्ट्रपति की भाषण में Merks, संकेत किया कि जो लोग बोल नहीं पा रहे हैं उनके दिमाग की क्षति के कारण फिर भी ईमानदारी से जांच कर रहे हैं।	ᱚᱞᱤᱵᱷᱚᱨ ᱥᱟᱠᱥ ᱫᱚ ᱟᱡᱟᱜ ᱯᱮᱯᱚᱨ ᱫᱤ ᱯᱨᱮᱥᱤᱰᱮᱸᱴᱥ ᱥᱯᱤᱪ ᱨᱮ ᱥᱚᱝᱠᱮᱛ ᱮᱢ ᱞᱮᱫ-ᱟᱭ ᱡᱮ ᱡᱟᱦᱟᱸᱭ ᱦᱚᱲ ᱵᱷᱮᱡᱟ ᱠᱷᱟᱨᱟᱯ ᱠᱟᱨᱚᱱ ᱛᱮ ᱵᱷᱟᱥᱚᱬ ᱵᱩᱡᱷᱟᱹᱣ ᱵᱟᱠᱚ ᱫᱟᱲᱮᱭᱟᱜ ᱠᱟᱱᱟ, ᱩᱱᱠᱩ ᱮᱱᱨᱮᱦᱚᱸ ᱤᱢᱟᱱᱫᱟᱨᱤ ᱨᱮᱭᱟᱜ ᱴᱷᱤᱠ ᱟᱠᱚᱞᱚᱱ ᱠᱚ ᱞᱟᱜᱟᱣ ᱫᱟᱲᱮᱭᱟᱜᱼᱟI
इसे एक्टिविज़न की अन्य मदद से ज़ोई मोड द्वारा बनाया गया था।	ᱱᱚᱣᱟ ᱫᱚ ᱠᱟᱹᱢᱤᱦᱚᱨᱟ ᱨᱮᱭᱟᱜ ᱮᱴᱟᱜ ᱮᱴᱟᱜ ᱜᱚᱲᱚᱛᱮ ᱡᱳ ᱢᱳᱰ ᱦᱚᱛᱮᱛᱮ ᱵᱮᱱᱟᱣ ᱦᱩᱭᱞᱮᱱᱟ ᱾
यह शहर ऊपरोलू द्वीप पर है और वहाँ सिर्फ 40,000 से भी ज़्यादा लोग रहते हैं ।	ᱟᱯᱤᱭᱟ ᱫᱚ ᱥᱟᱢᱳᱣᱟ ᱨᱮᱭᱟᱜ ᱨᱟᱡᱽᱫᱷᱟᱹᱱᱤ ᱠᱟᱱᱟ᱾ ᱱᱚᱶᱟ ᱵᱟᱡᱟᱨ ᱫᱚ ᱩᱯᱳᱞᱩ ᱫᱤᱯ ᱪᱮᱛᱟᱱ ᱨᱮ ᱢᱮᱱᱟᱜᱼᱟ ᱟᱨ ᱔᱐,᱐᱐᱐ ᱦᱚᱲ ᱢᱮᱱᱟᱜ ᱠᱚᱣᱟ᱾
मैकक्लरनैंड अरकंसास पोस्ट पर कब्जा करने में सफल रहे लेकिन उन्होंने बिना आदेश के काम किया।	ᱢᱮᱹᱠᱠᱞᱟᱨᱱᱰᱟ ᱟᱨᱠᱟᱱᱥᱟᱥ ᱯᱳᱥᱴ ᱠᱮᱹᱯᱪᱟᱨ ᱞᱟᱹᱜᱤᱫ ᱵᱟᱭ ᱥᱤᱜᱤᱞ ᱟᱠᱟᱱᱟ ᱢᱮᱱᱠᱷᱟᱱ ᱩᱱᱤ ᱫᱚ ᱦᱩᱠᱩᱢ ᱵᱮᱜᱚᱨ ᱜᱮᱭ ᱯᱟᱴᱷ ᱞᱮᱫᱟ ᱾
मध्य मध्य युग के मध्य में, एक सरल केंद्रीय केंद्र था जो भट्टी के कमरे से लेकर कुछ जगहों में रोम का जादू - टोने की जगह ले रहा था ।	ᱥᱮᱫᱟᱭ ᱛᱟᱞᱢᱟ ᱡᱩᱜᱨᱮ ᱟᱞᱯᱟᱭᱱ ᱩᱥᱩᱞᱵᱩᱨᱩᱨᱮ ᱠᱤᱪᱦ ᱡᱟᱜᱟ ᱪᱩᱞᱦᱟᱹ ᱠᱷᱚᱸᱫᱨᱚᱝ ᱠᱷᱚᱱ ᱪᱟᱛᱟᱞ ᱞᱟᱛᱟᱨ ᱥᱚᱲᱚᱠ ᱥᱮᱪ ᱟᱹᱛᱩᱜ ᱢᱤᱫᱴᱟᱝ ᱟᱞᱜᱟᱞᱮᱠᱟᱱ ᱛᱟᱞᱢᱟ ᱞᱚᱞᱚᱥᱝ ᱵᱚᱱᱫᱮᱡ ᱨᱳᱢᱟᱱ ᱦᱟᱭᱯᱳᱠᱥᱴ ᱛᱷᱟᱯᱚᱱ ᱫᱚᱲᱦᱟ ᱞᱮᱫᱟᱠᱚ᱾
मेरे पास चौंसठ फल हैं।	ᱤᱧ ᱴᱷᱮᱱ ᱛᱩᱨᱩᱭ ᱜᱮᱞ ᱯᱳᱱ ᱜᱚᱴᱟᱝ ᱯᱟᱹᱨᱟᱹ ᱢᱮᱱᱟᱜᱼᱟ ᱠᱚᱣᱟ।
लेकिन, गैर धर्मवादी धर्म परिवर्तनों के बीच अरब की स्थिति और भारी कर देने की बाध्यता से नाराज़गी पैदा हुई.	ᱡᱟᱦᱟᱸ ᱜᱮ ᱦᱩᱭᱮᱱ, ᱵᱤᱱᱼᱟᱨᱚᱵᱤᱭᱚ ᱢᱩᱥᱞᱟᱹ ᱮᱴᱟᱜ ᱫᱷᱚᱨᱚᱢᱨᱮ ᱩᱪᱟᱹᱲ ᱟᱠᱟᱱ ᱠᱚ ᱢᱩᱫᱽᱨᱮ ᱟᱨᱚᱵᱤᱭᱚ ᱠᱚᱣᱟᱜ ᱪᱮᱛᱟᱱ ᱢᱟᱹᱱ ᱟᱨ ᱰᱷᱮᱨ ᱠᱷᱟᱡᱽᱱᱟ ᱮᱢᱚᱜᱨᱮ ᱚᱱᱟᱨᱚᱵᱤᱭᱚ ᱠᱚ ᱠᱚ ᱵᱚᱲᱦᱮ ᱞᱮᱫ ᱠᱚᱛᱮ ᱟᱱᱟᱴ ᱥᱤᱨᱡᱟᱹᱣ ᱞᱮᱱᱟ ᱾
एमरशम: एमरशम बकिंघमशायर, इंग्लैंड में एक बाज़ार शहर और नागरिक पैरिश है।	ᱟᱢᱮᱨᱥᱟᱢ ᱦᱩᱭᱩᱜ ᱠᱟᱱᱟ ᱤᱝᱞᱮᱹᱱᱰ ᱨᱮᱭᱟᱜ ᱵᱟᱠᱤᱝᱦᱟᱢ ᱥᱟᱭᱟᱨ ᱨᱮᱱ ᱢᱤᱫᱴᱟᱝ ᱵᱟᱡᱟᱨ ᱨᱮᱭᱟᱜ ᱥᱟᱦᱟᱨ ᱟᱨ ᱱᱟᱜᱟᱨ ᱯᱮᱹᱨᱤᱥ ᱾
मैं जल्द ही अपने gab मिल जाएगा.	ᱡᱟᱦᱟᱸ ᱛᱤᱱᱟᱹᱜ ᱞᱚᱜᱚᱱ ᱦᱩᱭ ᱫᱟᱲᱮᱭᱟᱜᱼᱟ ᱤᱧ ᱠᱟᱹᱢᱤ ᱧᱟᱢ ᱦᱩᱭᱩᱜ ᱛᱤᱧᱟᱹ ᱾
मुझे नहीं पता कि भविष्य में अगर मुझे और समस्याएं हुईं तो मेरा क्या होगा।	ᱤᱧ ᱵᱟᱹᱧ ᱵᱟᱰᱟᱭᱼᱟ ᱡᱮ ᱦᱟᱯᱮᱱᱫᱤᱱ ᱨᱮ ᱤᱧᱟᱹᱜ ᱟᱨᱦᱚᱸ ᱮᱴᱠᱮᱴᱚᱬᱮ ᱦᱩᱭ ᱞᱮᱱᱠᱷᱟᱱ ᱪᱮᱫ ᱦᱩᱭᱩᱜᱼᱟ  ᱾
हम एक स्वादिष्ट टुकड़ा सूप भी बनाते हैं.	ᱟᱞᱮᱫᱚ ᱢᱤᱫ ᱥᱚᱲᱚᱢᱼᱟᱱ ᱠᱮᱪᱟᱜ ᱢᱚᱴᱚᱨ ᱢᱟᱹᱥᱨᱤ ᱥᱩᱯ ᱞᱮ ᱵᱮᱱᱟᱣᱼᱟ ᱾
ईमेल पता को सक्रिय होने की जरूरत है, कि सभी है.	ᱤᱼᱢᱮᱞ ᱮᱰᱨᱮᱥ ᱫᱚ ᱪᱮᱜᱟᱸ ᱜᱮ ᱛᱟᱦᱮᱸᱱ ᱦᱩᱭᱩᱜ ᱛᱟᱢᱟ, ᱱᱚᱶᱟ ᱥᱩᱢᱩᱝ ᱾
दो बड़े बच्चों की शादी हो चुकी है ।	ᱰᱩᱵᱷᱟᱞ, ᱡᱟᱦᱟᱸᱭ ᱫᱚ ᱵᱟᱨᱭᱟ ᱩᱢᱮᱨᱟᱱ ᱜᱤᱫᱽᱨᱟᱹ ᱟᱛᱮᱡ ᱮ ᱵᱟᱯᱞᱟ ᱟᱠᱟᱱᱟ, ᱢᱤᱞᱟᱨ ᱪᱮᱛᱟᱱ ᱢᱟᱨᱟᱝ ᱪᱷᱟᱯ ᱵᱟᱭ ᱵᱟᱹᱜᱤ ᱟᱠᱟᱫᱟ, ᱡᱟᱦᱟᱸ᱖ᱥᱟᱶ ᱱᱚᱣᱟ ᱠᱟᱹᱦᱱᱤ ᱡᱚᱯᱲᱟᱣ ᱢᱮᱱᱟᱜᱼᱟ᱾
ᱟᱢᱟᱜ ᱛᱤᱱᱮᱜ ᱵᱚᱭᱮᱥ ᱦᱩᱭᱩᱜ ᱠᱟᱱ ᱛᱟᱢᱟ?	आपकी आयु कितनी है?
इसने अस्मारा को एक इतालवी शहर जैसा रूप दिया।	ᱱᱚᱣᱟ ᱠᱚᱫᱚ ᱟᱢᱥᱟᱨᱟ ᱢᱤᱫᱴᱟᱝ ᱤᱛᱟᱞᱤᱭᱚ ᱥᱟᱦᱟᱨ ᱨᱮᱭᱟᱜ ᱨᱩᱯᱮ ᱮᱢᱟᱠᱟᱫᱮᱭᱟ ᱾
मुझे किसी से भी मर्फी चुनौती (Murph challenge) पूरी करने की उम्मीद नहीं थी, लेकिन एक व्यक्ति ने समय से पहले पूरा करने के लिए सभी बाधाओं को पार कर दिया।	ᱤᱧ ᱵᱟᱹᱧ ᱟᱥ ᱞᱮᱱᱟ ᱡᱮ ᱡᱟᱦᱟᱸᱭ ᱢᱟᱨᱯᱷ ᱪᱮᱞᱮᱧᱡᱮ ᱢᱩᱪᱟᱹᱫᱟ ᱢᱮᱱᱠᱷᱟᱱ ᱢᱤᱫᱦᱚᱲ ᱚᱠᱛᱚ ᱞᱟᱦᱟ ᱨᱮᱜᱮ ᱢᱩᱪᱟᱹᱫ ᱞᱟᱹᱜᱤᱫ ᱥᱟᱱᱟᱢ ᱞᱮᱠᱟᱱ ᱡᱟᱸᱜᱮᱫᱟᱨᱟᱢᱮ ᱚᱼᱥᱤᱠᱟᱹᱨ ᱞᱮᱫᱟ ᱾
मुझे लगा कि आप कहीं दूर रह रहे हैं। आप तो दाईं ओर कोने पर ही हैं (स्थानीय निवासी)।	ᱤᱧᱤᱧ ᱢᱚᱱᱮ ᱞᱮᱫᱟ ᱟᱢ ᱫᱚ ᱥᱟᱹᱜᱤᱧ ᱥᱮᱫᱨᱮ ᱡᱟᱦᱟᱸᱨᱮᱢ ᱛᱟᱦᱮᱱᱟ ᱾ ᱟᱢ ᱫᱚ ᱡᱚᱡᱚᱢ ᱥᱮᱫᱟᱜ ᱠᱳᱱᱟ ᱥᱩᱨ ᱥᱩᱯᱩᱨ ᱥᱮᱫ ᱨᱮ ᱢᱮᱱᱟᱢᱟ (ᱛᱷᱟᱹᱱᱤᱭᱚ)
वह 1978 से 2011 के बीच फ्रांस के सीनेट के सदस्य रहे।	ᱩᱱᱤ ᱫᱚ ᱑᱙᱗᱘ ᱥᱟᱞ ᱠᱷᱚᱱ ᱒᱐᱑᱑  ᱥᱟᱞ ᱦᱟᱹᱵᱤᱡ ᱯᱷᱨᱟᱱᱥ ᱨᱮᱭᱟᱜ ᱥᱤᱱᱮᱴ ᱨᱮᱱ ᱨᱟᱹᱥᱤᱭᱟᱹᱭ ᱛᱟᱦᱮᱸ ᱠᱟᱱᱟ ᱾
हाँ, मैं यह कर रहा हूँ जब भी मैं एक छोटा सा मुक्त समय मिलता है.	ᱦᱮᱸ, ᱥᱚᱲᱠᱚ ᱭᱮᱫᱟᱧ ᱡᱟᱦᱟᱸᱛᱤᱱᱨᱮ ᱱᱟᱥᱮ ᱱᱟᱜ ᱚᱠᱛᱚᱧ ᱧᱟᱢᱮᱫᱟ ᱾
क्या हमें उस वक्‍त किसी भी चिकित्सीय प्रमाणपत्र को उत्पन्‍न करने की ज़रूरत है, जब नाम लेने के समय?	ᱚᱞ ᱥᱮᱞᱮᱫ ᱚᱠᱛᱚ ᱟᱞᱮ ᱡᱟᱦᱟᱱ ᱢᱮᱰᱤᱠᱮᱞ ᱥᱟᱨᱴᱤᱯᱷᱤᱠᱮᱴ ᱮᱢᱚᱜ ᱦᱩᱭᱩᱜ ᱛᱟᱞᱮᱭᱟ ?
डेविड ई. के अनुसार, "डिस्कसस ने मुझे बताया है कि अगर एक संभावित नई दवा को स्क्रीन पर चालू करने के लिए संभावना 5-HTCOTOCONS गतिविधि के लिए मिल गया है, यह लगभग हमेशा उस अणु के किसी भी विकास के अंत को सूचित करता है. "	ᱰᱮᱵᱷᱤᱰ ᱤᱹ ᱱᱤᱠᱳᱞᱟᱥᱟᱜ ᱢᱚᱚᱛ ᱞᱮᱠᱟᱛᱮ, "ᱨᱟᱱ ᱵᱮᱱᱟᱣ ᱵᱤᱨᱤᱫᱽᱠᱟᱹᱨᱤ ᱥᱟᱶ ᱡᱚᱯᱚᱲᱟᱣ ᱟᱭᱢᱟ ᱥᱚᱦᱮᱫᱠᱟ,ᱢᱤᱭᱟᱹᱠᱩ ᱥᱟᱶ ᱥᱮᱨᱢᱟ ᱠᱮ ᱥᱮᱨᱢᱟᱠᱤᱭᱟᱹ ᱜᱟᱞᱚᱪ ᱤᱧᱮ ᱵᱩᱡᱷᱟᱹᱣ ᱩᱪᱩᱣᱟᱠᱟᱫᱤᱧᱟ ᱡᱮ, ᱡᱚᱫᱤ ᱦᱩᱭᱫᱟᱲᱮᱭᱟᱜ ᱱᱟᱣᱟ ᱨᱟᱱᱨᱮᱭᱟᱜ ᱥᱠᱨᱤᱱᱤᱝ ᱠᱚᱨᱟᱣ ᱚᱠᱛᱮ ᱥᱮᱨᱳᱴᱳᱱᱤᱱ ᱕ᱼᱮᱭᱤᱪᱹᱴᱤᱹ᱒ᱹᱮ ᱮᱜᱳᱱᱤᱥᱴᱚᱣᱟᱱᱟᱜ ᱠᱟᱹᱢᱤᱦᱚᱨᱟ ᱧᱟᱢᱞᱮᱱᱠᱷᱟᱱ, ᱛᱚᱵᱮᱜᱤ ᱱᱤᱭᱟᱹ ᱫᱚ ᱯᱨᱟᱭ ᱡᱚᱛᱚ ᱨᱮᱜᱤ ᱚᱱᱟ ᱚᱱᱩᱨᱮᱭᱟᱜ ᱟᱨᱦᱚᱸ ᱵᱟᱲᱦᱟᱣᱨᱮ ᱢᱩᱪᱟᱹᱫᱨᱮᱭᱟᱜ ᱪᱤᱱᱦᱟᱹᱭ ᱮᱢᱚᱜᱚᱜᱼᱟ ᱾
पूरी तरह से चुप फिल्म बनाने के लिए, एक अस्थायी स्टूडियो को परिवार की संपत्ति के बाग़ों में बनाया गया था, और उन्होंने एक पूर्ण मौन फिल्म तैयार की जो पिछले चुंबन में रिलीज़ की गई थी.	ᱢᱤᱫᱴᱟᱝ ᱯᱩᱨᱟᱼᱡᱤᱞᱤᱧ ᱦᱟᱹᱯᱤᱫᱽ ᱪᱚᱞᱚᱛᱪᱤᱛᱟᱹᱨ ᱵᱮᱱᱟᱣᱛᱮ, ᱜᱷᱟᱨᱚᱡᱽ ᱨᱮᱭᱟᱜ ᱡᱩᱢᱤᱫᱟᱹᱨᱤᱭᱟᱜ ᱵᱟᱜᱣᱟᱱᱨᱮ ᱢᱤᱫᱴᱟᱝ ᱠᱚᱢ ᱚᱠᱛᱚ ᱨᱮᱱᱟᱜ ᱥᱴᱩᱰᱤᱭᱳ ᱵᱮᱱᱟᱣᱞᱮᱱᱟ, ᱟᱨ ᱑᱙᱓᱑ ᱥᱟᱞ ᱨᱮ ᱪᱦᱟᱹᱲ ᱧᱟᱢᱟᱠᱟᱫ ᱫᱟ ᱞᱟᱥᱴ ᱠᱤᱥ ᱧᱩᱛᱩᱢᱛᱮ ᱢᱤᱫᱴᱟᱝ ᱯᱩᱨᱟᱹᱼᱡᱤᱞᱤᱧᱟᱱ ᱦᱟᱹᱯᱤᱫ ᱪᱚᱞᱚᱛ ᱪᱤᱛᱟᱹᱨᱠᱩ ᱥᱟᱯᱲᱟᱣᱞᱮᱫᱟ ᱩᱝᱠᱩ ᱾
क्या यह सप्ताह अच्छा है?	ᱪᱮᱫ ᱱᱚᱣᱟ ᱦᱟᱯᱛᱟ ᱱᱟᱯᱟᱭ ᱠᱟᱱᱟ?
Raddrolmy के अनुसार, वहाँ आरंभिक "गंद्रनवाद" का सबूत है, उत्तरी परंपराओं को वितरित करने की प्रवृत्ति के बावजूद।	ᱯᱷᱮᱰᱦᱮᱢ ᱦᱟᱰᱤᱨ ᱢᱚᱛ ᱞᱮᱠᱟᱛᱮ ᱠᱨᱥᱱᱚᱼ ᱥᱮᱨᱣᱟ ᱫᱚ ᱩᱛᱛᱨ ᱨᱮᱭᱟᱜ ᱥᱮᱨᱣᱟ ᱥᱟᱶᱛᱮ ᱢᱤᱞᱟᱹᱣ ᱨᱮᱭᱟᱜ ᱡᱷᱳᱠ ᱛᱟᱦᱮᱱ ᱫᱟᱨᱟᱭᱛᱮ ᱦᱚ ᱥᱮᱫᱟᱭ ᱜᱮᱭᱟ "ᱫᱚᱠᱷᱤᱱ ᱠᱤᱥᱱᱵᱟᱫ" ᱱᱚᱣᱟ ᱨᱮᱭᱟᱜ ᱥᱟᱵᱩᱫ ᱢᱮᱱᱟᱜᱼᱟ ।
बढ़ते प्रदूषण की जोखिम दरों को देते हुए, यह ज़रूरी है कि हम बचा लें जो हमारे ग्रह के लिए ऑक्सीजन की एक चौथाई उत्पन्‍न करता है ।	ᱫᱩᱥᱱᱟᱹᱣ ᱡᱟᱹᱥᱛᱤᱜ ᱨᱮᱭᱟᱜ ᱦᱩᱫᱤᱥᱟᱱ ᱚᱡᱮ ᱞᱟᱹᱜᱤᱫᱛᱮ, ᱮᱸᱝᱜᱮᱞ ᱞᱟᱹᱜᱤᱫᱛᱮ ᱡᱟᱦᱟᱸᱭ ᱫᱚ ᱯᱨᱟᱭ ᱢᱤᱫᱽᱼᱛᱮᱥᱟᱨ ᱚᱠᱥᱤᱡᱮᱱ ᱟᱨᱡᱟᱣᱠᱟᱛᱮ ᱚᱱᱟᱠᱩ ᱡᱚᱛᱱᱟᱣ ᱫᱚ ᱞᱟᱹᱜᱛᱤᱭᱟᱱᱠᱟᱱᱟ ᱾
सारांशनानानानानान ने ३,८५० किलोमीटर का क्षेत्र कवर किया है, जिसके बारे में एक- चौथाई पानी/मारश क्षेत्रों में भरा जाता है.	ᱥᱩᱱᱫᱚᱨᱵᱚᱱ ᱓,᱘᱕᱐ ᱠᱤᱢᱤ² ᱮᱨᱤᱭᱟᱭ ᱠᱚᱵᱷᱟᱨᱟ, ᱡᱟᱦᱟᱸ ᱨᱮᱭᱟᱜ ᱯᱮ ᱦᱤᱸᱥ ᱢᱩᱸᱫᱽ ᱨᱮ ᱢᱤᱫ ᱦᱤᱸᱥ ᱫᱟᱜ/ᱢᱟᱨᱥ ᱮᱨᱤᱭᱟ ᱥᱮᱞᱮᱫ ᱢᱮᱱᱟᱜᱼᱟ᱾
उस ड्राइवर ने छह महीने से अपने बाल नहीं धोए थे और उसके सिर पर मक्खियाँ भिनभिना रही थीं।	ᱪᱷᱤ, ᱩᱱᱤ ᱰᱨᱟᱭᱵᱷᱟᱨ ᱫᱚ ᱛᱩᱨᱩᱭ ᱪᱟᱸᱫᱚ ᱫᱷᱩᱨᱤᱭᱟᱹ ᱟᱡᱟᱜ ᱩᱯ ᱵᱟᱭ ᱥᱟᱯᱷᱟ ᱟᱠᱟᱫ ᱛᱮ ᱩᱱᱤᱭᱟᱜ ᱵᱚᱦᱚᱜ ᱨᱮ ᱨᱚᱸ ᱠᱚ ᱩᱰᱟᱹᱜ ᱠᱟᱱᱟ ᱾
गिनती: बारह।	ᱞᱮᱠᱷᱟ: ᱜᱮᱞ ᱵᱟᱨ।
क्या यह सेना कूच के बाद होगा?	ᱚᱱᱟ ᱫᱚ ᱪᱮᱫᱽ ᱯᱷᱟᱹᱫᱠᱩᱣᱟᱜ ᱯᱮᱨᱮᱰ ᱛᱟᱭᱚᱢ ᱦᱩᱭᱩᱜᱽᱼᱟ ?
इसी प्रकार, दो विशेष रूप से दो दुष्ट मनुष्य, ग्रमा और बेन्‍वा, अध्याय ३२, १२, और ३२, १४ और अध्याय ४९ में उल्लिखित हैं ।	ᱚᱝᱠᱟᱞᱮᱠᱟᱜᱤ, ᱵᱤᱥᱟᱹᱥᱠᱟᱭᱛᱮ ᱵᱟᱨᱭᱟ ᱵᱟᱹᱲᱤᱡ ᱦᱚᱲᱠᱤᱱ, ᱜᱨᱮᱦᱢᱟ ᱟᱨ ᱵᱮᱱᱰᱟ, ᱫᱚ ᱓᱒ᱹ᱑᱒, ᱓᱒ᱹ᱑᱓ ᱟᱨ ᱓᱒ᱹ᱑᱔ ᱟᱨ ᱔᱙ᱹ᱑ ᱟᱨ ᱔᱙ᱹ᱒ ᱦᱟᱹᱴᱤᱧ ᱠᱚᱨᱮ ᱚᱞᱟᱠᱟᱱᱟ ᱾
ओह, यहाँ मेरी संख्या है.	ᱴᱷᱤᱠ ᱜᱮᱭᱟ , ᱱᱚᱜᱼᱚᱭ ᱤᱧᱟᱹᱜ ᱱᱚᱢᱵᱚᱨ ᱾
ब्लॉग्स का सरल उपयोग "मृतकों को और अधिक प्रभावशाली और महत्वपूर्ण बनने के लिए सक्षम कर सकता है; इंटरनेट सामग्री को सक्रिय रूप से स्वीकार करने के द्वारा, विद्यार्थी अपने पदों को दूसरों के लेखनों के संदर्भ में भी परिभाषित कर सकते हैं साथ साथ ही विशेष विषयों पर अपने दृष्टिकोण को स्पष्ट कर सकते हैं (ओवश, 2002).	ᱵᱞᱚᱜᱽ ᱨᱮᱭᱟᱜ ᱴᱷᱤᱠ ᱵᱮᱵᱷᱟᱨ "ᱜᱤᱫᱽᱲᱟᱹ ᱠᱚᱣᱟᱜ ᱰᱷᱮᱨ ᱵᱤᱥᱞᱮᱥᱬᱟᱛᱢᱚᱠ ᱟᱨ ᱟᱞᱚᱪᱱᱟᱹ ᱛᱮᱭᱟᱨ ᱞᱟᱹᱜᱤᱫ ᱥᱚᱥᱚᱠᱛ ᱛᱮᱭᱟᱨ ᱫᱟᱲᱮᱭᱟᱜᱼᱟᱭ; ᱤᱱᱴᱚᱨᱱᱮᱴ ᱡᱤᱱᱤᱥ ᱪᱮᱛᱟᱱ ᱨᱮ ᱥᱚᱠᱨᱤᱭᱚ ᱦᱤᱥᱟᱹᱵ ᱛᱮ ᱯᱨᱚᱛᱤᱠᱨᱤᱭᱟᱹ ᱦᱤᱥᱟᱹᱵ ᱛᱮ, ᱪᱮᱪᱮᱫᱤᱭᱟᱹ ᱮᱴᱟᱜ ᱦᱚᱲ ᱠᱚᱣᱟᱜ ᱚᱞ ᱨᱮᱭᱟᱜ ᱥᱚᱱᱫᱟᱨᱵᱷ ᱛᱮ ᱟᱡᱟᱜ ᱡᱟᱭᱜᱟ ᱠᱚ ᱵᱩᱡᱟᱹᱣ ᱫᱟᱲᱮ ᱪᱷᱚ ᱠᱚᱨᱟᱣ ᱫᱟᱲᱮᱭᱟᱜᱼᱟᱭ ᱟᱨ ᱥᱟᱶᱛᱮ ᱵᱤᱥᱮᱥ ᱢᱩᱫᱟ ᱨᱮ ᱟᱡᱟᱜ ᱱᱤᱡᱮ ᱛᱴᱨᱮᱭᱟᱜ ᱫᱨᱩᱥᱴᱤᱠᱩᱬ ᱨᱮᱭᱟᱜ ᱨᱩᱯᱨᱮᱡᱷᱟ ᱛᱮᱭᱟᱨ ᱫᱟᱲᱮᱭᱟᱜᱼᱟᱭ᱾ (ᱳᱨᱟᱣᱮᱠ, ᱒᱐᱐᱒)
लेकिन वास्तव में, ये कुछ भी नहीं करने के लिए मिलता है.	ᱢᱮᱱᱠᱷᱟᱱ ᱱᱟᱦᱟᱜ ᱨᱮ ᱱᱤᱭᱟᱹ ᱠᱩ ᱨᱮᱭᱟᱜ ᱡᱟᱦᱟᱸᱱ ᱞᱟᱵᱷ ᱵᱟᱹᱱᱩᱜᱼᱟ ᱾
मेरे पास सत्तर पेंसिल हैं।	ᱤᱧ ᱴᱷᱮᱱ ᱮᱭᱟᱭ ᱜᱮᱞ ᱜᱚᱴᱟᱝ ᱯᱮᱱᱥᱤᱞ ᱢᱮᱱᱟᱜᱼᱟ ᱠᱚᱣᱟ।
जिसका मतलब है मैं 5 से घर छोड़ने के लिए है	ᱚᱱᱟᱛᱮ ᱤᱧ ᱕ ᱴᱟᱲᱟᱝ ᱢᱩᱫᱽᱨᱮᱜᱮ ᱤᱧ ᱚᱲᱟᱜ ᱠᱷᱚᱱ ᱳᱰᱳᱠ ᱦᱩᱭᱩᱜ ᱛᱤᱧᱟᱹ ᱾
अल-मुहल्ला अल-कुबरा मिस्र का एक बड़ा शहर है।	ᱚᱱᱟ ᱚᱠᱛᱚᱨᱮ, ᱩᱱᱤ ᱫᱚ ᱱᱤᱛᱦᱚᱸ ᱮᱴᱟᱜ ᱠᱚᱲᱟ ᱥᱟᱶ ᱵᱟᱯᱞᱟᱭ ᱛᱟᱦᱮᱸ ᱠᱟᱱᱟ ᱾
हाँ, मैं अपने दूसरे साल में हूँ.	ᱦᱮᱸ, ᱤᱧ ᱫᱚ ᱫᱚᱥᱟᱨ ᱥᱮᱨᱢᱟᱨᱮᱱ ᱯᱟᱹᱴᱷᱣᱟᱹ ᱾
जैसे यूनानी भाषा का ज्ञान अस्वीकार किया गया, पश्‍चिम ने स्वयं अपने आप को यूनानी तत्त्वज्ञान और वैज्ञानिक जड़ों से नाश किया ।	ᱡᱮᱞᱠᱟᱼᱡᱮᱞᱠᱟ ᱜᱽᱨᱤᱠ ᱨᱮᱭᱟᱜ ᱜᱭᱟᱱ ᱠᱚᱢ ᱤᱫᱤ ᱮᱱᱟ, ᱯᱟᱪᱮ ᱯᱟᱦᱴᱟ ᱫᱚ ᱟᱡ ᱛᱮᱜᱮ ᱜᱽᱨᱤᱠ ᱫᱟᱹᱨᱥᱚᱱᱤᱠ ᱟᱨ ᱥᱟᱮᱬᱥᱤᱭᱟᱹ ᱡᱚᱲᱟᱣ ᱠᱷᱚᱱ ᱠᱟᱴᱟᱣ ᱞᱮᱠᱷᱟ ᱵᱩᱡᱷᱟᱹᱣ ᱠᱮᱜᱼᱟᱭ᱾
लगभग सभी लोग परिवहन व्यवस्थाओं के बारे में शिकायत करते हैं ।	ᱡᱷᱚᱛᱚ ᱜᱮ ᱥᱚᱢᱟᱡᱽ ᱨᱮ ᱵᱷᱟᱜ ᱠᱚ ᱤᱫᱤᱭᱮᱫᱼᱟ ᱟᱨ ᱯᱚᱨᱤᱣᱟᱦᱚᱱ ᱥᱮᱣᱟ ᱨᱮᱭᱟᱜ ᱵᱮᱵᱷᱟᱨ ᱠᱚᱨᱟᱣᱮᱫᱼᱟᱭ᱾ ᱯᱨᱟᱭ ᱡᱷᱚᱛᱚ ᱦᱚᱲ ᱯᱚᱨᱤᱣᱟᱦᱚᱱ ᱯᱨᱚᱬᱟᱞᱤ ᱵᱟᱵᱚᱛ ᱠᱷᱚᱵᱚᱨᱮᱫᱟ ᱠᱚ᱾
वह मोजार्ट, बीथोवेन और शूबर्ट के संगीत को बजाने के लिए सबसे प्रसिद्ध थे।	ᱩᱱᱤ ᱫᱚ ᱢᱳᱡᱟᱨᱴ ᱟᱨ ᱵᱤᱛᱷᱚᱵᱮᱱ ᱟᱨ ᱥᱠᱩᱵᱟᱨᱴ ᱨᱮᱱᱟᱜ ᱥᱮᱨᱮᱧ ᱥᱮᱨᱮᱧ ᱞᱟᱹᱜᱤᱫ ᱡᱚᱛᱚ ᱠᱷᱚᱱ ᱧᱩᱛᱩᱢᱟᱱ ᱮ ᱛᱟᱦᱮᱸ ᱠᱟᱱᱟ ᱾
कोंडी अपने पति और तीन बच्चों के साथ साल्ट लेक सिटी, यूटा में रहती हैं।	ᱠᱚᱱᱰᱤ ᱫᱚ ᱟᱡ ᱨᱮᱱ ᱡᱤᱛᱟᱹ ᱟᱨ ᱯᱮᱭᱟ ᱜᱤᱫᱽᱨᱟᱹ ᱥᱟᱞᱟᱜ ᱥᱚᱞᱴᱞᱮᱠ ᱨᱮᱭᱟᱜ ᱵᱟᱡᱟᱨ ᱩᱴᱟᱦᱮ ᱨᱮᱭ ᱛᱟᱦᱮᱱ ᱛᱟᱦᱮᱸ ᱾
मैं भी अच्छी तरह से बाहर की कोशिश करेंगे.	ᱤᱧᱦᱚᱸ ᱴᱮᱝᱜᱟᱧ ᱡᱚᱢ ᱞᱮᱜᱟᱭᱟ ᱾
मैं किसी भी छुट्टी नहीं है.	ᱤᱧᱟᱹᱜ ᱪᱮᱫ ᱪᱷᱩᱴᱤ ᱦᱚᱸ ᱵᱟᱹᱱᱩᱜᱼᱟ ᱾
एम. ए., अमरीका	ᱟᱢᱟᱥᱚᱱ ᱫᱚ ᱫᱷᱟᱹᱨᱛᱤ ᱨᱮᱭᱟᱜ ᱚᱥᱟᱨ ᱩᱛᱟᱹᱨ ᱜᱟᱰᱟ ᱠᱟᱱᱟ, ᱢᱤᱫ ᱫᱷᱟᱣᱨᱮ ᱛᱩᱨᱩᱭ ᱢᱟᱭᱤᱞ ᱚᱥᱟᱨᱟ᱾
इसका तापमान और पानी की मात्रा बहुत तेज़ी से कम होती है ।	ᱞᱚᱞᱚᱥᱚᱝ ᱟᱨ ᱫᱟᱜ ᱵᱷᱟᱯᱟᱝ ᱨᱮᱭᱟᱜ ᱯᱚᱨᱤᱢᱟᱱ ᱩᱥᱩᱞᱚᱜ ᱥᱟᱶᱛᱮ ᱟᱹᱰᱤ ᱞᱚᱜᱚᱱ ᱠᱚᱢᱚᱜᱼᱟ ᱾
बिस्बी- चिप्पा को अपनी प्यारी पत्नी डेरा बोउम की प्यारी याद में पिछले Merghga के द्वारा बनाया गया था.	ᱵᱤᱵᱤᱼᱠᱟᱼᱢᱟᱠᱵᱟᱨᱟ ᱫᱚ ᱢᱩᱜᱷᱚᱞ ᱨᱟᱡᱽᱯᱟᱴ ᱨᱮᱢ ᱢᱩᱪᱟᱹᱫ ᱥᱟᱥᱚᱠ ᱳᱣᱨᱚᱝᱜᱚᱡᱮᱵ ᱟᱡᱽᱨᱮᱱ ᱫᱩᱞᱟᱹᱲᱤᱭᱟᱹ ᱚᱲᱟᱜ ᱮᱨᱟ ᱫᱤᱞᱨᱟᱥ ᱵᱟᱱᱩ ᱵᱮᱜᱚᱢ ᱼᱟᱜ ᱩᱭᱦᱟᱹᱨᱛᱮᱭ ᱵᱮᱱᱟᱣ ᱞᱮᱫᱟ ᱾
खुला	ᱡᱷᱤᱡᱽ ᱢᱮ
मैं उस गंदी दुकान में फफूंद लगे कपड़ों को देखने का दृश्य बर्दाश्त नहीं कर सका।	ᱱᱚᱝᱨᱟ ᱫᱚᱠᱟᱱ ᱨᱮᱭᱟᱜ ᱥᱟᱱᱟᱢ ᱪᱷᱟᱪᱨᱮ ᱧᱩᱨ ᱟᱠᱟᱱ ᱠᱤᱪᱨᱤᱡᱽ ᱧᱮᱞ ᱠᱟᱛᱮᱫ ᱤᱧ ᱫᱚ ᱵᱟᱹᱧ ᱥᱟᱦᱟᱣ ᱫᱟᱲᱮᱭᱟᱫᱟ ᱾
उनके विवादास्पद विचारों में यह शामिल है कि केवल पशुधन ही मरुस्थलीकरण को सीमित कर सकते हैं।	ᱩᱱᱤᱭᱟᱜ ᱨᱟᱯᱟᱪᱟᱜ ᱫᱷᱟᱨᱚᱱᱟ ᱢᱩᱫᱨᱮ ᱢᱮᱱᱟᱜᱼᱟ  ᱡᱟᱸᱦᱟ ᱡᱤᱭᱟᱹᱞᱤ ᱫᱩᱨᱤᱵ ᱜᱮ ᱮᱠᱮᱱ ᱜᱤᱛᱤᱞᱡᱚᱞᱟᱝ ᱠᱚ ᱠᱚᱢ ᱫᱟᱲᱮᱭᱟᱜᱼᱟ ᱾
इसमें कोई शक नहीं कि इसमें चाँदी और सोने जैसे हीरे भी पाए जाते हैं ।	ᱠᱮᱭᱞᱥᱤᱭᱟᱢ ᱟᱨ ᱯᱚᱴᱮᱥᱤᱭᱟᱢ ᱞᱮᱠᱟᱱ ᱮᱞᱤᱭ ᱠᱚ ᱢᱮᱴᱟᱞ ᱢᱟᱱᱟᱜ ᱠᱟᱱᱟ᱾ ᱵᱮᱥᱟᱠ, ᱟᱨ ᱥᱚᱱᱟ ᱞᱮᱠᱟᱱ ᱢᱮᱴᱟᱨ ᱦᱚᱸ ᱢᱮᱱᱟᱜᱼᱟ᱾
यहाँ तक कि समुद्र - तल के चारों ओर और आस - पास के अनेक आकर्षणों के बीच भी, पालतू घर बड़ा खड़ा है, जो एक साल - भर क्षेत्र की ओर लाखों पर्यटक आकर्षित करता है ।	ᱮᱢᱚᱱ ᱪᱮᱫ ᱯᱷᱚᱞᱚᱨᱤᱰᱟ, ᱚᱨᱞᱮᱱᱰᱚ ᱟᱨ ᱱᱚᱶᱟ ᱟᱰᱮᱯᱟᱥᱮ ᱟᱹᱰᱤ ᱰᱷᱮᱨ ᱮᱴᱟᱜ ᱨᱤᱡᱷᱟᱹᱣ ᱛᱟᱞᱟᱨᱮᱦᱚᱸ ᱢᱟᱣᱥ ᱦᱟᱤᱭᱡ ᱪᱩᱢᱪᱩᱲᱩᱡ ᱠᱟᱛᱮ ᱛᱮᱜᱚᱸ ᱟᱠᱟᱱᱟ, ᱱᱚᱶᱟ ᱵᱟᱹᱛᱤᱚᱲᱟᱜ ᱫᱚ ᱡᱚᱛᱚ ᱥᱮᱨᱢᱟ ᱞᱟᱠ ᱞᱟᱠ ᱥᱟᱸᱜᱷᱟᱨᱤᱭᱟᱹ ᱱᱚᱶᱟ ᱴᱚᱴᱷᱟ ᱪᱮᱛᱟᱱ ᱨᱤᱡᱷᱟᱹᱣ ᱠᱚᱣᱟᱭ ᱾
मुझे भारी वजन उठाने से बहुत डर लगता है। क्या होगा अगर मुझे चोट लग जाए?	ᱤᱧ ᱫᱚ ᱦᱟᱢᱟᱞ ᱛᱩᱞᱟᱹ ᱛᱩᱞᱤᱧ ᱵᱚᱛᱚᱨᱚᱜ ᱠᱟᱱᱟ ᱾ ᱤᱧ ᱜᱷᱟᱹᱞ ᱞᱮᱱ ᱠᱷᱟᱱ ᱪᱮᱫ ᱦᱩᱭᱩᱜᱼᱟ ?
चौदह	ᱜᱮᱞ ᱯᱳᱱ
यह सीखने का एक तरीका नहीं है, बल्कि एक ऐसी मदद जो ऐसे व्यक्‍तियों को मदद देती है जो एक नए कंप्यूटर प्रोग्राम का इस्तेमाल करते या नयी परियोजना शुरू करते हैं ।	ᱥᱠᱟᱯᱷᱳᱞᱰ ᱫᱚ ᱪᱮᱫᱚᱜ ᱨᱮᱭᱟᱜ ᱢᱤᱫ ᱢᱮᱛᱷᱚᱰ ᱫᱚ ᱵᱟᱝ ᱠᱟᱱᱟ, ᱢᱮᱱᱠᱷᱟᱱ ᱡᱟᱦᱟᱸᱭ ᱠᱚ ᱱᱟᱶᱟ ᱯᱨᱳᱡᱮᱠᱴ ᱠᱚ ᱮᱦᱚᱵᱮᱜ-ᱟ ᱟᱨᱵᱟᱝ ᱱᱟᱶᱟ ᱠᱚᱢᱯᱭᱩᱴᱚᱨ ᱯᱨᱳᱜᱽᱨᱟᱢ ᱠᱚ ᱪᱮᱫᱚᱜ ᱠᱟᱱᱟ ᱩᱱᱠᱩ ᱠᱚ ᱱᱟᱶᱟ ᱪᱮᱫᱚᱜ ᱮᱠᱥᱯᱮᱨᱤᱭᱟᱱᱥ ᱠᱚᱭ ᱮᱢᱟ ᱠᱚᱣᱟ ᱟᱨ ᱢᱤᱫ ᱮᱰ ᱞᱮᱠᱟᱛᱮ ᱤᱱᱰᱤᱵᱷᱤᱡᱩᱣᱟᱞ ᱜᱚᱲᱚᱭ ᱮᱢᱟᱠᱚᱣᱟ᱾
मैं नाम को काफी याद नहीं कर सकता; यह P के साथ शुरू होता है; मुझे लगता है.	ᱧᱩᱛᱩᱢᱫᱚ ᱴᱷᱤᱠ ᱵᱟᱹᱧ ᱫᱤᱥᱟᱹ ᱫᱟᱲᱮᱭᱟᱜ ᱠᱟᱱᱟ ; ᱤᱧ ᱢᱚᱱᱮᱭᱮᱫᱟ; ᱱᱚᱶᱟᱫᱚ ᱯᱤ ᱛᱮ ᱮᱛᱚᱦᱚᱵᱚᱜᱼᱟ ᱾
विश्व इतिहास में यह पहली बार था जब दो लौह आवरण वाले जहाजों (ironclads) ने एक दूसरे से लड़ाई की थी।	ᱡᱮᱜᱮᱫ ᱨᱮᱭᱟᱜ ᱱᱟᱜᱟᱢ ᱨᱮ ᱯᱳᱭᱞᱳ ᱫᱷᱟᱣ ᱵᱟᱨᱭᱟ ᱞᱳᱦᱟᱨ ᱦᱚᱨᱚᱦ ᱢᱤᱫ ᱦᱚᱲ ᱟᱨ ᱢᱤᱫᱦᱚᱟ ᱥᱟᱞᱟᱜ ᱵᱟᱱᱟᱦᱚᱲ ᱢᱩᱫᱨᱮ ᱠᱚᱛᱟᱯᱟᱢ ᱞᱮᱱᱟ ᱾
सन्‌ 2017 के आखिर में, टी. वी.	᱒᱐᱑᱗ ᱢᱩᱪᱟᱹᱫ ᱨᱮ, ᱥᱤᱢᱤᱱᱚᱯᱷ ᱧᱮᱱᱮᱞᱚᱢ ᱪᱟᱱᱮᱞ QVC ᱨᱮ ᱧᱮᱞ ᱞᱮᱱᱟ᱾
हमारे देश में हमारे पूर्व राष्ट्रपतिों के लिए कृतज्ञता का एक भारी ऋण है.	ᱟᱵᱚᱨᱮᱱ ᱵᱤᱨ ᱞᱟᱦᱟᱱ ᱯᱷᱟᱹᱫ ᱠᱩ ᱴᱷᱮᱱ ᱟᱵᱚᱣᱟᱜ ᱫᱤᱥᱚᱢ ᱫᱚ ᱥᱟᱨᱦᱟᱣ ᱮᱢᱚᱜᱨᱮ ᱜᱟᱹᱦᱤᱨ ᱨᱤᱱᱤ ᱜᱮᱭᱟᱜ ᱾
उन्होंने सूर्य को अन्य तारों के रूप में अन्य बुनियादी सिद्धांतों पर प्रयोग किया: तंत्र के सभी तारों का कार्य उनकी चमक - दमक, उनका परिक्रमण, और कोई दूसरा नहीं पाया गया ।	ᱩᱱᱠᱩᱠᱚ ᱧᱟᱢ ᱠᱮᱫᱼᱟ ᱡᱮ ᱥᱤᱧ ᱪᱟᱸᱫᱚ ᱮᱴᱟᱜ ᱤᱯᱤᱞ ᱠᱚᱣᱟᱜ ᱥᱚᱢᱟᱱ ᱢᱩᱬ ᱥᱤᱫᱷᱟᱱᱛᱚ ᱨᱮ ᱥᱟᱧᱪᱟᱞᱤᱛ ᱦᱩᱭᱩᱜ ᱠᱟᱱᱟ: ᱥᱤᱥᱴᱚᱢ ᱨᱮ ᱥᱟᱱᱟᱢ ᱤᱯᱤᱞ ᱠᱚᱣᱟᱜ ᱜᱚᱛᱤᱵᱤᱫᱷᱤ ᱩᱱᱠᱩᱣᱟᱜ ᱡᱷᱤᱞᱢᱤᱞᱟᱹᱣ, ᱩᱱᱠᱩᱣᱟᱜ ᱟᱹᱪᱩᱨᱚᱜ ᱟᱨ ᱠᱤᱪᱷᱩ ᱜᱟᱱ ᱦᱚᱛᱮᱛᱮᱦᱚᱸ ᱥᱚᱧᱪᱟᱞᱚᱜ ᱠᱟᱱᱟI
आप Arargald दौरा किया?	ᱟᱢ ᱳᱣᱨᱚᱝᱜᱚᱵᱟᱫ ᱮᱢ ᱥᱮᱱᱞᱮᱱᱟ ᱿
भारत में कर्ज़ चुकाने की आवाज़ में भारी बढ़ोतरी हुई है ।	ᱵᱷᱟᱨᱚᱛ ᱨᱮ ᱨᱤᱱ ᱨᱮᱭᱟᱜ ᱥᱤᱠᱩᱨᱤᱴᱤ ᱫᱤᱱ ᱠᱮ ᱫᱤᱱ ᱟᱹᱰᱤ ᱠᱟᱛᱮ ᱵᱟᱲᱛᱤ ᱤᱫᱤᱜ ᱠᱟᱱᱟ ᱾
1938 में, लूफ़्टवाफ़ा और रीचस्पोस्ट ने धूम्रपान पर प्रतिबंध लगा दिया।	᱑᱙᱓᱘ ᱥᱟᱞ ᱨᱮ, ᱞᱩᱯᱷᱴᱚᱣᱟᱯᱷ ᱟᱨ ᱨᱤᱪᱯᱳᱥᱴ ᱫᱚ ᱯᱩᱜᱤ ᱧᱩ ᱪᱮᱛᱟᱱ ᱵᱟᱱᱟᱼᱵᱟᱨᱚᱱ ᱠᱚ ᱡᱟᱹᱨᱤ ᱞᱮᱫᱟ ᱾
ईसवी सन्‌ 300 से 440 के बीच वेन्डा जाति थी ।	ᱥᱚᱞᱟᱝᱠᱟᱭᱚᱱᱠᱩ ᱫᱚ ᱠᱩ ᱛᱟᱦᱮᱸᱠᱟᱱᱟ ᱵᱷᱮᱝᱜᱤ (ᱱᱟᱦᱟᱜᱽ ᱯᱮᱰᱟᱵᱷᱮᱜᱤ)ᱼᱨᱮ ᱨᱟᱡᱜᱟᱲ ᱥᱟᱶ ᱓᱐᱐ ᱠᱷᱚᱱ ᱔᱔᱐ ᱠᱷᱨᱤᱥᱴᱟᱵᱫᱽ ᱫᱷᱟᱹᱵᱤᱡᱽ ᱜᱳᱫᱟᱵᱚᱨᱤ ᱟᱨ ᱠᱨᱤᱥᱱᱟ ᱛᱟᱞᱟᱢᱟᱞᱟ ᱚᱱᱫᱷᱨᱚ ᱴᱚᱴᱷᱟ ᱥᱟᱥᱚᱱᱤᱭᱟᱹ ᱢᱤᱫ ᱢᱟᱨᱮᱱ ᱨᱟᱡᱵᱚᱸᱥᱠᱩ ᱛᱟᱦᱮᱸᱠᱟᱱᱟ ᱾
मुझे बताओ, मैं तुम्हारी मदद कैसे कर सकते हैं?	ᱞᱟᱹᱭᱢᱮ, ᱪᱮᱠᱟᱞᱮᱠᱟᱛᱮᱧ ᱜᱚᱲᱚ ᱫᱟᱲᱮᱭᱟᱢᱟ ?
वैज्ञानिकों का कहना है कि इस जानवर का झुकाव एक पीला या कार्टेन के साथ शीर्ष पर था।	ᱥᱟᱬᱮᱥᱤᱭᱟ ᱠᱚᱣᱟᱜ ᱢᱮᱱ ᱠᱟᱱᱟ ᱡᱮ ᱱᱩᱭ ᱡᱟᱱᱣᱟᱨᱟᱜ ᱤᱞ ᱪᱮᱛᱟᱱ ᱠᱷᱚᱱ ᱥᱟᱦᱵᱩᱛ - ᱯᱮᱨᱮᱡ ᱨᱚᱝ ᱨᱮᱱᱟᱜ ᱛᱟᱦᱮᱸ ᱠᱟᱱᱟ ᱟᱨ ᱞᱟᱛᱟᱨ ᱟᱜ ᱦᱟᱹᱴᱤᱧ ᱫᱚ ᱥᱟᱥᱟᱝ ᱥᱮ ᱠᱮᱭᱨᱚᱴᱤᱱᱚᱭᱰ ᱨᱚᱝ ᱨᱮᱱᱟᱜ ᱛᱟᱦᱮᱸ ᱠᱟᱱᱟ᱾
ᱢᱤᱫ ᱦᱟᱡᱟᱨ	एक हजार
यह रेस्टोरेंट शोरगुल वाला है, जगह बेहद गंदी है, मुझे यहाँ रहने से नफरत है।	ᱱᱚᱶᱟ ᱨᱮᱥᱴᱳᱨᱮᱱᱴ ᱫᱚ ᱟᱹᱲᱤᱥ ᱜᱮ, ᱡᱟᱭᱜᱟ ᱦᱚᱸ ᱟᱹᱰᱤ ᱵᱟᱝ ᱥᱟᱯᱷᱟ, ᱤᱧ ᱫᱚ ᱱᱚᱸᱰᱮ ᱛᱟᱦᱮᱱ ᱦᱤᱨᱠᱷᱟᱹ ᱜᱤᱧ ᱵᱩᱡᱷᱼᱟ ᱾
15 अगस्त 1940 को दक्षिणी फ्रांस पर हमला किया गया ।	᱑᱕ ᱵᱷᱟᱫᱚᱨᱵ ᱑᱙᱔᱐ ᱨᱮ ᱮᱞᱟᱭᱮᱥ ᱮᱛᱚᱢ ᱯᱷᱨᱟᱱᱥ ᱨᱮᱠᱚ ᱟᱠᱨᱚᱢᱚᱱ ᱞᱮᱫᱟ, ᱱᱚᱣᱟ ᱟᱠᱨᱚᱢᱚᱱ ᱫᱚ "ᱚᱯᱟᱨᱮᱥᱚᱱ ᱰᱨᱟᱜᱩᱱ" ᱞᱟᱹᱭ ᱦᱩᱭ ᱞᱮᱱᱟ᱾
वे सुबह और दोपहर के समय सोप ओपेरा के साथ प्रसारित होते थे।	ᱩᱱᱠᱩ ᱫᱚ ᱥᱮᱛᱟᱜ ᱟᱨ ᱛᱟᱨᱟᱥᱤᱧ ᱥᱳᱯ ᱚᱯᱮᱨᱟ ᱨᱮᱭᱟᱜ ᱥᱩᱨᱼᱥᱩᱯᱩᱨ ᱯᱟᱥᱱᱟᱣ ᱞᱮᱱᱟ ᱾
हवाई तटों पर स्थित या पास - पास की तटों पर स्थित चौदह स्कूलों में बुधवार के सभी कार्यक्रम हटा दिए गए, इसके बावजूद कि चेतावनियों को हटा दिया गया ।	ᱪᱮᱛᱚᱵᱟᱱᱤ ᱧᱟᱢᱮᱱ ᱛᱟᱭᱚᱢ ᱦᱟᱣᱟᱭᱤ ᱥᱩᱨ ᱟᱨ ᱚᱱᱟ ᱫᱚᱨᱭᱟ ᱥᱩᱨ ᱠᱚᱨᱮᱭᱟᱜ ᱢᱤᱫ ᱜᱮᱞ ᱯᱩᱱ ᱜᱚᱴᱟᱝ ᱟᱥᱲᱟ ᱥᱟᱹᱜᱩᱱ ᱢᱟᱦᱟᱸ ᱦᱤᱞᱚᱜ ᱠᱚ ᱵᱚᱸᱫᱚ ᱟᱠᱟᱫᱟ᱾
Sulffys दोनों इम्यूजिक कार्रवाई द्वारा प्रतिक्रिया उत्पन्न कर सकते हैं.	ᱥᱟᱞᱯᱷᱟᱭᱤᱴ ᱫᱟᱨᱟᱭᱛᱮ ᱤᱢᱤᱭᱩᱱᱳᱞᱚᱡᱤᱠ ᱟᱨ ᱵᱮᱼᱤᱢᱤᱭᱱᱳᱞᱚᱡᱤᱠ ᱦᱚᱨᱟ, ᱱᱤᱭᱟᱹ ᱵᱷᱟᱱᱟᱨ ᱫᱟᱨᱟᱭᱛᱮᱜᱤ ᱵᱤᱠᱨᱤᱭᱟ ᱦᱩᱭ ᱫᱟᱲᱤᱭᱟᱜᱼᱟ ᱾
इन्हें कभी - कभी इस समय के बाहर पाया जा सकता है ।	ᱵᱚᱠᱥ ᱡᱮᱞᱤᱯᱷᱤᱥ ᱫᱚᱨᱭᱟ ᱟᱲᱮ ᱟᱨ ᱜᱟᱰᱟ ᱨᱮᱭᱟᱜ ᱥᱩᱨ ᱢᱩᱸᱦᱟᱹᱱ ᱨᱮ ᱑᱗᱗᱐ ᱨᱮᱭᱟᱜ ᱮᱛᱚᱢ ᱨᱮ ᱳᱠᱴᱳᱵᱚᱨ ᱠᱷᱚᱱ ᱮᱯᱨᱤᱞ ᱦᱟᱹᱵᱤᱡ ᱧᱟᱢᱚᱜᱚᱜ-ᱟᱠᱚI ᱩᱱᱠᱩ ᱚᱠᱛᱚ ᱚᱠᱛᱚ ᱨᱮ ᱱᱚᱣᱟ ᱵᱮᱲᱟ ᱠᱚᱨᱮ ᱦᱚᱸ ᱵᱟᱦᱨᱮ ᱨᱮᱠᱚ ᱧᱟᱢᱚᱜᱚᱜ ᱜᱮᱭᱟI
मेरे पीछे कतार में खड़ा व्यक्ति बहुत पसीने से लथपथ था और उसमें से भयानक बदबू आ रही थी।	ᱤᱧ ᱛᱟᱭᱚᱢ ᱞᱟᱭᱤᱱ ᱨᱮ ᱛᱮᱸᱜᱚᱣᱟᱠᱟᱱ ᱦᱚᱲ ᱫᱚ ᱟᱹᱰᱤᱭ ᱩᱫᱜᱟᱹᱨᱚᱜ ᱠᱟᱱ ᱛᱟᱦᱮᱠᱟᱱᱟ ᱟᱨ ᱵᱟᱝ ᱡᱩᱛᱮ ᱥᱚ ᱠᱟᱱ ᱛᱟᱦᱮᱠᱟᱱᱟ ᱾
जो कोई एक ऐसे देश का दौरा करने की योजना बनाता है जिसे युद्ध क्षेत्र माना जा सकता है, उसे पेशेवर प्रशिक्षण प्राप्त करना चाहिए ।	ᱡᱟᱦᱟᱸᱴᱟᱜ ᱦᱚᱸ ᱚᱱᱠᱟᱱᱟᱜ ᱫᱤᱥᱚᱢ ᱫᱟᱬᱟᱱ ᱨᱮᱭᱟᱜ ᱯᱚᱱᱛᱷᱟ ᱵᱮᱱᱟᱣ ᱠᱟᱱᱟᱭ ᱡᱟᱦᱟᱸ ᱫᱚ ᱞᱟᱹᱲᱦᱟᱹᱭ ᱡᱟᱭᱜᱟ ᱢᱟᱱᱟᱣ ᱫᱟᱲᱮᱭᱟᱜᱼᱟ ᱟᱹᱯᱥᱩᱞ ᱥᱤᱠᱱᱟᱹᱛ ᱧᱟᱢ ᱞᱟᱜᱛᱤᱭᱟ᱾
कुछ जगहों पर करों और दूसरी जगहों पर करों से मुक्‍त माल खरीदने का मौका मुफ्त है ।	ᱰᱭᱩᱴᱤ ᱯᱷᱨᱤ ᱥᱚᱯᱤᱝ ᱛᱤᱱᱟᱹᱜ ᱜᱟᱱ ᱡᱟᱭᱜᱟ ᱨᱮ ᱠᱚᱨᱟᱣ ᱢᱮ ᱟᱨ ᱮᱠᱥᱟᱭᱤᱡ ᱠᱷᱚᱱ ᱢᱩᱠᱛ ᱡᱤᱱᱤᱥ ᱠᱚ ᱫᱚ ᱠᱤᱨᱤᱧ ᱨᱮᱭᱟᱜ ᱚᱣᱥᱚᱨ ᱢᱮᱱᱟᱜᱼᱟ᱾
महोदय, सबसे पहले, हम पानी आपूर्ति मिल गया है बहुत सारा हैल के बाद.	ᱥᱮᱨ, ᱯᱳᱭᱞᱳ ᱨᱮ ᱟᱞᱮ ᱟᱭᱢᱟ ᱡᱷᱟᱢᱮᱞᱟ ᱛᱟᱭᱚᱢ ᱫᱟᱜ ᱞᱮ ᱧᱟᱢ ᱟᱠᱟᱫᱟ ᱾
आपको अपना नाम इस रोल में जोड़ना चाहिए कि वोट कर सकें.	ᱵᱷᱳᱴ ᱮᱢᱚᱜ ᱞᱟᱹᱜᱤᱫ ᱨᱳᱞᱨᱮ ᱟᱢᱟᱜ ᱧᱩᱛᱩᱢ ᱥᱮᱞᱮᱫ ᱞᱟᱹᱠᱛᱤ ᱠᱟᱱ ᱛᱟᱢᱟ ᱾
दो साल बाद, उनके साथ विश्वासघात किया गया और उन्हें यातना शिविरों में ले जाया गया।	ᱵᱟᱨ ᱥᱮᱨᱢᱟ ᱛᱟᱭᱚᱢ, ᱩᱱᱠᱩ ᱴᱷᱚᱠᱟᱣ ᱠᱟᱛᱮ ᱵᱚᱱᱫᱤ ᱥᱤᱵᱤᱨ ᱨᱮ ᱤᱫᱤ ᱦᱩᱭ ᱞᱮᱱᱟ ᱾
इसके अतिरिक्‍त, उन्होंने कहा कि अनवॆना और बिस्फीन के डॉक्टरों के बीच संचार की बाधा, सुरक्षा और अनियंत्रिक दवाओं के संबंध में सुरक्षा और अनियंत्रिक दवाइयों के लिए आदर के साथ शोध कार्य करते हैं, और अयोग्य नीतिएँ समझ में महत्त्वपूर्ण बाधाओं को समझने में महत्त्वपूर्ण हैं ।	ᱟᱨᱦᱚᱸ, ᱩᱱᱠᱩ ᱠᱚ ᱥᱚᱫᱚᱨ ᱟᱠᱟᱫᱟ ᱡᱮ ᱟᱹᱭᱩᱨᱵᱮᱫ ᱟᱨ ᱵᱟᱭᱳᱢᱮᱰᱤᱥᱤᱱ ᱢᱩᱫᱨᱮ ᱡᱳᱜᱟᱡᱳᱜ ᱨᱮᱭᱟᱜ ᱮᱴᱠᱮᱴᱚᱸᱲᱮ, ᱟᱭᱩᱨᱵᱮᱫᱤᱠ ᱨᱟᱱ ᱟᱨ ᱛᱷᱮᱨᱟᱯᱤ ᱨᱩᱠᱷᱤᱭᱟᱹ ᱟᱨ ᱠᱟᱹᱢᱤᱦᱚᱨᱟ ᱥᱟᱹᱜᱟᱹᱭᱟᱱ ᱱᱟᱥᱮᱱᱟᱜ ᱠᱷᱚᱸᱫᱨᱚᱸᱫ ᱠᱟᱹᱢᱤ ᱟᱨ ᱚᱠᱩᱞᱟᱹᱱ ᱟᱱ ᱠᱟᱹᱢᱤ ᱞᱟᱜᱟᱜ ᱞᱮᱠᱟᱱᱟᱜ ᱠᱚ ᱢᱮᱥᱟ ᱠᱟᱛᱮ ᱟᱹᱭᱠᱟᱹᱣ ᱨᱮ ᱞᱟᱹᱠᱛᱤᱭᱟᱱ ᱵᱟᱫᱷᱟ ᱠᱟᱱᱟ ᱾
अंतिम युद्ध ओपेचनकानो की मृत्यु के साथ समाप्त हुआ।	ᱢᱩᱪᱟᱹᱫ ᱞᱟᱹᱲᱦᱟᱹᱭ ᱨᱮᱭᱟᱜ ᱢᱩᱪᱟᱹᱫ ᱦᱩᱭ ᱞᱮᱱᱟ ᱳᱯᱮᱪᱟᱱᱠᱟᱱᱯᱷᱮᱨ ᱟᱜ ᱜᱚᱪ ᱛᱟᱞᱟᱛᱮ ᱾
गिनती: तीन।	ᱞᱮᱠᱷᱟ: ᱯᱮ।
यह एक 60.6 सेंटीमीटर (154 सेमी) संपूर्ण दो क्लीकंड और 32 वर्ग सेंटीमीटर (81 सेमी) टीवी मॉनीटर है, एक टंटीला स्नान के साथ, एक 82-10 सेंटीमीटर (10 सेंटीमीटर), जो कमरे में एक डबल बिस्तर भी शामिल है, जो 27 सेमी, और टीवी की एक निगरानी भी शामिल है.	ᱱᱤᱭᱟᱹ ᱫᱚ ᱡᱤᱨᱟᱹᱣ ᱚᱲᱟᱜᱽᱨᱮ ᱢᱤᱫᱴᱟᱝ ᱖᱐ᱹ᱖ ᱤᱧᱪᱤ (᱑᱕᱔ ᱥᱮᱢᱤ) ᱚᱥᱟᱨ ᱵᱟᱨᱦᱚᱲ ᱫᱩᱲᱩᱵᱞᱮᱠᱟ ᱴᱮᱸᱰᱟᱨᱚᱜ ᱥᱳᱯᱷᱟ ᱟᱨ ᱓᱒ ᱤᱧᱪᱤ (᱘᱑ ᱥᱮᱢᱤ) ᱴᱤᱵᱤ ᱢᱚᱱᱤᱴᱟᱨ ᱞᱮᱠᱟᱱᱟᱜ; ᱥᱟᱣᱟᱨ ᱥᱟᱶ ᱡᱚᱯᱚᱲᱟᱣ ᱢᱤᱫᱴᱟᱝ ᱛᱚᱯᱚᱱᱚᱲᱟᱜ; ᱜᱤᱛᱤᱡᱽ ᱚᱲᱟᱜᱨᱮ ᱢᱤᱫᱴᱟᱝ ᱘᱒ ᱤᱧᱪᱤ (᱒᱑᱐ ᱥᱮᱢᱤ) ᱡᱤᱞᱤᱧ, ᱔᱗ᱹ᱕ ᱤᱧᱪᱤ (᱑᱒᱑ ᱥᱮᱢᱤ) ᱚᱥᱟᱨ ᱵᱟᱨᱦᱚᱲᱟᱜ ᱜᱤᱛᱤᱡᱽᱟᱜ, ᱡᱟᱦᱟᱸᱨᱮ ᱢᱤᱫᱴᱟᱝ ᱒᱗ ᱤᱧᱪᱤ (᱖᱙ ᱥᱮᱢᱤ) ᱴᱤᱵᱤ ᱢᱚᱱᱤᱴᱟᱨ ᱟᱨ ᱢᱤᱫᱦᱚᱲ ᱱᱤᱡᱟᱹ ᱠᱷᱟᱱᱥᱟᱢᱟ ᱦᱚᱸ ᱢᱮᱱᱟᱜᱼᱟ ᱾
खंड विभिन्‍न हथियारों के साथ किए गए कार्यों या कार्यों के नामों की सूची देने के द्वारा समाप्त होता है, जिनमें 32 स्थितिएं हैं तलवार और ढाल के साथ पकड़े जाने के लिए; युद्ध में रस्सी का उपयोग करने के लिए 11 तकनीकों के लिए, 5 ऑपरेशनों के बारे में एक रस्सी के रूप में काम करता है, शक्ति के रूप में काम करता है (युद्ध की सूची), भाला (युद्ध, gociogagacio), gagagagagam, gagaga), gogagagag, fagagagag, fagagagaga, fagagagagagagag, या agagagagagagagaga), या hot.	ᱛᱟᱨᱣᱟᱲᱤ ᱟᱨ ᱯᱷᱤᱨᱤ (ᱠᱷᱚᱜᱪᱚᱨᱢᱚᱵᱤᱫᱷᱟᱣ) ᱤᱫᱤ ᱠᱟᱛᱮᱜ ᱓᱒ ᱞᱮᱠᱟᱱ ᱵᱷᱩᱸᱜᱤᱛᱨ; ᱞᱟᱹᱲᱦᱟᱹᱭ ᱨᱮᱭᱟᱜ ᱢᱤᱫᱴᱟᱝ ᱵᱟᱵᱮᱨ ᱵᱮᱣᱦᱟᱨ ᱨᱮᱭᱟᱜ ᱑᱑ ᱴᱤ ᱦᱚᱨᱟ, ᱵᱟᱵᱮᱨ ᱪᱟᱞᱟᱣ ᱨᱮᱭᱟᱜ ᱕ ᱜᱚᱴᱟᱝ ᱠᱟᱹᱢᱤ, ᱪᱚᱠᱨᱚᱱ ( ᱞᱟᱹᱲᱦᱟᱹᱭ ᱴᱷᱟᱶ ) ᱤᱫᱤ ᱠᱟᱛᱮᱜ ᱠᱟᱹᱢᱤᱭᱟᱱ ᱛᱟᱹᱞᱤᱠᱟ, ᱵᱚᱨᱞᱚᱝ, ᱛᱳᱢᱚᱨ ( ᱢᱮᱲᱦᱮᱫ ᱴᱷᱮᱸᱜᱟ ), ᱢᱩᱸᱜᱟᱹᱨ, ᱴᱮᱸᱜᱚᱪᱽ, ᱦᱟᱹᱛᱩᱲᱤ, ᱵᱷᱤᱱᱫᱤᱯᱞᱚ ᱥᱮ ᱞᱚᱜᱩᱲ,ᱵᱚᱡᱨᱚ, ᱪᱷᱩᱨᱤ, ᱜᱩᱞᱟᱹᱞ ᱟᱨ ᱢᱤᱫᱴᱟᱝ ᱢᱩᱸᱜᱟᱹᱨ ᱥᱮ ᱴᱷᱮᱸᱜᱟ ᱥᱟᱶᱛᱮ ᱟᱭᱢᱟ ᱦᱟᱹᱛᱭᱟᱹᱨ ᱛᱟᱞᱟᱛᱮ ᱦᱩᱭ ᱫᱟᱲᱮᱭᱟᱜ ᱠᱟᱹᱢᱤ ᱨᱮᱭᱟᱜ ᱛᱟᱹᱞᱤᱠᱟ ᱮᱢ ᱠᱟᱛᱮᱜ ᱦᱤᱸᱥᱛᱮᱫ ᱪᱟᱵᱟᱜᱼᱟ ᱾
आपकी कमीज पर सांभर का दाग लगा है और आपकी पैंट पर कुछ चटनी लगी है।	ᱟᱢᱟᱜ ᱟᱸᱜᱨᱚᱯ ᱫᱚ ᱥᱟᱢᱵᱷᱟᱨ ᱛᱮ ᱫᱟᱜ ᱟᱠᱟᱱᱼᱟ ᱟᱨ ᱟᱢᱟᱜ ᱯᱮᱱᱴ ᱨᱮ ᱠᱤᱪᱷᱩ ᱪᱟᱹᱴᱱᱤ ᱞᱟᱜᱟᱣ ᱟᱠᱟᱱᱟ ᱾
कई मामलों में, डेटा इसलिए संग्रहीत किया जाता है ताकि इसका बाद में उपयोग किया जा सके।	ᱟᱭᱢᱟ ᱚᱠᱛᱚ ᱨᱮᱜᱮ, ᱰᱟᱴᱟ ᱫᱚ ᱡᱚᱜᱟᱣ ᱫᱚᱦᱚᱭ ᱦᱩᱭᱩᱜᱼᱟ ᱡᱟᱦᱟ ᱛᱮᱫᱚ ᱛᱟᱭᱚᱢᱛᱮ ᱵᱮᱵᱚᱦᱟᱨ ᱦᱩᱭ ᱫᱟᱲᱮᱭᱟᱜᱼᱟ ᱾
34 प्रतिशत लोग इस दृष्टिकोण में हिस्सा लेते हैं, रानी एलिजाबेथ द्वितीय ऑस्ट्रेलिया के आख़िरी राजा होने के लिए चाहते हैं.	ᱥᱟᱹᱨᱣᱟᱹᱠᱷᱚᱭᱚᱱ ᱨᱮ ᱥᱮᱢᱞᱮᱫ ᱓᱔ ᱥᱚᱛ ᱱᱟᱶᱟ ᱵᱤᱪᱟᱹᱨ ᱠᱚ ᱵᱩᱡᱷᱟᱹᱣ ᱮᱫᱼᱟ, ᱚᱠᱚᱭ ᱪᱟᱦᱟᱸᱣ ᱮᱫ ᱟ ᱠᱚ ᱡᱮ ᱢᱟᱹᱦᱟᱨᱟᱱᱤ ᱮᱞᱤᱞᱮᱵᱤᱛ ᱫᱚᱥᱟᱨ ᱚᱥᱴᱨᱮᱞᱤᱭᱟ ᱨᱤᱱᱤᱡ ᱢᱤᱪᱟᱹᱫ ᱥᱚᱢᱨᱟᱴ ᱛᱟᱦᱮᱸᱱ ᱢᱟᱸ᱾
वह केवल 5 फीट का है लेकिन उसने हवा में ऊंची छलांग लगाई और बास्केटबॉल हूप के रिम को छू लिया।	ᱩᱱᱤ ᱫᱚ ᱮᱠᱮᱱ ᱕ ᱯᱷᱩᱴ ᱥᱩᱢᱩᱝᱼᱮ ᱩᱥᱩᱞᱼᱟ ᱾ ᱢᱮᱱᱠᱷᱟᱱ ᱩᱱᱤ ᱫᱚ ᱦᱚᱭᱨᱮ ᱞᱟᱯᱷᱟᱝᱨᱮ ᱫᱚᱱ ᱠᱟᱛᱮᱫ ᱵᱟᱥᱠᱮᱴᱵᱚᱞ ᱦᱩᱯ ᱨᱮᱭᱟᱜ ᱨᱤᱝᱼᱮ ᱡᱚᱴᱮᱫᱼᱟ ᱾
हैकर डेटा को करप्ट भी कर सकते हैं, चाहे वह गलती से हो या जानबूझकर।	ᱦᱮᱠᱟᱨ ᱠᱚᱦᱚᱸ ᱰᱮᱴᱟ ᱠᱚ ᱱᱚᱥᱴᱚ ᱫᱟᱲᱮᱭᱟᱜᱼᱟ, ᱚᱱᱟ ᱫᱚ ᱵᱟᱹᱲᱤᱡ ᱜᱷᱚᱴᱚᱱ ᱞᱮᱠᱟᱛᱮ ᱥᱮ ᱥᱟᱱᱟ ᱞᱮᱠᱟᱛᱮ ᱦᱚᱸ ᱦᱩᱭ ᱰᱟᱲᱮᱭᱟᱜᱼᱟ ᱾
इंटरनेट पर लोगों को गोपनीयता चाहने के कई कारण होते हैं।	ᱤᱱᱴᱟᱨᱱᱮᱴ ᱨᱮ ᱦᱚᱲ ᱩᱠᱩᱭ ᱠᱚ ᱠᱷᱚᱡᱼᱟ ᱚᱱᱟ ᱨᱮᱭᱟᱜ ᱟᱭᱢᱟ ᱚᱡᱮ ᱢᱮᱱᱟᱜᱼᱟ ᱾
यह परिवार ईस्ट लॉस एंजिल्स, कैलिफोर्निया, यूएसए में रहता था।	ᱜᱷᱟᱸᱨᱚᱡᱽ ᱫᱚ ᱢᱟᱨᱠᱤᱱ ᱡᱩᱠᱛᱚᱨᱟᱥᱴᱨᱚ ᱨᱮᱭᱟᱜ ᱠᱮᱹᱞᱤᱯᱷᱳᱨᱱᱤᱭᱟ ᱨᱮᱭᱟᱜ ᱯᱩᱨᱩᱵᱽ ᱞᱚᱥ ᱮᱹᱧᱡᱮᱞᱮᱥ ᱨᱮᱠᱚ ᱛᱟᱦᱮᱱ ᱛᱟᱦᱮᱸ ᱾
ᱯᱮ	तीन
तेतीस	ᱯᱮ ᱜᱮᱞ ᱯᱮ
कुछ सरकारों के पास ऐसी एजेंसियां हैं जो कंप्यूटर अपराधों से निपटती हैं।	ᱠᱤᱪᱷᱩ ᱥᱚᱨᱠᱟᱨ ᱨᱮᱱ ᱮᱡᱮᱱᱥᱤ ᱢᱮᱱᱟᱜ ᱠᱚᱣᱟ ᱡᱟᱦᱟᱸᱭ ᱫᱚ ᱠᱚᱢᱯᱤᱭᱩᱴᱟᱨ ᱠᱟᱹᱭ ᱥᱟᱶ ᱠᱚ ᱠᱟᱹᱢᱤᱭᱟ ᱾
मैं उम्मीद कर रहा था कि आप अपने कुछ बर्तन की सिफारिश कर सकते हैं.	ᱤᱧ ᱟᱥᱚᱜ ᱠᱟᱱᱟᱹᱧ ᱡᱮ ᱟᱢ ᱟᱢᱟᱜ ᱡᱚᱢᱟᱜ ᱨᱮᱭᱟᱜ ᱠᱤᱪᱷᱤᱢ ᱞᱟᱹᱭ ᱫᱟᱲᱮᱭᱟᱜᱼᱟ ᱾
साववास सावोपौलोस अमेरिकन आयरन वर्क्स के सीईओ और अध्यक्ष थे।	ᱥᱟᱵᱷᱟᱥ ᱥᱟᱵᱷᱳᱯᱳᱞᱳᱥ ᱫᱚ ᱟᱢᱮᱨᱤᱠᱟᱱ ᱟᱭᱨᱚᱱ ᱨᱮᱱ ᱳᱣᱟᱨᱠᱥ ᱨᱮᱱ ᱥᱤ ᱤ ᱳ ᱟᱨ ᱯᱨᱮᱥᱤᱰᱮᱱᱴ ᱮ ᱛᱟᱦᱮᱸ ᱠᱟᱱᱟ ᱾
एल्विन, टेक्सास: एल्विन अमेरिकी राज्य टेक्सास का एक शहर है।	ᱮᱹᱞᱵᱷᱤᱱ, ᱴᱮᱠᱥᱟᱥ ᱮᱹᱞᱵᱷᱤᱱ ᱫᱚ ᱢᱟᱨᱠᱤᱱ ᱡᱩᱠᱛᱚᱨᱟᱥᱴᱨᱚ ᱨᱮᱭᱟᱜ ᱴᱮᱠᱥᱟᱥ ᱯᱚᱱᱚᱛ ᱨᱮᱭᱟᱜ ᱢᱤᱫᱴᱟᱝ ᱥᱟᱦᱟᱨ ᱾
कानाका में, 7वीं और 8 वीं सदी के मंदिरों के समूह में, जो कि बाद में उत्तर और दक्षिण दोनों के साथ जुड़े हुए हैं, जो अभी भी एक पिखाई हॉली हॉल की योजनाओं में शामिल हैं।	ᱠᱚᱨᱱᱟᱴᱚᱠ, ᱗ ᱟᱨ ᱘ ᱥᱚᱛᱟᱵᱫᱤ ᱯᱚᱴᱴᱟᱰᱟᱠᱟᱞ ᱨᱮᱭᱟᱜ ᱢᱩᱱᱫᱤᱞ ᱠᱚ, ᱜᱚᱢᱵᱩᱡ ᱜᱚᱲᱦᱚᱱ ᱪᱷᱟᱫᱨᱮ ᱪᱮᱛᱟ ᱠᱩᱴᱨᱤ ᱞᱮᱠᱟᱱ ᱩᱭᱦᱟᱹᱨ ᱵᱷᱟᱵᱱᱟ ᱢᱮᱱᱟᱜᱼᱟ ᱨᱮᱦᱚᱸ ᱟᱭᱥᱳᱞ ᱞᱮᱠᱟᱱ, ᱛᱟᱭᱚᱢᱵ ᱫᱟᱨᱟᱢ ᱩᱛᱛᱚᱨ ᱟᱨ ᱫᱚᱠᱠᱷᱤᱱ ᱵᱟᱱᱟᱨ ᱥᱟᱶ ᱥᱟᱹᱜᱟᱹᱭ ᱧᱩᱢ ᱟᱱ ᱛᱚᱞᱚᱞ ᱥᱟᱹᱜᱟᱹᱭ ᱦᱩᱭᱩᱜᱼᱟ᱾
विश्‍वमंडल में जो कुछ होता है, वह सब कुछ होता है ।	ᱵᱽᱨᱟᱦᱢᱟᱱᱰ ᱨᱮ ᱥᱟᱱᱟᱢ ᱡᱤᱱᱤᱥ ᱜᱮ ᱢᱮᱴᱟᱨ ᱛᱮ ᱵᱟᱱᱟᱣ ᱟᱠᱟᱱᱟ᱾ ᱥᱟᱱᱟᱢ ᱢᱮᱴᱟᱨ ᱜᱮ ᱠᱟᱹᱴᱤᱡᱼᱠᱟᱹᱴᱤᱡ ᱢᱚᱞᱥ ᱛᱮ ᱵᱟᱱᱟᱣ ᱟᱠᱟᱱ ᱡᱟᱦᱟᱸ ᱫᱚ ᱢᱚᱞᱮᱠᱭᱩᱞᱥ ᱠᱚ ᱢᱮᱛᱟᱜ ᱠᱟᱱᱟ᱾
शेर सबसे बड़े झुंड में रहते हैं, जिन्हें गर्व कहा जाता है ।	ᱠᱩᱞ ᱠᱚᱫᱚ ᱟᱹᱰᱤ ᱥᱟᱶᱛᱟ ᱯᱩᱥᱤ ᱠᱟᱱᱟ ᱠᱚ, ᱱᱩᱠᱩ ᱫᱚ ᱢᱤᱻᱢᱤᱫ ᱫᱚᱞ ᱨᱮᱠᱚ ᱛᱟᱦᱮᱱᱟ ᱚᱱᱟ ᱫᱚ ᱜᱚᱨᱚᱵᱽ ᱠᱚ ᱢᱮᱛᱟᱜᱼᱟ᱾
मेरे पास दस केला हैं।	ᱤᱧ ᱴᱷᱮᱱ ᱜᱮᱞ ᱜᱚᱴᱟᱝ ᱠᱮᱞᱟ ᱢᱮᱱᱟᱜᱼᱟ ᱠᱚᱣᱟ।
मुझे यकीन नहीं है कि एक लेने के लिए.	ᱚᱠᱟᱴᱟᱜ ᱦᱟᱛᱟᱣ ᱦᱩᱭᱩᱜ ᱛᱤᱧᱟᱹ ᱤᱧ ᱵᱟᱹᱧ ᱴᱷᱤᱠᱟᱹ ᱟᱠᱟᱫᱟ ᱾
मेघना, वह मुझे वापस दो। वह मेरा है!	ᱢᱮᱜᱷᱱᱟ, ᱚᱱᱟ ᱮᱢ ᱨᱩᱣᱟᱹᱲᱟᱹᱧ ᱢᱮ ᱾ ᱚᱱᱟ ᱫᱚ ᱤᱧᱟᱜ ᱠᱟᱱᱟ !
यह जो भी है, यह अपनी तस्वीर होना चाहिए.	ᱡᱟᱦᱟᱸᱜᱮ ᱦᱩᱭᱩᱜ ᱥᱮ ᱵᱟᱝ, ᱚᱱᱟᱨᱮ ᱟᱢᱟᱜ ᱪᱤᱛᱟᱹᱨ ᱛᱟᱦᱮᱸᱱ ᱦᱩᱭᱩᱜ ᱛᱟᱢᱟ ᱾
सीधे आगे बढ़ें	ᱥᱤᱫᱷᱟᱹ ᱞᱟᱦᱟ ᱥᱮᱱᱚᱜ ᱢᱮ
मेरा बीमा दावा खारिज कर दिया गया क्योंकि अस्पताल ने मेरे प्रतिपूर्ति दस्तावेजों में गड़बड़ी कर दी थी।	ᱤᱧᱟᱹᱜ ᱵᱤᱢᱟᱹ ᱨᱮᱭᱟᱜ ᱫᱟᱵᱤ ᱵᱟᱹᱛᱤᱞ ᱦᱩᱭ ᱞᱮᱱᱟ ᱪᱮᱫᱟᱜ ᱥᱮ ᱦᱟᱥᱯᱟᱛᱟᱞ ᱫᱚ ᱤᱧᱟᱹᱜ ᱮᱱᱮᱢ ᱱᱚᱛᱷᱤᱨᱮ ᱜᱳᱞᱢᱟᱞ ᱟᱠᱟᱫᱟ ᱾
इस खेल को पुराने ज़माने के खिलाड़ियों के खेलों में आम तौर पर बनाया गया था ।	ᱢᱩᱲᱩᱫ ᱞᱮᱠᱟᱛᱮ ᱢᱤᱱᱴᱳᱱᱮᱴ ᱨᱮᱭᱟᱜ ᱧᱩᱛᱩᱢ ᱠᱚᱨᱟᱣ ᱦᱩᱭᱟᱠᱟᱢᱟ, ᱱᱚᱶᱟ ᱫᱚ ᱩᱢᱮᱨᱟᱱ ᱠᱷᱮᱞᱚᱸᱰᱤᱭᱟᱹᱠᱚ ᱞᱟᱹᱜᱤᱫ ᱢᱤᱫ ᱟᱞᱜᱟ ᱠᱷᱮᱞᱚᱸᱰ ᱞᱮᱠᱟᱛᱮ ᱵᱮᱱᱟᱣ ᱦᱩᱭᱞᱮᱱᱟ ᱡᱟᱸᱦᱟᱨᱮ ᱩᱱᱠᱩᱫᱚ ᱵᱚᱞᱛᱮᱫ ᱦᱚᱭᱨᱮ ᱫᱚᱦᱚ ᱠᱟᱛᱮᱜ ᱠᱤᱪᱷᱤ ᱮᱛᱷᱞᱮᱴᱤᱠ ᱟᱜ ᱨᱤᱠᱟᱹᱛᱮ ᱪᱟᱞᱟᱣ ᱦᱩᱭᱞᱮᱱᱟ ᱾
मैंने तुमसे अपने फोन को लेकर ज्यादा सावधान रहने को कहा था। अब तुमने किसी यूपीआई धोखाधड़ी के कारण 10000 रुपये गंवा दिए हैं।	ᱤᱧ ᱫᱚ ᱟᱢ ᱯᱷᱳᱱ ᱵᱟᱨᱮᱛᱮ ᱟᱨᱦᱚᱸ ᱥᱚᱱᱛᱚᱨ ᱛᱟᱦᱮᱸᱱᱤᱧ ᱢᱮᱱ ᱟᱠᱟᱫ ᱢᱮᱭᱟ ᱾ ᱱᱤᱛᱚᱜ ᱟᱢ ᱫᱚ ᱑᱐᱐᱐᱐ ᱠᱟᱹᱣᱰᱤᱢ ᱟᱫ ᱟᱠᱟᱫᱟ ᱠᱤᱪᱷᱩ ᱤᱭᱩᱯᱤᱟᱭ ᱡᱟᱹᱞᱤᱭᱟᱛ ᱠᱷᱟᱹᱛᱤᱨᱛᱮ ᱾
तो अंतिम एक के बारे में क्या?	ᱦᱮᱸ ᱾ ᱟᱫᱚ ᱛᱟᱦᱚᱞᱮ ᱢᱩᱪᱟᱹᱫ ᱨᱮᱭᱟᱜ ᱫᱚ ᱪᱮᱫ ᱵᱮᱯᱟᱨ ?
इस्राएल माँग करता है कि एक बार दस साल तक तराई में एक बार एक समझौता पर हस्ताक्षर किया जाता है जबकि स्वास्थ केवल पाँच साल से ऐसी उपस्थिति को छोड़ना स्वीकार करता है ।	ᱢᱤᱫ ᱨᱟᱡᱤᱱᱟᱢᱟ ᱨᱮ ᱥᱩᱦᱤ ᱚᱠᱛᱚ ᱤᱥᱨᱟᱭᱤᱞ ᱵᱷᱮᱞᱤ ᱨᱮ ᱑᱐ ᱥᱮᱨᱢᱟ ᱞᱟᱹᱜᱤᱫ ᱢᱤᱞᱤᱴᱟᱨᱤ ᱨᱮᱡᱮᱱᱥ-ᱮ ᱠᱷᱚᱡᱚᱜ ᱠᱟᱱᱟ ᱟᱨ ᱯᱤᱹᱮᱹ ᱫᱚ ᱢᱚᱬᱮ ᱥᱮᱨᱢᱟ ᱞᱟᱹᱜᱤᱫ-ᱮ ᱨᱮᱵᱮᱱ ᱠᱟᱱᱟ᱾
जब बिजली चली गई, तो मुझे अपने घर के अंदर कई अजीब आवाजें सुनाई दीं और इससे मुझे डर लगा क्योंकि मैं अकेला था।	ᱡᱚᱠᱷᱚᱱ ᱵᱤᱡᱽᱞᱤ ᱵᱚᱱᱫᱚᱭᱮᱱᱟ, ᱤᱧ ᱤᱧᱟᱹᱜ ᱚᱲᱟᱜ ᱛᱟᱞᱟᱨᱮ ᱟᱭᱢᱟ ᱞᱮᱠᱟᱱ ᱵᱟᱝᱼᱵᱟᱰᱟᱭᱟᱱ ᱥᱟᱰᱮᱧ ᱟᱸᱡᱚᱢ ᱠᱮᱫᱟ ᱟᱨ ᱱᱚᱶᱟ ᱫᱚ ᱤᱧᱮ ᱵᱚᱛᱚᱨ ᱦᱚᱪᱚ ᱟᱠᱟᱫᱤᱧᱟᱹ ᱪᱮᱫᱟᱜ ᱥᱮ ᱤᱧ ᱫᱚ ᱮᱥᱠᱟᱨᱤᱧ ᱛᱟᱦᱮᱸ ᱠᱟᱱᱟ ᱾
फिल्म शैलों में यह विभाजन इसलिए किया जाता है क्योंकि निर्माता और निर्माता फिल्मों को दो मुख्य वर्गों के रूप में होते हुए देखना जारी रखते हैं: आम जनता के लिए फिल्म और फिल्म ।	ᱯᱷᱤᱞᱚᱢ ᱥᱴᱟᱭᱤᱞ ᱨᱮᱭᱟᱜ ᱱᱤᱭᱟᱹ ᱦᱟᱹᱴᱤᱧ ᱫᱚ ᱪᱮᱫᱟᱜ ᱫᱤᱥᱴᱨᱤᱵᱤᱣᱴᱟᱨ ᱟᱨ ᱯᱨᱚᱰᱤᱣᱥᱟᱨ ᱠᱩ ᱵᱟᱨᱮᱭᱟ ᱢᱩᱰᱩᱛ ᱦᱟᱹᱴᱤᱧ ᱢᱤᱫ ᱫᱚᱞ ᱠᱩ ᱞᱟᱹᱜᱤᱫ ᱯᱷᱤᱞᱚᱢ ᱟᱨ ᱥᱟᱫᱷᱟᱨᱚᱱ ᱠᱩ ᱞᱟᱹᱜᱤᱫ ᱯᱷᱤᱞᱚᱢ ᱞᱮᱠᱟᱛᱮ ᱧᱮᱞ ᱤᱫᱤᱭ ᱠᱩ ᱞᱮᱛᱟᱲᱟᱠᱟᱱᱟ ᱾
मेरे पास पंद्रह बकरी हैं।	ᱤᱧ ᱴᱷᱮᱱ ᱜᱮᱞ ᱢᱚᱬᱮ ᱜᱚᱴᱟᱝ ᱵᱚᱠᱨᱟ ᱢᱮᱱᱟᱜᱼᱟ ᱠᱚᱣᱟ।
मैं टिकट कहाँ से खरीद सकता हूँ?	ᱤᱧ ᱚᱠᱟ ᱠᱷᱚᱱ ᱴᱤᱠᱤᱴ ᱠᱤᱨᱤᱧ ᱫᱟᱲᱮᱭᱟᱜᱼᱟᱹᱧ?
चिंता मत करो, आप समय पर सही हैं.	ᱟᱞᱚᱢ ᱵᱷᱟᱹᱵᱤᱫᱚᱜᱽᱼᱟ, ᱟᱢ ᱫᱚ ᱴᱷᱤᱠ ᱚᱠᱛᱚ ᱨᱮᱜᱤᱢ ᱦᱮᱡᱽᱟᱠᱟᱱᱟ ᱾
हालाँकि तीन लोग उस घर के अंदर थे जब कार ने उनका प्रभाव डाला, फिर भी उनमें से कोई भी चोट नहीं पहुँचा ।	ᱠᱟᱨ ᱚᱸᱰᱮ ᱴᱷᱚᱠᱚᱨᱚᱜ ᱚᱠᱛᱚᱨᱮ ᱯᱮ ᱦᱚᱲ ᱚᱱᱟ ᱚᱲᱟᱜ ᱨᱮᱠᱚ ᱛᱟᱦᱮᱸ ᱠᱟᱱᱟ, ᱢᱮᱱᱠᱷᱟᱱ ᱚᱠᱚᱭ ᱦᱚᱸ ᱵᱟᱠᱚ ᱪᱤᱠᱟᱹᱦᱟᱠᱟᱱᱟ᱾
उड़ान अगले 3 घंटे तक उड़ान नहीं भरेगी। इंजन में कुछ समस्या है।	ᱯᱷᱞᱟᱭᱤᱴ ᱫᱚ ᱟᱨᱦᱚᱸ ᱓ ᱴᱟᱲᱟᱝ ᱞᱟᱹᱜᱤᱫ ᱵᱟᱝ ᱩᱰᱟᱹᱜᱼᱟ ᱾ ᱤᱸᱡᱤᱱ ᱨᱮ ᱠᱤᱪᱷᱩ ᱮᱴᱠᱮᱴᱚᱬᱮ ᱢᱮᱱᱟᱜᱼᱟ ᱾
यह जनसंख्या के हिसाब से सबसे छोटा और क्षेत्रफल के हिसाब से दूसरा सबसे छोटा केंटन है।	ᱱᱚᱶᱟ ᱫᱚ ᱦᱚᱲ ᱮᱞ ᱥᱮᱫ ᱠᱷᱚᱱ ᱡᱚᱛᱚᱠᱷᱚᱱ ᱦᱩᱰᱤᱧ ᱠᱮᱹᱱᱴᱚᱱ ᱟᱨ ᱯᱟᱥᱱᱟᱣ ᱥᱮᱫ ᱞᱮᱠᱟᱛᱮᱫᱚ ᱫᱚᱥᱟᱨ ᱡᱚᱛᱚ ᱠᱷᱚᱱ ᱦᱩᱰᱤᱧ ᱾
यह एक बहुत रंगीन प्रदर्शन है.	ᱱᱳᱣᱟ ᱫᱚ ᱟᱹᱰᱤ ᱨᱚᱝᱟᱱ ᱩᱫᱩᱜᱽᱥᱚᱫᱚᱨ ᱜᱤ ᱾
मैं अपने चार दोस्तों को भी लाने की योजना बना रहा हूँ.	ᱤᱧ ᱤᱧᱨᱮᱱ ᱯᱳᱱᱭᱟ ᱜᱟᱛᱮᱠᱚ ᱟᱹᱜᱩ ᱨᱮᱭᱟᱜ ᱤᱧ ᱩᱭᱦᱟᱹᱨᱮᱫᱟ ᱿
मैं इसे ले लूँगा	ᱤᱧ ᱱᱚᱣᱟᱧ ᱦᱟᱛᱟᱣᱟ
बौद्ध धर्म की एक और रस्म जिसमें बौद्ध जीवन की पौराणिक कथा - कथा सम्मिलित है, एक बौद्ध छवि के संस्कार की रस्म है ।	ᱡᱟᱦᱟᱸᱱ ᱵᱩᱫᱫᱷᱚ ᱢᱩᱨᱛᱤ ᱨᱮᱭᱟᱜ ᱛᱷᱟᱯᱚᱱ ᱨᱮᱭᱟᱜ ᱨᱟᱹᱭᱨᱤᱛ ᱫᱚ ᱦᱩᱭᱩᱜᱽᱠᱟᱱᱟ ᱵᱩᱫᱫᱷᱚᱣᱟᱜ ᱡᱤᱭᱚᱱᱵᱟᱵᱚᱫ ᱟᱸᱡᱚᱢ ᱨᱮᱱᱟᱜ ᱫᱚᱦᱲᱟᱼᱵᱟᱹᱦᱞᱤ ᱥᱟᱶ ᱡᱚᱯᱚᱲᱟᱣ ᱟᱨ ᱢᱤᱫᱴᱟᱝ ᱵᱩᱫᱫᱷᱚ ᱨᱟᱹᱭᱨᱤᱛ ᱾
मेरे पास बीस केला हैं।	ᱤᱧ ᱴᱷᱮᱱ ᱠᱩᱲᱤ ᱜᱚᱴᱟᱝ ᱠᱮᱞᱟ ᱢᱮᱱᱟᱜᱼᱟ ᱠᱚᱣᱟ।
ऑस्ट्रेलियाई के लिए, 'कादमी सफेद' कॉफी का विचार विदेशी है. एक छोटी काली काली है', सेप्पो कोपीनो (नहीं के साथ), और चाय को दूध के बिना अधिक प्रदान किया जाता है.	ᱚᱥᱴᱨᱮᱞᱤᱭᱟ ᱨᱤᱱ ᱦᱚᱲ ᱠᱚ ᱞᱟᱹᱜᱤᱫ, 'ᱪᱟᱯᱴᱟ ᱯᱩᱸᱰ' ᱠᱚᱯᱷᱤ ᱨᱮᱭᱟᱜ ᱵᱤᱪᱟᱹᱨ ᱣᱤᱫᱮᱥᱤ ᱠᱟᱱᱟ᱾ ᱢᱤᱫᱴᱟᱹᱝ ᱦᱚᱯᱚᱱ ᱦᱮᱸᱫᱮ 'ᱮᱠᱥᱯᱨᱮᱥᱚ' ᱠᱟᱱᱟ, ᱠᱮᱯᱪᱤᱱᱚ ᱠᱨᱤᱢ (ᱯᱨᱟᱛᱷ ᱵᱟᱝᱟ) ᱥᱟᱶᱛᱮ ᱢᱟᱨᱟᱝ ᱧᱚᱜ ᱦᱟᱹᱡᱩᱜ ᱠᱟᱱᱟ, ᱟᱨ ᱪᱟ ᱛᱚᱣᱟ ᱵᱮᱜᱚᱨ ᱮᱢ ᱜᱟᱱᱚᱜᱼᱟ᱾
25 फरवरी, 1986 को सुरक्षा पुलिस ने खलबली मचानी शुरू कर दी ।	᱒᱕ ᱯᱷᱮᱵᱨᱩᱣᱟᱨᱤ ᱑᱙᱘᱖ᱼᱨᱮ, ᱨᱩᱠᱷᱤᱭᱟᱹᱣ ᱯᱩᱞᱤᱥ ᱠᱚᱣᱟᱜ ᱞᱟᱹᱲᱦᱟᱹᱭ, ᱱᱚᱶᱟ ᱟᱹᱣᱲᱤ ᱠᱟᱛᱦᱟ ᱵᱤᱨᱩᱫᱷᱨᱮ ᱡᱟᱸᱜᱮ ᱫᱟᱨᱟᱢ ᱠᱚ ᱮᱦᱚᱵ ᱠᱮᱫᱟ ᱡᱮ ᱟᱠᱚᱣᱟᱜ ᱠᱟᱹᱢᱤ ᱨᱮᱭᱟᱜ ᱚᱠᱛᱚ ᱓ ᱠᱷᱚᱱ ᱔ ᱥᱮᱨᱢᱟ ᱵᱟᱹᱲᱛᱤᱭ ᱦᱩᱭᱩᱜᱼᱟ ᱾
श्‍वेत कण बिना बिजली के खाली जगह में निर्माण कर सकते हैं ।	ᱵᱚᱱᱫᱷᱚ ᱡᱟᱭᱜᱟ ᱨᱮᱭᱟᱜ ᱠᱚᱢᱜᱟᱱ ᱦᱚᱭ ᱪᱟᱞᱟᱜᱦᱮᱡᱩᱜ ᱠᱷᱟᱹᱛᱤᱨ ᱩᱰᱩᱠᱚᱜ ᱠᱟᱱ ᱥᱟᱸᱦᱮᱫ ᱨᱮᱭᱟᱜ ᱠᱚᱱᱟ ᱯᱮᱨᱮᱡ ᱦᱩᱭ ᱫᱟᱲᱮᱭᱟᱜᱼᱟ ᱾
क्या यह नकदी अस्पतालीकरण सुविधा पेश करता है?	ᱱᱚᱶᱟᱫᱚ ᱪᱮᱫ ᱵᱮᱜᱚᱨ ᱯᱩᱭᱥᱟᱹᱛᱮ ᱦᱟᱥᱯᱟᱛᱟᱞᱨᱮ ᱥᱩᱵᱤᱰᱟᱭ ᱮᱢᱚᱜᱼᱟ ?
वाद - विवाद संसार की बुद्धि की एक पुस्तक है जो पक्षियों, जानवरों और मनुष्यों के ज़रिए प्रस्तुत की गयी है ।	ᱦᱤᱛᱳᱯᱚᱫᱮᱥ ᱫᱚ ᱡᱮᱜᱮᱫ ᱜᱮᱭᱟᱱ ᱨᱮᱭᱟᱜ ᱢᱤᱫ ᱯᱚᱛᱚᱵ ᱡᱟᱸᱦᱟ ᱫᱚ ᱪᱮᱬᱮ, ᱡᱟᱱᱣᱟᱨ ᱟᱨ ᱢᱟᱹᱱᱢᱤ ᱠᱚᱣᱟᱜ ᱪᱩᱨᱤᱛ ᱛᱟᱞᱟᱛᱮᱭ ᱩᱫᱩᱜ ᱥᱚᱫᱚᱨᱟ ᱾
किराएदार ने अपना बिजली का बिल खोला और 5 मिनट तक अविश्वास से उसे देखता रहा क्योंकि वह उसकी उम्मीद से आधा था।	ᱵᱷᱟᱲᱟ ᱦᱟᱛᱟᱣᱤᱡ ᱫᱚ ᱟᱡᱟᱜ ᱵᱤᱡᱞᱤ ᱨᱮᱭᱟᱜ ᱵᱤᱞ ᱚᱴᱟᱜ ᱠᱟᱛᱮᱫ ᱕ ᱴᱤᱲᱤᱡ ᱵᱟᱝ ᱯᱟᱹᱛᱭᱟᱹᱣ ᱥᱟᱞᱟᱜᱼᱮ ᱠᱚᱭᱚᱜ ᱠᱮᱫᱟ ᱪᱮᱫᱟᱜ ᱥᱮ ᱚᱱᱟ ᱫᱚ ᱟᱭᱟᱜ ᱟᱥ ᱨᱮᱭᱟᱜ ᱠᱷᱚᱱ ᱦᱚᱸ ᱵᱟᱨᱟᱵᱟᱹᱨᱤ ᱜᱮ ᱛᱟᱦᱮᱸᱠᱟᱱᱟ ᱾
मैं फिर कभी भिखारियों के लिए खाना नहीं खरीदने जा रहा हूँ क्योंकि वे इसकी कद्र नहीं करते।	ᱤᱧ ᱟᱨ ᱛᱤᱥ ᱦᱚᱸ ᱠᱚᱠᱚᱭ ᱦᱚᱲ ᱠᱚ ᱞᱟᱹᱜᱤᱫ ᱡᱚᱢᱟᱜ ᱵᱟᱹᱧ ᱠᱤᱨᱤᱧᱼᱟ  ᱚᱡᱮ ᱫᱚ ᱩᱱᱠᱚ ᱱᱚᱣᱟ ᱨᱮᱭᱟᱜ ᱵᱟᱝ ᱠᱚ ᱥᱟᱨᱦᱟᱣᱼᱟ ᱾
यह शहर 1853 में 3 छोटे शहरों के रूप में स्थापित किया गया था।	ᱥᱟᱦᱟᱨ ᱫᱚ ᱑᱘᱕᱓ ᱥᱟᱞ ᱨᱮ ᱯᱮᱭᱟ ᱦᱩᱰᱤᱧ ᱥᱟᱦᱟᱨ ᱞᱮᱠᱟᱛᱮ ᱛᱷᱟᱯᱚᱱ ᱞᱮᱱᱟ ᱾
नामीबिया के राष्ट्रपति और संसद चुनावों के अंतिम परिणाम दिखाते हैं कि इस आधारभूत राष्ट्रपति, हाइकिइक पोम्पबा, एक बड़े हाशिया द्वारा फिर से चयनित किया गया है।	ᱱᱟᱢᱤᱵᱤᱭᱟ ᱨᱤᱱ ᱯᱟᱨᱥᱮᱛ ᱟᱨ ᱥᱚᱸᱥᱫᱤᱭᱚ ᱵᱟᱪᱷᱱᱟᱣ ᱨᱮ ᱢᱩᱪᱟᱹᱫ ᱚᱨᱥᱚᱝ ᱨᱮ ᱥᱚᱸᱠᱮᱛ ᱮᱢ ᱮᱱᱟ ᱡᱮ ᱢᱮᱱᱟᱜ ᱟᱠᱟᱫᱮ ᱯᱟᱨᱥᱮᱛ, ᱦᱤᱯᱷᱤᱠᱮᱯᱩᱱᱮ ᱯᱚᱦᱟᱸᱵᱟ ᱨᱮ ᱢᱟᱨᱟᱝ ᱵᱷᱮᱜᱟᱨ ᱨᱮ ᱫᱚᱦᱲᱟ ᱛᱮ ᱵᱟᱪᱷᱟᱣ ᱦᱩᱭᱮᱱᱟ᱾
एक और महत्वपूर्ण UNTCoconcute के रेडियो संग्रह के बारे में रिपोर्ट किया गया है... ... Hactoctoctoctoctoctoctociociocitos (अब तक कैंसर) के उपचार के लिए, जहां रेडियो ने विशिष्ट आकार या रेडियो के माइक्रोस्कोप के विशिष्ट आकार या रेडियो-विश्‍व्‍व्‍प (एक बहुत विशाल द्रव - trociociolioliols) से लिपीव - spiociocates (एक तेल से लिपीवल - ster) लिपीिली तेल से लिपोनिक तेल का निर्माण कर रहे हैं के माध्यम से बनाया जाता है।	ᱛᱷᱮᱨᱟᱯᱤᱭᱴᱤᱠ ᱨᱮᱰᱤᱭᱳᱯᱷᱟᱨᱢᱟᱠᱤᱭᱩᱴᱤᱠᱟᱞ ᱨᱮᱭᱟᱜ ᱮᱴᱟᱜ ᱞᱟᱹᱜᱛᱤᱭᱟᱱᱟᱜ ᱞᱳᱠᱳᱼᱛᱷᱟᱹᱱᱤᱠ ᱥᱟᱥᱚᱱᱠᱟᱹᱨᱤ ᱫᱚ ᱨᱤᱯᱳᱴᱟᱠᱟᱱᱟ ᱦᱮᱯᱟᱴᱳᱥᱮᱞᱩᱞᱟᱨ ᱠᱟᱨᱥᱤᱱᱳᱢᱟ (ᱞᱤᱵᱷᱟᱨ ᱠᱮᱱᱥᱟᱨ) ᱴᱤᱠᱤᱪᱪᱷᱟ ᱞᱟᱹᱜᱤᱫ, ᱡᱟᱦᱟᱸ ᱨᱮ ᱴᱷᱤᱠᱟᱹ ᱥᱟᱹᱦᱤᱛ ᱥᱟᱭᱤᱡ ᱥᱮ ᱨᱮᱰᱤᱭᱳᱞᱮᱵᱮᱞ ᱞᱤᱯᱤᱭᱳᱰᱚᱞ (ᱯᱚᱯᱯᱤ ᱡᱟᱝ ᱥᱩᱱᱩᱢ ᱠᱷᱚᱱ ᱚᱰᱚᱠ ᱟᱠᱟᱱ ᱯᱷᱮᱴᱤ ᱮᱥᱤᱰ ᱨᱮᱭᱟᱜ ᱟᱹᱰᱤ ᱰᱷᱮᱨ ᱟᱴᱷᱟᱣᱟᱱᱟᱜ ᱞᱮᱦᱮᱼᱤᱛᱷᱟᱭᱤᱞ ᱮᱥᱴᱮᱨ) ᱨᱮᱭᱟᱜ ᱨᱮᱰᱤᱭᱳᱞᱮᱵᱮᱞ ᱢᱟᱭᱠᱨᱳᱼᱥᱯᱷᱮᱨ ᱫᱚ ᱨᱩᱜᱤᱭᱟᱜ ᱦᱮᱯᱟᱴᱤᱠ ᱟᱨᱴᱮᱨᱤ ᱦᱚᱛᱮᱛᱮ ᱯᱟᱹᱴᱤ ᱟᱫᱮᱨᱚᱜ ᱠᱟᱱᱟ ᱾
जबकि यह आम तौर पर तटीय क्षेत्रों और छोटे - से भू - दृश्‍य - क्षेत्र के साथ जोड़ा जाता है, आम तौर पर प्रशांत महासागर में और बड़े - बड़े वुवीय मैदानों में होता है ।	ᱛᱤᱱᱨᱮ ᱵᱩᱞᱩᱱᱚᱜ ᱫᱚ ᱡᱟᱹᱥᱛᱤ ᱠᱟᱭᱛᱮ ᱜᱤ ᱥᱟᱹᱢᱩᱫ ᱟᱲᱮ ᱮᱞᱟᱠᱟ ᱟᱨ ᱯᱩᱞᱤ ᱦᱟᱥᱟ ᱥᱚᱢᱟᱱ ᱚᱛ ᱥᱟᱸᱣ ᱡᱚᱲᱟᱣ ᱢᱮᱱᱟᱜᱼᱟ, ᱠᱷᱟᱹᱨᱤᱠᱚᱨᱚᱱ ᱫᱚ ᱡᱟᱹᱥᱛᱤ ᱠᱟᱭᱛᱮ ᱡᱟᱹᱢᱤᱱ ᱛᱟᱞᱟ ᱟᱨ ᱢᱟᱨᱮᱱ ᱯᱩᱞᱤ ᱦᱟᱥᱟ ᱥᱚᱢᱟᱱ ᱚᱛ ᱨᱮ ᱦᱩᱭᱩᱜ ᱠᱟᱱᱟ ᱾
मैं एक विवाह प्रमाण कैसे प्राप्त कर सकता हूँ?	ᱤᱧ ᱪᱮᱫ ᱞᱮᱠᱟᱛᱮ ᱢᱤᱫᱴᱟᱝ ᱵᱟᱯᱞᱟ ᱥᱤᱫ ᱥᱟᱠᱟᱢ ᱤᱧ ᱧᱟᱢ ᱫᱟᱲᱮᱭᱟᱜᱼᱟ ?
मेरे पास सोलह पेन हैं।	ᱤᱧ ᱴᱷᱮᱱ ᱜᱮᱞ ᱛᱩᱨᱩᱭ ᱜᱚᱴᱟᱝ ᱯᱮᱱ ᱢᱮᱱᱟᱜᱼᱟ ᱠᱚᱣᱟ।
यह बताता है कि होशियार बच्चे अक्सर दुनिया को कैसे देखते हैं।	ᱱᱚᱣᱟ ᱫᱚᱭ ᱵᱤᱪᱷᱱᱟᱹᱣᱼᱟ ᱡᱮ ᱪᱮᱫᱞᱮᱠᱟᱛᱮ ᱟᱹᱠᱤᱞᱟᱱ ᱜᱤᱫᱽᱨᱟᱹᱠᱚ ᱫᱚ ᱡᱟᱣᱜᱮ ᱡᱮᱜᱮᱫ ᱠᱚ ᱧᱮᱞᱼᱟ ᱾
मैं बहुत ही आरम्भ में उसी तरह से शुरू हुई और फिर विकल्प मिले ।	ᱤᱧᱫᱚ ᱢᱤᱫ ᱞᱮᱠᱟᱛᱮ ᱮᱦᱚᱵ ᱨᱮ ᱮᱦᱚᱵ ᱞᱮᱫᱟ ᱟᱨ ᱤᱱᱟᱹ ᱛᱟᱭᱚᱢ ᱫᱚᱥᱟᱨ ᱦᱚᱨᱟᱧ ᱯᱟᱸᱡᱟ ᱧᱟᱢ ᱞᱮᱫᱟ ᱾
इस पेड़ में तरह - तरह के पौधे नहीं होते, इसलिए अलग - अलग मिट्टी और ऊँचाई के अलग - अलग स्तर होते हैं ।	ᱱᱚᱸᱰᱮᱱᱟᱜ ᱥᱩᱠᱷᱢᱚ ᱡᱚᱞᱚᱵᱟᱭᱩ, ᱡᱩᱫᱟᱹᱼᱡᱩᱫᱟᱹ ᱦᱟᱥᱟ, ᱟᱨ ᱩᱥᱩᱞ ᱨᱮᱭᱟᱜ ᱡᱩᱫᱟᱹᱼᱡᱩᱫᱟᱹ ᱚᱡᱮ ᱠᱷᱟᱹᱛᱤᱨ ᱱᱚᱸᱰᱮ ᱟᱭᱢᱟ ᱞᱮᱠᱟᱱ ᱫᱟᱨᱮᱠᱚ ᱢᱮᱱᱟᱜᱼᱟ᱾
माइकल एस्किनसो के कुछ ही समय बाद अपनी दौड़ खत्म हो गयी ।	ᱢᱟᱭᱠᱮᱞ ᱥᱩᱢᱟᱠᱟᱨ ᱮᱞᱚᱱᱥᱳ ᱛᱟᱭᱚᱢ ᱜᱮ ᱟᱡᱟᱜ ᱨᱮᱥ ᱨᱮ ᱢᱩᱪᱟᱹᱫ ᱞᱮᱫᱟ, ᱪᱮᱫᱟᱜ ᱥᱮ ᱨᱮᱥ ᱚᱠᱛᱚ ᱱᱟᱱᱟᱼᱦᱩᱱᱟᱹᱨ ᱞᱟᱹᱰᱷᱟᱹᱭ ᱥᱟᱥᱯᱮᱱᱥᱟᱱ ᱰᱮᱢᱮᱡᱽ ᱮᱱ ᱠᱷᱟᱹᱛᱤᱨ᱾
सन्‌ 2021 में बांग्लादेश ने श्रीलंका और अमरीका में 70 लाख डॉलर दान दिए ।	᱒᱐᱒᱑ᱼᱨᱮ ᱵᱟᱝᱞᱟᱫᱮᱥ ᱫᱚ ᱥᱨᱤᱞᱚᱝᱠᱟ ᱒᱐ ᱠᱚᱴᱤ ᱢᱟᱹᱨᱠᱤᱱ ᱰᱚᱞᱟᱨ ᱟᱨ ᱥᱩᱫᱟᱱ ᱗ ᱠᱳᱴᱤ ᱗᱐ ᱞᱚᱠᱠᱷᱚ ᱢᱟᱹᱨᱠᱤᱱ ᱰᱚᱞᱟᱨ ᱨᱮᱭᱟᱜ ᱨᱤᱱ ᱠᱟᱹᱣᱰᱤ ᱜᱚᱲᱚᱞᱮᱠᱟᱛᱮᱭ ᱪᱟᱞᱞᱮᱫᱟ ᱾
मैं बहुत रोने-धोने वाली फिल्में नहीं देखता क्योंकि वे मुझे परेशान कर देती हैं।	ᱤᱧ ᱫᱚ ᱟᱹᱰᱤ ᱨᱟᱜᱼᱨᱚᱫᱷᱚᱱ ᱠᱟᱛᱮ ᱥᱤᱱᱮᱢᱟ ᱫᱚ ᱵᱟᱹᱧ ᱧᱮᱞᱟ ᱪᱮᱫᱟᱜ ᱥᱮ ᱩᱱᱠᱩ ᱤᱧ ᱟᱹᱰᱤ ᱠᱚ ᱟᱹᱲᱤᱥ ᱦᱚᱪᱚᱧᱟ ᱾
वाह! यह पहली बार है जब किसी ट्रेनर ने मुझसे पूछा है कि मैं क्या पसंद करूँगा (फिटनेस उम्मीदवार)।	ᱟᱹᱰᱤ ᱱᱟᱯᱟᱭ ! ᱱᱚᱶᱟ ᱜᱮ ᱯᱳᱭᱞᱳ ᱫᱷᱟᱣ, ᱢᱤᱫ ᱢᱟᱪᱮᱫ ᱤᱧᱼᱮ ᱠᱩᱞᱤ ᱟᱠᱟᱫᱤᱧᱟ ᱤᱧ ᱪᱮᱫ ᱤᱧ ᱠᱷᱚᱡᱼᱟ ᱢᱮᱱᱛᱮ (ᱯᱷᱤᱴᱱᱮᱥ ᱯᱨᱚᱥᱯᱮᱠᱴ) ᱾
हमारा रिश्ता खत्म हो गया है और मेरा दिल टूट गया है।	ᱟᱞᱤᱧᱟᱜ ᱥᱚᱢᱵᱚᱸᱫ ᱢᱩᱪᱟᱹᱫ ᱦᱮᱡ ᱟᱠᱟᱱᱟ ᱟᱨ ᱤᱧ ᱫᱚ ᱢᱚᱱᱮᱧ ᱵᱟᱹᱲᱤᱡ ᱟᱠᱟᱫᱟ ᱾
नींद के दौरान नींद लेना, नींद लेना और थोड़ी देर के लिए सो जाना (1060 मिनट) ।	ᱡᱟᱹᱯᱤᱫ ᱨᱮ ᱮᱴᱠᱮᱴᱚᱬᱮ ᱟᱢᱟᱜ ᱥᱟᱫᱷᱟᱨᱟᱱ ᱡᱟᱹᱯᱤᱫ ᱜᱷᱟᱹᱲᱤᱡ ᱨᱮᱱᱟᱝ ᱚᱠᱛᱮ ᱩᱫᱮᱥᱯᱩᱨᱱ ᱨᱩᱯᱛᱮ ᱵᱮᱨᱮᱫ ᱠᱟᱛᱮ ᱟᱨ ᱠᱟᱹᱴᱤᱡ ᱚᱠᱛᱚ ᱛᱟᱭᱚᱢ (᱑᱐-᱖᱐ ᱴᱤᱲᱤᱡ) ᱡᱟᱹᱯᱤᱫ ᱨᱮᱱᱟᱜ ᱯᱟᱨᱤᱠᱨᱤᱭᱟ ᱢᱮᱱᱟᱜᱼᱟ᱾
सर्दियों के मौसम में बहुत ठंड पड़ती है: कम - से - कम ठंड के नीचे ही जाती है ।	ᱨᱟᱵᱟᱝ ᱵᱷᱨᱟᱢᱚᱠ ᱨᱩᱯ ᱛᱮ ᱨᱮᱭᱟᱲ ᱦᱩᱭ ᱫᱟᱲᱮᱭᱟᱜ ᱠᱟᱱᱟ; ᱛᱟᱯᱢᱟᱱ ᱥᱟᱭᱫᱮ ᱜᱮ ᱡᱟᱦᱟᱸᱛᱤᱱ ᱨᱮ ᱨᱮᱭᱟᱲ ᱠᱷᱳᱱ ᱞᱟᱛᱟᱨ ᱵᱟᱰᱟᱭ ᱧᱟᱢᱚᱜ ᱠᱟᱱᱟ, ᱮᱱᱠᱷᱟᱱ ᱦᱚᱭ ᱟᱨ ᱦᱮᱢᱟᱞ ᱛᱷᱟᱨᱢᱳᱢᱤᱴᱚᱨ ᱞᱟᱹᱭ ᱛᱮ ᱱᱚᱣᱟ ᱨᱮᱭᱟᱲ ᱟᱹᱭᱠᱟᱹᱣ ᱞᱟᱹᱜᱤᱫ ᱛᱮ ᱜᱟᱹᱴᱷᱛᱚᱱᱚᱞᱮ ᱠᱚᱨᱟᱣᱮᱫ ᱠᱟᱱᱟ᱾
हालाँकि एआई के पास विज्ञान - कथा का एक प्रबल अर्थ है, कम्प्यूटर विज्ञान का एक बहुत ही महत्त्वपूर्ण शाखा है, व्यवहार से व्यवहार करना, सीखना और बुद्धिमान अनुकूल अनुकूल बनना ।	ᱡᱮᱦᱮᱛᱩ ᱮ ᱟᱭ ᱨᱮ ᱥᱟᱮᱬᱥ ᱠᱚᱛᱷᱚᱱ ᱨᱮᱭᱟᱜ ᱢᱤᱫᱴᱟᱹᱝ ᱠᱮᱴᱮᱡ ᱢᱮᱱᱮᱛ ᱠᱟᱱᱟ, ᱮ ᱟᱭ ᱠᱚᱢᱯᱭᱩᱴᱚᱨ ᱥᱟᱮᱬᱥ ᱨᱮᱭᱟᱜ ᱢᱤᱫᱴᱟᱹᱝ ᱟᱹᱰᱤ ᱡᱟᱹᱨᱩᱲ ᱛᱷᱚᱠ ᱠᱟᱱᱟ, ᱡᱟᱦᱟᱸᱭ ᱫᱚ ᱢᱮᱥᱤᱱ ᱨᱮᱭᱟᱜ ᱵᱮᱵᱷᱟᱨ, ᱪᱮᱫᱚᱜ ᱟᱨ ᱵᱩᱫᱷᱤᱢᱟᱹᱱ ᱚᱱᱩᱠᱩᱞ ᱥᱟᱶ ᱡᱩᱲᱟᱹᱣ ᱢᱮᱱᱟᱜᱼᱟ
बैंक के वरिष्ठ अधिकारी ने अपनी टीम द्वारा लक्ष्यों को प्राप्त न करने पर उन पर अनियंत्रित रूप से चिल्लाया।	ᱵᱮᱝᱠ ᱨᱮᱱ ᱢᱟᱨᱟᱝ ᱠᱟᱹᱢᱤᱭᱟᱹ ᱫᱚ ᱩᱱᱠᱩᱣᱟᱜ ᱡᱚᱥ ᱵᱟᱭ ᱦᱟᱢᱮᱴ ᱫᱟᱲᱮ ᱟᱠᱟᱫ ᱛᱮ ᱩᱱᱠᱩᱣᱟᱜ ᱴᱤᱢ ᱥᱮᱫ ᱵᱤᱱ ᱥᱟᱢᱲᱟᱣ ᱥᱟᱹᱦᱤᱡ ᱠᱤᱠᱤᱭᱟᱹᱣ ᱞᱮᱫᱟᱭ ᱾
मेरे पास दस मेज़ हैं।	ᱤᱧ ᱴᱷᱮᱱ ᱜᱮᱞ ᱜᱚᱴᱟᱝ ᱴᱮᱵᱩᱞ ᱢᱮᱱᱟᱜᱼᱟ ᱠᱚᱣᱟ।
कोई विश्‍वव्यापी परिभाषा नहीं है जिस से बनायी गयी चीज़ों का पता लगाया जा सकता है ।	ᱪᱮᱫ ᱥᱚᱨᱣᱚᱵᱷᱚᱣᱢᱤᱠ ᱯᱚᱨᱤᱵᱷᱟᱥᱟ ᱵᱟᱹᱱᱩᱜᱼᱟ ᱡᱟᱦᱟᱸ ᱞᱟᱹᱜᱤᱫ ᱟᱭᱢᱟ ᱢᱟᱨᱮ ᱡᱤᱱᱤᱥ ᱠᱚ ᱢᱮᱱᱟᱜᱼᱟ᱾ ᱛᱤᱱᱟᱹᱜ ᱜᱟᱱ ᱨᱮ ᱮᱡᱮᱱᱥᱤ ᱠᱚ ᱢᱟᱨᱮ ᱡᱤᱱᱤᱥ ᱦᱤᱥᱟᱹᱵ ᱛᱮ ᱑᱐᱐ ᱥᱮᱨᱢᱟ ᱠᱷᱚᱱ ᱢᱟᱨᱮ ᱡᱤᱱᱤᱥ ᱠᱚ ᱯᱚᱨᱤᱵᱷᱟᱹᱥᱤᱛ ᱮᱫᱟ᱾
नमस्ते भाई। आज मैं बहुत अच्छे मूड में हूँ। कृपया मेरी दाढ़ी भी पूरी तरह बना दें (क्लीन शेव)।	ᱮᱭ ᱵᱚᱭᱦᱟ ᱾ ᱛᱮᱦᱮᱧ ᱤᱧ ᱫᱚ ᱟᱹᱰᱤ ᱵᱷᱟᱜᱮ ᱢᱮᱡᱟᱡ ᱨᱮ ᱢᱤᱱᱟᱹᱧᱟ ᱾ ᱤᱧᱟᱜ ᱜᱩᱪᱩ ᱦᱚᱸ ᱥᱟᱯᱷᱟ ᱩᱛᱟᱹᱨ ᱠᱟᱢ ᱾
एक कारण यह है कि अनुसंधायिका (जो उम्र के लिए अति ऊंचाई के लिए कम वज़न, कम वज़न के नीचे) और सूक्ष्मता के कारण या अति - महत्त्वपूर्ण विटामिन और खनिजों की कमी ।	ᱢᱤᱫᱴᱟᱝ ᱦᱩᱭᱩᱜ ᱠᱟᱱᱟ ᱚᱯᱩᱥᱴᱤ, ᱡᱟᱦᱟᱸ ᱢᱩᱫᱽᱨᱮ ᱢᱮᱱᱟᱜᱼᱟ ᱵᱟᱲᱦᱟᱣ ᱰᱷᱮᱨ ᱦᱟᱹᱱ ( ᱩᱢᱮᱨ ᱟᱱᱫᱟᱡ ᱨᱮ ᱠᱚᱢ ᱩᱥᱩᱞ), ᱠᱷᱚᱭ (ᱩᱥᱩᱞ ᱟᱫᱱᱫᱟᱭ ᱨᱮ ᱠᱚᱢ ᱳᱡᱚᱱ), ᱳᱡᱚᱱ ᱨᱮᱭᱟᱜ ᱠᱚᱢ (ᱩᱢᱮᱨ ᱟᱱᱫᱟᱡ ᱨᱮ ᱠᱚᱢ ᱳᱡᱚᱱ), ᱟᱨ ᱢᱟᱭᱠᱨᱳᱱᱤᱭᱴᱨᱤᱭᱮᱱᱴ ᱨᱮᱭᱟᱜ ᱜᱷᱟᱹᱴᱛᱤ ᱥᱮ ᱠᱚᱢᱟᱱ (ᱞᱟᱹᱠᱛᱤᱭᱟᱱ ᱵᱷᱤᱴᱟᱢᱤᱱ ᱟᱨ ᱢᱤᱱᱟᱨᱮᱞ ᱨᱮᱭᱟᱜ ᱜᱷᱟᱹᱴᱛᱤ) ᱾
लंबी कहानी, मुझे कुछ समय दे	ᱟᱹᱰᱤ ᱢᱟᱨᱟᱝ ᱠᱟᱹᱦᱤᱱᱤ ᱠᱟᱱᱟ, ᱱᱟᱥᱮ ᱱᱟᱜ ᱚᱠᱛᱚ ᱤᱢᱟᱹᱧ ᱢᱮ ᱾
फ्रांसीसी क्रांति ने दूसरे देश के लोगों को भी अपनी क्रांति शुरू करने के लिए अनेक अन्य दमनकारी वर्ग को प्रेरित किया.	ᱯᱷᱨᱟᱱᱥᱤᱥ ᱠᱨᱟᱱᱛᱤ ᱫᱚ ᱮᱴᱟᱜ ᱫᱤᱥᱚᱢ ᱞᱟᱹᱜᱤᱫ ᱮᱴᱟᱜ ᱫᱚᱢᱤᱛ ᱢᱚᱡᱽᱫᱩᱨ ᱵᱚᱨᱜᱽ ᱨᱤᱱ ᱦᱚᱲ ᱠᱚ ᱦᱚᱸ ᱟᱠᱚᱣᱟᱜ ᱠᱨᱟᱱᱛᱤ ᱮᱛᱦᱚᱵ ᱞᱟᱹᱜᱤᱫ ᱵᱷᱟᱨᱟᱣ ᱪᱷᱚ ᱠᱮᱫ ᱠᱚᱣᱟᱭ᱾
आप सब ठीक कर रहे हैं उम्मीद है.	ᱟᱥᱚᱜ ᱠᱟᱱᱟᱹᱧ ᱟᱯᱮ ᱥᱟᱱᱟᱢ ᱠᱚᱜᱮ ᱱᱟᱯᱟᱭ ᱢᱮᱱᱟᱜ ᱯᱮᱭᱟ
जब तक दिल्ली के हाई कोर्ट ने फैसला नहीं किया कि 2 जुलाई, 2009 को बड़ों की सहमति के बीच लैंगिक संबंध रखते हैं, तब तक समलैंगिकता को अपराधी समझा गया क्योंकि 150 साल के भारतीय पेनल कोड (एलईसी), ब्रिटेन की सरकार ने यह कानून जारी किया ।	᱒᱐᱐᱙ᱼᱨᱮᱭᱟᱜ ᱒ᱨᱟ ᱡᱩᱞᱟᱤ ᱞᱟᱦᱟ ᱡᱟᱦᱟᱸᱛᱤᱱᱟᱹᱜ ᱫᱤᱱ ᱫᱷᱟᱹᱵᱤᱡᱽ ᱫᱤᱞᱞᱤ ᱦᱟᱭᱠᱳᱴ ᱫᱚ ᱞᱟᱹᱜᱤᱫᱚᱜᱽ ᱩᱢᱟᱹᱨ ᱯᱩᱨᱟᱹᱣᱟᱠᱟᱱᱛᱟᱠᱩ ᱢᱩᱫᱽᱨᱮ ᱨᱟᱹᱡᱤᱭᱟᱠᱟᱱᱟᱜᱽ ᱱᱤᱡᱟᱹ ᱡᱟᱱᱟᱧ ᱠᱟᱹᱢᱤ ᱜᱷᱟᱹᱴᱟᱱᱟᱜᱽ ᱵᱟᱝ ᱠᱟᱱᱟ ᱵᱟᱭ ᱞᱟᱹᱭᱟᱠᱟᱫᱟ, ᱵᱨᱤᱴᱤᱥ ᱩᱯᱟᱹᱱᱤᱵᱮᱥᱤᱠ ᱥᱚᱨᱠᱟᱨ ᱫᱟᱨᱟᱭᱛᱮ ᱯᱟᱥᱟᱠᱟᱱ ᱑᱕᱐ ᱥᱮᱨᱢᱟ ᱢᱟᱨᱮᱱ ᱵᱷᱟᱨᱚᱛᱤᱭᱟᱹ ᱥᱟᱹᱡᱟᱹᱭᱟᱹᱨᱤ (ᱟᱭ.ᱯᱤ.ᱥᱤ) ᱟᱹᱱ ᱨᱮᱭᱟᱜ ᱵᱟᱝᱯᱩᱥᱴᱟᱹᱣ ᱓᱗᱗ ᱫᱷᱟᱨᱟ ᱨᱮᱭᱟᱜ ᱵᱤᱪᱷᱱᱟᱹᱣ ᱞᱮᱠᱟᱛᱮ ᱥᱚᱢᱚᱠᱟᱢᱤᱛᱟ ᱫᱚ ᱠᱟᱹᱭ ᱞᱮᱠᱟᱛᱮᱜᱤ ᱵᱷᱟᱹᱵᱤᱛᱚᱜᱽᱠᱟᱱ ᱛᱟᱦᱮᱸᱠᱟᱱᱟ ᱾
एक संभावित नीति है, कि 30% केलिपिल के बच्चों के लिए एक राज्य / 2000 में हर सदस्य के सदस्य के लिए कान लगाया जाता है.	ᱚᱸᱰᱮ ᱢᱤᱫᱴᱟᱝ ᱨᱤᱡᱟᱨᱵᱮᱥᱚᱱ ᱟᱹᱨᱤ ᱢᱮᱱᱟᱜᱽᱼᱟ, ᱚᱱᱟ ᱫᱚ ᱢᱤᱫᱴᱟᱝ ᱯᱚᱱᱚᱛ/ᱤᱭᱩᱴᱤ ᱨᱮ ᱢᱤᱢᱤᱫᱽ ᱢᱟᱭᱱᱚᱨᱤᱴᱤ ᱠᱚᱢᱤᱴᱤᱨᱮᱱ ᱛᱤᱨᱞᱟᱹ ᱦᱚᱯᱚᱱᱯᱟᱹᱴᱷᱣᱟᱹᱠᱩ ᱞᱟᱹᱜᱤᱫᱽ ᱪᱤᱱᱦᱟᱹᱣᱟᱠᱟᱱᱟ ᱾
इस क्षेत्र की जनसंख्या 4.6 वर्ग किमी के क्षेत्र में फैली हुई 17,226 है।	ᱯᱩᱱ ᱦᱟᱹᱴᱤᱧ ᱨᱮᱭᱟᱜ ᱢᱤᱫ ᱦᱟᱹᱴᱤᱧ ᱦᱚᱲ ᱮᱞ ᱑᱗,᱒᱒᱖ ᱫᱚ ᱔ᱹ᱖ ᱠᱤᱢᱤ ᱥᱠᱳᱭᱟᱨ ᱴᱚᱴᱷᱟ ᱫᱷᱩᱨᱭᱟᱹ ᱯᱟᱥᱱᱟᱣ ᱦᱩᱭ ᱟᱠᱟᱱᱟ ᱾
मेरे पास तेरह पानी हैं।	ᱤᱧ ᱴᱷᱮᱱ ᱜᱮᱞ ᱯᱮ ᱜᱚᱴᱟᱝ ᱫᱟᱜ ᱢᱮᱱᱟᱜᱼᱟ ᱠᱚᱣᱟ।
कुछ का दूसरे कंप्यूटर से सीधा लिंक होता है जहाँ डेटा संग्रहीत किया जा सकता है।	ᱠᱤᱪᱷᱩ ᱮᱴᱟᱜ ᱠᱚᱢᱯᱤᱭᱩᱴᱟᱨ ᱥᱟᱞᱟᱜ ᱥᱚᱨᱟ ᱥᱚᱨᱟ ᱞᱤᱝᱠ ᱢᱮᱱᱟᱜᱼᱟ ᱡᱟᱸᱦᱟᱨᱮ ᱰᱮᱴᱟ ᱡᱚᱜᱟᱣ ᱫᱚᱦᱚ ᱜᱟᱱᱚᱜᱼᱟ ᱾
वह जीत गए, उन्हें हर्जाना दिया गया, और उन्होंने पैरामाउंट से एक समझौता स्वीकार किया।	ᱩᱱᱤ ᱫᱚᱭ ᱡᱤᱛᱠᱟᱹᱨ ᱞᱮᱱᱟ, ᱠᱷᱩᱛᱤᱯᱩᱨᱩᱱᱮ ᱧᱟᱢ ᱞᱮᱫᱟ ᱟᱨ ᱯᱮᱹᱨᱟᱢᱟᱣᱩᱱᱴ ᱠᱷᱚᱱ ᱢᱤᱫᱴᱟᱝ ᱥᱚᱞᱦᱮᱭ ᱧᱟᱢ ᱞᱮᱫᱟ ᱾
डॉक्टर मेरी स्वास्थ्य रिपोर्ट से बहुत खुश थे और उन्होंने कहा कि मुझे व्यायाम जारी रखना चाहिए।	ᱰᱟᱠᱛᱚᱨ ᱫᱚ ᱤᱧᱟᱜ ᱥᱟᱸᱣᱟᱨ ᱨᱤᱯᱳᱨᱴ ᱨᱮ ᱟᱹᱰᱤᱭ ᱠᱩᱥᱤᱞᱮᱱᱟ ᱟᱨᱮ ᱢᱮᱱᱞᱮᱫᱟ ᱡᱮ ᱤᱧᱟᱜ ᱵᱮᱭᱟᱢ ᱠᱚᱨᱟᱣ ᱞᱟᱹᱜᱛᱤᱭᱟ ᱾
और रखखाने के खर्च को Rssss. 10,000/ Rsset और आर. 5,000 के लिए एक स्कूल के लिए राशि के रूप में दिया जाएगा.	ᱟᱨ ᱧᱮᱞᱡᱚᱛᱚᱱ ᱵᱷᱟᱛᱟ ᱞᱮᱠᱟᱛᱮ ᱦᱳᱥᱴᱮᱞᱟᱨᱠᱩ ᱞᱟᱹᱜᱤᱫᱽ ᱢᱤᱫᱽ ᱮᱠᱟᱰᱮᱢᱤᱠ ᱥᱮᱨᱢᱟᱨᱮ ᱑᱐,᱐᱐᱐/ᱼ ᱴᱟᱠᱟ ᱟᱨ ᱫᱤᱱᱟᱹᱢ ᱥᱠᱚᱞᱟᱨᱠᱩ ᱞᱟᱹᱜᱤᱫᱽ ᱕,᱐᱐᱐/ᱼ ᱴᱟᱠᱟ ᱡᱩᱲᱩ ᱛᱷᱚᱠ ᱞᱮᱠᱟᱛᱮ ᱮᱢᱚᱜᱚᱜᱽᱼᱟ ᱾
सन्‌ 1912 में, दादा - दादी ने पहली भारतीय चलनेवाली फिल्म तैयार की, जो 40 साल से भी ज़्यादा समय तक कायम रही ।	᱑᱙᱑᱒ ᱥᱟᱹᱦᱤᱛ ᱨᱮ, ᱫᱟᱫᱟᱥᱟᱦᱮᱵ ᱯᱷᱟᱞᱠᱮ ᱯᱳᱭᱞᱳ ᱤᱱᱫᱤᱭᱟᱱ ᱮᱱᱤᱢᱮᱥᱚᱱ ᱢᱩᱵᱷᱤᱭ ᱵᱮᱱᱟᱣ ᱞᱮᱫᱟ, ᱤᱱᱟᱹ ᱛᱟᱭᱚᱢ ᱢᱤᱫ ᱡᱤᱨᱟᱹᱣ ᱛᱟᱸᱦᱮ ᱠᱟᱱᱟ ᱡᱟᱸᱦᱟᱫᱚ ᱔᱐ ᱥᱮᱨᱢᱟ ᱠᱷᱚᱱ ᱦᱚᱸ ᱵᱟᱹᱲᱛᱤ ᱚᱠᱛᱚ ᱦᱟᱹᱵᱤᱡ ᱪᱟᱞᱟᱣ ᱞᱮᱱᱟ ᱾
यह एक ही देश को फैलाने से अधिक कुशल है क्योंकि घरेलू समाचार कर्मचारियों द्वारा इकट्ठा घरेलू मनोरंजन कार्यक्रम और जानकारीओं के लिए बेकार रूप से मरम्मत की जा सकती है।	ᱫᱮᱥᱤᱭᱚ ᱥᱚᱝᱵᱟᱫᱮᱢᱚᱜᱠᱩ ᱫᱟᱨᱟᱭᱛᱮ ᱢᱤᱫᱩᱱ ᱫᱮᱥᱤᱭᱚ ᱨᱚᱢᱚᱡ ᱟᱠᱷᱲᱟ ᱟᱨ ᱫᱚᱜᱚᱨᱠᱩ ᱵᱮᱼᱫᱮᱥᱤᱭᱚ ᱧᱮᱧᱮᱞᱤᱭᱟᱹᱠᱩ ᱞᱟᱹᱜᱤᱫ ᱥᱚᱥᱛᱟᱛᱮ ᱫᱚᱲᱦᱟᱛᱮ ᱯᱮᱠᱮᱡᱽ ᱠᱚᱨᱟᱣ ᱦᱩᱭᱩᱜᱼᱟ ᱢᱮᱱᱛᱮ ᱮᱠᱮᱱ ᱢᱤᱫᱴᱟᱝ ᱫᱤᱥᱟᱹᱢᱨᱮ ᱯᱟᱥᱱᱟᱣ ᱠᱷᱚᱱ ᱱᱤᱭᱟᱹ ᱫᱚ ᱡᱟᱹᱥᱛᱤ ᱠᱟᱹᱢᱤᱭᱟᱱᱟ ᱾
यह व्यक्‍ति को देश में प्रवेश करने और कुछ समय के लिए रहने का अधिकार देता है ।	ᱱᱤᱭᱟᱹ ᱫᱚ ᱦᱚᱲᱠᱩ ᱢᱤᱫᱴᱟᱝ ᱫᱤᱥᱚᱢ ᱵᱚᱞᱚᱱ ᱟᱨ ᱠᱤᱪᱷᱤ ᱚᱠᱛᱚ ᱞᱟᱹᱜᱤᱫ ᱛᱟᱦᱮᱸᱱ ᱨᱮᱭᱟᱜ ᱟᱹᱭᱫᱟᱹᱨᱤᱭ ᱮᱢᱟᱠᱩᱣᱟ ᱾
इसलिए जो भी हम अध्ययन करते हैं, मैं उन तसवीरों को याद करने की कोशिश करता हूँ और उन जगहों में से कुछ को याद करने की कोशिश करता हूँ, जहाँ मैं जा रहा हूँ ।	ᱚᱱᱟᱛᱮ ᱟᱞᱮ ᱡᱟᱦᱟᱱᱟᱜ ᱜᱮ ᱞᱮ ᱯᱟᱲᱦᱟᱣᱼᱟ ᱚᱱᱟ ᱪᱤᱛᱟᱹᱨ ᱟᱨ ᱴᱷᱟᱶ ᱤᱧᱤᱧ ᱥᱮᱱ ᱟᱠᱟᱱᱟ ᱥᱮ ᱤᱧᱤᱧ ᱧᱮᱞ ᱟᱠᱟᱫᱟ ᱥᱤᱱᱟᱥᱹᱢᱟ ᱨᱮ ᱚᱱᱟᱠᱚ ᱫᱤᱥᱟᱹᱭ ᱨᱮᱭᱟᱜ ᱤᱧ ᱨᱤᱠᱟᱹᱭᱟ ᱟᱨ ᱚᱱᱟᱠᱚ ᱡᱚᱯᱲᱟᱣᱼᱟ ᱾
बीसवीं सदी का सबसे बड़ा विश्‍वव्यापी उद्योग बन गया और २१वीं सदी में भी तेज़ी से बढ़ रहा है ।	᱒᱐ ᱥᱚᱛᱟᱵᱫᱤ ᱨᱮᱭᱟᱜ ᱡᱚᱛᱚᱠᱷᱚᱱ ᱞᱟᱹᱴᱩ ᱡᱮᱜᱮᱛ ᱤᱱᱰᱩᱥᱴᱨᱤ ᱞᱮᱠᱟᱛᱮ ᱴᱩᱨᱤᱡᱚᱢ ᱫᱚ ᱩᱯᱮᱞᱟᱠᱟᱱᱟ ᱟᱨ ᱒᱑ ᱥᱚᱛᱟᱵᱫᱤ ᱨᱮ ᱟᱨ ᱦᱚᱸ ᱩᱥᱟᱹᱨᱟᱜᱤ ᱵᱟᱲᱦᱟᱜᱽᱼᱟ ᱢᱮᱱᱛᱮ ᱴᱷᱟᱹᱣᱠᱟᱹᱣᱟᱠᱟᱱᱟ ᱾
मेरे पास छत्तीस केला हैं।	ᱤᱧ ᱴᱷᱮᱱ ᱯᱮ ᱜᱮᱞ ᱛᱩᱨᱩᱭ ᱜᱚᱴᱟᱝ ᱠᱮᱞᱟ ᱢᱮᱱᱟᱜᱼᱟ ᱠᱚᱣᱟ।
इस तरह फ़िनलैंड की संस्कृति देश के आज़ाद होने से कई साल पहले ही प्रसिद्ध हो गई।	ᱱᱚᱝᱠᱟ ᱠᱟᱛᱮᱜᱮ ᱯᱷᱤᱱᱞᱮᱱᱰ ᱨᱮᱭᱟᱜ ᱞᱟᱠᱪᱟᱨ ᱫᱤᱥᱚᱢ ᱯᱷᱩᱨᱜᱟᱹᱞ ᱟᱹᱰᱤ ᱥᱮᱨᱢᱟ ᱞᱟᱦᱟ ᱥᱚᱨᱮᱥ ᱞᱮᱱᱟ ᱾
डाई का एरोन्डिसमेंट: डाई का एरोन्डिसमेंट फ्रांस का एक एरोन्डिसमेंट (प्रशासनिक प्रभाग) है।	ᱮᱹᱨᱳᱱᱰᱤᱥᱢᱮᱱᱴ ᱚᱯᱷ ᱰᱟᱭ ᱫᱚ ᱯᱷᱨᱟᱱᱥ ᱨᱮᱭᱟᱜ ᱮᱹᱨᱳᱱᱰᱤᱥᱢᱮᱱᱴ ᱾
उन्होंने दो परीक्षण किए, जिनमें या तो ब्लॉफोसोरस में, या तो एक रेडियो ब्लॉफॉस या ब्लैप की प्रोटीन होती थी ।	ᱩᱱᱠᱤᱱ ᱫᱚ ᱨᱮᱰᱤᱭᱳᱮᱠᱴᱤᱵᱷ ᱯᱷᱚᱥᱯᱷᱚᱨᱚᱥ ᱥᱟᱶᱛᱮ ᱯᱷᱮᱡ ᱨᱮᱭᱟᱜ ᱰᱤᱹᱮᱱᱹᱮᱹ ᱟᱨ ᱵᱟᱝ ᱨᱮᱰᱤᱭᱳᱮᱠᱴᱤᱵᱷ ᱥᱟᱹᱞᱯᱷᱟᱹᱨ ᱥᱟᱶᱛᱮ ᱯᱷᱮᱡᱽ ᱨᱮᱭᱟᱜ ᱯᱨᱚᱴᱤᱱ ᱠᱚ ᱪᱤᱱᱦᱟᱹᱯ ᱠᱚᱨᱟᱣ ᱠᱟᱛᱮ ᱵᱟᱨᱭᱟ ᱯᱨᱚᱭᱚᱜᱽ ᱠᱚᱨᱟᱣ ᱠᱮᱜᱼᱟᱭ᱾
यह अब तक की सबसे खराब मेस (भोजनालय) है जो मैंने देखी है। यहाँ हमेशा लंबा इंतजार करना पड़ता है और खाना हमेशा ठंडा होता है।	ᱱᱚᱣᱟ ᱫᱚ ᱤᱧ ᱧᱮᱞᱟᱜ ᱡᱚᱛᱚ ᱠᱷᱚᱱ ᱵᱟᱹᱲᱤᱡ ᱢᱮᱥ ᱠᱟᱱᱟ ᱾ ᱥᱟᱱᱟᱢ ᱚᱠᱛᱚ ᱟᱹᱰᱤ ᱜᱷᱟᱹᱲᱤᱡ ᱛᱟᱹᱜᱤᱭ ᱦᱩᱭᱩᱜᱼᱟ ᱟᱨ ᱡᱚᱢᱟᱜ ᱥᱟᱱᱟᱢ ᱚᱠᱛᱚ ᱨᱮᱭᱟᱲ ᱜᱮ ᱛᱟᱦᱮᱸᱱᱟ ᱾
मेरे पास उन्नीस सेब हैं।	ᱤᱧ ᱴᱷᱮᱱ ᱜᱮᱞ ᱱᱟᱭ ᱜᱚᱴᱟᱝ ᱟᱢᱚᱞ ᱢᱮᱱᱟᱜᱼᱟ ᱠᱚᱣᱟ।
डेविडसन एकेडमी की स्थापना बॉब और जान डेविडसन ने की थी।	ᱰᱮᱵᱷᱤᱰᱥᱚᱱ ᱮᱠᱟᱰᱮᱢᱤ ᱫᱚ ᱵᱚᱵ ᱟᱨ ᱡᱮᱱ ᱰᱮᱵᱷᱤᱰᱥᱚᱱ ᱦᱚᱛᱮᱛᱮ ᱵᱮᱱᱟᱣ ᱨᱟᱠᱟᱵ ᱞᱮᱱᱟ ᱾
यह एक समझौते में प्रवेश किया गया जो बीब्लिलल को पूरा उत्पादन के बिक्री के लिए था, जो बाद में व्यापार के लिए HLLL के साथ जोड़ता था ।	ᱱᱚᱶᱟ ᱫᱚ ᱥᱟᱱᱟᱢ ᱟᱨᱡᱟᱣᱟᱜ ᱟᱹᱠᱷᱨᱤᱧ ᱞᱟᱹᱜᱤᱫ ᱵᱤᱵᱤᱮᱞᱟᱭᱮᱞ ᱴᱷᱮᱱ ᱢᱤᱫ ᱪᱩᱠᱛᱤᱨᱮᱭ ᱵᱚᱞᱚᱭᱮᱱᱟ, ᱡᱟᱸᱦᱟᱫᱚ ᱛᱟᱭᱚᱢᱛᱮ ᱟᱹᱠᱦᱨᱤᱧ ᱞᱟᱹᱜᱤᱫ ᱮᱭᱤᱪᱮᱞᱮᱞ ᱥᱟᱶᱛᱮᱭ ᱢᱮᱥᱟᱞᱮᱱᱟ ᱾
इसमें 2,50,000 से अधिक पुस्तकें और 800 वर्तमान मुद्रित पत्रिकाएं हैं।	ᱱᱚᱣᱟᱨᱮ ᱒᱕᱐,᱐᱐᱐ ᱜᱚᱴᱟᱝ ᱦᱚᱸ ᱰᱷᱮᱨ ᱯᱚᱛᱚᱵ ᱟᱨ ᱘᱐᱐ ᱜᱚᱴᱟᱝ ᱱᱟᱦᱟᱜ ᱪᱷᱟᱯᱟ ᱟᱠᱟᱱ ᱥᱟᱢᱚᱭᱤᱠᱤ ᱢᱮᱱᱟᱜᱼᱟ ᱾
मेरे पास छियालीस चावल हैं।	ᱤᱧ ᱴᱷᱮᱱ ᱯᱳᱱ ᱜᱮᱞ ᱛᱩᱨᱩᱭ ᱜᱚᱴᱟᱝ ᱪᱟᱣᱞ ᱢᱮᱱᱟᱜᱼᱟ ᱠᱚᱣᱟ।
दिसंबर 2012 में, केरल के शाखा दफ्तर ने एक बाघ को एक कॉफी के फार्म पर गोली मार दी ।	᱒᱐᱑᱒ ᱼᱨᱮᱭᱟᱜ ᱰᱤᱥᱮᱢᱵᱚᱨ ᱨᱮ ᱠᱮᱨᱟᱞᱟ ᱵᱤᱨ ᱛᱷᱚᱱᱚᱛ ᱳᱣᱟᱱᱟᱲ ᱵᱤᱨᱡᱤᱭᱟᱹᱞᱤ ᱜᱟᱹᱦᱤᱨᱵᱤᱨ ᱢᱩᱪᱟᱹᱫ ᱨᱮ ᱢᱤᱫᱴᱟᱝ ᱠᱚᱯᱷᱤ ᱵᱟᱜᱽᱣᱟᱱ ᱨᱮ ᱢᱤᱫᱴᱟᱝ ᱛᱟᱹᱨᱩᱵ ᱠᱚ ᱜᱩᱞᱤ ᱞᱮᱫᱮᱭᱟ ᱾
चलो देखते हैं कि क्या जाना सड़क यात्रा के बारे में मेरी समझ बदल जाता है।	ᱧᱮᱞ ᱞᱮᱱᱜᱮ ᱜᱚᱣᱟ ᱨᱳᱰ ᱴᱨᱤᱯ ᱵᱟᱨᱮᱛᱮ ᱤᱧᱟᱹᱜ ᱩᱭᱦᱟᱹᱨ ᱵᱷᱟᱵᱱᱟᱭ ᱵᱚᱫᱚᱞᱟ ᱥᱮ ᱵᱟᱝ ᱾
यह शहर अपनी पारंपरिक रोटी के लिए जाना जाता है जिसे 'पेन डि अल्तामुरा' कहा जाता है।	ᱥᱟᱦᱟᱨ ᱫᱚ ᱟᱡᱟᱜ ᱥᱮᱨᱣᱟᱟᱱᱟᱜ ᱨᱩᱴᱤ ᱞᱟᱹᱜᱤᱫ ᱛᱮ ᱩᱯᱨᱩᱢᱟ ᱡᱟᱸᱦᱟ ᱨᱮᱭᱟᱜ ᱧᱩᱛᱩᱢ ᱫᱚ ᱯᱟᱱᱮ ᱰᱤ ᱟᱞᱛᱟᱢᱩᱨᱟ ᱾
कानानानाना एक डरावना गुफा है, जो ऐलारा की ३४ पुरानी गुफा में से एक है ।	ᱠᱳᱭᱞᱟᱥᱱᱟᱛᱷ ᱢᱚᱱᱫᱤᱨ ᱢᱤᱫ ᱦᱟᱦᱟᱲᱟᱼᱟᱱ ᱜᱩᱦᱟ ᱢᱚᱱᱫᱤᱨ ᱠᱟᱱᱟᱢ ᱡᱟᱦᱟᱸᱫᱚ ᱤᱞᱳᱨᱟ ᱨᱮᱭᱟᱜ ᱓᱔ ᱜᱚᱴᱟᱝ ᱢᱟᱨᱮ ᱜᱩᱦᱟ ᱠᱚ ᱢᱩᱫ ᱨᱮᱭᱟᱜ ᱢᱤᱫᱴᱟᱝ ᱠᱟᱱᱟ ᱾
मैं गैर-टेबल भोजन पसंद करता हूं, यही कारण है कि.	ᱤᱧᱫᱚ ᱥᱤᱸᱲᱤᱪ ᱡᱚᱢᱟᱜᱼᱤᱧ ᱠᱩᱥᱤᱭᱟᱜᱼᱟ, ᱚᱱᱟᱛᱮ ᱾
इसके अतिरिक्‍त, नर्क के भूतपूर्व प्रमुख अभियोजिक अभियोजिक वकील ने इराक के आक्रमण को "व्यवस्था का उल्लंघन" कहा है, और जैसे कि यह शान्ति के खिलाफ अपराध है.	ᱱᱤᱭᱟᱹᱪᱷᱟᱰᱟᱠᱟᱛᱮ, ᱱᱩᱨᱮᱢᱵᱟᱨᱜ ᱴᱨᱟᱭᱟᱞᱨᱮᱱ ᱞᱟᱦᱟᱱ ᱢᱩᱠᱷᱭᱟᱹ ᱚᱵᱷᱤᱥᱚᱝᱥᱚᱠ ᱵᱮᱱᱡᱟᱢᱤᱱ ᱷᱮᱨᱮᱱᱡᱽ ᱤᱨᱟᱠ ᱡᱟᱨᱯᱟ ᱫᱚ "ᱯᱩᱥᱴᱟᱹᱣ ᱟᱹᱨᱤ ᱵᱷᱟᱝᱜᱟᱣ" ᱢᱮᱱᱛᱮᱭ ᱨᱚᱲᱟᱠᱟᱫᱟ ᱟᱨ ᱱᱤᱭᱟᱹ ᱫᱚ ᱱᱤᱨᱟᱹᱭ ᱵᱤᱨᱩᱫ ᱢᱤᱫᱴᱟᱝ ᱵᱟᱹᱲᱤᱡᱽᱼᱮ ᱜᱚᱲᱦᱚᱱᱟ ᱾
के- पॉप और Korrra इन दिनों में काफी लोकप्रिय हो रहे हैं.	ᱠᱮᱼᱯᱚᱯ ᱟᱨ ᱠᱮᱼᱜᱟᱭᱟᱱᱠᱚ ᱛᱮᱦᱮᱧ ᱜᱟᱯᱟ ᱟᱭᱢᱟ ᱦᱚᱲᱠᱩᱥᱤᱭᱟᱱ ᱮ ᱧᱟᱢᱟ ᱾
मेरी कार पर मजाक की अनुमति नहीं है!	ᱤᱧᱟᱜ ᱜᱟᱹᱰᱤ ᱛᱩᱞᱩᱡᱽ ᱡᱳᱠᱥ ᱫᱚ ᱵᱟᱝ ᱢᱟᱱᱟᱜᱼᱟ !
वाह, पी. वी. सिंधु ने 2020 ओलंपिक में कांस्य पदक जीता।	ᱳᱣᱟᱣ, ᱯᱤ ᱵᱷᱤ ᱥᱤᱱᱫᱷᱩ ᱫᱚ ᱒᱐᱒᱐ ᱚᱞᱤᱢᱯᱤᱠ ᱨᱮ ᱵᱨᱳᱧᱡ ᱯᱚᱫᱚᱠᱼᱮ ᱡᱤᱛᱠᱟᱹᱨ ᱟᱠᱟᱱᱟ ᱾
मेरे पास एक साबादान है जो कि मैंने पहले उल्लेख किया था।	ᱤᱧᱫᱚ ᱥᱟᱹᱵᱩᱫᱟᱱᱟ ᱨᱮᱭᱟᱜ ᱠᱷᱤᱪᱩᱲᱤ ᱟᱨ ᱢᱟᱥᱨᱩᱢ ᱵᱨᱟᱣᱩᱱ ᱨᱟᱭᱤᱥ ᱤᱧ ᱦᱟᱛᱟᱣᱼᱟ ᱡᱟᱦᱟᱸᱫᱚ ᱤᱧ ᱞᱟᱦᱟᱨᱮᱧ ᱞᱟᱹᱭ ᱟᱠᱟᱫᱟ ᱾
यह तब तक ऐसा करता है जब तक कि यह सब कुछ देख न ले।	ᱱᱚᱣᱟ ᱫᱚ ᱡᱚᱛᱚᱣᱟᱜ ᱦᱚᱛᱮᱛᱮ ᱵᱟᱝ ᱧᱮᱞ ᱧᱟᱢᱚᱜ ᱫᱷᱟᱹᱵᱤᱡ ᱱᱚᱣᱟᱭ ᱠᱚᱨᱟᱣᱼᱟ ᱾
इस क्रांति के बाद भी सभी पुरुषों को बड़ा बनने और कामयाबी पाने का मौका दिया जाता था ।	ᱱᱚᱶᱟ ᱪᱷᱚᱲᱟ ᱟᱢ ᱠᱨᱟᱹᱱᱛᱤ ᱛᱟᱭᱚᱢ ᱡᱷᱚᱛᱚ ᱠᱚᱲᱟ ᱟᱹᱣᱮᱫᱚᱱ ᱠᱩᱜ ᱞᱟᱹᱜᱩᱫ ᱵᱭᱚᱵᱚᱥᱟᱭ ᱠᱷᱩᱞᱟᱹ ᱜᱮ ᱛᱟᱦᱮᱸ ᱠᱟᱱᱟ‌ ᱚᱠᱟ ᱫᱚ ᱡᱷᱚᱛᱚ ᱠᱷᱚᱱ ᱢᱚᱦᱚᱛ ᱟᱨ ᱥᱚᱯᱷᱚᱞ ᱞᱟᱹᱜᱤᱫ ᱟᱫᱮᱨ ᱠᱚ ᱮᱢ ᱮᱫ ᱛᱟᱦᱮᱸᱡ᱾
हालांकि, इस नाम का प्रयोग ऐसे देशों में किया जाता है जहाँ शब्द "होकी" आम तौर पर होकी के किसी अन्य प्रकार के लिए रखा जाता है, जैसे कि बर्फ़ होकी या गली होकी।	ᱡᱟᱸᱦᱟᱭᱮᱱᱜᱮ, ''ᱯᱷᱤᱞᱰ ᱦᱚᱠᱤ'' ᱧᱩᱛᱩᱢᱫᱚ ᱚᱱᱟᱠᱚ ᱫᱤᱥᱚᱢᱨᱮ ᱱᱮᱣᱦᱟᱨᱚᱜᱼᱟ ᱡᱟᱸᱦᱟ ᱠᱚᱨᱮ ''ᱦᱚᱠᱤ'' ᱟᱹᱲᱟᱹ ᱫᱚ ᱥᱟᱫᱷᱟᱨᱚᱱᱚᱛᱚ ᱦᱚᱠᱤ ᱨᱮᱭᱟᱜ ᱮᱴᱟᱜ ᱨᱩᱯ ᱞᱮᱠᱟᱮ ᱨᱟᱠᱷᱟ ᱫᱚᱦᱚ ᱟᱠᱟᱱᱟ, ᱡᱟᱸᱦᱟᱞᱮᱠᱟ ᱟᱭᱤᱥ ᱦᱚᱠᱤ ᱥᱮ ᱥᱴᱨᱤᱴ ᱦᱚᱠᱤ ᱹ
इसके अलावा, इन चीज़ों को बनाने के लिए इन्हें भी इस्तेमाल किया जाता है ।	ᱨᱤᱡᱷᱟᱹᱣᱟᱱ, ᱛᱟᱸᱦᱮᱱ ᱨᱮᱭᱟᱜ ᱵᱮᱵᱚᱥᱛᱟ, ᱜᱚᱲᱚᱟᱱ ᱥᱩᱵᱤᱫᱟ ᱟᱨ ᱜᱚᱲᱦᱚᱱ ᱫᱚ ᱦᱩᱭᱩᱜ ᱠᱟᱱᱟ ᱥᱟᱸᱜᱷᱟᱨ ᱨᱮᱭᱟᱜ ᱢᱩᱞᱚᱱ ᱥᱟᱯᱟᱵ ᱠᱟᱱᱟ ᱾
उत्तर में स्केल और दक्षिण और पश्‍चिम में अटलांटिक महासागर के पास के इलाके में ।	ᱮᱛᱚᱢ ᱨᱮ ᱱᱚᱶᱟ ᱥᱟᱦᱮᱞ ᱟᱨ ᱠᱚᱧᱮ ᱟᱨ ᱯᱩᱪᱷᱤᱢ ᱨᱮ ᱟᱴᱞᱟᱱᱴᱤᱠ ᱫᱚᱨᱭᱟ ᱥᱟᱶ ᱡᱚᱯᱴᱮᱫ ᱠᱟᱱᱟᱭ᱾
उदाहरण के लिए, उनके पास न तो अनाज, न आलू, न कोको, और न किसी प्राचीन रोमी ने किसी केए का स्वाद चखा ।	ᱫᱟᱹᱭᱠᱟ ᱞᱟᱹᱜᱤᱫ, ᱩᱱᱠᱩ ᱴᱷᱮᱱ ᱵᱟᱝ ᱫᱚ ᱡᱚᱱᱰᱨᱟ ᱛᱟᱦᱮᱸ ᱠᱟᱱᱟ, ᱵᱟᱝ ᱫᱚ ᱵᱤᱞᱟᱛᱤ, ᱵᱟᱝ ᱫᱚ ᱟᱹᱞᱩ, ᱵᱟᱝ ᱫᱚ ᱠᱚᱠᱚ ᱟᱨ ᱡᱟᱦᱟᱸᱱ ᱥᱮᱫᱟᱭᱟᱜ ᱨᱚᱢᱟᱱ ᱠᱚ ᱫᱚ ᱚᱠᱟ ᱫᱚ ᱴᱟᱨᱠᱤ ᱨᱮᱱᱟᱜ ᱪᱟᱠᱷᱟ ᱵᱟᱝ ᱛᱟᱦᱮᱸ ᱠᱟᱱᱟ᱾
यह वास्तव में मदद करता है.	ᱱᱚᱶᱟ ᱫᱚ ᱥᱟᱹᱨᱤ ᱜᱮ ᱜᱚᱲᱚᱭ ᱮᱢᱚᱜ ᱠᱟᱱᱟ ᱾
कैनेडी का जन्म 23 जुलाई 1936 को सैक्रामेंटो, कैलिफोर्निया में हुआ था।	ᱠᱮᱱᱮᱰᱤ ᱫᱚ ᱒᱓ ᱡᱩᱞᱟᱭ, ᱑᱙᱓᱖ ᱥᱟᱞ ᱨᱮ ᱠᱮᱹᱞᱤᱯᱷᱳᱨᱱᱤᱭᱟ ᱨᱮᱭᱟᱜ ᱥᱮᱹᱠᱨᱟᱢᱮᱱᱴᱳᱨᱮᱭ ᱡᱟᱱᱟᱢ ᱞᱮᱱᱟ ᱾
मेरे पास ग्यारह पानी हैं।	ᱤᱧ ᱴᱷᱮᱱ ᱜᱮᱞ ᱢᱤᱫ ᱜᱚᱴᱟᱝ ᱫᱟᱜ ᱢᱮᱱᱟᱜᱼᱟ ᱠᱚᱣᱟ।
दोनों पक्षों के वास्तविक पसंदीदा हैं और रैंडी ऑरटन्स वी/ शासन के लिए कुछ प्रशंसकों को आगे देख रहे हैं.	ᱵᱟᱱᱟᱨ ᱯᱟᱦᱟᱴᱟ ᱜᱮ ᱵᱷᱚᱠᱛᱚ ᱠᱩᱥᱤᱭᱟᱱ ᱠᱟᱱᱟ ᱠᱤᱱ ᱟᱨ ᱨᱟᱱᱰᱤ ᱚᱨᱴᱚᱱ ᱥᱟᱶ ᱨᱮᱭᱤᱱᱥ ᱮᱢᱚᱱ ᱠᱤᱪᱷᱤ ᱠᱚᱨᱟᱣ ᱦᱩᱭᱩᱜ ᱛᱟᱠᱤᱱᱟ ᱡᱟᱦᱟᱸ ᱞᱟᱹᱜᱤᱫ ᱵᱷᱚᱠᱛᱚ ᱠᱚ ᱛᱟᱸᱜᱤ ᱟᱠᱟᱫᱟ ᱾
Henton ने कहा था की बैठक के दौरान चिकित्सकओं के पर्यावरण बिल के लिए परिवर्तनों के लिए कहा था...	ᱯᱤ.ᱮᱢ. ᱥᱟᱶ ᱜᱟᱯᱟᱞ ᱢᱟᱨᱟᱣ ᱫᱩᱲᱩᱵ ᱨᱮ ᱠᱚᱱᱡᱚᱨᱵᱷᱮᱴᱤᱵᱽ ᱥᱟᱪᱟᱨᱦᱮ ᱵᱤᱞ ᱵᱚᱫᱚᱞ ᱨᱮᱭᱟᱜ ᱞᱟᱭᱴᱚᱱᱮ ᱨᱚᱲ ᱞᱮᱜ-ᱟ, ᱠᱚᱱᱡᱚᱨᱵᱷᱮᱴᱤᱵᱽ ᱯᱟᱨᱴᱤ ᱨᱮᱭᱟᱜ ᱥᱟᱪᱟᱨᱦᱮ ᱵᱤᱞ ᱫᱚ "ᱛᱷᱚᱨᱚ ᱟᱨ ᱠᱚᱢᱯᱞᱤᱴ ᱨᱟᱭᱴᱤᱝ" ᱦᱩᱭᱩᱜ ᱢᱮᱱᱛᱮ ᱨᱚᱲ ᱞᱮᱜ-ᱟᱭ᱾
एशलैंड में पहला डाकघर 1885 में बनाया गया था।	᱑᱘᱘᱕ ᱥᱟᱞ ᱨᱮ ᱟᱥᱞᱮᱱᱰ ᱨᱮ ᱯᱩᱭᱞᱩ ᱯᱳᱥᱴ ᱩᱯᱤᱥ ᱥᱤᱨᱡᱟᱹᱣ ᱞᱮᱱᱟ ᱾
1965 में वह नोबेल पुरस्कार की शॉर्टलिस्ट में शामिल थीं।	᱑᱙᱖᱕ ᱥᱟᱞ ᱨᱮ ᱩᱱᱤ ᱫᱚ ᱱᱳᱵᱮᱞ ᱥᱤᱨᱯᱟᱹ ᱞᱟᱹᱜᱤᱫ ᱠᱷᱟᱴᱚ ᱛᱟᱹᱞᱤᱠᱟᱨᱮᱭ ᱛᱟᱦᱮᱸ ᱠᱟᱱᱟ ᱾
मैं भी इस साल में शामिल हो गया है.	ᱤᱧᱦᱚᱸ ᱱᱤᱭᱟᱹ ᱥᱮᱨᱢᱟ ᱜᱮᱧ ᱥᱮᱞᱮᱫ ᱟᱠᱟᱱᱟ ᱾
सामान्य परिस्थितियों के दौरान, अनेक देशों में यात्रा करने का अर्थ होगा वीज़ा अनुप्रयोगों और पासपोर्ट नियंत्रण कई बार ।	ᱭᱩᱨᱚᱯ ᱫᱚ ᱢᱤᱫᱴᱟᱹᱝ ᱢᱟᱦᱟᱫᱣᱤᱯ ᱠᱟᱱᱟ ᱚᱠᱟ ᱫᱚ ᱚᱱᱟ ᱡᱩᱫᱟᱹ ᱦᱚᱯᱚᱱ ᱜᱮᱭᱟ ᱦᱮᱞᱮ ᱡᱟᱦᱟᱸ ᱥᱣᱚᱛᱚᱝ ᱫᱤᱥᱚᱢ ᱥᱟᱶ᱾ ᱥᱟᱢᱟᱱᱭᱚ ᱚᱠᱛᱚ ᱞᱮᱠᱷᱟ, ᱟᱭᱢᱟ ᱫᱤᱥᱚᱢ ᱠᱚᱣᱟᱜ ᱫᱟᱬᱟ ᱠᱚᱨᱟᱣ ᱨᱮᱭᱟᱜ ᱢᱟᱱᱮ ᱫᱚ ᱣᱤᱡᱟ ᱞᱮᱠᱷᱟ ᱥᱟᱦᱴᱟ ᱟᱨ ᱵᱟᱝ ᱯᱟᱥᱯᱚᱴ ᱠᱚᱵᱡᱟ ᱨᱮᱭᱟᱜ ᱢᱟᱫᱷᱚᱢ ᱛᱮ ᱪᱟᱞᱟᱣ ᱛᱮ ᱦᱩᱭᱩᱜᱼᱟ᱾
मुझे एहसास नहीं हुआ कि आपको पिछली 3 बार से वह नहीं मिल रहा था जो आप चाहते थे।	ᱤᱧ ᱵᱟᱹᱧ ᱵᱩᱡᱷ ᱫᱟᱲᱮᱭᱟᱫᱟ ᱡᱮ ᱟᱢ ᱢᱩᱪᱟᱹᱫ ᱯᱮ ᱫᱷᱟᱣ ᱡᱟᱦᱟᱸᱢ ᱠᱷᱚᱡ ᱞᱮᱱᱟ ᱚᱱᱟ ᱟᱢ ᱵᱟᱢ ᱧᱟᱢ ᱮᱫᱟ ᱾
मुझे बहुत अच्छा लग रहा है कि मैं अपने फोन से कैब बुक कर सकता हूँ। अब मुझे ऑटो-रिक्शा खोजने की चिंता नहीं करनी पड़ेगी।	ᱤᱧ ᱫᱚ ᱟᱹᱰᱤ ᱢᱚᱡᱤᱧ ᱟᱹᱭᱠᱟᱹᱣᱮᱫᱟ ᱡᱮ ᱤᱧ ᱫᱚ ᱤᱧᱟᱜ ᱯᱷᱳᱱ ᱵᱮᱵᱚᱦᱟᱨ ᱠᱟᱛᱮᱫ ᱢᱤᱫᱴᱟᱝ ᱠᱮᱵᱤᱧ ᱵᱩᱠ ᱫᱟᱲᱮ ᱟᱠᱟᱫᱟ ᱾ ᱤᱧᱟᱜ ᱟᱨ ᱚᱴᱳᱨᱤᱠᱥᱟ ᱥᱮᱸᱫᱨᱟᱭ ᱨᱮᱭᱟᱜ ᱪᱤᱱᱛᱟᱹᱭ ᱵᱟᱝ ᱦᱩᱭᱩᱜ ᱛᱤᱧᱟ ᱾
इसके अलावा, हम भारतीय भूगोल को हमारे साइक्लस का एक हिस्सा के रूप में है, और तुम लोग शायद दुनिया की सबसे अच्छी जगहों का अध्ययन करें!	ᱱᱚᱶᱟ ᱪᱷᱟᱰᱟ ᱠᱟᱛᱮᱜ ᱦᱚᱸ, ᱟᱞᱮᱭᱟᱜ ᱯᱚᱲᱦᱚᱱ ᱨᱮᱭᱟᱜ ᱦᱤᱸᱥ ᱞᱮᱠᱟᱛᱮ ᱵᱷᱟᱨᱚᱛ ᱨᱮᱭᱟᱜ ᱚᱛᱱᱚᱜ ᱢᱮᱱᱟᱜᱼᱟ, ᱟᱨ ᱟᱯᱮ ᱠᱚᱫᱚ ᱡᱮᱜᱮᱫ ᱨᱮᱭᱟᱜ ᱥᱚᱨᱮᱥ ᱴᱷᱟᱶᱨᱮ ᱯᱮ ᱯᱟᱲᱦᱟᱜ ᱠᱟᱱᱟ ᱾
प्रत्येक पात्र का एक निश्चित कौशल वृक्ष (स्किल ट्री) होता है, जो नीचे सूचीबद्ध है।	ᱢᱤᱢᱤᱫᱴᱟᱝ ᱪᱟᱹᱨᱤᱛ ᱨᱮᱭᱟᱜ ᱢᱤᱫᱴᱟᱝ ᱥᱮᱴ ᱜᱟᱹᱠᱷᱩᱲ ᱫᱟᱨᱮ ᱢᱮᱱᱟᱜᱼᱟ, ᱡᱟᱦᱟ ᱫᱚ ᱞᱟᱛᱟᱨ ᱨᱮ ᱛᱟᱞᱤᱠᱟ ᱨᱮ ᱥᱟᱸᱵᱟᱣ ᱟᱠᱟᱱᱟ ᱾
मैं यह बहुत दुखी है कि समझते हैं,	ᱤᱧ ᱵᱩᱡᱷᱟᱹᱣ ᱮᱫᱟ, ᱱᱚᱶᱟᱫᱚ ᱟᱹᱰᱤ ᱫᱩᱠᱷ ᱨᱮᱭᱟᱜ ᱠᱟᱱᱟ ᱾
रिपोर्ट, खुले बहस के लिए और मध्य पूर्व की नीति के बारे में संयुक्त राज्य अमेरिका में एक विवाद की स्थापना के लिए शुरू होती है.	ᱛᱟᱞᱟ ᱥᱟᱢᱟᱝ ᱨᱮᱭᱟᱜ ᱯᱨᱚᱛᱤᱱᱤᱫᱷᱤ ᱠᱚᱣᱟᱜ ᱠᱷᱚᱵᱚᱨ ᱡᱩᱢᱤᱫ ᱯᱚᱱᱚᱛ ᱟᱢᱮᱨᱤᱠᱟ ᱨᱮ ᱠᱷᱩᱞᱟᱹ ᱜᱟᱯᱟᱞᱢᱟᱨᱟᱣ ᱟᱨ ᱥᱟᱱᱟᱢ ᱠᱚ ᱴᱷᱟᱹᱣᱠᱟᱹ ᱠᱟᱫ ᱫᱚᱞᱤᱞ ᱥᱟᱶᱛᱮ ᱮᱛᱦᱚᱵᱚᱜ ᱠᱟᱱᱟ᱾
मेरे दिन भी बहुत व्यस्त हैं, तुम्हें पता है.	ᱤᱧᱟᱹᱜ ᱫᱤᱱ ᱠᱚᱦᱚᱸ ᱟᱹᱰᱤ ᱡᱚᱦᱚᱲ ᱜᱮᱭᱟ, ᱟᱢᱮᱢ ᱵᱟᱲᱟᱭᱟ ᱾
एडिकोया ने अपने बेटे की हत्या करने के आरोप में Edigivigivien अदालत में डाल दिया है।	ᱟᱰᱮᱠᱳᱭᱟ ᱟᱡᱤᱡ ᱦᱚᱯᱚᱱᱟᱜ ᱜᱚᱡᱽ ᱢᱟᱢᱞᱟ ᱨᱮ ᱮᱰᱤᱱᱵᱚᱨᱜᱽ ᱥᱮᱨᱤᱯᱷ ᱠᱳᱴᱨᱮ ᱦᱮᱱᱟᱭᱟ᱾
कार्यक्रम ने एक सांस्कृतिक घटना के साथ समाप्त किया जिसका शीर्षक था 'प्रयोग और स्वतंत्रता: संस्था के कर्मचारियों द्वारा संगठित साहित्य व किमा' में मनन ।	ᱯᱨᱳᱜᱨᱟᱢ ᱫᱚ ᱥᱳᱥᱟᱭᱴᱤᱨᱮᱱ ᱠᱟᱹᱢᱤᱭᱟᱹᱠᱩ ᱦᱚᱛᱮᱛᱮ ᱥᱟᱯᱲᱟᱣᱞᱮᱱ ᱢᱤᱫᱴᱟᱝ ᱞᱟᱠᱪᱟᱨ ᱟᱠᱷᱲᱟ ᱵᱚᱦᱚᱜᱽ ᱧᱩᱛᱩᱢ ᱫᱚ 'ᱵᱮᱜᱟᱨ ᱟᱨ ᱯᱷᱩᱨᱜᱟᱹᱞᱺ ᱥᱟᱶᱦᱮᱫ & ᱥᱤᱱᱟᱹᱢᱟ ᱨᱮ ᱩᱫᱩᱜ' ᱦᱚᱛᱮᱛᱮ ᱢᱩᱪᱟᱹᱫᱮᱱᱟ ᱾
क्या यह भाषा अच्छा है?	ᱪᱮᱫ ᱱᱚᱣᱟ ᱯᱟᱹᱨᱥᱤ ᱱᱟᱯᱟᱭ ᱠᱟᱱᱟ?
यहाँ का खाना दिन-ब-दिन बहुत खराब होता जा रहा है। मैं इसे अब और बर्दाश्त नहीं कर सकता और अधिकारियों से इसकी शिकायत करने जा रहा हूँ।	ᱫᱤᱱ ᱠᱮ ᱫᱤᱱ ᱱᱚᱸᱰᱮ ᱡᱚᱢᱟᱜ ᱫᱚ ᱵᱟᱹᱲᱤᱡᱚᱜ ᱠᱟᱱᱟ ᱾ ᱤᱧ ᱫᱚ ᱟᱨ  ᱵᱟᱹᱧ ᱥᱟᱦᱟᱣ ᱫᱟᱲᱮᱭᱟᱜ ᱠᱟᱱᱟ ᱟᱨ ᱠᱟᱹᱢᱤᱭᱟᱹ ᱢᱩᱠᱷᱭᱟᱹ ᱠᱚ ᱴᱷᱮᱱ ᱨᱤᱯᱳᱨᱴ ᱮᱢᱚᱜ ᱞᱟᱹᱜᱤᱫᱚᱜ ᱠᱟᱹᱱᱟᱹᱧ ᱾
वे कुछ एनीमेशन ले जाते हैं और उनके साथ ध्वनि.	ᱩᱝᱠᱩ ᱫᱚ ᱟᱠᱩᱥᱟᱶ ᱠᱤᱪᱷᱩ ᱮᱱᱤᱢᱮᱥᱚᱱ ᱟᱨ ᱵᱟᱡᱱᱟ ᱧᱮᱞ ᱟᱨᱠᱩ ᱩᱫᱩᱜᱮᱫᱽᱠᱟᱱ ᱛᱟᱦᱮᱸᱠᱟᱱᱟ ᱾
उस खिलाड़ी द्वारा अत्यधिक दिखावा करना अहंकार है।	ᱡᱟᱦᱟᱸᱭ ᱠᱷᱮᱞᱳᱰᱤᱭᱟᱹ ᱫᱟᱨᱟᱭᱛᱮ ᱟᱹᱰᱤ ᱵᱟᱹᱲᱛᱤ ᱩᱫᱩᱜ ᱥᱚᱫᱚᱨ ᱫᱚ ᱜᱚᱨᱚᱵᱟᱱᱟᱜ ᱾
इसकी सफलता के बाद, यह फिल्म पूर्वी एशियाई बाजारों में शुरू हुई; इसे दिसंबर १७, 2010 को ताइवान में रिलीज़ किया गया ।	ᱱᱚᱶᱟ ᱥᱤᱜᱤᱞ ᱛᱟᱭᱚᱢ ᱪᱤᱛᱟᱹᱨ ᱫᱚ ᱯᱩᱨᱵᱚ ᱮᱥᱤᱭᱟ ᱨᱮᱭᱟᱜ ᱵᱟᱡᱟᱨ ᱨᱮ ᱩᱫᱩᱜ ᱦᱩᱭ ᱞᱮᱱᱟ; ᱒᱐᱑᱐ ᱼᱨᱮᱭᱟᱜ ᱑᱗ ᱰᱤᱥᱮᱢᱵᱚᱨ ᱨᱮ ᱱᱚᱶᱟ ᱫᱚ ᱪᱷᱟᱹᱲ ᱮ ᱧᱟᱢ ᱞᱮᱫᱟ, ᱚᱱᱟ ᱛᱟᱭᱚᱢ ᱛᱟᱭᱚᱢ ᱛᱮᱜᱮ ᱒᱐᱑᱑ ᱨᱮᱭᱟᱜ ᱑ ᱞᱟ ᱥᱮᱯᱴᱮᱢᱵᱚᱨ ᱦᱚᱝᱠᱚᱝ ᱨᱮ ᱪᱷᱟᱹᱲ ᱮ ᱧᱟᱢ ᱞᱮᱫᱟ ᱾
यह इनसाइक्लोपीडिया ब्रिटैनिका द्वारा प्रकाशित किया गया है; यह कंपनी १८वीं शताब्दी से अस्तित्व में है, हालाँकि यह शताब्दियों से विभिन्‍न समय से अस्तित्व में आयी है ।	ᱱᱤᱭᱟᱹ ᱫᱚ ᱮᱱᱥᱟᱭᱠᱞᱳᱯᱤᱰᱤᱭᱟ ᱵᱨᱤᱴᱟᱱᱤᱠᱟ, ᱤᱱᱠᱚᱨᱯᱚᱨᱮᱴᱮᱰ ᱫᱟᱨᱟᱭᱛᱮ ᱩᱪᱷᱟᱹᱱᱟᱠᱟᱱᱟ; ᱠᱳᱢᱯᱟᱱᱤ ᱫᱚ ᱑᱘ ᱥᱚᱛᱚᱠ ᱠᱷᱚᱱ ᱢᱮᱱᱟᱜᱽᱼᱟ, ᱮᱱᱛᱮᱨᱮ ᱦᱚᱸ ᱱᱤᱭᱟᱹ ᱫᱚ ᱟᱭᱢᱟ ᱥᱚᱛᱟᱵᱫᱤ ᱠᱷᱚᱱ ᱢᱟᱹᱞᱤᱠᱮ ᱵᱚᱫᱚᱞᱟᱠᱟᱫᱤᱭᱟ ᱾
वित्तीय योजनाकार अपने काम में बहुत खराब था।	ᱠᱟᱹᱣᱰᱤ ᱟᱜᱟᱢ ᱩᱭᱦᱟᱹᱨᱤᱡ ᱟᱡᱟᱜ ᱪᱟᱠᱨᱤᱨᱮ  ᱟᱹᱰᱤ ᱵᱟᱹᱲᱤᱡ ᱮ ᱛᱟᱦᱮᱸ ᱠᱟᱱᱟ ᱾
यहाँ के जंगलों और जंगलों में जंगली पौधों की बड़ी - बड़ी जातियाँ पायी जाती हैं ।	ᱡᱷᱟᱨᱱᱟ, ᱦᱟᱦᱟᱲᱟᱣᱟᱱᱟᱜ ᱵᱤᱨ ᱟᱨ ᱥᱤᱫᱩᱯ ᱵᱟᱸᱫᱷ ᱪᱮᱛᱟᱱᱨᱮ ᱫᱟᱜᱽᱡᱚᱞᱟ ᱟᱨ ᱢᱤᱫ ᱛᱩᱥᱟᱹᱨᱫᱷᱟᱥᱟᱣ ᱠᱷᱚᱱ ᱧᱤᱨᱟᱠᱟᱱ ᱢᱩᱠᱷᱭᱟᱹ ᱡᱳᱴ, ᱱᱤᱭᱟ ᱥᱟᱱᱟᱢᱠᱩ ᱨᱮᱭᱟᱜ ᱮᱥᱮᱲᱜᱤ ᱫᱨᱤᱥᱥᱚᱯᱚᱴ ᱫᱚ ᱟᱨᱦᱚᱸᱭ ᱯᱮᱨᱮᱡᱽᱯᱩᱨᱩᱱᱟᱠᱟᱫᱟ ᱾
इस साल के दौरान, इस साल के सबसे बड़े - बड़े इलाकों में टी. बी.	ᱱᱤᱭᱟᱹ ᱥᱮᱨᱢᱟ ᱦᱤᱛᱟᱹᱞᱮᱱ ᱦᱤᱥᱟᱹᱵ ᱛᱮ ᱰᱷᱮᱨ ᱯᱨᱚᱣᱟᱣ ᱡᱟᱭᱜᱟ ᱨᱮ ᱴᱤᱠᱟ ᱨᱮᱭᱟᱜ ᱦᱟᱹᱴᱤᱧ ᱨᱮᱭᱟᱜ ᱱᱤᱛᱤ ᱨᱮ ᱯᱩᱭᱥᱟᱹ ᱨᱮᱭᱟᱜ ᱠᱚᱢᱤ ᱟᱨ ᱮᱴᱟᱜ ᱵᱮᱢᱟᱨ ᱨᱮᱭᱟᱜ ᱥᱟᱹᱜᱟᱹᱭ ᱛᱮ ᱠᱚᱢ‌ ᱮᱛᱵᱚᱵ ᱵᱤᱥᱮᱥ ᱞᱟᱹᱜᱤᱫ ᱵᱤᱞᱚᱢ ᱦᱩᱭᱮᱱᱟ᱾
डिवाइस कंट्रोलर एक हार्डवेयर है जबकि डिवाइस ड्राइवर एक सॉफ्टवेयर है।	ᱰᱤᱵᱷᱟᱭᱤᱥ ᱠᱚᱱᱴᱨᱳᱞᱟᱨ ᱫᱚ ᱦᱩᱭᱩᱜ ᱠᱟᱱᱟ ᱢᱤᱫᱴᱟᱝ ᱦᱟᱨᱰᱳᱣᱮᱨ ᱡᱟᱦᱟᱨᱮ ᱰᱤᱵᱷᱟᱭᱤᱥ ᱰᱨᱟᱭᱵᱷᱟᱨ ᱫᱚ ᱦᱩᱭᱩᱜ ᱠᱟᱱᱟ ᱢᱤᱫᱴᱟᱝ ᱥᱚᱯᱷᱴᱳᱣᱮᱨ ᱾
उन गंदे आदमियों से सावधान रहो। मुझे लगता है कि वे हमारे गहने चुराना चाहते हैं।	ᱩᱝᱠᱩ ᱵᱟᱹᱲᱤᱡ ᱦᱚᱲᱠᱚ ᱠᱷᱚᱱ ᱥᱟᱦᱟᱲ ᱨᱮ ᱛᱟᱦᱮᱱ ᱢᱮ ᱾ ᱤᱧᱟᱜ ᱢᱚᱱᱮ ᱦᱩᱭᱩᱜ ᱠᱟᱱᱟ ᱩᱝᱠᱩ ᱫᱚ ᱟᱵᱩᱣᱟᱜ ᱢᱟᱞᱟ ᱢᱩᱫᱟᱹᱢ ᱠᱩᱢᱲᱩᱭ ᱠᱚ ᱠᱷᱚᱡ ᱠᱟᱱᱟ ᱾
मेरी बच्ची पद्मा खेलों में बहुत अच्छी है। पिछले साल वह 100 मीटर दौड़ में प्रथम आई थी।	ᱤᱧᱨᱮᱱ ᱜᱤᱫᱽᱨᱟᱹ ᱯᱚᱫᱽᱫᱟ ᱫᱚ ᱠᱷᱮᱞᱳᱰ ᱨᱮ ᱟᱹᱰᱤ ᱱᱟᱯᱟᱭ ᱾ ᱪᱟᱞᱟᱣᱮᱱ ᱥᱮᱨᱢᱟ ᱩᱱᱤ ᱫᱚ ᱑᱐᱐ ᱢᱤᱴᱟᱨ ᱫᱟᱹᱲ ᱨᱮᱭ ᱯᱟᱹᱦᱤᱞ ᱞᱮᱱᱟ ᱾
उनके बाद के काम सामाजिक संज्ञानात्मक सिद्धांत, चिकित्सा और व्यक्तित्व मनोविज्ञान पर केंद्रित थे।	ᱩᱱᱤᱭᱟᱜ ᱛᱟᱭᱚᱢᱫᱟᱨᱟᱢ ᱠᱟᱹᱢᱤᱫᱚ ᱥᱟᱶᱛᱟ ᱠᱤᱭᱟᱹ ᱞᱟᱥᱮᱨᱟᱱ ᱛᱚᱛᱛᱚ, ᱴᱷᱮᱨᱟᱯᱤ ᱟᱨ ᱟᱯᱱᱟᱨᱟᱜ ᱢᱚᱱᱮ ᱥᱟᱬᱮᱥ ᱪᱮᱛᱟᱱ ᱧᱮᱱᱮᱞᱮ ᱫᱚᱦᱚᱭᱟ ᱾
भारत में आने की उम्मीद की गई तारीख को कम - से - कम छः महीने के लिए आपका पासपोर्ट वैध है ।	ᱟᱢ ᱴᱷᱤᱠᱟᱹ ᱦᱩᱭᱩᱜ ᱛᱟᱢᱟ ᱡᱮ ᱯᱟᱥᱯᱳᱴ ᱫᱚ ᱵᱷᱟᱨᱚᱛ ᱨᱮ ᱦᱮᱡᱩᱜ ᱨᱮᱭᱟᱜ ᱢᱟᱦᱟ ᱨᱮ ᱠᱚᱢ ᱠᱟᱨᱛᱮ ᱛᱩᱨᱩᱭ ᱪᱟᱸᱫᱳ ᱞᱟᱹᱜᱤᱫ ᱟᱹᱨᱤᱭᱟᱱ ᱾
मेरे पास दो पेंसिल हैं।	ᱤᱧ ᱴᱷᱮᱱ ᱵᱟᱨ ᱜᱚᱴᱟᱝ ᱯᱮᱱᱥᱤᱞ ᱢᱮᱱᱟᱜᱼᱟ ᱠᱚᱣᱟ।
माता-पिता के निधन के बाद से मुझे उनकी बहुत याद आती है। वे सबसे अच्छे माता-पिता थे जिनकी कोई भी कामना कर सकता था।	ᱤᱧ ᱫᱚ ᱤᱧ ᱜᱚᱼᱵᱟᱵᱟ ᱦᱟᱱᱟ ᱯᱩᱨᱤᱭᱮᱱ ᱛᱟᱭᱚᱢ ᱠᱷᱚᱱ ᱟᱹᱰᱤᱧ ᱫᱤᱥᱟᱹᱠᱤᱱᱟ ᱾ ᱩᱝᱠᱤᱱ ᱫᱚ ᱡᱚᱛᱚ ᱠᱷᱚᱱ ᱵᱷᱟᱜᱮ ᱜᱚᱼᱵᱟᱵᱟ ᱡᱟᱦᱟ ᱫᱚ ᱡᱟᱦᱟᱭ ᱜᱮᱠᱚ ᱠᱷᱚᱡᱼᱟ ᱾
असली जीवन के बारे में पता है "कोनानान," इस हाथी ने एक दुर्घटना में अपने पैर को हरा दिया जब वह सात साल का था जब वह एक सहदा टैंक में कदम रखा.	ᱟᱥᱚᱞ ᱡᱤᱭᱤᱱᱨᱮ "ᱠᱩᱴᱴᱤᱱᱟᱨᱟᱭᱚᱱ" ᱧᱩᱛᱩᱢᱛᱮ ᱩᱨᱩᱢᱟᱱ ᱱᱩᱭ ᱦᱟᱹᱛᱤ ᱫᱚ ᱮᱭᱟᱭ ᱥᱮᱨᱢᱟ ᱩᱢᱟᱹᱨᱨᱮ ᱢᱤᱫᱴᱟᱝ ᱥᱮᱯᱴᱤᱠ ᱴᱮᱝᱠᱨᱮ ᱞᱮᱵᱮᱫᱞᱮᱫ ᱵᱟᱹᱲᱤᱡᱽ ᱜᱦᱚᱴᱚᱱᱛᱮ ᱟᱡᱟᱜᱽ ᱡᱟᱸᱜᱟᱭ ᱨᱟᱹᱯᱩᱫᱞᱮᱫᱟ ᱾
कंप्यूटर की बनावट में ऊर्जा का ज़िक्र करते वक्‍त आम माप MIPS/W (एक सेकंड के निर्देशों की अवैध मात्रा) है ।	ᱠᱳᱢᱯᱤᱭᱩᱴᱟᱨ ᱵᱮᱱᱟᱣᱠᱟᱹᱨᱤ ᱫᱟᱲᱮ ᱠᱷᱚᱨᱚᱪ ᱵᱮᱯᱟᱨ ᱨᱮ ᱞᱟᱹᱭ ᱞᱮᱠᱷᱟᱱ ᱡᱟᱦᱟᱸ ᱥᱟᱫᱷᱟᱨᱚᱱ ᱡᱚᱠᱷᱟ ᱨᱮᱭᱟᱜ ᱠᱟᱛᱷᱟ ᱞᱟᱹᱭ ᱟᱠᱟᱱᱟ ᱚᱱᱟ ᱦᱩᱭᱩᱜ ᱠᱟᱱᱟ ᱮᱢᱹᱟᱭᱹᱯᱤᱹᱮᱥ/ᱰᱩᱵᱞᱤᱭᱩ (ᱡᱚᱛᱚ ᱳᱣᱟᱴ ᱡᱚᱛᱚ ᱴᱤᱯᱤᱡ ᱢᱤᱞᱤᱭᱚᱱᱟᱥ ᱚᱯ ᱤᱱᱥᱴᱨᱟᱠᱥᱚᱱᱥ ᱾
विश्‍व - भर में हुई महामारी ने ऑलम्पिकों के अनुभव से कुछ प्रकाश प्राप्त किया है ।	ᱡᱮᱜᱮᱫ ᱢᱟᱦᱟᱢᱟᱹᱨᱤ ᱫᱚ ᱚᱞᱤᱢᱯᱤᱠ ᱨᱮᱭᱟᱜ ᱵᱩᱡᱩᱱ ᱱᱟᱥᱮᱱᱟᱜᱼᱮ ᱟᱨᱥᱟᱞ ᱟᱠᱟᱫᱟ ᱾
5 अक्टूबर 1916 को हिटलर एक तोप के गोले के छर्रे से घायल हो गया था।	᱑᱙᱑᱖ ᱥᱟᱞ ᱨᱮᱭᱟᱜ ᱕ ᱚᱠᱴᱳᱵᱚᱨ ᱨᱮ ᱦᱤᱴᱞᱟᱨ ᱫᱚ ᱵᱩᱞᱮᱴ ᱨᱮᱭᱟᱜ ᱥᱮᱞ ᱛᱮᱭ ᱡᱚᱠᱷᱚᱢ ᱞᱮᱱᱟ ᱾
आप सब कल, बच्चों को देखो!	ᱚᱠᱛᱚ ᱦᱩᱭ ᱟᱠᱟᱱᱟ ! ᱜᱟᱯᱟ ᱧᱟᱯᱟᱢ ᱦᱩᱭᱩᱜᱼᱟ ᱜᱤᱰᱨᱟᱹ, ᱜᱤᱫᱨᱟᱹ ᱠᱚ !
यह स्पष्ट है कि दुनिया ने बहुत बदल दिया है मानवजाति के वैज्ञानिक और तकनीकी विकास के कारण, और समस्याएँ बढ़ती जा रही हैं जनसंख्या और मानवजाति के जीवन के कठिन जीवन के कारण।	ᱱᱚᱶᱟ ᱥᱯᱟᱥᱴ ᱢᱮᱱᱟᱜᱼᱟ ᱡᱮ ᱢᱟᱹᱱᱢᱤ ᱡᱟᱹᱛᱤ ᱥᱟᱬᱮᱥᱤᱭᱟ ᱟᱨ ᱢᱟᱥᱤᱱᱤ ᱯᱨᱚᱜᱟᱛᱤ ᱨᱮᱱᱟᱜ ᱠᱟᱨᱚᱱ ᱫᱩᱱᱤᱭᱟᱹ ᱟᱹᱰᱤ ᱵᱚᱫᱚᱞ ᱢᱮᱱᱟᱜᱼᱟ, ᱟᱨ ᱵᱟᱹᱲᱛᱤ ᱮᱞᱥᱚᱝ ᱟᱨ ᱢᱟᱹᱱᱢᱤ ᱡᱟᱹᱛᱤ ᱨᱮᱱᱟᱜ ᱟᱥᱟᱫᱷᱟᱨᱟᱬ ᱡᱤᱭᱚᱱ ᱥᱮᱭᱞᱤ ᱨᱮᱱᱟᱜ ᱠᱟᱨᱚᱱ ᱮᱴᱠᱮᱴᱚᱬᱮ ᱵᱟᱹᱲᱛᱤ ᱦᱩᱭ ᱟᱠᱟᱱᱟ᱾
एक २०१८ समीक्षा ने दिखाया कि एक भूमध्य - समान आहार पूरी तरह स्वास्थ्य स्थिति को सुधार सकता है, जैसे कि ग़ैर - कानूनी बीमारियों का जोखिम कम कर देता है ।	᱒᱐᱑᱘ ᱥᱟᱹᱦᱤᱛ ᱨᱮᱭᱟᱜ ᱫᱚᱲᱦᱟᱛᱮ ᱡᱚᱠᱷᱟᱭ ᱨᱮᱭ ᱩᱫᱩᱜ ᱟᱠᱟᱫᱟ ᱡᱮ ᱵᱷᱩᱢᱚᱫᱷᱭᱚ ᱡᱚᱢᱟᱜ ᱡᱚᱛᱚ ᱨᱮ ᱦᱚᱲᱢᱚᱥᱟᱶᱟᱨ ᱦᱟᱞᱚᱛ ᱩᱛᱱᱟᱹᱣ ᱫᱟᱲᱮᱭᱟᱜᱼᱟᱭ ᱡᱮᱞᱮᱠᱟ ᱵᱮᱼᱯᱟᱥᱱᱟᱣᱚᱜ ᱟᱡᱟᱨ ᱠᱷᱚᱱ ᱡᱷᱩᱸᱠ ᱠᱚᱢ ᱜᱟᱱᱚᱜ ᱾
मेरा गैस सिलेंडर लगभग खाली है। तो क्या मुझे जल्द ही नया नहीं मिलेगा? (ग्राहक)	ᱤᱧᱟᱹᱜ ᱜᱮᱥ ᱥᱤᱞᱤᱱᱰᱟᱨ ᱯᱨᱟᱭ ᱠᱷᱟᱹᱞᱤ ᱟᱠᱟᱱᱟ ᱾ ᱮᱱᱠᱷᱟᱱ ᱤᱧ ᱪᱮᱫ ᱞᱚᱜᱚᱱ ᱱᱟᱶᱟᱱᱟᱜ ᱵᱟᱹᱧ ᱧᱟᱢᱟ ? (ᱠᱤᱨᱤᱧᱤᱭᱟᱹ)
मेरे पास पाँच चाय हैं।	ᱤᱧ ᱴᱷᱮᱱ ᱢᱚᱬᱮ ᱜᱚᱴᱟᱝ ᱪᱟ ᱢᱮᱱᱟᱜᱼᱟ ᱠᱚᱣᱟ।
सैंतीस	ᱯᱮ ᱜᱮᱞ ᱮᱭᱟᱭ
आप एक और पैकेज है कि कर सकते हैं.	ᱟᱢᱮᱢ ᱫᱟᱲᱮᱭᱟᱜᱼᱟ, ᱱᱚᱶᱟ ᱫᱚ ᱮᱴᱟᱜ ᱯᱮᱠᱮᱡᱽ ᱠᱟᱱᱟ ᱾
एफएच.डी., अमरीका (g02 3 / 22)	ᱯᱷᱞᱩᱠ ᱚᱞ ᱟᱠᱟᱫᱼᱟᱭ ᱛᱤᱱᱟᱹᱝ ᱜᱟᱱ ᱠᱩᱲᱤ ᱠᱚ ᱨᱮᱭᱟᱜ ᱱᱤᱯᱷᱩᱴ ᱥᱤᱫ ᱵᱟᱵᱚᱛ ᱢᱮᱱ ᱞᱮᱠᱷᱟᱱ ᱡᱩᱲᱤᱠᱚ ᱵᱟᱦᱨᱮ ᱚᱰᱚᱠ ᱨᱮᱭᱟᱜ ᱪᱮᱥᱴᱟ ᱵᱟᱭ ᱨᱟᱹᱥ ᱪᱟᱞᱟᱜᱼᱟ᱾
यह धारणा चीन से आयी थी, जहाँ फूल फूल चुनाव के फूल थे ।	ᱱᱚᱣᱟ ᱫᱷᱟᱨᱚᱱᱟ ᱪᱟᱭᱱᱟ ᱠᱷᱚᱱ ᱦᱮᱡ ᱞᱮᱱᱟ ᱡᱟᱦᱟᱸᱨᱮ ᱯᱞᱚᱢ ᱵᱟᱦᱟ ᱠᱚᱫᱚ ᱯᱚᱥᱚᱸᱫᱽ ᱨᱮᱭᱟᱜ ᱵᱟᱦᱟ ᱛᱟᱦᱮᱸ ᱠᱟᱱᱟ᱾
इस सप्ताह पहले, एक पुलिस हेलीली दुर्घटना ने तीन लोगों को मार डाला और तीन और घायल किया.	ᱱᱤᱭᱟᱹ ᱦᱟᱯᱛᱟ ᱨᱮᱱᱟᱜ ᱮᱛᱚᱦᱚᱵ ᱨᱮ, ᱢᱤᱫ ᱯᱩᱞᱤᱥ ᱦᱮᱞᱤᱠᱚᱯᱴᱚᱨ ᱵᱟᱡᱽᱲᱟᱣ ᱨᱮ ᱯᱮ ᱦᱚᱲ ᱠᱚ ᱜᱚᱡ ᱮᱱᱟ ᱟᱨ ᱮᱴᱟᱜ ᱯᱮ ᱦᱚᱲ ᱠᱚ ᱵᱟᱡᱟᱣ ᱮᱱᱟ᱾
मेरे पास बावन केला हैं।	ᱤᱧ ᱴᱷᱮᱱ ᱢᱚᱬᱮ ᱜᱮᱞ ᱵᱟᱨ ᱜᱚᱴᱟᱝ ᱠᱮᱞᱟ ᱢᱮᱱᱟᱜᱼᱟ ᱠᱚᱣᱟ।
लैंग कवि बोल्स्लाव लेस्मियन के चाचा भी थे।	ᱞᱮᱹᱧᱡ ᱚᱱᱚᱞᱤᱭᱟᱹ ᱵᱳᱞᱮᱥᱞᱳ ᱫᱚ ᱞᱮᱥᱢᱤᱭᱟᱱ ᱨᱮᱱ ᱦᱚᱯᱚᱱ ᱵᱟ ᱦᱚᱭ ᱛᱟᱦᱮᱸ ᱠᱟᱱᱟ ᱾
बाइनरी संख्या में केवल दो मूल्यों में से एक हो सकती है, यानी 0 या 1, तथा इन संख्या को बाइनरी अंकों - या बिट्स के रूप में वर्णित किया जाता है, ताकि कम्प्यूटर केॉनॉन का प्रयोग करें.	ᱢᱤᱫ ᱵᱟᱭᱱᱟᱨᱤ ᱱᱚᱢᱵᱚᱨ ᱨᱮ ᱵᱟᱨᱭᱟ ᱢᱩᱸᱫᱽ ᱨᱮ ᱠᱷᱟᱹᱞᱤ ᱢᱤᱫ ᱢᱟᱱ ᱛᱟᱦᱮᱸ ᱫᱟᱲᱮᱭᱟᱜᱼᱟ, ᱢᱮᱱᱫᱚ ᱐ ᱵᱟᱝᱠᱷᱟᱱ ᱑, ᱟᱨ ᱠᱚᱢᱯᱤᱭᱩᱴᱟᱨ ᱡᱟᱜᱨᱚᱱ ᱵᱮᱵᱷᱟᱨ ᱞᱟᱹᱜᱤᱫ ᱱᱚᱣᱟ ᱱᱚᱢᱵᱚᱨ ᱫᱚ ᱵᱟᱭᱱᱟᱨᱤ ᱮᱞᱠᱷᱟ ᱥᱮ ᱵᱤᱴ ᱠᱚ. ᱢᱮᱛᱟᱜᱼᱟ᱾
आइए मैं आपको बताऊँ ।	ᱵᱤᱪᱷᱱᱟᱹᱣ ᱛᱮ ᱞᱟᱹᱭᱟᱹᱧ ᱢᱮ ᱾
पानी में मत जाओ। यह बहुत गहरा है!	ᱫᱟᱜ ᱛᱟᱞᱟᱨᱮ ᱟᱞᱚᱢ ᱯᱷᱮᱰᱚᱜᱼᱟ ᱾ ᱱᱚᱶᱟ ᱫᱚ ᱟᱹᱰᱤ ᱠᱷᱟᱺᱫᱨᱤ ᱜᱮᱭᱟ !
2008 में चौथे विकीमैनिया की मेजबानी इसी शहर में की गई थी।	ᱯᱩᱱ ᱟᱱᱟᱜ ᱤᱭᱩᱠᱤᱢᱮᱹᱱᱤᱭᱟ ᱫᱚ ᱱᱚᱶᱟ ᱥᱟᱦᱟᱨ ᱨᱮ ᱒᱐᱐᱘ ᱥᱟᱞ ᱨᱮᱠᱚ ᱥᱟᱯᱲᱟᱣ ᱞᱮᱫᱟ ᱾
इस प्रकार भारतीय फिल्म का इतिहास सौ से भी ज़्यादा साल पुराना है, जैसे यूरोपीय या अमरीकी फिल्म उद्योग ।	ᱵᱷᱟᱨᱚᱛᱤᱭᱟᱹ ᱥᱤᱱᱟᱹᱢᱟ ᱨᱮᱭᱟᱜ ᱱᱚᱝᱠᱟᱞᱮᱠᱟ ᱤᱭᱚᱨᱳᱯᱤᱭᱳ ᱥᱮᱟᱢᱮᱨᱤᱠᱟᱱ ᱪᱚᱞᱚᱛᱪᱤᱛᱟᱹᱨ ᱠᱟᱹᱨᱤ ᱠᱩ ᱞᱮᱠᱟ ᱢᱤᱫ ᱥᱟᱭ ᱥᱮᱨᱢᱟ ᱨᱮᱭᱟᱜ ᱦᱸ ᱡᱟᱹᱥᱛᱤ ᱱᱟᱜᱟᱢ ᱢᱮᱱᱟᱜᱼᱟ ᱾
मैं इसे पानी आपूर्ति विभाग के अधिकारी के लिए आगे देखेंगे.	ᱤᱧᱫᱚ ᱱᱚᱶᱟ ᱫᱟᱜ ᱥᱟᱨᱵᱷᱟᱨ ᱛᱷᱚᱱᱚᱛ ᱨᱮᱱ ᱥᱩᱯᱟᱨᱵᱷᱟᱭᱡᱟᱨ ᱴᱷᱮᱱᱤᱧ ᱠᱳᱞᱼᱟ ᱾
आप कई योजनाओं से चुन सकते हैं ।	ᱟᱢ ᱟᱭᱢᱟ ᱯᱟᱱᱛᱷᱟ ᱠᱷᱚᱱᱮᱢ ᱵᱟᱪᱷᱟᱣ ᱫᱲᱟᱮᱭᱟᱜᱼᱟ ᱾
लाल सेना के सामने भाग रहे थे, पूर्वी प्रशया, स्वायिया, और पोमेरेनिया के जर्मन प्रान्तों की बड़ी तादाद में लोग मारे गए, जिनमें से कुछ ठंड और भुखमरी के दौरान मर गए ।	ᱩᱫᱽᱵᱟᱥᱚᱱ ᱚᱠᱛᱚ, ᱟᱜᱩᱣᱟᱱ ᱨᱮᱰ ᱟᱨᱢᱤ ᱠᱷᱚᱱ ᱧᱤᱨ ᱚᱠᱛᱮ ᱯᱩᱨᱵᱚ ᱯᱨᱟᱥᱤᱭᱟ, ᱥᱟᱞᱮᱥᱤᱭᱟ ᱟᱨ ᱯᱳᱢᱮᱨᱮᱱᱤᱭᱟ ᱞᱮᱠᱟ ᱡᱟᱨᱢᱟᱱ ᱯᱚᱱᱚᱛ ᱨᱮᱱ ᱟᱭᱢᱟ ᱜᱟᱱ ᱜᱤᱨᱟᱹᱵᱟᱹᱥᱤ ᱠᱚ ᱜᱚᱡ ᱞᱮᱱᱟ, ᱟᱫᱚᱢ ᱠᱚᱫᱚ ᱨᱟᱵᱟᱝᱛᱮ ᱟᱨ ᱨᱮᱸᱜᱮᱡᱽ ᱛᱮ, ᱟᱫᱚᱢ ᱠᱚᱫᱚ ᱞᱟᱹᱲᱦᱟᱹᱭ ᱚᱠᱛᱚ ᱾
कंप्यूटर ऐसी मशीनें हैं जो सूचना के रूप में बाइनरी डिजिटल डेटा का उपयोग करती हैं।	ᱠᱚᱢᱯᱤᱭᱩᱴᱟᱨ ᱦᱩᱭᱩᱜ ᱠᱟᱱᱟ ᱱᱚᱝᱠᱟᱱ ᱢᱤᱫᱴᱟᱝ ᱢᱮᱥᱤᱱ ᱡᱟᱸᱦᱟᱫᱚ ᱰᱚᱜᱚᱨ ᱞᱮᱠᱟᱛᱮ ᱵᱟᱭᱱᱟᱨᱤ ᱰᱤᱡᱤᱴᱟᱞ ᱰᱮᱴᱟᱭ ᱵᱮᱣᱦᱟᱨᱟ ᱾
आप नारियल के रस से नारियल के बर्तन में शामिल करने के द्वारा शुरू कर सकते हैं, उसके बाद किचिन के तेल से.	ᱟᱢ ᱫᱚ ᱱᱚᱞ ᱞᱮᱠᱟᱱ ᱯᱟᱛᱨᱚ ᱨᱮ ᱢᱤᱫ ᱪᱟᱢᱚᱪ ᱯᱮᱨᱮᱡ ᱜᱩᱱᱰᱟᱹ ᱱᱟᱹᱲᱠᱚᱲ ᱢᱮᱥᱟᱭᱮᱢ ᱮᱛᱚᱦᱚᱯ ᱫᱟᱲᱤᱭᱟᱜᱼᱟ, ᱤᱱᱟᱹ ᱛᱟᱭᱚᱢ ᱢᱚᱥᱛᱮ ᱢᱮᱥᱟ ᱪᱟᱣᱞᱮ ᱨᱮᱭᱟᱜ ᱜᱩᱱᱰᱟᱹᱢ ᱢᱮᱥᱟᱭᱟ ᱾
मेरे पास छियासठ पेंसिल हैं।	ᱤᱧ ᱴᱷᱮᱱ ᱛᱩᱨᱩᱭ ᱜᱮᱞ ᱛᱩᱨᱩᱭ ᱜᱚᱴᱟᱝ ᱯᱮᱱᱥᱤᱞ ᱢᱮᱱᱟᱜᱼᱟ ᱠᱚᱣᱟ।
हैमिल्टन यूनिवर्सिटी अस्पताल ने मरीज़ को स्थिर स्थिति में स्वीकार किया ।	ᱦᱮᱢᱤᱞᱴᱚᱱ ᱫᱚᱭ ᱴᱷᱟᱹᱣᱠᱟᱹ ᱠᱮᱫᱟ ᱡᱮ ᱦᱟᱣᱟᱨᱰ ᱡᱮᱜᱮᱛ ᱵᱤᱨᱫᱟᱹᱜᱟᱲ ᱟᱥᱯᱟᱛᱟᱞ ᱫᱚ ᱨᱩᱣᱟᱹ ᱦᱚᱲ ᱠᱚ ᱥᱛᱷᱤᱨ ᱥᱛᱷᱤᱛᱤ ᱨᱮ ᱵᱷᱟᱨᱛᱤ ᱠᱮᱫᱮᱭᱟ᱾
मिट्टी के हरेक समूह को एक अपवित्रता या उनकी संगति से चित्रित किया जाता है ।	ᱦᱟᱥᱟ ᱨᱮᱭᱟᱜ ᱥᱟᱱᱟᱢ ᱦᱟᱹᱴᱤᱧ ᱯᱮᱰᱚᱱ ᱥᱮ ᱟᱠᱚᱣᱟᱜ ᱥᱮᱢᱞᱮᱫ ᱫᱟᱨᱟᱭ ᱴᱟᱭᱤᱯᱚᱜᱼᱟ ᱾
अमरोहा: अमरोहा भारतीय राज्य उत्तर प्रदेश का एक शहर है।	ᱟᱢᱨᱳᱦᱟ ᱫᱚ ᱵᱷᱟᱨᱚᱛ ᱨᱮᱭᱟᱜ ᱩᱛᱛᱚᱨ ᱯᱨᱚᱫᱮᱥ ᱯᱚᱱᱚᱛ ᱨᱮᱭᱟᱜ ᱢᱤᱫᱴᱟᱝ ᱥᱟᱦᱟᱨ ᱾
आपको अपने फोन की बहुत लत लग रही है, इसलिए मैं इसे आपसे ले रहा हूँ।	ᱟᱢ ᱟᱢᱟᱜ ᱯᱷᱳᱱ ᱨᱮ ᱟᱹᱰᱤ ᱡᱟᱹᱥᱛᱤᱢ ᱢᱩᱦᱤᱛᱚᱜ ᱠᱟᱱᱟ  ᱚᱱᱟᱛᱮ ᱤᱧ ᱚᱱᱟᱧ ᱚᱪᱚᱜ ᱦᱟᱛᱟᱣ ᱮᱫᱟ ᱾
सन्‌ 1885 में, अमरीका के वैज्ञानिकों का मानना है कि सन्‌ 1885 में कार्ल हॉन्डसन ने सबसे पहले तर्क किया था कि लंबे अरसे से खून - खराबा हो रहा है ।	ᱢᱟᱨᱠᱤ ᱚᱛᱥᱟᱲᱮᱥᱤᱭᱟᱹ ᱜᱳᱨᱳᱯᱷ ᱠᱟᱞ ᱜᱤᱞᱵᱟᱴ ᱑᱘᱘᱕ ᱼ ᱱᱚᱣᱟ ᱨᱮᱭᱟᱜ ᱯᱳᱭᱞᱳ ᱡᱩᱠᱛᱤᱭ ᱮᱱᱞᱤᱫᱟ ᱡᱟᱦᱟᱭ, ᱥᱟᱢᱩᱫ ᱫᱷᱟᱨᱮ ᱨᱮᱱᱟᱜ ᱯᱷᱮᱰᱟᱛ ᱠᱷᱚᱱ ᱧᱟᱢᱚᱜᱼᱟ ᱾
भुगतान Agrids (PP) भुगतान पर्यावरण में एक महत्त्वपूर्ण भूमिका अदा करते हैं और इस प्रकार मार्च २०२० में नियमों के अधीन लाया गया और भुगतान सिस्टम ऑपरेटरों के रूप में चुना गया.	ᱯᱮᱢᱮᱱᱴ ᱮᱜᱨᱤᱜᱮᱴᱚᱨ (ᱯᱤᱮᱮᱥ) ᱠᱩ ᱫᱚ ᱯᱮᱢᱮᱱᱴ ᱤᱠᱳᱥᱤᱥᱴᱟᱢ ᱨᱮ ᱢᱤᱴᱴᱮᱱ ᱟᱹᱰᱤ ᱢᱟᱨᱟᱝ ᱮᱱᱮᱢ ᱠᱩ ᱯᱟᱞᱚᱱᱟ ᱟᱨ ᱚᱝᱠᱟ ᱞᱮᱠᱟᱛᱮ ᱜᱤ ᱒᱐᱒᱒ ᱥᱟᱞ ᱨᱮᱭᱟᱜ ᱢᱟᱨᱪ ᱢᱟᱹᱱᱦᱟᱹ ᱨᱮ ᱯᱨᱚᱵᱷᱤᱫᱷᱟᱱ ᱨᱮᱭᱟᱜ ᱜᱚᱵᱚᱞ ᱨᱮ ᱠᱩ ᱟᱹᱜᱩ ᱠᱮᱫᱟ ᱟᱨ ᱯᱮᱢᱮᱱᱴ ᱥᱤᱥᱴᱟᱢ ᱚᱯᱮᱨᱮᱴᱚᱨ (ᱯᱤᱮᱥᱳ) ᱞᱮᱠᱟᱛᱮ ᱵᱟᱪᱷᱱᱟᱣᱮᱱᱟ ᱾
प्रारंभिक प्रतिक्रिया बहुत अच्छा रहा है ।	ᱯᱩᱭᱞᱩ ᱛᱮᱞᱟ ᱫᱚ ᱟᱹᱰᱤ ᱢᱚᱡᱽ ᱜᱤ ᱛᱟᱦᱮᱸᱠᱟᱱᱟ ᱾
मूल्यवान ग्राहक होने के लिए धन्यवाद.	ᱫᱟᱢᱟᱱ ᱜᱟᱦᱟᱠ ᱦᱩᱭᱩᱜ ᱞᱟᱹᱜᱤᱫᱛᱮ ᱟᱭᱢᱟ ᱥᱟᱨᱦᱟᱣ ᱾
आयरलैंड में चर्च का अलगाव 1871 में हुआ, और वेल्स में 1920 में हुआ।	ᱟᱭᱟᱨᱞᱮᱹᱱᱰ ᱫᱚ ᱑᱘᱗᱑ ᱥᱟᱞ ᱨᱮ ᱵᱤᱱ ᱨᱤᱦᱤᱴ ᱞᱮᱱᱟ ᱟᱨ ᱑᱙᱒᱐ ᱥᱟᱞ ᱨᱮ ᱳᱭᱮᱞᱚᱥ ᱵᱤᱱ ᱨᱤᱦᱤᱴ ᱞᱮᱱᱟ ᱾
मैं मैं इसे देखने के लिए मिलता है उम्मीद है.	ᱤᱧ ᱟᱥᱚᱜ ᱠᱟᱹᱱᱟᱹᱧ ᱱᱚᱶᱟᱧ ᱧᱮᱞ ᱫᱟᱲᱮᱭᱟᱜᱼᱟ ᱾
मेरे पास सात कुर्सी हैं।	ᱤᱧ ᱴᱷᱮᱱ ᱮᱭᱟᱭ ᱜᱚᱴᱟᱝ ᱠᱩᱨᱥᱤ ᱢᱮᱱᱟᱜᱼᱟ ᱠᱚᱣᱟ।
अरे! क्या ये फूल आज सुबह ही ताज़ा तोड़े गए हैं?	ᱩᱦ ! ᱛᱮᱦᱮᱧ ᱥᱮᱛᱟᱜ ᱨᱮ ᱱᱚᱣᱟ ᱵᱟᱦᱟ ᱠᱚᱫᱚ ᱪᱮᱫ ᱱᱟᱣᱟᱛᱮ ᱥᱤᱫᱽ ᱦᱩᱭᱟᱠᱟᱱᱟ ?
वह ऐसा स्वाभाविक कर्ता है, उसकी कार्य - नियुक्‍ति इतनी मेहनत करती है!	ᱩᱱᱤ ᱫᱚ ᱱᱚᱝᱠᱟᱱ ᱢᱤᱫ ᱥᱟᱹᱵᱤᱠ ᱯᱟᱴᱷᱚᱠᱤᱭᱟᱹ, ᱩᱱᱤ ᱟᱜ ᱯᱟᱴ ᱫᱚ ᱟᱹᱰᱤ ᱟᱞᱜᱟ !
कुछ Navies समुद्र-पूर्व अस्पताल जहाजों को उच्च-स्किक परिस्थितियों में चिकित्सा सहायता देने के लिए सक्रिय करते हैं युद्ध या प्राकृतिक विपत्तियों की तरह प्राकृतिक विपत्तियों की तरह.	ᱞᱟᱹᱲᱦᱟᱹᱭ ᱥᱮ ᱥᱤᱨᱡᱚᱱᱟᱱ ᱵᱟᱹᱲᱤᱡᱽ ᱦᱟᱞᱚᱛᱨᱮ ᱡᱟᱹᱥᱛᱤ ᱠᱷᱚᱭᱠᱷᱚᱛᱤ ᱦᱟᱞᱚᱛᱨᱮ ᱴᱤᱠᱤᱪᱪᱷᱟ ᱜᱚᱲᱚ ᱮᱢᱚᱜ ᱞᱟᱹᱜᱤᱫ ᱠᱤᱪᱷᱩ ᱫᱟᱜᱽᱯᱷᱟᱹᱛ ᱥᱟᱹᱢᱩᱫᱥᱮᱡᱽ ᱪᱟᱞᱟᱜ ᱦᱟᱸᱥᱯᱟᱛᱟᱞᱨᱩᱯ ᱡᱟᱦᱟᱡᱽᱠᱩ ᱪᱟᱞᱟᱣᱵᱟᱱᱟᱣᱮᱫᱠᱟᱱ ᱛᱟᱦᱮᱸᱠᱟᱱᱟ ᱾
हर किसी को इन दो सत्यापित वैक्सीनों में से भी लेना होगा... ... Coviwisd और Caxin.	ᱥᱟᱱᱟᱢ ᱦᱚᱲᱜᱮ ᱠᱳᱵᱷᱤᱥᱤᱞᱰ ᱟᱨ ᱠᱳᱵᱦᱮᱠᱥᱤᱱ ᱵᱟᱨᱭᱟ ᱧᱩᱛᱩᱢᱟᱱ ᱵᱷᱮᱠᱥᱤᱱ ᱨᱮᱭᱟᱜ ᱡᱟᱦᱟᱸᱴᱟᱜ ᱜᱮ ᱦᱟᱛᱟᱣ ᱦᱩᱭᱩᱜ ᱛᱟᱢᱟ ᱾
चार मुख्य प्रस्ताव थे, और जैसे - जैसे विकास बढ़ता जाएगा, उसका अन्तिम मिश्रण अंतिम रूप से किया जाएगा ।	ᱯᱩᱱᱭᱟ ᱢᱩᱲᱩᱫ ᱯᱚᱥᱛᱟᱵ ᱛᱟᱦᱮᱸ ᱠᱟᱱᱟ ᱱᱟᱱᱟᱦᱩᱱᱟᱹᱨ ᱠᱷᱮᱛᱨᱚ ᱨᱮ ᱩᱫᱜᱟᱹᱣ ᱨᱮᱭᱟᱜ ᱞᱟᱦᱟᱱᱛᱤ ᱥᱟᱶ ᱥᱟᱶᱛᱮ ᱢᱩᱪᱟᱹᱫ ᱵᱮᱣᱦᱟᱨ ᱠᱚ ᱯᱟᱠᱟ ᱠᱚᱨᱟᱣ ᱦᱩᱭᱩᱜᱼᱟ ᱾
वह छोटी भूमिकाओं से तेज़ी से मुख्य भूमिकाओं तक पहुँचीं।	ᱩᱱᱤ ᱫᱚ ᱦᱩᱰᱤᱧ ᱦᱟᱯᱲᱟᱜ ᱦᱤᱸᱥ ᱠᱷᱚᱱ ᱜᱮ ᱟᱹᱰᱤ ᱩᱥᱟᱹᱨᱟ ᱢᱩᱲᱩᱫ ᱪᱩᱨᱤᱛ ᱨᱮᱭ ᱨᱟᱠᱟᱰ ᱦᱮᱡ ᱟᱠᱟᱱᱟ ᱾
मेरी कोमा को देखने के बाद मैं उन्हें पसंद करने लगी।	ᱤᱧ ᱢᱮᱨᱤ ᱠᱚᱢ ᱧᱮᱞ ᱛᱟᱭᱚᱢ ᱩᱱᱠᱩ ᱠᱩᱥᱤᱧ ᱮᱛᱚᱦᱚᱵ ᱟᱠᱟᱫᱟ ᱾
अंतर्राष्ट्रीय व्यापार केंद्र द्वारा संगठित किया जा रहा है, जो छोटे व्यवसायों और व्यवसायों की ज़रूरतों को विशिष्ट करता है और उनके लिए सहायता प्रदान करता है के रूप में वे डिजिटल व्यापार की तरह उनके लिए समर्थन प्रदान करता है: पुरुषों ए में युवा के लिए, क्षेत्र में छोटे व्यवसायों के लिए, SDGG-G के प्रदर्शनों के लिए छोटे व्यवसाय, युवा खेलों में और महिलाओं में खेल रहे हैं।	ᱡᱮᱜᱮᱫ ᱡᱟᱠᱟᱛ ᱵᱟᱹᱱᱤᱡ ᱛᱟᱞᱢᱟ ᱦᱚᱛᱮᱛᱮ ᱱᱟᱱᱟᱦᱩᱱᱟᱹᱨ ᱟᱠᱷᱲᱟ ᱠᱚ ᱥᱟᱯᱲᱟᱣ ᱦᱩᱭᱩᱜᱼᱟ, ᱡᱟᱸᱦᱟ ᱠᱚᱫᱚ ᱦᱩᱰᱤᱧ ᱵᱮᱯᱟᱨ ᱠᱚᱭ ᱥᱟᱵ ᱨᱟᱠᱟᱵᱟ ᱟᱨ ᱥᱟᱯᱲᱟᱣᱤᱭᱟᱹ ᱠᱚ ᱟᱨ ᱰᱤᱡᱤᱴᱟᱞ ᱴᱨᱮᱰ ᱞᱮᱠᱟ ᱦᱟᱨᱟ ᱨᱟᱠᱟᱵ ᱥᱟᱶᱥᱟᱶᱛᱮ ᱩᱱᱠᱩ ᱞᱟᱹᱜᱤᱫ ᱜᱚᱲᱚᱭ ᱮᱢᱚᱜᱼᱟ ᱺ ᱢᱮᱱᱟ ᱴᱚᱴᱷᱟ ᱨᱮ ᱡᱩᱣᱟᱹᱱ ᱠᱚ ᱞᱟᱹᱜᱤᱫ ᱫᱟᱣ, ᱮᱥᱰᱤᱡᱤ ᱯᱷᱚᱴᱚ ᱩᱫᱩᱜ ᱥᱚᱫᱚᱨ ᱞᱟᱹᱜᱤᱫ ᱦᱩᱰᱤᱧ ᱵᱮᱯᱟᱨ, ᱠᱷᱮᱞᱚᱸᱰᱨᱮ ᱡᱩᱣᱟᱹᱱ ᱥᱟᱯᱲᱟᱣᱤᱭᱟᱹ ᱟᱨ ᱛᱤᱨᱞᱟᱹ ᱠᱚᱣᱟᱜ ᱴᱟᱠᱟ ᱠᱷᱟᱴᱟᱣ ᱾
टीम खेल का मतलब है, खिलाड़ियों के साथ मिलकर काम करना ।	ᱢᱤᱫᱴᱟᱝ ᱴᱤᱢ ᱠᱷᱮᱞᱚᱸᱰ ᱢᱮᱱᱮᱫ ᱫᱚ ᱦᱟᱹᱴᱤᱧ ᱟᱠᱟᱫ ᱡᱚᱥ ᱞᱟᱹᱜᱤᱫ ᱠᱷᱮᱞᱚᱸᱰᱤᱭᱟᱹ ᱠᱚ ᱢᱤᱫ ᱥᱟᱶᱛᱮ ᱠᱟᱹᱢᱤᱭ ᱥᱟᱶᱛᱮ ᱦᱚᱲᱢᱚ ᱨᱮᱭᱟᱜ ᱠᱟᱹᱢᱤᱠᱚ ᱾
फ़ील्ड हॉकी एक टीम का खेल है जिसमें खिलाड़ियों की एक टीम उन लक्ष्यों पर हमला करने, धक्का देने, या एक विरोधी टीम के लक्ष्य में गेंद खींचने की कोशिश करती है.	ᱯᱷᱤᱞᱰ ᱦᱚᱠᱤᱫᱚ ᱢᱤᱫ ᱜᱟᱫᱮᱞᱟᱱᱟᱜ ᱠᱷᱮᱞ ᱠᱟᱱᱟ ᱡᱟᱸᱦᱟᱨᱮ ᱠᱷᱮᱞᱚᱸᱰᱤᱭᱟᱹ ᱠᱚᱣᱟᱜ ᱢᱤᱫᱴᱟᱝ ᱜᱟᱫᱮᱞ ᱫᱚ ᱠᱚᱸᱲᱵᱮ ᱴᱷᱮᱸᱜᱟ ᱵᱮᱣᱦᱟᱨ ᱠᱟᱛᱮᱜ ᱫᱚᱥᱟᱨ ᱯᱟᱦᱟᱴᱟ ᱨᱮᱭᱟᱜ ᱜᱳᱞᱨᱮ ᱵᱚᱞ ᱛᱟᱹᱠᱤᱡ, ᱥᱠᱩᱯᱤᱝ, ᱴᱷᱮᱞᱟᱣ ᱥᱮ ᱯᱷᱞᱤᱠ ᱠᱟᱛᱮᱜ ᱜᱳᱞ ᱨᱮᱭᱟᱜ ᱠᱚ ᱨᱤᱠᱟᱹᱭᱟ ᱾
यह मैनिटोबा की विधान सभा के सदस्यों का चुनाव करने के लिए था।	ᱱᱚᱶᱟ ᱫᱚ ᱛᱟᱦᱮᱸ ᱠᱟᱱᱟ ᱢᱮᱹᱱᱤᱴᱳᱵᱟᱨ ᱟᱹᱱ ᱥᱚᱵᱷᱟ ᱨᱮᱱ ᱨᱟᱹᱥᱭᱟᱹ ᱠᱚ ᱵᱟᱪᱷᱱᱟᱣ ᱠᱚ ᱞᱟᱹᱜᱤᱫ ᱾
आज जब बाज़ार में क्रिप्टोकरेंसी का मूल्य तेजी से गिरा तो मैं पूरी तरह से भौचक्का रह गया।	ᱛᱮᱦᱮᱧ ᱵᱟᱡᱟᱨ ᱨᱮ ᱠᱨᱤᱯᱴᱳᱠᱟᱨᱮᱱᱥᱤ ᱨᱮᱭᱟᱜ ᱜᱚᱱᱚᱝ ᱟᱹᱰᱤ ᱠᱚᱢ ᱞᱮᱱ ᱠᱷᱟᱱ ᱤᱧ ᱵᱟᱝ ᱵᱟᱰᱟᱭ ᱠᱟᱛᱮ ᱠᱚ ᱥᱟᱵ ᱞᱤᱫᱤᱧᱟ ᱾
इसके अलावा, वह अकसर रफाआ, माकामामामामामामामामामामा, एनल काऊ, शाख खान और आमिरमामामा के साथ सहयोग देता है ।	ᱮᱴᱟᱜ ᱮᱴᱟᱜ ᱯᱟᱴᱷᱚᱠ ᱡᱟᱦᱟᱸᱭ ᱥᱟᱶᱛᱮ ᱩᱱᱤ ᱜᱷᱟᱱᱮ ᱜᱮ ᱢᱤᱫ ᱥᱟᱶᱛᱮ ᱠᱟᱹᱢᱤ ᱞᱮᱫᱟᱭ ᱦᱩᱭ ᱮᱱᱟᱠᱚ ᱨᱮᱠᱷᱟ, ᱢᱟᱫᱚᱷᱨᱤ ᱫᱤᱠᱷᱤᱛ, ᱚᱱᱤᱞ ᱠᱟᱯᱩᱨ, ᱥᱟᱦᱩᱨᱩᱠᱷ ᱠᱷᱟᱱ ᱟᱨ ᱚᱢᱨᱮᱥ ᱯᱩᱨᱤ ᱾
इस तरह की कड़ी मेहनत की वजह से सेवा करने की रफ्तार बढ़ गयी है और जनता में शिकायतें कम हो रही हैं ।	ᱱᱚᱝᱠᱟᱱ ᱢᱤᱴᱴᱮᱱ ᱵᱟᱝ ᱡᱤᱨᱟᱹᱣ ᱦᱚᱨᱟ ᱫᱚ ᱥᱟᱨᱵᱷᱤᱥ ᱰᱮᱞᱤᱵᱷᱟᱹᱨᱤ ᱥᱯᱤᱰ ᱵᱟᱰᱦᱟᱣᱮ ᱜᱚᱬᱚᱣᱟᱠᱟᱫᱟ ᱟᱨ ᱦᱚᱲ ᱠᱚᱣᱟᱜ ᱫᱩᱠᱷ ᱠᱩᱭ ᱠᱚᱢ ᱟᱠᱟᱫᱟ ᱾
मुझे आश्चर्य है कि वे इस साल स्टोर में क्या है.	ᱤᱧᱫᱚᱧ ᱦᱟᱦᱟᱲᱟᱜᱽᱠᱟᱱᱟ ᱩᱝᱠᱩ ᱫᱚ ᱟᱞᱮ ᱞᱟᱹᱜᱤᱫᱽ ᱪᱮᱫᱽᱠᱩ ᱥᱟᱡᱟᱣ ᱟᱹᱜᱩᱣᱟᱠᱟᱫᱟ ᱢᱮᱱᱛᱮ ᱾
मेरे पास अड़तीस बच्चा हैं।	ᱤᱧ ᱴᱷᱮᱱ ᱯᱮ ᱜᱮᱞ ᱟᱨ ᱜᱚᱴᱟᱝ ᱜᱤᱫᱽᱨᱟᱹ ᱢᱮᱱᱟᱜᱼᱟ ᱠᱚᱣᱟ।
मैं यहां काम के लिए हूँ	ᱤᱧ ᱱᱚᱸᱰᱮ ᱠᱟᱹᱢᱤ ᱞᱟᱹᱜᱤᱫ ᱢᱤᱱᱟᱹᱧᱟ
फिर हम कह सकते हैं कि गायन स्वरों और स्वरों को बनाने के लिए एक संगीत बनाने का कौशल है जिस से गीत, स्वर, स्वर, और स्वर उत्पन्‍न होता है ।	ᱛᱟᱦᱚᱞᱮᱵᱩᱱ ᱢᱮᱱ ᱫᱟᱲᱮᱭᱟᱜᱼᱟ ᱡᱮ ᱨᱟᱦᱟ ᱫᱚ ᱦᱩᱭᱩᱜᱠᱟᱱᱟ ᱨᱚᱲ, ᱳᱭᱠᱚᱛᱟᱱ, ᱛᱟᱞ ᱟᱨ ᱟᱲᱟᱝ ᱠᱟᱹᱢᱤᱨᱮ ᱞᱟᱜᱟᱣᱠᱟᱛᱮ ᱥᱮᱨᱮᱧ ᱞᱟᱹᱜᱤᱫ ᱟᱸᱡᱚᱢ ᱞᱮᱠᱟᱱ ᱟᱲᱟᱝ ᱟᱨ ᱟᱲᱟᱝ ᱛᱟᱨᱠᱚ ᱩᱪᱩᱭ ᱨᱮᱭᱟᱜ ᱜᱟᱹᱠᱷᱩᱲ ᱠᱟᱱᱟ ᱾
इस दौरान 1789 में फ्रांसीसी क्रांति शुरू हुई।	ᱱᱚᱶᱟ ᱚᱠᱛᱚ, ᱑᱗᱘᱙ ᱥᱟᱞ ᱨᱮ ᱯᱷᱚᱨᱟᱥᱤ ᱞᱟᱹᱲᱦᱟᱹᱭ ᱮᱛᱚᱦᱚᱵ ᱞᱮᱱᱟ ᱾
अंतरिक्ष में उपग्रह कॉल हो जाता है और फिर इसे वापस प्रकट करता है, लगभग तत्काल.	ᱚᱱᱛᱨᱤᱠᱥ ᱨᱮ ᱩᱯᱜᱽᱨᱚᱦ ᱠᱚᱞ ᱧᱟᱢ ᱮᱫᱟᱭ ᱟᱨ ᱩᱱᱤ ᱞᱚᱜᱟᱱ ᱜᱮ ᱵᱷᱮᱡᱟ ᱨᱩᱣᱟᱹᱲ ᱠᱟᱜ ᱠᱟᱱᱟᱭ᱾
बोर्ड ऑफ कंट्रोल की सदस्यता में केवल एक बदलाव हुआ था।	ᱵᱳᱨᱰ ᱚᱯᱷ ᱠᱱᱴᱨᱳᱞ ᱨᱮᱭᱟᱜ ᱨᱟᱹᱥᱤᱭᱟᱹ ᱦᱩᱫᱟᱹᱨᱮ ᱢᱤᱫᱴᱟᱝ ᱥᱩᱢᱩᱝ ᱵᱚᱱᱚᱫᱚᱞ ᱦᱩᱭ ᱟᱠᱟᱱᱟ ᱾
यदि वह शास्त्रीय संगीत में दिलचस्पी नहीं रखती है, तो आपको उसे यह सीखने के लिए मजबूर नहीं करना चाहिए ।	ᱫᱟᱭᱟ ᱠᱟᱛᱮ ᱫᱤᱥᱟᱹ ᱫᱚᱦᱚᱭ ᱢᱮ ᱡᱮ ᱩᱱᱤ ᱡᱩᱫᱤ ᱥᱟᱥᱛᱚᱨ ᱥᱮᱹᱨᱮᱹᱧ ᱵᱟᱭ ᱜᱚᱨᱚᱡᱟᱜᱼᱟ ᱮᱱᱠᱷᱟᱱ ᱚᱱᱟ ᱪᱮᱫ ᱞᱟᱹᱜᱤᱫ ᱟᱞᱚᱢ ᱵᱚᱲᱦᱮ ᱮᱭᱟ ᱾
मेरे पास चौहत्तर पक्षी हैं।	ᱤᱧ ᱴᱷᱮᱱ ᱮᱭᱟᱭ ᱜᱮᱞ ᱯᱳᱱ ᱜᱚᱴᱟᱝ ᱪᱤᱲᱤᱡ ᱢᱮᱱᱟᱜᱼᱟ ᱠᱚᱣᱟ।
जब मैंने यह वस्तु खरीदी थी, तो मुझे दुकान के क्लर्क द्वारा आश्वासन दिया गया था कि मैं इसे बदल सकता हूँ।	ᱤᱧ ᱡᱚᱠᱷᱚᱱ ᱱᱚᱣᱟ ᱡᱤᱱᱤᱥ ᱤᱧ ᱠᱤᱨᱤᱧ ᱞᱮᱫᱟ, ᱩᱱᱫᱚ ᱫᱳᱠᱟᱱ ᱨᱮᱱ ᱠᱮᱨᱟᱱᱤ ᱵᱷᱚᱨᱥᱟᱭ ᱮᱢᱟᱫᱤᱧ  ᱛᱟᱦᱮᱸᱫ ᱡᱮ ᱤᱧ ᱱᱚᱶᱟᱧ ᱵᱚᱫᱚᱞ ᱫᱟᱲᱮᱭᱟᱜᱼᱟ ᱾
हा! यह उन्हें अतिरिक्त धक्का देता है.	ᱦᱟ ᱦᱟ ! ᱱᱤᱭᱟᱹ ᱫᱚ ᱩᱝᱠᱩ ᱵᱟᱹᱬᱛᱤ ᱩᱫᱜᱟᱹᱣᱮ ᱮᱢᱟᱢᱟ ᱾
देश ने CVID-19 और यूक्रेन में हुए संघर्ष का विरोध किया है.	ᱫᱤᱥᱟᱹᱢ ᱫᱚ ᱠᱳᱵᱷᱤᱰᱼ᱑᱙ ᱟᱨ ᱤᱭᱩᱠᱨᱮᱱ ᱨᱮ ᱞᱟᱹᱲᱦᱟᱹᱭ ᱠᱷᱚᱱ ᱧᱟᱢᱚᱜ ᱫᱩᱠᱷᱼᱮ ᱥᱟᱦᱟᱣᱼᱟᱠᱟᱫᱟ ᱾
मेरा हाथ थोड़ा सूजन है.	ᱤᱧᱟᱜ ᱛᱤ ᱱᱟᱥᱮᱭᱟᱜ ᱯᱷᱩᱞᱟᱹᱣ ᱟᱠᱟᱱᱟ ᱾
डिस्कॉर्ड टेक्स्ट चैनल केवल एक समूह चैट (ग्रुप चैट) है।	ᱱᱚᱶᱟ ᱫᱚ ᱦᱩᱭᱩᱜ ᱠᱟᱱᱟ ᱢᱤᱫᱴᱟᱝ ᱰᱤᱥᱠᱚᱨᱰ ᱯᱟᱲᱦᱟᱜ  ᱪᱮᱹᱱᱮᱞ ᱨᱮᱭᱟᱜ ᱢᱤᱫᱴᱟᱝ ᱜᱨᱩᱯ ᱪᱮᱹᱴ ᱾
सन्‌ 2013 से पहले, भारतीय कंपनियों को भारत में आईओ को पहली बार पूरा किए बगैर अंतर्राष्ट्रीय रूप से उनकी सूची देने की अनुमति नहीं दी गयी ।	᱒᱐᱑᱓ ᱥᱟᱹᱦᱤᱛ ᱞᱟᱦᱟᱨᱮ, ᱵᱷᱟᱨᱚᱛ ᱨᱮᱭᱟᱜ ᱠᱳᱢᱯᱟᱱᱤ ᱠᱚ ᱵᱷᱟᱨᱚᱛᱨᱮ ᱢᱤᱫᱴᱟᱝ ᱟᱭ ᱯᱤ ᱳ ᱵᱟᱝ ᱯᱩᱨᱟᱹᱣ ᱠᱟᱛᱮᱜ ᱡᱮᱜᱮᱫ ᱡᱟᱠᱟᱛ ᱞᱮᱠᱟᱛᱮ ᱟᱠᱚᱣᱟᱜ ᱥᱤᱠᱤᱣᱩᱨᱤᱴᱤ ᱠᱚ ᱛᱟᱹᱞᱤᱠᱟ ᱥᱮᱞᱮᱫ ᱨᱮᱭᱟᱜ ᱪᱷᱟᱹᱲ ᱵᱟᱝ ᱮᱢ ᱦᱩᱭᱟᱠᱟᱱᱟ ᱾
सुग्री ने पूर्ण रूप से अदूषित Pandide के चरित्र के लिए न्याय किया ।	ᱥᱩᱢᱵᱚᱞᱤ ᱫᱚ ᱥᱟᱨᱚᱫᱟ ᱯᱚᱱᱰᱤᱛ ᱪᱩᱨᱤᱛ ᱨᱮᱭᱟᱜ ᱯᱩᱨᱟᱹ ᱯᱩᱨᱤ ᱥᱟᱹᱨᱤ ᱵᱤᱪᱟᱹᱨ ᱞᱮᱫᱟ ᱾
802.11n मानक 24Gez और 5.0GERT पर काम करता है.	᱘᱐᱒.᱑᱑n ᱥᱴᱮᱱᱰᱟᱨᱰ ᱒.᱔Ghz ᱟᱨ ᱕.᱐Ghz ᱵᱟᱱᱟᱨ ᱯᱷᱨᱤᱠᱩᱭᱮᱱᱥᱤ ᱨᱮᱜᱮᱭ ᱠᱟᱹᱢᱤᱭᱟ᱾
एड्रिया एयरवेज: एड्रिया एयरवेज स्लोवेनिया की राष्ट्रीय एयरलाइन थी।	ᱢᱟᱫᱨᱤᱭᱟ ᱮᱭᱟᱨᱣᱭᱮᱡ ᱢᱟᱫᱨᱤᱭᱟ ᱮᱭᱟᱨᱣᱭᱮᱡ ᱫᱚ ᱛᱟᱦᱮᱸ ᱠᱟᱱᱟ ᱥᱞᱳᱵᱷᱮᱱᱤᱭᱟ ᱨᱮᱭᱟᱜ ᱡᱟᱹᱛᱤᱭᱟᱹᱨᱤ ᱩᱰᱟᱹᱱ ᱜᱟᱹᱰᱤ ᱥᱮᱢᱞᱮᱫ ᱾ ᱾
उत्तरी भारत और पाकिस्तान के क्षेत्रों में, आम तौर पर मुर्गी का प्रयोग किया जाता है; दक्षिण भारत में और दक्षिण - पूर्वी भारत के कुछ अन्य तटीय क्षेत्रों में, नारियल का दूध आम तौर पर प्रयोग किया जाता है ।	ᱩᱛᱛᱨᱤ ᱥᱤᱧᱚᱛ ᱟᱨ ᱯᱟᱠᱤᱥᱛᱟᱱ ᱨᱮᱱᱟᱜ ᱵᱷᱤᱛᱤᱨ ᱴᱚᱴᱷᱟ ᱨᱮ, ᱫᱟᱦᱤ ᱨᱮᱱᱟᱜ ᱵᱮᱵᱷᱟᱨ ᱚᱱᱠᱟ ᱯᱟᱨ ᱠᱟᱨᱤ ᱦᱩᱭᱩᱜ ᱠᱟᱱᱟ; ᱫᱟᱠᱷᱤᱱ ᱥᱤᱧᱚᱛ ᱟᱨ ᱥᱟᱵᱽ ᱟᱭᱤᱞᱮᱭᱱᱰ ᱨᱮᱱᱟᱜ ᱠᱤᱪᱷᱩ ᱟᱭᱢᱟ ᱟᱲᱮ ᱴᱚᱴᱷᱟ ᱨᱮ, ᱱᱟᱹᱨᱠᱟᱹᱲ ᱨᱮᱱᱟᱜ ᱛᱚᱣᱟ ᱚᱱᱠᱟ ᱨᱮ ᱵᱮᱵᱷᱟᱨ ᱦᱩᱭᱩᱜ ᱠᱟᱱᱟ᱾
यह आश्‍चर्य की बात होगी यदि हम अपने दस्तावेज़ के अतिरेर के शीर्ष से दृश्‍य को शामिल कर सकते हैं ।	ᱱᱚᱶᱟᱫᱚ ᱟᱹᱰᱤ ᱦᱟᱦᱟᱲᱟ ᱟᱱᱟᱜ ᱦᱩᱭᱩᱜᱼᱟ ᱡᱩᱫᱤ ᱟᱞᱮ ᱟᱞᱮᱭᱟᱜ ᱰᱚᱜᱚᱨ ᱪᱤᱛᱟᱹᱨᱨᱮ ᱢᱤᱱᱟᱨ ᱪᱮᱛᱟᱱ ᱨᱮᱭᱟᱜ ᱪᱤᱛᱟᱹᱨᱞᱮ ᱥᱮᱞᱮᱫ ᱫᱟᱲᱮᱭᱟᱜᱼᱟ ᱾
अमरीकी लोग ब्रिटेन की मदद करने के लिए अटलांटिक महासागर के पार मनुष्यों और सामग्री को स्थानांतरित करने की कोशिश कर रहे थे ।	ᱱᱚᱣᱟ ᱨᱮᱭᱟᱜ ᱢᱤᱫ ᱱᱮᱦᱟᱹᱞᱤᱭᱟᱜ ᱫᱟᱹᱭᱠᱟᱹ ᱧᱮᱛᱮᱞ ᱠᱷᱚᱱ ᱮᱛᱚᱢ ᱟᱴᱞᱟᱱᱴᱤᱠ ᱠᱮᱢᱯᱮᱱ ᱫᱚ ᱫᱚᱥᱟᱨ ᱫᱷᱟᱹᱨᱛᱤ ᱞᱟᱹᱲᱦᱟᱹᱭ ᱠᱟᱱᱟI ᱵᱨᱤᱴᱮᱱ ᱜᱚᱲᱚᱣᱟᱭ ᱞᱟᱹᱜᱤᱱ ᱟᱢᱮᱨᱤᱠᱟᱱ ᱠᱚᱫᱚ ᱟᱴᱞᱟᱱᱴᱤᱠ ᱢᱚᱦᱟᱫᱚᱨᱭᱟ ᱛᱮ ᱠᱚᱲᱟ ᱦᱚᱲᱠᱚ ᱟᱨ ᱡᱤᱱᱤᱥᱠᱚ ᱩᱱᱩᱪᱟᱹᱲ ᱞᱟᱹᱜᱤᱫ ᱪᱮᱥᱴᱟ ᱮᱫ ᱛᱟᱦᱮᱸᱱI
जी हाँ, तो यह केवल एक साल के लिए और निवेश की मात्रा बाद में प्रति परिवार की वृद्धि हुई ।	ᱦᱮᱸ, ᱮᱱᱠᱷᱟᱱ ᱱᱚᱶᱟ ᱫᱚ ᱥᱩᱢᱩᱝ ᱢᱤᱫ ᱥᱮᱨᱢᱟ ᱞᱟᱹᱜᱤᱫ ᱥᱟᱵᱽᱥᱠᱨᱤᱯᱥᱚᱱ ᱵᱟᱵᱚᱛ ᱡᱷᱤᱡ ᱛᱟᱦᱮᱸ ᱠᱟᱱᱟ ᱟᱨ ᱥᱚᱯᱚᱦᱚᱫ ᱠᱮᱢᱯᱤᱝ ᱛᱟᱭᱚᱢ ᱜᱷᱟᱨᱚᱸᱡᱽ ᱯᱤᱪᱷᱤ ᱵᱟᱲᱦᱟᱣ ᱦᱩᱭ ᱠᱞᱮᱱᱟ ᱾
महिलाओं के अधिकार वास्तव में मानव अधिकार हैं.	ᱛᱤᱨᱞᱟᱹ ᱠᱩᱣᱟᱜ ᱟᱹᱭᱫᱟᱹᱨ ᱫᱚ ᱢᱩᱫᱷᱩᱛ ᱞᱮᱠᱟᱛᱮ ᱢᱟᱹᱱᱢᱤ ᱠᱩᱣᱟᱜ ᱟᱹᱭᱫᱟᱹᱨ ᱠᱟᱱᱟ ᱾
ईसाई धर्म के प्रसार और उसके बाद इस्लाम के प्रसार ने हेलेनिस्टिक दर्शन को और फैलाया।	ᱠᱨᱤᱥᱴᱟᱱ ᱫᱷᱚᱨᱚᱢ ᱨᱮᱭᱟᱜ ᱯᱟᱥᱱᱟᱣ ᱟᱨ ᱤᱥᱞᱟᱢ ᱨᱮᱭᱟᱜ ᱯᱟᱥᱱᱟᱣ ᱫᱚ ᱦᱮᱞᱮᱱᱤᱥᱴᱤᱠ ᱥᱟᱹᱨᱭᱟᱹᱲ ᱨᱮ ᱟᱨᱦᱚᱭ ᱯᱟᱥᱱᱟᱣ ᱞᱮᱫᱟ ᱾
मैं वास्तव में यह देखने के लिए प्रभावित हूँ कि आपको विवरणों में नदियों का एक अच्छा विचार है।	ᱤᱧᱫᱚ ᱥᱟᱹᱨᱤᱜᱮᱧ ᱠᱩᱥᱤ ᱟᱠᱟᱱᱟ ᱡᱮ ᱟᱢᱟᱜ ᱱᱟᱹᱭ ᱤᱫᱤᱠᱟᱛᱮᱜ ᱵᱤᱪᱷᱱᱟᱹᱣᱛᱮ ᱢᱤᱫ ᱱᱟᱯᱟᱭ ᱩᱭᱦᱟᱹᱨ ᱢᱮᱱᱟᱜᱼᱟ ᱾
बेटा, मैंने तुमसे कितनी बार कहा है कि मेरे ऑफिस के लैपटॉप पर गेम मत खेलो?	ᱵᱟᱹᱵᱩ, ᱛᱤᱱᱟᱹᱜ ᱫᱷᱟᱣᱤᱧ ᱢᱮᱱ ᱟᱠᱟᱫ ᱢᱮᱭᱟ ᱤᱧᱟᱜ ᱚᱯᱷᱤᱥ ᱞᱮᱯᱴᱚᱯ ᱨᱮ ᱜᱮᱢ ᱟᱞᱚᱢ ᱜᱟᱛᱤᱜᱼᱟ ᱢᱮᱱᱛᱮ ?
रोटी	ᱯᱤᱴᱷᱟᱹ
यह सच है कि बौद्ध भवन, सबसे प्राचीन कला में से एक है ।	ᱥᱟᱹᱨᱤᱜᱮ, ᱵᱳᱣᱫᱷᱚ ᱛᱷᱟᱯᱚᱛᱛᱚ ᱩᱯᱚᱢᱟᱦᱟᱫᱤᱥᱚᱢ ᱨᱮᱭᱟᱜ ᱡᱚᱛᱚᱠᱷᱚᱱ ᱢᱟᱨᱮᱱ ᱮᱱᱮᱢ ᱠᱟᱱᱟ ᱾
आईसीसी नियमों के अनुसार, एक ओडीआई मैच 25 से अधिक के बाद केवल अधिकारी है...	ᱟᱭᱹ ᱥᱤᱹ ᱥᱤ ᱼᱟᱜ ᱟᱹᱱ ᱞᱮᱠᱟᱛᱮ, ᱫᱚᱥᱟᱨ ᱫᱷᱟᱣ ᱨᱮ ᱵᱮᱴ ᱟᱠᱟᱫ ᱯᱟᱦᱟᱴᱟ ᱜᱮ ᱒᱕ ᱳᱵᱷᱟᱨ ᱵᱚᱞ ᱛᱟᱭᱚᱢᱜᱮ ᱢᱤᱫᱴᱟᱝ ᱥᱩᱢᱩᱝ ᱢᱤᱫ ᱫᱤᱱ ᱨᱮᱭᱟᱜ ᱡᱮᱜᱮᱫ ᱡᱟᱠᱟᱛ ᱢᱮᱪ ᱥᱚᱨᱠᱟᱨᱤ ᱞᱮᱠᱟᱛᱮ ᱢᱟᱱᱟᱜᱼᱟ ᱾
यह एक ऐसी सरकार है जो समाज को भ्रष्ट करने के लिए बनायी गयी है ।	ᱯᱳᱭᱞᱳ ᱟᱜ ᱫᱚ ᱟᱨᱡᱟᱣ ᱫᱟᱲᱮ ᱩᱛᱱᱟᱹᱣᱤᱡ ᱢᱤᱫᱴᱟᱝ ᱩᱯᱚᱵᱷᱳᱠᱛᱟ ᱠᱟᱹᱣᱰᱤᱟᱹᱨᱤ, ᱛᱟᱭᱚᱢᱟᱜ ᱫᱚ ᱥᱟᱶᱛᱟ ᱧᱮᱞᱥᱟᱢᱴᱟᱣ ᱞᱟᱹᱜᱤᱫ ᱛᱟᱱᱟᱞᱟ ᱞᱮᱠᱟᱮ ᱟᱜᱟᱢ ᱩᱭᱦᱟᱹᱨ ᱟᱠᱟᱱ ᱢᱤᱫᱴᱟᱝ ᱜᱷᱟᱹᱲᱛᱤ ᱠᱟᱹᱣᱰᱤ ᱟᱹᱨᱤ ᱾
मैं बहुत देर हो चुकी हूँ?	ᱤᱧ ᱫᱚ ᱟᱹᱰᱤᱧ ᱵᱤᱞᱚᱢᱟᱠᱟᱱᱟ ?
सन्‌ 1967 में सम्मेलन के चुनावों में सभी सामाजिक दलों को खत्म कर दिया गया और सी. सी.	᱑᱙᱖᱗ ᱼᱨᱮ ᱯᱚᱱᱚᱛ ᱵᱤᱫᱷᱟᱱᱥᱚᱵᱷᱟ ᱵᱟᱪᱷᱱᱟᱣᱨᱮ ᱡᱷᱚᱛᱚ ᱥᱚᱢᱟᱡᱽᱛᱟᱱᱛᱨᱤᱠ ᱜᱟᱫᱮᱞ ᱵᱟᱫᱽ ᱞᱮᱱᱟ, ᱟᱨ ᱥᱤ ᱯᱤ ᱟᱭ ᱵᱤᱨᱩᱫ ᱜᱟᱫᱮᱞ ᱠᱚᱨᱮᱱᱟᱜ ᱢᱟᱹᱱ ᱟᱫ ᱞᱮᱱᱟ ᱾
उन्होंने कहा कि अफवाहों का उल्लेख "विद्वत्ता गपशप और पवित्रता" के रूप में किया।	ᱩᱱᱤ ᱜᱩᱡᱚᱵᱽ ᱠᱟᱛᱷᱟ ᱠᱚ "ᱨᱟᱡᱽᱱᱤᱛᱤᱠ ᱵᱚᱠᱣᱟᱥ ᱠᱟᱛᱷᱟ ᱟᱨ ᱢᱩᱨᱩᱠᱟᱱ" ᱦᱤᱥᱟᱹᱵ ᱛᱮ ᱞᱟᱹᱭ ᱞᱮᱜᱼᱟᱭI
हालांकि, टी. बी. के लोगों के पूरे समूह में XDB का प्रतिशत कम प्रतीत होता है, दक्षिण अफ्रीका में किसी भी विशेष क्षण में कुल 30,000 लोग संक्रमित होते हैं.	ᱛᱚᱵᱮ ᱴᱤᱣᱵᱟᱨᱠᱩᱞᱚᱥᱤᱥ ᱧᱟᱢ ᱟᱠᱟᱫ ᱠᱚ ᱦᱚᱲ ᱠᱚᱣᱟᱜ ᱯᱩᱨᱟᱹ ᱜᱩᱥᱴᱤ ᱢᱩᱸᱫᱽ ᱨᱮ XDR-TB ᱨᱮᱭᱟᱜ ᱥᱟᱭᱠᱚᱲᱟ ᱫᱚ ᱠᱚᱢ ᱜᱮᱭᱟ; ᱮᱛᱚᱢ ᱟᱯᱷᱨᱤᱠᱟ ᱨᱮ ᱡᱟᱦᱟᱸᱱ ᱢᱤᱫ ᱚᱠᱛᱚ ᱨᱮ ᱤᱱᱯᱷᱮᱠᱴᱮᱰ ᱟᱠᱟᱱ ᱜᱩᱴ ᱓᱓᱐,᱐᱐᱐ ᱢᱩᱸᱫᱽ ᱨᱮ ᱖᱐᱐᱐᱾
सुबह की कसरत के बाद मुझे बहुत अच्छा महसूस होता है।	ᱥᱮᱛᱟᱜ ᱨᱮ ᱳᱣᱟᱨᱠᱼᱟᱹᱣᱩᱴ ᱠᱚᱨᱟᱣ ᱛᱟᱭᱚᱢ ᱤᱧ ᱟᱹᱰᱤ ᱱᱟᱯᱟᱭ ᱤᱧ ᱟᱴᱠᱟᱨ ᱮᱫᱟ ᱾
अंग्रेजी में वर्त्स्य व्यंजन (Alveolar consonants) ये हैं।	ᱤᱝᱨᱮᱡᱤᱛᱮ ᱮᱹᱞᱵᱷᱤᱣᱞᱟ ᱨᱮᱭᱟᱜ ᱠᱮᱪᱮᱫ ᱟᱲᱟᱝ ᱫᱚ ᱦᱩᱭᱩᱜ ᱠᱟᱱᱟ , , , , ᱟᱨ ᱾
हम इसे कैसे खरीद सकते हैं?	ᱟᱞᱮ ᱪᱮᱠᱟᱛᱮᱞᱮ ᱠᱤᱨᱤᱧ ᱫᱟᱲᱮᱭᱟᱜᱼᱟ ?
कंप्यूटर द्वारा खेल में हारने के बाद ली सेडोल ने 'गो' (Go) नामक खेल खेलना छोड़ने का फैसला किया। वह एक महान खिलाड़ी थे और मुझे उनके मैच देखने की याद आती है।	ᱞᱤ ᱥᱮᱰᱚᱞ ᱫᱚ "ᱜᱳ" ᱧᱩᱛᱩᱢᱟᱱ ᱜᱮᱢ ᱠᱷᱮᱞᱳᱰ ᱟᱲᱟᱜ ᱨᱮᱭᱟᱜᱼᱮ ᱴᱷᱟᱲᱚ ᱜᱚᱴᱟᱞᱮᱫᱟ ᱛᱤᱱᱨᱮ ᱜᱮᱢᱴᱟᱜ ᱨᱮ ᱢᱤᱫᱴᱟᱝ ᱠᱚᱢᱯᱤᱭᱩᱴᱟᱨ ᱩᱱᱤ ᱵᱤᱨᱩᱫ ᱨᱮᱭ ᱡᱤᱛᱠᱟᱹᱨ ᱞᱮᱱᱟ ᱾ ᱩᱱᱤ ᱫᱚ ᱢᱤᱫᱴᱟᱝ ᱥᱚᱨᱮᱥ ᱠᱷᱮᱞᱳᱰᱤᱭᱟᱹᱭ ᱛᱟᱦᱮᱠᱟᱱᱟ ᱟᱨ ᱤᱧ ᱫᱚ ᱩᱱᱤᱭᱟᱜ ᱠᱷᱮᱞ ᱵᱟᱝ ᱧᱮᱞ ᱧᱟᱢ ᱵᱟᱲᱤᱡᱤᱧ ᱵᱩᱡᱷᱼᱟ ᱾
यह गेम केवल प्लेस्टेशन 2 सिस्टम के लिए उपलब्ध था।	ᱠᱷᱮᱞᱚᱰ ᱫᱚ ᱮᱠᱷᱮᱱ ᱯᱞᱮᱥᱴᱮᱥᱚᱱ ᱒ ᱥᱤᱥᱴᱮᱢ ᱞᱟᱹᱜᱤᱫ ᱵᱷᱩᱡᱟᱹᱣ ᱨᱮᱭᱟᱜ ᱛᱟᱦᱮᱸ ᱠᱟᱱᱟ ᱾
मैं मैडम माफी चाहता हूँ.	ᱫᱩᱠ ᱤᱧ ᱥᱚᱫᱚᱨ ᱮᱫᱟ ᱢᱟᱪᱮᱛᱟᱱᱤ ᱾
22 अप्रैल 1966 को इसे अपना रॉयल चार्टर दिया गया था।	᱒᱒ ᱮᱯᱨᱤᱞ ᱑᱙᱖᱖ᱼᱨᱮ, ᱱᱚᱣᱟ ᱫᱚ ᱩᱱᱤᱭᱟᱜ ᱨᱟᱡᱚᱠᱤᱭᱚ ᱥᱚᱱᱚᱫ ᱮᱢ ᱦᱩᱭᱞᱮᱱᱟ ᱾
इसके अतिरिक्‍त, ऐसा करने से गंभीर परिणाम होते हैं: हताशा, कुपोषण, और आख़िरकार मृत्यु ।	ᱱᱚᱣᱟ ᱠᱷᱚᱱ ᱵᱟᱹᱲᱛᱤ, ᱱᱚᱝᱠᱟ ᱠᱚᱨᱟᱣ ᱨᱮ ᱵᱮᱨᱛᱷᱟ ᱨᱮᱱᱟᱝ ᱜᱟᱹᱦᱤᱸᱨ ᱚᱨᱥᱚᱝ ᱛᱟᱦᱮᱸᱱ ᱠᱟᱱᱟ ᱺ ᱵᱤᱠᱟᱥ ᱚᱵᱽᱥᱟᱫ, ᱠᱩᱯᱚᱥᱚᱱ ᱟᱨ ᱢᱩᱪᱟᱹᱫ ᱨᱮ ᱜᱩᱡᱩᱜI
सन्‌ 1997 में सैनयो "PPCP ” के साथ काम कर रहे थे पाण्डे के बहुतम चिप.	ᱯᱚᱞᱤᱢᱟᱨ ᱴᱟᱱᱴᱟᱞᱟᱢ ᱪᱤᱯ "ᱯᱚᱥᱠᱟᱯ" ᱦᱚᱛᱮᱛᱮ ᱑᱙᱙᱗ᱼᱨᱮ ᱚᱱᱟᱛᱟᱭᱚᱢ ᱜᱤ ᱥᱟᱱᱤᱭᱳ ᱦᱩᱭᱞᱮᱱᱟ ᱾
जंगल के ये ज़रूरी उत्पादन हैं, मैगॉआ पेशियाँ, काली मिर्च, और चूंद ।	ᱡᱟᱹᱨᱩᱲᱟᱱᱟᱜ ᱵᱤᱨ ᱫᱩᱨᱤᱵᱠᱩ ᱫᱚ ᱦᱩᱭᱩᱜᱠᱟᱱᱟ ᱢᱟᱫ ᱨᱮᱭᱟᱜ ᱵᱮᱛ, ᱢᱟᱨᱟᱴᱷᱟ ᱪᱷᱟᱞ, ᱪᱤᱞᱞᱟ ᱪᱷᱟᱞ ᱟᱨ ᱵᱷᱤᱨᱟᱱᱫ ᱾
वह २०१६ में राष्ट्रपति के लिए एक चलाने के लिए अनुमान लगाया जाता है.	ᱩᱱᱤ ᱒᱐᱑᱖ ᱨᱮ ᱨᱟᱥᱴᱨᱚᱯᱚᱛᱤ ᱯᱚᱫᱽ ᱞᱟᱹᱜᱤᱫ ᱟᱥᱟ ᱢᱮᱱᱟᱜᱼᱟ᱾
वे कह रहे हैं कि इस जगह पर बम हो सकता है और हमें जल्द से जल्द खाली कर देना चाहिए।	ᱩᱝᱠᱩ ᱫᱚ ᱢᱮᱱᱮᱫᱟ ᱠᱩ ᱱᱚᱣᱟ ᱴᱷᱟᱸᱣ ᱨᱮ ᱵᱳᱢ ᱛᱟᱦᱮᱸ ᱫᱟᱲᱮᱭᱟᱜᱼᱟ ᱟᱨ ᱟᱵᱩᱣᱟᱜ ᱛᱤᱱᱟᱹᱜ ᱩᱥᱟᱹᱨᱟ ᱦᱩᱭ ᱫᱟᱲᱮᱭᱟᱜ ᱠᱷᱟᱹᱞᱤᱭ ᱞᱟᱹᱜᱛᱤ ᱠᱟᱱᱟ ᱾
आप गोलामा के आसपास पहुँचने के लिए बो-ब्रोडा का उपयोग कर सकते हैं. सामान्य मूल्य है - $५०० कोषा फ्रांक्स की छोटी सवारी के लिए.	ᱟᱢ ᱜᱚᱢᱟ ᱟᱰᱮ~ᱯᱟᱥᱮ ᱪᱟᱞᱟᱜ ᱞᱟᱹᱜᱤᱫ ᱟᱢ ᱵᱚᱰᱟᱼᱵᱚᱰᱟ (ᱢᱚᱴᱚᱨ ᱥᱟᱭᱠᱚᱞ ᱴᱮᱠᱥᱤ) ᱵᱮᱵᱷᱟᱨ ᱫᱟᱲᱮᱭᱟᱜᱼᱟᱢ᱾ ᱠᱷᱟᱴᱚ ᱚᱠᱛᱚ ᱫᱮᱡ ᱞᱟᱹᱜᱤᱫ ᱥᱟᱫᱷᱟᱨᱚᱱ (ᱞᱚᱠᱟᱞ) ᱜᱚᱱᱚᱝ ~᱕᱐᱐ ᱠᱚᱝᱜᱚᱞᱤᱡᱽ ᱯᱷᱨᱟᱸᱠᱥ ᱫᱚᱨᱠᱟᱨ᱾
मैं अपने भाई-बहनों के बीच लगातार होने वाले झगड़ों से तंग आ चुका हूँ। क्या हम एक बार भी आपस में मिलजुलकर नहीं रह सकते?	ᱤᱧ ᱫᱚ ᱤᱧᱨᱮᱱ ᱵᱚᱭᱦᱟᱼᱢᱤᱥᱨᱟᱠᱤᱱ ᱢᱩᱫᱨᱮ ᱞᱮᱛᱟᱲᱜᱮ ᱞᱟᱹᱲᱦᱟᱹᱭ ᱨᱮᱧ ᱟᱹᱲᱤᱥ ᱪᱟᱵᱟᱣᱟᱠᱟᱱᱟ ᱾ ᱟᱞᱮ ᱫᱚ ᱪᱮᱫ ᱢᱤᱫ ᱫᱷᱟᱣ ᱞᱟᱹᱜᱤᱫᱛᱮ ᱦᱚᱸ ᱥᱟᱣᱛᱮ ᱵᱟᱞᱮ ᱛᱟᱦᱮ ᱫᱟᱲᱮᱭᱟᱜᱼᱟ ?
यह समीक्षा नहीं है और केवल ऐसे तरीकों को विशिष्ट करने के लिए सेवा करता है जिनमें वर्तमान तकनीकएं शामिल हैं उन मॉडलों द्वारा जो कक्षीय और एजेंट आधारित मॉडलों से मेल खाते हैं.	ᱱᱚᱣᱟ ᱧᱮᱞ ᱟᱨᱩ ᱫᱚ ᱵᱟᱝ ᱯᱮᱨᱮᱡ ᱯᱩᱨᱩᱱᱟ ᱟᱨ ᱮᱠᱷᱮᱱ ᱚᱱᱟ ᱦᱚᱨᱟ ᱠᱚ ᱜᱮᱭ ᱟᱹᱲᱛᱤᱭᱟ ᱡᱟᱸᱦᱟᱨᱮ ᱱᱟᱦᱟᱜ ᱠᱟᱹᱨᱤ ᱠᱚ ᱥᱮᱞᱩᱞᱟᱨ ᱟᱨ ᱮᱡᱮᱱᱴ ᱞᱮᱠᱟᱱ ᱢᱚᱰᱮᱞ ᱠᱚ ᱢᱤᱫ ᱠᱟᱛᱮᱜ ᱚᱱᱟ ᱢᱚᱰᱮᱞ ᱠᱚ ᱦᱚᱛᱮᱛᱮ ᱯᱩᱨᱚᱱᱚᱜᱼᱟ ᱾
गर्मियों के दौरान, खास तौर से गर्मियों में एक साधारण भोजन होता है: जैतून तेल, खनिज, और पनीर, मछली, इत्यादि जैसी कोई भी उपलब्ध सामग्री ।	ᱵᱤᱥᱮᱥ ᱠᱟᱭᱛᱮ ᱥᱤᱛᱩᱝ ᱚᱠᱛᱚ ᱨᱮ ᱢᱤᱫ ᱦᱟᱹᱞᱠᱟᱹ ᱠᱤᱫᱩᱜ ᱡᱚᱢ ᱫᱚ ᱦᱩᱭᱩᱜ ᱠᱟᱱᱟ ᱯᱟ ᱟᱢᱵᱽ ᱳᱞᱤ: ᱳᱞᱤᱵᱷ ᱥᱩᱱᱩᱢ, ᱵᱤᱞᱟᱹᱛᱤ, ᱟᱨ ᱡᱟᱦᱟᱸ ᱞᱮᱠᱟᱱ ᱧᱟᱢᱚᱜ ᱢᱚᱥᱞᱟ ᱡᱮᱢᱚᱱ ᱯᱚᱱᱤᱨ, ᱴᱩᱱᱟᱯᱷᱤᱥ ᱮᱢᱟᱱ ᱥᱟᱶᱛᱮ ᱨᱩᱴᱤ᱾
इस रोग को फैलने से रोकने के लिए, यह बहुत ही विरल है कि वे अपने रोग - निदान में वापस आएँ और बाद में बीमारी पैदा करें ।	ᱯᱮᱛᱷᱚᱡᱮᱱ ᱨᱮᱭᱟᱜ ᱦᱟᱹᱱᱟᱠᱟᱱ ᱴᱷᱤᱠᱟᱱ ᱞᱮᱠᱷᱟᱱ, ᱯᱮᱛᱷᱚᱡᱮᱱᱤᱠ ᱨᱩᱯ ᱨᱮ ᱨᱩᱭᱟᱹᱲ ᱠᱟᱛᱮ ᱟᱡᱟᱨ ᱡᱟᱱᱟᱢ ᱫᱚ ᱩᱱᱠᱩᱣᱟᱜ ᱛᱚᱨᱚᱯ ᱠᱷᱚᱱ ᱟᱹᱰᱤ ᱠᱚᱢ ᱾
फुटबॉल खिलाड़ियों द्वारा चोटों का लगातार दिखावा करना दयनीय है।	ᱯᱷᱩᱴᱵᱚᱞ ᱠᱷᱮᱞᱳᱰᱤᱭᱟᱹ ᱠᱚ ᱫᱟᱨᱟᱭ ᱛᱮ ᱞᱮᱛᱟᱲ ᱜᱮ ᱜᱷᱟᱹᱞ ᱨᱮᱭᱟᱜ ᱱᱟᱝᱥᱟ ᱩᱫᱩᱜ ᱫᱚ ᱟᱹᱰᱤ ᱫᱩᱠᱷ ᱟᱱᱟᱜ ᱠᱟᱱᱟ ᱾
एलन काउंटी, इंडियाना: एलन काउंटी इंडियाना की एक काउंटी है।	ᱟᱞᱮᱱ ᱠᱟᱣᱩᱱᱴᱤ, ᱤᱱᱰᱤᱭᱟᱱ ᱟᱞᱮᱱ ᱠᱟᱣᱩᱱᱴᱤ ᱫᱚ ᱦᱩᱭᱩᱜ ᱠᱟᱱᱟ ᱵᱷᱟᱨᱚᱛ ᱨᱮᱭᱟᱜ ᱢᱤᱫᱴᱟᱝ ᱠᱟᱣᱩᱱᱴᱤ ᱾
सतहत्तर	ᱮᱭᱟᱭ ᱜᱮᱞ ᱮᱭᱟᱭ
पुराने ज़माने में आम तौर पर राज - घर के मालिक को प्राकृतिक विपत्तियों से लड़ने की ज़रूरत होती है ।	ᱞᱟᱦᱟᱛᱮ, ᱥᱚᱨᱟᱥᱚᱨᱤ ᱠᱷᱟᱡᱱᱟ ᱪᱮᱛᱟᱱ ᱰᱟᱱᱰᱚᱢ ᱫᱚ ᱥᱟᱫᱷᱟᱨᱚᱱ ᱞᱮᱠᱟᱛᱮ ᱦᱟᱛᱟᱜ ᱠᱟᱱ ᱛᱟᱦᱮᱸᱠᱟᱱᱟ ᱥᱟᱪᱷᱟᱨᱤᱭᱟᱹ ᱵᱤᱯᱚᱨᱡᱚᱭ ᱠᱷᱚᱱ ᱨᱟᱠᱟᱵ ᱟᱠᱟᱱ ᱨᱟᱡᱚᱥᱥᱚ ᱯᱩᱨᱟᱹᱣ ᱞᱟᱹᱜᱤᱫ ᱛᱮ ᱾
लेकिन आपको भी यकीन है कि वह बाहर चला जाता है और अन्य बच्चों के साथ खेलने की जरूरत है.	ᱢᱮᱱᱠᱷᱟᱱ ᱟᱢ ᱱᱚᱶᱟᱦᱚᱸ ᱴᱷᱟᱹᱣᱠᱟᱹ ᱦᱩᱭᱩᱜ ᱛᱟᱢᱟ ᱡᱮ ᱩᱱᱤ ᱵᱟᱨᱦᱮᱭ ᱪᱟᱞᱟᱜᱼᱟ ᱟᱨ ᱮᱴᱟᱜ ᱜᱤᱫᱨᱟᱹ ᱠᱚ ᱥᱟᱶᱛᱮᱭ ᱠᱷᱮᱞᱼᱟ ᱾
युवती से शराब पीने की उम्मीद नहीं थी लेकिन उसने बिना गिरे व्हिस्की की पूरी बोतल खत्म कर दी।	ᱩᱱᱤ ᱛᱤᱨᱞᱟᱹ ᱫᱚ ᱯᱟᱹᱣᱨᱟᱹᱭ ᱧᱩᱭᱟ ᱢᱮᱱᱛᱮ ᱫᱚ ᱵᱟᱝ ᱟᱥ ᱦᱩᱭ ᱞᱮᱱᱟ ᱢᱮᱱᱠᱷᱟᱱ ᱩᱱᱤ ᱫᱚ ᱞᱟᱛᱟᱨ ᱨᱮ ᱵᱟᱝ ᱧᱩᱨᱦᱟᱹ ᱠᱟᱛᱮ ᱯᱩᱨᱟᱹ ᱢᱤᱫ ᱵᱳᱛᱳᱞ ᱦᱩᱭᱤᱥᱠᱤ ᱜᱮᱭ ᱪᱟᱵᱟ ᱞᱮᱫᱟ ᱾
मध्य युग के पश्‍चिमी यूरोप के अन्त तक, अपनी शैली विकसित करने लगे ।	ᱩᱱ ᱚᱠᱛᱮ ᱨᱮᱱᱟᱜ ᱥᱟᱱᱟᱢ ᱠᱷᱚᱱ ᱢᱟᱨᱟᱝ ᱜᱷᱚᱴᱚᱱ ᱠᱷᱚᱱ ᱢᱤᱫ ᱫᱷᱚᱨᱚᱢ ᱞᱟᱹᱲᱦᱟᱹᱭ ᱨᱮᱱᱟᱜ ᱚᱨᱡᱚ ᱞᱮᱠᱟᱛᱮ ᱦᱚᱲ ᱫᱚ ᱞᱩᱜᱽᱲᱤᱜ ᱠᱚ ᱡᱟᱠᱲᱟᱣ ᱞᱟᱹᱜᱤᱫ ᱵᱚᱴᱚᱢ ᱨᱮᱱᱟᱜ ᱵᱮᱵᱷᱟᱨ ᱮᱛᱚᱦᱚᱵ ᱦᱩᱭ ᱞᱮᱱᱟ᱾
पहला उद्देश्य ज्ञान की उपलब्धता का आकलन करना है।	ᱯᱳᱭᱞᱳ ᱡᱚᱥ ᱫᱚ ᱦᱩᱭᱩᱜ ᱠᱟᱱᱟ ᱟᱹᱠᱤᱞ ᱨᱮᱭᱟᱜ ᱵᱤᱰᱟᱹᱣ ᱾
और हम अगले एक में और अधिक सीखेंगे.	ᱟᱨ ᱛᱟᱭᱚᱢᱟᱜ ᱨᱮ ᱟᱨᱦᱚᱱᱞᱮ ᱪᱮᱫᱼᱟ ᱾
राज्यपाल जनरल के कार्यालय के बाहर एक बम विस्फोट हुआ.	ᱜᱚᱵᱷᱚᱨᱱᱚᱨ ᱡᱮᱱᱟᱨᱮᱞ ᱟᱜ ᱚᱯᱷᱤᱥ ᱥᱟᱢᱟᱝ ᱨᱮ ᱢᱤᱫ ᱵᱚᱢ ᱴᱷᱩᱣᱟᱠᱟᱱᱟ᱾
मेरे पास दस अंडा हैं।	ᱤᱧ ᱴᱷᱮᱱ ᱜᱮᱞ ᱜᱚᱴᱟᱝ ᱟᱱᱫᱟ ᱢᱮᱱᱟᱜᱼᱟ ᱠᱚᱣᱟ।
सन्‌ 2020 तक, सन्‌ 1997 में, आदिवासी जाति के लोगों को अपनी भाषा में जानकारी देने के लिए कहा गया था ।	᱑᱙᱗ ᱨᱮᱭᱟᱜ ᱜᱮᱡᱮᱴ ᱧᱮᱛᱮᱞᱟᱱᱟᱜ ᱨᱮ ᱧᱮᱛᱮᱞᱟᱠᱟᱱᱟ ᱟᱹᱫᱤᱢ ᱦᱚᱲᱟᱜ ᱵᱚᱸᱥ ᱵᱟᱲᱦᱟᱣ ᱫᱚ ᱒᱐᱒᱐ ᱨᱮ ᱦᱩᱭᱞᱮᱱᱟ ᱾
यह दंपति हैम्पशायर के एक ग्रामीण घर में रहता था।	ᱱᱩᱠᱤᱱ ᱛᱤᱨᱤᱡᱩᱨᱤ ᱫᱚ ᱦᱮᱹᱢᱯᱚᱥᱟᱭᱟᱨ ᱨᱮᱭᱟᱜ ᱢᱤᱫᱴᱟᱝ ᱫᱤᱥᱚᱢ ᱨᱮᱭᱟᱜ ᱚᱲᱟᱜ ᱨᱮᱠᱤᱱ ᱛᱟᱦᱮᱱᱟ ᱾
यह सच है कि जब से श्‍वेत पक्षी पारिया में साहित्य पहुँचा दिया गया है, तब से मौखिक परंपरा हमारे पास पहुँच गयी है ।	ᱮᱠᱫᱚᱢ ! ᱟᱸᱡᱚᱢ ᱥᱮᱨᱣᱟ ᱠᱷᱚᱱ, ᱥᱚᱝᱥᱠᱨᱤᱛᱚ ᱥᱟᱶᱦᱮᱫ ᱛᱷᱩᱛᱤ ᱥᱮᱨᱣᱟ ᱛᱟᱞᱟᱛᱮ ᱟᱵᱳᱴᱷᱮᱱ ᱦᱮᱡ ᱟᱠᱟᱱᱟ ᱿
सुबह में	ᱥᱮᱛᱟᱜ ᱨᱮ
मेरे पास बारह पानी हैं।	ᱤᱧ ᱴᱷᱮᱱ ᱜᱮᱞ ᱵᱟᱨ ᱜᱚᱴᱟᱝ ᱫᱟᱜ ᱢᱮᱱᱟᱜᱼᱟ ᱠᱚᱣᱟ।
एक ब्रिटिश पाउंड (जीपी) के बराबर है, जिसका मूल्य एक ब्रिटिश पाउंड (जीपी) के बराबर है ।	ᱵᱟᱹᱲᱛᱤᱭᱟᱱ ᱯᱷᱟᱞᱠᱞᱮᱸᱰ ᱢᱩᱫᱽᱨᱟᱹ ᱯᱷᱟᱞᱠᱞᱮᱸᱰ ᱯᱟᱣᱩᱸᱰ (ᱮᱯᱷᱹᱠᱮᱹᱯᱤᱹ) ᱠᱟᱱᱟ ᱡᱟᱦᱟᱸ ᱨᱮᱭᱟᱜ ᱢᱩᱞ ᱫᱚ ᱢᱤᱫᱴᱟᱹᱝ ᱵᱽᱨᱤᱴᱮᱱ ᱯᱟᱣᱩᱸᱰ (ᱡᱤᱹᱵᱤᱹᱯᱤᱹ) ᱨᱮᱭᱟᱜ ᱵᱟᱨᱟᱵᱚᱨ ᱱᱤᱨᱫᱷᱟᱹᱨᱤᱛᱚᱜ ᱠᱟᱱᱟ᱾
क्या मुझे पहले से पैसा चुकाना है या गंतव्य पर आना है?	ᱤᱧ ᱠᱤ ᱞᱟᱦᱟᱨᱮᱜᱤ ᱴᱟᱠᱟ ᱢᱮᱴᱟᱣ ᱦᱩᱭᱩᱜᱽᱛᱤᱧᱟ ᱥᱮ ᱡᱟᱭᱜᱟ ᱥᱮᱴᱮᱨᱠᱟᱛᱮᱧ ᱢᱮᱴᱟᱣᱟ ?
नोआ का उल्लास उसके उत्साही जश्न में स्पष्ट था जब उसकी टीम विजयी हुई।	ᱱᱳᱦᱮᱭᱟᱜ ᱨᱟᱹᱥᱠᱟᱹ ᱫᱚ ᱟᱡ ᱨᱮᱱ ᱜᱟᱫᱮᱞ ᱠᱚ ᱡᱤᱛᱠᱟᱹᱨ  ᱞᱮᱱᱠᱷᱟᱱ ᱟᱡᱟᱜ ᱩᱛᱱᱟᱹᱣ ᱯᱟᱞᱟᱣ ᱨᱮ ᱯᱩᱥᱴᱟᱹᱣ ᱛᱟᱦᱮᱸ ᱠᱟᱱᱟ ᱾
इस प्रकार, एक महत्त्वपूर्ण आयत में, जो लोग मैगन भाईचारे के पहले भाग में आत्म - निर्भर हैं, विरोधी विचार से सावधान रहना चाहिए, कि नम्रता और अहंकार होने का विचार उन लोगों के पीछे हो लेना चाहिए जो सबसे ऊँची श्रेणी तक पहुँच चुके हैं ।	ᱱᱚᱝᱠᱟᱞᱮᱠᱟᱛᱮ, ᱢᱤᱫᱴᱟᱝ ᱢᱮᱱᱮᱛᱟᱱᱟᱜᱽ ᱟᱭᱟᱛ ᱨᱮ ᱞᱟᱹᱭᱟᱠᱟᱱᱟ, ᱡᱟᱦᱟᱸᱭ ᱠᱩ ᱢᱚᱜ ᱵᱚᱭᱦᱟᱛᱮᱱᱟᱜ ᱯᱟᱹᱦᱤᱞ ᱛᱷᱟᱹᱨ ᱨᱮᱠᱩ ᱥᱟᱹᱫᱷᱤᱱ ᱜᱮᱭᱟ ᱩᱝᱠᱩ ᱫᱚ ᱵᱟᱹᱲᱤᱡᱽ ᱪᱤᱱᱛᱟᱹ ᱠᱷᱚᱱ ᱥᱚᱱᱛᱚᱨ ᱛᱟᱦᱮᱸᱱ ᱞᱟᱹᱜᱛᱤ ᱠᱟᱱᱟ, ᱫᱷᱟᱨᱚᱱᱟ ᱫᱚ ᱦᱩᱭᱩᱜ ᱠᱟᱱᱟ ᱡᱮᱱᱚᱢᱨᱚᱛ ᱟᱨ ᱜᱚᱨᱚᱵ ᱵᱟᱝ ᱱᱚᱝᱠᱟᱱ ᱦᱚᱲ ᱯᱟᱧᱡᱟᱜᱤ ᱞᱟᱹᱜᱛᱤ ᱠᱟᱱᱟ ᱡᱟᱦᱟᱸᱭ ᱫᱚ ᱪᱮᱛᱟᱱ ᱩᱛᱟᱹᱨ ᱛᱷᱟᱹᱨ ᱨᱮᱠᱩ ᱥᱮᱴᱮᱨᱟᱠᱟᱱᱟ ᱾
यह द्वितीय विश्व युद्ध के दौरान लिखा गया था और 1945 में प्रकाशित हुआ था।	ᱱᱚᱶᱟ ᱫᱚ ᱫᱚᱥᱟᱨ ᱡᱮᱜᱮᱫ ᱞᱟᱹᱲᱦᱟᱹᱭ ᱚᱠᱛᱚ ᱚᱞ ᱦᱩᱭ ᱞᱮᱱᱟ ᱟᱨ ᱑᱙᱔᱕ ᱥᱟᱞ ᱨᱮ ᱩᱪᱷᱟᱹᱱ ᱞᱮᱱᱟ ᱾
सुप्रभात	ᱥᱟᱹᱜᱩᱱ ᱥᱮᱛᱟᱜ
ᱛᱩᱨᱩᱭ	छह
उस समय मुख्य लेखक ब्रूस पेरेन्स और कई अन्य डेबियन डेवलपर्स थे।	ᱯᱳᱭᱞᱳ ᱚᱱᱚᱞᱤᱭᱟᱹ ᱫᱚᱭ ᱛᱟᱦᱮᱠᱟᱱᱟ ᱵᱨᱩᱥ ᱯᱮᱨᱮᱱᱥ ᱟᱨ ᱚᱱᱟ ᱚᱠᱛᱚ ᱨᱮᱱ ᱮᱴᱟᱜ ᱰᱮᱵᱤᱭᱟᱱ ᱰᱮᱵᱷᱮᱞᱚᱯᱟᱨ ᱠᱚ ᱾
कुछ ही समय बाद, अधिकारियों ने घर के आँगन में प्रवेश किया और कैदियों को गैस से उड़ा दिया ।	ᱞᱚᱜᱚᱱ ᱜᱮ, ᱫᱟᱝᱜᱟ ᱛᱮ ᱯᱩᱨᱟᱹᱣ ᱠᱟᱱ ᱚᱫᱷᱤᱠᱟᱹᱨᱤ ᱠᱚ ᱭᱟᱰ ᱨᱮ ᱵᱚᱞᱚ ᱮᱱᱟ ᱠᱚ ᱟᱨ ᱠᱚᱭᱫᱤ ᱠᱚ ᱢᱮᱫᱼᱫᱟᱜᱼᱡᱚᱨᱚ ᱜᱮᱭᱟᱥ ᱛᱮ ᱜᱷᱮᱨᱟᱣ ᱠᱮᱫ ᱠᱚᱣᱟ ᱠᱚ᱾
हमारा घर गिरवी मत रखो। क्या होगा अगर हम समय पर ऋण नहीं चुका पाए?	ᱟᱞᱮᱭᱟᱜ ᱚᱲᱟᱜ ᱟᱞᱚᱯᱮ ᱵᱟᱱᱫᱷᱚᱠ ᱫᱚᱦᱚᱭᱟ ᱾ ᱪᱮᱫ ᱦᱩᱭᱩᱜᱼᱟ ᱡᱩᱫᱤ ᱚᱠᱛᱚ ᱞᱮᱠᱟᱛᱮ ᱨᱤᱱ ᱥᱳᱫᱷ ᱵᱟᱝᱞᱮ ᱮᱢ ᱫᱟᱲᱮᱭᱟᱜᱼᱟ ?
मेरे पास साठ पेंसिल हैं।	ᱤᱧ ᱴᱷᱮᱱ ᱛᱩᱨᱩᱭ ᱜᱮᱞ ᱜᱚᱴᱟᱝ ᱯᱮᱱᱥᱤᱞ ᱢᱮᱱᱟᱜᱼᱟ ᱠᱚᱣᱟ।
जी हाँ, मैं माहेशी की ऐतिहासिक विरासत के बारे में बहुत कुछ सुना.	ᱦᱮᱸ, ᱤᱧ ᱢᱚᱦᱟᱨᱟᱥᱴᱨᱚ ᱨᱮᱭᱟᱜ ᱱᱟᱜᱟᱢ ᱥᱮᱨᱣᱟ ᱤᱫᱤ ᱠᱟᱛᱮᱜ ᱟᱭᱢᱟ ᱠᱟᱛᱷᱟᱧ ᱟᱸᱡᱚᱢ ᱟᱠᱟᱫᱟ ᱾
यह एक ऐसी कला है जो पुराने ज़माने में देखने को दर्शाती है ।	ᱠᱷᱩᱫᱟᱹᱭᱠᱟᱹᱨᱤ ᱫᱚ ᱢᱤᱫᱴᱟᱝ ᱢᱟᱨᱮᱱ ᱞᱮᱠᱟᱱ ᱞᱟᱦᱟᱱᱟᱜᱟᱢ ᱡᱩᱜ ᱨᱮᱭᱟᱜ ᱧᱮᱞᱧᱟᱢᱚᱜᱠᱟᱱ ᱠᱟᱹᱨᱤᱠᱟᱱᱟ ᱾
मैं आज एक साथ फिल्म देखने के लिए उत्सुक हूँ।	ᱛᱤᱦᱤᱧ ᱤᱧ ᱢᱤᱫᱥᱟᱶᱛᱮ ᱥᱤᱱᱮᱢᱟ ᱧᱮᱞ ᱞᱟᱹᱜᱤᱫ ᱨᱟᱹᱥᱠᱟᱹ ᱥᱟᱞᱟᱜ ᱛᱟᱺᱜᱤᱨᱮ ᱢᱤᱱᱟᱹᱧᱼᱟ ᱾
उसने स्वीडन और २८ अन्य देशों के १,००० से ज़्यादा टिकट निकाले ।	ᱩᱱᱤ ᱫᱚ ᱥᱣᱤᱰᱮᱱ ᱟᱨ ᱒᱘ ᱮᱴᱟᱜ ᱫᱤᱥᱚᱢ ᱠᱚ ᱞᱟᱹᱜᱤᱫ ᱑,᱐᱐᱐ ᱠᱷᱚᱱ ᱰᱷᱮᱨ ᱰᱟᱠ ᱴᱤᱠᱚᱴ ᱠᱚ ᱨᱮᱭᱟᱜ ᱛᱮᱭᱟᱨ ᱟᱠᱟᱫ-ᱟᱭI
मुझे स्थानीय लोगों द्वारा खुले दिल से स्वागत करने की उम्मीद नहीं थी और मैंने उनके आतिथ्य का आनंद लिया।	ᱤᱧ ᱫᱚ ᱵᱟᱹᱧ ᱟᱥ ᱟᱠᱟᱱᱟ ᱡᱮ ᱛᱷᱟᱹᱱᱤᱭᱚ ᱦᱚᱲ ᱠᱚ ᱤᱧ ᱠᱷᱩᱞᱟᱹ ᱦᱟᱹᱛᱭᱟᱹᱨ ᱟᱛᱮ ᱠᱚ ᱫᱟᱨᱟᱢᱤᱧᱟ ᱟᱨ ᱩᱱᱠᱩᱣᱟᱜ ᱯᱮᱲᱟ ᱠᱷᱟᱹᱛᱤᱨᱤᱧ ᱟᱹᱭᱠᱟᱹᱣᱟ ᱾
Banthacu के साथ घर का खाली करने के लिए शुरू होता है Yauu के साथ टूट गया (जो कमज़ोर था क्योंकि राम कि राम कि भारी था 7 साल पहले एक महिला के साथ एक मामला था), Pudddddddati, और भ्रष्ट परिवार के सदस्यों के साथ विवाद को सुधार.	ᱡᱚᱥᱩ ᱥᱟᱶ ᱨᱟᱢᱪᱚᱱᱫᱨᱚᱟᱜ ᱨᱟᱹᱯᱩᱫ ᱥᱟᱹᱜᱟᱹᱭ ᱡᱚᱲᱟᱣ ᱠᱟᱛᱮ (᱗ ᱥᱮᱨᱢᱟ ᱞᱟᱦᱟᱨᱮ ᱨᱟᱢᱪᱚᱱᱫᱨᱚ ᱥᱟᱶ ᱢᱤᱫ ᱛᱤᱨᱞᱟᱹ ᱟᱜ ᱥᱟᱹᱜᱟᱹᱭ ᱵᱮᱱᱟᱣ ᱞᱮᱱᱟ ᱡᱟᱦᱟᱸ ᱫᱚ ᱠᱮᱴᱮᱡ ᱵᱟᱝ ᱛᱟᱦᱮᱸ ᱠᱟᱱᱟ), ᱯᱳᱭᱫᱟᱛᱷᱚᱞᱞᱤ ᱥᱟᱶ ᱵᱤᱨᱳᱫ ᱥᱚᱞᱦᱮ ᱠᱟᱛᱮ, ᱟᱨ ᱠᱟᱥᱤᱨᱟᱢ ᱥᱮ ᱥᱤᱛᱟᱨᱟᱢ ᱞᱮᱠᱟᱱ ᱜᱷᱟᱨᱚᱸᱡᱽ ᱨᱮᱱ ᱵᱟᱹᱲᱤᱡ ᱦᱚᱲᱟᱜ ᱪᱚᱨᱤᱛ ᱥᱩᱫᱷᱨᱟᱹᱣ ᱠᱟᱛᱮ ᱡᱟᱦᱟᱸ ᱟᱱᱟᱴᱛᱮ ᱵᱚᱱᱛᱩᱟᱜ ᱚᱲᱟᱜ ᱯᱮᱨᱮᱪ ᱞᱮᱱᱟ ᱚᱱᱟ ᱥᱚᱞᱦᱟᱭ ᱮᱦᱚᱵ ᱟᱠᱟᱫᱟ ᱾
वाह! यह बहुत स्वादिष्ट है, यह अप्रत्याशित है। मुझे यह बहुत पसंद आया।	ᱪᱮᱫ ᱢᱚᱡ ! ᱱᱚᱣᱟ ᱫᱚ ᱱᱩᱱᱟᱹᱜ ᱥᱤᱵᱤᱞ, ᱚᱱᱟ ᱫᱚ ᱵᱟᱹᱧ ᱟᱥ ᱟᱠᱟᱱᱟ ᱾ ᱤᱧ ᱫᱚ ᱱᱚᱣᱟᱧ ᱠᱩᱥᱤᱭᱟᱜᱼᱟ ᱾
वे लुडाइट्स (Luddites) से प्रभावित हैं, और आम तौर पर प्रौद्योगिकी के खिलाफ हैं।	ᱩᱱᱠᱩ ᱫᱚ ᱞᱩᱰᱤᱭᱴᱚᱥ ᱫᱟᱨᱟᱭᱛᱮᱠᱚ ᱮᱥᱮᱨ ᱞᱮᱱᱟ, ᱟᱨ ᱥᱟᱫᱷᱟᱨᱚᱱᱚᱛᱚ ᱞᱟᱜᱟᱱ ᱠᱟᱹᱨᱤ ᱵᱤᱨᱩᱫᱨᱮ ᱾
मुझे नहीं लगता था कि आप मानवता पर पैसे को प्राथमिकता देने का निर्णय लेंगे, खासकर जब मानव जीवन शामिल था।	ᱤᱧ ᱵᱟᱹᱧ ᱵᱷᱟᱵᱱᱟᱣᱟᱠᱟᱫᱟ ᱡᱮ ᱟᱢ ᱫᱚ ᱢᱟᱹᱱᱢᱤ ᱫᱷᱚᱨᱚᱢ ᱵᱟᱹᱜᱤ ᱠᱟᱛᱮᱫ ᱠᱟᱹᱣᱰᱤ ᱵᱟᱪᱷᱱᱟᱣ ᱨᱮᱭᱟᱜᱮᱢ ᱴᱷᱟᱲᱚ ᱜᱚᱴᱟᱭᱟ, ᱠᱷᱟᱥ  ᱠᱟᱭᱛᱮ ᱡᱚᱠᱷᱚᱱ ᱢᱟᱹᱱᱢᱤ ᱡᱤᱭᱚᱱ ᱡᱚᱲᱟᱣ ᱛᱟᱦᱮᱸᱠᱟᱱᱟ ᱾
यहाँ तक कि प्रशासनिक निगम के लोगों ने भी घड़ी के चारों ओर काम किया ताकि वे समय पर बिजली प्राप्त कर सकें जब बच्चे और बुज़ुर्ग नागरिक मौजूद थे जो अनेक कठिनाइयों का सामना कर रहे थे ।	ᱮᱢᱚᱱᱪᱮᱫ ᱢᱤᱭᱩᱱᱤᱥᱤᱯᱟᱞ ᱠᱳᱨᱯᱚᱨᱮᱥᱚᱱ ᱨᱮᱱ ᱦᱚᱲᱦᱚᱸ ᱵᱟᱨᱜᱮᱞ ᱯᱩᱱ ᱴᱟᱲᱟᱝ ᱠᱚ ᱠᱟᱹᱢᱤ ᱞᱮᱫᱟ ᱡᱟᱦᱟᱸᱛᱮ ᱩᱱᱠᱩ ᱚᱠᱛᱮ ᱞᱮᱠᱟᱛᱮ ᱵᱤᱡᱽᱞᱤ ᱠᱚ ᱧᱟᱢ ᱨᱩᱣᱟᱹᱲ ᱫᱟᱲᱮᱭᱟᱜ ᱠᱟᱨᱚᱱ ᱚᱸᱰᱮ ᱥᱮᱴᱮᱨ ᱟᱠᱟᱱ ᱜᱤᱫᱽᱨᱟᱹ ᱟᱨ ᱢᱩᱮᱨᱟᱱ ᱱᱟᱜᱚᱨᱤᱭᱟᱹ ᱠᱚ ᱟᱭᱢᱟ ᱚᱥᱩᱵᱤᱫᱷᱟ ᱨᱮᱠᱚ ᱯᱟᱲᱟᱣ ᱞᱮᱠᱟ ᱾
(2004), इस अंक की जाँच कीजिए ।	ᱱᱤᱭᱟᱹ ᱜᱷᱚᱴᱚᱱ ᱵᱮᱯᱟᱨᱛᱮ ᱥᱮᱸᱫᱨᱟᱠᱟᱛᱮ ᱩᱱᱤ ᱫᱚ 'ᱢᱤᱡᱳ ᱮᱱᱜᱮ ᱤᱡᱨᱟᱭᱮᱞ?' ("ᱢᱤᱡᱳ ᱱᱟᱠᱤ ᱤᱡᱨᱟᱭᱮᱞᱤ?") (᱒᱐᱐᱔) ᱯᱚᱛᱚᱵᱮ ᱚᱞᱟᱠᱟᱫᱟ ᱾
अनुप्रयोग ऑनलाइन किया जा सकता है.	ᱚᱱᱞᱟᱭᱤᱱ ᱛᱮ ᱟᱨᱫᱟᱥ ᱜᱟᱱᱚᱜᱼᱟ ᱾
discogs.com डोमेन नाम अगस्त 2000 में पंजीकृत किया गया था।	ᱰᱤᱥᱠᱳᱜᱚᱥ ᱰᱚᱴ ᱠᱚᱢ ᱰᱳᱢᱮᱭᱤᱱ ᱧᱩᱛᱩᱢ ᱫᱚ ᱟᱜᱚᱥᱴ ᱒᱐᱐᱐ ᱨᱮ ᱚᱞᱫᱚᱦᱚ ᱞᱮᱱᱟ ᱾
किनारा थाली को को चॉगा कहा जाता है.	ᱥᱟᱶᱛᱮᱱᱟᱜ ᱡᱚᱢᱟᱜ ᱫᱚ ᱪᱳᱠᱷᱟ ᱠᱚ ᱢᱮᱛᱟᱜᱼᱟ ᱾
सेंट्रल सिटी में इसमें ओरेथा कैसल हेली वाणिज्यिक जिला शामिल है।	ᱥᱮᱱᱴᱨᱟᱞ ᱥᱤᱴᱤᱨᱮ ᱱᱚᱶᱟ ᱫᱚ ᱳᱨᱮᱛᱷᱟ ᱠᱮᱹᱥᱮᱞ ᱦᱮᱹᱞᱤ ᱵᱮᱵᱟᱹᱱᱤᱡ ᱦᱚᱱᱚᱛᱮ ᱥᱮᱞᱮᱫᱟ  ᱾
सन्‌ 1850 में एपिया की स्थापना की गयी और यह सन्‌ 1959 से लीआ की सरकारी राजधानी बन गयी है ।	ᱟᱯᱤᱭᱟ ᱫᱚ ᱑᱘᱕᱐ ᱜᱮᱞ ᱥᱮᱨᱢᱟ ᱨᱮᱠᱚ ᱧᱟᱢ‌ ᱞᱮᱜᱼᱟ ᱟᱨ ᱑᱙᱕᱙ ᱠᱷᱚᱱ ᱥᱟᱢᱳᱣᱟ ᱨᱮᱭᱟᱜ ᱚᱯᱷᱤᱥᱤᱭᱟᱞ ᱨᱟᱡᱽᱫᱷᱟᱹᱱᱤ ᱠᱟᱱᱟ᱾
मेटा में बड़े पैमाने पर छंटनी ने कर्मचारियों के मनोबल को नकारात्मक रूप से प्रभावित किया है।	ᱢᱮᱴᱟ ᱨᱮ ᱟᱭᱢᱟ ᱪᱷᱟᱹᱴᱟᱹᱭ ᱠᱟᱹᱢᱤᱭᱟᱹ ᱠᱚᱣᱟᱹᱜ ᱢᱚᱱᱮ ᱫᱟᱲᱮ ᱵᱟᱹᱲᱤᱡ ᱞᱮᱠᱟᱛᱮᱭ ᱮᱥᱮᱨ ᱟᱠᱟᱫᱟ ᱾
गर्मियों का तापमान बहुत ही गर्म है; कम - से - कम उत्तर क्षेत्रों में तापमान मई के दौरान 50 से ज़्यादा हो सकता है, जो कि गर्मी की लहरों की ओर ले जा सकते हैं जो हर एक सैकड़ों भारतीयों को मार सकते हैं ।	ᱥᱤᱛᱩᱝᱠᱟᱞ ᱟᱹᱰᱤᱰᱷᱮᱨ ᱞᱚᱞᱚ, ᱢᱮ ᱪᱟᱸᱫᱳ ᱞᱟᱛᱟᱨ ᱴᱚᱴᱷᱟᱠᱚᱨᱮ ᱞᱚᱞᱚᱥᱚᱝ ᱕᱐ ᱰᱤᱜᱨᱤ ᱥᱮᱱᱴᱤᱜᱨᱮᱴ (᱑᱒᱒ ᱰᱤᱜᱨᱤ ᱯᱷᱟᱨᱮᱱᱦᱟᱭᱤᱴ) ᱯᱟᱨᱚᱢ ᱠᱮᱫᱟᱭ ᱡᱟᱦᱟᱸ ᱞᱚᱞᱚᱞᱤᱸᱜᱤᱱ ᱨᱮᱭᱟᱜ ᱮ ᱛᱟᱭᱟᱨ ᱮᱫᱟ, ᱡᱟᱦᱟᱸ ᱠᱚ ᱡᱚᱛᱚᱨᱮ ᱥᱟᱭ ᱥᱟᱭ ᱵᱷᱟᱨᱚᱛᱤᱭᱟᱹᱭ ᱜᱚᱡ ᱫᱟᱲᱮ ᱟᱠᱚᱣᱟ ᱾
हाल के वर्षों में, हमारे चारों ओर की दुनिया ने डिजिटल तकनीकों के इस्तेमाल के कारण बहुत परिवर्तन देखे हैं ।	ᱦᱟᱞᱮ ᱜᱮ ᱪᱟᱞᱟᱣ ᱦᱤᱡᱩᱜ ᱠᱟᱱ ᱥᱮᱨᱢᱟ ᱨᱮ ᱰᱤᱡᱤᱴᱮᱞ ᱯᱨᱚᱡᱩᱠᱛᱤ ᱵᱮᱣᱦᱟᱨ ᱠᱷᱟᱛᱤᱨ ᱟᱵᱚᱣᱟᱜ ᱡᱮᱜᱮᱫ ᱟᱭᱢᱟ ᱟᱨᱩᱯᱷᱮᱨᱟᱣ ᱧᱮᱞ ᱧᱟᱢᱚᱜ ᱠᱟᱱᱟ ᱾
यह रसायनीय खेती के बारे में सभी चिन्तित लोगों पर ध्यान केंद्रित किया गया है, जिनमें जैविक खेती, और तकनीक भी शामिल हैं जो फिर से सुधरते हैं, और भूमि और वातावरण को पुनःस्थापित करते हैं.	ᱱᱚᱶᱟ ᱫᱚ ᱡᱤᱵᱤᱭᱟᱹ ᱪᱟᱥ ᱥᱟᱶᱛᱮ ᱡᱚᱨᱟ ᱵᱮᱜᱚᱨ ᱪᱟᱥ ᱟᱨ ᱦᱟᱥᱟ ᱟᱨ ᱦᱚᱭᱞᱚᱝ ᱵᱟᱧᱪᱟᱣ, ᱫᱚᱲᱦᱟ ᱟᱹᱨᱩ ᱟᱨ ᱫᱚᱲᱦᱟ ᱵᱮᱱᱟᱣ ᱠᱟᱛᱮᱜ ᱱᱚᱝᱠᱟᱱ ᱠᱟᱹᱨᱤᱠᱚ ᱪᱮᱛᱟᱱ ᱥᱟᱱᱟᱢ ᱦᱚᱲᱟᱜ ᱢᱚᱱᱮ ᱚᱨ ᱟᱠᱟᱫᱟ ᱾
अल्मेना में पहला डाकघर जून 1872 में स्थापित किया गया था।	᱑᱘᱗᱒ ᱥᱟᱞ ᱨᱮᱭᱟᱜ ᱡᱩᱱ ᱪᱟᱸᱫᱚ ᱨᱮ ᱟᱞᱢᱮᱱᱟ ᱨᱮ ᱯᱳᱭᱞᱳ ᱰᱟᱠ ᱚᱲᱟᱜ ᱵᱮᱱᱟᱣ ᱦᱩᱭ ᱞᱮᱱᱟ ᱾
आर्लिंगटन काउंटी, वर्जीनिया: आर्लिंगटन काउंटी वर्जीनिया की एक काउंटी है।	ᱟᱨᱞᱤᱝᱴᱚᱱ ᱠᱟᱣᱩᱱᱴᱤ, ᱵᱷᱟᱨᱡᱤᱱᱤᱭᱟ ᱟᱨᱞᱤᱝᱴᱚᱱ ᱠᱟᱣᱩᱱᱴᱤ ᱫᱚ ᱦᱩᱭᱩᱜ ᱠᱟᱱᱟ ᱵᱷᱟᱨᱡᱤᱱᱤᱭᱟ ᱨᱮᱭᱟᱜ ᱢᱤᱫᱴᱟᱝ ᱠᱟᱣᱩᱱᱴᱤ ᱾
इस महामारी के दौरान इतने सारे लोगों ने अपने कई प्रियजनों को खो दिया।	ᱱᱚᱣᱟ ᱢᱟᱦᱟᱢᱟᱹᱨᱤ ᱚᱠᱛᱚ ᱟᱭᱢᱟ ᱢᱟᱹᱱᱢᱤ ᱟᱭᱢᱟ ᱥᱚᱨᱨᱮᱱ ᱦᱚᱲᱠᱚ ᱟᱫᱼᱟᱠᱟᱫ ᱠᱚᱣᱟ ᱾
पहले या बिज़नेस वर्ग में उड़ान भरने का स्पष्ट तरीक़ा है इस विशेषाधिकार के लिए पैसा डालना (या, बेहतर, फिर भी, आपके लिए यह करने के लिए अपनी कंपनी को भरने के लिए.	ᱯᱩᱭᱞᱩ ᱟᱨᱵᱟᱝ ᱵᱮᱯᱟᱨᱤᱠ ᱪᱟᱱᱚᱪ ᱨᱮ ᱪᱟᱞᱟᱜ ᱨᱮᱭᱟᱜ ᱜᱚᱴᱟ ᱛᱟᱨᱤᱠᱟ ᱵᱤᱥᱮᱥᱟᱫᱷᱤᱠᱟᱨ ᱞᱟᱹᱜᱤᱫ ᱯᱚᱭᱥᱟ ᱨᱮᱭᱟᱜ ᱢᱤᱫ ᱞᱟᱹᱜᱩ ᱜᱩᱪᱷᱟ ᱩᱰᱩᱠᱟ (ᱟᱨᱵᱟᱝ, ᱵᱮᱥ ᱱᱤᱛ ᱦᱟᱹᱵᱤᱡ, ᱟᱢᱟᱜ ᱠᱚᱢᱯᱟᱹᱱᱤ ᱫᱚ ᱱᱚᱣᱟ ᱟᱢ ᱞᱟᱹᱜᱤᱫ ᱠᱟᱹᱢᱤᱭᱟ)
हालाँकि दस्तावेज़ के पीछे लिखी कुछ बातें लिखी हैं, मगर यह एक खज़ाना नक्शा नहीं है ।	ᱛᱚᱵᱮ ᱱᱚᱣᱟ ᱵᱟᱝ ᱴᱷᱤᱠᱟ, ᱱᱚᱣᱟ ᱰᱚᱠᱩᱢᱮᱱᱴ ᱛᱟᱭᱚᱢ ᱨᱮ ᱡᱟᱦᱟᱸᱱᱟᱜ ᱚᱞ ᱢᱮᱱᱟᱜ ᱨᱮᱦᱚᱸ, ᱱᱚᱣᱟ ᱠᱚ ᱠᱷᱟᱡᱟᱱᱟ ᱨᱮᱭᱟᱜ ᱢᱮᱯ ᱵᱟᱝ ᱠᱟᱱᱟ᱾
ऑस्ट्रेलिया के पूर्वी भाग में अनेक पर्वत ज्वालामुखी हैं, और इंडोनेशिया और कम - से - कम कम ७,००,००० ज्वालामुखीों के लिए निश्‍चित ही काफ़ी जगह हैं ।	ᱢᱟᱦᱟᱫᱤᱥᱚᱢ ᱨᱮᱭᱟᱜ ᱥᱮᱫᱟᱭ ᱦᱤᱸᱥ ᱨᱮᱭᱟᱜ ᱟᱭᱢᱟ ᱨᱟᱛᱟᱝᱵᱩᱨᱩ ᱥᱮᱸᱜᱮᱞᱵᱩᱨᱩ ᱞᱮᱠᱟᱱ ᱟᱨ ᱤᱱᱫᱳᱱᱮᱥᱤᱭᱟ ᱟᱨ ᱠᱟᱢᱪᱚᱴᱠᱟ ᱦᱩᱭᱩᱜ ᱠᱟᱱᱟ ᱢᱩᱬᱩᱫ ᱞᱮᱠᱟᱛᱮ ᱥᱮᱸᱜᱮᱞᱵᱩᱨᱩ ᱼᱥᱟᱹᱜᱟᱭᱟᱱ ᱥᱟᱸᱜᱷᱟᱨ ᱨᱮᱭᱟᱜ ᱥᱚᱨᱮᱥᱟᱱᱟᱜ ᱥᱮᱱᱚᱜᱴᱷᱟᱶ ᱾
ओह, सुबह, मैं मन में यह रखना होगा.	ᱴᱷᱤᱠ ᱜᱮᱭᱟ, ᱟᱹᱰᱤ ᱥᱮᱛᱟᱜ ᱨᱮ, ᱫᱤᱥᱟᱹ ᱠᱟᱹᱜᱟᱹᱧ ᱱᱚᱶᱟᱫᱚ ᱾
माफ़ कीजिए, कृपया मुझे मत मारिए। मेरा मतलब आपके बच्चे को मंदबुद्धि कहना नहीं था। मेरा सीधा मतलब था कि वह खास है।	ᱫᱩᱠᱷᱤᱧ ᱟᱴᱠᱟᱨᱮᱫᱼᱟ, ᱫᱟᱭᱟ ᱠᱟᱛᱮᱫ ᱤᱧ ᱟᱞᱚᱢ ᱜᱷᱟᱹᱞᱮᱧᱟ ᱾ ᱤᱧ ᱫᱚ ᱟᱢᱨᱮᱱ ᱦᱚᱯᱚᱱ ᱵᱳᱵᱟ ᱢᱮᱱ  ᱵᱟᱹᱧ ᱠᱷᱚᱡᱟᱠᱟᱱᱟ ᱾ ᱤᱧ ᱫᱚ ᱩᱱᱤ ᱮᱠᱮᱱ ᱵᱤᱥᱮᱥ ᱢᱮᱱᱛᱮ ᱵᱩᱡᱷᱟᱹᱣᱤᱧ ᱵᱩᱡᱷᱦᱟᱹᱣ ᱚᱪᱚᱭᱤᱧ ᱠᱷᱚᱡ ᱟᱠᱟᱱᱟ ᱾
उन्होंने 1978 में पिट्सबर्ग विश्वविद्यालय से स्नातक की उपाधि प्राप्त की।	ᱩᱱᱤ ᱫᱚ ᱑᱙᱗᱘ ᱥᱟᱞ ᱨᱮ ᱯᱤᱴᱥᱵᱟᱨᱜ ᱡᱮᱜᱮᱫ ᱵᱤᱨᱫᱟᱹᱜᱟᱲ ᱠᱷᱚᱱ ᱵᱤ ᱮ ᱯᱟᱥ ᱞᱮᱫᱟᱭ ᱾
वैसे, क्या आपके शौक गा रहे हैं?	ᱡᱟᱦᱟᱸᱭᱮᱱᱜᱮ, ᱥᱮᱨᱮᱧᱫᱚ ᱟᱢᱟᱜ ᱥᱚᱠ ᱠᱟᱱᱟ ?
इससे कोई फ़र्क नहीं पड़ता ।	ᱱᱚᱶᱟ ᱚᱠᱟ ᱵᱮᱯᱟᱨ ᱵᱟᱝ ᱠᱟᱱᱟ ᱾
स्वास्थ्य बीमा क्या था?	ᱥᱟᱶᱟᱨ ᱵᱤᱢᱟᱹ ᱫᱚ ᱪᱮᱫ ᱛᱟᱦᱮᱸᱠᱟᱱᱟ ?
साथ ही, यदि उनके माता-पिता की वार्षिक आय सभी स्रोतों से अधिक नहीं होती तो Ts.250 lh से अधिक नहीं होता है.	ᱟᱨᱦᱚᱸ, ᱡᱩᱫᱤ ᱩᱝᱠᱩᱨᱮᱱ ᱜᱚᱼᱵᱟᱵᱟ ᱥᱮ ᱜᱟᱨᱡᱮᱱᱟᱜᱽ ᱨᱳᱡᱜᱟᱨ ᱫᱚ ᱡᱚᱛᱚ ᱩᱛᱥᱚ ᱠᱷᱚᱱ ᱒ᱹ᱕᱐ ᱞᱟᱠᱷ ᱠᱷᱚᱱ ᱵᱟᱭ ᱡᱟᱹᱥᱛᱤᱜᱽᱼᱟ ᱾
नहीं! मुझे मकड़ियों से डर लगता है। मैं उसे नहीं छू रहा हूँ।	ᱵᱟᱝ ! ᱤᱧ ᱫᱚ ᱵᱤᱱᱫᱤ ᱵᱟᱹᱧ ᱵᱚᱛᱚᱨ ᱟᱠᱚᱣᱟ ᱾ ᱤᱧ ᱫᱚ ᱩᱱᱤ ᱵᱟᱹᱧ ᱡᱚᱴᱮᱫ ᱤᱫᱤᱠᱟᱱᱟ ᱾
ऑस्ट्रेलिया के मिचॆल गोफर ने पुरुषों की स्थिति में ग्यारह ग्यारहवाँ पूरा कर दिया। चेक इग्मीरिक यलीन ने उन पुरुषों के सुपर-जी में 16वीं बात पूरी कर दी।	ᱠᱚᱲᱟ ᱠᱚᱣᱟᱜ ᱛᱤᱝᱜᱩ ᱥᱩᱯᱟᱹᱨ ᱡᱤ ᱨᱮ ᱚᱥᱴᱨᱮᱞᱤᱭᱟ ᱨᱤᱱᱤᱡ ᱢᱤᱥᱮᱞ ᱜᱚᱣᱟᱹᱨᱞᱤ ᱜᱮᱢᱤᱫ ᱛᱷᱟᱨ ᱨᱮ ᱛᱟᱦᱮᱸ ᱠᱟᱱᱟᱭ᱾ ᱠᱚᱲᱟ ᱠᱚᱣᱟᱜ ᱫᱩᱲᱩᱵ ᱥᱩᱯᱟᱹᱨ ᱡᱤ ᱨᱮ ᱪᱮᱠ ᱵᱟᱹᱭᱨᱤ ᱚᱞᱰᱨᱤᱪ ᱡᱮᱞᱤᱱᱮᱠ ᱜᱮᱛᱩᱨ ᱛᱷᱟᱨ ᱨᱮ ᱛᱟᱦᱮᱸ ᱠᱟᱱᱟᱭ᱾
खोज की खबर ने सोने की होड़ (गोल्ड रश) शुरू कर दी।	ᱥᱤᱨᱡᱟᱹᱣ ᱨᱮᱭᱟᱜ ᱰᱚᱜᱚᱨ ᱨᱮ ᱜᱳᱞᱰ ᱨᱟᱥ ᱫᱚ ᱵᱚᱸᱰᱷ ᱞᱮᱱᱟ ᱾
उसने एक निवेदन स्थापित किया कि सन्‌ 1971 में इस विषय का कमरा जेली क्षेत्र में स्थित था और कि पहली बार आने वाले के द्वारा सूट फ़ाइल जारी नहीं रखा गया था COWARS द्वारा दर्ज की गई अनुमति के बिना CONTa(a) उस कार्य की मनाही को ध्यान में रखते हुए, COS(a)।	ᱩᱱᱤ ᱫᱚ ᱢᱤᱫᱴᱟᱝ ᱫᱟᱹᱵᱤᱭ ᱩᱛᱷᱱᱟᱹᱣ ᱠᱮᱫᱟ ᱡᱮ ᱥᱟᱵᱽᱡᱮᱴ ᱨᱩᱢ ᱫᱚ ᱑᱙᱗᱑ ᱟᱹᱱ ᱜᱚᱵᱚᱞ ᱨᱮ ᱩᱪᱷᱟᱹᱱᱟᱠᱟᱱ ᱵᱚᱥᱛᱤ ᱴᱚᱴᱷᱟ ᱨᱮ ᱢᱮᱱᱟᱜ ᱟᱠᱟᱫᱟ ᱟᱨ ᱯᱩᱭᱞᱩ ᱢᱚᱠᱟᱫᱫᱚᱢᱤᱡ ᱦᱚᱛᱮᱛᱮ ᱚᱞᱚᱪᱚᱣᱟᱠᱟᱱ ᱢᱟᱢᱞᱟ ᱫᱚ ᱥᱮᱠᱥᱮᱱ ᱒᱒(᱑)(ᱮ) ᱨᱮ ᱢᱮᱱᱟᱜ ᱟᱠᱟᱫ ᱚᱱᱟ ᱟᱹᱱ ᱵᱟᱨᱚᱱᱟᱱᱟᱜ ᱞᱮᱠᱟᱛᱮ ᱠᱚᱢᱯᱤᱴᱮᱱᱴ ᱚᱛᱷᱚᱨᱤᱴᱤ ᱨᱮᱭᱟᱜ ᱚᱞ ᱚᱱᱩᱢᱚᱛᱤ ᱵᱮᱜᱚᱨ ᱵᱟᱝ ᱨᱩᱠᱷᱭᱟᱹ ᱫᱚᱦᱚ ᱜᱟᱱᱚᱜᱼᱟ ᱾
बहुत-बहुत धन्यवाद, डॉक्टर! अब मैं बहुत बेहतर महसूस कर रहा हूँ। आपकी मदद मेरे लिए बहुत मायने रखती है।	ᱟᱢ ᱟᱭᱢᱟ ᱥᱟᱨᱦᱟᱣ ᱰᱟᱠᱛᱚᱨ ! ᱤᱧ ᱫᱚ ᱱᱤᱛᱚᱜ ᱟᱹᱰᱤ ᱱᱟᱯᱟᱭᱤᱧ ᱟᱹᱭᱠᱟᱹᱣᱮᱫ ᱠᱟᱱᱟ ᱾ ᱟᱢ ᱜᱚᱲᱚᱣᱟᱹᱧ ᱢᱟᱱᱮ ᱤᱧ ᱴᱷᱮᱱ ᱫᱚ ᱟᱭᱢᱟ ᱾
यह सॉफ्टवेयर स्वचालित रूप से अनुक्रमणिका (सूचकांक) और अन्य मुख्य सामग्री तैयार करता था।	ᱱᱚᱣᱟ ᱥᱚᱯᱷᱴᱳᱣᱮᱨ ᱫᱚ ᱟᱡ ᱟᱡᱛᱮᱜᱮ ᱥᱩᱪᱚᱠ ᱟᱨ ᱮᱴᱟᱜ ᱦᱤᱸᱥ ᱨᱮᱭᱟᱜ ᱥᱟᱛᱟᱠ ᱠᱚᱭ ᱵᱮᱱᱟᱣᱼᱟ ᱾
एक लड़ाई और विद्रोही भारतीय सेना अधिकारी अपने पूर्व मित्र के बच्चे की खोज में चला जाता है, जो अजीब रूप से अपहरण किया जाता है।	ᱵᱷᱟᱨᱚᱛᱤᱭᱚ ᱯᱷᱟᱹᱫᱼᱟ ᱞᱟᱹᱲᱦᱟᱹᱭᱼᱟᱡᱷᱟᱴ ᱟᱨ ᱦᱩᱜᱟᱹᱨᱤᱭᱟᱹ ᱢᱤᱫ ᱟᱹᱢᱟᱹᱞᱤᱭᱟᱹ ᱢᱤᱫ ᱢᱟᱨᱮᱼᱜᱟᱛᱮᱭᱟᱜ ᱩᱠᱩᱼᱫᱟᱱᱟᱝ ᱞᱮᱠᱟᱛᱮ ᱟᱹᱛᱠᱤᱨᱞᱮᱱ ᱜᱤᱫᱽᱨᱟᱹ ᱯᱟᱸᱡᱟᱭ ᱥᱮᱱᱞᱮᱱᱟ ᱾
ये पति - पत्नी शायद अपने बच्चे के लिए एक गोद लेने की योजना बनाएँ ।	ᱱᱩᱠᱤᱱ ᱵᱩᱰᱷᱟᱼᱵᱩᱰᱷᱤ ᱫᱚ ᱩᱱᱠᱤᱱᱟᱜ ᱜᱤᱫᱽᱨᱟᱹ ᱦᱟᱛᱟᱣ ᱞᱟᱹᱜᱤᱫ ᱱᱤᱛᱤ ᱴᱷᱟᱹᱣᱠᱟᱹ ᱞᱟᱹᱜᱤᱫ ᱵᱟᱪᱷᱟᱣ ᱫᱟᱲᱮᱭᱟᱜᱼᱟ ᱠᱤᱱ᱾
श्री बॉल्रामिकम यहाँ पूर्वी क्षेत्र का सबसे प्रमुख है।	ᱮᱢᱟᱨᱹ ᱵᱟᱞᱟᱥᱩᱵᱨᱟᱢᱟᱱᱤᱭᱟᱢ ᱫᱚ ᱱᱚᱸᱰᱮᱱᱤᱡᱽ ᱯᱩᱨᱩᱵ ᱡᱳᱱᱨᱮᱭᱟᱜ ᱯᱷᱚᱨᱮᱥᱴ ᱰᱤᱯᱟᱨᱴᱢᱮᱱᱴᱨᱮᱱ ᱢᱩᱠᱷᱭᱟᱹ ᱠᱟᱱᱟᱭ ᱾
तुम ने अपना नाश्‍ता, ब्रिटिश सैनिकों को, न कि अपने शरीर से रक्‍त बहने की मुक्‍त धारा द्वारा कमाया है; सो अपने कमांडरों के साथ, अपने कमांडरों के साथ, और पुरुषगोबरों की छाया में!	ᱟᱢ ᱟᱢᱟᱜ ᱵᱟᱹᱥᱭᱟᱹᱢᱮᱢ ᱧᱟᱢ ᱟᱠᱟᱫᱟ, ᱵᱨᱤᱴᱤᱥ ᱯᱷᱟᱹᱫᱠᱚ, ᱟᱢᱟᱜ ᱩᱫᱜᱟᱹᱨ ᱢᱚᱞᱚᱝᱛᱮ, ᱵᱟᱝ, ᱟᱢᱟᱜ ᱦᱚᱲᱢᱚ ᱠᱷᱚᱱ ᱞᱤᱸᱡᱤᱜ ᱢᱟᱭᱟᱢ ᱛᱮᱦᱚᱸ ; ᱚᱱᱟᱛᱮ, ᱟᱢᱟᱜ ᱵᱟᱹᱥᱭᱟᱹᱢ ᱨᱟᱹᱥᱠᱟᱹᱛᱮ ᱡᱚᱢ ᱢᱮ, ᱟᱢᱨᱮᱱ ᱠᱚᱢᱟᱱᱰᱟᱨ ᱥᱟᱶᱛᱮ, ᱩᱞ ᱵᱟᱜᱟᱱ ᱨᱮᱭᱟᱜ ᱨᱮᱭᱟᱲ ᱩᱢᱩᱞᱨᱮ ᱾
स्त्रियों को यह समझना चाहिए कि सांस्कृतिक भिन्‍नताओं का परिणाम हो सकता है कि वे उत्पीड़न के बारे में क्या सोचते हैं और यह असाधारण नहीं है, हाथ से पकड़े हुए, हाथ - पैर पकड़े हुए ।	ᱛᱤᱨᱞᱟᱹ ᱠᱚ ᱩᱭᱦᱟᱹᱨ ᱞᱟᱹᱠᱛᱤ ᱠᱟᱱᱟ ᱡᱮ ᱞᱟᱠᱪᱟᱨ ᱨᱮ ᱢᱚᱛᱵᱷᱮᱫᱽ ᱫᱚ ᱩᱱᱠᱩ ᱦᱟᱨᱟᱥᱢᱮᱸᱴ ᱫᱚ ᱚᱠᱟᱞᱮᱠᱟ ᱠᱚ ᱵᱷᱟᱹᱵᱤᱭᱟ ᱟᱨ ᱱᱚᱶᱟ ᱠᱚ ᱢᱟᱱᱟᱣᱟ, ᱛᱤ ᱛᱮ ᱥᱟᱵ ᱞᱮᱠᱟᱱᱟᱜ ᱫᱚ ᱵᱟᱝ-ᱟ᱾
यूके में 12 में से 10 महीने बारिश होती है और जब मैं सूरज नहीं देखता तो मुझे सुस्ती और उदासी महसूस होती है।	ᱡᱩᱠᱛᱚ ᱨᱟᱡᱡᱚ ᱨᱮ ᱑᱒ ᱠᱷᱚᱱ ᱑᱐ ᱢᱟᱹᱱᱦᱟᱹ ᱜᱮᱭ ᱫᱟᱜᱼᱟ ᱟᱨ ᱤᱧ ᱫᱚ ᱡᱚᱠᱷᱚᱱ ᱥᱤᱧ ᱪᱟᱸᱫᱚ ᱵᱟᱹᱧ ᱧᱮᱞ ᱧᱟᱢᱮᱭᱟ ᱛᱚᱠᱷᱚᱱ ᱤᱧ ᱫᱚ ᱵᱟᱝ ᱡᱤᱣᱤᱭᱟᱱ ᱞᱮᱠᱟᱧ ᱟᱹᱭᱠᱟᱹᱣᱟ ᱾
और यदि उन लोगों में से कितने ऐसे हों, जो अपनी अपनी शक्ति से ऐसे भारी काम कर चुके हैं, तो अपने माता- पिता और अपनी माता और उन प्राचीनों की आज्ञा का पालन करना, जो भविष्य में भी करते हैं, और हर समय उत्तम और उत्तम से उत्तम हैं।	ᱟᱨ ᱡᱟᱦᱟᱸᱭ ᱡᱩᱫᱤ ᱵᱟᱝᱥᱟᱢᱲᱟᱜ ᱞᱮᱠᱟᱱ (ᱦᱩᱭᱩᱜᱼᱟ), ᱫᱟᱲᱮᱭᱟᱜ ᱞᱮᱠᱟᱛᱮ ᱩᱝᱠᱩ ᱫᱚ ᱟᱠᱩᱣᱟᱜ ᱵᱟᱝᱥᱟᱢᱲᱟᱜ ᱠᱷᱚᱱᱠᱩ ᱥᱟᱢᱲᱟᱣᱟᱠᱟᱱᱟ; ᱟᱨ ᱞᱟᱦᱟᱱ ᱟᱨ ᱦᱟᱯᱮᱱᱨᱮᱱᱟᱜ ᱛᱩᱞᱩᱡᱽᱛᱮ ᱢᱤᱢᱤᱫ ᱠᱷᱮᱛᱨᱚ ᱨᱮ ᱟᱠᱩᱨᱮᱱ ᱵᱟᱵᱟ, ᱜᱚᱜᱚ ᱟᱨ ᱜᱩᱨᱩᱡᱚᱱᱠᱩ ᱡᱚᱨᱢᱚᱴᱛᱮ ᱛᱟᱦᱮᱸᱱ ᱦᱚᱛᱮᱛᱮ ᱩᱝᱠᱩ ᱫᱚ ᱟᱨᱦᱚᱸ ᱵᱷᱟᱜᱤ ᱠᱩ ᱛᱟᱦᱮᱸᱱᱟ ᱟᱨ ᱥᱩᱠ ᱨᱮᱠᱭ ᱛᱟᱦᱮᱸᱱᱟ ᱾
इस खेल में आठ भूतपूर्व भूतपूर्व भूतपूर्व ऑस्ट्रेलियाीय योद्धा शामिल थे ।	ᱜᱚᱴᱟ ᱢᱟᱴᱷ ᱵᱮᱲᱦᱟᱭᱛᱮ ᱚᱞᱚᱢᱯᱤᱠ ᱨᱮᱭᱟᱜ ᱯᱚᱛᱟᱠᱟᱠᱩ ᱜᱮᱢᱮᱨᱞᱮᱫᱟ ᱤᱨᱟᱹᱞᱦᱚᱲ ᱞᱟᱦᱟᱱ ᱚᱥᱴᱨᱮᱞᱤᱭᱚ ᱚᱞᱤᱢᱯᱤᱠ ᱪᱮᱢᱯᱤᱭᱚᱱᱺ ᱱᱤᱞ ᱨᱚᱭᱠᱨᱚᱯᱷᱴ, ᱢᱟᱨᱮ ᱨᱳᱡ, ᱞᱤᱭᱟᱱ ᱴᱩᱛᱷ, ᱡᱤᱞᱤᱭᱟᱱ ᱨᱚᱞᱴᱚᱱ, ᱢᱟᱨᱡᱟᱨᱤ ᱡᱮᱠᱥᱚᱱ, ᱞᱚᱨᱮᱱ ᱠᱨᱮᱯ, ᱢᱟᱭᱠᱮᱞ ᱳᱣᱮᱱᱰᱮᱱ ᱟᱨ ᱱᱤᱠ ᱜᱨᱤᱱ ᱾
तो कृपया वैक्सीन के लिए एक उचित तारीख जाँच करें और यह अनुसूचित हो.	ᱤᱱᱟᱹ ᱛᱟᱭᱚᱢ ᱫᱟᱭᱟ ᱠᱟᱛᱮᱜ ᱵᱷᱮᱠᱥᱤᱱ ᱞᱟᱹᱜᱤᱫ ᱢᱤᱫᱴᱟᱝ ᱴᱷᱟᱹᱣᱠᱟᱹ ᱢᱟᱹᱦᱤᱛ ᱧᱮᱞᱢᱮ ᱟᱨ ᱱᱚᱶᱟ ᱜᱚᱴᱟᱭ ᱢᱮ ᱾
वर्तमान में, विकास कार्य मुख्यतः आर्थिक प्रदर्शन पर केंद्रित होता है (बी. एस. डी.	ᱱᱟᱦᱟᱜ ᱡᱩᱜᱨᱮ, ᱵᱟᱹᱲᱛᱤ ᱨᱮᱭᱟᱜ ᱦᱤᱥᱟᱹᱵ ᱢᱩᱲᱩᱫ ᱠᱟᱭᱛᱮ ᱠᱟᱹᱣᱰᱤ ᱠᱟᱹᱢᱤᱫᱟᱲᱮ (ᱦᱟᱹᱲᱛᱤᱜ ᱫᱚᱨ, ᱡᱤᱰᱤᱯᱤ ᱨᱮᱭᱟᱜ ᱥᱟᱭᱠᱟᱲᱟ ᱞᱮᱠᱟᱛᱮ ᱠᱷᱟᱡᱱᱟ ᱠᱚᱢ, ᱡᱤᱰᱤᱯᱤ ᱨᱮᱭᱟᱜ ᱥᱟᱭᱠᱟᱲᱟ ᱞᱮᱠᱟᱛᱮ ᱠᱚᱨ ᱠᱷᱟᱡᱱᱟ ᱮᱢᱟᱱ) ᱟᱨ ᱥᱟᱶᱛᱟᱨᱤ ᱠᱟᱹᱢᱤ ᱫᱟᱲᱮ ( ᱨᱮᱸᱜᱮᱡ, ᱵᱟᱝ ᱥᱚᱢᱟᱱ, ᱠᱟᱹᱢᱤᱴᱷᱟᱶ ᱨᱮᱭᱟᱜ ᱜᱟᱛᱟᱠ, ᱦᱚᱲᱞᱮᱠᱷᱟ ᱨᱮᱭᱟᱜ ᱯᱩᱥᱴᱤ ᱛᱷᱟᱨ, ᱮᱢᱟᱱ )
Juugantan टाइम्स से एक पारा चारा ने ५, ५.५ तारे दे दिए हैं यह "खरा, व्हेल और स्वादिष्ट रूप से" और लिखा "बॉजी माशीनी एक काल्पनिक, आतंकित प्रेम कविता की तरह बाहर खेलते हैं।"	ᱦᱤᱱᱫᱩᱥᱛᱟᱱ ᱴᱟᱭᱤᱢᱨᱮᱱ ᱚᱱᱩᱯᱚᱢᱟ ᱪᱳᱯᱲᱟ ᱫᱚ ᱕ ᱢᱩᱫᱨᱮ ᱔.᱕ ᱥᱴᱟᱨᱨᱮ ᱮᱢᱟᱠᱟᱫᱟ, ᱱᱤᱭᱟᱹᱫᱚ "ᱩᱰᱟᱹᱜᱽᱠᱟᱱ, ᱟᱸᱡᱚᱢᱚᱜᱽᱠᱟᱱ ᱟᱨ ᱧᱮᱞᱚᱜᱽ ᱞᱮᱠᱟᱛᱮ ᱫᱩᱨᱫᱟᱱᱛᱚ" ᱢᱮᱱᱛᱮ ᱧᱩᱢᱩᱜᱽᱠᱟᱱ ᱟᱟᱨᱮ ᱚᱞᱟᱠᱟᱫᱟ "ᱵᱟᱡᱤᱨᱟᱣ ᱢᱟᱥᱛᱟᱱᱤ ᱫᱚ ᱢᱤᱫᱴᱟᱝ ᱚᱯᱮᱨᱮᱴᱤᱠ, ᱵᱮᱼᱱᱤᱨᱟᱹᱭᱟᱱᱟᱜ, ᱨᱩᱣᱟᱹᱞᱮᱠᱟᱱ ᱫᱩᱞᱟᱹᱲ ᱨᱮᱭᱟᱜ ᱚᱱᱚᱲᱦᱮᱸ ᱞᱮᱠᱟᱭ ᱱᱟᱴᱚᱠᱼᱟᱠᱟᱫᱟ ᱾"
भारत में एक सरकारी या निजी विश्‍वविद्यालय में अध्ययन करनेवाले विद्यार्थियों को वह ज्ञान दिया जाएगा ।	ᱦᱮᱸ ᱾ ᱥᱠᱚᱞᱟᱨᱥᱤᱯ ᱫᱚ ᱵᱷᱟᱨᱚᱛᱨᱮ ᱢᱮᱱᱟᱜᱽ ᱥᱚᱨᱠᱟᱨᱤ ᱥᱮ ᱯᱨᱟᱭᱵᱷᱮᱴ ᱡᱮᱜᱮᱫᱽᱵᱤᱫᱫᱟᱹᱜᱟᱲᱨᱮ ᱯᱟᱲᱦᱟᱜᱽᱠᱟᱱ ᱯᱟᱹᱴᱷᱣᱟᱹᱠᱩᱜᱤ ᱮᱠᱮᱱᱠᱩ ᱮᱢᱚᱜᱚᱜᱽᱼᱟ ᱾
क्या हम, दर्शकों को ड्राइव है, इस उपन्यास के वर्तमान समय के लिए एक नोजिया है, Aususnin's, या Pagnoms के पेट में रहते पल, या Pagls के चरित्र, हमारे अतीत के बारे में नहीं है, जो कि वर्तमान समय के लिए विशेष परिवर्तनों को सूचित करता है.	ᱡᱟᱦᱟᱸ ᱟᱵᱚᱨᱮᱱ ᱟᱧᱡᱚᱢᱤᱭᱟᱹᱠᱩᱭ ᱪᱟᱞᱟᱣ ᱠᱩ ᱚᱱᱟ ᱫᱚ ᱦᱩᱭᱩᱜ ᱠᱟᱱᱟ ᱩᱯᱟᱹᱱᱟᱥ ᱨᱮᱭᱟᱜ ᱱᱟᱦᱟᱜ ᱚᱠᱛᱚ ᱞᱟᱹᱜᱤᱫ ᱢᱤᱫᱴᱟᱝ ᱱᱚᱥᱴᱟᱞᱜᱤᱭᱟ, ᱚᱥᱴᱮᱱᱨᱮᱱ ᱯᱟᱴᱷᱚᱠᱤᱭᱟᱠᱩᱣᱟᱜ ᱡᱤᱣᱮᱛ ᱢᱩᱷᱩᱛ, ᱥᱮ ᱯᱟᱜᱱᱚᱞ ᱟᱨ ᱯᱷᱚᱨᱮᱥᱴᱟᱨ ᱠᱩᱣᱟᱜ ᱪᱟᱹᱨᱤᱛᱠᱩ, ᱟᱵᱩᱣᱟᱜ ᱩᱭᱦᱟᱹᱨᱟᱱ ᱢᱟᱨᱮᱭᱟᱜᱠᱩ, ᱢᱩᱲᱩᱛ ᱯᱟᱲᱦᱟᱣᱟᱱᱟᱜ ᱵᱟᱝᱠᱟᱱ ᱡᱟᱦᱟᱸ ᱞᱟᱹᱜᱤᱛ ᱚᱱᱟ ᱱᱟᱦᱟᱜ ᱚᱠᱛᱚ ᱫᱚ ᱵᱟᱝᱠᱷᱚᱡᱟᱱ ᱵᱚᱫᱚᱞᱚᱜᱼᱮ ᱩᱫᱩᱜ ᱥᱚᱫᱚᱨᱮᱫᱟ ᱾
यह जानना अच्छा है.	ᱟᱹᱤᱰ ᱢᱚᱡ ! ᱱᱚᱶᱟ ᱵᱟᱰᱟᱭ ᱵᱷᱟᱜᱮᱭᱟ ᱾
एंबियामोरी: एंबियामोरी एकपत्नीत्व (मोनोगैमी) और बहुपत्नीत्व/बहुसंबंध (पॉलीअमोरी) दोनों प्रकार के संबंधों का अनुभव करने और आनंद लेने की क्षमता है।	ᱮᱹᱢᱵᱤᱭᱟᱳᱨᱤ ᱫᱚ ᱦᱩᱭᱩᱜ ᱠᱟᱱᱟ ᱢᱤᱫᱞᱮᱠᱟᱱ ᱟᱨ ᱥᱟᱸᱜᱮᱵᱟᱯᱞᱟ ᱤᱫᱤᱠᱟᱛᱮ ᱵᱩᱡᱩᱱ ᱟᱨ ᱵᱷᱩᱡᱟᱹᱣ ᱨᱮᱭᱟᱜ ᱫᱟᱲᱮ ᱾
मिमम उम्र प्रविष्टि 90 दिन है.	ᱠᱚᱢ ᱩᱛᱟᱹᱨ ᱮᱱᱴᱨᱤ ᱩᱢᱟᱹᱨ ᱫᱚ ᱙᱐ ᱫᱤᱱ ᱾
इसीलिए मैं हमेशा तुमसे हेलमेट पहनने को कहता हूँ, लेकिन तुम सुनते नहीं।	ᱱᱚᱶᱟ ᱠᱷᱟᱹᱛᱤᱨ ᱤᱧ ᱫᱚ ᱟᱢ ᱥᱟᱱᱟᱢ ᱚᱠᱛᱮ ᱦᱮᱞᱢᱮᱴ ᱦᱚᱨᱚᱜ ᱤᱧ ᱢᱮᱛᱟᱢᱟ, ᱢᱮᱱᱠᱷᱟᱱ ᱟᱢ ᱫᱚ ᱵᱟᱢ ᱟᱸᱡᱚᱢᱼᱟ ᱾
पहला डीबीटीजी (DBTG) प्रस्ताव 1969 में ही प्रकाशित हो चुका था।	ᱯᱟᱹᱦᱤᱞ ᱰᱤ ᱵᱤ ᱴᱤ ᱡᱤ ᱨᱮᱭᱟᱜ ᱠᱟᱛᱷᱟ ᱠᱚᱫᱚ ᱱᱮᱼᱫᱷᱟᱹᱵᱤᱡᱛᱮ ᱑᱙᱖᱙ ᱥᱟᱞ ᱨᱮ ᱥᱚᱫᱚᱨ ᱞᱮᱱᱟ ᱾
स्थानीय अर्थव्यवस्था मुख्य रूप से वाणिज्य, उद्योग, निर्माण और कृषि पर आधारित है।	ᱛᱷᱟᱹᱭᱤ ᱠᱟᱹᱣᱰᱤ ᱟᱹᱨᱤ ᱫᱚ ᱟᱥᱚᱞᱨᱮ ᱵᱟᱹᱱᱤᱡ, ᱵᱤᱨᱤᱫ, ᱵᱮᱱᱟᱣ ᱟᱨ ᱪᱟᱥ ᱪᱮᱛᱟᱱ ᱨᱮ ᱴᱮᱦᱟᱴ ᱠᱟᱛᱮ ᱾
मेरे पास तीस चावल हैं।	ᱤᱧ ᱴᱷᱮᱱ ᱯᱮ ᱜᱮᱞ ᱜᱚᱴᱟᱝ ᱪᱟᱣᱞ ᱢᱮᱱᱟᱜᱼᱟ ᱠᱚᱣᱟ।
तब क्या यदि कोई झगड़े होंगे?	ᱪᱮᱫ ᱦᱩᱭᱩᱜᱼᱟ ᱡᱩᱫᱤ ᱚᱸᱰᱮ ᱞᱟᱹᱲᱦᱟᱹᱭ ᱦᱩᱭᱩᱜᱼᱟ ?
मैं कुछ पाने की कोशिश कर रहा हूँ एक लंबे समय के लिए, जो मैं अभी तक नहीं कर सकता.	ᱟᱭᱢᱟ ᱫᱤᱱ ᱠᱷᱚᱱ ᱤᱧ ᱫᱚ ᱠᱤᱪᱷᱩ ᱯᱟᱥ ᱨᱮᱭᱟᱜᱤᱧ ᱥᱮᱸᱫᱨᱟᱭᱮᱫᱟ, ᱢᱮᱱᱠᱷᱟᱱ ᱱᱤᱛ ᱦᱚᱸ ᱵᱟᱹᱧ ᱧᱟᱢᱟᱠᱟᱫᱟ ᱾
मेरे पास सैंतीस आम हैं।	ᱤᱧ ᱴᱷᱮᱱ ᱯᱮ ᱜᱮᱞ ᱮᱭᱟᱭ ᱜᱚᱴᱟᱝ ᱟᱢ ᱢᱮᱱᱟᱜᱼᱟ ᱠᱚᱣᱟ।
कुछ प्रशंसकों द्वारा आपत्तिजनक भाषा का प्रयोग बेहद चिंताजनक है।	ᱠᱤᱪᱷᱩᱠ ᱧᱮᱧᱮᱞᱤᱭᱟᱹ ᱠᱚ  ᱫᱟᱨᱟᱭ ᱛᱮ ᱟᱹᱰᱤ ᱵᱟᱹᱲᱤᱡ ᱯᱟᱹᱨᱥᱤ ᱵᱮᱣᱦᱟᱨ ᱫᱚ ᱟᱹᱰᱤ ᱜᱟᱹᱦᱤᱨ ᱥᱟᱹᱦᱤᱡ ᱵᱮᱡᱟᱨ ᱟᱱᱟᱜ ᱛᱟᱦᱮᱸ ᱠᱟᱱᱟ ᱾
वेटर ने जाने से पहले मेरी तरफ देखकर आँख मारी। वह बहुत घिनौना है।	ᱳᱣᱮᱴᱟᱨ ᱫᱚ ᱪᱟᱞᱟᱜ ᱞᱟᱦᱟᱨᱮ ᱤᱧ ᱥᱮᱡᱼᱮ ᱠᱚᱭᱚᱜ ᱠᱮᱰᱟ ᱾ ᱩᱱᱤ ᱫᱚ ᱟᱹᱰᱤᱭ ᱨᱩᱣᱟᱹᱜ ᱠᱟᱱᱟ ᱾
उदाहरण के लिए, क्या जॉन पोलिंग पद 'काबिंग' या 'काइन्टिकीकरण' की परिभाषा है साइमन ब्लैकबर्न द्वारा प्रदान की गई परिभाषा और Jagon किन द्वारा प्रदान की गई परिभाषा है: इस प्रकार की कमीवाद के एक प्रकार के कार्यक्रम की चिंता करता है जो तथ्य या अन्य तथ्यों के साथ किसी अन्य प्रकार के भाषण में शामिल है, इस प्रकार से उनके बीच एक संबंध प्रदान करता है.	ᱫᱟᱹᱭᱠᱟᱹᱞᱮᱠᱟᱛᱮ , ᱥᱟᱤᱢᱚᱱ ᱵᱞᱟᱠᱵᱟᱨᱱ ᱟᱨ ᱡᱮᱜᱣᱟᱱ ᱠᱤᱢ ᱦᱚᱛᱮᱛᱮ ᱮᱢᱟᱠᱟᱱ ᱦᱩᱸᱥᱸ ᱫᱚ ᱦᱩᱭᱩᱜ ᱠᱟᱱᱟ ᱡᱚᱱ ᱯᱚᱞᱠᱤᱝ ᱦᱚᱨᱱ ᱱᱚᱶᱟ ᱯᱟᱹᱱᱟᱹᱨᱥᱤ 'ᱩᱭᱦᱟᱹᱨᱞᱮᱠᱟᱱ' ᱟᱨᱵᱟᱝᱠᱷᱟᱱ 'ᱧᱡᱟᱱᱛᱟᱛᱛᱵᱤᱠ' ᱠᱷᱚᱱᱰᱛᱟᱵᱟᱫ ᱚᱱᱮ ᱞᱮᱠᱟᱱ ᱠᱷᱚᱱᱰᱛᱟᱵᱟᱫ ᱡᱟᱦᱟᱭ ᱢᱤᱫ ᱞᱮᱠᱟᱱ ᱚᱫᱷᱤᱵᱚᱪᱚᱱ ᱥᱟᱶ ᱡᱚᱯᱚᱲᱟᱣ ᱰᱚᱜᱚᱨ ᱟᱨ ᱵᱟᱝᱠᱷᱟᱱ ᱫᱷᱟᱨᱛᱤ ᱨᱮ ᱢᱮᱱᱟᱜ ᱮᱴᱟᱜ ᱞᱮᱠᱟᱱ ᱠᱷᱚᱱ ᱦᱟᱛᱟᱣ ᱟᱠᱟᱱ ᱮᱴᱟᱜ ᱰᱚᱜᱚᱨ ᱵᱟᱝᱠᱷᱟᱱ ᱫᱷᱟᱹᱨᱛᱤᱨᱮ ᱢᱮᱱᱟᱜ ᱫᱚᱲᱦᱟᱛᱮ ᱛᱷᱟᱯᱚᱱ ᱞᱟᱹᱜᱤᱫ ᱠᱟᱹᱢᱤ ᱦᱚᱨᱟ ᱥᱟᱶ ᱥᱟᱹᱜᱟᱹᱭ ᱦᱩᱭ ᱟᱠᱟᱱ ᱠᱷᱟᱹᱛᱤᱨ ᱩᱱᱠᱩ ᱢᱩᱫᱨᱮ ᱢᱤᱫᱴᱟᱝ ᱥᱟᱹᱜᱟᱹᱭ ᱛᱷᱟᱯᱚᱱ ᱟᱠᱟᱱᱟ᱾
मुझसे मेरा बैंक बैलेंस मत पूछिए। यदि आप चाहें तो अपने रिकॉर्ड की जाँच करें। मेरे पास पर्याप्त पैसे हैं।	ᱤᱧᱟᱜ ᱵᱮᱝᱠ ᱵᱮᱞᱮᱱᱥ ᱞᱟᱹᱜᱤᱫ ᱤᱧ ᱟᱞᱚᱢ ᱠᱩᱞᱤᱭᱤᱧᱟ ᱾ ᱟᱢ ᱠᱷᱚᱡ ᱠᱷᱟᱱ ᱟᱢᱟᱜ ᱨᱮᱠᱚᱨᱰ ᱪᱮᱠ ᱢᱮ ᱾ ᱤᱧ ᱴᱷᱮᱱ ᱟᱭᱢᱟ ᱠᱟᱹᱣᱰᱤ ᱢᱮᱱᱟᱜᱼᱟ ᱾
बहुत - से भोजन - वस्तुएँ भी बहुतायत में होती हैं ।	ᱱᱚᱶᱟ ᱠᱚᱨᱮ ᱢᱚᱥᱞᱟᱦᱚᱸ ᱟᱭᱢᱟ ᱛᱟᱦᱮᱱᱟ ᱚᱱᱟᱛᱮ ᱵᱟᱹᱲᱛᱤ ᱡᱚᱢᱟᱜ ᱨᱮᱜᱮ ᱢᱚᱥᱞᱟ ᱫᱚ ᱰᱷᱮᱨᱜᱮ ᱛᱟᱦᱮᱱᱟ ᱾
उसका पहला उद्‌गम था, जहाँ उसने अपनी पहली दौड़ में कोई अंत नहीं किया ।	ᱩᱱᱤᱭᱟᱜ ᱯᱩᱭᱞᱩ ᱥᱞᱮᱢ ᱛᱟᱦᱮᱸᱞᱮᱱᱟ, ᱡᱟᱦᱟᱸ ᱩᱱᱤᱭᱟᱜ ᱟᱡᱟᱜ ᱯᱩᱭᱞᱩ ᱨᱚᱱ ᱨᱮ ᱰᱤᱰ ᱱᱚᱴ ᱯᱷᱤᱱᱤᱥ ᱟᱸᱜᱚᱪ ᱠᱮᱫᱟᱭ᱾ ᱑᱑᱖ ᱦᱮᱯᱨᱟᱣ ᱠᱚᱨᱮ ᱓᱖ ᱨᱮᱱᱟᱜ ᱥᱚᱢᱟᱱ ᱚᱱᱟ ᱫᱟᱹᱲ ᱨᱮᱱᱟᱜ ᱚᱨᱥᱚᱝ ᱛᱟᱦᱮᱸ ᱠᱟᱱᱟ᱾
जबकि कोसियम को दूसरे चक्र में ठीक करने का उद्देश्य है, Stinitheritheritheride साथ मिलकर HLW से तीसरा चक्र में हासिल किया जाता है.	ᱡᱚᱠᱷᱚᱱ ᱫᱚᱥᱟᱨ ᱢᱟᱰᱮᱸᱨ ᱨᱮ ᱥᱤᱡᱤᱭᱟᱢ ᱫᱚᱲᱦᱟ ᱵᱟᱧᱪᱟᱣ ᱡᱚᱥ ᱦᱩᱭᱩᱜ ᱨᱮᱦᱚᱸ, ᱮᱭᱤᱪᱮᱞᱮᱞᱰᱚᱵᱞᱩ ᱠᱷᱚᱱ ᱛᱮᱥᱟᱨ ᱢᱟᱸᱰᱮᱨ ᱨᱮ ᱥᱴᱨᱚᱱᱤᱭᱟᱢᱼᱮᱠᱴᱤᱱᱟᱭᱤᱰᱼᱞᱮᱱᱛᱷᱟᱱᱟᱭᱤᱰ ᱨᱮᱭᱟᱜ ᱵᱷᱮᱜᱟᱨᱛᱮᱫ ᱟᱨᱡᱟᱼᱟ ᱾
क्या पैदल चलना सुरक्षित है?	ᱪᱮᱫ ᱱᱚᱣᱟ ᱛᱟᱲᱟᱢ ᱞᱟᱹᱜᱤᱫ ᱨᱚᱯᱟ ᱜᱮᱭᱟ?
जी हाँ, दृश्‍य बहुत क्रूर है और यह तथ्य कि यह वास्तविक घटनाओं पर आधारित है, यह देखने के लिए भी मुश्‍किल होता है, ऐसा देखना ।	ᱦᱮᱸ ᱪᱤᱛᱟᱹᱨ ᱫᱚ ᱟᱹᱰᱤ ᱵᱮᱼᱵᱟᱹᱲᱤᱡ ᱟᱨ ᱥᱟᱹᱨᱤᱭᱟᱜ ᱜᱷᱚᱴᱚᱱ ᱠᱚ ᱪᱮᱛᱟᱱᱨᱮ ᱴᱮᱸᱦᱟᱴ ᱠᱟᱛᱮ ᱧᱮᱞ ᱞᱟᱹᱜᱤᱫ ᱱᱚᱶᱟ ᱫᱚ ᱟᱨᱦᱚᱸ ᱟᱱᱟᱴᱚᱜᱼᱟ, ᱥᱟᱹᱨᱤᱭ ᱦᱩᱭᱩᱜᱼᱟ ᱾
मेरे पास छब्बीस पक्षी हैं।	ᱤᱧ ᱴᱷᱮᱱ ᱠᱩᱲᱤ ᱛᱩᱨᱩᱭ ᱜᱚᱴᱟᱝ ᱪᱤᱲᱤᱡ ᱢᱮᱱᱟᱜᱼᱟ ᱠᱚᱣᱟ।
ᱫᱟᱜ, ᱫᱟᱭᱟ ᱠᱟᱛᱮ	पानी, कृपया
भाई, कृपया बिलिंग जल्दी पूरी करें! मैं 10 मिनट से अधिक समय से लाइन में इंतजार कर रहा हूँ।	ᱵᱚᱭᱦᱟ, ᱩᱥᱟᱹᱨᱟ ᱵᱤᱞ ᱠᱚᱨᱟᱣ ᱪᱟᱵᱟᱭ ᱢᱮ ! ᱤᱧ ᱫᱚ ᱑᱐ ᱴᱤᱲᱤᱡ ᱠᱷᱚᱱ ᱦᱚᱸ ᱰᱷᱮᱨ ᱚᱠᱛᱚ ᱫᱷᱩᱨᱤᱭᱟᱹ ᱞᱟᱭᱤᱱ ᱨᱮᱧ ᱛᱟᱹᱜᱤᱭᱮᱫᱟ ᱾
उस खेल में किसी भी कीमत पर जीतने पर अत्यधिक जोर देना निराशाजनक है।	ᱚᱱᱟ ᱠᱷᱮᱞᱳᱰ ᱨᱮ ᱡᱟᱦᱟᱸ ᱞᱮᱠᱟ ᱠᱟᱛᱮᱜᱮ ᱡᱤᱛᱠᱟᱹᱨ ᱪᱮᱛᱟᱱ ᱨᱮ ᱟᱹᱰᱤ ᱰᱷᱮᱨ ᱡᱳᱨ ᱮᱢ ᱫᱚ ᱦᱤᱲᱤᱡᱼᱟᱱᱟᱜ ᱾
लेकिन हम अब के लिए तालाब और ट्यूबों का उपयोग करने के अलावा कोई और रास्ता नहीं है.	ᱢᱮᱱᱠᱷᱟᱱ ᱱᱤᱛ ᱯᱩᱠᱷᱨᱤ ᱟᱨ ᱴᱤᱯᱠᱚᱞ ᱵᱮᱣᱦᱟᱨ ᱪᱷᱟᱰᱟ ᱟᱞᱮᱭᱟᱜ ᱟᱨ ᱡᱟᱦᱟᱱ ᱩᱯᱟᱹᱭ ᱵᱟᱹᱱᱩᱜᱼᱟ ᱾
वह खेल छोटे बच्चों के लिए है। आप जैसे बड़े आदमी अभी भी इसे कैसे खेल सकते हैं?	ᱱᱚᱶᱟ ᱠᱷᱮᱞ ᱫᱚ ᱦᱩᱰᱤᱧ ᱜᱤᱫᱽᱨᱟᱹ ᱠᱚ ᱞᱟᱹᱜᱤᱫ ᱠᱟᱱᱟ ᱾ ᱟᱢ ᱞᱮᱠᱟ ᱦᱟᱨᱟᱜ ᱠᱟᱱ ᱡᱩᱣᱟᱹᱱ ᱠᱚ ᱪᱮᱠᱟ ᱞᱮᱠᱟᱛᱮ ᱱᱚᱣᱟ ᱠᱚ ᱠᱷᱮᱞ ᱫᱟᱲᱮᱭᱟᱜᱼᱟ ?
अधिकांश ऑर्थो डॉक्टर हमारे स्वास्थ्य से अधिक पैसे को प्राथमिकता देते हैं।	ᱟᱭᱢᱟᱜᱟᱱ ᱟᱨᱛᱷᱳ ᱰᱟᱠᱛᱚᱨ ᱜᱮ ᱟᱵᱚᱣᱟᱜ  ᱦᱚᱲᱢᱚ ᱥᱟᱶᱟᱨ ᱠᱷᱚᱱ ᱠᱟᱹᱣᱰᱤ ᱪᱮᱛᱟᱱ ᱨᱮ ᱡᱟᱹᱥᱛᱤ ᱟᱹᱭᱫᱟᱹᱨ ᱠᱚ ᱮᱢᱟᱜᱼᱟ ᱾
मुझे ए जैसा गीत गाना पसंद है.	ᱤᱧᱫᱚ ᱥᱟᱱᱛᱟᱞᱤ ᱥᱮᱨᱮᱧᱤᱧ ᱠᱩᱥᱤᱭᱟᱜᱼᱟ ᱾
भारत बहुत से नागरिक पहचान नहीं पाता.	ᱵᱷᱟᱨᱚᱛ ᱫᱚ ᱟᱭᱢᱟ ᱱᱟᱜᱚᱨᱤᱠᱚᱛᱛᱚ ᱨᱮ ᱥᱟᱹᱠᱭᱟᱹᱛ ᱵᱟᱭ ᱮᱢᱚᱜᱼᱟ ᱾
सन्‌ 1755 में पुर्तगालियों ने इसे तहस - नहस कर दिया ।	ᱯᱟᱨᱛᱩᱜᱟᱹᱞᱤ ᱱᱚᱶᱟ ᱠᱚ ᱱᱚᱥᱴᱚ ᱠᱮᱜᱼᱟ ᱟᱨ ᱚᱱᱟ ᱫᱚ ᱠᱟᱸᱥᱟ ᱵᱽᱨᱟᱝᱠᱟ ᱧᱩᱛᱩᱢ ᱛᱮ ᱫᱩᱦᱲᱟᱹ ᱛᱮᱭᱟᱨ ᱠᱮᱜᱼᱟ ᱠᱚ, ᱠᱷᱟᱹᱞᱤ ᱑᱗᱕᱕ ᱨᱮᱭᱟᱜ ᱚᱛᱞᱟᱲᱟᱣ ᱯᱚᱨᱮ ᱱᱚᱶᱟ ᱵᱟᱹᱜᱤ ᱠᱮᱜᱼᱟ ᱠᱚ᱾
बीमा पत्र खोलने पर, मैं लंबे समय तक अविश्वास से इसे देखता रहा क्योंकि मुझे अपने दावे से अधिक पैसे मिले थे।	ᱵᱤᱢᱟᱹ ᱪᱤᱴᱷᱤ ᱡᱷᱤᱡ ᱚᱠᱛᱚ, ᱤᱧ ᱫᱚ ᱵᱟᱝ ᱯᱟᱹᱛᱭᱟᱹᱣ ᱟᱛᱮᱫ ᱚᱱᱟ ᱥᱮᱡ ᱟᱹᱰᱤ ᱜᱷᱟᱹᱲᱤᱡᱤᱧ ᱠᱚᱭᱚᱜ ᱟᱠᱟᱫ ᱛᱟᱦᱮᱸᱠᱟᱱᱟ  ᱪᱮᱫᱟᱜ ᱥᱮ ᱤᱧᱟᱜ ᱠᱷᱚᱡᱟᱜ ᱠᱟᱹᱣᱰᱤ ᱠᱷᱚᱱ ᱡᱟᱹᱥᱛᱤ ᱠᱟᱹᱣᱰᱤᱧ ᱧᱟᱢᱟᱠᱟᱫ ᱛᱟᱦᱮᱸᱠᱟᱱᱟ ᱾
दसवीं - 11वीं सदी और 14वीं सदी के बीच की अवधि में इस तरह का माहौल खड़ा हुआ ।	ᱜᱚᱛᱷᱤᱠ ᱥᱮᱭᱞᱤ ᱑᱐ ᱟᱱᱟᱜ - ᱑᱑ ᱟᱱᱟᱜ ᱥᱮᱧᱪᱩᱨᱤ ᱟᱨ ᱑᱔ ᱟᱱᱟᱜ ᱥᱮᱧᱪᱩᱨᱤ ᱛᱟᱞᱟ ᱟᱣᱫᱷᱤ ᱨᱮ ᱪᱚᱨᱚᱢ ᱨᱮ ᱛᱟᱦᱮᱸ ᱠᱟᱱᱟ᱾
जन्म- पंक्ति कोशिकाओं में केवल उत्परिवर्तन बच्चों के लिए पारित किया जा सकता है, जबकि उत्परिवर्तन अन्य स्थानों पर किए जा सकते हैं कोशिका मृत्यु या कैंसर का कारण हो सकता है.	ᱠᱷᱟᱹᱟᱞᱤ ᱡᱟᱹᱨᱢ ᱞᱟᱭᱤᱱ ᱠᱚᱥᱤᱠᱟᱹ ᱨᱮ ᱡᱟᱱᱟᱢ ᱠᱟᱱ ᱜᱤᱫᱽᱨᱟᱹ ᱠᱚ ᱯᱟᱹᱨᱤᱛ ᱠᱚᱣᱟ ᱠᱚ, ᱦᱮᱞᱮ ᱮᱴᱟᱜ ᱡᱟᱭᱜᱟ ᱠᱚᱨᱮ ᱢᱭᱩᱴᱮᱥᱚᱱ ᱠᱚᱥᱤᱠᱟᱹᱼᱜᱩᱨ ᱟᱨ ᱵᱟᱝ ᱠᱮᱱᱥᱚᱨ ᱨᱮᱭᱟᱜ ᱠᱟᱨᱚᱬ ᱦᱩᱭ ᱫᱟᱲᱮᱭᱟᱜᱼᱟ᱾
ᱥᱟᱹᱜᱩᱱ ᱡᱚᱦᱟᱨ	अलविदा
मुझे लगता है कि निर्माण स्थल भूतिया है। कल रात जब मैं उस जगह के पास से जा रहा था तो मुझे लगा कि मैंने एक भूत देखा।	ᱤᱧ ᱢᱚᱱᱮᱭᱟ ᱵᱮᱱᱟᱣ ᱥᱟᱭᱤᱴ ᱫᱚ ᱵᱚᱛᱚᱨᱟᱱ ᱜᱮᱭᱟ ᱾ ᱪᱟᱞᱟᱣᱮᱱ ᱧᱤᱫᱟᱹ ᱤᱧᱟᱜ ᱢᱚᱱᱮ ᱦᱩᱭ ᱞᱮᱱᱟ ᱤᱧ ᱫᱚ ᱥᱟᱭᱤᱴ ᱫᱷᱟᱨᱮᱛᱮ ᱛᱟᱲᱟᱢ ᱚᱠᱛᱚ ᱢᱤᱫᱴᱟᱝ ᱵᱷᱩᱛᱤᱧ ᱧᱮᱞ ᱟᱠᱟᱫᱤᱭᱟ ᱾
इसके बावजूद, लोगों ने डर के मारे अपने कारोबार और घर छोड़कर जाने लगे ।	ᱥᱩᱱᱟᱢᱤ ᱨᱮᱱᱟᱜ ᱪᱮᱫ ᱦᱚᱸ ᱵᱚᱛᱚᱨ ᱵᱟᱝ ᱠᱟᱛᱮ, ᱛᱟᱦᱮᱱᱟᱱ ᱠᱚ ᱫᱚ ᱦᱚᱨᱚᱵᱚᱨᱚ ᱠᱚ ᱮᱛᱚᱦᱚᱵ ᱠᱮᱫᱼᱟ ᱟᱨ ᱟᱯᱱᱟᱨ ᱚᱲᱟᱜ ᱟᱨ ᱠᱟᱹᱢᱤ ᱫᱚ ᱠᱚ ᱤᱠᱟᱹ ᱠᱮᱫᱼᱟ᱾
इसमें मल भी शामिल है ।	ᱱᱚᱶᱟᱨᱮ ᱵᱟᱹᱲᱤᱡᱟᱜ ᱠᱚᱦᱚᱸ ᱦᱤᱡᱩᱜ ᱠᱟᱱᱟ ᱾
एक उदाहरण जहां वितरित कंप्यूटिंग (distributed computing) का उपयोग किया जाता है वह ग्रेट इंटरनेट मर्सेन प्राइम सर्च है।	ᱢᱤᱫᱴᱟᱝ ᱫᱟᱹᱭᱠᱟᱹᱜ ᱡᱟᱸᱦᱟᱨᱮ ᱟᱹᱲᱛᱤᱭᱟᱠᱟᱫ ᱠᱚᱢᱯᱤᱭᱩᱴᱤᱝ ᱵᱮᱣᱦᱟᱨ ᱦᱩᱭᱩᱜᱼᱟ ᱚᱱᱟᱫᱚ ᱦᱩᱭᱩᱜ ᱠᱟᱱᱟ ᱜᱨᱮᱴ ᱤᱱᱴᱟᱨᱱᱮᱴ ᱢᱟᱨᱥᱮᱱ ᱯᱨᱟᱭᱤᱢ ᱛᱚᱞᱟᱥ ᱾
यह बहुत शौक है लेकिन हम क्या कर सकते हैं, ना?	ᱟᱹᱰᱤ ᱡᱚᱦᱚᱲ ᱜᱮᱭᱟ ᱱᱚᱶᱟᱫᱚ ᱢᱮᱱᱠᱷᱟᱱ ᱟᱞᱮ ᱪᱮᱫᱞᱮ ᱪᱤᱠᱟᱹᱫᱟᱲᱮᱭᱟᱜᱼᱟ, ᱥᱮ ᱵᱟᱝ ?
सात अलग प्रकार की कला हैं.	ᱱᱚᱸᱰᱮ ᱮᱭᱟᱭ ᱞᱮᱠᱟᱱ ᱟᱨᱴ ᱨᱮᱟᱭ ᱫᱷᱟᱨᱟᱠᱩ ᱢᱮᱱᱟᱜᱼᱟ ᱾
इनकी वजह से वहाँ बहुत - सी आम जाति भी पायी जा सकती है ।	ᱭᱩᱨᱳᱯᱤᱭᱟᱱ ᱵᱽᱨᱟᱣᱩᱱ ᱵᱟᱱᱟ, ᱣᱳᱞᱯᱷ, ᱤᱜᱚᱞ, ᱠᱚᱠᱚᱨ, ᱞᱤᱱᱮᱠᱥ, ᱵᱤᱨᱯᱩᱥᱤ ᱟᱨ ᱠᱟᱯᱮᱨᱠᱮᱭᱞᱤ ᱞᱮᱠᱟᱱ ᱢᱟᱦᱨᱚᱜᱽ ᱡᱤᱵᱽᱡᱤᱭᱟᱹᱞᱤ ᱚᱸᱰᱮ ᱟᱭᱢᱟ ᱥᱟᱫᱷᱟᱨᱚᱱ ᱡᱟᱹᱛᱠᱚ ᱥᱟᱶᱛᱮ ᱧᱮᱞ ᱧᱟᱢᱚᱜ ᱜᱮᱭᱟ ᱠᱚ᱾
Fenese का कहना है, "इन्टिक पौराणिक पौराणिक कथाओं में भूषन, गॉर और दूसरे जीवन, Darthth ग्रीम और आज के पवित्र विश्‍व और उनके अतीत के पवित्र विश्‍वमंडल के लिए नाज़ुक और नाज़ुक धन जोड़ दिया. "	ᱯᱷᱮᱱᱮᱠ ᱠᱮ ᱞᱟᱹᱭ ᱞᱮᱫᱟ, " ᱥᱚᱛᱟᱱ ᱥᱷᱤᱠᱷ ᱯᱩᱛᱷᱤ, ᱜᱩᱨᱩ ᱜᱨᱚᱱᱛᱷ ᱥᱟᱦᱮᱵ ᱟᱨ ᱥᱚᱦᱮᱫ ᱢᱩᱬᱩᱛ ᱫᱚᱢᱚᱥ ᱯᱩᱛᱷᱤ ᱵᱷᱟᱨᱚᱛᱤ ᱢᱟᱨᱮᱱ ᱠᱟᱹᱦᱚᱱᱤ ᱯᱟᱥᱱᱟᱣ ᱢᱮᱱᱟᱜᱼᱟ ᱟᱨ ᱱᱟᱦᱟᱜ ᱥᱤᱠᱷ ᱟᱨ ᱥᱮᱫᱟᱭ ᱩᱱᱠᱩ ᱟᱹᱜᱤᱞᱠᱚ ᱥᱚᱛᱟᱱ ᱪᱤᱱᱦᱟᱹ ᱡᱮᱜᱮᱫ ᱢᱩᱫᱨᱮ ᱠᱟᱹᱴᱤᱡ ᱟᱨ ᱢᱚᱨᱢᱚ ᱥᱮᱞᱮᱫ ᱢᱮᱱᱟᱜᱼᱟ᱾
इस प्रकार, इन क्षेत्रों में कम आमदनी का अर्थ कम उत्पादन और इस प्रकार, कम आय का अर्थ है ।	ᱡᱚᱢᱤ ᱟᱨ ᱫᱟᱜ ᱚᱵᱷᱟᱵᱛᱮ, ᱵᱟᱝ ᱩᱛᱱᱟᱣ ᱪᱟᱥᱵᱟᱥ ᱦᱚᱨᱟ ᱟᱨ ᱯᱨᱚᱵᱟᱞ ᱯᱟᱹᱪᱤᱨ ᱴᱚᱴᱷᱟᱠᱚ ᱜᱚᱲᱚ ᱡᱳᱜᱟᱣᱡᱚᱛᱚᱱ ᱵᱟᱝ ᱛᱟᱦᱮᱱ ᱢᱮᱱᱮᱛ ᱦᱩᱭᱩᱜ ᱠᱟᱱᱟ ᱞᱟᱛᱟᱨ ᱟᱨᱡᱟᱣ ᱟᱨ ᱚᱱᱟ ᱚᱡᱮᱛᱮ ᱱᱤᱭᱟᱹ ᱴᱚᱴᱷᱟᱠᱚ ᱟᱭ ᱠᱚᱢ ᱜᱮᱭᱟ᱾
हाँ, मैं आपकी मदद कैसे कर सकते हैं?	ᱦᱮᱸ, ᱪᱮᱠᱟᱞᱮᱠᱟᱛᱮ ᱤᱧ ᱟᱢᱤᱧ ᱜᱚᱲᱚᱫᱟᱲᱮᱭᱟᱢᱟ ?
इस प्रकार Wolwwliws दल के साथ शामिल हो गया, और Wllwwwliwiwa नाम रखा गया था।	ᱱᱚᱝᱠᱟᱛᱮ ᱩᱞᱩᱭᱤᱪ ᱵᱟᱨᱠᱞᱮᱥ ᱚᱯᱷ ᱠᱳᱢᱯᱟᱱᱤᱨᱮᱭ ᱥᱮᱞᱮᱫ ᱮᱱᱟ, ᱟᱨ ᱫᱟᱹᱭᱵᱷᱟᱨ ᱦᱟᱛᱟᱣ ᱛᱟᱭᱚᱢ ᱦᱚᱸ ᱩᱞᱩᱭᱤᱪ ᱧᱩᱛᱩᱢᱫᱚ ᱥᱟᱵ ᱫᱚᱦᱚ ᱦᱩᱭᱞᱮᱱᱟ ᱾
मेरे गलत विचारों को साफ करने के लिए धन्यवाद.	ᱤᱧᱟᱹᱜ ᱦᱤᱫᱤᱡ ᱪᱟᱵᱟᱭ ᱟᱞᱹᱜᱤᱫ ᱛᱮ ᱥᱟᱨᱦᱟᱣ ᱿
यह साल्ट लेक सिटी, यूटा मेट्रोपॉलिटन सांख्यिकीय क्षेत्र का हिस्सा है।	ᱱᱚᱶᱟ ᱫᱚ ᱥᱚᱞᱴ ᱞᱮᱠ ᱥᱤᱴᱤ, ᱢᱮᱴᱨᱳᱯᱚᱞᱤᱴᱚᱱ ᱯᱚᱨᱤᱥᱚᱝᱠᱷᱟᱱ ᱨᱮᱭᱟᱜ ᱦᱤᱸᱥ ᱾
डिजिटल आर्ट नए मीडिया आर्ट का एक हिस्सा है।	ᱰᱤᱡᱤᱴᱟᱞ ᱟᱨᱴ ᱫᱚ ᱱᱟᱣᱟᱱ ᱢᱤᱰᱤᱭᱟ ᱵᱤᱨᱤᱫ ᱨᱮᱭᱟᱜ ᱢᱚᱫᱴᱟᱝ ᱦᱟᱹᱴᱤᱧ ᱾
इस समय दो प्रिय जनों के लिए उसकी करुणा बड़ी थी ।	ᱱᱚᱶᱟ ᱵᱟᱯᱟᱜ ᱨᱮᱭᱟᱜ ᱜᱷᱟᱹᱲᱤᱠᱨᱮ ᱟᱡᱽᱨᱮᱱ ᱵᱟᱨᱭᱟ ᱟᱯᱱᱟᱨ ᱦᱚᱲ ᱪᱮᱛᱟᱱ ᱟᱡᱟᱜ ᱟᱹᱰᱤ ᱫᱟᱭᱟ ᱛᱟᱸᱦᱮᱠᱟᱱᱟ ᱾
मैं समय पर बस स्टेशन नहीं पहुँच सका और मेरी बस छूट गई।	ᱤᱧ ᱫᱚ ᱚᱠᱛᱚ ᱨᱮ ᱵᱟᱥ ᱤᱥᱴᱮᱥᱚᱱ ᱵᱟᱹᱧ ᱥᱮᱴᱮᱨ ᱫᱟᱲᱮ ᱟᱠᱟᱫᱼᱟ ᱟᱨ ᱤᱧᱟᱹᱜ ᱵᱟᱥᱤᱧ ᱯᱟᱹᱥᱩᱲ ᱟᱠᱟᱫᱟ ᱾
आम तौर पर पत्थरों का इस्तेमाल घरों के निर्माण के लिए किया जाता था ।	ᱟᱭᱳ ᱦᱚᱲ ᱠᱚ ᱨᱟᱪᱟ ᱨᱮ ᱫᱟᱠᱟ ᱠᱚ ᱵᱟᱱᱟᱣ ᱮᱫ ᱛᱟᱦᱮᱱᱟ; ᱥᱴᱳᱨ ᱡᱷᱤᱡ ᱠᱟᱣᱩᱴᱟᱨ ᱛᱟᱦᱮᱸ ᱠᱟᱱᱟ ᱡᱟᱦᱟᱸ ᱫᱚ ᱧᱮᱞ ᱦᱩᱭᱩᱜ ᱠᱟᱱ ᱛᱟᱦᱮᱱᱟ᱾ ᱚᱲᱟᱜ ᱵᱟᱱᱟᱣ ᱞᱟᱹᱜᱤᱫ ᱫᱷᱤᱨᱤ ᱨᱮᱱᱟᱜ ᱵᱮᱵᱷᱟᱨ ᱦᱩᱭᱩᱜ ᱠᱟᱱ ᱛᱟᱦᱮᱱᱟ᱾
अधिकांश कीड़ों के शरीर के साथ - साथ अपने पंखों को समेटने में समर्थ होने का लाभ है ।	ᱰᱷᱮᱨ ᱦᱩᱰᱤᱧ ᱡᱤᱭᱟᱹᱞᱤ ᱠᱚ ᱜᱮ ᱱᱤᱡᱟᱹᱨ ᱯᱟᱹᱠᱷᱟᱹᱲᱺᱟᱜ ᱟᱠᱚᱣᱟᱜ ᱦᱚᱲᱢᱚ ᱥᱟᱶᱠᱚ ᱞᱟᱹᱴᱩᱢ ᱨᱩᱣᱟᱹᱲ ᱫᱟᱲᱮᱭᱟᱜ-ᱟ᱾
इसे 2012 में एरिया कोड 431 द्वारा ओवरले किया गया था।	ᱱᱚᱶᱟ ᱫᱚ ᱒᱐᱑᱒ ᱥᱟᱞ ᱨᱮ ᱴᱚᱴᱷᱟ ᱠᱳᱰ ᱔᱓᱑ ᱫᱟᱨᱟᱭᱛᱮ ᱫᱟᱞᱚᱵ ᱞᱮᱱᱟ ᱾
ज़रूर दोस्त, धन्यवाद.	ᱱᱤᱦᱟᱹᱛᱜᱤ ᱜᱟᱛᱮ, ᱟᱭᱢᱟ ᱥᱟᱨᱦᱟᱣ ᱾
अंदर अच्छे शौक?	ᱡᱮᱞᱮᱠᱟ ᱱᱟᱯᱟᱭ ᱥᱚᱠ ?
हाँ, तुम सही हो.	ᱦᱮᱸ, ᱟᱢ ᱫᱚᱢ ᱡᱚᱛᱷᱟᱛ ᱜᱤᱭᱟ ᱾
दो दिन बाद, विकास मंत्री मेलरी किर ने घोषणा की कि ३० लाख डॉलरों को यूक्रेन में अतिरिक्‍त आर्थिक सहायता के लिए रखा जाएगा ।	ᱵᱟᱨ ᱢᱟᱦᱟ ᱛᱟᱭᱚᱢ, ᱩᱛᱱᱟᱹᱣ ᱢᱚᱱᱛᱨᱤ ᱢᱚᱨᱤᱭᱚᱢ ᱠᱤᱛᱤᱨ ᱜᱷᱚᱥᱚᱱᱟ ᱞᱮᱫᱟᱭ ᱡᱮ, ᱤᱣᱩᱠᱨᱮᱱ ᱫᱚ ᱟᱹᱰᱤ ᱰᱷᱮᱨ ᱢᱟᱹᱱᱢᱤᱟᱱᱟᱜ ᱜᱚᱲᱚ ᱠᱷᱟᱹᱛᱤᱨ ᱛᱮ ᱯᱮ ᱜᱮᱞ ᱞᱚᱠᱷᱚ ᱤᱣᱨᱳ ᱵᱚᱨᱟᱫ ᱦᱩᱭᱩᱜᱼᱟ ᱾
आम तौर पर बाहरी व्यक्‍तित्व विकारों के लिए, चिकित्सा चिकित्सा चिकित्सा और व्यवहारिक चिकित्सा शामिल हैं ।	ᱦᱚᱲᱟᱜ ᱟᱡᱟᱨ ᱞᱟᱹᱜᱤᱫ ᱥᱟᱹᱵᱩᱫᱼᱟᱱᱟᱜ ᱥᱟᱭᱠᱳᱛᱷᱮᱨᱟᱯᱤ ᱢᱩᱫᱨᱮ ᱢᱮᱱᱟᱜᱼᱟ ᱜᱮᱭᱟᱱᱼᱟᱱᱟᱜ ᱵᱮᱣᱦᱟᱨ ᱟᱱᱟᱜ ᱛᱷᱮᱨᱟᱯᱤ ᱟᱨ ᱵᱤᱥᱮᱥ ᱠᱟᱨᱛᱮ ᱥᱤᱢᱟᱹᱟᱲᱮ ᱨᱮᱱ ᱟᱡᱟᱨ ᱦᱚᱲᱠᱚ ᱞᱟᱹᱜᱤᱫ ᱢᱮᱱᱟᱜᱼᱟ ᱫᱟᱱᱫᱤᱠ ᱵᱮᱣᱦᱟᱨ ᱛᱷᱮᱨᱟᱯᱤ ᱾
विश्‍वभर में हमारे रेटिंग के सुधार का नतीजा यह हुआ है कि सन्‌ 1918 में, सन्‌ 1999 में, भारत के मंत्री ने कहा कि भारत के बड़े - बड़े अधिकारी, जीव - जंतुओं से जुड़े हुए हैं ।	ᱞᱮᱛᱟᱲ ᱨᱤᱠᱟᱹ ᱦᱚᱛᱮᱛᱮ ᱜᱞᱳᱵᱟᱞ ᱤ ᱳ ᱰᱤ ᱵᱤ ᱨᱮᱝᱠᱤᱝᱨᱮ ᱟᱵᱚᱣᱟᱜ ᱨᱮᱴᱤᱝ ᱨᱟᱠᱟᱵ ᱟᱠᱟᱱᱟ ᱟᱨ ᱡᱤ ᱵᱷᱤ ᱥᱤ ᱥᱟᱶᱛᱮ ᱢᱮᱥᱟᱭᱨᱮ ᱮᱢ ᱮᱥ ᱮᱢ ᱤ ᱠᱚ ᱥᱟᱢᱟᱝ ᱫᱟᱯᱨᱟᱢ ᱞᱮᱠᱟᱱ ᱪᱮᱞᱮᱧᱡ ᱠᱚ ᱡᱟᱨᱯᱟ ᱦᱩᱭᱟᱠᱟᱱᱟ, ᱢᱟᱭᱠᱨᱳ, ᱦᱩᱰᱤᱧ ᱟᱨ ᱢᱤᱰᱤᱭᱟᱢ ᱮᱱᱴᱟᱨᱯᱨᱟᱭᱤᱡ ᱨᱮᱱ (ᱮᱢ ᱮᱥ ᱮᱢ ᱤ ) ᱯᱨᱚᱛᱤᱢᱚᱱᱛᱨᱤ ( ᱥᱟᱫᱷᱤᱱ ᱫᱟᱭᱵᱷᱟᱨ ) ᱥᱨᱤ ᱜᱤᱨᱤᱨᱟᱡ ᱥᱤᱝᱼᱮ ᱞᱟᱹᱭ ᱟᱠᱟᱫᱟ ᱑᱙ᱼ᱒᱐ ᱰᱤᱥᱮᱢᱵᱚᱨ ᱒᱐᱑᱘ ᱢᱟᱹᱦᱤᱛᱨᱮ ᱱᱟᱶᱟ ᱫᱤᱞᱞᱤᱨᱮ ᱥᱤ ᱟᱭ ᱟᱭᱼ ᱥᱟᱶᱛᱮ ᱦᱟᱹᱴᱤᱧᱨᱮ ᱮᱢ ᱮᱥ ᱮᱢ ᱤ ᱢᱚᱱᱛᱨᱚᱱᱟᱞᱚᱭᱼᱟᱜ ᱥᱟᱯᱲᱟᱣᱛᱮ ᱑᱕ ᱟᱱᱟᱜ ᱮᱥ ᱮᱢ ᱤ ᱜᱞᱳᱵᱟᱞ ᱥᱟᱢᱤᱴ ᱨᱮ ᱩᱰᱷᱟᱹᱣ ᱚᱠᱛᱚ ᱢᱩᱲᱩᱫ ᱠᱟᱛᱷᱟᱭ ᱮᱢ ᱞᱮᱫᱟ ᱾
अमरीका के भूविज्ञानिक सर्वे (SSS) और उसके राष्ट्रीय भूकंप जानकारी केंद्र ने जल्द ही नुकसान की कोई रिपोर्ट नहीं दी है ।	ᱥᱮᱞᱮᱫ ᱨᱟᱡᱽᱭᱚ ᱚᱛᱥᱟᱬᱮᱥᱤᱭᱟ ᱥᱚᱨᱵᱮᱪᱷᱚᱱ (ᱭᱩ.ᱮᱥ.ᱡᱤ.ᱮᱥ) ᱟᱨ ᱱᱚᱣᱟ ᱨᱮᱭᱟᱜ ᱡᱟᱹᱛᱤᱭᱟᱹᱨᱤ ᱚᱛ ᱦᱤᱞᱟᱹᱣᱜ ᱠᱷᱚᱵᱚᱨ ᱛᱟᱞᱢᱟ ᱫᱚ ᱵᱟᱹᱲᱤᱡ ᱨᱮᱱᱟᱜ ᱨᱚᱠᱟ ᱟᱭᱢᱟ ᱨᱤᱯᱳᱨᱴ ᱠᱚ ᱵᱟᱝ ᱧᱟᱢ ᱟᱠᱟᱱᱟI
महोदय, कृपया हमारे गैलरी पर एक नज़र रखना और टिप्पणी बॉक्स में अपनी महत्वपूर्ण टिप्पणियाँ प्रदान करें.	ᱜᱚᱝᱠᱮ, ᱫᱟᱭᱟᱠᱟᱛᱮ ᱟᱞᱮᱭᱟᱜ ᱜᱮᱞᱟᱨᱤ ᱢᱤᱫᱫᱷᱟᱣ ᱧᱮᱞᱟᱜᱢᱮ ᱟᱨ ᱞᱟᱹᱭᱛᱮᱱᱟᱜ ᱵᱟᱠᱥᱚᱨᱮ ᱟᱢᱟᱜ ᱫᱟᱢᱟᱱ ᱞᱟᱹᱭᱛᱮᱱᱟᱜ ᱚᱞ ᱠᱟᱜᱼᱢᱮ ᱾
ᱪᱟ	चाय
सन्‌ 2015 में, भारत से भारत के लिए विदेश का पैसा कमाने के लिए 16 करोड़ डॉलर थे ।	᱒᱐᱑᱕ ᱨᱮ, ᱵᱤᱨᱤᱫᱽ ᱠᱷᱚᱱ ᱵᱷᱟᱨᱚᱛ ᱞᱟᱹᱜᱤᱫ ᱯᱷᱚᱨᱮᱱ ᱮᱠᱥᱪᱮᱧᱡ ᱟᱹᱨᱱᱤᱝ ᱫᱚ ᱑᱖ᱹ᱙᱔ ᱵᱤᱞᱤᱭᱚᱱ ᱰᱚᱞᱟᱨ ᱛᱟᱦᱮᱸᱠᱟᱱᱟ ᱾
छी, अपनी पोशाक को उस तरह मत काटो।	ᱦᱮᱭ, ᱟᱢᱟᱜ ᱠᱤᱪᱨᱤᱡ ᱱᱚᱝᱠᱟ ᱞᱮᱠᱟᱛᱮ ᱟᱞᱚᱢ ᱜᱮᱨᱼᱟ ᱾
काश मेरा बड़ा भाई मेरे साथ रोलरकोस्टर पर आता। इसके बजाय वह वाटर राइड्स पर जाता है।	ᱤᱧᱤᱧ ᱟᱸᱥᱚᱜ ᱠᱟᱱᱟ  ᱤᱧᱼᱤᱡ ᱢᱟᱨᱟᱝ ᱫᱟᱫᱟ ᱤᱧ ᱥᱟᱶ ᱛᱮ ᱨᱳᱞᱟᱨᱼᱠᱳᱥᱴᱟᱨ ᱨᱮᱭ ᱦᱤᱡᱩᱜ ᱢᱟ ᱾ ᱵᱟᱝᱠᱷᱟᱱ ᱩᱱᱤ ᱫᱚ ᱳᱣᱟᱴᱟᱨ ᱨᱟᱭᱤᱰ ᱛᱮᱭ ᱪᱟᱞᱟᱜᱼᱟ ᱾
यह पता लगाने के लिए पहले से ही मालिक से पूछिए कि कौन - सी स्वीकार्य भुगतान विधि है ।	ᱵᱟᱦᱨᱤ ᱫᱤᱯ ᱨᱮ ᱠᱨᱮᱰᱤᱴ ᱠᱟᱰ ᱯᱟᱞᱮ ᱵᱟᱠᱚ ᱥᱣᱤᱠᱟᱹᱨᱟ, ᱢᱮᱱᱠᱷᱟᱱ ᱵᱽᱨᱤᱴᱤᱥ ᱟᱨ ᱡᱩᱢᱤᱫᱽ ᱯᱚᱱᱚᱛ ᱯᱩᱭᱥᱟᱹ ᱠᱚ ᱤᱫᱤ ᱜᱟᱱᱟᱜ ᱜᱮᱭᱟ; ᱥᱣᱤᱠᱟᱹᱨ ᱵᱷᱩᱠᱛᱟᱹᱱ ᱵᱤᱫᱷᱤ ᱱᱤᱨᱫᱷᱟᱹᱨᱤᱛ ᱠᱚᱨᱟᱣ ᱞᱟᱹᱜᱤᱫ ᱢᱟᱲᱟᱝ ᱠᱷᱟᱱ ᱢᱟᱹᱞᱤᱠ ᱥᱟᱶ ᱡᱩᱲᱟᱹᱣ ᱛᱟᱦᱮᱸ ᱫᱚᱨᱠᱟᱨ ᱠᱟᱱᱟ᱾
Casenss की परिभाषा को "रिटरल" के रूप में गोद लिया गया.	ᱥᱤᱢᱤᱱᱥ ᱨᱮᱭᱟᱜ ᱯᱟᱹᱱᱟᱹᱨᱥᱤ ᱫᱚ ''ᱡᱮᱜᱮᱫ ᱡᱮᱠᱟᱛ'' ᱳᱣᱟᱴ ᱞᱮᱠᱟᱛᱮ ᱦᱟᱛᱟᱣ ᱞᱮᱱᱟ ᱾
सिकंदर महान के नाम पर रखा गया अलेक्जेंड्रिया लगभग 331 ईसा पूर्व स्थापित किया गया था।	ᱟᱞᱮᱠᱡᱟᱱᱰᱟᱨ ᱫᱟ ᱜᱨᱮᱴ ᱟᱜ ᱧᱩᱛᱩᱢ ᱞᱮᱠᱟᱛᱮ ᱟᱞᱮᱠᱡᱟᱱᱫᱨᱤᱭᱟ ᱫᱚ ᱓᱓᱑ ᱠᱷᱨᱤᱥᱴᱟᱯᱩᱨᱵᱟᱵᱫᱚ ᱦᱩᱭ ᱞᱮᱱᱟ ᱾
इस नीति में न्यूनतम मूल योग क्या है?	ᱱᱤᱭᱟᱹ ᱯᱚᱞᱤᱥᱤ ᱨᱮ ᱡᱚᱛᱚ ᱠᱷᱚᱱ ᱠᱚᱢ ᱩᱛᱟᱹᱨ ᱢᱩᱬᱩᱛ ᱫᱚᱦᱚᱭ ᱠᱟᱹᱣᱰᱤ ᱫᱚ ᱛᱤᱱᱟᱹᱜ ?
बॉलीरो से एक और 15 किलोमीटर की दूरी पर है - आप या तो यहा-बर्मा बस के माध्यम से 11 बजे के माध्यम से पार कर सकते हैं, आप नाम बस में बंद छोड़ (आप वहाँ "ब्लींग 22 किलोमीटर") या कई टैक्सियों के साथ बातचीत करेंगे बस में.	ᱵᱟᱹᱞᱤᱯᱟᱲᱟ ᱠᱷᱚᱱ ᱟᱨᱦᱚᱸ ᱑᱕ ᱠᱤᱢᱤ ᱪᱟᱞᱟᱜ ᱦᱩᱭᱩᱜ ᱛᱟᱢᱟᱼ ᱦᱩᱭᱫᱟᱲᱮᱭᱟᱜ ᱟᱢ ᱤᱴᱟᱱᱚᱜᱚᱨᱼᱵᱚᱢᱰᱤᱞᱟ ᱵᱟᱥ ᱫᱚ ᱥᱟᱵ ᱢᱮ ᱡᱟᱦᱟᱸ ᱵᱟᱞᱤᱯᱟᱲᱟ ᱥᱮᱪ ᱛᱮ ᱥᱮᱛᱟᱜ ᱑᱑ ᱴᱟᱲᱟᱝ ᱱᱟᱜᱟᱫ ᱪᱟᱞᱟᱜᱼᱟ, ᱟᱢ ᱱᱟᱢᱮᱨᱤ ᱵᱟᱥ ᱤᱥᱴᱚᱯ ᱨᱮᱭ ᱯᱷᱮᱰ ᱚᱴᱚ ᱠᱟᱢᱟ ( ᱚᱸᱰᱮ ᱟᱢ "ᱵᱷᱟᱞᱩᱠᱚᱯᱚᱝ ᱒᱒ ᱠᱤᱢᱤ" ᱢᱟᱭᱤᱞᱯᱷᱚᱞᱚᱠ ᱫᱚ ᱧᱮᱞ ᱧᱟᱢᱟᱢ ) ᱵᱟᱝᱠᱷᱟᱱ ᱱᱟᱢᱮᱨᱤ ᱵᱟᱥ ᱤᱥᱴᱚᱯ ᱨᱮ ᱯᱷᱮᱰ ᱞᱟᱹᱜᱤᱫ ᱡᱟᱦᱟᱸ ᱟᱹᱰᱤ ᱰᱷᱮᱨ ᱥᱮᱭᱟᱨ ᱴᱮᱠᱥᱤ ᱢᱮᱱᱟᱜᱼᱟ ᱚᱱᱟᱠᱚ ᱢᱤᱫᱴᱟᱝ ᱥᱟᱶᱛᱮ ᱫᱚᱨᱫᱟᱢ ᱠᱚᱨᱟᱣ ᱟᱢ ᱾
मैं निश्चित रूप से नहीं चाहता कि आप बीमार पड़ें। मुझे क्लाइंट से बात करने दीजिए (प्रबंधक)।	ᱤᱧ ᱱᱤᱦᱟᱹᱛ ᱜᱮ ᱵᱟᱹᱧ ᱠᱷᱚᱡ ᱠᱟᱱᱟ ᱟᱢ ᱨᱩᱣᱟᱹᱜ ᱫᱚ ᱾ ᱤᱧ ᱠᱞᱟᱭᱮᱱᱴ ᱥᱟᱶ ᱨᱚᱯᱚᱲ ᱦᱚᱪᱚᱣᱟᱹᱧ ᱢᱮ ᱾ (ᱢᱮᱹᱱᱮᱡᱟᱨ)
गिनती: अट्ठारह।	ᱞᱮᱠᱷᱟ: ᱜᱮᱞ ᱟᱨ।
मैं इस शुक्रवार की प्रतियोगिता में भाग लेने की भी सोच रहा हूँ ।	ᱤᱧᱦᱚᱸᱧ ᱩᱭᱦᱟᱹᱨᱮᱫᱟ ᱱᱤᱭᱟᱹ ᱡᱟᱹᱨᱩᱢ ᱢᱟᱦᱟ ᱢᱤᱫᱴᱟᱝ ᱥᱮᱨᱮᱧ ᱦᱮᱯᱨᱟᱣᱨᱮ ᱥᱮᱞᱮᱫᱚᱜᱼᱟ ᱾
लोगों की भीड़ ने राजा और रानी को मजबूर कर दिया कि वे अपनी साइकिलें खुली रखें ।	ᱦᱚᱲᱟᱜ ᱵᱷᱤᱲ ᱫᱚ ᱨᱟᱡᱽ ᱟᱨ ᱨᱟᱹᱱᱤ ᱟᱹᱠᱤᱱᱟᱜ ᱠᱮᱨᱮᱡᱽ ᱨᱮᱭᱟᱜ ᱡᱷᱚᱨᱠᱟ ᱡᱷᱤᱡ ᱫᱚᱦᱚ ᱞᱟᱹᱜᱤᱫ ᱠᱚ ᱵᱚᱲᱦᱮ ᱞᱮᱫ ᱠᱤᱱᱟ᱾
उनकी माँ, येवगेनिया, कभी-कभी एंटोन को अपने बचपन की कहानियाँ सुनाती थीं।	ᱟᱡ ᱜᱚᱜᱚ ᱤᱭᱮᱵᱷᱡᱮᱱᱤᱭᱟ ᱫᱚ ᱡᱟᱸᱦᱟᱛᱤᱥ ᱡᱟᱸᱦᱟᱛᱤᱥ ᱠᱚᱨᱮ ᱮᱹᱱᱴᱚᱱ ᱫᱚ ᱟᱡᱟᱜ ᱜᱤᱫᱽᱨᱟᱹ ᱩᱢᱮᱨ ᱨᱮᱭᱟᱜ ᱠᱟᱹᱦᱚᱱᱤᱭ ᱞᱟᱹᱭᱟᱭ ᱛᱟᱦᱮᱸ ᱾
आफ्टर एइट (After Eight): आफ्टर एइट नेस्ले द्वारा बनाई जाने वाली मिंट चॉकलेट कैंडी का नाम है।	ᱟᱯᱷᱴᱟᱨ ᱮᱭᱤᱴ ᱫᱚ ᱦᱩᱭᱩᱜ ᱠᱟᱱᱟ ᱱᱮᱥᱞᱮ ᱵᱮᱱᱟᱣᱟᱜ ᱢᱤᱱᱴ ᱪᱳᱠᱞᱮᱴ ᱠᱮᱹᱱᱰᱤ ᱨᱮᱭᱟᱜ ᱧᱩᱛᱩᱢ ᱾
और अगर वहाँ एक अलग वापसी है तो कि सरकार द्वारा उठाए गए हैं।	ᱟᱨ ᱡᱩᱫᱤ ᱡᱟᱦᱟᱱ ᱰᱤᱯᱟᱨᱮᱱᱥᱤᱭᱟᱞ ᱨᱤᱴᱟᱨᱱ ᱛᱟᱦᱮᱱᱟ ᱮᱱᱠᱷᱟᱱ ᱚᱱᱟ ᱫᱚ ᱥᱚᱨᱠᱟᱨ ᱜᱮᱭ ᱵᱚᱦᱚᱱᱼᱟ ᱾
अल्फा और ओमेगा ग्रीक वर्णमाला के पहले और आखिरी अक्षर हैं।	ᱩᱱᱤ ᱫᱚ ᱯᱳᱭᱞᱳ ᱫᱷᱟᱣ ᱞᱮᱠᱟᱜᱮ ᱯᱮᱹᱨᱤᱥᱮ ᱪᱟᱪᱟᱞᱟᱣ ᱞᱮᱫᱟ ᱾
यह किसी दिए गए सतह पर प्रदर्शित पिक्सेल की संख्या है।	ᱱᱚᱶᱟ ᱫᱚ ᱢᱤᱫᱴᱟᱝ ᱜᱚᱴᱟᱵᱩᱴᱟᱹ ᱟᱠᱟᱱ ᱥᱟᱛᱟᱢ ᱨᱮ ᱩᱫᱩᱜ ᱥᱚᱫᱚᱨᱚᱜ ᱠᱟᱱ ᱯᱤᱠᱥᱮᱞ ᱨᱮᱭᱟᱜ ᱮᱞᱠᱷᱟ ᱾
संयुक्‍त राज्य अमेरिका के रक्षा विभाग के संयुक्‍त आदेश को बिगाड़ रहा है ।	ᱭᱩ.ᱮᱥ ᱰᱤᱯᱟᱨᱴᱢᱮᱸᱴ ᱚᱯᱷ ᱰᱤᱯᱷᱮᱱᱥ ᱚᱯᱷᱤᱥ ᱨᱮᱭᱟᱜ ᱭᱩᱱᱟᱭᱴᱮᱰ ᱥᱴᱮᱴᱥ ᱨᱮᱭᱟᱜ ᱨᱚᱱᱱᱤᱛᱤ ᱠᱚᱢᱟᱸᱰ ᱫᱚ ᱚᱸᱡᱽᱨᱟ ᱨᱮ ᱟᱵᱚᱨᱡᱚᱱᱟ ᱠᱚ ᱴᱨᱟᱠ ᱮᱫ-ᱟᱭI
कनान देश में कोई बड़े - बड़े जंगल नहीं थे, इसलिए लकड़ी बहुत महँगी थी ।	ᱠᱟᱱᱟᱰᱟ ᱨᱮᱱᱟᱜ ᱢᱟᱨᱟᱝ ᱵᱤᱨ ᱫᱚ ᱵᱟᱹᱱᱩᱜᱼᱟ, ᱚᱱᱟᱛᱮ ᱠᱟᱴ ᱫᱚ ᱥᱟᱥᱛᱟ ᱜᱮᱭᱟ᱾
कई होटलों के पास लोहे और लोहे के बोर्ड होते हैं, फिर चाहे वह कमरे में मौजूद न हो ।	ᱤᱥᱛᱨᱭ ᱱᱚᱢ ᱠᱚᱯᱲᱟ ᱩᱱᱠᱩ ᱫᱚ ᱨᱚᱦᱚᱲ ᱞᱟᱹᱜᱤᱫ ᱜᱚᱲᱚ ᱮᱢᱟ ᱠᱚᱣᱟᱭ᱾ ᱟᱭᱢᱟ ᱦᱚᱴᱮᱞ ᱨᱮ ᱢᱮᱲᱦᱮᱫ ᱟᱨ ᱤᱥᱛᱨᱭ ᱨᱩᱬ ᱞᱟᱹᱜᱤᱫ ᱢᱮᱱᱟᱜᱼᱟ, ᱢᱮᱱᱠᱷᱟᱱ ᱡᱟᱦᱟᱸᱭ ᱛᱟᱦᱮᱸ ᱮᱱ ᱵᱟᱝ ᱛᱟᱦᱮᱸ ᱮᱱ᱾
मई 2012 में मध्य अफ्रीका के कनेरी ने अपना पहला विश्व कप जीता ।	᱒᱐᱑᱒ ᱥᱟᱹᱦᱤᱛ ᱨᱮᱭᱟᱜ ᱢᱮ ᱪᱟᱸᱫᱳ, ᱫᱤᱯᱤᱠᱟ ᱠᱩᱢᱟᱨᱤ ᱛᱩᱨᱚᱥᱠᱚ ᱨᱮᱭᱟᱜ ᱟᱱᱴᱟᱞᱤᱭᱟᱨᱮ ᱟᱡᱟᱜ ᱯᱳᱭᱞᱳ ᱵᱤᱥᱥᱚᱠᱟᱯ ᱨᱮᱭᱟᱜ ᱟᱹᱯᱱᱟᱹᱛ ᱛᱷᱚᱱᱚᱛᱨᱮ ᱨᱤᱠᱟᱨᱵᱷ ᱥᱚᱱᱟ ᱢᱮᱰᱮᱞᱮ ᱡᱤᱛᱟᱹᱣ ᱞᱮᱱᱟ ᱾
और भुगतान के बारे में क्या?	ᱟᱨ ᱯᱮᱟᱣᱩᱴ ᱵᱟᱵᱚᱛ ᱫᱚ ᱪᱮᱫ ?
मेरे पास पंद्रह शब्द हैं।	ᱤᱧ ᱴᱷᱮᱱ ᱜᱮᱞ ᱢᱚᱬᱮ ᱜᱚᱴᱟᱝ ᱥᱚᱵᱚᱫ ᱢᱮᱱᱟᱜᱼᱟ ᱠᱚᱣᱟ।
क्या आप यह भी नहीं जानते कि मैं आपके बैंक का ग्राहक हूँ? (ग्राहक)।	ᱟᱢ ᱪᱮᱫ ᱵᱟᱢ ᱵᱟᱰᱟᱭᱼᱟ ᱡᱮ ᱤᱧ ᱫᱚ ᱟᱢᱟᱜ ᱵᱮᱝᱠ ᱨᱮᱱ ᱜᱟᱦᱟᱨ ᱠᱟᱹᱱᱟᱹᱧ ? (ᱠᱟᱥᱴᱚᱢᱟᱨ)
यू. एस. ए.) के बचनेवालों ने इतने लंबे अरसे तक और किसी भी ज़रूरी और उचित परिवर्तनों को स्वीकार नहीं किया ।	USA ᱡᱤᱢᱱᱟᱥᱴᱤᱠ ᱢᱤᱫ ᱵᱷᱮᱜᱟᱨ ᱤᱱᱵᱷᱮᱥᱴᱤᱜᱮᱥᱚᱱᱮ ᱥᱟᱯᱚᱴᱮᱫᱟ ᱡᱟᱦᱟᱸ ᱞᱟᱨᱤ ᱱᱟᱥᱟᱨᱤᱱ ᱵᱟᱧᱪᱟᱣ ᱟᱠᱟᱱ ᱦᱚᱲ ᱠᱚ ᱞᱟᱹᱭ ᱞᱮᱠᱟᱛᱮ ᱱᱤᱛ ᱵᱷᱩᱨ ᱵᱟᱝ ᱴᱷᱤᱠᱟᱹ ᱞᱮᱱᱟ ᱟᱨ ᱚᱱᱟᱨᱮ ᱵᱚᱫᱚᱞᱚᱜ ᱠᱷᱚᱡᱚᱜ ᱠᱟᱱᱟ᱾
बयासी	ᱟᱨ ᱜᱮᱞ ᱵᱟᱨ
हम जो भी अध्ययन करते हैं, यह हमारे चारों ओर है, हम ऊपर देखने की जरूरत है.	ᱟᱵᱚ ᱡᱟᱦᱟᱸᱱᱟᱜ ᱜᱮᱵᱚᱱ ᱯᱟᱲᱦᱟᱜ, ᱚᱱᱟᱫᱚ ᱟᱵᱚ ᱵᱮᱲᱦᱟᱭᱛᱮᱜᱮ ᱢᱮᱱᱟᱜᱼᱟ, ᱟᱵᱚ ᱚᱱᱟ ᱧᱮᱧᱮᱞ ᱞᱟᱹᱠᱛᱤ ᱠᱟᱱᱟ ᱾
अरे राहुल, तुम अब भले ही वरिष्ठ नागरिक हो गए हो, लेकिन तुम अभी भी बहुत अच्छे दिखते हो।	ᱮᱭ ᱨᱟᱦᱩᱞ, ᱟᱢ ᱫᱚ ᱱᱤᱛᱚᱜ ᱢᱤᱫᱦᱚᱲ ᱥᱤᱱᱤᱭᱟᱨ ᱥᱤᱴᱤᱡᱮᱱᱮᱢ ᱦᱩᱭ ᱫᱟᱲᱮᱭᱟᱜᱼᱟ, ᱢᱮᱱᱠᱷᱟᱱ ᱱᱤᱛ ᱦᱚᱸ ᱟᱢ ᱫᱚ ᱟᱹᱰᱤ ᱵᱮᱥᱮᱢ ᱧᱮᱞᱚᱜ ᱠᱟᱱᱟ ᱾
लोनवला महला में एक पहाड़ी स्टेशन है, और आप गर्म मेगाई या vagavavavavavi (जो एक Sagogazaazazapaaaaaaa के रूप में एक गहरा hotacheaks) के साथ रहते हैं याद नहीं कर सकते.	ᱞᱳᱱᱟᱵᱷᱟᱞᱟ ᱫᱚ ᱢᱚᱦᱟᱨᱟᱥᱴᱨᱚ ᱨᱮᱭᱟᱜ ᱢᱤᱫᱴᱟᱝ ᱵᱩᱨᱩ ᱴᱚᱴᱷᱟ ᱟᱨ ᱟᱢ ᱫᱚ ᱱᱚᱸᱰᱮᱱᱟᱜ ᱜᱚᱨᱚᱢ ᱢᱚᱥᱞᱟ ᱪᱟ ᱥᱮ ᱵᱚᱲᱟᱯᱟᱣ ᱵᱟᱢ ᱵᱟᱫ ᱫᱟᱲᱤᱭᱟᱜᱼᱟ (ᱟᱲᱟᱜᱽᱼᱥᱟᱠᱟᱢ ᱡᱚᱢ ᱵᱷᱟᱨᱚᱛᱤᱭᱟᱹ ᱵᱟᱨᱜᱟᱨ ᱡᱟᱦᱟᱸᱱ ᱯᱩᱨ ᱞᱮᱠᱟᱛᱮ ᱛᱟᱦᱮᱸᱱᱟ ᱵᱮᱥᱚᱱᱨᱮ ᱪᱩᱵᱟᱹᱜᱽ ᱰᱩᱵᱩᱡᱽ ᱥᱩᱱᱩᱢᱨᱮ ᱵᱷᱟᱡᱟ ᱟᱹᱞᱩᱨᱮᱭᱟᱜ ᱯᱮᱴᱤ) ᱾
उन्होंने अमेरिकी कवयित्री सिल्विया प्लाथ की विवादास्पद जीवनी लिखी।	ᱩᱱᱤ ᱫᱚ ᱟᱢᱮᱨᱤᱠᱟᱱ ᱚᱱᱚᱞᱤᱭᱟᱹ ᱥᱤᱞᱵᱷᱤᱭᱟ ᱯᱞᱟᱛᱷ ᱟᱜ ᱨᱟᱯᱟᱪᱟᱜ ᱡᱤᱭᱚᱱᱮ ᱚᱞ ᱟᱠᱟᱫᱟ ᱾
मेरे पास नौ मुर्गी हैं।	ᱤᱧ ᱴᱷᱮᱱ ᱟᱨᱮ ᱜᱚᱴᱟᱝ ᱢᱩᱠᱨᱤ ᱢᱮᱱᱟᱜᱼᱟ ᱠᱚᱣᱟ।
कभी - कभी ख़ास पिरामिडों को आकार दिया जाता था, जिन्हें zeugugugs कहा जाता था, मंदिरों का एक हिस्सा बनाया जाता था ।	ᱚᱠᱟᱼᱚᱠᱟ ᱫᱚ ᱵᱤᱥᱮᱥ ᱯᱤᱨᱟᱢᱤᱰ ᱨᱮᱱᱟᱜ ᱟᱠᱟᱨ ᱨᱮᱱᱟᱜ ᱵᱷᱤᱛ, ᱡᱟᱦᱟᱸ ᱫᱚ ᱡᱤᱜᱟᱜᱩᱨᱟᱴ ᱠᱚ ᱢᱮᱛᱟᱣᱟᱜ ᱠᱟᱱᱟ, ᱢᱚᱱᱫᱤᱨ ᱨᱮᱱᱟᱜ ᱦᱟᱹᱴᱤᱧ ᱵᱮᱱᱟᱣ ᱞᱟᱹᱜᱤᱫ ᱵᱮᱱᱟᱣ ᱛᱟᱦᱮᱸ ᱠᱟᱱᱟ᱾
सभी संज्ञाओं, आप के लिए शब्द सिल के साथ, हमेशा एक राजधानी पत्र से शुरू करते हैं, यहाँ तक कि एक वाक्य के बीच में भी.	ᱡᱚᱛᱚ ᱧᱩᱱᱩᱢᱠᱚ, ᱟᱢ ᱞᱟᱹᱜᱤᱱ ᱥᱟᱭ ᱟᱹᱲᱟᱹ ᱥᱟᱶ, ᱞᱮᱛᱟᱲ ᱜᱮ ᱢᱤᱫ ᱢᱟᱨᱟᱝ ᱟᱠᱷᱚᱨ ᱥᱟᱶ ᱮᱦᱚᱵᱚᱜᱼᱟ, ᱢᱤᱫ ᱟᱹᱭᱟᱹᱛ ᱨᱮᱭᱟᱜ ᱛᱟᱞᱟᱢᱟᱞᱟ ᱨᱮᱦᱚᱸ᱾
आप इसे कब मिला?	ᱟᱢ ᱫᱚ ᱱᱚᱶᱟ ᱛᱤᱱᱨᱮᱢ ᱧᱟᱢ ᱟᱠᱟᱰᱟ ?
कोडेविला का सितंबर 2021 में 78 वर्ष की आयु में निधन हो गया।	ᱠᱳᱰᱮᱵᱷᱤᱞᱟ ᱫᱚ ᱒᱐᱒᱑ ᱥᱟᱞ ᱨᱮᱭᱟᱜ ᱥᱮᱯᱴᱮᱢᱵᱚᱨ ᱨᱮ ᱗᱘ ᱥᱮᱨᱢᱟ ᱩᱢᱮᱨ ᱨᱮᱭ ᱜᱚᱪ ᱞᱮᱱᱟ ᱾
यहाँ उपस्थित आप सभी को सुप्रभात। इस तिमाही में हमने अपनी बिक्री दोगुनी होते देखी है और हमें 10 लाख से अधिक दोबारा ऑर्डर मिले हैं।	ᱱᱚᱸᱰᱮ ᱦᱟᱹᱡᱤᱨᱟᱠᱟᱱ ᱥᱟᱱᱟᱢᱠᱚ ᱜᱮ ᱥᱟᱹᱜᱩᱱ ᱥᱮᱛᱟᱜ ᱾ ᱱᱚᱣᱟ ᱯᱮ ᱢᱟᱹᱱᱦᱟᱹ ᱨᱮ ᱟᱞᱮ ᱫᱚ ᱟᱞᱮᱭᱟᱜ ᱟᱹᱠᱷᱨᱤᱧ ᱵᱟᱨ ᱫᱚᱵᱚᱲᱟᱠᱟᱱ ᱞᱮ ᱧᱮᱞ ᱟᱠᱟᱫᱟ ᱟᱨ ᱑ ᱢᱤᱞᱤᱭᱚᱱ ᱠᱷᱚᱱ ᱦᱚᱸ ᱡᱟᱹᱥᱛᱤ ᱫᱚᱲᱦᱟ ᱚᱨᱰᱟᱨ ᱞᱮ ᱧᱟᱢ ᱟᱠᱟᱫᱟ ᱾
इन दोनों गीतों के गीतों को साथाई के नाम से लिखा गया, और शेष गीत रामीद्रता, सेबॉच, देवी म्युस, और ब्वर्बल्‍ना द्वारा लिखे गए थे ।	ᱱᱚᱣᱟ ᱵᱟᱨᱭᱟ ᱥᱮᱨᱮᱧ ᱨᱮᱭᱟᱜ ᱠᱟᱛᱷᱟ ᱥᱟᱶᱦᱮᱫ ᱨᱮᱭᱟᱜ ᱱᱚᱱᱚᱞ ᱛᱮ ᱚᱞ ᱟᱠᱟᱱᱟ ᱟᱨ ᱮᱴᱟᱜ ᱥᱮᱨᱮᱧ ᱠᱚ ᱫᱚᱭ ᱚᱞ ᱟᱠᱟᱫᱟ ᱨᱟᱢᱟᱡᱳᱜᱟᱭᱟ ᱥᱟᱥᱛᱨᱤ ᱪᱚᱱᱫᱨᱚ ᱵᱥᱩ ᱫᱮᱵᱤ ᱥᱮᱨᱤ ᱯᱚᱨᱥᱟᱫ, ᱟᱨ ᱵᱷᱟᱥᱠᱚᱨᱵᱷᱟᱛᱚᱞᱟ ।
उन्होंने जीडीआर (GDR) के लेखक संघ के लिए काम किया।	ᱩᱱᱤ ᱫᱚ ᱜᱤ ᱰᱤ ᱟᱨ ᱨᱮᱭᱟᱜ ᱚᱱᱚᱞᱤᱭᱟᱹ ᱤᱭᱩᱱᱤᱭᱚᱱ ᱞᱟᱹᱜᱤᱫ ᱮ ᱠᱟᱹᱢᱤᱭᱮᱫ ᱛᱟᱦᱮᱸ ᱾
एक क़ौम को उठाओ और इसे एक घर दे.	ᱢᱤᱫᱴᱟᱝ ᱯᱳᱦᱟ ᱨᱟᱠᱟᱵᱽᱢᱮ ᱟᱨ ᱟᱥᱨᱟᱭ ᱮᱢᱟᱭᱢᱮ ᱾
ये सब बढ़िया लग रहा है.	ᱱᱚᱶᱟ ᱡᱚᱛᱚ ᱪᱚᱢᱠᱚᱨᱚᱡ ᱥᱟᱵᱟᱫ ᱾
मेरी टीम को तब बहुत अच्छा लगता है जब हम काम से छुट्टी लेते हैं और एक साथ छुट्टियों पर जाते हैं।	ᱤᱧᱟᱹᱜ ᱫᱚᱞ ᱫᱚ ᱵᱷᱟᱜᱮ ᱠᱚ ᱟᱹᱭᱠᱟᱹᱣᱼᱟ ᱡᱚᱠᱷᱚᱱ ᱟᱞᱮ ᱫᱚ ᱠᱟᱹᱢᱤ ᱠᱷᱚᱱ ᱡᱤᱨᱟᱹᱣᱞᱮ ᱦᱟᱛᱟᱣᱼᱟ ᱟᱨ ᱢᱤᱫ ᱥᱟᱶᱛᱮ ᱪᱷᱩᱴᱤᱞᱮ ᱪᱟᱞᱟᱜᱼᱟ ᱾
मैं सिर्फ अपने कार्यालय के लिए अपने दस्तावेज़ों को भेज सकते हैं?	ᱤᱧᱫᱚ ᱪᱮᱫ ᱟᱢᱟᱜ ᱚᱯᱷᱤᱥ ᱨᱮ ᱤᱧᱟᱹᱜ ᱰᱚᱠᱩᱢᱮᱱᱴᱥ ᱠᱚᱧ ᱠᱳᱞ ᱫᱟᱲᱮᱭᱟᱜᱼᱟ ?
इस प्रकार, जब यह निकला तब पेंसिल बहुत सारे लोगों के लिए एक अच्छा मित्र थी ।	ᱱᱚᱝᱠᱟᱱ, ᱯᱮᱱᱥᱤᱞ ᱵᱟᱦᱨᱮ ᱦᱤᱡᱩᱜ ᱨᱮ ᱟᱭᱢᱟ ᱦᱚᱲ ᱞᱟᱹᱜᱤᱫ ᱢᱤᱫ ᱱᱟᱯᱟᱭ ᱜᱟᱛᱮ ᱥᱟᱹᱜᱟᱹᱭ ᱛᱟᱦᱮᱸ ᱠᱟᱱᱟ᱾
सन्‌ 8085% लोगों का अनुपात सन्‌ 1520% में पाया जाता है ।	᱘᱐ᱼ᱘᱕% ᱩᱯᱠᱟᱹᱨᱟᱱ ᱵᱮᱠᱴᱮᱨᱤᱭᱟ ᱟᱨ ᱑᱕ᱼ᱒᱐% ᱦᱩᱭ ᱫᱟᱲᱮᱭᱟᱜᱼᱟ ᱵᱟᱲᱤᱡᱽᱼᱟᱱ ᱵᱮᱠᱴᱮᱨᱤᱭᱟᱼᱟᱜ ᱛᱩᱞᱩᱡᱽ ᱥᱟᱫᱷᱟᱨᱚᱱᱚᱛᱚ ᱞᱟᱡᱽᱨᱮ ᱥᱟᱹᱵᱤᱠ ᱞᱮᱠᱟᱛᱮ ᱞᱮᱠᱷᱟ ᱦᱩᱭᱩᱜᱼᱟ ᱟᱨ ᱦᱳᱢᱤᱳᱥᱴᱟᱥᱤᱥᱼᱮ ᱥᱟᱵ ᱫᱚᱦᱚᱭᱟ ᱾
एक लंबे अरसे से यह जाना जाता है कि मस्तिष्क के भिन्‍न प्रकार के मस्तिष्क को क्षति, आघात, रक्‍त - कोशिकाएँ, और टैमोटर का प्रभाव होता है और कुछ मानसिक कार्यों में परिवर्तन होता है ।	ᱱᱚᱶᱟ ᱰᱷᱮᱨ ᱚᱠᱛᱚ ᱠᱷᱚᱱ ᱵᱟᱰᱟᱭ ᱛᱟᱦᱮᱸ ᱠᱟᱱᱟ ᱡᱮ ᱮᱴᱟᱜᱼᱮᱴᱟᱜ ᱯᱨᱚᱠᱟᱨ ᱨᱮᱱᱟᱜ ᱵᱷᱮᱡᱟ ᱟᱹᱜᱷᱟᱹᱛ, ᱴᱨᱩᱢᱟᱹ, ᱜᱷᱟᱹᱣ ᱟᱨ ᱴᱭᱩᱢᱟᱹᱨ ᱠᱚ ᱯᱨᱚᱵᱷᱟᱣᱤᱛ ᱠᱚᱨᱟᱣ ᱮᱫ ᱟᱭ ᱟᱨ ᱛᱤᱱᱟᱹᱜ ᱜᱟᱱ ᱢᱟᱹᱱᱥᱤᱠ ᱠᱟᱨᱚᱬ ᱞᱟᱹᱜᱤᱫ ᱛᱮᱭᱟᱨᱚᱜ ᱠᱟᱱᱟ᱾
मेरा आज की परीक्षा लिखने का मन नहीं कर रहा है। क्या होगा अगर मैं पास न हुआ?	ᱛᱮᱦᱮᱧᱟᱜ ᱵᱤᱰᱟᱹᱣ ᱚᱞ ᱢᱚᱡ ᱵᱟᱹᱧ ᱟᱹᱭᱠᱟᱹᱣᱮᱫᱟ ᱾ ᱡᱩᱫᱤ ᱤᱧ ᱵᱟᱹᱧ ᱯᱟᱥᱼᱟ, ᱪᱮᱫ ᱦᱩᱭᱩᱜᱼ ᱟ ?
दरअसल, वे ताज़गी और ताज़गी महसूस करते हैं ।	ᱟᱥᱚᱞᱨᱮ, ᱚᱱᱟᱠᱚᱫᱚ ᱨᱚᱠᱟ ᱟᱨ ᱥᱚᱸᱫᱷᱟᱲ ᱥᱚ ᱟᱱᱟᱜᱼᱟ ᱾
अल्बर्टा एक कनाडाई प्रांत है जिसे 1905 में बनाया गया था।	᱘᱙᱐ ᱥᱟᱞ ᱥᱮᱫ ᱟᱞᱯᱷᱨᱮᱰ ᱫᱚ ᱟᱡᱨᱮᱱ ᱦᱚᱲᱠᱚ ᱢᱩᱫᱨᱮ ᱩᱯᱨᱩᱢ ᱨᱮᱭᱟᱜ ᱟᱹᱭᱫᱟᱹᱨᱮ ᱮᱢ ᱟᱠᱟᱫᱟ ᱾
राजकोट तक पहुँचने पर, मैंने अगले सुबह डॉक्टर को रिपोर्ट दी ।	ᱨᱟᱡᱠᱳᱴ ᱨᱮ ᱥᱮᱴᱮᱨᱠᱟᱛᱮ, ᱫᱚᱥᱟᱨ ᱦᱤᱞᱚᱜ ᱥᱮᱛᱟᱜ ᱤᱧ ᱫᱚ ᱱᱤᱡᱟᱹ ᱜᱤ ᱢᱮᱰᱤᱠᱮᱞ ᱚᱯᱷᱤᱥᱟᱨ ᱴᱷᱮᱱᱤᱧ ᱨᱤᱯᱳᱴᱞᱮᱱᱟ ᱾
प्रीमियम क्या है?	ᱜᱚᱱᱚᱝ ᱞᱮᱠᱷᱟ ᱫᱚ ᱛᱤᱱᱟᱹᱜ ᱠᱟᱱᱟ ?
2010 की संयुक्त राज्य अमेरिका की जनगणना में शहर की जनसंख्या 16,116 थी।	᱒᱐᱑᱐ ᱨᱮᱱᱟᱜ ᱤᱭᱩᱱᱟᱭᱴᱮᱰ ᱥᱴᱮᱴᱥ ᱥᱮᱱᱥᱟᱥ ᱨᱮ, ᱥᱟᱦᱟᱨ ᱨᱮᱭᱟᱜ ᱦᱚᱲᱞᱮᱠᱷᱟ ᱫᱚ ᱛᱟᱦᱮᱸ ᱠᱟᱱᱟ ᱑᱖,᱑᱑᱖ ᱾
इस प्रकार के प्रबंधक को अप्रिय निर्णय करने, अनुशासन देने, कार्य करने, ज़िम्मेदारी सँभालने, और लोगों को जवाबदेह रखने में कठिनाई होती है ।	ᱱᱚᱝᱠᱟᱱ ᱢᱮᱱᱮᱡᱟᱨ ᱠᱚ ᱵᱟᱝᱠᱩᱥᱤᱜ ᱴᱷᱟᱹᱣᱠᱟᱹᱭ, ᱟᱹᱱᱼᱟᱹᱨᱤᱭᱟᱹ ᱠᱟᱰᱮᱨ ᱦᱟᱛᱟᱣ, ᱩᱫᱩᱜ ᱥᱚᱫᱚᱨ ᱫᱚᱨᱫᱟᱢ, ᱫᱟᱹᱭᱵᱷᱟᱨ ᱪᱟᱞ, ᱟᱨ ᱦᱚᱲᱠᱚ ᱫᱟᱹᱭᱤ ᱨᱮ ᱮᱴᱠᱮᱴᱚᱬᱮ ᱠᱚ ᱟᱴᱠᱟᱨᱟ᱾
ᱤᱧ ᱴᱷᱤᱠ ᱜᱮᱭᱟᱹᱧ, ᱟᱭᱢᱟ ᱥᱟᱨᱦᱟᱣ	मैं ठीक हूँ, धन्यवाद
अनेक लोग आश्‍चर्यचकित हैं कि जनसंख्या की तुलना में: कनाडा के नागरिक उससे भी ज़्यादा अफ्रीकी अमरीकी हैं ।	ᱦᱚᱲ ᱮᱞ ᱠᱚ ᱛᱩᱟᱞᱡᱚᱠᱷᱟ ᱞᱟᱹᱜᱤᱫ ᱡᱟᱦᱟᱸ ᱟᱹᱰᱤᱜᱟᱱ ᱦᱚᱲ ᱠᱚ ᱦᱟᱦᱟᱲᱟ ᱚᱪᱚᱭᱮᱫ ᱠᱚᱣᱟ ᱺ ᱠᱟᱱᱟᱰᱟ ᱨᱤᱱ ᱱᱟᱜᱨᱤᱠ ᱠᱚᱣᱟᱜ ᱛᱩᱞᱟᱹ ᱯᱟᱹᱭᱞᱟᱹ ᱨᱮ ᱟᱢᱨᱤᱠᱟ ᱨᱮ ᱡᱟᱹᱥᱛᱤ ᱟᱯᱷᱨᱤᱠᱤ ᱟᱢᱮᱨᱤᱠᱤ ᱠᱚ ᱵᱟᱥᱟ ᱟᱠᱟᱱᱟ᱾
उस इलाके में अलग - अलग सरकारी एजियों द्वारा रिपोर्ट की गयी थी, जो 38एम से 17वीं सदी तक फैले हुए हैं ।	ᱡᱩᱫᱟᱹ ᱡᱩᱫᱟᱹ ᱥᱟᱨᱠᱟᱨᱤ ᱮᱡᱮᱱᱥᱤ ᱠᱩ ᱦᱚᱛᱮᱛᱮ ᱨᱤᱯᱳᱴᱟᱠᱟᱱᱟ ᱡᱮ ᱠᱷᱟᱹᱞᱤ ᱴᱚᱴᱷᱟ ᱜᱚᱵᱚᱞ ᱨᱮ ᱢᱮᱱᱟᱜ ᱡᱟᱭᱜᱟ ᱫᱚ ᱓᱘ᱮᱢᱮᱭᱤᱡᱮ ᱠᱷᱚᱱ ᱑᱗᱕ᱮᱢᱮᱭᱤᱡᱮ ᱫᱷᱟᱹᱵᱤᱡᱽ ᱦᱩᱭᱫᱟᱲᱤᱭᱟᱜᱼᱟ ᱾
डिजिटल स्पाई: डिजिटल स्पाई एक ब्रिटिश मनोरंजन और मीडिया समाचार वेबसाइट है।	ᱰᱤᱡᱤᱴᱟᱞ ᱥᱯᱟᱭ ᱰᱤᱡᱤᱴᱟᱞ ᱥᱯᱟᱭ ᱫᱚ ᱢᱤᱫᱴᱟᱝ ᱨᱟᱹᱥᱠᱟᱹᱣᱟᱱᱟᱜ ᱟᱨ ᱢᱤᱰᱤᱭᱟ ᱠᱷᱚᱵᱚᱨ ᱳᱭᱮᱵᱥᱟᱭᱮᱴ ᱾
सर, हाँ, हर सृजनात्मक रूप के जानने के लिए एक कहानी है।	ᱜᱚᱝᱠᱮ, ᱦᱮᱸᱜᱤ ᱾ ᱢᱤᱢᱤᱫᱽ ᱥᱤᱨᱡᱟᱹᱣᱟᱱᱟᱜ ᱨᱩᱯ ᱨᱮᱭᱟᱜ ᱢᱤᱫᱴᱟᱝ ᱠᱟᱹᱦᱤᱱᱤ ᱢᱮᱱᱟᱜᱼᱟ ᱾
लेकिन, यह व्यक्‍ति एक शीर्षक मैच नहीं है, लेकिन प्रशंसक उत्तेजित होते हैं ।	ᱮᱱᱠᱷᱟᱱ ᱱᱤᱭᱟᱹ ᱵᱟᱨ ᱨᱮᱭᱟᱜ ᱫᱚ ᱥᱤᱨᱯᱟᱹ ᱢᱮᱪᱵᱟᱝ ᱠᱟᱱᱟ, ᱢᱮᱱᱠᱷᱟᱱ ᱵᱷᱚᱠᱛᱚ ᱠᱚᱫᱚ ᱠᱚ ᱠᱩᱥᱤ ᱜᱮᱭᱟ ᱾
वह चिकित्सक अलेक्सांडर क्रेमर और मोडेस्टा प्लोन्स्का की बेटी थीं।	ᱩᱱᱤ ᱫᱚᱭ ᱛᱟᱦᱮᱸ ᱠᱟᱱᱟ ᱛᱤᱠᱤᱪᱪᱷᱚᱠ ᱟᱞᱮᱠᱥᱟᱱᱰᱟᱨ ᱠᱨᱮᱢᱟᱨ ᱟᱨ ᱢᱳᱰᱮᱥᱛᱟ ᱯᱚᱞᱳᱱᱚᱥᱠᱟ ᱨᱮᱱ ᱦᱚᱯᱚᱱ ᱮᱨᱟ ᱾
अमरीका के विमानों का अनुमान है कि 6 इंच बारिश की वजह से जो नुकसान हुआ, वह खराब हो सकता है ।	ᱭᱩ.ᱮᱥ.-ᱟᱜ ᱠᱨᱚᱯᱥ ᱚᱯᱷ ᱤᱸᱡᱤᱱᱤᱭᱚᱨᱥ ᱚᱱᱟᱢᱟᱱᱮᱫ ᱠᱟᱱᱟ ᱡᱮ ᱖ ᱤᱸᱪ ᱫᱟᱜ ᱫᱚ ᱯᱩᱭᱞᱩ ᱠᱷᱚᱱ ᱵᱟᱹᱲᱤᱡ ᱟᱠᱟᱱ ᱫᱟᱨᱮ ᱥᱟᱠᱟᱢ ᱠᱚᱭ ᱧᱩᱨᱟ ᱫᱟᱲᱮᱭᱟᱜ-ᱟ᱾
मैं सालों से इस बैंक का वफादार ग्राहक रहा हूँ, लेकिन आज मुझे जो सेवा मिली है वह अस्वीकार्य है। मैं एक पर्यवेक्षक (सुपरवाइज़र) से बात करने की मांग करता हूँ!	ᱤᱧ ᱫᱚ ᱥᱮᱨᱢᱟ ᱠᱮ ᱥᱮᱨᱢᱟ ᱠᱷᱚᱱ ᱱᱚᱣᱟ ᱵᱮᱝᱠ ᱨᱮᱱ ᱢᱤᱫ ᱦᱚᱲ ᱯᱟᱹᱛᱭᱟᱹᱣᱟᱱ ᱜᱨᱟᱦᱟᱠ ᱠᱟᱹᱱᱟᱹᱧ ᱢᱮᱱᱠᱷᱟᱱ ᱛᱮᱦᱮᱧ ᱡᱟᱦᱟ ᱯᱚᱨᱤᱥᱮᱵᱟᱧ ᱧᱟᱢ ᱟᱠᱟᱫᱟ ᱚᱱᱟ ᱫᱚ ᱵᱟᱝ ᱦᱟᱛᱟᱣ ᱞᱮᱠᱟᱱᱟᱜ ᱜᱮ ᱾ ᱤᱧ ᱫᱚ ᱢᱤᱫ ᱦᱚᱲ ᱥᱩᱯᱟᱨ ᱵᱷᱟᱭᱥᱟᱨ ᱥᱟᱣ ᱠᱟᱛᱷᱟ ᱨᱚᱲᱤᱧ ᱠᱷᱚᱡ ᱠᱟᱱᱟ !
जब भी छात्र इस बात पर चर्चा करने के लिए तैयार होते हैं कि वे क्या चाहते हैं तो मुझे अच्छा लगता है (फिटनेस ट्रेनर)।	ᱟᱪᱮᱫ ᱠᱚ ᱪᱮᱫ ᱠᱚ ᱠᱷᱚᱡᱼᱟ ᱚᱱᱟ ᱤᱫᱤᱠᱟᱛᱮ ᱜᱟᱞᱚᱪ ᱨᱮ ᱥᱟᱯᱲᱟᱣ ᱦᱩᱭ ᱞᱮᱱᱠᱷᱟᱱ, ᱡᱟᱣ ᱫᱷᱟᱣᱜᱮ ᱤᱧ ᱵᱷᱟᱜᱮᱧ ᱟᱹᱭᱠᱟᱹᱣᱼᱟ (ᱯᱷᱤᱴᱱᱮᱥ ᱴᱨᱮᱱᱟᱨ) ᱾
मेरे पास पंद्रह बंदर हैं।	ᱤᱧ ᱴᱷᱮᱱ ᱜᱮᱞ ᱢᱚᱬᱮ ᱜᱚᱴᱟᱝ ᱵᱟᱸᱫᱚᱨ ᱢᱮᱱᱟᱜᱼᱟ ᱠᱚᱣᱟ।
अत्यधिक ठंड के कारण वह निमोनिया से पीड़ित हो गईं।	ᱟᱹᱰᱤ ᱨᱮᱭᱟᱲ ᱦᱚᱭ ᱦᱤᱸᱥᱤᱫ ᱨᱮ ᱩᱱᱤ ᱫᱚ ᱱᱤᱣᱩᱢᱳᱱᱤᱭᱟ ᱛᱮᱭ ᱯᱟᱲᱟᱣ ᱞᱮᱱᱟ ᱾
एक सच्चे “अलग टीम ” की उपस्थिति (लेवरॉन और लारानो, १९८९, पृष्ठ १०९९) भी एक आभासी टीम का एक अद्वितीय घटक है ।	ᱢᱤᱫᱴᱟᱹᱝ ᱥᱟᱹᱨᱤ (ᱞᱟᱹᱨᱥᱟᱹᱱ ᱟᱨ ᱞᱟᱯᱷᱟᱥᱴᱚ, ᱑᱙᱘᱙, ᱥᱟᱠᱟᱢ ᱑᱐᱙) ᱨᱮᱭᱟᱜ ᱛᱟᱦᱮᱸ ᱦᱚᱸ ᱢᱤᱫᱴᱟᱹᱝ “ᱵᱟᱝ ᱧᱮᱞᱚᱜ ᱴᱤᱢ” ᱨᱮᱭᱟᱷ ᱢᱤᱫᱴᱟᱹᱝ ᱱᱟᱶᱟ ᱜᱷᱚᱴᱚᱠ ᱠᱟᱱᱟ᱾
मेरे पास पचासी आम हैं।	ᱤᱧ ᱴᱷᱮᱱ ᱟᱨ ᱜᱮᱞ ᱢᱚᱬᱮ ᱜᱚᱴᱟᱝ ᱟᱢ ᱢᱮᱱᱟᱜᱼᱟ ᱠᱚᱣᱟ।
किसी पर भी कम्युनिस्ट होने का आरोप लगाया जा सकता था और कई लोगों पर लगाया भी गया।	ᱡᱟᱸᱦᱟᱭ ᱜᱮ ᱠᱚᱢᱤᱣᱩᱱᱤᱥᱴ ᱢᱮᱱᱛᱮ ᱧᱩᱢ ᱜᱟᱱᱟᱚᱼᱥ ᱟᱨ ᱟᱹᱰᱤ ᱦᱚᱲ ᱜᱮᱠᱚ ᱛᱟᱦᱮᱸ ᱠᱟᱱᱟ ᱾
आम जनता को कर देने की किसी भी शक्‍ति की कमी नहीं थी, और इसलिए कि कोई राष्ट्रीय अधिकारी या सरकारी अधिकारी नहीं थे, यह सरकारी अधिकारियों पर निर्भर था, जो अकसर अपने सभी कार्यों को लागू करने के लिए बाध्य थे ।	ᱠᱚᱝᱜᱽᱨᱮᱥ ᱴᱷᱮᱱ ᱴᱮᱠᱥ‌ ᱞᱟᱹᱜᱟᱣ ᱨᱮᱭᱟᱜ ᱥᱚᱠᱛᱤ ᱵᱟᱝ ᱛᱟᱦᱮᱸ ᱠᱟᱱᱟ, ᱟᱨ, ᱪᱮᱫᱟᱜ ᱥᱮ ᱚᱠᱚᱭ ᱨᱟᱥᱴᱨᱚ ᱠᱟᱨᱭᱚᱠᱟᱨᱤᱬᱤ ᱟᱨ ᱵᱟᱝ ᱱᱭᱟᱭᱯᱟᱞᱤᱠᱟ ᱵᱟᱠᱚ ᱛᱟᱦᱮᱸ ᱠᱟᱱᱟ, ᱩᱱᱠᱩ ᱡᱷᱚᱛᱚ ᱠᱨᱩᱛ ᱠᱚ ᱞᱟᱹᱜᱩ ᱞᱟᱹᱜᱩᱫ ᱯᱚᱱᱚᱛ ᱨᱤᱱ ᱚᱫᱷᱤᱠᱟᱹᱨᱤ ᱪᱮᱛᱟᱱ ᱨᱮ ᱱᱤᱨᱵᱷᱚᱨ ᱛᱮ ᱯᱟᱲᱟᱣᱜ ᱠᱟᱱ ᱛᱟᱦᱮᱸᱡ ᱠᱚ, ᱡᱚᱦᱟᱸᱭ ᱫᱚ ᱚᱥᱚᱦᱚᱭᱚᱜᱽ ᱜᱮ ᱛᱟᱦᱮᱸ ᱠᱟᱱᱟ ᱠᱚ᱾
2019 से, यह अल्टेना की नई नगरपालिका का हिस्सा रहा है।	᱒᱐᱑᱙ ᱥᱟᱞ ᱠᱷᱚᱱ, ᱱᱚᱶᱟ ᱫᱚ ᱟᱞᱛᱮᱱᱟ ᱨᱮᱭᱟᱜ ᱱᱟᱣᱟᱱ ᱯᱳᱣᱨᱚᱥᱚᱵᱷᱟ ᱨᱮᱭᱟᱜ ᱦᱤᱸᱥ ᱾
मैंने उन्हें अब सूचित किया है ताकि आप में हो रही किसी भी मुसीबत का सामना नहीं होगा.	ᱤᱧ ᱫᱚ ᱩᱝᱠᱩ ᱱᱤᱛᱚᱜᱽᱤᱧ ᱵᱟᱰᱟᱭᱩᱪᱩᱭᱮᱫᱠᱩᱣᱟ ᱚᱱᱟᱛᱮ ᱟᱢ ᱫᱚ ᱡᱟᱦᱟᱸᱱ ᱟᱱᱟᱴ ᱪᱷᱟᱰᱟᱜᱤᱢ ᱵᱚᱞᱚ ᱫᱟᱲᱮᱭᱟᱜᱽᱼᱟ ᱾
कहा जाता है कि 6 संस्कृतियों में पुरुषों द्वारा लैंगिक सेक्स की उपस्थिति "बेवक" के रूप में कहा गया है, "संभाव" 29 संस्कृतियों में, 6 संस्कृतियों में "स्फीति", और 10 संस्कृतियों में "चिक"।	ᱦᱮᱨᱮᱞ ᱠᱚᱣᱟᱜ ᱮᱴᱟᱜ ᱦᱚᱲ ᱨᱮᱱ ᱵᱟᱹᱦᱩ ᱥᱟᱶ ᱥᱟᱹᱜᱟᱹᱭ ᱫᱚᱦᱚ ᱨᱮᱭᱟᱜ ᱜᱷᱚᱴᱚᱱᱟ ᱫᱚ ᱖ ᱜᱚᱴᱟᱝ ᱥᱚᱥᱱᱚᱜᱨᱮ "ᱡᱮᱸᱜᱮᱫ ᱡᱟᱠᱟᱛ" ᱞᱮᱠᱟᱛᱮ, ᱒᱙ ᱜᱚᱴᱟᱝ ᱥᱚᱥᱱᱚᱜᱨᱮ "ᱠᱩᱲᱩᱞᱩᱴᱷᱩ" ᱞᱮᱠᱟᱛᱮ, ᱖ ᱜᱚᱴᱟᱝ "ᱟᱪᱠᱟ" ᱞᱮᱠᱟᱛᱮ ᱟᱨ ᱑᱐ ᱜᱚᱴᱟᱝ ᱥᱚᱥᱱᱚᱜᱨᱮ ᱫᱚ "ᱮᱛᱟᱝ" ᱞᱮᱠᱟᱛᱮ ᱵᱚᱱᱚᱱᱚᱜᱼᱟ ᱾
यदि कोई फ़र्क है, तो सरकार इसे सह लेगी ।	ᱡᱩᱫᱤ ᱡᱟᱦᱟᱱ ᱵᱷᱮᱜᱟᱨ ᱛᱟᱦᱮᱱᱟ, ᱡᱮᱞᱮᱠᱟ ᱡᱟᱦᱟᱱ ᱠᱷᱚᱛᱤ ᱦᱩᱭ ᱞᱮᱱᱠᱷᱟᱱ ᱥᱚᱨᱠᱟᱨ ᱚᱱᱟᱭ ᱵᱚᱦᱚᱱᱼᱟ ᱾
मैं आप के कुछ चित्र देखा है.	ᱤᱧ ᱟᱢᱟᱜ ᱠᱤᱪᱷᱤ ᱪᱤᱛᱟᱹᱨᱤᱧ ᱧᱮᱞ ᱟᱠᱟᱫᱟ ᱾
उन्होंने उत्तर भारत में अग्रोहा नाम से व्यापारियों का एक साम्राज्य शुरू किया।	ᱩᱱᱤ ᱫᱚ ᱩᱛᱛᱚᱨ ᱵᱷᱟᱨᱛ ᱨᱮ ᱚᱜᱨᱟᱦᱟ ᱧᱩᱛᱩᱢᱟᱱ ᱵᱮᱯᱟᱨᱤᱠᱚᱴᱷᱮᱱ ᱨᱟᱡᱽᱯᱟᱴᱮ ᱮᱛᱚᱦᱚᱵ ᱞᱮᱫᱟ ᱾
यह दल सन्‌ 1880 के दशक में एक पनामा का निर्माण करने की कोशिश करता था ।	ᱰᱤᱞᱮᱥᱮᱯᱥ ᱠᱳᱢᱯᱟᱱᱤ, ᱡᱟᱦᱟᱭ ᱥᱩᱭᱮᱡ ᱠᱷᱟᱞᱠᱚ ᱪᱟᱞᱟᱣᱟ, ᱑᱘᱘᱐ ᱫᱚᱥᱚᱠᱨᱮ ᱯᱳᱭᱞᱳ ᱯᱟᱱᱟᱢᱟ ᱠᱷᱟᱞ ᱵᱮᱱᱟᱣᱮ ᱠᱩᱨᱩᱢᱩᱴᱩ ᱞᱮᱫᱟ᱾
महोदय, हम कह सकते हैं कि कला के विभिन्न प्रकार हैं।	ᱜᱚᱝᱠᱮ, ᱟᱞᱮᱞᱮ ᱢᱮᱱ ᱫᱟᱲᱮᱭᱟᱜᱼᱟ ᱡᱮ ᱱᱚᱸᱰᱮ ᱟᱭᱢᱟᱞᱮᱠᱟᱱ ᱟᱨᱴᱠᱩ ᱢᱮᱱᱟᱜᱼᱟ ᱾
यह सभी उबाऊ विषयों की सबसे उबाऊ तरह है.	ᱱᱚᱶᱟᱫᱚ ᱥᱟᱱᱟᱢ ᱟᱹᱲᱤᱥᱟᱱ ᱥᱟᱛᱟᱢ ᱠᱷᱚᱱ ᱟᱹᱲᱤᱥᱟᱜ ᱠᱟᱱᱟ ᱾
मनोरंजन की वेबसाइट TMZ अपने वाहन के दूसरे पक्ष में अपने वाहन को समझने में मदद करती है CMMZ ने Suldhrovoved के अन्य पक्ष में बंद कर दिया और सड़क पार करने से पहले पुलिस की तस्वीरें लेने की कोशिश की, कैलिफ़ोफ़ोर्निया के उच्च तट के पुलिस अधिकारी उसे वापस चलाने के लिए बंद कर दिया.	ᱨᱟᱹᱥᱠᱟᱹ ᱨᱚᱢᱚᱡᱽ ᱠᱷᱚᱵᱚᱨ ᱣᱮᱵᱽᱥᱟᱭᱤᱴ TMZ ᱵᱩᱡᱷᱟᱹᱣᱮᱫᱟ ᱡᱮ ᱯᱷᱳᱴᱚᱜᱽᱨᱟᱯᱷᱟᱨ ᱫᱚ ᱥᱮᱯᱩᱞᱵᱷᱮᱰᱟ ᱵᱩᱞᱮᱵᱷᱟᱨᱰ ᱨᱮᱭᱟᱜ ᱮᱴᱟᱜ ᱯᱟᱥᱴᱟ ᱟᱡᱟᱜ ᱜᱟᱹᱰᱤ ᱮ ᱛᱤᱸᱜᱩ ᱞᱮᱫᱟ ᱟᱨ ᱦᱚᱨ ᱯᱟᱨᱚᱢ ᱞᱟᱦᱟᱸ ᱨᱮ ᱯᱩᱞᱤᱥ ᱥᱴᱚᱯ ᱨᱮᱭᱟᱜ ᱪᱤᱛᱟᱹᱨ ᱦᱟᱛᱟᱣ ᱮ ᱪᱮᱥᱴᱟ ᱞᱮᱫᱟ ᱟᱨ ᱞᱮᱛᱟᱲ ᱜᱮᱭ ᱛᱟᱦᱮᱸ ᱠᱟᱱᱟ, ᱡᱟᱦᱟᱸ ᱠᱷᱟᱹᱛᱤᱨ ᱠᱮᱞᱤᱯᱷᱳᱨᱱᱤᱭᱟ ᱦᱟᱭᱣᱮ ᱯᱮᱴᱨᱚᱞ ᱯᱩᱞᱤᱥ ᱚᱯᱷᱤᱥᱟᱨ ᱴᱨᱟᱯᱷᱤᱠ ᱥᱴᱚᱯ ᱪᱟᱪᱞᱟᱣ ᱞᱟᱹᱜᱤᱫ ᱨᱩᱣᱟᱹᱲ ᱪᱟᱞᱟᱣ ᱮ ᱢᱮᱛᱟ ᱫᱮᱭᱟ, ᱵᱟᱨ ᱫᱷᱟᱣ᱾
हम सारा समय नकदी नहीं है.	ᱥᱟᱨᱟ ᱜᱷᱟᱹᱲᱤ ᱫᱚ ᱟᱵᱳᱴᱷᱮᱱ ᱯᱩᱭᱥᱟᱹ ᱵᱟᱝ ᱛᱟᱦᱮᱱᱟ ᱾
युद्ध के शुरू होने के कुछ ही समय बाद ब्रिटेन ने जर्मनी का नौवाँ भाग शुरू किया ।	ᱥᱚᱛᱨᱩᱛᱟ ᱮᱦᱚᱵᱚᱜ ᱨᱮᱭᱟᱜ ᱠᱤᱪᱷᱩ ᱜᱷᱟᱹᱬᱤᱡ ᱛᱟᱭᱚᱢ, ᱵᱨᱤᱴᱮᱱ ᱫᱚ ᱡᱚᱨᱢᱟᱱᱤ ᱨᱮᱭᱟᱜ ᱢᱤᱫ ᱱᱚᱣᱥᱮᱱᱟ ᱟᱠᱚᱴ ᱞᱮᱫ-ᱟᱭI
क्या तुमने सिर्फ दो दिनों में इतना काम पूरा कर लिया?	ᱮᱠᱮᱱ ᱵᱟᱨ ᱢᱟᱦᱟᱸ ᱨᱮ ᱱᱩᱱᱟᱹᱜ ᱠᱟᱹᱢᱤᱢ ᱪᱟᱵᱟ ᱞᱮᱫᱟ ?
इसमें संयुक्त राज्य अमेरिका की जनसंख्या 76,212,168 पाई गई।	ᱱᱚᱶᱟ ᱫᱚ ᱢᱟᱨᱠᱤᱱ ᱡᱩᱠᱛᱚᱨᱟᱥᱴᱨᱚ ᱨᱮᱱ ᱦᱚᱲ ᱮᱞ ᱗᱖,᱒᱑᱒,᱑᱖᱘ ᱦᱚᱲ ᱠᱚ ᱯᱟᱸᱡᱟ ᱧᱟᱢ ᱟᱠᱟᱫ ᱠᱚᱣᱟ ᱾
मद्राश पुलिस ने चोरी लैपटॉप और मोबाइल फोन को ठीक कर दिया ।	ᱢᱟᱫᱷᱭᱚ ᱯᱨᱚᱫᱮᱥ ᱯᱩᱞᱤᱥ ᱫᱚ ᱠᱩᱢᱲᱩ ᱟᱱᱟᱜ ᱢᱚᱵᱟᱭᱤᱞ ᱯᱷᱚᱱ ᱟᱨ ᱞᱮᱯᱴᱚᱯ ᱠᱚ ᱵᱨᱟᱢᱚᱫ ᱟᱠᱟᱫᱟ᱾
अंतरिक्ष यात्रियों द्वारा किए गए बलिदानों और अंतरिक्ष अभियानों में जीवन खोने की संभावना का विचार मुझे बहुत दुखी करता है।	ᱡᱮᱜᱮᱫᱥᱮᱨᱢᱟ ᱥᱟᱸᱜᱷᱟᱨᱤᱭᱟᱹ ᱠᱚᱣᱟᱜ ᱡᱤᱣᱤ ᱟᱞᱟᱭ ᱟᱨ ᱥᱮᱨᱢᱟ ᱥᱟᱸᱜᱷᱟᱨ ᱨᱮ ᱡᱤᱣᱤ ᱟᱫ ᱨᱮᱭᱟᱜ ᱦᱩᱭ ᱫᱟᱲᱮᱭᱟᱱᱟᱜ ᱪᱤᱱᱛᱟᱹ ᱫᱚ ᱤᱧ ᱜᱟᱹᱦᱤᱨᱨᱮ ᱫᱩᱠᱷ ᱚᱪᱚᱭᱤᱧᱟ ᱾
यह इस पर निर्भर करता है कि आप एक भारतीय या एक विदेशी हैं या नहीं.	ᱱᱚᱶᱟᱫᱚ ᱟᱢ ᱵᱷᱟᱨᱚᱛ ᱨᱮᱱ ᱥᱮ ᱵᱤᱞᱟᱹᱛ ᱨᱮᱱ ᱠᱟᱱᱟᱢ ᱚᱱᱟ ᱪᱮᱛᱟᱱ ᱨᱮᱭ ᱴᱮᱦᱟᱸᱰᱟ ᱾
पूरा मूल्य भुगतान नोटों के रूप में RBITOMOCOT कार्यालय के द्वारा किया जाएगा, जबकि आधे मूल्य मूल्य मूल्य मूल्य का भुगतान किया गया नोटों के रूप में नोटों के रूप में किया जाएगा सहयोग और उसके अनुसार काम किया जाएगा.	ᱯᱩᱨᱟᱹᱣᱼᱜᱚᱱᱚᱝ ᱨᱮᱭᱟᱜ ᱮᱢ ᱟᱠᱟᱱ ᱱᱳᱴᱠᱚ ᱟᱨᱵᱤᱟᱭ ᱤᱥᱩ ᱚᱯᱷᱤᱥ ᱪᱮᱥᱴ ᱨᱮᱢᱤᱴᱮᱱᱥ ᱞᱮᱠᱟᱛᱮᱭ ᱞᱮᱠᱷᱟᱭᱟ, ᱡᱚᱠᱷᱚᱱ ᱟᱫᱷᱟᱼᱜᱚᱱᱚᱝ ᱨᱮᱭᱟᱜ ᱱᱳᱴ ᱟᱨ ᱨᱩᱣᱟᱹᱲ ᱟᱠᱟᱱ ᱱᱳᱴᱠᱚ ᱵᱤᱪᱟᱹᱨ ᱞᱟᱹᱜᱤᱫ ᱴᱮᱱᱰᱟᱨ ᱟᱠᱟᱱ ᱱᱳᱴ ᱞᱮᱠᱟᱛᱮ ᱞᱮᱠᱷᱟ ᱦᱩᱭᱩᱜ ᱟ ᱟᱨ ᱚᱱᱟ ᱞᱮᱠᱟᱛᱮ ᱦᱚᱨᱟᱭ ᱦᱩᱭᱩᱜ ᱟ ᱾
क्या आप अब भी अपने चाचा घर पर हैं?	ᱟᱢ ᱱᱤᱛᱦᱚᱸ ᱟᱭᱳᱼᱵᱟᱵᱟ ᱚᱲᱟᱜᱨᱮ ?
मुझे विश्वास नहीं हो रहा कि मेरा भाई/बहन मेरे बारे में इस तरह के झूठ फैलाएगा। यह पूरी तरह अस्वीकार्य है।	ᱤᱧ ᱵᱟᱹᱧ ᱯᱟᱹᱛᱭᱟᱹᱣ ᱫᱟᱲᱮᱭᱟᱜ ᱠᱟᱱᱟ ᱡᱮ ᱤᱧ ᱵᱚᱭᱦᱟ ᱤᱧ ᱵᱟᱵᱚᱫᱛᱮ ᱱᱚᱝᱠᱟ ᱯᱷᱟᱹᱥᱤᱭᱟᱹᱨᱟᱭ ᱯᱟᱥᱱᱟᱣᱟ ᱾ ᱱᱚᱣᱟ ᱫᱚ ᱯᱩᱨᱟᱹ ᱜᱮ ᱵᱟᱝ ᱢᱟᱱᱟᱣ ᱫᱟᱲᱮᱭᱟᱜ ᱞᱮᱠᱟᱱ ᱠᱟᱱᱟ ᱾
अपने जीवन और फिल्म के बारे में एक चैट है.	ᱱᱤᱛ ᱫᱷᱟᱹᱵᱤᱡ ᱡᱚᱛᱚ ᱠᱷᱚᱱ ᱵᱷᱟᱜᱤ ᱦᱟᱭᱫᱨᱟᱵᱟᱫᱤ ᱠᱮᱵᱟᱵᱥ ᱟᱨ ᱠᱩᱵᱟᱱᱤ ᱠᱟ ᱢᱤᱴᱷᱟ ᱢᱚᱪᱟᱨᱮ ᱵᱷᱚᱨᱟᱣ ᱛᱟᱭᱚᱢ, ᱩᱱᱤᱭᱟᱜ ᱡᱤᱭᱚᱱ ᱟᱨ ᱯᱷᱤᱞᱢ ᱵᱟᱵᱚᱫᱽ ᱜᱟᱞᱚᱡᱽ ᱞᱟᱹᱜᱤᱫ ᱪᱟ ᱥᱤᱲᱩᱯᱟᱛᱮ ᱢᱟᱨᱟᱝ ᱞᱩᱜᱩᱫ ᱜᱚᱫᱤ ᱥᱚᱯᱷᱟ ᱪᱮᱭᱟᱨ ᱨᱮ ᱞᱮ ᱫᱩᱲᱩᱯᱮᱱᱟ ᱾
मेरे पास इक्यानवे मुर्गी हैं।	ᱤᱧ ᱴᱷᱮᱱ ᱱᱟᱭ ᱜᱮᱞ ᱢᱤᱫ ᱜᱚᱴᱟᱝ ᱢᱩᱠᱨᱤ ᱢᱮᱱᱟᱜᱼᱟ ᱠᱚᱣᱟ।
उनकी कहानियाँ आमतौर पर ऐसी जगह से शुरू होती हैं जहाँ लोग उम्मीद नहीं करते।	ᱩᱱᱤᱭᱟᱜ ᱠᱟᱹᱦᱚᱱᱤ ᱠᱚᱫᱚ ᱥᱟᱫᱷᱟᱨᱚᱱᱚᱛᱚ ᱱᱚᱝᱠᱟᱱ ᱴᱷᱟᱣ ᱨᱮ ᱮᱛᱚᱦᱚᱵᱚᱜᱼᱟ ᱡᱟᱸᱦᱟᱨᱮ ᱦᱚᱲᱠᱚ ᱵᱟᱠᱚ ᱟᱥᱚᱜᱼᱟ ᱾
वे हर वस्तु को उसकी मूल कीमत से दोगुनी कीमत पर बेच रहे हैं। यह बहुत घिनौना है।	ᱩᱱᱠᱩ ᱫᱚ ᱢᱤᱢᱤᱫ ᱫᱩᱨᱤᱵ ᱟᱥᱚᱞ ᱜᱚᱱᱚᱝ ᱨᱮᱭᱟᱜ ᱵᱟᱨ ᱫᱚᱵᱚᱲᱛᱮ ᱠᱚ ᱟᱹᱠᱷᱨᱤᱧᱮᱫᱟ ᱾ ᱱᱚᱣᱟ ᱫᱚ ᱟᱹᱰᱤ ᱵᱟᱹᱲᱤᱡ ᱾
अब्दुल मलिकी: अब्दुल मलिकी का जन्म 1914 में हुआ था और 1969 में उनकी मृत्यु हो गई थी।	ᱟᱵᱫᱩᱞ ᱢᱟᱞᱤᱠᱤ ᱫᱚ ᱑᱙᱑᱔ ᱥᱟᱞ ᱨᱮᱭ ᱡᱟᱱᱟᱢ ᱞᱮᱱᱟ ᱟᱨ ᱑᱙᱖᱙ ᱥᱟᱞ ᱨᱮᱭ ᱜᱚᱡ ᱟᱠᱟᱱᱟ ᱾
यह पढ़ना आसान भी बनाता है, हालाँकि लिखने की ज़रूरत को यह पता लगाने की ज़रूरत से कुछ जटिल है कि क्या एक क्रिया या क्रिया - क्रिया का प्रयोग एक उपभोगिक रूप में किया जाता है या नहीं ।	ᱱᱚᱣᱟ ᱫᱚ ᱡᱩᱠᱛᱤ ᱥᱟᱶᱛᱮ ᱯᱟᱲᱦᱟᱣ ᱦᱚᱸᱭ ᱟᱞᱜᱟ ᱠᱟᱜᱼᱟᱭ, ᱦᱩᱭ ᱫᱟᱲᱮᱭᱟᱜᱼᱟ ᱱᱚᱣᱟ ᱚᱞ ᱠᱤᱪᱷᱩ ᱜᱟᱱᱨᱮ ᱢᱤᱫ ᱠᱟᱱᱣᱟ ᱵᱟᱝᱢᱟ ᱜᱩᱱᱩᱱ ᱢᱤᱫ ᱞᱮᱛᱟᱲ ᱛᱟᱲ ᱨᱮ ᱵᱮᱵᱷᱟᱨ ᱦᱩᱭ ᱫᱟᱲᱮᱭᱟᱜᱼᱟI
हमारी कभी कोई एक्सचेंज नीति नहीं रही है और हमारे किसी भी क्लर्क ने आपको ऐसा नहीं कहा होगा।	ᱟᱞᱮᱭᱟᱜ ᱫᱚ ᱛᱤᱥ ᱦᱚᱸ ᱡᱟᱦᱟᱱ ᱪᱮᱫ ᱵᱚᱫᱚᱞ ᱟᱹᱨᱤ ᱫᱚ ᱵᱟᱝ ᱛᱟᱦᱮᱸ ᱠᱟᱱᱟ ᱟᱨ ᱟᱞᱮᱨᱮᱱ ᱠᱮᱨᱟᱱᱤ ᱠᱚ ᱢᱩᱫᱽᱨᱮ ᱚᱠᱚᱭᱦᱚᱸ ᱱᱚᱣᱟ ᱫᱚ ᱵᱟᱝ ᱠᱚ ᱢᱮᱛᱟᱢᱟ ᱾
आप के सामने बर्तन क्या है?	ᱟᱢ ᱥᱟᱢᱟᱝ ᱨᱮᱫᱚ ᱪᱮᱫ ᱡᱚᱢᱟᱜ ᱢᱮᱱᱟᱜᱼᱟ ?
उनके पांव तराजू और नियम के साथ होते हैं, वे अंडे देते हैं, और वे अपने दोनों पैरों पर टेक मारते हैं।	ᱩᱱᱠᱩᱣᱟᱜ ᱯᱤᱭᱟᱹᱥ ᱟᱨ ᱨᱟᱢᱟ ᱢᱮᱥᱟ ᱠᱟᱴᱟ ᱢᱮᱱᱟᱜᱼᱟ, ᱩᱱᱠᱩ ᱠᱚ ᱵᱮᱹᱞᱮᱹᱭᱟ, ᱟᱨ ᱩᱱᱠᱩ ᱟᱠᱚᱣᱟᱜ ᱛᱟᱭᱚᱢ ᱨᱮᱭᱟᱜ ᱵᱟᱨᱭᱟ ᱠᱟᱴᱟ ᱛᱮ T-Rex ᱞᱮᱠᱟ ᱠᱚ ᱛᱟᱲᱟᱢᱟ᱾
ऐनी और राजा रिचर्ड द्वितीय का विवाह 22 जनवरी 1382 को वेस्टमिंस्टर एबे में हुआ था।	ᱮᱹᱱ ᱟᱨ ᱨᱟᱡᱟ ᱨᱤᱪᱟᱨᱰ ᱫᱚ ᱫᱚᱥᱟᱨ ᱳᱭᱮᱥᱴᱢᱤᱱᱥᱴᱟᱨ ᱮᱹᱢᱵᱮ ᱨᱮ ᱒᱒ ᱡᱟᱱᱩᱣᱟᱨᱤ ᱑᱓᱘᱒ ᱨᱮᱠᱤᱱ ᱵᱟᱯᱞᱟ ᱞᱮᱱᱟ ᱾
यह एक सी (C) कंपाइलर और एक असेंबलर के साथ आता है।	ᱱᱚᱣᱟ ᱫᱚ ᱢᱤᱫᱴᱟᱝ ᱥᱤ ᱠᱚᱢᱯᱟᱭᱞᱟᱨ ᱟᱨ ᱢᱤᱫᱴᱟᱝ ᱮᱥᱮᱢᱵᱞᱟᱨ ᱥᱟᱶ ᱦᱩᱡᱩᱜᱼᱟ ᱾
नब्बे	ᱱᱟᱭ ᱜᱮᱞ
मैं समझता हूँ	ᱤᱧ ᱵᱩᱡᱷᱟᱹᱣ ᱮᱫᱟᱹᱧ
गर्मिया सबसे महत्त्वपूर्ण आदिवासी समूह था जो अब पूर्वी इलाके में रहता है, अर्ध - क्षेत्रीय शिकारी के रूप में रहते हैं जो भी खेती खेती - बाड़ी करते हैं ।	ᱜᱩᱱᱮᱭᱨᱤ ᱡᱷᱟᱛᱚ ᱠᱷᱚᱱ ᱢᱚᱦᱚᱛ ᱥᱣᱚᱫᱮᱥᱤ ᱥᱚᱢᱩᱦ ᱛᱟᱦᱮᱸ ᱠᱟᱱᱟ ᱡᱟᱦᱟᱸ ᱫᱚ ᱱᱤᱛᱚᱜ ᱥᱟᱢᱟᱝ ᱯᱟᱦᱴᱟ ᱨᱮᱭᱟᱜ ᱯᱟᱨᱟᱜᱩᱣᱮ ᱠᱟᱱᱟ, ᱡᱟᱦᱟᱸ ᱫᱚ ᱥᱮᱢᱤᱼᱱᱚᱢᱟᱰᱤᱠ ᱥᱤᱠᱟᱹᱨᱤ ᱦᱤᱥᱟᱹᱵ ᱛᱮ ᱠᱚ ᱛᱟᱦᱮᱸᱱ ᱠᱟᱱ ᱛᱟᱦᱮᱸᱡ, ᱡᱟᱦᱟᱸᱭ ᱫᱚ ᱠᱨᱩᱥᱤ ᱨᱮᱭᱟᱜ ᱦᱚᱸ ᱚᱵᱷᱭᱟᱥ ᱠᱚ ᱠᱚᱨᱟᱣ ᱞᱮᱜᱼᱟ ᱠᱚ᱾
आप वापस पर लिखा है कि 'विड' उपहार प्राप्त करना चाहिए.	ᱟᱢᱟᱜ ᱛᱟᱭᱚᱢᱨᱮ ᱚᱞ 'ᱵᱟᱵᱟᱣᱟᱜ ᱥᱟᱸᱫᱮᱥ' ᱧᱟᱢ ᱞᱟᱹᱜᱛᱤ ᱠᱟᱱᱟ ᱾
रॉबर्ट बी.वुड, अलास्का में निर्माण में, एक समय था अमेरिका केंद्र के बैंक का नाम एक बार, बैंक की स्थापना के साथ का नाम दिया गया था दस टन सुरक्षा बैंक बैंक बैंक का निर्माण.	ᱮᱝᱠᱚᱨᱮᱡᱽ, ᱟᱞᱟᱥᱠᱟᱨᱮ ᱨᱚᱵᱟᱨᱴ ᱵᱤ. ᱮᱴᱩᱰ ᱵᱤᱞᱰᱤᱝ ᱫᱚ ᱢᱤᱫᱽ ᱚᱠᱛᱚ ᱵᱮᱝᱠ ᱚᱯᱷ ᱟᱢᱮᱨᱤᱠᱟ ᱥᱮᱱᱴᱟᱨ ᱧᱩᱛᱩᱢᱛᱮ ᱧᱩᱛᱩᱢᱞᱮᱱᱟ, ᱡᱟᱦᱟᱸ ᱫᱚ ᱵᱮᱝᱠᱨᱮᱱ ᱵᱷᱟᱲᱟᱴᱤᱭᱟᱹ ᱦᱚᱨᱦᱚᱭ ᱯᱮᱥᱤᱯᱷᱤᱠ ᱵᱮᱝᱠᱨᱮᱭᱟᱜ ᱜᱚᱵᱚᱞᱟᱠᱟᱱ ᱥᱟᱶᱛᱮ ᱢᱤᱫᱛᱮ ᱧᱩᱛᱩᱢᱟᱠᱟᱱ ᱛᱟᱦᱮᱸᱠᱟᱱᱟ ᱾
एक शार्क पक्षी ने कहा कि सन्‌ 2013 की एक घटना पर गौर करने से पता चलता है कि हाल ही में उसने जो पैसा जमा किया था, उसके बाद उसकी बिक्री बढ़ गयी ।	ᱥᱤᱢᱤᱱᱚᱯᱷ ᱞᱟᱹᱭ ᱟᱠᱟᱫ-ᱟᱭ ᱡᱮ ᱒᱐᱑᱓ ᱥᱟᱨᱠ ᱴᱮᱸᱠ ᱮᱯᱤᱥᱳᱰ ᱨᱮ ᱟᱡ ᱦᱮᱡ ᱞᱮᱱ ᱛᱟᱭᱚᱢ ᱟᱹᱠᱷᱨᱤᱧ ᱰᱷᱮᱨ ᱞᱮᱱᱟ ᱡᱟᱦᱟᱸᱨᱮ ᱥᱳ ᱯᱟᱱᱮᱞ ᱫᱚ ᱥᱴᱟᱴᱚᱯ ᱞᱟᱹᱜᱤᱱ ᱛᱮ ᱯᱩᱭᱥᱟᱹ ᱮᱢᱚᱜ-ᱮ ᱢᱟᱱᱟ ᱞᱮᱜ-ᱟI
तुम्हें मुझे सब कुछ बताना होगा, सब के बाद, तुम मुझे यहाँ छोड़ दिया और एक सप्ताह भर के लिए अकेला चला गया.	ᱤᱧ ᱥᱟᱱᱟᱢᱟᱜ ᱞᱟᱹᱭᱟᱹᱧ ᱦᱩᱭᱩᱜ ᱛᱟᱢᱟ, ᱟᱨ ᱡᱚᱛᱚᱠᱷᱚᱱ ᱢᱟᱨᱟᱝ ᱠᱟᱛᱷᱟ ᱤᱧ ᱱᱚᱸᱰᱮ ᱮᱠᱞᱟ ᱵᱟᱹᱜᱤ ᱠᱟᱛᱮᱜ ᱢᱤᱫ ᱦᱟᱯᱛᱟ ᱞᱟᱹᱜᱤᱫ ᱟᱢ ᱮᱠᱞᱟᱜᱮᱢ ᱥᱮᱱ ᱮᱱᱟ ᱿
ब्रूस स्प्रिंगस्टीन इसी शहर से आते हैं और उन्होंने अपने करियर की शुरुआत यहीं से की थी।	ᱵᱨᱩᱥ ᱥᱯᱨᱤᱝᱜᱥᱴᱤᱱ ᱫᱚ ᱥᱟᱦᱟᱨ ᱠᱷᱚᱱᱮ ᱦᱮᱡᱽ ᱞᱮᱱᱟ ᱟᱨ ᱚᱸᱰᱮ ᱟᱭᱟᱜ ᱡᱤᱭᱚᱱᱼᱮ ᱮᱛᱚᱦᱚᱵ ᱞᱮᱫᱟ ᱾
हवा के तापमान को नियंत्रित करने में पानी की भाप एक मुख्य भूमिका अदा करती है क्योंकि यह ग्रह की सतह से सौर ऊर्जा और वायुमंडलीय विकिरण को छू लेती है.	ᱦᱚᱭ ᱞᱚᱞᱚᱥᱚᱝ ᱪᱟᱹᱞᱣᱟᱹᱭ ᱨᱮ ᱫᱟᱜ ᱵᱷᱟᱯᱟᱱ ᱨᱮᱭᱟᱜ ᱢᱤᱴᱴᱮᱱ ᱢᱟᱨᱟᱝ ᱮᱱᱮᱢ ᱢᱮᱱᱟᱜᱼᱟ ᱚᱡᱮ ᱫᱚ ᱱᱤᱭᱟᱹ ᱩᱯᱟᱹᱜᱨᱚᱦᱚ ᱯᱨᱤᱥᱴᱚ ᱠᱷᱚᱱ ᱛᱷᱟᱨᱢᱟᱞ ᱨᱟᱹᱛ ᱟᱨ ᱥᱳᱞᱟᱨ ᱫᱟᱲᱤᱭ ᱥᱚᱨᱠᱚᱛᱮᱫ ᱠᱟᱱᱟ ᱾
स्टाइल शीट की मदद से टेक्स्ट पर टाइपोग्राफी शैलियाँ स्वचालित रूप से लागू की जा सकती हैं।	ᱴᱟᱭᱯᱳᱜᱨᱟᱯᱷᱤ ᱥᱳᱭᱞᱤ ᱫᱚ ᱥᱴᱟᱭᱤᱞ ᱥᱤᱴ ᱥᱟᱣ ᱟᱡ ᱟᱡᱛᱮᱜᱮ ᱯᱟᱲᱦᱟᱣ ᱨᱮ ᱵᱮᱵᱚᱦᱟᱨ ᱜᱟᱱᱚᱜᱼᱟ ᱾
PallL निर्माण के सबसे पुराने उदाहरण हैं 610 से सा. यु.	ᱯᱚᱞᱞᱚᱵᱠᱩᱣᱟᱜ ᱵᱮᱱᱟᱣᱨᱮᱭᱟᱜ ᱢᱟᱨᱮᱩᱛᱟᱹᱨ ᱫᱟᱹᱭᱠᱟᱹ ᱦᱩᱭᱩᱜᱽᱠᱟᱱᱟ ᱖᱑᱐ ᱠᱷᱨᱤᱥᱴᱚ ᱯᱩᱨᱵᱟᱵᱫᱚ ᱠᱷᱚᱱ ᱖᱙᱐ ᱠᱷᱨᱤᱥᱴᱚ ᱯᱩᱨᱵᱟᱵᱫᱚ ᱚᱠᱛᱚ ᱨᱮᱭᱟᱜ ᱫᱷᱤᱨᱤ ᱜᱮᱫᱽᱠᱟᱛᱮ ᱵᱮᱱᱟᱣ ᱢᱩᱱᱫᱤᱨ ᱟᱨ ᱖᱙᱐ ᱠᱷᱨᱤᱥᱴᱚ ᱯᱩᱨᱵᱟᱵᱫᱚ ᱟᱨ ᱙᱐᱐ ᱠᱷᱨᱤᱥᱴᱚ ᱯᱩᱨᱵᱟᱵᱫᱚ ᱛᱟᱞᱟᱨᱮ ᱵᱮᱱᱟᱣᱟᱠᱟᱱ ᱜᱚᱲᱦᱚᱱᱞᱮᱠᱟᱱᱟᱜ ᱢᱩᱱᱫᱤᱨ ᱾
यूके में मंदिरों के बाहर हिंदुओं के खिलाफ हिंसक विरोध प्रदर्शनों को तुरंत रोका जाना चाहिए।	ᱡᱩᱠᱛᱚ ᱯᱚᱱᱚᱛ ᱨᱮ ᱢᱩᱱᱫᱤᱞ ᱵᱟᱦᱚᱨᱮᱨᱮ ᱦᱤᱱᱫᱩ ᱠᱚ ᱵᱤᱨᱩᱫ ᱨᱮ ᱦᱤᱥᱟᱹ ᱨᱟᱸᱜᱟᱣᱱᱟ ᱟᱹᱰᱤ ᱩᱥᱟᱹᱨᱟ ᱵᱚᱱᱫᱚ ᱦᱩᱭᱩᱜᱼᱟ ᱾
मैं सहमत हूँ!	ᱤᱧ ᱨᱮᱵᱮᱱ ᱜᱮᱭᱟ ! ᱤᱧᱟᱹᱜ ᱜᱚᱴᱟ ᱡᱤᱭᱚᱱ ᱜᱮ ᱵᱚᱞᱤᱣᱩᱰ ᱨᱮ ᱾
खिलाड़ियों को सीखना चाहिए और काम करना चाहिए ।	ᱠᱷᱮᱞᱚᱸᱰᱤᱭᱟᱹ ᱠᱚᱣᱟᱜ ᱰᱨᱤᱵᱞᱤᱝ, ᱯᱟᱥᱤᱝ, ᱴᱮᱯᱤᱝ ᱟᱨ ᱦᱤᱴᱤᱝ ᱨᱮᱭᱟᱜ ᱵᱮᱥᱤᱠ ᱥᱮᱪᱮᱫᱟᱜ ᱠᱚ ᱪᱮᱫ ᱦᱩᱭᱩᱜᱼᱟ ᱟᱨ ᱛᱟᱹᱞᱤᱢ ᱦᱩᱭᱩᱜᱼᱟ ᱾
सन्‌ 2002 में गाइमा को लारागोगो ज्वालामुखी से नाश कर दिया गया ।	᱒᱐᱐᱒ ᱨᱮ ᱱᱤᱨᱟᱜᱚᱝᱜᱚ ᱡᱩᱣᱟᱞᱟᱢᱩᱠᱷᱤ ᱨᱮᱭᱟᱜ ᱞᱟᱣᱵᱷᱟ ᱫᱟᱨᱟᱭ ᱛᱮ ᱜᱚᱢᱟ ᱫᱚ ᱱᱚᱥᱴᱚ ᱞᱮᱫᱟᱭ, ᱡᱟᱦᱟᱸ ᱫᱚ ᱥᱚᱦᱚᱨ ᱨᱮᱭᱟᱜ ᱥᱚᱲᱚᱠ ᱠᱚ ᱵᱤᱥᱮᱥ ᱞᱮᱠᱟ ᱛᱮ ᱥᱚᱦᱚᱨ ᱨᱮᱭᱟᱜ ᱛᱟᱞᱢᱟ ᱫᱚ ᱞᱮᱫᱟᱭ᱾
ये जैविक प्रक्रियाओं से उत्पन्‍न होते हैं, जैसे कि कोयले और पैंक्रियाम जैसी ऊर्जा से उत्पन्‍न होते हैं ।	ᱱᱚᱶᱟ ᱠᱚᱫᱚ ᱡᱤᱵᱤᱭᱟᱹ ᱦᱚᱨᱟ ᱫᱟᱨᱟᱭᱛᱮ ᱧᱟᱢᱚᱜᱼᱟ ᱵᱚᱨᱚᱝ ᱱᱚᱣᱟ ᱫᱚ ᱠᱚᱭᱞᱟ ᱟᱨ ᱯᱮᱴᱨᱳᱞᱤᱭᱟᱢ ᱞᱮᱠᱟ ᱞᱟᱛᱟᱨ ᱚᱛ ᱦᱚᱨᱟ ᱫᱟᱨᱟᱭᱛᱮ ᱧᱨᱡᱟᱜ ᱡᱩᱞᱟᱜ ᱠᱚ ᱵᱚᱫᱚᱞᱛᱮ ᱡᱤᱵᱤᱭᱟᱹ ᱦᱚᱨᱟ ᱛᱟᱞᱟᱛᱮ ᱧᱟᱢᱚᱜᱼᱟ ᱾
1860 तक, वे समूह एक दूसरे से नाराज हो चुके थे।	᱑᱘᱖᱐ ᱥᱟᱞ ᱢᱩᱫᱨᱮ ᱱᱚᱶᱟ ᱜᱟᱫᱮᱞ ᱠᱚ ᱢᱤᱫᱦᱚᱲ ᱟᱨ ᱢᱤᱫᱦᱚᱲ ᱪᱮᱛᱟᱱ ᱨᱮ ᱨᱟᱹᱜᱤ ᱛᱟᱦᱮᱸ ᱠᱟᱱᱟ ᱾
एक बार जब एक वायरस हो जाता है तो वह एक होस्ट कोशिका में ऑपरेशन करता है, तब वह एक दूत RNA (mNA) अणुओं को उत्पन्‍न करता है जो रसायन - प्रोटीन के मिश्रण का निर्देश देते हैं ।	ᱡᱟᱦᱟᱱ ᱵᱷᱟᱭᱨᱟᱥ ᱵᱚᱝᱥᱚ ᱚᱱᱩ ᱢᱤᱫ ᱫᱷᱟᱣ ᱡᱟᱦᱟᱱ ᱜᱮᱢᱮᱨ ᱠᱳᱥᱨᱮ ᱵᱚᱞᱚ ᱞᱮᱱ ᱠᱷᱟᱱ ᱚᱱᱟ ᱫᱚ ᱵᱤᱥᱟᱹᱣ ᱯᱨᱳᱴᱤᱱ ᱥᱚᱝᱥᱞᱮᱥᱚᱱ ᱪᱟᱪᱞᱟᱣᱤᱡ ᱵᱟᱨᱛᱟ ᱤᱫᱤᱭᱤᱡ (ᱮᱢ ᱟᱨ ᱮᱱ ᱮ) ᱚᱱᱩ ᱵᱮᱱᱟᱜᱼᱟ ᱾
चलो देखते हैं क्या होता है	ᱧᱮᱞ ᱞᱮᱱᱜᱮ ᱪᱮᱫ ᱦᱩᱭᱩᱜᱼᱟ ᱾
हालाँकि गाड़ी में सिर्फ लकड़ी के दो पटे होते थे, फिर भी उन्होंने घोड़ों को बड़ी रफ्तार से खींच लिया और दिन के छोटे - से - छोटा रास्तों पर भारी बोझ उठा लिया ।	ᱦᱟᱞᱟᱝᱠᱤ ᱣᱟᱜᱚᱱᱥᱣᱮ ᱫᱚ ᱥᱟᱫᱷᱟᱨᱚᱱ ᱛᱮ ᱠᱟᱴ ᱨᱮᱭᱟᱜ ᱯᱟᱨᱟᱞᱮᱞ ᱯᱞᱟᱸᱠᱥ ᱛᱮ ᱵᱮᱱᱟᱣ ᱠᱚᱜ-ᱟ, ᱵᱤᱥᱛᱤ ᱥᱯᱤᱰ ᱥᱟᱵ ᱞᱟᱹᱜᱤᱫ ᱥᱟᱫᱚᱢ ᱠᱚ ᱜᱚᱦᱚᱲ ᱦᱚᱪᱚ ᱠᱚᱣᱟ ᱟᱨ ᱫᱤᱱ ᱨᱮᱭᱟᱜ ᱟᱹᱰᱤ ᱵᱟᱹᱲᱤᱡ ᱥᱚᱲᱚᱠ ᱨᱮ ᱵᱤᱥᱛᱤ ᱩᱡᱩᱱ ᱠᱚ ᱜᱚᱦᱟᱲᱟ᱾
इन दोनों सीटों के बीच के केंद्र में ताला लगा दिया जाता है ।	ᱜᱤᱭᱟᱨᱥᱤᱯᱷᱴ ᱞᱤᱵᱷᱟᱨ ᱫᱚ ᱥᱟᱢᱟᱝ ᱨᱮᱭᱟᱜ ᱵᱟᱨᱭᱟ ᱢᱟᱹᱪᱤ ᱛᱟᱞᱟᱨᱮ ᱛᱟᱞᱢᱟ ᱨᱮᱭᱟᱜ ᱠᱚᱱᱥᱳᱞ ᱨᱮ ᱛᱷᱟᱯᱚᱱ ᱦᱩᱭ ᱟᱠᱟᱱᱟ ᱾
हाँ, मैं इस साल दर्ज की.	ᱦᱮ, ᱤᱧ ᱱᱤᱭᱟᱹ ᱥᱮᱨᱢᱟ ᱜᱮᱧ ᱵᱷᱩᱨᱛᱤ ᱟᱠᱟᱱᱟ ᱾
इसका सबसे बड़ा प्रभाव एशिया और अफ्रीका में होगा, जो संभवतः अनुमानित ४.७ करोड़ और ४.२ करोड़ मृत्युयों के लिए खाता होगा, जो कि क्रमशः एशिया और अफ्रीका में होंगे ।	ᱡᱚᱛᱚ ᱠᱷᱚᱱ ᱡᱟᱹᱥᱛᱤ ᱮᱥᱮᱲ ᱫᱚ ᱮᱥᱤᱭᱟ ᱟᱨ ᱟᱯᱷᱨᱤᱠᱟ ᱨᱮ ᱦᱩᱭ ᱫᱟᱲᱮᱭᱟᱜᱼᱟ ᱡᱟᱦᱟᱸ ᱨᱮ ᱫᱚ ᱟᱹᱭᱩᱢᱟᱹᱱᱟᱠᱟᱱ ᱞᱮᱠᱟᱛᱮ ᱴᱷᱤᱠᱟᱹᱵᱩᱴᱟᱹ ᱜᱩᱡᱩᱜᱽ ᱫᱚ ᱔ᱹ᱗ ᱢᱤᱞᱤᱭᱚᱱ ᱟᱨ ᱔ᱹ᱒ ᱢᱤᱞᱤᱭᱚᱱ ᱞᱮᱠᱟ ᱦᱩᱭᱩᱜᱼᱟ ᱾
टूलूज़ का एरोन्डिसमेंट: टूलूज़ का एरोन्डिसमेंट फ्रांस का एक एरोन्डिसमेंट है।	ᱯᱷᱨᱟᱱᱥ ᱨᱮᱭᱟᱜ ᱮᱹᱨᱳᱱᱰᱤᱥᱢᱮᱱᱴ ᱫᱚ ᱦᱩᱭᱩᱜ ᱠᱟᱱᱟ ᱴᱩᱞᱩᱡ ᱨᱮᱭᱟᱜ ᱮᱹᱨᱳᱱᱰᱤᱥᱢᱮᱱᱴ ᱾
जी हाँ, उसका चरित्र दिखाना बहुत मुश्‍किल था ।	ᱦᱮᱸ; ᱩᱱᱤ ᱪᱩᱨᱤᱛᱨᱮ ᱥᱟᱡᱟᱣ ᱥᱟᱯᱲᱟᱣ ᱮ ᱫᱚ ᱟᱹᱰᱤ ᱪᱮᱹᱞᱮᱧᱡᱽ ᱨᱮᱭᱟᱜ ᱛᱟᱦᱮᱸ ᱠᱟᱱᱟ ᱾
तिजारा के अहीर शासक ने पूर्वजों यादवों की जागीर हासिल की।	ᱛᱤᱡᱟᱨ ᱨᱮᱱ ᱥᱟᱥᱮᱛᱤᱭᱟᱹ ᱟᱹᱦᱤᱨ ᱟᱹᱜᱤᱞ ᱦᱟᱯᱲᱟᱢ ᱡᱟᱫᱚᱵ ᱠᱚᱣᱟᱜ ᱡᱟᱭᱜᱤᱨᱮ ᱫᱚᱠᱷᱚᱱ ᱞᱮᱫᱟ ᱾
मारटल ने कल के नौ सदस्यों के एक नए इंतज़ाम में शपथ खायी ।	ᱢᱟᱨᱴᱮᱞᱤ ᱫᱚ ᱦᱚᱞᱟ ᱤᱨᱟᱹᱞ ᱨᱟᱹᱥᱤᱭᱟᱹ ᱨᱤᱱᱤᱡ ᱢᱤᱫ ᱱᱟᱶᱟ ᱵᱟᱝ ᱪᱟᱵᱟᱦᱟᱱ ᱵᱟᱪᱷᱟᱣ ᱯᱚᱨᱤᱥᱟᱫᱽ (ᱥᱤ ᱤ ᱯᱤ) ᱨᱮ ᱠᱤᱨᱟ ᱦᱟᱛᱟᱣ ᱠᱮᱫᱼᱟᱭ᱾
ट्रेन कोच की कोठरियां इतिहास में स्थिर हैं, ऐसी जटिल रचनाओं के एक आकाश के नीचे, जो समयहीन कहानियों का वर्णन करती हैं ।	ᱴᱨᱮᱱ ᱨᱮᱭᱟᱜ ᱪᱮᱢᱵᱟᱨᱠᱩ ᱫᱚ ᱱᱟᱜᱟᱢᱛᱮ ᱯᱮᱨᱮᱡᱽ ᱥᱮᱨᱢᱟ ᱞᱟᱛᱟᱨ ᱡᱚᱴᱤᱞ ᱠᱷᱩᱫᱟᱹᱭᱟᱠᱟᱱ ᱟᱨ ᱡᱟᱦᱟᱸ ᱫᱚ ᱚᱠᱛᱚ ᱡᱤᱛᱠᱟᱹᱨ ᱱᱟᱜᱟᱢ ᱠᱩ ᱨᱮᱭᱟᱜᱼᱮ ᱵᱚᱨᱱᱚᱱᱮᱫᱟ ᱾
महोदय, कितने छात्र MCM के साथ भुगतान किया जाएगा?	ᱢᱟᱦᱟᱥᱚᱭ, ᱛᱤᱱᱟᱹᱜᱽᱜᱟᱱ ᱯᱟᱹᱴᱷᱣᱟᱹ ᱮᱢᱥᱤᱮᱢ ᱠᱩ ᱮᱢᱚᱜᱚᱜᱽᱼᱟ ?
समाज और राजनैतिक प्रभाव जैसे कि मेरीरिक व्यवस्था का इस्तेमाल, गणराज्यवाद, राष्ट्रवाद और विश्‍वास से एक बदलाव और देश के लोगों का एकमात्र शासक नहीं है ।	ᱟᱹᱰᱤᱜᱟᱱ ᱥᱟᱶᱛᱟᱠᱤᱭᱟᱹ ᱟᱨ ᱨᱟᱡᱽᱟᱹᱨᱤᱭᱟᱹ ᱚᱨᱥᱚᱝ ᱢᱮᱱᱟᱜᱼᱟ ᱡᱮᱞᱠᱟ ᱢᱮᱴᱨᱤᱠ ᱯᱨᱚᱬᱟᱞᱤ ᱨᱮᱭᱟᱜ ᱵᱮᱵᱷᱟᱨ, ᱱᱤᱨᱯᱮᱠᱥ ᱠᱷᱚᱱ ᱟᱹᱯᱱᱟᱹᱛᱟᱹᱨᱤ, ᱫᱤᱥᱩᱣᱟᱹᱨᱤ ᱨᱮ ᱵᱚᱫᱚᱞ ᱟᱨ ᱱᱚᱶᱟ ᱯᱟᱹᱛᱭᱟᱹᱣ ᱫᱤᱥᱚᱢ ᱦᱚᱲ ᱠᱚᱣᱟᱜ ᱠᱟᱱᱟ, ᱡᱟᱦᱟᱸᱭ ᱥᱟᱥᱚᱠ ᱨᱮᱭᱟᱜ ᱫᱚ ᱵᱟᱝᱜᱮ᱾
वाह... यह बहुत अच्छा लगता है!	ᱳᱹᱹᱹᱹᱹᱹᱹᱟᱹᱰᱤ ᱱᱟᱯᱟᱭ !
1870 से, यह बौड्री की नगर पालिका का हिस्सा बन गया।	᱑᱘᱗᱐ ᱥᱟᱞ ᱠᱷᱚᱱ, ᱱᱚᱶᱟ ᱫᱚ ᱵᱟᱣᱰᱨᱤ ᱯᱳᱣᱨᱚᱥᱚᱵᱷᱟ ᱨᱮᱭᱟᱜ ᱢᱤᱫᱴᱟᱝ ᱦᱤᱸᱥ ᱾
नगर परिषदों ने उन सभी संकेतों को हटा दिया है जो पर्यटकों की मदद करते। मुझे नहीं पता कि हमारा टैक्स कहाँ जा रहा है (स्थानीय निवासी)।	ᱥᱟᱦᱟᱨ ᱯᱚᱨᱚᱥᱚᱫ ᱠᱚᱫᱚ ᱥᱟᱸᱜᱷᱟᱨᱤᱭᱟᱹ ᱠᱚᱠᱚ  ᱜᱚᱲᱚ ᱟᱠᱚᱣᱟ ᱱᱚᱝᱠᱟᱱ ᱥᱟᱱᱟᱢ ᱪᱤᱱᱦᱟᱹ ᱠᱚ ᱚᱪᱚᱜ ᱜᱤᱰᱤ ᱟᱠᱟᱫᱟ ᱾ ᱤᱧ ᱫᱚ ᱵᱟᱹᱧ ᱵᱟᱰᱟᱭᱟ ᱟᱞᱮᱭᱟᱜ ᱠᱷᱟᱡᱽᱱᱟ ᱚᱠᱟᱨᱮ ᱪᱟᱞᱟᱜ ᱠᱟᱱᱟ ᱾ (ᱛᱷᱟᱹᱱᱤᱭᱚ)
मुझे अपने भाई-बहनों के साथ समय बिताना बहुत पसंद है। हम हमेशा एक साथ बहुत मज़ा करते हैं।	ᱤᱧ ᱫᱚ ᱤᱧᱨᱮᱱ ᱵᱚᱭᱦᱟ ᱢᱤᱥᱨᱟ ᱠᱚ ᱥᱟᱣ ᱚᱠᱛᱚ ᱵᱤᱛᱟᱹᱣᱤᱧ ᱠᱩᱥᱤᱭᱟᱜᱼᱟ ᱾ ᱟᱞᱮ ᱫᱚ ᱥᱟᱱᱟᱢ ᱚᱠᱛᱚ ᱢᱤᱫ ᱫᱷᱟᱣᱛᱮ ᱟᱹᱰᱤᱞᱮ ᱨᱟᱹᱥᱠᱟᱹᱭᱟ ᱾
हमें अपने नाम और उम्र के बारे में बताने के लिए इतना धन्यवाद.	ᱟᱢᱟᱜ ᱧᱩᱛᱩᱢ ᱟᱨ ᱩᱢᱮᱨ ᱟᱞᱮᱢ ᱵᱟᱰᱟᱭ ᱩᱪᱩᱠᱮᱫ ᱞᱮ ᱤᱭᱟᱹᱛᱮ ᱟᱭᱢᱟ ᱥᱟᱨᱦᱟᱣ ᱾
एक व्यक्‍ति को एक जंगली कार्ड खरीदने के लिए भी लाभ हो सकता है, जो दक्षिण अफ्रीका या दक्षिण अफ्रीकी नैशनल पार्कों में या तो पार्कों के चुनाव में प्रवेश करता है ।	ᱱᱩᱭ ᱢᱤᱫ ᱡᱟᱝᱜᱽᱞᱤ ᱠᱟᱨᱰ ᱦᱟᱛᱟᱣ ᱞᱟᱹᱜᱤᱫ ᱛᱮ ᱦᱚᱸ ᱱᱟᱯᱯᱟᱭ ᱦᱩᱭ ᱫᱟᱲᱮᱭᱟᱜᱼᱟ, ᱡᱟᱦᱟᱸ ᱫᱚ ᱫᱟᱠᱷᱤᱱ ᱟᱯᱷᱨᱤᱠᱟ ᱥᱮ ᱫᱟᱠᱷᱤᱱ ᱟᱯᱷᱨᱤᱠᱟ ᱡᱟᱹᱛᱤᱭᱟᱹᱨᱤ ᱵᱟᱜᱟᱱ ᱵᱟᱪᱷᱟᱣ ᱨᱮ ᱵᱚᱞᱚ ᱯᱨᱚᱫᱟᱱ ᱪᱟᱞᱟᱜ ᱠᱟᱱᱟ᱾
उस समय अंकारा ऑगस्टस द्वारा नियंत्रित था।	ᱚᱱᱟ ᱚᱠᱛᱚ ᱟᱝᱠᱟᱨᱟ ᱚᱜᱟᱥᱴᱟᱥ ᱫᱟᱨᱟᱭᱛᱮ ᱥᱟᱢᱵᱲᱟᱣ ᱛᱟᱦᱮᱸ ᱾
आप डर नहीं है?	ᱵᱟᱯᱮ ᱵᱚᱛᱚᱨᱚᱜᱼᱟ ?
आम तौर पर सबसे खतरनाक बीमारियाँ, या खतरनाक जानवर जो लोगों को ज़बरदस्ती चोट पहुँचा सकते हैं या मार सकते हैं, आम तौर पर उनसे लड़ने के योग्य नहीं होते ।	ᱥᱚᱝᱠᱨᱚᱢᱚᱠ ᱨᱚᱜᱽ ᱥᱟᱶ, ᱟᱨ ᱵᱟᱝ ᱠᱷᱚᱛᱚᱨᱱᱟᱹᱠ ᱡᱤᱣ ᱡᱚᱱᱛᱩ ᱡᱟᱦᱟᱸᱭ ᱫᱚ ᱦᱚᱲ ᱠᱚ ᱜᱷᱟᱹᱛ ᱟᱨ ᱵᱟᱝ ᱜᱚᱡ ᱫᱟᱲᱮ ᱠᱚᱣᱟᱭ, ᱚᱝᱠᱟ ᱜᱮ ᱠᱤᱥ ᱦᱤᱥᱟᱹᱵ ᱛᱮ ᱵᱟᱠᱚ ᱛᱟᱦᱮᱸᱱ ᱠᱟᱱᱟ᱾
पानी पीने के बाद क्या कोई बीमार पड़ गया?	ᱚᱱᱟ ᱫᱟᱜ ᱧᱩ ᱛᱮ ᱪᱮᱫ ᱡᱟᱦᱟᱸᱭ ᱠᱚ ᱨᱩᱣᱟᱹ ᱟᱠᱱᱟ ?
D21, D40, D94 और D107 सड़कें इस कम्यून से होकर गुजरती हैं।	ᱰᱤ ᱒᱑, ᱰᱤ ᱔᱐, ᱰᱤ ᱙᱔ ᱟᱨ ᱰᱤ ᱑᱐᱗ ᱰᱟᱦᱟᱨ ᱠᱚᱫᱚ ᱠᱚᱢᱤᱣᱩᱱ ᱛᱟᱞᱟᱛᱮ ᱪᱟᱞᱟᱣ ᱟᱠᱟᱱᱟ ᱾
वायु बंदूकें दोनों लंबी बंदूकों (हवा की बंदूक) और हाथागन (हवा की बंदूक) रूपों में आते हैं।	ᱮᱭᱟᱨ ᱵᱟᱱᱫᱩᱠ ᱫᱚ ᱵᱟᱨᱭᱟ ᱡᱮᱹᱞᱮᱹᱧ ᱵᱟᱱᱫᱩᱠ (ᱮᱭᱟᱨ ᱨᱟᱭᱯᱷᱮᱞ) ᱟᱨ ᱛᱤᱵᱟᱱᱫᱩᱠ (ᱮᱭᱟᱨ ᱯᱤᱥᱛᱚᱞ) ᱞᱮᱠᱟᱛᱮ ᱧᱟᱢᱜᱼᱟ ᱾
अनोला, मैनिटोबा: अनोला कनाडा के मैनिटोबा का एक शहर है।	ᱟᱱᱳᱞᱟ, ᱢᱮᱹᱱᱤᱴᱳᱵᱟ ᱟᱱᱳᱞᱟ ᱠᱟᱱᱟᱰᱟ ᱨᱮᱭᱟᱜ ᱢᱮᱹᱱᱤᱴᱳᱵᱟᱨ ᱨᱮᱭᱟᱜ ᱢᱤᱫᱴᱟᱝ ᱥᱟᱦᱟᱨ ᱨᱮ ᱾
राष्ट्रीय तूफान केंद्र (NHC) कहता है कि इस समय नर - मादा ज़मीन के लिए कोई ख़तरा नहीं पैदा करते ।	ᱱᱮᱥᱱᱟᱞ ᱦᱩᱨᱤᱠᱮᱱ ᱥᱮᱱᱴᱚᱨ (ᱱᱮ.ᱦᱩ.ᱥᱮ.)-ᱟᱜ ᱞᱟᱹᱭ ᱡᱮ ᱱᱤᱛᱚᱜ ᱡᱮᱨᱤ ᱛᱮ ᱥᱮᱱᱚᱜ ᱨᱮᱭᱟᱜ ᱪᱮᱫ ᱵᱚᱛᱚᱨ ᱵᱟᱹᱱᱩᱜ-ᱟ᱾
पहले - पहल जब आप विदेश जाते थे, तब लोग शायद धैर्य और समझ करते थे, यह जानते हुए कि नए देश में यात्री को अनुकूल बनने की ज़रूरत है ।	ᱚᱠᱟ ᱡᱷᱚᱜ ᱟᱢ ᱯᱩᱭᱞᱩ ᱫᱷᱟᱣ ᱵᱮᱫᱮᱥ ᱮᱢ ᱪᱟᱞᱟᱣ ᱮᱱᱟ, ᱦᱚᱲ ᱠᱚᱫᱚ ᱯᱟᱞᱮ ᱫᱷᱤᱨᱚᱡᱽ ᱟᱨ ᱵᱩᱡᱷᱟᱹᱣ ᱠᱚ ᱛᱟᱦᱮᱸ ᱞᱮᱱᱟ, ᱱᱚᱣᱟ ᱵᱟᱰᱟᱭ ᱞᱮᱫ ᱜᱮᱭᱟ ᱡᱮ ᱱᱟᱣᱟ ᱫᱤᱥᱚᱢ ᱨᱮ ᱡᱟᱹᱛᱨᱤᱠᱚ ᱱᱤᱡᱮᱛᱮ ᱪᱚᱲᱟᱣ ᱞᱟᱹᱠᱛᱤ ᱢᱮᱱᱟᱜᱼᱟI
उन में से बहुत से पुरूष और स्त्रियां भी हैं, जो अपने समय से बच गए, और बहुत से प्रिय जन जिन्हों ने वहां मार डाला, और मार डाले गए, और मार डाले गए, और यहूदी और ग़ैरयहूदी दोनों एक समान थे।	ᱱᱮᱛᱟᱨ ᱦᱚᱸ ᱟᱭᱢᱟ ᱠᱚᱲᱟᱠᱚ ᱟᱨ ᱢᱟᱹᱭᱡᱩᱠᱚ ᱵᱟᱧᱪᱟᱣ ᱢᱮᱱᱟᱜ ᱠᱚᱣᱟ ᱡᱟᱦᱟᱸᱭ ᱠᱚ ᱱᱚᱸᱰᱮ ᱟᱯᱱᱟᱨᱟᱜ ᱚᱱᱟ ᱚᱠᱛᱚ ᱡᱤᱭᱚᱱ ᱠᱷᱟᱱᱰᱟᱣ ᱞᱮᱫᱼᱟᱠᱚ, ᱟᱨ ᱟᱨᱦᱚᱸ ᱟᱭᱢᱟ ᱡᱟᱦᱟᱸᱭ ᱠᱚ ᱱᱤᱡᱚᱨᱟᱱ ᱦᱚᱲᱠᱚ ᱱᱟᱥ ᱞᱮᱫ ᱠᱚᱣᱟ ᱵᱟᱝᱢᱟ ᱢᱚᱨᱚᱱᱚᱜ ᱦᱟᱹᱵᱤᱡ ᱚᱸᱰᱮ ᱠᱟᱹᱢᱤ ᱞᱮᱫᱼᱟᱠᱚ, ᱤᱦᱩᱫᱤ ᱟᱨ ᱵᱟᱝ-ᱤᱦᱩᱫᱤ ᱠᱚᱦᱚᱸ᱾
हमारे कला शिक्षक बहुत डरावने आदमी हैं। जब भी मैं उनसे कोई सवाल पूछता हूँ, तो वे अपना लकड़ी का पैमाना (रूलर) निकाल लेते हैं।	ᱟᱞᱮᱨᱮᱱ ᱟᱨᱴ ᱢᱟᱪᱮᱫ ᱫᱚ ᱟᱹᱰᱤᱭ ᱯᱚᱪᱨᱟ ᱜᱮᱭᱟ ᱾ ᱤᱧ ᱡᱚᱠᱷᱚᱱ ᱜᱮ ᱩᱱᱤᱧ ᱠᱩᱞᱤᱭᱮᱭᱟ, ᱩᱱᱤ ᱫᱚ ᱟᱡᱟᱜ ᱠᱟᱴᱷ ᱨᱮᱭᱟᱜ ᱨᱩᱞᱮ ᱚᱰᱚᱠ ᱛᱟᱭᱟ ᱾
छोटे जानवरों को खाने के लिए पसंद करते हैं। वे बंदरों, सांपों और पक्षियों को पकड़ने के लिए अगर वे कर सकते हैं। लगभग सभी जानवरों के शिकार यह उससे कहीं छोटा हैं।	ᱳᱥᱮᱞᱮᱴ ᱠᱚ ᱠᱟᱹᱴᱤᱡ ᱡᱩᱱᱛᱩ ᱡᱚᱢ ᱠᱚ ᱠᱩᱥᱤᱦᱟᱠᱚᱣᱟ᱾ ᱩᱱᱠᱩ ᱫᱟᱲᱮᱭᱟᱜᱼᱟ ᱠᱚ ᱢᱮᱱᱠᱷᱟᱱ ᱦᱟᱹᱬᱩ ᱠᱚ, ᱵᱤᱧ ᱠᱚ, ᱨᱳᱰᱮᱸᱴ ᱠᱚ ᱟᱨ ᱪᱮᱬᱮ ᱠᱚ ᱥᱟᱵ ᱠᱚᱣᱟ᱾ ᱡᱟᱦᱟᱸ ᱛᱤᱱᱟᱹᱜ ᱜᱮ ᱡᱩᱱᱛᱩ ᱥᱤᱠᱟᱹᱨᱟ ᱠᱚ ᱩᱱᱠᱩ ᱠᱷᱚᱱ ᱚᱥᱮᱞᱮᱴ ᱫᱚ ᱡᱷᱚᱛᱚ ᱠᱷᱚᱱ ᱠᱚ ᱦᱩᱰᱤᱧᱟ᱾
वह आश्चर्यचकित रह गई जब नए मुंबई-दिल्ली एक्सप्रेसवे पर गाड़ी चलाते समय गिलास से पानी की एक बूंद भी नहीं छलकी।	ᱱᱟᱶᱟ ᱢᱩᱢᱵᱟᱭᱼᱫᱤᱞᱞᱤ ᱮᱠᱥᱯᱨᱮᱥ ᱳᱭᱮ ᱨᱮ ᱜᱟᱹᱰᱤ ᱪᱟᱞᱟᱣ ᱚᱠᱛᱚ ᱜᱞᱟᱥ ᱠᱷᱚᱱ ᱢᱤᱫ ᱴᱷᱚᱯ ᱫᱟᱜ ᱦᱚᱸ ᱵᱟᱝ ᱡᱚᱨᱚ ᱞᱮᱱᱛᱮ ᱩᱱᱤ ᱫᱚ ᱟᱹᱰᱤᱭ ᱦᱟᱦᱟᱲᱟᱭᱮᱱᱟ ᱾
ब्राज़ील के अधिकारी अनुमान लगाते हैं कि सन्‌ 1999 में क्यूबा में करीब 1,9 अरब लोग आए थे ।	᱑᱙᱙᱙ᱼᱨᱮ ᱢᱳᱴᱟᱢᱩᱴᱤ ᱑᱖ ᱞᱚᱠᱠᱷᱚ ᱥᱟᱸᱜᱷᱟᱨᱤᱭᱟᱹ ᱠᱤᱣᱵᱟ ᱥᱟᱸᱜᱷᱟᱨ ᱪᱟᱞᱟᱣᱠᱟᱛᱮ ᱜᱩᱴᱨᱮ ᱯᱨᱟᱭ ᱑᱙᱐ ᱠᱳᱴᱤ ᱰᱚᱞᱟᱨ ᱠᱷᱟᱡᱱᱟᱠᱩ ᱟᱨᱡᱟᱣᱟᱠᱟᱫᱟ ᱢᱮᱱᱛᱮ ᱠᱤᱣᱵᱟᱨᱮᱱ ᱟᱫᱷᱤᱠᱟᱨᱤᱠᱠᱩ ᱟᱭᱼᱩᱢᱟᱹᱱᱮᱫᱠᱟᱱᱟ ᱾
अध्ययन के मुताबिक, शास्त्रीय संगीत सुनना बच्चों में सकारात्मक भावनाएँ उत्पन्‍न करता है ।	ᱠᱷᱚᱱᱫᱽᱨᱚᱸᱫᱽ ᱞᱮᱠᱟᱛᱮ, ᱞᱟᱭᱤᱵᱷ ᱥᱟᱥᱛᱚᱨ ᱥᱮᱹᱨᱮᱹᱧ ᱟᱸᱡᱚᱢ ᱫᱚ ᱞᱮᱴᱠᱟ ᱠᱚ ᱢᱩᱫᱽᱨᱮ ᱵᱷᱟᱜᱮ ᱟᱹᱭᱠᱟᱹᱣ ᱮ ᱥᱤᱨᱡᱟᱹᱣᱼᱟ ᱾
इंजीनियर दो बिंदुओं के बीच की दूरी को मापने और सर्वेक्षण करने में सक्षम थे।	ᱤᱱᱡᱤᱱᱤᱭᱟᱨ ᱠᱚ ᱵᱟᱨᱭᱟ ᱴᱩᱰᱟᱹᱜ ᱢᱩᱫᱨᱮ ᱯᱷᱟᱨᱟᱠ ᱡᱚᱠᱡᱷᱟ ᱟᱨ ᱢᱟᱯ ᱞᱟᱹᱜᱤᱫ ᱠᱚ ᱥᱤᱜᱤᱞ ᱞᱮᱱᱟ ᱾
मैंने सुना है कि यह एक असंतुलन विशेष है.	ᱟᱸᱡᱚᱢ ᱟᱠᱟᱫᱟᱹᱧ ᱱᱚᱶᱟᱫᱚ ᱚᱥᱚᱢᱤᱭᱟ ᱨᱮᱭᱟᱜ ᱠᱷᱟᱥ ᱡᱚᱢᱟᱜ ᱠᱟᱱᱟ ᱾
नौ	ᱟᱨᱮ
करीब 200 अमरीकी और जर्मन लोगों की जानें चली गयीं ।	ᱢᱤᱫ ᱵᱽᱨᱤᱴᱤᱥ ᱠᱨᱩᱡᱟᱨ ᱫᱚ ᱤᱠᱟ ᱠᱟᱛᱮ, ᱥᱟᱱᱟᱢ ᱡᱟᱦᱟᱡ ᱰᱩᱵᱩᱡ ᱞᱮᱫ ᱛᱟᱦᱮᱱᱟ᱾ ᱒᱐᱐ ᱜᱟᱱ ᱟᱢᱮᱨᱤᱠᱟᱱ ᱟᱨ ᱡᱟᱨᱢᱟᱱ ᱡᱤᱭᱚᱱ  ᱠᱚ ᱟᱫᱽ ᱞᱮᱱ ᱛᱟᱦᱮᱱᱟ᱾
इसमें गहनों, तसवीरों, कवचों, सजावटी कला और हस्तलिपियों के अलग - अलग संग्रह होते हैं ।	ᱱᱚᱶᱟ ᱨᱮᱫᱚ ᱟᱭᱢᱟ ᱞᱮᱠᱟᱱ ᱛᱩᱢᱟᱹᱞᱟᱜ ᱠᱚ ᱢᱮᱱᱟᱜᱼᱟ ᱚᱱᱟ ᱢᱩᱫᱽᱨᱮ ᱜᱚᱭᱱᱟ, ᱪᱤᱛᱟᱹᱨ, ᱢᱮᱬᱦᱮᱫ ᱨᱮᱭᱟᱜ ᱫᱚᱛᱚ, ᱟᱵᱷᱨᱟᱱ ᱵᱤᱨᱤᱛ ᱟᱨ ᱚᱞ ᱱᱚᱛᱷᱤ ᱠᱚ ᱢᱮᱱᱟᱜᱼᱟ ᱾
हम टीमों में काम कर सकते हैं अगर आप चाहते हैं.	ᱟᱢᱮᱢ ᱠᱩᱥᱤᱜ ᱠᱷᱟᱱ ᱟᱞᱮ ᱫᱚ ᱴᱤᱢ ᱨᱮᱞᱮ ᱠᱟᱹᱢᱤ ᱫᱟᱲᱮᱭᱟᱜᱼᱟ ᱾
यह 140 मीटर से अधिक ऊंचा है और इसे बनाने में 20 साल लगे।	ᱱᱚᱶᱟ ᱫᱚ ᱑᱔᱐ ᱢᱤᱴᱟᱨ ᱠᱷᱚᱱ ᱦᱚᱸ ᱰᱷᱮᱨ ᱩᱥᱩᱞᱟ ᱟᱨ ᱱᱚᱶᱟ ᱵᱮᱱᱟᱣ ᱞᱟᱹᱜᱤᱫ ᱒᱐ ᱥᱮᱨᱢᱟ ᱩᱢᱮᱨ ᱞᱟᱜᱟᱣ ᱟᱠᱟᱱᱟ ᱾
आप क्या सिफ़ारिश करते हैं?	ᱟᱢ ᱪᱮᱫ ᱥᱚᱞᱦᱟᱢ ᱮᱢᱚᱜ ᱠᱟᱱᱟ?
बंजी जंपिंग की तैयारी करते ही अबीगैल का शरीर तनावग्रस्त हो गया।	ᱵᱟᱧᱡᱤ ᱡᱟᱢᱯᱤᱝ ᱞᱟᱹᱜᱤᱫ ᱛᱮ ᱥᱟᱯᱲᱟᱜ ᱚᱠᱛᱮ ᱟᱹᱵᱤᱜᱮᱞᱟᱜ ᱦᱚᱲᱢᱚ ᱫᱚ ᱴᱟᱱ ᱴᱟᱱ ᱞᱮᱱ ᱛᱟᱭᱟ ᱾
तेज रफ्तार वाली डाउनहिल स्की रेस की तैयारी करते हुए जगन कांप उठा।	ᱡᱚᱜᱚᱱ ᱮ ᱛᱷᱟᱨ ᱛᱷᱟᱨᱟᱜ ᱠᱟᱱ ᱛᱟᱦᱮᱸ ᱡᱚᱠᱷᱚᱱ ᱩᱱᱤ ᱢᱤᱫᱴᱟᱝ ᱦᱟᱭᱼᱥᱯᱤᱰ ᱫᱟᱲᱟᱝᱵᱩᱨᱩ  ᱥᱠᱤ ᱫᱟᱹᱲ ᱞᱟᱹᱜᱤᱫ ᱮ ᱥᱟᱯᱲᱟᱜ ᱠᱟᱱ ᱛᱟᱦᱮᱸ  ᱾
तुम हमेशा मुझे ही क्यों डांटती हो लेकिन अनघा को कभी नहीं डांटती?	ᱪᱮᱫᱟᱜ ᱟᱢ ᱫᱚ ᱤᱧ ᱥᱟᱨᱟ ᱜᱷᱩᱲᱤᱢ ᱮᱜᱮᱨᱤᱧᱟ ᱢᱮᱱᱠᱷᱟᱱ ᱛᱤᱥᱦᱚᱸ ᱚᱱᱟᱦ ᱫᱚ ᱵᱟᱢ ᱮᱜᱮᱨᱤᱭᱟ ?
साथ ही, घुटनों को ढककर पहनने के लिए पुरुषों से भी माँग की जाती है ।	ᱥᱚᱢᱟᱱ ᱫᱷᱟᱹᱲ ᱛᱮ, ᱠᱚᱲᱟ ᱠᱚᱫᱚ ᱴᱷᱤᱴᱬᱟᱹᱜ ᱦᱟᱹᱵᱤᱡ ᱮᱥᱮᱫᱚᱜ ᱴᱨᱟᱣᱡᱚᱨ ᱦᱚᱨᱚᱜ ᱞᱟᱹᱠᱛᱤᱭᱟ᱾
यह मेरा अब तक का सबसे पसंदीदा भोजन है, यदि आप मुझे अनुमति दें, तो मैं इसे पूरे दिन खाऊँगा।	ᱱᱚᱣᱟ ᱫᱚ ᱤᱧᱟᱜ ᱥᱟᱱᱟᱢ ᱚᱠᱛᱚ ᱨᱮᱭᱟᱜ ᱠᱩᱥᱤᱭᱟᱱᱟᱜ ᱡᱚᱢᱟᱜ ᱠᱟᱱᱟ, ᱟᱢ ᱡᱩᱫᱤ ᱤᱧ ᱪᱷᱟᱹᱲᱮᱢ ᱤᱢᱟᱹᱧᱟ ᱛᱚᱵᱮ ᱤᱧ ᱫᱚ ᱥᱟᱨᱟᱫᱤᱱ ᱚᱱᱟᱧ ᱡᱚᱢᱟ ᱾
पुराने तूनेबियों के आसपास पारंपरिक मोरसोन के माल बेचने में आसानी से आसान है, जैसे कि टैगन, चमड़े के सामान, हुक्स, और भूना के एक पूरा स्पेक्ट्रम, लेकिन यह पर्यटकों के लिए है.	ᱢᱟᱨᱮ ᱢᱟᱹᱫᱤᱱᱟ ᱥᱩᱨ ᱠᱚᱨᱮ ᱫᱚ ᱯᱟᱨᱚᱢᱯᱚᱨᱤᱠ ᱢᱚᱨᱚᱠᱠᱟᱱ ᱥᱟᱢᱟᱱ, ᱡᱮᱞᱠᱟ ᱴᱮᱜᱤᱱ, ᱦᱟᱥᱟ ᱨᱮᱭᱟᱜ ᱥᱟᱢᱟᱱ, ᱦᱟᱨᱛᱟ ᱨᱮᱭᱟᱜ ᱥᱟᱢᱟᱱ, ᱦᱩᱠᱟᱦ, ᱟᱨ ᱠᱟᱴᱟ ᱨᱮᱭᱟᱜ ᱢᱟᱨᱮ ᱥᱯᱮᱠᱴᱨᱚᱢ ᱟᱹᱠᱨᱤᱧ ᱠᱚ ᱯᱟᱱᱛᱮ ᱟᱹᱰᱤ ᱟᱞᱜᱟ ᱜᱮ ᱵᱩᱡᱷᱟᱹᱣᱜᱼᱟ, ᱢᱮᱱᱠᱷᱟᱱ ᱱᱚᱶᱟ ᱯᱚᱨᱭᱚᱴᱚᱠ ᱞᱟᱹᱜᱤᱫ ᱛᱮ ᱠᱟᱱᱟ᱾
टीम खेलों में, एक ही टीम के एक समूह को एक साथ मिलकर खेल जीतने का उद्देश्‍य हासिल करने के लिए एकसाथ काम करना पड़ता है ।	ᱜᱟᱫᱮᱞ ᱟᱱᱟᱜ ᱠᱷᱮᱞᱚᱸᱰ ᱠᱚᱨᱮ, ᱢᱤᱫᱴᱟᱝ ᱜᱟᱫᱮᱞᱨᱮᱱ ᱢᱤᱫᱴᱟᱝ ᱦᱚᱲ ᱠᱦᱮᱞᱚᱱᱰᱨᱮᱱ ᱡᱤᱛᱠᱟᱹᱨᱤᱭᱟᱹ ᱦᱩᱭᱩᱜ ᱨᱮᱭᱟᱜ ᱡᱚᱥ ᱟᱨᱡᱟᱣ ᱞᱟᱹᱜᱤᱫ ᱢᱤᱫ ᱥᱟᱶᱛᱮᱠᱚ ᱠᱟᱹᱢᱤᱭᱟ ᱾
नहीं, एक कोवविद से लड़ने के लिए नहीं बन जाता है जब वे अतीत में प्रभावित किया गया है।	ᱢᱟᱲᱟᱝᱨᱮ ᱞᱚᱦᱚᱡᱩᱨᱤ ᱞᱮᱱᱠᱷᱟᱱ ᱚᱠᱚᱭᱦᱚᱸ ᱠᱳᱵᱷᱤᱰ ᱠᱷᱚᱱ ᱨᱤᱦᱟᱹᱭ ᱵᱟᱭ ᱧᱟᱢᱟ ᱾
मेरे पास एक किताब हैं।	ᱤᱧ ᱴᱷᱮᱱ ᱢᱤᱫ ᱜᱚᱴᱟᱝ ᱠᱤᱛᱟᱯ ᱢᱮᱱᱟᱜᱼᱟ ᱠᱚᱣᱟ।
मेरा पसंदीदा बिहरी व्यंजन है Tatatata.	ᱤᱧᱟᱹᱜ ᱠᱩᱥᱤᱭᱟᱜ ᱵᱤᱦᱟᱨᱤ ᱡᱚᱢᱟᱜ ᱫᱚ ᱦᱩᱭᱩᱜ ᱠᱟᱱᱟ ᱥᱟᱹᱛᱩ ᱨᱮᱭᱟᱜ ᱯᱚᱨᱚᱴᱟ ᱾
मेरे पास छः चाय हैं।	ᱤᱧ ᱴᱷᱮᱱ ᱛᱩᱨᱩᱭ ᱜᱚᱴᱟᱝ ᱪᱟ ᱢᱮᱱᱟᱜᱼᱟ ᱠᱚᱣᱟ।
अदालत ने यह भी कहा कि निजी डेटा और तथ्यों की गोपनीयता का एक अनिवार्य पहलू है और इसलिए यह अत्यावश्‍यक है कि सी. बी. सी. सी. सी. सी. सी. के लिए डाटा जमा करना, नागरिकों की सबसे अच्छी दिलचस्पी पहले होनी चाहिए, केवल उन व्यक्‍तिगत आंकड़ा को इकट्ठा किया जा सकता है जो आवश्‍यक हैं और इन निजी डेटाओं के लिए ही इस्तेमाल किया जा सकता है जो इसे जमा किया जाता है ।	ᱠᱟᱪᱷᱟᱦᱟᱹᱨᱤ ᱫᱚ ᱟᱨᱦᱚᱸᱭ ᱧᱮᱞ ᱮᱫᱟ ᱡᱮ ᱦᱚᱲᱟᱜ ᱰᱚᱜᱚᱨ ᱟᱨ ᱰᱚᱜᱚᱨ ᱨᱮᱭᱟᱜ ᱩᱠᱩᱛᱮᱫ ᱩᱠᱩ ᱟᱹᱭᱫᱟᱹᱨ ᱨᱮᱭᱟᱜ ᱢᱤᱫ ᱢᱩᱲᱩᱫ ᱯᱟᱦᱟᱴᱟ ᱠᱟᱱᱟ ᱟᱨ ᱚᱱᱟᱛᱮ ᱱᱚᱶᱟ ᱢᱩᱲᱩᱫ ᱥᱤ ᱵᱤ ᱰᱤ ᱥᱤ ᱤᱥᱩᱭ ᱞᱟᱹᱜᱤᱫᱛᱮ ᱰᱮᱴᱟ ᱛᱩᱢᱟᱹᱞ ᱚᱠᱛᱚ, ᱦᱚᱲ ᱠᱚᱣᱟᱜ ᱡᱚᱛᱚᱠᱷᱚᱱ ᱢᱟᱨᱟᱝ ᱥᱟᱨᱛᱷᱚ ᱞᱟᱦᱟᱨᱮ ᱫᱟᱣ ᱮᱢᱚᱜ ᱞᱟᱹᱠᱛᱤ ᱠᱟᱱᱟ, ᱥᱩᱢᱩᱝ ᱩᱱᱤ ᱦᱚᱲᱜᱮ ᱴᱷᱟᱹᱣᱠᱟᱹ ᱟᱠᱟᱱ ᱰᱚᱜᱚᱨᱮ ᱦᱩᱭ ᱫᱟᱲᱮᱭᱟᱜᱼᱟ ᱛᱩᱢᱟᱞᱟᱠᱟᱱ ᱡᱟᱸᱦᱟ ᱞᱟᱹᱠᱛᱤᱭᱟᱱ ᱟᱨ ᱱᱚᱶᱟ ᱰᱮᱴᱟᱠᱚ ᱮᱠᱷᱮᱱ ᱚᱱᱟ ᱞᱟᱹᱜᱤᱫ ᱛᱮᱜᱮ ᱵᱮᱣᱦᱟᱨ ᱢᱮ ᱡᱟᱸᱦᱟ ᱞᱟᱹᱜᱤᱫ ᱱᱚᱶᱟ ᱛᱩᱢᱟᱹᱞᱚᱜᱼᱟ ᱾
सब पहाड़ों, नदियों, महासागरों, जलवायु, और अनावश्यक संख्या है.	ᱱᱚᱶᱟᱫᱚ ᱚᱛᱱᱚᱜ ᱠᱟᱱᱟ ! ᱵᱩᱨᱩ,ᱱᱟᱹᱭ, ᱢᱟᱦᱟᱥᱟᱹᱢᱩᱫ,ᱫᱟᱜᱦᱚᱭ, ᱟᱨ ᱵᱟᱝ ᱞᱟᱹᱠᱛᱤᱭᱟᱱ ᱮᱞ ᱥᱟᱱᱟᱢᱟᱜ ᱜᱮ ᱢᱮᱱᱟᱜᱼᱟ ᱾
लेकिन सा. यु. पू.	ᱚᱥᱚᱠ ᱫᱚ ᱠᱷᱚᱫᱟ ᱪᱤᱛᱟᱹᱨ ᱟᱨ ᱥᱚᱨᱮᱥ ᱫᱤᱱᱤᱥᱟᱹ ᱠᱷᱩᱱᱴᱤ ᱠᱩ ᱞᱟᱹᱜᱤᱫ ᱰᱷᱮᱨ ᱠᱟᱭᱛᱮ ᱫᱷᱤᱨᱤᱭ ᱵᱮᱵᱚᱦᱟᱨ ᱞᱮᱫᱟ, ᱡᱟᱦᱟᱸ ᱨᱮ ᱞᱟᱦᱟᱱ ᱥᱮᱨᱣᱟ ᱨᱮ ᱫᱚ ᱠᱟᱴᱷ ᱟᱨ ᱦᱟᱥᱟ ᱨᱮᱭᱟᱜ ᱵᱮᱵᱚᱦᱟᱨᱟᱠᱟᱱᱟ ᱾ ᱛᱟᱦᱮᱸᱠᱟᱱᱟ ᱾
मैं तो बस तुम्हारी टांग खींच रहा था। कम से कम एक बार, मैं तुम्हारे प्रदर्शन से प्रसन्न हूँ (शिक्षक)।	ᱤᱧ ᱮᱠᱷᱮᱱ ᱟᱢᱟᱜ ᱡᱟᱝᱜᱟᱧ ᱚᱨ ᱞᱮᱫᱟ ᱾ ᱢᱤᱫ ᱫᱷᱟᱣ ᱞᱟᱹᱜᱤᱫ, ᱤᱧ ᱟᱢᱟᱜ ᱩᱫᱩᱜᱥᱚᱫᱚᱨ ᱨᱤᱧ ᱠᱩᱥᱤ ᱟᱠᱟᱱᱟ ᱾ (ᱢᱟᱪᱮᱫ)
मेरे पास बहत्तर रुपया हैं।	ᱤᱧ ᱴᱷᱮᱱ ᱮᱭᱟᱭ ᱜᱮᱞ ᱵᱟᱨ ᱜᱚᱴᱟᱝ ᱯᱟᱹᱲᱯᱟ ᱢᱮᱱᱟᱜᱼᱟ ᱠᱚᱣᱟ।
जैसे ही खूंखार गणित शिक्षक कमरे में दाखिल हुए, पूरी कक्षा शांत हो गई।	ᱵᱚᱛᱚᱨᱟᱱ ᱮᱞᱠᱷᱟ ᱢᱟᱪᱮᱫ ᱨᱩᱢ ᱨᱮ ᱥᱮᱱ ᱥᱟᱶ ᱥᱟᱶᱛᱮ ᱯᱩᱨᱟᱹ ᱠᱞᱟᱥ ᱠᱚ ᱛᱷᱤᱨ ᱮᱱᱟ ᱾
इस सम्मेलन का नाम था, न्यू यॉर्क में अंतर्राष्ट्रीय ट्रिकल सम्मेलन (बाद में, परिषद्‌) जो आम लोगों को अपना सदस्य बनने के लिए समर्थ करता है ।	ᱠᱚᱢᱚᱱᱳᱣᱭᱮᱞᱛᱷ ᱨᱮᱭᱟᱜ ᱵᱟᱨᱦᱮ ᱫᱤᱥᱚᱢᱠᱚ ᱱᱚᱶᱟᱨᱮᱱ ᱨᱟᱹᱥᱤᱭᱟᱹ ᱦᱩᱭ ᱫᱟᱲᱮᱭᱟᱜ ᱞᱟᱹᱜᱤᱫᱛᱮ ᱤᱢᱯᱮᱨᱤᱭᱟᱞ ᱠᱨᱤᱠᱮᱴ ᱦᱮᱞᱢᱮᱞ ᱨᱮᱭᱟᱜ ᱧᱩᱛᱩᱢ ᱵᱚᱫᱚᱞ ᱠᱟᱛᱮᱜ ᱡᱮᱜᱮᱫ ᱡᱟᱠᱟᱛ ᱠᱨᱤᱠᱮᱴ ᱦᱮᱞᱢᱮᱞ ( ᱴᱟᱭᱚᱢᱛᱮ, ᱠᱟᱣᱩᱱᱥᱤᱞ ) ᱠᱚᱨᱟᱣ ᱦᱩᱭ ᱞᱮᱱᱟ ᱾
ज़रूर, सर.	ᱮᱠᱟᱞ ᱜᱮ, ᱥᱮᱨ ᱾
इन गुफाओं में यन्‍नवाद के विश्‍वास और प्रचार के बारे में सिखाया जाता है ।	ᱨᱤᱡᱷᱟᱹᱜ ᱞᱮᱠᱟᱱ ᱠᱷᱚᱫᱟ ᱪᱤᱛᱟᱹᱨ ᱟᱨ ᱯᱮᱱᱴᱤᱝ ᱯᱷᱞᱟᱱᱴᱤᱝ, ᱱᱤᱭᱟᱹ ᱜᱷᱚᱸᱜᱚᱨ ᱠᱚᱫᱚ ᱡᱚᱭᱱᱚ ᱫᱷᱚᱨᱚᱢ ᱨᱮ ᱯᱟᱹᱛᱭᱟᱹᱣ ᱟᱨ ᱯᱟᱥᱱᱟᱣ ᱠᱚ ᱢᱟᱱᱟᱣᱼᱮᱫ ᱛᱟᱦᱮᱸᱜ ᱾
वह अपनी कार के नियंत्रण खो बैठा और शुरू होने के तुरंत बाद वह दौड़ खत्म हो गयी ।	ᱡᱤᱭᱟᱱᱠᱟᱨᱞᱚ ᱯᱷᱤᱥᱤᱪᱮᱞᱞᱟ ᱟᱡᱟᱜ ᱜᱟᱹᱰᱤ ᱨᱮᱭᱟᱜ ᱪᱟᱪᱞᱟᱣ ᱮ ᱟᱫᱽ ᱠᱮᱫᱟ ᱟᱨ ᱮᱛᱚᱦᱚᱵ ᱨᱮᱭᱟᱜ ᱟᱹᱰᱤ ᱩᱥᱟᱹᱨᱟ ᱜᱮ ᱨᱮᱥ ᱮ ᱢᱩᱪᱟᱹᱫ ᱠᱮᱫᱟ᱾
इसके अलावा, सन्‌ 1960 में फिल्म के इस सिद्धांत पर फिर से विचार करना फिल्म की आलोचना (जैसे कि यह 1950 के दशक में किया गया था) के द्वारा नहीं आया था, बल्कि दूसरी ताड़ना के माध्यम से, जो कि भाषा बोलनेवाली भाषा और जल - प्रलयीय है ।	ᱱᱤᱭᱟᱹ ᱦᱚᱸ ᱠᱟᱹᱢᱤ ᱫᱟᱲᱮᱭᱟᱜ ᱥᱟᱛᱟᱢ ᱡᱮ ᱑᱙᱖᱐ ᱨᱮᱭᱟᱜ ᱫᱚᱥᱚᱠ ᱨᱮ ᱪᱚᱞᱚᱛ ᱪᱤᱛᱟᱹᱨ ᱛᱮᱛᱮᱫ ᱨᱮᱭᱟᱜ ᱱᱤᱭᱟᱹ ᱫᱚᱲᱦᱟ ᱵᱤᱵᱮᱪᱚᱱᱟ ᱫᱚ ᱪᱚᱞᱚᱛ ᱪᱤᱛᱟᱹᱨ ᱚᱠᱛᱟ ᱦᱚᱛᱮᱛᱮ ᱵᱟᱝ ᱦᱮᱡᱼᱟᱠᱟᱱᱟ (ᱡᱮᱞᱮᱠᱟ ᱑᱙᱕᱐ ᱫᱚᱥᱚᱠ ᱨᱮ ᱦᱩᱭᱞᱮᱱᱟ) ᱵᱚᱨᱚᱝ ᱮᱴᱟᱜ ᱪᱟᱝᱜᱟ ᱦᱚᱛᱮᱛᱮ ᱦᱤᱡᱩᱜᱼᱟ, ᱡᱮᱞᱮᱠᱟ ᱯᱟᱹᱨᱥᱤ ᱜᱚᱲᱦᱚᱱ ᱛᱮᱛᱮᱫ ᱟᱨ ᱥᱮᱢᱤᱭᱚᱴᱤᱠ ᱾
क्या यह कीचड़ कोती है, या क्या इसमें किसी तरह का मलबा है?	ᱵᱚᱰᱮ ᱜᱮᱭᱟ, ᱥᱮ ᱱᱚᱶᱟᱨᱮ ᱡᱟᱦᱟᱸ ᱞᱮᱠᱟᱱᱟᱜ ᱵᱟᱹᱲᱤᱡᱟᱜ ᱠᱚ ᱢᱮᱱᱟᱜᱼᱟ ?
पिछले कुछ महीनों में प्रौद्योगिकी क्षेत्र में हजारों कर्मचारियों की छंटनी के बारे में पढ़कर मुझे निराशा महसूस हुई।	ᱪᱟᱞᱟᱣᱮᱱ ᱠᱤᱪᱷᱩ ᱢᱟᱹᱱᱦᱟᱹ ᱨᱮ ᱛᱟᱹᱠᱱᱤᱠᱤ ᱨᱮ ᱦᱟᱡᱟᱨ ᱦᱟᱡᱟᱨ ᱪᱷᱟᱴᱟᱭ ᱵᱟᱵᱚᱫᱛᱮ ᱯᱟᱲᱦᱟᱣ ᱤᱧ ᱫᱚ ᱟᱹᱰᱤ ᱫᱩᱠᱷᱮ ᱟᱹᱭᱠᱟᱹᱣ ᱚᱪᱚᱣᱟᱠᱟᱫᱤᱧᱟ ᱾
अच्छा दिन, सज्जन, और कलाकार के निर्माता के लिए स्वागत है!	ᱥᱟᱹᱜᱩᱱ ᱢᱟᱦᱟᱸ, ᱢᱟᱹᱱᱟᱱ ᱜᱚᱝᱠᱮ, ᱟᱨ ᱟᱨᱴᱤᱥᱴ ᱜᱮᱞᱟᱨᱤᱨᱮ ᱟᱢ ᱥᱟᱹᱜᱩᱱ ᱫᱟᱨᱟᱢ !
योजना विश्लेषण का परिणाम एक सार्वजनिक वेबसाइट पर लगाया जाएगा.	ᱯᱞᱚᱴᱤᱝ ᱮᱱᱟᱞᱤᱥᱤᱥ ᱨᱮᱭᱟᱜ ᱛᱮᱞᱟ ᱫᱚ ᱯᱟᱹᱵᱞᱤᱠ ᱣᱮᱵᱽᱥᱟᱭᱤᱴ ᱨᱮ ᱯᱚᱥᱴ ᱟᱠᱚ।
उदाहरण के लिए, मांस खाना कुछ लोगों के लिए स्वाभाविक है और दूसरों के लिए अस्वाभाविक।	ᱫᱟᱹᱭᱠᱟᱹ ᱞᱮᱠᱟᱛᱮ ᱡᱤᱞ ᱡᱚᱢ ᱫᱚ ᱠᱤᱪᱷᱩ ᱦᱚᱲ ᱞᱟᱹᱜᱤᱫ ᱫᱚ ᱥᱟᱹᱵᱤᱠ ᱟᱨ ᱮᱴᱟᱜ ᱠᱚ ᱞᱟᱹᱜᱤᱫ ᱫᱚ ᱵᱤᱱ ᱥᱟᱹᱵᱤᱠ ᱾
यह लोगों को न्याय और दासत्व से स्वतंत्रता के विचारों को जगाने के उद्देश्‍य से लिखने के लिए लेखकों की सामाजिक ज़िम्मेदारी बन गयी ।	ᱦᱚᱲ ᱠᱚᱣᱟᱜ ᱱᱮᱭ ᱵᱤᱪᱟᱹᱨ ᱟᱨ ᱥᱮᱵᱮᱫ ᱠᱷᱚᱱᱟᱜ ᱪᱷᱟᱹᱲ ᱧᱟᱢ ᱨᱮᱭᱟᱜ ᱫᱷᱟᱨᱚᱱᱟ ᱡᱟᱜᱟᱣ ᱨᱮᱭᱟᱜ ᱡᱚᱥ ᱟᱛᱮ ᱚᱞ ᱚᱱᱚᱞᱤᱭᱟᱹ ᱠᱚᱣᱟᱜ ᱥᱟᱶᱛᱤᱭᱟᱹ ᱟᱸᱜᱤᱵᱷᱟᱨ ᱨᱮ ᱛᱮᱸᱜᱳ ᱟᱠᱟᱱᱟ ᱾
मुझे गुस्सा आ रहा है कि कुछ देश पृथ्वी पर अधिक जरूरी मुद्दों की अनदेखी करते हुए अंतरिक्ष अन्वेषण में इतना पैसा निवेश कर रहे हैं।	ᱤᱧ ᱫᱚ ᱨᱟᱸᱜᱟᱣᱤᱧ ᱵᱩᱡᱷᱟ ᱡᱮ ᱠᱤᱪᱷᱩ ᱫᱤᱥᱚᱢ ᱡᱮᱜᱮᱫ ᱥᱮᱨᱢᱟ ᱠᱷᱚᱫᱨᱚᱱ ᱨᱮ ᱱᱩᱱᱟᱹᱜ ᱠᱟᱹᱣᱰᱤ ᱠᱚ ᱮᱢᱮᱫ ᱠᱟᱱᱟ ᱩᱱᱨᱮ ᱫᱷᱟᱹᱨᱛᱤᱨᱮ ᱟᱨᱦᱚᱸ ᱟᱱᱟᱴ ᱥᱟᱛᱟᱢ ᱠᱚᱫᱚ ᱵᱟᱝ ᱠᱚ ᱢᱟᱱᱟᱣᱮᱫ ᱠᱟᱱᱟ ᱾
लेकिन ये पिछले कुछ हफ्तों में बहुत व्यस्त रहे हैं ।	ᱢᱮᱱᱠᱷᱟᱱ ᱱᱤᱭᱟᱹ ᱠᱤᱪᱷᱤ ᱦᱟᱯᱛᱟ ᱫᱚ ᱟᱹᱰᱤ ᱡᱚᱦᱚᱲ ᱛᱟᱸᱦᱮ ᱠᱟᱱᱟ ᱾
हाँ, एक सीट कृपया है.	ᱦᱮᱸ, ᱫᱩᱲᱩᱵ ᱢᱮ ᱾
औषधालय कहां है?	ᱯᱷᱟᱨᱢᱟᱥᱭ ᱚᱠᱟᱨᱮ ᱢᱮᱱᱟᱜᱼᱟ?
उसे इस बात की चिंता नहीं थी कि भविष्य में क्या होगा ।	ᱩᱱᱤᱫᱚ ᱟᱡ ᱟᱭᱳ ᱟᱨ ᱜᱤᱫᱨᱟᱹ ᱟᱜ ᱟᱜᱟᱢ ᱨᱮᱭᱟᱜ ᱡᱮᱜᱮᱛᱟᱹᱨᱤᱭᱟᱹ ᱥᱩᱠ ᱤᱫᱤᱠᱟᱛᱮᱜ ᱩᱭᱦᱟᱹᱨ ᱨᱮ ᱵᱟᱭ ᱛᱟᱸᱦᱮᱠᱟᱱᱟ ᱟᱨ ᱩᱱᱠᱩ ᱴᱷᱮᱱ ᱟᱹᱰᱤ ᱵᱟᱹᱲᱛᱤ ᱜᱮ ᱥᱟᱱᱟᱢᱟᱜ ᱛᱟᱸᱦᱮᱠᱟᱱᱟ ᱟᱨ ᱩᱱᱠᱩᱫᱚ ᱱᱤᱨᱟᱹᱭ ᱨᱮᱠᱚ ᱛᱟᱸᱦᱮᱠᱟᱱᱟ ᱾
इस बीच, लारी दो यूरोपीय कोर जीत लेती है और सात एशियाई कोर जीत लेती है ।	ᱱᱚᱝᱠᱟᱞᱮᱠᱟᱛᱮ, ᱞᱟᱦᱤᱲᱤ ᱫᱚ ᱵᱟᱨᱭᱟ ᱤᱭᱳᱨᱳᱯᱤᱭᱟᱱ ᱴᱩᱨ ᱟᱨ ᱮᱭᱟᱭᱜᱚᱴᱟᱝ ᱮᱥᱤᱭᱟᱱ ᱴᱩᱨᱮ ᱡᱤᱛᱠᱟᱹᱨᱟᱠᱟᱱᱟ ᱾
मैंने अभी अपना खाता जांचा और उसमें एक बड़ी, अनधिकृत निकासी हुई है। क्या चल रहा है? क्या मेरा पैसा सुरक्षित है?	ᱤᱧ ᱢᱤᱫ ᱜᱷᱟᱹᱲᱤ ᱞᱟᱦᱟᱜᱮ ᱤᱧᱟᱜ ᱮᱠᱟᱣᱩᱱᱴᱤᱧ ᱪᱮᱠ ᱟᱠᱟᱫᱟ ᱟᱨ ᱚᱸᱰᱮ ᱢᱤᱫᱴᱟᱝ ᱟᱹᱰᱤ ᱢᱟᱨᱟᱝ , ᱪᱷᱟᱹᱲ ᱵᱟᱝ ᱮᱢᱟᱱ ᱠᱟᱣᱰᱤ ᱦᱟᱛᱟᱣ ᱦᱩᱭ ᱟᱠᱟᱱᱟ ᱾ ᱪᱮᱫ ᱦᱩᱭᱩᱜ ᱠᱟᱱᱟ ? ᱤᱧᱟᱜ ᱠᱟᱹᱣᱰᱤ ᱫᱚ ᱪᱮᱫ ᱱᱤᱨᱟᱹᱭ ᱜᱮᱭᱟ ?
अकिता का क्षेत्र देवा प्रांत और मुत्सु प्रांत से बनाया गया था।	ᱟᱠᱤᱛᱟ ᱴᱚᱴᱷᱟ ᱫᱚ ᱫᱮᱣᱟ ᱯᱨᱚᱫᱮᱥ ᱟᱨ ᱢᱩᱛᱥᱩ ᱯᱨᱚᱫᱮᱥ ᱠᱷᱚᱱ ᱵᱮᱱᱟᱣ ᱦᱩᱭ ᱞᱮᱱᱟ ᱾
मैं आपकी कमर पर एक नियमित ग्राहक हूँ, आप उस के साथ जांच कर सकते हैं.	ᱤᱧᱫᱚ ᱟᱢᱟᱜ ᱯᱷᱟᱨᱢ ᱨᱮᱱ ᱫᱤᱱᱟᱹᱢ ᱜᱟᱦᱟᱠ ᱠᱟᱹᱱᱟᱹᱧ, ᱟᱢ ᱱᱚᱶᱟᱛᱮᱢ ᱵᱤᱰᱟᱹᱣ ᱫᱟᱲᱮᱭᱟᱜᱼᱟ ᱾
एस्टन एथलेटिक यूनियन विश्वविद्यालय के खेल क्लबों का समर्थन करता है।	ᱮᱥᱴᱚᱱ ᱮᱛᱷᱮᱞᱮᱴᱤᱠ ᱤᱭᱩᱱᱤᱭᱚᱱ ᱫᱚ ᱡᱮᱜᱮᱫ ᱵᱤᱫᱽᱫᱟᱹᱜᱟᱲ ᱨᱮᱭᱟᱜ ᱥᱯᱳᱨᱴᱥ ᱠᱞᱟᱵᱽ ᱠᱚᱭ ᱜᱚᱲᱚ ᱟᱠᱚᱣᱟ ᱾
मुझे मदद चाहिए	ᱤᱧ ᱜᱚᱲᱚ ᱞᱟᱹᱠᱛᱤᱭᱟᱹᱧ ᱠᱟᱱᱟ
साहित्य की कला की परिभाषा क्या है?	ᱥᱟᱶᱦᱮᱫ ᱠᱟᱹᱨᱤ ᱨᱮᱭᱟᱜ ᱯᱟᱹᱱᱟᱹᱨᱥᱤ ᱪᱮᱫ ᱠᱟᱱᱟ ?
ᱟᱢ ᱪᱮᱫ ᱞᱮᱠᱟ ᱢᱮᱱᱟᱢᱟ?	आप कैसे हैं?
जिन विद्यार्थियों को अपनी पिछली अंतिम जाँच में कम - से - कम ५०% या बराबर संख्या मिली है, वे एक ज्ञानवादी के लिए योग्य साबित होंगे ।	ᱯᱟᱹᱴᱷᱣᱟᱹᱠᱩ ᱡᱟᱦᱟᱸᱭ ᱟᱠᱩᱣᱟᱜ ᱞᱟᱦᱟᱱ ᱢᱩᱪᱟᱹᱫᱽ ᱵᱤᱰᱟᱹᱣᱨᱮ ᱠᱚᱢᱠᱟᱭᱛᱮ ᱕᱐% ᱥᱮ ᱚᱱᱟ ᱥᱚᱢᱟᱱ ᱜᱨᱮᱰᱠᱩ ᱧᱟᱢᱟᱠᱟᱫᱟ ᱩᱝᱠᱩ ᱜᱤ ᱥᱠᱚᱞᱟᱨᱥᱤᱯ ᱞᱟᱹᱜᱤᱫᱽᱠᱩ ᱡᱳᱜᱢᱟᱱᱼᱟ ᱾
मेरे पास दस शब्द हैं।	ᱤᱧ ᱴᱷᱮᱱ ᱜᱮᱞ ᱜᱚᱴᱟᱝ ᱥᱚᱵᱚᱫ ᱢᱮᱱᱟᱜᱼᱟ ᱠᱚᱣᱟ।
उन्नीस	ᱜᱮᱞ ᱱᱟᱭ
बच्चों को शास्त्रीय संगीत सीखना चाहिए, मेरी राय में ।	ᱤᱧᱟᱹᱜ ᱢᱮᱱᱛᱮ ᱫᱚ ᱞᱮᱴᱠᱟ ᱠᱚ ᱥᱟᱥᱛᱚᱨ ᱥᱮᱹᱨᱮᱹᱧ ᱥᱮᱬᱟ ᱟᱠᱚ ᱞᱟᱹᱠᱛᱤ ᱠᱟᱱᱟ ᱾
यह तुम्हें बदल जाएगा.	ᱱᱚᱶᱟᱫᱚ ᱟᱢᱮ ᱵᱚᱫᱚᱞ ᱢᱮᱭᱟ ᱾
ᱟᱭᱢᱟ ᱥᱟᱨᱦᱟᱣ	धन्यवाद
उनके नीचे और भी मीडिया का आकार होता है जो माध्यम के आकार में शिकार खाते हैं, जिसमें खरगोश से लेकर हरिणियों और हरिण तक का शिकार होता है ।	ᱩᱱᱠᱩ ᱞᱟᱛᱟᱨ ᱨᱮ ᱰᱷᱮᱨ ᱢᱟᱫᱷᱭᱚᱢ ᱢᱟᱯ ᱨᱮᱭᱟᱜ ᱯᱩᱥᱤ ᱠᱚ ᱛᱟᱦᱮᱸᱱ ᱠᱟᱱᱟ ᱡᱟᱦᱟᱸᱭ ᱫᱚ ᱠᱷᱩᱞᱟᱹᱭ ᱴᱷᱮᱱ ᱠᱷᱚᱱ ᱤᱫᱤ ᱟᱛᱮᱫ ᱢᱨᱩᱜᱽ ᱟᱨ ᱥᱮᱞᱮᱵ ᱫᱷᱟᱹᱵᱤᱡ ᱨᱤᱱ ᱢᱟᱫᱷᱭᱟᱢ ᱢᱟᱯ ᱦᱤᱥᱟᱹᱵ ᱛᱮ ᱥᱤᱠᱟᱨ ᱮ ᱡᱚᱢ ᱮ ᱠᱟᱱᱟᱭ᱾
वाह रे वाह! मुझे कभी उम्मीद नहीं थी कि यह जगह इतनी सम्मोहक कॉफी परोस सकती है।	ᱵᱟᱦ ᱨᱮ ᱵᱟᱦ ! ᱤᱧ ᱫᱚ ᱛᱤᱥ ᱦᱚᱸ ᱵᱟᱹᱧ ᱟᱥᱟᱣᱟᱠᱟᱱ ᱛᱟᱦᱮᱠᱟᱱᱟ ᱡᱮ ᱱᱚᱣᱟ ᱡᱟᱭᱜᱟ ᱨᱮ ᱱᱚᱝᱠᱟᱱ ᱨᱚᱢᱚᱡᱟᱱᱟᱜ ᱠᱚᱯᱷᱤ ᱠᱩ ᱮᱢ ᱫᱟᱲᱮᱭᱟᱜᱼᱟ ᱢᱮᱱᱛᱮ ᱾
वे लीमाट में लिखे गए और पीढ़ी - दर - पीढ़ी या उनकी पीढ़ी में से चले गए ।	ᱱᱚᱶᱟ ᱠᱚᱫᱚ ᱥᱚᱝᱥᱠᱨᱤᱛ ᱯᱟᱹᱨᱥᱤᱛᱮ ᱚᱞ ᱦᱩᱭᱞᱮᱱᱟ ᱟᱨ ᱛᱷᱩᱛᱤ ᱞᱮᱠᱟᱛᱮ ᱯᱤᱲᱦᱤ ᱠᱷᱚᱱ ᱯᱤᱲᱦᱤᱨᱮ ᱵᱚᱫᱚᱞ ᱦᱩᱭ ᱟᱠᱟᱱᱟ ᱿
यह Aanth है. आप कुछ पहचान की आवश्यकता होगी?	ᱱᱚᱶᱟ ᱫᱚ ᱚᱱᱚᱛᱷ ᱾ ᱟᱢᱟᱜ ᱡᱟᱦᱟᱱᱟᱜ ᱪᱤᱱᱦᱟᱹᱭ ᱨᱮᱭᱟᱜ ᱞᱟᱹᱠᱛᱤ ᱠᱟᱱᱟ ?
हालाँकि जापान आम तौर पर चावल में खुद को थका देता है (लेकिन इसके इस्तेमाल के लिए चावल और पकाई चीज़ें बनाने में और गेहूँ बनाने के अलावा, देश को अन्य अनाज और अनाज की फसलों के बारे में लगभग ५० प्रतिशत आयात करना चाहिए और अपने आधे भोजन के लिए निर्भर करता है).	ᱪᱟᱣᱞᱤ (ᱪᱟᱣᱞᱤ ᱨᱮᱱᱟᱜ ᱯᱟᱯᱚᱲ ᱟᱨ ᱠᱟᱹᱢᱤ ᱦᱚᱨᱟ ᱨᱮᱭᱟᱜ ᱡᱚᱢ ᱵᱮᱱᱟᱣ ᱪᱷᱟᱰᱟ) ᱟᱨ ᱜᱩᱦᱩᱢ ᱴᱷᱟᱣᱨᱮ ᱡᱟᱯᱟᱱ ᱟᱯᱱᱟᱨᱟᱜ ᱯᱮᱨᱮᱡ ᱯᱩᱨᱟᱱ ᱦᱩᱭᱩᱜᱼᱟ, ᱮᱴᱟᱜ ᱡᱟᱝ ᱟᱨ ᱡᱤᱭᱟᱞᱤ ᱡᱚᱢᱟᱜ ᱪᱟᱥ ᱚᱨᱡᱚ ᱞᱟᱹᱠᱛᱤᱭᱟᱱ ᱕᱐% ᱫᱤᱥᱚᱢᱨᱮ ᱠᱚ ᱵᱟᱹᱱᱤᱡ ᱟᱹᱜᱩ ᱟ, ᱟᱨ ᱟᱫᱷᱟ ᱡᱤᱞ ᱡᱳᱜᱟᱣ ᱞᱟᱹᱜᱤᱫ ᱵᱟᱹᱱᱤᱡ ᱟᱜᱩ ᱪᱮᱛᱟᱱ ᱨᱮ ᱴᱮᱦᱟᱴ ᱟᱭ᱾
यद्यपि यह एक छुट्टी क्यों है?	ᱢᱮᱱᱠᱷᱟᱱ ᱪᱷᱩᱴᱤ ᱫᱚ ᱪᱮᱫᱽ ᱞᱟᱹᱜᱤᱫᱽ ?
रोसिदी ने सुंडानी संस्कृति के साथ-साथ इंडोनेशिया की अन्य संस्कृतियों को संरक्षित करने के लिए काम किया।	ᱨᱳᱥᱤᱫᱤ ᱥᱩᱫᱟᱱᱤᱡ ᱫᱚ ᱞᱟᱠᱪᱟᱨ ᱥᱟᱶ ᱥᱟᱶᱛᱮ ᱤᱱᱫᱳᱱᱮᱥᱤᱭᱟ ᱨᱮᱭᱟᱜ ᱮᱴᱟᱜ ᱮᱴᱟᱜ ᱞᱟᱠᱪᱟᱨ ᱡᱚᱜᱟᱣᱡᱚᱛᱚᱱ ᱨᱮᱭᱟᱜ ᱮ ᱠᱟᱹᱢᱤ ᱟᱠᱟᱫᱟ ᱾
एक, एक वैध सबूत है कि कंपनी मौजूद है.	ᱢᱤᱫ, ᱢᱤᱫᱴᱟᱝ ᱥᱟᱹᱨᱤ ᱥᱟᱹᱵᱩᱫᱽ ᱡᱮ ᱠᱳᱢᱯᱟᱱᱤ ᱢᱮᱱᱟᱜᱼᱟ ᱾
ᱮᱭᱟᱭ	सात
इस गतिशील परिवहन में हर किसी के साथ जुड़ा हुआ है, और समर्थन, निजी कारों पर आधारित एक परिवहन प्रणाली।	ᱱᱚᱣᱟ ᱪᱟᱹᱞᱩᱣᱟᱠᱟᱱ ᱯᱚᱨᱤᱵᱚᱦᱚᱱ ᱥᱚᱴᱚᱞ ᱨᱮ ᱡᱚᱛᱚ ᱦᱚᱲ ᱡᱟᱦᱟᱸᱱᱟᱜ ᱵᱟᱝ ᱡᱟᱦᱟᱸᱱᱟᱜ ᱞᱮᱠᱟᱛᱮ ᱡᱚᱲᱟᱣ ᱟᱠᱟᱱᱟ, ᱟᱨ ᱱᱤᱡᱮᱭᱟᱜ ᱠᱟᱨ ᱢᱩᱬ ᱛᱮ ᱯᱚᱨᱤᱵᱚᱦᱚᱱ ᱯᱨᱚᱱᱟᱞᱤ ᱥᱚᱢᱚᱨᱛᱷᱚᱱ ᱮᱫ-ᱟᱠᱚI
मेरे पास पंद्रह किताब हैं।	ᱤᱧ ᱴᱷᱮᱱ ᱜᱮᱞ ᱢᱚᱬᱮ ᱜᱚᱴᱟᱝ ᱯᱚᱛᱚᱢ ᱢᱮᱱᱟᱜᱼᱟ ᱠᱚᱣᱟ।
जब भी मैं नाचता हूँ तो हर कोई हमेशा मेरा मज़ाक उड़ाता है।	ᱤᱧ ᱮᱱᱮᱡ ᱞᱮᱱᱠᱷᱟᱱ ᱡᱚᱛᱚ ᱦᱚᱲ ᱤᱧ ᱠᱚ ᱢᱚᱡᱟᱭᱤᱧᱟ ᱾
गेर्स विभाग के एरोन्डिसमेंट: गेर्स विभाग में 3 एरोन्डिसमेंट हैं।	ᱜᱮᱨᱚᱥ ᱛᱷᱚᱱᱚᱛ ᱨᱮ ᱥᱟᱡᱟᱣᱟᱠᱟᱱ ᱵᱚᱱᱫᱮᱡ ᱫᱚ ᱜᱮᱨᱚᱥ ᱛᱷᱚᱱᱚᱛ ᱨᱮ ᱓ ᱭᱟ ᱮᱹᱨᱳᱱᱰᱤᱥᱢᱮᱱᱴ ᱢᱮᱱᱟᱜᱼᱟ ᱾
तो फिर, जानकारी के लिए धन्यवाद.	ᱴᱷᱤᱠ ᱜᱮᱭᱟ ᱛᱟᱦᱚᱞᱮ, ᱠᱷᱚᱵᱚᱨ ᱞᱟᱹᱜᱤᱫ ᱛᱮᱫᱚ ᱟᱢ ᱥᱟᱨᱦᱟᱣ ᱾
लोग इन बातों के बारे में इतना विश्‍वस्त कैसे हैं?	ᱱᱚᱣᱟᱠᱩ ᱫᱩᱨᱤᱵᱽᱨᱮ ᱢᱟᱹᱱᱢᱤ ᱪᱮᱠᱟᱛᱮ ᱱᱩᱱᱟᱹᱜ ᱫᱤᱞᱜᱟᱹᱨᱤᱭᱟᱭ ᱦᱩᱭ ᱫᱟᱲᱮᱭᱟᱜᱼᱟ ?
वेतन 10 साल से मासिक होता है ।	ᱯᱮᱟᱣᱩᱴ ᱠᱚ ᱫᱚ ᱪᱟᱸᱫᱚ ᱯᱤᱪᱷᱤ ᱑᱐ ᱥᱮᱨᱢᱟ ᱨᱮᱭᱟᱜ ᱠᱟᱱᱟ ᱾
हम नहीं जानते कि क्या हो सकता है ।	ᱟᱞᱮ ᱵᱟᱝᱜᱤᱞᱮ ᱵᱟᱰᱟᱭᱟ ᱪᱮᱫ ᱦᱩᱭ ᱫᱟᱲᱮᱭᱟᱜᱼᱟ ᱾
भारत का बीओनी रीक्लिनल रिपोशन्‌ (यू. आई.) भारत में जीव - रसायनिक उत्पादनों के प्रयोग के लिए एक प्रस्ताव है ।	ᱵᱟᱭᱳᱴᱮᱠᱱᱳᱞᱚᱡᱤ ᱨᱮᱜᱩᱞᱮᱴᱚᱨᱤ ᱚᱛᱷᱚᱨᱤᱴᱤ ᱚᱯᱷ ᱤᱱᱰᱤᱭᱟ (ᱵᱤ.ᱟᱨ.ᱮ.ᱟᱭ) ᱫᱚ ᱵᱷᱟᱨᱚᱛ ᱨᱮᱭᱟᱜ ᱡᱤᱵᱤᱭᱟᱹᱞᱟᱜᱟᱱᱠᱟᱹᱨᱤ ᱫᱟᱨᱟᱭᱛᱮ ᱵᱮᱱᱟᱜᱽᱠᱟᱱ ᱫᱩᱨᱤᱵᱠᱩ ᱡᱮᱞᱮᱠᱟᱟ, ᱡᱤᱱᱞᱮᱠᱟᱛᱮ ᱯᱷᱮᱨᱟᱜᱽᱠᱟᱱ ᱡᱤᱭᱟᱹᱞᱤ (ᱡᱤ.ᱮᱢ.ᱳ) ᱵᱮᱵᱚᱦᱟᱨ ᱨᱮᱭᱟᱜ ᱢᱤᱫᱴᱟᱝ ᱠᱟᱛᱷᱟᱮᱢᱟᱠᱟᱱ ᱱᱤᱭᱚᱱᱛᱨᱚᱠ ᱥᱚᱝᱚᱥᱛᱷᱟ ᱠᱟᱱᱟ ᱾
कई बॉलीवुड अभिनेताओं को माफिया द्वारा कार्यक्रमों में प्रस्तुति देने के लिए मजबूर किया जाता है।	ᱵᱚᱞᱤᱭᱩᱰ ᱨᱮᱱ ᱟᱭᱢᱟ ᱯᱟᱴᱷᱚᱠᱤᱭᱟᱹ ᱜᱮ ᱢᱟᱯᱷᱤᱭᱟ ᱠᱚ ᱫᱟᱨᱟᱭᱛᱮ ᱟᱠᱷᱲᱟ ᱨᱮ ᱯᱟᱴᱷ ᱞᱟᱹᱜᱤᱫ ᱠᱚ ᱵᱚᱲᱦᱮ ᱞᱮᱫ ᱠᱚᱣᱟ ᱾
प्रीमियम को नियमित रूप से हर साल, आधा वर्ष, चौथाई या मासिक अंतराल में भुगतान किया जा सकता है.	ᱯᱨᱤᱢᱤᱭᱟᱢ ᱫᱚ ᱱᱤᱭᱟᱹᱢ ᱞᱮᱠᱟᱛᱮ ᱥᱮᱨᱢᱟᱠᱤᱭᱟᱹ, ᱛᱟᱞᱟ ᱥᱮᱨᱢᱟᱠᱤᱭᱟᱹ, ᱯᱮ ᱪᱟᱸᱫᱩᱠᱤᱭᱟᱹ ᱥᱮ ᱪᱟᱸᱫᱩᱠᱤᱭᱟᱹ ᱛᱟᱞᱟᱢᱟᱞᱟᱨᱮ ᱮᱢᱚᱜᱚᱜᱼᱟ ᱾
अगर 5 पाना मुश्‍किल है तो क्या आप 2 को कम - से - कम कोशिश कर सकते हैं?	᱕ ᱜᱚᱴᱮᱡᱽ ᱧᱟᱢ ᱢᱩᱥᱠᱤᱞ ᱦᱩᱭᱩᱜ ᱠᱷᱟᱱ, ᱠᱚᱢᱼᱥᱮᱼᱠᱚᱢ ᱵᱟᱨᱮᱭᱟᱢ ᱒ ᱧᱟᱢ ᱫᱟᱲᱮᱭᱟᱹᱧᱟ ?
यह एक कोशिका है जो अपने आप को एक संकेत भेजता है कि एक अणु को गुप्त करके, जो अपनी सतह पर एक कवर बाँधता है, अपने आप को एक संकेत भेजता है ।	ᱟᱭᱴᱳᱠᱨᱟᱭᱤᱱ ᱦᱩᱭᱩᱜ ᱠᱟᱱᱟ ᱢᱤᱫᱴᱟᱝ ᱠᱳᱥ ᱡᱟᱦᱟᱸ ᱢᱤᱫᱴᱟᱝ ᱚᱱᱩ ᱩᱰᱩᱜ ᱠᱟᱛᱮ ᱱᱤᱡᱮᱜᱮ ᱪᱤᱱᱦᱟᱹᱭ ᱠᱩᱞᱟ ᱡᱟᱦᱟᱸ ᱩᱱᱤᱭᱟᱜ ᱫᱮᱭᱟ ᱪᱮᱛᱟᱱ ᱨᱮ ᱨᱤᱥᱮᱯᱴᱚᱨ ᱥᱟᱶᱛᱮ ᱵᱚᱱᱫᱷᱚᱠ ᱛᱟᱦᱮᱸᱱᱟ ᱾
सभी ने हाल ही में एक आम वैक्सीन का प्रयोग किया है स्थानीय और सामान्य प्रतिक्रिया (अभिकता, रोग, तीव्रपन, और बुखार में), और १% प्राप्तकर्ताओं के बारे में गंभीर प्रतिकूल प्रतिक्रिया प्रकट होती है ।	ᱱᱮᱛᱟᱨ ᱵᱮᱣᱦᱟᱨᱚᱜ ᱠᱟᱱ ᱡᱷᱚᱛᱚ ᱮᱹᱱᱛᱷᱨᱟᱠᱥ ᱴᱤᱠᱟᱹ ᱜᱮ ᱯᱨᱟᱭ ᱑% ᱦᱟᱛᱟᱣ ᱠᱚᱴᱷᱮᱱ ᱜᱮ ᱛᱷᱟᱹᱱᱤᱛ ᱟᱨ ᱥᱟᱫᱷᱟᱨᱚᱱ ᱚᱨᱥᱚᱝ (ᱮᱨᱤᱛᱷᱤᱢᱟ, ᱦᱟᱨᱛᱟ ᱠᱮᱴᱮᱡᱚᱜ, ᱦᱟᱥᱩ ᱟᱨ ᱨᱩᱣᱟᱹ), ᱟᱨ ᱟᱹᱰᱤ ᱵᱟᱹᱲᱤᱡ ᱚᱨᱥᱚᱝ ᱮ ᱩᱫᱩᱜᱼᱟ ᱾
मेरे द्वारा सब कुछ बताए जाने के बाद, क्या आप सचमुच जल्द ही नया सिलेंडर मिलने की उम्मीद करते हैं? (गैस एजेंसी प्रतिनिधि)।	ᱢᱩᱪᱟᱹᱫ ᱫᱷᱟᱣᱤᱧ ᱢᱮᱛᱟᱢ ᱠᱟᱱᱟ, ᱟᱢ ᱠᱤ ᱥᱟᱹᱨᱤᱜᱮ  ᱞᱚᱜᱚᱱ  ᱢᱤᱫᱴᱟᱝ ᱱᱟᱶᱟ ᱥᱤᱞᱤᱱᱰᱟᱨ ᱧᱟᱢ ᱨᱮᱭᱟᱜ ᱮᱢ ᱩᱭᱦᱟᱹᱨ ᱮᱫᱟ? (ᱜᱮᱥ ᱮᱡᱮᱱᱥᱤ ᱨᱮᱱ ᱨᱟᱹᱥᱤᱭᱟᱹ)
मैं अपने दोस्त सिरिल को इस व्यंजन के बारे में बताता हूँ.	ᱮᱱᱦᱚᱸ, ᱤᱧ ᱤᱧᱨᱮᱱ ᱜᱟᱛᱮ ᱥᱤᱨᱤᱞ ᱱᱚᱶᱟ ᱡᱚᱢᱟᱜ ᱵᱟᱨᱮᱛᱮᱧ ᱞᱟᱹᱭ ᱟᱭᱟ ᱾
मुझे समझ नहीं आता कि कोई नेता 10,000 लोगों को निकालने के बाद खुद को 200% वेतन वृद्धि कैसे दे सकता है।	ᱤᱧ ᱫᱚ ᱵᱟᱹᱧ ᱵᱟᱰᱟᱭᱟ ᱡᱮ ᱑᱐,᱐᱐᱐ ᱦᱚᱲ ᱠᱚ ᱪᱟᱞᱟᱣ ᱦᱚᱪᱚ ᱛᱟᱭᱚᱢ ᱪᱮᱫ ᱞᱮᱠᱟᱛᱮ ᱱᱤᱡᱮ ᱒᱐᱐% ᱵᱟᱹᱰ ᱫᱟᱲᱮᱭᱟᱜᱼᱟ ᱾
मैं अपने सामने वाले व्यक्ति को थप्पड़ मारने से खुद को रोकने के लिए अपने दाँत पीस रहा था और मुट्ठी भींच रहा था।	ᱤᱧ ᱤᱧᱟᱹᱜ ᱥᱟᱢᱟᱝ ᱨᱮ ᱢᱮᱱᱟᱭ ᱦᱚᱲ ᱪᱮᱴᱟᱜ ᱠᱷᱚᱱ ᱴᱮᱠᱟᱣ ᱞᱟᱹᱜᱤᱫᱛᱮ ᱤᱧ ᱤᱧᱟᱹᱜ ᱰᱟᱴᱟᱧ ᱨᱟᱴᱨᱟᱴᱟᱣ ᱮᱫ ᱛᱟᱦᱮᱸ ᱟᱨ ᱤᱧᱟᱹᱜ ᱛᱤ ᱪᱩᱯᱩᱫ ᱤᱧ ᱠᱮᱴᱮᱡ ᱮᱫ ᱛᱟᱦᱮᱸ ᱾
इस में वे कौन - सा तेल इस्तेमाल करते हैं?	ᱱᱚᱶᱟᱨᱮ ᱩᱱᱠᱩ ᱪᱮᱫ ᱥᱩᱱᱩᱢ ᱠᱚ ᱵᱮᱣᱦᱟᱨᱟ ?
जो गुण अलग - अलग किस्म के होते हैं, वे शायद अलग - अलग भाषाएँ, भाषा, धर्म, राजनैतिक, लैंगिक, फूट, या अलग - अलग किस्म के गुण हों ।	ᱢᱤᱫ ᱪᱟᱸᱜᱟ ᱞᱟᱠᱪᱟᱨ ᱵᱷᱮᱯᱮᱜᱮᱫ ᱞᱮᱠᱟᱛᱮᱭ ᱴᱷᱟᱹᱣᱠᱟᱹ ᱞᱟᱹᱜᱤᱫ ᱯᱟᱹᱱᱟᱹᱨᱥᱤᱭᱟᱹ, ᱮᱥᱛᱷᱮᱴᱤᱠ, ᱫᱷᱚᱨᱚᱢᱤᱭᱟᱹ, ᱨᱟᱡᱽᱟᱹᱨᱤ, ᱡᱟᱝᱟᱱ, ᱚᱛᱱᱚᱠᱤᱭᱟᱹ, ᱟᱨ ᱱᱟᱱᱟᱼᱦᱩᱱᱟᱹᱨ ᱠᱟᱨᱚᱱ ᱨᱮᱭᱟᱜ ᱢᱮᱥᱟᱞ ᱦᱩᱭ ᱫᱟᱲᱮᱭᱟᱜᱼᱟ᱾
वे नैशनल संग्रहालय दिल्ली, भारतीय संग्रहालय कोकाना, और सरकारी संग्रहालय कनेई हैं ।	ᱚᱱᱟ ᱠᱚᱫᱚ ᱱᱮᱥᱚᱱᱟᱞ ᱢᱤᱣᱩᱡᱤᱭᱟᱢ ᱫᱤᱞᱞᱤ, ᱤᱱᱰᱤᱭᱟᱱ ᱢᱤᱣᱩᱡᱤᱭᱟᱢ ᱠᱳᱞᱠᱟᱛᱟ, ᱟᱨ ᱜᱳᱵᱷᱚᱨᱢᱮᱱᱴ ᱢᱤᱣᱩᱡᱤᱭᱟᱢ ᱪᱮᱱᱱᱟᱭ ᱾
खेल में, मनुष्यों को एलियंस के आक्रमण से बचना होता है।	ᱠᱷᱮᱞᱳᱰ ᱨᱮ, ᱢᱟᱹᱱᱢᱤ ᱱᱤᱦᱟᱹᱛᱜᱮ ᱮᱞᱤᱭᱮᱱ ᱠᱚᱣᱟᱜ ᱡᱟᱨᱯᱟ ᱠᱷᱚᱱ ᱵᱟᱧᱪᱟᱜ ᱦᱩᱭᱩᱜ ᱛᱟᱠᱚᱣᱟ ᱾
प्रत्येक पीढ़ी के साथ दो पूलों के बीच का अंतर तथा रीग्रेसन और रीग्रेसन परिवर्तन.	ᱡᱷᱚᱛᱚ ᱯᱤᱰᱷᱤ ᱥᱟᱶ ᱵᱟᱨᱭᱟ ᱯᱩᱞ ᱛᱟᱞᱟ ᱨᱮ ᱥᱮᱜᱽᱨᱮᱜᱮᱥᱚᱱ ᱟᱨ ᱨᱤᱠᱚᱢᱵᱤᱱᱮᱥᱚᱱ ᱯᱷᱮᱨ ᱵᱚᱫᱚᱞ ᱚᱰᱚᱠᱚᱜᱼᱟ᱾
GAL भी मिस्र में दो गैस कंपनियों में एक निर्दोष साथी है, अर्थात्‌ Fayum कंपनी (FGC) और राष्ट्रीय गैस कंपनी (Nagagss) ।	ᱜᱮᱭᱤᱞ ᱫᱚ ᱢᱤᱥᱚᱨ ᱨᱮᱭᱟᱜ ᱵᱟᱨᱭᱟ ᱜᱮᱹᱥ ᱜᱟᱶᱛᱟ, ᱢᱤᱩᱞᱚᱛᱚ ᱯᱷᱟᱭᱩᱢ ᱜᱮᱹᱥ ᱠᱳᱢᱯᱟᱱᱤ (ᱮᱯᱷ ᱡᱤ ᱥᱤ) ᱟᱨ ᱱᱮᱥᱚᱱᱟᱞ ᱜᱮᱹᱥ ᱠᱳᱢᱯᱟᱱᱤ (ᱱᱮᱹᱴᱜᱮᱹᱥ)ᱼ ᱨᱮᱭᱟᱜ ᱢᱤᱫᱴᱟᱝ ᱤᱠᱩᱭᱴᱤ ᱵᱷᱟᱹᱜᱤᱫᱟᱨ ᱠᱟᱱᱟᱭ ᱾
कुछ जानवरों को, जैसे कि हाथी और हाथी, हाथी और हाथी, कार और मानक उपकरण के निकट जाते हैं, अच्छी तरह से देखने की अनुमति दी जाएगी ।	ᱛᱤᱱᱟᱹᱜ ᱜᱟᱱ ᱡᱤᱣ, ᱡᱮᱞᱠᱟ ᱦᱟᱹᱛᱤ ᱟᱨ ᱡᱤᱨᱟᱯᱷ, ᱠᱟᱨ ᱟᱨ ᱢᱟᱱᱚᱠ ᱩᱯᱠᱚᱨᱚᱬ ᱨᱮᱭᱟᱜ ᱥᱩᱨ ᱛᱮ ᱥᱮᱴᱮᱨ ᱠᱟᱹᱜᱤᱫ ᱵᱮᱥ ᱪᱚᱨᱚᱠ ᱛᱮ ᱧᱮᱞ ᱞᱟᱹᱜᱤᱫ ᱟᱫᱮᱨ ᱧᱟᱢ ᱦᱩᱭᱩᱜᱼᱟ᱾
कैलिफ़ोर्निया के राज्यपाल अर्नाल्ड श्‍नेल ने कानून के तहत एक बिल पर दस्तखत किए जिसमें वीडियो गेमों की बिक्री पर पाबंदी लगा दी गयी थी ।	ᱠᱮᱞᱤᱯᱷᱚᱨᱱᱤᱭᱟ ᱨᱤᱱᱤᱡ ᱜᱚᱣᱟᱹᱨᱱᱟᱹᱨ ᱟᱨᱱᱚᱞᱰ ᱥᱣᱟᱡᱽᱱᱮᱜᱚᱨ ᱫᱚ ᱠᱟᱹᱱᱩᱱ ᱨᱮ ᱢᱤᱫ ᱵᱚᱫᱚᱞ ᱠᱟᱛᱮ ᱥᱩᱦᱤ ᱮᱢ ᱠᱮᱜᱼᱟᱭ ᱚᱠᱟ ᱫᱚ ᱦᱚᱯᱚᱱ ᱜᱤᱫᱽᱲᱟᱹ ᱠᱚ ᱦᱤᱝᱥᱟᱹ ᱣᱤᱰᱤᱭᱚ ᱠᱷᱮᱞ ᱨᱮᱭᱟᱜ ᱵᱤᱠᱨᱤ ᱟᱨ ᱵᱟᱝ ᱵᱷᱟᱲᱟ ᱪᱮᱛᱟᱱ ᱨᱮ ᱵᱚᱫ ᱞᱟᱜᱟᱣᱟᱭ᱾
मेरे पास बाईस बच्चा हैं।	ᱤᱧ ᱴᱷᱮᱱ ᱠᱩᱲᱤ ᱵᱟᱨ ᱜᱚᱴᱟᱝ ᱜᱤᱫᱽᱨᱟᱹ ᱢᱮᱱᱟᱜᱼᱟ ᱠᱚᱣᱟ।
उत्तरी मरियाना को आपातकालीन प्रबंधन कार्यालय ने कहा कि उस देश में कोई नुकसान नहीं हुआ है ।	ᱱᱚᱨᱛᱷ ᱢᱟᱨᱟᱭᱤᱱᱥ ᱮᱢᱟᱹᱨᱡᱮᱱᱥᱭ ᱢᱮᱱᱮᱡᱢᱮᱱᱴ ᱚᱯᱷᱤᱥ ᱮ ᱢᱮᱱ ᱠᱮᱜᱼᱟᱭ ᱫᱤᱥᱚᱢ ᱫᱚ ᱵᱟᱭ ᱦᱟᱹᱱ ᱠᱟᱱᱟ᱾
इस बात को ध्यान में रखते हुए कि किस हद तक आर्थिक संपत्ति जमा की जा सकती है, कम - से - कम बाज़ार के पास ही बेच दी जा सकती है ।	ᱞᱮᱦᱮ ᱢᱮᱱᱛᱮᱫᱚᱭ ᱵᱤᱡᱷᱟᱹᱣᱟ ᱡᱮ ᱠᱟᱹᱣᱰᱤᱭᱟᱱᱟᱜ ᱫᱷᱚᱱᱠᱩ ᱠᱷᱟᱴᱚ ᱱᱳᱴᱤᱥ ᱛᱮᱜᱤ ᱯᱩᱨᱟᱹ ᱵᱟᱡᱟᱨ ᱫᱚᱨ ᱨᱮᱭᱟᱜ ᱥᱩᱨᱥᱩᱯᱩᱨ ᱨᱮ ᱟᱹᱠᱷᱨᱤᱧ ᱦᱩᱭ ᱫᱟᱲᱮᱭᱟᱜᱼᱟ ᱾
अन्यथा, यह आसानी से हमें पेट भरने और जैसे रोगों का कारण हो सकता है.	ᱟᱨ ᱵᱟᱝᱠᱷᱟᱱ, ᱱᱚᱶᱟᱫᱚ ᱟᱞᱜᱟ ᱛᱮᱜᱮ ᱟᱞᱮᱭᱟᱜ ᱞᱟᱡ ᱦᱟᱥᱳ ᱟᱨ ᱰᱟᱭᱨᱤᱭᱟ ᱞᱮᱠᱟᱱ ᱨᱩᱣᱟᱹ ᱨᱮᱭᱟᱜ ᱚᱡᱮ ᱦᱩᱭ ᱠᱚᱜᱼᱟ ᱾
इसका स्वामित्व अलास्का की राज्य सरकार के पास है।	ᱱᱚᱶᱟ ᱫᱚ ᱟᱞᱟᱥᱠᱟ ᱨᱮᱱ ᱯᱚᱱᱚᱛ ᱥᱚᱨᱠᱟᱨᱟᱜ ᱢᱟᱹᱞᱤᱠ ᱜᱚᱵᱚᱞ ᱨᱮ ᱛᱟᱦᱮᱸ ᱠᱟᱱᱟ ᱾
यह एक रासायनिक का पीएच कहा जाता है. आप एक संकेतक बना सकते हैं लाल टैक्सी के रस का उपयोग कर.	ᱱᱚᱶᱟ ᱫᱚ ᱠᱮᱢᱤᱠᱚᱞ ᱯᱤ.ᱮᱪ. ᱠᱟᱱᱟ᱾ ᱟᱢ ᱟᱨᱟᱜ ᱯᱚᱴᱚᱢ ᱠᱚᱵᱤ ᱨᱮᱱᱟᱜ ᱮᱟᱥᱟ ᱵᱮᱵᱷᱟᱨ ᱠᱟᱛᱮ ᱢᱤᱫᱴᱟᱝ ᱥᱩᱪᱚᱠ ᱵᱮᱱᱟᱣ ᱫᱟᱲᱮᱭᱟᱜᱼᱟ᱾
यह कोई असली शोरूम नहीं लगता। डीलर हमें कार खरीदने की धमकी क्यों दे रहा है?	ᱱᱚᱶᱟ ᱫᱚ ᱢᱤᱫᱴᱟᱝ ᱥᱟᱹᱨᱤᱭᱟᱜ ᱥᱳᱨᱩᱢ ᱞᱮᱠᱟ ᱫᱚ ᱵᱟᱝ ᱧᱮᱞᱚᱜ ᱠᱟᱱᱟ ᱾ ᱰᱤᱞᱟᱨ ᱫᱚ ᱪᱮᱫᱟᱜ ᱟᱵᱚ ᱜᱟᱹᱰᱤ ᱠᱤᱨᱤᱧ ᱞᱟᱹᱜᱤᱫᱼᱮ ᱵᱚᱛᱚᱨ ᱚᱪᱚᱭᱮᱫ ᱵᱚᱱᱟ ᱾
दो छपाई, जिनमें से हर एक या तो दाएँ या बाएँ आँख के दृश्‍य को लेकर जाना पड़ता था, उसे एक बाहरी स्ट्यून मोटर का प्रयोग करना था ।	ᱵᱟᱨᱭᱟ ᱯᱨᱤᱱᱴ, ᱢᱤᱢᱤᱫᱜᱚᱴᱮᱡᱽ ᱦᱩᱭᱫᱟᱲᱤᱭᱟᱜᱼᱟ ᱮᱛᱚᱢᱥᱮᱡᱽ ᱥᱮ ᱠᱚᱸᱭᱮᱥᱮᱡᱽ ᱢᱮᱫᱽᱮ ᱤᱫᱤᱭᱟ, ᱯᱨᱚᱡᱮᱠᱥᱚᱱ ᱠᱚᱨᱟᱣ ᱚᱠᱛᱮ ᱢᱤᱫᱴᱟᱝ ᱵᱟᱨᱦᱮ ᱥᱮᱞᱥᱤᱱ ᱢᱳᱴᱚᱨ ᱵᱮᱵᱚᱦᱟᱨᱠᱟᱛᱮ ᱛᱩᱞᱟᱹᱡᱚᱠᱷᱟ ᱫᱚᱦᱚᱭ ᱦᱩᱭᱩᱜᱼᱟ ᱾
एलेगन, मिशिगन: एलेगन अमेरिकी राज्य मिशिगन का एक शहर है।	ᱟᱞᱮᱜᱟᱱ, ᱢᱤᱥᱤᱜᱟᱱ ᱟᱞᱮᱜᱟᱱ ᱫᱚ ᱢᱟᱨᱠᱤᱱ ᱡᱩᱠᱛᱚᱨᱟᱥᱴᱨᱚ ᱨᱮᱭᱟᱜ ᱢᱤᱥᱤᱜᱟᱱ ᱯᱚᱱᱚᱛ ᱨᱮᱭᱟᱜ ᱢᱤᱫᱴᱟᱝ ᱥᱟᱦᱟᱨ ᱾
तेरह	ᱜᱮᱞ ᱯᱮ
उसने परीक्षा इसलिए पास कर ली क्योंकि उसने नकल की थी और फिर भी वह अपने अंकों के बारे में डींग मार रहा है।	ᱩᱱᱤ ᱫᱚ ᱵᱤᱰᱟᱹᱣ ᱨᱮᱭ ᱯᱟᱥ ᱟᱠᱟᱱᱟ ᱪᱮᱫᱟᱜ ᱥᱮ ᱩᱱᱤ ᱫᱚᱭ ᱠᱩᱢᱲᱩ ᱟᱠᱟᱫᱟ ᱟᱨ ᱮᱱ ᱨᱮᱦᱚᱸ ᱩᱱᱤ ᱫᱚ ᱟᱭᱟᱜ ᱱᱚᱢᱵᱚᱨ ᱟᱛᱮᱭ ᱜᱚᱨᱚᱵ ᱮᱫᱟ ᱾
वह 27 मार्च 2013 को लिकटेंस्टीन के प्रधानमंत्री बने।	ᱩᱱᱤ ᱫᱚ ᱒᱗ ᱢᱟᱨᱪ, ᱒᱐᱑᱓ ᱥᱟᱞ ᱨᱮ ᱞᱤᱪᱮᱱᱥᱴᱟᱭᱤᱱ ᱨᱮᱱ ᱢᱟᱨᱟᱝ ᱢᱩᱱᱛᱨᱤᱭ ᱵᱮᱱᱟᱣ ᱞᱮᱱᱟ ᱾
कॉफ़ी की चुस्कियां लेते हुए यहाँ बैठकर उड़ानों को उड़ान भरते देखना मुझे बहुत अच्छा लगता है।	ᱤᱧ ᱫᱚ ᱟᱹᱰᱤ ᱱᱟᱯᱟᱭᱤᱧ ᱟᱴᱠᱟᱨᱼᱟ ᱡᱚᱠᱷᱚᱱ ᱤᱧ ᱱᱚᱸᱰᱮᱧ ᱫᱩᱲᱩᱵᱼᱟ ᱟᱨ ᱠᱚᱯᱷᱤ ᱥᱤᱲᱩᱵ ᱚᱠᱛᱚ ᱩᱰᱟᱹᱱ ᱜᱟᱹᱰᱤ ᱥᱮᱡᱽᱤᱧ ᱠᱚᱭᱚᱜ ᱠᱟᱜᱼᱟ ᱾
इसके अलावा, बीज को अच्छी तरह बढ़ने के लिए अलग - अलग किस्म के बीज की पैदावार करनी पड़ती है ।	ᱱᱤᱨᱣᱟᱦ ᱪᱟᱹᱥᱤ ᱢᱤᱫ ᱥᱟᱨᱟᱞ, ᱚᱱᱠᱟ ᱡᱤᱭᱚᱱ ᱯᱨᱚᱱᱟᱞᱤ ᱠᱟᱱᱟ, ᱡᱟᱦᱟᱸ ᱫᱚ ᱟᱨᱡᱟᱣ ᱪᱟᱠᱨᱚ ᱥᱮ ᱮᱴᱟᱜ ᱟᱯᱮᱪᱷᱠᱨᱤᱛ ᱥᱟᱨᱟᱞ ᱢᱟᱥᱤᱱ ᱥᱟᱶ ᱢᱮᱥᱟ ᱠᱟᱛᱮ ᱤᱠᱳᱨᱤᱭᱳᱡᱟᱱ ᱞᱟᱹᱜᱤᱫ ᱥᱚᱦᱚᱡᱽ ᱦᱩᱭ ᱟᱠᱟᱱ ᱡᱟᱝ ᱨᱮᱱᱟᱜ ᱞᱟᱜᱟᱛ ᱠᱟᱱᱟ ᱡᱮᱢᱚᱱ ᱟᱨᱡᱟᱣ ᱠᱚ ᱵᱟᱹᱲᱛᱤ ᱦᱩᱭ ᱫᱟᱲᱮᱭᱟᱜᱼᱟ᱾
इन देशों के लोगों में अपनी कुछ अनोखी खासियत होती है ।	ᱚᱱᱟᱠᱚ ᱚᱛᱮᱫ ᱨᱮᱭᱟᱜ ᱟᱱᱯᱱᱟᱨ ᱠᱤᱪᱷᱤ ᱵᱷᱮᱜᱟᱨ ᱜᱩᱱ ᱢᱮᱱᱟᱜᱼᱟ ᱾
उन्होंने यह भी कहा कि इस सरकार ने अलग - अलग देशों के लोगों को अलग - अलग देशों से अलग कर दिया है ।	ᱚᱱᱚᱞ ᱨᱮ ᱵᱚᱫᱚᱞ ᱠᱚ ᱠᱚᱨᱟᱣ ᱞᱟᱹᱜᱤᱫ ᱡᱷᱚᱛᱚ ᱯᱚᱱᱚᱛ ᱠᱚᱣᱟᱜ ᱥᱚᱨᱣᱚᱥᱚᱢᱚᱨᱛᱷᱚᱱ ᱨᱮᱭᱟᱜ ᱫᱚᱨᱠᱟᱨ ᱛᱟᱦᱮᱸᱱ ᱠᱟᱱ ᱛᱟᱦᱮᱸᱡ ᱟᱨ ᱯᱟᱱᱚᱛ ᱫᱚ ᱠᱮᱱᱫᱽᱨᱚ ᱥᱚᱨᱠᱟᱨ ᱩᱱᱟᱹᱜ ᱦᱟᱹᱞᱠᱟᱹ ᱛᱮ ᱤᱫᱤ ᱞᱮᱫ ᱠᱚᱣᱟᱭ ᱡᱮ ᱩᱱᱠᱩᱨᱤᱱ ᱯᱨᱚᱛᱤᱱᱤᱫᱷᱤ ᱵᱟᱠᱚ ᱛᱟᱦᱮᱸ ᱠᱚᱜᱼᱟ᱾
मेरे पास बीस पाँच पानी हैं।	ᱤᱧ ᱴᱷᱮᱱ ᱠᱩᱲᱤ ᱢᱚᱬᱮ ᱜᱚᱴᱟᱝ ᱫᱟᱜ ᱢᱮᱱᱟᱜᱼᱟ ᱠᱚᱣᱟ।
प्राचीन रोम के भोजन में भोजन शामिल नहीं था जो अमरीका से या बाद में एशिया से यूरोप में आया था.	ᱥᱮᱫᱟᱭ ᱨᱚᱢᱟᱱ ᱡᱚᱢᱟᱜ ᱨᱮ ᱚᱱᱟ ᱠᱷᱟᱫᱽᱭᱚ ᱢᱮᱥᱟ ᱵᱟᱝ ᱦᱩᱭ ᱫᱟᱲᱮᱭᱟᱜ ᱠᱟᱱ ᱛᱟᱦᱮᱱᱟ ᱡᱟᱦᱟᱸ ᱫᱚ ᱛᱟᱭᱚᱢ ᱛᱮ ᱥᱮᱱᱪᱩᱨᱤ ᱨᱮ ᱟᱢᱮᱨᱤᱠᱟ ᱥᱮ ᱤᱭᱚᱨᱳᱯ ᱠᱷᱚᱱ ᱮᱥᱤᱭᱟ ᱠᱚ ᱦᱮᱡ ᱞᱮᱱᱟ᱾
एक बार जब पाई जाती है, एक बार पाई जाती है, मटरिक पीस के साथ और कुछ समय के लिए guctt और जब तक सभी मसाले 5-6 मिनटों के लिए उपयोग में नहीं लिया जाता.	ᱯᱤᱸᱭᱟᱡ ᱥᱟᱯᱟ ᱞᱮᱱᱠᱷᱟᱱ,ᱥᱟᱥᱟᱝ ᱜᱩᱸᱰᱟᱹ ᱛᱮ ᱢᱟᱠᱷᱟᱣ ᱟᱠᱟᱫ ᱢᱮᱨᱚᱢ ᱡᱤᱞ ᱥᱟᱶᱛᱮ ᱢᱮᱥᱟᱭ ᱢᱮ ᱟᱨ ᱯᱨᱟᱭ ᱕ᱼ᱖ ᱴᱤᱲᱤᱡ ᱞᱟᱹᱜᱤᱫ ᱥᱟᱱᱟᱢ ᱢᱚᱥᱞᱟ ᱢᱮᱨᱚᱢ ᱡᱤᱞ ᱨᱮ ᱵᱟᱝ ᱵᱷᱤᱡᱟᱹᱜ ᱦᱟᱹᱵᱤᱡ ᱠᱤᱪᱷᱤ ᱜᱷᱟᱹᱲᱤᱠ ᱵᱷᱟᱹᱡᱤᱭ ᱢᱮ ᱾
डेटा माइनिंग से प्राप्त जानकारी उम्मीद के मुताबिक नई और उपयोगी दोनों होती है।	ᱰᱟᱴᱟ ᱢᱟᱭᱱᱤᱝ ᱠᱷᱚᱱ ᱧᱟᱢᱚᱜ ᱛᱮᱛᱮᱫ ᱫᱚ ᱟᱥᱚᱜᱟᱹᱧ ᱱᱟᱶᱟ ᱟᱨ ᱡᱟᱹᱨᱩᱲᱟᱜ ᱠᱟᱱᱟ ᱾
मेरे पास अड़सठ केला हैं।	ᱤᱧ ᱴᱷᱮᱱ ᱛᱩᱨᱩᱭ ᱜᱮᱞ ᱟᱨ ᱜᱚᱴᱟᱝ ᱠᱮᱞᱟ ᱢᱮᱱᱟᱜᱼᱟ ᱠᱚᱣᱟ।
यह 1993 में स्थापित किया गया था और इसका प्रबंधन पर्यावरण एजेंसी द्वारा किया जाता है।	᱒᱐᱐᱕ ᱥᱟᱞ ᱨᱮ ᱩᱱᱤ ᱫᱚ ᱫᱤᱥᱚᱢ ᱫᱩᱞᱟᱹᱲ ᱥᱮᱹᱨᱮᱹᱧ ᱨᱮᱭᱟᱜ ᱯᱚᱨᱚᱵ ᱨᱮ ᱥᱤᱨᱯᱟᱹ ᱦᱟᱢᱮᱴᱤᱡ ᱮ ᱛᱟᱦᱮᱸ ᱠᱟᱱᱟ ᱾
Dinandora, जो चिटिटी की जीत से क्रोधित हो जाता है, Caker की आत्मा को सिंथेसाइजर से रिहा करता है।	ᱪᱤᱰᱰᱤᱭᱟᱜ ᱡᱤᱛᱠᱟᱹᱨ ᱨᱮ ᱨᱟᱹᱜᱤ ᱟᱠᱟᱱ ᱥᱤᱱᱛᱷᱮᱥᱟᱭᱡᱟᱨ ᱠᱷᱚᱱ ᱪᱮᱬᱮᱭᱟᱜ ᱟᱛᱢᱟ ᱪᱷᱟᱹᱲ ᱠᱚ ᱮᱢᱟᱣ ᱟᱫᱟ ।
बालि में एग्मी पर अन्य विषयों में दुनिया के शेष जंगलों को बचाने, और विकासशील देशों में विकसित होने के तरीकों में मदद देने के लिए .	ᱵᱟᱞᱤ ᱨᱤᱱᱰᱟ ᱮᱡᱮᱱᱰᱟ ᱨᱮ ᱮᱴᱟᱜ ᱵᱤᱥᱚᱭ ᱨᱮ ᱡᱮᱜᱮᱛ ᱨᱮᱭᱟᱜ ᱵᱟᱧᱪᱟᱣ ᱠᱟᱱ ᱵᱤᱨ ᱠᱚ ᱵᱟᱧᱪᱟᱣ ᱟᱨ ᱵᱤᱠᱟᱥᱤᱞ ᱫᱤᱥᱟᱢ ᱠᱚ ᱠᱟᱢ ᱯᱨᱚᱫᱭᱩᱥᱚᱱ ᱠᱟᱱ ᱛᱟᱨᱠᱟ ᱠᱷᱚᱱ ᱵᱤᱠᱥᱤᱛ ᱞᱟᱹᱜᱩᱫ ᱜᱚᱲᱚ ᱮᱢ ᱞᱟᱹᱜᱤᱫ ᱴᱮᱠᱱᱚᱞᱚᱜᱤ ᱠᱚ ᱦᱟᱹᱴᱤᱧ ᱨᱮᱭᱟᱜ ᱢᱮᱱᱟᱜᱼᱟ᱾
मेरे पास पचहत्तर पन्ना हैं।	ᱤᱧ ᱴᱷᱮᱱ ᱮᱭᱟᱭ ᱜᱮᱞ ᱢᱚᱬᱮ ᱜᱚᱴᱟᱝ ᱥᱟᱠᱟᱢ ᱢᱮᱱᱟᱜᱼᱟ ᱠᱚᱣᱟ।
दो	ᱵᱟᱨ
यह आज भी अर्जेंटीना गणराज्य के कानूनी नामों में से एक है।	ᱱᱚᱶᱟ ᱫᱚ ᱱᱤᱛᱦᱚᱸ ᱟᱨᱡᱮᱱᱴᱤᱱᱟ ᱩᱯᱱᱟᱹᱛ ᱨᱮᱭᱟᱜ ᱟᱹᱱ ᱧᱩᱛᱩᱢ ᱠᱚ ᱢᱩᱫᱨᱮ ᱢᱤᱫᱴᱟᱝ ᱾
ᱛᱟᱭᱚᱢ ᱛᱮ ᱞᱟᱝ ᱧᱟᱯᱟᱢᱚᱜᱼᱟ	बाद में मिलते हैं
मुझे पता नहीं क्यों मैं अधिक से अधिक सूक्ष्म बनाने के लिए।	ᱤᱧ ᱫᱚ ᱵᱟᱹᱧ ᱵᱟᱰᱟᱭᱟ ᱪᱮᱫᱟᱜᱽ ᱩᱱᱟᱹᱜᱤᱧ ᱡᱟᱹᱯᱤᱫᱽᱟᱠᱟᱫᱟ ᱾
मैराथन आयोजन के बाद स्टेडियम की भयानक स्थिति देखकर मैं स्तब्ध रह गया।	ᱢᱮᱨᱟᱛᱷᱚᱱ ᱦᱮᱯᱨᱟᱣ ᱛᱟᱭᱚᱢ ᱥᱴᱮᱰᱤᱭᱟᱢ ᱨᱮᱭᱟᱜ ᱟᱹᱰᱤ ᱵᱚᱛᱚᱨᱟᱱ ᱦᱟᱞᱚᱛ ᱧᱮᱞ ᱠᱟᱛᱮ ᱤᱧᱤᱧ ᱵᱚᱛᱚᱨ ᱞᱮᱱᱟ ᱾
एडम्स का जन्म 27 मई, 1946 को हाई पॉइंट, उत्तरी कैरोलिना में हुआ था।	ᱮᱹᱰᱟᱢᱥ ᱫᱚ ᱒᱗ ᱢᱮ, ᱑᱙᱔᱖ ᱥᱟᱞ ᱨᱮ ᱩᱛᱛᱚᱨ ᱠᱮᱹᱨᱳᱞᱤᱱᱟ ᱦᱟᱭ ᱯᱚᱭᱮᱱᱴ ᱨᱮᱭ ᱡᱟᱱᱟᱢ ᱞᱮᱱᱟ ᱾
मैं सड़क यात्रा करने के लिए अधिक सुविधाजनक तरीके से खोजती हूँ.	ᱤᱧᱫᱚ ᱟᱨᱦᱚᱸ ᱥᱩᱵᱤᱫᱟᱼᱟᱜ ᱨᱳᱰ ᱴᱨᱤᱯ ᱩᱯᱟᱹᱭᱤᱧ ᱯᱟᱸᱡᱟᱭᱟ ᱾
लेकिन मैंने अपने सामान को उड़ान पर चढ़ते देखा था।	ᱢᱮᱱᱠᱷᱟᱱ ᱯᱷᱞᱟᱭᱤᱴ ᱨᱮ ᱤᱧᱟᱹᱜ ᱞᱟᱜᱮᱡᱽ ᱞᱟᱫᱮᱧ ᱧᱮᱞ ᱟᱠᱟᱫᱟ (ᱯᱨᱚᱥᱚᱝᱜᱚ ᱫᱚ ᱡᱚᱛᱚ ᱦᱚᱲ ᱞᱟᱹᱜᱤᱫ ᱴᱷᱟᱹᱣᱠᱟᱹ ᱞᱟᱹᱠᱛᱤ ᱠᱟᱱᱟ ᱾ ᱟᱹᱭᱟᱹᱛ ᱫᱚ ᱟᱡᱟᱜ ᱡᱟᱭᱜᱟ ᱨᱮ ᱴᱷᱟᱹᱣᱠᱟᱹ ᱥᱟᱸᱦᱤᱪ ᱛᱟᱦᱮᱱ ᱞᱟᱹᱜᱤᱫ)
मसूरी में खाना बहुत स्वादिष्ट था। मैंने वहाँ अपने जीवन का सबसे अच्छा मलाई कोफ्ता खाया।	ᱢᱚᱥᱩᱨᱤ ᱨᱮᱭᱟᱜ ᱡᱚᱢᱟᱜ ᱫᱚ ᱟᱹᱰᱤ ᱥᱤᱵᱤᱞ ᱛᱟᱦᱮᱸ ᱠᱟᱱᱟ ᱾ ᱚᱸᱰᱮ ᱫᱚ ᱤᱧᱟᱜ ᱡᱤᱭᱚᱱ ᱨᱮᱭᱟᱜ ᱡᱚᱛᱚ ᱠᱷᱚᱱ ᱵᱷᱟᱜᱮ ᱢᱟᱞᱟᱭ ᱠᱳᱯᱷᱛᱟ ᱛᱟᱦᱮᱸᱠᱟᱱᱟ ᱾
यह मार्च २१, १९९७ को एक अवधि के लिए BBLLLL के साथ एक समझौता में शामिल हुआ है ।	ᱱᱚᱶᱟ ᱫᱚ ᱒᱑ ᱢᱟᱨᱪ, ᱑᱙᱙᱗ ᱢᱟᱹᱦᱤᱛᱨᱮ ᱢᱩᱪᱟᱹᱫ ᱟᱠᱟᱱ ᱚᱠᱛᱚ ᱞᱟᱹᱜᱤᱫ ᱵᱤᱵᱤᱮᱞᱟᱭᱮᱞ ᱥᱟᱶᱛᱮ ᱢᱤᱫ ᱪᱩᱠᱛᱤᱨᱮᱭ ᱵᱚᱞᱚ ᱟᱠᱟᱱᱟ ᱾
मुझे डर है कि अगर मैं अपने लिए आवाज़ नहीं उठाऊंगा, तो मेरे भाई-बहन हमेशा मेरे साथ सबसे छोटे जैसा व्यवहार करेंगे और मुझ पर हावी रहेंगे।	ᱤᱧ ᱵᱚᱛᱚᱨᱚᱜ ᱠᱟᱱᱟ ᱡᱮ ᱡᱩᱫᱤ ᱤᱧ ᱱᱤᱡᱟᱹ ᱞᱟᱹᱜᱤᱫ ᱵᱟᱹᱧ ᱛᱮᱸᱜᱚ ᱫᱟᱲᱮᱭᱟᱜᱼᱟ, ᱤᱧᱨᱮᱱ ᱵᱚᱭᱦᱟᱼᱢᱤᱥᱨᱟ ᱥᱟᱱᱟᱢ ᱚᱠᱛᱚ ᱤᱧ ᱡᱚᱛᱚᱠᱷᱚᱱ ᱠᱟᱹᱴᱤᱡ ᱞᱮᱠᱟᱛᱮᱠᱤᱱ ᱵᱮᱵᱚᱦᱟᱨᱤᱧᱟ ᱟᱨ ᱤᱧ ᱫᱚ ᱪᱟᱹᱨᱤ ᱫᱷᱟᱨᱮᱠᱤᱱ ᱴᱷᱮᱞᱟᱣ ᱠᱟᱹᱧᱟ ᱾
सन्‌ 1988 से, गेंद के बक्से पारदर्शी होना चाहिए ताकि जनता और दर्शकों को गवाही दे सकें कि वोट की शुरूआत में कोई लिफाफा मौजूद नहीं है ।	᱑᱙᱘᱘ ᱠᱷᱚᱱ, ᱵᱷᱚᱴᱯᱮᱴᱤ ᱫᱚ ᱯᱟᱨᱫᱟᱨᱥᱤ ᱦᱩᱭᱩᱜ ᱞᱟᱹᱠᱛᱤᱭᱟ ᱡᱮᱢᱚᱱ ᱵᱷᱚᱴ ᱮᱢᱟᱱ ᱠᱚ ᱟᱨ ᱯᱟᱨᱭᱣᱮᱪᱷᱟᱠ ᱱᱚᱶᱟ ᱧᱮᱞ ᱫᱟᱲᱮᱭᱟᱜᱼᱟ ᱡᱮ ᱵᱷᱚᱴ ᱨᱮᱱᱟᱜ ᱮᱛᱚᱦᱚᱵ ᱨᱮ ᱡᱟᱦᱟᱱ ᱞᱤᱯᱷᱟᱯᱷᱟ ᱮᱢᱟᱱ ᱵᱟᱹᱱᱩᱜ ᱟᱨ ᱵᱤᱫᱷᱤᱣᱟᱛ ᱞᱮᱠᱷᱟ ᱟᱨ ᱟᱫᱷᱤᱠᱮᱤᱛ ᱵᱷᱚᱴ ᱮᱢᱟᱱ ᱠᱷᱚᱱ ᱮᱴᱟᱜ ᱞᱤᱯᱷᱟᱯᱷᱟ ᱵᱟᱝ ᱤᱠᱟᱹ ᱟᱠᱟᱱᱟ᱾
यह शहर 4 मार्च, 1879 को अस्तित्व में आया था।	ᱥᱟᱦᱟᱨ ᱫᱚ ᱔ ᱢᱟᱨᱪ, ᱑᱘᱗᱙ ᱥᱟᱞ ᱨᱮ ᱵᱮᱱᱟᱣ ᱞᱮᱱᱟ ᱾
इकतालीस	ᱯᱳᱱ ᱜᱮᱞ ᱢᱤᱫ
उसने कहा, 'मुझे ट्रेनों में शौचालय का उपयोग करना पसंद नहीं है, उनसे बदबू आती है।'	ᱤᱧ ᱴᱨᱮᱱ ᱨᱮ ᱴᱚᱭᱞᱮᱴ ᱵᱮᱣᱦᱟᱨ  ᱫᱚ ᱵᱟᱹᱧ ᱠᱩᱥᱤᱭᱟᱜᱼᱟ, ᱩᱱᱤ ᱢᱮᱱ ᱞᱮᱫᱟᱭ, "ᱱᱚᱶᱟ ᱠᱚᱫᱚ ᱵᱟᱹᱲᱤᱡ ᱥᱚ ᱾"
अल्बर्ट ब्रायन अमेरिकी वर्जिन द्वीप समूह के 9वें निर्वाचित गवर्नर हैं।	ᱩᱱᱤ ᱫᱚ ᱓᱕᱖ ᱠᱨᱤᱥᱴᱚᱯᱩᱨᱵᱟᱵᱫᱚ ᱨᱮ ᱢᱮᱥᱤᱰᱳᱱᱤᱭᱟ ᱨᱮᱭᱟᱜ ᱢᱟᱨᱮᱱ ᱨᱟᱡᱽ ᱜᱟᱲ ᱯᱮᱞᱞᱟ ᱨᱮᱭ ᱡᱟᱱᱟᱢ ᱞᱮᱱᱟ ᱾
मेरे पास छः नारियल हैं।	ᱤᱧ ᱴᱷᱮᱱ ᱛᱩᱨᱩᱭ ᱜᱚᱴᱟᱝ ᱱᱟᱨᱤᱭᱟᱞ ᱢᱮᱱᱟᱜᱼᱟ ᱠᱚᱣᱟ।
28 मार्च, 222 को रोमो की सरकार के खिलाफ विरोध शुरू हो गया.	᱒᱐᱒᱒ᱼᱨᱮᱭᱟᱜ ᱒᱘ ᱢᱟᱨᱪ ᱨᱮ ᱠᱟᱥᱴᱤᱞᱳᱨᱮᱱ ᱥᱚᱨᱠᱟᱨ ᱵᱤᱨᱩᱫᱨᱮ ᱟᱹᱰᱤᱰᱷᱮᱨ ᱵᱤᱠᱠᱷᱳᱵ ᱮᱛᱚᱦᱚᱯᱞᱮᱱᱟ ᱾
साथ ही, नागरिक केवल योग्य हैं अगर वे भारत के नागरिक हैं.	ᱱᱚᱶᱟ ᱵᱮᱜᱚᱨ, ᱵᱷᱳᱴᱟᱨ ᱫᱚ ᱥᱩᱢᱩᱝ ᱡᱩᱫᱤ ᱵᱷᱟᱨᱚᱛ ᱨᱮᱱ ᱱᱟᱜᱚᱨᱤᱭᱟᱹᱭ ᱦᱩᱭᱩᱜᱼᱟ ᱮᱱᱠᱷᱟᱱ ᱡᱳᱜᱽᱜᱚ ᱠᱟᱱᱟᱭ ᱾
मेरा काम सबसे ज्यादा बचा है, अगर ग्रह के वातावरण के सबसे अनंत पहलू नहीं बचा है.	ᱤᱧᱟᱜ ᱠᱟᱹᱢᱤ ᱫᱚ ᱮᱸᱝᱜᱮᱞ ᱞᱟᱭᱚᱧ ᱨᱮᱭᱟᱜ ᱡᱚᱛᱚᱠᱷᱚᱱ ᱵᱟᱝᱵᱚᱫᱚᱞᱚᱜ ᱱᱟᱠᱷᱟ ᱵᱟᱝ ᱦᱩᱭᱞᱮᱱ ᱨᱮᱦᱚᱸ ᱢᱩᱰᱩᱛ ᱢᱤᱫᱴᱟᱝ ᱵᱟᱝ ᱵᱚᱫᱚᱞᱚᱜ ᱵᱮᱯᱟᱨᱨᱮ ᱡᱚᱜᱟᱣ ᱫᱚᱦᱚᱭ ᱾
सर्किंग बहुतों के साथ एक मुख्य यात्रा है, कभी - कभी "kykyms" नाम के रूप में जाना जाता है... ... पूरी छुट्टियों की योजना एक विशेष स्थान पर जा रही है.	ᱥᱠᱤᱝ ᱟᱭᱢᱟ ᱩᱛᱥᱟᱹᱦᱤ ᱦᱚᱲ ᱠᱚ ᱥᱟᱶᱛᱮ ᱢᱤᱫᱴᱟᱹᱝ ᱯᱨᱚᱢᱩᱠᱷ ᱭᱟᱛᱨᱟ ᱜᱚᱛᱤᱣᱤᱫᱷᱤ ᱠᱟᱱᱟ, ᱡᱟᱦᱟᱸ ᱫᱚ ᱚᱠᱟᱼᱚᱠᱟ "ᱥᱠᱤ ᱵᱚᱥᱢ" ᱛᱮ ᱵᱟᱲᱟᱭ ᱢᱮᱱᱟᱜᱼᱟ, ᱡᱟᱦᱟᱸ ᱫᱚ ᱛᱤᱱᱟᱹᱜ ᱜᱟᱱ ᱵᱤᱥᱮᱥ ᱡᱟᱭᱜᱟ ᱨᱮ ᱥᱠᱤᱝ ᱨᱮᱭᱟᱜ ᱥᱩᱨ ᱨᱮ ᱯᱩᱨᱟᱹ ᱪᱷᱩᱴᱤ ᱨᱮᱭᱟᱷ ᱭᱚᱡᱱᱟ ᱛᱮᱭᱟᱨ ᱮᱫᱟᱭ᱾
मेरे पास सात मछली हैं।	ᱤᱧ ᱴᱷᱮᱱ ᱮᱭᱟᱭ ᱜᱚᱴᱟᱝ ᱢᱟᱪᱷᱤ ᱢᱮᱱᱟᱜᱼᱟ ᱠᱚᱣᱟ।
इस जोड़े को एक अनुप्रयोग रूप भरना है और अपने विवाह समारोह की दो तस्वीरें और एक ही निमंत्रण पत्र के साथ उसे स्वीकार करना है ।	ᱡᱩᱨᱤᱯᱟᱹᱨᱤ ᱫᱚ ᱢᱤᱫᱴᱟᱝ ᱟᱨᱫᱟᱥ ᱥᱟᱠᱟᱢ ᱯᱮᱨᱮᱡ ᱦᱩᱭᱩᱜ ᱛᱟᱢᱟ ᱟᱨ ᱩᱱᱠᱩᱣᱟᱜ ᱵᱟᱯᱞᱟ ᱟᱠᱷᱟᱲᱟ ᱨᱮᱭᱟᱜ ᱵᱟᱨᱭᱟ ᱪᱤᱪᱟᱹᱨ ᱟᱨ ᱱᱚᱶᱟ ᱞᱟᱹᱜᱤᱫ ᱢᱤᱫᱴᱟᱝ ᱱᱮᱣᱛᱟ ᱠᱟᱨᱰ ᱡᱚᱢᱟ ᱦᱩᱭᱩᱜ ᱛᱟᱢᱟ ᱾
लेकिन, धीमी संचार चैनलों के कारण, पश्‍चिम में स्टाइल २५ से ३० साल बाद रह सकते हैं ।	ᱡᱟᱭᱦᱚ, ᱫᱷᱤᱢᱤ ᱥᱚᱧᱪᱚᱨ ᱪᱮᱱᱟᱞ ᱨᱮᱱᱟᱜ ᱠᱟᱨᱚᱱᱛᱮ, ᱯᱚᱪᱷᱤᱢ ᱨᱮ ᱥᱮᱞᱤᱭᱟ ᱒᱕ ᱠᱷᱚᱱ ᱓᱐ ᱥᱮᱨᱢᱟ ᱯᱟᱹᱪᱷᱞᱟᱹ ᱛᱟᱦᱮᱸ ᱠᱟᱱᱟ᱾
उसे फिल्म के लिए यूनानी भाषा सीखना था और खुद को भी बुलाया जाना था ।	ᱩᱱᱤ ᱫᱚ ᱪᱚᱞᱚᱛ ᱪᱤᱛᱟᱹᱨ ᱞᱟᱹᱜᱤᱫ ᱜᱮᱨᱤᱠ ᱯᱟᱹᱨᱥᱤ ᱪᱮᱫ ᱦᱩᱭᱞᱮᱱ ᱛᱟᱭᱟ ᱟᱨ ᱩᱱᱤ ᱫᱚ ᱟᱭᱟᱜ ᱰᱟᱵ ᱦᱚᱭ ᱠᱚᱨᱟᱣ ᱞᱮᱫᱟ ᱾
आप भी माहाशी के लिए एक यात्रा लेना चाहिए.	ᱟᱢᱦᱚᱸ ᱢᱚᱦᱟᱨᱟᱥᱴᱨᱚ ᱫᱟᱲᱟᱱ ᱪᱟᱞᱟᱜ ᱦᱩᱭᱩᱜ ᱛᱟᱢᱟ ᱾
तो मैं इस सप्ताहांत मुक्त कर रहा हूँ.	ᱚᱱᱟᱛᱮ ᱱᱤᱭᱟ ᱦᱟᱯᱛᱟ ᱫᱚᱧ ᱯᱷᱨᱤ ᱜᱮᱭᱟ ᱾
मेरे पास पाँच हाथी हैं।	ᱤᱧ ᱴᱷᱮᱱ ᱢᱚᱬᱮ ᱜᱚᱴᱟᱝ ᱦᱟᱛᱤ ᱢᱮᱱᱟᱜᱼᱟ ᱠᱚᱣᱟ।
2010 की जनगणना के अनुसार, जनसंख्या 71,870 थी।	᱒᱐᱑᱐ ᱥᱟᱞ ᱨᱮᱭᱟᱜ ᱦᱚᱲ ᱞᱮᱠᱷᱟ ᱞᱮᱠᱟᱛᱮ, ᱦᱚᱲᱮᱞ ᱠᱚ ᱛᱟᱦᱮᱸ ᱠᱟᱱᱟ ᱗᱑,᱘᱗᱐ ᱦᱚᱲ ᱾
असल में 35 मिमी का फ़ॉर्मेट है, कुछ ही समय में 24 मिमी ऊँचाई पर 36 मिमी.	᱓᱕ᱢᱤᱢᱤ ᱯᱨᱟᱨᱩᱯ ᱥᱟᱹᱨᱤ ᱛᱮ, ᱛᱷᱚᱨᱟ ᱜᱟᱱ ᱵᱷᱨᱟᱢᱤᱛ ᱟᱱᱟᱜᱼᱟ, ᱚᱥᱟᱨ ᱨᱮ ᱓᱖ᱢᱤᱢᱤ ᱟᱨ ᱪᱮᱛᱟᱱᱨᱮ ᱒᱔ ᱢᱤᱢᱤ᱾
मैं क्षेत्र के लिए नया हूँ, तो मुझे डर है कि मैं विचार का एक बहुत कुछ नहीं है.	ᱤᱧ ᱫᱚ ᱱᱚᱣᱟ ᱮᱞᱟᱠᱟᱨᱮᱧ ᱱᱟᱣᱟᱜᱮᱭᱟ, ᱚᱱᱟᱛᱮ ᱤᱧ ᱫᱚᱧ ᱵᱚᱛᱚᱨᱚᱜᱽᱠᱟᱱᱟ ᱟᱨ ᱤᱧᱟᱜᱽ ᱡᱟᱹᱥᱛᱤ ᱫᱷᱟᱨᱚᱱᱟ ᱦᱚᱸ ᱵᱟᱹᱱᱩᱜᱽᱛᱤᱧᱟ ᱾
मेरे पास चालीस आठ पानी हैं।	ᱤᱧ ᱴᱷᱮᱱ ᱯᱩᱱ ᱜᱮᱞ ᱤᱨᱟᱹᱞ ᱜᱚᱴᱟᱝ ᱫᱟᱜ ᱢᱮᱱᱟᱜᱼᱟ ᱠᱚᱣᱟ।
वहाँ पानी में लोहे की बहुतायत है ।	ᱚᱸᱰᱮᱱᱟᱜ ᱫᱟᱜ ᱨᱮ ᱟᱭᱢᱟ ᱟᱭᱨᱚᱱ ᱢᱮᱱᱟᱜᱼᱟ ᱾
इस बार मैं करीब 10 दिन तक वहाँ था इसलिए मेरे पास काफी वक्‍त था ।	ᱱᱤᱭᱟᱹ ᱵᱟᱨᱫᱚ ᱤᱧ ᱡᱟᱹᱱᱤᱡ ᱑᱐ ᱫᱤᱱ ᱞᱟᱹᱜᱤᱫ ᱚᱸᱰᱮᱧ ᱛᱟᱦᱮᱸᱠᱟᱱᱟ ᱚᱱᱟᱛᱮ ᱪᱟᱵᱟᱭ ᱞᱟᱹᱜᱤᱫ ᱟᱹᱰᱤ ᱜᱷᱟᱹᱲᱤᱡ ᱤᱧ ᱛᱟᱦᱮᱸᱠᱟᱱᱟ ᱿
पोस्टेड गति सीमा पिछले और बाद के भागों से कम हैं — आम तौर पर 35-40 mph (56-64 किलोमीटर/h) — और उनके प्रति सख़्त आज्ञाकारिता अन्यथा से भी ज़्यादा महत्त्वपूर्ण है ।	ᱯᱚᱥᱴ ᱟᱠᱟᱱ ᱜᱚᱛᱤ ᱥᱤᱢᱟᱹ ᱫᱚ ᱢᱟᱬᱟᱝ ᱟᱨ ᱛᱟᱭᱚᱢ ᱵᱤᱵᱷᱟᱜᱽ ᱠᱚ ᱨᱮᱭᱟᱜ ᱛᱩᱞᱱᱟ ᱨᱮ ᱟᱹᱰᱤ ᱠᱚᱢ ᱛᱟᱦᱮᱸᱱᱟ ᱼ ᱚᱱᱠᱟ ᱜᱮ ᱓᱕ᱼ᱔᱐ ᱢᱟᱭᱤᱞ ᱢᱤᱫ ᱴᱟᱬᱟᱝ ᱨᱮ (᱕᱖ᱼ᱖᱔ ᱠᱤᱢᱤ/ᱴᱟᱬᱟᱝ) ᱼ ᱟᱨ ᱩᱱᱠᱩ ᱞᱟᱹᱜᱤᱫ ᱠᱮᱴᱮᱡ ᱟᱸᱡᱚᱢ ᱚᱪᱚ ᱞᱟᱹᱜᱤᱫ ᱟᱹᱰᱤ ᱜᱮ ᱡᱟᱹᱨᱩᱲᱟI
सेवा ने एप्पल की रिपोर्ट "बहुत बुरी है." के बारे में कहा द्वारा जवाब दिया	ᱯᱟᱨᱚᱢᱮᱱ ᱪᱟᱸᱫᱚ ᱮᱯᱯᱟᱞ ᱨᱮᱱᱟᱜ ᱨᱤᱯᱳᱨᱴ ᱨᱮᱱᱟᱜ ᱥᱛᱷᱚᱜᱚᱱ ᱫᱚ "ᱥᱟᱹᱨᱤ ᱛᱮ ᱠᱷᱮᱫᱽᱡᱚᱱᱠᱚ ᱢᱮᱱ ᱠᱟᱛᱮ ᱛᱮᱞᱟ ᱠᱮᱫᱼᱟᱭ᱾"
लेकिन, अधिकांश चिन्ह केवल केटालन में सूचित किए जाते हैं क्योंकि यह पहली औपचारिक भाषा के रूप में व्यवस्था द्वारा स्थापित किया जाता है ।	ᱮᱱᱦᱚᱸ, ᱟᱭᱢᱟ ᱪᱤᱱᱦᱟᱹ ᱠᱟᱴᱟᱞᱟᱱ ᱨᱮ ᱵᱮᱵᱷᱟᱨᱚᱜ ᱠᱟᱱᱟ ᱪᱮᱫᱟᱜᱥᱮ ᱱᱚᱣᱟ ᱫᱚ ᱠᱟᱹᱱᱩᱱ ᱞᱮᱠᱟᱛᱮ ᱯᱩᱭᱞᱩ ᱟᱹᱢᱟᱹᱞᱤ ᱯᱟᱹᱨᱥᱤ ᱛᱷᱟᱹᱯᱤᱛ ᱟᱠᱟᱱᱟ᱾
उसकी गुफा ने धमकी दी, और वह चिल्फा की लामर में से निकलकर, अपने पंजे के एक भयंकर आघात के साथ, दुश्‍मनों को मारकर उसे खून कर दिया ।	ᱟᱡᱨᱮᱱ ᱜᱩᱦᱟ ᱫᱷᱚᱢᱠᱟᱣ ᱠᱚ ᱮᱢᱟᱭ ᱠᱟᱱᱨᱮ ,ᱩᱱᱤᱫᱚ ᱪᱤᱞᱤᱭᱟᱱᱳᱣᱟᱞᱟ ᱠᱷᱚᱱᱟᱜ ᱳᱰᱳᱠ ᱠᱟᱛᱮ ᱟᱭᱟᱜ ᱯᱟᱧᱡᱟᱛᱮ ᱢᱤᱫ ᱢᱟᱨᱟᱝ ᱮ ᱥᱚᱛᱛᱨᱩᱭ ᱜᱷᱟᱞ ᱠᱮᱫᱮᱛᱮ ᱟᱨ ᱩᱱᱤ ᱢᱟᱭᱟᱝ ᱡᱤᱨᱚᱡᱚᱨᱚ ᱠᱮᱫᱮᱭᱟᱭ ᱾
जुलाई में लेबनान और इस्राएल के बीच युद्ध के दौरान हुए युद्ध के दौरान अंतर्राष्ट्रीय वाद - विवाद ने एक प्रतिबन्धक संधि के लिए विश्‍वव्यापी अभियान को बढ़ाया ।	᱒᱐᱐᱖ᱼᱨᱮᱭᱟᱜ ᱡᱩᱞᱟᱭ ᱟᱨ ᱟᱜᱚᱥᱴᱨᱮ ᱞᱮᱵᱟᱱᱚᱱ ᱟᱨ ᱤᱡᱨᱟᱭᱮᱞᱟᱜ ᱞᱟᱲᱦᱟᱹᱭ ᱚᱠᱛᱮ ᱠᱞᱟᱥᱴᱟᱨ ᱞᱟᱹᱲᱦᱟᱹᱭᱡᱚᱱᱛᱚᱨ ᱨᱮᱭᱟᱜ ᱵᱮᱵᱚᱦᱟᱨ ᱟᱨ ᱮᱥᱮᱲ ᱱᱤᱭᱟᱹ ᱡᱮᱜᱮᱫᱡᱟᱠᱟᱛ ᱠᱟᱛᱷᱟ ᱨᱮᱯᱮᱡ ᱫᱚ ᱢᱤᱫᱴᱟᱝ ᱵᱟᱨᱚᱱᱟᱫᱮᱥ ᱪᱩᱠᱛᱤ ᱞᱟᱹᱜᱤᱫ ᱡᱮᱜᱮᱫᱵᱮᱲᱦᱟᱭ ᱯᱨᱚᱪᱟᱨ ᱠᱟᱹᱢᱤᱨᱮ ᱟᱨᱦᱚᱸ ᱜᱩᱨᱩᱛᱛᱚᱭ ᱡᱚᱲᱟᱣᱟ ᱾
एनबीट ग्रीन समाधान आधार (जीएसएफ) ने गाँवों और जेलों में साफ सफाई के लिए एक बायोटिक समाधान बनाया है कि अंतरिक्ष व्यवस्था की कमी है।	ᱮᱱᱵᱟᱭᱳᱞᱮᱴ ᱜᱨᱤᱱ ᱥᱚᱞᱤᱩᱥᱚᱱ ᱯᱷᱟᱣᱩᱱᱰᱮᱥᱚᱱ ᱫᱚ ᱢᱤᱫ ᱵᱟᱭᱳᱼᱴᱚᱭᱞᱮᱴ ᱥᱚᱞᱦᱟᱭ ᱵᱮᱱᱟᱣ ᱟᱠᱟᱫᱟ ᱟᱛᱩ ᱟᱨ ᱵᱚᱥᱛᱤ ᱠᱚᱨᱮ ᱥᱟᱶᱟᱨᱼᱟᱱ ᱥᱮᱱᱤᱴᱮᱥᱚᱱ ᱞᱟᱹᱜᱤᱫ ᱡᱟᱸᱦᱟᱨᱮ ᱞᱮᱴ ᱱᱟᱞᱟ ᱵᱮᱵᱚᱥᱛᱟ ᱵᱟᱹᱱᱩᱜᱼᱟ ᱾
मेरे पास दस पेन हैं।	ᱤᱧ ᱴᱷᱮᱱ ᱜᱮᱞ ᱜᱚᱴᱟᱝ ᱯᱮᱱ ᱢᱮᱱᱟᱜᱼᱟ ᱠᱚᱣᱟ।
मुझे आपको यह सूचित करते हुए अत्यधिक रोमांच हो रहा है कि आपके बच्चे को राष्ट्रीय नृत्य प्रतियोगिता के अगले दौर में भाग लेने के लिए चुना गया है।	ᱤᱧ ᱟᱢ ᱵᱟᱰᱟᱭ ᱦᱚᱪᱚ ᱫᱟᱲᱮ ᱠᱷᱟᱹᱛᱤᱨ ᱛᱮ ᱨᱟᱹᱥᱠᱟᱹ ᱮᱱᱟᱹᱧ ᱡᱮ ᱟᱢᱨᱮᱱ ᱜᱤᱫᱽᱨᱟᱹ ᱡᱟᱹᱛᱤᱭᱟᱹᱨᱤ ᱮᱱᱮᱪ ᱦᱮᱯᱨᱟᱣ ᱨᱮᱭᱟᱜ ᱫᱚᱥᱟᱨ ᱨᱟᱣᱩᱱᱰ ᱨᱮ ᱥᱮᱞᱮᱫᱚᱜ ᱞᱟᱹᱜᱤᱫ ᱮ ᱵᱟᱪᱷᱟᱣ ᱟᱠᱟᱱᱟ ᱾
उन्होंने द्वितीय विश्व युद्ध के बाद बेज़ेलल अकादमी में अपना कलात्मक प्रशिक्षण शुरू किया।	ᱩᱱᱤᱫᱚ ᱫᱚᱥᱟᱨ ᱡᱮᱜᱮᱫ ᱞᱟᱹᱲᱦᱟᱹᱭ ᱛᱟᱭᱚᱢ ᱵᱮᱡᱟᱞᱮᱞ ᱮᱠᱟᱰᱮᱢᱤᱨᱮ ᱟᱡᱟᱜ ᱟᱸᱠᱟᱣ ᱨᱮᱭᱟᱜ ᱛᱟᱹᱞᱤᱢᱮ ᱮᱛᱚᱦᱚᱵ ᱠᱮᱫᱟ ᱾
बैंक क्रेडिट 162 प्रतिशत की तेज़ गति में बड़ा हुआ जैसे कि सितंबर 9, 2022 को, जो कि एक साल पहले की बात है.	᱙ ᱥᱮᱯᱴᱮᱢᱵᱚᱨ,᱒᱐᱒᱒ ᱨᱮ ᱵᱮᱱᱠ ᱠᱨᱮᱰᱤᱴ ᱑᱖ᱹ᱒ ᱥᱟᱭᱠᱟᱲᱟ ᱳᱣᱟᱭᱼᱳᱼᱳᱣᱟᱭ ᱛᱚᱨᱟᱣ ᱥᱟᱸᱭᱟᱛ ᱛᱮ ᱰᱷᱮᱨ ᱟᱠᱟᱱᱟ, ᱡᱟᱸᱦᱟᱫᱚ ᱢᱤᱫ ᱥᱮᱨᱢᱟ ᱞᱟᱦᱟ ᱖ᱹ᱗ ᱥᱟᱭᱠᱟᱲᱟ ᱛᱟᱸᱦᱮ ᱠᱟᱱᱟ ᱾
मुझे पता है, है ना?	ᱤᱧ ᱴᱷᱤᱠᱟᱹᱱᱤᱧ ᱵᱟᱰᱟᱭᱟ ?
यह भी द्वार पर काठ से उधार लिया जा सकता है, लेकिन कि कपड़े हर उपयोक्ता के बाद नहीं धोये हैं ताकि आप इन कच्चे कपड़े नहीं पहन सकते। एक आकार मनुष्यों के लिए ठीक बैठता है!	ᱱᱚᱣᱟ ᱦᱚᱸ ᱵᱚᱞᱚᱱ ᱫᱩᱣᱟᱹᱨ ᱨᱮ ᱥᱴᱳᱠ ᱠᱷᱚᱱ ᱩᱫᱷᱟᱹᱨ ᱦᱟᱛᱟᱣ ᱫᱟᱲᱮᱭᱟᱜᱼᱟᱢ ᱤᱠᱷᱟᱹᱱ ᱚᱱᱟ ᱞᱩᱜᱽᱲᱤ ᱚᱠᱚᱭ ᱦᱚᱨᱚᱜᱤᱭᱟᱹ ᱦᱚᱸ ᱵᱟᱭ ᱥᱟᱯᱷᱟᱭᱟ ᱚᱱᱟᱛᱮ ᱟᱯᱮ ᱱᱚᱣᱟ ᱥᱠᱳᱴ ᱦᱚᱨᱚᱜ ᱫᱚ ᱟᱨᱟᱢ ᱵᱟᱝᱯᱮ ᱟᱹᱭᱠᱟᱹᱣ ᱫᱟᱲᱮᱭᱟᱜᱼᱟ᱾ ᱠᱚᱲᱟ ᱠᱚ ᱞᱟᱹᱜᱤᱱ ᱢᱤᱫ ᱥᱟᱹᱭᱤᱡᱽ ᱜᱮ ᱡᱩᱛᱩᱜᱼᱟ!
बाद में, वह समान रोजगार अवसर आयोग की पहली महिला सदस्य बनीं।	ᱛᱟᱭᱚᱢᱛᱮ, ᱩᱱᱤᱫᱚ ᱥᱚᱱᱟᱢ  ᱠᱟᱹᱢᱤᱨᱮᱭᱟᱜ ᱫᱟᱣ ᱠᱚᱢᱤᱥᱚᱱ ᱨᱮᱱ ᱯᱳᱭᱞᱳ ᱛᱤᱨᱞᱟᱹᱭ ᱛᱟᱦᱮᱸ ᱠᱟᱱᱟ ᱾
कनाडा में, १० अक्‍तूबर और ७ के बीच किए गए वैक्सीन के ६.६ करोड़ खुराक को वितरित किया गया था ।	ᱠᱟᱱᱟᱰᱟᱨᱮ, ᱒᱑ ᱚᱠᱴᱚᱵᱚᱨ ᱠᱷᱚᱱ ᱗ ᱱᱚᱵᱷᱮᱢᱵᱚᱨ ᱢᱩᱫᱨᱮ ᱖᱖ ᱞᱚᱠᱠᱷᱚ ᱴᱤᱠᱟᱹ ᱵᱤᱞᱟᱹᱣ ᱛᱟᱭᱚᱢ, ᱴᱤᱠᱟᱹᱮᱢᱚᱜ ᱦᱩᱭᱟᱠᱟᱱ ᱕᱙᱘ ᱦᱚᱲᱠᱩ ᱢᱩᱫᱨᱮ ᱫᱚᱭᱚᱜᱽ ᱵᱷᱟᱵ, ᱵᱚᱦᱚᱜᱼᱟᱹᱪᱩᱨ, ᱵᱚᱦᱚᱜᱼᱦᱟᱥᱩ, ᱨᱩᱣᱟᱹ, ᱫᱚᱭᱚᱜᱚᱜ ᱟᱨ ᱯᱷᱩᱞᱟᱹᱣᱵᱷᱟᱵ ᱥᱟᱶ ᱦᱟᱞᱠᱟ ᱠᱟᱹᱢᱤᱭ ᱛᱮᱭᱟᱜ ᱜᱷᱚᱴᱚᱱ ᱥᱟᱢᱟᱝᱨᱮ ᱦᱮᱡᱽᱞᱮᱱᱟ ᱾
डॉक्टर ने कहा कि उसके पास जीने के लिए केवल कुछ ही दिन बचे हैं।	ᱫᱟᱠᱛᱟᱨᱼᱮ ᱢᱮᱱ ᱟᱠᱟᱫᱟ  ᱩᱱᱤ ᱫᱚ ᱟᱨ ᱠᱤᱪᱷᱩ ᱫᱤᱱ ᱡᱤᱣᱮᱫ ᱢᱮᱱᱟᱭᱟ ᱾
लगातार ठंडा और बादलों वाला मौसम मुझे उदास कर देता है।	ᱞᱮᱛᱟᱲ ᱜᱮ ᱨᱮᱭᱟᱲ ᱟᱨ ᱨᱤᱢᱤᱞ ᱨᱤᱢᱤᱞ ᱦᱚᱭᱦᱤᱸᱥᱤᱫ ᱤᱧᱮ ᱟᱹᱲᱤᱥ ᱪᱟᱵᱟᱧᱟ ᱾
वहाँ उस गाँव के अन्य पक्ष में लक्ष्य पोस्टों और जाल के साथ एक भूमि है	ᱚᱱᱟ ᱟᱛᱩ ᱦᱟᱱᱟᱥᱟᱨᱮ ᱜᱳᱞ ᱯᱳᱥᱴ ᱟᱨ ᱡᱟᱞ ᱥᱟᱶᱛᱮ ᱢᱤᱫᱴᱟᱝ ᱢᱟᱴ ᱢᱮᱱᱟᱜᱼᱟ ᱾
खाने - पीने की कमी ने 707:19 में मरीना को गिरफ्तार कर लिया ।	ᱵᱷᱩᱢᱤᱠᱚᱢᱯᱚ ᱢᱟᱨᱤᱭᱟᱱᱟ ᱨᱮ ᱥᱛᱷᱟᱱᱤᱭᱚ ᱥᱚᱢᱚᱭ ᱚᱱᱩᱥᱟᱨ ᱐᱗:᱑᱙ a.m (᱐᱙:᱑᱙ ᱯᱤᱹᱮᱢ ᱡᱤᱹᱴᱤᱹᱮᱢᱹ GMT ᱡᱟᱹᱨᱩᱢ ᱢᱟᱦᱟᱸ) ᱨᱮ ᱦᱮᱡ ᱞᱮᱱᱟ।
पहले लंबे अरसे से चल रहे ऑडियो ट्रांसमिट्स में सन 1906 में Ransenenen, एक एलैक्ज़ैंडर से एक सतत लहर सीधे एक पानी के माध्यम से संदेश भेजने के लिए चर रही थी।	᱑᱙᱐᱖ ᱥᱟᱹᱦᱤᱛ ᱨᱮ ᱨᱮᱡᱤᱱᱟᱞ ᱯᱷᱚᱥᱮᱱᱰᱮᱱ ᱫᱟᱨᱟᱭ ᱛᱮ ᱯᱩᱭᱞᱩ ᱥᱟᱸᱜᱤᱧ ᱚᱰᱤᱭᱳ, ᱟᱞᱮᱠᱡᱟᱱᱰᱟᱨᱥᱚᱱ ᱚᱞᱴᱟᱨᱱᱮᱴᱚᱨ ᱠᱷᱚᱱ ᱢᱤᱫᱴᱟᱝ ᱢᱤᱫᱞᱮᱛᱟᱲ ᱞᱤᱸᱜᱤᱱ ᱫᱟᱜ ᱨᱮ ᱨᱮᱭᱟᱲ ᱠᱚᱨᱟᱣ ᱠᱟᱨᱵᱚᱱ ᱢᱟᱭᱠᱨᱚᱯᱷᱚᱱ ᱛᱟᱞᱟᱛᱮ ᱥᱚᱨᱟᱥᱚᱨᱤ ᱠᱩᱞ ᱞᱟᱹᱜᱤᱫ ᱮᱱᱴᱮᱱᱟ ᱛᱮ ᱪᱟᱞᱟᱣ ᱦᱩᱭ ᱞᱮᱱᱟ ᱾
अगले 40 सालों के लिए यह आखिरी था और इसके लिए प्रॉक्सी सेनाओं के साथ अफ्रीका से एशिया, अफगानिस्तान, क्यूबा और कई दूसरी जगहों पर युद्ध किया जाएगा ।	ᱱᱚᱶᱟ ᱫᱟᱨᱟᱭ ᱔᱐ ᱥᱮᱨᱢᱟ ᱦᱟᱹᱵᱤᱡ ᱪᱟᱞᱟᱣ ᱠᱚᱜᱼᱟ ᱟᱨ ᱥᱟᱹᱨᱤᱛᱮᱫ ᱞᱮᱠᱟᱨᱮ ᱠᱮᱢᱩᱯᱷᱞᱳᱡᱽ ᱥᱮᱱᱟ ᱫᱟᱨᱟᱭ ᱛᱮ, ᱟᱯᱷᱨᱤᱠᱟ ᱠᱷᱚᱱ ᱮᱥᱤᱭᱟ ᱦᱟᱹᱵᱤᱡ, ᱟᱯᱷᱜᱟᱱᱤᱥᱛᱟᱱ, ᱠᱭᱩᱵᱟ ᱟᱨ ᱟᱹᱰᱤ ᱟᱭᱢᱟ ᱴᱚᱴᱷᱟ ᱨᱮ ᱞᱟᱹᱲᱦᱟᱹᱭ ᱴᱟᱺᱰᱤ ᱞᱟᱹᱲᱦᱟᱹᱭ ᱦᱩᱭ ᱚᱪᱚᱜᱚᱜᱼᱟ᱾
मुझे कभी उम्मीद नहीं थी कि मुझे एक ऐसा प्रमुख विषय मिलेगा जो प्रौद्योगिकी के प्रति मेरे प्रेम को संरक्षण के साथ जोड़ता है, और जिसमें नौकरी की संभावनाएं भी हैं (छात्र)।	ᱤᱧ ᱡᱟᱦᱟᱸ ᱛᱤᱥ ᱱᱚᱝᱠᱟ ᱢᱤᱫᱴᱟᱝ ᱢᱟᱨᱟᱝ ᱦᱚᱲ ᱤᱧ ᱧᱟᱢᱮᱭᱟ ᱡᱟᱦᱟᱸᱭ ᱤᱧᱟᱜ ᱛᱟᱹᱠᱱᱤᱠᱤ ᱪᱮᱛᱟᱱ ᱤᱧᱟᱜ ᱫᱩᱞᱟᱹᱲ ᱨᱟᱠᱷᱟᱼᱫᱚᱦᱚ ᱥᱟᱶ ᱮ ᱡᱩᱢᱤᱫᱼᱟ ᱢᱮᱱᱛᱮ ᱵᱟᱹᱧ ᱟᱸᱥᱚᱜ ᱠᱟᱱ ᱛᱟᱦᱮᱸᱫ, ᱡᱟᱦᱟᱸᱭᱼᱟᱜ ᱪᱟᱹᱠᱨᱤ ᱨᱮᱭᱟᱜ ᱥᱚᱢᱵᱷᱟᱵᱚᱱᱟ ᱦᱚᱸ ᱢᱮᱱᱟᱜᱼᱟ (ᱟᱪᱮᱫ)
हमेशा गेंद पर नजर रखो! कोर्ट पर नाचना बंद करो और ठीक से खेलो।	ᱥᱟᱱᱟᱢ ᱜᱷᱩᱲᱤ ᱵᱚᱞ ᱥᱮᱡ ᱢᱮᱫ ᱫᱚᱦᱚᱭᱛᱟᱢ ! ᱠᱳᱨᱴ ᱨᱮ ᱮᱱᱮᱡ ᱵᱚᱱᱫᱚᱭ ᱢᱮ ᱟᱨ ᱵᱷᱟᱜᱮ ᱥᱟᱹᱦᱤᱡ ᱠᱷᱮᱞ ᱠᱷᱮᱞᱢᱮ ᱾
मुझे नहीं पता था कि इस जगह के मालिक ने पिछले साल मास्टरशेफ जीता था!	ᱵᱟᱹᱧ ᱵᱟᱰᱟᱭᱠᱟᱱ ᱛᱟᱦᱮᱸᱠᱟᱱᱟ ᱱᱚᱣᱟ ᱴᱷᱟᱣ ᱨᱮᱱ ᱢᱟᱹᱞᱤᱠ ᱫᱚ ᱪᱟᱞᱟᱣᱮᱱ ᱥᱮᱨᱢᱟ ᱢᱟᱥᱴᱟᱨᱥᱮᱯᱷᱼᱮ ᱡᱤᱛᱠᱟᱹᱨ ᱟᱠᱟᱱᱟ ᱾
उनका विवाह 1968 से अपनी मृत्यु तक जिसेला जॉनसन के साथ रहा।	ᱩᱱᱤ ᱫᱚ ᱑᱙᱖᱘ ᱥᱟᱞ ᱠᱷᱚᱱ ᱜᱩᱡᱩᱜ ᱞᱟᱦᱟ ᱦᱟᱹᱵᱤᱡ ᱜᱤᱥᱮᱞᱟ ᱡᱚᱱᱥᱚᱱ ᱮ ᱵᱟᱯᱞᱟ ᱞᱮᱫᱮᱭᱟ ᱾
हाँ, बिल्कुल, क्यों नहीं?	ᱦᱮᱸ, ᱥᱟᱹᱨᱤᱜᱮ, ᱪᱮᱫᱟᱜ ᱵᱟᱝ ?
पूर्व में, एक व्यक्‍ति को अनेक उप - गोत्रों के साथ एडिएल मिलता है, जिनमें पैम, पेसी, मिप्पू, और बॉर भी शामिल है ।	ᱞᱟᱦᱟᱨᱮ, ᱮᱴᱟᱠ ᱠᱚ ᱢᱩᱫᱽᱨᱮ ᱯᱚᱫᱚᱢ, ᱯᱟᱥᱤ, ᱢᱤᱱᱤᱭᱚᱝ ᱟᱨ ᱵᱳᱠᱟᱨ ᱞᱮᱠᱟᱱ ᱥᱮᱫᱟᱭ ᱨᱮᱱ ᱟᱭᱢᱟ ᱩᱯᱚᱡᱟᱹᱛᱤ ᱠᱚ ᱧᱮᱞ ᱧᱟᱢᱚᱜᱼᱟ ᱾
जब एक बड़े भूकंप के बारे में बताया जाता है, तो वहाँ का तापमान काफी हद तक तबाही मचा सकता है ।	ᱢᱤᱫᱴᱟᱝ ᱞᱟᱹᱴᱩ ᱫᱷᱟᱹᱨᱛᱤ ᱞᱟᱲᱟᱣ ᱡᱟᱦᱟᱨᱮ ᱮᱛᱦᱚᱵ ᱟ ᱡᱚᱠᱷᱚᱱ ᱥᱟᱹᱢᱩᱫ ᱫᱷᱟᱨᱮ ᱠᱷᱚᱱ ᱠᱟᱹᱴᱤᱡ ᱡᱷᱟᱹᱞᱨᱮ ᱥᱟᱹᱢᱩᱫᱨᱮ ᱦᱩᱭᱞᱮᱱᱠᱷᱟᱱ ᱛᱚᱠᱷᱚᱱ ᱦᱩᱭ ᱫᱟᱲᱮᱭᱟᱜᱼᱟ ᱢᱤᱫᱴᱟᱝ ᱥᱩᱱᱟᱢᱤ ᱜᱷᱚᱴᱟᱜ ᱞᱟᱹᱜᱤᱫ ᱥᱟᱹᱢᱩᱫ ᱞᱟᱛᱮᱨ ᱟᱹᱰᱤ ᱟᱴ ᱞᱟᱲᱟᱜᱼᱟ᱾
लेकिन मत भूलिए, आपके पास आपकी सीटें हैं और आज 12 घंटे के आस - पास प्रतियोगिता हो रही है ।	ᱢᱮᱱᱠᱷᱟᱱ ᱟᱞᱚᱢ ᱦᱤᱬᱤᱧᱟ, ᱛᱤᱦᱤᱧ ᱛᱤᱠᱤᱱ ᱑᱒ ᱵᱟᱡᱮ ᱞᱮᱠᱟ ᱫᱩᱲᱩᱵᱽᱠᱟᱛᱮ ᱟᱸᱠ ᱦᱮᱯᱮᱨᱟᱣ ᱢᱮᱱᱟᱜᱽᱛᱟᱢᱟ ᱾
उत्तर और रास्ते में आसान - से पहुँचने के लिए, पापी शहर का रोमानी और दिलचस्प शहर है, जिसे प्रभु द्वारा दर्ज किए गए उसकी शोभा के शानदार वृत्तांत के बाद विदेशियों के लिए मशहूर किया गया ।	ᱮᱛᱚᱢ ᱨᱮ ᱟᱨ ᱟᱞᱜᱟ ᱛᱮ ᱥᱤᱱᱴᱨᱟ ᱨᱮᱭᱟᱜ ᱨᱳᱢᱟᱱᱴᱤᱠ ᱛᱮ ᱥᱮᱴᱮᱨ ᱞᱟᱹᱜᱤᱱ ᱟᱨ ᱢᱚᱱ-ᱚᱨᱚᱜ ᱱᱟᱜᱟᱨ ᱟᱨ ᱱᱚᱣᱟ ᱞᱳᱨᱰ ᱵᱟᱭᱨᱳᱱ ᱦᱚᱛᱮᱛᱮ ᱨᱮᱠᱳᱨᱰ ᱫᱚᱦᱚ ᱨᱮᱭᱟᱜ ᱪᱚᱢᱚᱛᱠᱟᱨ ᱵᱤᱵᱚᱨᱚᱱ ᱛᱟᱭᱚᱢ ᱵᱤᱫᱮᱥᱤᱠᱚ ᱞᱟᱹᱜᱤᱱ ᱯᱨᱚᱥᱤᱫᱷ ᱞᱮᱱᱟ᱾
मई 1911 में उनकी एक बेटी और 1914 में एक बेटा हुआ।	᱑᱙᱑᱑ ᱥᱟᱞ ᱨᱮᱭᱟᱜ ᱢᱮ ᱪᱟᱸᱫᱚ ᱨᱮ ᱟᱡ ᱨᱮᱱ ᱢᱤᱫᱴᱟᱝ ᱠᱩᱲᱤ ᱜᱤᱫᱽᱨᱟᱹ ᱟᱨ ᱑᱙᱑᱔ ᱥᱟᱞ ᱨᱮ ᱢᱤᱫᱴᱟᱝ ᱠᱚᱲᱟ ᱜᱤᱫᱽᱨᱟᱹᱭ ᱛᱟᱦᱮᱸ ᱠᱟᱱᱟ ᱾
मुझे लगता है कि किसी दिन कोशिश करना अच्छा लगेगा.	ᱤᱧ ᱡᱟᱦᱟᱸᱛᱤᱥ ᱱᱚᱶᱟ ᱨᱤᱠᱟᱹᱧ ᱠᱷᱚᱡᱽ ᱠᱟᱱᱟ ᱾
हाल के सूत्रों में अनुमान लगाया गया है कि मद्रास, बाँग्लादेश और दिल्ली जैसे अलग - अलग शहरों में हर साल करीब ८०० फिल्में बनायी जाती हैं ।	ᱵᱷᱟᱨᱚᱛᱤᱭᱟᱹ ᱪᱚᱞᱚᱛᱪᱤᱛᱟᱹᱨ ᱫᱚ ᱟᱡᱟᱜ ᱵᱮᱱᱟᱣᱟᱜ ᱦᱟᱦᱟᱲᱟᱣᱟᱱ ᱯᱚᱨᱤᱢᱟᱱ ᱪᱚᱞᱚᱛᱪᱤᱛᱟᱹᱨ ᱞᱟᱹᱜᱤᱫ ᱡᱮᱜᱮᱛᱨᱮᱭ ᱧᱩᱛᱩᱢᱟᱠᱟᱱᱟᱺ ᱞᱮᱠᱷᱟ ᱫᱚ ᱫᱤᱱ ᱫᱤᱱ ᱛᱮ ᱡᱟᱹᱥᱛᱤ ᱤᱫᱤᱜ ᱠᱟᱱᱟ ᱟᱨ ᱱᱟᱦᱟᱜ ᱟᱹᱭᱩᱢᱟᱹᱱᱟ ᱡᱮ ᱢᱟᱫᱨᱟᱡ, ᱵᱮᱝᱜᱟᱞᱳᱨ, ᱠᱳᱞᱠᱟᱛᱟ ᱟᱨ ᱦᱟᱭᱫᱨᱟᱵᱟᱫ ᱥᱟᱸᱣ ᱵᱮᱜᱟᱨ ᱵᱮᱜᱟᱨ ᱥᱟᱦᱟᱨ ᱨᱮ ᱥᱮᱨᱢᱟ ᱨᱮ ᱯᱨᱟᱭ ᱘᱐᱐ ᱜᱚᱴᱮᱱ ᱪᱚᱞᱚᱛᱪᱤᱛᱟᱹᱨ ᱜᱩᱴ ᱨᱮᱭᱟᱜ ᱟᱣᱩᱴᱯᱩᱴᱮ ᱵᱮᱱᱟᱣᱟ ᱾
2000 के दशक की शुरुआत से एयर कनाडा को कई वित्तीय समस्याओं का सामना करना पड़ा है।	᱒᱐᱐᱐ ᱥᱟᱞ ᱨᱮᱭᱟᱜ ᱜᱮᱞᱟᱱ ᱨᱮᱭᱟᱜ ᱮᱛᱚᱦᱚᱵ ᱥᱮᱫ ᱠᱷᱚᱱ ᱮᱭᱟᱨ ᱠᱟᱱᱟᱰᱟ ᱫᱚ ᱟᱹᱰᱤ ᱡᱳᱨ  ᱠᱟᱹᱣᱰᱤ ᱟᱹᱨᱤ ᱟᱱᱟᱴ ᱨᱮᱠᱚ ᱛᱟᱦᱮᱸ ᱠᱟᱱᱟ ᱾
लेकिन, उन्हें ऐसा नहीं सोचा जाता है कि बंद करने के लिए उन्हें कोई नुकसान हुआ है ।	ᱛᱚᱵᱮ, ᱚᱱᱟ ᱠᱚ ᱥᱟᱴᱟᱨ ᱨᱮᱭᱟᱜ ᱡᱟᱦᱟᱸ ᱮ ᱠᱷᱩᱛᱤ ᱟᱠᱟᱫ ᱞᱮᱠᱟ ᱵᱟᱝ ᱢᱚᱱᱮᱜ ᱠᱟᱱᱟ᱾
इस शहर के अमीर साहित्यी परंपराओं को पुस्तक पुरस्कार विजेता षा राशू और एडिओगा ने व्यापक रूप से विशिष्ट किया है ।	শহরের সমৃদ্ধ সাংস্কৃতিক ঐতিহ্যকে বুকার পুরস্কারপ্রাপ্ত সলমন রুশদি ও অরবিন্দ আদিগার হাত ধরে আন্তর্জাতিকভাবে দৃষ্টিগোচর করানো হয়েছে।
तीन जलमार्गादेशी को पार करते हैं: पश्‍चिम से दक्षिण तक, एमस्टरल उत्तर से पूर्व तक, और दक्षिण से उत्तर तक नदी मर जाता है ।	ᱯᱮᱭᱟ ᱫᱟᱜ ᱛᱮᱱᱟᱜ ᱰᱟᱦᱟᱨ ᱯᱟᱹᱲ ᱥᱚᱵᱷᱟ ᱫᱚ ᱞᱟᱦᱟ ᱥᱮᱡ ᱛᱮᱭ ᱯᱟᱨᱚᱢ ᱟᱠᱟᱫᱟ ᱩᱭᱥᱯᱟᱴᱮᱠᱵᱷᱟᱴ ᱫᱚ ᱪᱟᱞᱟᱣ ᱟᱠᱟᱱᱟ ᱯᱚᱪᱷᱤᱢ ᱠᱷᱚᱱ ᱯᱩᱵ ᱥᱮᱡ ᱟᱨ ᱫᱤᱭᱮᱢ ᱜᱟᱰᱟ ᱫᱚ ᱱᱟᱹᱭ ᱫᱚ ᱪᱟᱞᱟᱣ ᱟᱠᱟᱱᱟ ᱫᱚᱠᱷᱤᱱ ᱠᱷᱚᱱ ᱩᱛᱛᱨ ᱥᱮᱡ ᱾
इतालवी में उच्चारण तुलनात्मक रूप से आसान है क्योंकि अधिकांश शब्दों को ठीक - ठीक कहा जाता है कि वे कैसे लिखे जाते हैं	ᱨᱟᱹᱲ ᱫᱚ ᱤᱴᱟᱞᱤᱭᱟᱱ ᱨᱮ ᱟᱥᱚᱠᱟᱭᱛᱮ ᱟᱞᱜᱟ ᱦᱩᱭ ᱠᱮᱭᱟ, ᱪᱮᱫᱟᱜᱥᱮ ᱪᱮᱛᱟᱱ ᱨᱟᱦᱟ ᱠᱷᱚᱱ ᱨᱟᱹᱲ ᱟᱥᱚᱠᱟᱭᱛᱮ ᱟᱞᱜᱟ ᱜᱮᱭᱟ᱾
ये लड़के अपने मोजे पूरी तरह से कीचड़ से सान लेते हैं और फिर भी बिना धोए अगले मैच के लिए उन्हें पहन लेते हैं।	ᱱᱩᱝᱠᱩ ᱜᱤᱫᱨᱟᱹ ᱫᱚ ᱟᱠᱚᱣᱟᱜ ᱢᱳᱡᱟ ᱯᱩᱨᱟᱹ ᱠᱚ ᱞᱚᱥᱚᱫ ᱩᱛᱟᱹᱨᱟ ᱟᱨ ᱚᱱᱟᱠᱚ ᱵᱟᱝ ᱥᱟᱯᱷᱟ ᱠᱟᱛᱮᱫ ᱫᱟᱨᱟᱭ ᱢᱮᱪ ᱨᱮᱦᱚ ᱟᱵᱟᱨ ᱠᱚ ᱦᱚᱨᱚᱜᱼᱟ ᱾
मुझे टीकाकरण की सभी आवश्यक खुराकें मिल चुकी हैं। अब मैं अधिकांश बीमारियों से प्रतिरक्षित हूँ।	ᱤᱧ ᱡᱚᱛᱚ ᱞᱟᱹᱠᱛᱤᱭᱟᱱ ᱴᱤᱠᱟᱹ ᱰᱳᱡᱼᱤᱧ ᱧᱟᱢ ᱟᱠᱟᱫᱼᱟ ᱾ ᱱᱤᱛᱚᱜ ᱤᱧ ᱫᱚ ᱰᱷᱮᱨᱜᱟᱱ ᱜᱮ ᱨᱳᱜ ᱫᱟᱨᱟᱢᱟᱱᱤᱧ ᱦᱩᱭ ᱟᱠᱟᱱᱟ ᱾
सन्‌ 1683 में, Qing राजवंश (164-1912) शक्‍तियाँ ताइवान के पश्‍चिम और उत्तरी तटीय क्षेत्रों पर नियंत्रण रखती हैं और ताइवान को सन्‌ 1885 में साम्राज्य का प्रांत घोषित करती हैं ।	᱑᱖᱘᱓ ᱨᱮ, ᱠᱣᱤᱝ ᱨᱟᱡᱽ ᱵᱚᱝᱥᱚ (᱑᱖᱔᱔-᱑᱙᱑᱒) ᱨᱤᱱ ᱥᱚᱭᱱᱚ ᱛᱟᱭᱣᱟᱱ ᱨᱮᱭᱟᱜ ᱯᱟᱪᱷᱮ ᱟᱨ ᱮᱛᱚᱢ ᱨᱮᱭᱟᱜ ᱫᱚᱨᱭᱟ ᱟᱲᱮ ᱴᱷᱟᱶ ᱠᱚ ᱟᱢᱮᱴ ᱠᱮᱜᱼᱟ ᱟᱨ ᱑᱘᱘᱕ ᱨᱮ ᱠᱣᱤᱝ ᱯᱚᱱᱚᱛ ᱢᱮᱱᱛᱮ ᱛᱟᱭᱣᱟᱱ ᱠᱚ ᱩᱪᱷᱟᱹᱱ ᱞᱮᱜᱼᱟ᱾
एक उच्च आर्थिक आवंटन की आवश्‍यकता होती है जो आन्‍न सेवाओं के लिए बनता है ।	ᱟᱭᱩᱥ ᱡᱚᱛᱱᱟᱣ ᱠᱚ ᱞᱟᱹᱜᱤᱫ ᱪᱮᱛᱟᱱ ᱡᱚᱠᱷᱟ ᱟᱱᱟᱜ ᱠᱟᱹᱣᱰᱤ ᱵᱚᱨᱟᱛ ᱞᱟᱹᱠᱛᱤ ᱠᱟᱱᱟ ᱾
नोवेलो को राष्ट्रपति जॉर्ज एच. डब्ल्यू. बुश द्वारा सर्जन जनरल नियुक्त किया गया था।	ᱱᱳᱵᱷᱮᱞᱳ ᱫᱚ ᱫᱤᱥᱚᱢ ᱜᱚᱝᱠᱮ ᱡᱚᱨᱡ ᱮᱭᱤᱪ ᱰᱚᱵᱞᱤᱣ ᱵᱩᱥ ᱥᱟᱨᱡᱚᱱ ᱡᱮᱱᱟᱨᱮᱞ ᱮ ᱥᱮᱞᱮᱫ ᱞᱮᱫᱮᱭᱟ ᱾
पहले, Ringsing Cannfffff, कंपनी ने कहा कि जब उसकी दरवाजे से उसकी दुकान से नहीं बोल रहा था.	ᱱᱟᱶᱟ ᱠᱷᱚᱱ ᱢᱟᱬᱟᱝᱨᱮ, ᱨᱤᱝ-ᱤᱡ ᱥᱤᱹᱤᱹᱳᱹ, ᱡᱟᱢᱤᱭ ᱥᱤᱢᱤᱱᱚᱯᱷ, ᱞᱟᱹᱭ ᱞᱮᱜ-ᱟᱭ ᱡᱮ ᱠᱩᱢᱯᱟᱹᱱᱤ ᱫᱚ ᱩᱱᱨᱮ ᱮᱛᱚᱦᱚᱵ ᱞᱮᱱᱟ ᱡᱟᱦᱟᱸᱛᱤᱥ ᱟᱡᱟᱜ ᱜᱮᱨᱮᱡᱽ ᱨᱮᱭᱟᱜ ᱥᱤᱞᱯᱤᱧ ᱜᱷᱟᱹᱱᱴᱤ ᱟᱡᱟᱜ ᱫᱚᱠᱟᱱᱨᱮ ᱵᱟᱝ ᱥᱟᱰᱮ ᱠᱟᱱ ᱛᱟᱦᱮᱸᱫ᱾
इसे 9 नवंबर, 2021 को 771 कोड द्वारा ओवरले किया गया था।	᱙ ᱱᱚᱵᱷᱮᱢᱵᱚᱨ, ᱒᱐᱒᱑ ᱥᱟᱞᱨᱮ ᱱᱚᱶᱟ ᱫᱚ ᱗᱗᱑ ᱫᱟᱨᱟᱭᱛᱮ ᱫᱟᱞᱚᱵ ᱞᱮᱱᱟ ᱾
मेरे पास सात अमरूद हैं।	ᱤᱧ ᱴᱷᱮᱱ ᱮᱭᱟᱭ ᱜᱚᱴᱟᱝ ᱟᱢᱨᱩᱫ ᱢᱮᱱᱟᱜᱼᱟ ᱠᱚᱣᱟ।
अंदाजा लगाओ क्या? आखिरकार मैं उस वीडियो गेम में लेवल 100 पर पहुँच गया जिस पर मैं मेहनत कर रहा था! मैं बेहद खुश महसूस कर रहा हूँ (जेन जेड 1)।	ᱟᱭ-ᱩᱢᱟᱹᱱ ᱫᱚ ᱪᱮᱫ ? ᱤᱧ ᱡᱟᱦᱟᱸ ᱵᱷᱤᱰᱤᱭᱳ ᱜᱮᱢ ᱨᱤᱧ ᱠᱟᱹᱢᱤ ᱠᱟᱱ ᱛᱟᱦᱮᱸ ᱚᱱᱟᱨᱮ ᱢᱩᱪᱟᱹᱫ ᱦᱟᱹᱵᱤᱡᱛᱮ ᱤᱧ ᱑᱐᱐ ᱛᱷᱟᱨ ᱨᱮᱧ ᱥᱮᱴᱮᱨ ᱟᱠᱟᱱᱟ ! ᱤᱧ ᱡᱮᱜᱮᱫ ᱨᱮᱭᱟᱝ ᱥᱚᱨᱮᱥ ᱨᱤᱧ ᱟᱹᱭᱠᱟᱹᱣ ᱮᱫᱟ ᱾ (ᱡᱮᱱᱟᱨᱮᱞ ᱡᱮᱰ ᱑)
अगली बात जो आपको चाहिए वह है एक वैध ई- मेल आईडी.	ᱫᱚᱥᱟᱨ ᱡᱤᱱᱤᱥ ᱟᱢᱟᱜ ᱞᱟᱹᱠᱛᱤᱭᱟᱱ ᱢᱤᱫᱴᱟᱝ ᱪᱟᱞᱩ ᱤᱼᱢᱮᱞ ᱟᱭᱰᱤ ᱾
संरचनाओं में चित्र लगाने या लगाने के द्वारा स्थल को धक्का मत दीजिए ।	ᱵᱷᱤᱛ ᱪᱤᱛᱟᱹᱨ ᱫᱚ ᱜᱟᱨ ᱵᱟᱝᱢᱟ ᱜᱟᱥᱟᱣ ᱟᱛᱮ ᱟᱞᱚᱵᱚᱱ ᱠᱷᱟᱨᱟᱯ ᱢᱟ᱾
डॉ. टोनी मोजे ने दक्षिण अफ्रीकी क्षेत्र के Kuzau-Nol में सबसे अधिक नशीले पदार्थ (XDR-TB) प्राप्त किया.	ᱰᱨ.ᱴᱚᱱᱤ ᱢᱚᱞ ᱮᱛᱚᱢ ᱟᱯᱷᱨᱤᱠᱟᱱ ᱴᱚᱴᱷᱟ ᱠᱣᱟᱡᱩᱞᱩ-ᱱᱟᱛᱟᱞ ᱨᱮ ᱟᱹᱰᱤ ᱰᱷᱮᱨ ᱨᱟᱱ ᱨᱮᱥᱤᱥᱴ ᱴᱤᱭᱩᱵᱟᱨᱠᱤᱣᱞᱚᱥᱤᱥ (XDR-TB) ᱨᱮᱭᱟᱜ ᱮ ᱥᱮᱸᱫᱽᱨᱟ ᱞᱮᱫᱟ᱾
इस फिल्म में यह दिखाया गया था कि इस फिल्म में क्वीना पैलिपि (चॉवमी का प्रधान) है ।	ᱪᱚᱞᱚᱠᱪᱤᱛᱟᱹᱨ ᱨᱮ ᱠᱳᱪᱤᱨ ᱥᱳᱢ ᱠᱮᱨᱚᱞ ᱫᱚᱞᱟᱱ ᱫᱚ ᱠᱟᱹᱢᱤᱭᱟᱹ ᱛᱷᱟᱯᱚᱱ (ᱜᱩᱨᱩᱥᱵᱟᱢᱤ ᱵᱤᱨᱫᱟᱹᱜᱟᱲ)ᱞᱮᱠᱟᱛᱮ ᱩᱫᱩᱜ ᱥᱚᱫᱚᱨ ᱟᱠᱟᱱᱟ᱾
ओह, मैं उन फिल्मों से प्यार करता हूँ.	ᱳᱦ ᱤᱧᱫᱚ ᱚᱱᱟᱠᱚ ᱪᱤᱱᱟᱹᱢᱟᱧ ᱠᱩᱥᱤᱭᱟᱜᱼᱟ ?
यह अवधि जुलाई 1175 में शुरू हुई और अगस्त 1177 में समाप्त हुई।	ᱱᱚᱶᱟ ᱚᱠᱛᱚ ᱥᱤᱢᱟᱹᱫᱚ ᱑᱑᱗᱕ ᱨᱮᱭᱟᱜ ᱡᱩᱞᱟᱭ ᱪᱟᱸᱫᱚ ᱨᱮ ᱮᱛᱚᱦᱚᱵᱼᱟ ᱟᱨ ᱑᱑᱗᱗ ᱥᱟᱞ ᱨᱮᱭᱟᱜ ᱟᱜᱚᱥᱴ ᱨᱮ ᱢᱩᱪᱟᱹᱫ ᱞᱮᱱᱟ ᱾
बढ़िया। वह बहुत त्वरित था। मेरा पैसा 2 सेकंड में ट्रांसफर हो गया।	ᱟᱹᱰᱤ ᱱᱟᱯᱟᱭ ᱾ ᱚᱱᱟ ᱫᱚ ᱟᱹᱰᱤ ᱞᱚᱜᱚᱱ ᱛᱟᱦᱮᱠᱟᱱᱟ ᱾ ᱤᱧᱟᱜ ᱠᱟᱹᱣᱰᱤ ᱫᱚ ᱒ ᱴᱤᱯᱤᱡ ᱢᱩᱫᱨᱮᱜᱮ ᱩᱪᱟᱹᱲ ᱦᱩᱭ ᱟᱠᱟᱱᱟ ᱾
मुझे लगता है कि वह के लिए सबसे अच्छा याद है कि क्या है.	ᱤᱧ ᱢᱚᱱᱮᱭᱟ ᱡᱮ ᱩᱱᱤᱫᱚ ᱡᱚᱛᱚᱠᱷᱚᱱ ᱵᱟᱹᱲᱛᱤᱜᱮ ᱫᱤᱥᱟᱹ ᱫᱚᱦᱚᱭ ᱦᱩᱭᱩᱜᱼᱟ ᱾
आप निश्‍चित रूप से जाँधा को — जो आध्यात्मिक रूप से महत्त्वपूर्ण स्मारकों में से एक है, भेंट करनी चाहिए और उसकी असाधारण इमारतों के लिए प्रसिद्ध है ।	ᱟᱢᱫᱚ ᱡᱟᱢᱟ ᱢᱚᱥᱡᱤᱫ ᱧᱮᱞ ᱞᱟᱹᱠᱛᱤ ᱠᱟᱱᱟ, ᱡᱟᱦᱟᱸᱫᱚ ᱟᱫᱷᱟᱛᱛᱤᱠ ᱞᱮᱠᱟᱛᱮ ᱞᱟᱹᱠᱛᱤᱭᱟᱢ ᱳᱣᱨᱚᱝᱜᱚᱵᱟᱫ ᱩᱭᱦᱟᱹᱨ ᱵᱟᱛᱷᱟᱱ ᱠᱚ ᱢᱩᱫ ᱨᱮᱱᱟᱜ ᱢᱤᱫᱴᱟᱝ ᱠᱟᱱᱟ ᱟᱨ ᱱᱚᱶᱟᱫᱚ ᱟᱡᱟᱜ ᱜᱚᱲᱦᱚᱱ ᱠᱟᱹᱨᱤ ᱞᱟᱹᱜᱤᱫ ᱟᱹᱰᱤᱭ ᱱᱟᱯᱟᱭ ᱜᱮᱭᱟ ᱾
मेरे पास अट्ठारह पेंसिल हैं।	ᱤᱧ ᱴᱷᱮᱱ ᱜᱮᱞ ᱟᱨ ᱜᱚᱴᱟᱝ ᱯᱮᱱᱥᱤᱞ ᱢᱮᱱᱟᱜᱼᱟ ᱠᱚᱣᱟ।
इसका उपयोग केवल हैब्सबर्ग घराने के पुरुषों द्वारा किया जाता था।	ᱱᱚᱶᱟ ᱫᱚ ᱮᱠᱷᱮᱱ ᱦᱟᱵᱥᱵᱟᱨᱜ ᱚᱲᱟᱜ ᱨᱮᱱ ᱠᱚᱲᱟᱠᱚ ᱫᱟᱨᱟᱭᱛᱮ ᱵᱮᱣᱦᱟᱨ ᱦᱩᱭᱩᱜ ᱛᱟᱦᱮᱸ ᱾
ये हरी - भरी किनारे, जंगली और हरे - भरे पश्‍चिमी भू - दृश्‍यों के साथ - साथ, अपने हिंसक गोआवाले साथी के लिए एक शांत विकल्प हैं ।	ᱱᱤᱭᱟᱹᱠᱩ ᱮᱠᱞᱟ ᱵᱤᱪᱠᱚ ᱫᱚ, ᱵᱤᱨ ᱟᱨ ᱦᱟᱹᱲᱭᱟᱹᱲ ᱯᱟᱹᱪᱷᱤᱢ ᱜᱷᱟᱴ ᱟᱰᱮᱯᱟᱥᱮ ᱠᱚᱨᱮ, ᱚᱱᱟᱠᱩ ᱨᱮᱭᱟᱜ ᱩᱧᱠᱩᱨᱮᱱ ᱨᱟᱹᱥᱠᱟᱹᱜᱽᱠᱟᱱ ᱜᱳᱣᱟᱱ ᱠᱟᱣᱩᱱᱴᱟᱨᱯᱟᱨᱴ ᱞᱟᱹᱜᱤᱫ ᱢᱤᱫᱴᱟᱝ ᱱᱤᱡᱷᱩᱢ ᱵᱟᱹᱫᱞᱤ ᱵᱤᱪᱜᱤ ᱠᱟᱱᱟ ᱾
वे पोलिश सीमा गार्ड पर चट्टानों, बोतलों, और लकड़ी के टुकड़े फेंक करने लगे और सीमा बाड़ को नष्ट करने की कोशिश की... ... कुछ समय के लिए ब्रिटरी की जाँच की.	ᱯᱳᱞᱤᱥ ᱥᱤᱢᱟᱹ ᱨᱮ ᱨᱩᱠᱷᱣᱭᱟᱹ ᱠᱚ ᱥᱮᱪ ᱫᱷᱤᱨᱤ, ᱵᱚᱛᱚᱞ ᱟᱨ ᱠᱟᱴ ᱨᱮᱭᱟᱜ ᱠᱩᱴᱨᱟᱹ ᱪᱟᱯᱟᱫ ᱠᱚ ᱣᱦᱚᱵ ᱠᱮᱫᱟ ᱟᱨ ᱵᱮ ᱛᱷᱟᱹᱭᱤ ᱞᱮᱠᱟᱛᱮ ᱵᱚᱱᱫᱚ ᱵᱨᱩᱡᱜᱤᱼᱠᱩᱡᱱᱤᱪᱟ ᱪᱮᱠᱯᱚᱭᱮᱱᱴ ᱨᱟᱹᱯᱩᱫ ᱠᱟᱛᱮ ᱵᱚᱞᱚᱜ ᱨᱮᱭᱟᱜ ᱨᱤᱠᱟᱹ ᱥᱤᱢᱟᱹ ᱵᱮᱲᱦᱟᱭ ᱫᱚ ᱫᱷᱚᱝᱥᱚ ᱨᱮᱭᱟᱜ ᱠᱚ ᱠᱩᱨᱩᱢᱩᱴᱩ ᱞᱮᱫᱟ ᱩᱱᱠᱩ ᱾
बहुत बहुत धन्यवाद.	ᱟᱭᱢᱟ ᱥᱟᱨᱦᱟᱣ ᱾
उसी तरह, अगर हम चाहते हैं कि हमारे पास बाइबल का ज्ञान हो, तो हम अपने विवेक की रक्षा कर सकते हैं ।	ᱥᱮᱴᱮᱨᱚᱜ ᱚᱠᱛᱮ ᱤᱞᱮᱠᱴᱨᱚᱱᱤᱠ ᱴᱳᱠᱮᱱ ᱤᱥᱥᱩᱣᱮᱱᱥ ᱟᱨ ᱯᱤᱮᱥᱠᱮ ᱨᱮ ᱥᱟᱨᱵᱷᱤᱥ ᱢᱩᱪᱟᱹᱫ ᱛᱟᱭᱚᱢ ᱤᱞᱮᱠᱴᱨᱚᱱᱤᱠ ᱮᱠᱡᱤᱴ ᱞᱮᱴᱟᱨ ᱫᱚ ᱯᱮᱯᱟᱨ ᱞᱮᱥ ᱥᱟᱨᱵᱷᱤᱥ ᱮᱢ, ᱦᱚᱭᱞᱚᱝ ᱨᱩᱠᱷᱭᱟᱹᱭ ᱟᱨ ᱰᱤᱡᱤᱴᱟᱞ ᱤᱱᱰᱤᱭᱟ ᱨᱮᱭᱟᱜ ᱦᱟᱹᱲᱤᱭᱟᱹᱲ ᱠᱟᱹᱢᱤᱦᱚᱨᱟ ᱠᱩ ᱩᱛᱷᱱᱟᱹᱣ ᱦᱚᱨᱟ ᱨᱮ ᱪᱟᱹᱞᱩᱣᱟᱠᱟᱱᱟ ᱾
क्या आप मेरी मदद कर सकते हैं?	ᱪᱮᱫ ᱟᱢ ᱤᱧᱮᱢ ᱜᱚᱲᱚ ᱟᱹᱧᱟ?
इस इलाके में बहुत - से पेड़ - पौधे पाए जाते हैं ।	ᱫᱟᱢᱟᱱ ᱢᱮᱴᱟᱞ ᱠᱩ ᱞᱟᱭ ᱚᱠᱛᱮ ᱪᱮᱛᱟᱱ ᱦᱟᱥᱟ ᱚᱪᱚᱜ ᱟᱨ ᱚᱱᱟ ᱵᱮᱲᱦᱟᱭᱛᱮ ᱢᱮᱱᱟᱜ ᱪᱟᱥ ᱟᱹᱵᱟᱹᱫᱤ ᱠᱷᱮᱛ ᱠᱩᱭ ᱱᱚᱥᱴᱚᱭ ᱫᱚ ᱦᱟᱥᱟ ᱠᱚᱢᱚᱽ ᱨᱮᱱᱟᱜᱮᱴᱟᱜ ᱢᱤᱴᱴᱮᱱ ᱢᱟᱛᱨᱟ ᱠᱟᱱᱟ ᱾
कुछ क्षेत्रों में एक मिनट के लिए गरम पानी काफी है, दूसरों में अनेक मिनटों की ज़रूरत है ।	ᱛᱤᱱᱟᱹᱜ ᱜᱟᱱ ᱡᱟᱭᱜᱟ ᱨᱮ ᱢᱤᱫ ᱴᱤᱯᱤᱡ ᱞᱟᱹᱜᱤᱫ ᱯᱷᱩᱴᱟᱹᱣᱜ ᱫᱟᱜ ᱯᱟᱨᱭᱟᱯᱛ ᱜᱮᱭᱟ, ᱮᱴᱟᱜ ᱡᱟᱭᱜᱟ ᱨᱮ ᱟᱭᱢᱟ ᱴᱤᱯᱤᱡ ᱨᱮᱭᱟᱜ ᱫᱚᱨᱠᱟᱨ ᱠᱟᱱᱟ᱾
ज़रूर!	ᱥᱟᱹᱨᱤ ᱜᱮ !
वैज्ञानिकों ने सुझाव दिया कि, हालांकि यह एक युवा फ़्लॉसर की पूंछ है, नमूना वयस्कों को दिखाई देता है और एक लड़की के नीचे नहीं.	ᱛᱚᱞᱟᱥ ᱟᱱᱤᱡ ᱠᱚ ᱞᱟᱹᱭ ᱠᱮᱫᱼᱟ ᱡᱮ, ᱦᱩᱭ ᱫᱟᱲᱮᱭᱟᱜᱼᱟ ᱱᱚᱶᱟ ᱡᱮ ᱢᱤᱫ ᱡᱩᱣᱟᱹᱱ ᱰᱟᱭᱱᱟᱥᱳᱨ ᱟᱜ ᱪᱩᱯᱤ ᱢᱮᱱᱟᱜᱼᱟ, ᱱᱚᱢᱩᱱᱟ ᱣᱭᱟᱥᱠ ᱤᱞ ᱩᱫᱩᱜᱚᱜ ᱠᱟᱱᱟ, ᱵᱟᱝ ᱫᱚ ᱢᱤᱫ ᱪᱤᱠ ᱰᱟᱣᱩᱱ᱾
MTP कार्य विवरण है कि 12 सप्ताह तक समाप्त करने के लिए, एक पंजीकृत चिकित्सीय प्रमोदक की राय (RPPP) की आवश्यकता है, और 12 से 20 सप्ताह के बीच बन्द करने के लिए, दो रफ़ों की राय जरूरी है.	ᱮᱢ ᱴᱤ ᱯᱤ ᱟᱹᱱᱨᱮ ᱢᱮᱱᱟᱜ ᱡᱟᱦᱟᱸ ᱑᱒ ᱦᱟᱯᱛᱟ ᱦᱟᱹᱵᱤᱡ ᱩᱰᱩᱠᱥᱟᱦᱟ ᱞᱟᱹᱜᱤᱫ ᱢᱤᱫᱛᱤᱠᱤᱪᱪᱷᱚᱠ ᱟᱜ ᱫᱤᱥᱦᱩᱫᱤᱥ (ᱟᱨ ᱮᱢ ᱯᱤ) ᱞᱟᱹᱠᱛᱤ ᱠᱟᱱᱟ ᱟᱨ ᱑᱒ ᱥᱮ ᱒᱐ ᱦᱟᱯᱛᱟ ᱢᱩᱫᱽᱨᱮ ᱩᱰᱩᱠᱥᱟᱦᱟ ᱞᱟᱹᱜᱤᱫ ᱵᱟᱨᱦᱚᱲ ᱟᱨ ᱮᱢ ᱯᱤ ᱼᱟᱜ ᱫᱤᱥᱦᱩᱫᱤᱥ ᱞᱟᱹᱠᱛᱤ ᱠᱟᱱᱟ ᱾
मेरे लिए और मेरी बेटी वास्तव में.	ᱟᱥᱚᱠᱟᱭᱛᱮ ᱤᱧᱟᱹᱜ ᱟᱨ ᱤᱧᱨᱮᱱ ᱠᱩᱲᱤᱜᱤᱫᱽᱨᱟᱹ ᱞᱟᱹᱜᱤᱫ ᱾
मेरे पास पाँच मुर्गी हैं।	ᱤᱧ ᱴᱷᱮᱱ ᱢᱚᱬᱮ ᱜᱚᱴᱟᱝ ᱢᱩᱠᱨᱤ ᱢᱮᱱᱟᱜᱼᱟ ᱠᱚᱣᱟ।
हम अकसर मेगाया जाते हैं और सड़कों और जगहों में सुंदर हैं ।	ᱟᱞᱮᱫᱚ ᱡᱟᱣᱜᱮ ᱢᱮᱜᱷᱟᱞᱚᱭᱞᱮ ᱪᱟᱞᱟᱜᱼᱟ ᱪᱮᱫᱟᱜ ᱥᱮ ᱚᱸᱰᱮᱫᱚ ᱦᱚᱨ ᱟᱨ ᱴᱷᱟᱶ ᱵᱟᱱᱟᱨᱜᱮ ᱱᱟᱯᱟᱭᱟ ᱾
इस उपचार कार्य विशेषता, जो "रविस्ट स्टोटोनी" के रूप में जाना जाता है या "Rosciocioviocss" के प्रशासन का काम करता है।	ᱱᱚᱣᱟ ᱛᱤᱠᱤᱛᱪᱷᱟ ᱦᱚᱨᱟ, ᱡᱟᱸᱦᱟ ᱫᱚ ''ᱨᱮᱰᱤᱭᱮᱥᱚᱱ ᱥᱟᱭᱱᱳᱵᱷᱮᱠᱴᱳᱢᱤ'' ᱥᱮ ''ᱨᱮᱰᱤᱳᱥᱟᱭᱱᱳᱵᱷᱤᱭᱟᱨᱛᱷᱮᱥᱤᱥ'' ᱧᱩᱛᱩᱢ ᱛᱮ ᱩᱯᱨᱩᱢ, ᱮᱥᱮᱨᱟᱱ ᱡᱚᱲᱟᱣ ᱠᱚ ᱨᱮᱭᱟᱜ ᱥᱟᱭᱱᱳᱵᱷᱤᱭᱟᱞ ᱵᱷᱩᱜᱟᱹᱜ ᱨᱮ ᱨᱮᱰᱤᱳᱣᱮᱵᱮᱞ ᱢᱮᱥᱟ ᱫᱟᱱᱟ ᱥᱮ ᱨᱮᱰᱤᱳᱣᱮᱵᱮᱞ ᱢᱮᱥᱟ ᱠᱚᱞᱭᱮᱰ ᱨᱮᱭᱟᱜ ᱥᱟᱥᱚᱱᱛᱟᱹᱨᱤᱭ ᱵᱟᱦᱟᱞ ᱠᱚᱣᱟ ᱾
हम स्वाभाविक रूप से एक मात्र पुरुष के दृष्टिकोण के इस ऐतिहासिक अधिवेशन को स्वीकार करते हैं ।	ᱢᱤᱫ ᱪᱤᱴᱤᱭᱟᱹ ᱠᱚᱲᱟ ᱠᱚᱣᱟᱜ ᱢᱤᱫ ᱵᱚᱨᱱᱚᱱ ᱟᱱᱟᱜ ᱯᱨᱚᱛᱷᱟ ᱞᱮᱠᱟᱛᱮ ᱥᱟᱵᱷᱟᱵᱤᱠ ᱞᱮᱠᱟᱛᱮᱵᱚᱱ ᱵᱚᱱ ᱟᱯᱱᱟᱨᱟ ᱾
गिनती: सौ।	ᱞᱮᱠᱷᱟ: ᱥᱟᱭ।
यह संयुक्त राज्य अमेरिका के इतिहास में 39वां राष्ट्रपति चुनाव था।	ᱱᱚᱶᱟ ᱫᱚ ᱛᱟᱦᱮᱸ ᱠᱟᱱᱟ ᱢᱟᱨᱠᱤᱱ ᱡᱩᱠᱛᱚᱨᱟᱥᱴᱨᱚ ᱨᱮᱭᱟᱜ ᱱᱟᱜᱟᱢ ᱨᱮ ᱓᱙ ᱟᱱᱟᱜ ᱫᱤᱥᱚᱢ ᱜᱚᱝᱠᱮ ᱵᱟᱪᱷᱱᱟᱣ ᱾
एक बार तालीम दी जाती है, तो यह एक ऐसा आदर्श होता है, जो आम तौर पर कहे शब्दों का इस्तेमाल कर सकता है या फिर कुछ और शब्दों को दोहरा सकता है ।	ᱢᱤᱫᱽᱫᱷᱚᱢ ᱥᱮᱪᱮᱫ ᱟᱠᱟᱱ ᱛᱟᱭᱚᱢ ᱱᱚᱶᱟ ᱞᱮᱠᱟᱱ ᱢᱚᱰᱮᱞ ᱥᱚᱢᱟᱨᱛᱷᱚᱠ ᱥᱟᱵᱟᱫ ᱠᱚ ᱛᱩᱝᱠᱷ ᱫᱟᱲᱮᱭᱟᱜᱼᱟᱭ ᱥᱮ ᱛᱷᱚᱲᱟ ᱟᱹᱭᱟᱹᱛ ᱞᱟᱹᱜᱤᱫ ᱟᱹᱰᱤ ᱰᱷᱮᱨ ᱥᱟᱵᱟᱫ ᱨᱮᱭᱟᱜ ᱤᱥᱟᱹᱨᱟᱭ ᱮᱢ ᱫᱟᱲᱮᱭᱟᱜᱼᱟ ᱾
मुझे बहुत खुशी है कि मैनेजर ने कहा कि वह इस हफ्ते के शो में मॉडल्स को मेरे द्वारा बनाए गए कपड़े पहनने देंगी।	ᱤᱧ ᱟᱹᱰᱤ ᱠᱩᱥᱤ ᱡᱮ ᱢᱮᱱᱮᱡᱟᱨᱼᱮ ᱢᱮᱱ ᱟᱠᱟᱫᱟ ᱩᱱᱤ ᱫᱚ ᱢᱚᱰᱮᱞ ᱠᱚ ᱱᱚᱣᱟ ᱦᱟᱯᱛᱟ ᱨᱮᱭᱟᱜ ᱥᱳᱨᱮ ᱤᱧᱟᱜ ᱵᱮᱱᱟᱣ ᱠᱤᱪᱨᱤᱡᱼᱮ ᱦᱚᱨᱚᱜ ᱚᱪᱚᱠᱚᱣᱟ ᱾
भारत गेट और अंत में रेड के लिए.	ᱤᱱᱰᱤᱭᱟ ᱜᱮᱴᱛᱮ ᱟᱨ ᱢᱩᱪᱟᱹᱫᱨᱮ ᱫᱚ ᱨᱮᱰᱯᱷᱳᱨᱰ ᱾
यह ख़ासकर स्कूल छोड़नेवालों के साथ लोकप्रिय है, और उन्हें विश्‍वविद्यालय से पहले एक साल लेने की अनुमति देते हैं, और अपनी शिक्षा का समझौता किए बिना ।	ᱱᱚᱣᱟ ᱫᱚ ᱤᱥᱠᱩᱞ ᱵᱟᱹᱜᱤ ᱟᱠᱟᱫ ᱠᱚ ᱥᱟᱶᱛᱮ ᱵᱤᱥᱮᱥ ᱞᱮᱠᱟ ᱛᱮ ᱞᱳᱠᱯᱨᱤᱭᱚ ᱢᱮᱱᱟᱜᱼᱟ, ᱡᱟᱦᱟᱸ ᱨᱮ ᱩᱱᱠᱩ ᱟᱠᱚᱣᱟ ᱥᱮᱪᱮᱫ ᱥᱟᱶᱛᱮ ᱥᱚᱢᱡᱷᱳᱛᱟ ᱵᱮᱜᱚᱨ ᱛᱮ, ᱡᱮᱜᱮᱛ ᱵᱤᱨᱫᱟᱹᱜᱟᱲ ᱠᱷᱚᱱ ᱢᱤᱫ ᱥᱮᱨᱢᱟ ᱢᱟᱬᱟᱝ ᱩᱰᱩᱠᱚᱜ ᱨᱮᱭᱟᱜ ᱚᱱᱩᱢᱟᱛᱤ ᱠᱚ ᱧᱟᱢᱟ᱾
ओह, ठीक है!	ᱳᱦ, ᱴᱷᱤᱠᱜᱮᱭᱟ ! ᱚᱱᱟ ᱫᱚ ᱠᱚᱨᱟᱣ ᱜᱟᱱᱚᱜᱼᱟ ᱾
यह 1979 में बनाया गया था और 1983 में खोला गया था।	ᱱᱚᱶᱟ ᱫᱚ ᱑᱙᱗᱙ ᱥᱟᱞ ᱨᱮ ᱵᱮᱱᱟᱣ ᱞᱮᱱᱟ ᱟᱨ ᱑᱙᱘᱓ ᱥᱟᱞ ᱨᱮ ᱠᱷᱩᱞᱟᱹᱣ ᱦᱩᱭ ᱞᱮᱱᱟ ᱾
वह उस वर्ग को हटाने के लिए लड़ा जो समाज में प्रबल था, है ना?	ᱥᱟᱶᱛᱟᱨᱮ ᱢᱮᱱᱟᱜ ᱡᱟᱹᱛᱤ ᱵᱷᱮᱯᱮᱜᱮᱫᱽ ᱚᱪᱚᱜ ᱞᱟᱹᱜᱤᱫᱽᱮ ᱞᱟᱹᱲᱦᱟᱹᱭᱞᱮᱱᱟ, ᱥᱮ ᱵᱟᱝ ?
बचत खाते पर ब्याज दरों में कटौती ने आवश्यक वस्तुओं पर खर्च करने की मेरी क्षमता को कम कर दिया है।	ᱥᱮᱵᱷᱤᱝᱥ ᱮᱠᱟᱣᱩᱱᱴ ᱨᱮ ᱥᱩᱫ ᱨᱮᱭᱟᱜ ᱦᱟᱨ ᱠᱚᱢ ᱠᱷᱟᱹᱛᱤᱨᱛᱮ ᱤᱧᱟᱹᱜ ᱞᱟᱹᱠᱛᱤᱭᱟᱱ ᱡᱤᱱᱤᱥ ᱠᱚᱨᱮ ᱠᱷᱚᱨᱚᱪ ᱨᱮᱭᱟᱜ ᱫᱟᱲᱮ ᱠᱚᱢ ᱟᱠᱟᱱᱟ ᱾
आम संगीत के नीचे एक समूह होता है, जो ऑरया संगीत का एक महत्त्वपूर्ण भाग बनता है ।	ᱨᱟᱜ, ᱨᱚᱝᱜᱤᱞᱟ ᱪᱳᱣᱯᱚᱫᱤ, ᱮᱢᱟᱱ ᱪᱮᱛᱟᱱ ᱴᱮᱦᱟᱰᱟᱠᱟᱱ ᱵᱷᱚᱡᱚᱱ, ᱡᱚᱱᱚᱱ ᱟᱨ ᱩᱲᱤᱭᱟᱹ ᱥᱮᱨᱮᱧᱠᱩ ᱦᱟᱞᱠᱟ ᱥᱟᱥᱛᱨᱤᱭᱚ ᱥᱚᱝᱜᱤᱛ ᱢᱩᱫᱨᱮ ᱦᱟᱹᱴᱤᱧᱥᱟᱹᱢᱩᱧᱚᱜᱼᱟ, ᱡᱟᱦᱟᱸ ᱫᱚ ᱩᱰᱤᱭᱟᱹ ᱥᱚᱝᱜᱤᱛᱨᱮᱭᱟᱜ ᱢᱤᱫᱴᱟᱝ ᱧᱩᱢᱟᱱᱟᱜ ᱵᱤᱵᱷᱟᱹᱜᱮ ᱵᱮᱱᱟᱣᱼᱟ ᱾
आप एक नहीं कर रहे हैं किसने कहा?	ᱚᱠᱚᱭ ᱞᱟᱹᱭ ᱮᱫᱟ ᱟᱢ ᱮᱠᱞᱟ ᱫᱚ ᱵᱟᱝ ?
यह लड़ाई बहुत महत्वपूर्ण थी, और दोनों पक्षों के कई सैनिक मारे गए थे।	ᱞᱟᱹᱲᱦᱟᱹᱭ ᱫᱚ ᱟᱹᱰᱤ ᱜᱩᱨᱩᱛᱛᱚᱯᱩᱨᱱᱚ ᱛᱟᱦᱮᱸ ᱠᱟᱱᱟ ᱟᱨ ᱵᱟᱱᱟᱨ ᱯᱟᱦᱚᱴᱟᱨᱮᱱ ᱜᱮ ᱟᱭᱢᱟ ᱯᱷᱟᱹᱫ ᱠᱚ ᱜᱚᱡ ᱞᱮᱱᱟ ᱾
मैंने कभी नहीं सोचा था कि मेरा क्रेडिट कार्ड इस लाउंज में काम करेगा!	ᱤᱧ ᱫᱚᱛᱤᱥ ᱦᱚᱸ ᱵᱟᱹᱧ ᱩᱭᱦᱟᱹᱨ ᱟᱠᱟᱫᱼᱟ ᱡᱮ ᱤᱧᱟᱹᱜ ᱠᱨᱮᱰᱤᱴ ᱠᱟᱨᱰ ᱱᱚᱶᱟ ᱞᱟᱣᱩᱱᱡ ᱨᱮᱭ ᱠᱟᱹᱢᱤᱭᱟ ᱢᱮᱱᱛᱮ !
तुम्हारा क्या मतलब है? क्या वह फिर कभी नहीं चल पाएगी?	ᱟᱢ ᱫᱚ ᱪᱮᱫᱮᱢ ᱵᱩᱡᱷᱦᱟᱹᱣᱮᱢ ᱠᱷᱚᱡ ᱠᱟᱱᱟ ? ᱩᱱᱤ ᱫᱚ ᱪᱮᱫ ᱟᱨ ᱵᱟᱭ ᱛᱟᱲᱟᱢ ᱫᱟᱲᱮᱭᱟᱜᱼᱟ ?
इस देश के अंदर जो जानवर पैदा हुए हैं या जिन्हें अपने आप नष्ट कर दिया गया है, उन्हें भी इस देश में भारतीय या एशियाई मुर्गी, जावा स्पोरोस, और सुनोइनोस शामिल है ।	ᱧᱩᱢᱟᱱ ᱛᱩᱣᱟᱧᱩ ᱡᱤᱭᱟᱹᱞᱤ, ᱡᱟᱦᱟᱸ ᱫᱚ ᱫᱤᱥᱟᱹᱢ ᱛᱟᱞᱟᱨᱮ ᱜᱤ ᱢᱩᱪᱷᱟᱹᱣᱟᱠᱟᱱᱟ ᱥᱮ ᱢᱩᱪᱷᱟᱹᱣᱟᱠᱟᱱ ᱢᱮᱱᱛᱮ ᱜᱤ ᱥᱟᱵᱚᱜᱽᱠᱟᱱᱟ, ᱚᱱᱟᱠᱩ ᱢᱩᱫᱨᱮᱠᱩ ᱦᱩᱭᱩᱜᱽᱠᱟᱱᱟ ᱵᱷᱟᱨᱚᱛᱤᱭᱟᱹ ᱥᱮ ᱮᱥᱤᱭᱟᱴᱤᱠ ᱪᱤᱛᱟ, ᱡᱟᱵᱷᱟ ᱫᱤᱥᱟᱹᱢᱤᱭᱟᱹ ᱜᱚᱱᱰᱟᱨ ᱟᱨ ᱥᱩᱢᱟᱛᱨᱟᱨᱮᱱ ᱜᱚᱱᱰᱟᱨ ᱾
विशेष रूप से भारत में जहाँ देखने के लिए कुछ खास नहीं है!	ᱠᱷᱟᱥ ᱠᱟᱨᱛᱮ ᱵᱷᱟᱨᱚᱛᱨᱮ ᱡᱟᱦᱟᱸᱨᱮ ᱧᱮᱞ ᱞᱮᱠᱟᱱᱟᱜ ᱠᱷᱟᱥ ᱫᱚ ᱵᱟᱹᱱᱩᱜᱼᱟ !
जैसे ही पेंसिल बनाने की कोशिश की जाती है, वैसे ही पेंसिल बनाने के लिए बड़े - बड़े काँच की पेंसिलें बनायी जाती हैं ।	ᱰᱤᱥᱯᱮᱱᱥᱟᱨ ᱞᱟᱜᱟᱭᱛᱮ ᱥᱤᱥᱟᱢ ᱜᱞᱟᱥ ᱫᱚ ᱢᱤᱢᱤᱫ ᱯᱮᱱᱥᱤᱞ ᱨᱮ ᱥᱤᱥᱟᱢ ᱜᱞᱟᱥ ᱨᱮᱭᱟᱜ ᱵᱤᱥᱟᱹᱥ ᱠᱟᱭᱫᱟ ᱦᱚᱛᱮᱛᱮ ᱥᱤᱮᱥ ᱜᱞᱟᱥ ᱯᱮᱱᱥᱤᱞ ᱠᱩ ᱵᱮᱱᱟᱣ ᱞᱟᱹᱜᱤᱫ ᱪᱩᱞᱦᱟᱹ ᱨᱮ ᱫᱚᱲᱦᱟᱛᱮ ᱜᱟᱞᱟᱣ ᱞᱟᱹᱜᱤᱫ ᱥᱟᱹᱝᱜᱤᱧ ᱠᱷᱚᱱ ᱡᱟᱨᱣᱟ ᱦᱩᱭᱩᱜ ᱠᱟᱱᱟ ᱾
हालाँकि तटीय एक और सबसे बड़ी झीलें वास्तव में एक छोटी नाव, या यहाँ तक कि एक छोटी नाव भी एक भिन्‍न अनुभव प्रस्तुत करती हैं ।	ᱢᱮᱱᱠᱷᱟᱱ ᱟᱲᱮ ᱨᱮᱭᱟᱜ ᱫᱤᱯᱜᱟᱫᱮᱞ ᱠᱚ ᱟᱨ ᱡᱚᱛᱚ ᱠᱷᱚᱱ ᱞᱟᱹᱴᱩ ᱡᱚᱞᱟᱯᱩᱠᱷᱨᱤ ᱥᱟᱹᱨᱤ ᱜᱮ ᱡᱟᱦᱟᱸᱱ ᱞᱟᱹᱣᱠᱟᱹ ᱥᱟᱝᱜᱷᱟᱨ ᱞᱟᱹᱜᱤᱫ ᱫᱚ ᱟᱹᱰᱤ ᱞᱟᱹᱴᱩ ᱜᱮᱭᱟ, ᱠᱟᱹᱴᱤᱡ ᱞᱟᱹᱣᱠᱟᱹ ᱥᱮ ᱱᱚᱱᱰᱮ ᱦᱟᱹᱵᱤᱡ ᱡᱮ ᱢᱤᱫ ᱰᱚᱝᱜᱟ ᱨᱮᱭᱟᱜ ᱡᱩᱫᱟᱹ ᱟᱴᱠᱟᱨ ᱚᱪᱚᱭᱟ᱾
1947 में ब्लेकी ने 'द जैज़ मेसेंजर्स' नामक एक ऑक्टेट के साथ रिकॉर्डिंग की।	᱑᱙᱔᱗ ᱥᱟᱞ ᱨᱮ ᱵᱞᱮᱠᱤ ᱡᱮᱹᱡ ᱢᱮᱥᱮᱧᱡᱟᱨ ᱧᱩᱛᱩᱢ ᱛᱮ ᱢᱤᱫᱴᱟᱝ ᱚᱠᱴᱮᱴ ᱛᱮᱢ ᱨᱮᱠᱚᱨᱰ ᱞᱮᱫᱟ ᱾
लेकिन, अगर आप तकनीक में जाना चाहते हैं, तो मुझे लगता है कि चीनी लेने के लिए बेहतर होगा.	ᱮᱱᱠᱷᱟᱱ, ᱟᱢ ᱡᱚᱫᱤ ᱦᱚᱨᱟ ᱞᱮᱠᱟᱛᱮ ᱪᱟᱞᱟᱜ ᱥᱟᱱᱟᱢᱮᱭᱟ, ᱤᱧ ᱢᱚᱱᱮᱭᱟ ᱪᱤᱱᱟ ᱯᱟᱹᱨᱥᱤ ᱟᱸᱜᱚᱪ ᱵᱷᱟᱜᱮ ᱦᱩᱭᱩᱜᱼᱟ ᱾
यह अलविदा नहीं होने जा रहा है ।	⁣⁣"ᱱᱩᱭ ᱵᱤᱫᱟᱹᱭ ᱞᱟᱹᱜᱤᱫ ᱫᱚ ᱵᱟᱭ ᱥᱮᱱᱚᱜ ᱠᱟᱱᱟ᱾ ᱱᱩᱭ ᱫᱚ ᱢᱤᱫ ᱥᱟᱦᱴᱟ ᱵᱚᱸᱫᱽ ᱠᱟᱛᱮ ᱱᱟᱶᱟ ᱴᱟᱜ ᱮ ᱡᱷᱤᱡ ᱮᱫᱼᱟ᱾"
भारत के क्षेत्र में जंगल का हिस्सा सुप्रसिद्ध नैशनल पार्क कहा जाता है ।	ᱥᱩᱱᱫᱚᱨᱵᱚᱱ ᱫᱚ ᱭᱩᱱᱮᱥᱠᱚ ᱣᱟᱨᱞᱰ ᱦᱮᱨᱤᱴᱮᱡᱽ ᱥᱟᱭᱤᱴ ᱞᱮᱠᱟᱛᱮ ᱩᱪᱷᱟᱹᱱ ᱟᱠᱟᱱᱟ᱾ ᱥᱤᱧᱚᱛ ᱴᱚᱴᱷᱟ ᱵᱷᱤᱛᱨᱤ ᱨᱮᱭᱟᱜ ᱵᱤᱨ ᱫᱚ ᱥᱩᱱᱫᱚᱨᱵᱚᱱ ᱱᱮᱥᱟᱱᱟᱞ ᱯᱟᱨᱠ ᱠᱚ ᱢᱮᱛᱟᱜᱼᱟ᱾
छत्तीस	ᱯᱮ ᱜᱮᱞ ᱛᱩᱨᱩᱭ
एप्पल प्रचारक काउकी ने कहा है कि 'कुछ है कि पर गिर गया था" जबकि मैंने 2014 में समझाया है कि "लोग एक अविश्वसनीय निजी रिश्ता है" के साथ.	ᱮᱯᱮᱞᱨᱮᱱ ᱯᱟᱥᱱᱟᱣᱤᱡᱽ ᱦᱚᱲ ᱠᱟᱣᱟᱥᱟᱠᱤ ᱵᱨᱮᱱᱰ ᱱᱚᱶᱟ ᱟᱸᱫᱷᱟ ᱯᱟᱹᱛᱭᱟᱹᱣ ᱫᱚ ''ᱡᱟᱦᱟᱸᱱᱟᱜᱨᱮ ᱟᱪᱠᱟ ᱛᱚᱦᱚᱫ ᱞᱮᱱᱟ'' ᱢᱮᱱᱛᱮᱭ ᱢᱮᱛᱟᱜ ᱛᱟᱸᱦᱮᱜ, ᱤᱧ ᱡᱚᱠᱷᱚᱱ ᱒᱐᱑᱔ ᱥᱟᱹᱦᱤᱛᱨᱮᱧ ᱵᱤᱥᱲᱤ ᱞᱮᱫᱟ ᱡᱮ ᱮᱯᱮᱞ ᱨᱮᱭᱟᱜ ᱫᱩᱨᱤᱵᱽᱠᱚ ᱥᱟᱶᱛᱮ ''ᱦᱚᱲ ᱠᱚᱣᱟᱜ ᱢᱤᱫ ᱵᱟᱝ ᱯᱟᱹᱛᱭᱟᱹᱜ ᱞᱮᱠᱟᱱ ᱟᱯᱱᱟᱨ ᱥᱟᱹᱜᱟᱹᱭ ᱢᱮᱱᱟᱜᱼᱟ'' ᱾
ऐसी बदबू आ रही है जैसे इस कमरे में कोई चूहा मर गया हो।	ᱢᱚᱱᱮ ᱦᱩᱭᱩᱜ ᱠᱟᱱᱟ ᱱᱚᱣᱟ ᱚᱲᱟᱜ ᱨᱮ ᱜᱩᱰᱩᱭ ᱜᱚᱡ ᱟᱠᱟᱱᱟ ᱾
सन्‌ 1602 में जब डच कप्तान, योज़ेफ बोल्गार्‌ श्‍बर्गन पहुँचा, तो उसे मदद के लिए उससे बिनती की ।	᱑᱖᱐᱒ ᱠᱷᱨᱤᱥᱴᱟᱵᱫᱽᱨᱮ ᱡᱚᱠᱷᱚᱱ ᱳᱞᱚᱱᱫᱟᱡ ᱠᱮᱯᱴᱮᱱ ᱡᱳᱨᱤᱥ ᱵᱷᱮᱱ ᱥᱯᱤᱞᱵᱟᱨᱜᱮᱱᱮ ᱦᱮᱡᱽᱞᱮᱱᱟ ᱛᱚᱠᱷᱚᱱ ᱠᱮᱱᱰᱤᱨᱮᱱ ᱨᱟᱡᱟ ᱩᱱᱤᱴᱷᱮᱱ ᱜᱚᱲᱚᱨᱮᱭᱟᱜᱼᱮ ᱟᱨᱚᱡᱽᱞᱮᱫᱟ ᱾
ओह, सच में?	ᱳᱦ, ᱥᱟᱹᱨᱤᱜᱮ ?
यह संख्या इस बात पर निर्भर करती है कि पात्र किस स्तर का है।	ᱱᱚᱣᱟ ᱞᱮᱠᱷᱟ ᱫᱚ ᱪᱟᱹᱨᱤᱛ ᱚᱠᱟ ᱞᱮᱵᱮᱞ ᱨᱮᱭᱟᱜ ᱠᱟᱱᱟ ᱚᱱᱟ ᱪᱮᱛᱟᱱ ᱨᱮᱭ ᱴᱮᱦᱟᱰᱼᱟ ᱾
वह पीडीटी और एमडीबी के सदस्य थे।	ᱩᱱᱤ ᱫᱚ ᱯᱤ ᱰᱤ ᱴᱤ ᱟᱨ ᱮᱢ ᱰᱤ ᱵᱤ ᱨᱮᱱ ᱨᱟᱹᱥᱭᱟᱹᱭ ᱛᱟᱦᱮᱸ ᱠᱟᱱᱟ ᱾
अगले हफ्ते, जब वसंत - ऋतु में वसंत - ऋतु में ऑस्ट्रेलिया खेलती है, तब श्रंखला का आखिरी जोड़ एलस पार्क में होगा ।	ᱥᱤᱨᱤᱡᱽ ᱨᱮᱱᱟᱜ ᱯᱷᱟᱭᱱᱟᱞ ᱢᱮᱭᱪ ᱫᱚᱥᱟᱨ ᱦᱟᱯᱛᱟ ᱡᱚᱦᱟᱱᱵᱟᱨᱜᱽ ᱨᱮᱱᱟᱜ ᱮᱞᱤᱥ ᱯᱟᱨᱠ ᱨᱮ ᱦᱩᱭᱩᱜᱼᱟ, ᱡᱚᱠᱷᱚᱱ ᱥᱯᱨᱤᱝᱜᱽᱵᱚᱠᱥ ᱟᱥᱴᱨᱮᱞᱤᱭᱟ ᱠᱷᱚᱱ ᱠᱚ ᱠᱷᱮᱞᱚᱜᱼᱟ᱾
वाह! क्या ये सेब जापान के हैं?	ᱳᱣᱟᱣ! ᱱᱚᱣᱟ ᱟᱯᱮᱞ ᱠᱚᱫᱚ ᱪᱮᱫ ᱡᱟᱯᱟᱱ ᱠᱷᱚᱱ ᱦᱤᱡᱩᱜ ᱠᱟᱱᱟ ?
वे 10वीं और 12वाँ मानक नंबरों को भी देखते हैं ।	ᱩᱝᱠᱩ ᱫᱚ ᱑᱐ ᱟᱨ ᱑᱒ ᱛᱷᱟᱹᱨ ᱜᱨᱟᱰ ᱦᱚᱸᱠᱩ ᱧᱮᱞᱟ ᱾
आमतौर पर, व्यापार के लिए खोजने में कोई बिंदु नहीं है या पहली-क्लास सीट्स ए बी से सीधे उड़ान पर.	ᱟᱥᱚᱠᱟᱭᱛᱮ ᱞᱟᱹᱭ ᱞᱮᱠᱷᱟᱱ, ᱮ ᱠᱷᱚᱱ ᱵᱤ ᱦᱟᱹᱵᱤᱡ ᱥᱤᱫᱷᱟᱹ ᱩᱰᱟᱹᱱ ᱨᱮᱭᱟᱜ ᱵᱤᱡᱽᱱᱮᱥ ᱵᱟᱝᱢᱟ ᱯᱷᱟᱥᱴ ᱠᱞᱟᱥ ᱨᱮᱭᱟᱜ ᱥᱤᱴᱠᱚ ᱞᱟᱹᱜᱤᱫ ᱪᱷᱩᱴ ᱨᱮᱭᱟᱜ ᱛᱚᱞᱟᱥ ᱨᱮ ᱪᱮᱫ ᱢᱮᱱᱮᱛ ᱦᱚᱸ ᱵᱟᱹᱱᱩᱜᱼᱟ᱾
एक गाड़ी में, वे वापस पैरिस चले गए ।	ᱢᱤᱫᱴᱟᱝ ᱠᱮᱨᱮᱡᱽ ᱛᱮ, ᱩᱱᱠᱩ ᱯᱭᱟᱨᱤᱥ ᱠᱚ ᱨᱩᱣᱟᱹᱲᱮᱱᱟ ᱵᱷᱤᱲ ᱦᱚᱲ ᱨᱟᱡᱽ ᱟᱨ ᱨᱟᱹᱱᱤ ᱵᱩᱨᱩᱫᱽ ᱨᱮ ᱠᱚ ᱨᱚᱦᱮᱫ ᱟᱨ ᱫᱷᱚᱢᱠᱟᱣᱮᱫ ᱛᱟᱦᱮᱸᱫ᱾
जैसा बाप, वैसा बेटा। सर, कृपया सार्वजनिक रूप से नाक में उंगली डालना बंद करें।	ᱡᱮᱢᱚᱱ ᱵᱟᱵᱟ, ᱚᱝᱠᱟᱜᱮ ᱜᱤᱫᱨᱟᱹ ᱾ ᱢᱟᱪᱮᱫ ᱜᱚᱢᱠᱮ, ᱦᱚᱲ ᱥᱟᱢᱟᱝ ᱨᱮ ᱢᱩᱸ ᱦᱚᱴᱚᱨ ᱵᱚᱱᱫᱚᱭ ᱢᱮ ᱾
जब फ़ाइल पढ़ी जाती है, तो विभिन्न भागों को इकट्ठा किया जाना चाहिए।	ᱯᱷᱟᱭᱤᱞ ᱯᱟᱲᱦᱟᱣ ᱚᱠᱛᱚ, ᱵᱷᱮᱜᱟᱨ ᱦᱤᱸᱥ ᱫᱚ ᱡᱟᱣᱨᱟᱭ ᱦᱩᱭᱩᱜᱼᱟ ᱾
वह चेस्टरहोम में विंडोलैंडा को संरक्षित करने के अपने कार्यों के लिए जाने जाते थे।	ᱩᱱᱤ ᱫᱚ ᱪᱮᱥᱴᱟᱨᱦᱳᱞᱢ ᱨᱮᱭᱟᱜ ᱵᱷᱤᱱᱫᱳᱞᱟᱱᱰᱟ ᱨᱩᱠᱷᱤᱭᱟᱹᱭ ᱞᱟᱹᱜᱤᱫ ᱟᱡᱟᱜ ᱠᱟᱹᱢᱤ ᱞᱟᱹᱜᱤᱫ ᱩᱯᱨᱩᱢᱮ ᱛᱟᱦᱮᱸ ᱠᱟᱱᱟ ᱾
राष्ट्रपति फ्रैंकलिन रूजवेल्ट आव्रजन कानूनों और नीतियों में बदलाव के लिए दबाव बनाने में विफल रहे।	ᱯᱨᱮᱥᱤᱰᱮᱱᱴ ᱯᱷᱨᱟᱝᱠᱞᱤᱱ ᱨᱩᱡᱵᱷᱮᱞᱴ ᱫᱚ ᱚᱵᱷᱤᱵᱟᱥᱚᱱ ᱟᱹᱱ ᱟᱨ ᱱᱤᱭᱚᱢ ᱵᱚᱱᱚᱫᱚᱞ ᱞᱟᱹᱜᱤᱫ ᱪᱟᱯ ᱮᱢᱚᱜ ᱮ ᱵᱤᱨᱛᱷᱟᱹ ᱞᱮᱱᱟ ᱾
हवाई अड्डे पर भेंट और भेंट सेवा के लिए यात्रियों के लिए और कंपनी के लिए एक महत्वपूर्ण सेवा है, क्योंकि यह यात्रियों के आने या जाने के माध्यम से साफ यात्रा करने में मदद करता है, सामान, सामान, और परिवार यात्रा के साथ मदद और एक शीघ्र, और सुरक्षित मार्ग सुनिश्चित करता है हवाई अड्डे के माध्यम से.	ᱩᱰᱟᱹᱱ ᱟᱰᱟᱨᱮ ᱢᱤᱰ ᱟᱨ ᱜᱨᱤᱴ ᱡᱚᱛᱱᱟᱣ ᱫᱚ ᱥᱟᱸᱜᱷᱟᱨᱤᱭᱟᱹ ᱠᱚ ᱥᱟᱶ ᱥᱟᱶᱛᱮ ᱠᱳᱢᱯᱟᱱᱤ ᱞᱟᱹᱜᱤᱫ ᱢᱤᱫ ᱞᱟᱹᱠᱛᱤᱭᱟᱱ ᱡᱚᱛᱱᱟᱣ ᱠᱟᱱᱟ, ᱪᱮᱫᱟᱜ ᱥᱮ ᱱᱚᱶᱟ ᱫᱚ ᱥᱟᱸᱜᱷᱟᱨᱤᱭᱟᱹ ᱠᱚᱣᱟᱜ ᱦᱤᱡᱩᱜ ᱥᱮ ᱪᱟᱞᱟᱜ ᱛᱟᱞᱟᱛᱮ ᱩᱥᱟᱹᱨᱟᱼᱴᱨᱮᱠ ᱠᱞᱤᱭᱟᱨᱮᱱᱥ ᱨᱮ ᱜᱚᱲᱚᱭ ᱮᱢᱟ, ᱩᱪᱟᱹᱲ, ᱞᱟᱜᱮᱡ ᱟᱨ ᱜᱷᱟᱸᱨᱚᱸᱡ ᱥᱟᱸᱜᱷᱟᱨ ᱨᱮᱭ ᱜᱚᱲᱚᱼᱟ ᱟᱨ ᱩᱥᱟᱹᱨᱟ, ᱥᱚᱢᱟᱱ ᱟᱨ ᱮ ᱴᱷᱟᱹᱣᱠᱟᱹᱭᱟ ᱩᱰᱟᱹᱱ ᱟᱰᱟ ᱛᱟᱞᱟᱛᱮ ᱢᱤᱫ ᱱᱤᱨᱟᱹᱭ ᱦᱚᱨ ᱨᱮᱭᱟᱜ ᱾
तो, यदि आप अपने रिश्‍तेदारों में एक वोट देने के रूप में भर्ती हो जाते हैं, जहाँ कहीं भी आप हैं, तो आपको एक वोट डालने के लिए अपने रिश्‍तेदार के पास आने की ज़रूरत है।	ᱮᱱᱠᱷᱟᱱ, ᱟᱢ ᱡᱩᱫᱤ ᱟᱢᱟᱜ ᱵᱟᱪᱷᱱᱟᱣ ᱴᱚᱴᱷᱟ ᱨᱮ ᱵᱷᱳᱴᱟᱨ ᱞᱮᱠᱟᱛᱮᱢ ᱵᱷᱩᱨᱛᱤᱜᱼᱟ, ᱟᱢ ᱡᱟᱦᱟᱸ ᱨᱮᱜᱮᱢ ᱛᱟᱦᱮᱱ ᱥᱮ, ᱵᱷᱳᱴ ᱮᱢᱚᱜ ᱞᱟᱹᱜᱤᱫ ᱫᱚ ᱟᱢᱟᱜ ᱵᱟᱪᱷᱱᱟᱣ ᱴᱚᱴᱷᱟ ᱨᱮᱜᱮ ᱦᱤᱡᱩᱜ ᱦᱩᱭᱩᱜ ᱛᱟᱢᱟ ᱾
हम इस बात पर सहमत हुए थे कि मैं आवेदन (ऐप) में दिखाई गई राशि का भुगतान करूँगा। अब आप मुझसे दोगुना शुल्क क्यों मांग रहे हैं?	ᱟᱞᱮᱞᱮ ᱨᱟᱹᱡᱤ ᱟᱠᱟᱱᱟ ᱡᱮ ᱟᱨᱡᱤᱥᱟᱠᱟᱢ ᱨᱮ ᱩᱫᱩᱜ ᱟᱠᱟᱱ ᱯᱚᱨᱤᱢᱟᱱ ᱠᱟᱹᱣᱰᱤ ᱞᱮ ᱮᱢᱚᱜᱼᱟ ᱾ ᱱᱤᱛᱚᱜ ᱤᱧ ᱴᱷᱮᱱ ᱰᱟᱵᱚᱞ ᱪᱟᱨᱡ ᱪᱮᱫᱟᱜ ᱮᱢ ᱠᱚᱠᱚᱭ ᱠᱟᱱᱟ ?
मेरे पास नौ पेन हैं।	ᱤᱧ ᱴᱷᱮᱱ ᱟᱨᱮ ᱜᱚᱴᱟᱝ ᱯᱮᱱ ᱢᱮᱱᱟᱜᱼᱟ ᱠᱚᱣᱟ।
पहली समस्या यह थी कि लोग कैसे सोचते थे कि जीन केवल आपके माता-पिता से आते हैं।	ᱯᱳᱭᱞᱳ ᱟᱱᱟᱴ ᱫᱚ ᱛᱟᱦᱮᱸ ᱠᱟᱱᱟ ᱪᱮᱫᱞᱮᱠᱟ ᱠᱟᱛᱮ ᱦᱚᱲ ᱠᱚ ᱢᱚᱱᱮ ᱞᱮᱫᱟ ᱡᱮ ᱫᱩᱨᱤᱵ ᱠᱚᱫᱚ ᱡᱤᱱᱤᱥ ᱠᱚ ᱨᱮᱭᱟᱜ ᱮᱠᱷᱮᱱ ᱟᱢᱟᱜ ᱮᱜᱟᱛ ᱟᱯᱟᱛ ᱴᱷᱮᱱ ᱠᱷᱚᱱ ᱦᱮᱡ ᱟᱠᱟᱱᱟ ᱾
ब्लेकी का जन्म पिट्सबर्ग, पेंसिल्वेनिया, संयुक्त राज्य अमेरिका में हुआ था।	ᱵᱞᱮᱠᱤ ᱫᱚ ᱢᱟᱨᱠᱤᱱ ᱡᱩᱠᱛᱚᱨᱟᱥᱴᱨᱚ ᱨᱮᱭᱟᱜ ᱯᱮᱱᱥᱤᱞᱵᱷᱟᱱᱤᱭᱟ ᱨᱮᱭᱟᱜ ᱯᱤᱴᱥᱵᱟᱨᱜ ᱨᱮᱭ ᱱᱟᱡᱟᱢ ᱞᱮᱱᱟ ᱾
ठीक है, क्या तुम मुझे कुछ गैर-पुष्टन सिफ़ारिश दे सकते हो?	ᱴᱷᱤᱠ ᱜᱮᱭᱟ, ᱟᱢ ᱪᱮᱫ ᱠᱤᱪᱷᱤ ᱥᱤᱸᱲᱤᱪ ᱡᱚᱢᱟᱜ ᱨᱮᱭᱟᱜ ᱦᱩᱫᱤᱥᱮᱢ ᱮᱢ ᱫᱟᱲᱮᱭᱟᱹᱧᱟ ?
मैंने अपनी जिंदगी में पहले कभी ऐसा कुछ नहीं देखा।	ᱤᱧ ᱤᱧᱟᱹᱜ ᱡᱤᱭᱚᱱ ᱨᱮ ᱱᱚᱣᱟ ᱞᱟᱦᱟ ᱱᱚᱝᱠᱟᱱᱟᱜ ᱫᱚ ᱵᱟᱹᱧ ᱧᱮᱞ ᱟᱠᱟᱫᱟ  ᱾
ᱤᱧ ᱢᱤᱫ ᱴᱮᱠᱥᱤ ᱞᱟᱹᱠᱛᱤᱭᱟᱹᱧ ᱠᱟᱱᱟ	मुझे टैक्सी चाहिए
शुद्ध सफेद संगमरमर के बने और जटिल पत्थरों से सजाया गया बनाया गया था, यह संरचना एक सबसे बड़े Argagargad स्मारकों में से एक है ।	ᱠᱷᱟᱹᱴᱤ ᱯᱳᱲ ᱢᱟᱨᱵᱮᱞ ᱛᱮ ᱵᱮᱱᱟᱣ ᱟᱨ ᱞᱤᱴᱤ ᱵᱤᱲᱥᱤ ᱠᱷᱚᱫᱟ ᱠᱟᱹᱨᱤᱛᱮ ᱥᱟᱡᱟᱣ, ᱱᱤᱭᱟᱹ ᱛᱷᱟᱯᱱᱟᱣ ᱨᱮᱦᱚᱸ ᱳᱣᱨᱚᱝᱜᱟᱵᱟᱫ ᱨᱮᱭᱟᱜ ᱡᱚᱛᱚᱠᱷᱚᱱ ᱢᱟᱨᱟᱝ ᱩᱭᱦᱟᱹᱨ ᱵᱟᱛᱷᱟᱱ ᱢᱩᱫᱨᱮ ᱢᱤᱫᱴᱟᱝ ᱠᱟᱱᱟ ᱾
इतने गर्म दिनों के बाद, यह ठंडा और बरसात का मौसम मुझे बहुत अच्छे मूड में ला देता है।	ᱱᱩᱱᱟᱹᱜ ᱞᱚᱞᱚ ᱫᱤᱱ ᱛᱟᱭᱚᱢᱛᱮ ᱱᱚᱶᱟ ᱨᱮᱭᱟᱲ ᱡᱟᱹᱲᱤ ᱨᱮᱭᱟᱜ ᱦᱚᱭᱼᱦᱤᱸᱥᱤᱫ ᱤᱧ ᱟᱹᱰᱤ ᱱᱟᱯᱟᱭ ᱢᱚᱱᱮᱨᱮᱭ ᱫᱚᱦᱚᱧᱟ ᱾
डिस्प्ले रिज़ॉल्यूशन: कंप्यूटर विज्ञान में रिज़ॉल्यूशन वह है जो मॉनिटर की गुणवत्ता तय कर सकता है।	ᱰᱤᱥᱯᱞᱮ ᱨᱮᱡᱳᱞᱤᱭᱩᱥᱚᱱ ᱠᱚᱢᱯᱤᱭᱩᱴᱟᱨ  ᱥᱟᱸᱬᱮᱥ ᱨᱮ ᱢᱚᱱᱤᱴᱟᱨ ᱨᱮᱭᱟᱜ ᱡᱳᱜᱽᱢᱟᱱᱮ ᱦᱟᱢᱮᱴ ᱫᱟᱲᱮᱭᱟᱟ ᱾
व्यापार संतुलन लाभों और सेवाओं के निर्यात के मूल्य और धन - सेवाओं के महत्त्व में फर्क है ।	ᱵᱟᱹᱱᱤᱡ ᱥᱚᱢᱟᱱ ᱡᱚᱠᱷᱟ ᱫᱚ ᱦᱩᱭᱩᱜ ᱠᱟᱱᱟ ᱯᱚᱱᱱᱚ ᱟᱨ ᱯᱚᱨᱤᱥᱮᱵᱟ ᱟᱹᱠᱷᱨᱤᱧ ᱜᱚᱱᱚᱝ ᱟᱨ ᱯᱚᱱᱱᱚ ᱟᱨ ᱯᱚᱨᱤᱥᱮᱵᱟ ᱨᱮᱭᱟᱜ ᱠᱤᱨᱤᱧ ᱟᱹᱜᱩ ᱜᱚᱱᱚᱝ ᱢᱩᱫᱨᱮ ᱯᱷᱟᱨᱟᱠ ᱾
जब नए प्रिंसिपल हमारे पसंदीदा शिक्षक निकले जो पिछले साल सेवानिवृत्त हुए थे, तो हम आश्चर्य से स्तब्ध रह गए।	ᱱᱟᱶᱟᱱ ᱯᱨᱤᱱᱥᱤᱯᱟᱞ ᱫᱚ ᱟᱞᱮᱭᱤᱡ ᱥᱚᱨᱮᱥ ᱢᱟᱪᱮᱫ ᱡᱟᱦᱟᱸᱭ ᱫᱚ ᱪᱟᱞᱟᱣᱮᱱ ᱥᱮᱨᱢᱟ ᱡᱤᱨᱟᱹᱣᱮ ᱦᱟᱛᱟᱣ ᱞᱮᱫᱟ ᱩᱱᱫᱚ ᱟᱞᱮ ᱦᱟᱦᱟᱲᱟᱜ ᱥᱟᱞᱟᱜ ᱚᱱᱟ ᱴᱷᱟᱶ ᱨᱮᱞᱮ ᱛᱤᱸᱜᱩ ᱞᱮᱱ ᱛᱟᱦᱮᱸᱱᱟ ᱾
बीस	ᱠᱩᱲᱤ
उनके साथ, नना ने बिटहोर चले गए और यातना शिविरों पर हमला करने की धमकी दी ।	ᱩᱱᱤ ᱥᱟᱸᱣ ᱩᱝᱠᱩ ᱤᱫᱤ ᱠᱟᱛᱮ, ᱱᱟᱱᱟ ᱫᱚ ᱵᱤᱛᱷᱩᱨ ᱥᱮᱡᱼᱮ ᱥᱟᱝᱜᱷᱟᱨ ᱠᱮᱫᱟ ᱟᱨ ᱠᱟᱣᱚᱱᱯᱩᱨ ᱡᱟᱨᱣᱟᱭ ᱨᱮᱭᱟᱜ ᱫᱷᱚᱢᱠᱤᱭ ᱮᱢ ᱞᱮᱰᱟ ᱾
हालाँकि, अंततः वे मौजूदा तकनीक की जगह ले लेंगे।	ᱡᱩᱫᱤᱣ ᱩᱱᱠᱩ ᱢᱩᱪᱟᱹᱫ ᱱᱟᱦᱟᱜ ᱞᱟᱜᱟᱱ ᱠᱟᱹᱴᱤ ᱫᱚᱲᱦᱟᱛᱮᱭ  ᱛᱷᱟᱯᱚᱱᱟ ᱾
कार पर काले शीशे लगाने वाले लोग जरूर राजनेता होंगे और उनमें कोई समझ नहीं होती।	ᱜᱟᱹᱰᱤ ᱨᱮᱱ ᱪᱚᱥᱢᱟ ᱦᱚᱨᱚᱜ ᱦᱚᱲ ᱠᱚᱫᱚ ᱱᱤᱦᱟᱹᱛ ᱜᱮ ᱨᱟᱡᱽᱟᱹᱨᱤ ᱱᱮᱛᱟ ᱠᱚ ᱦᱩᱭᱩᱜᱼᱟ ᱟᱨ ᱩᱱᱠᱩᱣᱟᱜ ᱡᱟᱦᱟᱱ ᱵᱩᱨᱫᱷᱤ ᱫᱚ ᱵᱟᱹᱱᱩᱜ ᱛᱟᱠᱚᱣᱟ  ᱾
मेरे पास पाँच सेब हैं।	ᱤᱧ ᱴᱷᱮᱱ ᱢᱚᱬᱮ ᱜᱚᱴᱟᱝ ᱥᱮᱯ ᱢᱮᱱᱟᱜᱼᱟ ᱠᱚᱣᱟ।
उदाहरण के लिए, एक व्यक्‍ति शायद कहे कि मोटर गाड़ी ज़रूरी है कि सड़क के विकास की ओर ले जाए ।	ᱫᱟᱹᱭᱠᱟᱹ ᱞᱮᱠᱟᱛᱮ, ᱡᱟᱦᱟᱭ ᱠᱚ ᱢᱮᱱ ᱫᱟᱲᱤᱭᱟᱜ-ᱟ ᱡᱮ ᱢᱳᱴᱚᱨ ᱠᱟᱨ ᱫᱚ ᱞᱟᱠᱛᱤ ᱞᱮᱠᱟ ᱛᱮ ᱥᱚᱲᱚᱠ ᱨᱮᱭᱟᱜ ᱩᱛᱱᱟᱹᱣ ᱥᱮᱫ ᱮ ᱤᱫᱤᱭᱮᱫᱟ᱾
एमस्टेटन: एमस्टेटन लोअर ऑस्ट्रिया के मोस्टविएर्टेल क्षेत्र का एक ऑस्ट्रियाई शहर है।	ᱟᱢᱥᱴᱮᱴᱮᱱ ᱫᱚ ᱞᱟᱛᱟᱨ ᱚᱥᱴᱨᱤᱭᱟ ᱢᱳᱥᱴᱵᱷᱤᱭᱮᱨᱴᱮᱞ ᱴᱚᱴᱷᱟ ᱨᱮᱭᱟᱜ ᱢᱤᱫᱴᱟᱝ ᱚᱥᱴᱨᱤᱭᱟᱱ ᱥᱟᱦᱟᱨ ᱾
चलो चलते हैं, छात्र.	ᱯᱟᱹᱴᱷᱣᱟᱹᱠᱩ ᱫᱮᱞᱟ ᱞᱟᱜᱟᱜᱽᱯᱮ ᱾
जी हाँ, यह आपका पहला कदम होना चाहिए ।	ᱦᱮᱸ, ᱱᱚᱶᱟᱫᱚ ᱟᱢᱟᱜ ᱯᱳᱭᱞᱳ ᱯᱟᱹᱣᱲᱤ ᱦᱩᱭᱩᱜ ᱛᱟᱢᱟ ᱾
क्या तुमने कैलेंडर देखा है?	ᱟᱢ ᱪᱮᱫ ᱠᱮᱞᱮᱱᱰᱟᱨᱮᱢ ᱧᱮᱞ ᱟᱠᱟᱫ ?ᱟ ?
इसके बजाय, उन्हें किसी विषय - विषय पर विचार करने के बजाय, आर्थिक मान्यता की नीति का लक्ष्य रखना चाहिए और उसके अनुसार जीना चाहिए ।	ᱵᱤᱪᱷᱱᱟᱹᱣᱛᱮ, ᱨᱳᱡᱜᱟᱨ ᱥᱤᱠᱟᱹᱨ ᱨᱮᱭᱟᱜ ᱠᱟᱹᱢᱤᱦᱚᱨᱟ ᱫᱚ ᱡᱚᱥᱟᱱᱟᱜ ᱦᱩᱭᱩᱜ ᱞᱟᱹᱠᱛᱤᱜ ᱠᱟᱱᱟ ᱟᱨ ᱡᱟᱦᱟᱱ ᱥᱟᱛᱟᱢ ᱟᱱᱟᱜ ᱩᱭᱦᱟᱹᱨ ᱵᱷᱟᱵᱱᱟ ᱵᱚᱫᱚᱞᱛᱮ ᱧᱟᱢ ᱫᱚᱲᱦᱟ ᱨᱮᱭᱟᱜ ᱨᱮᱠᱚᱫ ᱪᱮᱛᱟᱱ ᱴᱮᱦᱟᱸᱰ ᱦᱩᱭᱩᱜ ᱞᱟᱹᱠᱛᱤ ᱠᱟᱱᱟ ᱾
जी हाँ, एक बार जब सभी नाविक दूर चले जाएँगे, वे आ जाएँगे ।	ᱦᱮᱸ, ᱢᱤᱫᱽᱫᱷᱟᱣ ᱡᱚᱛᱚ ᱨᱮᱡᱤᱢᱮᱱᱴᱠᱩ ᱯᱮᱨᱮᱰ ᱪᱟᱞᱟᱜᱽ ᱛᱟᱭᱚᱢ, ᱩᱝᱠᱩ ᱫᱚ ᱠᱩ ᱥᱮᱴᱮᱨᱚᱜᱽᱼᱟ ᱾
मैं मेकर-म-म-म-म-म-म के विद्वान कार्यक्रम के बारे में और सीखना चाहूँगा।	ᱤᱧ ᱫᱚ ᱢᱮᱨᱤᱴᱼᱠᱩᱢᱼᱢᱤᱱᱥ ᱥᱠᱚᱞᱟᱨᱥᱤᱯ ᱯᱨᱳᱜᱨᱟᱢ ᱵᱟᱵᱚᱫ ᱡᱟᱹᱥᱛᱤ ᱵᱟᱰᱟᱭᱤᱧ ᱠᱷᱚᱡᱽᱚᱜᱽ ᱠᱟᱱᱟ ᱾
बौद्ध धर्म कहता है कि मरने के बाद एक इंसान कभी - भी ज़िंदा नहीं होता ।	ᱵᱩᱫᱫᱷᱚᱭ ᱢᱮᱱᱟ ᱱᱚᱣᱟ ᱢᱮᱱ ᱫᱚ ᱵᱟᱝ ᱴᱷᱤᱠᱟ ᱡᱮ ᱜᱚᱡ ᱛᱟᱭᱚᱢ ᱢᱤᱫᱴᱟᱝ ᱟᱨᱟᱦᱟᱱᱛ ᱫᱚ ᱢᱮᱱᱟᱭᱟ ᱥᱮ ᱵᱟᱝ ᱾
डॉक्टर ने कहा कि उसकी हड्डियाँ 3 महीने में फिर से जुड़ जाएँगी और वह फिर से खेल सकती है।	ᱰᱟᱠᱛᱟᱨᱼᱮ ᱞᱟᱹᱭ ᱟᱠᱟᱫᱟ ᱩᱱᱤᱭᱟᱜ ᱡᱟᱝ ᱫᱚ ᱓ ᱪᱟᱸᱫᱚ ᱢᱩᱫᱨᱮ ᱫᱚᱲᱦᱟᱛᱮ ᱦᱟᱨᱟ ᱨᱟᱠᱟᱵᱚᱜᱼᱟ ᱟᱨ ᱩᱱᱤ ᱫᱚ ᱜᱷᱩᱨᱭᱟᱹᱭ ᱜᱟᱛᱮ ᱫᱟᱲᱮᱭᱟᱜᱼᱟ ᱾
एक हजार	ᱢᱤᱫ ᱦᱟᱡᱟᱨ
1855 में, वह कोपेनहेगन विश्वविद्यालय में न्यायशास्त्र के प्रोफेसर बने।	᱑᱘᱕᱕ ᱥᱟᱞ ᱨᱮ, ᱩᱱᱤ ᱫᱚ ᱠᱳᱯᱮᱱᱦᱮᱜᱮᱱ ᱡᱮᱜᱮᱫ ᱵᱤᱨᱫᱟᱹᱜᱟᱲ ᱨᱮᱱ ᱟᱹᱱ ᱥᱟᱥᱛᱚᱨ ᱨᱮᱱ ᱥᱟᱪᱮᱫ ᱮ ᱦᱩᱭ ᱞᱮᱱᱟ ᱾
इतने सारे भारतीयों की जान चली गई और किसलिए?	ᱱᱩᱱᱟᱹᱜ ᱵᱷᱟᱨᱚᱛᱤᱭᱟᱹ ᱠᱚᱣᱟᱜ ᱡᱤᱣᱤ ᱪᱟᱞᱟᱣᱮᱱᱟ ᱟᱨ ᱪᱮᱫ ᱠᱷᱟᱹᱛᱤᱨ ?
यह कोई आश्‍चर्य की बात नहीं कि इराक में कोई भी कार्य करने का कोई निश्‍चय नहीं कर सकता ।	ᱱᱟᱶᱟ ᱦᱩᱥᱤᱭᱟᱨᱮᱫᱟᱭ ᱡᱮ ᱪᱮᱫ ᱜᱚᱴᱟᱟᱹᱨᱤᱪ ᱵᱟᱹᱱᱩᱜᱼᱟ ᱡᱮ ᱪᱮᱞᱠᱟ ᱱᱤᱛ ᱟᱠᱛᱟ ᱨᱮ ᱤᱨᱟᱠ ᱨᱮ ᱥᱚᱢᱨᱚᱫᱟᱭ ᱛᱟᱯᱟᱢ, ᱰᱷᱮᱨᱚᱜ ᱠᱟᱱ ᱦᱤᱝᱥᱟ, ᱟᱨ ᱵᱟᱝ ᱚᱨᱟᱡᱟᱠᱛᱟ ᱪᱮᱛᱟᱱ ᱨᱮ ᱠᱟᱹᱢᱤ ᱦᱩᱭᱩᱜᱼᱟ᱾
सन्‌ 400 के आस - पास ऐशो - आराम की ज़िंदगी जीने का नाम था ।	ᱨᱚᱢᱚᱡᱽ ᱨᱮᱭᱟᱜ ᱢᱤᱫ ᱧᱩᱛᱩᱢᱟᱱ ᱛᱟᱞᱢᱟ ᱦᱩᱭᱩᱜ ᱨᱮ ᱱᱚᱣᱟ ᱫᱚ ᱟᱥᱚᱠᱟᱭᱛᱮ ᱔᱐᱐  ᱤᱥᱟ ᱛᱟᱭᱚᱢ ᱠᱷᱚᱱ ᱮᱦᱚᱵ ᱞᱮᱱᱟ ᱟᱨ ᱟᱥᱚᱠᱟᱭᱛᱮ ᱑᱑᱐᱐ ᱤᱥᱟᱹ ᱛᱟᱭᱚᱢ ᱦᱟᱹᱵᱤᱡ ᱪᱟᱹᱞᱩ ᱞᱮᱱᱟI
मैंने अभी ड्राइवर को संदेश भेजा लेकिन ऐसा लगता है कि वह नशे में है और इस समय कोई अन्य कैब उपलब्ध नहीं है।	ᱤᱧ ᱫᱚ ᱮᱠᱮᱱ ᱜᱟᱹᱰᱤ ᱪᱟᱹᱞᱣᱟᱭᱤᱡᱤᱧ ᱢᱮᱥᱮᱡ ᱟᱠᱟᱫᱤᱭᱟ ᱢᱮᱱᱠᱷᱟᱱ ᱢᱚᱱᱮ ᱦᱩᱭᱩᱜ ᱠᱟᱱᱟ ᱩᱱᱤ ᱫᱚᱭ ᱢᱟᱛᱟᱞ ᱜᱮᱭᱟ ᱟᱨ ᱱᱤᱭᱟᱹ ᱜᱷᱟᱹᱲᱤᱡ ᱮᱴᱟᱜ ᱡᱟᱦᱟᱱ ᱠᱮᱵ ᱵᱟᱝ ᱧᱟᱢᱚᱜ ᱠᱟᱱᱟ ᱾
मेरे पास दस साँप हैं।	ᱤᱧ ᱴᱷᱮᱱ ᱜᱮᱞ ᱜᱚᱴᱟᱝ ᱥᱟᱸᱯ ᱢᱮᱱᱟᱜᱼᱟ ᱠᱚᱣᱟ।
रॉक दल सितंबर 16 तक अमरीका और कनाडा का दौरा करने के लिए तैयार था ।	ᱱᱚᱣᱟ ᱨᱳᱠ ᱵᱮᱸᱰ ᱑᱖ ᱫᱟᱥᱟᱸᱭ ᱦᱟᱹᱵᱤᱡ ᱥᱮᱞᱮᱫ ᱨᱟᱡᱽᱭᱚ ᱟᱢᱮᱨᱤᱠᱟ ᱟᱨ ᱠᱟᱱᱟᱰᱟ ᱥᱟᱝᱜᱷᱟᱨ ᱨᱮᱭᱟᱜ ᱛᱟᱦᱮᱸ ᱞᱮᱱᱟI
मुझ पर हमला करने की उसकी कोशिश से मैं पूरी तरह कांप रहा हूँ।	ᱩᱱᱤᱭᱟᱜ ᱫᱟᱞ ᱨᱮᱭᱟᱜ ᱨᱤᱠᱟᱹ  ᱵᱚᱛᱚᱨᱛᱮᱧ ᱛᱷᱟᱨ ᱛᱷᱟᱨᱟᱜ ᱠᱟᱱᱟ ᱾
ऑपरेशन करनेवालों के लिए कोई चिकित्सा प्रमाणपत्र की ज़रूरत नहीं है जिसकी उम्र 40 से भी ज़्यादा नहीं है ।	ᱟᱨᱫᱟᱥᱤᱭᱟᱹ ᱠᱚᱣᱟᱜ ᱩᱢᱮᱨ ᱔᱐ ᱥᱮᱨᱢᱟ ᱠᱷᱚᱱ ᱰᱷᱮᱨ ᱵᱟᱝ ᱠᱟᱱᱟ ᱩᱱᱠᱩ ᱞᱟᱹᱜᱤᱫ ᱫᱚ ᱡᱟᱦᱟᱱ ᱢᱮᱰᱤᱠᱮᱞ ᱥᱟᱨᱴᱤᱯᱷᱤᱠᱮᱴ ᱵᱟᱝ ᱞᱟᱹᱠᱛᱤᱼᱟ ᱾
व्यवहार अधिक प्रत्यक्ष कारक है जहां यह पर्यावरण को सीधे प्रभावित करता है।	ᱵᱮᱣᱦᱟᱨ ᱫᱚ ᱢᱤᱫᱴᱟᱝ ᱥᱚᱨᱟᱥᱚᱨᱤ ᱯᱷᱮᱹᱠᱴᱚᱨ ᱡᱟᱸᱦᱟᱨᱮ ᱱᱚᱣᱟ ᱫᱚ ᱥᱚᱨᱠᱟᱨᱤ ᱞᱟᱭᱚᱝ ᱮ ᱮᱥᱮᱨᱟ
मुझे विश्वास नहीं हो रहा कि उन्होंने एक और सामान्य सुपरहीरो फिल्म रिलीज़ कर दी। मैं इस सुपरहीरो के चलन से पूरी तरह ऊब चुका हूँ (दोस्त 1)।	ᱤᱧ ᱵᱟᱹᱧ ᱯᱟᱹᱛᱭᱟᱹᱣ ᱫᱟᱲᱮᱭᱟᱜ ᱠᱟᱱᱟ ᱡᱮ ᱩᱱᱠᱩ ᱟᱨᱢᱤᱫᱴᱟᱝ ᱡᱮᱱᱮᱨᱤᱠ ᱥᱩᱯᱟᱨᱦᱤᱨᱳ ᱪᱚᱞᱚᱛ ᱪᱤᱛᱟᱹᱨ ᱠᱚ ᱩᱪᱷᱟᱹᱱ ᱟᱠᱟᱫᱟ ᱾ ᱤᱧ ᱫᱚ ᱱᱚᱶᱟ ᱥᱩᱯᱟᱨᱦᱤᱨᱳ ᱨᱮᱭᱟᱜ ᱮᱥᱮᱨᱤᱧ ᱯᱟᱨᱚᱢ ᱟᱠᱟᱫᱟ ᱾ (ᱜᱟᱛᱮ 1)
इसे 1850 से पहले रॉकपोर्ट, मैसाचुसेट्स में बनाया गया था।	ᱱᱚᱶᱟ ᱫᱚ ᱑᱘᱕᱐ ᱥᱟᱞ ᱞᱟᱦᱟ ᱢᱮᱹᱥᱟᱪᱩᱥᱮᱴᱚᱥ ᱨᱮᱭᱟᱜ ᱨᱚᱠᱯᱳᱨᱴ ᱨᱮ ᱵᱮᱱᱟᱣ ᱞᱮᱱᱟ ᱾
जब आप किसी को कहते हैं जो हज़ारों मील दूर है, आप एक उपग्रह का उपयोग कर रहे हैं।	ᱚᱢ ᱟᱠᱟ ᱡᱷᱚᱜ ᱱᱚᱠᱟ ᱦᱚᱲ ᱮᱢ ᱦᱚᱦᱚ ᱟᱭᱟ ᱚᱠᱚᱭ ᱫᱚ ᱦᱟᱡᱟᱨ ᱢᱤᱫ ᱡᱷᱟᱹᱞ ᱨᱮ ᱢᱮᱱᱟᱭᱟ, ᱛᱚ ᱟᱢ ᱩᱯᱜᱽᱨᱚᱦ ᱨᱮᱭᱟᱜ ᱵᱮᱵᱷᱟᱨᱮᱫ ᱟᱢ᱾
यह 1947 में बनाए गए प्राथमिक एरिया कोडों में से एक था।	ᱱᱚᱶᱟ ᱫᱚ ᱑᱙᱔᱗ ᱥᱟᱞ ᱨᱮ ᱵᱮᱱᱟᱣᱟᱜ ᱮᱛᱚᱦᱚᱵ ᱴᱚᱴᱷᱟ ᱠᱳᱰ ᱠᱚ ᱢᱩᱫᱨᱮ ᱢᱤᱫᱴᱟᱝ ᱛᱟᱦᱮᱸ ᱠᱟᱱᱟ ᱾
मेरे पास पंद्रह कुर्सी हैं।	ᱤᱧ ᱴᱷᱮᱱ ᱜᱮᱞ ᱢᱚᱬᱮ ᱜᱚᱴᱟᱝ ᱠᱩᱨᱥᱤ ᱢᱮᱱᱟᱜᱼᱟ ᱠᱚᱣᱟ।
मैंने क्लब में तेज़ संगीत सुनते हुए पूरी रात नृत्य किया। यह बहुत अच्छा अनुभव था।	ᱤᱧ ᱜᱚᱴᱟ ᱧᱤᱫᱟᱹ ᱠᱞᱟᱵ ᱨᱮ ᱡᱳᱨᱮ ᱥᱮᱨᱮᱧ ᱟᱸᱡᱚᱢ ᱠᱟᱛᱮᱧ ᱮᱱᱮᱡ ᱮᱱᱟ ᱾ ᱱᱚᱣᱟ ᱫᱚ ᱢᱤᱫᱴᱟᱝ ᱟᱹᱰᱤ ᱵᱷᱟᱜᱮ ᱵᱩᱡᱩᱱ ᱛᱟᱦᱮᱠᱟᱱᱟ ᱾
मेरे पास उनसठ पन्ना हैं।	ᱤᱧ ᱴᱷᱮᱱ ᱢᱚᱬᱮ ᱜᱮᱞ ᱱᱟᱭ ᱜᱚᱴᱟᱝ ᱥᱟᱠᱟᱢ ᱢᱮᱱᱟᱜᱼᱟ ᱠᱚᱣᱟ।
इन में शायद कम भोजन या पानी की मात्रा, अर्थात्‌ सूखी या भूरे रंग के श्‍वेत रक्‍त - वाहिकाएँ, आँखों में सूजन, और असामान्य रंग (रंग और आकार) हो ।	ᱱᱚᱣᱟ ᱢᱩᱫᱨᱮ ᱡᱚᱢ ᱥᱮ ᱫᱟᱜ ᱧᱩ ᱠᱚᱢ, ᱠᱷᱩᱲᱭᱟᱹ, ᱢᱮᱫ ᱠᱷᱚᱱ ᱫᱟᱜᱼᱢᱮᱥᱟ ᱥᱮ ᱯᱩᱞᱥᱩᱫ ᱯᱩᱸᱲ ᱢᱤᱩᱠᱚᱭᱮᱰ ᱥᱨᱟᱵ, ᱢᱮᱫ ᱡᱚᱞᱟᱣ ᱟᱨ ᱚᱼᱥᱟᱢᱵᱷᱮᱲ ᱫᱟᱜ ᱥᱮᱡᱽ (ᱨᱚᱝ ᱟᱨ ᱦᱚᱨᱟ) ᱥᱮᱞᱮᱫ ᱦᱩᱭ ᱫᱟᱲᱮᱭᱟᱜᱼᱟ ᱾
जब क्रिस्टीफ श्‍नेडर अपने चेहरे के लिए फिर से ऑपरेशन की माँग कर रहा था, तो उसे हाथ और जबड़े के ज़ख्म मिले ।	ᱤᱰᱜᱚᱨ ᱣᱮᱜᱩᱤᱞᱟ ᱟᱜ ᱛᱤ ᱟᱨ ᱪᱟᱢᱲᱟ ᱨᱮᱱᱟᱜ ᱜᱷᱟᱣ ᱧᱟᱢᱮᱱᱟᱭ ᱠᱨᱤᱥᱴᱚᱯᱷᱟᱨ ᱥᱟᱭᱸᱰᱚᱨ ᱟᱜ ᱩᱱᱤᱭᱟᱜ ᱢᱩᱴᱷᱟᱹᱱ ᱞᱟᱹᱜᱤᱫ ᱫᱚᱦᱲᱟ ᱵᱮᱱᱟᱣ ᱥᱟᱨᱡᱟᱨᱤ ᱨᱮᱱᱟᱜ ᱞᱟᱠᱛᱤ ᱛᱟᱦᱮᱸ ᱠᱟᱱᱟ᱾
ठीक है, मैं आपकी मदद कैसे कर सकते हैं?	ᱴᱷᱤᱠ ᱜᱮᱭᱟ ᱜᱚᱢᱠᱮ, ᱪᱮᱫᱞᱮᱠᱟᱛᱮ ᱟᱢᱤᱧ ᱜᱚᱲᱚ ᱫᱟᱲᱮᱭᱟᱢᱟ ?
वह उस स्थिति का मुआयना करने के लिए किसी को भेज देगा.	ᱱᱤᱭᱟᱹ ᱛᱟᱭᱚᱢ ᱩᱱᱤ ᱦᱟᱞᱚᱛ ᱧᱮᱞ ᱞᱟᱹᱜᱤᱫ ᱡᱟᱦᱟᱸᱭᱮ ᱠᱩᱞ ᱠᱚᱣᱟ ᱾
सन्‌ 2006 में न्यू यॉर्क शहर के एवेन्यू एवेन्यू स्टोर की शुरूआत हुई और यूरोप से आए लोग इस घटना के लिए हवाई सफर करने आए ।	᱒᱐᱐᱖ ᱥᱟᱹᱦᱤᱛᱨᱮ ᱱᱤᱭᱩ ᱤᱭᱚᱨᱠ ᱮᱯᱮᱞ ᱯᱷᱤᱯᱛᱷ ᱮᱵᱷᱤᱱᱤᱭᱩ ᱥᱴᱳᱨ ᱨᱮᱭᱟᱜ ᱩᱰᱷᱟᱹᱣᱨᱮ ᱮᱠᱟᱞ ᱥᱮᱞᱮᱫᱚᱜ ᱦᱩᱭᱞᱮᱱᱟ ᱟᱨ ᱤᱭᱩᱨᱳᱯ ᱠᱷᱚᱱ ᱧᱮᱧᱮᱞᱤᱭᱟᱹᱠᱚ ᱱᱚᱶᱟ ᱟᱠᱷᱲᱟ ᱞᱟᱹᱜᱤᱫ ᱛᱮ ᱩᱰᱟᱹᱱ ᱜᱟᱹᱰᱤ ᱛᱮᱠᱚ ᱦᱮᱡᱽᱞᱮᱱᱟ ᱾
मेरे पास अड़तालीस फल हैं।	ᱤᱧ ᱴᱷᱮᱱ ᱯᱳᱱ ᱜᱮᱞ ᱟᱨ ᱜᱚᱴᱟᱝ ᱯᱟᱹᱨᱟᱹ ᱢᱮᱱᱟᱜᱼᱟ ᱠᱚᱣᱟ।
क्योंकि सभी मुख्य पार्टियों में, बौतया जना पार्टी, ट्रीमोटटल का समूह, और साम्यवादी पार्टी, इसमें भाग ले रहे हैं ।	ᱪᱮᱫᱟᱜ ᱥᱮ ᱡᱚᱛᱚ ᱢᱩᱲᱩᱛ ᱯᱟᱹᱴᱤᱠᱩ, ᱵᱷᱟᱨᱚᱛᱤᱭᱟᱹ ᱡᱚᱱᱚᱛᱟ ᱯᱟᱹᱴᱤ, ᱛᱨᱤᱱᱚᱢᱩᱞ ᱠᱚᱝᱜᱨᱮᱥ ᱯᱟᱹᱴᱤ, ᱟᱨ ᱠᱚᱢᱤᱭᱱᱤᱥᱴ ᱯᱟᱹᱴᱤ ᱱᱤᱭᱟᱹ ᱨᱮ ᱦᱤᱸᱥ ᱠᱩ ᱦᱟᱛᱟᱣᱮᱫᱟ ᱾
अरस्तू, एक तत्त्वज्ञानी, ने दावा किया कि हर चीज़ एक या चार मूल तत्वों से मिलकर बनी है ।	ᱟᱨᱟᱥᱛᱩ, ᱢᱤᱫ ᱫᱟᱨᱥᱱᱤᱠ, ᱫᱚ ᱥᱤᱫᱷᱟᱸᱛ ᱮᱢ ᱠᱮᱫᱼᱟᱭ ᱡᱮ ᱥᱟᱱᱟᱢᱟᱜ ᱠᱤᱪᱷᱩ ᱢᱤᱫ ᱥᱮ ᱵᱟᱹᱲᱛᱤ ᱯᱩᱱ ᱮᱞᱤᱢᱮᱱᱴ ᱨᱮᱱᱟᱜ ᱢᱮᱥᱟ ᱵᱟᱱᱟᱣ ᱢᱮᱱᱟᱜᱼᱟ᱾ ᱚᱱᱟ ᱫᱷᱟᱹᱨᱛᱤ, ᱫᱟᱜ, ᱦᱚᱭ ᱟᱨ ᱥᱮᱸᱜᱮᱞ ᱛᱮ ᱵᱟᱱᱟᱣ ᱛᱟᱦᱮᱸ ᱠᱟᱱᱟ᱾
लेकिन मैं इस सप्ताहांत जा रहा हूँ.	ᱢᱮᱱᱠᱷᱟᱱ ᱱᱤᱭᱟᱹ ᱦᱟᱯᱛᱟ ᱫᱚᱧ ᱪᱟᱞᱟᱜᱼᱟ ᱾
मैं आप क्या मतलब देखते हैं.	ᱦᱮᱸᱹᱹᱹ ᱵᱩᱡᱷᱦᱟᱹᱣᱤᱫᱟᱹᱧ ᱪᱮᱫᱽᱮᱢ ᱢᱮᱱ ᱩᱪᱩᱭᱮᱫᱟ ᱢᱮᱱᱛᱮ ᱾
हाँ, ये विकल्प यहाँ उपलब्ध हैं.	ᱦᱮᱸ, ᱱᱚᱶᱟ ᱠᱚᱫᱚ ᱱᱚᱰᱮ ᱧᱟᱢᱚᱜᱼᱟ ᱾
क्या आप जानते हैं कि मोबाइल पर इंटरनेट बैंकिंग कभी-कभी यूपीआई से भी तेज हो सकती है?	ᱟᱢ ᱠᱤᱢ ᱵᱟᱰᱟᱭᱟ ᱡᱮ ᱢᱳᱵᱟᱭᱤᱞ ᱨᱮ ᱤᱱᱴᱟᱨᱱᱮᱴ ᱵᱮᱝᱠᱤᱝ ᱫᱚ ᱚᱠᱛᱚ ᱚᱠᱛᱚ ᱤᱭᱩ ᱯᱤ ᱟᱭ ᱠᱷᱚᱱ ᱩᱥᱟᱹᱨᱟ ᱦᱩᱭ ᱫᱟᱲᱮᱭᱟᱜᱼᱟ ᱾
मेरे पास पाँच साँप हैं।	ᱤᱧ ᱴᱷᱮᱱ ᱢᱚᱬᱮ ᱜᱚᱴᱟᱝ ᱥᱟᱸᱯ ᱢᱮᱱᱟᱜᱼᱟ ᱠᱚᱣᱟ।
क्या आप अपने बच्चों की इसी तरह परवरिश करते हैं? जब भी मैं उनसे कोई सवाल पूछता हूँ तो वे मुझ पर चिल्लाते हैं।	ᱟᱢ ᱫᱚ ᱪᱮᱫ ᱱᱚᱝᱠᱟᱜᱮ ᱟᱢᱨᱮᱱ ᱦᱚᱯᱚᱱᱮᱢ ᱦᱟᱨᱟᱣᱟᱠᱟᱫ ᱠᱚᱣᱟ ? ᱡᱚᱠᱷᱚᱱ ᱜᱮ ᱩᱝᱠᱩᱧ ᱠᱩᱞᱤ ᱠᱚᱣᱟ ᱛᱚᱠᱷᱚᱱ ᱜᱮ ᱩᱝᱠᱩ ᱫᱚ ᱤᱧ ᱥᱮᱡ ᱠᱚᱭᱚᱜ ᱠᱟᱛᱮᱫ ᱠᱚ ᱠᱤᱠᱭᱟᱹᱣᱟ ᱾
मुझे बहुत राहत मिली है कि हमने जो सुरक्षा उपाय किए हैं, उन्होंने हमारे नेटवर्क पर किसी भी साइबर हमले को रोक दिया है।	ᱤᱧ ᱫᱚ ᱟᱹᱰᱤ ᱨᱟᱹᱥᱠᱟᱹᱧ ᱧᱟᱢᱟᱠᱟᱫᱟ ᱡᱮ ᱟᱞᱮ ᱫᱚ ᱡᱟᱦᱟᱱ ᱱᱤᱨᱟᱹᱭ ᱵᱮᱵᱚᱥᱛᱷᱟ ᱠᱚ ᱞᱮ ᱫᱚᱦᱚᱣᱟᱠᱟᱫᱟ ᱚᱱᱟ ᱟᱞᱮᱭᱟᱜ ᱱᱮᱴᱳᱣᱟᱨᱠ ᱨᱮ ᱥᱟᱭᱵᱟᱨ ᱡᱟᱨᱯᱟᱭ ᱴᱮᱠᱟᱣ ᱫᱟᱨᱟᱢᱟᱠᱟᱫᱟ  ᱾
सुरक्षा गार्ड बिना मुद्दों में आपको जाने देंगे.	ᱥᱮᱠᱩᱴᱤᱨᱤ ᱫᱚ ᱡᱟᱦᱟᱸᱱ ᱟᱱᱟᱴ ᱪᱷᱟᱰᱟᱜᱤᱭ ᱵᱚᱞᱚ ᱩᱪᱩᱣᱟᱢᱟ ᱾
डाउनहिल माउंटेन बाइकिंग में खड़ी ढलान को देखते ही अवा का दिल जोर से धड़कने लगा।	ᱵᱩᱨᱩ ᱨᱮᱭᱟᱜ ᱞᱟᱛᱟᱨ ᱥᱮᱫ ᱨᱮ ᱢᱚᱴᱚᱨ ᱥᱟᱭᱠᱮᱞ ᱪᱟᱞᱟᱣ ᱨᱮᱭᱟᱜ ᱥᱚᱡᱽᱦᱮ ᱫᱟᱲᱟᱝ ᱧᱮᱞ ᱠᱟᱛᱮ ᱟᱵᱷᱟᱣᱟᱜ ᱱᱟᱹᱴᱠᱟᱹ ᱢᱤᱫᱴᱟᱝ ᱞᱮᱴᱮᱵᱽ ᱮ ᱮᱸᱰᱮᱞ ᱦᱚᱴᱚ ᱠᱟᱫᱟ ᱾
विवाह के समय उनके पास कोई जीवन - साथी नहीं है, यह घोषणा करते हुए कि विवाह के समय उनके पास पहले से ही अनुचित और आज्ञाकारी होना चाहिए ।	ᱵᱷᱮᱜᱟᱨ ᱦᱚᱞᱚᱯᱱᱟᱢᱟ ᱨᱚᱲᱥᱚᱫᱚᱨ ᱞᱮᱫᱟᱭ ᱡᱮ ᱵᱟᱯᱞᱟ ᱚᱠᱛᱮ ᱩᱱᱠᱩᱣᱟᱜ ᱚᱠᱟ ᱵᱟᱧᱪᱟᱣ ᱵᱟᱹᱦᱩ ᱵᱟᱱᱩᱭᱟ ᱚᱱᱟ ᱞᱟᱦᱟ ᱱᱳᱴᱟᱨᱤ ᱠᱟᱛᱮ ᱡᱚᱢᱟ ᱦᱩᱭᱩᱜ ᱛᱟᱢᱟ ᱾
हाँ, मैं हाल ही में इसके बारे में पता करने आया था.	ᱦᱮᱸ, ᱱᱮᱦᱟᱹᱞᱤ ᱜᱮ ᱱᱚᱶᱟ ᱫᱚᱧ ᱵᱟᱰᱟᱭ ᱟᱠᱟᱫᱟ ᱾
मैंने सोचा था कि पुरानी बाइक खरीदना एक अच्छा विचार था लेकिन अंत में मैंने रखरखाव शुल्क में बाइक की कीमत से दोगुना भुगतान कर दिया।	ᱤᱧ ᱢᱚᱱᱮᱞᱮᱫᱟ ᱢᱤᱫᱴᱟᱝ ᱢᱟᱨᱮᱱ ᱢᱚᱴᱚᱨ ᱜᱟᱹᱰᱤ ᱠᱤᱨᱤᱧ ᱫᱚ ᱢᱤᱫᱴᱟᱝ ᱵᱷᱟᱜᱮ ᱫᱷᱟᱨᱚᱱᱟ ᱛᱟᱦᱮᱸ ᱠᱟᱱᱟ ᱢᱮᱱᱠᱷᱟᱱ ᱤᱧ ᱫᱚ ᱡᱚᱜᱟᱥᱟᱱ ᱪᱟᱨᱡ ᱨᱮ ᱢᱚᱴᱚᱨ ᱜᱟᱹᱰᱤ ᱵᱟᱠᱷᱨᱟ ᱰᱚᱵᱚᱞ ᱠᱟᱹᱣᱰᱤᱧ ᱥᱳᱫᱷ ᱟᱠᱟᱫᱟ ᱾
मैंने घर जाने के लिए तत्काल टिकट बुक करने की कोशिश की लेकिन मुझे नहीं मिला।	ᱤᱧ ᱚᱲᱟᱜ ᱪᱟᱞᱟᱜ ᱞᱟᱹᱜᱤᱫ ᱛᱚᱛᱠᱟᱞ ᱴᱤᱠᱤᱴ ᱵᱩᱠ ᱨᱮᱭᱟᱜᱤᱧ ᱨᱤᱠᱟᱹ ᱞᱮᱫᱟ ᱢᱮᱱᱠᱷᱟᱱ ᱵᱟᱹᱧ ᱧᱟᱢ ᱟᱠᱟᱫᱟ ᱾
जनवरी १९९२ में, संघीय सरकार ने सेना की ग़ैर-कथित शाखाओं में महिलाओं के प्रवेश-स्थलों की अनुमति दी...	᱑᱙᱙᱒ᱼᱨᱮᱭᱟᱜ ᱡᱟᱱᱣᱟᱨᱤᱨᱮ, ᱯᱷᱟᱹᱫ ᱠᱩᱣᱟᱜ ᱵᱟᱝᱼᱞᱟᱹᱲᱦᱟᱹᱭ ᱦᱤᱸᱥᱨᱮ ᱛᱷᱚᱲᱟᱜᱷᱟᱹᱲᱤᱡᱽ ᱵᱟᱹᱦᱞᱤᱭᱨᱮ ᱛᱟᱞᱢᱟ ᱥᱚᱨᱠᱟᱨ ᱛᱤᱨᱞᱟᱹᱠᱩᱣᱟᱜ ᱥᱮᱞᱮᱫᱚᱜᱼᱨᱮ ᱪᱷᱟᱹᱲᱮ ᱮᱢᱠᱮᱫᱟ ᱾
टिमिएनिका का 7 जून 2014 को पॉमफ्रेट, वर्मोंट में 91 वर्ष की आयु में निधन हो गया।	ᱴᱤᱢᱤᱭᱮᱱᱤᱠᱠᱟ ᱫᱚ ᱗ ᱡᱩᱱ, ᱒᱐᱑᱔ ᱨᱮ ᱵᱷᱟᱨᱢᱚᱱᱴ ᱨᱮᱭᱟᱜ ᱯᱚᱢᱯᱷᱨᱮᱴ ᱨᱮ ᱙᱑ ᱥᱮᱨᱢᱟ ᱩᱢᱮᱨ ᱨᱮᱭ ᱜᱚᱪ ᱟᱠᱟᱱᱟ ᱾
एक ग्राहक ने कहा कि उसके ईयरफोन में आग लग गई। इसके लिए हम पर अदालत में मुकदमा चलाया जा सकता है।	ᱢᱤᱫ ᱦᱚᱲ ᱠᱤᱨᱤᱧᱤᱭᱟᱹ ᱵᱟᱰᱟᱭ ᱚᱪᱚᱠᱮᱫ ᱞᱮᱭᱟ, ᱩᱱᱤᱭᱟᱜ ᱤᱭᱟᱨᱯᱷᱳᱱ ᱨᱮ ᱥᱮᱸᱜᱮᱞ ᱞᱟᱜᱟᱣ ᱟᱠᱟᱱᱟ ᱾ ᱱᱚᱶᱟ ᱞᱟᱹᱜᱤᱫ ᱟᱞᱮ ᱫᱚ ᱟᱫᱟᱞᱚᱛ ᱨᱮ ᱞᱮ ᱢᱟᱢᱞᱟ ᱫᱟᱲᱮᱭᱟᱜᱼᱟ ᱾
कुछ एजेंट हैं जो ब्लैक में टिकट बेच रहे हैं, ताकि आप उनसे सुन सकते हैं.	ᱠᱤᱪᱷᱩ ᱮᱡᱮᱱᱴ ᱡᱟᱦᱟᱸᱭ ᱫᱚ ᱵᱞᱟᱠᱛᱮ ᱠᱩ ᱟᱹᱠᱷᱨᱤᱧᱮᱫᱟ, ᱚᱱᱟᱛᱮ ᱩᱝᱠᱩ ᱴᱷᱮᱱ ᱠᱷᱚᱱ ᱡᱟᱹᱱᱤᱡᱽᱮᱢ ᱟᱸᱡᱚᱢᱟᱠᱟᱫᱟ ᱾
यह लगभग पेइस डे गेक्स के ऐतिहासिक क्षेत्र से मेल खाता है।	ᱱᱚᱶᱟ ᱫᱚ ᱯᱮᱥ ᱰᱤ ᱜᱮᱥᱠ ᱨᱮᱭᱟᱜ ᱱᱟᱜᱟᱢᱤᱭᱟᱹ ᱴᱚᱴᱷᱟ ᱥᱟᱞᱟᱜ ᱯᱨᱟᱭ ᱢᱮᱥᱟ ᱟᱠᱟᱱᱟ ᱾
यह पश्चिमी फ्रांस के वेंडी विभाग में पेई दे ला लवार में स्थित है।	ᱱᱚᱶᱟ ᱫᱚ ᱯᱚᱥᱪᱷᱤᱢ ᱯᱷᱨᱟᱱᱥ ᱨᱮᱭᱟᱜ ᱵᱷᱮᱱᱰᱤ ᱛᱷᱚᱱᱚᱛ ᱨᱮᱭᱟᱜ ᱯᱮᱥ ᱫᱮ ᱞᱟ ᱞᱳᱭᱟᱨᱮ ᱢᱮᱱᱟᱜᱼᱟ ᱾
भिखारी के लिए यह एक कठिन जीवन होना चाहिए, यह न जानते हुए कि अगला भोजन कहाँ से आएगा।	ᱩᱱᱤᱭᱟᱜ ᱛᱟᱭᱚᱢ ᱫᱟᱨᱟᱢ ᱡᱚᱢᱟᱜ ᱚᱠᱟ ᱠᱷᱚᱱ ᱦᱤᱡᱩᱜᱼᱟ ᱚᱱᱟ ᱵᱟᱝ ᱵᱟᱰᱟᱭ ᱠᱟᱛᱮ ᱠᱚᱠᱚᱭᱼᱤᱡ ᱟᱜ ᱡᱤᱭᱚᱱ ᱞᱟᱹᱜᱤᱫ ᱱᱚᱣᱟ ᱫᱚ ᱟᱹᱰᱤ ᱟᱱᱟᱴ ᱜᱮᱭᱟ ᱾
इसने कांस्य युग और लेखन की शुरुआत को चिह्नित किया।	ᱱᱚᱶᱟ ᱫᱚ ᱵᱨᱳᱧᱡ ᱡᱩᱜ ᱟᱨ ᱚᱞ ᱮᱛᱚᱦᱚᱵ ᱨᱮᱭᱟᱜ ᱮ ᱪᱤᱱᱦᱟᱹᱭᱟ ᱾
अधिकारियों ने वोटर की पहचान की पुष्टि करने के बाद, वोट देनेवाले ने लिफाफा को गेंद के बॉक्स में और वोट के चिह्नों को भेज दिया।	ᱟᱫᱷᱤᱠᱟᱨᱤ ᱠᱚ ᱦᱚᱛᱮᱛᱮ ᱵᱷᱚᱴ ᱨᱮᱱᱟᱜ ᱩᱯᱨᱩᱢ ᱯᱨᱩᱵᱷ ᱞᱟᱹᱜᱤᱫ ᱚᱱᱟ ᱛᱟᱭᱚᱢ, ᱵᱷᱚᱴ ᱞᱤᱯᱷᱟᱯᱷᱟ ᱫᱚ ᱵᱷᱚᱴᱯᱮᱴᱤ ᱨᱮ ᱤᱠᱟᱹ ᱠᱟᱜᱼᱟ ᱟᱨ ᱵᱷᱚᱴ ᱛᱟᱞᱠᱟᱹ ᱨᱮ ᱥᱩᱦᱤ ᱦᱩᱭᱩᱜᱼᱟ᱾
वे वापसी यात्रा के लिए वैध दस्तावेज़ों को ले जा रहे हैं सुनिश्चित करें।	ᱵᱤᱫᱮᱥ ᱫᱟᱲᱟᱱ ᱨᱮ ᱥᱮᱠᱥ ᱨᱤ-ᱟᱥᱟᱭᱱᱴᱢᱮᱱᱴ ᱥᱚᱨᱡᱚᱨᱤ ᱨᱮᱭᱟᱜ ᱯᱚᱨᱛᱚᱱ ᱵᱮᱱᱟᱣᱮᱫ ᱢᱚᱞᱞᱟᱦᱟ ᱠᱚ ᱜᱚᱴᱟ ᱩᱨᱤᱡ ᱦᱩᱭᱩᱜ ᱛᱟᱠᱚᱣᱟ ᱡᱮ ᱩᱱᱠᱩ ᱨᱩᱣᱟᱹᱲ ᱦᱤᱡᱩᱜ ᱨᱮᱭᱟᱜ ᱥᱩᱦᱤ ᱠᱟᱜᱚᱡᱽᱠᱚ ᱤᱫᱤ ᱛᱚᱨᱟᱭᱮᱫ-ᱟI
जब से मैंने अपने फोन में बैंक एप्लिकेशन इंस्टॉल किया है, मुझे किसी छोटी सी समस्या के लिए भी कभी बैंक नहीं जाना पड़ा।	ᱡᱚᱠᱷᱚᱱ ᱠᱷᱚᱱ ᱤᱧ ᱫᱚ ᱯᱷᱳᱱ ᱨᱮ ᱵᱮᱝᱠ ᱮᱯᱞᱤᱠᱮᱥᱚᱱᱤᱧ ᱤᱱᱥᱴᱚᱞ ᱟᱠᱟᱫᱟ, ᱩᱱ ᱠᱷᱚᱱ ᱜᱮ ᱤᱧ ᱡᱟᱦᱟᱱ ᱠᱟᱹᱴᱤᱡ ᱟᱱᱟᱴ ᱞᱟᱹᱜᱤᱫ ᱵᱮᱝᱠ ᱪᱟᱞᱟᱜ ᱵᱟᱝ ᱦᱩᱭ ᱟᱠᱟᱱ ᱛᱤᱧᱟ ᱾
श्रीमती कर्टर ने कहा कि वह Elantitin में राष्ट्रपति के लिए चलाने का इरादा करती है, वही जगह जो वह अपने 2005 अभियान के लिए काम करती थी Cussssssan प्रांत के प्रतिनिधि के रूप में सीनेट अभियान शुरू करने के लिए.	ᱢᱤᱥ ᱡᱤᱨᱪᱱᱟᱹᱨ ᱫᱚ ᱟᱨᱡᱮᱱᱴᱤᱱᱮ ᱛᱷᱤᱭᱮᱴᱟᱹᱨ ᱨᱮ ᱯᱨᱮᱥᱤᱰᱮᱱᱴ ᱞᱟᱹᱜᱤᱫ ᱢᱚᱱᱮ ᱠᱚ ᱴᱷᱟᱹᱣᱠᱟᱹ ᱠᱮᱜᱼᱟᱭ, ᱚᱱᱟ ᱡᱟᱭᱜᱟ ᱨᱮᱜᱮ ᱩᱱᱤ ᱵᱣᱮᱱᱚᱥ ᱟᱭᱨᱤᱥ ᱯᱨᱟᱱᱛ ᱨᱤᱱᱤᱡ ᱨᱟᱹᱥᱠᱟᱹ ᱜᱟᱸᱣᱛᱟ ᱞᱮᱠᱷᱟ ᱛᱮ ᱥᱮᱱᱮᱴ ᱞᱟᱹᱜᱤᱫ ᱟᱡᱟᱜ ᱒᱐᱐᱕ ᱠᱟᱹᱢᱤ ᱯᱩᱨᱟᱹᱣ ᱠᱮᱜᱼᱟᱭ᱾
महिलाओं के बैठे समूह में चार बड़े-बड़े दल अपनी दौड़ समाप्त करने में असफल रहे, और विशाल अंतरिक्ष में 117% 117 के कुल ट्रॉफ़ियों में से 45 प्रतियोगिता में शामिल होने से चूक गए.	ᱛᱤᱨᱞᱟᱹ ᱠᱚᱣᱟᱜ ᱫᱩᱲᱩᱵ ᱜᱟᱫᱮᱞ ᱨᱮ ᱯᱩᱱᱭᱟ ᱥᱠᱤᱭᱟᱨ ᱟᱡᱟᱜ ᱨᱚᱱ ᱢᱩᱪᱟᱹᱫ ᱨᱮ ᱵᱮᱨᱛᱷᱟ ᱛᱟᱦᱮᱸᱮᱱᱟᱭ, ᱟᱨ ᱡᱟᱭᱟᱸᱴ ᱥᱞᱮᱞᱚᱢ ᱨᱮ ᱑᱑᱗ ᱥᱠᱤᱭᱟᱨ ᱠᱚ ᱨᱮ ᱔᱕ ᱫᱟᱹᱲ ᱨᱮ ᱨᱮᱸᱠ ᱠᱚᱨᱟᱣ ᱨᱮ ᱵᱮᱨᱛᱷᱟ ᱛᱟᱦᱮᱸᱮᱱᱟᱭ᱾
अरे, मैं हमेशा की जगह पर आप नहीं देखा था	ᱮᱭ, ᱤᱧ ᱚᱸᱰᱮ ᱵᱟᱹᱧ ᱧᱮᱞ ᱧᱟᱢ ᱟᱠᱟᱫ ᱢᱮᱭᱟ ᱾
सबसे पहले और सबसे पहले, आपको सुधार के रूप को पूरा करना होगा ।	ᱯᱳᱭᱞᱳᱨᱮ ᱟᱢ ᱴᱟᱠᱟ ᱛᱩᱞᱟᱹᱣ ᱨᱮᱭᱟᱜ ᱯᱷᱚᱨᱢ ᱯᱮᱨᱮᱡᱽ ᱦᱩᱭᱩᱜ ᱛᱟᱢᱟ ᱾
इसे सितंबर 2017 में माइक्रोसॉफ्ट विंडोज और एक्सबॉक्स वन के लिए जारी किया गया था।	ᱱᱚᱣᱟ ᱫᱚ ᱥᱮᱯᱴᱮᱢᱵᱚᱨ ᱒᱐᱑᱗ ᱨᱮ ᱢᱟᱭᱠᱨᱳᱥᱚᱯᱷᱴ ᱩᱣᱤᱱᱰᱳ ᱟᱨ ᱮᱠᱥᱵᱚᱠᱥ ᱳᱣᱟᱱ ᱞᱟᱹᱜᱤᱫ ᱛᱮ ᱚᱰᱚᱠ ᱥᱚᱰᱚᱨ ᱞᱮᱱᱟ ᱾
तीसरे चरण में, अतिरिक्‍त विचारों का परिचय किया गया; उदाहरण के लिए, धर्म - परिवर्तन, पश्‍चाताप, और तात्रिस्ट मंदिरों में भेंटों का प्रोत्साहन दिया गया जब वे उस भार को कम कर सकते थे ।	ᱛᱮᱥᱟᱨ ᱛᱷᱟᱹᱨᱨᱮ, ᱡᱟᱹᱥᱛᱤ ᱫᱷᱟᱨᱚᱱᱟ ᱨᱮᱭᱟᱜ ᱮᱛᱚᱦᱚᱯ ᱦᱩᱭᱞᱮᱱᱟ; ᱫᱟᱹᱭᱠᱟᱹᱞᱮᱠᱟᱛᱮ, ᱠᱟᱹᱢᱤᱨᱮᱭᱟᱜ ᱵᱚᱡᱦᱟ ᱠᱚᱢᱟᱱ ᱟᱪᱚᱨ, ᱠᱟᱥᱛᱟᱣ ᱟᱨ ᱛᱟᱣᱵᱟᱹᱫᱤ ᱢᱩᱱᱫᱤᱨᱨᱮ ᱫᱟᱱᱨᱮᱠᱩ ᱩᱫᱜᱟᱹᱣᱮᱛᱠᱩ ᱛᱟᱦᱮᱸᱠᱟᱱᱟ ᱾
सन्‌ 10वीं सदी में, बंबर मज़दूरों के आधुनिक शहर की स्थापना हुई और उन्हें बफला नाम के एक बंदरगाह के रूप में इस्तेमाल किया गया ।	ᱱᱟᱦᱟᱜᱟᱜ ᱠᱟᱥᱟᱵᱟᱞᱟᱝᱠᱟ ᱵᱟᱡᱟᱨ ᱫᱚ ᱑᱐-ᱟᱱᱟᱜ ᱥᱮᱧᱪᱩᱨᱤ ᱵᱤᱹᱥᱤᱹᱤᱹ ᱨᱮ ᱵᱮᱨᱵᱮᱨ ᱦᱟᱹᱠᱩ ᱥᱟᱵᱠᱩᱫ ᱠᱚ ᱦᱚᱛᱮᱛᱮ ᱵᱮᱱᱟᱣ ᱞᱮᱱᱟ, ᱟᱨ ᱯᱷᱚᱭᱱᱤᱥᱤᱭᱟᱱ ᱠᱚ, ᱨᱳᱢᱟᱱ ᱠᱚ ᱟᱨ ᱢᱮᱨᱮᱱᱤᱰᱤᱥ ᱠᱚ ᱟᱱᱯᱷᱟ ᱧᱩᱛᱩᱢ ᱛᱮ ᱥᱴᱨᱟᱴᱮᱡᱤᱠ ᱯᱳᱨᱴ‌ ᱞᱮᱠᱟᱛᱮ ᱵᱮᱵᱷᱟᱨ ᱞᱮᱫ-ᱟᱠᱚI
इसी तरह के मसाले भी बनाए जाते हैं ।	ᱱᱚᱶᱟ ᱵᱮᱱᱟᱣᱛᱮ ᱟᱭᱢᱟ ᱚᱥᱚᱢᱤᱭᱟᱹ ᱢᱚᱥᱞᱟ ᱠᱚ ᱞᱟᱜᱟᱜᱼᱟ ᱾
भारत बहुत विविधता और विषमता का देश है ।	ᱵᱷᱟᱨᱚᱛ ᱫᱚ ᱢᱤᱫ ᱢᱚᱦᱚᱛ ᱱᱟᱱᱟᱦᱩᱱᱟᱹᱨᱟᱱ ᱟᱨ ᱚᱛᱩᱞᱟᱹᱱ ᱫᱤᱥᱚᱢ ᱠᱟᱱᱟ ᱾
क्षेत्र की उच्च वर्षा, जो 10,000 mags (390 इंच) और ऊपर, पर्यावरण के लिए समस्याएँ उत्पन्‍न करती है, जिनमें उच्च भूकंपीय गतिविधि और बाढ़ भी शामिल हैं ।	ᱱᱤᱭᱟᱹ ᱴᱚᱴᱷᱟ ᱨᱮᱭᱟᱜ ᱡᱟᱹᱥᱛᱤ ᱫᱟᱜᱽᱡᱟᱹᱲᱤ, ᱜᱚᱲᱨᱮ ᱯᱨᱟᱭ ᱑᱐,᱐᱐᱐ ᱢᱤᱞᱤᱞᱤᱴᱟᱨ (᱓᱙᱐ ᱤᱧᱪᱤ) ᱟᱨ ᱚᱱᱟᱠᱷᱚᱱ ᱡᱟᱹᱥᱛᱤ, ᱰᱷᱮᱨ ᱚᱛᱞᱟᱲᱟᱣ ᱨᱮᱭᱟᱜ ᱠᱟᱹᱢᱤᱦᱚᱨᱟ ᱟᱨ ᱰᱩᱵᱟᱹ ᱥᱟᱶ ᱵᱟᱹᱥᱛᱚᱛᱚᱱᱛᱨᱚ ᱞᱟᱹᱜᱤᱫ ᱟᱱᱟᱴᱼᱮ ᱥᱤᱨᱡᱟᱹᱣᱟ ᱾
मैं देखता हूँ कि ध्वनि संभालयोग्य है; मैं बस उम्मीद करता हूँ कि बातें जल्द ही बेहतर होंगी ।	ᱤᱧ ᱧᱮᱞᱛᱮ, ᱡᱟᱦᱟᱸ ᱪᱟᱪᱟᱞᱟᱣ ᱟᱱᱟᱜ ᱥᱟᱵᱟᱫ ᱵᱟᱝ ᱠᱟᱱᱟ; ᱤᱧ ᱥᱩᱢᱩᱝ ᱟᱥᱟᱤᱧ ᱫᱚᱦᱚᱭᱟ ᱡᱤᱱᱤᱥᱠᱚ ᱟᱹᱰᱤ ᱞᱚᱜᱚᱱ ᱵᱷᱟᱜᱮ ᱦᱩᱭᱩᱜᱼᱟ ᱾
यह RBII की निगरानी के तहत 1,482 शहरी और 58 बहु-देशीय बैंक लाया.	ᱱᱚᱶᱟ ᱫᱚ ᱑᱔᱘᱒ ᱫᱤᱥᱩᱣᱟᱹ ᱟᱨ ᱕᱘ ᱜᱚᱴᱟᱝ ᱟᱭᱢᱟ ᱯᱚᱱᱚᱛ ᱥᱚᱢᱚᱵᱟᱭ ᱵᱮᱝᱠ ᱠᱚ ᱟᱨᱵᱤᱟᱭ ᱟᱜ ᱟᱣᱛᱟᱨᱮᱭ ᱟᱹᱜᱩ ᱟᱠᱟᱫᱟ ᱾
ᱠᱚᱯᱷᱤ	कॉफ़ी
इसके बजाय, वे आम तौर पर इन्हें आसानी से समझ पाते हैं, मगर उनकी फसल (कुल मात्रा या बायोस) कम होती जाती है ।	ᱦᱟᱨᱟᱜ ᱨᱮᱭᱟᱜ ᱮᱛᱚᱦᱚᱵ ᱫᱷᱟᱯᱨᱮ ᱡᱤᱭᱟᱹᱞᱤ ᱡᱚᱢᱟᱜ ᱯᱷᱚᱞᱚᱱ ᱠᱚᱨᱮ ᱡᱟᱹᱥᱛᱤ ᱯᱨᱳᱴᱤᱱ ᱩᱯᱟᱫᱟᱱ ᱛᱟᱸᱦᱮᱱᱟ ᱟᱨ ᱟᱞᱜᱟᱛᱮ ᱦᱟᱡᱟᱢᱚᱜᱼᱟ, ᱢᱮᱱᱠᱷᱟᱱ ᱩᱱᱠᱩᱣᱟᱜ ᱯᱷᱚᱞᱚᱱ ᱫᱚ (ᱜᱩᱴ ᱥᱟᱛᱟᱦᱚᱵ ᱥᱮ ᱡᱤᱭᱟᱹᱞᱤ ᱫᱩᱨᱤᱵ) ᱠᱚᱢᱚᱜ ᱟ ᱾
माना जाता है कि यह प्रेम का साक्षात्‌ रूप है और अबाबाद में सबसे बड़े ऐतिहासिक स्थानों में से एक है ।	ᱱᱚᱶᱟᱫᱚ ᱫᱩᱞᱟᱹᱲ ᱨᱮᱭᱟᱜ ᱪᱤᱱᱦᱟᱹ ᱟᱨ ᱳᱣᱨᱚᱝᱜᱚᱵᱟᱫ ᱨᱮᱭᱟᱜ ᱧᱩᱛᱩᱢᱟᱱ ᱢᱩᱲᱩᱫ ᱱᱟᱜᱟᱢᱤᱭᱟᱹ ᱴᱷᱟᱶ ᱞᱮᱠᱟᱛᱮ ᱞᱟᱹᱭᱚᱜᱼᱟ ᱾
उसने आगे कहा, "नहीं, बल्कि उन ज़िम्मेदारियों को पूरा करने के लिए कहा जाना चाहिए जो उनके विकास, ज़िम्मेदारी और क्षमता से बाहर हैं।"	ᱩᱱᱤ ᱟᱨᱦᱚᱸ ᱢᱮᱱ ᱠᱮᱜᱼᱟᱭ ᱡᱮ "ᱮᱱᱦᱚᱸ, ᱩᱱᱠᱩ ᱚᱱᱟ ᱫᱟᱭᱤᱛᱭᱚ ᱠᱚ ᱵᱟᱝ ᱮᱢ ᱞᱟᱹᱠᱛᱤ ᱠᱟᱛᱷᱟ ᱡᱟᱦᱟᱸ ᱩᱱᱠᱩᱣᱟᱜ ᱵᱤᱠᱟᱥ ᱪᱚᱨᱚᱱ, ᱫᱟᱭᱤᱛᱭᱚ ᱟᱨ ᱫᱟᱲᱮ ᱠᱚᱨᱮ ᱠᱷᱚᱱ ᱰᱷᱮᱨ ᱦᱩᱭᱩᱜ-ᱟI"
यह केरल केले से अलग लगता है ।	ᱱᱚᱶᱟᱫᱚ ᱠᱮᱨᱟᱞᱟ ᱨᱮᱭᱟᱜ ᱡᱚᱢᱟᱜ ᱠᱷᱳᱱ ᱵᱷᱮᱜᱟᱨ ᱜᱮᱭᱟ ᱢᱚᱱᱮ ᱦᱩᱭᱩᱜ ᱠᱟᱱᱟ ᱾
मैं अपने बेटे के बारे में कुछ बातों पर चर्चा करने के लिए यहाँ हूँ.	ᱤᱧᱫᱚ ᱤᱧᱨᱮᱱ ᱠᱚᱲᱟ ᱜᱤᱫᱨᱟᱹ ᱵᱟᱵᱚᱛᱽᱛᱮ ᱠᱤᱪᱷᱤ ᱜᱟᱞᱢᱟᱨᱟᱨ ᱞᱟᱹᱜᱤᱫ ᱤᱧ ᱦᱮᱡᱽ ᱟᱠᱟᱱᱟ ᱾
लीटररी सहायक संघ का दौरा करने के लिए आपका बहुत - बहुत शुक्रिया ।	ᱞᱤᱴᱮᱨᱮᱥᱤ ᱮᱰ ᱮᱥᱚᱥᱤᱭᱮᱥᱚᱱ ᱧᱮᱞ ᱞᱟᱹᱜᱤᱫ ᱟᱭᱢᱟ ᱥᱟᱨᱦᱟᱣ ᱾
आपका स्वागत है!	ᱟᱢᱟᱜ ᱥᱟᱹᱜᱩᱱ ᱫᱟᱨᱟᱢ !
ᱡᱚᱦᱟᱨ	नमस्ते
ओह, चिंता मत करो, हमारे पास दोस्त भी हैं.	ᱳᱦ, ᱟᱞᱚᱢ ᱩᱭᱦᱟᱹᱨᱟ, ᱟᱞᱮᱴᱷᱮᱱ ᱰᱟᱭᱟᱵᱮᱴᱤᱠᱼᱦᱚᱲ ᱡᱚᱢᱟᱜ ᱞᱮᱠᱟᱱ ᱦᱮᱲᱮᱢ ᱡᱚᱢᱟᱜ ᱦᱚᱸ ᱢᱮᱱᱟᱜᱼᱟ ᱾
सीएसके (CSK) मैच देखने के बाद प्रशंसकों द्वारा छोड़े गए कचरे का दृश्य मैं बर्दाश्त नहीं कर सका।	ᱥᱤ ᱮᱥ ᱠᱮ ᱢᱮᱪ ᱧᱮᱞ ᱛᱟᱭᱚᱢ ᱯᱷᱮᱱᱥ ᱠᱚ ᱡᱟᱦᱟᱸ ᱡᱚᱵᱨᱟ ᱠᱚ ᱫᱚᱦᱚ ᱦᱚᱴᱚ ᱞᱮᱫᱟ, ᱚᱱᱟ ᱫᱚ ᱤᱧ ᱵᱟᱹᱧ ᱥᱟᱦᱟᱣ ᱫᱟᱲᱮᱭᱟᱜ ᱠᱟᱱᱟ ᱾
SPPPELP BENP विकल्प के साथ 2001 और 2002 में, बीएस के व्यापार मंच को बढ़ाया.	ᱵᱤ ᱮᱥ ᱤ ᱼ ᱨᱮᱭᱟᱜ ᱵᱟᱹᱱᱤᱡᱽ ᱴᱚᱴᱷᱟ ᱛᱮᱫ ᱯᱟᱥᱱᱟᱣ ᱠᱟᱛᱮ ᱒᱐᱐᱑ ᱟᱨ ᱒᱐᱐᱒ ᱼᱨᱮ ᱤᱠᱩᱭᱴᱤ ᱰᱮᱨᱤᱵᱷᱮᱴᱤᱵᱷ ᱠᱚ ᱟᱛᱮ ᱮᱥ ᱟᱨ ᱯᱤ ᱵᱤ ᱮᱥ ᱤ ᱥᱮᱱᱥᱮᱠᱥ ᱠᱚᱨᱮᱱᱟᱜ ᱩᱛᱱᱟᱹᱣ ᱯᱩᱨᱟᱹᱣᱚᱜᱼᱟ ᱾
आम तौर पर यह इस बात पर आधारित होता है कि आप पैसों की तंगी को कैसे पूरा करते हैं ।	ᱱᱚᱶᱟᱫᱚ ᱥᱟᱫᱷᱟᱨᱚᱱᱚᱛᱚ ᱟᱢ ᱪᱮᱫ ᱞᱮᱠᱟᱛᱮ ᱠᱟᱹᱣᱰᱤ ᱟᱥᱲᱟ ᱨᱮᱭᱟᱜ ᱯᱟᱨᱥᱳᱱᱟᱞ ᱞᱳᱱ ᱨᱮᱭᱟᱜ ᱡᱳᱜᱢᱟᱱ ᱞᱟᱹᱠᱛᱤᱭᱟᱜ ᱠᱚᱢ ᱯᱩᱨᱩᱱᱟ ᱚᱱᱟ ᱪᱮᱛᱟᱱᱮ ᱴᱮᱦᱟᱸᱰᱼᱟ ᱾
उन्हें लग सकता है कि उनके पास पीछा करने वाले (स्टॉकर) को रोकने की ताकत नहीं है।	ᱩᱝᱠᱩ ᱠᱚ ᱟᱹᱭᱠᱟᱹᱣ ᱫᱟᱲᱮᱭᱟᱜᱼᱟ ᱡᱮ ᱥᱴᱚᱠᱟᱨ ᱠᱚ ᱦᱟᱹᱯᱤᱫ ᱠᱚ ᱨᱮᱭᱟᱜ ᱫᱟᱲᱮ ᱫᱚ ᱩᱝᱠᱩᱣᱟᱜ ᱵᱟᱹᱱᱩᱜ ᱛᱟᱠᱚᱣᱟ ᱾
उसी महीने एक और हवाई जहाज़ पर सवार एक जंग छिड़ता हुआ देखा और एक दीवार पर टूटता हुआ, 1717 को मार डाला ।	ᱚᱱᱟ ᱪᱟᱸᱫᱚ ᱨᱮ ᱢᱤᱫ ᱟᱨ ᱩᱰᱟᱹᱱ ᱜᱟᱹᱰᱤ ᱫᱚ ᱢᱟᱥᱦᱟᱫᱽ ᱨᱮ ᱢᱤᱫ ᱨᱟᱱᱣᱮ ᱫᱚ ᱯᱟᱨᱚᱢᱚᱜ ᱟᱛᱮ ᱢᱤᱫ ᱵᱷᱤᱛ ᱥᱟᱶ ᱵᱟᱡᱽᱲᱟᱣ ᱮᱱᱟ, ᱚᱱᱟ ᱨᱮ ᱜᱮᱭᱟᱭ ᱦᱚᱲ ᱠᱚ ᱜᱚᱡ ᱮᱱᱟ᱾
फिर उस वक्‍त के बारे में क्या जब बाँगिया याना पार्टी राज कर रही थी?	ᱛᱟᱦᱚᱞᱮ ᱵᱷᱟᱨᱚᱛᱤᱭᱟᱹ ᱡᱚᱱᱚᱛᱟ ᱯᱟᱹᱴᱤᱭ ᱥᱟᱥᱚᱱᱮᱫ ᱛᱟᱦᱮᱸᱠᱟᱱ ᱚᱠᱛᱚ ᱪᱮᱫ ᱦᱩᱭᱩᱜᱼᱟ ?
प्रकाशन तीसरी है, है ना?	ᱥᱟᱸᱣᱦᱮᱫ ᱫᱚ ᱛᱮᱥᱟᱨᱟᱜ, ᱥᱮ ᱵᱟᱝ ?
CIC न्यूक्लीयरमेंट से अलग है क्योंकि यह मध्य- बीच की जानकारी प्रवाह की अनुमति देती है.	ᱱᱤᱣᱨᱳᱢᱳᱰᱤᱞᱮᱥᱚᱱ ᱠᱷᱚᱱ ᱵᱤᱹᱥᱤᱹᱟᱭ ᱵᱷᱮᱜᱟᱨ ᱱᱚᱶᱟ ᱞᱮᱠᱟ ᱡᱮ, ᱱᱚᱶᱟ ᱛᱚᱛᱷᱚ ᱵᱟᱱᱟᱨᱯᱟᱦᱴᱟ ᱞᱤᱜᱤᱸᱱ ᱨᱮᱭᱟᱜ ᱟᱨᱫᱟᱥ ᱮ ᱮᱢ ᱞᱮᱫᱟ।
आपने मुझे गारंटी दी थी कि टीवी 2 साल तक काम करेगा लेकिन यह 3 महीने में ही बंद हो गया!	ᱟᱢ ᱫᱚ ᱤᱧ ᱜᱮᱨᱮᱱᱴᱤᱢ ᱮᱢᱟᱫᱤᱧ ᱛᱟᱦᱮᱠᱟᱱᱟ ᱡᱮ ᱴᱤᱵᱤ ᱫᱚ ᱒ ᱥᱮᱨᱢᱟ ᱪᱟᱞᱟᱜᱼᱟ ᱢᱮᱱᱠᱷᱟᱱ ᱱᱚᱣᱟ ᱫᱚ ᱓ ᱪᱟᱸᱫᱚ ᱨᱮ ᱠᱟᱹᱢᱤᱭ ᱵᱚᱱᱫᱚ ᱟᱠᱟᱫᱟ !
वह अपने सृजनात्मक कौशल में इतना विश्‍वस्त नहीं है ।	ᱩᱱᱤ ᱫᱚ ᱟᱭᱟᱜᱽ ᱥᱤᱨᱡᱚᱱᱟᱱ ᱜᱟᱹᱠᱷᱩᱲ ᱪᱮᱛᱟᱱ ᱱᱤᱡᱽᱯᱟᱹᱛᱭᱟᱹᱣ ᱵᱟᱹᱱᱩᱜᱽᱛᱟᱭᱟ ᱾
परमेश्‍वर का शुक्र है कि स्वास्थ्य बीमा ने ख़र्चों पर रोक लगा दी ।	ᱪᱟᱸᱫᱳ ᱵᱚᱸᱜᱟ ᱥᱟᱨᱦᱟᱣ ᱜᱮ ᱥᱟᱶᱟᱨ ᱵᱤᱢᱟᱹ ᱨᱮᱭᱟᱜ ᱠᱷᱚᱨᱚᱪᱮ ᱯᱩᱨᱩᱱ ᱟᱠᱟᱫᱟ ᱾
वे अपने संगठन के इतिहास, संस्कृति, विरासत और वातावरण के बारे में बताते हैं ।	ᱩᱝᱠᱩ ᱫᱚ ᱟᱠᱩᱣᱟᱜ ᱱᱤᱡᱽ ᱱᱤᱡᱽ ᱯᱚᱱᱚᱛ ᱨᱮᱭᱟᱜ ᱱᱟᱜᱟᱢ, ᱞᱟᱠᱪᱟᱨ, ᱥᱮᱨᱣᱟ ᱩᱛᱷᱱᱟᱹᱣ ᱠᱟᱹᱢᱤᱦᱚᱨᱟ ᱟᱨ ᱞᱟᱭᱚᱝᱠᱩ ᱰᱩᱜᱽ ᱥᱚᱫᱚᱼᱟ ᱾
खिलाड़ी एक चरित्र, वस्तु या जानवर चुनता है।	ᱯᱞᱮᱭᱟᱨ ᱫᱚ ᱢᱤᱫᱴᱟᱝ ᱵᱮᱣᱦᱟᱨ, ᱫᱩᱨᱤᱵ ᱟᱨ ᱡᱤᱭᱟᱹᱞᱤ ᱠᱚᱭ ᱪᱚᱭᱮᱥ ᱠᱚᱣᱟ ᱾
1872 में उन्होंने मोंटगोमरी वार्ड की स्थापना की, जो एक राष्ट्रव्यापी प्रसिद्ध स्टोर बन गया।	᱑᱘᱗᱒ ᱥᱟᱞ ᱨᱮ ᱩᱱᱤ ᱫᱚ ᱢᱚᱱᱴᱮᱜᱳᱢᱟᱨᱤ ᱳᱣᱟᱨᱰ ᱮ ᱵᱮᱱᱟᱣ ᱞᱮᱫᱟ, ᱢᱤᱫᱴᱟᱝ ᱫᱳᱠᱟᱱ ᱡᱟᱸᱦᱟᱫᱚ ᱡᱟᱹᱛᱤᱭᱟᱹᱨᱤ ᱞᱮᱠᱟᱛᱮ ᱩᱯᱨᱩᱢ ᱞᱮᱱᱟ ᱾
उसने अधिकारियों को अपने काले पुराने पुराने कमरे में भेज दिया जो 500 फुट दूर था ।	ᱩᱱᱤ ᱚᱯᱷᱤᱥᱟᱨ ᱠᱚ ᱟᱡᱟᱜ ᱦᱮᱸᱫᱮ ᱚᱞᱰᱥᱢᱚᱵᱟᱭᱤᱞ ᱤᱸᱴᱨᱤᱜᱩᱭ ᱮ ᱩᱫᱩᱜ ᱠᱮᱫᱟ ᱡᱟᱦᱟᱸ ᱫᱚ ᱕᱐᱐ ᱯᱷᱩᱴ ᱥᱟᱺᱜᱤᱧ ᱨᱮ ᱛᱟᱦᱮᱸ ᱠᱟᱱᱟ᱾
इस फिल्म में 23 नवंबर 2020 को यह फिल्म तैयार की गयी थी ।	ᱯᱷᱤᱞᱢ ᱮᱯᱯᱨᱤᱥᱤᱭᱮᱥᱚᱱ ᱠᱳᱨᱥ ᱨᱮᱭᱟᱜ ᱨᱟᱵᱟᱝ ᱚᱠᱛᱚᱨᱮᱭᱟᱜ ᱟᱨᱩᱯᱷᱮᱨᱟᱣ ᱒᱓ ᱱᱚᱵᱷᱮᱢᱵᱚᱨ ᱒᱐᱒᱐ ᱠᱷᱚᱱᱟᱜ ᱠᱚ ᱪᱟᱞᱩ ᱞᱮᱫᱟ ᱾
मैं भी एक स्वास्थ्य बीमा खरीदने के बारे में सोच रहा हूँ.	ᱤᱧ ᱢᱤᱫᱴᱟᱝ ᱥᱟᱶᱟᱨ ᱵᱤᱢᱟᱹ ᱠᱤᱨᱤᱧ ᱨᱮᱭᱟᱜ ᱠᱟᱛᱷᱟᱧ ᱩᱭᱦᱟᱹᱨᱮᱫᱟ ᱾
तुम इतने आलसी होकर बैठकर मैच क्यों देख रहे हो? तुम बाहर जाकर खेलते क्यों नहीं?	ᱱᱩᱱᱟᱹᱜ ᱠᱷᱩᱲᱭᱟᱹ ᱠᱟᱛᱮᱫ ᱫᱩᱲᱩᱵ ᱫᱩᱲᱩᱵ ᱪᱮᱫᱟᱜ ᱢᱮᱪᱮᱢ ᱧᱮᱞᱮᱫ ᱠᱟᱱᱟ ? ᱟᱢ ᱫᱚ ᱵᱟᱦᱨᱮ ᱨᱮ ᱪᱟᱞᱟᱣ ᱠᱟᱛᱮᱫ ᱪᱮᱫᱟᱜ ᱵᱟᱢ ᱠᱷᱮᱞᱳᱰ ᱠᱟᱱᱟ ?
लेकिन यह काफी देर ले जाएगा तो आप अभी भी शो के कुछ घंटे देखने में सक्षम हो सकता है.	ᱢᱮᱱᱠᱷᱟᱱ ᱱᱚᱶᱟ ᱫᱚ ᱵᱮᱥ ᱡᱮᱞᱮᱧ ᱚᱠᱛᱚᱭ ᱦᱟᱛᱟᱣᱼᱟ ᱚᱱᱟᱛᱮ ᱟᱢ ᱱᱤᱛᱦᱚᱸᱥᱳ ᱨᱮᱭᱟᱜ ᱠᱤᱪᱷᱤ ᱴᱟᱲᱟᱝᱼᱮᱢ ᱧᱮᱞ ᱫᱟᱲᱮᱭᱟᱜᱼᱟ ᱾
यह भारतीयों और आर. 1000 के लिए आप की कीमत चुकानी होगी.	ᱵᱷᱟᱨᱚᱛᱤᱭᱚ ᱠᱚ ᱞᱟᱹᱜᱤᱫ ᱠᱷᱚᱨᱚᱪᱚᱜᱼᱟ ᱕᱐᱐ ᱴᱟᱠᱟ ᱟᱨ ᱵᱤᱞᱟᱹᱛᱤᱭᱟᱹ ᱠᱚ ᱞᱟᱹᱜᱤᱫ ᱫᱚ ᱑᱐᱐᱐ ᱴᱟᱠᱟ ᱾
क्या आपके पास सवाल हैं?	ᱟᱢᱟᱜ ᱡᱟᱦᱟᱱ ᱠᱩᱠᱞᱤ ᱢᱮᱱᱟᱜᱼᱟ ?
इस रासायनिक पदार्थ के बारे में क्या कहा जा सकता है?	ᱠᱮᱢᱤᱠᱚᱞ ᱮᱥᱤᱰ ᱟᱨᱵᱟᱝ ᱟᱞᱠᱟᱞᱟᱭᱱ ᱨᱮᱱᱟᱜ ᱟᱫᱷᱟᱨ ᱨᱮ ᱜᱚᱵᱷᱤ ᱨᱟᱥᱟ ᱨᱮᱱᱟᱜ ᱨᱚᱝ ᱵᱚᱫᱚᱞᱚᱜ ᱠᱟᱱᱟ᱾
मेरे पास तेईस कुर्सी हैं।	ᱤᱧ ᱴᱷᱮᱱ ᱠᱩᱲᱤ ᱯᱮ ᱜᱚᱴᱟᱝ ᱠᱩᱨᱥᱤ ᱢᱮᱱᱟᱜᱼᱟ ᱠᱚᱣᱟ।
जैसे - जैसे साल गुज़रते गए, भारत के अस्सैम शहर में एक - दूसरे से मिलते - जुलते दर्शकों की संख्या बढ़ती जा रही है ।	ᱚᱥᱚᱢᱤᱭᱟ ᱥᱤᱱᱮᱢᱟ ᱫᱚ ᱚᱥᱚᱢᱤᱭᱟ ᱯᱟᱨᱥᱤ ᱨᱮᱭᱟᱜ ᱥᱤᱱᱮᱢᱟ ,ᱡᱟᱦᱟᱸ ᱫᱚ ᱵᱷᱟᱨᱚᱛ ᱨᱮᱭᱟᱜ ᱟᱥᱟᱢ ᱨᱮᱠᱚ ᱧᱮᱞᱟ ᱾
शरीर रंग बाहरी लकीर के साथ जोड़ा जाता है, मात्रा के प्रभाव को बनाया जाता है.	ᱦᱚᱲᱢᱚ ᱨᱮᱭᱟᱜ ᱨᱚᱝ ᱫᱚ ᱵᱟᱨᱦᱮ ᱞᱟᱭᱤᱱ ᱛᱮ ᱢᱤᱫ ᱟᱠᱟᱱᱟ, ᱥᱤᱢᱟᱹ ᱨᱮᱭᱟᱜ ᱚᱨᱥᱚᱝᱮ ᱥᱤᱨᱡᱟᱹᱣᱮᱫᱼᱟ ᱾
अब भी मौजूद 25 पन्‍नों पर, बाइबल की सबसे पुरानी कॉपियाँ मौजूद हैं ।	᱒᱕ ᱰᱟᱱᱞᱟᱯ ᱵᱽᱨᱟᱹᱰᱥᱟᱭᱤᱰ ᱱᱤᱛᱦᱚᱸ ᱢᱮᱱᱟᱜᱼᱟ ᱡᱟᱦᱟᱸ ᱫᱚ ᱰᱚᱠᱩᱢᱮᱱᱴ ᱨᱮᱱᱟᱜ ᱥᱟᱱᱟᱢ ᱠᱷᱚᱱ ᱢᱟᱨᱮ ᱡᱤᱣᱮᱫ ᱯᱨᱚᱛᱤ ᱢᱮᱱᱟᱜᱼᱟ᱾ ᱢᱩᱬᱩᱛ ᱛᱤ ᱛᱮ ᱚᱞᱟᱜ ᱯᱨᱟᱛᱤ ᱵᱟᱝ ᱥᱟᱨᱮᱡ ᱟᱠᱟᱱᱟ᱾
ये डेविडसन फेलो हैं और समाज में अच्छा योगदान देते हैं।	ᱱᱩᱠᱩ ᱫᱚ ᱰᱮᱵᱷᱤᱰᱥᱚᱱ ᱨᱮᱱ ᱯᱟᱸᱡᱟᱠᱚ ᱟᱨ ᱥᱟᱶᱛᱟ ᱨᱮ ᱵᱷᱟᱜᱮ ᱮᱱᱮᱢ ᱠᱚ ᱫᱚᱦᱚᱭᱟ ᱾
1972 और 1973 के बीच दो श्रृंखलाएँ जारी की गई थीं।	ᱚᱸᱰᱮ ᱑᱙᱗᱒ ᱟᱨ ᱑᱙᱗᱓ ᱢᱩᱫᱽᱨᱮ ᱚᱰᱚᱠᱞᱮᱱ ᱵᱟᱨᱭᱟ ᱥᱤᱨᱤᱡ ᱛᱟᱦᱮᱸ ᱠᱟᱱᱟ ᱾
यह 1900 के दशक का अंतिम वर्ष था।	ᱱᱚᱶᱟ ᱫᱚ ᱛᱟᱦᱮᱸ ᱠᱟᱱᱟ ᱑᱙᱐᱐ ᱜᱮᱞᱟᱱ ᱨᱮᱭᱟᱜ ᱢᱩᱪᱟᱹᱫ ᱥᱮᱨᱢᱟ ᱾
पिछले तीन महीनों के लिए वेतन गिरने के समान दस्तावेज़ों में यह कथन लौटा देता है ।	ᱤᱱᱠᱟᱢ ᱨᱮᱭᱟᱜ ᱱᱚᱛᱷᱤ ᱡᱮᱞᱮᱠᱟ ᱯᱟᱨᱚᱢ ᱟᱠᱟᱱ ᱯᱮ ᱪᱟᱸᱫᱳ ᱨᱮᱭᱟᱜ ᱢᱟᱹᱱᱦᱟᱹ ᱥᱞᱤᱯ ᱟᱨ ᱟᱭᱴᱤ ᱨᱤᱴᱟᱨᱱ ᱥᱴᱮᱴᱢᱮᱱᱴ ᱾
हर हफ्ते सिगरेट पीने के लिए खर्च नहीं कर सकते	ᱦᱟᱯᱛᱟ ᱯᱤᱪᱷᱤ ᱥᱤᱜᱟᱨᱮᱴ ᱦᱟᱛᱟᱣ ᱨᱮᱭᱟᱜ ᱫᱟᱲᱮ ᱵᱟᱹᱱᱩᱜ ᱛᱤᱧᱟᱹ ᱾
ऐसे बच्चों को "फ्लिक" या जंगली कहा जाता है। कुछ गुप्त बच्चे लोगों द्वारा (आम तौर पर अपने माता-पिता के माता-पिता द्वारा बाध्य किया गया है); कुछ मामलों में इस बच्चे को त्याग देने के कारण माता पिता की कठोर बुद्धि या शारीरिक अपमान के कारण माता-पिता की हत्या हो गई थी।	ᱱᱚᱝᱠᱟᱱ ᱜᱤᱫᱽᱨᱟᱹ ᱠᱚᱫᱚ "ᱯᱷᱮᱨᱮᱞ" ᱥᱮ ᱡᱟᱹᱝᱞᱤ ᱠᱚ ᱢᱮᱛᱟ ᱠᱚᱣᱟ᱾ ᱟᱫᱚᱢ ᱯᱷᱮᱨᱮᱞ ᱜᱤᱫᱽᱨᱟᱹ ᱫᱚ ᱦᱚᱲ ᱦᱚᱛᱮᱛᱮ ᱜᱮ ᱠᱚ ᱠᱚᱱᱯᱷᱟᱭᱤᱱ ᱟᱠᱟᱱᱟ (ᱥᱟᱫᱷᱟᱨᱚᱱ ᱫᱚ ᱟᱠᱚᱨᱮᱱ ᱟᱭᱚᱼᱵᱟᱵᱟ); ᱟᱫᱚᱢ ᱢᱟᱢᱞᱟ ᱨᱮ ᱱᱚᱣᱟ ᱜᱤᱫᱽᱨᱟᱹ ᱮᱵᱮᱱᱰᱮᱱᱢᱮᱱᱴ ᱫᱚ ᱮᱸᱜᱟᱛᱼᱟᱯᱟᱛ ᱦᱚᱛᱮᱛᱮ ᱜᱤᱫᱽᱨᱟᱹᱣᱟᱜ ᱜᱟᱹᱦᱤᱨ ᱤᱱᱴᱮᱞᱮᱱᱪᱩᱣᱟᱞ ᱟᱨ ᱯᱷᱤᱡᱤᱠᱟᱞ ᱤᱢᱯᱞᱤᱢᱮᱱᱴ ᱵᱟᱝ ᱢᱟᱱᱟᱣ ᱠᱷᱟᱹᱛᱤᱨ ᱛᱮ ᱦᱩᱭᱟᱠᱟᱱᱟ᱾
छी! यह मेज गंदी और अस्त-व्यस्त है और यह रेस्टोरेंट कचरे के डिब्बे जैसा दिखता है, घिनौना!!	ᱦᱩᱦ ! ᱱᱚᱣᱟ ᱴᱮᱵᱤᱞ ᱦᱚᱸ ᱱᱳᱝᱨᱟ ᱟᱨ ᱵᱟᱝ ᱥᱟᱯᱷᱟ ᱟᱨ ᱱᱚᱣᱟ ᱨᱮᱥᱛᱳᱨᱟ ᱫᱚ ᱧᱮᱞᱛᱮ ᱦᱚᱸ ᱢᱤᱫᱴᱟᱝ ᱴᱨᱮᱥ ᱠᱮᱱ ᱞᱮᱠᱟ ᱧᱮᱞᱛᱮ, ᱦᱤᱨᱠᱷᱟᱹ ᱜᱮ !!
नए उत्पाद का इंतजार कर रहे समर्पित ऐप्पल प्रशंसकों ने कीमत सुनते ही एक स्वर में निराशा व्यक्त की।	ᱥᱳᱯᱨᱳᱫᱟᱱ ᱟᱯᱮᱞ ᱫᱩᱞᱟᱹᱲᱟᱱ ᱠᱚ ᱱᱟᱣᱟ ᱫᱩᱨᱤᱵᱽ ᱞᱟᱹᱜᱤᱫ ᱠᱚ ᱛᱟᱸᱜᱤ ᱟᱠᱟᱫᱟ ᱡᱮ ᱡᱚᱠᱷᱮᱡ ᱩᱱᱠᱩ ᱫᱟᱢ ᱟᱸᱡᱚᱢ ᱠᱟᱛᱮᱫ ᱢᱤᱫ ᱨᱟᱦᱟ ᱛᱮᱠᱚ ᱨᱟᱜ ᱮᱫᱟ ᱾
मुझे आज अपने बैंक खाते में आयकर रिफंड प्राप्त हुआ।	ᱤᱧ ᱛᱤᱦᱤᱧ ᱤᱧᱟᱹᱜ ᱵᱮᱝᱠ ᱮᱠᱟᱣᱩᱱᱴ ᱨᱮ ᱠᱚᱨ ᱨᱩᱣᱟᱹᱲᱤᱧ ᱧᱟᱢ ᱟᱠᱟᱫᱟ ᱾
अर्ले, अलबामा: अर्ले अमेरिकी राज्य अलबामा का एक शहर है।	ᱟᱨᱞᱮ, ᱟᱞᱟᱵᱟᱢᱟ ᱟᱨᱞᱮ ᱫᱚ ᱢᱟᱨᱠᱤᱱ ᱡᱩᱠᱛᱚᱨᱟᱥᱴᱨᱚ ᱨᱮᱭᱟᱜ ᱟᱞᱟᱵᱟᱢᱟ ᱯᱚᱱᱚᱛ ᱨᱮᱭᱟᱜ ᱢᱤᱫᱴᱟᱝ ᱥᱟᱦᱟᱨ ᱾
अँग्रेज़ी भाषा सीखने के लिए करीब 2,000 लोगों की ज़रूरत होती है और इससे उन्हें काफी फायदा होता है ।	ᱱᱤᱭᱟᱨᱥᱳᱨ ᱟᱨ ᱟᱭᱴᱤ ᱡᱳᱜᱟᱣᱡᱚᱛᱚᱱ ᱛᱷᱟᱯᱚᱱ ᱜᱚᱴᱟ ᱦᱩᱭᱩᱜ ᱠᱟᱱᱟ ᱤᱝᱨᱟᱹᱡᱤ ᱯᱟᱹᱨᱥᱤ ᱨᱮᱭᱟᱜ ᱵᱷᱟᱜᱮ ᱵᱟᱰᱟᱭᱟᱱ ᱾
डिटर्मिनिस्टिक एल्गोरिदम: एक डिटर्मिनिस्टिक एल्गोरिदम कंप्यूटर विज्ञान का एक शब्द है।	ᱰᱤᱴᱟᱨᱢᱤᱱᱤᱥᱴᱤᱠ ᱮᱞᱜᱚᱨᱤᱛᱷᱚᱢ ᱰᱤᱴᱟᱨᱢᱤᱱᱤᱥᱴᱤᱠ ᱮᱞᱜᱚᱨᱤᱛᱷᱚᱢ ᱫᱚ ᱦᱩᱭᱩᱜ ᱠᱟᱱᱟ ᱢᱤᱫᱴᱟᱝ ᱠᱚᱢᱯᱤᱭᱩᱴᱟᱨ ᱥᱟᱸᱬᱮᱥ ᱨᱮᱭᱟᱜ ᱟᱹᱲᱟᱹ ᱾
सभी महाद्वीपीय महाद्वीपीय पिघलन के भिन्नीकरण और पूर्व महाद्वीपीय महाद्वीपीय महाद्वीपों के लक्षणों से अंत में कच्चे पिघलने से प्राप्त होती है.	ᱡᱚᱛᱚ ᱢᱟᱦᱟᱫᱮᱥᱤᱭᱚ ᱪᱮᱛᱟᱱ ᱦᱤᱸᱥᱜᱮ ᱢᱩᱪᱟᱹᱫ ᱫᱷᱟᱹᱵᱤᱡᱽ ᱟᱜᱱᱮᱭᱚᱜᱤᱨᱤ ᱞᱮᱠᱟᱱ ᱫᱷᱤᱨᱤ ᱜᱟᱞᱟᱜ ᱟᱨ ᱞᱟᱦᱟᱠᱷᱚᱱ ᱢᱮᱱᱟᱜ ᱢᱟᱦᱟᱫᱮᱥᱤᱭᱚ ᱪᱮᱛᱟᱱ ᱦᱤᱸᱥ ᱨᱮᱭᱟᱜ ᱟᱛᱛᱤᱠᱚᱨᱚᱱ (ᱫᱚᱲᱦᱟᱞᱮᱜ)ᱼᱨᱮᱭᱟᱜ ᱵᱷᱟᱜᱼᱦᱤᱸᱥ ᱨᱮᱭᱟᱜ ᱵᱮᱜᱟᱨ ᱦᱚᱛᱮᱛᱮ ᱯᱚᱴᱚᱢᱼᱚᱰᱚᱜᱚᱠ ᱜᱟᱞᱟᱣ (ᱢᱩᱰᱩᱛᱞᱮᱠᱟᱛᱮ ᱟᱜᱱᱮᱭᱚᱜᱤᱨᱤ ᱞᱮᱠᱟᱱ ᱫᱷᱤᱨᱤ) ᱠᱷᱚᱱᱜᱤ ᱚᱫᱚᱜᱚᱠ ᱠᱟᱱᱟ ᱾
यह उन्हें शिकारीओं से छिपाने के लिए छोटे - छोटे स्थानों का एक विस्तृत क्षेत्र देता है ।	ᱱᱚᱶᱟ ᱩᱱᱠᱩ ᱥᱮᱸᱫᱽᱨᱟ ᱠᱩᱫ ᱠᱷᱚᱱ ᱵᱟᱧᱪᱟᱣᱜ ᱞᱟᱹᱜᱤᱫ ᱦᱩᱰᱤᱧ ᱡᱟᱭᱜᱟ ᱨᱮ ᱚᱥᱟᱨ ᱨᱮᱸᱡᱽ-ᱮ ᱮᱢᱟᱯᱮᱭᱟ᱾
वास्तव में आयोजकों द्वारा बनाए गये अनुमान कुछ हद तक चला गया है.	ᱠᱷᱚᱨᱚᱪ ᱫᱚ ᱟᱥᱚᱞᱨᱮ ᱥᱟᱥᱟᱯᱲᱟᱣᱠᱩᱣᱟᱜ ᱦᱤᱥᱟᱹᱵ ᱠᱷᱚᱱ ᱠᱟᱹᱴᱤᱡᱽ ᱡᱟᱹᱥᱛᱤ ᱪᱟᱞᱟᱣᱟᱠᱟᱱᱟ ᱾
ये विचार अकसर संकेतक थे, आम तौर पर और उससे भी अधिक विस्तृत जानकारी की तुलना में हैं ।	ᱮᱢ ᱠᱟᱱ ᱣᱤᱪᱟᱹᱨ ᱫᱚ ᱚᱝᱠᱟ ᱜᱮ ᱰᱷᱮᱨ ᱣᱤᱥᱛᱨᱩᱛ ᱡᱟᱹᱱᱣᱟᱹᱨᱤ ᱠᱚ ᱨᱮᱭᱟᱜ ᱛᱩᱞᱱᱟᱹ ᱨᱮ ᱚᱝᱠᱟ ᱜᱮ ᱥᱚᱨᱠᱟᱨᱤ, ᱥᱟᱢᱟᱱᱭᱚ ᱟᱨ ᱡᱟᱹᱥᱛᱤ ᱟᱞᱜᱟ ᱥᱟᱹᱦᱤᱸᱡ ᱛᱟᱦᱮᱸᱱ ᱠᱟᱱᱟ᱾
अनीसुज्जमां की मृत्यु 14 मई 2020 को ढाका में गुर्दे और हृदय रोग के कारण हुई।	ᱟᱱᱤᱥᱩᱡᱡᱟᱢᱟᱱ ᱫᱚ ᱠᱤᱰᱱᱤ ᱟᱨ ᱨᱤᱫᱚᱭ ᱟᱡᱟᱨ ᱛᱮ ᱡᱚᱠᱷᱚᱢ ᱠᱟᱛᱮ ᱑᱔ ᱢᱮ ᱒᱐᱒᱐ ᱥᱟᱞ ᱨᱮ ᱰᱷᱟᱠᱟ ᱨᱮᱭ ᱜᱚᱪ ᱞᱮᱱᱟ ᱾
EDC और WHO के यूरोप के क्षेत्र क्षेत्र विभाग ने अस्पताल और प्राथमिक स्वास्थ्य सेवाओं के लिए निर्देश जारी किए, जिनमें अनेक स्तर पर संसाधनों को बदलने के लिए आर्थिक सेवाओं पर ध्यान केंद्रित किया जाता है, चुनावात्मक तरीकों को रद्द करने के लिए, और मरीज़ को अलग करने के लिए अलग किया जाता है, और उन्हें अलग करने के लिए तीव्र देखभाल प्रदान करने के द्वारा, और बढ़ते हुए निर्माण कर्मचारियों और बिस्तरों और बिस्तरों और बिस्तरों को बढ़ा देने के द्वारा तीव्र देखभाल की क्षमता बढ़ रही है।	ᱤᱥᱤᱰᱤᱥᱤ ᱟᱨ ᱦᱩ ᱨᱮᱭᱟᱜ ᱤᱭᱩᱨᱳᱯᱤᱭᱤ ᱴᱚᱴᱷᱟᱠᱤᱭᱟᱹ ᱟᱹᱯᱤᱥ ᱦᱟᱥᱯᱟᱛᱟᱞ ᱟᱨ ᱯᱨᱟᱭᱢᱟᱨᱤ ᱦᱮᱞᱛᱷ ᱠᱮᱭᱟᱨ ᱥᱟᱨᱵᱷᱤᱥ ᱠᱚ ᱞᱟᱹᱜᱤᱫ ᱦᱚᱨᱼᱩᱫᱩᱜ ᱛᱟᱹᱨᱤᱭ ᱡᱟᱹᱨᱤ ᱟᱠᱟᱫᱟ ᱢᱤᱫᱴᱟᱝ ᱠᱷᱚᱱ ᱵᱟᱹᱲᱛᱤ ᱛᱷᱚᱠᱨᱮ ᱜᱟᱶᱛᱟᱠᱚ ᱵᱚᱱᱚᱫᱚᱞ ᱞᱟᱹᱜᱤᱫ, ᱡᱟᱦᱟᱸᱠᱚ ᱢᱩᱫᱽᱨᱮ ᱢᱮᱱᱟᱜᱼᱟ ᱞᱮᱵᱳᱨᱮᱴᱚᱨᱤ ᱨᱮ ᱯᱚᱨᱤᱥᱮᱵᱟᱠᱚ ᱵᱤᱰᱟᱹᱣ ᱥᱮᱡᱽ ᱢᱚᱱᱮ ᱞᱟᱜᱟᱣ, ᱤᱞᱮᱠᱴᱤᱵᱷ ᱦᱚᱨᱟ ᱵᱟᱫ ᱠᱟᱜ, ᱨᱩᱜᱤ ᱠᱚ ᱵᱷᱮᱜᱟᱨ ᱠᱟᱠᱚ ᱟᱨ ᱮᱥᱠᱟᱨ ᱨᱮ ᱫᱚᱦᱚ, ᱟᱨ ᱠᱟᱹᱢᱤᱭᱟᱹ ᱠᱚᱣᱟᱜ ᱛᱟᱹᱞᱤᱢ ᱛᱟᱞᱟᱛᱮ ᱜᱟᱹᱦᱤᱨ ᱡᱚᱛᱱᱟᱣ ᱫᱟᱲᱮ ᱵᱟᱹᱲᱛᱤᱭ ᱟᱨ ᱵᱦᱮᱱᱴᱤᱞᱮᱴᱚᱨ ᱵᱟᱹᱲᱛᱤ ᱥᱟᱶᱛᱮ ᱟᱴᱮᱫ ᱦᱚᱸ ᱾
स्वर्गदूत (2006)) समझाता है कि यह तरीका है, ऐसे संगठनों की मदद करने के लिए इस्तेमाल किया जा रहा है, जो बड़े पैमाने पर काम करते हैं ।	ᱮᱧᱡᱮᱞ (᱒᱐᱐᱖), ᱠᱚᱱᱴᱤᱱᱟᱹᱢ ᱫᱨᱩᱥᱴᱤᱠᱚᱬ ᱨᱮᱭᱟᱜ ᱵᱭᱟᱠᱷᱭᱟ ᱢᱤᱫᱴᱟᱹᱝ ᱱᱟᱠᱟ ᱛᱚᱨᱠᱟ ᱦᱤᱥᱟᱹᱵ ᱛᱮ ᱠᱚᱨᱟᱣᱮᱫᱟᱭ, ᱡᱟᱦᱟᱸ ᱨᱮᱭᱟᱜ ᱵᱮᱵᱷᱟᱨ ᱥᱚᱝᱜᱚᱴᱷᱚᱱ ᱠᱚ ᱯᱨᱚᱫᱚᱨᱥᱚᱱ ᱨᱮᱭᱟᱜ ᱩᱪ ᱥᱛᱚᱨ ᱫᱷᱟᱹᱵᱤᱡ ᱥᱮᱴᱮᱨ ᱨᱮ ᱜᱚᱲᱚ ᱮᱢ ᱞᱟᱹᱜᱤᱫ ᱠᱚᱨᱟᱣ ᱮᱫᱟᱭ᱾
2010 की जनगणना के अनुसार, इस शहर की जनसंख्या 3,019 थी।	᱒᱐᱑᱐ ᱥᱟᱞ ᱨᱮᱭᱟᱜ ᱦᱚᱲᱞᱮᱠᱷᱟ ᱞᱮᱠᱟᱛᱮ, ᱥᱟᱦᱟᱨ ᱨᱮ ᱦᱚᱲᱮᱞ ᱠᱚ ᱛᱟᱦᱮᱸ ᱠᱟᱱᱟ ᱓,᱐᱑᱙ ᱦᱚᱲ ᱾
क्या मैं प्रौढ़ता की तारीख से पहले नीति आत्मसमर्पण कर सकता हूँ?	ᱤᱧ ᱫᱚ ᱪᱮᱫ ᱢᱮᱭᱟᱫ ᱯᱩᱨᱟᱹᱣ ᱢᱟᱹᱦᱤᱛ ᱞᱟᱦᱟᱨᱮ ᱯᱚᱞᱤᱥᱤᱧ ᱪᱟᱵᱟ ᱫᱟᱲᱮᱭᱟᱜᱼᱟ ?
राज्यपाल के कार्यालय ने कहा कि घायल लोगों में से उन्नीस पुलिस अधिकारी थे।	ᱯᱚᱱᱚᱛ ᱜᱚᱢᱠᱮ ᱟᱹᱢᱟᱹᱞᱤᱨᱮ ᱢᱮᱱ ᱠᱮᱫᱼᱟ ᱡᱮ ᱜᱷᱟᱣ ᱟᱠᱟᱱ ᱠᱚ ᱫᱚ ᱜᱮ ᱟᱨᱮ ᱯᱩᱞᱤᱥ ᱟᱫᱷᱤᱠᱟᱨᱤ ᱠᱚ ᱛᱟᱦᱮᱸ ᱠᱟᱱᱟ᱾
अनुमान लगाया गया मौसम पूर्वानुमान और नवीनतम पूर्वानुमान के अनुसार, यह लगभग ३ दिनों तक होगा ।	ᱟᱜᱟᱢ ᱵᱟᱰᱟᱭᱟᱱ ᱦᱚᱭᱦᱤᱥᱤᱫ ᱨᱮᱭᱟᱜ ᱟᱜᱟᱢ ᱵᱟᱰᱟᱭ ᱟᱨ ᱢᱩᱪᱟᱹᱫ ᱨᱮᱭᱟᱜ ᱢᱤᱫ ᱞᱮᱠᱟᱛᱮ, ᱱᱚᱶᱟ ᱟᱭᱩᱢᱟᱹᱱ ᱞᱮᱠᱟᱛᱮ ᱓ ᱢᱟᱦᱟ ᱞᱟᱹᱜᱤᱫ ᱪᱟᱞᱩ ᱛᱟᱦᱮᱸᱱᱟ ᱾
ᱪᱮᱫ ᱦᱚᱸ ᱮᱴᱠᱮᱴᱚᱬᱮ ᱵᱟᱹᱱᱩᱜᱼᱟ	कोई समस्या नहीं
पुलिस अधिकारी कोर ने कहा कि पुलिस अधिकारी को अदालत के सामने पेश किया गया है ।	ᱯᱩᱞᱤᱥ ᱟᱫᱷᱤᱪᱷᱟᱠ ᱪᱟᱸᱫᱽᱨᱟᱥᱮᱠᱷᱟᱨ ᱥᱚᱞᱟᱸᱠᱤ ᱢᱮᱱ ᱠᱮᱫᱟᱭ ᱡᱮ ᱠᱤ ᱫᱚᱥᱤ ᱮᱥᱮᱫ ᱟᱠᱟᱱ ᱢᱩᱴᱷᱟᱹᱱ ᱥᱟᱶᱛᱮ ᱟᱫᱟᱞᱚᱛ ᱨᱮᱠᱚ ᱥᱚᱫᱚᱨ ᱠᱮᱫ ᱠᱚᱣᱟ᱾
अमरीका के संयुक्‍त राज्य में, अनेक तथाकथित रोग (MS) के लगभग ४,००,००० ज्ञात मामले हैं ।	ᱥᱟᱶᱛᱟ ᱯᱚᱱᱚᱛ ᱟᱢᱮᱨᱤᱠᱟ ᱨᱮ, ᱢᱟᱹᱞᱴᱤᱯᱟᱹᱞ ᱥᱠᱮᱞᱮᱨᱚᱥᱤᱥ (MS) ᱨᱤᱱ ᱛᱤᱱᱟᱹᱜ ᱔᱐᱐,᱐᱐᱐ ᱢᱟᱹᱢᱞᱟᱹ ᱢᱮᱱᱟᱜᱼᱟ, ᱚᱠᱟ ᱫᱚ ᱭᱩᱵᱟ ᱟᱨ ᱢᱚᱫᱷᱭᱟᱹᱢ ᱟᱹᱭᱩ ᱣᱚᱨᱜᱽ ᱨᱤᱱ ᱣᱚᱭᱚᱥᱠ ᱨᱮ ᱯᱨᱚᱢᱩᱠᱷ ᱱᱭᱩᱨᱚᱞᱚᱡᱤᱠᱟᱹᱞ ᱨᱚᱜᱽ ᱦᱤᱥᱟᱹᱵ ᱛᱮ ᱪᱷᱟᱲᱟ ᱩᱛᱟᱹᱨᱟᱭ᱾
अटारी लिंक्स रंगीन ग्राफिक्स वाला पहला हैंडहेल्ड वीडियो गेम सिस्टम था।	ᱟᱴᱟᱨᱤ ᱞᱤᱱᱮᱠᱥ ᱫᱚ ᱛᱟᱦᱮᱠᱟᱱᱟ ᱯᱳᱭᱞᱳ ᱛᱤᱛᱮ ᱥᱟᱵᱽ ᱵᱷᱤᱰᱤᱭᱳ ᱜᱮᱹᱢ ᱥᱤᱥᱴᱟᱢ ᱡᱟᱦᱟ ᱨᱮᱫᱚ ᱠᱟᱞᱟᱨ ᱜᱨᱟᱯᱷᱤᱠ ᱛᱟᱦᱮᱱᱟ ᱾
युद्ध खत्म होने के दो साल बाद, भूतपूर्व मित्र अब शत्रु थे और शीत युद्ध शुरू हो गया ।	ᱵᱟᱨ ᱥᱮᱨᱢᱟ ᱛᱟᱭᱚᱢ ᱨᱮᱱᱟᱜ ᱞᱟᱹᱲᱦᱟᱹᱭ ᱢᱩᱪᱟᱹᱫ, ᱢᱟᱬᱟᱝ ᱜᱚᱜᱽᱲᱚᱭᱤᱡ ᱱᱤᱛᱚᱜ ᱵᱟᱭᱨᱤ ᱭᱮᱱᱟᱭ ᱟᱨ ᱨᱮᱭᱟᱲ ᱞᱟᱹᱲᱦᱟᱹᱭ ᱮᱛᱚᱦᱚᱵ ᱞᱮᱱᱟ᱾
कुछ लोग तो बस एक दिन के लिए इंतज़ार कर रहे हैं, ठीक जैसे एक दिन शुरू होने से पहले ।	ᱮᱯᱯᱚᱞ ᱤᱥᱴᱳᱨ ᱨᱮᱭᱟᱜ ᱛᱷᱟᱯᱚᱱ ᱟᱨ ᱱᱟᱣᱟ ᱫᱩᱨᱤᱵᱽ ᱪᱷᱟᱹᱲ ᱥᱟᱭ ᱥᱟᱭ ᱦᱚᱲᱠᱚᱣᱟᱜ ᱵᱷᱤᱲ ᱮ ᱳᱣᱟᱨ ᱫᱟᱲᱮᱭᱟᱜᱼᱟ, ᱡᱟᱦᱟᱸ ᱢᱩᱫᱽᱨᱮ ᱠᱟᱹᱪ ᱦᱚᱲ ᱟᱵᱟᱨ ᱛᱷᱟᱯᱚᱱ ᱞᱟᱦᱟ ᱫᱤᱱ ᱠᱷᱚᱱ ᱥᱤᱢᱟᱹᱱᱟᱹᱭ ᱛᱟᱸᱜᱤᱭᱮᱫᱟ ᱾
कल	ᱦᱚᱞᱟ
मैं अंदर आ सकता हूँ, साहब?	ᱤᱧ ᱵᱷᱤᱛᱤᱨ ᱨᱮᱧ ᱦᱮᱡᱽ ᱫᱟᱲᱮᱭᱟᱜᱼᱟ, ᱥᱮᱨ ?
राजनेताओं द्वारा काम पूरा करने में कोई ईमानदारी न दिखाना बहुत कष्टप्रद है।	ᱨᱟᱡᱽᱟᱹᱨᱤ ᱜᱟᱹᱠᱷᱩᱲᱤᱭᱟᱹ ᱠᱚᱣᱟᱜ ᱠᱟᱹᱢᱤ ᱨᱮ ᱥᱚᱛ ᱵᱟᱝ ᱩᱫᱩᱜ ᱫᱚ ᱟᱹᱰᱤ ᱵᱮᱡᱟᱨᱟᱱᱟᱜ ᱾
क्या आपने अभी तक उसका नाम लिया है?	ᱱᱤᱛ ᱦᱚᱸ ᱩᱱᱤᱭᱟᱜᱮᱢ ᱧᱩᱛᱩᱢᱮᱫᱟ ?
साइट का नाम डिस्कोवोग्राफीज (discographies) का संक्षिप्त रूप है।	ᱥᱟᱭᱤᱴ ᱨᱮᱭᱟᱜ ᱧᱩᱛᱩᱢ ᱫᱚ ᱰᱤᱥᱠᱳᱜᱨᱟᱯᱷᱤ ᱨᱮ ᱞᱟᱹᱜᱤᱫ ᱠᱷᱟᱴᱚᱛᱮ ᱾
छी। आप मेरे मल का नमूना क्यों चाहते हैं?	ᱤᱭᱩ ᱾ ᱟᱢ ᱫᱚ ᱪᱮᱫᱟᱜ ᱤᱧᱟᱜ ᱤᱡᱽ ᱨᱮᱭᱟᱜ ᱱᱟᱹᱢᱩᱱᱟᱢ ᱠᱷᱚᱡ ᱠᱟᱱᱟ ?
सिंह का घमंड, भेड़ियों या कुत्तों के पैकों की तरह काफ़ी काम करता है, जानवर व्यवहार में सिंहों के समान (लेकिन अन्य बड़ी ढोलों), और अपने शिकार के लिए भी बहुत घातक है ।	ᱠᱩᱞ ᱜᱚᱨᱚᱵᱽ ᱫᱚ ᱥᱮᱛᱟ ᱥᱮ ᱵᱤᱨ ᱥᱮᱛᱟ ᱠᱚᱣᱟᱜ ᱫᱚᱞ ᱞᱮᱠᱟ ᱠᱚ ᱠᱟᱹᱢᱤᱭᱟ, ᱡᱟᱱᱣᱟᱨ ᱠᱚ ᱪᱚᱢᱠᱟᱣᱚᱜ ᱞᱮᱠᱟ ᱠᱩᱞ ᱞᱮᱠᱟ(ᱢᱮᱱᱠᱷᱟᱱ ᱮᱴᱟᱜ ᱥᱮᱬᱟ ᱯᱩᱥᱤ ᱫᱚ ᱵᱟᱝ) ᱠᱚ ᱵᱮᱵᱷᱟᱨ, ᱟᱨ ᱥᱮᱸᱫᱽᱨᱟ ᱞᱟᱹᱜᱤᱫ ᱟᱹᱰᱤ ᱠᱚ ᱵᱚᱛᱚᱨᱟᱱᱟ᱾
क्या आपने अपने लिखे उत्तर पढ़े हैं? तुमने तो मेरा सिरदर्द कर दिया (शिक्षक)।	ᱟᱢᱟᱜ ᱚᱞ ᱛᱮᱞᱟ ᱠᱚ ᱟᱢ ᱠᱤᱢ ᱯᱟᱲᱦᱟᱣ ᱟᱠᱟᱫᱟ ? ᱟᱢ ᱤᱧᱟᱹᱜ  ᱵᱚᱦᱚᱜ ᱮᱢ ᱦᱟᱥᱩ ᱦᱚᱪᱚ ᱟᱠᱟᱫᱤᱧᱟᱹ (ᱢᱟᱪᱮᱫ)
उसी वर्ष बाद में यह जोड़ा जैक्सन, मिसिसिपी चला गया।	ᱚᱱᱟ ᱥᱮᱨᱢᱟ ᱛᱟᱭᱚᱢᱛᱮ ᱱᱩᱠᱤᱱ ᱛᱤᱨᱤᱼᱡᱩᱨᱤ ᱢᱤᱥᱤᱥᱤᱯᱤ  ᱨᱮᱭᱟᱜ ᱡᱮᱹᱠᱥᱚᱱ ᱥᱟᱦᱟᱨ ᱨᱮᱠᱤᱱ ᱦᱮᱡ ᱞᱮᱱᱟ ᱾
यह खबर पत्रकारों ने दी है कि कम - से - कम कोई और टिप्पणी तब तक नहीं की जाएगी जब तक कि कोई जवाब नहीं दिया जाएगा ।	ᱨᱟᱡᱽ ᱠᱟᱛᱟᱲ, ᱡᱟᱦᱟᱸᱭ ᱫᱚ ᱯᱨᱳᱥᱤᱠᱣᱮᱥᱚᱱ ᱨᱤᱱᱤᱡ ᱯᱩᱨᱟᱹ ᱫᱟᱹᱭᱛᱚ ᱛᱟᱭ, ᱩᱱᱤ ᱡᱚᱨᱱᱟᱞᱤᱥᱴ ᱠᱚᱭ ᱢᱮᱛᱟᱦᱟᱠᱟᱫ ᱠᱚᱣᱟ ᱡᱮ ᱩᱛᱤ ᱠᱷᱟᱴᱚᱨᱮ ᱤᱱᱰᱤᱠᱢᱮᱸᱴ ᱦᱩᱭ ᱞᱟᱦᱟᱨᱮ ᱪᱮᱫ ᱦᱚᱸ ᱟᱞᱚᱯᱮ ᱢᱮᱱ-ᱟ᱾
वे अपनी तस्वीरें अन्य फोन और अन्य उपकरणों पर भेज सकते हैं।	ᱩᱱᱠᱩ ᱫᱚ ᱟᱠᱚᱣᱟᱜ ᱪᱤᱛᱟᱹᱨ ᱮᱴᱟᱜ ᱯᱷᱳᱱ ᱟᱨ ᱰᱤᱵᱷᱟᱭᱤᱥ ᱨᱮᱠᱚ ᱵᱷᱮᱡᱟ ᱫᱟᱲᱮᱭᱟᱜᱼᱟ ᱾
बौद्ध बौद्ध धर्म के सिद्धांत में बहुत सरल है. यह Kuundial योगा, मनन और सभी विलासी प्यार के मार्ग से जुड़ा हुआ है.	ᱥᱤᱫᱷᱟᱸᱛ ᱨᱩᱯᱛᱮ ᱛᱤᱵᱽᱵᱚᱛᱤ ᱵᱚᱫᱷ ᱫᱷᱚᱨᱚᱢ ᱟᱹᱰᱤ ᱪᱮᱦᱨᱟᱦᱟ᱾ ᱱᱟᱶᱟ ᱨᱮ ᱠᱩᱸᱰᱞᱤᱱᱤ ᱭᱚᱜᱟ, ᱫᱷᱮᱭᱟᱱ ᱟᱨ ᱡᱚᱛᱚ ᱞᱮᱠᱟᱱᱟᱜ ᱫᱩᱞᱟᱹᱲ ᱰᱟᱦᱟᱨ ᱨᱮ ᱥᱮᱞᱮᱫᱚᱜ ᱠᱟᱱᱟ᱾
आईसीसी में तीन ब्रिटिश और तीन आदिवासी थे, जो टी.	ᱢᱟᱫᱨᱟᱡᱨᱮ ᱢᱤᱫᱴᱟᱝ ᱩᱠᱤᱞ ᱴᱤ ᱨᱝᱜᱟᱪᱟᱨᱤ ᱟᱹᱭᱩᱨᱛᱮ ᱯᱮᱦᱚᱲ ᱤᱝᱨᱮᱡ ᱟᱨ ᱯᱮ ᱦᱚᱲ ᱵᱷᱟᱨᱴᱤᱭ ᱱᱤᱭᱟᱹ ᱟᱭ ᱥᱤ ᱥᱤ ᱵᱮᱱᱟᱣ ᱟᱠᱟᱱᱟ᱾
डेनुवो सॉफ्टवेयर सॉल्यूशंस GmbH इर्डेटो (Irdeto) की एक सहायक कंपनी है।	ᱰᱮᱱᱩᱵᱷᱳ ᱥᱚᱯᱷᱴᱳᱣᱮᱨ ᱥᱚᱞᱤᱣᱥᱚᱱᱥ ᱡᱤ ᱮᱢ ᱵᱤ ᱮᱭᱤᱪ ᱫᱚ ᱤᱨᱰᱮᱴᱳ ᱨᱮᱱ ᱢᱤᱫᱴᱟᱝ ᱜᱚᱲᱚᱭᱤᱡ ᱠᱟᱱᱟᱭ ᱾
सात घंटों के दौरान कई स्थानों पर हमला किया गया।	ᱮᱭᱟᱭ ᱴᱟᱬᱟᱝ ᱨᱮᱭᱟᱜ ᱯᱷᱟᱨᱟᱠᱨᱮ ᱟᱭᱢᱟ ᱴᱷᱟᱶᱨᱮ ᱦᱟᱢᱞᱟ ᱪᱟᱞᱟᱣ ᱦᱩᱭᱞᱮᱱᱟ ᱾
पुलिस मुख्यालय में एक कार बम विस्फोट ने कल रात को दो पुलिस अफ़सरों को मार डाला और बीस से ज़्यादा लोगों को घायल किया ।	ᱛᱩᱨᱠᱤ ᱨᱮᱱᱟᱜ ᱜᱟᱡᱤᱭᱟᱸᱴᱮᱯ ᱨᱮ ᱯᱩᱞᱤᱥ ᱢᱩᱠᱷᱭᱟᱞᱚᱭ ᱨᱮ ᱦᱚᱞ ᱥᱮᱛᱟᱜ ᱢᱤᱫ ᱠᱟᱨ ᱵᱚᱢ ᱚᱴᱮᱫ ᱨᱮ ᱵᱟᱨᱭᱟ ᱯᱩᱞᱤᱥ ᱟᱫᱷᱤᱠᱟᱨᱤ ᱠᱤᱱᱟᱜ ᱜᱩᱨ ᱦᱩᱭ ᱮᱱᱟ ᱟᱨ ᱵᱟᱨ ᱜᱮᱞ ᱜᱚᱴᱟᱝ ᱠᱷᱚᱱ ᱵᱟᱹᱲᱛᱤ ᱦᱚᱲ ᱠᱚ ᱜᱷᱟᱣ ᱮᱱᱟ᱾
ᱟᱢ ᱚᱠᱟ ᱨᱮᱱ ᱠᱟᱱᱟᱢ?	आप कहाँ से हैं?
मेरे पास सात साँप हैं।	ᱤᱧ ᱴᱷᱮᱱ ᱮᱭᱟᱭ ᱜᱚᱴᱟᱝ ᱥᱟᱸᱯ ᱢᱮᱱᱟᱜᱼᱟ ᱠᱚᱣᱟ।
आइए इंतज़ार करें और देखते रहें ।	ᱛᱟᱹᱜᱤ ᱞᱮᱜᱮᱵᱩᱱ ᱟᱨ ᱵᱩᱱ ᱧᱮᱞᱞᱮᱜᱤ ᱾
विमान द्वारा यात्रा हर उम्र और पृष्ठभूमि के लोगों के लिए एक डरावना अनुभव हो सकता है, विशेष रूप से अगर वे पहले नहीं बह रहे हैं या एक दुःखद घटना का अनुभव नहीं किया है.	ᱩᱰᱟᱹᱱ ᱛᱮ ᱭᱟᱛᱨᱟ ᱫᱚ ᱡᱚᱛᱚ ᱩᱢᱚᱨ ᱟᱨ ᱵᱮᱠᱜᱽᱨᱟᱩᱱᱰ ᱨᱮᱱ ᱦᱚᱲ ᱠᱚ ᱞᱟᱹᱜᱤᱫ ᱢᱤᱫ ᱵᱚᱛᱚᱨᱟᱜ ᱟᱹᱭᱠᱟᱹᱣ ᱦᱩᱭ ᱫᱟᱲᱮᱭᱟᱜᱼᱟ, ᱠᱷᱟᱥ ᱠᱮᱛᱮᱡ ᱡᱩᱫᱤ ᱩᱱᱠᱩ ᱞᱟᱦᱟᱛᱮ ᱵᱟᱠᱚ ᱫᱮᱡ ᱟᱠᱟᱱᱟ ᱟᱨᱵᱟᱝ ᱡᱟᱦᱟᱸ ᱫᱚᱨᱱᱟᱠ ᱜᱷᱚᱴᱟᱱ ᱨᱮᱭᱟᱜ ᱮ ᱟᱹᱭᱠᱟᱹᱣ ᱟᱠᱟᱫᱟ᱾
खैर मुझे लगता है कि सच है	ᱟᱪᱷᱟ ᱤᱧ ᱢᱚᱱᱮ ᱠᱮᱫᱟ ᱱᱤᱭᱟᱹᱫᱚ ᱥᱟᱹᱨᱤ ᱜᱮᱭᱟ ᱾
आर्थाइड, मिनेसोटा: आर्थाइड ऐटकिन काउंटी, मिनेसोटा में एक अनिगमित समुदाय है।	ᱟᱨᱛᱷᱟᱭᱤᱰ, ᱢᱤᱱᱮᱥᱳᱴᱟ ᱟᱨᱛᱷᱟᱭᱤᱰ ᱦᱩᱭᱩᱜ ᱠᱟᱱᱟ ᱟᱭᱤᱴᱠᱤᱱ ᱠᱟᱣᱩᱱᱴᱤ, ᱢᱤᱱᱮᱥᱳᱴᱟ ᱨᱮᱭᱟᱜ ᱢᱤᱫᱴᱟᱝ ᱜᱩᱴ ᱜᱟᱛᱟᱠ ᱾
एरोनॉटएक्स लुफ्थफ़ारत्शुले: एरोनॉटएक्स लुफ्थफ़ारत्शुले ऑस्ट्रिया के लिंज़ में स्थित एक उड़ान प्रशिक्षण स्कूल है।	ᱮᱹᱨᱳᱱᱴᱚᱠᱥ ᱩᱰᱟᱹᱱ ᱜᱟᱹᱰᱤ ᱪᱟᱞᱟᱜ ᱵᱤᱨᱫᱟᱹᱜᱟᱲ ᱫᱚ ᱦᱩᱭᱩᱜ ᱠᱟᱱᱟ ᱢᱤᱫᱴᱟᱝ ᱩᱰᱟᱹᱱ ᱜᱟᱹᱰᱤ ᱵᱤᱨᱫᱟᱹᱜᱟᱲ ᱡᱟᱸᱦᱟᱫᱚ ᱚᱥᱴᱨᱮᱞᱤᱭᱟ ᱨᱮᱭᱟᱜ ᱞᱤᱱᱡᱮ ᱨᱮ ᱢᱮᱱᱟᱜᱼᱟ ᱾
छी। अपने पसीने से भीगे हाथों को अपनी कमीज पर इस तरह मत पोंछो।	ᱪᱷᱤ,  ᱟᱢᱟᱜ ᱟᱸᱜᱨᱚᱯ ᱪᱮᱛᱟᱱ ᱩᱫᱜᱟᱹᱨᱟᱠᱟᱱ ᱛᱤ ᱱᱚᱝᱠᱟ ᱟᱞᱚᱢ ᱢᱩᱪᱷᱟᱹᱣᱟ ᱾
दुनिया में कहीं भी भारी मौसम हो सकता है, और इसके विभिन्‍न प्रकार हैं, जो भूगोल, शीर्षी, और वायुमंडलीय परिस्थितियों पर निर्भर कर सकते हैं ।	ᱥᱮᱨᱤᱭᱚᱥ ᱟᱛᱟᱥ ᱫᱤᱥᱚᱢ ᱨᱮ ᱡᱟᱦᱟᱸ ᱨᱮᱜᱮ ᱦᱚᱸ ᱦᱩᱭ ᱫᱟᱲᱮᱭᱟᱜᱼᱟ, ᱟᱨ ᱱᱩᱭᱟᱜ ᱵᱷᱮᱱᱮᱜᱟᱨ ᱨᱚᱠᱚᱢ ᱢᱮᱱᱟᱜᱼᱟ, ᱡᱟᱦᱟᱸ ᱚᱛᱱᱚᱜ, ᱥᱛᱷᱞᱟᱠᱨᱤᱛᱤ ᱟᱨ ᱦᱚᱭᱞᱚᱝ ᱥᱛᱷᱤᱛᱤ ᱠᱚᱨᱮ ᱟᱥᱨᱟ ᱦᱩᱭ ᱫᱟᱲᱮᱭᱟᱜᱼᱟ᱾
तिरेपन	ᱢᱚᱬᱮ ᱜᱮᱞ ᱯᱮ
बाबुलियों ने अपने हर देवता को एक मुख्य मन्दिर बनाया जिसे देवता का घर माना जाता था ।	ᱵᱮᱵᱤᱞᱳᱱᱤᱭᱳ ᱠᱚ ᱫᱚ ᱟᱠᱚ ᱨᱤᱱ ᱥᱟᱱᱟᱢ ᱫᱷᱚᱨᱢᱚ ᱠᱚ ᱢᱤᱫ ᱯᱨᱟᱭᱤᱢᱟᱨᱤ ᱢᱚᱱᱫᱤᱨ ᱵᱟᱱᱟᱣ ᱦᱩᱭ ᱮᱱᱟ ᱡᱟᱦᱟᱸ ᱨᱮ ᱫᱷᱚᱨᱢᱚ ᱟᱜ ᱚᱲᱟᱜ ᱢᱟᱱᱟᱜ ᱠᱟᱱ ᱛᱟᱦᱮᱱᱟ᱾
इस नए वातावरण में अलग - अलग साधन और भिन्‍न - भिन्‍न प्रतियाँ हैं, सो नयी जनसंख्या को एक ऐसे भिन्‍न विशेषताओं या अनुकूल होने की ज़रूरत होगी जिसकी उन्हें पहले ज़रूरत थी ।	ᱱᱤᱭᱟᱹ ᱱᱟᱶᱟ ᱥᱟᱪᱟᱨᱦᱮ ᱨᱮᱭᱟᱜ ᱵᱷᱮᱜᱟᱨ ᱨᱤᱥᱚᱨᱥᱮᱥ ᱟᱨ ᱵᱷᱮᱜᱟᱨ ᱦᱟᱯᱴᱟᱣᱤᱭᱟᱹ ᱠᱚ ᱢᱮᱱᱟᱜ ᱠᱚᱣᱟ ᱚᱱᱟᱛᱮ ᱱᱟᱶᱟ ᱦᱚᱲ ᱠᱚᱫᱚ ᱥᱮᱫᱟᱭ ᱡᱟᱦᱟᱸ ᱛᱟᱦᱮᱸᱠᱟᱱ ᱛᱟᱠᱚᱣᱟ ᱚᱱᱟ ᱵᱟᱫ ᱵᱷᱮᱜᱟᱨ ᱯᱷᱤᱭᱮᱪᱚᱨ ᱟᱨᱵᱟᱝ ᱟᱰᱟᱯᱴᱮᱥᱚᱱ ᱠᱚ ᱠᱷᱚᱡᱚᱜ ᱠᱟᱱᱟ ᱡᱟᱦᱟᱸ ᱫᱚ ᱢᱤᱫ ᱠᱮᱴᱮᱡ ᱦᱟᱯᱴᱟᱣᱤᱡᱼᱮ ᱵᱮᱱᱟᱣ ᱠᱚᱣᱟ᱾
शायद यह आपको मोहित करता है क्योंकि आप एक बहुत यात्रा करते हैं, मेरे मामले में, मेरे मामले में, यह सब बस काल्पनिक जानकारी है.	ᱦᱩᱭ ᱫᱟᱲᱮᱭᱟᱜᱼᱟ ᱱᱚᱶᱟᱫᱚ ᱟᱢᱮ ᱨᱤᱡᱷᱟᱹᱣ ᱢᱮᱭᱟ ᱪᱮᱫᱟᱜ ᱥᱮ ᱟᱢᱫᱚ ᱟᱹᱰᱤ ᱟᱴᱮᱢ ᱥᱟᱸᱜᱷᱟᱨᱼᱟ ; ᱤᱧᱟᱹᱜ ᱡᱚᱠᱷᱮᱡᱽ ᱫᱚ, ᱮᱴᱟᱜ ᱥᱮᱡᱽᱛᱮ, ᱱᱚᱶᱟ ᱠᱚᱫᱚ ᱥᱟᱱᱟᱢ ᱩᱭᱦᱟᱹᱨᱟᱱᱟᱜ ᱛᱮᱛᱮᱫ ᱠᱟᱱᱟ ᱾
सन्‌ 2017 में रूस के राष्ट्रपति विल्विन पुइन ने कहा कि "आतंत्रवाद के महासचिव ” हैं, लेकिन उसने यह भी दावा किया कि "आर्किया के दुश्‍मन हैं।"	᱒᱐᱑᱗ ᱼᱨᱮ ᱨᱩᱥ ᱫᱤᱥᱚᱢ ᱜᱚᱢᱠᱮ ᱵᱷᱞᱟᱫᱤᱢᱤᱨ ᱯᱩᱛᱤᱱ ᱫᱚ "ᱥᱛᱟᱞᱤᱱᱵᱟᱫᱽ ᱨᱮᱭᱟᱜ ᱵᱚᱛᱚᱨ" ᱮ ᱢᱟᱱᱟᱣ ᱞᱮᱫ ᱨᱮᱦᱚᱸ "ᱨᱟᱥᱤᱭᱟ ᱨᱮᱱ ᱵᱟᱹᱭᱨᱤ ᱠᱚᱣᱟᱜ" ᱛᱤᱛᱮ "ᱥᱛᱟᱞᱤᱱᱟᱜ ᱟᱹᱰᱤ ᱡᱟᱹᱥᱛᱤ ᱫᱟᱱᱚᱵᱤᱠᱚᱨᱚᱱ" ᱼᱨᱮᱭᱟᱜ ᱦᱚᱸᱭ ᱚᱠᱛᱟ ᱞᱮᱫᱟ ᱾
कृषि स्थानीय अर्थव्यवस्था का एक महत्वपूर्ण क्षेत्र है।	ᱪᱟᱥ ᱫᱚ ᱛᱷᱟᱹᱭᱤ ᱠᱟᱹᱣᱰᱤ ᱟᱹᱨᱤ ᱨᱮᱭᱟᱜ ᱢᱤᱫᱴᱟᱝ ᱜᱚᱱᱚᱝ ᱟᱱᱟᱜ ᱠᱷᱟᱹᱛ ᱾
बुल रन की पहली लड़ाई में उनकी रेजिमेंट को रिजर्व में रखा गया था।	ᱵᱩᱞ ᱨᱟᱱ ᱨᱮᱭᱟᱜ ᱯᱳᱭᱞᱳ ᱞᱟᱹᱲᱦᱟᱹᱭ ᱨᱮ, ᱟᱡᱟᱜ ᱨᱤᱡᱤᱢᱮᱱᱴ ᱨᱩᱠᱷᱤᱭᱟᱹ ᱫᱚᱦᱚ ᱛᱟᱦᱮᱸ ᱠᱟᱱᱟ ᱾
अरे, मैं अपने भाई को सुना है एक Phollon के कार्यक्रम जानता है.	ᱮᱭ, ᱤᱧ ᱟᱸᱡᱚᱢᱠᱮᱫᱟ ᱟᱢᱨᱮᱱ ᱵᱚᱭᱦᱟ ᱫᱚ ᱠᱚᱱᱥᱟᱨᱴ ᱥᱟᱥᱟᱯᱲᱟᱣᱠᱩᱭ ᱩᱨᱩᱢ ᱠᱚᱣᱟ ᱾
वे मुख्य रूप से उच्च-छोड़ ऑडियो शक्ति में उपयोग किया जाता है।	ᱩᱝᱠᱩ ᱫᱚ ᱢᱩᱲᱩᱛᱞᱮᱠᱟᱛᱮ ᱒ᱡᱤ, ᱓ᱡᱤ, ᱟᱨ ᱔ᱡᱤ ᱵᱮᱛᱟᱨ ᱥᱮᱞᱩᱞᱟᱨ ᱱᱮᱴᱳᱣᱟᱨᱠᱨᱮ ᱫᱟᱹᱢᱤ ᱚᱰᱤᱭᱳ ᱯᱟᱣᱟᱨ ᱯᱚᱨᱤᱵᱚᱨᱫᱷᱚᱠ ᱟᱨ ᱟᱨᱹᱮᱯᱷ ᱯᱟᱣᱟᱨ ᱯᱚᱨᱤᱵᱚᱨᱫᱷᱚᱠᱨᱮ ᱵᱮᱵᱚᱦᱟᱨᱚᱜᱼᱟ ᱾
मेरे पास चौदह कॉफ़ी हैं।	ᱤᱧ ᱴᱷᱮᱱ ᱜᱮᱞ ᱯᱩᱱ ᱜᱚᱴᱟᱝ ᱠᱚᱯᱷᱤ ᱢᱮᱱᱟᱜᱼᱟ ᱠᱚᱣᱟ।
यह हमारे दिमाग में प्रक्रियाओं को समझने में हमारी मदद करता है।	ᱱᱚᱶᱟ ᱫᱚ ᱟᱵᱚ ᱥᱤᱢᱭᱩᱞᱮᱥᱚᱱ ᱢᱚᱰᱮᱞ ᱛᱮᱭᱟᱨ ᱞᱟᱹᱜᱤᱫ‌ ᱟᱹᱰᱤᱜᱟᱱ ᱵᱤᱵᱨᱚᱬ ᱟᱨ ᱡᱤᱱᱤᱥ ᱮᱢᱟ ᱵᱚᱱ ᱠᱟᱱᱟᱭ ᱚᱠᱟ ᱫᱚ ᱟᱵᱚᱣᱟᱜ ᱵᱷᱮᱡᱟ ᱨᱮ ᱯᱨᱚᱠᱨᱤᱭᱟᱹ ᱠᱚ ᱵᱩᱡᱷᱟᱹᱣ‌ ᱨᱮ ᱜᱚᱲᱚ ᱮᱢᱟ ᱵᱚᱱᱟᱭ᱾
मेरे पास अठारह पानी हैं।	ᱤᱧ ᱴᱷᱮᱱ ᱜᱮᱞ ᱤᱨᱟᱹᱞ ᱜᱚᱴᱟᱝ ᱫᱟᱜ ᱢᱮᱱᱟᱜᱼᱟ ᱠᱚᱣᱟ।
क्या आप अंग्रेज़ी बोलते हैं?	ᱪᱮᱫ ᱟᱢ ᱤᱝᱨᱟᱡᱤ ᱨᱚᱲ ᱫᱟᱲᱮᱭᱟᱜ ᱠᱟᱱᱟᱢ?
इसके अलावा, यह भी हो सकता है कि बहुत - से लोगों के बीच होनेवाले रिश्‍ते पर इसका असर न पड़े ।	ᱟᱜᱟᱢ ᱩᱭᱦᱟᱹᱨ ᱟᱨ ᱥᱟᱢᱲᱟᱣ ᱵᱮᱵᱚᱥᱛᱷᱟ ᱪᱷᱟᱰᱟ, ᱥᱟᱝᱜᱷᱟᱨ ᱨᱮᱭᱟᱜ ᱩᱛᱷᱱᱟᱹᱣ ᱫᱚ, ᱥᱟᱶᱛᱟ, ᱞᱟᱠᱪᱟᱨ ᱟᱨ ᱠᱟᱹᱣᱰᱤᱟᱹᱨᱤ ᱞᱟᱲᱟᱣ ᱦᱚᱛᱮᱛᱮ ᱢᱩᱪᱟᱹᱫ ᱫᱟᱲᱮᱭᱟᱜᱼᱟ, ᱡᱟᱦᱟᱸ ᱫᱚ ᱥᱟᱝᱜᱷᱟᱨᱤᱭᱟᱹ ᱟᱨ ᱛᱷᱟᱹᱱᱤᱛ ᱦᱚᱲᱠᱩᱣᱟᱜ ᱥᱟᱹᱜᱟᱹᱭ ᱛᱟᱞᱟᱨᱮ ᱩᱫᱩᱜ ᱥᱚᱫᱚᱨᱚᱜᱼᱟ ᱾
उन्होंने मेरे दस्तावेजों का सत्यापन पूरा किया और केवल 5 मिनट में मेरे आवेदन को मंजूरी दे दी!	ᱩᱱᱠᱩ ᱫᱚ ᱤᱧᱟᱹᱜ ᱱᱚᱛᱷᱤ ᱵᱤᱰᱟᱹᱣ ᱠᱚ  ᱢᱩᱪᱟᱹᱫ ᱠᱮᱫᱟ ᱟᱨ ᱥᱩᱢᱩᱝ ᱕ ᱴᱤᱲᱤᱡ ᱢᱩᱫᱨᱮ ᱤᱧᱟᱹᱜ ᱟᱨᱡᱤ ᱵᱟᱛᱟᱣ ᱟᱠᱟᱫᱟ ᱾
वाह! जब कंप्यूटर पर प्रोग्रामिंग की बात आती है तो आप बहुत प्रतिभाशाली हैं।	ᱳᱣᱟᱣ! ᱠᱚᱢᱯᱤᱭᱩᱴᱟᱨ ᱨᱮ ᱯᱨᱳᱜᱨᱟᱢᱤᱝ ᱨᱮ ᱟᱢ ᱫᱚ ᱟᱹᱰᱤᱢ ᱜᱟᱹᱠᱷᱩᱲᱟᱱ ᱜᱮᱭᱟ ᱾
सोने की होड़ के बाद, इस क्षेत्र में खेती मुख्य व्यवसाय बन गई।	ᱜᱳᱞᱰ ᱨᱟᱥ ᱛᱟᱭᱚᱢ ᱪᱟᱥ ᱜᱮ ᱴᱚᱴᱷᱟ ᱨᱮᱭᱟᱜ ᱢᱩᱲᱩᱫ ᱵᱮᱯᱟᱨ ᱦᱩᱭ ᱞᱮᱱᱟ ᱾
अज़बे का 1905 में 43 वर्ष की आयु में कैंसर से निधन हो गया।	ᱟᱡᱵᱮ ᱫᱚ ᱑᱙᱐᱕ ᱥᱟᱞ ᱨᱮ ᱔᱓ ᱥᱮᱨᱢᱟ ᱩᱢᱮᱨ ᱨᱮ ᱠᱮᱹᱱᱥᱟᱨ ᱛᱮᱭ ᱜᱚᱪ ᱞᱮᱱᱟ ᱾
द सेवंथ ड्वार्फ, आर्टेमिस फाउल और आर्टेमिस फाउल एंड द आर्कटिक इंसिडेंट के बीच आता है।	ᱟᱨᱴᱮᱢᱤᱥ ᱯᱷᱟᱣᱩᱞ ᱟᱨ ᱟᱨᱠᱴᱤᱠᱚ ᱜᱷᱚᱴᱚᱱ ᱢᱩᱫᱨᱮ ᱮᱭᱟᱭ ᱵᱟᱢᱚᱱ ᱦᱮᱡ ᱞᱮᱱᱟ ᱾
हम आपका व्यवसाय नहीं खोना चाहते और कल सुबह तक आपको आपकी मनपसंद शर्ट उपलब्ध करा देंगे। आजकल हम रविवार को भी खुले रहते हैं।	ᱟᱞᱮ ᱫᱚ ᱟᱢᱟᱜ ᱵᱮᱯᱟᱨ ᱦᱟᱹᱱ ᱫᱚ ᱵᱟᱝᱞᱮ ᱠᱷᱚᱡ ᱠᱟᱱᱟ ᱟᱨ ᱜᱟᱯᱟ ᱥᱮᱛᱟᱜ ᱨᱮ ᱟᱢ ᱠᱩᱥᱤᱭᱟᱜ ᱫᱚᱛᱚᱢ ᱧᱟᱢᱼᱟ ᱾ ᱛᱮᱦᱮᱧ ᱜᱟᱯᱟ ᱫᱚ ᱥᱤᱸᱜᱮ ᱢᱟᱦᱟ ᱦᱚᱸ ᱡᱷᱤᱡ ᱛᱟᱦᱮᱱᱟ ᱾
यह घाटी करीब 70 किलोमीटर की दूरी पर है और इसकी ऊँचाई करीब 100 किलोमीटर है ।	ᱠᱨᱟᱥᱴ ᱥᱩᱨ ᱥᱮᱫ ᱞᱟᱜᱽᱵᱷᱟᱜᱽ ᱗᱐ ᱠᱤᱢᱤ ᱜᱟᱱ ᱢᱚᱴᱟ ᱟᱨ ᱥᱟᱺᱜᱤᱧ ᱨᱮᱱᱟᱜ ᱥᱮᱫ ᱑᱐᱐ ᱠᱤᱢᱤ ᱢᱚᱴᱟ ᱢᱮᱱᱟᱜᱼᱟ᱾
सिंगापुर में 1920 और 1930 के दशक की कई आर्ट डेको इमारतें हैं।	ᱥᱤᱝᱜᱟᱯᱩᱨ ᱨᱮ ᱑᱙᱒᱐ ᱟᱨ ᱑᱙᱓᱐ ᱨᱮᱭᱟᱜ ᱜᱮᱞᱟᱱ ᱥᱮᱫ ᱟᱭᱢᱟ ᱟᱨᱴ ᱰᱮᱠᱟ ᱵᱷᱚᱵᱚᱱ ᱢᱮᱱᱟᱜᱼᱟ ᱾
कंप्यूटर के पुर्जों को ड्राइवर की आवश्यकता होती है क्योंकि वे मानक कमांड का उपयोग नहीं करते हैं।	ᱠᱚᱢᱯᱤᱭᱩᱴᱟᱨ ᱡᱚᱱᱛᱚᱨ ᱯᱟᱹᱛᱤ ᱠᱚ ᱞᱟᱹᱜᱤᱫ ᱢᱤᱫᱴᱟᱝ ᱰᱨᱟᱭᱵᱷᱟᱨ ᱡᱟᱹᱨᱩᱲᱟ ᱚᱡᱮ ᱫᱚ ᱩᱝᱠᱩ ᱫᱚ ᱥᱴᱟᱱᱰᱟᱨᱰ ᱠᱚᱢᱟᱱᱰ ᱵᱟᱝ ᱠᱚ ᱵᱮᱵᱚᱦᱟᱨᱼᱟ ᱾
मेरे पास पंद्रह सेब हैं।	ᱤᱧ ᱴᱷᱮᱱ ᱜᱮᱞ ᱢᱚᱬᱮ ᱜᱚᱴᱟᱝ ᱥᱮᱯ ᱢᱮᱱᱟᱜᱼᱟ ᱠᱚᱣᱟ।
स्टीवेन्सन का अपनी पत्नी नैन्सी एंडरसन से एक बेटा था।	ᱥᱴᱤᱵᱷᱮᱱᱥᱚᱱ ᱨᱮᱱ ᱚᱲᱟᱜ ᱜᱚᱝᱠᱮ ᱱᱮᱹᱱᱥᱤ ᱮᱹᱱᱰᱟᱨᱥᱚᱱ ᱥᱟᱞᱟᱜ ᱢᱤᱫᱴᱟᱝ ᱜᱤᱫᱽᱨᱟᱹᱭ ᱛᱟᱦᱮᱠᱟᱱ ᱛᱟᱭᱟ ᱾
ब्रिस्टो स्टेशन पर हिल की गलतियों को लेकर ली उनसे नाराज थे।	ᱞᱤ ᱵᱨᱤᱥᱴᱳ ᱥᱴᱮᱥᱚᱱ ᱨᱮ ᱟᱡᱟᱜ ᱦᱩᱲᱟᱹᱜ ᱠᱷᱟᱹᱛᱤᱨ ᱦᱤᱞ ᱥᱟᱞᱟᱜ ᱮ ᱮᱯᱮᱨᱦᱮᱸᱰᱮᱡ ᱞᱮᱱᱟ ᱾
कुछ अन्य विशेषज्ञों की तरह, वह इस बात पर संदेह करता है कि डायबिटीज़ ठीक हो सकती है या नहीं ।	ᱮᱴᱟᱜ ᱜᱟᱹᱠᱷᱩᱲᱟᱱ ᱦᱚᱲ ᱠᱚ ᱞᱮᱠᱟ, ᱩᱱᱤ ᱰᱟᱭᱵᱮᱴᱤᱥ ᱠᱷᱚᱱ ᱠᱚ ᱵᱮᱥᱚᱜ-ᱟ‌ ᱢᱮᱱᱛᱮ ᱦᱤᱫᱤᱡᱚᱜ ᱠᱟᱱᱟ, ᱡᱟᱦᱟᱸ ᱫᱚ ᱑ ᱰᱟᱭᱵᱮᱴᱤᱥ ᱞᱮᱠᱟᱱ ᱠᱩᱫ ᱦᱚᱲ ᱠᱚ ᱞᱟᱹᱜᱤᱫ ᱪᱮᱫ ᱦᱚᱸ ᱡᱚᱲᱟᱣ ᱜᱮ ᱵᱟᱹᱱᱩᱜ-ᱟ᱾
उत्तर - पश्‍चिम के सर्वोच्च न्यायालय (बामामांग) न्यायिक शाखा का सबसे ऊँचा स्तर है ।	ᱤᱱᱫᱳᱱᱤᱥᱤᱭᱟ ᱨᱮᱭᱟᱜ ᱥᱩᱯᱨᱤᱢᱠᱳᱴ (ᱤᱱᱫᱳᱱᱮᱥᱤᱭᱟᱱᱺ ᱢᱟᱦᱚᱠᱟᱢᱟᱦᱚ ᱟᱜᱩᱝ) ᱦᱩᱭᱩᱜ ᱠᱟᱱᱟ ᱵᱤᱪᱟᱹᱨ ᱛᱷᱚᱱᱚᱛ ᱨᱮᱭᱟᱜ ᱪᱟᱸᱜᱟ ᱡᱚᱛᱚ ᱠᱷᱚᱱ ᱪᱮᱛᱟᱱ ᱛᱷᱟᱯ ᱾
बस चालक ने खड़ी ढलान के बेहद करीब बस चलाई और गहरी खाई देखकर मेरा दिल लगभग थम सा गया।	ᱵᱟᱥ ᱨᱮᱱ ᱰᱨᱟᱭᱵᱷᱟᱨ ᱫᱚ ᱟᱹᱰᱤ ᱨᱮᱥ ᱨᱮᱭᱟᱜ ᱫᱷᱟᱨᱮᱭ ᱪᱟᱞᱟᱣ ᱮᱱᱟ ᱟᱨ ᱥᱳᱡᱷᱮ ᱠᱷᱟᱨᱟᱝ ᱧᱮᱞᱛᱮ ᱤᱧᱟᱜ ᱨᱤᱫᱚᱭ ᱡᱟᱹᱱᱤᱡ ᱛᱷᱤᱨ ᱮᱱᱟ ᱾
इस सिद्धांत के आधार पर, विमान बम बमों में काम करता है कि अनेक प्रोटेस्टंटों और नेफ़ेचों के साथ एक केंद्र बनाने के लिए शक्‍ति लेता है ।	ᱣᱤᱠᱷᱟᱱᱰᱟᱱ ᱵᱟᱢ ᱱᱚᱶᱟ ᱥᱤᱫᱷᱟᱱᱛ ᱨᱮ ᱠᱟᱹᱢᱤ ᱮᱫᱼᱟᱭ ᱡᱮ ᱟᱭᱢᱟ ᱯᱨᱚᱴᱚᱱ ᱟᱨ ᱱᱭᱩᱴᱨᱚᱱ ᱥᱟᱶ ᱢᱤᱫ ᱱᱟᱵᱷᱤᱠ ᱫᱚ ᱢᱤᱫ ᱥᱟᱶ ᱫᱚᱦᱚ ᱞᱟᱹᱜᱤᱫ ᱤᱱᱮᱨᱡᱤ ᱨᱮᱱᱟᱜ ᱞᱟᱹᱠᱛᱤ ᱠᱟᱱᱟ᱾
जबकि सीखने के बारे में आधारित परियोजना को सीखना ज़्यादा आसान और ज़्यादा दिलचस्प बनाने की ज़रूरत है, कवरिंग एक क़दम आगे बढ़ जाता है ।	ᱡᱚᱠᱷᱚᱱ ᱯᱨᱳᱡᱮᱠᱴ ᱞᱮᱠᱟᱱ ᱪᱮᱢᱮᱫ ᱪᱮᱫᱚᱜ-ᱮ ᱟᱞᱜᱟ ᱠᱮᱭᱟ ᱟᱨ ᱡᱟᱹᱥᱛᱤ ᱢᱚᱡᱟᱫᱟᱭᱚᱠ ᱠᱮᱭᱟ, ᱥᱠᱟᱯᱷᱳᱞᱰ ᱫᱚ ᱢᱤᱫ ᱠᱟᱴᱟ ᱛᱟᱭᱚᱢᱚᱜ-ᱟᱭ᱾
वे एक साल तक रोम में रहे और फ्रांस के रास्ते वापस लौटे।	ᱩᱱᱠᱩ ᱫᱚ ᱢᱤᱫ ᱥᱮᱨᱢᱟ ᱨᱳᱢ ᱨᱮᱠᱚ ᱛᱟᱦᱮᱭᱮᱱᱟ ᱟᱨ ᱯᱨᱟᱱᱥ ᱥᱮᱫ ᱛᱮᱠᱚ ᱨᱩᱣᱟᱹᱲ ᱦᱮᱡ ᱮᱱᱟ ᱾
उसका मज़ाक मत उड़ाओ। वह हमारी क्लास टीचर से शिकायत कर देगी और फिर हमें प्रिंसिपल के पास भेज दिया जाएगा।	ᱩᱱᱤ ᱭᱟᱛᱮᱫ ᱟᱞᱚᱢ ᱨᱟᱹᱥᱠᱟᱹᱭᱟ ᱾ ᱩᱱᱤ ᱫᱚ ᱟᱵᱚᱨᱮᱱ ᱠᱞᱟᱥ ᱢᱟᱪᱮᱫ ᱴᱷᱮᱱᱼᱮ ᱞᱟᱹᱞᱤᱥᱼᱟ ᱟᱨ ᱚᱱᱟ ᱛᱟᱭᱚᱢ ᱟᱵᱚ ᱫᱚ ᱯᱨᱤᱱᱥᱤᱯᱟᱞ ᱴᱷᱮᱱ ᱵᱚᱱ ᱠᱩᱞᱤᱭᱟ ᱾
लेकिन मुस्लिम बर्बरों के पास अभी भी अनुमानित 90,000 अफ्रीकी गुलाम हैं।	ᱢᱮᱱᱠᱷᱟᱱ ᱢᱩᱥᱞᱟᱹ ᱵᱟᱨᱵᱟᱨ ᱠᱚᱫᱚ ᱱᱤᱛᱦᱚᱸ ᱟᱭᱩᱢᱟᱹᱱ ᱙᱐᱐᱐᱐ ᱦᱚᱲ ᱟᱯᱷᱤᱠᱟᱱ ᱠᱟᱹᱲᱢᱤᱨᱮᱱ ᱢᱟᱹᱞᱤᱠ ᱾
नमस्ते! मुझे विश्वास नहीं हो रहा कि आप अपने व्यस्त कार्यक्रम के बावजूद बैठक में शामिल हो सके!	ᱦᱚᱞᱳ! ᱤᱧ ᱫᱚ ᱵᱟᱹᱧ ᱯᱟᱹᱛᱭᱟᱹᱣ ᱫᱟᱲᱮᱭᱟᱜᱼᱟ ᱡᱮ ᱟᱢ ᱫᱚ ᱟᱢᱟᱜ ᱵᱮᱥᱛᱚ ᱠᱟᱹᱢᱤᱦᱚᱨᱟ ᱚᱡᱮᱛᱮ ᱢᱤᱴᱤᱝ ᱞᱟᱹᱜᱤᱫ ᱱᱚᱣᱟᱢ ᱵᱮᱱᱟᱣ ᱫᱟᱲᱮᱭᱟᱠᱟᱫᱟ !
चेम्बर, एक अदूर्य, तर्क करता है कि उसका मुकद्दमा "व्यर्थ" है और "कोई भी व्यक्ति किसी पर मुकदमा कर सकता है."	ᱪᱮᱢᱵᱟᱨᱥ ᱢᱤᱫ ᱮᱜᱽᱱᱳᱥᱴᱤᱠ, ᱡᱩᱠᱛᱤᱭ ᱮᱢᱮᱫ ᱠᱟᱱᱟ ᱡᱮ ᱩᱱᱤᱭᱟᱜ ᱢᱟᱢᱞᱟ "ᱯᱨᱤᱵᱷᱚᱞᱮᱥ ᱜᱮᱭᱟ" ᱟᱨ "ᱡᱟᱦᱟᱸᱭ ᱜᱮ ᱡᱟᱦᱟᱸᱭᱮ ᱢᱟᱢᱞᱟ ᱫᱟᱲᱮᱭᱟᱭᱟ᱾"
यह एक 2013 फिल्म है खिलाड़ी मिल्की सिंह के बारे में।	ᱱᱚᱶᱟᱫᱚ ᱒᱐᱑᱓ ᱥᱟᱹᱦᱤᱛ ᱨᱮᱭᱟᱜ ᱠᱷᱮᱞᱚᱸᱰᱤᱭᱟᱹ ᱢᱤᱞᱠᱷᱟ ᱥᱤᱝ ᱤᱫᱤ ᱠᱟᱛᱮᱜ ᱢᱤᱫ ᱪᱚᱞᱚᱛ ᱪᱤᱛᱟᱹᱨ ᱠᱟᱱᱟ ᱾
मुझे आश्चर्य है कि लेखक ने आसान उदाहरणों के साथ कठिन विषयों को समझना कितना सरल बना दिया।	ᱤᱧ ᱦᱟᱦᱟᱲᱟ ᱟᱠᱟᱱᱟ ᱪᱮᱠᱟ ᱞᱮᱠᱟᱛᱮ ᱚᱱᱚᱞᱤᱭᱟᱹ ᱫᱚ ᱥᱚᱦᱚᱡ ᱩᱫᱟᱦᱚᱨᱚᱱ ᱟᱛᱮᱫ ᱠᱚᱴᱷᱤᱱ ᱥᱟᱛᱟᱢ ᱠᱚᱭ ᱟᱞᱜᱟ ᱟᱠᱟᱫᱟ ᱾
साथ ही, इन चारों घटनाओं को गुरू या सिलाम (एक ऐसा शब्द जो ट्रेन के बजाय पुल से लिया गया है) कहा जाता है ।	ᱱᱚᱶᱟ ᱯᱩᱱᱭᱟ ᱤᱵᱷᱮᱱᱴ ᱫᱚ ᱢᱤᱫ ᱥᱟᱶᱛᱮ ᱢᱮᱡᱚᱥ ᱵᱟᱝᱠᱷᱟᱱ ᱥᱞᱟᱢᱥ (ᱵᱮᱥᱵᱚᱞ ᱵᱟᱝ ᱵᱚᱨᱚᱝ ᱵᱮᱤᱡ ᱠᱷᱚᱱ ᱫᱷᱟᱨᱟᱠᱟᱱ ᱢᱤᱫᱴᱟᱝ ᱯᱚᱨᱤᱵᱷᱟᱥᱟ) ᱞᱟᱹᱭ ᱜᱟᱱᱚᱜᱼᱟ ᱾
गोता लगाने के बोर्ड पर खड़े होकर छलांग लगाने के लिए तैयार प्रेमा के पैर कांप रहे थे।	ᱰᱟᱭᱵᱷᱤᱝ ᱵᱳᱨᱰ ᱨᱮ ᱛᱤᱜᱩ ᱠᱟᱛᱮ ᱯᱨᱮᱢᱟᱣᱟᱜ ᱡᱟᱸᱜᱟ ᱛᱷᱟᱨ ᱛᱷᱟᱨᱟᱜ ᱠᱟᱱ ᱛᱟᱭ ᱛᱟᱦᱮᱸ, ᱰᱩᱵᱩᱡᱚᱜ ᱞᱟᱹᱜᱤᱫ ᱫᱚ ᱥᱟᱯᱲᱟᱣ ᱞᱮᱱᱟᱭ ᱾
ऐसा आसानी से किया जा सकता है ।	ᱱᱚᱣᱟ ᱟᱢ ᱯᱩᱨᱟᱹ ᱵᱮᱨᱮᱫ ᱚᱪᱚ ᱵᱟᱝ ᱠᱟᱛᱮ ᱟᱢ ᱵᱷᱟᱹᱜᱤ ᱥᱟ:ᱦᱤᱡ ᱪᱮᱛᱱᱟ ᱨᱮ ᱟᱹᱜᱩ ᱞᱟᱹᱜᱤᱫ ᱥᱚᱨᱮᱥ ᱥᱟᱹᱱᱛᱤ ᱟᱞᱟᱨᱟᱢ ᱜᱷᱩᱲᱤ ᱨᱮᱱᱟᱜ ᱵᱮᱵᱷᱟᱨ ᱥᱟᱶᱛᱮ ᱟᱞᱜᱟ ᱛᱮ ᱠᱚᱨᱟᱣ ᱫᱟᱲᱮᱭᱟᱜᱼᱟI
यह उच्च समय है आप अपने वैक्सीन प्राप्त करना चाहिए	ᱟᱢᱟᱜ ᱵᱦᱮᱠᱥᱤᱱ ᱦᱟᱛᱟᱣ ᱨᱮᱭᱟᱜ ᱚᱠᱛᱚ ᱥᱮᱴᱮᱨ ᱟᱠᱟᱱᱟ ᱾
उस तरह, आपको यह सीखने में दिलचस्पी होगी ।	ᱱᱚᱣᱟ ᱞᱮᱠᱟᱛᱮ, ᱟᱢᱟᱜ ᱱᱚᱶᱟ ᱪᱮᱪᱮᱫ ᱨᱮᱭᱟᱜ ᱡᱷᱩᱸᱠ ᱛᱟᱦᱮᱸᱱᱟ ᱾
मीडिया सबसे शक्तिशाली उपकरण है जो अपने लोगों के साथ संसद कनेक्ट करता है.	ᱢᱤᱰᱤᱭᱟ ᱫᱚ ᱟᱹᱰᱤ ᱫᱟᱲᱮᱭᱟᱱ ᱥᱩᱛᱨᱮᱛ ᱠᱟᱱᱟ ᱡᱟᱦᱟᱸ ᱫᱚ ᱡᱚᱯᱚᱲᱟᱣᱼᱤᱫᱤᱠᱟᱱᱟᱭ ᱯᱟᱨᱞᱟᱢᱮᱱᱴ ᱟᱡᱨᱮᱱ ᱦᱚᱲᱠᱩ ᱥᱟᱶ ᱾
आर्थिक परिवर्तनों को बढ़ावा देते हुए, उपग्रहों के एक सेट ने पश्‍चिमी ध्वनि और उत्पादन तकनीकों में अधिक प्रवेश किया, और संसार भर में हिन्दी हॉल के बड़े औपचारिक वितरण और प्रदर्शनों में वृद्धि हुई, सभी लोग उल्लेखनीय रूप से खेल में आते हैं ।	ᱜᱟᱹᱦᱤᱨ ᱫᱦᱚᱱ ᱤᱫᱤ ᱠᱟᱛᱮ ᱵᱚᱫᱚᱞ,ᱥᱮᱴᱮᱞᱟᱭᱤᱴ ᱴᱮᱞᱤᱵᱷᱤᱥᱚᱱ ᱨᱮᱭᱟᱜ ᱮᱛᱚᱦᱚᱯ ᱟᱨ ᱦᱸ ᱯᱟᱹᱪᱷᱤᱢᱟᱹ ᱨᱚᱲ ᱟᱨ ᱟᱨᱡᱟᱣᱠᱟᱹᱨᱤ ᱠᱚ ᱛᱮ ᱟᱹᱰᱤᱜᱟᱱ ᱵᱟᱲᱦᱟᱣ, ᱡᱮᱜᱮᱛ ᱡᱟᱠᱟᱛ ᱦᱤᱱᱫᱤ ᱪᱚᱞᱚᱛᱪᱤᱛᱟᱹᱨ ᱨᱮᱭᱟᱜ ᱢᱟᱨᱟᱝᱩᱛᱟᱹᱨ ᱥᱮᱨᱣᱟ ᱛᱮᱱᱟᱜ ᱵᱤᱪᱷᱱᱟᱹᱣ ᱟᱨ ᱩᱫᱩᱜ ᱥᱚᱫᱚᱨ, ᱡᱚᱛᱚ ᱜᱤ ᱚᱞᱟᱠᱟᱱ ᱞᱮᱠᱟᱛᱮ ᱚᱨᱡᱚᱣᱟᱱᱟᱜ ᱦᱩᱭᱞᱮᱱᱟ ᱾
लेकिन यह कहना गलत होगा कि यह बदलाव सिर्फ प्रौद्योगिकी के लिए ही होगा ।	ᱢᱮᱱᱠᱷᱟᱱ ᱱᱚᱣᱟ ᱵᱚᱱᱚᱫᱚᱞ ᱫᱚ ᱮᱠᱷᱮᱱ ᱞᱟᱜᱟᱱ ᱠᱟᱹᱨᱤ ᱫᱟᱹᱭᱤ ᱫᱚ ᱵᱟᱝ ᱴᱷᱤᱠᱚᱜᱼᱟ ᱾
क्या तुम मुझे इसके साथ मदद कर सकते हैं?	ᱟᱢ ᱪᱮᱫ ᱤᱧ ᱮᱢ ᱜᱚᱲᱚ ᱫᱟᱲᱮ ᱟᱹᱧᱟᱹ ?
वाडली विश्व के केंद्र चार प्रसंग पार्क हैं: जादुई राज्य, Epcot, डिस्टीनी के हॉलीवुड, और नीनी के पशु राज्य।	ᱚᱣᱟᱞᱴ ᱰᱤᱡᱱᱤ ᱳᱣᱟᱞᱰ ᱨᱮᱭᱟᱜ ᱛᱟᱞᱢᱟᱴᱩᱰᱟᱹᱜ ᱦᱩᱭᱩᱜᱽᱠᱟᱱᱟ ᱯᱩᱱᱭᱟ ᱛᱦᱤᱢ ᱯᱟᱨᱠᱺ ᱫᱟ ᱢᱮᱡᱤᱠ ᱠᱤᱝᱰᱚᱢ, ᱮᱯᱠᱚᱴ, ᱰᱤᱡᱱᱤᱭᱟᱜ ᱦᱚᱞᱤᱭᱩᱰ ᱥᱴᱩᱰᱤᱭᱳ ᱟᱨ ᱰᱤᱡᱱᱤᱭᱟᱜ ᱮᱱᱤᱢᱟᱞ ᱠᱤᱝᱰᱚᱢ ᱾
अन्ना विंटूर ने 16 साल की उम्र में स्कूल जाना छोड़ दिया और फैशन में अपना करियर शुरू किया।	ᱟᱱᱟ ᱩᱭᱤᱱᱴᱩᱨ ᱫᱚ ᱑᱖ ᱥᱮᱨᱢᱟ ᱩᱢᱮᱨ ᱨᱮ ᱤᱛᱩᱱ ᱟᱥᱲᱟ ᱪᱟᱞᱟᱜ ᱮ ᱵᱚᱱᱫᱚ ᱠᱮᱫᱟ ᱟᱨ ᱯᱷᱮᱹᱥᱚᱱ ᱨᱮ ᱟᱭᱟᱜ ᱠᱟᱹᱢᱤᱭᱟᱹ ᱡᱤᱭᱚᱱᱮ ᱮᱛᱚᱦᱚᱵ ᱠᱮᱫᱟ ᱾
जब उसकी टीम विजयी हुई तो जेसिका खुशी से उछल पड़े बिना नहीं रह सकी।	ᱡᱮᱥᱤᱠᱟ ᱟᱡ ᱨᱮᱱ ᱜᱟᱫᱮᱞ ᱠᱚ ᱡᱤᱛᱠᱟᱹᱨ ᱞᱮᱱᱠᱷᱟᱱ ᱨᱟᱹᱥᱠᱟᱹᱛᱮ ᱫᱚᱱ ᱠᱟᱛᱮ ᱟᱯᱱᱟᱨ ᱵᱟᱭ ᱟᱴᱠᱟᱣ ᱫᱟᱲᱮᱭᱟᱜᱼᱟ ᱾
अकाराजे सड़कों पर उन महिलाओं द्वारा परोसा जाता है जो खुद को 'बायना डो अकाराजे' कहती हैं।	ᱟᱠᱨᱟᱡᱮ ᱰᱟᱦᱟᱨ ᱨᱮ ᱛᱤᱨᱞᱟᱹ ᱠᱚ ᱫᱟᱨᱟᱭᱛᱮ ᱟᱹᱲᱛᱤ ᱦᱩᱭ ᱞᱮᱱᱟ ᱡᱟᱸᱦᱟᱭᱫᱚ ᱟᱯᱱᱟᱨ ᱜᱮ ᱵᱟᱭᱱᱟ ᱫᱳ ᱟᱠᱨᱟᱡᱮ ᱠᱚ ᱞᱟᱹᱭᱚᱜᱼᱟ ᱾
उनसठ	ᱢᱚᱬᱮ ᱜᱮᱞ ᱱᱟᱭ
यह केवल एक स्थान से ही फ़ाइल किया जा सकता है जहाँ या तो दल तीस दिन से कम समय के लिए रह गए हैं.	ᱱᱚᱶᱟ ᱫᱚ ᱥᱩᱢᱩᱝ ᱢᱤᱫᱴᱟᱝ ᱡᱟᱭᱜᱟ ᱠᱷᱚᱱ ᱯᱷᱟᱭᱤᱞ ᱠᱚᱨᱟᱣ ᱜᱟᱱᱚᱜᱼᱟ ᱡᱟᱦᱟᱸ ᱨᱮ ᱵᱟᱱᱟᱨ ᱯᱟᱦᱴᱟ ᱠᱚᱢᱠᱟᱨᱛᱮ ᱯᱮ ᱜᱮᱞ ᱞᱟᱹᱜᱤᱫ ᱠᱚ ᱜᱤᱨᱟᱹᱵᱟᱥ ᱟᱠᱟᱱᱟ ᱾
मुझे बताओ.	ᱤᱧ ᱞᱟᱹᱭᱟᱹᱧ ᱢᱮ ᱾
इससे पहले कि आप लक्ष्य को देखें, गेंद के पास जाइए, और सिर को स्थिर रखने के दौरान गेंद को देखिए ।	ᱯᱟᱥ ᱞᱟᱦᱟᱭᱨᱮ, ᱴᱟᱨᱜᱮᱴ ᱠᱚᱭᱚᱜ ᱢᱮ, ᱵᱚᱞ ᱴᱷᱮᱱ ᱪᱟᱞᱟᱜᱽ ᱢᱮ ᱟᱨ ᱵᱚᱦᱚᱜᱽ ᱛᱷᱤᱨ ᱫᱚᱦᱚᱭ ᱛᱮ ᱵᱚᱞᱥᱮᱱ ᱠᱚᱭᱚᱜ ᱢᱮ ᱾
फिर वह अपनी माँ से नया पद (नौकरी) ढूंढने में मदद करने की गुहार लगाती है।	ᱚᱱᱟᱛᱟᱭᱚᱢ ᱩᱱᱤ ᱫᱚ ᱟᱡ ᱟᱭᱳ ᱢᱤᱫᱴᱟᱝ ᱱᱟᱣᱟᱱ ᱴᱷᱟᱣ ᱯᱟᱸᱡᱟ ᱧᱟᱢ ᱨᱮ ᱜᱚᱲᱚᱣᱟᱭ ᱞᱟᱹᱜᱤᱫ ᱛᱮ ᱱᱮᱦᱚᱨᱟᱫᱮ ᱛᱟᱦᱮᱸ ᱾
मैं इस बात से उलझन में हूँ कि मैं कहाँ जा रहा हूँ.	ᱤᱧ ᱢᱤᱫᱴᱟᱝ ᱦᱚᱨᱟ ᱵᱟᱪᱷᱟᱣᱨᱮ ᱟᱹᱰᱤ ᱜᱮᱧ ᱟᱫᱤᱥᱟᱹ ᱟᱠᱟᱱᱟ ᱾
केवल मालिक और योग दो प्रकार का काम करेगा, ICasC-4, और कुल मिलाकर बदलाव की प्रक्रिया के लिए.	ᱵᱟᱦᱟᱞ ᱦᱚᱲ ᱵᱚᱫᱚᱞ ᱨᱮᱭᱟᱜ ᱡᱚᱛᱚ ᱦᱚᱨᱟ ᱨᱮᱭᱟᱜ ᱞᱟᱹᱜᱤᱫ ᱢᱤᱫᱥᱩᱢᱩᱝ ᱜᱟᱹᱞᱤᱢ ᱟᱨ ᱵᱟᱦᱟᱞ ᱦᱚᱲᱫᱚ ᱵᱟᱨᱭᱟ ᱯᱷᱚᱨᱚᱢ, ᱟᱤᱮᱱᱥᱤᱼ᱓ ᱟᱨ ᱟᱤᱮᱱᱥᱤᱼ᱔ ᱩᱪᱷᱟᱹᱱ ᱦᱩᱭᱩᱜᱼᱟ ᱾
जी हाँ, नीतिवादी तीन साल प्रौढ़ता के समाप्त होने से पहले नीति को आत्मसमर्पण कर सकता है ।	ᱦᱮᱸ, ᱯᱚᱞᱤᱥᱤ ᱢᱮᱱᱟᱜ ᱦᱚᱲ ᱢᱮᱭᱟᱫ ᱯᱩᱨᱟᱹᱣ ᱞᱟᱦᱟᱨᱮ ᱯᱮ ᱥᱮᱨᱢᱟ ᱯᱩᱨᱟᱹᱣ ᱛᱟᱭᱚᱢ ᱯᱚᱞᱤᱥᱤᱭ ᱪᱟᱵᱟ ᱫᱟᱲᱮᱭᱟᱜᱼᱟ ᱾
जबकि एक प्रयोगात्मक वैक्सीन अब तक ऐरोकामा की मृत्यु को कम करने में समर्थ हुई है, कोई भी दवा स्पष्ट रूप से मौजूदा संक्रमण का इलाज करने के लिए उपयुक्‍त साबित नहीं हुई है ।	ᱢᱤᱫ ᱮᱠᱥᱯᱮᱨᱤᱢᱮᱱᱴᱟᱞ ᱵᱷᱮᱠᱥᱤᱱ ᱤᱵᱳᱞᱟ ᱛᱮ ᱜᱩᱡᱩᱜ-ᱮ ᱠᱚᱢ ᱞᱮᱜ-ᱟ, ᱱᱤᱛ ᱵᱷᱩᱨ ᱛᱮ, ᱪᱮᱫ  ᱨᱟᱱ ᱠᱚᱦᱚᱸ ᱱᱚᱶᱟ ᱤᱱᱯᱷᱮᱠᱥᱚᱱ ᱠᱷᱚᱱ ᱨᱩᱠᱷᱤᱭᱟᱹᱜ ᱞᱟᱹᱜᱤᱫ ᱵᱟᱝ ᱠᱚ ᱥᱚᱫᱚᱨ ᱞᱮᱜ-ᱟ᱾
हमें इसके लिए नियमित रूप से इस ऑफिस में आना पड़ा ।	ᱱᱚᱶᱟ ᱞᱟᱹᱜᱤᱫ ᱟᱞᱮ ᱫᱤᱱᱟᱹᱢᱜᱮ ᱚᱯᱷᱤᱥ ᱦᱤᱡᱩᱜ ᱦᱩᱭᱩᱜ ᱠᱟᱱ ᱛᱟᱞᱮ ᱛᱟᱦᱮᱸᱜ ᱾
वे अभी भी एक FIR रजिस्टर करने के लिए कर रहे हैं.	ᱩᱱᱠᱩ ᱱᱤᱛᱦᱚᱸ ᱮᱯᱷᱟᱭᱟᱨ ᱵᱟᱝᱠᱚ ᱚᱞ ᱫᱟᱲᱮᱭᱟᱠᱟᱫᱟ ᱾
सितंबर 2016 के दौरान, शेरन और हांगकांग के बीच की सीमा पर नौ मुद्दे हैं, जिनके बीच छः देश कनेक्शन हैं ।	ᱥᱮᱯᱴᱮᱢᱵᱚᱨ ᱒᱐᱑᱖ ᱼᱨᱮᱭᱟᱜ ᱦᱤᱥᱟᱹᱵᱽ ᱞᱮᱠᱟᱛᱮ ᱥᱮᱱᱡᱮᱱ ᱟᱨ ᱦᱚᱝᱠᱚᱝ ᱢᱩᱫᱽᱨᱮ ᱥᱤᱢᱟᱹᱱᱟᱨᱮ ᱙ ᱜᱚᱴᱟᱝ ᱯᱟᱨᱚᱢᱚᱜ ᱞᱟᱹᱜᱤᱫ ᱡᱟᱭᱜᱟ ᱢᱮᱱᱟᱜᱼᱟ ᱡᱟᱦᱟᱸ ᱠᱚ ᱢᱩᱫᱽᱨᱮ ᱖ ᱜᱚᱴᱟᱝ ᱫᱚ ᱦᱩᱭᱩᱜ ᱠᱟᱱᱟ ᱴᱚᱴᱷᱟ ᱡᱚᱲᱟᱣ ᱾
न्याय का मूल उद्देश्‍य है संविधान में भी शामिल किया जाना ।	ᱥᱚᱝᱵᱤᱫᱷᱟᱱ ᱨᱮᱭᱟᱜ ᱯᱚᱥᱛᱟᱵᱚᱱᱟ ᱠᱟᱛᱷᱟ ᱞᱮᱠᱟᱱ ᱞᱚᱜᱚᱱ ᱥᱟᱹᱨᱤ ᱵᱤᱪᱟᱹᱨ ᱮᱢᱚᱜ ᱜᱮ ᱦᱩᱭᱩᱜ ᱠᱟᱱᱟ ᱥᱚᱝᱵᱤᱫᱷᱟᱱ ᱨᱮᱭᱟᱜ ᱢᱩᱲᱩᱫ ᱟᱱᱟᱜ ᱡᱚᱥ ᱾
शिरकार के शांत झीलों को नीचे उतारना और लकड़ी के जहाज़ों में रहना, श्रीनागर द्वारा पेश किए गए अनोखे अनुभव हैं ।	ᱥᱤᱠᱟᱨᱟᱥ ᱨᱮᱭᱟᱜ ᱥᱮᱨᱮᱱ ᱰᱟᱜᱽᱡᱚᱞᱟ ᱨᱮ ᱞᱟᱛᱟᱨᱛᱮ ᱟᱹᱛᱩᱜᱽ ᱟᱨ ᱠᱟᱴᱷ ᱞᱟᱹᱣᱠᱟᱹ ᱚᱲᱟᱜᱽ ᱨᱮ ᱛᱟᱦᱮᱸᱱ ᱫᱚ ᱥᱨᱤᱱᱚᱜᱚᱨ ᱦᱚᱛᱮᱛᱮ ᱮᱢᱟᱠᱟᱱ ᱵᱟᱝ ᱛᱩᱞᱟᱹᱜᱽ ᱞᱮᱠᱟᱱ ᱟᱹᱭᱠᱟᱹᱣ ᱠᱟᱱᱟ ᱾
यह कोर्स भारत के नैशनल फिल्म झरोखे के साथ शुरू किया गया ।	ᱱᱮᱥᱱᱮᱞ ᱯᱷᱤᱞᱢ ᱟᱨᱠᱟᱭᱤᱵᱷᱥ ᱚᱯᱷ ᱤᱱᱰᱤᱭᱟ , ᱯᱩᱱᱮ ᱱᱚᱶᱟ ᱠᱤᱱ ᱵᱟᱨᱭᱟ ᱢᱤᱫ ᱠᱟᱛᱮ ᱱᱚᱶᱟ ᱠᱳᱨᱥ ᱫᱚᱠᱚ ᱥᱟᱯᱲᱟᱣᱞᱮᱫ ᱛᱟᱦᱮᱫᱽ ᱾
वे कहाँ जा रहे हैं?	ᱩᱝᱠᱩ ᱫᱚ ᱚᱠᱟᱛᱮᱠᱩ ᱪᱟᱞᱟᱜᱽᱠᱟᱱᱟ ?
Alarrran, पहले Babli दास द्वारा भेजा गया एक हत्यारा, बाद में एक ही के बारे में सुनने के लिए सवारी पक्ष में शामिल हो जाता है एक हीर के सत्य के बारे में सुनने के साथ और युद्ध, लड़ाई अंत में उसके लेकिन एक चाकू के साथ समाप्त हो रही है, लेकिन जल्द ही एक चाकू के साथ नहीं, लेकिन harvavav, के बाद चेतावनी के बाद, और Lakakav, और तीन दोस्तों को छूने के लिए नहीं, तीन दोस्तों को छूने के लिए.	ᱯᱟᱱᱰᱩᱨᱚᱝ ᱛᱟᱦᱮᱸᱠᱟᱱᱟ ᱢᱤᱫᱦᱚᱲ ᱜᱚᱡᱤᱪ ᱡᱟᱦᱟᱭ ᱵᱟᱵᱞᱤ ᱞᱟᱦᱟᱨᱮ ᱫᱟᱱᱟᱝ ᱛᱚᱞᱟᱥᱤᱭᱟᱹ ᱞᱮᱠᱟᱛᱮ ᱠᱩᱞᱞᱤᱫᱤᱭᱟ, ᱛᱟᱭᱚᱢ ᱥᱚᱢᱤᱨᱟᱜ ᱥᱟᱹᱨᱤ ᱟᱧᱡᱚᱢ ᱠᱟᱛᱮ ᱜᱳᱯᱟᱞ ᱥᱟᱝᱮ ᱡᱚᱲ ᱞᱮᱱᱟ ᱟᱨ ᱜᱩᱱᱰᱟᱠᱚ ᱫᱟᱞ ᱧᱤᱨ ᱠᱮᱫ ᱠᱚᱣᱟ, ᱞᱟᱹᱲᱦᱟᱹᱭ ᱛᱟᱭᱚᱢ ᱛᱮ ᱢᱩᱪᱟᱹᱫ ᱮᱱᱟ ᱡᱚᱠᱷᱚᱱ ᱜᱳᱯᱟᱞᱟᱜ ᱛᱟᱭᱚᱢ ᱫᱤᱥᱚᱥ ᱨᱮ ᱵᱟᱵᱞᱤ ᱵᱷᱩᱞ ᱠᱟᱛᱮ ᱪᱦᱨᱤᱭ ᱪᱟᱞᱟᱣ ᱟ ᱟᱨ ᱩᱱᱤ ᱠᱤᱪᱦ ᱜᱷᱟᱹᱲᱤᱡ ᱛᱟᱭᱚᱢ ᱩᱱᱤᱭ ᱫᱤᱥᱟᱹᱭ ᱟᱫ ᱠᱮᱫᱟ, ᱛᱚᱵᱮ ᱢᱟᱫᱷᱚᱵ , ᱞᱟᱠᱤ ᱟᱨ ᱞᱚᱠᱠᱷᱚᱱ ᱪᱷᱩᱨᱤ ᱵᱟᱝ ᱥᱟᱵ ᱥᱚᱱᱛᱚᱨ ᱞᱟᱦᱟᱨᱮ ᱵᱟᱝ , ᱡᱟᱦᱟ ᱧᱮᱞᱛᱮ ᱯᱮᱭᱟ ᱜᱟᱹᱛᱤ ᱠᱚ ᱞᱟᱸᱫᱟᱭᱟ᱾
मेरी नौकरी चली जाएगी, सर। कृपया किसी को फोन न करें (बैंक विक्रेता)।	ᱤᱧ ᱤᱧᱟᱹᱜ ᱪᱟᱠᱨᱤ ᱵᱟᱹᱧ ᱟᱫᱼᱟ, ᱜᱚᱝᱠᱮ ᱾ ᱫᱟᱭᱟ ᱠᱟᱛᱮ ᱚᱠᱚᱭᱦᱚᱸ ᱟᱞᱚᱢ ᱯᱷᱳᱱ ᱟᱠᱚᱣᱟ ᱾ (ᱵᱮᱝᱠ ᱥᱮᱞᱚᱥᱯᱟᱨᱥᱚᱱ)
हैलो, यह श्रीमती राहीका है, त्रियेक तत्वों के स्कूल में कला शिक्षक?	ᱦᱮᱹᱞᱳ, ᱴᱨᱤᱱᱤᱴᱤ ᱮᱞᱤᱢᱮᱱᱴᱟᱨᱤ ᱵᱤᱨᱫᱟᱹᱜᱟᱲ ᱨᱮᱱ ᱠᱟᱹᱨᱤ ᱢᱟᱪᱮᱛᱟᱱᱤ ᱱᱩᱭ ᱜᱮ ᱠᱤ ᱢᱤᱥᱮᱥ ᱨᱟᱫᱷᱤᱠᱟ ?
पाँच	ᱢᱚᱬᱮ
इन कानूनों ने किसी भी गैर - सरकारी राजनीतिक गतिविधि का सख़्त प्रयोग किया: सड़क प्रदर्शन, गैर-कानूनी राजनीतिक संगठनों, और सरकारी अंशदानों पर औपचारिक रूप से प्रतिबंध लगा दिया गया ।	ᱱᱤᱭᱟᱹ ᱟᱹᱨᱤᱠᱩ ᱫᱚ ᱡᱟᱦᱟᱸᱞᱮᱠᱟᱱ ᱵᱮᱥᱚᱨᱠᱟᱨᱤ ᱨᱟᱡᱟᱹᱨᱤ ᱠᱟᱢᱠᱟᱡᱠᱩ ᱫᱚ ᱡᱟᱹᱥᱛᱤᱠᱟᱭᱛᱮ ᱜᱤ ᱜᱷᱮᱨᱟᱣᱟᱠᱟᱱᱟᱺ ᱦᱚᱨ ᱟᱸᱫᱚᱲ, ᱵᱟᱝᱪᱷᱟᱹᱲᱟᱠᱟᱱ ᱨᱟᱡᱟᱹᱨᱤ ᱥᱮᱢᱞᱮᱫᱽ ᱟᱨ ᱵᱟᱝ ᱚᱞᱟᱠᱟᱱ ᱠᱟᱹᱣᱰᱤᱟᱹᱨᱤ ᱫᱟᱱ ᱫᱚ ᱟᱠᱷᱲᱟᱞᱮᱠᱟᱛᱮ ᱢᱟᱱᱟ ᱦᱩᱭᱟᱠᱟᱱᱟ ᱾
दुर्घटना स्थल सांता मारिया कोरोनंगो में है।	ᱫᱟᱹᱵ ᱨᱮᱭᱟᱜ ᱴᱷᱟᱣ ᱫᱚ ᱥᱟᱱᱛᱟ ᱢᱟᱨᱤᱭᱟ ᱠᱚᱨᱳᱝᱜᱳ ᱨᱮ ᱾
स्पेन और इटली में मछली को साफ - सुथरा रखा जाता है ।	ᱴᱟᱴᱠᱟ ᱦᱟᱠᱩ ᱯᱷᱨᱟᱱᱥᱨᱮ ᱟᱨ ᱨᱚᱦᱚᱲ ᱟᱨ ᱡᱚᱜᱟᱣᱫᱚᱦᱚ ᱦᱟᱠᱩ ᱫᱚ ᱥᱯᱮᱱ ᱟᱨ ᱤᱛᱟᱞᱤᱨᱮ ᱵᱟᱨᱦᱮᱠᱩ ᱵᱟᱹᱱᱤᱡᱚᱜᱽ ᱠᱟᱱᱟ ᱾
आप यह कैसे कहते हैं?	ᱟᱢ ᱱᱚᱣᱟ ᱪᱤᱠᱟᱹᱛᱮᱢ ᱢᱮᱱ ᱮᱫᱟ?
मेरे पास चार मुर्गी हैं।	ᱤᱧ ᱴᱷᱮᱱ ᱯᱩᱱ ᱜᱚᱴᱟᱝ ᱢᱩᱠᱨᱤ ᱢᱮᱱᱟᱜᱼᱟ ᱠᱚᱣᱟ।
ᱤᱠᱟᱹ ᱠᱟᱹᱧ ᱢᱮ	क्षमा करें
मैंने सोचा था कि मैं इस तरह से कर बचा सकता हूँ, लेकिन अब इसका कोई मतलब नहीं है।	ᱵᱷᱟᱹᱵᱤᱛ ᱞᱤᱱᱟᱹᱧ ᱱᱚᱝᱠᱟᱛᱮ ᱴᱮᱠᱥᱤᱧ ᱵᱟᱧᱪᱟᱣ ᱫᱟᱲᱮᱭᱟᱜᱼᱟ, ᱢᱮᱱᱠᱷᱟᱱ ᱱᱤᱛᱚᱜ ᱟᱨ ᱞᱟᱯᱲᱟ ᱵᱟᱹᱱᱩᱜᱼᱟ ᱾
इन कीड़ों के इस समूह के लिए एक औपचारिक अर्थ में इस शब्द का प्रयोग किया जाता है ।	ᱛᱤᱡᱩ ᱨᱮᱭᱟᱜ ᱱᱚᱣᱟ ᱜᱩᱥᱴᱤ ᱞᱟᱹᱜᱤᱫ ᱳᱯᱪᱟᱨᱤᱠ ᱟᱨᱛ ᱨᱮ ᱠᱤᱴᱵᱤᱜᱭᱟᱱ ᱫᱟᱨᱟᱭ ᱛᱮ ᱵᱟᱜ ᱥᱟᱵᱟᱫ ᱨᱮᱭᱟᱜ ᱵᱮᱵᱷᱟᱨᱚᱜ ᱠᱟᱱᱟ᱾
मैं उसे एथेना फोन करने के लिए जा रहा हूँ.	ᱤᱧ ᱫᱚ ᱚᱱᱟ ᱟᱛᱷᱮᱱᱟᱧ ᱧᱩᱛᱩᱢ ᱞᱟᱹᱜᱤᱫ ᱾
ᱟᱢᱟᱜ ᱫᱤᱱ ᱱᱟᱯᱟᱭ ᱛᱟᱦᱮᱱ ᱢᱟ	आपका दिन शुभ हो
सात	ᱮᱭᱟᱭ
जी हाँ, मैं इस जगह में काफ़ी समय से रहा हूँ, सो मैं खाद्य सिफ़ारिशियों के साथ आपकी मदद कर सकता हूँ ।	ᱦᱮᱸ, ᱤᱧ ᱵᱮᱥ ᱠᱤᱪᱷᱤ ᱫᱤᱱ ᱱᱤᱭᱟᱹ ᱴᱷᱟᱶᱨᱮᱧ ᱛᱟᱦᱮᱸᱠᱟᱱᱟ, ᱚᱱᱟᱛᱮ ᱡᱚᱢᱟᱜ ᱤᱫᱤ ᱠᱟᱛᱮᱜ ᱥᱟᱞᱦᱟ ᱮᱢᱚᱜ ᱨᱮ ᱤᱧ ᱟᱢᱤᱧ ᱜᱚᱲᱚ ᱫᱟᱲᱮᱭᱟᱢᱟ ᱾
इसके अतिरिक्‍त, विश्‍वसनीय और निश्‍चित अनुमान और समय - समय पर उत्पादनों और उत्पादनों के अनुमानों को निर्यात/i, मूल्य निर्धारित करने, और सार्वजनिक वितरण के रूप में इस्तेमाल करने के लिए महत्त्वपूर्ण हैं ।	ᱟᱨ ᱦᱚᱸ ᱵᱤᱥᱣᱟᱹᱥᱟᱠᱟᱱ ᱟᱨ ᱚᱠᱛᱚ ᱨᱮ ᱩᱢᱟᱹᱱᱟᱠᱟᱱ ᱟᱨ ᱨᱤᱛᱩ ᱨᱮᱭᱟᱜ ᱯᱷᱚᱥᱚᱞ ᱮᱠᱚᱨ ᱟᱨ ᱟᱨᱡᱟᱣ ᱩᱢᱟᱹᱱᱟᱜ ᱫᱚ ᱵᱟᱹᱱᱤᱡ ᱵᱟᱦᱮᱨ/ᱵᱟᱹᱱᱤᱡ ᱟᱫᱮᱨ, ᱫᱟᱢ ᱴᱷᱤᱠᱟᱹᱭ ᱟᱨ ᱦᱚᱲ ᱮᱢᱚᱜ ᱞᱮᱠᱟᱱ ᱵᱟᱡᱟᱨ ᱥᱴᱨᱮᱴᱮᱡᱤ ᱨᱮᱭᱟᱜ ᱨᱮ ᱛᱮᱭᱟᱨ ᱞᱟᱹᱜᱤᱫ ᱞᱟᱹᱠᱛᱤᱭᱟᱱᱟᱜ ᱠᱟᱱᱟ ᱾
मर्डर मिस्ट्री इतनी बेहतरीन बनी थी कि जब अंत में कातिल की पहचान सामने आई तो मुझे इसकी बिल्कुल उम्मीद नहीं थी।	ᱜᱚᱡ ᱨᱮᱭᱟᱜ ᱨᱚᱦᱚᱥᱥᱚ ᱫᱚ ᱱᱩᱱᱟᱹᱜ ᱱᱟᱯᱟᱭ ᱥᱟᱹᱦᱤᱡ ᱵᱮᱱᱟᱣ ᱦᱩᱭ ᱞᱮᱱᱟ ᱡᱟᱦᱟᱸᱭ ᱢᱩᱪᱟᱹᱫ ᱦᱟᱹᱵᱤᱡ ᱛᱮ ᱡᱚᱠᱷᱚᱱ ᱠᱷᱩᱱᱤᱭᱟᱜ ᱩᱯᱨᱩᱢ ᱥᱚᱫᱚᱨᱚᱜᱼᱟ ᱱᱚᱶᱟ ᱫᱚ ᱵᱟᱹᱧ ᱟᱥ ᱟᱠᱟᱱ ᱛᱟᱦᱮᱸ ᱾
मेरे पास अट्ठासी रुपया हैं।	ᱤᱧ ᱴᱷᱮᱱ ᱟᱨ ᱜᱮᱞ ᱟᱨ ᱜᱚᱴᱟᱝ ᱯᱟᱹᱲᱯᱟ ᱢᱮᱱᱟᱜᱼᱟ ᱠᱚᱣᱟ।
कई देवी - देवताओं के दृश्‍यीकरण के ज़रिए, शवों को शुद्ध किया जाता है और प्रकाश - संश्‍लेषण बनाया जाता है ।	ᱛᱤᱵᱽᱵᱚᱛᱤ ᱫᱷᱮᱭᱟᱱ ᱨᱮᱱᱟᱜ ᱴᱷᱟᱹᱠᱩᱨᱟᱹᱜ ᱛᱟᱞᱢᱟ ᱭᱚᱜᱟ ᱠᱟᱱᱟ᱾ ᱟᱹᱰᱤᱜᱟᱱ ᱴᱷᱟᱹᱠᱩᱨᱟᱹᱜ ᱫᱚᱨᱥᱟᱱ ᱦᱚᱛᱮᱛᱮ ᱩᱨᱡᱟ ᱱᱟᱲᱤᱭᱟᱹ ᱠᱚ ᱥᱟᱯᱷᱟ ᱮᱫᱟ, ᱪᱚᱠᱨᱚ ᱠᱚ ᱪᱤᱨᱜᱟᱹᱞ ᱮᱫᱟ ᱟᱨ ᱱᱤᱡᱮᱨᱟᱜ ᱪᱮᱛᱱᱟ ᱠᱚ ᱵᱮᱱᱟᱣᱜ ᱠᱟᱱᱟI
उदाहरण के लिए, " सीखते" और "विद्वत्ता" को इंटरनेट प्रयोग के लिए महत्वपूर्ण प्रेरणा के रूप में सुझाव दिया जाता है (JACes ENER, १९९५).	ᱫᱟᱹᱠᱟᱹ ᱞᱮᱠᱟᱛᱮ, ” ᱪᱮᱫᱚᱜ ᱟᱨ “ᱥᱟᱣᱛᱟᱨᱤᱭᱟᱹᱭ"ᱫᱚ ᱤᱸᱴᱨᱱᱮᱴ ᱨᱮᱭᱟᱜ ᱵᱮᱵᱷᱟᱨ ᱞᱟᱹᱜᱤᱫ ᱢᱚᱨᱢᱚᱣᱟᱱᱟᱜ ᱩᱫᱽᱜᱟᱹᱣ ᱞᱮᱠᱟᱛᱮ ᱥᱚᱞᱦᱟ ᱮᱢ ᱟᱠᱟᱫᱟᱭ (ᱡᱮᱢᱥ ᱮᱴ ᱟᱞ., ᱑᱙᱙᱕)᱾
मैंने कल एक सुपरहीरो फिल्म देखी जिसने मुझे भावनात्मक रूप से थका दिया। यह पूरे दिन मेरे दिमाग में रही (दोस्त 2)।	ᱤᱧ ᱦᱚᱞᱟᱱᱚᱜ ᱢᱤᱫᱴᱟᱝ ᱥᱩᱯᱟᱨ ᱦᱤᱨᱳ ᱪᱚᱞᱚᱛ ᱪᱤᱛᱟᱹᱨ ᱤᱧ ᱧᱮᱞ ᱟᱠᱟᱫᱟ ᱡᱟᱦᱟᱸ ᱫᱚ ᱤᱧ ᱟᱭᱩᱢᱟᱹᱱ ᱞᱮᱠᱟᱛᱮ ᱢᱩᱪᱟᱹᱫ ᱩᱛᱟᱹᱨᱮ ᱟᱴᱠᱟᱨ ᱟᱠᱟᱫᱟ ᱾ ᱱᱚᱶᱟ ᱫᱚ ᱥᱟᱨᱟᱫᱤᱱ ᱤᱧ ᱥᱟᱞᱟᱜ ᱛᱟᱦᱮᱱ ᱛᱟᱦᱮᱸ ᱾ (ᱜᱟᱛᱮ 2)
क्लासिक समायोजन पारदर्शी से कम हैं.	ᱠᱞᱟᱥᱤᱠ ᱚᱵᱷᱤᱡᱳᱡᱚᱱ ᱫᱚ ᱠᱚᱢ ᱥᱟᱯᱷᱟᱜᱮ ᱛᱟᱦᱮᱸ ᱠᱟᱱᱟ ᱾
एडा, ओहियो: एडा संयुक्त राज्य अमेरिका के ओहियो में एक गाँव है।	ᱮᱹᱰᱟ, ᱳᱦᱤᱣ ᱮᱹᱰᱟ ᱫᱚ ᱢᱟᱨᱠᱤᱱ ᱡᱩᱠᱛᱚᱨᱟᱥᱴᱨᱚ ᱨᱮᱭᱟᱜ ᱳᱦᱤᱣᱨ ᱫᱚ ᱢᱤᱫᱴᱟᱝ ᱟᱹᱛᱩ ᱾
सन्‌ 2010 की एक रिपोर्ट के मुताबिक, अफगानिस्तान का सिर्फ 21% (या 1,350,000 हा) जंगल बन गया है ।	᱒᱐᱑᱐ ᱥᱟᱞ ᱨᱮ ᱨᱮᱛᱮᱫ ᱞᱮᱠᱟᱛᱮ ᱟᱯᱷᱜᱟᱱᱤᱥᱴᱷᱟᱱ ᱥᱩᱢᱩᱝ ᱒ᱹ᱑ ᱥᱟᱝᱠᱟᱨᱟ (ᱵᱟᱝᱠᱷᱟᱱ ᱑,᱓᱕᱐,᱐᱐᱐ ᱦᱮᱠᱴᱚᱨ) ᱦᱩᱭᱩᱜ ᱠᱟᱱᱟ ᱵᱤᱨ ᱴᱚᱴᱷᱟ᱾
प्राचीन संस्कृतियों और गोत्रों ने उन्हें दूध, बाल, मांस और खाल तक आसानी से सीमित रखने लगे ।	ᱥᱮᱫᱟᱭ ᱞᱟᱠᱪᱟᱨ ᱟᱨ ᱡᱚᱱᱡᱟᱹᱛᱤ ᱠᱚᱫᱚ ᱛᱳᱣᱟ, ᱳᱵ, ᱡᱤᱞ ᱟᱨ ᱦᱟᱨᱛᱟ ᱞᱟᱹᱜᱤᱫ ᱩᱱᱠᱩ ᱠᱚ ᱟᱹᱥᱩᱞ ᱞᱮᱫ ᱠᱚᱣᱟ᱾
कोरोको में तेल इस्तेमाल किया जाता है।	ᱪᱳᱠᱦᱟ ᱨᱮᱫᱚ ᱥᱟᱫᱷᱟᱨᱚᱱᱚᱛᱚ ᱛᱩᱲᱤ ᱥᱩᱱᱩᱢ ᱵᱮᱣᱦᱟᱨᱚᱜᱼᱟ ᱾
आपके बारे में क्या?	ᱟᱢᱟᱜ ᱠᱷᱚᱵᱚᱨ ᱫᱚ ᱪᱮᱫ ?
मुझे क्या याद आया?	ᱤᱧ ᱫᱚ ᱪᱮᱫᱽᱤᱧ ᱦᱟᱹᱲᱤᱧᱟᱠᱟᱫᱟ ?
लेकिन उसी सुबह एक श्‍वेत कैदियों में से एक था, जिसे नाजीर सिंह ने अँग्रेज़ी शिविर में भेजा था ।	ᱢᱮᱱᱠᱷᱟᱱ, ᱚᱱᱟ ᱥᱮᱛᱟᱜ ᱨᱮᱜᱮ ᱱᱚᱨᱚᱯᱚᱛ ᱥᱤᱝ ᱡᱟᱦᱟᱸᱭ ᱥᱮᱛᱟᱝᱜᱚ ᱠᱚᱭ ᱟᱲᱟᱜ ᱞᱮᱫ ᱠᱚ ᱛᱟᱦᱮᱸᱫ ᱩᱱᱠᱩ ᱢᱩᱫᱽ ᱨᱮ ᱢᱤᱫ ᱦᱚᱲ ᱤᱝᱨᱮᱡᱽ ᱰᱮᱨᱟ ᱨᱮ ᱦᱮᱡ ᱠᱟᱛᱮ ᱡᱮᱱᱟᱨᱮᱞ ᱮ ᱵᱟᱰᱟᱭ ᱦᱚᱪᱚ ᱞᱮᱫᱮᱭᱟ ᱡᱮ ᱩᱱᱤᱫᱚ ᱱᱚᱨᱚᱯᱚᱛ ᱥᱤᱝ ᱴᱷᱮᱱ ᱮ ᱟᱡᱚᱢ ᱟᱠᱟᱫᱟ ᱩᱱᱤ ᱜᱟᱲ ᱮ ᱠᱷᱟᱞᱤᱭᱟ , ᱢᱮᱱᱠᱷᱟᱱ ᱯᱨᱚᱛᱤᱥᱳᱫᱷ ᱵᱟᱝ ᱦᱟᱛᱟᱣ ᱦᱟᱵᱤᱡ ᱫᱚ ᱵᱟᱝ ᱾
मेरे पास चार पेंसिल हैं।	ᱤᱧ ᱴᱷᱮᱱ ᱯᱩᱱ ᱜᱚᱴᱟᱝ ᱯᱮᱱᱥᱤᱞ ᱢᱮᱱᱟᱜᱼᱟ ᱠᱚᱣᱟ।
काश मेरे बच्चे इस मौसम का आनंद लेने के लिए मेरे साथ होते।	ᱤᱧᱤᱧ ᱟᱥᱚᱜᱼᱟ ᱤᱧ ᱨᱮᱱ ᱜᱤᱫᱽᱨᱟᱹ ᱠᱚ ᱱᱚᱣᱟ ᱦᱚᱭᱼᱦᱤᱸᱥᱤᱫ ᱵᱷᱩᱡᱟᱹᱣ ᱞᱟᱹᱜᱤᱫ ᱤᱧ ᱥᱟᱞᱟᱜ ᱠᱚ ᱛᱟᱦᱮᱱ ᱠᱷᱟᱱ ᱾
इस क्षेत्र की जलवायु, जलवायु और वनस्पति - विज्ञान के आधार पर भिन्‍न प्रकार की भूमिओं के विवरण, क्षेत्र के जलवायु और वनस्पति - विज्ञान के बारे में पुष्टि करता है, क्षेत्र के क्षेत्र के कार्य और प्रयोगशाला डेटा के ज़रिए और एक आधार नक्शे पर चित्रित करता है ।	ᱦᱟᱥᱟ ᱢᱮᱯᱤᱝ ᱢᱩᱫᱨᱮ ᱟᱭᱢᱟ ᱞᱮᱠᱟᱱ ᱦᱟᱥᱟ ᱪᱤᱱᱦᱟᱹ, ᱵᱚᱨᱱᱚᱱ ᱟᱨ ᱪᱤᱛᱟᱹᱨ ᱵᱮᱱᱟᱣ, ᱴᱚᱴᱷᱟ ᱴᱮᱭᱟᱜ ᱵᱷᱳᱣᱛᱚ ᱵᱤᱨᱫᱟᱹ, ᱦᱚᱭᱫᱟᱜ ᱟᱨ ᱫᱟᱨᱮᱱᱟᱹᱲᱤ, ᱯᱷᱤᱞᱰᱳᱣᱨᱟᱠ ᱟᱨ ᱞᱮᱵᱨᱮᱴᱚᱨᱤ ᱰᱚᱜᱚᱨ ᱛᱟᱞᱟᱛᱮ ᱜᱚᱴᱟ ᱵᱩᱴᱟᱹ ᱟᱠᱟᱱ ᱟᱨ ᱢᱤᱫ ᱡᱚᱛᱷᱟᱛ ᱵᱷᱤᱛᱤ ᱢᱟᱱᱪᱤᱛᱟᱹᱨ ᱨᱮ ᱪᱤᱱᱦᱟᱹ ᱟ ᱾
वियापलाना का 81 वर्ष की आयु में बार्सिलोना, स्पेन में निधन हो गया।	ᱵᱷᱟᱭᱟᱯᱞᱟᱱᱟ ᱫᱚ ᱘᱑ ᱥᱮᱨᱢᱟ ᱩᱢᱮᱨ ᱨᱮ ᱥᱯᱮᱱ ᱨᱮᱭᱟᱜ ᱵᱟᱨᱥᱮᱞᱳᱱᱟ ᱨᱮᱭ ᱜᱚᱡ ᱞᱮᱱᱟ ᱾
छब्बीस	ᱠᱩᱲᱤ ᱛᱩᱨᱩᱭ
अरे नहीं... कृपया हमारे साथ बने रहें और हमें अपने अनुभव को बेहतर बनाने का अवसर दें (होटल अतिथि संबंध)।	ᱳᱭᱟ ᱵᱟᱝ... ᱫᱟᱭᱟ ᱠᱟᱛᱮ ᱟᱞᱮ  ᱥᱟᱶᱛᱮ ᱛᱟᱦᱮᱱ ᱢᱮ ᱟᱨ ᱟᱞᱮᱦᱚᱸ ᱟᱢᱟᱜ ᱵᱩᱡᱩᱱ ᱟᱨᱦᱚᱸ ᱩᱛᱱᱟᱹᱣ ᱨᱮᱭᱟᱜ ᱫᱟᱣ ᱮᱢᱟᱞᱮᱢ (ᱦᱳᱴᱮᱞ ᱜᱮᱥᱴ ᱨᱤᱞᱮᱥᱚᱱ)
मेरे पास सत्रह किताब हैं।	ᱤᱧ ᱴᱷᱮᱱ ᱜᱮᱞ ᱮᱭᱟᱭ ᱜᱚᱴᱟᱝ ᱠᱤᱛᱟᱯ ᱢᱮᱱᱟᱜᱼᱟ ᱠᱚᱣᱟ।
सन्‌ 1970 में मानसिकता और तत्त्वज्ञान के साथ - साथ इस बहस को बढ़ावा दिया जाता था और फिर 1980 के दशक में इतिहास का इतिहास शुरू होता ।	ᱱᱤᱭᱟᱹ ᱱᱟᱹᱢᱩᱱᱟ ᱫᱚ ᱑᱙᱗᱐ ᱫᱚᱥᱚᱠ ᱨᱮ ᱢᱚᱱᱵᱤᱪᱷᱱᱟᱹᱣᱟᱱ ᱟᱨ ᱥᱟᱹᱨᱭᱟᱹᱲ ᱥᱟᱸᱣ ᱮᱯᱮᱲᱦᱮᱱᱰᱮ ᱴᱷᱮᱞᱟᱣ ᱠᱟᱛᱮ ᱟᱨ ᱚᱱᱟᱛᱟᱭᱚᱢ ᱑᱙᱘᱐ ᱫᱚᱥᱚᱠ ᱨᱮ ᱱᱟᱜᱟᱢ ᱨᱮᱭᱟᱜᱼᱮ ᱫᱚᱲᱦᱟᱜᱚᱴᱟᱭᱟ ᱾
क्या इन दोनों में कोई फर्क है?	ᱵᱟᱱᱟᱨ ᱛᱟᱞᱟᱨᱮ ᱡᱟᱦᱟᱸᱱ ᱵᱷᱮᱜᱮᱫ ᱢᱮᱱᱟᱜᱼᱟ ᱪᱮᱫ ?
समर्पण का मूल्य क्या होगा?	ᱢᱩᱪᱟᱹᱫ ᱠᱟᱹᱣᱰᱤ ᱫᱚ ᱛᱤᱱᱟᱹᱜ ᱦᱩᱭᱩᱩᱜᱼᱟ ?
बेटा, मैंने ऋण के लिए अपनी कृषि भूमि गिरवी रखी थी लेकिन समय पर इसे चुकाने में असमर्थ रहा। कल बैंक अधिकारी हमारी जमीन पर दावा करेंगे।	ᱠᱚᱲᱟ, ᱤᱧ ᱨᱤᱱ ᱞᱟᱹᱜᱤᱫ ᱤᱧᱟᱜ ᱪᱟᱥᱦᱟᱥᱟ ᱵᱟᱱᱫᱷᱚᱠᱤᱧ ᱫᱚᱦᱚᱞᱮᱫᱟ ᱢᱮᱱᱠᱷᱟᱱ ᱚᱠᱛᱚ ᱞᱞᱮᱠᱟᱛᱮ ᱚᱱᱟ ᱵᱟᱹᱧ ᱥᱳᱫᱷ ᱫᱟᱲᱮᱭᱟᱠᱟᱫᱟ ᱾ ᱜᱟᱯᱟ ᱵᱮᱝᱠ ᱢᱩᱠᱷᱭᱟᱹ ᱠᱚ ᱟᱞᱮᱭᱟᱜ ᱦᱟᱥᱟ ᱠᱚ ᱫᱟᱹᱵᱤᱭᱟ ᱾
मैं हर बार प्रेरित किया गया था जब हम इस पर एक अभ्यास किया था, मेरे दिल के नीचे से.	ᱡᱚᱠᱷᱚᱱ ᱜᱮ ᱟᱞᱮ ᱱᱚᱣᱟ ᱞᱮ ᱨᱤᱭᱟᱨᱥᱮᱞ ᱟᱠᱟᱫᱟ, ᱤᱧ ᱤᱧᱟᱜ ᱚᱱᱛᱚᱨ ᱵᱷᱤᱛᱤᱨ ᱠᱷᱚᱱ ᱮ ᱦᱮᱞᱠᱟᱣ ᱟᱠᱟᱱᱟ᱾
उन्होंने राष्ट्रवादी सरकार के साथ शांति का प्रस्ताव भी रखा।	ᱩᱝᱠᱩ ᱫᱚ ᱡᱟᱛᱤᱭᱚᱛᱟᱵᱟᱫᱤ ᱥᱚᱨᱠᱟᱨ ᱥᱟᱶ  ᱥᱩᱞᱩᱠ ᱨᱮᱭᱟᱜ ᱯᱨᱚᱥᱛᱟᱵ ᱦᱚᱠᱚᱮᱢᱟᱠᱟᱫᱟ ᱾
इसके बाद, कुछ पत्थरों, खासकर अँग्रेज़ी दीनारों में सुरक्षा के तार होते हैं ।	ᱤᱱᱟᱹ ᱛᱟᱭᱚᱢ, ᱛᱤᱱᱟᱹᱜ ᱡᱩᱛᱟᱹ, ᱵᱤᱥᱮᱥ ᱦᱤᱥᱟᱹᱵ ᱛᱮ ᱚᱝᱜᱽᱨᱮᱡᱤ ᱡᱩᱛᱟᱹ, ᱨᱩᱠᱷᱤᱭᱟᱹ ᱥᱚᱞᱟᱠᱷ ᱠᱟᱱᱟ ᱡᱟᱦᱟᱸ ᱫᱚ ᱢᱤᱫ ᱨᱟᱠᱟᱵ ᱪᱚᱴᱰᱟ ᱠᱚ ᱧᱩᱨ ᱠᱷᱚᱱ ᱵᱟᱸᱪᱟᱣ ᱞᱟᱹᱜᱤᱫ ᱛᱟᱭᱚᱢ ᱠᱷᱚᱱ ᱚᱨ ᱞᱮᱠᱷᱟᱱ ᱢᱤᱫᱴᱟᱹᱝ ᱠᱮᱴᱮᱡᱪᱚᱴᱲᱟ ᱠᱚ ᱧᱩᱨ ᱨᱮᱭᱟᱜ ᱚᱱᱩᱢᱚᱛᱤ ᱮᱢᱚᱜ ᱠᱟᱱᱟᱭ᱾
वे यह भी कहते हैं कि चे का चरित्र प्रासंगिक (रिलेटेबल) है।	ᱩᱱᱠᱩ ᱫᱚ ᱟᱨᱦᱚᱸ ᱠᱚ ᱞᱟᱹᱭᱟ ᱡᱮ ᱪᱩᱨᱤᱛ ᱫᱚ ᱥᱟᱹᱜᱟᱹᱭᱟᱱᱟᱜ ᱾
काश यह परिवर्तन और भी लाल होता!	ᱡᱩᱫᱤ ᱱᱚᱶᱟ ᱵᱚᱫᱚᱞᱚᱜ ᱞᱮᱠᱟᱱᱟᱜ ᱦᱩᱭ ᱠᱚᱜ ᱟᱨ ᱟᱨᱟᱜ ᱦᱚᱸ ᱦᱩᱭ ᱠᱚᱜᱼᱟ !
सन्‌ एआई में खोजबीन करने के लिए मशीनों को ऐसे काम करने की ज़रूरत होती है जिनमें बुद्धिमानी से काम करने की ज़रूरत होती है ।	ᱮ ᱟᱭ ᱨᱮ ᱚᱱᱩᱥᱚᱱᱫᱷᱟᱱ ᱨᱮ ᱱᱟᱠᱟᱱ ᱠᱟᱹᱢᱤ ᱠᱚ ᱥᱚᱣᱪᱟᱹᱞᱤᱛ ᱠᱚᱨᱟᱣ ᱞᱟᱹᱜᱤᱫ ᱢᱮᱥᱤᱱ ᱛᱮᱭᱟᱨ ᱥᱟᱹᱢᱤᱞ ᱢᱮᱱᱟᱜᱼᱟ ᱡᱟᱦᱟᱸᱭ ᱨᱮ ᱵᱩᱫᱷᱤᱢᱟᱹᱱ ᱵᱮᱵᱷᱟᱨ ᱨᱮᱭᱟᱜ ᱡᱟᱹᱨᱩᱲ ᱛᱟᱦᱮᱸᱱ ᱠᱟᱱᱟ᱾
इमारत का केंद्र है द न्यू यॉर्कम्बर, और इसके आस - पास के तीन अर्ध - शैल भवन हैं जो राजकुमार चैंबर (अब लाइब्रेरी हॉल के लिए इस्तेमाल किया गया था), राज्य परिषद (जो अब राज्यायता के लिए इस्तेमाल किया जाता है), और मध्य लीजाइड सम्मेलन (अब लोच के लिए इस्तेमाल किया जाता है लोच के लिए इस्तेमाल किया जाता है।	ᱵᱷᱚᱵᱚᱱ ᱨᱮᱭᱟᱜ ᱛᱟᱞᱟᱢᱟᱞᱟ ᱜᱩᱞᱟᱹᱴ ᱛᱟᱞᱟᱨᱮ ᱪᱮᱢᱵᱟᱨ ᱟᱨ ᱱᱚᱶᱟ ᱪᱮᱢᱵᱟᱨᱫᱚ ᱵᱮᱲᱦᱟᱭ ᱛᱮ ᱢᱮᱱᱟᱜᱼᱟ ᱯᱮᱭᱟ ᱟᱫᱷᱟ ᱜᱩᱞᱟᱹᱴ ᱦᱚᱞᱚᱲᱟᱜ, ᱡᱟᱦᱟᱸ ᱪᱮᱢᱵᱟᱨ ᱚᱯ ᱯᱨᱤᱱᱥᱮᱥ (ᱱᱟᱦᱟᱜ ᱞᱟᱭᱵᱮᱨᱤ ᱦᱚᱞ ᱦᱤᱥᱟᱹᱵᱛᱮ ᱵᱮᱣᱦᱟᱨ ᱦᱩᱭᱩᱜ ᱠᱟᱱᱟ), ᱯᱚᱱᱚᱛ ᱯᱚᱨᱤᱥᱚᱫ (ᱱᱟᱦᱟᱜ ᱨᱟᱡᱭᱚᱥᱚᱵᱷᱟ ᱠᱷᱮᱛᱨᱚ ᱨᱮ ᱵᱮᱣᱦᱟᱨ ᱦᱩᱭᱩᱜ ᱠᱟᱱᱟ), ᱟᱨ ᱛᱟᱱᱟᱞᱟ ᱵᱤᱫᱷᱟᱱᱥᱚᱵᱷᱟ ᱨᱮᱭᱟᱜ (ᱱᱟᱦᱟᱜ ᱞᱳᱠᱥᱚᱵᱷᱟ ᱠᱷᱮᱛᱨᱚ ᱨᱮ ᱵᱮᱣᱦᱟᱨ ᱦᱩᱭᱩᱜ) ᱚᱫᱷᱤᱵᱮᱥᱚᱱ ᱞᱟᱹᱜᱤᱫ ᱵᱮᱱᱟᱣ ᱦᱩᱭᱩᱜ ᱠᱟᱱᱟ ᱾
ᱵᱚᱞᱚᱱ ᱰᱟᱦᱟᱨ	प्रवेश
आप मासिक मासिक, चौथाई, छह महीने या प्रति वर्ष भुगतान कर सकते हैं.	ᱟᱢᱫᱚ ᱪᱟᱸᱫᱚᱨᱮ,ᱯᱮ ᱪᱟᱸᱫᱳᱨᱮ,ᱛᱩᱨᱩᱭ ᱪᱟᱸᱫᱳᱨᱮ ᱥᱮ ᱥᱮᱨᱢᱟᱨᱮ ᱯᱨᱤᱢᱤᱭᱟᱢᱮᱢ ᱮᱢ ᱫᱟᱲᱮᱭᱟᱜᱼᱟ ᱾
उसे कहा गया है कि वह इस पृथ्वी के भौतिक पक्ष में आध्यात्मिक रूप से नहीं, और इस प्रकार ज़ाराफिम द्वारा निन्दा की जाती है ।	ᱩᱱᱤᱫᱚ ᱟᱫᱷᱟᱛᱤᱠ ᱵᱚᱫᱚᱞᱛᱮ ᱱᱚᱶᱟ ᱫᱷᱟᱹᱨᱛᱤ ᱨᱮᱭᱟᱜ ᱫᱩᱨᱤᱵᱟᱱ ᱯᱟᱦᱟᱴᱟ ᱠᱚᱨ ᱟᱨᱥᱟᱞ ᱟᱠᱟᱫᱟ ᱢᱮᱱᱛᱮ ᱞᱟᱹᱭ ᱟᱠᱟᱱᱟ ᱟᱨ ᱱᱚᱝᱠᱟ ᱞᱮᱠᱟᱛᱮ ᱡᱚᱨᱟᱛᱷᱨᱩᱥᱴᱨᱚ ᱫᱟᱭᱟᱭᱛᱮ ᱱᱤᱱᱫᱟᱹ ᱟᱠᱟᱱᱟ ᱾
मैं कल समुद्र तट पर गया और फुटबॉल खेला। इसमें बहुत मज़ा आया।	ᱦᱚᱞᱟ ᱤᱧ ᱥᱟᱢᱩᱫ ᱟᱲᱮ ᱨᱮᱧ ᱪᱟᱞᱟᱣ ᱞᱮᱱᱟ ᱟᱨ ᱯᱷᱩᱴᱵᱚᱞᱤᱧ ᱠᱷᱮᱞ ᱞᱮᱫᱟ ᱾ ᱱᱚᱶᱟ ᱫᱚ ᱟᱹᱰᱤ ᱢᱚᱡᱟ ᱟᱱᱟᱜ  ᱛᱟᱦᱮᱸ ᱠᱟᱱᱟ ᱾
तुम कहाँ गए थे?	ᱚᱠᱟᱛᱮᱢ ᱥᱮᱱ ᱞᱮᱱᱟ ?
जब तक आप इस क्षेत्र में रहते हैं, आप आम तौर पर पासपोर्ट कंट्रोल जांच के माध्यम से बिना किनारे पार कर सकते हैं।	ᱡᱟᱦᱟ ᱛᱤᱱᱟᱹᱜ ᱫᱷᱟᱨᱤᱡ ᱟᱢ ᱛᱟᱦᱮᱱ ᱟᱢ ᱡᱳᱱ ᱨᱮ, ᱟᱢ ᱠᱩᱥᱤ ᱛᱮ ᱵᱳᱨᱰᱚᱨ ᱟᱢ ᱯᱚᱨᱚᱢ ᱫᱟᱞ ᱟ ᱵᱤᱱᱟᱜ ᱪᱮᱠᱤᱧ ᱛᱮ᱾
यह 1932 में बनाया गया था और दुनिया की सबसे ऊंची इमारतों में से एक है।	ᱱᱚᱶᱟ ᱫᱚ ᱑᱙᱓᱒ ᱥᱟᱞ ᱨᱮ ᱵᱮᱱᱟᱣ ᱞᱮᱱᱟ ᱟᱨ ᱱᱚᱶᱟ ᱫᱚ ᱡᱮᱜᱮᱫ ᱨᱮᱭᱟᱜ ᱡᱚᱛᱚᱠᱷᱚᱱ ᱩᱥᱩᱞ ᱵᱷᱚᱵᱚᱱ ᱠᱚ ᱢᱩᱫᱨᱮ ᱢᱤᱫᱴᱟᱝ ᱾
वह 1900 में पहले पैन अफ्रीकी सम्मेलन में भी उपस्थित थीं।	ᱩᱱᱤ ᱫᱚ ᱑᱙᱐᱐ ᱥᱟᱞ ᱨᱮ ᱯᱳᱭᱞᱳ ᱯᱮᱹᱱ ᱟᱯᱷᱨᱤᱠᱟᱱ ᱦᱮᱞᱢᱮᱞ ᱨᱮᱦᱚᱭ ᱛᱟᱦᱮᱸ ᱠᱟᱱᱟ ᱾
इस किताब में इंसान और दूसरे जानवरों के दिमाग के सभी खास अंग हैं, जिनमें रोगाणुएँ, पेट, पेट और आटे भी शामिल हैं ।	ᱡᱤᱹᱟᱭ ᱱᱟᱹᱞᱤ ᱨᱮ ᱦᱚᱲ ᱟᱨ ᱮᱴᱟᱜ ᱡᱚᱱᱛᱩᱣᱟᱜ ᱦᱟᱡᱟᱢᱛᱚᱱᱛᱨᱚ ᱨᱮᱭᱟᱜ ᱥᱟᱱᱟᱢ ᱢᱩᱲᱩᱫ ᱦᱚᱲᱢᱚ ᱦᱤᱸᱥ ᱠᱚ ᱢᱮᱱᱟᱜᱼᱟ, ᱡᱟᱦᱟᱸ ᱢᱩᱫᱽᱨᱮ ᱢᱮᱱᱟᱜᱼᱟ ᱡᱚᱢᱟᱜᱱᱟᱹᱞᱤ, ᱦᱟᱡᱟᱢᱚᱲᱟᱜ ᱟᱨ ᱚᱱᱛᱨᱚ ᱾
मैंने सोचा था कि मैं मैच देखूंगा लेकिन फिर मैं दूसरे काम में फंस गया।	ᱵᱷᱟᱹᱵᱤᱛ ᱞᱤᱫᱟᱹᱧ ᱢᱮᱪᱤᱧ ᱧᱮᱞᱼᱟ ᱢᱮᱱᱠᱷᱟᱱ ᱚᱱᱟ ᱛᱟᱭᱚᱢ ᱮᱴᱟᱜ ᱠᱟᱹᱢᱤᱨᱮᱧ ᱟᱴᱚᱠ ᱮᱱᱟ ᱾
1952 में जिलों को दो भागों में विभाजित किया गया, जिन्हें अल्टेनबर्ग और श्मोलन कहा जाता था।	᱑᱙᱕᱒ ᱥᱟᱞ ᱨᱮ ᱟᱞᱴᱮᱱᱵᱟᱨᱜ ᱟᱨ ᱥᱢᱞᱚᱱ ᱧᱩᱛᱩᱢ ᱛᱮ ᱵᱟᱨᱭᱟ ᱦᱚᱱᱚᱛ ᱨᱮ ᱦᱟᱹᱴᱤᱧ ᱛᱟᱦᱮᱸ ᱠᱟᱱᱟ ᱾
यह एक ऐसा समूह है जो केन्या में जलवायु परिवर्तन के लिए खड़ा है।	ᱱᱚᱶᱟ ᱫᱚ ᱢᱤᱫᱴᱟᱝ ᱜᱟᱫᱮᱞ ᱡᱟᱸᱦᱟ ᱫᱚ ᱠᱮᱱᱤᱭᱟ ᱨᱮᱭᱟᱜ ᱦᱚᱭᱦᱤᱸᱥᱤᱫ ᱵᱚᱱᱚᱫᱚᱞ ᱨᱮ ᱛᱤᱜᱩ ᱟᱠᱟᱱᱟ ᱾
जॉनसन की मृत्यु 8 मार्च 2016 को 70 वर्ष की आयु में हुई।	ᱡᱚᱱᱥᱚᱱ ᱫᱚ ᱘ ᱢᱟᱨᱪ, ᱒᱐᱑᱖ ᱨᱮ ᱗᱐ ᱥᱮᱨᱢᱟ ᱩᱢᱮᱨ ᱨᱮᱭ ᱜᱩᱨ ᱞᱮᱱᱟ ᱾
जब घायल लोगों को अस्पताल ले जाया गया, तो करीब 40 दूसरे कैदी जेल में रहे और उन्होंने अपनी कोशिकाओं में वापस आने से इनकार कर दिया ।	ᱚᱠᱟ ᱡᱷᱚᱜ ᱫᱟᱠᱛᱚᱨᱠᱷᱟᱱᱟ ᱤᱫᱤ ᱠᱟᱛᱮ ᱛᱟᱯᱟᱢ ᱠᱚ ᱵᱚᱸᱫ ᱦᱩᱭ ᱮᱱᱟ, ᱛᱚ ᱵᱟᱧᱪᱟᱣ ᱠᱟᱱ ᱔᱐ ᱴᱤ ᱜᱟᱱ ᱮᱴᱟᱜ ᱠᱚᱭᱫᱤ ᱭᱟᱰ ᱨᱮ ᱛᱟᱦᱮᱸ ᱮᱱᱟ ᱠᱚ ᱟᱨ ᱟᱠᱚᱣᱟᱜ ᱵᱤᱵᱷᱟᱜᱽ ᱛᱮ ᱪᱟᱞᱟᱣ ᱠᱚ ᱢᱟᱱᱟ ᱠᱮᱜᱼᱟ᱾
कैसा रहेगा अगर मैं आप सभी को नाश्ते के लिए बाहर ले चलूँ?	ᱤᱧ ᱡᱩᱫᱤ ᱟᱢ ᱥᱮᱛᱟᱜ ᱨᱮᱭᱟᱜ ᱵᱟᱹᱥᱭᱟᱹᱢ ᱞᱟᱹᱜᱤᱫ ᱤᱧ ᱤᱫᱤ ᱢᱮᱭᱟ ᱮᱱᱠᱷᱟᱱ ᱟᱢ ᱪᱮᱫ ᱞᱮᱠᱟᱢ ᱟᱴᱠᱟᱨᱟ ?
हर बार जब मुझे आयकर कार्यालय से कोई ईमेल या पत्र मिलता है, तो मेरा दिल तेजी से धड़कने लगता है कि कहीं वे और पैसे न मांग रहे हों।	ᱡᱚᱠᱷᱚᱱ ᱜᱮ ᱤᱧ ᱢᱤᱫᱴᱟᱝ ᱟᱭ ᱠᱚᱨ ᱚᱯᱷᱤᱥ ᱠᱷᱚᱱ ᱢᱤᱫᱴᱟᱝ ᱤᱼᱢᱮᱞ ᱵᱟᱝᱠᱷᱟᱱ ᱪᱤᱴᱷᱤᱧ ᱧᱟᱢᱼᱟ, ᱩᱱ ᱚᱠᱛᱚ ᱤᱧᱟᱹᱜ ᱢᱚᱱᱮ ᱪᱷᱟᱴᱼᱯᱟᱴᱟᱜᱼᱟ ᱱᱚᱣᱟ ᱩᱭᱦᱟᱹᱨ ᱠᱟᱛᱮ ᱯᱟᱞᱮ ᱟᱨᱚ ᱩᱱᱠᱩ ᱠᱟᱹᱣᱰᱤ ᱠᱚ ᱠᱷᱚᱡ ᱠᱟᱱᱟ ᱾
हमें यह अधिक बार करना चाहिए.	ᱱᱚᱶᱟ ᱟᱵᱚ ᱟᱨᱦᱚᱸ ᱜᱷᱟᱱᱮ ᱜᱷᱟᱱᱮ ᱠᱚᱨᱟᱣ ᱞᱟᱹᱠᱛᱤ ᱠᱟᱱᱟ ᱾
DYS 5 से 17 वर्ष की आयु के बीच के प्रतिभाशाली लोगों की मदद करने वाला एक कार्यक्रम है।	ᱰᱤ ᱳᱣᱟᱭ ᱮᱥ ᱫᱚ ᱢᱤᱫᱴᱟᱝ ᱯᱨᱳᱜᱨᱟᱢ ᱡᱟᱦᱟ ᱫᱚ ᱕ ᱠᱷᱚᱱ ᱑᱗ ᱥᱮᱨᱢᱟ ᱢᱩᱫᱨᱮᱱ ᱜᱟᱹᱠᱷᱩᱲᱟᱱ ᱦᱚᱲᱠᱚᱭ ᱜᱚᱲᱚ ᱟᱠᱚᱣᱟ ᱾
मेरे पास सत्ताईस मुर्गी हैं।	ᱤᱧ ᱴᱷᱮᱱ ᱠᱩᱲᱤ ᱮᱭᱟᱭ ᱜᱚᱴᱟᱝ ᱢᱩᱠᱨᱤ ᱢᱮᱱᱟᱜᱼᱟ ᱠᱚᱣᱟ।
यही एकमात्र खिलाड़ी है जो एशियाई खेलों में 400 मीटर और आम पैसा कमाने वाले खेलों को जीतने के लिए।	ᱩᱱᱤᱜᱮ ᱢᱤᱫ ᱠᱷᱮᱞᱚᱸᱰᱤᱭᱟᱹ ᱠᱟᱱᱟᱭ ᱡᱟᱦᱟᱸᱭᱫᱚ ᱮᱥᱤᱭᱟᱱ ᱜᱮᱢᱥ ᱟᱨ ᱠᱚᱢᱚᱱᱳᱭᱮᱞᱛᱷ ᱜᱮᱢᱥᱨᱮ ᱔᱐᱐ ᱢᱤᱴᱟᱨ ᱨᱮ ᱥᱚᱱᱟᱭ ᱡᱤᱛᱠᱟᱹᱨ ᱞᱮᱱᱟ ᱾
डाउनहिल माउंटेन स्कीइंग स्पर्धा के लिए तैयार होते हुए लक्ष्मी के हाथ कांप उठे।	ᱩᱛᱛᱚᱨᱟᱭ ᱨᱟᱛᱟᱝᱵᱩᱨᱩ ᱥᱠᱤᱭᱤᱝ ᱦᱮᱯᱨᱟᱣ ᱞᱟᱹᱜᱤᱫ ᱛᱷᱟᱨ ᱨᱮ ᱛᱤᱜᱩᱱ ᱚᱠᱛᱚ ᱞᱚᱠᱽᱠᱷᱤᱭᱟᱜ ᱛᱤ ᱛᱷᱟᱨ ᱛᱷᱟᱨᱟᱜ ᱠᱟᱱ ᱛᱟᱦᱮᱸ ᱾
कोयले की खान से पहले, ज हरिया के लोग जंगलों में रहते थे ।	ᱠᱚᱭᱞᱟ ᱠᱷᱟᱸᱫᱽ ᱢᱟᱲᱟᱝᱨᱮ, ᱡᱷᱚᱨᱤᱭᱟ ᱨᱮᱫᱚ ᱩᱯᱚᱡᱟᱹᱛᱤ ᱠᱚᱣᱟᱜ ᱵᱟᱥ ᱛᱟᱸᱦᱮᱠᱟᱱᱟ ᱾
अल-फाराबी को पश्चिमी दुनिया में अल्फाराबियस के नाम से जाना जाता था।	ᱨᱤᱡᱳ ᱫᱚ ᱟᱜᱚᱥᱴ ᱑᱙᱙᱒ ᱥᱟᱞ ᱠᱦᱚᱱ ᱰᱤᱥᱮᱢᱵᱚᱨ ᱦᱟᱹᱵᱤᱡ ᱯᱟᱞᱚᱢᱮᱨᱳ ᱨᱮᱱ ᱢᱮᱭᱚᱨ ᱮ ᱛᱟᱦᱮᱸ ᱠᱟᱱᱟ ᱾
बाहर निकलें	ᱚᱰᱚᱠᱚᱜ ᱢᱮ
इस तरह के पानी की खूबसूरती, नदी के किनारे, पहाड़ी स्टेशन, भू - दृश्‍य - स्थान, भू - दृश्‍य बाग़, भू - दृश्‍य और भू - दृश्‍य, भू - दृश्‍य दौड़, प्राकृतिक सैर, और भी बढ़ जाती है ।	ᱠᱮᱨᱟᱞᱟ ᱨᱮᱭᱟᱜ ᱪᱮᱦᱮᱨᱟᱫᱚ ᱟᱡᱟᱜ ᱱᱤᱡᱷᱩᱢ ᱞᱟᱭᱚᱝ ᱨᱮ ᱢᱮᱱᱟᱜᱼᱟ, ᱴᱟᱭᱚᱢᱨᱮ ᱛᱷᱤᱨ ᱫᱟᱜ, ᱱᱟᱹᱭ ᱟᱲᱮ, ᱵᱩᱨᱩ ᱴᱚᱴᱷᱟ, ᱢᱚᱥᱞᱟ ᱵᱟᱜᱣᱟᱱ, ᱚᱛᱢᱚᱱ ᱟᱨ ᱡᱤᱭᱟᱹᱞᱤ ᱡᱟᱠᱟᱛ, ᱨᱟᱱ ᱨᱮᱦᱮᱫ, ᱞᱟᱹᱣᱠᱟᱹ ᱨᱮᱥ, ᱥᱟᱪᱟᱨᱦᱮᱫ ᱟᱰᱟ ᱟᱨ ᱟᱨᱦᱚᱱ ᱟᱭᱢᱟ ᱠᱤᱪᱷᱤ ᱢᱮᱱᱟᱜᱼᱟ ᱾
अधिकांश अमेरिकियों ने रेडियो पर भाषण सुना।	ᱰᱷᱮᱨᱦᱤᱸᱥ ᱟᱢᱮᱨᱤᱠᱟᱱ ᱫᱚ ᱨᱮᱰᱤᱭᱳ ᱨᱮ ᱨᱚᱲᱚᱜ ᱠᱟᱱᱟᱜ ᱠᱚ ᱟᱸᱡᱚᱢᱟ ᱾
लेकिन, एक ऐसे व्यक्‍ति को वोट देने से छूट दी जाएगी ।	ᱮᱱᱠᱷᱟᱱ, ᱢᱤᱫ ᱵᱚᱦᱚᱜ ᱯᱟᱜᱽᱞᱟ ᱦᱚᱲ ᱫᱚ ᱵᱷᱳᱴ ᱮᱢ ᱠᱷᱚᱱ ᱪᱷᱟᱹᱲ ᱮ ᱧᱟᱢᱼᱟ ᱾
आप अभी अपने चेहरे देखा जाना चाहिए था.	ᱱᱤᱛᱚᱜ ᱟᱢ ᱫᱚ ᱟᱢᱟᱜ ᱢᱮᱫᱽᱦᱟ ᱧᱮᱞ ᱞᱟᱹᱜᱛᱤᱠᱟᱱ ᱛᱟᱢᱟ ᱾
इसके बाद उन्होंने प्रिंसटन यूनिवर्सिटी और नॉर्थवेस्टर्न यूनिवर्सिटी लॉ स्कूल में पढ़ाई की।	ᱚᱱᱟᱛᱟᱭᱚᱢ ᱩᱱᱤ ᱫᱚ ᱯᱨᱤᱱᱥᱴᱚᱱ ᱡᱮᱜᱮᱫᱵᱤᱨᱫᱟᱹᱜᱟᱲᱨᱮ ᱟᱨ ᱱᱚᱨᱛᱷ ᱳᱭᱮᱥᱴᱟᱨᱱ ᱡᱮᱜᱮᱫᱵᱤᱨᱫᱟᱹᱜᱟᱲ ᱨᱮᱭᱟᱜ ᱞᱚ ᱵᱤᱨᱫᱟᱹᱜᱟᱲ ᱨᱮᱭ ᱯᱟᱲᱦᱟᱣ ᱞᱮᱱᱟ ᱾
जीजा में महान पिरामिड, सिर्फ सात चमत्कारों में से एक है जो आज भी मौजूद हैं ।	ᱜᱤᱡᱟ ᱨᱮᱭᱟᱜ ᱢᱟᱦᱟᱱ ᱯᱤᱨᱟᱢᱤᱰ ᱩᱱ ᱮᱭᱟᱭ ᱟᱹᱡᱩᱵᱟ ᱠᱷᱚᱱ ᱢᱤᱫᱴᱟᱹᱝ ᱠᱟᱱᱟ ᱡᱟᱦᱟᱸ ᱫᱚ ᱱᱤᱛ ᱦᱚᱸ ᱛᱤᱸᱜᱩ ᱨᱮ ᱢᱮᱱᱟᱜᱼᱟ᱾
चौवन	ᱢᱚᱬᱮ ᱜᱮᱞ ᱯᱳᱱ
क्या आप मुझे बता सकते हैं कि किन क्षेत्रों के लिए भाषा लाभदायक है?	ᱟᱢ ᱤᱧᱮᱢ ᱞᱟᱹᱭ ᱫᱟᱲᱮ ᱟᱹᱧᱟᱹ ᱚᱠᱟ ᱯᱟᱹᱨᱥᱤ ᱚᱠᱟ ᱴᱷᱟᱶ ᱞᱟᱹᱜᱤᱫ ᱡᱟᱹᱨᱩᱲᱟᱱ ?
एक ३२ मील लंबा, सकेत बाहरी चैनल मोतटो गाँव के पास, बैंगलो खाड़ी से जुड़ता है ।	ᱢᱳᱛᱛᱳ ᱟᱹᱛᱩ ᱨᱮᱭᱟᱜ ᱥᱩᱨᱥᱩᱯᱩᱨ ᱨᱮ ᱢᱤᱫᱴᱟᱝ ᱓᱒ ᱠᱤᱢᱤ ᱡᱮᱞᱮᱧ, ᱥᱟᱠᱲᱟ ᱵᱟᱨᱦᱮ ᱨᱮᱭᱟᱜ ᱱᱟᱹᱭᱼᱰᱟᱦᱟᱨ ᱥᱟᱸᱜᱟᱫᱚᱨᱭᱟ ᱫᱚ ᱵᱚᱝᱜᱚᱯᱚᱥᱟᱜᱚᱨ ᱥᱟᱶᱛᱮᱭ ᱥᱮᱞᱮᱫ ᱟᱠᱟᱫᱟ ᱾
उन्होंने 1969 में एक इंजीनियर के रूप में बोइंग के साथ अपना करियर शुरू किया।	ᱩᱱᱤ ᱫᱚ ᱑᱙᱖᱙ ᱥᱟᱞ ᱨᱮ ᱢᱤᱫᱦᱚᱲ ᱤᱧᱡᱤᱱᱤᱭᱟᱨ ᱞᱮᱠᱟᱛᱮ ᱵᱳᱭᱞᱤᱝ ᱥᱟᱞᱟᱜ ᱟᱭᱟᱜ ᱠᱟᱹᱢᱤᱭᱟᱹ ᱡᱤᱭᱚᱱᱮ ᱮᱛᱚᱦᱚᱵ ᱞᱮᱫᱟ ᱾
जीन एकायू के खिलाफ फैसला एक युद्ध अपराध के रूप में बलात्कार स्थापित किया.	ᱡᱤᱱᱼᱯᱚᱞ ᱟᱠᱟᱭᱮᱥᱩᱨ ᱵᱤᱨᱩᱫ ᱨᱮ ᱨᱟᱭ ᱵᱷᱚᱨᱚᱢ ᱱᱟᱥᱟᱣ ᱫᱚ ᱢᱤᱫᱴᱟᱝ ᱞᱟᱹᱲᱦᱟᱹᱭᱠᱟᱹᱭ ᱦᱤᱥᱟᱹᱵᱛᱮ ᱛᱷᱟᱯᱚᱱ ᱞᱮᱫᱟᱭ ᱾
क्योंकि विद्यार्थी अकसर सबसे नाज़ुक श्रोता होते हैं, ब्लॉग लेखक अपनी आलोचना से बचने के लिए लिखने की कोशिश करने लगता है.	ᱪᱮᱫᱟᱜ ᱥᱮ ᱪᱮᱪᱮᱫᱤᱭᱟᱹ ᱫᱚ ᱡᱷᱚᱛᱚ ᱠᱷᱚᱱ ᱢᱚᱦᱚᱛ ᱫᱚᱨᱥᱚᱠ ᱠᱚ ᱛᱟᱦᱮᱸᱱ ᱠᱟᱱᱟ ᱠᱚ, ᱚᱱᱟ ᱛᱮ ᱵᱞᱚᱜᱽ ᱚᱞ ᱟᱹᱞᱚᱪᱱᱟᱹ ᱠᱷᱚᱱ ᱵᱟᱸᱪᱟᱣ ᱞᱟᱹᱜᱤᱫ ᱚᱞ ᱨᱮ ᱥᱩᱫᱷᱟᱹᱨ ᱞᱟᱹᱜᱤᱫ ᱪᱮᱥᱴᱟ ᱮ ᱮᱛᱦᱚᱵᱼᱟ ᱠᱚ᱾
इसके अलावा, यह भी ज़रूरी है कि कम - से - कम और बीचवाले  गैसों में भारी बदलाव आए ।	ᱞᱟᱛᱟᱨ ᱟᱨ ᱛᱟᱱᱟᱞᱟ ᱴᱨᱚᱯᱳᱥᱯᱷᱤᱭᱟᱨ ᱨᱮ ᱩᱥᱩᱞ ᱟᱱᱟᱜ ᱚᱞᱟᱦᱮᱫ ᱦᱚᱸ ᱦᱚᱭ ᱵᱷᱟᱨᱰᱩ ᱩᱛᱷᱱᱟᱹᱣ ᱞᱟᱹᱜᱤᱫ ᱞᱟᱹᱠᱛᱤᱭᱟ ᱾
रजिस्टर के दौरान माता - पिता या हर पार्टी के समर्थक को मौजूद होना चाहिए ।	ᱴᱷᱟᱲᱚᱭ ᱚᱠᱛᱮ ᱡᱚᱛᱚ ᱜᱟᱫᱮᱞ ᱨᱮᱱ ᱜᱚᱼᱵᱟᱵᱟ ᱥᱮ ᱜᱟᱹᱞᱤᱢ ᱠᱚᱣᱟᱜ ᱥᱮᱴᱮᱨ ᱛᱟᱦᱮᱸᱱ ᱦᱩᱭᱩᱜᱼᱟ ᱾
फिनलैंड में, हर सात या आठ लोगों के लिए एक नाव है ।	ᱯᱷᱤᱱᱞᱮᱸᱰ ᱨᱮ ᱞᱟᱹᱣᱠᱟᱹ ᱥᱟᱜᱟᱲ ᱢᱤᱫ ᱡᱟᱛᱤᱭᱟᱹᱨᱤ ᱚᱠᱛᱚ ᱠᱷᱮᱢᱟᱣ ᱠᱟᱱᱟ, ᱡᱟᱦᱟᱸᱨᱮ ᱮᱭᱟᱭ ᱥᱮ ᱤᱨᱟᱹᱞ ᱦᱚᱲ ᱞᱟᱹᱜᱤᱫ ᱢᱤᱫᱴᱮᱱ ᱞᱟᱹᱣᱠᱟᱹ ᱢᱮᱱᱟᱜᱼᱟ᱾
मुझे यकीन नहीं है कि ऑपरेशन क्या कर रहे हैं।	ᱤᱧᱫᱚ ᱴᱟᱠᱟ ᱳᱰᱳᱠ ᱦᱚᱨᱟ ᱪᱮᱫ ᱞᱮᱠᱟᱱᱟ ᱵᱟᱹᱧ ᱵᱟᱰᱟᱭᱟ ᱾
छी, मैं नाले से गेंद नहीं उठाने वाला। इससे बहुत बदबू आ रही है।	ᱦᱮᱭ, ᱤᱧ ᱫᱚ ᱱᱟᱹᱞᱤ ᱠᱷᱚᱱ ᱵᱚᱞ ᱨᱟᱠᱟᱵ ᱫᱚ ᱵᱟᱹᱧ ᱪᱟᱞᱟᱜ ᱠᱟᱱᱟ ᱾ ᱚᱱᱟ ᱫᱚ ᱟᱹᱰᱤᱜᱮ ᱥᱚ ᱠᱟᱱᱟ ᱾
मैंने सोचा था कि मैं अब तक कक्षा में बैठकर सीख रहा होता, लेकिन अब मैं घर पर फंसा हुआ हूँ और अपने लैपटॉप पर व्याख्यान वीडियो देखने के लिए मजबूर हूँ।	ᱤᱧ ᱫᱚᱧ ᱦᱩᱫᱤᱥ ᱞᱮᱫᱟ ᱤᱧ ᱱᱤᱛᱚᱜ ᱠᱞᱟᱥᱨᱮ ᱫᱩᱲᱩᱵ ᱠᱟᱛᱮᱧ ᱥᱮᱸᱲᱟᱭᱟ, ᱢᱮᱱᱠᱷᱟᱱ ᱱᱤᱛᱚᱜ ᱫᱚ ᱤᱧ ᱚᱲᱟᱜ ᱨᱮᱧ ᱟᱴᱚᱜ ᱟᱠᱟᱱᱟ ᱟᱨ ᱤᱧᱟᱜ ᱞᱮᱯᱴᱚᱯᱨᱮ ᱞᱮᱠᱪᱟᱨ ᱵᱷᱤᱰᱤᱭᱳ ᱧᱮᱞ ᱨᱮᱧ ᱟᱡᱷᱟᱴ ᱟᱠᱟᱱᱟ ᱾
सन्‌ 1819 में खोज किए गए दक्षिणी देश - देश के लोग दावा करते हैं कि वे अलग - अलग देशों से हैं और इसकी सबसे बड़ी आधार है, और सन्‌ 2020 में 16 सक्रिय ।	᱑᱘᱑᱙ ᱨᱮ ᱛᱚᱞᱟᱥ ᱟᱠᱟᱫ ᱫᱟᱠᱷᱤᱱ ᱥᱮᱴᱞᱮᱸᱰ ᱫᱤᱯ ᱞᱟᱹᱠᱛᱤ ᱨᱮ ᱡᱟᱦᱟᱸ ᱫᱤᱥᱚᱢ ᱠᱚ ᱫᱟᱨᱟᱭ ᱛᱮ ᱫᱟᱵᱤ ᱟᱠᱟᱫᱟ ᱟᱨ ᱒᱐᱒᱐ ᱨᱮ ᱜᱮᱞ ᱵᱟᱨ ᱛᱩᱨᱩᱭ ᱥᱚᱠᱪᱷᱚᱢ ᱥᱟᱶᱛᱮ ᱡᱚᱛᱚ ᱠᱷᱚᱱ ᱵᱟᱹᱲᱛᱤ ᱴᱤᱠᱮᱱᱟ ᱢᱮᱱᱟᱜᱼᱟ᱾
वे सब वहाँ से भाग गए जहाँ दुर्घटना हुई थी ।	ᱚᱠᱟ ᱡᱟᱭᱜᱟ ᱨᱮ ᱵᱮᱜᱷᱚᱴᱚᱱ ᱦᱩᱭ ᱞᱮᱱᱟ ᱚᱱᱰᱮ ᱠᱷᱚᱱ ᱡᱷᱚᱛᱚ ᱠᱚ ᱫᱟᱹᱲ ᱠᱮᱫᱼᱟ᱾
क्या सरकार इन लोगों की मदद करती है कि वे अपने घर और ऐशो - आराम की चीज़ों को दोबारा बनाएँ?	ᱥᱚᱨᱠᱟᱨ ᱪᱮᱫ ᱱᱩᱠᱩ ᱦᱚᱲᱠᱚᱣᱟᱜ ᱩᱱᱠᱩᱣᱟᱜ ᱚᱲᱟᱜ ᱫᱩᱣᱟᱹᱨ ᱟᱨ ᱡᱤᱯᱠᱟ ᱟᱹᱨᱩᱨᱩᱣᱟᱹᱲ ᱨᱮ ᱜᱚᱲᱚ ᱮᱢ ᱮᱫᱟᱭ ?
क्या यह नारियल की ऊपरी सतह पर छिड़कता है?	ᱚᱱᱟ ᱪᱮᱛᱟᱱ ᱨᱮᱫᱚ ᱪᱮᱫ ᱱᱟᱹᱲᱠᱚᱞ ᱠᱚ ᱪᱩᱨᱩᱡᱡ ᱟᱜᱼᱟ ?
प्रचार में हिस्सा लेने का एक और तरीका है, सफर के बारे में गहराई से सोचना और भविष्य में होनेवाली क्लासों के अनुभवों पर मनन करना ।	ᱢᱩᱬ ᱠᱟᱭᱛᱮ ᱢᱤᱫᱴᱟᱹᱝ ᱯᱷᱤᱞᱰ ᱴᱨᱤᱯ ᱦᱚᱸ ᱥᱟᱶᱛᱮ ᱦᱟᱹᱴᱤᱧ ᱠᱚᱨᱟᱣ ᱦᱚᱸ ᱴᱨᱤᱯ ᱠᱚ ᱯᱨᱚᱛᱤᱵᱚᱸᱫ ᱞᱟᱹᱜᱤᱫ ᱟᱨ ᱵᱷᱚᱵᱤᱥᱭᱚᱛ ᱨᱮᱭᱟᱜ ᱥᱨᱮᱱᱤᱠᱚ ᱥᱟᱶᱛᱮ ᱟᱹᱱᱟᱹᱭᱠᱟᱹᱣ ᱦᱟᱹᱴᱤᱧ ᱞᱟᱹᱜᱤᱫ ᱢᱤᱫᱴᱟᱹᱝ ᱟᱹᱰᱤ ᱱᱟᱯᱟᱭ ᱦᱚᱨᱟ ᱠᱟᱱᱟI
हाँ, मैं आपकी मदद कैसे कर सकते हैं?	ᱦᱮᱸ ᱪᱮᱫ ᱞᱮᱠᱟᱛᱮ ᱤᱧ ᱜᱚᱲᱚ ᱫᱟᱲᱮᱭᱟᱢᱟ ?
मैंने ये जूते पिछले हफ्ते खरीदे थे और ये अभी से ही फटने लगे हैं (ग्राहक)।	ᱤᱧ ᱪᱟᱞᱟᱣᱮᱱ ᱦᱟᱯᱛᱟ ᱨᱮ ᱱᱚᱶᱟ ᱯᱟᱱᱟᱦᱤᱧ ᱠᱤᱨᱤᱧ ᱟᱠᱟᱫᱟ ᱟᱨ ᱱᱚᱶᱟ ᱠᱤᱱ ᱫᱚ ᱱᱤᱛ ᱛᱮᱜᱮ   ᱵᱷᱮᱜᱟᱨ ᱦᱤᱡᱩᱜ ᱠᱟᱱᱟ (ᱠᱤᱨᱤᱧᱤᱭᱟᱹ)
मैं नूडल्स से प्यार करता हूँ, तो गुरूपा की मेरी सूची में सबसे पहली है उत्तर के बर्तन की कोशिश करने के लिए.	ᱤᱧᱫᱚ ᱱᱩᱰᱚᱞᱥ ᱤᱧ ᱠᱩᱥᱤᱭᱟᱜᱼᱟ, ᱚᱱᱟᱛᱮ ᱩᱛᱛᱟᱹᱨ ᱯᱩᱨᱩᱵ ᱨᱮᱭᱟᱜ ᱡᱚᱢᱟᱜ ᱛᱟᱹᱞᱤᱠᱟᱨᱮ ᱛᱷᱩᱠᱯᱟᱜᱮ ᱞᱟᱦᱟ ᱜᱮᱭᱟ ᱾
उनका करियर 1911 से 1950 में उनकी मृत्यु तक चला।	ᱩᱱᱤᱭᱟᱜ ᱠᱟᱹᱢᱤᱭᱟᱜ ᱡᱤᱭᱚᱱ ᱫᱚ ᱑᱙᱑᱑ ᱠᱷᱚᱱ ᱑᱙᱕᱐ ᱥᱟᱞ ᱨᱮ ᱟᱡᱟᱜ ᱜᱩᱡᱩᱜ ᱦᱟᱹᱵᱤᱡ ᱛᱷᱟᱹᱭᱤ ᱛᱟᱦᱮᱸ ᱠᱟᱱᱟ ᱾
यह भारत के दूसरे उत्तर - पूर्वी राज्य से भिन्‍न है ।	ᱢᱮᱜᱷᱟᱞᱚᱭ ᱨᱮᱭᱟᱜ ᱡᱚᱢᱟᱜ ᱵᱮᱼᱫᱚᱥᱟᱨ ᱟᱨ ᱮᱴᱟᱜ ᱮᱴᱟᱜ ᱩᱛᱛᱚᱨᱯᱩᱨᱩᱵ ᱵᱷᱟᱨᱚᱛᱤᱭᱟᱹ ᱯᱚᱱᱚᱛ ᱠᱷᱚᱱ ᱵᱷᱮᱜᱟᱨ ᱾
गायन मेरा मन शांत बनाता है.	ᱥᱮᱨᱮᱧᱫᱚ ᱤᱧᱟᱹᱜ ᱢᱚᱱᱮ ᱢᱟᱹᱦᱤᱨᱟ ᱾
अलविदा!	ᱵᱤᱫᱟᱹᱭ !
Carcutiine दो अलग उप-जैसे भोजन से मुख्य रूप से बना है, गार्सिलिल और कुमायन, हालांकि उनकी मूल सामग्री एक ही है.	ᱢᱩᱬᱩᱫ ᱞᱟᱹᱠᱛᱤᱭᱟᱱ ᱥᱟᱯᱟᱵ ᱢᱤᱫ ᱦᱩᱭᱞᱮᱱ ᱨᱮᱦᱚᱸ, ᱤᱥᱤᱱᱦᱚᱨᱟ ᱢᱮᱱᱟᱜᱼᱟ ᱜᱟᱲᱳᱣᱟᱞ ᱟᱨ ᱠᱩᱢᱟᱭᱩᱱ ᱨᱮᱭᱟᱜ ᱵᱷᱮᱜᱟᱨ ᱵᱟᱨᱭᱟ'ᱜᱚᱴᱟᱝ ᱥᱟᱸᱜᱟᱼᱴᱚᱴᱷᱟ ᱨᱮᱭᱟᱜ ᱡᱚᱢᱟᱜ ᱾
जिस तरह से फिल्म में कुछ पात्रों और विषयों को चित्रित किया गया है, उससे मुझे घृणा हो रही है। यह पूरी तरह से असंवेदनशील था।	ᱪᱚᱞᱚᱛ ᱪᱤᱛᱟᱹᱨ ᱨᱮ ᱡᱟᱦᱟᱸ ᱞᱮᱠᱟᱛᱮ ᱠᱤᱪᱷᱩᱠ ᱪᱩᱨᱤᱛ ᱟᱨ ᱛᱷᱤᱢ ᱩᱫᱩᱜ ᱦᱩᱭ ᱟᱠᱟᱱᱟ ᱚᱱᱟᱛᱮ ᱤᱧ ᱫᱚ ᱟᱹᱲᱤᱥᱤᱧ ᱵᱩᱡᱷ ᱟᱠᱟᱫᱟ ᱾ ᱱᱚᱣᱟ ᱫᱚ ᱯᱩᱨᱟᱹ ᱜᱮ ᱟᱹᱱᱟᱹᱭᱠᱟᱹᱣᱟᱱᱟᱜ ᱛᱟᱦᱮᱠᱟᱱᱟ ᱾
जून के दौरान चेन्नई में इस तरह की अप्रत्याशित भारी बारिश 1996 के बाद देखी जा रही है।	1996 ᱥᱟᱞ ᱛᱟᱭᱚᱢ ᱡᱩᱱ ᱪᱟᱸᱫᱳ ᱨᱮ ᱪᱮᱱᱱᱟᱭ ᱨᱮ ᱱᱚᱣᱟ ᱞᱮᱠᱟᱱ ᱵᱤᱱᱼᱟᱥᱟᱱ ᱟᱹᱰᱤ ᱡᱷᱚᱢᱚᱨ ᱫᱟᱜ ᱧᱮᱞ ᱧᱟᱢᱚᱜ ᱠᱟᱱᱟ ᱾
हैलो, आप चिंतित लग रहा है, क्या हो रहा है?	ᱦᱮᱞᱳ, ᱟᱢ ᱟᱹᱰᱤ ᱵᱷᱟᱵᱱᱟᱢ ᱧᱮᱞᱚᱜ ᱠᱟᱱᱟ, ᱪᱮᱫ ᱦᱩᱭᱩᱜ ᱠᱟᱱᱟ ?
हाँ, कृपया अंदर आते हैं.	ᱦᱮᱸ, ᱵᱚᱞᱚᱱᱢᱮ ᱾
आम तौर पर आम तौर पर मेहमानों द्वारा खर्च किए गए समय और पैसे के लिए बहुत मेहनत की जाती है ।	ᱠᱮᱱᱥᱚᱱᱤ ᱚᱝᱠᱟ ᱜᱮ ᱯᱮᱲᱟ ᱦᱚᱲ ᱛᱮ ᱠᱷᱚᱨᱚᱪ ᱠᱟᱱ ᱥᱟᱢᱚᱭ ᱟᱨ ᱯᱩᱭᱥᱟᱹ ᱠᱚ ᱰᱷᱮᱨ ᱠᱚᱨᱟᱣ ᱞᱟᱹᱜᱤᱫ ᱟᱭᱢᱟ ᱯᱨᱟᱭᱟᱥ ᱠᱚᱨᱟᱣ ᱛᱮ ᱦᱩᱭᱩᱜ ᱠᱟᱱᱟ᱾ ᱠᱷᱮᱞᱚᱱᱰᱤᱭᱟᱹ ᱟᱨ ᱜᱷᱚᱰᱤᱭᱚ ᱠᱚ ᱚᱝᱠᱟ ᱜᱮ ᱵᱟᱠᱚ ᱛᱟᱦᱮᱸᱱ ᱠᱟᱱᱟ ᱠᱚ, ᱟᱨ ᱵᱟᱦᱨᱮ ᱛᱮ ᱚᱰᱚᱠ ᱢᱩᱥᱠᱤᱞᱚᱜ ᱠᱟᱱᱟ᱾
मुझे गेहूं की बोरी में एक मरा हुआ चूहा मिला।	ᱜᱩᱦᱩᱢ ᱵᱚᱥᱛᱟ ᱨᱮ ᱢᱤᱫᱴᱟᱝ ᱜᱚᱡ ᱪᱩᱴᱧᱟᱹᱧ ᱧᱟᱢ ᱠᱤᱫᱤᱭᱟ ᱾
सभी सॉफ्टवेयर उत्पाद असली हैं इसलिए आपको किसी भी समस्या का सामना नहीं करना चाहिए। क्या आप सुनिश्चित हैं? (कंप्यूटर दुकान मालिक)।	ᱥᱟᱱᱟᱢ ᱥᱳᱯᱷᱴ ᱚᱣᱟᱨ ᱡᱤᱱᱤᱥ ᱜᱮ ᱠᱷᱟᱹᱴᱤᱭᱟ ᱚᱱᱟᱛᱮ ᱟᱢᱟᱜ ᱡᱟᱦᱟᱱ ᱮᱴᱠᱮᱴᱚᱲᱮ ᱨᱮ ᱥᱟᱢᱟᱝᱼᱚᱜ ᱫᱚ ᱵᱟᱝ ᱴᱷᱤᱠᱟ ᱾ ᱟᱢ ᱠᱤᱢ ᱜᱚᱴᱟᱵᱩᱴᱟᱹ ᱟᱠᱟᱱᱟ ? (ᱠᱚᱢᱯᱤᱭᱩᱴᱟᱨ ᱫᱳᱠᱟᱱ ᱨᱮᱱ ᱢᱟᱹᱞᱤᱠ)
उनकी यात्रा के दौरान, मैं कई अवसरों पर परेशान हो गया ।	ᱫᱟᱬᱟᱱ ᱚᱠᱛᱚ, ᱤᱣᱟᱥᱟᱠᱤ ᱟᱭᱢᱟ ᱫᱷᱟᱣ ᱮᱴᱠᱮᱴᱚᱬᱮ ᱨᱮᱭ ᱧᱩᱨ ᱞᱮᱱᱟ᱾
सन्‌ 1750 में शुरू हुआ था ।	ᱦᱮᱢᱵᱚᱞᱰᱚᱱ ᱠᱞᱟᱵ, ᱡᱟᱸᱦᱟᱫᱚ ᱑᱗᱕᱐ ᱥᱟᱹᱦᱤᱛᱨᱮ ᱛᱷᱟᱯᱚᱱ ᱞᱮᱱᱟ, ᱠᱷᱮᱞᱚᱸᱰ ᱨᱮᱭᱟᱜ ᱟᱹᱨᱩᱼᱯᱷᱮᱨᱟᱣᱨᱮ ᱞᱟᱹᱠᱛᱤᱭᱟᱱ ᱮᱱᱮᱢᱮ ᱯᱟᱞᱟᱣ ᱟᱠᱟᱫᱟ ᱾
मैं, और जन्म की तारीख के बारे में क्या?	ᱤᱧ ᱠᱚᱨᱟᱣᱼᱟ, ᱟᱨ ᱡᱟᱱᱟᱢ ᱢᱟᱦᱟ ᱨᱮᱭᱟᱜ ᱠᱟᱛᱷᱟ ᱪᱮᱫ ?
लेकिन इसने कुछ स्तर भी रखे हैं जो अच्छे हैं ।	ᱢᱮᱱᱠᱷᱟᱱ ᱱᱚᱶᱟ ᱠᱤᱪᱷᱤ ᱢᱟᱹᱱᱮ ᱵᱟᱪᱷᱟᱣ ᱮᱫᱟ ᱡᱟᱦᱟᱸᱫᱚ ᱵᱷᱟᱜᱮ ᱜᱮᱭᱟ ᱾
मेरा लैपटॉप ठीक करने के लिए धन्यवाद। अब यह ठीक से काम कर रहा है।	ᱤᱧᱟᱹᱜ ᱞᱮᱯᱴᱚᱯ ᱡᱩᱛ ᱞᱟᱹᱜᱤᱫ ᱟᱢ ᱟᱹᱰᱤ ᱥᱟᱨᱦᱟᱣ ᱾ ᱱᱚᱶᱟ ᱫᱚ ᱱᱤᱛᱚᱜ ᱟᱹᱰᱤ ᱱᱟᱯᱟᱭ ᱮ ᱠᱟᱹᱢᱤ ᱮᱫᱟ ᱾
मुझे टैक्सी चाहिए	ᱤᱧ ᱢᱤᱫ ᱴᱮᱠᱥᱤ ᱞᱟᱹᱠᱛᱤᱭᱟᱹᱧ ᱠᱟᱱᱟ
हर साल दर्जनों यात्री घायल होते हैं क्योंकि उन्होंने सही दूरी नहीं रखी. ये जानवर बड़े, जंगली, और संभावित खतरनाक हैं, तो उन्हें अपनी जगह दे.	ᱡᱷᱚᱛᱚ ᱥᱮᱨᱢᱟ, ᱰᱚᱡᱚᱱ ᱜᱟᱱ ᱧᱮᱧᱮᱞᱤᱭᱟᱹ ᱠᱩᱡ ᱠᱚ ᱠᱷᱟᱹᱢᱟᱹᱨᱤᱜᱼᱟ ᱪᱮᱫᱟᱜ ᱥᱮ ᱩᱱᱠᱩ ᱫᱚ ᱢᱤᱫ ᱴᱷᱟᱹᱣᱠᱟᱹ ᱦᱚᱨ ᱵᱟᱠᱚ ᱫᱚᱦᱚᱭᱟ᱾ ᱱᱩᱠᱩ ᱡᱩᱱᱛᱩ ᱠᱚᱫᱚ ᱢᱟᱨᱟᱝ, ᱵᱤᱨ ᱨᱤᱱ, ᱟᱨ ᱯᱚᱴᱮᱱᱥᱤᱭᱟᱞᱤ ᱵᱚᱛᱚᱨᱟᱱ ᱜᱮᱭᱟ ᱠᱚ, ᱚᱱᱟᱛᱮ ᱩᱱᱠᱩ ᱫᱚ ᱡᱟᱭᱜᱟ ᱮᱢ ᱞᱟᱹᱠᱛᱤ᱾
कई लोगों के बारे में नहीं सोचते... ... वे पंख हैं और उड़ सकते हैं.	ᱟᱭᱢᱟ ᱦᱚᱲ ᱜᱮ ᱩᱱᱠᱩ ᱰᱟᱭᱱᱮᱥᱚᱨ ᱞᱮᱠᱟᱛᱮ ᱵᱟᱝ ᱠᱚ ᱢᱚᱱᱮ ᱠᱚᱣᱟ ᱪᱮᱫᱟᱜ ᱥᱮ ᱩᱱᱠᱩᱣᱟᱜ ᱯᱷᱟᱹᱠᱬᱟᱹᱜ ᱢᱮᱱᱟᱜᱼᱟ ᱟᱨ ᱠᱚ ᱩᱰᱟᱹᱣ ᱫᱟᱲᱮᱭᱟᱜᱼᱟ᱾
मुझे आपको यह सूचित करते हुए खेद हो रहा है कि आपका सामान नहीं आया है।	ᱤᱧ ᱟᱢ ᱱᱚᱶᱟ ᱠᱟᱛᱷᱟ ᱫᱩᱠᱷ ᱥᱟᱞᱟᱜ ᱤᱧ ᱵᱟᱰᱟᱭ ᱦᱚᱪᱚ ᱮᱫ ᱢᱮᱭᱟ  ᱡᱮ ᱟᱢᱟᱜ ᱞᱟᱜᱮᱡᱽ ᱵᱟᱝ ᱦᱮᱡ ᱟᱠᱟᱱᱟ ᱾
मेरे पास पाँच कॉफ़ी हैं।	ᱤᱧ ᱴᱷᱮᱱ ᱢᱚᱬᱮ ᱜᱚᱴᱟᱝ ᱠᱚᱯᱷᱤ ᱢᱮᱱᱟᱜᱼᱟ ᱠᱚᱣᱟ।
क्षेत्र यात्रा किसी भी कक्षा का एक बड़ा भाग है ।	ᱯᱷᱤᱞᱰ ᱴᱨᱤᱯ ᱡᱟᱦᱟᱸ ᱛᱷᱚᱠ ᱨᱮᱭᱟᱜ ᱢᱤᱫᱴᱟᱹᱝ ᱢᱟᱨᱟᱝ ᱦᱟᱹᱴᱤᱧ ᱛᱟᱦᱮᱸᱱᱟ᱾ ᱚᱝᱠᱟ ᱜᱮ ᱢᱤᱫᱴᱟᱹᱝ ᱢᱟᱪᱮᱛ ᱟᱡ ᱨᱤᱱ ᱪᱮᱪᱮᱫᱤᱭᱟᱹ ᱠᱚ ᱱᱚᱠᱟ ᱡᱟᱭᱜᱟ ᱨᱮ ᱤᱫᱤ ᱠᱩᱥᱤᱭᱟᱜᱼᱟᱭ ᱡᱟᱦᱟᱸ ᱨᱮ ᱵᱚᱥ ᱛᱮ ᱫᱟᱬᱟ ᱫᱚ ᱪᱮᱫ ᱵᱟᱪᱷᱟᱣ ᱡᱤᱱᱤᱥ ᱵᱟᱝ ᱛᱟᱦᱮᱸᱱᱟ᱾
मैं उनके कार्यालय के लिए जाना होगा और अधिक पता लगाना होगा.	ᱤᱧ ᱩᱱᱠᱚᱣᱟᱜ ᱚᱯᱷᱤᱥᱨᱮ ᱥᱮᱱᱠᱟᱛᱮ ᱟᱨᱦᱚᱸᱧ ᱵᱟᱰᱟᱭ ᱫᱟᱲᱮᱭᱟᱜᱼᱟ ᱾
मैं आपकी कसरत देखता हूँ और यह मुझे डरा देती है (फिटनेस उम्मीदवार)।	ᱤᱧ ᱫᱚ ᱟᱢᱟᱜ ᱳᱣᱟᱨᱠᱼᱟᱣᱩᱴ ᱤᱧ ᱧᱮᱞ ᱮᱫᱟ ᱟᱨ ᱱᱚᱣᱟ ᱫᱚ ᱤᱧ ᱮ ᱵᱚᱛᱚᱨ ᱚᱪᱚᱭ ᱫᱤᱧ ᱠᱟᱱᱟ (ᱯᱷᱤᱴᱱᱮᱥ ᱞᱮᱠᱟᱛᱮ) ᱾
डि मोडिका का 19 फरवरी 2021 को विटोरिया में 80 वर्ष की आयु में निधन हो गया।	ᱰᱤ ᱢᱳᱰᱤᱠᱟ ᱫᱚ ᱒᱐᱒᱑ ᱥᱟᱞ ᱨᱮᱱᱟᱜ ᱑᱙ ᱯᱷᱮᱵᱨᱟᱨᱤ ᱵᱷᱤᱠᱴᱳᱨᱤᱭᱟ ᱨᱮ ᱘᱐ ᱥᱮᱨᱢᱟ ᱩᱢᱮᱨ ᱨᱮᱭ ᱜᱚᱡ ᱞᱮᱱᱟ ᱾
वैसे भी, आप वास्तव में इस सप्ताहांत मुक्त कर रहे हैं?	ᱡᱟᱦᱟᱸᱭᱮᱱᱜᱮ, ᱥᱟᱹᱨᱤᱜᱮ ᱱᱤᱭᱟᱹ ᱦᱟᱯᱛᱟ ᱟᱢ ᱪᱮᱫᱦᱚᱸ ᱵᱟᱢ ᱪᱤᱠᱟᱹᱭᱮᱫᱟ ?
उनका मानना था कि जर्मन महिलाएँ सुजननिकी (eugenics) और जबरन नसबंदी का उपयोग करके नस्ल में सुधार कर सकती हैं।	ᱩᱱᱤᱭ ᱯᱟᱹᱛᱭᱟᱹᱜ ᱛᱟᱦᱮᱸ ᱡᱮ ᱡᱟᱨᱢᱟᱱ ᱨᱮᱱ ᱛᱤᱨᱞᱟᱹ ᱠᱚ ᱤᱭᱩᱡᱮᱱᱤᱥᱠ ᱟᱨ ᱡᱳᱨ ᱠᱟᱛᱮ ᱵᱚᱱᱫᱷᱟᱠᱚᱨᱚᱱ ᱵᱮᱣᱦᱟᱨ ᱠᱟᱛᱮ ᱡᱟᱹᱛᱤ ᱠᱚ ᱩᱛᱱᱟᱹᱣ ᱫᱟᱲᱮᱭᱟᱜᱼᱟ ᱾
ज़रूर.	ᱮᱠᱟᱞᱜᱮ ᱾
मुझे दुख है कि मेरी पसंदीदा टीम आज अच्छा नहीं खेल रही है।	ᱤᱧ ᱫᱩᱠᱷᱤᱧ ᱥᱚᱫᱚᱨᱮᱫᱟ ᱡᱮ ᱤᱧᱨᱮᱱ ᱠᱩᱥᱤᱭᱟᱱ ᱫᱚᱞ ᱫᱚ ᱵᱷᱟᱜᱮ ᱵᱟᱝᱠᱚ ᱠᱷᱮᱞ ᱮᱫᱟ ᱾
मेरे पास चौंतीस पेंसिल हैं।	ᱤᱧ ᱴᱷᱮᱱ ᱯᱮ ᱜᱮᱞ ᱯᱳᱱ ᱜᱚᱴᱟᱝ ᱯᱮᱱᱥᱤᱞ ᱢᱮᱱᱟᱜᱼᱟ ᱠᱚᱣᱟ।
उस वक्‍त भारत के बड़े - बड़े जीव - जंतुओं ने यह हुक्म दिया कि जिस तरह शेर को जानवर ले जा रहा था, उसी तरह जानवरों को शिकार करने का हुक्म दिया जाए ।	ᱛᱟᱹᱨᱩᱵ ᱫᱚ ᱡᱤᱣᱮᱫᱽ ᱟᱹᱥᱩᱞ ᱡᱤᱭᱟᱹᱞᱤᱭ ᱟᱹᱛᱠᱤᱨᱠᱮᱫᱮ ᱠᱷᱟᱹᱛᱤᱨ ᱡᱩᱢᱤᱫ ᱫᱟᱯᱟᱨᱟᱢ ᱮᱛᱚᱦᱚᱯᱮᱱ ᱠᱷᱟᱹᱛᱤᱨ ᱠᱮᱨᱚᱞᱨᱮᱱ ᱢᱩᱰᱩᱛ ᱵᱤᱨᱡᱤᱭᱟᱹᱞᱤ ᱧᱮᱞᱡᱚᱛᱱᱟᱣᱤᱡᱽ ᱫᱚ ᱡᱟᱱᱣᱟᱨᱴᱟᱜ ᱥᱮᱸᱫᱨᱟᱭᱤ ᱨᱮᱭᱟᱜ ᱦᱩᱠᱩᱢᱮ ᱮᱢᱠᱮᱫᱟ ᱾
मेरे पास पाँच तेल हैं।	ᱤᱧ ᱴᱷᱮᱱ ᱢᱚᱬᱮ ᱜᱚᱴᱟᱝ ᱛᱮᱞ ᱢᱮᱱᱟᱜᱼᱟ ᱠᱚᱣᱟ।
यह डायरेक्टएक्स 10 की सभी विशेषताओं का उपयोग करने वाला पहला गेम है।	ᱰᱟᱭᱨᱮᱠᱴ ᱮᱠᱥ ᱑᱐ ᱨᱮᱭᱟᱜ ᱡᱚᱛᱚ ᱩᱨᱜᱟᱹᱱ ᱵᱮᱵᱚᱦᱟᱨ ᱟᱠᱟᱱ ᱱᱚᱣᱟ ᱜᱮ ᱯᱟᱹᱦᱤᱞ ᱜᱮᱢ ᱾
मैंने बीमा प्रतिपूर्ति के लिए सभी डॉक्टरों और कार्यालय कर्मचारियों की मदद लेने की कोशिश की। लेकिन उन्होंने मेरी कोई मदद नहीं की।	ᱤᱧ ᱵᱤᱢᱟ ᱦᱟᱞᱟᱭ ᱞᱟᱹᱜᱤᱫ ᱥᱟᱱᱟᱢ ᱰᱟᱠᱛᱟᱨ ᱟᱨ ᱚᱯᱷᱤᱥ ᱨᱮᱱ ᱠᱟᱹᱢᱤᱭᱟᱹ ᱠᱚᱣᱟᱜ ᱜᱚᱲᱚ ᱧᱟᱢ ᱨᱮᱭᱟᱜ ᱤᱧ ᱨᱤᱠᱟᱹ ᱞᱮᱫᱟ ᱾ ᱢᱮᱱᱠᱷᱟᱱ ᱩᱱᱠᱩ ᱫᱚ ᱤᱧ ᱜᱚᱲᱚ ᱵᱟᱝ ᱠᱚ ᱮᱢ ᱟᱠᱟᱫᱤᱧᱟ ᱾
क्या तुमने इस साल को देखा है Wanlania?	ᱱᱤᱭᱟᱹ ᱥᱮᱨᱢᱟ ᱨᱮᱭᱟᱜ ᱨᱮᱥᱚᱞᱢᱮᱱᱤᱭᱟ ᱟᱢᱮᱢ ᱧᱮᱞ ᱟᱠᱟᱫᱟ ?
पिता और पुत्र ने कई वर्षों तक एक-दूसरे से बात नहीं की।	ᱟᱯᱟ ᱟᱨ ᱦᱚᱯᱚᱱ ᱵᱮᱥ ᱠᱤᱪᱷᱩ ᱥᱮᱨᱢᱟ ᱫᱷᱩᱨᱭᱟᱹ ᱢᱤᱫᱦᱚᱲᱼ ᱟᱨ ᱢᱤᱫᱦᱚᱲ ᱥᱟᱞᱟᱜ ᱵᱟᱠᱤᱱ ᱨᱚᱲ ᱠᱟᱱᱟ ᱾
शालिनी, तुम मेरा टैक्स भरना क्यों भूल गईं? मैंने तुम्हें कल ही ऐसा करने के लिए कहा था।	ᱥᱟᱞᱤᱱᱤ, ᱟᱢ ᱫᱚ ᱪᱮᱫᱟᱜ ᱤᱧᱟᱜ ᱴᱮᱠᱥ ᱡᱚᱢᱟᱭᱮᱢ ᱦᱟᱹᱲᱤᱧ ᱠᱮᱫᱟ ? ᱤᱧ ᱫᱚ ᱟᱢ ᱦᱚᱞᱟᱜᱮ ᱠᱚᱨᱟᱣᱤᱧ ᱢᱮᱱ ᱟᱠᱟᱫ ᱢᱮᱭᱟ ᱾
हाँ, इस क्षेत्र में नौकरी संभावनाएं आशा कर रहे हैं.	ᱦᱮᱸ, ᱱᱤᱭᱟᱹ ᱠᱷᱮᱛᱨᱚᱨᱮ ᱪᱟᱹᱠᱨᱤ ᱨᱮᱭᱟᱜᱽ ᱦᱩᱭᱫᱟᱲᱮᱭᱟᱱᱟᱜᱽ ᱫᱚ ᱟᱥᱟᱞᱮᱠᱟᱱᱟᱜᱽ ᱜᱤ ᱾
इस बीमारी का पता लगाने के लिए ज़रूरी है कि आप अपने शरीर की जाँच - परख करें ।	ᱚᱱᱛᱚᱨ ᱵᱤᱥ ᱠᱟᱹᱢᱤ ᱥᱚᱸᱜᱮ ᱛᱮ ᱵᱟᱝ ᱵᱩᱡᱷᱟᱹᱣ ᱜᱚᱫᱚᱜᱼᱟ᱾ ᱵᱮᱜ ᱞᱮᱠᱟᱱ ᱞᱚᱠᱠᱷᱚᱱ ᱟᱹᱰᱤ ᱥᱟᱫᱷᱟᱨᱚᱱ ᱜᱮᱭᱟ ᱚᱱᱟᱛᱮ ᱥᱚᱸᱜᱮ~ᱥᱚᱸᱜᱮ ᱛᱮ ᱨᱩᱣᱟᱹ ᱵᱟᱝ ᱵᱩᱡᱷᱟᱹᱜᱼᱟ᱾
मैं मदद से किया गया है खुश हूँ.	ᱜᱚᱲᱚᱫᱟᱲᱮᱭᱟᱫᱽᱯᱮᱛᱮ ᱠᱩᱥᱤᱧ ᱵᱩᱡᱷᱮᱫᱟ ᱾
वियतनामी साम्राज्य के बाद से यातना शिविर में यातना शिविरों का डर माना गया है ।	ᱠᱷᱚᱢᱮᱨ ᱨᱟᱡᱽᱯᱟᱴ ᱨᱮᱭᱟᱜ ᱚᱠᱛᱚ ᱠᱷᱚᱱᱜᱮ ᱠᱚᱢᱵᱳᱰᱤᱭᱟᱨᱮ ᱜᱟᱝᱜᱟᱫᱚ ᱢᱟᱹᱱ ᱮᱢ ᱦᱩᱭᱩᱜ ᱠᱟᱱ ᱛᱟᱸᱦᱮᱜ ᱾
सन्‌ 135 में एथेन की नींव होने के बाद से दूर - दराज़ के लोग अपनी संस्कृति और पहचान के बारे में बहुत कुछ सीख पाए हैं ।	᱑᱕᱓᱗ ᱨᱮ ᱚᱥᱩᱱᱥᱤᱱ ᱨᱮᱭᱟᱜ ᱵᱩᱱᱤᱭᱟᱹᱫ ᱦᱩᱭ ᱠᱟᱛᱮ, ᱯᱟᱨᱟᱜᱩᱣᱮ ᱫᱚ ᱟᱡᱟᱜ ᱥᱣᱚᱫᱮᱥᱤ ᱪᱚᱨᱤᱛᱨᱚ ᱟᱨ ᱪᱤᱱᱦᱟᱹᱯ ᱠᱚ ᱫᱚᱦᱚ ᱨᱮ ᱡᱚᱣᱟᱝ ᱠᱟᱱᱟᱭ᱾
मेरे पास दस अमरूद हैं।	ᱤᱧ ᱴᱷᱮᱱ ᱜᱮᱞ ᱜᱚᱴᱟᱝ ᱟᱢᱨᱩᱫ ᱢᱮᱱᱟᱜᱼᱟ ᱠᱚᱣᱟ।
मैं एक टीवी कार्यक्रम देख रहा था जब बिजली चली गई और मैंने आह भरी क्योंकि मेरा अंत छूट गया।	ᱤᱧ ᱢᱤᱫᱴᱟᱝ ᱴᱤᱵᱷᱤ ᱯᱨᱳᱜᱨᱟᱢᱤᱧ ᱧᱮᱞᱮᱫ ᱠᱟᱱ ᱛᱟᱦᱮᱸ ᱡᱚᱠᱷᱚᱱ ᱵᱤᱡᱽᱞᱤ ᱪᱟᱞᱟᱣ ᱮᱱᱟ ᱟᱨ ᱡᱮᱞᱮᱧ ᱧᱚᱜᱼᱤᱧ ᱥᱟᱦᱮᱫ ᱠᱮᱫᱟ ᱚᱡᱮᱫᱚ ᱤᱧ ᱢᱩᱪᱟᱹᱫ ᱛᱮᱫ ᱫᱩᱧ ᱢᱤᱥ ᱠᱮᱫᱟ ᱾
इसके अतिरिक्‍त, इसे अलग प्रकार से घोषित करने का निश्‍चित कीजिए: कारओ का अर्थ है प्रिय, जबकि काररो का अर्थ रथ है ।	ᱟᱨᱦᱚᱸ, r ᱟᱨ rr ᱠᱤᱱ ᱡᱩᱫᱟᱹᱼᱡᱩᱫᱟᱹ ᱯᱩᱥᱴᱟᱹᱣ ᱠᱤᱱ ᱨᱮᱭᱟᱜ ᱱᱤᱥᱪᱤᱛ ᱢᱟ: ᱠᱟᱨᱳ ᱨᱮᱭᱟᱜ ᱢᱮᱱᱮᱛ ᱫᱚ ᱫᱩᱞᱟᱹᱲ, ᱡᱟᱦᱟᱸᱨᱮ ᱠᱟᱨᱨᱳ ᱨᱮᱭᱟᱜ ᱢᱮᱱᱮᱛ ᱫᱚ ᱨᱟᱛᱷ ᱠᱟᱱᱟ᱾
आपका दिन शुभ हो	ᱟᱢᱟᱜ ᱫᱤᱱ ᱱᱟᱯᱟᱭ ᱛᱟᱦᱮᱱ ᱢᱟ
वह याद किए जाने और स्वीकार किए जाने के लिए उत्सुक थे।	ᱩᱱᱤ ᱫᱚ ᱩᱭᱦᱟᱹᱨ ᱫᱚᱦᱚᱭ ᱞᱟᱹᱜᱤᱫ ᱟᱨ ᱢᱟᱱᱟᱣᱼᱵᱟᱛᱟᱣ ᱞᱟᱹᱜᱤᱫ ᱪᱤᱱᱛᱟᱹ ᱨᱮᱭ ᱛᱟᱦᱮᱸ ᱠᱟᱱᱟ ᱾
लेकिन, इन योजनाओं को लगभग रात के समय बंद कर दिया गया था, जब सोवियत संघ की सेना से 800,00,000 से अधिक सैनिकों ने प्रवेश किया और पोलैंड के पूर्वी भागों पर हमला करने के बाद बेलारूसी और यूक्रेन के सामने खड़ेों को बनाया।	ᱡᱟᱭᱦᱚ, ᱱᱚᱶᱟ ᱯᱚᱱᱛᱷᱟ ᱠᱚ ᱠᱚᱢ ᱥᱮ ᱠᱚᱢ ᱧᱤᱸᱫᱟ ᱵᱷᱤᱛᱨᱤ ᱚᱯᱨᱟᱪᱟᱞᱤᱛ ᱠᱚᱨᱟᱣ ᱞᱮᱱᱟ, ᱡᱚᱠᱷᱚᱱ ᱥᱚᱵᱤᱭᱟᱛ ᱭᱩᱱᱤᱭᱚᱱ ᱨᱤᱱ ᱟᱨᱟᱜ ᱯᱷᱟᱹᱫᱽ ᱘᱐᱐,᱐᱐᱐ ᱠᱷᱚᱱ ᱡᱟᱹᱥᱛᱤ ᱥᱮᱱᱤᱠ ᱠᱚ ᱨᱤᱜᱟ ᱥᱟᱸᱛᱤ ᱥᱟᱸᱫᱷᱤ, ᱥᱚᱵᱤᱭᱟᱛ ᱼ ᱯᱚᱞᱤᱥ ᱜᱮᱨ ᱚᱠᱨᱚᱢᱠᱟᱛᱟ ᱟᱜ ᱩᱞᱟᱸᱜᱷᱟᱱ ᱨᱮ ᱯᱚᱞᱮᱸᱰ ᱨᱮᱱᱟᱝ ᱥᱟᱢᱟᱝ ᱴᱚᱴᱷᱟ ᱨᱮ ᱚᱠᱨᱚᱢᱚᱬ ᱛᱟᱭᱚᱢ ᱵᱮᱞᱟᱛᱩᱥᱤ ᱟᱨ ᱭᱩᱠᱨᱮᱱᱤ ᱢᱚᱨᱪᱟ ᱨᱮ ᱵᱚᱞᱚ ᱠᱟᱛᱮ ᱟᱨ ᱵᱮᱱᱟᱣ ᱠᱮᱫᱟ᱾ ᱥᱟᱸᱫᱷᱤ ᱟᱨ ᱮᱴᱟᱜ ᱡᱮᱜᱮᱛᱟᱨᱤ ᱥᱟᱸᱫᱷᱤ ᱠᱚ, ᱵᱟᱱᱟᱨ ᱜᱮ ᱵᱟᱭᱞᱟᱴᱮᱨᱞ ᱟᱨ ᱢᱟᱞᱴᱤᱞᱟᱴᱮᱨᱟᱞ᱾
16वीं शताब्दी के बाद से धीरे-धीरे लिनन का उत्पादन स्थापित हुआ।	᱑᱖ ᱥᱟᱭᱟᱱ ᱥᱮᱫ ᱠᱷᱚᱱ ᱞᱤᱱᱮᱱ ᱥᱤᱨᱡᱟᱹᱣ ᱫᱚ ᱵᱟᱹᱭ ᱵᱟᱹᱭᱛᱮ ᱠᱮᱴᱮᱡ ᱨᱟᱟᱠᱟᱵ ᱞᱮᱱᱟ ᱾
वे कहते हैं कि ये गोल - पत्थर एक - न - एक - एक - एक - एक होते हैं ।	ᱦᱟᱭᱰᱨᱚᱡᱟᱱ ᱟᱭᱟᱱ ᱛᱚᱵᱮ ᱦᱩᱭᱩᱜᱼᱟ ᱡᱚᱠᱷᱚᱱ ᱚᱱᱟ ᱨᱮᱱᱟᱜ ᱤᱞᱤᱠᱴᱨᱚᱱ ᱚᱰᱚᱜ ᱮᱫ ᱛᱟᱦᱮᱱᱟ᱾ (ᱧᱮᱞ ᱞᱮᱠᱟᱛᱮ ᱦᱟᱭᱰᱨᱚᱡᱟᱱ ᱟᱬᱩ ᱨᱮ ᱢᱤᱫᱴᱟᱝ ᱯᱨᱚᱴᱨᱚᱱ ᱟᱨ ᱢᱤᱫᱴᱟᱝ ᱤᱞᱮᱠᱴᱨᱚᱱ ᱛᱟᱦᱮᱱ ᱠᱟᱱᱟ)
30 सितंबर को, ब्रिटिश प्रशासकों ने कैमरून और फ्रांसीसी सरकार को छोड़ दिया।	᱓᱐ ᱥᱮᱯᱴᱮᱢᱵᱚᱨ, ᱵᱨᱤᱴᱤᱥ ᱯᱨᱚᱥᱟᱥᱚᱠ ᱠᱚ ᱠᱮᱹᱢᱨᱩᱱ ᱟᱨ ᱯᱷᱚᱨᱟᱥᱤ ᱥᱚᱨᱠᱟᱨ ᱟᱲᱟᱜ ᱜᱤᱰᱤ ᱠᱟᱛᱮ ᱠᱚ ᱪᱟᱞᱟᱜᱼᱟ ᱾
कृपया अपनी वेबसाइट को विवरण हेतु देखें.	ᱵᱤᱪᱷᱱᱟᱹᱣᱛᱮ ᱵᱟᱰᱟᱭ ᱞᱟᱹᱜᱤᱫ ᱩᱱᱠᱩᱣᱟᱜ ᱳᱭᱮᱵᱥᱟᱭᱤᱴ ᱧᱮᱞᱢᱮ ᱾
भारत का समर्थन सरकार और अफगानिस्तान के लोगों की जरूरतों और प्राथमिकताओं द्वारा निर्देशित किया जाता है; गतिविधियों Afgananican सरकार के साथ साझेदारी में काम कर रहे हैं, और परियोजनाएं क्षेत्रों के एक विस्तृत क्षेत्र में भेज रहे हैं.	ᱵᱷᱟᱨᱚᱛ ᱟᱜ ᱜᱚᱲᱚ ᱫᱚ ᱥᱚᱨᱠᱟᱨ ᱟᱨ ᱟᱯᱷᱜᱟᱱᱤᱥᱛᱟᱱ ᱨᱮᱱ ᱦᱚᱲ ᱠᱚᱣᱟᱜ ᱪᱟᱹᱦᱤᱫᱟ ᱟᱨ ᱞᱟᱦᱟᱨᱮ ᱟᱹᱭᱫᱟᱹᱨ ᱫᱟᱨᱟᱭᱛᱮ ᱪᱟᱪᱞᱟᱼᱟ; ᱟᱯᱷᱜᱟᱱᱤᱥᱛᱷᱟᱱ ᱥᱚᱨᱠᱟᱨ ᱥᱟᱶᱛᱮ ᱵᱷᱟᱹᱜᱤᱫᱟᱨᱛᱮ ᱠᱟᱹᱢᱤᱦᱚᱨᱟ ᱪᱟᱞᱟᱜᱼᱟ ᱟᱨ ᱯᱟᱱᱛᱷᱟᱠᱚ ᱟᱯᱷᱜᱟᱱᱤᱥᱛᱟᱱ ᱥᱟᱶᱛᱮ ᱢᱟᱨᱟᱝ ᱡᱟᱭᱜᱟᱛᱮ ᱯᱟᱥᱱᱟᱣᱼᱟ ᱾
चावल के बारे में क्या?	ᱢᱟᱸᱫ ᱴᱷᱚᱞᱟᱜ ᱨᱮᱭᱟᱜ ᱫᱟᱠᱟ ᱪᱮᱫ ᱞᱮᱠᱟᱱᱟ ?
मेरे पास सात चावल हैं।	ᱤᱧ ᱴᱷᱮᱱ ᱮᱭᱟᱭ ᱜᱚᱴᱟᱝ ᱪᱟᱣᱞ ᱢᱮᱱᱟᱜᱼᱟ ᱠᱚᱣᱟ।
वह आदमी बिना नहाए ही मंच पर प्रस्तुति देने चला गया।	ᱩᱱᱤ ᱦᱚᱲ ᱫᱚ ᱵᱟᱝ ᱛᱚᱯᱚᱱᱟᱛᱮ ᱜᱮ ᱩᱥᱩᱞ ᱯᱤᱸᱰᱟᱹ ᱨᱮ ᱯᱟᱴᱷ ᱞᱟᱹᱜᱤᱫᱼᱮ ᱪᱟᱞᱟᱣ ᱞᱮᱱᱟ ᱾
हम सबसे अच्छा गीत सुनो... ... मैं कल रात बनाया.	ᱦᱚᱞᱟ ᱧᱤᱫᱟᱹ ᱤᱧᱤᱧ ᱥᱮᱴ ᱟᱠᱟᱫ ᱥᱮᱨᱮᱧ ᱞᱟᱝ ᱟᱸᱡᱚᱢᱟ ᱾
पहला भूत 'घोस्ट ऑफ क्रिसमस पास्ट' (बीते हुए क्रिसमस का भूत) है।	ᱯᱳᱭᱞᱳ ᱵᱷᱩᱛ ᱫᱚᱭ ᱦᱩᱭᱩᱜ ᱠᱟᱱᱟ ᱠᱨᱤᱥᱢᱟᱥ ᱯᱟᱥᱴ ᱨᱮᱱ ᱵᱷᱩᱛ ᱾
हम ने पहले ही देखा है कि माँ कैसे एक संरक्षक बनना चाहती थी और यह कैसे कार्यात्मक रूप से नियुक्‍त किया गया ।	ᱟᱵᱳ ᱤᱱᱟᱹ ᱢᱩᱫ ᱨᱮᱜᱮ ᱵᱚ ᱧᱮᱞ ᱟᱠᱟᱫᱟ ᱫᱷᱟᱹᱨᱛᱤ ᱟᱭᱳ ᱪᱮᱫ ᱞᱮᱠᱟ ᱢᱤᱫ ᱨᱩᱠᱷᱤᱭᱟᱹᱣᱤᱡ ᱵᱟᱦᱟᱞᱮ ᱠᱷᱚᱡᱞᱮᱫᱟ ᱟᱨ ᱪᱮᱫ ᱞᱮᱠᱟ ᱠᱟᱛᱮᱜ ᱡᱚᱨᱟᱛᱨᱩᱥᱴᱨᱚ ᱵᱟᱦᱟᱞ ᱦᱩᱭᱞᱮᱱᱟ ᱾
मेरे पास पंद्रह मेज़ हैं।	ᱤᱧ ᱴᱷᱮᱱ ᱜᱮᱞ ᱢᱚᱬᱮ ᱜᱚᱴᱟᱝ ᱴᱮᱵᱩᱞ ᱢᱮᱱᱟᱜᱼᱟ ᱠᱚᱣᱟ।
"पवन" निशान एक वी और "नीचे निशान" की तरह दिखता है जैसे कि एक पॉपअप या एक वर्ग इसके नीचे की ओर लापता है.	ᱪᱮᱛᱟᱱ ᱟᱜᱥᱟᱨ ᱪᱤᱱᱦᱟᱹ ᱢᱤᱫ ᱨᱚᱠᱚᱢ ᱵᱷᱤ ᱞᱮᱠᱟ ᱧᱮᱞᱚᱜ ᱠᱟᱱᱟ ᱟᱨ "ᱞᱟᱛᱟᱨ ᱟᱜᱥᱟᱨ ᱪᱤᱱᱦᱟᱹ" ᱢᱤᱫᱴᱟᱝ ᱥᱴᱮᱯᱚᱞ ᱞᱮᱠᱟ ᱟᱨᱵᱟᱝ ᱢᱤᱫᱴᱟᱝ ᱪᱟᱹᱣᱠᱟᱹ ᱞᱮᱠᱟ ᱞᱟᱛᱟᱨ ᱦᱟᱹᱴᱤᱧ ᱞᱟᱛᱟᱨ ᱦᱟᱹᱴᱤᱧ ᱵᱟᱹᱱᱩᱜᱼᱟ᱾
नहीं सर, वे नहीं होगा.	ᱵᱟᱝ ᱜᱚᱝᱠᱮ, ᱢᱵᱟᱝᱠᱩ ᱠᱟᱹᱢᱤᱭᱟ ᱾
केमर ईर ईर अल द्वारा शिक्षकों का एक अध्ययन ने पाया कि सर्वेक्षण के दौरान 25% निजी शिक्षक और 40 प्रतिशत चिकित्सा कर्मचारियों के संपर्क में थे।	ᱠᱨᱮᱢᱟᱨ ᱮᱴ ᱚᱞ ᱨᱮᱱ ᱢᱟᱪᱮᱫᱠᱚ ᱪᱮᱛᱟᱱ ᱢᱤᱫᱴᱟᱝ ᱠᱷᱚᱫᱽᱨᱚᱸᱱ ᱠᱟᱛᱮ ᱧᱟᱢ ᱟᱠᱟᱱᱟ ᱡᱮ, ᱥᱚᱢᱤᱠᱷᱟ ᱚᱠᱛᱮ ᱒᱕ ᱥᱟᱭᱦᱤᱸᱥ ᱵᱮᱥᱚᱨᱠᱟᱨ ᱟᱱᱟᱜ ᱠᱷᱟᱛ ᱨᱮ ᱢᱟᱪᱮᱫ ᱟᱨ ᱔᱐ ᱥᱟᱭᱦᱤᱸᱥ ᱥᱚᱨᱠᱟᱨᱤ ᱠᱷᱟᱛ ᱨᱮᱭᱟᱜ ᱛᱤᱠᱠᱷᱤᱥᱟ ᱠᱟᱹᱢᱤᱭᱟᱹ ᱠᱚ ᱵᱮᱼᱦᱟᱹᱡᱤᱨ ᱠᱚ ᱛᱟᱦᱮᱸ ᱠᱟᱱᱟ ᱾
अस्पताल में भर्ती होने की वजह से अस्पताल में भर्ती होने के बाद तनाव आसानी से कम हो जाता है ।	ᱯᱩᱭᱥᱟ ᱵᱮᱜᱚᱨᱛᱮ ᱦᱟᱥᱯᱟᱛᱟᱞᱨᱮ ᱵᱷᱩᱨᱛᱤ ᱨᱮᱭᱟᱜ ᱥᱩᱵᱤᱫᱟ ᱦᱟᱥᱯᱟᱛᱟᱞᱨᱮ ᱵᱷᱩᱨᱛᱤᱜ ᱨᱮᱭᱟᱜ ᱟᱡᱦᱟᱴᱮ ᱠᱚᱢᱟᱼᱟ ᱾
28 दिसंबर, 2010 को गैर-सरकारी संगठन की स्थापना हुई, जो शिक्षा से हिलने के लिए कृषक रफ़ल (Cacirver Avenler Aver Aver Avenlalllalllllllalllllanlanl) के लिए एक पत्र लिखा, भूतपूर्व HRS मंत्री आर. के माध्यम से नेतृत्व, एक पैनल, एक विशेष दृश्‍य, एक विशेष दृश्‍य के बारे में बताते हैं, जहाँ कर्ता की अगुवाई करते हैं.	᱒᱐᱑᱐ ᱨᱮᱭᱟᱜ ᱒᱘ ᱰᱤᱥᱮᱢᱵᱚᱨ ᱠᱳᱭᱟᱞᱤᱥᱚᱱ ᱴᱩ ᱟᱯᱨᱩᱴ ᱨᱮᱜᱤᱝ ᱯᱷᱚᱨᱢ ᱮᱰᱩᱠᱮᱥᱚᱱ (ᱠᱤᱣᱚᱨ) ᱧᱩᱛᱩᱢᱟᱱ ᱵᱮᱥᱚᱨᱵᱟᱨ ᱜᱟᱶᱛᱟ ᱨᱮᱱ ᱥᱚᱦᱮᱫᱼᱛᱷᱟᱯᱚᱱᱤᱭᱟᱹ ᱦᱚᱨᱥᱚ ᱟᱜᱟᱣᱚᱨᱳᱣᱟᱞ ᱢᱤᱫᱴᱟᱝ ᱴᱷᱤᱠᱟᱹᱱ ᱧᱮᱱᱮᱞᱚᱢ ᱚᱜᱨᱚᱡᱠᱚ ᱫᱟᱨᱟᱭ ᱛᱮ ᱢᱩᱲᱩᱫ ᱚᱵᱷᱤᱱᱮᱛᱟᱠᱚ ᱨᱮᱜᱤᱝ ᱱᱤᱭᱟᱹ ᱨᱟᱸᱜᱟᱣ ᱨᱮᱭᱟᱜ ᱵᱚᱨᱱᱚᱱ ᱛᱮ ᱢᱟᱨᱮᱱ ᱮᱭᱤᱪᱹᱟᱨᱹᱰᱤ ᱢᱚᱱᱛᱨᱤ ᱟᱨᱹᱠᱮᱹᱨᱟᱜᱷᱚᱵᱚᱱ ᱟᱜ ᱟᱹᱭᱩᱨᱛᱮ ᱢᱤᱫᱴᱟᱝ ᱯᱮᱱᱮᱞ, ᱨᱟᱜᱷᱚᱵᱚᱱ ᱠᱩᱢᱩᱴ ᱫᱚ ᱢᱤᱫᱴᱟᱝ ᱵᱮᱣᱨᱟᱭ ᱚᱞ ᱟᱫᱮᱭᱟ ᱾
आप सभी दस्तावेज़ों को मिल जाएगा.	ᱟᱢ ᱛᱟᱞᱤᱠᱟ ᱥᱮᱞᱮᱫᱟᱱ ᱡᱚᱛᱚ ᱱᱚᱛᱷᱤᱢ ᱧᱟᱢᱟ ᱾
"एन. ए. ए. ए. ए. ए. ए. ए. ए.	ᱱᱮᱥᱚᱱᱟᱞ ᱨᱩᱨᱟᱞ ᱦᱮᱞᱛᱷ ᱢᱤᱥᱚᱱ (ᱮᱱᱟᱨᱮᱭᱤᱡᱮᱢ) ᱞᱮᱠᱟᱱ ᱯᱨᱳᱜᱨᱟᱢ ᱦᱚᱛᱮᱛᱮ ᱜᱳᱴᱟ ᱵᱷᱟᱨᱚᱛᱨᱮ ᱵᱟᱭᱚᱼᱴᱤᱠᱤᱪᱪᱷᱟ ᱥᱩᱵᱤᱫᱷᱟ ᱥᱟᱶ ᱟᱭᱩᱨᱵᱮᱫ ᱛᱟᱞᱢᱟᱠᱩ ᱥᱟᱶ ᱛᱷᱟᱯᱚᱱ ᱨᱮᱭᱟᱜ ᱠᱩᱨᱩᱢᱩᱴᱩᱠᱩ ᱫᱚ ᱮᱠᱮᱱ ᱵᱟᱭᱚᱼᱢᱮᱰᱤᱥᱤᱱ ᱟᱨ ᱟᱭᱩᱨᱵᱮᱫ ᱠᱩ ᱢᱩᱫᱨᱮ ᱦᱚᱲᱢᱚ ᱛᱮᱱᱟᱜ ᱥᱩᱯᱩᱨᱟᱱ ᱥᱤᱢᱟᱹ ᱢᱩᱫᱨᱮ ᱥᱤᱢᱤᱛᱟᱠᱟᱱᱟ ᱟᱨ ᱠᱟᱹᱢᱤᱭᱟᱱ ᱢᱤᱫᱴᱷᱮᱡᱚᱜᱟᱱ ᱦᱩᱭ ᱫᱟᱲᱮᱭᱟᱜ ᱠᱷᱚᱱ ᱟᱭᱢᱟ ᱥᱟᱹᱧᱜᱤᱧ ᱨᱮ ᱢᱤᱫ ᱥᱟᱶᱛᱮ ᱠᱞᱤᱱᱤᱠᱮᱞ ᱡᱚᱛᱱᱟᱣ ᱥᱟᱨᱵᱷᱟᱨ ᱨᱮᱭᱟᱜ ᱛᱷᱟᱹᱨ ᱠᱟᱱᱟ ᱾
उनकी याददाश्‍त की कोशिकाएँ, स्वर, स्वर, तरीक़े, पास - पास, इत्यादि रखने के लिए कठिन परिश्रम करने लगती हैं ।	ᱩᱱᱠᱚᱣᱟᱜ ᱢᱮᱢᱚᱨᱤ ᱠᱳᱥ ᱠᱚ ᱱᱳᱴ, ᱨᱟᱦᱟ, ᱟᱲᱟᱝ, ᱦᱚᱨᱟ, ᱯᱚᱱᱛᱷᱟ ᱟᱨᱦᱚᱸ ᱟᱭᱢᱟ ᱠᱤᱪᱷᱤ ᱨᱟᱠᱷᱟ ᱫᱚᱦᱚᱭ ᱞᱟᱹᱜᱤᱫ ᱟᱹᱰᱤ ᱟᱸᱴ ᱠᱟᱹᱢᱤᱭ ᱮᱦᱚᱵᱼᱟ ᱾
ओह, यह बढ़िया है.	ᱳᱦ, ᱚᱱᱟ ᱫᱚ ᱟᱹᱰᱤ ᱢᱚᱡᱽ ᱾
गोआ की दो विश्‍व विरासतएँ हैं: बोम यीशु बासिका और पुराने गोआ के गिरजे और मठ ।	ᱜᱳᱣᱟ ᱨᱮ ᱵᱟᱨᱭᱟ ᱡᱮᱜᱮᱫ ᱥᱮᱨᱣᱟ ᱟᱱᱟᱜ ᱴᱷᱟᱶ ᱢᱮᱱᱟᱜᱼᱟ ᱵᱚᱢ ᱡᱤᱥᱟᱥ ᱵᱮᱥᱤᱞᱤᱠᱟ ᱟᱨ ᱢᱟᱨᱮ ᱜᱳᱣᱟ ᱨᱮᱭᱟᱜ ᱜᱤᱨᱡᱟᱹ ᱟᱨ ᱢᱚᱴᱷᱠᱚ ᱾
आप इस समस्या से निपटने के लिए उसे में कुछ मज़ेदार शौक बनाने की कोशिश करनी चाहिए.	ᱱᱚᱶᱟ ᱟᱡᱷᱟᱴ ᱴᱮᱠᱟᱣ ᱞᱟᱹᱜᱤᱫ ᱩᱱᱤ ᱴᱷᱮᱱ ᱠᱤᱪᱷᱤ ᱨᱟᱹᱥᱠᱟᱹ ᱟᱱ ᱥᱚᱠ ᱠᱚ ᱥᱮᱞᱮᱫ ᱟᱭ ᱨᱮᱭᱟᱜ ᱨᱤᱠᱟᱹᱭ ᱢᱮ ᱾
बाजार की कीमत तय कर रही है कि आवश्यकता है कि इस कीमत पर बराबर मांग.	ᱢᱟᱨᱠᱮᱴᱼᱠᱞᱤᱭᱟᱨᱤᱝ ᱠᱟᱹᱣᱰᱤ ᱫᱚ ᱚᱱᱟ ᱠᱟᱹᱣᱰᱤ ᱨᱮᱭᱟᱜ ᱥᱚᱢᱟᱱ ᱪᱟᱹᱦᱤᱫᱟ ᱥᱟᱨᱵᱷᱟᱨᱠᱟᱹᱨᱤ ᱞᱟᱹᱜᱛᱤᱭᱟᱱᱟᱜ ᱦᱚᱛᱮᱛᱮ ᱜᱚᱴᱟᱞᱚᱜ ᱠᱟᱱᱟ ᱾
सो, अगर हम भीड़ से दूर रहें तो यह आदर्श होगा ।	ᱚᱱᱟᱛᱮ, ᱵᱷᱤᱲ ᱮᱲᱟᱣ ᱠᱟᱛᱮᱜ ᱦᱩᱭ ᱞᱮᱱᱠᱷᱟᱱ ᱱᱚᱶᱟᱫᱚ ᱱᱟᱯᱟᱭᱚᱜᱼᱟ ᱾
प्राचीन उदाहरणों में से एक है... ... मिस्र के शहर के नीश के बीच शांति का मेल और नाइआ (लगभग 2100 बीई बीएस) और मिस्र के राजा, Harusus III के बीच एक समझौता, 1258 में समाप्त हुआ.	ᱮᱠᱟᱞ ᱢᱟᱨᱮᱩᱛᱟᱹᱨ ᱰᱟᱹᱭᱠᱟᱹᱨᱮᱱᱟᱜ ᱢᱩᱫᱨᱮ ᱢᱮᱥᱳᱯᱚᱴᱮᱢᱤᱭᱟ ᱨᱮᱭᱟᱜ ᱥᱟᱦᱟᱨᱼᱯᱚᱱᱚᱛ ᱞᱟᱜᱟᱥ ᱟᱨ ᱩᱢᱢᱟᱨ (ᱦᱩᱭᱫᱟᱲᱤᱭᱟᱱ ᱒᱑᱐᱐ ᱠᱷᱨᱤᱥᱴᱚᱯᱩᱨᱵᱟᱵᱫᱚ) ᱢᱩᱫᱨᱮ ᱱᱤᱨᱟᱹᱭ ᱪᱩᱠᱛᱤ ᱟᱨ ᱢᱤᱥᱚᱨᱤᱭᱟᱹ ᱯᱷᱟᱨᱟᱣ ᱫᱚᱥᱟᱨ ᱨᱟᱢᱥᱮᱥ ᱟᱨ ᱦᱤᱴᱴᱟᱤᱴ ᱨᱟᱡᱟ ᱛᱮᱥᱟᱨ ᱦᱟᱛᱩᱥᱤᱞᱤ ᱢᱩᱫᱨᱮ ᱢᱤᱫᱴᱟᱝ ᱪᱩᱠᱛᱤ ᱑᱒᱕᱘ ᱠᱷᱨᱤᱥᱴᱚᱯᱩᱨᱵᱟᱵᱫᱟᱨᱮ ᱢᱩᱪᱟᱹᱫᱞᱮᱱᱟ ᱾
सफरी ओवरसियर संभवतः अफ्रीका में सबसे बड़ा ईंट और अनेक मेहमानों के लिए विशेष रूप से आते हैं ।	ᱥᱟᱹᱯᱷᱟᱨᱤ ᱯᱟᱞᱮ ᱟᱯᱷᱨᱤᱠᱟ ᱨᱮ ᱡᱷᱚᱛᱚ ᱠᱷᱚᱱ ᱢᱟᱨᱟᱝ ᱯᱚᱨᱭᱚᱴᱚᱱ ᱟᱠᱚᱨᱥᱚᱬ ᱠᱟᱱᱟ ᱟᱨ ᱟᱭᱢᱟ ᱟᱜᱟᱹᱱᱛᱩᱠ ᱞᱟᱹᱜᱤᱫ ᱦᱟᱭᱞᱟᱹᱭᱤᱴ ᱢᱮᱱᱟᱜᱼᱟ᱾
पहले से बोले गए कारणों के लिए, हम इस विचार के बारे में विचार कर रहे हैं कि M/s. के लिए आने में कोई त्रुटि नहीं है M/s. Kwwhatm और BLLLLLLLI से संबंधित नहीं हैं.	ᱞᱟᱦᱟ ᱞᱟᱹᱭᱟᱜ ᱚᱡᱮ ᱞᱮᱠᱟᱛᱮ, ᱟᱞᱮᱭᱟᱜ ᱵᱤᱵᱮᱪᱚᱱᱟᱣᱟᱱ ᱫᱤᱥᱦᱩᱫᱤᱥ ᱫᱚ ᱦᱩᱭᱩᱜ ᱠᱟᱱᱟ ᱡᱮ, ᱴᱨᱟᱭᱵᱩᱱᱟᱞ ᱫᱚ ᱱᱤᱯᱴᱟᱹᱣ ᱨᱮ ᱦᱤᱡᱩᱜ ᱞᱟᱹᱜᱤᱫ ᱛᱮ ᱡᱟᱦᱟᱸ ᱞᱮᱠᱟᱱ ᱵᱷᱩᱞ ᱵᱟᱭ ᱥᱤᱠᱟᱹᱨᱟ ᱡᱮ ᱮᱢ/ᱮᱥᱹ ᱠᱣᱟᱞᱤᱴᱤ ᱟᱭᱤᱥ ᱠᱨᱤᱢ ᱟᱨ ᱵᱤᱵᱤᱮᱞᱟᱭᱮᱞ ᱫᱚ ᱢᱤᱫ ᱦᱚᱲ ᱫᱚ ᱠᱤᱱ ᱵᱟᱝ ᱠᱟᱱᱟ ᱾
यहाँ का माहौल, राज - घर, राज - घर की कला, संगीत, नाच - गाने, रीति - रिवाज़ों और भाषाओं से भरा होता है ।	ᱥᱟᱪᱟᱨᱤᱭᱟᱹ ᱞᱟᱭᱚᱝ, ᱥᱛᱷᱟᱯᱚᱛ ᱨᱮᱭᱟᱜ ᱢᱟᱥᱴᱟᱨᱯᱤᱥ, ᱥᱮᱨᱮᱹᱧ, ᱮᱱᱮᱡᱽ, ᱪᱤᱛᱟᱹᱨᱟᱸᱠ, ᱟᱹᱨᱤᱪᱟᱹᱞᱤ ᱟᱨ ᱯᱟᱹᱨᱥᱤ ᱡᱚᱛᱚ ᱨᱮᱜᱤ ᱵᱷᱟᱨᱚᱛ ᱫᱚ ᱥᱟᱱᱝᱜᱷᱟᱨᱤᱭᱟᱹᱠᱩᱣᱟᱜᱽ ᱥᱚᱨᱚᱜᱯᱩᱨᱤ ᱨᱮᱭ ᱯᱷᱮᱨᱟᱜᱽᱼᱟ ᱾
छी! अपने बालों को चबाना बंद करो। देखो, यह तुम्हारी लार से गीला भी हो गया है।	ᱤᱭᱩ! ᱟᱢᱟᱜ ᱩᱯ ᱜᱮᱨ ᱵᱚᱱᱫᱚᱭ ᱢᱮ ᱾ ᱧᱮᱞ ᱢᱮ, ᱩᱯ ᱫᱚ ᱮᱢᱚᱱ ᱪᱮᱫ ᱟᱢᱟᱜ ᱩᱞᱤ ᱫᱟᱜᱛᱮ ᱞᱚᱦᱚᱫ ᱟᱠᱟᱱᱟ ᱾
मेरे पास आठ कॉफ़ी हैं।	ᱤᱧ ᱴᱷᱮᱱ ᱤᱨᱟᱹᱞ ᱜᱚᱴᱟᱝ ᱠᱚᱯᱷᱤ ᱢᱮᱱᱟᱜᱼᱟ ᱠᱚᱣᱟ।
मेरे पास तीस सात हाथी हैं।	ᱤᱧ ᱴᱷᱮᱱ ᱯᱮ ᱜᱮᱞ ᱮᱭᱟᱭ ᱜᱚᱴᱟᱝ ᱦᱟᱛᱤ ᱢᱮᱱᱟᱜᱼᱟ ᱠᱚᱣᱟ।
रविशंकर इस सप्ताहांत चेन्नई में प्रस्तुति दे रहे हैं और मुझे पहली पंक्ति की सीटें मिल गईं!	ᱨᱚᱵᱤ ᱥᱟᱝᱠᱚᱨ ᱫᱚ ᱱᱚᱶᱟ ᱦᱟᱯᱛᱟ ᱢᱩᱪᱟᱹᱫ ᱨᱮ ᱪᱮᱱᱱᱟᱭ ᱨᱮᱭ ᱩᱫᱩᱜ ᱥᱚᱫᱚᱨ ᱞᱟᱹᱜᱤᱫᱚᱜ ᱠᱟᱱᱟ ᱟᱨ ᱤᱧ ᱫᱚ ᱥᱟᱢᱟᱝ ᱞᱟᱭᱤᱱ ᱨᱮᱭᱟᱜ ᱫᱩᱲᱩᱯᱟᱜᱤᱧ ᱧᱟᱢ ᱟᱠᱟᱫᱟ !
फिर भी, कुछ लोगों ने अपने शरीर के अंगों को दूषित करने की कोशिश की ।	ᱯᱟᱹᱞᱛᱩ ᱡᱟᱹᱱᱣᱟᱹᱨ ᱨᱮᱭᱟᱜ ᱡᱚᱨᱡᱟ ᱫᱚ ᱱᱟᱹᱢᱩᱱᱟᱹ ᱨᱮ ᱥᱟᱭᱟᱹᱱᱥᱭᱩᱨᱤᱠ ᱮᱥᱤᱰ ᱟᱨ ᱢᱮᱞᱟᱢᱟᱭᱤᱱ ᱵᱟᱨᱭᱟ ᱧᱟᱢ ᱮᱱᱟ, ᱚᱠᱟ ᱫᱚ ᱫᱩᱥᱤᱛ ᱯᱟᱹᱞᱛᱩ ᱡᱚᱢᱟᱜ ᱡᱚᱢ ᱠᱟᱛᱮ ᱜᱚᱡ ᱮᱱᱟ ᱠᱚ᱾
मेरे पास सौ पानी हैं।	ᱤᱧ ᱴᱷᱮᱱ ᱢᱤᱫ ᱥᱟᱭ ᱜᱚᱴᱟᱝ ᱫᱟᱜ ᱢᱮᱱᱟᱜᱼᱟ ᱠᱚᱣᱟ।
एक जैतून- हरा चिंपरे में सला, मोटीमा हर बिट देखा मैं उसे होना चाहते थे.	ᱢᱤᱫᱴᱟᱝ ᱡᱚᱞᱯᱟᱭᱼᱦᱟᱹᱨᱭᱟᱹᱲ ᱥᱤᱯᱷᱚᱱ ᱥᱟᱹᱲᱤᱛᱮ ᱯᱚᱴᱚᱢ, ᱯᱷᱟᱛᱢᱟ ᱢᱤᱢᱤᱫᱴᱟᱝ ᱠᱩᱴᱨᱟᱹᱭ ᱧᱮᱞ ᱞᱮᱫᱟ ᱡᱮ ᱤᱧ ᱩᱱᱤᱚᱧ ᱩᱭᱦᱟᱹᱨ ᱞᱮᱫᱮᱭᱟ ᱾
मैं नेटफ्लिक्स ब्राउज़ कर रहा था, और मुझे अचानक फिल्म का रूपांतरण मिल गया। यह अविश्वसनीय लग रहा है! (दोस्त 2)	ᱤᱧ ᱱᱮᱴᱯᱷᱤᱞᱤᱠᱥ ᱵᱨᱟᱣᱩᱡ ᱤᱧ ᱠᱚᱨᱟᱣ ᱮᱫ  ᱠᱟᱱ ᱛᱟᱦᱮᱸ ᱠᱟᱱᱟ, ᱟᱨ ᱜᱷᱚᱴᱚᱱᱟ ᱠᱨᱚᱢ ᱨᱮ ᱪᱚᱞᱚᱛ ᱪᱤᱛᱟᱹᱨ ᱵᱮᱱᱟᱣ ᱨᱤᱧ ᱡᱩᱴᱤᱡ ᱟᱠᱟᱫᱟ ᱾ ᱱᱚᱶᱟ ᱫᱚ ᱟᱹᱰᱤ ᱱᱟᱯᱟᱭ ᱧᱮᱞᱚᱜᱼᱟ ᱾ (ᱜᱟᱛᱮ 2)
'Hogolaysyargor वातावरण के लिए इंटरनेट की खोज' शायद स्थानीय कंपनी का पता प्रदान करे.	ᱦᱚᱥᱴᱟᱭᱤᱞ ᱮᱱᱵᱷᱟᱭᱨᱚᱱᱢᱮᱸᱴ ᱠᱚᱨᱥ' ᱞᱟᱹᱜᱩᱫ ᱤᱱᱴᱚᱨᱱᱮᱴ ᱨᱮᱭᱟᱜ ᱢᱤᱫᱴᱟᱹᱝ ᱯᱟᱱᱛᱮ ᱯᱟᱞᱮ ᱥᱩᱨ ᱠᱚᱢᱯᱟᱱᱤ ᱠᱚᱣᱟᱜ ᱡᱟᱭᱜᱟ ᱪᱤᱱᱦᱟᱹᱯ ᱫᱟᱲᱮᱭᱟᱜᱼᱟᱭ᱾
अरे! देश के इस हिस्से में बहुत कम दुकानें कश्मीरी विलो बैट बेचती हैं। मुझे आश्चर्य है कि आपके पास यह है।	ᱳᱦ ! ᱫᱤᱥᱚᱢ ᱨᱮᱭᱟᱜ ᱱᱚᱣᱟ ᱴᱚᱴᱷᱟ ᱨᱮ ᱟᱹᱰᱤ ᱡᱟᱹᱥᱛᱤ ᱫᱳᱠᱟᱱ ᱨᱮ ᱠᱟᱥᱢᱤᱨᱤ ᱩᱤᱞᱳ ᱵᱮᱴ ᱵᱟᱝ ᱟᱹᱠᱷᱨᱤᱧᱚᱜᱼᱟ ᱾ ᱤᱧ ᱫᱚᱧ ᱦᱟᱦᱟᱲᱟᱜ ᱠᱟᱱᱟ ᱡᱮ ᱟᱢ ᱴᱷᱮᱱ ᱱᱚᱣᱟ ᱢᱮᱱᱟᱜᱼᱟ ᱾
सन्‌ 1976 में उसने विदेशी नीति पर कार्टर को सलाह दी ।	᱑᱙᱗᱖ ᱨᱮᱭᱟᱜ ᱵᱟᱪᱷᱱᱟᱣ ᱚᱠᱛᱚᱨᱮ ᱩᱱᱤ ᱯᱷᱚᱨᱮᱱ ᱯᱚᱞᱤᱥᱤ ᱵᱟᱲᱮᱛᱮ ᱠᱟᱨᱴᱚᱨ ᱟᱰᱵᱷᱟᱭᱤᱥ ᱮᱢᱟᱫᱮ ᱛᱟᱦᱮᱸᱫ, ᱚᱱᱟ ᱯᱚᱨ ᱑᱙᱗᱗ ᱠᱷᱚᱱ ᱑᱙᱘᱑ ᱦᱟᱹᱵᱤᱡ ᱱᱮᱥᱱᱟᱞ ᱥᱤᱠᱭᱩᱨᱤᱴᱤ ᱚᱯᱷ ᱟᱰᱵᱷᱟᱭᱡᱚᱨ (ᱮᱱ.ᱮᱥ.ᱮ.), ᱞᱮᱠᱟᱛᱮ ᱦᱮᱱᱨᱤ ᱠᱤᱥᱤᱝᱜᱚᱨᱮ ᱥᱚᱯᱷᱚᱲ ᱞᱮᱫᱮᱭᱟ᱾
मेरे पास तीस दो पेंसिल हैं।	ᱤᱧ ᱴᱷᱮᱱ ᱯᱮ ᱜᱮᱞ ᱵᱟᱨ ᱜᱚᱴᱟᱝ ᱯᱮᱱᱥᱤᱞ ᱢᱮᱱᱟᱜᱼᱟ ᱠᱚᱣᱟ।
ब्रिटेन के व्यापारिक जहाज़ - चालकों (अमरीका, सीएसएसा, सीएसएसा, सीएसएसा, सीएसएसा, सीएसएस टानाइसेव, सीएसएस ट्‌संवियन और कुछ अन्यों से कई युद्धों को खरीद लिया ।	ᱱᱤᱭᱟᱹ ᱡᱚᱯᱚᱲᱟᱣ ᱪᱩᱠᱛᱤ ᱡᱳᱜ ᱫᱚ ᱵᱨᱤᱴᱮᱱ ᱨᱮᱭᱟᱜ ᱵᱟᱹᱱᱤᱡᱟᱱᱟᱜ ᱡᱟᱦᱟᱡᱽᱵᱮᱱᱟᱣᱠᱩ ᱴᱷᱮᱱᱠᱷᱚᱱ ᱟᱭᱢᱟ ᱩᱛᱟᱹᱨ ᱞᱟᱹᱲᱦᱟᱹᱭ ᱡᱟᱦᱟᱡᱽᱼᱮ (ᱥᱤ.ᱮᱥ.ᱮᱥ ᱟᱞᱟᱵᱟᱢᱟ, ᱥᱤ.ᱮᱥ.ᱮᱥ ᱥᱮᱱᱟᱱᱰᱳᱣᱟ, ᱥᱤ.ᱮᱥ.ᱮᱥ ᱴᱮᱱᱮᱥᱤ, ᱥᱤ.ᱮᱥ.ᱮᱥ ᱴᱟᱞᱦᱟᱥᱤ, ᱥᱤ.ᱮᱥ.ᱮᱥ ᱯᱷᱞᱳᱨᱤᱰᱟ, ᱟᱨᱦᱚᱸ ᱮᱴᱟᱜᱠᱩ) ᱠᱤᱨᱤᱧᱠᱮᱫᱟ ᱾
उनका जन्म चिबा प्रान्त के नाराशिनो शहर में हुआ था।	ᱩᱱᱤ ᱫᱚ ᱪᱤᱵᱟ ᱯᱨᱤᱯᱷᱮᱠᱪᱟᱨ ᱨᱮᱭᱟᱜ ᱱᱟᱨᱟᱥᱤᱱᱳ ᱥᱟᱦᱟᱨ ᱨᱮᱭ ᱡᱟᱱᱟᱢ ᱞᱮᱱᱟ ᱾
मैं आपकी ओर से कोई भी अनादर बर्दाश्त नहीं करूँगा।	ᱪᱮᱫ ᱚᱯᱚᱢᱟᱱ ᱦᱚᱸ ᱵᱟᱹᱧ ᱥᱟᱦᱟᱣᱼᱟ ᱾
इस शब्द का मतलब है, अफ्रीका के जंगली जीव - जंतुओं को देखने के लिए दूर - दूर तक यात्रा करना ।	ᱧᱩᱛᱩᱢᱟᱱ ᱵᱮᱵᱷᱟᱨ ᱨᱮ ᱥᱚᱯᱷᱟᱨᱤ ᱟᱹᱲᱟᱹ ᱫᱚ, ᱵᱤᱥᱮᱥ ᱦᱤᱥᱟᱹᱵ ᱛᱮ ᱥᱟᱹᱣᱟᱱᱟ ᱨᱮ ᱟᱥᱪᱚᱨᱭᱚ ᱟᱯᱷᱨᱤᱠᱤᱭᱚ ᱣᱚᱱᱭᱚᱡᱤᱣᱤ ᱧᱮᱞ ᱞᱟᱹᱜᱤᱫ ᱚᱣᱟᱹᱨᱞᱮᱸᱰ ᱫᱟᱬᱟ ᱠᱚ ᱥᱚᱱᱫᱚᱨᱵᱷᱤᱛ ᱠᱚᱨᱟᱣ ᱮᱫᱟᱭ᱾
इसी तरह की कड़ी की नक़ल आप पोस्ट के द्वारा तक पहुँच सकेंगे.	ᱦᱟᱰ ᱠᱚᱯᱤ ᱫᱚ ᱚᱱᱠᱟᱜᱮ ᱯᱳᱥᱴ ᱛᱮᱠᱚ ᱵᱷᱮᱡᱟ ᱟᱢᱟ ᱾
उसका काम इस प्रकार के प्रसिद्ध गुण और विस्तार का है कि वह कुछ ही प्रकार के ज्ञानियों में से एक है "घर के नामों में से"। कुछ विशेष रूप से अपने काम को अकेले इकट्ठा करने में।	ᱩᱱᱤᱭᱟᱜ ᱠᱟᱹᱢᱤ ᱩᱱᱟᱹᱜ ᱢᱟᱱᱭᱚᱛᱟ ᱜᱩᱬᱭᱟᱹᱛ ᱜᱩᱱ ᱟᱨ ᱣᱤᱥᱛᱟᱹᱨ ᱨᱮᱭᱟᱜ ᱛᱟᱦᱮᱸ ᱠᱟᱱᱟ ᱡᱮ ᱩᱱᱤ ᱰᱟᱠ ᱚᱲᱟᱜ ᱥᱚᱝᱜᱽᱨᱟᱦᱚᱠᱚᱨᱛᱟ ᱛᱟᱞᱟ ᱨᱮ ᱟᱹᱰᱤ ᱠᱚᱢ "ᱚᱲᱟᱜ ᱧᱩᱛᱩᱢ" ᱠᱷᱟᱱ ᱢᱤᱫᱴᱟᱹᱝ ᱠᱟᱱᱟᱭ᱾ ᱛᱤᱱᱟᱹᱝ ᱜᱟᱱ ᱟᱠᱚ ᱛᱮᱜᱮ ᱠᱟᱹᱢᱤ ᱡᱟᱣᱨᱟ ᱨᱮ ᱯᱟᱹᱨᱩᱠᱷᱤᱭᱟᱹ ᱜᱮᱭᱟ ᱠᱚ᱾
आप इसका मतलब है कि यह Drvvidian रचना है?	ᱟᱢᱮᱢ ᱞᱟᱭ ᱟᱪᱚᱭᱮᱫᱟ ᱱᱚᱶᱟᱫᱚ ᱫᱨᱟᱵᱤᱲ ᱵᱮᱱᱟᱣ ᱠᱟᱹᱨᱤ ᱠᱟᱱᱟ ?
इस तरह के दर्द को कम करने के लिए, यह बहुत ही ज़रूरी है कि हम एक - दूसरे से बात करें ।	ᱪᱮᱫᱟᱜ ᱥᱮ ᱯᱩᱰᱮᱱᱰᱟᱞ ᱥᱤᱨᱟᱹ ᱥᱩᱛᱟᱹᱢ ᱤᱫᱤᱭᱟᱭ ᱢᱳᱴᱚᱨ ᱟᱨ ᱤᱱᱫᱨᱤᱭ ᱵᱟᱵᱚᱛ ᱛᱮ ᱯᱷᱟᱭᱵᱟᱨ ᱡᱟᱦᱟ ᱯᱮᱞᱵᱷᱤᱠ ᱥᱤᱨ ᱥᱤᱨᱟᱹᱥᱩᱛᱟᱹᱢ ᱯᱟᱸᱡᱟᱭᱟ, ᱱᱤᱭᱟᱹ ᱯᱩᱰᱮᱱᱰᱟᱞ ᱱᱟᱨᱵᱷ ᱵᱞᱚᱠ ᱜᱤᱫᱽᱨᱟᱹ ᱚᱢᱚᱱ ᱦᱟᱥᱩ ᱠᱷᱚᱱ ᱨᱮᱦᱟᱭ ᱧᱟᱢ ᱟ᱾
क्या आपको लगता है कि यात्रा इतना विकसित हो गया है कि इस विषय के लिए आपकी इच्छा या क्या यह अन्य रास्ता हो सकता है?	ᱟᱢᱮᱢ ᱢᱚᱱᱮᱭᱟ ᱵᱟᱹᱲᱛᱤ ᱥᱟᱸᱜᱷᱟᱨ ᱫᱚ ᱟᱢᱟᱜ ᱠᱩᱥᱤᱭᱟᱜ ᱥᱟᱛᱟᱢ ᱪᱮᱛᱟᱱ ᱠᱩᱥᱤᱭ ᱯᱷᱚᱴᱮᱞ ᱟᱠᱟᱫᱟ ᱥᱮ ᱱᱚᱶᱟ ᱮᱴᱟᱜ ᱞᱮᱠᱟ ᱦᱩᱭ ᱫᱟᱲᱮᱭᱟᱜᱼᱟ ?
ज़रूर मैडम.	ᱮᱠᱟᱞ ᱜᱮ ᱢᱟᱪᱮᱛᱟᱱᱤ ᱾
मुझे इतना अधिक प्रीमियम क्यों देना चाहिए और कोई कवरेज नहीं मिलना चाहिए?	ᱤᱧ ᱪᱮᱫ ᱞᱟᱹᱜᱤᱫ ᱟᱭᱢᱟᱜᱟᱱ ᱰᱷᱮᱨ ᱯᱚᱨᱤᱢᱟᱱ ᱮᱢ ᱦᱩᱭᱩᱜ ᱛᱤᱧᱟᱹ ᱟᱨ ᱤᱧ ᱪᱮᱫ ᱞᱟᱹᱜᱤᱫ  ᱠᱚᱵᱷᱟᱨᱮᱡᱽ ᱵᱟᱹᱧ ᱧᱟᱢᱟ ?
स्टैनली पश्‍चिमी स्टोर से लेकर स्टैनली में स्थित केवल एक बैंक में पैसा उधार लिया जा सकता है ।	ᱫᱤᱯ ᱨᱮ ᱢᱤᱫᱴᱟᱹᱝ ᱜᱮ ᱵᱮᱝᱠ ᱨᱮ ᱯᱩᱭᱥᱟᱹ ᱨᱮᱭᱟᱜ ᱟᱫᱟᱱᱼᱯᱨᱚᱫᱟᱱ ᱠᱟᱨᱟᱣ ᱦᱩᱭᱩᱜ ᱠᱟᱱᱟ ᱟᱠᱟ ᱫᱚ ᱮᱯᱷᱹᱟᱭᱤᱹᱥᱤᱹ ᱣᱮᱥᱴ ᱥᱴᱚᱨ ᱠᱷᱚᱱ ᱥᱴᱮᱱᱞᱤ ᱨᱮ ᱢᱮᱱᱟᱜᱼᱟ᱾
प्रशंसक इतने पागल हैं कि वे उन्हें वैसे भी खरीद लेते हैं.	ᱯᱷᱮᱱᱠᱩ ᱫᱚ ᱱᱩᱱᱟᱹᱜ ᱯᱟᱜᱞᱟ ᱡᱮ ᱩᱝᱠᱩ ᱴᱷᱮᱱᱜᱤ ᱠᱩ ᱦᱟᱛᱟᱣᱟ ᱾
इस गीत को सन्‌ 230 में बेलजियम, बल्गेरिया, हंगरी, तुर्की, तुर्की, अल्बेनिया, साइप्रस, स्वीडन और जर्मनी के अलग - अलग देशों से आए 10 मुद्दों से देखा गया था ।	ᱥᱮᱹᱨᱮᱹᱧ ᱫᱚ ᱵᱮᱞᱡᱤᱭᱟᱢ, ᱵᱩᱞᱜᱮᱨᱤᱭᱟ, ᱦᱟᱝᱜᱮᱨᱤ, ᱡᱩᱠᱛᱨᱟᱡᱮ, ᱛᱩᱨᱥᱠ, ᱟᱞᱵᱮᱱᱤᱭᱟ, ᱥᱟᱭᱯᱨᱟᱥ, ᱥᱟᱨᱵᱤᱭᱟ ᱟᱨ ᱢᱚᱱᱴᱤᱱᱤᱜᱨᱳ ᱥᱩᱭᱰᱮᱱ ᱟᱨ ᱡᱟᱨᱢᱟᱱ ᱠᱷᱚᱱ ᱑᱒ ᱯᱚᱭᱮᱱᱴ ᱑᱐ ᱴᱤ ᱥᱮᱴ ᱥᱟᱶ ᱒᱓᱐ ᱯᱚᱭᱮᱱᱴ ᱧᱟᱢ ᱟ, ᱟᱨ ᱟᱭᱢᱟ ᱜᱟᱱ ᱫᱤᱥᱚᱢ ᱨᱮ, ᱵᱤᱥᱮᱥ ᱠᱟᱭᱛᱮ ᱜᱨᱤᱥᱨᱮ, ᱢᱤᱫᱴᱟᱝ ᱡᱩᱢᱤ ᱫᱚ ᱧᱩᱛᱩᱢᱟᱱ ᱥᱮᱹᱨᱮᱹᱧ ᱛᱮ ᱯᱮᱨᱮᱡ ᱞᱮᱱᱟ᱾
विभाजन संपादक (पार्टिशन एडिटर) का उपयोग करके विभाजनों को संपादित किया जा सकता है।	ᱯᱟᱨᱴᱤᱥᱚᱱ ᱮᱰᱤᱴᱚᱨ ᱵᱮᱣᱦᱟᱨ ᱠᱟᱛᱮ ᱯᱟᱨᱴᱤᱥᱚᱱ ᱮᱰᱤᱴ ᱜᱟᱱᱚᱜᱼᱟ ᱾
जर्मन राष्ट्रीय रेलवे कंपनी, डॉ.	ᱤᱭᱩᱠᱨᱮᱱᱤᱭᱟᱹ ᱯᱟᱥᱯᱳᱨᱴ ᱥᱮ ᱩᱯᱩᱨᱩᱢ ᱥᱟᱠᱟᱢ ᱥᱟᱶ ᱦᱮᱡᱽᱪᱟᱞᱟᱠᱟᱱᱠᱩ ᱯᱳᱞᱮᱱᱰ ᱟᱨ ᱡᱟᱨᱢᱟᱱᱤ ᱢᱩᱫᱨᱮ ᱡᱤᱞᱤᱧ ᱦᱚᱨᱨᱮᱭᱟᱜ ᱨᱤᱞᱜᱟᱹᱰᱤᱨᱮ ᱵᱤᱱᱟᱹᱠᱟᱹᱣᱰᱤᱛᱮ ᱪᱟᱞᱟᱣᱼᱦᱮᱡᱪ ᱨᱮᱭᱟᱜ ᱪᱷᱟᱹᱲ ᱮᱢᱟᱠᱟᱫᱟ ᱡᱟᱨᱢᱟᱱ ᱡᱟᱹᱛᱤᱭᱟᱹᱨᱤ ᱨᱮᱞ ᱥᱚᱸᱥᱛᱷᱟ ᱰᱚᱭᱪᱮ ᱵᱟᱦᱱ ᱾
मेरे पास दस चावल हैं।	ᱤᱧ ᱴᱷᱮᱱ ᱜᱮᱞ ᱜᱚᱴᱟᱝ ᱪᱟᱣᱞ ᱢᱮᱱᱟᱜᱼᱟ ᱠᱚᱣᱟ।
इस नदी को हिंदू शास्त्रों में बहुतों के लिए श्रद्धा और भय दिया गया है ।	ᱱᱟᱹᱭ ᱫᱚ ᱟᱭᱢᱟ ᱜᱮᱥᱟᱼᱥᱟᱥᱟᱭ ᱦᱟᱹᱵᱤᱡᱽ ᱦᱤᱱᱫᱩ ᱫᱷᱚᱨᱚᱢ ᱯᱩᱛᱷᱤᱨᱮ ᱢᱟᱹᱱ ᱟᱠᱟᱱᱟ ᱟᱨ ᱢᱤᱫ ᱯᱮᱨᱮᱡᱽ ᱯᱩᱨᱩᱱ ᱞᱟᱠᱪᱟᱨᱟᱱᱜ ᱥᱮᱨᱣᱟᱭ ᱢᱟᱱᱟᱣ ᱤᱫᱤᱭᱮᱫᱟ ᱾
जीएनयू जनरल पब्लिक लाइसेंस (GPL) और तमाम सार्वजनिक लाइसेंस (CC) सार्वजनिक लाइसेंस के दो लोकप्रिय वर्ग हैं.	ᱡᱤᱮᱱᱤᱭᱩ ᱡᱮᱱᱟᱨᱮᱞ ᱯᱟᱵᱞᱤᱠ ᱞᱟᱭᱥᱮᱱᱥ (ᱜᱤᱯᱤᱮᱞ) ᱟᱨ ᱠᱨᱤᱭᱮᱴᱤᱵᱷ ᱠᱚᱢᱚᱱᱥ (ᱥᱤᱥᱤ᱐ ᱫᱚ ᱦᱩᱭᱩᱜ ᱠᱟᱱᱟ ᱯᱟᱵᱞᱤᱠ ᱞᱟᱭᱥᱮᱱᱥ ᱨᱮᱭᱟᱜ ᱵᱟᱨᱭᱟ ᱦᱚᱲ ᱠᱩᱥᱤᱭᱟᱜ ᱛᱷᱚᱱᱚᱛ ᱾
मुझे नहीं पता था कि यह फार्मेसी चॉकलेट भी बेचती है!	ᱵᱟᱹᱧ ᱵᱟᱰᱟᱭ ᱠᱟᱱ ᱛᱟᱦᱮᱸ ᱠᱟᱱᱟ ᱱᱚᱶᱟ ᱯᱷᱟᱨᱢᱮᱥᱤ ᱨᱮ ᱪᱚᱠᱞᱮᱴ ᱠᱚ ᱟᱹᱠᱷᱨᱤᱧᱟ !
गिनती: तीस।	ᱞᱮᱠᱷᱟ: ᱯᱮ ᱜᱮᱞ।
जबकि गोमा उचित रूप से सुरक्षित है, गोमा के बाहर किसी भी भेंट को उस युद्ध की स्थिति को समझने के लिए शोध किया जाना चाहिए जो उत्तरी कॉव प्रांत में बना हुआ है ।	ᱜᱚᱢᱟ ᱫᱚ ᱮᱱᱛᱮᱨᱮᱦᱚᱸ ᱱᱟᱯᱟᱭ ᱜᱮᱭᱟ, ᱜᱚᱢᱟ ᱵᱟᱦᱨᱮ ᱡᱟᱦᱱᱟᱜ ᱱᱚᱦᱚᱨ ᱠᱚ ᱫᱚ ᱵᱮᱥ ᱪᱚᱨᱚᱠ ᱨᱤᱥᱚᱨᱪ ᱠᱟᱛᱮ ᱱᱚᱨᱛᱷ ᱠᱤᱣᱩ ᱯᱨᱚᱵᱷᱤᱱᱥ ᱨᱮ ᱪᱟᱹᱞᱩ ᱠᱟᱱᱟ ᱛᱟᱯᱟᱢ ᱠᱚ ᱵᱩᱡᱷᱟᱹᱣ ᱨᱮᱭᱟᱜ ᱢᱮᱱᱟᱜᱼᱟ᱾
उनमें से प्रत्येक के रूप में, वे राष्ट्रपति के लिए सम्मान करते हैं.	ᱩᱝᱠᱩ ᱫᱚ ᱢᱤᱫᱽ ᱢᱤᱫᱽᱛᱮ ᱪᱟᱞᱟᱜ ᱚᱠᱛᱮ ᱫᱤᱥᱟᱹᱢ ᱜᱚᱝᱠᱮ ᱥᱮᱡᱽ ᱢᱟᱹᱱᱠᱩ ᱮᱢᱮᱫᱽᱠᱟᱱᱟ ᱾
वहाँ ईस्टर की रात जागने के लिए एक परंपरा है... ... कुछ प्रत्यक्ष बिंदु पर सूरज को देखने के लिए.	ᱵᱮᱲᱟ ᱨᱟᱠᱟᱵ ᱧᱮᱞ ᱞᱟᱹᱜᱤᱱ ᱤᱥᱴᱚᱨ ᱧᱤᱫᱟᱹ ᱨᱮ ᱵᱮᱨᱮᱫ ᱨᱮᱭᱟᱜ ᱢᱤᱫ ᱞᱟᱠᱪᱟᱨ ᱢᱮᱱᱟᱜᱼᱟ᱾
नाज़ी सरकार के कारण कम से कम 5 करोड़ (50 मिलियन) लोग मारे गए।	ᱱᱟᱛᱥᱤ ᱥᱚᱨᱠᱟᱨ ᱦᱚᱛᱮᱷᱮ ᱚᱱᱛᱚᱛᱚ ᱯᱚᱬᱮ ᱠᱳᱴᱤ ᱦᱚᱲ ᱠᱚ ᱜᱚᱡ ᱟᱠᱟᱱᱟ ᱾
महोदय, मैं NGO से आया है.	ᱢᱟᱪᱮᱫᱽᱜᱚᱝᱠᱮ, ᱤᱧ ᱫᱚ ᱦᱳᱯ ᱮᱱᱡᱤᱳ ᱠᱷᱚᱱᱤᱧ ᱦᱮᱡᱽᱟᱠᱟᱱᱟ ᱾
नहीं, यह साझा करने के लिए बहुत बहुत धन्यवाद.	ᱵᱟᱝ, ᱱᱚᱶᱟ ᱥᱮᱭᱟᱨ ᱞᱟᱹᱜᱤᱫ ᱛᱮ ᱟᱭᱢᱟ ᱥᱟᱨᱦᱟᱣ ᱾
क्या तुम जा रही हो?	ᱟᱢ ᱦᱚᱸᱢ ᱪᱟᱞᱟᱜᱼᱟ ?
इसे अलग - अलग तरीकों से इस्तेमाल किया जा सकता है ।	ᱨᱚᱝ ᱫᱚ ᱟᱭᱢᱟᱞᱮᱠᱟᱛᱮ ᱵᱮᱵᱚᱦᱟᱨ ᱫᱟᱲᱮᱭᱟᱜᱼᱟ, ᱡᱟᱦᱟᱸᱠᱩ ᱢᱩᱫᱨᱮ ᱜᱟᱥᱟᱣ, ᱡᱮᱨᱮᱲ, ᱛᱷᱚᱯᱨᱟᱢ ᱟᱨ ᱨᱚᱝ ᱤᱨᱪᱤᱠᱟᱛᱮ ᱟᱸᱠ, ᱡᱚᱛᱚᱞᱮᱠᱟᱱᱟᱜ ᱜᱤ ᱢᱮᱱᱟᱜᱼᱟ ᱾
इस सिद्धांत से पता चलता है कि आकाशगंगा के आस - पास एक आकाशगंगा है जो एक किस्म के हाइलो में पायी जाती है और उसमें छोटे - छोटे कण बनाए जाते हैं ।	ᱱᱚᱶᱟ ᱥᱤᱫᱷᱟᱸᱛ ᱢᱮᱱ ᱠᱮᱫᱼᱟᱭ ᱡᱮ ᱟᱠᱟᱥᱜᱚᱝᱜᱟ ᱨᱮᱱᱟᱜ ᱯᱩᱱᱟᱹᱜ ᱥᱟᱱᱟᱢ ᱠᱷᱚᱱ ᱰᱟᱨᱠ ᱢᱮᱭᱴᱚᱨ ᱢᱮᱱᱟᱜᱼᱟ, ᱢᱤᱫ ᱞᱮᱠᱟᱱ ᱟᱜ ᱯᱨᱚᱵᱷᱟᱢᱟᱱᱰᱟᱞ ᱨᱮ ᱢᱤᱫ ᱟᱠᱟᱥᱜᱟᱝᱜᱟ ᱨᱮᱱᱟᱜ ᱯᱩᱱᱟᱹᱜ ᱥᱮᱫ ᱟᱨ ᱟᱭᱢᱟ ᱵᱷᱟᱜᱤ ᱞᱮᱠᱟᱱ ᱥᱟᱱᱟᱢ ᱠᱟᱹᱴᱤᱡ ᱠᱟᱬ ᱠᱷᱚᱱ ᱵᱟᱱᱟᱣ ᱟᱠᱟᱱᱟ᱾
राजा लूई XVI, रानी मारी ने अपने दो छोटे बच्चों को (11 साल की उम्र में मारी और चार साल के लुई-क्लास) और राजा मैडम इलीशिबा को, 6 अक्टूबर 2007 को, बाज़ार की एक भीड़ द्वारा पैरिस ले जाया गया ।	ᱵᱚᱛᱚᱨᱟᱠᱟᱱ ᱨᱟᱡᱽ ᱞᱩᱭᱤᱥ XVI, ᱨᱟᱹᱱᱤ ᱢᱮᱨᱤ ᱟᱱᱴᱳᱭᱱᱤᱴᱮ ᱟᱨ ᱟᱹᱠᱤᱱ ᱨᱮᱱ ᱵᱟᱨᱭᱟ ᱵᱟᱪᱨᱟ ᱜᱤᱫᱽᱨᱟᱹ (᱑᱑ ᱵᱚᱪᱷᱚᱨ ᱢᱮᱨᱤ ᱛᱷᱮᱨᱮᱥ ᱟᱨ ᱯᱩᱱ ᱵᱷᱪᱷᱚᱨ ᱞᱩᱭᱤᱥ ᱪᱟᱨᱞᱮᱥ)  ᱨᱟᱡᱽ-ᱤᱡ ᱢᱮᱥᱨᱟ, ᱢᱟᱰᱟᱢ ᱮᱞᱤᱡᱟᱵᱮᱛᱷ ᱠᱚ ᱖ ᱚᱠᱴᱳᱵᱚᱨ ᱑᱗᱘᱙ ᱦᱤᱞᱚᱜ, ᱵᱷᱮᱨᱥᱟᱤᱞᱮᱥ ᱨᱮᱱ ᱢᱤᱫ ᱫᱚᱞ ᱵᱟᱡᱟᱨ ᱛᱤᱨᱞᱟᱹ ᱯᱭᱟᱨᱤᱥ ᱛᱮ ᱨᱩᱣᱟᱹᱲ ᱞᱟᱹᱜᱤᱫ ᱠᱚ ᱵᱟᱫᱷᱭᱚ ᱞᱮᱫ ᱠᱚᱣᱟ᱾
नहीं, वे सब पर निर्भर नहीं कर रहे हैं.	ᱵᱟᱝ, ᱚᱱᱟᱫᱚ ᱱᱟᱥᱮ ᱦᱚᱸ ᱵᱟᱝ ᱢᱚᱥᱞᱟ ᱟᱱᱟᱜᱼᱟ ᱾
भूकंप करीब 15 किलोमीटर की दूरी पर था ।	ᱵᱷᱩᱠᱟᱢᱯ ᱰᱤᱞᱟᱱ ᱨᱮᱱᱟᱜ ᱩᱛᱟᱨ-ᱩᱛᱟᱨ-ᱥᱟᱢᱟᱝ ᱨᱮ ᱒᱐ ᱠᱤᱢᱤ ᱜᱟᱱ (᱑᱕ ᱢᱤᱠ) ᱟᱨ ᱵᱟᱴᱴᱟ ᱨᱮᱱᱟᱜ ᱫᱟᱠᱷᱤᱱ ᱨᱮ ᱖᱕ ᱠᱤᱢᱤ (᱔᱐ ᱢᱤᱞ) ᱫᱟᱠᱷᱤᱱ ᱨᱮ ᱥᱮᱱᱴᱟᱨ ᱟᱠᱟᱱ ᱛᱟᱦᱮᱸ ᱠᱟᱱᱟ᱾
पासपोर्ट अनुप्रयोगों के अधीन होने के लिए ऑनलाइन भेंट करना सरल रहा है।	ᱯᱟᱥᱯᱳᱨᱴ ᱠᱮᱱᱫᱨᱚ ᱨᱮ ᱯᱟᱥᱯᱳᱨᱴ ᱟᱹᱨᱡᱤ ᱥᱟᱠᱟᱢ ᱡᱚᱢᱟᱭ ᱞᱟᱹᱜᱤᱫ ᱚᱱᱞᱟᱭᱤᱱ ᱵᱟᱹᱦᱞᱤ ᱥᱟᱠᱟᱢ ᱨᱩᱠᱷᱭᱟᱹᱭ ᱫᱚ ᱥᱚᱦᱚᱡ ᱩᱛᱟᱹᱨ ᱦᱩᱭᱟᱠᱟᱱᱟ ᱾
क्रेउज़ विभाग के एरोन्डिसमेंट: क्रेउज़ विभाग में 2 एरोन्डिसमेंट हैं।	ᱠᱨᱩᱥ ᱛᱷᱚᱱᱚᱛ ᱨᱮᱭᱟᱜ ᱮᱹᱨᱳᱱᱰᱤᱥᱢᱮᱱᱴ ᱫᱚ ᱠᱨᱩᱥ ᱰᱤᱯᱟᱨᱴᱢᱮᱱᱴ ᱨᱮᱭᱟᱜ ᱒ ᱭᱟ ᱮᱹᱨᱳᱱᱰᱤᱥᱢᱮᱱᱴ ᱢᱮᱱᱟᱜᱼᱟ ᱾
अर्जेंटन 12वीं शताब्दी की शुरुआत में हेनरी द्वितीय द्वारा बनाया गया था।	ᱟᱨᱡᱮᱱᱴᱟᱱ ᱫᱚ ᱑᱒ ᱥᱟᱭᱟᱱ ᱨᱮᱭᱟᱜ ᱮᱛᱚᱦᱚᱵ ᱨᱮ ᱦᱮᱱᱨᱤ ᱫᱚᱥᱟᱨ ᱫᱟᱨᱟᱭᱛᱮ ᱵᱮᱱᱟᱣ ᱞᱮᱱᱟ ᱾
क्या आपने मदद के पन्‍नों को ध्यान से पढ़ा है और इस समस्या को अच्छी तरह ठीक किया है?	ᱟᱢ ᱪᱮᱫ ᱢᱚᱱᱮᱞᱟᱜᱟᱣ ᱠᱟᱛᱮ ᱦᱮᱞᱯ ᱯᱮᱡᱠᱚ ᱮᱢ ᱯᱟᱲᱦᱟᱣ ᱟᱠᱟᱫᱟ ᱟᱨ ᱰᱷᱮᱨᱠᱟᱭᱛᱮ ᱟᱱᱟᱴᱫᱚ ᱟᱹᱨᱩᱯᱷᱮᱨᱟᱣ ᱞᱮᱫᱟᱠᱤᱱ ᱾
साथ ही, मैं लाभ जानना चाहता हूँ.	ᱥᱟᱶᱛᱮ, ᱤᱧ ᱫᱚ ᱵᱟᱰᱟᱭ ᱥᱟᱱᱟᱧ ᱠᱟᱱᱟ ᱥᱩᱵᱤᱫᱷᱟᱠᱩ ᱾
नहीं मैडम, कि मामला नहीं है.	ᱵᱟᱝ ᱢᱟᱪᱮᱛᱟᱱᱤ, ᱠᱟᱛᱷᱟ ᱫᱚ ᱱᱚᱝᱠᱟ ᱫᱚ ᱵᱟᱝ ᱾
जब 1922 में उनका विश्लेषण पूरा हुआ, तो वह स्वयं एक मनोविश्लेषक बन गईं।	᱑᱙᱒᱒ ᱥᱟᱞ ᱨᱮ ᱡᱚᱠᱷᱚᱱ ᱩᱱᱤᱭᱟᱜ ᱵᱤᱪᱷᱱᱟᱹᱣ ᱯᱩᱨᱟᱹᱜᱼᱟ, ᱩᱱᱫᱚ ᱩᱱᱤ ᱟᱡ ᱜᱮ ᱢᱤᱫᱦᱚᱲ ᱢᱚᱱᱮ ᱵᱤᱥᱲᱤᱭᱤᱡ ᱮ ᱦᱩᱭᱩᱜᱼᱟ ᱾
लेकिन उसकी खोज चाहे जो भी हो, एस्किमो जाति उस समय वहाँ रह रही थी ।	ᱢᱮᱱᱠᱷᱟᱱ ᱚᱱᱟ ᱨᱮᱱᱟᱜ ᱠᱷᱚᱡᱽ ᱵᱮᱜᱚᱨ, ᱩᱱ ᱚᱠᱛᱚ ᱨᱥᱠᱤᱢᱚ ᱡᱟᱱᱡᱟᱹᱛᱤ ᱯᱟᱹᱦᱤᱞ ᱠᱷᱚᱱ ᱜᱮ ᱚᱸᱰᱮ ᱛᱟᱦᱮᱱ ᱠᱟᱱ ᱛᱟᱦᱮᱱᱟ᱾
पारंपरिक कहानियाँ, रीति - रिवाज़, और गैर - ईसाई लोग अकसर अपने कठोर सांस्कृतिक वातावरण द्वारा पूछे जानेवाले खतरों से सावधान रहते हैं ।	ᱤᱱᱩᱭᱤᱴ ᱨᱮᱭᱟᱜ ᱦᱩᱭᱦᱤᱡᱩᱜᱠᱟᱱ ᱠᱟᱹᱦᱱᱤ, ᱟᱪᱟᱨ ᱟᱨ ᱢᱟᱱᱟᱵᱟᱨᱚᱱᱠᱩ ᱫᱚ ᱯᱨᱟᱭᱜᱤ ᱦᱩᱭᱩᱜᱠᱟᱱᱟ ᱩᱝᱠᱩᱣᱟᱜ ᱨᱚᱦᱚᱲ ᱥᱩᱢᱮᱨᱤᱭᱚ ᱞᱟᱭᱚᱝᱨᱮᱭᱟᱜ ᱫᱟᱹᱵᱽ ᱵᱤᱨᱩᱫᱽᱨᱮ ᱥᱚᱱᱛᱚᱨᱟᱱᱟᱜ ᱾
पागल लड़की। अपने रैकेट को मजबूती से पकड़ो। याद रखो जो मैंने तुम्हें सिखाया था।	ᱯᱟᱹᱜᱞᱤ ᱠᱩᱲᱤ ᱜᱤᱫᱨᱟᱹ ᱾ ᱟᱢᱟᱜ ᱨᱮᱠᱮᱴ ᱠᱮᱴᱮᱡᱛᱮ ᱥᱟᱯᱛᱟᱢ ᱾ ᱤᱧ ᱫᱚ ᱟᱢ ᱚᱠᱟᱧ ᱥᱤᱠᱷᱟᱹᱣᱟᱠᱟᱫ ᱢᱮ ᱚᱱᱟ ᱫᱤᱥᱟᱹ ᱫᱚᱦᱚᱭ ᱢᱮ ᱾
मुख्य सर्किट पर, Mrgaz शुरू करने के लिए शुरू में वह अप्रैल 2001 में, IMMM में एक 15 साल के रूप में सर्किट किया.	ᱮᱯᱨᱤᱞ ᱒᱐᱐᱑ ᱨᱮ ᱟᱭᱴᱤᱮᱷᱯ ᱥᱟᱨᱠᱤᱴ ᱨᱮ ᱑᱕ ᱥᱮᱨᱢᱟ ᱩᱢᱮᱨᱟᱱ ᱦᱤᱥᱟᱹᱵᱛᱮ ᱟᱯᱱᱟᱨ ᱩᱭᱦᱟᱹᱨ ᱠᱟᱛᱮ ᱥᱤᱱᱤᱭᱚᱨ ᱥᱟᱨᱠᱤᱴ ᱨᱮ ᱯᱩᱭᱞᱩ ᱥᱤᱜᱤᱞ ᱮ ᱩᱫᱩᱜᱥᱚᱫᱚᱨ ᱮ ᱮᱛᱚᱦᱚᱵ ᱠᱮᱫᱟ ᱢᱤᱨᱡᱟ ᱾
ओह, वह इस में निवेश किया है?	ᱳᱦ, ᱩᱱᱤ ᱱᱚᱶᱟ ᱨᱮ ᱥᱚᱯᱚᱦᱚᱫ ᱠᱟᱹᱣᱰᱤᱭ ᱮᱢ ᱟᱠᱟᱫᱟ ?
लंदन हीथ्रो हवाई अड्डे का रखरखाव खराब है। जब मैं एक टर्मिनल से दूसरे टर्मिनल की सुरंगों से गुजरता हूँ, तो सुरंगों से बदबू आती है।	ᱞᱚᱱᱰᱚᱱ ᱨᱮᱱ ᱦᱤᱛᱷᱨᱳ ᱩᱰᱟᱹᱱ ᱟᱰᱟ ᱨᱮᱭᱟᱜ ᱡᱚᱛᱚᱱ ᱡᱚᱜᱟᱣ ᱫᱚ ᱵᱟᱲᱤᱡ ᱜᱮᱭᱟ ᱾ ᱤᱧ ᱡᱚᱠᱷᱚᱱ ᱢᱤᱫᱴᱟᱝ ᱴᱟᱨᱢᱤᱱᱟᱞ ᱠᱷᱚᱱ ᱮᱴᱟᱜ ᱴᱟᱨᱢᱤᱱᱟᱞ ᱨᱤᱧ ᱪᱟᱞᱟᱜ ᱠᱟᱱᱟ, ᱩᱱ ᱚᱠᱛᱚ ᱴᱟᱱᱮᱞ ᱠᱷᱚᱱ ᱟᱹᱰᱤ ᱵᱟᱹᱲᱤᱡ ᱥᱚ ᱦᱤᱡᱩᱜ ᱠᱟᱱ ᱛᱟᱦᱮᱸ ᱾
उदाहरण के लिए, "एक व्यक्ति राज्य में जन्म लेने के जोखिम में हो सकता है अगर वह एक राज्य में पैदा हो गया है... ... जब उसके माता-पिता एक राज्य में पैदा हुए थे जो न्यायिक सोली के रूप में लागू होता है, और वह व्यक्ति को अमेरिका में दोनों पक्ष नियमों के कारण नागरिक बनने के लिए सम्मानित छोड़ दिया. "	ᱫᱟᱹᱭᱠᱟᱹ ᱞᱮᱠᱟᱛᱮ, "ᱢᱤᱫ ᱦᱚᱲᱟᱜ ᱯᱚᱱᱚᱛ ᱯᱚᱱᱚᱛᱵᱟᱦᱮᱨᱚᱜ ᱨᱮᱭᱟᱜ ᱡᱷᱩᱸᱠᱤ ᱦᱩᱭ ᱫᱟᱲᱮᱭᱟᱜᱼᱟ ᱡᱚᱫᱤ ᱩᱱᱤ ᱚᱱᱠᱟᱱ ᱯᱚᱱᱚᱛ ᱨᱮᱭ ᱡᱟᱱᱟᱢᱚᱜ ᱠᱟᱱᱟ ᱡᱟᱦᱟᱸ ᱨᱮ ᱵᱚᱝᱥᱚ ᱞᱮᱠᱟᱛᱮ ᱱᱟᱜᱚᱨᱤᱭᱟᱹ ᱞᱟᱜᱟᱣᱚᱜ ᱥᱮᱪ ᱩᱱᱤᱭᱟᱜ ᱜᱚᱜᱚ ᱵᱟᱵᱟ ᱮᱢᱚᱱ ᱢᱤᱫ ᱯᱚᱱᱚᱛ ᱨᱮᱠᱤᱱ ᱡᱟᱱᱟᱢ ᱞᱮᱱᱟ, ᱡᱟᱦᱟᱸ ᱨᱮ ᱡᱟᱱᱟᱢ ᱥᱮᱪᱛᱮ ᱱᱟᱜᱚᱨᱤᱭᱟᱹ ᱞᱟᱜᱟᱣᱚᱜ, ᱡᱟᱦᱟᱸ ᱠᱷᱟᱹᱛᱤᱨ ᱟᱯᱟᱱᱟᱯᱤᱱ ᱵᱤᱨᱩᱫ ᱟᱹᱱ ᱠᱟᱨᱚᱱᱛᱮ ᱦᱚᱲ ᱵᱟᱱᱟᱨ ᱯᱚᱱᱚᱛ ᱨᱮᱜᱮ ᱱᱟᱜᱚᱨᱤᱭᱟᱹ ᱞᱟᱹᱜᱤᱫ ᱵᱮᱼᱡᱳᱜᱢᱟᱱ ᱦᱩᱭᱩᱜᱼᱟ ᱾
समाज में धन और संसाधन के लिए सामान्य वितरण की ओर ले जा सकता है।	ᱵᱮᱜᱚᱨᱼᱚᱨᱡᱚᱱ ᱨᱮᱭᱟᱜ ᱡᱳᱭᱱᱚ ᱢᱚᱛᱚᱵᱟᱫ ᱥᱟᱶᱛᱟᱨᱮ ᱫᱩᱨᱤᱵ ᱟᱨ ᱫᱩᱨᱤᱵ ᱨᱮᱭᱟᱜ ᱟᱨᱦᱚᱸ ᱥᱚᱢᱟᱛᱮ ᱦᱟᱹᱴᱤᱧ ᱥᱮᱡᱽ ᱮ ᱤᱫᱤ ᱫᱟᱲᱮᱭᱟᱜᱼᱟ ᱾
लेकिन, इस प्रक्रिया का दुरुपयोग और ज़्यादा इस्तेमाल इस प्रक्रिया को दूषित कर रहे हैं ।	ᱡᱟᱸᱦᱟᱭᱮᱱ ᱜᱮ, ᱡᱤᱵᱟᱱᱩ ᱱᱟᱥᱟᱣ ᱠᱚ ᱨᱮᱭᱟᱜ ᱵᱟᱹᱲᱤᱡ ᱵᱮᱣᱦᱟᱨ ᱟᱨ ᱵᱟᱹᱲᱛᱤ ᱵᱮᱣᱦᱟᱨ ᱫᱚ ᱱᱚᱣᱟ ᱦᱚᱨᱟᱭ ᱛᱚᱨᱟᱣ ᱮᱫᱟ ᱾
वाह! मुझे नहीं पता था कि आपके बेटे की शादी हो रही है!	ᱳᱣᱟᱣ ! ᱵᱟᱹᱧ ᱵᱟᱰᱟᱭ ᱠᱟᱱ ᱛᱟᱦᱮᱸ ᱠᱟᱱᱟ ᱟᱢᱨᱮᱱ ᱜᱤᱫᱽᱨᱟᱹᱣᱟᱜ ᱵᱟᱯᱞᱟ ᱠᱟᱱᱟ ᱢᱮᱱᱛᱮ !
ᱤᱧ ᱫᱚ ᱢᱤᱫ ᱯᱟᱹᱴᱷᱩᱣᱟᱹ ᱠᱟᱱᱟᱹᱧ	मैं एक विद्यार्थी हूँ
तुम और तुम्हारे यूनानी नाम, यार!	ᱟᱢ ᱟᱨ ᱟᱢᱟᱜ ᱜᱨᱤᱠ ᱧᱩᱛᱩᱢ, ᱢᱟᱹᱱᱢᱤ !
फिलीपींस की राजधानी में संयुक्‍त राष्ट्रवाद के युद्ध के खर्चों को स्वयं के लोगों द्वारा भुगतान किया गया ।	ᱯᱷᱤᱞᱤᱯᱟᱭᱤᱱᱥ ᱨᱮᱭᱟᱜ ᱫᱟᱲᱮᱜ ᱛᱟᱭᱚᱢ ᱭᱩᱹᱮᱥᱹ ᱨᱮᱭᱟᱜ ᱛᱟᱯᱟᱢ ᱠᱷᱚᱨᱚᱪ ᱫᱚ ᱯᱷᱤᱞᱤᱯᱟᱭᱤᱱᱥ ᱨᱮᱱ ᱦᱚᱲ ᱠᱚ ᱮᱢ ᱞᱮᱜ-ᱟ᱾
हर बार जब मैं किसी व्यावसायिक यात्रा पर जाता था और मेरा बच्चा रोता था, तो मैं बहुत परेशान हो जाता था।	ᱤᱧ ᱫᱚ ᱛᱤᱱᱨᱮ ᱵᱮᱯᱟᱨᱤᱭᱟᱹ ᱥᱟᱸᱜᱷᱟᱨ ᱨᱮᱧ ᱪᱟᱞᱟᱜ ᱠᱟᱱ ᱛᱟᱦᱮᱸᱱ ᱩᱱ ᱚᱠᱛᱚ ᱤᱧᱨᱮᱱ ᱜᱤᱫᱨᱟᱹ ᱫᱚ ᱡᱚᱛᱚ ᱫᱷᱟᱣᱮ ᱨᱟᱜᱽ ᱟᱹᱧ ᱛᱟᱦᱮᱸᱫ, ᱤᱧᱟᱜ ᱢᱚᱱᱮᱭ ᱵᱟᱹᱲᱤᱡᱮᱫ ᱛᱟᱦᱮᱸᱫ ᱾
भिखारी मेरे द्वारा खरीदा गया खाना कूड़ेदान में कैसे फेंक सकता है?	ᱢᱤᱫᱴᱟᱝ ᱠᱚᱠᱚᱭ ᱦᱚᱲ ᱪᱮᱫ ᱞᱮᱠᱟᱛᱮ ᱤᱧ ᱠᱤᱨᱤᱧᱼᱟᱜ ᱡᱚᱢᱟᱜ ᱰᱟᱥᱴᱵᱤᱱ ᱨᱮᱭ ᱜᱤᱰᱤ ᱫᱟᱲᱮᱭᱟᱜᱼᱟ  ?
क्या आपके पास किसी और का बोझ उठाए बिना करने के लिए पर्याप्त काम नहीं है?	ᱮᱴᱟᱜ ᱦᱚᱲᱟᱜ ᱵᱷᱟᱹᱨᱤᱭᱟᱹ ᱵᱟᱝ ᱦᱟᱛᱟᱣ ᱞᱮᱠᱷᱟᱱ ᱠᱤ ᱟᱢᱟᱜ ᱡᱟᱦᱟᱱ ᱠᱟᱹᱢᱤ ᱵᱟᱹᱱᱩᱜᱼᱟ ?
मैंने तुमसे मेरा साथ देने के लिए कहा था! तुम्हारी वजह से मैं खेल हार गया!	ᱤᱧ ᱢᱮᱛᱟᱫ ᱢᱮ ᱛᱟᱦᱮᱠᱟᱱᱟ ᱤᱧ ᱦᱮᱸ ᱥᱟᱹᱨᱤᱣᱟᱹᱧ ᱞᱟᱹᱜᱤᱫ ! ᱟᱢ ᱞᱟᱹᱜᱤᱫᱛᱮ ᱠᱷᱮᱞ ᱨᱮᱧ ᱦᱟᱨᱟᱣ ᱮᱱᱟ !
यह रचना असामान्य थी क्योंकि कोपलैंड ने अपने कॉन्सर्टो में जैज़ संगीत के विचारों का इस्तेमाल किया था।	ᱱᱚᱶᱟ ᱠᱟᱹᱢᱤᱫᱚ ᱚᱥᱟᱵᱷᱮᱲ ᱛᱟᱦᱮᱸ ᱠᱟᱱᱟ ᱚᱡᱮᱫᱚ ᱠᱳᱯᱞᱮᱹᱱᱰ ᱟᱡᱟᱜ ᱠᱚᱱᱥᱟᱨᱴ ᱨᱮ ᱡᱟᱡᱽ ᱥᱮᱹᱨᱮᱹᱧ ᱨᱮᱭᱟᱜ ᱫᱷᱟᱨᱚᱱᱟᱠᱚᱭ ᱵᱮᱣᱦᱟᱨ ᱞᱮᱫᱟ ᱾
कोच में खेल भावना की कमी बेहद निराशाजनक है।	ᱠᱳᱪᱟᱜ ᱠᱷᱮᱞᱳᱰ ᱨᱮᱭᱟᱜ  ᱚᱵᱷᱟᱵᱽ ᱫᱚ ᱟᱹᱰᱤ ᱜᱮ ᱚᱵᱷᱟᱵᱽ ᱟᱱᱟᱜ ᱠᱟᱱᱟ ᱾
तीन विश्‍वों में कोई नहीं है, और कोई भी युद्ध या आत्मिक बल में उसके बराबर नहीं होगा ।	ᱯᱮᱭᱟ ᱡᱮᱜᱮᱫᱨᱮ ᱞᱟᱹᱲᱦᱟᱹᱭ ᱥᱮ ᱟᱸᱛᱛᱟᱼᱟᱱ ᱫᱟᱲᱮᱨᱮ ᱩᱱᱤ ᱥᱚᱢᱟᱱ ᱫᱚ ᱚᱠᱚᱭᱦᱚᱸ ᱵᱟᱹᱱᱩᱜ ᱠᱚᱣᱟ, ᱟᱨ ᱵᱟᱝᱠᱚ ᱦᱩᱭᱩᱜᱼᱟ ᱾
क्या संवाद प्रणाली (dialog system) बनती है और क्या नहीं, यह बहस का विषय हो सकता है।	ᱢᱤᱫᱴᱟᱝ ᱰᱟᱭᱟᱞᱚᱜ ᱥᱤᱥᱴᱮᱢ ᱪᱮᱫ ᱮ ᱵᱮᱱᱟᱣᱟ ᱟᱨ ᱪᱮᱫ ᱵᱟᱭ ᱵᱮᱱᱟᱣᱟ ᱚᱱᱟᱫᱚ ᱨᱟᱯᱟᱪᱟᱜ ᱦᱩᱭ ᱫᱟᱲᱮᱭᱟᱜᱼᱟ ᱾
वह हमारे संविधान से संबंधित है?	ᱩᱱᱤ ᱫᱚ ᱪᱮᱫ ᱟᱵᱩᱣᱟᱜᱽ ᱥᱚᱝᱵᱤᱫᱷᱟᱱ ᱥᱟᱶ ᱡᱟᱸᱦᱟᱞᱮᱠᱟ ᱡᱚᱯᱚᱲᱟᱣ ᱢᱮᱱᱟᱭᱟ ᱾
हम एक साथ पेड़ बोने हो जाएगा.	ᱟᱵᱩ ᱫᱚ ᱢᱤᱫᱽᱥᱟᱶᱛᱮ ᱫᱟᱨᱮᱵᱚᱱ ᱨᱚᱦᱚᱭᱟ ᱾
यह आखिरी बार है जब मैं तुमसे अपना कमरा साफ करने के लिए कह रहा हूँ।	ᱱᱚᱣᱟ ᱜᱮ ᱢᱩᱪᱟᱹᱫ ᱫᱷᱟᱣ ᱤᱧ ᱟᱢ ᱚᱲᱟᱜ ᱥᱟᱯᱷᱟᱧ ᱢᱮᱛᱟᱢ ᱠᱟᱱᱟ ᱾
नहीं	ᱵᱟᱝ
इस वर्ष मैंने विभिन्न योजनाओं की मदद से बहुत सारा टैक्स बचाया।	ᱱᱤᱭᱟᱹ ᱥᱮᱨᱢᱟ ᱤᱧ ᱫᱚ ᱟᱭᱢᱟ ᱞᱮᱠᱟᱱ ᱥᱠᱤᱢ ᱠᱚ ᱦᱚᱛᱮᱛᱮ ᱟᱭᱢᱟ ᱴᱮᱠᱥ ᱨᱮᱭᱟᱜ ᱠᱟᱹᱣᱰᱤᱧ ᱵᱟᱧᱪᱟᱣ ᱟᱠᱟᱫᱟ ᱾
NATAS के मुख्य जानकारी अधिकारी Cindman के $4 अरब साल बाहर कंप्यूटर विज्ञान विभाग और आंसेल के साथ अनुबंध बाहर थे, इस प्रकार "एक प्रक्रिया को बढ़ावा देने से बचने के लिए अगर हम इसे घर में करना चाहते हैं."	ᱠᱚᱢᱯᱤᱭᱩᱴᱟᱨ ᱥᱟᱭᱮᱱᱥᱮᱥ ᱠᱚᱨᱯᱚᱨᱮᱥᱚᱱ ᱟᱨ ᱮᱥᱥᱮᱱᱪᱟᱨ ᱥᱟᱶ ᱰᱩᱯᱚᱱᱴᱥ ᱨᱮᱱ ᱪᱤᱯᱷ ᱤᱱᱯᱷᱚᱨᱢᱮᱥᱚᱱ ᱚᱯᱷᱤᱥᱟᱨ ᱥᱤᱱᱰᱟ ᱦᱚᱞᱢᱮᱱᱟᱜ $᱔ ᱵᱤᱞᱞᱤᱭᱚᱱ ᱑᱐ᱼᱥᱮᱨᱢᱟᱨᱮᱭᱟᱜ ᱟᱣᱩᱴᱥᱳᱨᱥᱤᱝ ᱪᱩᱠᱛᱤ ᱪᱟᱞᱟᱣᱵᱟᱱᱟᱣᱤᱡᱽᱟᱜ ᱵᱚᱨᱱᱚᱱ ᱟᱣᱩᱴᱥᱳᱨᱥ ᱵᱮᱱᱟᱣ ᱦᱩᱭᱞᱮᱱᱟ ᱱᱚᱝᱠᱟᱞᱮᱠᱟᱛᱮ "ᱢᱤᱫᱴᱟᱝ ᱠᱟᱹᱢᱤᱦᱚᱨᱟ ᱥᱤᱨᱡᱟᱹᱣ ᱡᱚᱫᱤ ᱟᱞᱮ ᱚᱲᱟᱜᱽ ᱵᱷᱟᱹᱨᱨᱮ ᱫᱩᱲᱩᱵᱠᱟᱛᱮᱞᱮ ᱠᱚᱨᱟᱣ ᱫᱟᱲᱮᱜᱽ ᱾"
इन भाषाओं के सबसे पुराने अभिलिखित रूप, Vandart और गती एवियन एवियन, बहुत ही समान हैं, जो आम प्रोटोटो-इनन भाषा से नीचे उतर आए हैं।	ᱪᱟᱞᱟᱣᱦᱮᱡᱩᱜᱠᱟᱱ ᱯᱨᱳᱴᱳ ᱤᱱᱫᱳ ᱤᱨᱟᱱᱤ ᱯᱟᱹᱨᱥᱤ ᱠᱷᱚᱱ ᱦᱮᱪ ᱟᱠᱟᱱ ᱵᱚᱭᱫᱤᱠ ᱥᱚᱝᱥᱠᱨᱤᱛ ᱟᱨ ᱜᱚᱛᱷᱤᱠ ᱟᱵᱮᱥᱛᱟᱱ ᱯᱟᱹᱨᱥᱤ ᱨᱮᱭᱟᱜ ᱢᱟᱨᱮᱱ ᱟᱱᱟᱜ ᱞᱤᱯᱤᱵᱷᱩᱠᱛᱚ ᱨᱩᱯ ᱦᱟᱦᱟᱲᱟᱜ ᱞᱮᱠᱟᱱ ᱚᱱᱟᱥᱤᱠ ᱾
8 अगस्त 1984 को यूवीपी के लिए नियुक्‍त एक संतोषजनक, यूएस453303030 पर और बाद में 3D सिस्टम निगम के लिए, एक भौतिक आविष्कार प्रणाली के लिए काम किया गया था, जिसमें व्यक्‍तिगत रूप से परिक्षणों या परतों को नष्ट करने के द्वारा जोड़ा जाता है, न कि विकिरण, बमों, बम, बम, बम, बम, और न्जन - विस्फोट, और न ही रसायन - व्यवस्था ।	᱘ ᱟᱜᱚᱥᱴ, ᱑᱙᱘᱔ ᱼᱨᱮ, ᱤᱭ ᱷᱤᱯᱤ, ᱤᱱᱚᱠ ᱟᱨ ᱛᱟᱭᱚᱢ ᱫᱟᱨᱟᱢ ᱓ᱰᱤ ᱥᱤᱥᱴᱮᱢᱚᱥ ᱠᱚᱨᱯᱳᱨᱮᱥᱚᱱ ᱨᱮ ᱪᱟᱠ ᱦᱟᱞ ᱠᱚ ᱮᱢᱟᱜᱠᱚᱣᱟ ᱯᱮᱴᱮᱱᱴ ᱤᱭ ᱮᱥ ᱔᱕᱗᱕᱓᱓᱐ ᱵᱤᱨᱩᱫᱨᱮ ᱡᱷᱟᱞᱠᱟᱣ ᱵᱚᱞᱚᱜ ᱠᱟᱱᱟ, ᱠᱚᱱᱟ ᱫᱟᱜ, ᱨᱟᱥᱟᱭᱚᱱᱤᱠ ᱠᱟᱹᱢᱤᱛᱤᱭᱟᱜ ᱟᱨᱵᱟᱝᱠᱷᱟᱱ ᱠᱷᱟᱞᱤ ᱢᱟᱨᱥᱟᱞ ᱚᱛᱤ ᱵᱮᱜᱩᱱᱤ ᱞᱮᱡᱟᱨᱨᱥᱢᱤ ᱵᱮᱵᱦᱟᱨ ᱠᱟᱛᱮ ᱯᱷᱚᱴᱳᱯᱞᱤᱢᱟᱨ ᱥᱟᱨᱪᱟᱞᱟᱹᱜᱤᱫ ᱢᱤᱫᱴᱟᱝ ᱥᱴᱤᱨᱤᱣᱞᱤᱛᱷᱳᱜᱨᱟᱯᱷᱤ ᱮᱲᱮᱭᱟᱥᱱ ᱦᱚᱨᱟ ᱢᱟᱢᱞᱟ ᱞᱮᱫᱟᱭ᱾
यह श्रृंखला एलेक्स राइडर नामक एक किशोर जासूस के बारे में है।	ᱥᱤᱨᱤᱡ ᱫᱚ ᱟᱞᱮᱠᱥ ᱨᱟᱭᱰᱟᱨ ᱧᱩᱛᱩᱢ ᱛᱮ ᱢᱤᱫ ᱡᱩᱣᱟᱹᱱ ᱜᱩᱯᱛᱚᱪᱚᱨ ᱤᱫᱤᱠᱟᱛᱮ ᱾
मेरे पास सौ कॉफ़ी हैं।	ᱤᱧ ᱴᱷᱮᱱ ᱢᱤᱫ ᱥᱟᱭ ᱜᱚᱴᱟᱝ ᱠᱚᱯᱷᱤ ᱢᱮᱱᱟᱜᱼᱟ ᱠᱚᱣᱟ।
सच में? क्या आपको लगता है कि भारतीय पैसों के लिए भारत को धोखा देंगे?	ᱥᱟᱹᱨᱤᱜᱮ ? ᱟᱢ ᱠᱤᱢ ᱢᱚᱱᱮᱭᱟ ᱵᱷᱟᱨᱚᱛᱤᱭᱟᱹ ᱠᱚᱫᱚ ᱴᱟᱠᱟ ᱞᱟᱹᱜᱤᱫ ᱜᱮ ᱵᱷᱟᱨᱚᱛ ᱥᱟᱞᱟᱜ ᱠᱚ ᱴᱷᱚᱠᱵᱟᱹᱡᱤᱭᱟ ?
मुझे यह सुनकर बहुत खेद है कि मेरे परीक्षण के परिणाम नकारात्मक आए हैं। क्या कुछ और किया जा सकता है?	ᱤᱧ ᱟᱸᱡᱚᱢ ᱠᱟᱛᱮᱫ ᱟᱹᱰᱤ ᱫᱩᱠᱷᱤᱧ ᱵᱩᱡᱷ ᱠᱮᱫᱟ ᱡᱮ ᱤᱧᱟᱜ ᱵᱤᱰᱟᱹᱣ ᱨᱮᱭᱟᱜ ᱡᱚ ᱫᱚ ᱵᱟᱹᱲᱤᱡ ᱜᱮ ᱦᱮᱡ ᱟᱠᱟᱱᱟ ᱾ ᱟᱨ ᱡᱟᱦᱟᱱᱟᱜ ᱪᱮᱫ ᱪᱮᱠᱟᱭ ᱦᱩᱭᱩᱜᱼᱟ ?
मुझे खेद है लेकिन हमारे पास अभी तक वॉटर फिल्टर के स्पेयर पार्ट्स नहीं हैं (सेवा प्रदाता)।	ᱤᱧ ᱟᱹᱰᱤ ᱫᱩᱠᱷ ᱤᱧ ᱥᱚᱫᱚᱨᱮᱫ ᱠᱟᱱᱟ, ᱢᱮᱱᱠᱷᱟᱱ ᱟᱞᱮ ᱴᱷᱮᱱ ᱱᱤᱛᱦᱚᱸ ᱫᱟᱜ ᱨᱮᱭᱟᱜ ᱯᱷᱤᱞᱴᱟᱨ ᱞᱟᱹᱜᱤᱫ ᱠᱷᱩᱪᱨᱟᱹ ᱡᱚᱱᱛᱨᱚ ᱠᱚᱫᱚ ᱵᱟᱹᱱᱩᱜᱼᱟ (ᱯᱚᱨᱤᱥᱮᱵᱟ ᱮᱢᱚᱜᱤᱡ) ᱾
मुझे अभी भी याद है कि पश्‍चिम बंगाल के चित्र को पिछली बार कैसे सजाया गया था ।	ᱤᱧᱟᱜ ᱱᱤᱛ ᱦᱚᱸ ᱫᱤᱥᱟᱹ ᱦᱤᱡᱩᱜᱽᱠᱟᱱᱟ ᱢᱩᱪᱟᱹᱫᱽ ᱫᱷᱟᱣ ᱪᱮᱫᱽ ᱞᱮᱠᱟᱛᱮ ᱯᱚᱪᱷᱤᱢ ᱵᱟᱝᱞᱟ ᱫᱚ ᱴᱮᱵᱞᱳᱠᱩ ᱩᱫᱩᱜᱽᱥᱚᱫᱚᱨᱞᱮᱫᱟ ᱾
यह यूनाइटेड वर्ल्ड कॉलेज नामक एक अंतरराष्ट्रीय स्कूल की एक शाखा है।	ᱱᱚᱶᱟ ᱫᱚ ᱤᱭᱩᱱᱟᱭᱴᱮᱰ ᱳᱣᱟᱨᱞᱰ ᱠᱚᱞᱮᱡᱽ ᱧᱩᱛᱩᱢᱛᱮ ᱢᱤᱫᱴᱟᱝ ᱡᱮᱜᱮᱛᱤᱭᱟᱹ ᱤᱛᱩᱱ ᱟᱥᱲᱟ ᱨᱮᱭᱟᱜ ᱪᱟᱸᱜᱟ ᱾
अप्रैल 2015 में, कंपनी ने व्यापार में अपना 60वां वर्ष मनाया।	᱒᱐᱑᱕ ᱥᱟᱞ ᱨᱮᱭᱟᱜ ᱮᱯᱨᱤᱞ ᱨᱮ, ᱠᱳᱢᱯᱟᱱᱤ ᱫᱚ ᱵᱮᱯᱟᱨ ᱨᱮ ᱟᱡᱟᱜ ᱖᱐ ᱟᱱᱟᱜ ᱥᱮᱨᱢᱟᱭ ᱯᱟᱞᱟᱣ ᱠᱮᱫᱟ ᱾
दूर स्थानों में, सेल फोन के बारे में बिना, एक उपग्रह फोन आपका एकमात्र विकल्प हो सकता है.	ᱥᱟᱝᱜᱤᱧ ᱡᱟᱭᱜᱟ ᱨᱮ, ᱥᱮᱞ ᱯᱷᱚᱱ ᱠᱚᱣᱨᱮᱡᱽ ᱵᱮᱜᱚᱨ, ᱢᱤᱫ ᱥᱟᱴᱮᱞᱟᱭᱤᱴ ᱯᱷᱚᱱ ᱟᱢ ᱞᱟᱹᱜᱤᱫ ᱢᱤᱫ ᱚᱯᱥᱚᱱ ᱦᱩᱭ ᱫᱟᱲᱮᱭᱟᱜᱼᱟ᱾
इस विषय को आम तौर पर एक राष्ट्र माना जाता है ।	ᱜᱩᱴ ᱠᱟᱹᱣᱰᱤᱟᱹᱨᱤ ᱨᱮ ᱥᱟᱛᱟᱢᱴᱟᱜ ᱫᱚ ᱥᱟᱫᱷᱟᱨᱚᱱ ᱞᱮᱠᱟᱛᱮ ᱢᱤᱴᱴᱮᱱ ᱡᱟᱹᱛᱤ ᱟᱨ ᱪᱮᱫ ᱞᱮᱠᱟ ᱡᱚᱛᱚ ᱵᱟᱡᱟᱨ ᱠᱩ ᱢᱟᱨᱟᱝ ᱜᱷᱚᱴᱚᱱ ᱵᱮᱱᱟᱣ ᱞᱟᱹᱜᱤᱫ ᱠᱩ ᱜᱟᱞᱢᱟᱨᱟᱣᱟ ᱚᱱᱟ ᱫᱚ ᱠᱟᱹᱣᱰᱤᱟᱹᱨᱤᱭᱟᱱ ᱠᱩ ᱫᱚ ᱜᱩᱴᱟᱱ ᱵᱚᱫᱚᱞᱟᱱᱟᱜ ᱠᱩ ᱢᱮᱛᱟᱜ ᱠᱟᱱᱟ ᱾
मेरे पास दस मछली हैं।	ᱤᱧ ᱴᱷᱮᱱ ᱜᱮᱞ ᱜᱚᱴᱟᱝ ᱢᱟᱪᱷᱤ ᱢᱮᱱᱟᱜᱼᱟ ᱠᱚᱣᱟ।
कृपया मुझे गोदाम में मत भेजो। वहाँ अंधेरा है।	ᱫᱟᱭᱟ ᱠᱟᱛᱮ ᱜᱳᱰᱟᱣᱩᱱ ᱨᱮ ᱟᱞᱚᱢ ᱠᱩᱞᱤᱧᱟ ᱾ ᱚᱸᱰᱮ ᱫᱚ ᱧᱩᱛ ᱜᱮᱭᱟ ᱾
इस फॉर्मेट का आस्पेक्ट अनुपात (पूरी संख्या अनुपात प्राप्त करने के लिए बारह द्वारा) इसलिए कहा जाता है 3:2.	ᱱᱚᱶᱟ ᱯᱨᱟᱨᱩᱯ ᱨᱮᱱᱟᱜ ᱯᱟᱦᱞᱩ ᱟᱱᱩᱯᱟᱛ (ᱥᱟᱱᱟᱢ ᱠᱷᱚᱱ ᱥᱟᱨᱟᱞ ᱯᱩᱨᱬ ᱮᱞᱮᱞ ᱟᱱᱩᱯᱟᱛ ᱧᱟᱢ ᱞᱟᱹᱜᱤᱫ ᱜᱮᱞᱵᱟᱨ ᱥᱟᱶ ᱵᱤᱵᱷᱟᱡᱤᱛ) ᱚᱱᱟᱛᱮ ᱓:᱒ ᱢᱮᱛᱟᱣᱟᱜᱼᱟ᱾
यह हरे - भरे पहाड़ों से घिरा हुआ है ।	ᱱᱚᱶᱟ ᱵᱮᱲᱦᱟᱭᱛᱮ ᱱᱤᱨᱚᱲ ᱵᱩᱨᱩ, ᱱᱚᱶᱟ ᱜᱷᱚᱸᱜᱚᱨ ᱠᱚᱫᱚ ᱵᱦᱟᱨᱚᱛᱤᱭᱚ ᱠᱩᱸᱫᱟᱹᱣ ᱪᱤᱛᱟᱹᱨ ᱠᱚᱭ ᱡᱷᱟᱞᱠᱟᱣᱼᱟ ᱾
अपनी सीट ले आओ.	ᱫᱟᱭᱟᱠᱟᱛᱮ ᱟᱢᱟᱜ ᱡᱟᱭᱜᱟᱨᱮ ᱫᱩᱲᱩᱵᱽᱢᱮ ᱾
मैं हाल ही में व्यस्त रहा है.	ᱦᱟᱹᱞᱤᱫᱚ ᱡᱚᱦᱚᱲ ᱜᱮᱧ ᱛᱟᱦᱮᱸᱠᱟᱱᱟ ᱾
यह अर्थ एक भिन्‍न वर्तमान रूपांतरणक है जो चारों ओर फैला हुआ है (लेकिन यह बिजली - मुक्‍त नहीं है) जीवित और निष्पक्ष ओवरसियर ।	ᱥᱮᱱᱥ ᱠᱚᱭᱮᱞ ᱫᱚ ᱢᱤᱫᱴᱟᱝ ᱮᱴᱟᱜᱞᱮᱠᱟ ᱵᱤᱡᱞᱤ ᱴᱨᱟᱱᱥᱯᱷᱚᱨᱢᱟ ᱠᱟᱱᱟ ᱡᱟᱦᱟᱸ ᱫᱚ ᱡᱤᱭᱟᱹᱲ ᱟᱨ ᱠᱚᱢᱚᱜ ᱠᱚᱱᱰᱟᱠᱴᱚᱨ ᱮᱥᱮᱫᱠᱟᱛᱮᱭ ᱛᱟᱦᱮᱸᱱᱟ (ᱢᱮᱱᱠᱷᱟᱱ ᱵᱤᱡᱞᱤᱛᱮᱱᱟᱜ ᱞᱮᱠᱟᱛᱮ ᱫᱚ ᱵᱟᱝ ᱡᱚᱲᱟᱣ ᱛᱟᱦᱮᱸᱱᱟ) ᱾
यह कैसे राजनीति हमेशा है, है ना?	ᱨᱟᱡᱟᱹᱨᱤ ᱢᱟ ᱱᱚᱝᱠᱟ ᱜᱤ ᱦᱩᱭᱩᱜ ᱥᱟᱱᱟᱢ ᱚᱠᱛᱚ, ᱥᱮ ᱵᱟᱝ ?
क्या आपको इस खेल में महारत हासिल न करने पर पीछे छूट जाने का डर नहीं है? (जेन जेड 1)	ᱟᱢ ᱡᱩᱫᱤ ᱜᱮᱢ ᱵᱟᱢ ᱟᱭᱚᱛᱛᱚᱭᱟ ᱛᱚᱵᱮ ᱪᱮᱫ ᱟᱢ ᱛᱟᱭᱚᱢᱚᱜ ᱨᱮᱭᱟᱜ ᱵᱟᱢ ᱵᱚᱛᱚᱨᱚᱜ ᱠᱟᱱᱟ ? (ᱡᱮᱱᱟᱨᱮᱞ ᱡᱮᱰ ᱑)
लेकिन मैं इस बारे में कुछ नहीं जानता.	ᱢᱮᱱᱠᱷᱟᱱ ᱤᱧ ᱫᱚ ᱱᱤᱭᱟᱹ ᱵᱟᱵᱚᱫ ᱪᱮᱫ ᱦᱚᱸ ᱵᱟᱹᱧ ᱵᱟᱰᱟᱭᱟ ᱾
क्या आपको लगता है कि यह कब तक के लिए जा सकता है?	ᱟᱢᱟᱜ ᱪᱮᱫ ᱡᱟᱦᱟᱸᱱ ᱟᱹᱱᱟᱹᱭᱠᱟᱹᱣ ᱢᱮᱱᱟᱜᱼᱟ ᱛᱤᱱᱜᱷᱟᱹᱲᱤ ᱱᱚᱶᱟ ᱪᱟᱞᱟᱣ ᱫᱟᱲᱮᱭᱟᱜᱼᱟ ?
नाज़ियों ने ऑस्ट्रिया पर कब्ज़ा कर लिया और यहूदी लोगों के लिए जीवन बहुत कठिन बना दिया।	ᱱᱟᱛᱥᱤᱨᱟ ᱫᱚ ᱚᱥᱴᱨᱤᱭᱟᱭ ᱫᱚᱠᱷᱚᱞ ᱞᱮᱫᱟ ᱟᱨ ᱤᱦᱩᱫᱤ ᱫᱤᱥᱩᱣᱟᱹ ᱠᱚᱣᱟᱜ ᱡᱤᱭᱚᱱ ᱫᱚ ᱟᱸᱡᱷᱟᱴ ᱨᱟᱠᱟᱵ ᱞᱮᱫᱟᱭ ᱾
यह एक आसान प्रक्रिया है ।	ᱛᱟᱹᱞᱤᱠᱟ ᱨᱮ ᱥᱮᱞᱮᱫ ᱦᱚᱨᱟ ᱫᱚ ᱟᱞᱜᱟ ᱜᱮᱭᱟ ᱾
जी हाँ, वे प्रचार और सामान के लिए एक दूसरे के विरुद्ध विरोध करते हैं ।	ᱦᱮᱸ, ᱩᱝᱠᱩ ᱫᱚ ᱯᱟᱥᱱᱟᱣ ᱟᱨ ᱫᱩᱨᱤᱵᱽᱠᱩ ᱞᱟᱹᱜᱤᱫ ᱢᱤᱫᱽᱮᱴᱟᱜᱤᱡᱽ ᱵᱤᱨᱩᱫᱠᱚ ᱡᱟᱸᱜᱮ ᱫᱟᱨᱟᱢᱟ ᱾
ऐसी बातें अलग - अलग अनुशासन बन गयी हैं, जो सच्ची जीवन समस्याओं के समाधान प्रदान करने पर ध्यान केंद्रित करती हैं ।	ᱱᱚᱠᱟᱱ ᱡᱤᱱᱤᱥ ᱮᱴᱟᱜᱼᱮᱴᱟᱜ ᱛᱷᱚᱠ ᱛᱮᱭᱟᱨ ᱮᱱᱟ, ᱡᱟᱦᱟᱸ ᱫᱚ ᱥᱟᱹᱨᱤ ᱡᱤᱣᱚᱱ ᱨᱮᱭᱟᱜ ᱥᱚᱢᱟᱫᱷᱟᱱ ᱮᱢᱚᱜ ᱨᱮᱭᱟᱜ ᱩᱫᱩᱜ ᱛᱟᱦᱮᱸᱱ ᱠᱟᱱᱟ᱾
साथ ही, वे अपने लक्ष्य हासिल करने के लिए मुश्‍किल - से - मुश्‍किल हालात का सामना करते हैं ।	ᱜᱟᱫᱮᱞᱨᱮᱱ ᱨᱟᱹᱥᱤᱭᱟᱹ ᱠᱚᱫᱚ ᱯᱚᱭᱮᱱᱴ ᱟᱨ ᱥᱠᱳᱨ ᱠᱚ ᱵᱮᱱᱟᱣᱼᱟ, ᱜᱚᱴᱟᱼᱱᱩᱴᱟᱹᱭᱟᱠᱚ, ᱟᱠᱚ ᱛᱟᱞᱟᱨᱮ ᱠᱚ ᱡᱳᱜᱟᱡᱳᱜᱼᱟ, ᱵᱤᱨᱩᱫᱷᱟᱱᱟᱜ ᱦᱟᱞᱚᱛ ᱪᱟᱪᱞᱟᱣᱼᱟ, ᱟᱨ ᱟᱠᱚᱣᱟᱜ ᱡᱚᱥ ᱧᱟᱢ ᱞᱟᱹᱜᱤᱫ ᱢᱤᱫ ᱜᱚᱲᱚᱟᱱ, ᱯᱟᱹᱛᱭᱟᱹᱣᱟᱱ ᱦᱟᱞᱚᱛᱨᱮ ᱮᱴᱠᱮᱴᱚᱱᱲᱮ ᱠᱚ ᱥᱚᱞᱦᱟᱭᱟ ᱾
भविष्य में सुविधा के लिए, आप बाज़ार में हमारी सेवाओं का लाभ उठाने के लिए एक ऐप का उपयोग कर सकते हैं ।	ᱦᱟᱯᱮᱱᱨᱮ ᱥᱩᱵᱤᱫᱷᱟ ᱞᱟᱹᱜᱤᱫᱽ, ᱠᱮᱢᱯᱟᱥᱨᱮ ᱟᱞᱮᱭᱟᱜ ᱡᱚᱛᱱᱟᱣᱠᱩ ᱧᱟᱢ ᱞᱟᱹᱜᱤᱫᱽ ᱮᱯᱮᱢ ᱵᱮᱵᱚᱦᱟᱨ ᱫᱟᱲᱮᱭᱟᱜᱽᱼᱟ ᱾
मेरा मतलब है, क्या यह सब जानकारी मौसम की परिस्थितियों, जगहों, संरचनाओं, और आप बाहर कर रहे हैं जब क्या हाथ नहीं आता?	ᱤᱧ ᱞᱟᱹᱭ ᱟᱪᱚᱭᱮᱫᱟ, ᱟᱢ ᱡᱚᱠᱷᱚᱱ ᱡᱟᱭᱜᱟᱠᱚᱢ ᱯᱟᱸᱡᱟᱭᱟ ᱩᱱᱡᱚᱠᱷᱚᱱ ᱦᱚᱭᱦᱤᱥᱤᱫ ᱨᱮᱭᱟᱜ ᱦᱟᱞᱚᱛ,ᱴᱷᱟᱶ,ᱜᱚᱲᱦᱚᱱ ᱟᱨ ᱪᱮᱫ ᱠᱟᱹᱢᱤᱨᱮ ᱞᱟᱜᱟᱜᱼᱟ ᱥᱮ ᱵᱟᱝ ᱚᱱᱟ ᱵᱟᱨᱮᱛᱮᱱᱟᱜ ᱥᱟᱱᱟᱢ ᱰᱚᱜᱚᱨ ᱠᱚᱫᱚ ᱪᱮᱫ ᱠᱟᱱᱟ ?
उनका जन्म प्रेमिया डी डाल्ट, स्पेन में हुआ था।	ᱩᱱᱤ ᱫᱚ ᱥᱯᱮᱱ ᱨᱮᱭᱟᱜ ᱯᱨᱤᱢᱤᱭᱟ ᱰᱤ ᱰᱟᱞᱴ ᱨᱮᱭ ᱡᱟᱱᱟᱢ ᱞᱮᱱᱟ ᱾
मुझे आज बाज़ार से ताज़े गुलाब मिले। उनकी खुशबू बहुत अच्छी है।	ᱤᱧ ᱛᱮᱦᱮᱧ ᱵᱟᱡᱟᱨ ᱠᱷᱚᱱ ᱴᱟᱴᱠᱟ ᱜᱳᱞᱟᱯᱤᱧ ᱟᱹᱜᱩᱣᱟᱠᱟᱫᱟ ᱾ ᱚᱱᱟ ᱨᱮᱭᱟᱜ ᱥᱚ ᱫᱚ ᱟᱹᱰᱤ ᱢᱚᱡ ᱾
फिर इन्हें एक गेंद में झोंक दीजिए ।	ᱵᱟᱨᱭᱟ ᱜᱟᱱ ᱫᱷᱩᱲᱤ ᱪᱩᱱ ᱢᱤᱫ ᱥᱟᱶᱛᱮ ᱟᱹᱪᱩᱨ ᱢᱮ ᱟᱨ ᱛᱟᱭᱚᱢ ᱛᱮ, ᱥᱟᱯᱷᱟ ᱞᱚᱦᱚᱫ ᱛᱤᱛᱮ, ᱢᱤᱫ ᱜᱮᱸᱫᱟ ᱞᱮᱠᱟ ᱨᱚᱰᱚᱡ ᱢᱮ᱾
कार चालक ने रोड रेज की घटना में सिर्फ इसलिए एक व्यक्ति पर हमला कर दिया क्योंकि दूसरे व्यक्ति ने उसकी कार को ओवरटेक किया था।	ᱨᱳᱰ ᱨᱮᱡ ᱨᱮᱭᱟᱜ ᱢᱤᱫᱴᱟᱝ ᱜᱷᱚᱴᱱᱟ ᱨᱮ ᱜᱟᱺᱰᱤ ᱰᱨᱟᱭᱵᱷᱟᱨ ᱫᱚ ᱢᱤᱫ ᱦᱚᱲ ᱪᱮᱛᱟᱱ ᱨᱮ ᱡᱟᱨᱯᱟ ᱞᱮᱫᱟᱭ ᱪᱮᱫᱟᱜ ᱥᱮ ᱮᱴᱟᱜ ᱦᱚᱲ ᱫᱚ ᱩᱱᱤᱭᱟᱜ ᱜᱟᱺᱰᱤᱭ ᱛᱤᱭᱟᱹᱜ ᱠᱮᱫᱟ ᱾
क्या आपने अंदा गुफा भी देखी है, जो Ajjara और ईएला से थोड़ा अलग हैं?	ᱟᱢ ᱪᱮᱫ ᱳᱣᱨᱚᱝᱜᱚᱵᱟᱫ ᱜᱩᱦᱟᱢ ᱧᱮᱞ ᱟᱠᱟᱫᱟ, ᱡᱟᱦᱟᱸ ᱠᱚᱫᱚ ᱚᱡᱚᱱᱛᱟ ᱟᱨ ᱤᱞᱳᱨᱟ ᱠᱷᱚᱱ ᱱᱟᱥᱮ ᱱᱟᱜ ᱵᱷᱮᱜᱟᱨ ᱜᱮᱭᱟ ?
शादी के बारे में कौन गवाही दे सकता है?	ᱵᱟᱯᱞᱟ ᱴᱷᱟᱲᱚᱜᱟᱴᱟᱭ ᱨᱮᱱ ᱥᱟᱹᱠᱷᱤ ᱚᱠᱚᱭ ᱦᱩᱭᱩᱜᱼᱟ ?
आपको कम - से - कम 3 सालों तक प्रीनियमों का भुगतान करना पड़ता है ।	ᱟᱢ ᱫᱚ ᱠᱚᱢ ᱠᱟᱭᱛᱮ ᱓ ᱥᱮᱨᱢᱟ ᱞᱟᱹᱜᱤᱫ ᱵᱷᱟᱜᱤ ᱥᱟᱹᱦᱤᱫᱛᱮ ᱯᱨᱤᱢᱤᱭᱟᱢ ᱮᱢ ᱦᱩᱭᱩᱜ ᱛᱟᱭᱟ ᱾
आलम शाह: आलम शाह सैय्यद वंश के चौथे और अंतिम शासक थे।	ᱟᱞᱚᱢ ᱥᱟᱦᱚᱭ ᱛᱟᱦᱮᱸ ᱠᱟᱱᱟ ᱥᱟᱭᱮᱱᱥ ᱵᱚᱝᱥᱚ ᱨᱮᱱ ᱯᱩᱱᱟᱱ ᱟᱨ ᱢᱩᱪᱟᱹᱫ ᱥᱟᱥᱚᱱᱤᱭᱟᱹ ᱾
डॉक्टर मैनगोला कहते हैं कि यह देश में सबसे बदतर बढ़ोतरी है ।	ᱢᱮᱰᱤᱠᱟᱞ ᱪᱮᱨᱤᱴᱤ ᱢᱚᱝᱜᱚᱞᱟ, ᱢᱮᱰᱤᱥᱤᱱᱥ ᱥᱟᱱᱥ ᱯᱷᱨᱳᱱᱴᱤᱭᱚᱨᱥ ᱟᱨ ᱡᱮᱜᱮᱛ ᱦᱚᱲᱢᱚᱱ ᱥᱟᱶᱟᱨ ᱥᱮᱢᱞᱮᱫ ᱣᱟᱜ ᱢᱮᱱ ᱠᱟᱱᱟ ᱡᱮ ᱱᱚᱣᱟ ᱫᱤᱥᱚᱢ ᱨᱮ ᱞᱮᱠᱷᱟ ᱟᱠᱟᱱ ᱡᱚᱛᱚ ᱠᱷᱚᱱ ᱵᱟᱹᱲᱤᱡ ᱚᱨᱥᱚᱝ ᱯᱟᱲᱟᱣ ᱟᱠᱟᱱᱟI
यह इस बात को पुख्ता करता है कि यीशु के जन्म से पहले पन्‍ने या छोटे - छोटे जीव - जंतुओं की नकल करने की ज़रूरत है ।	ᱟᱹᱨᱡᱤᱟᱠᱟᱫᱠᱚ ᱟᱠᱚᱣᱟᱜ ᱟᱹᱨᱤᱟᱱ ᱯᱟᱥᱯᱳᱴ ᱨᱮᱭᱟᱜ ᱯᱩᱭᱞᱩ ᱥᱟᱦᱴᱟ ᱥᱮ ᱡᱤᱭᱚᱱ ᱪᱩᱨᱤᱛ ᱥᱟᱦᱴᱟ ᱨᱮᱭᱟᱜ ᱢᱤᱫᱴᱟᱝ ᱤᱥᱠᱮᱱ ᱠᱚᱨᱟᱣ ᱨᱚᱝᱤᱱ ᱠᱚᱯᱤ ᱡᱚᱢᱟ ᱦᱩᱭᱩᱜ ᱛᱟᱢᱟ ᱾
फरवरी और अप्रैल के लिए हर महीने औसतन 1 इंच अलग - अलग तरीके से रखा जाता है ।	ᱡᱚᱛᱚ ᱪᱟᱸᱫᱳ ᱨᱮᱭᱟᱜ ᱜᱚᱲ ᱫᱟᱜᱡᱟᱹᱲᱤ ᱯᱷᱮᱵᱨᱟᱣᱟᱨᱤ ᱠᱷᱚᱱ ᱮᱯᱨᱤᱞ ᱞᱟᱹᱜᱤᱫ ᱕᱔ ᱢᱤᱢᱤ (᱒ᱹ᱑ ᱤᱧᱪᱤ) ᱟᱨ ᱡᱩᱞᱟᱭ ᱞᱟᱹᱜᱤᱫ ᱗᱘ ᱢᱤᱢᱤ (᱓ᱹ᱑ ᱤᱧᱪᱤ) ᱨᱮᱭᱟᱜ ᱢᱩᱫᱽᱨᱮ ᱟᱹᱪᱩᱨᱚᱜ ᱠᱟᱱᱟ ᱾
लेकिन ये पौधे के लिए बहुत आसान हैं.	ᱢᱮᱱᱠᱷᱟᱱ ᱱᱤᱭᱟᱹᱠᱩ ᱨᱚᱦᱚᱭ ᱫᱚ ᱟᱹᱰᱤᱜᱤ ᱟᱞᱜᱟᱣᱟ ᱾
जब से मेरे पसंदीदा खिलाड़ी एम. एस. धोनी आईपीएल से सेवानिवृत्त हुए हैं, मुझे अब क्रिकेट देखने में मज़ा नहीं आता।	ᱤᱧᱨᱮᱱ ᱥᱚᱨᱮᱥ ᱠᱷᱮᱞᱳᱰᱤᱭᱟᱹ ᱮᱢ ᱮᱥ ᱫᱷᱳᱱᱤ ᱟᱭᱹᱯᱤᱹᱮᱞ ᱠᱷᱚᱱ ᱡᱤᱨᱟᱹᱣ ᱦᱟᱛᱟᱣ ᱛᱟᱭᱚᱢ ᱠᱷᱚᱱ, ᱤᱧ ᱫᱚ ᱟᱨ ᱠᱨᱤᱠᱮᱴ ᱧᱮᱞ ᱵᱟᱹᱧ ᱠᱩᱥᱤᱭᱟᱜᱼᱟ ᱾
डेटाबेस सिस्टम इलेक्ट्रॉनिक डेटाबेस के प्रबंधन के लिए एक कंप्यूटर प्रोग्राम है।	ᱢᱤᱫᱴᱟᱝ ᱰᱟᱴᱟᱵᱮᱥ ᱥᱤᱥᱴᱟᱢ ᱫᱚ ᱤᱞᱮᱠᱴᱨᱤᱠ ᱰᱟᱴᱟᱵᱮᱥ ᱪᱟᱪᱟᱞᱟᱣ ᱞᱟᱹᱜᱤᱫ ᱢᱤᱫᱴᱟᱝ ᱠᱚᱢᱯᱤᱭᱩᱴᱟᱨ ᱯᱨᱳᱜᱨᱟᱢ ᱠᱟᱱᱟ ᱾
उनकी मेरे टीम के सदस्यों पर चिल्लाने की हिम्मत कैसे हुई, खासकर तब जब यह उनकी गलती नहीं थी!	ᱩᱱᱤ ᱫᱚ ᱤᱧᱟᱹᱜ ᱜᱟᱫᱮᱞ ᱨᱮᱱ ᱨᱟᱹᱥᱤᱭᱟᱹ ᱠᱚ ᱟᱛᱮ ᱠᱤᱠᱤᱭᱟᱹᱣ ᱨᱮᱭᱟᱜ ᱥᱟᱦᱚᱥ ᱛᱤᱱᱟᱹᱜ ᱜᱟᱱ, ᱠᱷᱟᱥ ᱠᱟᱨᱛᱮ ᱡᱚᱠᱷᱮᱡ ᱩᱱᱠᱩᱣᱟᱜ ᱫᱳᱥ ᱵᱟᱝ ᱛᱟᱦᱮᱸ ᱠᱟᱱᱟ !
इस कार्यालय के सामने भी हमें एक विरोध करना पड़ा जो हमारे नेटवर्क में उचित पानी की माँग करता है ।	ᱮᱢᱚᱱ ᱪᱮᱫ ᱟᱞᱮ ᱱᱮᱴᱳᱣᱟᱨᱠ ᱨᱮ ᱵᱷᱟᱜᱮ ᱫᱟᱜ ᱥᱟᱨᱵᱦᱟᱨ ᱨᱮᱭᱟᱜ ᱫᱟᱹᱵᱤᱛᱮ ᱱᱤᱭᱟᱹ ᱚᱯᱷᱤᱥ ᱥᱟᱢᱟᱝᱨᱮ ᱟᱸᱫᱳᱲ ᱦᱩᱭᱞᱮᱱ ᱛᱟᱞᱮᱭᱟ ᱾
इस गेम में बहुत सारा खून-खराबा और हिंसा है। कोई इसे क्यों खेलेगा?	ᱱᱚᱶᱟ ᱜᱮᱢᱨᱮ ᱟᱭᱢᱟ ᱢᱟᱸᱭᱟᱸᱝ ᱟᱨ ᱦᱤᱸᱥᱟᱹᱣᱟᱱᱟᱜ ᱢᱮᱱᱟᱜᱼᱟ ᱾ ᱪᱮᱫᱟᱜ ᱡᱟᱦᱟᱭ ᱱᱚᱣᱟᱠᱚ ᱠᱷᱮᱞᱼᱟ ?
अपने निवेश अभी भी 8 प्रतिशत होगा.	ᱟᱢᱟᱜ ᱥᱚᱯᱚᱦᱚᱫ ᱠᱟᱹᱣᱰᱤ ᱱᱤᱛᱦᱚᱸ ᱔ ᱥᱟᱭᱦᱤᱸᱥ ᱦᱩᱭᱩᱜᱼᱟ ᱾
हर कोई हमेशा सबसे पहले मुझे ही क्यों दोष देता है?	ᱪᱮᱫᱟᱜ ᱡᱚᱛᱚ ᱦᱚᱲ ᱥᱟᱨᱟ ᱜᱷᱩᱲᱤ ᱤᱧ ᱜᱮ ᱞᱟᱦᱟ ᱠᱚ ᱫᱩᱥᱤᱭᱤᱧᱟ ?
वह मूर्तिपूजक समुदाय के भीतर आम लोगों के देवता थे।	ᱩᱱᱤ ᱫᱚᱭ ᱛᱟᱦᱮᱸ ᱠᱟᱱᱟ ᱵᱤᱱ ᱫᱷᱚᱨᱚᱢ ᱜᱟᱛᱟᱠ ᱢᱩᱫᱨᱮ ᱥᱟᱫᱷᱟᱨᱚᱱ ᱦᱚᱲ ᱨᱮᱱ ᱵᱚᱸᱜᱟ ᱾
वह रोमानी लोगों के अधिकारों की लड़ाई के लिए जाने जाते थे।	ᱨᱳᱢᱟᱱᱤ ᱦᱚᱲ ᱞᱟᱹᱜᱤᱫ ᱞᱟᱹᱲᱦᱟᱹᱭ ᱞᱟᱹᱜᱤᱫᱛᱮ ᱩᱱᱤ ᱫᱚᱭ ᱵᱟᱰᱟᱭᱚᱜ ᱠᱟᱱ ᱛᱟᱦᱮᱸ ᱠᱟᱱᱟ ᱾
आप कहाँ से हैं?	ᱟᱢ ᱚᱠᱟ ᱨᱮᱱ ᱠᱟᱱᱟᱢ?
या मैं ऑनलाइन लागू कर सकते हैं?	ᱥᱮ ᱤᱧ ᱚᱱᱞᱟᱭᱤᱱ ᱛᱮᱧ ᱟᱨᱫᱟᱥ ᱫᱟᱲᱮᱭᱟᱜᱼᱟ ?
आप हमें ये बेतुके कपड़े क्यों पहना रहे हैं? क्या आपके पास कोई ऐसी पोशाक नहीं है जो अच्छी दिखे?	ᱟᱢ ᱫᱚ ᱪᱮᱫᱟᱜ ᱟᱞᱮ ᱱᱚᱣᱟ ᱞᱮᱞᱦᱟ ᱠᱤᱪᱨᱤᱡᱮᱢ ᱦᱚᱨᱚᱜ ᱚᱪᱚᱭᱮᱫ ᱞᱮᱭᱟ ? ᱟᱢᱟᱜ ᱪᱮᱫ ᱱᱚᱝᱠᱟᱱ ᱡᱟᱦᱟᱱ ᱟᱸᱜᱨᱚᱯ ᱵᱟᱹᱱᱩᱜᱼᱟ ᱡᱟᱦᱟ ᱫᱚ ᱧᱮᱞᱛᱮ ᱢᱚᱸᱡ ᱜᱮᱭᱟ ?
उदाहरण के लिए अलग - अलग राज्यों से आप देख सकते हैं की तरह, कनेचंजा की तरह, और कई और हैं, एक तरह से एक है और हर सीमा में साझा करने के लिए यह अपनी विशेषता है.	ᱡᱮᱢᱚᱱ ᱫᱟᱹᱭᱠᱟᱹ ᱞᱮᱠᱟᱛᱮ ᱥᱟᱵᱽ ᱢᱮ ᱦᱤᱢᱟᱞᱚᱭ ᱨᱟᱛᱟᱝᱵᱩᱨᱩ ᱟᱢ ᱟᱭᱢᱟ ᱯᱚᱱᱚᱛ ᱠᱷᱚᱱᱮᱢ ᱧᱮᱞ ᱧᱟᱢᱟ ᱡᱮᱞᱮᱠᱟ ᱠᱟᱧᱪᱚᱱᱡᱚᱝᱜᱷᱟ, ᱟᱨ ᱟᱨᱦᱚᱸ ᱟᱭᱢᱟ ᱠᱤᱪᱷᱤ ᱢᱮᱱᱟᱜᱼᱟ, ᱢᱤᱫ ᱞᱮᱠᱟᱱᱟᱜ ᱟᱨ ᱥᱟᱱᱟᱢ ᱨᱮᱧᱡᱽ ᱨᱮᱭᱟᱜ ᱟᱯᱱᱟᱨ ᱜᱩᱱᱠᱚ ᱦᱟᱹᱴᱤᱧ ᱮᱫ ᱞᱮᱠᱟᱱ ᱾
हमारी गली में हर कोई कोविड-19 से संक्रमित है और आगे हम भी इसकी चपेट में आ सकते हैं।	ᱟᱞᱮᱭᱟᱜ ᱰᱟᱦᱟᱨ ᱨᱮᱱ ᱡᱚᱛᱚ ᱦᱚᱲᱜᱮ ᱠᱳᱵᱷᱤᱰᱼ᱑᱙ ᱦᱚᱛᱮᱛᱮ ᱠᱚ ᱜᱷᱟᱹᱞ ᱟᱠᱟᱱᱟ ᱟᱨ ᱟᱞᱮ ᱦᱚᱸ ᱛᱟᱭᱚᱢ ᱫᱟᱨᱟᱢ ᱧᱟᱢ  ᱫᱟᱲᱮ ᱟᱞᱮᱭᱟ ᱾
कांचीपुरम की सड़कें इतनी अच्छी हैं कि उन पर गाड़ी चलाने में आनंद आता है।	ᱠᱟᱧᱪᱤᱯᱩᱨᱚᱢ ᱨᱮᱭᱟᱜ ᱰᱟᱦᱟᱨ ᱠᱚ ᱱᱩᱱᱟᱹᱜ ᱱᱟᱯᱟᱭᱟ ᱡᱮ ᱚᱱᱟ ᱠᱚᱨᱮ ᱜᱟᱺᱰᱤ ᱪᱟᱹᱞᱩ ᱨᱟᱹᱥᱠᱟᱹ ᱟᱹᱭᱠᱟᱹᱜᱼᱟ ᱾
ब्रेक काम नहीं कर रहे हैं। हमें क्या करना चाहिए?	ᱵᱨᱮᱠ ᱫᱚ ᱵᱟᱭ ᱠᱟ,ᱢᱤᱭᱮᱫᱟ ᱾ ᱪᱮᱫ ᱪᱮᱠᱟᱭ ᱞᱟᱹᱜᱛᱤ ᱛᱟᱵᱚᱱᱟ ?
सीडी और डीवीडी जानकारी को संग्रहीत रखने के लिए एक ही तरीके का उपयोग करते हैं।	ᱥᱤᱰᱤ ᱟᱨ ᱰᱤ ᱵᱷᱤ ᱰᱤ ᱠᱚᱫᱚ ᱛᱮᱛᱮᱫ ᱫᱚᱦᱚᱭ ᱨᱮᱭᱟᱜ ᱤᱱᱟᱹ ᱩᱯᱟᱹᱭ ᱜᱮᱭ ᱵᱮᱵᱚᱦᱟᱨᱼᱟ ᱾
उस आदमी को देखो। वह पैसे गिनते समय अपनी उंगलियां चाट रहा है।	ᱩᱱᱤ ᱦᱚᱲᱥᱮᱪ ᱠᱚᱭᱚᱜ ᱢᱮ ᱾ ᱠᱟᱹᱣᱰᱤ ᱞᱮᱠᱷᱟ ᱚᱠᱛᱚ ᱠᱟᱹᱴᱩᱵ ᱜᱮᱭ ᱪᱟᱴᱚᱜ ᱮᱫ ᱛᱟᱭᱟ ᱾
हम काफी कुछ दस्तावेज़ों की जरूरत होगी.	ᱟᱞᱮᱭᱟᱜ ᱵᱮᱥ ᱠᱤᱪᱷᱤ ᱱᱚᱛᱷᱤ ᱞᱟᱹᱠᱛᱤᱜᱼᱟ ᱾
इसलिए मुझे लगा कि उसे संगीत में दिलचस्पी लेनी चाहिए ।	ᱚᱱᱟᱛᱮ, ᱤᱧᱟᱹᱜ ᱢᱚᱱᱮ ᱦᱩᱭᱩᱜ ᱟᱠᱟᱱᱟ ᱩᱱᱤᱫᱚ ᱥᱮᱨᱮᱧ ᱪᱮᱛᱟᱱ ᱡᱷᱩᱸᱠ ᱢᱮᱱᱟᱜ ᱛᱟᱭᱟ ᱾
निया के कानूनों में लगता है कि निमआ मर गया है, और नीको को एहसास होता है कि उसकी समस्याओं से कोई रास्ता है ननहेना.	ᱱᱮᱦᱟᱣᱟᱜ ᱡᱟᱣᱟᱭ ᱚᱲᱟᱜ ᱠᱚ ᱪᱤᱱᱛᱟᱹᱭᱟ ᱱᱤᱠᱤᱛᱟ ᱫᱚᱭ ᱜᱚᱡ ᱮᱱᱟ ᱟᱨ ᱱᱤᱠᱤᱛᱟᱭ ᱟᱹᱭᱠᱟᱹᱭ ᱮᱫᱟ ᱡᱟᱦᱟ ᱫᱚ ᱩᱱᱤᱭᱟ ᱟᱱᱟᱴ ᱠᱷᱚᱱ ᱚᱱᱰᱩᱠᱚᱜ ᱨᱮᱭᱟᱜ ᱢᱤᱫᱴᱟᱝ ᱩᱯᱟᱹᱭ ᱦᱩᱭᱩᱜ ᱠᱟᱱᱟ ᱱᱮᱦᱟᱣᱟᱜ ᱩᱯᱨᱩᱢ ᱵᱷᱟᱜᱟᱣ ᱦᱟᱛᱟᱣ ।
उस सड़क पर जहाँ समस्या अस्थायी रूप से बंद हुई थी, जब आपातकालीन सेवाओं ने ड्राइवर को लाल ऑडियो टीटी से मुक्‍त किया ।	ᱚᱱᱟ ᱥᱚᱲᱚᱠ ᱡᱟᱦᱟᱸ ᱨᱮ ᱛᱟᱹᱯᱠᱤᱡ ᱦᱩᱭ ᱞᱮᱱᱟ ᱚᱱᱟ ᱫᱚ ᱴᱮᱢᱯᱚᱨᱟᱨᱤᱞᱤ ᱠᱚ ᱮᱥᱮᱫ ᱟᱠᱟᱫᱟ ᱟᱨ ᱢᱤᱫ ᱟᱨᱟᱜ ᱚᱰᱤ ᱴᱤᱹᱴᱤᱹ ᱛᱮ ᱟᱦᱚᱛ ᱟᱠᱟᱱ ᱰᱟᱭᱵᱷᱚᱨ ᱠᱚ ᱩᱰᱩᱠ ᱠᱮᱫᱮᱭᱟ᱾
वह इकोले डेस हाउट्स एट्यूड्स एन साइंसेज सोशियल्स में अनुसंधान निदेशक हैं।	ᱩᱱᱤ ᱫᱚ ᱤᱠᱳᱞ ᱫᱮᱥ ᱦᱟᱣᱴᱚᱥ ᱤᱴᱩᱥ ᱤᱱ ᱥᱟᱭᱮᱱᱥ ᱥᱳᱥᱟᱞᱤᱥ ᱨᱮᱱ ᱠᱷᱫᱽᱨᱚᱱ ᱪᱟᱪᱟᱞᱟᱣᱤᱡ ᱮ ᱛᱟᱦᱮᱸ ᱠᱟᱱᱟ ᱾
पहचान के लिए, आप अपने Juar कार्ड की एक प्रतिलिपि बना सकते हैं, या अपने वोटर आईडी या अपने पासपोर्ट के लिए।	ᱩᱯᱨᱩᱢ ᱞᱟᱹᱜᱤᱫ, ᱟᱢ ᱟᱢᱟᱜ ᱟᱫᱷᱟᱨ ᱠᱟᱨᱰ, ᱥᱮ ᱟᱢᱟᱜ ᱵᱷᱚᱴᱟᱨ ᱟᱭᱰᱤ ᱥᱮ ᱟᱢᱟᱜ ᱚᱟᱥᱯᱳᱨᱴ ᱨᱮᱭᱟᱜ ᱢᱤᱫᱴᱟᱝ ᱚᱱᱟᱞᱮᱠᱟ ᱵᱮᱱᱟᱣ ᱫᱟᱲᱮᱭᱟᱜᱼᱟᱢ ᱾
"प्रयोगात्मक व्यवस्था और स्वास्थ्य संगठन"" "प्रयोगात्मक व्यवस्था और स्वास्थ्य संगठन" के साथ भी कई विभाजनों हैं, "प्रयोगियों, स्वास्थ्य संगठन, स्वास्थ्य संगठन, और अनुसंधान," "कांत्र और संचार," "कांत्रीय व्यवस्था," "कांत्रीय व्यवस्था," "कांत्रीय व्यवस्था और नेटवर्क" और जनता स्वास्थ्य संगठन" और स्वास्थ्य संगठन के लिए तैयार किया गया है, और "जन स्वास्थ्य संगठन और अनुसंधान".	ᱚᱱᱟᱨᱮᱭᱟᱜ ᱠᱟᱹᱢᱤᱟᱠᱟᱱ ᱟᱨ ᱥᱟᱬᱮᱥ ᱟᱨ ᱠᱟᱹᱢᱤᱥᱩᱪᱤ ᱠᱟᱹᱢᱤᱚᱲᱟᱜ ᱪᱷᱟᱰᱟ ᱦᱚᱸ,"ᱱᱤᱛᱤ, ᱦᱚᱲᱢᱚ ᱥᱟᱶᱟᱨ ᱥᱮᱭᱟᱱᱟᱹᱨᱤ ᱟᱨ ᱡᱳᱜᱟᱡᱳᱜ ᱵᱚᱱᱫᱮᱡ", ᱪᱟᱪᱟᱞᱟᱣ ᱟᱨ ᱯᱨᱚᱥᱟᱥᱚᱱ,"ᱱᱚᱡᱚᱨᱫᱟᱹᱨᱤ ᱟᱨ ᱟᱡᱟᱨ ᱨᱮᱭᱟᱜ ᱠᱷᱚᱵᱚᱨ," ᱠᱷᱚᱫᱽᱨᱚᱸᱱ ᱵᱚᱱᱫᱮᱡ ᱟᱨ ᱱᱮᱴᱳᱣᱟᱨᱠ","ᱢᱩᱦᱤᱢᱚᱠᱛᱮ ᱥᱟᱯᱲᱟᱣ ᱟᱨ ᱠᱟᱹᱢᱤᱜ ᱛᱮᱭᱟᱜ" ᱟᱨ "ᱥᱟᱫᱷᱟᱨᱚᱱ ᱦᱚᱲᱢᱚ ᱥᱟᱶᱟᱨ ᱛᱷᱟᱯᱚᱱᱜᱟᱫᱮᱞ ᱟᱨ ᱠᱷᱚᱫᱽᱨᱚᱸᱱ " ᱥᱟᱶᱛᱮ ᱥᱮᱞᱮᱫ ᱜᱟᱶᱛᱟ ᱟᱭᱢᱟ ᱛᱷᱚᱱᱚᱛ ᱢᱮᱱᱟᱜᱼᱟ ᱾
लेकिन, श्‍नगन क्षेत्र इस संबंध में कुछ ऐसा ही देश करता है ।	ᱢᱮᱱᱠᱷᱟᱱ, ᱥᱮᱧᱡᱮᱱ ᱡᱚᱱ ᱱᱚᱶᱟ ᱵᱟᱵᱚᱛ ᱨᱮ ᱢᱤᱫᱴᱟᱹᱝ ᱫᱤᱥᱚᱢ ᱞᱮᱠᱷᱟ ᱛᱤᱱᱟᱹᱜ ᱫᱷᱟᱹᱵᱤᱡ ᱮ ᱠᱟᱹᱢᱤ ᱮᱫ ᱛᱟᱦᱮᱸᱡ᱾
ट्रायल करते समय मुझसे गलती से पैंट फट गई। अब मैं दुकानदार से क्या कहूँगा?	ᱦᱚᱨᱚᱜᱤᱧ ᱠᱩᱨᱩᱢᱩᱴᱩᱭ ᱨᱮ  ᱜᱟᱹᱞᱛᱤ ᱛᱮ ᱯᱮᱱᱴ ᱫᱚ ᱚᱲᱮᱡ ᱮᱱᱟ ᱾ ᱫᱩᱠᱟᱹᱱᱤᱭᱟᱹ ᱫᱚ ᱪᱮᱫᱤᱧ ᱢᱮᱛᱟᱭᱟ ?
सीपीन (यूएमएल) ने Jaagaaagaaa के उम्मीदवारों का समर्थन करने का भी निर्णय किया।	ᱥᱤ ᱯᱤ ᱮᱱ (ᱤᱭᱩ ᱮᱢ ᱮᱞ)ᱼ ᱦᱚᱸ ᱡᱷᱟᱯᱟ ᱕, ᱨᱩᱯᱚᱱᱫᱮᱦᱤ ᱑ ᱟᱨ ᱵᱟᱸᱠᱮ ᱒ ᱼᱨᱮ ᱨᱟᱥᱴᱨᱤᱭᱚ ᱯᱨᱚᱡᱟᱛᱚᱱᱛᱚ ᱫᱚᱞᱨᱮᱱ ᱯᱨᱟᱛᱷᱤ ᱠᱚ ᱥᱚᱢᱚᱨᱛᱷᱚᱱ ᱠᱚ ᱞᱟᱹᱜᱤᱫ ᱟᱨ ᱨᱟᱥᱴᱨᱤᱭᱚ ᱯᱨᱚᱡᱟᱛᱚᱱᱛᱨᱚ ᱫᱚᱞ ᱫᱚ ᱢᱟᱠᱣᱟᱱᱯᱩᱨ ᱑ ᱼᱨᱮ ᱟᱠᱚᱣᱟᱜ ᱵᱟᱪᱷᱱᱟᱣ ᱪᱤᱱᱦᱟᱹ ᱨᱮ ᱱᱮᱯᱟᱞ ᱨᱮᱱ ᱥᱚᱵᱷᱟ ᱜᱚᱢᱠᱮ ᱠᱚᱢᱚᱞ ᱛᱷᱟᱯᱟ ᱛᱤᱸᱜᱩᱭᱮ ᱨᱮᱱᱟᱜ ᱠᱚ ᱜᱚᱴᱟᱵᱩᱴᱟᱹ ᱠᱮᱫᱟ ᱾
आप बीमा नहीं है?	ᱟᱢ ᱠᱤ ᱤᱱᱥᱩᱨᱮᱱᱥ ᱵᱟᱹᱱᱩᱜᱛᱟᱢᱟ ?
वहाँ, वे Sababamamamamarian के शरीर पाया, 53, खून के कगारों से ढक दिया.	ᱚᱱᱰᱮ, ᱢᱟᱭᱟᱢ ᱛᱮ ᱞᱚᱴᱞᱚᱴ ᱳᱭᱳᱱᱟᱜ ᱛᱮ ᱵᱮᱫᱦᱟᱣ ᱕᱓ ᱥᱮᱨᱢᱟᱠᱤᱭᱟᱹ ᱥᱟᱹᱨᱚᱡᱟ ᱵᱟᱞᱟᱵᱩᱵᱽᱨᱟᱹᱢᱟᱹᱱᱤᱭᱟᱹᱱ ᱟᱜ ᱜᱚᱡ ᱦᱚᱲᱢᱚ ᱠᱚ ᱧᱟᱢ ᱠᱮᱜᱼᱟ᱾
किताब में उनसठ अध्याय हैं।	ᱠᱤᱛᱟᱯ ᱨᱮ ᱢᱚᱬᱮ ᱜᱮᱞ ᱱᱟᱭ ᱜᱚᱴᱟᱝ ᱟᱫᱷᱭᱟᱭ ᱢᱮᱱᱟᱜᱼᱟ ᱠᱚᱣᱟ।
भारतीयों के लिए यह 35 रुपये और विदेशियों के लिए है.	ᱵᱷᱟᱨᱚᱛᱤᱭᱚ ᱠᱚ ᱞᱟᱹᱜᱤᱫ ᱓᱕ ᱴᱟᱠᱟ ᱟᱨ ᱵᱤᱞᱟᱹᱛᱤ ᱠᱚ ᱞᱟᱹᱜᱤᱫ ᱕᱕᱐ ᱴᱟᱠᱟ ᱾
जब से यूपीआई शुरू हुआ है, मैं बाहर बहुत ज्यादा पैसे खर्च कर रहा हूँ और मेरे खाते में बहुत कम बैलेंस बचा है।	ᱤᱭᱩᱯᱤᱟᱭ ᱮᱛᱚᱦᱚᱵ ᱛᱟᱭᱚᱢ ᱠᱷᱚᱱ, ᱤᱧ ᱵᱟᱦᱨᱮ ᱨᱮ ᱟᱹᱰᱤ ᱰᱷᱮᱨ ᱠᱟᱹᱣᱰᱤᱧ ᱠᱷᱚᱨᱪᱟ ᱮᱫᱟ ᱟᱨ ᱤᱧᱟᱹᱜ ᱮᱠᱟᱣᱩᱱᱴ ᱨᱮ ᱟᱹᱰᱤ ᱠᱚᱢ ᱵᱮᱞᱮᱱᱥ ᱢᱮᱱᱟᱜᱼᱟ ᱾
सन्‌ 1966 से फ्रांस के सुप्रसिद्ध लोग एक जंगली स्थान रहे हैं, और अनुमान लगाया गया है कि अब इस क्षेत्र में 400 रॉयल डर्क और क़रीब ३०,००० काली हरिणें हैं ।	᱑᱙᱖᱖ ᱠᱷᱚᱱ, ᱥᱩᱱᱫᱚᱨᱵᱚᱱ ᱢᱤᱫ ᱵᱤᱨᱡᱤᱭᱟᱹᱞᱤ ᱨᱟᱠᱷᱟᱵᱤᱨ ᱞᱮᱠᱟᱛᱮ ᱢᱮᱱᱟᱜ ᱟᱠᱟᱫᱟ, ᱟᱨ ᱟᱹᱭᱩᱢᱟᱱ ᱦᱩᱭᱩᱜᱼᱟ ᱡᱮ ᱱᱤᱛ ᱔᱐᱐ ᱨᱚᱭᱮᱞ ᱵᱮᱝᱜᱚᱞ ᱛᱟᱹᱨᱩᱵ ᱟᱨ ᱟᱢᱫᱟᱡᱽ ᱓᱐,᱐᱐᱐ ᱫᱟᱜᱽ ᱥᱤᱞᱤᱵ ᱢᱮᱱᱟᱜ ᱠᱚᱣᱟ᱾
ऋण स्वीकृत कराने में मेरी मदद करने के लिए धन्यवाद रामाराव। मैं आखिरकार एक घर बनाना शुरू कर सकता हूँ।	ᱤᱧ ᱨᱤᱱ ᱚᱱᱩᱢᱳᱫᱚᱱ ᱠᱚᱨᱟᱣ ᱨᱮ ᱜᱚᱲᱚᱣᱟᱹᱧ ᱞᱟᱹᱜᱤᱫ ᱨᱟᱢᱟᱨᱟᱣ ᱟᱢ ᱟᱹᱰᱤ ᱟᱭᱢᱟ ᱥᱟᱨᱦᱟᱣ ᱾ ᱤᱧ ᱫᱚ ᱢᱩᱪᱟᱹᱫᱨᱮ ᱢᱤᱫᱴᱟᱝ ᱚᱲᱟᱜᱤᱧ ᱮᱦᱚᱯ ᱫᱟᱲᱮᱭᱟᱜᱼᱟ ᱾
क्षेत्र सार्वजनिक संपत्ति है, इसलिए कोई भी आ सकता है और खेल सकता है	ᱡᱟᱭᱜᱟ ᱫᱚ ᱥᱚᱨᱠᱟᱨᱟᱜ ᱠᱟᱱᱛᱮ ᱡᱟᱦᱟᱸᱭᱜᱮ ᱦᱮᱡ ᱠᱟᱛᱮᱜᱼᱮ ᱠᱷᱮᱞ ᱫᱟᱲᱮᱭᱟᱜᱼᱟ ᱾
अगर एक लोहे उपलब्ध नहीं है, या अगर आप लोहे के कपड़े पहने कल्पना नहीं कर रहे हैं, तो आप एक बालों वाले का उपयोग करने की कोशिश कर सकते हैं, अगर उपलब्ध है.	ᱡᱩᱫᱤ ᱡᱟᱦᱟᱱ ᱢᱤᱫ ᱢᱮᱲᱦᱮᱫ ᱵᱟᱹᱱᱩᱜᱼᱟ, ᱟᱨᱵᱟᱝ ᱡᱩᱫᱤ ᱢᱮᱲᱦᱮᱫ ᱨᱮᱭᱟᱜ ᱢᱮᱡᱽ ᱦᱚᱨᱚᱜ ᱨᱮᱭᱟᱜ ᱵᱟᱝ ᱪᱤᱱᱛᱟᱹ ᱮᱫ-ᱟᱢ, ᱮᱱᱠᱷᱟᱱ ᱟᱢ ᱧᱟᱢ ᱞᱮᱠᱷᱟᱱ ᱦᱮᱭᱟᱨ ᱰᱨᱟᱭᱚᱨ ᱨᱮᱭᱟᱜ ᱵᱮᱵᱷᱟᱨ ᱠᱚᱨᱟᱣ ᱪᱮᱥᱴᱟ ᱫᱟᱲᱮᱭᱟᱜ-ᱟᱢI
मुझे कहना चाहिए, यह वास्तव में एक महान पहल है.	ᱱᱤᱦᱟᱹᱛᱜᱤᱧ ᱞᱟᱹᱭᱟ, ᱱᱤᱭᱟᱹ ᱫᱚ ᱢᱤᱫᱴᱟᱝ ᱢᱟᱨᱟᱝ ᱠᱟᱹᱢᱤᱦᱚᱨᱟ
ब्लेड का प्रयोग न करें। इससे मेरी त्वचा कट सकती है।	ᱵᱞᱮᱰ ᱟᱞᱚᱢ ᱵᱮᱵᱚᱦᱟᱨᱼᱟ ᱾ ᱱᱚᱣᱟ ᱫᱚ ᱤᱧᱟᱜ ᱦᱟᱨᱛᱟᱭ ᱜᱮᱫ ᱫᱟᱲᱮᱭᱟᱜᱼᱟ ᱾
राजस्थान के हृदय में, अनेक छोटे - छोटे शहरों और गाँवों के हृदय में झूठ बोलने लगे हैं, जो इस देश का असली सार देते हैं ।	ᱨᱟᱡᱚᱥᱛᱷᱟᱱ ᱨᱮᱭᱟᱜ ᱛᱟᱞᱢᱟᱨᱮ, ᱟᱭᱢᱟ ᱦᱩᱰᱤᱧ ᱥᱟᱦᱟᱨ ᱟᱨ ᱟᱛᱩ ᱢᱮᱱᱟᱜᱼᱟ, ᱡᱟᱸᱦᱟᱫᱚ ᱱᱚᱶᱟ ᱴᱷᱟᱶ ᱨᱮᱭᱟᱜ ᱥᱟᱨᱠᱟᱛᱷᱟᱭ ᱞᱟᱹᱭᱟ ᱾
अस्मारा बारहवीं शताब्दी में स्थापित चार गाँवों से मिलकर विकसित हुआ।	ᱵᱟᱨᱚ ᱥᱚᱛᱟᱵᱫᱤ ᱨᱮ ᱧᱟᱢᱞᱮᱱ ᱯᱩᱱᱭᱟ ᱟᱛᱚ ᱠᱷᱚᱱ ᱟᱥᱢᱟᱨᱟ ᱫᱚ ᱵᱮᱱᱟᱣ ᱨᱟᱠᱟᱵ ᱟᱠᱟᱱᱟ ᱾
यदि कोई गलती करता है तो इसका उपयोग पुराने संस्करणों को पुनर्स्थापित करने के लिए भी किया जा सकता है।	ᱡᱟᱸᱦᱟᱭ ᱠᱚ ᱦᱩᱲᱟᱹᱜ ᱞᱮᱠᱷᱟᱱ ᱱᱚᱶᱟᱫᱚ ᱢᱟᱨᱮᱱ ᱟᱹᱨᱩᱯᱷᱮᱨᱟᱣᱟᱜ ᱦᱚᱸ ᱫᱚᱲᱦᱟᱛᱮ ᱧᱟᱢ ᱨᱩᱣᱟᱹᱲ ᱞᱟᱹᱜᱤᱫ ᱦᱚᱸ ᱵᱮᱣᱦᱟᱨ ᱜᱟᱱ ᱫᱟᱲᱮᱭᱟᱜᱼᱟ ᱾
ब्रिटिश राजा की तस्वीर Ahoma की शेर राजधानी द्वारा बदल दी गई थी।	ᱵᱨᱤᱴᱤᱥ ᱨᱟᱡᱟ ᱠᱚᱣᱟᱜ ᱢᱩᱴᱷᱟᱹᱱ ᱫᱚᱲᱦᱟ ᱛᱷᱟᱯᱚᱱ ᱠᱚᱨᱟᱣ ᱦᱩᱭ ᱞᱮᱱᱟ ᱚᱥᱚᱠ ᱟᱜ ᱥᱤᱝᱦᱚ ᱨᱟᱡᱽᱜᱟᱲ ᱾
लेकिन, बी.एल के पास किसी भी स्टेटरी, पुनर्भरण, या पुलिस शक्‍ति को सख़्त नागरिकी देने के लिए नहीं है ।	ᱡᱟᱸᱦᱟᱭᱮᱱᱜᱮ,ᱵᱤᱮᱥᱮᱱᱮᱞᱼᱟᱜ ᱫᱚ ᱡᱟᱦᱟᱱ ᱥᱚᱵᱤᱫᱷᱟᱱ ᱟᱱᱟᱜ ᱛᱟᱹᱨᱤᱛᱚᱱᱚᱞ, ᱥᱟᱢᱲᱟᱣᱟᱜ ᱥᱮ ᱯᱩᱞᱤᱥᱟᱜ ᱫᱟᱲᱮ ᱵᱟᱹᱱᱩᱜ ᱟ ᱠᱮᱴᱮᱡ ᱱᱟᱹᱜᱟᱹᱨᱤᱭᱟᱹ ᱫᱟᱹᱭ ᱞᱟᱜᱟᱣ ᱞᱟᱹᱜᱤᱫ ᱾
कुछ बसें भी हैं जो उत्तर हेब्रोन जा रही हैं, जो बाइबलीय कुलपिताओं इब्राहीम, इसहाक, याकूब, और उनकी पत्नियों के परम्परागत स्थान हैं ।	ᱮᱛᱚᱢ ᱨᱮ ᱦᱮᱵᱽᱨᱚᱱ ᱪᱟᱞᱟᱜ ᱠᱟᱱ ᱠᱤᱪᱷᱩ ᱵᱳᱥ ᱢᱮᱱᱟᱜᱼᱟ, ᱵᱟᱭᱵᱮᱞ ᱵᱟᱵᱟᱦᱟᱯᱲᱟᱢ ᱟᱵᱽᱨᱟᱦᱚᱢ, ᱤᱥᱥᱟᱠ, ᱡᱟᱠᱳᱵ ᱟᱨ ᱩᱱᱠᱩ ᱨᱤᱱ ᱮᱨᱟ ᱠᱚᱣᱟᱜ ᱯᱟᱨᱚᱢᱯᱚᱨᱤᱠ ᱢᱟᱬ ᱜᱷᱟᱹᱴᱤ ᱡᱟᱭᱜᱟ ᱠᱟᱱᱟ᱾
उस के लिए, आप में से हर किसी को कम से कम CVI-19 के पहले खुराक से संपर्क करना होगा.	ᱚᱱᱟ ᱠᱷᱟᱹᱛᱤᱨ ᱛᱮ, ᱟᱯᱮ ᱥᱟᱱᱟᱢ ᱦᱚᱲᱜᱮ ᱠᱳᱵᱷᱤᱰᱼ᱑᱙ ᱴᱤᱠᱟᱹ ᱨᱮᱭᱟᱜ ᱯᱳᱭᱞᱳ ᱰᱳᱡ ᱫᱚ ᱦᱟᱛᱟᱣ ᱦᱩᱭᱩᱜ ᱛᱟᱯᱮᱭᱟ ᱾
मैंने कई फिटनेस समूह देखे हैं जो शुरू करते ही मुझसे एक सुपरस्टार बनने की उम्मीद करते थे (फिटनेस उम्मीदवार)।	ᱤᱧ ᱟᱭᱢᱟ ᱯᱷᱤᱴᱱᱮᱥ ᱜᱨᱩᱯᱤᱧ ᱧᱮᱞ ᱟᱠᱟᱫ ᱠᱚᱼᱟ ᱡᱟᱦᱟᱸᱭ ᱫᱚ ᱮᱦᱚᱵ ᱥᱟᱶ ᱥᱟᱶᱛᱮ ᱜᱮ ᱤᱧ ᱥᱩᱯᱟᱨᱥᱴᱟᱨ ᱦᱩᱭᱩᱜ ᱠᱚ ᱟᱸᱥ ᱟᱠᱟᱱ ᱛᱟᱦᱮᱸ ᱠᱟᱱᱟ ᱾ (ᱯᱷᱤᱴᱱᱮᱥ ᱯᱨᱚᱥᱯᱮᱠᱴ)
तो अब आप आश्वस्त हो सकते हैं और कल मुझे से इकट्ठा कर सकते हैं जब हम बैठक हो जाएगा.	ᱚᱱᱟ ᱤᱭᱟᱹᱛᱮ ᱞᱤᱪᱷᱤᱱᱫᱤᱢ ᱛᱟᱦᱮᱸ ᱫᱟᱲᱮᱭᱟᱜᱼᱟ ᱟᱨ ᱜᱟᱯᱟ ᱧᱟᱯᱟᱢ ᱦᱩᱭᱞᱮᱱᱠᱷᱟᱱ ᱤᱧ ᱴᱷᱮᱱ ᱠᱷᱚᱱ ᱦᱚᱛᱟᱣᱢᱮ ᱵᱟᱲᱮ ᱾
अरे शेफाली, कोने में खड़ा वह आदमी पिछले एक घंटे से मुझे घूर रहा है।	ᱮᱭ ᱥᱮᱯᱷᱟᱞᱤ, ᱠᱳᱱᱟ ᱨᱮ ᱛᱤᱸᱜᱩᱣᱟᱠᱟᱱ ᱩᱱᱤ ᱦᱚᱲ ᱫᱚ ᱮᱱᱟᱱ ᱢᱤᱫ ᱴᱟᱲᱟᱝ ᱫᱷᱩᱨᱤᱭᱟᱹ ᱤᱧ ᱥᱮᱡᱮ ᱠᱚᱭᱚᱜ ᱟᱠᱟᱫᱟ ᱾
ज़रूर!	ᱱᱤᱦᱟᱹᱛ ᱜᱮ !
इनमें से कुछ पैरामीटर्सों की तरह, जैसे कि असंतुलन, अलाधा, तेल, तेल, स्वास्थ्राण पौधों, और विभभणणण - विभणकों को सीधे रूप से शक्‍ति को प्रभावित करते हैं और इस प्रकार दूरस्थ तकनीकों से मापी जा सकती हैं ।	ᱱᱚᱣᱟ ᱠᱚ ᱢᱩᱫᱨᱮ ᱠᱤᱪᱷᱤ ᱯᱮᱨᱟᱢᱤᱴᱟᱨ, ᱡᱮᱞᱮᱠᱟ ᱡᱚᱢᱟ ᱟᱠᱟᱱ ᱯᱩᱞᱤ, ᱥᱮᱭᱟᱞᱚᱢ, ᱰᱤᱳᱮᱢ, ᱥᱩᱱᱩᱢ, ᱫᱟᱜ ᱨᱮᱭᱟᱜ ᱵᱷᱟᱥᱠᱩᱞᱟᱨ ᱚᱛᱢᱚᱱ ᱟᱨ ᱮᱞᱟᱝ ᱟᱲᱟᱜ ᱜᱤᱰᱤ, ᱥᱚᱨᱟᱥᱩᱨᱤ ᱫᱟᱲᱮ ᱨᱮᱭᱟᱜ ᱨᱚᱝᱼᱮ ᱮᱥᱮᱨᱟ ᱟᱨ ᱚᱱᱟᱛᱮ ᱨᱤᱢᱳᱴ ᱟᱹᱭᱠᱟᱹᱣ ᱠᱟᱹᱨᱤ ᱛᱮ ᱡᱚᱠᱷᱟᱭ ᱦᱩᱭᱩᱜᱼᱟ ᱾
गिनती: छः।	ᱞᱮᱠᱷᱟ: ᱛᱩᱨᱩᱭ।
मैं जानना चाहता हूँ कि हमारे १०वीं कक्षा के विद्यार्थियों के लिए कोई काम अवसर है या नहीं.	ᱤᱧ ᱵᱟᱰᱟᱭ ᱥᱟᱱᱟᱧ ᱠᱟᱱᱟ ᱟᱞᱮᱨᱮᱱ ᱑᱐ ᱜᱨᱮᱰ ᱯᱟᱹᱴᱷᱣᱟᱹᱠᱩ ᱞᱟᱹᱜᱤᱫᱽ ᱡᱟᱦᱟᱸᱱ ᱥᱩᱵᱤᱫᱷᱟᱠᱩ ᱢᱮᱱᱟᱜᱼᱟ ᱾
हांग कांग द्वीप का क्षेत्र हांगकांग का नाम और यह जगह है जिसे अनेक पर्यटक मुख्य ध्यान देते हैं ।	ᱦᱚᱝᱠᱚᱝ ᱟᱭᱤᱞᱮᱭᱱᱰ ᱦᱚᱝᱠᱚᱝ ᱨᱮᱱᱟᱜ ᱴᱚᱴᱷᱟᱨᱤ ᱧᱩᱛᱩᱢ ᱮᱢ ᱮᱫ-ᱟᱭ ᱟᱨ ᱱᱚᱣᱟ ᱚᱱᱟ ᱡᱟᱭᱜᱟ ᱠᱟᱱᱟ ᱡᱟᱦᱟᱸ ᱨᱮᱫᱚ ᱟᱭᱢᱟ ᱯᱚᱨᱭᱚᱴᱚᱠ ᱢᱩᱬᱩᱛ ᱯᱷᱚᱠᱚᱥ ᱞᱮᱠᱟᱛᱮ ᱢᱟᱱᱟᱣ ᱮᱫ-ᱟᱠᱚI
मोंटाल्वो जोस मारिया वेलास्को इबारा के चुने जाने तक कार्यवाहक राष्ट्रपति के रूप में बने रहे।	ᱡᱳᱥᱮ ᱢᱟᱨᱤᱭᱟ ᱵᱷᱮᱞᱟᱥᱠᱳ ᱤᱵᱟᱨᱟᱨ ᱫᱚ ᱵᱟᱝ ᱵᱟᱪᱷᱱᱟᱣ ᱦᱟᱹᱵᱤᱡ ᱢᱚᱱᱴᱟᱞᱚᱵᱷᱳ ᱨᱮᱱ ᱟᱹᱜᱤᱵᱷᱟᱨᱤᱡ ᱫᱤᱥᱚᱢ ᱜᱚᱝᱠᱮ ᱞᱮᱠᱟᱛᱮ ᱵᱟᱦᱟᱞᱮ ᱛᱟᱦᱮᱸ ᱠᱟᱱᱟ ᱾
मुझे वास्तव में खेद है लेकिन हमें नृत्य प्रशिक्षण रोकना होगा क्योंकि मैं अब फीस का भुगतान नहीं कर सकता।	ᱮᱱᱮᱡ ᱨᱮᱭᱟᱜ ᱛᱟᱹᱞᱤᱢ ᱦᱟᱯᱤᱫ ᱦᱩᱭᱩᱜᱼᱟ ᱠᱟᱨᱚᱱ ᱤᱧ ᱟᱨ ᱯᱷᱤ ᱵᱟᱹᱧ ᱮᱢ ᱫᱟᱲᱮᱭᱟᱜᱼᱟ ᱚᱱᱟᱛᱮ ᱫᱩᱠᱷ ᱤᱧ ᱥᱚᱫᱚᱨ ᱮᱫᱟ ᱾
यह विचार राल्फ मर्केले की एक अवधारणा पर आधारित था।	ᱫᱷᱟᱨᱚᱱᱟᱫᱚ ᱨᱟᱞᱯᱷ ᱢᱟᱨᱠᱞᱮᱨ  ᱟᱜ ᱢᱤᱫᱴᱟᱝ ᱫᱷᱟᱨᱚᱱᱟ ᱪᱮᱛᱟᱱ ᱨᱮ ᱴᱮᱦᱟᱴ ᱠᱟᱛᱮ ᱵᱮᱱᱟᱣ ᱞᱮᱱᱟ ᱾
सुप्रभात, कृपया अपनी सीट है.	ᱥᱟᱹᱜᱩᱱ ᱥᱮᱛᱟᱜ, ᱫᱟᱭᱟᱠᱟᱛᱮ ᱫᱩᱲᱩᱵᱽ ᱢᱮ ᱾
अल्मेना दो रेलमार्गों के जंक्शन पर एक शिपिंग पॉइंट था।	ᱟᱞᱢᱮᱱᱟ ᱫᱚ ᱛᱟᱦᱮᱸ ᱠᱟᱱᱟ ᱵᱟᱨᱭᱟ ᱨᱮᱞ ᱰᱟᱦᱟᱨ ᱨᱮᱭᱟᱜ ᱡᱚᱭᱮᱱ ᱴᱷᱟᱣ ᱨᱮ ᱢᱤᱫᱴᱟᱝ ᱥᱤᱯᱤᱝ ᱯᱚᱭᱮᱱᱴ ᱾
मेरे पास छप्पन रुपया हैं।	ᱤᱧ ᱴᱷᱮᱱ ᱢᱚᱬᱮ ᱜᱮᱞ ᱛᱩᱨᱩᱭ ᱜᱚᱴᱟᱝ ᱯᱟᱹᱲᱯᱟ ᱢᱮᱱᱟᱜᱼᱟ ᱠᱚᱣᱟ।
यह 1947 में बनाए गए सबसे शुरुआती एरिया कोडों में से एक है।	ᱱᱚᱶᱟ ᱫᱚ ᱑᱙᱔᱗ ᱥᱟᱞ ᱨᱮ ᱵᱮᱱᱟᱣᱟᱜ ᱢᱟᱨᱮᱩᱛᱟᱹᱨ ᱴᱚᱴᱷᱟ ᱠᱳᱰᱠᱚ ᱢᱩᱫᱨᱮ ᱢᱤᱫᱴᱟᱝ ᱾
सन्‌ 16वीं सदी की शुरूआत में इंग्लैंड में जहाज़ बनाए गए थे ।	᱑᱖ ᱥᱮᱧᱪᱩᱨᱤ ᱨᱮ ᱤᱝᱞᱮᱱᱰ ᱨᱮ ᱣᱟᱜᱚᱱᱣᱮ ᱵᱮᱱᱟᱣ ᱞᱮᱱᱟ᱾
उन्हें भी अपने राजनीतिक और धार्मिक वाद - विवादों में पकड़ा जाता है	ᱩᱱᱠᱩᱫᱚ ᱟᱠᱚᱣᱟᱜ ᱨᱟᱡᱟᱹᱨᱤ ᱟᱨ ᱫᱷᱚᱨᱚᱢᱟᱱ ᱫᱤᱥᱦᱩᱫᱤᱥᱨᱮ ᱠᱚ ᱛᱚᱞ ᱜᱮᱭᱟ ᱾
हाय, मेरे पालन का एक छोटा सा रहस्य है.	ᱦᱟᱭ, ᱤᱧᱟᱹᱜ ᱛᱷᱚᱲᱟ ᱩᱠᱩ ᱠᱟᱛᱷᱟ ᱢᱮᱱᱟᱜᱼᱟ ᱡᱟᱦᱟᱸᱫᱚ ᱤᱧ ᱢᱟᱱᱟᱣᱼᱟ ᱾
लेकिन उनकी संयुक्त सेनाएं डेन्स (Danes) को हरा नहीं सकीं।	ᱢᱮᱱᱠᱷᱟᱱ ᱩᱱᱠᱩᱨᱮᱱ ᱯᱷᱟᱹᱫ ᱢᱤᱫᱥᱟᱶᱛᱮ ᱰᱮᱱᱥᱚᱨ ᱠᱚ ᱵᱟᱠᱚ ᱦᱟᱨᱟᱣ ᱫᱟᱲᱮ ᱟᱠᱟᱫ ᱠᱚᱣᱟ ᱾
उदाहरण के लिए, जहाँ किनारे के किनारे या खाड़ी घर होते हैं, वहाँ के निवासी अपनी संपत्ति की रक्षा करने की कोशिश करेंगे ।	ᱡᱟᱸᱦᱟᱨᱮ ᱵᱤᱪ ᱥᱟᱢᱟᱝᱨᱮ ᱥᱮ ᱥᱟᱹᱢᱩᱫ ᱟᱲᱮ ᱠᱚᱨᱮ ᱚᱲᱟᱜ ᱢᱮᱱᱟᱜ ᱟ, ᱢᱟᱹᱞᱤᱠ ᱠᱚᱫᱚ ᱟᱠᱚᱣᱟᱜ ᱥᱚᱢᱯᱚᱛᱤ ᱵᱟᱧᱪᱟᱣ ᱞᱟᱹᱜᱤᱫ ᱠᱚ ᱨᱤᱠᱟᱹᱭᱟ, ᱫᱟᱹᱭᱠᱟᱹᱞᱮᱠᱟᱛᱮ, ᱥᱟᱹᱢᱩᱫ ᱟᱲᱮ ᱠᱮᱴᱮᱡ ᱛᱟᱞᱟᱛᱮ ᱾
शारीरिक स्वास्थ्य परिणाम शामिल हैं (इन्जेक्शन और आंतरिक अंगों को चोट पहुँचाने से, अप्रयोगित गर्भ - सम्बन्धी समस्याओं से, रक्‍तहीन रोग, रक्‍तहीन गर्भ, रक्‍तहीन रोग, रक्‍तहीन दर्द, रक्‍तहीन दर्द, मानसिक रोग, मानसिक रोग, मानसिक रोग, मानसिक रोग, मानसिक रोग, मानसिक रोग, मानसिक रोग, मानसिक रोग, मानसिक रोग, मानसिक रोग, मानसिक रोग, मानसिक रोग ।	ᱦᱚᱲᱢᱚ ᱥᱟᱶᱟᱨ ᱨᱮᱭᱟᱜ ᱚᱨᱡᱚ ᱢᱩᱫᱨᱮ ᱢᱮᱱᱟᱜᱼᱟ ᱜᱷᱟᱹᱞ (ᱜᱦᱟᱹᱞ ᱠᱷᱚᱱ ᱡᱟᱝᱨᱟᱹᱯᱩᱫᱽ ᱟᱨ ᱵᱷᱤᱛᱨᱤ ᱦᱤᱸᱥ ᱨᱮᱭᱟᱜ ᱜᱷᱟᱹᱞ), ᱵᱟᱝᱦᱩᱭᱫᱟᱲᱮᱭᱟᱜ ᱦᱟᱢᱟᱞᱚᱜ, ᱜᱟᱭᱱᱳᱠᱳᱞᱚᱡᱤᱠᱮᱞ ᱟᱱᱟᱴ, ᱮᱭᱤᱪᱟᱭᱵᱷᱤ ᱥᱟᱶ ᱮᱥᱴᱤᱰᱤ, ᱦᱚᱥᱚᱨᱜᱤᱰᱤ, ᱥᱷᱨᱳᱱᱤ ᱮᱢᱚᱜᱟᱱ ᱨᱩᱣᱟᱹ, ᱰᱷᱮᱮᱨᱫᱤᱱ ᱛᱟᱦᱮᱸᱱ ᱯᱮᱞᱵᱷᱤᱠ ᱦᱟᱥᱩ, ᱵᱚᱦᱚᱜᱽᱦᱟᱥᱩ, ᱛᱟᱦᱮᱸᱩᱛᱟᱹᱨ ᱵᱟᱝᱫᱟᱲᱮᱭᱟᱜ, ᱦᱟᱯᱟᱱᱤ, ᱵᱮᱼᱱᱤᱨᱟᱹᱭ, ᱵᱮᱼᱱᱤᱨᱟᱹᱭᱟᱱᱟᱜ ᱨᱩᱣᱟᱹ ᱾ ᱵᱮᱣᱦᱟᱨ (ᱪᱩᱴᱤᱧᱩ, ᱵᱮᱼᱨᱩᱠᱷᱭᱟᱹ ᱡᱟᱱᱟᱧᱠᱟᱹᱢᱤ); ᱢᱚᱱ ᱥᱟᱶᱟᱨ ᱨᱮᱭᱟᱜ ᱮᱥᱮᱲ ᱢᱩᱫᱨᱮ ᱢᱚᱱᱮ ᱵᱟᱹᱲᱤᱪᱽ, ᱵᱚᱛᱚᱨ, ᱪᱤᱱᱛᱟᱹ, ᱱᱤᱡᱼᱢᱟᱹᱱ ᱠᱚᱢ, ᱡᱟᱱᱟᱧ ᱵᱟᱝᱠᱟᱹᱢᱤᱭᱟᱱᱟᱜ, ᱡᱚᱢ ᱨᱮᱭᱟᱜ ᱨᱩᱣᱟᱹ, ᱚᱵᱥᱮᱥᱤᱵᱷᱼᱦᱩᱭᱩᱜᱼᱟᱱᱟᱜ ᱨᱩᱣᱟᱹ ᱥᱮ ᱯᱳᱥᱴᱼᱴᱨᱚᱢᱟᱴᱤᱠ ᱥᱴᱨᱮᱥ ᱰᱤᱥᱚᱨᱰᱟᱴ ᱚᱱᱟ ᱵᱷᱤᱛᱨᱤ ᱨᱮ ᱛᱟᱦᱮᱸ ᱫᱟᱲᱮᱭᱟᱜᱼᱟ ᱾
इसके अतिरिक्‍त, वृद्ध सलाह ने प्रकट किया कि बीएसएन के लिए एक फोन का पता लगाना या उस पर हस्ताक्षर करना असंभव है (स्कित) क्लोड (स्केड) के साथ एक कॉल करना असंभव है ।	ᱡᱟᱹᱥᱛᱤ ᱠᱟᱭᱛᱮ, ᱥᱤᱠᱷᱱᱟᱹᱛᱟᱱ ᱞᱟᱯᱷᱟᱝ ᱥᱟᱞᱦᱟ ᱮᱢᱚᱜ ᱠᱩ ᱡᱤᱢᱟᱹᱣᱟᱠᱟᱫᱟ ᱡᱮᱥᱤᱮᱞᱟᱭ ᱨᱮ ᱢᱮᱡᱟᱡᱟᱱᱛᱮ (ᱢᱩᱠᱷᱟᱹᱥ) ᱢᱤᱫᱴᱟᱝ ᱠᱚᱞ ᱵᱚᱱᱫᱚᱭ ᱫᱚ ᱵᱤᱮᱥᱮᱱᱮᱞ ᱞᱟᱹᱜᱤᱫ ᱞᱟᱜᱟᱱᱠᱟᱹᱨᱤ ᱞᱮᱠᱟᱛᱮ ᱵᱟᱝ ᱦᱩᱭ ᱫᱟᱲᱤᱭᱟᱜᱼᱟ ᱾
वे अज्ञातता के साथ वोट दिया जाता है.	ᱩᱱᱠᱚ ᱫᱚ ᱞᱮᱸᱡᱽᱨᱟ ᱵᱷᱳᱴᱟᱨ ᱞᱮᱠᱟᱛᱮ ᱠᱚ ᱨᱮᱡᱤᱥᱴᱟᱨ ᱟᱠᱟᱱᱟ ᱾
जल्दी से मुझे वापस नाव पर खींच लो, पानी में एक शार्क है।	ᱩᱥᱟᱹᱨᱟ ᱤᱧ ᱫᱚ ᱞᱟᱹᱣᱠᱟᱹᱨᱮ ᱨᱩᱣᱟᱹᱲ ᱤᱫᱤᱭᱤᱧ ᱢᱮ, ᱫᱟᱜ ᱨᱮ ᱢᱤᱫᱴᱟᱝ ᱦᱟᱸᱜᱚᱨ ᱢᱮᱱᱟᱭᱟ ᱾
कोर्स उपलब्ध है, जब पुलिस खंड १५४ के अंतर्गत राज्य आवश्यकताओं के सभी भारतीय संस्थानों के मामले में सीधे मुद्दा में नहीं ले जा रही थी, हरी सिंह के मामले में, और Muuhhhs के मामले में.	ᱡᱟᱸᱦᱟ ᱜᱟᱱᱟᱝ ᱧᱟᱢᱚᱜᱼᱟ, ᱯᱩᱞᱤᱥ ᱡᱚᱠᱷᱚᱱ ᱑᱕᱔ ᱜᱟᱱᱟᱝ ᱨᱮᱭᱟᱜ ᱟᱶᱛᱟᱨᱮ ᱚᱞᱛᱚᱞ ᱟᱠᱟᱱ ᱞᱟᱹᱠᱛᱤᱭᱟᱱᱟᱜ ᱠᱚ ᱵᱟᱠᱚ ᱯᱟᱞᱟᱣᱼᱟ ᱚᱱᱟ ᱫᱚ ᱚᱞ ᱤᱱᱰᱤᱭᱟ ᱤᱱᱥᱴᱤᱴᱤᱣᱩᱴ ᱚᱯᱷ ᱢᱮᱰᱤᱠᱮᱞ ᱥᱟᱭᱮᱱᱥ, ᱜᱚᱝᱜᱟᱷᱚᱨᱟᱜ ᱢᱟᱢᱞᱟ, ᱦᱚᱨᱤ ᱥᱚᱝ ᱠᱚᱣᱟᱜ ᱢᱟᱢᱞᱟ ᱟᱨ ᱢᱤᱱᱩ ᱠᱩᱢᱟᱨᱤᱭᱟᱜ ᱢᱟᱢᱞᱟ ᱥᱚᱨᱟᱥᱚᱨᱤ ᱤᱥᱩᱨᱮ ᱛᱟᱸᱦᱮ ᱠᱟᱱᱟ ᱾
वह एक मूल अमेरिकी थे जो शहर की शुरुआत के समय पास ही रहते थे।	ᱩᱱᱤᱫᱚ ᱢᱤᱫᱦᱚᱲ ᱱᱮᱴᱤᱵᱷ ᱟᱢᱮᱨᱤᱠᱟᱭ ᱛᱟᱦᱮᱸ ᱠᱟᱱᱟ ᱡᱟᱸᱦᱟᱭ ᱫᱚ ᱥᱟᱦᱟᱨ ᱮᱛᱚᱦᱚᱵ ᱚᱠᱛᱚ ᱥᱩᱨᱥᱩᱯᱩᱨᱮ ᱛᱟᱦᱮᱱ ᱛᱟᱦᱮᱸ ᱾
मैं Rssss के एक पुनर्वास की जरूरत है.	ᱤᱧᱫᱚ ᱑᱐᱐,᱐᱐᱐/- ᱴᱟᱠᱟ ᱛᱩᱞᱟᱹᱣ ᱞᱟᱹᱠᱛᱤᱭᱟᱹᱧᱟ ᱾
इन उपायों को उप - सेवा, करों, ख़र्चों और अवैधता के सभी पहलुओं को पूरा करना पड़ता है ।	ᱱᱚᱣᱟ ᱞᱮᱠᱷᱟ ᱡᱚᱠᱷᱟ ᱫᱚ ᱵᱟᱡᱮᱴ ᱨᱮᱭᱟᱜ ᱥᱟᱱᱟᱢ ᱥᱮᱡ ᱛᱮ ᱵᱷᱩᱨᱛᱩᱠᱤ, ᱠᱷᱟᱡᱽᱱᱟ, ᱠᱷᱚᱨᱚᱪ ᱟᱨ ᱠᱤᱨᱤᱧᱼᱟᱹᱠᱷᱨᱤᱧ ᱨᱮ ᱥᱮᱞᱮᱫ ᱦᱩᱭᱩᱜᱼᱟ ᱾
वह ईस्ट एंगल्स के खिलाफ लड़ाई में मारे गए थे।	ᱩᱱᱤ ᱫᱚ ᱤᱥᱴ ᱮᱝᱜᱮᱞ ᱵᱤᱨᱩᱫᱨᱮ ᱞᱟᱹᱲᱦᱟᱹᱭᱛᱮᱭ ᱜᱚᱡᱽ ᱞᱮᱱᱟ ᱾
वह अजीब आदमी लगातार मुझे घूर रहा है।	ᱩᱱᱤ ᱵᱟᱝ ᱩᱨᱩᱢ ᱦᱚᱲ ᱫᱚ ᱤᱧ ᱥᱮᱪ ᱞᱮᱛᱟᱲᱜᱮᱭ ᱠᱚᱭᱚᱜ ᱟᱠᱟᱫᱟ ᱾
यह आमतौर पर उन्हें डिस्क पर किसी भिन्न स्थान पर कॉपी करके किया जाता है।	ᱱᱚᱣᱟ ᱫᱚ ᱥᱟᱫᱷᱟᱨᱚᱱ ᱞᱮᱠᱟᱛᱮ ᱰᱤᱥᱠ ᱨᱮᱭᱟᱜ ᱢᱤᱫᱴᱟᱝ ᱵᱷᱮᱜᱟᱨ ᱡᱟᱭᱜᱟᱨᱮ ᱱᱚᱠᱚᱞ ᱠᱟᱛᱮᱫ ᱠᱚᱨᱟᱣ ᱦᱩᱭᱩᱜᱼᱟ ᱾
अकसर उनके पास ख़ास भोजन होता है, पीने और मनोरंजन होता है, मेहमानों को अच्छे मूड में रखने के लिए, और उन्हें आधार पर रखते हैं ।	ᱯᱮᱲᱟ ᱦᱚᱲ ᱠᱚ ᱵᱮᱥ ᱢᱩᱰ ᱨᱮ ᱫᱚᱦᱚ ᱟᱨ ᱩᱱᱠᱩ ᱟᱫᱷᱟᱨ ᱛᱮ ᱫᱟᱦᱚ ᱞᱟᱹᱜᱤᱫ, ᱩᱱᱠᱩ ᱴᱷᱮᱱ ᱚᱝᱠᱟ ᱜᱮ ᱵᱤᱥᱮᱥ ᱡᱚᱢᱟᱜ, ᱧᱩᱸ ᱟᱨ ᱢᱚᱱᱚᱨᱚᱧᱡᱚᱱ ᱯᱨᱚᱥᱛᱟᱵ ᱛᱟᱦᱮᱸᱱ ᱠᱟᱱᱟ᱾
सर, कृपया कोई 2 का पालन करने के लिए आगे बढ़ें.	ᱥᱮᱨ, ᱫᱟᱭᱟ ᱠᱟᱛᱮᱜ ᱒ ᱱᱚᱢᱵᱚᱨ ᱠᱟᱣᱩᱱᱴᱟᱮ ᱨᱮ ᱪᱟᱞᱟᱜ ᱢᱮ ᱾
डार्क वेब डीप वेब का एक छोटा सा हिस्सा है।	ᱰᱟᱨᱠ ᱳᱣᱮᱵ ᱫᱚ ᱦᱩᱭᱩᱜ ᱠᱟᱱᱟ ᱰᱤᱯ ᱳᱣᱮᱵ ᱨᱮᱭᱟᱜ ᱢᱤᱫᱴᱟᱝ ᱠᱟᱹᱴᱤᱡᱽ ᱦᱤᱸᱥ ᱾
अंग्रेजों ने पास्पाहेघ शहर पर हमला किया और उसे लगभग नष्ट कर दिया।	ᱤᱝᱨᱮᱡ ᱠᱚ ᱡᱟᱨᱯᱟᱭᱟ ᱟᱨ ᱡᱟᱹᱥᱛᱤᱜᱮ ᱯᱟᱥᱯᱟᱦᱮᱜ ᱥᱟᱦᱟᱨ ᱠᱚ ᱨᱟᱹᱯᱩᱫᱟ ᱾
मुझे इस स्टोर में आना बहुत पसंद है। उनके पास हमेशा सभी नवीनतम फोन डिस्प्ले पर होते हैं।	ᱤᱧ ᱱᱚᱣᱟ ᱫᱳᱠᱟᱱ ᱨᱮ ᱦᱤᱡᱩᱜᱤᱧ ᱠᱩᱥᱤᱭᱟᱜᱼᱟ ᱾ ᱩᱫᱩᱜ ᱥᱚᱫᱚᱨᱨᱮ ᱥᱟᱨᱟ ᱜᱷᱩᱲᱤᱜᱮ ᱱᱟᱣᱟ ᱱᱟᱣᱟ ᱯᱷᱳᱱ ᱛᱟᱦᱮᱱᱟ ᱾
आज एक छोटे लड़के ने मुझे एटीएम से पैसे निकालने में मदद की और मुझे उसके लिए चॉकलेट नहीं खरीदने दी। वह कितना प्यारा लड़का है।	ᱛᱮᱦᱮᱧ ᱢᱤᱫ ᱠᱚᱢ ᱩᱢᱮᱨᱟᱱ ᱠᱚᱲᱟ ᱤᱧ ᱮᱴᱤᱮᱢ ᱠᱷᱚᱱ ᱠᱟᱹᱣᱰᱤ ᱨᱟᱠᱟᱵ ᱨᱮᱭ ᱜᱚᱲᱚᱣᱟᱫᱤᱧ ᱛᱟᱦᱮᱱᱟ ᱟᱨ ᱩᱱᱤ ᱪᱚᱠᱚᱞᱮᱴ ᱵᱟᱭ ᱠᱤᱨᱤᱧ ᱚᱪᱚᱣᱟᱫᱤᱧᱟ ᱾ ᱩᱱᱤ ᱫᱚ ᱱᱩᱱᱟᱹᱜ ᱵᱷᱟᱜᱮ ᱜᱤᱫᱨᱟᱹ ᱾
एक - दूसरे की तारीफ करने के बजाय, समूह की मेहनत पर ज़ोर देना ज़रूरी है ।	ᱵᱮᱠᱛᱤᱜᱚᱛ ᱟᱠᱳᱢᱯᱞᱤᱥᱢᱮᱸᱴ ᱵᱟᱝ ᱥᱟᱨᱦᱟᱣ ᱟᱛᱮ ᱥᱟᱢᱩᱦᱤᱠ ᱥᱟᱨᱟᱦᱟᱣ ᱥᱟᱵ ᱫᱚᱦᱚ ᱞᱮᱠᱷᱟᱱ ᱠᱟᱹᱢᱤ ᱴᱷᱟᱶ ᱠᱨᱩᱥᱤᱭᱟᱞᱚᱜᱼᱟ᱾
सड़क पर उनसठ गाड़ी हैं।	ᱥᱚᱲᱚᱠ ᱨᱮ ᱛᱩᱨᱩᱭ ᱜᱮᱞ ᱱᱟᱭ ᱜᱚᱴᱟᱝ ᱜᱟᱹᱲᱤ ᱢᱮᱱᱟᱜᱼᱟ ᱠᱚᱣᱟ।
यह एक आगे की लड़ाई के लिए नीचे आ सकता है.	ᱱᱚᱶᱟ ᱫᱚ ᱞᱟᱦᱟ ᱥᱮᱱᱚᱜ ᱞᱟᱹᱲᱦᱟᱹᱭᱨᱮ ᱦᱮᱡᱽ ᱫᱟᱲᱮᱭᱟᱜᱼᱟ ᱾
जैसा कि आप जानते हैं हमारे विद्यार्थियों के परिवार के परिश्रम से हैं.	ᱡᱮᱞᱮᱠᱟᱢ ᱵᱟᱰᱟᱭᱜᱮᱭᱟ ᱟᱞᱮᱨᱮᱱ ᱯᱟᱹᱴᱷᱣᱟᱹ ᱠᱩᱫᱚ ᱠᱟᱹᱢᱤᱡᱚᱝ ᱜᱷᱟᱨᱚᱸᱡᱽ ᱠᱷᱚᱱ ᱠᱟᱱᱟᱠᱩ ᱾
जब एडेन ने अपने पसंदीदा खिलाड़ी को विजयी टचडाउन बनाते देखा तो वह अपनी खुशी नहीं छिपा सका।	ᱮᱭᱰᱮᱱ ᱟᱡᱟᱜ ᱨᱟᱹᱥᱠᱟᱹ ᱵᱟᱭ ᱩᱠᱩ ᱫᱚᱦᱚ ᱫᱟᱲᱮ ᱠᱟᱣᱫᱟ ᱡᱚᱠᱷᱚᱱ ᱟᱡ ᱨᱮᱱ ᱥᱚᱨᱮᱥ ᱠᱷᱮᱞᱳᱰᱤᱭᱟᱹ ᱡᱤᱛᱠᱟᱹᱨᱚᱜ ᱴᱟᱪᱰᱟᱣᱩᱱ ᱨᱮ ᱥᱠᱳᱨᱮ ᱧᱮᱞ ᱠᱮᱫᱮᱭᱟ  ᱾
आज मीडिया ने लोगों की राय को ढालने के लिए लोगों की सोच को ढाल लिया है ।	ᱞᱟᱜᱟᱱᱠᱟᱹᱨᱤ ᱞᱮᱠᱟᱱ ᱩᱛᱷᱱᱟᱹᱣ ᱦᱚᱛᱮᱛᱮ ᱟᱹᱰᱤ ᱱᱟᱦᱟᱜ ᱟᱨ ᱟᱹᱨᱩᱯᱷᱮᱨᱟᱣ ᱱᱚᱣᱟ ᱨᱮᱭᱟᱜ ᱥᱤᱢᱟᱹ ᱟᱨᱦᱚᱸᱭ ᱯᱟᱥᱱᱟᱣ ᱟᱠᱟᱫᱟ, ᱚᱱᱟᱛᱮ ᱢᱤᱰᱤᱭᱟ ᱛᱮᱦᱮᱧ ᱫᱤᱥᱣᱟᱹ ᱠᱚᱣᱟᱜ ᱢᱚᱛ ᱵᱮᱱᱟᱣ ᱨᱮ ᱢᱤᱫ ᱵᱷᱮᱜᱟᱨ ᱪᱩᱨᱤᱛᱮ ᱟᱨᱡᱟᱣ ᱟᱠᱟᱫᱟ ᱾
सन्‌ 2021 के दौरान भारत में 28वीं सदी के दौरान, हर सरकार ने अलग - अलग देशों से अलग तय कर लिया था (जिसे संघ या संघीय सरकार कहा जाता है) और 8 समूह के इलाके, जो संघ सरकार के अधीन हैं ।	᱒᱐᱒᱑ ᱫᱷᱟᱹᱵᱤᱡᱽ, ᱵᱷᱟᱨᱚᱛ ᱨᱮᱭᱟᱜ ᱒᱘ᱜᱚᱴᱮᱱ ᱯᱚᱱᱚᱛ ᱢᱮᱱᱟᱜᱼᱟ, ᱢᱤᱢᱤᱫᱴᱮᱱᱟᱜ ᱱᱤᱡᱟᱹ ᱥᱚᱨᱠᱟᱨ ᱵᱮᱜᱟᱨ ᱵᱮᱜᱟᱨᱞᱮᱠᱟᱛᱮ ᱡᱟᱛᱤᱭᱚ ᱥᱚᱨᱠᱟᱨ (ᱛᱟᱞᱢᱟᱣᱟᱱ ᱥᱮ ᱡᱚᱯᱚᱲᱟᱣᱯᱚᱱᱚᱛᱤᱭᱟᱹ ᱥᱚᱨᱠᱟᱨ ᱦᱚᱸ ᱢᱮᱱᱚᱜᱚᱜᱼᱟ) ᱦᱚᱛᱮᱛᱮ ᱵᱟᱪᱷᱱᱟᱣ ᱟᱨ ᱘ ᱜᱚᱴᱮᱱ ᱛᱟᱞᱢᱟᱡᱟᱹᱨᱤᱭᱟᱹ ᱴᱚᱴᱷᱟ ᱢᱮᱱᱟᱜᱼᱟ ᱡᱟᱦᱟᱸ ᱫᱚ ᱛᱟᱞᱢᱟ ᱥᱚᱨᱠᱟᱨ ᱫᱟᱨᱟᱭᱛᱮ ᱪᱟᱞᱟᱣᱵᱟᱱᱟᱜᱽᱠᱟᱱᱟ ᱾
लड़के लैंगिक दुर्व्यवहार के प्रति समान असुरक्षित हैं ।	ᱠᱚᱲᱟ ᱜᱤᱫᱽᱨᱟᱹ ᱠᱚᱦᱚᱸ ᱥᱚᱢᱟᱱ ᱛᱮᱜᱮ ᱡᱳᱣᱱᱚ ᱱᱤᱨᱡᱟᱛᱚᱱ ᱦᱚᱪᱚᱜ ᱟᱠᱚ ᱾
मानसिक स्वास्थ्य पेशेवर जैसे कि मानसिक स्वास्थ्य पेशेवर अपनी योग्यताओं को प्राप्त करते हैं जैसे कि मानसिक स्वास्थ्य स्वास्थ्य स्वास्थ्य में अपनी योग्यताएँ हासिल करते हैं ।	ᱢᱚᱱ ᱥᱟᱶᱟᱨ ᱰᱟᱠᱴᱚᱨ ᱡᱮᱞᱮᱠᱟ ᱢᱚᱱᱟᱡᱟᱨ ᱰᱟᱠᱴᱚᱨ ᱠᱚ ᱟᱠᱚᱣᱟᱜ ᱡᱳᱜᱚᱛᱟ ᱟᱨᱡᱟᱣ ᱞᱟᱹᱜᱤᱫ ᱡᱟᱦᱟᱱ ᱢᱮᱰᱤᱠᱮᱞ ᱠᱟᱣᱩᱱᱥᱤᱞ ᱚᱯᱷ ᱤᱱᱰᱤᱭᱟ ᱨᱮᱭᱟᱜ ᱛᱟᱞᱢᱟ ᱠᱷᱚᱱ ᱮᱢ ᱵᱤ ᱵᱤ ᱮᱥ ᱼ ᱛᱟᱭᱚᱢ ᱢᱚᱱᱟᱡᱟᱨ ᱵᱤᱨᱫᱟᱹᱨᱮ ᱮᱢ ᱰᱤ, ᱥᱟᱭᱠᱨᱤᱭᱟᱴᱨᱤᱠ ᱢᱮᱰᱤᱥᱤᱱ ᱨᱮ ᱰᱤᱯᱞᱳᱢᱟ (ᱰᱤ ᱯᱤ ᱮᱢ) ᱥᱮ ᱢᱚᱱᱟᱡᱟᱨ ᱵᱤᱨᱫᱟᱹᱨᱮ ᱰᱤᱯᱞᱳᱢᱮᱹᱴ ᱚᱯᱷ ᱱᱮᱥᱚᱱᱟᱞ ᱵᱳᱨᱰ (ᱰᱤ ᱮᱱ ᱵᱤ) ᱠᱚ ᱯᱩᱨᱟᱹᱣᱼᱟ ᱾
वे अपने क्लास के साथ बैठे वक्‍त एक खूबसूरत कला की देख - रेख कर सकते हैं ।	ᱯᱨᱚᱫᱭᱚᱜᱤᱠ ᱟᱵᱷᱟᱥᱤ ᱡᱟᱭᱜᱟ ᱥᱟᱶᱛᱮ ᱥᱚᱢᱟᱫᱷᱟᱹᱱ ᱮᱢᱚᱜ ᱜᱮᱭᱟᱭ᱾ ᱪᱮᱪᱮᱫᱤᱭᱟᱹ ᱠᱚ ᱟᱠᱚᱣᱟᱜ ᱛᱷᱚᱠ ᱥᱟᱶᱛᱮ ᱫᱩᱲᱩᱵ ᱠᱟᱛᱮ ᱢᱭᱩᱡᱤᱭᱟᱹᱢ ᱨᱮᱭᱟᱜ ᱠᱚᱲᱟ ᱠᱚ ᱧᱮᱞ ᱫᱟᱲᱮᱭᱟᱜᱼᱟ, ᱮᱠᱣᱮᱨᱤᱭᱟᱹᱢ ᱨᱮ ᱠᱚ ᱪᱟᱞᱟᱣ ᱫᱟᱲᱮᱭᱟᱜᱼᱟ ᱟᱨ ᱵᱟᱝ ᱪᱚᱨᱚᱠ ᱠᱚᱲᱟ ᱨᱮᱭᱟᱜ ᱠᱩᱥᱤ ᱠᱚᱨᱟᱣ ᱫᱟᱲᱮᱭᱟᱜᱼᱟ᱾
प्रकाश - संश्‍लेषण (FTIR) की तुलना में, इन क्रिस्टलों का स्वरूप उन पर असर करनेवाले पालतू पालतू जानवरों से मेल खाता है ।	ᱤᱱᱯᱷᱨᱟᱨᱮᱰ ᱥᱯᱮᱠᱴᱨᱚᱥᱠᱚᱯᱭ (ᱮᱯᱷᱹᱴᱤᱹᱟᱭᱹᱟᱨᱹ) ᱨᱮᱭᱟᱜ ᱛᱩᱲᱚᱱ ᱨᱮ ᱱᱟᱶᱟ ᱠᱨᱤᱥᱴᱚᱞ ᱨᱮᱭᱟᱜ ᱥᱚᱝᱨᱚᱪᱱᱟ ᱯᱨᱚᱣᱟᱣᱤᱛ ᱯᱟᱹᱞᱛᱩ ᱡᱟᱹᱱᱛᱩ ᱠᱚᱣᱟᱜ ᱡᱚᱨᱭᱟ ᱨᱮ ᱧᱟᱢ ᱠᱚ ᱥᱟᱞᱟᱜ ᱢᱮᱲᱟᱣᱜ ᱠᱟᱱᱟ᱾
क्या यह ठीक होगा अगर कोई इस सप्ताह में गिरता है और पुस्तक बनाता है?	ᱡᱟᱦᱟᱸ ᱡᱩᱫᱤ ᱱᱚᱶᱟ ᱦᱟᱯᱛᱟᱜᱮ ᱰᱨᱚᱯ ᱠᱟᱛᱮ ᱵᱩᱠᱤᱝ ᱠᱚ ᱮᱢᱟ ᱠᱚᱣᱟ ᱮᱱᱠᱷᱟᱱ ᱪᱮᱫ ᱴᱷᱤᱠ ᱦᱩᱭᱩᱜᱼᱟ ?
सबसे नज़दीकी दिल्लीी मेले स्टेशन, पीला लाइन पर।	ᱥᱟᱥᱟᱝ ᱞᱟᱭᱤᱱ ᱨᱮᱭᱟᱜ ᱨᱮᱭᱟᱜ ᱚᱨᱡᱚ ᱜᱚᱲ ᱦᱩᱭᱩᱜ ᱠᱟᱱᱟ ᱥᱩᱨᱥᱩᱯᱩᱨ ᱫᱤᱞᱞᱤ ᱢᱮᱴᱨᱳ ᱤᱥᱴᱮᱥᱚᱱ ᱾
A3 ऑटोरूट: A3 फ्रांस का एक छोटा ऑटोरूट (राजमार्ग) है।	ᱮ᱓ ᱚᱴᱳᱨᱩᱴ ᱮ᱓ ᱫᱚ ᱦᱩᱭᱩᱜ ᱠᱟᱱᱟ ᱯᱷᱨᱟᱱᱥ ᱨᱮᱭᱟᱜ ᱢᱤᱫᱴᱟᱝ ᱦᱩᱰᱤᱧ ᱚᱴᱳᱨᱩᱴ ᱾
सन्‌ 1994 में कार्यवाही करनेवालों के रहने के निर्देशों की शुरूआत हुई ।	ᱠᱟᱹᱢᱤᱦᱚᱨᱟ ᱨᱮᱭᱟᱜ ᱥᱚᱨᱟᱥᱚᱨᱤ ᱩᱫᱩᱜ ᱥᱚᱫᱚᱨ ᱫᱚ ᱑᱙᱙᱔ ᱥᱟᱹᱦᱤᱛ ᱠᱷᱚᱱ ᱮᱦᱚᱵ ᱞᱮᱱᱟ ᱾
वह मुझे एक पल के लिये आंखें मारता है, और यह कहकर आदर से कहता है, कि मैं बहुत खेदित हूं, हम पूरे हो गए हैं, मुझे अलविदा कहने की आज्ञा दी है।	ᱩᱱᱤᱫᱚ ᱢᱤᱫ ᱰᱚᱸᱰᱮᱠ ᱤᱧ ᱥᱮᱡᱼᱮ ᱠᱚᱭᱚᱜ ᱠᱮᱫᱟ ᱟᱨ ᱟᱹᱰᱤ ᱢᱚᱡᱛᱮᱭ ᱢᱮᱱᱠᱮᱫᱟ, 'ᱤᱧ ᱟᱹᱰᱤ ᱫᱩᱠᱤᱧ ᱥᱚᱫᱚᱨᱮᱫᱟ, ᱟᱞᱮᱫᱚᱞᱮ ᱯᱮᱨᱮᱡ ᱟᱠᱟᱱᱟ,' ᱤᱧ ᱵᱤᱫᱟᱹᱭᱮ ᱡᱟᱱᱟᱣ ᱠᱮᱫᱤᱧᱟ ᱾
ᱢᱤᱫ ᱴᱟᱲᱟᱝ	एक घंटा
मेरे दोस्त ने कहा, 'क्या आपको पता था कि स्वतंत्र भारत में एयरलाइन के पहले मालिक मीर उस्मान अली खान, हैदराबाद के निज़ाम थे?' मैंने कहा, 'मुझे नहीं पता था। मैं हमेशा सोचता था कि वह जेआरडी टाटा थे।'	ᱤᱧᱨᱮᱱ ᱜᱟᱛᱮ ᱢᱮᱱ ᱞᱮᱫᱟᱭ ᱡᱮ, ᱟᱢ ᱪᱮᱫ ᱵᱟᱰᱟᱭ ᱧᱟᱢ ᱟᱠᱟᱫᱟ ᱡᱮ, ᱯᱷᱩᱨᱜᱟᱹᱞ ᱵᱷᱟᱨᱚᱛ ᱨᱮ ᱯᱳᱭᱞᱳ ᱦᱚᱲ ᱡᱟᱦᱟᱸᱭ ᱫᱚ ᱢᱤᱫᱴᱟᱝ ᱮᱭᱟᱨᱞᱟᱭᱮᱱᱥ ᱨᱮᱱ ᱢᱟᱹᱞᱤᱠ ᱛᱟᱦᱮᱸ ᱠᱟᱱᱟᱭ, ᱩᱱᱤ ᱫᱚ ᱛᱟᱦᱮᱸ ᱠᱟᱱᱟᱭ ᱦᱟᱭᱫᱨᱟᱵᱟᱫ ᱨᱮᱱ ᱱᱤᱡᱟᱢ ᱢᱤᱨ ᱳᱥᱢᱟᱱ ᱟᱞᱤ ᱠᱷᱟᱱ ᱾ "ᱤᱧ ᱫᱚ ᱵᱟᱝ ᱮᱢ ᱟᱠᱟᱫᱟ ᱾ ᱤᱧᱟᱜ ᱥᱟᱱᱟᱢ ᱚᱠᱛᱚ ᱢᱚᱱᱮ ᱦᱩᱭᱩᱜ ᱠᱟᱱᱟ ᱡᱮ ᱩᱱᱤ ᱜᱮ ᱟᱨ ᱰᱤ ᱴᱟᱴᱟ ᱾ ", ᱤᱧ ᱢᱮᱱ ᱞᱮᱫᱟᱹᱧ ᱾
इस अध्ययन में यह भी देखा गया कि किसकी हत्या होने की संभावना सबसे अधिक थी।	ᱱᱚᱣᱟ ᱥᱚᱢᱤᱠᱠᱷᱟᱨᱮ, ᱚᱠᱚᱭ ᱠᱚᱣᱟᱜ ᱜᱚᱡᱽ ᱨᱮᱭᱟᱜ ᱦᱩᱭᱫᱟᱲᱮᱭᱟᱱᱟᱜ ᱡᱚᱛᱚ ᱠᱷᱚᱱ ᱰᱷᱮᱨ ᱢᱮᱱᱟᱜᱼᱟ ᱚᱱᱟ ᱦᱚᱸ ᱧᱮᱞ ᱦᱩᱭᱞᱮᱱᱟ ᱾
वाह, यह अद्भुत है.	ᱵᱟᱵᱼᱵᱟ, ᱪᱮᱫ ᱦᱟᱦᱟᱲᱟ ᱾
मैं वहाँ उन लड़कों से बात कर रहा था लेकिन उनकी सांसों से भयानक बदबू आ रही थी। ऐसा लग रहा था मानो उन्होंने अभी-अभी प्याज खाया हो।	ᱤᱧ ᱫᱚ ᱚᱸᱰᱮ ᱩᱝᱠᱩ ᱜᱤᱫᱨᱟᱹ ᱥᱟᱣ ᱠᱟᱛᱷᱟᱧ ᱨᱚᱲᱮᱫ ᱠᱟᱱ ᱛᱟᱦᱮᱠᱟᱱᱟ ᱢᱮᱱᱠᱷᱟᱱ ᱩᱝᱠᱩᱣᱟᱜ ᱥᱟᱸᱦᱮᱫ ᱫᱚ ᱵᱚᱛᱚᱨᱟᱱ ᱛᱟᱦᱮᱠᱟᱱᱟ ᱾ ᱚᱱᱟ ᱨᱮᱭᱟᱜ ᱥᱚ ᱫᱚ ᱛᱟᱦᱮᱠᱟᱱᱟ ᱡᱮᱢᱚᱱ ᱩᱝᱠᱩ ᱫᱚ ᱮᱠᱮᱱ ᱯᱮᱸᱭᱟᱡ ᱠᱚ ᱡᱚᱢ ᱟᱠᱟᱫᱟ ᱾
बस वहाँ से बाहर अपने आप का आनंद लें.	ᱮᱠᱮᱱ ᱚᱸᱰᱮ ᱥᱮᱱᱠᱟᱛᱮ ᱟᱢᱞᱮᱠᱟ ᱨᱟᱹᱥᱠᱟᱹᱭ ᱢᱮ ᱾
मजाक अलग, खोलने की आरंभ का मतलब नहीं है आप जो कुछ भी करना चाहते हैं.	ᱞᱟᱸᱫᱟ ᱠᱟᱛᱷᱟ ᱫᱚ ᱛᱟᱦᱮᱸᱱᱚᱜ, ᱞᱚᱠᱰᱟᱣᱩᱱ ᱡᱷᱤᱡᱩᱜ ᱠᱟᱱᱟ ᱢᱮᱱᱛᱮ ᱱᱚᱝᱠᱟ ᱫᱚ ᱵᱟᱝ ᱠᱟᱱᱟ ᱡᱮ ᱟᱢ ᱡᱟᱦᱟᱸ ᱜᱮᱢ ᱠᱷᱚᱡᱟ ᱚᱱᱜᱮᱢ ᱠᱚᱨᱟᱣᱼᱟ ᱾
आज	ᱛᱮᱦᱮᱧ
मेरे पास दस अक्षर हैं।	ᱤᱧ ᱴᱷᱮᱱ ᱜᱮᱞ ᱜᱚᱴᱟᱝ ᱚᱠᱷᱚᱨ ᱢᱮᱱᱟᱜᱼᱟ ᱠᱚᱣᱟ।
वापस घर में रहो, आराम करो.	ᱚᱲᱟᱜ ᱨᱩᱣᱟᱹᱲ ᱢᱮ, ᱡᱤᱨᱟᱹᱜ ᱢᱮ ᱾
मुझे नहीं पता कि मैं इस मिस वर्ल्ड प्रतियोगिता के लिए डाइटिंग करने पर क्यों सहमत हुई। मुझे पिज्जा खाने की बहुत याद आती है।	ᱤᱧ ᱫᱚ ᱵᱟᱹᱧ ᱵᱟᱰᱟᱭᱟ ᱪᱮᱫᱟᱜ ᱤᱧ ᱱᱚᱶᱟ ᱢᱤᱥ ᱳᱣᱟᱨᱞᱰ ᱨᱮᱭᱟᱜ ᱦᱮᱯᱨᱟᱣ ᱞᱟᱹᱜᱤᱫ ᱰᱟᱭᱮᱴ ᱤᱧ ᱨᱟᱹᱡᱤ ᱞᱮᱱᱟ ᱾ ᱤᱧ ᱯᱤᱡᱡᱟ ᱡᱚᱢᱟᱜ ᱤᱧ ᱫᱤᱥᱟᱹᱭᱮᱫᱟ !
मशहूर Ajaaa गुफा का एक हिस्सा है, वहाँ 29 चट्टानों की एक कुल चट्टानों की गुफा है जो शांत और शांति से बाहर, जो 2वीं सदी BC और विशेषता मठों और चांसियों के लिए वापस।	ᱧᱩᱛᱩᱢᱟᱱ ᱚᱡᱚᱱᱛᱟ ᱜᱩᱦᱟ ᱦᱤᱸᱥᱨᱮ, ᱜᱩᱴ ᱒᱙ ᱜᱚᱴᱟᱝ ᱫᱷᱤᱨᱤᱼᱜᱮᱫ ᱟᱜ ᱵᱳᱣᱫᱷᱚ ᱜᱩᱦᱟ ᱢᱮᱱᱟᱜᱼᱟ ᱡᱟᱦᱟᱸᱫᱚ ᱥᱟᱹᱱᱛᱤ ᱟᱨ ᱱᱤᱨᱟᱹᱞᱟᱭ ᱵᱮᱱᱟᱣᱼᱟ, ᱚᱱᱟᱠᱚᱫᱚ ᱠᱷᱤᱥᱴᱚ ᱯᱩᱨᱵᱚ ᱒ ᱥᱚᱛᱟᱵᱫᱤ ᱨᱮᱭᱟᱜ ᱠᱟᱱᱟ ᱟᱨ ᱱᱚᱸᱰᱮ ᱢᱚᱴᱷ ᱟᱨ ᱪᱳᱭᱛᱚ ᱜᱨᱤᱦᱚ ᱠᱚ ᱢᱮᱱᱟᱜᱼᱟ ᱾
यह जानकर मैं हैरान रह गया कि मेरे माता-पिता इतने सालों से गुप्त रूप से मेरी कॉलेज की शिक्षा के लिए बचत कर रहे थे। कितना अद्भुत आश्चर्य है!	ᱤᱧ ᱦᱟᱦᱟᱲᱟ ᱞᱮᱱᱟ ᱡᱮ ᱤᱧ ᱜᱚᱼᱵᱟᱵᱟ ᱱᱩᱱᱟᱹᱜ ᱥᱮᱨᱢᱟ ᱫᱷᱩᱨᱤᱭᱟᱹ ᱤᱧᱟᱜ ᱠᱚᱞᱮᱡ ᱨᱮᱭᱟᱜ ᱥᱮᱪᱮᱫ ᱞᱟᱹᱜᱤᱫ ᱩᱠᱩ ᱩᱠᱩᱛᱮ ᱠᱤᱱ ᱥᱟᱧᱪᱟᱣ ᱫᱚᱦᱚ ᱤᱫᱤᱭᱮᱫᱟ ᱾ ᱪᱮᱫ ᱦᱟᱦᱟᱲᱟᱣᱟᱱ ᱜᱷᱚᱴᱚᱱ !
ओबेरॉन ने टिटानिया को बॉटम के प्यार में पड़ने से रोक दिया है।	ᱳᱵᱮᱨᱚᱱ ᱫᱚ ᱴᱟᱭᱴᱟᱱᱤᱭᱟ ᱵᱚᱴᱚᱢ ᱟᱜ ᱫᱩᱞᱟᱹᱲ ᱨᱮ ᱡᱷᱟᱹᱞᱤᱜ ᱮ ᱵᱚᱱᱫᱚ ᱟᱠᱟᱫᱮᱭᱟ ᱾
इस पेड़ से जो बीज बचा है, उसे मिट्टी में मिल जाता है ।	ᱚᱛᱢᱚᱱ ᱠᱚᱣᱟᱜ ᱥᱟᱨᱮᱡ ᱛᱮᱫ ᱚᱪᱚᱜ ᱜᱤᱰᱤ ᱫᱚ ᱦᱟᱥᱟ ᱨᱮᱭᱟᱜ ᱡᱳᱭᱵᱚ ᱯᱚᱫᱟᱨᱛᱷᱚ ᱦᱚᱸᱭ ᱠᱚᱢ ᱤᱫᱤᱭᱟ ᱾
अरे गधे। तुम सड़क के गलत दिशा में गाड़ी चला रहे हो।	ᱦᱟᱭ, ᱜᱟᱫᱷᱟ ᱾ ᱟᱢ ᱫᱚ ᱰᱟᱦᱟᱨ ᱨᱮᱭᱟᱜ ᱮᱴᱟᱜ ᱥᱮᱡᱽᱮᱢ ᱪᱟᱞᱟᱜ ᱠᱟᱱᱟ ᱾
मैदान पर अपनी टीम का त्रुटिहीन प्रदर्शन देखकर ओलिविया अपनी मुस्कान नहीं रोक पाई।	ᱰᱟᱹᱦᱤᱨᱮ ᱜᱟᱫᱮᱞᱟᱜ ᱟᱹᱰᱤ ᱱᱟᱯᱟᱭ ᱯᱟᱨᱯᱷᱚᱨᱢᱮᱱᱥ ᱧᱮᱞ ᱠᱟᱛᱮ ᱞᱟᱸᱫᱟ ᱵᱟᱭ ᱛᱷᱤᱨ ᱫᱟᱲᱮ ᱠᱟᱣᱫᱟ ᱚᱞᱤᱵᱷᱤᱭᱟ ᱾
इसके अतिरिक्‍त, रेडियो के कार्यक्रम को बढ़ावा देने के लिए रेडियोोटोप को एक गैर - कुशल रूप में परिवर्तित किया जाना है ताकि इसके प्रयोग के दौरान रेडियो एम्बिएशन को रोका न जाए ।	ᱟᱨᱦᱚᱸ, ᱛᱷᱮᱨᱟᱯᱤᱣᱩᱴᱤᱠ ᱮᱯᱞᱤᱠᱮᱥᱚᱱ ᱠᱚ ᱵᱟᱫ ᱠᱟᱛᱮᱜ, ᱨᱮᱰᱤᱳᱟᱭᱥᱳᱴᱳᱯ ᱢᱤᱫ ᱱᱚᱱᱼᱞᱤᱪ ᱞᱮᱠᱟᱱᱟᱜᱨᱮ ᱟᱹᱨᱩᱭ ᱦᱩᱭᱩᱜ ᱟ ᱡᱟᱸᱦᱟᱛᱮ ᱱᱚᱶᱟ ᱵᱮᱣᱦᱟᱨ ᱚᱠᱛᱚ ᱛᱮᱡᱚᱥᱠᱨᱤᱭᱚᱛᱟ ᱨᱮᱭᱟᱜ ᱡᱟᱸᱦᱟᱱ ᱵᱟᱝ ᱥᱚᱱᱛᱚᱨᱟᱱᱟᱜ ᱵᱟᱝ ᱥᱚᱫᱚᱨᱚᱜᱼᱟ ᱾
और मैं एक योजना मिल गया है वह में निवेश किया है लेकिन खासों को याद नहीं है.	ᱟᱨ ᱢᱤᱫᱴᱟᱝ ᱱᱚᱝᱠᱟᱱ ᱥᱠᱤᱢ ᱤᱧ ᱧᱟᱢ ᱟᱠᱟᱫᱟ ᱡᱟᱦᱟᱸ ᱫᱚ ᱩᱱᱤ ᱠᱟᱹᱣᱰᱤ ᱥᱚᱯᱚᱦᱚᱫ ᱮ ᱮᱢ ᱟᱠᱟᱫᱟ ᱮᱱᱠᱷᱟᱱ ᱱᱚᱶᱟ ᱨᱮᱭᱟᱜ ᱵᱚᱨᱱᱚᱱ ᱠᱚ ᱫᱚ ᱵᱟᱹᱧ ᱫᱤᱥᱟᱹ ᱮᱫᱟ ᱾
तुर्क और कैकोस द्वीप समूह में होने पर केवल सात अंकों का उपयोग करें।	ᱡᱚᱠᱷᱚᱱ ᱛᱩᱨᱠᱚᱥ ᱟᱨ ᱠᱟᱭᱠᱳᱥ  ᱰᱷᱤᱯᱠᱚᱨᱮ, ᱮᱠᱞᱟ ᱜᱮ ᱮᱭᱟᱭ ᱜᱚᱴᱟᱝ ᱮᱞ ᱵᱮᱣᱦᱟᱨ ᱢᱮ ᱾
यह वर्णनात्मक विशेषताओं से संरचनात्मक जानकारी को स्पष्ट रूप से अलग करके ऐसा करता है।	ᱱᱚᱣᱟ ᱫᱚ ᱵᱤᱪᱷᱱᱟᱹᱣ ᱥᱟᱹᱦᱤᱡ ᱩᱨᱜᱟᱹᱱ ᱠᱷᱚᱱ ᱜᱚᱲᱦᱚᱱᱟᱱᱟᱜ ᱛᱮᱛᱮᱫ ᱯᱩᱥᱴᱟᱹᱣ ᱥᱟᱞᱟᱜ ᱡᱩᱫᱟᱹ ᱠᱟᱛᱮᱫ ᱱᱚᱣᱟᱭ ᱠᱚᱨᱟᱣᱼᱟ ᱾
मोसासॉरस अपने समय का श्‍वेत शिकारी था, इसलिए वह किसी भी बात का डर नहीं करता था, सिवाय दूसरे मोची के ।	ᱢᱳᱥᱟᱥᱚᱨᱚᱥ ᱟᱭᱟᱜ ᱚᱠᱛᱚ ᱨᱮᱱ ᱡᱚᱛᱚ ᱠᱷᱚᱱ ᱞᱟᱴᱩ ᱥᱤᱠᱟᱨᱤ ᱛᱟᱦᱮᱸ ᱠᱟᱱᱟ, ᱱᱚᱣᱟ ᱤᱭᱮᱛᱮ ᱩᱱᱤ ᱫᱚ ᱡᱟᱦᱟᱱ ᱮᱴᱟᱜ ᱡᱤᱱᱤᱥ ᱨᱮᱭᱟᱜ ᱵᱚᱛᱚᱨ ᱵᱟᱝ ᱛᱟᱦᱮᱸ ᱞᱮᱱ ᱛᱟᱭᱟ, ᱢᱮᱥᱥᱟᱳᱨᱮ ᱠᱚ ᱵᱟᱜᱤ ᱠᱮᱛᱮᱡ᱾
क्या आप हमारे देश की मशहूर नदियों के बारे में मुझे बता सकते हैं, कुछ विशिष्ट विशेषताओं के साथ?	ᱟᱢ ᱪᱮᱫ ᱤᱧ ᱮᱢ ᱞᱟᱹᱭ ᱫᱟᱲᱮᱭᱟᱧᱟ ᱟᱵᱳ ᱫᱤᱥᱚᱢ ᱨᱮᱭᱟᱜ ᱠᱤᱪᱷᱤ ᱧᱩᱢ ᱩᱨᱩᱢ ᱵᱟᱹᱭ ᱵᱟᱨᱮᱛᱮ ᱡᱟᱦᱟᱸ ᱟᱢᱮᱢ ᱵᱟᱲᱟᱭᱟ, ᱮᱴᱟᱜ ᱵᱤᱥᱮᱥᱛᱟ ᱥᱟᱶᱛᱮ ?
मुझे लगा कि वह मेरे साथ वहाँ था, आज रात मुझे देख रहा है.	ᱤᱧ ᱟᱹᱭᱠᱟᱹᱣ ᱠᱮᱫᱟ ᱚᱸᱰᱮ ᱩᱱᱤᱦᱚᱸ ᱤᱧ ᱥᱟᱶᱛᱮ ᱢᱮᱱᱟᱭᱟ, ᱛᱮᱦᱮᱧ ᱧᱤᱫᱟᱹ ᱤᱧ ᱪᱮᱛᱟᱱᱨᱮ ᱱᱚᱡᱚᱨᱮ ᱫᱚᱦᱚᱭᱮᱫᱟ ᱾
बाघ एक ही समूह में है (जो शेरों, चीता, और greuga) के रूप में है ।	ᱛᱟᱹᱨᱩᱵ ᱫᱚ ᱠᱩᱞ, ᱡᱟᱴᱟ ᱠᱩᱞ, ᱟᱨ ᱡᱟᱜᱩᱣᱟᱨ ᱠᱚ ᱞᱮᱠᱟ (ᱡᱮᱱᱩᱥ ᱯᱟᱱᱛᱷᱮᱨ) ᱢᱤᱫ ᱜᱟᱫᱮᱞ ᱨᱮᱱ ᱠᱟᱱᱟᱠᱚ᱾ ᱱᱩᱠᱩ ᱯᱩᱱᱭᱟᱹ ᱯᱩᱥᱤ ᱠᱚᱜᱮ ᱮᱠᱞᱟ ᱠᱚ ᱠᱟᱨᱟᱡᱽ ᱫᱟᱲᱮᱭᱟᱜᱼᱟ᱾
एक डॉक्टर जो बच्चों के अस्पताल में काम करता था, पॆन्सिलवेनिया पर आरोप लगाया जाएगा... ... उसकी माँ के मरने के बाद... ... उसकी कार बुधवार के तने में मृत पाया गया था, ओहायो में अधिकारी कहते हैं.	ᱚᱦᱤᱭᱳ ᱨᱮᱱ ᱚᱛᱷᱚᱨᱤᱴᱤ ᱠᱚ ᱞᱟᱹᱭ ᱟᱠᱟᱫᱟ ᱡᱮ, ᱯᱮᱱᱥᱮᱞᱵᱷᱮᱱᱤᱭᱟ, ᱯᱤᱴᱟᱨᱥᱵᱟᱨᱜᱽ ᱨᱮᱭᱟᱜ ᱢᱤᱫ ᱜᱤᱫᱽᱨᱟᱹ ᱦᱟᱥᱯᱟᱛᱟᱞ ᱨᱮ ᱠᱟᱹᱢᱤ ᱠᱟᱱ ᱢᱤᱫ ᱰᱟᱠᱴᱚᱨ ᱵᱤᱨᱩᱫᱽ ᱨᱮ ᱥᱟᱹᱜᱩᱱ ᱢᱟᱦᱟᱸ ᱩᱱᱤᱭᱟᱜ ᱜᱟᱹᱰᱤ ᱨᱮᱭᱟᱜ ᱰᱤᱪᱠᱤ ᱨᱮ ᱩᱱᱤ ᱟᱡ ᱜᱚᱜᱚ ᱟᱜ ᱜᱚᱡ ᱦᱚᱲᱢᱚ ᱧᱟᱢ ᱛᱟᱭᱚᱢ ᱜᱟᱹᱦᱤᱨ ᱢᱟᱰᱟᱨ ᱨᱮᱭᱟᱜ ᱟᱨᱳᱯ ᱞᱟᱜᱟᱣ ᱦᱩᱭᱩᱜᱼᱟ᱾
ताइवान की शुरूआत 15वीं सदी से होती है ।	᱑᱕ ᱥᱚᱛᱟᱵᱽᱫᱤ ᱨᱮ ᱛᱟᱭᱣᱟᱱ ᱮᱦᱚᱵ ᱞᱮᱱᱟ ᱡᱟᱦᱟᱸᱨᱮ ᱭᱩᱨᱩᱯᱤᱭᱟᱱ ᱫᱟᱜ ᱡᱟᱦᱟᱡᱽ ᱪᱟᱹᱞᱩᱠᱩᱫ ᱱᱚᱶᱟ ᱫᱤᱯ ᱧᱩᱛᱩᱢ ᱤᱞᱦᱟ ᱯᱷᱚᱨᱢᱳᱥᱟ, ᱟᱨ ᱪᱮᱨᱦᱟ ᱫᱤᱯ ᱠᱚ ᱧᱩᱢ ᱞᱮᱜᱼᱟ᱾
मेरे पास दस आम हैं।	ᱤᱧ ᱴᱷᱮᱱ ᱜᱮᱞ ᱜᱚᱴᱟᱝ ᱟᱢ ᱢᱮᱱᱟᱜᱼᱟ ᱠᱚᱣᱟ।
क्या मैं उसका संपर्क जानकारी रख सकता हूँ, अगर आप मन नहीं है?	ᱡᱟᱦᱟᱸᱱᱟᱜᱽ ᱵᱟᱢ ᱢᱚᱱᱮᱭ ᱠᱷᱟᱱ, ᱤᱧ ᱠᱤ ᱩᱱᱤᱭᱟᱜᱽ ᱡᱳᱜᱟᱡᱳᱜ ᱛᱮᱛᱮᱫᱽᱤᱧ ᱦᱟᱛᱟᱣ ᱫᱟᱲᱤᱭᱟᱜᱽᱼᱟ ?
मैं पिछले वर्ग से कुछ नदियों याद है.	ᱤᱧ ᱫᱤᱥᱟᱹᱭᱮᱫᱟ ᱢᱩᱪᱟᱹᱫ ᱠᱞᱟᱥ ᱨᱮᱭᱟᱜ ᱠᱤᱩᱪᱷᱤ ᱱᱟᱹᱭ ᱵᱟᱨᱮᱛᱮ ᱾
ᱥᱟᱹᱜᱩᱱ ᱛᱟᱨᱟᱥᱤᱧ	शुभ दोपहर
बाजार में सैकड़ों हाथ हैं, और वे स्क्रीन आकार से भिन्न हैं और समर्थित तकनीक (जैसे कि.MS, WAP 2.	ᱵᱟᱡᱟᱨ ᱨᱮ ᱢᱤᱫᱥᱟᱭ ᱦᱮᱱᱰᱥᱮᱴ ᱢᱮᱱᱟᱜᱼᱟ ᱟᱨ ᱩᱱᱠᱩ ᱯᱚᱨᱫᱟ ᱨᱮᱭᱟᱜ ᱟᱭᱚᱛᱚᱱ ᱟᱨ ᱦᱚᱨᱟᱠᱚ ᱩᱱᱠᱩ ᱮᱢ ᱫᱟᱲᱮᱭᱟᱜ ᱟᱠᱚ (ᱫᱟᱹᱭᱠᱟᱹ ᱞᱮᱠᱟᱛᱮ ᱮᱢᱹᱮᱢᱹᱮᱥ, ᱳᱭᱟᱯ ᱒ᱹ᱐) ᱚᱱᱟ ᱥᱮᱪ ᱠᱷᱚᱱ ᱵᱷᱮᱜᱟᱨ ᱾
मुझे इस बात का डर है कि यदि अंतरिक्ष अभियान के दौरान कुछ गलत हो गया तो क्या हो सकता है।	ᱡᱟᱜᱮᱫ ᱥᱮᱨᱢᱟ ᱥᱟᱸᱜᱷᱟᱨ ᱚᱠᱛᱚ ᱡᱟᱦᱟᱱᱟᱜ ᱜᱟᱹᱞᱛᱤ ᱦᱩᱭ ᱞᱮᱱᱠᱷᱟᱱ ᱪᱮᱫ ᱦᱩᱭ ᱫᱟᱲᱮᱭᱟᱜᱼᱟ ᱚᱱᱟ ᱞᱟᱹᱜᱤᱫ ᱤᱧ ᱵᱚᱛᱚᱨᱚᱜ ᱠᱟᱱᱟ ᱾
अभी उनसठ दिन बचे हैं।	ᱱᱤᱛᱚᱜ ᱢᱚᱬᱮ ᱜᱮᱞ ᱱᱟᱭ ᱫᱤᱱ ᱛᱟᱭᱚᱢ ᱢᱮᱱᱟᱜᱼᱟ ᱠᱚᱣᱟ।
मैंने ड्रैकुला फिल्म देखी और रात में मुझे हर परछाई में वही नजर आता था।	ᱤᱧ ᱰᱨᱟᱠᱩᱞᱟ ᱪᱚᱞᱚᱛ ᱪᱤᱛᱟᱹᱨᱤᱧ ᱧᱮᱞ ᱟᱠᱟᱫᱟ ᱟᱨ ᱧᱤᱫᱟᱹ ᱵᱮᱲᱟ ᱡᱚᱛᱚ ᱩᱢᱩᱞ ᱨᱮᱜᱮ ᱩᱱᱤᱧ ᱧᱮᱞ ᱟᱠᱟᱫᱮᱭᱟ ᱾
मेरे पास बत्तीस फल हैं।	ᱤᱧ ᱴᱷᱮᱱ ᱯᱮ ᱜᱮᱞ ᱵᱟᱨ ᱜᱚᱴᱟᱝ ᱯᱟᱹᱨᱟᱹ ᱢᱮᱱᱟᱜᱼᱟ ᱠᱚᱣᱟ।
इटली के राष्ट्रीय फुटबॉल के साथ, जर्मन राष्ट्रीय फुटबॉल टीम दुनिया में दूसरा सबसे सफल टीम है और 2006 में FIFA के विश्व कप विजेता थे.	ᱤᱴᱞᱤ ᱨᱮᱭᱟᱜ ᱡᱟᱹᱛᱤᱭᱟᱹᱨᱤ ᱯᱷᱩᱴᱵᱚᱞ, ᱡᱟᱹᱨᱢᱟᱹᱱ ᱡᱟᱹᱛᱤᱭᱟᱹᱨᱤ ᱯᱷᱩᱴᱵᱚᱞ ᱴᱤᱢ ᱥᱟᱶ, ᱡᱮᱜᱮᱛ ᱨᱮᱭᱟᱜ ᱫᱚᱥᱟᱨ ᱡᱷᱚᱛᱚ ᱠᱷᱚᱱ ᱥᱚᱯᱷᱚᱞ ᱴᱤᱢ ᱠᱟᱱᱟ ᱟᱨ ᱒᱐᱐᱖ ᱨᱮ ᱯᱷᱤᱯᱷᱟ ᱡᱮᱜᱮᱛᱥᱤᱨᱯᱷᱟᱹ ᱡᱤᱛᱠᱟᱹᱨᱤ ᱛᱟᱦᱮᱸ ᱠᱟᱱᱟᱭ᱾
उसने अपने मोबाइल फोन पर उल्टी कर दी। यह बहुत घिनौना था।	ᱩᱱᱤ ᱫᱚ ᱢᱳᱵᱟᱭᱤᱞ ᱯᱷᱳᱱ ᱨᱮᱭ ᱩᱞᱴᱤ ᱠᱮᱫᱟ ᱾ ᱩᱞᱴᱤ ᱫᱚ ᱟᱹᱰᱤ ᱜᱟᱲᱚ ᱜᱮ ᱛᱟᱦᱮᱠᱟᱱᱟ ᱾
यह हमें कुछ के बारे में कुछ के बारे में ज्ञान के बदले में करने देता है... ... जो संभव नहीं है अपने शब्दों को व्यक्त करने के लिए.	ᱱᱚᱶᱟᱫᱚ ᱟᱞᱮ ᱡᱟᱦᱟᱱ ᱥᱟᱛᱟᱢᱨᱮ ᱜᱮᱭᱟᱱᱮ ᱮᱯᱮᱢ ᱪᱟᱯᱟᱞ ᱟᱞᱮᱭᱟ ᱡᱟᱦᱟᱸᱫᱚ ᱢᱚᱪᱟ ᱠᱟᱛᱷᱟᱛᱮ ᱥᱚᱫᱚᱨ ᱵᱟᱝ ᱜᱟᱱᱚᱜᱼᱟ ᱾
यह दल आगे कहता है, हर टीम के साथ तीन लगातार तीन लोगों को छूने के लिए अनुमति देता है, जब तक कि एक टीम या तो विरोधी के दरबार में गेंद को आधार न दे और एक टीम को जीत न सके और वह दल एक गलती करता है और वह दल एक गलती करता है ।	ᱨᱮᱞᱤ ᱫᱚ ᱪᱟᱞᱟᱜ ᱛᱮᱜᱮ ᱛᱟᱸᱦᱮᱱᱟ, ᱢᱤᱢᱤᱫᱴᱟᱝ ᱜᱟᱫᱮᱞ ᱠᱚ ᱞᱮᱛᱟᱲ ᱯᱮ ᱫᱷᱟᱣ ᱡᱚᱴᱮᱫ ᱨᱮᱭᱟᱜ ᱪᱷᱟᱹᱲ ᱮᱢ ᱦᱩᱭᱩᱜᱼᱟ, ᱡᱟᱸᱦᱟ ᱛᱤᱱ ᱦᱟᱹᱵᱤᱡᱽ ᱵᱟᱝ ᱦᱩᱭᱩᱜ ᱟ ᱢᱤᱫᱴᱟᱝ ᱜᱟᱫᱮᱞ ᱫᱚᱥᱟᱨ ᱯᱟᱦᱟᱴᱟ ᱨᱮᱭᱟᱜ ᱠᱳᱨᱴ ᱨᱮ ᱵᱚᱞ ᱴᱷᱮᱠᱟᱣ ᱠᱟᱛᱮᱜ ᱨᱮᱞᱤ ᱨᱮᱠᱚ ᱡᱤᱛᱟᱹᱜ ᱟ ᱥᱮ ᱢᱤᱫᱴᱟᱝ ᱜᱟᱫᱮᱞ ᱠᱚ ᱦᱤᱲᱡᱟ ᱟᱨ ᱨᱮᱞᱤ ᱠᱚ ᱦᱟᱨᱟᱜᱼᱟ ᱾
सन्‌ 1980 के दशक में, स्पेनी scentana Y Cara ने एक 120 मिमी के बम विकसित किया जिसमें 21 विरोधी उप - विरोधी उपतंत्रीय बम थे.	᱑᱙᱘᱐ ᱼᱜᱮᱞᱟᱝ ᱨᱮ, ᱥᱯᱮᱱ ᱨᱮᱭᱟᱜ ᱜᱟᱶᱛᱟ ᱮᱥᱯᱮᱨᱟᱱᱡᱟ ᱤ ᱥᱤᱭᱟ ᱦᱟᱹᱛᱤᱭᱟᱹᱨᱼᱵᱤᱨᱩᱫᱽ ᱒᱑ ᱜᱚᱴᱟᱝ ᱥᱟᱢᱨᱤᱠ ᱥᱟᱯᱟᱯ ᱟᱛᱮ ᱢᱤᱫᱴᱟᱝ ᱑᱒᱐ ᱢᱤᱢᱤ ᱠᱟᱢᱟᱱ ᱵᱳᱢᱟᱭ ᱵᱮᱱᱟᱣᱼᱟ ᱾
इस्लाम में किसी भी जानवर के प्रति क्रूरता एक दंडनीय पाप है।	ᱤᱥᱞᱟᱢ ᱨᱮ ᱡᱟᱸᱦᱟᱱ ᱡᱤᱭᱟᱹᱞᱤ ᱪᱮᱛᱟᱱ ᱨᱮ ᱱᱤᱨᱢᱟᱭᱟ ᱥᱟᱥᱮᱛᱟᱱᱟᱜ ᱯᱟᱯ ᱾
यहाँ नवीनतम समाचार है कि सरकार आपके लिए पैसे वापस दिलाएगी। यह बहुत अच्छी खबर है (दोस्त 2)।	ᱱᱚᱶᱟ ᱫᱚ ᱦᱩᱭᱩᱜ ᱠᱟᱱᱟ ᱢᱩᱪᱟᱹᱫ ᱰᱚᱜᱚᱨ ᱡᱮ ᱡᱟᱦᱟᱸᱭ ᱥᱚᱨᱠᱟᱨ ᱟᱢᱟᱜ ᱠᱟᱹᱣᱰᱤ ᱨᱩᱣᱟᱹᱲ ᱮ ᱧᱟᱢᱟ ᱾ ᱱᱚᱶᱟ ᱫᱚ ᱢᱤᱫᱴᱟᱝ ᱟᱹᱰᱤ ᱱᱟᱯᱟᱭ ᱰᱚᱜᱚᱨ ᱠᱟᱱᱟ (ᱜᱟᱛᱮ 2)
मूल जनसंख्या में कोई परिवर्तन नहीं हुआ है, वे अभी भी पहले की तरह ही अनुकूलता की आवश्यकता है.	ᱢᱤᱬᱩᱛ ᱦᱚᱲ ᱠᱚᱫᱚ ᱱᱤᱛ ᱵᱷᱩᱨ ᱵᱟᱝᱠᱚ ᱵᱚᱫᱚᱞᱟ ᱠᱟᱱᱟ, ᱩᱱᱠᱩ ᱫᱚ ᱯᱩᱭᱞᱩ ᱞᱮᱠᱟᱜᱮ ᱱᱤᱛ ᱦᱚᱸ ᱚᱱᱟ ᱟᱰᱟᱯᱴᱮᱥᱚᱱ ᱜᱮᱠᱚ ᱠᱷᱚᱡᱚᱜ ᱠᱟᱱᱟ᱾
इकतीस	ᱯᱮ ᱜᱮᱞ ᱢᱤᱫ
जब वे लड़ाई में शामिल होने की प्रतीक्षा कर रहे थे, तब नए आदेश दिए गए।	ᱡᱚᱠᱷᱚᱱ ᱩᱱᱠᱩ ᱞᱟᱹᱲᱦᱟᱹᱭ ᱨᱮ ᱥᱮᱞᱮᱫᱚᱜ ᱞᱟᱹᱜᱤᱫ ᱠᱚ ᱛᱟᱹᱜᱤᱭᱮᱫ ᱛᱟᱦᱮᱸ ᱩᱱᱫᱚ ᱱᱟᱣᱟᱱ ᱦᱩᱠᱩᱢ ᱮᱢ ᱦᱩᱭ ᱞᱮᱱᱟ ᱾
मुझे एक डॉक्टर की जरूरत है	ᱤᱧ ᱢᱤᱫ ᱰᱟᱠᱴᱚᱨ ᱞᱟᱹᱠᱛᱤᱭᱟᱹᱧ ᱠᱟᱱᱟ
सन्‌ 1934 में भारत के राज - बैंक के 2 कानूनी निगम के तहत तय किए गए बैंक में ये बैंक शामिल हैं ।	᱑᱙᱓᱔ ᱨᱮᱭᱟᱜ ᱵᱷᱟᱨᱚᱛᱤᱭᱟᱹ ᱨᱤᱡᱟᱨᱵᱷ ᱵᱮᱝᱠ ᱟᱹᱱ ᱨᱮᱭᱟᱜ ᱫᱚᱥᱟᱨ ᱛᱚᱯᱷᱚᱥᱤᱞ ᱨᱮ ᱥᱮᱞᱮᱫ ᱵᱮᱝᱠ ᱠᱚ ᱦᱩᱭᱩᱜ ᱠᱟᱱᱟ ᱛᱚᱯᱷᱚᱥᱤᱞᱟᱱᱟᱜ ᱵᱮᱝᱠ ᱾
कम से कम 15 से 20 दिन काम करते हैं ।	ᱠᱚᱢ ᱠᱟᱨᱛᱮ ᱑᱕ ᱠᱷᱚᱱ ᱒᱐ ᱠᱟᱹᱢᱤᱢᱟᱦᱟ ᱾
मेरे पास नौ पानी हैं।	ᱤᱧ ᱴᱷᱮᱱ ᱱᱟᱭ ᱜᱚᱴᱟᱝ ᱫᱟᱜ ᱢᱮᱱᱟᱜᱼᱟ ᱠᱚᱣᱟ।
यह कौन है?	ᱦᱮᱸ ᱾ ᱱᱩᱭ ᱫᱚ ᱚᱠᱚᱭ ?
कुछ हफ्ते पहले रिलीज़ हुई वह फिल्म प्राइम पर भी रिलीज़ हो गई! अब हमें इसे देखने के लिए थिएटर जाने की ज़रूरत नहीं है!	ᱠᱤᱪᱷᱩ ᱦᱟᱯᱛᱟ ᱞᱟᱦᱟᱨᱮ ᱪᱷᱟᱹᱲ ᱧᱟᱢᱟᱠᱟᱫ ᱪᱚᱞᱚᱛ ᱪᱤᱛᱟᱹᱨ ᱫᱚ ᱯᱨᱟᱭᱤᱢ ᱨᱮᱦᱚᱸ ᱪᱷᱟᱹᱲᱮ ᱧᱟᱢ ᱟᱠᱟᱫᱟ ! ᱱᱤᱛᱚᱜ ᱱᱚᱣᱟ ᱧᱮᱞ ᱞᱟᱹᱜᱤᱫ ᱛᱷᱤᱭᱮᱴᱟᱨ ᱨᱮ ᱵᱟᱝ ᱪᱟᱞᱟᱜ ᱦᱩᱭᱩᱜᱼᱟ !
मैं आपकी मदद कैसे कर सकते हैं?	ᱟᱢ ᱪᱮᱫ ᱞᱮᱠᱟᱛᱮᱧ ᱜᱚᱲᱚ ᱫᱟᱲᱮᱭᱟᱢᱟ ᱾
चटगाँव में जन्मे सोफा ने ढाका विश्वविद्यालय से शिक्षा प्राप्त की थी।	ᱪᱚᱴᱰᱚᱜᱨᱟᱢ ᱨᱮ ᱡᱟᱱᱟᱢ ᱟᱠᱟᱱ ᱥᱳᱯᱷᱟ ᱰᱷᱟᱠᱟ ᱡᱮᱜᱮᱫ ᱵᱤᱨᱫᱟᱹᱜᱟᱲᱨᱮᱭ ᱯᱟᱲᱦᱟᱣ ᱟᱠᱟᱱᱟ ᱾
वेटिकन सिटी की जनसंख्या ८०० आसपास है. यह दुनिया में सबसे छोटा स्वतंत्र देश है और देश सबसे कम जनसंख्या के साथ.	ᱵᱷᱟᱴᱤᱠᱟᱱ ᱥᱤᱴᱤ ᱨᱮᱭᱟᱜ ᱦᱚᱲ ᱞᱮᱠᱷᱟ ᱫᱚ ᱘᱐᱐ ᱜᱟᱱᱟ᱾ ᱱᱚᱶᱟ ᱫᱚ ᱡᱮᱜᱮᱛ ᱨᱮ ᱡᱷᱚᱛᱚ ᱠᱷᱚᱱ ᱠᱟᱹᱴᱤᱡ ᱟᱹᱯᱱᱟᱹᱛ ᱫᱤᱥᱚᱢ ᱠᱟᱱᱟ ᱟᱨ ᱱᱟᱥᱮ ᱦᱚᱲ ᱞᱮᱠᱦᱟ ᱩᱛᱟᱹᱨ ᱫᱤᱥᱚᱢ ᱠᱟᱱᱟ᱾
खाना बहुत सारे तेल से लथपथ था और इससे मेरा जी मिचलाने लगा।	ᱡᱚᱢᱟᱜ ᱫᱚ ᱟᱹᱰᱤ ᱰᱷᱮᱨ ᱥᱩᱱᱩᱢᱛᱮ ᱯᱮᱨᱮᱡ ᱛᱟᱦᱮᱸ ᱠᱟᱱᱟ ᱟᱨ ᱚᱱᱟ ᱫᱚ ᱤᱧ ᱜᱤᱰᱤᱧ ᱠᱷᱚᱡ ᱠᱟᱱ ᱛᱟᱦᱮᱸᱠᱟᱱᱟ ᱾
यदि आप इसे ठीक नहीं कर सकते तो क्या आप सचमुच मेरा टीवी मुफ्त में बदल देंगे?	ᱟᱢ ᱡᱩᱫᱤ ᱱᱚᱣᱟ ᱵᱟᱢ ᱴᱷᱤᱠ ᱫᱟᱲᱮᱭᱟᱜᱼᱟ ᱛᱚᱵᱮ ᱟᱢ ᱪᱮᱰ ᱥᱟᱹᱨᱤᱜᱮ ᱵᱮᱜᱚᱨ ᱯᱚᱭᱥᱟ ᱛᱮ ᱤᱧᱟᱜ ᱴᱤᱵᱤᱢ ᱵᱚᱫᱚᱞᱟᱹᱧᱟ ?
कभी कभी-कभी प्रभावी विरोध चुनावों को पकड़ने में असफलता से उत्पन्‍न हुए, कुछ 2011 से.	ᱚᱠᱟ-ᱚᱠᱟ ᱡᱷᱚᱜ ᱦᱤᱱᱥᱟᱠ ᱵᱤᱨᱳᱫᱷ ᱯᱨᱚᱫᱚᱨᱥᱚᱱ ᱠᱚᱫᱚ ᱵᱟᱪᱷᱱᱟᱣ ᱠᱚᱨᱟᱣ ᱨᱮ ᱵᱤᱯᱷᱚᱞᱚᱛᱟ ᱠᱟᱨᱚᱱ ᱮᱛᱚᱦᱚᱵᱽ ᱞᱮᱱᱟ , ᱠᱤᱪᱷᱩ ᱒᱐᱑᱑ ᱨᱮᱱᱟᱜ ᱛᱟᱭᱚᱢ ᱠᱷᱚᱱI
निजी उधार पर दिलचस्पी की दर क्या है?	ᱱᱤᱛ ᱯᱟᱨᱥᱳᱱᱟᱞ ᱨᱤᱱ ᱨᱮᱭᱟᱜ ᱥᱩᱫ ᱦᱟᱨ ᱛᱤᱱᱟᱹᱜ ᱠᱟᱛᱮᱜ ?
आप दौड़ पर ध्यान क्यों नहीं केंद्रित कर सकते? आपका ध्यान हमेशा भटक जाता है। आपने मुझे निराश किया।	ᱪᱮᱫᱟᱜ ᱟᱢ ᱫᱚ ᱫᱟᱹᱲ ᱨᱮ ᱢᱚᱱ ᱵᱟᱢ ᱵᱟᱹᱭᱥᱟᱹᱣ ᱫᱟᱲᱮᱭᱟᱜ ᱠᱟᱱᱟ ? ᱟᱢ ᱫᱚ ᱥᱟᱨᱟ ᱜᱷᱩᱲᱤᱜᱮᱢ ᱟᱹᱲᱤᱥᱚᱜ ᱠᱟᱱᱟ ᱾ ᱟᱢ ᱫᱚ ᱤᱧᱮᱢ ᱱᱤᱨᱟᱹᱥ ᱚᱪᱚᱣᱟᱠᱟᱫᱤᱧᱟ ᱾
अट्ठारह	ᱜᱮᱞ ᱟᱨ
इस भवन में आँगन के सभी आँगनों और ज़हरीले पदार्थों और कैमरे को भी शामिल किया गया है ।	ᱡᱟᱹᱫᱩᱚᱲᱟᱜ ᱨᱮᱭᱟᱜ ᱯᱮᱠᱮᱡᱽᱨᱮ ᱥᱟᱱᱟᱢ ᱫᱚᱞᱟᱱ, ᱜᱮᱞᱟᱨᱤ ᱟᱨ ᱴᱨᱟᱭᱤᱯᱰ ᱵᱮᱜᱚᱨ ᱠᱮᱢᱮᱨᱟ ᱥᱮᱞᱮᱫ ᱢᱮᱱᱟᱜᱼᱟ ᱾
धीमे चलो। आगे कई हाथी रास्ता रोक रहे हैं।	ᱵᱟᱹᱭ ᱵᱟᱹᱭᱛᱮ ᱾ ᱢᱟᱲᱟᱝ ᱨᱮ ᱟᱭᱢᱟ ᱦᱟᱹᱛᱤ ᱰᱟᱦᱟᱨ ᱠᱚ ᱮᱥᱮᱫ ᱮᱫᱟ ᱾
एक चुनौतीपूर्ण माउंटेन बाइकिंग ट्रेल से निपटने की तैयारी करते समय टॉम घबरा गया।	ᱴᱚᱢ ᱮ ᱯᱟᱜᱽᱞᱟ ᱩᱛᱟᱹᱨᱚᱜᱼᱟ ᱡᱚᱠᱷᱚᱱ ᱩᱱᱤ ᱢᱤᱫᱴᱟᱝ ᱪᱮᱞᱮᱧᱡᱤᱝ ᱢᱟᱣᱩᱱᱴᱮᱱ ᱵᱟᱭᱠᱤᱝ ᱴᱨᱮᱭᱞ ᱢᱳᱠᱟᱵᱤᱞᱟᱭ ᱞᱟᱹᱜᱤᱫ ᱮ ᱥᱟᱯᱲᱟᱜᱼᱟ ᱾
यूनान के मिन्‍नतोअन और सेन्‍नानी शहरों के घरों में जगह - जगह निर्माण व्यवस्थाएँ पायी गयी हैं ।	ᱜᱽᱨᱤᱥ ᱨᱮ ᱠᱨᱮᱛᱮ ᱟᱨ ᱥᱮᱸᱴᱚᱨᱤᱱᱤ ᱨᱤᱱ ᱢᱤᱱᱳᱚᱱ ᱥᱟᱦᱟᱨ ᱨᱮᱱᱟᱜ ᱚᱲᱟᱜ ᱨᱮ ᱥᱤᱣᱮᱡ ᱥᱤᱥᱴᱚᱢ ᱨᱮᱱᱟᱜ ᱨᱮᱢᱤᱸᱥ ᱧᱟᱢ ᱟᱠᱟᱱᱟ᱾
अंत के पास एक छोटी - सी आयत युद्ध की बड़ी चिंताओं को सम्बोधित करती है और युद्ध हाथी और पुरुषों के विभिन्‍न प्रयोगों को बताती है ।	ᱢᱩᱪᱟᱹᱫ ᱫᱮᱞᱟᱫᱮᱞᱤ ᱢᱤᱫᱴᱟᱝ ᱠᱟᱹᱴᱤᱡ ᱦᱤᱸᱥ ᱞᱟᱹᱲᱦᱟᱹᱭ ᱨᱮ ᱞᱟᱹᱴᱩ ᱥᱟᱛᱟᱢᱠᱚ ᱡᱚᱥ ᱠᱟᱛᱮ ᱟᱨ ᱦᱟᱹᱲᱦᱟᱹᱭ ᱦᱟᱹᱛᱤ ᱟᱨ ᱯᱷᱟᱹᱫ ᱠᱚᱣᱟᱜ ᱱᱟᱱᱟᱦᱩᱱᱟᱹᱨ ᱵᱮᱣᱦᱟᱨ ᱯᱷᱤᱫᱞᱤ ᱮᱫᱟᱭ ᱾
मेरे पास सात आम हैं।	ᱤᱧ ᱴᱷᱮᱱ ᱮᱭᱟᱭ ᱜᱚᱴᱟᱝ ᱟᱢ ᱢᱮᱱᱟᱜᱼᱟ ᱠᱚᱣᱟ।
जब हमने देखा कि गाँव के बहुत - से लोगों में त्वचा एलर्जी हो रही है, तो हमने उसका इस्तेमाल करना बंद कर दिया ।	ᱟᱞᱮ ᱟᱭᱢᱟ ᱟᱛᱩ ᱦᱚᱲ ᱠᱚᱣᱟᱜ ᱦᱟᱨᱛᱟ ᱮᱞᱟᱨᱡᱤ ᱧᱮᱞ ᱛᱟᱭᱚᱢ, ᱟᱞᱮᱫᱚ ᱱᱚᱶᱟ ᱵᱮᱣᱦᱟᱨ ᱞᱮ ᱦᱟᱹᱯᱤᱛ ᱟᱠᱟᱫᱟ ᱾
फ्री बोलिवर का 13 जनवरी 2022 को सैंटियागो में 82 वर्ष की आयु में निधन हो गया।	ᱯᱷᱨᱮᱭ ᱵᱚᱞᱤᱵᱷᱟᱨ ᱫᱚ ᱒᱐᱒᱒ ᱥᱟᱞ ᱨᱮᱱᱟᱜ ᱑᱓ ᱡᱟᱱᱣᱟᱨᱤ ᱥᱟᱱᱛᱤᱭᱟᱜᱚ ᱨᱮ ᱘᱒ ᱥᱮᱨᱢᱟ ᱨᱮᱭ ᱵᱚᱸᱜᱟ ᱛᱟᱞᱟ ᱞᱮᱱᱟ ᱾
[ पेज 30 पर तसवीर]	ᱢᱳᱱᱴᱮᱣᱤᱰᱤᱭᱳ ᱩᱯᱳᱥᱬᱚᱠᱚᱴᱤᱵᱚᱱᱫᱷᱤᱭᱚ ᱨᱮ ᱦᱮᱱᱟᱜᱼᱟ; ᱥᱤᱛᱩᱝ ᱢᱟᱦᱤᱛ ᱠᱳᱨᱮᱫᱳ, +᱓᱐ ᱰᱤᱜᱽᱨᱤ ᱥᱮᱞᱥᱤᱭᱚᱥ ᱠᱷᱳᱱ ᱪᱮᱛᱟᱱ ᱛᱟᱯᱢᱟᱱ ᱞᱮᱛᱟᱲᱜᱮ ᱛᱟᱦᱮᱸ ᱠᱚᱜ ᱠᱟᱱᱟ᱾
दूध, अंडे, मूँगफली, पेड़ के रस और मछली को एलर्जी की गारंटी देने के लिए लहू की जाँच करना फायदेमंद हो सकता है ।	ᱛᱚᱣᱟ, ᱵᱤᱞᱤ, ᱪᱤᱱᱟᱹ ᱵᱟᱫᱟᱢ, ᱫᱟᱨᱮᱼᱟᱱᱟᱜ ᱵᱟᱫᱟᱢ ᱟᱨ ᱦᱟᱠᱩ ᱨᱮᱭᱟᱜ ᱮᱞᱟᱨᱡᱤ ᱴᱷᱟᱹᱣᱠᱟᱹᱭ ᱞᱟᱹᱜᱤᱫ ᱴᱷᱟᱹᱣᱠᱟᱹᱟᱱ ᱟᱭᱹᱡᱤᱹᱤᱼᱞᱟᱹᱜᱤᱫ ᱢᱟᱭᱟᱢ ᱵᱤᱰᱟᱹᱣ ᱞᱟᱹᱠᱛᱤ ᱦᱩᱭ ᱫᱟᱲᱮᱭᱟᱜᱼᱟ ᱾
ब्रिटेन की स्त्रियाँ कम थीं; 1785 के सर्जन जॉन स्टॆलर ने अपने भाई को Trope से खत लिखा: "यहाँ कई महिलाओं में से कई लोग लूव हिल पर दुकानों से और यहाँ तक कि कोस्ट गार्डन गार्डन्स से भी, और यहाँ तक कि कुछ कोवेचिया [जो 18वीं सदी में वेश्‍यावृत्ति के प्रसिद्ध क्षेत्रों में वेश्‍यावृत्ति के प्रसिद्ध क्षेत्रों में.	ᱵᱷᱟᱜᱤ ᱥᱟᱶᱛᱟ ᱢᱟᱹᱱᱟᱱ ᱨᱝᱨᱮᱡ ᱛᱤᱨᱞᱟᱹᱠᱩ ᱟᱹᱰᱤ ᱠᱚᱢᱠᱩ ᱛᱟᱦᱮᱸᱠᱟᱱᱟ; ᱥᱟᱨᱡᱮᱱ ᱡᱚᱱ ᱥᱴᱩᱣᱟᱨᱴ ᱑᱗᱘᱕ᱼᱨᱮ ᱠᱟᱱᱯᱩᱨ ᱠᱷᱚᱱ ᱟᱡᱽᱨᱮᱱ ᱵᱚᱭᱦᱟᱭ ᱚᱞᱟᱭᱠᱟᱱᱟᱺ "ᱱᱚᱸᱰᱮᱱ ᱛᱤᱨᱞᱟᱹᱠᱩ ᱢᱩᱫᱨᱮ ᱟᱭᱢᱟᱜᱤ ᱞᱟᱰᱜᱮᱴ ᱦᱤᱞᱟᱜ ᱛᱤᱨᱞᱟᱹᱠᱩᱣᱟᱜ ᱴᱩᱯᱨᱤ ᱵᱮᱱᱟᱣ ᱫᱳᱠᱟᱱ ᱠᱷᱚᱱ ᱟᱨ ᱚᱠᱚᱭ ᱚᱠᱚᱭᱢᱟ ᱛᱷᱚ ᱠᱚᱵᱷᱮᱱᱴ ᱜᱟᱨᱰᱮᱱ ᱟᱨ ᱳᱞᱰ ᱰᱨᱩᱨᱤ [᱑᱘ ᱥᱚᱛᱟᱵᱫᱤ ᱨᱮᱭᱟᱜ ᱢᱩᱪᱟᱹᱫᱥᱮᱡᱽ ᱞᱚᱱᱰᱚᱱᱨᱮ ᱦᱚᱲᱢᱚᱟᱹᱠᱷᱨᱤᱧ ᱠᱟᱹᱢᱤᱨᱮ ᱧᱩᱛᱩᱢᱟᱱ ᱴᱷᱟᱣ] ᱠᱷᱚᱱ ᱦᱮᱡᱽ ᱥᱟᱦᱚᱥᱤᱱᱤ ᱥᱟᱹᱢᱩᱝ ᱾"
मैं उस अशिष्ट विजिटिंग डॉक्टर से नहीं मिलना चाहता।	ᱤᱧ ᱫᱚ ᱩᱱᱤ ᱚᱼᱥᱚᱵᱽᱵᱷ ᱵᱷᱤᱡᱤᱴᱤᱝ ᱰᱟᱠᱛᱚᱨ ᱫᱚ ᱵᱟᱹᱧ ᱧᱮᱞᱮᱭᱟ ᱾
एक प्रदर्शन खेल के दौरान, किसी ने टिप्पणी की कि खिलाड़ियों को पीछे छोड़कर जाल से बाहर जाना प्रतीत होता है, और शायद वेवॆल्‌ खेल के लिए एक ज़्यादा संक्षिप्त नाम होगा ।	ᱢᱤᱫᱴᱟᱝ ᱩᱫᱩᱜ ᱥᱚᱫᱚᱨ ᱠᱷᱮᱞᱚᱸᱰ ᱪᱟᱞᱟᱜ ᱚᱠᱛᱚ, ᱚᱠᱚᱭ ᱪᱚ ᱢᱤᱫᱦᱚᱲᱮ ᱚᱠᱛᱟ ᱞᱮᱫᱟ ᱡᱮ ᱠᱷᱮᱞᱚᱸᱰᱤᱭᱟᱹ ᱠᱚᱫᱚ ᱱᱮᱴ ᱨᱮᱭᱟᱜ ᱪᱮᱛᱟᱱ ᱞᱟᱛᱟᱨᱛᱮ ᱵᱚᱞ ᱠᱚ ᱵᱷᱚᱞᱤᱭᱮᱫᱟ ᱟᱨ ᱦᱩᱭ ᱫᱟᱲᱮᱭᱟᱜᱼᱟ ᱵᱷᱚᱞᱤᱵᱚᱞ ᱠᱷᱮᱞᱚᱸᱰ ᱞᱟᱹᱜᱤᱫ ᱫᱚ ᱟᱨᱦᱚᱸ ᱵᱚᱨᱱᱚᱱ ᱟᱱᱟᱜ ᱧᱩᱛᱩᱢᱚᱜᱼᱟ ᱾
जब से मेरे भाई-बहन दूर गए हैं, मुझे उनकी बहुत याद आती है। काश वे अभी भी यहाँ होते।	ᱤᱧ ᱫᱚ ᱤᱧᱨᱮᱱ ᱵᱚᱭᱦᱟ ᱢᱤᱥᱨᱟ ᱠᱤᱱ ᱥᱟᱸᱜᱤᱧ ᱨᱮ ᱪᱟᱞᱟᱣ ᱛᱟᱭᱚᱢ ᱠᱷᱚᱱ ᱟᱹᱰᱤᱧ ᱫᱤᱥᱟᱹᱠᱤᱱᱟ ᱾ ᱤᱧ ᱠᱷᱚᱡᱟ ᱩᱝᱠᱤᱱ ᱱᱤᱛ ᱦᱚᱸ ᱱᱚᱸᱰᱮᱠᱤᱱ ᱛᱟᱦᱮᱠᱚᱜᱼᱟ ᱾
मुझे यह पोशाक दिलाने के लिए बहुत-बहुत धन्यवाद, माँ! मुझे यह बहुत पसंद आई।	ᱟᱭᱢᱟ ᱥᱟᱨᱦᱟᱣ, ᱟᱭᱳ ! ᱤᱧ ᱱᱚᱣᱟ ᱟᱸᱜᱨᱚᱯ ᱠᱤᱨᱤᱧᱟᱹᱧ ᱞᱟᱹᱜᱤᱫ ᱛᱮ, ᱤᱧ ᱫᱚ ᱱᱚᱣᱟ ᱟᱹᱰᱤᱧ ᱠᱩᱥᱤᱭᱟᱠᱟᱫ ᱛᱟᱦᱮᱸ ᱠᱟᱱᱟ ᱾
किसी सुरक्षित व्यक्‍ति ने शायद कुछ भी किया हो "ऐसा चरित्र जो शारीरिक पीड़ा या विनाश का कारण हो।"	ᱢᱤᱫᱦᱚᱲ ᱥᱚᱱᱛᱚᱨ ᱦᱚᱲ ᱦᱩᱭᱫᱟᱲᱮᱭᱟᱜᱼᱟ " ᱱᱚᱣᱟ ᱡᱟᱹᱛᱤᱭᱟᱹᱨᱤ ᱪᱩᱨᱤᱛ ᱨᱮᱱ ᱠᱤᱪᱷᱤ ᱦᱚᱸ ᱵᱟᱭ ᱠᱚᱨᱟᱣ ᱟᱠᱟᱫᱟ ᱡᱟᱦᱟᱸ ᱫᱟᱨᱟᱭ ᱛᱮ ᱦᱚᱲᱢᱚ ᱛᱮᱭᱟᱜ ᱠᱚᱥᱴᱚ ᱥᱮ ᱫᱟᱞ ᱦᱩᱭ ᱫᱟᱲᱮᱭᱟᱜᱼᱟ ᱾
हे किट.	ᱟᱨᱮ ᱠᱤᱨᱟᱛ ᱾
शहरी क्षेत्र का सबसे प्रभावशाली तत्व परिवहन के विभिन्‍न प्रकार है ।	ᱥᱟᱦᱟᱨ ᱨᱮᱭᱟᱜ ᱡᱷᱚᱛᱚᱠᱷᱚᱱ ᱪᱟᱞᱟᱣᱚᱜ ᱠᱟᱱ ᱩᱯᱟᱫᱚᱱ ᱫᱚ ᱠᱟᱱᱟ ᱯᱚᱨᱤᱵᱚᱦᱚᱱ ᱨᱮᱭᱟᱜ ᱟᱭᱢᱟ ᱯᱟᱱᱛᱷᱟ ᱾
वे एक समूह के रूप में गए थे लेकिन केवल वही वापस लौटी।	ᱩᱱᱠᱩ ᱫᱚ ᱢᱤᱫ ᱜᱟᱫᱮᱞ ᱞᱮᱠᱟᱛᱮ ᱠᱚ ᱥᱮᱱ ᱞᱮᱱᱟ, ᱢᱮᱱᱠᱷᱟᱱ ᱩᱱᱤ ᱜᱮ ᱮᱠᱮᱱ ᱢᱤᱫ ᱦᱚᱲᱼᱮ ᱨᱩᱣᱟᱹᱲ ᱦᱮᱡ ᱞᱮᱱᱟ ᱾
अल्टस, ओक्लाहोमा: अल्टस संयुक्त राज्य अमेरिका के ओक्लाहोमा में एक शहर है।	ᱟᱞᱴᱟᱥ, ᱳᱠᱚᱞᱟᱦᱳᱢᱟ ᱟᱞᱴᱟᱥ  ᱫᱚ ᱢᱟᱨᱠᱤᱱ ᱡᱩᱠᱛᱚᱨᱟᱥᱴᱨᱚ ᱨᱮᱭᱟᱜ ᱳᱠᱚᱞᱟᱦᱳᱢᱟ ᱨᱮᱭᱟᱜ ᱢᱤᱫᱴᱟᱝ ᱥᱟᱦᱟᱨ ᱾
उनके बीच लेन - देन मुख्य से प्रमुख के स्वभाव और मूल्य का एकमात्र विचार सम्पत्ति की बिक्री के लिए था ।	ᱩᱱᱠᱩ ᱢᱩᱫᱨᱮ ᱞᱮᱱᱫᱮᱱ ᱢᱩᱲᱩᱫ ᱠᱷᱚᱱ ᱢᱩᱲᱩᱫ ᱩᱛᱟᱹᱨ ᱨᱮᱭᱟᱜ ᱟᱨ ᱜᱚᱱᱚᱝ ᱛᱟᱸᱦᱮᱠᱟᱱᱟ ᱡᱤᱱᱤᱥ ᱟᱹᱠᱷᱨᱤᱧ ᱞᱟᱹᱜᱤᱫ ᱢᱤᱫᱴᱟᱝ ᱥᱩᱢᱩᱝ ᱩᱭᱦᱟᱹᱨ ᱾
सुप्रभात, कैसेMako के लिए अपने यात्रा था?	ᱥᱟᱹᱜᱩᱱ ᱥᱮᱛᱟᱜ, ᱟᱢᱟᱜ ᱢᱚᱦᱟᱨᱟᱥᱴᱨᱚ ᱥᱟᱸᱜᱷᱟᱨ ᱚᱠᱟ ᱞᱮᱠᱟ ᱛᱟᱦᱮᱸᱠᱟᱱᱟ ?
यह एक इंटरेक्शन ऑफ़िस गीत प्रतियोगिता की तरह है.	ᱱᱚᱶᱟᱫᱚ ᱢᱤᱫ ᱞᱮᱠᱟᱱ ᱤᱱᱴᱟᱨᱼᱚᱯᱷᱤᱥ ᱥᱮᱨᱮᱧ ᱦᱮᱯᱨᱟᱣ ᱠᱟᱱᱟ ᱾
मैं कुछ जूते खरीदने के लिए अपनी जेब पैसे बचा रहा हूँ	ᱵᱩᱴ ᱠᱤᱨᱤᱧ ᱞᱟᱹᱜᱤᱫ ᱤᱧ ᱤᱧᱟᱹᱜ ᱯᱩᱭᱥᱟᱧ ᱥᱟᱧᱪᱟᱣ ᱮᱫᱟ ᱾
भुगतान ऑनलाइन करने के बाद, वे आपको डाक में पॉलिसी की नरम नक़ल भेजने के लिए भेज देंगे.	ᱚᱱᱞᱟᱭᱤᱱ ᱛᱮ ᱯᱮᱢᱮᱱᱴ ᱛᱟᱭᱚᱢ, ᱟᱢᱟᱜ ᱢᱮᱞ ᱨᱮ ᱯᱚᱞᱤᱥᱤ ᱨᱮᱭᱟᱜ ᱥᱚᱯᱷᱴ ᱠᱚᱯᱤ ᱠᱚ ᱵᱷᱮᱡᱟ ᱟᱢᱟ ᱾
लोग उनके पंथ में शामिल हो गए, इस उम्मीद में कि वह उन्हें जीत दिलाएंगी।	ᱦᱚᱲ ᱠᱚᱫᱚ ᱩᱱᱤᱭᱟᱜ ᱫᱷᱚᱨᱚᱢ ᱨᱮᱠᱚ ᱥᱮᱞᱮᱫ ᱞᱮᱱᱟ, ᱱᱚᱣᱟ ᱟᱥᱛᱮ ᱡᱮ ᱩᱱᱤ ᱫᱚ ᱩᱝᱠᱩ ᱡᱤᱛᱠᱟᱹᱨᱮ ᱮᱢᱟᱠᱚᱣᱟ ᱾
मेरे पास आठ पेन हैं।	ᱤᱧ ᱴᱷᱮᱱ ᱤᱨᱟᱹᱞ ᱜᱚᱴᱟᱝ ᱯᱮᱱ ᱢᱮᱱᱟᱜᱼᱟ ᱠᱚᱣᱟ।
संस्था के कर्मचारी, परिषद सदस्य, और अन्य सदस्य और अच्छी तरह से अच्छी तरह से कार्यक्रम आयोजित करने में एक सक्रिय हिस्सा लिया और दिन भर में भी उपस्थित रहते हैं.	ᱥᱳᱥᱟᱭᱴᱤᱨᱮᱱ ᱠᱟᱹᱢᱤᱭᱟᱹ ᱨᱟᱹᱥᱤᱭᱟᱹᱠᱩ, ᱠᱟᱣᱩᱱᱥᱤᱞ ᱨᱟᱹᱥᱤᱭᱟᱹᱠᱩ ᱟᱨ ᱮᱴᱟᱜ ᱨᱟᱹᱥᱤᱭᱟᱹᱠᱩ ᱟᱨ ᱵᱷᱟᱜᱮ ᱦᱩᱫᱤᱥᱟᱱ ᱠᱩ ᱵᱷᱟᱱᱟᱨ ᱯᱨᱚᱜᱨᱟᱢ ᱥᱟᱯᱲᱟᱣᱨᱮ ᱡᱤᱭᱟᱹᱲ ᱦᱤᱥᱠᱩ ᱦᱟᱛᱟᱣᱞᱮᱫᱟ ᱟᱨ ᱯᱩᱨᱟᱹ ᱫᱤᱱ ᱦᱟᱹᱡᱤᱨᱠᱩ ᱛᱟᱦᱮᱸᱠᱟᱱᱟ ᱾
बहुत - से बंधकों को बचाया गया है और कम - से - कम छः लोगों को अभी तक मिटा दिया गया है ।	ᱛᱤᱱᱟᱹᱜ ᱜᱟᱱ ᱦᱚᱥᱴᱮᱡᱽ ᱠᱚ ᱵᱟᱱᱪᱟᱣ ᱠᱮᱫ ᱠᱚᱣᱟ ᱟᱨ ᱱᱤᱛ ᱦᱟᱹᱵᱤᱡ ᱛᱮ ᱠᱚᱢ ᱥᱮ ᱠᱚᱢ ᱛᱩᱨᱩᱭ ᱜᱚᱴᱟᱝ ᱫᱚ ᱠᱚ ᱜᱚᱡ ᱮᱱᱟ ᱢᱮᱱᱛᱮ ᱯᱩᱥᱴᱟᱹᱣ ᱟᱠᱟᱱᱟ᱾
उत्तर की ओर, दुनिया - भर में मशहूर मारीया ऐंटरी (Shhin) की एक जगह हमारे लेडी सिगरी (Shin) के महान मठ में भेंट करना भी है ।	ᱟᱨᱦᱚᱸ ᱮᱛᱚᱢ ᱱᱟᱠᱷᱟ ᱦᱚᱸ ᱚᱢᱚᱨ ᱞᱮᱰᱤ ᱚᱯᱷ ᱯᱷᱟᱛᱤᱢᱟ (ᱛᱤᱨᱛᱷ) ᱨᱮᱭᱟᱜ ᱧᱩᱢᱟᱱ ᱚᱵᱷᱚᱭᱟᱨᱚᱱ ᱧᱮᱞ ᱢᱟ, ᱡᱮᱜᱮᱛ ᱡᱟᱠᱟᱛ ᱨᱮᱭᱟᱜ ᱯᱨᱚᱥᱤᱫᱷ ᱢᱮᱨᱤᱭᱳᱱ ᱞᱩᱜᱽᱲᱤ ᱨᱮᱭᱟᱜ ᱯᱨᱚᱥᱤᱫᱷ ᱡᱟᱭᱜᱟ ᱠᱟᱱᱟ᱾
इन वजहों से कुँवारेपन की जाँच करके यह तय नहीं किया जा सकता कि वह कुँवारी है या नहीं ।	ᱱᱤᱭᱟᱹ ᱚᱡᱮᱠᱚ ᱞᱟᱹᱜᱤᱫ, ᱠᱩᱢᱟᱨᱤ ᱵᱤᱰᱟᱹᱣ ᱠᱟᱛᱮ ᱠᱩᱢᱟᱹᱨᱤ ᱴᱷᱟᱹᱣᱠᱟᱹ ᱥᱟᱹᱦᱤᱡ ᱵᱟᱝ ᱜᱚᱴᱟ ᱟ᱾
हालांकि हर देश 'विद्वीव' था, लोगों, राजाओं, अतीत, डेनमार्क, स्वीडन और आयरलैंड के इतिहास में कई मतभेद थे.	ᱦᱟᱞᱟᱝᱠᱤ ᱥᱟᱱᱟᱢ ᱫᱤᱥᱚᱢ 'ᱥᱠᱮᱱᱰᱤᱱᱮᱣᱤᱭᱟᱭᱤ' ᱛᱟᱦᱮᱸ ᱠᱟᱱᱟ, ᱢᱮᱱᱠᱷᱟᱱ ᱰᱮᱱᱢᱟᱨᱠ, ᱥᱣᱤᱰᱟᱱ, ᱱᱟᱨᱣᱮ ᱟᱨ ᱟᱭᱤᱞᱮᱭᱱᱰ ᱨᱤᱱ ᱦᱚᱲ ᱠᱚ, ᱨᱟᱡᱟ ᱠᱚ, ᱨᱤᱛᱤᱼᱨᱤᱣᱟᱡᱽ ᱟᱨ ᱱᱟᱜᱟᱢ ᱠᱚ ᱛᱟᱞᱟ ᱨᱮ ᱵᱷᱮᱯᱮᱫ ᱛᱟᱦᱮᱸ ᱠᱟᱱᱟ᱾
ईरान में अमरीकी दुर्घटनाओं में आम बात है, जिसकी उम्र अभी - भी कम है ।	ᱤᱨᱟᱱ ᱦᱚᱭ ᱜᱷᱟᱴᱚᱱ ᱠᱚᱢᱢᱚᱱ ᱮᱱᱟ, ᱡᱟᱦᱟᱸᱭ ᱢᱤᱫ ᱢᱟᱨᱮ ᱵᱮᱲᱟ ᱢᱮᱱᱟᱜᱼᱟ ᱡᱟᱦᱟᱸᱭ ᱛᱟᱦᱮᱱᱟᱱ ᱟᱨ ᱥᱮᱭᱱᱭᱚ ᱵᱟᱱᱟᱨ ᱠᱟᱹᱢᱤ ᱞᱟᱹᱜᱤᱫ ᱫᱚᱦᱚ ᱮᱢᱟᱱ ᱠᱚ ᱦᱩᱭᱩᱜ ᱠᱟᱱᱟ᱾
उसी प्रकार, दूसरे श्रेणीाना, या मित्र, उन पर जो उस पर दोष लगाते हैं, आक्रमण किया जाता है; ऐसे व्यक्‍तियों को उस से दूर रहना चाहिए ।	ᱚᱱᱠᱟᱜᱮ, ᱫᱚᱥᱟᱨ ᱪᱟᱱᱟᱪ ᱨᱮᱱ ᱯᱟᱹᱴᱷᱣᱟᱹ, ᱮᱭᱟᱨᱭᱟᱢᱱᱟ, ᱥᱮ ᱜᱟᱛᱮ, ᱩᱱᱠᱩ ᱫᱟᱨᱟᱭ ᱛᱮᱭ ᱞᱚᱦᱚᱡᱩᱨᱤ ᱞᱮᱱᱟ ᱡᱟᱸᱦᱟᱭ ᱩᱱᱤᱠᱚ ᱫᱩᱥᱟᱹᱣ ᱞᱮᱫᱮᱭᱟ ; ᱱᱚᱝᱠᱟᱱ ᱦᱚᱲ ᱠᱚᱫᱚ ᱩᱱᱤ ᱠᱷᱚᱱ ᱥᱟᱦᱟᱨᱮ ᱫᱚᱦᱚ ᱞᱟᱹᱠᱛᱤ ᱠᱟᱱᱟ ᱾
जब हम कला के बारे में सोचते हैं, पहली बात जो मन में आती है पेंटिंग है.	ᱛᱤᱱᱨᱮ ᱟᱨᱴ ᱨᱮᱭᱟᱜᱞᱮ ᱪᱤᱱᱛᱟᱹᱭᱟ, ᱯᱟᱹᱦᱤᱞ ᱡᱤᱱᱤᱥ ᱡᱟᱦᱟᱸ ᱫᱚ ᱢᱚᱱᱮᱨᱮ ᱦᱤᱡᱩᱜᱼᱟ ᱚᱱᱟ ᱫᱚ ᱪᱤᱛᱟᱹᱨ ᱾
कई उपयोगकर्ता माइक्रोसॉफ्ट की वेबसाइट और माइक्रोसॉफ्ट की कई सेवाओं तक पहुंचने में असमर्थ थे।	ᱟᱭᱢᱟ ᱵᱮᱵᱚᱦᱟᱨᱤᱭᱟᱹ ᱠᱚᱫᱚ ᱢᱟᱭᱠᱨᱳᱥᱚᱯᱷᱴ ᱳᱣᱮᱵᱥᱟᱭᱤᱴ ᱟᱨ ᱟᱭᱢᱟ ᱢᱟᱭᱠᱨᱳᱥᱚᱯᱷᱴ ᱯᱚᱨᱤᱥᱮᱵᱟ ᱮᱠᱥᱮᱥ ᱵᱟᱝᱠᱚ ᱠᱚᱨᱟᱣ ᱫᱟᱲᱮᱭᱟᱜ ᱠᱟᱱᱟ ᱾
धूल "लहर" रनिंग्स ने कहा कि "एलना मेरे रूप में पागल के रूप में था ... और अधिक से अधिक ... उसे प्यार और उसे चूक जाएगा ... आशा है कि वह एक बेहतर जगह में है. "	ᱰᱟᱥᱴᱤᱱ "ᱜᱳᱞᱰᱮᱥᱴ" ᱮ ᱨᱚᱲ ᱟᱠᱟᱫᱟ ᱡᱮ "ᱞᱩᱱᱟ ᱤᱧ ᱞᱮᱠᱟ ᱜᱮ ᱯᱷᱨᱤᱠᱤ ᱮ ᱛᱟᱦᱮᱸ ᱠᱟᱱᱟ…ᱦᱩᱭ ᱫᱟᱲᱮᱭᱟᱜᱼᱟ ᱚᱱᱟ ᱠᱷᱚᱱ ᱦᱚᱸ ᱰᱷᱮᱨ…ᱫᱩᱞᱟᱹᱲᱟᱭᱟᱹᱧ ᱟᱨ ᱩᱭᱦᱟᱹᱨᱮᱭᱟᱹᱧ…ᱟᱥᱚᱜ ᱟᱹᱧ ᱩᱱᱤ ᱱᱟᱯᱟᱭ ᱡᱟᱭᱜᱟ ᱨᱮᱜᱮ ᱢᱮᱱᱟᱭᱟ᱾"
जब वह दस महीने की थीं तब उनकी मां की मृत्यु हो गई थी।	ᱜᱮᱞ ᱪᱟᱸᱫᱚ ᱩᱢᱮᱨ ᱨᱮ ᱟᱡ ᱜᱚᱜᱚᱭ ᱜᱚᱪ ᱟᱠᱟᱱᱟ ᱾
सुप्रभात. मुझे आशा है कि तुम सब ठीक हो.	ᱥᱮᱛᱟᱜ ᱡᱚᱦᱟᱨ ᱾ ᱟᱥᱚᱜᱽᱟᱹᱧ ᱟᱯᱮ ᱡᱚᱛᱚᱠᱩ ᱢᱚᱡᱽᱜᱤ ᱢᱮᱱᱟᱜᱽᱯᱮᱭᱟ ᱾
अल्बर्ट ब्रायन जूनियर एक अमेरिकी राजनीतिज्ञ हैं।	ᱡᱚᱠᱷᱚᱱ ᱟᱡ ᱵᱟᱵᱟ ᱠᱚ ᱜᱚᱡ ᱞᱮᱫᱮᱭᱟ, ᱟᱞᱮᱠᱡᱟᱱᱰᱟᱨ ᱫᱚ ᱩᱱ ᱓᱓᱖ ᱠᱷᱨᱤᱥᱴᱚᱯᱨᱩᱵᱟᱵᱫᱚ ᱨᱮ ᱢᱮᱥᱤᱰᱳᱱᱤᱭᱟ ᱨᱮᱭ ᱨᱟᱡᱟ ᱞᱮᱱᱟ ᱾
मैं उसके बारे में बहुत कुछ पढ़ा.	ᱤᱧ ᱩᱱᱤ ᱵᱟᱵᱚᱛᱛᱮ ᱟᱭᱢᱟᱧ ᱯᱟᱲᱦᱟᱣ ᱟᱠᱟᱫᱟ ᱾
मुझे उस फाउल पर बहुत गुस्सा आ रहा है! रेफरी को इसे फाउल करार देना चाहिए था।	ᱱᱚᱣᱟ ᱯᱷᱟᱣᱩᱞ ᱞᱟᱹᱜᱤᱫ ᱤᱧᱟᱜ ᱟᱹᱰᱤ ᱨᱟᱸᱜᱟᱣ ! ᱨᱮᱯᱷᱟᱨᱤᱭᱟᱜ ᱚᱱᱟ ᱞᱟᱹᱭ ᱩᱪᱤᱛ ᱛᱟᱦᱮᱠᱟᱱᱟ ᱾
वे इतना महत्त्वपूर्ण क्यों हैं?	ᱚᱱᱟ ᱠᱚᱫᱚ ᱪᱮᱫᱟᱜ ᱞᱟᱹᱠᱛᱤᱭᱟᱱᱟᱜ ᱠᱟᱱᱟ ?
मुझे डर है कि यह संगीत मेरे लिए बहुत तीव्र हो सकता है और कुछ अप्रिय यादों को ताजा कर सकता है।	ᱤᱧ ᱵᱚᱛᱚᱨᱚᱜ ᱠᱟᱱᱟ ᱡᱮ ᱱᱚᱣᱟ ᱥᱮᱨᱮᱧ ᱫᱚ ᱤᱧ ᱞᱟᱹᱜᱤᱫ ᱟᱹᱰᱤ ᱜᱟᱹᱦᱤᱨᱟᱱ ᱦᱩᱭ ᱫᱟᱲᱮᱭᱟᱜᱼᱟ ᱟᱨ ᱠᱤᱪᱷᱩ ᱵᱟᱝ ᱵᱷᱟᱜᱮ ᱩᱭᱦᱟᱹᱨᱠᱚ ᱦᱩᱭ ᱫᱟᱲᱮᱭᱟᱜᱼᱟ ᱾
के रूप में चिकित्सा विज्ञान के मामले में सभी भारतीय संस्थानों में आयोजित किया गया था... ... और विसंपादक के मामले में फिर से परेशान किया गया है, इस दवा के रूप में ऊपर एक शिकायत दर्ज करने के लिए उपलब्ध है.	ᱡᱟᱸᱦᱟᱞᱮᱠᱟ ᱚᱞ ᱤᱱᱰᱤᱭᱟ ᱤᱱᱥᱴᱤᱴᱤᱣᱩᱴ ᱚᱯ ᱢᱮᱰᱤᱠᱮᱞ ᱥᱟᱭᱮᱱᱥ ᱢᱟᱢᱞᱟ ᱨᱮ ᱦᱩᱭᱞᱮᱱᱟ ᱟᱨ ᱜᱚᱝᱜᱟᱫᱷᱚᱨ ᱴᱷᱮᱱ ᱫᱚ ᱫᱚᱲᱦᱟᱞᱮᱱᱟ, ᱢᱮᱡᱤᱴᱨᱮᱴ ᱴᱷᱮᱱ ᱞᱟᱹᱞᱤᱥ ᱛᱟᱞᱟᱛᱮ ᱧᱟᱢᱞᱮᱱ ᱨᱚᱯᱷᱟ ᱫᱚ ᱪᱮᱛᱟᱱᱨᱮ ᱚᱞ ᱟᱠᱟᱱᱟ ᱾
हम कई मामलों के बारे में है कि सिर्फ इस कारण अस्वीकार किया जाता है.	ᱟᱞᱮ ᱟᱭᱢᱟ ᱠᱮᱥ ᱞᱮ ᱧᱟᱢᱟ ᱡᱟᱦᱟᱸ ᱠᱚ ᱱᱚᱶᱟ ᱚᱡᱮᱛᱮ ᱠᱷᱟᱨᱤᱡ ᱦᱩᱭᱩᱜᱼᱟ ᱾
दुकान बहुत धूल भरी है और इसमें से बहुत भयानक बदबू आ रही है।	ᱫᱳᱠᱟᱱ ᱫᱚ ᱟᱹᱰᱤ ᱫᱷᱩᱲᱤᱛᱮ ᱯᱮᱨᱮᱡ ᱟᱨ ᱟᱹᱰᱤ ᱵᱟᱹᱲᱤᱡ ᱥᱚ ᱠᱟᱱᱟ ᱾
ऐसे विदेशी दल हैं जिन्होंने मेक्सिको में अलग - अलग देशों से आए भाई - बहनों के साथ मिलकर काम किया है ।	ᱢᱮᱠᱥᱤᱠᱳ ᱨᱮ ᱢᱤᱞᱟᱹᱣ ᱥᱟᱹᱦᱤᱼᱡᱩᱦᱤ ᱛᱷᱟᱯᱚᱱ ᱠᱚᱨᱟᱣ ᱵᱤᱞᱟᱹᱛ ᱜᱟᱶᱛᱟ ᱠᱚ ᱢᱩᱫᱨᱮ ᱥᱚᱨᱮᱥᱟᱱᱟᱜ ᱦᱩᱭᱩᱜ ᱠᱟᱱᱟ ᱡᱚᱛᱚ ᱥᱟᱸᱜᱤᱧ ᱧᱮᱱᱮᱞᱚᱢ, ᱯᱩᱸᱰ ᱫᱩᱨᱤᱵᱽ, ᱢᱩᱫᱽᱨᱤᱛᱚ ᱥᱟᱹᱨᱠᱤᱴ ᱵᱳᱰ, ᱮᱞᱹᱥᱤᱹᱰᱤ ᱯᱮᱱᱮᱞ, ᱟᱨ ᱟᱫᱷᱟᱯᱚᱨᱤᱵᱟᱦᱤ ᱱᱚᱠᱥᱟᱠᱟᱨ ᱟᱨ ᱵᱮᱱᱟᱣᱟᱱᱤᱡ ᱢᱤᱫᱴᱟᱝ ᱛᱷᱟᱹᱱᱤᱛ ᱰᱤᱡᱟᱭᱱᱟᱨ ᱥᱮᱢᱮᱠᱥ ᱜᱚᱲᱦᱚᱱ ᱠᱚᱨᱟᱣ ᱥᱟᱢᱥᱚᱝ, ᱟᱨ ᱤᱞᱮᱠᱴᱨᱤᱠ ᱨᱮᱭᱟᱜ ᱦᱤᱸᱥ, ᱧᱮᱱᱮᱞᱚᱢ, ᱟᱨ ᱠᱟᱹᱨᱠᱷᱟᱱᱟ ᱨᱮᱭᱟᱜ ᱦᱟᱢᱟᱞ ᱡᱚᱱᱛᱚᱨ ᱥᱤᱨᱡᱟᱹᱣᱟᱱᱟᱜ ᱛᱳᱥᱤᱵᱟ ᱫᱮ ᱢᱮᱠᱥᱤᱠᱳ, ᱮᱥᱹᱮᱹᱫᱤ ᱥᱤᱹᱵᱷᱤ ᱧᱩᱛᱩᱢ ᱛᱮ ᱯᱚᱥᱟᱥᱚᱱᱤᱠ ᱞᱮᱠᱟᱛᱮ ᱥᱚᱼᱥᱟᱥᱤᱛ ᱢᱤᱫᱴᱟᱝ ᱥᱚᱦᱟᱭᱚᱠ ᱜᱚᱲᱦᱚᱱ ᱟᱠᱟᱱ ᱛᱳᱥᱤᱵᱟ ᱾
दो काफ़ी अलग हैं लेकिन आकार मुझे इसके बारे में याद है.	ᱵᱟᱱᱟᱨᱜᱮ ᱵᱷᱮᱜᱟᱨ ᱜᱮᱭᱟ ᱢᱮᱱᱠᱷᱟᱱ ᱜᱚᱲᱦᱚᱱ ᱤᱧᱮ ᱩᱭᱦᱟᱹᱨᱟᱹᱧ ᱟᱪᱚᱧ ᱠᱟᱱᱟ ᱾
ज़्यादातर आधुनिक शोध दूरदर्शी दूर - दराज़ इलाकों में बड़ी सुविधाओं से भरे होते हैं, जिनमें वायुमंडलीय परिस्थितियों का अनुकूल प्रभाव होता है ।	ᱟᱭᱢᱟ ᱱᱟᱦᱟᱜ ᱠᱷᱚᱸᱫᱽᱨᱚᱱ ᱴᱮᱞᱤᱥᱠᱳᱯ ᱠᱚᱫᱚ ᱯᱷᱮᱵᱳᱨᱮᱵᱚᱞ ᱦᱟᱣᱟᱢᱚᱱᱰᱚᱞ ᱚᱵᱚᱥᱛᱟ ᱠᱚ ᱥᱟᱶ ᱫᱩᱨᱜᱚᱢ ᱡᱟᱭᱜᱟ ᱨᱮ ᱟᱹᱰᱤ ᱥᱩᱵᱤᱫᱷᱟᱭᱟᱭI
हम आपको निराश नहीं करेंगे, मैडम। कमरे में आपके लिए एक विशेष उपहार भी प्रतीक्षा कर रहा होगा (होटल अतिथि संबंध)।	ᱟᱞᱮ ᱟᱢ ᱵᱟᱝᱞᱮ ᱵᱷᱟᱵᱱᱟ ᱦᱚᱪᱚ ᱢᱮᱭᱟ, ᱢᱮᱰᱟᱢ ᱾ ᱱᱚᱶᱟ ᱵᱮᱜᱚᱨ ᱦᱚᱸ ᱢᱤᱫᱴᱟᱝ ᱠᱷᱟᱥ ᱥᱟᱸᱫᱮᱥ ᱟᱢᱟᱜ ᱚᱲᱟᱜ ᱞᱟᱹᱜᱤᱫ ᱛᱟᱸᱜᱤᱨᱮ ᱛᱟᱦᱮᱱᱟ (ᱦᱳᱴᱮᱞ ᱜᱮᱥᱴ ᱨᱤᱞᱮᱥᱚᱱᱥ)
आयकर कार्यालय ने मेरे रिटर्न पर पहले कभी इतनी तेजी से प्रतिक्रिया नहीं दी है।	ᱠᱷᱟᱡᱽᱱᱟ ᱚᱯᱷᱤᱥ ᱛᱤᱥ ᱦᱚᱸ ᱤᱧᱟᱹᱜ ᱨᱤᱴᱟᱨᱱ ᱨᱮ ᱩᱥᱟᱹᱨᱟ ᱛᱮᱞᱟ ᱵᱟᱝᱠᱚ ᱮᱢ ᱟᱠᱟᱫᱟ ᱾
मैं अंदरूनी शक्‍तियों को ठीक करने और श्रीलंका के उत्तरी और पूर्वी इलाकों की मरम्मत करने के लिए 500 लोगों को तैयार करने का प्रस्ताव रखती हूँ ।	ᱤᱧ ᱫᱚ ᱫᱤᱥᱚᱢ ᱵᱷᱤᱛᱟᱹᱨ ᱨᱮ ᱠᱩ ᱚᱪᱚᱜ ᱩᱪᱩᱣᱟᱠᱟᱱ ᱦᱚᱲ ᱠᱩᱣᱟᱜ ᱫᱚᱬᱦᱟ ᱛᱷᱟᱯᱚᱱ ᱟᱨ ᱥᱨᱤᱞᱚᱝᱠᱟ ᱨᱮᱭᱟᱜ ᱩᱛᱛᱟᱹᱨ ᱟᱨ ᱯᱩᱨᱩᱵ ᱴᱚᱴᱷᱟ ᱫᱚᱲᱦᱟ ᱟᱨᱚᱭ ᱞᱟᱹᱜᱤᱫ ᱟᱨᱮᱥᱹ ᱕᱐᱐ ᱠᱨᱳᱨ ᱠᱟᱹᱣᱰᱤ ᱦᱟᱹᱴᱤᱧ ᱨᱮᱭᱟᱜ ᱠᱟᱛᱷᱟᱧ ᱮᱢᱟᱠᱟᱫᱟ ᱾
सन्‌ 1959 में उन्होंने ऑकलैंड की राष्ट्रीय स्त्रियों के अस्पताल में काम करना शुरू कर दिया ।	ᱩᱱᱤ ᱢᱤᱫ ᱫᱟᱹᱭ ᱜᱟᱹᱠᱷᱩᱲᱤᱭᱟᱹ ᱞᱮᱠᱟᱛᱮ ᱛᱟᱹᱞᱤᱢ ᱮ ᱦᱟᱛᱟᱣ ᱞᱮᱫᱟ ᱟᱨ ᱑᱙᱕᱙ ᱥᱮᱨᱢᱟ ᱨᱮ ᱚᱠᱞᱮᱱᱰ ᱨᱮᱭᱟᱜ ᱡᱟᱹᱛᱤᱭᱟᱹᱨᱤ ᱛᱤᱨᱞᱟᱹ ᱦᱟᱥᱯᱟᱛᱟᱞ ᱨᱮ ᱠᱟᱹᱢᱤ ᱮ ᱮᱛᱚᱦᱚᱵ ᱞᱮᱫᱟ᱾
उनका भाई मृत पैदा हुआ था, लेकिन उसे रिचर्ड जेम्स नाम दिया गया था।	ᱟᱡ ᱵᱚᱠᱚᱛ ᱱᱤᱛ ᱦᱚᱸᱭ ᱡᱟᱱᱟᱢᱚᱜ ᱠᱟᱱ ᱛᱟᱦᱮᱸ, ᱢᱮᱱᱠᱷᱟᱱ ᱧᱩᱛᱩᱢ ᱮᱢ ᱦᱩᱭ ᱞᱮᱱᱟ ᱨᱤᱪᱟᱨᱰ ᱡᱮᱢᱥ ᱾
आप अपने क्रेडिट अंक के रूप में अधिकतम 8 lmhhs के उधार का लाभ उठा सकते हैं.	ᱟᱢᱟᱜ ᱠᱨᱮᱰᱤᱴ ᱥᱠᱳᱨ ᱞᱮᱠᱟᱛᱮ ᱟᱢ ᱘ ᱞᱟᱠ ᱴᱟᱠᱟ ᱦᱟ/ᱵᱤᱡ ᱨᱤᱱ ᱮᱢ ᱧᱟᱢ ᱫᱟᱲᱮᱭᱟᱜᱼᱟ ᱾
अरे अपना मोबाइल फर्श से हटाओ, अगर मैं डम्बल गिरा दूँगा तो यह कुचल जाएगा, जब तुम जिम में हो तो सचेत रहो।	ᱦᱮᱭ ᱟᱢᱟᱜ ᱢᱳᱵᱟᱭᱤᱞ ᱫᱚ ᱚᱛ ᱠᱷᱚᱱ ᱦᱟᱞᱟᱝ ᱢᱮ, ᱤᱧ ᱰᱟᱢᱵᱮᱞ ᱠᱚᱧ ᱜᱤᱰᱤ ᱞᱮᱠᱷᱟᱱ ᱚᱱᱟ ᱫᱚ ᱠᱟᱴᱨᱟ ᱠᱩᱴᱨᱟᱹ ᱩᱛᱟᱹᱨᱚᱜᱼᱟ, ᱟᱢ ᱛᱤᱱᱨᱮ ᱡᱤᱢ ᱨᱮᱢ ᱛᱟᱦᱮᱱᱟ ᱩᱱ ᱚᱠᱛᱚ ᱥᱚᱱᱛᱚᱨ ᱛᱟᱦᱮᱱ ᱢᱮ ᱾
डीफ़्रेग्मेंटेशन विखंडन को उलट देता है और फ़ाइल को एक टुकड़े में रखता है।	ᱰᱤᱯᱷᱨᱮᱜᱢᱮᱱᱴᱮᱥᱚᱱ ᱫᱚ ᱯᱷᱨᱮᱜᱢᱮᱱᱴᱮᱥᱚᱱᱼᱮ ᱩᱞᱴᱟᱹᱣᱤᱭᱟ ᱟᱨ ᱯᱷᱟᱭᱤᱞ ᱢᱤᱫ ᱠᱩᱴᱨᱟᱹ ᱨᱮᱭ ᱫᱚᱦᱚᱭᱤᱭᱟ ᱾
छियत्तर	ᱮᱭᱟᱭ ᱜᱮᱞ ᱛᱩᱨᱩᱭ
उनकी पत्नी सोफिया पोंटेन एक कलाकार हैं।	ᱚᱞᱰᱚᱡᱳ ᱫᱚ ᱑᱗᱕᱘ ᱥᱟᱞ ᱨᱮ ᱥᱠᱚᱴᱞᱮᱹᱱᱰ ᱨᱮᱭᱟᱜ ᱮᱹᱵᱟᱨᱰᱤᱱ ᱨᱮᱭ ᱡᱟᱱᱟᱢ ᱞᱮᱱᱟ ᱾
कृपया रूप को शब्दों और आंकड़े से भरें, सर.	ᱥᱮᱨ, ᱫᱟᱭᱟ ᱠᱟᱛᱮᱜ ᱟᱹᱲᱟᱹ ᱟᱨ ᱮᱞ ᱨᱮᱭᱟᱜ ᱞᱮᱠᱷᱟ ᱥᱟᱶᱛᱮ ᱯᱷᱚᱨᱢ ᱯᱮᱨᱮᱡᱽ ᱢᱮ ᱾
किन लोगों की ज़िम्मेदारी बनती है कि वे भेदभाव न करें और भेदभाव न करें, अधिकार का गलत इस्तेमाल करें?	ᱰᱟᱵᱞᱩᱮᱭᱤᱪᱳ ᱫᱚ ᱡᱟᱸᱜᱮ ᱟᱨ ᱵᱚᱨᱱᱚ ᱵᱷᱮᱯᱮᱜᱮᱫ ᱨᱮ ᱨᱚᱲ ᱨᱩᱣᱟᱹᱲ, ᱟᱹᱭᱫᱟᱹᱨ ᱨᱮᱭᱟᱜ ᱵᱟᱹᱲᱤᱡ ᱵᱮᱣᱦᱟᱨ, ᱟᱨ ᱥᱟᱛᱟᱣ, ᱡᱳᱣᱱᱚ ᱦᱚᱭᱱᱟᱨᱤ (ᱢᱤᱫᱴᱮ ᱵᱟᱝ ᱜᱟᱱᱚᱜ ᱞᱮᱠᱟᱱ ᱵᱮᱣᱦᱟᱨ ᱞᱮᱠᱟᱛᱮ ᱥᱚᱫᱚᱨ ᱦᱩᱭᱩᱜ ᱟ) ᱠᱟᱹᱢᱤ ᱴᱷᱟᱣ ᱥᱮ ᱠᱟᱹᱢᱤ ᱥᱟᱶᱛᱮ ᱡᱚᱯᱲᱟᱣ ᱥᱟᱱᱟᱢ ᱨᱮᱭᱟᱜ ᱟᱸᱜᱤᱵᱷᱟᱨᱮ ᱦᱟᱛᱟᱣᱼᱟ ᱾
यह होटल अद्भुत है.	ᱱᱚᱶᱟ ᱡᱚᱢ ᱡᱤᱨᱟᱹᱣ ᱚᱲᱟᱜᱫᱚ ᱟᱹᱰᱤ ᱦᱟᱦᱟᱲᱟ ᱜᱮᱭᱟ ᱾
बारह लोग मारे गए, जिनमें से आठ बच्चे थे।	᱑᱒ ᱦᱚᱲ ᱠᱚ ᱜᱚᱡ ᱟᱠᱟᱱᱟ, ᱩᱱᱠᱩ ᱢᱩᱫᱨᱮ ᱘ ᱦᱚᱲ ᱜᱮ ᱜᱤᱫᱽᱨᱟᱹ ᱾
यह वास्तव में मामला नहीं है.	ᱱᱚᱶᱟᱫᱚ ᱟᱥᱚᱞᱨᱮ ᱜᱷᱚᱴᱚᱱ ᱵᱟᱝ ᱠᱟᱱᱟ ᱾
मेरे पास दस पानी हैं।	ᱤᱧ ᱴᱷᱮᱱ ᱜᱮᱞ ᱜᱚᱴᱟᱝ ᱫᱟᱜ ᱢᱮᱱᱟᱜᱼᱟ ᱠᱚᱣᱟ।
मैं सुरक्षा समस्याओं के कारण अपना खाता बंद करने के लिए यहाँ आया हूँ जो मुझे डराती हैं (ग्राहक)।	ᱨᱩᱠᱷᱤᱭᱟᱹ ᱵᱟᱵᱚᱫᱽ ᱮᱴᱠᱮᱴᱚᱬᱮ ᱠᱷᱟᱹᱛᱤᱨ  ᱛᱮ ᱤᱧ ᱤᱧᱟᱹᱜ ᱮᱹᱠᱟᱣᱩᱱᱴ ᱵᱚᱱᱫᱷᱚᱧ ᱦᱮᱡ ᱟᱠᱟᱱᱟ ᱾ (ᱜᱟᱦᱟᱨ)
ᱟᱢᱟᱜ ᱧᱩᱛᱩᱢ ᱪᱮᱫ?	आपका नाम क्या है?
लेकिन मैं दूसरी भाषाओं में भी गीत गा रही हूँ ।	ᱢᱮᱱᱠᱷᱟᱱ ᱤᱧᱫᱚ ᱮᱴᱟᱜ ᱯᱟᱹᱨᱥᱤᱛᱮ ᱦᱚᱸᱧ ᱥᱮᱨᱮᱧᱟ ᱾
ओह मैं उस आदमी से प्यार करता हूँ!	ᱳᱦ ᱩᱱᱤ ᱦᱚᱲᱫᱚ ᱤᱧᱤᱧ ᱠᱩᱥᱤ ᱟᱭᱟ !
इसके परिणामस्वरूप, धूम्रपान करनेवाले मंच पर जोड़ों को बल दे सकते हैं, और दर्शकों को भी शामिल होने के लिए प्रोत्साहित कर रहे हैं ।	ᱚᱨᱡᱚ ᱞᱮᱠᱟᱛᱮ, ᱵᱟᱰᱚᱦᱤ ᱥᱴᱮᱡᱽ ᱨᱮ ᱦᱩᱠᱟᱹ ᱨᱮᱭᱟᱜ ᱡᱚᱭᱮᱱᱴ ᱮ ᱧᱩᱭᱮᱫ ᱠᱟᱱᱟ, ᱟᱨ ᱛᱷᱤᱭᱮᱴᱟᱨ ᱟᱡ ᱜᱮ ᱧᱮᱧᱮᱞᱤᱭᱟᱹ ᱠᱚ ᱱᱚᱣᱟ ᱨᱮ ᱥᱮᱞᱮᱫᱚᱜ ᱞᱟᱹᱜᱤᱫ ᱮ ᱩᱫᱽᱜᱟᱹᱣᱮᱫ ᱠᱚᱣᱟ᱾
यदि आपमें सामान्य संवाद का अभाव है तो मुझे पहली बार में ही आप सभी के साथ यह उपचार शुरू नहीं करना चाहिए था (रोगी)।	ᱡᱩᱫᱤ ᱟᱯᱮ ᱢᱩᱫᱨᱮ ᱡᱟᱦᱟᱱ ᱥᱟᱵᱤᱠ ᱡᱳᱜᱟᱡᱳᱠ ᱵᱟᱝ ᱛᱟᱦᱮᱱᱟ ᱮᱱᱠᱷᱟᱱ ᱟᱯᱮ ᱥᱟᱱᱟᱢ ᱦᱚᱲ ᱥᱟᱶᱛᱮ ᱤᱧᱟᱹᱜ ᱱᱚᱶᱟ ᱛᱤᱠᱤᱪᱪᱷᱟ ᱮᱛᱚᱦᱚᱵ ᱴᱷᱤᱠ ᱵᱟᱝ ᱛᱟᱦᱮᱸ ᱠᱟᱱᱟ (ᱨᱳᱜᱤ)
इनमें से सबसे बड़ा है फिनिशर संघ जो सन्‌ 1925 में स्थापित किया गया था ।	᱑᱙᱒᱕ᱼᱨᱮ ᱛᱷᱟᱯᱚᱱᱟᱠᱟᱱ ᱯᱷᱤᱱᱤᱥᱼᱤᱥᱞᱟᱢᱤᱭᱟᱹ ᱥᱚᱝᱜᱷᱚ ᱦᱩᱭᱩᱜᱠᱟᱱᱟ ᱡᱚᱛᱚᱠᱷᱚᱱ ᱢᱟᱨᱮᱩᱛᱟᱹᱨ ᱾
यह जानना अच्छा है कि नागरिकों को समय पर मदद मिलती है.	ᱱᱚᱶᱟ ᱟᱸᱡᱚᱢ ᱠᱟᱛᱮ ᱟᱹᱰᱤ ᱱᱟᱯᱟᱭ ᱤᱧ ᱟᱹᱭᱠᱟᱹᱣ ᱠᱮᱫᱟ ᱡᱮ ᱱᱟᱜᱚᱨᱤᱭᱟᱹ ᱠᱚ ᱚᱠᱛᱮ ᱞᱮᱠᱟᱛᱮ ᱜᱚᱲᱚ ᱠᱚ ᱧᱟᱢᱟ ᱾
हर विद्यार्थी को कम - से - कम एक बीज लगाना पड़ता है ।	ᱢᱤᱢᱤᱫᱽ ᱯᱟᱹᱴᱷᱣᱟᱹ ᱠᱚᱢᱠᱟᱛᱮ ᱢᱤᱫᱴᱟᱝ ᱯᱳᱦᱟ ᱞᱟᱜᱟᱣᱛᱮᱜᱤ ᱦᱩᱭᱩᱜᱼᱟ ᱾
फिर भी, आम तौर पर, सभी सगीमी बड़े पैमाने पर नहीं, बल्कि मछली पकड़ने, शिकार करने और ऐसी ही ज़िंदगी जी रही है ।	ᱢᱮᱱᱠᱷᱟᱱ ᱚᱝᱠᱟ ᱠᱟᱛᱮ ᱨᱮᱦᱚᱸ, ᱢᱮᱱᱠᱷᱟᱱ, ᱡᱷᱚᱛᱟ ᱥᱤᱢᱟᱹ ᱢᱟᱨᱟᱝ ᱦᱤᱥᱟᱹᱵ ᱛᱮ ᱨᱮᱱᱰᱤᱭᱟᱹᱨ ᱯᱚᱛᱤ ᱨᱮ ᱥᱟᱹᱢᱤᱞ ᱵᱟᱹᱱᱩᱜ ᱠᱚᱣᱟ, ᱦᱮᱞᱮ ᱦᱟᱹᱠᱩ ᱥᱟᱵ ᱠᱩᱜ, ᱥᱤᱠᱟᱹᱨ ᱟᱨ ᱥᱚᱢᱟᱱ ᱛᱮ ᱠᱚ ᱛᱟᱦᱮᱸᱱ ᱠᱟᱱ ᱛᱟᱦᱮᱸᱡ ᱠᱚ, ᱡᱟᱦᱟᱸᱭ ᱫᱚ ᱡᱟᱹᱥᱛᱤᱜᱟᱱ ᱢᱚᱥᱚᱣᱫᱮ ᱡᱤᱟᱱᱟᱜ ᱦᱤᱥᱟᱹᱵ ᱛᱮ ᱠᱚ ᱨᱮᱱᱰᱤᱭᱟᱹᱨ ᱮᱫᱟ᱾
यह एक ऐसा विचार है जिसका उपयोग समाजशास्त्री समाज का अध्ययन करते समय करते हैं।	ᱡᱟᱸᱦᱟᱭᱮᱱ ᱜᱮ, ᱱᱮᱯᱞᱚᱥ ᱨᱮᱱ ᱟᱡᱚᱢᱤᱭᱟᱹ ᱠᱚ ᱟᱨ ᱩᱱᱤᱭᱟᱜ ᱥᱮᱹᱨᱮᱹᱧ ᱨᱮ ᱡᱷᱩᱠ ᱵᱟᱠᱚ ᱛᱟᱦᱮᱸ ᱠᱟᱱᱟ ᱾
अन्य लोग प्यार और विजय के बारे में हास्य और आशावाद के साथ लिखते हैं।	ᱮᱴᱟᱜ ᱠᱚᱫᱚ ᱫᱩᱞᱟᱹᱲ ᱟᱨ ᱡᱤᱛᱠᱟᱹᱨ ᱤᱫᱤ ᱠᱟᱛᱮ ᱞᱟᱸᱫᱟᱣᱟᱱ ᱟᱨ ᱟᱥᱟᱣᱟᱱ ᱞᱮᱠᱟᱱᱟᱜ ᱮ ᱚᱞᱟ ᱾
लेकिन तभी एक बुजुर्ग महिला आ गईं इसलिए मुझे अपनी सीट छोड़नी पड़ी।	ᱢᱮᱱᱠᱷᱟᱱ ᱚᱱᱟ ᱛᱟᱭᱚᱢ ᱢᱤᱫ ᱩᱢᱮᱨᱟᱱ ᱛᱤᱨᱞᱟᱹᱭ ᱦᱮᱡ ᱮᱱᱟ, ᱚᱱᱟᱛᱮ ᱤᱧ ᱤᱧᱟᱹᱜ ᱥᱤᱴ ᱟᱲᱟᱜ ᱦᱩᱭᱞᱮᱱ ᱛᱤᱧᱟᱹ !
यह लोअर पेनिनसुला (निचले प्रायद्वीप) के दक्षिण मध्य क्षेत्र में स्थित है।	ᱱᱚᱶᱟ ᱫᱚ ᱞᱟᱛᱟᱨ ᱩᱯᱚᱰᱷᱤᱯ ᱨᱮᱭᱟᱜ ᱫᱚᱠᱠᱷᱤᱱ ᱛᱟᱞᱢᱟ ᱨᱮ ᱛᱟᱦᱮᱸ ᱠᱟᱱᱟ ᱾
पहली पंक्ति की सीटें मत लो। मुझे डर है कि वह मुझे मंच पर आने के लिए कह सकते हैं।	ᱢᱟᱲᱟᱝᱥᱟᱹᱨᱤ ᱨᱮ ᱥᱤᱴ ᱵᱟᱢ ᱧᱟᱢᱟ ᱾ ᱤᱧ ᱵᱚᱛᱚᱨᱚᱜ ᱠᱟᱱᱟ ᱩᱱᱤ ᱫᱚ ᱡᱟᱹᱱᱤᱡ ᱤᱧ ᱩᱥᱩᱞ ᱯᱤᱸᱫᱟᱹ ᱨᱮ ᱦᱤᱡᱩᱜᱼᱮ ᱢᱮᱛᱟᱣᱟᱹᱧᱟ ᱾
नए कर कानून शानदार हैं! मैं इस वर्ष कम कर का भुगतान कर सकता हूँ!	ᱱᱟᱶᱟ ᱠᱚᱨ ᱟᱹᱱ ᱫᱚ ᱟᱹᱰᱤ ᱱᱟᱯᱟᱭ ! ᱱᱚᱣᱟ ᱥᱮᱨᱢᱟ ᱛᱷᱚᱲᱟ ᱠᱚᱨᱤᱧ ᱮᱢ ᱫᱟᱲᱮᱭᱟᱜᱼᱟ !
मैं अपने पिता uu की मदद कर रहा था उसके कागजागार की कुछ व्यवस्था.	ᱤᱧ ᱟᱯᱟᱛ ᱟᱡᱟᱜ ᱠᱤᱪᱷᱤ ᱠᱟᱜᱚᱡᱽ ᱨᱮᱭᱟᱜ ᱠᱟᱹᱢᱤ ᱨᱮᱧ ᱜᱚᱲᱚ ᱟᱫᱮ ᱛᱟᱦᱮᱸ ᱾
मुझे भी शक है.	ᱤᱧᱟᱜ ᱡᱟᱹᱥᱛᱤ ᱦᱤᱸᱫᱤᱡᱽ ᱢᱮᱱᱟᱜᱼᱟ ᱾
कई महीनों से सूअरों के हमले के बाद भारतीय बाज़ार में (ओएमिलावीर) का जेनेरिक संस्करण उपलब्ध कराया गया।	ᱴᱮᱢᱤᱯᱷᱩᱞᱩᱨ ᱥᱟᱫᱷᱟᱨᱚᱱ ᱟᱹᱨᱩ ᱨᱩᱣᱟᱹᱲ (ᱳᱥᱮᱞᱴᱟᱢᱤᱵᱷᱤᱨ) ᱵᱷᱟᱨᱚᱛ ᱨᱮᱭᱟᱜ ᱵᱟᱡᱟᱨ ᱨᱮ ᱥᱳᱭᱟᱤᱱ ᱯᱷᱚᱞᱩ ᱨᱮᱭ ᱵᱟᱲᱦᱟᱣ ᱨᱮᱭᱟᱜ ᱵᱮᱥ ᱠᱤᱪᱷᱤ ᱪᱟᱸᱫᱳ ᱛᱟᱭᱚᱢ ᱠᱷᱚᱱ ᱪᱟᱹᱞᱩ ᱦᱩᱭ ᱞᱮᱱᱟ ᱾
आप उसके बारे में सुना है?	ᱟᱢ ᱫᱚ ᱩᱱᱤᱭᱟᱜ ᱧᱩᱛᱩᱢᱮᱢ ᱟᱸᱡᱚᱢᱟᱠᱟᱫᱟ ?
परिवहन की कमी के डर ने संभावना की कि खेल टीम के समर्थकों के बिना बंद दरवाजे के पीछे खेलने के लिए मजबूर हो जाएगा।	ᱯᱚᱨᱤᱣᱟᱦᱚᱱ ᱨᱮᱭᱟᱜ ᱠᱚᱢᱤ ᱵᱚᱛᱚᱨ ᱛᱮ ᱱᱟᱶᱟ ᱥᱚᱢᱵᱷᱟᱣᱱᱟ ᱵᱚᱰᱷᱟᱣ ᱠᱮᱜᱼᱟᱭ ᱡᱮ ᱫᱳᱞ ᱠᱚᱣᱟᱜ ᱥᱚᱢᱚᱨᱛᱷᱚᱱ ᱵᱤᱱᱟᱹ ᱨᱮ ᱠᱷᱮᱞ ᱫᱚ ᱵᱚᱸᱫ ᱫᱩᱣᱟᱹᱨ ᱛᱟᱭᱟᱢ ᱨᱮ ᱮᱱᱮᱡ ᱞᱟᱹᱜᱩᱫ ᱡᱩᱨ ᱮᱢᱟᱫ ᱠᱚᱣᱟ ᱠᱚ᱾
मैं मांस नहीं खाता	ᱤᱧ ᱡᱤᱞ ᱵᱟᱹᱧ ᱡᱚᱢ ᱮᱫᱟ
आप चाहते हैं, मैं आप जो विवरण में आप का वर्णन कर सकते हैं से संपर्क करने के लिए हमारे एजेंटों में से एक नियुक्‍त कर सकते हैं.	ᱟᱢᱮᱢ ᱠᱷᱚᱡ ᱠᱷᱟᱱ, ᱤᱧ ᱟᱢ ᱥᱟᱶ ᱡᱳᱜᱟᱡᱳᱜ ᱞᱟᱹᱜᱤᱫ ᱟᱞᱮᱨᱮᱱ ᱮᱡᱮᱱᱴ ᱠᱩ ᱠᱷᱚᱱ ᱢᱤᱫ ᱦᱚᱲᱤᱧ ᱴᱷᱤᱠ ᱫᱟᱲᱮᱭᱟᱭᱟ ᱡᱟᱦᱟᱸᱭ ᱫᱚ ᱟᱢ ᱵᱤᱪᱷᱱᱟᱹᱣ ᱥᱟᱹᱦᱤᱫᱼᱮ ᱵᱚᱨᱱᱚᱱ ᱫᱟᱲᱮᱭᱟᱢᱟ ᱾
रोबी नंबरों में छोटे - छोटे तारे, जिस तारे को चुंबकीय सुधार के संबंध में सक्रिय करते हैं, वह कम सक्रिय होता है ।	ᱨᱚᱵᱽᱥᱤ ᱮᱞ ᱡᱟᱦᱟᱸ ᱛᱤᱱᱟᱹᱜ ᱠᱟᱹᱴᱤᱡ ᱢᱮᱱᱟᱜᱼᱟ, ᱪᱩᱢᱩᱠ ᱩᱛᱠᱨᱚᱢᱚᱬ ᱨᱮᱱᱟᱜ ᱡᱚᱯᱚᱲᱟᱣ ᱨᱮ ᱥᱴᱟᱨ ᱩᱱᱟᱹᱜ ᱜᱮ ᱠᱚᱢ ᱥᱚᱠᱨᱤᱭᱚ ᱠᱚ ᱛᱟᱦᱮᱱᱟ᱾
इसके अलावा, उनके सुनने और ध्यान देने की काबिलीयत पर भी इसका असर होता है ।	ᱱᱚᱶᱟ ᱫᱚ ᱩᱱᱠᱚᱣᱟᱜ ᱟᱸᱡᱚᱢ ᱟᱨ ᱢᱚᱱᱞᱟᱜᱟᱣ ᱨᱮᱭᱟᱜ ᱫᱟᱲᱮ ᱪᱮᱛᱟᱱᱨᱮ ᱦᱚᱸᱭ ᱮᱥᱮᱨᱼᱟ ᱾
इस बिंदु पर अपने कंधे के लिए उपचार प्राप्त किया लेकिन खेल में वापस आने में कामयाब रहा.	ᱯᱚᱛᱨᱚ ᱫᱚ ᱱᱤᱭᱟᱹ ᱚᱠᱛᱮ ᱟᱡᱟᱜ ᱛᱟᱨᱮᱱ ᱨᱮᱱᱟᱜ ᱤᱞᱟᱡᱽ ᱚᱪᱚᱭᱮᱱᱟᱭ ᱢᱮᱱᱠᱷᱟᱱ ᱠᱷᱤᱞᱚᱸᱰ ᱨᱮ ᱨᱩᱣᱟᱹᱲ ᱞᱟᱹᱜᱤᱫ ᱮ ᱯᱟᱥ ᱮᱱᱟ᱾
31 दिसंबर 2018 तक, इसकी जनसंख्या 1,908 लोग थी।	᱓᱑ ᱰᱤᱥᱮᱢᱵᱚᱨ ᱒᱐᱑᱘ ᱥᱟᱞ ᱞᱮᱠᱟᱛᱮ, ᱱᱚᱶᱟ ᱨᱮᱱ ᱦᱚᱲᱮᱞ ᱫᱚ ᱑,᱙᱐᱘ ᱦᱚᱲ ᱾
इस दंपति के तीन बेटे थे, एली, डी.एल.	ᱡᱩᱨᱤ ᱯᱟᱹᱨᱤ ᱨᱮᱱ ᱫᱚ ᱯᱮᱭᱟ ᱜᱤᱫᱽᱨᱟᱹ ᱠᱚ ᱛᱟᱦᱮᱸ ᱠᱟᱱᱟ, ᱮᱞᱤ, ᱰᱤᱹᱮᱞᱹ ᱾
इंग्लैंड और फ्रांस के दरबारों में लगभग हर कोई इस कहानी को जानता था।	ᱤᱝᱞᱮᱹᱱᱰ ᱨᱟ ᱯᱷᱨᱟᱱᱥ ᱨᱮᱭᱟᱜ ᱟᱫᱟᱞᱚᱛ ᱨᱮ ᱯᱨᱟᱭ ᱥᱟᱱᱟᱢ ᱠᱚᱜᱮ ᱱᱚᱶᱟ ᱠᱟᱹᱦᱚᱱᱤ ᱫᱚᱠᱚ ᱵᱟᱰᱟᱭ ᱛᱟᱦᱮᱸ ᱾
मैं अनिश्चित हूँ कि मुझे अपनी डिग्री के लिए कौन सा प्रमुख विषय (मेजर) चुनना चाहिए (छात्र)।	ᱤᱧᱟᱹᱜ ᱰᱤᱜᱨᱤ ᱞᱟᱹᱜᱤᱫ ᱚᱠᱟ ᱢᱩᱲᱩᱫ ᱥᱟᱛᱟᱢ ᱤᱧ ᱵᱟᱪᱷᱟᱣ ᱦᱟᱛᱟᱣᱼᱟ ᱚᱱᱟ ᱤᱫᱤ ᱠᱟᱛᱮ ᱤᱧ ᱵᱟᱹᱧ ᱵᱟᱰᱟᱭᱼᱟ ᱾ (ᱯᱟᱹᱴᱷᱩᱣᱟᱹ)
यह न्यू ऑरलियन्स के 17 वार्डों में से एक है।	ᱱᱚᱶᱟ ᱫᱚ ᱱᱟᱣᱟᱱ ᱚᱨᱞᱤᱱᱥ ᱨᱮᱭᱟᱜ ᱑᱗ ᱜᱚᱴᱟᱝ ᱳᱣᱟᱨᱰ ᱨᱮᱭᱟᱜ ᱢᱤᱫᱴᱟᱝ ᱾
इसके लंबे जबड़े 70 से भी अधिक टाइट-पिंड दाँत, साथ ही उसके मुंह की छत में एक अतिरिक्त सेट के साथ बनाया गया था, मतलब है कि कुछ भी करने के लिए कोई भी भागने के लिए नहीं था कि अपने पथ पार किया गया था.	ᱱᱩᱭᱟᱜ ᱡᱤᱞᱤᱧ ᱛᱷᱚᱛᱷᱚᱱᱟ ᱗᱐ ᱠᱷᱚᱱ ᱵᱟᱲᱛᱤ ᱰᱟᱴᱟ ᱠᱚ ᱢᱮᱱᱟᱜ ᱛᱟᱭᱟ, ᱥᱟᱦᱟᱸᱣ ᱛᱮ ᱩᱱᱤᱭᱟᱜ ᱢᱩᱪᱟ ᱨᱮᱭᱟᱜ ᱪᱮᱛᱟᱱ ᱵᱷᱟᱜ ᱨᱮ ᱟᱨ ᱦᱚᱸ ᱛᱟᱦᱮᱸ ᱞᱮᱱᱟ, ᱡᱟᱦᱟᱱ ᱨᱮᱭᱟᱜ ᱢᱟᱱᱮ ᱫᱚ ᱠᱟᱱᱟ ᱡᱮ ᱩᱱᱤᱭᱟᱜ ᱰᱟᱦᱟᱨ ᱦᱟᱡᱩᱜ ᱠᱟᱱ ᱡᱟᱦᱟᱱ ᱡᱤᱱᱤᱥ ᱵᱟᱝ ᱵᱟᱱᱪᱟᱣ ᱫᱟᱲᱤᱭᱟᱜ-ᱟ᱾
ᱱᱚᱸᱰᱮ ᱦᱟᱹᱥᱩ ᱢᱮᱱᱟᱜᱼᱟ	यहाँ दर्द होता है
मैं तुम्हारी मदद करने के लिए क्या कर सकते हैं?	ᱟᱢ ᱜᱚᱲᱚᱣᱟᱢ ᱞᱟᱹᱜᱤᱫ ᱪᱮᱫ ᱤᱧ ᱪᱤᱠᱟᱹ ᱫᱟᱲᱮᱭᱟᱜᱼᱟ ?
आप बहुत ज्यादा चिंता कर रहे हैं.	ᱟᱢ ᱫᱚ ᱡᱟᱹᱥᱛᱤ ᱜᱮᱢ ᱵᱷᱟᱹᱵᱤᱛᱚᱜ ᱠᱟᱱᱟ ᱾
वह स्ट्रेट जैकेट से बाहर निकलने के करतब (स्टंट) को रचने के लिए जाने जाते थे।	ᱩᱱᱤ ᱫᱚ ᱥᱚᱨᱟᱥᱚᱨᱤ ᱡᱮᱹᱠᱮᱴ ᱥᱴᱟᱱᱴ ᱠᱷᱚᱱ ᱫᱟᱹᱲ ᱠᱷᱟᱹᱛᱤᱨᱛᱮ ᱩᱯᱨᱩᱢᱮ ᱛᱟᱦᱮᱸ ᱠᱟᱱᱟ ᱾
ये प्रोटीन और जीवन को मज़बूत कर सकते हैं ।	ᱫᱷᱩᱢᱠᱮᱛᱩ ᱥᱟᱹᱢᱵᱷᱟᱹᱣᱟᱹᱛ ᱠᱟᱨᱵᱟᱹᱱᱤᱠ ᱯᱚᱫᱟᱨᱛᱷᱚ ᱥᱟᱶᱼᱥᱟᱶ ᱫᱷᱚᱨᱛᱤ ᱨᱮ ᱫᱟᱜ ᱣᱤᱛᱨᱚᱬ ᱨᱮᱭᱟᱜ ᱥᱨᱚᱛ ᱛᱟᱦᱮᱸ ᱠᱚᱜᱼᱟ ᱛᱚ ᱯᱨᱟᱴᱤᱱ ᱛᱮᱭᱟᱨ ᱫᱟᱲᱮ ᱠᱮᱭᱟᱭ ᱟᱨ ᱡᱤᱣᱟᱱ ᱛᱟᱦᱮᱸᱱ ᱨᱮᱭᱟᱜ ᱯᱤᱴᱟᱹᱣ ᱛᱟᱦᱮᱸᱱ ᱠᱟᱱᱟ᱾
आप किस तरह के संगीत करते हैं?	ᱚᱠᱟ ᱞᱮᱠᱟᱱ ᱥᱮᱨᱮᱧ ᱠᱚ ᱟᱢᱮᱢ ᱥᱮᱨᱮᱧᱟ ?
सत्तर	ᱮᱭᱟᱭ ᱜᱮᱞ
जैसे - जैसे आप बर्लिन के ऊपर नक्शे से देख सकते हैं, समुद्र के पास और शहर के लिए एक भेंट शामिल नहीं है ।	ᱠᱤᱪᱷᱩ ᱫᱟᱲᱟᱱ ᱵᱨᱳᱥᱚᱨ ᱨᱮ ᱵᱟᱨᱞᱤᱱ, ᱡᱟᱨᱢᱟᱱᱤ ᱠᱚ ᱫᱚᱨᱥᱟᱣ ᱟᱠᱟᱫᱟ᱾ ᱡᱮᱞᱮᱠᱟ ᱟᱢ ᱵᱟᱨᱞᱤᱱ ᱨᱮᱭᱟᱜ ᱱᱚᱠᱥᱟ ᱪᱮᱛᱟᱱ ᱨᱮᱢ ᱧᱮᱞ ᱫᱟᱲᱮᱭᱟᱜᱼᱟ ᱡᱮ ᱥᱟᱢᱩᱫᱽᱨᱟ ᱴᱮᱱ ᱡᱟᱦᱟᱸ ᱡᱟᱭᱜᱟ ᱢᱮᱱᱟᱜᱼᱟ ᱟᱨ ᱥᱚᱦᱚᱨ ᱨᱮ ᱭᱟᱛᱨᱟ ᱫᱚ ᱠᱨᱩᱡᱽᱽ ᱨᱮᱭᱟᱜ ᱫᱚᱨ ᱫᱚ ᱥᱮᱞᱮᱫ ᱵᱟᱱᱩᱜᱼᱟ᱾
हम एक बहुत ही अच्छा नीति है जो Jeवान उमंग के रूप में जाना जाता है.	ᱟᱞᱮ ᱴᱷᱮᱱ ᱟᱹᱰᱤ ᱱᱟᱯᱟᱭ ᱯᱚᱞᱤᱥᱤ ᱢᱮᱱᱟᱜᱼᱟ ᱧᱩᱛᱩᱢ ᱫᱚ ᱡᱤᱵᱚᱱ ᱩᱢᱚᱝᱜ ᱾
वे इस बात की भी परिभाषा देते हैं कि राजा और व्यापार के रास्ते क्या हैं ।	ᱞᱚᱠᱯᱨᱤᱭᱚ ᱛᱟᱲᱟᱢ ᱡᱟᱛᱨᱟ ᱟᱨ ᱥᱟᱭᱠᱮᱞ ᱪᱟᱹᱞᱩᱭ ᱞᱟᱹᱜᱤᱱ ᱩᱱᱠᱩ ᱦᱚᱨ ᱠᱚᱦᱚᱸ ᱵᱩᱡᱷᱟᱣᱟᱠᱚ᱾
विशेष रूप से देश के पास जनता.	ᱠᱷᱟᱥ ᱠᱟᱨᱛᱮ ᱥᱟᱹᱢᱩᱫ ᱟᱲᱮ ᱥᱩᱨᱥᱩᱯᱩᱨ ᱨᱮᱱ ᱦᱚᱲᱠᱚ ᱾
इसके बाद, उसने अदालत के सामने एक कार्यक्रम पेश किया ।	ᱥᱤᱢᱟᱹ ᱵᱤᱨᱩᱫᱷ ᱢᱟᱢᱟᱞᱟ ᱨᱮ, ᱵᱤᱨᱩᱫᱷ ᱨᱮᱱ ᱵᱟᱱᱟᱨ ᱯᱟᱦᱟᱴᱟ, ᱵᱩᱨᱠᱤᱱᱟ ᱯᱷᱟᱥᱳ ᱟᱨ ᱢᱟᱞᱤ, ᱛᱟᱞᱟᱢᱟᱞᱟ ᱵᱮᱵᱚᱥᱛᱟ ᱞᱟᱹᱭ ᱞᱟᱹᱜᱤᱫᱛᱮ ᱠᱟᱪᱷᱟᱦᱟᱹᱨᱤ ᱨᱮ ᱢᱤᱫᱴᱟᱝ ᱟᱨᱫᱟᱥ ᱠᱤᱱ ᱮᱢ ᱟᱠᱟᱫᱟ ᱾
यह अपने खुद के बाहर के सीधे मार्ग पर फ्रैंकी और जॉनी द्वारा तैयार किया गया था, जो बुद्धिमान विमानो में (१९०७) में (१९७), जो केनेथनी और कॆथीएसिस प्रस्तुत किया गया था।	ᱴᱮᱨᱮᱧᱥ ᱢᱮᱠᱱᱟᱞᱤ ᱟᱭᱟᱜ ᱟᱯᱱᱟᱨ ᱨᱮᱱ ᱵᱨᱚᱰᱳᱭᱮᱨ ᱵᱟᱨᱦᱮ ᱨᱮ ᱜᱟᱭᱟᱱ, ᱠᱮᱱᱮᱛᱷ ᱳᱭᱮᱞᱚᱥ ᱟᱨ ᱠᱮᱛᱷᱤ ᱵᱮᱴᱥ ᱫᱟᱨᱟᱭ ᱛᱮ ᱥᱟᱯᱲᱟᱣ ᱟᱠᱟᱱ ᱯᱷᱮᱨᱟᱝᱠᱤ ᱮᱱᱰᱸ ᱡᱚᱱᱤ ᱤᱱ ᱫᱟ ᱠᱞᱮᱭᱟᱨ ᱫᱮ ᱞᱩᱱ (᱑᱙᱘᱗) ᱠᱷᱚᱱ ᱠᱟᱹᱪ ᱵᱚᱱᱚᱫᱚᱞ ᱠᱟᱛᱮ ᱟᱸᱜᱚᱪ ᱞᱮᱫᱟᱠᱤᱱ ᱱᱚᱶᱟ ᱾
सभी उपकरण सरल थे और हाथ से बनाए गए थे।	ᱥᱟᱱᱟᱢ ᱫᱩᱨᱤᱵᱠᱚ ᱜᱮ ᱛᱟᱦᱮ ᱠᱟᱱᱟ ᱟᱞᱜᱟ ᱟᱨ ᱛᱤ ᱛᱮᱭᱟᱜ ᱵᱮᱱᱟᱣᱟᱜ ᱾
शुशनिग को एहसास हुआ कि उनके नए मंत्री उनसे सत्ता छीनने की कोशिश कर रहे थे।	ᱥᱩᱥᱱᱤᱜ ᱮ ᱵᱩᱡᱷᱟᱹᱣ ᱧᱟᱢ ᱞᱮᱫᱟ ᱡᱮ ᱟᱡ ᱨᱮᱱ ᱢᱚᱱᱛᱨᱤᱠᱚ ᱟᱡ ᱴᱷᱮᱱ ᱠᱷᱚᱱ ᱫᱟᱭᱵᱷᱟᱨ ᱦᱟᱛᱟᱣ ᱨᱮᱭᱟᱜ ᱠᱚ ᱠᱩᱨᱩᱢᱩᱴᱩᱭᱮᱫᱟ ᱾
इस सेटिंग में पेश की गई समस्याओं के अध्ययनों को सीखने में बहु-संकृत सहायक.	ᱟᱭᱢᱟᱼᱢᱟᱲᱛᱮᱠᱚ ᱫᱟᱲᱮᱰᱷᱮᱨ ᱥᱮᱪᱮᱫ ᱱᱚᱶᱟ ᱞᱟᱭᱚᱝ ᱨᱮ ᱥᱮᱴᱮᱨᱟᱠᱟᱱ ᱮᱴᱠᱮᱴᱚᱬᱮ ᱠᱚ ᱯᱟᱲᱦᱟᱣ ᱞᱮᱫᱟᱠᱚ ᱾
अल्फ्रेड बिनेट एक फ्रांसीसी मनोवैज्ञानिक थे जिन्होंने पहला व्यावहारिक बुद्धि परीक्षण तैयार किया था।	ᱪᱮᱫᱦᱚᱸ ᱵᱟᱝ ᱜᱟᱞᱚᱪ ᱠᱟᱛᱮ ᱜᱮ ᱵᱟᱨᱦᱚᱲ ᱟᱹᱠᱤᱱᱟᱜ ᱴᱷᱟᱣ ᱠᱤᱱ ᱦᱟᱛᱟᱣ ᱠᱮᱫᱟ ᱾
जब गाड़ी अचानक घूमने, गाड़ी चलाने या दुर्घटना के दौरान गाड़ी के अंदर से घुस सकती है, तो वह गाड़ी के अंदर से घुस सकती है ।	ᱜᱟᱰᱤ ᱪᱟᱞᱟᱣ ᱚᱠᱛᱚ ᱟᱪᱠᱟᱜᱮ ᱵᱨᱮᱠ, ᱠᱟᱭᱫᱟ ᱥᱮ ᱵᱟᱲᱤᱜ ᱜᱷᱚᱴᱚᱱ ᱜᱚᱴᱷᱟᱣ ᱞᱮᱱᱠᱷᱟᱱ ᱜᱟᱰᱤ ᱵᱷᱤᱛᱨᱤ ᱛᱮ ᱢᱤᱫᱴᱟᱝ ᱥᱤ ᱟᱨ ᱴᱤ ᱩᱰᱟᱹᱣ ᱫᱟᱲᱮᱭᱟᱜᱼᱟ᱾
मेरे पास पच्चीस पानी हैं।	ᱤᱧ ᱴᱷᱮᱱ ᱠᱩᱲᱤ ᱢᱚᱬᱮ ᱜᱚᱴᱟᱝ ᱫᱟᱜ ᱢᱮᱱᱟᱜᱼᱟ ᱠᱚᱣᱟ।
इसे 1985 में 3 अकादमी पुरस्कारों (ऑस्कर) के लिए नामांकित किया गया था।	ᱱᱚᱶᱟ ᱫᱚ ᱑᱙᱘᱕ ᱥᱟᱞ ᱨᱮ ᱓ᱭᱟ ᱮᱠᱟᱰᱮᱢᱤ ᱥᱤᱨᱯᱟᱹ ᱞᱟᱹᱜᱤᱫ ᱛᱮ ᱵᱟᱪᱷᱟᱣ ᱞᱮᱱᱟ ᱾
ऑल सोल्स ऑक्सफोर्ड के सबसे अमीर कॉलेजों में से एक है।	ᱚᱞ ᱥᱳᱞᱥ ᱚᱠᱥᱯᱷᱳᱨᱰ ᱫᱚ ᱧᱩᱛᱩᱢᱟᱱ ᱠᱤᱥᱟᱹᱲ ᱢᱟᱦᱟᱵᱤᱨᱫᱟᱹᱜᱟᱲ ᱾
इसके अलावा, पूरे 60,000 ज्ञानियों को नए - नए विद्वान बनाने के लिए इस्तेमाल किया जाता है ।	ᱯᱷᱨᱮᱥ ᱥᱠᱚᱞᱟᱨᱥᱤᱯ ᱥᱟᱶᱛᱮ ᱨᱤᱱᱤᱣᱟᱞ ᱥᱠᱚᱞᱟᱨᱥᱤᱯ ᱞᱮᱠᱟᱛᱮ ᱜᱩᱴᱠᱟᱛᱮ ᱖᱐,᱐᱐᱐ ᱥᱠᱚᱞᱟᱨᱥᱤᱯ ᱦᱟᱹᱴᱤᱧ ᱨᱮᱭᱟᱜᱽ ᱴᱷᱟᱬᱚᱜᱚᱴᱟᱣᱟᱠᱟᱱᱟ ᱾
यहाँ, चलो इसे कनेक्ट करें.	ᱱᱚᱸᱰᱮ, ᱱᱚᱶᱟ ᱞᱟᱜᱟᱣ ᱢᱮ ᱾
अधिकांश शार्क मनुष्यों से भयभीत होते हैं और उन्हें भगा देते हैं ।	ᱥᱟᱨᱠ ᱢᱮᱱᱟᱜ ᱠᱚᱣᱟ, ᱢᱮᱱᱠᱷᱟᱱ ᱩᱱᱠᱩ ᱯᱟᱪᱮ ᱜᱮ ᱦᱚᱲ ᱪᱮᱛᱟᱱ ᱨᱮ ᱜᱷᱟᱹᱛ ᱠᱚ ᱞᱟᱜᱟᱣᱟ᱾ ᱰᱷᱮᱨ ᱥᱟᱨᱠ ᱫᱚ ᱦᱚᱲ ᱠᱷᱚᱱ ᱠᱚ ᱵᱚᱛᱚᱨᱚᱜᱼᱟ ᱟᱨ ᱯᱟᱭᱨᱟᱜᱼᱟ᱾
1884 में वह म्यूनिख में ललित कला अकादमी चले गए।	᱑᱘᱘᱔ ᱥᱟᱞ ᱨᱮ ᱩᱱᱤ ᱫᱚ ᱢᱤᱣᱩᱱᱤᱠᱷ ᱨᱮᱭᱟᱜ ᱮᱠᱟᱰᱮᱢᱤ ᱚᱯᱷ ᱯᱷᱟᱭᱤᱱ ᱟᱨᱴᱥ ᱨᱮᱭ ᱪᱟᱞᱟᱣ ᱞᱮᱱᱟ ᱾
विज्ञान अब सूचित करता है कि इस विशाल कार्बन उद्योग ने अपने एक स्थिर क्षेत्र से बायोमिमेटिक्स को निकाल दिया है, जिसने पिछले दो करोड़ सालों से मानव विकास का समर्थन किया है ।	ᱥᱟᱬᱮᱥ ᱱᱤᱛᱚᱜ ᱥᱚᱫᱚᱨ ᱮᱫᱟᱭ ᱡᱮ ᱱᱤᱭᱟᱹ ᱢᱟᱨᱟᱝ ᱠᱟᱨᱵᱚᱱ ᱠᱟᱹᱣᱰᱤ ᱟᱹᱨᱤ ᱫᱚ ᱡᱤᱣᱢᱚᱱᱰᱚᱞ ᱟᱡᱟᱜ ᱛᱷᱩᱠᱟᱹᱢ ᱨᱟᱡᱽ ᱠᱷᱚᱱ ᱢᱤᱫᱴᱟᱝ ᱢᱤᱫ ᱠᱷᱚᱱᱟᱜ ᱥᱟᱦᱟ ᱟᱠᱟᱫᱟ ᱡᱟᱦᱟᱸᱭ ᱫᱚ ᱯᱟᱨᱚᱢᱮᱱ ᱵᱟᱨ ᱢᱤᱞᱤᱭᱚᱱ ᱥᱮᱨᱢᱟ ᱠᱷᱚᱱ ᱢᱟᱱᱟᱣ ᱵᱤᱠᱟᱥ ᱨᱮᱱᱟᱜ ᱥᱟᱢᱟᱨᱛᱷᱟᱱ ᱠᱮᱫᱟ᱾
एलन, ओक्लाहोमा: एलन अमेरिकी राज्य ओक्लाहोमा का एक शहर है।	ᱮᱹᱞᱮᱱ, ᱳᱠᱞᱟᱦᱳᱢᱟ ᱮᱹᱞᱮᱱ ᱫᱚ ᱢᱟᱨᱠᱤᱱ ᱡᱩᱠᱛᱚᱨᱟᱥᱴᱨᱚ ᱨᱮᱭᱟᱜ ᱳᱠᱞᱟᱦᱳᱢᱟ ᱯᱚᱱᱚᱛ ᱨᱮᱭᱟᱜ ᱢᱤᱫᱴᱟᱝ ᱥᱟᱦᱟᱨ ᱾
मध्य पूर्व के गर्म मौसम में, घर इतना महत्त्वपूर्ण नहीं था ।	ᱛᱟᱞᱟᱱᱟ ᱥᱟᱢᱟᱝ ᱨᱮᱱᱟᱜ ᱞᱚᱞᱚ ᱦᱚᱭ ᱫᱟᱜ ᱨᱮ, ᱚᱲᱟᱜ ᱩᱱᱟᱹᱜ ᱠᱷᱟᱥ ᱵᱟᱝ ᱛᱟᱦᱮᱸ ᱠᱟᱱᱟ᱾
एक हज़ार से भी ज़्यादा सालों से मसीही धर्म ने यूरोपीय देशों के बीच भिन्‍न भाषा और रीति - रिवाज़ों के बावजूद एक साथ विवाह किया था ।	ᱯᱟᱹᱨᱥᱤ ᱟᱨ ᱟᱹᱨᱤᱪᱟᱹᱞᱤ ᱨᱮ ᱵᱷᱮᱱᱮᱜᱟᱨ ᱛᱟᱦᱮᱸᱱ ᱛᱩᱞᱩᱡ ᱤᱥᱟᱹᱭ ᱫᱷᱚᱨᱚᱢ ᱫᱚ ᱢᱤᱫ ᱦᱟᱡᱟᱨ ᱠᱷᱚᱱ ᱵᱟᱹᱲᱛᱤ ᱥᱮᱨᱢᱟ ᱦᱟᱹᱵᱤᱡ ᱭᱩᱨᱳᱯ ᱨᱮᱭᱟᱜ ᱫᱤᱥᱚᱢ ᱠᱚ ᱢᱤᱫ ᱥᱟᱶ ᱛᱮᱭ ᱛᱚᱞ ᱫᱚᱦᱚ ᱞᱮᱫ ᱠᱚᱣᱟ᱾
जंगल सिर्फ जंगली दलदल नहीं हैं हालांकि वे शामिल नहीं हैं — वे कुछ पिछले शेष जंगली जंगल शामिल हैं जो एक बार खौफनाक खूबसूरत मैदान को ढक देते हैं.	ᱵᱤᱨ ᱫᱚ ᱠᱷᱟᱹᱞᱤ ᱢᱮᱝᱜᱽᱨᱳᱵᱷ ᱥᱣᱟᱢᱯᱥ ᱵᱟᱝ ᱠᱟᱱᱟ — ᱱᱚᱣᱟ ᱨᱮ ᱚᱱᱟ ᱫᱟᱲᱮᱭᱟᱱ ᱵᱤᱨᱠᱚ ᱨᱮᱭᱟᱜ ᱢᱩᱪᱟᱹᱫ ᱥᱟᱨᱮᱡ ᱛᱤᱸᱜᱩ ᱢᱮᱱᱟᱜᱼᱟ ᱡᱟᱦᱟᱸ ᱢᱤᱫ ᱚᱠᱛᱚ ᱜᱟᱝᱜᱮᱴᱤᱠ ᱯᱞᱮᱱ ᱮᱥᱮᱫ ᱛᱟᱦᱮᱸ ᱠᱟᱱᱟ᱾
क्या मैंने यह स्पष्ट किया है?	ᱤᱧ ᱪᱮᱫ ᱱᱚᱶᱟᱧ ᱥᱟᱯᱷᱟ ᱟᱠᱟᱫᱟ ?
ग्यारह, बारह, तेरह, चौदह, पंद्रह, सोलह, सत्रह, अट्ठारह, उन्नीस, बीस।	ᱜᱮᱞ ᱢᱤᱫ, ᱜᱮᱞ ᱵᱟᱨ, ᱜᱮᱞ ᱯᱮ, ᱜᱮᱞ ᱯᱳᱱ, ᱜᱮᱞ ᱢᱚᱬᱮ, ᱜᱮᱞ ᱛᱩᱨᱩᱭ, ᱜᱮᱞ ᱮᱭᱟᱭ, ᱜᱮᱞ ᱟᱨ, ᱜᱮᱞ ᱱᱟᱭ, ᱠᱩᱲᱤ।
आप ऐसा कर सकते हैं.	ᱟᱢ ᱱᱚᱶᱟᱢ ᱠᱚᱨᱟᱣ ᱫᱟᱲᱮᱭᱟᱜᱼᱟ ᱾
इस नीति के लिए न्यूनतम उम्र क्या है?	ᱱᱤᱭᱟᱹ ᱯᱚᱞᱤᱥᱤ ᱞᱟᱹᱜᱤᱫ ᱠᱚᱢ ᱩᱛᱟᱹᱨ ᱮᱱᱴᱨᱤ ᱩᱢᱮᱨ ᱫᱚ ᱛᱤᱱᱟᱹᱜ ?
महोदय, मैं अपने कार्यालय के बारे में कुछ जानकारी चाहते हैं.	ᱢᱟᱪᱮᱛ ᱜᱚᱝᱠᱮ ᱟᱢᱟᱜᱽ ᱚᱯᱷᱤᱥ ᱵᱟᱵᱚᱫᱽ ᱠᱤᱪᱷᱩ ᱛᱮᱛᱮᱫᱽ ᱵᱟᱰᱟᱭᱤᱧ ᱠᱷᱚᱡᱽᱠᱟᱱᱟ ᱾
मेरे पास सोलह मुर्गी हैं।	ᱤᱧ ᱴᱷᱮᱱ ᱜᱮᱞ ᱛᱩᱨᱩᱭ ᱜᱚᱴᱟᱝ ᱢᱩᱠᱨᱤ ᱢᱮᱱᱟᱜᱼᱟ ᱠᱚᱣᱟ।
एक हफ्ते के बाद बिलश ने एशिया में व्यापार के फैलाव के बारे में श्रोताओं को बताया ।	ᱢᱟᱭᱟᱣᱫᱷᱤ ᱪᱩᱱᱟᱹᱣ ᱨᱮ ᱢᱤᱫ ᱮᱢᱟᱦᱟᱸ ᱨᱮᱱᱟᱜ ᱦᱟᱨᱟᱣᱮᱱ ᱛᱟᱭᱚᱢ, ᱵᱩᱥ ᱫᱚ ᱦᱚᱲᱠᱚ ᱮᱥᱤᱭᱟ ᱵᱮᱯᱟᱨ ᱨᱮᱱᱟᱜ ᱜᱟᱹᱦᱤᱨ ᱛᱮ ᱞᱟᱹᱭ ᱠᱮᱫᱟᱭ᱾
पानी के संतुलन का अनुमान लगाने के लिए थॉथ व मेदर मॉडल को व्यापक रूप से इस्तेमाल किया जाता है ।	ᱴᱷᱨᱳᱱᱳᱭᱮᱴ ᱟᱨ ᱢᱟᱫᱟᱨ ᱢᱚᱰᱮᱞ ᱫᱚ ᱫᱟᱜ ᱡᱚᱠᱷᱟ ᱞᱮᱠᱷᱟᱭᱨᱮ ᱟᱹᱰᱤ ᱟᱴ ᱵᱮᱣᱦᱟᱨᱚᱜᱼᱟ ᱾
हिंदू विवाह के लिए जो प्रक्रिया भिन्‍न है वह कैसे भिन्‍न है?	ᱪᱮᱫ ᱞᱮᱠᱟᱛᱮ ᱦᱤᱱᱫᱩ ᱵᱟᱯᱞᱟ ᱟᱹᱱ ᱞᱟᱹᱜᱤᱫ ᱦᱚᱨᱟ ᱵᱷᱮᱜᱟᱨ ᱜᱮᱭᱟ ?
इस तरह की क्षमा मेरे पिता के लिए स्वाभाविक नहीं थी ।	ᱤᱧ ᱵᱟᱵᱟ ᱴᱷᱮᱱ ᱱᱚᱝᱠᱟᱱ ᱢᱚᱦᱚᱛᱟᱱ ᱤᱠᱟᱹ ᱫᱚ ᱥᱟᱹᱵᱤᱛ ᱵᱟᱝ ᱛᱟᱦᱮᱸᱠᱟᱱᱟ ᱾
यह क्या है?	ᱜᱷᱚᱴᱚᱱ ᱫᱚ ᱪᱮᱫ ᱠᱟᱱᱟ ?
फिल्म अच्छी होने के बावजूद मुझे बहुत दुख हो रहा है क्योंकि उन्होंने अंत में मेरे पसंदीदा किरदार को मार डाला।	ᱪᱚᱞᱚᱛ ᱪᱤᱛᱟᱹᱨ ᱫᱚ ᱟᱹᱰᱤ ᱢᱚᱡ ᱦᱩᱭ ᱞᱮᱱ ᱨᱮᱦᱚᱸ ᱤᱧ ᱟᱹᱰᱤ ᱵᱟᱹᱲᱤᱡᱽᱤᱧ ᱟᱹᱭᱠᱟᱹᱣ ᱮᱫᱟ ᱚᱡᱮ ᱫᱚ ᱩᱝᱠᱩ ᱫᱚ ᱢᱩᱪᱟᱹᱫ ᱫᱷᱟᱹᱵᱤᱡᱛᱮ ᱤᱧᱨᱮᱱ ᱠᱩᱥᱤᱭᱟᱱ ᱯᱟᱴᱷᱚᱠᱤᱭᱟᱹ ᱠᱚ ᱜᱚᱡ ᱠᱮᱫᱟᱭᱟ ᱾
अमरीका के राष्ट्रपति जॉर्ज बीबी ने नवंबर 16 की सुबह को एशिया का एक हफ्ते का सफर शुरू किया ।	ᱟᱢᱮᱨᱤᱠᱟ ᱨᱤᱱ ᱨᱟᱥᱴᱨᱚᱯᱚᱛᱤ ᱡᱚᱨᱡᱽ ᱰᱚᱵᱽᱞᱩ ᱵᱩᱥ ᱑᱖ ᱱᱚᱵᱷᱮᱢᱵᱚᱨ ᱥᱮᱛᱟᱜ ᱥᱤᱝᱜᱟᱯᱩᱨ ᱥᱮᱴᱮᱨ ᱠᱟᱛᱮ ᱟᱨ ᱢᱤᱫ ᱮᱢᱟᱦᱟᱸ ᱨᱮᱱᱟᱜ ᱮᱥᱤᱭᱟ ᱫᱟᱬᱟᱱ ᱮᱛᱚᱦᱚᱵ ᱞᱮᱫ-ᱟᱭI
इस पुस्तक पर आधारित कई फिल्में और टीवी धारावाहिक बनाए जा चुके हैं।	ᱱᱚᱶᱟ ᱯᱚᱛᱚᱵ ᱪᱮᱛᱟᱱ ᱨᱮ ᱴᱮᱦᱟᱴ ᱠᱟᱛᱮ ᱵᱮᱥ ᱠᱤᱪᱷᱩ ᱪᱚᱞᱚᱛ ᱪᱤᱛᱟᱹᱨ ᱟᱨ ᱴᱤ ᱵᱷᱤ ᱥᱤᱨᱤᱡ ᱵᱮᱱᱟᱣ ᱟᱠᱟᱱᱟ ᱾
देश की बड़ी नदियों और पानी की धाराओं के माध्यम से हर साल 44 लाख टन माल प्राप्त कर रहे हैं.	ᱫᱤᱥᱟᱹᱢ ᱨᱮᱭᱟᱜ ᱢᱩᱲᱩᱫᱽ ᱱᱟᱹᱭ ᱟᱨ ᱫᱟᱜᱽᱰᱟᱦᱟᱨ ᱦᱚᱛᱮᱛᱮ ᱥᱮᱨᱢᱟᱠᱤᱭᱟᱹ ᱯᱨᱟᱭ ᱔ ᱠᱳᱴᱤ ᱔᱐ ᱞᱟᱠᱷ ᱢᱮᱴᱨᱤᱠ ᱴᱚᱱ ᱫᱟᱜᱽᱡᱟᱦᱟᱡᱟᱱ ᱢᱟᱞᱠᱩ ᱩᱪᱟᱹᱲᱚᱜᱽᱠᱟᱱᱟ ᱾
मुझे लगता है कि मैं अपने अधिक अध्ययन के लिए विज्ञान ले जाएगा।	ᱤᱧ ᱢᱚᱱᱮᱭᱟ ᱤᱧ ᱤᱧᱟᱹᱜ ᱟᱨᱦᱚᱸ ᱯᱟᱲᱦᱟᱣ ᱞᱟᱹᱜᱤᱫ ᱥᱟᱬᱮᱥ ᱤᱧ ᱦᱟᱛᱟᱣᱼᱟ ᱾
एक जोड़ा अपनी शादी के लिए एक जोड़ी के अधीन हो सकता है, या वे एक व्यक्‍ति को एक व्यक्‍ति के अधीन करने का चुनाव कर सकते हैं ।	ᱢᱤᱫᱴᱟᱝ ᱡᱩᱨᱩᱯᱟᱹᱨᱤ ᱟᱠᱤᱱᱟᱜ ᱵᱟᱯᱞᱟ ᱞᱟᱹᱜᱤᱫ ᱢᱤᱫᱴᱟᱝ ᱢᱤᱫ ᱠᱟᱛᱮ ᱦᱚᱯᱚᱯᱱᱟᱢᱟ ᱡᱚᱢᱟ ᱫᱟᱲᱮᱭᱟᱜᱼᱟᱢ, ᱵᱟᱝᱠᱷᱟᱱ ᱩᱱᱠᱩ ᱢᱤᱫᱴᱟᱝ ᱵᱷᱮᱜᱟᱨ ᱦᱚᱞᱚᱯᱱᱟᱢᱟ ᱡᱚᱢᱟ ᱞᱟᱹᱜᱤᱫ ᱵᱟᱪᱷᱟᱣ ᱫᱟᱲᱮᱭᱟᱜᱼᱟᱢ ᱾
कई डेस्कटॉप पर्सनल कंप्यूटर और मॉनिटर इसका उपयोग कर सकते हैं।	ᱟᱭᱢᱟ ᱰᱮᱥᱠᱴᱚᱢ ᱟᱯᱱᱟᱨᱟᱜ ᱠᱚᱢᱯᱤᱭᱩᱴᱟᱨ ᱟᱨ ᱢᱚᱱᱤᱴᱟᱨ ᱱᱚᱶᱟ ᱫᱚᱠᱚ ᱵᱮᱦᱨᱟ ᱫᱟᱲᱮᱭᱟᱜᱼᱟ ᱾
क्या तुमने अभी-अभी बिना मुँह ढके खाने पर छींक दिया?	ᱟᱢ ᱪᱮᱫ ᱢᱚᱪᱟ ᱵᱟᱝ ᱵᱮᱫ ᱠᱟᱛᱮ ᱡᱚᱢᱼᱟᱜ ᱨᱮᱢ ᱟᱪᱪᱷᱤᱢ ᱟᱠᱟᱫᱟ ?
चाय	ᱪᱟ
कल मिलते हैं	ᱜᱟᱯᱟ ᱞᱟᱝ ᱧᱟᱯᱟᱢᱚᱜᱼᱟ
मूल रूप से, यह था कि CWCAV में शीर्ष-विड टीम 2 को बढ़ावा दिया जाएगा अगले 2020-2023 प्रतिनिधित्व विश्व संघ अपने 13वीं सेना के खर्च पर अगर संघ 2 टीम 2023 में दो टीम के रूप में समाप्त हो जाएगा।	᱒᱐᱒᱓ ᱠᱨᱤᱠᱮᱴ ᱡᱮᱜᱮᱫᱽᱠᱟᱯ ᱨᱮᱭᱟᱜ ᱵᱟᱪᱷᱱᱟᱣ ᱯᱚᱨᱵᱚᱨᱮ, ᱵᱟᱨᱭᱟ ᱫᱚᱞ ᱛᱟᱞᱟᱨᱮ ᱞᱤᱜ ᱒ᱼᱨᱮᱱᱟᱜ ᱫᱚᱞ ᱫᱚ ᱞᱟᱯᱷᱟᱝ ᱩᱛᱟᱹᱨ ᱴᱷᱟᱣᱨᱮ ᱢᱩᱪᱟᱹᱫᱠᱟᱛᱮ, ᱑᱓ ᱴᱷᱟᱣᱨᱮ ᱢᱮᱱᱟᱜ ᱫᱚᱞ ᱵᱚᱫᱚᱞᱛᱮ ᱥᱤᱰᱵᱚᱞᱩᱥᱤ ᱞᱤᱜ ᱒ᱼᱨᱮᱭᱟᱜ ᱞᱟᱯᱷᱟᱝᱴᱷᱟᱣ ᱫᱚᱞᱴᱟᱜ ᱫᱚ ᱛᱟᱭᱚᱢ ᱫᱟᱨᱟᱢ ᱒᱐᱒᱐ᱼ᱒᱐᱒᱓ ᱟᱭᱥᱤᱥᱤ ᱠᱨᱤᱠᱮᱴ ᱡᱮᱜᱮᱫᱽᱠᱟᱯ ᱥᱩᱯᱟᱨ ᱞᱤᱜᱨᱮ ᱛᱩᱞᱟᱹᱣ ᱨᱟᱠᱟᱵᱜᱤ ᱢᱩᱰᱩᱛ ᱡᱚᱥ ᱫᱚ ᱛᱟᱦᱮᱸᱠᱟᱱᱟ ᱾
अभी	ᱱᱤᱛᱚᱜ
आप या तो पैसा पहले से कर सकते हैं या सवारी के बाद भुगतान कर सकते हैं.	ᱟᱢ ᱫᱚ ᱞᱟᱦᱟᱨᱮᱜᱤ ᱴᱟᱠᱟᱢ ᱢᱮᱴᱟᱣ ᱫᱟᱲᱮᱭᱟᱜᱽᱼᱟ ᱵᱟᱝᱠᱷᱟᱱ ᱫᱮᱡᱽ ᱛᱟᱭᱚᱢ ᱦᱚᱸᱢ ᱢᱮᱴᱟᱣ ᱫᱟᱲᱮᱭᱟᱜᱽᱼᱟ ᱾
यह प्रशिक्षण बच्चे के जीवन को अनुशासन देगा.	ᱱᱚᱶᱟ ᱛᱟᱹᱞᱤᱢ ᱫᱚ ᱞᱮᱴᱠᱟ ᱠᱚᱣᱟᱜ ᱡᱤᱭᱚᱱ ᱱᱟᱯᱟᱭᱛᱮ ᱥᱟᱡᱟᱣᱼᱟᱭ ᱾
सुची, संगीत समारोह (कॉन्सर्ट) में अकेले मत जाओ। मैंने सुना है कि लोग शराब पीते हैं और वे तुम्हारे साथ दुर्व्यवहार कर सकते हैं।	ᱥᱩᱪᱤ ᱾ ᱠᱚᱱᱥᱟᱨᱴ ᱨᱮ ᱮᱠᱞᱟ  ᱟᱞᱚᱢ ᱪᱟᱞᱟᱜᱼᱟ ᱾ ᱤᱧ ᱟᱸᱡᱚᱢ ᱟᱠᱟᱫᱟ ᱦᱚᱲᱠᱚ ᱧᱩ ᱵᱩᱞᱩᱜᱼᱟ ᱟᱨ ᱩᱝᱠᱩ ᱫᱚ ᱟᱢ ᱥᱟᱶ ᱵᱟᱹᱲᱤᱡ ᱠᱚ ᱵᱮᱵᱚᱦᱟᱨ ᱫᱟᱲᱮᱭᱟᱜᱼᱟ ᱾
एक मिनट में एक हवा में उछलना शुरू हो जाता है, एक मिनट बाद, हवा 70 किलोमीटर प्रति घंटे तक पहुँच रही है... तब बारिश आती है, लेकिन इतना कठिन और इतनी बड़ी है कि यह एक सुई की तरह अपनी त्वचा थप्पड़ता है, फिर आकाश से ओले गिर गये, लोगों को घबरा और एक दूसरे के ऊपर चल रहा है।	ᱰᱤᱥᱯᱞᱮ ᱨᱮ ᱢᱚᱬᱮ ᱴᱤᱲᱤᱡ ᱛᱟᱭᱚᱢ ᱦᱚᱭ ᱞᱤᱸᱜᱤᱱ ᱮᱦᱚᱵ ᱮᱱᱟ, ᱢᱤᱫ ᱴᱤᱲᱤᱡ ᱛᱟᱭᱚᱢ, ᱦᱚᱭ ᱫᱚ ᱗᱐ ᱠᱤᱢᱤ/ᱴᱟᱲᱟᱝ ᱨᱮ ᱪᱟᱞᱟᱣ ᱮᱱᱟ…ᱚᱱᱟ ᱛᱟᱭᱚᱢ ᱫᱟᱜ ᱦᱮᱡ ᱮᱱᱟ ᱢᱮᱱᱠᱷᱟᱱ ᱩᱱᱟᱹᱜ ᱠᱮᱴᱮᱡ ᱟᱨ ᱩᱱᱟᱹᱜ ᱞᱟᱹᱴᱩ ᱡᱮ ᱟᱢᱟᱜ ᱪᱟᱢᱲᱟ ᱥᱩᱭ ᱞᱮᱠᱟᱭ ᱯᱟᱹᱴᱤᱭᱟ, ᱟᱱᱟ ᱛᱟᱭᱚᱢ ᱥᱮᱨᱢᱟ ᱠᱷᱚᱱ ᱟᱨᱮᱞ ᱧᱩᱨᱩᱜ ᱠᱟᱱᱟ, ᱦᱚᱲ ᱠᱚ ᱵᱚᱛᱚᱨ ᱟᱨ ᱠᱤᱠᱭᱟᱹᱣ ᱠᱟᱛᱮ ᱟᱢᱼᱤᱧ ᱪᱮᱛᱟᱱ ᱨᱮᱠᱚ ᱫᱟᱹᱲ ᱵᱟᱲᱟᱭ ᱠᱟᱱᱟ᱾
उसकी असाधारण उपलब्धि, साथ ही भाग्य और उसके साथियों की चिकनी - चुपड़ी बातें, दोनों में इसका असर हो सकता है ।	ᱵᱷᱟᱜᱚ ᱨᱮᱭᱟᱜ ᱴᱷᱟᱝᱮᱲ ᱟᱴᱠᱟᱨ ᱟᱨ ᱟᱪᱨᱮᱱ ᱜᱟᱛᱮ ᱥᱟᱶᱛᱮ ᱵᱷᱚᱲᱚᱜ ᱠᱟᱛᱷᱟ ᱩᱱᱤᱭᱟᱜ ᱵᱤᱥᱮᱥ ᱠᱟᱹᱨᱫᱷᱟᱹᱱᱤ ᱥᱟᱶᱛᱮ ᱢᱤᱞ ᱢᱮᱥᱟ ᱦᱩᱭᱫᱟᱲᱮᱭᱟᱜᱼᱟ ᱱᱚᱶᱟ ᱮᱥᱮᱨᱮ ᱧᱟᱢ ᱟᱠᱟᱫᱟ ᱾
अदालत की सीट दिल्ली के संसद भवन में थी ।	ᱠᱟᱪᱷᱟᱦᱟᱹᱨᱤ ᱨᱮᱭᱟᱜ ᱴᱷᱟᱶ ᱫᱚ ᱛᱟᱸᱦᱮᱠᱟᱱᱟ ᱫᱤᱞᱞᱤ ᱨᱮᱭᱟᱜ ᱥᱚᱝᱥᱚᱫ ᱵᱷᱚᱵᱚᱱ ᱨᱮᱭᱟᱜ ᱪᱮᱢᱵᱟᱨ ᱚᱯᱷ ᱯᱨᱤᱱᱥᱮᱥ ᱾
अरे, तुम पीछा कर रहे हैं. वेब डिजाइन में एक पाठ्यक्रम, है न?	ᱮᱤ, ᱟᱢ ᱫᱚ ᱳᱣᱮᱵᱰᱤᱡᱟᱭᱤᱱ ᱨᱮᱭᱟᱜ ᱠᱳᱨᱥᱮᱢ ᱠᱚᱨᱟᱣᱮᱫᱽ ᱠᱟᱱᱟ, ᱦᱮᱸ ᱥᱮ ?
उनतालीस	ᱯᱮ ᱜᱮᱞ ᱱᱟᱭ
हम दोस्त बन गए हैं और रात के खाने पर मिलेंगे।	ᱟᱵᱚ ᱫᱚ ᱜᱟᱛᱮ ᱠᱟᱱᱟ ᱵᱚᱱ ᱟᱨ ᱠᱤᱫᱩᱯ ᱚᱠᱛᱚ ᱵᱚᱱ ᱧᱟᱯᱟᱢᱼᱟ ᱱᱟᱦᱟᱜ ᱾
हवाई जहाज़ तक पहुँचने की उनकी काबिलीयत ने उन्हें दुश्‍मनों से ज़्यादा आसानी से बच निकलने में मदद दी और खाने - पीने और साथियों को ज़्यादा कुशलता से पा लिया ।	ᱦᱩᱰᱤᱧ ᱡᱤᱭᱟᱹᱞᱤ ᱠᱚ ᱦᱚᱭ ᱨᱮ ᱥᱮᱱᱚᱜ ᱯᱟᱹᱦᱤᱞ ᱡᱤᱭᱟᱹᱞᱤᱠᱚ ᱛᱟᱦᱮᱸᱠᱟᱱᱟ᱾ ᱩᱱᱠᱩᱣᱟᱜ ᱩᱰᱟᱟᱹᱜ ᱫᱟᱲᱮ ᱜᱮ ᱩᱱᱠᱩ ᱵᱟᱹᱭᱨᱤ ᱟᱹᱰᱤ ᱟᱞᱜᱟ ᱛᱮ ᱵᱟᱧᱪᱟᱣ ᱟᱨ ᱡᱚᱢᱟᱜ ᱟᱨ ᱜᱟᱛᱮ ᱠᱚ ᱟᱹᱰᱤ ᱦᱩᱱᱟᱹᱨ ᱛᱮ ᱯᱟᱱᱛᱮ ᱧᱟᱢ ᱨᱮ ᱜᱚᱲᱚᱣᱟᱠᱚᱣᱟ᱾
फिर भी, उनके पास कुछ ऐसे दौर थे जब उनकी सरकार को चुनौती दी गई और कभी-कभी उखाड़ फेंका गया।	ᱮᱱᱨᱮᱸᱦᱚ, ᱩᱱᱠᱩᱣᱟᱜ ᱠᱤᱪᱷᱩ ᱚᱠᱛᱚ ᱛᱟᱦᱮᱸ ᱠᱟᱱᱟ ᱡᱚᱠᱷᱚᱱ ᱩᱱᱠᱩ ᱥᱚᱨᱠᱟᱨ ᱨᱮᱱ ᱢᱟᱪᱮᱫ ᱪᱮᱞᱮᱧᱡ ᱦᱩᱭ ᱞᱮᱱᱟ ᱟᱨ ᱡᱟᱸᱦᱟᱛᱤᱱ ᱡᱟᱸᱦᱟᱛᱤᱱ ᱠᱚᱨᱮ ᱨᱟᱠᱟᱵ ᱦᱩᱭ ᱞᱮᱠᱟᱱ
Dudigard जनरल डी आन्या ने कहा, "हम पाँच व्यक्तियों को गिरफ़्तार किया है जो स्विस महिला का बलात्कार किया है और उसके मोबाइल और लैपटॉप को ठीक कर दिया है।	ᱰᱮᱯᱩᱴᱤ ᱤᱱᱥᱯᱮᱠᱴᱚᱨ ᱡᱮᱱᱮᱨᱟᱞ ᱰᱤ ᱠᱮ ᱟᱨᱭᱟ ᱢᱮᱱ ᱟᱠᱟᱫ-ᱟᱭ ᱡᱮ, ᱟᱞᱮ ᱢᱚᱬᱮ ᱦᱚᱲ ᱜᱤᱨᱚᱯᱷ ᱟᱠᱟᱫ ᱠᱚᱣᱟᱞᱮ ᱡᱟᱦᱟᱸᱭᱠᱚ ᱥᱣᱤᱥ ᱛᱤᱨᱞᱟᱹ ᱵᱚᱞᱟᱛᱠᱟᱨ ᱞᱮᱫᱮᱭᱟᱠᱚ ᱟᱨ ᱩᱱᱤᱭᱟᱜ ᱢᱚᱵᱟᱭᱤᱞ ᱟᱨ ᱩᱱᱤᱭᱟᱜ ᱢᱚᱵᱟᱭᱤᱞ ᱟᱨ ᱞᱮᱯᱴᱚᱯ ᱫᱩᱜ ᱞᱮᱫ-ᱟᱞᱮ"I
ᱵᱟᱛᱷᱨᱩᱢ ᱚᱠᱟᱨᱮ ᱢᱮᱱᱟᱜᱼᱟ?	बाथरूम कहाँ है?
मैं अपने भाई से पूछता हूँ और आप के लिए टिकट मिल जाएगा जल्द ही.	ᱤᱧ ᱵᱚᱭᱦᱟ ᱠᱩᱞᱤᱠᱟᱛᱮ ᱟᱹᱰᱤ ᱩᱥᱟᱹᱨᱟᱜᱤ ᱴᱤᱠᱤᱴᱠᱩ ᱟᱢᱟᱜ ᱛᱤ ᱨᱮᱧ ᱮᱢᱟᱢᱟ ᱾
जिस जंगल का मैं दौरा कर रहा था, उसके गहरे भीतर एक भयानक चीख सुनकर मैं कांप उठा।	ᱤᱧ ᱡᱟᱦᱟᱸ ᱵᱤᱨ ᱨᱮ ᱫᱟᱲᱟᱱᱤᱧ   ᱪᱟᱞᱟᱣᱚᱜ ᱠᱟᱱ ᱛᱟᱦᱮᱸ, ᱚᱱᱟ ᱜᱟᱹᱦᱤᱨ ᱨᱮ ᱵᱤᱱᱼᱟᱸᱥᱟᱱ ᱠᱤᱠᱤᱭᱟᱹᱣ ᱟᱸᱡᱚᱢ ᱠᱟᱛᱮᱧ ᱛᱷᱟᱨ ᱛᱷᱟᱨᱟᱣ ᱞᱮᱱᱟ ᱾
हवा में गर्म और सूखा गर्मियों और ठंडे सर्दियों होते हैं ।	ᱟᱥᱟᱱᱥᱳᱞ ᱨᱮᱭᱟᱜ ᱥᱮᱴᱚᱝᱫᱤᱱ ᱫᱚ ᱞᱚᱞᱚ ᱟᱨ ᱦᱟᱣᱮᱫ ᱟᱨ ᱨᱟᱵᱟᱝ ᱨᱮ ᱫᱚ ᱦᱟᱞᱠᱟ ᱨᱮᱭᱟᱲ ᱾
बहत्तर	ᱮᱭᱟᱭ ᱜᱮᱞ ᱵᱟᱨ
क्या आप इस पर विस्तार कर सकते हैं?	ᱟᱢ ᱱᱚᱶᱟ ᱵᱤᱪᱷᱱᱟᱹᱣ ᱛᱮᱢ ᱞᱟᱹᱭ ᱫᱟᱲᱮᱭᱟᱜᱼᱟ ?
पुलिस के अनुसार, जिस वाहन पर फोटोग्राफी मारा जाता है, वह अपराधी आरोपों का सामना करना असंभव है ।	ᱯᱩᱞᱤᱥᱟᱜ ᱠᱟᱛᱷᱟ ᱞᱮᱠᱟᱛᱮ, ᱯᱷᱳᱴᱚᱜᱽᱨᱟᱯᱷᱟᱨ ᱮ ᱛᱟᱹᱠᱤᱡ ᱟᱠᱟᱫᱮ ᱜᱟᱹᱰᱤ ᱨᱮᱱ ᱰᱨᱟᱭᱵᱷᱟᱨ ᱵᱤᱨᱩᱫᱽ ᱨᱮ ᱚᱯᱚᱨᱟᱫᱷ ᱨᱮᱭᱟᱜ ᱟᱨᱳᱯ ᱞᱟᱜᱟᱣ ᱫᱟᱣ ᱫᱚ ᱠᱚᱢ ᱜᱮᱭᱟ᱾
नमस्कार सर, मैं अदार की माँ हूँ.	ᱦᱮᱞᱳ ᱥᱮᱨ, ᱤᱧᱫᱚ ᱟᱫᱚᱨᱥ ᱟᱡᱽ ᱜᱚᱜᱚ ᱾
यह डेसी मुझे आईडीली की याद दिलाता है.	ᱱᱚᱶᱟ ᱞᱤᱴᱴᱤ ᱤᱧ ᱤᱰᱞᱤ ᱨᱮᱭᱟᱜ ᱠᱟᱛᱷᱟᱭ ᱫᱤᱥᱟᱹ ᱟᱪᱚᱭᱫᱤᱧᱟ ᱾
उन्होंने संधि द्वारा तय की गई सीमाओं को स्वीकार करने से इनकार कर दिया।	ᱩᱱᱤ ᱫᱚ ᱪᱩᱠᱛᱤ ᱨᱮ ᱩᱫᱩᱜ ᱟᱠᱟᱱ ᱥᱤᱢᱟᱹ ᱢᱟᱱᱟᱣ ᱵᱟᱭ ᱨᱮᱵᱮᱱᱟ ᱾
गिनती: तेरह।	ᱞᱮᱠᱷᱟ: ᱜᱮᱞ ᱯᱮ।
इस वजह से रेत के किनारे और समुद्र - तट बनाने के लिए ज़रूरी था कि वे जंगली जीव - जंतुओं की देखभाल करें ।	ᱱᱚᱶᱟ ᱛᱚᱞᱪᱷᱟᱴ ᱥᱮᱱᱰᱵᱟᱨ ᱟᱨ ᱫᱚᱨᱭᱟ ᱛᱚᱴ ᱛᱮᱭᱟᱨ ᱞᱟᱹᱜᱩᱫ ᱡᱟᱹᱨᱩᱲ ᱜᱮ ᱛᱟᱦᱮᱸ ᱠᱟᱱᱟ, ᱚᱠᱚᱭ ᱫᱚ ᱣᱚᱱᱡᱤᱣᱚᱱ ᱨᱮᱭᱟᱜ ᱟᱣᱟᱥ ᱨᱩᱯ ᱨᱮ ᱠᱟᱹᱢᱤ ᱠᱚᱨᱟᱣᱟ ᱠᱚ᱾
इस योजना की शुरूआत माइनर की हुकूमत से होती है ।	ᱱᱤᱭᱟᱹ ᱥᱠᱤᱢ ᱫᱚ ᱢᱤᱱᱤᱥᱴᱨᱤ ᱚᱯᱷ ᱢᱟᱭᱱᱚᱨᱤᱴᱤ ᱮᱯᱷᱯᱷᱮᱭᱟᱨᱥ ᱦᱚᱛᱮᱛᱮ ᱮᱛᱚᱦᱚᱵᱽᱟᱠᱟᱱᱟ ᱾
उसकी टीम फरसो दौड़ के लिए नेतृत्व में था, लेकिन यह अपने गड्ढे के बंद होने के ठीक बाद समाप्त हो गया, शायद इसलिए कि एक बुरी तरह से सही सामने घंटी के सामने व्हील.	ᱟᱡᱟᱜ ᱫᱚᱞ ᱨᱮᱱ ᱯᱷᱟᱨᱱᱟᱱᱫᱚ ᱮᱞᱚᱱᱥᱚ ᱨᱮᱥ ᱨᱮᱭᱟᱜ ᱡᱟᱹᱥᱛᱤ ᱜᱟᱱ ᱚᱠᱛᱚ ᱜᱮ ᱞᱤᱰ ᱨᱮᱭ ᱛᱟᱦᱮᱸ ᱠᱟᱱᱟ, ᱢᱮᱱᱠᱷᱟᱱ ᱩᱱᱤᱭᱟᱜ ᱯᱤᱴ-ᱥᱴᱚᱯ ᱨᱮᱭᱟᱜ ᱴᱷᱤᱠ ᱛᱟᱭᱚᱢ ᱜᱮ ᱱᱚᱣᱟᱭ ᱢᱩᱪᱟᱹᱫ ᱠᱟᱫᱟ, ᱦᱩᱭ ᱫᱟᱲᱮᱭᱟᱜᱼᱟ ᱞᱮᱸᱜᱟ ᱥᱟᱢᱟᱝ ᱨᱮᱭᱟᱜ ᱪᱟᱠᱟ ᱟᱹᱰᱤ ᱜᱟᱹᱦᱤᱨ ᱛᱮ ᱟᱴᱠᱟᱣᱮᱱ ᱠᱷᱟᱹᱛᱤᱨ᱾
यह शांत होगा अगर आप आकाश सिंह की तरह एक महान खिलाड़ी बन जाएगा.	ᱟᱢ ᱡᱩᱫᱤ ᱢᱤᱞᱠᱷᱟ ᱥᱤᱝ ᱞᱮᱠᱟ ᱵᱷᱟᱜᱮ ᱠᱷᱮᱞᱚᱸᱰᱤᱭᱟᱹᱢ ᱦᱩᱭᱩᱜᱼᱟ ᱮᱱᱠᱷᱟᱱ ᱱᱚᱶᱟᱫᱚ ᱟᱹᱰᱤ ᱵᱷᱟᱞᱤᱼᱟ ᱾
क्या यह ठीक है अगर मैं एक आधिकारिक आईडी का उपयोग करें और एक व्यक्‍तिगत नहीं?	ᱤᱧ ᱡᱚᱫᱤ ᱟᱯᱱᱟᱨ ᱟᱱᱟᱜ ᱟᱭᱰᱤ ᱵᱮᱣᱦᱟᱨ ᱵᱟᱝ ᱠᱟᱛᱮ ᱢᱤᱫᱴᱟᱝ ᱚᱯᱷᱤᱥᱤᱭᱟᱞ ᱟᱭᱰᱤ ᱵᱮᱣᱦᱟᱨᱼᱟ ᱮᱱᱠᱷᱟ ᱪᱮᱫ ᱡᱚᱛᱷᱟᱛ ᱢᱮᱱᱟᱜᱼᱟ ?
यह दसवीं बार है जब मैं आपके पास नीचे आ रहा हूँ। मेरे कमरे की चाबी फिर से काम नहीं कर रही है। क्या चल रहा है? (अतिथि)।	ᱱᱚᱶᱟ ᱫᱚ ᱑᱐ ᱫᱷᱟᱣ ᱤᱧ ᱟᱢ ᱴᱷᱮᱱᱤᱧ ᱦᱤᱡᱩᱜ ᱠᱟᱱᱟ ᱾ ᱤᱧᱟᱹᱜ ᱚᱲᱟᱜ ᱨᱮᱭᱟᱜ ᱠᱩᱞᱩᱯ ᱟᱨ ᱵᱟᱭ ᱠᱟᱹᱢᱤᱭᱮᱫᱟ ᱾ ᱪᱮᱫ ᱦᱩᱭᱩᱜ ᱠᱟᱱᱟ ᱾ (ᱯᱮᱲᱟ)
उन्होंने चार्लेरोई कंजर्वेटरी में फर्नांड क्विंटेट के साथ वायलिन और पियानो का प्रशिक्षण लिया।	ᱩᱱᱤ ᱫᱚ ᱥᱟᱨᱞᱮᱨᱳᱭ ᱠᱚᱱᱡᱟᱨᱵᱷᱮᱴᱚᱨᱤᱨᱮ ᱯᱷᱟᱨᱱᱟᱱᱰ ᱠᱩᱭᱱᱴᱮᱴ ᱥᱟᱞᱟᱜ ᱵᱮᱦᱟᱞᱟ ᱟᱨ ᱯᱤᱭᱟᱱᱳ ᱨᱮᱭᱟᱜ ᱛᱟᱹᱞᱤᱢᱮ ᱦᱟᱛᱟᱣᱟ ᱾
टीम ने इस सत्र में वाकई बहुत अच्छा खेला और सभी मैच जीते।	ᱴᱤᱢ ᱫᱚ ᱱᱚᱣᱟ ᱢᱚᱨᱥᱩᱢ ᱨᱮ ᱥᱟᱹᱨᱤᱜᱮ ᱟᱹᱰᱤ ᱱᱟᱯᱟᱭ ᱠᱚ ᱠᱷᱮᱞᱟᱠᱟᱫᱟ ᱟᱨ ᱡᱚᱛᱚ ᱢᱮᱪ ᱠᱚ ᱡᱤᱛᱟᱹᱣ ᱟᱠᱟᱱᱟ ᱾
तो आप तो काम करने के लिए क्यों नहीं आ रहे हैं?	ᱮᱱᱠᱷᱟᱱ ᱠᱟᱹᱢᱤ ᱪᱮᱫᱟᱜ ᱵᱟᱢ ᱦᱤᱡᱩᱜ ᱠᱟᱱᱟ ?
सर, आपने मुझसे कहा था कि आप 5 मिनट पहले स्थान पर पहुँचेंगे। आप कहाँ हैं?	ᱜᱚᱢᱠᱮ, ᱟᱢ ᱤᱧᱮᱢ ᱞᱟᱹᱭ ᱟᱠᱟᱫᱤᱧᱟ ᱡᱮ ᱟᱢ ᱫᱚ ᱕ ᱴᱤᱲᱤᱡ ᱞᱟᱦᱟ ᱴᱷᱟᱸᱣᱨᱮᱢ ᱥᱮᱴᱮᱨ ᱟᱠᱟᱱᱟ ᱾ ᱟᱢ ᱫᱚ ᱱᱤᱛᱚᱜ ᱚᱠᱟᱨᱮ ?
दूर दक्षिण है Nagaga गिर और उत्तर, मुसकोका और उससे परे प्राकृतिक खूबसूरती का घर है ।	ᱥᱟᱺᱜᱤᱱ ᱠᱚᱧᱮᱸ ᱯᱟᱦᱴᱟ ᱨᱮ ᱱᱤᱭᱟᱜᱽᱨᱟ ᱯᱷᱚᱞᱥ ᱢᱮᱱᱟᱜᱼᱟ ᱟᱨ ᱮᱛᱚᱢ ᱨᱮ ᱢᱩᱥᱠᱚᱠᱟ ᱟᱨ ᱚᱱᱟ ᱠᱷᱚᱱ ᱞᱟᱦᱟ ᱨᱮᱱᱟᱜ ᱵᱟᱝ ᱵᱮᱵᱷᱟᱨ ᱟᱠᱟᱱ ᱥᱚᱨᱮᱥ ᱥᱤᱨᱡᱚᱱᱤᱭᱟᱹ ᱟᱜ ᱚᱲᱟᱜ ᱢᱮᱱᱟᱜᱼᱟ᱾
मैं निश्चित रूप से ऐसी डरावनी जगह पर काम नहीं करना चाहता जहाँ कोई ड्रोन अपने लक्ष्य को पूरा करने से रोकने पर अपने ऑपरेटर को ही मार दे।	ᱤᱧ ᱫᱚ ᱱᱤᱦᱟᱹᱛ ᱜᱮ ᱢᱤᱫᱴᱟᱝ ᱵᱚᱛᱚᱨᱟᱱᱟᱜ ᱴᱷᱟᱶ ᱨᱮ ᱠᱟᱹᱢᱤᱭ ᱵᱟᱹᱧ ᱠᱷᱚᱡᱼᱟ ᱡᱟᱦᱟᱸᱨᱮ ᱫᱚ ᱢᱤᱫᱴᱟᱝ ᱰᱨᱳᱱ ᱩᱱᱤᱨᱮᱱ ᱚᱯᱟᱨᱮᱴᱚᱨᱼᱟᱜ ᱡᱚᱥ ᱚᱨᱡᱚᱱᱨᱮ ᱟᱴᱚᱠ ᱞᱟᱹᱜᱤᱫᱼᱮ ᱜᱷᱟᱹᱞᱮᱭᱟ ᱾
डीप वेब वेब का वह हिस्सा है जिस तक सर्च इंजन नहीं पहुंच पाते हैं।	ᱰᱤᱯ ᱳᱣᱮᱵ ᱫᱚ ᱦᱩᱭᱩᱜ ᱠᱟᱱᱟ ᱳᱣᱮᱵ ᱨᱮᱭᱟᱜ ᱚᱱᱟ ᱦᱤᱸᱥ ᱡᱟᱦᱟ ᱫᱚ ᱥᱟᱨᱪ ᱤᱧᱡᱤᱱ ᱦᱚᱛᱮᱛᱮ ᱵᱟᱝ ᱮᱠᱥᱮᱥᱚᱜᱼᱟ ᱾
यह एक बदमाश है.	ᱱᱤᱭᱟᱹ ᱫᱚ ᱯᱷᱮᱨᱟᱨᱤ ᱾
ब्लॉगिंग "अपने चारों ओर दुनिया भर के बारे में लोगों की दिलचस्पी बढ़ाने के लिए विद्यार्थियों की भी ज़रूरत है।	ᱵᱽᱞᱚᱜᱤᱸᱜᱽ ᱦᱚᱸ "ᱯᱟᱹᱴᱷᱩᱣᱟᱹ ᱠᱚ ᱟᱲᱮ ᱯᱟᱥᱮ ᱨᱮᱱᱟᱜ ᱫᱤᱥᱚᱢ ᱵᱟᱠᱷᱨᱟ ᱡᱟᱹᱥᱛᱤ ᱵᱟᱲᱟᱭ ᱞᱟᱹᱜᱤᱫ ᱛᱮ ᱠᱚ ᱵᱚᱲᱦᱮᱜ ᱠᱟᱱᱟ᱾" ᱫᱚᱨᱥᱚᱠ ᱠᱚ ᱨᱟᱹᱥᱠᱟᱹᱜ ᱥᱟᱞᱟᱜ ᱡᱚᱢ ᱚᱪᱚ ᱞᱟᱠᱛᱤᱭᱟᱱ ᱯᱟᱹᱴᱷᱩᱣᱟᱹ ᱟᱨ ᱢᱚᱱᱮ ᱞᱟᱜᱟᱣ ᱞᱟᱹᱜᱤᱫ ᱛᱮ ᱤᱸᱥᱯᱟᱭᱨᱮᱰ ᱮᱫ ᱠᱚᱣᱟᱭ (ᱴᱚᱴᱚ, ᱒᱐᱐᱔)
ईरान में इंटरनेट सेंसरिता के कारण, ईरानी सरकार और इस्लामी रिलियन गार्डों ने हमेशा ईरानी लोगों का विरोध किया है जैसे फेसबुक, ट्विटर, इत्यादि.	ᱤᱨᱟᱱᱨᱮ ᱤᱱᱴᱟᱨᱱᱮᱴ ᱨᱩᱠᱷᱭᱟᱹᱭ ᱠᱷᱟᱹᱛᱤᱨ ᱥᱟᱱᱟᱢ ᱚᱠᱛᱮ ᱤᱨᱟᱱᱤ ᱥᱚᱨᱠᱟᱨ ᱟᱨ ᱤᱥᱞᱟᱢ ᱫᱷᱚᱨᱚᱢᱤᱭᱟᱹ ᱞᱟᱹᱲᱦᱟᱹᱭ ᱯᱷᱟᱹᱫᱵᱟᱹᱦᱤᱱᱤ ᱫᱚ ᱞᱮᱛᱟᱲᱜᱤ ᱯᱷᱮᱥᱵᱩᱠ, ᱴᱩᱭᱴᱟᱨ ᱮᱢᱟᱱᱛᱮᱭᱟᱜ ᱞᱮᱠᱟ ᱧᱩᱛᱩᱢᱟᱱ ᱥᱟᱶᱛᱟ ᱛᱟᱞᱟᱛᱮ ᱤᱨᱟᱱᱤᱠᱩᱣᱟᱜ ᱥᱮᱞᱮᱫᱚᱜ ᱨᱮᱭᱟᱜᱠᱩ ᱵᱤᱨᱩᱫ ᱤᱫᱤᱭᱟᱠᱟᱫᱟ ᱾
उल्लेखनीय अरबी, सीरियाई, पुर्तगाली, डच, यहूदी, और मध्य पूर्वी प्रभाव इस क्षेत्र के कंचनी में मौजूद हैं।	ᱱᱚᱶᱟ ᱴᱚᱴᱷᱟ ᱨᱮᱭᱟᱜ ᱡᱚᱢᱟᱜ ᱥᱚᱨᱮᱥᱟᱱᱟᱜ ᱟᱨᱚᱵ, ᱥᱤᱨᱤᱭᱟ, ᱯᱩᱨᱛᱩᱜᱤᱡ, ᱳᱞᱚᱱᱫᱟᱡ, ᱤᱦᱩᱫᱤ ᱟᱨ ᱢᱚᱫᱽᱫᱷᱭᱚ ᱯᱨᱟᱪᱪᱚ ᱨᱮᱭᱟᱜ ᱮᱥᱮᱨ ᱢᱮᱱᱟᱜᱼᱟ ᱾
और उसका चरित्र, टोन्कार नाशेत, उसके पिता का नाम रखा गया है।	ᱟᱨ ᱩᱱᱤᱭᱟᱜ ᱪᱩᱨᱤᱛ, ᱯᱩᱥᱠᱚᱨ ᱱᱟᱛᱷ ᱯᱚᱱᱰᱤᱛ, ᱟᱡ ᱵᱟᱵᱟ ᱟᱜ ᱧᱩᱛᱩᱢᱛᱮ ᱪᱷᱟᱹᱴᱤᱭᱟᱹᱨ ᱟᱠᱟᱱᱟ ᱾
क्यों मैं एक सप्ताह में एक छुट्टी होगा?	ᱤᱧᱟᱹᱜ ᱪᱮᱫᱟᱜ ᱦᱟᱯᱛᱟ ᱨᱮᱭᱟᱜ ᱢᱤᱫᱴᱟᱜ ᱫᱤᱱ ᱪᱷᱩᱴᱤ ᱦᱩᱭᱩᱜᱼᱟ ᱾
डीफ़्रेग्मेंटेशन: डीफ़्रेग्मेंटेशन एक ऐसी प्रक्रिया है जो डिजिटल फ़ाइलों के साथ होती है।	ᱰᱤᱯᱷᱨᱮᱜᱢᱮᱱᱴᱮᱥᱚᱱ ᱰᱤᱯᱷᱨᱮᱜᱢᱮᱱᱴᱮᱥᱚᱱ  ᱫᱚ ᱱᱚᱝᱠᱟᱱ ᱢᱤᱫᱴᱟᱝ ᱦᱚᱨᱟ ᱠᱟᱱᱟ ᱡᱟᱦᱟ ᱫᱚ ᱰᱤᱡᱤᱴᱟᱞ ᱯᱷᱟᱭᱤᱞ ᱠᱚ ᱥᱟᱣ ᱦᱩᱭᱩᱜᱼᱟ ᱾
ᱥᱟᱹᱜᱩᱱ ᱥᱮᱛᱟᱜ	सुप्रभात
अरे सुधा, तुमने नए बाल कटवाए हैं! मैं तो तुम्हें पहचान ही नहीं पाया!	ᱦᱮᱭ ᱥᱩᱫᱷᱟ, ᱟᱢ ᱫᱚ ᱱᱟᱣᱟᱜᱮ ᱩᱯᱮᱢ ᱜᱮᱫ ᱟᱠᱟᱱᱟ ! ᱟᱢ ᱵᱟᱹᱧ ᱪᱤᱱᱦᱟᱹᱯ ᱫᱟᱲᱮᱭᱟᱠᱟᱫ ᱢᱮᱭᱟ !
बानवे	ᱱᱟᱭ ᱜᱮᱞ ᱵᱟᱨ
डिस्कॉर्ड सर्वर का आकार सिर्फ एक व्यक्ति से लेकर सैकड़ों हजारों तक हो सकता है।	ᱰᱤᱥᱠᱚᱨᱰ ᱥᱟᱨᱵᱷᱟᱨ ᱨᱮᱭᱟᱜ ᱜᱚᱲᱦᱚᱱ ᱫᱚ ᱮᱠᱷᱮᱱ ᱢᱤᱫᱦᱚᱲ ᱦᱚᱲᱴᱷᱮᱱ ᱠᱷᱚᱱ ᱠᱚᱭᱮᱠ ᱥᱟᱥᱟᱭ ᱦᱟᱹᱵᱤᱡ ᱦᱩᱭ ᱫᱟᱲᱮᱭᱟᱜᱼᱟ ᱾
इस बारे में जाँच करते वक्‍त, उसे दूसरों के नाम बताने के लिए मजबूर करने की कोशिश की गयी ।	ᱛᱚᱞᱟᱥ ᱚᱠᱛᱮᱨᱮ, ᱮᱴᱟᱜ ᱠᱚᱱᱥᱯᱤᱨᱮᱴᱚᱨ ᱠᱩᱣᱟᱜ ᱧᱩᱴᱩᱢ ᱞᱟᱹᱭᱚᱰᱚᱜ ᱨᱮ ᱵᱟᱫᱫᱷᱚᱭᱤ ᱨᱮᱭᱟᱜ ᱠᱩ ᱠᱩᱨᱩᱢᱩᱴᱩ ᱞᱮᱫᱟ ᱾
मुझे गीत सुनने और कि गायन मेरे शौक बन गया कैसे प्यार करता है.	ᱤᱧᱫᱚ ᱥᱮᱨᱮᱧ ᱟᱸᱡᱚᱢᱤᱧ ᱠᱩᱥᱤᱭᱟᱜᱼᱟ ᱟᱨ ᱱᱚᱝᱠᱟ ᱛᱮᱜᱮ ᱥᱮᱨᱮᱧ ᱫᱚ ᱤᱧᱟᱹᱜ ᱥᱚᱠ ᱦᱩᱭᱟᱠᱟᱱᱟ ᱾
A96 सड़क: A96 स्कॉटलैंड में इनवर्नेस से एबरडीन तक एक लंबी सड़क है।	ᱮ᱙᱖ ᱰᱟᱦᱟᱨ ᱫᱚ ᱮ᱙᱖ ᱥᱠᱚᱴᱞᱮᱹᱱᱰ ᱨᱮᱭᱟᱜ ᱤᱱᱵᱷᱟᱨᱱᱮᱥ ᱠᱷᱚᱱ ᱮᱹᱵᱟᱨᱰᱤᱱ ᱦᱟᱹᱵᱤ ᱢᱤᱫᱴᱟᱝ ᱡᱮᱸᱞᱮᱧ ᱰᱟᱦᱟᱨ ᱾
आप मनोरंजन क्षेत्र में कदम करना चाहते हैं, कोरियाई मदद करने वाला है.	ᱟᱢ ᱡᱚᱫᱤ ᱨᱟᱹᱥᱠᱟᱹᱣᱟᱱ ᱴᱷᱟᱶ ᱨᱮ ᱡᱟᱸᱜᱟ ᱫᱚᱦᱚ ᱥᱟᱱᱟ ᱢᱮᱭᱟ, ᱠᱳᱨᱤᱭᱟᱱ ᱮ ᱜᱚᱲᱚ ᱟᱢᱟ ᱾
यह कल marcutirocut है!	ᱜᱟᱯᱟ ᱫᱚ ᱟᱢᱵᱮᱫᱠᱟᱨ ᱡᱚᱭᱚᱱᱛᱤ ᱠᱟᱱᱟ !
यह एक अच्छा अवसर प्रस्तुत करता है जब आसमान घड़ी के चारों ओर अँधेरे या उससे कम होगा ।	ᱟᱣᱨᱩᱨᱟ ᱵᱳᱨᱤᱭᱟᱞᱤᱥ ᱧᱮᱞ ᱞᱟᱹᱜᱤᱫ ᱱᱚᱶᱟ ᱜᱮ ᱱᱟᱯᱟᱭ ᱚᱯᱚᱨᱪᱩᱱᱤᱴᱤ, ᱪᱮᱫᱟᱜ ᱥᱮ ᱥᱮᱨᱢᱟ ᱴᱟᱲᱟᱝ ᱴᱟᱲᱟᱝ ᱦᱟᱹᱵᱤᱡ ᱧᱩᱛ ᱜᱮ ᱛᱟᱦᱮᱱᱟ᱾
मेरा नाम Addav है.	ᱤᱧᱟᱹᱜ ᱧᱩᱛᱩᱢ ᱫᱚ ᱟᱱᱚᱱᱫ ᱡᱟᱫᱚᱵ
हम धीरज धरने और एक दूसरे की मदद करने के अलावा, बहुत कुछ कर सकते हैं ।	ᱥᱟᱦᱟᱣ ᱫᱟᱲᱮ ᱛᱟᱦᱮᱸᱱ ᱟᱨ ᱢᱤᱫ ᱟᱨᱢᱤᱫᱦᱚᱲ ᱜᱚᱲᱚ ᱪᱷᱟᱰᱟ ᱟᱞᱮ ᱪᱮᱫᱦᱚᱸ ᱵᱟᱞᱮ ᱠᱚᱨᱟᱣ ᱫᱟᱲᱮᱭᱟᱜᱼᱟ ᱾
इन आइकनों पर क्लिक करने से कोई फ़ोल्डर या प्रोग्राम खुल जाएगा या शुरू हो जाएगा।	ᱱᱚᱣᱟ ᱤᱭᱠᱚᱱ ᱠᱚ ᱠᱞᱤᱠ ᱞᱮᱠᱷᱟᱱ ᱜᱮ ᱢᱤᱫᱴᱟᱝ ᱯᱷᱳᱞᱰᱟᱨ ᱥᱮ ᱯᱨᱳᱜᱨᱟᱢ ᱡᱷᱤᱡᱩᱜᱼᱟ ᱥᱮ ᱮᱛᱚᱦᱚᱯ ᱚᱜᱼᱟ ᱾
तुर्की का तीसरा सबसे बड़ा शहर है, जिसकी आबादी 3.7 लाख है ।	ᱤᱡᱽᱢᱤᱨ ᱫᱚ ᱛᱩᱨᱠᱤ ᱨᱮᱱᱟᱜ ᱛᱮᱥᱟᱨ ᱡᱚᱛᱚ ᱠᱷᱚᱱ ᱢᱟᱨᱟᱝ ᱱᱟᱜᱟᱨ ᱠᱟᱱᱟ ᱡᱟᱦᱟᱸ ᱫᱚ ᱟᱥᱚᱠᱟᱭᱛᱮ ᱓.᱗ ᱢᱤᱞᱤᱭᱚᱱ ᱦᱚᱲ ᱛᱮ ᱛᱮᱭᱟᱨ ᱟᱠᱟᱱᱟ, ᱡᱟᱦᱟᱸ ᱫᱚ ᱤᱥᱛᱟᱱᱵᱩᱞ ᱛᱟᱭᱚᱢ ᱫᱚᱥᱟᱨ ᱢᱟᱨᱟᱝ ᱵᱚᱱᱫᱚᱨ ᱠᱟᱱᱟ, ᱟᱨ ᱢᱤᱫ ᱟᱹᱰᱤ ᱵᱷᱟᱹᱜᱤ ᱯᱚᱨᱤᱵᱚᱦᱚᱱ ᱛᱟᱞᱢᱟ ᱠᱟᱱᱟ᱾
64.6.6 के व्याख्या पर, सीखा कि कहा गया कथन एक भारी दण्ड लाता है; कि कहा गया खंड में परिवर्तन या गलत कॉल करने के मामलों में आकर्षित किया गया है ऑपरेटर के पक्ष में या अन्यथा नहीं; और चूँकि वर्तमान मामले में शिकायत की जा रही है एक बेईमान और न ही निष्क्रियता है, 64.	ᱜᱟᱱᱟᱝ ᱖ᱹ᱔ᱹ᱖ ᱨᱮᱭᱟᱜ ᱯᱷᱤᱫᱞᱤᱨᱮ, ᱜᱟᱹᱠᱷᱩᱲᱟᱱ ᱟᱹᱱᱡᱤᱵᱤᱠᱟᱹᱨᱤᱭᱟᱹ ᱫᱟᱹᱠᱷᱤᱞ ᱟᱠᱫᱟᱭ ᱡᱮ ᱚᱞ ᱟᱠᱟᱱ ᱜᱟᱱᱟᱝ ᱫᱚ ᱢᱤᱫ ᱦᱟᱢᱟᱞ ᱥᱟᱹᱡᱟᱹᱭᱮ ᱞᱟᱫᱮᱭᱟ ; ᱚᱞᱟᱠᱟᱱ ᱜᱟᱱᱟᱝ ᱫᱚ ᱚᱯᱟᱨᱮᱴᱚᱨ ᱟᱜ ᱠᱤᱪᱷᱤ ᱦᱤᱲᱤᱡ ᱠᱷᱟᱹᱛᱤᱨᱛᱮ ᱠᱚᱞ ᱨᱮᱭᱟᱜ ᱴᱮᱢᱯᱟᱨᱤᱝ ᱥᱮ ᱦᱤᱲᱤᱡ ᱨᱟᱣᱩᱴᱤᱝ ᱨᱮᱭ ᱨᱤᱡᱷᱟᱹᱣ ᱞᱮᱱᱟ ᱟᱨ ᱟᱨ ᱵᱟᱝᱠᱷᱟᱱ ᱵᱟᱝ ᱺ ᱟᱨ ᱪᱮᱫᱟᱜ ᱡᱮ ᱱᱟᱦᱟᱜᱽᱨᱮ ᱞᱟᱹᱞᱤᱥ ᱟᱠᱟᱱ ᱯᱟᱹᱣᱲᱤᱠᱚ ᱢᱤᱫ ᱵᱟᱭᱢᱟᱱ ᱠᱤᱨᱤᱧᱤᱭᱟᱹ ᱠᱷᱟᱹᱛᱤᱨᱛᱮ ᱫᱟᱹᱭᱤ ᱞᱮᱱᱟᱭ ᱟᱨ ᱨᱤᱞᱟᱭᱮᱱᱥ ᱞᱟᱹᱜᱤᱫ ᱫᱚ ᱵᱟᱝ, ᱜᱟᱱᱟᱝ ᱖ᱹ᱔ᱹ᱖ᱹ ᱫᱚ ᱞᱟᱹᱭ ᱵᱟᱝ ᱜᱟᱱᱚᱜᱼᱟ ᱾
हवा और बर्फ के मार्ग पर, संघर्ष कम होता है और आप ऐसे गाड़ी नहीं चला सकते मानो आप सरपट चल रहे हों ।	ᱵᱚᱨᱚᱯᱷ ᱟᱨ ᱵᱚᱨᱯᱷᱤᱞᱟᱹ ᱨᱟᱥᱛᱟ ᱪᱮᱛᱟᱱ ᱨᱮ, ᱜᱷᱚᱨᱥᱚᱬ ᱠᱟᱢ ᱢᱮᱱᱟᱜᱼᱟ ᱟᱨ ᱵᱟᱝ ᱪᱟᱹᱞᱩ ᱫᱟᱲᱮᱭᱟᱜᱼᱟᱢ ᱡᱮᱞᱠᱟ ᱟᱢ ᱱᱚᱝᱜᱟ ᱰᱟᱢᱚᱨ ᱨᱮ ᱛᱟᱦᱮᱸ ᱠᱟᱱᱟᱢ᱾
यह समझदारी से लगता है, क्योंकि पृथ्वी यह बढ़ रहा है के रूप में महसूस नहीं करता है, है न?	ᱱᱚᱶᱟ ᱫᱚ ᱥᱮᱱᱥᱤᱵᱩᱞ ᱢᱚᱱᱮᱜ ᱠᱟᱱᱟ, ᱪᱮᱫᱟᱜ ᱥᱮ ᱢᱤᱨᱛᱷᱤᱠᱟ ᱫᱚ ᱟᱹᱪᱩᱨᱚᱜ ᱠᱟᱱᱟᱭ ᱢᱮᱱᱛᱮ ᱵᱟᱭ ᱴᱷᱤᱠᱟᱹᱜ ᱠᱟᱱᱟ, ᱦᱮᱸ ᱥᱮ?
मुझे डर है कि अगर मैं अपने माता-पिता को सच बता दूँगा कि क्या हो रहा है, तो वे इसे संभाल नहीं पाएंगे।	ᱤᱧ ᱵᱚᱛᱚᱨᱚᱜ ᱠᱟᱱᱟ ᱡᱮ ᱤᱧ ᱡᱩᱫᱤ ᱤᱧᱨᱮᱱ ᱜᱚᱼᱵᱟᱵᱟ ᱪᱮᱫ ᱦᱩᱭᱩᱜ ᱠᱟᱱᱟ ᱚᱱᱟ ᱵᱟᱵᱚᱫᱛᱮ ᱥᱟᱹᱨᱤᱭᱟᱜᱤᱧ ᱞᱟᱹᱭᱟᱠᱤᱱᱟ, ᱩᱝᱠᱤᱱ ᱫᱚ ᱚᱱᱟ ᱪᱟᱪᱟᱞᱟᱣ ᱵᱟᱝᱠᱤᱱ ᱫᱟᱲᱮᱭᱟᱜᱼᱟ ᱾
गुरू बंदरगाह में केला पोर्ट, एमलाव्व पोर्ट, डेवी पोर्ट, Highviz पोर्ट, Higivo पोर्ट, Hivivo पोर्ट (दवावा), मोर्ख पोर्ट (एक), न्यू हैल पोर्ट पोर्ट (Gugogigigo), भारत में पोर्ट, पोर्ट पोर्टाका, पोर्ट पोर्ट, पोर्टरहहहहहह, पोर्ट और पाकिस्तान में पोर्टा में पोर्टरल में है; पोर्टरल के पोर्टरल पोर्टरल पोर्टरल और पोर्टरल, पोर्टरल में ओगोल पोर्टरल पोर्टरल, पोर्टरल पोर्टरल, पोर्टरल, पोर्टरल पोर्टरल पोर्टरल, पोर्टरल, पोर्टरल पोर्टरल, पोर्टरल, पोर्टरल पोर्टरल पोर्टरल, ओन,	ᱵᱷᱟᱨᱚᱛ ᱨᱮᱭᱟᱜ ᱠᱟᱱᱰᱟᱞᱟ ᱟᱰᱟ, ᱢᱩᱱᱫᱨᱟ ᱟᱰᱟ, ᱯᱤᱯᱟᱵᱷᱟᱵ ᱟᱰᱟ, ᱫᱟᱦᱮᱡ ᱟᱰᱟ, ᱦᱟᱡᱤᱨᱟ ᱟᱰᱟ, ᱢᱩᱢᱵᱟᱭ ᱟᱰᱟ, ᱱᱚᱵᱚᱥᱮᱵᱟ ᱟᱰᱟ (ᱱᱚᱵᱤ ᱢᱩᱢᱵᱟᱭ), ᱢᱟᱨᱢᱟᱜᱟᱸᱳ ᱟᱰᱟ (ᱜᱳᱣᱟ), ᱱᱤᱣ ᱢᱮᱝᱜᱟᱞᱳᱨ ᱟᱰᱟ, ᱠᱳᱪᱤ ᱟᱰᱟ; ᱯᱟᱠᱤᱥᱛᱟᱱ ᱨᱮᱭᱟᱜ ᱠᱚᱨᱟᱪᱤ ᱟᱰᱟ, ᱠᱟᱥᱤᱢ ᱟᱰᱟ, ᱟᱨ ᱜᱚᱫᱚᱨ ᱟᱰᱟ; ᱤᱨᱟᱱ ᱨᱮᱭᱟᱜ ᱪᱟᱵᱟᱦᱟᱨ ᱟᱰᱟ; ᱟᱨ ᱳᱢᱟᱱ ᱨᱮᱭᱟᱜ ᱥᱟᱞᱟᱦᱽᱼᱨᱮ ᱥᱟᱞᱟᱞᱟᱦᱽ ᱟᱰᱟ ᱢᱩᱲᱩᱫ ᱥᱟᱹᱢᱩᱫᱟᱰᱟᱠᱩ ᱢᱩᱫᱨᱮ ᱢᱮᱱᱟᱜᱼᱟ ᱾
तीन दिन वापस?	ᱯᱮ ᱫᱤᱱ ᱞᱟᱦᱟᱨᱮ ?
फिल्म देखने के बाद रात में सोते समय मुझे डर और घबराहट महसूस हो रही है।	ᱪᱚᱞᱚᱛ ᱪᱤᱛᱟᱹᱨ ᱧᱮᱞ ᱛᱟᱭᱚᱢ ᱧᱤᱫᱟᱹ ᱜᱤᱛᱤᱡ ᱚᱠᱛᱚ ᱤᱧ ᱫᱚ ᱵᱚᱛᱚᱨ ᱟᱨ ᱱᱟᱨᱵᱷᱟᱥᱤᱧ ᱟᱹᱭᱠᱟᱹᱣ ᱮᱫᱟ ᱾
हाँ, सर, यह बहुत गंभीर है.	ᱦᱮᱸ, ᱥᱮᱨ, ᱱᱤᱭᱟᱹᱫᱚ ᱟᱹᱰᱤ ᱵᱚᱛᱚᱨᱟᱱ ᱾
ᱫᱟᱭᱟ ᱠᱟᱛᱮ ᱚᱱᱟ ᱫᱚᱦᱲᱟᱭ ᱢᱮ	कृपया उसे दोहराएँ
वह न्यूयॉर्क विश्वविद्यालय के संस्थापकों में से भी एक थे।	ᱩᱱᱤ ᱫᱚ ᱱᱤᱭᱩ ᱤᱭᱚᱨᱠ ᱡᱮᱜᱮᱫ ᱵᱤᱨᱫᱟᱹᱜᱟᱲ ᱨᱮᱱ ᱛᱷᱟᱯᱚᱱᱤᱡ ᱮ ᱛᱟᱦᱮᱸ ᱠᱟᱱᱟ ᱾
जब काम के दिन मेरी कोई व्यावसायिक कॉल नहीं होती तो मैं सुकून महसूस करता हूँ।	ᱠᱟᱹᱢᱤ ᱫᱤᱱ ᱨᱮ ᱡᱚᱠᱷᱚᱱ ᱤᱧᱟᱹᱜ ᱡᱟᱦᱟᱱ ᱡᱤᱵᱠᱟᱹᱣᱟᱱ ᱠᱚᱞ ᱵᱟᱝ  ᱛᱟᱦᱮᱸ ᱞᱮᱱᱠᱷᱟᱱ ᱤᱧ ᱱᱤᱥᱛᱟᱹᱨᱤᱧ ᱟᱹᱭᱠᱟᱹᱣᱟ ᱾
मैडम, आप मुझे इस तरह क्यों घूर रही हैं?	ᱢᱮᱰᱟᱢ, ᱥᱮᱪᱟᱜ ᱤᱧ ᱥᱮᱡ ᱱᱚᱝᱠᱟ ᱫᱚᱢ ᱠᱚᱭᱚᱜ ᱟᱠᱟᱫᱟ ?
यहाँ तक कि नए कौशल Aajaqaqul और Daren कुमार की तरह भी इतने आशा कर रहे हैं.	ᱱᱚᱝᱠᱟ ᱪᱮᱫ ᱟᱢᱟᱱ ᱤᱠᱵᱟᱞ ᱟᱨ ᱫᱚᱨᱥᱚᱱ ᱠᱩᱢᱟᱨ ᱞᱮᱠᱟᱱ ᱞᱟᱥᱮᱨ ᱦᱟᱛᱟᱝ ᱠᱚ ᱦᱚᱸ ᱠᱤᱨᱭᱟᱹ ᱠᱚ ᱦᱟᱛᱟᱣ ᱮᱫᱟ ᱾
इस देश का दक्षिण - पश्‍चिम में एक इलाका है ।	ᱮᱞᱥᱣᱟᱨᱛᱷ ᱞᱮᱸᱰ ᱯᱨᱟᱭᱫᱤᱯ ᱨᱮᱭᱟᱜ ᱫᱟᱠᱷᱤᱱ ᱨᱮ ᱢᱮᱱᱟᱜ ᱴᱚᱴᱷᱟ ᱠᱟᱱᱟ, ᱡᱟᱦᱟᱸ ᱫᱚ ᱵᱮᱞᱤᱝᱥᱦᱚᱥᱮᱱ ᱫᱚᱨᱭᱟ ᱛᱮ ᱜᱷᱮᱨᱟᱣ ᱟᱠᱟᱱᱟ᱾
खचाखच भरी नौका के डूबने से बचे लोग अपने कई रिश्तेदारों को खोने के बाद तट पर स्तब्ध होकर मौन बैठे रहे।	ᱦᱚᱲ ᱵᱷᱤᱲ ᱞᱟᱹᱣᱠᱟᱹ ᱰᱩᱵᱩᱡᱚᱜ ᱠᱷᱚᱱ ᱵᱟᱧᱪᱟᱣ ᱟᱠᱟᱱ ᱦᱚᱲ ᱠᱚᱫᱚ ᱟᱠᱚᱨᱮᱱ ᱟᱯᱚᱱ ᱦᱚᱲ ᱟᱫ ᱛᱟᱭᱚᱢ ᱟᱲᱮᱨᱮ ᱦᱟᱦᱟᱲᱟᱜ ᱠᱟᱛᱮ ᱛᱷᱤᱨ ᱠᱟᱛᱮ ᱠᱚ ᱫᱩᱲᱩᱵ ᱞᱮᱱᱟ ᱾
चेम्बर ने "पूरी दुनिया में फैल गई मौत, विनाश और पृथ्वी के लाखों लोगों पर आतंकितीकरण के लिए भगवान पर हमला किया था.	ᱪᱮᱭᱢᱵᱚᱨᱥ ᱫᱚ "ᱚᱛ ᱨᱮᱱᱟᱜ ᱞᱟᱠᱷ ᱛᱟᱦᱮᱱᱟᱱ ᱨᱮ ᱞᱟᱠᱷ ᱦᱚᱲ ᱠᱚ ᱣᱭᱟᱯᱚᱠ ᱜᱩᱨ, ᱵᱤᱱᱟᱥ ᱟᱨ ᱟᱛᱟᱸᱠ" ᱞᱟᱹᱜᱤᱫ ᱫᱷᱚᱨᱢᱚ ᱨᱮ ᱢᱩᱠᱟᱫᱽᱢᱟ ᱮᱢ ᱞᱮᱫ ᱛᱟᱦᱮᱱᱟᱭ᱾"
इस तरह के फलों की पैदावार रंग - रूप से बढ़ रही है, जैसे कि आम तौर पर किसान पेड़ - पौधों से होते हैं ।	ᱟᱭᱢᱟ ᱞᱮᱠᱟᱱ ᱡᱚ ᱡᱮᱞᱮᱠᱟ ᱩᱞ, ᱥᱚᱵᱮᱫᱟ, ᱠᱚᱢᱞᱟ, ᱠᱟᱭᱨᱟ, ᱯᱤᱯᱟᱹ, ᱟᱱᱟᱱᱨᱚ ᱟᱨ ᱨᱮᱦᱮᱫᱽ ᱡᱚ ᱠᱚ ᱪᱟᱹᱥᱤ ᱠᱚᱣᱟᱜ ᱢᱟᱹᱞᱤᱠ ᱟᱶᱛᱟᱨᱮᱱᱟᱜ ᱵᱩᱨᱩ ᱠᱚᱨᱮ ᱦᱩᱭᱩᱜᱼᱟ ᱾
जबकि अलग - अलग देशों में अलग - अलग किस्म के गुण अलग - अलग होते हैं, लगभग सभी में, मानव संसाधनों की मौजूदगी, दवाओं की सप्लाई, और रिकॉर्डों को हानि पहुँचानेवाली बात पायी जाती थी ।	ᱛᱤᱱᱨᱮ ᱜᱚᱴᱟ ᱨᱟᱡ ᱵᱮᱲᱦᱟᱭ ᱛᱮ ᱢᱟᱹᱱ ᱫᱚ ᱡᱩᱫᱟᱹ ᱡᱩᱫᱟᱹᱜ ᱠᱟᱱᱟ, ᱡᱚᱛᱚ ᱨᱟᱡ ᱨᱮᱞᱮᱠᱟᱜᱤ, ᱵᱮᱱᱟᱣᱠᱟᱹᱨᱤ ᱨᱮᱭᱟᱜ ᱢᱟᱹᱱ, ᱦᱚᱲᱼᱢᱟᱹᱱᱢᱤ ᱠᱩᱣᱟᱜ ᱦᱟᱹᱡᱤᱨᱛᱮᱫ, ᱨᱟᱱ ᱠᱩ ᱨᱮᱭᱟᱜ ᱥᱟᱨᱵᱷᱟᱨ ᱟᱨ ᱨᱮᱠᱚᱨᱰ ᱫᱚ ᱵᱟᱝ ᱠᱩᱥᱤᱜ ᱞᱮᱠᱟ ᱧᱟᱢᱟᱠᱟᱱᱟ ᱾
Merris हमारे व्यापार है, लेकिन हर यात्रा एक यात्री की स्मृति है.	ᱥᱟᱸᱜᱷᱟᱨ ᱫᱚ ᱟᱞᱮᱭᱟᱜ ᱵᱮᱯᱟᱨ ᱠᱟᱱᱟ, ᱢᱮᱱᱠᱷᱟᱱ ᱢᱤᱢᱤᱫᱴᱟᱝ ᱥᱟᱸᱜᱷᱟᱨ ᱫᱚ ᱥᱟᱸᱜᱷᱟᱨᱛᱮᱱ ᱠᱚᱣᱟᱜ ᱩᱭᱦᱟᱹᱨᱟᱱᱟᱜ ᱠᱟᱱᱟ ᱾
मेरे पास दस सब्ज़ी हैं।	ᱤᱧ ᱴᱷᱮᱱ ᱜᱮᱞ ᱜᱚᱴᱟᱝ ᱥᱚᱵᱽᱡᱤ ᱢᱮᱱᱟᱜᱼᱟ ᱠᱚᱣᱟ।
या तो प्राकृतिक या समृद्ध रूप में, आम तौर पर परमाणु ऊर्जा के पौधों में ईंधन के रूप में प्रयोग किया जाता है ।	ᱤᱭᱩᱨᱮᱱᱤᱭᱟᱢ, ᱦᱩᱭ ᱫᱟᱲᱮᱭᱟᱜᱼᱟ ᱥᱟᱪᱟᱨᱤᱭᱟᱹ ᱥᱮ ᱩᱛᱷᱱᱟᱹᱣ ᱞᱮᱠᱟᱛᱮ, ᱥᱟᱫᱷᱟᱨᱚᱱᱚᱛᱚ ᱯᱟᱨᱚᱢᱟᱱᱚᱵᱤᱠ ᱦᱟᱹᱴᱤᱧ ᱞᱟᱹᱜᱤᱫ ᱯᱟᱨᱚᱢᱟᱱᱚᱵᱤᱠ ᱵᱤᱡᱽᱞᱤ ᱛᱟᱞᱢᱟ ᱠᱚᱨᱮ ᱡᱩᱯᱼᱟᱜ ᱞᱮᱠᱟᱛᱮ ᱵᱮᱣᱦᱟᱨᱚᱜᱼᱟ ᱾
अभी पचहत्तर दिन बचे हैं।	ᱱᱤᱛᱚᱜ ᱮᱭᱟᱭ ᱜᱮᱞ ᱢᱚᱬᱮ ᱫᱤᱱ ᱛᱟᱭᱚᱢ ᱢᱮᱱᱟᱜᱼᱟ ᱠᱚᱣᱟ।
उन्होंने 1928 में बैचलर ऑफ आर्ट्स की डिग्री के साथ स्नातक किया।	ᱩᱱᱤ ᱫᱚ ᱑᱙᱒᱘ ᱥᱟᱞ ᱨᱮ ᱵᱮᱹᱪᱟᱞᱚᱨ ᱚᱯᱷ ᱟᱨᱴᱥ ᱰᱤᱜᱨᱤ ᱟᱛᱮ ᱵᱤ ᱮ ᱯᱟᱥ ᱟᱠᱟᱫᱟᱭ ᱾
कई रोमन राज्यों ने अब छोटे हो चुके साम्राज्य के टुकड़े ले लिए।	ᱵᱮᱥ ᱠᱤᱪᱷᱩ ᱨᱳᱢᱟᱱ ᱯᱚᱱᱚᱛ ᱱᱤᱛ ᱦᱩᱰᱤᱧ ᱨᱟᱡᱽᱯᱚᱱᱚᱛ ᱨᱮᱭᱟᱜ ᱜᱟᱹᱰᱤᱪ ᱮ ᱦᱟᱛᱟᱣ ᱞᱮᱫᱟ ᱾
मुझे पता नहीं, मैडम.	ᱤᱧ ᱫᱚ ᱵᱟᱹᱧ ᱵᱟᱰᱟᱭ, ᱢᱟᱪᱮᱛᱟᱱᱤ ᱾
मुझे लगता है कि इस साल मैं विदेशी प्रेषण (foreign remittances) पर केवल 5% कर चुकाऊँगा।	ᱤᱧᱟᱹᱜ ᱚᱱᱢᱟᱱ, ᱤᱧ ᱱᱚᱣᱟ ᱥᱮᱨᱢᱟ ᱵᱤᱞᱟᱹᱛ ᱨᱮᱭᱟᱜ ᱦᱟᱛᱟᱣ ᱟᱠᱟᱫ ᱠᱟᱹᱣᱰᱤ ᱪᱮᱛᱟᱱ ᱨᱮ 5% ᱥᱩᱢᱩᱝ ᱠᱷᱟᱡᱽᱱᱟᱧ ᱮᱢᱚᱜᱼᱟ ᱾
स्वतंत्रता की घोषणा के पीछे पर लिखा गया शब्द था "धर्म - सुधार की मूल घोषणा 4 जुलाई 176. यह पाठ दस्तावेज़ के निचले हिस्से पर प्रकट होता है.	ᱯᱷᱩᱱᱩᱨᱜᱟᱹᱞ ᱨᱮᱭᱟᱜ ᱩᱱᱩᱪᱷᱟᱹᱱ ᱛᱟᱭᱚᱢ ᱨᱮ "ᱯᱷᱩᱱᱩᱨᱜᱟᱹᱞ ᱨᱮᱭᱟᱜ ᱢᱩᱬ ᱩᱱᱩᱪᱷᱟᱹᱱ ᱢᱟᱦᱟᱸ ᱔ᱟᱜ ᱥᱟᱱ ᱑᱗᱗᱖" ᱚᱞ ᱛᱟᱦᱮᱸ ᱠᱟᱱᱟ᱾ ᱚᱞ ᱫᱚ ᱰᱚᱠᱩᱢᱮᱱᱴ ᱨᱮᱭᱟᱜ ᱞᱟᱛᱟᱨ ᱥᱮᱫ, ᱩᱞᱴᱟᱹ ᱜᱮ ᱧᱮᱞᱚᱜᱼᱟ᱾
उन्होंने इसे फ्रेंच में लिखा क्योंकि वह लैटिन नहीं बोलते थे।	ᱩᱱᱤ ᱫᱚ ᱱᱚᱶᱟ ᱯᱷᱚᱨᱟᱥᱤ ᱯᱟᱹᱨᱥᱤᱛᱮᱭ ᱚᱞ ᱞᱮᱫᱟ ᱚᱡᱮᱫᱚ ᱩᱱᱤ ᱞᱮᱹᱴᱤᱱ ᱵᱟᱭ ᱨᱚᱲ ᱛᱟᱦᱮᱸ ᱾
ᱡᱟᱹᱨᱩᱢ ᱢᱟᱦᱟᱸ	शुक्रवार
निश्चित रूप से, मैं तुम्हें क्या गंदे पर संपर्क भेज देंगे.	ᱮᱠᱟᱞᱜᱤ, ᱤᱧ ᱫᱚ ᱟᱢ ᱳᱣᱟᱴᱥᱮᱯ ᱨᱮ ᱡᱳᱜᱟᱡᱳᱜᱤᱧ ᱠᱩᱞᱟᱢᱟ ᱾
यह खेल में एक मुख्य भूमिका अदा करता है, जब टीम एक शॉट याद करते हैं.	ᱱᱚᱶᱟ ᱠᱷᱮᱞᱚᱸᱰᱨᱮ ᱢᱤᱫ ᱢᱩᱲᱩᱫ ᱮᱱᱮᱢᱮ ᱯᱟᱞᱟᱣᱼᱟ, ᱪᱮᱫᱟᱜ ᱥᱮ ᱢᱤᱫᱴᱟᱝ ᱜᱟᱫᱮᱞ ᱢᱤᱫᱴᱟᱝ ᱥᱚᱴᱼᱮ ᱢᱤᱥ ᱞᱮᱠᱷᱟᱱ ᱟᱭᱢᱟ ᱜᱚᱵᱚᱞ ᱪᱟᱵᱟᱜᱼᱟ ᱾
मरे का निधन 24 फरवरी 2021 को 66 वर्ष की आयु में हो गया।	ᱢᱟᱨᱮ ᱫᱚ ᱒᱔ ᱯᱷᱮᱵᱨᱩᱣᱟᱨᱤ, ᱒᱐᱒᱑ ᱢᱟᱹᱦᱤᱛᱨᱮ ᱖᱖ ᱥᱮᱨᱢᱟ ᱩᱢᱮᱨ ᱨᱮᱭ ᱜᱚᱡ ᱞᱮᱱᱟ ᱾
यदि मैं आज रात तक यह काम पूरा नहीं करूँगा, तो कल मुझे मैडम से डांट पड़ सकती है।	ᱤᱧ ᱡᱩᱫᱤ ᱛᱮᱦᱮᱧ ᱧᱤᱫᱟᱹ ᱢᱩᱫᱨᱮ ᱱᱚᱣᱟ ᱠᱟᱹᱢᱤ ᱵᱟᱹᱧ ᱢᱩᱪᱟᱹᱫᱼᱟ, ᱛᱟᱦᱚᱞᱮ ᱜᱟᱯᱟ ᱢᱟᱪᱮᱫᱟᱹᱱᱤ ᱫᱚ ᱤᱧᱮ ᱮᱜᱮᱨ ᱫᱟᱲᱮᱭᱟᱹᱧᱟ ᱾
क्रिकेट का खेल, जैसा आज खेला जाता है, इंग्लैंड के दक्षिण- पूर्वी भाग में इसका उद्‌गम है.	ᱠᱨᱤᱠᱮᱴ ᱠᱷᱮᱞ, ᱡᱟᱸᱦᱟᱫᱚ ᱱᱟᱦᱟᱜ ᱠᱷᱮᱞᱚᱸᱰ ᱦᱩᱭᱩᱜ, ᱱᱚᱶᱟ ᱨᱮᱭᱟᱜ ᱮᱛᱚᱦᱚᱵ ᱫᱚ ᱤᱝᱜᱞᱮᱱᱰ ᱨᱮᱭᱟᱜ ᱫᱚᱠᱷᱤᱱᱼᱯᱩᱨᱩᱵ ᱱᱟᱠᱷᱟᱨᱮ ᱦᱩᱭᱞᱮᱱᱟ ᱾
यह तथ्य कि शेयर बाजार में इनसाइडर ट्रेडिंग और बाजार में हेरफेर अभी भी हो रहा है, घिनौना है। यह शक्ति का घोर दुरुपयोग है और बाजार की अखंडता को कमजोर करता है।	ᱯᱩᱸᱡᱤ ᱵᱟᱡᱟᱨ ᱨᱮ ᱱᱤᱛ ᱦᱚᱸ ᱡᱮ ᱵᱷᱤᱛᱟᱹᱨ ᱵᱟᱡᱟᱨ ᱟᱨ ᱢᱟᱨᱠᱮᱴ ᱢᱮᱱᱤᱯᱩᱞᱮᱥᱚᱱ ᱪᱟᱞᱟᱜ ᱠᱟᱱᱟ ᱚᱱᱟ ᱫᱚ ᱟᱹᱰᱤ ᱦᱤᱨᱠᱷᱟᱹᱣᱟᱱᱟᱜ ᱾ ᱱᱚᱣᱟ ᱫᱚ ᱫᱟᱲᱮ ᱨᱮᱭᱟᱜ ᱵᱮᱼᱞᱟᱡᱟᱣ ᱵᱮᱵᱟᱹᱲᱤᱡ ᱵᱮᱵᱚᱦᱟᱨ ᱟᱨ ᱵᱟᱡᱟᱨ ᱨᱮᱭᱟᱜ ᱢᱤᱫ ᱛᱮᱭᱟᱜ ᱠᱚ ᱨᱟᱯᱩᱫᱼᱟ ᱾
मैं सीख रहा हूँ	ᱤᱧ ᱪᱮᱫᱚᱜ ᱠᱟᱱᱟᱹᱧ
Barthrau सैनिकों ने 12 पराजित विरोध सेना को पकड़ लिया, जिनमें 3 घायल सेना भी शामिल थी, और कई बम बम विस्फोट के बाद यांगॉन के हॉरलैंड में दुर्घटना के बाद।	ᱤᱭᱟᱝᱜᱩᱱ ᱦᱞᱟᱭᱤᱝᱜ ᱛᱷᱟᱨ ᱭᱟᱨ ᱥᱟᱦᱟᱨ ᱴᱚᱴᱷᱟᱨᱮ ᱫᱟᱹᱯᱞᱮᱠᱟᱛᱮ ᱢᱤᱫᱵᱟᱨ ᱵᱳᱢ ᱚᱴᱮᱡᱽ ᱛᱟᱭᱚᱢ ᱛᱟᱛᱢᱟᱫᱟᱣ ᱯᱷᱟᱹᱫᱽᱠᱩ ᱓ᱜᱚᱴᱮᱡᱽ ᱜᱷᱟᱹᱞ ᱯᱞᱮᱱ ᱥᱟᱶ ᱑᱒ᱜᱚᱴᱮᱡᱽ ᱦᱤᱸᱫᱤᱡᱽᱟᱱ ᱟᱴᱚᱠᱟᱱᱠᱩ ᱯᱷᱟᱭᱴᱟᱨ ᱯᱞᱮᱱᱠᱩ ᱟᱴᱚᱠᱞᱮᱫᱟ ᱾
मुझे खाने से एलर्जी है	ᱤᱧ ᱫᱚ ᱡᱚᱢᱟᱜ ᱠᱷᱚᱱ ᱮᱞᱟᱨᱡᱤ ᱢᱮᱱᱟᱜ ᱛᱤᱧᱟ
भारत में भारतीय दस्तावेज़ों के विकास के बाद के ऐतिहासिक विकास के बारे में ऐतिहासिक विकास को लेने से भारत के भूषा उत्पादन के क्षेत्र पर प्रकाश डालने में हमारी मदद होती है, जो कि तथाकथित अन्य देशों के अन्य उत्सवों या प्रदर्शनों में विचार किया जाता है, इन शब्दों के साथ।	ᱤᱝᱨᱮᱡᱤᱛᱮ ᱵᱷᱟᱨᱚᱛ ᱨᱮᱭᱟᱜ ᱵᱚᱱᱚᱱ ᱟᱱᱟᱜ ᱠᱚ ᱨᱮᱭᱟᱜ ᱩᱛᱷᱱᱟᱹᱣ ᱨᱮᱭᱟᱜ ᱚᱠᱛᱚ ᱞᱮᱠᱟᱛᱮ ᱱᱟᱜᱟᱢᱤᱭᱟᱹ ᱩᱛᱷᱱᱟᱹᱣ ᱦᱟᱛᱟᱣ ᱫᱚ ᱟᱵᱚ ᱵᱷᱟᱨᱚᱛᱤᱭᱚ ᱥᱤᱱᱮᱢᱟᱴᱤᱠ ᱯᱨᱳᱰᱟᱠᱥᱚᱱ ᱪᱮᱛᱟᱱ ᱱᱚᱡᱚᱨ ᱮᱢ ᱨᱮᱭ ᱜᱚᱲᱚ ᱟᱵᱚᱱᱟ, ᱡᱟᱸᱦᱟ ᱫᱚ ᱮᱴᱟᱜ ᱫᱤᱥᱚᱢᱨᱮᱭᱟᱜ ᱞᱟᱹᱭ ᱟᱠᱟᱱ ᱮᱴᱟᱜ ᱥᱤᱱᱮᱢᱟ ᱥᱮ ᱥᱤᱱᱮᱢᱟ ᱠᱚᱭ ᱵᱤᱪᱟᱹᱨᱟ, ᱥᱟᱶᱛᱮ ᱱᱚᱣᱟ ᱨᱮᱭᱟᱜ ᱢᱩᱪᱟᱹᱫ ᱱᱮᱭᱟᱫᱮ ᱜᱚᱴᱟᱭᱟ ᱾
जाहिर है, मैं इस बार लापता होने की संभावना नहीं ले सकता.	ᱱᱤᱦᱟᱹᱛ ᱜᱮ, ᱱᱤᱭᱟᱹ ᱵᱟᱨ ᱫᱚ ᱚᱱᱟ ᱮᱨᱮᱲ ᱨᱮᱭᱟ ᱫᱟᱣᱜᱮ ᱵᱟᱹᱧ ᱦᱟᱛᱟᱣ ᱟᱠᱟᱫᱟ ᱾
दूसरी ओर, फ्लैश मेमोरी छोटी होती है, और कम ऊर्जा का उपयोग करती है।	ᱮᱴᱟᱜ ᱥᱮᱫ , ᱯᱷᱞᱟᱥ ᱢᱮᱢᱳᱨᱤ ᱫᱚ ᱦᱩᱰᱤᱧ ᱟᱨ ᱱᱟᱥᱮᱱᱟᱜ ᱫᱟᱲᱮᱭ ᱵᱮᱣᱦᱟᱨᱟ ᱾
जर्मन आप के लिए सबसे अच्छा भाषा होगा.	ᱡᱟᱨᱢᱟᱱ ᱟᱢ ᱞᱟᱹᱜᱤᱫ ᱥᱚᱨᱮᱥ ᱯᱟᱹᱨᱥᱤ ᱦᱩᱭᱩᱜᱼᱟ ᱾
एक अन्य परिकल्पना भी है, जिसे कुर्गन परिकल्पना (Kurgan hypothesis) कहा जाता है।	ᱟᱨ ᱢᱤᱫᱴᱟᱝ ᱦᱟᱭᱯᱳᱛᱷᱮᱥᱤᱥ ᱢᱮᱱᱟᱜᱼᱟ, ᱡᱟᱸᱦᱟ ᱨᱮᱭᱟᱜ ᱧᱩᱛᱩᱢ ᱫᱚ ᱠᱩᱨᱜᱟᱱ ᱦᱟᱭᱯᱳᱛᱷᱮᱥᱤᱥ ᱾
माता-पिता ने उड़ान के दौरान बच्चे का डायपर उतार दिया और उसे गैली (विमान की रसोई) में पेशाब करने दिया।	ᱟᱭᱳᱼᱵᱟᱵᱟ ᱫᱚ ᱯᱷᱞᱟᱭᱤᱴ ᱨᱮ ᱜᱤᱫᱽᱨᱟᱹ ᱟᱜ ᱰᱟᱭᱯᱟᱨ ᱠᱤᱱ ᱵᱷᱩᱲᱩᱡ ᱞᱮᱫᱟ ᱟᱨ ᱩᱱᱤ ᱜᱮᱞᱟᱨᱤ ᱨᱮᱠᱤᱱ ᱡᱚᱨᱭᱟ ᱦᱚᱪᱚ ᱠᱮᱫᱮᱭᱟ ᱾
मेरे पास सौ केला हैं।	ᱤᱧ ᱴᱷᱮᱱ ᱥᱟᱭ ᱜᱚᱴᱟᱝ ᱠᱮᱞᱟ ᱢᱮᱱᱟᱜᱼᱟ ᱠᱚᱣᱟ।
29 जुलाई 2020 को 67 वर्ष की आयु में उनका निधन हो गया।	ᱩᱱᱤ ᱫᱚ ᱒᱙ ᱡᱩᱞᱟᱭ ᱒᱐᱒᱐ ᱢᱟᱹᱦᱤᱛ ᱖᱗ ᱥᱮᱨᱢᱟ ᱩᱢᱮᱨ ᱨᱮᱭ ᱜᱚᱪ ᱞᱮᱱᱟ ᱾
यह दूर है	ᱱᱚᱶᱟ ᱫᱚ ᱥᱟᱝᱜᱤᱧ ᱜᱮᱭᱟ
कुछ भी आप हमारे नियमों से संबंधित पता करना चाहते हैं, मैं तुम्हारी मदद करेंगे.	ᱟᱞᱮᱭᱟᱜ ᱯᱚᱞᱤᱥᱤ ᱵᱟᱵᱚᱫ ᱡᱟᱦᱟᱸᱱᱟᱜ ᱵᱟᱰᱟᱭ ᱥᱟᱱᱟᱭᱮᱫ ᱢᱮᱭᱟ, ᱤᱧ ᱫᱚᱧ ᱜᱚᱲᱚᱣᱟᱢᱟ ᱾
मैं खो गया हूँ और इस शहर में यह मेरा पहला मौका है। मैं लूटा नहीं जाना चाहता (पर्यटक)।	ᱤᱧᱤᱧ ᱟᱫ ᱟᱠᱟᱱᱟ ᱟᱨ ᱱᱚᱶᱟ ᱥᱟᱦᱟᱨ ᱨᱮ ᱤᱧᱟᱹᱜ ᱯᱳᱭᱞᱳ ᱫᱷᱟᱣ ᱾ ᱤᱧ ᱞᱩᱴᱩᱡ ᱦᱚᱪᱚᱜ ᱵᱟᱹᱧ ᱠᱷᱚᱡ ᱠᱟᱱᱟ (ᱴᱩᱨᱤᱥᱴ)
पैंतालीस	ᱯᱳᱱ ᱜᱮᱞ ᱢᱚᱬᱮ
ᱞᱮᱸᱜᱟ ᱥᱮᱫ ᱟᱹᱪᱩᱨᱚᱜ ᱢᱮ	बाएँ मुड़ें
पंद्रह	ᱜᱮᱞ ᱢᱚᱬᱮ
ऐज़पुते: ऐज़पुते लातविया का एक शहर है जिसे 1378 से नगर का दर्जा प्राप्त है।	ᱟᱭᱤᱡᱯᱩᱛ ᱫᱚ ᱦᱩᱭᱩᱜ ᱠᱟᱱᱟ ᱞᱟᱴᱵᱷᱤᱭᱟᱨ ᱨᱮᱭᱟᱜ ᱢᱤᱫᱴᱟᱝ ᱥᱟᱦᱟᱨ ᱡᱟᱸᱦᱟᱨᱮ ᱑᱓᱗᱘ ᱥᱟᱞ ᱠᱷᱚᱱ ᱥᱟᱦᱟᱨ ᱨᱮᱭᱟᱜ ᱟᱹᱭᱫᱟᱹᱨ ᱢᱮᱱᱟᱜᱼᱟ ᱾
वेरमान कर्ता मुझे Laxim Dart के रूप में श्रीिनल क्लीरी की याद दिलाता है.	ᱯᱩᱨᱩᱫᱷᱩᱞ ᱯᱟᱴᱷᱚᱠᱤᱭᱟᱹ ᱠᱚ ᱫᱚ ᱤᱧ ᱞᱚᱠᱷᱤ ᱫᱚᱛᱛᱚ ᱟᱜ ᱪᱩᱨᱤᱛᱨᱮ ᱢᱨᱤᱱᱟᱞ ᱠᱩᱞᱚᱠᱟᱨᱱᱤ ᱟᱜ ᱠᱟᱛᱷᱟ ᱠᱚ ᱫᱤᱥᱟᱹ ᱟᱫᱤᱧ ᱛᱟᱦᱮᱸ ᱾
855 में राजा एथेलवुल्फ अपने छोटे बेटे अल्फ्रेड को साथ लेकर रोम गए।	᱘᱕᱕ ᱥᱟᱞ ᱨᱮ ᱨᱟᱡᱟ ᱮᱭᱛᱷᱮᱞᱼᱩᱞᱛᱷ ᱫᱚ ᱟᱡ ᱨᱮᱱ ᱦᱩᱰᱤᱧ ᱜᱤᱫᱽᱨᱟᱹ ᱟᱞᱯᱷᱨᱮᱰ ᱥᱚᱝᱜᱮ ᱠᱟᱛᱮ ᱨᱳᱢᱮ ᱪᱟᱞᱟᱣ ᱞᱮᱱᱟ ᱾
खेल में घटनाओं के उस अप्रत्याशित मोड़ से मैं भौचक्का रह गया।	ᱠᱷᱮᱹᱞ ᱨᱮᱭᱟᱜ ᱚᱱᱟ ᱵᱟᱝᱼᱵᱩᱴᱟᱹ ᱜᱷᱚᱴᱚᱱ ᱧᱮᱞ ᱠᱟᱛᱮᱫ ᱤᱧ ᱫᱚᱧ ᱦᱟᱦᱟᱲᱟ ᱩᱛᱟᱹᱨ ᱞᱮᱱᱟ ᱾
देखो वह कार कितनी पुरानी है। सीटें पूरी तरह फटी हुई हैं और इसमें से बहुत दुर्गंध आ रही है।	ᱧᱮᱞᱢᱮ ᱜᱟᱹᱰᱤ ᱫᱚ ᱟᱹᱰᱤ ᱢᱟᱨᱮ ᱜᱮᱭᱟ ᱾ ᱫᱩᱲᱩᱵᱼᱟᱜ ᱫᱚ ᱡᱚᱛᱚ ᱚᱲᱮᱡ ᱟᱠᱟᱱᱟ ᱟᱨ ᱱᱚᱣᱟ ᱫᱚ ᱥᱟᱹᱨᱤᱜᱮ ᱟᱹᱰᱤ ᱦᱤᱨᱠᱷᱟᱹ ᱥᱚ ᱠᱟᱱᱟ ᱾
ये साधन हमें इस बात का ज़रिया प्रदान करते हैं कि हमारे विकास के कठिन प्रयासों में बने रहें, ख़ासकर हमारी जनसंख्या के असुरक्षित भागों के हित के सम्बन्ध में ।	ᱱᱤᱭᱟᱹ ᱩᱯᱟᱹᱫᱟᱱ ᱠᱩ ᱫᱚ ᱟᱵᱚᱣᱟᱜ ᱩᱛᱷᱱᱟᱹᱣ ᱠᱩᱨᱩᱢᱩᱴᱩᱭ ᱨᱮ ᱢᱮᱱᱟᱜ ᱞᱟᱹᱜᱛᱤᱭᱟᱱᱟᱜ ᱜᱮᱯᱠᱩ ᱯᱟᱱᱛᱮᱭ ᱨᱮᱭᱟᱜ ᱩᱯᱟᱹᱭ ᱠᱩ, ᱵᱤᱥᱟᱹᱥᱠᱟᱭᱛᱮ ᱟᱵᱩᱣᱟᱜ ᱦᱚᱲ ᱞᱮᱠᱷᱟ ᱨᱮᱭᱟᱜ ᱞᱮᱵᱲᱮᱡ ᱦᱤᱸᱥ ᱠᱩ ᱩᱛᱷᱱᱟᱹᱣ ᱞᱟᱹᱜᱤᱫ ᱛᱮ ᱮᱢᱚᱜᱚᱠ ᱠᱟᱱ ᱛᱟᱦᱮᱸᱠᱟᱱᱟ ᱾
निवेदनकर्ता और मृत एक जीवित संबंध में थे लेकिन 8.620 पर, कर्ता की मृत्यु से कुछ दिन पहले, वह मुंबई में अपने रहने के लिए वापस आया था.	ᱟᱨᱫᱟᱥᱤᱡ ᱟᱨ ᱜᱚᱡᱼᱟᱠᱟᱱᱤᱡ ᱫᱚ ᱥᱚᱢᱵᱚᱱᱫᱷ ᱨᱮ ᱠᱤᱱ ᱛᱟᱦᱮᱸᱠᱟᱱᱟ ᱢᱮᱱᱠᱷᱟᱱ ᱘ᱹ᱖ᱹ᱒᱐᱒᱐ ᱨᱮ, ᱯᱟᱴᱷᱚᱠ ᱜᱚᱡᱚᱜ ᱛᱷᱚᱲᱟ ᱫᱤᱱ ᱞᱟᱦᱟᱨᱮ, ᱩᱱᱤ ᱫᱚ ᱢᱩᱢᱵᱟᱭ ᱨᱮᱭᱟᱜ ᱱᱤᱡᱟᱹ ᱚᱲᱟᱜ ᱨᱮᱭ ᱩᱪᱟᱹᱲ ᱩᱪᱩᱞᱮᱱᱟ ᱾
ज़रा सोचिए, ऐसे ही आराम से जाने के रास्ते पर जाने का रास्ता ।	ᱢᱤᱫ ᱥᱚᱢᱟᱱ ᱞᱚᱢᱵᱟ ᱛᱟᱲᱟᱢ ᱨᱮᱭᱟᱜ ᱢᱟᱨᱜᱽ ᱦᱤᱥᱟᱹᱵ ᱛᱮ ᱥᱠᱤᱝ ᱰᱟᱦᱟᱨ ᱨᱮᱭᱟᱜ ᱵᱟᱵᱚᱛ ᱨᱮ ᱪᱤᱱᱛᱟᱹᱭ ᱢᱮ᱾
सन्‌ 2014 में सिंगापुर के राष्ट्रपति ली ली वोल ने इस मसले पर छूट दी; उसके उत्तराधिकारी, एलेन ली ली, बाद में जेन जेगियन, एक चीन में पैदा होने वाले जयगान के लिए अर्ज़ी दे दी।	᱒᱐᱑᱔ ᱥᱟᱞᱨᱮ ᱥᱤᱝᱜᱟᱯᱩᱨ ᱴᱮᱵᱤᱞ ᱴᱮᱱᱤᱥ ᱮᱥᱳᱥᱤᱭᱮᱥᱚᱱᱨᱮᱱ ᱥᱚᱵᱷᱟᱯᱚᱛᱤ ᱞᱤ ᱵᱤ ᱳᱣᱟᱦ ᱱᱤᱭᱟᱹ ᱟᱱᱟᱴ ᱠᱷᱟᱹᱛᱤᱨ ᱦᱩᱫᱟᱹᱭ ᱟᱲᱟᱜᱞᱮᱫᱟ, ᱛᱟᱭᱚᱢᱛᱮ ᱩᱱᱤᱨᱮᱱ ᱵᱤᱨᱟᱹᱫᱟᱹᱞᱤᱭ ᱦᱮᱡᱽᱮᱱᱟ ᱞᱤ ᱢᱤᱫᱦᱚᱲ ᱪᱤᱱᱨᱮᱭ ᱡᱟᱱᱟᱢᱟᱠᱟᱱ ᱠᱷᱮᱞᱚᱰᱤᱭᱟᱹ ᱡᱷᱮᱝ ᱡᱤᱭᱟᱱᱟᱜ ᱱᱟᱜᱟᱨᱤᱭᱟᱹ ᱟᱨᱫᱟᱥ ᱥᱮᱡᱽᱼᱮ ᱛᱟᱦᱮᱸᱠᱟᱱᱟ ᱾
मेरे पास पंद्रह चाय हैं।	ᱤᱧ ᱴᱷᱮᱱ ᱜᱮᱞ ᱢᱚᱬᱮ ᱜᱚᱴᱟᱝ ᱪᱟ ᱢᱮᱱᱟᱜᱼᱟ ᱠᱚᱣᱟ।
लेकिन मैडम, कैसे वेरा और ब्रारा दोनों सबसे बड़ी भारतीय नदियों हो सकते हैं?	ᱢᱮᱱᱠᱦᱟᱱ ᱢᱟᱪᱮᱛᱟᱱᱤ, ᱪᱮᱫ ᱞᱮᱠᱟᱛᱮ ᱜᱟᱝᱜᱟ ᱟᱨ ᱵᱨᱚᱢᱢᱚᱯᱩᱛᱨᱚ ᱱᱟᱹᱭᱠᱤᱱ ᱵᱷᱟᱨᱚᱛ ᱨᱮᱭᱟᱜ ᱢᱟᱨᱟᱝ ᱩᱛᱟᱹᱨᱟᱱ ᱱᱟᱹᱭ ᱦᱩᱭ ᱰᱟᱲᱮᱭᱟᱜᱼᱟ ?
आपको उसे प्रोत्साहित करना चाहिए कि उसकी स्वतंत्र समय पर कहानी पुस्तकें पढ़ें ।	ᱟᱢᱟᱜ ᱫᱚ ᱞᱟᱹᱠᱛᱤ ᱠᱟᱱᱟ ᱯᱷᱨᱤ ᱴᱟᱭᱤᱢᱨᱮ ᱩᱱᱤ ᱠᱟᱹᱦᱤᱱᱤ ᱯᱩᱛᱷᱤ ᱠᱚ ᱯᱟᱲᱦᱟᱣ ᱨᱮ ᱩᱫᱜᱟᱹᱣ ᱞᱟᱹᱜᱤᱫ ᱾
मेरे पास आठ पानी हैं।	ᱤᱧ ᱴᱷᱮᱱ ᱤᱨᱟᱹᱞ ᱜᱚᱴᱟᱝ ᱫᱟᱜ ᱢᱮᱱᱟᱜᱼᱟ ᱠᱚᱣᱟ।
मेरा वीज़ा रद्द कर दिया गया था क्योंकि मुझे समय पर कोविड टीकाकरण की दूसरी खुराक नहीं मिली थी।	ᱤᱧᱟᱹᱜ ᱵᱷᱤᱥᱟ ᱫᱚ ᱵᱟᱹᱛᱤᱞ ᱦᱩᱭ ᱟᱠᱟᱱᱟ ᱚᱡᱮ ᱫᱚ ᱤᱧ ᱚᱠᱛᱚ ᱨᱮ ᱠᱳᱵᱷᱤᱰ ᱵᱷᱮᱠᱥᱤᱱ ᱨᱮᱭᱟᱜ ᱫᱚᱥᱟᱨ ᱰᱳᱡ ᱵᱟᱹᱧ ᱧᱟᱢ ᱟᱠᱟᱫᱟ ᱾
हम अपनी भावनाएँ, विचार, अनुभव, और जो कुछ भी लिखते हैं, उसे व्यक्‍त करने का एक तरीक़ा पाते हैं ।	ᱟᱞᱮᱫᱚ ᱟᱞᱮᱭᱟᱜ ᱟᱹᱭᱠᱟᱹᱣ, ᱩᱭᱦᱟᱹᱨ, ᱵᱩᱡᱩᱱ ᱟᱨ ᱮᱴᱟᱜ ᱡᱟᱦᱟᱸ ᱠᱤᱪᱷᱤ ᱢᱚᱱᱮᱨᱮ ᱦᱤᱡᱩᱜᱼᱟ ᱚᱱᱟ ᱥᱚᱫᱚᱨ ᱨᱮᱭᱟᱜ ᱢᱤᱫ ᱦᱚᱨᱟᱞᱮ ᱯᱟᱸᱡᱟ ᱧᱟᱢᱟ ᱾
फिल्म में यातना शिविर (कंसंट्रेशन कैंप) को दिखाने वाला दृश्य इतना घिनौना था कि मैं कुछ दिनों तक चैन से सो नहीं सका।	ᱪᱚᱞᱚᱛ ᱪᱤᱛᱟᱹᱨ ᱨᱮ ᱠᱳᱥᱱᱴᱮᱨᱮᱱᱥᱚᱱ ᱠᱮᱢᱯ ᱨᱮᱭᱟᱜ ᱩᱫᱩᱜ ᱥᱚᱫᱚᱨ ᱫᱚ ᱱᱩᱱᱟᱹᱜ ᱜᱮ ᱵᱚᱛᱚᱨᱟᱱᱟᱜ ᱛᱟᱦᱮᱸ ᱠᱟᱱᱟ ᱡᱮ ᱤᱧ ᱠᱤᱪᱷᱩ ᱫᱤᱱ ᱱᱤᱨᱟᱹᱭᱛᱮ ᱵᱟᱹᱧ ᱡᱟᱹᱯᱤᱫ ᱫᱟᱲᱮ ᱠᱟᱣᱫᱟ ᱾
यह बंदरगाह सन्‌ 18889 में एक कुएँ की जगह थी, जब जर्मनी, अमरीका और ब्रिटेन के सात जहाज़ों ने बंदरगाह छोड़ने से इनकार कर दिया ।	ᱦᱟᱨᱵᱚᱨ ᱫᱚ ᱑᱘᱘᱙ ᱨᱮ ᱢᱤᱫ ᱵᱟᱹᱲᱤᱡ ᱧᱩᱛᱩᱢᱟᱱ ᱱᱚᱣ ᱥᱚᱭᱱᱤᱠ ᱦᱤᱡᱩᱜ ᱥᱮᱱᱚᱜ ᱨᱮᱭᱟᱜ ᱴᱷᱟᱶ ᱛᱟᱦᱮᱸ ᱠᱟᱱᱟ ᱡᱟᱦᱟᱸ ᱨᱮ ᱡᱚᱨᱢᱟᱱ, ᱟᱢᱮᱨᱤᱠᱟ ᱟᱨ ᱵᱨᱤᱴᱮᱱ ᱨᱮᱭᱟᱜ ᱮᱭᱟᱭ ᱡᱟᱦᱟᱡᱽ ᱦᱟᱨᱵᱳᱨ ᱟᱲᱟᱜ ᱠᱚ ᱢᱟᱱᱟ ᱞᱮᱜᱼᱟ᱾
यह चार वर्षों में मारास्टी सी सीपी है.	ᱱᱚᱶᱟ ᱫᱚ ᱯᱩᱱ ᱥᱮᱨᱢᱟ ᱨᱮ ᱢᱟᱨᱴᱮᱞᱤ ᱨᱮᱱᱟᱜ ᱢᱚᱬᱮᱭᱟᱜ ᱥᱤ ᱤ ᱯᱤ ᱠᱟᱱᱟ᱾
अमरीका के जीव - वैज्ञानिक सर्वे (SSSSSS) के ग्लैडियेटर (SSSS) ने कहा कि इन्हें पृथ्वी पर एक बहुत ही बड़ी गुफा के रूप में बनाए रखना चाहिए, लेकिन यह पृथ्वी के गहरे छेदों से मेल खाता है ।	⁣"ᱟᱠᱚᱣᱟᱜ ᱛᱷᱟᱹᱨᱢᱟᱹᱞ ᱵᱮᱵᱷᱟᱨ ᱫᱷᱟᱹᱨᱛᱤ ᱪᱮᱛᱟᱱ ᱨᱮ ᱢᱟᱨᱟᱝ ᱜᱩᱯᱷᱟᱹ ᱩᱱᱟᱹᱝ ᱵᱟᱭ ᱢᱟᱨᱟᱝᱼᱟ, ᱟᱠᱟ ᱠᱚ ᱥᱛᱷᱤᱨ ᱛᱟᱯ ᱠᱚ ᱫᱚᱦᱚᱭᱟ," ᱦᱮᱞᱮ ᱱᱟᱶᱟ ᱚᱛ ᱨᱮ ᱜᱟᱹᱦᱤᱨ ᱵᱷᱩᱜᱟᱹᱜ ᱦᱩᱭᱩᱜ ᱨᱮᱭᱟᱜ ᱠᱟᱱᱟ, ᱭᱩᱱᱟᱭᱴᱮᱰ ᱥᱴᱮᱴᱥ ᱡᱤᱭᱚᱞᱚᱡᱤᱠᱥ ᱥᱟᱹᱨᱣᱮ (USGS) ᱮᱥᱴᱨᱚᱡᱤᱭᱚᱞᱚᱡᱤ ᱫᱚᱞ ᱟᱨ ᱮᱛᱚᱢ ᱨᱤᱱ ᱜᱞᱮᱱ ᱠᱤᱥᱤᱝ ᱢᱮᱱ ᱠᱮᱜᱼᱟᱭ᱾ ᱮᱨᱤᱡᱟᱱᱟ ᱡᱮᱜᱮᱛ ᱵᱤᱨᱫᱟᱹᱜᱟᱹᱲ ᱯᱷᱞᱮᱜᱥᱴᱚᱯ, ᱮᱨᱤᱡᱚᱱᱟ ᱨᱮ ᱢᱮᱱᱟᱜᱼᱟ᱾
अरे! क्या यह बस दिल्ली भी जाती है? क्या यह यहाँ से 500 किमी दूर नहीं है?	ᱳᱦᱚ ! ᱱᱚᱶᱟ ᱵᱟᱥ ᱫᱚ ᱪᱮᱫ ᱫᱤᱞᱞᱤ ᱛᱮ ᱦᱚᱸ ᱪᱟᱞᱟᱜᱼᱟ ? ᱱᱚᱶᱟ ᱫᱚ ᱪᱮᱫ ᱱᱚᱸᱰᱮ ᱠᱷᱚᱱ ᱕᱐᱐ ᱠᱤᱢᱤ ᱵᱟᱝ ᱥᱟᱸᱜᱤᱧᱼᱟ ?
हाय डेवनगा! मैं अच्छा हूँ.	ᱮᱭ, ᱫᱮᱵᱟᱝᱜᱚ ! ᱤᱧᱫᱚ ᱱᱟᱯᱟᱭ ᱜᱮᱭᱟᱹᱧ ᱾
यह एक बहुत बड़ा शौक होगा, इसमें कोई शक नहीं ।	ᱱᱚᱶᱟᱫᱚ ᱢᱤᱫ ᱱᱟᱯᱟᱭ ᱦᱚᱵᱤ ᱦᱩᱭᱩᱜᱼᱟ, ᱱᱚᱶᱟᱨᱮ ᱫᱚ ᱪᱮᱫ ᱦᱤᱫᱤᱡᱽ ᱜᱮ ᱵᱟᱹᱱᱩᱜᱼᱟ ᱾
रूस के इतिहासकार, लार्मेव ने लिखा कि सुग्रू, मोगल्स (एमंगल साम्राज्य, कुंग खान), और तुर्की के लोगों ने (पहले तुर्की के हर्‍न, अमरीकी कगानी के लोगों) चीनी हमले को रोकने में एक भूमिका अदा की है ।	ᱨᱩᱥ ᱱᱟᱜᱟᱢᱤᱭᱟ ᱞᱮᱵ ᱜᱩᱢᱤᱞᱮᱵ ᱚᱞᱞᱮᱫᱟ ᱡᱮ ᱩᱛᱛᱚᱨᱮ ᱪᱤᱱ ᱟᱜᱨᱟᱥᱚᱱ ᱨᱩᱠᱷᱟᱹ ᱫᱚᱦᱚ ᱨᱮᱭᱟᱜ ᱡᱤᱱᱤᱭ, ᱢᱳᱝᱜᱚᱞ (ᱢᱳᱝᱜᱚᱞ ᱨᱟᱡᱯᱟᱴ, ᱡᱩᱝᱜᱷᱚᱨ ᱠᱷᱟᱱᱨᱮ) ᱟᱨ ᱛᱩᱨᱠᱤ ᱦᱚᱲᱠᱚ (ᱯᱳᱭᱞᱳ ᱛᱩᱨᱠᱤ ᱠᱷᱚᱜᱟᱱᱨᱮ, ᱩᱭᱜᱷᱩᱨ ᱠᱷᱚᱜᱟᱱᱨᱮ) ᱢᱤᱫᱴᱟᱝ ᱮᱱᱮᱢ ᱮ ᱯᱟᱞᱚᱱ ᱞᱮᱫᱟ᱾
दिन - ब - दिन, दोनों पक्षों में नए सैनिक आ रहे थे ।	ᱫᱤᱱ ᱯᱚᱨ ᱫᱤᱱ, ᱵᱷᱟᱱᱟᱨ ᱥᱮᱡ ᱠᱷᱚᱱ ᱱᱟᱸᱣᱟ ᱯᱷᱟᱹᱫ ᱠᱩ ᱦᱤᱡᱩᱜ ᱠᱩ ᱮᱛᱚᱦᱚᱯ ᱠᱮᱫᱟ ᱾
वह राजाओं के साथ बच्चे को अपनी बैसाखी खुद देने के लिए निकलता है।	ᱩᱱᱤ ᱫᱚ ᱨᱟᱡᱟ ᱠᱚ ᱥᱟᱞᱟᱜ ᱮ ᱪᱟᱞᱟᱜᱼᱟ ᱟᱡᱨᱮᱱ ᱠᱨᱟᱪᱴᱤ ᱜᱤᱫᱽᱨᱟᱹ ᱠᱚ ᱟᱹᱜᱩ ᱾
स्थानीय नल पानी पूरी तरह सुरक्षित है, लेकिन बोतल से पानी पीना आसान है यदि आप भयभीत हैं ।	ᱥᱩᱨ ᱱᱟᱞ ᱫᱟᱜ ᱞᱟᱹᱜᱤᱫ ᱯᱩᱨᱟᱹ ᱨᱩᱠᱷᱤᱭᱟᱹ ᱜᱮᱭᱟ, ᱦᱮᱞᱮ ᱡᱩᱫᱤ ᱟᱢ ᱵᱚᱛᱚᱨᱚᱜ ᱠᱟᱱᱟᱢ ᱛᱚ ᱵᱩᱛᱩᱞ ᱛᱮ ᱢᱮᱱᱟᱜ ᱫᱟᱜ ᱧᱟᱢ ᱟᱞᱜᱟ ᱜᱮᱭᱟ᱾
फिर हमारे पास पीहो बो और एक पश्‍चिम अफ्रीकी मक्खन सूप है ।	ᱤᱱᱟᱹ ᱛᱟᱭᱚᱢ ᱟᱞᱮᱴᱷᱮᱱ ᱯᱷᱳ ᱵᱳ ᱟᱨ ᱢᱤᱫᱴᱟᱝ ᱯᱚᱪᱷᱤᱢ ᱟᱯᱷᱨᱤᱠᱟᱱ ᱯᱤᱱᱟ ᱵᱟᱴᱟᱨ ᱥᱩᱯ ᱢᱮᱱᱟᱜᱼᱟ ᱾
नए उत्पाद के लॉन्च के लिए Apple स्टोर के बाहर केवल कुछ ही लोग थे, जहाँ अतीत में किसी उत्पाद के लॉन्च होने पर मैंने हज़ारों लोगों को देखा था।	ᱱᱟᱣᱟᱱ ᱫᱩᱨᱤᱵ ᱩᱪᱷᱟᱹᱱ ᱞᱟᱹᱜᱤᱫ ᱮᱯᱮᱞ ᱥᱴᱳᱨ ᱨᱮ ᱟᱹᱰᱤ ᱠᱚᱢ ᱦᱚᱲᱠᱚ ᱛᱟᱦᱮᱸ ᱠᱟᱱᱟ, ᱡᱟᱦᱟᱫᱚ ᱤᱧ ᱢᱟᱲᱟᱝ ᱨᱮ ᱢᱤᱫ ᱡᱤᱱᱤᱥ ᱮᱛᱚᱦᱚᱵ ᱚᱠᱛᱚ ᱜᱮ ᱜᱮᱞ ᱜᱮᱞ ᱦᱚᱲ ᱠᱚ ᱧᱮᱞ ᱟᱠᱟᱫᱟ ᱾
मेरे पास तेतीस किताब हैं।	ᱤᱧ ᱴᱷᱮᱱ ᱯᱮ ᱜᱮᱞ ᱯᱮ ᱜᱚᱴᱟᱝ ᱠᱤᱛᱟᱯ ᱢᱮᱱᱟᱜᱼᱟ ᱠᱚᱣᱟ।
ᱴᱤᱠᱤᱴ ᱫᱚ ᱛᱤᱱᱟᱹᱜ ᱜᱟᱱ?	टिकट कितनी है?
सफ़री दस्तावेज़ों में पासपोर्ट, वीज़ा, कैंची प्रमाणपत्र या कर्ट का समर्थन शामिल है जो कि पासपोर्ट, बीमा, आमदनी के कर की बातें, स्वास्थ्य प्रमाणपत्र, आदि में है ।	ᱥᱟᱸᱜᱷᱟᱨ ᱰᱚᱠᱩᱢᱮᱱᱴᱠᱩ ᱯᱟᱥᱯᱳᱨᱴ, ᱵᱷᱤᱥᱟ, ᱠᱟᱹᱣᱰᱤ ᱥᱤᱫᱽᱥᱟᱠᱟᱢ ᱥᱮ ᱯᱟᱥᱯᱳᱨᱴ ᱨᱮ ᱠᱟᱹᱣᱰᱤ ᱨᱮᱭᱟᱜ ᱚᱱᱩᱢᱚᱫᱚᱱ, ᱥᱟᱸᱜᱷᱟᱨ ᱤᱱᱥᱩᱨᱮᱱᱥ, ᱤᱱᱠᱟᱢ ᱴᱮᱠᱥ ᱵᱚᱨᱱᱚᱱ, ᱦᱚᱲᱢᱚᱥᱟᱶᱟᱨ ᱥᱤᱫᱽᱥᱟᱠᱟᱢ ᱮᱢᱟᱱ ᱛᱮᱭᱟᱜ ᱠᱩ ᱡᱚᱯᱚᱲᱟᱣ ᱢᱮᱱᱟᱜᱼᱟ ᱾
मेरे पास तीस सात पेंसिल हैं।	ᱤᱧ ᱴᱷᱮᱱ ᱯᱮ ᱜᱮᱞ ᱮᱭᱟᱭ ᱜᱚᱴᱟᱝ ᱯᱮᱱᱥᱤᱞ ᱢᱮᱱᱟᱜᱼᱟ ᱠᱚᱣᱟ।
दिसंबर 2017 में वायु - शक्‍ति की डिग्री कम होती गयी थी ।	ᱰᱤᱥᱮᱢᱵᱚᱨ ᱒᱐᱑᱗ ᱼᱨᱮᱭᱟᱜ ᱦᱚᱭᱚᱝ ᱯᱟᱱᱛᱷᱟ ᱨᱮᱭᱟᱜ ᱫᱚᱨᱫᱟᱢ ᱪᱟᱞᱟᱜ ᱚᱠᱛᱮ ᱦᱚᱭᱚᱝ ᱫᱟᱲᱮ ᱨᱮᱭᱟᱜ ᱠᱷᱟᱡᱽᱱᱟ ᱫᱷᱟᱯ ᱥᱮᱴᱮᱨ ᱞᱮᱱᱟ ᱠᱤᱞᱳᱣᱟᱴᱼᱜᱷᱚᱱᱴᱟ ᱯᱤᱪᱷᱤ ᱒ᱹ᱔᱓ ᱴᱟᱠᱟ (᱐ᱹ᱐᱓ ᱢᱟᱨᱠᱤᱱ ᱰᱚᱞᱟᱨ) ᱨᱮᱭᱟᱜ ᱡᱯᱚᱛᱚ ᱠᱷᱚᱱ ᱞᱟᱛᱟᱨ ᱨᱮ ᱾
मुझे आखिरकार अपनी पसंदीदा फंतासी श्रृंखला की नवीनतम पुस्तक मिल गई। मैं फिर से जादुई दुनिया में गोता लगाने के लिए और इंतजार नहीं कर सकता! (दोस्त 1)।	ᱢᱩᱪᱟᱹᱫ ᱨᱮ ᱤᱧ ᱤᱧᱟᱹᱜ ᱥᱚᱨᱮᱥ ᱯᱷᱮᱱᱴᱟᱥᱤ ᱥᱤᱨᱤᱡᱽ ᱨᱮᱭᱟᱜ ᱢᱩᱪᱟᱹᱫ ᱩᱛᱟᱹᱨ ᱯᱩᱛᱷᱤᱧ ᱧᱟᱢ ᱟᱠᱟᱫᱟ ᱾ ᱤᱧ ᱫᱚ ᱟᱨᱦᱚᱸ ᱳᱭᱤᱱᱫᱨᱚᱡᱟᱞᱤᱠ ᱡᱚᱜᱚᱛ ᱨᱮ ᱢᱚᱜᱚᱱᱚᱜ ᱞᱟᱹᱜᱤᱫ ᱛᱟᱺᱜᱤ ᱨᱮ ᱵᱟᱹᱧ ᱛᱟᱦᱮᱸ ᱫᱟᱲᱮᱭᱟᱜᱼᱟ !(ᱜᱟᱛᱮ 1)
जब नर्स ने उन्हें बताया कि वह एक बच्ची के पिता बन गए हैं तो खुशी के आंसू उनके गालों पर बह निकले।	ᱱᱟᱨᱥ ᱡᱚᱠᱷᱱ ᱩᱱᱤᱭ ᱞᱟᱹᱭ ᱟᱫᱮᱭᱟ ᱡᱮ, ᱩᱱᱤ ᱫᱚ ᱢᱤᱫ ᱠᱩᱲᱤ ᱜᱤᱫᱽᱨᱟᱹ ᱨᱮᱱ ᱟᱯᱟᱛᱮ  ᱦᱩᱭ ᱟᱠᱟᱱᱟ, ᱩᱱᱫᱚ ᱩᱱᱤᱭᱟᱜ ᱢᱚᱪᱟ ᱥᱮᱫ ᱛᱮ ᱨᱟᱹᱥᱠᱟᱹ ᱨᱮᱭᱟᱜ ᱢᱮᱫ ᱫᱟᱜ ᱡᱚᱨᱚᱜ ᱠᱟᱱ ᱛᱟᱦᱮᱸ ᱾
क्या आपने बैंक बंद होने के बारे में सुना? मेरे पैसे वहाँ फँसे हुए हैं (दोस्त 1)।	ᱟᱢ ᱠᱤ ᱵᱮᱝᱠ ᱵᱚᱱᱚᱫᱚᱞ ᱨᱮᱭᱟᱜ ᱠᱟᱛᱷᱟ ᱟᱧᱡᱚᱢ ᱧᱟᱢ ᱟᱠᱟᱫᱟ ᱾ ᱤᱧᱟᱹᱜ ᱠᱟᱣᱰᱤ ᱫᱚ ᱚᱱᱟ ᱨᱮ ᱟᱠᱚᱴ ᱢᱮᱱᱟᱜᱼᱟ ᱾ (ᱜᱟᱛᱮ 1)
जर्मनी के अतीत काफ़ी अच्छे हैं, और वीस्वा में, उनके दक्षिणी पड़ोसी, ऑस्ट्रिया के लोगों के समान, काफ़ी अमीर और भिन्‍न हैं ।	ᱡᱟᱨᱢᱟᱱ ᱯᱮᱥᱴᱨᱤ ᱠᱟᱯᱷᱤ ᱱᱟᱯᱟᱭ ᱜᱮᱭᱟ, ᱟᱨ ᱵᱟᱣᱟᱥᱤᱨ ᱨᱮ, ᱟᱯᱱᱟᱨ ᱫᱟᱠᱷᱤᱱ ᱟᱲᱮ ᱯᱟᱥᱮᱫ ᱨᱤᱱ, ᱟᱥᱴᱨᱮᱞᱤᱭᱟ ᱨᱮᱱᱟᱜ ᱥᱚᱢᱟᱱ ᱜᱮ ᱥᱟᱢᱤᱨᱫᱷ ᱟᱨ ᱵᱤᱵᱤᱫᱷ ᱢᱮᱱᱟᱜᱼᱟ᱾
मेरे पास पाँच मेज़ हैं।	ᱤᱧ ᱴᱷᱮᱱ ᱢᱚᱬᱮ ᱜᱚᱴᱟᱝ ᱴᱮᱵᱩᱞ ᱢᱮᱱᱟᱜᱼᱟ ᱠᱚᱣᱟ।
वाह! आप सुबह एक शिफ्ट और शाम को दूसरी शिफ्ट में काम करते हैं! क्या आप कभी आराम नहीं करते?	ᱳᱣᱟᱣ ! ᱟᱢ ᱫᱚ ᱥᱮᱛᱟᱜ ᱨᱮ ᱢᱤᱫ ᱥᱤᱯᱷᱴ ᱨᱮᱢ ᱠᱟᱹᱢᱤ ᱠᱮᱫᱟ ᱟᱨ ᱟᱹᱭᱩᱵ ᱮᱴᱟᱜ ᱥᱤᱯᱷᱴ ᱨᱮᱢ ᱠᱟᱹᱢᱤ ᱠᱮᱫᱟ ! ᱟᱢ ᱫᱚ ᱪᱮᱫ ᱚᱠᱟ ᱚᱠᱛᱚᱦᱚᱸ ᱵᱟᱢ ᱡᱤᱨᱟᱹᱜᱼᱟ ?
मेरे पास दस पेंसिल हैं।	ᱤᱧ ᱴᱷᱮᱱ ᱜᱮᱞ ᱜᱚᱴᱟᱝ ᱯᱮᱱᱥᱤᱞ ᱢᱮᱱᱟᱜᱼᱟ ᱠᱚᱣᱟ।
1.4 अरब लोग हैं और मुझे यह देखकर निराशा होती है कि भारत अभी भी विश्व कप फाइनल के लिए क्वालीफाई नहीं कर पाता है।	᱑ᱹ᱔ ᱵᱤᱞᱤᱭᱚᱱ ᱦᱚᱲ ᱟᱨ ᱤᱧ ᱱᱚᱣᱟᱭ ᱢᱤᱨᱞᱩᱝ ᱤᱧᱟᱹ ᱡᱮ ᱵᱷᱟᱨᱚᱛ ᱱᱤᱛ ᱦᱚᱸ ᱡᱮᱜᱮᱫ ᱠᱟᱯ ᱨᱮᱭᱟᱜ ᱯᱷᱟᱭᱱᱮᱞ ᱨᱮ ᱠᱷᱮᱞᱚᱰ ᱨᱮᱭᱟᱜ ᱡᱳᱜᱢᱟᱱ ᱵᱟᱠᱚ ᱦᱟᱢᱮᱴ ᱫᱟᱲᱮ ᱠᱟᱣᱫᱟ ᱾
ठीक है, सर. बहुत धन्यवाद!	ᱥᱟᱹᱨᱤᱜᱤ, ᱢᱟᱦᱟᱥᱚᱭ ᱾ ᱟᱭᱢᱟ ᱟᱭᱢᱟ ᱥᱟᱨᱦᱟᱣ !
अल्फोंसो VI कैस्टिले का राजा था।	ᱯᱨᱤᱱᱴᱤᱝ ᱯᱨᱮᱥᱠᱚᱫᱚ ᱩᱱ ᱮᱠᱷᱮᱱ ᱯᱩᱱᱠᱚᱲᱟᱱ ᱜᱚᱲᱦᱚᱱ ᱨᱮᱭᱟᱜ ᱪᱤᱠᱤ ᱠᱚ ᱵᱮᱣᱦᱟᱨ ᱛᱟᱦᱮᱸ ᱾
यह भोजन की मुख्य फ़सल है, और नकोल (चौढ़ोस), राफेश (चौढ़ीच), और अन्य भोजन की फसलें भी बढ़ जाती हैं ।	ᱦᱩᱲᱩ ᱫᱚ ᱦᱩᱭᱩᱜ ᱠᱟᱱᱟ ᱢᱩᱲᱩᱫ ᱡᱚᱢᱟᱜ ᱟᱱᱟᱪ, ᱟᱨ ᱫᱟᱹᱞ ( ᱥᱩᱴᱤ ), ᱨᱟᱜᱤ ( ᱢᱟᱹᱨᱣᱟᱹ ) ᱟᱨ ᱮᱴᱟᱜ ᱡᱚᱢᱟᱜ ᱟᱱᱟᱪ ᱠᱚᱦᱚᱸ ᱦᱩᱭᱩᱜᱼᱟ ᱾
यु. पू.	ᱵᱟᱨᱭᱟ ᱠᱟᱹᱴᱤᱡ ᱜᱟᱰᱟ ᱱᱩᱱᱤᱭᱟ ᱟᱨ ᱜᱚᱩᱨᱤ ᱟᱥᱟᱱᱥᱳᱞ ᱥᱟᱥᱮ ᱛᱮ ᱟᱹᱛᱩ ᱪᱟᱞᱟᱜ ᱠᱟᱱᱟ᱾
बुनियादी चीज़ों के लिए भी बाहर जाना मुश्‍किल है ।	ᱢᱩᱞᱟᱹᱱ ᱥᱩᱵᱤᱫᱷᱟ ᱞᱟᱹᱜᱤᱫ ᱵᱟᱨᱦᱮ ᱪᱟᱞᱟᱜ ᱫᱚ ᱟᱸᱡᱷᱟᱴ ᱜᱮᱭᱟ ᱾
बाद में वह वित्त, राज्य विकास, व्यापार और नवाचार मंत्री बनीं।	ᱛᱟᱭᱚᱢᱛᱮ ᱩᱱᱤ ᱫᱚ ᱠᱟᱹᱣᱰᱤ, ᱯᱚᱱᱚᱛ ᱩᱛᱱᱟᱹᱣ, ᱵᱟᱹᱱᱤᱡ ᱟᱨ ᱥᱤᱨᱡᱟᱹᱣ ᱢᱚᱱᱛᱨᱤᱭ ᱛᱟᱦᱮᱸ ᱠᱟᱱᱟ ᱾
सितंबर 1907 में, वह विएना गए और प्रवेश परीक्षा दी।	᱑᱙᱐᱗ ᱥᱟᱞ ᱨᱮᱭᱟᱜ ᱥᱮᱯᱴᱮᱢᱵᱚᱨ ᱨᱮ ᱩᱱᱤ ᱫᱚ ᱵᱷᱤᱭᱮᱱᱟᱭ ᱪᱟᱞᱟᱣ ᱮᱱᱟ ᱟᱨ ᱢᱤᱫᱴᱟᱝ ᱮᱱᱴᱨᱟᱱᱥ ᱵᱤᱱᱤᱰᱮ ᱮᱢ ᱠᱮᱫᱟ ᱾
आप भी अपने हिस्से कार्ड की एक प्रति के लिए जा सकते हैं, और कुछ अन्य दस्तावेज़ों मैं तुम्हें दे देंगे.	ᱟᱢ ᱟᱢᱟᱜ ᱨᱮᱥᱚᱱ ᱠᱟᱨᱰ ᱨᱮᱭᱟᱜ ᱢᱤᱫᱴᱟᱝ ᱚᱱᱟᱞᱮᱠᱟᱱ ᱟᱨ ᱤᱧ ᱟᱢ ᱮᱢᱚᱜ ᱞᱟᱹᱜᱤᱫ ᱢᱤᱫᱴᱟᱝ ᱟᱹᱨᱡᱤ ᱥᱟᱠᱟᱢ ᱨᱮ ᱛᱟᱹᱞᱤᱠᱟ ᱥᱮᱞᱮᱫ ᱠᱟᱹᱪ ᱮᱴᱟᱜ ᱱᱚᱛᱷᱤ ᱠᱚ ᱞᱟᱹᱜᱤᱫ ᱪᱟᱞᱟᱣ ᱫᱟᱲᱮᱭᱟᱜᱼᱟᱢ ᱾
विज्ञान का मुख्य लक्ष्य है, यह पता लगाना कि दुनिया वैज्ञानिक तरीक़े से कैसे कार्य करती है ।	ᱡᱮᱜᱮᱛ ᱫᱚ ᱥᱟᱮᱬᱴᱤᱯᱷᱤᱠ ᱦᱤᱥᱟᱹᱵ ᱛᱮ ᱪᱮᱞᱠᱟ ᱠᱟᱹᱢᱤᱭᱟᱭ ᱥᱟᱭᱮᱬᱴᱤᱥᱴ ᱠᱚᱣᱟᱜ ᱢᱩᱞ ᱩᱫᱮᱥ ᱠᱟᱱᱟ᱾ ᱱᱚᱶᱟ ᱛᱚᱨᱠᱟ ᱵᱟᱹᱲᱛᱤ ᱥᱟᱮᱬᱴᱤᱯᱷᱤᱠ ᱥᱮᱸᱫᱽᱨᱟ ᱠᱚ ᱟᱹᱭᱩᱨ ᱟᱭ᱾
अधिकांश लोग मीठा संस्करण पसंद करते हैं, और यह आम तौर पर इलाज और उपभोग के साथ खाया जाता है.	ᱟᱭᱢᱟ ᱦᱚᱲᱜᱮ ᱦᱮᱲᱮᱢᱟᱜ ᱠᱩᱥᱤᱭᱟᱜᱼᱟ ᱟᱨ ᱱᱚᱶᱟᱫᱚ ᱫᱟᱦᱤ ᱟᱨ ᱜᱩᱲ ᱟᱛᱮ ᱠᱚ ᱡᱚᱢᱟ ᱾
1962 में, उन्होंने इंसब्रुक के अकादमिक व्यायामशाला से स्नातक किया।	᱑᱙᱖᱒ ᱥᱟᱞ ᱨᱮ ᱩᱱᱤ ᱫᱚ ᱤᱱᱥᱵᱨᱩᱠ ᱨᱮᱭᱟᱜ ᱟᱠᱟᱫᱮᱢᱤᱥᱮᱥ ᱡᱤᱢᱱᱮᱥᱤᱭᱟᱢ ᱠᱷᱚᱱ ᱵᱤ ᱮ ᱯᱟᱥ ᱞᱮᱫᱟᱭ ᱾
सर, कृपया पेंटिंग को हाथ न लगाएं! यदि आप उस पर कोई दाग लगाते हैं, तो आपको इसके लिए भुगतान करना होगा।	ᱢᱟᱪᱮᱫ ᱜᱚᱢᱠᱮ, ᱪᱤᱛᱟᱹᱨ ᱫᱚ ᱟᱞᱚᱢ ᱡᱚᱴᱮᱫᱟ ! ᱡᱩᱫᱤ ᱟᱢ ᱫᱚ ᱱᱚᱣᱟᱨᱮ ᱢᱤᱫᱴᱟᱝ ᱫᱟᱜ ᱮᱢ ᱥᱤᱨᱡᱟᱹᱣᱼᱟ ᱛᱚᱵᱮ ᱤᱧ ᱱᱚᱣᱟ ᱨᱮᱭᱟᱜ ᱜᱚᱱᱚᱝ ᱮᱢ ᱦᱩᱭᱩᱜ ᱛᱤᱧᱟ ᱾
इसका मतलब है कि आप रात में जहाज़ पर लौटने और सो रहे दो दिन के लिए ऐतिहासिक शहर का दौरा कर सकते हैं ।	ᱱᱚᱣᱟ ᱨᱮᱭᱟᱜ ᱢᱟᱱᱮ ᱫᱚ ᱠᱟᱱᱟ ᱡᱮ ᱟᱢ ᱧᱤᱫᱟᱹ ᱡᱟᱦᱟᱡᱽ ᱨᱮ ᱨᱩᱣᱟᱹᱲ ᱟᱨ ᱜᱤᱛᱤᱡ ᱠᱮᱛᱮᱡ ᱵᱟᱨ ᱫᱤᱱ ᱞᱟᱹᱜᱤᱫ ᱮᱛᱤᱦᱟᱥᱤᱠ ᱥᱚᱦᱚᱨ ᱨᱮᱭᱟᱜ ᱮᱢ ᱭᱟᱛᱨᱟ ᱫᱟᱲᱮᱭᱟᱜᱼᱟ᱾
क्या मैं आपका नाम रख सकता हूँ, कृपया?	ᱤᱧ ᱪᱮᱫ ᱟᱢᱟᱜ ᱧᱩᱛᱩᱢ ᱤᱧ ᱵᱟᱰᱟᱭ ᱫᱟᱲᱮᱭᱟᱜᱼᱟ ?
जापान में, सम्राट द्वारा केवल अपने लिए और अति - महत्त्वपूर्ण अदालत के अन्य सदस्यों द्वारा सबसे पहले फलना - फूल - फूल पार्टी बनायी जाती थी ।	ᱡᱟᱯᱟᱱ ᱨᱮ, ᱯᱩᱭᱞᱩ ᱪᱮᱨᱤ ᱵᱟᱦᱟ ᱯᱟᱴᱤ ᱨᱟᱡᱽ ᱦᱚᱛᱮᱛᱮ ᱮᱠᱞᱟ ᱨᱟᱡᱽ ᱞᱟᱹᱜᱤᱫ ᱟᱨ ᱨᱟᱡᱽ ᱟᱹᱨᱤ ᱥᱚᱦᱮᱛ ᱠᱚ ᱞᱟᱹᱜᱤᱫ ᱥᱟᱯᱲᱟᱣ ᱞᱮᱱᱟ᱾
मेरे पति की कल आँख का ऑपरेशन होना तय है लेकिन हम इसका खर्च नहीं उठा सकते।	ᱤᱧᱨᱮᱱ ᱡᱟᱶᱟᱭᱟᱜ ᱢᱤᱫᱴᱟᱝ ᱢᱮᱫ ᱨᱮᱭᱟᱜ ᱚᱯᱟᱨᱮᱥᱚᱱ ᱜᱟᱯᱟ ᱴᱷᱟᱹᱣᱠᱟᱹᱣᱟᱠᱟᱱᱟ ᱢᱮᱱᱠᱷᱟᱱ ᱟᱞᱮ ᱚᱱᱟ ᱠᱷᱚᱨᱚᱪ ᱵᱟᱝᱞᱮ ᱡᱚᱜᱟᱲ ᱫᱟᱲᱮᱭᱟᱜ ᱠᱟᱱᱟ ᱾
कौन - से दस्तावेज़ों की ज़रूरत होगी?	ᱦᱚᱞᱚᱯᱱᱟᱢᱟᱭ ᱞᱟᱹᱜᱤᱫ ᱚᱠᱟ ᱱᱚᱛᱷᱤ ᱞᱟᱹᱠᱛᱤ ᱢᱮᱱᱟᱜᱼᱟ ?
इस वार्ता के कार्यों में से एक डिजिटल विभाजन (डिजिटल डिवाइड) को कम करना था।	ᱱᱚᱶᱟ ᱜᱟᱞᱚᱪ ᱨᱮᱭᱟᱜ ᱢᱩᱲᱩᱫ ᱠᱟᱹᱢᱤ ᱫᱚ ᱛᱟᱦᱮᱸ ᱠᱟᱱᱟ ᱰᱤᱡᱤᱴᱟᱞ ᱵᱷᱮᱯᱮᱜᱮᱫ ᱦᱩᱰᱤᱧ ᱠᱟᱜ ᱾
बी. आई., अमरीका	ᱴᱩᱱᱟᱢᱮᱱᱴ ᱨᱮ ᱥᱚᱢᱟᱪᱟᱨ ᱞᱟᱹᱜᱤᱫ ᱯᱚᱞᱚ ᱢᱮᱪ ᱞᱟᱹᱜᱤᱫ ᱴᱤᱠᱚᱴ ᱚᱠᱟᱨᱮ ᱠᱤᱨᱤᱧᱟᱢ, ᱮᱥᱚᱥᱤᱭᱮᱥᱚᱱ ᱟᱨᱡᱮᱱᱴᱤᱱᱟ ᱰᱤ ᱯᱟᱞᱚ ᱨᱮ ᱡᱟᱧᱪ ᱢᱮ᱾
एलडर ने आगे कहा कि योजना बनाते वक्‍त 12 किलोमीटर (7.5 मी.5 मी.	ᱢᱟᱨᱟᱝ ᱠᱚᱲᱟ ᱯᱞᱤᱱᱤ ᱥᱮᱞᱮᱫ ᱞᱮᱫᱟ ᱡᱮ ᱩᱭᱦᱟᱹᱨ ᱵᱷᱟᱵᱱᱟ ᱡᱷᱟᱹᱞ ᱛᱟᱦᱮᱸᱠᱟᱱᱟ ᱑᱒ ᱠᱤᱞᱳᱢᱤᱴᱟᱨ (᱗ᱹ᱕ ᱢᱟᱭᱞ) ᱟᱨ ᱡᱚᱥᱫᱚ ᱛᱟᱦᱮᱸᱠᱟᱱᱟ ᱠᱮᱥᱴᱨᱤᱭ ᱟᱨ ᱦᱟᱨᱢᱤᱭ ᱥᱟᱝᱷᱟ ᱥᱟᱹᱢᱩᱫ ᱢᱩᱫᱨᱮ ᱥᱟᱹᱜᱟᱹᱭ ᱮ ᱡᱳᱲᱟᱣ ᱞᱮᱫᱟ ᱜᱷᱩᱴᱩᱥᱚᱱᱫᱷᱤ ᱢᱩᱫᱨᱮ ᱢᱤᱫᱴᱟᱝ ᱠᱷᱟᱞ ᱠᱚ ᱞᱟ ᱞᱮᱫᱟ᱾
मैं बड़ी ईमानदारी की खोज में, १० प्रतिशत से लेकर १० प्रतिशत की वर्तमान दर के १५ प्रतिशत तक पुस्तक लाभों की दर बढ़ाने का प्रस्ताव रखता हूँ ।	ᱢᱟᱦᱟᱱ ᱥᱚᱢᱚᱛᱟ ᱥᱮᱱᱫᱨᱟᱭ ᱞᱟᱹᱜᱤᱫ, ᱱᱟᱦᱟᱜ ᱨᱮᱴ ᱨᱮᱭᱟᱜ ᱑᱐ ᱯᱟᱨᱥᱮᱱᱴ ᱠᱷᱚᱱ ᱢᱟᱴ ᱨᱮᱭᱟᱜ ᱨᱮᱴ ᱫᱚ ᱵᱚᱭ ᱯᱨᱚᱯᱷᱤᱴ ᱨᱮᱭᱟᱜ ᱑᱕ ᱯᱟᱨᱥᱮᱱᱴ ᱨᱮ ᱵᱟᱲᱦᱟᱣ ᱨᱮᱭᱟᱜ ᱠᱟᱛᱷᱟᱧ ᱮᱢᱮᱫᱟ ᱾
विकसित देशों में आप कभी - कभी पानी गुणवत्ता या पुल के गिरने के बारे में शिकायतों के समान स्तर सुनते हैं ।	ᱣᱤᱠᱥᱤᱛ ᱫᱤᱥᱚᱢ ᱨᱮ ᱟᱢ ᱯᱟᱞᱮ ᱜᱮ ᱫᱟᱜ ᱨᱮᱭᱟᱜ ᱜᱩᱬᱣᱚᱠᱛᱟ ᱟᱨ ᱯᱩᱞ ᱠᱚ ᱨᱮᱭᱟᱜ ᱧᱩᱨᱩᱜ ᱨᱮᱭᱟᱜ ᱥᱚᱢᱟᱱ ᱥᱛᱟᱨ ᱨᱮᱭᱟᱜ ᱠᱷᱚᱵᱚᱨ ᱟᱸᱡᱚᱢ ᱮᱫᱟᱢ᱾
सन्‌ 2000 में उसने रोबर्टी डॆनिस चेंबर्स (Carselansans), जॉन मैक्लिन, ई., सन्‌ 2006 में, उन्होंने मेहमान डी.	᱒᱐᱐᱐ ᱨᱮ ᱰᱨᱟᱢ ᱨᱩᱨᱩᱭᱤᱡ ᱰᱮᱱᱤᱥ ᱪᱮᱢᱵᱟᱥ (ᱠᱟᱨᱞᱳᱥ ᱥᱟᱱᱴᱟᱱᱟ,ᱡᱚᱱ ᱢᱮᱠᱞᱟᱯᱷᱞᱤᱱᱟᱨ ᱮᱴᱟᱜ ᱮᱴᱟᱜ) ᱨᱮᱱ ᱥᱟᱶᱛᱮ ᱩᱱᱤ ᱨᱮᱥᱠᱤᱭ ᱨᱮᱠᱚᱰ ᱞᱮᱫᱟᱭ ᱒᱐᱐᱖ ᱨᱮ ᱚᱛᱤᱛᱷᱤᱛᱤ ᱰᱤᱡᱮ ᱞᱚᱡᱤᱠ ᱟᱨ ᱠᱮᱞᱟᱨᱟ ᱩᱭᱞᱤᱭᱢᱟᱥ(ᱜᱤᱴᱟᱨ ᱟᱨ ᱵᱮᱥ) ᱨᱮᱱ ᱥᱟᱶᱛᱮ ᱟᱭᱟᱜ ᱥᱮᱴᱳ ᱵᱮᱱᱟᱮᱥ ।
गोआ के राज्य का जानवर गाबर है, राज्य पक्षी अग्निमय बीबर है, और राज्य पेड़ भारतीय लाउनल है.	ᱜᱳᱣᱟ ᱯᱚᱱᱚᱛ ᱡᱤᱭᱟᱹᱞᱤ ᱜᱳᱨ, ᱯᱚᱱᱚᱛ ᱪᱮᱬᱮ ᱥᱟᱥᱟᱝ ᱯᱤᱭᱳ ᱪᱮᱬᱮ ᱟᱨ ᱯᱚᱱᱚᱛ ᱫᱟᱨᱮ ᱦᱩᱭᱩᱜ ᱠᱟᱱᱟ ᱵᱷᱟᱨᱚᱛᱤᱭᱟᱹ ᱞᱚᱨᱮᱞ ᱾
मैं जानना चाहता हूँ कि कौन बीमा नीति इस उम्र में मेरे लिए उपयुक्त है.	ᱤᱧ ᱫᱚ ᱵᱟᱰᱟᱭᱤᱧ ᱠᱷᱚᱡ ᱠᱟᱱᱟ ᱚᱠᱟᱴᱟᱜ ᱤᱱᱥᱩᱨᱮᱱᱥ ᱯᱚᱞᱤᱥᱤ ᱤᱧ ᱞᱟᱹᱜᱤᱫ ᱡᱚᱛᱷᱟᱛᱟ ᱤᱧᱟᱜ ᱱᱚᱣᱟ ᱩᱢᱮᱨ ᱨᱮ ᱾
नेटफ्लिक्स पर फिल्में देखते समय वीपीएन का उपयोग न करें। ऐसा करने पर आप पर जुर्माना लगाया जा सकता है।	ᱱᱮᱴᱯᱷᱞᱤᱠᱥ ᱨᱮ ᱪᱚᱞᱚᱛ ᱪᱤᱛᱟᱹᱨ ᱧᱮᱞ ᱚᱠᱛᱚ ᱵᱷᱤ ᱯᱤ ᱮᱱ ᱟᱞᱚᱢ ᱵᱮᱵᱚᱦᱟᱨᱼᱟ ᱾  ᱱᱚᱣᱟ ᱠᱚᱨᱟᱣ ᱞᱟᱹᱜᱤᱫ ᱟᱢᱟᱜ ᱰᱟᱸᱰᱚᱢ ᱦᱩᱭ ᱫᱟᱲᱮᱭᱟᱜᱼᱟ ᱾
क्या यह सही है कि ज्ञान भारत में अध्ययन के लिए है, सर?	ᱛᱟᱦᱚᱞᱮ ᱢᱟᱦᱟᱥᱚᱭ ᱱᱤᱭᱟᱹ ᱫᱚ ᱴᱷᱤᱠ ᱡᱮ ᱵᱷᱟᱨᱚᱛᱨᱮ ᱯᱟᱬᱦᱟᱜᱽ ᱞᱟᱹᱜᱤᱫᱽᱜᱤ ᱱᱤᱭᱟᱹ ᱥᱠᱚᱞᱟᱨᱥᱤᱯ ᱫᱚ ?
सो कागज में लिखा है: प्रधानमंत्री वॉना योयाना ।	ᱛᱟᱦᱞᱮ ᱠᱷᱟᱱ ᱠᱟᱜᱚᱡᱽ ᱫᱚᱭ ᱯᱟᱲᱦᱟᱣ ᱟᱠᱟᱫᱟ ᱺ ᱯᱨᱚᱫᱷᱟᱱᱢᱚᱱᱛᱨᱤ ᱵᱷᱟᱭᱟ ᱵᱚᱱᱫᱚᱱᱟ ᱡᱳᱡᱚᱱᱟ ᱾
संस्था के पास एक डेटाबेस है जो प्रतिभाशाली बच्चों के लिए कई उपकरण प्रदान करता है।	ᱟᱥᱲᱟ ᱫᱚ ᱢᱤᱫᱴᱟᱝ ᱰᱟᱴᱟᱵᱮᱥ ᱨᱮᱱ ᱢᱟᱞᱤᱠ ᱠᱟᱱᱟᱭ ᱡᱟᱦᱟ ᱫᱚ ᱜᱟᱹᱠᱷᱩᱲᱟᱱ ᱜᱤᱫᱽᱨᱟᱹᱠᱚ ᱞᱟᱹᱜᱤᱫ ᱟᱭᱢᱟ ᱥᱟᱯᱷᱟᱵᱼᱮ ᱮᱢᱚᱜᱼᱟ ᱾
क्या आप मुझे कुछ सुझाव दे सकते हैं?	ᱟᱟᱢ ᱪᱮᱫ ᱠᱤᱪᱷᱤ ᱱᱟᱯᱟᱭ ᱫᱤᱥ ᱦᱩᱫᱤᱥᱮᱢ ᱮᱢ ᱫᱟᱲᱮᱭᱟᱹᱧᱟ ?
प्रतिनिधिों की एक बहुत सारा समय होता है.	ᱡᱟᱣ ᱜᱮ ᱟᱹᱰᱤᱜᱟᱱ ᱨᱮᱹᱞᱤ ᱦᱩᱭᱩᱜᱼᱟ ᱾
साथ ही, मैं एक प्रसिद्ध हिंदू के बारे में सुना जो मसीहियत में परिवर्तित किया जा रहा था.	ᱚᱱᱢᱟᱱ ᱤᱱᱟᱹ ᱚᱠᱛᱮ ᱨᱮᱜᱮ, ᱤᱧᱫᱚ ᱢᱤᱫ ᱧᱩᱢᱟᱱ ᱦᱤᱱᱫᱩ ᱤᱥᱟᱹᱭ ᱫᱷᱚᱨᱚᱢ ᱨᱮ ᱩᱪᱟᱹᱲᱚᱜ ᱨᱮᱭᱟᱜ ᱠᱟᱛᱷᱟᱧ ᱟᱸᱡᱚᱢ ᱞᱮᱫᱟ ᱾
इसके बाद, वेनटोटोर का धन्यवाद करते थे, लेकिन रोमनी के लिए बहुत ही ज़ोरदार शब्द थे ।	ᱚᱨᱡᱚ ᱚᱰᱚᱜ ᱮᱱ ᱛᱟᱭᱚᱢ, ᱜᱤᱝᱨᱤᱪ ᱥᱮᱱᱴᱚᱨᱟᱢ ᱮ ᱥᱟᱨᱦᱟᱣ ᱞᱮᱫᱮᱭᱟ, ᱨᱚᱢᱱᱤ ᱞᱟᱹᱜᱤᱫ ᱠᱮᱴᱮᱡ ᱟᱲᱟᱝ ᱛᱟᱦᱮᱸ ᱠᱟᱱᱟ, ᱡᱟᱦᱟᱸᱭ ᱯᱟᱥᱴᱟ ᱥᱮᱫ ᱠᱷᱚᱱ ᱟᱭᱳᱣᱟ ᱨᱮ ᱜᱤᱝᱨᱤᱪ ᱵᱤᱨᱩᱫᱽ ᱨᱮ ᱱᱮᱜᱮᱴᱤᱵᱷ ᱚᱵᱷᱤᱡᱟᱱ ᱮᱰᱵᱷᱟᱴᱟᱭᱤᱡᱽᱢᱮᱱᱴ ᱯᱟᱥᱱᱟᱣ ᱦᱩᱭ ᱞᱮᱱᱟ᱾
अरे नहीं! माँ, मुझे बस से स्कूल जाना पसंद नहीं है। सभी बच्चे मेरा मज़ाक उड़ाते हैं।	ᱳ ᱵᱟᱝ! ᱟᱭᱳ, ᱤᱧ ᱫᱚ ᱵᱟᱥ ᱛᱮ ᱵᱤᱨᱫᱟᱹᱜᱟᱲ ᱥᱮᱱᱚᱜ ᱵᱟᱹᱧ ᱠᱩᱥᱤᱭᱟᱜᱼᱟ ᱾ ᱥᱟᱱᱟᱢ ᱜᱤᱫᱽᱨᱟᱹ ᱠᱚ ᱤᱧ ᱱᱤᱭᱟᱹ ᱠᱚ ᱢᱚᱡᱟᱭᱟ !
गिनती: दो।	ᱞᱮᱠᱷᱟ: ᱵᱟᱨ।
इस क्रिया को अनेक तरीकों से समस्या कहा गया है, जिसमें सत्ता का केंद्र होना, प्रकृति में विरोधी होना, और स्थानीय स्तर पर एक प्रभाव होना, दर्द से निपटने के लिए समाज के सूक्ष्म स्तर पर।	ᱫᱟᱲᱮᱨᱮᱭᱟᱜ ᱠᱮᱱᱫᱨᱤᱠᱚᱨᱚᱱ, ᱥᱤᱨᱡᱟᱹᱣᱟᱱᱟᱜ ᱞᱮᱠᱟᱛᱮ ᱡᱚᱯᱚᱲᱟᱣᱼᱯᱚᱱᱚᱛ ᱵᱤᱨᱩᱫ ᱟᱨ ᱛᱷᱟᱹᱱᱤᱠᱼᱛᱷᱟᱹᱨᱨᱮ ᱩᱛᱷᱱᱟᱹᱣ ᱪᱮᱛᱟᱱ ᱮᱥᱮᱲ ᱯᱟᱥᱱᱟᱣᱤᱡᱽ ᱟᱨ ᱥᱟᱶᱛᱟᱨᱮᱭᱟᱜ ᱦᱩᱰᱩᱧᱼᱛᱷᱟᱹᱨᱨᱮ ᱵᱟᱲᱤᱡᱽ ᱦᱟᱞᱚᱛ ᱢᱢᱩᱠᱟᱹᱵᱤᱞᱟᱭ ᱞᱟᱹᱜᱤᱫᱛᱮ ᱥᱚᱝᱥᱚᱫ ᱨᱮᱭᱟᱜ ᱮᱥᱮᱲ ᱥᱟᱶ ᱱᱤᱭᱟᱹ ᱦᱚᱨᱟ ᱫᱚ ᱟᱠᱚᱴᱟᱱᱟᱜ ᱞᱮᱠᱟᱛᱮ ᱪᱤᱱᱦᱟᱹᱣᱟᱠᱟᱱᱟ ᱾
और कौन क्लब आप शामिल किया था?	ᱟᱨ ᱚᱠᱟᱴᱟᱜ ᱠᱞᱟᱵᱽ ᱨᱮᱢ ᱥᱮᱞᱮᱫ ᱟᱠᱟᱱᱟ ?
इस व्यायाम को करने का उसका तरीका इतना अजीब और खराब है कि यह घिनौना लगता है।	ᱩᱱᱤᱭᱟᱜ ᱱᱚᱣᱟ ᱵᱮᱭᱟᱢ ᱠᱚᱨᱟᱣ ᱦᱚᱨᱟ ᱫᱚ ᱱᱩᱱᱟᱹᱜ ᱜᱮ ᱦᱟᱦᱟᱲᱟᱣᱟᱱ ᱟᱨ ᱵᱟᱹᱲᱤᱡ ᱡᱮ ᱚᱱᱟ ᱫᱚ ᱦᱤᱨᱠᱷᱟᱹ ᱜᱮ ᱧᱮᱞᱚᱜ ᱠᱟᱱᱟ ᱾
सैकड़ों अस्वीकृतियों के बाद, मुझे आज अचानक सीईओ पद के लिए एक प्रस्ताव मिला।	ᱥᱟᱭ ᱥᱟᱭ ᱫᱷᱟᱣ ᱯᱨᱚᱛᱟᱠᱷᱟᱱ ᱛᱟᱭᱚᱢ, ᱤᱧ ᱟᱪᱠᱟᱜᱮ ᱢᱤᱫᱴᱟᱝ ᱥᱤ ᱤ ᱳ ᱦᱩᱫᱟᱹ ᱞᱟᱹᱜᱤᱫ ᱢᱤᱫᱴᱟᱝ ᱯᱨᱚᱥᱛᱟᱵᱽ ᱤᱧ ᱧᱟᱢ ᱟᱠᱟᱫᱟ ᱾
रूपक (Allegory) के पात्र ऐसे प्रतीक होते हैं जो विशेष विचारों का प्रतिनिधित्व करते हैं।	ᱨᱩᱯᱚᱠ ᱪᱤᱠᱤ ᱫᱚ ᱦᱩᱭᱩᱜ ᱠᱟᱱᱟ ᱪᱤᱱᱦᱟᱹ ᱡᱟᱸᱦᱟ ᱫᱚ ᱜᱚᱴᱟᱵᱩᱴᱟᱹ ᱫᱷᱟᱨᱚᱱᱟ ᱨᱮᱭᱟᱜ ᱮ ᱢᱟᱲᱛᱮᱭᱟ ᱾
पमंतसन एनजी लुंग्सोड एनजी मैनिला प्रतिधारण के लिए एक विशिष्ट ग्रेडिंग श्रेणी का भी उपयोग करता है।	ᱢᱮᱹᱱᱤᱞᱟ ᱡᱮᱜᱮᱫ ᱵᱤᱨᱫᱟᱹᱜᱟᱲ ᱥᱟᱵ ᱫᱚᱦᱚᱭ ᱞᱟᱹᱜᱤᱫ ᱢᱤᱫᱴᱟᱝ ᱜᱚᱴᱟᱵᱩᱴᱟᱹ ᱜᱨᱮᱰᱤᱝ ᱛᱷᱚᱱᱚᱛ ᱦᱚᱸᱠᱚ ᱵᱟᱦᱟᱞᱟ ᱾
मेरे पास बयालीस पक्षी हैं।	ᱤᱧ ᱴᱷᱮᱱ ᱯᱳᱱ ᱜᱮᱞ ᱵᱟᱨ ᱜᱚᱴᱟᱝ ᱪᱤᱲᱤᱡ ᱢᱮᱱᱟᱜᱼᱟ ᱠᱚᱣᱟ।
भारत में केवल पाँच प्रतिशत ही इसका हिस्सा है, फिर भी यह सभ्यता, साथ ही अर्थव्यवस्था के मामलों में सबसे महत्त्वपूर्ण नदियों में से एक है ।	ᱵᱷᱟᱨᱚᱛ ᱨᱮᱭᱟᱜ ᱢᱚᱬᱮ ᱥᱟᱭᱦᱤᱥ ᱦᱤᱸᱥ ᱢᱮᱱᱟᱜ ᱛᱟᱭᱟ, ᱮᱱᱛᱮᱦᱚᱸ ᱥᱚᱥᱱᱚᱜ ᱥᱟᱶ ᱥᱟᱶᱛᱮ ᱠᱟᱹᱣᱰᱤᱟᱹᱨᱤ ᱥᱮᱪ ᱛᱮᱦᱚᱸ ᱱᱚᱶᱟᱫᱚ ᱞᱟᱹᱠᱛᱤᱭᱟᱱ ᱱᱟᱹᱭ ᱠᱟᱱᱟ ᱾
नीशी ने यह भी रिपोर्ट दी कि नीगेवा परमाणु शक्‍ति के परमाणु इंजन में आम तौर पर काम किया जा रहा था ।	ᱮᱱᱹᱮᱪᱹᱠᱮᱹ ᱱᱚᱣᱟ ᱦᱚᱸᱭ ᱞᱟᱹᱭ ᱟᱠᱟᱫᱟ ᱡᱮ ᱱᱤᱜᱟᱴᱟ ᱯᱨᱤᱯᱷᱮᱠᱪᱟᱨ ᱨᱮᱭᱟᱜ ᱠᱟᱥᱤᱣᱟᱡᱟᱠᱤ ᱠᱟᱨᱤᱣᱟ ᱱᱤᱣᱠᱞᱤᱯᱭᱟᱨ ᱯᱟᱣᱟᱨ ᱯᱞᱮᱱᱴ ᱴᱷᱤᱠ ᱜᱮᱭ ᱠᱟᱹᱢᱤᱭᱮᱫ ᱠᱟᱱ ᱛᱟᱦᱮᱸᱱᱟ᱾
डॉक्टर, मेरे परीक्षण परिणामों में क्या गड़बड़ी है? क्या मैं ठीक हो जाऊँगा?	ᱰᱟᱠᱛᱚᱨ, ᱤᱧᱟᱜ ᱵᱤᱰᱟᱹᱣ ᱚᱨᱡᱚ ᱨᱮ ᱪᱮᱫ ᱜᱟᱹᱞᱛᱤ ᱢᱮᱱᱟᱜᱼᱟ ? ᱤᱧ ᱫᱚ ᱪᱮᱫ ᱵᱷᱟᱜᱮᱧ ᱛᱟᱦᱮᱱᱟ ?
इन सिफारिशों के आधार पर, सरकार ने निश्चित रूप से निश्चित रूप से निश्चित रूप से 1 जनवरी 2006 को अधिकारी वर्ग (PBOR) के नीचे प्रायोगिकीकरण को बढ़ाने का निर्णय लिया है (PROR) और उसके बाद 10 अक्टूबर, 1997 कोषकों के साथ.	ᱱᱤᱭᱟᱹ ᱥᱩᱯᱟᱹᱨᱤᱥᱠᱚ ᱪᱮᱛᱟᱱ ᱴᱮᱦᱟᱰᱠᱟᱛᱮ , ᱥᱚᱨᱠᱟᱨ ᱫᱚ ᱑ ᱡᱟᱱᱣᱟᱨᱤ ᱒᱐᱐᱖ ᱰᱤᱯᱷᱮᱱᱥ ᱯᱮᱱᱥᱚᱱᱟᱨᱥ ᱵᱤᱞᱳ ᱚᱯᱷᱤᱥᱟᱨ ᱨᱮᱝᱠ (ᱯᱤᱵᱤᱳᱟᱨ) ᱞᱟᱦᱟᱱ ᱠᱩᱣᱟᱜ ᱯᱮᱱᱥᱚᱱ ᱚᱞᱟᱠᱟᱱ ᱞᱮᱠᱟ ᱩᱛᱷᱱᱟᱹᱣ ᱨᱮᱭᱟᱜᱽ ᱟᱨ ᱑᱐ ᱚᱠᱴᱚᱵᱚᱨ, ᱑᱙᱙᱗ ᱞᱟᱦᱟᱱ ᱯᱮᱱᱥᱚᱱ ᱧᱟᱢ ᱠᱩ ᱫᱚ ᱑᱐ ᱚᱠᱴᱚᱵᱚᱨ ᱑᱙᱙᱗ ᱛᱟᱭᱚᱢ ᱯᱮᱱᱥᱚᱱ ᱧᱟᱢ ᱠᱩ ᱛᱩᱞᱩᱡᱽ ᱥᱚᱢᱟᱱ ᱨᱮ ᱟᱜᱩᱭᱮ ᱴᱷᱟᱲᱚᱜᱚᱴᱟᱣᱟᱠᱟᱫᱟ ᱾
यह फल खासकर जमैका के मध्य भाग में पाया जाता है, खास तौर पर 1,000,,500 फुट की ऊँचाई के बीच ।	ᱞᱮᱵᱩ ᱞᱮᱠᱟᱱᱟᱜ ᱡᱚ ᱢᱩᱲᱩᱫ ᱞᱮᱠᱟᱛᱮ ᱡᱟᱢᱟᱭᱠᱟᱨ ᱛᱟᱱᱟᱞᱟ ᱴᱚᱴᱷᱟ ᱨᱮ ᱵᱤᱥᱮᱥ ᱠᱟᱛᱮ ᱑᱐᱐᱐ᱼ᱒,᱕᱐᱐ ᱯᱷᱩᱴ ᱪᱮᱛᱟᱱ ᱢᱩᱫᱨᱮ ᱟᱨᱡᱟᱣ ᱦᱩᱭᱩᱜᱼᱟ ᱾
अन्य जीवविज्ञान द्वीप, और धोखा देनेवाला... ... जहां अभी भी एक ज्वालामुखी की बाढ़ - ग्रस्त ज्वालामुखी की बाढ़ एक शानदार प्राकृतिक सैर प्रदान करती है.	ᱮᱴᱟᱜ ᱠᱚ ᱞᱤᱵᱷᱤᱝᱥᱴᱚᱱ ᱫᱤᱯ ᱥᱟᱶᱛᱮ, ᱟᱨ ᱰᱤᱥᱮᱯᱥᱚᱱ ᱢᱮᱱᱟᱜᱼᱟ ᱡᱟᱦᱟᱸ ᱨᱮ ᱢᱤᱫ ᱧᱤᱛ ᱦᱚᱸ ᱥᱚᱠᱪᱷᱚᱢ ᱡᱩᱞᱟᱢᱩᱠᱷᱤ ᱨᱮᱭᱟᱜ ᱵᱟᱲ ᱠᱟᱨᱞᱰᱮᱨᱟ ᱫᱚ ᱢᱤᱫ ᱥᱟᱱᱫᱟᱨ ᱯᱚᱨᱠᱤᱛᱤ ᱵᱟᱨᱵᱚᱨ ᱮᱢᱚᱜᱼᱟᱭ᱾
मैं आप सभी सबसे अच्छा चाहते हैं.	ᱟᱢ ᱞᱟᱹᱜᱤᱫᱽ ᱤᱧᱟᱜ ᱛᱷᱩᱢ ᱛᱟᱦᱮᱸᱭᱮᱱᱟ ᱾
आज कई जगहों पर मेरा क्रेडिट कार्ड अस्वीकार हो रहा है। मुझे नहीं पता कि मेरे बैंक खाते में पर्याप्त पैसे हैं या नहीं।	ᱤᱧᱟᱜ ᱠᱨᱮᱰᱤᱴ ᱛᱮᱦᱮᱧ ᱟᱭᱢᱟ ᱡᱟᱭᱜᱟᱨᱮ ᱠᱚᱢᱚᱜ ᱠᱟᱱᱟ ᱾ ᱤᱧᱟᱜ ᱵᱮᱝᱠ ᱮᱠᱟᱣᱩᱱᱴ ᱨᱮ ᱰᱷᱮᱨ ᱠᱟᱹᱣᱰᱤ ᱢᱮᱱᱟᱜᱼᱟ ᱥᱮ ᱵᱟᱝ ᱵᱟᱹᱧ ᱵᱟᱰᱟᱭᱟ ᱾
यह एक ऐसी बीमारी है जो मध्य तंत्रिका तंत्र को प्रभावित करती है, जो मस्तिष्क से बनी होती है, नसों की हड्डी और नसों को प्रभावित करती है ।	MS ᱢᱤᱫᱴᱟᱹᱝ ᱱᱚᱠᱟ ᱵᱮᱢᱟᱨᱤ ᱠᱟᱱᱟ ᱚᱠᱟ ᱫᱚ ᱠᱮᱱᱫᱨᱭᱚ ᱛᱚᱱᱛᱨᱤᱠᱟ ᱛᱚᱱᱛᱨᱚ ᱠᱟ ᱯᱨᱚᱵᱷᱟᱣᱤᱛ ᱟᱭ, ᱚᱠᱟ ᱫᱚ ᱵᱷᱮᱡᱟ, ᱥᱯᱟᱭᱱᱟᱹᱞ ᱠᱚᱰ ᱟᱨ ᱚᱯᱴᱤᱠ ᱱᱟᱹᱨᱵᱷ ᱛᱮ ᱛᱮᱭᱟᱨ ᱠᱟᱱᱟ᱾
मुझे लगा कि महामारी की एक और लहर आ रही है। क्या यह एक झूठी चेतावनी थी?	ᱤᱧᱟᱜ ᱢᱚᱱᱮ ᱦᱩᱭᱩᱜ ᱠᱟᱱᱟ ᱢᱟᱦᱟᱢᱟᱹᱨᱤ ᱨᱮᱭᱟᱜ ᱟᱨ ᱢᱤᱫᱴᱟᱝ ᱰᱷᱮᱣ ᱦᱤᱡᱩᱜ ᱠᱟᱱᱟ ᱾ ᱱᱚᱣᱟ ᱫᱚ ᱪᱮᱫ ᱢᱤᱫᱴᱟᱝ ᱮᱲᱮ ᱥᱚᱱᱛᱚᱨᱟᱱᱟᱜ ᱛᱟᱦᱮᱸᱠᱟᱱᱟ ?
2010 की जनगणना के अनुसार, वहाँ 98,970 लोग रहते थे।	᱒᱐᱑᱐ ᱥᱟᱞ ᱨᱮᱭᱟᱜ ᱦᱚᱲ ᱞᱮᱠᱷᱟ ᱞᱮᱠᱟᱛᱮ, ᱙᱘,᱙᱗᱐ ᱦᱚᱲ ᱚᱰᱮᱠᱚ ᱜᱤᱨᱟᱹᱵᱟᱥᱚᱜ ᱛᱟᱦᱮᱸ ᱾
मैं एक विद्यार्थी हूँ	ᱤᱧ ᱫᱚ ᱢᱤᱫ ᱯᱟᱹᱴᱷᱩᱣᱟᱹ ᱠᱟᱱᱟᱹᱧ
एच.सी. हॉकेन को मेयर के रूप में अपने पहले पूर्ण कार्यकाल के लिए चुना गया था।	ᱮᱭᱤᱡ ᱥᱤ ᱦᱚᱠᱮᱱ ᱫᱚ ᱟᱡᱟᱜ ᱯᱳᱭᱞᱳ ᱯᱩᱨᱟᱹ ᱢᱮᱭᱟᱫ ᱨᱮ ᱢᱮᱭᱚᱨ ᱞᱮᱠᱟᱛᱮᱭ ᱵᱟᱪᱷᱱᱟᱣ ᱞᱮᱱᱟ ᱾
मुझे एक खालीपन सा महसूस हो रहा है।	ᱢᱤᱫᱴᱟᱝ ᱚᱵᱷᱟᱵᱽ ᱨᱮᱭᱟᱜ  ᱦᱩᱰᱩᱜᱽ ᱤᱧ ᱟᱹᱭᱠᱟᱹᱣ ᱮᱫᱟ ᱾
उस तरह, वह भी ठीक रहेगा ।	ᱱᱚᱶᱟᱛᱮ, ᱟᱡᱽᱦᱚᱸ ᱯᱷᱤᱴᱮ ᱛᱟᱦᱮᱸᱱᱟ ᱾
वह न्यूयॉर्क शहर लौट आए और एक सत्र संगीतकार बन गए।	ᱩᱱᱤ ᱫᱚ ᱱᱤᱣ ᱭᱚᱨᱠ ᱥᱟᱦᱟᱨ ᱨᱮᱭ ᱨᱩᱣᱟᱹᱲ ᱦᱮᱡ ᱞᱮᱱᱟ ᱟᱨ ᱢᱤᱫᱴᱟᱝ ᱥᱤᱡᱚᱱ ᱢᱤᱣᱡᱤᱥᱤᱭᱟᱱ ᱮ ᱦᱩᱭ ᱞᱮᱱᱟ ᱾
यह WWE संजाल पर भी चलती थी ।	ᱱᱚᱶᱟᱫᱚ ᱰᱚᱵᱞᱩ ᱰᱚᱵᱞᱩ ᱤ ᱱᱮᱴᱳᱣᱨᱟᱠ ᱨᱮ ᱞᱟᱭᱤᱵᱷ ᱥᱴᱨᱤᱢ ᱠᱚᱨᱟᱣ ᱦᱩᱭ ᱞᱮᱱᱟ ᱾
हाँ मैं पंजीकृत कर रहा हूँ.	ᱦᱮᱸ ᱤᱧ ᱥᱮᱞᱮᱫ ᱟᱠᱟᱱᱟ ᱾
HLW एक पैनी काँच (विद्विष्ट) लकड़ी में कुछ दशकों के लिए जमा है, और फिर एक गहरी भण्डार में रहने की योजना बनाई है.	ᱮᱭᱤᱪᱮᱞᱮᱞᱰᱚᱵᱞᱩ ᱫᱚ ᱢᱤᱫ ᱚᱪᱚᱞ ᱠᱟᱸᱪ (ᱵᱷᱤᱴᱨᱤᱭᱟᱥ) ᱢᱮᱴᱨᱤᱠᱥᱨᱮ ᱛᱟᱸᱦᱮᱱᱟ, ᱠᱚᱭᱮᱠ ᱜᱮᱞᱟᱝ ᱦᱟᱹᱵᱤᱡ ᱢᱤᱫ ᱮᱭᱟᱨᱼᱠᱩᱞᱟᱨ ᱵᱷᱚᱞᱴᱨᱮ ᱨᱟᱠᱷᱟ ᱫᱚᱦᱚ ᱛᱟᱸᱦᱮᱱᱟ ᱟᱨ ᱤᱱᱟᱹ ᱛᱟᱭᱚᱢ ᱢᱤᱫ ᱜᱟᱹᱦᱤᱨ ᱵᱦᱟᱱᱰᱟᱨ ᱨᱮ ᱵᱚᱱᱫᱮᱡ ᱨᱮᱭᱟᱜ ᱯᱟᱱᱛᱷᱟᱭ ᱠᱚᱨᱟᱣ ᱦᱩᱭ ᱟᱠᱟᱱᱟ ᱾
यह मैक और लिनक्स का समर्थन करने की योजना के साथ माइक्रोसॉफ्ट विंडोज के लिए था।	ᱱᱚᱶᱟ ᱫᱚ ᱢᱟᱭᱠᱨᱳᱥᱚᱯᱷᱴ ᱩᱭᱤᱱᱰᱳᱡ ᱞᱟᱹᱜᱤᱫ ᱛᱟᱦᱮᱸ ᱠᱟᱱᱟ, ᱢᱮᱹᱠ ᱟᱨ ᱞᱤᱱᱟᱠᱥ ᱦᱮᱸᱥᱟᱹᱨᱤᱭᱟᱜ ᱨᱮᱭᱟᱜ ᱟᱜᱟᱢ ᱩᱭᱦᱟᱹᱨ ᱢᱮᱥᱟ ᱾
मेरे पास अठहत्तर चावल हैं।	ᱤᱧ ᱴᱷᱮᱱ ᱮᱭᱟᱭ ᱜᱮᱞ ᱟᱨ ᱜᱚᱴᱟᱝ ᱪᱟᱣᱞ ᱢᱮᱱᱟᱜᱼᱟ ᱠᱚᱣᱟ।
यह उनके लिए भी अच्छा होगा.	ᱚᱱᱟ ᱫᱚ ᱩᱝᱠᱩ ᱞᱟᱹᱜᱤᱫᱽᱛᱮ ᱦᱚᱸ ᱵᱷᱟᱜᱤᱜᱮᱭᱟ ᱾
उनकी राजधानी मूल रूप से तरसस में थी, और बाद में सिस बन गई।	ᱩᱱᱠᱩᱣᱟᱜ ᱨᱟᱡᱽᱜᱟᱲ ᱛᱟᱦᱮᱸ ᱠᱟᱱᱟ ᱴᱟᱨᱥᱩᱥ ᱨᱮ, ᱟᱨ ᱛᱟᱭᱚᱢᱛᱮ ᱥᱤᱥ ᱦᱩᱭ ᱞᱮᱱᱟ ᱾
जीनियस डिनाइड (Genius Denied) डेविडसन कंपनी द्वारा लिखी गई एक पुस्तक है।	ᱡᱤᱱᱤᱭᱟᱥ ᱰᱤᱱᱟᱭᱤᱰ ᱫᱚ ᱰᱮᱵᱷᱤᱰᱥᱚᱱ ᱠᱳᱢᱯᱟᱹᱱᱤᱭᱟᱜ ᱚᱞ ᱢᱤᱫᱴᱟᱝ ᱯᱚᱛᱚᱵ ᱠᱟᱱᱟ ᱾
हाँ माँ, मैं इसके लिए इंतजार नहीं कर सकते.	ᱦᱮᱸ ᱜᱚ, ᱤᱧ ᱵᱟᱧ ᱛᱟᱹᱜᱤ ᱫᱟᱲᱮᱭᱟᱜᱽᱠᱟᱱᱟ ᱾
मेरे पास दस भेड़ हैं।	ᱤᱧ ᱴᱷᱮᱱ ᱜᱮᱞ ᱜᱚᱴᱟᱝ ᱵᱷᱮᱲ ᱢᱮᱱᱟᱜᱼᱟ ᱠᱚᱣᱟ।
देश भर में शुभ गायकों ने बूहान्स, या भक्‍ति के गीत प्रस्तुत किए, जिस से शिराम के पैरों के नीचे तक।	ᱫᱤᱥᱚᱢ ᱨᱮᱱ ᱵᱟᱰᱟᱭᱟᱱ ᱥᱮᱨᱮᱧᱤᱭᱟᱹ ᱠᱚ ᱥᱨᱤ ᱥᱭᱟᱢ ᱣᱟᱜ ᱯᱟᱸᱡᱟ ᱯᱚᱨᱟᱭᱱᱤ ᱠᱚᱨᱮ ᱵᱷᱚᱡᱚᱱ ᱥᱮ ᱵᱷᱚᱠᱛᱤ ᱥᱮᱨᱮᱧ ᱥᱚᱫᱚᱨ ᱞᱮᱫ-ᱟᱠᱚI
आपने वहाँ कितने दिन बिताए और आपने क्या देखा?	ᱟᱢ ᱚᱸᱰᱮ ᱛᱤᱱᱟᱹᱜ ᱫᱤᱱᱮᱢ ᱠᱟᱴᱟᱣ ᱟᱠᱟᱫᱟ ᱟᱨ ᱟᱢ ᱪᱮᱫᱠᱚᱢ ᱧᱮᱞ ᱟᱠᱟᱫᱟ ?
उन्होंने फ्रैनाउराच और अल्टेनहोहेनाउ के कॉन्वेंट को कई पुस्तकें दीं।	ᱯᱷᱨᱮᱱᱟᱣᱩᱨᱟᱪ ᱟᱨ ᱟᱞᱴᱮᱱᱦᱳᱦᱮᱱᱟᱣ ᱨᱮᱭᱟᱜ ᱠᱚᱱᱵᱷᱮᱱᱴ ᱠᱚᱨᱮ ᱩᱱᱠᱩ ᱟᱭᱢᱟ ᱯᱚᱛᱚᱵ ᱠᱚ ᱮᱢ ᱟᱠᱟᱫᱟ ᱾
जी हाँ, मैं अब भी यात यात्रा और यात्रा में काम कर रहा हूँ ।	ᱦᱮᱸ, ᱤᱧᱫᱚ ᱱᱤᱛᱦᱚᱸ ᱡᱟᱴᱨᱟ ᱴᱨᱟᱵᱷᱮᱞ ᱟᱨ ᱴᱩᱨ ᱨᱮᱧ ᱠᱟᱹᱢᱤᱭᱮᱫᱟ ᱾
पानी के ऊपरी हिस्से में वापसी प्रवाह पर कुछ गहरे भागों में ध्यान केंद्रित किया जाता है, और पानी की वर्तमान वर्तमान गति में वहाँ शायद ही हो ।	ᱫᱟᱜ ᱞᱟᱛᱟᱨ ᱨᱮ ᱴᱟᱯᱚᱞᱚᱡᱤ ᱛᱮ ᱣᱟᱹᱯᱥᱤ ᱨᱮᱭᱟᱜ ᱯᱨᱚᱵᱷᱟᱣ ᱛᱤᱱᱟᱹᱜ ᱜᱟᱹᱦᱤᱨ ᱣᱚᱨᱜ ᱥᱟᱞᱟᱜ ᱛᱮ ᱛᱟᱞᱟ ᱠᱟᱱᱟ, ᱟᱨ ᱜᱟᱹᱦᱤᱨ ᱫᱟᱜ ᱠᱟᱹᱜᱤᱫ ᱞᱚᱜᱚᱱ ᱛᱮᱜᱮ ᱱᱤᱛᱚᱜ ᱚᱱᱰᱮ ᱦᱩᱭ ᱫᱟᱲᱮᱭᱟᱜᱼᱟ᱾
मैं भारत के लिए एक पर्यटक वीज़ा की जरूरत है.	ᱤᱧᱟᱹᱜ ᱵᱷᱟᱨᱚᱛ ᱨᱮᱭᱟᱜ ᱞᱟᱹᱜᱤᱫ ᱢᱤᱫᱴᱟᱝ ᱴᱩᱨᱤᱥᱴ ᱵᱷᱤᱥᱟ ᱫᱚᱨᱠᱟᱨ ᱾
पैरिस के लोग घमंडी, कठोर और घमंडी होने के लिए जाने जाते हैं ।	ᱯᱚᱨᱥᱤᱭᱟᱱ ᱦᱚᱲ ᱠᱚᱫᱚ ᱜᱚᱨᱚᱵᱽ, ᱚᱵᱷᱚᱫᱽᱨᱚ ᱟᱨ ᱜᱚᱨᱚᱵᱽ ᱦᱚᱲ ᱦᱩᱭᱩᱜ ᱨᱮᱭᱟᱜ ᱧᱩᱢ ᱦᱟᱞᱟᱝ ᱟᱠᱟᱫ ᱟᱠᱚ᱾
18 जुलाई 1951 को आग लगने से थिएटर की मूल इमारत नष्ट हो गई थी।	᱑᱙᱕᱑ ᱥᱟᱞ ᱨᱮ ᱑᱘ ᱡᱩᱞᱟᱭ ᱨᱮ ᱱᱚᱶᱟ ᱛᱷᱤᱭᱮᱴᱟᱨ ᱫᱚ ᱟᱡᱟᱜ ᱟᱥᱚᱞ ᱩᱭᱦᱟᱹᱨ ᱨᱟᱯᱟᱜ ᱜᱷᱚᱴᱚᱱ ᱨᱮᱭ ᱟᱫ ᱟᱠᱟᱫᱟ ᱾
इक्कीस	ᱠᱩᱲᱤ ᱢᱤᱫ
सन्‌ 10:08 पर पश्‍चिम रोईना में एक ज़बरदस्त भूकंप आया ।	ᱯᱚᱪᱷᱤᱢᱤ ᱢᱚᱸᱴᱟᱱᱟ ᱨᱮ ᱧᱤᱫᱟᱹ ᱚᱛᱮ ᱢᱟᱦᱟᱸ ᱦᱤᱞᱚᱜ ᱑᱐:᱐᱘ p.m. ᱴᱟᱲᱟᱝ ᱚᱛ ᱦᱤᱞᱟᱹᱣᱜ ᱠᱟᱱ ᱛᱟᱦᱮᱱᱟ᱾
पू. पू.	ᱯᱩᱱᱤᱛ ᱤᱥᱟᱨ ᱫᱚ ᱰᱤ ᱡᱤ ᱯᱤ ᱦᱚᱨᱤ ᱱᱟᱨᱟᱭᱚᱱ ᱟᱜ ᱪᱩᱨᱤᱛᱨᱮ ᱧᱮᱞᱛᱮ ᱟᱹᱰᱤ ᱵᱷᱟᱜᱮᱭ ᱟᱴᱠᱟᱨ ᱞᱮᱫᱟ ᱾
उन सभी जानवरों को जो शुरू में द्वीपों में आए थे, यहाँ उड़कर या तैरकर आते थे ।	ᱡᱟᱦᱟᱱ ᱡᱩᱱᱛᱩ ᱠᱚ ᱱᱚᱣᱟ ᱫᱤᱯ ᱠᱟ ᱥᱮᱴᱮᱨᱟᱠᱟᱱᱟ ᱩᱱᱠᱩ ᱫᱚ ᱱᱚᱰᱮ ᱯᱟᱭᱨᱟ ᱟᱛᱮ, ᱩᱰᱟᱹᱣ ᱟᱛᱮ ᱟᱨᱵᱟᱝ ᱪᱟᱯᱮ ᱟᱛᱮᱠᱚ ᱦᱤᱡᱩᱜᱼᱟ᱾
एक दिन केवल अठारह अठारह अठारह लोग ही उपलब्ध हो गए हैं, जिनमें से कुछ देश उस पद को बनाने में असफल रहे हैं ।	ᱢᱤᱫ ᱫᱤᱱ ᱨᱮ ᱠᱷᱟᱹᱞᱤ ᱢᱤᱫ ᱜᱮᱞ ᱤᱨᱟᱹᱞ ᱯᱚᱫᱚᱠ ᱛᱟᱦᱮᱸᱱ ᱠᱷᱟᱹᱛᱤᱨ ᱛᱮ, ᱟᱭᱢᱟ ᱫᱤᱥᱚᱢ ᱦᱚᱲ ᱯᱚᱫᱚᱠ ᱯᱚᱰᱤᱭᱟᱹᱢ ᱛᱮᱭᱟᱜ ᱨᱮ ᱰᱤᱜᱟᱹᱣᱮᱱᱟ ᱠᱚ᱾
ठेकेदार और राजनेता हमेशा जनता की मदद किए बिना पैसा कमाने की कोशिश करते हैं।	ᱴᱷᱤᱠᱟᱹᱫᱟᱨ ᱟᱨ ᱨᱟᱡᱽᱟᱹᱨᱤ ᱜᱟᱹᱠᱷᱩᱲᱤᱭᱟᱹ ᱠᱚᱫᱚ ᱫᱤᱥᱩᱣᱟᱹ ᱠᱚ  ᱥᱟᱱᱟᱢ ᱞᱮᱠᱟᱱᱟᱜ ᱵᱟᱝ ᱜᱚᱲᱚ ᱠᱟᱛᱮ ᱠᱟᱹᱣᱰᱤ ᱟᱨᱡᱟᱣ ᱨᱮᱭᱟᱜ ᱠᱚ ᱠᱩᱨᱩᱢᱩᱴᱩᱭᱟ ᱾
अल्मोडोवर डेल रियो स्पेन के अंडालूसिया के कॉर्डोबा प्रांत में स्थित एक शहर है।	ᱟᱞᱮᱠᱡᱟᱱᱰᱟᱨ ᱜᱨᱟᱦᱟᱢ ᱵᱮᱞ ᱫᱚ ᱟᱹᱰᱤ ᱩᱥᱟᱹᱨᱟ ᱱᱚᱶᱟ ᱞᱟᱹᱠᱛᱤᱭᱟᱱ ᱠᱟᱹᱢᱤ ᱠᱷᱟᱹᱛᱤᱨᱛᱮ ᱢᱟᱨᱠᱤᱱ ᱡᱩᱠᱛᱚᱨᱟᱥᱴᱨᱚ ᱨᱮᱭ ᱧᱩᱛᱩᱢ ᱞᱮᱱᱟ ᱾
इसके अलावा, मोबाइल ग्रिंग से उसे दूर पाने के लिए, आप उसे एक खेलीमा में भर्ती हो सकते हैं।	ᱱᱚᱶᱟ ᱪᱷᱟᱰᱟ ᱠᱟᱛᱮᱜ, ᱩᱱᱤ ᱢᱳᱵᱟᱭᱤᱞ ᱜᱮᱢ ᱠᱷᱚᱱ ᱥᱟᱦᱟᱭᱮ ᱫᱚᱦᱚᱭ ᱞᱟᱹᱜᱤᱫ, ᱟᱢ ᱩᱱᱤ ᱥᱯᱳᱨᱴᱥ ᱮᱠᱟᱰᱮᱢᱤᱨᱮᱢ ᱵᱷᱚᱨᱛᱤ ᱫᱟᱲᱮᱟᱭᱟ ᱾
लेकिन मैं दस दस पर यह देखा.	ᱢᱮᱱᱠᱷᱟᱱ ᱤᱧᱫᱚ ᱥᱳᱱᱤ ᱴᱨᱱ ᱨᱮᱧ ᱧᱮᱞ ᱟᱠᱟᱫᱟ ᱾
उनसठ बच्चे खेल रहे हैं।	ᱢᱚᱬᱮ ᱜᱮᱞ ᱱᱟᱭ ᱜᱤᱫᱽᱨᱟᱹ ᱠᱷᱮᱞ ᱠᱟᱱᱟ ᱠᱚ।
सन्‌ 1963 में बाँध बनाने के बाद, नदी में बाढ़ आने लगी ।	᱑᱙᱖᱓ ᱨᱮ ᱵᱟᱸᱫᱷ ᱵᱮᱱᱟᱣ ᱛᱟᱭᱚᱢ, ᱥᱤᱡᱚᱱ ᱵᱟᱱ ᱫᱟᱜ ᱡᱟᱦᱟᱸ ᱫᱚ ᱯᱩᱨᱟ ᱱᱟᱹᱭ ᱨᱮ ᱪᱷᱟᱪᱷᱟᱞᱠᱟᱜ ᱪᱷᱟᱹᱨᱭᱟᱹᱣ ᱛᱟᱦᱮᱸ ᱠᱟᱱᱟ, ᱨᱚᱠᱟᱣ ᱫᱚᱦᱚ ᱛᱟᱦᱮ ᱠᱟᱱᱟ᱾
क्या आपने प्राचीनों से इस बारे में पूछा है कि वे एक अंतरिक्ष खाली कर सकते हैं या नहीं?	ᱟᱢ ᱪᱮᱫ ᱥᱮᱱᱲᱟ ᱦᱚᱲᱠᱚ ᱠᱩᱞᱤ ᱨᱮᱭᱟᱜ ᱮᱢ ᱨᱤᱠᱟᱹ ᱟᱠᱟᱫᱟ ᱡᱮ ᱩᱱᱠᱩ ᱡᱟᱭᱜᱟ ᱠᱚ ᱥᱟᱯᱷᱟ ᱫᱟᱲᱮᱭᱟᱜᱼᱟ ᱥᱮ ᱵᱟᱝ ?
यह सच है कि छोटे - छोटे जाति के लोग कभी - कभी इस बात को लेकर उलझन में पड़ जाते हैं कि वे एक - दूसरे से अलग हैं ।	ᱦᱩᱰᱤᱝ ᱞᱟᱠᱪᱟᱨ ᱠᱚ ᱞᱮᱛᱟᱲ ᱜᱮ ᱨᱮᱞᱤᱵᱷᱮᱱᱥ ᱱᱟᱜᱟᱢᱤᱭᱟᱹ ᱯᱨᱚᱢᱟᱱ ᱵᱟᱝ ᱵᱟᱹᱜᱤ ᱠᱟᱛᱮ ᱜᱮ ᱟᱫᱚᱜᱼᱟ ᱟᱨ ᱯᱨᱚᱯᱟᱨ ᱥᱤᱵᱷᱤᱞᱟᱭᱡᱮᱥᱟᱱ ᱞᱮᱠᱟᱛᱮ ᱩᱯᱨᱩᱢ ᱮᱢ ᱨᱮ ᱵᱟᱭ ᱜᱟᱱᱚᱜᱼᱟ᱾
उसकी दूसरी प्रजाति, विशाल Srolom, उसकी समाप्त महिलाओं के साथ मिलकर 44.30.30, 2:60 मिनट पहली जगह समाप्त करने के लिए और 1:09 मिनट से धीमी है.	ᱟᱡᱟᱜ ᱮᱴᱟᱜ ᱫᱟᱹᱲ, ᱡᱤᱭᱟᱸᱴ ᱥᱞᱟᱞᱚᱢ ᱨᱮ ᱛᱤᱨᱞᱟᱹ ᱠᱚᱣᱟᱜ ᱫᱩᱲᱩᱵ ᱜᱟᱫᱮᱞ ᱨᱮ ᱜᱮᱞ ᱟᱱᱟᱜ ᱴᱷᱟᱶ ᱨᱮ ᱟᱡᱟᱜ ᱴᱷᱟᱶ ᱧᱟᱢ ᱞᱮᱫ-ᱟ, ᱡᱟᱦᱟᱸ ᱫᱚ ᱥᱟᱸᱭᱩᱠᱛ ᱨᱚᱱ ᱚᱠᱛᱚ ᱔:᱔᱑.᱓᱐, ᱒:᱑᱑.᱖᱐ ᱴᱤᱬᱤᱡ ᱠᱚ ᱢᱟᱬᱟᱝ ᱴᱷᱟᱶ ᱛᱟᱦᱮᱸᱱᱤᱡ ᱚᱥᱴᱨᱮᱞᱤᱭᱟᱱ ᱠᱞᱟᱣᱰᱤᱭᱟ ᱞᱚᱭᱮᱥᱪ ᱣᱟᱜ ᱛᱩᱞᱟᱹ ᱡᱚᱠᱷᱟ ᱨᱮ ᱠᱚᱢ ᱛᱟᱦᱮᱸ ᱠᱟᱱᱟᱭ ᱟᱨ ᱩᱱᱤ ᱤᱨᱟᱹᱞ-ᱟᱱᱟᱜ ᱴᱷᱟᱶ ᱨᱮᱱᱟᱜ ᱛᱩᱞᱟᱹ ᱨᱮ ᱑: ᱐᱙.᱐᱒ ᱴᱤᱬᱤᱡ ᱠᱚᱢ ᱛᱟᱦᱮᱸ ᱠᱟᱱᱟᱭ᱾ ᱦᱚᱝᱜᱟᱨᱤ ᱨᱤᱱᱤᱡ ᱯᱷᱤᱱᱤᱥᱚᱨ ᱜᱭᱳᱸᱱᱜᱽᱭᱤ ᱫᱟᱱᱤI
यदि एक सवार को घोड़े से फेंका जाता है लेकिन उसके पैर में एक पैर पकड़ा जाता है, तो यदि घोड़े भाग जाता है तो उसे खींचा जा सकता है ।	ᱡᱩᱫᱤ ᱢᱤᱫ ᱫᱮᱡᱚᱜᱤᱡ ᱫᱚ ᱥᱟᱫᱚᱢ ᱠᱷᱚᱱ ᱠᱚ ᱪᱟᱯᱟᱫᱮᱭᱟ ᱢᱮᱱᱠᱷᱟᱱ ᱟᱨ ᱢᱤᱫ ᱠᱟᱴᱟ ᱫᱚ ᱨᱟᱹᱠᱟᱵ ᱨᱮ ᱥᱟᱵ ᱠᱟᱛᱮ ᱫᱚᱦᱚ ᱞᱮᱠᱷᱟᱱ, ᱛᱚ ᱥᱟᱫᱚᱢ ᱡᱷᱟᱹᱞ ᱛᱮ ᱪᱟᱞᱟᱜᱼᱟᱭ ᱡᱩᱫᱤ ᱩᱱᱤ ᱚᱨ ᱮ ᱠᱷᱟᱱ ᱫᱚ᱾ ᱱᱚᱶᱟ ᱡᱚᱠᱷᱤᱢ ᱠᱚ ᱠᱚᱢ ᱞᱟᱹᱜᱤᱫ, ᱟᱭᱢᱟ ᱨᱩᱠᱷᱤᱭᱟᱹ ᱠᱚ ᱤᱫᱤ ᱜᱟᱱᱚᱜᱼᱟ᱾
सन्‌ 8वीं सदी से जापानी संस्कृति का एक हिस्सा है ।	ᱪᱮᱨᱤ ᱵᱟᱦᱟ ᱧᱮᱞ, ᱡᱟᱦᱟᱸ ᱫᱚ ᱦᱟᱱᱟᱢᱤ ᱞᱮᱠᱟᱛᱮ ᱵᱟᱰᱟᱭ ᱢᱮᱱᱟᱜᱼᱟ, ᱘ ᱟᱱᱟᱜ ᱥᱮᱧᱪᱩᱨᱤ ᱠᱷᱚᱱ ᱡᱟᱯᱟᱱ ᱞᱟᱠᱪᱟᱨ ᱨᱮᱱᱟᱜ ᱢᱤᱫ ᱦᱤᱸᱥ ᱦᱩᱭ ᱟᱠᱟᱱᱟ᱾
ᱱᱚᱶᱟ ᱫᱚ ᱥᱟᱝᱜᱤᱧ ᱜᱮᱭᱟ	यह दूर है
यह देश के उत्तरी भाग में स्थित है।	ᱱᱚᱶᱟ ᱫᱚ ᱫᱤᱥᱚᱢ ᱨᱮᱭᱟᱜ ᱩᱛᱛᱚᱨ ᱴᱚᱴᱷᱟᱨᱮ ᱢᱮᱱᱟᱜᱼᱟ ᱾
मेरे पास सत्रह पानी हैं।	ᱤᱧ ᱴᱷᱮᱱ ᱜᱮᱞ ᱮᱭᱟᱭ ᱜᱚᱴᱟᱝ ᱫᱟᱜ ᱢᱮᱱᱟᱜᱼᱟ ᱠᱚᱣᱟ।
अधिकांश फोटोग्राफी डिजिटल है, हालांकि कुछ फोटोग्राफर अभी भी पुराने फिल्म कैमरों का उपयोग करते हैं।	ᱡᱟᱹᱥᱛᱤ ᱯᱷᱳᱴᱳᱜᱨᱟᱯᱷᱤ ᱜᱮ ᱰᱤᱡᱤᱴᱟᱞ, ᱮᱱᱛᱮᱨᱮᱦᱚᱸ ᱠᱤᱪᱷᱩ ᱯᱷᱳᱴᱳᱜᱨᱟᱯᱷᱟᱨ ᱫᱚ ᱱᱤᱛ ᱦᱚᱸ ᱢᱟᱨᱮᱱ ᱯᱷᱤᱞᱢ ᱠᱮᱹᱢᱮᱨᱟ ᱠᱚ ᱵᱮᱣᱦᱟᱨᱟ ᱾
यह गोआ है, बच्चे!	ᱱᱚᱶᱟᱫᱚ ᱜᱳᱣᱟ ᱠᱟᱱᱟ, ᱜᱳ !!!
इस बात की भी रिपोर्ट दी गयी है ।	᱓᱗ ᱴᱤ ᱵᱤᱧ ᱠᱤᱫᱤᱧ ᱟᱨ ᱫᱟᱜ ᱟᱨ ᱜᱷᱩᱴᱩᱨᱮ ᱫᱟᱲᱟᱱ ᱡᱤᱭᱟᱞᱤ ᱵᱚᱨᱜᱚᱨᱮ ᱧᱩᱛᱩᱢ ᱥᱮᱞᱟᱫ ᱟᱠᱟᱱᱟ᱾
कृपया इसे लिख लें	ᱫᱟᱭᱟ ᱠᱟᱛᱮ ᱱᱚᱣᱟ ᱚᱞ ᱢᱮ
यह एक राहत है.	ᱱᱚᱶᱟ ᱜᱮ ᱟᱨᱟᱢ ᱾
वह इस नतीजे पर पहुँची कि स्त्री और पुरुष दोनों ने उसे जो प्रोत्साहन दिया और प्रोत्साहन दिया, वह इस नतीजे पर पहुँची कि गर्भनिरोधक दवाओं को एक चिकित्सीय आवश्‍यकता समझा जाना चाहिए ।	ᱠᱩᱲᱤ ᱟᱨ ᱠᱚᱲᱟ ᱵᱟᱨᱭᱟ ᱦᱚᱲ ᱛᱮ ᱩᱱᱠᱩ ᱵᱷᱮᱡᱟ ᱠᱟᱱ ᱦᱮᱸᱥᱟᱨᱤ ᱴᱤᱯᱬᱤ ᱟᱨ ᱯᱨᱚᱛᱥᱟᱦᱟᱹᱱ ᱨᱮᱭᱟᱜ ᱵᱷᱤᱲ ᱞᱟᱹᱜᱩᱫ ᱩᱱᱤ ᱟᱱᱟ ᱴᱷᱟᱶ ᱨᱮ ᱴᱷᱟᱹᱣᱠᱟᱹ ᱠᱮᱜᱼᱟᱭ ᱡᱮ ᱜᱚᱨᱵᱱᱤᱨᱚᱫ ᱨᱟᱱ ᱫᱟ ᱢᱤᱫᱴᱟᱹᱝ ᱯᱷᱟᱨᱪᱟᱜ ᱞᱟᱹᱜᱤᱫ ᱡᱟᱹᱨᱩᱲ ᱜᱮ ᱢᱟᱱᱟᱣᱜᱼᱟ᱾
इसके अलावा, कोई और चीज़ साफ - सुथरी, ऊपर और आस - पास के पहाड़ों के अलावा और कुछ नहीं देखी जा सकती ।	ᱪᱮᱛᱟᱱ ᱥᱟᱯᱷᱟ, ᱪᱚᱨᱚᱠ ᱥᱮᱨᱢᱟ ᱟᱨ ᱟᱸᱰᱮᱯᱟᱥᱮ ᱢᱮᱱᱟᱜ ᱟᱭᱢᱟ ᱵᱩᱨᱩ ᱠᱚ ᱪᱷᱚᱲᱟ ᱟᱨ ᱪᱮᱫ ᱠᱚ ᱦᱚᱸ ᱧᱮᱞ ᱵᱟᱭ ᱜᱟᱱᱚᱜᱼᱟ᱾ ᱱᱚᱶᱟ ᱡᱮᱜᱮᱛ ᱨᱮ ᱜᱷᱚᱸᱜᱚᱨ ᱵᱷᱤᱛᱨᱭ ᱨᱮ ᱟᱹᱰᱤ ᱠᱚᱢ ᱜᱮ ᱟᱸᱡᱚᱢ ᱜᱟᱱᱚᱜ ᱠᱟᱱᱟ᱾
सर, अपनी उत्कृष्ट व्याख्या के लिए धन्यवाद.	ᱥᱮᱨ, ᱟᱢᱟᱜ ᱱᱟᱯᱟᱭ ᱵᱤᱪᱷᱱᱟᱹᱣ ᱞᱟᱹᱜᱤᱫ ᱥᱟᱨᱦᱟᱣ ᱾
मैं स्तब्ध हूँ कि आप सब हमारी भलाई के बारे में नहीं सोच रहे हैं (पेशेवर)।	ᱤᱧ ᱚᱵᱟᱠᱚᱜ ᱠᱟᱱᱟ ᱡᱮ ᱟᱯᱮ ᱥᱟᱱᱟᱢ ᱠᱚ ᱫᱚ ᱟᱵᱚᱣᱟᱜ ᱵᱷᱟᱹᱞᱟᱹᱭ ᱨᱮᱭᱟᱜ ᱠᱟᱛᱷᱟ ᱵᱟᱝᱯᱮ ᱩᱭᱦᱟᱹᱨ ᱮᱫ ᱠᱟᱱᱟ ᱾ (ᱡᱤᱯᱠᱟᱹᱣᱟᱱᱤᱡ)
ब्रिटिश फिल्म उद्योग की सुरक्षा के लिए सरकार द्वारा कोटा बनाया गया था।	ᱵᱨᱤᱴᱤᱥ ᱪᱚᱞᱚᱛ ᱪᱤᱛᱟᱹᱨ ᱵᱤᱨᱤᱫ ᱨᱩᱠᱷᱤᱭᱟᱹ ᱞᱟᱹᱜᱤᱫ ᱥᱚᱨᱠᱟᱨ ᱠᱳᱴᱟᱭ ᱵᱮᱱᱟᱣ ᱟᱠᱟᱫᱟ ᱾
मेरे पास सत्रह पेंसिल हैं।	ᱤᱧ ᱴᱷᱮᱱ ᱜᱮᱞ ᱮᱭᱟᱭ ᱜᱚᱴᱟᱝ ᱯᱮᱱᱥᱤᱞ ᱢᱮᱱᱟᱜᱼᱟ ᱠᱚᱣᱟ।
आपको बीज बोने होंगे, जो फिर पौधे बढ़ने लगते हैं, या पौधों में विकसित होते हैं, या कुत्तों में बढ़ जाते हैं, बिल्लियाँ, इत्यादि ।	ᱟᱢ ᱱᱤᱦᱟᱹᱛ ᱜᱮᱢ ᱧᱮᱞ ᱟᱠᱟᱫᱟ ᱡᱟᱦᱟᱸ ᱡᱟᱝ ᱠᱚ ᱪᱟᱨᱟ ᱠᱷᱚᱱᱟᱜ ᱵᱟᱲᱦᱟᱣᱚᱜᱼᱟ ᱟᱨ ᱚᱛᱢᱚᱱ ᱨᱮ ᱟᱨᱩ ᱯᱷᱮᱨᱟᱣᱚᱜᱼᱟ ᱥᱮ ᱥᱮᱛᱟ ᱵᱩᱥᱟᱹᱜ ᱥᱮᱛᱟ ᱨᱮ , ᱯᱩᱥᱤ ᱵᱩᱥᱟᱹᱜ ᱯᱩᱥᱤ ᱨᱮ ᱟᱨᱩᱯᱷᱮᱨᱟᱣᱚᱜᱼᱟ ᱟᱨᱦᱚᱸ ᱟᱭᱢᱟ ᱠᱤᱪᱷᱩ ᱾
लोगों ने पुराने ज़माने के सोने, चाँदी और पीतल जैसे मूल तत्त्वों के बारे में जाना है, जैसे कि ये सभी पुराने रूपों में पाए जा सकते हैं और मेरे पुराने औज़ारों के लिए बहुत ही सरल हैं ।	ᱦᱚᱲ ᱠᱚ ᱥᱮᱫᱟᱭ ᱱᱟᱝ ᱠᱷᱚᱱ ᱵᱩᱱᱤᱭᱟᱫᱽ ᱠᱮᱢᱤᱠᱟᱞ ᱮᱞᱤᱢᱮᱱᱴ ᱞᱮᱠᱟᱱ ᱥᱚᱱᱟ, ᱪᱟᱸᱫᱤ ᱟᱨ ᱛᱟᱢᱵᱟ ᱵᱟᱵᱚᱫ ᱛᱮ ᱵᱟᱰᱟᱭ ᱮᱫ ᱛᱟᱦᱮᱱᱟ, ᱪᱮᱫᱟᱜ ᱥᱮ ᱱᱚᱶᱟ ᱠᱚ ᱥᱤᱨᱤᱡᱽ ᱨᱮ ᱢᱩᱬᱩᱛ ᱞᱮᱠᱟᱛᱮ ᱛᱚᱞᱟᱥ ᱦᱩᱭ ᱫᱟᱲᱮᱭᱟᱜᱼᱟ ᱟᱨ ᱟᱹᱫᱤᱢ ᱩᱯᱠᱟᱨᱟᱬ ᱥᱟᱶ ᱟᱯᱮᱪᱷᱟᱠᱨᱤᱛ ᱥᱟᱨᱟᱞ ᱢᱮᱱᱟᱜᱼᱟ᱾
ईश्‍वरीय वचन के द्वारा प्रभु की महिमा का गीत गाओ, एक पश्‍चातापी पापी को छुड़ा सकता है, और इस प्रकार कर्म करना बन्द कर देता है ।	ᱵᱚᱸᱜᱟ ᱟᱹᱲᱟᱹ ᱛᱟᱞᱟᱛᱮ ᱵᱚᱸᱜᱟ ᱟᱜ ᱢᱟᱹᱦᱤᱢᱟ ᱥᱮᱨᱮᱧᱟᱱ ᱢᱤᱫ ᱠᱟᱥᱛᱟᱣᱟᱱ ᱯᱟᱹᱯᱤ ᱪᱷᱟᱹᱲᱮ ᱮᱢ ᱫᱟᱲᱮ ᱟᱭᱟ, ᱟᱨ ᱱᱚᱝᱠᱟ ᱞᱮᱠᱟᱛᱮ ᱠᱚᱨᱢᱚ ᱨᱮᱭᱟᱜ ᱢᱚᱛᱚᱵᱟᱫ ᱠᱟᱹᱢᱤᱭ ᱵᱚᱱᱫᱚ ᱫᱟᱲᱮᱭᱟᱜᱼᱟ ᱾
और ऑनलाइन बैंकों को बुरी तरह बंद कर दिया है ।	ᱵᱟᱹᱠᱤ ᱵᱮᱝ ᱠᱚᱫᱚ ᱠᱷᱩᱪᱨᱟᱹ ᱵᱮᱯᱟᱨ ᱠᱚᱨᱟᱣ ᱨᱮᱭᱟᱜ ᱚᱠᱛᱚ ᱠᱚ ᱠᱚᱢ ᱟᱠᱟᱫᱟ ᱟᱨ ᱚᱱᱞᱟᱭᱤᱱ ᱵᱮᱝᱠᱤᱝ ᱥᱮᱡᱽ ᱠᱚ ᱴᱷᱮᱞᱟᱣ ᱟᱠᱟᱫᱟ ᱾
लेकिन क्रिस्टी ने चार साल की उम्र में ही खुद से पढ़ना सीख लिया था।	ᱢᱮᱱᱠᱷᱟᱱ ᱠᱨᱤᱥᱴᱤ ᱯᱩᱱᱥᱮᱨᱢᱟ ᱩᱢᱮᱨ ᱨᱮ ᱟᱡᱛᱮᱜᱮ ᱪᱮᱫᱞᱮᱠᱟ ᱯᱟᱲᱦᱟᱜ ᱦᱩᱭᱩᱜᱼᱟ ᱚᱱᱟᱭ ᱥᱮᱲᱟ ᱞᱮᱫᱟ ᱾
मेरे पास सौ पेंसिल हैं।	ᱤᱧ ᱴᱷᱮᱱ ᱢᱤᱫ ᱥᱟᱭ ᱜᱚᱴᱟᱝ ᱯᱮᱱᱥᱤᱞ ᱢᱮᱱᱟᱜᱼᱟ ᱠᱚᱣᱟ।
इसका उपयोग एमपी3 प्लेयर और यूएसबी फ्लैश ड्राइव में होने लगा।	ᱱᱚᱶᱟ ᱫᱚ ᱮᱢ ᱯᱤ ᱓ ᱯᱞᱮᱭᱟᱨ ᱤᱭᱩ ᱮᱥ ᱥᱤ ᱯᱷᱞᱟᱥ ᱰᱨᱟᱭᱤᱵᱷ ᱠᱚᱨᱟᱣ ᱮ ᱮᱛᱚᱦᱚᱵ ᱞᱮᱫᱟ ᱾
इस क्षेत्र में दृश्‍य कला के लिए कला विभाग बनाया गया है ।	ᱱᱤᱭᱟᱹ ᱴᱷᱟᱣᱨᱮ ᱧᱮᱞᱚᱜᱽᱠᱟᱱ ᱪᱤᱛᱟᱹᱨ ᱨᱮᱭᱟᱜ ᱢᱤᱫᱴᱟᱝ ᱢᱩᱰᱩᱛ ᱛᱟᱞᱢᱟ ᱦᱩᱭᱩᱜᱠᱟᱱᱟ ᱟᱨᱴ ᱤᱱᱥᱴᱤᱴᱤᱭᱩᱴ ᱰᱷᱟᱠᱟ ᱾
आपको अपने विवाह को रजिस्टर करने का अनुरोध करने की ज़रूरत है ।	ᱟᱢᱟᱜ ᱵᱟᱯᱞᱟ ᱴᱷᱟᱲᱚᱜᱚᱴᱟᱭ ᱞᱟᱹᱜᱤᱫ ᱟᱢ ᱢᱤᱫᱴᱟᱝ ᱦᱚᱞᱚᱯᱱᱟᱢᱟ ᱡᱚᱢᱟ ᱦᱩᱭᱩᱜ ᱛᱟᱢᱟ ᱾
1800 के दशक में, जब जानवरों को उकसाना (बेटिंग) अवैध हो गया, तो कुत्ते आपस में लड़ने लगे।	᱑᱘᱐᱐ ᱥᱟᱞ ᱨᱮᱭᱟᱜ ᱜᱮᱞᱟᱱ ᱨᱮ, ᱡᱚᱠᱷᱚᱱ ᱴᱳᱯ ᱮᱢ ᱫᱚ ᱵᱟᱹᱲᱤᱡ ᱞᱮᱱᱟ, ᱩᱱᱫᱚ ᱥᱮᱛᱟᱠᱚ ᱢᱤᱫ ᱴᱟᱝ ᱟᱨ ᱢᱤᱫᱴᱟᱝ ᱥᱟᱞᱟᱜ ᱠᱚ ᱛᱟᱯᱟᱢᱟ ᱾
डिया (Dia): डिया एक ओपन सोर्स सॉफ्टवेयर है जिसका उपयोग आरेख (डायग्राम) बनाने के लिए किया जाता है।	ᱰᱤᱭᱟ ᱰᱤᱭᱟ  ᱫᱚ ᱦᱩᱭᱩᱜ ᱠᱟᱱᱟ ᱳᱯᱮᱱ ᱥᱳᱨᱥ ᱥᱚᱯᱷᱴᱳᱣᱮᱨ ᱡᱟᱦᱟ ᱫᱚ ᱰᱟᱭᱟᱜᱨᱟᱢ ᱵᱮᱱᱟᱣ ᱨᱮ ᱵᱮᱵᱚᱦᱟᱨᱚᱜᱼᱟ ᱾
मैं तुम्हें बताने में सक्षम नहीं था.	ᱤᱧ ᱟᱢ ᱵᱟ,ᱧ ᱵᱟᱰᱟᱭ ᱦᱚᱪᱚᱣ ᱟᱠᱟᱫ ᱢᱮᱭᱟ ᱾
अल्गोर एक संगीत परियोजना है जिसकी शुरुआत स्लोवाकिया के स्लैयाक में हुई थी।	ᱩᱱᱤ ᱫᱚ ᱥᱠᱚᱴᱤᱥ ᱵᱮᱹᱱᱰ ᱯᱷᱨᱟᱧᱡ ᱯᱷᱟᱨᱰᱤᱱᱟᱱᱰ ᱨᱮᱱ ᱢᱩᱲᱩᱫ ᱥᱮᱹᱨᱮᱹᱧ ᱥᱤᱠᱟᱹᱨᱤᱭᱟᱹ ᱾
मुझे चेन्नई में यान्नी का प्रदर्शन बहुत पसंद आया। वह ऊर्जा से भरपूर थे और टिकट के लिए हमने जो एक-एक रुपया दिया वह पूरी तरह वसूल था।	ᱤᱧ ᱪᱮᱱᱱᱟᱭ ᱨᱮ ᱤᱭᱟᱱᱤᱭᱟᱜ ᱯᱟᱴᱷ ᱤᱧ ᱠᱩᱥᱤᱭᱟᱜ ᱛᱟᱦᱮᱱ ᱾ ᱩᱱᱤ ᱫᱚ ᱫᱟᱲᱮ ᱛᱮ ᱯᱮᱨᱮᱡᱼᱮ ᱛᱟᱦᱮᱸ ᱠᱟᱱᱟ ᱟᱨ ᱴᱤᱠᱤᱴ ᱞᱟᱹᱜᱤᱫ ᱤᱧᱟᱹᱜ ᱡᱚᱛᱚ ᱴᱟᱠᱟ ᱨᱮᱭᱟᱜ ᱜᱚᱱᱚᱝ ᱛᱟᱦᱮᱸ ᱠᱟᱱᱟ ᱾
मुझे विश्वास नहीं हो रहा कि तुमने एक और वादा तोड़ दिया।	ᱤᱧ ᱵᱟᱹᱧ ᱯᱟᱹᱛᱭᱟᱹᱣ ᱫᱟᱲᱮᱭᱟᱜ ᱠᱟᱱᱟ ᱡᱮ ᱟᱢ ᱟᱨ ᱢᱤᱫᱴᱟᱝ ᱯᱨᱚᱛᱤᱥᱨᱩᱛᱤᱢ ᱨᱟᱹᱯᱩᱫ ᱟᱠᱟᱫᱟ ᱾
टी. वी.	ᱴᱮᱞᱤᱵᱷᱤᱡᱮᱱ ᱨᱤᱯᱚᱨᱴᱥ ᱨᱮ ᱫᱟᱨᱮ ᱠᱷᱚᱱ ᱯᱚᱸᱰ ᱫᱷᱩᱶᱟᱹ ᱚᱰᱚᱠᱚᱜ ᱠᱟᱱ ᱧᱮᱞᱚᱜ ᱠᱟᱱᱟ᱾
वे क्या प्रदर्शित करते हैं?	ᱚᱱᱟᱫᱚ ᱪᱮᱫ ᱠᱚᱭ ᱩᱫᱩᱜᱟ ?
हम अमेरिकाओसी के बयान से सहमत हैं कि हमारे खिलाड़ियों और क्लब के शौक, और उनके खेल, हमारे संगठन के भीतर अर्थपूर्ण परिवर्तन के साथ आगे बढ़ने के द्वारा बेहतर सेवा की जा सकती है, नहीं.	ᱟᱞᱮ ᱭᱩ.ᱮᱥ.ᱳ.ᱥᱤ ᱦᱟᱜ ᱨᱚᱲ ᱞᱮ ᱵᱟᱛᱟᱣᱮᱫᱟ ᱡᱟᱦᱟᱸ ᱫᱚ ᱟᱞᱮᱨᱤᱱ ᱠᱷᱮᱞᱚᱸᱰᱤᱭᱟᱹ ᱟᱨ ᱜᱟᱶᱛᱟ ᱠᱚ, ᱟᱨ ᱟᱠᱚᱣᱟᱜ ᱠᱷᱮᱞ, ᱜᱚᱱᱚᱴᱷᱚᱱ ᱨᱮ ᱜᱩᱱᱢᱟᱱᱟᱣ ᱵᱚᱫᱚᱞ ᱟᱛᱮ ᱟᱠᱚ ᱢᱟᱬᱟᱝ ᱥᱮᱱ ᱞᱟᱦᱟ ᱞᱟᱹᱠᱛᱤ ᱠᱟᱱᱟ, ᱟᱨ ᱵᱟᱝ ᱫᱚ ᱰᱮᱥᱟᱨᱴᱤᱯᱷᱤᱠᱮᱥᱚᱱ ᱞᱮᱠᱟᱛᱮI
कृपया अपना खाता संख्या, नाम, सेल संख्या, और पता नीचे दिए गए क्षेत्रों में डालें.	ᱫᱟᱭᱟ ᱠᱟᱛᱮᱜ ᱞᱟᱛᱟᱨ ᱨᱮ ᱟᱢᱟᱜ ᱮᱠᱟᱣᱩᱱᱴ ᱱᱚᱢᱵᱚᱨ, ᱧᱩᱛᱩᱢ, ᱢᱳᱵᱟᱭᱤᱞ ᱱᱚᱢᱵᱚᱨ, ᱟᱨ ᱴᱷᱤᱠᱟᱹᱱᱟ ᱚᱞᱢᱮ ᱾
मेरे पास उनसठ रुपये हैं।	ᱤᱧ ᱴᱷᱮᱱ ᱛᱩᱨᱩᱭ ᱜᱮᱞ ᱱᱟᱭ ᱯᱟᱹᱲᱯᱟ ᱢᱮᱱᱟᱜᱼᱟ ᱠᱚᱣᱟ।
वह कोई मज़ाक भी नहीं कर रही थी, वह बस मेरा मज़ाक उड़ा रही थी।	ᱩᱱᱤ ᱫᱚ ᱢᱤᱫᱴᱟᱝ ᱞᱟᱸᱫᱟ ᱠᱟᱛᱷᱟ ᱦᱚᱸ ᱵᱟᱭ ᱞᱟᱹᱭᱮᱫ ᱛᱟᱦᱮᱠᱟᱱᱟ, ᱩᱱᱤ ᱫᱚ ᱮᱠᱮᱱ ᱤᱧ ᱟᱛᱮᱫᱼᱮ ᱨᱟᱹᱥᱠᱟᱹᱭᱮᱫ ᱠᱟᱱ ᱛᱟᱦᱮᱠᱟᱱᱟ ᱾
वीडियो रिकॉर्ड के प्रयोग ने माइक्रोस्कोप, चेहरे की गति के व्याख्या में महत्वपूर्ण खोजों का नेतृत्व किया है जो कि कुछ मिली जुली.	ᱣᱤᱰᱤᱭᱚ ᱨᱮᱠᱚᱰᱤᱝ ᱨᱮᱭᱟᱜ ᱵᱮᱵᱷᱟᱨ ᱫᱚ ᱥᱩᱠᱷᱭᱚᱢ ᱚᱵᱷᱤᱵᱤᱭᱚᱠᱛᱤ, ᱪᱮᱦᱨᱟ ᱨᱮᱭᱟᱜ ᱜᱚᱛᱤᱵᱤᱫᱷᱤ ᱨᱮᱭᱟᱜ ᱵᱮᱠᱷᱭᱟ ᱨᱮ ᱡᱟᱹᱨᱩᱲ ᱯᱟᱱᱛᱮ ᱠᱚ ᱡᱟᱱᱟᱢ ᱮᱢᱟᱫᱼᱟᱭ ᱡᱟᱦᱟᱸᱭ ᱫᱚ ᱛᱤᱱᱟᱹᱝ ᱢᱤᱞᱤᱥᱮᱠᱮᱸᱰ ᱫᱷᱟᱹᱵᱤᱡ ᱪᱟᱞᱟᱜᱼᱟ᱾
मेरे पास पाँच आम हैं।	ᱤᱧ ᱴᱷᱮᱱ ᱢᱚᱬᱮ ᱜᱚᱴᱟᱝ ᱟᱢ ᱢᱮᱱᱟᱜᱼᱟ ᱠᱚᱣᱟ।
मौजूदा और आरोपों (एसएमआर) के बाद से यह आरोपों और स्रोत में मौजूदा प्रभावों से बहुत दूर है, और इस समय में भी उनके द्वारा सीधे रूप से प्रभावित नहीं होता है (या, यह एक अलग रूप से ऐसे क्षेत्रों में बनाया गया है जिन से अतीत में परिवर्तनों में परिवर्तनों के क्रम में किया गया है.	ᱢᱩᱞᱨᱮ ᱟᱫᱷᱟᱱ ᱟᱨ ᱵᱤᱡᱞᱤᱪᱟᱞᱟᱜᱽ ᱠᱷᱚᱱ ᱯᱟᱥᱱᱟᱜᱽᱼᱟ, ᱚᱱᱟᱠᱩ ᱪᱮᱛᱟᱱ ᱡᱟᱦᱟᱸᱱ "ᱯᱨᱚᱛᱤᱠᱨᱤᱭᱟ" ᱮᱥᱮᱲ ᱵᱟᱹᱱᱩᱜᱽᱼᱟ, ᱟᱨ ᱱᱟᱦᱟᱜᱽ ᱚᱠᱛᱮᱨᱮᱚᱱᱟᱠᱩ ᱦᱚᱛᱮᱛᱮ ᱧᱮᱞᱚᱜᱽᱞᱮᱠᱟᱛᱮ ᱵᱟᱝ ᱜᱚᱵᱚᱞᱚᱜᱽᱼᱟ (ᱵᱚᱨᱚᱝ ᱞᱟᱦᱟᱨᱮ ᱚᱱᱟᱠᱩ ᱠᱷᱚᱱ ᱯᱟᱥᱱᱟᱜᱽ ᱠᱷᱮᱛᱨᱚᱨᱮ ᱵᱚᱫᱚᱞᱠᱩ ᱢᱩᱫᱨᱮ ᱚᱱᱩᱠᱨᱚᱢ ᱠᱷᱚᱱ ᱫᱚᱥᱟᱨᱞᱮᱠᱟᱛᱮ ᱚᱱᱟ ᱫᱚ ᱥᱤᱨᱡᱟᱹᱜᱽᱼᱟ) ᱢᱮᱱᱛᱮ ᱵᱤᱡᱞᱤᱪᱟᱞᱟᱜᱽ ᱟᱟᱨ ᱟᱫᱷᱟᱱ (ᱢᱩᱞ) ᱠᱷᱚᱱ ᱟᱭᱢᱟ ᱥᱟᱹᱜᱤᱧ ᱡᱟᱦᱟᱸᱱ ᱛᱚᱲᱤᱛᱼᱪᱩᱢᱵᱚᱠᱤᱭᱚ ᱠᱷᱮᱛᱨᱚ ᱜᱤ ᱛᱚᱲᱤᱛᱼᱪᱩᱢᱵᱚᱠᱤᱭᱚ ᱵᱤᱠᱤᱨᱚᱱ (ᱤᱮᱢᱟᱨ) ᱠᱩ ᱢᱮᱱᱼᱟ ᱾
हिंदू विवाह के अधीन, आपको विवाह समारोह के एक महीने के अन्दर अपना विवाह रजिस्टर करने की ज़रूरत है ।	ᱦᱤᱱᱫᱩ ᱵᱟᱯᱞᱟ ᱟᱹᱱ ᱟᱶᱛᱟᱨᱮ, ᱟᱢ ᱵᱟᱯᱞᱟ ᱟᱠᱷᱟᱲᱟ ᱨᱮᱭᱟᱜ ᱢᱤᱫ ᱪᱟᱸᱫᱳ ᱢᱩᱫᱨᱮ ᱟᱢᱟᱜ ᱵᱟᱯᱞᱟ ᱴᱷᱟᱲᱚᱜᱚᱴᱟᱭ ᱦᱩᱭᱩᱜ ᱛᱟᱢᱟ ᱾
यह वह जगह है जिसे ब्रिटिश भंडारों ने अपना अपना लिया और अगर आप क्षेत्र के अतीत के सबूत के लिए देख रहे हैं, तो यह एक अच्छा जगह है शुरू करने के लिए.	ᱱᱚᱣᱟ ᱫᱚ ᱚᱱᱟ ᱡᱟᱭᱜᱟ ᱠᱟᱱᱟ ᱡᱟᱦᱟᱸ ᱨᱮ ᱵᱽᱨᱤᱴᱤᱥ ᱩᱯᱚᱱᱤᱵᱮᱥᱤᱭᱟᱹ ᱟᱠᱚᱣᱟᱜ ᱟᱯᱱᱟᱨ ᱞᱮᱠᱟᱛᱮ ᱠᱚ ᱦᱟᱛᱟᱣ ᱞᱮᱫᱟ ᱟᱨ ᱡᱩᱫᱤ ᱟᱢ ᱴᱚᱴᱷᱟ ᱨᱮᱭᱟᱜ ᱩᱯᱚᱱᱤᱵᱮᱥ ᱮᱱᱟᱝ ᱯᱚᱨᱢᱟᱱ ᱞᱟᱹᱜᱤᱫ ᱮᱢ ᱧᱮᱞᱫᱟ, ᱱᱚᱣᱟ ᱫᱚ ᱮᱛᱚᱦᱚᱵ ᱞᱟᱹᱜᱤᱫ ᱵᱷᱟᱜᱮ ᱡᱟᱭᱜᱟ ᱠᱟᱱᱟ᱾
इसके अलावा, कार मालिक सड़कों पर दुर्घटनाओं का भी सामना करता है, जो खराब शरीर को ठीक करने के लिए नयी तकनीकों का आविष्कार करता है ।	ᱞᱟᱴᱩ ᱚᱠᱚᱡᱛᱮ ᱠᱟᱨ ᱨᱮᱱ ᱢᱟᱞᱤᱠ ᱛᱮ ᱥᱚᱲᱚᱠ ᱨᱮ ᱫᱩᱨᱜᱷᱟᱴᱱᱟ ᱠᱚ ᱨᱮᱭᱟᱜ ᱵᱟᱲᱛᱤ ᱜᱷᱚᱴᱚᱱᱟ ᱦᱩᱭᱩᱜ ᱠᱟᱱᱟ, ᱡᱟᱦᱟ ᱨᱮ ᱦᱟᱹᱱ ᱟᱠᱟᱱ ᱡᱤᱱᱤᱥ ᱠᱚ ᱨᱮᱭᱟᱜ ᱢᱟᱨᱟᱢᱚᱛ ᱞᱟᱹᱜᱤᱫ ᱥᱣᱟᱥᱛᱷᱭᱚ ᱫᱮᱠᱷᱵᱷᱟᱞ ᱨᱮ ᱱᱟᱣᱟ ᱛᱟᱠᱱᱤᱠ ᱠᱚ ᱨᱮᱭᱟᱜ ᱜᱚᱲᱦᱚᱱ ᱦᱩᱭᱩᱜ ᱠᱟᱱᱟ᱾
धर्म - सिद्धांत, धर्म, रंग, जाति, जाति, धर्म, धर्म, धर्म या देश के अलग - अलग पहलुओं में हर इंसान के पास एक ही स्वर्गीय ज्योति है ।	ᱥᱤᱠᱷ ᱫᱷᱚᱨᱚᱢ ᱨᱮᱭᱟᱜ ᱡᱩᱛᱷᱩᱲᱟᱱᱟᱜ ᱦᱚᱨᱟ ᱦᱚᱨᱟ ᱦᱩᱭᱩᱜ ᱠᱟᱱᱟ ᱡᱮ ᱱᱚᱶᱟ ᱫᱚ ᱡᱟᱹᱛᱤ, ᱫᱷᱚᱨᱚᱢ, ᱨᱚᱝ, ᱡᱟᱹᱛᱤ, ᱡᱟᱱᱟᱝ, ᱫᱷᱚᱨᱚᱢ ᱥᱮ ᱡᱟᱹᱛᱤᱭᱟᱹᱨᱤ ᱥᱟᱱᱟᱢ ᱠᱚ ᱨᱮᱸᱜᱮᱡ ᱥᱮ ᱠᱤᱥᱟᱹᱲ, ᱪᱮᱛᱟᱱ ᱥᱮ ᱞᱟᱛᱟᱨ, ᱥᱟᱱᱟᱢ ᱦᱚᱲ ᱠᱚ ᱢᱩᱫᱨᱮ ᱢᱤᱫ ᱥᱚᱨᱚᱜ ᱨᱮᱭᱟᱜ ᱟᱨᱥᱟᱞ ᱢᱮᱱᱟᱜᱼᱟ ᱢᱮᱱᱛᱮᱭ ᱵᱟᱛᱟᱣᱼᱟ ᱾
लगभग 6,50,000 लोगों ने अल्जीरिया छोड़ दिया, जिनमें से अधिकांश फ्रांस चले गए।	ᱯᱨᱟᱭ ᱖᱕᱐,᱐᱐᱐ ᱦᱚᱲ ᱟᱞᱡᱮᱨᱤᱭᱟ ᱠᱚ ᱵᱟᱹᱜᱤ ᱟᱠᱟᱫᱟ, ᱩᱱᱠᱩ ᱢᱩᱫᱨᱮ ᱡᱟᱹᱥᱛᱤᱜᱮ ᱯᱷᱨᱟᱱᱥ ᱨᱮᱠᱚ ᱨᱩᱣᱟᱹᱲ ᱟᱠᱟᱱᱟ ᱾
एनिमल क्रॉसिंग (Animal Crossing): एनिमल क्रॉसिंग निनटेंडो द्वारा बनाई गई एक सोशल सिमुलेशन वीडियो गेम श्रृंखला है।	ᱮᱹᱱᱤᱢᱟᱞ ᱠᱨᱚᱥᱤᱝ ᱫᱚ ᱦᱩᱭᱩᱜ ᱠᱟᱱᱟ ᱱᱤᱱᱴᱮᱱᱰᱳ ᱫᱟᱨᱟᱭᱛᱮ ᱵᱮᱱᱟᱣ ᱟᱠᱟᱱ ᱢᱤᱫᱴᱟᱝ ᱥᱟᱶᱛᱟᱠᱤᱭᱟᱹ ᱥᱤᱢᱩᱞᱮᱥᱚᱱ ᱵᱷᱤᱰᱤᱣ ᱜᱮᱢ ᱥᱤᱨᱤᱡ ᱾
पहले विश्‍व युद्ध में जर्मनी एक आम दुश्‍मन था, जो सोवियत संघ और यू. एस.	᱒ ᱡᱮᱜᱮᱛ ᱞᱟᱹᱲᱦᱟᱹᱭ ᱨᱮ ᱡᱚᱨᱢᱟᱱᱤ ᱢᱤᱫᱴᱟᱝ ᱥᱟᱫᱷᱟᱨᱚᱱ ᱵᱟᱭᱨᱤ ᱛᱟᱦᱮᱸᱠᱟᱱᱟᱭ, ᱡᱟᱦᱟᱸ ᱫᱚ ᱞᱟᱹᱲᱦᱟᱹᱭ ᱭᱩᱹᱮᱥᱹᱮᱥᱹᱟᱨᱹ ᱟᱨ ᱭᱩᱹᱮᱥᱹᱮᱹ ᱢᱟᱹᱫᱽᱨᱮ ᱥᱚᱯᱚᱦᱚᱫ ᱦᱩᱭᱮᱱᱟ᱾ ᱞᱟᱹᱲᱦᱟᱹᱭ ᱢᱩᱪᱟᱹᱫ ᱛᱟᱭᱚᱢ ᱥᱟᱶᱛᱮ ᱵᱮᱵᱚᱥᱛᱷᱟ, ᱯᱨᱟᱠᱨᱤᱭᱟ ᱟᱨ ᱞᱟᱠᱪᱟᱨ ᱨᱮᱱᱟᱜ ᱴᱟᱠᱨᱟᱣ ᱚᱡᱮ ᱫᱤᱥᱚᱢ ᱵᱟᱦᱨᱮ ᱮᱱᱟᱭ᱾
बेशक, मुझे खुशी है कि तुम मुझे फोन किया.	ᱱᱤᱦᱟᱹᱛ ᱜᱮ, ᱤᱧ ᱟᱹᱰᱤ ᱨᱟᱹᱥᱠᱟᱹᱧ ᱟᱹᱭᱠᱟᱹᱣ ᱮᱫᱟ ᱡᱮ ᱟᱢ ᱤᱧ ᱮᱢ ᱦᱚᱦᱚ ᱟᱠᱟᱫᱤᱧᱟᱹ ᱾
वहाँ, उन्होंने पढ़ी हुई कहानियों को सुनाकर दूसरों का मनोरंजन किया।	ᱚᱸᱰᱮ ᱫᱚ ᱩᱱᱤ ᱮᱴᱟᱜ ᱠᱚ ᱟᱡᱟᱜ ᱱᱤᱡᱮᱨ ᱯᱟᱲᱦᱟᱣ ᱠᱟᱹᱦᱚᱱᱤ ᱞᱟᱹᱭ ᱠᱟᱛᱮ ᱨᱟᱹᱥᱠᱟᱹᱭ ᱮᱢᱟᱠᱚ ᱛᱟᱦᱮᱸ ᱾
उसे एहसास होता है कि वह अब केवल एक याद बनकर रह गई है।	ᱩᱱᱤᱭ ᱵᱩᱡᱷ ᱫᱟᱲᱮᱭᱟᱜᱼᱟ ᱡᱮ ᱩᱱᱤ ᱫᱚ ᱱᱤᱛ ᱮᱠᱷᱮᱱ ᱪᱤᱱᱦᱟᱹ ᱞᱮᱠᱟ ᱾
आपको यह कोशिश करनी चाहिए; जब सड़क खाली और सुन्दर हो, तब यह शांतिपूर्ण है ।	ᱟᱢ ᱱᱚᱶᱟᱢ ᱠᱚᱨᱟᱣ ᱫᱟᱲᱮᱭᱟᱜᱼᱟ ; ᱰᱟᱦᱟᱨ ᱡᱚᱠᱷᱚᱱ ᱯᱷᱟᱸᱠᱟ ᱟᱨ ᱢᱚᱡᱽ ᱦᱩᱭ ᱞᱮᱱᱠᱷᱟᱱ ᱱᱚᱶᱟᱫᱚ ᱱᱟᱯᱟᱭᱚᱜᱼᱟ ᱾
यह अनुमान लगाया गया है कि हर साल 25 जनवरी को सबसे ज़्यादा मशहूर संख्या पता चली है ।	ᱥᱮᱱᱴᱨᱟᱞ ᱢᱤᱥᱚᱨᱤ ᱡᱮᱜᱮᱛ ᱵᱤᱨᱫᱟᱹᱜᱟᱹᱲ ᱨᱮ ᱮᱞᱮᱠᱷ ᱟᱨ ᱠᱚᱢᱯᱭᱩᱴᱚᱨ ᱥᱟᱮᱬᱥ ᱨᱤᱱᱤᱡ ᱯᱨᱚᱯᱷᱮᱥᱚᱨ ᱠᱟᱹᱨᱴᱤᱥ ᱠᱩᱯᱚᱨ ᱫᱚ ᱒᱕ ᱢᱟᱜᱽ ᱦᱤᱞᱚᱜ ᱱᱤᱛ ᱫᱷᱟᱹᱵᱤᱡ ᱨᱮᱭᱟᱜ ᱡᱷᱟᱛᱚ ᱠᱷᱚᱱ ᱢᱟᱨᱟᱝ ᱢᱤᱞ ᱮᱞ ᱨᱮᱭᱟᱜ ᱠᱷᱚᱡᱽ ᱦᱩᱭ ᱞᱮᱱᱟ᱾
यदि मृत्यु कहीं कहीं और हुई है, तो मनोरंजन में राख डालने के द्वारा उद्धार प्राप्त किया जा सकता है ।	ᱮᱴᱟᱜ ᱨᱮᱭ ᱜᱚᱡ ᱞᱮᱱᱠᱷᱟᱱ ᱜᱟᱝᱜᱟᱨᱮ ᱡᱟᱝᱵᱟᱦᱟ ᱵᱩᱦᱟᱹᱞ ᱞᱮᱠᱷᱟᱱ ᱪᱷᱟᱲᱮ ᱧᱟᱢᱟ᱾
पॉल हॉर ने भी कुछ दावे को व्यक्‍त किया है कि कॉम्वॉट्‍ना-नाना-आआ ने पूरी तरह से शैली में मतभेदों के कारण, और इन्हें भागों में शामिल किया गया था।	ᱠᱟᱹᱨᱤ ᱵᱮᱜᱟᱨ ᱟᱨ ᱠᱤᱷᱩ ᱦᱤᱸᱥᱨᱮ ᱥᱟᱛᱟᱢ ᱵᱩᱱᱤᱭᱟᱹᱫᱽ ᱵᱮᱥᱟᱭᱟᱱ ᱚᱡᱛᱮ ᱥᱟᱱᱟᱢ ᱥᱟᱹᱲᱭᱟᱹᱲ ᱜᱚᱴᱟ ᱵᱩᱴᱟᱹ ᱡᱟᱨᱣᱟ ᱥᱮᱞᱮᱫ ᱥᱟᱱᱟᱢ ᱠᱟᱭᱛᱮ ᱥᱚᱝᱠᱚᱨ ᱚᱞᱞᱮᱫᱟ ᱥᱟᱹᱜᱟᱹᱭ ᱠᱤᱪᱷᱩ ᱫᱤᱜᱫᱷᱟ ᱞᱟᱹᱭ ᱞᱮᱫᱟ ᱯᱚᱞ ᱦᱮᱠᱟᱨ᱾
मेरे पास सड़सठ सेब हैं।	ᱤᱧ ᱴᱷᱮᱱ ᱛᱩᱨᱩᱭ ᱜᱮᱞ ᱮᱭᱟᱭ ᱜᱚᱴᱟᱝ ᱟᱢᱚᱞ ᱢᱮᱱᱟᱜᱼᱟ ᱠᱚᱣᱟ।
पचहत्तर	ᱮᱭᱟᱭ ᱜᱮᱞ ᱢᱚᱬᱮ
इसका नाम 1974 में अल्हम्ब्रा पैलेस के सम्मान में बदलकर अल्हम्ब्रा कर दिया गया था।	ᱟᱞᱮᱛᱥᱟᱣᱩᱥᱮᱱ ᱫᱚ ᱦᱩᱭᱩᱜ ᱠᱟᱱᱟ ᱡᱟᱨᱢᱟᱱᱤ ᱨᱮᱭᱟᱜ ᱵᱟᱵᱷᱟᱨᱤᱭᱟ ᱜᱩᱧᱡᱚᱵᱟᱨᱜ ᱨᱮᱭᱟᱜ ᱢᱤᱫᱴᱟᱝ ᱯᱳᱣᱨᱚᱥᱚᱵᱷᱟ ᱾
उनके परिवार की कंपनी, ऐओ-To इंजीनियरिंग और निर्माण पीसीL, कई सरकारी मेगा-गाधकों, जैसे कि Povakhhhhky हवाई अड्डे बनाया.	ᱩᱱᱤᱭᱟᱜ ᱜᱷᱟᱸᱨᱚᱡᱽ ᱨᱮᱭᱟᱜ ᱠᱳᱢᱯᱟᱱᱤ, ᱥᱤᱱᱳᱼᱛᱷᱟᱭ ᱤᱧᱡᱤᱱᱤᱭᱟᱨᱤᱝ ᱮᱱᱰ ᱠᱚᱱᱥᱴᱨᱟᱠᱥᱚᱱ ᱯᱤᱥᱤᱮᱞ, ᱵᱮᱝᱠᱚᱠ ᱨᱮᱭᱟᱜ ᱥᱩᱵᱚᱨᱱᱚᱵᱷᱩᱢᱤ ᱩᱰᱟᱹᱱᱟᱰᱟ ᱞᱮᱠᱟᱱ ᱵᱮᱥ ᱠᱤᱪᱷᱤ ᱥᱚᱨᱠᱟᱨᱤ ᱢᱮᱜᱟᱼᱯᱟᱱᱛᱷᱟᱭ ᱵᱮᱱᱟᱣ ᱟᱠᱟᱫᱟ ᱾
पत्रिका का अंतिम अंक 1999 में प्रकाशित हुआ था।	ᱯᱟᱛᱷᱟᱢ ᱨᱮᱭᱟᱜ ᱢᱩᱪᱟᱹᱫ ᱮᱞ ᱫᱚ ᱑᱙᱙᱙ ᱥᱟᱞ ᱨᱮ ᱩᱪᱷᱟᱹᱱ ᱞᱮᱱᱟ ᱾
दक्षिणी भारत में, Pallva अवधि Savu (575 सा. यु.	ᱫᱚᱠᱷᱤᱱ ᱵᱷᱟᱨᱚᱛ ᱨᱮᱭᱟᱜ ᱩᱭᱦᱟᱹᱨᱵᱟᱛᱷᱟᱱ ᱵᱮᱱᱟᱣ, ᱟᱞᱳᱣᱟᱨ ᱟᱨ ᱱᱚᱭᱱᱟᱨ ᱠᱚ (ᱵᱷᱩᱠᱛᱤ) ᱜᱟᱸᱛᱟᱠ ᱛᱷᱟᱯᱚᱱ, ᱟᱹᱨᱤᱪᱟᱹᱞᱤ ᱥᱮᱪᱮᱫ ᱨᱮᱭᱟᱜ ᱟᱹᱛᱩ ᱨᱮᱭᱟᱜ ᱵᱟᱸᱵᱬᱮᱵᱟᱫᱤ ᱛᱷᱟᱯᱚᱱ ᱨᱮᱭᱟᱜ ᱱᱟᱥᱟᱣ, ᱟᱨ ᱢᱤᱫᱦᱚᱲ ᱩᱯᱚᱡᱟᱹᱛᱤ ᱢᱩᱲᱩᱫ ᱟᱶᱛᱟᱨᱮ ᱡᱚᱛᱚᱦᱚᱲᱟᱜ ᱟᱹᱨᱤᱪᱟᱹᱞᱤ ᱥᱟᱶᱛᱮ ᱯᱨᱟᱠᱼᱯᱚᱞᱞᱚᱵ ᱡᱩᱜ ᱨᱮᱱ ᱴᱚᱴᱷᱟ ᱠᱤᱭᱟᱹ ᱞᱮᱠᱟᱛᱮ ᱵᱷᱮᱜᱟᱨ ᱨᱟᱹᱥᱤᱭᱟᱹᱣᱟᱜ ᱚᱪᱚᱜ ᱜᱷᱚᱴᱟᱣ ᱫᱚ ᱨᱟᱡᱽᱯᱟᱴ ᱨᱮᱭᱟᱜ ᱪᱚᱠᱨᱚᱵᱚᱛᱤᱱ ᱱᱤᱯᱟᱹᱴ ᱛᱷᱟᱯᱚᱱ ᱥᱟᱶᱛᱮ ᱥᱤᱝᱦᱚᱵᱤᱥᱱᱩ ᱠᱷᱚᱱ ᱮᱛᱚᱦᱚᱵ ᱟᱠᱟᱱ ᱯᱚᱞᱞᱚᱵ ᱚᱠᱛᱮ ᱠᱟᱞᱫᱚ (᱕᱗᱕ᱼ᱙᱐᱐ ᱠᱷᱤᱥᱴᱟᱵᱫᱚ) ᱛᱟᱦᱮᱸ ᱠᱟᱱᱟ ᱫᱚᱠᱷᱤᱱ ᱵᱷᱟᱨᱚᱛᱭᱟᱹ ᱥᱚᱢᱟᱡᱽ ᱨᱮᱭᱟᱜ ᱢᱤᱫᱴᱟᱝ ᱠᱨᱟᱱᱛᱤᱠᱟᱞᱤᱱ ᱦᱚᱨᱟ ᱾
मेरे पास दस कुर्सी हैं।	ᱤᱧ ᱴᱷᱮᱱ ᱜᱮᱞ ᱜᱚᱴᱟᱝ ᱠᱩᱨᱥᱤ ᱢᱮᱱᱟᱜᱼᱟ ᱠᱚᱣᱟ।
इन देशों में ऑस्ट्रेलिया, कनाडा, यूनाइटेड किंगडम और संयुक्त राज्य अमेरिका शामिल हैं।	ᱱᱚᱶᱟ ᱫᱤᱥᱚᱢ ᱠᱚ ᱢᱩᱫᱨᱮ ᱢᱮᱱᱟᱜᱼᱟ ᱚᱥᱴᱨᱮᱞᱤᱭᱟ, ᱠᱟᱱᱟᱰᱟ, ᱡᱩᱠᱛᱚᱨᱟᱥᱴᱨᱚ ᱟᱨ ᱢᱟᱨᱠᱤᱱ ᱡᱩᱠᱛᱚᱨᱟᱥᱴᱨᱚ ᱾
मेरे पास तेरह मुर्गी हैं।	ᱤᱧ ᱴᱷᱮᱱ ᱜᱮᱞ ᱯᱮ ᱜᱚᱴᱟᱝ ᱢᱩᱠᱨᱤ ᱢᱮᱱᱟᱜᱼᱟ ᱠᱚᱣᱟ।
आप एक छुट्टी कल है?	ᱜᱟᱯᱟ ᱪᱮᱫ ᱟᱢᱟᱜ ᱪᱷᱩᱴᱤ ᱢᱮᱱᱟᱜᱼᱟ ?
मुझे पहले ही जान लेना चाहिए था कि आप इस मामले में मेरी मदद करने से बचने की कोशिश करेंगे (ग्राहक)।	ᱤᱧᱟᱹᱜ ᱵᱟᱰᱟᱭ ᱞᱟᱹᱠᱛᱤ ᱛᱟᱦᱮᱸ ᱠᱟᱱᱟ ᱡᱮ ᱟᱢ ᱱᱚᱶᱟ ᱥᱟᱛᱟᱢ ᱨᱮ ᱤᱧ ᱜᱚᱲᱚ ᱞᱟᱹᱜᱤᱫ ᱮᱢ ᱨᱤᱠᱟᱹᱭᱟ (ᱠᱤᱨᱤᱧᱤᱭᱟᱹ)
वाह! फ्रांस ने मैच के आखिरी दस मिनट में दो गोल कर दिए! मैंने सोचा था कि वे निश्चित रूप से हारने वाले हैं।	ᱳᱣᱟᱣ! ᱢᱮᱪ ᱨᱮᱭᱟᱜ ᱜᱮᱞ ᱴᱤᱲᱤᱡ ᱨᱮ ᱵᱟᱨᱮᱭᱟ ᱠᱚ ᱜᱳᱞ ᱠᱮᱫᱟ ᱯᱷᱨᱟᱱᱥ ! ᱤᱧ ᱫᱚᱧ ᱵᱷᱟᱵᱤᱛ ᱞᱮᱱᱟ ᱩᱝᱠᱩ ᱫᱚ ᱱᱤᱦᱟᱹᱛ ᱜᱮ ᱠᱚ ᱦᱤᱨᱟᱹᱜᱼᱟ ᱾
नमस्ते मैडम, मेरा नाम खान है और मुझे आपकी सेवा करने में खुशी होगी।	ᱦᱚᱞᱳ ᱢᱮᱢ, ᱤᱧᱟᱹᱜ ᱧᱩᱛᱩᱢ ᱠᱷᱟᱱ ᱟᱨ ᱤᱧ ᱟᱢ ᱥᱟᱨᱵᱷᱟᱨ ᱮᱢ ᱫᱟᱲᱮ ᱠᱟᱛᱮᱫ ᱟᱹᱰᱤ ᱠᱩᱥᱤᱧ ᱵᱩᱡᱷᱮᱫᱟ ᱾
मुझे सुबह 9 बजे तक बैंक कर्मचारियों के काम के लिए उपलब्ध होने की उम्मीद नहीं थी, लेकिन मैंने उन सभी को वहाँ पाया और बैंक खुला था।	ᱤᱧ ᱵᱟᱹᱧ ᱟᱥ ᱟᱠᱟᱱᱟ ᱡᱮ ᱵᱮᱝᱠ ᱨᱮᱱ ᱠᱟᱹᱢᱤᱭᱟᱹ ᱠᱚ ᱥᱮᱛᱟᱜ ᱙ ᱴᱟᱲᱟᱝ ᱢᱩᱫᱽᱨᱮ ᱵᱮᱯᱟᱨ ᱞᱟᱹᱜᱤᱫ ᱠᱚ ᱥᱮᱴᱮᱨᱚᱜᱼᱟ, ᱢᱮᱱᱠᱷᱟᱱ ᱤᱧ ᱚᱰᱮᱸ ᱩᱱᱠᱩ ᱥᱟᱱᱟᱢ ᱠᱚᱧ ᱧᱟᱢ ᱟᱠᱟᱫ ᱠᱚᱣᱟ  ᱟᱨ ᱵᱮᱝᱠ ᱫᱚ ᱵᱮᱯᱟᱨ ᱞᱟᱹᱜᱤᱫ ᱡᱷᱤᱡ ᱢᱮᱱᱟᱜᱼᱟ
मेरे चावल में पत्थर क्यों है? क्या आप नहीं जानते कि अनाज को ठीक से कैसे साफ किया जाता है?	ᱤᱧᱟᱜ ᱫᱟᱠᱟᱨᱮ ᱫᱷᱤᱨᱤ ᱪᱮᱫᱟᱜ ? ᱟᱢ ᱪᱮᱫ ᱵᱷᱟᱜᱮ ᱥᱟᱹᱦᱤᱫ ᱛᱮ ᱟᱱᱟᱡ ᱪᱟᱣᱞᱮ ᱥᱟᱯᱷᱟ ᱵᱟᱢ ᱵᱟᱰᱟᱭᱟ ?
पृथ्वी की सतह से 60 किलोमीटर से अधिक मील (100 किलोमीटर), हवा का रसायनीय रचना ऊंचाई पर ज़ोर से निर्भर हो जाता है और वायुमंडल हल्का गैसों से भरपूर हो जाता है (एवरिक ऑक्सीजन, Hels).	ᱫᱷᱟᱹᱨᱛᱤ ᱪᱮᱛᱟᱱ ᱚᱛ ᱦᱤᱸᱥ ᱠᱷᱚᱱ ᱖᱐ ᱢᱟᱭᱤᱞ (᱑᱐᱐ ᱠᱤᱢᱤ) ᱨᱮ, ᱦᱚᱭ ᱨᱮᱭᱟᱜ ᱠᱮᱢᱤᱠᱮᱞ ᱜᱚᱬᱦᱚᱱ ᱫᱚ ᱞᱟᱯᱷᱟᱝ ᱪᱮᱛᱟᱱ ᱡᱟᱹᱥᱛᱤ ᱠᱟᱭᱛᱮ ᱜᱤᱭ ᱴᱮᱦᱟᱰᱚᱜ ᱠᱟᱱᱟ ᱟᱨ ᱞᱚᱞᱚᱥᱚᱝ ᱫᱚ ᱞᱟᱣᱟᱨ ᱜᱮᱥ ᱠᱩ (ᱮᱴᱚᱢᱤᱠ ᱚᱠᱥᱤᱡᱮᱱ, ᱦᱤᱞᱤᱭᱟᱢ ᱟᱨ ᱦᱟᱭᱰᱨᱚᱡᱮᱱ) ᱛᱮ ᱯᱮᱨᱮᱡ ᱟᱠᱟᱱᱟ ᱾
पेट्रोस्यान का 10 मार्च 2022 को येरेवन में 75 वर्ष की आयु में निधन हो गया।	ᱯᱮᱴᱨᱳᱥᱤᱭᱟᱱ ᱫᱚ ᱑᱐ ᱢᱟᱨᱪ ᱒᱐᱒᱒ ᱥᱟᱞ ᱨᱮ ᱗᱕ ᱥᱮᱨᱢᱟ ᱩᱢᱮᱨ ᱨᱮ ᱤᱭᱮᱨᱮᱵᱷᱟᱱ ᱨᱮᱭ ᱜᱚᱪ ᱞᱮᱱᱟ ᱾
डॉक्टर ने टेस्ट स्ट्रिप मुझे देने से पहले उस पर छींक दिया।	ᱤᱧ ᱴᱮᱥᱮᱴ ᱥᱴᱨᱤᱯ ᱮᱢ ᱢᱟᱲᱟᱝ ᱨᱮᱜᱮ ᱰᱟᱠᱴᱚᱨ ᱫᱚ ᱟᱹᱪᱷᱤᱢ ᱞᱮᱫᱟᱭ ᱾
लेकिन ड्राइवर के सिर पर भारी चोटें लगी थीं ।	ᱢᱮᱱᱠᱷᱟᱱ ᱰᱟᱭᱵᱷᱚᱨᱟᱜ ᱵᱚᱦᱚᱜ ᱨᱮ ᱟᱹᱰᱤ ᱜᱟᱺᱦᱤᱨ  ᱮ  ᱜᱷᱟᱹᱞ ᱟᱠᱟᱱᱟ᱾
वह अब एक किशोर है लेकिन फिर भी अपने बड़ों का ठीक से अभिवादन नहीं कर पाता।	ᱩᱱᱤ ᱫᱚ ᱱᱤᱛᱚᱜ ᱮ ᱦᱩᱰᱤᱧ ᱜᱮᱭᱟ, ᱢᱮᱱᱠᱷᱟᱱ ᱱᱤᱛ ᱦᱚᱸ ᱟᱡᱽ ᱠᱷᱚᱱ ᱞᱟᱹᱴᱩ ᱠᱚᱣᱟᱜ ᱫᱷᱚᱱᱼᱫᱩᱨᱤᱵᱽ ᱵᱟᱭ ᱞᱚᱵᱷᱼᱟᱜᱼᱟ ᱾
नासा के बंद प्रोग्राम N. वेन जेन. ने कहा कि जब हम के बारे में चिंतित हैं "के बाद वह सब गिर गया था. "	ᱱᱟᱥᱟ ᱨᱮᱭᱟᱜ ᱥᱟᱴᱟᱞ ᱠᱟᱹᱢᱤᱦᱚᱨᱟ ᱨᱮᱱ ᱢᱩᱬ ᱮᱱ. ᱣᱮᱱ ᱦᱮᱞ ᱮ ᱞᱟᱹᱭ ᱟᱠᱟᱫᱟ "ᱟᱞᱮ ᱪᱤᱱᱛᱟᱹ ᱨᱮᱞᱮ ᱛᱟᱦᱮᱸᱠᱟᱱ ᱛᱟᱭᱚᱢ" ᱯᱷᱚᱱ ᱧᱩᱨᱟᱠᱟᱱᱟ᱾"
मैं कुछ और की जरूरत है?	ᱤᱧᱟᱹᱜ ᱟᱨ ᱠᱟᱹᱪ ᱡᱟᱹᱨᱩᱲ ᱢᱮᱱᱟᱜᱼᱟ ᱪᱮᱫ ?
फिर भी हमारे माल में से अस्सी प्रतिशत मध्य अमरीकी देशों में टार बीफ़ के माध्यम से कर दिया गया था. हम आप के इलाज करते हैं.	ᱮᱱᱛᱮᱨᱮᱦᱚᱸ ᱟᱞᱮᱭᱟᱜ ᱢᱟᱞ ᱨᱮᱭᱟᱜ ᱤᱨᱟᱹᱜᱮᱞ ᱥᱚᱛ ᱪᱮᱛᱟᱱ ᱨᱮ ᱢᱚᱫᱷᱭᱚᱢ ᱟᱢᱮᱨᱤᱠᱟ ᱫᱤᱥᱚᱢ ᱨᱮ ᱴᱮᱨᱤᱯᱷ ᱨᱮᱭᱟᱜ ᱢᱟᱫᱷᱭᱚᱢ ᱛᱮ ᱠᱟᱨᱟᱣ ᱮᱱᱟ᱾ ᱟᱠᱮ ᱟᱯᱮᱠᱚ ᱴᱷᱤᱠᱮᱫ ᱯᱮᱭᱟ᱾
वह एक गैर-कमीशन प्राप्त अधिकारी भी थे।	ᱥᱮᱨᱟᱱᱳ ᱕ ᱢᱮ ᱒᱐᱐᱕ ᱠᱷᱚᱱ ᱑᱕ ᱡᱟᱱᱩᱣᱟᱨᱤ ᱒᱐᱐᱗ ᱦᱟᱹᱵᱤᱡ ᱮᱠᱩᱭᱮᱰᱚᱨ ᱨᱮᱱ ᱵᱷᱟᱭᱤᱥ ᱯᱨᱮᱥᱤᱰᱮᱱᱴ ᱮ ᱛᱟᱷᱮᱸ ᱠᱟᱱᱟ ᱾
इसके बाद की आयतों में हमें बताया गया है कि परमेश्‍वर, इंसानों को सिखाने के लिए टीचर का इस्तेमाल करता है, उन्हें सच्चाई के मार्ग पर चलने और सच्चाई के मुताबिक जीने का मौका देता है ।	ᱞᱟᱛᱟᱨᱨᱮ ᱚᱞ ᱟᱠᱟᱱ ᱯᱟᱹᱣᱲᱤᱠᱚ, ᱟᱵᱳ ᱞᱟᱹᱭ ᱦᱩᱭᱟᱠᱟᱱᱟ ᱡᱮ ᱤᱥᱥᱚᱨᱫᱚ ᱡᱚᱨᱟᱛᱨᱩᱥᱴᱨᱚ ᱢᱟᱱᱶᱟᱡᱟᱹᱛᱤᱨᱮᱱ ᱢᱟᱪᱮᱫ ᱞᱮᱠᱟᱛᱮᱭ ᱵᱟᱦᱟᱞ ᱟᱠᱟᱫᱮᱭᱟ, ᱩᱱᱠᱩ ᱥᱟᱹᱨᱤ ᱦᱚᱨ ᱟᱨ ᱥᱟᱹᱨᱤ ᱞᱮᱠᱟᱛᱮ ᱪᱮᱫᱞᱮᱠᱟ ᱡᱤᱭᱚᱱ ᱠᱷᱟᱸᱰᱟᱣ ᱦᱩᱭᱩᱜᱼᱟ ᱚᱱᱟ ᱞᱟᱹᱭ ᱟᱠᱚ ᱞᱟᱹᱜᱤᱫ ᱾
पच्चीस	ᱠᱩᱲᱤ ᱢᱚᱬᱮ
यूरोप में इस वायरस का सामना करने के लिए फ्रांस का सातवाँ देश है; ऑस्ट्रिया, जर्मनी, स्लोवेनिया, बल्गारिया और इटली ।	ᱯᱷᱨᱟᱱᱥ ᱮᱭᱟᱭᱜ ᱫᱤᱥᱚᱢ ᱠᱟᱱᱟ ᱭᱩᱨᱳᱯᱤᱭᱚ ᱥᱚᱝᱜᱷ ᱱᱚᱶᱟ ᱵᱷᱟᱭᱨᱟᱥ ᱫᱚ ᱡᱷᱮᱞᱟᱣ ᱞᱟᱹᱜᱤᱫ ᱟᱥᱴᱨᱮᱞᱤᱭᱟ, ᱡᱟᱨᱢᱟᱱᱤ, ᱥᱞᱳᱣᱮᱱᱤᱭᱟ, ᱵᱩᱞᱜᱟᱨᱤᱭᱟ, ᱜᱽᱨᱤᱥ ᱟᱨ ᱤᱴᱞᱤ ᱛᱟᱭᱚᱢ᱾
भारत के पास बहुत अच्छी क्रिकेट टीम है। हमारी टीम 127 से अधिक टी20 अंतर्राष्ट्रीय मैच जीत चुकी है।	ᱵᱷᱟᱨᱚᱛ ᱨᱮᱭᱟᱜ ᱢᱤᱫᱴᱟᱝ ᱟᱹᱰᱤ ᱵᱷᱟᱜᱮ ᱠᱨᱤᱠᱮᱴ ᱴᱤᱢ ᱢᱮᱱᱟᱜᱼᱟ ᱾ ᱟᱵᱚᱣᱟᱜ ᱫᱚᱞ ᱑᱒᱗ ᱜᱚᱴᱟᱝ ᱠᱷᱚᱱ ᱦᱚᱸ ᱰᱷᱮᱨ ᱴᱤᱼᱴᱳᱣᱮᱱᱴᱤ ᱡᱮᱜᱮᱫ ᱡᱟᱠᱟᱛ ᱢᱮᱪ ᱠᱚ ᱡᱤᱛᱠᱟᱹᱨ ᱟᱠᱟᱱᱟ ᱾
आज मैं यह करूँगा.	ᱛᱮᱦᱮᱧ ᱤᱧᱛᱮᱧ ᱠᱚᱨᱟᱣᱼᱟ ᱾
अपने हुनर के आधार पर या फिर अपनी काबिलीयतों पर निर्भर रहने की कोशिश कीजिए, फिर चाहे आप कहीं भी क्यों न देखें ।	ᱟᱨ ᱡᱟᱦᱟᱸ ᱡᱚᱥ ᱫᱚᱦᱚ ᱨᱮᱭᱟᱜ ᱪᱮᱥᱴᱟᱭ ᱢᱮᱸ ᱡᱟᱦᱟᱸ ᱨᱮ ᱫᱚ ᱫᱩᱦᱲᱟᱹ ᱵᱟᱝ ᱥᱟᱵᱚᱜᱼᱟᱢ, ᱟᱢᱟᱜ ᱠᱚᱣᱥᱚᱞ ᱟᱫᱟᱨ ᱛᱮ ᱟᱨ ᱟᱢ ᱪᱮᱫ ᱠᱚ ᱧᱮᱞ ᱮᱫ ᱟᱢ, ᱟᱢ ᱵᱟᱧᱪᱟᱣ ᱨᱮᱭᱟᱜ ᱛᱟᱹᱝᱜᱤ ᱠᱚᱨᱟᱣ ᱫᱟᱲᱮᱭᱟᱜᱼᱟᱢ᱾
उन्होंने मेरे उस पसंदीदा खेल का रीमेक बनाया है जिसे मैं अपने बचपन में हर दिन खेलता था!	ᱩᱝᱠᱩ ᱫᱚ ᱤᱧᱟᱜ ᱠᱩᱥᱤᱭᱟᱜ ᱠᱷᱮᱞ ᱫᱚᱲᱦᱟ ᱛᱮᱠᱚ ᱵᱮᱱᱟᱣ ᱟᱠᱟᱫᱟ ᱡᱟᱦᱟ ᱫᱚ ᱤᱧ ᱤᱧᱟᱜ ᱠᱟᱹᱴᱤᱡ ᱚᱠᱛᱚ ᱨᱮ ᱫᱤᱱᱟᱹᱢᱤᱧ ᱠᱷᱮᱞᱮᱫ ᱠᱟᱱ ᱛᱟᱦᱮᱠᱟᱱᱟ !
क्या तुमने खबर सुनी सुंदरश्याम? प्रोफेसर सौम्या ने परीक्षा रद्द कर दी और कहा कि हम छुट्टी ले सकते हैं!	ᱥᱩᱱᱫᱚᱨᱥᱮᱢ ᱟᱢ ᱫᱚ ᱠᱷᱚᱵᱚᱨᱮᱢ ᱟᱸᱡᱚᱢ ᱟᱠᱟᱫᱟ ? ᱥᱟᱪᱮᱫ ᱥᱳᱣᱢᱳ ᱫᱚ ᱵᱤᱰᱟᱹᱣᱮ ᱵᱟᱹᱛᱤᱞ ᱠᱟᱛᱮᱭ ᱢᱮᱱ ᱟᱠᱟᱫᱟ ᱟᱵᱩ ᱫᱚ ᱪᱷᱩᱴᱤᱵᱚᱱ ᱦᱟᱛᱟᱣ ᱫᱟᱲᱮᱭᱟᱜᱼᱟ !
उनका नाम बार्टोलोमियो कोलेओनी था, और उनकी मृत्यु 1475 में हुई थी।	ᱩᱱᱤᱭᱟᱜ ᱧᱩᱛᱩᱢ ᱛᱟᱦᱮᱸ ᱠᱟᱱᱟ ᱵᱟᱨᱛᱳᱞᱳᱢᱤᱣ ᱠᱳᱞᱮᱣᱱᱤ, ᱟᱨ ᱩᱱᱤ ᱫᱚ ᱑᱔᱗᱕ ᱥᱟᱞ ᱨᱮᱭ ᱜᱚᱪ ᱟᱠᱟᱱᱟ ᱾
गिनती: पाँच।	ᱞᱮᱠᱷᱟ: ᱢᱚᱬᱮ।
यह क्षेत्र सन्‌ 1971 में फलने - फूलने लगा, जब स्टीफन कुक और लीडली लेवी ने उन समस्याओं के अस्तित्व को साबित किया जो एन - पूर्ण थे ।	᱑᱙᱗᱑ ᱥᱟᱞᱨᱮ ᱱᱤᱭᱟᱹ ᱠᱷᱮᱛᱨᱚᱴᱟᱜ ᱩᱛᱷᱱᱟᱹᱣ ᱨᱟᱠᱟᱵ ᱮᱛᱚᱦᱚᱯᱠᱟᱛᱮ ᱡᱚᱠᱷᱚᱱ ᱥᱴᱤᱯᱷᱮᱱ ᱠᱩᱠ ᱟᱨ ᱞᱤᱭᱳᱱᱤᱰ ᱞᱮᱵᱷᱤᱱ ᱫᱚ ᱯᱨᱟᱥᱚᱝᱜᱤᱠ ᱟᱱᱟᱴ, ᱡᱟᱦᱟᱸ ᱫᱚ ᱮᱱᱹᱯᱤ ᱛᱮ ᱯᱮᱨᱮᱡᱽ ᱛᱟᱦᱮᱸᱠᱟᱱᱟ, ᱚᱱᱟ ᱨᱮᱭᱟᱜ ᱢᱮᱱᱮᱫᱽᱼᱮ ᱥᱟᱵᱤᱫᱽᱞᱮᱫᱟᱭ ᱾
इसका प्रभाव टीम के लिए देख रहा था ... ... ... आकाशगंगा के अंधेरे मामले और आकाश के अंधेरे मामले के बीच.	ᱡᱟᱦᱟᱸᱭ ᱴᱤᱢ ᱯᱨᱚᱵᱷᱟᱣ ᱨᱮᱱᱟᱜ ᱛᱚᱞᱟᱥ ᱮᱫ ᱛᱟᱦᱮᱱ, ᱩᱱᱤ ᱟᱠᱟᱥ ᱜᱚᱝᱜᱟ ᱨᱮᱱᱟᱜ ᱦᱮᱱᱫᱮ ᱯᱚᱫᱟᱨᱛᱷ ᱟᱨ ᱛᱚᱣᱟ ᱞᱮᱠᱟᱱ ᱚᱱᱟ ᱦᱮᱱᱫᱮ ᱯᱚᱫᱟᱨᱛᱷ ᱛᱟᱞᱟ ᱡᱽᱣᱟᱨᱤᱭᱚ ᱩᱵ ᱨᱮᱱᱟᱜ ᱠᱟᱨᱚᱱ ᱛᱟᱦᱮᱱᱟ᱾
मेरे पास इक्यासी किताब हैं।	ᱤᱧ ᱴᱷᱮᱱ ᱟᱨ ᱜᱮᱞ ᱢᱤᱫ ᱜᱚᱴᱟᱝ ᱠᱤᱛᱟᱯ ᱢᱮᱱᱟᱜᱼᱟ ᱠᱚᱣᱟ।
चतुर डॉक्टर बनाम चतुर मनुष्य कौन है? किस का मुक मा लड़ता है?	ᱟᱹᱠᱤᱞᱟᱱ ᱰᱟᱠᱴᱚᱨ ᱵᱚᱱᱟᱢ ᱟᱹᱠᱤᱞᱟᱱ ᱨᱩᱜᱤ ᱺ ᱚᱠᱚᱭ ᱚᱠᱚᱭ ᱞᱟᱹᱜᱤᱫ ᱮ ᱜᱚᱴᱟᱼᱵᱩᱴᱟᱹᱭ ᱦᱟᱛᱟᱣᱼᱟ ᱾
बिल से मेरा मतलब है, ज़मीन के बिल या बिजली के बिल या पानी के बिल ।	ᱵᱤᱞ ᱢᱮᱱᱛᱮ ᱤᱧ ᱵᱩᱡᱦᱟ,ᱣᱼᱟ ᱞᱮᱱᱰᱞᱟᱭᱤᱱ ᱵᱤᱞ, ᱥᱮ ᱵᱤᱡᱞᱟ ᱵᱤᱞ, ᱥᱮ ᱫᱟᱜ ᱨᱮᱭᱟᱜ ᱵᱤᱞ ᱾
अमीर साहूकार गाँवों में गरीब लोगों को ठग कर और अमीर हो गए।	ᱠᱤᱥᱟᱹᱬ ᱢᱚᱦᱟᱡᱚᱱ ᱠᱚᱫᱚ ᱟᱛᱳ ᱨᱮᱱ ᱨᱮᱸᱜᱮᱡ ᱦᱚᱲᱠᱚ ᱫᱷᱚᱠᱟ ᱮᱢ ᱠᱟᱛᱮ ᱟᱨ ᱦᱚᱸᱠᱚ ᱠᱤᱥᱟᱹᱬ ᱟᱠᱟᱱᱟ ᱾
उसने सन्‌ 2007 में द डिड्‌सी संपादक के रूप में सूचीबद्ध किया, और टेसी पाप्पास पेप्पास को एक्ज़ी संपादक के रूप में सूचीबद्ध किया गया ।	ᱚᱱᱤᱛᱟ ᱩᱞᱯᱷ ᱫᱚ ᱒᱐᱐᱗ ᱥᱟᱹᱦᱤᱛᱨᱮ ᱰᱮᱯᱩᱴᱤ ᱮᱰᱤᱴᱚᱨ ᱞᱮᱠᱟᱛᱮ ᱛᱟᱹᱞᱤᱠᱟᱨᱮ ᱥᱮᱞᱮᱫ ᱦᱩᱭᱞᱮᱱᱟ ᱟᱨ ᱛᱷᱤᱭᱳᱰᱳᱨ ᱯᱟᱯᱯᱟᱥ ᱫᱚ ᱮᱠᱡᱤᱠᱤᱣᱩᱴᱤᱵᱷ ᱮᱰᱤᱴᱚᱨ ᱞᱮᱠᱟᱛᱮ ᱛᱟᱹᱞᱤᱠᱟ ᱨᱮ ᱥᱮᱞᱮᱫ ᱦᱩᱭᱞᱮᱱᱟ ᱾
यह डेल्टा तट है 130 करोड़ लोगों के लिए और ६,००० लोगों के लिए घर है... ... नदी के द्वीपों पर रहते हैं.	ᱱᱚᱶᱟ ᱨᱮᱭᱟᱜ ᱵᱚᱼᱰᱷᱤᱯᱨᱮ ᱑᱓᱐ ᱢᱤᱞᱤᱭᱚᱱ ᱦᱚᱲ ᱟᱨ ᱖,᱐᱐,᱐᱐᱐ ᱦᱚᱲ ᱱᱟᱹᱭ ᱨᱮᱭᱟᱜ ᱰᱷᱤᱯ ᱨᱮᱠᱚ ᱛᱟᱦᱮᱱᱟ ᱾
वह 2014 से 2016 तक कोलंबिया विश्वविद्यालय में विजिटिंग प्रोफेसर थे।	ᱩᱱᱤ ᱫᱚ ᱒᱐᱑᱔ ᱠᱷᱚᱱ ᱒᱐᱑᱖ ᱥᱟᱞ ᱫᱷᱟᱹᱵᱤᱡ ᱠᱚᱞᱚᱢᱵᱤᱭᱟ ᱡᱮᱜᱮᱫ ᱵᱤᱨᱫᱟᱹᱜᱟᱲ ᱨᱮᱱ ᱵᱷᱤᱡᱤᱴᱤᱝ ᱥᱟᱪᱮᱫᱼᱮ ᱛᱟᱦᱮᱠᱟᱱᱟ ᱾
सन्‌ 2020 में आखिरी तूफान आया ।	ᱢᱩᱪᱟᱹᱫ ᱦᱚᱭᱵᱷᱟᱨᱰᱳ ᱫᱚ ᱒᱐᱒᱐ ᱥᱟᱹᱦᱤᱛ ᱨᱮ ᱦᱩᱭ ᱞᱮᱱᱟ, ᱒ ᱢᱟᱦᱟ ᱫᱷᱟᱹᱵᱤᱡ ᱪᱟᱞᱟᱣ ᱞᱮᱱᱟ ᱟᱨ ᱠᱟᱹᱪ ᱴᱚᱴᱷᱟ ᱨᱮ ᱵᱤᱡᱽᱞᱤ ᱧᱟᱢ ᱨᱩᱭᱟᱹᱲ ᱫᱚ ᱯᱨᱟᱭ ᱑᱕ ᱢᱟᱦᱟ ᱞᱟᱜᱟᱣ ᱞᱮᱱᱟ ᱾
मज़रुई की मृत्यु बिंघमटन, न्यूयॉर्क में 81 वर्ष की आयु में हुई।	ᱢᱟᱡᱨᱩᱭ ᱫᱚ ᱘᱑ ᱥᱮᱨᱢᱟ ᱩᱢᱮᱨ ᱨᱮ ᱱᱤᱭᱩᱼᱤᱭᱚᱨᱠ ᱨᱮᱭᱟᱜ ᱵᱤᱝᱦᱟᱢᱚᱴᱚᱱ ᱨᱮᱭ ᱜᱚᱪ ᱟᱠᱟᱱᱟ ᱾
भारत में ७,५१६ किलोमीटर की दूरी पर है (४,६७०) समुद्र तट, ३,८27 मछुवाही गाँवों, और १,९१४ पारंपरिक पारंपरिक मछलियों की यात्रा ।	ᱵᱷᱟᱨᱚᱛ ᱨᱮ ᱗,᱕᱑᱖ ᱠᱤᱞᱳᱢᱤᱴᱟᱨ (᱔᱖᱗᱐ ᱢᱟᱭᱤᱞ) ᱥᱟᱢᱩᱫᱽ ᱟᱲᱮᱥᱤᱢᱟᱹ, ᱓,᱘᱒᱗ ᱜᱚᱴᱟᱝ ᱦᱟᱹᱠᱩ ᱟᱹᱛᱩ ᱟᱨ ᱑,᱙᱑᱔ ᱜᱚᱴᱟᱝ ᱵᱩᱱᱤᱭᱟᱹᱫ ᱟᱱᱟᱜ ᱦᱟᱹᱠᱩ ᱥᱟᱵ ᱛᱟᱞᱢᱟ ᱢᱮᱱᱟᱜᱼᱟ ᱾
परेड प्रारंभ?	ᱯᱮᱨᱮᱰ ᱮᱛᱚᱦᱚᱵᱽᱟᱠᱟᱱᱟ ?
बौद्ध बौद्ध धर्म बौद्ध धर्म की शिक्षाओं पर आधारित है ।	ᱛᱤᱵᱽᱵᱚᱛᱤ ᱵᱚᱫᱷ ᱫᱷᱚᱨᱚᱢ ᱵᱩᱫᱷᱚ ᱟᱜ ᱥᱮᱠᱱᱟᱹᱛ ᱨᱮ ᱚᱨᱟᱢ ᱢᱮᱱᱟᱜ ᱟᱠᱟᱫᱼᱟ, ᱢᱮᱱᱠᱷᱟᱱ ᱫᱩᱞᱟᱹᱲ ᱨᱮᱱᱟᱝ ᱢᱟᱦᱟᱭᱟᱱ ᱰᱟᱦᱟᱨ ᱟᱨ ᱥᱤᱧᱚᱛᱤᱭᱟ ᱭᱚᱜᱟ ᱨᱮᱱᱟᱜ ᱟᱹᱰᱤᱜᱟᱱ ᱦᱩᱱᱟᱹᱨ ᱫᱟᱨᱟᱭ ᱛᱮ ᱯᱟᱨᱛᱩᱞ ᱛᱟᱦᱮᱸ ᱠᱟᱱᱟ᱾
सितंबर 2012 में उन्हें अदालत का अपमान करने के लिए दोषी ठहराया गया ।	᱒᱐᱑᱒ ᱥᱟᱞ ᱨᱮᱭᱟᱜ ᱥᱮᱯᱴᱮᱢᱵᱚᱨ ᱨᱮ ᱠᱟᱪᱷᱟᱨᱤ ᱨᱮ ᱵᱟᱝ ᱢᱟᱱᱟᱣ ᱠᱷᱟᱹᱛᱤᱨ ᱩᱱᱠᱚ ᱫᱚ ᱫᱳᱥᱤ ᱢᱮᱱᱛᱮ ᱠᱚ ᱪᱤᱱᱦᱟᱹ ᱞᱮᱫ ᱠᱚᱣᱟ ᱾
पुरुषों और हर काम में शामिल होने के बाद वे दोनों एक ब्रेक में पहले से ही हार गए.	ᱢᱟᱨᱮ ᱫᱚ ᱴᱟᱭᱤ ᱵᱽᱨᱮᱠ ᱨᱮ ᱯᱩᱭᱞᱩ ᱥᱮᱴ ᱮ ᱟᱫ ᱠᱮᱫᱼᱟ, ᱡᱚᱠᱷᱚᱱ ᱵᱟᱱᱟᱨ ᱵᱟᱵᱟ ᱦᱚᱲ ᱫᱚ ᱥᱮᱴ ᱨᱮ ᱢᱤᱫ ᱢᱤᱫ ᱥᱟᱨᱵᱷ ᱦᱩᱭ ᱮᱱᱟ᱾
मेरे पास सात नमक हैं।	ᱤᱧ ᱴᱷᱮᱱ ᱮᱭᱟᱭ ᱜᱚᱴᱟᱝ ᱱᱩᱱ ᱢᱮᱱᱟᱜᱼᱟ ᱠᱚᱣᱟ।
निर्यात को आसानी से रोकने के लिए, मध्य सरकार ने एमएमसीएमडी द्वारा एक कंटेनर स्टेशन शुरू किया ।	ᱨᱚᱯᱛᱟᱱᱤ ᱨᱮᱭᱟᱜ ᱥᱩᱵᱤᱫᱷᱟ ᱠᱷᱟᱹᱛᱤᱨ,ᱛᱟᱞᱢᱟ ᱥᱚᱨᱠᱟᱨ ᱮᱢᱹᱟᱭᱹᱰᱤᱹᱥᱤ ᱟᱢᱵᱟᱫ ᱨᱮ ᱢᱤᱫᱴᱟᱝ ᱠᱚᱱᱴᱮᱭᱱᱟᱨ ᱢᱟᱞᱥᱟᱜᱟᱲ ᱤᱥᱴᱮᱥᱚᱱ ᱮ ᱪᱟᱹᱞᱩ ᱠᱮᱫᱟ ᱾
यह वास्तव में आप पर सहमत होने वाले कॉलेज पर निर्भर करता है.	ᱚᱱᱟ ᱫᱚ ᱥᱟᱫᱷᱟᱨᱚᱱ ᱞᱮᱠᱟᱛᱮ ᱵᱚᱞᱚᱜᱽᱠᱟᱱ ᱠᱚᱞᱮᱡᱽ ᱪᱮᱛᱟᱱ ᱨᱮᱜᱤᱭ ᱱᱤᱨᱵᱷᱚᱨᱟ ᱾
ज़्यादातर समय, आर्ट गेम्स बहुत नए और कलात्मक दिखते हैं।	ᱡᱟᱹᱥᱛᱤ ᱚᱠᱛᱚ, ᱟᱨᱴ ᱠᱷᱮᱞᱚᱰ ᱠᱚᱫᱚ ᱟᱹᱰᱤ ᱱᱟᱣᱟ ᱟᱨ ᱟᱹᱰᱤ ᱱᱟᱯᱟᱭ ᱠᱟᱹᱭᱫᱩᱥ ᱧᱮᱞᱚᱜᱼᱟ ᱾
अधिकारी ने कहा कि यदि मैं अपना आधार कार्ड नहीं दूँगा, तो वह मेरे आवेदन पर आगे कार्रवाई नहीं करेगा। मुझे कल वापस आना होगा।	ᱠᱟᱹᱢᱤᱢᱩᱠᱷᱤᱭᱟᱹ ᱫᱚᱭ ᱢᱮᱱ ᱞᱮᱫᱟ ᱡᱮ, ᱤᱧ ᱡᱩᱫᱤ ᱤᱧᱟᱹᱜ ᱟᱫᱷᱟᱨ ᱠᱟᱨᱰ ᱵᱟᱹᱧ ᱮᱢᱼᱟ, ᱮᱱᱠᱷᱟᱱ ᱩᱱᱤ ᱤᱧᱟᱹᱜ ᱟᱨᱡᱤ ᱨᱮᱭᱟᱜ ᱦᱚᱨᱟ ᱵᱟᱝᱮ ᱠᱚᱨᱟᱣᱼᱟ ᱾ ᱤᱧ ᱫᱟᱨᱟᱭᱠᱟᱱ ᱢᱟᱦᱟ ᱨᱩᱣᱟᱹᱲ ᱦᱮᱡ ᱦᱩᱭᱩᱜ ᱛᱤᱧᱟ ᱾
लगता है कि मैं सिनेमाघरों में इस फिल्म को देखने से चूक जाऊँगा।	ᱢᱚᱱᱮ ᱦᱩᱭᱩᱜ ᱠᱟᱱᱟ ᱥᱤᱱᱮᱢᱟ ᱦᱚᱞ ᱨᱮ ᱤᱧ ᱱᱚᱣᱟ ᱪᱚᱞᱚᱛ ᱪᱤᱛᱟᱹᱨ ᱧᱮᱞ ᱤᱧ ᱢᱤᱥᱟ ᱾
यह दलदली पानी है, सर.	ᱱᱚᱶᱟᱫᱚ ᱵᱚᱰᱮ ᱫᱟᱜ ᱠᱟᱱᱟ, ᱥᱮᱨ ᱾
आज, यह क्षेत्र अधिकांशतः कनाडा का हिस्सा है।	ᱱᱟᱦᱟᱜ, ᱫᱚ ᱴᱚᱴᱷᱟ ᱨᱮᱭᱟᱜ ᱡᱟᱹᱥᱛᱤᱜᱮ ᱠᱟᱱᱟᱰᱟ ᱨᱮᱭᱟᱜ ᱦᱤᱸᱥ ᱾
अब व्यापक रूप से व्यापक रूप से उपलब्ध है, जावानीस्टिन के लिए केवल कुशल भोजन का एक समूह होता है, जो कि जावानी, फ्लू, चीनी, और विभिन्‍न वनस्पतियाँ होने का प्रबल होता है ।	ᱚᱠᱟ ᱡᱷᱚᱜ ᱯᱩᱨᱟᱹ ᱫᱣᱤᱯ ᱥᱚᱢᱩᱦ ᱨᱮ ᱧᱟᱢᱚᱜ ᱠᱟᱱᱟ, ᱡᱟᱣᱱᱤ ᱣᱚᱱᱡᱚᱱ ᱨᱮ ᱠᱷᱟᱹᱞᱤ ᱚᱱᱩᱵᱷᱚᱟᱱᱟᱜ ᱵᱭᱚᱱᱡᱚᱱ ᱜᱮ ᱢᱮᱱᱟᱜᱼᱟ, ᱯᱨᱚᱢᱩᱠᱷ ᱥᱣᱟᱫ ᱚᱠᱟ ᱫᱚ ᱡᱟᱣᱟᱱᱤᱡ ᱵᱟᱫᱟᱢ, ᱢᱟᱹᱨᱤᱪ, ᱪᱤᱱᱤ (ᱵᱤᱥᱮᱥ ᱦᱤᱥᱟᱹᱵ ᱛᱮ ᱡᱟᱣᱟᱱᱤ ᱱᱚᱰᱤᱭᱟ ᱪᱤᱱᱤ) ᱟᱨ ᱮᱴᱟᱜ ᱥᱚ ᱢᱚᱥᱞᱟ ᱛᱚᱨᱚᱯᱷ ᱨᱮ᱾
वह हत्या के दोषी का पता लगाने के लिए तर्क का सहारा लेती है।	ᱜᱚᱡ ᱟᱠᱟᱫᱮ ᱞᱟᱹᱜᱤᱫ ᱚᱠᱚᱭ ᱫᱟᱹᱭᱤ ᱚᱱᱟ ᱛᱚᱞᱟᱥ ᱩᱰᱩᱠ ᱞᱟᱹᱜᱤᱫ ᱜᱮ ᱩᱱᱤ ᱫᱚ ᱡᱩᱠᱛᱤᱭ ᱵᱮᱣᱦᱟᱨ ᱞᱮᱫᱟ ᱾
अमरीका की सरकार को कर देने के लिए कर देने के लिए उन्हें मजबूर किया गया ।	ᱩᱱᱠᱩ ᱟᱢᱮᱨᱤᱠᱟ ᱨᱮᱭᱟᱜ ᱠᱳᱞᱳᱱᱤ ᱛᱮ ᱴᱤᱠᱚᱥ ᱮᱢ ᱠᱚ ᱵᱚᱫᱷᱭᱚ ᱞᱮᱱᱟ ᱟᱨ ᱣᱟᱞ ᱥᱴᱨᱤᱴ ᱵᱮᱝᱠᱤᱝ ᱚᱲᱟᱜ ᱧᱩᱛᱩᱢ ᱛᱮ ᱯᱷᱤᱞᱤᱯᱟᱭᱤᱱᱥ ᱥᱚᱨᱠᱟᱨᱟᱜ ᱵᱚᱸᱰ ᱪᱮᱛᱟᱱ ᱨᱮ ᱥᱩᱫᱷ ᱦᱟᱞᱟ ᱠᱚ ᱪᱷᱩᱴᱟᱹᱣ ᱞᱮᱱᱟ᱾
(ALS) Alhitabs Atavabs Ababs Ayaka Ayaks Ayababs A's A-घर के आधार, वैश्विक तकनीक के नेताओं के साथ अपने सहयोग, और Ayyyykya के राज्य - भारत में पौधों के साथ।	ᱚᱥᱚᱠ ᱞᱤᱞᱮᱱᱰ ᱨᱮᱭᱟᱜ ᱵᱷᱤᱛᱟᱹᱨ ᱨᱮᱭᱟᱜ ᱟᱨᱹᱮᱸᱱᱰᱹᱰᱤ ᱜᱷᱟᱸᱴᱤ, ᱡᱮᱜᱮᱫ ᱞᱟᱜᱟᱱ ᱠᱟᱹᱨᱤ ᱢᱩᱲᱩᱫᱠᱚ ᱥᱟᱶᱛᱮ ᱩᱱᱤᱭᱟᱜ ᱜᱚᱲᱚᱜᱚᱯᱚᱲᱚ, ᱟᱨ ᱵᱷᱟᱨᱚᱛ ᱨᱮᱭᱟᱜ ᱚᱥᱚᱠ ᱞᱤᱞᱮᱱᱰ ᱨᱮᱭᱟᱜ ᱱᱟᱶᱟᱱ ᱠᱟᱹᱨᱠᱷᱟᱹᱱᱟ ᱠᱚ ᱡᱚᱥ ᱥᱟᱫᱷᱚᱱ ᱠᱟᱛᱮ ᱚᱥᱚᱠ ᱞᱤᱞᱮᱱᱰ ᱨᱚᱠᱷᱚᱱ ᱵᱮᱵᱚᱥᱛᱟ ᱞᱤᱢᱤᱴᱮᱰ (ᱮᱞᱹᱞᱮᱹᱰᱤᱹᱮᱥ) ᱾
यह शहर उनकी प्रतिभा के नुकसान से कभी पूरी तरह उबर नहीं पाया।	ᱥᱟᱦᱟᱨ ᱫᱚ ᱩᱱᱠᱩᱣᱟᱜ ᱦᱩᱱᱟᱹᱨ ᱨᱮᱭᱟᱜ ᱦᱟᱹᱱ ᱠᱷᱚᱱ ᱯᱩᱨᱟᱹᱯᱩᱨᱤ ᱫᱚ ᱵᱟᱭ ᱚᱣᱟᱨ ᱫᱟᱲᱮ ᱟᱠᱟᱫ ᱠᱚᱣᱟ ᱾
फोन करने के लिए धन्यवाद.	ᱯᱷᱳᱱ ᱞᱟᱹᱜᱤᱫ ᱟᱭᱢᱟ ᱥᱟᱨᱦᱟᱣ ᱾
यह अल्बर्ट आइंस्टीन का पहला नाम है।	ᱠᱩᱪᱟᱨᱡᱤᱠ ᱫᱚ ᱘᱓ ᱥᱮᱨᱢᱟ ᱩᱢᱮᱨ ᱨᱮ ᱒᱐᱒᱐ ᱥᱟᱞ ᱨᱮᱭᱟᱜ ᱒ ᱰᱤᱥᱮᱢᱵᱚᱨ ᱨᱮ ᱳᱰᱡᱤᱥᱞᱟᱣ ᱥᱞᱟᱥᱠᱤ ᱨᱮᱭ ᱜᱚᱡ ᱞᱮᱱᱟ ᱾
इसलिए यह अनुसंधान क्षेत्र को कम कर देता है और इसे ज़्यादा सही - सही बना देता है ।	ᱱᱤᱭᱩᱨᱚᱵᱟᱭᱞᱚᱡᱤᱠ ᱰᱟᱴᱟ ᱚᱱᱩᱵᱷᱩᱛ ᱨᱮᱭᱟᱜ ᱡᱟᱸᱪ ᱞᱟᱹᱜᱤᱫ ᱥᱤᱫᱷᱟᱹᱱᱛᱤᱠ ᱫᱨᱩᱥᱴᱤᱠᱩᱬ ᱞᱟᱹᱜᱤᱫ ᱵᱷᱟᱹᱣᱛᱤᱠ ᱥᱟᱠᱷᱥᱭᱚ ᱮᱢᱚᱜᱼᱟᱭ᱾ ᱚᱱᱟ ᱞᱟᱹᱜᱤᱫ ᱚᱱᱟ ᱚᱱᱩᱥᱟᱹᱥᱤᱛ ᱡᱟᱭᱜᱟ ᱠᱚ ᱥᱚᱝᱠᱩᱪᱤᱛ ᱠᱚᱨᱟᱣ ᱟᱭ ᱟᱨ ᱱᱚᱶᱟ ᱟᱨᱦᱚᱸ ᱰᱷᱮᱨ ᱥᱚᱴᱷᱤᱠ ᱠᱚᱨᱟᱣ ᱟᱭ᱾
ट्रैफिक जाम एक - दूसरे के साथ एक - दूसरे के रिश्‍ते और गाड़ियों के बीच की रफ्तार का अध्ययन होता है ।	ᱴᱨᱮᱯᱷᱤᱠ ᱯᱷᱞᱚ ᱵᱟᱨᱭᱟ ᱵᱤᱱᱫᱩ ᱛᱟᱞᱟ ᱨᱮ ᱮᱴᱟᱜᱼᱮᱴᱟᱜ ᱰᱨᱟᱭᱣᱟᱹᱨ ᱛᱟᱞᱟ ᱨᱮ ᱟᱨ ᱜᱟᱹᱰᱤ ᱨᱮᱭᱟᱜ ᱦᱟᱹᱡᱩᱜ ᱥᱮᱱᱚᱜ ᱟᱨ ᱟᱠᱚᱣᱟᱜ ᱛᱮ ᱟᱠᱚ ᱱᱤᱡᱚᱨ ᱛᱮ ᱠᱚᱨᱟᱣ ᱫᱟᱲᱮ ᱨᱮᱭᱟᱜ ᱠᱟᱛᱷᱟ ᱨᱮᱭᱟᱜ ᱥᱮᱸᱫᱽᱨᱟ ᱦᱩᱭ ᱮᱱᱟ᱾
धूप वाली सुबह में ठंडी हवा का अहसास मुझे जीवंत बना देता है।	ᱥᱮᱛᱳᱝ ᱛᱟᱨᱟᱥ ᱥᱮᱛᱟᱜ ᱨᱮ  ᱨᱮᱭᱟᱲ ᱦᱚᱭ ᱨᱮᱭᱟᱜ ᱟᱹᱭᱠᱟᱹᱣ ᱤᱧ ᱡᱤᱭᱟᱹᱲᱼᱮ ᱟᱹᱭᱠᱟᱹᱣ ᱚᱪᱚᱭᱤᱧᱼᱟ ᱾
और सबसे महत्त्वपूर्ण बात तो यह है कि इस वैक्सीन को लेने से हमारी फ़ौरन चिंता होनी चाहिए ।	ᱟᱨ ᱡᱚᱛᱚᱠᱷᱚᱱ ᱞᱟᱹᱠᱛᱤᱭᱟᱜ, ᱩᱥᱟᱹᱨᱟ ᱵᱷᱮᱠᱥᱤᱱ ᱦᱟᱛᱟᱣ ᱫᱚ ᱟᱵᱚᱣᱟᱜ ᱩᱭᱦᱟᱹᱨ ᱦᱩᱭᱩᱜ ᱞᱟᱹᱠᱛᱤ ᱠᱟᱱᱟ ᱾
मुझे दुख है कि फिल्म मेरी उम्मीदों पर खरी नहीं उतरी। मैं इसका आनंद लेने की उम्मीद कर रहा था।	ᱤᱧ ᱫᱚ ᱫᱩᱠᱷᱤᱧ ᱟᱴᱠᱟᱨᱮᱫ ᱠᱟᱱᱟ ᱡᱮ ᱪᱚᱞᱚᱛ ᱪᱤᱛᱟᱹᱨ ᱫᱚ ᱤᱧᱟᱜ ᱟᱥ ᱵᱟᱭ ᱯᱩᱨᱩᱱ ᱫᱟᱲᱮᱭᱟᱠᱟᱫᱟ ᱾ ᱤᱧ ᱱᱚᱣᱟᱧ ᱨᱟᱹᱥᱠᱟᱹᱭᱟ ᱚᱱᱟ ᱨᱮᱭᱟᱜ ᱟᱥᱟ ᱛᱟᱦᱮᱠᱟᱱᱛᱤᱧᱟ ᱾
मुझे पिताजी से बात करते हैं.	ᱤᱧ ᱵᱟᱵᱟ ᱥᱟᱶ ᱠᱟᱛᱷᱟᱧ ᱨᱚᱯᱚᱬᱞᱮᱱᱜᱤ ᱾
बारह	ᱜᱮᱞ ᱵᱟᱨ
यह समस्या है.	ᱚᱱᱟᱜᱮᱛᱚ ᱟᱹᱡᱷᱟᱴ ᱫᱚ ᱾
आप सूप के लिए क्या विकल्प हैं?	ᱥᱩᱯ ᱞᱟᱹᱜᱤᱫ ᱟᱢᱴᱷᱮᱱ ᱪᱮᱫ ᱠᱚ ᱢᱮᱱᱟᱜᱼᱟ ?
कुछ सड़कें खराब हो गयी हैं, रेलवे सेवा ने प्रभावित क्षेत्रों में बाधा डाली है, और ईशीकावा के नटो हवाई अड्डे को बंद कर दिया गया है ।	ᱟᱫᱚᱢ ᱰᱟᱦᱟᱨ ᱠᱷᱩᱛᱤ ᱟᱠᱟᱱᱟ, ᱚᱨᱥᱚᱝ ᱟᱠᱟᱱ ᱴᱚᱴᱷᱟ ᱨᱮ ᱨᱮᱞ ᱥᱮᱵᱟ ᱛᱷᱩᱠᱩᱢ ᱟᱠᱟᱱᱟ, ᱟᱨ ᱤᱥᱤᱠᱟᱣᱟ ᱯᱨᱤᱯᱷᱮᱠᱪᱟᱨ ᱨᱮᱭᱟᱜ ᱱᱚᱴᱳ ᱩᱰᱟᱹᱱ ᱰᱟᱹᱦᱤ ᱵᱚᱱᱫᱚ ᱢᱮᱱᱟᱜᱼᱟ᱾
चूंकि पूरे शहर में बिजली बंद थी, इसलिए मैंने आसमान की ओर देखा और लाखों तारों को देखकर दंग रह गया जिन्हें मैं अब देख सकता था।	ᱪᱮᱫᱟᱜ ᱥᱮ ᱯᱩᱨᱟᱹ ᱥᱟᱦᱟᱨ ᱜᱮ ᱵᱤᱡᱽᱞᱤ ᱵᱚᱱᱫᱚ ᱛᱟᱦᱮᱸ ᱠᱟᱱᱟ, ᱤᱧ ᱥᱮᱨᱢᱟ ᱥᱮᱫ ᱤᱧ ᱠᱚᱭᱚᱜ ᱠᱮᱫᱟ ᱟᱨ ᱞᱟᱠᱷ ᱞᱟᱠᱷ ᱤᱯᱤᱞ ᱧᱮᱞ ᱠᱟᱛᱮᱧ ᱦᱟᱦᱟᱲᱟᱜ ᱮᱱᱟ ᱡᱟᱦᱟᱸ ᱤᱧ ᱱᱤᱛᱤᱧ ᱧᱮᱞᱧᱟᱢ ᱮᱫᱟ ᱾
जब कोई या कोई प्राकृतिक विपत्ति घट जाती है, तो वह इस प्रकार की हानि के प्रति बहुत ही प्रवृत्त होती है ।	ᱡᱚᱠᱷᱚᱱ ᱜᱮ ᱡᱟᱦᱟᱸ ᱵᱟᱝ ᱡᱟᱦᱟᱸ ᱥᱟᱪᱟᱨᱦᱮᱫ ᱪᱷᱤᱛᱤᱨᱵᱤᱛᱤᱨ ᱦᱩᱭᱩᱜᱼᱟ ᱩᱱᱜᱮ ᱳᱲᱤᱥᱥᱟ ᱫᱚ ᱱᱚᱶᱟ ᱞᱮᱠᱟᱱ ᱞᱚᱥᱠᱟᱱ ᱨᱮᱭᱟᱜ ᱡᱷᱩᱸᱠ ᱨᱮᱭ ᱛᱟᱦᱮᱸᱱᱟ ᱾
पर्ल हार्बर पर हमले की योजना 1941 की शुरुआत से ही बनाई जा रही थी।	ᱯᱟᱨᱞ ᱦᱟᱨᱵᱟᱨ ᱨᱮ ᱟᱠᱨᱚᱢᱚᱱ ᱨᱮᱭᱟᱜ ᱯᱚᱱᱛᱷᱟ ᱫᱚ ᱑᱙᱔᱑ ᱥᱟᱞ ᱨᱮᱭᱟᱜ ᱮᱛᱚᱦᱚᱯ ᱠᱷᱚᱱᱜᱮ ᱠᱚᱨᱟᱣ ᱦᱩᱭᱞᱮᱱᱟ ᱾
संगी बलियों ने लूना को भी भेंट दी ।	ᱥᱚᱸᱜᱮ ᱨᱮᱥᱞᱟᱨ ᱠᱚᱦᱚ ᱞᱩᱱᱟ ᱢᱟᱹᱱ ᱠᱚ ᱪᱟᱞ ᱟᱠᱟᱫᱮᱭᱟ᱾
एटीएम से घर वापस आते समय एक अजनबी आदमी मेरा पीछा कर रहा था। मैं डर गया इसलिए जितनी तेजी से हो सके वापस भागा।	ᱮ ᱴᱤ ᱮᱢ ᱠᱷᱚᱱ ᱚᱲᱟᱜ ᱨᱩᱣᱟᱹᱲ ᱠᱟᱛᱮᱫ ᱢᱤᱫ ᱵᱟᱝ ᱵᱟᱰᱟᱭ ᱦᱚᱲ ᱤᱧᱮ ᱯᱟᱸᱡᱟᱭᱮᱫᱤᱧ ᱠᱟᱱ ᱛᱟᱦᱮᱠᱟᱱᱟ ᱾ ᱤᱧ ᱫᱚᱧ ᱵᱚᱛᱚᱨ ᱞᱮᱱᱟ ᱚᱱᱟᱛᱮ ᱤᱧ ᱫᱚ ᱛᱤᱱᱟᱹᱜ ᱩᱥᱟᱹᱨᱟ ᱦᱩᱭᱩᱜᱤᱧ ᱨᱩᱣᱟᱹᱲ ᱪᱟᱞᱟᱣᱮᱱᱟ ᱾
ᱤᱧ ᱪᱮᱫᱚᱜ ᱠᱟᱱᱟᱹᱧ	मैं सीख रहा हूँ
पूरे शैक्षिक वर्ष/ क्षेत्र के लिए विद्वानों की सुविधा प्रदान की जाएगी.	ᱥᱠᱚᱞᱟᱨᱥᱤᱯ ᱫᱚ ᱯᱩᱨᱟᱹ ᱮᱠᱟᱰᱮᱢᱤᱠ ᱥᱮᱨᱢᱟ/ᱠᱳᱨᱥ ᱞᱟᱹᱜᱤᱫᱽ ᱮᱢᱚᱜᱚᱜᱽᱼᱟ ᱾
ऑनलाइन कक्षाएं बहुत बढ़िया हैं। मैं बस अपना लैपटॉप चालू कर सकता हूँ, मीटिंग में शामिल हो सकता हूँ और वापस सो सकता हूँ।	ᱚᱱᱞᱟᱭᱤᱱ ᱥᱮᱪᱮᱫ ᱫᱚ ᱟᱹᱰᱤ ᱱᱟᱯᱟᱭ ᱜᱮᱭᱟ ᱾ ᱤᱧ ᱫᱚ ᱟᱞᱜᱟ ᱛᱮᱜᱮ ᱤᱧᱟᱜ ᱞᱮᱯᱴᱚᱯᱤᱧ ᱪᱟᱹᱞᱩ ᱫᱟᱲᱮᱭᱟᱜᱼᱟ, ᱜᱟᱞᱚᱪ ᱨᱮᱧ ᱥᱮᱞᱮᱫ ᱫᱟᱲᱮᱭᱟᱜᱼᱟ ᱟᱨ ᱜᱤᱛᱤᱡᱤᱧ ᱪᱟᱞᱟᱣ ᱫᱟᱲᱮᱭᱟᱜᱼᱟ ᱾
मेरे पास चौदह चावल हैं।	ᱤᱧ ᱴᱷᱮᱱ ᱜᱮᱞ ᱯᱳᱱ ᱜᱚᱴᱟᱝ ᱪᱟᱣᱞ ᱢᱮᱱᱟᱜᱼᱟ ᱠᱚᱣᱟ।
इसके बाद एक ऐसा व्यवस्था है जो FA दावा करता है कि विमानों को छोटे रास्ते उड़ने और हर साल कार्बन उत्सर्जन के लाखों लीटरों को बचाने और कार्बन उत्सर्जनों को काट देने की अनुमति देगा ।	ᱱᱤᱠᱥᱡᱮᱱ ᱢᱤᱫᱴᱟᱹᱝ ᱱᱟᱠᱟ ᱯᱨᱚᱬᱟᱞᱤ ᱠᱟᱱᱟ ᱚᱠᱟ ᱫᱚ ᱮᱯᱷᱹᱮᱹᱮᱹ ᱨᱮᱭᱟᱜ ᱫᱟᱹᱵᱤ ᱢᱮᱱᱟᱜᱼᱟ ᱡᱮ ᱵᱤᱢᱟᱹᱱ ᱨᱮᱭᱟᱜ ᱦᱚᱯᱚᱱ ᱩᱰᱟᱹᱱ ᱪᱟᱞᱟᱣ ᱟᱨ ᱡᱷᱚᱛᱚ ᱥᱮᱨᱢᱟ ᱢᱤᱞᱤᱭᱚᱱ ᱜᱮᱞᱚᱱ ᱤᱱᱫᱷᱚᱱ ᱥᱟᱸᱪᱟᱣ ᱟᱨ ᱠᱟᱨᱵᱚᱱ ᱩᱛᱚᱨᱡᱚᱱ ᱨᱮ ᱠᱟᱴᱟᱣ ᱨᱮ ᱟᱫᱮᱨ ᱠᱚ ᱧᱟᱢᱟ᱾
यह बाजार के एक वित्तीय प्रभाव से वृद्ध नागरिकों की रक्षा करने के लिए बनाया जाता है.	ᱱᱚᱶᱟ ᱫᱚ ᱯᱩᱨᱩᱫᱷᱩᱞ ᱱᱟᱜᱚᱨᱤᱭᱟᱹ ᱠᱚ ᱵᱟᱡᱟᱨ ᱨᱮᱭᱟᱜ ᱠᱟᱹᱣᱰᱤ ᱚᱨᱥᱚᱝ ᱠᱷᱚᱱ ᱵᱟᱧᱪᱟᱣ ᱞᱟᱹᱜᱤᱫ ᱵᱮᱱᱟᱣ ᱦᱩᱭ ᱟᱠᱟᱱᱟ ᱾
उसने उनके 13वें जन्मदिन पर उन्हें एक मानव खोपड़ी भी उपहार में दी थी।	ᱩᱱᱤ ᱫᱚ ᱟᱡᱟᱜ ᱑᱓ ᱟᱱᱟᱜ ᱡᱟᱱᱟᱢ ᱢᱟᱦᱟᱨᱮ ᱩᱱᱤ ᱢᱤᱫᱴᱟᱝ ᱦᱚᱲᱵᱚᱦᱚᱜ ᱠᱷᱟᱹᱯᱚᱨᱤ ᱦᱚᱭ ᱮᱢᱟᱫᱮ ᱛᱟᱦᱮᱸ ᱾
तो मैं कोशिश बाहर के लिए उद्देश्य होगा	ᱛᱟᱦᱚᱞᱮ ᱤᱧᱦᱚᱸ ᱱᱚᱜᱟ ᱞᱟᱹᱜᱤᱫ ᱤᱧ ᱨᱤᱠᱟᱭᱟ ᱾
मुझे लगता है कि आप भारत में तीन प्रसिद्ध संग्रहालय शामिल कर सकते हैं.	ᱦᱮᱸ, ᱤᱧᱟᱹᱜ ᱢᱚᱱᱮ ᱦᱩᱭᱩᱜ ᱠᱟᱱᱟ ᱟᱢ ᱵᱷᱟᱨᱚᱛ ᱨᱮᱭᱟᱜ ᱯᱮᱭᱟ ᱧᱩᱛᱩᱢᱟᱱ ᱢᱤᱣᱩᱡᱤᱭᱟᱢ ᱮᱢ ᱥᱮᱞᱮᱫ ᱫᱟᱲᱮᱭᱟᱜᱼᱟ ᱾
अरे, बढ़िया! मैंने कभी नहीं सोचा था कि तुम इस रंग की बाइक खरीदोगे।	ᱟᱨᱮ ᱟᱹᱰᱤ ᱱᱟᱯᱟᱭ ! ᱤᱧ ᱛᱤᱥᱦᱚᱸ ᱵᱟᱹᱧ ᱦᱩᱫᱤᱥ ᱟᱠᱟᱫ ᱛᱟᱦᱮᱸᱱᱼᱟ, ᱟᱢ ᱱᱚᱶᱟ ᱨᱚᱝ ᱵᱟᱭᱤᱠ ᱮᱢ ᱦᱟᱛᱟᱣᱼᱟ ᱢᱮᱱᱛᱮ ᱾
पू. पाँचवीं सदी से सा. यु.	ᱢᱚᱦᱟᱨᱟᱥᱴᱨᱚ ᱨᱮᱭᱟᱜ ᱳᱣᱨᱚᱝᱜᱟᱵᱟᱫ ᱦᱚᱱᱚᱛ ᱨᱮ ᱢᱮᱱᱟᱜ ᱚᱡᱚᱱᱛᱟ ᱨᱮ ᱒᱙ ᱜᱚᱴᱟᱝ ᱪᱳᱭᱛᱚ ᱟᱨ ᱵᱤᱦᱟᱨ ᱜᱷᱚᱸᱜᱚᱨ ᱢᱮᱱᱟᱜᱼᱟ ᱡᱟᱸᱦᱟ ᱫᱚ ᱠᱷᱨᱤᱥᱴᱚᱯᱩᱨᱵᱚ ᱯᱳᱭᱞᱳ ᱥᱚᱛᱟᱵᱫᱤ ᱨᱮᱭᱟᱜ ᱠᱷᱚᱫᱟ ᱪᱤᱛᱟᱹᱨ ᱟᱨ ᱪᱤᱛᱟᱹᱨᱛᱮ ᱥᱟᱡᱟᱣ ᱟᱠᱟᱱᱟ ᱢᱚᱬᱮ ᱥᱚᱛᱟᱵᱫᱤ ᱦᱟᱹᱵᱤᱡ ᱾
शहर में लोग डर के मारे भाग रहे हैं क्योंकि आपने एक पत्रकार के रूप में शहर में सांप्रदायिक दंगों के बारे में झूठी खबर प्रकाशित की थी।	ᱟᱢ ᱢᱤᱫ ᱦᱚᱲ ᱠᱷᱚᱵᱚᱨᱤᱭᱟᱹ ᱦᱩᱭ ᱠᱟᱛᱮ ᱥᱟᱦᱟᱨ ᱨᱮ ᱱᱟᱦᱟᱜ ᱠᱷᱟᱹᱯᱟᱹᱨᱤ ᱨᱮᱭᱟᱜ ᱮᱲᱮᱱ ᱰᱚᱜᱚᱨ ᱨᱮᱢ ᱩᱪᱷᱟᱹᱱ ᱟᱠᱟᱫᱟ ᱢᱮᱱᱛᱮ ᱥᱟᱦᱟᱨ ᱨᱮᱱ ᱦᱚᱲ ᱵᱚᱛᱚᱨ ᱛᱮᱠᱚ ᱫᱟᱹᱲ ᱠᱟᱱᱟ ᱾
सफरी निगरान जिन्होंने नयी संस्कृति में काफी समय बिताया था, वे कभी - कभी अपनी संस्कृति को सुधारने के लिए समय निकालते थे ।	ᱡᱟᱦᱟᱸᱭ ᱡᱟᱹᱛᱨᱤ ᱦᱚᱲ ᱠᱚᱴᱷᱮᱱ ᱱᱟᱣᱟ ᱟᱹᱨᱤᱪᱟᱹᱞᱤ ᱥᱟᱶ ᱥᱩᱜᱩᱲ ᱚᱠᱛᱚ ᱛᱟᱞ ᱢᱮᱞ ᱛᱟᱦᱮᱸ ᱞᱟᱱᱟ ᱩᱱᱠᱩ ᱴᱷᱮᱱ ᱫᱚ ᱟᱠᱚᱣᱟᱜ ᱱᱤᱡᱚᱨ ᱟᱹᱨᱤᱪᱟᱹᱞᱤ ᱥᱟᱞᱟᱜ ᱪᱚᱲᱟᱣ ᱢᱩᱥᱠᱤᱞ ᱠᱚ ᱵᱩᱡᱷᱟᱹᱣᱟ᱾
मैं डायबिटीज़ से पीड़ित हूँ और मेरे दोस्त को सबसे ज्यादा एलर्जी है.	ᱤᱧᱫᱚ ᱰᱟᱭᱟᱵᱮᱴᱤᱠ ᱜᱤᱭᱟᱹᱧ ᱟᱨ ᱤᱧᱨᱮᱱ ᱜᱟᱛᱮ ᱫᱚ ᱜᱞᱩᱴᱮᱱᱨᱮ ᱮᱞᱟᱨᱡᱤ ᱢᱮᱱᱟᱜ ᱛᱟᱭᱟ ᱾
मैं अभी आप के लिए क्या seps पर यह भेजा है.	ᱤᱧ ᱫᱚ ᱱᱤᱛᱜᱤ ᱚᱱᱟ ᱳᱣᱟᱴᱥᱮᱯ ᱨᱮᱧ ᱠᱩᱞᱟᱠᱟᱫᱽᱢᱮᱭᱟ ᱾
यह आज के लिए सब हो जाएगा.	ᱛᱮᱹᱦᱮᱹᱧ ᱫᱚ ᱱᱤᱭᱟᱹ ᱠᱚᱜᱮ ᱦᱩᱭᱩᱜᱼᱟ ᱾
दुल्हन और दूल्हा तीन गवाहों की मौजूदगी में रजिस्टरों को चिन्हित करते हैं ।	ᱡᱟᱶᱟᱭ ᱟᱨ ᱡᱟᱶᱟᱭ ᱡᱚᱛᱚᱜᱮ ᱯᱮ ᱦᱚᱲ ᱥᱟᱹᱠᱷᱤ ᱠᱚᱣᱟᱜ ᱥᱮᱴᱮᱨ ᱨᱮ ᱨᱮᱡᱤᱥᱴᱟᱨ ᱨᱮᱠᱚ ᱥᱩᱦᱤ ᱠᱮᱫᱟ ᱾
जी हाँ, इसे सन्‌ 1814 में कोकाटा के एशियाीय सोसाइटी द्वारा स्थापित किया गया था ।	ᱦᱮᱸ, ᱱᱚᱶᱟᱫᱚ ᱑᱘᱑᱔ ᱥᱟᱹᱦᱤᱛᱨᱮ ᱠᱳᱞᱠᱟᱛᱟ ᱨᱮ ᱮᱥᱤᱭᱟᱴᱤᱠ ᱥᱚᱥᱟᱭᱴᱤ ᱚᱯᱷ ᱵᱮᱝᱜᱚᱞ ᱦᱚᱛᱮᱛᱮ ᱛᱷᱟᱯᱚᱱ ᱞᱮᱱᱟ ᱾
इस्लाम के आगमन ने बौद्ध धर्म के शाही संरक्षक सिद्धांत को हटा दिया, और लंबे अरसे से बौद्ध धर्म की जगह को लेकर लंबे अरसे तक धर्म का व्यापार किया।	ᱢᱩᱥᱞᱟ ᱠᱚᱣᱟᱜ ᱦᱮᱡ ᱥᱮᱴᱮᱨ ᱵᱚᱭᱫᱷᱚ ᱫᱷᱚᱨᱚᱢ ᱨᱮᱭᱟᱜ ᱢᱚᱴᱷ ᱥᱮᱨᱶᱟ ᱟᱱᱟᱜ ᱡᱚᱛᱚ ᱨᱟᱡᱽᱯᱟᱴ ᱥᱟᱭᱟᱱᱟᱜ ᱚᱪᱚᱜ ᱠᱟᱛᱮ ᱟᱨ ᱡᱮᱞᱮᱧᱼᱥᱟᱸᱜᱤᱧ ᱵᱟᱹᱱᱤᱡᱽ ᱢᱩᱥᱞᱟ ᱫᱟᱨᱟᱭ ᱛᱮ ᱵᱚᱭᱫᱽᱫᱷᱚ ᱠᱚᱣᱟᱜ ᱛᱷᱟᱯᱚᱱᱨᱩᱣᱟᱹᱲ ᱥᱟᱭᱟᱱᱟᱜ ᱥᱩᱛᱨᱲᱚᱠᱚ ᱠᱷᱚᱭ ᱮᱫᱟ ᱾
अत्का, अलास्का: अत्का अलास्का का एक शहर है।	ᱟᱴᱠᱟ, ᱟᱞᱟᱥᱠᱟ ᱟᱴᱠᱟ ᱫᱚ ᱦᱩᱭᱩᱜ ᱠᱟᱱᱟ ᱟᱞᱟᱥᱠᱟ ᱨᱮᱭᱟᱜ ᱢᱤᱫᱴᱟᱝ ᱥᱟᱦᱟᱨ ᱾
वाह! मैंने कभी नहीं सोचा था कि आप इतनी जल्दी ठीक हो जाएंगे।	ᱟᱹᱰᱤ ᱱᱟᱯᱟᱭ ! ᱤᱧ ᱛᱤᱥᱦᱚᱸ ᱵᱟᱹᱧ ᱩᱭᱦᱟᱹᱨ ᱟᱠᱟᱫᱟ ᱡᱮ ᱟᱢ ᱱᱩᱱᱟᱹᱜ ᱞᱚᱜᱚᱱᱮᱢ ᱯᱷᱟᱨᱱᱟᱜᱼᱟ ᱾
मेरे पास दस पक्षी हैं।	ᱤᱧ ᱴᱷᱮᱱ ᱜᱮᱞ ᱜᱚᱴᱟᱝ ᱪᱤᱲᱤᱡ ᱢᱮᱱᱟᱜᱼᱟ ᱠᱚᱣᱟ।
इसके अलावा, जहाँ तक जानवरों की देखभाल करने की बात आती है, वहीं दूसरी जगहों पर रहनेवाले जानवरों की देखभाल करनेवालों के लिए काम करने का तरीका भी अलग - अलग हो जाता है ।	ᱛᱩᱱᱠᱷᱤ ᱠᱟᱛᱮᱜ ᱧᱮᱞ ᱵᱮᱵᱥᱛᱷᱟ ᱨᱮ ᱱᱚᱣᱟ ᱵᱚᱫᱚᱞ ᱡᱤᱭᱞᱤ ᱵᱟᱱᱪᱟᱣ ᱠᱚ ᱞᱟᱹᱜᱤᱫ ᱡᱚᱜᱟᱣ ᱡᱚᱛᱚᱱ, ᱫᱟᱨᱮ ᱡᱚᱛᱚᱱ ᱦᱚᱭ ᱦᱤᱥᱤᱫ ᱥᱟᱢᱲᱟᱣ ᱟᱨ ᱟᱭᱢᱟ ᱪᱟᱱᱟᱪ ᱨᱮᱱ ᱟᱨ ᱦᱚᱟᱭᱢᱟ ᱡᱟᱹᱛᱤ ᱨᱮᱱ ᱡᱤᱭᱞᱤᱯᱟᱞᱟᱣ ᱨᱮᱭᱟᱜ ᱡᱟᱹᱥᱛᱤ ᱜᱮᱭᱟᱱ ᱥᱟᱶᱛᱮ ᱵᱚᱥᱚᱵᱟᱥ ᱨᱮᱭᱟᱜ ᱞᱚᱭᱚᱝ ᱡᱚᱛᱱᱟᱣ ᱠᱟᱹᱢᱤ ᱜᱟᱠᱷᱩᱨᱟᱱ ᱥᱟᱣᱛᱮ ᱟᱵᱟᱥ ᱨᱩᱠᱷᱤᱭᱟᱹ ᱨᱮᱭ ᱵᱮᱱᱟᱣ ᱞᱮᱫᱟ ᱟᱮ ᱠᱟᱹᱢᱤ ᱨᱮᱭᱟᱜ ᱫᱟᱣ ᱮ ᱵᱚᱫᱚᱞ ᱟᱠᱟᱫᱟ ᱾ ।
मेरे पास चार कॉफ़ी हैं।	ᱤᱧ ᱴᱷᱮᱱ ᱯᱩᱱ ᱜᱚᱴᱟᱝ ᱠᱚᱯᱷᱤ ᱢᱮᱱᱟᱜᱼᱟ ᱠᱚᱣᱟ।
मैंने किसी से कुछ नहीं सुना है.	ᱤᱧᱫᱚ ᱡᱟᱦᱟᱸᱭ ᱴᱷᱮᱱ ᱠᱷᱚᱱ ᱪᱮᱫᱦᱚᱸ ᱵᱟᱹᱧ ᱟᱸᱡᱚᱢ ᱟᱠᱟᱫᱟ ᱾
प्राचीन समय में कौन सबसे प्रसिद्ध थे?	ᱢᱟᱨᱮᱱ ᱠᱷᱩᱫᱟᱹᱭᱠᱟᱹᱨᱤ ᱢᱩᱫᱨᱮ ᱡᱚᱛᱚᱠᱷᱚᱱ ᱧᱩᱢᱩᱨᱩᱢ ᱚᱠᱚᱭᱠᱚ ᱠᱩ ᱛᱟᱦᱮᱸᱠᱟᱱᱟ ?
एक हिस्से में संग्रहीत फाइलों को तेजी से पढ़ा जा सकता है।	ᱢᱤᱫᱴᱟᱝ ᱦᱤᱸᱥᱨᱮ ᱡᱚᱜᱟᱣ ᱢᱮᱱᱟᱜ ᱯᱷᱟᱭᱤᱞ ᱠᱚ ᱩᱥᱟᱹᱨᱟ ᱯᱟᱬᱦᱟᱣ ᱜᱟᱱᱚᱜᱼᱟ ᱾
पृथ्वी की नदियों में से पानी की पूरी 20 प्रतिशत पानी की वजह से आईम से आता है.	ᱫᱷᱟᱹᱨᱛᱤ ᱨᱮᱭᱟᱜ ᱡᱟᱦᱟᱸ ᱛᱤᱱᱟᱹᱜ ᱫᱟᱜ ᱫᱚᱨᱭᱟ ᱨᱮ ᱢᱮᱥᱟᱜ ᱠᱟᱱᱟ ᱚᱱᱟ ᱨᱮᱭᱟᱜ ᱒᱐ ᱥᱚᱛᱚᱠᱚᱰᱟ ᱫᱚ ᱟᱢᱟᱡᱚᱱ ᱨᱮᱭᱟᱜ ᱠᱱᱟᱟ᱾
आकाश सिंह एक व्यक्तिगत सोने वाले खेल में जीत हासिल करने के लिए केवल खिलाड़ी था, लेकिन 2010 में आम तौर पर आम तौर पर अमीर खेलों के खेलों में, महात्मा का इतिहास जीतकर स्त्रियों के लिए 52 साल के बाद और पहली महिला के रूप में एक सोने का खेल जीतने के लिए।	ᱢᱤᱞᱠᱷᱟ ᱥᱤᱝᱦᱚ ᱥᱩᱢᱩᱝ ᱜᱮᱭ ᱛᱟᱦᱮᱸ ᱠᱟᱱᱟ ᱠᱚᱢᱚᱱᱳᱭᱮᱞᱛᱷ ᱜᱮᱢᱥᱨᱮ ᱥᱳᱱᱟᱯᱚᱫᱚᱠ ᱧᱟᱢᱤᱡ, ᱢᱮᱱᱠᱷᱟᱱ ᱒᱐᱑᱐ ᱠᱚᱢᱚᱱᱳᱭᱮᱞᱛᱷ ᱜᱮᱢᱥᱨᱮ ᱵᱷᱟᱨᱚᱛ ᱨᱮᱱ ᱞᱮᱠᱟᱛᱮ ᱛᱤᱨᱞᱟᱹ ᱠᱚᱣᱟᱜ ᱰᱤᱥᱠᱟᱥ ᱛᱷᱨᱳᱨᱮ ᱥᱳᱱᱟᱯᱚᱫᱚᱠ ᱡᱤᱛᱟᱹᱣ ᱠᱟᱛᱮ ᱟᱨ ᱠᱚᱢᱚᱱᱳᱭᱮᱛᱷ ᱜᱮᱢᱥᱨᱮ ᱮᱛᱷᱞᱮᱴᱤᱠᱥᱨᱮ ᱯᱳᱭᱞᱳ ᱛᱤᱨᱞᱟᱹ ᱥᱳᱱᱟᱯᱚᱫᱚᱠ ᱧᱟᱢᱤᱡ ᱞᱮᱠᱟᱛᱮ ᱕᱒ ᱥᱮᱨᱢᱟ ᱛᱟᱭᱚᱢ ᱱᱟᱜᱟᱢ ᱮ ᱵᱮᱱᱟᱣ ᱞᱮᱫᱟ ᱠᱨᱤᱥᱱᱟ ᱯᱩᱱᱤᱭᱟ ᱾
सितंबर 17, 1939 तक पोलिश रक्षा टूट चुकी थी ।	᱑᱗ ᱥᱮᱯᱴᱮᱢᱵᱚᱨ, ᱑᱙᱓᱙ ᱦᱟᱹᱵᱤᱡ ᱯᱚᱞᱤᱥ ᱨᱟᱪᱷᱟ ᱢᱟᱬᱟᱝ ᱨᱮᱜᱮ ᱨᱟᱹᱯᱩᱫ ᱛᱟᱦᱮᱞᱮᱱᱟ, ᱟᱨ ᱨᱚᱢᱟᱱᱤᱭᱟᱭᱤ ᱵᱽᱨᱤᱜᱮᱰ ᱥᱟᱶ ᱛᱟᱭᱚᱢ ᱥᱮᱫ ᱯᱟᱹᱪᱷᱞᱟᱹ ᱟᱨ ᱫᱚᱦᱲᱟ ᱜᱟᱶᱛᱟ ᱠᱚᱨᱟᱣ ᱞᱟᱹᱜᱤᱫ ᱢᱤᱫᱴᱟᱝ ᱟᱥᱟ ᱛᱟᱦᱮᱸ ᱠᱟᱱᱟ᱾
मेरे पास तीस आठ हाथी हैं।	ᱤᱧ ᱴᱷᱮᱱ ᱯᱮ ᱜᱮᱞ ᱤᱨᱟᱹᱞ ᱜᱚᱴᱟᱝ ᱦᱟᱛᱤ ᱢᱮᱱᱟᱜᱼᱟ ᱠᱚᱣᱟ।
यह सबसे बड़ा राजा जॉर्ज द्वीप है, जिसे वुलिला लाज़ नाम के कसबे में रखा गया है ।	ᱫᱤᱯᱥᱟᱢᱦᱩ ᱯᱨᱟᱭᱫᱤᱯ ᱠᱷᱚᱱ ᱑᱒᱐ ᱠᱤᱢᱤ ᱩᱛᱚᱨ ᱨᱮ ᱢᱮᱱᱟᱜᱼᱟ᱾ ᱵᱷᱤᱞᱟ ᱞᱟᱥ ᱮᱥᱴᱨᱮᱞᱚᱥ ᱨᱮᱭᱟᱜ ᱵᱟᱥᱛᱤ ᱥᱟᱶᱛᱮ ᱠᱤᱝ ᱡᱚᱨᱡᱽ ᱫᱤᱯ ᱡᱚᱛᱚ ᱠᱷᱚᱱ ᱞᱟᱴᱩᱣᱟ᱾
मैं तुम्हें कड़ी भेज रहा हूँ.	ᱤᱧ ᱞᱤᱝᱠ ᱤᱧ ᱵᱷᱮᱡᱟ ᱟᱢ ᱠᱟᱱᱟ ᱾
देश में आर्थिक वृद्धि का एक प्रमुख प्रमुख प्रमुख क्षेत्र के रूप में मेगामांश पर्वत को पहचान लिया है ।	ᱢᱟᱦᱟᱨᱟᱥᱴᱨᱚ ᱯᱚᱱᱚᱛ ᱨᱮᱭᱟᱜ ᱠᱟᱹᱣᱰᱤᱟᱹᱨᱤ ᱵᱟᱰᱦᱟᱣ ᱞᱟᱹᱜᱤᱫ ᱫᱚ ᱢᱤᱫᱴᱟᱝ ᱢᱩᱰᱩᱛ ᱠᱷᱮᱛᱨᱚ ᱞᱮᱠᱟᱛᱮ ᱢᱟᱱᱟᱜᱽ ᱠᱟᱱᱟ ᱪᱮᱫᱟᱜᱽ ᱥᱮ ᱥᱟᱦᱭᱟᱫᱨᱤ ᱨᱟᱛᱟᱝᱵᱩᱨᱩ ᱫᱚ ᱢᱟᱦᱟᱨᱟᱥᱴᱨᱚ ᱨᱮᱭᱟᱜ ᱵᱤᱥᱤᱡᱟᱝ ᱠᱟᱱᱟ ᱾
उसने घर पर पिज्जा बनाया और मुझे यह बहुत पसंद आया।	ᱩᱱᱤ ᱫᱚ ᱚᱲᱟᱜ ᱨᱮ ᱯᱤᱡᱡᱟᱭ  ᱵᱮᱱᱟᱣ ᱟᱠᱟᱫᱟ ᱟᱨ ᱤᱧ ᱱᱚᱣᱟᱧ ᱠᱩᱥᱤ ᱠᱟᱣᱫᱟ ᱾
यह सितंबर 1944 में लंदन में तय हुआ था।	ᱱᱚᱶᱟ ᱫᱚ ᱑᱙᱔᱔ ᱥᱟᱞ ᱨᱮᱭᱟᱜ ᱥᱮᱯᱴᱮᱢᱵᱚᱨ ᱨᱮ ᱞᱚᱱᱰᱚᱱ ᱨᱮᱠᱚ ᱨᱟᱹᱡᱤ ᱞᱮᱱᱟ ᱾
हमें स्विट्जरलैंड में एक पहाड़ की चोटी पर भारतीय भोजन मिला।	ᱥᱩᱭᱡᱟᱨᱞᱮᱱᱰ ᱨᱮᱭᱟᱜ ᱢᱤᱫᱴᱟᱝ ᱵᱩᱨᱩ ᱪᱮᱛᱟᱱ ᱨᱮ ᱟᱞᱮ ᱵᱷᱟᱨᱚᱛ ᱨᱮᱭᱟᱜ ᱡᱚᱢᱟᱜ ᱞᱮ ᱛᱚᱞᱟᱥ ᱧᱟᱢ ᱟᱠᱟᱫᱟ ᱾
ᱤᱧ ᱱᱟᱥᱮ ᱨᱚᱲ ᱮᱫᱟᱹᱧ	मैं थोड़ा बोलता हूँ
मैं अपनी मंजिल पर कब पहुँचूँगा? यह बैठक मेरा भविष्य तय करेगी।	ᱤᱧ ᱛᱤᱱᱨᱮ ᱤᱧᱟᱹᱜ ᱡᱚᱥ ᱴᱷᱟᱶ ᱨᱮᱧ ᱥᱮᱴᱮᱨᱚᱜᱼᱟ ? ᱱᱚᱣᱟ ᱢᱤᱴᱤᱝ ᱫᱚ ᱤᱧᱟᱹᱜ ᱟᱹᱠᱷᱤᱨᱮ ᱴᱷᱟᱹᱣᱠᱟᱹᱭᱟ ᱾
बाद में मिलते हैं	ᱛᱟᱭᱚᱢ ᱛᱮ ᱞᱟᱝ ᱧᱟᱯᱟᱢᱚᱜᱼᱟ
आप इस तरह से पहले टिकट अच्छी तरह से पढ़ सकते हैं.	ᱟᱢ ᱱᱚᱝᱠᱟᱛᱮ ᱞᱟᱦᱟᱠᱷᱚᱱᱜᱮ ᱴᱤᱠᱤᱴᱮᱢ ᱵᱩᱠ ᱫᱟᱲᱮᱭᱟᱜᱼᱟ ᱾
ऑल्टो सोलो दर्शाता है कि व्यक्ति की आत्मा क्या महसूस कर रही है।	ᱚᱞᱴᱳ ᱥᱳᱞᱳᱭ ᱩᱫᱩᱜᱟ ᱮ ᱦᱚᱲᱟᱜ ᱟᱛᱢᱟ ᱪᱮᱫ ᱮ ᱵᱷᱩᱡᱟᱹᱣ ᱟᱠᱟᱫᱟ ᱾
मेरी जिंदगी के दिन अब गिने-चुने रह गए हैं। डॉक्टर ने मुझे बताया कि मेरी रोग प्रतिरोधक क्षमता कमजोर हो रही है।	ᱤᱧᱟᱜ ᱫᱤᱱᱠᱚ ᱫᱚ ᱞᱮᱠᱷᱟ ᱦᱩᱭ ᱟᱠᱟᱱᱟ ᱾ ᱰᱟᱠᱛᱟᱨᱼᱮ ᱢᱮᱱ ᱟᱠᱟᱫᱟ ᱤᱧᱟᱜ ᱨᱳᱜ ᱢᱩᱨᱜᱟᱹᱱ ᱴᱮᱠᱟᱣ ᱫᱟᱲᱮ ᱫᱚ ᱰᱩᱵᱞᱟᱹᱣ ᱟᱠᱟᱱᱟ ᱾
पाऊ का एरोन्डिसमेंट: पाऊ का एरोन्डिसमेंट फ्रांस का एक एरोन्डिसमेंट है।	ᱯᱟᱣ ᱨᱮᱭᱟᱜ ᱮᱹᱨᱳᱱᱰᱤᱥᱢᱮᱱᱴ ᱫᱚ ᱯᱷᱨᱟᱱᱥ ᱨᱮᱭᱟᱜ ᱮᱹᱨᱳᱱᱰᱤᱥᱢᱮᱱᱴ ᱾
वह 1982 से 1991 तक ज़ेवेनहुइज़ेन के मेयर रहे।	ᱩᱱᱤ ᱫᱚ ᱑᱙᱘᱒ ᱥᱟᱞ ᱠᱷᱚᱱ ᱑᱙᱙᱑ ᱥᱟᱞ ᱦᱟᱹᱵᱤᱡ ᱡᱮᱵᱷᱮᱱᱦᱩᱭᱡᱮᱱ ᱨᱮᱱ ᱢᱮᱭᱚᱨ ᱮ ᱛᱟᱦᱮᱸ ᱠᱟᱱᱟ ᱾
इस प्रकार, वह निम्न वर्ग के अधिकारों के लिए लड़ाई लड़ी.	ᱱᱚᱧᱠᱟᱞᱮᱠᱟᱛᱮ, ᱩᱱᱤ ᱫᱚ ᱱᱤᱪᱡᱟᱹᱛᱤ ᱠᱩᱣᱟᱜ ᱟᱹᱭᱫᱟᱹᱨ ᱞᱟᱹᱜᱤᱫᱽᱛᱮᱭ ᱞᱟᱹᱲᱦᱟᱹᱭᱞᱮᱱᱟ ᱾
क्या आप कभी हमारे साथ आना चाहेंगे?	ᱟᱢ ᱡᱟᱦᱟᱸ ᱛᱤᱱ ᱠᱚᱨᱮ ᱟᱞᱮ ᱥᱟᱶᱛᱮᱢ ᱦᱤᱡᱩᱜᱼᱟ ?
रोम में कोलोसियम को अंदर से देखना मेरा सपना था लेकिन हमारे पास समय ही नहीं था।	ᱵᱷᱤᱛᱤᱨ ᱨᱮ ᱛᱟᱦᱮᱸ ᱠᱟᱛᱮ ᱨᱳᱢ ᱨᱮᱭᱟᱜ ᱠᱚᱞᱳᱥᱤᱭᱟᱢ ᱧᱮᱞ ᱨᱮᱭᱟᱜ ᱠᱩᱠᱢᱩ ᱛᱟᱦᱮᱸ ᱠᱟᱱᱟ ᱢᱮᱱᱠᱷᱟᱱ ᱟᱞᱮ ᱴᱷᱮᱱ ᱚᱠᱛᱚ ᱵᱟᱝ ᱛᱟᱦᱮᱸ ᱠᱟᱱᱟ ᱾
क्या बात लोगों को पसंद करती है या उन्हें पसंद करती है, यह जानने पर हमें संतोष मिलता है ।	ᱠᱚᱱᱴᱮᱱᱴ ᱛᱷᱤᱭᱳᱨᱤ ᱠᱚ ᱱᱚᱣᱟ ᱥᱮᱸᱫᱽᱨᱟ ᱨᱮᱜᱮ ᱛᱟᱞᱢᱟ ᱟᱠᱟ ᱜᱮ ᱛᱟᱦᱮᱸᱱᱟ ᱡᱮ ᱦᱚᱲ ᱠᱚ ᱪᱮᱫ ᱴᱤᱠ ᱟᱨ ᱟᱠᱚ ᱴᱷᱮᱱ ᱮ ᱟᱯᱤᱞᱟ᱾
मुझे कैसे पता चलेगा कि अनार मधुमेह (डायबिटीज) के लिए अच्छा है या नहीं?	ᱰᱟᱞᱤᱢ ᱫᱚ ᱰᱟᱭᱟᱵᱮᱴᱤᱥ ᱞᱟᱹᱜᱤᱫ ᱵᱷᱟᱜᱮᱭᱟ ᱥᱮ ᱵᱟᱝ ᱚᱱᱟ ᱪᱮᱠᱟ ᱞᱮᱠᱟᱛᱮᱢ ᱵᱩᱡᱷᱼᱟ ?
26 अप्रैल को एक फ्रेंच नागरिक को एक दो मिनट के भीतर एक दो घंटे की विडियो पर देखा गया है जिसमें तीन भाषाओं में आत्महत्या के साथ आत्महत्या करने में मदद करनेवालों से मदद माँगी जाती है.	᱒᱖ ᱮᱯᱨᱤᱞ ᱢᱤᱫᱴᱟᱝ ᱢᱤᱫ ᱴᱤᱲᱤᱡᱽ ᱡᱤᱞᱤᱧ ᱵᱷᱤᱰᱤᱭᱚᱨᱮ ᱢᱤᱫᱦᱚᱲ ᱯᱷᱨᱮᱸᱪ ᱱᱟᱜᱟᱨᱤᱭᱟᱹᱭ ᱧᱮᱞᱟᱠᱟᱱᱟ, ᱡᱟᱦᱟᱸᱭ ᱫᱚ ᱱᱤᱡᱟᱹᱛᱮ ᱜᱚᱡᱚᱜᱽ ᱞᱟᱹᱜᱤᱫᱽ ᱠᱳᱣᱟᱨᱮᱱᱴᱟᱭᱤᱱ ᱠᱟᱹᱢᱤᱭᱟᱹᱠᱩ ᱴᱷᱮᱱ ᱯᱮᱜᱚᱴᱟᱝ ᱯᱟᱹᱨᱥᱤᱛᱮ ᱜᱚᱲᱚᱭ ᱠᱷᱚᱡᱮᱛᱠᱟᱱ ᱛᱟᱦᱮᱸᱠᱟᱱᱟ ᱾
लेकिन, एक देश - भर में सड़क नेटवर्क केवल एक मुट्ठी भर कार के लिए आर्थिक रूप से काम नहीं कर रहा है, सो उत्पादन के नए तरीक़ों को कार मालिक की क़ीमत कम करने के लिए विकसित किया जाता है ।	ᱡᱟᱭᱦᱚ, ᱢᱤᱫ ᱫᱮᱥᱜᱚᱴᱟ ᱥᱟᱲᱚᱠ ᱱᱮᱴᱣᱟᱨᱠ ᱫᱚ ᱮᱠᱮᱱ ᱥᱩᱢᱩᱝ ᱠᱟᱨ ᱠᱚ ᱞᱟᱹᱜᱤᱫ ᱠᱟᱹᱣᱰᱤ ᱟᱹᱨᱤ ᱞᱮᱠᱟ ᱛᱮ ᱵᱮᱵᱷᱟᱨ ᱵᱟᱹᱱᱟᱩᱜ-ᱟ, ᱱᱚᱣᱟ ᱤᱭᱟᱹᱛᱮ ᱠᱟᱨ ᱢᱟᱞᱤᱠᱟᱜ-ᱟ ᱞᱟᱜᱚᱛ ᱫᱚ ᱠᱚᱢ ᱠᱷᱚᱱ ᱠᱚᱢ ᱩᱛᱯᱟᱫᱚᱱ ᱨᱮᱭᱟᱜ ᱱᱟᱣᱟ ᱛᱟᱨᱤᱠᱟ ᱩᱛᱱᱟᱹᱣ ᱟᱠᱟᱫᱟ᱾
ओक, अपने टैक्सी 15 मिनट में अपने स्थान तक पहुँचने के लिए उम्मीद है.	ᱴᱷᱤᱠᱜᱮᱭᱟ, ᱟᱢᱟᱜᱽ ᱠᱮᱵ ᱫᱚ ᱑᱕ ᱴᱤᱲᱤᱡᱽ ᱨᱮ ᱴᱷᱟᱹᱣᱠᱟᱹᱣᱟᱠᱟᱱ ᱞᱳᱠᱮᱥᱚᱱᱨᱮ ᱥᱮᱴᱮᱨᱚᱜᱽᱼᱟ ᱾
उस शिक्षक को देखकर मेरा मन खट्टा हो गया, जिसने मुझसे दो बार पैसे उधार लिए थे और वापस नहीं लौटाए थे।	ᱡᱟᱦᱟᱸᱭ ᱢᱟᱪᱮᱫ ᱤᱧ ᱴᱷᱮᱱ ᱠᱷᱚᱱ ᱟᱭᱢᱟ ᱫᱷᱟᱣ ᱠᱟᱹᱣᱰᱤ ᱨᱤᱱ ᱦᱟᱛᱟᱣ ᱠᱟᱛᱮ ᱤᱧ ᱵᱟᱭ ᱨᱩᱣᱟᱹᱲ ᱠᱟᱹᱣᱫᱤᱧᱟ  ᱩᱱᱤ ᱧᱮᱞ ᱠᱟᱛᱮ ᱤᱧ ᱟᱹᱰᱤᱧ ᱟᱹᱲᱤᱥ ᱞᱮᱱᱟ ᱾
ज़्यादातर मठों के लिए जो तैयार हैं, उन महिलाओं के लिए जो जल्दी आते हैं, लेकिन अगर आप अपने आप को लाते हैं, विशेष रूप से उज्ज्वल रंग के साथ एक, आप प्रवेश द्वार पर एक नाविक या नन से एक मुस्कान मिलेगी.	ᱟᱭᱢᱟ ᱢᱳᱴᱷᱚ ᱠᱚᱜᱮ ᱩᱱᱠᱩ ᱢᱟᱹᱭᱡᱩᱠᱚ ᱞᱟᱹᱜᱤᱱ ᱵᱟᱝ ᱥᱟᱯᱲᱟᱣ ᱟᱠᱟᱱ ᱦᱚᱨᱚᱜᱟᱜ ᱦᱟᱹᱴᱤᱧ ᱮᱫᱼᱟᱠᱚ, ᱡᱩᱫᱤ ᱟᱢᱟᱜ ᱱᱤᱡᱚᱨᱟᱜ ᱟᱹᱜᱩᱭᱟᱢ, ᱵᱤᱥᱮᱥ ᱠᱟᱭᱛᱮ ᱪᱚᱢᱠᱟᱣ ᱨᱚᱝ ᱥᱟᱶ, ᱮᱱᱠᱷᱟᱱ ᱟᱯᱮ ᱫᱚ ᱦᱟᱹᱬᱩᱠᱚ ᱵᱟᱝᱢᱟ ᱱᱚᱱ ᱠᱚᱴᱷᱮᱱ ᱠᱷᱚᱱ ᱵᱚᱞᱚᱱ ᱦᱚᱨ ᱨᱮ ᱞᱟᱸᱫᱽ ᱯᱮ ᱧᱟᱢᱟ᱾
मैं वास्तव में आप दिन का आनंद लेंगे उम्मीद है.	ᱤᱧ ᱥᱟᱹᱨᱤᱱᱟᱜ ᱜᱤ ᱟᱥᱤᱧ ᱫᱚᱦᱚᱭᱮᱫᱟ ᱟᱯᱮᱠᱩ ᱫᱚ ᱢᱟᱦᱟᱴᱟᱜᱽᱯᱮ ᱨᱟᱹᱥᱠᱟᱹᱭᱟ ᱾
इसके दो वर्ग हैं: भयंकर विस्फोट, जिसमें गेंद को फिर से ठीक किया जाता है, और वह अपनी सम्पत्ति बदल नहीं देता, और रक्षात्मक उपायों को बदल नहीं देता, जिस में दल की रक्षा करनेवाली गेंद की निज भूमि होती है।	ᱨᱤᱵᱟᱣᱩᱱᱰ ᱨᱮᱭᱟᱜ ᱵᱟᱨᱭᱟ ᱦᱟᱹᱴᱤᱧ ᱢᱮᱱᱟᱜᱼᱟ ᱺ ᱡᱟᱨᱯᱟ ᱟᱱᱟᱜ ᱨᱤᱵᱟᱣᱩᱱᱰ, ᱡᱟᱸᱦᱟᱨᱮ ᱡᱟᱨᱯᱟ ᱟᱱᱟᱜ ᱜᱟᱫᱮᱞ ᱫᱟᱨᱟᱭᱛᱮ ᱵᱚᱞ ᱧᱟᱢ ᱨᱩᱣᱟᱹᱲᱚᱜᱼᱟ ᱟᱨ ᱜᱚᱵᱚᱞ ᱵᱟᱝ ᱵᱚᱫᱚᱞᱚᱜᱼᱟ ᱟᱨ ᱵᱟᱧᱪᱟᱣᱟᱱ ᱨᱤᱵᱟᱣᱩᱱᱰ, ᱡᱟᱸᱦᱟᱨᱮ ᱫᱟᱲᱮᱭᱟᱱ ᱜᱟᱫᱮᱞ ᱟᱞᱜᱟ ᱵᱚᱞ ᱠᱚ ᱜᱚᱵᱚᱞᱟ ᱾
डियाबोलिक लवर्स (Diabolik Lovers) रेजेट (Rejet) द्वारा निर्मित एक जापानी विज़ुअल नॉवेल फ्रैंचाइज़ी है।	ᱰᱟᱭᱟᱵᱚᱞᱤ ᱦᱩᱭᱩᱜ ᱠᱟᱱᱟ ᱨᱮᱡᱮᱴ  ᱨᱮᱭᱟᱜ ᱢᱤᱫᱴᱟᱝ ᱡᱟᱯᱟᱱᱤ ᱵᱷᱤᱡᱩᱣᱟᱞ ᱱᱚᱵᱷᱮᱞ ᱯᱨᱷᱟᱧᱪᱟᱭᱡᱤ ᱾
घर वापस आते समय, मेरा पैर पत्थर से टकरा गया, और मेरे द्वारा खरीदा गया सारा दूध जमीन पर बिखर गया।	ᱚᱲᱟᱜ ᱨᱩᱣᱟᱹᱲ ᱚᱠᱛᱚ, ᱤᱧ ᱫᱚ ᱢᱤᱫᱴᱟᱝ ᱫᱷᱤᱨᱤ ᱨᱮᱧ ᱛᱚᱦᱚᱫ ᱵᱷᱤᱸᱫᱟᱹᱲᱮᱱᱟ, ᱟᱨ ᱤᱧᱟᱜ ᱠᱤᱨᱤᱧ ᱡᱚᱛᱚ ᱛᱚᱣᱟ ᱚᱛ ᱨᱮ ᱦᱤᱨᱤᱡ ᱪᱟᱵᱟᱭᱮᱱᱟ ᱾
हम सन्‌ 2005 के स्तर से 2020 तक कार्बन डाइऑक्साइड को नष्ट करने की कोशिश करेंगे ।	⁣ᱦᱩ ᱢᱮᱱ ᱠᱮᱜᱼᱟᱭ, "ᱟᱵᱟ ᱒᱐᱒᱐ ᱫᱷᱟᱹᱵᱤᱡ‌ GDP ᱨᱮᱭᱟᱜ ᱡᱷᱟᱛᱚ ᱦᱟᱹᱴᱤᱧ ᱠᱟᱨᱵᱟᱱ ᱰᱟᱭᱚᱠᱥᱟᱭᱤᱰ ᱨᱮᱭᱟᱜ ᱩᱰᱟᱹᱣ ᱪᱷᱟᱹᱲ ᱠᱚ ᱒᱐᱐᱕ ᱫᱷᱟᱹᱲ ᱨᱮᱭᱟᱜ ᱚᱱᱛᱚᱨ ᱠᱷᱟᱱ ᱠᱟᱢ ᱠᱚᱨᱟᱣ ᱨᱮᱭᱟᱜ ᱪᱮᱥᱴᱟ ᱠᱚᱨᱟᱣᱟ᱾"
ओह, यह vaky प्राप्त करने के लिए अनिवार्य है?	ᱳ, ᱴᱤᱠᱟᱹ ᱫᱚ ᱦᱟᱛᱟᱣᱜᱮ ᱦᱩᱭᱩᱜᱼᱟ ?
मेरा हाथ सूजन है, यह दर्द होता है.	ᱤᱧᱟᱹᱜ ᱛᱤ ᱯᱷᱩᱞᱟᱹᱣ ᱟᱠᱟᱱᱟ, ᱦᱟᱥᱩ ᱤᱫᱤᱧ ᱠᱟᱱᱟ ᱾
कंट्री संगीतकार विली नेल्सन का जन्म एबॉट में हुआ था।	ᱠᱟᱱᱴᱨᱤ ᱢᱤᱭᱩᱡᱤᱥᱤᱭᱟᱱ ᱩᱭᱞᱤ ᱱᱮᱞᱥᱚᱱ ᱮᱹᱵᱟᱴᱮ ᱫᱚᱭ ᱡᱟᱱᱟᱢ ᱞᱮᱱᱟ ᱾
मेरी कार का इंजन खराब हो गया और उन्होंने कहा कि इसे ठीक करने में 2,00,000 रुपये लगेंगे।	ᱤᱧᱟᱹᱜ ᱜᱟᱹᱰᱤ ᱨᱮᱭᱟᱜ ᱤᱧᱡᱤᱱ ᱵᱟᱹᱲᱤᱡ ᱟᱠᱟᱱᱟ ᱟᱨ ᱩᱝᱠᱩ ᱠᱚ ᱢᱮᱱᱠᱮᱫᱟ ᱚᱱᱟ ᱡᱩᱛᱛᱮ ᱒,᱐᱐,᱐᱐᱐ ᱴᱟᱠᱟ ᱡᱟᱹᱨᱩᱲᱼᱟ ᱾
वह एक दिन, एक एकल POI कॉल के लाखों मिनटों को संभालता है जो BSNL के लिए सौंपा जाता है, और ऐसी स्थिति में, यह असली है कि फोन के बिना और जो एक tam या एक नक़ली मशीन नहीं है.	ᱡᱮ,ᱢᱤᱫ ᱴᱷᱟᱹᱣᱠᱟᱹ ᱫᱤᱱᱨᱮ, ᱢᱤᱫᱴᱟᱝ ᱮᱠᱚᱠ ᱯᱤᱚᱟᱭ ᱞᱟᱠ ᱞᱟᱠ ᱢᱤᱱᱤᱴ ᱨᱮᱭᱟᱜ ᱠᱚᱞ ᱠᱚᱭ ᱪᱟᱞᱟᱣ ᱟ ᱡᱟᱸᱦᱟ ᱵᱤᱮᱥᱮᱱᱮᱞ ᱴᱷᱮᱱ ᱮᱢ ᱦᱩᱭ ᱞᱮᱱᱟ ᱟᱨ ᱱᱚᱝᱠᱟ ᱦᱟᱞᱚᱛ, ᱚᱠᱟᱴᱟᱜ ᱟᱥᱚᱞ ᱟᱨ ᱚᱠᱟᱴᱟᱜ ᱫᱚ ᱥᱤᱮᱞᱟᱭ ᱥᱮ ᱴᱮᱢᱯᱟᱨ ᱪᱷᱟᱰᱟ ᱥᱤᱮᱞᱟᱭ ᱠᱟᱱᱟ ᱵᱟᱹᱱᱤᱡᱽ ᱞᱮᱠᱟᱛᱮ ᱵᱟᱝ ᱦᱩᱭ ᱫᱟᱲᱮᱭᱟᱜᱼᱟ ᱾
नमक की मौजूदगी के कारण जो नमक की मौजूदगी के लिए इस्तेमाल किया जाता है, उसके लिए सभी पैकेजों का इस्तेमाल किया जाता है और उसे सही मात्रा में रखा जाता है ।	ᱥᱟᱱᱟᱢ ᱯᱮᱠᱮᱴ ᱟᱨ ᱴᱤᱱ ᱨᱮ ᱛᱟᱦᱮᱸᱱ ᱡᱚᱢᱟᱜ ᱟᱭᱴᱮᱢ ᱠᱚ ᱟᱰᱤ ᱵᱟᱲᱛᱤ ᱥᱳᱰᱤᱭᱟᱢ ᱛᱟᱦᱮᱸᱱᱟ ᱚᱡᱮᱫᱚ ᱵᱩᱞᱩᱝ ᱛᱟᱦᱮᱸᱱ ᱠᱷᱟᱛᱤᱨ ᱡᱚᱜᱟᱣᱫᱚᱦᱚ ᱞᱟᱜᱤᱫ ᱠᱚ ᱵᱮᱣᱦᱟᱨᱟ ᱾
लेकिन, मैं केवल सबसे प्रसिद्ध लोगों को शामिल करना चाहता हूँ.	ᱢᱮᱱᱠᱷᱟᱱ, ᱤᱧᱫᱚ ᱡᱚᱛᱚᱠᱷᱚᱱ ᱧᱩᱛᱩᱢᱟᱱᱟᱜ ᱠᱚᱜᱮᱧ ᱥᱮᱞᱮᱫᱼᱟ ᱾
कुछ मामलों में, विज्ञान - कथा में पहले प्रस्तुत हथियार अब एक वास्तविकता बना रहे हैं ।	ᱠᱟᱹᱪ ᱠᱷᱮᱛᱨᱚ ᱨᱮ, ᱠᱚᱞᱯᱚᱵᱤᱜᱽᱭᱟᱱ ᱨᱮ ᱯᱩᱭᱞᱩ ᱪᱟᱹᱞᱩ ᱦᱟᱹᱛᱤᱭᱟᱹᱨ ᱠᱚ ᱱᱟᱦᱟᱜ ᱵᱟᱥᱛᱚᱵ ᱨᱮ ᱨᱩᱯ ᱮ ᱮᱢ ᱟᱠᱟᱫᱟ ᱾
क्या इस हफ्ते डीजल की कीमतों में फिर से बढ़ोतरी हुई है?	ᱱᱚᱶᱟ ᱦᱟᱯᱛᱟ ᱰᱤᱥᱮᱞ ᱨᱮᱭᱟᱜ ᱜᱚᱱᱚᱝ ᱪᱮᱫ ᱟᱨ ᱵᱟᱲᱦᱟᱜᱼᱟ ?
ᱤᱧ ᱛᱮᱛᱟᱝ ᱟᱠᱟᱱᱟᱹᱧ	मुझे प्यास लगी है
EDDDDON की अन्तर्दृष्टि थी कि एक देश अब भी व्यापार से लाभ प्राप्त करेगा अपने तुलनात्मक लाभ के अनुसार, उत्पादों का निर्यात करने से जिसमें उसका पूर्ण लाभ सबसे बड़ा था, और उत्पादों को आयात करता है जो इससे भी कम लाभ था (और फिर भी अगर सकारात्मक है).	ᱨᱤᱠᱟᱨᱰᱳᱥᱣᱟᱜ ᱜᱟᱹᱦᱤᱨᱟᱧᱮᱞ ᱫᱚ ᱛᱟᱦᱮᱸᱠᱟᱱᱟ ᱡᱮ ᱱᱚᱝᱠᱟᱱ ᱢᱤᱴᱴᱮᱱ ᱫᱤᱥᱚᱢ ᱡᱟᱦᱟᱸᱭ ᱫᱚ ᱱᱤᱛ ᱦᱸ ᱩᱱᱤᱭᱟᱜ ᱛᱩᱞᱟᱹᱡᱚᱠᱷᱟᱣᱟᱱᱟᱜ ᱥᱩᱵᱤᱫᱷᱟ ᱞᱮᱠᱟᱛᱮ ᱵᱟᱹᱱᱤᱡ ᱠᱟᱛᱮ ᱞᱟᱵᱵᱷᱟᱱᱮ ᱦᱩᱭᱩᱜᱼᱟ, ᱱᱚᱝᱠᱟᱱ ᱫᱩᱨᱤᱵ ᱵᱟᱦᱮᱛ ᱛᱮᱭ ᱠᱩᱞᱟ ᱡᱟᱦᱟᱸ ᱨᱮ ᱩᱱᱤᱭᱟᱜ ᱟᱡᱟᱠ ᱥᱩᱵᱤᱫᱷᱟ ᱡᱚᱛᱚ ᱠᱷᱚᱱ ᱡᱟᱹᱥᱛᱤ ᱟᱨ ᱱᱚᱝᱠᱟᱱ ᱫᱩᱨᱤᱵ ᱵᱷᱤᱛᱟᱹᱨ ᱟᱹᱜᱩᱭ ᱡᱟᱦᱟᱸ ᱨᱮ ᱩᱱᱤᱭᱟᱜ ᱱᱤᱡᱟᱹ ᱥᱩᱵᱤᱫᱷᱟ ᱛᱩᱞᱟᱹᱡᱚᱠᱷᱟ ᱞᱮᱠᱟᱛᱮ ᱠᱚᱢ ᱜᱤᱭᱟ (ᱮᱢᱚᱱᱠᱤ ᱱᱤᱛ ᱦᱸᱭᱟᱱᱟᱜ ᱦᱩᱭᱩᱜ ᱨᱮ ᱦᱸ) ᱾
यह केवल इस बात की पुष्टि नहीं करता कि कम - से - कम कुछ जड़ी - बूटियों के परे होते हैं, एक सिद्धांत पहले से ही व्यापक है, लेकिन विवरण प्रदान करता है आम तौर पर रंग और तीन-छोटे व्यवस्था ।	ᱱᱚᱶᱟ ᱫᱚ ᱵᱟᱭ ᱴᱷᱟᱹᱣᱠᱟ.ᱣᱮᱫ ᱛᱟᱦᱮᱸᱫ ᱡᱮ ᱰᱟᱭᱱᱮᱥᱚᱨᱟᱜ ᱯᱷᱟᱹᱠᱬᱟ.ᱜ ᱛᱟᱦᱮᱸ ᱠᱟᱱᱟ, ᱢᱤᱫ ᱛᱷᱤᱣᱨᱤ ᱢᱟᱬᱟᱝ ᱠᱷᱚᱱᱮ ᱞᱟᱹᱭ ᱥᱟᱰᱮ ᱟᱠᱟᱫᱟ, ᱢᱮᱱᱠᱷᱟᱱ ᱦᱚᱲᱢᱚ ᱛᱚᱨᱚᱡ ᱱᱚᱶᱟ ᱠᱚ ᱵᱟᱭ ᱴᱷᱟᱹᱣᱠᱟᱹᱭᱟ ᱡᱮᱢᱚᱱ ᱨᱚᱝ ᱯᱮ-ᱰᱟᱭᱢᱮᱱᱥᱚᱱᱟᱞ ᱟᱨᱮᱸᱡᱽᱢᱮᱸᱴ᱾
यह स्वादिष्ट और जानी - मानी व्यंजन बनाने के लिए बनाया जाता है ।	ᱢᱚᱥᱞᱟ ᱢᱮᱥᱟᱞ ᱟᱹᱞᱩ, ᱵᱮᱥᱚᱱ ᱨᱮ ᱪᱟᱰᱳ ᱠᱟᱛᱮᱜ ᱟᱨ ᱟᱹᱰᱤ ᱟᱸᱴ ᱵᱷᱟᱡᱟ ᱢᱚᱦᱟᱨᱟᱥᱴᱨᱚ ᱨᱮᱭᱟᱜ ᱱᱚᱣᱟ ᱥᱤᱵᱤᱞ ᱟᱨ ᱧᱩᱛᱩᱢᱟᱱ ᱡᱚᱢᱟᱜ ᱠᱷᱚᱱ ᱯᱮᱨᱮᱡ ᱯᱩᱨᱩᱱᱟ ᱾
यह पुराने और ऐतिहासिक पंजाबी शहर लाहौर में स्थित है।	ᱱᱚᱶᱟ ᱫᱚ ᱞᱟᱦᱳᱨ ᱨᱮᱭᱟᱜ ᱢᱟᱨᱮᱱ ᱟᱨ ᱱᱟᱜᱟᱢᱤᱭᱟᱹ ᱯᱟᱧᱡᱟᱵᱤ ᱥᱟᱦᱟᱨ ᱨᱮ ᱢᱮᱱᱟᱜᱼᱟ ᱾
ईंटों को कठोरता और कठोरता के लिए परीक्षण किया जाना चाहिए इससे पहले कि वे उपयोग में लिया जाता है.	ᱤᱴᱟᱹ ᱠᱚᱫᱚ ᱜᱟᱹᱛᱷᱱᱤ ᱨᱮ ᱵᱮᱣᱦᱟᱨ ᱞᱟᱦᱟᱨᱮ ᱚᱱᱟ ᱨᱮᱭᱟᱜ ᱠᱮᱴᱮᱡ ᱟᱨ ᱛᱷᱟᱹᱭᱤᱛ ᱵᱮᱰᱟᱹᱣ ᱞᱟᱹᱠᱛᱤ ᱠᱟᱱᱟ ᱾
लेकिन उचित 'डेटा प्रकार' के उपयोग का कोई कठोर प्रवर्तन नहीं है।	ᱢᱮᱱᱠᱷᱟᱱ ᱡᱚᱛᱷᱟᱛ "ᱰᱮᱴᱟ ᱴᱟᱭᱤᱯ" ᱵᱮᱵᱚᱦᱟᱨ ᱨᱮᱭᱟᱜ ᱡᱟᱦᱟᱱ ᱠᱮᱴᱮᱡ ᱞᱟᱜᱟᱣ ᱵᱟᱹᱱᱩᱜᱼᱟ ᱾
लेकिन पक्षियों के बारे में बहुत सारी बातें हैं जो अभी भी एक गनोसर की तरह लग रही हैं.	ᱛᱚᱵᱮ ᱪᱮᱸᱬᱮ ᱠᱚ ᱵᱟᱵᱚᱛ ᱱᱚᱝᱠᱟᱱ ᱟᱭᱢᱟ ᱡᱤᱱᱤᱥ ᱢᱮᱱᱟᱜᱼᱟ ᱡᱟᱦᱟᱸ ᱫᱚ ᱰᱟᱭᱱᱮᱥᱚᱨ ᱞᱮᱠᱟ ᱧᱮᱞᱚᱜᱼᱟ᱾
ᱟᱭᱢᱟ ᱥᱟᱨᱦᱟᱣ	बहुत बहुत धन्यवाद
लोग देवताओं और याजकों को बलि चढ़ाने के लिए रस्मों - रिवाज़ और त्योहारों के ज़रिए परमेश्‍वर की ज़रूरतों को पूरा करने की कोशिश करते ।	ᱦᱚᱲ ᱠᱚ ᱫᱷᱚᱨᱢᱚ ᱞᱟᱹᱜᱤᱫ ᱠᱚ ᱫᱟᱱ ᱮᱫ ᱛᱟᱦᱮᱱᱟ ᱟᱨ ᱯᱩᱡᱟᱨᱤ ᱠᱚ ᱟᱨ ᱯᱚᱨᱚᱵ ᱠᱚ ᱦᱚᱛᱮᱛᱮ ᱫᱷᱚᱨᱢᱚ ᱠᱚᱣᱟᱜ ᱞᱟᱹᱠᱤᱭᱟᱱ ᱠᱚ ᱯᱩᱨᱟᱹᱣ ᱨᱮᱱᱟᱜ ᱠᱚ ᱨᱤᱠᱟᱹ ᱮᱫ ᱛᱟᱦᱮᱱᱟ᱾
उनके परिवार ने उनके संगीत अध्ययन का समर्थन किया, और वह 1877 में पेरिस चले गए।	ᱩᱱᱤ ᱫᱚ ᱟᱭᱢᱟ ᱟᱫᱟᱞᱚᱛ ᱨᱮᱭᱟᱜ ᱞᱟᱹᱲᱦᱟᱹᱭ ᱟᱨ ᱱᱟᱥᱮᱱᱟᱜ ᱡᱤᱛᱠᱟᱹᱨ ᱛᱟᱭᱚᱢ  ᱒᱐᱑᱖ ᱥᱟᱞ ᱨᱮᱭᱟᱜ ᱵᱟᱪᱷᱱᱟᱣ ᱨᱮᱭ ᱡᱤᱛᱠᱟᱹᱨ ᱞᱮᱱᱟ ᱾
जब मशीन सीखने की तकनीक को शुरू - शुरू में नए अनुप्रयोगों या उद्योग में इस्तेमाल किया जाता है, तब अकसर पारंपरिक प्रक्रियाओं को लागू करने के लिए पर्याप्त प्रशिक्षण डेटा उपलब्ध नहीं होता ।	ᱱᱟᱣᱟ ᱮᱯᱞᱤᱠᱮᱥᱚᱱ ᱥᱮ ᱵᱤᱨᱤᱫᱠᱟᱨᱤ ᱠᱷᱮᱛᱨᱚᱨᱮ ᱮᱛᱚᱦᱚᱵᱞᱮᱠᱟᱛᱮ ᱡᱚᱠᱷᱚᱱ ᱢᱮᱥᱤᱱ ᱞᱟᱨᱱᱤᱝ ᱠᱟᱹᱨᱤ ᱵᱮᱵᱚᱦᱟᱨ ᱦᱩᱭᱞᱮᱱᱠᱷᱟᱱ ᱛᱚᱠᱷᱚᱱ ᱡᱟᱹᱥᱛᱤᱠᱟᱭ ᱚᱠᱛᱚᱜᱤ ᱵᱩᱱᱤᱭᱟᱹᱫᱤ ᱦᱚᱨᱟᱨᱮ ᱞᱟᱜᱟᱜᱽᱞᱮᱠᱟᱱ ᱡᱚᱛᱷᱟᱛ ᱥᱮᱪᱮᱫ ᱛᱮᱛᱮᱫ ᱵᱟᱝ ᱧᱟᱢᱚᱜᱠᱟᱱᱟ ᱾
सदर्न पैसिफिक रेलरोड बाद में यूनियन पैसिफिक में विलय हो गई।	ᱫᱚᱠᱠᱷᱤᱱ ᱯᱨᱚᱥᱟᱱᱛᱚ ᱢᱟᱦᱟ ᱥᱟᱹᱢᱩᱫ ᱥᱮᱫᱟᱜ ᱨᱮᱞ ᱰᱟᱦᱟᱨ ᱫᱚ ᱛᱟᱭᱚᱢᱛᱮ ᱤᱭᱩᱱᱤᱭᱚᱱ ᱯᱨᱚᱥᱟᱱᱛᱚ ᱢᱟᱦᱟ ᱥᱟᱹᱢᱩᱫ ᱨᱮ ᱢᱮᱥᱟ ᱟᱠᱟᱱᱟ ᱾
बाद में, एम / के साथ एक समझौता किया गया ।	ᱛᱟᱭᱚᱢᱛᱮ, ᱮᱢ/ᱮᱥ ᱥᱟᱶᱛᱮ ᱢᱤᱫ ᱪᱩᱠᱛᱤ ᱥᱩᱦᱤ ᱦᱩᱭᱮᱱᱟ ᱮᱭᱤᱪᱮᱞᱮᱞ ᱒᱒ ᱢᱟᱨᱪ, ᱑᱙᱙᱗ ᱠᱷᱚᱱ ᱠᱟᱹᱢᱤᱞᱟᱹᱜᱩ ᱞᱮᱱᱟ ᱾
अब, सेना के अलग - अलग चक्कर, विमान, और वायु सेना के अलग - अलग दल, और साथ ही उनके दलों के साथ, राज पथों के साथ राजस्वीहर से जा रहे हैं ।	ᱱᱤᱛ, ᱥᱮᱱᱟᱯᱷᱟᱹᱫ, ᱫᱟᱜᱽᱯᱷᱟᱹᱫ ᱟᱨ ᱦᱚᱭᱯᱷᱟᱹᱫ ᱨᱮᱱ ᱵᱮᱜᱟᱨ ᱵᱮᱜᱟᱨ ᱨᱮᱡᱤᱢᱮᱱᱴ ᱟᱨ ᱚᱱᱟ ᱥᱟᱶᱛᱮ ᱩᱝᱠᱩᱣᱟᱜ ᱵᱮᱱᱰ, ᱨᱟᱥᱴᱨᱚᱯᱚᱛᱤᱵᱷᱚᱵᱚᱱ ᱠᱷᱚᱱ ᱨᱟᱡᱦᱚᱨ ᱞᱮᱠᱟᱛᱮ ᱯᱮᱨᱮᱰᱠᱟᱛᱮᱠᱩ ᱪᱟᱞᱟᱜᱽᱠᱟᱱᱟ ᱾
मेरे पास पाँच अंडा हैं।	ᱤᱧ ᱴᱷᱮᱱ ᱢᱚᱬᱮ ᱜᱚᱴᱟᱝ ᱟᱱᱫᱟ ᱢᱮᱱᱟᱜᱼᱟ ᱠᱚᱣᱟ।
हमारे पास भी एक दुखद बातचीत है.	ᱟᱞᱮᱭᱟᱜᱫᱚ ᱰᱟᱭᱟᱵᱮᱴᱤᱪ ᱦᱚᱲ ᱠᱩᱥᱤᱭᱟᱜ ᱞᱮᱠᱟᱱ ᱢᱮᱱᱩᱦᱚᱸ ᱢᱮᱱᱟᱜᱼᱟ ᱾
वह सबसे अच्छी बात यह है कि इन फिल्मों को बड़े पैमाने पर पेश किया जाता है ।	ᱚᱢᱚᱞ ᱯᱟᱞᱮᱠᱚᱨ ᱟᱨ ᱡᱟᱨᱤᱱᱟ ᱳᱭᱟᱦᱟᱵ ᱫᱟᱨᱟᱭ ᱛᱮ ᱥᱟᱯᱲᱟᱣ ᱟᱠᱟᱱ ᱜᱷᱚᱨᱚᱱᱫᱟ(᱑᱙᱗᱗), ᱟᱨ ᱥᱚᱨᱢᱤᱞᱟ ᱴᱷᱟᱠᱩᱨ ᱟᱨ ᱩᱛᱛᱚᱢ ᱠᱩᱢᱟᱨ ᱫᱟᱨᱟᱭ ᱛᱮ ᱥᱟᱯᱲᱟᱣ ᱟᱠᱟᱱ ᱫᱩᱨᱤᱭᱟ (᱑᱙᱗᱙) ᱱᱚᱶᱟ ᱞᱮᱠᱟᱱ ᱚᱠᱛᱟᱠᱤᱭᱟᱹ ᱫᱟᱨᱟᱭᱛᱮ ᱟᱹᱰᱤ ᱰᱷᱮᱨ ᱢᱟᱱᱚᱛᱟᱱ ᱪᱚᱞᱚᱛᱪᱤᱛᱟᱹᱨ ᱠᱚ ᱪᱟᱪᱟᱞᱟᱣ ᱞᱟᱹᱜᱤᱫ ᱩᱱᱤ ᱰᱷᱮᱨᱜᱟᱱ ᱩᱯᱩᱨᱩᱢᱟᱱ ᱾
मैंने 2 किलो आलू मांगे थे लेकिन आपने मुझे केवल एक दिया! क्या आप मुझे धोखा देने की कोशिश कर रहे हैं?	ᱤᱧ ᱒ ᱠᱮᱡᱤ ᱟᱹᱞᱩᱧ ᱠᱷᱚᱡ ᱞᱮᱱᱟ ᱢᱮᱱᱠᱷᱟᱱ ᱟᱢ ᱫᱚ ᱤᱧ ᱮᱠᱮᱱ ᱢᱤᱫᱴᱟᱝᱧᱮᱢ ᱮᱢᱟᱠᱟᱫᱤᱧᱟ ! ᱟᱢ ᱫᱚ ᱪᱮᱫ ᱤᱧᱮᱢ ᱮᱲᱮᱭᱤᱫᱤᱧ ᱠᱟᱱᱟ ?
जब बच्चे सिर्फ सुनने के बजाय ध्यान से सुनना सीखते हैं,	ᱡᱟᱦᱟᱸᱛᱮ ᱞᱮᱴᱠᱟ ᱠᱚ ᱫᱚ ᱟᱸᱡᱚᱢ ᱠᱷᱚᱱ ᱢᱚᱱ ᱞᱟᱜᱟᱣ ᱠᱟᱛᱮ ᱟᱸᱡᱚᱢ ᱠᱚ ᱪᱮᱫᱼᱟ ,
आपके बारे में क्या; क्या आप संगीत का अभ्यास कर रहे हैं?	ᱟᱢᱟᱜ ᱠᱷᱚᱵᱚᱨ ᱫᱚ ᱪᱮᱫ ; ᱟᱢᱟᱜ ᱥᱮᱨᱮᱧ ᱮᱢ ᱦᱮᱣᱟᱭᱮᱫᱟ ?
यह बहुत अच्छा लगता है!	ᱥᱟᱹᱨᱤᱜᱮ ᱵᱷᱟᱜᱮ ᱵᱩᱡᱷᱟᱹᱜ ᱠᱟᱱᱟ !
आज, वेश्‍या एक गरीब शहर है, हालाँकि उसकी प्रतिष्ठा उसे एक पर्यटक आकर्षण बनाती है, और उसका हवाई अड्डे है ।	ᱛᱮᱦᱮᱸᱧ, ᱴᱤᱢᱵᱩᱠᱴᱩ ᱫᱚ ᱢᱤᱫᱴᱟᱹᱝ ᱨᱮᱝᱜᱮᱡ ᱥᱚᱦᱚᱨ ᱠᱟᱱᱟ, ᱢᱮᱱᱠᱷᱟᱱ  ᱱᱚᱶᱟ ᱨᱮᱭᱟᱜ ᱯᱨᱚᱛᱷᱤᱥᱴᱟᱹ ᱱᱚᱶᱟ ᱫᱚ ᱢᱤᱫᱴᱟᱹᱝ ᱯᱚᱨᱭᱚᱴᱚᱱ ᱟᱴᱨᱟᱠᱥᱚᱱ ᱛᱮᱭᱟᱨ ᱮ ᱠᱟᱱᱟᱭ, ᱟᱨ ᱱᱚᱶᱟ ᱨᱮ ᱢᱤᱫᱴᱟᱹᱝ ᱩᱰᱟᱹᱱ ᱜᱷᱟᱹᱴᱤ ᱦᱚᱸ ᱢᱮᱱᱟᱜᱼᱟ᱾
अल्केस्टिस प्राचीन ग्रीस में लिखी गई एक दुखद कहानी है।	ᱠᱚᱝᱜᱨᱮᱥᱚᱱᱟᱞ ᱨᱤᱯᱟᱵᱞᱤᱠᱟᱱ ᱟᱨ ᱠᱟᱹᱢᱤᱭᱟᱹ ᱤᱭᱩᱱᱤᱭᱚᱱ ᱫᱚ ᱮᱛᱚᱦᱚᱵᱞᱮᱠᱟᱛᱮ ᱩᱱᱤ ᱪᱟᱠᱨᱤ ᱮᱢ ᱨᱮᱭᱟᱜ ᱠᱚ ᱵᱤᱨᱩᱫ ᱞᱮᱫᱟ ᱾
क्या यह दुनिया के सबसे पुराने संग्रहालयों में से एक है?	ᱟᱹᱰᱤ ᱢᱚᱡ ! ᱱᱚᱶᱟᱫᱚ ᱪᱮᱫ ᱫᱷᱟᱹᱨᱛᱤ ᱨᱮᱭᱟᱜ ᱡᱚᱛᱚᱠᱷᱚᱱ ᱢᱟᱨᱮᱱ ᱡᱟᱹᱫᱩᱚᱲᱟᱜ ᱠᱟᱱᱟ ?
उसे बाहर की दुनिया और इसके आनन्द को देखने की ज़रूरत है ।	ᱩᱱᱤ ᱫᱚ ᱵᱟᱨᱦᱮ ᱨᱮᱭᱟᱜ ᱡᱮᱜᱮᱫ ᱟᱨ ᱚᱱᱟ ᱨᱮᱭᱟᱜ ᱨᱟᱹᱥᱠᱟᱹᱭ ᱧᱮᱞ ᱢᱟ ᱾
अब मैं यहाँ रह रहा है कि 5 साल हो गया है.	ᱤᱧ ᱱᱚᱸᱰᱮᱧ ᱜᱟᱹᱨᱟᱹᱵᱟᱥᱚᱜ ᱠᱟᱱᱟ ᱱᱮᱛᱚᱜ ᱕ ᱥᱮᱨᱢᱟ ᱦᱩᱭ ᱟᱠᱟᱱᱟ ᱾
इसका क्षेत्रफल इतना है, जो देश में पांचवां सबसे बड़ा है।	ᱱᱚᱣᱟ ᱨᱮᱱᱟᱜ ᱫᱚ ᱫᱤᱥᱚᱢ ᱨᱮᱭᱟᱜ ᱢᱚᱸᱲᱮᱭᱟᱱᱟᱜ ᱢᱟᱨᱟᱝ ᱩᱛᱟᱹᱨ ᱴᱚᱴᱷᱟ ᱢᱮᱱᱟᱜᱼᱟ ᱾
अब मैं समझ गया.	ᱤᱧ ᱱᱤᱛ ᱜᱮ ᱱᱚᱶᱟ ᱧᱟᱢ ᱠᱮᱫᱟ ᱾
तो मैंने Paraman से कहा कि Paraka Kaka Cudin की दुकान को ड्राइव करें।	ᱚᱱᱟᱛᱮ ᱤᱧ ᱜᱟᱹᱰᱤ ᱪᱟᱹᱞᱣᱟᱣᱤᱡ ᱢᱚᱦᱢᱚᱫ ᱠᱟᱥᱟᱢ ᱠᱟᱢᱨᱩᱫᱫᱤᱱᱟᱜ ᱫᱚᱠᱟᱱ ᱴᱷᱮᱱ ᱤᱫᱤᱭᱤᱧ ᱢᱮᱛᱟᱫᱤᱭᱟ ᱾
मैं वहां नहीं आ रहा हूँ क्योंकि मुझे उस इलाके से डर लगता है जहाँ आप जाना चाहते हैं। मैं पहले ही वहां दो बार लूटा जा चुका हूँ।	ᱤᱧ ᱚᱰᱮ ᱵᱟᱹᱧ ᱪᱟᱞᱟᱜ ᱠᱟᱱᱟ ᱚᱡᱮ ᱫᱚ ᱟᱢ ᱡᱟᱦᱟᱸ ᱡᱟᱭᱜᱟ ᱪᱟᱞᱟᱜ ᱮᱢ ᱠᱷᱚᱡ ᱠᱟᱱᱟ ᱚᱱᱟ ᱤᱧ ᱵᱚᱛᱚᱨᱟᱜᱼᱟ ᱾ ᱟᱨ ᱤᱧ ᱱᱤᱛ ᱦᱟᱹᱵᱤᱡᱛᱮ ᱚᱰᱮ ᱵᱟᱨ ᱫᱷᱟᱣ ᱤᱧ ᱞᱩᱴ ᱟᱠᱟᱫᱟ ᱾
इस बहस पर बहस जाग गई, राहत और नवीकरण पर खर्च किया गया ... ... ... जो कुछ Faconsesssemody कहा गया है "एक नया पारा डील"।	ᱦᱟᱭ ᱠᱮᱴᱨᱤᱱᱟ ᱨᱮᱭᱟᱜ ᱨᱩᱠᱷᱤᱭᱟᱹ ᱟᱨ ᱫᱩᱦᱲᱟᱹ ᱛᱮᱭᱟᱨ ᱚᱲᱟᱜ ᱪᱮᱛᱟᱱ ᱨᱮᱭᱟᱜ ᱠᱷᱚᱨᱚᱪ ᱪᱮᱛᱟᱱ ᱨᱮ ᱟᱹᱰᱤ ᱢᱟᱨᱟᱝ ᱠᱟᱛᱷᱟ ᱪᱟᱞᱟᱣ ᱮᱱᱟ; ᱡᱮᱞᱠᱟ ᱨᱟᱡᱽᱠᱚᱥᱤ ᱨᱩᱰᱷᱤᱣᱟᱫᱤ ᱫᱚ ᱵᱤᱵᱟᱫᱤᱭᱟᱹ ᱫᱷᱟᱨᱟ ᱛᱮ "ᱵᱤᱴᱩᱥ ᱱᱤᱭᱩ ᱚᱨᱞᱤᱱᱥ ᱰᱮᱞ" ᱢᱮᱱᱛᱮ ᱠᱚ ᱠᱚᱨᱟᱣᱟ ᱫᱮᱭᱟ᱾
यह एक खूबसूरत दिन है।	ᱱᱚᱶᱟ ᱫᱚ ᱢᱤᱫᱴᱟᱝ ᱱᱟᱯᱟᱭ ᱫᱤᱱ ᱠᱟᱱᱟ ᱾
मैं आप 10 दिनों के लिए एक छुट्टी ले रहे थे सोचा.	ᱤᱧᱤᱧ ᱢᱚᱱᱮ ᱞᱮᱫᱟ ᱟᱢᱮᱢ ᱢᱮᱱ ᱞᱮᱫᱟ ᱡᱮ ᱟᱢ ᱑᱐ ᱫᱤᱱ ᱞᱟᱹᱜᱤᱫ ᱪᱷᱩᱴᱤᱢ ᱦᱟᱛᱟᱣ ᱮᱫᱟ ᱾
बैंक्स एक क्रेडिट कार्ड खाते की रिपोर्ट देंगे जो क्रेडिट कार्ड कंपनियों (CICP) के नाम से लिया गया है या जिसके आरोपों को लाभ पहुँचाता है ।	ᱠᱨᱮᱰᱤᱴ ᱤᱱᱯᱷᱚᱨᱢᱮᱥᱚᱱ ᱠᱚᱢᱯᱟᱱᱤ (ᱥᱤᱟᱭᱥᱤᱮᱥ) ᱥᱮ ᱠᱷᱟᱡᱱᱟ ᱥᱟᱹᱥᱛᱤ ᱫᱟᱢ ᱞᱟᱜᱟᱜ ᱞᱟᱹᱜᱤᱫ ᱛᱮ ᱵᱮᱝᱠ ᱠᱩ ᱫᱚ ᱢᱤᱴᱴᱮᱱ ᱠᱨᱮᱰᱤᱴ ᱠᱟᱨᱰ ᱮᱠᱟᱣᱩᱱᱴ ᱢᱟᱨᱮᱱ ᱞᱮᱠᱟᱛᱮ ᱠᱩ ᱨᱤᱯᱳᱴᱟ, ᱵᱤᱞᱚᱢ ᱠᱟᱛᱮ ᱠᱟᱹᱣᱰᱤ ᱮᱢ ᱨᱮᱭᱟᱜ ᱫᱟᱢ, ᱮᱢᱟᱱᱛᱮᱭᱟᱜ ᱡᱚᱫᱤ ᱛᱟᱦᱮᱸᱱᱟ ᱮᱠᱮᱱ ᱛᱚᱠᱷᱚᱱ ᱠᱨᱮᱰᱤᱴ ᱠᱟᱨᱰ ᱮᱠᱟᱣᱩᱱᱴ ᱫᱚ ᱯᱮ ᱫᱤᱱ ᱨᱮᱭᱟᱜ ᱡᱟᱹᱥᱛᱤ ᱢᱩᱪᱟᱹᱫ ᱚᱠᱛᱮ ᱛᱟᱦᱮᱱᱸᱟ ᱾
इक्यावन	ᱢᱚᱬᱮ ᱜᱮᱞ ᱢᱤᱫ
संयुक्‍त राष्ट्र सुरक्षा परिषद्‌ (एस5/1325), स्त्रियों पर, शान्ति, और सुरक्षा द्वारा ३१ अक्टूबर 2000 को संयुक्‍त राष्ट्र सुरक्षा परिषद्‌ ने एकमत किया ।	᱑᱒᱖᱑ (᱑᱙᱙᱙), ᱑᱒᱖᱕ (᱑᱙᱙᱙), ᱑᱒᱙᱖ (᱒᱐᱐᱐) ᱟᱨ ᱑᱓᱑᱔ (᱒᱐᱐᱐)ᱼᱨᱮᱭᱟᱜ ᱴᱷᱟᱹᱣᱠᱟᱹ ᱯᱟᱧᱡᱟᱭ ᱛᱟᱭᱚᱢ, ᱒᱐᱐᱐ ᱥᱟᱞ ᱨᱮᱭᱟᱜ ᱓᱑ ᱚᱠᱴᱚᱵᱚᱨ ᱡᱟᱛᱤᱥᱚᱝᱜᱷᱚ ᱱᱤᱨᱟᱯᱚᱛᱛᱟ ᱯᱚᱨᱤᱥᱚᱫ ᱦᱚᱛᱮᱛᱮ ᱥᱟᱱᱟᱢ ᱠᱩᱣᱟᱜ ᱢᱚᱛᱞᱮᱠᱟᱛᱮ ᱛᱤᱨᱞᱟᱹ, ᱥᱟᱹᱱᱛᱤ ᱟᱨ ᱨᱩᱠᱷᱭᱟᱹ ᱪᱮᱛᱟᱱ ᱡᱟᱛᱤᱥᱚᱝᱜᱷᱚ ᱱᱤᱨᱟᱯᱚᱛᱛᱟ ᱯᱚᱨᱤᱥᱚᱫᱟᱜᱽ ᱑᱓᱒᱕ (ᱮᱥ/ᱟᱨ.ᱤ.ᱮᱥ/᱑᱓᱒᱕) ᱴᱷᱟᱹᱣᱠᱟᱹ ᱦᱟᱛᱟᱣ ᱦᱩᱭᱞᱮᱱᱟ ᱾
यह आप एक बम लागत है.	ᱱᱤᱭᱟᱹ ᱫᱚ ᱟᱢ ᱞᱟᱹᱜᱤᱫ ᱟᱹᱰᱤ ᱡᱟᱹᱥᱛᱤ ᱾
फ़ाइलें विभिन्न प्रकार की होती हैं, उनमें से कुछ को अधिक बार संशोधित किया जाता है।	ᱟᱭᱢᱟ ᱞᱮᱠᱟᱱᱟᱜ ᱯᱷᱟᱭᱤᱞ ᱠᱚ ᱢᱮᱱᱟᱜᱼᱟ, ᱚᱱᱟ ᱠᱚ ᱢᱩᱫᱨᱮ ᱠᱤᱪᱷᱩ ᱫᱚ ᱚᱠᱛᱚ ᱚᱠᱛᱚ ᱨᱮ ᱵᱚᱫᱚᱞ ᱦᱩᱭᱩᱜᱼᱟ ᱾
इस निवेदनक परियोजना के लिए जो उसने अपनी जाँच में मुंबई पुलिस के साथ पूरी तरह सहयोग दिया है, लेकिन यदि सीबीआई द्वारा जाँच की जाए तो कोई आपत्ति नहीं होगी।	ᱟᱨᱫᱟᱥᱟᱹᱱᱤᱡᱼᱟᱜ ᱢᱚᱛᱞᱚᱵ ᱫᱚ ᱩᱱᱤ ᱢᱩᱢᱵᱟᱭ ᱯᱩᱞᱤᱥ ᱩᱝᱠᱩᱣᱟᱜ ᱥᱮᱱᱫᱨᱟ ᱠᱟᱹᱢᱤᱨᱮ ᱯᱩᱨᱟᱹᱜᱮᱭ ᱜᱚᱲᱚᱣᱟᱠᱟᱫ ᱠᱩᱣᱟ ᱢᱮᱱᱠᱷᱟᱱ ᱫᱤᱜᱫᱷᱟᱹ ᱵᱟᱝ ᱛᱟᱦᱮᱸᱠᱚᱜᱼᱟ ᱡᱩᱫᱤ ᱛᱚᱞᱟᱥ ᱫᱚ ᱥᱤᱵᱤᱟᱭ ᱦᱚᱛᱮᱛᱮ ᱦᱩᱭ ᱠᱚᱜᱼᱟ ᱾
दरअसल, अगर एक व्यक्‍ति यह जानता है कि वह अस्तित्व में है, तो भी यह आसानी से मिल सकती है ।	ᱵᱟᱹᱥᱛᱟᱹᱣ ᱨᱮ, ᱱᱚᱶᱟ ᱯᱟᱱᱛᱮ ᱫᱚ ᱩᱱᱟᱹᱜ ᱟᱞᱜᱟ ᱵᱟᱝ ᱠᱟᱱᱟ, ᱛᱤᱱᱟᱹᱜ ᱦᱚᱸ ᱩᱱᱤ ᱵᱟᱲᱟᱭ ᱠᱟᱜ ᱢᱟᱭ ᱚᱱᱟ ᱚᱥᱚᱢᱵᱷᱚᱣ ᱜᱮᱭᱟ᱾ ᱢᱤᱫ ᱡᱮᱠᱷᱟ ᱜᱷᱚᱸᱜᱚᱨ ᱵᱷᱤᱛᱨᱭ ᱨᱮ, ᱱᱟᱶᱟ ᱫᱚ ᱢᱤᱫᱴᱟᱹᱝ ᱯᱩᱨᱟᱹ ᱚᱞᱜᱟᱣ ᱠᱟᱱᱟ᱾
मैं सबूतों की जांच कर रहा था और मुझे कुछ ऐसा मिला जो हमसे छूट गया था।	ᱤᱧ ᱥᱟᱹᱵᱩᱫᱽ ᱤᱧ ᱧᱮᱞᱮᱫ ᱛᱟᱦᱮᱸ ᱟᱨ ᱟᱞᱮ ᱠᱤᱪᱷᱩ ᱞᱮ ᱢᱤᱥ ᱟᱠᱟᱫᱟ ᱾
सफ़री ओवरसियरों ने अकसर विशिष्ट होटलों के साथ व्यवहार किया है, हालाँकि आप शायद दूसरे प्रकार की बस्ती, एक यात्रा एजेंट के माध्यम से, छावनी के आधार की तरह अन्य प्रकार पुस्तक पढ़ सकते हैं ।	ᱴᱨᱮᱵᱷᱟᱞ ᱮᱡᱮᱱᱴ ᱨᱮ ᱚᱱᱠᱟ ᱵᱤᱥᱤᱥᱴ ᱦᱚᱴᱚᱞ ᱠᱷᱚᱱ ᱥᱟᱹᱜᱟᱹᱭ ᱛᱟᱦᱮᱱ ᱠᱟᱱᱟ, ᱦᱚᱭ ᱛᱚ ᱟᱢ ᱴᱨᱮᱵᱷᱟᱞ ᱮᱡᱮᱱᱴ ᱨᱮᱱᱟᱜ ᱢᱟᱫᱷᱭᱚᱢ ᱠᱷᱚᱱ ᱠᱮᱭᱢᱯᱤᱝ ᱜᱽᱨᱟᱣᱩᱱᱰ ᱞᱮᱠᱟᱱ ᱚᱲᱟᱜ ᱨᱮᱱᱟᱜ ᱟᱭᱢᱟ ᱨᱩᱯ ᱛᱮ ᱵᱩᱠ ᱞᱟᱹᱜᱤᱫ ᱥᱟᱢᱵᱷᱟᱣ ᱦᱩᱭ ᱫᱟᱲᱮᱭᱟᱜᱼᱟ᱾
भाइयों को एक - दूसरे से गहरा लगाव था ।	ᱵᱚᱠᱚᱛ ᱛᱮᱫ ᱠᱚᱫᱚ ᱟᱠᱚ ᱟᱠᱚ ᱛᱟᱞᱟᱨᱮ ᱜᱟᱦᱤᱨ ᱥᱮᱞᱮᱫ ᱠᱚ ᱛᱟᱦᱮᱸ ᱠᱟᱱᱟ ᱾
उसने अपने पिता को धोखा दिया था, इसलिए उसे डर था कि उसकी संतान भी ऐसा ही करेगी ।	ᱠᱨᱳᱱᱟᱥ ᱫᱚ ᱟᱡᱽᱵᱟᱵᱟ ᱥᱟᱶ ᱯᱟᱹᱛᱭᱟᱹᱣᱵᱷᱟᱸᱜᱚᱲ ᱨᱮᱭᱟᱜᱽᱮ ᱠᱟᱹᱢᱤᱞᱮᱫᱟ ᱟᱨ ᱩᱱᱤᱨᱮᱱ ᱦᱚᱯᱚᱱ ᱦᱚᱸ ᱚᱱᱟ ᱢᱤᱫᱽ ᱠᱟᱹᱢᱤᱜᱤᱭ ᱠᱟᱹᱢᱤᱭᱟ ᱱᱤᱭᱟᱹ ᱵᱚᱛᱚᱨᱛᱮ ᱩᱱᱤ ᱫᱚ ᱨᱤᱭᱟᱨᱮᱱ ᱡᱚᱛᱚ ᱜᱤᱫᱨᱟᱹᱠᱩ ᱡᱟᱱᱟᱢᱚᱜᱽ ᱥᱟᱶ ᱥᱟᱶᱛᱮ ᱨᱮᱡᱽᱠᱟᱛᱮᱭ ᱡᱚᱢᱮᱫᱽᱠᱩ ᱛᱟᱦᱮᱸᱠᱟᱱᱟ ᱾
ठीक है, अब मुझे बताओ क्या फिल्म आप के लिए जाना चाहते हैं?	ᱴᱷᱤᱠᱜᱮᱭᱟ, ᱱᱤᱛᱚᱜ ᱞᱟᱹᱭᱢᱮ ᱟᱢ ᱫᱚ ᱚᱠᱟᱴᱟᱜᱽ ᱥᱤᱱᱟᱹᱢᱟ ᱧᱮᱞ ᱪᱟᱞᱟᱜᱮᱢ ᱠᱷᱚᱡᱚᱜᱽᱠᱟᱱᱟ ?
मुझे इस बात से चिढ़ होती है कि कुछ भारतीय हमारी सेना की आलोचना करते हैं।	ᱱᱚᱶᱟ ᱤᱧᱮ ᱟᱹᱲᱤᱥ ᱦᱚᱪᱚᱧᱟ ᱡᱮ ᱠᱤᱪᱷᱩ ᱵᱷᱟᱨᱚᱛᱤᱭᱟᱹ  ᱢᱮᱱᱟᱜ ᱠᱚᱣᱟ ᱡᱟᱦᱟᱸᱭ ᱫᱚ ᱟᱵᱚᱨᱮᱱ ᱥᱮᱱᱟᱯᱷᱟᱹᱫᱽ ᱨᱮᱭᱟᱜ ᱠᱚ ᱚᱠᱛᱟᱭᱟ
गिनती: दस।	ᱞᱮᱠᱷᱟ: ᱜᱮᱞ।
मेइजी काल में, जापान के प्रांतों को प्रान्तों (prefectures) में बदल दिया गया था।	ᱢᱮᱭᱡᱤ ᱡᱩᱜ ᱨᱮ, ᱡᱟᱯᱟᱱ ᱨᱮᱭᱟᱜ ᱯᱨᱚᱫᱮᱥᱠᱚᱨᱮ ᱯᱨᱤᱯᱷᱮᱠᱪᱟᱨ ᱨᱮ ᱩᱪᱟᱹᱲ ᱦᱩᱭ ᱞᱮᱱᱟ ᱾
वह ओक्लाहोमा, इंडियाना और वर्जीनिया के विश्वविद्यालयों में अतिथि व्याख्याता थीं।	ᱩᱱᱤ ᱫᱚ ᱳᱠᱞᱟᱦᱳᱢᱟ, ᱤᱱᱰᱤᱭᱟ ᱟᱨ ᱵᱷᱟᱨᱡᱤᱱᱤᱭᱟ ᱡᱮᱜᱮᱫ ᱵᱤᱨᱫᱟᱹᱜᱟᱲ ᱨᱮᱱ ᱜᱮᱥᱴ ᱞᱮᱠᱪᱟᱨᱟᱨ ᱮ ᱛᱟᱦᱮᱸ ᱠᱟᱱᱟ ᱾
दिसंबर 2000 में नॉगेलैंड की सरकार ने दुबारा चुना ताकि आपसी रिश्‍ते को बढ़ावा दे और राज्य की सांस्कृतिक विरासत को बढ़ावा दे सके ।	ᱡᱮᱜᱮᱫᱡᱟᱠᱟᱫ ᱟᱱᱟᱜ ᱢᱤᱛᱷᱚᱥᱠᱨᱤᱭᱟ ᱩᱫᱜᱟᱹᱣ ᱞᱟᱹᱜᱤᱫ ᱟᱨ ᱯᱚᱱᱚᱛ ᱨᱮᱭᱟᱜ ᱞᱟᱠᱪᱟᱨ ᱥᱮᱨᱶᱟ ᱯᱨᱚᱪᱟᱨ ᱨᱮ ᱒᱐᱐᱐ ᱥᱟᱹᱦᱤᱛ ᱨᱮᱭᱟᱜ ᱱᱟᱜᱟᱞᱮᱱᱰ ᱥᱚᱨᱠᱟᱨ ᱫᱟᱨᱟᱭ ᱛᱮ ᱦᱚᱱᱵᱤᱞ ᱯᱚᱨᱚᱵᱽ ᱮᱛᱚᱦᱚᱵ ᱠᱚᱨᱟᱣ ᱦᱩᱭ ᱞᱮᱱᱟ ᱾
1 दिसंबर 1859 को, कार्नेगी आधिकारिक तौर पर पश्चिमी डिवीजन के अधीक्षक बने।	᱑ ᱰᱤᱥᱮᱢᱵᱚᱨ, ᱑᱘᱕᱙ ᱢᱟᱹᱦᱤᱛ ᱨᱮ, ᱠᱟᱨᱱᱮᱜᱤ ᱫᱚ ᱟᱠᱷᱲᱟ ᱞᱮᱠᱟᱛᱮ ᱯᱚᱥᱪᱷᱤᱢ ᱛᱷᱚᱱᱚᱛ ᱨᱮᱱ ᱥᱩᱯᱟᱨᱤᱱᱴᱮᱱᱰᱮᱱᱴ ᱮ ᱦᱩᱭ ᱞᱮᱱᱟ ᱾
एकारोलॉजी (Acarology): एकारोलॉजी घुन (माइट्स) और किलनी (टिक्स) का अध्ययन है।	ᱮᱠᱟᱨᱳᱞᱡᱤ ᱫᱚ ᱦᱩᱭᱩᱜ ᱠᱟᱱᱟ ᱢᱟᱭᱤᱴ ᱟᱨ ᱴᱤᱠᱥ ᱨᱮᱭᱟᱜ ᱯᱚᱯᱚᱲᱦᱚᱱ ᱾
ठीक है, अलविदा!	ᱴᱷᱤᱠ ᱜᱮᱭᱟ, ᱵᱤᱫᱟᱹᱭ
इस कानून का लोगों पर बहुत बड़ा असर हुआ ।	ᱱᱟᱜᱚᱨᱤᱭᱟᱹ ᱠᱚᱣᱟᱜ ᱰᱤᱡᱤᱴᱟᱞ ᱱᱚᱡᱚᱨᱫᱟᱨᱤ ᱟᱶᱛᱟᱨᱮ ᱫᱚᱦᱚᱭ ᱟᱨ ᱨᱚᱲ ᱨᱮᱭᱟᱜ ᱯᱷᱩᱨᱜᱟᱹᱞ ᱟᱹᱰᱤ ᱥᱤᱢᱟᱹᱟᱱᱟᱜ ᱟᱨᱳᱯ ᱛᱟᱞᱟᱛᱮ ᱦᱚᱲᱟᱜᱟᱹᱭᱫᱟᱹᱨ ᱢᱟᱞᱚᱴ ᱠᱟᱨᱚᱱᱛᱮ ᱟᱭᱴᱤ ᱜᱩᱥᱴᱤ ᱫᱟᱨᱟᱭᱛᱮ ᱟᱹᱰᱤᱰᱷᱮᱨ ᱚᱠᱛᱟ ᱦᱩᱭ ᱟᱠᱟᱱᱟ ᱟᱹᱱᱫᱚ ᱾
जलरेखा के नीचे के पहले पांच डिब्बे फट गए हैं।	ᱯᱳᱭᱞᱳ ᱨᱮᱭᱟᱜ ᱢᱚᱬᱮ ᱜᱚᱴᱟᱝ ᱵᱩᱜᱤ ᱫᱚ ᱫᱟᱜ ᱞᱟᱛᱟᱨ ᱨᱮ ᱛᱚᱯᱟᱜ ᱧᱩᱨ ᱟᱠᱟᱱᱟ ᱾
इस गाँव में एक महामारी फैली, और मुझे अश्‍शूर के बच्चों की सुरक्षा का प्रत्यक्ष ख़तरा नज़र आया ।	ᱱᱤᱭᱟᱹ ᱟᱛᱩ ᱨᱮ ᱯᱞᱮᱜᱽ ᱫᱚ ᱩᱯᱟᱹᱞᱟᱠᱟᱱᱟ, ᱟᱨ ᱟᱥᱨᱚᱢ ᱜᱤᱫᱽᱨᱟᱹ ᱠᱩ ᱨᱩᱠᱷᱭᱟᱹᱭ ᱨᱮ ᱤᱧ ᱫᱚ ᱯᱩᱥᱴᱟᱹᱣ ᱵᱟᱹᱲᱤᱡᱽᱼᱟᱜᱤᱧ ᱧᱮᱞᱧᱟᱢᱮᱫᱟ ᱾
इसकी विशेषता यह है कि यह पेशेवरों और आम जनता दोनों के लिए खुला है।	ᱱᱚᱶᱟ ᱫᱚ ᱢᱳᱣᱞᱟᱱ ᱡᱤᱵᱠᱟᱹᱣᱟᱱ ᱟᱨ ᱥᱟᱫᱷᱟᱨᱚᱱ ᱫᱤᱥᱩᱣᱟᱹ ᱠᱚ ᱞᱟᱹᱜᱤᱫ ᱪᱷᱟᱹᱲ ᱢᱮᱱᱟᱜᱼᱟ ᱾
वे ताज़ा पानी और आपूर्ति जुटाने के लिए एक द्वीप पर रुके थे।	ᱩᱱᱠᱩ ᱫᱚ ᱥᱟᱯᱟ ᱫᱟᱜ ᱟᱨ ᱥᱟᱨᱵᱷᱟᱨ ᱫᱚᱲᱦᱟ ᱛᱮ ᱟᱹᱨᱩᱭ ᱞᱟᱹᱜᱤᱫ ᱢᱤᱫᱴᱟᱝ ᱫᱷᱤᱯ ᱨᱮᱠᱚ ᱛᱤᱜᱩ ᱞᱮᱱᱟ ᱾
उन लोगों में से बहुत सारे शीर्षक हैं.	ᱩᱱᱠᱩ ᱦᱚᱲᱦᱚᱸ ᱟᱭᱢᱟ ᱩᱯᱨᱩᱢ ᱠᱚ ᱧᱟᱢ ᱟᱠᱟᱫᱟ ᱾
मैंने एचआर मैनेजर से अपने वेतन में वृद्धि के लिए कहा लेकिन उसने मना कर दिया।	ᱤᱧ ᱫᱚ ᱮᱭᱤᱪ ᱟᱨ ᱢᱮᱱᱮᱡᱟᱨ ᱤᱧᱟᱹᱜ ᱫᱟᱨᱢᱟᱦᱟ ᱵᱟᱲᱦᱟᱣ ᱞᱟᱹᱜᱤᱫᱤᱧ ᱢᱮᱛᱟᱫᱮ ᱛᱟᱦᱮᱸ ᱠᱟᱱᱟ ᱢᱮᱱᱠᱷᱟᱱ ᱩᱱᱤ ᱫᱚ ᱚᱱᱟ ᱵᱟᱭ ᱟᱸᱡᱚᱢ ᱞᱮᱫ ᱛᱤᱧᱟ ᱾
मैंने वॉटर फिल्टर के लिए अपना एएमसी (AMC) रिन्यू कराया था लेकिन एक महीने से अधिक समय हो गया है और कोई भी फिल्टर बदलने नहीं आया है (ग्राहक)।	ᱤᱧ ᱫᱟᱜ ᱯᱷᱤᱞᱴᱟᱨ ᱞᱟᱹᱜᱤᱫ ᱤᱧᱟᱹᱜ ᱮ ᱮᱢ ᱥᱤ ᱱᱟᱶᱟᱱ ᱫᱚᱲᱦᱟ ᱞᱤᱫᱟᱹᱧ ᱢᱮᱱᱠᱷᱟᱱ ᱢᱤᱫ ᱪᱟᱸᱫᱳ ᱠᱷᱚᱱ ᱦᱚᱸ ᱰᱷᱮᱨ ᱚᱠᱛᱚ ᱦᱩᱭ ᱟᱠᱟᱱᱟ ᱟᱨ ᱯᱷᱤᱞᱴᱟᱨ ᱠᱚ ᱵᱚᱱᱚᱫᱚᱞ ᱞᱟᱹᱜᱤᱫ ᱚᱠᱚᱭ ᱦᱚᱸ ᱵᱟᱝ ᱠᱚ ᱦᱮᱡ ᱟᱠᱟᱱᱟ (ᱜᱟᱦᱟᱨᱠᱚ) ᱾
एक तारे की रॉस संख्या, जो प्लाविका के प्रवाह से सम्बन्धित है, निर्धारित करने के लिए प्रकाश और घुमाव एक साथ इस्तेमाल किया जाता है.	ᱪᱟᱢᱠᱟᱜ ᱟᱨ ᱜᱷᱩᱨᱱᱟᱱ ᱨᱮᱱᱟᱜ ᱠᱟᱹᱢᱤ ᱢᱤᱫ ᱥᱴᱟᱨ ᱟᱜ ᱱᱤᱨᱫᱷᱟᱨᱟᱱ ᱞᱟᱹᱜᱤᱫ ᱢᱤᱫ ᱫᱷᱟᱣ ᱛᱮ ᱦᱩᱭᱩᱜ ᱠᱟᱱᱟ ᱨᱚᱵᱽᱥᱤ ᱮᱞ, ᱡᱟᱦᱟᱸ ᱫᱚ ᱯᱞᱟᱡᱽᱢᱟ ᱯᱨᱟᱣᱟᱦ ᱥᱟᱶ ᱥᱟᱹᱜᱟᱹᱭ ᱢᱮᱱᱟᱜᱼᱟ᱾
मेरे पास पंद्रह नमक हैं।	ᱤᱧ ᱴᱷᱮᱱ ᱜᱮᱞ ᱢᱚᱬᱮ ᱜᱚᱴᱟᱝ ᱱᱩᱱ ᱢᱮᱱᱟᱜᱼᱟ ᱠᱚᱣᱟ।
उन्होंने फ्रांसीसी सेना के तोपखाने जनरल, राजनयिक और सांसद के रूप में कार्य किया।	ᱩᱱᱤ ᱫᱚ ᱯᱷᱚᱨᱟᱥᱤ ᱥᱮᱱᱟᱯᱷᱟᱹᱫ ᱨᱮᱱ ᱟᱨᱴᱤᱞᱟᱨᱤ ᱡᱮᱱᱟᱨᱮᱞ, ᱠᱩᱴᱼᱟᱹᱨᱤ ᱟᱨ ᱥᱚᱝᱥᱚᱫ ᱨᱟᱹᱥᱭᱟᱹ ᱞᱮᱠᱟᱛᱮ ᱫᱟᱭᱵᱷᱟᱨᱮ ᱯᱟᱞᱟᱣ ᱞᱮᱫᱟ ᱾
बावन	ᱢᱚᱬᱮ ᱜᱮᱞ ᱵᱟᱨ
स्टीवेन्सन III का जन्म 10 अक्टूबर 1930 को शिकागो, इलिनॉय में हुआ था।	ᱛᱮᱥᱟᱨ ᱥᱴᱤᱵᱷᱮᱱᱥᱚᱱ ᱫᱚ ᱑᱐ ᱚᱠᱴᱳᱵᱚᱨ ,᱑᱙᱓᱐ ᱥᱟᱞ ᱨᱮ ᱥᱤᱠᱟᱜᱳ ᱨᱮᱭᱟᱜ ᱤᱞᱤᱱᱚᱭᱮ ᱨᱮᱭ ᱡᱟᱱᱟᱢ ᱞᱮᱱᱟ ᱾
गिनती: पंद्रह।	ᱞᱮᱠᱷᱟ: ᱜᱮᱞ ᱢᱚᱬᱮ।
क्या मैं सही हूँ?	ᱮᱠᱟᱞᱜᱤ ! ᱠᱩᱸᱫᱟᱹᱣᱠᱟᱹᱨᱤ ᱫᱚ ᱡᱩᱫᱟᱹᱞᱮᱠᱟᱱ ᱠᱟᱹᱨᱤ, ᱱᱤᱭᱟᱹ ᱫᱚ ᱜᱚᱲᱦᱚᱱ ᱵᱮᱱᱟᱣ ᱨᱮᱭᱟᱜ ᱠᱟᱹᱨᱤ ᱠᱟᱱᱟ ᱾ ᱴᱷᱤᱠᱤᱧ ᱞᱟᱹᱭᱮᱫᱟ ?
17वीं शताब्दी में स्पैनिश लोगों के आने से पहले ही वे उस क्षेत्र को छोड़ चुके थे।	᱑᱗ ᱥᱟᱭᱟᱱ ᱨᱮ ᱥᱯᱟᱱᱤᱥ ᱠᱚ ᱦᱤᱡᱩᱜ ᱞᱟᱦᱟᱨᱮᱜᱮ ᱩᱱᱠᱩ ᱫᱚ ᱴᱚᱴᱷᱟ ᱵᱟᱹᱜᱤ ᱠᱟᱛᱮ ᱠᱚ ᱪᱟᱞᱟᱣ ᱞᱮᱱᱟ ᱾
अलेक्जेंडर ग्रिफ़िथ्स एक वेल्श लेखक थे जिन्होंने मुख्य रूप से धर्म के बारे में लिखा था।	ᱩᱱᱤ ᱫᱚ ᱟᱹᱰᱤ ᱡᱳᱨ ᱮ ᱫᱟᱸᱲᱟ ᱞᱮᱫᱟ ᱟᱨ ᱥᱚᱨᱮᱥ ᱚᱨᱠᱮᱥᱴᱟᱨ ᱦᱚᱸᱭ ᱪᱟᱪᱟᱞᱟᱣ ᱞᱮᱫᱟ ᱾
उस फल को मत खाओ। वह जहरीला है।	ᱚᱱᱟ ᱡᱚ ᱟᱞᱚᱢ ᱡᱚᱢᱟ ᱾ ᱚᱱᱟ ᱫᱚ ᱵᱤᱥᱟᱱᱟᱜ ᱜᱮᱭᱟ ᱾
इसका उपयोग करने वाला पहला उपकरण कोडक डीसी220 (Kodak DC220) है, जो जारी किया गया था।	ᱢᱤᱫᱴᱟᱝ ᱵᱮᱣᱦᱟᱨ ᱟᱠᱟᱫ ᱯᱳᱭᱞᱳ ᱰᱤᱵᱷᱟᱭᱤᱥ ᱫᱚ ᱦᱩᱭᱩᱜ ᱠᱟᱱᱟ ᱠᱳᱰᱟᱠ ᱰᱤ ᱥᱤ ᱒᱒᱐, ᱡᱟᱸᱦᱟ ᱫᱚ ᱩᱪᱷᱟᱹᱱ ᱞᱮᱱᱟ ᱾
यह DECEP, BEECH (प्रयोगी इंजीनियरिंग, M.TCYEEEECYEEECYEECYEEEEECYES, पी.डी.डी.	ᱱᱚᱶᱟ ᱫᱚ ᱰᱤᱹᱤᱹᱯᱤᱹᱮᱢ, ᱵᱤᱹᱴᱮᱠ (ᱤᱞᱮᱠᱴᱨᱚᱱᱤᱠ ᱤᱧᱡᱤᱱᱤᱭᱟᱨᱤᱝ), ᱮᱢᱹᱴᱮᱠ (ᱤᱞᱮᱠᱴᱨᱚᱱᱤᱠ ᱰᱤᱡᱟᱭᱤᱱ ᱴᱮᱠᱱᱚᱞᱳᱡᱤ), ᱯᱤᱹᱮᱭᱤᱪᱹᱰᱤ ᱟᱨ ᱠᱚᱢᱢᱮᱭᱟᱫ ᱟᱱ ᱠᱳᱨᱥ ᱚᱯᱷᱟᱨ ᱞᱮᱫᱟᱭ ᱾
इक्यानवे	ᱱᱟᱭ ᱜᱮᱞ ᱢᱤᱫ
इस दुर्घटना की वजह से पहाड़ी इलाकों में काफी तबाही मच गयी और माना जाता है कि दुश्‍मन आग का अंजाम हुआ है ।	ᱵᱮᱜᱷᱚᱴᱚᱱ ᱯᱟᱦᱰᱤ ᱮᱞᱟᱠᱟ ᱨᱮ ᱦᱩᱭ ᱞᱮᱱᱟ ᱟᱨ ᱢᱮᱱᱟᱠᱚ ᱚᱱᱟ ᱫᱚ ᱵᱚᱭᱮᱨ ᱞᱟᱹᱜᱤᱫ ᱚᱝᱠᱟ ᱠᱟᱨᱟᱣ ᱨᱮᱭᱟᱜ ᱯᱤᱴᱟᱹᱣ ᱠᱟᱱᱟ᱾
मैं कभी भी कमरा नंबर 154 में प्रवेश नहीं करूँगा, यह बहुत गंदा और घिनौना दिखता है।	ᱤᱧ ᱫᱚ ᱛᱤᱥᱦᱚᱸ ᱑᱕᱔ ᱱᱚᱢᱵᱚᱨ ᱨᱩᱢ ᱨᱮ ᱵᱟᱹᱧ ᱵᱚᱞᱚᱱᱟ, ᱚᱱᱟ ᱫᱚ ᱩᱱᱟᱹᱜ ᱥᱟᱹᱜᱩᱡ ᱵᱟᱹᱜᱩᱡ ᱟᱨ ᱦᱤᱨᱠᱷᱟᱹ ᱧᱮᱞᱚᱜ ᱠᱟᱱᱟ ᱾
मेरे पास आठ पेंसिल हैं।	ᱤᱧ ᱴᱷᱮᱱ ᱤᱨᱟᱹᱞ ᱜᱚᱴᱟᱝ ᱯᱮᱱᱥᱤᱞ ᱢᱮᱱᱟᱜᱼᱟ ᱠᱚᱣᱟ।
यह भारतीय दुनिया के विशेष अनुमानों के दौरान हेनरी लुई गेट्स के दौरान एक प्रमुख बंद हो गया था.	ᱱᱚᱶᱟ ᱟᱯᱷᱨᱤᱠᱟ ᱡᱮᱜᱮᱫ ᱨᱤᱱᱤᱡ ᱞᱩᱭᱤ ᱜᱮᱴᱥ ᱨᱤᱱᱤᱡ ᱯᱤᱹᱵᱤᱹᱮᱥᱹ ᱵᱤᱥᱮᱥ ᱪᱟᱢᱠᱟᱜ ᱞᱟᱹᱜᱤᱫ ᱢᱩᱬᱩᱛ ᱥᱴᱟᱹᱯ ᱠᱷᱚᱱ ᱢᱤᱫ ᱛᱟᱦᱮᱸ ᱠᱟᱱᱟ᱾
मुझे निराशा है कि मेरे लैपटॉप को खरीदने के एक सप्ताह के भीतर ही उसमें सॉफ्टवेयर की समस्या आ गई (ग्राहक)।	ᱤᱧᱟᱹᱜ ᱞᱮᱯᱴᱚᱯ ᱠᱤᱨᱤᱧ ᱨᱮᱭᱟᱜ ᱢᱤᱫ ᱦᱟᱯᱛᱟ ᱢᱩᱫᱽᱨᱮ ᱢᱤᱫᱴᱟᱝ ᱥᱳᱯᱴ ᱚᱣᱟᱨ ᱨᱮᱭᱟᱜ ᱮᱴᱠᱮᱴᱚᱲᱮ ᱠᱷᱟᱹᱛᱤᱨᱛᱮ ᱤᱧ ᱵᱷᱟᱵᱽᱱᱟᱨᱮᱧ ᱯᱟᱲᱟᱣ ᱟᱠᱟᱱᱟ (ᱠᱤᱨᱤᱧᱤᱭᱟᱹ)
अपाक्सको नगर पालिका: अपाक्सको मेक्सिको राज्य की एक नगर पालिका है।	ᱮᱹᱯᱟᱠᱥᱠᱳ ᱯᱳᱣᱨᱚᱥᱚᱵᱷᱟ ᱮᱹᱯᱟᱠᱥᱠᱳ ᱢᱮᱠᱥᱤᱠᱳ ᱯᱚᱱᱚᱛ ᱨᱮᱭᱟᱜ ᱢᱤᱫᱴᱟᱝ ᱯᱳᱣᱨᱚᱥᱚᱵᱷᱟ ᱾
गोनवान और व वन्यन के भागों के भीतर मद हैं मद्राश्‍त, हहह, ब्ख, बिहर, पश्‍चिम बहर, पश्‍चिम ब्ख, महाहर, सुशमा और जयमिर, पोमा, पीहाम, पीहाम, पीख, राजह, राजह, राजह, और उंदन के भाग ।	ᱢᱚᱫᱷᱮ ᱯᱨᱚᱫᱮᱥ, ᱪᱷᱚᱛᱛᱤᱥᱜᱚᱲ, ᱳᱲᱤᱥᱟ, ᱵᱤᱦᱟᱨ, ᱡᱷᱟᱲᱠᱷᱚᱱᱰ, ᱯᱚᱪᱷᱤᱢ ᱵᱚᱝᱜ, ᱚᱱᱫᱷᱨ ᱯᱨᱚᱫᱮᱥ, ᱢᱚᱦᱟᱨᱟᱥᱴᱨ, ᱡᱚᱢᱵᱩ ᱟᱨ ᱠᱟᱥᱢᱤᱨ, ᱯᱟᱧᱡᱟᱵ, ᱦᱤᱢᱟᱪᱚᱞ ᱯᱨᱚᱫᱮᱥ, ᱨᱟᱡᱥᱛᱷᱟᱱ, ᱟᱨ ᱩᱛᱛᱨᱟᱠᱷᱚᱱᱫ ᱜᱚᱱᱰᱳᱭᱟᱱᱟ ᱟᱨ ᱵᱤᱱᱫᱮᱨ ᱵᱷᱟᱡᱨᱮ ᱥᱮᱞᱮᱫ ᱟᱠᱟᱱᱟ᱾
अपनी सापेक्षता के साथ मिला हुआ, "पशु" का प्रयोग आश्‍चर्यजनक, दूर देशों के लिए एक समानता के रूप में किया गया है ।	ᱟᱡᱟᱜ ᱥᱟᱯᱮᱠᱥ ᱯᱚᱦᱚᱧᱪ ᱥᱟᱶᱛᱮ ᱡᱩᱢᱤᱫ, "ᱴᱤᱢᱵᱩᱠᱴᱩ" ᱣᱤᱫᱮᱥᱤ, ᱫᱩᱫᱽᱨᱟᱡᱽ ᱨᱮᱭᱟᱜ ᱦᱟᱥᱟ ᱞᱟᱹᱜᱤᱫ ᱢᱤᱫᱴᱟᱹᱝ ᱨᱩᱯᱟᱹᱠ ᱨᱮᱭᱟᱜ ᱨᱩᱯ ᱛᱮ ᱵᱮᱵᱷᱟᱨ ᱦᱩᱭ ᱠᱟᱱᱟ᱾
यह उनके चरित्र के अनुकूल है क्योंकि वह हमेशा वार्टवुड के मेंढकों की मदद करने की कोशिश करती हैं।	ᱱᱚᱶᱟ ᱫᱚ ᱟᱡᱟᱜ ᱪᱩᱨᱤᱛ ᱥᱟᱞᱟᱜ ᱢᱮᱥᱟᱜᱼᱟ ᱚᱡᱮᱫᱚ ᱩᱱᱤ ᱫᱚ ᱥᱟᱨᱟᱜᱷᱟᱹᱲᱤ ᱜᱮ ᱚᱣᱟᱨᱴᱣᱩᱰ ᱨᱮᱱ ᱨᱚᱴᱮᱠᱚ ᱜᱚᱲᱚ ᱨᱮᱭᱟᱜ ᱠᱩᱨᱩᱢᱩᱴᱩᱭᱟ ᱾
शहर को जला दिया गया और लगभग पूरी तरह से नष्ट कर दिया गया।	ᱥᱟᱦᱟᱨ ᱫᱚ ᱨᱟᱯᱟᱜ ᱚᱪᱚ ᱦᱩᱭᱞᱮᱱᱟ ᱟᱨ ᱯᱨᱟᱭ ᱜᱚᱴᱟᱜᱮ ᱱᱚᱥᱴᱚ ᱞᱮᱱᱟ ᱾
खेल १०:०० बजे बड़ा मौसम के साथ बाहर लात मारी और मध्य सुबह की फुहार के अलावा जो जल्दी साफ कर दिया, यह 7 के rugart के लिए एक अच्छा दिन था.	ᱠᱷᱮᱞ ᱠᱚᱫᱚ ᱑᱐:᱐᱐ ᱵᱟᱡᱮ ᱠᱷᱚᱱ ᱵᱮᱥ ᱯᱟᱜᱚ ᱥᱟᱞᱟᱜ ᱮᱦᱚᱵ ᱞᱮᱱᱟ ᱟᱨ ᱛᱟᱞᱟ ᱵᱟᱹᱥᱭᱟᱹᱢ ᱛᱮ ᱡᱷᱤᱯᱤᱨ ᱫᱟᱜ ᱡᱟᱹᱲᱤᱛᱮ ᱞᱚᱜᱚᱱ ᱜᱮ ᱥᱟᱯᱷᱟ ᱮᱱᱟ, ᱱᱚᱣᱟ ᱫᱚ ᱗'ᱟᱱᱟᱜ ᱨᱳᱜᱽᱵᱤ ᱞᱟᱹᱜᱤᱫ ᱵᱮᱥ ᱫᱤᱱ ᱛᱟᱦᱮᱸ ᱠᱟᱱᱟ।
अंग्रेजी और डच में, शनिवार का नाम रोमन देवता सैटर्न के नाम पर रखा गया था।	ᱤᱝᱨᱮᱡᱤ ᱟᱨ ᱰᱟᱪ ᱯᱟᱹᱨᱥᱤᱛᱮ, ᱨᱳᱢᱟᱱ ᱵᱚᱸᱜᱟ ᱟᱨ ᱥᱮᱹᱴᱟᱨᱱ ᱧᱩᱛᱩᱢ ᱛᱮ ᱧᱩᱦᱩᱢ ᱢᱟᱦᱟ ᱨᱮᱭᱟᱜ ᱧᱩᱛᱩᱢ ᱦᱩᱭ ᱞᱮᱱᱟ ᱾
यूरोपीय देशों ने आचेन में दो महत्वपूर्ण शांति समझौते किए।	ᱤᱭᱩᱨᱳᱯ ᱨᱮᱭᱟᱜ ᱫᱤᱥᱚᱢ ᱠᱚᱫᱚ ᱟᱪᱮᱱ ᱨᱮ ᱵᱟᱨᱭᱟ ᱞᱟᱹᱠᱛᱤᱭᱟᱱᱟᱜ ᱱᱤᱨᱟᱹᱭ ᱪᱩᱠᱛᱤ ᱠᱤᱱ ᱠᱚᱨᱟᱣ ᱟᱠᱟᱫᱟ ᱾
अपने बेटे से कहो कि इस तरह नाक में उंगली डालना बंद करे। यह घिनौना है।	ᱟᱢᱨᱮᱱ ᱠᱚᱲᱟ ᱜᱤᱫᱽᱨᱟᱹ ᱫᱚ ᱱᱚᱝᱠᱟ ᱢᱩᱸ ᱥᱩᱴᱩᱡ ᱢᱟᱱᱟᱭᱮᱢ ᱾ ᱨᱩᱣᱟᱹ ᱫᱟᱲᱮᱭᱟᱜᱼᱟᱭ ᱾
मैं ने पढ़ा कि सुबुली भी पराकाष्ठा को शूटिंग के दौरान तोड़ दिया.	ᱯᱟᱲᱦᱟᱣ ᱞᱮᱫᱟᱹᱧ ᱠᱞᱟᱭᱢᱮᱠᱥ ᱨᱮᱭᱟᱜ ᱥᱩᱴᱤᱝ ᱚᱠᱛᱮ ᱥᱩᱢᱵᱚᱞᱤ ᱦᱚᱸᱭ ᱠᱟᱹᱦᱤᱞ ᱞᱮᱱᱟ ᱾
आपका क्या मतलब है कि यह मिक्सर वारंटी से बाहर है? मैंने इसे अभी एक हफ्ते पहले ही खरीदा था!	ᱟᱢ ᱪᱮᱫᱮᱢ ᱢᱮᱱ ᱚᱪᱚᱭᱮᱫᱟ ᱱᱚᱣᱟ ᱢᱤᱠᱥᱪᱟᱨ ᱨᱮᱭᱟᱜ ᱳᱣᱟᱨᱮᱱᱴᱤ ᱵᱟᱹᱱᱩᱜᱼᱟ ? ᱤᱧ ᱫᱚ ᱮᱠᱮᱱ ᱢᱤᱫ ᱦᱟᱯᱛᱟ ᱞᱟᱦᱟᱨᱮ ᱱᱚᱣᱟᱧ ᱠᱤᱨᱤᱧ ᱟᱠᱟᱫᱟ !
जब वे सभी मर जाते हैं, तो सर लेग और इंस्पेक्टर मेन हत्याओं की जांच करते हैं।	ᱡᱚᱠᱷᱚᱱ ᱩᱱᱠᱩ ᱥᱟᱱᱟᱢ ᱠᱚ ᱜᱚᱪ ᱮᱱᱟ, ᱥᱟᱨ ᱞᱮᱜᱮ ᱟᱨ ᱤᱱᱥᱯᱮᱠᱴᱚᱨ ᱫᱚ ᱟᱥᱚᱞ ᱜᱚᱪ ᱨᱮᱭᱟᱜ ᱠᱤᱱ ᱛᱚᱞᱟᱥᱟ ᱾
जापान में अनपानमैन किताबों की 5 करोड़ (50 मिलियन) से अधिक प्रतियां बिक चुकी थीं।	ᱡᱟᱯᱟᱱ ᱨᱮ ᱟᱱᱯᱟᱱᱚᱢᱮᱹᱱ ᱫᱚ ᱯᱚᱛᱚᱵ ᱨᱮᱭᱟᱜ ᱕᱐ ᱢᱤᱞᱤᱭᱚᱱ ᱠᱷᱚᱱ ᱦᱚᱸ ᱰᱷᱮᱨ ᱠᱚᱯᱤ ᱟᱹᱠᱷᱨᱤᱧ ᱞᱮᱱᱟ ᱾
उस तरह से भी मैं धारणाएँ स्पष्ट हो जाती हैं.	ᱱᱚᱝᱠᱟ ᱛᱮᱜᱮ ᱤᱧᱟᱹᱜ ᱩᱭᱦᱟᱹᱨ ᱠᱚᱧ ᱴᱷᱟᱹᱣᱠᱟᱹᱭᱟ ᱾
एक अच्छी तरह से विशिष्ट खिलाड़ी, बाघ (शायद अच्छी तरह से नहीं) चढ़ सकता है, उड़ान भरी, और एक शक्‍तिशाली मनुष्य की शक्‍ति से पाँच बार खींच सकता है ।	ᱢᱤᱫ ᱱᱟᱯᱟᱭ ᱥᱮᱪᱮᱫᱤᱭᱟᱹ ᱠᱷᱮᱞᱚᱸᱰᱤᱭᱟᱹ ᱞᱮᱠᱟ, ᱛᱟᱹᱨᱩᱵ ᱫᱚᱠᱚ ᱫᱮᱡ ᱫᱟᱲᱮᱭᱟᱜ-ᱟ (ᱯᱟᱞᱮ ᱱᱟᱯᱟᱭ ᱚᱠᱚᱡ ᱫᱚ ᱵᱟᱝ) , ᱯᱟᱭᱨᱟ ᱫᱟᱲᱮᱭᱟᱜ-ᱟ, ᱟᱹᱰᱤ ᱡᱷᱟᱹᱞ ᱦᱟᱹᱵᱤᱡ ᱠᱚ ᱫᱚᱱ ᱫᱟᱲᱮᱭᱟᱜᱼᱟ ᱟᱨ ᱢᱤᱫ ᱫᱟᱲᱮ ᱦᱚᱲᱟᱜ ᱢᱚᱬᱮ ᱜᱩᱱᱠᱚ ᱚᱨ ᱫᱟᱲᱮᱭᱟᱜ-ᱟ᱾
कोई विद्यार्थी ऐसा नहीं मानता ।	ᱚᱱᱠᱟᱱ ᱡᱟᱦᱟᱱ ᱯᱟᱴᱷᱣᱟᱹ ᱪᱷᱟᱹᱲ ᱵᱟᱹᱱᱩᱜᱼᱟ ᱾
बेहोश होकर, वह हिंसक रूप से पीछे की ओर बालकनी पर गिर पड़े।	ᱵᱮᱦᱩᱸᱥ ᱠᱟᱛᱮᱫ ᱩᱱᱤ ᱫᱚ ᱟᱹᱰᱤ ᱡᱳᱨ ᱛᱟᱭᱚᱢ ᱥᱮᱡᱽ ᱵᱟᱨᱟᱱᱫᱟ ᱨᱮᱭ ᱧᱩᱨᱮᱱᱟ ᱾
उसने समाचार सम्मेलन की एक प्रति के अनुसार कहा ।	⁣"ᱰᱚᱜᱚᱨ ᱫᱩᱯᱩᱲᱩᱵ ᱨᱮᱭᱟᱜ ᱢᱤᱫ ᱴᱨᱟᱱᱥᱠᱨᱤᱯ ᱞᱮᱠᱟᱛᱮ ᱩᱱᱤᱭ ᱞᱟᱹᱭ ᱟᱠᱟᱫᱟ," ᱩᱱᱤ ᱟᱹᱰᱤ ᱪᱮᱦᱨᱟ ᱟᱨ ᱟᱹᱰᱤ ᱵᱷᱟᱜᱮ ᱦᱚᱸᱭ ᱥᱮᱨᱮᱧᱟ᱾
क्या ऐसा है?	ᱚᱱᱟ ᱫᱚ ᱠᱤ ᱚᱝᱠᱟᱱ ?
मुझे बस इस बात की खुशी है कि इस महामारी की तीसरी लहर खत्म हो गई है। अब मैं आखिरकार परिसर (कैंपस) में वापस जा सकता हूँ।	ᱤᱧ ᱟᱹᱰᱤ ᱨᱟᱹᱥᱠᱟᱹᱧ ᱵᱩᱡᱷ ᱮᱫᱟ ᱡᱮ ᱱᱚᱣᱟ ᱢᱟᱦᱟᱢᱟᱹᱨᱤ ᱨᱮᱭᱟᱜ ᱛᱮᱥᱟᱨ ᱞᱟᱲᱟᱣᱟᱱᱟᱜ ᱫᱚ ᱢᱩᱪᱟᱹᱫ ᱟᱠᱟᱱᱟ ᱾ ᱱᱤᱛᱚᱜ ᱤᱧ ᱫᱚ ᱢᱩᱪᱟᱹᱫ ᱫᱷᱟᱹᱵᱤᱡᱛᱮ ᱠᱮᱢᱯᱟᱥ ᱨᱮᱧ ᱨᱩᱣᱟᱹᱲ ᱫᱟᱲᱮᱭᱟᱜᱼᱟ ᱾
तापमान की माँग है कि दिन के दौरान और रात के दौरान २,००,००,००० प्रतियों के दौरान २,००,००,००० लीटर पानी का तापमान होता है, और इसके साथ कम - से - कम ७५ प्रतिशत सापेक्षता है ।	ᱞᱚᱞᱚᱥᱚᱝ ᱞᱟᱹᱜᱤᱫ ᱫᱚ ᱥᱤᱝᱵᱮᱲᱟ ᱒᱔ᱼ᱒᱗ ᱰᱤᱜᱨᱤ ᱥᱤ ᱟᱨ ᱧᱤᱱᱫᱟᱹ ᱴᱟᱲᱟᱝ ᱨᱮ ᱫᱚ ᱑᱕ᱼ᱑᱗ ᱰᱤᱜᱨᱤ ᱥᱤ, ᱪᱮᱛᱟᱱ ᱩᱛᱟᱹᱨ ᱦᱩᱭᱩᱜᱼᱟ ᱑᱕ᱼ᱒᱗ ᱰᱤᱜᱨᱤ ᱥᱤ ᱥᱟᱶ ᱗᱕ ᱯᱟᱨᱥᱮᱱᱴ ᱡᱚᱯᱚᱲᱟᱣᱟᱠᱟᱱ ᱚᱞᱟᱦᱮᱫ ᱜᱤ ᱾
मुझे डर लग रहा है कि माइक्रोवेव में आग लग जाएगी। कृपया इसे बंद कर दें।	ᱤᱧ ᱵᱚᱛᱚᱨᱚᱜ ᱠᱟᱱᱟ ᱡᱮ ᱢᱟᱭᱠᱨᱳ ᱳᱵᱷᱮᱱ ᱨᱮ ᱥᱮᱸᱜᱮᱞ ᱞᱟᱜᱟᱣ ᱫᱟᱲᱮᱭᱟᱜᱼᱟ ᱾ ᱚᱱᱟ ᱫᱚ ᱵᱚᱱᱫᱚᱭ ᱢᱮ ᱾
शेयर बाजार आज बहुत अच्छा प्रदर्शन कर रहा है।	ᱥᱮᱭᱟᱨ ᱵᱟᱡᱟᱨ ᱫᱚ ᱛᱮᱦᱮᱧ ᱟᱹᱰᱤ ᱱᱟᱯᱟᱭ ᱛᱮ ᱪᱟᱞᱟᱜᱼᱟ ᱠᱟᱱᱟ ᱾
सन्‌ 1949 में इसे दिल्ली के एक खूबसूरत शहर, यापीpath के सिरे पर बनाया गया था ।	ᱱᱚᱶᱟᱫᱚ ᱫᱤᱞᱞᱤ ᱨᱮᱭᱟᱜ ᱡᱤᱭᱟᱹᱲᱼᱟᱱ ᱥᱟᱦᱟᱨ ᱡᱚᱱᱯᱚᱫ ᱨᱮ ᱑᱙᱔᱙ ᱥᱟᱹᱦᱤᱛ ᱨᱮ ᱵᱮᱱᱟᱣ ᱦᱩᱭᱞᱮᱱᱟ ᱾
डेटा हानि को कभी-कभी बैकअप प्रतिलिपि बनाकर रोका जा सकता है।	ᱚᱠᱛᱚ ᱚᱠᱛᱚ ᱢᱤᱫᱴᱟᱝ ᱵᱮᱠᱟᱯ ᱠᱚᱯᱤ ᱵᱮᱱᱟᱣ ᱠᱟᱛᱮᱫ ᱰᱮᱴᱟ ᱱᱚᱥᱴᱚᱭ ᱴᱮᱠᱟᱣ ᱫᱟᱨᱟᱢ ᱫᱟᱲᱮᱭᱟᱜᱼᱟ ᱾
आप मुश्‍किल से अध्ययन करते हैं ।	ᱟᱢ ᱦᱟᱞᱮᱜᱮᱢ ᱯᱟᱲᱦᱟᱣ ᱟᱠᱟᱫᱟ ᱾
मेरे पास चार पानी हैं।	ᱤᱧ ᱴᱷᱮᱱ ᱯᱩᱱ ᱜᱚᱴᱟᱝ ᱫᱟᱜ ᱢᱮᱱᱟᱜᱼᱟ ᱠᱚᱣᱟ।
सित्ती के पास एक औरत की मार थी, सोकना मैरो, जिसने उसके पिता के स्थान को विरासत में पाया.	ᱢᱩᱨᱤᱫᱠᱩᱣᱟᱜ ᱥᱚᱠᱷᱱᱟ ᱢᱟᱜᱚᱴ ᱰᱤᱭᱚᱯ ᱧᱩᱛᱩᱢᱟᱱ ᱢᱤᱫᱦᱚᱲ ᱛᱤᱨᱞᱟᱹ ᱢᱟᱨᱟᱵᱩᱛᱮ ᱛᱟᱦᱮᱸᱠᱟᱱᱟ, ᱡᱟᱦᱟᱸᱭ ᱫᱚ ᱵᱤᱨᱟᱹᱫᱟᱹᱞᱤᱭᱟᱹ ᱞᱮᱠᱟᱛᱮ ᱟᱡᱽ ᱵᱟᱵᱟᱨᱮᱱ ᱦᱩᱱᱰᱟᱹᱧᱟᱢ ᱞᱮᱠᱠᱟᱱᱟᱭ ᱾
एक बार जब कोई राक्षस पराजित हो जाता है, तो वह कभी-कभी आइटम या सिक्के गिराता है।	ᱢᱤᱫ ᱫᱷᱟᱣ ᱢᱤᱫᱴᱟᱝ ᱫᱟᱱᱚᱵᱼᱮ ᱦᱤᱨᱟᱹᱣ ᱞᱮᱱᱠᱷᱟᱱ, ᱱᱚᱣᱟ ᱫᱚ ᱚᱠᱛᱚ ᱚᱠᱛᱚ ᱨᱮ ᱟᱭᱴᱮᱢ ᱥᱮ ᱢᱩᱫᱨᱟᱹᱭ ᱜᱤᱰᱤ ᱠᱟᱜᱼᱟ ᱾
वह 1988 से 1990 तक जातिया संसद के सदस्य रहे।	ᱩᱱᱤ ᱫᱚ ᱑᱙᱘᱘ ᱠᱷᱚᱱ ᱑᱙᱙᱐ ᱥᱟᱞ ᱦᱟᱹᱵᱤᱡ ᱡᱟᱹᱛᱤᱭᱟᱹᱨᱤ ᱥᱚᱝᱥᱚᱫ ᱨᱮᱱ ᱨᱟᱹᱥᱭᱟᱹᱭ ᱛᱟᱦᱮᱸ ᱠᱟᱱᱟ ᱾
2010 की अमेरिकी जनगणना के अनुसार, वहाँ 160,099 लोग रहते थे।	᱒᱐᱑᱐ ᱥᱟᱞ ᱨᱮᱭᱟᱜ ᱢᱟᱨᱠᱤᱱ ᱦᱚᱲᱞᱮᱠᱷᱟ ᱞᱮᱠᱟᱛᱮ ᱑᱖᱐,᱐᱙᱙ ᱦᱚᱲ ᱚᱰᱮ ᱠᱚ ᱜᱤᱨᱟᱹᱵᱟᱥᱚᱜ ᱛᱟᱦᱮᱸ ᱾
आप भी इसके बारे में क्या पसंद करते हैं?	ᱱᱚᱶᱟ ᱵᱟᱨᱮᱛᱮ ᱟᱢ ᱪᱮᱫ ᱮᱢ ᱠᱩᱥᱤᱭᱟᱜᱼᱟ ᱾
सन्‌ 1616 के सिडनी फ़िल्म उत्सव और 2016 केस फ़िल्म उत्सव में एक सकारात्मक प्रतिक्रिया के लिए फिल्म का प्रदर्शन किया गया.	᱒᱐᱑᱖ ᱥᱤᱰᱱᱤ ᱯᱷᱤᱞᱢ ᱯᱷᱮᱥᱴᱵᱷᱮᱞ ᱟᱨ ᱒᱐᱑᱖ ᱠᱟᱱ ᱯᱷᱤᱞᱢ ᱯᱷᱮᱴᱤᱵᱷᱮᱞᱨᱮ ᱪᱤᱛᱟᱹᱨ ᱨᱮᱭᱟᱜ ᱯᱨᱤᱢᱤᱭᱟᱨ ᱦᱩᱭᱞᱮᱱᱟ, ᱰᱤᱨᱮᱠᱴᱚᱨᱥ ᱯᱷᱚᱨᱴᱱᱟᱭᱤᱴ ᱛᱷᱚᱱᱚᱛᱨᱮ ᱵᱷᱟᱜᱮ ᱪᱟᱞᱟᱣ ᱞᱮᱱᱛᱮ ᱾
नमस्ते विष्णु, हम आपके प्रदर्शन से बहुत खुश थे और आपको बोनस देना चाहते हैं।	ᱦᱟᱭ ᱵᱤᱥᱱᱩ, ᱟᱢᱟᱜ ᱯᱟᱨᱯᱷᱳᱨᱚᱢᱮᱱᱥ ᱛᱮ ᱟᱞᱮ ᱟᱹᱰᱤ ᱠᱷᱩᱥᱤ ᱟᱨ ᱟᱢ ᱢᱤᱫᱴᱟᱝ ᱵᱳᱱᱟᱥ ᱮᱢᱚᱜ ᱞᱮ ᱠᱷᱚᱡ ᱠᱟᱱᱟ ᱾
बाईस	ᱠᱩᱲᱤ ᱵᱟᱨ
ऐसे बहुत - से साहित्य हैं जिन्हें आप पढ़ सकते हैं ।	ᱟᱢ ᱯᱟᱲᱦᱟᱣ ᱫᱟᱲᱮᱭᱟᱜᱼᱟ ᱡᱮ ᱥᱟᱶᱷᱮᱫ ᱠᱟᱹᱢᱤ ᱟᱹᱰᱤ ᱰᱷᱮᱨ ᱢᱮᱱᱟᱜᱼᱟ ᱾
एलिसिया विकेंडर एक स्वीडिश अभिनेत्री और नर्तकी हैं।	ᱡᱚᱠᱷᱚᱱ ᱩᱱᱤ ᱨᱩᱣᱟᱹᱜ ᱠᱟᱱ ᱛᱟᱦᱮᱸ ᱩᱱ ᱟᱡᱟᱜ ᱯᱷᱟᱸᱠᱟ ᱚᱠᱛᱚᱨᱮ ᱥᱮᱹᱨᱮᱹᱧ ᱚᱞ ᱨᱮᱭᱟᱜ ᱡᱷᱩᱠ ᱡᱟᱹᱥᱛᱤ ᱛᱟᱦᱮᱸ ᱠᱟᱱᱟ ᱾
यह सुविधा ऑडिटरों को मूल्यों के स्रोत को खोजने की अनुमति देती है।	ᱱᱚᱣᱟ ᱩᱨᱜᱟᱹᱱ ᱫᱚ ᱵᱤᱰᱟᱹᱣᱤᱭᱟᱹ ᱠᱚᱣᱟᱜ ᱢᱟᱱ ᱠᱚᱨᱮᱱᱟᱜ ᱯᱷᱮᱫᱟᱛ ᱥᱮᱸᱫᱨᱟ ᱧᱟᱢ ᱚᱪᱚᱜᱟᱭ ᱾
क्या आप क्रेडिट कार्ड स्वीकार करते हैं?	ᱪᱮᱫ ᱟᱢ ᱠᱨᱮᱰᱤᱴ ᱠᱟᱨᱰ ᱮᱢ ᱟᱝᱜᱚᱪ ᱮᱫᱟ?
स्मारक, नवंबर से मार्च तक का ज़्यादातर वक्‍त व्यस्त है, क्योंकि इसे देखने का यही सबसे अच्छा वक्‍त है ।	ᱩᱭᱦᱟᱹᱨ ᱵᱟᱛᱷᱟᱱᱫᱚ ᱰᱦᱮᱨ ᱚᱠᱛᱚᱜᱮ ᱡᱚᱦᱚᱲ ᱛᱟᱦᱮᱱᱟ ᱮᱱᱠᱷᱟᱱ ᱠᱷᱟᱥ ᱠᱟᱛᱮᱜ ᱱᱚᱵᱷᱮᱢᱵᱚᱨ ᱠᱷᱚᱱ ᱢᱟᱨᱪ ᱦᱟᱹᱵᱤᱡ ᱪᱮᱫᱟᱜ ᱥᱮ ᱱᱚᱶᱟ ᱧᱮᱞ ᱞᱟᱹᱜᱤᱫ ᱱᱤᱭᱟᱹᱫᱚ ᱥᱚᱨᱮᱥ ᱚᱠᱛᱚ ᱠᱟᱱᱟ ᱾
तो तुम्हें इतना रोमांचक होना चाहिए!	ᱟᱢᱫᱚ ᱮᱱᱠᱷᱟᱱ ᱟᱹᱰᱤ ᱫᱤᱞᱼᱟᱱ ᱦᱩᱭ ᱟᱢᱟ !
यह सूचीबद्ध किए गए पहले विश्व धरोहर स्थलों में से एक था।	ᱱᱚᱶᱟ ᱫᱚ ᱛᱟᱹᱞᱤᱠᱟᱨᱮ ᱥᱮᱞᱮᱫ ᱟᱠᱟᱱ ᱯᱳᱭᱞᱳ ᱡᱮᱜᱮᱫ ᱥᱮᱨᱣᱟᱼᱟᱱᱟᱜ ᱴᱷᱟᱣ ᱠᱚ ᱢᱩᱫᱨᱮ ᱢᱤᱫᱴᱟᱝ ᱛᱟᱦᱮᱸ ᱠᱟᱱᱟ ᱾
यह रीगन के पद छोड़ने के लगभग दो साल बाद जारी किया गया था।	ᱨᱤᱜᱟᱱ ᱚᱯᱷᱤᱥ ᱟᱲᱟᱜ ᱜᱤᱰᱤ ᱨᱮᱭᱟᱜ ᱯᱨᱟᱭ ᱵᱟᱨ ᱥᱮᱨᱢᱟ ᱛᱟᱭᱚᱢ ᱱᱚᱶᱟ ᱫᱚ ᱪᱷᱟᱹᱲᱮ ᱧᱟᱢ ᱞᱮᱫᱟ ᱾
अप्रैल 1961 में इस जिले को बट्टिकलोआ जिले के दक्षिणी हिस्से से अलग किया गया था।	ᱦᱚᱱᱚᱛ ᱫᱚ ᱑᱙᱖᱑ ᱥᱟᱞ ᱨᱮᱭᱟᱜ ᱮᱯᱨᱤᱞ ᱪᱟᱸᱫᱚ ᱨᱮ ᱵᱟᱴᱤᱠᱟᱞᱳᱭᱟ ᱦᱚᱱᱚᱛ ᱨᱮᱭᱟᱜ ᱫᱚᱠᱠᱷᱤᱱ ᱦᱤᱸᱥ ᱠᱷᱚᱱ ᱵᱷᱮᱜᱟᱨ ᱦᱩᱭ ᱞᱮᱱᱟ ᱾
सुल्तान अब्दुलअज़ीज़ अक्सर देश और विदेश की यात्राओं का आयोजन करते थे।	ᱥᱩᱞᱛᱟᱱ ᱟᱵᱫᱩᱞ ᱟᱡᱤᱡ ᱫᱚ ᱡᱟᱣᱜᱮ ᱵᱷᱤᱛᱟᱹᱨ ᱨᱮᱭᱟᱜ ᱟᱨ ᱵᱤᱞᱟᱹᱛ ᱨᱮ ᱫᱟᱲᱟᱱ ᱨᱮᱭᱟᱜ ᱮ ᱥᱟᱯᱲᱟᱣ ᱚᱜ ᱛᱟᱦᱮᱸ ᱾
ऊपरी Dmamaja के जाड़े के दौरान बर्फ और स्लेवा में आम तौर पर आम बात हो गयी है ( जिसमें म्युगन्‌स नाग, और नडीडी भी शामिल है) ।	ᱨᱮᱭᱟᱲ ᱫᱤᱱ (ᱢᱮᱠᱞᱮᱳᱰᱜᱚᱧᱡ, ᱵᱷᱟᱜᱥᱩ ᱱᱟᱜ ᱟᱨ ᱱᱟᱫᱫ ᱥᱟᱶ) ᱩᱥᱩᱞ ᱫᱳᱨᱚᱢ ᱥᱟᱞᱟᱨᱮ ᱵᱚᱨᱚᱯᱷ ᱡᱟᱹᱲᱤ ᱟᱨ ᱟᱨᱮᱞ ᱥᱟᱫᱷᱟᱨᱚᱱ ᱵᱮᱯᱟᱨ ᱠᱟᱱᱟ᱾
यह मेरा दोस्त है	ᱱᱩᱭ ᱫᱚ ᱤᱧ ᱨᱮᱱ ᱜᱟᱛᱮ ᱠᱟᱱᱟᱭ
ड्राइवर आज बहुत लापरवाही से गाड़ी चला रहा है। क्या वह सोचता है कि यह बस एक एम्बुलेंस है?	ᱰᱨᱟᱭᱵᱷᱟᱨ ᱫᱚ ᱛᱮᱦᱮᱧ ᱟᱹᱰᱤ ᱛᱟᱹᱯᱤᱥ ᱜᱟᱹᱰᱤᱭ ᱪᱟᱞᱟᱣ ᱮᱫᱟ ᱾ ᱩᱱᱤ ᱫᱚ ᱪᱮᱫ ᱱᱚᱶᱟ ᱵᱟᱥᱫᱚ ᱮᱢᱵᱩᱞᱮᱱᱥᱼᱮ ᱢᱚᱱᱮᱭᱮᱫ ᱠᱟᱱᱟ ?
यह मत सोचिए कि यहूदी धर्म - युद्ध या नात्ज़ियों के बारे में मज़ाक उड़ा रहे हैं ।	ᱫᱟᱭᱟᱠᱟᱛᱮ ᱥᱟᱭᱤᱴ ᱫᱚ ᱡᱚᱛᱚ ᱞᱮᱠᱟᱱ ᱥᱚᱱᱢᱟᱱ, ᱚᱱᱛᱚᱨ ᱟᱨ ᱥᱟᱶᱛᱮ ᱢᱟᱹᱱ ᱨᱮᱭᱟᱜ ᱦᱚᱠᱫᱟᱨ ᱢᱮᱱᱟᱜ ᱟᱠᱟᱫ ᱛᱟᱭᱟ᱾ ᱦᱳᱞᱠᱳᱥᱴ ᱵᱟᱝᱢᱟ ᱱᱟᱡᱤᱠᱚ ᱪᱮᱛᱟᱱ ᱨᱮ ᱟᱞᱚ ᱵᱚ ᱵᱷᱚᱲᱚᱠ ᱢᱟ᱾
यह एक विकृती के रूप में काम करता है.	ᱱᱚᱶᱟ ᱫᱚ ᱢᱤᱫᱽᱴᱟᱝ ᱮᱱᱴᱤᱰᱤᱯᱨᱮᱥᱮᱱᱴ ᱞᱮᱠᱟᱛᱮᱭ ᱠᱟᱹᱢᱤᱭᱟ ᱾
आप केवल समुद्र तट पर यात्रा के उपयोग से जाना है... ... आप एक अलग वसंत की आवश्यकता नहीं होगी ( 2009 के रूप में).	ᱡᱩᱫᱤ ᱟᱢ ᱮᱠᱮᱱ ᱥᱤᱯᱵᱳᱨᱰ ᱫᱟᱲᱟᱱ ᱨᱮᱭᱟᱜ ᱮᱢ ᱵᱮᱵᱷᱟᱨ ᱠᱮᱛᱮᱡ ᱫᱷᱟᱨᱮ ᱨᱮ ᱪᱟᱞᱟᱜ ᱠᱟᱱᱟᱢ, ᱛᱚᱵᱮ ᱟᱢ ᱫᱚ ᱢᱤᱫ ᱵᱷᱮᱜᱟᱨ ᱣᱤᱡᱟ ᱨᱮᱭᱟᱜ ᱵᱟᱝ ᱞᱟᱹᱠᱛᱤ ᱟᱢ (᱒᱐᱐᱙ ᱦᱟᱹᱵᱤᱡ)᱾
सुप्रभात सर! क्या आप बचत खाता खोलना चाहेंगे? (बैंक विक्रेता)।	ᱜᱚᱢᱠᱮ ᱥᱟᱹᱜᱩᱱ ᱥᱮᱛᱟᱜ ! ᱟᱢ ᱪᱮᱫ ᱢᱤᱫᱴᱟᱝ ᱥᱟᱧᱪᱟᱣ ᱮᱹᱠᱟᱣᱩᱱᱴ ᱡᱷᱤᱡ ᱮᱢ ᱠᱷᱚᱡ ᱠᱟᱱᱟ ? (ᱵᱮᱝᱠ ᱥᱮᱞᱥᱯᱟᱨᱥᱚᱱ)
ऐस, बेल्जियम: ऐस लिम्बर्ग के बेल्जियम प्रांत में एक नगर पालिका है।	ᱪᱮᱫᱽᱞᱮᱠᱟ, ᱵᱮᱞᱡᱤᱭᱟᱢ ᱮᱥ ᱫᱚ ᱦᱩᱭᱩᱜ ᱠᱟᱱᱟ ᱵᱮᱞᱡᱤᱭᱟᱱ ᱨᱮᱱᱟᱜ ᱞᱤᱢᱵᱩᱨᱜ ᱴᱚᱴᱷᱟ ᱨᱮᱱᱟᱜ ᱢᱤᱫᱴᱟᱝ ᱯᱳᱣᱨᱚᱥᱚᱵᱷᱟ ᱾
वह हमेशा फोन पर खेल खेलने में व्यस्त रहता है.	ᱩᱱᱤᱫᱚ ᱥᱟᱨᱟ ᱜᱷᱟᱹᱲᱤ ᱯᱷᱳᱱᱨᱮ ᱜᱮᱢ ᱠᱷᱮᱞᱨᱮ ᱡᱚᱦᱚᱲᱮ ᱛᱟᱦᱮᱸᱱᱟ ᱾
न्याय और लोकतंत्री के लिए हैरिसन संस्थान ने स्वतंत्र अध्ययनों का प्रयोग किया है जो संयुक्‍त राष्ट्र की शांति भंग करने का सुझाव देते हैं अनजाने में इस बीमारी को है ।	ᱦᱟᱭᱴᱤᱭᱚᱱ ᱤᱱᱥᱴᱤᱪᱩᱴ ᱚᱯᱷ ᱡᱚᱥᱴᱤᱥ ᱟᱨ ᱰᱮᱢᱳᱠᱨᱟᱥᱤ ᱫᱚ ᱱᱤᱡᱮ ᱛᱮ ᱯᱟᱲᱦᱟᱣ ᱠᱚ ᱨᱮᱭᱟᱜ ᱥᱚᱱᱫᱚᱨᱵᱷᱚ ᱮᱢ ᱞᱮᱫᱟ ᱡᱮ ᱱᱮᱯᱟᱞᱤ ᱥᱟᱝᱭᱩᱠᱛ ᱨᱟᱥᱴᱨᱚ ᱥᱟᱹᱱᱛᱤ ᱵᱮᱨᱮᱫ  ᱵᱟᱴᱟᱞᱤᱭᱚᱱ ᱫᱚ ᱵᱟᱝ ᱵᱟᱰᱟᱭ ᱛᱮ ᱱᱚᱣᱟ ᱨᱳᱜᱽ ᱦᱟᱭᱛᱤ ᱛᱮ ᱟᱜᱩ ᱞᱮᱫ-ᱟᱭI
जाँच करें कि बस आप हेब्रोन में जाने के बारे में सोच रहे हैं और न केवल पास के यहूदी गाँव के पास के नगर में ।	ᱡᱟᱸᱪ ᱢᱟ ᱡᱮ ᱟᱢ ᱡᱟᱦᱟᱸ ᱵᱳᱥ ᱤᱫᱤ ᱥᱟᱱᱟᱢ ᱠᱟᱱᱟ ᱚᱱᱟ ᱦᱮᱵᱽᱨᱚᱱ ᱪᱟᱞᱟᱜ ᱠᱟᱱᱟ ᱟᱨ ᱠᱷᱟᱹᱞᱤ ᱠᱤᱨᱤᱭᱟᱛ ᱟᱨᱵᱟ ᱥᱩᱯᱩᱨ ᱡᱤᱦᱩᱫᱤ ᱵᱚᱥᱛᱤ ᱨᱮᱫᱚ ᱵᱟᱝ᱾
यह कहना मुश्‍किल होगा कि अगर आप एक रोमी भाषा जानते हैं, तो आप पुर्तगाली सीखना आसान होगा ।	ᱞᱟᱹᱭ ᱨᱮᱭᱟᱜ ᱞᱟᱹᱠᱛᱤ ᱵᱟᱹᱱᱩᱜᱼᱟ, ᱡᱩᱫᱤ ᱟᱢ ᱢᱤᱫ ᱨᱳᱢᱟᱢᱱᱥ ᱯᱟᱹᱨᱥᱤ ᱵᱟᱰᱟᱭ ᱟᱠᱟᱫᱼᱟᱢ, ᱮᱱᱠᱷᱟᱱ ᱟᱢ ᱞᱟᱹᱜᱤᱱ ᱯᱚᱨᱛᱩᱜᱤᱡᱽ ᱪᱮᱫᱚᱜ ᱟᱞᱜᱟ ᱦᱩᱭᱩᱜᱼᱟ᱾
ᱤᱧ ᱨᱮᱸᱜᱮᱡ ᱢᱤᱱᱟᱹᱧᱟ	मुझे भूख लगी है
क्या वह B.R में ओगोना खेलने नहीं किया था?	ᱩᱱᱤ ᱪᱮᱫ ᱵᱤ ᱟᱨ ᱢᱚᱦᱟᱵᱷᱟᱨᱚᱛ ᱨᱮ ᱫᱩᱨᱡᱳᱫᱷᱚᱱ ᱟᱜ ᱪᱩᱨᱤᱛ ᱨᱮᱫᱚ ᱵᱟᱭ ᱯᱟᱴ ᱟᱠᱟᱫᱟ ?
यह पूरी तरह से Dil Caky Hikbs है.	ᱱᱚᱶᱟᱫᱚ ᱮᱠᱟᱞ ᱫᱤᱞ ᱪᱟᱦᱟᱛᱟ ᱦᱮ ᱵᱷᱟᱭᱤᱵᱥ ᱾
प्रथम विश्‍व युद्ध के दौरान युद्ध के भयानक और अत्याचार देखने के बाद, राष्ट्र भविष्य में फिर से ऐसी स्थिति से दूर रहना चाहते थे ।	ᱯᱩᱭᱞᱩ ᱡᱮᱜᱮᱛ ᱞᱟᱹᱰᱷᱟᱹᱭ ᱨᱮᱭᱟᱜ ᱛᱟᱯᱟᱢ ᱨᱮ ᱦᱩᱭ ᱞᱮᱱ ᱵᱚᱛᱚᱨᱟᱱ ᱟᱨ ᱱᱟᱦᱟᱪᱟᱨ ᱠᱚ ᱠᱷᱟᱹᱛᱤᱨ, ᱫᱤᱥᱚᱢ ᱫᱚ ᱟᱜᱟᱢ ᱫᱤᱱᱨᱮ ᱱᱚᱠᱟᱱ ᱚᱵᱚᱥᱛᱟ ᱟᱞᱚ ᱦᱩᱭᱩᱜ ᱨᱮᱭᱟᱜᱼᱮ ᱴᱷᱟᱹᱣᱠᱟᱹ ᱟᱠᱟᱫᱟ᱾
विमान को पायलट जॉन ओगोनोव्स्की और प्रथम अधिकारी थॉमस मैकगिनैस उड़ा रहे थे।	ᱩᱰᱟᱹᱱ ᱜᱟᱹᱰᱤ ᱨᱮᱠᱤᱱ ᱛᱟᱦᱮᱸ ᱠᱟᱱᱟ ᱯᱟᱭᱞᱚᱴ ᱡᱚᱱ ᱳᱜᱳᱱᱳᱥᱠᱤ ᱟᱨ ᱯᱷᱟᱥᱴᱟᱨ ᱚᱯᱷᱤᱥᱟᱨ ᱴᱚᱢᱟᱥ ᱢᱮᱹᱠᱜᱤᱱᱮᱥ ᱾
यह तब भी हमारी व्यवस्था तक पहुँच सकती है जब हम इंटरनॆट पर एक हानिकर विज्ञापन पर क्लिक करते हैं ।	ᱟᱵᱚ ᱡᱚᱠᱷᱚᱱ ᱤᱱᱴᱟᱨᱱᱮᱴ ᱨᱮ ᱡᱟᱦᱟᱸᱱ ᱵᱤᱜᱽᱜᱟᱯᱚᱱ ᱨᱮᱵᱚᱱ ᱠᱞᱤᱠᱟ ᱩᱱᱚᱠᱛᱚ ᱱᱚᱶᱟ ᱫᱚ ᱟᱵᱚᱣᱟᱜ ᱥᱤᱥᱴᱮᱢ ᱨᱮ ᱦᱮᱡ ᱫᱟᱲᱮᱭᱟᱜᱼᱟ ᱾
मैं डेवनगागा और मेरी उम्र 39 है.	ᱤᱧ ᱫᱚ ᱫᱮᱵᱟᱝᱜᱟ ᱥᱳᱭᱠᱤᱭᱚ ᱟᱨ ᱤᱧᱟᱜ ᱩᱢᱮᱨ ᱫᱚ ᱓᱙ ᱾
यह तूफान का दूसरा दिन है, और पूरा शहर एक मुसीबत में है.	ᱱᱚᱶᱟ ᱫᱚ ᱦᱚᱭᱵᱷᱟᱨᱰᱳ ᱨᱮᱭᱟᱜ ᱫᱚᱥᱟᱨ ᱢᱟᱦᱟ, ᱟᱨ ᱜᱚᱴᱟ ᱥᱟᱦᱟᱨ ᱫᱚ ᱛᱟᱜᱟᱲ ᱱᱟᱪᱟᱲ ᱦᱟᱞᱚᱛ ᱨᱮ ᱢᱮᱱᱟᱜᱼᱟ ᱾
मैं दोबारा रैंप पर नहीं चलना चाहता। पिछली बार मैं बुरी तरह गिर गया था।	ᱤᱧ ᱫᱚ ᱟᱨ ᱨᱮᱢᱯ ᱨᱮ ᱛᱟᱲᱟᱢ ᱵᱟᱹᱧ ᱠᱷᱚᱡ ᱠᱟᱱᱟ ᱾ ᱤᱧ ᱫᱚ ᱦᱚᱞᱟ ᱟᱹᱰᱤ ᱵᱟᱹᱲᱤᱡᱤᱧ ᱧᱩᱨᱦᱟᱹ ᱞᱮᱱᱟ ᱾
उन्होंने रामीना और महला को एकसाथ पढ़ा था; उन्होंने युद्ध - समान कार्यों के वृत्तान्तों को साथ पढ़ा था, और उनके जवान हृदय एक साथ प्रतिष्ठित उत्प्रेरित से जुड़े हुए थे, जो हिंदू नायकवाद की कहानियों से भरा हुआ था ।	ᱩᱝᱠᱩ ᱫᱚ ᱨᱟᱢᱟᱭᱚᱱ ᱟᱨ ᱢᱚᱦᱟᱵᱷᱟᱨᱚᱛ ᱢᱤᱫ ᱥᱟᱶᱛᱮ ᱠᱩ ᱯᱟᱲᱦᱟᱣ ᱞᱮᱫᱟ; ᱩᱝᱠᱩ ᱫᱚ ᱢᱤᱫ ᱥᱟᱶᱛᱮ ᱢᱟᱦᱨᱟᱴᱴᱟ ᱠᱩᱣᱟᱜ ᱞᱟᱹᱲᱦᱟᱹᱭᱟᱱᱟᱜ ᱠᱟᱹᱢᱤ ᱨᱮᱭᱟᱜ ᱵᱚᱨᱱᱚᱱ ᱠᱩ ᱯᱟᱲᱦᱟᱣ ᱞᱮᱫᱟ ᱟᱨ ᱦᱤᱱᱫᱩ ᱯᱟᱹᱨᱩᱠᱷᱤᱭᱟᱹ ᱠᱚᱣᱟᱜ ᱠᱟᱹᱦᱱᱤ ᱠᱩ ᱡᱟᱦᱟᱸ ᱢᱚᱦᱚᱠᱟᱱ ᱩᱫᱜᱟᱹᱣᱟᱱᱟᱜ ᱛᱮᱭ ᱡᱟᱜᱣᱟᱨᱞᱮᱱᱟ ᱚᱱᱟᱛᱮ ᱩᱝᱠᱩᱣᱟᱜ ᱡᱩᱣᱟᱹᱱ ᱢᱚᱱ ᱢᱤᱫᱞᱮᱱ ᱛᱟᱠᱩᱣᱟ ᱾
हैलो, यह एक Eviva के लिए लागू मेरी पहली बार है.	ᱦᱮᱞᱳ, ᱱᱮ ᱯᱩᱭᱞᱩ ᱫᱷᱚᱢ ᱤᱼᱵᱷᱤᱥᱟᱨ ᱞᱟᱹᱜᱤᱫ ᱤᱧ ᱟᱹᱨᱡᱤᱭᱮᱫᱟ ᱾
हम भी कुछ fun-unch- fonnuck सूप है कि आप पर एक नज़र रखना चाहते हैं.	ᱟᱞᱮᱴᱷᱮᱱ ᱠᱤᱪᱷᱤ ᱜᱞᱩᱴᱮᱱᱼᱯᱷᱨᱤ ᱥᱩᱯ ᱡᱚᱢᱟᱜ ᱢᱮᱱᱟᱜᱼᱟ ᱡᱟᱦᱟᱸᱫᱚ ᱟᱢᱮᱢ ᱧᱮᱞ ᱫᱟᱲᱮᱭᱟᱜᱼᱟ ᱾
मेरे पास सत्तर बच्चा हैं।	ᱤᱧ ᱴᱷᱮᱱ ᱮᱭᱟᱭ ᱜᱮᱞ ᱜᱚᱴᱟᱝ ᱜᱤᱫᱽᱨᱟᱹ ᱢᱮᱱᱟᱜᱼᱟ ᱠᱚᱣᱟ।
गिनती: सत्रह।	ᱞᱮᱠᱷᱟ: ᱜᱮᱞ ᱮᱭᱟᱭ।
ब्रिस्टल भालू (अंग्रेजी संघ) और कार्वरीका राज्य स्कैट क्लब भी शहर में आधारित हैं.	ᱵᱨᱤᱥᱴᱚᱞ ᱵᱤᱭᱟᱨᱥ (ᱨᱟᱜᱵᱤ ᱤᱭᱩᱱᱤᱭᱚᱱ) ᱟᱨ ᱜᱞᱩᱪᱮᱥᱴᱟᱨᱥᱟᱭᱟᱨ ᱡᱤᱞᱟᱹ ᱠᱨᱤᱠᱮᱴ ᱠᱞᱟᱵ ᱦᱚᱸ ᱱᱤᱭᱟᱹ ᱥᱟᱦᱟᱨ ᱨᱮᱜᱤ ᱢᱮᱱᱟᱜᱼᱟ ᱾
एक नक़ली एक तीन- मंज़िली चित्र है जो मिट्टी, पत्थर, धातु, या लकड़ी की तरह पारंपरिक सामग्री के साथ बनाया गया है।	ᱠᱷᱩᱫᱟᱹᱭᱠᱟᱹᱨᱤ ᱫᱚ ᱢᱤᱫᱴᱟᱝ ᱯᱮᱱᱮᱢᱟᱛᱨᱤᱠ ᱧᱮᱞᱧᱟᱢᱚᱜᱠᱟᱱ ᱪᱤᱛᱟᱹᱨ ᱡᱟᱦᱟᱸ ᱫᱚ ᱦᱟᱥᱟ, ᱫᱷᱤᱨᱤ ᱥᱮᱨᱟᱢᱤᱠ ᱫᱷᱟᱹᱛᱩ ᱥᱮ ᱠᱟᱴᱷ ᱞᱮᱠᱟᱱ ᱦᱩᱭᱦᱤᱡᱩᱜᱠᱟᱱ ᱫᱩᱨᱤᱵᱛᱮ ᱵᱮᱱᱟᱜᱼᱟ ᱾
वालीकी की राजधानी का वर्णन से यह स्पष्ट है कि प्राचीन अयोध हमारे आधुनिक शहरों से कम नहीं था।	ᱠᱳᱥᱚᱞ ᱨᱮᱭᱟᱜ ᱨᱟᱡᱜᱟᱲ ᱵᱟᱵᱚᱫ ᱵᱟᱞᱢᱤᱠᱤᱭᱟᱜ ᱵᱚᱨᱱᱚᱱ ᱠᱷᱚᱱ ᱱᱤᱭᱟᱹ ᱫᱚ ᱯᱩᱥᱴᱟᱹᱣ ᱜᱮᱭᱟ ᱡᱮ ᱢᱟᱨᱮᱱ ᱚᱡᱚᱫᱫᱷᱟ ᱫᱚ ᱟᱵᱩᱱᱟᱜᱽ ᱱᱟᱦᱟᱜ ᱥᱟᱦᱟᱨᱠᱩ ᱠᱷᱚᱱ ᱠᱚᱢ ᱫᱚ ᱵᱟᱭ ᱛᱟᱦᱮᱸᱠᱟᱱᱟ ᱾
गिनती: पचास।	ᱞᱮᱠᱷᱟ: ᱢᱚᱬᱮ ᱜᱮᱞ।
शहर में बढ़ती हुई वृद्धि का परिणाम विशाल यातायात ग्रिड्स में हुआ; एक मक्खीी व्यवस्था और एक रास्ते से ट्रैफिक व्यवस्थाओं का परिचय किया गया, जो केवल सीमित रूप से सफल थे.	ᱥᱟᱦᱟᱨ ᱨᱮᱭᱟᱜ ᱟᱹᱛᱷᱟᱹᱣᱲᱤ ᱵᱟᱲᱦᱟᱣ ᱫᱚ ᱜᱟᱹᱰᱤᱼᱜᱷᱚᱲᱟ ᱦᱤᱡᱩᱜᱼᱥᱮᱱᱚᱜ ᱨᱮ ᱢᱟᱨᱟᱝ ᱟᱱᱟᱴ ᱮ ᱥᱤᱨᱡᱟᱹᱣ ᱮᱫᱟ; ᱢᱤᱫᱴᱟᱝ ᱥᱩᱢᱩᱝ ᱩᱲᱟᱞᱯᱳᱞ ᱵᱚᱫᱷᱮᱡ ᱱᱟᱥᱮᱱᱟᱜ ᱥᱤᱜᱤᱞ ᱟᱠᱟᱱᱟ ᱟᱨ ᱮᱠᱢᱩᱠᱷᱤ ᱴᱨᱟᱯᱷᱤᱠ ᱵᱚᱱᱫᱷᱮᱡ ᱪᱟᱹᱞᱩ ᱞᱮᱱᱟ ᱾
इसका क्या मतलब है?	ᱱᱚᱣᱟ ᱨᱮᱭᱟᱜ ᱢᱮᱱᱮᱛ ᱪᱮᱫ ᱠᱟᱱᱟ?
ऑब्स्टेकल कोर्स रेस के दौरान विशाल बाधा को देखकर दिव्या डर से सन्न रह गई।	ᱵᱟᱝ ᱫᱟᱲᱮᱭᱟᱜ ᱠᱳᱨᱥ ᱨᱮᱭᱟᱜ ᱫᱟᱹᱲ ᱚᱠᱛᱚ ᱢᱟᱨᱟᱝ ᱡᱟᱸᱜᱮ ᱧᱮᱞ ᱠᱟᱛᱮ ᱵᱚᱛᱚᱨ  ᱮᱱᱟᱭ ᱫᱤᱵᱽᱵᱟ ᱾
सन्‌ 2010 के संघीय चुनाव के दौरान मैकरीका प्रधानमंत्री यूलिली ने दावा किया कि वह ऑस्ट्रेलिया में विश्‍वास करती है कि रानी एलिजाबेथ II के शासन के अंत में एक गणराज्य बन जाना चाहिए.	ᱠᱟᱹᱢᱤᱪᱟᱪᱞᱟᱣᱤᱭᱟᱹ ᱯᱨᱚᱫᱷᱟᱱ ᱢᱚᱱᱛᱨᱤ ᱡᱩᱞᱤᱭᱟ ᱜᱤᱞᱞᱟᱨᱰ ᱫᱚ ᱒᱐᱑᱐ ᱨᱮᱭᱟᱜ ᱥᱚᱝᱜᱷᱤᱭᱚ ᱵᱟᱪᱷᱱᱟᱣ ᱨᱮᱭᱟᱜ ᱚᱵᱷᱤᱡᱟᱱ ᱦᱤᱨᱤ ᱢᱩᱸᱫᱽᱨᱮ ᱫᱟᱹᱵᱤ ᱠᱚᱨᱟᱣ ᱞᱮᱜᱼᱟᱭ ᱡᱮ ᱟᱡᱟᱜ ᱵᱩᱡᱷᱟᱹᱣ ᱨᱮ ᱢᱚᱦᱟᱨᱟᱱᱤ ᱮᱞᱤᱡᱟᱵᱮᱛᱷ ᱫᱚᱥᱟᱨ ᱥᱟᱥᱚᱱ ᱯᱟᱹᱨᱤ ᱢᱩᱪᱟᱹᱫ ᱨᱮ ᱚᱥᱴᱨᱮᱞᱤᱭᱟ ᱫᱚ ᱢᱤᱫᱴᱟᱹᱝ ᱜᱚᱬᱚᱨᱟᱡᱽᱭᱚ ᱵᱮᱱᱟᱣᱜ ᱞᱟᱹᱠᱛᱤ ᱢᱮᱱᱟᱜ-ᱟI
मेरे बैग में एक छिपकली है। मुझे क्या करना चाहिए?	ᱤᱧᱟᱹᱜ ᱵᱮᱜ ᱨᱮ ᱢᱤᱫᱴᱟᱝ ᱾ ᱤᱧ ᱪᱮᱫ ᱠᱚᱨᱟᱣ ᱞᱟᱹᱠᱛᱤᱪᱮᱨᱪᱮᱴᱮᱡ ᱢᱮᱱᱟᱭᱟ ᱾ ᱤᱧᱟᱜ ᱪᱮᱫ ᱪᱮᱠᱟᱭ ᱞᱟᱹᱜᱛᱤᱭᱟ ?
आप तकलीफ में हैं। आप ऑर्थो डॉक्टर के पास क्यों नहीं जाएंगे?	ᱟᱢ ᱫᱚ ᱠᱚᱥᱴᱚᱜ ᱠᱟᱱᱟᱢ ᱾ ᱟᱢ ᱫᱚ ᱟᱨᱛᱷᱚ ᱨᱮ ᱵᱟᱢ ᱪᱟᱞᱟᱜᱼᱟ ᱪᱮᱫᱟ ?
धन्यवाद! मुझे बहुत खुशी है कि आपको मेरा खाना पसंद आया (शेफ)।	ᱟᱭᱢᱟ ᱥᱟᱨᱦᱟᱣ ! ᱤᱧ ᱠᱩᱥᱤᱭᱮᱱᱟ ᱡᱮ ᱟᱢ ᱤᱧᱟᱹᱜ ᱡᱚᱢᱟᱜ ᱮᱢ ᱠᱩᱥᱤ ᱟᱠᱟᱫᱟ (ᱤᱥᱤᱱᱼᱤᱡ)᱾
छः	ᱛᱩᱨᱩᱭ
इसके अलावा, यह भी कहा जाता है कि ऐसे इलाकों में नए निर्माण काम को रोकने के लिए नए - नए तरीके इस्तेमाल किए जा सकते हैं, जहाँ बाढ़ का खतरा बहुत ज़्यादा होता है ।	ᱠᱟᱹᱢᱤ ᱞᱟᱜᱟᱜ ᱞᱮᱠᱟᱱᱟᱜ ᱦᱩᱱᱟᱹᱨ ᱠᱟᱹᱨᱤ ᱠᱚ ᱢᱩᱫᱨᱮ ᱥᱮᱞᱮᱫ ᱢᱮᱱᱟᱜ ᱟ ᱵᱟᱱ ᱨᱮᱭᱟᱜ ᱢᱟᱨᱟᱝ ᱫᱟᱹᱵ ᱥᱟᱶᱛᱮ ᱫᱟᱵ ᱞᱮᱠᱟᱱ ᱴᱚᱴᱷᱟᱨᱮ ᱱᱟᱣᱟᱛᱮ ᱚᱲᱟᱜ ᱵᱮᱱᱟᱣ ᱢᱟᱱᱟ, ᱠᱮᱴᱮᱡ ᱚᱛ ᱠᱷᱚᱱ ᱪᱚᱴᱚᱠᱟᱱ ᱞᱤᱸᱡᱤᱱ ᱠᱚ ᱠᱚᱢ ᱤᱫᱤᱭ, ᱱᱟᱣᱟᱱ ᱩᱛᱷᱱᱟᱹᱣ ᱨᱮ ᱦᱚᱭ ᱫᱟᱜ ᱥᱟᱵ ᱫᱚᱦᱚ ᱨᱮᱭᱟᱜ ᱠᱟᱴᱷᱟᱢᱳ ᱨᱮ ᱞᱟᱹᱠᱛᱤᱭᱟᱱ ᱵᱚᱱᱚᱫᱚᱞ ᱟᱨ ᱡᱷᱚᱢᱚᱨ ᱡᱟᱹᱲᱤ ᱠᱷᱚᱱ ᱫᱟᱜ ᱥᱚᱸᱛᱟᱞ ᱠᱷᱚᱱ ᱨᱩᱠᱷᱤᱭᱟᱹ ᱫᱚᱦᱚᱭ ᱾
डी. एन. ए.	ᱦᱟᱹᱨᱥ ᱟᱨ ᱪᱮᱥ ᱯᱨᱚᱭᱚᱜᱽ ᱫᱚ ᱯᱨᱚᱢᱤᱠᱷ ᱥᱩᱡᱷᱟᱹᱣ ᱠᱷᱚᱱ ᱢᱤᱫᱴᱟᱹᱝ ᱛᱟᱦᱮᱸ ᱠᱟᱱᱟ ᱡᱮ ᱰᱤᱹᱮᱱᱹᱮᱹ ᱢᱤᱫᱴᱟᱹᱝ ᱚᱱᱩᱵᱚᱝᱥᱤᱠ ᱡᱤᱱᱤᱥ ᱛᱟᱦᱮᱸ ᱠᱟᱱᱟ᱾
जी हाँ, यह सही है ।	ᱦᱮᱸ ᱱᱚᱶᱟ ᱡᱚᱛᱷᱟᱛ ᱜᱮᱭᱟ ᱾
मैंने उस पेंटिंग पर 5 सप्ताह बिताए लेकिन फिर मेरे छोटे भाई ने उस पर कॉफी गिरा दी। मेरी सारी मेहनत बेकार चली गई।	ᱤᱧ ᱚᱱᱟ ᱪᱤᱛᱟᱹᱨ ᱞᱟᱹᱜᱤᱫ ᱕ ᱦᱟᱯᱛᱟ ᱚᱠᱛᱚᱧ ᱵᱤᱛᱟᱹᱣᱟᱠᱟᱫᱟ ᱢᱮᱱᱠᱷᱟᱱ ᱚᱱᱟ ᱛᱟᱭᱚᱢ ᱤᱧᱨᱮᱱ ᱠᱟᱹᱴᱤᱡ ᱵᱚᱭᱦᱟ ᱚᱱᱟ ᱪᱮᱛᱟᱱ ᱨᱮ ᱠᱚᱯᱷᱤᱭ ᱪᱷᱤᱴᱭᱟᱹᱣᱟᱫ ᱛᱟᱦᱮᱠᱟᱱᱟ ᱾ ᱤᱧᱟᱜ ᱡᱚᱛᱚ ᱠᱷᱟᱴᱟᱣ ᱱᱚᱥᱴᱚᱭᱮᱱᱟ ᱾
द हिंदू अखबार खुले तौर पर कम्युनिस्ट है और अब स्वतंत्र पत्रकारिता का प्रतिनिधित्व नहीं करता है।	ᱦᱤᱱᱫᱩ ᱰᱚᱜᱚᱨ ᱥᱟᱠᱟᱢ ᱫᱚ ᱥᱟᱯᱷᱟᱼᱥᱟᱹᱯᱷᱤ ᱥᱟᱹᱦᱤᱡ ᱜᱮ ᱠᱚᱢᱤᱭᱩᱱᱤᱥᱴ ᱟᱨ ᱯᱷᱩᱨᱜᱟᱹᱞ ᱰᱚᱜᱚᱨᱤᱭᱟᱹ ᱨᱮᱭᱟᱜ ᱫᱚ ᱵᱟᱠᱚ ᱢᱟᱲᱛᱮᱭᱟ ᱾
उन संतरों से बदबू आ रही है और वे बहुत पिलपिले हैं।	ᱱᱚᱣᱟ ᱠᱚᱢᱞᱟ ᱞᱤᱵᱩ ᱨᱮᱭᱟᱜ ᱥᱚ ᱟᱹᱰᱤ ᱵᱟᱹᱲᱤᱡ ᱟᱨ ᱟᱹᱰᱤ ᱞᱟᱹᱵᱤᱫ ᱾
हाँ, यह एक बिहारिक है.	ᱦᱮᱸ, ᱱᱚᱶᱟᱫᱚ ᱵᱤᱦᱟᱨᱤ ᱠᱚᱣᱟᱜ ᱠᱟᱱᱟ ᱾
आपकी बेईमानी और सम्मान की कमी ने मुझे घृणा से भर दिया है।	ᱟᱢᱟᱜ ᱵᱮ ᱥᱟᱹᱨᱤᱭᱟᱜ ᱟᱨ ᱢᱟᱹᱱ ᱮᱢ ᱨᱮᱭᱟᱜ ᱚᱵᱷᱟᱵ ᱤᱧᱮ ᱨᱟᱸᱜᱟᱣ ᱚᱪᱚᱣᱟᱠᱟᱫᱤᱧᱟ ᱾
यह पहली बार है जब मैं इस ब्रांड के साथ ऐसा कुछ होते सुन रहा हूँ। क्या आप सुनिश्चित हैं कि आपने इसका गलत उपयोग नहीं किया? (जूता विक्रेता)।	ᱱᱚᱶᱟ ᱵᱨᱮᱱᱰ ᱥᱟᱞᱟᱜ ᱱᱚᱝᱠᱟᱱ ᱠᱤᱪᱷᱩ ᱜᱷᱚᱴᱟᱣ ᱟᱠᱟᱱᱟ ᱱᱚᱶᱟᱜᱮ ᱯᱳᱭᱞᱳᱧ ᱟᱧᱡᱚᱢ ᱮᱫᱟ ᱾ ᱟᱢ ᱪᱮᱫ ᱥᱤᱭᱳᱨ ᱜᱮᱭᱟᱢ ᱡᱮ ᱟᱢ ᱱᱚᱶᱟ ᱨᱮᱭᱟᱜ ᱵᱮᱼᱵᱟᱹᱲᱤᱡ ᱵᱟᱢ ᱵᱮᱣᱦᱟᱨ ᱟᱠᱟᱫᱟ ? (ᱯᱟᱱᱟᱦᱤ  ᱟᱹᱠᱷᱨᱤᱧᱤᱭᱟᱹ)
एरीएज विभाग के एरोन्डिसमेंट: एरीएज विभाग में 3 एरोन्डिसमेंट हैं।	ᱮᱹᱨᱤᱡ ᱰᱤᱯᱟᱨᱴᱢᱮᱱᱴ ᱨᱮ ᱓ ᱭᱟ ᱮᱹᱨᱳᱱᱰᱤᱥᱮᱢᱮᱱᱴ ᱢᱮᱱᱟᱜᱼᱟ ᱾
मैंने कल अपनी पहली पेंटिंग 3600 रुपये में बेची। खरीदार ने कहा कि उसे मेरी पेंटिंग बहुत पसंद आई!	ᱦᱚᱞᱟ ᱤᱧ ᱫᱚ ᱤᱧᱟᱜ ᱪᱤᱛᱟᱹᱨ ᱓᱖᱐᱐ ᱠᱟᱹᱣᱰᱤ ᱛᱮᱧ ᱟᱹᱠᱷᱨᱤᱧ ᱟᱠᱟᱫᱟ ᱾ ᱠᱤᱨᱤᱧᱤᱭᱟᱹᱭ ᱢᱮᱛᱟᱫᱤᱧᱟ ᱩᱱᱤ ᱫᱚ ᱤᱧᱟᱜ ᱪᱤᱛᱟᱹᱨᱮ ᱠᱩᱥᱤᱭᱟᱠᱟᱫᱟ !
क्या ये केवल वही चीज़ें हैं जो मैं चाहता हूँ?	ᱱᱚᱶᱟ ᱤᱧ ᱞᱟᱹᱠᱛᱤᱭᱟᱱ ᱡᱟᱦᱟᱸ ᱥᱩᱢᱩᱝ ᱫᱩᱨᱤᱵᱽ ?
मिस्टर सुब्रमण्यम एक बहुत ही मजाकिया हास्य अभिनेता हैं। पार्वती, उनके शो में जाना बहुत अच्छा विचार था।	ᱢᱤᱥᱴᱟᱨ ᱥᱩᱵᱨᱟᱢᱟᱱᱤᱭᱟᱢ ᱫᱚ ᱟᱹᱰᱤ ᱨᱟᱹᱥᱠᱟᱹᱣᱟᱱ ᱞᱟᱸᱫᱟᱣᱟᱱ ᱯᱟᱴᱷᱚᱠᱤᱭᱟᱹ ᱠᱟᱱᱟᱭ ᱾ ᱩᱱᱤᱭᱟᱜ ᱥᱳ ᱨᱮ ᱪᱟᱞᱟᱜ ᱫᱚ ᱟᱹᱰᱤ ᱵᱷᱟᱜᱮ ᱰᱷᱟᱨᱚᱱᱟ ᱛᱟᱦᱮᱠᱟᱱᱟ ᱯᱟᱨᱵᱚᱛᱤ ᱾
हे भगवान! आप इन सब गलत नहीं कहाँ से मिलता है?	ᱳᱦ, ᱪᱟᱸᱫᱳ ! ᱚᱠᱟ ᱠᱷᱚᱱᱮᱢ ᱧᱟᱢᱟ ᱱᱚᱝᱠᱟᱱ ᱵᱟᱹᱲᱤᱡ ᱩᱭᱦᱟᱹᱨ ᱵᱷᱟᱵᱱᱟ ?
प्रवेश	ᱵᱚᱞᱚᱱ ᱰᱟᱦᱟᱨ
मार्च के दौरान, गर्मी की लहरों को सबसे ज़्यादा जगहों में देखा गया था, और 29- 31 मार्च के दौरान पश्‍चिम राजस्थान पर जा रहे थे ।	ᱢᱟᱨᱪ ᱢᱟᱹᱱᱦᱟᱹ ᱨᱮ, ᱟᱭᱢᱟ ᱡᱟᱭᱜᱟ ᱠᱚᱨᱮ ᱞᱚᱞᱚ ᱦᱚᱭᱼᱦᱤᱥᱤᱛ ᱧᱮᱞᱟᱠᱟᱱᱟ, ᱢᱟᱨᱪ ᱢᱟᱹᱱᱦᱟᱹ ᱨᱮᱭᱟᱜ ᱒᱙ᱼ᱓᱑ ᱚᱠᱛᱮ ᱨᱮ ᱯᱟᱹᱪᱷᱤᱢ ᱨᱟᱡᱚᱥᱛᱷᱟᱱ ᱨᱮᱭᱟᱜ ᱵᱮᱜᱟᱨ ᱡᱟᱭᱜᱟ ᱠᱚᱨᱮ ᱵᱮᱜᱟᱨ ᱵᱮᱜᱟᱨ ᱞᱚᱞᱚ ᱦᱚᱭ ᱦᱤᱥᱤᱫ ᱚᱵᱚᱥᱛᱷᱟ ᱦᱩᱭᱩᱜ ᱠᱟᱱ ᱛᱟᱦᱮᱸᱠᱟᱱᱟ ᱾
अन्ना डायनोवा: अन्ना डायनोवा एक यूक्रेनी वैचारिक चित्रकार और मल्टीमीडिया कलाकार हैं।	ᱟᱱᱟ ᱰᱟᱭᱟᱱᱳᱵᱷᱟ ᱟᱱᱱᱟ ᱰᱟᱭᱟᱱᱳᱵᱷᱟ ᱫᱚ ᱢᱤᱫᱦᱚᱲ ᱤᱭᱩᱠᱨᱮᱱᱤᱭᱚ ᱫᱷᱟᱨᱚᱱᱟ ᱟᱱᱟᱜ ᱪᱤᱛᱟᱹᱨ ᱵᱤᱨᱤᱫ ᱟᱨ ᱢᱟᱞᱴᱤᱢᱤᱰᱤᱭᱟ ᱵᱤᱨᱤᱫ ᱾
वह निश्चित रूप से एक महीने का मतलब नहीं था?	ᱩᱱᱤ ᱫᱚ ᱢᱤᱫ ᱪᱟᱸᱫᱚ ᱩᱛᱟᱹᱨ ᱫᱚ ᱵᱟᱭ ᱢᱟᱱᱟᱣ ᱞᱮᱫᱟ ?
लेकिन उन्हें १८ साल की उम्र या उससे ऊपर होना चाहिए ।	ᱮᱱᱠᱷᱟᱱ ᱩᱱᱤᱭᱟᱜ ᱩᱢᱮᱨ ᱑᱘ ᱥᱮᱨᱢᱟ ᱥᱮ ᱚᱱᱟ ᱠᱷᱚᱱ ᱰᱷᱮᱨ ᱦᱩᱭᱩᱜ ᱞᱟᱹᱠᱛᱤ ᱠᱟᱱᱟ ᱾
उन्होंने लघु कथाएँ, उपन्यास, नाटक, निबंध और कविताएँ लिखीं।	ᱩᱱᱤ ᱫᱚ ᱦᱩᱰᱤᱧ ᱠᱟᱹᱦᱚᱱᱤ, ᱜᱟᱢᱟᱢ, ᱦᱩᱰᱤᱧ ᱠᱟᱹᱦᱚᱱᱤ, ᱚᱱᱚᱞ ᱟᱨ ᱚᱱᱚᱲᱦᱮ ᱮ ᱚᱞ ᱟᱠᱟᱫᱟ ᱾
मुझे बहुत गुस्सा आ रहा है कि फिल्म इतनी घटिया बनाई गई थी। मुझे विश्वास नहीं हो रहा कि मैंने इस पर अपना समय और पैसा बर्बाद किया।	ᱤᱧ ᱫᱚ ᱟᱹᱰᱤᱧ ᱨᱟᱸᱜᱟᱣᱮᱱᱟ ᱡᱮ ᱪᱚᱞᱚᱛ ᱪᱤᱛᱟᱹᱨ ᱫᱚ ᱱᱩᱱᱟᱹᱜ ᱵᱟᱹᱲᱤᱡ ᱞᱮᱠᱟᱛᱮ ᱛᱮᱭᱟᱨ ᱟᱠᱟᱱᱟ ᱾ ᱤᱧ ᱵᱟᱹᱧ ᱯᱟᱹᱛᱭᱟᱹᱣ ᱫᱟᱲᱮᱭᱟᱜ ᱠᱟᱱᱟ ᱡᱮ ᱚᱱᱟᱨᱮ ᱤᱧᱟᱜ ᱚᱠᱛᱚ ᱟᱨ ᱠᱟᱹᱣᱰᱤᱧ ᱱᱚᱥᱴᱚ ᱟᱠᱟᱫᱟ ᱾
जी हाँ ।	ᱮᱠᱟᱞ ᱜᱮ ᱱᱚᱶᱟᱫᱚ ᱾
इनमें से कुछ आयतों में साफ - साफ बताया गया है कि उसे इंसानों से क्या कहना चाहिए ।	ᱱᱤᱭᱟᱹ ᱥᱞᱳᱠ ᱢᱩᱫᱨᱮ ᱠᱤᱪᱷᱤ ᱩᱫᱜᱷᱟᱹᱴᱚᱱ ᱨᱮᱭᱟᱜ ᱫᱷᱚᱨᱚᱱᱮ ᱩᱫᱩᱜᱟᱠᱟᱫᱟ, ᱡᱟᱦᱟᱹ ᱨᱮᱫᱚ ᱥᱚᱱᱚᱛ ᱚᱱᱛᱚᱨ ᱡᱚᱨᱟᱛᱷᱩᱥᱴᱨᱚ ᱨᱮ ᱵᱚᱞᱚᱱᱟ ᱟᱨ ᱢᱟᱱᱣᱟᱡᱟᱹᱛᱤᱠᱩ ᱪᱮᱫ ᱞᱟᱹᱭ ᱜᱟᱱᱚᱜᱽ ᱚᱱᱟᱭ ᱞᱟᱹᱭᱟ ᱾
जुआन फ्यूट फैडियो पाँच बार एक विश्‍व दल है जो चार भिन्‍न टीमों के अधीन है, उसकी १८४ अंतर्राष्ट्रीय दौड़ का विजेता है, और व्यापक रूप से हर समय का सबसे बड़ा ड्राइवर माना जाता है ।	᱑᱘᱔ ᱜᱚᱴᱟᱝ ᱡᱮᱜᱮᱫᱡᱟᱠᱟᱛ ᱦᱮᱯᱨᱟᱣ ᱨᱮ ᱑᱐᱒ ᱜᱚᱴᱟᱝ ᱨᱮ ᱡᱤᱛᱠᱟᱹᱨ ᱟᱠᱟᱱ ᱟᱨ ᱡᱚᱛᱚ ᱠᱟᱞᱨᱮᱱ ᱥᱚᱨᱮᱥ ᱪᱟᱞᱟᱣᱤᱡ ᱦᱤᱥᱟᱹᱵᱛᱮ ᱰᱷᱮᱨ ᱠᱟᱭᱛᱮ ᱥᱤᱠᱟᱹᱨᱟᱱ ᱡᱩᱣᱟᱹᱱ ᱢᱮᱱᱩᱣᱟᱞ ᱯᱷᱟᱝᱜᱣᱳ ᱯᱩᱱᱭᱟ ᱵᱷᱮᱜᱟᱨ ᱜᱟᱫᱮᱞ ᱦᱩᱭ ᱠᱟᱛᱮ ᱢᱚᱬᱮ ᱫᱷᱟᱣ ᱯᱷᱚᱨᱢᱩᱞᱟ ᱳᱣᱟᱱ ᱡᱮᱜᱮᱫ ᱪᱮᱢᱯᱤᱭᱚᱱ ᱦᱩᱭ ᱟᱠᱟᱱᱟᱭ ᱾
मूल रूप से, इसमें बायोग्रेस की पीढ़ी सम्मिलित है जो कि जटिल परिवर्तन, रासायनिक परिवर्तन, और जैविक परिवर्तन जैसे विविध तरीकों से ऊर्जा- विभिन्न तरीकों में रूपांतरित किया जा सकता है।	ᱢᱩᱰᱩᱛᱞᱮᱠᱟᱛᱮ, ᱱᱤᱭᱟᱹ ᱫᱚ ᱡᱤᱵᱤᱭᱟᱹ ᱵᱚᱸᱥ ᱥᱟᱶ ᱡᱚᱯᱚᱲᱟᱣᱟᱠᱟᱱ ᱡᱟᱦᱟᱸ ᱫᱚ ᱮᱴᱟᱜ ᱮᱴᱟᱜ ᱦᱚᱨᱟ ᱨᱮ ᱫᱩᱨᱤᱵ ᱠᱩ ᱥᱟᱶ ᱢᱮᱱᱟᱜ ᱥᱩᱵᱤᱫᱷᱟ ᱮᱱᱟᱨᱡᱤ ᱨᱮᱭ ᱯᱷᱮᱨᱟᱣ ᱫᱟᱲᱮᱭᱟᱜᱼᱟ, ᱫᱟᱹᱭᱠᱟᱹ ᱞᱮᱠᱟᱛᱮ ᱛᱷᱟᱨᱢᱟᱞ ᱟᱹᱨᱩ ᱯᱷᱮᱨᱟᱣ, ᱨᱟᱥᱟᱭᱱᱤᱠ ᱟᱹᱨᱩ ᱯᱷᱮᱨᱟᱣ ᱟᱨ ᱡᱤᱵᱤᱭᱟᱹ ᱨᱟᱥᱟᱭᱱᱤᱠ ᱟᱹᱨᱩ ᱯᱷᱮᱨᱟᱣ ᱾
यह सन्‌ 1929 में श्‍वेत लोगों की सेना में काम करता था ।	᱑᱙᱒᱙ ᱨᱮ ᱨᱮᱡᱤᱱᱟᱞᱰ ᱤᱱᱮᱥ ᱯᱳᱠᱚᱠ ᱫᱟᱨᱟᱭ ᱛᱮ ᱯᱮᱱᱛᱷᱚᱨᱟ ᱵᱚᱨᱜᱚ ᱨᱮ ᱥᱮᱞᱮᱫ ᱞᱮᱱᱟ ᱱᱚᱶᱟ ᱫᱚ ᱾
राहुल! आज पी.टी. सर ने कहा कि हमारा कोई व्यायाम नहीं होगा और हम 1 घंटे खेल सकते हैं! जल्दी आओ, गेंद लाते हैं!	ᱨᱟᱡᱩᱞ! ᱛᱮᱦᱮᱧ ᱯᱤ ᱴᱤ ᱢᱟᱪᱮᱫ ᱫᱚ ᱞᱟᱹᱭ ᱟᱠᱟᱫᱟᱭ ᱡᱮ, ᱟᱵᱚᱣᱟᱜ ᱡᱟᱦᱟᱱ ᱵᱮᱭᱟᱢ ᱵᱟᱝ ᱦᱩᱭᱩᱜᱼᱟ ᱟᱨ ᱑ ᱴᱟᱲᱟᱝ ᱵᱚᱱ ᱠᱷᱮᱞ ᱫᱟᱲᱮᱭᱟᱜᱼᱟ ! ᱞᱚᱜᱚᱱ ᱦᱤᱡᱩᱜ ᱢᱮ, ᱵᱚᱞ ᱞᱟᱝ ᱟᱹᱜᱩᱞᱮᱜᱮ !
यह जानकर मुझे आश्चर्य हुआ कि इनमें से कुछ साइबर हमले कितने परिष्कृत हो सकते हैं। सतर्क रहना और ऑनलाइन खुद को सुरक्षित रखना महत्वपूर्ण है।	ᱱᱚᱣᱟ ᱥᱟᱭᱵᱟᱨ ᱜᱷᱟᱹᱞ ᱨᱮᱭᱟᱜ ᱠᱤᱪᱷ ᱛᱤᱱᱟᱹᱜ ᱟᱸᱴ ᱱᱟᱦᱟᱜ ᱟᱱᱟᱜ ᱦᱩᱭ ᱫᱟᱲᱮᱭᱟᱜᱼᱟ  ᱚᱱᱟ ᱵᱟᱰᱟᱭ ᱠᱟᱛᱮᱫ ᱤᱧ ᱫᱚᱧ ᱦᱟᱦᱟᱲᱟ ᱟᱠᱟᱱᱟ ᱾ ᱥᱚᱱᱛᱚᱨ ᱛᱟᱦᱮᱱ ᱟᱨ ᱚᱱᱞᱟᱭᱤᱱ ᱨᱮ ᱱᱤᱡᱟᱹ ᱨᱩᱠᱷᱭᱟᱹᱭ ᱜᱮ ᱢᱟᱲᱟᱝ ᱟᱱᱟᱜ ᱫᱚ ᱾
किसी भी खेल में अच्छा बनने के लिए अनुशासन सबसे महत्वपूर्ण गुण है। यह मत सोचो कि तुम आधा घंटा देर से आकर भी एक अच्छे खिलाड़ी बन सकते हो।	ᱡᱟᱦᱟᱱ ᱠᱷᱮᱞᱳᱰ ᱨᱮᱜᱮ ᱵᱷᱟᱜᱮ ᱦᱩᱭᱩᱜ ᱞᱟᱹᱜᱤᱫ ᱟᱹᱨᱤᱪᱟᱹᱞᱤ ᱫᱚ ᱡᱚᱛᱚᱠᱷᱚᱱ ᱥᱚᱨᱮᱥ ᱜᱩᱱ ᱠᱟᱱᱟ ᱾ ᱟᱞᱚᱢ ᱢᱚᱱᱮᱭᱟ ᱡᱮ ᱟᱢ ᱫᱚ ᱟᱫᱷᱟ ᱜᱷᱚᱱᱴᱟ ᱵᱤᱞᱚᱱ ᱠᱟᱛᱮᱫ ᱮᱢ ᱩᱫᱩᱜᱚᱜᱼᱟ ᱟᱨ  ᱱᱤᱛ ᱜᱮ ᱟᱢ ᱫᱚ ᱢᱤᱫᱴᱟᱝ ᱵᱷᱟᱜᱮ ᱠᱷᱮᱞᱳᱰᱤᱭᱟᱹᱢ ᱦᱩᱭ ᱫᱟᱲᱮᱭᱟᱜᱼᱟ ᱾
यह क्या किया जाता है?	ᱱᱚᱶᱟᱫᱚ ᱪᱮᱫ ᱛᱮ ᱵᱮᱱᱟᱜᱼᱟ ?
उसी तरह, वन देश जो वर्तमान में कम मूल्यित जातियों द्वारा नियंत्रित किया जाता है भविष्य में अधिक मूल्यवान बन सकता है, और इसके विपरीत होता है.	ᱚᱝᱠᱟ ᱞᱮᱠᱟᱜᱤ, ᱵᱤᱨ ᱦᱟᱥᱟ ᱡᱟᱦᱟᱸ ᱫᱚ ᱱᱮᱛᱟᱨ ᱠᱚᱢᱼᱫᱟᱢᱟᱱ ᱯᱨᱚᱡᱟᱹᱛᱤ ᱠᱩ ᱦᱚᱛᱮᱛᱮ ᱜᱚᱵᱚᱞᱟᱠᱟᱱ ᱫᱚ ᱦᱟᱯᱮᱱ ᱫᱤᱱ ᱨᱮ ᱟᱨᱦᱸ ᱡᱟᱹᱥᱛᱤ ᱫᱟᱢᱟᱱ ᱦᱩᱭ ᱫᱟᱲᱤᱭᱟᱜᱼᱟ, ᱟᱨ ᱚᱱᱟ ᱨᱮᱭᱟᱜ ᱩᱞᱴᱟᱹᱣ ᱦᱚᱸ ᱾
भीड़ ने एक छोटे से उद्देश्य को कम कर दिया है इसलिए अगर आप सुबह जल्दी आते हैं तो शांति में गोली चलाने के लिए सक्षम होना चाहिए.	ᱠᱳᱵᱷᱤᱰ ᱠᱷᱟᱹᱛᱤᱨᱛᱮ ᱵᱷᱤᱲ ᱠᱤᱪᱷᱤ ᱠᱚᱢ ᱟᱠᱟᱱᱟ ᱚᱱᱟᱛᱮ ᱟᱢ ᱡᱩᱫᱤ ᱟᱹᱰᱤ ᱥᱮᱛᱟᱜᱨᱮᱢ ᱦᱤᱡᱩᱜᱼᱟ ᱮᱱᱠᱷᱟᱱ ᱟᱢ ᱵᱮᱥᱛᱮᱢ ᱥᱩᱴᱤᱝ ᱫᱟᱲᱮᱭᱟᱜᱼᱟ ᱾
मेरे सहकर्मी, पीटूम और प्राकृतिक गैस के मंत्री द्वारा विवरण की घोषणा की जाएगी.	ᱵᱤᱪᱷᱱᱟᱹᱣ ᱫᱚ ᱤᱧᱨᱮᱱ ᱠᱟᱹᱢᱤᱭᱟᱹᱭᱤᱡ ᱦᱚᱛᱮᱛᱮ ᱩᱪᱷᱟᱹᱱᱚᱜᱼᱟ, ᱡᱟᱦᱟᱸᱭ ᱫᱚ ᱯᱮᱴᱨᱳᱞᱤᱭᱟᱢ ᱟᱨ ᱥᱟᱪᱟᱨᱤᱭᱟᱹ ᱜᱮᱥ ᱨᱮᱱ ᱢᱤᱱᱤᱥᱴᱟᱨ ᱠᱟᱱᱮ ᱾
इस कमरे में पचहत्तर कुर्सी हैं।	ᱱᱚᱶᱟ ᱚᱲᱟᱜ ᱨᱮ ᱮᱭᱟᱭ ᱜᱮᱞ ᱢᱚᱬᱮ ᱜᱚᱴᱟᱝ ᱠᱩᱨᱥᱤ ᱢᱮᱱᱟᱜᱼᱟ ᱠᱚᱣᱟ।
जब सीएसके (CSK) जीती तो स्टेडियम में पीले रंग के कपड़े पहने दर्शक खुशी से उछल रहे थे।	ᱥᱤᱮᱥᱠᱮ ᱡᱤᱛᱠᱟᱹᱨᱮᱱ ᱚᱠᱛᱚ ᱥᱟᱥᱟᱝ ᱨᱚᱝᱟᱱ ᱧᱮᱧᱮᱞᱤᱭᱟᱹ ᱠᱚᱫᱚ ᱥᱴᱮᱰᱤᱭᱟᱢ ᱨᱮᱠᱚ ᱫᱚᱫᱚᱱ ᱠᱟᱱ ᱛᱟᱦᱮᱸᱠᱟᱱᱟ ᱾
उनकी मृत्यु के समय उनकी दूसरी पत्नी, अभिनेत्री सबीन अज़ेमा जीवित थीं।	ᱩᱱᱤ ᱫᱚ ᱟᱡ ᱨᱮᱱ ᱫᱚᱥᱟᱨ ᱮᱨᱟ ᱯᱟᱴᱷᱚᱠᱤᱭᱟᱹ ᱥᱟᱵᱤᱱ ᱟᱡᱮᱢᱟ ᱫᱟᱨᱟᱭᱛᱮᱭ ᱵᱟᱧᱪᱟᱣ ᱞᱮᱱᱟ ᱾
यह नॉर्वे, स्वीडन और न्यू ज़ीलैंड द्वारा मेल खाता है, लेकिन अन्यथा यह संख्या चालीस से भी ज़्यादा है ।	ᱱᱚᱣᱟ ᱱᱚᱨᱣᱮ,ᱥᱣᱤᱰᱮᱱ ᱟᱨ ᱱᱭᱩᱡᱤᱞᱮᱸᱰ ᱥᱟᱞᱟᱜ ᱡᱩᱲᱚᱜ ᱠᱟᱱᱟ, ᱢᱮᱱᱠᱷᱟᱱ ᱮᱴᱟᱜᱟᱜ ᱠᱷᱚᱱ ᱟᱹᱰᱤ ᱦᱟᱦᱟᱲᱟ ᱜᱮᱭᱟ (ᱡᱮᱞᱮᱠᱟ ᱱᱮᱫᱚᱨᱞᱮᱸᱰ ᱨᱮ ᱱᱚᱣᱟ ᱞᱮᱠᱟ ᱢᱤᱫ ᱠᱷᱚᱱ ᱯᱩᱱᱜᱮᱞ ᱢᱮᱱᱟᱜᱼᱟ)᱾
अफोन्सो पेना अंतर्राष्ट्रीय हवाई अड्डा: अफोन्सो पेना अंतर्राष्ट्रीय हवाई अड्डा एक ब्राज़ीलियाई हवाई अड्डा है।	ᱟᱯᱷᱱᱚᱥᱳ ᱯᱮᱱᱟ ᱡᱮᱜᱮᱛᱤᱭᱟᱹ ᱩᱰᱟᱹᱱ ᱟᱰᱟ ᱫᱚ ᱢᱤᱫᱴᱟᱝ ᱵᱨᱟᱡᱤᱞ ᱨᱮᱭᱟᱜ ᱩᱰᱟᱹᱱ ᱟᱰᱟ ᱾
क्या आपको याद है कि हम भारत के सबसे बड़े नदी के बारे में बात कर रहे थे ।	ᱵᱷᱟᱨᱚᱛ ᱨᱮᱭᱟᱜ ᱡᱚᱛᱚᱠᱷᱚᱱ ᱢᱟᱨᱟᱝ ᱱᱟᱹᱭ ᱵᱨᱚᱢᱢᱚᱯᱩᱛᱨᱚ ᱱᱟᱹᱭ ᱤᱫᱤ ᱠᱟᱛᱜ ᱟᱵᱳ ᱡᱟᱦᱟᱸᱵᱚᱱ ᱜᱟᱞᱚᱪ ᱞᱮᱫᱟ ᱚᱱᱟ ᱪᱮᱫ ᱫᱤᱥᱟᱹ ᱢᱮᱱᱟᱜᱼᱟ ?
पूर्ण विशेषता रंग और ध्वनि कार्टून अपने स्नो सफेद के साथ अपने में आया और सात युद्धफ्स (१९37) जो एक विशेष टाइटन जीता.	ᱯᱩᱨᱟᱹᱣ ᱡᱮᱞᱮᱧᱼᱪᱟᱹᱨᱤᱛ ᱨᱮᱭᱟᱜ ᱨᱚᱝ ᱟᱨ ᱥᱟᱰᱮ ᱠᱟᱹᱴᱩᱱ ᱠᱩ ᱫᱚ ᱩᱝᱠᱩᱣᱟᱜ ᱥᱱᱳ ᱣᱟᱭᱤᱴ ᱮᱱᱰ ᱛᱷᱚ ᱥᱮᱶᱮᱱ ᱰᱣᱟᱨᱯᱷᱥ (᱑᱙᱓᱗) ᱥᱟᱸᱣ ᱩᱱᱠᱩᱣᱟᱜ ᱱᱤᱡᱟᱹ ᱞᱮᱠᱟᱛᱮᱭ ᱦᱮᱡ ᱞᱮᱱᱟ, ᱡᱟᱦᱟᱸ ᱫᱚ ᱢᱤᱴᱴᱮᱱ ᱵᱤᱥᱟᱹᱥ ᱚᱥᱠᱟᱨᱮ ᱡᱤᱛᱠᱟᱹᱨ ᱞᱮᱫᱟ ᱾
सूट एक - दूसरे को अपने परिवार के नाम या नौकरी की उपाधियों से फोन करते हैं ।	ᱥᱩᱴ ᱫᱚ ᱥᱴᱟᱱᱰᱟᱨᱰ ᱵᱤᱡᱽᱱᱮᱥ ᱠᱟᱱᱟ, ᱟᱨ ᱠᱟᱹᱢᱤᱭᱟᱹ ᱠᱚᱫᱚ ᱚᱠᱚ ᱚᱲᱟᱜ ᱧᱩᱛᱩᱢ ᱛᱮᱠᱚ ᱦᱚᱯᱚᱦᱚᱜᱼᱟ ᱟᱨᱵᱟᱝ ᱪᱟᱹᱠᱨᱤ ᱧᱩᱛᱩᱢ ᱛᱮ᱾
वाह! इस पहाड़ की चोटी से नज़ारा लुभावना है!	ᱟᱹᱰᱤ ᱪᱚᱨᱚᱠ ! ᱱᱚᱶᱟ ᱵᱩᱨᱩ ᱪᱩᱲᱟᱹ ᱠᱷᱚᱱ ᱪᱤᱛᱟᱹᱨ ᱫᱚ ᱟᱹᱰᱤ ᱱᱟᱯᱟᱭ ᱟᱱᱟᱜ ᱾
पानी के बारे में क्या कहा जा सकता है?	ᱠᱷᱟᱨᱟ ᱫᱟᱜ ᱨᱮᱭᱟᱜ ᱠᱩᱢᱵᱷᱤᱨ ᱥᱚᱠᱨᱤᱭᱚ ᱦᱤᱥᱟᱹᱵ ᱛᱮ ᱢᱟᱦᱟᱥᱟᱜᱚᱨ ᱨᱮ ᱵᱟᱠᱚ ᱛᱟᱦᱮᱸᱱᱟ, ᱩᱱᱠᱩᱣᱟᱜ ᱯᱩᱭᱞᱩ ᱱᱤᱣᱟᱹᱥ ᱡᱟᱭᱜᱟ ᱫᱚ ᱨᱚᱠᱦᱮᱢᱯᱴᱮᱱ ᱨᱮᱭᱟᱜ ᱱᱚᱫᱤ ᱨᱮᱭᱟᱷ ᱱᱤᱜᱨᱟᱹᱱᱤ ᱨᱮ ᱛᱟᱦᱮᱸᱱ ᱠᱟᱱᱟ᱾
वह एक राज्य टीम के राष्ट्रीय स्तर में सबसे अधिक पदक होने के लिए राष्ट्रीय स्तर में सबसे अधिक पदक होने के लिए राष्ट्रीय रिकॉर्ड रखता है.	ᱢᱤᱫᱴᱟᱝ ᱯᱚᱱᱚᱛ ᱫᱚᱞᱨᱮᱱ ᱦᱩᱭᱠᱟᱛᱮ ᱡᱟᱹᱛᱤᱭᱟᱹᱨᱤ ᱪᱮᱢᱯᱤᱭᱚᱱᱥᱤᱯ ᱨᱮᱭᱟᱜ ᱥᱤᱱᱤᱭᱚᱨ ᱛᱷᱟᱹᱨᱨᱮ ᱩᱱᱤᱭᱟᱜ ᱞᱟᱯᱷᱟᱝ ᱩᱛᱟᱹᱨ ᱢᱮᱰᱮᱞ ᱡᱤᱛᱠᱟᱹᱨ ᱨᱮᱭᱟᱜ ᱡᱟᱹᱛᱤᱭᱟᱹᱨᱤ ᱨᱮᱠᱚᱰ ᱢᱮᱱᱟᱜᱽᱛᱟᱭᱟ ᱾
विवरण ऑनलाइन पाया जा सकता है	ᱚᱱᱟᱫᱚ ᱵᱤᱪᱷᱱᱟᱹᱣᱛᱮ ᱚᱱᱞᱟᱭᱤᱱᱨᱮᱢ ᱧᱟᱢᱟ ᱾
इस प्रकार के कानूनी मामले को एक व्यक्तिगत चोट वकील (पर्सनल इंजरी लॉयर) द्वारा संभाला जाता है।	ᱱᱚᱝᱠᱟᱱ ᱟᱹᱱ ᱨᱮᱭᱟᱜ ᱢᱟᱢᱞᱟ ᱢᱤᱫᱴᱟᱝ ᱟᱯᱱᱟᱨᱟᱜ ᱟᱜᱷᱟᱛ ᱟᱹᱭᱤᱱ ᱡᱤᱵᱤ ᱠᱚ ᱫᱟᱨᱟᱭᱛᱮ ᱪᱟᱪᱟᱞᱟᱜᱼᱟ ᱾
यह महत्वपूर्ण है कि छात्र पर्यावरण, श्री Doo को बचाने के लिए सीखना है.	ᱢᱨᱹ ᱫᱮᱥᱟᱭ, ᱱᱤᱭᱟᱹ ᱫᱚ ᱞᱟᱹᱜᱛᱤᱭᱟᱱᱟᱜᱠᱟᱱᱟ ᱡᱮ ᱯᱟᱴᱷᱚᱠᱯᱟᱴᱷᱚᱠᱤᱭᱟᱹ ᱠᱩ ᱡᱚᱛᱱᱟᱣᱠᱩ ᱪᱮᱫᱽᱢᱟ ᱾
ओह, यह ठीक है.	ᱳᱷᱚ, ᱱᱚᱶᱟ ᱡᱚᱛᱷᱟᱛ ᱜᱮᱭᱟ ᱾
इस दल के बारे में क्या बड़ा सौदा है?	ᱱᱚᱶᱟ ᱨᱮᱹᱞᱤ ᱨᱮᱭᱟᱜ ᱢᱩᱬᱩᱫ ᱠᱟᱛᱷᱟ ᱫᱚ ᱪᱮᱫ ?
पूरे मैच के दौरान रेफरी के पक्षपातपूर्ण फैसले पूरी तरह से क्रोध दिलाने वाले थे।	ᱯᱩᱨᱟᱹ ᱠᱷᱮᱞᱳᱰ ᱨᱮ ᱨᱮᱯᱷᱟᱨᱤᱭᱟᱜ ᱵᱟᱛᱟᱣᱟᱜ ᱜᱚᱴᱟᱵᱩᱴᱟᱹ ᱫᱚ ᱟᱹᱰᱤ ᱜᱮ ᱵᱟᱹᱲᱤᱡ ᱛᱟᱦᱮᱸ ᱠᱟᱱᱟ ᱾
मुझे काम करना मुश्किल लग रहा है.	ᱠᱟᱹᱢᱤ ᱨᱮᱧ ᱚᱥᱩᱵᱤᱫᱷᱟᱜ ᱠᱟᱱᱟ ᱾
लिंडबर्ग को उनके अल्मा मेटर स्मिथ कॉलेज से मानद उपाधियाँ प्राप्त हुईं।	ᱞᱤᱱᱰᱟᱵᱟᱟᱨᱜ ᱫᱚ ᱩᱱᱤᱭᱟᱜ ᱟᱞᱢᱟ ᱢᱮᱴᱟᱨ ᱫᱚ ᱥᱢᱤᱛ ᱠᱚᱞᱮᱡ ᱠᱷᱚᱱ ᱢᱟᱹᱱ ᱟᱱᱟᱜ ᱰᱤᱜᱨᱤ ᱦᱟᱢᱮᱴ ᱞᱮᱰᱟ ᱾
डिजिटल आर्ट के नाम 1960 के दशक से बदलते रहे हैं।	ᱰᱤᱡᱤᱴᱟᱞ ᱵᱤᱨᱤᱫ ᱨᱮᱭᱟᱜ ᱧᱩᱛᱩᱢ ᱑᱙᱖᱐ ᱠᱷᱚᱱ ᱵᱚᱱᱚᱫᱚᱞ ᱟᱠᱟᱱᱟ ᱾
मुझे लगता है कि ऐसा करने के बाद, वह इन बातों में दिलचस्पी पाएगा.	ᱤᱧ ᱢᱚᱱᱮᱭᱟ ᱱᱤᱭᱟᱹ ᱠᱚᱨᱟᱣ ᱛᱟᱭᱚᱢ, ᱩᱱᱤ ᱱᱚᱶᱟᱨᱮ ᱜᱚᱨᱚᱡᱮ ᱯᱟᱸᱡᱟ ᱧᱟᱢᱼᱟ ᱾
मुझे विश्वास नहीं हो रहा कि मुझे अपने अपॉइंटमेंट के लिए एक और सप्ताह इंतजार करना पड़ेगा। यह अस्वीकार्य है।	ᱤᱧ ᱵᱟᱹᱧ ᱯᱟᱹᱛᱭᱟᱹᱣ ᱫᱟᱲᱮᱭᱟᱜ ᱠᱟᱱᱟ ᱡᱮ ᱤᱧᱟᱜ ᱮᱯᱚᱭᱮᱱᱴᱢᱮᱱᱴ ᱞᱟᱹᱜᱤᱫ ᱤᱧ ᱟᱨᱦᱚᱸ ᱢᱤᱫ ᱦᱟᱯᱛᱟ ᱛᱟᱸᱜᱤᱭ ᱦᱩᱭᱩᱜ ᱛᱤᱧᱟ ᱾ ᱱᱚᱣᱟ ᱫᱚ ᱵᱟᱝ ᱦᱟᱛᱟᱜ ᱠᱟᱱᱟ ᱾
मेरे पास तेंतालीस मुर्गी हैं।	ᱤᱧ ᱴᱷᱮᱱ ᱯᱳᱱ ᱜᱮᱞ ᱯᱮ ᱜᱚᱴᱟᱝ ᱢᱩᱠᱨᱤ ᱢᱮᱱᱟᱜᱼᱟ ᱠᱚᱣᱟ।
1880 की जनगणना में संयुक्त राज्य अमेरिका की जनसंख्या 50,189,209 पाई गई।	᱑᱘᱘᱐ ᱥᱟᱞ ᱨᱮᱭᱟᱜ ᱦᱚᱲ ᱞᱮᱠᱷᱟ ᱞᱮᱠᱟᱛᱮ ᱢᱟᱨᱠᱤᱱ ᱡᱩᱠᱛᱚᱨᱟᱥᱴᱨᱚ ᱨᱮᱱ ᱦᱚᱲ ᱮᱞ ᱕᱐,᱑᱘᱙,᱒᱐᱙ ᱦᱚᱲ ᱠᱚ ᱧᱟᱢ ᱟᱠᱟᱱᱟ ᱾
भारत में शादी - शुदा जोड़ों को दो मामलों में रजिस्टर किया जा सकता है ।	ᱵᱷᱟᱨᱚᱛ ᱨᱮ ᱵᱟᱨᱭᱟ ᱟᱹᱱ ᱨᱮᱭᱟᱜ ᱟᱶᱛᱟ ᱨᱮ ᱵᱟᱯᱞᱟ ᱴᱷᱟᱲᱚᱜᱚᱴᱟᱭ ᱠᱚᱨᱟᱣ ᱜᱟᱱᱚᱜᱼᱟ, ᱑᱙᱕᱔ ᱥᱟᱹᱦᱤᱛ ᱨᱮᱭᱟᱜ ᱥᱚᱨᱮᱥ ᱵᱟᱯᱞᱟ ᱟᱹᱱ ᱟᱨ ᱑᱙᱕᱕ ᱥᱟᱹᱦᱤᱛ ᱨᱮᱭᱟᱜ ᱦᱤᱱᱫᱩ ᱵᱟᱯᱞᱟ ᱟᱹᱱ ᱾
मेटिस को अपने बेटे को जन्म देने से रोकने के लिए ज़ीउस ने एक योजना बनाई।	ᱢᱮᱴᱤᱥ ᱟᱡᱽᱨᱮᱱ ᱦᱚᱯᱚᱱᱟᱜ ᱡᱟᱱᱟᱢ ᱵᱚᱱᱫᱚᱭ ᱛᱟᱭ ᱞᱟᱹᱜᱤᱫ, ᱡᱤᱭᱩᱥ ᱫᱚ ᱢᱤᱫᱴᱟᱝᱮ ᱯᱚᱱᱛᱷᱟ ᱞᱮᱫᱟ ᱾
गाँव के अदालतों में, जैसे लोक अवीत (लोगों की अदालत) या नीकाच (शहर के न्याय), वैकल्पिक वाद - विवाद प्रस्तुत करते हैं ।	ᱟᱛᱩ ᱵᱟᱹᱭᱥᱤ, ᱡᱮᱞᱮᱠᱟ ᱞᱳᱠ ᱟᱫᱟᱞᱚᱛ ( ᱦᱚᱲ ᱠᱚᱣᱟᱜ ᱵᱟᱹᱭᱥᱤ ) ᱥᱮ ᱱᱮᱭ ᱯᱚᱧᱪᱟᱭᱮᱛ ( ᱟᱛᱩ ᱨᱮᱭᱟᱜ ᱥᱟᱹᱨᱤ ᱵᱤᱪᱟᱹᱨ ), ᱮᱴᱟᱜ ᱵᱤᱵᱟᱹᱫ ᱢᱮᱴᱟᱣ ᱨᱮᱭᱟᱜ ᱠᱟᱛᱷᱟᱭ ᱮᱢᱚᱜᱼᱟ ᱾
उच्च है Xveru, जो अब तक खुद के लायक है और कोई धार्मिक उपदेश की आवश्यकता नहीं है; एयरमैना, या दोस्त, जो लोगों को गुमराह करने से रोकता है, और वरा, या कारीगर, जो धरती पर सक्रिय खेत का काम करता है और विश्‍वास को फैलाने के लिए है.	ᱡᱚᱛᱚᱠᱷᱚᱱ ᱢᱟᱨᱟᱝᱟᱜ ᱫᱚ ᱡᱟᱭᱛᱩ, ᱡᱟᱸᱦᱟᱭᱫᱚ ᱟᱡᱽᱛᱮᱭ ᱯᱩᱨᱩᱱ ᱜᱮᱭᱟ ᱟᱨ ᱫᱷᱚᱨᱚᱢ ᱟᱹᱱᱟᱹᱨᱤ ᱨᱮᱭᱟᱜ ᱞᱟᱹᱠᱛᱤ ᱵᱟᱹᱱᱩᱜᱼᱟ ; ᱟᱨᱭᱟᱢᱱᱟ, ᱥᱮ ᱜᱟᱛᱮ, ᱡᱟᱸᱦᱟᱭ ᱠᱚᱫᱚ ᱦᱚᱲᱠᱚ ᱵᱟᱹᱲᱤᱡ ᱦᱚᱨᱛᱮ ᱪᱟᱞᱟᱜ ᱠᱷᱚᱱ ᱵᱟᱧᱪᱟᱣ ᱞᱟᱹᱜᱤᱫ ᱩᱱᱠᱩ ᱥᱟᱶᱛᱮᱠᱚ ᱜᱟᱛᱮᱜᱼᱟ ; ᱟᱨ ᱵᱷᱮᱨᱮᱡᱟᱱᱟᱜ, ᱥᱮ ᱠᱟᱹᱢᱤᱠᱚ, ᱡᱟᱸᱦᱟᱭᱫᱚ ᱦᱚᱲ ᱠᱚ ᱛᱟᱞᱟᱨᱮ ᱠᱟᱹᱢᱤ ᱟᱹᱰᱤᱜᱮᱭ ᱡᱷᱩᱸᱠ ᱜᱮᱭᱟ ᱟᱨ ᱯᱟᱹᱛᱭᱟᱹᱣ ᱠᱚ ᱯᱟᱥᱱᱟᱣᱼᱟ ᱾
लेकिन अब वे 35 से 40 बजे बेच रहे हैं, मैंने सुना है.	ᱢᱮᱱᱠᱷᱟᱱ ᱟᱸᱡᱚᱢ ᱠᱤᱫᱟᱹᱧ, ᱱᱤᱛᱚᱜ ᱚᱱᱟ ᱫᱚ ᱟᱹᱠᱷᱨᱤᱧᱚᱜ ᱠᱟᱱᱟ ᱓᱕ ᱠᱷᱚᱱ ᱔᱐ ᱦᱟᱡᱟᱨᱛᱮ ᱾
मैंने सोचा था कि मैं उसके लिए उपहार खरीदने के लिए 500 रुपये निकाल सकता हूँ, लेकिन एटीएम में नकदी खत्म हो गई है।	ᱤᱧ ᱵᱷᱟᱹᱵᱤᱛ ᱞᱮᱱᱟ ᱤᱧ ᱫᱚ ᱩᱱᱤ ᱞᱟᱹᱜᱤᱫ ᱥᱟᱸᱫᱮᱥ ᱦᱟᱛᱟᱣ ᱞᱟᱹᱜᱤᱫ   ᱕᱐᱐ ᱠᱟᱹᱣᱰᱤᱧ ᱛᱩᱞᱟᱹᱣ ᱫᱟᱲᱮᱭᱟᱜ ᱟ, ᱢᱮᱱᱠᱷᱟᱱ ᱮᱴᱤᱮᱢ ᱨᱮᱫᱚ ᱠᱟᱹᱣᱰᱤ ᱵᱟᱹᱱᱩᱜ ᱟ ᱾
पापा, मैं सोच भी नहीं सकता कि आप बिना मोबाइल फोन के कैसे बड़े हुए?	ᱤᱧ ᱵᱟᱹᱧ ᱩᱭᱦᱟᱹᱨ ᱫᱟᱲᱮᱭᱟᱫ ᱠᱟᱱᱟ ᱟᱢ ᱢᱳᱵᱟᱭᱤᱞ ᱯᱷᱳᱱ ᱵᱮᱜᱚᱨ ᱪᱮᱫ ᱞᱮᱠᱟᱛᱮᱢ ᱦᱟᱨᱟ ᱟᱠᱟᱱᱟ ᱵᱟᱵᱟ ?
मुझे नहीं लगता था कि मैंने इतना खराब प्रदर्शन किया होगा (छात्र)।	ᱤᱧ ᱵᱟᱹᱧ ᱩᱭᱦᱟᱹᱨ ᱟᱠᱟᱫᱟ ᱡᱮ ᱱᱩᱱᱟᱜ ᱵᱟᱹᱲᱤᱡ ᱤᱧ ᱠᱚᱨᱟᱣ ᱟᱠᱟᱫᱟ (ᱯᱟᱹᱴᱷᱩᱣᱟ)
इसके अलावा, यह भी कहा जा सकता है कि इन अलग - अलग तरीकों से बहुत - सी चीज़ें तैयार की जा सकती हैं ।	ᱥᱮᱞᱩᱞᱳᱡᱽ ᱯᱷᱟᱭᱵᱟᱨ ᱨᱮᱭᱟᱜ ᱮᱴᱟᱜᱼᱟᱜ ᱠᱚᱨᱮ ᱢᱤᱫ ᱞᱮᱠᱟᱱᱟᱜ ᱜᱩᱱ ᱢᱮᱱᱟᱜᱼᱟ ᱮᱱᱠᱷᱟᱱ ᱥᱩᱛᱟᱹᱢ ᱨᱮᱭᱟᱜ ᱴᱮᱠᱥᱴᱟᱭᱤᱞ ᱞᱟᱹᱜᱤᱫ ᱱᱤᱯᱷᱩᱴ ᱫᱚ ᱵᱟᱝ ᱠᱟᱱᱟ , ᱚᱥᱟᱨ ᱰᱟᱲᱮ ᱟᱨ ᱞᱚᱞᱚ ᱥᱟᱢᱲᱟᱣ ᱨᱮᱭᱟᱜ ᱞᱮᱠᱟᱱ ᱜᱩᱱᱠᱚ ᱢᱩᱫᱽᱨᱮ ᱵᱷᱟᱮᱜᱟᱨ ᱢᱮᱱᱟᱜᱼᱟ ᱾
यह देखकर कि उसके बेटे युद्ध के लिए अपनी तलवारों के लिए तैयार हैं, उन्हें धमकी दी कि अगर वे अपनी तलवारों को न बुझा दें, तो वह खुद अपनी चाल की चाल बता देगी और उनके सिर की रक्षा करने के लिए उन्हें सलाह देगी!	ᱡᱷᱟᱸᱥᱤ, ᱵᱟᱝᱠᱟ ᱨᱮ ᱢᱟᱨᱥᱟᱞ ᱫᱚ ᱛᱤᱱᱨᱮ ᱫᱷᱚᱝᱥᱚᱨᱮᱭᱟᱜᱼᱮ ᱠᱟᱹᱢᱤᱭᱮᱫᱟ, ᱩᱱᱚᱠᱛᱚ ᱧᱮᱞᱮᱱᱟ ᱡᱮ ᱩᱱᱤᱨᱮᱱ ᱦᱚᱯᱚᱱᱠᱩ ᱫᱚ ᱱᱤᱡᱜᱟᱲ ᱞᱟᱹᱜᱤᱫ ᱟᱠᱩᱣᱟᱜ ᱛᱟᱨᱣᱟᱲᱤ ᱵᱚᱡᱽ ᱜᱤᱰᱤᱭᱠᱩ ᱛᱮᱭᱟᱨᱟᱠᱟᱱᱟ, ᱩᱝᱠᱩ ᱠᱩ ᱦᱩᱢᱠᱤᱭᱟᱫᱠᱤᱱ ᱛᱟᱦᱮᱸᱠᱟᱱᱟ ᱡᱮ, ᱡᱩᱫᱤ ᱩᱝᱠᱩ ᱫᱚ ᱟᱠᱩᱣᱟᱜ ᱛᱟᱨᱣᱟᱲᱤᱠᱩ ᱵᱚᱡᱽ ᱜᱤᱰᱤᱭᱟ, ᱮᱱᱰᱮᱠᱷᱟᱱ ᱩᱱᱤ ᱫᱚ ᱟᱡᱽᱛᱮᱫᱜᱤ ᱯᱷᱮᱨᱤᱝᱜᱤᱠᱩ ᱩᱝᱠᱩᱣᱟᱜ ᱱᱟᱠᱥᱟ ᱵᱟᱵᱚᱫᱮ ᱵᱟᱰᱟᱭ ᱚᱪᱚᱠᱩᱣᱟ ᱟᱨ ᱯᱷᱮᱨᱤᱝᱜᱤᱠᱩ ᱵᱚᱦᱚᱜ ᱦᱮᱞᱮᱫ ᱨᱮᱭᱟᱜ ᱥᱟᱞᱦᱟᱭ ᱮᱢᱟᱠᱩᱣᱟ ᱩᱝᱠᱩ !
टिपेट ने इस ओरेटोरियो की रचना द्वितीय विश्व युद्ध की शुरुआत में की थी।	ᱴᱤᱯᱮᱴ ᱫᱚᱥᱟᱨ ᱡᱮᱜᱮᱫ ᱞᱟᱹᱲᱦᱟᱹᱭ ᱨᱮᱭᱟᱜ ᱮᱛᱚᱦᱚᱵ ᱨᱮ ᱱᱚᱶᱟ ᱠᱟᱛᱷᱟᱭ ᱚᱞ ᱞᱮᱫᱟ ᱾
किंग का विवाह जेनेट स्प्रंग से 1947 से लेकर 2004 में उनकी मृत्यु तक रहा।	ᱨᱟᱡᱟ ᱫᱚ ᱑᱙᱔᱗ ᱥᱟᱞ ᱠᱷᱚᱱ ᱟᱡᱟᱜ ᱜᱩᱡᱩᱜ ᱒᱐᱐᱔ ᱦᱟᱹᱵᱤᱡ ᱡᱤᱱᱮᱴ ᱥᱯᱨᱩᱝ ᱮ ᱵᱟᱯᱞᱟ ᱞᱮᱫᱮᱭᱟ ᱾
उसमें विभिन्‍न प्रकार के होते हैं, लेकिन एक आदेश दिया गया है कि चावल का बना हो ।	ᱱᱚᱶᱟ ᱨᱮᱭᱟᱜ ᱟᱭᱢᱟ ᱦᱟᱹᱴᱤᱧ ᱢᱮᱱᱟᱜᱼᱟ, ᱮᱱᱠᱷᱟᱱ ᱤᱧ ᱡᱟᱦᱟᱸᱧ ᱚᱰᱟᱨ ᱟᱠᱟᱫᱟ ᱚᱱᱟᱫᱚ ᱪᱟᱣᱞᱤ ᱜᱩᱸᱰᱟᱹᱛᱮ ᱵᱮᱱᱟᱜᱼᱟ ᱾
आधुनिक फिल्म रिलीज़ कई भाषाओं में किया जाता है, एक पैन-भारतीय फ़िल्म आंदोलन बनाया जाता है.	ᱜᱚᱴᱟ ᱵᱷᱟᱨᱚᱨᱚᱛᱨᱮ ᱢᱤᱫ ᱪᱚᱞᱚᱠᱪᱤᱛᱟᱹᱨ ᱞᱟᱲᱟᱭᱟᱱ ᱜᱷᱚᱴᱟᱣ ᱠᱟᱛᱮ ᱪᱷᱟᱲ ᱧᱟᱢ ᱱᱟᱦᱟᱜ ᱪᱤᱛᱟᱹᱨ ᱠᱚ ᱟᱭᱢᱟ ᱯᱟᱹᱨᱥᱤ ᱛᱮ ᱰᱟᱵ ᱟᱠᱟᱱᱟ᱾
बेशक, आपको क्या करने में दिलचस्पी है?	ᱮᱠᱟᱞ ᱜᱮ, ᱟᱢᱟᱜ ᱪᱮᱫ ᱜᱚᱨᱚᱡᱽ ᱢᱮᱱᱟᱜ ᱛᱟᱢᱟ ?
फरवरी 2022 तक, कुल २२,५55 LKM २ डी.डी. वी.	ᱟᱱᱫᱟᱢᱟᱱ ᱠᱷᱚᱱ ᱱᱟᱥᱮ ᱱᱟᱜ ᱥᱟᱹᱸᱜᱤᱧ ᱥᱟᱹᱢᱩᱫ ᱨᱮ ᱜᱩᱴ ᱒᱒,᱕᱕᱕ ᱮᱞᱠᱮᱮᱢ ᱒ᱰᱤ ᱵᱨᱚᱰᱵᱮᱱᱰ ᱥᱤᱥᱢᱤᱠ ᱰᱮᱴᱟ ᱯᱷᱮᱵᱨᱩᱣᱟᱨᱤ ᱒᱐᱒᱒ ᱦᱟᱹᱵᱤᱡ ᱟᱨᱡᱟᱣ ᱟᱠᱟᱱᱟ ᱾
और माल को बहुत ही अज़ीज़ रखते हो	ᱟᱨ ᱟᱢ ᱴᱟᱠᱟᱢ ᱧᱟᱢᱟ ᱾
क्या यह पेन अच्छा है?	ᱪᱮᱫ ᱱᱚᱣᱟ ᱯᱮᱱ ᱱᱟᱯᱟᱭ ᱠᱟᱱᱟ?
1990 के दशक में इसकी अध्यक्षता डेसमंड टूटू ने की थी।	᱑᱙᱙᱐ ᱨᱮᱭᱟᱜ ᱜᱮᱞᱟᱱ ᱨᱮ ᱰᱮᱥᱢᱚᱱᱰ ᱴᱩᱴᱩ ᱨᱮᱭᱟᱜ ᱮ ᱢᱟᱲᱛᱮ ᱞᱮᱫᱟ ᱾
मुझे नहीं लगता कि आपके बच्चे को अगली कक्षा में पदोन्नत किया जाएगा। उसने किसी भी परीक्षा में अच्छा स्कोर नहीं किया है।	ᱤᱧ ᱵᱟᱹᱧ ᱢᱚᱱᱮᱭᱟ ᱟᱢᱨᱮᱱ ᱦᱚᱯᱚᱱ ᱫᱚ ᱞᱟᱦᱟᱱ ᱜᱨᱮᱰ ᱨᱮᱭ ᱩᱛᱷᱱᱟᱹᱣ ᱨᱟᱠᱟᱵᱚᱜᱼᱟ ᱢᱮᱱᱛᱮ ᱾ ᱚᱠᱟ ᱵᱤᱰᱟᱹᱣ ᱨᱮᱜᱮ ᱵᱷᱟᱜᱮ ᱱᱚᱢᱵᱚᱨ ᱵᱟᱭ ᱧᱟᱢ ᱟᱠᱟᱫᱟ ᱾
वह व्यक्‍ति दावा करता है कि इस अनन्त और टेढ़े व्यक्‍ति का विचार है, स्वतंत्र और कभी दुःख का अनुभव नहीं करता ।	ᱦᱚᱲ, ᱫᱟᱹᱵᱤᱭᱟᱭ ᱠᱚᱛᱷᱟ ᱩᱯᱟᱹᱱᱤᱥᱚᱫ, ᱡᱮ ᱱᱤᱭᱟᱹ ᱫᱚ ᱡᱟᱭᱡᱩᱜ ᱟᱟᱨ ᱚᱥᱟᱹᱫᱷᱩ ᱫᱚ ᱵᱟᱝ ᱠᱟᱱᱟ, ᱚᱱᱟ ᱱᱤᱭᱟᱹᱭ ᱪᱤᱱᱛᱟᱹᱭᱟ, ᱯᱦᱩᱨᱜᱟᱟᱹᱞᱚᱜᱽᱼᱟ ᱟᱨ ᱛᱤᱥ ᱦᱚᱸ ᱫᱩᱠᱷ ᱵᱟᱭ ᱟᱹᱭᱠᱟᱹᱣᱟ ᱾
वह 2017 में अमेरिकन इकोनॉमिक्स एसोसिएशन के अध्यक्ष थे।	ᱩᱱᱤ ᱫᱚ ᱒᱐᱑᱗ ᱥᱟᱞ ᱨᱮ ᱟᱢᱮᱨᱤᱠᱟᱱ ᱠᱟᱹᱣᱰᱤ ᱟᱹᱨᱤ ᱥᱚᱢᱤᱛᱤ ᱨᱮᱱ ᱥᱚᱵᱷᱟ ᱜᱚᱝᱠᱮᱭ ᱛᱟᱦᱮᱸ ᱠᱟᱱᱟ ᱾
इन वैज्ञानिकों ने बिल्ली के मल में पाए जानेवाले क्रिस्टलों को, मेललानी और सिलिक अम्ल के साथ - साथ देखा ।	ᱥᱚᱫᱷᱠᱚᱨᱛᱟ ᱫᱚ ᱯᱩᱥᱤ ᱨᱮᱭᱟᱜ ᱡᱚᱨᱭᱟ ᱨᱮ ᱢᱮᱞᱟᱢᱟᱭᱤᱱ ᱟᱨ ᱥᱟᱭᱱᱭᱩᱨᱤᱠ ᱮᱥᱤᱰ ᱨᱮᱭᱟᱜ ᱡᱩᱲᱟᱹᱣ ᱥᱟᱶ ᱠᱨᱤᱥᱴᱟᱹᱞ ᱠᱚ ᱧᱟᱢ ᱠᱮᱜᱼᱟ᱾
सन्‌ 2006 में एक आम खेल और दो एशियाई खेल 2010 में भारत की राष्ट्रीय टीम को दर्शाता है ।	᱒᱐᱐᱖ᱼᱨᱮᱭᱟᱜ ᱢᱤᱫᱴᱟᱝ ᱠᱚᱢᱚᱱᱳᱣᱮᱞᱛᱷ ᱜᱮᱢᱥ ᱟᱨ ᱒᱐᱑᱐ ᱟᱨ ᱒᱐᱑᱔ᱼᱨᱮ ᱮᱥᱤᱭᱚ ᱜᱮᱢᱥᱨᱮ ᱵᱷᱟᱨᱚᱛᱤᱭᱟᱹ ᱯᱚᱱᱚᱛ ᱜᱟᱫᱮᱞᱨᱮᱱ ᱟᱹᱭᱩᱨᱤᱡᱽ ᱯᱟᱹᱦᱤᱞ ᱛᱤᱨᱞᱟᱹ ᱵᱟᱥᱠᱮᱴᱵᱚᱞ ᱠᱷᱮᱞᱚᱰᱤᱭᱟᱹᱭ ᱠᱟᱱᱟ ᱩᱱᱤ ᱾
भूमि प्रतिबिंबित जानकारी को प्रयोगशाला में या क्षेत्र में और हवा/ क्षेत्र में प्राप्त किया जा सकता है.	ᱦᱟᱥᱟ ᱯᱨᱚᱛᱤᱯᱷᱚᱞᱚᱱ ᱨᱮᱭᱟᱜ ᱰᱟᱴᱟ ᱫᱚ ᱞᱮᱵᱚᱨᱮᱴᱟᱹᱨᱤ ᱨᱮ ᱥᱮ ᱠᱷᱮᱛ ᱟᱨ ᱦᱚᱭ/ᱯᱷᱟᱠᱟ ᱡᱟᱭᱜᱟ ᱠᱷᱚᱱ ᱜᱤ ᱧᱟᱢ ᱫᱟᱲᱮᱭᱟᱜᱼᱟ ᱾
जब उस व्यक्ति ने मुझे उस तरह से देखा तो मुझे बहुत घिनौना लगा।	ᱩᱱᱤ ᱦᱚᱲ ᱫᱚ ᱤᱧ ᱥᱮᱡ ᱚᱝᱠᱟᱭ ᱠᱚᱭᱚᱜ ᱞᱮᱠᱷᱟᱱ ᱚᱱᱟ ᱫᱚ ᱤᱧᱮ ᱟᱹᱲᱤᱥ ᱚᱪᱚᱭᱤᱧᱟ ᱾
सभी से अधिक भारत के कुल ४१ प्रतिनिधियों ने कोर्स में भाग लिया ।	ᱠᱳᱨᱥ ᱨᱮ ᱜᱚᱴᱟ ᱵᱷᱟᱨᱚᱛ ᱠᱷᱚᱱ ᱜᱩᱴ ᱨᱮ ᱔᱑ ᱥᱮᱞᱮᱫᱤᱭᱟᱹ ᱠᱩ ᱥᱮᱞᱮᱫ ᱞᱮᱱᱟ ᱾
थिएटर शहर के ऐसे हिस्से में है जो बहुत सुरक्षित नहीं है इसलिए मैं अकेले नहीं जाना चाहता।	ᱪᱚᱞᱚᱛ ᱪᱤᱛᱟᱹᱨ ᱫᱚ ᱥᱟᱦᱟᱨ ᱨᱮᱭᱟᱜ ᱱᱚᱝᱠᱟᱱ ᱢᱤᱫ ᱦᱤᱸᱥ ᱨᱮ ᱢᱮᱱᱟᱜᱼᱟ ᱡᱟᱦᱟᱸ ᱫᱚ ᱟᱹᱰᱤ ᱨᱩᱠᱷᱟᱹᱭᱟᱹ ᱫᱚ ᱵᱟᱝ ᱠᱟᱱᱟ ᱚᱱᱟᱛᱮ ᱤᱧ ᱮᱠᱞᱟᱜ ᱪᱟᱞᱟᱜ ᱵᱟᱹᱧ ᱠᱷᱚᱡᱟ ᱾
अमेरिका ने जापान की नाकाबंदी करने के लिए अंग्रेजों के साथ एक संयुक्त कार्रवाई का असफल प्रस्ताव रखा।	ᱢᱟᱨᱠᱤᱱ ᱡᱩᱠᱛᱚᱨᱟᱥᱴᱨᱚ ᱫᱚ ᱵᱤᱨᱛᱷᱟᱹ ᱞᱮᱠᱟᱛᱮ ᱡᱟᱯᱟᱱᱮ ᱮᱥᱮᱫᱮ ᱞᱟᱹᱜᱤᱫ ᱵᱨᱤᱴᱤᱥᱠᱚ ᱥᱟᱶ ᱢᱤᱫᱴᱟᱝ ᱡᱩᱢᱤᱫ ᱠᱟᱹᱢᱤᱦᱚᱨᱟ ᱨᱮᱭᱟᱜᱮ ᱯᱨᱚᱥᱛᱟᱵ ᱞᱮᱫᱟ ᱾
मेरे पास सात अक्षर हैं।	ᱤᱧ ᱴᱷᱮᱱ ᱮᱭᱟᱭ ᱜᱚᱴᱟᱝ ᱚᱠᱷᱚᱨ ᱢᱮᱱᱟᱜᱼᱟ ᱠᱚᱣᱟ।
ᱥᱤᱫᱷᱟᱹ ᱞᱟᱦᱟ ᱥᱮᱱᱚᱜ ᱢᱮ	सीधे आगे बढ़ें
मैं क्लाइंट मैनेजर को देखना भी बर्दाश्त नहीं कर सकता क्योंकि वह सबके सामने अपनी टीम पर चिल्लाता है।	ᱤᱧ ᱢᱤᱫᱴᱟᱝ ᱠᱮᱹᱞᱟᱭᱮᱱᱴ ᱢᱟᱱᱮᱡᱟᱨ  ᱫᱚ ᱟᱡ ᱨᱮᱱ ᱜᱟᱫᱮᱞ ᱡᱚᱛᱚ ᱦᱚᱲ ᱠᱷᱚᱱ ᱥᱟᱢᱟᱝ ᱨᱮ ᱪᱮᱪᱟᱣ ᱨᱮᱭᱟᱜ ᱪᱤᱛᱟᱹᱨ ᱫᱚ ᱵᱟᱹᱧ ᱥᱟᱦᱟᱣ ᱠᱮᱭᱟ ᱾
वाह, आज आपकी तमाम मदद के लिए बहुत-बहुत धन्यवाद, मिस्टर स्मिथ। मैं वास्तव में इसकी सराहना करता हूँ!	ᱵᱟᱦ, ᱛᱮᱦᱮᱧ ᱟᱢᱟᱜ ᱡᱚᱛᱚ ᱞᱮᱠᱟᱱ ᱜᱚᱲᱚ ᱞᱟᱹᱜᱤᱫ ᱟᱢ ᱟᱹᱰᱤ ᱟᱭᱢᱟ ᱥᱟᱨᱦᱟᱣ, ᱢᱤᱥᱴᱟᱨ ᱥᱢᱤᱛᱷ ᱾ ᱤᱧ ᱫᱚ ᱥᱟᱹᱨᱤᱜᱮ ᱱᱚᱣᱟ ᱨᱮᱭᱟᱜᱤᱧ ᱥᱟᱨᱦᱟᱣᱮᱫ ᱠᱟᱱᱟ !
यह हम योजना की सातवीं बार की तरह है.	ᱱᱚᱶᱟᱫᱚ ᱟᱞᱟᱝ ᱮᱭᱟᱭ ᱫᱷᱟᱣ ᱞᱮᱠᱟᱞᱟᱝ ᱩᱭᱦᱟᱹᱨ ᱟᱠᱟᱫᱟ ᱾
मेरे पास चालीस पाँच पानी हैं।	ᱤᱧ ᱴᱷᱮᱱ ᱯᱩᱱ ᱜᱮᱞ ᱢᱚᱬᱮ ᱜᱚᱴᱟᱝ ᱫᱟᱜ ᱢᱮᱱᱟᱜᱼᱟ ᱠᱚᱣᱟ।
लोग शायद यह न सोचें कि घर लौटने के लिए धीरज और समझ की ज़रूरत भी है ।	ᱦᱚᱲ ᱠᱚᱫᱚ ᱯᱟᱞᱮ ᱵᱟᱠᱚ ᱚᱱᱩᱢᱟᱱ ᱫᱟᱲᱮᱭᱟᱜᱼᱟ ᱡᱮ ᱚᱲᱟᱜ ᱛᱮ ᱨᱩᱣᱟᱹᱲ ᱠᱟᱱ ᱡᱟᱹᱛᱨᱤ ᱠᱚ ᱞᱟᱹᱜᱤᱱ ᱦᱚᱸ ᱫᱷᱚᱨᱭᱚ ᱟᱨ ᱵᱩᱯᱩᱡᱷᱟᱹᱣ ᱞᱟᱹᱠᱛᱤ ᱠᱟᱱᱟI
क्या यह अनुमति है?	ᱚᱱᱟ ᱫᱚ ᱜᱟᱱᱚᱜᱽᱜᱮᱭᱟ ?
क्या आपको पता है कि सुबुली खुद को नायकी Phidy समुदाय के अंतर्गत आता है?	ᱟᱢ ᱪᱮᱫ ᱵᱟᱰᱟᱭᱢ ᱡᱮ ᱥᱩᱢᱵᱚᱞᱤ ᱫᱚ ᱟᱡᱜᱮ ᱠᱟᱥᱢᱤᱨᱤ ᱯᱚᱱᱰᱤᱛ ᱜᱟᱛᱟᱠ ᱨᱮᱱ ᱠᱟᱱᱟᱭ ?
आग से बचाव दल आख़िर में ११: ३५ pm द्वारा आग का प्रयोग करते हैं ।	ᱫᱚᱢᱠᱚᱞ ᱠᱟᱹᱢᱤᱭᱟ ᱠᱚ ᱟᱠᱷᱨᱤ ᱧᱤᱸᱫᱟ ᱑᱑:᱓᱕ pm ᱵᱟᱡᱟ ᱦᱟᱹᱵᱤᱡ ᱥᱮᱸᱜᱮᱞ ᱠᱚ ᱥᱟᱢᱵᱽᱲᱟᱣ ᱠᱮᱫᱟ᱾
टूरिस्ट ऑपरेटर द्वारा बुक किए गए होटल के कमरों में तिलचट्टे (कॉकरोच) भरे हुए थे।	ᱴᱩᱨᱤᱥᱴ ᱚᱯᱟᱨᱮᱴᱟᱨ ᱫᱟᱨᱟᱭ ᱛᱮ ᱵᱩᱠ ᱟᱠᱟᱱ ᱦᱳᱴᱮᱞ ᱨᱮᱭᱟᱜ ᱠᱟᱸᱫᱷᱟ ᱠᱚᱨᱮ  ᱟᱸᱨᱥᱳᱞᱟᱣᱟᱜ ᱱᱟᱦᱟᱪᱟᱨ ᱛᱟᱦᱮᱸ ᱠᱟᱱᱟ ᱾
मैं हमेशा कोशिश करना चाहता था और पूरी जीवित घटना देखना चाहता था... ... लेकिन अधिकांश चैनल यहाँ इसे कवर नहीं है.	ᱤᱧᱫᱚ ᱡᱟᱣᱜᱮ ᱨᱤᱠᱟᱹᱧ ᱠᱷᱚᱡᱽ ᱞᱮᱫᱟ ᱟᱨ ᱯᱩᱨᱟᱹ ᱞᱟᱭᱤᱵᱷ ᱤᱵᱷᱮᱱᱴ ᱧᱮᱞᱤᱧ ᱠᱷᱚᱡᱽᱞᱮᱱᱟ ᱢᱮᱱᱠᱷᱟᱱ ᱱᱚᱸᱰᱮ ᱟᱭᱢᱟ ᱪᱮᱱᱮᱞ ᱱᱚᱶᱟ ᱵᱟᱭ ᱠᱚᱵᱷᱟᱨᱟ ᱾
क्या आपने देखा कि गलवान में भारतीय सेना ने चीनियों को कैसे करारा जवाब दिया?	ᱟᱢ ᱪᱮᱫ ᱧᱮᱞ ᱟᱠᱟᱫᱟᱢ ᱡᱮ ᱜᱟᱞᱳᱣᱟᱱ ᱨᱮ ᱵᱷᱟᱨᱚᱛᱤᱭᱟᱹ  ᱯᱷᱟᱹᱫᱽ ᱠᱚ ᱪᱮᱫ ᱞᱮᱠᱟᱛᱮ ᱪᱤᱱ ᱨᱮᱱ ᱯᱷᱟᱹᱫᱽ ᱠᱚ ᱡᱟᱨᱯᱟ ᱦᱟᱞᱟ ᱞᱮᱫ ᱠᱚᱣᱟ?
मुझे लगा कि आप मुझसे नाराज होंगे और मैं नहीं चाहता था कि आप मुझसे संबंध तोड़ें (पिता)।	ᱤᱧ ᱩᱭᱦᱟᱹᱨ ᱞᱮᱫᱟ ᱡᱮ ᱟᱢ ᱤᱧ ᱪᱮᱛᱟᱱᱮᱢ ᱟᱹᱲᱤᱥᱚᱜᱼᱟ ᱟᱨ ᱟᱢ ᱤᱧ ᱥᱟᱣ ᱥᱟᱹᱜᱟᱹᱭ ᱛᱚᱯᱟᱜ ᱵᱟᱢ ᱠᱷᱚᱡ ᱟᱠᱟᱫᱟ ( ᱵᱟᱵᱟ)
यह असल में 2 दिन के लिए विशिष्ट था और दिन भर खेला गया ।	ᱱᱚᱶᱟᱫᱚ ᱟᱥᱚᱞᱨᱮ ᱒ ᱫᱤᱱ ᱞᱟᱹᱜᱤᱫ ᱦᱟᱭᱞᱟᱭᱤᱴ ᱛᱟᱦᱮᱸᱠᱟᱱᱟ ᱟᱨ ᱜᱚᱴᱟ ᱫᱤᱱ ᱠᱦᱮᱞ ᱦᱩᱭᱞᱮᱱᱟ ᱾
यह किस बारे में है?	ᱱᱚᱶᱟ ᱫᱚ ᱪᱮᱫ ᱵᱟᱨᱮᱛᱮ ?
क्या यह नर्स अच्छा है?	ᱪᱮᱫ ᱱᱚᱣᱟ ᱱᱟᱨᱥ ᱱᱟᱯᱟᱭ ᱠᱟᱱᱟ?
क्लासिक संगीत बच्चों के विकास के लिए लाभकारी है, यह अच्छा है.	ᱥᱟᱥᱛᱚᱨ ᱥᱮᱹᱨᱮᱹᱧ ᱫᱚ ᱞᱮᱴᱠᱟ ᱠᱚ ᱦᱟᱨᱟ ᱵᱩᱨᱩᱜ ᱞᱟᱹᱜᱤᱫ ᱩᱯᱠᱟᱹᱨᱤ ᱜᱮᱭᱟ, ᱱᱚᱶᱟ ᱫᱚ ᱟᱹᱰᱤ ᱱᱟᱯᱟᱭ ᱾
उन्होंने कहा कि उनके पास स्टॉक में अब कोई गोली नहीं बची है। हमें 2 दिन और इंतजार करना होगा।	ᱩᱱᱠᱩ ᱠᱚ ᱞᱟᱹᱭ ᱟᱠᱟᱫᱟ ᱡᱮ ᱩᱱᱠᱩ ᱴᱷᱮᱱ ᱟᱨ ᱡᱟᱦᱟᱱ ᱴᱮᱵᱞᱮᱴ ᱥᱴᱚᱠ ᱨᱮ ᱵᱟᱹᱱᱩᱜᱼᱟ ᱾ ᱟᱞᱮ ᱫᱚ ᱟᱨᱦᱚᱸ ᱒ ᱢᱟᱦᱟ ᱵᱟᱹᱲᱛᱤ ᱛᱟᱺᱜᱤᱭ ᱦᱩᱭᱩᱜ ᱛᱟᱞᱮᱭᱟ ᱾
मेरे पास छः पेंसिल हैं।	ᱤᱧ ᱴᱷᱮᱱ ᱛᱩᱨᱩᱭ ᱜᱚᱴᱟᱝ ᱯᱮᱱᱥᱤᱞ ᱢᱮᱱᱟᱜᱼᱟ ᱠᱚᱣᱟ।
यह अपने अधिकांश मार्ग के लिए वेल्स के उत्तरी तट के साथ जाता है।	ᱱᱚᱶᱟ ᱫᱚ ᱟᱡᱟᱜ ᱡᱟᱹᱥᱛᱤ ᱨᱩᱴ ᱞᱟᱹᱜᱤᱫᱜᱮ ᱳᱭᱮᱞᱥ ᱨᱮᱭᱟᱜ ᱩᱛᱛᱚᱨ ᱩᱯᱚᱠᱩᱞ ᱫᱷᱩᱨᱭᱟᱹ ᱛᱮ ᱪᱟᱞᱟᱜᱼᱟ ᱾
देश भर में अन्य कार्यक्रमों में भी मौन रखा गया।	ᱫᱤᱥᱚᱢ ᱡᱟᱠᱟᱛ ᱮᱴᱟᱜ ᱮᱴᱟᱜ ᱟᱠᱷᱲᱟᱨᱮᱦᱚᱸ ᱠᱤᱪᱷᱩ ᱱᱤᱨᱚᱵᱚᱛᱟ ᱯᱟᱞᱟᱣ ᱦᱩᱭᱩᱜᱼᱟ ᱾
1968 और 1972 तक, वह लोक निर्माण मंत्री रहे।	᱑᱙᱖᱘ ᱟᱨ ᱑᱙᱗᱒ ᱥᱟᱞ ᱦᱟᱹᱵᱤᱡ ᱩᱱᱤᱫᱚ ᱜᱚᱱᱚᱯᱩᱨᱛ ᱨᱮᱱ ᱢᱚᱱᱛᱨᱤᱭ ᱛᱟᱦᱮᱸ ᱠᱟᱱᱟ ᱾
साइबर अपराधी लोगों और उनकी व्यक्तिगत जानकारी का शोषण करने के लिए जिस दुर्भावनापूर्ण रणनीति का उपयोग करते हैं, उससे मुझे घृणा होती है।	ᱥᱟᱭᱵᱟᱨ ᱠᱟᱹᱭᱟᱱ ᱠᱚᱫᱚ ᱦᱚᱲ ᱠᱚᱣᱟᱜ ᱟᱨ ᱩᱝᱠᱩᱣᱟᱜ ᱱᱤᱡᱟᱹ ᱛᱮᱛᱮᱫ ᱥᱩᱥᱟᱹᱣ ᱞᱟᱹᱜᱤᱫ ᱡᱟᱦᱟ ᱫᱩᱥᱱᱟᱹᱣ ᱠᱟᱹᱨᱤ ᱠᱚᱠᱚ ᱵᱮᱵᱚᱦᱟᱨᱼᱟ ᱚᱱᱟᱛᱮ ᱤᱧ ᱫᱚᱧ ᱟᱹᱲᱤᱥ ᱟᱠᱟᱱᱟ ᱾
यदि चलती सुविधा उपलब्ध हो तो डूबने की जीवनीय तकनीक का पालन सबसे अच्छा किया जा सकता है.	ᱡᱩᱫᱤ ᱯᱟᱭᱨᱟ ᱨᱮᱭᱟᱜ ᱥᱩᱵᱤᱫᱷᱟ ᱧᱟᱢᱚᱜᱼᱟ ᱛᱟᱦᱚᱞᱮ ᱰᱩᱵᱩᱡ ᱠᱷᱚᱱ ᱵᱟᱧᱪᱟᱣ ᱞᱟᱜᱤᱫ ᱠᱟᱭᱫᱟ ᱠᱚ ᱱᱟᱯᱟᱭ ᱛᱮ ᱯᱤᱥᱴᱤᱠ ᱜᱟᱱᱚᱜᱼᱟ᱾
Xina ने रिपोर्ट किया कि सरकारी एजेंट बुधवार को दो 'भारी बॉक्स' प्राप्त कर रहे हैं.	ᱥᱤᱱᱦᱩᱣᱟ ᱮ ᱞᱟᱹᱭ ᱟᱠᱟᱫᱟ ᱡᱮ ᱥᱚᱨᱠᱨᱤ ᱛᱩᱱᱠᱷᱤ ᱛᱚᱞᱟᱥᱤᱭᱟᱹ ᱠᱚ ᱥᱟᱹᱜᱩᱱ ᱢᱟᱦᱟᱸ ᱵᱟᱨᱭᱟ "ᱵᱞᱟᱠ ᱵᱚᱠᱥ" ᱯᱷᱞᱟᱭᱤᱴ ᱨᱮᱠᱳᱨᱰᱟᱨ ᱠᱚ ᱧᱟᱢ ᱟᱠᱟᱫᱟ᱾
2006 में, उन्होंने फिर से स्पैनो को चुनौती दी और उन्हें हराया।	᱒᱐᱐᱖ ᱥᱟᱞ ᱨᱮ ᱩᱱᱤ ᱫᱚ ᱟᱨᱦᱚᱸ ᱥᱯᱟᱱᱳᱭ ᱪᱮᱹᱞᱮᱧᱡ ᱟᱫᱮ ᱛᱟᱦᱮᱸ ᱟᱨ ᱩᱱᱤᱭ ᱦᱟᱨᱟᱣ ᱞᱮᱫᱮᱭᱟ ᱾
मेरे पास सात पेंसिल हैं।	ᱤᱧ ᱴᱷᱮᱱ ᱮᱭᱟᱭ ᱜᱚᱴᱟᱝ ᱯᱮᱱᱥᱤᱞ ᱢᱮᱱᱟᱜᱼᱟ ᱠᱚᱣᱟ।
स्की जंप के शीर्ष पर खड़े होकर उड़ान भरने के लिए तैयार एलेक्स का जी मिचलाने लगा।	ᱟᱞᱮᱠᱥ ᱡᱚᱠᱷᱚᱱ ᱥᱠᱤ ᱡᱟᱢᱯ ᱨᱮᱭᱟᱜ ᱪᱮᱛᱟᱱ ᱩᱛᱟᱹᱨ ᱨᱮᱭ ᱛᱤᱜᱩ ᱞᱮᱱᱟ ᱟᱨ ᱟᱲᱜᱚᱱ ᱞᱟᱹᱜᱤᱫ ᱮ ᱨᱮᱵᱮᱱ ᱞᱮᱱᱟ ᱩᱱ ᱩᱱᱤᱭᱟᱜ ᱞᱟᱡ ᱜᱟᱵᱟᱼᱜᱩᱵᱩᱰ ᱮᱛᱚᱦᱚᱵ ᱞᱮᱱᱟ ᱾
यह अपने आप के लिए है?	ᱱᱚᱶᱟ ᱪᱮᱫ ᱟᱯᱱᱟᱨ ᱞᱟᱹᱜᱤᱫ ?
BI-dedd इकाई एक बिल्ली के बिल्ली के कार्यों को मापने के लिए है, जो कि एक सेकंड में thatatate है.	ᱚᱱᱩᱜᱷᱚᱴᱚᱠ ᱦᱚᱨᱟ ᱵᱟᱵᱚᱫ ᱠᱟᱹᱢᱤᱦᱚᱨᱟ ᱡᱚᱠᱷᱟᱭ ᱞᱟᱹᱜᱤᱫ ᱮᱥᱹᱟᱭ ᱧᱟᱢᱟᱠᱟᱱ ᱮᱠᱚᱠ ᱠᱟᱛᱟᱞ ᱡᱟᱦᱟᱸᱨᱮ ᱞᱟᱹᱭᱟᱹᱜᱚᱜᱼᱟ ᱢᱳᱞ ᱯᱤᱪᱷᱟᱹ ᱴᱤᱯᱤᱡᱽᱨᱮ ᱾
इन कारणों से, हाल के वर्षों में शोध ने छवि संघों के प्रयोग पर ज़ोर दिया है ।	ᱱᱚᱣᱟ ᱠᱷᱟᱹᱛᱤᱨ ᱛᱮ, ᱱᱮᱼᱦᱟᱹᱞᱤ ᱥᱮᱨᱢᱟ ᱠᱷᱚᱱ ᱪᱤᱛᱟᱹᱨ ᱠᱚᱢᱯᱳᱡᱤᱴ ᱨᱮᱭᱟᱜ ᱵᱮᱣᱦᱟᱨ ᱨᱮᱠᱚ ᱡᱳᱨ ᱟᱠᱟᱫᱟ ᱾
यह मेरे पिता अमीर नहीं थे होता.	ᱤᱧ ᱵᱟᱵᱟ ᱠᱤᱥᱟᱹᱲ ᱵᱟᱭ ᱛᱟᱦᱮᱸᱞᱮᱱᱠᱷᱟᱱ ᱱᱚᱣᱟ ᱦᱩᱭ ᱠᱚᱜᱼᱟ ᱾
मेरे पास बारह मुर्गी हैं।	ᱤᱧ ᱴᱷᱮᱱ ᱜᱮᱞ ᱵᱟᱨ ᱜᱚᱴᱟᱝ ᱢᱩᱠᱨᱤ ᱢᱮᱱᱟᱜᱼᱟ ᱠᱚᱣᱟ।
अलग पेंटिंग शैली क्या हैं?	ᱟᱸᱠ ᱨᱮᱭᱟᱜ ᱡᱩᱫᱟᱹ ᱡᱩᱫᱟᱹ ᱫᱷᱟᱨᱟ ᱠᱩ ᱫᱚ ᱪᱮᱫ ᱪᱮᱫ ?
मैं यह नहीं मिलता है?	ᱤᱧ ᱫᱚ ᱪᱮᱫ ᱵᱟᱹᱧ ᱧᱟᱢᱼᱟ ?
मेरे पास सत्तानवे किताब हैं।	ᱤᱧ ᱴᱷᱮᱱ ᱱᱟᱭ ᱜᱮᱞ ᱮᱭᱟᱭ ᱜᱚᱴᱟᱝ ᱠᱤᱛᱟᱯ ᱢᱮᱱᱟᱜᱼᱟ ᱠᱚᱣᱟ।
देश - देश शायद अपने पैसों को सुधारने के लिए दिल खोलकर दान देने का बढ़ावा दें ।	ᱫᱤᱥᱚᱢ ᱠᱚᱫᱚ ᱠᱟᱣᱰᱤ ᱥᱮᱫ ᱛᱮ ᱩᱛᱱᱟᱹᱣ ᱞᱟᱜᱤᱫ ᱵᱷᱤᱛᱟᱹᱨ ᱨᱮᱭᱟᱜ ᱯᱨᱚᱛᱚᱠᱠᱷ ᱵᱤᱱᱤᱭᱳᱜᱽ ᱨᱮ ᱩᱛᱥᱟᱦᱚ ᱠᱚ ᱮᱢ ᱫᱟᱲᱮᱭᱟᱜᱼᱟ ᱾
यह कुछ क्रियाओं और वस्तुओं के बीच अंतर करने का एक महत्त्वपूर्ण तरीक़ा है ।	ᱠᱤᱪᱷᱩ ᱠᱟᱱᱣᱟᱠᱚ ᱟᱨ ᱵᱟᱹᱥᱛᱩᱠᱚ ᱢᱩᱸᱫᱽᱨᱮ ᱟᱞᱟᱜᱽ ᱨᱮᱭᱟᱜ ᱱᱚᱣᱟ ᱫᱚ ᱢᱤᱫ ᱮᱦᱮᱢᱟᱱ ᱦᱚᱨᱟ ᱠᱟᱱᱟ᱾
उन्होंने अपने काम में कई पुराने अमेरिकी लोकगीतों के अंशों का उपयोग किया।	ᱩᱱᱤ ᱫᱚ ᱟᱡᱟᱜ ᱠᱟᱹᱢᱤᱨᱮ ᱟᱭᱢᱟ ᱢᱟᱨᱮᱱ ᱟᱢᱮᱨᱤᱠᱟᱱ ᱦᱚᱲᱥᱮᱹᱨᱮᱹᱧ ᱨᱮᱭᱟᱜ ᱦᱤᱸᱥ ᱡᱚᱭ ᱵᱮᱣᱦᱟᱨ ᱟᱠᱟᱫᱟ ᱾
उन्हें वह सब कुछ ले जाना था जिसकी नई कॉलोनी को आवश्यकता हो सकती थी।	ᱱᱟᱣᱟ ᱠᱚᱞᱚᱱᱤ ᱞᱟᱹᱜᱤᱫ ᱞᱟᱹᱠᱛᱤ ᱥᱟᱱᱟᱢᱟᱜ ᱜᱮ ᱩᱱᱤ ᱫᱚ ᱦᱟᱛᱟᱣ ᱦᱩᱭᱩᱜ ᱛᱟᱭᱟ ᱾
हमें आपके लिए एक वैकल्पिक उड़ान में सीट मिल गई है।	ᱟᱞᱮ ᱱᱤᱛ ᱜᱮ ᱢᱤᱫᱴᱟᱝ ᱮᱴᱟᱜ ᱯᱷᱞᱟᱭᱤᱴ ᱨᱮ ᱟᱢ ᱞᱟᱹᱜᱤᱫ ᱢᱤᱫᱴᱟᱝ ᱥᱤᱴ ᱞᱮ ᱛᱚᱞᱟᱥ ᱧᱟᱢ ᱟᱠᱟᱫᱟ ᱾
ओह, यह निराशाजनक है.	ᱳᱹᱹᱹᱹᱹᱹᱱᱚᱶᱟᱫᱚ ᱢᱚᱞᱤᱱᱜᱮ ᱾
कमीजें आमतौर पर छोटी आस्तीन वाली, बटनों वाली और कॉलर वाली होती हैं।	ᱫᱚᱛᱚ ᱫᱚ ᱥᱟᱫᱷᱟᱨᱚᱱᱚᱛᱚ ᱠᱷᱟᱴᱚ ᱦᱟᱛᱟ ᱨᱮᱭᱟᱜ, ᱵᱩᱛᱟᱹᱢ ᱢᱮᱱᱟᱜᱼᱟ ᱟᱨ ᱠᱚᱞᱟᱨ ᱦᱚᱸ ᱢᱮᱱᱟᱜᱼᱟ ᱾
स्तर जितना ऊंचा होगा, स्तर बढ़ाने के लिए उतने ही अधिक अनुभव की आवश्यकता होगी।	ᱞᱮᱵᱷᱮᱞ ᱡᱟᱸᱦᱟ ᱛᱤᱱᱟᱹᱜ ᱡᱟᱹᱥᱛᱤᱭᱟ, ᱞᱮᱷᱮᱞ ᱞᱟᱹᱜᱤᱫ ᱩᱱᱟᱹᱜ ᱡᱟᱹᱥᱛᱤ ᱜᱮ ᱵᱩᱡᱩᱱ ᱞᱟᱹᱠᱛᱤᱭᱟ ᱾
तुम अब मेरे लिए काम करने की जरूरत नहीं है.	ᱟᱢ ᱫᱚ ᱤᱧᱟᱜ ᱠᱟᱹᱢᱤ ᱞᱟᱹᱜᱤᱫ ᱟᱨ ᱦᱤᱡᱩᱜ ᱵᱟᱝ ᱦᱩᱭᱩᱜ ᱛᱟᱢᱟ ᱾
सन्‌ 2014 में सरकार ने 26% से 49% बीमा सेक्टर में विदेशी निवेश को बढ़ा दिया ।	᱒᱐᱑᱔ᱼᱨᱮ, ᱥᱚᱨᱠᱟᱨ ᱫᱚ ᱵᱤᱢᱟᱹ ᱛᱷᱚᱱᱚᱛᱨᱮ ᱵᱤᱞᱟᱹᱛᱤ ᱠᱟᱹᱣᱰᱤ ᱥᱚᱯᱚᱦᱚᱫ ᱨᱮᱭᱟᱜ ᱪᱮᱛᱟᱱ ᱥᱤᱢᱟᱹ ᱒᱖% ᱠᱷᱚᱱ ᱰᱷᱮᱨ ᱠᱟᱛᱮᱜ ᱔᱙% ᱠᱚᱨᱟᱳ ᱦᱩᱭᱟᱠᱟᱱᱟ ᱾
मशहूर खेलों में फुटबॉल, बास्केट, स्टूफ़ो, पानी के स्रोत, स्टूट, स्टीब, आइसक्रीम, सूट और F1 मोटर दौड़ सम्मिलित हैं ।	ᱧᱩᱛᱩᱢᱟᱱ ᱠᱷᱮᱞ ᱨᱮ ᱯᱷᱩᱴᱵᱚᱞ, ᱵᱟᱥᱠᱮᱴᱵᱚᱞ, ᱣᱚᱞᱤᱣᱚᱞ, ᱫᱟᱜᱼᱯᱚᱞᱚ, ᱠᱷᱚᱱᱰᱟᱵᱟᱹᱡᱤ, ᱨᱟᱹᱜᱽᱵᱤ, ᱥᱟᱭᱠᱤᱞ ᱪᱟᱹᱞᱩ, ᱵᱚᱨᱚᱯᱷ ᱦᱚᱠᱤ, ᱨᱚᱞᱟᱹᱨ ᱦᱚᱠᱤ, ᱟᱨ ᱮᱯᱷ᱑ ᱢᱚᱴᱚᱨ ᱨᱮᱥᱤᱝ ᱛᱟᱦᱮᱸ ᱠᱟᱱᱟ᱾
हाँ, हाँ. आप एक वैध वोटर आईडी की जरूरत है.	ᱦᱮᱸ, ᱦᱮᱸ ᱾ ᱟᱢᱟᱜ ᱢᱤᱫᱴᱟᱝ ᱵᱳᱭᱫᱷᱚ ᱵᱷᱳᱴᱟᱨ ᱟᱭᱰᱤ ᱞᱟᱹᱠᱛᱤ ᱠᱟᱱᱟ ᱾
वैज्ञानिकों का मानना है कि Caces का पालन करते हैं और जानवरों को खाने के लिए खाने के लिए मिलता है (प्रेय), वे भूमि पर कहाँ किया गया है.	ᱥᱟᱬᱮᱥᱤᱭᱟᱹ ᱢᱚᱱᱮᱭᱟ ᱡᱮ ᱚᱥᱮᱞᱮᱴ ᱫᱚ ᱡᱤ ᱛᱮ ᱡᱟᱱᱣᱟᱨ ᱠᱚ ᱥᱮᱱᱫᱽᱨᱟ ᱟᱨᱠᱚ ᱯᱟᱧᱡᱟ ᱠᱚᱣᱟ ᱟᱠᱚ ᱚᱠᱟ ᱡᱟᱭᱜᱟ ᱨᱮᱠᱚ ᱛᱟᱦᱮᱸ ᱠᱚᱜᱼᱟ ᱚᱱᱰᱮ ᱠᱟ ᱡᱤᱻᱭᱟ᱾
मेरे पास सात सूरज हैं।	ᱤᱧ ᱴᱷᱮᱱ ᱮᱭᱟᱭ ᱜᱚᱴᱟᱝ ᱥᱩᱯ ᱢᱮᱱᱟᱜᱼᱟ ᱠᱚᱣᱟ।
हाँ, सर, आप किया था.	ᱦᱮᱸ, ᱥᱟᱨ, ᱟᱢ ᱠᱚᱨᱟᱣ ᱟᱠᱟᱫᱟ ᱾
उनके माता-पिता के पंद्रह बच्चे थे, जिनमें से आठ वयस्क होने तक जीवित रहे।	ᱩᱱᱤ ᱟᱡ ᱜᱚᱜᱚᱼᱵᱟᱵᱟ ᱨᱮᱱ ᱢᱤᱫᱜᱮᱞ ᱢᱚᱬᱮ ᱜᱚᱴᱟᱝ ᱜᱤᱫᱽᱨᱟᱹ ᱠᱚ ᱛᱟᱦᱮᱸ ᱠᱟᱱᱟ ᱟᱨ ᱤᱨᱟᱹᱞ ᱦᱚᱲ ᱫᱚ ᱡᱩᱣᱟᱹᱱ ᱦᱚᱲ ᱠᱚ ᱦᱚᱛᱮᱛᱮᱠᱚ ᱵᱟᱧᱪᱟᱣ ᱞᱮᱱᱟ ᱾
डेटाबेस सामान्यीकरण (Normalization) अच्छे रिलेशनल डेटाबेस को डिज़ाइन करने की एक विधि है।	ᱰᱟᱴᱟᱵᱮᱥ ᱱᱚᱨᱢᱟᱞᱟᱭᱡᱮᱥᱚᱱ ᱫᱚ ᱦᱩᱭᱩᱜ ᱠᱟᱱᱟ ᱵᱷᱟᱜᱮ ᱨᱤᱞᱮᱥᱚᱱᱟᱱ ᱰᱟᱴᱟᱵᱮᱥ ᱰᱤᱡᱟᱭᱤᱱ ᱠᱚᱨᱟᱣ ᱨᱮᱭᱟᱜ ᱢᱤᱫᱴᱟᱝ ᱦᱚᱨᱟ ᱾
लेकिन जब तक यह खबर मिलने आयी, तब तक वे यह जानना मुश्‍किल पाते थे कि वे कहाँ थे या कहाँ से आए थे या वे मुझसे खुलकर बात कर रहे थे ।	ᱢᱤᱭᱟᱱ ᱢᱤᱨᱟᱜ ᱰᱮᱨᱟ ᱨᱮ ,ᱮᱱᱛᱮᱨᱮᱦᱚᱸ ᱯᱷᱟᱹᱫ ᱠᱚ ᱤᱝᱨᱮᱡᱽ ᱯᱷᱟᱹᱫ ᱠᱚ ᱯᱳᱱ ᱦᱚᱲ ᱠᱷᱚᱱᱟᱜ ᱢᱤᱫ ᱨᱮᱠᱚ ᱟᱜᱩ ᱞᱮᱫ ᱠᱚᱣᱟ , ᱢᱮᱱᱠᱷᱱᱟ ᱢᱤᱨᱟᱴ ᱠᱷᱚᱱᱟᱜ ᱠᱷᱚᱵᱚᱨ ᱵᱟᱝ ᱦᱮᱡ ᱦᱟᱨᱤᱡ ᱤᱝᱜᱮᱡᱽ ᱚᱯᱷᱤᱥᱟᱨ ᱩᱱᱠᱩ ᱵᱟᱠᱷᱨᱟᱛᱮ ᱦᱤᱫᱤᱡ ᱵᱟᱝ ᱛᱟᱦᱮᱸ ᱠᱟᱱᱟ ᱡᱚᱠᱷᱚᱱ ᱠᱷᱚᱵᱚᱨ ᱦᱤᱡᱩᱜᱼᱟ ,ᱩᱱ ᱚᱠᱛᱚ ᱟᱠᱚ ᱛᱟᱦᱮᱸ ᱠᱟᱱᱟ ᱥᱮ ᱵᱟᱝ ᱚᱱᱟ ᱴᱷᱟᱣᱠᱟᱹᱜᱚᱴᱟ ᱦᱚᱸ ᱟᱱᱟᱴ ᱛᱟᱦᱮᱸ ᱠᱟᱱᱟ ᱾ ᱟᱨ ᱵᱟᱝ ᱠᱷᱟᱱ ᱚᱠᱳᱛᱮ ᱢᱤᱨᱟᱴ ᱯᱷᱟᱹᱫ ᱠᱚ ᱥᱟᱶ ᱡᱳᱜᱟᱡᱳᱜᱽ ᱵᱟᱝ ᱛᱟᱦᱮᱸ ᱠᱟᱱᱟ ᱾
मैं इस प्रतियोगिता में अपने कार्यालय का प्रतिनिधित्व करने के लिए जा रहा हूँ.	ᱱᱤᱭᱟᱹ ᱦᱮᱯᱨᱟᱣᱫᱚ ᱤᱧ ᱤᱧᱟᱹᱜ ᱚᱯᱷᱤᱥ ᱯᱟᱦᱟᱴᱟ ᱠᱷᱚᱱᱤᱧ ᱟᱹᱭᱩᱨ ᱮᱫᱟ ᱾
एक कोर्स सामान्य रूप से उन सभी मुद्दों को पूरा करेगा जिनके बारे में यहाँ बहुत ज़्यादा जानकारी दी जाती है, आम तौर पर व्यावहारिक अनुभव के साथ ।	ᱢᱤᱫᱴᱟᱹᱝ ᱠᱚᱨᱥ ᱚᱝᱠᱟ ᱜᱮ ᱵᱮᱵᱷᱟᱨᱤᱠ ᱚᱱᱩᱵᱷᱚᱵ ᱥᱟᱞᱟᱜ ᱛᱮ ᱚᱝᱠᱟ ᱜᱮ ᱰᱷᱮᱨ ᱵᱤᱥᱛᱟᱹᱨ ᱛᱮ ᱪᱚᱨᱪᱟ ᱦᱩᱭ ᱠᱟᱱᱟ ᱡᱷᱚᱛᱚ ᱢᱩᱫᱟᱹ ᱠᱚ ᱯᱩᱨᱟᱹᱣ ᱟᱭ᱾
इसके पास एक एनिमेटेड फ्रैंचाइज़ी में सबसे अधिक पात्रों का गिनीज वर्ल्ड रिकॉर्ड है।	ᱱᱚᱶᱟ ᱫᱚ ᱢᱤᱫᱴᱟᱝ ᱮᱹᱱᱤᱢᱮᱴᱮᱰ ᱯᱷᱨᱟᱧᱟᱭᱤᱡ ᱨᱮ ᱥᱟᱱᱟᱢ ᱞᱮᱠᱟᱱ ᱪᱩᱨᱤᱛ ᱨᱮ ᱞᱟᱹᱜᱤᱫ ᱜᱚᱱᱮᱥ ᱳᱣᱟᱨᱰ ᱨᱮᱠᱚᱨᱰ ᱮ ᱦᱟᱢᱮᱴ ᱞᱮᱫᱟ ᱾
एक अमूर्त (एब्सट्रैक्ट) तस्वीर अक्सर केवल एक प्राकृतिक दृश्य का एक हिस्सा दिखाती है।	ᱢᱤᱫᱴᱟᱝ ᱦᱟᱦᱟᱲᱟᱜ ᱯᱷᱳᱴᱳᱜᱨᱟᱯᱷᱟᱨ ᱡᱟᱣᱜᱮ ᱮᱠᱷᱮᱱ ᱢᱤᱫᱴᱟᱝ ᱥᱟᱪᱟᱨᱦᱮᱫ ᱧᱮᱱᱮᱞ ᱨᱮᱭᱟᱜ ᱢᱤᱫᱴᱟᱝ ᱦᱤᱸᱥᱮ ᱩᱫᱩᱜᱟ ᱾
बाथरूम कहाँ है?	ᱵᱟᱛᱷᱨᱩᱢ ᱚᱠᱟᱨᱮ ᱢᱮᱱᱟᱜᱼᱟ?
मुझे यह शर्ट सचमुच बहुत पसंद है। इसका रंग बिल्कुल वैसा ही है जैसा मैं ढूंढ रहा था।	ᱤᱧ ᱱᱚᱣᱟ ᱨᱚᱝᱼᱤᱧ ᱠᱩᱥᱤᱭᱟᱜᱼᱟ ᱾ ᱡᱟᱦᱟᱸ ᱤᱧ ᱯᱟᱸᱡᱟᱭᱮᱫ ᱠᱟᱱ ᱛᱟᱦᱮᱸᱫ ᱚᱱᱟ ᱨᱚᱝ ᱜᱮ ᱱᱚᱣᱟ ᱠᱟᱱᱟ ᱾
शुक्र है कि आज तक हमारे इलाके में बिजली नहीं है, ज़्यादातर इलाकों में बिजली नहीं है ।	ᱢᱚᱞᱚᱝᱟᱱᱟᱜ ᱞᱮᱠᱟᱛᱮ ᱟᱯᱮᱭᱟᱜ ᱴᱚᱴᱷᱟ ᱨᱮ ᱱᱮᱛᱚᱜ ᱦᱚᱸ ᱵᱤᱡᱽᱞᱤ ᱢᱮᱱᱟᱜᱼᱟ, ᱟᱹᱰᱤᱜᱟᱱ ᱴᱚᱴᱷᱟ ᱨᱮ ᱵᱤᱡᱽᱞᱤ ᱵᱟᱹᱱᱩᱜᱼᱟ ᱾
इस चिकित्सा सुविधा द्वारा मेरे मामले को जिस तरह से संभाला गया है, उससे मैं पूरी तरह से घृणा महसूस कर रहा हूँ। संचार की कमी और मेरी स्वास्थ्य चिंताओं की अनदेखी अस्वीकार्य है।	ᱱᱤᱭᱟᱹ ᱴᱤᱠᱤᱪᱪᱷᱟ ᱥᱩᱵᱤᱫᱷᱟ ᱡᱟᱦᱟ ᱞᱮᱠᱟᱛᱮ ᱤᱧᱟᱜ ᱢᱟᱢᱞᱟᱭ ᱪᱟᱞᱟᱣ ᱵᱟᱱᱟᱣ ᱟᱠᱟᱫᱟ ᱚᱱᱟᱛᱮ ᱤᱧ ᱯᱩᱨᱟᱹ ᱜᱮᱧ ᱟᱹᱲᱤᱥ ᱟᱠᱟᱱᱟ ᱾ ᱤᱧᱟᱜ ᱦᱚᱲᱢᱚ ᱪᱤᱱᱛᱟᱹᱣᱟᱱᱟᱜ ᱠᱷᱟᱹᱛᱤᱨ ᱡᱳᱜᱟᱡᱳᱜ ᱨᱮᱭᱟᱜ ᱟᱱᱟᱴ ᱟᱨ ᱵᱟᱝ ᱠᱚᱭᱚᱜᱟᱹᱧ ᱫᱚ ᱵᱟᱝ ᱦᱟᱛᱟᱣ ᱫᱟᱲᱮᱭᱟᱜ ᱞᱮᱠᱟᱱ ᱾
और जब वह पश्‍चिम - पश्‍चिम की ओर जा रहा था, तब उसे ग्रीनलैंड मिला और उसका नाम ग्रीनलैंड रखा गया ।	ᱜᱽᱨᱤᱱᱞᱮᱭᱱᱰ ᱨᱮ ᱟᱹᱰᱤ ᱠᱚᱢ ᱦᱚᱲ ᱠᱚ ᱵᱟᱥᱟ ᱠᱚ ᱛᱟᱦᱮᱸ ᱠᱟᱱᱟ᱾ ᱱᱟᱹᱨᱥ ᱥᱟᱜᱚᱸ ᱨᱮ ᱩᱱᱠᱩ ᱠᱚ ᱢᱮᱱ ᱮᱫᱼᱟ ᱡᱮ ᱮᱨᱤᱰ ᱫᱽ ᱨᱮᱰ ᱟᱜ ᱜᱚᱡ ᱞᱟᱹᱜᱤᱫ ᱟᱭᱤᱞᱮᱭᱱᱰ ᱠᱷᱚᱱ ᱵᱚᱞᱚ ᱠᱚ ᱛᱟᱦᱮᱸ ᱠᱟᱱᱟ, ᱟᱨ ᱞᱟᱦᱟ ᱯᱟᱪᱮ ᱨᱮᱱᱟᱜ ᱡᱟᱛᱨᱟ ᱚᱠᱛᱮ, ᱜᱽᱨᱤᱱᱞᱮᱭᱱᱰ ᱠᱚ ᱧᱟᱢ ᱠᱮᱫᱼᱟ ᱟᱨ ᱱᱚᱶᱟ ᱨᱮᱱᱟᱜ ᱧᱩᱛᱩᱢ ᱜᱽᱨᱤᱱᱞᱮᱭᱱᱰ ᱠᱚ ᱫᱚᱦᱚ ᱠᱮᱫᱼᱟ᱾
एक दिन मैंने एक छात्र को अपने हाथ से अपनी नाक साफ करते और फिर उसे उत्तर पुस्तिका पर पोंछते देखा।	ᱢᱤᱫ ᱫᱤᱱᱤᱧ ᱧᱮᱞ ᱠᱮᱫᱟ ᱢᱤᱫ ᱯᱟᱹᱴᱷᱣᱟᱹ ᱩᱱᱤᱭᱟᱜ ᱛᱤᱛᱮ ᱢᱩᱸ ᱥᱟᱯᱷᱟ ᱠᱟᱛᱮᱫ ᱛᱮᱞᱟ ᱥᱟᱠᱟᱢ ᱨᱮᱭ ᱡᱚᱫ ᱥᱟᱯᱷᱟᱭᱮᱫᱟ ᱾
मुझे यह जैकेट बहुत पसंद थी लेकिन सेल्समैन ने मुझसे कहा कि मेरे साइज की कोई जैकेट नहीं है।	ᱤᱧ ᱫᱚ ᱱᱚᱣᱟ ᱡᱮᱠᱮᱴ ᱟᱹᱰᱤᱧ ᱠᱷᱚᱡ ᱞᱮᱱᱟ ᱢᱮᱱᱠᱷᱟᱱ ᱟᱹᱠᱷᱨᱤᱧ ᱠᱟᱹᱢᱤᱭᱟᱹ ᱤᱧᱮ ᱢᱮᱛᱟᱫᱤᱧᱟ ᱡᱮ ᱤᱧᱟᱜ ᱡᱚᱠᱷᱟ ᱨᱮ ᱞᱟᱹᱜᱤᱫ ᱡᱟᱦᱟᱱ ᱡᱮᱠᱮᱴ ᱵᱟᱹᱱᱩᱜᱼᱟ ᱾
मेरे पास सात चीनी हैं।	ᱤᱧ ᱴᱷᱮᱱ ᱮᱭᱟᱭ ᱜᱚᱴᱟᱝ ᱪᱤᱱᱤ ᱢᱮᱱᱟᱜᱼᱟ ᱠᱚᱣᱟ।
ᱥᱟᱨᱦᱟᱣ ᱦᱩᱭᱩᱜ ᱢᱟ	बधाई हो
मेरे पास दस कॉफ़ी हैं।	ᱤᱧ ᱴᱷᱮᱱ ᱜᱮᱞ ᱜᱚᱴᱟᱝ ᱠᱚᱯᱷᱤ ᱢᱮᱱᱟᱜᱼᱟ ᱠᱚᱣᱟ।
यह कैसे कार्य करता है?	ᱪᱮᱫ ᱞᱮᱠᱟᱭ ᱠᱟᱹᱢᱤᱭᱟ ?
बस्स पूरे दिन एक-दूसरे से अलग बस स्टेशन (एक नदी पार) चला जाता है, हालांकि, अधिक, विशेष रूप से वे पूर्व और जार्फांग के लिए जा रहे हैं 06: 30 और 007:30.	ᱵᱟᱥ ᱠᱚ ᱥᱟᱨᱟ ᱫᱤᱱ ᱤᱱᱴᱨᱟ-ᱰᱤᱥᱴᱨᱤᱠ ᱵᱟᱥ ᱥᱴᱮᱥᱚᱱ (ᱜᱟᱰᱟ ᱦᱟᱱᱟᱥᱟᱜ) ᱨᱮ ᱪᱟᱞᱟᱜᱼᱟ, ᱮᱱᱛᱮᱨᱮᱦᱚᱸ ᱡᱟᱹᱥᱛᱤ, ᱵᱮᱥᱮᱥ ᱠᱟᱭᱛᱮ ᱚᱱᱟ ᱠᱚ ᱡᱟᱦᱟᱸ ᱥᱟᱢᱟᱝ ᱥᱮᱫ ᱪᱟᱞᱟᱜᱼᱟ ᱟᱨ ᱡᱟᱠᱟᱨ/ᱵᱩᱢᱛᱷᱮᱝ ᱐᱖:᱓᱐ ᱟᱨ ᱐᱗:᱓᱐ ᱢᱩᱸᱫᱽ ᱨᱮᱭ ᱟᱲᱟᱜᱟ᱾
फ्रेंच ओपेरा में प्रस्तुत कहानी एक कलाकार की कहानी है "सच्चे जीवन ड्रग्स और जापान के लिए प्यार द्वारा नियंत्रित किया जाता है।"	ᱠᱟᱹᱢᱤᱞ ᱥᱮᱱᱴ-ᱥᱮᱱᱥ ᱦᱚᱛᱮᱛᱮ, ᱯᱷᱨᱮᱸᱪ ᱚᱯᱮᱨᱟ ᱨᱮ ᱥᱟᱯᱲᱟᱣ ᱟᱠᱟᱱ ᱠᱟᱹᱦᱱᱤ ᱢᱤᱫ ᱵᱟᱰᱚᱦᱤᱭᱟᱜ ᱠᱟᱱᱟ "ᱡᱟᱦᱟᱸᱭᱟᱜ ᱡᱤᱭᱚᱱ ᱰᱨᱟᱜᱽᱥ ᱟᱨ ᱡᱟᱯᱟᱱ ᱪᱮᱛᱟᱱ ᱫᱩᱞᱟᱹᱲ ᱛᱮ ᱪᱟᱪᱞᱟᱣᱚᱜᱼᱟ᱾"
वाह! आज आपका टीकाकरण हुआ लेकिन आपको कोई बुखार या कमजोरी नहीं है। आपकी रोग प्रतिरोधक क्षमता बहुत मजबूत होगी!	ᱪᱮᱫ ᱱᱟᱯᱟᱭ ! ᱟᱢ ᱛᱮᱦᱮᱧ ᱴᱤᱠᱟᱢ ᱧᱟᱢ ᱟᱠᱟᱫᱟ ᱢᱮᱱᱠᱷᱟᱱ ᱟᱢᱟᱜ ᱨᱩᱣᱟᱹ ᱥᱮ ᱞᱟᱸᱜᱟ ᱵᱟᱹᱱᱩᱜ ᱛᱟᱢᱟ ᱾ ᱟᱢᱟᱜ ᱟᱹᱰᱤ ᱫᱟᱲᱮᱭᱟᱱ ᱤᱢᱤᱭᱱᱤᱴᱤ ᱛᱟᱦᱮᱸ ᱫᱟᱲᱮᱭᱟᱜᱼᱟ !
मुझे न्याय मत करो, लेकिन यह मेरी पहली सड़क यात्रा है.	ᱟᱞᱚᱢ ᱵᱤᱪᱟᱹᱨᱤᱧᱟᱹ, ᱮᱱᱠᱷᱟᱱ ᱱᱚᱶᱟᱫᱚ ᱤᱧᱟᱹᱜ ᱯᱳᱭᱞᱳ ᱨᱳᱰ ᱴᱨᱤᱯ ᱠᱟᱱᱟ ᱾
कड़े संघर्ष के बाद मिली जीत के बाद जब सोफिया ने अपनी टीम के साथियों को गले लगाया तो उसकी खुशी साफ झलक रही थी।	ᱟᱹᱰᱤ ᱠᱮᱴᱮᱡ ᱢᱮᱪ ᱨᱮ ᱡᱤᱛᱠᱟᱹᱨ ᱛᱟᱭᱚᱢ ᱡᱚᱠᱷᱚᱱ ᱥᱳᱯᱷᱤᱭᱟ ᱟᱡᱨᱮᱱ ᱜᱟᱛᱮᱠᱚᱭ ᱦᱟᱹᱲᱩᱵ ᱠᱮᱫ ᱠᱚᱣᱟ ᱩᱱᱫᱚ ᱩᱱᱤᱭᱟᱜ ᱨᱟᱹᱥᱠᱟᱹ ᱫᱚ ᱯᱩᱥᱴᱟᱹᱣ ᱧᱮᱞ ᱧᱟᱢᱚᱜ ᱠᱟᱱ ᱛᱟᱦᱮᱸ ᱾
यह मूल रूप से रोमनों द्वारा 102 ईसा पूर्व में स्थापित किया गया था।	ᱱᱚᱶᱟ ᱫᱚ ᱟᱥᱚᱞᱨᱮ ᱑᱐᱒ ᱠᱷᱨᱤᱥᱴᱚᱯᱩᱨᱵᱟᱵᱫᱚ ᱨᱮ ᱨᱳᱢᱟᱱ ᱠᱚ ᱫᱟᱨᱟᱭᱛᱮ ᱵᱮᱱᱟᱣ ᱞᱮᱱᱟ ᱾
जब जगन की टीम ने आखिरी मिनट में गोल किया तो वह अपने उत्साह को रोक नहीं सका।	ᱢᱩᱪᱟᱹᱫ ᱚᱠᱛᱚᱨᱮ ᱟᱡ ᱨᱮᱱ ᱜᱟᱫᱮᱞ ᱠᱚ ᱜᱳᱞ ᱠᱮᱫᱠᱷᱟᱱ ᱡᱚᱜᱚᱱ ᱟᱡᱟᱜ ᱥᱤᱞᱜᱟᱹᱣ ᱵᱟᱭ ᱥᱟᱵ ᱫᱚᱦᱚ ᱫᱟᱲᱮᱭᱟᱜᱼᱟ ᱾
इन्हें दोबारा बनाने के दौरान जोड़ा जाता है ।	ᱮᱭᱤᱪᱮᱞᱮᱞᱰᱚᱞᱩᱼᱨᱮ ᱯᱷᱤᱥᱚᱱ ᱯᱨᱳᱰᱟᱠᱴ, ᱦᱩᱰᱤᱧ ᱮᱠᱴᱤᱱᱟᱭᱤᱰ, ᱤᱩᱨᱮᱱᱤᱭᱟᱢ ᱟᱨ ᱯᱞᱩᱴᱳᱱᱤᱭᱟᱢ ᱨᱮᱭᱟᱜ ᱪᱤᱱᱦᱟᱹ, ᱠᱷᱚᱭᱚᱜ ᱞᱮᱠᱟᱱ ᱫᱩᱨᱤᱵ ᱟᱨ ᱫᱚᱲᱦᱟ ᱦᱚᱨᱟᱭ ᱚᱠᱛᱚ ᱥᱮᱞᱮᱫᱚᱜ ᱠᱟᱱ ᱨᱟᱥᱟᱭᱚᱱᱤᱠ ᱢᱮᱱᱟᱜᱼᱟ ᱾
बाज़ार कहाँ है?	ᱵᱟᱡᱟᱨ ᱚᱠᱟᱨᱮ ᱢᱮᱱᱟᱜᱼᱟ?
मुझे बाहर कुछ तस्वीरें क्लिक करते हैं जबकि आप इसे ईंधन मिलता है.	ᱤᱧ ᱵᱟᱨᱦᱮ ᱨᱮ ᱠᱤᱪᱷᱤ ᱯᱷᱚᱴᱚ ᱛᱩᱞᱟᱹᱣ ᱟᱪᱚᱣᱟᱹᱧ ᱢᱮ ᱡᱚᱠᱷᱚᱱ ᱟᱢᱮᱢ ᱡᱩᱞᱟ ᱾
शायद आप सही हैं, इस विधि कभी कभी मदद करता है.	ᱦᱩᱭ ᱫᱟᱲᱮᱭᱟᱜᱼᱟ ᱟᱢᱮᱢ ᱥᱟᱹᱨᱤᱜᱮᱭᱟ, ᱱᱚᱶᱟ ᱦᱚᱨᱟ ᱠᱤᱪᱷᱤ ᱠᱤᱪᱷᱤ ᱚᱠᱛᱚ ᱜᱚᱲᱚᱭ ᱮᱢᱚᱜᱼᱟ ᱾
इंसान की सुरक्षा खास तौर पर सभी लोगों की सेहत, साफ - सफाई और वातावरण पर टिकी है ।	ᱦᱚᱲ ᱠᱚᱣᱟᱜ ᱨᱩᱠᱷᱤᱭᱟᱹᱣ ᱫᱚ ᱢᱩᱲᱩᱫ ᱞᱮᱠᱟᱛᱮ ᱠᱤᱨᱤᱧᱤᱭᱟᱹ, ᱠᱟᱹᱢᱤᱭᱟᱹ ᱟᱨ ᱵᱮᱵᱚᱥᱛᱟ ᱥᱟᱶᱛᱮ ᱥᱟᱱᱟᱢ ᱦᱚᱲ ᱠᱚᱣᱟᱜ ᱥᱟᱶᱟᱨ,ᱥᱟᱯᱟᱥᱟᱹᱯᱤ ᱟᱨ ᱞᱟᱭᱚᱝ ᱪᱮᱛᱟᱱ ᱢᱮᱫ ᱮ ᱛᱚᱞᱟ ᱾
कुछ समय के लिए इस गीत ने ऑस्ट्रेलियाई प्रसारण आयोग से समाचार की घोषणा की।	ᱠᱤᱪᱷᱩ ᱚᱠᱛᱚ ᱞᱟᱹᱜᱤᱫ ᱥᱮᱹᱨᱮᱹᱧ ᱫᱚ ᱚᱥᱴᱨᱮᱞᱤᱭᱟᱱ ᱵᱨᱚᱰᱠᱟᱥᱴᱤᱝ ᱠᱚᱢᱤᱥᱚᱱ ᱠᱷᱚᱱ ᱰᱚᱜᱚᱨ ᱠᱚ ᱩᱪᱷᱟᱹᱱ ᱟᱠᱟᱫᱟ ᱾
कृपया अपने नाम पर हस्ताक्षर करने के लिए याद रखें रीकर फ़ॉर्म के तल पर.	ᱴᱟᱠᱟ ᱛᱩᱞᱟᱹᱣ ᱯᱷᱚᱨᱢ ᱪᱮᱛᱟᱱ ᱨᱮ ᱟᱢᱟᱜ ᱧᱩᱛᱩᱢ ᱥᱩᱦᱤ ᱟᱞᱚᱢ ᱦᱤᱲᱤᱧᱟ ᱾
क्या एक विद्यार्थी इस बात को बखूबी समझता है कि मैं इससे फायदा पा सकता हूँ?	ᱱᱚᱸᱰᱮ ᱯᱟᱴᱷᱣᱟᱹ ᱞᱟᱹᱜᱤᱫ ᱪᱷᱟᱹᱲ ᱢᱮᱱᱟᱜᱼᱟ ᱡᱟᱦᱟᱸᱫᱚ ᱤᱧ ᱧᱟᱢ ᱫᱟᱲᱮᱭᱟᱜᱼᱟ ?
महोदय, मैं महुवरिया गाँव से हूँ।	ᱥᱮᱨ, ᱤᱧᱫᱚ ᱢᱟᱦᱩᱵᱷᱟᱨᱤᱭᱟ ᱟᱛᱩᱨᱮᱱ ᱠᱟᱹᱱᱟᱹᱧ ᱾
इसे पहली बार उन्नीसवीं सदी में उत्तरी अमेरिका के ब्रिटिश उपनिवेशों में पाला गया था।	ᱩᱱᱚᱵᱤᱝᱥᱚ ᱥᱚᱛᱟᱵᱫᱤ ᱨᱮ ᱩᱛᱛᱚᱨ ᱟᱢᱮᱨᱤᱠᱟ ᱨᱮᱭᱟᱜ ᱵᱨᱤᱴᱤᱥ ᱵᱮᱯᱟᱨ ᱴᱷᱟᱣ ᱠᱚᱨᱮ ᱱᱚᱶᱟ ᱫᱚ ᱯᱳᱭᱞᱳ ᱥᱤᱨᱡᱟᱹᱣ ᱦᱩᱭ ᱞᱮᱱᱟ ᱾
कुछ उत्सवों के लिए, संगीत उत्सवों का अधिकांश सेवक स्थल पर छावनी करने का फैसला करते हैं, और अधिकांश सेवक इसे अनुभव का एक महत्त्वपूर्ण हिस्सा समझते हैं ।	ᱛᱤᱱᱟᱹᱜ ᱜᱟᱱ ᱛᱮᱣᱦᱟᱹᱨ ᱞᱟᱹᱜᱤᱫ ᱛᱮ, ᱥᱮᱨᱮᱧ ᱛᱮᱣᱦᱟᱹᱨ ᱞᱟᱹᱜᱤᱫ ᱛᱮ ᱯᱚᱨᱤᱪᱚᱨᱚ ᱨᱮᱭᱟᱜ ᱢᱟᱨᱟᱝ ᱵᱚᱦᱩᱢᱚᱛ ᱡᱟᱭᱜᱟ ᱨᱮ ᱥᱤᱣᱤᱨ ᱨᱮᱭᱟᱜ ᱴᱷᱟᱹᱣᱠᱟᱹ ᱤᱫᱤ ᱮᱫᱟᱭ, ᱟᱨ ᱛᱤᱱᱟᱹᱜ ᱜᱟᱱ ᱯᱚᱨᱤᱪᱚᱭ ᱫᱚ ᱱᱚᱶᱟ ᱚᱱᱩᱵᱷᱚᱣ ᱨᱮᱭᱟᱜ ᱢᱤᱫᱴᱟᱹᱝ ᱢᱟᱨᱟᱝ ᱦᱟᱹᱴᱤᱧ ᱢᱟᱱᱟᱣ ᱮᱫᱟ ᱠᱚ᱾
आजकल, फिल्मों में भारत के अलग - अलग हिस्सों के बारे में अलग - अलग जानकारी दी जाती है ।	ᱱᱟᱦᱟᱜᱫᱤᱱ ᱠᱚᱨᱮ, ᱯᱷᱤᱞᱢᱠᱩ ᱫᱚ ᱢᱟᱛᱨᱤᱛᱛᱚ ᱟᱨ ᱵᱚᱫᱞᱟ ᱞᱮᱠᱟᱱ ᱫᱚᱲᱦᱟ ᱨᱩᱣᱟᱹᱲᱟᱱ ᱛᱷᱤᱢ ᱥᱟᱶ ᱥᱚᱝᱥᱠᱨᱤᱛ ᱨᱮᱭᱟᱜ ᱫᱷᱨᱩᱯᱚᱫᱤ ᱢᱟᱦᱟᱚᱱᱚᱲᱦᱮᱸ ᱨᱮᱭᱟᱜ ᱮᱥᱮᱲ ᱦᱚᱛᱮᱛᱮ ᱵᱷᱟᱨᱚᱛ ᱨᱮᱭᱟᱜ ᱩᱨᱜᱟᱹᱱ ᱠᱩ ᱢᱤᱫᱴᱷᱮᱡᱽᱮᱫᱟ ᱥᱮ ᱵᱷᱟᱨᱚᱛ ᱨᱮᱭᱟᱜ ᱥᱟᱶᱛᱟ ᱦᱟᱹᱴᱤᱧᱼᱦᱟᱹᱯᱟᱹᱴᱤᱧ ᱥᱟᱶ ᱢᱤᱞᱡᱩᱞᱛᱮ ᱯᱮᱨᱮᱡᱽ ᱱᱟᱜᱟᱢᱟᱱᱟᱜ ᱢᱩᱞᱞᱚᱵᱳᱫᱷ ᱫᱚᱦᱚ ᱤᱫᱤᱭᱮ ᱠᱩᱨᱩᱢᱩᱴᱩᱭᱮᱫᱽ ᱠᱟᱱᱟ ᱾
दस	ᱜᱮᱞ
उन्होंने 1973 से 1979 तक आयोवा के 40वें लेफ्टिनेंट गवर्नर के रूप में कार्य किया।	ᱩᱱᱤ ᱫᱚ ᱑᱙᱗᱓ ᱠᱷᱚᱱ ᱑᱙᱗᱙ ᱥᱟᱞ ᱦᱟᱹᱵᱤᱡ ᱟᱭᱣᱟᱨ ᱔᱐ ᱟᱱᱟᱜ ᱞᱮᱯᱷᱴᱮᱱᱮᱹᱱᱴ ᱨᱮᱱ ᱜᱚᱵᱷᱚᱨᱱᱚᱨ ᱞᱮᱠᱟᱛᱮ ᱫᱟᱭᱵᱷᱟᱨᱮ ᱯᱟᱞᱟᱣ ᱞᱮᱫᱟ ᱾
अगर 30 दिन के अंदर कोई भी चीज़ आपस में नहीं है, तो क्या शादी के बंधन को तोड़ देना ज़रूरी है?	ᱡᱚᱫᱤ ᱡᱟᱦᱟᱸᱭ ᱓᱐ ᱢᱟᱦᱟ ᱢᱩᱫᱽᱨᱮ ᱡᱳᱴᱨᱮ ᱵᱟᱝᱠᱚ ᱟᱯᱚᱛᱛᱤᱭᱟ , ᱮᱱᱠᱷᱟᱱ ᱪᱮᱫ ᱵᱟᱯᱞᱟ ᱦᱩᱭᱩᱜᱼᱟ ?
महाद्वीप के जीव - जंतुओं की लंबी दूरी तक पहुँचने के बाद, इन जानवरों को गला में सबसे बड़ा पालतू जानवर बना दिया गया ।	ᱢᱚᱦᱟᱫᱤᱯ ᱠᱷᱚᱱ ᱥᱟᱺᱜᱤᱧ ᱨᱮ ᱛᱟᱦᱮᱱ ᱠᱷᱟᱹᱛᱤᱨ ᱢᱟᱢᱟᱞ ᱠᱚᱫᱚ ᱜᱮᱞᱚᱯᱟᱜᱳᱥ ᱨᱮ ᱢᱩᱲᱩᱛ ᱟᱹᱛᱤᱧ ᱦᱚᱨᱚ ᱵᱟᱠᱚ ᱵᱮᱱᱟᱣ ᱫᱟᱲᱮᱭᱟᱜ ᱠᱟᱱᱟ᱾
वहाँ प्राचीन यूनानियों और रोमन साम्राज्य के कई अवशेष मौजूद हैं।	ᱚᱰᱮᱫᱚ ᱥᱮᱫᱟᱭ ᱜᱨᱤᱠ ᱟᱨ ᱨᱳᱢᱟᱱ ᱨᱟᱡᱽ ᱯᱚᱱᱚᱛ ᱨᱮᱭᱟᱜ ᱟᱭᱢᱟ ᱨᱟᱹᱯᱩᱫ ᱥᱟᱨᱮᱡ ᱢᱮᱱᱟᱜᱼᱟ ᱾
वह Saks Jane Jay के साथ जोड़ा चीन के Hien Hien Yang और Hanhy Hi-king में सोना और मिश्रित यात्रा में जीत.	ᱪᱤᱱᱨᱮᱱ ᱦᱤᱭᱮᱱ ᱤᱱ ᱯᱮᱝ ᱟᱨ ᱪᱟᱱ ᱦᱟᱣᱼᱪᱤᱝ ᱦᱤᱨᱟᱹᱣᱠᱟᱛᱮ ᱢᱤᱠᱥᱰ ᱰᱟᱵᱚᱞᱥ ᱦᱮᱯᱮᱨᱟᱣᱨᱮ ᱥᱳᱱᱟ ᱡᱤᱛᱠᱟᱹᱨᱨᱮ ᱥᱟᱠᱮᱛᱷ ᱢᱟᱭᱱᱮᱱᱤᱨ ᱥᱟᱶ ᱩᱱᱤ ᱫᱚ ᱡᱩᱴᱤᱭ ᱵᱟᱸᱫᱷᱟᱣᱞᱮᱫᱟ ᱾
यह बच्चों के दिमाग को शांत भी करता है.	ᱱᱚᱶᱟ ᱫᱚ ᱞᱮᱴᱠᱟ ᱠᱚᱣᱟᱜ ᱢᱚᱱ ᱦᱚᱸᱭ ᱛᱷᱤᱨᱼᱟ ᱾
आप शायद यह भी चाहते हैं कि आप खुद के अलावा दूसरी सरकारों की सलाह से भी सलाह लें, लेकिन उनकी सलाह उनके नागरिकों के लिए तैयार की गयी है ।	ᱟᱢ ᱟᱢᱟᱜ ᱵᱷᱮᱜᱟᱨ ᱮᱴᱟᱜ ᱥᱚᱨᱠᱟᱨ ᱠᱚᱣᱟᱜ ᱥᱚᱞᱦᱮ ᱦᱚᱸ ᱦᱟᱛᱟᱣ ᱫᱚᱨᱠᱟᱨ, ᱢᱮᱱᱠᱷᱟᱱ ᱩᱱᱤᱭᱟᱜ ᱥᱚᱞᱦᱮ ᱩᱱᱤᱨᱮᱱ ᱱᱟᱜᱟᱨᱤᱠ ᱠᱚ ᱞᱟᱹᱜᱤᱫ ᱵᱮᱱᱟᱣ ᱟᱠᱟᱱᱟ᱾
अनांब्रा राज्य: अनांब्रा नाइजीरिया के 36 राज्यों में से एक है।	ᱟᱱᱚᱢᱵᱨᱟ ᱯᱚᱱᱚᱛ ᱫᱚ ᱟᱱᱚᱢᱵᱨᱚ ᱱᱟᱭᱡᱮᱨᱤᱭᱟ ᱨᱮᱭᱟᱜ ᱓᱖ ᱜᱚᱴᱟᱝ ᱯᱚᱱᱚᱛ ᱨᱮᱭᱟᱜ ᱢᱤᱫᱴᱟᱝ ᱾
ᱪᱮᱫ ᱟᱢ ᱠᱨᱮᱰᱤᱴ ᱠᱟᱨᱰ ᱮᱢ ᱟᱝᱜᱚᱪ ᱮᱫᱟ?	क्या आप क्रेडिट कार्ड स्वीकार करते हैं?
इस कमरे में उनसठ कुर्सी हैं।	ᱱᱚᱶᱟ ᱚᱲᱟᱜ ᱨᱮ ᱛᱩᱨᱩᱭ ᱜᱮᱞ ᱱᱟᱭ ᱜᱚᱴᱟᱝ ᱠᱩᱨᱥᱤ ᱢᱮᱱᱟᱜᱼᱟ ᱠᱚᱣᱟ।
मुझे आशा है कि हर किसी को सहयोग मिलेगा।	ᱤᱧ ᱠᱷᱚᱡᱽᱚᱜᱼᱟ ᱡᱚᱛᱚᱠᱩ ᱜᱤ ᱯᱮ ᱜᱚᱲᱚᱜᱼᱟ ᱾
हाँ, एक शांत बच्चे अधिक खुश है.	ᱦᱮᱸ, ᱢᱤᱫᱽᱴᱟᱝ ᱛᱷᱤᱨ ᱞᱮᱴᱠᱟ ᱟᱨᱦᱚᱸᱭ ᱨᱟᱹᱥᱠᱟᱹᱜᱼᱟ ᱾
उन्होंने 1992 से 2008 तक लेबर पार्टी का नेतृत्व किया।	ᱩᱱᱤ ᱫᱚ ᱑᱙᱙᱒ ᱠᱷᱚᱱ ᱒᱐᱐᱘ ᱦᱟᱹᱵᱤᱡ ᱞᱮᱵᱟᱨ ᱯᱟᱨᱴᱤ ᱨᱮᱭ ᱢᱟᱲᱛᱮ ᱞᱮᱫᱟ ᱾
राहुल! बात करना बंद करो, नहीं तो लीलावती मैडम हमें 1 घंटे तक सूरज को घूरने पर मजबूर कर देंगी।	ᱨᱟᱡᱩᱞ! ᱠᱟᱛᱷᱟ ᱞᱟᱹᱭ ᱛᱷᱤᱨ ᱢᱮ, ᱵᱟᱝ ᱠᱷᱟᱱ ᱞᱤᱞᱚᱵᱚᱛᱤ ᱢᱮᱢ ᱫᱚ ᱟᱞᱟᱝ ᱥᱤᱧ ᱪᱟᱸᱫᱚ ᱥᱮᱡ ᱢᱤᱫ ᱴᱟᱲᱟᱝ ᱞᱟᱹᱜᱤᱫᱼᱮ ᱠᱚᱭᱚᱜ ᱚᱪᱚᱠᱟᱞᱟᱧᱟ ᱾
अठहत्तर	ᱮᱭᱟᱭ ᱜᱮᱞ ᱟᱨ
Aamm खान, जो पहले कभी एक फिल्म बनाने से पहले नहीं किया था, शुरू में फिल्म करने के लिए उत्सुक था शुरू में लेकिन Carthiia द्वारा विश्वास किया गया था, जो कि तमिल लोकवादी का मूल तारा है, जिसने उसे बताया कि "वह केवल एक ही था जो चरित्र के लिए न्याय कर सकता है."	ᱟᱢᱤᱨ ᱠᱷᱟᱱ, ᱡᱟᱦᱟᱸᱭ ᱫᱚ ᱱᱩᱭᱟᱹ ᱞᱟᱦᱟ ᱛᱤᱥᱜᱤ ᱩᱱᱤᱭᱟᱜ ᱯᱟᱴᱷ ᱡᱤᱭᱚᱱᱨᱮ ᱡᱟᱦᱟᱸᱱ ᱪᱤᱛᱟᱹᱨ ᱨᱮᱭᱟᱜ ᱫᱚᱲᱦᱟ ᱵᱮᱱᱟᱣ ᱵᱟᱭ ᱠᱚᱨᱟᱣᱟᱠᱟᱫᱟ, ᱯᱟᱹᱦᱤᱞᱟᱜ ᱪᱤᱛᱟᱹᱨ ᱠᱚᱨᱟᱣᱨᱮ ᱫᱤᱜᱫᱷᱟᱹᱨᱮᱭ ᱛᱟᱦᱮᱸᱠᱟᱱᱟ, ᱢᱮᱱᱠᱷᱟᱱ ᱛᱟᱢᱤᱞ ᱪᱤᱛᱟᱹᱨ 'ᱜᱚᱡᱱᱤ'ᱼᱨᱮᱭᱟᱜ ᱟᱥᱚᱞ ᱯᱟᱴᱷᱚᱠᱤᱭᱟᱹ ᱥᱩᱨᱡᱚ, ᱡᱟᱦᱟᱸᱭ ᱫᱚ ᱩᱱᱤᱭ ᱢᱮᱛᱟᱫᱤᱛᱟᱦᱮᱸᱱ, "ᱮᱠᱮᱱ ᱟᱢᱜᱤ ᱱᱤᱭᱟᱹ ᱪᱟᱹᱨᱤᱛᱨᱮᱢ ᱱᱮᱭᱵᱤᱪᱟᱹᱨ ᱫᱟᱲᱮᱭᱟᱜᱼᱟ", ᱚᱱᱟ ᱠᱟᱛᱷᱟ ᱟᱸᱡᱚᱢᱠᱟᱛᱮ ᱩᱱᱤᱫᱚᱭ ᱯᱟᱹᱛᱭᱟᱹᱣᱮᱱᱟ ᱾
1934 तक यह अपने आप में एक स्वतंत्र नगरपालिका थी।	᱑᱙᱓᱔ ᱥᱟᱞ ᱦᱟᱹᱵᱤᱡ ᱱᱚᱶᱟ ᱫᱚ ᱟᱯᱱᱟᱨ ᱞᱮᱠᱟᱛᱮ ᱢᱤᱫᱴᱟᱝ ᱯᱳᱣᱨᱚᱥᱚᱵᱷᱟ ᱛᱟᱦᱮᱸ ᱠᱟᱱᱟ ᱾
मैंने दूसरे कमरे के मरीजों से दोस्ती कर ली थी और अस्पताल से छुट्टी मिलने के तुरंत बाद मुझे उनका साथ याद आने लगा।	ᱤᱧ ᱫᱚ ᱮᱴᱟᱜ ᱚᱲᱟᱜ ᱨᱮ ᱵᱮᱢᱟᱨ ᱦᱚᱲ ᱠᱚ ᱥᱟᱶ ᱜᱟᱛᱮᱧ ᱛᱟᱦᱮᱸ ᱠᱟᱱᱟ ᱟᱨ ᱪᱷᱟᱹᱲ ᱧᱟᱢ ᱛᱟᱭᱚᱢ ᱩᱱᱠᱩᱣᱟᱜ ᱠᱳᱢᱯᱟᱱᱤ ᱨᱮ ᱢᱤᱥ ᱞᱟᱜᱟᱣ ᱛᱟᱦᱮᱸ ᱠᱟᱱᱟ ᱾
मैं प्रोटीन पनीर और उसके लिए एक कम-कार मूँगफली मक्खन कुकी होगा.	ᱤᱧ ᱴᱷᱮᱱ ᱩᱱᱤ ᱞᱟᱹᱜᱤᱫ ᱯᱨᱳᱴᱤᱱ ᱪᱤᱡᱽᱠᱮᱠᱮ ᱟᱨ ᱢᱤᱫᱴᱟᱝ ᱠᱚᱢᱼᱠᱟᱨᱵ ᱯᱤᱱᱟᱴ ᱵᱟᱴᱟᱨ ᱠᱩᱠᱤ ᱛᱟᱦᱮᱱᱟ ᱾
उन्होंने 2005 से 2010 तक होली सी (वेटिकन) में अंडोरा के राजदूत के रूप में कार्य किया।	ᱩᱱᱤ ᱫᱚ ᱒᱐᱐᱕ ᱠᱷᱚᱱ ᱒᱐᱑᱐ ᱦᱟᱹᱵᱤᱪ ᱦᱳᱞᱤ ᱥᱤ ᱨᱮ ᱮᱹᱱᱰᱳᱨᱟ ᱨᱮᱱ ᱫᱤᱥᱚᱢ ᱜᱚᱰᱮᱛ ᱞᱮᱠᱟᱛᱮ ᱫᱟᱭᱵᱷᱟᱨᱮ ᱯᱟᱞᱟᱣ ᱞᱮᱫᱟ ᱾
एरिया कोड 901: एरिया कोड 901 टेनेसी का एक एरिया कोड है।	ᱴᱚᱴᱷᱟ ᱠᱳᱰ ᱙᱐᱑ ᱫᱚ ᱦᱩᱭᱩᱜ ᱠᱟᱱᱟ ᱴᱮᱱᱮᱥᱤ ᱨᱮᱭᱟᱜ ᱢᱤᱫᱴᱟᱝ ᱴᱚᱴᱷᱟ ᱠᱳᱰ ᱾
इस बात को लेकर खासकर बारहवीं सदी के दौरान धर्म - गुरुओं ने ठोकर खायी थी कि वे रेशम और बलसान जैसे तोहफे लेकर वापस आए थे ।	ᱜᱮᱞᱵᱟᱨᱟᱱᱟᱜ ᱥᱮᱧᱪᱩᱨᱤ ᱨᱮᱭᱟᱜ ᱵᱤᱫᱟᱹᱞ ᱨᱮ ᱱᱟᱣᱟ ᱨᱮᱭᱟᱜ ᱚᱵᱚᱥᱛᱟ ᱨᱮ ᱦᱚᱥᱚᱨ ᱦᱮᱡ ᱮᱱᱟ, ᱟᱥᱚᱞ ᱞᱮᱠᱟᱛᱮ ᱱᱚᱣᱟ ᱛᱮᱛᱮᱛ ᱨᱮᱭᱟᱜ ᱚᱡᱮ ᱡᱮ ᱠᱨᱩᱥᱮᱰᱮᱨᱥ ᱫᱚ ᱞᱩᱢᱟᱹᱝ ᱟᱨ ᱢᱚᱥᱚᱞᱟ ᱠᱚ ᱞᱮᱠᱟᱱ ᱥᱟᱱᱫᱮᱥ ᱠᱚᱭ ᱨᱩᱣᱟᱲ ᱠᱟᱫ ᱛᱟᱦᱮᱸᱠᱟᱱᱟ, ᱡᱟᱦᱟᱸᱴᱟᱜ ᱡᱮ ᱵᱤᱡᱟᱱᱴᱤᱱ ᱵᱟᱡᱟᱨ ᱠᱚ ᱨᱮᱭᱟᱜ ᱥᱟᱢᱟᱝ ᱩᱡᱤ ᱨᱮ ᱵᱟᱹᱲᱛᱤ ᱜᱚᱱᱚᱝᱟᱱᱟᱜ ᱛᱟᱦᱮᱸᱠᱟᱱᱟ᱾
इसके अलावा, ज़्यादातर जीवित प्राणियों के लिए, जिनमें जीवाणु, मौज - मस्ती, पौधों और जानवरों के बारे में भी जानकारी दी गयी है ।	ᱚᱣᱫᱷᱤ ᱞᱚᱭ, ᱡᱟᱦᱟᱸᱭ ᱫᱚ ᱠᱷᱟᱹᱞᱤ ᱵᱟᱷᱨᱮ ᱚᱣᱫᱷᱤ ᱥᱚᱝᱠᱮᱛ ᱨᱮᱭᱟᱜ ᱯᱨᱚᱛᱤᱠᱨᱤᱭᱟᱹ ᱵᱟᱝ ᱠᱟᱱᱟ, ᱵᱮᱠᱴᱤᱨᱤᱭᱟ, ᱠᱚᱣᱟᱹᱠ, ᱫᱟᱨᱮ ᱟᱨ ᱡᱤᱣ ᱥᱟᱶᱛᱮ ᱵᱟᱹᱲᱛᱤᱭᱟᱱ ᱡᱤᱣᱚᱱ ᱯᱨᱚᱬᱟᱹᱞᱤ ᱞᱟᱹᱜᱤᱫ ᱥᱟᱺᱪᱟᱣ ᱠᱟᱛᱮ ᱠᱚ ᱫᱚᱦᱚ ᱠᱟᱫ ᱠᱚᱣᱟ᱾
पोकियस का 14 अगस्त 2021 को 90 वर्ष की आयु में निधन हो गया।	᱑᱔ ᱟᱜᱚᱥᱴ ᱒᱐᱒᱑ ᱥᱟᱞ ᱨᱮ ᱢᱤᱭᱟᱥ ᱫᱚ ᱙᱐ ᱥᱮᱨᱢᱟ ᱩᱢᱮᱨ ᱨᱮᱭ ᱜᱚᱪ ᱞᱮᱱᱟ ᱾
क्या आपको लगता है कि वे मुझे फुटबॉल का पीछा करने के लिए प्रोत्साहित करेंगे?	ᱟᱢ ᱪᱮᱫ ᱮᱢ ᱢᱚᱱᱮᱭᱟ ᱩᱱᱠᱩ ᱯᱷᱩᱴᱵᱚᱞ ᱠᱦᱮᱞ ᱞᱟᱹᱜᱤᱫ ᱤᱧ ᱠᱚ ᱩᱫᱜᱟᱹᱣ ᱤᱧᱟᱹ ?
ᱪᱮᱫ ᱱᱚᱣᱟ ᱛᱟᱲᱟᱢ ᱞᱟᱹᱜᱤᱫ ᱨᱚᱯᱟ ᱜᱮᱭᱟ?	क्या पैदल चलना सुरक्षित है?
मेरे पास उनसठ रुपये हैं।	ᱤᱧ ᱴᱷᱮᱱ ᱢᱚᱬᱮ ᱜᱮᱞ ᱱᱟᱭ ᱯᱟᱹᱲᱯᱟ ᱢᱮᱱᱟᱜᱼᱟ ᱠᱚᱣᱟ।
फिलहाल मुझे यह केस जीतने की उम्मीद नहीं है।	ᱱᱤᱛ ᱜᱷᱟᱹᱲᱤᱡ ᱫᱚ ᱱᱚᱣᱟ ᱢᱟᱢᱞᱟ ᱨᱮ ᱡᱤᱛᱟᱹᱣᱚᱜ  ᱵᱟᱨᱮᱛᱮ ᱟᱸᱥ ᱫᱚ ᱵᱟᱹᱱᱩᱜ ᱛᱤᱧᱟᱹ ᱾
भावनाओं की दुहाई (अपील टू इमोशन): यह एक तार्किक भ्रम (logical fallacy) है।	ᱨᱟᱹᱥᱠᱟᱹ ᱪᱮᱛᱟᱱ ᱨᱮ ᱟᱹᱨᱡᱤ ᱫᱚ ᱢᱤᱫᱴᱟᱝ ᱡᱩᱠᱛᱤᱭᱟᱱᱟᱜ ᱦᱩᱲᱟᱹᱜ ᱾
महोदय, हमारे गांव साफ पीने के पानी नहीं हो रहा है.	ᱥᱮᱨ, ᱟᱞᱮ ᱟᱛᱩᱨᱮ ᱧᱩᱭ ᱫᱟᱜ ᱢᱚᱡ ᱵᱟᱝ ᱧᱟᱢᱚᱜ ᱠᱟᱱᱟ ᱾
अपनी टीम को एक नया रिकॉर्ड बनाते देखकर लक्ष्मी खुशी से फूली नहीं समाई।	ᱞᱚᱠᱽᱠᱷᱤ ᱫᱚ ᱟᱡ ᱨᱮᱱ ᱜᱟᱫᱮᱞᱟᱜ  ᱢᱤᱫᱴᱟᱝ ᱱᱟᱶᱟ ᱨᱮᱠᱚᱨᱰ ᱵᱮᱱᱟᱣ ᱧᱮᱞ ᱛᱮ ᱨᱟᱹᱥᱠᱟᱹᱛᱮᱭ ᱫᱚᱱ ᱵᱟᱲᱟᱭ ᱠᱟᱱᱟ ᱾
मैं अपनी बहन और अपने दोस्त को खो बैठा, और मेरे रास्ते पर दो अपंग लोग थे, लोगों ने बस कूदकर उन्हें धक्का दिया," हथियारों से कहा.	ᱤᱧ ᱤᱧ ᱨᱮᱱ ᱢᱤᱥᱮᱨᱟ ᱟᱨ ᱩᱱᱤ ᱨᱮᱱ ᱜᱟᱛᱮ ᱛᱟᱹᱠᱤᱱ ᱤᱧ ᱟᱫᱽ ᱟᱠᱟᱫ ᱠᱤᱱᱟ, ᱤᱧᱟᱜ ᱦᱚᱨ ᱨᱮ ᱦᱩᱭᱤᱞᱢᱟᱹᱪᱤ ᱨᱮ ᱵᱟᱨᱭᱟ ᱫᱤᱵᱽᱭᱟᱝ ᱦᱚᱲ ᱠᱤᱱ ᱛᱟᱦᱮᱸ ᱠᱟᱱᱟ, ᱦᱚᱲ ᱠᱷᱟᱹᱞᱤ ᱩᱱᱠᱤᱱ ᱫᱚᱱ ᱯᱟᱨᱚᱢ ᱠᱟᱛᱮ ᱟᱨᱠᱚ ᱰᱷᱮᱠᱟᱭᱮᱫ ᱠᱤᱱ ᱛᱟᱦᱮᱸᱱᱟ," ᱟᱨᱢᱚᱱᱰ ᱵᱷᱟᱨᱥᱟᱪᱮᱭ ᱞᱟᱹᱭ ᱞᱮᱫᱟ᱾
अगर मेरे पिताजी ने मेरी मार्कशीट देखी, तो मुझे नहीं पता कि वे क्या कहेंगे।	ᱤᱧ ᱵᱟᱵᱟ ᱡᱩᱫᱤ ᱤᱧᱟᱜ ᱢᱟᱨᱠᱥᱦᱤᱴᱮ ᱧᱮᱞᱟ, ᱤᱧ ᱵᱟᱹᱧ ᱵᱟᱰᱟᱭᱟ ᱩᱱᱤ ᱪᱮᱫ ᱮ ᱞᱟᱹᱭᱼᱟ ᱾
ईआर और भी सात खण्डों में समर्पित है, हर एक विभाजन मुख्यालय के साथ.	ᱡᱚᱛᱚ ᱨᱮᱭᱟᱜ ᱢᱤᱫᱴᱟᱝ ᱠᱟᱛᱮ ᱵᱤᱵᱷᱟᱹᱜ ᱥᱚᱫᱚᱨ ᱛᱷᱚᱱᱚᱛ ᱥᱟᱶᱛᱮ, ᱵᱷᱟᱨᱚᱛᱤᱭᱟᱹ ᱨᱮᱞ ᱟᱨᱦᱚᱸ ᱮᱭᱟᱭᱜᱮᱞ ᱛᱩᱨᱩᱭ ᱜᱚᱴᱟᱝ ᱵᱤᱵᱷᱟᱹᱜ ᱨᱮ ᱦᱟᱹᱴᱤᱧ ᱟᱠᱟᱱᱟ ᱾
यह उनके लिए उपयोगी होगा.	ᱱᱤᱭᱟᱹ ᱫᱚ ᱩᱝᱠᱩ ᱞᱟᱹᱜᱤᱫᱽ ᱞᱟᱹᱜᱽᱛᱤᱭᱟᱱᱟᱜᱽ ᱦᱩᱭᱩᱜᱽᱼᱟ ᱾
मैं कल अस्पताल गया था और यह घिनौना था। मरीज बिस्तर साझा कर रहे हैं और बुनियादी स्वच्छता का कोई पालन नहीं किया जा रहा है।	ᱤᱧ ᱫᱚ ᱦᱚᱞᱟ ᱦᱟᱥᱯᱟᱛᱟᱞᱤᱧ ᱪᱟᱞᱟᱣ ᱞᱮᱱᱟ ᱟᱨ ᱚᱸᱰᱮ ᱫᱚ ᱟᱹᱰᱤ ᱟᱹᱲᱤᱥᱼᱟᱱᱟᱜ ᱜᱮ ᱛᱟᱦᱮᱸᱠᱟᱱᱟ ᱾ ᱨᱩᱣᱟᱹᱜ ᱠᱚᱫᱚ ᱜᱤᱛᱤᱡᱼᱟᱜ ᱠᱚ ᱦᱟᱹᱴᱤᱧᱮᱫᱟ ᱟᱨ ᱡᱟᱦᱟᱱ ᱯᱳᱭᱞᱳ ᱥᱟᱸᱣᱟᱨ ᱟᱹᱨᱤ ᱵᱟᱝ ᱯᱟᱸᱡᱟᱜ ᱠᱟᱱᱟ ᱾
उन्होंने रोसेलारे में कैथोलिक माइनर सेमिनरी से स्नातक किया।	ᱩᱱᱤ ᱫᱚ ᱨᱳᱡᱮᱞᱟᱨ ᱨᱮᱭᱟᱜ ᱠᱮᱹᱛᱷᱚᱞᱤᱠ ᱢᱟᱭᱱᱚᱨ ᱥᱮᱢᱤᱱᱟᱨᱤ ᱠᱷᱚᱱ ᱵᱤ ᱮ ᱯᱟᱥ ᱞᱮᱫᱟᱭ ᱾
गीत Suuganma शाम शुरू हो गया था, उसके बाद जयर शैंबर बूय ने क्लोगुल को भी प्रेरित किया . राजा, राज खानल उसके साथ था.	ᱟᱭᱩᱵ ᱯᱚᱦᱚᱨ ᱨᱮᱱᱟᱜ ᱮᱛᱚᱦᱚᱵ ᱵᱟᱰᱚᱦᱤ ᱥᱟᱸᱡᱩ ᱥᱟᱨᱢᱟ ᱦᱩᱭ ᱠᱮᱫᱼᱟᱭ, ᱚᱱᱟ ᱛᱟᱭᱚᱢ ᱡᱚᱭ ᱥᱚᱸᱠᱚᱨ ᱪᱚᱣᱫᱷᱨᱤ ᱠᱮᱫᱼᱟᱭ᱾ ᱪᱟᱷᱯᱯᱚᱱ ᱵᱷᱚᱜᱽ ᱵᱷᱟᱡᱚᱱ ᱦᱚᱸ ᱦᱩᱭ ᱮᱱᱟ᱾ ᱵᱟᱰᱚᱦᱤ, ᱨᱟᱡᱩ ᱠᱷᱟᱸᱰᱮᱞᱣᱟᱞ ᱩᱱᱤ ᱥᱟᱶ ᱛᱟᱦᱮᱸ ᱠᱟᱱᱟᱭ᱾
कोई अतिरिक्‍त परिवहन पर रखा जा रहा है और अधिक रेल ट्रेनों पर रखा जा रहा है... ... वेम्बी में बंद नहीं होगा, और कार पार्क और पार्की सुविधाओं पृथ्वी पर उपलब्ध हैं.	ᱡᱟᱦᱟᱱᱟᱜ ᱥᱟᱣᱛᱟ ᱯᱚᱨᱤᱣᱟᱦᱟᱹᱱ ᱵᱟᱝ ᱞᱟᱜᱟᱣ ᱠᱟᱱᱟ ᱟᱨ ᱣᱮᱢᱵᱞᱤ ᱨᱮ ᱚᱣᱟᱹᱨᱜᱽᱨᱟᱩᱸᱰ ᱴᱨᱮᱱ ᱵᱟᱝ ᱟᱠᱚᱴᱚᱜᱼᱟ, ᱟᱨ ᱠᱟᱨ ᱯᱟᱨᱠᱤᱝ ᱟᱨ ᱯᱟᱨᱠᱼᱮᱸᱰᱼᱨᱟᱭᱤᱰ ᱥᱩᱵᱤᱫᱷᱟᱹ ᱱᱤᱛ ᱫᱷᱟᱹᱵᱤᱡ ᱵᱟᱹᱱᱩᱜᱼᱟ᱾
मुझे आशा है कि यह एक फ़र्क पड़ता है.	ᱤᱧ ᱟᱥᱚᱜ ᱠᱟᱹᱱᱟᱹᱧ ᱱᱚᱶᱟᱫᱚ ᱱᱟᱥᱮ ᱱᱟᱜ ᱮ ᱵᱷᱮᱜᱟᱨᱟ ᱾
और विलियम जोन्स पर एक छोटी - सी भाषण दिया ।	ᱥᱟᱪᱮᱫ ᱥᱩᱫᱤᱯᱛᱚ ᱥᱮᱱ ᱩᱭᱞᱤᱭᱟᱢ ᱡᱳᱱᱥ ᱢᱮᱢᱮᱳᱨᱤᱭᱟᱞ ᱢᱮᱰᱮᱞ ᱒᱐᱒᱑ ᱥᱟᱹᱦᱤᱛ ᱞᱟᱹᱜᱤᱫ ᱮ ᱧᱟᱢ ᱟᱠᱟᱫᱟ ᱟᱨ ᱒᱒ᱹ᱐᱗ᱹ᱒᱐᱒᱒ ᱢᱟᱹᱦᱤᱛᱨᱮ ᱩᱭᱞᱤᱭᱟᱢ ᱡᱳᱱᱥ ᱟᱨ ᱤᱨᱟᱹᱞᱜᱮᱞᱟᱝ ᱥᱚᱴᱟᱵᱫᱤ ᱨᱮᱭᱟᱜ ᱢᱩᱪᱟᱹᱫ ᱥᱮᱡ ᱠᱳᱞᱠᱟᱛᱟᱨᱮ ᱟᱹᱱ ᱨᱮᱭᱟᱜ ᱥᱟᱥᱚᱱ ᱪᱮᱛᱟᱱ ᱢᱤᱫ ᱦᱩᱰᱤᱧ ᱠᱟᱛᱷᱟᱭ ᱮᱢᱞᱮᱫᱟ ᱾
फुटबॉल खिलाड़ियों द्वारा किया गया उग्र और बेईमानी भरा खेल बिल्कुल शर्मनाक है।	ᱯᱷᱩᱴᱵᱚᱞ ᱠᱷᱮᱞᱳᱰᱤᱭᱟᱹ ᱠᱚᱣᱟᱜ ᱵᱟᱹᱲᱤᱡ ᱠᱷᱮᱞᱳᱰ ᱫᱚ ᱟᱹᱰᱤ ᱞᱟᱡᱟᱣᱟᱱᱟᱜ ᱾
मैं देख रहा था कि, आदिवासियों, चीनी और अन्यों की रक्षा से कहीं दूर, ये अफसर उन्हें रौंद रहे थे ।	ᱤᱧ ᱫᱚᱧ ᱛᱩᱝᱠᱷᱤ ᱛᱚᱞᱟᱥᱮᱫ ᱠᱟᱱ ᱛᱟᱦᱮᱸ ᱠᱟᱱᱟ, ᱵᱷᱟᱨᱚᱛᱤᱭᱟᱹ, ᱪᱟᱹᱭᱱᱤᱥ ᱟᱨ ᱮᱴᱟᱜᱽ ᱠᱩ ᱵᱟᱝ ᱨᱩᱠᱷᱭᱟᱹ ᱠᱟᱛᱮ , ᱱᱩᱝᱠᱩ ᱚᱯᱷᱤᱥᱟᱨ ᱠᱩ ᱫᱳ ᱩᱝᱠᱩ ᱠᱩ ᱞᱮᱵᱮᱫᱽ ᱞᱚᱴᱚᱢᱮᱫᱽ ᱠᱩ ᱛᱟᱦᱮᱸᱠᱟᱱᱟ ᱾
मुझे अभी बताया गया है कि अतिरिक्त फिल्टर आ गए हैं। यह कितना सुखद संयोग है (सेवा प्रदाता)।	ᱤᱧ ᱮᱠᱷᱮᱱ ᱠᱚ ᱢᱮᱱ ᱟᱠᱟᱫᱤᱧᱟᱹ ᱡᱮ ᱵᱟᱲᱛᱤ ᱯᱷᱤᱞᱴᱟᱨ ᱦᱮᱡ ᱟᱠᱟᱱᱟ ᱾ ᱱᱚᱶᱟ ᱫᱚ ᱢᱤᱫᱴᱟᱝ ᱟᱸᱡᱚᱢ ᱠᱟᱛᱷᱟ (ᱯᱚᱨᱤᱥᱮᱵᱟ ᱮᱢᱚᱜᱤᱡ) ᱾
क्या तुम मुझसे लड़ना चाहते हो? मैं एक पेशेवर पहलवान हूँ! मैं तुम्हें तब तक मार सकता हूँ जब तक तुम्हारा खून न निकल आए।	ᱟᱢ ᱪᱮᱫ ᱤᱧ ᱥᱟᱶ ᱞᱟᱹᱲᱦᱟᱹᱭᱮᱢ ᱠᱷᱚᱡ ᱠᱟᱱᱟ ? ᱤᱧ ᱫᱚ ᱢᱤᱫ ᱦᱚᱲ ᱠᱩᱥᱛᱤᱜᱤᱨ ᱠᱟᱹᱱᱟᱹᱧ ! ᱟᱢᱟᱜ ᱢᱟᱸᱭᱟᱸᱢ ᱵᱟᱝ ᱡᱚᱨᱚᱜ ᱫᱷᱟᱵᱤᱡ ᱤᱧ ᱫᱚ ᱟᱢᱤᱧ ᱜᱩᱥᱟᱹᱣ ᱫᱟᱲᱮᱭᱟᱢᱟ ᱾
मकान मालिक पर चिल्लाओ मत। वह हमें यहाँ से निकाल सकता है।	ᱚᱲᱟᱜ ᱢᱟᱹᱞᱤᱠ ᱟᱞᱚᱢ ᱨᱚᱲ ᱨᱩᱣᱟᱹᱲᱟᱭᱟ ᱾ ᱩᱱᱤ ᱫᱚ ᱟᱞᱮ ᱱᱚᱸᱰᱮ ᱠᱷᱚᱱᱮ ᱞᱟᱜᱟ ᱫᱟᱲᱮᱭᱟᱞᱮᱭᱟ ᱾
ऐसा प्रतीत होता है कि पुस्तक का उद्देश्‍य ही सैनस्किक अभिव्यक्‍ति और बुद्धिमान व्यवहार के ज्ञान में उदारता को प्रोत्साहित करता है ।	ᱯᱚᱛᱚᱵ ᱨᱮᱭᱟᱜ ᱡᱚᱥ ᱫᱚ ᱥᱚᱝᱥᱠᱨᱤᱛ ᱯᱟᱱᱟᱨᱥᱟᱞ ᱟᱨ ᱟᱹᱠᱤᱞ ᱵᱮᱣᱦᱟᱨ ᱨᱮ ᱜᱮᱭᱟᱱ ᱛᱮ ᱜᱟᱹᱠᱷᱩᱲ ᱩᱛᱷᱱᱟᱹᱣ ᱜᱤ ᱵᱚᱱ ᱢᱚᱱᱮᱭᱟ ᱾
1830 में, उनके पिता हेनरी लांगे ने नवंबर विद्रोह में भाग लिया।	᱑᱘᱓᱐ ᱥᱟᱞ ᱨᱮ, ᱟᱡ ᱵᱟᱵᱟ ᱦᱮᱱᱨᱤ ᱞᱮᱹᱧᱡ ᱫᱚ ᱱᱚᱵᱷᱮᱢᱵᱚᱨ ᱨᱮᱭᱟᱜ ᱞᱟᱹᱲᱦᱟᱹᱭ ᱨᱮᱭ ᱥᱮᱞᱮᱫ ᱞᱮᱱᱟ ᱾
१९३० के कम्प्लीशन प्रभाव ने और अधिक प्रमाण प्रदान किया कि विशिष्ट सापेक्षता लागू होती है, इस मामले में फोटो-काइन छितराने के बारे में एक कण वर्णन के लिए.	᱑᱙᱒᱓ ᱥᱟᱹᱦᱤᱛ ᱨᱮᱭᱟᱜ ᱠᱨᱚᱢᱯᱴᱚᱱ ᱮᱥᱮᱨ ᱟᱨᱦᱚᱸ ᱩᱱᱩᱫᱩᱜ ᱮ ᱮᱢ ᱠᱟᱛᱮ ᱡᱟᱦᱟᱸ ᱵᱤᱥᱮᱥ ᱟᱠᱷᱯᱮᱠ ᱮ ᱠᱷᱟᱴᱟᱣ ᱞᱮᱫᱟ ᱯᱷᱳᱴᱚᱱᱼᱤᱞᱮᱠᱴᱨᱚᱱ ᱵᱤᱠᱠᱷᱮᱯ ᱚᱠᱛᱮ ᱢᱤᱫᱴᱟᱝ ᱠᱚᱨᱱᱟᱨ ᱵᱚᱨᱱᱚᱱ ᱠᱷᱮᱛᱨᱚ ᱨᱮ ᱾
भारत में खुद पर गर्व करता है, इसलिए वह ज़बरदस्त लोकतंत्रीय संरचना बनाने में एक अहम भूमिका निभाता है ।	ᱩᱱᱤ ᱫᱚ ᱡᱤᱭᱟᱹᱲ ᱜᱚᱱᱚᱛᱟᱱᱛᱨᱤᱠ ᱜᱚᱲᱦᱚᱱ ᱵᱮᱱᱟᱣᱨᱮ ᱢᱤᱫᱽ ᱢᱩᱲᱩᱫᱽ ᱮᱱᱮᱢᱮ ᱯᱟᱞᱚᱱᱞᱮᱫᱟ ᱡᱟᱸᱦᱟ ᱞᱟᱹᱜᱤᱫᱽ ᱵᱷᱟᱨᱚᱛ ᱫᱚ ᱜᱚᱨᱚᱵᱮ ᱵᱩᱡᱷᱟ ᱾
मुझे खुशी है कि अब कई लोग मानसिक स्वास्थ्य को अधिक गंभीरता से ले रहे हैं।	ᱤᱧ ᱟᱹᱰᱤ ᱨᱟᱹᱥᱠᱟᱹᱧ ᱟᱴᱠᱟᱨ ᱮᱫᱟ ᱡᱮ ᱟᱭᱢᱟ ᱦᱚᱲ ᱫᱚ ᱱᱮᱛᱚᱜ ᱢᱟᱱᱚᱥᱤᱠ ᱥᱟᱶᱟᱨ, ᱮᱱᱮᱢ ᱥᱟᱞᱟᱜ ᱠᱚ ᱦᱟᱛᱟᱣ ᱮᱫᱟ ᱾
मौसम ठीक है, हालाँकि गर्म और ठंडा है, लेकिन अन्य तत्त्व ठीक हैं ताकि यह मेरे लिए कभी नहीं हुआ ।	ᱦᱚᱭᱞᱚᱝ ᱴᱷᱤᱠ ᱢᱮᱱᱟᱜᱼᱟ, ᱮᱱᱛᱮᱨᱮᱦᱚᱸ ᱥᱤᱛᱩᱝᱠᱚ ᱵᱮᱥ ᱞᱚᱞᱚ ᱟᱨ ᱚᱞᱟᱦᱮᱫ, ᱛᱚᱵᱮ ᱠᱷᱟᱱ ᱮᱴᱟᱜ ᱚᱡᱮ ᱠᱚᱫᱚ ᱴᱷᱤᱠ ᱚᱱᱟᱛᱮ ᱡᱟᱭᱜᱟᱫᱚ ᱟᱲᱟᱜ ᱪᱟᱞᱟᱣ ᱨᱮᱭᱟᱜ ᱠᱟᱛᱷᱟ ᱤᱧ ᱴᱷᱮᱱ ᱛᱤᱥᱦᱚᱸ ᱵᱮᱝ ᱦᱮᱡ ᱟᱠᱟᱱᱟ ᱾
उन्होंने मेरे दस्तावेजों का सत्यापन किया और कहा कि मैं इस योजना के लिए पात्र हूँ।	ᱩᱱᱠᱩ ᱫᱚ ᱤᱧᱟᱹᱜ ᱱᱚᱛᱷᱤ ᱠᱚ ᱵᱤᱰᱟᱹᱣ ᱞᱮᱫᱟ ᱟᱨ ᱠᱚ ᱢᱮᱱ ᱞᱮᱫᱟ ᱡᱮ ᱤᱧ ᱱᱚᱶᱟ ᱥᱠᱤᱢ ᱞᱟᱹᱜᱤᱫ ᱡᱳᱜᱢᱟᱱ ᱜᱤᱭᱟᱹᱧ ᱾
आप में से हरेक बिना किसी मदद के एक का प्रबंधन कर सकता है.	ᱟᱯᱮ ᱠᱩ ᱢᱩᱫᱨᱮ ᱢᱤᱢᱤᱫᱽ ᱦᱚᱲ ᱡᱟᱦᱟᱸᱭᱟᱜ ᱜᱚᱲᱚ ᱫᱟᱨᱟᱭᱛᱮ ᱜᱤᱯᱮ ᱥᱟᱢᱲᱟᱣ ᱫᱟᱲᱤᱭᱟᱜᱼᱟ ᱾
सम्मेलन 8 पर ज़ोर दिया गया है पार्टी के अधिकारों के लिए आदर और सम्मान बढ़ाने का इरादा।	ᱟᱹᱭᱫᱟᱹᱨ ᱟᱨ ᱢᱟᱹᱱ ᱪᱮᱛᱟᱱ ᱥᱚᱨᱢᱟᱱ ᱞᱟᱹᱜᱤᱫ ᱡᱟᱦᱟᱸᱛᱮ ᱞᱮᱸᱡᱽᱨᱟ ᱦᱚᱲ ᱠᱚ ᱪᱮᱛᱟᱱ ᱵᱷᱮᱯᱮᱜᱮᱫ ᱡᱟᱸᱜᱮ ᱫᱟᱨᱟᱢ ᱦᱩᱭᱩᱜ ᱚᱱᱟ ᱵᱟᱨᱮᱛᱮ ᱠᱚᱱᱵᱷᱮᱱᱥᱚᱱ ᱨᱮᱭᱟᱜ ᱘ ᱱᱚᱢᱵᱚᱨ ᱜᱟᱱᱟᱝ ᱫᱚᱞ ᱠᱚ ᱪᱮᱸᱜᱷᱟᱣ ᱚᱪᱚᱭ ᱞᱟᱹᱜᱤᱫ ᱠᱩᱨᱩᱢᱩᱴᱩ ᱦᱩᱭ ᱞᱮᱱᱟ ᱾
वे ऐसा क्यों कर रहे हैं?	ᱪᱮᱫᱟᱜ ᱩᱝᱠᱩ ᱫᱚ ᱱᱤᱭᱟᱹᱠᱩ ᱠᱚᱨᱟᱣᱮᱫᱟ ?
असली दाम का दबाव गेहूँ से लेकर चावल तक फैल रहा है, जो शायद कम से कम कि KrafifPy उत्पादन के कारण फैल रहा है ।	ᱵᱚᱨᱥᱟ ᱦᱩᱲᱩ ᱠᱚᱢ ᱦᱩᱭ ᱟᱠᱟᱱ ᱠᱷᱟᱹᱛᱤᱨ ᱛᱮ ᱡᱚᱢᱼᱡᱚ ᱠᱚᱨᱮᱱᱟᱜ ᱜᱚᱱᱚᱝ ᱨᱮᱭᱟᱜ ᱪᱟᱯ ᱜᱩᱦᱩᱢ ᱠᱷᱚᱢ ᱦᱩᱲᱩ ᱨᱮ ᱯᱟᱥᱱᱟᱣ ᱟᱠᱟᱱᱟ ᱾
मेरे पास दस चीनी हैं।	ᱤᱧ ᱴᱷᱮᱱ ᱜᱮᱞ ᱜᱚᱴᱟᱝ ᱪᱤᱱᱤ ᱢᱮᱱᱟᱜᱼᱟ ᱠᱚᱣᱟ।
एक डिवाइस कंट्रोलर IO डिवाइस का विद्युत भाग होता है।	ᱢᱤᱫᱴᱟᱝ ᱰᱤᱵᱷᱟᱭᱤᱥ ᱠᱚᱱᱴᱨᱳᱞᱟᱨ ᱫᱚ ᱦᱩᱭᱩᱜ ᱠᱟᱱᱟ ᱟᱭ ᱳ ᱰᱤᱵᱷᱟᱭᱤᱥ ᱨᱮᱭᱟᱜ ᱵᱤᱡᱞᱤ ᱨᱮᱭᱟᱜ ᱦᱤᱸᱥ ᱾
भारत के अमलान बोरगोहेन ने एक यूरोपीय टूर्नामेंट में 100 मीटर और 200 मीटर दौड़ जीती। पिछले कुछ दशकों में मैंने पहली बार किसी भारतीय को यूरोप में जीतते देखा था।	ᱵᱷᱟᱨᱚᱛ ᱨᱮᱱ ᱚᱢᱞᱟᱱ ᱵᱳᱨᱜᱳᱦᱟᱭᱤᱱ ᱢᱤᱫᱴᱟᱝ ᱤᱭᱩᱨᱳᱯᱤᱭᱟᱱ ᱴᱩᱨᱱᱟᱢᱮᱱᱴ ᱨᱮ 100 ᱢᱤᱴᱟᱨ ᱟᱨ 200 ᱢᱤᱴᱟᱨ ᱨᱮᱥ ᱨᱮᱭ ᱡᱤᱛᱠᱟᱹᱨ ᱞᱮᱱᱟ ᱾ ᱪᱟᱞᱟᱣᱮᱱ ᱢᱤᱫ ᱵᱟᱨ ᱜᱮᱞ ᱥᱮᱨᱢᱟ ᱢᱩᱫᱨᱮ ᱤᱧ ᱱᱚᱶᱟ ᱯᱳᱭᱞᱳ ᱤᱭᱳᱨᱳᱯ ᱨᱮ ᱵᱷᱟᱨᱚᱛ ᱨᱮᱱᱟᱜ ᱡᱤᱛᱠᱟᱹᱨ ᱧᱮᱞᱧᱟᱢ ᱟᱠᱟᱱᱟ ᱾
थिएटर में मेरी सीट के पीछे बैठे व्यक्ति के व्यवहार से मुझे बहुत घिन आई।	ᱪᱚᱞᱚᱛ ᱪᱤᱛᱟᱹᱨ ᱚᱲᱟᱜ ᱨᱮ ᱤᱧᱟᱜ ᱥᱤᱴ ᱛᱟᱭᱚᱢ ᱨᱮ ᱡᱟᱦᱟᱸᱭ ᱦᱚᱲᱼᱮ ᱫᱩᱲᱩᱵ ᱟᱠᱟᱱ ᱛᱟᱦᱮᱸᱫ ᱩᱱᱤᱭᱟᱜ ᱵᱮᱣᱦᱟᱨ ᱨᱮ ᱤᱣ ᱫᱚ ᱟᱹᱰᱤ ᱟᱹᱲᱤᱥᱤᱧ ᱵᱩᱡᱷ ᱞᱮᱫᱟ ᱾
यह समुदाय नीकाओवा के नाम से आता है, या Nargarths, जैसा कि वे खुद को फोन करते हैं, तमिल राज्य के च्यूलाना क्षेत्र से।	ᱪᱮᱴᱴᱤᱱᱟᱰ ᱤᱥᱤᱱ ᱵᱟᱥᱟᱝ ᱫᱚ ᱛᱟᱢᱤᱞᱱᱟᱲᱩ ᱯᱚᱱᱚᱛ ᱨᱮᱭᱟᱜ ᱪᱮᱴᱴᱤᱱᱟᱫ ᱴᱚᱴᱷᱟ ᱱᱟᱴᱴᱩᱠᱳᱴᱟᱭ ᱪᱮᱴᱴᱤᱭᱟᱨ ᱥᱮ ᱱᱟᱜᱟᱨ ᱛᱷᱟᱨ ᱧᱩᱛᱩᱢᱟᱱ ᱦᱚᱲ ᱠᱚᱣᱟᱜ ᱤᱥᱤᱱ ᱵᱟᱥᱟᱝ ᱾
ये तीन राज्य प्राचीन चीन के इतिहास में सबसे बड़े युग में से एक थे ।	ᱢᱟᱨᱮ ᱪᱤᱱ ᱨᱮᱭᱟᱜ ᱱᱟᱜᱟᱢ ᱨᱮ ᱯᱮ ᱨᱟᱡᱭᱚ ᱡᱷᱟᱛᱚ ᱠᱷᱚᱱ ᱢᱟᱭᱟᱢᱟᱱ ᱛᱟᱯᱟᱢ ᱢᱩᱸᱫᱽ ᱨᱮ ᱢᱤᱫᱴᱟᱹᱝ ᱛᱟᱦᱮᱸ ᱠᱟᱱᱟ, ᱥᱤᱭᱟᱱ ᱨᱮ ᱡᱷᱚᱛᱚ ᱠᱷᱚᱱ ᱢᱟᱨᱟᱝ ᱢᱚᱦᱚᱞ ᱨᱮ ᱡᱷᱚᱛᱚ ᱠᱷᱚᱱ ᱢᱟᱨᱟᱝ ᱜᱚᱫᱤ ᱨᱮ ᱫᱩᱲᱩᱵ ᱞᱟᱹᱜᱤᱫ ᱦᱟᱡᱟᱨ ᱜᱟᱱ ᱦᱚᱲ ᱠᱚ ᱜᱚᱡ ᱮᱱᱟ᱾
मैं हर महीने अपनी आय का 10% बचाने में कामयाब रहा हूँ और अब मेरे खाते में अच्छी खासी रकम है।	ᱤᱧ ᱡᱟᱣ ᱪᱟᱸᱫᱚ ᱤᱧᱟᱜ ᱨᱳᱡᱜᱟᱨ ᱨᱮᱭᱟᱜ ᱑᱐% ᱥᱟᱧᱪᱟᱣ ᱫᱚᱦᱚ ᱫᱟᱲᱮ ᱟᱠᱟᱫᱟᱹᱧ ᱟᱨ ᱱᱤᱛ ᱫᱚ ᱤᱧᱟᱜ ᱮᱠᱟᱣᱩᱱᱴ ᱨᱮ ᱵᱷᱟᱜᱮ ᱞᱮᱠᱟ ᱠᱟᱹᱣᱰᱤ ᱢᱮᱱᱟᱜᱼᱟ ᱾
उन्होंने 1947 में इसके एक संस्करण को मुद्रित करने में मदद की।	ᱩᱱᱤ ᱫᱚ ᱑᱙᱔᱗ ᱥᱟᱞ ᱨᱮ ᱱᱚᱶᱟ ᱨᱮᱭᱟᱜ ᱢᱤᱫᱴᱟᱝ ᱟᱹᱨᱩᱯᱷᱮᱨᱟᱣ ᱢᱩᱫᱨᱟᱹ ᱞᱟᱹᱜᱤᱫ ᱜᱚᱲᱚ ᱠᱚ ᱮᱢ ᱞᱮᱱᱟ ᱾
यह बाजार में अत्यधिक स्वार्थ और लंगर की अपेक्षा पर रोक लगाने के लिए हस्तक्षेप करता है ।	ᱱᱚᱶᱟ ᱟᱰᱤ ᱵᱟᱲᱛᱤ ᱚᱥᱛᱷᱤᱨ ᱫᱚ ᱱᱳᱝᱜᱚᱨ ᱨᱮᱭᱟᱜ ᱟᱥᱟᱭ ᱦᱟᱯᱤᱫ ᱫᱟᱲᱮᱭᱟᱜᱼᱟ ᱟᱨ ᱵᱟᱡᱟᱨ ᱮ ᱟᱪᱩ ᱪᱟᱞᱟᱣ ᱫᱟᱲᱮᱭᱟᱜᱼᱟ ᱾
कभी - कभी एक मंदिर या चर्च के साथ - साथ यहाँ से गुज़रते वक्‍त, यहाँ तक कि वहाँ के नारियल के पेड़ - पौधे भी रहते हैं ।	ᱡᱚᱠᱷᱚᱱ ᱟᱢ ᱛᱟᱭᱚᱢ ᱥᱮᱱᱟᱜ ᱫᱟᱜ ᱨᱮ ᱠᱨᱩᱡ ᱛᱮᱱ ᱥᱟᱸᱜᱷᱟᱨᱟ ᱩᱱ ᱱᱟᱹᱭ ᱫᱷᱟᱨᱮ, ᱦᱟᱹᱨᱭᱟᱹᱲ ᱦᱩᱲᱩ ᱠᱷᱮᱛ ᱟᱨ ᱛᱟᱞᱟ ᱛᱟᱞᱟᱨᱮ ᱢᱩᱱᱫᱤᱨ ᱥᱮ ᱜᱤᱨᱡᱟᱹ ᱥᱟᱶᱛᱮ ᱱᱟᱹᱲᱠᱚᱞ ᱫᱟᱨᱮᱠᱚ ᱧᱮᱞᱚᱜᱼᱟ ᱾
चौंतीस	ᱯᱮ ᱜᱮᱞ ᱯᱳᱱ
उस पर.	ᱱᱤᱛ ᱫᱚ ᱩᱱᱤᱭ ᱢᱮᱱᱠᱮᱫᱟ ᱾
छी! फिल्म के दृश्य मुझे बहुत असहज कर देते हैं।	ᱩᱦᱦᱦ ! ᱪᱚᱞᱚᱛ ᱪᱤᱛᱟᱹᱨ ᱨᱮᱭᱟᱜ ᱩᱫᱩᱜ ᱥᱚᱫᱚᱨᱟᱜ ᱠᱚ ᱤᱧ ᱟᱹᱰᱤ ᱵᱮᱥᱩᱠᱷ ᱠᱤᱫᱤᱧᱟᱭ ᱾
अन्य अभिनेता भाग जाते हैं, इसलिए बॉटम सोने चला जाता है।	ᱮᱴᱟᱜ ᱯᱟᱴᱷᱚᱠᱤᱭᱟᱹ ᱠᱚ ᱫᱟᱹᱲ ᱠᱮᱫᱟ ᱚᱱᱟᱛᱮ ᱵᱚᱴᱚᱢ ᱡᱟᱹᱯᱤᱫ ᱮ ᱪᱟᱞᱟᱣ ᱮᱱᱟ ᱾
एडम्स मॉर्गन अपने पब्लिक स्कूलों की भाषाई और सांस्कृतिक विविधता को प्रदर्शित करना जारी रखता है।	ᱮᱹᱰᱟᱢᱚᱥ ᱢᱚᱨᱜᱟᱱ ᱫᱚ ᱟᱡᱟᱜ ᱯᱟᱵᱞᱤᱠ ᱵᱤᱨᱫᱟᱹᱜᱟᱲ ᱠᱚ ᱨᱮᱭᱟᱜ ᱯᱟᱹᱨᱥᱤ ᱟᱱᱟᱜ ᱟᱨ ᱞᱟᱠᱪᱟᱨ ᱟᱱᱟᱜ ᱵᱷᱮᱱᱮᱜᱟᱨ ᱧᱮᱞ ᱟᱠᱟ ᱢᱮᱱᱟᱭᱟ ᱾
बात करना बंद करो और काम पर वापस लगो!	ᱠᱟᱛᱷᱟ ᱨᱚᱲ ᱵᱚᱱᱫᱚᱭ ᱢᱮ ᱟᱨ ᱠᱟᱹᱢᱤ ᱨᱮ ᱨᱩᱣᱟᱹᱲ ᱪᱟᱞᱟᱜ ᱢᱮ !
मेरा नाम जॉन बर्नड है, और मैं माइकल के पिता हूँ.	ᱤᱧᱟᱹᱜ ᱧᱩᱛᱩᱢ ᱫᱚ ᱡᱚᱱ ᱵᱟᱨᱱᱟᱰ, ᱟᱨ ᱤᱧ ᱫᱚ ᱢᱤᱥᱮᱞ ᱟᱡ ᱟᱯᱟᱛ ᱠᱟᱹᱱᱟᱹᱧ ᱾
सन्‌ 1994 में, आयोआकूमार ने अपने शहर के पूरे इतिहास को ठीक करने में एक पायनियर की भूमिका निभायी ।	ᱥᱟᱪᱮᱫ ᱚᱥᱤᱛᱠᱩᱢᱟᱨ ᱵᱚᱱᱫᱳᱯᱟᱫᱫᱷᱟᱭ ᱑᱙᱙᱔ ᱟᱨ ᱑᱙᱙᱕ ᱥᱟᱹᱦᱤᱛᱨᱮ ᱦᱟᱣᱲᱟ ᱥᱚᱦᱚᱨᱮᱨ ᱤᱛᱤᱵᱨᱤᱛᱛᱚ ( ᱯᱳᱭᱞᱳ ᱟᱨ ᱫᱚᱥᱟᱨ ᱦᱟᱹᱴᱤᱧ) ᱧᱩᱛᱩᱢᱛᱮ ᱟᱡᱟᱜ ᱥᱟᱦᱟᱨ ᱦᱟᱣᱲᱟ ᱨᱮᱭᱟᱜ ᱥᱟᱱᱟᱢ ᱱᱟᱜᱟᱢ ᱯᱩᱸᱡᱤᱭ ᱨᱮ ᱞᱟᱦᱟᱨᱮ ᱮᱱᱮᱢᱮ ᱯᱟᱞᱟᱣ ᱞᱮᱫᱟ ᱾
प्रकृति पर आधारित इमारतें लोगों को स्वाभाविक क्षेत्रों का दौरा करने के उद्देश्‍य से स्वाभाविक क्षेत्रों में दिलचस्पी जगाती हैं, यहाँ तक कि पौधे और पशु जीव - पक्षियों का भी आनंद लेने के उद्देश्‍य से ।	ᱥᱤᱨᱡᱚᱱ-ᱟᱫᱷᱟᱨᱤᱛ ᱴᱚᱨᱤᱡᱢ ᱫᱟᱨᱮ ᱟᱨ ᱡᱤᱱᱛᱤ ᱯᱤᱯᱲᱤ ᱟᱨ ᱵᱤᱨ ᱡᱟᱱᱣᱟᱨ ᱥᱟᱶ ᱧᱮᱞ ᱨᱮᱱᱟᱜ ᱨᱟᱹᱥᱠᱟᱹ ᱦᱟᱛᱟᱣ ᱨᱮᱱᱟᱜ ᱩᱫᱮᱥ ᱛᱮ ᱥᱤᱨᱡᱚᱱ ᱨᱮᱱᱟᱜ ᱡᱟᱭᱜᱟ ᱠᱚ ᱫᱟᱬᱟᱱ ᱞᱟᱹᱜᱤᱫ ᱨᱤᱦᱤᱴ ᱢᱮᱱᱟᱜ ᱦᱚᱲ ᱠᱚ ᱞᱟᱣᱮᱨ ᱟᱹᱜᱩᱭᱮᱫ ᱠᱚᱣᱟᱭ᱾
कुछ लोगों का मानना है कि इस तरह का खाना बनाने के लिए तेल का इस्तेमाल किया जाता है ।	ᱞᱤᱴᱴᱤ ᱫᱚ ᱜᱩᱦᱩᱢᱛᱮ ᱵᱮᱱᱟᱜᱼᱟ ᱟᱨ ᱪᱳᱠᱷᱟᱫᱚ ᱵᱮᱸᱜᱟᱲ ᱟᱨ ᱵᱤᱞᱟᱹᱛᱤᱛᱮ ᱵᱮᱱᱟᱣ ᱦᱩᱭᱩᱜᱼᱟ ᱾
यदि हम आयकर दाखिल नहीं करते हैं, तो अधिकारी हम पर बहुत बड़ा जुर्माना लगा सकते हैं।	ᱟᱵᱩ ᱡᱩᱫᱤ ᱟᱨᱡᱟᱣ ᱠᱚᱨ ᱵᱟᱝ ᱵᱚᱱ ᱫᱟᱹᱠᱷᱤᱞᱟ, ᱛᱟᱦᱚᱞᱮ ᱠᱟᱹᱢᱤᱭᱟᱹ ᱢᱩᱠᱷᱭᱟᱹ ᱠᱚᱫᱚ ᱟᱵᱚ ᱟᱹᱰᱤ ᱢᱟᱨᱟᱝ ᱰᱟᱰᱚᱢ ᱠᱚ ᱰᱟᱰᱚᱢ ᱫᱟᱲᱮᱭᱟᱵᱚᱱᱟ ᱾
क्या यह पानी अच्छा है?	ᱪᱮᱫ ᱱᱚᱣᱟ ᱫᱟᱜ ᱱᱟᱯᱟᱭ ᱠᱟᱱᱟ?
यह शहर अम्मापेट्टई राजस्व ब्लॉक का मुख्यालय है।	ᱱᱚᱶᱟ ᱥᱟᱦᱟᱨ ᱫᱚ ᱟᱢᱢᱟᱯᱮᱴᱰᱟᱭ ᱠᱷᱟᱡᱽᱱᱟ ᱵᱞᱚᱠ ᱨᱮᱭᱟᱜ ᱥᱚᱫᱚᱨ ᱫᱚᱯᱛᱚᱨ ᱾
मेरे पास ग्यारह पेंसिल हैं।	ᱤᱧ ᱴᱷᱮᱱ ᱜᱮᱞ ᱢᱤᱫ ᱜᱚᱴᱟᱝ ᱯᱮᱱᱥᱤᱞ ᱢᱮᱱᱟᱜᱼᱟ ᱠᱚᱣᱟ।
अपनी स्थिति संभालते हुए, सार्जेंट ओहाटा ने आगे बढ़ते दुश्मन पर प्रभावी गोलीबारी की।	ᱟᱡᱟᱜ ᱡᱤᱨᱟᱹᱣ ᱦᱟᱛᱟᱣ ᱠᱟᱛᱮ, ᱥᱟᱨᱡᱮᱱᱴ ᱳᱦᱟᱴᱟ ᱞᱟᱦᱟᱱᱛᱤ ᱟᱠᱟᱱ ᱵᱟᱹᱭᱨᱤ ᱵᱤᱨᱩᱫᱨᱮ ᱠᱟᱹᱢᱤ ᱠᱚᱭ ᱪᱟᱞᱟᱣᱟ ᱾
पुरुषों को रोकने में दृढ़ रहो, और अपनी भूमि पर स्थिर रहने से मत डरिए (जिसका स्वभाव या नहीं, यह ठीक नहीं कर सकता!)	ᱠᱚᱲᱟ ᱠᱩ ᱠᱮᱴᱮᱡ ᱫᱚᱦᱚ ᱞᱟᱹᱜᱤᱫ, ᱟᱠᱚᱣᱟᱜ ᱡᱟᱭᱜᱟᱨᱮ ᱛᱤᱸᱜᱩ ᱞᱟᱹᱜᱤᱫ ᱟᱞᱚᱠᱚ ᱵᱚᱛᱚᱨᱚᱜ ᱢᱟ (ᱞᱟᱠᱪᱟᱨ ᱫᱚ ᱵᱷᱮᱜᱟᱨᱚᱜ ᱨᱮᱦᱚᱸ ᱟᱨᱵᱟᱝ ᱵᱟᱝ, ᱱᱚᱶᱟ ᱫᱚ ᱵᱟᱭ ᱡᱩᱛ-ᱟ!)᱾
भारत की भुगतान व्यवस्था को अन्य अधिकारों के लिए लिंक करने की संभावना, जिसमें भारत की तेजी से भुगतान व्यवस्था - अपिक भुगतान की जारी पहल भी शामिल है - अन्य अधिकारों में समान सिस्टमों के साथ, क्रॉस-चक भुगतान व्यवस्थाओं को और बढ़ा देगा, जैसे कि क्षमा करने की व्यवस्था.	ᱵᱷᱟᱨᱚᱛ ᱨᱮᱭᱟᱜ ᱯᱮᱢᱮᱱᱴ ᱥᱤᱥᱴᱮᱢ ᱠᱚ ᱮᱴᱟᱜ ᱵᱤᱪᱟᱹᱨ ᱵᱮᱵᱚᱥᱛᱟ ᱥᱟᱶᱛᱮ ᱡᱚᱲᱟᱣ ᱦᱩᱭ ᱰᱟᱲᱮᱭᱟᱜ ᱟ, ᱵᱷᱟᱨᱚᱛ ᱨᱮᱭᱟᱜ ᱞᱚᱜᱚᱱ ᱯᱮᱢᱮᱱᱴ ᱥᱤᱥᱴᱮᱢ ᱼ ᱤᱭᱩᱯᱤᱟᱭ ᱼ ᱫᱚ ᱮᱴᱟᱜ ᱮᱠᱷᱛᱤᱭᱟᱹᱨ ᱞᱮᱠᱟ ᱥᱤᱥᱴᱮᱢ ᱠᱚ ᱥᱟᱶᱛᱮ ᱤᱱᱴᱟᱨᱞᱤᱱᱠ ᱪᱟᱞᱟᱣ ᱨᱮᱭᱟᱜ ᱩᱫᱜᱟᱹᱣ ᱥᱟᱶᱛᱮ, ᱨᱮᱢᱤᱥᱴᱮᱱᱥ ᱥᱟᱶ ᱥᱤᱢᱟᱹ ᱵᱟᱨᱦᱮ ᱠᱟᱹᱣᱰᱤ ᱮᱢᱚᱜ ᱨᱮᱭᱟᱜ ᱵᱮᱵᱚᱥᱛᱟ ᱟᱨᱦᱚᱸᱭ ᱩᱛᱷᱱᱟᱹᱣᱼᱟ ᱾
1973 से 1977 तक मुस्तगनी अफगानिस्तान के रक्षा मंत्री थे।	᱑᱙᱗᱓ ᱠᱷᱚᱱ ᱑᱙᱗᱗ ᱥᱟᱞ ᱦᱟᱹᱵᱤᱡ ᱢᱩᱥᱛᱟᱜᱚᱱᱤ ᱫᱚ ᱟᱯᱷᱜᱟᱱᱤᱥᱛᱷᱟᱱ ᱨᱮᱱ ᱯᱨᱚᱛᱤᱨᱚᱠᱠᱷᱟ ᱢᱚᱱᱛᱨᱤᱭ ᱛᱟᱦᱮᱸ ᱠᱟᱱᱟ ᱾
क्या यह उसकी भूमिका थी?	ᱚᱱᱟ ᱜᱮ, ᱩᱱᱤᱭᱟᱜ ᱪᱩᱨᱤᱛ ᱪᱮᱫ ᱛᱟᱦᱮᱸ ᱠᱟᱱᱟ ?
मेरे सिद्ध डॉक्टर ने राहत दिलाने में बेहतरीन काम किया है।	ᱤᱧ ᱨᱮᱱ ᱥᱤᱫᱫᱷᱚ ᱰᱟᱠᱛᱟᱨ ᱛᱨᱟᱱ ᱜᱚᱲᱚ ᱫᱚ ᱢᱤᱫᱴᱟᱝ ᱱᱟᱯᱟᱭᱮ ᱠᱟᱹᱢᱤ ᱟᱠᱟᱫᱟ ᱾
अलेप्पो सीरिया का एक शहर है।	ᱩᱱᱤ ᱫᱚ ᱑᱙᱗᱐ ᱠᱷᱚᱱ ᱑᱙᱗᱑ ᱥᱟᱞ ᱦᱟᱹᱵᱤᱡ ᱠᱟᱹᱣᱰᱤ ᱟᱹᱨᱤ ᱨᱮᱱ ᱢᱚᱱᱛᱨᱤ ᱞᱮᱠᱟᱛᱮ ᱫᱟᱭᱵᱷᱟᱨᱮ ᱯᱟᱞᱟᱣ ᱞᱮᱫᱟ ᱾
हे भगवान! मुझे बिल्कुल नहीं पता था कि मुझे उस बीमारी का खतरा है। इस पर मेरा ध्यान दिलाने के लिए धन्यवाद, डॉक्टर।	ᱦᱟᱭᱨᱮ ᱪᱟᱸᱫᱚ ! ᱤᱧᱟᱜ ᱫᱷᱟᱨᱚᱱᱟ ᱵᱟᱝ ᱛᱟᱦᱮᱠᱟᱱᱟ ᱡᱮ ᱤᱧ ᱫᱚ ᱱᱚᱣᱟ ᱦᱟᱞᱚᱛ ᱞᱟᱹᱜᱤᱫᱛᱮ ᱱᱩᱱᱟᱹᱜ ᱢᱩᱥᱠᱤᱞ ᱨᱮᱧ ᱛᱟᱦᱮᱠᱟᱱᱟ ᱾ ᱤᱧᱟᱜ ᱢᱮᱫ ᱥᱟᱢᱟᱝ ᱨᱮ ᱟᱹᱜᱩᱭ ᱵᱟᱠᱷᱨᱟ ᱟᱭᱢᱟ ᱥᱟᱨᱦᱟᱣ, ᱰᱟᱠᱛᱚᱨ ᱾
बधाई हो	ᱥᱟᱨᱦᱟᱣ ᱦᱩᱭᱩᱜ ᱢᱟ
वे इस उपन्यास को किसी और चीज़ में बाँटते हैं और परिणाम एक स्वाभाविक मामला है, जो अविभ्यता का मिश्रण है ।	ᱩᱝᱠᱩ ᱫᱚ ᱱᱳᱵᱷᱮᱞ ᱛᱟᱜ ᱫᱚ ᱮᱴᱟᱜ ᱡᱟᱦᱟᱸᱱᱟᱜ ᱨᱮ ᱠᱩ ᱯᱷᱮᱨᱟᱣ ᱠᱮᱫᱟ ᱟᱨ ᱚᱨᱡᱚ ᱫᱚ ᱢᱤᱴᱴᱮᱱ ᱢᱮᱥᱟᱞ ᱡᱤᱱᱤᱥ, ᱜᱷᱚᱨᱟᱱᱟ ᱨᱮᱱᱟᱜ ᱢᱮᱥᱟᱞ ᱛᱮᱫ ᱠᱟᱱᱟ ᱾
सन्‌ 1932 और 2011 के बीच करीब एक हज़ार और तीस गुजराती फिल्म बनायी गयी थी ।	᱑᱙᱓᱒ ᱠᱷᱚᱱ ᱒᱐᱑᱑ ᱱᱤᱭᱟᱹ ᱢᱩᱫᱨᱮ ᱡᱟᱦᱟᱨ ᱯᱮᱜᱮᱞ ᱜᱩᱨᱟᱨᱟᱴᱤ ᱪᱤᱛᱟᱹᱨ ᱵᱮᱱᱟᱣ ᱦᱩᱭᱩᱜᱼᱟ ᱢᱮᱱᱠᱷᱟᱱ ᱟᱹᱰᱤ ᱠᱚᱢ ᱨᱟᱠᱷᱟ ᱫᱚᱦᱚ ᱦᱩᱭᱩᱜᱼᱟ᱾
मेरे पास तिरेपन आम हैं।	ᱤᱧ ᱴᱷᱮᱱ ᱢᱚᱬᱮ ᱜᱮᱞ ᱯᱮ ᱜᱚᱴᱟᱝ ᱟᱢ ᱢᱮᱱᱟᱜᱼᱟ ᱠᱚᱣᱟ।
हाँ	ᱦᱮᱸ
वह वीडियो गेम बार-बार गड़बड़ा रहा है और क्रैश हो रहा है। यह मुझे पागल कर रहा है (जेन जेड 2)।	ᱚᱱᱟ ᱵᱷᱤᱰᱤᱭᱳ ᱜᱮᱢ ᱫᱚ ᱜᱞᱤᱴᱤᱝ ᱟᱨ ᱠᱨᱮᱥᱤᱝ ᱤᱫᱤᱭᱮᱫᱟᱭ ᱾ ᱚᱱᱟ ᱫᱚ ᱤᱧᱮ ᱯᱟᱜᱞᱟᱭᱤᱫᱤᱧ ᱠᱟᱱᱟ ᱾ (ᱡᱮᱱᱟᱨᱮᱞ ᱡᱮᱰ ᱒)
अगर तुमने कभी अपना काम ठीक से किया होता, तो यह नहीं होता.	ᱟᱢ ᱡᱩᱫᱤ ᱟᱢᱟᱜ ᱠᱟᱹᱢᱤ ᱴᱷᱟᱹᱣᱠᱟᱹ ᱞᱮᱠᱟᱛᱮᱢ ᱠᱚᱨᱟᱣ ᱠᱮᱭᱟ ᱮᱱᱠᱷᱟᱱ ᱱᱚᱶᱟ ᱫᱚ ᱵᱟᱝ ᱦᱩᱭ ᱠᱚᱜᱼᱟ ᱾
यह भी भविष्य का उद्धारकर्ता है ।	ᱱᱚᱣᱟ ᱫᱚ ᱟᱜᱟᱢ ᱨᱮᱭᱟᱜ ᱵᱟᱧᱪᱟᱣ ᱦᱚᱸ ᱠᱟᱱᱟ ᱾
तीसरे स्तर का उद्देश्य है मौजूद होना और परिणाम बताना ताकि निर्णय लेने का समर्थन हो सके.	ᱛᱮᱥᱟᱨ ᱛᱷᱚᱠ ᱨᱮᱭᱟᱜ ᱡᱚᱥ ᱫᱚ ᱦᱩᱭᱩᱜ ᱠᱟᱱᱟ ᱚᱨᱡᱚ ᱠᱚ ᱱᱚᱝᱠᱟ ᱞᱮᱠᱟᱛᱮ ᱥᱟᱢᱟᱝ ᱥᱚᱫᱚᱨ ᱟᱨ ᱡᱳᱜᱟᱡᱳᱜ ᱦᱩᱭᱩᱜ ᱟ ᱡᱟᱸᱦᱟ ᱫᱚ ᱠᱟᱛᱷᱟ ᱜᱚᱴᱟᱭ ᱨᱮ ᱜᱚᱲᱚᱭ ᱮᱢᱚᱜᱼᱟ ᱾
मेरे पास पाँच मछली हैं।	ᱤᱧ ᱴᱷᱮᱱ ᱢᱚᱬᱮ ᱜᱚᱴᱟᱝ ᱢᱟᱪᱷᱤ ᱢᱮᱱᱟᱜᱼᱟ ᱠᱚᱣᱟ।
और वहाँ अपने गाँव का सिर कौन है?	ᱟᱨ ᱚᱸᱰᱮ ᱟᱯᱮ ᱟᱛᱩ ᱨᱮᱱ ᱢᱟᱸᱹᱡᱷᱤ ᱚᱠᱚᱭ ᱠᱟᱱᱟᱭ ?
इसके विपरीत, जानवर के भोजन (अण्डों, अंडे) न सिर्फ आसानी से ऑक्सीजन नहीं होते, बल्कि वे उच्च रक्‍तीय प्रोटीन प्रदान करते हैं जिसमें सभी अनिवार्य प्रोटीन होते हैं ।	ᱱᱚᱶᱟ ᱠᱷᱚᱱ ᱩᱞᱴᱟ, ᱡᱟᱱᱣᱟᱨ ᱡᱚᱢᱟᱜ ᱡᱤᱱᱤᱥ (ᱢᱩᱡ ᱠᱚ, ᱱᱤᱸᱫᱤᱨ ᱠᱚ, ᱵᱤᱞᱤ) ᱵᱟᱝ ᱠᱟᱛᱮ ᱥᱩᱢᱩᱝ ᱟᱞᱜᱟ ᱛᱮ ᱯᱟᱪᱟᱣ ᱡᱷᱚᱜ ᱛᱟᱦᱮᱱ ᱠᱟᱱᱟ, ᱢᱮᱱᱠᱷᱟᱱ ᱚᱱᱟ ᱡᱟᱹᱥᱛᱤ ᱢᱟᱛᱨᱟ ᱨᱮ ᱯᱨᱚᱴᱤᱱ ᱮᱢᱚᱜᱚᱜ ᱠᱟᱱᱟᱭ ᱡᱟᱦᱟᱸ ᱫᱚ ᱡᱚᱛᱚ ᱞᱟᱠᱛᱤᱭᱟᱱ ᱟᱢᱤᱱᱚ ᱮᱥᱤᱰ ᱛᱟᱦᱮᱱ ᱠᱟᱱᱟ᱾
क्या तुम मेरी मदद कर सकते हो?	ᱫᱟᱭᱟᱠᱟᱛᱮ ᱟᱢ ᱫᱚ ᱤᱧᱮᱢ ᱜᱚᱲᱚ ᱫᱟᱲᱤᱭᱟᱹᱧᱟ ?
ठीक है, मैं माइकल के लिए क्षेत्र में एक शास्त्रीय संगीत शिक्षक के लिए देखेंगे.	ᱴᱷᱤᱠ ᱜᱮᱭᱟ, ᱤᱧ ᱢᱤᱥᱮᱞ ᱞᱟᱹᱜᱤᱫ ᱢᱤᱫᱽᱴᱟᱝ ᱥᱟᱥᱛᱚᱨ ᱥᱮᱹᱨᱮᱹᱧ ᱨᱮᱱ ᱢᱟᱪᱮᱫ ᱤᱧ ᱯᱟᱸᱡᱟ ᱮᱭᱟ ᱾
सन्‌ 1990 में इसे खतरे में डाल दिया गया ।	᱑᱙᱙᱐ ᱨᱮ, ᱢᱚᱨᱩᱵᱷᱩᱢᱤ ᱵᱟᱹᱞᱤ ᱠᱚᱨᱮᱱᱟᱜ ᱵᱚᱯᱚᱫ ᱠᱟᱨᱚᱱ ᱱᱚᱣᱟ ᱡᱮᱜᱮᱛ ᱦᱮᱨᱤᱴᱮᱡᱽ ᱡᱟᱭᱜᱟ ᱠᱚᱨᱮᱱᱟᱜ ᱵᱚᱯᱚᱫ ᱛᱟᱞᱠᱟᱹ ᱨᱮ ᱡᱚᱲᱟᱣ ᱛᱟᱦᱮᱸ ᱠᱟᱱᱟI
अरीता, सागा: अरीता क्यूशू द्वीप पर सागा में एक जापानी शहर है।	ᱟᱨᱤᱛᱟ, ᱥᱟᱜᱟ ᱦᱩᱭᱩᱜ ᱠᱟᱱᱟ ᱠᱤᱣᱩᱥᱩ ᱰᱷᱤᱯ ᱨᱮᱭᱟᱜ ᱥᱟᱜᱟ ᱫᱚ ᱢᱤᱫᱴᱟᱝ ᱡᱟᱯᱟᱱᱤ ᱥᱟᱦᱟᱨ ᱾
सो, सदूकियों के लिए एक और धार्मिक शिक्षक को पाना मुश्‍किल नहीं था जो पहले से ज़्यादा काबिल था ।	ᱚᱱᱟᱤᱭᱟᱹᱛᱮ, ᱥᱟᱹᱫᱦᱩ ᱜᱚᱛᱟᱢ ᱴᱷᱮᱱ ᱮᱴᱟᱜ ᱫᱷᱚᱨᱚᱢ ᱢᱟᱪᱮᱫ ᱥᱮᱸᱫᱨᱟᱭᱮ ᱡᱟᱦᱟᱸᱭ ᱫᱚ ᱞᱟᱦᱟᱛᱮᱱ ᱠᱷᱚᱱ ᱜᱟᱹᱠᱷᱩᱲᱮ ᱛᱟᱦᱮᱸᱠᱟᱱ ᱫᱚ ᱟᱸᱴ ᱵᱟᱝ ᱛᱟᱦᱮᱸᱠᱟᱱᱟ ᱾
अदालत ने 7 मार्च 2011 को याचिका खारिज कर दी।	ᱟᱫᱟᱞᱚᱛ ᱫᱚ ᱒᱐᱑᱑ ᱥᱟᱞ ᱨᱮᱱᱟᱜ ᱗ ᱢᱟᱨᱪ ᱢᱟᱹᱦᱤᱛ ᱨᱮ ᱟᱨᱫᱟᱥ ᱮ ᱠᱷᱟᱹᱨᱤᱡ ᱞᱮᱫᱼᱟ ᱾
जिले में 9 विधानसभा क्षेत्र हैं।	ᱦᱚᱱᱚᱛ ᱨᱮ ᱟᱨᱮ ᱜᱚᱴᱟᱝ ᱵᱤᱫᱷᱟᱱ ᱥᱚᱵᱷᱟ ᱛᱟᱞᱢᱟ ᱢᱮᱱᱟᱜᱼᱟ ᱾
फ़ारसी दर्शन और भारतीय दर्शन का भी प्रभाव पड़ा।	ᱯᱟᱨᱚᱥᱥᱚ ᱥᱟᱹᱨᱤᱭᱟᱹᱲ ᱟᱨ ᱵᱷᱟᱨᱚᱛᱤᱭᱚ ᱥᱟᱹᱨᱭᱟᱹᱲ ᱨᱮᱭᱟᱜ ᱦᱚᱸ ᱮᱥᱮᱨ ᱛᱟᱦᱮᱸ ᱠᱟᱱᱟ ᱾
यहाँ तक कि जानवरों के आने के बाद भी कई जानवरों को बकरी, घोड़े, गाय - बैल, गाय - बैल और कुत्तों के साथ जोड़ा जाता है ।	ᱜᱮᱞᱚᱯᱟᱜᱳᱥ ᱨᱮ ᱦᱚᱲ ᱥᱮᱴᱮᱨᱚᱜ ᱞᱟᱦᱟᱨᱮ ᱟᱭᱢᱟ ᱢᱟᱢᱟᱞ ᱠᱚ ᱴᱷᱤᱠᱟᱹ ᱦᱚᱪᱚ ᱞᱮᱱᱟ, ᱡᱮᱢᱚᱱ ᱢᱮᱨᱚᱢ, ᱥᱟᱫᱚᱢ, ᱜᱟᱹᱭ, ᱜᱩᱰᱩ, ᱯᱩᱥᱤ ᱟᱨ ᱥᱮᱛᱟ ᱠᱚ᱾
एक पारंपरिक दीपक के बिलकुल विपरीत, एक LED केवल तब होगा जब विपत्ती को आगे की दिशा में लागू किया जाता है ।	ᱪᱚᱞ ᱦᱮᱡᱽ ᱟᱠᱟᱱ ᱢᱟᱨᱥᱟᱞ ᱵᱟᱹᱛᱤ ᱩᱞᱴᱟᱹ ᱥᱮᱡᱽ, ᱢᱤᱫᱴᱟᱝ ᱮᱞᱤᱰᱤ ᱩᱱᱜᱮ ᱡᱩᱞᱩᱜᱼᱟ ᱡᱚᱠᱷᱚᱱ ᱰᱟᱭᱳᱰ ᱨᱮᱭᱟᱜ ᱥᱟᱢᱟᱝ ᱥᱮᱡᱽᱨᱮ ᱵᱷᱚᱴᱮᱡᱽ ᱮᱢ ᱦᱩᱭᱩᱜᱼᱟ ᱾
आप खुद को पेशेवर कहते हैं और फिर भी आप समय पर टाइमशीट भरने में असमर्थ हैं (प्रबंधक)।	ᱟᱢ ᱫᱚ ᱟᱢᱛᱮᱫ ᱜᱮ ᱡᱤᱯᱠᱟᱹᱣᱟᱱᱮᱢ ᱞᱟᱹᱭᱚᱜ ᱠᱟᱱᱟ ᱟᱨ ᱮᱱᱨᱮᱦᱚᱸ ᱟᱢ ᱫᱚ ᱚᱠᱛᱚ ᱛᱟᱹᱞᱤᱠᱟ ᱨᱮ ᱢᱤᱫᱴᱟᱝ ᱴᱟᱹᱭᱤᱢᱥᱤᱴ ᱵᱟᱢ ᱯᱩᱨᱩᱱ ᱫᱟᱲᱮᱭᱟᱜ ᱠᱟᱱᱟ ᱾ (ᱢᱮᱹᱱᱮᱡᱟᱨ)
और कोई भारी प्रतिबंध नहीं.	ᱟᱨ ᱠᱮᱴᱮᱡ ᱢᱟᱱᱟ ᱵᱟᱨᱚᱱ ᱵᱟᱹᱱᱩᱜᱼᱟ ᱾
नवंबर 2005 में कोरीनेट पर पाबंदी लगा दी गयी कि बहुत - से सेवा सेवकों को उपग्रहों का इस्तेमाल करने में दिलचस्पी थी, जबकि वे पहले से ही इस मामले पर दस्तखत कर चुके थे ।	ᱫᱮᱵᱚᱥ ᱪᱩᱠᱛᱤ ᱱᱮᱫᱷᱟᱹᱵᱤᱡᱽᱛᱮ ᱥᱳᱭ ᱦᱩᱭᱮᱱ ᱛᱟᱭᱚᱱ, ᱒᱐᱐᱕ᱼᱨᱮᱭᱟᱜ ᱱᱚᱵᱷᱮᱢᱵᱚᱨᱨᱮ ᱢᱚᱱᱛᱨᱤᱥᱚᱵᱷᱟᱨᱮ ᱵᱷᱩᱞ ᱰᱚᱜᱚᱨ ᱯᱟᱥᱱᱟᱣᱮᱱᱟ ᱡᱮ, ᱢᱤᱫᱠᱷᱚᱱ ᱡᱟᱹᱥᱛᱤ ᱡᱚᱛᱱᱟᱣ ᱮᱢᱚᱜᱤᱡᱽ ᱩᱯᱚᱜᱨᱚᱦᱚᱣᱟᱱ ᱫᱟᱲᱮ ᱵᱮᱵᱚᱦᱟᱨᱨᱮᱭ ᱩᱫᱜᱟᱹᱣᱟᱱᱟ ᱾
अर्नोल्ड रोज़ ने उनमें से एक से शादी की, और उनके भाई एडुआर्ड ने दूसरी से शादी की।	ᱟᱨᱱᱚᱞᱰ ᱨᱳᱡ ᱫᱚ ᱟᱠᱚᱨᱮᱱ ᱢᱤᱫᱦᱚᱲᱮ ᱵᱟᱯᱞᱟ ᱞᱮᱫᱮᱭᱟ ᱟᱨ ᱟᱡ ᱵᱚᱠᱚᱛ ᱮᱰᱩᱣᱟᱨᱰ ᱫᱚ ᱮᱴᱟᱜ ᱢᱤᱫᱦᱚᱲᱮ ᱵᱟᱯᱞᱟ ᱞᱮᱫᱮᱭᱟ ᱾
मैं मैं एक पुरस्कार बैग कर सकते हैं उम्मीद है.	ᱟᱥᱚᱜᱽᱠᱟᱹᱱᱟᱹᱧ ᱢᱤᱫᱴᱟᱝ ᱥᱤᱨᱯᱟᱹᱧ ᱧᱟᱢᱫᱟᱲᱮᱭᱟᱜᱼᱟ ᱾
ठीक है! योजना का मुख्य लक्ष्य है आर्थिक मदद प्रदान करने के लिए कम आबादी से योग्य विद्यार्थी.	ᱡᱚᱛᱚᱜᱤ ᱴᱷᱤᱠᱜᱮᱭᱟ, ᱥᱠᱤᱢ ᱨᱮᱭᱟᱜ ᱢᱩᱬᱩᱫᱽ ᱡᱚᱥ ᱫᱚ ᱞᱮᱠᱷᱟᱨᱮ ᱠᱚᱢ ᱦᱚᱲᱞᱮᱠᱷᱟ ᱠᱷᱚᱱ ᱠᱚᱢ ᱥᱩᱵᱤᱫᱷᱟ ᱧᱟᱢᱟᱱ ᱟᱨ ᱠᱷᱚᱡᱚᱜᱽᱠᱟᱱ ᱯᱟᱹᱴᱷᱣᱟᱹᱠᱩ ᱠᱟᱹᱣᱰᱤ ᱛᱮᱱᱟᱜᱽ ᱜᱚᱲᱚ ᱮᱢᱟᱠᱩᱜᱤ ᱾
इस इलाके में जानवरों और पक्षियों की अलग - अलग जातियों का भी घर है ।	ᱱᱚᱣᱟ ᱴᱚᱴᱷᱟ ᱨᱮ ᱟᱭᱢᱟ ᱞᱮᱠᱟᱱ ᱡᱟᱱᱣᱟᱨ ᱟᱨ ᱪᱮᱬᱮ ᱡᱟᱹᱛ ᱛᱟᱦᱮᱸᱱ ᱠᱟᱱᱟ ᱠᱚ᱾
मैं इतने सारे स्थानों का दौरा किया और स्थानीय भोजन से कुछ ज्ञात स्थानों के लिए इतना परीक्षण किया.	ᱤᱧ ᱟᱭᱢᱟ ᱡᱟᱭᱜᱟᱧ ᱧᱮᱞ ᱠᱮᱫᱟ ᱟᱨ ᱚᱱᱟ ᱠᱚᱨᱮᱱᱟᱜ ᱡᱚᱢᱟᱜ ᱠᱷᱚᱱ ᱮᱦᱚᱵ ᱠᱟᱛᱮᱜ ᱠᱤᱪᱷᱤ ᱧᱩᱢ ᱩᱨᱩᱢ ᱡᱟᱭᱜᱟᱧ ᱧᱮᱞ ᱟᱹᱪᱩᱨ ᱠᱮᱫᱟ ᱾
मैं इस फिल्म को देखकर बहुत खुश हूँ। इस फिल्म में मेरे पसंदीदा कलाकारों की टोली है।	ᱤᱧ ᱱᱚᱶᱟ ᱪᱚᱞᱚᱛ ᱪᱤᱛᱟᱹᱨ ᱧᱮᱞ ᱠᱟᱛᱮᱫ ᱟᱹᱰᱤ ᱠᱩᱥᱤᱧ ᱵᱩᱡᱷ ᱠᱮᱫᱟ ᱾ ᱱᱚᱶᱟ ᱪᱚᱞᱚᱛ ᱪᱤᱛᱟᱹᱨ ᱨᱮ ᱤᱧᱨᱮᱱ ᱥᱚᱨᱮᱥ ᱯᱟᱴᱷᱚᱠᱤᱭᱟᱹ ᱠᱚ ᱢᱮᱱᱟᱜ ᱠᱚᱣᱟ ᱾
सॉकर मैच में पेनल्टी शूटआउट का सामना करते समय सुसान के दिल की धड़कन बढ़ गई।	ᱯᱷᱩᱴᱵᱚᱞ ᱢᱮᱪ ᱨᱮ ᱯᱮᱞᱮᱱᱴᱤ ᱛᱷᱤᱭᱟᱹ ᱨᱮᱭᱟᱜ ᱥᱟᱢᱟᱝ ᱫᱟᱯᱨᱟᱢ ᱚᱠᱛᱚ ᱥᱩᱡᱚᱱᱟᱜ ᱱᱟᱹᱴᱠᱟᱹ ᱟᱹᱰᱤ ᱩᱥᱟᱹᱨᱟ ᱞᱮᱴᱮᱯ ᱞᱮᱴᱮᱵᱚᱜ ᱛᱟᱭᱟ ᱾
यह सुनकर वह दंग रह गया ।	ᱯᱞᱤᱴᱚᱥ ᱵᱟᱝᱠᱷᱟᱱ ᱠᱮᱞᱤᱥ ᱢᱚᱬᱮ ᱵᱩᱫᱫᱷ ᱵᱟᱝᱠᱷᱟᱱ ᱢᱚᱬᱮ ᱨᱚᱛᱱᱠᱚ ᱵᱳᱡᱦᱟᱹᱜᱼᱟ᱾
इससे पहले कि सिग्रिस के पुत्र शमौन ने विभिन्‍न पदों पर अनेक प्रदर्शन किए थे, अनेक पहलुओं पर कार्य किया था ।	ᱫᱟ ᱥᱤᱢᱯᱥᱟᱸᱥ ᱠᱷᱚᱱ ᱢᱟᱬᱟᱝ ᱥᱟᱹᱭᱢᱟᱱ ᱫᱚ ᱵᱷᱮᱜᱟᱨ ᱵᱷᱮᱜᱟᱨ ᱯᱚᱫ ᱠᱚᱨᱮ ᱟᱹᱰᱤᱜᱟᱱ ᱥᱚ ᱨᱮ ᱠᱟᱹᱢᱤ ᱠᱚᱨᱟᱣ ᱞᱮᱫᱟ᱾
दूसरे शब्दों में, वे गोपनीयता बनाए रखने के लिए डार्कनेट का उपयोग करते हैं।	ᱮᱴᱟᱜ ᱠᱟᱛᱷᱟᱛᱮ, ᱩᱝᱠᱩ ᱫᱚ ᱩᱠᱩᱭ ᱞᱟᱹᱜᱤᱫ ᱰᱟᱨᱠᱱᱮᱴ ᱮᱠᱥᱮᱥ ᱠᱚ ᱠᱚᱨᱟᱣᱼᱟ ᱾
चार	ᱯᱩᱱ
इस तरह भारत इंदु से निकला हुआ है ।	ᱯᱟᱨᱚᱥᱥᱚ ᱠᱚᱫᱚ ᱥᱤᱱᱫᱦᱩ ᱫᱟᱜ ᱰᱟᱦᱟᱨ ᱨᱮᱭᱟᱜ ᱟᱰᱮᱯᱟᱥᱮ ᱨᱮᱭᱟᱜ ᱡᱩᱢᱤᱠᱚ ᱦᱤᱱᱫᱩ ᱞᱮᱠᱟᱛᱮᱠᱚ ᱵᱚᱨᱟᱫᱽ ᱞᱮᱫᱟ, ᱥᱚᱝᱥᱠᱨᱤᱛ ᱫᱚ ᱥᱤᱱᱫᱷᱩ ᱨᱮᱭᱟᱜ ᱢᱤᱫ ᱦᱤᱲᱤᱡᱽ ᱟᱨ ᱚᱱᱟᱛᱮ ᱥᱤᱱᱫᱷᱩ ᱠᱷᱚᱱ ᱵᱦᱟᱨᱚᱛ ᱧᱩᱛᱩᱢ ᱫᱚ ᱦᱮᱡᱽ ᱟᱠᱟᱱᱟ ᱾
टिकट कीमत प्रति सिर 8k है.	ᱴᱤᱠᱤᱴ ᱨᱮᱭᱟᱜ ᱜᱚᱱᱚᱝ ᱫᱚ ᱦᱚᱲ ᱯᱤᱪᱷᱟᱹ ᱘ ᱦᱟᱡᱟᱨ ᱾
आप और कौन - सी बातों को जानते हैं?	ᱡᱚᱜᱽᱢᱟᱱᱚᱜ ᱨᱮᱭᱟᱜ ᱮᱴᱟᱜ ᱜᱩᱱ ᱪᱮᱫ ᱟᱢᱮᱢ ᱵᱟᱰᱟᱭᱼᱟ ?
क्योंकि उनके पास अमीर पिताजी हैं.	ᱪᱮᱫᱟᱜ ᱥᱮ ᱩᱝᱠᱩᱨᱮᱱ ᱠᱤᱥᱟᱹᱲ ᱵᱟᱵᱟ ᱢᱮᱱᱟᱜ ᱠᱩᱣᱟ ᱾
सिर्फ 2 मिनट के परामर्श के लिए आप इतना अधिक शुल्क नहीं ले सकते!	ᱮᱠᱮᱱ ᱒ ᱴᱤᱲᱤᱡ ᱨᱮᱭᱟᱜ ᱥᱟᱞᱦᱟ ᱞᱟᱹᱜᱤᱫ ᱟᱢ ᱫᱚ ᱱᱩᱱᱟᱹᱜ ᱵᱟᱢ ᱪᱟᱨᱡ ᱫᱟᱲᱮᱭᱟᱹᱧᱟ !
बहुत अच्छे विवेक! क्या तुमने इसके बारे में पहले सीखा था?	ᱟᱹᱰᱤ ᱱᱟᱯᱟᱭ ᱵᱤᱵᱮᱠ ! ᱟᱢ ᱫᱚ ᱪᱮᱫ ᱱᱚᱣᱟ ᱵᱟᱵᱚᱫ ᱞᱟᱦᱟᱨᱮᱢ ᱥᱮᱸᱲᱟ ᱟᱠᱟᱫᱟ ?
हालांकि पत्थरों में निर्माण जारी रहा पुराने राज्य के अंत तक, जीजा का पिरामिड उनके आकार में और उनके निर्माण की तकनीकी उत्कृष्टता से अधिक कभी नहीं था.	ᱫᱷᱤᱨᱤ ᱛᱮ ᱯᱤᱨᱟᱢᱤᱰ ᱵᱮᱱᱟᱣ ᱫᱚ ᱢᱟᱨᱮ ᱥᱟᱢᱨᱟᱡᱽᱭᱚ ᱨᱮᱭᱟᱜ ᱢᱩᱪᱟᱹᱫ ᱦᱟᱹᱵᱤᱡ ᱪᱟᱹᱞᱩ ᱞᱮᱱᱟ, ᱢᱮᱱᱠᱷᱟᱱ ᱜᱤᱡᱟ ᱨᱮᱭᱟᱜ ᱯᱤᱨᱟᱢᱤᱰ ᱫᱚ ᱟᱡᱟᱜ ᱟᱠᱟᱨ ᱟᱨ ᱜᱚᱲᱦᱚᱱ ᱥᱚᱭᱲᱤ ᱨᱮᱭᱟᱜ ᱮᱠᱥᱞᱮᱱᱥ ᱫᱚ ᱵᱟᱠᱚ ᱞᱚᱴᱚᱢ ᱫᱟᱲᱮᱭᱟᱫ-ᱟ᱾
डेलीमोशन की शुरुआत 15 मार्च 2005 को बेंजामिन बेजबाउम और ओलिवियर पोइत्रे द्वारा की गई थी।	ᱰᱮᱞᱤᱢᱳᱥᱚᱱ ᱫᱚ ᱑᱕ ᱢᱟᱨᱪ, ᱒᱐᱐᱕ ᱨᱮ ᱵᱮᱧᱡᱟᱢᱤᱱ ᱵᱮᱡᱵᱟᱣᱩᱢ ᱟᱨ ᱚᱞᱤᱵᱷᱤᱭᱟᱨ ᱯᱳᱭᱮᱛᱨᱮ ᱦᱚᱛᱮᱛᱮ ᱮᱛᱚᱦᱚᱯ ᱞᱮᱱᱟ ᱾
हाँ, मैं करता हूँ.	ᱦᱮᱸ, ᱠᱷᱚᱡᱽ ᱠᱟᱹᱱᱟᱹᱧ ᱾
मैं उसे बेटे पारी में प्यार करने के लिए इस्तेमाल किया।	ᱤᱧ ᱩᱱᱤᱧ ᱫᱩᱞᱟᱹᱲ ᱮᱫᱮ ᱠᱟᱱ ᱛᱟᱦᱮᱸ ᱥᱳᱱᱟ ᱯᱚᱨᱤ ᱾
वह 14 अप्रैल 2011 को सेवानिवृत्त हुए और उनकी जगह सर आर्थर फॉल्क्स ने ली।	ᱩᱱᱤ ᱫᱚ ᱑᱔ ᱮᱯᱨᱤᱞ ᱒᱐᱑᱑ ᱥᱟᱞ ᱨᱮ ᱡᱤᱨᱟᱹᱣᱮ ᱦᱟᱛᱟᱣ ᱞᱮᱫᱟ ᱟᱨ ᱜᱚᱝᱠᱮ ᱟᱨᱛᱷᱟᱨ ᱫᱚ ᱯᱷᱟᱣᱩᱞᱮᱥ ᱟᱜ ᱵᱚᱫᱚᱞᱛᱮᱭ ᱦᱩᱭ ᱞᱮᱱᱟ ᱾
वे 18 ज़िला (देशी), आफ्रीका, सिवडा, सिदा, सिदा, और अनानी व्यवस्थाओं की वजह से 13 किलोमीटर की दूरी तय कर रहे थे ।	ᱯᱨᱮᱥᱠᱤᱯᱥᱚᱱ ᱫᱚ ᱟᱭᱩᱥ ᱰᱟᱠᱴᱚᱨ ᱠᱚᱣᱟᱜ ᱧᱟᱢ ᱞᱮᱠᱟᱛᱮ ᱦᱳᱢᱤᱳᱯᱮᱛᱷᱤ, ᱨᱮᱦᱮᱫ ᱨᱟᱱ, ᱥᱤᱫᱫᱷᱟ ᱟᱨ ᱤᱣᱩᱱᱟᱱᱤ ᱦᱚᱨᱟᱛᱮ ᱑᱘ ᱴᱤ ᱦᱚᱱᱚᱛ(ᱯᱚᱱᱚᱛ) ᱢᱩᱫᱨᱮ ᱑᱓ ᱴᱤ ᱨᱮ ᱞᱟᱹᱜᱤᱫ ᱛᱟᱸᱦᱮ ᱠᱟᱱᱟ ᱾
बिल को कैलिफ़ोर्निया राज्य में बेच दिया गया हिंसक वीडियो गेमों की जरूरत है "18" के साथ पर लिखा गया है और एक छोटी सी सज़ा देने के लिए अपने बिक्री को एक छोटे से अपराध के द्वारा एक छोटी सी सज़ा देता है.	ᱵᱤᱞ ᱨᱮ ᱠᱮᱞᱤᱯᱷᱚᱨᱱᱤᱭᱟ ᱯᱚᱱᱟᱛ ᱨᱮ ᱟᱠᱷᱨᱤᱧᱚᱜ ᱠᱟᱱ ᱦᱤᱝᱥᱟᱹ ᱣᱤᱰᱤᱭᱚ ᱜᱮᱢ ᱫᱚ "᱑᱘" ᱯᱟᱲᱦᱟᱣ ᱥᱟᱶᱛᱮ ᱞᱮᱣᱮᱞ ᱠᱚᱨᱟᱣ ᱨᱮᱭᱟᱜ ᱫᱚᱨᱠᱟᱨ ᱠᱟᱱᱟ ᱟᱨ ᱢᱤᱫᱴᱟᱹᱝ ᱱᱟᱹᱵᱟᱹᱞᱤᱠ ᱠᱚ ᱩᱱᱤᱭᱟᱜ ᱵᱤᱠᱨᱤ $᱑᱐᱐᱐ ᱛᱮ ᱚᱯᱷᱨᱟᱫ ᱨᱮᱭᱟᱜ ᱡᱩᱨᱢᱟᱱᱟ ᱠᱷᱚᱱ ᱰᱟᱱᱰᱚᱢᱤᱭᱟᱹ ᱛᱮᱭᱟᱨ ᱠᱮᱫ ᱠᱚᱣᱟᱭ᱾
आप कभी भी स्वागत कर रहे हैं!	ᱡᱟᱦᱟᱸ ᱛᱤᱱᱨᱮᱜᱮ ᱟᱢᱟᱜ ᱫᱚ ᱥᱟᱹᱜᱩᱱ ᱫᱟᱨᱟᱢ !
मैं मैं कर सकते हैं के रूप में बहुत है, मैडम.	ᱡᱟᱦᱟᱸ ᱛᱤᱱᱟᱹᱜ ᱤᱧ ᱫᱟᱲᱮᱭᱟᱜ, ᱢᱟᱪᱮᱛᱟᱱᱤ ᱾
बेशक!	ᱱᱤᱦᱟᱹᱛ ᱜᱮ !
इस रिपोर्ट ने चुनाविक टिप्पणीओं और देश के विशिष्ट सुझावों को भी उद्धृत किया जो संधि - समिति द्वारा किए गए थे और जिसके साथ तथाकथित योकार्ट के सिद्धांत भी शामिल थे, जो कि अपनी निजी राय को उचित ठहराने के लिए।	ᱜᱟᱞᱚᱪ ᱟᱠᱟᱱ ᱪᱩᱠᱛᱤ ᱜᱟᱶᱛᱟ ᱟᱱᱟᱜ ᱥᱟᱫᱷᱟᱨᱚᱱ ᱠᱟᱛᱷᱟ ᱟᱨ ᱫᱤᱥᱚᱢᱼᱴᱷᱤᱠᱟᱱ ᱥᱩᱯᱟᱨᱤᱥ ᱠᱚ ᱵᱟᱪᱷᱟᱣ ᱠᱟᱛᱮ ᱚᱪᱚᱜ ᱠᱟᱛᱮ ᱟᱨ ᱟᱭᱟᱜ ᱟᱯᱱᱟᱨᱟᱱᱟᱜ ᱢᱚᱛᱟᱢᱚᱛ ᱫᱚ ᱱᱤᱦᱟᱹᱛ ᱮᱢᱟᱠᱟᱱ ᱩᱱᱚᱠᱛᱮ ᱡᱳᱜᱢᱟᱱ ᱜᱟᱹᱞᱤᱢ ᱱᱤᱛᱤ ᱥᱟᱶᱛᱮ ᱨᱟᱯᱟᱪᱟᱜ ᱟᱨ ᱵᱮᱼᱥᱤᱠᱟᱹᱨᱟᱱ ᱱᱤᱛᱤᱠᱚ ᱯᱨᱚᱪᱟᱨ ᱮᱫᱟ ᱾
आमतौर पर आपके देश के लोगों और मालों को बढ़ाने की क्षमता को बनाए रखता है, जबकि साथ ही, अपने दुश्मन के लोगों और अपने लोगों को प्रेरित करने की क्षमता के साथ.	ᱥᱮᱫᱟᱭ ᱠᱷᱚᱱ ᱱᱚᱣᱥᱮᱱᱟ ᱠᱚᱣᱟᱜ ᱠᱟᱹᱢᱤ ᱫᱚ ᱱᱤᱡᱚᱨ ᱫᱤᱥᱚᱢ ᱨᱮᱱ ᱦᱚᱲ ᱠᱚ ᱟᱨ ᱡᱤᱱᱤᱥ ᱠᱚ ᱤᱫᱤ ᱟᱹᱜᱩ ᱨᱮᱭᱟᱜ  ᱫᱚᱠᱷᱭᱚᱛᱟ ᱵᱚᱡᱟᱭ ᱫᱚᱦᱚ ᱟᱨ ᱚᱱᱟ ᱥᱟᱶᱛᱮ ᱵᱟᱹᱭᱨᱤ ᱫᱤᱥᱚᱢ ᱨᱮᱱ ᱦᱚᱲ ᱟᱨ ᱡᱤᱱᱤᱥ ᱠᱚ ᱤᱫᱤ ᱟᱹᱜᱩ ᱠᱚᱨᱮ ᱦᱚᱸᱠᱚ ᱡᱟᱝᱜᱮ ᱫᱟᱨᱟᱢᱚᱜ-ᱟ᱾
यह पहचान इसके वर्तमान स्थान से संबंधित नहीं है।	ᱱᱚᱶᱟ ᱛᱚᱞᱟᱥ ᱩᱰᱩᱠ ᱨᱮᱭᱟᱜ ᱱᱟᱦᱟᱜ ᱴᱷᱟᱣ ᱥᱟᱞᱟᱜ ᱥᱟᱹᱜᱟᱹᱭᱟᱱᱟᱜ ᱫᱚ ᱵᱟᱝ ᱠᱟᱱᱟ ᱾
वह बाद में केलिब्रोक के अस्पताल में जोड़ें.	ᱚᱱᱟ ᱫᱚᱥᱟᱨ ᱩᱱᱤ ᱫᱚ ᱟᱨᱦᱚᱸ ᱠᱮᱢᱵᱨᱤᱡᱽ ᱨᱮᱭᱟᱜ ᱟᱰᱮᱱᱵᱨᱳᱠ'ᱥ ᱚᱥᱯᱟᱛᱟᱞ ᱨᱮᱦᱚᱸ ᱠᱚ ᱥᱟᱢᱵᱟᱣ ᱞᱮᱫᱮᱭᱟ᱾
इसे डीवीडी चलाकर स्थापित या परीक्षण किया जा सकता है।	ᱱᱚᱣᱟ ᱫᱚ ᱰᱤ ᱵᱷᱤ ᱰᱤ ᱪᱟᱞᱟᱣ ᱠᱟᱛᱮᱫ ᱤᱱᱥᱴᱚᱠ ᱥᱮ ᱵᱤᱰᱟᱹᱣ ᱜᱟᱱᱚᱜᱼᱟ ᱾
फिल्म बनाने के मामले में अपनी ताकत का गलत इस्तेमाल किया गया है ।	ᱢᱟᱨᱮᱛᱮᱱ ᱯᱟᱹᱴᱷᱩᱣᱟᱹ ᱠᱚ ᱪᱚᱞᱚᱛ ᱪᱤᱛᱟᱹᱨ ᱵᱮᱱᱟᱣ ᱨᱮ ᱟᱠᱚᱣᱟᱜ ᱠᱟᱢᱤ ᱵᱟᱰᱟᱭ ᱛᱟᱞᱟᱛᱮ ᱥᱤᱠᱠᱨᱤᱛᱤ ᱠᱚ ᱧᱟᱢ ᱟᱜᱩᱭᱮᱫ ᱠᱟᱱᱟ ᱾
वेस्टर्न टास्क फोर्स की कमान लेफ्टिनेंट जनरल जॉर्ज एस. पैटन के हाथ में थी।	ᱳᱭᱮᱥᱴᱟᱨᱱ ᱴᱟᱥᱠ ᱯᱷᱳᱨᱥ ᱟᱜ ᱟᱹᱭᱩᱨᱛᱮ ᱞᱮᱯᱷᱴᱮᱱᱮᱹᱱᱴ ᱡᱮᱱᱟᱨᱮᱞ ᱮ ᱛᱟᱦᱮᱸ ᱠᱟᱱᱟ ᱡᱚᱨᱡ ᱮᱥ ᱯᱮᱹᱴᱚᱱ ᱾
अट्ठानवे	ᱱᱟᱭ ᱜᱮᱞ ᱟᱨ
मैंने हर जगह पान के पत्तों की तलाश की लेकिन कोई नहीं मिला।	ᱤᱧ ᱡᱚᱛᱚ ᱡᱟᱭᱜᱟᱨᱮ ᱯᱟᱱ ᱨᱮᱭᱟᱜ ᱥᱟᱠᱟᱢᱤᱧ ᱥᱮᱸᱫᱨᱟ ᱠᱮᱫᱟ ᱢᱮᱱᱠᱷᱟᱱ ᱵᱟᱹᱧ ᱧᱟᱢ ᱞᱮᱫᱟ ᱾
क्यों नहीं?	ᱪᱮᱫᱟᱜ ᱵᱟᱝ !?
यह वाकई प्रभावशाली है!	ᱚᱱᱟ ᱫᱚ ᱥᱟᱹᱨᱤᱜᱤ ᱟᱹᱰᱤ ᱵᱷᱟᱜᱮ ᱵᱮᱯᱟᱨ !
2002 में, उन्हें ऑर्डर ऑफ द ब्रिटिश एम्पायर से सम्मानित किया गया।	᱒᱐᱐᱒ ᱥᱟᱞ ᱨᱮ ᱩᱱᱤᱫᱚ ᱵᱨᱤᱴᱤᱥ ᱨᱟᱡᱽᱯᱟᱴ ᱨᱮᱭᱟᱜ ᱚᱨᱰᱟᱨ ᱛᱮᱭ ᱮᱣᱟᱨᱰ ᱞᱮᱱᱟ ᱾
एक पंख आमतौर पर नरम आवाज़ पैदा करता है, जबकि एक नीचे धनुष मजबूत और अधिक दावायोग्य है.	ᱢᱤᱫᱴᱟᱝ ᱪᱮᱛᱟᱱᱼᱟᱜᱥᱟᱨ ᱟᱢᱛᱚᱨ ᱨᱮ ᱢᱤᱫ ᱱᱚᱨᱚᱢ ᱥᱟᱰᱮ ᱚᱰᱚᱝ ᱮᱫᱟᱭ, ᱡᱚᱠᱷᱚᱱ ᱢᱤᱫᱴᱟᱝ ᱞᱟᱛᱟᱨ ᱟᱜᱥᱟᱨ ᱠᱮᱴᱮᱡ ᱟᱨ ᱡᱟᱹᱥᱛᱤ ᱱᱟᱯᱟᱭ ᱛᱟᱦᱮᱸᱱᱟ᱾
एक्शन गेम का एक उदाहरण सुपर मारियो ब्रदर्स है।	ᱢᱤᱫᱴᱟᱝ ᱮᱹᱠᱥᱚᱱ ᱠᱷᱤᱞᱳᱰ ᱨᱮᱭᱟᱜ ᱢᱤᱫᱴᱟᱝ ᱫᱟᱹᱭᱠᱟᱹ ᱫᱚ ᱦᱩᱭᱩᱜ ᱠᱟᱱᱟ ᱥᱩᱯᱟᱨ ᱢᱟᱨᱤᱣ ᱵᱨᱳᱥ ᱾
वह पूर्व अंतरिक्ष यात्री और सीनेटर जॉन ग्लेन की विधवा थीं।	ᱩᱱᱤ ᱫᱚ ᱢᱟᱨᱮᱱ ᱢᱚᱦᱟᱠᱟᱥ ᱪᱟᱨᱤ ᱟᱨ ᱥᱚᱱᱮᱴᱚᱨ ᱫᱚ ᱡᱚᱱ ᱞᱟᱹᱜᱤᱛ ᱜᱞᱮᱱ ᱨᱮᱱ ᱨᱟᱱᱰᱟᱭ ᱛᱟᱦᱮᱸ ᱠᱟᱱᱟ ᱾
यह लाल चावल के एक मिश्रण के साथ बनाया जाता है ।	ᱱᱚᱶᱟᱫᱚ ᱟᱨᱟᱜ ᱪᱟᱣᱞᱮ, ᱥᱚᱜ ᱫᱟᱹᱞ ᱟᱨ ᱵᱮᱨᱮᱞ ᱯᱤᱯᱟᱹ ᱢᱮᱥᱟ ᱠᱟᱛᱮᱜ ᱵᱮᱱᱟᱣ ᱦᱩᱭᱩᱜᱼᱟ ᱚᱱᱟᱛᱮ ᱱᱚᱶᱟᱫᱚ ᱵᱮᱜᱚᱨ ᱥᱤᱸᱲᱤᱪᱼᱟᱱ ᱠᱟᱱᱟ ᱾
वाह! मैंने कभी उम्मीद नहीं की थी कि यह जगह इतनी खूबसूरत होगी। वेबसाइट पर दी गई तस्वीरों की तुलना में यह बहुत अलग दिखती है।	ᱪᱮᱫ ᱢᱚᱡ ! ᱤᱧ ᱛᱤᱥᱦᱚᱸ ᱵᱟᱹᱧ ᱟᱥᱟᱠᱟᱱ ᱛᱟᱦᱮᱠᱟᱱᱟ ᱡᱮ ᱱᱚᱣᱟ ᱡᱟᱭᱜᱟ ᱫᱚ ᱱᱩᱱᱟᱹᱜ ᱢᱚᱡ ᱦᱩᱭᱩᱜᱼᱟ ᱾ ᱳᱣᱮᱵ ᱥᱟᱭᱤᱴ ᱨᱮᱭᱟᱜ ᱪᱤᱛᱟᱹᱨ ᱠᱚ ᱥᱟᱣ ᱛᱩᱞᱟᱹᱡᱚᱠᱷᱟ ᱞᱮᱠᱷᱟᱱ ᱱᱚᱣᱟ ᱫᱚ ᱟᱹᱰᱤ ᱡᱩᱫᱟᱹ ᱧᱮᱞᱚᱜᱼᱟ ᱾
इसकी राजधानी, और विभाग का प्रान्त (prefecture), कोलमार शहर है।	ᱱᱚᱶᱟ ᱨᱮᱭᱟᱜ ᱨᱟᱡᱽᱜᱟᱲ ᱟᱨ ᱛᱷᱚᱱᱚᱛ ᱨᱮᱭᱟᱜ ᱯᱨᱤᱯᱷᱮᱠᱪᱟᱨ ᱫᱚ ᱦᱩᱭᱩᱜ ᱠᱟᱱᱟ ᱠᱳᱞᱢᱟᱨ ᱥᱟᱦᱟᱨ ᱾
क्या तुम मुझे अपना फोन नंबर दे सकते हो?	ᱟᱢ ᱫᱚ ᱪᱮᱫ ᱟᱢᱟᱜ ᱯᱷᱳᱱ ᱱᱚᱢᱵᱚᱨᱮᱢ ᱮᱢ ᱫᱟᱲᱮᱭᱟᱹᱧᱟ ?
यह 1947 में बनाए गए पहले एरिया कोडों में से एक था।	ᱱᱚᱶᱟ ᱫᱚ ᱑᱙᱔᱗ ᱥᱟᱞ ᱨᱮ ᱵᱮᱱᱟᱣᱟᱜ ᱯᱳᱭᱞᱳ ᱴᱚᱴᱷᱟ ᱠᱳᱰ ᱠᱚ ᱢᱩᱫᱨᱮ ᱢᱤᱫᱴᱟᱝ ᱾
जिन लोगों पर हमला किया गया था, उनके बारे में सवाल यह उठता है कि वे कैसे उस पर हमला कर रहे हैं ।	ᱜᱚᱡᱟᱠᱟᱱᱤᱡ ᱫᱚ ᱪᱮᱠᱟᱞᱮᱠᱟᱛᱮᱭ ᱜᱷᱟᱹᱞ ᱞᱮᱱᱟ ᱚᱱᱟ ᱵᱟᱵᱚᱫ ᱵᱤᱪᱷᱱᱟᱹᱣ ᱥᱟᱹᱦᱤᱫ ᱠᱩᱞᱤ ᱟᱨ ᱚᱠᱚᱭ ᱩᱱᱤᱭ ᱜᱷᱟᱹᱞᱟᱠᱟᱫᱤᱭᱟ ᱥᱮ ᱚᱠᱟ ᱦᱟᱞᱚᱛ ᱨᱮ ᱩᱱᱤᱭ ᱜᱷᱟᱹᱞ ᱞᱮᱱᱟ ᱫᱚ ᱵᱤᱞᱟᱹᱛ ᱥᱤᱢᱟᱹ ᱟᱨ ᱥᱮᱠᱥᱮᱱ ᱑᱗᱔ ᱠᱳᱰ ᱜᱚᱵᱚᱞ ᱠᱟᱹᱢᱤ ᱦᱚᱨᱟ ᱨᱮᱭᱟᱜ ᱥᱩᱵᱤᱰᱷᱟ ᱠᱟᱱᱟ ᱾
घटकर पैकेज में यह भी शामिल है कि जयगर्‍गर और रॉयल क्वीप के साथ - साथ ।	ᱠᱚᱢᱯᱳᱡᱤᱴ ᱯᱮᱠᱮᱡᱽᱨᱮ ᱡᱚᱭᱜᱚᱲ ᱟᱨ ᱨᱚᱭᱟᱞ ᱥᱮᱱᱴᱳᱴᱟᱯᱷᱮᱨ ᱥᱟᱞᱟᱜ ᱱᱚᱶᱟ ᱫᱚ ᱥᱮᱞᱮᱫ ᱢᱮᱱᱟᱜᱼᱟ ᱾
ᱴᱨᱮᱱ ᱥᱴᱮᱥᱚᱱ ᱚᱠᱟᱨᱮ ᱢᱮᱱᱟᱜᱼᱟ?	रेलवे स्टेशन कहां है?
मैं इस बीमा ऑनलाइन खरीद सकते हैं?	ᱱᱚᱶᱟ ᱵᱤᱢᱟᱹ ᱤᱧ ᱚᱱᱞᱟᱭᱤᱱ ᱛᱮᱧ ᱠᱤᱨᱤᱧ ᱫᱟᱲᱮᱭᱟᱜᱼᱟ ?
आप हमेशा मुझसे पूछ सकता था अगर आप कुछ के साथ मदद चाहते थे	ᱟᱢ ᱥᱟᱱᱟᱢ ᱚᱠᱛᱚᱜᱮ ᱤᱧᱮᱢ ᱠᱩᱞᱤ ᱫᱟᱲᱮᱭᱟᱹᱧᱟᱹ ᱡᱩᱫᱤ ᱟᱢ ᱡᱟᱦᱟᱱᱟᱜ ᱜᱚᱲᱚᱢ ᱠᱷᱚᱡ ᱠᱷᱟᱱ ᱾
यह हमारे लिए अलग है!	ᱟᱞᱮ ᱠᱚ ᱞᱟᱹᱜᱤᱫ ᱱᱚᱶᱟᱫᱚ ᱵᱷᱮᱜᱟᱨ ᱜᱮᱭᱟ ᱾
ये सिद्धांत दिखाते हैं कि लोगों को कुछ ज़रूरत है और वे यह भी चाहते हैं कि वे बड़े होने पर बड़े हो जाएँ ।	ᱱᱚᱣᱟ ᱠᱚ ᱛᱷᱤᱭᱳᱨᱤ ᱠᱷᱚᱱ ᱵᱟᱲᱟᱭᱚᱜᱼᱟ ᱡᱮ ᱦᱚᱲᱟᱜ ᱡᱟᱜᱮ ᱴᱷᱟᱹᱶᱠᱟᱹᱱ ᱞᱟᱹᱠᱛᱤ ᱟᱨ/ᱥᱮ ᱤᱪᱪᱷᱟᱹ ᱢᱮᱱᱟᱜᱼᱟ ᱡᱟᱦᱟᱸ ᱫᱚ ᱩᱢᱮᱨᱟᱱ ᱦᱩᱭ ᱥᱟᱶ ᱥᱟᱶᱛᱮ ᱚᱱᱛᱚᱨᱤᱭᱟᱹ ᱞᱮᱠᱟᱛᱮ ᱮᱢ ᱦᱩᱭᱟᱠᱟᱱᱟ᱾
तुमने उस दिन मेरी बात क्यों नहीं सुनी? मैंने तुमसे कहा था कि कर्ज के पैसे से जुआ खेलना एक बुरा विचार था।	ᱮᱱ ᱦᱤᱞᱚᱜ ᱤᱧᱟᱜ ᱠᱟᱛᱷᱟ ᱵᱟᱢ ᱟᱸᱡᱚᱢ ᱞᱮᱫᱟ ᱪᱮᱫᱟᱜ ? ᱤᱧ ᱟᱢᱤᱧ ᱞᱟᱹᱭᱟᱫ ᱢᱮ ᱛᱟᱦᱮᱸᱠᱟᱱᱟ ᱨᱤᱱ ᱨᱮᱭᱟᱜ ᱠᱟᱹᱣᱰᱤᱛᱮ ᱡᱩᱣᱟᱹ ᱠᱷᱮᱞ ᱫᱚ ᱢᱤᱫᱴᱟᱝ ᱵᱟᱹᱲᱤᱡ ᱫᱷᱟᱨᱚᱱᱟ ᱠᱟᱱᱟ ᱾
मैं तुम्हें भी एक मिल जाएगा सोचा,	ᱢᱚᱱᱮ ᱞᱮᱫᱟᱹᱧ ᱟᱢᱦᱚᱸᱢ ᱧᱟᱢᱼᱟ ᱾
आज तुम कहाँ थे?	ᱚᱠᱟᱨᱮ ᱢᱤᱱᱟᱢᱟ ᱛᱮᱦᱮᱧ ?
और क्या 41 साल के जिवियन इब्राहीम के पास अभी भी उसका एक बड़ा लक्ष्य है?	ᱟᱨ ᱔᱑ ᱥᱮᱨᱢᱟ ᱩᱢᱮᱨᱟᱱ ᱡᱟᱴᱟᱢ ᱤᱵᱨᱟᱦᱤᱢᱳᱵᱷᱤᱠ ᱦᱚᱸ ᱪᱮᱫ ᱱᱤᱛᱦᱚᱸ ᱢᱤᱫ ᱢᱟᱨᱟᱝ ᱡᱚᱥ ᱢᱮᱱᱟᱜᱼᱟ ?
सेल्समैन ने हमारे साथ जिस तरह से व्यवहार किया, उससे मैं बहुत निराश हूँ, उसने कभी नहीं सुना कि हम क्या कह रहे थे।	ᱥᱮᱞᱥᱢᱮᱱ ᱟᱞᱮ ᱥᱟᱣ ᱡᱟᱦᱟᱞᱮᱠᱟᱭ ᱵᱮᱵᱚᱦᱟᱨ ᱟᱠᱟᱫᱟ ᱚᱱᱟᱛᱮ ᱤᱧ ᱫᱚ ᱟᱹᱰᱤᱧ ᱩᱫᱟᱹᱥ ᱮᱱᱟ, ᱟᱞᱮ ᱡᱟᱦᱟᱸᱞᱮ ᱢᱮᱱ ᱟᱠᱟᱫ ᱚᱱᱟ ᱫᱚ ᱩᱱᱤ ᱛᱤᱥᱦᱚᱸ ᱵᱟᱭ ᱟᱸᱡᱚᱢᱟᱠᱟᱫᱟ ᱾
योने विभाग के एरोन्डिसमेंट: योने विभाग में 3 एरोन्डिसमेंट हैं।	ᱤᱭᱳᱱ ᱰᱤᱯᱟᱨᱴᱢᱮᱱᱴ ᱨᱮ ᱓ ᱭᱟ ᱮᱹᱨᱳᱱᱰᱤᱥᱢᱮᱱᱴ ᱢᱮᱱᱟᱜᱼᱟ ᱾
ठीक है, कि के लिए व्यवस्था की जा सकती है.	ᱴᱷᱤᱠ ᱜᱮᱭᱟ, ᱱᱚᱶᱟ ᱞᱟᱹᱜᱤᱫ ᱵᱚᱱᱫᱮᱡ ᱦᱩᱭ ᱫᱟᱲᱮᱭᱟᱜᱼᱟ ᱾
नयी तकनीकों की वृद्धि हमें मस्तिष्क संरचनाओं और प्रक्रियाओं को पहले कभी नहीं देखा जाता देखने और खोज करने की अनुमति देती है ।	ᱱᱟᱶᱟ ᱛᱚᱠᱱᱤᱠ ᱨᱮᱭᱟᱜ ᱨᱟᱠᱟᱵ ᱟᱵᱚ ᱛᱤᱥ ᱦᱚᱸ ᱵᱟᱵᱚ ᱧᱮᱞ ᱠᱟᱫ ᱵᱷᱮᱡᱟ ᱨᱮᱭᱟᱜ ᱛᱮᱭᱟᱨ ᱟᱨ ᱯᱨᱚᱠᱨᱤᱭᱟᱹ ᱠᱚ ᱧᱮᱞ ᱟᱨ ᱡᱟᱸᱪ ᱨᱮᱭᱟᱜ ᱟᱫᱮᱨ ᱵᱚ ᱧᱟᱢ ᱦᱚᱪᱚᱮᱫ ᱵᱚᱱᱟ᱾
पहले हर किसी के लिए अपने विश्‍वास या धर्म की चाहे जो भी हो, लागू होता है, और इसमें विदेशी देशों में रहनेवाले भारतीय लोग भी शामिल हैं ।	ᱯᱩᱭᱞᱩᱣᱟᱜ ᱫᱚ ᱩᱱᱠᱩᱣᱟᱜ ᱯᱟᱹᱛᱭᱟᱹᱣ ᱥᱮ ᱫᱷᱚᱨᱚᱢ ᱢᱩᱪᱟᱹᱫ ᱞᱮᱠᱟᱛᱮ ᱡᱚᱛᱚᱦᱚᱲ ᱞᱟᱹᱜᱤᱫ ᱞᱟᱹᱠᱛᱤᱭᱟᱱ, ᱟᱨ ᱱᱚᱶᱟ ᱵᱤᱞᱟᱹᱛ ᱨᱮ ᱜᱤᱨᱟᱹᱵᱟᱹᱥᱤ ᱟᱠᱟᱱ ᱵᱷᱟᱨᱚᱛᱤᱭᱟᱹ ᱱᱟᱜᱚᱨᱤᱭᱟᱹᱠᱚ ᱥᱮᱞᱮᱫ ᱞᱮᱫ ᱠᱚᱣᱟ ᱾
आप सभी वयस्क हैं! कृपया अधिक परिपक्व बनें और अपने काम को अधिक गंभीरता से लें।	ᱟᱯᱮ ᱫᱚ ᱡᱚᱛᱚᱯᱮ ᱦᱟᱨᱟ ᱟᱠᱟᱱᱟ ! ᱫᱟᱭᱟ ᱠᱟᱛᱮᱫ ᱟᱨᱦᱚᱸ ᱡᱚ ᱵᱮᱞᱮᱜ ᱯᱮ ᱟᱨ ᱟᱯᱮᱭᱟᱜ ᱠᱟᱹᱢᱤᱠᱚ ᱟᱨᱦᱚᱸ ᱮᱱᱮᱢᱟᱛᱮᱫ ᱠᱟᱹᱢᱤᱭ ᱯᱮ ᱾
वहाँ ग्लेडिएटर युद्ध, एथलेटिक्स और फाँसी का मंचन किया जाता था।	ᱜᱞᱟᱰᱤᱭᱮᱴᱚᱨ ᱞᱟᱹᱲᱦᱟᱹᱭ, ᱮᱹᱛᱷᱞᱮᱴᱤᱠᱥ ᱟᱨ ᱜᱩᱡᱩᱜ ᱥᱟᱹᱡᱟᱹᱭ ᱚᱰᱮ ᱩᱫᱩᱜ ᱥᱚᱫᱚᱨ ᱞᱮᱱᱟ ᱾
बच्चे उदास थे क्योंकि वे लगातार घर के अंदर बंद थे।	ᱜᱤᱫᱽᱨᱟᱹ ᱠᱚᱫᱚ ᱠᱚ ᱵᱷᱟᱵᱽᱱᱟᱜ ᱠᱟᱱ ᱛᱟᱦᱮᱸ  ᱠᱟᱨᱚᱱ ᱩᱱᱠᱩ ᱫᱚ ᱥᱟᱨᱟ ᱜᱷᱟᱹᱲᱤ ᱚᱲᱟᱜ ᱵᱷᱤᱛᱟᱹᱨ  ᱨᱮᱜᱮ ᱠᱚ ᱛᱟᱦᱮᱱ ᱠᱟᱱ ᱛᱟᱦᱮᱸ ᱾
ऐसा तब होता है जब हमारे पास इंटर्न होते हैं। जब आप उड़ान पर चढ़ रहे थे, तो उनमें से एक ने किसी अन्य व्यक्ति के सामान के बजाय आपका सामान उतार दिया।	ᱢᱤᱫ ᱞᱮᱠᱟᱱ ᱜᱷᱚᱴᱚᱱ ᱜᱮ ᱜᱷᱚᱴᱟᱜᱼᱟ ᱡᱚᱠᱷᱚᱱ ᱟᱞᱮᱭᱟᱜ ᱤᱱᱴᱟᱨᱱ ᱛᱟᱦᱮᱱᱟ ᱾ ᱟᱢ ᱡᱚᱠᱷᱚᱱ ᱯᱷᱟᱭᱤᱴ ᱨᱮᱢ ᱫᱮᱡᱚᱜ ᱠᱟᱱ ᱛᱟᱦᱮᱸᱫ ᱛᱚᱠᱷᱚᱱ ᱩᱱᱠᱩ ᱢᱩᱫᱽᱨᱮ ᱢᱤᱫᱦᱚᱲ ᱮᱴᱟᱜ ᱦᱚᱲᱼᱟᱜ ᱞᱟᱜᱮᱡᱽ ᱵᱚᱫᱚᱞᱛᱮ ᱟᱢᱟᱜ ᱞᱟᱜᱮᱡᱽ ᱮ ᱤᱫᱤ ᱞᱮᱫᱟ ᱾
गॉआ की तस्वीर दिखाती है कि धर्म के बीच गहरा संबंध है ।	ᱫᱤᱯᱥᱛᱚᱢᱷᱚ, ᱠᱚᱨᱩᱥ ᱟᱨ ᱜᱷᱳᱲᱮ ᱢᱳᱲᱱᱤ ᱛᱟᱭᱚᱢ ᱛᱟᱭᱚᱢ ᱪᱟᱞᱟᱜ ᱢᱤᱫᱴᱟᱝ ᱨᱟᱛᱷ ᱛᱟᱞᱢᱟ ᱠᱟᱛᱮᱜ ᱵᱮᱱᱟᱣ ᱟᱠᱟᱱ ᱜᱳᱭᱟᱨᱮ ᱴᱮᱵᱞᱳᱴᱤ ᱫᱚᱨᱚᱢ ᱱᱮᱦᱟᱹᱞᱤ ᱧᱮᱞᱧᱟᱢ ᱟ᱾
मुझे भी.	ᱤᱧᱦᱚᱸ ᱾
हाँ, बिल्कुल, कैमरे की अनुमति दी जाती है.	ᱦᱮᱸ, ᱮᱠᱟᱞ ᱜᱮ, ᱠᱮᱢᱮᱨᱟ ᱫᱚ ᱪᱷᱟᱹᱲ ᱜᱮᱭᱟ ᱾
मैंने इतने मीठे अमरूद कभी नहीं चखे!	ᱤᱧ ᱛᱤᱥ ᱦᱚᱸ ᱥᱟᱹᱯᱟᱹᱨᱤ ᱵᱟᱹᱧ ᱡᱚᱢ ᱞᱮᱜᱟᱣᱟᱠᱟᱫᱟ ᱡᱮ ᱱᱩᱱᱟᱹᱜ ᱦᱮᱲᱮᱢ !
यही उन लोगों के लिए चला जाता है जो किसी और देश की नागरिकता धारण करते हैं.	ᱡᱟᱦᱟᱸᱭ ᱮᱴᱟᱜ ᱫᱤᱥᱚᱢ ᱨᱮᱭᱟᱜ ᱱᱟᱜᱚᱨᱤᱠᱚᱛᱛᱚ ᱠᱚ ᱦᱟᱛᱟᱣᱼᱟ ᱩᱱᱠᱚ ᱨᱮᱦᱚᱸ ᱤᱱᱟᱹ ᱠᱟᱛᱷᱟ ᱜᱮ ᱾
उन्होंने ईटन कॉलेज और क्राइस्ट चर्च, ऑक्सफोर्ड में शिक्षा प्राप्त की।	ᱩᱱᱤ ᱫᱚ ᱚᱠᱥᱯᱷᱳᱨᱰ ᱨᱮᱭᱟᱜ ᱤᱴᱚᱱ ᱢᱟᱦᱟᱵᱤᱨᱫᱟᱹᱜᱟᱲ ᱟᱨ ᱟᱨ ᱠᱨᱟᱭᱤᱥᱴ ᱪᱟᱨᱪ ᱨᱮ ᱥᱮᱪᱮᱫ ᱮ ᱦᱟᱢᱮᱴ ᱞᱮᱫᱟ ᱾
मुझे खासकर ब्राशाशा समबाली के प्रदर्शन से डर लगता था!	ᱵᱷᱟᱥᱟ ᱥᱩᱢᱵᱚᱞᱤ ᱟᱜ ᱯᱟᱴ ᱧᱮᱞᱛᱮ ᱤᱧ ᱵᱷᱟᱜᱮ ᱞᱮᱠᱟᱧ ᱢᱚᱜᱚᱱ ᱞᱮᱱᱟ ᱾
इसे चूर - चूर करके या पत्थर में रखिए ।	ᱱᱚᱣᱟ ᱢᱤᱫᱴᱮᱱ ᱨᱚᱦᱚᱲ ᱜᱩᱸᱰᱟᱹ ᱟᱜ ᱛᱮ ᱥᱮ ᱫᱷᱤᱨᱤ ᱨᱮᱭᱟᱜ ᱢᱩᱴᱷᱟᱹᱱ ᱛᱮ ᱜᱩᱸᱰᱟᱹᱭ ᱢᱮ ᱾
अपने करियर के दौरान, उन्होंने चालीस से अधिक एल्बम जारी किए।	ᱟᱡᱟᱜ ᱠᱟᱹᱢᱤᱭᱟᱹ ᱡᱤᱭᱚᱱ ᱨᱮ ᱤᱱᱤᱫᱚ ᱯᱩᱱᱜᱮᱞ ᱜᱚᱴᱟᱝ ᱠᱷᱚᱱ ᱦᱚᱸ ᱡᱟᱹᱥᱛᱤ ᱮᱹᱞᱵᱟᱢ ᱮ ᱩᱪᱷᱟᱹᱱ ᱟᱠᱟᱫᱟ ᱾
यह कानून प्रौद्योगिकी और टेलीविजन से संबंधित अन्य चीजों से भी संबंधित है।	ᱟᱹᱱ ᱫᱚ ᱞᱟᱜᱟᱱᱠᱟᱹᱨᱤ ᱟᱨ ᱥᱟᱹᱜᱤᱧ ᱧᱮᱱᱮᱞᱚᱢ ᱵᱟᱨᱮᱛᱮ ᱮᱴᱟᱜ ᱮᱴᱟᱜ ᱥᱟᱛᱟᱢ ᱠᱚ ᱥᱟᱶᱛᱮᱦᱚᱭ ᱠᱟᱹᱢᱤᱭᱟ ᱾
मेरे पास सात चाय हैं।	ᱤᱧ ᱴᱷᱮᱱ ᱮᱭᱟᱭ ᱜᱚᱴᱟᱝ ᱪᱟ ᱢᱮᱱᱟᱜᱼᱟ ᱠᱚᱣᱟ।
शुरू करने की प्रक्रिया के लिए आपको कुछ दस्तावेज़ों की ज़रूरत है ।	ᱦᱚᱨᱟ ᱮᱦᱚᱵ ᱞᱟᱹᱜᱤᱫᱛᱮ ᱟᱢ ᱡᱚᱢᱟᱭ ᱦᱩᱭᱩᱜ ᱛᱟᱢᱟ ᱚᱱᱟᱠᱱᱟᱜ ᱠᱤᱪᱷᱤ ᱱᱚᱛᱷᱤ ᱢᱮᱱᱟᱜᱼᱟ ᱾
रात को इंतज़ार करना अभी भी खत्म हो जाएगा.	ᱧᱤᱫᱟᱹ ᱠᱟᱨᱯᱷᱤᱣᱩ ᱫᱚ ᱱᱤᱛᱦᱚᱸ ᱢᱮᱱᱟᱜ ᱜᱮᱭᱟ ᱾
जीतने के लिए एथलीटों को नशीली दवाओं का उपयोग करते देखना घिनौना है।	ᱠᱷᱮᱞᱳᱰᱤᱭᱟᱹ ᱠᱚ ᱡᱤᱛᱠᱟᱹᱨ ᱞᱟᱹᱜᱤᱫᱛᱮ ᱰᱨᱟᱜᱽᱥ ᱠᱚ  ᱵᱮᱶᱦᱟᱨ ᱮᱫᱟ ᱧᱮᱞᱛᱮ ᱟᱹᱰᱤ ᱵᱟᱹᱲᱤᱡ ᱵᱩᱡᱷᱟᱹᱜᱼᱟ
पिछले महीने एक राष्ट्रपति के नियत आदेश से देश को नए चुनावों की ओर ले जाने के लिए उपायों का एक हिस्सा के रूप में प्रस्ताव आया.	ᱯᱟᱨᱚᱢᱮᱱ ᱪᱟᱸᱫᱚ ᱢᱤᱫ ᱫᱤᱥᱚᱢ ᱜᱚᱢᱠᱮ ᱟᱭᱳᱜᱽ ᱛᱮ ᱫᱤᱥᱚᱢ ᱫᱚ ᱱᱟᱶᱟ ᱵᱟᱪᱷᱟᱣ ᱨᱮᱱᱟᱜ ᱤᱫᱤ ᱨᱮᱱᱟᱜ ᱩᱯᱟᱹᱭ ᱢᱤᱫ ᱯᱮᱭᱠᱮᱡᱽ ᱨᱮᱱᱟᱜ ᱦᱟᱹᱴᱤᱧ ᱨᱩᱯ ᱨᱮ ᱥᱟᱢᱟᱝ ᱥᱤ ᱤ ᱯᱤ ᱨᱮᱱᱟᱜ ᱤᱥᱛᱤᱯᱷᱟ ᱨᱮᱱᱟᱜ ᱱᱮᱦᱚᱨ ᱞᱮᱫ ᱛᱟᱦᱮᱱᱟ᱾
कौन - से कॉलेज हैं जो वेब डिज़ाइन में एक स्नातक कोर्स प्रस्तुत करते हैं?	ᱳᱣᱮᱵ ᱰᱤᱡᱟᱭᱤᱱ ᱪᱮᱛᱟᱱ ᱰᱤᱯᱞᱳᱢᱟ ᱠᱳᱨᱥᱠᱩ ᱮᱢᱚᱜᱽᱠᱟᱱ ᱠᱚᱞᱮᱡᱽᱠᱩ ᱫᱚ ᱚᱠᱟᱠᱩ ?
उनका जन्म रंकुल, ला पम्पा प्रांत में हुआ था।	ᱩᱱᱤ ᱫᱚ ᱞᱟ ᱯᱟᱢᱯᱟ ᱯᱨᱚᱫᱮᱥ ᱨᱮᱭᱟᱜ ᱨᱟᱱᱠᱩᱞ ᱨᱮᱭ ᱡᱟᱱᱟᱢ ᱟᱠᱟᱱᱟ ᱾
चुनाव करने के लिए योग्य सभी लोगों के नाम चुनाव में मौजूद होंगे।	ᱴᱷᱤᱠ ᱾ ᱵᱷᱳᱴ ᱮᱢᱨᱮᱱ ᱡᱳᱜᱽᱜᱚ ᱥᱟᱱᱟᱢ ᱦᱚᱲ ᱠᱚᱣᱟᱜ ᱧᱩᱛᱩᱢ ᱵᱟᱪᱷᱱᱟᱣ ᱨᱳᱞᱨᱮ ᱛᱟᱦᱮᱱ ᱛᱟᱠᱚᱣᱟ ᱾
मेरे पास सात कॉफ़ी हैं।	ᱤᱧ ᱴᱷᱮᱱ ᱮᱭᱟᱭ ᱜᱚᱴᱟᱝ ᱠᱚᱯᱷᱤ ᱢᱮᱱᱟᱜᱼᱟ ᱠᱚᱣᱟ।
तो, ड्राइव कितनी देर है?	ᱟᱫᱚ, ᱰᱨᱟᱭᱤᱵᱷ ᱛᱤᱱ ᱜᱷᱟᱹᱲᱤᱡ ?
धन्यवाद, मैं अपनी प्रेमिका वादा किया था.	ᱟᱭᱢᱟ ᱥᱟᱨᱦᱟᱣ ᱜᱟᱛᱤ ᱛᱤᱧ, ᱤᱧᱨᱮᱱ ᱜᱟᱛᱤᱠᱩᱲᱤᱧ ᱠᱟᱛᱷᱟᱣᱟᱠᱟᱣᱟᱫᱤᱭᱟ ᱾
इसे बहुत पतली बनाया जा सकता है, और अन्य धातु में अटक सकता है. यह इतना पतली बनाया जा सकता है कि कभी कभी - कभी इसे हाथ से बने चित्रों को "थिक हस्तलिपियों" कहा जाता है.	ᱱᱟᱶᱟ ᱫᱚ ᱟᱹᱰᱤ ᱱᱟᱱᱦᱟ ᱛᱮᱭᱟᱨ ᱜᱟᱱᱚᱜ ᱜᱮᱭᱟ, ᱟᱨ ᱮᱴᱟᱜ ᱫᱷᱟᱹᱛᱩ ᱨᱮ ᱪᱤᱯᱠᱟᱹᱣ ᱜᱟᱱᱚᱜ ᱜᱮᱭᱟ᱾ ᱱᱚᱶᱟ ᱫᱚ ᱱᱩᱱᱟᱹᱜ ᱱᱟᱱᱦᱟ ᱛᱮᱭᱟᱨ ᱜᱟᱱᱚᱜᱼᱟ ᱡᱮ ᱱᱚᱶᱟ ᱛᱤᱥ ᱛᱤᱥᱚᱜ "ᱤᱞᱭᱩᱢᱤᱱᱮᱴᱮᱰ ᱢᱮᱱᱩᱥᱠᱨᱤᱯᱴ" ᱧᱩᱛᱩᱢ ᱯᱚᱛᱚᱵ ᱨᱮ ᱛᱤ ᱛᱮ ᱵᱮᱱᱟᱣ ᱪᱤᱛᱟᱹᱨ ᱠᱚ ᱥᱟᱡᱟᱣ ᱞᱟᱹᱜᱤᱫ ᱠᱟᱹᱢᱤ ᱨᱮ ᱟᱹᱜᱩ ᱜᱟᱱᱚᱜᱼᱟ᱾
ᱢᱮᱱᱭᱩ, ᱫᱟᱭᱟ ᱠᱟᱛᱮ	कृपया मेनू
यह हमें ट्रेन, कार, और अनेक अन्य परिवहन उपकरणों लाया है ।	ᱱᱟᱶᱟ ᱛᱮ ᱟᱵᱚ ᱴᱨᱮᱱ, ᱠᱟᱨ ᱟᱨ ᱟᱭᱢᱟ ᱮᱴᱟᱜ ᱯᱚᱨᱤᱣᱟᱦᱟᱹᱱ ᱩᱯᱠᱚᱨᱚᱬ ᱟᱹᱜᱩ ᱟᱠᱟᱫᱟ ᱵᱚᱱ᱾
लेकिन, उनकी शादी के दिन वार्मी नहीं दिखाती और यह ज़ाहिर किया गया है कि वे मुंबई भाग गए हैं ।	ᱢᱮᱱᱠᱷᱟᱱ, ᱩᱝᱠᱤᱱᱟᱜ ᱵᱟᱯᱞᱟ ᱫᱤᱱᱨᱮ ᱵᱳᱭᱫᱮᱦᱤ ᱵᱟᱭ ᱦᱮᱡᱽ ᱥᱮᱴᱮᱨᱞᱮᱱᱟ ᱟᱨ ᱩᱱᱤ ᱫᱚ ᱢᱩᱢᱵᱟᱭᱮ ᱫᱟᱲᱟᱠᱟᱫᱟ ᱱᱤᱭᱟᱹ ᱠᱟᱛᱷᱟ ᱩᱪᱷᱟᱹᱱᱮᱱᱟ ᱾
मेरे पास चार पेन हैं।	ᱤᱧ ᱴᱷᱮᱱ ᱯᱩᱱ ᱜᱚᱴᱟᱝ ᱯᱮᱱ ᱢᱮᱱᱟᱜᱼᱟ ᱠᱚᱣᱟ।
हर तरफ 60 मामले रिपोर्ट किए गए हैं, जिनमें कुल मिलाकर छः आग लगी हुई है और चार लोगों को छोटे - छोटे जल से निकाल दिया गया है ।	ᱟᱭᱤᱯᱳᱰ ᱵᱟᱹᱲᱤᱡ ᱮᱱ ᱠᱷᱟᱱ ᱖᱐ ᱢᱟᱢᱞᱟ ᱜᱟᱱ ᱥᱟᱢᱟᱝ ᱦᱮᱡ ᱮᱱᱟ, ᱡᱟᱦᱟᱸ ᱫᱚ ᱡᱚᱛᱚ ᱛᱩᱨᱩᱭ ᱥᱮᱸᱜᱮᱞ ᱞᱟᱜᱟᱣ ᱮᱱᱟ ᱟᱨ ᱯᱩᱱ ᱦᱚᱲ ᱯᱩᱱᱭᱟᱹ ᱢᱟᱢᱩᱠᱤ ᱨᱩᱯ ᱠᱷᱚᱱ ᱠᱚ ᱡᱷᱩᱞᱥᱟᱣ ᱮᱱᱟ᱾
नया समाज कड़ी मेहनत, बुद्धिमत्ता और सत्यनिष्ठा का सम्मान करेगा।	ᱱᱟᱣᱟ ᱥᱟᱶᱛᱟ ᱠᱚᱴᱷᱳᱨ ᱯᱚᱨᱤᱥᱨᱚᱢ, ᱵᱩᱫᱫᱷᱤᱢᱚᱛᱛᱟ ᱟᱨ ᱥᱟᱹᱨᱤᱭᱟᱜ ᱛᱮᱫ ᱢᱟᱹᱱᱮ ᱮᱢᱟᱣᱟᱜᱼᱟ ᱾
उन्हें पहले से ही घर से निकाल दिया गया था ।	ᱯᱟᱞᱚᱱ ᱯᱚᱥᱚᱱ ᱧᱮᱞ-ᱡᱚᱛᱚᱱ ᱠᱷᱚᱱ ᱚᱱᱟ ᱡᱷᱚᱛᱚ ᱡᱟᱹᱨᱩᱲᱟᱱᱟᱜ ᱠᱚ ᱡᱚᱜᱟᱣ ᱞᱟᱹᱠᱛᱤ ᱡᱟᱦᱟᱸᱭᱠᱚ ᱚᱱᱟ ᱚᱲᱟᱜ ᱨᱮ ᱵᱟᱠᱚ ᱧᱟᱢ ᱮᱫ ᱛᱟᱦᱮᱸᱱI
पहले, एक चिट्ठी तक पहुँचने के लिए दिन लगते थे, और हरेक व्यक्‍ति अपनी ही प्रति प्राप्त करता और अलग से प्रतिक्रिया दिखाता ।	ᱞᱟᱦᱟᱛᱮᱭᱟᱜ ᱢᱤᱫᱴᱟᱝ ᱵᱮᱣᱨᱟ ᱥᱮᱴᱮᱨ ᱞᱟᱜᱤᱫ ᱟᱭᱢᱟ ᱚᱠᱛᱚ ᱞᱟᱜᱟᱜ ᱛᱟᱦᱮᱸᱫ ᱟᱨ ᱥᱟᱱᱟᱢ ᱧᱟᱧᱟᱢᱤᱭᱟᱹ ᱜᱮ ᱢᱤᱫᱴᱟᱝ ᱠᱟᱛᱮ ᱠᱟᱜᱚᱡᱽ ᱠᱚ ᱧᱟᱢ ᱛᱟᱦᱮᱸ ᱡᱩᱫᱟᱹ ᱡᱩᱫᱟᱹ ᱠᱟᱛᱷᱟ ᱢᱮᱱ ᱞᱟᱜᱤᱫ ᱾
आप कर्नाका के माध्यम से यात्रा करने के लिए आप और मैं कर्नाका के माध्यम से यात्रा पर ले जा रहे हैं, स्वर्ण रथ करदाका राज्य की अमीर संस्कृति का मेल खाता है और खुद में एक आश्चर्य है.	ᱠᱚᱨᱱᱟᱴᱚᱠ ᱛᱟᱞᱟᱛᱮ ᱢᱤᱫ ᱢᱩᱦᱱᱤ ᱟᱨ ᱨᱤᱡᱷᱟᱹᱣ ᱟᱱᱟᱜ ᱦᱚᱨᱛᱮ ᱟᱢ ᱤᱫᱤ, ᱥᱚᱱᱟ ᱨᱮᱭᱟᱜ ᱨᱟᱸᱛ ᱠᱚᱨᱱᱟᱴᱚᱠ ᱯᱚᱱᱚᱛ ᱨᱮᱭᱟᱜ ᱜᱚᱱᱚᱝᱟᱱ ᱞᱟᱠᱪᱟᱨᱮ ᱯᱮᱨᱮᱡ ᱯᱩᱨᱩᱱᱟ ᱟᱨ ᱱᱯᱶᱟᱫᱚ ᱟᱡᱛᱮᱫ ᱜᱮ ᱢᱤᱫ ᱦᱟᱦᱟᱲᱟ ᱟᱱᱟᱜ ᱠᱟᱱᱟ ᱾
मैं भारत में फुटबॉल के भविष्य को लेकर सचमुच डरा हुआ हूँ।	ᱵᱷᱟᱨᱚᱛ ᱨᱮ ᱯᱷᱩᱴᱵᱚᱞ ᱨᱮᱭᱟᱜ ᱟᱹᱠᱷᱤᱨ ᱤᱫᱤᱠᱟᱛᱮ ᱤᱧ ᱟᱹᱰᱤᱧ ᱵᱚᱛᱚᱨᱚᱜ ᱠᱟᱱᱟ ᱾
अगर यह विश्वविद्यालय मेरे विकल्पों को सीमित करता है तो मैं क्या कर सकता हूँ? मेरी समझ में कुछ नहीं आ रहा (छात्र)।	ᱤᱧ ᱪᱮᱫ ᱤᱧ ᱪᱤᱠᱟᱹ ᱫᱟᱲᱮᱭᱟᱜᱼᱟ ᱡᱩᱫᱤ ᱱᱚᱣᱟ ᱡᱮᱜᱮᱫ ᱵᱤᱨᱫᱟᱹᱜᱟᱲ ᱤᱧᱟᱜ ᱵᱟᱪᱷᱱᱟᱣᱼᱮ ᱥᱟᱹᱢᱩᱝ ᱩᱛᱟᱹᱨ ᱠᱟᱜᱼᱟ ? ᱤᱧ ᱫᱚ ᱤᱧᱟᱹᱜ ᱟᱹᱠᱤᱞ ᱨᱮ ᱴᱷᱤᱠ ᱜᱮ ᱢᱤᱱᱟᱹᱧᱟ ᱾ (ᱯᱟᱹᱴᱷᱩᱣᱟᱹ)
जब तक वे किशोर हुए, तब तक वे पेशेवर रूप से पियानो बजाने लगे थे।	ᱡᱩᱣᱟᱹᱱ ᱩᱢᱮᱨ ᱨᱮ ᱩᱱᱤ ᱫᱚ ᱡᱤᱵᱠᱟᱹᱣᱟᱱ ᱞᱮᱠᱟᱛᱮ ᱯᱤᱭᱟᱱᱳᱭ ᱨᱩᱭ ᱛᱟᱦᱮᱸ ᱾
बाद में इसे विंडोज कंप्यूटर और मोबाइल फोन के लिए जारी किया गया।	ᱱᱚᱣᱟ ᱫᱚ ᱛᱟᱭᱚᱢ ᱫᱟᱨᱟᱢ ᱩᱣᱤᱱᱰᱳᱡ ᱠᱚᱢᱯᱤᱭᱩᱴᱟᱨ ᱟᱨ ᱢᱳᱵᱟᱭᱤᱞ ᱯᱷᱳᱱ ᱞᱟᱹᱜᱤᱫ ᱩᱪᱷᱟᱹᱱ ᱟᱠᱟᱱᱟ ᱾
अन्ना अर्काद्येवना करेनिना रोमांटिक हैं और उनका व्यक्तित्व बहुत मजबूत है।	ᱟᱱᱟ ᱟᱨᱠᱟᱫᱤᱭᱮᱵᱷᱚᱱᱟ ᱠᱟᱨᱮᱱᱤᱱᱟ ᱫᱚ ᱨᱚᱢᱚᱪᱟᱱᱟᱜ ᱟᱨ ᱢᱤᱫᱴᱟᱝ ᱟᱹᱰᱤ ᱫᱟᱲᱮᱭᱟᱱᱟᱜ ᱪᱩᱨᱤᱛ ᱢᱮᱱᱟᱜᱼᱟ ᱾
मेरे पास बारह पेंसिल हैं।	ᱤᱧ ᱴᱷᱮᱱ ᱜᱮᱞ ᱵᱟᱨ ᱜᱚᱴᱟᱝ ᱯᱮᱱᱥᱤᱞ ᱢᱮᱱᱟᱜᱼᱟ ᱠᱚᱣᱟ।
ᱱᱤᱛ ᱛᱤᱱᱟᱹᱜ ᱚᱠᱛᱚ ᱦᱩᱭ ᱟᱠᱟᱱᱟ?	क्या समय हो गया है?
लंबी बातचीत के बाद वार्ता में शामिल सभी लोगों ने समापन बयान पर हस्ताक्षर किए।	ᱟᱹᱰᱤ ᱜᱷᱟᱹᱲᱤᱡ ᱜᱟᱞᱚᱪ ᱛᱟᱭᱚᱢ ᱜᱟᱞᱚᱪᱨᱮ ᱥᱮᱴᱮᱨᱟᱠᱟᱱ ᱥᱟᱱᱟᱢ ᱠᱚ ᱴᱷᱟᱲᱚᱜᱚᱴᱟ ᱟᱠᱟᱫ ᱵᱚᱨᱱᱚᱱ ᱨᱮᱠᱚ ᱥᱩᱦᱤᱭᱟ ᱾
इन खेलों में बहुत से लोकप्रिय खेल होते हैं जिसमें बर्फ से फिसलकर गिर जाते हैं या तुम्हारे पैरों से जुड़े बर्फ के रास्ते होते हैं.	ᱰᱟᱩᱱᱦᱤᱞ ᱥᱱᱚᱡᱯᱚᱴ, ᱡᱟᱦᱟᱸ ᱨᱮ ᱥᱠᱤᱰᱤᱝ ᱟᱨ ᱥᱱᱚᱵᱚᱰᱤᱝ ᱥᱟᱹᱢᱤᱞ ᱢᱮᱱᱟᱜᱼᱟ, ᱧᱩᱛᱩᱢᱟᱱ ᱠᱷᱮᱞ ᱠᱟᱱᱟ ᱚᱠᱟ ᱫᱚ ᱥᱠᱤ ᱥᱟᱞᱟᱜ ᱛᱮ ᱵᱚᱨᱚᱯᱷ ᱛᱮ ᱰᱷᱚᱠᱟᱣ ᱠᱟᱱ ᱡᱟᱭᱜᱟ ᱠᱚ ᱛᱟᱞᱟ ᱨᱮ ᱥᱞᱟᱭᱰᱤᱝ ᱟᱨ ᱵᱟᱝ ᱱᱤᱡᱚᱨ ᱠᱟᱴᱟ ᱛᱮ ᱡᱩᱲᱟᱹᱣ ᱵᱚᱨᱚᱯᱷᱵᱚᱰ ᱛᱮ ᱰᱷᱚᱠᱟᱣ ᱠᱟᱱᱟ᱾
एक और प्रारूप है लेवरॉन्स, जहाँ एक टीम दौड़ में प्रतिस्पर्धा करने के लिए बारी - बारी लेती है; हर प्रति - चालक को तैर - दौड़ का एक भाग होना चाहिए और दौड़नी चाहिए ।	ᱟᱨᱢᱤᱫ ᱨᱚᱠᱚᱢ ᱫᱚ ᱦᱩᱭᱩᱜᱠᱟᱱᱟ ᱨᱤᱞᱮ ᱴᱨᱟᱭᱟᱞᱛᱷ ᱡᱟᱦᱟᱸᱨᱮ ᱦᱮᱯᱮᱨᱟᱣᱨᱮ ᱢᱤᱫᱴᱟᱝ ᱦᱮᱯᱮᱨᱟᱣᱠᱩᱣᱟᱜ ᱜᱟᱫᱮᱞ ᱯᱟᱞᱟᱠᱨᱚᱢ ᱦᱤᱸᱥᱠᱩ ᱦᱟᱛᱟᱣᱞᱮᱫᱟ, ᱢᱤᱢᱤᱫ ᱦᱮᱯᱮᱨᱟᱣᱠᱩ ᱯᱟᱭᱨᱟᱜ, ᱥᱟᱭᱠᱞᱤᱝ ᱟᱨ ᱫᱟᱹᱲᱨᱮ ᱢᱤᱫᱴᱟᱝᱠᱟᱛᱮ ᱦᱤᱸᱥ ᱦᱩᱭᱩᱜᱽᱛᱟᱠᱩᱣᱟ ᱾
मैं Enest विभाग से हूँ.	ᱤᱧ ᱫᱚ ᱵᱤᱨ ᱰᱤᱯᱟᱨᱴᱢᱮᱱᱴ ᱠᱷᱚᱱᱤᱧ ᱦᱮᱡᱽᱟᱠᱟᱱᱟ ᱾
अगर सारी चीज़ें नाकाम हो जाती, तो जर्मनी शायद ब्रिटेन पर जीत हासिल कर सकता था, ठीक जैसे पूरे यूरोप में हुआ था ।	ᱡᱩᱫᱤ ᱜᱟᱯᱟᱛᱮ ᱫᱤᱥᱚᱢ ᱠᱚ ᱦᱟᱨᱟᱜ-ᱟ, ᱛᱚᱵᱮ ᱡᱟᱨᱢᱟᱱᱤ ᱫᱚ ᱵᱽᱨᱤᱴᱮᱱ ᱨᱮ ᱡᱤᱛᱠᱟᱹᱨᱮ ᱦᱟᱢᱮᱴ ᱫᱟᱲᱮ ᱠᱮᱭᱟᱭ ᱪᱮᱫᱟᱜ ᱥᱮ ᱩᱱᱠᱩ ᱴᱷᱮᱱ ᱭᱩᱨᱚᱯ ᱨᱮᱭᱟᱜ ᱵᱤᱥᱤ ᱡᱟᱝ ᱛᱟᱦᱮᱸᱠᱟᱱᱟ᱾
दस्तावेज़ों को वोटर कार्ड की तरह अपने महत्व स्थापित करने की जरूरत थी, एडनार कार्ड और पीएन कार्ड.	ᱵᱷᱳᱴᱟᱨ ᱠᱟᱰ, ᱟᱫᱷᱟᱨ ᱠᱟᱰ ᱟᱨ ᱯᱮᱱ ᱠᱟᱰ ᱞᱮᱠᱟᱱ ᱟᱢᱟᱜ ᱥᱟᱹᱵᱩᱫ ᱥᱟᱠᱟᱢᱠᱚ ᱛᱷᱟᱯᱚᱱ ᱞᱟᱹᱜᱤᱫ ᱞᱟᱹᱠᱛᱤᱭᱟᱱ ᱱᱚᱛᱷᱤ ᱠᱚ ᱾
नेदरलैंड्‌स ने स्थिति को सुधारने की कोशिश की, लेकिन क़ैदी की मांग स्पष्ट नहीं हैं.	ᱜᱟᱞᱢᱟᱨᱟᱣᱤᱭᱟᱹ ᱥᱛᱤᱛᱷᱤ ᱥᱩᱫᱷᱨᱟᱹᱣ ᱞᱟᱹᱜᱤᱫ ᱪᱮᱥᱴᱟ ᱠᱮᱜᱼᱟ ᱠᱚ, ᱦᱮᱞᱮ ᱠᱚᱭᱫᱤᱠᱚᱣᱟᱜ ᱠᱚᱭ ᱵᱟᱭ ᱴᱷᱟᱹᱣᱠᱟᱹ ᱞᱮᱱᱟ᱾
ओह, मुझे लगता है कि मिलता है.	ᱴᱷᱤᱠ ᱜᱤᱭᱟ, ᱤᱧ ᱵᱩᱡᱷᱦᱟᱹᱣᱟᱠᱟᱫᱟ ᱾
अनेक पेंटिंग शैलियाँ हैं, जिनमें आधुनिकवादी, एक्स - रेवादी, शास्त्रीय, अतिश्‍यवादी, चीनी शैली, मूल - शैली, सजीव, प्रभावात्मक, और अनेक और ज़्यादा ।	ᱟᱸᱠ ᱨᱮᱭᱟᱜ ᱟᱭᱢᱟ ᱞᱮᱠᱟᱱ ᱫᱷᱟᱨᱟ ᱢᱮᱱᱟᱜᱼᱟ, ᱡᱟᱦᱟᱸᱠᱩ ᱢᱩᱫᱨᱮ ᱟᱫᱷᱩᱱᱤᱠᱚᱛᱟᱵᱟᱹᱫᱤ, ᱚᱵᱷᱤᱵᱮᱠᱛᱤᱵᱟᱹᱫᱤ, ᱥᱟᱥᱛᱨᱤᱭᱚ, ᱯᱚᱨᱟᱵᱟᱥᱛᱚᱵ, ᱠᱤᱣᱵᱤᱥᱴ, ᱪᱤᱱᱟᱹᱥᱚᱭᱞᱤ, ᱵᱤᱢᱩᱨᱛᱚ, ᱯᱨᱚᱛᱤᱛᱤᱵᱟᱹᱫᱤ ᱟᱨᱦᱚᱸ ᱟᱭᱢᱟᱠᱩ ᱾
हैलो, यह अद्भुत था.	ᱦᱮᱞᱳ, ᱟᱹᱰᱤ ᱱᱟᱯᱟᱭ ᱾
अंतरिक्ष में एक उपग्रह या दूरदर्शी को बनाने के लिए एक विशाल विस्फोट लेता है।	ᱚᱱᱛᱨᱤᱠᱥ ᱨᱮ ᱩᱯᱜᱽᱨᱚᱦ ᱟᱨ ᱵᱟᱝ ᱫᱩᱨᱵᱤᱱ ᱞᱟᱜᱟᱣ ᱞᱟᱹᱜᱤᱫ ᱑᱐᱐ ᱯᱷᱩᱴ ᱠᱷᱚᱱ ᱰᱷᱮᱨ ᱩᱥᱩᱞ ᱨᱮᱭᱟᱜ ᱢᱤᱫᱴᱟᱹᱝ ᱢᱟᱨᱟᱝ ᱨᱚᱠᱮᱴ ᱨᱮᱭᱟᱜ ᱫᱚᱨᱠᱟᱨ ᱞᱟᱹᱠᱛᱤ ᱠᱟᱱᱟ᱾
एडवर्ड्स का 29 अप्रैल 2020 को 83 वर्ष की आयु में निधन हो गया।	ᱮᱰᱳᱣᱟᱨᱰᱥ ᱫᱚ ᱒᱙ ᱮᱯᱨᱤᱞ, ᱒᱐᱒᱐ ᱥᱟᱞ ᱨᱮ ᱘᱓ ᱥᱮᱨᱢᱟ ᱩᱢᱮᱨ ᱨᱮᱭ ᱜᱚᱡ ᱞᱮᱱᱟ ᱾
मेरे पास पाँच पेन हैं।	ᱤᱧ ᱴᱷᱮᱱ ᱢᱚᱬᱮ ᱜᱚᱴᱟᱝ ᱯᱮᱱ ᱢᱮᱱᱟᱜᱼᱟ ᱠᱚᱣᱟ।
ईबी (बिजली बोर्ड) कर्मचारियों के साथ हमारी बहस हो गई क्योंकि वे हमारी समस्या को हल करने के लिए बहुत सारे पैसे मांग रहे थे।	ᱟᱵᱚ ᱤᱵᱤ ᱠᱟᱹᱢᱤᱭᱟᱹ ᱠᱚ ᱥᱟᱶ ᱨᱟᱯᱟᱪᱟᱜ ᱞᱮᱱᱟᱵᱚᱱ ᱚᱡᱮᱫᱚ ᱩᱱᱠᱩ ᱟᱵᱚᱣᱟᱜ ᱮᱴᱠᱮᱴᱚᱲᱮ ᱥᱚᱞᱦᱮ ᱞᱟᱹᱜᱤᱫ ᱟᱭᱢᱟ ᱠᱟᱹᱣᱰᱤ ᱠᱚ ᱠᱷᱚᱡ ᱞᱮᱫᱟ ᱾
एंड्रयू बॉम: प्रोफेसर एंड्रयू बॉम एक ब्रिटिश अकादमिक हैं।	ᱮᱹᱱᱰᱨᱩ ᱵᱟᱣᱩᱢ ᱥᱟᱪᱮᱫ ᱮᱹᱱᱰᱨᱩ ᱵᱟᱣᱩᱢ ᱫᱚ ᱢᱤᱫᱦᱚᱲ ᱵᱤᱞᱟᱹᱛ ᱨᱮᱱ ᱥᱮᱪᱮᱫ ᱜᱟᱹᱠᱷᱩᱲᱤᱭᱟᱹ ᱾
छी! दोपहर का भोजन करने से पहले आप कम से कम अपने गंदे हाथ तो धो सकते थे।	ᱪᱷᱤ ! ᱟᱢ ᱫᱚ ᱟᱢᱟᱜ ᱛᱤᱠᱤᱱ ᱫᱟᱠᱟ ᱡᱚᱢ ᱞᱟᱦᱟᱨᱮ ᱠᱟᱹᱴᱤᱡ ᱪᱩᱞᱩᱝ ᱟᱢᱟᱜ ᱱᱳᱝᱨᱟ ᱛᱤᱢ ᱟᱹᱨᱩᱵ ᱫᱟᱲᱮᱭᱟᱜᱼᱟ ᱾
मेरे पास तीस पेंसिल हैं।	ᱤᱧ ᱴᱷᱮᱱ ᱯᱮ ᱜᱮᱞ ᱜᱚᱴᱟᱝ ᱯᱮᱱᱥᱤᱞ ᱢᱮᱱᱟᱜᱼᱟ ᱠᱚᱣᱟ।
आज तक यहाँ करीब 10,000 साल पहले ईरान के ज़ारोरोस पहाड़ों पर पालतू जानवर बनाए गए थे ।	ᱱᱚᱠᱟ ᱩᱭᱦᱟᱹᱨᱚᱜ ᱠᱟᱱᱟ ᱢᱮᱨᱚᱢ ᱫᱚ ᱤᱨᱟᱱ ᱨᱮᱭᱟᱜ ᱡᱟᱜᱽᱨᱳᱥ ᱵᱳᱨᱳ ᱨᱮ ᱑᱐,᱐᱐᱐ ᱥᱟᱞ ᱯᱩᱭᱞᱩ ᱨᱮ ᱚᱲᱟᱜ ᱨᱮ ᱟᱹᱥᱩᱞ ᱠᱚ ᱮᱦᱚᱵ ᱞᱮᱜ-ᱟ᱾
डॉक्टर ने सलाह दी कि कुछ दिनों के लिए आराम करें ।	ᱰᱟᱠᱛᱟᱨ ᱠᱤᱪᱷᱤ ᱫᱤᱱ ᱡᱤᱨᱟᱹᱣ ᱨᱮ ᱛᱟᱦᱮᱱ ᱮ ᱢᱮᱱ ᱟᱠᱟᱫᱤᱧᱟ ᱾
बकरी ने उसका हाथ चाटा, और उसने बिना हाथ धोए उसी हाथ से बिस्कुट खा लिया।	ᱢᱮᱨᱚᱢ ᱫᱚ ᱩᱱᱤᱭᱟᱜ ᱛᱤᱭ ᱪᱟᱴᱚᱜ ᱞᱮᱫᱟ, ᱟᱨ ᱩᱱᱤ ᱫᱚ ᱚᱱᱟ ᱛᱤ ᱛᱮᱜᱮ ᱵᱟᱝ ᱟᱨᱩᱵ ᱯᱷᱟᱨᱪᱟ ᱠᱟᱛᱮ ᱵᱤᱥᱠᱩᱴ ᱮ ᱡᱚᱢ ᱞᱮᱫᱟ ᱾
विरोधी टीम द्वारा की गई खुलेआम धोखाधड़ी शर्मनाक थी।	ᱮᱴᱟᱜ ᱜᱟᱫᱮᱞ ᱠᱚᱣᱟᱜ ᱵᱮᱦᱟᱭᱟ ᱴᱷᱚᱜ ᱫᱚ ᱞᱟᱡᱟᱣᱟᱱᱟᱜ ᱠᱟᱱᱟ
बीसवीं सदी में परमेश्‍वर कीशमा, कांद्रा, कांद्रा, कारीमा, कारामा मोना (1906-1999-1999), गोजान, गोजान, गंदी मोना (1914-1999), पांदा (1914- 2007), मेर्‍त और शैन (1909), शैन्‍नान (1908- 2007), शैन्‍नान (1908- 2007), मल्‍ना, शैन्‍नान), शैन्‍नान (1920- 2007), शैन्‍ना और शैन्‍नानान), जुलाईरेनानानान (1908ा), मिस्‍नान), मिस्‍नामा, मिस्‍नामा, मोनामामामामामामा, मोनामामामामा, मोनामा, मोनामा, मोनामामामामामामामामामामा, मोख, मोख, मोख, मिसा, मोख, मिस, मिनामामामा, मिनामामामामामामामामामा, मिना, मिरामामामामामामामामा, मिना, मिसा, मोना, मिसा, मिसा, मिसा, मिसा, मिसा, मिसा, मिना, मिना, मिना, मिना, मिना, मिना, मिना, मिना, मिना, मिना, मिरामामामा, मिना, मिरामा, मिरामा, मिना, मिना, मिना, मिना, मिना, मिरामामामामा, मिना, मिरारारारारामा, मिना, मिना, मिना, मिना, मिना, मिनार, मिनार, मिनार, मिनार, मिना, मिना, मि.	᱒᱐ ᱥᱟ ᱥᱚᱛᱟᱵᱫᱤ ᱨᱮ ᱳᱰᱤᱭᱟ ᱥᱟᱶᱦᱮᱫ ᱜᱚᱲᱦᱚᱱᱠᱟᱹᱨᱤ ᱠᱤᱪᱷᱤ ᱧᱩᱛᱩᱢ ᱠᱚᱫᱚ ᱦᱩᱭᱩᱜ ᱠᱟᱱᱟ ᱜᱳᱫᱟᱵᱚᱨᱤᱥ ᱢᱚᱦᱟᱯᱟᱛᱨᱚ, ᱠᱟᱞᱤᱱᱫᱤ ᱪᱚᱨᱚᱱ ᱯᱟᱱᱤᱜᱨᱟᱦᱤ, ᱠᱟᱦᱩ ᱪᱚᱨᱚᱱ ᱢᱳᱱᱟᱱᱛᱤ (᱑᱙᱐᱖ᱼ᱑᱙᱙᱔), ᱜᱳᱯᱤᱱᱟᱛᱷ ᱢᱳᱦᱟᱱᱛᱤ (᱑᱙᱑᱔ᱼ᱑᱙᱙᱑), ᱥᱚᱪᱪᱤᱫᱱᱚᱱᱫᱚ ᱨᱟᱣᱛᱨᱟᱭ (᱑᱙᱑᱖ᱼ᱒᱐᱐᱔), ᱥᱤᱛᱟᱠᱟᱱᱛᱚ ᱢᱚᱦᱟᱯᱟᱛᱨᱚ (ᱡᱟᱱᱟᱢ ᱑᱗ ᱤ ᱥᱮᱯᱴᱮᱢᱵᱚᱨ ᱑᱙᱓᱗), ᱥᱩᱨᱮᱱᱫᱨᱚ ᱢᱳᱦᱟᱱᱛᱤ, ᱢᱚᱱᱳᱡ ᱫᱟᱥ, ᱠᱤᱥᱳᱨᱤ ᱪᱚᱨᱚᱱ ᱫᱟᱥ, ᱨᱟᱢᱟᱠᱟᱱᱛᱚ ᱨᱚᱛ (ᱡᱟᱱᱟᱢ ᱑᱓ ᱤ ᱰᱤᱥᱮᱢᱵᱚᱨ ᱑᱙᱓᱔), ᱵᱤᱱᱟᱯᱟᱱᱤ ᱢᱳᱦᱟᱱᱛᱤ, ᱡᱚᱜᱚᱫᱤᱥ ᱢᱳᱦᱟᱱᱛᱤ, ᱥᱳᱨᱳᱡᱤᱱᱤ ᱥᱟᱦᱩ, ᱨᱟᱡᱮᱱᱫᱨᱚ ᱠᱤᱥᱳᱨ ᱯᱚᱱᱰᱟ, ᱯᱚᱫᱽᱚᱡ ᱯᱟᱞ, ᱨᱟᱢᱢᱪᱚᱫᱽᱨᱚ ᱵᱮᱦᱨᱟ, ᱯᱚᱛᱤᱵᱷᱟ ᱥᱚᱛᱚᱯᱚᱛᱤ, ᱱᱚᱱᱫᱤᱱᱤ ᱥᱟᱦᱩ, ᱫᱮᱵᱨᱟᱡ ᱥᱟᱢᱚᱱᱛᱚᱨᱟᱭ ᱾
मैं तुम्हारे लिए क्या कर सकते हैं?	ᱟᱢ ᱞᱟᱹᱜᱤᱫ ᱪᱮᱫ ᱤᱧ ᱪᱤᱠᱟᱹ ᱫᱟᱲᱮᱭᱟᱜᱼᱟ ?
Ahikka कुमार सभी महत्वपूर्ण जीतने का उद्देश्य दुनिया कप में बस जीत हासिल करने के लिए।	ᱡᱮᱜᱮᱫᱽᱠᱟᱯᱨᱮ ᱵᱷᱟᱨᱚᱛᱼᱟᱜ ᱢᱤᱫᱴᱟᱝ ᱡᱤᱛᱠᱟᱹᱨ ᱦᱟᱢᱮᱴᱨᱮ ᱡᱚᱛᱚᱠᱷᱚᱱ ᱜᱩᱨᱩᱛᱛᱚᱯᱩᱨᱱᱚ ᱡᱤᱛᱠᱟᱹᱨᱟᱱᱟᱜ ᱜᱳᱞ ᱫᱚᱭ ᱠᱚᱨᱟᱣᱞᱮᱫᱟ ᱚᱥᱳᱠ ᱠᱩᱢᱟᱨ ᱾
Ok, मुझे लगता है कि कोशिश करने के लिए सुनिश्चित हो जाएगा	ᱴᱷᱤᱠ ᱜᱮᱭᱟ, ᱤᱧ ᱨᱤᱠᱟᱹ ᱠᱟᱛᱮᱧ ᱧᱮᱞᱟ ᱾
सी.) का इस्तेमाल करते थे और उसके तीन अन्य उपचारों की तुलना करते थे ।	PALM ᱴᱨᱟᱭᱮᱞ ᱨᱮ , ZMapp ᱫᱚ ᱢᱤᱫ ᱠᱚᱵᱚᱡᱽ ᱞᱮᱠᱟᱭ ᱠᱟᱹᱢᱤ ᱠᱮᱜ-ᱟ, ᱢᱮᱱᱮᱛ ᱥᱟᱬᱮᱥᱤᱭᱟᱹ ᱠᱚ ᱱᱚᱶᱟ ᱢᱤᱫ ᱵᱮᱥᱞᱟᱭᱤᱱ ᱞᱮᱠᱟ ᱠᱚ ᱵᱮᱵᱷᱟᱨ ᱠᱮᱜ-ᱟ ᱟᱨ ᱮᱴᱟᱜ ᱯᱮᱭᱟ ᱴᱨᱤᱴᱢᱮᱸᱴ ᱥᱟᱶ ᱱᱚᱶᱟ ᱠᱚ ᱡᱚᱠᱷᱟ ᱠᱮᱜ-ᱟ᱾
ये हॉस्टल मालिक लगातार किराया बढ़ा रहे हैं, मैं उनकी कीमतें बर्दाश्त करने में असमर्थ हूँ।	ᱱᱚᱶᱟ ᱦᱳᱥᱴᱮᱞ ᱢᱟᱹᱞᱤᱠ ᱠᱚ ᱫᱚ ᱞᱮᱛᱟᱲ ᱜᱮ ᱵᱷᱟᱲᱟ ᱠᱚ ᱡᱟᱹᱥᱛᱤ ᱤᱫᱤᱭᱮᱫᱟ, ᱤᱧ ᱫᱚ ᱩᱝᱠᱩᱣᱟᱜ ᱜᱚᱱᱚᱝ  ᱵᱟᱹᱧ ᱥᱟᱦᱟᱣ ᱫᱟᱲᱮᱭᱟᱜ ᱠᱟᱱᱟ ᱾
यह कितना गंदा है, क्या आप समझा सकते हैं?	ᱛᱤᱱᱟᱹᱜ ᱚᱡᱨᱟᱼᱟ, ᱟᱢᱮᱢ ᱞᱟᱹᱭ ᱫᱟᱲᱮᱭᱟᱜᱼᱟ ?
जलवायु परिवर्तन से कुछ कृषि क्षेत्रों को उत्पादन और अन्य क्षेत्रों के लिए ज़्यादा उपयुक्‍त बनाया जाएगा ।	ᱦᱚᱭ ᱦᱤᱥᱤᱫ ᱵᱚᱱᱚᱫᱚᱞ ᱫᱚ ᱪᱟᱥᱵᱟᱥᱚᱜ ᱴᱚᱴᱷᱟ ᱟᱨᱡᱟᱣ ᱞᱟᱹᱜᱤᱫ ᱟᱨᱦᱚᱸᱭ ᱡᱚᱛᱷᱟᱛᱼᱟ ᱟᱨ ᱮᱴᱟᱜ ᱴᱚᱴᱷᱟ ᱨᱮᱫᱚ ᱠᱚᱢᱼᱟᱭ ᱾
Sagia की जाति उसकी गरिमा, उसके अधिकार, और दुनिया खेल में उसकी स्थिति की रक्षा करने के लिए उसके चारों ओर फैल गई.	ᱥᱮᱢᱮᱱᱤᱭᱟᱨ ᱫᱤᱥᱚᱢ ᱡᱮᱜᱮᱫ ᱠᱷᱮᱞᱚᱸᱰ ᱨᱟ ᱟᱭᱟᱜ ᱢᱚᱦᱚᱛ, ᱟᱹᱭᱫᱟᱹᱨ ᱟᱨ ᱴᱷᱟᱶ ᱨᱩᱠᱷᱟᱹᱭᱟᱹᱭ ᱞᱟᱹᱜᱤᱫ ᱩᱱᱤ ᱜᱷᱮᱨᱟᱣ ᱥᱮᱢᱞᱮᱫ ᱠᱚᱨᱟᱣ ᱞᱮᱫᱟ ᱾
वे डायपर को अचार के पास क्यों रखते हैं?	ᱩᱱᱠᱩ ᱫᱚ ᱪᱮᱫᱟᱜ ᱟᱪᱟᱨ ᱯᱟᱥᱮᱨᱮ ᱰᱟᱭᱯᱟᱮ ᱠᱚ ᱫᱚᱦᱚᱭᱟ ?
10: 00-11: 00 बजे, आँगन में कैदियों द्वारा आग शुरू की गई थी.	ᱧᱤᱱᱫᱟᱹ ᱑᱐:᱐᱐ pm ᱵᱟᱡᱮ ᱠᱷᱚᱱ ᱑᱑:᱐᱐ pm ᱫᱷᱟᱹᱵᱤᱡ MDT ᱨᱮ ᱠᱚᱭᱫᱤ ᱠᱚ ᱭᱟᱰ ᱟᱛᱟᱨ ᱟᱫᱟ ᱠᱚ᱾
अगर मैं आज की दौड़ में अच्छा नहीं दौड़ा तो कोच मुझे थप्पड़ मारेंगे।	ᱛᱮᱦᱮᱧᱟᱜ ᱨᱮᱥ ᱨᱮ ᱤᱧ ᱡᱩᱫᱤ ᱵᱷᱟᱜᱮ ᱵᱟᱹᱧ ᱫᱟᱹᱲ ᱫᱟᱲᱮᱭᱟᱜ ᱠᱷᱟᱱ ᱠᱳᱪ ᱫᱤ ᱤᱧᱮ ᱛᱷᱟᱯᱟᱭᱤᱧᱟ ᱾
धोनी द्वारा समय बर्बाद करने की रणनीति गुस्सा दिलाने वाली थी।	ᱫᱷᱱᱤᱭᱟᱜ ᱵᱤᱞᱚᱢ ᱨᱮᱭᱟᱜ ᱠᱟᱹᱭᱫᱩᱥ ᱫᱚ ᱟᱹᱰᱤ ᱵᱮᱡᱟᱨᱟᱱᱟᱜ ᱛᱟᱦᱮᱸ ᱠᱟᱱᱟ ᱾
मैं अंतरिक्ष अन्वेषण में हुई प्रगति को लेकर बहुत उत्साहित हूँ! सभी संभावनाओं के बारे में सोचना अद्भुत है।	ᱤᱧ ᱫᱚ ᱡᱮᱜᱮᱫ ᱥᱮᱨᱢᱟ ᱥᱮᱸᱫᱨᱟᱭ ᱨᱮ ᱞᱟᱦᱟᱱᱛᱤ ᱵᱟᱵᱚᱫᱛᱮ ᱟᱹᱰᱤᱧ ᱩᱛᱛᱮᱡᱤᱛᱚ ᱟᱠᱟᱱᱟ ᱾ ᱱᱚᱣᱟ ᱫᱚ ᱡᱚᱛᱚ ᱦᱩᱭ ᱫᱟᱲᱮᱭᱟᱜ ᱵᱟᱵᱚᱫᱛᱮ ᱪᱤᱱᱛᱟᱹᱭ ᱫᱚ ᱟᱹᱰᱤ ᱦᱟᱦᱟᱲᱟᱣᱟᱱᱟᱜ ᱜᱮᱭᱟ ᱾
हम इन बच्चों के लिए एक सुरक्षा क्षेत्र होने के लिए फॉस्टर परवाह प्रणाली को देखते हैं ।	ᱟᱞᱮ ᱯᱟᱞᱚᱠ ᱧᱮᱞ ᱯᱨᱚᱬᱟᱞᱤ ᱫᱚ ᱱᱩᱠᱩ ᱜᱤᱫᱽᱨᱟᱹ ᱠᱚ ᱞᱟᱹᱜᱤᱫ ᱢᱤᱫᱴᱟᱹᱝ ᱨᱩᱠᱷᱤᱭᱟᱹ ᱡᱟᱭᱜᱟ ᱞᱮᱠᱟᱛᱮ ᱧᱮᱠᱮᱫᱟ ᱞᱮ᱾
5 फरवरी 1960 को लगभग पंद्रह छात्र पहली बैठक में शामिल हुए।	ᱯᱷᱮᱵᱽᱨᱟᱨᱤ ᱕, ᱑᱙᱖᱐ ᱨᱮ, ᱟᱭᱩᱢᱟᱹᱱ ᱑᱕ ᱜᱚᱴᱟᱝ ᱯᱟᱹᱴᱷᱩᱣᱟᱹ ᱯᱳᱭᱞᱳ ᱥᱚᱵᱷᱟ ᱨᱮᱠᱚ ᱥᱮᱞᱮᱫ ᱞᱮᱱᱟ ᱾
मैंने कल रात अनजाने में हॉस्टल मेस का एक नल तोड़ दिया और मुझे बहुत डर लग रहा है कि वे मुझे डांटेंगे।	ᱤᱧ ᱫᱚ ᱪᱟᱞᱟᱣᱮᱱ ᱧᱤᱫᱟᱹ ᱨᱮ ᱵᱟᱹᱝ ᱵᱟᱰᱟᱭ ᱛᱮᱜᱮ ᱦᱳᱥᱴᱮᱞ ᱢᱮᱥ ᱨᱮᱭᱟᱜ ᱢᱤᱫᱴᱟᱝ ᱠᱚᱞᱤᱧ ᱨᱟᱹᱯᱩᱫ ᱟᱠᱟᱫᱟ ᱟᱨ ᱤᱧ ᱫᱚ ᱟᱹᱰᱤᱧ ᱵᱚᱛᱚᱨᱚᱜ ᱠᱟᱱᱟ ᱡᱮ ᱩᱝᱠᱩ ᱫᱚ ᱤᱧ ᱠᱚ ᱮᱜᱮᱨᱤᱧᱟ ᱾
उन्होंने अपनी माँ का वर्णन किया, गैर-धर्म के माता-पिता द्वारा उठाया जा रहा है, लेकिन कई तरीकों से मैं कभी जाना जाता है " आत्मिक रूप से सचेत व्यक्ति" के रूप में, और एक "मानववाद के लिए एक निर्दोष साक्षी के रूप में.	ᱩᱱᱤ ᱫᱚ ᱟᱡᱽᱜᱚᱜᱚᱭ ᱵᱚᱨᱱᱚᱱᱟᱫᱤᱭᱟ, ᱵᱮᱼᱫᱷᱚᱨᱚᱢᱟᱱ ᱜᱚᱼᱵᱟᱵᱟ ᱦᱚᱛᱮᱛᱮᱭ ᱦᱟᱨᱟᱜᱽᱠᱟᱱ, "ᱫᱷᱚᱨᱚᱢ ᱠᱷᱚᱱ ᱵᱮᱜᱟᱨ" ᱞᱮᱠᱟᱛᱮ, ᱮᱱᱦᱚᱸ ᱟᱭᱢᱟ ᱩᱯᱟᱹᱭᱨᱮ "ᱤᱧᱟᱜ ᱩᱯᱩᱨᱩᱢ ᱡᱚᱛᱚᱠᱷᱚᱱ ᱵᱚᱸᱜᱟᱛᱟᱞᱟᱞᱮᱠᱟᱛᱮ ᱡᱟᱜᱣᱟᱨ ᱦᱚᱲ" ᱟᱨ "ᱱᱤᱨᱚᱯᱮᱠᱠᱷᱚ ᱢᱟᱱᱚᱵᱚᱛᱟᱵᱟᱫᱨᱮᱱ ᱮᱥᱠᱟᱨ ᱥᱟᱹᱠᱠᱷᱤ" ᱞᱮᱠᱟᱛᱮ ᱾
हर मंदिर में एक मंदिर का आँगन था और फिर एक भीतरी पवित्रस्थान था जो केवल याजक ही प्रवेश कर सकते थे ।	ᱥᱟᱱᱟᱢ ᱢᱚᱱᱫᱤᱨ ᱨᱮ ᱢᱤᱫ ᱡᱷᱤᱡ ᱢᱚᱱᱫᱤᱨ ᱯᱨᱚᱜᱚᱬ ᱟᱨ ᱟᱨᱦᱚᱸ ᱢᱤᱫ ᱟᱱᱛᱨᱤᱠ ᱟᱵᱷᱭᱟᱨᱚᱬᱭᱚ ᱛᱟᱦᱮᱸ ᱠᱟᱱᱟ ᱡᱟᱦᱟᱸ ᱫᱚ ᱥᱩᱢᱩᱝ ᱯᱩᱡᱟᱨᱤ ᱜᱮ ᱠᱚ ᱵᱚᱞᱚ ᱫᱟᱲᱮ ᱠᱟᱱ ᱛᱟᱦᱮᱱᱟ᱾
क्रिसमस के आस - पास की अनेक परंपराओं को मसीही देशों में अविश्‍वासियों और ग़ैर- ईसाईों द्वारा भी अपनाया गया है ।	ᱪᱷᱩᱴᱤ ᱫᱤᱱ ᱜᱷᱮᱨᱟᱣ ᱟᱠᱟᱫ ᱟᱭᱢᱟ ᱞᱟᱠᱪᱟᱨ ᱤᱥᱟᱹᱭ ᱫᱤᱥᱚᱢ ᱨᱮ ᱵᱟᱝ-ᱵᱤᱥᱣᱟᱹᱥᱤᱭᱟᱹ ᱟᱨ ᱡᱮᱜᱮᱛ ᱡᱟᱠᱟᱛ ᱨᱤᱱ ᱵᱟᱝ-ᱤᱥᱟᱹᱭ ᱦᱚᱛᱮ ᱛᱮᱦᱚᱸ ᱟᱯᱱᱟᱨᱚᱜ ᱠᱟᱱᱟ᱾
रोमन शासन और मिस-स के खिलाफ जा रहा होगा Droco और R-bo.	ᱨᱳᱢᱟᱱ ᱨᱮᱭᱤᱱᱥ ᱟᱨ ᱤᱭᱩᱥᱳᱥ ᱰᱨᱩ ᱢᱮᱠᱤᱱᱴᱟᱭᱟᱨ ᱟᱨ ᱟᱨᱠᱮᱼᱵᱨᱳ ᱵᱤᱨᱩᱫᱷ ᱨᱮᱭ ᱠᱷᱮᱞᱟ ᱾
इन पाठ - वर्गीकरण के विपरीत, अनेक हिंदू लेखों और शिक्षाओं ने प्रश्‍न उठाए और सामाजिक वर्ग की इस प्रणाली से सहमत नहीं हुए ।	ᱱᱤᱭᱟᱹ ᱯᱚᱲᱦᱚᱱᱼᱟᱱᱟᱜ ᱥᱨᱮᱱᱤᱵᱤᱵᱷᱟᱹᱜ ᱨᱮᱭᱟᱜ ᱩᱞᱴᱟᱹᱣᱨᱮ, ᱟᱭᱢᱟ ᱢᱟᱹᱱᱟᱱᱟᱜ ᱦᱤᱱᱫᱩ ᱯᱚᱛᱚᱵ ᱟᱨ ᱢᱚᱛᱵᱟᱫ ᱫᱚ ᱥᱟᱣᱛᱟ ᱥᱨᱮᱱᱤᱵᱤᱵᱷᱟᱹᱜ ᱨᱮᱭᱟᱜ ᱱᱤᱭᱟᱹ ᱵᱮᱵᱚᱥᱛᱷᱟ ᱵᱤᱨᱩᱫᱨᱮ ᱠᱩᱠᱞᱤ ᱨᱟᱠᱟᱵᱠᱟᱛᱮ ᱱᱤᱭᱟᱹᱥᱟᱶ ᱵᱟᱝᱠᱩ ᱢᱤᱫᱽᱢᱚᱛᱞᱮᱱᱟ ᱾
राज्य के गीतों में अद्वितीय, इसके बोल अलास्का के झंडे के प्रतीकवाद की व्याख्या करते हैं।	ᱯᱚᱱᱚᱛ ᱥᱮᱹᱨᱮᱹᱧ ᱠᱚ ᱢᱩᱫᱨᱮ ᱟᱹᱰᱤ ᱥᱚᱨᱮᱥ, ᱱᱩᱭᱟᱜ ᱥᱮᱹᱨᱮᱹᱧ ᱫᱚ ᱟᱞᱟᱥᱠᱟ ᱪᱤᱨ ᱨᱮᱭᱟᱜ ᱪᱤᱱᱦᱟᱹ ᱠᱚ ᱨᱮᱭᱟᱜ ᱮ ᱵᱤᱪᱷᱱᱟᱹᱣᱟ ᱾
एक उपग्रह फोन आम तौर पर मोबाइल फोन के बदले में नहीं होता ।	ᱥᱮᱴᱮᱞᱟᱭᱤᱴ ᱯᱷᱚᱱ ᱫᱚ ᱡᱟᱣ ᱜᱮ ᱢᱤᱫ ᱢᱳᱵᱟᱭᱤᱞ ᱯᱷᱚᱱ ᱞᱟᱹᱜᱤᱫ ᱢᱤᱫ ᱯᱚᱨᱛᱤᱮᱥᱛᱷᱟᱯᱚᱱ ᱫᱚ ᱵᱟᱝ ᱦᱩᱭᱩᱜᱼᱟ, ᱪᱮᱫᱟᱜ ᱥᱮ ᱟᱢᱟᱜ ᱯᱷᱚᱱ ᱠᱚᱞ ᱞᱟᱹᱜᱤᱫ ᱥᱟᱴᱮᱞᱟᱭᱤᱴ ᱥᱟᱯᱷᱟ ᱧᱮᱞ ᱥᱟᱶᱛᱮ ᱵᱟᱦᱨᱮ ᱛᱟᱦᱮᱱ ᱦᱩᱭᱩᱜᱼᱟ᱾
यह इसके लायक था.	ᱱᱚᱶᱟᱫᱚ ᱟᱹᱰᱤ ᱡᱳᱜᱢᱟᱱ ᱛᱟᱦᱮᱸᱠᱟᱱᱟ ᱾
मैडम, मैं लाइन में पहले आया था, इसलिए उसे पहले मेरी बाइक के टायरों में हवा भरनी चाहिए।	ᱢᱮᱰᱟᱢ, ᱤᱧ ᱞᱟᱭᱤᱱ ᱨᱮ ᱯᱳᱭᱞᱳᱧ ᱦᱮᱡᱽ ᱟᱠᱟᱱᱟ, ᱚᱱᱟᱛᱮ ᱩᱱᱤᱭᱟᱜ ᱞᱟᱹᱠᱛᱤ ᱠᱟᱱᱟ ᱯᱳᱭᱞᱳ ᱤᱧᱟᱹᱜ ᱵᱟᱭᱤᱠ ᱨᱮᱭᱟᱜ ᱴᱚᱭᱟᱨᱮ ᱯᱮᱨᱮᱪ ᱾
हालाँकि उस वक्‍त से कीमत कम हो चुकी है, फिर भी वे दुनिया - भर में आर्थिक संकट के वक्‍त कम - से - कम दो गुना ज़्यादा खर्च कर रहे हैं ।	ᱩᱱ ᱫᱷᱟᱹᱵᱤᱪ ᱛᱮ ᱫᱟᱢ ᱫᱚ ᱠᱚᱢᱟᱠᱟᱱ ᱨᱮ ᱦᱚᱸ, ᱡᱮᱜᱮᱛ ᱡᱟᱠᱟᱛ ᱠᱟᱹᱣᱰᱤ ᱤᱫᱤᱠᱟᱛᱮ ᱟᱱᱟᱴ ᱫᱟᱨᱟᱭ ᱛᱮ ᱚᱱᱟ ᱫᱚ ᱞᱟᱛᱟᱨ ᱢᱟᱹᱱ ᱨᱮᱭᱟᱜ ᱰᱚᱵᱚᱞ ᱨᱮ ᱥᱮᱴᱮᱨ ᱩᱛᱟᱹᱨᱟᱠᱟᱱ ᱛᱟᱦᱮᱸᱠᱟᱱᱟ ᱾
यह किसी भी प्रक्रिया को सूचित कर सकता है जो एक शरीर के अन्दर उत्पन्‍न होती है (यानी, अन्तहीन) और पर्यावरण के प्रति प्रतिक्रिया दे सकती है ।	ᱱᱚᱶᱟ ᱫᱚ ᱚᱱᱠᱟᱱ ᱦᱚᱨᱟ ᱠᱷᱮᱛᱨᱚ ᱨᱮ ᱦᱩᱭ ᱫᱟᱲᱮᱭᱟᱜᱼᱟ ᱡᱟᱦᱟᱸ ᱢᱤᱫᱴᱟᱝ ᱡᱤᱭᱟᱹᱞᱤ ᱠᱷᱚᱱ ᱥᱚᱫᱚᱨᱚᱜᱼᱟ (ᱡᱟᱦᱟᱸ ᱦᱩᱭᱩᱜ ᱠᱟᱱᱟ ᱮᱱᱰᱳᱡᱮᱱᱤᱠ) ᱟᱨ ᱥᱟᱪᱟᱨᱦᱮᱫ ᱨᱮᱭ ᱜᱚᱝ ᱞᱮᱫᱟ (ᱥᱟᱪᱟᱨᱦᱮᱫ ᱫᱟᱨᱟᱭ ᱛᱮ ᱵᱚᱞᱚᱱ ᱠᱚᱨᱟᱣ)
ᱜᱮᱞ	दस
उनकी रक्षा द्वारा रक्षा, गेंद कौशल और उत्कृष्ट टीम के काम को नियंत्रित करने के लिए उन्हें बाहर खड़े किया गया और यह स्पष्ट था कि यह टीम हरा करने के लिए थी ।	ᱩᱱᱤᱭᱟᱜ ᱚᱱᱩᱥᱟᱥᱤᱛ ᱨᱚᱠᱷᱥᱭᱟ, ᱵᱚᱞ ᱩᱠᱩ ᱥᱠᱤᱞ ᱟᱨ ᱥᱟᱨᱦᱟᱣ ᱴᱤᱢ ᱞᱟᱹᱜᱤᱫ ᱡᱷᱚᱛᱚ ᱠᱷᱚᱱ ᱵᱮᱥ ᱛᱟᱦᱮᱸ ᱠᱟᱱᱟ ᱟᱨ ᱚᱱᱟ ᱴᱤᱢ ᱢᱟᱛ ᱮᱢ ᱞᱟᱹᱜᱤᱫ ᱴᱷᱟᱹᱣᱠᱟ ᱞᱮᱱᱟ᱾
कुछ अणुओं में अस्थिरता होती है जिसका अर्थ है कि वे छोटी या नसों से अलग होने की कोशिश करते हैं ।	ᱠᱤᱪᱷᱩ ᱯᱟᱨᱢᱟᱬᱩ ᱨᱮ ᱟᱥᱛᱷᱤᱨ ᱱᱟᱵᱷᱤᱠ ᱛᱟᱦᱮᱱ ᱠᱟᱱᱟ, ᱡᱟᱦᱟᱸ ᱫᱚ ᱱᱚᱶᱟ ᱢᱮᱱᱮᱛ ᱠᱟᱱᱟ ᱡᱮ ᱟᱹᱰᱤ ᱠᱚᱢ ᱦᱚᱲ ᱥᱮ ᱵᱮᱜᱚᱨ ᱮᱢᱟᱱ ᱠᱩᱦᱱᱤ ᱠᱷᱚᱱ ᱡᱩᱫᱟᱹ ᱦᱩᱭᱩᱜ ᱠᱟᱱᱟ᱾
802.11n की गति इतनी तेज़ होती है जितना कि उसके पूर्ववासियों की अधिकतम स्वाभाविक रूप से 600- बिट/s द्वारा अधिकतम स्वाभाविक रूप से।	᱘᱐᱒.᱑᱑n ᱨᱮᱭᱟᱜ ᱛᱟᱹᱯᱤᱥ ᱖᱐᱐Mbit/s ᱨᱮᱭᱟᱜ ᱢᱮᱠᱥᱤᱢᱟᱢ ᱛᱷᱤᱭᱚᱨᱮᱴᱤᱠᱟᱞ ᱛᱷᱨᱚᱯᱩᱴ ᱥᱟᱶ ᱞᱟᱦᱟᱛᱮᱱᱤᱡ ᱠᱷᱚᱱ ᱟᱹᱰᱤ ᱜᱟᱱ ᱜᱮ ᱰᱷᱮᱨ ᱜᱮᱭᱟ᱾
वॉकल्यूस विभाग के एरोन्डिसमेंट: वॉकल्यूस विभाग में 3 एरोन्डिसमेंट हैं।	ᱵᱷᱚᱠᱞᱩᱡ ᱛᱷᱚᱱᱚᱛ ᱨᱮ ᱓ ᱭᱟ ᱮᱹᱨᱳᱱᱰᱤᱥᱢᱮᱱᱴ ᱢᱮᱱᱟᱜᱼᱟ ᱾
चार	ᱯᱳᱱ
इससे भी ज़रूरी बात यह है कि वह 28 साल का हो चुका है और उसका इरादा भी मज़बूत हो गया है ।	ᱟᱨᱦᱚᱸ ᱞᱟᱠᱛᱤᱭᱟᱱᱟᱜ ᱞᱮᱠᱟᱛᱮ ᱢᱤᱫ ᱴᱟᱝ ᱨᱤᱦᱤᱴ ᱵᱟᱱᱩᱜ ᱟᱱ ᱥᱞᱤᱴ ᱟᱨ ᱢᱤᱫ ᱞᱮᱠᱟᱱᱟᱜ ᱡᱚᱥ ᱨᱮ ᱜᱷᱚᱴᱟᱣᱚᱜᱼᱟ ᱾
उनका विवाह 1950 से मार्था फार्मर के साथ 2006 में उनकी मृत्यु तक रहा।	ᱩᱱᱤ ᱫᱚ ᱑᱙᱕᱐ ᱠᱷᱚᱱ ᱒᱐᱐᱖ ᱥᱟᱞ ᱨᱮ ᱟᱡᱟᱜ ᱜᱚᱡ ᱞᱟᱦᱟ ᱦᱟᱹᱵᱤᱡ ᱢᱟᱨᱛᱷᱟ ᱯᱷᱟᱨᱢᱟᱨᱮᱨ ᱥᱟᱞᱟᱜ ᱮ ᱵᱟᱯᱞᱟ ᱞᱮᱱᱟ ᱾
मेरे पास सात अंडा हैं।	ᱤᱧ ᱴᱷᱮᱱ ᱮᱭᱟᱭ ᱜᱚᱴᱟᱝ ᱟᱱᱫᱟ ᱢᱮᱱᱟᱜᱼᱟ ᱠᱚᱣᱟ।
ᱡᱚᱡᱚᱢ ᱥᱮᱫ ᱟᱹᱪᱩᱨᱚᱜ ᱢᱮ	दाएं मुड़ें
आर., जर्मनी	ᱵᱮᱲᱦᱟᱭᱛᱮ ᱦᱟᱹᱛᱭᱟᱹᱨ ᱥᱟᱡᱟᱣ ᱛᱟᱸᱦᱮ ᱠᱟᱱᱟ, ᱵᱟᱹᱥᱭᱟᱹᱢ ᱛᱮᱭᱟᱨ ᱛᱟᱸᱦᱮᱠᱟᱱᱟ, ᱨᱮᱸᱜᱮᱡ ᱢᱚᱪᱟ ᱠᱚᱫᱚ ᱯᱳᱭᱞᱳ ᱠᱚ ᱜᱮᱨᱼᱮᱫ ᱛᱟᱸᱦᱮ ; ᱧᱩᱣᱟᱜ ᱦᱚᱸ ᱯᱮᱨᱮᱡ ᱠᱟᱛᱮᱜ ᱛᱮᱭᱟᱨ ᱛᱟᱸᱦᱮᱠᱟᱱᱟ ᱾
इसके अलावा, इन इलाकों में बहुत - से लोगों की जानें भी जा सकती हैं ।	ᱠᱷᱟᱨᱟᱭ ᱟᱨ ᱠᱷᱟᱨ ᱚᱪᱚᱭ ᱫᱚ ᱟᱫᱷᱟᱼᱦᱟᱣᱮᱫ ᱟᱨ ᱦᱟᱣᱮᱫ ᱴᱚᱴᱷᱟ ᱞᱟᱹᱜᱤᱫ ᱛᱮᱫᱚ ᱟᱱᱟᱴ ᱜᱮᱭᱟ ᱾
यह लत इन युवा बच्चों के बीच बढ़ रही है.	ᱠᱟᱴᱤᱡᱽ ᱜᱤᱫᱨᱟᱹᱠᱩ ᱢᱩᱫᱽᱨᱮ ᱱᱚᱶᱟ ᱡᱷᱩᱸᱠ ᱵᱟᱹᱲᱛᱤ ᱤᱫᱤᱜ ᱠᱟᱱᱟ ᱾
मिखाइलोव की 13 जून 2022 को 85 वर्ष की आयु में मृत्यु हो गई।	ᱢᱤᱠᱷᱟᱭᱤᱞᱵᱷ ᱫᱚ ᱘᱕ ᱥᱮᱨᱢᱟ ᱩᱢᱮᱨ ᱨᱮ ᱑᱓ ᱡᱩᱱ ᱒᱐᱒᱒ ᱨᱮᱭ ᱜᱚᱪ ᱞᱮᱱᱟ
शास्त्रीय संगीत के और क्या लाभ हैं?	ᱥᱟᱥᱛᱚᱨ ᱥᱮᱹᱨᱮᱹᱧ ᱨᱮᱭᱟᱜ ᱟᱨ ᱪᱮᱫ ᱥᱩᱵᱤᱫᱷᱟ ᱢᱮᱱᱟᱜᱼᱟ ?
कार्यक्रम 8: 30 पर शुरू हुआ ।	ᱠᱟᱨᱭᱚᱠᱨᱟᱢ ᱧᱤᱫᱟᱹ ᱘:᱓᱐ ᱯᱤᱹᱮᱢᱹ. (᱑᱕:᱐᱐ ᱭᱩ ᱴᱤ ᱥᱤ) ᱵᱟᱡᱮ ᱮᱦᱚᱵ ᱮᱱᱟ᱾
संसाधनों को प्राप्त करने के लिए सार्वजनिक रूप से निजी साझेदारी (विन) पहुँच सबसे बेहतर है।	ᱫᱩᱨᱤᱵ ᱯᱟᱸᱡᱟᱭ ᱞᱟᱹᱜᱤᱫ ᱢᱤᱫᱴᱟᱝ ᱯᱟᱵᱞᱤᱠᱼᱯᱨᱟᱭᱵᱷᱮᱴ ᱯᱟᱨᱴᱱᱟᱨᱥᱤᱯ ( ᱯᱤᱹᱯᱤᱹᱯᱤ ) ᱦᱚᱨᱟ ᱡᱚᱛᱚᱠᱷᱚᱱ ᱡᱚᱛᱷᱟᱛᱼᱟ ᱾
विज्ञापन एक तीन आयामी दुनिया की एक दो विधित प्रक्षेपित प्रक्षेपन हैं, एक कला फार्म जो हमारे सुनने और दृष्टि होश दोनों में शामिल है.	ᱪᱚᱞᱚᱛᱪᱤᱛᱟᱹᱨ ᱫᱚ ᱦᱩᱭᱩᱜᱠᱟᱱᱟ ᱯᱮᱱᱮᱢᱟᱛᱨᱤᱠ ᱫᱷᱟᱹᱨᱛᱤ ᱨᱮᱭᱟᱜ ᱢᱤᱫᱴᱟᱝ ᱵᱟᱨᱢᱟᱛᱨᱤᱠ ᱯᱨᱚᱡᱮᱠᱥᱚᱱ, ᱡᱟᱦᱟᱸ ᱫᱚ ᱟᱵᱩᱣᱟᱜ ᱟᱸᱡᱚᱢ ᱟᱨ ᱧᱮᱞ ᱵᱷᱟᱱᱟᱨ ᱵᱩᱡᱷᱦᱟᱹᱣ ᱫᱟᱲᱮ ᱥᱟᱶᱜᱤ ᱡᱚᱯᱚᱲᱟᱣᱟ ᱾
हमारा शाश्वत एक होनहार छात्र है! उसने बहुत अच्छी रैंक के साथ अखिल भारतीय इंजीनियरिंग प्रवेश परीक्षा पास की।	ᱟᱞᱮᱨᱮᱱ ᱥᱟᱥᱥᱚᱛ ᱫᱚ ᱟᱹᱰᱤ ᱟᱹᱠᱤᱞᱟᱱ ᱯᱟᱹᱴᱷᱣᱟᱹ ᱠᱟᱱᱟᱭ ! ᱩᱱᱤ ᱫᱚ ᱚᱞ ᱤᱱᱰᱤᱭᱟ ᱤᱝᱡᱤᱱᱤᱭᱟᱨᱤᱝ ᱮᱱᱴᱨᱟᱱᱥ ᱵᱤᱰᱟᱹᱣ ᱨᱮ ᱵᱷᱟᱜᱮ ᱨᱮᱝᱠᱼᱮ ᱧᱟᱢ ᱞᱮᱫᱟ ᱾
मुझे यकीन है कि आप बाहर से स्मारक की कई सुंदर शॉट्स मिलेगा.	ᱤᱧ ᱴᱷᱤᱠᱟᱹᱱ ᱜᱮᱭᱟ ᱟᱢ ᱵᱟᱨᱦᱮ ᱠᱷᱚᱱᱜᱮ ᱩᱭᱦᱟᱹᱨ ᱵᱟᱛᱷᱟᱱ ᱨᱮᱭᱟᱜ ᱟᱭᱢᱟ ᱱᱟᱯᱟᱭ ᱥᱚᱴᱼᱮᱢ ᱧᱟᱢᱟ ᱿
मेथाना कुछ समय तक भारतीय बौद्ध धर्म के लोगों में से एक बनी रही, जब तक कि 7वीं सदी के भारत में, सभी मठों में से आधे से भी कम मठों में से आधे का सामना करना पड़ा।	᱗ᱢ ᱥᱚᱛᱟᱵᱫᱤ ᱨᱮᱭᱟᱜ ᱵᱷᱟᱨᱚᱛᱵᱚᱨᱥᱚᱨᱮ ᱡᱩᱣᱟᱱᱡᱷᱟᱝᱼᱥᱟᱢᱟᱝᱨᱮ ᱪᱟᱞᱟᱣᱞᱮᱱ ᱯᱨᱟᱭ ᱚᱨᱫᱷᱮᱠ ᱥᱚᱱᱱᱟᱥᱤᱠᱩ ᱢᱚᱦᱟᱡᱟᱱᱤ ᱦᱩᱭᱩᱜ ᱞᱟᱦᱟ ᱫᱷᱟᱹᱵᱤᱡᱽ, ᱵᱮᱥ ᱛᱷᱚᱲᱟ ᱚᱠᱛᱚ ᱞᱟᱹᱜᱤᱫ, ᱵᱷᱟᱨᱚᱛᱤᱭᱟᱹ ᱵᱳᱣᱫᱫᱷᱚᱠᱩ ᱢᱩᱫᱨᱮ ᱢᱚᱦᱟᱡᱟᱱ ᱫᱚᱠᱩ ᱛᱟᱦᱮᱸᱠᱟᱱᱟ ᱵᱟᱹᱭᱵᱟᱹᱭᱛᱮ ᱵᱟᱲᱦᱟᱣ ᱪᱟᱞᱟᱜ ᱢᱤᱫᱴᱟᱝ ᱞᱮᱠᱷᱟᱨᱮ ᱠᱚᱢ ᱜᱟᱛᱟᱜ ᱜᱤ ᱾
सत्तावन	ᱢᱚᱬᱮ ᱜᱮᱞ ᱮᱭᱟᱭ
हम कल सुबह सबसे पहले निश्चित रूप से वहाँ पहुँचेंगे और आपके पास शिकायत करने का कोई कारण नहीं होगा (सेवा प्रदाता)।	ᱟᱞᱮ ᱱᱤᱦᱟᱹᱛ ᱜᱟᱯᱟ ᱥᱮᱛᱟᱜ ᱨᱮ  ᱯᱳᱭᱞᱳ ᱠᱟᱛᱷᱟ ᱚᱸᱰᱮᱞᱮ ᱥᱮᱴᱮᱨᱚᱜᱼᱟ ᱟᱨ ᱟᱢᱟᱜ ᱞᱟᱹᱞᱤᱥ ᱨᱮᱭᱟᱜ ᱡᱟᱦᱟᱱ ᱚᱡᱮ ᱵᱟᱝ ᱛᱟᱦᱮᱱᱟ (ᱯᱚᱨᱤᱥᱮᱵᱟ ᱮᱢᱚᱜᱤᱡ) ᱾
किसी समय आदमी.	ᱡᱟᱦᱟᱸ ᱛᱤᱱ ᱚᱠᱛᱮ ᱜᱮ ᱾
इसमें बताया गया है कि मुख्य विषय के लिए सबसे प्रभावकारी जगह है, छवि को तीसरे खड़े और क्षैतिज में विभाजित करना (देखें उदाहरण) ।	ᱱᱚᱶᱟ ᱞᱟᱹᱭᱚᱜ ᱠᱟᱱᱟ ᱡᱮ ᱢᱩᱬᱩᱛ ᱥᱟᱛᱟᱢ ᱞᱟᱹᱜᱤᱫ ᱥᱟᱱᱟᱢ ᱠᱷᱚᱱ ᱯᱨᱟᱵᱷᱟᱣᱤ ᱴᱷᱟᱶ ᱪᱷᱟᱵᱤ ᱟᱱᱟᱜ ᱨᱮᱠᱷᱟ ᱨᱮᱱᱟᱜ ᱪᱚᱨᱟᱦᱟ ᱨᱮ (ᱫᱟᱹᱭᱠᱟᱹ ᱧᱮᱞᱢᱮ)᱾
इसके बाद अम्रतियन और गेर्जियन संस्कृतियाँ आईं।	ᱩᱱᱠᱩ ᱫᱚ ᱟᱢᱨᱟᱥᱤᱭᱟᱱ ᱟᱨ ᱜᱮᱨᱡᱤᱭᱟᱱ ᱨᱮᱭᱟᱜ ᱞᱟᱠᱪᱟᱨ  ᱠᱚ ᱯᱤᱪᱷᱟᱹ ᱞᱮᱫᱟ ᱾
शुरूआती रिपोर्टों से पता चलता है कि सन्‌ 1905 में एक आपातकालीन जहाज़ को वापस यूरोप भेज दिया गया ।	ᱮᱛᱚᱦᱚᱵ ᱨᱤᱯᱚᱨᱴ ᱨᱮ ᱞᱟᱹᱭ ᱮᱱᱟ ᱡᱮ ᱩᱨᱩᱢᱤ ᱨᱮ ᱢᱩᱦᱤᱢ ᱚᱠᱛᱚ ᱞᱮᱱᱰᱤᱝ ᱵᱟᱠᱚ ᱨᱮᱵᱮᱱ ᱞᱮᱱᱛᱮ ᱩᱰᱟᱹᱱ ᱜᱟᱹᱰᱤ ᱫᱚ ᱟᱯᱷᱜᱟᱱᱤᱥᱛᱟᱱ ᱠᱚ ᱠᱳᱞ ᱫᱚᱦᱲᱟ ᱠᱟᱫᱟ᱾
जानकारी के लिए बहुत बहुत धन्यवाद.	ᱛᱮᱛᱮᱫ ᱞᱟᱹᱜᱤᱫ ᱟᱭᱢᱟ ᱥᱟᱨᱦᱟᱣ ᱾
वह 1859 से 1869 तक सेंट पीटर्सबर्ग इंपीरियल बैले के बैले मास्टर थे।	᱑᱘᱕᱙ ᱠᱷᱚᱱ ᱑᱘᱖᱙ ᱫᱷᱟᱹᱵᱤᱡᱽ ᱩᱱᱤ ᱫᱚ ᱥᱮᱱᱴ ᱯᱤᱴᱟᱨᱵᱟᱨᱜ ᱤᱢᱯᱮᱨᱤᱭᱟᱞ ᱵᱟᱞᱮᱴ ᱨᱮᱱ ᱵᱟᱞᱮᱴ ᱢᱟᱥᱴᱟᱨ ᱮ ᱛᱟᱦᱮᱸ ᱠᱟᱱᱟ ᱾
सी. से बना था ।	ᱵᱮᱝᱜᱚᱞ ᱠᱮᱢᱤᱠᱮᱞ ᱮᱸᱱᱰ ᱯᱷᱟᱨᱢᱟᱥᱤᱠᱤᱭᱩᱴᱤᱠᱮᱞᱥ ᱫᱚᱭ ᱛᱷᱟᱯᱚᱱ ᱞᱮᱫᱟ ᱠᱳᱞᱠᱟᱛᱟ ᱡᱮᱜᱮᱫᱵᱤᱨᱫᱽᱫᱟᱜᱟᱲ ᱨᱮᱱ ᱨᱚᱥᱟᱭᱚᱱ ᱨᱮᱱ ᱢᱤᱫ ᱥᱟᱪᱮᱫ, ᱯᱤᱹᱥᱤᱹᱨᱟᱭ ᱾
मेरे पास पाँच आम हैं।	ᱤᱧ ᱴᱷᱮᱱ ᱢᱚᱬᱮ ᱜᱚᱴᱟᱝ ᱟᱢ ᱢᱮᱱᱟᱜᱼᱟ ᱠᱚᱣᱟ।
वह फिलाडेल्फिया, पेंसिल्वेनिया में कर्टिस इंस्टीट्यूट ऑफ म्यूजिक गए।	ᱩᱱᱤ ᱫᱚ ᱯᱷᱤᱞᱟᱰᱮᱞᱯᱷᱤᱭᱟ, ᱯᱮᱱᱥᱤᱞᱵᱷᱟᱱᱤᱭᱟ ᱨᱮᱭᱟᱜ ᱠᱟᱨᱴᱤᱥ ᱤᱱᱥᱴᱤᱴᱤᱭᱩᱴ ᱚᱯᱷ ᱢᱤᱣᱩᱡᱤᱠ ᱨᱮᱭ ᱥᱮᱱ ᱞᱮᱱᱟ ᱾
मेरे पास चौदह पानी हैं।	ᱤᱧ ᱴᱷᱮᱱ ᱜᱮᱞ ᱯᱩᱱ ᱜᱚᱴᱟᱝ ᱫᱟᱜ ᱢᱮᱱᱟᱜᱼᱟ ᱠᱚᱣᱟ।
सीट ग्रीस से भरी है और मैं जलते हुए रबर की बदबू बर्दाश्त नहीं कर सकता।	ᱥᱤᱴ ᱫᱚ ᱜᱨᱤᱡᱽ ᱛᱮ ᱮᱥᱮᱫ ᱟᱠᱟᱱᱟ ᱟᱨ ᱤᱧ ᱫᱚ ᱡᱩᱞᱩᱜ ᱠᱟᱱ ᱨᱟᱵᱚᱴ ᱨᱮᱭᱟᱜ ᱥᱚ ᱵᱟᱹᱧ ᱥᱟᱦᱟᱣ ᱫᱟᱲᱮᱭᱟᱜ ᱠᱟᱱᱟ ᱾
पेशेवर कला समीक्षकों को कला इतिहास के बारे में बहुत कुछ पता होना चाहिए।	ᱡᱤᱵᱠᱟᱹᱣᱟᱱ ᱵᱤᱨᱤᱫ ᱜᱟᱞᱚᱪᱟᱱ ᱠᱚᱣᱟᱜ ᱵᱤᱨᱤᱫ ᱱᱟᱜᱟᱢ ᱤᱫᱤᱠᱟᱛᱮ ᱟᱹᱰᱤ ᱠᱤᱪᱷᱩ ᱵᱟᱰᱟᱭ ᱞᱟᱹᱠᱛᱤ ᱾
बेशक, किसी भी घटना के मामले में हमसे संपर्क करने के लिए स्वतंत्र महसूस करते हैं ।	ᱱᱤᱦᱟᱹᱛ ᱜᱮ, ᱡᱟᱦᱟᱸᱱ ᱠᱩᱠᱞᱤ ᱠᱷᱮᱛᱨᱚ ᱨᱮ ᱟᱞᱮᱭᱟᱜ ᱥᱟᱶᱛᱮ ᱵᱮᱜᱚᱨ ᱫᱷᱤᱜᱟᱹᱛᱟᱹ ᱛᱮ ᱡᱳᱜᱟᱡᱳᱜ ᱢᱮ ᱾
जब दीवार की पूरी लंबाई एक वक्‍त पर बनायी जा सकती है, तो यह खतरनाक हो सकता है ।	ᱡᱚᱠᱷᱚᱱ ᱯᱟᱹᱪᱨᱤ ᱨᱮᱭᱟᱜ ᱡᱮᱞᱮᱧ ᱢᱤᱫ ᱫᱷᱟᱣᱛᱮ ᱵᱮᱱᱟᱣ ᱵᱟᱝ ᱜᱟᱱᱚᱜᱼᱟ ᱩᱱ ᱫᱚᱲᱦᱟᱛᱮ ᱤᱴᱟ ᱜᱟᱹᱛᱷᱱᱤ ᱦᱚᱨᱟ ᱞᱟᱹᱠᱛᱤᱼᱟ ᱾
उनका संगीत अब न तो समझना उतना आसान रहा और न ही उतना लोकप्रिय रहा।	ᱩᱱᱤᱭᱟᱜ ᱥᱮᱹᱨᱮᱹᱧ ᱟᱨ ᱵᱩᱡᱷᱟᱹᱣ ᱞᱮᱠᱟ ᱟᱞᱜᱟ ᱫᱚ ᱵᱟᱝ ᱛᱟᱦᱮᱸ ᱠᱟᱱᱟ, ᱦᱚᱲᱠᱩᱥᱤᱭᱟᱜ ᱦᱚᱸ ᱵᱟᱝ ᱛᱟᱦᱮᱸ ᱠᱟᱱᱟ ᱾
आप सब एक दूसरे का ध्यान रखना कृपया.	ᱟᱯᱮ ᱡᱚᱛᱚ ᱫᱟᱭᱟ ᱠᱟᱛᱮ ᱟᱯᱮᱭᱟᱜ ᱟᱨ ᱢᱤᱫ ᱟᱨ ᱦᱤᱫᱟᱜ ᱡᱚᱛᱚᱱ ᱦᱟᱛᱟᱣ ᱢᱮ ᱾
ज्ञान के साथ राम भेजें, और लाकना को भी भेजें.	ᱥᱚᱨᱮᱥ ᱟᱹᱠᱤᱞ ᱥᱟᱞᱟᱜ ᱨᱟᱢ ᱠᱩᱞᱤᱢᱮ, ᱟᱨ ᱥᱟᱸᱣᱛᱮ ᱞᱚᱠᱠᱷᱚᱱ ᱦᱸ ᱾
ब्रेक ने काम करना बंद कर दिया है। अब, मैं क्या करूँगा?	ᱵᱨᱮᱠ ᱫᱚ ᱵᱟᱭ ᱠᱟᱹᱢᱤᱭᱮᱫᱼᱟ  ᱾ ᱱᱮᱛᱚᱜ, ᱤᱧ ᱪᱮᱫ ᱤᱧ ᱪᱮᱠᱟᱭᱟ ?
साथी खिलाड़ियों के बीच लगातार अनबन और अंदरूनी कलह घिनौनी है।	ᱜᱟᱫᱮᱞ ᱨᱮᱱ ᱠᱷᱮᱞᱳᱰᱤᱭᱟᱹ ᱠᱚ ᱢᱩᱫ ᱨᱮ ᱞᱮᱛᱟᱲ ᱨᱟᱯᱟᱪᱟᱜ ᱟᱨ ᱛᱟᱯᱟᱢᱼᱠᱷᱟᱹᱯᱟᱹᱨᱤ ᱫᱚ ᱟᱹᱰᱤ ᱵᱮᱡᱟᱨᱟᱱᱟᱜᱼᱟ ᱾
हर किसी ने जो फिल्म देखी है, प्रोफेसर राकाउन से नफरत करता है ।	ᱡᱟᱦᱟᱸᱭ ᱠᱚ ᱪᱤᱛᱟᱹᱨ ᱠᱚ ᱧᱮᱞ ᱟᱠᱟᱫᱟ ᱥᱟᱱᱟᱢ ᱠᱚᱜᱮ ᱥᱟᱪᱮᱫ ᱨᱟᱫᱷᱤᱠᱟ ᱢᱮᱱᱚᱱ ᱠᱚ ᱦᱤᱨᱠᱷᱟᱹ ᱟᱭᱟ, ᱩᱱᱤᱭᱟᱜ ᱱᱟᱯᱟᱭ ᱯᱟᱴ ᱠᱷᱟᱹᱛᱤᱨ ᱾
मुझे उस आदमी से माफी मांगने की उम्मीद नहीं थी।	ᱤᱧ ᱫᱚ ᱵᱟᱹᱧ ᱟᱸᱥᱚᱜ ᱠᱟᱱ ᱛᱟᱦᱮᱸᱫ ᱡᱮ ᱩᱱᱤ ᱦᱚᱲ ᱫᱚ ᱤᱠᱟᱹᱭ ᱠᱷᱚᱡᱚᱜᱼᱟ ᱾
राकाउ के तीन मुख्य संरचनाएँ थीं, अर्थात्‌ अनीकाना, सूर्य का मंदिर, और तीन विंडोज़ का कमरा ।	ᱢᱟᱪᱩ ᱯᱤᱪᱩ ᱫᱚ ᱯᱮᱭᱟ ᱢᱩᱲᱩᱛ ᱡᱟᱭᱜᱟ ᱢᱮᱥᱟ ᱟᱛᱮ ᱵᱮᱱᱟᱣ ᱠᱟᱱᱟ, ᱚᱱᱟ ᱠᱚᱫᱚ ᱤᱱᱛᱤᱦᱩᱣᱟᱛᱟᱱᱟ, ᱥᱤᱧ ᱪᱟᱸᱫᱚᱣᱟᱜ ᱢᱩᱫᱽᱨᱤ, ᱟᱨ ᱨᱳᱢ ᱚᱯᱷ ᱫᱟ ᱛᱷᱨᱤ ᱣᱤᱰᱳᱡᱽ᱾
खतरनाक रसायनों के साथ काम करने वाले लोगों द्वारा रबर के एप्रन का उपयोग किया जाता है।	ᱨᱟᱵᱟᱨ ᱮᱹᱯᱨᱳᱱᱠᱚᱫᱚ ᱱᱚᱝᱠᱟᱱ ᱦᱚᱲ ᱠᱚᱠᱚ ᱵᱮᱣᱦᱟᱨᱟ ᱡᱟᱸᱦᱟᱭ ᱠᱚᱫᱚ ᱫᱟᱹᱵᱟᱱᱟᱜ ᱛᱮᱡ ᱥᱟᱞᱟᱜ ᱠᱚ ᱠᱟᱹᱢᱤᱭᱟ ᱾
लेकिन, उन्होंने फिर भी प्रथम महिला के रूप में अपनी भूमिका जारी रखी।	ᱱᱚᱛᱮ ᱱᱤᱛ ᱦᱚᱸ ᱩᱱᱤᱫᱚ ᱯᱷᱟᱨᱥᱴ ᱞᱮᱰᱤ ᱞᱮᱠᱟᱛᱮᱜᱮ ᱠᱟᱹᱢᱤᱭ ᱛᱚᱨᱟᱣ ᱤᱫᱤ ᱟᱠᱟᱫᱟ ᱾
हाल के मौसम में, चार बच्चों में एक - दूसरे के साथ वक्‍त बिताने का चलन होता है ।	ᱢᱤᱭᱴᱮᱨᱳᱴᱮᱥᱚᱱ ᱧᱩᱛᱩᱢ ᱦᱚᱨᱟ ᱨᱮ, ᱴᱟᱲᱟᱝ ᱟᱹᱭᱩᱢᱟᱹᱱ ᱥᱟᱫᱷᱟᱨᱚᱱ ᱞᱮᱠᱟᱛᱮ ᱞᱚᱞᱚᱥᱚᱝ ᱫᱨᱚᱵᱚᱱ ᱨᱮ ᱯᱩᱱᱭᱟ ᱪᱚᱠᱨᱤᱭᱚ ᱟᱭᱥᱳᱢᱟᱨᱮᱨ ᱵᱷᱤᱛᱟᱹᱨ ᱵᱚᱱᱚᱫᱚᱞ ᱜᱷᱚᱴᱟᱣ ᱞᱮᱱᱟ।
भारत की सरकार और अन्य सूलीदारों द्वारा उठाए गए सक्रिय पहलों के कारण, आफ्रीडा की पहुँच व्यापक उपभोक्ताओं की स्वीकृति के साथ फैल गयी है ।	ᱥᱴᱮᱠᱦᱳᱞᱰᱟᱨ ᱠᱩ ᱟᱨ ᱵᱷᱟᱨᱚᱛ ᱥᱚᱨᱠᱟᱨ ᱫᱟᱨᱟᱭᱛᱮ ᱦᱟᱛᱟᱣᱟᱠᱟᱱ ᱡᱤᱭᱟᱹᱲ ᱠᱟᱹᱢᱤᱦᱚᱨᱟ ᱠᱚ ᱚᱡᱮᱛᱮ, ᱟᱹᱭᱩᱨᱵᱮᱫᱟ ᱨᱮᱭᱟᱜ ᱥᱮᱴᱮᱨᱚᱜ ᱫᱚ ᱵᱤᱪᱷᱱᱟᱹᱣᱟᱠᱟᱱ ᱪᱚᱱᱡᱩᱢᱟᱨ ᱠᱩᱣᱟᱜ ᱦᱟᱛᱟᱣᱫᱟᱲᱮ ᱦᱚᱛᱮᱛᱮ ᱯᱟᱥᱱᱟᱣᱟᱠᱟᱱᱟ ᱾
कर्मचारी ग्राहक के खाता संख्या और नाम की पुष्टि करेगा।	ᱠᱟᱣᱩᱱᱴᱟᱨ ᱨᱮᱱ ᱠᱟᱹᱢᱤᱭᱤᱡ ᱦᱟᱛᱟᱣᱤᱡᱼᱟᱜ ᱮᱠᱟᱣᱩᱱᱴ ᱱᱚᱢᱵᱚᱨ ᱟᱨ ᱧᱩᱛᱩᱢᱮ ᱴᱷᱟᱹᱣᱠᱟᱹᱭᱟ ᱾
भाई, लगता है इस हफ्ते डीजल के दाम कम हो गए हैं। कृपया पूरी टंकी भर दीजिए।	ᱵᱚᱭᱦᱟ, ᱢᱚᱱᱮ ᱦᱩᱭᱩᱜ ᱠᱟᱱᱟ ᱱᱚᱶᱟ ᱦᱟᱯᱛᱟ ᱰᱤᱥᱮᱞ ᱨᱮᱭᱟᱜ ᱜᱚᱱᱚᱝ ᱫᱚ ᱠᱚᱢ ᱟᱠᱟᱱᱟ ᱾ ᱫᱟᱭᱟ ᱠᱟᱛᱮ ᱴᱮᱝᱠ ᱫᱚ ᱯᱮᱨᱮᱪ ᱢᱮ ᱾
मेरे पास पाँच नारियल हैं।	ᱤᱧ ᱴᱷᱮᱱ ᱢᱚᱬᱮ ᱜᱚᱴᱟᱝ ᱱᱟᱨᱤᱭᱟᱞ ᱢᱮᱱᱟᱜᱼᱟ ᱠᱚᱣᱟ।
भारत की पहली साहित्यिक भाषा क्या थी?	ᱵᱷᱟᱨᱚᱛ ᱨᱮᱭᱟᱜ ᱯᱳᱭᱞᱳ ᱥᱟᱶᱦᱮᱫ ᱨᱮᱭᱟᱜ ᱯᱟᱹᱨᱥᱤ ᱫᱚ ᱚᱠᱟᱴᱟᱜ ᱠᱟᱱᱟ ?
मेरे पास छः तेल हैं।	ᱤᱧ ᱴᱷᱮᱱ ᱛᱩᱨᱩᱭ ᱜᱚᱴᱟᱝ ᱛᱮᱞ ᱢᱮᱱᱟᱜᱼᱟ ᱠᱚᱣᱟ।
बढ़िया! क्या आप आज नाई की दुकान पर आने से पहले सिर धोकर आए थे?	ᱟᱹᱰᱤ ᱱᱟᱯᱟᱭ! ᱛᱮᱦᱮᱧ ᱞᱟᱹᱯᱤᱫᱼᱟᱜ ᱫᱳᱠᱟᱱ ᱨᱮ ᱦᱤᱡᱩᱜ ᱞᱟᱦᱟ ᱵᱚᱦᱚᱜᱮᱢ ᱥᱟᱯᱷᱟ ᱟᱠᱟᱫᱟ ?
1655 तक आठ शहर थे, जिनमें से प्रत्येक में एक मिशन था।	᱑᱖᱕᱕ ᱥᱟᱞ ᱢᱩᱫᱨᱮ ᱱᱚᱰᱮ ᱤᱨᱟᱹᱞ ᱜᱚᱴᱟᱝ ᱥᱟᱦᱟᱨ ᱛᱟᱦᱮᱸ ᱠᱟᱱᱟ, ᱥᱟᱱᱟᱢᱟᱜ ᱨᱮᱜᱮ ᱢᱤᱫᱴᱟᱝ ᱠᱟᱛᱮ ᱢᱤᱥᱚᱱ ᱛᱟᱦᱮᱸ ᱠᱟᱱᱟ ᱾
हर एक सदस्य द्वारा क्या ही उत्साहपूर्ण प्रदर्शन!	ᱥᱟᱱᱟᱢ ᱵᱷᱮᱜᱟᱨ ᱠᱟᱥᱴ ᱨᱟᱹᱥᱤᱭᱟᱹ ᱦᱚᱛᱮᱛᱮ ᱟᱹᱰᱤ ᱦᱟᱦᱟᱲᱟ ᱪᱮᱫ ᱯᱟᱨᱯᱷᱚᱨᱢᱮᱱᱥ !
भारत का GDP विकास जनवरी 2015 की मासिक अवधि के दौरान 7.5% चीन के 7% की तुलना में किया गया था, यह सबसे तेजी से Eliriz.	ᱡᱟᱱᱩᱭᱟᱨᱤ ᱼ ᱢᱟᱨᱪ ᱒᱐᱑᱕ ᱚᱠᱛᱚᱨᱮ ᱪᱤᱱ ᱨᱮᱭᱟᱜ ᱗% ᱠᱷᱚᱱ ᱵᱷᱟᱨᱚᱛ ᱨᱭᱟᱜ ᱜᱤ ᱰᱤ ᱯᱤ ᱦᱟᱨᱟ ᱞᱮᱱᱟ ᱗ᱹ᱕%, ᱡᱟᱦᱟᱸ ᱫᱚ ᱟᱹᱰᱤ ᱞᱚᱜᱚᱱ ᱢᱩᱲᱩᱛ ᱠᱟᱹᱣᱰᱤᱟᱹᱨᱤ ᱞᱮᱠᱟᱛᱮ ᱵᱷᱟᱨᱚᱛ ᱮ ᱵᱮᱱᱟᱣ ᱞᱮᱫᱟ ᱾
1576 में उन्होंने हल्दीघाटी के युद्ध में मेवाड़ के महाराणा प्रताप को हराया था।	᱑᱕᱗᱖ ᱥᱟᱞ ᱨᱮ ᱩᱱᱤ ᱫᱚ  ᱦᱚᱞᱫᱤᱜᱷᱟᱴᱤ ᱨᱮᱭᱟᱜ ᱞᱟᱹᱲᱦᱟᱹᱭ ᱨᱮ ᱢᱮᱣᱟᱨ ᱨᱮᱱ ᱟᱫᱟᱠᱟᱱ ᱢᱚᱦᱟᱨᱟᱱᱟ ᱯᱨᱚᱛᱟᱯ ᱠᱚ ᱦᱟᱨᱟᱣ ᱞᱮᱫᱮᱭᱟ ᱾
मुझे लगता है कि बल्ला लूट हमें.	ᱤᱧᱟᱹᱜ ᱢᱚᱱᱮ ᱦᱩᱭᱩᱜ ᱠᱟᱱᱟ ᱵᱚᱞᱤᱣᱩᱰ ᱟᱵᱚᱭ ᱵᱟᱹᱲᱤᱡ ᱮᱫ ᱵᱚᱱᱟ ᱾
एम्बेम्बे का जन्म 1957 में कैमरून के ओटेले के पास हुआ था।	ᱮᱢ ᱵᱮ ᱢᱵᱮ ᱫᱚ ᱑᱙᱕᱗ ᱥᱟᱞ ᱨᱮ ᱠᱮᱹᱢᱮᱨᱩᱱ ᱨᱮᱭᱟᱜ ᱳᱴᱮᱞ ᱨᱮᱭ ᱡᱟᱱᱟᱢ ᱞᱮᱱᱟ ᱾
पिछले कुछ हफ्तों में आपने काफी वजन कम कर लिया है!	ᱪᱟᱞᱟᱣᱮᱱ ᱢᱤᱫ ᱵᱟᱨ ᱦᱟᱯᱛᱟ ᱨᱮ ᱟᱢᱟᱜ ᱟᱭᱢᱟᱜᱟᱱ ᱳᱡᱚᱱ ᱠᱚᱢ ᱟᱠᱟᱱᱟ !
पहले और उसके बाद प्रत्येक व्यक्ति के पीछे पूर्व और हर एक आदमी हैवना और सुसान अवधि है, हर एक के साथ केरिता-मा के एक लंबाई के साथ।	ᱯᱳᱭᱞᱳ ᱦᱟᱹᱴᱤᱧ ᱟᱨ ᱢᱤᱢᱤᱫ ᱢᱚᱱᱚᱱᱛᱚᱨ ᱛᱟᱭᱚᱢ ᱢᱤᱢᱤᱫᱨᱮ ᱢᱤᱫᱴᱟᱝ ᱠᱨᱤᱛ ᱼᱡᱩᱜ(ᱥᱟᱹᱨᱤ ᱡᱩᱜ)ᱥᱟᱶ ᱢᱤᱫᱴᱟᱝ ᱢᱚᱱᱵᱚᱱᱛᱚᱨᱼ ᱟᱹᱭᱩᱵ (ᱥᱮᱞᱮᱫ ᱡᱩᱜ) ᱛᱟᱦᱮᱸᱠᱟᱱᱟ᱾
मुझे इस दर्द को लेकर सचमुच चिंता हो रही है जो मैं महसूस कर रहा हूँ। क्या यह कुछ गंभीर है?	ᱤᱧ ᱡᱟᱦᱟ ᱦᱟᱥᱩᱧ ᱟᱹᱭᱠᱟᱹᱣᱮᱫᱟ ᱚᱱᱟ ᱞᱟᱹᱜᱤᱫ ᱤᱧ ᱥᱟᱹᱨᱤᱜᱤᱧ ᱪᱤᱱᱛᱟᱹᱜ ᱠᱟᱱᱟ ᱾ ᱱᱚᱣᱟ ᱫᱚ ᱪᱮᱫ ᱜᱟᱹᱦᱤᱨᱟᱱᱟᱜ ᱡᱟᱦᱟᱱᱟᱜ ᱠᱟᱱᱟ ?
मेरे पास सात ब्लैकबोर्ड हैं।	ᱤᱧ ᱴᱷᱮᱱ ᱮᱭᱟᱭ ᱜᱚᱴᱟᱝ ᱵᱞᱟᱠᱵᱚᱨᱰ ᱢᱮᱱᱟᱜᱼᱟ ᱠᱚᱣᱟ।
सेंट किट्स और नेविस में होने पर केवल सात अंकों का उपयोग करें।	ᱥᱮᱱᱴ ᱠᱤᱴᱥ ᱟᱨ ᱱᱮᱵᱷᱤᱥ ᱨᱮ ᱛᱟᱦᱮᱱ ᱚᱠᱛᱚ, ᱮᱠᱞᱟ ᱜᱮ ᱮᱭᱟᱭ ᱜᱚᱴᱟᱝ ᱮᱞ ᱵᱮᱣᱦᱟᱨ ᱢᱮ ᱾
ये वृत्तान्त सृष्टि की पौराणिक कथाओं की तरह काम करते हैं, यह समझाने के लिए कि स्कूल कैसे आया और क्यों यह एक विशेष अधिकार है गुरु की शिक्षा को बताने के लिए।	ᱢᱚᱛᱚᱵᱟᱫ ᱨᱮᱭᱟᱜ ᱟᱹᱱᱟᱹᱪᱩᱨ ᱟᱨ ᱵᱩᱫᱽᱫᱷᱚᱣᱟᱜ ᱥᱮᱪᱮᱫ ᱯᱚᱪᱟᱨ ᱠᱚᱨᱟᱣ ᱠᱷᱮᱛᱨᱚ ᱨᱮ ᱱᱚᱶᱟ ᱵᱤᱥᱮᱥ ᱫᱟᱲᱮ ᱛᱟᱦᱮᱸᱱ ᱠᱟᱨᱚᱱ ᱛᱮ ᱯᱷᱤᱫᱞᱮᱟᱱ ᱱᱚᱶᱟ ᱟᱠᱷᱟᱱᱠᱚ ᱥᱤᱨᱡᱟᱹᱣᱟᱠᱟᱣᱟᱱ ᱠᱟᱹᱦᱤᱱᱤ ᱨᱮᱭᱟᱜ ᱮ ᱠᱟᱹᱢᱤ ᱞᱮᱫᱟ ᱾
वैसे भी, यहाँ तुम जाओ.	ᱡᱟᱦᱟᱸ ᱜᱮ ᱦᱩᱭᱩᱜ, ᱱᱚᱸᱰᱮ ᱪᱟᱞᱟᱜ ᱢᱮ ᱾
उन्हें 2012 में राष्ट्रपति का मेडल ऑफ फ्रीडम मिला।	ᱩᱱᱤᱭ ᱠᱷᱚᱡ ᱞᱮᱫᱟ ᱱᱚᱶᱟ ᱠᱟᱹᱢᱤ ᱫᱚ ᱵᱷᱟᱨᱚᱛ ᱨᱮᱭᱟᱜ ᱢᱤᱫᱴᱟᱝ ᱫᱟᱨᱦᱟ ᱫᱷᱟᱨᱮᱨᱮ ᱱᱚᱶᱟ ᱠᱟᱹᱢᱤ ᱫᱚ ᱦᱩᱭ ᱦᱚᱪᱚ ᱾
इसका उपयोग किसी भी अन्य स्थिति के लिए भी किया जाता है जहाँ जटिल रिकॉर्ड किए गए ऑडियो की आवश्यकता होती है।	ᱱᱚᱶᱟ ᱫᱚ ᱮᱴᱟᱜ ᱡᱟᱸᱦᱟᱱ ᱦᱟᱞᱚᱛ ᱨᱮ ᱞᱟᱹᱜᱤᱫ ᱦᱚᱸ ᱵᱮᱣᱦᱟᱨᱚᱜᱼᱟ ᱡᱟᱸᱦᱟᱨᱮ ᱟᱸᱡᱷᱟᱴ ᱨᱮᱠᱚᱨᱰ ᱠᱚᱨᱟᱣ ᱳᱰᱤᱣ ᱨᱮᱭᱟᱜ ᱞᱟᱹᱠᱛᱤᱜᱼᱟ ᱾
हिटलर को अक्सर धूम्रपान न करने की वकालत करने वाला पहला राष्ट्रीय नेता माना जाता है।	ᱦᱤᱴᱞᱟᱨ ᱫᱚ ᱡᱟᱣᱜᱮ ᱯᱳᱭᱞᱳ ᱡᱟᱹᱛᱤᱭᱟᱹᱨᱤ ᱱᱮᱛᱟ ᱞᱮᱠᱟᱛᱮ ᱵᱟᱪᱷᱟᱣ ᱦᱩᱭᱩᱜᱼᱟ ᱡᱟᱸᱦᱟᱭ ᱫᱚ ᱪᱩᱴᱤ ᱧᱩᱭᱨᱮᱭ ᱦᱮᱸᱥᱟᱹᱨᱤᱭᱟᱜ ᱛᱟᱦᱮᱸ ᱾
एनजीटी के पास, वर्तमान मामले में, अपना निर्णय निश्‍चित किया गया है और एक प्रशासनिक विशेषज्ञ कमेटी को न्यायिक कार्य सौंपा गया है ।	ᱮᱱᱡᱤᱴᱤ ᱫᱚ, ᱱᱟᱦᱟᱜ ᱠᱮᱥ ᱨᱮ, ᱵᱮᱥᱤᱠᱟᱹᱨᱟᱠᱟᱱ ᱱᱤᱭᱟᱹ ᱮᱠᱛᱤᱭᱟᱹᱨ ᱟᱨ ᱮᱢᱩᱪᱩᱣᱟᱠᱟᱱ ᱵᱤᱪᱟᱹᱨᱤᱭᱟᱹ ᱠᱟᱹᱢᱤ ᱠᱩ ᱯᱨᱚᱥᱟᱥᱚᱱᱤᱠ ᱮᱠᱥᱯᱟᱨᱴ ᱠᱚᱢᱤᱴᱤ ᱮᱢ ᱦᱩᱭᱟᱠᱟᱱᱟ ᱾
यह घर के बाहर या बाहर खेला जा सकता है.	ᱱᱚᱶᱟ ᱫᱚ ᱵᱷᱤᱛᱟᱹᱨ ᱥᱮ ᱵᱟᱨᱦᱮ ᱨᱮ ᱠᱷᱮᱞ ᱜᱟᱱᱚᱜᱼᱟ ᱾
सबसे पहले और सबसे पहले, इसे रेडियो - जीव - जीव के शुद्ध रूप में HLW से अलग किया जाना चाहिए।	ᱨᱮᱰᱤᱳᱟᱭᱥᱳᱴᱳᱯ ᱨᱮᱭᱟᱜ ᱵᱮᱣᱦᱟᱨ ᱥᱮᱡᱽ, ᱯᱟᱹᱦᱤᱞᱨᱮ ᱟᱨ ᱯᱟᱹᱦᱤᱞᱩᱛᱟᱹᱨᱨᱮ, ᱱᱚᱶᱟ ᱫᱚ ᱮᱠᱟᱞᱜᱮ ᱨᱮᱰᱤᱳᱼᱠᱮᱢᱤᱠᱮᱞ ᱯᱷᱟᱹᱨᱭᱟᱹ ᱛᱮ ᱮᱭᱤᱪᱮᱞᱮᱞᱰᱚᱞᱩ ᱠᱷᱚᱱ ᱵᱷᱮᱜᱟᱨ ᱦᱩᱭᱩᱜ ᱟ ᱾
विश्‍व स्वास्थ्य संगठन (WHO) के अनुसार, विश्‍व स्वास्थ्य संगठन के अनुसार, न केवल ४३० करोड़ लोग ही सुनने की कमी के साथ जी रहे हैं, लेकिन १२ से ३५ साल के बीच १ अरब से अधिक लोग संगीतमय ध्वनिओं और क्लबों पर ज़ोर देने के कारण सुनने के ख़तरे में हैं ।	ᱟᱹᱰᱤ ᱵᱟᱹᱲᱤᱡᱟᱱᱟᱜ, ᱳᱣᱟᱨᱞᱰ ᱦᱮᱞᱛᱷ ᱚᱨᱜᱟᱱᱟᱭᱡᱮᱥᱚᱱ (ᱰᱚᱵᱞᱩᱮᱭᱤᱪᱳ) ᱞᱮᱠᱟᱛᱮ, ᱮᱠᱮᱱ ᱔᱓᱐ ᱢᱤᱞᱞᱤᱭᱚᱱ ᱦᱚᱲ ᱱᱟᱦᱟᱜ ᱨᱮ ᱵᱟᱝ ᱟᱧᱡᱚᱢ ᱧᱟᱢᱚᱜ ᱟᱱᱟᱴ ᱨᱮ ᱠᱩ ᱡᱤᱣᱮᱫᱚᱜ ᱠᱟᱱᱟ, ᱢᱮᱱᱠᱷᱟᱱ, ᱑ ᱵᱤᱞᱞᱤᱚᱱ ᱦᱚᱲ ᱠᱷᱚᱱ ᱡᱟᱹᱥᱛᱤ ᱑᱒ ᱟᱨ ᱓᱕ ᱥᱮᱨᱢᱟ ᱵᱷᱤᱛᱟᱹᱨ ᱩᱢᱟᱹᱨᱨᱮᱱ ᱫᱚ ᱵᱟᱝ ᱟᱧᱡᱚᱢ ᱧᱟᱢᱨᱮᱭᱟᱜ ᱨᱤᱥᱠ ᱢᱤᱣᱥᱤᱠ ᱜᱤᱜᱰ ᱟᱨ ᱠᱞᱟᱵ ᱠᱩ ᱥᱮ ᱟᱠᱩᱣᱟᱜ ᱰᱤᱵᱷᱟᱭᱤᱥ ᱨᱮᱭᱟᱜ ᱡᱟᱹᱥᱛᱤ ᱥᱟᱰᱮ ᱠᱷᱚᱚᱴᱮᱡ ᱚᱡᱮ ᱦᱚᱛᱮᱛᱮ ᱦᱩᱭᱩᱜ ᱠᱟᱱᱟ ᱾
खैर, मुझे पता है भारत में इतने सारे संग्रहालय हैं.	ᱟᱪᱷᱟ, ᱤᱧ ᱵᱟᱰᱟᱭᱟ ᱵᱷᱟᱨᱚᱛᱨᱮ ᱟᱭᱢᱟ ᱢᱤᱣᱩᱡᱤᱭᱟᱢ ᱢᱮᱱᱟᱜᱼᱟ ᱾
लूला 1989, 1994 और 1998 के राष्ट्रपति चुनाव हार गए थे।	ᱞᱩᱞᱟ ᱑᱙᱘᱙, ᱑᱙᱙᱔ ᱟᱨ ᱑᱙᱙᱘ ᱥᱟᱞ ᱨᱮᱭᱟᱜ ᱫᱤᱥᱚᱢ ᱜᱚᱝᱠᱮ ᱵᱟᱪᱷᱱᱟᱣ ᱨᱮᱭ ᱦᱟᱨᱟᱣ ᱞᱮᱱᱟ ᱾
क्या यह उसके लिए एक सकारात्मक शौक होगा?	ᱪᱮᱫ ᱩᱱᱤ ᱞᱟᱹᱜᱤᱫ ᱵᱷᱟᱜᱮ ᱟᱱᱟᱜ ᱥᱚᱠ ᱦᱩᱭ ᱫᱟᱲᱮᱭᱟᱜᱼᱟ ?
एक भूतपूर्व पुलिसवाले ने फिलीपींस की राजधानी, मनीला में अपनी बस का अपहरण करके हवाई - अड्डे का अपहरण किया है ।	ᱯᱷᱤᱞᱤᱯᱤᱱ ᱨᱮᱭᱟᱜ ᱨᱟᱡᱫᱷᱟᱤ ᱢᱟᱱᱤᱞᱟ ᱨᱮ ᱢᱤᱫ ᱢᱟᱨᱮ ᱯᱷᱹᱤᱞᱤᱯᱤᱱᱳ ᱯᱩᱞᱤᱥ ᱦᱚᱝᱜᱚᱝ ᱨᱮ ᱯᱟᱨᱴᱚᱠ ᱠᱚᱣᱟᱜ ᱵᱟᱥ ᱦᱟᱭᱡᱮᱠ ᱠᱮᱛᱮᱡ ᱵᱚᱱᱫᱷᱚᱠ ᱮ ᱵᱮᱱᱟᱣ ᱞᱮᱫᱟ᱾
छी! मेरे अनानास के रस में एक मरा हुआ मकड़ा है।	ᱤᱭᱩ ! ᱤᱧᱟᱜ ᱟᱱᱟᱨᱚᱥ ᱨᱮᱭᱟᱜ ᱨᱟᱥᱟ ᱨᱮ ᱢᱟ ᱢᱤᱫᱴᱟᱝ ᱜᱚᱡᱼᱟᱠᱟᱱ ᱵᱤᱸᱫᱤ ᱢᱮᱱᱟᱭ ᱾
दस लाख से अधिक लोग इस खेल को खेल चुके हैं। ऐसा कैसे है कि आप इसके बारे में नहीं जानते?	ᱢᱤᱫ ᱢᱤᱞᱤᱭᱚᱱ ᱠᱷᱚᱱ ᱦᱚᱸ ᱰᱷᱮᱨ ᱦᱚᱲ ᱱᱤᱭᱟᱹ ᱜᱮᱢ ᱠᱚ ᱠᱷᱮᱞ ᱟᱠᱟᱫᱟ ᱾ ᱪᱮᱠᱟ ᱞᱮᱠᱟᱛᱮ ᱦᱤᱡᱩᱜ ᱦᱩᱭᱩᱜᱼᱟ ᱚᱱᱟ ᱵᱟᱵᱚᱫᱛᱮ ᱟᱢ ᱫᱚ ᱵᱟᱢ ᱵᱟᱰᱟᱭᱟ ?
इकसठ	ᱛᱩᱨᱩᱭ ᱜᱮᱞ ᱢᱤᱫ
बिंदुएं और फ़िंगर के बीच की दूरी Bawo-Pshhshhhhhhhhhhhhhs, कई बार दूर पीठवुड क्षेत्र के माध्यम से गुजरता है.	ᱯᱚᱣᱟᱭᱤᱱᱰ ᱢᱮᱨᱤᱭᱟᱹᱱ ᱟᱨ ᱯᱷᱮᱭᱟᱹᱨᱢᱮᱸᱴ ᱨᱮᱭᱟᱜ ᱛᱟᱞᱟ ᱨᱮ ᱠᱷᱤᱪᱟᱹᱣ ᱵᱷᱮᱸᱥ ᱯᱤᱴᱚᱨᱥᱵᱟᱹᱨᱜᱽ ᱨᱟᱡᱽᱢᱟᱨᱜᱽ ᱨᱮ ᱡᱷᱚᱛᱚ ᱠᱷᱚᱱ ᱢᱩᱥᱠᱤᱞ ᱰᱨᱟᱭᱣᱤᱝ ᱡᱟᱭᱜᱟ ᱠᱚ ᱛᱮᱭᱟᱨ ᱟᱭ, ᱚᱠᱟ ᱫᱚ ᱮᱴᱟᱜᱼᱮᱴᱟᱜ ᱵᱮᱠᱣᱩᱰ ᱡᱟᱭᱜᱟ ᱨᱮ ᱢᱟᱫᱷᱭᱚᱢ ᱨᱮᱭᱟᱜ ᱚᱣᱥᱟᱹᱨ ᱪᱟᱞᱟᱜ ᱠᱟᱱᱟ᱾
बांदेरास और उनकी पत्नी मेलानी ग्रिफिथ ने जून 2014 में कहा कि वे तलाक ले रहे हैं।	ᱵᱟᱱᱫᱮᱨᱟᱥ ᱟᱨ ᱟᱡ ᱨᱮᱱ ᱮᱨᱟ ᱢᱮᱞᱟᱱᱤ ᱜᱨᱤᱯᱷᱤᱛᱷ ᱫᱚ ᱡᱩᱱ ᱒᱐᱑᱔ ᱥᱟᱞ ᱨᱮᱭ ᱞᱟᱹᱭ ᱞᱮᱫᱟ ᱡᱮ ᱩᱱᱠᱤᱱ ᱫᱚ ᱵᱟᱯᱞᱟ ᱥᱟᱹᱜᱟᱹᱭ ᱠᱤᱱ ᱵᱟᱯᱟᱠ ᱞᱮᱫᱟ ᱾
वैटिकन सिटी अपने कानून और सरकारी संदेशों में इतालवी इस्तेमाल करती है ।	ᱵᱷᱟᱴᱤᱠᱟᱱ ᱥᱤᱴᱤ ᱟᱡᱟᱜ ᱞᱮᱡᱤᱥᱞᱮᱥᱚᱱ ᱟᱨ ᱠᱟᱛᱟᱲ ᱥᱟᱹᱜᱟᱹᱭ ᱠᱚᱨᱮ ᱤᱴᱟᱞᱤᱭᱟᱱ ᱠᱚ ᱵᱮᱵᱷᱟᱨᱟ᱾
ये वायरस वायरसों के समूह के रूप में वर्गीकृत हैं, विरोधी - विरोधी और वायरसों के रूप में वे पर कार्य करते हैं.	ᱱᱚᱣᱟ ᱠᱚᱫᱚ ᱮᱱᱴᱤᱵᱷᱟᱭᱨᱟᱞ,ᱮᱱᱴᱤᱯᱷᱟᱝᱜᱟᱞ,ᱮᱱᱴᱤᱼᱯᱨᱳᱴᱳᱡᱳᱣᱟᱞ ᱟᱨ ᱮᱱᱴᱤᱵᱟᱭᱳᱴᱤᱠ ᱞᱮᱠᱟᱛᱮ ᱦᱟᱹᱴᱤᱧᱟ ᱡᱟᱸᱦᱟ ᱫᱚ ᱡᱤᱵᱟᱱᱩ ᱜᱟᱫᱮᱞ ᱞᱮᱠᱟᱛᱮᱭ ᱠᱟᱹᱢᱤᱭᱟ ᱾
इस विद्रोह से सर हेनरी बहुत खुश हुआ, क्योंकि अब, वह उसके साथ एक चयनी और वफ़ादार सेना थी जो अंग्रेज़ी में अपराजकों और हिंदू लोगों के दो समर्थकों से बनी थी, जिनका अंग्रेज़ी के प्रति निष्ठा सख़्त परीक्षाओं द्वारा साबित हुई थी ।	ᱱᱤᱭᱟᱹ ᱞᱟᱹᱲᱦᱟᱹᱭ ᱫᱚ ᱥᱮᱨ ᱦᱮᱱᱨᱤ ᱢᱤᱫ ᱞᱮᱠᱟᱛᱮᱭ ᱠᱩᱥᱤᱩᱪᱩᱞᱮᱫᱮᱭᱟ, ᱱᱤᱛ ᱫᱚ, ᱩᱱᱤ ᱴᱷᱮᱱ ᱤᱝᱞᱤᱥ ᱨᱮᱡᱤᱢᱮᱱᱴ ᱟᱨ ᱟᱨᱴᱤᱞᱟᱨᱤ ᱟᱨ ᱥᱤᱠᱷ ᱟᱨ ᱦᱤᱱᱫᱩᱥᱛᱟᱹᱱᱤ ᱠᱩᱣᱟᱜ ᱵᱟᱨᱮᱭᱟ ᱨᱮᱡᱤᱢᱮᱱᱴ ᱨᱮᱭᱟᱜ ᱢᱤᱞᱟᱹᱣ ᱛᱮ ᱢᱤᱴᱴᱮᱱ ᱵᱟᱪᱷᱱᱟᱣ ᱟᱨ ᱯᱟᱹᱛᱤᱭᱟᱹᱨᱟᱱᱟᱜ ᱥᱮᱱᱟ ᱯᱷᱟᱹᱫ ᱠᱩ ᱛᱟᱦᱮᱸᱠᱟᱱᱟ, ᱡᱟᱦᱟᱸᱭ ᱠᱩᱣᱟᱜ ᱫᱚ ᱤᱝᱞᱤᱥ ᱠᱩ ᱪᱮᱛᱟᱱ ᱜᱟᱹᱦᱤᱨ ᱫᱩᱞᱟᱹᱲ ᱟᱸᱴ ᱵᱤᱰᱟᱹᱣ ᱠᱩ ᱦᱚᱛᱮᱛᱮ ᱥᱟᱹᱵᱩᱫ ᱞᱮᱱᱟ ᱾
ताइवान में किए गए सर्वे और खोजबीन से पता चला है कि 80% में मौत की सज़ा के लिए हमेशा सख्त समर्थन मिलता है ।	ᱛᱟᱭᱳᱣᱟᱱ ᱨᱮ, ᱵᱷᱳᱴ ᱮᱢ ᱟᱨ ᱠᱷᱚᱫᱽᱨᱚᱸᱱ ᱫᱷᱟᱨᱟᱵᱟᱦᱤᱠ ᱞᱮᱠᱟᱛᱮ ᱜᱚᱡᱥᱟᱹᱡᱟᱹᱭ ᱡᱚᱛᱚ ᱨᱮ ᱘᱐ ᱥᱟᱭᱦᱤᱸᱥ ᱫᱟᱲᱮᱭᱟᱱ ᱥᱟᱭ ᱮ ᱮᱢᱞᱮᱫᱟ ᱾
पोस्ट-1980 Bagaaa और जार्जिया सरकार ने प्रवणकों के मूलीकरण की निगरानी की है, कृषि व्यवसाय के केन्द्रों के फैलाव, अधिक उदार निवेश कोडों का समर्थन विदेशी निवेश, बैंक उद्योग के प्रधानीकरण, पारंपरिक व्यापार के प्रमुखीकरण, प्राथमिक निर्यात, और अधिक उत्पादन में।	ᱯᱮᱨᱟᱤᱥᱴᱮᱴᱟᱞᱠᱚ ᱵᱮᱼᱥᱚᱨᱠᱟᱨᱟᱱᱟᱜ, ᱪᱟᱥᱵᱟᱥ ᱵᱤᱯᱚᱱᱚᱱ ᱯᱚᱨᱤᱥᱚᱫᱠᱚ ᱫᱨᱚᱵᱤᱵᱷᱚᱵᱚᱱ, ᱵᱤᱞᱟᱹᱛ ᱵᱤᱱᱤᱭᱳᱜ ᱨᱮᱭᱟᱜ ᱯᱚᱠᱷᱚᱯᱟᱛᱤ ᱟᱹᱰᱤ ᱪᱷᱟᱹᱲ ᱵᱤᱱᱤᱭᱳᱜ ᱨᱮᱭᱟᱜ ᱚᱱᱩᱢᱚᱫᱚᱱ, ᱵᱮᱝᱠᱤᱝ ᱵᱤᱨᱤᱫᱽ ᱨᱮᱭᱟᱜ ᱵᱮᱼᱥᱚᱨᱠᱟᱨᱟᱱᱟᱜ, ᱥᱮᱨᱶᱟ ᱟᱱᱟᱜ, ᱢᱩᱲᱩᱫ ᱫᱩᱨᱤᱵᱽ ᱨᱚᱯᱛᱟᱱᱤ ᱵᱚᱭᱪᱤᱛᱨᱚ, ᱟᱨ ᱡᱚᱢᱟᱜ ᱟᱨᱡᱟᱣ ᱨᱮ ᱟᱹᱰᱤ ᱵᱤᱱᱤᱭᱳᱜ ᱨᱮᱭᱟᱜ ᱥᱟᱹᱠᱷᱤᱭ ᱛᱟᱦᱮᱸ ᱟᱠᱟᱱᱟ ᱑᱙᱘᱐ ᱨᱮᱭᱟᱜ ᱛᱟᱭᱚᱢ ᱨᱟᱛᱥᱤᱨᱟᱠ ᱟᱨ ᱡᱮᱯᱷᱤᱨ ᱥᱟᱥᱚᱱᱤᱭᱟᱹ ᱠᱚ ᱾
मुझे खेद है कि जब आप बड़े हो रहे थे तब मैं आपके साथ नहीं था (पिता)।	ᱤᱧ ᱫᱩᱠᱤᱧ ᱥᱚᱫᱚᱨ ᱮᱫᱟ ᱡᱮ ᱟᱢ ᱡᱚᱠᱷᱠᱷ ᱮᱢ ᱦᱟᱨᱟᱜ ᱠᱟᱱ ᱛᱟᱦᱮᱱ ᱩᱱ ᱤᱧ ᱟᱢ  ᱞᱟᱹᱜᱤᱫ ᱵᱟᱹᱧ ᱛᱟᱦᱮᱸ ᱠᱟᱱᱟ (ᱵᱟᱵᱟ)
आप रास्ते से, कैसे पता था?	ᱡᱟᱦᱟᱸᱭᱮᱱ ᱜᱮ, ᱟᱢᱫᱚ ᱪᱮᱠᱟᱛᱮᱢ ᱵᱟᱰᱟᱭ ᱠᱮᱫᱟ ?
ब्रिटेन के शासन के खिलाफ अपने अभियान के दौरान, हथियार बनाने के अपने अभियानों में फफिमम, केफिमिमिम सिंह, सर्बार्ट सिंह, सेबार्ट, और उप-सस्तेफ ने गांधी से अलग हैं ।	ᱵᱟᱜᱷᱟ ᱡᱚᱛᱤᱱ, ᱠᱷᱩᱫᱤᱨᱟᱢ ᱵᱚᱥᱩ, ᱵᱷᱚᱜᱚᱛ ᱥᱤᱝ, ᱪᱚᱱᱫᱨᱚᱥᱮᱠᱷᱚᱨ ᱟᱡᱟᱫ, ᱥᱩᱨᱡᱚ ᱥᱮᱱ, ᱟᱨ ᱥᱩᱵᱷᱟᱥ ᱪᱚᱱᱫᱨᱚ ᱵᱳᱥ ᱞᱮᱠᱟᱱ ᱞᱟᱹᱲᱦᱟᱹᱭᱠᱩ ᱫᱚ ᱤᱝᱨᱟᱹᱡ ᱥᱟᱥᱚᱱ ᱵᱤᱨᱩᱫᱨᱮ ᱟᱠᱩᱣᱟᱜ ᱥᱟᱸᱜᱷᱟᱨ ᱨᱮ ᱫᱤᱞᱼᱫᱟᱲᱮ ᱞᱟᱜᱟᱣ ᱠᱷᱟᱹᱛᱤᱨ ᱜᱟᱱᱫᱷᱤᱡᱤ ᱠᱷᱚᱱ ᱵᱮᱜᱟᱨᱠᱩ ᱛᱟᱦᱮᱸᱠᱟᱱᱟ ᱾
जैसे - जैसे वे प्रगति करते जाते हैं, कौशल को ज़्यादा नियमित और कुशल होना चाहिए, और खिलाड़ियों को खेल के स्थितियों को स्थापित करने के लिए प्रस्तुत किया जाना चाहिए ।	ᱩᱱᱠᱩ ᱩᱛᱷᱱᱟᱹᱣ ᱥᱟᱶ ᱥᱟᱶᱛᱮ ᱠᱟᱹᱨᱤᱠᱚ ᱟᱨᱦᱚᱸ ᱥᱚᱢᱟᱱᱛᱮ ᱟᱨ ᱜᱟᱹᱠᱷᱩᱲᱚᱜ ᱦᱩᱭᱩᱜ ᱞᱟᱹᱠᱛᱤᱼᱟ ᱟᱨ ᱠᱷᱮᱞᱚᱸᱰᱤᱭᱟᱹ ᱠᱚᱣᱟᱜ ᱠᱷᱮᱞ ᱨᱮᱭᱟᱜ ᱚᱵᱚᱥᱛᱟ ᱥᱮᱴ ᱞᱟᱹᱜᱤᱫ ᱩᱯᱨᱩᱢ ᱞᱟᱹᱠᱛᱤ ᱠᱟᱱᱟ ᱾
ऐन का जन्म 1742 में लिवरपूल, इंग्लैंड में हुआ था।	ᱮᱹᱱ ᱑᱗᱔᱒ ᱥᱟᱞ ᱨᱮ ᱤᱝᱞᱮᱹᱱᱰ ᱨᱮᱭᱟᱜ ᱞᱤᱵᱷᱟᱨᱯᱩᱞ ᱨᱮᱭ ᱡᱟᱱᱟᱢ ᱞᱮᱱᱟ ᱾
मैं तुम्हें फायर कर रहा हूँ.	ᱤᱧ ᱟᱢᱤᱧ ᱥᱟᱦᱟᱭᱮᱫ ᱢᱮᱭᱟ ᱾
दुर्घटना स्थल की खोज करने के प्रयास बुरे मौसम और कठोर क्षेत्रों से मिलते हैं ।	ᱠᱷᱟᱨᱟᱯ ᱯᱟᱜᱚ ᱟᱨ ᱠᱩᱴᱷᱤᱱ ᱡᱟᱭᱜᱟ ᱠᱚᱨᱮ ᱠᱷᱚᱱ ᱵᱮᱜᱷᱚᱴᱚᱱ ᱡᱟᱭᱜᱟ ᱨᱮᱭᱟᱜ ᱯᱟᱱᱛᱮ ᱪᱟᱹᱞᱩ ᱯᱨᱚᱭᱟᱥ ᱟᱠᱟᱱᱟI
मुझे इस व्यंजन के स्वाद से बहुत निराशा हुई है, जबकि यह मेरा पसंदीदा व्यंजन है।	ᱤᱧ ᱫᱚ ᱱᱚᱣᱟ ᱛᱷᱟᱹᱨᱤ ᱨᱮᱭᱟᱜ ᱥᱤᱵᱤᱞ ᱱᱤᱭᱟᱹᱛᱮ ᱟᱹᱰᱤᱧ ᱩᱫᱟᱹᱥ ᱟᱠᱟᱱᱟ ᱢᱮᱱᱠᱷᱟᱱ ᱱᱚᱣᱟ ᱫᱚ ᱤᱧᱟᱜ ᱠᱩᱥᱤᱭᱟᱱᱟᱜ ᱢᱤᱫᱴᱟᱝ ᱠᱟᱱᱟ ᱾
क्या आप जानते हैं कि क्लाइंट और हमारा प्रबंधन मुझसे नाराज हैं? मैं आपके लिए डांट खा रहा हूँ (प्रबंधक)।	ᱟᱢ ᱪᱮᱫ ᱵᱟᱰᱟᱭᱟᱢ ᱡᱮ ᱠᱞᱟᱭᱮᱱᱴ ᱟᱨ ᱟᱞᱮᱨᱮᱱ  ᱪᱟᱪᱟᱞᱟᱣᱤᱭᱟᱹ ᱠᱚ ᱤᱧ ᱪᱮᱛᱟᱱ ᱨᱮᱠᱚ ᱟᱹᱲᱤᱥ ᱟᱠᱟᱱᱟ ? ᱤᱧ ᱫᱚ ᱟᱢ ᱞᱟᱹᱜᱤᱫ ᱛᱮᱧ ᱨᱟᱸᱜᱟᱜ ᱠᱟᱱᱟ ᱾ (ᱢᱮᱹᱱᱮᱡᱟᱨ)
फिल्म में भी कई पुरस्कार जीते थे।	ᱪᱚᱞᱚᱛ ᱪᱤᱛᱟᱹᱨ ᱫᱚ ᱟᱭᱢᱟ ᱥᱤᱨᱯᱟᱹᱭ ᱧᱟᱢ ᱟᱠᱟᱫᱟ ᱾
मेरे पास नौ पानी हैं।	ᱤᱧ ᱴᱷᱮᱱ ᱟᱨᱮ ᱜᱚᱴᱟᱝ ᱫᱟᱜ ᱢᱮᱱᱟᱜᱼᱟ ᱠᱚᱣᱟ।
मैं अब तक कम से कम 3 राइड बुक कर चुका हूँ, लेकिन हर बार ड्राइवर ने रद्द कर दिया है।	ᱤᱧ ᱱᱤᱛ ᱫᱷᱟᱹᱵᱤᱡ ᱛᱮ ᱠᱚᱢ ᱥᱮ ᱠᱚᱢ ᱓ ᱨᱟᱭᱤᱰᱤᱧ ᱵᱩᱠ ᱟᱠᱟᱫᱟ, ᱢᱮᱱᱠᱷᱟᱱ ᱡᱟᱣ ᱫᱷᱟᱣ ᱜᱮ ᱪᱟᱞᱣᱟᱹᱭ ᱵᱟᱹᱛᱤᱞ ᱟᱠᱟᱫᱟ ᱾
जैसे - जैसे आप बरतन में चावल का आटा जोड़ते हैं, आप शायद नारियल की छोटी मात्रा को भी बढ़ा सकते हैं ।	ᱴᱩᱠᱩᱪ ᱨᱮ ᱪᱟᱣᱞᱮ ᱜᱩᱱᱰᱟᱹ ᱢᱮᱥᱟᱞ ᱚᱠᱛᱮ, ᱵᱷᱟᱱᱟᱨ ᱢᱩᱫᱨᱮ, ᱟᱢ ᱫᱚ ᱠᱟᱹᱴᱤᱪ ᱪᱩᱞᱩᱝ ᱜᱩᱱᱰᱟᱹ ᱱᱟᱹᱲᱠᱚᱲ ᱦᱸᱢ ᱢᱮᱥᱟᱞ ᱫᱟᱲᱤᱭᱟᱜᱼᱟ ᱾
आप चाहते हैं कि मैं इस पर आपकी मदद कर सकते हैं।	ᱟᱢᱮᱢ ᱠᱷᱚᱡᱽ ᱠᱷᱟᱱ ᱱᱚᱶᱟᱨᱮ ᱟᱢᱤᱧ ᱜᱚᱲᱚ ᱟᱢᱟ ᱾
आपकी परियोजना कैसी है?	ᱟᱢᱟᱜ ᱯᱨᱳᱡᱮᱠᱴ ᱪᱮᱫ ᱞᱮᱠᱟ ᱪᱟᱞᱟᱜ ᱠᱟᱱᱟ ?
शुक्रवार	ᱡᱟᱹᱨᱩᱢ ᱢᱟᱦᱟᱸ
हम इसके साथ हर अनुभव की तुलना करने की कोशिश करते हैं ।	ᱟᱞᱮ ᱱᱚᱶᱟ ᱥᱟᱶᱛᱮ ᱥᱟᱱᱟᱢ ᱵᱩᱡᱩᱱ ᱛᱩᱞᱟᱹᱡᱚᱠᱷᱟᱭ ᱨᱮᱭᱟᱜ ᱞᱮ ᱨᱤᱠᱟᱹᱭᱟ ᱾
ᱵᱟᱨ ᱦᱚᱲ ᱞᱟᱹᱜᱤᱫ ᱢᱤᱫ ᱴᱮᱵᱩᱞ, ᱫᱟᱭᱟ ᱠᱟᱛᱮ	कृपया दो लोगों के लिए एक टेबल
क्या व्यक्‍तिगत राजधानी के प्रभावशाली लोग कम हाथों में धन - दौलत का निरीक्षण करने की ओर ले जाते हैं, या क्या वृद्धि, प्रतियोगिता, और तकनीकी प्रगति की संतुलन शक्‍ति को कम करते हैं?	ᱱᱤᱭᱟᱹ ᱯᱩᱧᱡᱤ ᱡᱟᱨᱣᱟᱭ ᱨᱮᱭᱟᱜ ᱞᱟᱦᱟᱱᱛᱤᱭ ᱫᱚ ᱪᱮᱫ ᱡᱟᱹᱨᱩᱲᱟᱜ ᱞᱮᱠᱟᱛᱮ ᱥᱚᱢᱯᱚᱫ ᱵᱟᱨ ᱯᱮ ᱦᱚᱲᱟᱜ ᱛᱤ ᱛᱟᱞᱢᱟ ᱥᱮᱡ ᱜᱤᱭ ᱤᱫᱤᱭᱟ, ᱥᱮ ᱡᱟᱹᱥᱛᱤ, ᱦᱮᱯᱮᱨᱟᱣ ᱟᱨ ᱡᱚᱱᱛᱚᱨ ᱞᱮᱠᱟᱛᱮ ᱞᱟᱦᱟᱱᱛᱤᱭ ᱨᱮᱭᱟᱜ ᱛᱩᱞᱟᱹᱡᱚᱠᱷᱟᱣᱟᱱ ᱫᱟᱲᱮ ᱵᱷᱮᱯᱮᱜᱟᱨᱮ ᱠᱚᱢᱼᱟ ᱾
सच में नहीं.	ᱟᱥᱚᱞᱨᱮ ᱚᱱᱠᱟ ᱫᱚ ᱾
मुझे इस बात का डर है कि अगर एआई बहुत अधिक उन्नत हो गया और ऐसे निर्णय लेने लगा जिनके नकारात्मक परिणाम हों, तो क्या हो सकता है।	ᱤᱧ ᱵᱚᱛᱚᱨᱚᱜ ᱠᱟᱱᱟ ᱡᱮ ᱪᱮᱫ ᱦᱩᱭ ᱫᱟᱲᱮᱭᱟᱜᱼᱟ ᱡᱩᱫᱤ ᱮ ᱟᱭ ᱟᱹᱰᱤ ᱵᱷᱟᱜᱮ ᱦᱩᱭᱩᱜᱼᱟ ᱟᱨ ᱱᱚᱝᱠᱟᱭ ᱴᱷᱟᱲᱚᱜᱚᱴᱟ ᱦᱟᱛᱟᱣᱮ ᱮᱛᱚᱦᱚᱵᱼᱟ ᱡᱟᱦᱟ ᱨᱮᱭᱟᱜ ᱵᱟᱹᱲᱤᱡ ᱦᱟᱞᱚᱛ ᱦᱩᱭᱩᱜᱼᱟ ᱾
क्या मैं हर साल प्रीडिनियम भुगतान कर सकता हूं?	ᱪᱮᱫ ᱤᱧ ᱫᱚ ᱥᱮᱨᱢᱟᱻᱠᱮᱻᱥᱮᱨᱢᱟ ᱯᱨᱤᱢᱤᱭᱟᱢᱤᱧ ᱮᱢ ᱫᱟᱲᱮᱭᱟᱜᱼᱟ ?
इस संस्थान ने फिल्म बनाने की कला और कला में एक नया मोड़ लिया है ।	ᱤᱱᱥᱴᱤᱴᱤᱭᱩᱴ ᱪᱚᱞᱚᱛᱪᱤᱛᱟᱹᱨ ᱵᱮᱱᱟᱣ ᱦᱩᱱᱟᱹᱨ ᱟᱨ ᱱᱳᱭᱯᱩᱱᱱᱚ ᱢᱤᱫ ᱴᱟᱝ ᱱᱟᱶᱟ ᱧᱮᱞ ᱞᱮᱠᱟᱱᱟᱜ ᱢᱟᱭᱤᱞ ᱯᱷᱚᱞᱚᱠ ᱮ ᱯᱟᱨᱚᱢ ᱤᱫᱤ ᱟᱠᱟᱫᱟ ᱾
"अलग टीम" वह कंपनी है जिसमें सदस्य रिपोर्ट करते हैं. अदृश्‍य टीम प्रत्येक सदस्य के लिए स्तर तय करती है.	“ᱵᱟᱝ ᱧᱮᱞᱚᱜ ᱴᱤᱢ” ᱢᱮᱱᱮᱡᱢᱮᱸᱴ ᱴᱤᱢ ᱠᱟᱱᱟ ᱡᱟᱦᱟᱸᱭ ᱫᱚ ᱡᱷᱚᱛᱚ ᱥᱚᱫᱚᱥᱭᱚ ᱨᱤᱯᱚᱴᱮᱫᱟᱭ᱾ ᱵᱟᱝ ᱧᱮᱞᱚᱜ ᱴᱤᱢ ᱡᱷᱚᱛᱚ ᱴᱤᱢ ᱞᱟᱹᱜᱩᱫ ᱢᱟᱱᱟᱠ ᱮ ᱱᱤᱨᱫᱷᱟᱹᱨᱤᱛ ᱟᱭ᱾
सुपरकंप्यूटर बहुत महंगे होते हैं, और कई वैज्ञानिक उन्हें नहीं खरीद सकते।	ᱥᱩᱯᱟᱨᱠᱚᱢᱯᱤᱭᱩᱴᱟᱨ ᱫᱚ ᱟᱭᱢᱟ ᱫᱟᱢᱟ, ᱟᱨ ᱚᱱᱟᱛᱮ ᱟᱭᱢᱟ ᱥᱟᱬᱮᱥᱤᱭᱟᱹ ᱜᱮ ᱵᱟᱠᱚ ᱠᱤᱨᱤᱧ ᱫᱟᱲᱮᱭᱟᱜᱼᱟ ᱾
इसलिए, आज इस अवसर पर, मैं दुनिया भर में परिषद्‌ के राष्ट्रपति से कॉल करना चाहते हैं... ... एक वैध कार्य योजना बनाने के लिए एक ठोस कार्यवाही जो लोगों को और अधिक न्याय और न्यायिक परिणाम प्राप्त करने के लिए केंद्र में डालता है।	ᱚᱱᱟᱛᱮ, ᱛᱮᱦᱮᱧᱟᱜ ᱱᱚᱣᱟ ᱞᱟᱥᱟᱲᱦᱮᱫ ᱨᱮ, ᱤᱧ ᱫᱷᱟᱹᱨᱛᱤ ᱨᱮᱭᱟᱜ ᱯᱟᱨᱞᱟᱢᱮᱱᱴ ᱨᱮᱱ ᱯᱨᱤᱥᱟᱭᱰᱤᱝ ᱚᱯᱤᱥᱟᱨ ᱠᱚᱧ ᱦᱚᱦᱚ ᱟᱠᱚ ᱠᱟᱱᱟ ᱢᱤᱫ ᱜᱚᱴᱟᱼᱵᱩᱴᱟᱹ ᱟᱠᱟᱱ ᱠᱟᱹᱢᱤᱦᱚᱨᱟ ᱪᱟᱹᱞᱩᱭ ᱨᱮ ᱡᱤᱭᱟᱹᱲᱟᱱ ᱮᱱᱮᱢ ᱯᱟᱞᱟᱣ ᱞᱟᱹᱜᱤᱫ ᱡᱟᱸᱦᱟ ᱫᱚ ᱦᱚᱲᱠᱚ ᱟᱨᱦᱚᱸ ᱡᱚᱛᱷᱟᱛ ᱟᱨ ᱛᱟᱸᱦᱮ ᱤᱫᱤᱜ ᱚᱨᱡᱚ ᱠᱚ ᱟᱨᱡᱟᱣ ᱞᱟᱹᱜᱤᱫ ᱛᱮᱞᱟ ᱨᱮᱭᱟᱜ ᱛᱟᱞᱢᱟ ᱨᱮᱭ ᱫᱚᱦᱚ ᱠᱚᱣᱟᱜ ᱟᱨ ᱯᱟᱨᱞᱟᱢᱮᱱᱴ ᱠᱚ ᱱᱚᱣᱟ ᱥᱟᱹᱨᱤᱭ ᱞᱟᱹᱜᱤᱫ ᱛᱮ ᱜᱚᱲᱦᱚᱱ ᱟᱱᱟᱜ ᱮᱱᱮᱢ ᱯᱟᱞᱟᱣ ᱦᱩᱭᱩᱜ ᱛᱟᱠᱚᱣᱟ ᱾
मैं वास्तव में उत्सुक हूँ.	ᱤᱧ ᱫᱚ ᱟᱹᱰᱤᱜᱤᱧ ᱟᱹᱠᱩᱛᱟᱠᱟᱱᱟ ᱾
ऐसा लगता है कि आज के ज़माने में यह बहुत मुश्‍किल हो रहा है ।	ᱵᱚᱨᱥᱟᱠᱟᱞ ᱨᱮ ᱛᱷᱚᱲᱟ ᱟᱸᱡᱷᱟᱴ ᱢᱮᱱᱛᱮ ᱢᱚᱱᱮ ᱦᱩᱭᱩᱜᱼᱟ ᱢᱮᱱᱠᱷᱟᱱ ᱥᱮᱨᱢᱟ ᱛᱟᱭᱚᱢ ᱥᱮᱨᱢᱟ ᱫᱷᱟᱹᱵᱤᱡ ᱱᱚᱶᱟ ᱪᱟᱪᱟᱞᱟᱣ ᱞᱮᱠᱟᱱᱟᱜ ᱦᱩᱭ ᱨᱟᱠᱟᱵ ᱟᱠᱟᱱᱟ ᱾
यह सही है, वहाँ एक कैमरा का उपयोग करने के लिए ठीक है?	ᱚᱸᱰᱮ ᱠᱮᱢᱮᱨᱟ ᱵᱮᱣᱦᱟᱨ ᱴᱷᱤᱠ ᱜᱮᱭᱟ, ᱥᱮ ᱵᱟᱝ ?
मैं आज थोड़ा उदास महसूस कर रहा हूँ और यह संगीत मेरी उदासी को और बढ़ा रहा है।	ᱤᱧ ᱛᱮᱦᱮᱧ ᱛᱷᱚᱲᱟᱜᱟᱱ ᱵᱟᱹᱲᱤᱡᱤᱧ ᱟᱹᱭᱠᱟᱹᱣᱮᱫᱼᱟ ᱟᱨ ᱱᱚᱣᱟ ᱥᱮᱨᱮᱧ ᱫᱚ ᱤᱧᱟᱜ ᱫᱩᱠᱷ ᱟᱨ ᱦᱚᱸᱭ ᱵᱟᱹᱲᱛᱤᱭᱮᱫ ᱠᱟᱱᱟ ᱾
उत्तर में प्रशांत महासागर और उत्तरी खाड़ी से लेकर दक्षिण में डेवॉन के बंदरगाह तक, उत्तर में उत्तर के तटों पर उत्तर के तटों पर स्थित है ।	ᱱᱚᱨᱛᱷ ᱥᱳᱨ ᱫᱚᱨᱮᱭᱟ ᱟᱲᱮ (ᱠᱚᱧᱮ ᱦᱟᱨᱵᱟᱨ ᱡᱤᱞᱞᱟᱹ ᱨᱮ) ᱯᱨᱚᱥᱟᱱᱛᱚ ᱢᱟᱦᱟᱫᱚᱨᱮᱭᱟ ᱨᱮ ᱢᱮᱱᱟᱜᱼᱟ ᱟᱨ ᱠᱚᱧᱮ ᱨᱮ ᱞᱚᱝ ᱵᱮ ᱠᱷᱚᱱ ᱮᱛᱚᱢ ᱨᱮ ᱰᱮᱵᱷᱮᱱᱯᱳᱨᱴ ᱦᱟᱹᱵᱤᱫ ᱯᱟᱥᱱᱟᱣ ᱢᱮᱱᱟᱜᱼᱟ᱾
अलबर्टा, मिनेसोटा: अलबर्टा अमेरिकी राज्य मिनेसोटा के स्टीवंस काउंटी का एक शहर है।	ᱠᱚᱝᱜᱨᱮᱥᱢᱮᱹ, ᱟᱨ ᱱᱟᱥᱮ ᱚᱠᱛᱚ ᱞᱟᱹᱜᱤᱫ ᱡᱚᱨᱡᱤᱭᱟ ᱨᱮᱱ ᱜᱚᱵᱷᱚᱨᱱᱚᱨ ᱮ ᱛᱟᱦᱮᱸ ᱠᱟᱱᱟ ᱾
हर कोई ज्ञान प्राप्त कर सकता है ।	ᱡᱷᱚᱛᱚ ᱦᱚᱲ ᱱᱤᱡᱚᱨ ᱟᱹᱠᱤᱞ ᱵᱚᱱ ᱦᱟᱢᱮᱴ ᱫᱟᱲᱮᱭᱟᱜᱼᱟ᱾ ᱱᱚᱶᱟ ᱡᱚᱥ ᱟᱱᱟᱜ ᱰᱟᱦᱟᱨ ᱨᱮ ᱥᱩᱢᱩᱝ ᱢᱤᱫ ᱡᱤᱱᱤᱥ ᱛᱤᱸᱜᱩ ᱢᱮᱱᱟᱜᱼᱟ, ᱚᱱᱟ ᱫᱚ ᱟᱵᱚᱣᱟᱜ ᱠᱚ ᱱᱤᱡᱮᱨᱟᱜ ᱠᱚᱥᱴᱚ ᱟᱨ ᱵᱟᱹᱲᱤᱡᱟᱼᱜ᱾
आप किस बारे में बात करना चाहेंगे?	ᱟᱢ ᱪᱮᱫ ᱜᱟᱯᱟᱞᱢᱟᱨᱟᱣ ᱥᱟᱱᱟᱭᱮᱫ ᱢᱮᱭᱟ ?
इन इमारतों में से ज़्यादातर इमारतों को दोबारा बनाया गया है ताकि वे इस बात का बेहतर अंदाज़ा लगा सकें कि शुरू में वे कैसे आए थे ।	ᱥᱟᱹᱵᱤᱠᱟᱜ ᱫᱚ ᱚᱠᱟᱞᱮᱠᱟ ᱧᱮᱞᱚᱜ ᱠᱟᱱ ᱛᱟᱦᱮᱸᱫ ᱚᱱᱟᱨᱮᱭᱟᱜ ᱢᱤᱫ ᱫᱷᱟᱨᱬᱟ ᱴᱩᱨᱤᱥᱴ ᱠᱚ ᱮᱢᱟᱠᱚ ᱠᱷᱟᱹᱛᱤᱨ ᱠᱚᱢᱯᱞᱮᱠᱥ ᱨᱮᱭᱟᱜ ᱫᱷᱟᱨᱮ ᱠᱚᱨᱮ ᱢᱮᱱᱟᱜ ᱚᱲᱟᱜ ᱠᱚ ᱫᱚᱦᱲᱟ ᱵᱮᱱᱟᱣ ᱟᱹᱨᱩ ᱟᱠᱟᱫᱟ᱾
अपने सुझावों के लिए आपका बहुत - बहुत शुक्रिया ।	ᱟᱭᱢᱟ ᱥᱟᱨᱦᱟᱣ ᱟᱢᱟᱜ ᱥᱟᱞᱦᱟ ᱞᱟᱹᱜᱤᱫ ᱾
मैं उनमें से कुछ को लाने के लिए एक बार परीक्षा खत्म हो गया है।	ᱢᱤᱫᱫᱷᱟᱣ ᱵᱤᱰᱟᱹᱣ ᱪᱟᱵᱟᱞᱮᱱᱠᱷᱟᱱ ᱤᱧ ᱫᱚ ᱩᱝᱠᱩ ᱢᱩᱫᱽ ᱠᱷᱚᱱ ᱠᱤᱪᱷᱩᱧ ᱟᱹᱜᱩᱠᱩᱣᱟ ᱾
आप वहाँ इतने सारे स्थानों पर भेंट कर सकते हैं, और ख़ासकर जब आप ऐतिहासिक जगहों में हैं ।	ᱚᱸᱰᱮ ᱟᱭᱢᱟ ᱚᱱᱠᱟᱱ ᱡᱟᱭᱜᱟ ᱢᱮᱱᱟᱜᱼᱟ ᱡᱟᱦᱟᱸᱠᱚ ᱟᱢᱮᱢ ᱧᱮᱞ ᱫᱟᱲᱮᱭᱟᱜᱼᱟ, ᱟᱨ ᱵᱤᱥᱮᱥ ᱠᱟᱭᱛᱮ ᱡᱚᱠᱷᱚᱱ ᱟᱢ ᱱᱟᱜᱟᱢᱤᱭᱟᱹ ᱴᱷᱟᱶᱨᱮᱢ ᱪᱟᱞᱟᱜᱼᱟ ᱾
यदि कोई व्यक्ति DRM तकनीक को तोड़ देता है तो नकल करना संभव हो जाता है।	ᱡᱟᱦᱟᱭ ᱡᱩᱫᱤ ᱢᱤᱫᱴᱟᱝ ᱰᱤ ᱟᱨ ᱮᱢ ᱞᱟᱜᱟᱱ ᱠᱟᱹᱨᱤᱭ ᱨᱟᱹᱯᱩᱫᱟ ᱮᱱᱠᱷᱟᱱ ᱱᱚᱠᱚᱞ ᱠᱚᱨᱟᱣ ᱫᱚ ᱵᱟᱝ ᱥᱚᱢᱵᱷᱚᱵᱟ ᱾
पेंटिंग की सबसे अहम खासियत क्या है?	ᱪᱤᱛᱟᱹᱨ ᱨᱮᱭᱟᱜ ᱡᱚᱛᱚᱠᱷᱚᱱ ᱥᱚᱨᱮᱥᱟᱜ ᱩᱨᱜᱟᱹᱱ ᱠᱚᱫᱚ ᱪᱮᱫ ᱪᱮᱫ ᱠᱩ ᱠᱟᱱᱟ ?
क्या मुसीबत है?	ᱪᱮᱫ ᱵᱟᱹᱲᱤᱡᱽ ᱦᱟᱞᱚᱛ ?
विकास और पर्यावरण सुरक्षा (डी. ए.) के आधुनिक विस्तार (EEEEP) संस्था ने विकसित किया जो जीव - विज्ञानीों को ५०% द्वारा लकड़ी के सेवन को कम करने के लिए प्रयोग करते हैं ।	ᱰᱤᱤᱤᱯᱤ ᱱᱟᱦᱟᱜ ᱪᱩᱞᱦᱟ ᱥᱳᱥᱟᱭᱴᱤ ᱚᱯᱷ ᱰᱮᱵᱷᱮᱞᱚᱯᱢᱮᱱᱴ ᱮᱱᱰ ᱮᱱᱵᱷᱟᱭᱨᱚᱱᱢᱮᱱᱴ ᱯᱨᱳᱴᱮᱠᱥᱚᱱ (ᱰᱤᱤᱤᱯᱤ) ᱫᱚ ᱱᱟᱦᱟᱜ ᱰᱤᱤᱤᱯᱤ ᱪᱩᱞᱟᱭ ᱵᱮᱱᱟᱣ ᱟᱠᱟᱫᱟ ᱡᱟᱸᱦᱟ ᱫᱚ ᱠᱟᱴ ᱨᱮᱭᱟᱜ ᱵᱮᱣᱦᱟᱨ ᱕᱐% ᱠᱚᱢ ᱞᱟᱹᱜᱤᱫ ᱵᱟᱭᱳᱢᱟᱥᱮ ᱵᱮᱣᱦᱟᱨᱼᱟ ᱾
इकहत्तर	ᱮᱭᱟᱭ ᱜᱮᱞ ᱢᱤᱫ
क्या आप जानते हैं कि यह संरचना 10,000 वर्ष पुरानी है?	ᱟᱢ ᱪᱮᱫ ᱵᱟᱰᱟᱭᱟᱢ ᱡᱮ, ᱱᱚᱶᱟ ᱜᱚᱲᱦᱚᱱ ᱫᱚ ᱑᱐᱐᱐᱐ ᱥᱮᱨᱢᱟ ᱢᱟᱨᱮᱭᱟᱜ ᱠᱟᱱᱟ ᱾
वह इस पद को संभालने वाली पहली महिला और पहली हिस्पैनिक थीं।	ᱩᱱᱤ ᱫᱚᱭ ᱛᱟᱦᱮᱸ ᱠᱟᱱᱟ ᱯᱳᱭᱞᱳ ᱛᱤᱨᱞᱟᱹ ᱟᱨ ᱯᱳᱭᱞᱳ ᱦᱤᱥᱯᱟᱱᱤᱠ ᱡᱟᱸᱦᱟᱭ ᱫᱚ ᱱᱚᱶᱟ ᱦᱩᱫᱟᱹᱨᱮ ᱡᱚᱯᱲᱟᱣ ᱛᱟᱦᱮᱸ ᱠᱟᱱᱟ ᱾
इसका मतलब यह है कि डिज़ाइन प्रबंधन किसी एक डिज़ाइन अनुशासन तक सीमित नहीं है।	ᱱᱚᱣᱟ ᱨᱮᱭᱟᱜ ᱢᱚᱛᱞᱚᱵ ᱫᱚ ᱦᱩᱭᱩᱜ ᱠᱟᱱᱟ ᱡᱮ ᱰᱤᱡᱟᱭᱤᱱ ᱢᱮᱱᱮᱡᱢᱮᱱᱴ ᱫᱚ ᱢᱤᱫ ᱰᱤᱡᱟᱭᱤᱱ ᱪᱟᱹᱞᱤ ᱨᱮ ᱵᱟᱭ ᱮᱥᱮᱫᱼᱟ ᱾
अमेरिका के शिक्षा प्रणाली में, अंग्रेजी उपदेश का माध्यम है, जबकि Dzonga राष्ट्रीय भाषा के रूप में सिखाया जाता है.	ᱵᱷᱩᱴᱟᱱ ᱨᱮᱭᱟᱜ ᱥᱮᱪᱮᱫ ᱵᱚᱱᱫᱮᱡ ᱨᱮ, ᱥᱮᱪᱮᱫ ᱨᱮᱭᱟᱜ ᱢᱟᱫᱷᱚᱢ ᱤᱝᱨᱟᱹᱡᱤ ᱦᱩᱭᱞᱮᱱ ᱨᱮᱦᱚᱸ ᱡᱟᱹᱛᱤᱭᱟᱹᱨᱤ ᱯᱟᱹᱨᱥᱤ ᱦᱤᱥᱟᱹᱵᱛᱮ ᱡᱚᱝᱠᱷᱟ ᱪᱮᱪᱮᱫ ᱦᱩᱭᱩᱜᱼᱟ ᱾
टॉमी हॉन्डर ने कहा, "बाला चरम की पहली रानी थी. मेरा पहला प्रबंधक. लूना दो चाँद की रात को दूर हो गया. बहुत ही विशिष्ट है उसकी तरह. मजबूत महिला. "	ᱴᱚᱢᱤ ᱰᱨᱤᱢᱟᱨ ᱮ ᱞᱟᱹᱭ ᱟᱠᱟᱫᱟ "ᱞᱩᱱᱟ ᱫᱚ ᱮᱠᱥᱴᱨᱤᱢ ᱨᱮᱱ ᱯᱩᱭᱞᱩ ᱨᱟᱹᱱᱤ ᱮ ᱛᱟᱦᱮᱸ ᱠᱟᱱᱟ᱾ ᱤᱧ ᱨᱮᱱ ᱯᱩᱭᱞᱩ ᱢᱮᱱᱮᱡᱟᱨ᱾ ᱞᱩᱱᱟ ᱫᱚᱥᱟᱨ ᱠᱩᱱᱟᱹᱢᱤ ᱨᱮᱭ ᱵᱚᱸᱜᱟ ᱛᱟᱞᱟ ᱮᱱᱟ᱾ ᱩᱱᱤ ᱞᱮᱠᱟ ᱜᱮ ᱟᱹᱰᱤ ᱪᱚᱨᱚᱠ᱾ ᱫᱟᱲᱮᱭᱟᱱ ᱛᱤᱨᱞᱟᱹ᱾"
और इनमें से ज़्यादातर शिक्षक चेलों के पीछे - पीछे चल रहे थे ।	ᱩᱱᱠᱩ ᱥᱟᱱᱟᱢ ᱥᱩᱵᱤᱫᱟ ᱮᱢ ᱦᱩᱭᱟᱠᱟᱱᱟ ᱡᱟᱸᱦᱟᱭᱫᱚ ᱟᱠᱚᱣᱟᱜ ᱥᱚᱵᱟᱵᱽ ᱞᱮᱠᱟᱛᱮ ᱱᱤᱡᱷᱩᱢᱨᱮ ᱱᱤᱨᱟᱹᱞᱟ ᱡᱤᱭᱚᱱ ᱠᱷᱟᱸᱰᱟᱣ ᱞᱟᱹᱜᱤᱫ ᱟᱨᱦᱚᱸ ᱟᱫᱷᱟᱛᱛᱤᱠ ᱥᱮᱡᱽᱠᱚ ᱞᱟᱹᱣᱭᱤᱨ ᱟᱠᱟᱱᱟ ᱚᱱᱠᱟᱱ ᱦᱚᱲᱠᱚ ᱞᱟᱹᱜᱤᱫ ᱟᱨ ᱱᱩᱠᱩ ᱢᱟᱪᱮᱫ ᱠᱚᱨᱮᱱ ᱵᱟᱹᱲᱛᱤ ᱦᱚᱲᱨᱮᱱᱜᱮ ᱪᱮᱞᱟᱠᱚ ᱟᱹᱰᱤ ᱥᱟᱸᱜᱮᱠᱚ ᱛᱟᱸᱦᱮᱠᱟᱱᱟ ᱾
जब लोगों की नौकरियों की जगह मशीनों ने ले ली, तो वे सड़कों पर पुलिस से भिड़ गए।	ᱦᱚᱲ ᱠᱚ ᱰᱟᱦᱟᱨ ᱨᱮ ᱯᱩᱞᱤᱥ ᱠᱚ ᱥᱟᱞᱟᱜ ᱠᱚ ᱞᱟᱹᱲᱦᱟᱹᱭ ᱞᱮᱫᱟ ᱡᱚᱠᱷᱚᱱ ᱩᱱᱠᱩᱣᱟᱜ ᱠᱟᱹᱢᱤ ᱢᱮᱥᱤᱱ ᱫᱟᱨᱟᱭ ᱛᱮ ᱵᱚᱱᱚᱫᱚᱞ ᱦᱩᱭ ᱞᱮᱱᱟ ᱾
यह एक ऐसा औज़ार है जो लोगों को बढ़ावा देता है कि वे पारंपरिक स्कूल के दिन के अलावा और भी अच्छी तरह सीखने का बढ़ावा दें ।	ᱵᱽᱞᱚᱜᱤᱸᱜᱽ ᱢᱤᱫᱴᱟᱝ ᱚᱱᱠᱟᱱ ᱰᱤᱵᱟᱤᱥ ᱠᱟᱱᱟ ᱡᱟᱦᱟᱸ ᱫᱚ ᱥᱚᱦᱮᱫ ᱞᱟᱹᱜᱤᱫ ᱛᱮ ᱩᱫᱽᱜᱟᱹᱣ ᱠᱚ ᱧᱟᱢᱚᱜᱼᱟ, ᱟᱨ ᱯᱟᱹᱴᱷᱩᱣᱟᱹ ᱠᱚ ᱯᱚᱨᱟᱸᱯᱟᱨᱤᱠ ᱟᱥᱲᱟ ᱫᱤᱱ ᱠᱷᱚᱱᱟᱜ ᱦᱚᱸ ᱞᱟᱦᱟ ᱥᱤᱠᱱᱟᱹᱛ ᱞᱟᱹᱜᱤᱫ ᱩᱫᱽᱜᱟᱹᱣ ᱮᱫ ᱠᱚᱣᱟ᱾
Ok, मैं अगली बार आप को बता देंगे हम एक सवारी पर बाहर जाना।	ᱴᱷᱤᱠ ᱜᱮᱭᱟ, ᱤᱧ ᱞᱟᱹᱭ ᱟᱢᱟ ᱛᱟᱭᱚᱢᱛᱮ ᱟᱞᱮ ᱵᱟᱨᱦᱮ ᱨᱟᱭᱤᱰ ᱞᱮ ᱪᱟᱞᱟᱜ ᱠᱷᱟᱱ ᱾
कोकामा घाटी - चिली का पूर्वाभर गंतव्य पर चढ़ रहा है, जो दक्षिण अमरीका के Yome के नाम से जाना जाता है, और विभिन्न प्रकार की बड़ी दीवार और चट्टानों के साथ.	ᱠᱚᱪᱚᱢ ᱜᱷᱟᱹᱴᱤ ᱫᱚ - ᱪᱤᱞ ᱨᱮᱭᱜ ᱯᱨᱚᱢᱩᱠᱷ ᱫᱮᱡ ᱜᱚᱱᱛᱚᱵᱭᱚ, ᱡᱟᱦᱟᱸ ᱫᱚ ᱠᱚᱧᱮ ᱟᱢᱮᱨᱤᱠᱟ ᱨᱮᱭᱟᱜ ᱭᱚᱥᱢᱮᱴ ᱦᱤᱥᱟᱹᱵ ᱛᱮ ᱵᱟᱲᱟᱭ ᱧᱟᱢᱚᱜ ᱠᱟᱱᱟ, ᱮᱴᱟᱜᱼᱮᱴᱟᱜ ᱨᱮᱭᱟᱜ ᱜᱽᱨᱮᱱᱮᱰ ᱢᱟᱨᱟᱝ ᱠᱟᱸᱛ ᱟᱨ ᱠᱨᱮᱠᱥ ᱥᱟᱶᱛᱮ᱾
बाद में उन्होंने अपने नाम के ब्रांड वाले सामान बेचना शुरू कर दिया।	ᱛᱟᱭᱚᱢ ᱛᱮ ᱟᱡᱟᱜ ᱧᱩᱛᱩᱢ ᱨᱮᱭᱟᱜ ᱵᱨᱮᱹᱱᱰ ᱛᱮ ᱫᱩᱨᱤᱵ ᱠᱚ ᱟᱹᱠᱷᱨᱤᱧ ᱮ ᱮᱛᱚᱦᱚᱵ ᱠᱮᱫᱟ ᱾
कुछ लोगों का कहना है कि वे जंगली जानवरों में जी रहे हैं ।	ᱮᱴᱟᱜ ᱠᱚ ᱪᱮᱛᱟᱱ ᱨᱮ ᱟᱨᱳᱯ ᱢᱮᱱᱟᱜᱼᱟ ᱡᱮ ᱩᱱᱠᱩ ᱫᱚ ᱡᱟᱱᱣᱟᱨ ᱴᱷᱮᱱ ᱠᱚ ᱦᱟᱨᱟ ᱟᱠᱟᱱᱟ; ᱟᱫᱚᱢ ᱫᱚ ᱵᱤᱨ ᱨᱮ ᱟᱠᱚ ᱛᱮᱠᱚ ᱛᱟᱦᱮᱸᱱᱟ ᱢᱮᱱᱛᱮ ᱞᱟᱹᱭ ᱦᱩᱭᱩᱜᱼᱟ᱾
1847 में स्नातक होने के बाद, उन्हें यू.एस. पहली आर्टिलरी में तैनात किया गया था।	᱑᱘᱔᱗ ᱥᱟᱞ ᱨᱮ ᱵᱤ ᱮ ᱯᱟᱥ ᱛᱟᱭᱚᱢ ᱩᱱᱤ ᱫᱚ ᱢᱟᱨᱠᱤᱱ ᱑ ᱟᱱᱟᱜ ᱟᱨᱴᱤᱞᱟᱨᱤᱨᱮ ᱵᱷᱮᱡᱟ ᱦᱩᱭ ᱞᱮᱱᱟ ᱾
मैं आपसे बहुत सारे लैपटॉप खरीदता हूँ। क्या आप चाहते हैं कि मैं अपना व्यवसाय कहीं और ले जाऊँ? (ग्राहक)।	ᱤᱧ ᱫᱚ ᱟᱢ ᱴᱷᱮᱱ ᱠᱷᱚᱱ ᱟᱹᱰᱤ ᱜᱟᱱ ᱞᱮᱯᱴᱚᱯᱤᱧ ᱠᱤᱨᱤᱧ ᱮᱫᱟ ᱾ ᱟᱢ ᱠᱤᱧ ᱠᱷᱚᱡ ᱠᱟᱱᱟ ᱤᱧᱟᱹᱜ ᱵᱮᱯᱟᱨ ᱫᱚ ᱮᱴᱟᱜ ᱡᱟᱦᱟᱱ ᱴᱷᱟᱶ ᱨᱤᱧ  ᱤᱫᱤᱭ ᱢᱟ ? (ᱠᱤᱨᱤᱧᱤᱭᱟᱹ)
मुझे उन धावकों से नफरत है जो दूसरों को रास्ते से धक्का देते हैं।	ᱤᱧ ᱫᱟᱹᱫᱟᱹᱲ ᱠᱩᱧ ᱦᱤᱨᱠᱟᱹ ᱟᱠᱚᱣᱟ ᱡᱟᱦᱟᱭ ᱫᱚ ᱮᱴᱟᱜ ᱠᱚ ᱰᱟᱦᱟᱨ ᱠᱷᱚᱱ ᱥᱟᱹᱜᱤᱧ ᱨᱮᱠᱚ ᱴᱷᱮᱞᱟᱣ ᱠᱟᱠᱚᱣᱟ ᱾
तो मुझे लगता है कि यह बेहतर होगा अगर आप कल के लिए छोड़ दिया जाएगा.	ᱮᱱᱠᱷᱟᱱ ᱤᱧᱤᱧ ᱢᱚᱱᱮᱭᱟ ᱜᱟᱯᱟ ᱟᱢ ᱪᱷᱩᱴᱤᱢ ᱦᱟᱛᱟᱣ ᱞᱣᱠᱷᱟᱱ ᱵᱷᱟᱜᱮ ᱦᱩᱭᱩᱜᱼᱟ ᱾
कलाशोथ के अनुसार, एक प्रवर्ना या द्रता 80 चूहे के बराबर था (१ मीमा = ५ पर आधारित) ।	ᱚᱨᱛᱷᱚᱥᱟᱥᱛᱨᱚ ᱞᱮᱠᱟᱛᱮ ᱢᱤᱫᱴᱟᱝ ᱥᱳᱱᱟ ᱥᱨ ᱠᱟᱨᱥ ᱛᱟᱦᱮᱸᱠᱟᱱᱟ ᱘᱐ ᱨᱚᱛᱛᱤ ᱵᱟᱨᱟᱵᱟᱹᱨᱤ (᱑ ᱢᱟᱥᱟ = ᱕ ᱨᱚᱛᱛᱤ ᱢᱟᱱ ᱨᱮᱭᱟᱜ ᱞᱮᱠᱟᱛᱮ) ᱾
उनके शोध हितों में पुरातत्व, इतिहास, लोककथाएं और संग्रहालय शामिल थे।	ᱩᱱᱤᱭᱟᱜ ᱠᱷᱫᱽᱨᱚᱱ ᱨᱮᱭᱟᱜ ᱡᱷᱩᱠ ᱢᱩᱫᱨᱮ ᱢᱮᱱᱟᱜᱼᱟ ᱯᱨᱚᱛᱱᱚᱛᱛᱚ, ᱱᱟᱜᱟᱟᱢ, ᱦᱚᱲᱠᱟᱹᱦᱚᱱᱤ ᱟᱨ ᱡᱟᱹᱫᱩ ᱚᱲᱟᱜ ᱾
मेरे पास साठ हाथी हैं।	ᱤᱧ ᱴᱷᱮᱱ ᱛᱩᱨᱩᱭ ᱜᱮᱞ ᱜᱚᱴᱟᱝ ᱦᱟᱛᱤ ᱢᱮᱱᱟᱜᱼᱟ ᱠᱚᱣᱟ।
उन्होंने कई रिकॉर्ड तोड़े और दिखाया कि हवाई यात्रा कितनी आगे बढ़ चुकी थी।	ᱩᱱᱤ ᱫᱚ ᱟᱭᱢᱟ ᱨᱮᱠᱚᱨᱰ ᱮ ᱨᱟᱹᱯᱩᱫ ᱟᱠᱟᱫᱟ ᱟᱨᱮ ᱩᱫᱩᱜ ᱟᱠᱟᱫᱟ ᱪᱮᱫ ᱞᱮᱠᱟ ᱠᱟᱛᱮ ᱩᱰᱟᱹᱱ ᱜᱟᱹᱰᱤᱛᱮ ᱫᱟᱸᱲᱟᱱ ᱞᱟᱦᱟ ᱤᱫᱤ ᱟᱠᱟᱱᱟ ᱾
वह रोमानिया में यूनियन ऑफ फाइन आर्टिस्ट्स की सदस्य थीं।	ᱩᱱᱤ ᱫᱚ ᱨᱳᱢᱟᱱᱤᱭᱟ ᱨᱮᱱ ᱯᱷᱟᱭᱤᱱ ᱟᱨᱴᱤᱥᱴ ᱤᱭᱩᱱᱤᱭᱚᱱ ᱨᱮᱱ ᱨᱟᱹᱥᱭᱟᱹᱭ ᱛᱟᱦᱮᱸ ᱠᱟᱱᱟ ᱾
लेकिन यदि आप टिकट्स ऑनलाइन खरीदते हैं या भुगतान के लिए एक क्यूआर कोड स्कैन करते हैं तो आप एक ऋण प्राप्त कर सकते हैं.	ᱡᱩᱫᱤ ᱟᱢ ᱚᱱᱞᱟᱭᱤᱱᱛᱮ ᱴᱤᱠᱤᱴ ᱠᱟᱴᱟᱣᱼᱟ ᱥᱮ ᱠᱤᱣᱩᱟᱨ ᱠᱳᱰ ᱥᱠᱮᱱ ᱠᱟᱛᱮᱜ ᱮᱢ ᱯᱮᱢᱮᱱᱴᱼᱟ ᱮᱱᱠᱷᱟᱱ ᱟᱢ ᱪᱷᱟᱹᱲᱮᱢ ᱧᱟᱢ ᱫᱟᱲᱮᱭᱟᱜᱼᱟ ?
काश मैं भी ऐसा कह पाता क्योंकि मेरा बीमा आयुर्वेदिक उपचार को कवर नहीं करता है।	ᱤᱧᱤᱧ ᱠᱷᱚᱡᱟ ᱤᱧ ᱢᱤᱫ ᱠᱟᱛᱷᱟ ᱜᱤᱧ ᱞᱟᱹᱭ ᱫᱟᱲᱮᱭᱟᱜᱼᱟ ᱚᱡᱮᱫᱚ ᱤᱧᱟᱹᱜ ᱵᱤᱢᱟᱹ ᱟᱹᱭᱩᱨᱵᱮᱫᱤᱠ ᱪᱤᱠᱤᱪᱪᱷᱟ ᱵᱟᱭ ᱠᱚᱵᱷᱟᱨᱟ ᱾
मेरे पास चौवन बच्चा हैं।	ᱤᱧ ᱴᱷᱮᱱ ᱢᱚᱬᱮ ᱜᱮᱞ ᱯᱳᱱ ᱜᱚᱴᱟᱝ ᱜᱤᱫᱽᱨᱟᱹ ᱢᱮᱱᱟᱜᱼᱟ ᱠᱚᱣᱟ।
यह हज़ारों छोटी नदियों से पानी लेता है ।	ᱢᱩᱲᱩᱛ ᱟᱢᱟᱡᱚᱱ ᱜᱟᱰᱟ ᱫᱚ ᱖,᱓᱘᱗ km(᱓,᱙᱘᱐ ᱢᱟᱭᱤᱞ) ᱡᱷᱟᱹᱞ-ᱟ᱾ ᱱᱚᱶᱟ ᱫᱚ ᱢᱤᱫ ᱦᱟᱡᱟᱨ ᱠᱷᱚᱱ ᱵᱤᱥᱛᱤ ᱠᱟᱹᱴᱤᱡ ᱜᱟᱰᱟ ᱠᱚᱨᱮ ᱠᱷᱚᱱ ᱫᱟᱜ-ᱮ ᱟᱹᱜᱩᱭᱮᱫᱟ᱾
और सबसे महत्त्वपूर्ण बात तो यह है कि इस वैक्सीन को पूरी तरह से अनिवार्य है ।	ᱟᱨ ᱡᱚᱛᱚᱠᱷᱚᱱ ᱞᱟᱹᱠᱛᱤᱭᱟᱜ, ᱴᱤᱠᱟᱹ ᱦᱟᱛᱟᱣ ᱫᱚ ᱮᱠᱟᱞ ᱡᱟᱹᱨᱩᱲᱟ ᱾
ओह नहीं, काशमीर फ़ाइलें सुबुली नहीं बल्कि!	ᱳᱦ ᱵᱟᱝ, ᱫᱟ ᱠᱟᱥᱢᱤᱨ ᱯᱷᱟᱭᱤᱞ ᱥᱩᱢᱵᱚᱞᱤ ᱟᱜ ᱵᱟᱦᱟᱞ ᱫᱚ ᱵᱟᱝ ᱠᱟᱱᱟ !
फिरौन कुफुस का सम्मान करने के लिए महान पिरामिड बनाया गया, और छोटे से छोटे पिरामिडों, कब्रों, और मंदिरों को कुफुस की पत्नियों और परिवार के सदस्यों का सम्मान करने के लिए बनाया गया था।	ᱢᱟᱦᱟᱱ ᱯᱤᱨᱟᱢᱤᱰ ᱯᱷᱮᱭᱨᱚᱱ ᱠᱷᱩᱯ ᱟᱜ ᱢᱟᱹᱱ ᱨᱮ ᱛᱮᱭᱟᱜ ᱦᱩ‌ᱭ ᱞᱮᱱᱟ, ᱟᱨ ᱟᱭᱢᱟ ᱦᱚᱯᱟᱱ ᱯᱤᱨᱟᱢᱤᱰ, ᱢᱟᱠᱷᱵᱚᱨ ᱟᱨ ᱢᱚᱱᱫᱤᱨ ᱠᱷᱩᱯᱩ ᱨᱮᱭᱟᱜ ᱦᱮᱨᱮᱞ ᱟᱨ ᱜᱷᱟᱨᱚᱡᱽ ᱨᱤᱱ ᱦᱚᱲ ᱠᱚ ᱥᱤᱯᱷᱟᱹᱤᱱ ᱞᱟᱹᱜᱤᱫ ᱛᱮᱭᱟᱨ ᱞᱮᱱᱟ᱾
इसके अलावा प्रशांत महासागरीय चेतावनी केंद्र ने भी कहा कि कोई टी.	ᱟᱨᱦᱚᱸ ᱯᱟᱥᱤᱯᱷᱤᱠ ᱥᱩᱱᱟᱢᱤ ᱣᱟᱨᱱᱤᱝ ᱥᱮᱱᱴᱚᱨ ᱢᱮᱱ ᱠᱮᱜᱼᱟᱭ ᱡᱮ ᱪᱮᱫ ᱦᱚᱸ ᱥᱩᱱᱟᱢᱤ ᱨᱮᱭᱟᱜ ᱣᱟᱨᱱᱤᱝ ᱵᱟᱹᱱᱩᱜᱼᱟI
उस समय सिनाई में मिस्र की गतिविधियाँ अपने चरम पर थीं।	ᱚᱱᱟ ᱚᱠᱛᱚ ᱥᱤᱱᱟᱭ ᱨᱮ ᱢᱤᱥᱚᱨᱤᱭᱚ ᱠᱚᱣᱟᱜ ᱠᱟᱹᱢᱤᱠᱟᱹᱥᱱᱤ ᱪᱮᱛᱟᱱ ᱨᱮ ᱛᱟᱦᱮᱸ ᱠᱟᱱᱟ ᱾
एबविले (Abbeville) पोंथियू के पूर्व फ्रांसीसी प्रांत की राजधानी थी।	ᱮᱹᱵᱮᱵᱷᱤᱞ ᱫᱚ ᱯᱷᱨᱟᱱᱥ ᱨᱮᱭᱟᱜ ᱢᱟᱨᱮᱱ ᱯᱚᱱᱛᱷᱤᱭᱩ ᱯᱨᱚᱫᱮᱥ ᱨᱮᱭᱟᱜ ᱨᱟᱡᱽᱜᱟᱲ ᱛᱟᱦᱮᱸ ᱠᱟᱱᱟ ᱾
मेरे पास पंद्रह अक्षर हैं।	ᱤᱧ ᱴᱷᱮᱱ ᱜᱮᱞ ᱢᱚᱬᱮ ᱜᱚᱴᱟᱝ ᱚᱠᱷᱚᱨ ᱢᱮᱱᱟᱜᱼᱟ ᱠᱚᱣᱟ।
हर सुबह, लोग कारों में छोटे - छोटे शहरों को अपना काम करने के लिए छोड़ देते हैं और दूसरे हैं जिनकी मंज़िल उनके पास है ।	ᱫᱤᱱᱟᱹᱢ ᱥᱮᱛᱟᱜ, ᱦᱚᱲᱠᱚ ᱠᱟᱹᱢᱤᱴᱷᱟᱶ ᱨᱮ ᱥᱮᱱᱚᱜ ᱞᱟᱹᱜᱤᱫ ᱦᱩᱰᱤᱧ ᱥᱚᱦᱚᱨ ᱠᱚᱨᱮ ᱠᱷᱚᱱ ᱠᱟᱨ ᱛᱮ ᱠᱚ ᱚᱰᱚᱠᱚᱜ ᱠᱟᱱᱟ ᱠᱚ ᱟᱨ ᱮᱴᱟᱜ ᱦᱚᱲ ᱠᱚ ᱥᱟᱶ ᱠᱚ ᱯᱟᱨᱚᱢᱚᱜ ᱠᱟᱱᱟ ᱡᱟᱦᱟᱸᱭ ᱟᱜ ᱠᱟᱹᱢᱤ ᱥᱟᱺᱜᱤᱧ ᱚᱱᱟ ᱡᱟᱭᱜᱟ ᱛᱟᱦᱮᱱ ᱠᱟᱱᱟ ᱡᱟᱦᱟᱸ ᱠᱷᱚᱱ ᱩᱱᱤ ᱱᱤᱛ ᱱᱟᱝ ᱮ ᱚᱰᱚᱠᱚᱜ ᱠᱟᱱᱟ᱾
यह कला और विज्ञान में उत्कृष्टता और नेतृत्व को सम्मानित करने के लिए समर्पित है।	ᱱᱚᱶᱟ ᱫᱚ ᱵᱤᱨᱤᱫ ᱟᱨ ᱥᱟᱬᱮᱥ ᱨᱮ ᱥᱚᱨᱮᱥ ᱟᱨ ᱟᱹᱭᱩᱨ ᱨᱮᱭᱟᱜ ᱢᱟᱹᱱ ᱞᱟᱹᱜᱤᱫ ᱥᱩᱯᱨᱳᱫᱼᱟ ᱾
मेरे दोस्त, सिरिल ने मुझे बताया था कि तुम सही व्यक्ति हो खाने और रेस्तराँ की सिफारिश करने के लिए जब बात करने के लिए.	ᱤᱧᱨᱮᱱ ᱜᱟᱛᱮ, ᱥᱤᱨᱤᱞ ᱤᱧᱮ ᱞᱟᱹᱭᱟᱹᱧ ᱠᱟᱱᱛᱟᱦᱮᱸ ᱡᱚᱢᱟᱜ ᱟᱨ ᱡᱚᱢ ᱡᱤᱨᱟᱹᱣ ᱚᱲᱟᱜ ᱨᱮᱭᱟᱜ ᱠᱟᱛᱷᱟ ᱞᱟᱹᱜᱤᱫᱛᱮ ᱟᱢᱜᱮ ᱡᱚᱛᱷᱟᱛ ᱦᱚᱲ ᱠᱟᱱᱟᱢ ᱾
एक पहाड़ की चोटी पर उत्तर - पश्‍चिम की ओर है, गुफा बाक़ी के संसार से पूरी तरह भिन्‍न है ।	ᱢᱟᱹᱠᱠᱟ ᱨᱮᱭᱟᱜ ᱮᱛᱚᱢ ᱨᱮᱭᱟᱜ ᱵᱩᱨᱩ ᱠᱷᱚᱱ ᱢᱤᱫᱴᱟᱹᱝ ᱪᱟᱹᱴᱤ ᱨᱮ ᱢᱮᱱᱟᱜᱼᱟ, ᱜᱷᱚᱸᱜᱚᱨ ᱫᱚ ᱵᱟᱹᱠᱤ ᱡᱟᱭᱜᱟ ᱠᱷᱚᱱ ᱯᱩᱨᱟᱹᱼᱯᱩᱨᱤ ᱵᱷᱮᱜᱟᱨ ᱜᱮᱭᱟ᱾
मैं उस तरह की कुछ भी फैसला नहीं किया है.	ᱤᱧ ᱚᱱᱟᱞᱮᱠ ᱠᱟᱹᱪ ᱜᱚᱴᱟ ᱴᱷᱤᱠ ᱵᱟᱹᱧ ᱦᱟᱛᱟᱣ ᱟᱠᱟᱫᱟ ᱾
ओह! उसे क्या हुआ?	ᱳᱦ, ᱪᱮᱫ ᱮ ᱪᱤᱠᱟᱹ ᱟᱠᱟᱱᱟ ?
यह पहली बार था कि महिलाओं को प्रगणक (enumerator) बनने की अनुमति दी गई थी।	ᱱᱚᱶᱟ ᱯᱳᱭᱞᱳ ᱛᱤᱨᱞᱟᱹ ᱠᱚ ᱞᱮᱠᱷᱟ ᱨᱮᱭᱟᱜ ᱟᱹᱭᱫᱟᱹᱨ ᱮᱢ ᱦᱩᱭ ᱞᱮᱱᱟ ᱾
उन्हें 1997 में राष्ट्रपति का 'प्राइड ऑफ परफॉर्मेंस' पुरस्कार मिला।	ᱩᱱᱤ ᱫᱚ ᱑᱙᱙᱗ ᱥᱟᱞ ᱨᱮ ᱫᱤᱥᱚᱢᱜᱚᱝᱠᱮᱭᱟᱜ ᱯᱨᱟᱭᱤᱰ ᱚᱯᱷ ᱯᱟᱯᱷᱚᱨᱢᱮᱹᱱᱥ ᱥᱤᱨᱯᱟᱹᱭ ᱧᱟᱢ ᱞᱮᱫᱟ ᱾
लेकिन धीरे - धीरे यह समझ लिया गया कि अगर इन ट्रैकों को ऊपर से लोहे के आकार का रूप दिया जाता, तो वे ज़्यादा कुशल होते ।	ᱢᱤᱫ ᱵᱤᱠᱨᱟᱹᱣ ᱟᱠᱟᱱ ᱥᱴᱨᱟᱠᱪᱟᱨ ᱵᱟᱝ ᱠᱟᱛᱮ ᱛᱟᱡᱟ ᱢᱤᱠᱤᱥᱤᱭᱟ ᱠᱟᱨᱤᱵᱽ ᱥᱟᱨᱬᱤ ᱨᱮ ᱥᱮᱴᱮᱨ ᱮᱱᱟ, ᱟᱨ ᱯᱟᱨᱥᱤ ᱠᱚ ᱫᱚ ᱟᱠᱚᱣᱟᱜ ᱛᱚᱯᱠᱷᱟᱱᱟ ᱨᱮᱱᱟᱜ ᱨᱟᱹᱯᱩᱫ ᱟᱨ ᱯᱷᱞᱮᱝᱠᱟᱨᱥ ᱨᱮᱱᱟᱜ ᱵᱮᱵᱷᱟᱨ ᱢᱤᱫ ᱪᱚᱨᱟᱦᱟ ᱨᱮ ᱦᱩᱭ ᱮᱱᱟ, ᱡᱟᱦᱟᱸ ᱫᱚ ᱣᱟᱴᱥᱟᱱ ᱠᱟᱨᱱᱟᱨ ᱠᱚ ᱢᱮᱛᱟᱜ ᱠᱟᱱᱟ ᱡᱮ ᱚᱱᱟ ᱨᱮ ᱵᱷᱟᱨᱤ ᱵᱟᱹᱲᱤᱡ ᱵᱟᱝ ᱦᱩᱭ ᱫᱟᱲᱮᱭᱟᱜᱼᱟ᱾
वह एक कवि लुसियन रिडेल की चाची थीं।	ᱩᱱᱤ ᱫᱚ ᱚᱱᱚᱞᱤᱭᱟᱹ ᱞᱩᱡᱟᱱ ᱨᱟᱭᱰᱮᱞ ᱨᱮᱱ ᱠᱟᱠᱤᱭ ᱛᱟᱦᱮᱸ ᱠᱟᱱᱟ ᱾
आम तौर पर, चर्चा के लिए तीन दिन अलग - अलग होते हैं ।	ᱜᱟᱞᱚᱪ ᱞᱟᱹᱜᱤᱫ ᱛᱮ ᱯᱮ ᱫᱤᱱ ᱵᱚᱨᱟᱛ ᱛᱟᱸᱦᱮᱱᱟ ᱾
मैं परिस्थिति समझते हैं.	ᱵᱩᱡᱷᱦᱟᱹᱣᱫᱟᱲᱮᱭᱟᱜ ᱠᱟᱹᱱᱟᱹᱧ ᱾
उन्होंने ऐसा भी नहीं किया जैसा कि उनसे वादा किया गया था ।	ᱩᱝᱠᱩ ᱫᱚ ᱡᱟᱦᱟᱸ ᱠᱩ ᱠᱤᱨᱤᱭᱟᱹᱣᱟᱠᱟᱫ ᱫᱚ ᱵᱟᱝᱠᱩ ᱠᱟᱹᱢᱤᱭᱟᱠᱟᱫᱟ ᱾
मैंने आज टीवी चालू करने की कोशिश की लेकिन मुझे केवल काली स्क्रीन दिखाई दे रही है।	ᱤᱧ ᱛᱮᱦᱮᱧ ᱴᱤᱵᱷᱤ ᱪᱟᱞᱩᱭᱤᱧ ᱠᱩᱨᱩᱢᱩᱴᱩ ᱟᱠᱟᱫᱟ ᱢᱮᱱᱠᱷᱟᱱ ᱤᱧ ᱫᱚ ᱮᱠᱮᱱ ᱢᱤᱫᱴᱟᱝ ᱦᱮᱸᱫᱮ ᱯᱚᱨᱫᱟᱧ ᱧᱮᱞ ᱧᱟᱢᱮᱫᱟ ᱾
यह अराचथोस नदी पर बना एक पुराना पुल है।	ᱱᱚᱶᱟ ᱫᱚ ᱟᱨᱟᱠᱛᱷᱳᱥ ᱜᱟᱰᱟ ᱟᱲᱮᱨᱮ ᱢᱤᱫᱴᱟᱝ ᱢᱟᱨᱮᱱ ᱥᱟᱸᱠᱳ ᱾
इस दुकान की सब्ज़ियाँ हमेशा ताज़ा रहती हैं!	ᱱᱚᱶᱟ ᱫᱳᱠᱟᱱ ᱨᱮᱭᱟᱜ ᱥᱟᱹᱵᱡᱤ ᱠᱚᱫᱚ ᱥᱟᱱᱟᱢ ᱚᱠᱛᱚ ᱜᱮ ᱴᱟᱴᱠᱟ ᱧᱟᱢᱚᱜᱼᱟ !
एनिड ब्लाइटन और एडगर राइस बरोज़ ने उन लोगों के बारे में कहानियाँ लिखीं जिनके रोमांचक अनुभव होते हैं।	ᱮᱱᱤᱰ ᱵᱞᱟᱭᱤᱱᱴ ᱟᱨ ᱮᱰᱜᱟᱨ ᱨᱟᱭᱤᱥ ᱵᱩᱨᱳᱥ ᱱᱚᱝᱠᱟᱱ ᱦᱚᱲᱠᱚ ᱤᱫᱤᱠᱟᱛᱮ ᱠᱟᱹᱦᱚᱱᱤᱭ ᱚᱞ ᱟᱠᱟᱫᱟ ᱡᱟᱸᱦᱟᱭ ᱠᱚᱣᱟᱜ ᱨᱚᱢᱚᱪᱟᱱᱟᱜ ᱮᱹᱰᱵᱷᱮᱧᱪᱟᱨ ᱢᱮᱱᱟᱜᱼᱟ ᱾
आप कल कोई दूसरा रेस्टोरेंट ढूंढ सकते हैं। यहाँ वापस मत आना (रेस्टोरेंट प्रबंधक)।	ᱜᱟᱯᱟ ᱫᱚ ᱟᱢ ᱮᱴᱟᱜ ᱨᱮᱥᱴᱩᱨᱮᱱᱴ ᱮᱢ ᱛᱚᱞᱟᱥ ᱧᱟᱢ ᱫᱟᱲᱮᱭᱟᱜᱼᱟ ᱾ ᱱᱚᱸᱰᱮ ᱫᱚ ᱟᱞᱚᱢ ᱨᱩᱣᱟᱹᱲ ᱦᱤᱡᱩᱜᱼᱟ  ᱾ (ᱨᱮᱥᱴᱩᱨᱮᱱᱴ ᱢᱮᱱᱮᱡᱟᱨ)
इसके बजाय, यह ज़रूरी है कि आप उस वक्‍त तक उसकी रेखा पर बने रहें जब तक कि गेंद को लात मारी न जाए ।	ᱵᱚᱞ ᱟᱹᱣᱨᱤ ᱛᱷᱤᱭᱟᱹᱭ ᱦᱟᱹᱵᱤᱡ ᱜᱳᱞᱠᱤᱯᱟᱨᱫᱚ ᱮᱠᱟᱞᱜᱮ ᱟᱡᱟᱜ ᱞᱟᱭᱤᱱᱨᱮ ᱛᱟᱸᱦᱮᱱ ᱦᱩᱭᱩᱜ ᱛᱟᱭᱟ, ᱟᱨ ᱥᱟᱱᱟᱢ ᱠᱷᱮᱞᱚᱸᱰᱤᱭᱟᱹ ᱠᱚ ᱮᱠᱟᱞᱜᱮ ᱯᱮᱱᱟᱞᱴᱤ ᱴᱷᱟᱶ ᱛᱟᱭᱚᱢᱨᱮ ᱯᱮᱱᱟᱞᱴᱤ ᱨᱮᱭᱟᱜ ᱡᱟᱭᱜᱟ ᱵᱟᱨᱦᱮ ᱨᱮ ᱛᱟᱸᱦᱮᱱ ᱦᱩᱭᱩᱜ ᱛᱟᱠᱚᱣᱟ ᱾
ᱢᱤᱫ ᱥᱟᱭ	एक सौ
अट्ठावन	ᱢᱚᱬᱮ ᱜᱮᱞ ᱟᱨ
अपनी आखिरी घड़ी तक उसने इंसानों की मिसाल और आज्ञा के मुताबिक काम किया ।	ᱟᱡᱟᱜ ᱢᱩᱪᱟᱹᱫ ᱜᱷᱟᱹᱲᱤᱠ ᱦᱟᱹᱵᱤᱡ, ᱩᱱᱤᱫᱚ ᱫᱟᱹᱭᱠᱟᱹ ᱟᱨ ᱥᱟᱞᱦᱟ ᱫᱟᱨᱟᱭᱛᱮ ᱢᱟᱱᱶᱟ ᱥᱮᱵᱟᱭ ᱠᱟᱹᱢᱤᱭᱟᱠᱟᱫᱟ ᱾
यह समझने में प्रशिक्षकों ने टीचरों की मदद की है कि कौन - सी जानकारी विद्यार्थियों को परेशान कर रही है ।	ᱞᱟᱜᱟᱱᱠᱟᱹᱨᱤ ᱢᱟᱪᱮᱫᱠᱩᱭ ᱜᱚᱲᱚᱣᱟᱠᱩᱼᱟ ᱟᱨᱦᱚᱸ ᱵᱷᱟᱜᱤ ᱵᱤᱰᱟᱹᱣ ᱥᱟᱠᱟᱢ ᱵᱮᱱᱟᱣ ᱞᱟᱹᱜᱤᱫᱛᱮ, ᱡᱟᱦᱟᱸᱛᱮ ᱫᱚ ᱵᱟᱰᱟᱭᱚᱜᱼᱟ ᱡᱮ, ᱡᱟᱦᱟᱸᱭ ᱯᱟᱹᱴᱷᱣᱟᱹᱠᱩᱣᱟᱜ ᱥᱤᱠᱷᱱᱟᱹᱛ ᱫᱩᱨᱤᱵ ᱱᱤᱭᱟᱹ ᱚᱥᱩᱵᱤᱫᱷᱟ ᱦᱩᱭᱩᱜᱠᱟᱱ ᱛᱟᱦᱮᱸ ᱩᱝᱠᱩᱣᱟᱜ ᱟᱱᱟᱴ ᱫᱚ ᱚᱠᱟᱨᱮ ᱾
हाँ, मेरे एक दोस्त ने कुछ पाँच साल बाद वेब डिजाइन में एक स्नातक किया.	ᱦᱮᱸ, ᱤᱧᱨᱮᱱ ᱢᱤᱫᱽ ᱜᱟᱛᱤ ᱢᱚᱸᱲᱮ ᱥᱮᱨᱢᱟ ᱞᱟᱦᱟ ᱳᱣᱮᱵ ᱰᱤᱡᱟᱭᱤᱱ ᱪᱮᱛᱟᱱ ᱰᱤᱯᱞᱳᱢᱟᱭ ᱠᱚᱨᱟᱣᱟᱠᱟᱫᱟ ᱾
इससे प्राकृतिक वातावरण पर तनाव बढ़ जाएगा ।	ᱱᱚᱣᱟ ᱫᱚ ᱱᱮᱪᱮᱨᱟᱞ ᱤᱠᱳᱥᱤᱥᱴᱮᱢ ᱨᱮᱭᱟᱜ ᱪᱟᱯᱼᱮ ᱰᱷᱮᱨ ᱮᱫᱤᱭᱟ ᱾
मेरे पास दस बकरी हैं।	ᱤᱧ ᱴᱷᱮᱱ ᱜᱮᱞ ᱜᱚᱴᱟᱝ ᱵᱚᱠᱨᱟ ᱢᱮᱱᱟᱜᱼᱟ ᱠᱚᱣᱟ।
यह सच है कि एक इंसान के पास खाने - पीने की चीज़ें नहीं हैं ।	ᱥᱤᱠᱷ ᱫᱷᱚᱨᱚᱢ ᱡᱚᱢᱟᱜ ᱢᱤᱛᱟᱪᱟᱨ ᱟᱨ ᱥᱚᱝᱡᱚᱢ ᱩᱫᱜᱟᱹᱣ ᱠᱟᱛᱮ, ᱥᱮ ᱩᱯᱟᱹᱥ ᱵᱟᱝᱠᱷᱟᱱ ᱟᱹᱰᱤ ᱡᱚᱢ ᱚᱠᱟᱦᱚᱸ ᱵᱟᱝ ᱾
यह दो तरीक़ों से एक क्षेत्र को अपमानित करता है, अर्थात्‌ पाले हुए और ओलों को चूर - चूर करता है ।	ᱱᱚᱣᱟ ᱵᱟᱨᱭᱟ ᱦᱚᱨᱟᱛᱮ ᱢᱤᱫᱴᱟᱝ ᱴᱚᱴᱷᱟ ᱱᱟᱥᱟᱜᱼᱟ, ᱡᱮᱞᱮᱠᱟ ᱛᱩᱥᱟᱨᱪᱩᱲᱟᱹ ᱟᱨ ᱛᱩᱥᱟᱨ ᱫᱷᱟᱥᱟᱣ ᱾
यह बहुत महंगा है	ᱱᱚᱣᱟ ᱫᱚ ᱟᱹᱰᱤ ᱫᱟᱢ ᱜᱮᱭᱟ
इस पॉलिसी के लिए अधिकतम उम्र 55 साल है.	ᱱᱤᱭᱟᱹ ᱯᱚᱞᱤᱥᱤ ᱞᱟᱹᱜᱤᱫ ᱡᱚᱛᱚᱠᱷᱚᱱ ᱡᱟᱹᱥᱛᱤ ᱮᱱᱴᱨᱤ ᱩᱢᱟᱹᱨ ᱫᱚ ᱕᱕ ᱥᱮᱨᱢᱟ ᱾
इसके अतिरिक्‍त, बार्जे समूह ने अनेक शैक्षिक कार्य भी किए हैं ।	ᱟᱨᱦᱚᱸ, ᱵᱟᱡᱟᱡᱽ ᱡᱟᱹᱛᱤ ᱜᱩᱥᱴᱤ ᱠᱚ ᱵᱮᱥ ᱠᱤᱪᱷᱤ ᱥᱮᱪᱮᱫᱼᱟᱱ ᱠᱟᱹᱢᱤᱦᱚᱨᱟ ᱠᱚ ᱦᱟᱛᱟᱣ ᱟᱠᱟᱫᱟ ᱾
मेरे सीईओ मुझसे केवल एक बार 7 साल पहले मिले थे, फिर भी आज कमरे में आते ही उन्होंने मुझसे हाथ मिलाया और नाम लेकर बुलाया।	ᱤᱧᱨᱮᱱ ᱥᱤᱤᱭᱳ ᱗ ᱥᱮᱨᱢᱟ ᱞᱟᱦᱟ ᱥᱩᱢᱩᱝ ᱢᱤᱫᱵᱟᱨ ᱤᱧ ᱥᱟᱣ ᱮ ᱧᱮᱯᱮᱞ ᱞᱮᱱᱟ, ᱮᱱᱦᱚᱸ ᱩᱱᱤ ᱫᱚ ᱤᱧ ᱥᱟᱣ ᱮ ᱦᱟᱹᱱ ᱞᱮᱫᱟ ᱟᱨ ᱛᱮᱦᱮᱧ ᱚᱲᱟᱜ ᱨᱮ ᱦᱮᱡ ᱛᱟᱭᱚᱢ ᱤᱧ ᱧᱩᱛᱩᱢ ᱧᱩᱢᱛᱮᱭ ᱦᱚᱦᱚ ᱟᱹᱫᱤᱧᱟ ᱾
इसने लोगों को कल्याणकारी योजनाओं के लिए आवेदन करने और समस्याओं को ठीक करने में भी मदद की।	ᱱᱚᱶᱟ ᱫᱚ ᱦᱚᱲ ᱠᱚᱣᱟᱜ ᱵᱷᱟᱹᱞᱟᱭ ᱞᱟᱹᱜᱤᱫ ᱟᱹᱨᱡᱤ ᱟᱨ ᱟᱱᱟᱴ ᱨᱮᱭᱟᱜ ᱥᱚᱞᱦᱮ ᱞᱟᱹᱜᱤᱫ ᱦᱚᱸ ᱜᱚᱲᱚᱭ ᱮᱢ ᱞᱮᱱᱟ ᱾
1930 के दशक के दौरान, इटालियंस ने अस्मारा के स्वरूप में कई बदलाव किए।	᱑᱙᱓᱐ ᱫᱚᱥᱚᱠ ᱨᱮ, ᱤᱴᱟᱹᱞᱤᱭᱟᱹ ᱠᱚᱫᱚ ᱟᱥᱢᱟᱨᱟ ᱠᱚ ᱪᱮᱫ ᱞᱮᱠᱟ ᱧᱮᱞ ᱛᱮᱠᱚ ᱛᱟᱦᱮᱸ ᱠᱟᱱᱟ ᱚᱱᱟ ᱨᱮᱭᱟᱜ ᱟᱭᱢᱟ ᱚᱯᱥᱚᱨ ᱠᱚ ᱥᱤᱨᱡᱟᱹᱣ ᱞᱮᱫᱟ ᱾
एक पुराने ग्राहक के रूप में, मैं विशेष रूप से बार-बार वापस आता हूँ क्योंकि आप मुझे समझते हैं और जो मुझे चाहिए वह मुझे देते हैं।	ᱟᱭᱢᱟ ᱫᱤᱱ ᱠᱷᱚᱱ ᱠᱤᱨᱤᱧᱤᱭᱟᱹ ᱞᱮᱠᱟᱛᱮ, ᱟᱢ ᱤᱧ ᱮᱢ ᱵᱟᱰᱟᱭ ᱟᱨ ᱤᱧ ᱡᱟᱦᱟᱸᱧ ᱠᱷᱚᱡ ᱠᱟᱱᱟ, ᱚᱱᱟ ᱧᱟᱢ ᱞᱟᱹᱜᱤᱫᱛᱮ ᱤᱧ ᱜᱚᱴᱟᱵᱩᱴᱟᱹ ᱛᱮ ᱨᱩᱣᱟᱹᱲ ᱦᱮᱡ ᱮᱱᱟ ᱾
यह पृथ्वी की सबसे बड़ी नदी है और सबसे बड़ी नदी ।	ᱟᱢᱟᱡᱚᱱ ᱜᱟᱰᱟ ᱫᱚ  ᱫᱚᱥᱟᱨ  ᱡᱷᱚᱛᱚ ᱠᱷᱚᱱ ᱡᱮᱞᱮᱧ ᱜᱟᱰᱟ ᱠᱟᱱᱟ ᱟᱨ ᱫᱷᱟᱹᱨᱛᱤ ᱨᱮᱭᱟᱜ ᱢᱟᱨᱟᱝ ᱜᱟᱰᱟ ᱠᱟᱱᱟ᱾ ᱡᱷᱚᱛᱚ ᱠᱷᱚᱱ ᱢᱟᱨᱟᱝ ᱞᱮᱠᱟᱛᱮ ᱫᱚᱥᱟᱨ ᱢᱟᱨᱟᱝ ᱜᱟᱰᱟ ᱠᱷᱚᱱ ᱘ ᱜᱩᱱ ᱡᱟᱹᱥᱛᱤ ᱫᱟᱜ ᱞᱤᱝᱜᱤᱱ ᱠᱟᱱᱟ᱾
इस वायरस के और भी भयानक तत्त्व आनेवाले दिनों में आशा की जाती है ।	ᱱᱤᱭᱟᱹ ᱵᱷᱟᱭᱨᱟᱥ ᱨᱮᱭᱟᱜ ᱵᱚᱛᱚᱨᱟᱱ ᱵᱷᱮᱨᱤᱭᱮᱱᱴ ᱠᱩ ᱫᱚ ᱦᱟᱯᱮᱱ ᱫᱤᱱ ᱠᱚᱨᱮ ᱦᱩᱭ ᱫᱟᱲᱮᱭᱟᱜᱼᱟ ᱾
मैं आप के लिए स्थान भेज देंगे सिर्फ मामले में वह नहीं है.	ᱤᱧ ᱫᱚ ᱟᱢ ᱛᱩᱨᱟᱹᱱᱛ ᱞᱳᱠᱮᱥᱚᱱᱤᱧ ᱠᱩᱞᱟᱢᱟ ᱡᱩᱫᱤ ᱩᱱᱤ ᱫᱚ ᱚᱱᱟᱠᱩ ᱵᱟᱭ ᱠᱚᱨᱟᱣᱟ ᱾
ᱥᱟᱹᱜᱩᱱ ᱫᱟᱨᱟᱢ	स्वागत है
मैं डेन्य्रा हूँ, और मैं खेल क्लब में शामिल हो गया.	ᱤᱧᱫᱚ ᱫᱮᱵᱮᱱᱫᱨᱚ, ᱟᱨ ᱤᱧᱫᱚ ᱥᱯᱳᱨᱴ ᱠᱞᱟᱵᱽ ᱨᱮᱧ ᱥᱮᱞᱮᱫ ᱟᱠᱟᱱᱟ ᱾
क्या कोई चीज़ है जो हम रास्ते पर कर सकते हैं, चित्रों पर क्लिक करने के अलावा?	ᱯᱷᱚᱴᱳ ᱛᱩᱞᱟᱹᱣ ᱪᱷᱟᱰᱟ ᱦᱚᱨ ᱟᱨ ᱪᱮᱫ ᱵᱚ ᱪᱤᱠᱟᱹ ᱫᱟᱲᱮᱭᱟᱜᱼᱟ ?
अपनी युवावस्था में वैन लीउवेनहोएक एक कपड़ा व्यापारी (ड्रेपर) के पास प्रशिक्षु थे।	ᱩᱱᱤᱭᱟᱜ ᱡᱩᱣᱟᱹᱱ ᱨᱮᱭᱟᱜ ᱵᱷᱮᱹᱱ ᱞᱤᱭᱩᱭᱮᱱᱦᱳᱠ ᱫᱚ ᱢᱤᱫᱴᱟᱝ ᱰᱨᱚᱯᱟᱨ ᱞᱟᱹᱜᱤᱫ ᱱᱟᱣᱟᱱ ᱥᱮᱪᱮᱫᱤᱭᱟᱭ ᱦᱩᱭ ᱞᱮᱱᱟ ᱾
मगर अफसोस कि जैसे - जैसे नकल करने के नए तरीके उभर आए हैं, वैसे - वैसे पेंसिल कम - से - कम आकार की होती जाती है और इसका इस्तेमाल भी किया जाता है ।	ᱟᱯᱷᱥᱚᱥ ᱨᱮᱱᱟᱜ ᱠᱟᱛᱷᱟ ᱡᱮ ᱡᱮᱞᱮᱠᱟ - ᱡᱮᱞᱮᱠᱟ ᱚᱞ ᱨᱮᱱᱟᱜ ᱱᱟᱶᱟ ᱦᱚᱨᱟ ᱥᱟᱢᱟᱝ ᱦᱮᱡ ᱫᱟᱲᱮᱭᱟᱜᱼᱟ, ᱯᱮᱱᱥᱤᱞ ᱫᱚ ᱠᱚᱢ ᱥᱛᱷᱤᱛᱤ ᱟᱨ ᱠᱟᱹᱢᱤ ᱨᱮ ᱥᱮᱱ ᱫᱟᱲᱮᱭᱟᱜᱼᱟ᱾
उन खंभों को देखो। वे काई से ढके हुए हैं।	ᱚᱱᱟ ᱠᱷᱩᱱᱴᱤ ᱥᱮᱡ ᱠᱚᱭᱚᱜ ᱢᱮ ᱾ ᱱᱚᱣᱟ ᱫᱚ ᱥᱮᱭᱟᱞᱚᱢᱛᱮ ᱮᱥᱮᱫ ᱟᱠᱟᱱᱟ ᱾
खिलाड़ी कीबोर्ड पर तीर कुंजियों (एरो कीज़) का उपयोग करके मैजिकबोर्ड को नियंत्रित कर सकते हैं।	ᱠᱷᱮᱞᱳᱰᱤᱭᱟᱹ ᱠᱚ ᱠᱤᱵᱳᱨᱰ ᱨᱮᱭᱟᱜ ᱛᱤᱨ ᱵᱮᱣᱦᱟᱨ ᱠᱟᱛᱮ ᱢᱮᱹᱡᱤᱠᱵᱳᱨᱰ ᱮ ᱥᱟᱢᱵᱲᱟᱣ ᱫᱟᱲᱮᱭᱟᱜᱼᱟ ᱾
वह एक सर्ब रूढ़िवादी (ऑर्थोडॉक्स) माँ और कैथोलिक पिता के पुत्र थे।	ᱩᱱᱤ ᱫᱚ ᱢᱤᱫ ᱦᱚᱲ ᱥᱟᱨᱵ ᱚᱨᱛᱷᱳᱰᱚᱠᱥ ᱮᱸᱜᱟᱛ ᱟᱨ ᱠᱮᱹᱛᱷᱚᱞᱤᱠ ᱟᱯᱟᱛ ᱨᱮᱱ ᱦᱚᱯᱚᱱᱮ ᱛᱟᱦᱮᱸ ᱠᱟᱱᱟ ᱾
मेरे पास पचहत्तर मुर्गी हैं।	ᱤᱧ ᱴᱷᱮᱱ ᱮᱭᱟᱭ ᱜᱮᱞ ᱢᱚᱬᱮ ᱜᱚᱴᱟᱝ ᱢᱩᱠᱨᱤ ᱢᱮᱱᱟᱜᱼᱟ ᱠᱚᱣᱟ।
हालांकि यह व्यापक रूप से इस्तेमाल किया जाता है, खास तौर से गैर-रोमी के बीच, शब्द "जीकी" को अकसर अपनी संगति के कारण नकारात्मक विचारों और रोमी लोगों की गलत समझ में घृणित समझा जाता है।	ᱮᱱᱰᱨᱮᱦᱚᱸ ᱱᱟᱶᱟ ᱨᱮᱭᱟᱜ ᱵᱮᱵᱷᱟᱨ ᱫᱚ ᱡᱚᱨᱟᱣ ᱦᱩᱭᱩᱜ ᱠᱟᱱᱟ, ᱚᱝᱠᱟ ᱜᱮ ᱜᱚᱭᱮᱨᱼᱨᱚᱢᱟᱱᱤ ᱛᱟᱞᱟ ᱨᱮ, "ᱡᱩᱯᱥᱤ" ᱟᱹᱲᱟᱹ ᱫᱚ ᱚᱝᱠᱟ ᱜᱮ ᱱᱚᱠᱟᱨᱚᱛᱢᱚᱠ ᱨᱩᱰᱷᱤᱣᱟᱹᱫᱤ ᱟᱨ ᱨᱚᱢᱟᱱᱤ ᱦᱚᱲ ᱠᱚ ᱠᱷᱟᱨᱟᱯ ᱫᱷᱟᱹᱨᱬᱟ ᱥᱟᱶᱛᱮ ᱟᱠᱚᱣᱟᱜ ᱥᱚᱝᱜᱚᱴᱷᱚᱱ ᱞᱟᱹᱜᱤᱫ ᱟᱠᱨᱚᱢᱚᱠ ᱢᱟᱱᱟᱣᱮᱫ ᱠᱚᱣᱟ ᱠᱚ᱾
महिलाओं को धूम्रपान से रोकने के लिए विशेष सावधानी बरती गई।	ᱛᱤᱨᱞᱟᱹ ᱠᱚ ᱯᱩᱜᱤ ᱧᱩᱭ ᱠᱷᱚᱱ ᱥᱟᱦᱟᱨᱮ ᱫᱚᱦᱚ ᱠᱚ ᱞᱟᱹᱜᱤᱫ ᱠᱷᱟᱥ ᱡᱚᱛᱚᱱ ᱦᱩᱭ ᱞᱮᱱᱟ ᱾
विभिन्न विभाजन तालिकाएँ किसी दिए गए उपकरण पर विभाजनों की विभिन्न मात्रा की अनुमति देती हैं।	ᱟᱭᱢᱟᱞᱮᱠᱟᱱ ᱯᱟᱨᱴᱤᱥᱚᱱ ᱴᱮᱵᱤᱞ ᱢᱤᱫᱴᱟᱝ ᱜᱚᱴᱟᱵᱩᱴᱟᱹ ᱰᱤᱵᱷᱟᱭᱤᱥ ᱨᱮ ᱟᱭᱢᱟ ᱯᱚᱨᱤᱢᱟᱱ ᱯᱟᱨᱴᱤᱥᱚᱱ ᱞᱟᱹᱜᱤᱫ ᱪᱷᱟᱹᱲᱮ ᱮᱢᱚᱜᱼᱟ ᱾
आप भी स्नान मशीन की वजह से कपड़े धोने की जरूरत नहीं है!	ᱳᱣᱟᱥᱤᱝ ᱢᱮᱥᱤᱱ ᱢᱮᱱᱟᱜᱛᱮ ᱟᱢ ᱞᱩᱜᱽᱲᱤ ᱦᱚᱸ ᱵᱟᱝ ᱥᱚᱵᱚᱫᱽ ᱦᱩᱭᱩᱜ ᱛᱟᱢᱟ !
2020 की संयुक्त राज्य अमेरिका की जनगणना के अनुसार सीडीपी की जनसंख्या 43,363 थी।	᱒᱐᱒᱐ ᱥᱟᱞ ᱨᱮᱭᱟᱜ ᱦᱚᱲ ᱞᱮᱠᱷᱟ ᱞᱮᱠᱟᱛᱮ ᱥᱤ ᱰᱤ ᱯᱤ ᱨᱮᱱ ᱦᱚᱲ ᱮᱞ ᱠᱚ ᱛᱟᱦᱮᱸ ᱠᱟᱱᱟ ᱔᱓,᱓᱖᱓ ᱥᱟᱞᱨᱮ ᱾
उसका उद्देश्‍य न केवल अर्थहीन है, क्योंकि न ही अनन्तता का नामो - निशान मिटा देने और न ही हमेशा के लिए रहेगा, क्योंकि कोई स्थायी प्राण नहीं है ।	ᱱᱚᱶᱟ ᱨᱮᱭᱟᱜ ᱡᱚᱥ ᱫᱚ ᱱᱤᱦᱤᱞᱤᱡᱚᱢ ᱵᱟᱝ ᱠᱟᱱᱟ, ᱪᱮᱫᱟᱜ ᱥᱮ ᱡᱟᱭᱡᱩᱜ ᱡᱤᱭᱟᱹᱲ ᱢᱮᱱᱛᱮ ᱪᱮᱫᱦᱚᱸ ᱵᱟᱹᱱᱩᱜᱼᱟ, ᱪᱮᱫᱟᱜ ᱥᱮ ᱡᱟᱭᱡᱩᱜ ᱡᱤᱭᱟᱹᱲ ᱞᱮᱠᱟᱱ ᱚᱱᱟ ᱟᱛᱛᱟ ᱦᱚᱸ ᱵᱟᱹᱱᱩᱜᱼᱟ ᱾
याद रखें, वे एक साल पहले अपने सहकर्मी की साइकिल नीचे जला दिया?	ᱫᱤᱥᱟᱹᱭᱢᱮ, ᱩᱝᱠᱩ ᱫᱚ ᱟᱯᱮᱨᱮᱱ ᱥᱚᱦᱮᱫ ᱠᱟᱹᱢᱤᱭᱟᱹᱠᱩᱣᱟᱜ ᱵᱟᱭᱤᱠ ᱠᱩ ᱡᱮᱨᱮᱫ ᱞᱮᱫᱟ ᱢᱤᱫ ᱥᱮᱨᱢᱟ ᱞᱟᱦᱟ?
अपने शुरूआत के दिनों में, शो केवल लंबे सफरी इंटरनेट पर दिखाया गया था रेडियो साइट पर, भाषण रेडियो पर एक साइट.	ᱟᱯᱱᱟᱨ ᱮᱛᱚᱦᱚᱵ ᱢᱟᱦᱟᱸ ᱨᱮ, ᱱᱚᱶᱟ ᱥᱳ ᱯᱩᱨᱟᱹᱣ ᱞᱮᱠᱟ ᱠᱷᱚᱱ ᱡᱮᱞᱮᱝ ᱚᱠᱛᱚ ᱠᱷᱚᱱ ᱪᱟᱞᱟᱜ ᱠᱟᱱ ᱤᱱᱴᱟᱨᱱᱮᱴ ᱨᱮᱰᱤᱭᱳ ᱥᱟᱭᱤᱴ TogiNet Radio ᱨᱮ ᱧᱮᱞ ᱞᱮᱱ ᱛᱟᱦᱮᱱᱟ, ᱡᱟᱦᱟᱸ ᱫᱚ ᱴᱚᱞᱠ ᱨᱮᱰᱤᱭᱳ ᱨᱮ ᱥᱮᱱᱴᱟᱨ ᱥᱟᱭᱤᱴ ᱢᱮᱱᱟᱜᱼᱟ᱾
कार्ड पाने के लिए यह कब तक लगेगा?	ᱠᱟᱨᱰ ᱥᱟᱨᱵᱷᱟᱨ ᱞᱟᱹᱜᱤᱫ ᱛᱤᱱᱜᱷᱟᱹᱲᱤ ᱚᱠᱛᱚ ᱞᱟᱜᱟᱜᱼᱟ ?
उन्हें मछुआरों और नाविकों द्वारा याद किया जाता है जो अच्छे समुद्र पर निर्भर होते हैं।	ᱱᱟᱯᱟᱭ ᱥᱟᱹᱢᱩᱫ ᱪᱮᱛᱟᱱ ᱨᱮ ᱴᱮᱦᱟᱴ ᱠᱟᱛᱮ ᱡᱮᱞᱮ ᱟᱨ ᱱᱟᱹᱵᱤᱠ ᱠᱚ ᱫᱟᱨᱟᱭᱛᱮ ᱩᱱᱤ ᱠᱚ ᱦᱚᱦᱚ ᱟᱭᱟ ᱾
वह नियंत्रित करता था कि जहाज को कहाँ जाना था और वह तब कहाँ था।	ᱡᱟᱦᱟᱡ ᱫᱚ ᱚᱠᱟ ᱪᱟᱞᱟᱜ ᱦᱩᱭᱩᱜᱼᱟ ᱟᱨ ᱩᱱᱫᱚ ᱚᱠᱟᱨᱮ ᱛᱟᱦᱮᱸ ᱠᱟᱱᱟ ᱚᱱᱟ ᱩᱱᱤᱭ ᱥᱟᱢᱵᱲᱟᱣ ᱛᱟᱦᱮᱸ ᱾
जेल के. कृपया ऐसा करें.	ᱮᱠᱟᱞ ᱜᱮ, ᱚᱱᱟᱠᱜᱮ ᱠᱚᱨᱟᱣ ᱢᱮ ᱾
पहचान का सबूत तथा पता का सबूत.	ᱩᱯᱨᱩᱢ ᱨᱮᱭᱟᱜ ᱥᱟᱵᱩᱫ ᱟᱨ ᱴᱷᱤᱠᱟᱹᱱᱟ ᱨᱮᱭᱟᱜ ᱥᱟᱵᱩᱫ ᱾
यहाँ का माहौल सबसे खराब है, कोई बैठक नहीं, कोई जमावड़ा नहीं और कोई खुश चेहरे नहीं। यहाँ के लोग दुखी दिखते हैं।	ᱱᱚᱸᱰᱮ ᱞᱟᱭᱚᱝ ᱫᱚ ᱡᱚᱛᱚᱠᱷᱚᱱ ᱵᱟᱹᱲᱤᱡ, ᱡᱟᱦᱟᱱ ᱢᱤᱴᱤᱝ ᱵᱟᱹᱱᱩᱜᱼᱟ, ᱡᱟᱦᱟᱱ ᱵᱷᱤᱲ ᱵᱟᱹᱱᱩᱜᱼᱟ ᱟᱨ ᱡᱟᱦᱟᱱ ᱠᱩᱥᱤ ᱨᱮᱭᱟᱜ ᱢᱮᱫᱽᱦᱟ ᱵᱟᱹᱱᱩᱜᱼᱟ ᱾ ᱱᱚᱸᱰᱮᱱ ᱠᱚ ᱦᱚᱲ ᱠᱚᱫᱚ ᱫᱩᱠᱷᱟᱱ ᱜᱮᱠᱚ ᱧᱮᱞᱚᱜᱼᱟ ᱾
हाँ, तुम सही हो.	ᱦᱮᱸ, ᱟᱢᱟᱜ ᱠᱟᱛᱷᱟ ᱥᱟᱹᱨᱤᱭᱟ ᱾
कृपया, मेरी मदद कर सकते हैं?	ᱫᱟᱭᱟᱠᱟᱛᱮ, ᱟᱢ ᱠᱤᱢ ᱜᱚᱲᱚ ᱫᱟᱲᱤᱭᱟᱹᱧᱟ ?
यह इस विषय के चार कथनों के समान था (उसी क्रम में): ठोस, द्रव, गैस, और प्लाविका, हालाँकि उसने यह भी माना कि वे जो हम देखते हैं उसे बनाने के लिए नए पदार्थों में बदल जाते हैं ।	ᱱᱚᱶᱟ ᱢᱮᱴᱟᱨ ᱨᱮᱱᱟᱜ ᱯᱩᱱ ᱟᱣᱟᱥᱛᱟ ᱠᱚ ᱫᱚ (ᱢᱤᱫ ᱠᱨᱟᱢ ᱨᱮ) ᱨᱮᱱᱟᱜ ᱛᱟᱦᱮᱸ ᱠᱟᱱᱟ: ᱥᱚᱞᱤᱰ, ᱞᱤᱠᱣᱤᱰ, ᱜᱮᱭᱥ ᱟᱨ ᱯᱞᱟᱡᱽᱢᱟ, ᱦᱚᱭ ᱛᱚ ᱩᱱᱠᱩ ᱱᱚᱶᱟ ᱦᱚᱸ ᱥᱤᱫᱷᱟᱱᱛ ᱮᱢ ᱠᱮᱫᱼᱟ ᱡᱮ ᱩᱱᱠᱩ ᱱᱟᱶᱟ ᱢᱮᱴᱟᱨ ᱨᱮ ᱵᱚᱫᱚᱞ ᱦᱩᱭᱩᱜ ᱠᱟᱱᱟ ᱡᱟᱦᱟᱸ ᱫᱚ ᱟᱵᱚ ᱵᱚ ᱧᱮᱞ ᱮᱫᱼᱟ᱾
पैनल चर्चा में एक पैनलिस्ट ने दूसरे पैनलिस्ट पर गरजते हुए कहा, 'आप इस विषय के बारे में कुछ नहीं जानते। आपकी बात का कोई सिर-पैर नहीं है।'	ᱟᱢ ᱥᱟᱛᱟᱢ ᱵᱟᱵᱚᱫᱛᱮ ᱪᱮᱫ ᱦᱚᱸ ᱵᱟᱢ ᱵᱟᱰᱟᱭᱟ, ᱯᱮᱱᱮᱞ ᱜᱟᱞᱚᱪᱨᱮ ᱮᱴᱟᱜ ᱯᱮᱱᱮᱞᱤᱥᱴ ᱠᱚᱣᱟᱜ ᱯᱮᱱᱮᱞᱤᱥᱴ ᱠᱚᱭ ᱪᱮᱴᱮᱨ ᱠᱟᱭᱫᱟ ᱾ "ᱟᱢ ᱱᱚᱝᱠᱟᱱ ᱡᱟᱦᱟᱱ ᱢᱮᱱᱮᱫ ᱮᱢ ᱵᱮᱱᱟᱣ ᱟᱠᱟᱫᱟ" ᱾
दक्षिण अफ्रीका के सबसे ऊँचे बीजों ने सही नोट किया जब उन्हें ५वीं वंश के विरुद्ध ५.०० - ०० जीतने के लिए एक आराम से २६ - ०० जीतने का मौक़ा मिला ।	ᱴᱩᱨᱢᱟᱢᱮᱸᱴ ᱨᱮᱭᱟᱜ ᱪᱚᱴᱟᱛ ᱚᱨᱡᱚ ᱠᱚᱨᱮ ᱫᱚᱠᱷᱤᱬ ᱟᱯᱷᱨᱤᱠᱟ ᱫᱚ ᱵᱷᱟᱹᱜᱤ ᱮᱦᱚᱵ ᱞᱮᱫᱼᱟᱭ ᱩᱱᱡᱷᱚᱜ ᱩᱱᱠᱩ ᱫᱚ ᱕ ᱟᱱᱟᱜ ᱡᱤᱛᱟᱠᱟᱹᱨ ᱡᱤᱢᱵᱟᱣᱮ ᱥᱟᱶ ᱥᱚᱦᱚᱡᱽ ᱒᱖ - ᱐᱐ ᱥᱟᱶᱛᱮ ᱡᱤᱛᱠᱟᱹᱨ ᱞᱮᱱᱟ ᱠᱚ।
यह शहर की सुरक्षा के लिए एंड्रियनजाका द्वारा इस्तेमाल किए जाने वाले सैनिकों की संख्या से आया है।	ᱱᱚᱶᱟ ᱫᱚ ᱟᱱᱫᱨᱤᱭᱟᱱᱡᱟᱠᱟ ᱥᱟᱦᱟᱨ ᱨᱮ ᱦᱚᱨᱦᱚᱭ ᱞᱟᱹᱜᱤᱫ ᱵᱮᱣᱦᱟᱨᱚᱜ ᱯᱷᱟᱹᱫ ᱠᱚᱣᱟᱜ ᱮᱞ ᱠᱷᱚᱱ ᱦᱤᱡᱩᱜᱼᱟ ᱾
जिस रासायनिक रसायन में HH स्तर (HHH में H) की मात्रा से सूचित होता है ।	ᱯᱤᱹᱮᱪᱹ ᱞᱮᱵᱟᱞ ᱵᱤᱰᱟᱹᱣ ᱠᱚᱨᱟᱣ ᱮᱱ ᱠᱮᱢᱤᱠᱚᱞ ᱨᱮ ᱦᱟᱭᱰᱨᱚᱡᱟᱱ (ᱮᱪᱹ ᱨᱮ ᱯᱤᱹᱮᱪᱹ) ᱟᱱᱚᱭᱤᱱ ᱨᱮᱱᱟᱜ ᱠᱣᱟᱱᱴᱤᱴᱤ ᱥᱚᱫᱚᱨ ᱢᱮᱱᱟᱜᱼᱟ᱾
आज हम वोटरों के बारे में बात कर रहे हैं.	ᱛᱮᱹᱦᱮᱹᱧ ᱟᱵᱚ ᱵᱷᱳᱴᱟᱨ ᱠᱚᱣᱟᱜ ᱠᱟᱛᱷᱟ ᱵᱚᱱ ᱞᱟᱹᱭᱼᱟ ᱾
माँ - बाप अपने बच्चे को गोद में रखते वक्‍त अपने माँ - बाप के हक को बंद कर देते हैं ताकि कोई और जोड़ा बच्चा पैदा कर सके ।	ᱢᱤᱫᱴᱟᱹᱝ ᱦᱟᱛᱟᱣ ᱞᱟᱹᱜᱤᱫ, ᱡᱟᱱᱟᱢ ᱮᱢ ᱤᱡ ᱟᱭᱳᱼᱵᱟᱵᱟ ᱟᱠᱚᱣᱟᱜ ᱟᱭᱳᱼᱵᱟᱵᱟ ᱨᱤᱱ ᱚᱫᱷᱤᱠᱟᱹᱨ ᱠᱚ ᱢᱩᱪᱟᱹᱫ ᱠᱟᱜ ᱠᱟᱱᱟ ᱠᱚ ᱢᱮᱱᱠᱷᱟᱱ ᱟᱨ ᱢᱤᱫᱴᱟᱹᱝ ᱟᱨ ᱡᱟᱣᱟ ᱜᱤᱫᱽᱨᱟᱹ ᱨᱮᱭᱟᱜ ᱟᱹᱥᱩᱞ ᱠᱤᱱ ᱠᱚᱨᱟᱣ ᱫᱟᱲᱮ ᱠᱮᱭᱟ᱾
उस मामले में, Nagaxeeamed मांस आपके स्वाद फूल बैठ जाएगा.	ᱚᱱᱟ ᱴᱷᱟᱶᱨᱮ, ᱱᱟᱜᱟᱞᱮᱱᱰ ᱨᱮᱭᱟᱜ ᱥᱮᱠᱟᱣ ᱥᱩᱠᱨᱤ ᱡᱤᱞ ᱟᱢᱟᱜ ᱥᱟᱫ ᱨᱮᱭᱟᱜ ᱟᱸᱥᱮ ᱛᱤᱨᱯᱤᱛᱟ ᱾
मैं टिकट खरीदने के लिए जल्दी गया था लेकिन फिर भी मेरे लाइन के आगे पहुँचने से पहले ही सारे टिकट बिक चुके थे।	ᱤᱧ ᱫᱚ ᱴᱤᱠᱤᱴ ᱠᱤᱨᱤᱧ ᱞᱟᱹᱜᱤᱫ ᱩᱥᱟᱹᱨᱟᱧ ᱪᱟᱞᱟᱣ ᱞᱮᱱᱟ ᱢᱮᱱᱠᱷᱟᱱ ᱚᱱᱟ ᱛᱟᱭᱚᱢ ᱦᱚᱸ ᱞᱟᱭᱤᱱ ᱨᱮᱭᱟᱜ ᱥᱟᱢᱟᱝ ᱨᱮ ᱥᱮᱴᱮᱨᱚᱜ ᱞᱟᱦᱟ ᱨᱮᱜᱮ ᱡᱚᱛᱚ ᱴᱤᱠᱤᱴ ᱟᱹᱠᱷᱨᱤᱧ ᱮᱱᱟ ᱾
कठिन 100 मीटर की दौड़ के लिए तैयार होते ही डैन के पैर लड़खड़ाने लगे।	ᱢᱤᱫᱴᱟᱝ ᱪᱮᱞᱮᱧᱡᱤᱝ ᱑᱐᱐ ᱢᱤᱴᱟᱨ ᱫᱟᱹᱲ ᱞᱟᱹᱜᱤᱫ ᱛᱮ ᱛᱷᱟᱨ ᱥᱟᱹᱦᱤᱡ ᱛᱤᱜᱩᱱ ᱚᱠᱛᱚ ᱰᱮᱱ ᱟᱜ ᱡᱟᱸᱜᱟ ᱫᱚ ᱡᱮᱞᱤ ᱨᱮ ᱟᱹᱨᱩ ᱞᱮᱱᱟ ᱾
इस संबंध के दौरान, संभवतः उसने उसके साथ बलात्कार किया होगा।	ᱱᱚᱶᱟ ᱥᱟᱹᱜᱟᱹᱭ ᱚᱠᱛᱚ, ᱩᱱᱤᱫᱚ ᱦᱩᱭ ᱫᱟᱲᱮᱭᱟᱜᱼᱟ ᱩᱱᱤᱭ ᱢᱤᱞᱩᱣᱟᱹ ᱟᱠᱟᱫᱮᱭᱟ ᱾
आपका क्या मतलब है कि पुलिस के आने तक आप उसका ऑपरेशन नहीं करेंगे? क्या आप डॉक्टर नहीं हैं?	ᱯᱩᱞᱤᱥ ᱵᱟᱝ ᱥᱮᱴᱮᱨᱚᱜ ᱫᱷᱟᱹᱵᱤᱡ ᱟᱢ ᱩᱱᱤᱭᱟᱜ ᱚᱯᱟᱨᱮᱥᱚᱱ ᱵᱟᱢ ᱠᱚᱨᱟᱣᱼᱟ ᱱᱚᱶᱟ ᱨᱮᱭᱟᱜ ᱚᱡᱮ ᱫᱚ ᱪᱮᱫ ? ᱟᱢ ᱫᱚ ᱪᱮᱫ ᱰᱟᱠᱴᱚᱨ ᱫᱚᱢ ᱵᱟᱝ ᱠᱟᱱᱟ ?
ठीक है, यह ठीक है. मैं अपने ज्ञान और समझ के साथ आपकी मदद करने की कोशिश करेंगे.	ᱴᱷᱤᱠ ᱜᱮᱭᱟ, ᱴᱷᱠ ᱜᱮᱭᱟ ᱾ ᱤᱧᱟᱹᱜ ᱜᱮᱭᱟᱱ ᱟᱨ ᱵᱩᱡᱷᱟᱹᱣ ᱫᱟᱲᱮᱛᱮ ᱟᱢ ᱜᱚᱲᱚ ᱟᱢ ᱨᱮᱭᱟᱜ ᱤᱧ ᱨᱤᱠᱟᱹᱭᱟ ᱾
Q2 के लिए उच्च क्षमता डेटा सूचित करता है कि आर्थिक गतिविधि असफल रही है.	ᱟᱹᱰᱤ ᱡᱟᱥᱛᱤ ᱼᱯᱷᱨᱤᱠᱳᱭᱮᱱᱥᱤ ᱰᱮᱴᱟ Q2 ᱰᱮᱴᱟ ᱞᱟᱜᱤᱫ ᱠᱟᱣᱰᱤ ᱟᱨᱤ ᱠᱟᱢᱤ ᱞᱟᱜᱤᱫ ᱛᱷᱤᱛᱤ ᱜᱚᱴᱟ ᱜᱮ ᱛᱟᱦᱮᱸᱱᱟ᱾
इस मंदिर की तुलना सा. यु. पू.	ᱱᱟᱜᱟᱨᱟ ᱢᱩᱱᱫᱤᱨ ᱩᱞᱴᱟᱹᱨᱮ, ᱫᱨᱟᱵᱤᱲ ᱢᱩᱱᱫᱤᱨᱫᱚ ᱢᱤᱫ ᱯᱟᱹᱪᱨᱤ ᱛᱟᱞᱟᱨᱮ ᱮᱥᱮᱫ ᱜᱮᱭᱟ ᱾
फिर भी, मैं इस सप्ताहांत के लिए कामयाब रहा हूँ ।	ᱮᱱᱛᱮᱦᱚᱸ, ᱤᱧ ᱱᱤᱭᱟᱹ ᱦᱟᱯᱛᱟ ᱞᱟᱹᱜᱤᱫ ᱤᱧ ᱪᱟᱪᱞᱟᱣ ᱟᱠᱟᱫᱟ ᱾
मैंने उसे परमानंद में सड़क पर नाचते हुए देखा।	ᱤᱧ ᱫᱚ ᱩᱱᱤ  ᱨᱟᱹᱥᱠᱟᱹᱛᱮ ᱰᱟᱦᱟᱨ ᱨᱮ ᱮᱱᱮᱡ ᱤᱧ ᱧᱮᱞ ᱟᱠᱟᱫᱮᱭᱟ ᱾
इतिहासकारों ने पिछले एफ. बी.	ᱱᱟᱜᱟᱢᱤᱭᱟᱹ ᱠᱚ ᱫᱚ ᱮᱡᱮᱸᱥᱤᱭᱟᱜ ᱥᱚᱯᱚᱞᱛᱟ ᱫᱚᱨ ᱵᱟᱲᱦᱟᱣ ᱨᱮᱱᱟᱜ ᱢᱚᱱᱮ ᱛᱮ ᱚᱱᱟ ᱠᱚ ᱢᱟᱢᱞᱟ ᱨᱮ ᱥᱟᱸᱥᱟᱫᱷᱟᱱ ᱨᱮ ᱫᱷᱮᱭᱟᱱ ᱫᱚᱦᱚ ᱞᱟᱹᱜᱤᱫ ᱛᱮ ᱛᱟᱭᱱᱚᱢᱟᱜ FBI ᱱᱤᱛᱤ ᱨᱮᱭᱟᱜ ᱟᱞᱚᱪᱱᱟ ᱟᱠᱟᱣᱟᱱᱟ, ᱡᱟᱦᱟᱸᱴᱟᱜ ᱥᱚᱞᱦᱮ ᱞᱟᱹᱜᱤᱫ ᱟᱞᱜᱟ ᱜᱮᱭᱟ, ᱵᱤᱥᱮᱥ ᱨᱩᱯ ᱛᱮ ᱠᱟᱨ ᱟᱛᱠᱤᱨ ᱟᱠᱟᱛ ᱨᱮᱱᱟᱜ ᱢᱟᱢᱞᱟ ᱠᱚ᱾
ᱱᱤᱛᱚᱜ	अभी
बेवर्ली हिल्स, कैलिफोर्निया में 91 वर्ष की आयु में निमोनिया से उनकी मृत्यु हो गई।	ᱩᱱᱤ ᱫᱚ ᱠᱮᱹᱞᱤᱯᱷᱚᱨᱱᱤᱭᱟ ᱨᱮᱭᱟᱜ ᱵᱮᱵᱷᱟᱨᱞᱤ ᱦᱤᱞᱚᱥ ᱨᱮ ᱙᱑ ᱥᱮᱨᱢᱟ ᱩᱢᱮᱨ ᱨᱮ ᱱᱤᱭᱩᱢᱳᱱᱤᱭᱟᱛᱮᱭ ᱜᱚᱪ ᱞᱮᱱᱟ ᱾
आपके पास किस तरह की शिकायत है?	ᱪᱮᱫ ᱞᱮᱠᱟᱱᱟᱜ ᱞᱟᱹᱞᱤᱥ ᱢᱮᱱᱟᱜ ᱛᱟᱢᱟ ?
यह ख़ासकर इस बात पर विचार कर रहा है कि संसार अधिकाधिक डिजिटल हो रहा है ।	ᱱᱤᱭᱟᱹ ᱫᱚ ᱵᱤᱥᱟᱹᱥ ᱠᱟᱭᱛᱮ ᱡᱮᱜᱮᱫᱽ ᱞᱟᱦᱟᱪᱟᱞᱟᱜᱽᱠᱟᱱ ᱰᱤᱡᱤᱴᱟᱞ ᱦᱩᱭ ᱤᱫᱤᱜᱽᱠᱟᱱ ᱢᱮᱱᱛᱮᱭ ᱵᱤᱵᱟᱹᱪᱚᱱᱟᱭᱮᱫᱟ ᱾
यह जानने के लिए यह जानने की ज़रूरत थी कि देश - भक्‍ति की भावना की भावना ने प्‍यारेबास के बीच क्या - क्या किया था ।	ᱯᱟᱧᱡᱟᱵᱤ ᱯᱷᱟᱹᱫ ᱠᱚ ᱢᱩᱫᱽ ᱨᱮ ᱡᱟᱹᱛᱤᱭᱟᱹᱨᱤ ᱯᱷᱩᱨᱜᱟᱹᱞ ᱪᱮᱛᱟᱣᱱᱟ ᱛᱤᱱᱟᱹᱜ ᱜᱟᱱ ᱡᱟᱜᱟᱣ ᱞᱮᱱᱟ ᱚᱱᱟ ᱯᱟᱡᱟᱸ ᱧᱟᱢ ᱨᱮᱭᱟᱜ ᱫᱚᱨᱠᱟᱨ ᱛᱟᱦᱮᱸ ᱠᱟᱱᱟ ᱾
सन्‌ 2020 में, नर्मा में रहनेवाले एक मंत्री ने एक बिल पेश किया जिसमें उसे सुधार करने के लिए कहा गया ।	᱒᱐᱒᱐ ᱨᱮ ᱠᱟᱹᱣᱰᱤ ᱢᱚᱱᱛᱨᱤ ᱱᱤᱨᱢᱚᱞᱟ ᱥᱤᱛᱟᱨᱚᱢᱚᱱ ᱟᱭᱤᱱ ᱱᱮ ᱟᱨᱩ ᱯᱷᱮᱨᱟᱣ ᱞᱟᱹᱜᱤᱫ ᱢᱤᱫᱴᱟᱝ ᱵᱤᱞ ᱨᱮᱭᱟᱜ ᱠᱟᱛᱟᱭ ᱨᱟᱠᱟᱵ ᱞᱮᱫᱟ᱾
क्या रोमी शासन नहीं है WWWEAT विश्वस्त?	ᱨᱳᱢᱟᱱ ᱨᱮᱭᱤᱱᱥ ᱪᱮᱫ ᱣᱚᱵᱞᱩ ᱣᱚᱵᱞᱩ ᱤ ᱤᱭᱩᱱᱤᱵᱷᱟᱨᱥᱟᱞ ᱪᱮᱢᱯᱤᱚᱭᱚᱱ ᱵᱟᱝ ᱠᱟᱱᱟᱭ ᱾
इसके अलावा, भारत की प्रांतीय भाषाओं में राष्ट्रीय फ़िल्म एजेन्सियों को भी सबसे बेहतरीन फिल्म दी जाती है ।	ᱵᱷᱟᱨᱚᱛ ᱨᱮᱭᱟᱜ ᱴᱚᱴᱷᱟᱠᱤᱭᱟᱹ ᱯᱟᱹᱨᱥᱤ ᱨᱮᱭᱟᱜ ᱥᱚᱨᱮᱥ ᱟᱱ ᱪᱚᱞᱚᱛ ᱪᱤᱛᱟᱹᱨ ᱠᱚ ᱦᱚ ᱡᱮᱜᱮᱫ ᱪᱚᱞᱚᱛ ᱪᱤᱛᱟᱹᱨ ᱥᱤᱲᱯᱟᱹ ᱦᱟᱢᱮᱴ ᱞᱮᱫᱟ ।
इटली और बाकी देशों के कई शहरों में, खासकर पोलैंड में भी इसी तरह के सेटअप बनाए जाते थे ।	ᱤᱴᱞᱤ ᱨᱮᱱᱟᱜ ᱟᱹᱰᱤ ᱜᱟᱱ ᱟᱨᱦᱚᱸ ᱥᱟᱦᱟᱨ ᱠᱚ ᱟᱨ ᱫᱩᱱᱤᱭᱟᱹ ᱨᱮᱭᱟᱜ ᱥᱟᱨᱮᱡ ᱦᱤᱸᱥ ᱠᱚᱨᱮ, ᱵᱤᱥᱮᱥ ᱨᱩᱯ ᱛᱮ ᱯᱚᱞᱮᱸᱰ ᱨᱮ, ᱱᱚᱝᱠᱟ ᱞᱮᱠᱟᱱᱟᱜ ᱜᱮ ᱥᱮᱴᱟᱯ ᱵᱮᱱᱟᱣ ᱞᱮᱫ ᱛᱟᱦᱮᱱᱟ, ᱡᱟᱦᱟᱸᱭ ᱫᱚ ᱟᱹᱰᱤ ᱩᱛᱟᱹᱨ ᱞᱮᱠᱷᱟ ᱨᱮ ᱦᱚᱲ ᱠᱚ ᱧᱮᱞ ᱞᱮᱫ ᱛᱟᱦᱮᱱᱟ᱾
सन्‌ 18444 में, टेसला न्यू यॉर्क सिटी में ऐडम्सन कंपनी के साथ नौकरी करने के लिए अमरीका गया ।	᱑᱘᱘᱔ ᱨᱮ, ᱴᱮᱥᱞᱟ ᱫᱚ ᱱᱭᱩ ᱭᱚᱨᱠ ᱥᱤᱴᱤ ᱨᱮᱭᱟᱜ ᱮᱰᱤᱥᱚᱱ ᱠᱩᱢᱯᱟᱹᱱᱤ ᱨᱮ ᱪᱟᱹᱠᱨᱤ ᱦᱟᱛᱟᱣ ᱞᱟᱹᱜᱤᱫ ᱭᱩᱱᱟᱭᱴᱮᱰ ᱥᱴᱮᱴᱥ ᱚᱯᱷ ᱟᱢᱮᱨᱤᱠᱟᱭ ᱥᱮᱱ ᱞᱮᱱᱟ᱾
ओह, ठीक है.	ᱳᱦ, ᱴᱷᱤᱠ ᱜᱮᱭᱟ ᱾
यह पहली शताब्दी का 8वां वर्ष था।	ᱱᱚᱶᱟ ᱫᱚ ᱛᱟᱦᱮᱸ ᱠᱟᱱᱟ ᱑ ᱟᱱᱟᱜ ᱥᱚᱛᱟᱵᱫᱤ ᱨᱮᱭᱟᱜ ᱔ ᱟᱱᱟᱜ ᱥᱮᱨᱢᱟ ᱾
खिलाड़ियों द्वारा अधिकारियों और उनके निर्णयों का अनादर करना अपमानजनक है।	ᱠᱟᱹᱢᱤᱭᱟᱹ ᱠᱚ ᱪᱮᱛᱟᱱ ᱠᱷᱮᱞᱳᱰᱤᱭᱟᱹ ᱠᱚᱣᱟᱜ ᱢᱟᱹᱱ ᱨᱮᱭᱟᱜ ᱟᱱᱟᱴ ᱟᱨ ᱩᱱᱠᱩᱭᱟᱜ ᱜᱚᱴᱟᱵᱩᱴᱟᱹ ᱫᱚ ᱟᱹᱰᱤ ᱵᱮᱼᱢᱟᱹᱱᱟᱱᱟᱜ ᱾
तो, हम यात्रा के लिए एक योजना है?	ᱮᱱᱠᱷᱟᱱ, ᱟᱞᱟᱝᱼᱟᱜ ᱪᱮᱫ ᱥᱟᱸᱜᱷᱟᱨ ᱨᱮᱭᱟᱜ ᱯᱞᱮᱱ ᱢᱮᱱᱟᱜᱼᱟ ?
उस बस को आते देखकर मेरा दिल निराशा से भर गया है। मुझे नहीं पता कि मैं कब लौटूंगा।	ᱚᱱᱟ ᱵᱟᱥ  ᱦᱮᱡ ᱧᱮᱞ ᱛᱟᱭᱚᱢ, ᱤᱧᱟᱹᱜ ᱢᱚᱱ ᱫᱚ ᱵᱷᱟᱵᱽᱱᱟ ᱛᱮ ᱯᱮᱨᱮᱪ ᱮᱱᱟ ᱾ ᱤᱧ ᱫᱚ ᱵᱟᱹᱧ ᱵᱟᱰᱟᱭᱟ ᱛᱤᱥ ᱨᱮᱧ ᱨᱩᱣᱟᱹᱲᱼᱟ ᱢᱮᱱᱛᱮ ᱾
ᱛᱟᱭᱚᱢ ᱛᱮ	बाद में
ओसाशा एक स्थान है, और इस समय के दौरान अत्यधिक मौसमीय परिस्थितियों का सामना करती है ।	ᱳᱲᱤᱥᱥᱟ ᱦᱩᱭᱩᱜ ᱠᱟᱱᱟ ᱢᱤᱫᱴᱟᱝ ᱡᱟᱭᱜᱟ, ᱱᱚᱶᱟ ᱚᱠᱛᱮ ᱨᱮ ᱟᱹᱰᱤᱟᱸᱴ ᱦᱚᱭᱦᱤᱥᱤᱫ ᱨᱮᱭ ᱯᱟᱲᱟᱣ ᱞᱮᱱᱟ ᱾
उत्तरी भाग या जिनेल रेंज के उच्चतम पर्वतों, वॆनसन मास, 4892 में विनसन पर्वत पर शिखर.	ᱩᱛᱨᱤ ᱵᱷᱟᱜ ᱟᱨᱵᱟᱝ ᱥᱮᱱᱴᱤᱱᱚᱞ ᱨᱮᱸᱡᱽ ᱨᱮ ᱟᱱᱴᱟᱨᱠᱴᱤᱠᱟ ᱨᱮᱭᱟᱜ ᱡᱚᱛᱚ ᱠᱷᱚᱱ ᱩᱥᱩᱞ ᱵᱩᱨᱩ ᱠᱟᱱᱟ, ᱵᱷᱤᱱᱥᱚᱱ ᱢᱟᱥᱤᱯᱷ, ᱡᱟᱦᱟᱸ ᱫᱚ ᱔᱘᱙᱒ ᱢᱤᱴᱚᱨ ᱢᱟᱶᱴ ᱵᱷᱤᱱᱥᱚᱱ ᱨᱮ ᱢᱮᱱᱟᱜᱼᱟ᱾
ᱥᱟᱹᱜᱩᱱ ᱥᱤᱸᱜᱟᱹᱲ	शुभ संध्या
एक उदाहरण के रूप में, डिजिटल अधिकार प्रबंधन (DRM) इस क्षेत्र में आता है।	ᱰᱤᱡᱤᱴᱟᱞ ᱨᱟᱭᱤᱴ ᱢᱮᱹᱱᱮᱡᱢᱮᱱᱴ ᱫᱚ ᱱᱚᱶᱟ ᱴᱚᱴᱷᱟ ᱨᱮ ᱫᱟᱹᱭᱠᱟᱹ ᱞᱮᱠᱟ ᱾
हवा के नियम उन्हें एक यात्री के बिना सामान भेजने की अनुमति नहीं देंगे, जो आप में आते हैं ।	ᱱᱚᱣᱟ ᱛᱟᱯᱤᱥ ᱛᱮ ᱧᱟᱢ ᱞᱟᱹᱜᱤᱫ ᱮᱠᱢᱟᱛᱨᱚ ᱱᱚᱣᱟ ᱡᱟᱸᱪ ᱟᱠᱟᱫ ᱡᱤᱱᱥᱤ ᱞᱮᱠᱟ ᱛᱮ ᱠᱩᱞ ᱞᱮᱱ ᱛᱟᱦᱮᱱᱟ᱾ ᱮᱭᱟᱨᱞᱟᱭᱤᱱ-ᱟᱜ ᱱᱤᱭᱚᱢ ᱚᱱᱟ ᱵᱮᱜᱚᱨ ᱭᱟᱛᱨᱤᱣᱟᱜ ᱡᱤᱱᱤᱥ ᱠᱳᱞ ᱨᱮᱭᱟᱜ ᱚᱱᱩᱢᱟᱛᱤ ᱫᱚ ᱵᱟᱭ ᱮᱢᱚᱜᱼᱟ, ᱡᱟᱦᱟᱸ ᱠᱷᱚᱱ ᱟᱢ ᱦᱟᱹᱡᱩᱜ ᱠᱟᱱᱟ᱾
यह संगीतकार कितना प्रतिभाशाली है, यह देखकर मैं पूरी तरह से हैरान रह गया। उनका प्रदर्शन अद्भुत था।	ᱱᱩᱭ ᱥᱮᱨᱮᱧ ᱠᱟᱹᱨᱤᱜᱚᱞ ᱛᱤᱱᱟᱹᱜ ᱜᱟᱱ ᱜᱟᱹᱠᱷᱩᱲᱟᱱ ᱚᱱᱟ ᱧᱮᱞᱛᱮ ᱤᱧ ᱫᱚ ᱯᱩᱨᱟᱹᱜᱮᱧ ᱦᱟᱦᱟᱲᱟ ᱩᱛᱟᱹᱨ ᱞᱮᱱᱟ ᱾ ᱩᱝᱠᱩᱣᱟᱜ ᱩᱫᱩᱜ ᱥᱚᱫᱚᱨ ᱫᱚ ᱛᱟᱦᱮᱠᱟᱱᱟ ᱦᱟᱦᱟᱲᱟᱣᱟᱱᱟᱜ ᱜᱮ ᱾
आम तौर पर दर्द के उद्‌घाटन के 12 घंटे बाद खून की जाँच की जाती है ।	ᱥᱟᱫᱷᱟᱨᱚᱱ ᱦᱟᱹᱥᱩ ᱮᱦᱚᱵᱚᱜ ᱜᱮᱞ ᱵᱟᱨ ᱴᱟᱲᱟᱝ ᱛᱟᱭᱚᱢ ᱠᱟᱨᱰᱤᱭᱟᱠ ᱴᱨᱳᱯᱳᱱᱤᱱ ᱞᱟᱹᱜᱤᱫ ᱢᱤᱫᱴᱟᱝ ᱢᱟᱭᱟᱝ ᱵᱤᱰᱟᱹᱣ ᱠᱚᱨᱟᱣ ᱦᱩᱭ ᱞᱮᱱᱟ ᱾
कई विकल्प हैं.	ᱟᱭᱢᱟ ᱚᱯᱥᱚᱱ ᱢᱮᱱᱟᱜᱼᱟ ᱾
तो क्या तुम लोग इस कलाम से इन्कार रखते हो	ᱰᱟᱭᱟᱵᱮᱴᱤᱠ ᱨᱮᱭᱟᱜ ᱢᱮᱱᱩ ᱠᱷᱚᱱ ᱟᱢ ᱪᱮᱫ ᱮᱢ ᱠᱷᱚᱡᱽ ᱠᱟᱱᱟ ?
माना जाता है कि यह विनाइल पर रिलीज का सबसे बड़ा ऑनलाइन डेटाबेस भी है।	ᱱᱚᱶᱟ ᱫᱚ ᱵᱷᱤᱱᱟᱭᱤᱞ ᱨᱮᱦᱚᱸ ᱩᱰᱷᱟᱹᱣ ᱨᱮᱭᱟᱜ ᱢᱟᱨᱟᱝ ᱚᱱᱞᱟᱭᱤᱱ ᱰᱟᱴᱟᱵᱮᱥ ᱢᱮᱱᱛᱮ ᱦᱩᱭᱩᱜᱼᱟ ᱾
कुमार ने भारत के विदेश मंत्रालय में सेवाएं दी हैं।	ᱠᱩᱢᱟᱨ ᱫᱚ ᱵᱷᱟᱨᱚᱛ ᱨᱮᱭᱟᱜ ᱯᱚᱨᱟᱥᱴᱨᱚ ᱢᱚᱱᱛᱨᱟᱞᱚᱭ ᱨᱮᱭ ᱠᱟᱹᱢᱤ ᱟᱠᱟᱫᱟ ᱾
मैं ब्रांड विरा से फोन कर रहा हूँ.	ᱵᱷᱮᱨᱟ ᱵᱨᱮᱱᱰ ᱠᱷᱚᱱ ᱤᱧ ᱯᱷᱳᱱ ᱮᱫᱟ ᱾
एरिया कोड 212: एरिया कोड 212 न्यूयॉर्क का एक एरिया कोड है।	ᱴᱚᱴᱷᱟ ᱠᱳᱰ ᱒᱑᱒ ᱫᱚ ᱦᱩᱭᱩᱜ ᱠᱟᱱᱟ ᱱᱤᱣᱩ ᱤᱭᱚᱨᱠ ᱨᱮᱭᱟᱜ ᱢᱤᱫᱴᱟᱝ ᱴᱚᱴᱷᱟ ᱠᱳᱰ ᱾
मैं इसे नीचे नोट करेंगे तो मैं भूल नहीं है.	ᱤᱧ ᱱᱚᱶᱟ ᱱᱳᱴᱼᱟ ᱟᱹᱧ ᱡᱟᱦᱟᱸᱛᱮ ᱤᱧ ᱵᱟᱹᱧ ᱦᱤᱲᱤᱧ ᱾
एक संगठन सीखने के लिए संगठन को सीखने की धारणाएँ बनाने का लक्ष्य रखता है, नए - नए तरीके हासिल करना ।	ᱢᱤᱫᱴᱟᱹᱝ ᱥᱚᱝᱜᱚᱴᱷᱚᱱ ᱢᱤᱫᱴᱟᱹᱝ ᱥᱤᱠᱷᱭᱚᱬ ᱥᱚᱝᱜᱚᱴᱷᱚᱱ ᱨᱮᱭᱟᱜ ᱥᱛᱷᱟᱯᱱᱟᱹ ᱨᱮᱭᱟᱜ ᱚᱠᱛᱚ ᱤᱫᱤᱼᱤᱡ ᱯᱨᱚᱠᱨᱤᱭᱟᱹ ᱛᱮ ᱪᱮᱫᱟᱜ ᱪᱟᱞᱟᱜ ᱠᱟᱛᱷᱟ? ᱥᱚᱝᱜᱚᱴᱷᱚᱱᱟᱛᱢᱚᱠ ᱥᱤᱠᱷᱭᱚᱬ ᱚᱣᱫᱷᱟᱹᱨᱬᱟᱹ ᱠᱚ ᱵᱮᱵᱷᱟᱨ ᱨᱮ ᱟᱹᱜᱩ ᱨᱮᱭᱟᱜ ᱢᱤᱫᱴᱟᱹᱝ ᱞᱚᱠᱷᱭᱚ ᱱᱣᱟᱪᱟᱹᱨ ᱜᱮᱭᱟ᱾
ये फ्रांसीसी लोग थे जिन्होंने 1940 में जर्मन लोगों के साथ शांति कायम की थी और उनसे लड़ने के बजाय सेना के साथ काम किया था।	ᱱᱚᱣᱟ ᱫᱚ "ᱵᱷᱤᱪᱤ" ᱯᱷᱨᱟᱱᱥᱤᱥ ᱦᱚᱛᱮᱛᱮ ᱥᱟᱥᱚᱱᱚᱜ ᱠᱟᱱ ᱛᱟᱦᱮᱸᱱᱟ᱾ ᱱᱩᱠᱩ ᱫᱚ ᱯᱷᱨᱮᱸᱪ ᱦᱚᱲ ᱠᱚ ᱛᱟᱦᱮᱸ ᱠᱟᱱᱟ ᱡᱟᱦᱟᱸᱭ ᱫᱚ ᱑᱙᱔᱐ ᱥᱮᱨᱢᱟ ᱨᱮ ᱡᱟᱨᱢᱟᱱ ᱥᱟᱶ ᱥᱟᱱᱛᱤ ᱠᱚ ᱛᱷᱟᱯᱚᱱ ᱞᱮᱫᱟ ᱟᱨ ᱟᱠᱨᱳᱢᱳᱱᱠᱟᱨᱤ ᱥᱟᱶ ᱞᱟᱹᱰᱷᱟᱹᱭ ᱵᱟᱝ ᱠᱟᱛᱮ ᱩᱱᱠᱩ ᱥᱟᱶ ᱠᱚ ᱠᱟᱹᱢᱤ ᱞᱮᱫᱟ᱾
ड्रेकुला फिल्म देखने के बाद, मुझे रात में अकेले अंधेरी जगहों पर जाने से डर लगता था।	ᱰᱨᱟᱠᱩᱞᱟ ᱪᱚᱞᱚᱛ ᱪᱤᱛᱟᱹᱨ ᱧᱮᱞ ᱛᱟᱭᱚᱢ, ᱤᱧ ᱧᱤᱫᱟᱹ ᱵᱮᱲᱟ ᱮᱥᱠᱟᱨ ᱧᱩᱛᱟᱹᱛ ᱴᱷᱟᱶ ᱨᱮ ᱥᱮᱱᱚᱜ ᱤᱧ ᱵᱚᱛᱚᱨᱚᱜ ᱠᱟᱱ ᱛᱟᱦᱮᱫ ᱾
जो लोग सुनना मुश्‍किल समझते हैं, वे आम तौर पर बोली जानेवाली भाषा से बात करते हैं ।	ᱦᱚᱲ ᱡᱟᱦᱟᱸᱭ ᱠᱩ ᱫᱚ ᱟᱧᱡᱚᱢ ᱨᱮ ᱟᱱᱟᱴ ᱢᱮᱱᱟᱜ ᱛᱟᱠᱩᱣᱟ ᱥᱟᱫᱷᱟᱨᱚᱱ ᱞᱮᱠᱟᱛᱮ ᱨᱚᱲᱚᱜ ᱯᱟᱹᱨᱥᱤᱠᱩ ᱦᱚᱛᱮᱛᱮ ᱡᱳᱜᱟᱡᱳᱜ ᱟᱨ ᱟᱧᱡᱚᱢ ᱡᱚᱱᱛᱚᱨ, ᱠᱳᱠᱷᱞᱟᱨ ᱵᱟᱹᱭᱥᱟᱹᱣ ᱟᱨ ᱮᱴᱟᱜ ᱰᱤᱵᱷᱟᱭᱤᱥ ᱠᱩ ᱮᱢᱚᱱ ᱠᱤ ᱠᱮᱯᱥᱚᱱ ᱨᱮ ᱥᱩᱵᱤᱫᱷᱟ ᱠᱩ ᱧᱟᱢᱟ ᱾
उदाहरण के लिए, संसार की सबसे आम छवि फोटोग्राफी अब भी 35 मिमी है ।	ᱫᱟᱹᱭᱠᱟ ᱞᱮᱠᱟᱛᱮ, ᱡᱮᱜᱮᱛ ᱨᱮ ᱥᱟᱱᱟᱢ ᱠᱷᱚᱱ ᱥᱟᱫᱷᱟᱨᱚᱱ ᱥᱛᱷᱤᱨ ᱪᱤᱛᱟᱹᱨ ᱯᱷᱚᱴᱚᱜᱨᱟᱯᱷᱤ ᱯᱷᱳᱨᱢᱟᱴ ᱓᱕ ᱢᱤᱢᱤ ᱢᱮᱱᱟᱜᱼᱟ, ᱡᱟᱦᱟᱸ ᱫᱚ ᱟᱱᱟᱞᱳᱜᱽ ᱯᱷᱤᱞᱢ ᱡᱩᱜᱽ ᱡᱟᱯᱟᱜ ᱨᱮᱱᱟᱜ ᱢᱩᱪᱟᱹᱫ ᱨᱮ ᱯᱨᱚᱢᱩᱠᱷ ᱯᱷᱤᱞᱢ ᱛᱟᱦᱮᱸ ᱠᱟᱱᱟI
उत्तर के काफ़ी बड़े - बड़े क्षेत्र हैं जो काफ़ी हद तक आबाद हैं और कुछ तो दूर - दूर के वीराने में हैं ।	ᱢᱟᱬᱟᱝ ᱥᱮᱫ ᱮᱛᱚᱢ ᱨᱮ ᱢᱟᱨᱟᱝ ᱴᱚᱴᱷᱟ ᱟᱭᱢᱟ ᱠᱚᱢ ᱟᱵᱟᱫ ᱟᱱᱟᱜ ᱠᱟᱱᱟ ᱟᱨ ᱠᱤᱪᱷᱩᱜᱟᱱ ᱵᱟᱞᱤᱭᱟᱹᱲ ᱚᱛ ᱡᱟᱨᱟ ᱢᱮᱱᱟᱜᱼᱟ᱾
मुझे बताया गया था कि यह दुनिया की सबसे ऊंची इमारत है। यह सुंदर दिखती है!	ᱤᱧ ᱞᱟᱹᱭ ᱚᱪᱚᱞᱮᱱᱟ ᱱᱚᱣᱟ ᱫᱚ ᱡᱮᱜᱮᱫ ᱨᱮᱭᱟᱜ ᱡᱚᱛᱚᱠᱷᱚᱱ ᱩᱥᱩᱞ ᱛᱷᱚᱱᱚᱛ ᱠᱟᱱᱟ ᱾ ᱱᱚᱣᱟ ᱫᱚ ᱧᱮᱞᱛᱮ ᱟᱹᱰᱤ ᱪᱮᱨᱦᱟ !
प्रिस्को ने लिखा कि 2018 में आईबीएम पाँच वर्षों के भीतर इसके व्यापक उपयोग की भविष्यवाणी कर रहा था।	ᱯᱨᱤᱥᱠᱳᱭ ᱚᱞᱼᱟᱠᱟᱫᱟ ᱡᱮ ᱒᱐᱑᱘ ᱥᱟᱞ ᱨᱮ ᱟᱭ ᱵᱤ ᱮᱢ ᱫᱚ ᱢᱚᱸᱲᱮ ᱥᱮᱨᱢᱟ ᱢᱩᱫᱨᱮ ᱰᱷᱮᱮᱨ ᱵᱮᱵᱚᱦᱟᱨ ᱨᱮᱭᱟᱜ ᱟᱜᱟᱢ ᱩᱭᱦᱟᱹᱨᱼᱮ ᱮᱢᱼᱟᱠᱟᱫᱟ ᱾
इसलिए आप ज़्यादा तनाव महसूस कर सकते हैं ।	ᱚᱱᱟᱛᱮ ᱟᱢ ᱟᱨᱦᱚᱸ ᱵᱷᱟᱜᱮᱢ ᱵᱩᱡᱼᱟ ᱾
हाँ, आप भी एक बुधवार और कर्मा में उसे देखना चाहिए.	ᱦᱮᱸ, ᱟᱢ ᱫᱚ ᱫᱷᱳᱠᱟ, ᱢᱤᱫᱴᱟᱝ ᱥᱟᱹᱜᱩᱱ ᱢᱟᱦᱟ ᱟᱨ ᱠᱚᱨᱢᱚ ᱨᱮᱦᱚᱸ ᱧᱮᱞ ᱞᱟᱹᱠᱛᱤ ᱠᱟᱱᱟ ᱾
मेरे पास सात पानी हैं।	ᱤᱧ ᱴᱷᱮᱱ ᱮᱭᱟᱭ ᱜᱚᱴᱟᱝ ᱫᱟᱜ ᱢᱮᱱᱟᱜᱼᱟ ᱠᱚᱣᱟ।
मैं वास्तव में इन जोखिम भरे खेलों में नहीं हूँ.	ᱤᱧᱫᱚ ᱱᱚᱝᱠᱟᱱ ᱫᱤᱞᱼᱟᱱ ᱠᱷᱮᱞᱚᱸᱰ ᱨᱮᱫᱚ ᱵᱟᱹᱱᱩᱧᱟ ᱾
मंदी के खतरे से लोग खुलकर खर्च करने से कतरा रहे हैं।	ᱫᱟᱹᱵ ᱨᱮᱭᱟᱜ ᱡᱷᱩᱸᱠ ᱦᱚᱲ ᱠᱚ ᱟᱞᱜᱟᱛᱮ ᱠᱷᱚᱨᱪᱟ ᱠᱷᱚᱱ ᱥᱟᱦᱟ ᱨᱮᱭ ᱫᱚᱦᱚᱭᱮᱫ ᱠᱚᱣᱟ ᱾
फिर से भेंट कीजिए ।	ᱟᱨᱦᱚᱸ ᱦᱤᱡᱩᱜ ᱢᱮ ᱾
हाय, राहुल! मैं इतना खुश हूँ कि आप बुलाया.	ᱦᱟᱭ, ᱨᱟᱦᱩᱞ ! ᱤᱧᱮᱢ ᱦᱚᱦᱚ ᱟᱹᱫᱤᱧᱟ ᱟᱹᱰᱤᱧ ᱠᱩᱥᱤᱭᱮᱱᱟ ᱾
लेकिन नई सरकार सत्ता और लाभ के लिए अपने नेतृत्व स्थापित करने में विफल रही, और इसके वित्तीय समर्थन के रूप में स्थानीय और बीच के कमांडरों और उनके सैन्य सैनिकों के साथ केवल लड़ाई नहीं की.	ᱢᱮᱱᱠᱷᱟᱱ ᱱᱟᱸᱣᱟ ᱥᱚᱨᱠᱟᱨ ᱟᱭᱟᱜ ᱟᱹᱱᱟᱱ ᱛᱷᱟᱯᱚᱱᱨᱮᱭ ᱵᱤᱨᱛᱷᱟᱹᱭᱮᱱᱟ ᱟᱨ ᱩᱱᱤᱭᱟᱜ ᱰᱷᱮᱨᱦᱤᱸᱥ ᱠᱟᱹᱣᱰᱤ ᱜᱚᱲᱚ ᱠᱚᱢᱮᱱ ᱠᱷᱟᱹᱛᱤᱨ, ᱛᱷᱟᱹᱱᱤᱛ ᱟᱨ ᱛᱟᱞᱟ ᱦᱟᱹᱴᱤᱧᱨᱮᱱ ᱟᱹᱭᱩᱨᱠᱩ ᱟᱨ ᱩᱝᱠᱩᱨᱮᱱ ᱵᱟᱹᱦᱤᱱᱤ ᱮᱠᱮᱱ ᱟᱠᱩᱢᱩᱫᱨᱮ ᱞᱟᱹᱲᱦᱟᱹᱭᱜᱤ ᱫᱚ ᱵᱟᱠᱩ ᱞᱟᱹᱲᱦᱟᱹᱭᱟᱠᱟᱱᱟ, ᱫᱟᱲᱮ ᱟᱨ ᱞᱟᱵᱷ ᱟᱹᱫᱟᱹᱭ ᱞᱟᱹᱜᱤᱫ ᱡᱮᱞᱮᱧᱚᱠᱛᱚ ᱦᱟᱸᱰᱮᱱᱟᱰᱮ ᱞᱟᱹᱲᱦᱟ,ᱭᱨᱮ ᱢᱤᱫᱜᱩᱴ ᱵᱟᱝ ᱢᱟᱱᱟᱣ ᱫᱟᱲᱮᱭᱟᱜ ᱦᱚᱨᱟᱠᱩ ᱟᱯᱱᱟᱨᱞᱮᱫᱟ ᱾
क्या आप मेरी रोटी में कम घी नहीं लगा सकते? क्या आप नहीं जानते कि मेरा कोलेस्ट्रॉल बढ़ा हुआ है?	ᱤᱧᱟᱜ ᱨᱩᱴᱤᱨᱮ ᱜᱷᱤ ᱠᱚᱢ ᱵᱟᱢ ᱮᱢ ᱫᱟᱲᱮᱭᱟᱜᱼᱟ ? ᱟᱢ ᱫᱚ ᱪᱮᱫ ᱵᱟᱢ ᱵᱟᱰᱟᱭᱟ ᱤᱧᱟᱜ ᱵᱟᱹᱲᱛᱤ ᱠᱳᱞᱮᱥᱴᱮᱨᱚᱞ ᱢᱮᱱᱟᱜᱼᱟ ?
दिसंबर में लान्या के एक छोटे - से इलाके में इस साल का सबसे बड़ा दौरा शुरू होता है ।	ᱥᱟᱞ ᱨᱮᱭᱟᱜ ᱡᱚᱛᱚ ᱠᱷᱚᱱ ᱢᱟᱨᱟᱝ ᱴᱩᱨᱱᱟᱢᱮᱸᱴ ᱰᱤᱥᱮᱢᱵᱚᱨ ᱨᱮ ᱞᱟᱥ ᱠᱚᱱᱤᱴᱟᱥ ᱨᱮ ᱯᱚᱞᱚ ᱰᱟᱹᱦᱤ ᱨᱮ ᱦᱩᱭ ᱟᱹᱜᱩᱜ ᱠᱟᱱᱟI
यह रिपोर्ट दी गयी है कि क्षेत्र में करीब 9400 घरों को पानी के बिना और करीब 100 बिजली नहीं है ।	ᱱᱤᱭᱟᱹ ᱨᱤᱯᱚᱨᱴ ᱦᱩᱭ ᱟᱠᱟᱱᱟ ᱡᱮ ᱱᱚᱣᱟ ᱴᱚᱴᱷᱟ ᱨᱮ ᱙᱔᱐᱐ ᱜᱟᱱ ᱚᱲᱟᱜ ᱨᱮ ᱫᱟᱜ ᱟᱨ ᱟᱢᱫᱟᱡᱽ ᱑᱐᱐ ᱜᱟᱱ ᱚᱲᱟᱜ ᱨᱮ ᱵᱤᱡᱽᱞᱤ ᱵᱟᱹᱱᱩᱜᱼᱟ᱾
इन्हीं हाथों में, इस फिल्म के बहुत - से दृश्‍य अंग गिर गए और इसे एक साहित्य और शब्दी उत्पाद में बदल दिया गया ।	ᱱᱤᱭᱟᱹ ᱛᱤᱨᱮ, ᱥᱤᱱᱟᱹᱢᱟ ᱫᱚ ᱟᱡᱟᱜ ᱵᱷᱤᱡᱩᱣᱟᱞ ᱪᱩᱨᱤᱛ ᱨᱮᱭᱟᱜ ᱟᱹᱰᱤᱜᱟᱱ ᱦᱤᱸᱥᱮ ᱟᱫ ᱟᱠᱟᱫᱟ ᱟᱨ ᱱᱚᱣᱟᱫᱚ ᱢᱤᱫ ᱥᱟᱶᱦᱮᱫ ᱟᱨ ᱥᱟᱰᱮᱭᱟᱜ ᱫᱩᱨᱤᱵ ᱨᱮ ᱵᱮᱱᱟᱣ ᱞᱮᱱᱟ ᱾
इस दस्तावेज़ का पहला जन पठन जुलाई ८ को स्वतंत्रता घर के आँगन में जॉन निन्टॉन द्वारा हुआ था ।	ᱰᱚᱠᱩᱢᱮᱱᱴ ᱨᱮᱱᱟᱜ ᱯᱩᱭᱞᱩ ᱥᱟᱨᱣᱟᱡᱟᱱᱤᱠ ᱣᱟᱪᱟᱱ ᱡᱚᱱ ᱱᱤᱠᱥᱟᱱ ᱦᱚᱛᱮᱛᱮ ᱘ ᱡᱩᱞᱟᱭ ᱦᱤᱞᱚᱜ ᱫᱚ ᱤᱱᱰᱤᱯᱮᱱᱰᱮᱱᱥ ᱦᱚᱞ ᱨᱮᱱᱟᱜ ᱯᱨᱚᱝᱜᱟᱬ ᱨᱮ ᱦᱩᱭ ᱞᱮᱱ ᱛᱟᱦᱮᱱᱟ᱾
आप वोटर आईडी कर सकते हैं जो ऑनलाइन रजिस्टर कर सकते हैं, या उपयुक्त दस्तावेज़ों के साथ सेवा केंद्र में.	ᱚᱱᱞᱟᱭᱤᱱ ᱨᱮ ᱨᱮᱡᱤᱥᱴᱟᱨ ᱠᱟᱛᱮ ᱥᱮ ᱡᱚᱛᱷᱟᱛ ᱱᱚᱛᱷᱤ ᱟᱛᱮ ᱢᱤᱫᱴᱟᱝ ᱵᱷᱟᱹᱞᱟᱹᱭ ᱛᱟᱞᱢᱟᱨᱮ ᱟᱢᱟᱜ ᱵᱷᱳᱴᱟᱨ ᱟᱭᱰᱤ ᱛᱟᱦᱮᱸ ᱫᱟᱲᱮᱭᱟᱛᱟᱢᱟ ᱾
आप ब्लेड बदलना क्यों भूल गए? अब मेरे चेहरे पर दाने निकल आए हैं!	ᱵᱞᱮᱰ ᱵᱚᱫᱚᱞ ᱪᱮᱫᱟᱜᱮᱢ ᱦᱤᱲᱤᱧ ᱠᱮᱰᱟ ? ᱱᱤᱛᱚᱜ ᱤᱧᱟᱜ ᱢᱮᱫᱦᱟ ᱨᱮ ᱛᱩᱯᱩᱫ ᱧᱮᱞᱚᱜ ᱠᱟᱱᱟ !
नक्शे पर निर्धारित इकाइयों को विशिष्ट प्रतीक, रंग तथा नाम दिया जाएगा.	ᱢᱟᱱᱪᱤᱛᱟᱹᱨ ᱨᱮ ᱪᱤᱱᱦᱟᱹ ᱟᱠᱟᱱ ᱤᱭᱩᱱᱤᱴ ᱠᱚ ᱜᱚᱴᱟᱵᱩᱴᱟᱹ ᱪᱤᱱᱦᱟᱹ, ᱨᱚᱝ ᱟᱨ ᱧᱩᱛᱩᱢᱮ ᱮᱢᱚᱜᱼᱟ ᱾
जॉन एडम्स को राष्ट्रपति के रूप में और थॉमस जेफरसन को उपराष्ट्रपति के रूप में चुना गया था।	ᱡᱚᱱ ᱮᱹᱰᱟᱢᱥᱚᱱ ᱫᱚ ᱯᱨᱮᱥᱤᱰᱮᱱᱴ ᱮ ᱵᱟᱪᱷᱱᱟᱣ ᱞᱮᱱᱟ ᱟᱨ ᱴᱚᱢᱟᱥ ᱡᱮᱯᱷᱟᱨᱥᱚᱱ ᱫᱚ ᱵᱷᱟᱭᱤᱥ ᱯᱨᱮᱥᱤᱰᱮᱱᱴ ᱮ ᱵᱟᱪᱷᱱᱟᱣ ᱞᱮᱱᱟ ᱾
इराक अध्ययन समूह ने अपनी रिपोर्ट आज १२,०० जीएमटी पर पेश की ।	ᱤᱨᱟᱠ ᱯᱟᱹᱴᱷᱩᱣᱟᱹ ᱠᱚ ᱛᱮᱦᱮᱸᱧ ᱑᱒.᱐᱐ GMT ᱨᱮ ᱠᱷᱚᱵᱚᱨ ᱩᱫᱩᱜ ᱠᱚ ᱫᱚᱦᱚ ᱠᱮᱜᱼᱟ᱾
जानकारी वास्तव में मेरी बहुत मदद की है.	ᱛᱮᱛᱮᱫ ᱫᱚ ᱥᱟᱹᱨᱤᱜᱤ ᱟᱭᱢᱟᱭ ᱜᱚᱲᱚᱣᱟᱠᱟᱫᱤᱧᱟ ᱾
मैं संगीत क्लब में शामिल हो गया.	ᱤᱧᱫᱚ ᱥᱮᱨᱮᱧ ᱠᱞᱟᱵᱽ ᱨᱮᱧ ᱥᱮᱞᱮᱫ ᱟᱠᱟᱱᱟ ᱾
क्योंकि रास्ते में विचार आश्‍चर्यचकित होते हैं ।	ᱪᱮᱫᱟᱜ ᱥᱮ ᱦᱚᱨ ᱨᱮᱱᱟᱜ ᱵᱷᱤᱣᱩ ᱟᱹᱰᱤ ᱦᱟᱦᱟᱲᱟ ᱜᱮᱭᱟ ᱾
सच में, मैं उलझन में हूँ.	ᱥᱟᱹᱨᱤ ᱢᱮᱱᱛᱮ ᱪᱮᱫ, ᱤᱧ ᱵᱷᱤᱲᱠᱟᱹᱣ ᱾
ऐसा करने के लिए, उन्हें यह सीखने की ज़रूरत है कि कैसे वे प्रभावकारी रीति से और गेंद को सही - सही और जल्दी से खिलाड़ियों के बीच में ले जा सकते हैं ।	ᱱᱤᱭᱟᱹ ᱠᱚᱨᱟᱣ ᱞᱟᱹᱜᱤᱫᱛᱮ, ᱠᱷᱮᱞᱚᱰᱤᱭᱟᱹᱠᱤᱱ ᱛᱟᱞᱟ ᱠᱷᱚᱱ ᱟᱹᱰᱤ ᱩᱥᱟᱹᱨᱟ ᱟᱨ ᱵᱷᱟᱜᱮ ᱥᱟᱹᱦᱤᱫᱽ ᱵᱚᱞ ᱚᱪᱚᱜ ᱟᱨ ᱠᱟᱹᱢᱤᱭᱟᱱ ᱰᱨᱤᱵᱞᱤᱝ ᱦᱚᱛᱮᱛᱮ ᱪᱮᱫ ᱞᱮᱠᱟ ᱯᱚᱡᱤᱥᱚᱱᱮᱢ ᱫᱚᱦᱚᱭᱮᱫᱟ ᱚᱱᱟ ᱥᱮᱲᱟᱭ ᱞᱟᱹᱜᱛᱤᱭ ᱛᱟᱠᱚᱣᱟ ᱾
इन एंकरों का उपयोग करने का कारण उत्पादों की प्रामाणिकता सुनिश्चित करना है।	ᱱᱚᱣᱟ ᱮᱝᱠᱟᱨ ᱠᱚ ᱵᱮᱵᱚᱦᱟᱨ ᱨᱮᱭᱟᱜ ᱚᱡᱮ ᱫᱚ ᱦᱩᱭᱩᱜ ᱠᱟᱱᱟ ᱫᱩᱨᱤᱵ ᱠᱚ ᱨᱮᱭᱟᱜ ᱥᱟᱹᱨᱤᱭᱟᱜ ᱛᱮᱫ ᱴᱷᱟᱹᱣᱠᱟᱹᱭ ᱜᱮ ᱾
यह उस समय नोटिस बोर्ड पर प्रदर्शित किया जाता है रेगिस्ट के कार्यालय में किसी भी व्यक्ति को आगे आने के लिए अनुमति दे रहा है.	ᱱᱚᱶᱟ ᱱᱳᱴᱤᱥ ᱫᱚ ᱩᱱᱚᱠᱛᱮ ᱨᱮᱡᱤᱥᱴᱟᱨ ᱚᱯᱷᱤᱥ ᱨᱮ ᱱᱳᱴᱤᱥ ᱵᱳᱨᱰ ᱨᱮ ᱩᱫᱩᱜᱥᱚᱫᱚᱨ ᱦᱩᱭᱩᱜ ᱡᱟᱦᱟᱸᱛᱮ ᱡᱳᱴᱠᱚ ᱵᱤᱨᱩᱫ ᱨᱮ ᱟᱯᱚᱛᱛᱤ ᱠᱟᱛᱮ ᱱᱚᱝᱠᱟᱱ ᱡᱟᱦᱟᱸᱞᱮᱠᱟᱱ ᱟᱯᱱᱟᱨ ᱟᱱᱟᱜ ᱞᱟᱦᱟ ᱦᱮᱡᱩᱜ ᱟᱭ ᱾
सन्‌ 1993 में दिखाए गए शो को छोड़ने के बावजूद उसने सरकारी निर्माताओं का अधिकार जारी रखा और हर मौसम में लाखों डॉलर खर्च किए ।	᱑᱙᱙᱓ ᱨᱮ ᱥᱳ ᱵᱟᱹᱜᱤ ᱠᱟᱛᱮ ᱨᱮᱦᱚᱸ ᱩᱱᱤᱫᱚ ᱠᱟᱹᱢᱤᱦᱚᱨᱟ ᱯᱨᱚᱵᱭᱩᱥᱚᱨ ᱞᱮᱠᱟᱛᱮ ᱥᱤᱨᱯᱟᱹ ᱫᱚᱦᱚ ᱟᱜᱩᱣᱟᱠᱟᱫ ᱜᱮᱭᱟᱭ, ᱨᱚᱭᱟᱞᱴᱤ ᱨᱮ ᱡᱚᱛᱚ ᱥᱤᱡᱚᱱ ᱨᱮ ᱜᱮᱞ ᱢᱤᱞᱤᱭᱚᱱ ᱰᱚᱞᱟᱨ ᱧᱟᱢ ᱫᱚ ᱞᱮᱛᱟᱲ ᱟᱠᱟᱫᱟ᱾
आखिरकार इस फिल्म को देखने के लिए मैं बहुत रोमांचित हूँ! मैं हफ्तों से इसका इंतजार कर रहा था।	ᱢᱩᱪᱟᱹᱫ ᱦᱟᱹᱵᱤᱡ ᱱᱚᱣᱟ ᱪᱚᱞᱚᱛ ᱪᱤᱛᱟᱹᱨ ᱧᱮᱞᱛᱮ ᱤᱧ ᱟᱹᱰᱤ ᱠᱷᱩᱥᱤ ! ᱤᱧ ᱫᱚ ᱠᱤᱪᱷᱩ ᱦᱟᱯᱛᱟᱠᱤᱭᱟᱹ ᱱᱚᱣᱟ ᱞᱟᱹᱜᱤᱫᱤᱧ ᱛᱟᱹᱜᱤᱭᱮᱫ ᱠᱟᱱᱟ ᱾
मुझे यह प्लेटफॉर्म पसंद नहीं है। वे वीडियो बनाने वाले रचनाकारों (क्रिएटर्स) को बहुत कम भुगतान करते हैं।	ᱤᱧ ᱱᱚᱣᱟ ᱯᱞᱟᱴᱯᱷᱚᱨᱢ ᱵᱟᱹᱧ ᱠᱩᱥᱤᱭᱟᱜᱼᱟ ᱾ ᱵᱷᱤᱰᱤᱭᱳ ᱵᱮᱱᱟᱣ ᱵᱮᱱᱟᱣᱤᱧᱟᱹᱠᱚ ᱟᱹᱰᱤ ᱛᱷᱚᱲᱟ ᱠᱟᱹᱣᱰᱤ ᱠᱚ ᱮᱢᱮᱫᱟ ᱾
केवल अपने शौक का पालन करने के द्वारा, आप यह कर सकते हैं, है ना?	ᱮᱠᱦᱮᱱ ᱟᱢᱟᱜ ᱥᱚᱠ ᱯᱟᱸᱡᱟ ᱠᱟᱛᱮᱜ, ᱟᱢ ᱱᱚᱶᱟᱢ ᱠᱚᱨᱟᱣ ᱰᱟᱲᱮᱭᱟᱜᱼᱟ, ᱥᱮ ᱵᱟᱝ ?
परस्त्रीगमन को अकसर विवाह के कार्य के दौरान किए गए विश्‍वास का उल्लंघन और प्रतिज्ञा का उल्लंघन समझा जाता है ।	ᱟᱰᱟᱞᱴᱮᱨᱤ ᱫᱚ ᱡᱟᱹᱥᱛᱤᱠᱟᱭᱛᱮᱜᱤ ᱵᱟᱯᱞᱟ ᱚᱠᱛᱮᱨᱮ ᱯᱟᱹᱛᱭᱟᱹᱣ ᱵᱷᱟᱸᱜᱟᱣ ᱟᱨ ᱠᱤᱨᱭᱟᱹᱣᱟᱠᱟᱱᱟᱜ ᱞᱚᱴᱚᱢ ᱞᱮᱠᱟᱛᱮ ᱧᱮᱞᱚᱜᱚᱠᱼᱟ ᱾
भाई! मैंने कभी नहीं सोचा था कि तुम इतना भारी वजन उठाओगे, तुम तो कमाल हो!!	ᱵᱚᱭᱦᱟ ! ᱤᱧ ᱛᱤᱥ ᱦᱚᱸ ᱵᱟᱹᱧ ᱪᱤᱱᱛᱟᱹ ᱟᱠᱟᱫᱟ ᱟᱢ ᱱᱩᱱᱟᱹᱜ ᱦᱟᱢᱟᱞ ᱛᱩᱞᱟᱹᱢ ᱛᱩᱞᱼᱟ ᱢᱮᱱᱛᱮ, ᱟᱢ ᱫᱚᱢ ᱠᱚᱝᱠᱟ ᱜᱮᱭᱟ !!
दाएं मुड़ें	ᱡᱚᱡᱚᱢ ᱥᱮᱫ ᱟᱹᱪᱩᱨᱚᱜ ᱢᱮ
मोलडोवा का मुख्य धर्म ऑर्थोडॉक्स मसीही है ।	ᱢᱳᱞᱫᱳᱵᱷᱟ ᱨᱮᱱᱟᱜ ᱢᱩᱬ ᱫᱷᱚᱨᱚᱢ ᱫᱚ ᱦᱩᱭᱩᱜ ᱠᱟᱱᱟ ᱨᱩᱰᱷᱤᱵᱟᱹᱫᱤ ᱤᱥᱟᱹᱭ᱾
लोगों को देखो.	ᱞᱟᱸᱜᱟᱣᱟᱠᱟᱱ ᱦᱚᱲᱠᱩ ᱥᱮᱡᱽ ᱠᱚᱭᱚᱜ ᱢᱮ ᱾
उस दिन मैंने 100 रुपये गंवा दिए क्योंकि मैं अपने फोन से भुगतान करते समय सावधान नहीं था।	ᱤᱧ ᱫᱚ ᱮᱴᱟᱜ ᱫᱤᱱ ᱑᱐᱐ ᱠᱟᱹᱣᱰᱤᱧ ᱟᱫ ᱟᱠᱟᱫᱟ ᱪᱮᱫᱟᱜ ᱥᱮ ᱤᱧᱟᱜ ᱯᱷᱳᱱ ᱵᱮᱵᱚᱦᱟᱨ ᱠᱟᱛᱮᱫ ᱠᱟᱹᱣᱰᱤ ᱮᱢᱚᱜ ᱚᱠᱛᱚ ᱥᱚᱱᱛᱚᱨ ᱵᱟᱹᱧ ᱛᱟᱦᱮᱠᱟᱱᱟ ᱾
ये सभी लागू होते हैं अगर सभी कारण भुगतान किया गया है.	ᱡᱚᱛᱚ ᱵᱟᱹᱠᱤ ᱠᱟᱹᱣᱰᱤ ᱮᱢᱟᱠᱟᱱ ᱠᱷᱟᱱ ᱱᱤᱭᱟᱹ ᱫᱚ ᱮᱢᱚᱜᱚᱜᱼᱟ ᱾
सुरक्षा जाँच केंद्रों में खोज भी पोस्ट-हिकबर ११, 2001 के युग में अधिक प्रभावी हो गए हैं।	᱑᱑ ᱫᱟᱥᱟᱸᱭ, ᱒᱐᱐᱑ ᱨᱮᱭᱟᱜ ᱭᱩᱜ ᱛᱟᱭᱚᱢ ᱨᱩᱠᱷᱤᱭᱟᱹ ᱪᱚᱣᱠᱤ ᱨᱮᱭᱟᱜ ᱠᱷᱚᱡᱽ ᱦᱚᱸ ᱰᱷᱮᱨ ᱵᱚᱞᱚᱫᱩᱲᱩᱵ ᱦᱩᱭᱩᱜ ᱠᱟᱱᱟ᱾
मरल को बदलने के लिए भारी बिजली की कीमत Tsh/ cwhh (860 Ksh/ kwhh)	ᱰᱤᱡᱮᱞ ᱫᱚᱦᱚᱭ ᱞᱟᱹᱜᱤᱫ ᱡᱚᱜᱟᱣ ᱠᱷᱩᱪᱨᱳ ᱜᱚᱱᱚᱝ ᱫᱚ ᱦᱩᱭᱩᱜᱼᱟ ᱑᱙ ᱴᱟᱠᱟ/ᱠᱤᱞᱳᱣᱟᱴ ᱴᱟᱲᱟᱝ (ᱥᱚᱠᱛᱤ ᱫᱚᱠᱠᱷᱚᱛᱟ ᱥᱮᱯᱷᱴ ᱞᱟᱹᱜᱤᱫ ᱗᱕% ᱱᱤᱵᱤᱥᱴᱚ ᱵᱤᱡᱽᱞᱤᱨᱮ ᱘᱖᱐ ᱠᱤᱞᱳᱠᱮᱞᱚᱨᱤ/ ᱠᱤᱞᱳᱣᱟᱴ ᱴᱟᱲᱟᱝ ᱥᱟᱶ ᱥᱚᱠᱛᱤ ᱫᱚᱠᱠᱷᱚᱛᱟ ᱠᱨᱮᱝᱠᱥᱮᱯᱷᱴ ᱞᱟᱹᱜᱤᱫ ᱔᱐% ᱥᱟᱦᱟᱱ ᱫᱟᱲᱮᱨᱮ ᱘᱕᱗᱒ ᱠᱤᱞᱳᱠᱮᱞᱚᱨᱤ/ ᱞᱤᱴᱟᱨ ᱰᱤᱡᱮᱞ ᱨᱮᱭᱟᱜ ᱜᱩᱴ ᱠᱮᱞᱚᱨᱤ ᱟᱱ ᱜᱚᱱᱚᱝ) ᱟᱨ ᱯᱮᱴᱨᱚᱞ ᱫᱚᱦᱚᱭ ᱞᱟᱹᱜᱤᱫ ᱮᱞ ᱫᱚ ᱦᱩᱭᱩᱜᱼᱟ ᱒᱘ ᱴᱟᱠᱟ / ᱠᱤᱞᱳᱣᱟᱴ ᱴᱟᱲᱟᱝ (ᱥᱚᱠᱛᱤ ᱫᱚᱠᱠᱷᱚᱛᱟ ᱥᱮᱯᱷᱴ ᱞᱟᱹᱜᱤᱫ ᱗᱕% ᱱᱤᱵᱤᱥᱴᱚ ᱵᱤᱡᱽᱞᱤᱨᱮ ᱘᱖᱐ ᱠᱤᱞᱳᱠᱮᱞᱚᱨᱤ /ᱠᱤᱞᱳᱣᱟᱴ ᱴᱟᱲᱟᱝ ᱥᱟᱶ ᱥᱚᱠᱛᱤ ᱫᱚᱠᱠᱷᱚᱛᱟ ᱠᱨᱮᱯᱷᱴ ᱞᱟᱹᱜᱤᱫ ᱓᱓% ᱥᱟᱦᱟᱱ ᱥᱚᱠᱛᱤᱨᱮ ᱗᱖᱙᱓ ᱠᱤᱞᱳᱠᱮᱞᱚᱨᱤ/ ᱞᱤᱴᱟᱨ ᱯᱮᱴᱨᱳᱞ ᱨᱮᱭᱟᱜ ᱜᱩᱴ ᱠᱮᱞᱚᱨᱤ ᱟᱱ ᱜᱚᱱᱚᱝ) ᱾
मुझे अच्छा लग रहा है कि मैं उसके लिए खाना खरीद रहा हूँ।	ᱤᱧ ᱩᱱᱤ ᱞᱟᱹᱜᱤᱫ ᱡᱚᱢᱟᱜ ᱤᱧ ᱠᱤᱨᱤᱧ ᱮᱫᱛᱮ ᱟᱹᱰᱤ ᱱᱟᱯᱟᱭ ᱤᱧ ᱟᱴᱠᱟᱨ ᱮᱫᱟ ᱾
भारत के पास सर्पर चिकित्सा क्षेत्र में एक तुलनात्मक लाभ है और क्षेत्र में एक विश्‍व नेता हो सकता है ।	ᱵᱚᱫᱚᱞ ᱛᱮ ᱜᱟᱱᱚᱜ ᱞᱮᱠᱟᱱ ᱨᱟᱱ ᱠᱚᱨᱮ ᱵᱷᱟᱨᱚᱛ ᱫᱚ ᱛᱩᱞᱟᱹᱡᱚᱠᱷᱟ ᱟᱱᱟᱜ ᱥᱩᱵᱤᱫᱟ ᱢᱮᱱᱟᱜ ᱛᱟᱭᱟ ᱟᱨ ᱱᱚᱣᱟ ᱴᱚᱴᱷᱟ ᱨᱮ ᱵᱷᱟᱨᱚᱛ ᱫᱚ ᱡᱮᱜᱮᱫ ᱟᱹᱭᱩᱨᱤᱭᱟᱹᱭ ᱦᱩᱭ ᱫᱟᱲᱮᱭᱟᱜᱼᱟ ᱾
कि Mermu ने यह सुनिश्चित करने के लिए पर्याप्त नहीं किया था कि अरबी समुदाय को प्रदान किया गया स्व-जन अधिकार सही रूप से लागू किया गया.	ᱢᱟᱨᱮᱱ ᱢᱤᱫ ᱵᱤᱡᱮᱯᱤ ᱨᱟᱡᱽᱟᱹᱨᱤᱵᱤᱫ ᱟᱨ ᱪᱮᱴᱷᱟ ᱠᱟᱹᱢᱤᱭᱟᱹ, ᱨᱚᱛᱚᱱ ᱮ ᱢᱮᱛᱟᱫᱮᱭᱟ ᱡᱮ ᱩᱯᱚᱡᱟᱹᱛᱤᱭᱟᱹ ᱜᱟᱸᱛᱟᱠ ᱨᱮᱱᱠᱚ ᱥᱤᱠᱟᱹᱨ ᱟᱠᱟᱱ ᱟᱯᱱᱟᱨᱼᱥᱟᱥᱚᱱ ᱟᱹᱭᱫᱟᱹᱨᱠᱚ ᱵᱟᱥᱛᱚᱵᱟᱭᱚᱱ ᱴᱷᱤᱠᱟᱹᱱ ᱞᱟᱹᱜᱤᱫ ᱛᱷᱚᱲᱟ ᱵᱟᱭ ᱠᱩᱨᱩᱢᱩᱴᱩ ᱞᱮᱫᱟ ᱢᱩᱨᱢᱩ ᱾
क्या आप सचमुच उन वाटर राइड्स में जाना चाहते हैं जब वे सप्ताह में केवल एक बार पानी बदलते हैं?	ᱟᱢ ᱪᱮᱫ ᱥᱟᱹᱨᱤ ᱜᱮ ᱳᱣᱟᱴᱟᱨ ᱨᱟᱭᱤᱰ ᱠᱚᱨᱮ ᱪᱟᱞᱟᱜ ᱮᱢ ᱠᱷᱚᱡ ᱠᱟᱱᱟ ᱡᱚᱠᱷᱚᱱ ᱩᱱᱠᱩ ᱦᱟᱯᱛᱟᱨᱮ ᱢᱤᱫ ᱫᱷᱟᱣ ᱫᱟᱜ ᱠᱚ ᱵᱚᱫᱚᱞᱼᱟ ᱾
अरे! क्या यह वह नई हाइब्रिड कार है जिसे चलाने के लिए पेट्रोल की आवश्यकता नहीं होती?	ᱳᱦ! ᱱᱚᱶᱟ ᱫᱚ ᱪᱮᱫ ᱱᱟᱶᱟ ᱦᱟᱭᱵᱨᱤᱰ ᱜᱟᱹᱰᱤ ᱡᱟᱦᱟᱸ ᱫᱚ ᱪᱟᱞᱟᱣ ᱞᱟᱹᱜᱤᱫ ᱯᱮᱴᱨᱳᱞ ᱵᱟᱝ ᱡᱟᱹᱨᱩᱲᱟ ?
मेरे पास पाँच दाल हैं।	ᱤᱧ ᱴᱷᱮᱱ ᱢᱚᱬᱮ ᱜᱚᱴᱟᱝ ᱫᱟᱞ ᱢᱮᱱᱟᱜᱼᱟ ᱠᱚᱣᱟ।
यह बहुत अच्छा होगा!	ᱚᱱᱟᱜᱤ ᱵᱷᱟᱜᱤᱜᱼᱟ !
लेकिन पहले, हम एक गड़हा बंद करने की जरूरत है.	ᱢᱮᱱᱠᱷᱟᱱ ᱯᱳᱭᱞᱳ ᱨᱮ, ᱟᱵᱳ ᱢᱤᱫᱴᱟᱝ ᱯᱤᱴ ᱥᱴᱚᱯ ᱠᱚᱨᱟᱣ ᱦᱩᱭᱩᱜ ᱛᱟᱵᱚᱱᱟ ᱾
नदी की नावें अरकंसास नदी से होकर ओक्लाहोमा तक जाती हैं।	ᱨᱤᱵᱷᱟᱨ ᱵᱳᱴ ᱠᱚᱫᱚ ᱟᱨᱠᱟᱱᱥᱟᱥ ᱜᱟᱰᱟ ᱨᱮᱭᱟᱜ ᱳᱠᱞᱟᱦᱳᱢᱟ ᱦᱟᱹᱵᱤᱡ ᱪᱟᱞᱟᱜᱼᱟ ᱾
जापान में लगभग ७,००० द्वीप हैं जो संसार का सबसे बड़ा द्वीप बन रहे हैं!	ᱡᱟᱯᱟᱱ ᱫᱚ ᱗,᱐᱐᱐ ᱜᱟᱱ ᱫᱤᱯ ᱠᱚ ᱤᱫᱤ ᱠᱟᱛᱮ ᱵᱮᱱᱟᱣ ᱟᱠᱟᱱᱟ (ᱡᱷᱚᱛᱚ ᱠᱷᱚᱱ ᱢᱟᱨᱟᱝᱼᱟᱜ ᱦᱳᱱᱥᱩ), ᱚᱱᱟᱛᱮ ᱡᱟᱯᱟᱱ ᱫᱚ ᱡᱮᱜᱮᱛ ᱛᱟᱞᱟᱨᱮ ᱗ᱟᱱ ᱢᱟᱨᱟᱝ ᱫᱤᱯᱼᱮ ᱵᱮᱱᱟᱣ ᱠᱟᱱᱟ!
मेरे पिताजी एक मरने के कठिन प्रशंसक थे.	ᱤᱧ ᱵᱵᱟᱫᱚ ᱩᱱᱤᱨᱮᱱ ᱢᱟᱨᱟᱝ ᱵᱷᱚᱠᱛᱚᱭ ᱛᱟᱦᱮᱸᱠᱟᱱᱟ ᱾
ओह, तो यह व्यंजन भी उदार है?	ᱳᱦ, ᱱᱚᱶᱟᱦᱚᱸ ᱵᱮᱜᱚᱨ ᱥᱤᱸᱲᱤᱪᱼᱟᱜ ᱠᱟᱱ ᱜᱮᱭᱟ ?
निन्यानवे	ᱱᱟᱭ ᱜᱮᱞ ᱱᱟᱭ
और अधिक पारंपरिक गिरजे अकसर सप्ताह के शनिवार - रविवार को ईस्टर की रात को आयोजित करते हैं, तथा आधी रात को मसीह के पुनरुत्थान का जश्‍न मनाने के लिए कलीसियाओं को अकसर उत्सव मनाने के लिए मनाया जाता है ।	ᱧᱩᱦᱩᱢ ᱢᱟᱦᱟᱸ ᱧᱤᱫᱟ ᱤᱥᱴᱚᱨ ᱦᱟᱯᱛᱟ ᱢᱩᱪᱟᱹᱫ ᱨᱮ ᱵᱟᱹᱲᱛᱤᱜᱟᱱ ᱪᱚᱨᱪ ᱜᱮᱤᱥᱴᱚᱨ ᱵᱷᱤᱡᱤᱞ ᱠᱚ ᱫᱚᱦᱚᱭᱟ, ᱢᱤᱢᱤᱫ ᱫᱦᱟᱣ ᱠᱨᱤᱥᱴ ᱟᱜ ᱫᱚᱥᱟᱨ ᱡᱚᱱᱚᱢ ᱦᱚᱸ ᱛᱟᱞᱟ ᱧᱤᱫᱟᱹ ᱨᱮ ᱥᱝᱜᱮ ᱦᱚᱲᱛᱮ ᱢᱟᱟᱱᱟᱣᱜᱼᱟ᱾
शायद आप सही कह रहे हैं! मुझे याद है भारतीय भूगोल में लीआ वर्ग, और कैसे उसने हमारे लिए एक दिलचस्प चित्र बनाया.	ᱦᱩᱭ ᱫᱟᱲᱮᱭᱟᱜᱼᱟ ᱟᱢᱮᱢ ᱥᱟᱹᱨᱤᱜᱮᱭᱟ ! ᱤᱧ ᱫᱤᱥᱟᱹᱭᱮᱫᱟ ᱵᱷᱨᱚᱛ ᱨᱮᱭᱟᱜ ᱚᱛᱱᱚᱜ ᱪᱮᱛᱟᱱ ᱢᱤᱥᱥ ᱞᱤᱭᱟᱼᱟᱜ ᱠᱞᱟᱥ, ᱟᱨ ᱩᱱᱤ ᱪᱮᱫ ᱞᱮᱠᱟᱛᱮ ᱟᱞᱮ ᱞᱟᱹᱜᱤᱫ ᱢᱤᱫ ᱨᱤᱡᱷᱟᱹᱣᱱᱟ ᱪᱤᱛᱟᱹᱨᱮ ᱠᱷᱚᱫᱟ ᱞᱮᱫᱟ ᱾
पिछली गर्मी बहुत मजेदार थी। मैंने अपने सभी पसंदीदा वीडियो गेम फिर से खेले।	ᱪᱟᱞᱟᱣᱮᱱ ᱞᱚᱞᱚ ᱫᱤᱱ ᱟᱹᱰᱤ ᱨᱟᱹᱥᱠᱟᱹ ᱛᱟᱦᱮᱠᱟᱱᱟ ᱾ ᱤᱧ ᱫᱚ ᱟᱨᱦᱚᱸ ᱤᱧᱟᱜ ᱠᱩᱥᱤᱭᱟᱜ ᱥᱟᱱᱟᱢ ᱵᱷᱤᱰᱤᱭᱳ ᱜᱮᱢᱤᱧ ᱠᱷᱮᱞ ᱟᱠᱟᱫᱟ ᱾
मिस्टर बीन ने पूरी पेंटिंग पर छींक दिया और फिर उसे पसीने से भरे अपने रूमाल से पोंछ दिया।	ᱢᱤᱥᱴᱟᱨ ᱵᱤᱱ ᱫᱚ ᱜᱚᱴᱟ ᱪᱤᱛᱟᱹᱨ ᱨᱮᱭ ᱟᱹᱪᱷᱤᱢ ᱠᱮᱫᱟ ᱟᱨ ᱚᱱᱟ ᱛᱟᱭᱚᱢ ᱩᱫᱜᱟᱹᱨᱛᱮ ᱯᱮᱨᱮᱡ ᱨᱩᱢᱟᱹᱞ ᱛᱮᱭ ᱡᱚᱫ ᱠᱮᱫᱟ ᱾
उन्हें फ्रांस के सर्वश्रेष्ठ कवियों में से एक माना जाता है।	ᱞᱚᱭᱮᱰ ᱫᱚ ᱱᱤᱭᱩ ᱤᱭᱚᱨᱠ ᱨᱮᱭᱟᱜ ᱚᱨᱮᱧᱡ ᱠᱟᱣᱩᱱᱴᱤ ᱨᱮ ᱑᱙ ᱟᱜᱚᱥᱴ, ᱑᱘᱐᱕ ᱥᱟᱞ ᱨᱮᱭ ᱡᱟᱱᱟᱢ ᱞᱮᱱᱟ ᱾
उस वक्‍त चर्च के पादरियों को पैरिस से पैरिस भेजा गया था ।	ᱱᱚᱣᱟ ᱱᱤᱭᱟᱹ ᱚᱠᱛᱮ ᱛᱟᱦᱮᱸᱠᱟᱱᱟ ᱡᱮ ᱠᱚᱱᱥᱴᱮᱸᱴᱤᱱᱳᱯᱞ ᱠᱷᱚᱱ ᱯᱮᱨᱤᱥ ᱨᱮ ᱯᱷᱮᱥᱚᱱ ᱠᱮᱯᱤᱴᱟᱞ ᱨᱮᱭᱟᱜ ᱢᱟᱱ ᱨᱮᱭᱟᱜ ᱩᱪᱟᱹᱲ ᱟᱠᱟᱱ ᱛᱟᱦᱮᱸᱠᱟᱱᱟI I
उसके साथ अपना ओटीपी साझा न करें। वह आपके पैसे चुरा सकता है।	ᱩᱱᱤ ᱥᱟᱣ ᱟᱢᱟᱜ ᱳ ᱴᱤ ᱯᱤ ᱟᱞᱚᱢ ᱦᱟᱹᱴᱤᱧᱟ ᱾ ᱩᱱᱤ ᱫᱚ ᱟᱢᱟᱜ ᱠᱟᱹᱣᱰᱤᱭ ᱠᱚᱢᱵᱲᱚ ᱫᱟᱲᱮᱭᱟᱜᱼᱟ ᱾
लेकिन, जबकि बाज़ार आपको बिक्री बढ़ाने की अनुमति देते हैं, वे आपको एक स्थायी व्यापार विकसित करने में समर्थ नहीं करते और अपने ख़ुद का बाजार बनाने में समर्थ नहीं करते ।	ᱡᱟᱸᱦᱟᱭᱮᱱᱜᱮ, ᱮᱱᱦᱚᱸ ᱵᱟᱡᱟᱨ ᱴᱷᱟᱶ ᱠᱚ ᱟᱢ ᱟᱹᱠᱷᱨᱤᱧᱮ ᱵᱟᱹᱲᱛᱤ ᱠᱟᱛᱟᱢᱟ, ᱚᱱᱟᱫᱚ ᱟᱢ ᱢᱤᱫᱴᱟᱝ ᱴᱤᱠᱟᱹᱣᱟᱱ ᱵᱮᱯᱟᱨ ᱵᱟᱹᱲᱛᱤᱭ ᱨᱮ ᱟᱨ ᱟᱢᱟᱜ ᱱᱤᱡᱮᱨᱟ ᱟᱹᱠᱷᱨᱤᱧ ᱞᱮᱠᱟᱱᱟᱜ ᱵᱨᱟᱱᱰ ᱵᱮᱱᱟᱣ ᱵᱟᱭ ᱰᱟᱲᱮᱭᱟᱜ ᱾
ओह यह अद्भुत है!	ᱳᱦ ! ᱟᱹᱰᱤ ᱦᱟᱦᱟᱲᱟᱜᱤ !
अगर आपको अपनी मंज़िल के लिए कुछ और दस्तावेज़ों के बारे में सोचने या उन्हें पाने के लिए वक्‍त मिले तो वे आपके लिए भी तैयार रह सकते हैं ।	ᱡᱩᱫᱤ ᱟᱢ ᱯᱨᱚᱥᱛᱟᱣ ᱵᱟᱵᱚᱫ ᱨᱮ ᱩᱭᱦᱟᱹᱨ ᱥᱮ ᱟᱯᱱᱟᱨ ᱜᱟᱛᱟᱝ ᱞᱟᱹᱜᱤᱫ ᱟᱭᱢᱟ ᱫᱟᱥᱛᱟᱣᱮᱡᱽ ᱦᱟᱛᱟᱣ ᱞᱟᱹᱜᱤᱫ ᱚᱠᱛᱚ ᱦᱩᱭᱩᱜ ᱢᱟ ᱠᱷᱟᱱ ᱟᱢ ᱞᱟᱹᱜᱤᱫ ᱟᱨᱟᱪᱷᱟᱱ ᱦᱚᱸ ᱦᱩᱭ ᱫᱟᱲᱮᱭᱟᱜᱼᱟ (ᱡᱮᱞᱮᱠᱟ ᱣᱤᱡᱟ)᱾
वह उस स्तर तक पहुँचने वाली चौथी अश्वेत अमेरिकी महिला थीं।	ᱩᱱᱤ ᱫᱚᱭ ᱛᱟᱦᱮᱸ ᱠᱟᱱᱟ ᱯᱩᱱ ᱟᱱᱟᱜ ᱟᱢᱮᱨᱤᱠᱟᱱ ᱦᱮᱸᱫᱮᱦᱚᱲ ᱛᱤᱨᱞᱟᱹ ᱡᱟᱸᱦᱟᱭ ᱫᱚ ᱱᱚᱶᱟ ᱴᱷᱟᱣ ᱨᱮᱭ ᱥᱮᱴᱮᱨ ᱞᱮᱱᱟ ᱾
हालाँकि, कंप्यूटर के लिए ये कार्य करना बहुत कठिन होता है।	ᱡᱟᱦᱟᱜᱮ ᱦᱩᱭᱩᱜ, ᱠᱚᱢᱯᱤᱭᱩᱴᱟᱨ ᱞᱟᱹᱜᱤᱫ, ᱱᱤᱭᱟᱹ ᱠᱟᱹᱢᱤᱠᱚ ᱠᱚᱨᱟᱣ ᱫᱚ ᱟᱹᱰᱤ ᱠᱮᱴᱮᱡ ᱜᱮᱭᱟ ᱾
ज़्यादातर छोटे - छोटे द्वीप स्वतंत्र राष्ट्र हैं, या फ्रांस से जुड़े हुए हैं, और जिन्हें ऐशो - आराम की जगहों के नाम से जाना जाता है ।	ᱟᱭᱢᱟ ᱜᱟᱱ ᱠᱟᱹᱡ ᱠᱟᱹᱡ ᱟᱭᱤᱥᱞᱟᱸᱰ ᱠᱚᱫᱚ ᱟᱹᱯᱱᱟᱹᱛ ᱫᱮᱥ ᱠᱟᱱᱟ, ᱟᱨᱵᱟᱝ ᱯᱷᱨᱟᱱᱥ ᱥᱟᱶ ᱡᱚᱲᱟᱣ ᱠᱚ ᱛᱟᱦᱮᱱᱟ, ᱟᱨ ᱞᱚᱠᱡᱚᱨᱤ ᱵᱤᱪ ᱨᱤᱥᱚᱴ ᱢᱮᱱᱛᱮ ᱠᱚ ᱵᱟᱰᱟᱭ ᱠᱚᱜᱼᱟ᱾
वह एल्गोरिदम और अनुकूलन (ऑप्टिमाइज़ेशन) में अपने काम के लिए जाने जाते थे।	ᱩᱱᱤ ᱫᱚ ᱮᱞᱜᱚᱨᱤᱫᱚᱢ ᱟᱨ ᱚᱯᱴᱤᱢᱟᱭᱡᱮᱥᱚᱱ ᱨᱮ ᱩᱱᱤᱭᱟᱜ ᱠᱟᱹᱢᱤ ᱞᱟᱹᱜᱤᱫ ᱩᱨᱩᱢᱟᱱᱼᱮ ᱛᱟᱦᱮᱠᱟᱱᱟ ᱾
इन जहाज़ों का इस्तेमाल करके वे सागर के पार बड़े पैमाने पर लोगों और धन - दौलत की बड़ी मात्रा में बढ़ जाते हैं ।	ᱡᱟᱞᱟᱯᱩᱨᱤ ᱨᱮ ᱰᱷᱮᱨ ᱠᱟᱭᱛᱮ ᱦᱚᱲ ᱟᱨ ᱡᱤᱱᱤᱥ ᱠᱚ ᱤᱫᱤ ᱟᱹᱜᱩ ᱞᱟᱹᱜᱤᱫ ᱡᱤᱱᱤᱥ ᱥᱟᱜᱟᱲᱚᱢ ᱞᱟᱹᱜᱤᱫ ᱡᱟᱦᱟᱡᱽ ᱨᱮᱭᱟᱜ ᱵᱮᱵᱷᱟᱨ ᱫᱚ ᱡᱚᱛᱚ ᱠᱷᱚᱱ ᱦᱩᱱᱟᱹᱨᱟᱱ ᱩᱯᱟᱹᱭ ᱠᱟᱱᱟ᱾
आयकर अधिकारी जो रिफंड सौंपने के लिए रिश्वत मांगते हैं वे इंसान नहीं हैं।	ᱠᱷᱟᱡᱽᱱᱟ ᱠᱟᱹᱢᱤᱭᱟᱹ ᱠᱚ ᱡᱟᱦᱟᱸᱭ ᱫᱚ ᱯᱷᱮᱨᱚᱛ ᱮᱢ ᱨᱩᱣᱟᱹᱲ ᱞᱟᱹᱜᱤᱫ ᱜᱷᱩᱥ ᱠᱚ ᱠᱷᱚᱡᱟ ᱩᱱᱠᱩ ᱫᱚ ᱦᱚᱲ ᱫᱚᱠᱚ ᱵᱟᱝ ᱠᱟᱱᱟ ᱾
सरकार ने आदेश दिया है कि लागू करने के लिए लागू करने के लिए लागूियों का चयन करें, कार्य करें स्टेशनों तथा बैटरी अवरोधित सुविधाओं को बनाए रखें.	ᱥᱴᱮᱴ ᱱᱳᱰᱟᱞ ᱮᱡᱮᱱᱥᱤᱥ ( ᱮᱥ ᱮᱱ ᱮᱮᱥ) ᱯᱚᱱᱚᱛᱨᱮ ᱯᱟᱵᱞᱤᱠ ᱪᱟᱨᱡᱤᱝ ᱥᱴᱮᱥᱚᱱ ᱟᱨ ᱵᱮᱴᱟᱨᱤ ᱥᱚᱣᱟᱯᱤᱝ/ ᱪᱟᱨᱡᱤᱝ ᱥᱩᱵᱤᱫᱟᱠᱚ ᱤᱱᱥᱴᱚᱞ, ᱪᱟᱪᱞᱟᱣ ᱟᱨ ᱧᱮᱞ ᱥᱟᱢᱴᱟᱣ ᱞᱟᱹᱜᱤᱫ ᱥᱟᱨᱤᱭᱟᱜ ᱟᱪᱚᱭ ᱞᱮᱠᱟᱱ ᱜᱟᱶᱛᱟᱠᱚ ᱵᱟᱪᱷᱟᱣ ᱞᱟᱹᱜᱤᱫ ᱵᱚᱲᱦᱮᱭᱟᱠᱟᱫᱟ ᱾
दूसरी ओर, साहित्य ऐसी भाषा कला है जो पढ़ी जा सकती है या बोली जा सकती है ।	ᱮᱴᱟᱜ ᱱᱟᱠᱷᱟᱨᱮ ᱫᱚ ᱥᱟᱸᱣᱦᱮᱫ, ᱢᱤᱫᱴᱟᱝ ᱯᱟᱹᱨᱥᱤ ᱠᱟᱹᱨᱤ ᱡᱟᱦᱟᱸ ᱫᱚ ᱯᱟᱲᱦᱟᱣ ᱟᱨ ᱢᱮᱱ ᱜᱟᱱᱚᱜᱼᱟ ᱾
इन विश्‍वविद्यालयों में स्नातक कोर्स कब तक है?	ᱱᱤᱭᱟᱹᱠᱩ ᱡᱮᱜᱮᱫᱽᱵᱤᱫᱫᱟᱹᱜᱟᱲᱨᱮ ᱰᱤᱯᱞᱳᱢᱟ ᱠᱳᱨᱥ ᱫᱚ ᱛᱤᱱᱟᱹᱜᱽ ᱡᱮᱞᱮᱧ ?
डिजिटल: एक डिजिटल प्रणाली वह होती है जो अंकों (डिजिट्स) का उपयोग करके जानकारी का प्रतिनिधित्व करती है।	ᱰᱤᱡᱤᱴᱟᱞ ᱫᱚ ᱢᱤᱫᱴᱟᱝ ᱰᱤᱡᱤᱴᱟᱞ ᱥᱤᱥᱴᱮᱢ ᱱᱚᱝᱠᱟᱱ ᱢᱤᱫᱴᱟᱝ ᱡᱤᱱᱤᱥ ᱡᱟᱸᱦᱟ ᱫᱚ ᱮᱞ ᱵᱮᱣᱦᱟᱨ ᱠᱟᱛᱮ ᱰᱚᱜᱚᱨᱮ ᱥᱟᱢᱟᱝ ᱥᱚᱫᱚᱨᱟ ᱾
आप अधिक विवरण के लिए हमारे वेबसाइट की जाँच कर सकते हैं.	ᱟᱨᱚ ᱵᱤᱪᱷᱱᱟᱹᱣᱛᱮ ᱵᱟᱰᱟᱭ ᱞᱟᱹᱜᱤᱫ ᱟᱢ ᱟᱞᱮᱭᱟᱜ ᱳᱭᱮᱵᱽᱥᱟᱭᱤᱴ ᱮᱢ ᱧᱮᱞ ᱫᱟᱲᱮᱭᱟᱜᱼᱟ ᱾
यह मजेदार होने जा रहा है.	ᱟᱹᱰᱤ ᱨᱟᱥᱠᱟᱹ ᱟᱱᱟᱜ ᱦᱩᱭᱩᱜ ᱛᱮ ᱪᱟᱞᱟᱜ ᱠᱟᱱᱟ ᱾
मुख्य स्थानीय बियर है 'गो एक', यह एक जटिल बियर नहीं है, लेकिन सुखद और ताज़गी. अन्य स्थानीय बियर कहा जाता है "मैना".	ᱢᱩᱞ ᱥᱩᱨ ᱠᱟᱱ ᱵᱤᱭᱚᱨ 'ᱮᱞ ᱢᱤᱫ ᱠᱟᱱᱟ', ᱱᱚᱶᱟ ᱫᱚ ᱢᱤᱫᱴᱟᱹᱝ ᱡᱚᱴᱤᱞ ᱯᱟᱹᱶᱨᱟᱹ ᱵᱟᱝ ᱠᱟᱱᱟ, ᱢᱮᱱᱠᱷᱟᱱ ᱥᱩᱠᱷᱚᱫ ᱟᱨ ᱛᱟᱡᱟ ᱠᱟᱱᱟ᱾ ᱮᱴᱟᱜ ᱥᱛᱷᱟᱱᱤᱭᱚ ᱵᱤᱭᱟᱨ ᱠᱚ "ᱢᱚᱱᱛᱟ" ᱠᱚ ᱢᱮᱛᱟᱜᱼᱟ᱾
मुझे आशा है कि आप हमें गूगल पर एक समीक्षा करने के लिए समय ले.	ᱤᱧ ᱟᱥᱚᱜ ᱠᱟᱹᱱᱟᱹᱧ ᱟᱢ ᱜᱩᱜᱚᱞ ᱨᱮ ᱟᱞᱮ ᱨᱤᱵᱷᱤᱣᱩ ᱮᱢᱚᱜ ᱨᱮ ᱚᱠᱛᱚᱢ ᱦᱟᱛᱟᱣᱼᱟ ᱾
जी हाँ, भर्ती होना केवल एक ही जगह पर संभव है ।	ᱦᱮᱸ, ᱛᱟᱹᱞᱤᱠᱟᱨᱮ ᱥᱮᱞᱮᱫᱚᱜ ᱫᱚ ᱥᱩᱢᱩᱝ ᱢᱤᱫ ᱡᱟᱭᱜᱟ ᱨᱮᱜᱮ ᱦᱩᱭ ᱫᱟᱲᱮᱭᱟᱜᱼᱟ ᱾
प्रेस सचिव जेम्स ब्रैडी लकवाग्रस्त हो गए और स्थायी रूप से अक्षम हो गए।	ᱯᱨᱮᱥ ᱥᱮᱠᱨᱮᱴᱟᱨᱤ ᱡᱮᱢᱥ ᱵᱨᱮᱰᱤ ᱫᱚ ᱵᱚᱨᱚᱡᱽ ᱟᱨ ᱡᱟᱭᱡᱩᱜ ᱞᱟᱹᱜᱤᱫᱮ ᱚᱠᱠᱷᱚᱢ ᱩᱛᱟᱹᱨᱮᱱᱟ ᱾
आपके बारे में क्या?	ᱟᱨ ᱟᱢᱟᱜ ᱠᱷᱚᱵᱚᱨ ᱫᱚ ᱪᱮᱫ ?
कुछ विशाल भूरे रंग के चावल या मुर्गी कोरीनी पसंद करती है।	ᱢᱟᱥᱨᱩᱢ ᱵᱨᱟᱣᱩᱱ ᱨᱟᱭᱤᱥ ᱥᱮ ᱪᱤᱠᱮᱱ ᱠᱩᱭᱱᱚᱣᱟ ᱵᱤᱨᱤᱭᱟᱱᱤ ᱞᱮᱠᱟᱱᱟᱜ ᱠᱤᱪᱷᱤ ᱾
उदाहरण के लिए, एक ही समस्या को खानों के रूप में प्रस्तुत करने के लिए परमाणु बमों का परिचय देते हैं: किसी संघर्ष के खत्म होने के बाद आम जनता के लिए ख़तरा बनी रह सकता है ।	ᱫᱟᱹᱭᱠᱟᱹᱞᱮᱠᱟᱛᱮ, ᱢᱟᱭᱤᱱ ᱨᱮᱭᱟᱜ ᱞᱮᱠᱟᱱ ᱛᱷᱚᱠ ᱵᱳᱢᱟ ᱦᱚᱸ ᱢᱤᱫ ᱮᱴᱠᱮᱴᱚᱬᱮᱭ ᱥᱤᱨᱡᱟᱹᱣ ᱮᱫᱟᱺ ᱡᱟᱦᱟᱸᱱ ᱛᱟᱯᱟᱢ ᱢᱩᱪᱟᱹᱫ ᱠᱟᱛᱮ ᱟᱹᱰᱤ ᱛᱟᱭᱚᱢ ᱵᱮᱜᱚᱨ ᱚᱴᱮᱡᱟᱱ ᱠᱟᱹᱴᱤᱡ ᱵᱳᱢᱟ ᱥᱟᱫᱷᱟᱨᱚᱱ ᱱᱟᱜᱚᱨᱤᱭᱟ ᱠᱚ ᱞᱟᱹᱜᱤᱫ ᱫᱟᱹᱵᱽ ᱠᱟᱨᱚᱱ ᱛᱟᱦᱮᱸ ᱫᱟᱲᱮᱭᱟᱜᱼᱟ ᱾
वह फिनलैंड के सबसे सफल उपन्यासकारों में से एक थे।	ᱩᱱᱤ ᱫᱚ ᱯᱷᱤᱱᱞᱮᱱᱰ ᱨᱮᱱ ᱢᱤᱫᱴᱟᱝ ᱡᱚᱛᱚᱠᱷᱚᱱ ᱥᱚᱯᱷᱚᱞ ᱱᱚᱵᱷᱮᱞᱤᱥᱴ ᱮ ᱛᱟᱦᱮᱸ ᱠᱟᱱᱟ ᱾
तो मैं मैं पसंद की बातें करने के लिए कुछ समय मिल सकता है.	ᱡᱟᱦᱟᱸᱛᱮ ᱤᱧ ᱠᱩᱥᱤᱭᱟᱜ ᱞᱮᱠᱟᱱ ᱠᱟᱹᱢᱤᱠᱚᱧ ᱠᱟᱹᱢᱤ ᱫᱟᱲᱮᱭᱟᱜ ᱞᱟᱹᱜᱤᱫ ᱚᱠᱛᱚᱧ ᱧᱟᱢ ᱾
सन्‌ 1960 से 1981 तक के दौरान, जब सन्‌ 1971-1966666 साल का था, तब वे अपनी पार्टी को हरा रहे थे ।	᱑᱙᱘᱑ ᱠᱷᱚᱱ ᱑᱙᱙᱔ ᱥᱟᱹᱦᱤᱛ ᱫᱷᱟᱹᱵᱤᱡ ᱵᱷᱮᱨᱮ ᱵᱟᱨᱰ ᱢᱟᱨᱟᱝ ᱢᱚᱱᱛᱨᱤ ᱟᱨ ᱑᱙᱖᱐ ᱠᱷᱚᱱ ᱑᱙᱘᱑ ᱥᱟᱹᱦᱤᱛ ᱫᱷᱟᱹᱵᱤᱡ ᱮᱱᱴᱤᱜᱟᱨ ᱥᱤᱨᱟᱹ ᱢᱚᱱᱛᱨᱤ ᱛᱟᱦᱮᱸ ᱠᱟᱱᱟᱭ, ᱥᱩᱢᱩᱝ ᱑᱙᱗᱑ ᱠᱷᱚᱱ ᱑᱙᱗᱖ ᱥᱟᱹᱦᱤᱛ ᱚᱠᱛᱚ ᱪᱷᱟᱰᱟ, ᱡᱚᱠᱷᱚᱱ ᱩᱛᱱᱟᱹᱣᱟᱱ ᱠᱟᱹᱢᱤᱭᱟᱹ ᱟᱸᱫᱳᱲ (ᱯᱤᱹᱮᱞᱹᱮᱢ) ᱟᱪᱨᱮᱱ ᱜᱟᱫᱮᱞ ᱠᱚ ᱦᱟᱨᱟᱣ ᱠᱮᱫᱮᱭᱟ ᱾
क्या शानदार सफर रहा! मैंने कभी नहीं सोचा था कि यह छोटा स्टार्टअप बाजार में इतना बड़ा खिलाड़ी बन जाएगा।	ᱪᱮᱫ ᱵᱤᱨ ᱥᱟᱸᱜᱷᱟᱨ ! ᱤᱧ ᱫᱚ ᱛᱤᱥᱦᱚᱸ ᱵᱟᱹᱧ ᱩᱭᱦᱟᱹᱨ ᱟᱠᱟᱫᱟ ᱡᱮ ᱱᱚᱣᱟ ᱠᱟᱹᱴᱤᱡ ᱥᱴᱟᱨᱴᱟᱯ ᱫᱚ ᱵᱟᱡᱟᱨ ᱨᱮ ᱱᱩᱱᱟᱹᱜ ᱢᱟᱨᱟᱝ ᱠᱷᱮᱞᱚᱰ ᱦᱩᱭ ᱫᱟᱲᱮᱭᱟᱜᱼᱟ ᱾
मैंने अपनी सीट के आर्मरेस्ट को कसकर पकड़ लिया और पसीना छूटने लगा क्योंकि पूरी उड़ान के दौरान विमान हिंसक रूप से हिलता रहा।	ᱤᱧ ᱤᱧᱟᱹᱜ ᱥᱤᱴ ᱨᱮᱭᱟᱜ ᱟᱨᱢᱨᱮᱥᱴ ᱠᱮᱴᱮᱡ ᱥᱟᱹᱦᱤᱡ ᱤᱧ  ᱥᱟᱵ ᱠᱮᱫᱟ ᱟᱨ ᱜᱚᱴᱟ  ᱯᱷᱞᱟᱭᱤᱴ ᱜᱮ ᱡᱳᱨ ᱛᱮ ᱦᱤᱞᱟᱹᱜ ᱠᱷᱟᱹᱛᱤᱨᱛᱮ ᱤᱧ ᱩᱫᱜᱟᱹᱨᱤᱧ   ᱮᱦᱚᱵ ᱮᱱᱟ ᱾
सोलह	ᱜᱮᱞ ᱛᱩᱨᱩᱭ
इस तरह, मैं अपनी सप्ताहांतों को संगीत और अभ्यास सुनने में बिता सकती हूँ ।	ᱱᱚᱝᱠᱟᱛᱮ, ᱤᱧ ᱤᱧᱟᱹᱜ ᱦᱟᱯᱛᱟ ᱨᱮᱭᱟᱜ ᱪᱷᱩᱴᱤ ᱫᱤᱱ ᱠᱚᱨᱮ ᱥᱮᱨᱮᱧ ᱟᱸᱡᱚᱢ ᱟᱨ ᱨᱮᱣᱟᱡᱽ ᱛᱮᱧ ᱯᱟᱨᱚᱢ ᱫᱟᱲᱮᱭᱟᱜᱼᱟ ᱾
यह कर अधिकारियों की एक गलती थी और मुझे यह कहते हुए खेद है कि आपसे अधिक कर चुकाने के लिए कहा जाएगा।	ᱱᱚᱣᱟ ᱫᱚ ᱠᱚᱨ ᱟᱹᱢᱟᱹᱞᱤᱭᱟᱹ ᱼᱟᱜ ᱢᱤᱫᱴᱟᱝ ᱵᱷᱩᱞ ᱛᱟᱦᱮᱸ ᱠᱟᱱᱟ ᱟᱨ ᱤᱧ ᱫᱩᱠᱷᱼᱤᱧ ᱥᱚᱫᱚᱨ ᱮᱫᱟ ᱡᱮ ᱟᱢ ᱟᱨᱦᱚᱸ ᱠᱚᱨ ᱮᱢᱚᱜ ᱠᱚ ᱢᱮᱛᱟᱢᱼᱟ ᱾
स्पार्टा में लड़कियों के नियम अन्य शहरों से भिन्न थे।	ᱥᱯᱟᱨᱴᱟᱭ ᱨᱮ ᱛᱤᱨᱞᱟᱹ ᱠᱚᱣᱟᱜ ᱟᱹᱱ ᱛᱟᱦᱮᱸ ᱠᱟᱱᱟ ᱮᱴᱟᱜ ᱮᱴᱟᱜ ᱥᱟᱦᱟᱨ ᱠᱷᱚᱱ ᱵᱷᱮᱜᱟᱨ ᱾
मैं धूम्रपान छोड़ने की कोशिश कर रहा हूँ	ᱤᱧ ᱯᱩᱸᱜᱤ ᱧᱩ ᱵᱟᱹᱜᱤᱭ ᱨᱮᱭᱟᱜ ᱤᱧ ᱨᱤᱠᱟᱹᱭᱮᱫᱟ ᱾
आप इतने बूढ़े हैं फिर भी आप रोज 10 किमी चलते हैं?	ᱟᱢ ᱪᱮᱫ ᱟᱹᱰᱤ ᱦᱟᱲᱟᱢ ᱢᱮᱱᱠᱷᱟᱱ ᱟᱢ ᱫᱚ ᱱᱤᱛᱦᱚᱸ ᱫᱤᱱᱜᱮ ᱑᱐ ᱠᱤᱞᱳᱢᱤᱴᱟᱨᱼᱮᱢ ᱛᱟᱲᱟᱢᱮᱫᱟ ᱾
ठीक है, भारत का सबसे पुराना साहित्य कौन सा है?	ᱴᱷᱤᱠ ᱜᱮᱭᱟ ᱾ ᱵᱷᱟᱨᱚᱛ ᱨᱮᱭᱟᱜ ᱢᱟᱨᱮ ᱩᱛᱟᱹᱨ ᱥᱟᱶᱦᱮᱫ ᱚᱠᱟ ᱠᱟᱱᱟ ?
अरे, आप हमेशा किस तरह भूगोल में सबसे ऊँची निशान मिलता है?	ᱮᱭ, ᱟᱢ ᱡᱟᱣᱜᱮ ᱚᱛᱱᱚᱜᱨᱮ ᱪᱮᱫ ᱞᱮᱠᱟᱛᱮ ᱡᱚᱛᱚᱠᱷᱚᱱ ᱰᱷᱮᱨ ᱱᱚᱢᱵᱚᱨ ᱮᱢ ᱟᱹᱜᱩᱭᱟ ?
छी! मैडम, केशव अपना इरेज़र चबा रहा है।	ᱤᱭᱟᱣ! ᱢᱟᱪᱮᱫᱟᱹᱱᱤ, ᱠᱮᱥᱚᱵ ᱫᱚ ᱟᱡᱟᱜ ᱢᱩᱪᱷᱟᱹᱣᱟᱜᱼᱮ ᱛᱚᱜᱚᱡᱮᱫ ᱠᱟᱱᱟ ᱾
रोमन अंकों में, 15 को XV के रूप में लिखा जाता है।	ᱨᱳᱢᱟᱱ ᱮᱞ ᱛᱮ, ᱑᱕ ᱫᱚ XV ᱞᱮᱠᱟᱛᱮ ᱚᱞ ᱦᱩᱭᱩᱜᱼᱟ ᱾
बाद में मुझे चुनना मेरे लिए सचमुच मददगार साबित होगा ।	ᱛᱟᱭᱚᱢ ᱵᱟᱪᱷᱱᱟᱣ ᱠᱚᱨᱟᱣ ᱤᱧ ᱞᱟᱹᱜᱤᱫ ᱥᱟᱹᱨᱤᱜᱮ ᱫᱚᱦᱚᱫᱤᱡ ᱦᱩᱭᱩᱜᱼᱟ ᱾
लेकिन लाक्षणिक तौर पर, पाँव या निचले हिस्से या किसी भी चीज़ के नीचे ।	ᱥᱚᱝᱥᱠᱨᱤᱛᱚ ᱥᱟᱶᱦᱮᱫ ᱨᱮ ᱢᱩᱞ ᱟᱹᱲᱟᱹ ᱨᱮᱭᱟᱜ ᱥᱟᱹᱵᱤᱠ ᱢᱮᱱᱮᱫ ᱦᱩᱭᱩᱜ ᱠᱟᱱᱟ ᱢᱤᱫᱴᱟᱝ ᱚᱛᱢᱚᱱ ᱥᱮ ᱫᱟᱨᱮ ᱨᱮᱭᱟᱜ ᱨᱮᱦᱮᱫ, ᱢᱮᱱᱠᱷᱟᱱ ᱜᱚᱲᱦᱚᱱᱞᱮᱠᱟᱛᱮ, ᱡᱟᱸᱦᱟᱱᱟᱜ ᱨᱮᱭᱟᱜ ᱡᱟᱸᱜᱟ ᱥᱮ ᱡᱚᱛᱚᱠᱷᱚᱱ ᱞᱟᱛᱟᱨ ᱦᱤᱸᱥ ᱥᱮ ᱞᱟᱛᱟᱨᱨᱮ ᱾
हर व्यक्‍ति के पास पूर्ण शान्ति और संतोष प्राप्त करने की क्षमता है ।	ᱪᱤᱱᱛᱟᱹ ᱡᱟᱦᱟᱸ ᱛᱤᱱᱟᱹᱜ ᱠᱚᱢ ᱛᱟᱦᱮᱸᱱᱟ, ᱡᱤᱭᱚᱱ ᱫᱟᱲᱮ ᱩᱱᱟᱹᱜ ᱜᱮ ᱱᱟᱯᱟᱭᱚᱜᱼᱟ᱾ ᱡᱚᱛᱚ ᱦᱚᱲᱟᱜ ᱨᱮ ᱯᱩᱨᱟᱹ ᱥᱟᱹᱱᱛᱤ ᱟᱨ ᱥᱚᱱᱛᱚᱥᱴᱤ ᱧᱟᱢ ᱨᱮ ᱫᱟᱲᱮ ᱢᱮᱱᱟᱜᱼᱟI
अब यह सन्‌ 1609-2023) है, साथ ही एक एकीकृत राष्ट्रीय Ancutialmial विरोध और जानवरों के स्वास्थ्य देखभाल, पेड़ सुरक्षा सुरक्षा और पर्यावरण क्षेत्र के लिए योजना बनाई गई है.	ᱱᱤᱭᱟᱹ ᱫᱚ ᱱᱤᱛᱚᱜ (᱒᱐᱑᱙ᱼ᱒᱐᱒᱓) ᱤᱱᱴᱮᱜᱨᱮᱴᱮᱰ ᱱᱮᱥᱚᱱᱟᱞ ᱮᱱᱴᱤᱢᱟᱭᱠᱨᱳᱵᱟᱭᱟᱞ ᱨᱮᱡᱤᱥᱴᱮᱱᱥ ᱮᱱᱰ ᱨᱮᱥᱤᱰᱩᱣ ᱥᱟᱨᱵᱷᱮᱞᱮᱱᱥ ᱯᱞᱟᱱ ᱫᱟᱨᱟᱭᱛᱮ ᱡᱟᱱᱣᱟᱨ ᱦᱚᱲᱢᱚ ᱥᱟᱸᱣᱟᱨ ᱡᱚᱛᱚᱱ, ᱫᱟᱨᱮ, ᱡᱚᱢ ᱨᱩᱠᱷᱭᱟᱹ ᱟᱨ ᱞᱟᱭᱚᱝ ᱥᱮᱠᱴᱚᱨ ᱠᱩ ᱥᱟᱸᱣ ᱛᱩᱞᱩᱪ ᱟᱠᱟᱱᱟ ᱾
वे सब?	ᱩᱝᱠᱩ ᱡᱚᱛᱚ ᱜᱤ ?
आख़िरकार, नेता आख़िरकार टीम की सफलता और असफलता के लिए ज़िम्मेदार है ।	ᱢᱩᱪᱟᱹᱫ ᱨᱮ, ᱜᱟᱶᱛᱟ ᱨᱮᱭᱟᱜ ᱫᱟᱲᱮ ᱟᱨ ᱵᱟᱝ ᱫᱟᱲᱮ ᱨᱮ ᱟᱹᱭᱩᱨᱤᱭᱟᱹ ᱜᱮᱭ ᱫᱟᱹᱭᱤ ᱛᱟᱦᱮᱸᱱᱟ᱾
उत्परिवर्तन की तरह उत्परिवर्तन के आधार पर अलग अलग - अलग प्रभाव हो सकते हैं, आनुवंशिक सामग्री के एक टुकड़ा प्रभाव का मतलब है और क्या कोशिकाओं को प्रभावित करता है- scuts कोशिकाओं हैं.	ᱩᱛᱵᱚᱫᱚᱞ ᱨᱮᱭᱟᱜ ᱯᱨᱚᱠᱟᱨ ᱨᱮᱭᱟᱜ ᱟᱹᱫᱷᱟᱨ ᱛᱮ ᱩᱛᱵᱚᱫᱚᱞ ᱨᱮᱭᱟᱜ ᱮᱴᱟᱜᱼᱮᱴᱟᱜ ᱯᱨᱚᱵᱷᱟᱣ ᱦᱩᱭ ᱫᱟᱲᱮᱭᱟᱜᱼᱟ, ᱯᱨᱚᱵᱷᱟᱣᱤᱠ ᱟᱹᱬᱩᱵᱟᱠᱥᱤᱠ ᱡᱤᱱᱤᱥ ᱨᱮᱭᱟᱜ ᱜᱮᱡᱮᱨ ᱨᱮᱭᱟᱜ ᱢᱚᱦᱚᱛ ᱟᱨ ᱯᱨᱚᱵᱷᱟᱣ ᱠᱟᱱ ᱠᱚᱥᱤᱠᱟᱹ ᱨᱩᱜᱟᱹᱬᱩ ᱨᱮᱠᱷᱟᱹ ᱠᱚᱥᱤᱠᱟᱹ ᱠᱟᱱᱟ ᱠᱚ᱾
एरिया कोड 206: एरिया कोड 206 वाशिंगटन का एक एरिया कोड है।	ᱴᱚᱴᱷᱟ ᱠᱳᱰ ᱒᱐᱖ ᱫᱚ ᱳᱣᱟᱥᱤᱝᱴᱚᱱ ᱨᱮᱭᱟᱜ ᱢᱤᱫᱴᱟᱝ ᱴᱚᱴᱷᱟ ᱠᱳᱰ ᱾
उन महिलाओं के लिए यह कैसा जीवन है जिन्हें पढ़ने, काम करने या स्वतंत्र होने की अनुमति नहीं है?	ᱡᱟᱦᱟᱸᱭ ᱛᱤᱨᱞᱟᱹ ᱠᱚᱣᱟᱜ ᱚᱞ ᱯᱟᱲᱦᱟᱣ, ᱠᱟᱹᱢᱤ ᱥᱮ ᱯᱷᱩᱨᱜᱟᱹᱞ ᱮᱢ ᱵᱟᱝ ᱦᱩᱭᱩᱜᱼᱟ ᱩᱱᱠᱩᱣᱟᱜ ᱡᱤᱭᱚᱱ ᱫᱚ ᱚᱠᱟᱞᱮᱠᱟ ?
यह सच है कि भारत की सरकार ने चोरी - छिपे यह नहीं कहा कि (एक्स) या दस्तावेज़ एक वांछित नाम और लिंग को अलग करने के लिए बनाए गए हैं ।	ᱞᱤᱝ ᱥᱟᱶᱛᱮ ᱯᱟᱥᱯᱚᱴ‌ ᱡᱟᱹᱨᱤ ᱞᱟᱹᱜᱤᱫ ᱥᱚᱨᱠᱟᱨ ᱨᱮᱭᱟᱜ ᱤᱪᱷᱟᱹ ᱠᱚ ᱵᱷᱮᱜᱟᱨ ᱠᱟᱱ ᱧᱩᱛᱩᱢ ᱟᱨ ᱞᱤᱝ ᱥᱟᱞᱟᱜ ᱢᱮᱞ ᱡᱚᱢ ᱞᱟᱹᱜᱤᱫ ᱰᱷᱮᱨ(x) ᱟᱨ ᱵᱟᱝ ᱫᱚᱥᱛᱟᱵᱮᱡᱽ ᱠᱚ ᱱᱤᱨᱫᱤᱥᱴ ᱵᱟᱝ ᱠᱚᱨᱟᱣ ᱦᱩᱭ ᱠᱟᱱᱟ᱾
क्या हम रात में महल पहुँच सकते हैं?	ᱟᱞᱮ ᱪᱮᱫ ᱧᱤᱫᱟᱹ ᱫᱚᱞᱟᱱ ᱨᱮᱞᱮ ᱵᱚᱞᱚ ᱫᱟᱲᱮᱭᱟᱜᱼᱟ ?
लेकिन, मेरी बेटी ब्रिटिश नागरिक है.	ᱢᱮᱱᱠᱷᱟ, ᱤᱧᱨᱮᱱ ᱠᱩᱲᱤ ᱜᱤᱫᱽᱨᱟᱹ ᱵᱨᱤᱴᱤᱥ ᱱᱟᱜᱟᱨᱤᱭᱟᱹ ᱢᱮᱱᱟᱜᱼᱟ ᱾
फीफा विश्व कप के लिए विश्व स्तरीय टीम बनाने पर ध्यान केंद्रित करने के लिए हमारे देश में बहुत अधिक राजनीति है।	ᱯᱷᱤᱯᱷᱟ ᱡᱮᱜᱮᱫ ᱠᱟᱯ ᱞᱟᱹᱜᱤᱫ ᱢᱤᱫᱴᱟᱝ ᱡᱮᱜᱮᱫ ᱞᱮᱠᱟᱱ ᱜᱟᱫᱮᱞ ᱵᱮᱱᱟᱣ ᱨᱮ ᱢᱚᱱᱮ ᱮᱢ ᱞᱮᱠᱟᱱ ᱨᱟᱡᱽᱟᱹᱨᱤ ᱟᱵᱚ ᱫᱤᱥᱚᱢ ᱨᱮ ᱟᱹᱰᱤ ᱰᱷᱮᱨ ᱜᱮᱭᱟ ᱾
ऐतिहासिक रूप से अधिकांश किसान खेती - बाड़ी में लगे हुए थे और यह आज भी अनेक विकासशील देशों में मामला है ।	ᱱᱟᱜᱟᱢ ᱞᱮᱠᱟᱛᱮ ᱫᱚ ᱵᱟᱹᱲᱛᱤ ᱪᱟᱹᱥᱤ ᱦᱚᱲ ᱠᱚ ᱱᱤᱨᱣᱟᱦ ᱪᱟᱹᱥᱤ ᱨᱮ ᱞᱟᱜᱟᱣ ᱠᱚ ᱛᱟᱦᱮᱱ ᱠᱟᱱ ᱛᱟᱦᱮᱱᱟ ᱟᱨ ᱟᱭᱢᱟ ᱵᱤᱠᱟᱥᱤᱞ ᱫᱤᱥᱚᱢ ᱨᱮ ᱱᱤᱛ ᱦᱚᱸ ᱚᱱᱟ ᱢᱮᱱᱟᱜᱼᱟ᱾
कुछ रिपोर्टों ने सरकारी मौत को आठ साल के अंदर बंद कर दिया, और सरकारी रिपोर्टें पुष्टि करती हैं कि ३० से अधिक लोग घायल हुए; लेकिन अंतिम संख्या अब तक ज्ञात नहीं है ।	ᱟᱫᱚᱢ ᱨᱤᱯᱚᱨᱴ ᱨᱮ ᱚᱯᱷᱤᱥᱤᱭᱟᱞ ᱜᱩᱨ ᱨᱮᱭᱟᱜ ᱮᱞ ᱤᱨᱟᱹᱞ ᱞᱟᱹᱭᱟᱠᱟᱱᱟ, ᱟᱨ ᱚᱯᱷᱤᱥᱤᱭᱟᱞ ᱨᱤᱯᱚᱨᱴ ᱠᱚᱱᱯᱷᱟᱨᱢ ᱟᱠᱟᱱ ᱡᱮ ᱓᱐ ᱦᱚᱲ ᱠᱚ ᱵᱟᱡᱟᱣ ᱟᱠᱟᱱᱟ; ᱢᱮᱱᱠᱷᱟᱱ ᱯᱷᱟᱭᱱᱟᱞ ᱮᱞᱠᱷᱟ ᱫᱚ ᱱᱤᱛ ᱦᱚᱸ ᱵᱟᱝ ᱵᱟᱲᱟᱭ ᱟᱠᱟᱱᱟ᱾
उन्हें उम्मीद थी कि दोनों कदम उठाने से सुदूर पूर्व में जापानी आक्रामकता रुक जाएगी।	ᱩᱱᱤᱭ ᱟᱥᱟ ᱞᱮᱱᱟ ᱡᱮ ᱵᱷᱟᱱᱟᱨ ᱠᱟᱹᱢᱤᱦᱚᱨᱟ ᱦᱟᱛᱟᱣ ᱦᱚᱛᱮᱛᱮ ᱥᱟᱸᱜᱤᱧ ᱯᱩᱨᱩᱵᱨᱮ ᱡᱟᱯᱟᱱᱤ ᱠᱚᱣᱟᱜ ᱟᱜᱨᱟᱥᱚᱱ ᱪᱟᱵᱟᱜᱼᱟ ᱾
वीडियो कॉन्फ्रेंसिंग ने हमारे परिवार को एक साथ ला दिया है और दुनिया भर में चाहे कोई भी कहीं भी हो, सभी के मुस्कुराते चेहरे देखना बहुत अच्छा लगता है।	ᱵᱷᱤᱰᱤᱳᱼᱠᱚᱱᱯᱷᱟᱨᱮᱱᱥᱤᱝ ᱟᱵᱚᱣᱟᱜ ᱜᱷᱟᱨᱚᱸᱡᱽ ᱠᱚᱭ ᱡᱩᱢᱤᱫ ᱟᱠᱟᱫ ᱵᱚᱱᱟ ᱟᱨ ᱡᱮᱜᱮᱫ ᱨᱮᱭᱟᱜ ᱡᱟᱦᱟᱸ ᱴᱚᱴᱷᱟ ᱨᱮᱜᱮ ᱛᱟᱦᱮᱸᱱ ᱢᱮᱥᱮ ᱡᱚᱛᱚ ᱦᱚᱲ ᱠᱚᱣᱟᱜ ᱢᱚᱪᱟᱨᱮ  ᱨᱟᱹᱥᱠᱟᱹ ᱞᱟᱸᱫᱟ ᱧᱮᱞ ᱧᱟᱢᱚᱜᱼᱟ ᱾
मैंने कभी नहीं सोचा था कि मेरी कंपनी इतनी जल्दी मेरा लैपटॉप बदल देगी!	ᱤᱧ ᱫᱚ ᱛᱤᱥ ᱦᱚᱸ ᱵᱟᱹᱧ ᱵᱷᱟᱹᱵᱤᱛ ᱟᱠᱟᱱᱟ ᱡᱮ ᱤᱧᱟᱜ ᱠᱳᱢᱯᱟᱱᱤ ᱱᱩᱱᱟᱹᱜ ᱩᱥᱟᱹᱨᱟ ᱤᱧᱟᱜ ᱞᱮᱯᱴᱚᱯ ᱠᱚ ᱚᱪᱚᱜᱼᱟ ᱢᱮᱱᱛᱮ !
मेरे पास बानवे हाथी हैं।	ᱤᱧ ᱴᱷᱮᱱ ᱱᱟᱭ ᱜᱮᱞ ᱵᱟᱨ ᱜᱚᱴᱟᱝ ᱦᱟᱛᱤ ᱢᱮᱱᱟᱜᱼᱟ ᱠᱚᱣᱟ।
सन्‌ 2013 में, अफ्रीका में तेल और प्राकृतिक गैस का सबसे बड़ा सामान मिस्र था ।	᱒᱐᱑᱓ ᱨᱮ ᱡᱚᱛᱚ ᱥᱩᱱᱩᱢ ᱠᱷᱚᱨᱚᱪ ᱨᱮᱭᱟᱜ ᱒᱐% ᱠᱷᱚᱱ ᱰᱷᱮᱨ ᱟᱨ ᱡᱚᱛᱚ ᱦᱟᱣᱮᱫ ᱥᱟᱪᱟᱨᱦᱮᱫ ᱜᱮᱥ ᱠᱷᱚᱨᱚᱪ ᱨᱮᱭᱟᱜ ᱔᱐% ᱠᱷᱚᱱ ᱰᱷᱮᱨ ᱥᱟᱶᱛᱮ ᱢᱤᱥᱚᱨ ᱛᱟᱦᱮᱸ ᱠᱟᱱᱟ ᱟᱯᱷᱨᱤᱠᱟ ᱨᱮᱭᱟᱜ ᱥᱩᱱᱩᱢ ᱟᱨ ᱥᱟᱪᱟᱨᱦᱮᱫ ᱜᱮᱥ ᱨᱮᱭᱟᱜ ᱞᱟᱹᱴᱩ ᱵᱷᱩᱡᱟᱹᱣᱟᱱ ᱾
क्या आप जानते हैं कि मेरी एक महत्वपूर्ण बैठक छूटने वाली है जिससे मुझे पैसों का नुकसान होगा? यह बिल्कुल अस्वीकार्य है।	ᱟᱢ ᱪᱮᱫ ᱮᱢ ᱵᱟᱰᱟᱭᱼᱟ ᱡᱮ ᱤᱧ ᱢᱤᱫᱴᱟᱝ ᱜᱚᱱᱚᱝᱼᱟᱱ ᱫᱩᱯᱲᱩᱵ ᱢᱤᱥ ᱨᱮᱭᱟᱜ ᱦᱚᱨ ᱨᱮ ᱢᱤᱱᱟᱹᱧᱼᱟ ᱡᱟᱦᱟᱸ ᱞᱟᱹᱜᱤᱫ ᱤᱧᱟᱹᱜ ᱠᱟᱹᱣᱰᱤ ᱠᱷᱚᱨᱚᱪᱚᱜᱼᱟ ? ᱱᱚᱣᱟ ᱫᱚ ᱢᱟᱱᱟᱣ ᱵᱟᱝ ᱜᱟᱱᱚᱜᱼᱟ ᱾
उन्होंने असमिया जीवन शैली का विवरण देने वाले छह से अधिक उपन्यासों की भी रचना की।	ᱩᱱᱤ ᱫᱚ ᱛᱩᱨᱩᱭ ᱜᱚᱴᱟᱝ ᱠᱷᱚᱱ ᱦᱚᱸ ᱡᱟᱹᱥᱛᱤ ᱱᱳᱵᱷᱮᱞ ᱮ ᱚᱞ ᱟᱠᱟᱫᱟ ᱡᱟᱦᱟᱸ ᱫᱚ ᱟᱥᱟᱢᱤᱡ ᱠᱚᱣᱟᱜ ᱡᱤᱭᱚᱱ ᱠᱟᱹᱦᱱᱤ ᱵᱤᱪᱷᱱᱟᱹᱣᱛᱮᱭ ᱞᱟᱹᱭᱼᱟ ᱾
जब संस्कृति को आघात होता है (ऐसा कम होता है), अंतिम बार और अधिक गंभीर हो सकता है.	ᱫᱚᱦᱚᱲᱟ ᱟᱫᱮᱨ ᱥᱚᱠ ᱠᱚᱞᱪᱚᱨ ᱥᱚᱠ ᱠᱷᱚᱱ ᱩᱥᱟᱹᱨᱟ ᱦᱟᱡᱩᱜᱼᱟ (ᱱᱚᱶᱟ ᱨᱮ ᱦᱚᱱᱤᱢᱩᱱ ᱨᱮᱭᱟᱜ ᱫᱷᱟᱯ ᱠᱚᱢ ᱦᱩᱭᱩᱜᱼᱟ), ᱡᱟᱹᱥᱛᱤ ᱜᱷᱟᱹᱲᱤᱠ ᱛᱟᱦᱮᱱᱟ ᱟᱨ ᱜᱟᱢᱵᱷᱤᱨ ᱦᱩᱭ ᱫᱟᱲᱮᱭᱟᱜᱼᱟ᱾
अगले तीन दिनों तक, मित्र देशों की सेनाओं ने समुद्र तट के अधिक क्षेत्र पर अधिकार करने के लिए संघर्ष किया।	ᱛᱟᱭᱚᱢᱛᱮᱱᱟᱜ ᱯᱮ ᱢᱟᱦᱟ ᱞᱟᱹᱜᱤᱫ, ᱢᱤᱛᱨᱚᱯᱷᱟᱹᱫ ᱟᱨᱦᱚᱸ ᱥᱟᱹᱢᱩᱰ ᱟᱲᱮ ᱴᱚᱴᱷᱟ ᱧᱟᱢ ᱞᱟᱹᱜᱤᱫ ᱠᱚ ᱞᱟᱹᱲᱦᱟᱹᱭ ᱞᱮᱫᱟ  ᱾
फर्श पर हर तरफ इतने सारे बाल पड़े हैं। इन्हें देखकर मुझे उल्टी करने का मन कर रहा है।	ᱜᱚᱴᱟ ᱚᱛ ᱨᱮ ᱟᱭᱢᱟ ᱩᱯᱽ ᱾ ᱤᱧ ᱚᱱᱟ ᱧᱮᱞᱛᱮ ᱩᱞᱴᱤᱭ ᱞᱮᱠᱟᱧ ᱟᱹᱭᱠᱟᱹᱣᱮᱫᱟ ᱾
मेरे पास आठ रुपया हैं।	ᱤᱧ ᱴᱷᱮᱱ ᱟᱨ ᱜᱚᱴᱟᱝ ᱯᱟᱹᱲᱯᱟ ᱢᱮᱱᱟᱜᱼᱟ ᱠᱚᱣᱟ।
एक एरोन्डिसमेंट की राजधानी को सब-प्रीफेक्चर कहा जाता है।	ᱢᱤᱫᱴᱟᱝ ᱮᱹᱨᱳᱱᱰᱤᱥᱢᱮᱱᱴ  ᱨᱮᱭᱟᱜ ᱨᱟᱡᱽᱜᱟᱲ ᱫᱚ ᱢᱤᱫᱴᱟᱝ ᱩᱯᱚᱯᱨᱤᱯᱷᱮᱠᱪᱟᱨ ᱠᱚ ᱢᱮᱛᱟᱜᱼᱟ ᱾
मुझे खुशी है कि गैस एजेंसी ने सिलेंडर बदलते समय हमारे गैस चूल्हे और ट्यूब की मुफ्त जांच की।	ᱤᱧᱤᱧ ᱨᱟᱹᱥᱠᱟᱹ ᱟᱠᱟᱱᱟ ᱡᱮ ᱜᱮᱹᱥ ᱮᱡᱮᱱᱥᱤ ᱥᱤᱞᱤᱱᱰᱟᱨ ᱵᱟᱹᱭᱥᱟᱹᱣ ᱚᱠᱛᱚ ᱟᱞᱮᱭᱟᱜ ᱜᱮᱹᱥ ᱯᱚᱨᱤᱥᱤᱢᱟᱹ ᱟᱨ ᱴᱤᱭᱩᱵᱽ ᱵᱤᱱ ᱜᱚᱱᱚᱝ ᱛᱮᱠᱚ ᱵᱤᱰᱟᱹᱣ ᱟᱠᱟᱫᱟ ᱾
चौरानवे	ᱱᱟᱭ ᱜᱮᱞ ᱯᱳᱱ
यदि उन्होंने हवा - मुक्‍त चीज़ों को हवा से भेजा है, तो कुछ मार्गों पर शायद इस से उत्पन्‍न होने के लिए दिन लगे होंगे ।	ᱡᱩᱫᱤ ᱚᱱᱟ ᱩᱰᱟᱹᱱ ᱜᱟᱹᱰᱤ ᱢᱟᱱ ᱵᱷᱟᱲᱟ ᱠᱷᱚᱱ ᱡᱤᱱᱤᱥ ᱠᱩᱞᱫᱟ, ᱛᱚᱵᱮ ᱠᱤᱪᱷᱩ ᱰᱟᱦᱟᱨ ᱠᱚ ᱨᱮ ᱯᱷᱮᱰ ᱟᱨ ᱥᱤᱢᱮ ᱜᱚᱱᱚᱝ ᱯᱟᱨᱚᱢ ᱨᱮ ᱢᱟᱦᱟ ᱠᱚ ᱞᱟᱜᱟᱣ ᱞᱮᱱ ᱛᱟᱦᱮᱱᱟ᱾
मुझे एक समोसा चाहिए था लेकिन उन्होंने कहा कि यह समाप्त हो गया है।	ᱤᱧ ᱢᱤᱫᱴᱟᱝ ᱥᱟᱢᱳᱥᱟ ᱤᱧ ᱠᱷᱚᱡ ᱞᱮᱱᱟ ᱢᱮᱱᱠᱷᱟᱱ ᱩᱱᱠᱩ ᱠᱚ ᱞᱟᱹᱭ ᱠᱮᱫᱟ ᱚᱱᱟ ᱨᱮᱭᱟᱜ ᱥᱴᱚᱠ ᱫᱚ ᱪᱟᱵᱟ ᱟᱠᱟᱱᱟ ᱾
क्या आप जानते हैं कि व्यक्ति कितना भयानक है?	ᱟᱢᱮᱢ ᱵᱟᱰᱟᱭᱟ ᱦᱚᱲᱛᱮᱫᱽ ᱛᱤᱱᱟᱹᱜ ᱮ ᱦᱟᱦᱟᱲᱟᱜᱼᱟ ?
कानाका में गैर-वाकाकाक की संख्या से अधिक है; इसलिए, उनका कसाइन मुख्य रूप से स्वादिष्ट भोजन से बना है.	ᱠᱚᱨᱱᱟᱴᱚᱠ ᱨᱮ ᱟᱲᱟᱜᱼᱥᱟᱠᱟᱢ ᱡᱚᱢᱟᱱ ᱠᱩᱣᱟᱜ ᱞᱮᱠᱷᱟ ᱡᱤᱞ ᱡᱚᱢ ᱠᱩᱣᱟᱜ ᱞᱮᱠᱷᱟ ᱠᱩ ᱛᱟᱯ ᱟᱠᱟᱫᱟ; ᱚᱱᱟ ᱠᱷᱟᱹᱛᱤᱨ, ᱩᱝᱠᱩᱣᱟᱜ ᱤᱥᱤᱱᱠᱟᱹᱨᱤ ᱫᱚ ᱢᱩᱰᱩᱛ ᱞᱮᱠᱟᱛᱮ ᱟᱲᱟᱜᱼᱥᱟᱠᱟᱢ ᱡᱚᱢᱟᱜ ᱠᱩ ᱛᱮ ᱦᱩᱭᱩᱜᱼᱟ ᱾
सन्‌ 1976 के आते - आते, माकाउ के तीस प्रतिशत लोगों को बहाल कर दिया गया और उनकी बहाली आज भी जारी है ।	᱑᱙᱗᱖ ᱦᱟᱹᱵᱤᱡ ᱛᱮ, ᱢᱟᱪᱩ ᱯᱤᱪᱪᱩ ᱨᱮᱭᱟᱜ ᱯᱮ-ᱜᱮᱞ ᱥᱟᱭᱠᱚᱲᱟ ᱦᱤᱸᱥ ᱵᱮᱱᱟᱣ ᱨᱩᱣᱟᱹᱲ ᱟᱠᱟᱱ ᱛᱟᱦᱮᱸᱱ ᱟᱨ ᱱᱤᱛ ᱵᱷᱩᱨ ᱦᱚᱸ ᱵᱮᱱᱟᱣ ᱨᱩᱣᱟᱹᱲ ᱪᱟᱹᱞᱩᱜ ᱠᱟᱱ ᱜᱮᱭᱟI
आप कृपया मुझे कानूनी प्रक्रिया पर मार्गदर्शन कर सकते हैं?	ᱟᱢ ᱪᱮᱫ ᱫᱟᱭᱟ ᱠᱟᱛᱮ ᱤᱧ ᱟᱹᱱ ᱦᱚᱨᱟ ᱵᱟᱨᱮᱛᱮᱢ ᱜᱟᱭᱤᱰ ᱫᱟᱲᱮ ᱟᱹᱧᱟ ?
शायद गत में सबसे महत्त्वपूर्ण आयत, अध्याय ४५, आयत ८, भविष्यद्वक्‍ता जारा ने आख़िरकार सर्वशक्‍तिमान परमेश्‍वर को अपनी मन की आँखों से देखने को मिलता है, जो अच्छे विचारों, अच्छे शब्दों, और भले कार्यों के पवित्र मार्ग के रूप में उतारा जाता है ।	ᱦᱩᱭ ᱫᱟᱲᱮᱭᱟᱜᱼᱟ ᱜᱟᱛᱷᱟ ᱨᱮᱭᱟᱜ ᱡᱚᱛᱚᱠᱷᱚᱱ ᱞᱟᱹᱠᱛᱤᱭᱟᱱᱟᱜ ᱛᱷᱟᱨ, ᱦᱟᱹᱴᱤᱧ ᱔᱕, ᱛᱷᱚᱠ ᱘, ᱢᱩᱪᱟᱹᱫᱨᱮ ᱱᱟᱹᱵᱤ ᱡᱚᱨᱟᱛᱨᱩᱥᱴᱨᱚ ᱫᱚ ᱥᱟᱱᱟᱢ ᱫᱟᱲᱮᱭᱟᱱ ᱪᱟᱸᱫᱳ ᱟᱡᱟᱜ ᱚᱱᱛᱚᱨ ᱢᱮᱫᱛᱮᱭ ᱟᱹᱭᱠᱟᱹᱣ ᱫᱟᱲᱮᱭᱟᱜᱼᱟ, ᱡᱟᱸᱦᱟᱭᱟᱜ ᱯᱟᱸᱡᱟᱨᱮ ᱱᱟᱯᱟᱭ ᱩᱭᱦᱟᱹᱨ, ᱱᱟᱯᱟᱭ ᱠᱟᱛᱷᱟ ᱟᱨ ᱱᱟᱯᱟᱭ ᱠᱟᱹᱢᱤ ᱨᱮᱭᱟᱜ ᱱᱤᱨᱟᱹᱞᱟ ᱯᱮᱭᱟᱼᱛᱮᱛᱮᱫ ᱜᱚᱴᱟ ᱟᱠᱟᱱᱟ, ᱥᱟᱹᱨᱤ ᱰᱟᱦᱟᱨ ᱡᱟᱸᱦᱟᱫᱚ ᱢᱟᱱᱶᱟ ᱡᱟᱹᱛᱤᱠᱚᱭ ᱯᱟᱸᱡᱟ ᱠᱚᱣᱟ ᱾
पैसे बाढ़ - ग्रस्त घरों, बेहतर पानी प्रबंधन, और विभिन्‍न फ़सलों की ओर जा सकते हैं ।	ᱯᱩᱭᱥᱟᱹ ᱫᱚ ᱵᱟᱱ ᱨᱩᱠᱷᱤᱭᱟᱹ ᱚᱲᱟᱜ, ᱵᱮᱥ ᱫᱟᱜ ᱨᱮᱭᱟᱜ ᱯᱨᱚᱵᱚᱸᱫ ᱟᱨ ᱯᱷᱚᱥᱚᱞ ᱵᱤᱣᱤᱫᱛᱟ ᱥᱮᱫ ᱪᱟᱞᱟᱜᱼᱟ᱾
ट्रैफिक और हर चीज़ की वजह से हमें दुःख - तकलीफें झेलनी पड़ती हैं ।	ᱴᱨᱟᱯᱯᱷᱤᱠ ᱟᱨ ᱡᱚᱛᱚᱞᱮᱠᱟᱱᱟᱜ ᱛᱮᱜᱤ ᱪᱮᱫᱟᱜ ᱥᱮ ᱟᱞᱮ ᱪᱷᱟᱰᱟ ᱮᱴᱟᱜ ᱠᱩ ᱠᱩ ᱥᱟᱥᱮᱛᱚᱜ ᱠᱟᱱᱟ ᱾
वे आमतौर पर छोटे होते हैं और अक्सर एक बड़े समूह के रूप में रहते हैं।	ᱟᱞᱯᱷᱟ ᱨᱳᱢᱤᱣ ᱑᱕᱙ ᱟᱞᱯᱷᱟ ᱨᱳᱢᱤᱭᱚ ᱫᱟᱨᱟᱭᱛᱮ ᱵᱮᱱᱟᱣ ᱞᱮᱱ ᱢᱤᱫᱴᱟᱝ ᱜᱟᱹᱰᱤ ᱾
मेरे पास नौ पेंसिल हैं।	ᱤᱧ ᱴᱷᱮᱱ ᱟᱨᱮ ᱜᱚᱴᱟᱝ ᱯᱮᱱᱥᱤᱞ ᱢᱮᱱᱟᱜᱼᱟ ᱠᱚᱣᱟ।
महोदय, यह ज्यादा समय नहीं लगेगा, दस्तावेज़ भेजने के लिए अन्य अनुप्रयोगों के साथ मिश्रित मिल सकता है.	ᱥᱮᱨ, ᱰᱷᱮᱨ ᱚᱠᱛᱚ ᱵᱟᱭ ᱞᱟᱜᱟᱜᱼᱟ, ᱰᱚᱠᱩᱢᱮᱱᱴᱥ ᱠᱚ ᱠᱳᱞ ᱞᱮᱠᱷᱟᱱ ᱮᱴᱟᱜ ᱮᱯᱞᱤᱠᱮᱥᱚᱱ ᱥᱟᱶᱛᱮ ᱢᱮᱥᱟ ᱫᱟᱲᱮᱭᱟᱜᱼᱟ ᱾
हाल ही में, कनाडा में नए - नए डॉलर और 100 डॉलर के नोटों पर एक - के - बाद - एक छापा गया ।	ᱩᱱᱤ ᱟᱭᱢᱟ ᱫᱤᱥᱚᱢ ᱞᱟᱹᱜᱤᱫ ᱵᱮᱝᱠ ᱱᱚᱴ ᱠᱚ ᱜᱚᱨᱦᱚᱱ ᱨᱮ ᱞᱟᱜᱟᱣ ᱞᱮᱱᱟᱭ, ᱩᱱᱤᱭᱟᱜ ᱠᱟᱹᱢᱤ ᱨᱮᱭᱟᱜ ᱦᱟᱹᱞᱤ ᱫᱟᱹᱭᱠᱟᱹ ᱡᱟᱦᱟᱸ ᱨᱮ ᱱᱟᱣᱟ ᱠᱟᱱᱟᱰᱤᱭᱟᱱ $᱕ ᱟᱨ $᱑᱐᱐ ᱵᱤᱞᱠᱚ ᱥᱟᱢᱟᱝ ᱨᱮ ᱢᱟᱨᱟᱝ ᱢᱚᱱᱛᱨᱤ ᱭᱟᱜ ᱪᱤᱛᱟᱹᱨ ᱦᱚᱸ ᱥᱟᱹᱢᱤᱞ ᱢᱮᱱᱟᱜᱼᱟI
इन कारणों को ध्यान में रखते हुए, सन्‌ 2022- 23,7 प्रतिशत में Q2 प्रतिशत के साथ 7.2 प्रतिशत है; क्यू3 प्रतिशत में 6.5 प्रतिशत, और Q4 में भी जोखिमों के साथ.	ᱱᱤᱭᱟᱹ ᱥᱟᱛᱟᱢᱠᱩ ᱵᱤᱵᱮᱪᱚᱱᱟ ᱨᱮ ᱫᱚᱦᱚᱠᱟᱛᱮ, ᱢᱩᱫᱨᱟᱹᱥᱯᱷᱤᱛᱤᱭ ᱨᱮᱭᱟᱜ ᱟᱭᱩᱢᱟᱹᱱ ᱒᱐᱒᱒ᱼ᱒᱓ ᱥᱟᱞ ᱨᱮ ᱖.᱗ ᱥᱟᱭ ᱦᱤᱸᱥ ᱨᱮ ᱥᱟᱯᱽ ᱫᱚᱦᱚ ᱦᱩᱭᱟᱠᱟᱱᱟ, Q᱒ ᱨᱮ ᱗.᱑ ᱥᱟᱭ ᱦᱤᱸᱥ, Q᱓ ᱨᱮ ᱖.᱕ ᱥᱟᱭ ᱦᱤᱸᱥ; ᱟᱨ Q᱔ ᱨᱮ ᱕.᱘ ᱥᱟᱭ ᱦᱤᱸᱥ ᱨᱮ, ᱡᱷᱩᱸᱠᱤ ᱫᱚ ᱢᱤᱫ ᱜᱤ ᱡᱩᱨᱤᱜᱼᱟ ᱾
उनके कुछ कंप्यूटरों में लिनक्स ऑपरेटिंग सिस्टम होता है।	ᱩᱝᱠᱩᱣᱟᱜ ᱠᱤᱪᱷᱩ ᱠᱚᱢᱯᱤᱭᱩᱴᱟᱨ ᱨᱮ ᱞᱤᱱᱟᱠᱥ ᱚᱯᱟᱨᱮᱴᱤᱝ ᱥᱤᱥᱴᱟᱢ ᱢᱮᱱᱟᱜᱼᱟ ᱾
ध्वनि और प्रकाश की कहानी बस एक कहानी किताब की तरह है ।	ᱟᱢᱛᱚᱨ ᱨᱮ ᱟᱢ ᱡᱟᱣᱜᱮ ᱱᱚᱱᱰᱮ ᱯᱟᱨᱭᱟᱴᱚᱠ ᱟᱨ ᱟᱠᱷᱨᱤᱧ ᱠᱚᱣᱟᱜ ᱟᱲᱟᱝ ᱮᱢ ᱟᱱᱡᱚᱢᱟ᱾ ᱥᱟᱰᱤ ᱟᱨ ᱢᱟᱨᱥᱟᱞ ᱨᱮᱭᱟᱜ ᱠᱟᱦᱱᱤ ᱫᱚ ᱮᱠᱫᱚᱢ ᱠᱟᱦᱱᱤ ᱯᱩᱛᱷᱤ ᱞᱮᱠᱟ ᱠᱟᱱᱟ᱾
एक तीसरे व्यक्‍ति जिसका नाम बॆनवा है, वह फिर से एक झूठा और झूठा है, इस प्रकार अपने झुंड को सामान्य रूप से ऐसे व्यक्‍तियों के साथ संगति करने से रोकता है ।	ᱧᱩᱛᱩᱢ ᱫᱟᱨᱟᱭᱛᱮ ᱚᱞ ᱥᱚᱫᱚᱨ ᱛᱮᱥᱟᱨ ᱦᱚᱲᱫᱚᱭ ᱦᱩᱭᱩᱜ ᱠᱟᱱᱟ ᱵᱮᱱᱰᱵᱷᱟ, ᱡᱟᱸᱦᱟᱭᱫᱚ ᱥᱚᱵᱷᱟᱵᱛᱮ ᱵᱟᱨᱜᱩᱱᱮ ᱮᱲᱮᱭᱟ ᱟᱨ ᱮᱲᱮ ᱦᱚᱲᱮ ᱢᱮᱱᱛᱮᱠᱚ ᱢᱮᱛᱟᱭᱟ, ᱱᱚᱝᱠᱟ ᱞᱮᱠᱟᱛᱮ ᱡᱚᱨᱟᱛᱨᱷᱩᱴᱨᱚ ᱫᱚ ᱟᱡᱽᱨᱮᱱ ᱜᱟᱫᱮᱞᱠᱚ ᱥᱟᱫᱷᱟᱨᱚᱱ ᱞᱮᱠᱟᱛᱮ ᱱᱚᱝᱠᱟᱱ ᱦᱚᱲ ᱥᱟᱶᱛᱮ ᱢᱮᱥᱟᱜ ᱮ ᱢᱟᱱᱟ ᱞᱮᱫ ᱠᱚᱣᱟ ᱾
वह मुख्य रूप से आलंकारिक ललित कला और डिजिटल कला में काम करती हैं।	ᱩᱱᱤ ᱫᱚ ᱡᱟᱹᱥᱛᱤ ᱠᱟᱨᱛᱮ ᱨᱩᱯᱚᱠ ᱥᱩᱞᱠᱚ ᱵᱤᱨᱤᱫ ᱟᱨ ᱰᱤᱡᱤᱴᱟᱞ ᱵᱤᱨᱤᱫ ᱨᱮᱭ ᱠᱟᱹᱢᱤᱭᱟ ᱾
यूनानी भाषा बीजान्टिन साम्राज्य की भी भाषा थी।	ᱵᱟᱭᱡᱮᱱᱴᱟᱭᱤᱱ ᱨᱟᱡᱽ [ᱯᱚᱱᱚᱛ ᱨᱮᱭᱟᱜ ᱯᱟᱹᱨᱥᱤ ᱫᱚ ᱛᱟᱦᱮᱸ ᱠᱟᱱᱟ ᱜᱨᱤᱠ ᱾
प्राकृतिक गैसों (LGG) की वजह से ऊर्जा के छोटे - छोटे हिस्सों में बड़ी अहमियत हो रही है ।	ᱞᱮᱦᱮᱨᱟᱜ ᱥᱤᱨᱡᱚᱱᱟᱱ ᱜᱮᱥ (ᱮᱱᱮᱱᱡᱤ) ᱫᱟᱲᱮ ᱛᱷᱚᱱᱚᱛᱨᱮ ᱟᱹᱰᱤ ᱟᱸᱴ ᱜᱚᱨᱚᱡᱮ ᱦᱟᱛᱟᱣ ᱟᱠᱟᱫᱟ ᱪᱮᱫᱟᱜ ᱥᱮ ᱱᱚᱣᱟ ᱫᱚ ᱵᱤᱡᱞᱤ ᱛᱟᱞᱢᱟ ᱟᱨ ᱵᱤᱨᱤᱛ (ᱡᱚᱨᱟ) ᱯᱞᱟᱱᱴ ᱪᱟᱞᱟᱣ ᱞᱟᱹᱜᱤᱫ ᱵᱮᱣᱦᱟᱨᱚᱜ ᱟ ᱾
इस दिशा में, भूमि के गुणों को निर्धारित करने के लिए एक प्रयास किया गया है ताकि वह बहुवेवरिक अवरेक्टिक स्पिटेंस (MS) का प्रयोग कर सके ।	ᱢᱟᱞᱴᱤᱵᱷᱮᱨᱤᱮᱴ ᱮᱰᱟᱯᱴᱤᱵᱷ ᱨᱤᱜᱨᱮᱥᱚᱱ ᱥᱯᱞᱟᱭᱤᱱ (ᱢᱟᱨᱥ) ᱵᱮᱵᱚᱦᱟᱨ ᱠᱟᱛᱮ ᱦᱟᱥᱟ ᱡᱷᱟᱞᱠᱟᱣ ᱨᱮ ᱦᱟᱥᱟ ᱫᱩᱨᱤᱵ ᱠᱩ ᱡᱚᱠᱷᱟᱭ ᱞᱟᱹᱜᱤᱫ ᱱᱤᱭᱟᱹ ᱞᱮᱠᱟᱛᱮᱜᱤ ᱢᱤᱫ ᱫᱷᱟᱣ ᱠᱚᱨᱟᱣ ᱦᱩᱭᱟᱠᱟᱱᱟ ᱾
शाम को	ᱥᱤᱸᱜᱟᱹᱲ ᱨᱮ
फिल्म से दो गीत (जो मूर्ख सपने आते हैं) और तारों के शहर के दो गीतों को सबसे अच्छे मूल गीत के लिए कोई कमी नहीं मिली ।	ᱯᱷᱤᱞᱢ ᱨᱮᱭᱟᱜ ᱵᱟᱨᱭᱟ ᱥᱮᱨᱮᱧ, ᱚᱰᱤᱥᱚᱱ (ᱫᱤ ᱯᱷᱩᱞᱥ ᱦᱩ ᱰᱨᱤᱢ) ᱟᱨ ᱥᱤᱴᱤ ᱚᱯᱷ ᱥᱴᱟᱨᱥ, ᱫᱚ ᱥᱚᱨᱮᱥ ᱢᱩᱞ ᱥᱮᱨᱮᱧ ᱞᱟᱹᱜᱤᱫ ᱢᱚᱱᱚᱱᱤᱛ ᱧᱟ ᱞᱮᱱᱟ᱾ ᱞᱟᱭᱚᱱᱥᱜᱮᱴ ᱥᱴᱩᱰᱤᱭᱳ ᱫᱚ ᱒᱖ ᱢᱚᱱᱚᱱᱤᱛ ᱧᱟᱢ ᱞᱮᱫ-ᱟᱭ — ᱟᱨ ᱮᱴᱟᱜ ᱥᱴᱩᱰᱤᱭᱳ ᱠᱷᱚᱱ ᱰᱷᱮᱨ ᱜᱮI
औसतन सबसे कम वर्षा वाला महीना फरवरी होता है, जिसमें औसत वर्षा इतनी होती है।	ᱡᱚᱛᱚ ᱠᱷᱚᱱ ᱠᱚᱢ ᱫᱟᱜ ᱡᱟᱹᱲᱤ ᱨᱮᱭᱟᱜ ᱪᱟᱸᱫᱚ ᱫᱚ ᱦᱩᱭᱩᱜ ᱠᱟᱱᱟ ᱯᱷᱮᱵᱨᱩᱣᱟᱨᱤ ᱡᱟᱸᱦᱟ ᱨᱮᱭᱟᱜ ᱜᱚᱲ ᱦᱩᱭᱩᱜ ᱠᱟᱱᱟ ᱾
मेरे पास दस नमक हैं।	ᱤᱧ ᱴᱷᱮᱱ ᱜᱮᱞ ᱜᱚᱴᱟᱝ ᱱᱩᱱ ᱢᱮᱱᱟᱜᱼᱟ ᱠᱚᱣᱟ।
जब इस सर्वर तक फिर से पहुँचा जा सकेगा, तो डेटा फिर से वहाँ मौजूद होगा।	ᱛᱤᱱᱨᱮ ᱱᱚᱣᱟ ᱥᱟᱨᱵᱷᱟᱨ ᱨᱮ ᱟᱵᱟᱨ ᱥᱮᱴᱮᱨ ᱫᱟᱲᱮᱭᱟᱜᱼᱟᱹ ᱩᱱᱨᱮ ᱰᱮᱴᱟ ᱫᱚ ᱟᱵᱟᱨ ᱚᱸᱰᱮᱜᱮ ᱛᱟᱦᱮᱸᱱᱟ ᱾
मई १४ को, लगभग एक हज़ार विरोधियों के आसपास शहर की बिल्डिंग के चारों ओर इकट्ठा किया गया है और बेतलेहेम में प्रतिबंधों के बारे में लगभग १५० प्रतिनिधि हमारी mutition घटना को बंद करने के लिए.	᱑᱔ ᱢᱮ, ᱟᱭ ᱩᱢᱟᱹᱱ ᱢᱤᱫ ᱜᱮᱼᱥᱟᱭ ᱡᱟᱸᱜᱮ ᱫᱟᱨᱟᱢ ᱠᱚ ᱯᱤᱴᱥᱵᱟᱨᱜ ᱥᱤᱴᱤᱼᱠᱟᱣᱩᱱᱴᱤ ᱵᱤᱞᱰᱤᱝ ᱨᱮᱭᱟᱜ ᱵᱮᱲᱦᱟᱭᱛᱮᱠᱚ ᱡᱟᱣᱨᱟ ᱞᱮᱱᱟ ᱟᱨ ᱡᱟᱹᱱᱤᱡᱽ ᱑᱕᱐ ᱡᱚᱱᱟ ᱵᱮᱛᱷᱞᱮᱦᱮᱢᱨᱮ ᱟᱵᱚᱣᱟᱜ ᱵᱚᱰᱤ ᱤᱵᱷᱮᱱᱴ ᱟᱴᱚᱠ ᱞᱟᱹᱜᱤᱫ ᱠᱚ ᱡᱟᱣᱨᱟ ᱞᱮᱱᱟ ᱾
सन्‌ 2003 में बिस्कुल एनवायरनमेंटल पर्यावरण व्यवस्था (EEEEEEEEEEEEEEESERSENTEEENTEEEENDENDENDES (ESESESENTCDENTES), जिसका मतलब है कि बतौर ग्रह का पानी और प्राकृतिक स्तर बहुत ही बढ़िया है, जबकि शहर के निवासियों के लिए बहुत ही बढ़िया हैं।	᱒᱐᱐᱓ ᱨᱮᱭᱟᱜ ᱵᱟᱥᱛᱮᱞ ᱞᱟᱭᱚᱝ ᱵᱤᱰᱟᱹᱣ ᱵᱚᱱᱫᱮᱡ (ᱵᱤ ᱤ ᱮᱥ) ᱫᱟᱨᱟᱭᱛᱮ ᱠᱚᱨᱟᱣ ᱟᱠᱟᱱ ᱵᱮᱝᱜᱟᱞᱳᱨ ᱨᱮᱭᱟᱜ ᱵᱤᱱ ᱡᱤᱭᱤᱭᱟᱱ ᱥᱟᱬᱮᱥ, ᱡᱤᱵᱤᱭᱟᱹ ᱟᱨ ᱠᱟᱹᱣᱰᱤᱼᱥᱟᱢᱟᱡᱤᱭᱟᱹ ᱢᱟᱹᱱᱫᱚᱱᱰᱚᱠᱚ ᱢᱤᱫᱴᱟᱝ ᱜᱚᱱᱚᱝᱥᱚᱝ ᱱᱤᱨᱫᱮᱥ ᱠᱟᱛᱮ, ᱵᱮᱝᱜᱟᱞᱚᱨ ᱨᱮᱭᱟᱜ ᱫᱟᱜ ᱨᱮᱭᱟᱜ ᱜᱩᱱᱠᱚ ᱟᱨ ᱦᱟᱥᱟ ᱟᱨ ᱫᱟᱜ ᱵᱟᱥᱛᱩ ᱛᱚᱱᱛᱨᱚᱠᱚ ᱡᱩᱛᱷᱩᱨ ᱨᱮᱭᱟᱜ ᱥᱩᱨᱥᱩᱯᱩᱨ ᱦᱩᱭᱜ ᱨᱮᱦᱚᱸ ᱥᱟᱦᱟᱨ ᱨᱮᱭᱟᱜ ᱟᱹᱣᱰᱤᱥᱟᱢᱟᱡᱤᱠ ᱢᱟᱯᱠᱚ (ᱵᱟᱦᱚᱱ ᱪᱟᱞᱟᱜ, ᱡᱤᱭᱚᱱ ᱨᱮᱭᱟᱜ ᱜᱩᱱᱢᱟᱹᱱ), ᱦᱚᱭ ᱨᱮᱭᱟᱜ ᱜᱩᱱ ᱟᱨ ᱥᱟᱰᱮ ᱵᱤᱥᱟᱹᱣ ᱨᱮᱭᱟᱜ ᱠᱷᱚᱛᱤ ᱟᱱᱟᱜ ᱦᱚᱨᱟ ᱛᱟᱦᱮᱸ ᱠᱟᱱᱟ ᱾
उन्होंने पेरिस में इकोले नॉर्मले सुपीरियूर में अपनी शिक्षा पूरी की।	ᱢᱤᱫᱴᱟᱝ ᱵᱨᱤᱜ ᱟᱨ ᱢᱤᱫᱴᱟᱝ ᱴᱚᱨᱯᱮᱰᱳ ᱞᱟᱹᱣᱠᱟᱹ ᱫᱚ ᱟᱞᱮᱠᱡᱟᱱᱰᱟᱨ ᱠᱟᱡᱟᱨᱥᱠᱤ ᱧᱩᱛᱩᱢ ᱛᱮ ᱧᱩᱛᱩᱢ ᱦᱩᱭ ᱞᱮᱱᱟ ᱾
यह द्वीप उन द्वीपों से ढके हुए हैं जो माल - पेशियों के स्तरों से काफी बड़े हैं ।	ᱱᱚᱶᱟ ᱨᱮᱭᱟᱜ ᱯᱟᱹᱪᱨᱤᱠᱚ, ᱡᱟᱦᱟᱸ ᱨᱮᱭᱟᱜ ᱯᱩᱨᱩᱵ ᱯᱟᱲ ᱪᱷᱟᱰᱟ ᱵᱷᱤᱞᱩ ᱨᱮᱭᱟᱜ ᱡᱟᱦᱟᱸᱱ ᱪᱤᱱᱦᱟᱹ ᱵᱟᱱᱩᱜᱼᱟ, ᱥᱟᱫᱷᱟᱨᱚᱱ ᱞᱮᱠᱟᱛᱮ ᱚᱥᱟᱨ ᱠᱟᱹᱴᱤᱡ ᱦᱩᱭᱩᱜᱼᱟ, ᱡᱟᱦᱟᱸ ᱢᱟᱞᱰᱷᱤᱯ ᱨᱮᱭᱟᱜ ᱢᱟᱱ ᱞᱮᱠᱟᱛᱮ ᱵᱤᱪᱟᱹᱨ ᱞᱮᱠᱷᱟᱱ ᱵᱮᱥ ᱞᱟᱹᱴᱩ ᱰᱷᱤᱯ ᱞᱟᱛᱟᱨ ᱨᱮ ᱛᱚᱯᱟ ᱟᱠᱟᱱ ᱾
कमाल है! मुझे इस महीने अपना वजीफा (स्टाइपेंड) जल्दी मिल गया!	ᱦᱟᱦᱟᱲᱟᱣᱟᱱᱟᱜ ! ᱤᱧ ᱱᱚᱣᱟ ᱪᱟᱸᱫᱚ ᱨᱮᱭᱟᱜ ᱯᱟᱹᱦᱤᱞ ᱥᱮᱡ ᱤᱧᱟᱜ ᱠᱟᱹᱢᱤ ᱴᱟᱠᱟᱧ ᱧᱟᱢ ᱟᱠᱟᱫᱟ !
डिनो 1.0 (Deno 1.0) 13 मई, 2020 को जारी किया गया था।	ᱰᱮᱱᱳ ᱑ᱹ᱐ ᱫᱚ ᱑᱓ ᱢᱮ, ᱒᱐᱒᱐ ᱨᱮ ᱪᱷᱟᱹᱲᱮ ᱧᱟᱢ ᱞᱮᱫᱟ ᱾
यासू कहता है कि वे वाम्मी राज को पाँच साल तक प्रशिक्षण देने के लिए कहता है, ताकि राजसी को सरकारी पद के रूप में समर्थ कर सकें और मसीहा बन जाए ।	ᱵᱚᱱᱛᱩᱨ ᱞᱮᱠᱟ ᱡᱳᱜᱢᱟᱱ ᱟᱨ ᱥᱤ ᱤ ᱳ ᱠᱚ ᱨᱟᱠᱟᱵ ᱞᱟᱹᱜᱤᱫ ᱡᱚᱥᱩ ᱛᱚᱠᱷᱚᱱ ᱵᱟᱞᱢᱤᱠᱤ ᱢᱮᱱᱛᱮ ᱨᱟᱡᱟ ᱠᱚ ᱢᱚᱬᱮ ᱥᱮᱨᱢᱟ ᱞᱟᱹᱜᱤᱫ ᱥᱮᱪᱮᱫ ᱮ ᱮᱢᱟ ᱠᱚᱣᱟ᱾
जब भी मैं टीवी चालू करता हूँ, यह तीन बार बीप करता है और धुआं निकलने लगता है। मुझे डर है कि यह फट जाएगा।	ᱤᱧ ᱡᱟᱦᱟᱸ ᱛᱤᱱ ᱨᱮᱜᱮ ᱴᱤᱵᱤᱧ ᱪᱟᱹᱞᱩᱭᱟ, ᱛᱚᱠᱷᱚᱱ ᱜᱮ ᱚᱱᱟ ᱫᱚ ᱯᱮ ᱫᱷᱟᱣᱮ ᱵᱤᱯᱼᱟ ᱟᱨ ᱪᱩᱴᱤ ᱧᱩᱤ ᱩᱫᱩᱜᱼᱟ ᱾ ᱤᱧ ᱵᱚᱛᱚᱨᱚᱜ ᱠᱟᱱᱟ ᱱᱚᱣᱟ ᱫᱚ ᱵᱟᱝ ᱚᱴᱮᱡᱚᱜ ᱢᱟ ᱾
Llad और Hhathhhhman के गीतों के लिए जाना जाता है उनकी बुद्धि और गहरे दर्द के लिए जाना जाता है, Margaai के गीत विशिष्ट भक्‍ति के लिए जाना जाता है, और तमिल और सुजाता के रहस्यवाद के लिए जाना जाता है	ᱞᱟᱞ ᱰᱮᱰ ᱟᱨ ᱦᱟᱵᱽᱵᱟ ᱠᱷᱟᱛᱩᱱᱟᱜ ᱠᱟᱥᱢᱤᱨᱤ ᱚᱞ ᱠᱚᱫᱚ ᱨᱚᱦᱚᱥᱥᱚ ᱟᱨ ᱚᱵᱷᱤᱵᱮᱠᱛᱤ ᱨᱮᱭᱟᱜ ᱡᱟᱞᱟ ᱡᱚᱱᱛᱚᱱᱟ ᱞᱟᱜᱤᱫ ᱩᱯᱨᱩᱢᱟ , ᱨᱟᱡᱚᱥᱛᱷᱟᱱ ᱨᱮᱫᱚ ᱢᱤᱨᱟᱵᱟᱭᱟᱜ ᱚᱞ ᱠᱚᱫᱚ ᱵᱷᱚᱠᱛᱤ ᱠᱷᱟᱛᱤᱨ , ᱛᱟᱢᱤᱞ ᱯᱟᱹᱨᱥᱤ ᱨᱮᱫᱚ ᱨᱚᱦᱚᱥᱥᱚᱵᱟᱫᱽ ᱟᱨ ᱠᱚᱱᱱᱚᱲ ᱯᱟᱹᱨᱥᱤ ᱛᱮ ᱟᱠᱠᱟ ᱢᱚᱦᱟᱫᱮᱵᱤᱭᱟᱜ ᱚᱞ ᱠᱚᱫᱚ ᱩᱱ ᱚᱠᱛᱚ ᱨᱮᱭᱟᱜ ᱥᱟᱶᱦᱮᱫ ᱞᱟᱜᱤᱫ ᱩᱯᱨᱩᱢᱟ ᱾
अपने कार्यों में खेलों का प्रतिनिधित्व करने के लिए अन्य फ्रांसीसी कलाकार शामिल हैं ऐलबर्ट Galzes Luezens Leugueod tue (१९१६), रॉबर्ट logagamack (१९१६), और Lape'd Lapio (1917)।	ᱮᱴᱟᱜ ᱯᱷᱨᱮᱸᱡᱽ ᱠᱟᱹᱨᱤᱜᱚᱞᱠᱩ, ᱡᱟᱦᱟᱸᱭ ᱠᱩ ᱫᱚ ᱩᱝᱠᱩᱣᱟᱜ ᱠᱟᱹᱢᱤᱨᱮ ᱱᱤᱭᱟᱹ ᱠᱷᱮᱞᱨᱮᱠᱩ ᱟᱹᱭᱩᱨᱟᱠᱟᱫᱟ, ᱩᱝᱠᱩ ᱫᱚᱠᱩ ᱦᱩᱭᱩᱜᱽᱠᱟᱱᱟ ᱮᱞᱵᱟᱨᱴ ᱜᱞᱤᱡᱮᱥᱨᱮᱱ ᱞᱮ ᱡᱩᱣᱩᱨ ᱫᱟ ᱯᱷᱩᱴᱵᱚᱞ (᱑᱙᱑᱒), ᱨᱚᱵᱟᱨᱴ ᱫᱮᱞᱱᱮᱨᱟᱜ ᱯᱷᱩᱴᱵᱚᱞ ᱞ'ᱠᱤᱯ ᱫᱟ ᱠᱟᱨᱰᱤᱯᱷ (᱑᱙᱑᱖), ᱟᱨ ᱟᱱᱫᱨᱮ ᱞᱳᱴᱟᱜ ᱯᱟᱴᱤ ᱫᱟ ᱨᱟᱜᱵᱤ (᱑᱙᱑᱗) ᱾
मेरे पास पंद्रह चीनी हैं।	ᱤᱧ ᱴᱷᱮᱱ ᱜᱮᱞ ᱢᱚᱬᱮ ᱜᱚᱴᱟᱝ ᱪᱤᱱᱤ ᱢᱮᱱᱟᱜᱼᱟ ᱠᱚᱣᱟ।
तेईस	ᱠᱩᱲᱤ ᱯᱮ
एक दर्शक द्वारा "अमरीकी" की एक राज्य में डूबने के रूप में कहा गया, लोगों के गिरोह सड़कों पर घूम रहे हैं और उपभोक्ताओं के माल के भंडार.	ᱢᱤᱫ ᱯᱟᱨᱭᱟᱣᱮᱪᱷᱚᱠ ᱦᱚᱛᱮᱛᱮ ᱵᱤᱥᱣᱮᱠᱮᱠ ᱫᱚ "ᱟᱨᱟᱡᱟᱠᱛᱟ" ᱨᱮᱱᱟᱜ ᱴᱷᱟᱶ ᱨᱮ ᱰᱩᱵᱩᱡᱚᱜ ᱞᱮᱠᱟᱛᱮ ᱣᱟᱨᱬᱤᱛ ᱦᱩᱭ ᱞᱮᱱᱟ, ᱪᱮᱫᱟᱜ ᱥᱮ ᱦᱚᱲ ᱠᱚ ᱜᱤᱨᱚᱦ ᱦᱚᱨ ᱨᱮ ᱫᱟᱲᱟᱱ ᱠᱟᱱ ᱛᱟᱦᱮᱱᱟ ᱟᱨ ᱩᱳᱵᱷᱳᱠᱛᱟ ᱥᱚᱢᱟᱱ ᱨᱮᱱᱟᱜ ᱫᱩᱞᱟᱹᱱ ᱠᱚ ᱠᱩᱢᱲᱩ ᱮᱫ ᱛᱟᱦᱮᱱᱟ᱾
अल्टेनबर्ग एबे: अल्टेनबर्ग एबे ऑस्ट्रिया में एक बेनेडिक्टिन मठ है।	ᱟᱞᱴᱮᱱᱵᱟᱨᱜ ᱮᱹᱵᱮ  ᱫᱚ ᱦᱩᱭᱩᱜ ᱠᱟᱱᱟ ᱚᱥᱴᱨᱤᱭᱟ ᱨᱮᱭᱟᱜ ᱢᱤᱫᱴᱟᱝ ᱵᱮᱱᱮᱰᱤᱠᱴᱤᱱ ᱢᱚᱴᱷ ᱾
अपने पसंदीदा एथलीट को स्वर्ण पदक जीतते देखकर हार्पर का चेहरा एक उज्ज्वल मुस्कान से खिल उठा।	ᱦᱟᱨᱯᱟᱨᱟᱜ ᱢᱩᱴᱷᱟᱹᱱ ᱠᱩᱱᱟᱹᱢᱤ ᱛᱟᱨᱟᱥ ᱞᱟᱸᱫᱟ ᱛᱮ ᱡᱷᱤᱠᱢᱤᱠᱚᱜᱼᱟ ᱡᱚᱠᱷᱚᱱ ᱩᱱᱤ ᱟᱡᱨᱮᱱ ᱥᱚᱨᱮᱥ ᱠᱷᱮᱞᱳᱰᱤᱭᱟᱹ ᱥᱟᱢᱟᱱᱚᱢ ᱯᱚᱫᱚᱠ ᱫᱟᱹᱵᱤᱭ ᱧᱮᱞ ᱟᱠᱟᱫᱮᱭᱟ ᱾
अर्जेंटीना अच्छी तरह से जाना जाता है... ... दुनिया में सबसे अच्छे खिलाड़ी और खिलाड़ियों में से एक होने के लिए.	ᱟᱨᱡᱮᱱᱴᱤᱱᱟ ᱨᱮ ᱡᱮᱜᱮᱛ ᱨᱮᱱᱟᱜ ᱢᱤᱫ ᱧᱩᱛᱩᱢᱟᱱ ᱯᱚᱞᱚ ᱴᱤᱢ ᱟᱨ ᱠᱷᱮᱞᱣᱟᱹᱨᱤ ᱠᱚ ᱢᱮᱱᱟᱜ ᱠᱚᱣᱟ᱾
गिड का जन्म पेरिस में एक मध्यमवर्गीय प्रोटेस्टेंट परिवार में हुआ था।	ᱜᱟᱭᱤᱰᱥ ᱫᱚ ᱯᱮᱹᱨᱤᱥ ᱨᱮᱭᱟᱜ ᱛᱟᱞᱟᱢᱟᱞᱟ ᱯᱨᱚᱴᱮᱥᱴᱮᱹᱱᱴ ᱜᱷᱟᱸᱨᱚᱡᱽ ᱨᱮᱭ ᱡᱟᱱᱟᱢ ᱞᱮᱱᱟ ᱾
इस परंपरा के लिए मसीही धर्म की व्याख्या कर रहे हैं, लेकिन यह शायद एक पूर्व संध्या और नवीकरण हो सकता है.	ᱱᱚᱣᱟ ᱞᱟᱪᱟᱨ ᱞᱟᱹᱜᱤᱱ ᱱᱤᱥᱪᱤᱛ ᱞᱮᱠᱟᱛᱮ ᱤᱥᱟᱹᱭ ᱫᱷᱟᱨᱢᱤᱠ ᱯᱩᱥᱴᱟᱹᱣ ᱜᱮᱭᱟ, ᱢᱮᱱᱠᱷᱟᱱ ᱱᱚᱣᱟ ᱢᱟᱬᱟᱝ-ᱤᱥᱟᱹᱭ ᱥᱯᱨᱤᱝ ᱟᱨ ᱠᱷᱚᱛ ᱨᱤᱛᱤᱱᱤᱛᱤ ᱦᱩᱭ ᱫᱟᱲᱮᱭᱟᱜᱼᱟ᱾
Borrathrara (जिसे 1वीं सदी में भी कहा जाता है) इस आयत 1 में बनाया गया है। और दावा करता है की जरूरत है कि Photocialsssiririalssssirial, लेकिन इसके बजाय एक एकीकृत तरीके से, जो इन पाठों के अन्य ज्ञान, ज्ञान के साथ रह रहे हैं, और ज्ञान में रह रहे हैं।	ᱵᱨᱚᱠᱠᱷᱥᱩᱛᱨ (ᱠᱷᱨᱤᱥᱴᱯᱩᱨᱵᱚ ᱯᱳᱭᱞᱳ ᱢᱤᱞᱞᱮᱱᱱᱤᱭᱟᱢ ᱚᱞ ᱟᱠᱟᱱ ᱵᱮᱫᱟᱱᱛ ᱥᱩᱛᱨᱚ ᱞᱮᱠᱟᱛᱮ ᱩᱯᱨᱩᱢ ᱟᱠᱟᱱᱟᱭ)ᱱᱚᱱᱟ ᱥᱞᱳᱠ ᱑ ᱑ ᱔ ᱥᱟᱹᱠᱟᱹᱛ ᱮᱢᱟ ᱟᱨ ᱫᱟᱹᱵᱤ ᱞᱮᱫᱟᱭ ᱡᱮ ᱩᱯᱱᱤᱥᱚᱫᱨᱮᱭᱟᱜ ᱥᱮᱪᱮᱫᱠᱚ ᱠᱷᱟᱹᱞᱤᱜᱮ ᱱᱟᱥᱤᱱᱟᱜ ᱵᱟᱪᱷᱱᱟᱣᱨᱮ ᱴᱮᱦᱟᱴ ᱨᱮ ᱵᱟᱝ ᱠᱟᱱᱟ ᱟᱨᱵᱟᱝᱠᱷᱟᱱ ᱵᱳᱫᱤᱠ ᱯᱚᱛᱚᱵ ᱨᱮ ᱵᱚᱞᱚ ᱢᱮᱱᱟᱜᱼᱟ ᱵᱷᱟᱵᱱᱟ ᱠᱚ ᱟᱹᱭᱠᱟᱹᱣ, ᱟᱱᱢᱟᱱ , ᱟᱨ ᱥᱟᱨᱮᱡ ᱟᱠᱟᱱ ᱯᱨᱚᱢᱟᱱ ᱥᱟᱶ ᱥᱟᱹᱜᱟᱹᱭ ᱞᱮᱠᱟᱱ ᱥᱟᱱᱟᱢ ᱨᱩᱯᱛᱮ ᱵᱩᱡᱷᱟᱹᱣ ᱦᱩᱭᱩᱜᱼᱟ᱾
वैज्ञानिक अध्ययन के लिए कौन - सी सभी भाषाएँ सर्वोत्तम हैं?	ᱥᱟᱬᱮᱥᱤᱭᱟᱹ ᱠᱷᱚᱸᱫᱽᱨᱚᱱᱤᱭᱟᱹ ᱞᱟᱹᱜᱤᱫ ᱡᱚᱛᱚ ᱯᱟᱹᱨᱥᱤ ᱨᱮ ᱚᱠᱟᱫᱚ ᱥᱚᱨᱮᱥ ?
उनका नाम चुने जाने वाले रोल पर होना चाहिए.	ᱩᱱᱠᱚᱣᱟᱜ ᱧᱩᱛᱩᱢ ᱵᱟᱪᱷᱱᱟᱣ ᱨᱳᱞᱨᱮ ᱦᱩᱭᱩᱜ ᱞᱟᱹᱠᱛᱤ ᱠᱟᱱᱟ ᱾
क्या यह नाम अच्छा है?	ᱪᱮᱫ ᱱᱚᱣᱟ ᱧᱩᱛᱩᱢ ᱱᱟᱯᱟᱭ ᱠᱟᱱᱟ?
मैं जल्द ही शाखा का दौरा करूँगा.	ᱤᱧ ᱩᱥᱟᱹᱨᱟᱜᱮ ᱵᱨᱟᱧᱪ ᱛᱮᱧ ᱪᱟᱞᱟᱜᱼᱟ
माँ, आज कामाक्षी मैडम ने मुझसे 5 चक्कर लगवाए क्योंकि मैं लाइन में ठीक से खड़ा नहीं था।	ᱟᱭᱳ, ᱛᱮᱦᱮᱧ ᱠᱟᱢᱟᱠᱥᱦᱤ ᱢᱟᱪᱮᱫᱟᱹᱱᱤ ᱫᱚ ᱤᱧ ᱕ ᱨᱟᱣᱩᱱᱰ ᱮ ᱫᱟᱹᱲ ᱚᱪᱚᱠᱤᱫᱤᱧᱟ ᱪᱮᱫᱟᱜ ᱥᱮ ᱤᱧ ᱫᱚ ᱵᱷᱟᱜᱮ ᱥᱟᱹᱦᱤᱡ ᱞᱟᱭᱤᱱ ᱨᱮ ᱵᱟᱹᱧ ᱛᱤᱸᱜᱩ ᱟᱠᱟᱱᱟ ᱾
चलो एक काटने के लिए रुक जाते हैं, क्या हम?	ᱢᱤᱫ ᱜᱷᱟᱹᱲᱤᱵᱚᱱ ᱛᱷᱤᱨ ᱞᱮᱜᱮ, ᱟᱞᱮ ᱦᱚᱸ ?
टोक्यो ही एशिया का एकमात्र शहर होगा जो सन्‌ 1964 में दो गर्मियों के खेलों में भर्ती हुआ था ।	᱑᱙᱖᱔ ᱨᱮ ᱠᱷᱤᱞᱚᱱᱰ ᱨᱮᱱᱟᱝ ᱢᱮᱡᱵᱚᱱᱤ ᱠᱚᱨᱟᱣ ᱟᱹᱱᱤᱡ ᱵᱟᱨᱭᱟ ᱜᱽᱨᱥᱢᱠᱟᱞᱤᱱ ᱚᱞᱟᱸᱯᱤᱠ ᱨᱮᱱᱟᱜ ᱢᱮᱡᱵᱚᱱᱤ ᱠᱚᱨᱟᱣ ᱞᱟᱹᱜᱤᱫ ᱴᱚᱠᱭᱚ ᱥᱩᱢᱩᱝ ᱮᱥᱤᱭᱟᱭᱤ ᱥᱚᱦᱚᱨ ᱦᱩᱭᱩᱜᱼᱟ᱾
वाह! यह इतना स्वीकी है.	ᱳᱦ ᱪᱮᱫ ᱢᱚᱸᱡᱽ ! ᱦᱮᱸ ᱥᱮ ᱥᱳᱣᱟᱱᱠᱤ ᱾
इस समूह के रूप में, एक व्यापक उदार लोकतांत्रिक फ्रेम और संस्थाओं से भिन्‍न है, जो दोनों पश्‍चिमी सांस्कृतिक उदारतावादों से भिन्‍न हैं, जो अत्यधिक व्यक्‍तिवाद से पीड़ित और नैतिक दर्शन की कमी है, जो कि टी. वी.	ᱱᱚᱶᱟ ᱡᱚᱯᱲᱟᱣ ᱨᱮ ᱠᱚᱱᱯᱷᱚᱥᱤᱭᱟᱥ ᱟᱪᱟᱨ ᱟᱨ ᱛᱷᱟᱯᱚᱱ ᱥᱟᱶᱛᱮ ᱯᱟᱥᱱᱟᱣ ᱢᱤᱫᱴᱟᱝ ᱩᱫᱟᱹᱨ ᱜᱚᱱᱚᱛᱟᱱᱛᱨᱤᱠ ᱠᱟᱴᱷᱟᱢᱚ ᱢᱮᱥᱟ ᱟᱠᱟᱱᱟ, ᱥᱮᱝ ᱞᱮᱠᱟᱛᱮ, ᱡᱟᱦᱟᱸ ᱟᱹᱰᱤ ᱰᱷᱮᱨ ᱟᱯᱱᱟᱨᱵᱷᱤᱛᱟᱹᱨ ᱟᱱᱟᱜ ᱟᱨ ᱫᱷᱚᱨᱚᱢ ᱟᱱᱟᱜ ᱥᱟᱹᱨᱤᱭᱟᱹᱲ ᱟᱱᱟᱜ ᱜᱷᱟᱹᱴᱛᱤ ᱨᱮ ᱵᱷᱩᱜᱟᱹᱜ ᱠᱟᱱ ᱯᱚᱪᱷᱤᱢ ᱨᱮᱭᱟᱜᱼᱠᱟᱹᱨᱤᱜᱚᱞ ᱩᱫᱟᱹᱨᱱᱤᱛᱤ ᱟᱨ ᱠᱮᱴᱮᱡ ᱪᱟᱱᱟᱪᱛᱷᱚᱱᱚᱛ ᱟᱨ ᱠᱤᱬᱟᱹᱲ ᱠᱚᱣᱟᱜ ᱛᱤᱨᱮ ᱥᱮᱨᱶᱟ ᱟᱱᱟᱜ ᱞᱮᱠᱟᱛᱮ ᱫᱟᱵᱟᱣ ᱟᱠᱟᱱ ᱥᱮᱨᱶᱟ ᱟᱱᱟᱜ ᱠᱚᱱᱯᱷᱩᱥᱤᱭᱚᱵᱟᱫ, ᱵᱟᱱᱟᱨ ᱠᱷᱚᱱ ᱵᱷᱮᱜᱟᱨ ᱾
31 जुलाई 1982 को सेना द्वारा उन पर इस्तीफा देने का दबाव बनाया गया था।	᱓᱑ ᱡᱩᱞᱟᱭ, ᱑᱙᱘᱒ ᱥᱟᱞ ᱨᱮ ᱩᱱᱤ ᱫᱚ ᱦᱩᱫᱟᱹ ᱟᱲᱟᱜ ᱜᱤᱰᱤ ᱠᱟᱜ ᱞᱟᱹᱜᱤᱫ ᱡᱚᱜᱟᱲ ᱯᱷᱟᱹᱫ ᱫᱟᱨᱟᱭᱛᱮ ᱪᱟᱯ ᱮᱢ ᱦᱩᱭ ᱞᱮᱱᱟ ᱾
जनवरी 2019 तक इसकी जनसंख्या लगभग 283 है।	ᱡᱟᱱᱩᱣᱟᱨᱤ ᱒᱐᱑᱙ ᱦᱟᱹᱵᱤᱡ ᱱᱚᱶᱟ ᱨᱮᱱ ᱦᱚᱲ ᱮᱞ ᱫᱚ ᱯᱨᱟᱭ ᱒᱘᱓ ᱦᱚᱲ ᱾
जब आखिरकार ब्रिटेन ने 13 जुलाई, 1829 को इस इलाके का पता लगाया, तो यह लगभग बंजर हो गया; उस वक्‍त की कोशिशों से किसानों को देश बढ़ाने की प्रेरणा मिली ।	᱑᱘᱒᱙ᱼᱨᱮᱭᱟᱜ ᱑᱓ᱡᱩᱞᱟᱤ ᱡᱚᱠᱷᱚᱱ ᱵᱨᱤᱴᱤᱥᱠᱩ ᱢᱩᱪᱟᱹᱫᱨᱮ ᱡᱟᱭᱜᱟᱴᱟᱜᱠᱩ ᱫᱚᱠᱷᱚᱞ ᱠᱮᱫᱟ, ᱛᱚᱠᱷᱚᱱ ᱱᱤᱭᱟᱹ ᱫᱚ ᱯᱨᱟᱭ ᱦᱚᱲᱡᱤᱭᱟᱹᱞᱤ ᱵᱮᱜᱚᱨ ᱛᱟᱦᱮᱸᱠᱟᱱᱟ; ᱡᱟᱭᱜᱟᱴᱟᱜ ᱦᱚᱲᱛᱮ ᱯᱮᱨᱮᱡᱽ ᱞᱟᱹᱜᱤᱫ ᱡᱩᱢᱤ ᱪᱟᱥ ᱞᱟᱹᱜᱤᱫᱛᱮ ᱑,᱒᱖᱐ ᱴᱟᱠᱟ ᱨᱮᱭᱟᱜ ᱩᱫᱜᱟᱹᱣ ᱦᱚᱛᱮᱛᱮ ᱪᱟᱹᱥᱤᱠᱩ ᱡᱚᱯᱚᱲᱟᱣᱠᱩ ᱨᱮᱭᱟᱜ ᱚᱱᱟ ᱚᱠᱛᱮ ᱨᱮᱭᱟᱜ ᱠᱩᱨᱩᱢᱩᱴᱩ ᱦᱚᱸ ᱵᱤᱨᱛᱷᱟᱹᱭᱮᱱᱟ ᱾
जब भारतीयों ने चीनी घुसपैठ का मुकाबला करने के लिए झील के ऊपर की ऊँचाइयों पर टैंक पहुँचाए तो चीनी सेना हक्की-बक्की रह गई।	ᱵᱷᱟᱨᱚᱛᱤᱭᱟᱹ ᱠᱚᱫᱚ ᱩᱱᱠᱩᱨᱮᱱ ᱵᱚᱞᱚᱱ ᱡᱟᱸᱜᱮᱫᱟᱨᱟᱢ ᱨᱮ ᱴᱮᱝᱠ ᱠᱚᱫᱚ ᱞᱮᱠ ᱪᱮᱛᱟᱱ ᱩᱥᱩᱞᱨᱮ ᱤᱫᱤᱭ ᱚᱠᱛᱚ ᱪᱤᱱᱟᱹ ᱯᱷᱟᱹᱫ ᱠᱚᱫᱚ ᱡᱟᱹᱯᱤᱫ ᱨᱮᱠᱚ ᱥᱟᱵ ᱦᱚᱪᱚ ᱞᱮᱱᱟ ᱾
इसलिए फरवरी 16 को वेस्टमिनिस्टर कोर्ट में हाज़िर होने का इंतज़ाम किया गया है ।	ᱦᱩᱦᱱᱮ ᱟᱨ ᱯᱨᱟᱭᱤᱥ ᱫᱚ ᱑᱖ ᱯᱷᱟᱹᱜᱩᱱ ᱡᱷᱚᱜ ᱣᱮᱥᱴᱢᱤᱱᱥᱴᱚᱨ ᱢᱟᱡᱤᱥᱴᱨᱮᱴ ᱠᱳᱨᱴ ᱨᱮ ᱦᱟᱡᱚᱨ ᱦᱩᱭᱩᱜ ᱨᱮᱭᱟᱜ ᱴᱷᱟᱹᱣᱠᱟᱹ ᱟᱠᱟᱱᱟI
यह पानी के प्रवाह में सबसे बड़ा है जबकि ब्रारा सबसे लंबी है.	ᱜᱟᱝᱜᱟ ᱜᱮ ᱡᱮᱞᱮᱧᱟ ᱡᱟᱦᱟᱸᱨᱮ ᱵᱨᱚᱢᱢᱚᱯᱩᱛᱨᱚ ᱟᱡᱟᱜ ᱞᱤᱜᱤᱱ ᱫᱟᱜ ᱥᱮᱡᱽᱛᱮᱭ ᱢᱟᱨᱟᱝ ᱜᱮᱭᱟ ᱾
हाँ, सर, हम उन्हें वापस नहीं करना चाहते हैं जेल के वातावरण के लिए.	ᱦᱮᱸ, ᱢᱟᱪᱮᱫᱽᱜᱚᱝᱠᱮ, ᱟᱞᱮ ᱵᱟᱝᱞᱮ ᱠᱷᱚᱡᱚᱜᱼᱟ ᱩᱝᱠᱩ ᱵᱳᱥᱛᱤ ᱞᱟᱭᱚᱧᱨᱮᱠᱩ ᱨᱩᱣᱟᱹᱲ ᱥᱮᱱᱚᱜᱼᱢᱟ ᱾
सेना की आलोचना करने वाले लोग बिना किसी राष्ट्रवादी भावना वाले भाड़े के सैनिकों से ज्यादा कुछ नहीं हैं। वे केवल पैसे की तलाश करते हैं।	ᱡᱟᱦᱟᱸᱭ ᱠᱚ ᱥᱮᱱᱟᱯᱷᱟᱹᱫᱽ ᱨᱮᱭᱟᱜ ᱠᱚ ᱚᱠᱛᱟᱭᱟ ᱩᱱᱠᱩ ᱫᱚ ᱡᱟᱹᱛᱤᱭᱚᱛᱟᱵᱟᱹᱫᱤ ᱪᱮᱛᱚᱱᱟ ᱠᱷᱚᱱ ᱪᱷᱩᱰᱟᱹᱨ ᱵᱷᱟᱲᱟᱴᱤᱭᱟᱹ ᱵᱮᱜᱚᱨ ᱟᱨ ᱪᱮᱞᱮᱦᱚᱸ ᱵᱟᱝ ᱠᱟᱱᱟ ᱠᱚ, ᱡᱟᱦᱟᱭ ᱠᱚᱣᱟᱜ ᱡᱟᱹᱛᱤᱭᱟᱹᱨᱤ ᱩᱭᱦᱟᱹᱨ ᱵᱟᱹᱱᱩᱜᱼᱟ ᱾ ᱩᱱᱠᱩ ᱫᱚ ᱮᱠᱷᱮᱱ ᱴᱟᱠᱟ ᱜᱮᱠᱚ ᱧᱮᱞᱟ
एक पालतू (जिसे "बश" भी कहा जाता है), "बिंग" या जा रहा है कुछ घंटों या कई दिनों के लिए.	ᱢᱤᱫᱴᱟᱹᱝ ᱪᱟᱞᱟᱣ ᱨᱮᱭᱟᱜ ᱥᱚᱯᱷᱟᱨᱤ (ᱡᱮᱞᱠᱟ "ᱵᱩᱥ ᱣᱟᱠ", "ᱡᱤᱞᱤᱧ ᱛᱟᱲᱟᱢ ᱫᱟᱬᱟ ᱥᱚᱯᱷᱟᱨᱤ" ᱢᱮᱛᱟᱜᱼᱟ ᱠᱚ, ᱟᱨ ᱵᱟᱝ "ᱠᱟᱴᱟ" ᱪᱟᱞᱟᱜ ᱠᱟᱱᱟ) ᱤᱧ ᱫᱚ ᱡᱤᱞᱤᱧ ᱛᱟᱲᱟᱢ ᱛᱮ ᱫᱟᱬᱟ ᱦᱩᱭᱩᱜ ᱠᱟᱱᱟ, ᱟᱨ ᱵᱟᱝ ᱛᱤᱱᱟᱹᱝ ᱴᱟᱲᱟᱝ ᱟᱨ ᱵᱟᱝ ᱟᱭᱢᱟ ᱢᱟᱦᱟᱸ ᱫᱷᱟᱹᱵᱤᱡ ᱦᱚᱸ᱾
वह एक अकेला व्यक्ति है जो संयोग से एक महिला से मिलता है।	ᱩᱱᱤᱫᱚ ᱢᱤᱫᱦᱚᱲ ᱮᱠᱞᱟ ᱦᱚᱲ ᱡᱟᱸᱦᱟᱭ ᱫᱚ ᱫᱟᱹᱵ ᱜᱷᱚᱴᱚᱱ ᱠᱷᱟᱹᱛᱤᱨᱛᱮ ᱢᱤᱫᱦᱚᱲ ᱛᱤᱨᱞᱟᱹ ᱥᱟᱞᱟᱜ ᱮ ᱧᱮᱯᱮᱞ ᱞᱮᱱᱟ ᱾
दरअसल, स्तन में स्तन - पान, प्रोटीन और वसा शिशु के विकास के लिए बहुत महत्त्वपूर्ण हैं ।	ᱟᱥᱚᱞ ᱨᱮ, ᱟᱭᱳᱼᱟᱜ ᱛᱚᱣᱟ ᱨᱮ ᱠᱮᱞᱳᱨᱤ ᱨᱮᱭᱟᱜ ᱫᱟᱹᱨᱭᱟᱹ, ᱯᱨᱳᱴᱤᱱ, ᱠᱟᱨᱵᱳᱦᱟᱭᱰᱨᱮᱴ ᱟᱨ ᱯᱷᱮᱴ ᱜᱤᱫᱨᱟᱹ ᱦᱟᱨᱟᱜ ᱞᱟᱹᱜᱤᱫ ᱟᱹᱰᱤ ᱜᱮ ᱞᱟᱹᱠᱛᱤᱭᱟ ᱾
अल्केमी की उत्पत्ति ग्रीक-रोमन मिस्र में हुई थी।	ᱟᱭᱢᱟ ᱡᱟᱨ ᱠᱷᱚᱱ ᱵᱷᱮᱜᱟᱨᱟ, ᱩᱱᱤ ᱫᱚ ᱨᱟᱹᱥᱤᱭᱟ ᱞᱟᱹᱲᱦᱟᱹᱭ ᱠᱷᱚᱱ ᱥᱟᱞᱟ ᱨᱮᱭ ᱫᱚᱦᱚ ᱞᱮᱫ ᱠᱚᱣᱟ ᱾
मैं एक अधिक सहायता की जरूरत है.	ᱤᱧ ᱟᱨ ᱢᱤᱫᱴᱟᱝ ᱜᱚᱲᱚᱧ ᱠᱷᱚᱡᱽ ᱠᱟᱱᱟ ᱾
इस बल्ले की गुणवत्ता बहुत घटिया है। क्या आपके पास यहाँ कोई अच्छी गुणवत्ता का बल्ला नहीं है?	ᱱᱚᱶᱟ ᱵᱮᱴ ᱨᱮᱭᱟᱜ ᱜᱩᱱᱢᱟᱱ ᱫᱚ ᱟᱹᱰᱤ ᱵᱟᱹᱲᱤᱡ ᱜᱮᱭᱟ ᱾ ᱱᱚᱸᱰᱮ ᱪᱮᱫ ᱟᱢᱟᱜ ᱡᱟᱦᱟᱱ ᱵᱷᱟᱜᱮᱭᱟᱜ ᱵᱮᱴ ᱵᱟᱹᱱᱩᱜ ᱛᱟᱢᱟ ?
पेलावी जोश का प्रदर्शन वास्तव में भी विकसित किया गया है.	ᱯᱚᱞᱞᱚᱵᱤ ᱡᱳᱥᱤ ᱟᱜ ᱯᱟᱴ ᱦᱚᱸ ᱥᱟᱹᱨᱤ ᱜᱮ ᱟᱹᱰᱤ ᱱᱟᱯᱟᱭ ᱾
तिहत्तर	ᱮᱭᱟᱭ ᱜᱮᱞ ᱯᱮ
इरामोरा गुफा को दुनिया की सबसे बड़ी चट्टानों की गुफा में से एक माना जाता है.	ᱤᱞᱳᱨᱟ ᱜᱷᱚᱸᱜᱚᱨ ᱫᱷᱟᱹᱨᱛᱤ ᱨᱮᱭᱟᱜ ᱡᱚᱛᱚᱠᱷᱚᱱ ᱢᱟᱨᱟᱝ ᱫᱷᱤᱨᱤ ᱠᱩᱸᱫᱟᱹᱣ ᱜᱷᱚᱸᱜᱚᱨ ᱠᱚ ᱢᱩᱫᱽᱨᱮ ᱢᱤᱫᱴᱟᱝ ᱞᱮᱠᱟᱛᱮ ᱵᱟᱪᱷᱟᱚᱣᱜᱼᱟ ᱿
आलबर्ग (Aalburg): आलबर्ग डच प्रांत उत्तरी ब्रेबेंट की एक पूर्व नगरपालिका है।	ᱟᱞᱵᱟᱨᱜ ᱫᱚ ᱦᱩᱭᱩᱜ ᱠᱟᱱᱟ ᱩᱛᱛᱚᱨ ᱵᱨᱟᱵᱟᱱᱴ ᱨᱮᱭᱟᱜ ᱰᱟᱪ ᱯᱨᱚᱫᱮᱥ ᱨᱮᱭᱟᱜ ᱢᱤᱫᱴᱟᱝ ᱢᱟᱨᱮᱱ ᱯᱳᱣᱨᱚᱥᱚᱵᱷᱟ ᱾
वह अपने सिर के बल गिरा और उसका बहुत सारा खून बह गया। मुझे नहीं लगता कि वह बचेगा।	ᱩᱱᱤᱭᱟᱜ ᱵᱚᱦᱚᱜ ᱧᱩᱨ ᱠᱟᱛᱮᱫ ᱟᱭᱢᱟ ᱢᱟᱸᱭᱟᱸᱝ ᱡᱚᱨᱚᱞᱮᱱᱟ ᱾ ᱤᱧᱟᱜ ᱢᱚᱱᱮ ᱵᱟᱝ ᱦᱩᱭᱩᱜ ᱠᱟᱱᱟ ᱩᱱᱤ ᱫᱚᱭ ᱵᱟᱧᱪᱟᱜᱼᱟ ᱢᱮᱱᱛᱮ ᱾
कभी-कभी कटसीन सीधे गेम इंजन में दिखाई देता है।	ᱚᱠᱛᱚ ᱚᱠᱛᱚ ᱨᱮ ᱠᱟᱴᱥᱤᱱ ᱫᱚ ᱥᱚᱨᱟᱥᱚᱨᱤ ᱜᱮᱢ ᱤᱱᱡᱤᱱ ᱨᱮ ᱩᱫᱩᱜᱚᱜᱼᱟ ᱾
कुछ पर्वों के पास छोटे बच्चों के साथ परिवारों के लिए ख़ास क्षेत्र हैं ।	ᱛᱤᱱᱟᱹᱜ ᱜᱟᱱ ᱛᱮᱣᱦᱟᱹᱨ ᱨᱮ ᱵᱤᱫᱽᱨᱟᱹ ᱨᱤᱱ ᱜᱷᱟᱨᱚᱧᱡᱽ ᱦᱚᱲ ᱞᱟᱹᱜᱤᱫ ᱵᱤᱥᱮᱥ ᱥᱤᱣᱤᱨ ᱡᱟᱭᱜᱟ ᱛᱟᱦᱸᱱᱟ᱾
कृपया याद रखें कि आप अनिवार्य रूप से एक व्यापक कब्र स्थल का दौरा कर रहे हैं, साथ ही एक साइट है कि दुनिया की जनसंख्या के एक महत्वपूर्ण भाग के लिए लगभग एक निश्चित अर्थ है.	ᱫᱟᱭᱟᱠᱟᱛᱮ ᱵᱟᱰᱟᱭ ᱫᱚᱦᱚᱭ ᱢᱟ ᱡᱮ ᱟᱢ ᱢᱩᱬ ᱠᱟᱛᱮ ᱢᱤᱫ ᱥᱟᱢᱮᱞᱟᱭ ᱢᱟᱬᱜᱷᱟᱹᱴᱤ ᱦᱤᱨᱤ ᱮᱫᱼᱟᱢ, ᱥᱟᱶᱛᱮ ᱱᱚᱝᱠᱟᱱ ᱢᱤᱫ ᱱᱚᱝᱠᱟ ᱡᱟᱭᱜᱟ ᱨᱮ ᱪᱟᱞᱟᱜ ᱠᱟᱱᱟᱢ ᱡᱟᱦᱟᱸ ᱨᱮᱭᱟᱜ ᱫᱩᱱᱭᱟᱹ ᱡᱟᱠᱟᱛ ᱦᱚᱲ ᱞᱮᱠᱷᱟ ᱢᱤᱫ ᱡᱩᱫᱟᱹ ᱦᱤᱸᱥ ᱞᱟᱹᱜᱤᱱ ᱟᱥᱚᱠᱟᱭᱛᱮ ᱵᱟᱝ-ᱫᱟᱲᱮᱜ ᱢᱮᱱᱮᱛᱟᱱ ᱞᱮᱠᱷᱟ ᱢᱮᱱᱟᱜᱼᱟ᱾
सिनेमा हॉल में दर्शक उन लोगों से परेशान हो जाते थे जो देर से आते थे और अपनी सीटें ढूंढते हुए उनके सामने खड़े हो जाते थे।	ᱪᱚᱞᱚᱛ ᱪᱤᱛᱟᱹᱨ ᱚᱲᱟᱜ ᱨᱮᱱ ᱧᱮᱧᱮᱞᱤᱭᱟᱹ ᱠᱚ ᱩᱱᱠᱚ ᱦᱚᱲ ᱠᱚ ᱪᱮᱛᱟᱱ ᱨᱮᱠᱚ ᱨᱟᱹᱜᱤᱜᱼᱟ ᱡᱟᱦᱟᱸᱭ ᱫᱚ ᱫᱮᱨᱤᱠᱟᱛᱮ ᱠᱚ ᱦᱤᱩᱡᱩᱜᱼᱟ ᱟᱨ ᱩᱱᱠᱩᱣᱟᱜ ᱥᱟᱢᱟᱝ ᱨᱮ ᱛᱤᱸᱜᱩ ᱠᱟᱛᱮ ᱟᱠᱚᱣᱟᱜ ᱫᱩᱲᱩᱵ ᱴᱷᱟᱶ ᱠᱚ ᱛᱚᱞᱟᱥ ᱵᱟᱲᱟᱭᱟ ᱾
क्या हम इसे मासिक रूप से नया करने के लिए है?	ᱱᱚᱶᱟᱫᱚ ᱟᱞᱮ ᱪᱟᱸᱫᱳᱨᱮ ᱟᱨᱦᱚᱸᱞᱮ ᱱᱟᱶᱟ ᱨᱩᱣᱟᱹᱲ ᱫᱟᱲᱮᱭᱟᱜᱼᱟ ?
पिछले सप्ताह, MERI ने घोषणा की कि एप ने इसे 34 से अधिक घटनाओं के बारे में सूचना दी थी, जो कंपनी ने "निवृत्त।"	ᱯᱟᱨᱚᱢᱮᱱ ᱦᱟᱯᱛᱟ, ᱮᱢᱹᱤᱹᱴᱤᱹᱟᱭᱹ ᱫᱚ ᱜᱷᱚᱥᱬᱟ ᱠᱮᱫᱼᱟᱭ ᱡᱮ ᱮᱯᱯᱟᱞ ᱫᱚ ᱩᱱᱤ ᱓᱔ ᱮᱴᱟᱜ ᱚᱵᱷᱚᱨᱴᱮᱠ ᱜᱷᱟᱴᱚᱱ ᱨᱮᱱᱟᱜ ᱠᱷᱚᱵᱚᱨ ᱮᱢ ᱞᱮᱫ ᱛᱟᱦᱮᱱᱟᱭ, ᱡᱟᱦᱟᱸᱭ ᱠᱚᱢᱯᱟᱱᱤ "ᱜᱮᱭᱨ ᱜᱟᱢᱵᱷᱤᱨ" ᱢᱮᱱ ᱞᱮᱫᱼᱟᱭ᱾
वे रात के दर्शन के साथ अंधेरे में बहुत अच्छी तरह से देख सकते हैं, और बहुत ही हिलते हैं ।	ᱩᱱᱠᱩ ᱫᱚ ᱧᱤᱫᱟᱹ ᱨᱮᱭᱟᱜ ᱠᱟᱲᱟᱝ ᱠᱩᱪᱟᱹᱝ ᱧᱩᱛ ᱨᱮᱦᱚᱸ ᱱᱟᱯᱟᱭ ᱛᱮᱠᱚ ᱧᱮᱞ ᱫᱟᱲᱮᱭᱟᱜᱼᱟ ᱟᱨ ᱛᱷᱤᱨ ᱛᱮᱠᱚ ᱯᱟᱨᱚᱢ ᱫᱟᱲᱮᱭᱟᱜᱼᱟ᱾ ᱩᱱᱠᱩ ᱯᱩᱭᱞᱩ ᱟᱠᱚᱣᱟᱜ ᱥᱩᱨᱥᱩᱯᱩᱨᱮ ᱥᱮᱸᱫᱽᱨᱟ ᱠᱚ‌ ᱪᱟᱨᱦᱟᱣ ᱠᱚᱣᱟ ᱚᱱᱟ ᱛᱟᱭᱚᱢ ᱥᱮᱸᱫᱽᱨᱟ ᱠᱚ‌ ᱚᱛᱟ ᱠᱚᱣᱟ᱾
सन्‌ 1956 में फिल्म के अलग - अलग हिस्सों ने एक कार्टून फिल्म बनायी ।	᱑᱙᱕᱖ ᱥᱟᱹᱦᱤᱛ, ᱯᱷᱤᱞᱢ ᱦᱚᱱᱚᱛ ᱢᱤᱫ ᱠᱟᱹᱴᱩᱱ ᱯᱷᱤᱞᱢ ᱤᱩᱱᱤᱴᱮ ᱛᱷᱟᱯᱚᱱ ᱞᱮᱫᱟ, ᱢᱟᱨᱮᱱ ᱰᱤᱡᱱᱤ ᱮᱱᱤᱢᱮᱴᱚᱨ, ᱯᱟᱹᱴᱷᱩᱣᱟᱹ ᱠᱚ ᱪᱮᱪᱮᱫ ᱞᱟᱹᱜᱤᱫ ᱱᱮᱣᱛᱟ ᱦᱩᱭ ᱞᱮᱱᱟ ᱾
बार्सिलोना के सरकारी भाषाएँ हैं केटालन और स्पैनिश. लगभग आधा पसंद है के बारे में, एक अधिकांश लोग इसे समझते हैं, और लगभग हर कोई स्पैनिश जानता है.	ᱵᱟᱨᱥᱮᱞᱳᱱᱟ ᱨᱮᱭᱟᱜ ᱟᱹᱢᱟᱹᱞᱤ ᱯᱟᱹᱨᱥᱤ ᱫᱚ ᱦᱩᱭᱩᱜ ᱠᱟᱱᱟ ᱠᱟᱴᱟᱞᱟᱱ ᱟᱨ ᱥᱯᱟᱱᱤᱥ᱾ ᱟᱥᱚᱠᱟᱭᱛᱮ ᱟᱫᱷᱟ ᱦᱚᱲ ᱠᱟᱴᱟᱞᱟᱱ ᱯᱟᱹᱨᱥᱤ ᱛᱮ ᱨᱚᱲ ᱠᱚ ᱯᱚᱥᱚᱸᱫᱟ, ᱟᱭᱢᱟ ᱢᱟᱨᱟᱝ ᱥᱟᱢᱮᱞᱟᱭ ᱱᱚᱣᱟ ᱠᱚ ᱵᱩᱡᱷᱟᱹᱣᱟ, ᱟᱨ ᱛᱤᱱᱟᱹᱜ ᱜᱟᱱ ᱥᱯᱟᱱᱤᱥ ᱯᱟᱹᱨᱥᱤ ᱠᱚ ᱵᱟᱰᱟᱭᱟ᱾
अगर वे कुछ ऑफिस में काम करना शुरू करते हैं, तो उन्हें नौकरी की जगह पर ले जाया जाएगा ।	ᱩᱝᱠᱩ ᱫᱚ ᱡᱟᱦᱟᱸᱱ ᱚᱯᱷᱤᱥᱨᱮ ᱠᱟᱹᱢᱤᱠᱩ ᱮᱛᱚᱦᱚᱵᱽ ᱞᱮᱠᱷᱟᱱ, ᱩᱝᱠᱩ ᱫᱚ ᱠᱟᱹᱢᱤᱭ ᱞᱟᱠᱪᱟᱨ ᱥᱟᱶᱛᱮᱠᱩ ᱩᱯᱩᱨᱩᱢᱚᱜᱼᱟ ᱾
यह कुछ समय हो गया है जब से हम पिछले बात की.	ᱟᱞᱟᱝ ᱢᱩᱪᱟᱹᱫ ᱠᱟᱛᱷᱟ ᱨᱚᱯᱚᱲ ᱛᱟᱭᱚᱢ ᱠᱤᱪᱷᱤ ᱚᱠᱛᱚᱜᱮ ᱦᱩᱭᱟᱠᱟᱱᱟ ᱾
वह तुर्की इतिहास की प्रमुख इतिहासकारों में से एक थीं।	ᱩᱱᱤ  ᱫᱚᱭ ᱛᱟᱦᱮᱸ ᱠᱟᱱᱟ ᱛᱩᱨᱠᱤ ᱱᱟᱜᱟᱢ ᱨᱮᱱ ᱧᱩᱢᱩᱨᱩᱢ ᱱᱟᱜᱟᱢᱜᱟᱹᱠᱷᱩᱲᱤᱭᱟᱹ ᱠᱚ ᱢᱩᱫᱨᱮ ᱢᱤᱦᱚᱲ ᱾
इंटरनॆट दोनों जन संचार के तत्वों को जोड़ता है ।	ᱤᱱᱴᱚᱨᱱᱮᱴ ᱵᱟᱱᱟᱨ ᱫᱤᱥᱣᱟᱹᱠᱚ ᱟᱨ ᱯᱚᱨᱚᱢᱯᱚᱨᱟ ᱥᱚᱧᱪᱟᱨ ᱨᱮᱭᱟᱜ ᱛᱮᱛᱮᱫ ᱠᱚᱭ ᱡᱚᱲᱟᱣᱮᱫ ᱠᱟᱱᱟI
CMS एक हवाई रक्षा प्रणाली है विमान सुरक्षा प्रदान करता है RECCM के खिलाफ RECM RICM और मैं, हवा और जमीन-चित मिसाइलों के खिलाफ।	ᱥᱤ ᱮᱢ ᱰᱤ ᱮᱥ ᱫᱚ ᱦᱩᱭᱩᱜ ᱠᱟᱱᱟ ᱨᱟᱰᱟᱨ ᱦᱚᱛᱮᱛᱮ ᱪᱟᱪᱞᱟᱜᱼᱟ ᱟᱨ ᱟᱭ ᱟᱨ ᱥᱚᱱᱫᱷᱟᱱᱤ, ᱦᱚᱭ ᱥᱮ ᱚᱛᱨᱮ ᱪᱟᱯᱟᱫᱽ ᱠᱷᱮᱯᱚᱱᱟᱥᱛᱨᱚ ᱵᱤᱨᱩᱫᱽᱨᱮ ᱱᱤᱥᱠᱨᱤᱭᱚ ᱤ ᱥᱤ ᱮᱢ ᱫᱟᱨᱟᱭᱛᱮ ᱩᱰᱟᱹᱱᱜᱟᱹᱰᱤ ᱨᱩᱠᱷᱤᱭᱟᱹ ᱮᱢᱚᱜᱤᱡ ᱢᱤᱫᱴᱟᱝ ᱦᱚᱭᱛᱮ ᱩᱰᱩᱠ ᱵᱚᱱᱫᱷᱮᱡ ᱾
मैं समझ सकता हूँ कि यह एक बिट dfrerable है, लेकिन आप कुछ चयनात्मक विषय के लिए कुछ वीडियो देखने की कोशिश कर सकते हैं, यह भी एक विचार देता है.	ᱤᱧ ᱵᱩᱡᱷᱟᱹᱣ ᱮᱫᱟ ᱱᱚᱶᱟᱫᱚ ᱱᱟᱥᱮ ᱵᱷᱮᱜᱟᱨ ᱜᱮᱭᱟ, ᱢᱮᱱᱠᱷᱟᱱ ᱟᱢ ᱵᱟᱪᱷᱟᱣ ᱟᱠᱟᱱ ᱥᱟᱛᱟᱢ ᱠᱷᱚᱱ ᱠᱤᱪᱷᱤ ᱵᱷᱤᱰᱚᱭᱳ ᱧᱮᱞ ᱨᱮᱭᱟᱜ ᱮᱢ ᱨᱤᱠᱟᱹ ᱫᱟᱲᱮᱭᱟᱜᱼᱟ, ᱚᱱᱟ ᱡᱟᱦᱟᱱᱟᱜ ᱦᱩᱰᱤᱥᱮ ᱮᱢᱚᱜᱼᱟ ᱾
मैं यह वीडियो गेम खेलना चाहता था लेकिन सीडी टूट गई। अब मैं कभी दोबारा वह गेम नहीं खेल पाऊँगा।	ᱤᱧ ᱱᱚᱣᱟ ᱵᱷᱤᱰᱤᱣ ᱜᱮᱢ ᱠᱷᱮᱞᱤᱧ ᱠᱷᱚᱡ ᱞᱮᱱᱟ ᱢᱮᱱᱠᱷᱟᱱ ᱥᱤᱰᱤ ᱫᱚ ᱨᱟᱹᱯᱩᱫ ᱮᱱᱟ ᱾ ᱱᱤᱛᱚᱜ ᱟᱨ ᱛᱤᱥᱦᱚᱸ ᱠᱷᱮᱞ ᱫᱚ ᱵᱟᱹᱧ ᱠᱷᱮᱞ ᱫᱟᱲᱮᱭᱟᱜᱼᱟ ᱾
अदालत के अनुसार, संयुक्‍त राष्ट्र शिविर से बर्बाद उचित रूप से नहीं किया गया था, जिसके कारण जीवाणुओं को प्राचीननीोनी नदी की तिहासिकता में प्रवेश करने के लिए, हैती की एक सबसे बड़ी नदी में प्रवेश करने के लिए।	ᱱᱚᱣᱟ ᱢᱚᱠᱚᱨᱫᱚᱢᱟ ᱚᱝᱥᱟᱨ,ᱥᱮᱞᱮᱫ ᱫᱤᱥᱚᱢ ᱠᱮᱢᱯ ᱠᱷᱚᱱ ᱚᱰᱚᱠᱚᱜ ᱠᱟᱱ ᱟᱸᱡᱽᱨᱟᱠᱚ ᱵᱷᱟᱹᱜᱤ ᱯᱷᱩᱨᱪᱟᱹ ᱵᱟᱝ ᱠᱷᱟᱹᱛᱤᱨ,ᱟᱨᱴᱤᱵᱳᱱᱤᱴ ᱜᱟᱰᱟ ᱨᱮ ᱡᱤᱵᱟᱬᱩᱠᱚ ᱟᱫᱮᱨ ᱞᱮᱱᱟ, ᱡᱟᱦᱟᱸ ᱫᱚ ᱦᱟᱭᱛᱤ ᱨᱮᱭᱟᱜ ᱡᱮᱛᱮ ᱠᱷᱚᱱ ᱢᱟᱨᱟᱝ ᱢᱤᱫᱴᱟᱝ ᱫᱟᱜ ᱡᱚᱜᱟᱣ ᱜᱟᱰᱟ ᱠᱟᱱᱟ।
उन्होंने न्यू यॉर्कर के लिए काम किया और रेडियो पर कई खंडों में दिखाई दिए।	ᱩᱱᱤ ᱫᱚ ᱱᱤᱭᱩᱼᱤᱭᱚᱨᱠᱟᱨ ᱞᱟᱹᱜᱤᱫ ᱮ ᱠᱟᱹᱢᱤ ᱞᱮᱫᱟ ᱟᱨ ᱨᱮᱰᱤᱣᱨᱮ ᱟᱭᱢᱟ ᱛᱷᱚᱱᱚᱛ ᱨᱮ ᱥᱮᱴᱮᱨᱮ ᱛᱟᱦᱮᱸ ᱠᱟᱱᱟ ᱾
दो न्यायाधीशों के पास लम्बी लम्बी जेल वाक्य या ईरानी लोकतंत्र के लिए लालसा के लिए मृत्यु दण्ड है और सर्वोच्च नेता, एली के शासन का विरोध किया है।	ᱫᱤᱥᱩᱣᱟᱹᱛᱟᱹᱨᱤ ᱨᱮ ᱟᱹᱥᱤᱡ ᱟᱨ ᱢᱟᱨᱟᱝ ᱱᱮᱛᱟ ᱟᱞᱤ ᱠᱷᱟᱢᱮᱱᱮᱭ ᱟᱜ ᱥᱟᱥᱚᱱᱨᱮ ᱵᱤᱨᱩᱫᱷᱤᱭᱟᱹ ᱤᱨᱟᱱᱤᱭᱚ ᱠᱚᱣᱟᱜ ᱡᱮᱹᱞᱮᱹᱧ ᱚᱠᱛᱚ ᱡᱮᱦᱚᱞ ᱟᱨ ᱜᱩᱡᱩᱜᱥᱟᱹᱡᱟᱹᱭ ᱮᱢᱚᱜ ᱨᱮ ᱡᱮᱹᱞᱮᱹᱧ ᱨᱮᱠᱚᱨᱰ ᱢᱮᱱᱟᱜᱼᱟ ᱱᱩᱠᱤᱱ ᱵᱟᱨᱭᱟ ᱵᱤᱪᱟᱹᱨᱤᱭᱟᱹ ᱟᱜ ᱾
पूर्व राष्ट्रपति लोगों को अपनी गोपनीयता और गरिमा के साथ स्कैनर के माध्यम से पार करने की उम्मीद नहीं करनी चाहिए.	ᱯᱷᱨᱤᱼᱚᱯᱨᱮᱴᱤᱝ ᱴᱨᱟᱱᱥᱡᱮᱱᱰᱚᱨ ᱦᱚᱲ ᱠᱚ ᱫᱚ ᱫᱠᱟᱱᱟᱹᱨ ᱛᱮ ᱟᱠᱚᱣᱟᱜ ᱜᱚᱯᱱᱤᱛᱟ ᱟᱨ ᱜᱚᱨᱤᱢᱟ ᱠᱚ ᱵᱚᱨᱟᱵᱚᱨ ᱫᱚᱦᱚ ᱞᱟᱹᱜᱩᱫ ᱵᱟᱝ ᱟᱸᱥ ᱠᱟᱛᱷᱟ᱾
हर कर्ता ने अपने हिस्से को पूरा कर लिया!	ᱥᱟᱱᱟᱢ ᱢᱤᱫ ᱯᱟᱴᱷᱚᱠᱤᱭᱟᱹ ᱮᱠᱟᱞᱛᱮ ᱟᱠᱚᱣᱟᱜ ᱦᱤᱸᱥ ᱠᱚ ᱮᱠᱥᱤᱰᱼᱟ ᱾
Vedas के सबसे प्रसिद्ध साहित्य हैं भारत.	ᱵᱮᱫ ᱫᱚ ᱦᱩᱭᱩᱜ ᱠᱟᱱᱟ ᱵᱦᱟᱨᱚᱛ ᱨᱮᱭᱟᱜ ᱧᱩᱢᱟᱱ ᱢᱟᱨᱮ ᱥᱟᱶᱦᱮᱫ ᱠᱟᱹᱢᱤ ᱾
मेरे पास बारह हाथी हैं।	ᱤᱧ ᱴᱷᱮᱱ ᱜᱮᱞ ᱵᱟᱨ ᱜᱚᱴᱟᱝ ᱦᱟᱛᱤ ᱢᱮᱱᱟᱜᱼᱟ ᱠᱚᱣᱟ।
हाँ, सर.	ᱦᱮᱸ, ᱢᱟᱦᱟᱥᱚᱭ ᱾
मुझे खासकर इस बात से ताज्जुब होता है कि उसने उसके डीडी में कितने अच्छे काम किए!	ᱤᱧ ᱵᱤᱥᱮᱥ ᱠᱟᱭᱛᱧ ᱦᱟᱦᱟᱲᱟ ᱟᱠᱟᱱᱟ ᱡᱮ ᱟᱡᱟᱜ ᱵᱟᱦᱟᱨᱮ ᱛᱤᱱᱟᱹᱜ ᱮ ᱵᱷᱟᱜᱮ ᱟᱠᱟᱫᱟ !
पता डिस्क पर एक बाइट की ओर संकेत करता है और दूसरे पर समाप्त होता है।	ᱴᱷᱤᱠᱟᱹᱱᱟ ᱫᱚ ᱢᱤᱫᱴᱟᱝ ᱵᱟᱭᱤᱴᱮ ᱩᱫᱩᱜᱟ ᱟᱨ ᱰᱤᱥᱠ ᱨᱮᱭᱟᱜ ᱮᱴᱟᱜᱟ ᱨᱮᱭ ᱢᱩᱪᱟᱹᱫᱟ ᱾
एक फैशन सेवा व्यक्ति से संबंधित गुणों का एक गुच्छा है, उनके जूते, कपड़े, टाई, बाल - प्रकार, बनाएँ, देखो, इत्र, इत्र, इत्यादि.	ᱢᱩᱴᱷᱟᱹᱱ ᱫᱚ ᱦᱩᱭᱩᱜ ᱠᱟᱱᱟ ᱪᱟᱹᱠᱨᱤᱭᱟᱱ ᱦᱚᱲ ᱥᱟᱶᱛᱮ ᱥᱟᱹᱜᱟᱹᱭᱟᱱᱟᱜ ᱜᱩᱱ ᱠᱚ ᱨᱮᱭᱟᱜ ᱢᱤᱫ ᱛᱷᱚᱯᱮ ᱡᱮᱞᱮᱠᱟ ᱯᱚᱴᱚᱢ ᱯᱟᱱᱟᱦᱤ, ᱠᱤᱪᱨᱤᱪ ᱠᱷᱟᱹᱸᱰᱣᱟᱹᱜ, ᱴᱟᱭ, ᱜᱚᱭᱱᱟ, ᱩᱯ ᱨᱮᱭᱟᱜ ᱥᱴᱟᱭᱤᱞ, ᱢᱮᱠᱼᱟᱯ, ᱜᱷᱟᱹᱲᱤ, ᱥᱟᱡᱟᱣᱼᱟᱜ, ᱥᱮᱱᱴ ᱮᱢᱟᱱ ᱠᱚ ᱾
मैंने कई गोल होने से बचाए लेकिन फिर भी, मेरी कड़ी मेहनत काफी नहीं थी और दूसरी टीम जीत गई।	ᱤᱧ ᱫᱚ ᱟᱭᱢᱟ ᱜᱳᱞ ᱦᱩᱭᱩᱜ ᱠᱷᱚᱱᱤᱧ ᱵᱟᱧᱪᱟᱣ ᱟᱠᱟᱫᱟ ᱢᱮᱱᱠᱷᱟᱱ ᱮᱱᱨᱮᱦᱚᱸ, ᱤᱧᱟᱜ ᱠᱮᱴᱮᱡ ᱠᱩᱨᱩᱢᱩᱴᱩ ᱫᱚ ᱰᱷᱮᱨ ᱵᱟᱝ ᱛᱟᱦᱮᱠᱟᱱᱟ ᱟᱨ ᱮᱴᱟᱜ ᱫᱚᱞ ᱠᱚ ᱡᱤᱛᱠᱟᱹᱨ ᱟᱠᱟᱱᱟ ᱾
क्या यह दोस्त अच्छा है?	ᱪᱮᱫ ᱱᱚᱣᱟ ᱜᱟᱛᱮ ᱱᱟᱯᱟᱭ ᱠᱟᱱᱟ?
भारत की सरकार ने बड़ी तेज़ी से प्रभावित क्षेत्रों में सूअर पकड़ने के आरोपों के रूप में ऐसे क़दम उठाने के लिए प्रेरित किया है ।	ᱚᱱᱟ ᱴᱟᱠᱟ ᱮᱛᱦᱚᱵ ᱵᱷᱟᱨᱚᱛ ᱥᱚᱨᱠᱟᱨ ᱫᱚ ᱯᱨᱚᱣᱟᱣ ᱡᱟᱭᱜᱟ ᱨᱮ ᱥᱩᱠᱨᱤ ᱥᱟᱵ ᱠᱩᱜ ᱫᱚᱦᱚ ᱠᱮᱫ ᱠᱚᱣᱟᱭ, ᱦᱟᱡᱟᱨ ᱥᱤᱠᱬᱤᱡ ᱢᱚᱥᱟᱨᱤ ᱟᱨ ᱠᱤᱱᱱᱟᱥᱚᱠ ᱨᱮᱭᱟᱜ ᱫᱷᱩᱸᱶᱟᱹ ᱪᱷᱚ ᱞᱟᱹᱜᱤᱫ ᱦᱟᱹᱴᱤᱧ ᱠᱮᱜᱼᱟᱭ᱾
क्या एक अलग वापसी है?	ᱰᱤᱯᱷᱟᱨᱮᱱᱥᱤᱭᱟᱞ ᱨᱤᱴᱟᱨᱱ ᱫᱚ ᱪᱮᱫ ᱠᱟᱱᱟ ?
अधिकांश क्षेत्रों में छोटे जापानी कोस्ट बसों द्वारा कार्य किया जाता है, जो सहज और मज़बूत हैं ।	ᱟᱭᱢᱟ ᱜᱟᱱ ᱦᱚᱱᱚᱛ ᱨᱮᱜᱮ ᱠᱟᱹᱴᱤᱡ ᱡᱟᱯᱟᱱᱤᱥ ᱠᱳᱥᱴᱟᱨ ᱵᱟᱥ ᱪᱟᱞᱟᱜᱼᱟ, ᱡᱟᱦᱟᱸ ᱫᱚ ᱟᱨᱟᱢᱟᱱ ᱟᱨ ᱫᱟᱲᱮ ᱜᱮᱭᱟ᱾
यह एक उपहार है, यार!	ᱱᱤᱭᱟᱹ ᱫᱚ ᱢᱤᱫᱴᱟᱝ ᱥᱟᱸᱫᱮᱥ ᱠᱟᱱᱟ, ᱢᱟᱱᱣᱟ !
फिल्म में इतने सारे अप्रत्याशित मोड़ (प्लॉट ट्विस्ट) थे! मैंने कभी उनके आने की उम्मीद नहीं की थी।	ᱪᱚᱞᱚᱛ ᱪᱤᱛᱟᱹᱨ ᱨᱮ ᱟᱭᱢᱟ ᱯᱞᱚᱴ ᱴᱣᱤᱥᱴ ᱛᱟᱦᱮ ᱠᱟᱱᱟ ! ᱤᱧ ᱫᱚ ᱚᱱᱟᱠᱩ ᱦᱤᱡᱩᱜ ᱵᱟᱹᱧ ᱧᱮᱞ ᱟᱠᱟᱫᱟ ᱾
इंसान की उम्र अठारह साल होनी चाहिए या उससे ऊपर ।	ᱩᱱᱤ ᱦᱚᱲᱟᱜ ᱫᱚ ᱑᱘ ᱥᱮᱨᱢᱟ ᱥᱮ ᱚᱱᱟ ᱠᱷᱚᱱ ᱰᱷᱮᱨ ᱩᱢᱮᱨ ᱦᱩᱭᱩᱜ ᱨᱮᱭᱟᱜ ᱞᱟᱹᱠᱛᱤ ᱢᱮᱱᱟᱜᱼᱟ ᱾
26 साल की उम्र में पामपालोन को पता चला कि उन्हें तपेदिक (टीबी) है।	᱒᱖ ᱥᱮᱨᱢᱟ ᱩᱢᱮᱨ ᱨᱮ, ᱯᱟᱢᱯᱟᱞᱚᱱ ᱮ ᱵᱟᱰᱟᱭ ᱫᱟᱲᱮᱭᱟᱜ ᱠᱟᱱᱟ ᱡᱮ ᱟᱡᱟᱜ ᱴᱤ ᱵᱤ ᱦᱩᱭ ᱟᱠᱟᱱᱟ ᱾
लेकिन भारत की परंपरा और अलग - अलग भाषाएँ बोलनेवाले देशों के बीच का फर्क साफ नज़र आता है ।	ᱛᱷᱤᱢ ᱠᱩ ᱫᱚ ᱚᱱᱟ ᱚᱠᱛᱮ ᱨᱮᱭᱟᱜ ᱵᱷᱟᱨᱚᱛ ᱨᱮᱭᱟᱜ ᱫᱤᱥᱦᱩᱫᱤᱥᱮ ᱩᱫᱩᱜᱟ ᱡᱟᱦᱟᱸᱨᱮ ᱯᱟᱹᱪᱷᱤᱢ ᱫᱚ ᱢᱤᱫ ᱟᱠᱟᱱᱟ, ᱢᱮᱱᱠᱷᱟᱱ ᱢᱤᱴᱴᱮᱱ ᱱᱟᱱᱟᱦᱩᱱᱟᱹᱨ ᱟᱭᱢᱟ ᱯᱟᱹᱨᱥᱤᱣᱟᱱᱟᱜ ᱫᱤᱥᱟᱹᱢ ᱞᱮᱠᱟᱛᱮ ᱵᱷᱟᱨᱚᱛ ᱨᱮᱭᱟᱜ ᱥᱮᱨᱣᱟ ᱟᱨ ᱟᱥᱚᱞ ᱥᱟᱨ ᱠᱟᱛᱷᱟ ᱫᱚ ᱯᱩᱥᱴᱟᱹᱜ ᱠᱟᱱᱟ ᱾
मैं बीमार हूँ	ᱤᱧ ᱨᱩᱣᱟᱹ ᱜᱮᱭᱟᱹᱧ
अधिकांश हवाई अड्डा टर्मिनल एक साधारण शैली में बनाए जाते हैं।	ᱡᱟᱹᱥᱛᱤ ᱩᱰᱟᱹᱱ ᱟᱰᱟ ᱨᱮᱭᱟᱜ ᱴᱟᱨᱢᱤᱱᱟᱞ ᱜᱮ ᱢᱤᱫᱴᱟᱝ ᱥᱟᱫᱷᱟᱨᱚᱱ ᱰᱤᱡᱟᱭᱤᱱ ᱛᱮ ᱵᱮᱱᱟᱣᱟ ᱾
एक बार स्मुरना के प्राचीन शहर में, यह अब एक आधुनिक, विकसित, और व्यस्त व्यापार केंद्र है ।	ᱢᱤᱫ ᱡᱮᱠᱷᱟ ᱥᱢᱤᱨᱱᱟ ᱨᱮᱱᱟᱜ ᱢᱟᱨᱮᱱ ᱱᱟᱜᱟᱨ, ᱱᱮᱛᱟᱨ ᱱᱚᱣᱟ ᱫᱚ ᱟᱫᱷᱩᱱᱤᱠ,ᱵᱤᱠᱚᱥᱤᱛ ᱟᱨ ᱵᱮᱥᱛᱚ ᱵᱟᱹᱱᱤᱡᱽ ᱛᱟᱞᱢᱟ ᱠᱟᱱᱟ, ᱡᱟᱦᱟᱸ ᱫᱚ ᱢᱤᱫ ᱢᱟᱨᱟᱝ ᱥᱟᱹᱢᱩᱫᱽ ᱛᱮ ᱮᱥᱮᱫ ᱟᱨ ᱵᱩᱨᱩ ᱛᱮ ᱜᱷᱮᱨᱟᱣ ᱟᱠᱟᱱᱟ᱾
हाय, आप इस विश्‍वविद्यालय के लिए नए हैं?	ᱮᱭ, ᱟᱢ ᱪᱮᱫ ᱱᱚᱶᱟ ᱡᱮᱜᱮᱫ ᱵᱤᱨᱫᱟᱹᱜᱟᱲᱨᱮᱢ ᱱᱟᱶᱟ ᱜᱮᱭ ? ?ᱟ ?
आप उनके मेमोरी कार्ड का उपयोग करके अन्य खिलाड़ियों के गाँवों में जा सकते हैं।	ᱟᱢ ᱩᱱᱠᱩᱣᱟᱜ ᱢᱮᱢᱚᱨᱤ ᱠᱟᱨᱰ ᱵᱮᱣᱦᱟᱨ ᱠᱟᱛᱮ ᱮᱴᱟᱜ ᱮᱴᱟᱜ ᱠᱷᱮᱞᱳᱰᱤᱭᱟᱹ ᱠᱚᱣᱟᱜ ᱟᱹᱛᱩ ᱠᱚᱭ ᱧᱮᱞ ᱫᱟᱲᱮᱭᱟᱜᱼᱟ ᱾
मैंने आज अपना निवेश देखा और मुझे इसके इतने अधिक होने की उम्मीद नहीं थी।	ᱤᱧ ᱛᱮᱦᱮᱧ ᱤᱧᱟᱹᱜ ᱵᱤᱱᱤᱭᱳᱜᱽ ᱥᱮᱫ ᱤᱧ ᱠᱚᱭᱚᱜ ᱟᱠᱟᱫᱟ ᱟᱨ ᱱᱚᱣᱟ ᱫᱚ ᱱᱩᱱᱟᱹᱜ ᱡᱟᱹᱥᱛᱤ ᱦᱩᱭᱩᱜᱼᱟ ᱢᱮᱱᱛᱮ ᱟᱸᱥ ᱵᱟᱝ ᱛᱟᱦᱮᱸ ᱠᱟᱱ ᱛᱤᱧᱟᱹ ᱾
यह सिर्फ 5 मिनट हो गया है.	᱕ ᱴᱤᱬᱤᱡᱽᱜᱤ ᱦᱩᱭᱟᱠᱟᱱᱟ ᱾
Kwwitmars आइसक्रीम के निर्माण में शामिल है आइसक्रीम की व्यवस्था के तहत मध्य पूर्वतम प्रयास के तहत गिर जाता है, १९८५ (बहुत कम के लिए, कार्य के लिए).	ᱠᱣᱟᱞᱤᱴᱤ ᱟᱭᱤᱥ ᱠᱨᱤᱢ (ᱨᱚᱲᱼᱨᱩᱣᱟᱹᱲ ᱮᱢᱼᱵᱤᱰᱟᱹᱣᱠᱩ) ᱫᱚ ᱟᱭᱤᱥ ᱠᱨᱤᱢ ᱵᱮᱱᱟᱣ ᱨᱮ ᱡᱚᱯᱚᱲᱟᱣ ᱢᱮᱱᱟᱜᱼᱟ ᱡᱟᱦᱟᱸ ᱫᱚ ᱥᱮᱱᱴᱨᱟᱞ ᱮᱠᱥᱥᱟᱭᱤᱡ ᱴᱟᱨᱤᱯᱷ ᱮᱠᱴ ᱑᱙᱘᱕ (ᱠᱷᱟᱴᱚᱛᱮ, ᱟᱹᱱ) ᱛᱚᱯᱚᱥᱤᱞ ᱜᱚᱵᱚᱞ ᱨᱮ ᱯᱟᱨᱟᱜ ᱠᱟᱱᱟ ᱾
ओक, मैं अपनी संपत्ति में एक है.	ᱡᱚᱛᱷᱟᱛ ᱜᱮᱭᱟ, ᱤᱧᱟᱹᱜ ᱜᱚᱵᱚᱞ ᱨᱮ ᱢᱤᱫᱴᱟᱝ ᱢᱮᱱᱟᱜᱼᱟ ᱾
मेरे रेस्टोरेंट को रेटिंग देने और उसके बारे में लिखने से पहले कृपया मुझे इन समस्याओं को ठीक करने का एक मौका दें (शेफ)।	ᱤᱧᱟᱹᱜ ᱨᱮᱥᱴᱳᱨᱮᱱᱴ (ᱥᱮᱯᱷ) ᱵᱟᱵᱚᱛ ᱛᱮ ᱨᱮᱴᱤᱝ ᱟᱨ ᱚᱞ ᱞᱟᱦᱟᱨᱮ ᱫᱟᱭᱟ ᱠᱟᱛᱮ ᱤᱧ ᱱᱚᱶᱟ ᱮᱴᱠᱮᱴᱚᱲᱮ ᱠᱚ ᱥᱚᱞᱦᱮ ᱨᱮᱭᱟᱜ ᱢᱤᱫᱴᱟᱝ ᱫᱟᱣ ᱤᱢᱟᱹᱧ ᱢᱮ ᱾
डॉक्टर ने मुझे बताया कि मधुमेह का कोई इलाज नहीं है।	ᱫᱟᱠᱛᱟᱨᱼᱮ  ᱢᱮᱱ ᱟᱠᱟᱫᱟ ᱰᱟᱭᱟᱵᱮᱴᱤᱥ ᱨᱮᱭᱟᱜ ᱡᱟᱦᱟᱱ ᱴᱤᱠᱤᱪᱪᱷᱟ ᱵᱟᱹᱱᱩᱜᱼᱟ ᱾
मेरा वेतन पर, मैं एक आईफोन भी नहीं खरीद सकता; एक फ़री भूल जाओ.	ᱤᱧᱟᱜ ᱢᱟᱹᱱᱦᱟᱹ ᱠᱟᱹᱣᱰᱤᱛᱮ ᱢᱤᱫᱴᱟᱝ ᱟᱭᱯᱷᱳᱱ ᱜᱤ ᱵᱟᱝ ᱦᱩᱭᱩᱜᱼᱟ ; ᱦᱟᱹᱲᱤᱧ ᱠᱟᱜ ᱢᱮ ᱯᱷᱮᱨᱟᱨᱤ ᱾
इसका मुख्यालय लॉस एंजिल्स, कैलिफोर्निया के हॉलीवुड क्षेत्र में स्थित है।	ᱱᱚᱣᱟ ᱨᱮᱭᱟᱜ ᱦᱮᱰᱠᱩᱣᱟᱴᱟᱨ ᱫᱚ ᱦᱚᱞᱤᱭᱩᱰ ᱮᱞᱟᱠᱟ ᱨᱮᱭᱟᱜ ᱞᱚᱥ ᱮᱧᱡᱮᱞᱥ, ᱠᱮᱞᱤᱯᱷᱳᱨᱱᱤᱭᱟ ᱨᱮ ᱾
आज की आर्थिक चर्चा सामाजिक और आर्थिक प्रदर्शन के बीच संतुलन की ओर अत्यधिक झुकाव कर रही है और पर्यावरण प्रदर्शन के साथ अपने व्यवहार को नज़रअंदाज़ कर रही है ।	ᱱᱟᱦᱟᱜ ᱫᱷᱚᱱ ᱤᱫᱤ ᱠᱟᱛᱮ ᱜᱟᱞᱚᱪᱠᱩ ᱫᱚ ᱥᱟᱸᱣᱛᱟ ᱟᱹᱨᱤ ᱟᱨ ᱫᱷᱚᱱ ᱤᱫᱤ ᱠᱟᱛᱮ ᱠᱟᱹᱢᱤᱫᱟᱲᱮ ᱢᱩᱫᱨᱮ ᱵᱷᱟᱨᱥᱚᱢᱟᱱᱚᱜ ᱥᱮᱡᱜᱤ ᱡᱟᱹᱥᱛᱤᱠᱟᱭᱛᱮ ᱡᱷᱩᱠᱟᱹᱜ ᱠᱟᱱᱟ ᱟᱨ ᱞᱟᱭᱚᱝ ᱞᱮᱠᱟᱛᱮ ᱠᱟᱹᱢᱤᱫᱟᱲᱮ ᱥᱟᱸᱣ ᱛᱮ ᱩᱝᱠᱩᱣᱟᱜ ᱜᱟᱯᱟᱞ ᱢᱟᱨᱟᱣ ᱠᱤᱪᱷᱤᱴᱟᱜᱼᱮ ᱱᱤᱦᱟᱹᱛᱮᱫᱟ ᱾
फिल्म के छूट जाने के दस साल बाद, आरबाज खान ने एक इंटरव्यू में कहा कि फिल्म का बजट 30 पाउंड से लेकर 2020 में 57 लाख डॉलर के लिए तैयार कर दिया गया था।	ᱪᱤᱛᱟᱹᱨᱴᱟᱜ ᱪᱷᱟᱹᱲ ᱧᱟᱢ ᱑᱐ ᱥᱮᱨᱢᱟ ᱛᱟᱭᱚᱢ ᱟᱨᱵᱟᱡ ᱠᱷᱟᱱ ᱢᱤᱫᱴᱟᱝ ᱠᱩᱠᱞᱤᱨᱚᱯᱚᱲᱨᱮᱭ ᱢᱮᱱᱞᱮᱫᱟ ᱡᱮ, ᱪᱤᱛᱟᱹᱨ ᱨᱮᱭᱟᱜ ᱵᱟᱡᱮᱴ ᱓᱐ ᱠᱳᱴᱤ (᱒᱐᱒᱐ ᱥᱟᱞᱨᱮ ᱕᱗ ᱠᱳᱴᱤ ᱴᱟᱠᱟ ᱥᱮ ᱗ ᱠᱳᱴᱤ ᱒ ᱞᱚᱠᱠᱷᱚ ᱢᱟᱨᱠᱤᱱ ᱰᱚᱞᱟᱨ ᱥᱚᱢᱟᱱ) ᱠᱷᱚᱱ ᱔᱙ ᱠᱳᱴᱤᱨᱮ (᱒᱐᱒᱐ ᱥᱟᱞᱨᱮ ᱙᱓ ᱠᱳᱴᱤ ᱥᱮ ᱑᱒ ᱠᱳᱴᱤ ᱢᱟᱨᱠᱤᱱ ᱰᱚᱞᱟᱨ ᱥᱚᱢᱟᱱ) ᱵᱟᱲᱦᱟᱣ ᱦᱩᱭᱞᱮᱱᱟ ᱡᱟᱦᱟᱸ ᱦᱚᱛᱮᱛᱮ ᱩᱱᱤᱭᱟᱜ ᱠᱤᱪᱷᱩ ᱞᱚᱠᱥᱟᱱ ᱦᱩᱭᱞᱮᱱᱟ, ᱛᱚᱵᱮ ᱵᱟᱝᱦᱩᱫᱤᱥᱟᱱᱟᱜ ᱩᱛᱷᱱᱟᱹᱣ ᱛᱟᱭᱚᱢ ᱩᱱᱤ ᱫᱚ ᱥᱟᱞᱢᱟᱱ ᱠᱷᱟᱱᱟᱜ ᱠᱩᱲᱟᱹᱭᱮ ᱮᱢᱟᱫᱤᱛᱟᱦᱮᱸᱠᱟᱱᱟ ᱾
इस भ्रम को हटाने के लिए, एक व्यक्‍ति बिना किसी स्वार्थ के शपथ लेता है और आत्मा की परिपूर्णता को समझता है ।	ᱱᱚᱶᱟ ᱦᱤᱫᱤᱡ ᱚᱪᱚᱜ ᱞᱟᱹᱜᱤᱫ, ᱡᱟᱸᱦᱟᱭ ᱵᱮᱜᱚᱨᱼᱚᱨᱡᱚᱱᱟᱱ ᱠᱤᱨᱭᱟᱹᱭ ᱦᱟᱛᱟᱣ ᱟᱠᱟᱫᱟ ᱟᱨ ᱟᱸᱛᱛᱟ ᱨᱮᱭᱟᱜ ᱯᱮᱨᱮᱡ ᱯᱩᱨᱩᱱᱮ ᱟᱹᱭᱠᱟᱹᱣᱼᱟ ᱾
यह दुनिया भर में सांस्कृतिक और राजनीतिक प्रवृत्तियों का एक समूह था।	ᱱᱚᱶᱟ ᱫᱚ ᱛᱟᱦᱮᱸ ᱠᱟᱱᱟ ᱡᱮᱜᱮᱫ ᱡᱟᱠᱟᱫ ᱞᱟᱠᱪᱟᱨ ᱟᱨ ᱨᱟᱡᱽ ᱟᱹᱨᱤ ᱮᱥᱮᱨ ᱨᱮᱭᱟᱜ ᱢᱤᱫᱴᱟᱝ ᱥᱮᱴ ᱾
अगर तुम्हें लगता है कि तरह लगता है.	ᱟᱢ ᱡᱩᱫᱤ ᱱᱚᱝᱠᱟ ᱞᱮᱠᱟᱛᱮᱢ ᱩᱭᱦᱟᱹᱨᱟ ᱾
और अपने पहले प्रश्न का उत्तर देने के लिए	ᱟᱨ ᱟᱢᱟᱜ ᱢᱟᱲᱟᱝ ᱨᱮᱭᱟᱜ ᱠᱩᱠᱞᱤ ᱛᱮᱞᱟ ᱮᱢ
जैसे एक-दूसरे से दूर बसें अकसर पूरी होती हैं, पहले से कुछ दिनों में टिकट खरीदने के लिए उचित है.	ᱪᱮᱫᱟᱜ ᱥᱮ ᱤᱱᱴᱨᱟ-ᱰᱤᱥᱴᱨᱤᱠ ᱵᱟᱥ ᱠᱚ ᱯᱮᱨᱮᱡᱽ ᱜᱮ ᱛᱟᱦᱮᱸᱱᱟ, ᱚᱱᱟᱛᱮ ᱯᱚᱨᱟᱢᱮᱥ ᱮᱢ ᱦᱩᱭᱩᱜ ᱠᱟᱱᱟ ᱞᱟᱦᱟ ᱠᱷᱚᱱ ᱴᱤᱠᱤᱴ ᱦᱟᱛᱟᱣ ᱫᱚᱦᱚ ᱨᱮᱭᱟᱜ᱾
वर्तमान खाते शेष राशि तब व्यापार संतुलन धन योग (जैसे कि ब्याज और कर्मचारियों के रूप में ब्याज और ऋणों को दूर करने के लिए) और विदेश से लेन्स (जैसे कि विदेशी सहायता के रूप में), जो आम तौर पर कुल संख्या का छोटा भाग हैं.	ᱠᱟᱨᱮᱱᱴ ᱮᱠᱟᱣᱩᱱᱴ ᱵᱮᱞᱮᱱᱥ ᱫᱚ ᱩᱱᱚᱠᱛᱮ ᱵᱟᱹᱱᱤᱡ ᱵᱮᱞᱮᱱᱥ ᱟᱨ ᱱᱮᱴ ᱯᱷᱮᱠᱴᱚᱨ ᱨᱳᱡᱜᱟᱨ (ᱡᱮᱞᱮᱠᱟ ᱵᱤᱫᱮᱥᱤ ᱵᱤᱱᱤᱭᱳᱜ ᱥᱮ ᱠᱟᱹᱢᱤᱭᱟᱹᱠᱩᱣᱟᱜ ᱠᱩᱞᱠᱟᱹᱣᱰᱤ ᱠᱷᱚᱱ ᱥᱩᱫ ᱟᱨ ᱞᱟᱵᱷ ᱦᱤᱸᱥ) ᱟᱨ ᱵᱤᱫᱟᱹᱥ ᱠᱷᱚᱱ ᱩᱪᱟᱹᱲ (ᱡᱮᱞᱮᱠᱟ ᱵᱤᱫᱟᱹᱥ ᱨᱮᱭᱟᱜ ᱜᱚᱲᱚ), ᱡᱟᱦᱟᱸ ᱫᱚ ᱥᱟᱫᱷᱟᱨᱚᱱ ᱞᱮᱠᱟᱛᱮ ᱜᱩᱴ ᱨᱮᱭᱟᱜ ᱢᱤᱫᱴᱟᱝ ᱠᱟᱹᱴᱤᱡᱽ ᱦᱤᱸᱥ ᱠᱩᱴᱨᱟᱹ ᱠᱟᱱᱟ ᱾
मेरे पास पैंसठ किताब हैं।	ᱤᱧ ᱴᱷᱮᱱ ᱛᱩᱨᱩᱭ ᱜᱮᱞ ᱢᱚᱬᱮ ᱜᱚᱴᱟᱝ ᱠᱤᱛᱟᱯ ᱢᱮᱱᱟᱜᱼᱟ ᱠᱚᱣᱟ।
अंतरिक्ष अन्वेषण के साथ आने वाले संसाधनों की बर्बादी और पर्यावरण को संभावित नुकसान से मुझे घृणा होती है।	ᱤᱧ ᱫᱚ ᱫᱩᱨᱤᱵ ᱨᱮᱭᱟᱜ ᱱᱚᱥᱴᱚᱭ ᱟᱨ ᱡᱮᱜᱮᱫ ᱥᱮᱨᱢᱟ ᱠᱷᱚᱸᱫᱨᱚᱱ ᱥᱟᱣ ᱦᱤᱡᱩᱜ ᱠᱟᱱ ᱞᱟᱭᱚᱝ ᱨᱮᱭᱟᱜ ᱦᱩᱭ ᱫᱟᱲᱮᱭᱟᱜ ᱱᱟᱥᱟᱣ ᱧᱮᱞᱛᱮᱧ ᱟᱹᱲᱤᱥ ᱟᱠᱟᱱᱟ ᱾
बुधवार की घटना के अलावा, कार्टिडो दो अलग - अलग जातियों में जी रहा था ।	ᱥᱟᱹᱜᱩᱱ ᱢᱟᱦᱟᱸ ᱨᱮᱱᱟᱜ ᱜᱷᱚᱴᱚᱱ ᱥᱟᱦᱟ ᱨᱮ, ᱠᱟᱨᱯᱮᱱᱰᱚ ᱪᱮᱢᱯᱤᱭᱚᱱ ᱥᱤᱯ ᱨᱮ ᱵᱟᱨᱭᱟ ᱟᱹᱯᱱᱟᱹᱛ ᱫᱟᱹᱲ ᱨᱮ ᱵᱷᱟᱜ ᱦᱟᱛᱟᱣ ᱠᱮᱫᱟ᱾
कोडेसा (CODESA) ने हिंसा का समाधान खोजने के लिए काम किया।	ᱠᱳᱰᱮᱥᱟ ᱫᱚ ᱦᱤᱸᱥᱟᱹ ᱨᱮᱭᱟᱜ ᱥᱚᱞᱦᱮ ᱛᱚᱞᱟᱥ ᱞᱟᱹᱜᱤᱫ ᱠᱚ ᱠᱟᱹᱢᱤ ᱠᱟᱱᱟ ᱾
और सबसे अद्भुत चित्रों के लिए बंद कर देते हैं.	ᱟᱨ ᱡᱚᱛᱚᱠᱷᱚᱱ ᱦᱟᱦᱟᱲᱟ ᱟᱱᱟᱜ ᱪᱤᱛᱟᱹᱨ ᱞᱟᱹᱜᱤᱫ ᱛᱤᱸᱜᱩᱭ ᱢᱮ ᱾
सन्‌ 2010 के चुनाव से पहले 1,400 लोगों की गिनती बढ़ने लगी ।	᱒᱐᱑᱐ ᱨᱮᱭᱟᱜ ᱥᱚᱝᱜᱷᱤᱭᱚ ᱪᱩᱱᱟᱹᱣ ᱡᱷᱚᱜ, ᱑,᱔᱐᱐ ᱦᱚᱲ ᱠᱷᱚᱱ, ᱡᱟᱦᱟᱸᱭ ᱚᱥᱴᱨᱮᱞᱤᱭᱟ ᱨᱮᱭᱟᱜ ᱜᱚᱬᱨᱟᱡᱭᱚ ᱛᱮᱭᱟᱨ ᱨᱮᱭᱟᱜ ᱵᱤᱨᱚᱫᱷ ᱮᱫ ᱛᱟᱦᱮᱸᱡ ᱠᱚ, ᱒᱐᱐᱘ ᱨᱮ ᱘ ᱥᱚᱛ ᱠᱚ ᱰᱷᱮᱨ ᱮᱱᱟ ᱠᱚ᱾
याद रखिए कि हालाँकि मुख्य चरणों में संगीत समाप्त हो गया हो, लेकिन शायद पर्व के कुछ भाग हों जो रात को देर तक संगीत बजाना जारी रखेंगे ।	ᱢᱚᱱᱮ ᱫᱚᱦᱚᱭ ᱢᱮ ᱡᱮ ᱢᱮᱱᱠᱷᱟᱱ ᱢᱩᱠ ᱪᱟᱨᱚᱬ ᱨᱮ ᱥᱮᱨᱮᱧ ᱪᱟᱵᱟ ᱫᱟᱲᱮᱭᱟᱜᱼᱟ, ᱛᱮᱣᱦᱟᱹᱨ ᱨᱮᱭᱟᱜ ᱚᱱᱩᱵᱷᱟᱜ ᱦᱩᱭ ᱫᱟᱲᱮᱭᱟᱜᱼᱟ ᱡᱟᱦᱟᱸᱭ ᱫᱚ ᱟᱹᱭᱩᱵ ᱥᱟᱨᱟ ᱥᱟᱨᱮᱧ ᱮᱱᱮᱡᱟᱭ᱾
लिखने के लिए शीर्षक-लॉग प्रोटोकॉल सुनिश्चित करता है कि अगर क्रैश हो जाए, एक बहाल प्रक्रिया हो सकती है, लॉग से परामर्श कर सभी पूर्ण और फिर से कक्ष भंडार में परिवर्तन और या तो पुराने मूल्यों को बहाल करने के लिए उन्हें नए मान के रूप में सेट करने के लिए.	ᱨᱟᱭᱤᱴᱼᱮᱱᱰᱼᱞᱚᱜᱽ ᱯᱨᱳᱴᱳᱠᱚᱞ ᱴᱷᱟᱹᱣᱠᱟᱹ ᱜᱚᱴᱟᱭᱟ ᱡᱩᱫᱤ ᱡᱟᱦᱟᱸᱱ ᱠᱨᱟᱥ ᱜᱷᱚᱴᱟᱣᱚᱜᱼᱟ, ᱢᱤᱫᱴᱟᱝ ᱫᱚᱦᱲᱟᱠᱟᱨᱛᱮ ᱯᱟᱱᱛᱷᱟ ,ᱞᱚᱜᱽ ᱥᱟᱶᱛᱮ ᱥᱟᱞᱦᱟᱭ ᱮᱢᱚᱜᱼᱟ ,ᱯᱟᱱᱛᱷᱟᱥᱮᱫ ᱛᱮ ᱥᱮᱞ ᱥᱴᱳᱨᱮᱡᱽ ᱥᱟᱱᱟᱢᱟᱜ ᱡᱚᱥᱠᱚ ᱯᱟᱡᱟᱸ ᱧᱟᱢ ᱫᱟᱲᱮᱭᱟᱜᱼᱟ ᱟᱨ ᱦᱳᱭ ᱫᱟᱲᱮᱭᱟᱜᱼᱟ ᱚᱱᱟ ᱨᱮᱠᱚᱨᱰ ᱠᱚ ᱢᱟᱨᱮᱭᱟᱜ ᱢᱟᱱᱠᱚ ᱫᱚᱦᱲᱟᱠᱟᱨᱛᱮ ᱠᱚ ᱨᱩᱣᱟᱹᱲ ᱫᱟᱲᱮᱭᱟᱜᱼᱟ ᱥᱮ ᱚᱱᱟᱠᱚᱫᱚ ᱱᱟᱣᱟᱱᱟᱜ ᱢᱟᱱ ᱠᱚ ᱥᱮᱴ ᱫᱟᱲᱮᱭᱟᱜᱼᱟ ᱾ ᱞᱟᱠᱛᱤ ᱦᱳᱭᱞᱮᱱᱠᱷᱟᱱ ᱾
अब मुझे याद है!	ᱱᱤᱛᱚᱜᱽᱤᱧ ᱫᱤᱥᱟᱹᱭᱮᱫᱟ !
मेरे पास दस तेल हैं।	ᱤᱧ ᱴᱷᱮᱱ ᱜᱮᱞ ᱜᱚᱴᱟᱝ ᱛᱮᱞ ᱢᱮᱱᱟᱜᱼᱟ ᱠᱚᱣᱟ।
अप्रैल 2020 के शुरूआत में जॉन नॉक्सगांग ने दो फ्रांसीसी वैज्ञानिकों द्वारा निन्दा की, प्रोफेसर जीन-डेरा और केकच ने सुझाव दिया कि एक संभावित टी. बी.	ᱮᱯᱨᱤᱞ ᱒᱐᱒᱐ᱼᱨᱮ ᱮᱛᱚᱦᱚᱯ ᱥᱮᱡᱽ, ᱚᱫᱷᱤᱠᱚᱨᱛᱟ ᱠᱚᱨᱚᱱᱟ ᱵᱷᱟᱭᱨᱟᱥ ᱞᱟᱹᱜᱤᱫ ᱡᱚᱠᱠᱷᱟ ᱨᱮᱭᱟᱜ ᱦᱩᱭᱫᱟᱲᱮᱭᱟᱜ ᱢᱤᱫᱴᱟᱝ ᱴᱤᱠᱟᱹ ᱟᱯᱷᱨᱤᱠᱟᱨᱮ ᱵᱤᱰᱟᱹᱣ ᱥᱟᱛᱟᱢᱨᱮ ᱵᱟᱨᱦᱚᱲ ᱯᱷᱚᱨᱟᱥᱤ ᱥᱟᱲᱮᱥᱤᱭᱟᱹ ᱥᱟᱪᱮᱫ ᱡᱟᱸ ᱯᱚᱞ ᱢᱤᱨᱟ ᱟᱨ ᱠᱮᱢᱤᱞ ᱞᱚᱠᱷᱴᱼᱟᱜ ᱨᱚᱲᱨᱮᱭᱟᱜ ᱵᱤᱨᱟᱹᱫᱠᱟᱛᱮ ᱰᱟᱠᱴᱟᱨ ᱡᱚᱱ ᱠᱮᱸᱜᱟᱥᱚᱝ ᱩᱱᱤ "ᱟᱹᱲᱤᱥᱟᱱᱟᱜ ᱟᱨ ᱡᱟᱹᱛᱤᱭᱟᱹᱨᱤᱵᱤᱨᱩᱫᱟᱱᱟᱜ" ᱢᱮᱱᱛᱮᱭ ᱢᱮᱱᱞᱮᱫᱟ ᱾
ओह, मैं देख रहा हूँ.	ᱳᱦ, ᱵᱩᱡᱷᱟᱹᱣ ᱟᱠᱟᱫᱟᱹᱧ, ᱱᱚᱶᱟᱫᱚ ᱪᱮᱫ ᱵᱮᱜᱚᱨ ᱥᱤᱸᱲᱤᱪᱼᱟᱱ ᱠᱟᱱᱟ ?
उन्होंने 11 सितंबर के षड्यंत्र सिद्धांतों के बारे में पुस्तकें लिखी हैं।	ᱩᱱᱤ ᱫᱚ ᱑᱑ ᱥᱮᱯᱴᱮᱢᱵᱚᱨ ᱥᱚᱲᱚᱡᱚᱱᱛᱨᱚ ᱛᱮᱛᱮᱫ ᱤᱫᱤ ᱠᱟᱛᱮ ᱯᱚᱛᱚᱵ ᱮ ᱚᱞ ᱞᱮᱫᱟ ᱾
तीन	ᱯᱮ
मास्क और सामाजिक हस्तक्षेप अब भी लागू होगा ।	ᱢᱟᱥᱠ ᱦᱚᱨᱚᱜ ᱟᱨ ᱥᱳᱥᱟᱞ ᱰᱤᱥᱴᱮᱱᱥᱤᱝ ᱱᱤᱭᱚᱢ ᱫᱚ ᱱᱤᱛᱦᱚᱸ ᱞᱟᱹᱜᱩᱼᱟ ᱾
यदि आपका बच्चा भाग नहीं लेता है, तो हमारे नृत्य विद्यालय को अगले वर्ष नए प्रतिभागियों को प्रवेश देने की अनुमति नहीं दी जाएगी। भागीदारी निःशुल्क है।	ᱡᱩᱫᱤ ᱟᱢᱨᱮᱱ ᱜᱤᱫᱽᱨᱟᱹ ᱵᱟᱭ ᱥᱮᱞᱮᱫᱚᱜᱼᱟ, ᱮᱱᱠᱷᱟᱱ ᱟᱞᱮᱭᱟᱜ ᱮᱱᱮᱪ ᱟᱥᱲᱟ ᱨᱮ ᱫᱚᱥᱟᱨ ᱥᱮᱨᱢᱟ ᱱᱟᱶᱟ ᱟᱪᱮᱫ ᱠᱚ ᱵᱷᱚᱨᱛᱤ ᱨᱮᱭᱟᱜ ᱥᱟᱹᱠᱭᱟᱹᱛ ᱵᱟᱝ ᱧᱟᱢᱼᱟ ᱾ ᱵᱤᱱ ᱜᱚᱱᱚᱝᱛᱮ ᱥᱮᱞᱮᱫᱚᱜ ᱾
वह इंस्पेक्टर मोंटाल्बानो अपराध उपन्यास श्रृंखला लिखने के लिए जाने जाते थे।	ᱩᱱᱤ ᱫᱚ ᱮᱱᱥᱯᱮᱠᱴᱚᱨ ᱢᱚᱱᱴᱟᱞᱚᱵᱟᱱᱳ ᱠᱨᱟᱭᱢ ᱜᱟᱢᱟᱢ ᱥᱤᱨᱤᱡ ᱚᱞ ᱠᱷᱟᱹᱛᱤᱨ ᱩᱯᱨᱩᱢᱮ ᱛᱟᱦᱮᱸ ᱠᱟᱱᱟ ᱾
अगर आपने फिल्म के राष्ट्रीय खज़ाने को देखा है, तो आप शायद सोचें कि आज़ादी पाने की घोषणा के पीछे एक खज़ाना नक्शा लिखा गया है ।	ᱡᱩᱫᱤ ᱟᱢ ᱯᱷᱤᱞᱢ ᱡᱟᱹᱛᱤᱭᱟᱹᱨᱤ ᱴᱤᱡᱟᱨ ᱧᱮᱞ ᱟᱠᱟᱫᱟᱢ, ᱟᱢ ᱩᱭᱦᱟᱹᱨ ᱫᱟᱲᱮᱭᱟᱜ ᱟᱢ ᱯᱷᱨᱜᱟᱹᱞ ᱨᱮᱱᱟᱜ ᱰᱮᱠᱞᱟᱨᱮᱥᱟᱱ ᱞᱟᱹᱜᱤᱫ ᱴᱤᱡᱟᱨ ᱢᱮᱯ ᱚᱞ ᱦᱩᱭ ᱞᱮᱱ ᱛᱟᱦᱮᱸ ᱠᱟᱱᱟ᱾
उन्होंने उत्तरी इटली के कई अन्य कलाकारों की आत्मकथाएँ भी शामिल कीं।	ᱩᱱᱤ ᱫᱚ ᱩᱛᱛᱚᱨ ᱤᱛᱟᱹᱞᱤ ᱨᱮᱭᱟᱜ ᱮᱴᱟᱜ ᱮᱴᱟᱜ ᱠᱟᱹᱨᱤᱜᱚᱞ ᱠᱚᱣᱟᱜ ᱡᱤᱭᱚᱱ ᱨᱮᱦᱚᱸᱭ ᱥᱮᱞᱮᱫ ᱞᱮᱫᱟ ᱾
मध्य आदेश दोस्तों, Scutin Tutio और राहुल डॉव्ड, अच्छी तरह से काम किया और एक सौ रन साझेदारी का हिस्सा बनाया.	ᱛᱟᱞᱟᱨᱤᱱ ᱵᱟᱞᱞᱮᱵᱟᱡ ᱥᱟᱪᱤᱱ ᱛᱮᱸᱫᱩᱞᱠᱟᱨ ᱟᱨ ᱨᱟᱦᱩᱞ ᱫᱽᱨᱟᱣᱤᱲ ᱠᱤᱱ ᱱᱟᱯᱟᱭ ᱯᱚᱨᱫᱚᱨᱥᱚᱱ ᱠᱚᱨᱟᱣ ᱛᱩᱞᱩᱡ ᱢᱤᱫ ᱥᱟᱭ ᱨᱚᱱ ᱨᱮᱱᱟᱜ ᱥᱟᱡᱷᱟ ᱠᱮᱫᱟ᱾
एक है जो भविष्य में मदद का होगा.	ᱡᱟᱦᱟᱸ ᱟᱜᱟᱢ ᱨᱮ ᱥᱚᱦᱚᱫᱤᱡ ᱦᱩᱭᱩᱜᱼᱟ ᱾
मेरे पास पाँच चावल हैं।	ᱤᱧ ᱴᱷᱮᱱ ᱢᱚᱬᱮ ᱜᱚᱴᱟᱝ ᱪᱟᱣᱞ ᱢᱮᱱᱟᱜᱼᱟ ᱠᱚᱣᱟ।
यह सब ब्लैक्स के लिए अंतिम मैच था, जो पहले से ही टाइटे को जीत लिया था दो सप्ताह पहले.	ᱱᱚᱶᱟ ᱟᱹᱞ ᱵᱽᱞᱮᱠᱥ ᱞᱟᱹᱜᱤᱫ ᱢᱩᱪᱟᱹᱫ ᱯᱮᱭᱪ ᱛᱟᱦᱮᱸ ᱠᱟᱱᱟ, ᱡᱟᱦᱟᱸ ᱫᱚ ᱯᱟᱹᱦᱤᱞ ᱠᱷᱚᱱ ᱛᱟᱦᱮᱸ ᱠᱟᱱᱟ ᱵᱟᱨ ᱦᱟᱯᱛᱟ ᱞᱟᱦᱟ ᱴᱨᱳᱯᱷᱤ ᱡᱤᱛᱠᱟᱹᱨ ᱦᱩᱭ ᱞᱮᱱᱟ᱾
मैं सिर्फ पास के गाँव से लौट आया	ᱥᱩᱨ ᱟᱛᱩ ᱠᱷᱚᱱ ᱱᱮᱜᱼᱮ ᱜᱮᱧ ᱨᱩᱣᱟᱹᱲ ᱦᱮᱡ ᱟᱠᱟᱱᱟ ᱾
मैं वहाँ हर दूसरे सुबह फुटबॉल खेलने के लिए जाना	ᱤᱧ ᱫᱤᱱᱟᱹᱢᱜᱮ ᱥᱮᱛᱟᱜᱨᱮ ᱚᱸᱰᱮ ᱯᱷᱩᱴᱵᱚᱞ ᱠᱷᱮᱞᱚᱜ ᱤᱧ ᱪᱟᱞᱟᱜᱼᱟ ᱾
शर्ट की फिटिंग बहुत अच्छी है। यह मुझे और अधिक सुंदर बनाती है।	ᱟᱸᱜᱨᱚᱯ ᱨᱮᱭᱟᱜ ᱯᱷᱤᱴ ᱫᱚ ᱟᱹᱰᱤ ᱢᱚᱡ ᱾ ᱱᱚᱣᱟ ᱛᱮᱫᱚ ᱤᱧ ᱟᱹᱫᱤ ᱪᱮᱦᱨᱟᱧ ᱥᱟᱡᱟᱜᱼᱟ ᱾
मेरे पास छियानवे फल हैं।	ᱤᱧ ᱴᱷᱮᱱ ᱱᱟᱭ ᱜᱮᱞ ᱛᱩᱨᱩᱭ ᱜᱚᱴᱟᱝ ᱯᱟᱹᱨᱟᱹ ᱢᱮᱱᱟᱜᱼᱟ ᱠᱚᱣᱟ।
मैं यह फुटबॉल मैच देखने के लिए बहुत उत्साहित हूँ! यह एक शानदार खेल होने वाला है।	ᱤᱧ ᱱᱚᱣᱟ ᱯᱷᱩᱴᱵᱚᱞ ᱢᱮᱪ ᱧᱮᱞ ᱞᱟᱹᱜᱤᱫ ᱛᱮᱧ ᱦᱟᱠᱚᱯᱟᱠᱚᱜ ᱠᱟᱱᱟ ! ᱱᱚᱣᱟ ᱫᱚ ᱢᱤᱫᱴᱟᱝ ᱢᱟᱨᱟᱝ ᱠᱷᱮᱞ ᱦᱩᱭᱩᱜ ᱛᱮ ᱪᱟᱞᱟᱜ ᱠᱟᱱᱟ ᱾
ये तीन बड़े - बड़े जाल हैं ।	ᱚᱱᱚᱞ, ᱜᱟᱭᱟᱱ ᱟᱨ ᱚᱱᱚᱬᱦᱮ ᱱᱚᱶᱟᱠᱚ ᱯᱮᱭᱟ ᱫᱷᱟᱨᱟ ᱿
आमेल और हागाब के सुनहरे मंदिर में कुछ उदाहरण हैं ।	ᱫᱟᱹᱭᱠᱟᱹᱠᱩ ᱫᱚ ᱦᱩᱭᱩᱜᱽᱠᱟᱱᱟ ᱚᱢᱨᱤᱛᱥᱚᱨ ᱨᱮᱭᱟᱜ ᱥᱚᱱᱟᱢᱟᱹᱱᱫᱤᱨ ᱟᱨ ᱦᱩᱡᱩᱨ ᱥᱟᱦᱤᱵ ᱾
मेरे पास सात शब्द हैं।	ᱤᱧ ᱴᱷᱮᱱ ᱮᱭᱟᱭ ᱜᱚᱴᱟᱝ ᱥᱚᱵᱚᱫ ᱢᱮᱱᱟᱜᱼᱟ ᱠᱚᱣᱟ।
एक छोटे बच्चे के रूप में, मैं थिएटर में 70 मिमी स्क्रीन पर अपनी पसंदीदा फिल्में देखने के लिए उत्सुक रहता था।	ᱢᱤᱫᱴᱟᱝ ᱠᱟᱹᱴᱤᱡ ᱜᱤᱫᱽᱨᱟᱹ ᱞᱮᱠᱟᱛᱮ, ᱤᱧ ᱢᱤᱫᱴᱟᱝ ᱛᱷᱤᱭᱮᱴᱟᱨ ᱨᱮ ᱗᱐ ᱢᱤᱢᱤ ᱥᱠᱨᱤᱱ ᱨᱮ ᱤᱧᱟᱹᱜ ᱥᱚᱨᱮᱥ ᱥᱤᱱᱮᱢᱟ ᱧᱮᱧᱮᱞ ᱛᱟᱸᱜᱤᱨᱤᱧ ᱛᱟᱦᱮᱱ ᱛᱟᱦᱮᱸ ᱾
क्या आप कृपया मुझे वेबसाइट पर एक लिंक भेज सकते हैं क्या हो सकता है?	ᱟᱢ ᱪᱮᱫ ᱦᱳᱣᱟᱴᱥᱮᱯ ᱨᱮ ᱳᱭᱮᱵᱥᱟᱭᱤᱴ ᱨᱮᱭᱟᱜ ᱢᱤᱫᱴᱟᱝ ᱞᱤᱝᱠ ᱮᱢ ᱠᱳᱞ ᱫᱟᱲᱮᱭᱟᱹᱧᱟᱹ ?
पांच	ᱢᱚᱬᱮ
आप कैसे हैं?	ᱮᱭ ᱰᱤᱢᱯᱤ, ! ᱪᱮᱫ ᱞᱮᱠᱟ ᱢᱤᱱᱟᱢᱟ ?
ऐसा करके उन्होंने अधिकांश लड़ाइयाँ जीत ली थीं।	ᱱᱚᱣᱟ ᱠᱚᱨᱟᱣ ᱠᱟᱛᱮᱫ ᱩᱝᱠᱩ ᱫᱚ ᱰᱷᱮᱨ ᱩᱛᱟᱹᱨ ᱞᱟᱹᱲᱦᱟᱹᱭ ᱨᱮᱜᱮ ᱠᱚ ᱡᱤᱛᱠᱟᱹᱨ ᱞᱮᱱᱟ ᱾
मुझे लगता है कि मैं उसे अपने इतिहास में और CAF पुस्तक में देखा है।	ᱤᱧ ᱫᱤᱥᱟᱹᱭᱟ ᱤᱧ ᱫᱚ ᱱᱟᱜᱟᱢ ᱯᱚᱛᱚᱵ ᱟᱨ ᱱᱟᱜᱟᱨᱤᱭᱟᱹ ᱥᱟᱸᱬᱮᱥ ᱨᱮ ᱧ ᱧᱮᱞᱟᱠᱟᱫᱟ ᱾
मैं एक फोटो के लिए महल तक पहुँचने के लिए एक अनुरोध के लिए कॉल कर रहा हूँ.	ᱢᱤᱫᱴᱟᱝ ᱯᱷᱚᱴᱳ ᱥᱩᱴ ᱞᱟᱹᱜᱤᱫ ᱫᱚᱞᱟᱱᱨᱮ ᱵᱚᱞᱚᱱ ᱞᱟᱹᱜᱤᱫ ᱯᱳᱱ ᱛᱮᱧ ᱱᱮᱦᱚᱨ ᱮᱫᱟ ᱾
ओह, मुझे नहीं पता था कि यह बेटा चैनल पर उपलब्ध था।	ᱳᱦ, ᱤᱧ ᱵᱟᱹᱧ ᱵᱟᱲᱟᱭ ᱠᱟᱱ ᱛᱟᱦᱮᱸ ᱡᱮ ᱱᱚᱶᱟᱫᱚ ᱥᱳᱱᱤ ᱪᱮᱱᱮᱞᱨᱮ ᱧᱟᱢᱚᱜᱼᱟ ᱾
आर्मेनियाई भाषा अपनी स्वयं की आर्मेनियाई वर्णमाला का उपयोग करती है, जिसका आविष्कार 405 ईस्वी में हुआ था।	ᱩᱱᱤ ᱫᱚ ᱟᱡ ᱨᱮᱱ ᱮᱨᱟ ᱮᱹᱱ ᱥᱩᱞᱜᱤᱱ ᱫᱟᱨᱟᱭᱛᱮᱭ ᱵᱟᱸᱧᱪᱟᱣ ᱞᱮᱱᱟ ᱾
हम खासकर प्रतिबंधन पेड़ लगाना होगा.	ᱟᱵᱩ ᱫᱚ ᱢᱩᱰᱩᱛ ᱞᱮᱠᱟᱛᱮ ᱵᱟᱲᱮ ᱫᱟᱨᱤᱵᱩᱱ ᱨᱚᱦᱚᱭᱟ ᱾
फ्रांसीसी बसने वालों ने 1863 में इस क्षेत्र में अंगूर की बेलें लगाईं।	ᱯᱷᱚᱨᱟᱥᱤ ᱜᱤᱨᱟᱹᱵᱟᱥ ᱛᱷᱟᱯᱚᱱᱟᱱ ᱠᱚ ᱑᱘᱖᱓ ᱥᱟᱞ ᱨᱮ ᱱᱚᱶᱟ ᱴᱚᱴᱷᱟᱨᱮ ᱟᱹᱜᱩᱨ ᱨᱮᱭᱟᱜ ᱱᱟᱹᱲᱤ ᱠᱚ ᱨᱚᱦᱚᱭ ᱞᱮᱫᱟ ᱾
इनमें शिकार, मछली, फोटोग्राफी, पक्षी देख - रेख और पर्यावरण के बारे में जानकारी का अध्ययन करने की मिसालें शामिल हैं ।	ᱥᱟᱭᱤᱴ ᱠᱟᱹᱢᱤᱠᱟᱹᱥᱱᱤᱠᱚ ᱨᱮᱱᱟᱜ ᱫᱟᱹᱭᱠᱟᱹ ᱠᱚᱨᱮ ᱥᱮᱸᱫᱽᱨᱟ, ᱦᱟᱹᱠᱩ ᱥᱟᱵ, ᱯᱷᱚᱴᱚᱜᱨᱟᱯᱷᱤ, ᱪᱮᱬᱮ ᱪᱤᱯᱨᱩ ᱧᱮᱞ ᱟᱨ ᱯᱟᱨᱠ ᱠᱚᱨᱮ ᱫᱟᱬᱟᱱ ᱟᱨ ᱤᱠᱳᱥᱤᱥᱴᱚᱢ ᱤᱫᱤᱭᱟᱛᱮ ᱵᱟᱰᱟᱭ ᱨᱮᱱᱟᱜ ᱯᱚᱲᱦᱚᱱ ᱟᱹᱠᱤᱞ ᱥᱮᱞᱮᱫ ᱢᱮᱱᱟᱜᱼᱟI
साग्वा के फलों से बनाया हुआ एक सफेद दाखमधु Augargagalalthh से आता है और Luuuu-Suuuuuuuuuuuuu के द्वारा बनाया जाता है और हाँ.	ᱱᱟᱨᱟ ᱟᱵᱟ ᱧᱩᱛᱩᱢᱟᱱ ᱠᱤᱣᱭᱤ ᱡᱚ ᱠᱷᱚᱱ ᱵᱮᱱᱟᱣᱚᱜ ᱢᱤᱫ ᱯᱩᱸᱰ ᱳᱣᱭᱟᱭᱤᱱ ᱚᱨᱩᱱᱟᱪᱚᱞ ᱯᱨᱚᱫᱮᱥ ᱠᱷᱚᱱ ᱦᱤᱡᱩᱜ ᱟ ᱟᱨ ᱞᱟᱢᱵᱩᱼᱥᱩᱵᱩ ᱡᱚᱢᱟᱜ ᱟᱨ ᱞᱟᱛᱟᱨ ᱥᱩᱵᱟᱱᱥᱤᱨᱤ ᱦᱚᱱᱚᱛ ᱨᱮᱭᱟᱜ ᱦᱚᱝ ᱟᱛᱩ ᱨᱮᱭᱟᱜ ᱫᱟᱜ ᱛᱮ ᱵᱮᱱᱟᱜ ᱟ ᱾
वाह! यह बहुत सुंदर चित्र है सुंदरा! शाबाश।	ᱪᱮᱫ ᱢᱚᱡ ! ᱟᱹᱰᱤ ᱢᱚᱡ ᱟᱸᱠ ᱥᱩᱱᱫᱚᱨᱟ ! ᱟᱹᱰᱤ ᱢᱚᱡᱽᱮᱢ ᱠᱚᱨᱟᱣ ᱟᱠᱟᱫᱟ ᱾
मैं यह सब कैसे कर सकता हूँ?	ᱥᱟᱹᱨᱤᱜᱮ ? ᱩᱱᱠᱩ ᱠᱚ ᱠᱚᱨᱟᱣᱼᱟ ? ᱤᱧᱫᱚ ᱪᱤᱠᱟᱹᱛᱮ ᱵᱟᱹᱧ ᱵᱟᱰᱟᱭᱟ ᱾
आफ्टन, ओक्लाहोमा: आफ्टन अमेरिकी राज्य ओक्लाहोमा का एक शहर है।	ᱟᱯᱷᱴᱚᱱ, ᱳᱠᱞᱟᱦᱳᱢᱟ ᱟᱯᱷᱴᱚᱱ ᱫᱚ ᱢᱟᱨᱠᱤᱱ ᱡᱩᱠᱛᱚᱨᱟᱥᱴᱨᱚ ᱨᱮᱭᱟᱜ ᱳᱠᱞᱟᱦᱳᱢᱟ ᱯᱚᱱᱚᱛ ᱨᱮᱭᱟᱜ ᱢᱤᱫᱴᱟᱝ ᱥᱟᱦᱟᱨ ᱾
कृपया उसे दोहराएँ	ᱫᱟᱭᱟ ᱠᱟᱛᱮ ᱚᱱᱟ ᱫᱚᱦᱲᱟᱭ ᱢᱮ
क्या वह करियर अच्छा है?	ᱠᱮᱨᱤᱭᱟᱨ ᱨᱮᱭᱟᱜ ᱵᱤᱠᱚᱞᱯᱚᱠᱩ ᱪᱮᱫᱽ ᱵᱷᱟᱜᱤ ?
उन्होंने रोजगार, प्रशिक्षण और औद्योगिक संबंध नीति के क्षेत्र में काम किया।	ᱩᱱᱤ ᱫᱚ ᱠᱚᱨᱢᱚᱥᱚᱥᱛᱷᱟᱱ, ᱛᱟᱹᱞᱤᱢ ᱟᱨ ᱠᱟᱹᱨᱤ ᱤᱫᱤᱠᱟᱛᱮ ᱟᱹᱨᱤᱨᱮᱭ ᱠᱟᱹᱢᱤ ᱟᱠᱟᱫᱟ ᱾
हाँ, मैं वहाँ अध्ययन किया.	ᱦᱮᱸ, ᱤᱧ ᱚᱸᱰᱮᱧ ᱯᱟᱲᱦᱟᱣᱟᱠᱟᱱᱟ ᱾
चूँकि उत्तर अनिश्चित था, इसलिए अल्बर्टा के लिए और कोई अभियान नहीं चलाया गया।	ᱡᱮᱦᱮᱛᱩ ᱛᱮᱞᱞᱟ ᱫᱚ ᱜᱚᱴᱟᱵᱩᱴᱟᱹ ᱵᱟᱝ ᱛᱟᱦᱮᱸ ᱠᱟᱱᱟ, ᱚᱱᱟᱛᱮ ᱟᱞᱵᱟᱨᱴᱟᱨᱮ ᱟᱨ ᱪᱮᱫ ᱦᱚᱸ ᱥᱟᱸᱜᱷᱟᱨ ᱵᱟᱝ ᱛᱟᱦᱮᱸ ᱠᱟᱱᱟ ᱾
लेकिन, कुछ ही समय बाद, मैं और मेरी पत्नी ने यहोवा के साक्षियों के साथ बाइबल अध्ययन शुरू कर दिया ।	ᱥᱟᱭ ᱟᱱᱟᱜ ᱵᱷᱳᱴᱠᱚ ᱯᱩᱯᱩᱞᱟᱨ ᱯᱷᱳᱨᱥ, ᱮᱹᱟᱨᱹᱯᱤᱹᱮ, ᱵᱨᱚᱰ ᱯᱷᱚᱱᱴ ᱟᱨ ᱯᱚᱯᱩᱞᱟᱨ ᱮᱠᱥᱮᱱ ᱵᱮᱧᱪ ᱯᱟᱦᱴᱟ ᱠᱷᱚᱱ ᱦᱮᱪ ᱟᱠᱟᱱᱟ ᱾
इस तरह, वे अपनी पहचान और समाज की पहचान के लिए प्रयोगशाला की जाँच करते हैं ।	ᱯᱮᱰᱚᱱ ᱫᱚ ᱢᱚᱨᱯᱷᱚᱞᱚᱡᱤ ᱞᱮᱠᱟᱛᱮ ᱠᱷᱮᱛᱨᱚ ᱨᱮ ᱵᱚᱨᱱᱚᱱᱟᱠᱟᱱ ᱟᱨ ᱞᱮᱵᱚᱴᱟᱨᱤ ᱛᱚᱞᱟᱥ ᱨᱮ ᱞᱟᱹᱜᱤᱫ ᱱᱟᱹᱢᱩᱱᱟᱣᱟᱠᱟᱱ ᱩᱝᱠᱩᱣᱟᱜ ᱪᱟᱹᱨᱤᱛᱟᱠᱟᱱᱟᱜ ᱟᱨ ᱦᱟᱹᱴᱤᱧᱟᱠᱟᱱᱟᱜ ᱞᱟᱹᱜᱤᱫ ᱠᱟᱱᱟ ᱾
देखो वह साइकिल कितनी पुरानी है और उसकी चेन पूरी तरह से जंग खा चुकी है।	ᱧᱮᱞ ᱢᱮ, ᱚᱱᱟ ᱥᱟᱭᱠᱮᱞ ᱫᱚ ᱛᱤᱱᱟᱹᱜ ᱢᱟᱨᱮᱭᱟ ᱟᱨ ᱱᱚᱶᱟ ᱨᱮᱭᱟᱜ ᱪᱮᱱ ᱫᱚ  ᱡᱚᱝ ᱞᱟᱜᱟᱣ ᱟᱠᱟᱱᱟ ᱾
सुसान का उत्साह बढ़ गया क्योंकि उसने अपने पसंदीदा एथलीट को शानदार जीत के लिए प्रेरित किया।	ᱥᱩᱡᱚᱱᱟᱜ ᱠᱤᱥᱠᱤᱥᱟᱹᱣ ᱵᱟᱹᱲᱛᱤᱜᱼᱟ ᱡᱚᱠᱷᱚᱱ ᱩᱱᱤ ᱟᱡ ᱨᱮᱱ ᱥᱚᱨᱮᱥ ᱠᱷᱮᱞᱳᱰᱤᱭᱟᱹ ᱢᱤᱫᱴᱟᱝ ᱟᱹᱰᱤ ᱱᱟᱯᱟᱭ ᱡᱤᱛᱠᱟᱹᱨ ᱨᱮᱭᱟᱜ ᱩᱫᱜᱟᱹᱣ ᱮ ᱮᱢᱟᱭᱟ ᱾
सन्‌ 2015 में भारत के दिल्ली शहर में आम तौर पर अमीर खेल आयोजित किए गए थे ।	᱒᱐᱑᱕ ᱥᱟᱹᱦᱤᱛ ᱨᱮᱭᱟᱜ ᱠᱚᱢᱚᱱᱳᱣᱭᱮᱞᱛᱷ ᱠᱟᱨᱟᱴᱮ ᱜᱮᱢᱥ ᱵᱷᱟᱨᱚᱛ ᱨᱮᱭᱟᱜ ᱫᱤᱞᱞᱤᱨᱮ, ᱦᱩᱭᱞᱮᱱᱟ ᱾
मेरे पास छः अमरूद हैं।	ᱤᱧ ᱴᱷᱮᱱ ᱛᱩᱨᱩᱭ ᱜᱚᱴᱟᱝ ᱟᱢᱨᱩᱫ ᱢᱮᱱᱟᱜᱼᱟ ᱠᱚᱣᱟ।
उसके माता-पिता नाराज थे और उन्होंने कई दिनों तक उससे बात नहीं की।	ᱩᱱᱤ ᱨᱮᱱ ᱮᱸᱜᱟᱼᱟᱯᱟᱛ ᱫᱚ ᱟᱹᱰᱤ ᱨᱟᱹᱜᱤ ᱠᱤᱱ ᱛᱟᱦᱮᱸ ᱠᱟᱱᱟ ᱟᱨ ᱠᱤᱪᱷᱩ ᱫᱤᱱ ᱫᱷᱩᱨᱭᱟᱹ ᱩᱱᱤ ᱥᱟᱞᱟᱜ ᱵᱟᱹᱠᱤᱱ ᱨᱚᱲ ᱛᱟᱦᱮᱸ ᱾
एक व्यक्‍ति सोच सकता है कि जब नया हो तो कुंजीपट क्या हो सकता है ।	ᱡᱟᱦᱟᱸᱭ ᱥᱩᱢᱩᱝ ᱱᱚᱶᱟ ᱩᱭᱦᱟᱹᱨ ᱫᱟᱲᱮᱭᱟᱜᱼᱟᱭ ᱡᱮ ᱡᱚᱠᱷᱚᱱ ᱱᱟᱶᱟ ᱦᱤᱡᱩᱜᱼᱟ ᱛᱚᱵᱮ ᱠᱤᱵᱟᱨᱰ ᱪᱮᱫ ᱦᱩᱭᱩᱜᱼᱟ᱾
फिर एक कमीने राजा था, दारा नोहोस; नहोहो का अर्थ है किसी का बेटा, जो नाजायज़ संबंध रखता है, जैसे विलियम विजेता ।	ᱩᱱᱚᱠᱛᱮ ᱚᱱᱸᱰᱮ ᱢᱤᱫᱴᱟᱝ ᱵᱟᱥᱛᱟᱨᱰ ᱨᱟᱡᱟ, ᱫᱟᱨᱤᱭᱩᱥ ᱱᱟᱛᱷᱚᱥᱼᱮ ᱛᱟᱦᱮᱸᱠᱟᱱᱟ; ᱱᱚᱛᱷᱚᱥ ᱨᱮᱭᱟᱜ ᱢᱮᱱᱮᱫᱽ ᱫᱚ ᱣᱤᱞᱞᱤᱭᱟᱢ ᱡᱤᱛᱠᱟᱹᱨᱤᱭᱟᱹ ᱞᱮᱠᱟᱱ ᱡᱟᱦᱟᱸᱭ ᱨᱮᱱ ᱵᱤᱫᱦᱣᱟᱹ ᱜᱤᱫᱨᱟᱹ ᱦᱚᱯᱚᱱ ᱾
ऑनलाइन लागू करने की अंतिम तिथि ३१.२० थी.	ᱚᱱᱞᱟᱭᱤᱱ ᱮᱯᱞᱟᱹᱭ ᱨᱮᱭᱟᱜ ᱢᱩᱪᱟᱹᱫ ᱢᱟᱹᱦᱤᱛᱽ ᱫᱚ ᱛᱟᱦᱮᱸᱠᱟᱱᱟ ᱓᱑ᱹ᱐᱑ᱹ᱒᱐᱒᱐ ᱾
टीम प्राप्त करने के लिए गेंद को अपने अदालत के अन्दर अटकने की अनुमति नहीं चाहिए.	ᱦᱟᱛᱟᱣᱮᱫᱠᱟᱱ ᱜᱟᱫᱮᱞ ᱫᱚ ᱮᱠᱟᱞᱜᱮ ᱟᱠᱚᱣᱟᱜ ᱠᱳᱨᱭ ᱛᱟᱞᱟᱨᱮ ᱵᱚᱞ ᱵᱟᱝᱠᱚ ᱟᱴᱚᱠ ᱚᱪᱚᱭᱟ ᱾
इंसानों ने अपनी स्वार्थी ज़रूरतों के लिए जानवरों के आवासों पर अतिक्रमण किया है और उन्हें नष्ट कर दिया है।	ᱦᱚᱲ ᱟᱠᱚᱣᱟᱜ ᱟᱯᱲᱮᱭᱟᱱ ᱥᱟᱨᱛᱷᱚ ᱞᱟᱹᱜᱤᱫ ᱡᱤᱭᱟᱹᱞᱤ  ᱠᱚᱣᱟᱜ ᱛᱟᱦᱮᱸᱱ ᱴᱷᱟᱶ ᱠᱚ ᱫᱚᱠᱷᱚᱞ ᱟᱠᱟᱫᱟ ᱟᱨ ᱫᱷᱟᱥᱟᱣ ᱟᱠᱟᱫᱟ ᱾
आपके बारे में क्या?	ᱟᱢᱟᱜ ᱫᱚ ᱪᱮᱫ, ᱠᱮᱨᱟᱞᱟ ᱨᱮᱭᱟᱜ ᱟᱢᱟᱜ ᱠᱩᱥᱤ ᱞᱮᱠᱟᱱ ᱡᱚᱢᱟᱜ ᱫᱚ ᱪᱮᱫ ᱠᱟᱱᱟ ?
ᱤᱧ ᱡᱤᱞ ᱵᱟᱹᱧ ᱡᱚᱢ ᱮᱫᱟ	मैं मांस नहीं खाता
बांग्लादेशी गाँवों में ऐसे प्राकृतिक पदार्थों के बने हैं जो मिट्टी, स्टूड, लकड़ी, और फूल जैसी प्राकृतिक वस्तुओं से बने हैं ।	ᱵᱟᱝᱞᱟᱫᱤᱥᱚᱢ ᱨᱮᱭᱟᱜ ᱟᱹᱛᱩᱠᱚᱨᱮ ᱞᱚᱥᱚᱫᱦᱟᱥᱟ, ᱵᱩᱥᱩᱵ, ᱠᱟᱴ ᱟᱨ ᱢᱟᱫᱽ ᱞᱮᱠᱟᱱ ᱥᱟᱪᱟᱨᱦᱮᱫ ᱩᱯᱟᱹᱫᱟᱱ ᱛᱮ ᱵᱮᱱᱟᱣ ᱵᱩᱥᱩᱵ ᱛᱮ ᱫᱟᱵ ᱚᱲᱟᱜ ᱢᱮᱱᱟᱜᱼᱟ ᱾
मुख्य तत्त्व जल गुण को प्रभावित करते हैं	ᱫᱟᱜ ᱨᱮᱭᱟᱜ ᱜᱩᱱ ᱠᱚ ᱮᱥᱮᱨ ᱨᱮᱭᱟᱜ ᱢᱩᱲᱩᱫ ᱚᱡᱮ ᱫᱚ ᱦᱩᱭᱩᱜ ᱠᱟᱱᱟ ᱯᱩᱞᱤ ᱦᱟᱥᱟ, ᱥᱮᱭᱟᱞᱚᱢ, ᱡᱚᱨᱟ, ᱞᱮᱣᱦᱟᱼᱟᱱ ᱡᱳᱭᱵᱚ ᱯᱚᱫᱟᱨᱛᱷᱚ (ᱰᱤᱳᱮᱢ), ᱞᱚᱞᱚ ᱵᱷᱟᱯ ᱳᱰᱳᱠ, ᱫᱟᱜ ᱵᱷᱟᱥᱠᱩᱞᱟᱨ ᱚᱛᱢᱚᱱ, ᱯᱮᱛᱷᱳᱡᱮᱱ ᱟᱨ ᱥᱩᱱᱩᱢ ᱾
आप किस प्रकार के गायन की प्रतियोगिता में भाग ले रहे हैं?	ᱟᱢ ᱚᱠᱟ ᱞᱮᱠᱟᱱ ᱥᱮᱨᱮᱧ ᱨᱮᱭᱟᱜ ᱦᱮᱯᱨᱟᱣ ᱨᱮᱢ ᱥᱮᱞᱮᱫᱚᱜ ᱠᱟᱱᱟ ?
कॉमा सात कलाओं का सबसे हालिया रूप है, जिसे एक शताब्दी से ज़्यादा समय पहले मुश्किल से बनाया गया था ।	ᱥᱤᱱᱟᱹᱢᱟ ᱫᱚ ᱮᱭᱟᱭ ᱜᱚᱴᱟᱝ ᱠᱟᱹᱨᱤᱠᱩ ᱢᱩᱫᱨᱮ ᱡᱚᱛᱚᱠᱷᱚᱱ ᱱᱟᱶᱟᱱᱟᱜ, ᱡᱟᱦᱟᱸ ᱫᱚ ᱦᱟᱹᱞᱤᱜᱤ ᱞᱟᱦᱟᱱ ᱥᱚᱛᱟᱵᱫᱤᱨᱮ ᱵᱮᱱᱟᱣᱟᱠᱟᱱᱟ ᱾
हम 175,000 से 35,00/000 पर अधिकतम करने के लिए निजी Lans प्रदान करते हैं तुम्हारी क्षमता पर निर्भर.	ᱟᱞᱮᱫᱚ ᱟᱢᱟᱜ ᱡᱳᱜᱢᱟᱹᱱ ᱪᱮᱛᱟᱱ ᱴᱮᱸᱦᱟᱰ ᱠᱟᱛᱮᱜ ᱡᱚᱛᱚᱠᱷᱚᱱ ᱠᱚᱢ ᱗᱕,᱐᱐᱐ ᱠᱷᱚᱱ ᱡᱚᱛᱚᱠᱷᱚᱱ ᱰᱷᱮᱨ ᱓᱕,᱐᱐,᱐᱐᱐/ᱼ ᱦᱟᱹᱵᱤᱡᱽ ᱯᱟᱨᱥᱳᱱᱟᱞ ᱞᱳᱱ ᱮᱢ ᱦᱩᱭᱩᱜᱼᱟ ᱾
अब तुम घर जा सकते हो.	ᱟᱢᱫᱚ ᱱᱤᱛ ᱚᱲᱟᱜ ᱪᱟᱞᱟᱜ ᱢᱮ ᱾
उसने खुद को, जो उस समय बच गया था, उसकी आध्यात्मिक इच्छाओं की एक बहुत ही सजीव तसवीर पेश की ।	ᱚᱱᱟ ᱜᱷᱚᱸᱜᱚᱨ ᱜᱮ, ᱟᱠᱟ‌ᱫᱚ ᱥᱚᱢᱚᱭ ᱛᱟᱞᱟ ᱨᱮ ᱦᱩᱭ ᱞᱮᱱᱟ, ᱢᱚᱦᱚᱢᱚᱫ ᱨᱮᱭᱟᱜ ᱚᱫᱷᱟᱛᱢᱤᱠ ᱡᱷᱩᱠᱟᱹᱣ ᱨᱮᱭᱟᱜ ᱟᱹᱰᱤ ᱯᱩᱭᱥᱴᱟᱹᱣ ᱪᱷᱚᱵᱤ ᱫᱮᱠᱷᱟᱣᱮᱫᱟᱭ᱾
तो सार्वजनिक परिवहन कल द्वारा जाना.	ᱯᱟᱵᱞᱤᱠ ᱥᱟᱜᱟᱲᱚᱢᱛᱮ ᱜᱟᱯᱟ ᱪᱟᱞᱟᱜ ᱢᱮ ᱾
अंत में, हजारों या लाखों वर्षों के बाद भी, दो आबादी इतने अलग लग जाएगा कि वे एक ही प्रजाति नहीं कहा जा सकता.	ᱢᱩᱪᱟᱹᱫ ᱨᱮ, ᱢᱤᱫ ᱦᱟᱡᱟᱨ ᱟᱨᱵᱟᱝ ᱞᱟᱠᱷ~ᱞᱟᱠᱷ ᱥᱮᱨᱢᱟ ᱛᱟᱭᱚᱢ ᱵᱟᱨᱭᱟ ᱦᱚᱲ ᱡᱟᱹᱛᱤ ᱚᱝᱠᱟᱠᱤᱱ ᱵᱷᱮᱜᱟᱨᱚᱜᱼᱟ ᱡᱮ ᱩᱱᱠᱩᱱ ᱫᱚ ᱥᱚᱢᱟᱱ ᱥᱯᱤᱥᱤᱡᱽ ᱢᱮᱱᱛᱮ ᱢᱮᱱ ᱵᱟᱝ ᱜᱟᱱᱚᱜᱼᱟ᱾
1819 में, एबविले में एक व्यापारिक चौकी थी।	᱑᱘᱑᱙ ᱥᱟᱞ ᱨᱮ ᱮᱹᱵᱮᱵᱷᱤᱞ ᱫᱚ ᱢᱤᱫᱴᱟᱝ ᱴᱨᱮᱰᱤᱝ ᱯᱳᱥᱴ ᱛᱟᱦᱮᱸ ᱠᱟᱱᱟ ᱾
मैं तो याद किया.	ᱩᱱᱡᱚᱠᱷᱮᱱ ᱤᱧᱫᱚᱧ ᱯᱟᱹᱥᱩᱲ ᱟᱠᱟᱫᱟ ᱾
मेरे पास पचास पेंसिल हैं।	ᱤᱧ ᱴᱷᱮᱱ ᱢᱚᱬᱮ ᱜᱮᱞ ᱜᱚᱴᱟᱝ ᱯᱮᱱᱥᱤᱞ ᱢᱮᱱᱟᱜᱼᱟ ᱠᱚᱣᱟ।
यह 1947 में बनाए गए सबसे शुरुआती एरिया कोडों में से एक था।	ᱱᱚᱶᱟ ᱫᱚ ᱑᱙᱔᱗ ᱥᱟᱞ ᱨᱮ ᱵᱮᱱᱟᱣ ᱢᱤᱫᱴᱟᱝ ᱢᱟᱨᱮᱱ ᱩᱛᱟᱹᱨ ᱴᱚᱴᱷᱟ ᱠᱳᱰ ᱠᱚ ᱨᱮᱭᱟᱜ ᱢᱤᱫᱴᱟᱝ ᱾
एक दुर्जेय प्रतिद्वंद्वी का सामना करने के लिए बॉक्सिंग रिंग में प्रवेश करते ही महेश की चिंता बढ़ गई।	ᱢᱤᱫ ᱵᱤᱨᱟᱹᱫᱟᱹᱞᱤ ᱞᱟᱹᱲᱦᱟᱹᱭᱟᱱ ᱥᱟᱞᱟᱜ ᱞᱟᱹᱲᱦᱟᱹᱭ ᱞᱟᱹᱜᱤᱫ ᱵᱚᱠᱥᱤᱝ ᱨᱤᱝ ᱨᱮᱭ ᱥᱮᱞᱮᱫ ᱮᱱᱠᱷᱟᱱ ᱩᱱᱤᱭᱟᱜ ᱪᱤᱱᱛᱟᱹ ᱟᱨᱦᱚᱸ ᱵᱟᱹᱲᱛᱤ ᱮᱱ ᱛᱟᱭᱟ ᱾
एक	ᱢᱤᱫ
शनिवार, 4 सितंबर को ऐनी को आखिरकार प्रसव पीड़ा शुरू हुई।	᱔ ᱥᱮᱯᱴᱮᱢᱵᱚᱨ ᱧᱩᱦᱩᱭ ᱢᱟᱦᱟ ᱦᱤᱞᱳᱜ, ᱮᱹᱱ ᱫᱚ ᱢᱩᱪᱟᱹᱫ ᱨᱮ ᱜᱤᱫᱽᱨᱟᱹ ᱦᱚᱥᱚᱨᱮ ᱰᱟᱦᱟᱨ ᱨᱮᱭ ᱪᱟᱞᱟᱣ ᱟᱠᱟᱱᱟ ᱾
जैसे कि पारो (Nu 150) और पूना (Nu 200) ।	ᱥᱮᱭᱟᱨᱰ ᱴᱮᱠᱥᱤᱠᱚ ᱥᱩᱨᱼᱥᱩᱯᱩᱨ ᱡᱟᱭᱜᱟ ᱠᱚᱨᱮ ᱫᱟᱲᱟᱱ ᱞᱟᱹᱜᱤᱫ ᱢᱤᱫ ᱩᱥᱟᱹᱨᱟ ᱟᱨ ᱟᱨᱟᱢᱟᱱ ᱥᱟᱫᱷᱚᱱ ᱠᱟᱱᱟ, ᱡᱮᱞᱮᱠᱟ ᱯᱟᱨᱳ (ᱱᱩ ᱑᱕᱐) ᱟᱨ ᱯᱩᱱᱟᱠᱷᱟ (ᱱᱩ ᱒᱐᱐)᱾
हर बार जब मैं अखबार में शोक संदेश देखता हूँ, तो मुझे उन लोगों की याद आती है जो अब मेरे साथ नहीं हैं।	ᱡᱟᱦᱟᱸ ᱚᱠᱛᱮ ᱤᱧ ᱰᱚᱜᱚᱨ ᱥᱟᱠᱟᱢ ᱨᱮ ᱜᱚᱡ ᱠᱟᱛᱷᱟ ᱧᱮᱞᱼᱟ, ᱩᱱ ᱚᱠᱛᱚ ᱜᱮ ᱤᱧ ᱩᱱᱠᱩ ᱦᱚᱲ ᱠᱚᱣᱟᱜ ᱠᱟᱛᱷᱟᱧ ᱫᱤᱥᱟᱹᱭᱼᱟ  ᱡᱟᱦᱟᱸᱭ ᱠᱚ ᱤᱧ ᱥᱟᱶ ᱵᱟᱹᱱᱩᱜ ᱠᱚᱣᱟ ᱾
एक नहीं, लेकिन एक ही वैक्सीन के दो खुराक.	ᱢᱤᱫᱴᱟᱝ ᱫᱚ ᱵᱟᱝ, ᱢᱤᱫᱴᱟᱝ ᱵᱷᱮᱠᱥᱤᱱ ᱨᱮᱭᱟᱜ ᱵᱟᱨᱭᱟ ᱰᱳᱡ ᱾
जबकि विद्वान रिचर्ड कोन कहते हैं कि यह शब्द बौद्ध धर्म का वर्णन करने के लिए सिर्फ इस्तेमाल किया गया था ।	ᱞᱳᱯᱮᱡ ᱮ ᱢᱮᱱᱞᱮᱫᱟ ᱡᱮ ᱩᱱᱠᱩ ᱵᱚᱭᱫᱷᱚ ᱥᱟᱵᱟᱫ ᱠᱚ ᱵᱮᱣᱦᱟᱨ ᱛᱟᱦᱮᱸᱫ, ᱡᱚᱫᱤ ᱯᱚᱱᱰᱤᱛ ᱨᱤᱪᱟᱨᱰ ᱠᱳᱦᱮᱱ ᱞᱮᱠᱟᱱ ᱵᱚᱭᱫᱷᱚ ᱠᱚ ᱵᱟᱰᱟᱭ ᱞᱟᱹᱜᱤᱫ ᱱᱚᱶᱟ ᱥᱟᱵᱟᱫ ᱫᱚ ᱥᱩᱢᱩᱝ ᱵᱟᱨᱦᱮ ᱨᱮᱱᱠᱚ ᱵᱮᱣᱦᱟᱨ ᱛᱟᱦᱮᱸᱫ ᱾
यह आम तौर पर अभ्यास किया गया, लेकिन लोहे ने गाड़ियों के लकड़ी के पहियों पर और ज़्यादा कपड़े पहने ।	ᱱᱚᱣᱟ ᱫᱚ ᱟᱹᱰᱤ ᱥᱟᱫᱷᱟᱨᱚᱱ ᱠᱟᱛᱷᱟ ᱭᱮᱱᱟ, ᱢᱮᱱᱠᱷᱟᱱ ᱥᱟᱜᱟᱲ ᱠᱚᱨᱮᱱᱟᱜ ᱠᱟᱴ ᱪᱟᱠᱟ ᱠᱚᱨᱮ ᱢᱮᱬᱦᱮᱫ ᱡᱟᱹᱥᱛᱤ ᱵᱮᱵᱷᱟᱨᱮᱱᱟI
2010 की जनगणना के अनुसार, वहाँ 17,269 लोग रहते थे।	᱒᱐᱑᱐ ᱥᱟᱞ ᱨᱮᱭᱟᱜ ᱦᱚᱲ ᱞᱮᱠᱷᱟ ᱞᱮᱠᱟᱛᱮ, ᱚᱸᱰᱮ ᱑᱗᱒᱖᱙ ᱦᱚᱲ ᱠᱚ ᱛᱟᱦᱮᱸ ᱠᱟᱱᱟ ᱾
यह जाँच उन लोगों के लिए बहुत ज़रूरी थी, जो पहले से ही तय कर चुके थे कि उन्हें क्या करना चाहिए ।	ᱥᱩᱴᱚᱨ ᱠᱚᱣᱟᱜ ᱥᱚᱯᱞᱤᱢᱮᱱᱴᱟᱨᱤ ᱠᱤᱴᱚᱱᱟᱥᱚᱠ ᱠᱚᱱᱴᱨᱳᱞ ᱯᱚᱨᱤᱠᱷᱭᱟ ᱫᱚ ᱨᱮᱱᱡᱚᱨ ᱠᱚᱣᱟᱜ ᱱᱤᱜᱽᱨᱟᱹᱱᱤ ᱨᱮ ᱦᱩᱭ ᱞᱮᱱᱟ, ᱡᱮᱢᱚᱱ ᱯᱚᱨᱤᱠᱷᱭᱟ ᱥᱟᱹᱛ ᱞᱮᱱᱟ ᱟᱨ ᱱᱚᱣᱟ ᱨᱮᱭᱟᱜ ᱯᱨᱚᱵᱷᱟᱵᱽ ᱠᱚ ᱵᱟᱪᱷᱟᱣ ᱞᱮᱱᱟI
टेनिस की गेंद से एक कीड़ा कुचल गया और कोच मुझसे उसे साफ करने के लिए कह रहे हैं।	ᱴᱮᱱᱤᱥ ᱵᱚᱞᱛᱮ ᱢᱤᱫᱴᱟᱝ ᱚᱲᱢᱚᱡ ᱫᱚᱭ ᱞᱮᱱ ᱚᱪᱚᱭᱮᱱᱟ ᱟᱨ ᱠᱳᱪ ᱫᱚ ᱤᱧ ᱚᱱᱟ ᱥᱟᱯᱷᱟᱭ ᱢᱮᱛᱟᱫᱤᱧᱟ ᱾
तुमने मेरी हिंदी कक्षा में कब अच्छा प्रदर्शन किया है? आपमें से कोई भी छात्र भाषा की परवाह नहीं करता (शिक्षक)।	ᱟᱢ ᱤᱧᱟᱜ ᱦᱤᱱᱫᱤ ᱠᱞᱟᱥ ᱨᱮ ᱛᱤᱥ ᱱᱟᱯᱟᱭᱮᱢ ᱠᱚᱨᱟᱣ ᱟᱠᱟᱫᱟ ? ᱟᱯᱮ ᱠᱚ ᱚᱠᱚᱭ ᱦᱚᱸ ᱯᱟᱹᱨᱥᱤ ᱤᱫᱤ ᱠᱟᱛᱮ ᱵᱚᱦᱚᱜ ᱵᱟᱝᱯᱮ ᱞᱚᱞᱚ ᱟᱠᱟᱫᱟ (ᱢᱟᱪᱮᱫ)
अधिकांश स्वागत करते हैं, जल्दी ही पकड़े जाते हैं.	ᱥᱟᱹᱜᱩᱱ ᱫᱟᱨᱟᱢ, ᱟᱹᱰᱤ ᱩᱥᱟᱹᱨᱟ ᱧᱟᱯᱟᱢ ᱦᱩᱭᱩᱜᱼᱟ ᱾
मेरे पास उनसठ आम हैं।	ᱤᱧ ᱴᱷᱮᱱ ᱛᱩᱨᱩᱭ ᱜᱮᱞ ᱱᱟᱭ ᱜᱚᱴᱟᱝ ᱟᱢ ᱢᱮᱱᱟᱜᱼᱟ ᱠᱚᱣᱟ।
छोटी बहन, अगर तुम इतना कम खाती रहोगी तो कमजोर हो जाओगी।	ᱦᱩᱰᱤᱧ ᱢᱤᱥᱨᱟᱧ, ᱱᱩᱱᱟᱹᱜ ᱠᱚᱢᱮᱢ ᱡᱚᱢ ᱠᱷᱟᱱ ᱠᱚᱢᱡᱳᱨ ᱪᱟᱵᱟᱜᱼᱟᱢ ᱾
हाँ, मुझे लगता है कि मैं चाहते हैं.	ᱦᱮ, ᱤᱧ ᱚᱱᱟᱢᱟᱱ ᱮᱫᱟ ᱤᱧ ᱱᱚᱶᱟᱧ ᱠᱩᱥᱤᱭᱟᱜᱼᱟ ᱾
दो लोकप्रिय सिद्धांत हैं मै ऐनलिन की आवश्यकताओं के आधार पर और हर्सबर्ग के दो कारक।	ᱵᱟᱨᱭᱟ ᱧᱩᱛᱩᱢᱟᱱ ᱠᱚᱱᱴᱮᱱᱴ ᱛᱷᱤᱭᱳᱨᱤ ᱫᱚ ᱢᱟᱥᱞᱳᱣ ᱟᱜ ᱦᱟᱭᱟᱨᱪᱤ ᱚᱯᱷ ᱱᱤᱰᱥ ᱛᱷᱤᱭᱳᱨᱤ ᱟᱨ ᱦᱟᱨᱴᱰᱵᱟᱨᱜᱽ ᱟᱜ ᱴᱩ ᱯᱷᱮᱠᱴᱚᱨ ᱛᱷᱤᱭᱳᱨᱤ᱾
नागरिक कार्य जाति, धर्म, नर इत्यादि पर आधारित किसी भी पक्षपात के बावजूद सभी नागरिकों को वोट देने की अनुमति देता है ।	ᱮᱠᱟᱞᱜᱮ ᱾ ᱱᱟᱜᱚᱨᱤᱠᱚᱛᱛᱚ ᱟᱭᱤᱱ ᱫᱚ ᱥᱟᱱᱟᱢ ᱱᱟᱜᱟᱨᱤᱭᱟᱹ ᱠᱚ ᱡᱟᱹᱛ, ᱫᱷᱚᱨᱚᱢ, ᱡᱟᱱᱟᱝ ᱮᱢᱟᱱ ᱠᱚ ᱪᱮᱛᱟᱱ ᱡᱟᱦᱟᱱ ᱵᱷᱮᱯᱮᱜᱮᱫ ᱵᱟᱝ ᱢᱟᱱᱟᱣ ᱠᱟᱛᱮ ᱵᱷᱳᱴ ᱮᱢᱚᱜ ᱨᱮᱭᱟᱜ ᱫᱟᱣ ᱮ ᱮᱢᱟ ᱠᱚᱣᱟ ᱾
आमतौर पर, यह किसी भिन्न नेम सर्वर की ओर संकेत करके किया जाता है।	ᱥᱟᱫᱷᱟᱨᱚᱱ ᱞᱮᱠᱟᱛᱮ, ᱱᱚᱣᱟ ᱫᱚ ᱢᱤᱫᱴᱟᱝ ᱵᱷᱮᱜᱟᱨ ᱧᱩᱛᱩᱢᱟᱱ ᱥᱟᱨᱵᱷᱟᱨ ᱥᱮᱡ ᱩᱫᱩᱜ ᱠᱟᱛᱮᱫ ᱠᱚᱨᱟᱣ ᱦᱩᱭᱩᱜᱼᱟ ᱾
हाँ, ज़रूर.	ᱦᱮᱸ, ᱥᱟᱹᱨᱤᱜᱮ ᱾
उनतीस	ᱠᱩᱲᱤ ᱱᱟᱭ
यह अपनी दुकानों के लिए जाना जाता है जो इलेक्ट्रॉनिक्स और एनीमे उत्पादों की पेशकश करती हैं।	ᱱᱚᱶᱟ ᱫᱚ ᱤᱞᱮᱠᱴᱨᱚᱱᱤᱠᱥ ᱟᱨ ᱮᱱᱤᱢᱮ ᱫᱩᱨᱤᱵ ᱨᱮᱭᱟᱜ ᱩᱨᱜᱟᱹᱱᱠᱚ ᱢᱮᱥᱟ ᱫᱳᱠᱟᱱ ᱠᱚ ᱞᱟᱹᱜᱤᱫ ᱩᱯᱨᱩᱢᱟ ᱾
परिवहन व्यवस्था ऐसी शिकायतों को क्यों उत्पन्‍न करती है, वे दैनिक आधार पर क्यों असफल होते हैं?	ᱯᱚᱨᱤᱣᱟᱦᱟᱹᱱ ᱥᱮᱣᱟ ᱱᱚᱠᱟ ᱥᱚᱠᱛᱤ ᱪᱮᱫᱟᱜ ᱛᱮᱭᱟᱨ ᱮᱫᱟᱭ, ᱩᱱᱠᱩ ᱫᱚᱭᱱᱤᱠ ᱟᱫᱷᱟᱨ ᱛᱮ ᱪᱮᱫᱟᱜ ᱰᱤᱜᱟᱹᱣᱜ ᱠᱟᱱᱟ? ᱪᱮᱫᱟᱜ ᱯᱚᱨᱤᱣᱟᱦᱟᱹᱱ ᱤᱱᱡᱤᱱᱤᱭᱚᱨ ᱠᱷᱟᱹᱞᱤ ᱚᱠᱷᱭᱚᱢ ᱜᱮᱭᱟ ᱠᱚ? ᱪᱮᱫ ᱟᱨ ᱠᱚ ᱪᱟᱹᱞᱩᱜ ᱠᱟᱱᱟ?
हमें व्यक्‍तिगत जोखिम को परिभाषित करना चाहिए ।	ᱟᱵᱚᱣᱟᱜ ᱟᱯᱱᱟᱨᱟᱜ ᱵᱤᱯᱚᱫ ᱞᱟᱹᱱᱟᱹᱭ ᱞᱟᱹᱠᱛᱤ ᱠᱟᱱᱟ ᱾
बोरियों के हर गुच्छे में इस्तेमाल किया जाता है ।	ᱵᱤᱦᱟᱨᱤ ᱡᱚᱢᱟᱜ ᱨᱮᱭᱟᱜ ᱥᱟᱱᱟᱢ ᱨᱮᱜᱮ ᱛᱩᱲᱤ ᱥᱩᱱᱩᱢ ᱠᱚ ᱵᱮᱣᱦᱟᱨ ᱦᱩᱭᱩᱜᱼᱟ᱾
सबसे महत्त्वपूर्ण स्रोत स्थानीय वायुमंडल प्रभाव हैं, जैसे कि टाइटैनिक, सिगरेट, या कैमुलिक बादल जो अन्यथा स्पष्ट दृश्‍य में होते हैं ।	ᱡᱚᱛᱚ ᱠᱷᱚᱱ ᱡᱟᱹᱥᱛᱤ ᱞᱟᱹᱜᱛᱤᱭᱟᱱᱟᱜ ᱯᱷᱮᱰᱟᱛ ᱫᱚ ᱛᱷᱟᱹᱱᱤᱠ ᱦᱚᱭᱞᱚᱝ ᱨᱮᱭᱟᱜ ᱮᱥᱮᱲ, ᱡᱮᱞᱮᱠᱟ ᱠᱩᱲᱦᱟᱹ, ᱫᱩᱦᱟᱹ ᱥᱮ ᱜᱩᱲᱦᱟᱹ ᱨᱤᱢᱤᱞ ᱮᱴᱟᱜ ᱞᱮᱠᱟᱛᱮ ᱥᱟᱯᱷᱟ ᱥᱮᱨᱢᱟ ᱥᱤᱱ ᱦᱚᱸ ᱾
और एक शख्स ऐसा भी था कि वह किताबे खुदा की राह में जेहाद करने लगा था तो कहने लगा कि अब (कुछ तुम ही में) तो ऐसे बच्चे थे कि (ऐ रसूल) तुम अनक़रीब (इसका नतीजा) उन्हें मालूम हो जाएगा	ᱚᱠᱟ ᱜᱚᱨᱟᱡᱽ ᱨᱮ ᱵᱮᱜᱷᱚᱴᱚᱱ ᱦᱩᱭ ᱮᱱᱟ, ᱚᱱᱰᱮ ᱠᱟᱹᱢᱤᱭᱤᱡᱽ ᱢᱤᱫᱴᱟᱹᱝ ᱦᱚᱲᱮ ᱢᱮᱱ ᱠᱮᱜᱼᱟᱭ: "ᱜᱤᱫᱽᱨᱟᱹ ᱥᱚᱰᱚᱠ ᱯᱟᱨ ᱠᱚᱨᱟᱣ ᱨᱮᱭᱟᱜ ᱛᱟᱹᱝᱜᱤ ᱟᱠᱟᱫᱼᱟ ᱠᱚ ᱟᱨ ᱡᱷᱚᱛᱚ ᱡᱩᱨᱼᱡᱩᱨ ᱛᱮᱠᱚ ᱨᱟᱜᱮᱫ ᱛᱟᱦᱮᱸᱡ᱾"
लेकिन वे केवल उत्तर से न हारकर भी युद्ध जीत सकते थे।	ᱢᱮᱱᱠᱷᱟᱱ ᱩᱝᱠᱩ ᱫᱚ ᱩᱛᱛᱟᱹᱨ ᱴᱷᱮᱱ ᱵᱟᱝ ᱦᱤᱨᱟᱹᱣ ᱠᱟᱛᱮᱫ ᱞᱟᱹᱲᱦᱟᱹᱭ ᱨᱮᱠᱚ ᱡᱤᱛᱠᱟᱹᱨ ᱫᱟᱲᱮᱭᱟᱜᱼᱟ ᱾
हाँ, शेफ, मुझे आज का खाना बहुत पसंद आया। यह बहुत ताज़ा और स्वादिष्ट था।	ᱦᱮᱸ, ᱪᱮᱯᱷ, ᱤᱧ ᱫᱚ ᱛᱮᱦᱮᱧ ᱡᱚᱢᱟᱜ ᱤᱧ ᱠᱩᱥᱤᱭᱟᱠᱟᱫᱟ  ᱾ ᱱᱚᱶᱟ ᱫᱚ ᱟᱹᱰᱤ ᱛᱟᱡᱟ ᱟᱨ ᱥᱤᱵᱤᱞ ᱟᱱᱟᱜ ᱛᱟᱦᱮᱸ ᱠᱟᱱᱟ ᱾
यह उम्मीद की जाती है कि अधिकांश घटनाओं टिकटों की कीमत 0.5,00,00, और 0.30,000 के बीच होगी, साथ ही कुल टिकटों का खर्च लगभग 75,000 डॉलर के साथ.	ᱱᱚᱶᱟ ᱵᱩᱡᱷᱟᱹᱣ ᱜᱟᱱᱟᱜᱼᱟ ᱡᱮ ᱰᱷᱮᱨ ᱜᱷᱚᱴᱚᱱ ᱴᱤᱠᱚᱴ ᱨᱮᱭᱟᱜ ᱞᱟᱜᱚᱛ ¥᱒,᱕᱐᱐ ᱟᱨ ¥᱑᱓᱐,᱐᱐᱐ ᱛᱟᱞᱟ ᱨᱮ ᱛᱟᱦᱮᱸ ᱠᱚᱜᱼᱟ, ᱡᱟᱦᱟᱸ ᱫᱚ ᱥᱟᱢᱟᱱᱭᱚ ᱴᱤᱠᱚᱴ ᱥᱟᱞᱟᱜ ᱛᱮ ¥᱗,᱐᱐᱐ ᱥᱩᱨ ᱛᱮ ᱛᱟᱦᱮᱸ ᱠᱚᱜᱼᱟ᱾
1953 में, वह और उनका परिवार अल्तामिरा, पारा चले गए।	᱑᱙᱕᱓ ᱥᱟᱞ ᱨᱮ, ᱩᱱᱤ ᱟᱨ ᱟᱡᱟᱜ ᱜᱷᱟᱸᱨᱚᱡᱽ ᱟᱞᱛᱟᱢᱤᱨᱟ ᱯᱮᱹᱨᱟᱛᱮᱠᱚ ᱦᱮᱪ ᱮᱱᱟ ᱾
अगर आप ऐसा करते हैं, तो आपको अपने जल को एक धार्मिक कंपनी से एक बंद बोतल में खरीदने की सोचनी चाहिए ।	ᱯᱷᱤᱞᱴᱚᱨ ᱫᱚ ᱯᱨᱚᱵᱷᱟᱣᱥᱤᱞᱛᱟ ᱨᱮ ᱮᱴᱟᱜ ᱜᱮᱭᱟ, ᱟᱨ ᱟᱢ ᱫᱚ ᱪᱤᱱᱛᱟᱹ ᱨᱮᱭᱟᱜ ᱠᱟᱛᱷᱟ ᱡᱮ, ᱟᱢ ᱫᱚ ᱯᱨᱚᱛᱷᱤᱥᱴᱟᱹ ᱠᱟᱢᱯᱟᱱᱤ ᱠᱷᱚᱱ ᱢᱤᱫᱴᱟᱹᱝ ᱢᱩᱦᱩᱨᱵᱚᱸᱫ ᱵᱚᱞᱟᱹᱛ ᱨᱮ ᱟᱡᱟᱜ ᱫᱟᱜ ᱠᱚ ᱠᱤᱨᱤᱧ ᱨᱮᱭᱟᱜ ᱵᱤᱪᱟᱹᱨ ᱠᱚᱨᱟᱣ ᱠᱟᱛᱷᱟ᱾
मैं इस राज्य में इस राज्य के मार्गदर्शन की एक प्रतिलिपि है.	ᱠᱮᱢᱯᱟᱥ ᱩᱫᱩᱜᱽᱦᱚᱨᱟ ᱨᱮᱭᱟᱜ ᱢᱤᱫᱴᱟᱝ ᱠᱚᱯᱤ ᱤᱧ ᱴᱷᱮᱱ ᱢᱮᱱᱟᱜᱽᱼᱟ ᱡᱟᱦᱟᱸ ᱫᱚ ᱚᱱᱟᱭ ᱞᱟᱹᱭᱟ ᱾
अल्फ्रेड वेसेक्स के राजा एथेलवुल्फ और ओसबर्गा के सबसे छोटे बेटे थे।	ᱟᱞᱯᱷᱨᱮᱰ ᱮ ᱛᱟᱦᱮᱸ ᱠᱟᱱᱟ ᱳᱭᱮᱥᱮᱠᱥ ᱟᱨ ᱳᱥᱵᱟᱨᱜᱟᱨ ᱨᱟᱡᱟ ᱮᱛᱷᱮᱞᱚᱣᱩᱞᱯᱷ ᱨᱮᱱ ᱦᱩᱰᱤᱧᱤᱪ ᱠᱚᱲᱟ ᱾
रेस्टोरेंट साफ नहीं था और मैंने कुछ कॉकरोच इधर-उधर भागते देखे (खाद्य समीक्षक)।	ᱨᱮᱥᱛᱳᱨᱟ ᱫᱚ ᱥᱟᱯᱷᱟᱼᱥᱟᱯᱷᱤ ᱵᱟᱝ ᱛᱟᱦᱮᱸ ᱠᱟᱱᱟ ᱟᱨ ᱜᱚᱴᱟᱜᱮ ᱠᱚᱭᱮᱠ ᱜᱚᱴᱟᱝ ᱥᱚᱣᱟᱲᱤ ᱫᱟᱹᱲ ᱵᱟᱲᱟᱧ ᱧᱮᱞ ᱟᱠᱟᱫ ᱠᱚᱣᱟ ᱾ (ᱡᱚᱢᱟᱜ ᱥᱟᱞᱟᱜᱚᱴᱟᱼᱤᱡ)
हाथ में चाकू लिए एक अजनबी को घर में घुसते देख छोटा बच्चा भागकर अलमारी में चढ़ गया और अपना चेहरा ढक लिया।	ᱢᱤᱫᱴᱟᱝ ᱵᱟᱝ ᱩᱯᱨᱩᱢ ᱦᱚᱲ ᱧᱮᱞᱛᱮ ᱩᱱᱤ ᱦᱩᱰᱤᱧ ᱜᱤᱫᱽᱨᱟᱹ ᱫᱚ ᱫᱟᱹᱲ ᱥᱮᱱ ᱠᱟᱛᱮ ᱟᱞᱢᱟᱨᱤᱨᱮ ᱫᱮᱡ ᱮᱱᱟᱭ  ᱟᱨ ᱢᱚᱪᱟᱭ ᱮᱥᱮᱫ ᱠᱮᱫᱟ ᱟᱨ ᱟᱡᱟᱜ ᱛᱤ ᱨᱮ ᱪᱷᱩᱨᱤ ᱛᱟᱦᱮᱸ ᱠᱟᱱ ᱛᱟᱭᱟ ᱾
जापान की सेवकाई, व्यापार और इंदु (एमआई) ने कहा कि यह उपकरण से संबंधित 27 दुर्घटनाओं के बारे में पता चला है.	ᱡᱟᱯᱟᱱ ᱨᱮᱱᱟᱜ ᱟᱨᱛᱷᱣᱭᱟᱣᱥᱛᱷᱟ, ᱵᱮᱯᱟᱨ ᱟᱨ ᱩᱫᱽᱭᱳᱜᱽ ᱢᱟᱱᱛᱨᱟᱞᱚᱭ (ᱮᱢ ᱤ ᱴᱤ ᱟᱭᱤ) ᱫᱚ ᱢᱮᱱ ᱠᱮᱫᱼᱟᱭ ᱡᱮ ᱚᱱᱟ ᱢᱟᱥᱤᱱ ᱥᱟᱶ ᱡᱚᱲᱟ ᱒᱗ ᱜᱚᱴᱟᱝ ᱜᱷᱟᱴᱚᱱ ᱨᱮᱱᱟᱜ ᱵᱟᱰᱟᱭ ᱛᱟᱦᱮᱸ ᱠᱟᱱᱟ᱾
मैंने आपके करों की दोबारा गणना की और पिछले साल कानूनों में बदलाव के बाद एक बड़ा टैक्स क्रेडिट खोजा।	ᱤᱧ ᱟᱢᱟᱜ ᱠᱚᱨ ᱨᱮ ᱫᱚᱦᱲᱟᱛᱮᱧ ᱠᱟᱹᱢᱤ ᱟᱠᱟᱫᱟ ᱟᱨ ᱯᱟᱨᱚᱢ ᱮᱱ ᱥᱮᱨᱢᱟ ᱟᱹᱱ ᱵᱚᱫᱚᱞ ᱛᱟᱭᱚᱢ ᱢᱤᱫᱴᱟᱝ ᱢᱟᱨᱟᱝ ᱴᱮᱠᱥ ᱠᱨᱮᱰᱤᱴ ᱤᱧ ᱥᱤᱨᱡᱟᱹᱣ ᱟᱠᱟᱫᱟ ᱾
इस संबंध में घर के प्रधान या मंत्री से सलाह - मशविरा करने के नियम के अधीन कोई माँग नहीं है ।	ᱱᱤᱭᱟᱹ ᱞᱟᱹᱜᱤᱫ ᱛᱮ ᱦᱟᱣᱩᱥ ᱨᱮᱱ ᱟᱹᱭᱩᱨᱤᱡ ᱥᱮ ᱢᱤᱱᱤᱥᱴᱟᱨ ᱥᱟᱸᱣ ᱢᱚᱯᱚᱥᱩᱞᱤᱭ ᱱᱤᱭᱟᱹᱢ ᱜᱚᱵᱚᱞ ᱨᱮ ᱞᱟᱹᱜᱛᱤ ᱵᱟᱹᱱᱩᱜᱼᱟ ᱾
यह संभव था, लेकिन अब एक दुर्घटना के कारण जो कुछ समय पहले हुई थी, अब प्रतिबन्ध लगाया गया है ।	ᱱᱚᱶᱟᱫᱚ ᱢᱟᱲᱟᱝᱨᱮ ᱦᱩᱭ ᱠᱚᱜᱼᱟ, ᱮᱱᱠᱷᱟᱱ ᱠᱤᱪᱷᱤ ᱜᱷᱟᱹᱲᱤᱠ ᱞᱟᱦᱟᱨᱮ ᱜᱷᱚᱴᱟᱣ ᱟᱠᱟᱱ ᱵᱟᱹᱲᱤᱡ ᱜᱷᱚᱴᱚᱱ ᱠᱷᱟᱹᱛᱤᱨᱛᱮ ᱱᱤᱛ ᱢᱟᱱᱟ ᱟᱠᱟᱱᱟ ᱿
भारत में लिटररी कला का कौन - सा महल है?	ᱵᱦᱟᱨᱚᱛ ᱨᱮ ᱥᱟᱶᱦᱮᱫ ᱠᱟᱹᱨᱤ ᱨᱮᱭᱟᱜ ᱦᱚᱨᱟ ᱠᱚᱫᱚ ᱚᱠᱟᱴᱟᱜ ᱠᱟᱱᱟ ?
कृपया	ᱫᱟᱭᱟ ᱠᱟᱛᱮ
हाँ, यह काफी मुश्किल है लेकिन शास्त्रीय संगीत बच्चों के लिए अत्यधिक भावात्मक लाभ है.	ᱦᱮᱸ ᱾ ᱱᱚᱶᱟ ᱫᱚ ᱟᱹᱰᱤ ᱜᱮ ᱟᱱᱟᱴᱼᱟ ᱢᱮᱱᱠᱷᱟᱱ ᱥᱟᱥᱛᱚᱨ ᱥᱮᱹᱨᱮᱹᱧ ᱫᱚ ᱞᱮᱴᱠᱟ ᱠᱚ ᱞᱟᱹᱜᱤᱫ ᱢᱚᱱᱨᱮ ᱥᱩᱵᱤᱫᱷᱟᱭ ᱟᱹᱜᱩᱭᱼᱟ ᱾
गाड़ी चलाते वक्‍त हमें सबसे ज़्यादा आसान और तेज़ यातायात की ज़रूरत पड़ती है ।	ᱪᱚᱠᱟ ᱫᱚ ᱵᱟᱝ ᱯᱟᱹᱛᱤᱭᱟᱣᱜ ᱞᱮᱠᱷᱟ ᱜᱮ ᱡᱮᱜᱮᱛ ᱵᱚᱫᱚᱞ ᱠᱟᱛᱮ ᱫᱚᱦᱚ ᱠᱮᱜᱼᱟᱭ᱾ ᱪᱚᱠᱟ ᱟᱵᱚ ᱞᱟᱹᱜᱩᱫ ᱡᱟᱦᱟ ᱠᱚᱨᱟᱣ ᱠᱮᱜᱼᱟᱭ, ᱚᱱᱟ ᱟᱵᱚ ᱟᱹᱰᱤ ᱟᱞᱜᱟ ᱟᱨ ᱞᱚᱜᱚᱱ ᱯᱚᱨᱤᱣᱟᱦᱟᱹᱱ ᱮᱢᱟ ᱠᱮᱫ ᱵᱚᱱᱟᱭ᱾
जी हाँ, नारियल को आम तौर पर केरल के बहुत - से भोजन में इस्तेमाल किया जाता है ।	ᱦᱮᱸ, ᱠᱮᱨᱟᱞᱟ ᱨᱮᱫᱚ ᱥᱟᱫᱷᱟᱨᱚᱱᱚᱛᱚ ᱟᱭᱢᱟ ᱡᱚᱢᱟᱜᱨᱮ ᱵᱮᱣᱦᱟᱨᱚᱜᱼᱟ ᱾
उसने मुंबई के मेथ रेलवे स्टेशन में फूलों को बेच देना शुरू किया और अंततः शहर में अपनी दो फूल - गाड़ियों तक पहुँच गयी ।	ᱩᱱᱤ ᱢᱩᱢᱵᱟᱭ ᱨᱮᱭᱟᱜ ᱫᱟᱫᱨᱟ ᱨᱮᱞ ᱤᱥᱴᱮᱥᱚᱱ ᱨᱮ ᱵᱟᱦᱟ ᱟᱹᱠᱷᱨᱤᱧ ᱮ ᱮᱦᱚᱵ ᱠᱮᱫᱟ ᱟᱨ ᱢᱩᱪᱟᱹᱫ ᱨᱮ ᱱᱚᱶᱟ ᱥᱟᱦᱟᱨ ᱨᱮ ᱵᱟᱨᱭᱟ ᱵᱟᱦᱟ ᱫᱳᱠᱟᱱ ᱨᱮᱱ ᱢᱟᱹᱞᱤᱠ ᱦᱩᱭᱩᱜ ᱮ ᱫᱟᱲᱮ ᱞᱮᱱᱟ ᱾
मेरे पास चालीस रुपया हैं।	ᱤᱧ ᱴᱷᱮᱱ ᱯᱳᱱ ᱜᱮᱞ ᱜᱚᱴᱟᱝ ᱯᱟᱹᱲᱯᱟ ᱢᱮᱱᱟᱜᱼᱟ ᱠᱚᱣᱟ।
यह देखकर मुझे आश्चर्य हुआ कि एआई कितना उन्नत हो चुका है। इस क्षेत्र में प्रगति अविश्वसनीय गति से हो रही है।	ᱤᱧ ᱦᱟᱦᱟᱲᱟ ᱟᱛᱮᱧ ᱧᱮᱞᱠᱮᱫᱟ ᱡᱮ ᱮ ᱟᱭ ᱫᱚ ᱛᱤᱱᱟᱹᱜ ᱩᱛᱷᱱᱟᱹᱣ ᱟᱠᱟᱱᱟ ᱾ ᱱᱚᱣᱟ ᱨᱮ ᱞᱟᱦᱟᱱᱛᱤ ᱢᱤᱫᱴᱟᱝ ᱵᱟᱝ ᱯᱟᱹᱛᱭᱟᱹᱜ ᱞᱮᱠᱟᱱ ᱛᱟᱹᱯᱤᱥᱛᱮ ᱦᱩᱭ ᱟᱠᱟᱱᱟ ᱾
सन्‌ 1920 में भारत ने अपना पहला राष्ट्रीय दल भेजा ।	᱑᱙᱒᱐ᱼᱨᱮᱭᱟᱜ ᱚᱞᱤᱢᱯᱤᱠᱨᱮ ᱵᱷᱟᱨᱚᱛ ᱟᱡᱽᱨᱮᱱ ᱯᱟᱹᱦᱤᱞ ᱡᱟᱹᱛᱤᱭᱚ ᱫᱚᱞᱼᱮ ᱠᱩᱞᱞᱮᱫᱠᱩᱣᱟ ᱟᱨ ᱚᱱᱟ ᱠᱷᱚᱱ ᱢᱤᱢᱤᱫ ᱞᱚᱞᱚᱚᱠᱛᱚ ᱚᱞᱤᱢᱯᱤᱠᱨᱮ ᱫᱟᱣᱠᱩ ᱦᱟᱛᱟᱣ ᱟᱹᱜᱩᱭᱮᱛᱠᱟᱱᱟ ᱾
Sananna/ sandara (नरक की नरक) : बाँयना और डेविना काना राज्य है कि एक व्यक्‍ति जो किसी के लिए अत्यधिक जरूरत नहीं है या सोने के गहने चुरा लेता है, जब वह इस नरक के लिए बाध्य है.	ᱥᱚᱱᱫᱚᱝᱥᱚ/ᱥᱚᱱᱫᱚᱢᱚᱥ(ᱥᱟᱬᱟᱥᱤ ᱱᱚᱨᱚᱠ)ᱺ ᱵᱷᱟᱜᱚᱵᱚᱛ ᱯᱩᱨᱟᱱ ᱟᱨ ᱫᱮᱵᱤ ᱵᱷᱟᱜᱚᱵᱚᱛ ᱯᱩᱨᱟᱱ ᱢᱮᱱᱛᱮ ᱡᱟᱦᱟᱸ ᱟᱹᱰᱤ ᱞᱟᱹᱠᱛᱤᱭᱟᱱ ᱵᱟᱝ ᱛᱟᱦᱮᱸᱱ ᱨᱮᱦᱚᱸ ᱡᱟᱦᱟᱸᱭ ᱵᱟᱵᱬᱮ ᱴᱷᱮᱱ ᱠᱷᱚᱱ ᱰᱟᱠᱟᱛᱤ ᱞᱮᱠᱷᱟᱱ ᱵᱟᱝᱠᱷᱟᱱ ᱡᱟᱦᱟᱸᱭ ᱴᱷᱮᱱ ᱠᱷᱚᱱ ᱟᱵᱷᱨᱟᱱ ᱥᱮ ᱥᱳᱱᱟ ᱠᱩᱢᱲᱩ ᱞᱮᱠᱷᱟᱱ ᱱᱚᱶᱟ ᱱᱚᱨᱚᱠ ᱨᱮ ᱛᱚᱞᱟᱴᱠᱟᱣ ᱦᱩᱭ ᱫᱟᱲᱮᱭᱟᱜᱼᱟ ᱾
यह एक बहुत बड़ा होगा.	ᱱᱚᱶᱟ ᱫᱚ ᱢᱟᱨᱟᱝ ᱧᱚᱜ ᱜᱮ ᱦᱩᱭᱩᱜᱼᱟ ᱾
ᱵᱟᱝ	नहीं
तुम मुझे यहाँ से बाहर मदद कर सकते हैं?	ᱟᱹᱰᱤ ᱢᱚᱡ ! ᱟᱢ ᱱᱚᱸᱰᱮ ᱤᱧᱮᱢ ᱜᱚᱲᱚ ᱫᱟᱲᱮᱭᱟᱹᱧᱟᱹ ?
एक रविवार जब मैं मेस में बिरयानी खा रहा था, मुझे एक कीड़ा मिला और मैंने तुरंत खाना थूक दिया। मैं मेस में फिर कभी बासमती चावल नहीं खाना चाहता।	ᱢᱤᱫ ᱡᱤᱨᱟᱹᱣ ᱢᱟᱦᱟ ᱡᱚᱠᱷᱚᱱ ᱤᱧ ᱫᱚ ᱢᱮᱥ ᱨᱮ ᱵᱤᱨᱤᱭᱟᱱᱤᱧ ᱡᱚᱢᱮᱫ ᱠᱟᱱ ᱛᱟᱦᱮᱠᱟᱱᱟ, ᱛᱚᱠᱷᱚᱱ ᱢᱤᱫᱴᱟᱝ ᱯᱟᱴᱣᱟ ᱧᱮᱞ ᱧᱟᱢ ᱠᱟᱛᱮᱫ ᱩᱥᱟᱹᱨᱟ ᱡᱚᱢᱟᱜ ᱫᱚ ᱛᱷᱩᱣᱟᱛᱮᱧ ᱜᱤᱰᱤᱠᱟᱫᱼᱟ ᱾ ᱤᱧ ᱫᱚ ᱟᱨ ᱛᱤᱥ ᱦᱚᱸ ᱢᱮᱥ ᱨᱮ ᱵᱟᱥᱢᱚᱛᱤ ᱪᱟᱣᱞᱮ ᱡᱚᱢ ᱵᱟᱹᱧ ᱠᱷᱚᱡᱟ ᱾
अर्बासिनो का जन्म वोगेरा, लोम्बार्डी, इटली में हुआ था।	ᱟᱨᱵᱟᱥᱤᱱᱳ ᱫᱚ ᱤᱛᱟᱞᱤ ᱨᱮᱭᱟᱜ ᱞᱳᱢᱵᱟᱨᱰᱤᱨ ᱵᱷᱳᱜᱮᱨᱟ ᱨᱮᱭ ᱡᱟᱱᱟᱢ ᱞᱮᱱᱟ ᱾
इसे ट्रेव- जाओ तथा गूगल प्लेयर में उपलब्ध है.	ᱚᱱᱟ ᱫᱚ ᱴᱨᱟᱵᱷᱟᱼᱜᱳ ᱠᱩ ᱢᱮᱛᱟᱜᱽᱼᱟ ᱟᱨ ᱚᱱᱟ ᱫᱚ ᱜᱩᱜᱩᱞ ᱯᱞᱮᱥᱴᱳᱨᱨᱮ ᱧᱟᱢᱚᱜᱽᱼᱟ ᱾
तो, इस वातावरण दिवस, हम चाहते हैं कि आप इस क्षेत्र के जंगल के कवर में योग दें.	ᱚᱱᱟ ᱤᱭᱟᱹᱛᱮ ᱱᱤᱭᱟᱹ ᱯᱚᱨᱤᱵᱮᱥ ᱫᱤᱵᱚᱥ ᱨᱮ ᱟᱞᱮᱞᱮ ᱠᱷᱚᱡᱟ ᱟᱯᱮ ᱱᱤᱭᱟᱹ ᱮᱞᱟᱠᱟ ᱨᱮᱭᱟᱜ ᱵᱤᱨᱦᱟᱥᱟ ᱞᱟᱹᱜᱤᱫᱛᱮ ᱮᱱᱮᱢᱯᱮ ᱫᱚᱦᱚᱭᱢᱟ ᱾
जब छोटे जापानी लड़के ने सड़क पार करने के लिए मेरे रुकने के बाद मुझे झुककर प्रणाम किया तो मैं हक्का-बक्का रह गया।	ᱤᱧ ᱡᱚᱠᱷᱚᱱ ᱩᱱᱤ ᱰᱟᱦᱟᱨ ᱯᱟᱨᱚᱢ ᱦᱚᱴᱚ ᱞᱟᱹᱜᱤᱫ ᱛᱤᱸᱜᱩ ᱛᱟᱭᱚᱢ  ᱦᱩᱰᱤᱧ ᱡᱟᱯᱟᱱᱤ ᱜᱤᱫᱽᱨᱟᱹ ᱫᱚ ᱤᱧᱮ ᱡᱚᱦᱟᱨ ᱟᱹᱫᱤᱧᱟ ᱩᱱᱫᱚ ᱤᱧᱤᱧ ᱨᱚᱲ  ᱠᱮᱫᱟ ᱾
हर बार गेंद फेंकते समय वह गेंद को इस तरह क्यों चाटता है?	ᱡᱟᱣᱜᱮ ᱵᱚᱞ ᱠᱚᱨᱟᱣ ᱚᱠᱛᱮ ᱩᱱᱤ ᱫᱚ ᱪᱮᱫᱟᱜ ᱱᱚᱝᱠᱟ ᱵᱚᱞᱼᱮ ᱡᱟᱞᱮᱫ ᱠᱟᱱᱟ ?
यह ट्यूरिन के लगभग दक्षिण-पूर्व और एलेसेंड्रिया के दक्षिण-पूर्व में स्थित है।	ᱱᱚᱶᱟ ᱫᱚ ᱛᱩᱨᱤᱱ ᱨᱮᱭᱟᱜ ᱫᱚᱠᱠᱷᱤᱱᱼᱯᱩᱨᱵᱚ ᱟᱨ ᱟᱞᱮᱥᱟᱱᱫᱨᱤᱭᱟ ᱨᱮᱭᱟᱜ ᱯᱨᱟᱭ ᱫᱚᱠᱠᱷᱤᱱᱼᱯᱩᱨᱵᱚ ᱨᱮ ᱢᱮᱱᱟᱜᱼᱟ ᱾
सन्‌ 1994 के मई महीने में, अमरीका में एक अंतर्राष्ट्रीय अधिवेशन आयोजित किया गया, जिसमें 20वीं सदी की शुरूआत हुई ।	᱑᱙᱙᱔ ᱥᱟᱹᱦᱤᱛ ᱨᱮ ᱢᱮ ᱪᱟᱸᱫᱳ ᱱᱟᱱᱟᱦᱩᱱᱟᱹᱨ ᱡᱤᱵ ᱡᱤᱭᱟᱹᱞᱤ ᱠᱚ ᱪᱮᱛᱟᱱ ᱡᱟᱹᱛᱤᱥᱚᱝᱜᱷᱚ ᱟᱜ ᱦᱮᱞᱢᱮᱞ, ᱑᱙᱙᱒ ᱟᱨ ᱡᱮᱱᱮᱴᱤᱠ ᱨᱤᱥᱳᱨᱥ ᱮᱠᱥᱮᱥ ᱪᱮᱛᱟᱱ ᱱᱟᱜᱳᱣᱟ ᱟᱹᱨᱤ ᱟᱨ ᱟᱨ ᱒᱐᱑᱔ ᱨᱮ ᱟᱠᱚᱣᱟᱜ ᱵᱮᱣᱦᱟᱨ ᱟᱠᱟᱫ ᱒᱐᱑᱐ ᱨᱮ ᱦᱮᱡ ᱟᱠᱟᱱ ᱥᱩᱵᱤᱫᱟ ᱡᱚᱛᱷᱟᱛ ᱟᱨ ᱥᱚᱢᱟᱱᱛᱮ ᱦᱟᱹᱴᱤᱧ ᱨᱮ ᱥᱩᱦᱤ ᱟᱠᱟᱫ ᱫᱤᱥᱟᱹᱢᱮ ᱦᱩᱭ ᱞᱮᱱᱟ ᱵᱷᱟᱨᱚᱛ ᱾
मैं क्षमा चाहता हूँ और इसे ठीक करने में आपकी पूरी मदद करूँगा। कृपया अपने दोस्तों को हमारा सुझाव दें (जूता विक्रेता)।	ᱤᱧ ᱤᱠᱟᱹᱧ ᱠᱷᱚᱡ ᱮᱫᱟ ᱟᱨ ᱱᱤᱦᱟᱹᱛᱜᱮ ᱟᱢ ᱱᱚᱶᱟ ᱴᱷᱤᱠ ᱞᱟᱹᱜᱤᱫ ᱮ ᱜᱚᱲᱚ ᱟᱢᱟ ᱾ ᱫᱟᱭᱟᱠᱟᱛᱮ ᱟᱞᱮ ᱟᱢ ᱨᱮᱱ ᱜᱟᱛᱮ ᱠᱚ  ᱴᱷᱮᱱ ᱵᱷᱮᱡᱟ ᱞᱮᱢ( ᱯᱟᱱᱟᱦᱤ ᱟᱹᱠᱷᱨᱤᱧᱤᱭᱟᱹ) ( ᱢᱤᱫᱴᱟᱝ ᱮᱥᱠᱟᱨ ᱟᱹᱭᱟᱹᱛ ᱠᱷᱟᱹᱛᱤᱨ ᱥᱟᱛᱟᱢ ᱫᱚ ᱵᱟᱝ ᱯᱷᱟᱨᱪᱟᱣᱟ )
किताब का यह अध्याय जो लेखक के संघर्षों के बारे में बताता है, इतना भावनात्मक है कि मैं रोने लगा हूँ।	ᱤᱧ ᱫᱚ ᱥᱤᱨᱤᱡ ᱨᱮᱭᱟᱜ ᱛᱟᱭᱚᱢ ᱦᱤᱸᱥ ᱯᱟᱲᱦᱟᱣ ᱮᱛᱚᱦᱚᱯ ᱞᱟᱹᱜᱤᱫ ᱟᱹᱰᱤ ᱪᱦᱟᱴᱯᱟᱴᱟᱣ ᱟᱨ ᱨᱟᱹᱥᱠᱟᱹᱧ ᱵᱩᱡᱷᱮᱫᱟ !
अलोनसो पेरेज़ डी गुज़मैन, मदीना सिडोनिया के 7वें ड्यूक, स्पैनिश आर्मडा के कमांडर-इन-चीफ थे।	ᱮᱛᱚᱦᱚᱯᱵ ᱵᱤᱨᱫᱟᱹᱜᱟᱲ ᱨᱮ ᱯᱟᱲᱦᱟᱜ ᱚᱠᱛᱚ ᱠᱷᱚᱱ ᱜᱮ ᱩᱱᱤ ᱫᱚ ᱰᱤᱡᱟᱭᱱᱟᱨ ᱦᱩᱭᱩᱜ ᱮ ᱠᱷᱚᱡ ᱞᱮᱫᱟ ᱾
मैं यह हालांकि नहीं देख सकता था और बस विशेषता को बाद में देखा.	ᱮᱱᱠᱷᱟᱱ ᱤᱧᱫᱚ ᱚᱱᱟ ᱵᱟᱹᱧ ᱧᱮᱞ ᱫᱟᱲᱮ ᱟᱠᱟᱫᱟ ᱟᱨ ᱦᱟᱭᱞᱟᱭᱤᱴᱠᱚ ᱛᱟᱭᱚᱢᱛᱮᱧ ᱧᱮᱞ ᱟᱠᱟᱫᱟ ᱾
सरकार उतनी ही मदद करती है जितनी कि संभव है, ख़ासकर गाँवों में, जहाँ ज़्यादातर लोग अपने ही हाथों से रह जाते हैं ।	ᱥᱚᱨᱠᱟᱨ ᱛᱤᱱᱟᱹᱜ ᱦᱩᱭᱫᱟᱲᱮᱭᱟᱜ ᱜᱚᱲᱚ ᱟᱢᱟᱭ, ᱠᱷᱟᱥ ᱠᱟᱨᱛᱮ ᱟᱹᱛᱩ ᱴᱚᱴᱷᱟ ᱨᱮ, ᱡᱟᱦᱟᱸᱨᱮ ᱦᱚᱲ ᱰᱷᱮᱨᱜᱟᱱ ᱦᱟᱹᱴᱤᱧ ᱜᱮ ᱩᱱᱠᱩᱣᱟᱜ ᱟᱯᱱᱟᱨ ᱪᱮᱛᱟᱱ ᱟᱲᱟᱜ ᱠᱟᱜᱼᱟᱭ ᱾
काउंटी में एक प्रमुख अंतरराष्ट्रीय हवाई अड्डा, ओस्लो हवाई अड्डा है।	ᱠᱟᱣᱩᱱᱴᱤᱴᱤᱨᱮ ᱢᱤᱫᱴᱟᱝ ᱢᱩᱲᱩᱫ ᱡᱮᱜᱮᱛᱤᱭᱟᱹ ᱩᱰᱟᱹᱱ ᱟᱰᱟ ᱢᱮᱱᱟᱜᱼᱟ, ᱚᱥᱞᱳ ᱩᱰᱟᱹᱱ ᱟᱰᱟ ᱨᱮᱦᱚᱸ ᱢᱮᱱᱟᱜᱼᱟ ᱾
पहले, उद्देश्‍यपूर्ण विवाह की एक सूचना को आपके ज़िला रेवरर के विवाह के प्रति फ़ाइल करना पड़ता है ।	ᱯᱩᱭᱞᱩ ᱨᱮ, ᱟᱢᱟᱜ ᱯᱚᱱᱚᱛ ᱨᱮ ᱢᱮᱨᱮᱡ ᱨᱮᱡᱤᱥᱴᱟᱨ ᱴᱷᱮᱱ ᱤᱪᱪᱷᱟᱹᱟᱱᱟᱜ ᱵᱟᱯᱞᱟ ᱨᱮᱭᱟᱜ ᱢᱤᱫᱴᱟᱝ ᱧᱮᱛᱮᱞ ᱡᱚᱢᱟ ᱦᱩᱭᱩᱜ ᱛᱟᱢᱟ ᱾
ये रोलरकोस्टर सचमुच बहुत डरावने हैं।	ᱱᱚᱣᱟ ᱨᱳᱞᱟᱨᱠᱳᱥᱴᱟᱨ ᱠᱚᱫᱚ ᱥᱟᱹᱨᱤ ᱜᱮ ᱵᱚᱛᱚᱨᱼᱟᱱᱟᱜ ᱠᱟᱱᱟ ᱾
क्या आप खेल के सभी प्रकार में दिलचस्पी रखते हैं?	ᱟᱢᱫᱚ ᱥᱟᱱᱟᱢ ᱞᱮᱠᱟᱱ ᱠᱷᱮᱞᱚᱸᱰ ᱜᱮᱢ ᱜᱚᱨᱚᱡᱟᱜᱼᱟ ?
मैं आम तौर पर डायबिटीज़ के दोस्त हैं क्योंकि यह मुश्किल है.	ᱤᱧᱫᱚ ᱥᱟᱫᱷᱟᱨᱚᱱᱚᱛᱚ ᱰᱮᱡᱟᱨᱴ ᱫᱚ ᱮᱲᱟᱣ ᱜᱤᱭᱟᱹᱧ ᱪᱮᱫᱟᱜ ᱥᱮ ᱰᱟᱭᱟᱵᱮᱴᱤᱠ ᱦᱮᱲᱮᱢ ᱡᱚᱢᱟᱜ ᱯᱟᱸᱡᱟ ᱧᱟᱢ ᱟᱡᱷᱟᱴ ᱜᱮᱭᱟ ᱾
खिलाड़ियों द्वारा समय बर्बाद करने की लगातार रणनीति बहुत गुस्सा दिलाने वाली है।	ᱠᱷᱮᱞᱳᱰᱤᱭᱟᱹ ᱠᱚᱣᱟᱜ ᱞᱮᱛᱟᱲ ᱜᱮ ᱵᱟᱹᱲᱤᱡ ᱚᱠᱛᱚ ᱠᱷᱟᱹᱰᱟᱣ ᱨᱮᱭᱟᱜ ᱠᱟᱹᱫᱩᱥ ᱫᱚ ᱟᱹᱰᱤ ᱵᱮᱡᱟᱨᱟᱱᱟᱜᱼᱟ ᱜᱮ ᱾
एक व्यक्‍ति को जुलाई ६ को न्यू यॉर्क में अपने सैनिकों को यह पढ़कर सुनाया गया था ।	ᱢᱤᱫ ᱫᱚ ᱖ ᱡᱩᱞᱟᱭ ᱦᱤᱞᱚᱜ ᱫᱚ ᱡᱟᱹᱨᱡᱽ ᱣᱟᱥᱤᱝᱴᱟᱱ ᱠᱩᱞ ᱞᱮᱫᱮ ᱛᱟᱦᱮᱱᱟ, ᱡᱟᱦᱟᱸᱭ ᱙ ᱡᱩᱞᱟᱭ ᱦᱤᱞᱚᱜ ᱫᱚ ᱱᱭᱩᱭᱳᱨᱠ ᱨᱮ ᱟᱯᱱᱟᱨ ᱥᱟᱭᱱᱤᱠ ᱠᱚ ᱱᱚᱶᱟ ᱠᱚ ᱯᱟᱲᱦᱟᱣ ᱠᱮᱫᱼᱟ᱾ ᱢᱤᱫ ᱯᱨᱚᱛᱤ ᱑᱐ ᱚᱜᱚᱥᱴ ᱦᱤᱞᱚᱜ ᱞᱟᱸᱰᱟᱱ ᱥᱮᱴᱮᱨ ᱮᱱᱟ᱾
मुझे लगा कि अगर वे इस प्रस्ताव को मान लेंगे, तो दूसरे भी ऐसा ही करने के लिए राज़ी हो जाएँगे ।	ᱤᱧ ᱤᱧ ᱟᱹᱭᱠᱟᱹᱣ ᱮᱫᱟ ᱡᱮ ᱩᱱᱠᱩ ᱡᱩᱫᱤ ᱱᱚᱶᱟ ᱯᱨᱚᱥᱛᱟᱵᱽ ᱨᱮᱠᱚ ᱨᱟᱡᱤᱜᱼᱟ ᱛᱟᱦᱚᱞᱮ ᱮᱴᱟᱜ ᱠᱚᱦᱚᱸ ᱱᱚᱶᱟ ᱞᱟᱭᱤᱱ ᱟᱜᱩ ᱞᱟᱜᱤᱫ ᱨᱟᱡᱤ ᱦᱚᱪᱚ ᱠᱚᱨᱟᱣ ᱜᱟᱱᱚᱜᱼᱟ᱾
बंद जगहें मुझे घबरा देती हैं।	ᱮᱥᱮᱫ ᱴᱷᱟᱶᱠᱚ ᱤᱧᱮ ᱱᱟᱨᱵᱷᱟᱥᱤᱧᱟᱹ ᱾
उन्होंने 1992 से 1998 तक विन्निपेग सिटी काउंसिल में सेवा दी।	ᱩᱱᱤ ᱫᱚ ᱑᱙᱙᱒ ᱠᱷᱚᱱ ᱑᱙᱙᱘ ᱦᱟᱹᱵᱤᱡ ᱤᱭᱩᱱᱤᱯᱮᱜ ᱥᱤᱴᱤ ᱠᱟᱣᱩᱱᱥᱤᱞ ᱨᱮᱭᱟᱜ ᱫᱟᱭᱵᱷᱟᱨᱮ ᱯᱟᱞᱟᱣ ᱞᱮᱫᱟ ᱾
ये सिक्के ज़्यादातर ताँबे में और बहुत ही कम चाँदी में पाए जाते थे ।	ᱱᱚᱣᱟ ᱠᱚᱭᱮᱱ ᱠᱚ ᱰᱷᱮᱨᱜᱟᱱ ᱜᱮ ᱛᱟᱢᱵᱟ ᱟᱨ ᱠᱩᱛᱪᱤᱛ ᱠᱚᱫᱟᱪᱤᱛ ᱨᱩᱯᱟᱹ ᱨᱮᱭᱟᱜ ᱦᱩᱭᱩᱜᱼᱟ, ᱫᱩᱨᱤᱵᱽ ᱨᱮᱭᱟᱜ ᱰᱟᱭᱠᱚᱨᱮ ᱥᱚᱱᱛᱚᱨ ᱛᱮ ᱞᱟᱹᱠᱛᱤᱭᱟᱱ ᱱᱚᱠᱥᱟ ᱜᱟᱨᱹ ᱦᱩᱭᱩᱜᱼᱟ ᱾
वयस्कों के लिए कोई अलग प्रविष्टि भुगतान नहीं है.	ᱥᱮᱸᱲᱟ ᱦᱚᱲᱠᱚ ᱞᱟᱹᱜᱤᱫ ᱡᱟᱦᱟᱱ ᱵᱷᱮᱜᱟᱨ ᱵᱚᱞᱚᱜ ᱜᱚᱱᱚᱝ ᱫᱚ ᱵᱟᱹᱱᱩᱜᱼᱟ ᱿
लेकिन, यह तरीका बुनियादी तौर पर सीमित है क्योंकि बादल के खाली दृश्‍यों की संभावना कम होती है जब एक दृश्य द्वारा कवर क्षेत्र बढ़ता है.	ᱡᱟᱸᱦᱟ ᱜᱮ ᱦᱩᱭᱮᱱ, ᱱᱚᱣᱟ ᱯᱟᱱᱛᱷᱟ ᱫᱚ ᱢᱩᱲᱩᱫ ᱞᱮᱠᱟᱛᱮ ᱥᱩᱢᱩᱝ ᱜᱮᱭᱟ ᱪᱮᱫᱟᱜ ᱥᱮ ᱢᱤᱰᱴᱟᱝ ᱪᱤᱛᱟᱹᱨ ᱛᱮ ᱯᱚᱴᱚᱢ ᱴᱚᱴᱷᱟ ᱵᱟᱹᱲᱛᱤᱜ ᱥᱟᱶ ᱥᱟᱶᱛᱮ ᱨᱤᱢᱤᱞ ᱵᱮᱜᱚᱨᱟᱱ ᱪᱤᱛᱟᱹᱨ ᱦᱩᱭ ᱤᱫᱤᱜ ᱠᱚᱢᱚᱜᱼᱟ ᱾
मुझे विश्वास नहीं हो रहा कि जिस कंपनी में मैंने निवेश किया था वह एक घोटाला निकली। वे अपने शेयरधारकों के साथ ऐसा कैसे कर सकते थे?	ᱤᱧ ᱡᱟᱦᱟ ᱠᱳᱢᱯᱟᱱᱤᱨᱮᱧ ᱵᱤᱱᱤᱭᱳᱜ ᱟᱠᱟᱫᱟ ᱚᱱᱟ ᱫᱚ ᱢᱤᱫᱴᱟᱝ ᱠᱮᱞᱮᱝᱠᱟᱹᱨᱤ ᱨᱮ ᱯᱷᱮᱨᱟᱣ ᱟᱠᱟᱱᱟ ᱚᱱᱟ ᱵᱟᱹᱧ ᱯᱟᱹᱛᱭᱟᱹᱣ ᱫᱟᱲᱮᱭᱟᱜ ᱠᱟᱱᱟ ᱾ ᱪᱮᱠᱟ ᱞᱮᱠᱟᱛᱮ ᱩᱝᱠᱩ ᱫᱚ ᱟᱠᱚᱨᱮᱱ ᱥᱮᱭᱟᱨ ᱦᱳᱞᱰᱟᱨ ᱠᱚ ᱱᱚᱣᱟᱠᱚ ᱠᱚᱨᱟᱣ ᱫᱟᱲᱮᱭᱟᱜᱼᱟ ?
इसे 1843 तक टर्मिनस कहा जाता था, जब इसका नाम बदलकर मार्थासविले कर दिया गया।	᱑᱘᱔᱓ ᱥᱟᱞ ᱫᱷᱟᱹᱵᱤᱡᱛᱮ ᱱᱚᱣᱟ ᱫᱚ ᱴᱮᱨᱢᱤᱱᱟᱥ ᱢᱮᱱᱚᱜᱚᱜ ᱠᱟᱱ ᱛᱟᱦᱮᱠᱟᱱᱟ, ᱛᱤᱱᱨᱮ ᱧᱩᱛᱩᱢ ᱵᱚᱫᱚᱞ ᱠᱟᱛᱮᱫ ᱢᱟᱨᱛᱷᱟᱥᱵᱷᱤᱞᱮ ᱫᱚᱦᱚ ᱦᱩᱭᱞᱮᱱᱟ ᱾
हालाँकि उत्तर भारतीय भोजन में सड़क विशेषणियाँ भी उपलब्ध हैं, फिर भी इस क्षेत्र में भी भारतीय केले भी उपलब्ध हैं ।	ᱱᱚᱶᱟ ᱰᱟᱦᱟᱨ ᱫᱚ ᱵᱷᱟᱨᱚᱛᱤᱭᱟᱹ ᱡᱚᱢᱟᱜ ᱞᱟᱹᱜᱤᱫ ᱥᱚᱨᱮᱥ ᱦᱩᱭᱞᱮᱱ ᱨᱮᱦᱚᱸ ᱱᱚᱶᱟ ᱴᱚᱴᱷᱟ ᱨᱮ ᱮᱴᱟᱜ ᱵᱷᱟᱨᱚᱛᱤᱭᱟᱹ ᱡᱚᱢᱟᱜ ᱦᱚᱸ ᱧᱟᱢᱚᱜᱼᱟ ᱾
वे स्थानीय अर्थव्यवस्था का एक बड़ा हिस्सा बन गए।	ᱩᱱᱠᱩ ᱫᱚ ᱛᱷᱟᱹᱭᱤ ᱠᱟᱹᱣᱰᱤ ᱟᱹᱨᱤ ᱨᱮᱭᱟᱜ ᱢᱤᱫᱴᱟᱝ ᱢᱟᱨᱟᱝ ᱦᱤᱸᱥ ᱞᱮᱠᱟᱛᱮ ᱠᱚ ᱦᱩᱭ ᱞᱮᱱᱟ ᱾
पिछली तीन बार आपके पास वह कुछ भी नहीं था जो मुझे चाहिए था और आप कल रविवार को बंद हैं।	ᱯᱟᱨᱚᱢ ᱮᱱ ᱯᱮᱫᱷᱟᱣ ᱤᱧ ᱡᱟᱦᱟᱸᱧ ᱠᱷᱚᱡ ᱞᱮᱫᱟ ᱚᱱᱟ ᱫᱚ ᱟᱢ ᱴᱷᱮᱱ ᱵᱟᱝ ᱛᱟᱦᱮᱸ ᱠᱟᱱᱟ ᱟᱨ ᱜᱟᱯᱟ ᱥᱤᱸᱜᱮ ᱢᱟᱦᱟ ᱟᱢᱟᱜ ᱵᱚᱱᱫᱷᱚ ᱛᱟᱦᱮᱱᱟ ᱾
मेरी डायबिटीज़ की वजह से मुझे कितना समय तक पनीर नहीं मिला है.	ᱤᱧᱫᱚ ᱰᱟᱭᱟᱵᱮᱴᱤᱠ ᱠᱷᱟᱹᱛᱤᱨᱛᱮ ᱩᱱᱟᱹᱜᱫᱤᱱ ᱪᱤᱡᱽᱠᱮᱠᱮ ᱵᱟᱹᱧ ᱡᱚᱢ ᱟᱠᱟᱫᱟ ᱿
कौन सी भाषा आप मुझे ले जाना चाहिए लगता है?	ᱤᱧᱟᱹᱜ ᱡᱟᱦᱟᱸᱱ ᱯᱟᱹᱨᱥᱤ ᱦᱟᱛᱟᱣ ᱞᱟᱹᱠᱛᱤ ᱢᱮᱱᱟᱜᱼᱟ ᱢᱮᱱᱛᱮ ᱟᱢ ᱢᱚᱱᱮᱭᱟ ?
आप सड़क के गलत दिशा में गाड़ी चलाकर ट्रैफिक क्यों रोकेंगे? आपकी वजह से मुझे काम पर पहुँचने में देर हो जाएगी।	ᱪᱮᱫᱟᱜ ᱟᱢ ᱫᱚ ᱰᱟᱦᱟᱨ ᱨᱮᱭᱟᱜ ᱵᱮᱼᱵᱩᱴᱟᱹ ᱥᱮᱪ ᱜᱟᱺᱰᱤᱢ ᱪᱟᱞᱟᱣ ᱤᱫᱤᱭᱮᱫ ᱠᱟᱱᱟ ᱟᱨ ᱰᱟᱦᱟᱨᱮᱢ ᱮᱥᱮᱫ ᱮᱫ ᱠᱟᱱᱟ ? ᱤᱧ ᱫᱚ ᱟᱢ ᱠᱷᱟᱹᱛᱤᱨ ᱠᱟᱹᱢᱤᱨᱮᱧ ᱵᱤᱞᱚᱢᱚᱜ ᱠᱟᱱᱟ ᱾
गाँववालों में से कई लोगों को इसे इस्तेमाल करने के बाद त्वचा से एलर्जी होनी पड़ी ।	ᱟᱛᱩᱨᱮᱱ ᱟᱭᱢᱟ ᱦᱚᱲᱜᱮ ᱱᱤᱭᱟᱹ ᱵᱮᱣᱦᱟᱨ ᱛᱟᱭᱚᱢ ᱦᱟᱨᱛᱟ ᱨᱮ ᱮᱞᱟᱨᱡᱤ ᱦᱩᱭ ᱟᱠᱟᱱ ᱛᱟᱠᱚᱣᱟ ᱿
कालेब की खुशी उसके जयकारे में स्पष्ट थी जब उसकी टीम ने विजयी गोल किया।	ᱟᱡ ᱨᱮᱱ ᱜᱟᱫᱮᱞ ᱫᱚ ᱡᱤᱛᱠᱟᱹᱨ ᱜᱳᱞ ᱠᱚᱨᱟᱣ ᱠᱷᱟᱹᱛᱤᱨ ᱛᱮ ᱠᱮᱞᱮᱵᱽ ᱟᱜ ᱨᱟᱹᱥᱠᱟᱹ ᱫᱚ ᱯᱩᱥᱴᱟᱹᱣ ᱛᱟᱦᱮᱸ ᱠᱟᱱᱟ ᱾
यदि तुम किसी अध्ययन के कहने से कुछ न करो, तो ऐसा न हो कि कोई उत्तर पाए।	ᱟᱢ ᱡᱩᱫᱤ ᱪᱮᱫ ᱦᱚᱸ ᱵᱟᱢ ᱪᱮᱠᱟᱭᱟ ᱪᱮᱫᱟᱜ ᱥᱮ ᱥᱚᱢᱤᱠᱠᱷᱟ ᱫᱚ ᱵᱟᱭ ᱞᱟᱹᱭ ᱮᱫᱟ, ᱮᱱᱠᱷᱟᱱ ᱱᱚᱣᱟ ᱫᱚ ᱨᱩᱠᱷᱤᱭᱟᱹᱣ ᱞᱮᱠᱟᱛᱮ ᱡᱚᱛᱦᱟᱛ ᱵᱟᱝ ᱦᱩᱭ ᱫᱟᱲᱮᱭᱟᱜ ᱟ ᱾
यहाँ के जंगलों में बहुत - से पेड़ पाए जाते हैं ।	ᱯᱞᱤᱴᱵᱷᱟᱭᱤᱥ ᱡᱟᱞᱟ-ᱯᱩᱠᱷᱨᱤ ᱡᱟᱹᱛᱤᱭᱟᱹᱨᱤ ᱵᱟᱲᱜᱮ ᱨᱮ ᱢᱩᱬ ᱠᱟᱭᱛᱮ ᱵᱤᱪ, ᱥᱯᱨᱩᱥ, ᱟᱨ ᱫᱮᱵᱽᱫᱟᱨᱩ ᱫᱟᱨᱮ ᱛᱮ ᱥᱚᱠᱛᱚ ᱵᱤᱨ ᱟᱠᱟᱱᱟ, ᱟᱨ ᱱᱚᱸᱰᱮ ᱟᱞᱯᱟᱭᱤᱱ ᱟᱨ ᱵᱷᱩᱢᱚᱫᱷᱭᱚᱥᱟᱜᱚᱨ ᱵᱤᱨᱵᱩᱨᱩ ᱢᱤᱞᱟᱹᱣ ᱦᱚᱸ ᱢᱮᱱᱟᱜᱼᱟ᱾
20 जून 1882 को उन्होंने एक अन्य कुशल निशानेबाज फ्रैंक ई. बटलर से शादी की।	᱒᱐ ᱡᱩᱱ ᱑᱘᱘᱒ ᱥᱟᱞ ᱨᱮ ᱩᱱᱤ ᱫᱚ ᱯᱷᱨᱟᱱᱥ ᱱᱚᱶᱟ ᱵᱟᱯᱞᱟᱭ ᱠᱷᱚᱡ ᱞᱮᱫᱟ, ᱨ ᱮᱴᱟᱜᱢᱤᱫᱦᱚᱪ ᱵᱟᱯᱞᱟ ᱠᱤᱱ ᱠᱷᱚᱡ ᱠᱮᱫᱟ, ᱮᱴᱟᱜ ᱢᱤᱫᱦᱚᱲ ᱜᱟᱹᱠᱷᱩᱲ ᱥᱩᱴᱟᱨ ᱾
अकसर, व्यापार दस्तावेज़ों के साथ समय बहुत महत्त्वपूर्ण होता है, व्यापारिक विवरणों के साथ लेन - देन या एक अत्यावश्‍यक मरम्मत के लिए कुछ अंश लेते हैं ।	ᱠᱩᱨᱤᱭᱚᱨ ᱠᱚᱢᱯᱟᱱᱤ ᱠᱚ ᱣᱟᱜ ᱡᱤᱱᱤᱥ ᱫᱚ ᱩᱥᱮᱨᱟ ᱛᱮ ᱥᱮᱴᱮᱨ ᱞᱟᱹᱜᱤᱫ ᱵᱮᱥ ᱛᱮ ᱵᱷᱩᱜᱽᱛᱟᱱ ᱦᱩᱭᱩᱜᱼᱟ᱾ ᱡᱟᱣ ᱜᱮ, ᱦᱚᱴᱟᱛ ᱢᱚᱨᱟᱢᱚᱛ ᱞᱟᱹᱜᱤᱫ ᱵᱮᱯᱟᱨᱤᱠ ᱠᱟᱜᱳᱡᱽ ᱠᱚ, ᱵᱮᱯᱟᱨᱤᱠ ᱡᱤᱱᱤᱥ ᱠᱚ ᱟᱨᱵᱟᱝ ᱮᱥᱯᱮᱭᱚᱨ ᱯᱟᱨᱴᱥ ᱠᱚ ᱥᱟᱶᱛᱮ ᱥᱚᱢᱚᱭ ᱫᱚ ᱟᱹᱰᱤ ᱞᱟᱹᱠᱛᱤᱭᱟ᱾
मेरे पास पंद्रह सब्ज़ी हैं।	ᱤᱧ ᱴᱷᱮᱱ ᱜᱮᱞ ᱢᱚᱬᱮ ᱜᱚᱴᱟᱝ ᱥᱚᱵᱽᱡᱤ ᱢᱮᱱᱟᱜᱼᱟ ᱠᱚᱣᱟ।
हालाँकि पार्क में अनेक जानवरों को मनुष्यों को देखने के लिए प्रयोग किया जाता है, जंगली जीव - जन्तु निश्‍चित ही जंगली होते हैं और उन्हें खाना या परेशान नहीं करना चाहिए ।	ᱯᱟᱨᱠ ᱨᱮ ᱢᱮᱱᱟᱜ ᱠᱚ ᱡᱟᱱᱣᱟ ᱠᱚᱫᱚ ᱦᱚᱲ ᱧᱮᱞ‌ᱧᱮᱞᱛᱮᱠᱚ ᱯᱟᱹᱨᱠᱟᱹᱣ ᱠᱟᱱᱟ ᱮᱱᱛᱮᱨᱮᱦᱚᱸ, ᱵᱩᱨ ᱡᱩᱱᱛᱩ ᱫᱚᱠᱚ ᱚᱵᱚᱞᱟ ᱜᱮᱭᱟ ᱟᱨ ᱩᱱᱠᱩ ᱡᱚᱢ ᱮᱢ ᱥᱮ ᱟᱹᱲᱤᱥ ᱦᱚᱪᱚ ᱵᱟᱝ ᱡᱩᱛᱩᱜᱼᱟ᱾
वे अलग - अलग बातें सीखने में समर्थ होंगे ।	ᱩᱝᱠᱩ ᱫᱚ ᱵᱷᱮᱜᱟᱨ ᱵᱷᱮᱜᱟᱨ ᱡᱤᱱᱤᱥᱠᱩ ᱪᱮᱫᱽᱫᱟᱲᱮᱭᱟᱜᱼᱟ ᱾
जब मेरे खाते में पर्याप्त पैसा है तो आप मेरी भुगतान सीमा क्यों नहीं बढ़ा रहे हैं?	ᱤᱧᱟᱜ ᱮᱠᱟᱣᱩᱱᱴ ᱨᱮ ᱯᱮᱨᱮᱡ ᱯᱩᱨᱩᱱ ᱠᱟᱹᱣᱰᱤ ᱢᱮᱱᱟᱜ ᱦᱟᱞᱚᱛ ᱨᱮ ᱟᱢ ᱪᱮᱰᱟᱜ ᱤᱧᱟᱜ ᱠᱟᱹᱣᱰᱤ ᱮᱢ ᱨᱮᱭᱟᱜ ᱥᱤᱢᱟᱹ ᱵᱟᱢ ᱰᱷᱮᱨᱮᱫᱟ ?
इस रोग के पहले मामले जुलाई में रिपोर्ट किए गए थे ।	ᱱᱚᱶᱟ ᱨᱤᱛᱩ ᱨᱮ ᱱᱚᱶᱟ ᱵᱮᱢᱟᱨ ᱢᱟᱲᱟᱝ ᱨᱮ ᱯᱩᱭᱞᱩ ᱢᱟᱹᱢᱞᱟᱹ‌ ᱱᱤᱭᱟᱹ ᱥᱟᱱ ᱨᱮᱭᱟᱜ ᱢᱩᱪᱟᱹᱫ ᱨᱮ ᱦᱮᱡ ᱞᱮᱱᱟ᱾
यह देखकर मुझे बहुत निराशा हो रही है कि मेरे शेयरों को बड़ा झटका लगा है। मैं इस निवेश पर भरोसा कर रहा था।	ᱤᱧ ᱫᱚ ᱟᱹᱰᱤ ᱫᱩᱠᱷᱤᱧ ᱵᱩᱡᱷ ᱮᱫᱟ ᱡᱮ ᱤᱧᱟᱜ ᱥᱴᱚᱠ ᱫᱚ ᱢᱤᱫᱴᱟᱝ ᱢᱟᱨᱟᱝ ᱵᱮᱜᱷᱚᱴᱚᱱ ᱟᱠᱟᱫᱟᱭ ᱾ ᱤᱧ ᱫᱚ ᱱᱚᱣᱟ ᱵᱤᱱᱤᱭᱳᱜ ᱪᱮᱛᱟᱱᱤᱧ ᱴᱮᱦᱟᱰᱚᱜ ᱠᱟᱱ ᱛᱟᱦᱮᱠᱟᱱᱟ ᱾
मैं इस अनुभव एक तरह का हो जाना चाहते हैं.	ᱟᱢᱜᱮ ᱠᱚᱨᱟᱣ ᱦᱩᱭᱩᱜ ᱛᱟᱢᱟ ! ᱱᱚᱶᱟ ᱢᱤᱫ ᱩᱭᱦᱟᱹᱨᱟᱱᱟᱜ ᱵᱩᱡᱩᱱ ᱦᱩᱭᱩᱜ ᱢᱟᱧ ᱠᱷᱚᱡ ᱠᱟᱱᱟ ᱾
यह एक ऐसा पेशा है जिसे हासिल करने का जुनून सवार है और जो पूरे विश्‍वास और संकल्प से भरा है ।	ᱵᱤᱰᱟᱹᱣᱟᱱᱟᱜ ᱟᱭᱰᱤᱭᱟ ᱠᱩ ᱞᱟᱹᱜᱤᱫ ᱟᱵᱮᱜᱛᱮ ᱥᱟᱡᱟᱣᱟᱠᱟᱱ ᱟᱨ ᱱᱤᱡᱟᱹ ᱯᱟᱹᱛᱭᱟᱹᱣ ᱟᱨ ᱢᱚᱱᱮ ᱜᱚᱴᱟᱭ ᱦᱚᱛᱮᱛᱮ ᱵᱮᱱᱟᱣᱟᱠᱟᱱᱟ, ᱩᱠᱷᱨᱩᱞ ᱠᱷᱚᱱ ᱡᱟᱱᱚᱨᱤᱱ ᱫᱚ ᱢᱤᱫᱴᱟᱝ ᱫᱤᱱᱟᱹᱢ ᱨᱮᱱ ᱩᱫᱫᱳᱜᱛᱟ ᱫᱚᱭ ᱵᱟᱝ ᱠᱟᱱᱟ ᱾
प्रति सेकेंड १,५०,००० से अधिक हवा के साथ किसी भी प्रदर्शन को रिकार्ड करने के उद्देश्‍य के लिए गिना नहीं जाता है ।	ᱴᱤᱯᱤᱡᱽ ᱯᱤᱪᱷᱟᱹ ᱒.᱐ ᱢᱤᱴᱟᱨ ᱠᱷᱚᱱ ᱡᱟᱹᱥᱛᱤ ᱛᱟᱭᱚᱢᱛᱮ ᱪᱟᱞᱟᱜ ᱦᱚᱭ ᱥᱟᱶ ᱡᱟᱦᱟᱸᱱ ᱩᱫᱩᱜᱽᱥᱚᱫᱚᱨ ᱨᱮᱠᱚᱨᱰ ᱢᱩᱫᱨᱮ ᱵᱟᱝ ᱦᱟᱛᱟᱣ ᱦᱩᱭᱟᱠᱟᱱᱟ ᱾
हेवरली में जन्मे, उनकी मृत्यु वालेंसिया, स्पेन में हुई।	ᱩᱱᱤᱫᱚ ᱦᱮᱵᱷᱟᱨᱞᱤ ᱨᱮᱭ ᱡᱟᱱᱟᱢ ᱞᱮᱱᱟ ᱟᱨ ᱥᱯᱮᱱ ᱨᱮᱭᱟᱜ ᱵᱷᱮᱹᱞᱮᱱᱥᱤᱭᱟ ᱨᱮᱭ ᱜᱚᱪ ᱞᱮᱱᱟ ᱾
कंप्यूटर आने से पहले, कर्मचारियों का डेटा अक्सर फाइलिंग कैबिनेट में रखा जाता था।	ᱠᱚᱢᱯᱤᱭᱩᱴᱟᱨ ᱞᱟᱦᱟᱨᱮ, ᱠᱟᱹᱢᱤᱭᱟᱹ ᱠᱚᱣᱟᱜ ᱰᱮᱴᱟ ᱫᱚ ᱡᱟᱹᱥᱛᱤ ᱜᱮ ᱯᱷᱟᱭᱞᱤᱝ ᱠᱮᱵᱤᱱᱮᱴ ᱨᱮ ᱫᱚᱦᱚ ᱦᱩᱭᱩᱜ ᱠᱟᱱ ᱛᱟᱦᱮᱠᱟᱱᱟ ᱾
गुरुवार के प्रमुखविचार प्रस्तुति में टोक्यो खेल शो, Ninnon Nind राष्ट्रपति Suu Cra ने कंपनी के नए Nininino क्रांति कंसोल के लिए डिजाइन की घोषणा की.	ᱥᱟᱹᱨᱫᱤ ᱢᱟᱦᱟᱸ ᱨᱮᱭᱟᱜ ᱴᱚᱠᱤᱭᱳ ᱜᱮᱢᱥ ᱥᱳ ᱢᱩᱬ ᱩᱱᱩᱫᱩᱜ ᱨᱮ, ᱱᱤᱱᱛᱮᱱᱰᱳ ᱨᱤᱱᱤᱡ ᱯᱟᱨᱥᱮᱛ ᱥᱚᱛᱳᱨᱩ ᱤᱣᱟᱴᱟ ᱠᱚᱢᱯᱟᱱᱤ ᱨᱮᱭᱟᱜ ᱱᱟᱣᱟ ᱱᱤᱱᱛᱮᱱᱰᱳ ᱠᱨᱟᱱᱛᱤ ᱠᱚᱣᱥᱚᱞ ᱞᱟᱹᱜᱤᱫ ᱠᱚᱱᱴᱨᱚᱞᱚᱨ ᱱᱚᱠᱥᱟ ᱭᱮ ᱩᱰᱷᱟᱹᱣ ᱥᱟᱹᱜᱩᱱ ᱟᱠᱟᱫ-ᱟI
ᱵᱤᱞ, ᱫᱟᱭᱟ ᱠᱟᱛᱮ	बिल, कृपया
मुझे खुशी है कि लंबे समय के बाद हर कोई एसोसिएशन की बैठक में आया है।	ᱟᱭᱢᱟ ᱫᱤᱱ ᱛᱟᱭᱚᱢ ᱥᱚᱢᱤᱛᱤ ᱨᱮᱭᱟᱜ ᱡᱚᱢᱮᱞᱟᱭ ᱨᱮ ᱥᱮᱴᱮᱨ ᱟᱠᱟᱱ ᱛᱤᱧ ᱨᱟᱹᱥᱠᱟᱹ ᱟᱠᱟᱱᱟ ᱾
मेरे पास उनतीस घोड़ा हैं।	ᱤᱧ ᱴᱷᱮᱱ ᱠᱩᱲᱤ ᱱᱟᱭ ᱜᱚᱴᱟᱝ ᱜᱷᱚᱲᱟ ᱢᱮᱱᱟᱜᱼᱟ ᱠᱚᱣᱟ।
वे आपके वायरस प्रमाणपत्रों के लिए द्वार पर, आप से पूछना होगा.	ᱩᱱᱠᱩ ᱵᱚᱞᱚᱜ ᱫᱩᱣᱟᱹᱨ ᱨᱮ ᱟᱢᱟᱜ ᱴᱤᱠᱟᱹ ᱥᱤᱫ ᱥᱟᱠᱟᱱ ᱞᱟᱹᱜᱤᱫ ᱠᱚ ᱠᱩᱞᱤ ᱢᱮᱭᱟ ᱾
विश्‍वव्यापी आर्थिक संकट के बाद से, अधिकारी क्षेत्र ज़्यादा और ज़्यादा बेहतर जानकारी जमा कर रहा है और छुपा हुआ विद्वीयताओं की खोज कर रहा है ।	ᱡᱮᱜᱮᱫ ᱡᱟᱠᱟᱫ ᱠᱟᱹᱣᱰᱤ ᱟᱱᱟᱴ ᱛᱟᱭᱚᱢ ᱠᱷᱚᱱ, ᱚᱯᱷᱤᱥᱭᱟᱞ ᱥᱮᱠᱴᱚᱨ ᱟᱨᱦᱚᱸ ᱟᱨ ᱟᱨᱦᱚᱸ ᱵᱷᱟᱜᱮ ᱰᱚᱜᱚᱨᱮ ᱛᱩᱢᱟᱹᱞ ᱮᱫᱟ ᱟᱨ ᱩᱠᱩ ᱟᱠᱟᱱ ᱠᱚᱢᱡᱩᱨᱤ ᱠᱚᱭ ᱯᱟᱸᱡᱟᱭᱮᱫᱟ ᱾
अपनी उंगली से पेंट मिलाना और फिर उसे चाटना बंद करो।	ᱟᱢᱟᱜ ᱠᱟᱹᱴᱩᱵ ᱛᱮ ᱢᱮᱥᱟᱞ ᱟᱨ ᱚᱱᱟ ᱛᱟᱭᱚᱢ ᱚᱱᱟ ᱪᱟᱴᱚᱜ ᱫᱚ ᱵᱚᱱᱫᱚᱭ ᱢᱮ ᱾
मेरे पास उनसठ मुर्गी हैं।	ᱤᱧ ᱴᱷᱮᱱ ᱢᱚᱬᱮ ᱜᱮᱞ ᱱᱟᱭ ᱜᱚᱴᱟᱝ ᱢᱩᱠᱨᱤ ᱢᱮᱱᱟᱜᱼᱟ ᱠᱚᱣᱟ।
ᱡᱷᱤᱡᱽ ᱢᱮ	खुला
जापान के एक समूह के साथ - साथ जापान का भी ज़िक्र किया गया है ।	ᱡᱟᱯᱟᱱ ᱨᱮ ᱫᱤᱯ ᱠᱚᱣᱟᱜ ᱡᱮᱛᱞᱮᱫ/ᱜᱟᱫᱮᱞ ᱢᱮᱱᱟᱜ ᱦᱚᱛᱮᱛᱮ, ᱡᱟᱯᱟᱱ ᱫᱚ ᱞᱮᱛᱟᱲ, ᱚᱛᱱᱚ ᱞᱮᱠᱟᱛᱮ, "ᱟᱨᱠᱤᱯᱮᱞᱟᱜᱳ" ᱠᱚ ᱢᱮᱛᱟᱜ ᱠᱟᱱᱟ᱾
वे पहले क्वींसलैंड के गोल्ड कोस्ट में रहते थे।	ᱩᱱᱠᱩ ᱫᱚ ᱯᱳᱭᱞᱳ ᱨᱮ ᱠᱩᱭᱱᱥᱞᱮᱹᱱᱰ ᱜᱳᱞᱰ ᱠᱳᱥᱴ ᱨᱮᱠᱚ ᱜᱤᱨᱟᱹ ᱵᱟᱥᱚᱜ ᱛᱟᱦᱮᱸ ᱾
ऐसी त्रुटियाँ मूल डेटा में अनपेक्षित परिवर्तन लाती हैं।	ᱱᱚᱝᱠᱟᱱ ᱵᱷᱩᱞ ᱠᱚᱫᱚ ᱢᱩᱲᱩᱫ ᱰᱮᱴᱟᱨᱮ ᱵᱟᱝᱥᱟᱱᱟ ᱟᱱᱟᱜ ᱵᱚᱫᱚᱞ ᱠᱚᱭ ᱥᱤᱨᱡᱟᱹᱣᱼᱟ ᱾
टेनिस कोर्ट पर डराने वाले प्रतिद्वंद्वी का सामना करते हुए स्मिता को सिहरन महसूस हुई।	ᱴᱮᱱᱤᱥ ᱠᱳᱨᱴ ᱨᱮ ᱥᱢᱤᱛᱟ ᱡᱚᱠᱷᱚᱱ ᱵᱚᱛᱚᱨᱟᱱ ᱵᱤᱨᱩᱫᱷᱤᱭᱟᱹ ᱥᱟᱞᱟᱜ ᱮ ᱥᱟᱢᱟᱝ ᱫᱟᱯᱨᱟᱢ ᱞᱮᱱᱟ ᱩᱱ ᱩᱱᱤᱭ ᱛᱷᱟᱨ ᱛᱷᱟᱨᱟᱜ ᱠᱟᱱ ᱛᱟᱦᱮᱸ ᱾
इस बीच, अमेरिकी सेना कोरियाई लोगों से नियंत्रण छीनने के लिए द्वीप पर हमला करती है।	ᱱᱚᱸᱛᱮ, ᱟᱢᱮᱨᱤᱠᱟ ᱨᱮᱱ ᱯᱷᱟᱹᱫ ᱠᱚ ᱠᱳᱨᱤᱭᱟᱱ ᱠᱚ ᱴᱷᱮᱱ ᱠᱷᱚᱱ ᱜᱚᱵᱚᱞ ᱦᱟᱛᱟᱣ ᱞᱟᱹᱜᱤᱫ ᱰᱷᱤᱯ ᱠᱚ ᱡᱟᱨᱯᱟ ᱞᱮᱫᱟ ᱾
बर्तन कभी साफ नहीं होते ।	ᱛᱷᱟᱹᱨᱤ ᱵᱟᱹᱴᱤ ᱥᱟᱯᱷᱟ ᱜᱮ ᱵᱟᱝ ᱛᱟᱦᱮᱱᱟ ᱾
आप मेरा खाता खोलने में इतना समय क्यों ले रहे हैं? मैं यहाँ एक घंटे से अधिक समय से प्रतीक्षा कर रहा हूँ!	ᱟᱢ ᱫᱚ ᱤᱧᱟᱜ ᱣᱠᱟᱣᱩᱱᱴ ᱵᱮᱱᱟᱣᱛᱮ ᱱᱩᱱᱟᱹᱜ ᱚᱠᱛᱚ ᱪᱮᱫᱟᱜ ᱮᱢ ᱦᱟᱛᱟᱣ ᱮᱫᱟ ? ᱤᱧ ᱱᱚᱸᱰᱮ ᱢᱤᱫ ᱴᱟᱲᱟᱝ ᱠᱷᱚᱱ ᱦᱚᱸ ᱰᱷᱮᱨ ᱚᱠᱛᱚ ᱠᱷᱚᱱᱤᱧ ᱛᱟᱹᱜᱤᱭᱮᱫᱟ ᱾
7907 में एक जल घड़ी की एक 'या संभवतः 801D', बगेदाद, रॉन अल-ब्रिएद का शाही बगास, एक एशियाई हाथी के साथ, साथ एक "साथ" जल की घड़ी के बारे में एक महान उदाहरण प्रस्तुत किया।	᱗᱙᱗ ᱠᱷᱨᱤᱥᱴᱟᱵᱫᱽᱨᱮ (ᱥᱮ ᱦᱩᱭᱫᱟᱲᱮᱭᱟᱜᱼᱟ ᱘᱐᱑ ᱠᱷᱨᱤᱥᱴᱟᱵᱫᱽ) ᱵᱟᱜᱫᱟᱫᱨᱮᱱ ᱟᱵᱵᱟᱥᱤᱭᱟᱹ ᱠᱷᱚᱞᱤᱯᱷᱟ ᱦᱟᱨᱩᱱ ᱟᱞ ᱨᱚᱥᱤᱫ ᱢᱤᱫᱴᱟᱝ ᱫᱟᱜᱽᱜᱷᱟᱹᱲᱤ ᱨᱮᱭᱟᱜ "ᱵᱤᱥᱟᱹᱥᱠᱟᱭᱛᱮ ᱵᱤᱪᱷᱱᱟᱹᱣ ᱫᱟᱹᱭᱠᱟᱹᱠᱩ" ᱥᱟᱶ ᱢᱤᱫᱥᱟᱶᱛᱮ ᱟᱵᱩᱞ ᱟᱵᱵᱟᱥ ᱧᱩᱛᱩᱢᱟᱱ ᱢᱤᱫᱴᱟᱝ ᱮᱥᱤᱭᱟᱱ ᱦᱟᱹᱛᱤ ᱦᱚᱛᱮᱛᱮ ᱥᱟᱨᱞᱮᱢᱮᱱᱼᱮ ᱩᱫᱩᱜᱽᱥᱚᱫᱚᱨᱞᱤᱫᱤᱭᱟ ᱾
ब्रिटेन का अंतर्राष्ट्रीय जल पानी समुद्र के पूरे भागों में जाने से रोकने के लिए किसी भी जहाज़ को रोक सका, यहाँ तक कि निष्पक्ष जहाजों को भी ख़तरा बना रहा ।	ᱡᱟᱦᱟᱱ ᱫᱟᱜ ᱡᱟᱦᱟᱡᱽ ᱠᱚ ᱫᱚᱨᱭᱟ ᱛᱮ ᱟᱞᱚᱠᱚ ᱵᱚᱞᱚᱱ ᱞᱟᱹᱜᱤᱫ ᱵᱨᱤᱴᱮᱱ ᱫᱚ ᱡᱮᱡᱟᱹᱛᱤᱭᱟᱹᱨᱤ ᱫᱟᱜᱼᱮ ᱞᱟᱻ ᱟᱠᱟᱫᱟ, ᱱᱚᱶᱟ ᱫᱚ ᱵᱮᱼᱯᱟᱦᱴᱟ ᱫᱟᱜ ᱡᱟᱦᱟᱡᱽ ᱯᱩᱨᱛᱤ ᱦᱚᱸ ᱵᱚᱛᱚᱨᱮ ᱵᱮᱱᱟᱣ ᱟᱠᱟᱫᱟ᱾
ग्राहकों के लिए एक सुरक्षित आहार की तलाश में, हम चावल, अनाज, सन के बीज, और चक्की के विकल्प प्रस्तुत करते हैं.	ᱜᱞᱩᱴᱮᱱᱼᱯᱷᱨᱤ ᱡᱚᱢᱟᱜ ᱠᱚ ᱯᱟᱸᱡᱟᱭᱮᱫᱟ ᱚᱱᱠᱟᱱ ᱠᱤᱨᱤᱧᱩᱭᱟ ᱠᱚ ᱞᱟᱹᱜᱤᱫ, ᱟᱞᱮ ᱫᱟᱠᱟ,ᱡᱚᱸᱰᱨᱟ, ᱥᱚᱱ ᱤᱛᱟᱹ ᱟᱨ ᱵᱟᱡᱽᱲᱟ ᱨᱮᱭᱟᱜ ᱞᱮ ᱮᱢᱟ ᱠᱚᱣᱟ ᱾
डी टोरीबियार्ट 2016 से 2017 तक राष्ट्रीय फुटबॉल महासंघ के अध्यक्ष थे।	ᱰᱤ ᱛᱳᱨᱮᱵᱤᱭᱟᱨᱛ ᱫᱚ ᱒᱐᱑᱖ ᱠᱷᱚᱱ ᱒᱐᱑᱗ ᱥᱟᱞ ᱦᱟᱹᱵᱤᱡ ᱡᱟᱹᱛᱤᱭᱟᱹᱨᱤ ᱯᱷᱩᱴᱵᱚᱞ ᱯᱷᱮᱰᱟᱨᱮᱥᱚᱱ ᱨᱮᱱ ᱢᱟᱲᱛᱮᱭ ᱛᱟᱦᱮᱸ ᱠᱟᱱᱟ ᱾
मैं आखिरकार घर वापस जा सकता हूँ। दीपावली के लिए एक लंबा सप्ताहांत आ रहा है।	ᱤᱧ ᱫᱚ ᱢᱩᱪᱟᱹᱫ ᱦᱟᱹᱵᱤᱡᱛᱮ ᱚᱲᱟᱜᱤᱧ ᱨᱩᱣᱟᱹᱲ ᱪᱟᱞᱟᱣ ᱫᱟᱲᱮᱭᱟᱜᱼᱟ ᱾ ᱫᱤᱯᱟᱵᱚᱞᱤ ᱨᱮ ᱞᱟᱹᱜᱤᱫ ᱢᱤᱫᱴᱟᱝ ᱡᱤᱞᱤᱧ ᱦᱟᱯᱛᱟ ᱢᱩᱪᱟᱹᱫ ᱪᱷᱩᱴᱤ ᱢᱮᱱᱟᱜᱼᱟ ᱾
इसके अलावा, ए. डी. ए. डी.	ᱨᱤᱝ ᱫᱚ ᱟᱨᱦᱚᱸ ᱦᱮᱯᱨᱟᱣ ᱥᱩᱨᱚᱠᱷᱭᱟ ᱠᱚᱢᱯᱟᱱᱤ, ᱮ.ᱰᱤ.ᱴᱤ ᱠᱚᱨᱯᱚᱨᱮᱥᱚᱱ ᱥᱟᱶ ᱢᱚᱠᱚᱨᱫᱚᱢᱟ ᱚᱝᱥᱟᱨ ᱥᱚᱞᱦᱮ ᱟᱠᱟᱫ-ᱟᱭI
छी! इन मॉडलों ने बमुश्किल कोई कपड़े पहने हैं।	ᱦᱮᱭ ! ᱱᱩᱝᱠᱩ ᱢᱚᱰᱮᱞ ᱠᱚᱣᱟᱜ ᱱᱚᱝᱠᱟ ᱡᱟᱦᱟᱱ ᱠᱤᱪᱨᱤᱡ ᱦᱚᱨᱚᱜ ᱦᱩᱭᱩᱜ ᱠᱟᱱᱟ ᱾
एक जन्म प्रमाणपत्र या एक पासपोर्ट करना होगा.	ᱢᱤᱫᱴᱟᱝ ᱡᱟᱱᱟᱢ ᱥᱟᱹᱵᱩᱫ ᱥᱮ ᱢᱤᱫᱴᱟᱝ ᱯᱟᱥᱯᱳᱨᱴ ᱮ ᱠᱚᱨᱟᱣᱼᱟ ᱾
स्कॉटrb बस 403 लोग नियमित रूप से सिनट की यात्रा करते हैं, कैबो डा रोका में रोक.	ᱥᱠᱳᱴᱴᱚᱨᱵᱽ ᱵᱚᱥ ᱔᱐᱓ ᱫᱤᱱᱟᱹᱢ ᱜᱮ ᱥᱤᱱᱴᱨᱟ ᱪᱟᱞᱟᱜᱼᱟ, ᱠᱟᱵᱳ ᱫᱟ ᱨᱳᱠᱟ ᱨᱮ ᱟᱴᱠᱟᱣᱜᱼᱟ᱾
यह सच है, लेकिन कौन परवाह करता है?	ᱥᱟ,ᱨᱤ ᱠᱟᱛᱷᱟ, ᱢᱮᱱᱠᱷᱟᱱ ᱚᱠᱚᱭᱮ ᱪᱤᱱᱛᱟᱹᱭᱟ ?
तुम्हारा मतलब है डॉक्टर अजीब है और भूतकाल का कई उलटा?	ᱦᱮᱸ ᱢᱮᱱᱮᱫᱽ ᱫᱚ ᱰᱚᱠᱴᱚᱨ ᱥᱴᱨᱮᱧᱡᱽ ᱟᱨ ᱫᱟ ᱢᱟᱞᱴᱤᱵᱷᱟᱨᱥ ᱚᱯᱷ ᱢᱮᱰᱱᱮᱥ ?
लेकिन मुझे शक है कि मैं पल में 5 टिकट के लिए व्यवस्था कर सकते हैं.	ᱢᱮᱱᱠᱷᱟᱱ ᱤᱧᱟᱜ ᱦᱤᱸᱫᱤᱡᱽ ᱤᱧ ᱫᱚ ᱱᱤᱭᱟᱹ ᱚᱠᱛᱚ ᱕ ᱜᱚᱴᱮᱡᱽ ᱴᱤᱠᱤᱴᱤᱧ ᱡᱚᱜᱟᱲ ᱫᱟᱲᱮᱭᱟᱜᱼᱟ ᱾
यह शहर देश के बाकी शहरों की स्पष्ट विषमता में है, क्योंकि यह एक अफ्रीकी से अधिक अरबी उड़ान से अधिक है.	ᱱᱚᱶᱟ ᱥᱚᱦᱚᱨ ᱫᱤᱥᱚᱢ ᱨᱮᱱᱟᱜ ᱮᱴᱟᱜ ᱥᱚᱦᱚᱨ ᱠᱷᱚᱱ ᱩᱞᱴᱟᱹ ᱢᱮᱱᱟᱜᱼᱟ, ᱪᱮᱫᱟᱜ ᱥᱮ ᱱᱚᱶᱟ ᱢᱤᱫ ᱟᱯᱷᱨᱤᱠᱟ ᱨᱮᱱᱟᱜ ᱛᱩᱞᱟᱹ ᱨᱮ ᱢᱤᱫ ᱟᱨᱵᱤ ᱯᱞᱮᱭᱟᱨ ᱠᱟᱱᱟ᱾
8 मई 2011 को लॉरेंस और डाल्टन टावर्स को ध्वस्त कर दिया गया।	᱘ ᱢᱮᱹ ᱒᱐᱑᱑ᱼᱨᱮ ᱞᱚᱨᱮᱱᱥ ᱟᱨ ᱰᱟᱞᱴᱚᱱ ᱴᱟᱣᱟᱨ ᱨᱟᱹᱯᱩᱫ ᱜᱤᱰᱤ ᱦᱩᱭ ᱞᱮᱱᱟ ᱾
यह आदेश अक्‍तूबर में शुरू हुए व्यापक विरोध के प्रति मार्टिनली की प्रतिक्रिया थी.	ᱟᱭᱳᱜᱽ ᱚᱠᱴᱚᱵᱚᱨ ᱨᱮ ᱮᱦᱚᱵᱽ ᱞᱮᱱ ᱵᱭᱟᱯᱚᱠ ᱥᱟᱥᱚᱱ-ᱵᱤᱨᱳᱫᱷᱤ ᱵᱤᱵᱟᱫᱽ ᱠᱚ ᱞᱟᱹᱜᱤᱫ ᱢᱚᱨᱴᱮᱞᱞᱤ ᱭᱟᱜ ᱯᱨᱚᱛᱤᱠᱨᱤᱭᱟ ᱛᱟᱦᱮᱸ ᱠᱟᱱᱟI
मंच के पीछे इतनी जोर से मत चिल्लाओ। दर्शक आपको सुन सकते हैं।	ᱩᱥᱩᱞ ᱯᱤᱸᱰᱟᱹ ᱨᱮᱭᱟᱜ ᱛᱟᱭᱚᱢ ᱥᱮᱫ ᱱᱩᱱᱟᱹᱜ ᱡᱳᱨ ᱟᱞᱚᱢ ᱠᱤᱠᱭᱟᱹᱜᱼᱟ ᱾ ᱟᱸᱡᱚᱢᱤᱭᱟᱹ ᱠᱚ ᱟᱢ ᱠᱚ ᱟᱸᱡᱚᱢ ᱢᱮᱭᱟ ᱾
तुम्हें भी एक वैध वोटर आईडी होना चाहिए, सही मैडम?	ᱟᱢᱟᱜ ᱦᱚᱸ ᱢᱤᱫᱴᱟᱝ ᱵᱳᱭᱫᱷᱚ ᱵᱷᱳᱴᱟᱨ ᱟᱭᱰᱤ ᱛᱟᱦᱮᱱ ᱦᱩᱭᱩᱜ ᱛᱟᱢᱟ, ᱚᱱᱟ ᱜᱮ ᱥᱮ ᱢᱟᱪᱮᱛᱟᱱᱤ ?
हाँ, यह सब धन्यवाद, जब मैं अन्यथा सोच रहा था.	ᱦᱮᱸ ᱥᱟᱨᱦᱟᱣ ᱜᱮ ᱟᱢᱫᱚ, ᱱᱚᱶᱟ ᱠᱚᱫᱚ ᱤᱧ ᱮᱴᱟᱜ ᱜᱮᱧ ᱩᱭᱦᱟᱹᱨ ᱞᱮᱫᱟ ᱾
मुझे बहुत खुशी है कि स्थिति को बदलने का एक तरीका मौजूद है।	ᱤᱧ ᱟᱹᱰᱤ ᱠᱩᱥᱤᱧ ᱵᱩᱡᱷ ᱮᱫᱟ ᱡᱮ ᱦᱟᱞᱚᱛ  ᱵᱚᱱᱚᱫᱚᱞ ᱨᱮᱭᱟᱜ ᱢᱤᱫᱴᱟᱝ ᱩᱯᱟᱹᱭ ᱢᱮᱱᱟᱜᱼᱟ ᱾
ᱤᱧ ᱱᱚᱸᱰᱮ ᱠᱟᱹᱢᱤ ᱞᱟᱹᱜᱤᱫ ᱢᱤᱱᱟᱹᱧᱟ	मैं यहां काम के लिए हूँ
यह कैसे आप विषय को और अधिक दिलचस्प बना सकते हैं अपने दम पर और चाल.	ᱟᱢ ᱟᱢᱛᱮᱜᱮ ᱟᱭᱢᱟ ᱴᱤᱯᱥ ᱟᱨ ᱠᱟᱹᱭᱫᱩᱥ ᱵᱮᱣᱦᱟᱨ ᱠᱟᱛᱮᱜ ᱥᱟᱛᱟᱢ ᱛᱮᱫ ᱟᱨᱦᱚᱸ ᱨᱤᱡᱷᱟᱹᱣ ᱟᱱᱟᱜ ᱮᱢ ᱵᱮᱱᱟᱣ ᱫᱟᱲᱮᱭᱟᱜᱼᱟ ᱾
इस प्रक्रिया में, एक जैविक धारा में एक जैविक धारा पायी जाती है जिसमें चयन - शक्‍ति - शक्‍ति की शक्‍ति, और खौफनाक बरबादी होती है, जिसके प्रयोग से तीव्र संकट उत्पन्‍न होता है ।	ᱱᱚᱶᱟ ᱦᱚᱨᱟᱨᱮ, ᱞᱮᱣᱦᱟᱱᱤ ᱥᱟᱵ ᱫᱚᱦᱚ ᱞᱮᱠᱟᱱ ᱡᱤᱵᱤᱭᱟᱹ ᱯᱨᱚᱵᱟᱦᱚ,ᱵᱟᱪᱷᱟᱣ ᱟᱠᱟᱫ ᱠᱚ ᱳᱰᱳᱠ ᱜᱤᱰᱤ ᱨᱮᱭᱟᱜ ᱪᱤᱱᱦᱟᱹ, ᱟᱨ ᱫᱟᱜ ᱢᱟᱹᱭᱞᱟᱹ ᱠᱚ ᱢᱮᱥᱟ ᱠᱟᱛᱮᱜ ᱥᱩᱯᱩᱨ ᱡᱳᱜᱟᱡᱳᱜ ᱮ ᱫᱚᱦᱚᱭᱟ ᱾
अच्छी परिस्थितियों में आप चलने से कुछ ज़्यादा दूर दूर तक जा सकेंगे - लेकिन शायद ही आप पार देश की गति मिल जाएगी बिना भारी पीठ के।	ᱵᱮᱥ ᱯᱚᱨᱤᱥᱛᱷᱤᱛᱤ ᱨᱮ ᱟᱢ ᱛᱟᱲᱟᱢ ᱨᱮᱭᱟᱜ ᱛᱤᱱᱟᱹᱜ ᱫᱷᱟᱹᱵᱤᱡ ᱜᱮ ᱰᱷᱮᱨ ᱡᱷᱟᱹᱞ ᱫᱷᱟᱹᱵᱤᱡ ᱪᱟᱞᱟᱜ ᱜᱟᱱᱟᱢ - ᱦᱮᱞᱮ ᱯᱟᱞᱮ ᱜᱮ ᱟᱵᱚ ᱠᱚ ᱫᱚ ᱟᱯᱮᱭᱟᱜ ᱜᱽᱨᱚᱢ ᱯᱚᱴᱨᱭ ᱨᱮ ᱵᱷᱚᱨᱟᱣ ᱠᱟᱱ ᱵᱮᱜᱽᱯᱮᱠ ᱨᱮᱭᱟᱜ ᱵᱤᱱᱟᱹ ᱛᱮ ᱠᱨᱚᱥ ᱫᱤᱥᱚᱢ ᱥᱠᱤ ᱨᱮᱛᱟᱜ ᱜᱚᱛᱤ ᱧᱟᱢ ᱫᱟᱲᱮᱭᱟᱜᱼᱟ᱾
हमारे पड़ोस के बच्चों को छुट्टी मिल गयी ।	ᱟᱞᱮ ᱴᱚᱞᱟ ᱨᱮᱱ ᱜᱤᱫᱽᱟᱹᱨ ᱯᱤᱫᱟᱹᱨ ᱠᱚ ᱪᱷᱩᱴᱤ ᱠᱚ ᱧᱟᱢ ᱟᱠᱟᱫᱟ
यही कारण है कि अपने विकल्प है।	ᱚᱱᱟ ᱫᱚ ᱟᱢᱟᱜᱽ ᱠᱩᱥᱤ ᱾
क्या समय हो गया है?	ᱱᱤᱛ ᱛᱤᱱᱟᱹᱜ ᱚᱠᱛᱚ ᱦᱩᱭ ᱟᱠᱟᱱᱟ?
मैं अपने नाम और उम्र पता कर सकते हैं?	ᱤᱧ ᱫᱚ ᱟᱢᱟᱜ ᱧᱩᱛᱩᱢ ᱟᱨ ᱩᱢᱟᱹᱨᱤᱧ ᱵᱟᱰᱟᱭ ᱫᱟᱲᱮᱭᱟᱜᱼᱟ ?
उन्होंने ए. अल्वारेज़ और अल अल्वारेज़ के नाम से रचनाएँ प्रकाशित कीं।	ᱩᱱᱤ ᱫᱚ ᱮ ᱟᱞᱵᱷᱟᱨᱮᱡ ᱟᱨ ᱚᱞ ᱟᱞᱵᱷᱟᱨᱮᱡ ᱧᱩᱛᱩᱢ ᱛᱮᱭ ᱩᱪᱷᱟᱹᱱᱟ ᱾
१६वीं शताब्दी में, जो पहले "का राज्य" कहा जाता था, स्पेन के आदिवासी समूहों के साथ स्पेन के विजेता की मुलाक़ात के परिणामस्वरूप हुआ ।	᱑᱖ ᱣᱤ ᱥᱮᱧᱪᱩᱨᱤ ᱨᱮ ᱯᱟᱨᱟᱜᱩᱣᱮ, ᱡᱟᱦᱟᱸ ᱫᱚ ᱢᱟᱲᱟᱝ "ᱫᱤ ᱡᱟᱭᱮᱸᱴ ᱯᱨᱚᱵᱦᱤᱱᱥ ᱚᱯᱷ ᱤᱱᱰᱤᱡᱽ" ᱠᱚ ᱢᱮᱱᱮᱫ ᱛᱟᱦᱮᱸᱫ, ᱱᱚᱶᱟ ᱫᱚ ᱥᱯᱮᱱᱤᱥ ᱡᱤᱛᱠᱟᱹᱨᱤᱭᱟᱹ ᱠᱚ ᱚᱸᱰᱮᱱ ᱟᱹᱫᱤᱵᱟᱹᱥᱤ ᱥᱟᱶ ᱡᱷᱟᱯᱟᱴᱟᱣ ᱨᱮᱱᱟᱜ ᱚᱨᱡᱚ ᱛᱮ ᱡᱟᱱᱟᱢ ᱞᱮᱱᱟ᱾
मेरे पास पाँच चीनी हैं।	ᱤᱧ ᱴᱷᱮᱱ ᱢᱚᱬᱮ ᱜᱚᱴᱟᱝ ᱪᱤᱱᱤ ᱢᱮᱱᱟᱜᱼᱟ ᱠᱚᱣᱟ।
हालाँकि, डेबियन की अधिकांश सहायता और सलाह डीपिन पर भी लागू होती है।	ᱡᱟᱦᱟᱜᱮ ᱦᱩᱭᱩᱜ, ᱟᱭᱢᱟᱜᱟᱱ ᱰᱮᱵᱤᱭᱟᱱ ᱟᱜ ᱜᱚᱲᱚ ᱟᱨ ᱥᱟᱞᱦᱟ ᱫᱚ ᱰᱤᱯᱤᱱ ᱞᱟᱹᱜᱤᱫ ᱛᱮᱦᱚᱸ ᱞᱟᱹᱜᱛᱤ ᱯᱟᱲᱟᱜᱼᱟ ᱾
उन्होंने जवाहरलाल नेहरू विश्वविद्यालय और दिल्ली विश्वविद्यालय से पढ़ाई की।	ᱩᱱᱤ ᱫᱚ ᱡᱚᱦᱚᱨᱞᱟᱞ ᱱᱮᱦᱮᱨᱩ ᱡᱮᱜᱮᱫᱵᱤᱨᱫᱟᱹᱜᱟᱲ ᱟᱨ ᱫᱤᱞᱞᱤ ᱡᱮᱜᱮᱫᱵᱤᱨᱫᱟᱹᱜᱟᱲ ᱨᱮᱭ ᱯᱟᱲᱦᱟᱣ ᱟᱠᱟᱱᱟ ᱾
अल्जीयर्स विश्वविद्यालय अल्जीयर्स, अल्जीरिया में स्थित एक विश्वविद्यालय है।	᱒᱐᱑᱐ ᱥᱟᱞ ᱨᱮᱭᱟᱜ ᱦᱚᱲ ᱞᱮᱠᱷᱟ ᱞᱮᱠᱟᱛᱮ, ᱦᱚᱲ ᱮᱞ ᱠᱚ ᱛᱟᱦᱮᱸ ᱠᱟᱱᱟ ᱕,᱕᱖᱑ ᱦᱚᱲ ᱾
जैसा कि सन्‌ 1948 में कर्टिस्ट ट्रैफिक समिति की रिपोर्ट दी गयी थी, सन्‌ 1948 में यह रिपोर्ट पेश की गयी ।	ᱥᱟᱨᱡᱮᱱᱴ ᱠᱩᱢᱩᱴᱟᱜ ᱨᱮᱛᱮᱫ ᱞᱮᱠᱟᱛᱮ, ᱴᱩᱨᱤᱥᱴ ᱴᱨᱟᱯᱷᱤᱠ ᱠᱩᱢᱩᱴ ᱫᱚ ᱑᱙᱔᱘ ᱥᱟᱹᱦᱤᱛᱨᱮ ᱵᱟᱦᱟᱞ ᱦᱩᱭᱞᱮᱱᱟ ᱾
गिनती: नौ।	ᱞᱮᱠᱷᱟ: ᱱᱟᱭ।
ᱮᱧ ᱫᱚ ᱵᱟᱝ ᱤᱧ ᱵᱟᱰᱟᱭᱟ	मुझे नहीं पता
उसमें कोई शिष्टाचार नहीं है। जब मैं उसके ठीक बगल में खड़ा था तो उसने जोर से डकार ली।	ᱩᱱᱤᱭᱟᱜ ᱡᱟᱦᱟᱱ ᱵᱷᱟᱜᱮ ᱵᱮᱣᱦᱟᱨ ᱵᱟᱹᱱᱩᱜᱼᱟ ᱾ ᱤᱧ ᱩᱱᱤ ᱥᱳᱨ ᱨᱮ ᱛᱮᱸᱜᱚᱱ ᱚᱠᱛᱚ ᱩᱱᱤ ᱫᱚ ᱢᱩᱨᱩᱠ ᱢᱩᱨᱩᱠᱼᱮ ᱰᱷᱮᱠᱞᱟᱣ ᱠᱮᱫᱤᱧᱟ ᱾
इनमें से अधिकांश फिल्में 1940 के दशक के अंत और 1950 के दशक की शुरुआत में बनाई गई थीं।	ᱱᱚᱶᱟ ᱪᱚᱞᱚᱛ ᱪᱤᱛᱟᱹᱨ ᱠᱚ ᱨᱮᱭᱟᱜ ᱡᱟᱹᱥᱛᱤᱜᱮ ᱑᱙᱔᱐ ᱜᱮᱞᱟᱱ ᱨᱮᱭᱟᱜ ᱢᱩᱪᱟᱹᱫ ᱥᱮᱫ ᱟᱨ ᱑᱙᱕᱐ ᱜᱮᱞᱟᱱ ᱨᱮᱭᱟᱜ ᱮᱛᱚᱦᱚᱵ ᱥᱮᱫ ᱵᱮᱱᱟᱣ ᱞᱮᱱᱟ ᱾
फिर हमारे पास अर्तक्षत्र II है, जो उस आदमी का ध्यान रखता था ।	ᱤᱱᱟᱹᱛᱟᱭᱚᱢ ᱟᱵᱳᱴᱷᱮᱱ ᱫᱚᱥᱟᱨ ᱟᱨᱴᱮᱠᱥᱟᱨᱥᱮᱥ, ᱡᱟᱸᱦᱟᱭ ᱫᱚ ᱩᱭᱦᱟᱹᱨᱟᱱᱮ ᱛᱟᱸᱦᱮᱠᱟᱱᱟ ᱾
जब सरकार द्वारा सेवानिवृत्ति की आयु बढ़ाई गई तो फ्रांस के नागरिक आगबबूला हो गए।	ᱥᱚᱨᱠᱟᱨ ᱚᱯᱥᱚᱨᱚᱜ ᱨᱮᱭᱟᱜ ᱩᱢᱮᱨ ᱵᱟᱲᱦᱟᱣ ᱠᱷᱟᱹᱛᱤᱨ ᱯᱷᱨᱟᱱᱥ ᱨᱮᱱ ᱱᱟᱜᱟᱨᱤᱭᱟᱹ ᱠᱚᱠᱚ ᱨᱟᱸᱜᱟᱣ ᱞᱮᱱ ᱛᱟᱦᱮᱸ ᱾
ᱜᱚᱲᱚ	मदद
मैं उम्मीद कर रहा था कि आप मुझे क्या दस्तावेज़ों मुझे लागू करने की जरूरत है बता सकता है.	ᱤᱧ ᱟᱥᱟᱭᱮᱫ ᱛᱟᱦᱮᱸ ᱠᱟᱱᱟ ᱟᱢ ᱤᱧ ᱮᱢ ᱞᱟᱹᱭ ᱫᱟᱲᱮ ᱟᱹᱧᱟᱹ ᱤᱧᱟᱹᱜ ᱟᱹᱨᱡᱤ ᱞᱟᱹᱜᱤᱫ ᱪᱮᱫ ᱪᱮᱫ ᱱᱚᱛᱷᱤ ᱞᱟᱹᱠᱛᱤᱭᱟ ᱾
स्टेशन के वेब साइट शो का वर्णन "एक नए और घृणित girodyring के साथ" के रूप में करता है।	ᱥᱴᱮᱥᱟᱱ ᱨᱮᱱᱟᱜ ᱣᱮᱵᱽᱥᱟᱭᱤᱢ ᱥᱳ ᱫᱚ "ᱢᱤᱫ ᱱᱟᱶᱟ ᱟᱨ ᱟᱯᱢᱟᱱᱡᱚᱱᱠᱚ ᱜᱤᱠᱤ ᱥᱯᱤᱱ ᱥᱟᱶ ᱢᱟᱨᱮ ᱟᱥᱲᱟ ᱨᱮᱰᱤᱭᱳ ᱛᱷᱤᱭᱮᱴᱟᱨ!"
1907 में, उन्होंने अपने दूसरे पति से शादी की, जिनसे उनके दो बच्चे हुए।	ᱩᱱᱠᱩ ᱫᱚ ᱱᱤᱭᱩ ᱤᱭᱚᱨᱠ ᱨᱮᱭᱟᱜ ᱠᱷᱚᱵᱚᱨ ᱠᱟᱜᱚᱡ ᱨᱮᱠᱚ ᱩᱪᱷᱟᱹᱱ ᱞᱮᱱᱟ ᱟᱨ ᱱᱟᱣᱟᱱ ᱥᱚᱝᱵᱤᱫᱷᱟᱱ ᱠᱚ ᱦᱮᱸ ᱥᱟᱹᱨᱤᱭᱟᱜ ᱛᱟᱦᱮᱸ ᱾
वाह! यह वही टी-शर्ट है जिसे मैं लंबे समय से ढूंढ रहा था। आखिरकार, मुझे यह मिल गई।	ᱪᱮᱫ ᱢᱚᱡ ! ᱱᱚᱣᱟ ᱫᱚ ᱚᱱᱟ ᱟᱸᱜᱨᱚᱯ ᱡᱟᱦᱟ ᱫᱚ ᱤᱧ ᱟᱭᱢᱟ ᱫᱤᱱ ᱠᱷᱚᱱᱤᱧ ᱥᱮᱸᱫᱨᱟᱭᱮᱫ ᱛᱟᱦᱮᱸᱫ ᱾ ᱢᱩᱪᱟᱹᱫ ᱨᱮ ᱤᱧ ᱱᱚᱣᱟᱧ ᱧᱟᱢ ᱠᱮᱫᱟ ᱾
ᱤᱧ ᱚᱠᱟ ᱠᱷᱚᱱ ᱴᱤᱠᱤᱴ ᱠᱤᱨᱤᱧ ᱫᱟᱲᱮᱭᱟᱜᱼᱟᱹᱧ?	मैं टिकट कहाँ से खरीद सकता हूँ?
इसके बाद, वे तीन सदियों तक राज - घर के निर्माण काम में लगे रहे ।	ᱥᱯᱮᱱᱤᱥ ᱠᱚ ᱫᱚ ᱩᱯᱱᱤᱣᱮᱥᱠᱟᱹᱨᱤ ᱚᱣᱫᱷᱤ ᱮᱛᱦᱚᱵ ᱠᱮᱜᱼᱟ ᱠᱚ ᱡᱟᱦᱟᱸ ᱫᱚ ᱯᱮ ᱥᱮᱧᱪᱩᱨᱤ ᱫᱷᱟᱹᱵᱤᱡ ᱪᱟᱹᱞᱩ ᱮᱱᱟ᱾
अस्पताल ने संक्रमण नियंत्रण के लिए प्रोटोकॉल का पालन किया है, जिसमें मरीज़ को दूसरों के संभावित संक्रमण से रोकने के लिए अन्य लोगों से अलग किया गया है ।	ᱟᱥᱯᱟᱛᱟᱞ ᱫᱚ ᱥᱚᱸᱠᱨᱚᱢᱚᱬ ᱞᱟᱹᱜᱤᱫ ᱛᱮ ᱯᱨᱚᱴᱚᱠᱚᱞ ᱨᱮᱭᱟᱜ ᱮ ᱯᱟᱞᱚᱱ ᱠᱮᱫᱟ, ᱡᱟᱦᱟᱸ ᱫᱚ ᱫᱚᱥᱟᱨ ᱫᱟᱲᱮᱭᱟᱱ ᱥᱚᱸᱠᱨᱚᱢᱚᱬ ᱠᱚ ᱴᱮᱠᱟᱣ ᱫᱟᱨᱟᱢ ᱞᱟᱹᱜᱤᱫ ᱨᱩᱣᱟᱹ ᱦᱚᱲ ᱮᱴᱟᱜ ᱠᱷᱚᱱ ᱵᱷᱮᱜᱟᱨ ᱠᱚᱨᱟᱣ ᱥᱮᱞᱮᱫ ᱢᱮᱱᱟᱜᱼᱟ᱾
उन्होंने कहा कि एक नागरिक अधिकार कार्यकर्ता था जिन्होंने संविधान को बनाने में एक अहम भूमिका निभायी।	ᱩᱱᱤ ᱫᱚ ᱢᱤᱫᱦᱚᱲ ᱱᱟᱜᱟᱨᱤᱭᱟᱹ ᱟᱹᱭᱫᱟᱹᱨ ᱠᱟᱹᱢᱤᱭᱟᱹᱭ ᱛᱟᱦᱮᱸᱠᱟᱱᱟ ᱡᱟᱸᱦᱟᱭ ᱫᱚ ᱥᱚᱝᱵᱤᱫᱷᱟᱱ ᱵᱮᱱᱟᱣᱨᱮ ᱢᱩᱲᱩᱫᱽ ᱮᱱᱮᱢᱮ ᱫᱚᱦᱚᱞᱮᱫᱟ ᱾
मेरे पास चौरानवे चावल हैं।	ᱤᱧ ᱴᱷᱮᱱ ᱱᱟᱭ ᱜᱮᱞ ᱯᱳᱱ ᱜᱚᱴᱟᱝ ᱪᱟᱣᱞ ᱢᱮᱱᱟᱜᱼᱟ ᱠᱚᱣᱟ।
हमसे इतना काम करने को कहा गया है कि हम सप्ताहांत सहित दिन-रात काम कर रहे हैं (पेशेवर)।	ᱟᱞᱮ ᱱᱩᱱᱟᱹᱜ ᱰᱷᱮᱨ ᱠᱟᱹᱢᱤ ᱠᱚ ᱢᱮᱱ ᱟᱠᱟᱫ ᱞᱮᱭᱟ ᱡᱮ ᱟᱞᱮ ᱦᱟᱯᱛᱟ ᱢᱩᱪᱟᱹᱫ ᱢᱮᱥᱟ ᱠᱟᱛᱮᱫ ᱥᱤᱧ ᱧᱤᱫᱟᱹ ᱞᱮ ᱠᱟᱹᱢᱤ ᱠᱟᱱᱟ ᱾(ᱡᱤᱯᱠᱟᱹᱣᱟᱱ)
शुरुआत में, वह केवल एक ऐसी व्यक्ति थीं जो किसी का पक्ष लिए बिना देख रही थीं।	ᱯᱳᱭᱞᱳ ᱨᱮ ᱩᱱᱤ ᱫᱚ ᱱᱚᱝᱠᱟᱱ ᱢᱤᱫᱦᱚᱲᱮ ᱛᱟᱦᱮᱸ ᱠᱟᱱᱟ ᱡᱟᱸᱦᱟᱭ ᱫᱚ ᱚᱠᱚᱭᱥᱮᱫ ᱦᱚᱸ ᱵᱟᱝ ᱥᱟᱭ ᱠᱟᱛᱮᱭ ᱧᱮᱞ ᱮᱫ ᱛᱟᱦᱮᱸ ᱾
मेरे पास तीस पेन हैं।	ᱤᱧ ᱴᱷᱮᱱ ᱯᱮ ᱜᱮᱞ ᱜᱚᱴᱟᱝ ᱯᱮᱱ ᱢᱮᱱᱟᱜᱼᱟ ᱠᱚᱣᱟ।
होम्स का 21 नवंबर 2020 को 81 वर्ष की आयु में निधन हो गया।	ᱦᱳᱢᱥ ᱫᱚ ᱒᱑ ᱱᱚᱵᱷᱮᱢᱵᱚᱨ ᱒᱐᱒᱐ ᱥᱟᱞ ᱨᱮ ᱘᱑ ᱥᱮᱨᱢᱟ ᱩᱢᱮᱨ ᱨᱮᱭ ᱜᱮᱪ ᱟᱠᱟᱱᱟ ᱾
आमतौर पर दो व्यवहार उभर सकते हैं जैसे मैनेजर अपने पूर्व समकक्षों की अगुवाई करना शुरू करते हैं। स्पेक्ट्रम का एक अंत है "या" (या )।	ᱮᱢᱱᱤᱨᱮ ᱞᱟᱹᱭ ᱞᱮᱠᱷᱟᱱ, ᱢᱮᱱᱮᱡᱟᱨ ᱠᱚ ᱟᱠᱚᱨᱮᱱ ᱢᱟᱨᱮ ᱜᱚᱲᱚ ᱠᱟᱹᱢᱤᱭᱟᱹ ᱠᱚ ᱟᱹᱭᱩᱨ ᱮᱦᱚᱵ ᱥᱟᱶ ᱥᱟᱶᱛᱮ ᱵᱟᱨᱭᱟ ᱟᱪᱟᱨ ᱥᱤᱨᱡᱟᱹᱣ ᱫᱟᱲᱮᱭᱟᱜᱼᱟ᱾ ᱥᱯᱮᱠᱴᱨᱟᱢ ᱨᱮᱭᱟᱜ ᱢᱤᱫ ᱥᱮᱫ ᱨᱮ “ᱳᱣᱟᱱ ᱚᱯᱷ ᱫᱟ ᱜᱟᱭᱥ” (ᱥᱮ ᱜᱟᱞᱥ) ᱛᱟᱦᱮᱸ ᱨᱤᱠᱟᱹᱭᱮᱫ ᱠᱟᱱᱟ᱾
ग्रैबोव्स्की का मानना था कि किताबें और लेखन भाषाओं के लिए महत्वपूर्ण हैं।	ᱜᱨᱟᱵᱳᱥᱠᱤ ᱢᱚᱱᱮ ᱛᱟᱦᱮᱸ ᱡᱟᱸᱦᱟ ᱯᱚᱛᱚᱵ ᱟᱨ ᱚᱞ ᱯᱟᱹᱨᱥᱤ ᱞᱟᱹᱜᱤᱫ ᱞᱟᱹᱠᱛᱤᱭᱟᱱᱟᱜᱼᱟ ᱾
दुर्भाग्य से मुझे कई समस्याओं का सामना करना पड़ा है और मैं उस बिंदु पर पहुंच गया हूँ जहाँ मैं आपके साथ बैंकिंग नहीं करना चाहता (ग्राहक)।	ᱵᱟᱹᱲᱤᱡ ᱚᱞᱚᱝ ᱠᱷᱟᱹᱛᱤᱨᱛᱮ ᱤᱧ ᱟᱭᱢᱟ ᱮᱴᱠᱮᱴᱚᱬᱮ ᱨᱤᱧ ᱥᱟᱢᱟᱝ ᱫᱟᱯᱨᱟᱢ ᱟᱠᱟᱱᱟ ᱟᱨ ᱤᱧ ᱱᱚᱝᱠᱟ ᱢᱤᱴᱟᱝ ᱦᱟᱞᱚᱛ ᱨᱮᱧ ᱥᱮᱴᱮᱨ ᱟᱠᱟᱱᱟ ᱡᱮ  ᱡᱟᱦᱟᱸᱨᱮ ᱤᱧ ᱟᱢ ᱯᱟᱹᱛᱭᱟᱹᱣ ᱵᱟᱹᱧ ᱠᱷᱚᱡ ᱠᱟᱱᱟ (ᱜᱟᱦᱟᱠ) ᱾
दुकान बहुत सुनसान और डरावनी दिखती है। मुझे नहीं लगता कि हमें उसके पीछे अंदर जाना चाहिए। अगर तुम अंदर गए और वापस नहीं आए तो मुझे क्या करना चाहिए?	ᱫᱳᱠᱟᱱ ᱫᱚ ᱟᱹᱰᱤ ᱵᱟᱹᱲᱤᱡ ᱧᱮᱞᱚᱜ ᱠᱟᱱᱟ ᱾ ᱤᱧ ᱵᱟᱹᱧ ᱦᱩᱫᱤᱥᱟ ᱟᱵᱚ ᱫᱚ ᱩᱱᱤ ᱯᱟᱸᱡᱟᱭᱮ ᱦᱩᱭᱩᱜ ᱛᱟᱵᱚᱱᱟ ᱾ ᱤᱧ ᱪᱮᱫᱤᱧ ᱪᱮᱠᱟ ᱫᱟᱲᱮᱭᱟᱜᱼᱟ ᱡᱩᱫᱤ ᱟᱢ ᱵᱷᱤᱛᱨᱤᱛᱮᱢ ᱪᱟᱞᱟᱜ ᱟᱨ ᱵᱟᱦᱨᱮ ᱵᱟᱢ ᱦᱮᱡ ᱨᱩᱣᱟᱹᱲᱚᱜ ᱠᱷᱟᱱ ?
फुटबॉल खिलाड़ियों द्वारा मैदान पर बार-बार डाइव लगाना बिल्कुल दयनीय है।	ᱯᱷᱩᱴᱵᱚᱞ ᱠᱷᱮᱞᱳᱰᱤᱭᱟᱹ ᱠᱚᱣᱟᱜ ᱰᱟᱹᱦᱤᱨᱮ ᱞᱮᱛᱟᱲ ᱜᱮ ᱰᱟᱭᱵᱷᱤᱝ ᱫᱚ ᱟᱹᱰᱤ ᱫᱩᱠᱷ ᱟᱱᱟᱜ ᱾
यह एक अच्छा विचार है.	ᱱᱚᱶᱟ ᱟᱹᱰᱤ ᱵᱷᱟᱜᱮ ᱩᱭᱦᱟᱹᱨ ᱵᱷᱟᱵᱱᱟ ᱾
पहचान का सबूत, अपने जन्म की तारीख का सबूत और सबूत.	ᱩᱯᱨᱩᱢ ᱨᱮᱭᱟᱜ ᱥᱟᱵᱩᱫ, ᱴᱷᱤᱠᱟᱹᱱᱟ ᱨᱮᱭᱟᱜ ᱥᱟᱵᱩᱫ ᱟᱨ ᱟᱢᱟᱜ ᱡᱟᱱᱟᱢ ᱢᱟᱦᱟ ᱨᱮᱭᱟᱜ ᱥᱟᱵᱩᱫ ᱾
यह 5 से भी ज़्यादा परिवार के सदस्यों को ढक देता है ।	ᱱᱚᱶᱟᱫᱚ ᱜᱷᱟᱸᱨᱚᱡᱽᱨᱮᱱ ᱕ ᱡᱚᱱᱟ ᱦᱚᱲᱟᱜ ᱮ ᱯᱩᱨᱩᱱᱟ ᱾
यह पश्चिमी फ्रांस के वेंडी विभाग में पेई दे ला लवार में स्थित है।	ᱱᱚᱶᱟ ᱫᱚ ᱯᱚᱥᱪᱷᱤᱢ ᱯᱷᱨᱟᱱᱥ ᱨᱮᱭᱟᱜ ᱵᱷᱮᱱᱰᱤ ᱛᱷᱚᱱᱚᱛ ᱨᱮᱭᱟᱜ ᱯᱮᱥ ᱫᱮ ᱞᱟ ᱞᱳᱭᱟᱨ ᱨᱮ ᱢᱮᱱᱟᱜᱼᱟ ᱾
इस तरह का स्वाद लेने के लिए इन्हें इस्तेमाल किया जाता है ।	ᱫᱟᱨᱩᱪᱤᱱᱤ ᱫᱚ ᱵᱷᱟᱨᱚᱛ ᱨᱮᱭᱟᱜ ᱛᱷᱟᱹᱱᱤᱛ ᱟᱨ ᱡᱮᱞᱮᱠᱟ, ᱱᱚᱣᱟ ᱨᱮᱭᱟᱜ ᱵᱮᱣᱦᱟᱨ ᱨᱮᱭᱟᱜ ᱥᱤᱢᱟᱹ ᱢᱤᱫᱴᱮᱱ ᱥᱤᱵᱤᱞ ᱠᱷᱚᱱ ᱨᱟᱱ ᱦᱟᱹᱵᱤᱡ ᱾
पोल्याकोव 'सर्वेंट ऑफ द पीपल' पार्टी के सदस्य थे।	ᱯᱚᱞᱤᱭᱟᱠᱚᱵᱷ ᱥᱟᱨᱵᱷᱮᱱᱴ ᱚᱯᱷ ᱫᱟ ᱯᱤᱯᱚᱞ ᱯᱟᱨᱴᱤ ᱨᱮᱱ ᱨᱟᱹᱥᱭᱟᱹᱭ ᱛᱟᱦᱮᱸ ᱠᱟᱱᱟ ᱾
मुझे आशा है कि आप कोलिश वेबसाइट पर अपने आप को पंजीकृत किया है।	ᱤᱧ ᱟᱥᱚᱜ ᱠᱟᱹᱱᱟᱹᱧ ᱠᱳᱣᱤᱱ ᱳᱭᱮᱵᱥᱟᱭᱤᱴᱨᱮ ᱟᱢᱮᱢ ᱥᱮᱞᱮᱫ ᱟᱠᱟᱱᱟ ᱾
मेरे पास पाँच दूध हैं।	ᱤᱧ ᱴᱷᱮᱱ ᱢᱚᱬᱮ ᱜᱚᱴᱟᱝ ᱫᱩᱫᱷ ᱢᱮᱱᱟᱜᱼᱟ ᱠᱚᱣᱟ।
दस	ᱜᱮᱞ
छियालीस	ᱯᱳᱱ ᱜᱮᱞ ᱛᱩᱨᱩᱭ
हालांकि यह अविश्वसनीय रूप से सुझाव दिया गया था कि चिकित्सा विज्ञान के मामले में सभी भारतीय संस्थानों में संघर्ष रहा था, Mertass के मामले, Hucher के मामले, Mery Basar के मामले, और रामी के मामले के मामले में, हम देखते हैं कि क्या हम रामी के मामले में बात करने के लिए बाध्य हैं जब पुलिस के मामले से संबंधित किसी भी अपराध के बारे में बात की गई है.	ᱮᱱᱛᱮᱦᱚᱸ ᱚᱞ ᱤᱱᱰᱤᱭᱟ ᱤᱱᱥᱴᱤᱴᱤᱣᱩᱴ ᱚᱯᱷ ᱢᱮᱰᱤᱠᱮᱞ ᱥᱟᱭᱮᱱᱥ ᱠᱮᱥ, ᱜᱚᱝᱜᱟᱫᱷᱚᱨᱟᱜ ᱠᱮᱥ, ᱦᱚᱨᱤ ᱥᱤᱝ ᱟᱜ ᱠᱮᱥ, ᱢᱤᱱᱩ ᱠᱩᱢᱟᱨᱤᱭᱟᱜ ᱠᱮᱥ ᱟᱨ ᱨᱚᱢᱮᱥ ᱠᱩᱢᱟᱨᱟᱜ ᱠᱮᱥ ᱨᱮ ᱫᱤᱥᱦᱩᱫᱤᱥ ᱨᱮ ᱮᱯᱮᱨ ᱦᱮᱰᱮᱡ ᱛᱟᱸᱦᱮᱠᱟᱱᱟ ᱢᱮᱱᱛᱮ ᱵᱮᱜᱚᱨ ᱡᱩᱠᱛᱤᱭᱟᱱᱟᱜ ᱞᱮᱠᱟᱛᱮ ᱯᱚᱨᱟᱢᱚᱥ ᱮᱢ ᱦᱩᱭ ᱞᱮᱱᱟ, ᱟᱵᱳ ᱵᱚ ᱧᱮᱞ ᱧᱟᱢᱟ ᱡᱮ ᱨᱚᱢᱮᱥ ᱠᱩᱢᱟᱨᱤᱭᱟᱜ ᱢᱟᱢᱞᱟᱨᱮ ᱫᱤᱥᱦᱩᱫᱤᱥ ᱥᱚᱫᱚᱨ ᱦᱩᱭᱟᱠᱟᱱᱟ ᱡᱟᱦᱟᱱ ᱟᱢᱚᱞᱟᱱᱟᱜ ᱞᱮᱠᱟᱱ ᱠᱟᱹᱭ ᱥᱟᱢᱝᱨᱮ ᱦᱩᱡᱽ ᱞᱮᱱᱠᱷᱟᱱ ᱯᱩᱞᱤᱥ ᱚᱱᱟ ᱨᱮᱭᱟᱜ ᱵᱮᱵᱚᱥᱛᱟ ᱠᱚ ᱦᱟᱛᱟᱣᱼᱟ ᱚᱱᱟ ᱞᱟᱹᱜᱤᱫ ᱾
इस प्रकार पैरिस को उस समय के संसार की फैशन राजधानी के तौर पर जाना जाता है ।	ᱡᱟᱦᱟᱸᱞᱮᱠᱟ ᱯᱮᱨᱤᱥ ᱫᱚ ᱱᱤᱛ ᱡᱮᱜᱮᱫ ᱨᱮᱭᱟᱜ ᱯᱷᱮᱥᱚᱱ ᱠᱮᱯᱤᱴᱟᱞ ᱞᱮᱠᱟᱛᱮ ᱢᱟᱱᱟᱣᱜ ᱠᱟᱱᱟ, ᱠᱚᱱᱥᱴᱮᱸᱴᱤᱱᱳᱯᱞ ᱫᱚ ᱥᱟᱢᱚᱱᱛᱤ ᱩᱣᱨᱳᱯ ᱨᱮᱭᱟᱜ ᱯᱷᱮᱥᱚᱱ ᱠᱮᱯᱤᱴᱞ ᱠᱚ ᱢᱟᱱᱟᱣᱮᱫ ᱛᱟᱦᱮᱸᱠᱟᱱᱟ᱾
मेरे पास पचपन कुर्सी हैं।	ᱤᱧ ᱴᱷᱮᱱ ᱢᱚᱬᱮ ᱜᱮᱞ ᱢᱚᱬᱮ ᱜᱚᱴᱟᱝ ᱠᱩᱨᱥᱤ ᱢᱮᱱᱟᱜᱼᱟ ᱠᱚᱣᱟ।
इस फिल्म के बारे में बहुत कम जानकारी दी गयी है ।	ᱥᱴᱟᱱᱴ ᱯᱷᱤᱞᱢ ᱟᱨ ᱮᱰᱵᱷᱮᱧᱪᱟᱨ ᱮᱠᱥᱮᱱ ᱯᱷᱤᱞᱢ ᱫᱚ ᱡᱚᱛᱚᱴᱷᱮᱱ ᱵᱟᱭ ᱟᱨᱫᱟᱥ ᱟᱠᱟᱫᱟᱺ ᱥᱮᱪᱮᱫᱟᱱ ᱠᱚᱫᱚ ᱩᱱᱠᱩ ᱦᱚᱲ ᱠᱩᱥᱤᱟᱱ, ᱵᱮᱼᱵᱟᱹᱲᱤᱡ ᱟᱨ ᱵᱟᱹᱲᱤᱡ ᱠᱟᱹᱢᱤ ᱮᱥᱮᱨ ᱞᱮᱠᱟᱛᱮ ᱠᱚ ᱧᱮᱞᱞᱮᱫᱟ ᱾
शादी के रिश्‍ते को रजिस्टर करने की प्रक्रिया दुल्हन के साथ समाप्त होती है और दूल्हा एक विवाह प्रमाण प्राप्त करता है ।	ᱵᱟᱯᱞᱟ ᱴᱷᱟᱲᱚᱜᱚᱴᱟᱭ ᱦᱚᱨᱟ ᱡᱟᱶᱟᱭ ᱟᱨ ᱡᱟᱶᱟᱭ ᱢᱤᱫᱴᱟᱝ ᱵᱟᱯᱞᱟ ᱨᱮᱭᱟᱜ ᱥᱤᱫ ᱥᱟᱠᱟᱢ ᱧᱟᱱᱟᱢ ᱛᱟᱞᱟᱛᱮ ᱢᱩᱪᱟᱹᱫ ᱮᱱᱟ ᱾
सरकार एक विशेषज्ञ समूह को ऐसे विषयों पर सलाह देने के लिए निर्धारित करेगी जो भू - दृश्‍य - विज्ञानिक उत्पादनों पर विचार - विमर्श कर सके ।	ᱠᱟᱹᱢᱤᱭᱟᱱ ᱟᱨ ᱯᱮᱴᱨᱚᱞᱛᱮ ᱥᱤᱨᱡᱟᱹᱣ ᱫᱩᱨᱤᱵ ᱫᱟᱢ ᱨᱮᱭᱟᱜ ᱦᱚᱨᱟ ᱫᱚᱲᱦᱟ ᱟᱨᱚᱭ ᱨᱮ ᱥᱟᱞᱦᱟ ᱮᱢᱚᱜ ᱞᱟᱹᱜᱤᱫ ᱥᱚᱨᱠᱟᱨ ᱫᱚ ᱢᱤᱴᱴᱮᱱ ᱜᱟᱹᱠᱷᱩᱲ ᱜᱨᱩᱯᱮ ᱛᱷᱟᱯᱚᱱᱟ ᱾
सन्‌ 1591 में, पहली केटॉट बाइबल को जॉन लेप ने छापा और सन्‌ 1629 में, किंग जेम्स बाइबल का अनुवाद थॉमस और यूहन्‍ना बॉक ने छापा ।	᱑᱙᱕᱑ ᱠᱷᱤᱥᱴᱟᱵᱫᱚ ᱨᱮ, ᱡᱚᱱ ᱞᱮᱜᱚᱴ ᱯᱩᱭᱞᱩ ᱠᱮᱢᱵᱨᱤᱡ ᱵᱟᱭᱵᱮᱞ ᱨᱮᱭᱟᱜ ᱮ ᱪᱷᱟᱯᱟ ᱞᱮᱫᱟ, ᱟᱨ ᱑᱖᱒᱙ ᱨᱮ ᱠᱤᱝ ᱡᱮᱢᱥ ᱵᱟᱭᱵᱮᱞ ᱨᱮᱭᱟᱜ ᱠᱮᱢᱵᱨᱤᱡ ᱯᱷᱳᱞᱤᱭᱚ ᱟᱹᱨᱩᱯᱷᱮᱨᱟᱣ ᱨᱮᱭᱟᱜ ᱪᱷᱟᱯᱟ ᱞᱮᱫᱟᱭ ᱴᱚᱢᱟᱥ ᱟᱨ ᱡᱚᱱ ᱵᱟᱠ ᱾
दूसरों पर छींकना बंद करो अथर्व। कृपया अपना मुंह ढकें। यह घिनौना है।	ᱚᱛᱷᱚᱨᱵᱚ, ᱮᱴᱟᱜ ᱠᱚ ᱪᱮᱛᱟᱱ ᱟᱹᱪᱷᱤᱢ ᱪᱟᱵᱟᱭ ᱢᱮ ᱾ ᱟᱢᱟᱜ ᱢᱚᱪᱟ ᱵᱚᱱᱫᱚᱭ ᱢᱮ ᱾ ᱱᱚᱣᱟ ᱫᱚ ᱟᱹᱰᱤ ᱦᱤᱨᱠᱷᱟᱹᱣᱟᱱᱟᱜ ᱠᱟᱱᱟ ᱾
राजनैतिक मामलों में असफलता के बावजूद मोलडो के इन दो भागों के बीच आर्थिक कड़ी फिर से स्थापित कर दी गई है.	ᱨᱟᱡᱽᱟᱹᱨᱤ ᱜᱟᱯᱟᱞᱢᱟᱨᱟᱣ ᱨᱮ ᱦᱟᱹᱨᱥᱩᱲ ᱛᱩᱞᱩᱡ ᱦᱚᱸ ᱢᱳᱞᱫᱳᱵᱷᱟ ᱨᱮᱭᱟᱜ ᱱᱚᱣᱟ ᱠᱤᱱ ᱦᱤᱸᱥ ᱨᱮ ᱠᱟᱹᱣᱰᱤ ᱟᱹᱨᱤ ᱥᱟᱹᱜᱟᱹᱭ ᱟᱨᱦᱚᱸ ᱡᱤᱭᱟᱹᱲ ᱨᱩᱣᱟᱹᱲ ᱟᱠᱟᱱᱟ᱾
ᱟᱢ ᱱᱚᱣᱟ ᱪᱤᱠᱟᱹᱛᱮᱢ ᱢᱮᱱ ᱮᱫᱟ?	आप यह कैसे कहते हैं?
अगर गेहूँ की फसल की फसल काट दी जाती है, तो अगले साल हम गेहूँ की तरह अलग - अलग किस्म के बीज बो सकते हैं, जो अलग - अलग किस्म के होते हैं ।	ᱡᱚᱫᱤ ᱡᱟᱦᱟᱸᱱ ᱜᱩᱦᱩᱢ ᱟᱨᱡᱟᱣᱫᱩᱨᱤᱵᱽ ᱛᱤᱡᱩ ᱛᱮ ᱱᱚᱥᱴᱚᱜᱼᱟ, ᱫᱚᱥᱟᱨ ᱥᱮᱨᱢᱟ ᱟᱞᱮᱭᱟᱜ ᱵᱷᱤᱛᱟᱹᱨ ᱴᱷᱤᱠᱟᱹᱱ ᱱᱟᱱᱟᱦᱩᱱᱟᱹᱨ ᱪᱮᱛᱟᱱ ᱴᱮᱦᱟᱸᱴ ᱠᱟᱛᱮ ᱟᱨᱦᱚᱸ ᱠᱮᱴᱮᱡ ᱡᱟᱹᱛ ᱨᱮᱭᱟᱜ ᱜᱩᱦᱩᱢ ᱨᱚᱦᱚᱭ ᱦᱩᱭᱩᱜᱼᱟ ᱾
अल्बर्टो एक पुरुषवाचक संज्ञा (नाम) है।	ᱢᱟᱭᱟᱨ ᱫᱚ ᱘᱕ ᱥᱮᱨᱢᱟ ᱩᱢᱮᱨ ᱨᱮ ᱒᱐᱒᱒ ᱥᱟᱞ ᱨᱮᱭᱟᱜ ᱑ ᱢᱟᱨᱪ ᱨᱮᱭ ᱜᱚᱡ ᱟᱠᱟᱱᱟ ᱾
यह 1991 के अंत या 1992 की शुरुआत में पश्चिमी बाज़ार में आया।	ᱱᱚᱣᱟ ᱫᱚ ᱑᱙᱙᱑ ᱥᱟᱞ ᱨᱮᱭᱟᱜ ᱢᱩᱪᱟᱹᱫ ᱥᱮᱡ ᱥᱮ ᱑᱙᱙᱒ ᱥᱟᱞ ᱨᱮᱭᱟᱜ ᱯᱟᱹᱦᱤᱞ ᱥᱮᱡ ᱯᱚᱪᱷᱤᱢᱟ ᱵᱟᱡᱟᱨ ᱨᱮ ᱦᱮᱡᱽᱞᱮᱱᱟ ᱾
1538 तक यह ब्रिटेन का छठा सबसे अमीर मठ (एबे) था।	᱑᱕᱓᱘ ᱥᱟᱞ ᱢᱩᱫᱨᱮ ᱱᱚᱶᱟ ᱫᱚ ᱵᱨᱤᱴᱮᱱ ᱨᱮᱭᱟᱜ ᱛᱩᱨᱩᱭ ᱟᱱᱟᱜ ᱠᱤᱥᱟᱹᱲ ᱢᱚᱴᱷ ᱛᱟᱦᱮᱸ ᱠᱟᱱᱟ ᱾
जब हैती ने रूसी वेबसाइटों पर हमला किया, खासकर रूस की सरकार ने ।	ᱨᱩᱥ ᱫᱩᱨᱤᱵᱠᱩ ᱫᱮᱭᱟᱭ ᱨᱮᱭᱟᱜ ᱦᱚᱦᱚ ᱥᱟᱶᱛᱟ ᱛᱟᱞᱢᱟᱠᱩ ᱫᱟᱨᱟᱭᱛᱮ ᱯᱟᱥᱱᱟᱜᱽᱠᱟᱱᱟ, ᱮᱴᱟᱜᱥᱮᱡᱽᱛᱮ ᱦᱮᱠᱟᱨᱠᱩ ᱫᱚ ᱨᱩᱥ ᱚᱣᱮᱵᱥᱟᱭᱤᱴᱠᱩ ᱡᱟᱨᱯᱟᱭᱮᱫ ᱠᱟᱱᱟ, ᱵᱤᱥᱟᱹᱥᱠᱟᱭᱛᱮ ᱡᱟᱦᱟᱸ ᱠᱩᱫᱚ ᱨᱩᱥ ᱥᱚᱨᱠᱟᱨ ᱦᱚᱛᱮᱛᱮ ᱪᱟᱞᱟᱣᱵᱟᱱᱟᱜᱽᱠᱟᱱᱟ ᱾
यह शब्द ब-विधकों के साथ प्राचीन ज्ञान से प्राप्त होता है, जो कि कीड़ों से मनुष्यों को रोकने के लिए बहुत अनुकूलित हैं.	ᱱᱚᱣᱟ ᱥᱟᱵᱟᱫ ᱫᱚ ᱵᱮᱰ-ᱵᱳᱜᱽᱠᱚ ᱥᱟᱶᱛᱮ ᱯᱨᱟᱪᱤᱱ ᱠᱷᱚᱱ ᱩᱰᱩᱠ ᱟᱠᱟᱱᱟ, ᱡᱟᱦᱟᱸ ᱫᱚ ᱢᱟᱱᱣᱟ ᱠᱚ ᱯᱚᱨᱡᱤᱣᱤ ᱵᱮᱱᱟᱣ ᱞᱟᱹᱜᱤᱫ ᱟᱹᱰᱤ ᱵᱟᱹᱲᱛᱤ ᱩᱥᱠᱟᱹᱣ ᱮᱫ ᱠᱟᱱᱟᱭI
यहाँ तक कि एफबीआई भी उन पर कड़ी नज़र रखती थी।	ᱮᱢᱚᱱᱠᱤ ᱮᱯᱷ ᱵᱤ ᱟᱭ ᱫᱚ ᱩᱱᱤ ᱪᱮᱛᱟᱱ ᱟᱹᱰᱤ ᱠᱚᱲᱟ ᱱᱚᱡᱚᱨ ᱠᱚ ᱫᱚᱦᱚᱞᱮᱫᱟ ᱾
यह एक या दो दिन के अन्दर प्रयास के वर्षों को भयानक रूप से खो देना चाहिए ।	ᱱᱚᱶᱟ ᱱᱤᱦᱟᱹᱛ ᱜᱮ ᱢᱤᱫ ᱥᱮ ᱵᱟᱨ ᱢᱟᱦᱟ ᱢᱩᱫᱽᱨᱮ ᱥᱮᱨᱢᱟ ᱛᱟᱭᱚᱢ ᱥᱮᱨᱢᱟ ᱠᱩᱨᱩᱢᱩᱴᱩ ᱵᱚᱛᱚᱨᱜᱮ ᱦᱟᱨᱟᱣ ᱦᱩᱭᱩᱜ ᱛᱟᱭᱟ ᱾
कृपया खबर अद्यतन के बारे में सावधान रहें.	ᱠᱷᱚᱵᱚᱨ ᱵᱟᱰᱟᱭ ᱤᱫᱤ ᱵᱟᱨᱮᱛᱮ ᱥᱚᱱᱛᱚᱨ ᱛᱟᱦᱮᱱ ᱢᱮ ᱾
मलेशिया में हेटर्ट हंग में, जो दूसरे पक्ष के लिए खेलता है ... मलेशिया में मलेशियाई मलेशियाई सरकार संघ संघ Celafgor FC II, तीन प्रवासियों को मार्च की शुरूआत में PDC के खिलाफ एक मैच में लाया.	ᱢᱟᱨᱪ ᱨᱮᱭᱟᱜ ᱯᱟᱹᱦᱤᱞᱥᱮᱡᱽ, ᱢᱟᱞᱚᱭᱮᱥᱤᱭᱟ ᱯᱨᱤᱢᱤᱭᱟᱨ ᱞᱤᱜ ᱠᱞᱟᱵ ᱥᱮᱞᱟᱝᱜᱚᱨ ᱮᱯᱷᱥᱤ ᱒ᱼᱨᱮ ᱫᱚᱥᱟᱨ ᱰᱤᱵᱷᱤᱥᱚᱱ ᱨᱮ ᱠᱷᱮᱞᱚᱰ ᱦᱟᱭᱤᱱ ᱦᱮᱛ ᱟᱝ ᱢᱟᱞᱚᱭᱮᱥᱤᱭᱟ ᱨᱮ ᱯᱤᱰᱤᱟᱨᱮᱢ ᱮᱯᱷᱥᱤ ᱵᱤᱨᱩᱫᱷ ᱨᱮ ᱢᱤᱫᱴᱟᱝ ᱠᱷᱮᱞᱚᱰ ᱨᱮ ᱯᱮᱼᱠᱟᱹᱴᱩᱵ ᱨᱮᱭᱟᱜ ᱢᱤᱫᱴᱟᱝ ᱥᱮᱞᱩᱴᱠᱩ ᱩᱫᱩᱜᱞᱮᱫᱟ ᱾
नाना ने इनकार कर दिया है और वह Edry Way Waz द्वारा कैर्बीनेट में बदल दिया जाएगा. Men Menn Wagy व्यापार मंत्री डेवी को लेने की अपेक्षा की जाती है.	ᱦᱭᱩ ᱫᱚ ᱤᱥᱛᱚᱯᱷᱟ ᱮᱢ ᱠᱮᱜᱼᱟᱭ ᱟᱨ ᱟᱡ ᱫᱟ ᱮᱰ ᱰᱮᱭ ᱮᱢᱹᱯᱤᱹ ᱛᱮ ᱠᱮᱵᱤᱱᱮᱴ ᱨᱮ ᱵᱚᱫᱚᱞᱮᱭᱟ ᱠᱚ᱾ ᱱᱟᱨᱢᱟᱹᱱ ᱞᱮᱢᱵ ᱨᱤᱱᱤᱡ ᱥᱟᱸᱥᱚᱫ ᱫᱚ ᱵᱮᱯᱟᱨ ᱢᱚᱱᱛᱨᱭ ᱨᱮᱭᱟᱜ ᱠᱟᱹᱢᱤ ᱤᱫᱤ ᱫᱟᱲᱮ ᱞᱮᱠᱷᱟ ᱵᱩᱡᱷᱟᱹᱣᱜ ᱠᱟᱱᱟ ᱚᱠᱟ ᱫᱚ ᱰᱮᱵᱷᱤ ᱠᱷᱟᱹᱞᱤ ᱞᱮᱫᱟᱭ᱾
बहुत सारा हैल के बाद, हम कि मिला, लेकिन अब पाइपों से आ पानी बहुत गंदा है.	ᱟᱭᱢᱟ ᱡᱷᱟᱢᱮᱞᱟ ᱛᱟᱭᱚᱢ, ᱟᱞᱮᱞᱮ ᱧᱟᱢ ᱟᱠᱟᱫᱟ, ᱢᱮᱱᱠᱷᱟᱱ ᱯᱟᱭᱤᱯ ᱛᱮ ᱡᱟᱦᱟᱸ ᱫᱟᱜ ᱦᱤᱡᱩᱜ ᱠᱟᱱᱟ ᱚᱱᱟ ᱟᱹᱰᱤ ᱚᱡᱨᱟ ᱜᱮᱭᱟ ᱾
अलबामा की गवर्नर के आईवे (Kay Ivey) हैं, जो एक रिपब्लिकन हैं।	ᱟᱞᱟᱵᱟᱢᱟ ᱨᱮᱱ ᱜᱚᱵᱷᱚᱨᱱᱚᱨ ᱫᱚᱭ ᱦᱩᱭᱩᱜ ᱠᱟᱱᱟ ᱠᱮ ᱟᱭᱤᱵᱷᱮ, ᱢᱤᱫᱦᱚᱲ ᱨᱤᱯᱟᱵᱚᱞᱤᱠᱟᱱ ᱾
एलन पैरिश, लुइसियाना: एलन संयुक्त राज्य अमेरिका के लुइसियाना का एक पैरिश है।	ᱮᱹᱞᱮᱱ ᱯᱮᱹᱨᱤᱥ, ᱞᱩᱭᱥᱤᱭᱟᱱᱟ ᱮᱹᱞᱮᱱ ᱫᱚ ᱢᱟᱨᱠᱤᱱ ᱡᱩᱠᱛᱚᱨᱟᱥᱴᱨᱚ ᱨᱮᱭᱟᱜ ᱞᱩᱭᱥᱤᱭᱟᱱᱟ ᱨᱮᱭᱟᱜ ᱢᱤᱫᱴᱟᱝ ᱯᱮᱹᱨᱤᱥ ᱾
वह लियोन की उराका और बरगंडी के रेमंड के पुत्र थे।	ᱩᱱᱤ ᱫᱚ ᱞᱤᱣᱱ ᱨᱮᱱ ᱤᱨᱟᱠᱟ ᱟᱨ ᱵᱟᱨᱜᱟᱱᱰᱤ ᱨᱮᱢᱚᱱᱰ ᱨᱮᱱ ᱜᱤᱫᱽᱨᱟᱹᱭ ᱛᱟᱦᱮᱸ ᱾
मैं जांचूंगा कि मैं कुछ को अपने पैकिंग इकाई में संलग्न कर सकते हैं.	ᱤᱧ ᱩᱝᱠᱩ ᱢᱩᱫᱽ ᱠᱷᱚᱱ ᱡᱟᱦᱟᱸᱭ ᱤᱧᱟᱜ ᱯᱮᱠᱮᱴᱤᱝ ᱤᱭᱩᱱᱤᱴᱨᱮᱧ ᱡᱚᱯᱚᱲᱟᱣ ᱫᱟᱲᱮᱭᱟᱠᱩᱣᱟ ᱥᱮ ᱵᱟᱝ ᱚᱱᱟᱧ ᱵᱤᱰᱟᱹᱣᱟ ᱾
लेकिन, सा. यु. पू.	ᱜᱳᱥᱞᱤᱝ ᱟᱨ ᱥᱴᱚᱱ ᱫᱚ ᱱᱟᱯᱟᱭ ᱟᱠᱴᱚᱨ ᱟᱨ ᱱᱟᱯᱟᱭ ᱟᱠᱴᱨᱮᱥ ᱞᱟᱹᱜᱤᱫ ᱠᱚ ᱵᱟᱪᱷᱚᱱ ᱠᱮᱫ ᱠᱤᱱᱟ᱾
स्वास्थ्य रिपोर्ट बनाने के लिए कोई जेनेरिक रूपरेखा नहीं है।	ᱦᱚᱲᱢᱚ ᱥᱟᱶᱟᱨ ᱨᱮᱛᱮᱫ ᱪᱮᱫ ᱞᱮᱠᱟᱛᱮ ᱵᱮᱱᱟᱣ ᱦᱩᱭᱩᱜ ᱟ ᱚᱱᱟ ᱨᱮᱭᱟᱜ ᱡᱟᱸᱦᱟᱱ ᱡᱮᱱᱮᱨᱤᱠ ᱵᱞᱩᱯᱨᱤᱱᱴ ᱵᱟᱹᱱᱩᱜ ᱟ ᱾
दुर्भाग्य से, ट्रैफिक प्रवाह का अध्ययन करना कठिन है क्योंकि ड्राइवर बर्ताव को एक-एक प्रतिशत निश्चित रूप से घोषित नहीं किया जा सकता.	ᱚᱵᱷᱟᱜᱤᱭᱟᱹ, ᱭᱟᱛᱟᱭᱟᱛ ᱯᱨᱟᱣᱟᱦ ᱨᱮᱱᱟᱝ ᱯᱟᱲᱦᱟᱣ ᱮᱴᱠᱮᱴᱚᱬᱮ ᱢᱮᱱᱟᱜᱼᱟ ᱪᱮᱫᱟᱜ ᱥᱮ ᱥᱟᱭ ᱯᱨᱟᱛᱤᱥᱚᱛ ᱱᱤᱥᱪᱤᱛᱛᱟ ᱥᱟᱶᱛᱮ ᱪᱟᱞᱟᱠ ᱨᱮᱱᱟᱜ ᱵᱮᱵᱷᱟᱨ ᱠᱚ ᱟᱜᱟᱢᱫᱟᱨᱟᱢ ᱵᱟᱝ ᱧᱮᱞ ᱫᱟᱲᱮᱭᱟᱜᱼᱟ᱾
बधाई हो! क्या बैंक मैनेजर ने बिना कोई संपार्श्विक (सिक्योरिटी) दिए आपका ऋण स्वीकृत कर दिया?	ᱥᱟᱹᱜᱩᱱ ᱡᱚᱦᱟᱨ ! ᱟᱢ ᱫᱚ ᱡᱟᱦᱟᱱ ᱦᱮᱸ ᱥᱟᱹᱨᱤ ᱵᱟᱝ ᱮᱢ ᱠᱟᱛᱮᱫ ᱜᱤ ᱪᱮᱫ ᱵᱮᱝᱠ ᱢᱮᱱᱮᱡᱟᱨ ᱫᱚ ᱟᱢᱟᱜ ᱨᱤᱱᱼᱮ ᱚᱱᱩᱢᱳᱫᱚᱱ ᱟᱠᱟᱫᱟ ?
छ: मनुष्य एक साथ आकाश के लिए जाते हैं, परन्तु सब मार्ग ही पर मर जाते हैं, केवल एक छोटा कुत्ता ही है जो आकाश के फाटकों के साथ आता है ।	ᱛᱩᱨᱩᱭ ᱡᱚᱱᱟ ᱢᱤᱫ ᱥᱟᱶᱛᱮ ᱥᱚᱨᱚᱜ ᱥᱮᱱᱠᱚ ᱢᱚᱦᱰᱟᱭᱮᱱᱟ, ᱢᱮᱱᱠᱷᱟᱱ ᱦᱚᱨ ᱨᱮᱜᱮ ᱠᱚ ᱜᱚᱡ ᱮᱱᱟ, ᱡᱩᱫᱷᱤᱥᱴᱷᱤᱨ ᱵᱟᱫ ᱠᱟᱛᱮᱜ, ᱡᱟᱸᱦᱟᱭᱫᱚ ᱢᱤᱫ ᱦᱩᱰᱤᱧ ᱥᱮᱛᱟ ᱥᱟᱶᱛᱮ ᱥᱚᱨᱚᱜ ᱫᱩᱣᱟᱹᱨ ᱦᱟᱹᱵᱤᱡᱮ ᱥᱮᱴᱮᱨᱞᱮᱱᱟ, ᱡᱟᱸᱦᱟᱭᱫᱚ ᱵᱚᱸᱜᱟ ᱫᱷᱚᱨᱚᱢᱟᱜ ᱚᱵᱚᱛᱟᱨᱮ ᱦᱩᱭᱞᱮᱱᱟ ᱾
सन्‌ 1920 के दशक से, पेशेवर इंजीनियरों ने फरमाबरदारी में दिलचस्पी ली है ।	᱑᱙᱒᱐ ᱥᱟᱞ ᱠᱷᱚᱱ, ᱡᱚᱵᱠᱟᱹᱟᱱ ᱠᱟᱹᱭᱛᱩᱠᱤᱭᱟᱹ ᱠᱚ ᱟᱸᱜᱼᱥᱟᱨ ᱛᱩᱧ ᱨᱮ ᱠᱚ ᱡᱷᱩᱸᱠ ᱞᱮᱱᱟ, ᱡᱟᱦᱟᱱᱫᱚ ᱢᱟᱲᱟᱝ ᱥᱮᱨᱣᱟ ᱟᱱᱟᱜ ᱜᱩᱱ ᱜᱟᱹᱠᱷᱩᱲᱤᱭᱟᱹ ᱠᱚᱣᱟᱜ ᱟᱯᱱᱟᱨ ᱴᱷᱟᱶ ᱛᱟᱦᱮᱸᱠᱟᱱᱟ ᱾
इसके अलावा, ज़्यादातर जगहों पर और तेज़ खाना पकाने के लिए खनिजों का इस्तेमाल किया जाता है ।	ᱴᱨᱟᱱᱥ ᱯᱷᱮᱴ ᱫᱚ ᱵᱟᱹᱱᱤᱡ ᱟᱱᱟᱜ ᱥᱮᱠᱟᱣ ᱤᱥᱤᱱᱟᱜ ᱫᱩᱨᱤᱵ ᱠᱚ ᱟᱨ ᱟᱹᱰᱤᱜᱟᱱ ᱡᱚᱢ ᱡᱤᱨᱟᱹᱣ ᱚᱲᱟᱜ ᱨᱮ ᱟᱨ ᱯᱷᱟᱥᱴ ᱯᱷᱩᱰ ᱤᱥᱤᱱᱟᱜ ᱠᱚᱨᱮ ᱦᱟᱭᱰᱨᱳᱡᱮᱱ ᱢᱮᱥᱟ ᱠᱟᱛᱮᱜ ᱵᱮᱱᱟᱜᱼᱟ ᱾
वे अकसर अपने टीमों के सदस्यों से ज़्यादा स्वचालित होते हैं, जो शायद अलग - अलग समय क्षेत्रों के अनुसार मिलते हैं जिन्हें उनके स्थानीय प्रबंधन द्वारा समझा नहीं जा सकता ।	ᱯᱟᱨᱚᱢᱯᱟᱹᱨᱤᱠ ᱫᱳᱞ ᱛᱮᱭᱟᱜ ᱛᱩᱞᱱᱟᱹ ᱨᱮ ᱟᱠᱚ ᱴᱷᱮᱱ ᱚᱝᱠᱟ ᱜᱮ ᱰᱷᱮᱨ ᱥᱣᱟᱹᱭᱛᱟᱹ ᱛᱟᱦᱮᱸᱱ ᱠᱟᱱᱟ ᱠᱚ ᱪᱮᱫᱟᱜ ᱥᱮ ᱟᱠᱚᱣᱟᱜ ᱫᱳᱞ ᱮᱴᱟᱜᱼᱮᱴᱟᱜ ᱡᱟᱭᱜᱟ ᱦᱤᱥᱟᱹᱵ ᱛᱮ ᱢᱮᱲᱟᱣ ᱫᱟᱲᱮᱭᱟᱜᱼᱟ ᱠᱚ ᱡᱟᱦᱟᱸᱭ ᱫᱚ ᱟᱠᱚᱣᱟᱜ ᱥᱩᱨ ᱯᱨᱚᱵᱚᱱᱫᱷᱚᱱ ᱛᱮ ᱵᱩᱡᱷᱟᱹᱣ ᱵᱟᱝ ᱜᱟᱱᱚᱜᱼᱟ᱾
यह ज़रूरी है कि सभी विद्यार्थियों के लिए इ. www.jw.org वेबसाइट पर ऑनलाइन काम करने की ज़रूरत है ।	ᱱᱤᱭᱟᱹ ᱫᱚ ᱡᱚᱛᱚ ᱯᱟᱹᱴᱷᱣᱟᱹᱠᱩ ᱰᱟᱵᱞᱩᱰᱟᱵᱞᱩᱰᱟᱵᱞᱩᱹᱥᱠᱚᱞᱟᱨᱥᱤᱯᱹᱜᱚᱵᱷᱹᱤᱱ ᱞᱮᱠᱟᱱ ᱳᱣᱮᱵᱥᱟᱭᱤᱴᱨᱮ ᱚᱱᱞᱟᱭᱤᱱᱛᱮ ᱟᱹᱨᱡᱤᱭ ᱫᱚ ᱜᱚᱬᱦᱮᱭᱟᱱᱜᱮᱭᱟ ᱾
मेरे पास इकतीस शब्द हैं।	ᱤᱧ ᱴᱷᱮᱱ ᱯᱮ ᱜᱮᱞ ᱢᱤᱫ ᱜᱚᱴᱟᱝ ᱥᱚᱵᱚᱫ ᱢᱮᱱᱟᱜᱼᱟ ᱠᱚᱣᱟ।
यह विश्लेषणात्मक प्रदर्शन और मूल एकीकरण को बढ़ाने के लिए उच्च डेटा मात्रा प्रदान करता है।	ᱱᱚᱣᱟ ᱫᱚ ᱵᱤᱪᱷᱱᱟᱹᱣᱟᱱᱟᱜ ᱠᱟᱹᱢᱤ ᱫᱟᱲᱮ ᱟᱨ ᱛᱷᱟᱹᱱᱤᱛ ᱢᱮᱥᱟᱞᱟᱱᱟᱜ ᱥᱟᱸᱜᱮᱭ ᱞᱟᱹᱜᱤᱫ ᱞᱟᱯᱷᱟᱝ ᱰᱮᱴᱟ ᱞᱮᱠᱷᱟ ᱠᱚ ᱚᱯᱷᱟᱨᱼᱟ ᱾
कुछ नकदी की फसलें हैं, जो लीओवा, क्रेना, ऑरा, लीब, लीआ, पापाा, पंआ, पाउ, पाउ और लोम में पायी जाती हैं ।	ᱢᱩᱱᱤᱯᱩᱨ ᱞᱟᱹᱜᱤᱫ ᱡᱚᱛᱷᱟᱛ ᱠᱤᱪᱷᱩ ᱠᱟᱹᱣᱰᱤ ᱟᱹᱨᱤ ᱟᱨᱡᱟᱣ ᱫᱩᱨᱤᱯ ᱦᱩᱭᱩᱜ ᱠᱟᱱᱟ ᱞᱤᱪᱩ, ᱥᱚᱥᱚ, ᱟᱠᱷᱨᱳᱴ, ᱠᱚᱢᱚᱞᱟ ᱞᱮᱵᱩ, ᱠᱟᱹᱵᱡᱤ ᱞᱮᱵᱩ, ᱟᱱᱟᱨᱚᱥ, ᱯᱤᱯᱳ, ᱯᱮᱥᱚᱱ , ᱱᱟᱥᱯᱟᱛᱤ, ᱟᱨ ᱵᱚᱨᱚᱭ᱾
कुछ घटनाओं को पूरे जापान में अन्य स्थानों में आयोजित किया जाएगा ।	ᱯᱮᱨᱟᱚᱞᱚᱢᱯᱤᱠᱥ ᱒᱔ ᱵᱷᱟᱫᱚᱨᱵ ᱠᱷᱚᱱ ᱕ ᱫᱟᱥᱟᱸᱭ ᱒᱐᱒᱑ ᱫᱷᱟᱹᱵᱤᱡ ᱦᱩᱭᱩᱜᱼᱟ᱾ ᱛᱤᱱᱟᱹᱜ ᱜᱟᱱ ᱠᱟᱹᱢᱤᱥᱟᱲᱟ ᱯᱩᱨᱟᱹ ᱡᱟᱯᱟᱱ ᱨᱮ ᱮᱴᱟᱜ ᱡᱟᱭᱜᱟ ᱨᱮ ᱠᱚᱨᱟᱣᱟ ᱠᱚ᱾
इसे नॉर्दर्न टेरिटरी के संग्रहालय और आर्ट गैलरी द्वारा खरीदा गया था।	ᱱᱚᱶᱟ ᱫᱚ ᱩᱛᱛᱚᱨ ᱴᱚᱴᱷᱟ ᱨᱮᱭᱟᱜ ᱡᱟᱹᱫᱩᱚᱲᱟᱜ ᱟᱨ ᱟᱨᱴ ᱜᱮᱹᱞᱟᱨᱤ ᱫᱟᱨᱟᱭᱛᱮ ᱠᱤᱨᱤᱧ ᱦᱩᱭ ᱞᱮᱱᱟ ᱾
शुरू - शुरू में, पूर्वी देशों की बाइज़ेन्टीनी संस्कृति का बहुत बड़ा असर हुआ ।	ᱮᱛᱚᱦᱚᱵ ᱨᱮ ᱯᱩᱨᱩᱵᱽ ᱱᱟᱠᱷᱟ ᱨᱮ ᱦᱚᱨᱚᱜ ᱵᱟᱸᱫᱮ ᱫᱚ ᱵᱟᱹᱲᱛᱤᱠᱟᱛᱮ ᱵᱤᱡᱟᱱᱴᱤᱱ ᱞᱟᱠᱪᱟᱨ ᱠᱷᱚᱱ ᱚᱨᱥᱚᱝ ᱟᱠᱟᱱᱟ᱾
यदि यह प्रेषित शेषफल (रिमाइंडर) से मेल नहीं खाता है, तो एक त्रुटि का पता चलता है।	ᱡᱩᱫᱤ ᱱᱚᱣᱟ ᱫᱚ ᱠᱩᱞᱟᱠᱟᱱ ᱥᱟᱨᱮᱡ ᱦᱤᱸᱥ ᱥᱟᱶ ᱵᱟᱝ ᱢᱤᱞᱟᱹᱜᱼᱟ, ᱛᱟᱦᱚᱞᱮ ᱢᱤᱫᱴᱟᱝ ᱵᱮᱴᱷᱤᱠ ᱴᱷᱟᱹᱣᱠᱟᱹ ᱞᱮᱠᱟᱛᱮ ᱢᱮᱱᱚᱜᱚᱜᱼᱟ ᱾
वाह! आपने सचमुच बहुत अच्छा काम किया। कार बिल्कुल नई जैसी दिखती है!	ᱳᱣᱟᱣ! ᱟᱢ ᱫᱚ ᱥᱟᱹᱨᱤᱜᱮ ᱢᱤᱫᱴᱟᱝ ᱵᱷᱟᱜᱮᱢ ᱠᱟᱹᱢᱤᱭᱟᱠᱟᱫᱟ ᱾ ᱜᱟᱹᱰᱤ ᱫᱚ ᱮᱠᱟᱞᱛᱮ ᱱᱟᱣᱟ ᱧᱮᱞᱚᱜ ᱠᱟᱱᱟ !
भारत में उनके पास 500 से भी ज़्यादा अस्पताल हैं ।	ᱜᱚᱴᱟ ᱵᱷᱟᱨᱚᱛ ᱨᱮ ᱕᱐᱐ ᱜᱚᱴᱟᱝ ᱠᱷᱚᱱ ᱦᱚᱸ ᱵᱟᱹᱲᱛᱤ ᱦᱟᱥᱯᱟᱛᱟᱞ ᱩᱱᱠᱩᱣᱟᱜ ᱱᱮᱴᱳᱣᱟᱨᱠ ᱟᱶᱛᱟᱨᱮ ᱢᱮᱱᱟᱜᱼᱟ
मैं वास्तव में कुछ दिनों के लिए समय और मेरे लक्ष्य पूरा किया.	ᱠᱤᱪᱷᱤ ᱫᱤᱱ ᱞᱟᱹᱜᱤᱫ ᱤᱧ ᱵᱟᱹᱲᱛᱤᱧ ᱠᱟᱹᱢᱤ ᱟᱠᱟᱫᱟ ᱟᱨ ᱤᱧᱟᱹᱜ ᱡᱚᱥ ᱤᱧ ᱯᱩᱨᱟᱹᱣ ᱟᱠᱟᱫᱟ ᱾
वेब पर, एक साधारण खोज से हज़ारों परिणाम मिल सकते हैं।	ᱩᱱᱤ ᱫᱚ ᱯᱷᱟᱹᱫ ᱞᱮᱠᱟᱛᱮ ᱠᱟᱹᱢᱤ ᱚᱠᱛᱚ ᱩᱱᱤ ᱫᱚ ᱟᱡ ᱞᱮᱠᱟᱛᱮ ᱠᱟᱹᱨᱤ ᱵᱤᱨᱤᱫ ᱤᱫᱤᱠᱟᱛᱮᱭ ᱯᱟᱲᱦᱟᱣ ᱞᱮᱱᱟ ᱾
यहाँ तक कि मेरा परिवार भी चाहता है कि मैं स्कूल जाकर पैसे कमाने के लिए नौकरी करूँ	ᱮᱢᱚᱱ ᱪᱮᱫ ᱤᱧᱨᱮᱱ ᱚᱲᱟᱜ ᱦᱚᱲ ᱦᱚᱸᱠᱚ ᱠᱷᱚᱡᱚᱜ ᱠᱟᱱᱟ ᱤᱧ ᱤᱛᱩᱱ ᱟᱥᱲᱟ ᱪᱟᱞᱟᱜ ᱵᱟᱹᱜᱤ ᱠᱟᱛᱮᱜ ᱯᱩᱭᱥᱟᱹ ᱨᱳᱡᱜᱟᱨ ᱞᱟᱹᱜᱤᱫ ᱠᱟᱹᱢᱤᱧ ᱮᱦᱚᱵ ᱢᱟ ᱾
इससे उनकी विषय वस्तु के चयन को लेकर एक राष्ट्रीय बहस शुरू हो गई।	ᱱᱚᱶᱟ ᱫᱚ ᱩᱱᱤᱭᱟᱜ ᱥᱟᱛᱟᱢ ᱨᱮᱭᱟᱜ ᱠᱩᱥᱤ ᱤᱫᱤ ᱠᱟᱛᱮ ᱢᱤᱫᱴᱟᱝ ᱡᱟᱹᱛᱤᱭᱟᱹᱨᱤ ᱨᱟᱯᱟᱪᱟᱜ ᱮᱛᱚᱦᱚᱵ ᱠᱮᱫᱟᱭ ᱾
बहुत से लोगों ने इसे पसंद नहीं किया इसलिए इस नाटक को एक सप्ताह बाद बंद कर दिया गया।	ᱡᱟᱹᱥᱛᱤ ᱦᱚᱲ ᱚᱱᱟ ᱵᱟᱝᱠᱩ ᱠᱩᱥᱤᱭᱟᱜ ᱠᱟᱱ ᱛᱟᱦᱮᱸ ᱠᱟᱱᱟ ᱚᱱᱟᱛᱮ ᱱᱚᱣᱟ ᱠᱷᱮᱞᱳᱰ ᱫᱚ ᱢᱤᱫ ᱦᱟᱯᱛᱟ ᱛᱟᱭᱚᱢ ᱵᱚᱸᱫᱷ ᱞᱮᱱᱟ ᱾
नाटक किस सटीक तारीख को लिखा गया था, यह अज्ञात है।	ᱦᱩᱰᱤᱧ ᱜᱟᱭᱟᱱ ᱫᱚ ᱴᱷᱤᱠ ᱛᱤᱥ ᱚᱞ ᱟᱠᱟᱱᱟ ᱚᱱᱟ ᱫᱚ ᱵᱟᱝ ᱵᱟᱰᱟᱭ ᱟᱠᱟᱱᱟ ᱾
काश मेरा सबसे अच्छा दोस्त, राम, इस यात्रा में मेरे साथ शामिल हुआ होता। यह और भी बेहतर हो सकता था।	ᱡᱩᱫᱤ ᱤᱧᱨᱮᱱ ᱥᱚᱨᱮᱥ ᱜᱟᱛᱮ ᱨᱟᱢ ᱥᱩᱢᱩᱝ, ᱤᱧ ᱥᱟᱶᱛᱮ ᱥᱟᱸᱜᱷᱟᱨ ᱨᱮᱭ ᱥᱮᱞᱮᱫ ᱞᱮᱱᱠᱷᱟᱱ ᱾ ᱱᱚᱶᱟ ᱫᱚ ᱟᱨᱦᱚᱸ ᱱᱟᱯᱟᱭ ᱦᱩᱭ ᱫᱟᱲᱮ ᱠᱚᱜᱼᱟ ᱾
संविधान की सूची के तहत कानून बनाने की अलग - अलग शक्‍ति होती है (जैसे नागरिक, सुरक्षा, सुरक्षा और अपराधी कानून, व्यापार, व्यापार, व्यापार, व्यापार, व्यापार, व्यापार, व्यापार और व्यापार, व्यापार, व्यापार, व्यापार, व्यापार, और व्यापार के ज़रिए) जबकि हर सरकार अपने लेवेगीज़ सम्मेलन के माध्यम से मामलों पर नियंत्रण रखता है, सरकार की सूची के तहत गिर रहा है (जैसे सरकारी सरकारी सरकार, सरकार व सरकारी अदालत, और सरकारी वकील के रूप में) ।	ᱡᱩᱠᱛᱚ ᱨᱟᱥᱴᱨᱤᱭᱚ ᱛᱟᱹᱞᱤᱠᱟᱨᱮ ᱥᱮᱞᱮᱫ ᱵᱟᱨᱮᱛᱮ (ᱡᱮᱞᱮᱠᱟ ᱱᱟᱜᱚᱨᱤᱭᱟ, ᱫᱳᱜᱫᱟᱨᱟᱢ, ᱚᱵᱷᱚᱱᱛᱚᱨᱤᱱ ᱱᱤᱨᱟᱯᱚᱛᱛᱟ, ᱚᱥᱟᱢᱚᱨᱤᱠ ᱟᱨ ᱠᱟᱹᱭ ᱟᱹᱱ, ᱠᱟᱹᱣᱰᱤ, ᱵᱮᱯᱟᱨ, ᱵᱟᱱᱤᱡᱽ ᱥᱮ ᱵᱤᱨᱤᱫ, ᱥᱮᱪᱮᱫ, ᱠᱟᱹᱢᱤ ᱟᱨ ᱥᱟᱸᱜᱷᱟᱨ) ᱟᱹᱱ ᱵᱮᱱᱟᱣ ᱨᱮ ᱥᱚᱝᱥᱚᱫᱽᱼᱟᱜ ᱟᱹᱭᱫᱟᱨ ᱢᱮᱱᱟᱜᱼᱟ, ᱟᱨ ᱯᱚᱱᱚᱛ ᱛᱟᱹᱞᱤᱠᱟ ᱨᱮ ᱥᱮᱞᱮᱫ ᱵᱟᱨᱮᱛᱮ (ᱡᱮᱞᱮᱠᱟ ᱦᱟᱥᱟ, ᱛᱷᱟᱹᱱᱤᱛ ᱥᱚᱨᱠᱟᱨ, ᱥᱚᱨᱤᱭᱟ ᱟᱹᱱ ᱥᱮ ᱥᱚᱨᱤᱭᱟ ᱠᱟᱪᱷᱟᱨᱤ, ᱯᱚᱱᱚᱛ ᱨᱮᱭᱟᱜ ᱪᱷᱩᱴᱤ ᱢᱟᱦᱟ ᱟᱨ ᱯᱚᱱᱚᱛ ᱥᱚᱨᱠᱟᱨᱟᱜ ᱠᱟᱹᱢᱤᱦᱚᱨᱟ) ᱡᱷᱚᱛᱚ ᱯᱚᱱᱚᱛ ᱨᱮᱭᱟᱜ ᱟᱹᱭᱤᱱᱤ ᱫᱟᱲᱮ ᱢᱮᱱᱟᱜᱼᱟ ᱯᱚᱱᱚᱛ ᱨᱮᱭᱟᱜ ᱵᱤᱫᱷᱟᱱᱥᱚᱵᱷᱟ ᱛᱟᱞᱟᱛᱮ ᱾
मेरे पास बयासी पेंसिल हैं।	ᱤᱧ ᱴᱷᱮᱱ ᱟᱨ ᱜᱮᱞ ᱵᱟᱨ ᱜᱚᱴᱟᱝ ᱯᱮᱱᱥᱤᱞ ᱢᱮᱱᱟᱜᱼᱟ ᱠᱚᱣᱟ।
मेरे पास पाँच किताब हैं।	ᱤᱧ ᱴᱷᱮᱱ ᱢᱚᱬᱮ ᱜᱚᱴᱟᱝ ᱯᱚᱛᱚᱢ ᱢᱮᱱᱟᱜᱼᱟ ᱠᱚᱣᱟ।
मेरे पास दस बंदर हैं।	ᱤᱧ ᱴᱷᱮᱱ ᱜᱮᱞ ᱜᱚᱴᱟᱝ ᱵᱟᱸᱫᱚᱨ ᱢᱮᱱᱟᱜᱼᱟ ᱠᱚᱣᱟ।
मैं एक अच्छी समीक्षा छोड़ने के लिए सुनिश्चित कर लेंगे.	ᱤᱧ ᱢᱤᱫᱴᱟᱝ ᱴᱷᱟᱹᱣᱠᱟᱹᱟᱱ ᱱᱟᱯᱟᱭ ᱨᱤᱵᱷᱤᱣᱩ ᱤᱧ ᱮᱢᱚᱜ ᱟ ᱾
मुझे इस गाने के बोलों से घिन आ रही है। वे बहुत आपत्तिजनक और अनुचित हैं।	ᱤᱧ ᱫᱚ ᱱᱚᱣᱟ ᱥᱮᱨᱮᱧ ᱨᱮᱭᱟᱜ ᱠᱟᱛᱷᱟ ᱨᱮᱧ ᱟᱹᱲᱤᱥ ᱟᱠᱟᱱᱟ ᱾ ᱚᱱᱟ ᱠᱚᱫᱚ ᱟᱹᱰᱤ ᱵᱟᱝ ᱜᱟᱱᱚᱜ ᱞᱮᱠᱟᱱ ᱟᱨ ᱵᱟᱝ ᱡᱩᱛᱩᱜ ᱞᱮᱠᱟᱱ ᱾
भूमध्य सागर में समान क्षेत्रों के समान, रोटी, सब्ज़ियाँ और मांस (जोकिन) पर आधारित है, और पूरे भर में जैतून के तेल का प्रयोग करता है ।	ᱢᱮᱡᱳᱨᱠᱟᱱ ᱤᱥᱤᱱ ᱡᱚᱢᱟᱜ, ᱵᱷᱩᱢᱚᱫᱷᱭᱚ ᱥᱟᱜᱚᱨ ᱨᱮᱭᱟᱜ ᱥᱚᱢᱟᱱ ᱡᱳᱱ ᱞᱮᱠᱟ, ᱨᱩᱴᱤ, ᱵᱟᱲᱜᱮ ᱵᱮᱨᱮᱞ ᱟᱨ ᱡᱤᱞ (ᱵᱤᱥᱮᱥ ᱠᱟᱭᱛᱮ ᱥᱩᱠᱨᱤ) ᱪᱮᱛᱟᱱ ᱨᱮ ᱢᱩᱬ ᱠᱚᱜᱼᱟ ᱟᱨ ᱳᱞᱤᱵᱷ ᱥᱩᱱᱩᱢ ᱵᱮᱵᱷᱟᱨ ᱠᱚᱜᱼᱟ᱾
गडाडाना हर हफ्ते क्रिसमस द्वीप की यात्रा के दौरान हुई किताब के साथ खुले खुले मैदान से उड़ती है।	ᱠᱷᱨᱤᱥᱢᱟᱥ ᱟᱭᱞᱮᱱᱰ ᱴᱨᱟᱵᱷᱮᱞ ᱵᱚᱫᱚᱞ ᱛᱟᱞᱟᱛᱮ ᱵᱩᱠᱤᱝ ᱠᱟᱛᱮ ᱜᱚᱨᱩᱲ ᱤᱱᱫᱳᱱᱮᱥᱤᱭᱟ ᱡᱟᱠᱟᱨᱛ ᱠᱷᱚᱱ/ᱫᱷᱟᱹᱵᱤᱡ ᱥᱟᱯᱛᱟ ᱨᱮᱭᱟᱜ ᱳᱯᱮᱱ ᱪᱟᱨᱴᱟᱨ ᱩᱰᱟᱹᱱ ᱜᱟᱹᱰᱤ ᱪᱟᱪᱟᱞᱟᱣ ᱞᱮᱫᱟᱭ ᱾
पूर्वी अफ्रीकी द्वीप अफ्रीका के पूर्वी तट के पास उत्तरीय महासागर में हैं ।	ᱟᱯᱷᱨᱤᱠᱟ ᱨᱮᱭᱟᱜ ᱯᱩᱨᱩᱵᱽ ᱨᱮᱭᱟᱜ ᱟᱭᱤᱥᱞᱟᱸᱰ ᱠᱚᱫᱚ ᱟᱯᱨᱤᱠᱟ ᱯᱩᱨᱩᱵᱽ ᱫᱚᱨᱭᱟ ᱫᱷᱟᱨᱮ ᱤᱱᱰᱤᱭᱟᱱ ᱫᱚᱨᱭᱟ ᱨᱮ ᱢᱮᱱᱟᱜᱼᱟ᱾
मेरे पास पंद्रह अमरूद हैं।	ᱤᱧ ᱴᱷᱮᱱ ᱜᱮᱞ ᱢᱚᱬᱮ ᱜᱚᱴᱟᱝ ᱟᱢᱨᱩᱫ ᱢᱮᱱᱟᱜᱼᱟ ᱠᱚᱣᱟ।
मेरी पत्नी का मज़ाक मत उड़ाओ! अपनी ज़बान संभाल कर बात करो!	ᱤᱧᱨᱮᱱ ᱚᱲᱟᱜ ᱦᱚᱲ ᱟᱛᱮᱫ ᱟᱞᱚᱢ ᱨᱟᱹᱥᱠᱟᱹᱭᱟ ! ᱟᱢᱟᱜ ᱢᱚᱪᱟ ᱥᱟᱸᱵᱲᱟᱣᱛᱟᱢ !
यह व्यापक रूप से स्वीकार किया जाता है कि फरवरी 2006 में पहली बार नैशनल रिपरेशन नैशनल रिपररी (नाइजी) ने एक शानदार सफलता प्राप्त की है ।	ᱱᱤᱭᱟᱹ ᱫᱚ ᱡᱟᱹᱥᱛᱤ ᱠᱟᱭᱛᱮ ᱜᱤ ᱥᱤᱠᱟᱹᱨᱟᱠᱟᱱᱟ ᱡᱮ ᱱᱮᱥᱚᱱᱟᱞ ᱨᱩᱨᱟᱞ ᱮᱢᱯᱞᱚᱭᱢᱮᱱᱴ ᱜᱮᱨᱮᱱᱴᱤ ᱮᱠᱴ (ᱮᱱᱟᱨᱤᱡᱤᱮ) ᱫᱚ ᱯᱩᱭᱞᱩ ᱒᱐᱐᱖ ᱥᱟᱞ ᱨᱮᱭᱟᱜ ᱯᱷᱮᱵᱨᱟᱨᱭ ᱢᱟᱹᱱᱦᱟᱹ ᱨᱮ ᱥᱟᱹᱨᱤᱭᱟᱜ ᱞᱮᱱᱟ, ᱡᱟᱦᱟᱸ ᱫᱚ ᱟᱹᱰᱤ ᱱᱟᱯᱟᱭ ᱡᱤᱛᱠᱟᱹᱨᱮ ᱧᱟᱢᱞᱮᱫᱟ ᱾
तीन साल में लड़कियों की उम्र का आधा हिस्सा कम करने का लक्ष्य रखा जाएगा ।	ᱡᱚᱥ ᱫᱚ ᱦᱩᱭᱩᱜᱼᱟ ᱯᱮ ᱥᱮᱨᱢᱟ ᱨᱮ ᱛᱤᱨᱞᱟᱹ ᱦᱚᱯᱚᱱ ᱠᱚᱣᱟᱜ ᱥᱤᱠᱷᱱᱟᱹᱛ ᱦᱟᱨ ᱱᱟᱦᱟᱜ ᱞᱮᱵᱮᱞ ᱠᱷᱚᱱ ᱚᱨᱫᱷᱮᱠ ᱨᱮ ᱠᱚᱢᱟᱣ ᱾
इसके सभी सहवास शक्ति सभी को सामान्य करने के लिए प्रभावित किया।	ᱱᱚᱣᱟ ᱨᱮᱭᱟᱜ ᱜᱚᱴᱟᱛᱚᱨᱟ ᱫᱟᱲᱮ ᱫᱚ ᱨᱟᱡᱟ ᱠᱷᱚᱱ ᱤᱫᱤ ᱠᱟᱛᱮᱱ ᱥᱟᱫᱷᱟᱨᱚᱱ ᱦᱚᱲ ᱦᱟᱹᱵᱤᱡ ᱡᱚᱛᱚᱭ ᱮᱥᱮᱨ ᱠᱮᱫ ᱠᱚᱣᱟ᱾
उदाहरण के लिए, एक स्टोर यह सहेजना चाहता है कि क्या खरीदा गया है।	ᱫᱟᱹᱭᱠᱟᱹ ᱞᱮᱠᱟᱛᱮ, ᱢᱤᱫᱴᱟᱝ ᱫᱳᱠᱟᱱ ᱡᱟᱦᱟ ᱠᱤᱨᱤᱧᱟᱠᱟᱱ ᱚᱱᱟ ᱡᱚᱜᱟᱣᱼᱮ ᱠᱷᱚᱡ ᱠᱟᱱ ᱾
एक ग्राहक ने तो मेरे चेहरे पर थूक भी दिया। मुझे इसे अपने हाथ से पोंछना पड़ा क्योंकि मेरे पास टिश्यू नहीं था।	ᱢᱤᱫ ᱠᱤᱨᱤᱧᱤᱭᱟᱹ ᱮᱢᱚᱱ ᱠᱤ ᱤᱧᱟᱹᱜ ᱢᱮᱫᱽᱦᱟ ᱨᱮᱭ ᱛᱷᱩ ᱟᱫᱤᱧᱟ ᱾ ᱴᱤᱥᱩ ᱵᱟᱝ ᱛᱟᱦᱮᱸ ᱠᱟᱱ ᱠᱷᱟᱹᱛᱤᱨ ᱤᱧ ᱫᱚ ᱤᱧᱟᱜ ᱛᱤ ᱛᱮ ᱡᱚᱫ ᱦᱩᱭᱞᱮᱱ ᱛᱤᱧᱟᱹ ᱾
एक उदाहरण है, फोटो - ड्रामािंग, और जन्म - स्थानी लोगों के बारे में सीखना ।	ᱢᱤᱫᱴᱟᱝ ᱫᱟᱹᱭᱠᱟ ᱵᱚᱨᱱᱤᱭᱟ ᱨᱮ ᱚᱨᱜᱮᱱᱟᱴᱩᱸᱜᱥ ᱵᱟᱵᱚᱛ ᱵᱟᱲᱟᱭ ᱮᱱᱟ, ᱯᱷᱚᱴᱚ ᱨᱟᱠᱟᱵ ᱨᱮᱱᱟᱜ ᱟᱨ ᱟᱹᱠᱤᱞᱚᱜᱼᱟ᱾
अरे, मुझे अभी आपकी अपेक्षाओं के अनुरूप एक प्रमुख विषय (मेजर) मिला है जो आपकी रुचि का हो सकता है (प्रोफेसर)।	ᱟᱨᱮ, ᱤᱧ ᱫᱚ ᱟᱢᱟᱜ ᱟᱥ ᱟᱱᱟᱜ ᱥᱟᱶ ᱢᱤᱞᱡᱩᱞᱛᱮ ᱯᱮᱨᱮᱡ ᱢᱤᱫᱴᱟᱝ ᱢᱩᱲᱩᱫ ᱞᱟᱭᱤᱱᱤᱧ ᱛᱚᱞᱟᱥ ᱧᱟᱢ ᱟᱠᱟᱫᱟ, ᱡᱟᱦᱟ ᱫᱚ ᱟᱢᱮ ᱡᱷᱩᱠ ᱫᱟᱲᱮᱭᱟᱢᱟ (ᱥᱟᱪᱮᱫ) ᱾
तो केवल तुम्हारा नाम चुनी गई रोल पर भर्ती हो जाएगा.	ᱮᱱᱠᱷᱟᱱ ᱜᱮ ᱵᱷᱳᱴᱟᱨ ᱛᱟᱹᱞᱤᱠᱟᱨᱮ ᱧᱩᱛᱩᱢ ᱨᱟᱠᱟᱵ ᱛᱟᱢᱟ ᱾
अगर आपको लगता है कि आप रात को नींद में सो रहे हैं, तो यह कमरे की दूसरी तरफ रखा जा सकता है ।	ᱡᱩᱫᱤ ᱟᱢ ᱟᱢᱟᱜ ᱡᱟᱹᱯᱤᱫ ᱨᱮ ᱜᱷᱟᱹᱲᱤ ᱨᱤᱥᱮᱴ ᱠᱚᱨᱟᱣ ᱛᱩᱞᱩᱡ ᱧᱟᱢ ᱮᱫᱟ, ᱠᱷᱟᱱ ᱱᱚᱣᱟ ᱠᱟᱸᱫᱷᱟ ᱨᱮᱱᱟᱜ ᱫᱚᱥᱟᱨ ᱯᱟᱦᱴᱟ ᱫᱚᱦᱚ ᱫᱟᱲᱮᱭᱟᱜᱼᱟᱢ, ᱡᱟᱦᱟᱸ ᱫᱚ ᱟᱢ ᱱᱚᱣᱟ ᱵᱚᱱᱫᱚ ᱞᱟᱹᱜᱤᱫ ᱛᱮ ᱚᱲᱟᱜ ᱠᱷᱚᱱ ᱵᱟᱦᱨᱮ ᱚᱰᱚᱠ ᱫᱟᱲᱮᱭᱟᱜᱼᱟᱢ᱾
लेकिन, यह उबाऊ नहीं लगता: हाथ के कठोर नियम के तौर पर, आप चार गुना अधिक व्यवसाय के सामान्य अर्थव्यवस्था का लाभ उठाने की अपेक्षा कर सकते हैं, और पहली कक्षा के लिए ११ बार!	ᱢᱮᱱᱠᱷᱟᱱ, ᱱᱚᱣᱟ ᱥᱟᱥᱛᱟ ᱵᱟᱱᱩᱜᱼᱟ: ᱠᱟᱹᱴᱩᱯ ᱛᱮᱭᱟᱜ ᱢᱳᱴᱟ ᱱᱤᱭᱚᱢ ᱠᱚ ᱞᱮᱠᱟ ᱛᱮ, ᱟᱢ ᱟᱢᱟᱜ ᱵᱮᱯᱟᱨ ᱞᱟᱹᱜᱤᱫ ᱥᱟᱫᱷᱟᱨᱚᱱ ᱠᱟᱹᱰᱤ ᱟᱹᱨᱤ ᱵᱮᱵᱚᱥᱛᱷᱟ ᱨᱮᱭᱟᱜ ᱵᱷᱟᱲᱟ ᱨᱮ ᱯᱩᱱ ᱜᱩᱱᱮ ᱟᱨ ᱢᱟᱬᱟᱝ ᱪᱟᱱᱚᱡ ᱞᱟᱹᱜᱤᱫ ᱵᱷᱩᱜᱽᱛᱟᱱ ᱨᱮᱭᱟᱜ ᱮᱢ ᱟᱥᱟ ᱫᱟᱲᱮᱭᱟᱜᱼᱟ!
क्या आप कह रहे हैं कि ऑर्थो डॉक्टर से बेहतर कोई और है?	ᱟᱢ ᱪᱮᱫ ᱮᱢ ᱞᱟᱹᱭᱮᱫᱟ ᱡᱮ ᱚᱨᱛᱷᱳ ᱰᱟᱠᱛᱟᱨ ᱠᱚ ᱠᱷᱚᱱ ᱱᱟᱯᱟᱭ ᱮᱴᱟᱜ ᱡᱟᱦᱟᱭ ᱢᱮᱱᱟᱜ ᱠᱚᱣᱟ ?
मैं इसे देखने के लिए मर रहा हूँ.	ᱤᱧ ᱫᱚ ᱚᱱᱟ ᱧᱮᱞ ᱞᱟᱹᱜᱤᱫᱤᱧ ᱯᱟᱜᱞᱟᱣᱟᱠᱟᱱᱟ ᱾
उत्तरी क्षेत्रों में, इतालवी खेलों और भाईचारे के खेलों में सबसे अधिक लोकप्रिय हैं ।	ᱮᱛᱚᱢ ᱯᱟᱦᱴᱟ ᱨᱮ ᱨᱟᱵᱟᱝ ᱠᱷᱮᱞ ᱡᱷᱚᱛᱚ ᱠᱷᱚᱱ ᱧᱩᱛᱩᱢᱟᱱ ᱠᱟᱱᱟ, ᱤᱴᱟᱞᱤᱭᱟᱹᱱ ᱡᱮᱜᱮᱛᱤᱭᱟᱹ ᱠᱷᱮᱞ ᱟᱨ ᱟᱞᱮᱢᱯᱤᱠ ᱟᱹᱭᱚᱡᱚᱱ ᱨᱮ ᱦᱮᱯᱨᱟᱣ ᱠᱚ ᱠᱚᱨᱟᱣᱟ᱾
इसके अलावा, अंतर्राष्ट्रीय पर्यटक दिलचस्पी के केंद्र में अनेक अन्य कार्यालय हैं ।	ᱱᱚᱶᱟ ᱪᱷᱟᱰᱟ, ᱡᱮᱜᱮᱫ ᱡᱟᱠᱟᱛ ᱥᱟᱸᱜᱷᱟᱨᱤᱭᱟᱹ ᱠᱚᱣᱟᱜ ᱡᱷᱩᱸᱠ ᱞᱮᱠᱟᱛᱮ ᱛᱟᱞᱢᱟᱨᱮ ᱟᱨᱦᱚᱸ ᱵᱮᱥ ᱠᱤᱪᱷᱤ ᱟᱹᱯᱤᱥ ᱢᱮᱱᱟᱜᱼᱟ ᱾
हाँ, आप कह सकते हैं कि.	ᱦᱮᱸ, ᱟᱢᱮᱢ ᱞᱟᱹᱭ ᱫᱟᱲᱮᱭᱟᱜᱼᱟ ᱾
नवंबर 2022 में, टोरेस ने फिर से इस्तीफा दे दिया और उनकी जगह बेट्सी शावेज ने ली।	᱒᱐᱒᱒ ᱥᱟᱞ ᱨᱮᱭᱟᱜ ᱱᱚᱵᱷᱮᱢᱵᱚᱨ ᱨᱮ, ᱴᱚᱨᱮᱥ ᱟᱨᱦᱚᱸᱭ ᱟᱲᱟᱜ ᱜᱤᱰᱤ ᱠᱟᱫᱟ ᱟᱨᱮ ᱵᱚᱫᱚᱞ ᱟᱠᱟᱱᱟ ᱵᱮᱴᱥᱤ ᱥᱮᱹᱵᱷᱮᱡ
आप उन पिताओं में से एक हैं जो हमारी पीढ़ी को नहीं समझते।	ᱟᱢ ᱫᱚᱢ ᱦᱩᱭᱩᱜ ᱠᱟᱱᱟᱢ ᱩᱱᱠᱩ ᱵᱟᱵᱟ ᱠᱚ ᱢᱩᱫᱽᱨᱮ ᱢᱤᱫ ᱦᱚᱲ ᱡᱟᱦᱟᱸᱭ ᱫᱚ ᱟᱞᱮᱭᱟᱜ ᱯᱤᱲᱦᱤ ᱵᱟᱠᱚ ᱵᱩᱡᱷᱟᱹᱣᱟ ᱾
संसद में अपने कार्यकाल के दौरान, त्सोचात्ज़ोपोलोस पर कई बार भ्रष्टाचार का आरोप लगाया गया।	ᱯᱟᱨᱞᱟᱢᱮᱱᱴ ᱨᱮ ᱛᱟᱦᱮᱱ ᱚᱠᱛᱚ ᱥᱳᱪᱟᱛᱡᱳᱯᱩᱞᱚᱥ ᱵᱤᱨᱩᱫ ᱨᱮ ᱟᱹᱰᱤ ᱫᱷᱟᱣ ᱵᱟᱹᱲᱤᱡ ᱠᱟᱹᱢᱤ ᱨᱮᱭᱟᱜ ᱞᱟᱹᱞᱤᱥ ᱨᱟᱠᱟᱵ ᱟᱠᱟᱱᱟ ᱾
मैं माफी चाहता हूँ, मुझे जाना है, आप शायद तूफान पर एक जल्दी अद्यतन दे सकता है?	ᱤᱧ ᱵᱷᱟᱵᱱᱟᱹᱧ ᱟᱹᱭᱠᱟᱹᱣᱮᱫᱟ, ᱤᱧ ᱪᱟᱞᱟᱜ ᱦᱩᱭᱩᱜ ᱛᱤᱧᱟᱹ, ᱟᱢ ᱪᱮᱫ ᱦᱚᱭᱵᱷᱟᱨᱰᱳ ᱨᱮᱭᱟᱜ ᱢᱤᱫᱴᱟᱝ ᱞᱚᱜᱚᱱ ᱟᱯᱰᱮᱴ ᱤᱧ ᱮᱢ ᱫᱟᱲᱮ ᱟᱹᱧᱟᱹ ?
ओह! यह बहुत दर्दनाक है। मैंने अपने पैर पर डम्बल गिरा दिया है, इसमें चोट लगी है। मैं अपना पैर उठाने में असमर्थ हूँ।	ᱩᱦ ! ᱱᱚᱣᱟ ᱫᱚ ᱡᱚᱞᱚᱱ ᱟᱱᱟᱜ ᱠᱟᱱᱟ ᱾ ᱤᱧ ᱫᱚ ᱤᱧᱟᱜ ᱡᱟᱸᱜᱟ ᱨᱮ ᱰᱟᱢᱵᱮᱞ ᱠᱚᱧ ᱜᱤᱰᱤᱭᱟᱠᱟᱫᱟ, ᱚᱱᱟ ᱫᱚ ᱦᱟᱥᱚᱭ ᱫᱤᱧ ᱠᱟᱱᱟ ᱾ ᱤᱧ ᱫᱚ ᱡᱟᱸᱜᱟ ᱵᱟᱹᱧ ᱛᱩᱞ ᱫᱟᱲᱮᱭᱟᱜ ᱠᱟᱱᱟ ᱾
एक साल के समय में, एक संक्रमित व्यक्ति १० से १५ नज़दीकी संपर्कों को संक्रमित कर सकता है.	ᱢᱤᱫ ᱥᱮᱨᱢᱟ ᱨᱮ ᱢᱤᱫ ᱤᱱᱯᱷᱮᱠᱴᱮᱰ ᱦᱚᱲ ᱥᱩᱨᱼᱥᱩᱯᱩᱨ ᱑᱐ ᱠᱷᱚᱱ ᱑᱕ ᱦᱚᱲ ᱮ ᱤᱱᱯᱷᱮᱠᱴ ᱫᱟᱲᱮᱭᱟᱠᱚᱣᱟ᱾
लेकिन, यदि अतिरिक्‍त योग्यता के बिना प्रयोग किया जाता है, तो यह शब्द मुख्य द्वीप जावा के मध्य और पूर्वी भागों से पहले भोजन को सूचित करता है ।	ᱢᱮᱱᱠᱷᱟᱱ, ᱡᱩᱫᱤ ᱞᱟᱦᱟ ᱠᱣᱟᱞᱤᱯᱷᱟᱭᱟᱨ ᱵᱮᱜᱚᱨ ᱵᱮᱵᱷᱟᱨ ᱦᱩᱭᱩᱜ ᱠᱟᱱᱟ, ᱠᱷᱟᱱ ᱟᱹᱲᱟᱹ ᱢᱩᱬᱩᱛ ᱨᱩᱯ ᱛᱮ ᱢᱩᱬᱩᱛ ᱟᱭᱤᱞᱮᱭᱱᱰ ᱡᱟᱣᱟ ᱨᱮᱱᱟᱜ ᱛᱟᱞᱟ ᱟᱨ ᱥᱟᱢᱟᱝ ᱦᱟᱹᱴᱤᱧ ᱠᱷᱚᱱ ᱡᱚᱢᱟᱜ ᱨᱮᱱᱟᱜ ᱢᱮᱱᱮᱛ ᱫᱚᱦᱚ ᱮᱫᱼᱟᱭ᱾
रुको, क्या तुमने वह नया वायरल वीडियो देखा? इसने मुझे पूरी तरह से चौंका दिया! (जेन जेड 1)।	ᱛᱟᱸᱜᱤ ᱢᱮ, ᱟᱢ ᱠᱤ ᱚᱱᱟ ᱱᱟᱶᱟ ᱵᱷᱟᱭᱨᱟᱞ ᱵᱷᱤᱰᱤᱭᱳᱢ ᱧᱮᱞ ᱟᱠᱟᱫᱟ ? ᱱᱚᱶᱟ ᱫᱚ ᱯᱩᱨᱟᱹᱜᱮ ᱤᱧ ᱥᱟᱵ ᱞᱟᱹᱜᱤᱫ ᱜᱟᱨᱰ ᱵᱚᱱᱫᱚ ! (ᱡᱮᱱᱟᱨᱮᱞ ᱡᱮᱰ ᱑)
इसकी तुलना एक IRC चैनल से भी की जा सकती है।	ᱱᱚᱶᱟ ᱫᱚ ᱢᱤᱫᱴᱟᱝ ᱟᱭ ᱟᱨ ᱥᱤ ᱪᱮᱹᱱᱮᱞ ᱥᱟᱞᱟᱜ ᱦᱚᱸ ᱛᱩᱞᱩᱡ ᱜᱟᱱᱚᱜᱼᱟ ᱾
इलाज के बाद मैं बहुत हल्का और अच्छे मूड में महसूस कर रहा हूँ।	ᱛᱤᱠᱤᱪᱪᱷᱟ ᱛᱟᱭᱚᱢ ᱤᱧ ᱟᱹᱰᱤ ᱪᱮᱦᱚᱨᱟ ᱟᱨ ᱱᱟᱯᱟᱭ ᱤᱧ ᱟᱹᱭᱠᱟᱹᱣᱮᱫ ᱛᱟᱦᱮᱸ ᱢᱚᱱᱮ ᱠᱚ ᱾
हम अपने तालाबों में साफ पानी नहीं है और ट्यूब ठीक है.	ᱟᱞᱮᱭᱟᱜ ᱯᱩᱠᱷᱨᱤ ᱟᱨ ᱴᱤᱯᱠᱚᱞᱨᱮ ᱵᱷᱟᱜᱮ ᱧᱩᱭ ᱫᱟᱜ ᱵᱟᱹᱱᱩᱜᱼᱟ ᱿
मेरा बैंक नकारात्मक शेष (नेगेटिव बैलेंस) क्यों दिखा रहा है? क्या किसी ने मेरे पैसे चुरा लिए?	ᱪᱮᱫᱟᱜ ᱤᱧᱟᱜ ᱵᱮᱝᱠ ᱠᱚᱢ ᱵᱮᱞᱮᱱᱥᱼᱮ ᱩᱫᱩᱜ ᱮᱫᱟ ? ᱡᱟᱦᱟᱭ ᱠᱤ ᱤᱧᱟᱜ ᱠᱟᱹᱣᱰᱤ ᱠᱚ ᱠᱚᱢᱲᱚᱣᱟᱠᱟᱫᱟ ?
सन्‌ 1920 के दौरान, ज़्यादातर नागरिकों और देशों के लोगों के रवैए में ज़मीन - आसमान का फर्क था ।	᱑᱙᱒᱐ ᱜᱮᱞ ᱥᱮᱨᱢᱟ ᱨᱮ, ᱟᱭᱢᱟ ᱫᱤᱥᱚᱢ ᱟᱨ ᱱᱟᱜᱽᱨᱤᱠ ᱠᱚᱣᱟᱜ ᱩᱭᱦᱟᱹᱨ ᱯᱮᱥᱤᱯᱷᱤᱡᱚᱢ ᱟᱨ ᱟᱭᱥᱳᱞᱮᱥᱚᱱ ᱛᱟᱦᱮᱸ ᱠᱟᱱᱟ᱾
जब जीवित चीजों का एक छोटा समूह मुख्य जनसंख्या से अलग हो जाता है (जैसे कि वे एक पहाड़ सीमा या एक नदी के ऊपर जाते हैं, या अगर वे एक नए द्वीप में ले जाते हैं ताकि वे आसानी से वापस नहीं जा सकते हैं) वे अक्सर एक अलग वातावरण में अपने आप को पाते हैं.	ᱡᱚᱠᱷᱚᱱ ᱵᱟᱧᱪᱟᱣ ᱡᱩᱱᱛᱩ ᱠᱚᱹᱣᱤᱡ ᱢᱤᱫ ᱦᱩᱰᱤᱧ ᱫᱚᱞ (ᱢᱤᱫ ᱠᱷᱟᱴᱚ ᱞᱮᱠᱷᱟ ᱦᱚᱲ) ᱢᱩᱬᱩᱛ ᱫᱚᱞ ᱠᱷᱚᱱ ᱠᱚ ᱵᱷᱮᱜᱟᱨᱚᱜᱼᱟ (ᱡᱮᱢᱚᱱ ᱩᱱᱠᱩ ᱫᱚ ᱢᱤᱫ ᱵᱚᱨᱚ ᱟᱨᱵᱟᱝ ᱢᱤᱫ ᱜᱟᱰᱟ ᱨᱮᱠᱚ ᱯᱟᱨᱚᱢᱚᱜ ᱠᱟᱱᱟ ᱢᱤᱫ ᱱᱟᱶᱟ ᱟᱭᱤᱥᱞᱟᱸᱰ ᱛᱮ ᱡᱟᱦᱟᱸ ᱠᱷᱚᱱ ᱨᱩᱣᱟᱹᱲ ᱵᱟᱝ ᱟᱞᱜᱟᱦᱟ) ᱩᱱᱠᱩ ᱫᱚ ᱢᱤᱫ ᱱᱟᱶᱟ ᱡᱟᱭᱜᱟ ᱨᱮᱠᱚ ᱧᱟᱢ ᱠᱚᱣᱟ᱾
तो मैं आप के लिए एक सबसे उपयोगी भाषा लेने का सुझाव होगा.	ᱮᱱᱠᱷᱟᱱ ᱤᱧ ᱟᱢ ᱞᱟᱹᱜᱤᱫ ᱡᱚᱛᱚᱠᱷᱚᱱ ᱡᱟᱹᱨᱩᱲᱟᱱ ᱢᱤᱫᱴᱟᱝ ᱯᱟᱹᱨᱥᱤ ᱦᱟᱛᱟᱣ ᱨᱮᱭᱟᱜ ᱯᱚᱨᱟᱢᱚᱨᱥᱚᱧ ᱮᱢᱟᱢᱟ ᱾
अठारह दिन तक युद्ध भड़कता रहता है और सीरवा की हार के साथ समाप्त होता है.	ᱞᱟᱹᱲᱦᱟᱹᱭ ᱜᱮᱞ ᱤᱨᱟᱹᱞ ᱫᱤᱱ ᱦᱟᱹᱵᱤᱡ ᱪᱟᱞᱟᱣ ᱞᱮᱱᱟ ᱟᱨ ᱠᱳᱣᱨᱚᱵ ᱠᱚ ᱦᱟᱨᱟᱣ ᱛᱟᱞᱟᱛᱮ ᱢᱩᱪᱟᱹᱫ ᱞᱮᱱᱟ ᱾
अब्दुलअज़ीज़ के दौर में ओटोमन्स ने पश्चिम के साथ तालमेल बिठाने पर ध्यान दिया।	ᱟᱵᱩᱞᱡᱤᱡᱟᱜ ᱚᱠᱛᱚᱨᱮ ᱚᱴᱳᱢᱟᱱ ᱠᱚ ᱯᱚᱥᱪᱷᱤᱢᱵᱟᱝᱞᱟ ᱥᱟᱞᱟᱜ ᱢᱮᱥᱟᱜ ᱞᱟᱹᱜᱤᱫ ᱢᱚᱱᱮ ᱠᱚ ᱮᱢ ᱞᱮᱫᱟ ᱾
इसके अलावा सरकार ने दस लाख लोगों से यह वादा भी किया है कि अगले साल स्वास्थ्य एजॆंसियों को तैयार करने में मदद मिलेगी ।	ᱥᱚᱨᱠᱟᱨ ᱢᱤᱞᱤᱭᱚᱱ ᱵᱩᱴᱩᱞ ᱜᱟᱱ ᱮᱱᱥᱮᱯᱷᱮᱞᱟᱭᱴᱤᱡᱽ ᱣᱮᱠᱥᱤᱱ ᱨᱮᱭᱟᱜ ᱠᱟᱛᱷᱟ ᱮᱢ ᱟᱠᱟᱫᱟᱭ, ᱡᱟᱦᱟᱸ ᱫᱟ ᱦᱟᱹᱡᱩᱜ ᱠᱟᱱ ᱥᱮᱨᱢᱟ ᱨᱮ ᱱᱤᱯᱷᱩᱴ ᱥᱮᱫ ᱮᱡᱮᱱᱥᱭ ᱜᱚᱲᱚ ᱠᱚ ᱧᱟᱢ ᱫᱟᱲᱮᱭᱟᱜᱼᱟ᱾
सब कुछ अपने अंत में ठीक है?	ᱢᱩᱪᱦᱟᱹᱫ ᱟᱢᱟᱜ ᱥᱟᱱᱟᱢᱟᱜ ᱴᱷᱤᱠ ᱜᱮᱭᱟ ?
मुझे खेद है	ᱤᱧ ᱤᱠᱟᱹᱧ ᱠᱷᱚᱡᱚᱜ ᱠᱟᱱᱟ
तुमने अपना हाथ नहीं मिलाया है, है न?	ᱟᱢᱟᱜ ᱛᱤ ᱫᱚ ᱵᱟᱝ ᱨᱟᱹᱯᱩᱫ ᱟᱠᱟᱱᱟ, ᱚᱱᱟ ᱜᱮ ᱛᱚ ?
आलेख 145 को सुधारा गया और 2013 के सर्वोच्च न्यायालय के नियमों के मुताबिक चलना शुरू किया गया ।	ᱜᱟᱱᱟᱝ ᱑᱔᱕ ᱫᱚ ᱥᱩᱫᱷᱨᱟᱹᱣ ᱦᱩᱭ ᱟᱠᱟᱱᱟ ᱟᱨ ᱒᱐᱑᱓ ᱥᱟᱹᱦᱤᱛ ᱨᱮᱭᱟᱜ ᱥᱩᱯᱨᱤᱢ ᱠᱳᱨᱴ ᱨᱮᱭᱟᱜ ᱛᱟᱹᱛᱤᱛᱮ ᱪᱟᱪᱞᱟᱼᱟ ᱾
तो तुम जल्दी जगह पाने के लिए समय और खेलने के लिए, है ना?	ᱚᱱᱟᱛᱮ ᱟᱢᱫᱚ ᱠᱷᱮᱞ ᱞᱟᱹᱜᱤᱫ ᱡᱟᱭᱜᱟ ᱟᱨ ᱚᱠᱛᱚ ᱧᱟᱢ ᱞᱟᱹᱜᱤᱫ ᱞᱚᱜᱚᱱᱮᱢ ᱪᱟᱞᱟᱜᱼᱟ, ᱥᱮ ᱵᱟᱝ ?
लंबे समय से तय किए गए निवेशों को कई वर्षों के लिए आयोजित किया जा रहा है और वे निकट भविष्य में के केन्द्रित होने का इरादा नहीं कर रहे हैं.	ᱡᱮᱞᱮᱧᱼᱚᱠᱛᱚ ᱨᱮᱭᱟᱜ ᱠᱟᱹᱣᱰᱤ ᱥᱚᱯᱚᱦᱚᱫ ᱠᱚᱫᱚ ᱟᱭᱢᱟ ᱥᱮᱨᱢᱟ ᱞᱟᱹᱜᱤᱫ ᱥᱟᱵ ᱫᱚᱦᱚᱭ ᱦᱩᱭᱩᱜᱼᱟ ᱟᱨ ᱥᱩᱯᱩᱨ ᱟᱜᱟᱢᱨᱮ ᱪᱟᱵᱟᱜ ᱨᱮᱭᱟᱜ ᱦᱚᱸ ᱡᱚᱥ ᱵᱟᱝ ᱛᱟᱦᱮᱸᱱᱟ ᱾
यात्रा करनेवाले शायद जानवरों से मिलने जाएँ कि वे अपने घर के क्षेत्रों में परिचित नहीं हैं ।	ᱫᱟᱬᱟ ᱠᱩᱜ ᱫᱚ ᱡᱤᱣ ᱠᱤᱴ ᱠᱚ ᱥᱟᱹᱢᱱᱟᱹ ᱠᱚᱨᱟᱣ ᱛᱮ ᱦᱩᱭ ᱫᱟᱲᱮ ᱠᱚᱣᱟ ᱡᱮ ᱟᱠᱚ ᱫᱚ ᱱᱤᱡᱚᱨ ᱚᱲᱟᱜ ᱡᱟᱭᱜᱟ ᱨᱮ ᱵᱟᱠᱚ ᱯᱚᱨᱤᱪᱤᱛᱼᱟ᱾
आखिरी बार अलग - अलग देशों से काम करनेवाले मज़दूर अलग - अलग देशों से आए थे ताकि यह काम तेज़ी से बंद हो सके ।	ᱞᱟᱦᱟ ᱫᱷᱚᱢ ᱟᱭᱢᱟ ᱯᱚᱱᱚᱛ ᱠᱷᱚᱱ ᱢᱩᱱᱤᱥ ᱟᱹᱜᱩ ᱦᱩᱭ ᱞᱮᱱᱟ ᱡᱟᱦᱟᱸᱛᱮ ᱠᱟᱹᱢᱤ ᱞᱚᱜᱚᱱ ᱠᱚᱨᱟᱣ ᱦᱩᱭᱩᱜ ᱾
2010 की जनगणना के अनुसार, अल्तामोंट में 225 लोग रहते हैं।	᱒᱐᱑᱐ ᱥᱟᱞ ᱨᱮᱭᱟᱜ ᱦᱚᱲ ᱞᱮᱠᱷᱟ ᱞᱮᱠᱟᱛᱮ, ᱟᱞᱴᱟᱢᱚᱱᱴᱮ ᱨᱮ ᱒᱒᱕ ᱦᱚᱲ ᱠᱚ ᱜᱤᱨᱟᱹᱵᱟᱥᱚᱜᱼᱟ ᱾
ड्राइवर कह रहा है कि ब्रेक काम नहीं कर रहे हैं। मुझे लगता है कि हमारी टक्कर होने वाली है।	ᱰᱨᱟᱭᱵᱷᱟᱨ ᱮ ᱞᱟᱹᱭ ᱮᱫᱟ ᱡᱮ ᱵᱨᱮᱠ ᱫᱚ ᱵᱟᱭ ᱠᱟᱹᱢᱤ ᱮᱫᱟ ᱾ ᱤᱧ ᱢᱚᱱᱮᱭᱮᱫᱟ ᱟᱵᱚ ᱫᱚ ᱵᱚᱱ ᱛᱟᱹᱯᱤᱧᱚᱜ ᱞᱟᱹᱜᱤᱫᱚᱜ ᱠᱟᱱᱟ ᱾
1994 में, वह अलबर्टा में नेशनल सिटिज़न कोएलिशन के प्रमुख बने।	ᱵᱟᱨ ᱥᱮᱨᱢᱟ ᱛᱟᱭᱚᱢ ᱘᱖᱐ ᱥᱟᱞ ᱨᱮ ᱮᱛᱷᱮᱞᱚᱵᱟᱞᱰ ᱮ ᱜᱚᱡ ᱞᱮᱱᱟ ᱾
आप की जरूरत होगी वे तकनीकों के साथ गति पकड़।	ᱩᱱᱠᱩ ᱡᱟᱦᱟᱸ ᱜᱚᱛᱤ ᱛᱮ ᱞᱟᱜᱟᱱᱠᱟᱹᱨᱤ ᱠᱚ ᱥᱟᱯᱲᱟᱣ ᱮᱫᱟ ᱚᱱᱟ ᱥᱟᱵ ᱞᱟᱹᱜᱤᱫ ᱟᱢᱟᱜ ᱱᱚᱶᱟ ᱞᱟᱹᱠᱛᱤ ᱦᱩᱭᱩᱜᱼᱟ ᱾
गंगटोक जैसे पर्यटन स्थल में यातायात को इतना व्यवस्थित देखकर मैं चकित रह गया।	ᱜᱮᱝᱴᱚᱠ ᱞᱮᱠᱟᱱ ᱥᱟᱸᱜᱷᱟᱨᱟᱱ ᱴᱷᱟᱶ ᱨᱮ ᱪᱟᱞᱟᱜ ᱢᱮ ᱜᱟᱹᱰᱤ ᱦᱤᱡᱩᱜ ᱥᱮᱱᱚᱜ  ᱛᱤᱱᱟᱹᱜᱴᱟ ᱥᱟᱡᱟᱣᱟᱱᱟᱜ ᱚᱱᱟ ᱧᱮᱞᱛᱮ ᱤᱧᱤᱧ ᱦᱟᱦᱟᱲᱟᱜ ᱞᱮᱱᱟ ᱾
सन्‌ 1829 में कैरा, ऊर पहाड़ के दक्षिणी सिरे पर पहुँच गया ।	᱑᱘᱒᱙ᱼᱨᱮ ᱠᱚᱞᱮᱨᱟ ᱫᱚ ᱤᱣᱨᱟᱞ ᱨᱟᱛᱟᱝᱵᱩᱨᱩ ᱨᱮᱭᱟᱜ ᱫᱟᱹᱠᱷᱤᱱ ᱱᱟᱠᱷᱟᱨᱮ ᱥᱮᱴᱮᱨᱞᱮᱱᱟ ᱾
मेरे पास दस नारियल हैं।	ᱤᱧ ᱴᱷᱮᱱ ᱜᱮᱞ ᱜᱚᱴᱟᱝ ᱱᱟᱨᱤᱭᱟᱞ ᱢᱮᱱᱟᱜᱼᱟ ᱠᱚᱣᱟ।
भारत में इसकी विशाल सांस्कृतिक और धार्मिक विरासत और विभिन्‍न प्राकृतिक आकर्षणों के साथ विकास करने के लिए विशाल संभावनाएं हैं, लेकिन विश्‍व तट के दृश्‍य में तुलनात्मक रूप से छोटी भूमिका है ।	ᱵᱷᱟᱨᱚᱛ ᱨᱮᱭᱟᱜ ᱢᱟᱨᱟᱝ ᱞᱟᱠᱪᱟᱨ ᱟᱨ ᱫᱷᱚᱨᱚᱢᱟᱱ ᱥᱮᱨᱣᱟ ᱟᱨ ᱱᱟᱱᱟᱦᱩᱱᱟᱹᱨ ᱥᱟᱪᱟᱨᱦᱮᱫ ᱨᱤᱡᱷᱟᱹᱣᱟᱱᱟᱜ ᱥᱟᱶᱛᱮ ᱥᱟᱸᱜᱷᱟᱨ ᱵᱟᱹᱲᱛᱤ ᱦᱩᱭ ᱫᱟᱲᱮᱭᱟᱜᱼᱟ, ᱢᱮᱱᱠᱷᱟᱱ ᱡᱮᱜᱮᱫ ᱥᱟᱸᱜᱷᱟᱨ ᱪᱤᱛᱟᱹᱨ ᱨᱮ ᱛᱩᱞᱟᱹᱡᱚᱠᱷᱟ ᱞᱮᱠᱟᱛᱮᱫᱚ ᱦᱩᱰᱤᱧ ᱮᱱᱮᱢ ᱢᱮᱱᱟᱜᱼᱟ ᱾
मैंने मैराथन पूरी की और प्रथम आया।	ᱤᱧ ᱫᱚ ᱢᱮᱨᱟᱛᱷᱚᱱ ᱢᱩᱪᱟᱹᱫ ᱠᱟᱛᱮᱫ ᱯᱟᱹᱦᱤᱞᱤᱧ ᱦᱩᱭ ᱟᱠᱟᱱᱟ ᱾
इसलिए, इस व्याकरण प्रधानमंत्री को पढ़ने से आप फारसी व्याकरण के बारे में बहुत कुछ सीख सकेंगे और वाक्यांशों को बेहतर समझ पाएँगे ।	ᱚᱱᱟᱛᱮ, ᱱᱚᱣᱟ ᱨᱚᱱᱚᱲ ᱯᱨᱟᱭᱢᱚᱨ ᱠᱚ ᱯᱚᱲᱦᱚᱱ ᱞᱮᱠᱷᱟᱱ ᱯᱷᱟᱨᱥᱤ ᱨᱚᱱᱚᱲ ᱵᱟᱨᱮ ᱛᱮ ᱟᱹᱰᱤ ᱠᱤᱪᱷᱩ ᱪᱮᱫᱚᱜ ᱧᱟᱢᱚᱜᱼᱟ, ᱠᱷᱟᱹᱰᱭᱟᱹ ᱟᱹᱭᱟᱹᱛ ᱠᱚ ᱵᱩᱯᱩᱡᱷᱟᱹᱣ ᱨᱮ ᱟᱞᱜᱟ ᱜᱚᱲᱚ ᱧᱟᱢᱚᱜᱼᱟ᱾
मेरे पास पैंतीस सेब हैं।	ᱤᱧ ᱴᱷᱮᱱ ᱯᱮ ᱜᱮᱞ ᱢᱚᱬᱮ ᱜᱚᱴᱟᱝ ᱟᱢᱚᱞ ᱢᱮᱱᱟᱜᱼᱟ ᱠᱚᱣᱟ।
सन्‌ 1913 और 1929 के बीच, इसका खेती - बाड़ी - बाड़ी का निर्यात हर साल $ करोड़ (केम से $२ करोड़) बढ़ गया ।	᱑᱙᱑᱓ ᱠᱷᱚᱱ ᱑᱙᱒᱙ ᱨᱮᱭᱟᱜ ᱢᱩᱫᱽᱨᱮ,ᱱᱚᱶᱟ ᱪᱟᱥᱟᱱᱟᱜ ᱨᱚᱯᱛᱟᱱᱤ ᱓᱐ ᱞᱚᱠᱷᱚ ᱰᱚᱞᱟᱨ (ᱠᱚᱞᱟ ᱠᱷᱚᱱ ᱒ ᱞᱚᱠᱷᱚ ᱰᱚᱞᱟᱨ) ᱠᱷᱚᱱ ᱰᱷᱮᱨ ᱠᱟᱛᱮ ᱒ᱹ᱕ ᱠᱳᱴᱤ ᱰᱚᱞᱟᱨ (ᱠᱚᱞᱟ ᱠᱷᱚᱱ ᱒ᱹ᱑ ᱠᱳᱴᱤ ᱰᱚᱞᱟᱨ) ᱨᱮ ᱥᱮᱴᱮᱨ ᱮᱱᱟ ᱾
एक प्राकृतिक वातावरण में जब पौधे अपना सर्वोत्तम देखते हैं, तो "सिर्फ एक" का भी हटाने के प्रलोभन का विरोध करें.	ᱯᱨᱟᱠᱨᱤᱛᱤ ᱥᱟᱪᱟᱨᱦᱮ ᱨᱮ ᱫᱟᱨᱮ ᱠᱚᱫᱚ ᱡᱚᱛᱚ ᱠᱷᱚᱱ ᱪᱮᱦᱨᱟ ᱧᱮᱞᱚᱜᱼᱟ, ᱚᱱᱟᱛᱮ "ᱠᱷᱟᱹᱞᱤ ᱢᱤᱫ" ᱱᱚᱢᱩᱱᱟ ᱚᱦᱨᱟᱣ ᱨᱮᱭᱟᱜ ᱞᱚᱵᱷ ᱚᱦᱨᱟᱣ ᱢᱟ᱾
इसलिए, ईरान में और ईरानी विरोधों के कारण लोकप्रिय सामाजिक नेटवर्कों पर रोक लगा दी गई है, ईरान में इंटरनेट सेंसरवाद बढ़ गया है।	ᱚᱱᱟᱠᱷᱟᱹᱛᱤᱨ, ᱤᱨᱟᱱᱨᱮ ᱧᱩᱢᱟᱱᱟᱜ ᱥᱟᱶᱛᱟ ᱛᱟᱞᱢᱟᱠᱩ ᱵᱚᱸᱫᱽᱟᱠᱟᱱᱟ ᱟᱨ ᱤᱨᱟᱱᱤ ᱟᱸᱫᱚᱲ ᱠᱷᱟᱹᱛᱤᱨᱛᱮ ᱤᱨᱟᱱᱨᱮ ᱤᱱᱴᱟᱨᱱᱮᱴ ᱡᱚᱛᱱᱟᱣ ᱵᱟᱲᱦᱟᱣᱟᱠᱟᱱᱟ ᱾
अट्ठासी	ᱟᱨ ᱜᱮᱞ ᱟᱨ
मैं कब इस नीति की नक़ल हाथ में की उम्मीद कर सकते हैं?	ᱯᱚᱞᱤᱥᱤ ᱛᱤᱥ ᱠᱚᱛᱮ ᱧᱟᱢᱚᱜ ᱨᱮᱭᱟᱜ ᱟᱱᱥ ᱤᱧ ᱫᱚᱦᱚ ᱫᱟᱲᱮᱭᱟᱜᱼᱟ ?
कृपया इस बारे में भी सावधान रहें, क्योंकि जब एक भारतीय वीज़ा प्रस्तुत किया गया है और अनुमोदित किया गया है, तो यह सीधे ही अनुप्रयोग पर दिए ईमेल पता के लिए भेजा जाएगा.	ᱱᱮᱦᱚᱨ ᱥᱟᱞᱟᱜ ᱱᱚᱶᱟ ᱵᱟᱨᱮᱛᱮ ᱥᱚᱱᱛᱚᱨ ᱛᱟᱦᱮᱸᱱ ᱢᱮ, ᱡᱟᱦᱟᱸ ᱠᱷᱟᱹᱛᱤᱨ ᱱᱚᱶᱟ ᱢᱤᱫᱴᱟᱝ ᱵᱷᱟᱨᱚᱛᱤᱭᱟᱹ ᱵᱷᱤᱥᱟ ᱦᱚᱨᱟ ᱟᱱᱟᱜ ᱟᱨ ᱥᱟᱹᱠᱷᱤᱭᱟᱹᱛ ᱠᱚᱨᱟᱣ ᱟᱠᱟᱱᱟ, ᱱᱚᱶᱟ ᱥᱟᱢᱟᱝᱫᱟᱯᱨᱟᱢ ᱟᱹᱨᱡᱤᱨᱮ ᱮᱢᱟᱠᱟᱱ ᱤᱼᱢᱮᱞ ᱴᱷᱤᱠᱟᱹᱱᱟ ᱵᱷᱮᱡᱟ ᱦᱩᱭᱩᱜᱼᱟ ᱾
रे को संयुक्त राज्य अमेरिका प्रत्यर्पित किया गया और किंग की हत्या का आरोप लगाया गया।	ᱨᱟᱭ ᱫᱚ ᱢᱟᱨᱠᱤᱱ ᱡᱩᱠᱛᱚᱨᱟᱥᱴᱨᱚ ᱨᱮᱠᱚ ᱨᱩᱣᱟᱹᱲ ᱟᱹᱜᱩ ᱠᱮᱫᱮᱭᱟ ᱟᱨ ᱨᱟᱡᱟᱭ ᱜᱚᱡᱽ ᱟᱠᱟᱫᱮ ᱨᱮᱭᱟᱜ ᱞᱟᱹᱞᱤᱥᱠᱚ ᱞᱟᱹᱞᱤᱥᱟᱫᱮᱭᱟ ᱾
हैलो, मैं उत्तर-वेस्टिन का पता लगाने के लिए देख रहा हूँ.	ᱦᱮᱞᱳ, ᱤᱧᱫᱚ ᱩᱛᱟᱹᱨᱼᱯᱩᱨᱩᱵᱽ ᱥᱮᱱᱟᱜ ᱮᱥᱤᱱ ᱦᱚᱨᱟᱧ ᱯᱟᱸᱡᱟᱭᱮᱫᱟ ᱾
तुम कहाँ से उठाया जाना चाहते हो?	ᱚᱠᱟ ᱠᱷᱚᱱᱮ ᱫᱮᱡᱽᱢᱮᱭᱮᱢ ᱠᱷᱚᱡ ᱠᱟᱱᱟ ?
मेरे पास सौ मुर्गी हैं।	ᱤᱧ ᱴᱷᱮᱱ ᱢᱤᱫ ᱥᱟᱭ ᱜᱚᱴᱟᱝ ᱢᱩᱠᱨᱤ ᱢᱮᱱᱟᱜᱼᱟ ᱠᱚᱣᱟ।
हाँ, लेकिन हम शूट के दिन पहचान सबूत देखने की जरूरत होगी.	ᱦᱮᱸ, ᱢᱮᱱᱠᱷᱟᱱ ᱥᱩᱴᱤᱝ ᱦᱤᱞᱚᱜ ᱩᱯᱨᱩᱢ ᱥᱟᱹᱵᱩᱫᱽ ᱧᱮᱞ ᱦᱩᱭᱩᱜ ᱛᱟᱞᱮᱭᱟ ᱾
वाह, यह अद्भुत है.	ᱳ, ᱟᱹᱰᱤ ᱱᱟᱯᱟᱭ ᱾
उसके घाव पर हर तरफ खून और मवाद भरा हुआ था।	ᱚᱸᱰᱮ ᱜᱚᱴᱟ ᱜᱷᱟᱹᱞ ᱡᱟᱭᱜᱟ ᱨᱮ ᱢᱟᱭᱟᱢ ᱟᱨ ᱵᱟᱹᱲᱤᱡ ᱢᱟᱭᱟᱢ ᱛᱟᱦᱮᱸᱠᱟᱱᱟ ᱾
यह गंध बहुत घिनौनी है। आइए जल्दी से भुगतान करें और चलें।	ᱱᱚᱶᱟ ᱥᱚ ᱫᱚ ᱟᱹᱰᱤ ᱵᱟᱹᱲᱤᱡ ᱾ ᱩᱥᱟᱹᱨᱟ ᱯᱮᱢᱮᱱᱴ ᱠᱟᱛᱮᱫ ᱪᱟᱞᱟᱣ ᱚᱪᱚᱣᱟᱹᱧ ᱢᱮ ᱾
ᱫᱟᱭᱟ ᱠᱟᱛᱮ	कृपया
वह बासहेयर खान की बहन खेलकर खेलता था, उस आदमी को जो मालिनी के चेहरे पर एसिड फेंकता है.	ᱩᱱᱤ ᱫᱚ ᱵᱚᱥᱤᱨ ᱠᱷᱟᱱ ᱨᱮᱱ ᱵᱚᱦᱤᱱ ᱟᱜ ᱪᱩᱨᱤᱛ ᱨᱮᱭ ᱛᱟᱦᱮᱸ ᱠᱟᱱᱟ, ᱡᱟᱦᱟᱸᱭ ᱫᱚ ᱢᱟᱞᱚᱛᱤ ᱟᱜ ᱢᱮᱸᱫᱟᱦᱟ ᱨᱮ ᱮᱥᱤᱰ ᱮ ᱟᱨᱮᱡ ᱟᱫᱮ ᱛᱟᱦᱮᱸ ᱾
अब जब सभी परीक्षाएं खत्म हो गई हैं तो मैं आखिरकार दोबारा फुटबॉल खेलने जा सकता हूँ।	ᱱᱤᱛ ᱪᱮᱫᱟᱜ ᱥᱮ ᱥᱟᱱᱟᱢ ᱵᱤᱰᱟᱹᱣ ᱢᱩᱪᱟᱹᱫ ᱟᱠᱟᱱᱟ ᱤᱧ ᱫᱚ ᱢᱩᱪᱟᱹᱫ ᱫᱷᱟᱹᱵᱤᱡ ᱛᱮ ᱯᱷᱩᱴᱵᱚᱞᱤᱧ ᱠᱷᱮᱞ ᱫᱟᱲᱮᱭᱟᱜᱼᱟ ᱾
आप किसी भी रूप में अगर किसी भी में अपनी पूर्वात्मक बीमारियों के बारे में बताना होगा.	ᱟᱢ ᱟᱢᱟᱜ ᱞᱟᱦᱟᱛᱮᱱᱟᱜ ᱨᱩᱣᱟᱹᱠᱚ ᱵᱟᱨᱮᱛᱮ ᱞᱟᱹᱭ ᱦᱩᱭᱩᱜ ᱛᱟᱢᱟ ᱡᱩᱫᱤ ᱚᱱᱟ ᱢᱮᱱᱟᱜᱼᱟ ᱾
संयुक्त राज्य द्वारा अब के ट्रैक दौड़ में संयुक्त राज्य अमेरिका का विरोध किया गया था।	ᱤᱭᱩᱱᱟᱭᱴᱮᱰ ᱠᱤᱝᱰᱚᱢ ᱨᱮᱭᱟᱜ ᱡᱮᱞᱮᱧ ᱴᱨᱮᱠ ᱨᱮᱥ ᱨᱮ ᱥᱯᱨᱤᱝᱴᱤᱝ ᱨᱮ ᱢᱟᱨᱠᱤᱱ ᱡᱩᱠᱛᱚᱨᱟᱥᱴᱨᱚ ᱨᱮᱭᱟᱜ ᱨᱟᱡᱽ ᱧᱟᱢ ᱟᱠᱟᱱᱟ ᱾
डिग (Digg) की शुरुआत एक लोकप्रिय प्रौद्योगिकी समाचार साझाकरण गंतव्य के रूप में हुई थी।	ᱰᱤᱜ ᱫᱚ ᱢᱤᱫᱴᱟᱝ ᱦᱚᱲ ᱠᱩᱥᱤᱭᱟᱜ ᱞᱟᱜᱟᱱᱠᱟᱹᱨᱤ ᱰᱚᱜᱚᱨ ᱦᱟᱹᱴᱤᱧ ᱨᱮᱭᱟᱜ ᱵᱩᱴᱟᱹ ᱴᱷᱟᱣ ᱞᱮᱠᱟᱛᱮ ᱮᱛᱚᱦᱚᱵ ᱞᱮᱱᱟ ᱾
एक सम्मिलित प्रक्रिया के बाद, 5 शेष सहयोगी बैंकों के राज्य बैंक, बिस्चर के राज्य बैंक, ऑरोरा के राज्य बैंक, और ट्रेकर के राज्य बैंक के बैंक, और बिस्कुटिया के बैंक बैंक को सन्‌ 1516 जून को सा. यु. पू.	ᱢᱤᱫᱴᱟᱝ ᱥᱮᱞᱮᱫ ᱦᱚᱨᱟ ᱛᱟᱭᱚᱢ, ᱥᱟᱨᱮᱪ ᱟᱠᱟᱱ ᱕ ᱜᱚᱴᱟᱝ ᱥᱚᱦᱮᱫ ᱵᱮᱝᱠ ( ᱥᱮ, ᱤᱥᱴᱮᱴ ᱵᱮᱝᱠ ᱚᱯ ᱵᱤᱠᱟᱱᱮᱨ ᱮᱸᱱᱰ ᱡᱚᱭᱯᱩᱨ, ᱤᱥᱴᱮᱴ ᱵᱮᱝᱠ ᱚᱯ ᱦᱟᱭᱫᱨᱟᱵᱟᱫ, ᱤᱥᱴᱮᱴ ᱵᱮᱝᱠ ᱚᱯ ᱢᱟᱭᱥᱳᱨ, ᱤᱥᱴᱮᱴ ᱵᱮᱝᱠ ᱚᱯ ᱯᱟᱴᱤᱭᱟᱞᱟ ᱟᱨ ᱤᱥᱴᱮᱴ ᱵᱮᱝᱠ ᱚᱯ ᱴᱨᱟᱵᱷᱟᱝᱠᱳᱨ) ᱟᱨ ᱵᱷᱟᱨᱚᱛᱤᱭᱟᱹ ᱛᱤᱨᱞᱟᱹ ᱵᱮᱝᱠ ᱥᱟᱶᱛᱮ ᱮᱥᱵᱤᱟᱭ ᱨᱮᱭᱟᱜ ᱥᱮᱞᱮᱫᱟᱱᱟᱜ ᱑᱕ ᱤ ᱡᱩᱱ, ᱒᱐᱑᱖ ᱨᱮ ᱛᱟᱞᱢᱟ ᱢᱚᱱᱛᱨᱤᱥᱚᱵᱷᱟ ᱱᱤᱛᱤᱜᱚᱛᱚ ᱥᱤᱠᱟᱹᱨ ᱮ ᱧᱟᱢ ᱞᱮᱫᱟ ᱾
मैं सिर्फ इन में बदलने की जरूरत है	ᱤᱧᱫᱚ ᱱᱚᱶᱟᱨᱮ ᱵᱚᱫᱚᱞ ᱤᱧ ᱠᱷᱚᱡᱚᱜ ᱠᱟᱱᱟ ᱾
वहाँ कोई विशेष "चिम्मी" और मौसम नहीं हैं: बारिश की मात्रा साल भर में एक ही है.	ᱚᱱᱠᱟ ᱵᱤᱥᱮᱥ "ᱫᱟᱜ ᱡᱟᱹᱯᱩᱫ" ᱟᱨ "ᱚᱛ ᱨᱳᱦᱳᱲ" ᱢᱟᱣᱥᱚᱢ ᱵᱟᱹᱱᱩᱜ ᱟᱱᱟᱝ; ᱫᱟᱜ ᱡᱟᱹᱲᱤ ᱨᱮᱭᱟᱜ ᱢᱟᱛᱨᱟ ᱥᱮᱨᱢᱟ ᱥᱮᱨᱢᱟᱡᱟᱠ ᱥᱚᱢᱟᱱ ᱜᱮ ᱦᱩᱭᱩᱜ ᱠᱟᱱᱟ᱾
कोई चेतावनी जारी नहीं की गयी है, और यास्ताभिकेशन के अनुसार, कोई चेतावनी नहीं दी जाएगी क्योंकि भूकंप ने ६.५ माँग नहीं की थी ।	ᱪᱮᱫ ᱦᱚᱸ ᱚᱱᱠᱟ ᱥᱩᱱᱟᱢᱤ ᱪᱮᱛᱟᱣᱟᱱᱤ ᱵᱟᱭ ᱡᱟᱨᱤ ᱟᱠᱟᱫᱼᱟ, ᱟᱨ ᱡᱟᱠᱟᱨᱛᱟ ᱵᱷᱩᱵᱚᱣᱛᱤᱠ ᱮᱡᱮᱱᱥᱤ ᱟᱜ ᱞᱮᱠᱟᱛᱮ, ᱚᱠᱟ ᱜᱮ ᱥᱩᱱᱟᱢᱤ ᱨᱮᱱᱟᱜ ᱪᱮᱛᱟᱣᱟᱱᱤ ᱡᱟᱨᱤ ᱵᱟᱝ ᱦᱩᱭᱩᱜᱼᱟ ᱪᱮᱫᱟᱜ ᱥᱮ ᱚᱛ ᱦᱤᱞᱟᱹᱣᱜ ᱨᱮᱱᱟᱜ ᱧᱤᱨ ᱖.᱕ ᱨᱮᱱᱟᱜ ᱞᱟᱹᱠᱛᱤ ᱵᱟᱝ ᱯᱩᱨᱟᱹᱜ ᱠᱟᱱ ᱛᱟᱦᱮᱱᱟ᱾
एक एरोन्डिसमेंट की राजधानी को सब-प्रीफेक्चर कहा जाता है।	ᱢᱤᱫᱴᱟᱝ ᱮᱹᱨᱳᱱᱰᱤᱥᱢᱮᱱᱴ ᱨᱮᱭᱟᱜ ᱨᱟᱡᱽᱜᱟᱲ ᱫᱚ ᱢᱤᱫᱴᱟᱝ ᱩᱯᱚᱯᱨᱤᱯᱷᱮᱠᱪᱟᱨ ᱠᱚ ᱢᱮᱛᱟᱜᱼᱟ ᱾
मैं थक गया हूँ लेकिन आपको एक आखिरी मौका दूँगा (अतिथि)।	ᱤᱧ ᱫᱩᱧ ᱞᱟᱸᱜᱟ ᱟᱠᱟᱱᱟ, ᱢᱮᱱᱠᱷᱟᱱ ᱤᱧ ᱟᱢ ᱢᱤᱫᱴᱟᱝ ᱢᱩᱪᱟᱹᱫ ᱫᱟᱣᱤᱧ ᱮᱢᱟᱢᱟ (ᱯᱮᱲᱟ)
20 सितंबर 2022 को ताजिकिस्तान और किर्गिस्तान ने शांति समझौते पर हस्ताक्षर किए।	᱒᱐ ᱥᱮᱯᱴᱮᱢᱵᱚᱨ ᱒᱐᱐᱒ ᱢᱟᱹᱦᱤᱛᱨᱮ, ᱛᱟᱡᱟᱠᱤᱥᱛᱟᱱ ᱟᱨ ᱠᱤᱨᱜᱤᱡᱥᱛᱟᱱ ᱫᱚ ᱢᱤᱫᱴᱟᱝ ᱱᱤᱨᱟᱹᱭ ᱪᱩᱠᱛᱤ ᱠᱤᱱ ᱠᱚᱨᱟᱣ ᱞᱮᱫᱟ ᱾
मैं उदास होकर यहाँ से जा रहा हूँ क्योंकि आपके पास मेरा पसंदीदा व्यंजन नहीं है।	ᱟᱢ ᱴᱷᱮᱱ ᱤᱧᱟᱹᱜ ᱠᱩᱥᱤᱭᱟᱜ ᱡᱚᱢᱟᱜ ᱵᱟᱹᱱᱩᱜ ᱠᱷᱟᱹᱛᱤᱨ ᱤᱧ ᱢᱤᱲᱞᱩᱝ ᱠᱟᱛᱮ ᱱᱚᱣᱟ ᱴᱷᱟᱶ ᱵᱟᱹᱜᱤ ᱠᱟᱛᱮᱧ  ᱪᱟᱞᱟᱜᱼᱟ ᱠᱟᱱᱟ ᱾
उसने कहा कि उसका वेतन पिछले दो साल के लिए नहीं दिया गया था, और न ही उसके बाद के खेलों के लिए उसे अधिकार द्वारा उचित रूप से निर्धारित किया गया था ।	ᱩᱱᱤᱭ ᱢᱮᱱ ᱟᱠᱟᱫᱟ ᱡᱮ, ᱯᱟᱨᱚᱢᱮᱱ ᱵᱟᱨ ᱥᱮᱨᱢᱟ ᱦᱟᱹᱵᱤᱡ ᱩᱱᱤ ᱠᱩᱲᱟᱹᱭ ᱵᱟᱝ ᱮᱢ ᱦᱩᱭ ᱟᱠᱟᱱ ᱟᱨᱩᱱᱤᱭᱟᱜ ᱪᱷᱩᱴᱤ ᱛᱟᱭᱚᱢ ᱠᱷᱮᱞᱚᱰ ᱠᱚ ᱞᱟᱹᱜᱤᱫ ᱟᱹᱢᱟᱹᱞᱤᱭᱟᱹ ᱪᱷᱟᱹᱲ ᱮ ᱮᱢ ᱟᱠᱟᱫᱟ ᱾
मेरा पड़ोसी कभी टैक्स नहीं भरता और मेरी गली में हर किसी के सामने इसके बारे में डींग मारता है। वह कितना घिनौना आदमी है।	ᱤᱧᱨᱮᱱ ᱟᱰᱮᱯᱟᱥᱮᱨᱮᱱ ᱛᱤᱥᱦᱚᱸ ᱴᱮᱠᱥ ᱵᱟᱝᱠᱚ ᱯᱷᱟᱭᱤᱞ ᱟ ᱟᱨ ᱤᱧᱟᱜ ᱰᱟᱦᱟᱨᱨᱮ ᱡᱚᱛᱚᱠᱚ ᱴᱷᱮᱱ ᱱᱚᱣᱟ ᱱᱤᱭᱟᱹ ᱵᱟᱝᱠᱚ ᱜᱚᱨᱚᱵᱼᱟ ᱾ ᱩᱱᱤ ᱫᱚ ᱱᱚᱝᱠᱟᱱ ᱵᱟᱹᱲᱤᱡ ᱦᱚᱲ ᱾
कोई समस्या नहीं	ᱪᱮᱫ ᱦᱚᱸ ᱮᱴᱠᱮᱴᱚᱬᱮ ᱵᱟᱹᱱᱩᱜᱼᱟ
ᱯᱤᱴᱷᱟᱹ	रोटी
तीसरे दिन, श्री लंकाियों ने फिर से पहली बार, Sewaking 222 में माहेलिस और Rsssssels Canmucki और 56 चलाता है, और भारतीय ज़ार खान 44 के लिए चला जाता है।	ᱡᱟᱹᱥᱛᱤ ᱫᱤᱱᱨᱮ ᱥᱨᱤᱞᱚᱝᱠᱟᱱᱠᱩ ᱫᱚ ᱟᱨᱦᱚᱸ ᱯᱟᱹᱦᱤᱞᱨᱮ ᱵᱮᱴᱠᱟᱛᱮ ᱢᱟᱦᱮᱞᱟ ᱡᱚᱭᱵᱚᱨᱫᱷᱚᱱᱮ ᱟᱨ ᱨᱟᱥᱮᱞ ᱟᱨᱱᱚᱞᱰᱟᱜ ᱮᱛᱚᱢ ᱛᱟᱭᱚᱢ ᱗᱗ ᱟᱨ ᱕᱖ ᱨᱟᱱ ᱥᱟᱶ ᱒᱒᱒ ᱨᱟᱱ ᱠᱩ ᱨᱟᱠᱟᱵᱞᱮᱫᱟ ᱟᱨ ᱵᱷᱟᱨᱚᱛᱤᱭᱟᱹ ᱡᱟᱦᱤᱨ ᱠᱷᱟᱱ ᱫᱚ ᱔᱔ ᱨᱟᱱᱨᱮ ᱯᱮᱭᱟ ᱩᱭᱠᱮᱴᱼᱮ ᱦᱟᱛᱟᱣᱞᱮᱫᱟ ᱾
चालीस	ᱯᱳᱱ ᱜᱮᱞ
सन्‌ 1994 में, सन्‌ 1994 में एक नया रिकॉर्ड तैयार किया गया था ।	᱑᱙᱙᱑ ᱥᱟᱹᱦᱤᱛᱨᱮ ᱜᱟᱹᱦᱤᱨ ᱥᱟᱞᱟᱜᱚᱴᱟ ᱴᱟᱭᱚᱢ ᱟᱨ ᱑᱙᱙᱔ ᱥᱟᱹᱦᱤᱛ ᱨᱮ ᱠᱟᱨᱮᱱᱴ ᱮᱠᱟᱣᱩᱱᱴ ᱠᱚᱱᱵᱷᱟᱨᱴᱤᱵᱤᱞᱤᱴᱤ ᱨᱮ ᱵᱚᱫᱚᱞ ᱛᱟᱭᱚᱢ, ᱨᱩᱯᱤ ᱨᱮᱭᱟᱜ ᱜᱚᱱᱚᱝ ᱵᱟᱡᱟᱨ ᱫᱟᱲᱮ ᱦᱚᱛᱮᱛᱮ ᱜᱚᱴᱟ ᱦᱩᱭᱟᱠᱟᱱᱟ ᱾
नमस्ते मैडम, मैं यहाँ पहले आया था। वह सीट मेरी है।	ᱦᱮᱞᱳ ᱢᱮᱢ, ᱤᱧ ᱯᱳᱭᱞᱳᱧ ᱦᱮᱪ ᱟᱠᱟᱱᱟ ᱾ ᱚᱱᱟ ᱥᱤᱴ ᱫᱚ ᱤᱧᱟᱹᱜ ᱠᱟᱱᱟ ᱾
तूफान तूफान के दौरान बाढ़ को 20 फुट के रूप में देखा, जो वर्तमान में कमर के नीचे के जल में है.	ᱟᱨᱮ ᱜᱚᱴᱟᱝ-ᱟᱜ ᱣᱟᱰ, ᱡᱟᱦᱟᱸ ᱫᱚ  ᱠᱟᱴᱨᱤᱱᱟ ᱵᱟᱹᱨᱰᱩ ᱚᱠᱛᱮᱹ ᱨᱮ ᱒᱐ ᱯᱷᱩᱴ ᱪᱮᱛᱟᱱ ᱰᱩᱵᱟᱹ ᱫᱟᱜ ᱨᱟᱠᱟᱵ ᱞᱮᱱᱟ, ᱚᱱᱟ ᱫᱚ ᱱᱤᱛᱚᱜ ᱰᱟᱸᱰᱟ ᱦᱟᱹᱵᱤᱡ ᱨᱮ ᱢᱮᱱᱟᱜ-ᱟ ᱪᱮᱫᱟᱜ ᱥᱮ ᱥᱩᱨ ᱨᱮᱭᱟᱜ ᱞᱮᱵᱤ ᱚᱵᱷᱟᱨᱴᱚᱯ ᱟᱠᱟᱱᱟ᱾
इस एटीएम में कभी भीड़ नहीं होती और जब भी मैं यहाँ आता हूँ तो मुझे अपनी बारी का इंतजार नहीं करना पड़ता।	ᱱᱚᱣᱟ ᱮ ᱴᱤ ᱮᱢ ᱨᱮ ᱛᱤᱥ ᱦᱚᱸ ᱵᱷᱤᱲ ᱵᱟᱹᱱᱩᱜᱼᱟ ᱟᱨ ᱤᱧ ᱱᱚᱸᱰᱮ ᱦᱤᱡᱩᱜ ᱚᱠᱛᱚ ᱤᱧ ᱛᱤᱥ ᱦᱚᱸ ᱤᱧᱟᱜ ᱯᱟᱞᱤ ᱞᱟᱹᱜᱤᱫ ᱛᱟᱹᱜᱤᱭ ᱵᱟᱝ ᱦᱩᱭ ᱟᱠᱟᱱ ᱛᱤᱧᱟ ᱾
इसके अलावा, जर्मनी में और भी कई अध्ययन हैं ।	ᱚᱱᱟ ᱪᱷᱟᱰᱟ, ᱡᱟᱨᱢᱟᱱᱤ ᱨᱮ ᱟᱨᱦᱚᱸ ᱟᱭᱢᱟ ᱯᱟᱲᱦᱟᱣ ᱫᱟᱣ ᱢᱮᱱᱟᱜᱼᱟ ᱾
पास ही स्थित ज़ानाडू हिल्स का नाम भी इसी कविता के नाम पर रखा गया है।	ᱥᱩᱨ ᱩᱛᱟᱹᱨ ᱥᱟᱱᱟᱰᱩ ᱵᱩᱩᱨᱩ ᱠᱚᱦᱚᱸ ᱱᱚᱶᱟ ᱚᱱᱚᱲᱦᱮ ᱨᱮᱭᱟᱜ ᱧᱩᱛᱩᱢ ᱛᱮ ᱧᱩᱛᱩᱢ ᱦᱩᱭᱩᱜᱼᱟ ᱾
ब्राज़ा कुटारा स्पष्ट रूप से पागला से अधिक है.	ᱵᱨᱚᱢᱢᱚᱯᱩᱛᱨᱚ ᱫᱚ ᱮᱠᱟᱞᱜᱮ ᱡᱮᱞᱮᱧ ᱜᱮᱭᱟ ᱾
मैं कभी कभी फुटबॉल खेलते हैं.	ᱤᱧᱫᱚ ᱡᱟᱦᱟᱸ ᱛᱤᱱᱠᱚᱨᱮ ᱯᱷᱩᱴᱵᱚᱞ ᱤᱧ ᱠᱷᱮᱞᱟ ᱾
अलग - अलग देशों के प्रतिरूपों के बारे में क्या?	ᱮᱴᱟᱜᱽ ᱮᱴᱟᱜᱽ ᱯᱚᱱᱚᱛ ᱠᱩᱨᱮᱱᱟᱜ ᱦᱟᱹᱡᱤᱨ ᱨᱮᱭᱟᱜ ᱠᱷᱚᱵᱚᱨ ᱫᱚ ᱪᱮᱫᱽᱞᱮᱠᱟ ᱾
यह Ametakal Suck से एक नूडल आधारित व्यंजन है और इसमें सामग्री किसी भी प्रकार के मांस के लिए अलग अलग होती है.	ᱱᱚᱶᱟᱫᱚ ᱚᱨᱩᱱᱟᱪᱚᱞ ᱯᱨᱚᱫᱮᱥ ᱨᱮᱭᱟᱜ ᱱᱩᱰᱚᱞᱥ ᱞᱮᱠᱟᱱᱟᱜ ᱡᱚᱢᱟᱜ ᱠᱟᱱᱟ ᱟᱨ ᱱᱚᱶᱟᱨᱮ ᱞᱟᱜᱟᱼᱟᱜ ᱠᱚᱫᱚ ᱢᱟᱹᱥᱨᱤ ᱫᱟᱹᱞ ᱠᱷᱚᱱ ᱡᱮᱦᱟᱸᱞᱮᱠᱟᱱᱟᱜ ᱡᱤᱞ ᱨᱮᱜᱮ ᱵᱚᱫᱚᱞᱚᱜᱼᱟ ᱾
सन्‌ 1997 की बात है ।	᱑᱙᱙᱗ ᱨᱮ ᱟᱱᱫᱽᱨᱚ ᱯᱨᱚᱫᱮᱥ ᱥᱚᱨᱠᱟᱨ ᱠᱩᱢᱟᱨ ᱫᱚ ᱮᱱᱴᱤᱟᱨ ᱡᱟᱹᱛᱤᱭᱟᱹᱨᱤ ᱥᱤᱨᱯᱟᱹ ᱛᱮᱭ ᱢᱟᱱᱚᱛ ᱞᱮᱱᱟ ᱾
गावस्कर प्रबंधन द्वारा भारतीय टीम में रविचंद्रन अश्विन को शामिल न किए जाने से बेहद खफा थे और उन्होंने स्पष्ट शब्दों में अपनी बात रखी।	ᱢᱮᱱᱮᱡᱢᱮᱱᱴ ᱫᱟᱨᱟᱭᱛᱮ ᱨᱚᱵᱤ ᱪᱚᱱᱫᱚᱱ ᱟᱥᱥᱤᱱ ᱫᱚ ᱵᱷᱟᱨᱚᱛᱤᱭᱟᱹ ᱫᱚᱞ ᱠᱷᱚᱱ ᱵᱟᱫ ᱠᱟᱛᱮ ᱜᱟᱵᱷᱟᱥᱠᱟᱨ ᱫᱚ ᱟᱹᱰᱤᱭ ᱟᱹᱲᱤᱥ ᱞᱮᱱᱟ ᱟᱨ ᱟᱡᱦᱚᱸ ᱡᱟᱦᱟᱱ ᱵᱤᱱ ᱜᱚᱴᱟᱣᱟᱱ ᱥᱚᱨᱛᱚ ᱛᱮᱭ ᱩᱪᱷᱟᱹᱱ ᱞᱮᱫᱟ ᱾
'केम्पिलम' के रूप में जाना जाता है जो सबसे अच्छा अनुभव किया गया है एक पारंपरिक पर सवार है.	ᱠᱮᱨᱟᱞᱟ ᱨᱮᱭᱟᱜ ᱵᱮᱠᱣᱟᱴᱟᱨᱠᱩ ᱫᱚ ᱩᱯᱟᱹᱫᱟᱜᱽᱡᱚᱞᱟ, ᱫᱟᱜᱽᱡᱚᱞᱟ ᱟᱨ ᱠᱮᱱᱮᱞᱠᱩ ᱛᱮ ᱢᱤᱫᱴᱟᱝ ᱡᱳᱴᱤᱞ ᱱᱮᱴᱣᱟᱨᱠᱛᱮ ᱜᱷᱮᱨᱟᱣᱟᱠᱟᱱᱟ, ᱡᱟᱦᱟᱸ ᱫᱚ 'ᱠᱮᱴᱴᱩᱵᱷᱟᱞᱞᱟᱢ' ᱧᱩᱛᱩᱢ ᱛᱮ ᱵᱟᱰᱟᱭᱚᱜᱽ ᱠᱟᱱ ᱟᱨ ᱢᱤᱫᱴᱟᱝ ᱞᱟᱠᱪᱟᱨᱟᱱᱟᱜ ᱵᱩᱥᱩᱵ ᱪᱷᱟᱫᱛᱮ ᱵᱮᱱᱟᱣᱟᱠᱟᱱ ᱞᱟᱹᱣᱠᱟᱹᱚᱲᱟᱜᱽ ᱨᱮ ᱫᱮᱡᱽᱠᱟᱛᱮ ᱡᱚᱛᱚᱠᱷᱚᱱ ᱵᱷᱟᱜᱤ ᱟᱹᱭᱠᱟᱹᱣ ᱧᱟᱢᱚᱜᱼᱟ ᱾
ऐसा कुछ नहीं होगा.	ᱚᱝᱠᱟᱱᱟᱜ ᱪᱮᱫ ᱜᱤ ᱵᱟᱝ ᱦᱩᱭᱩᱜᱼᱟ ᱾
ᱜᱟᱯᱟ ᱞᱟᱝ ᱧᱟᱯᱟᱢᱚᱜᱼᱟ	कल मिलते हैं
लांग सिंह ने चप्पान बोहहरान को भी प्रस्तुत किया ।	ᱞᱟᱠᱠᱷᱟ ᱥᱤᱝ ᱪᱟᱷᱯᱯᱚᱱ ᱵᱷᱚᱜᱽ ᱵᱷᱟᱡᱚᱱ ᱦᱚᱸ ᱦᱩᱭ ᱮᱱᱟ ᱵᱟᱰᱚᱦᱤ, ᱨᱟᱡᱩ ᱠᱷᱟᱸᱰᱮᱞᱣᱟᱞ ᱩᱱᱤ ᱥᱟᱶ ᱛᱟᱦᱮᱸ ᱠᱟᱱᱟᱭ᱾
जब वह खेल नहीं खेल रहा होता है, वह आम तौर पर कुछ गायन वास्तविकता के वीडियो देखता है ।	ᱩᱱᱤ ᱡᱚᱠᱷᱚᱱ ᱜᱮᱢ ᱵᱟᱭ ᱠᱷᱮᱞᱟ, ᱩᱱᱤᱫᱚ ᱥᱟᱫᱷᱟᱨᱚᱱᱚᱛᱚ ᱥᱮᱨᱮᱧ ᱨᱤᱭᱟᱞᱤᱴᱤ ᱥᱳ ᱨᱮᱭᱟᱜ ᱵᱷᱤᱰᱤᱳ ᱠᱚᱭ ᱧᱮᱞᱟ ᱾
सात	ᱮᱭᱟᱭ
उन्हें अक्सर बड़े शहरों में भी देखा जाता था।	ᱢᱩᱲᱩᱫ ᱥᱟᱦᱟᱨ ᱠᱚᱨᱮᱦᱚᱸ ᱩᱱᱠᱩ ᱫᱚ ᱡᱟᱣ ᱜᱮᱠᱚ ᱧᱮᱞ ᱧᱟᱢᱚᱜ ᱛᱟᱦᱮᱸ ᱾
मेरे माता-पिता ने मेरे लिए जो कुछ भी किया है, उसके लिए मैं उनका बहुत आभारी हूँ। चाहे कुछ भी हो, वे हमेशा मेरे साथ खड़े रहते हैं।	ᱤᱧ ᱜᱚᱼᱵᱟᱵᱟ ᱤᱧ ᱞᱟᱹᱜᱤᱫ ᱡᱟᱦᱟ ᱠᱤᱱ ᱠᱚᱨᱟᱣ ᱟᱠᱟᱫᱟ ᱚᱱᱟ ᱞᱟᱹᱜᱤᱫ ᱤᱧ ᱫᱚ ᱠᱨᱤᱛᱚᱜᱜᱚ ᱾ ᱡᱟᱦᱟᱱᱟᱜ ᱜᱮ ᱦᱩᱭᱩᱜ ᱩᱝᱠᱩ ᱫᱚ ᱥᱟᱱᱟᱢ ᱚᱠᱛᱚ ᱤᱧ ᱞᱟᱹᱜᱤᱫ ᱢᱮᱱᱟᱜ ᱠᱤᱱᱟ ᱾
मेरे पास पंद्रह मछली हैं।	ᱤᱧ ᱴᱷᱮᱱ ᱜᱮᱞ ᱢᱚᱬᱮ ᱜᱚᱴᱟᱝ ᱢᱟᱪᱷᱤ ᱢᱮᱱᱟᱜᱼᱟ ᱠᱚᱣᱟ।
विस्तार की सांस्कृतिकताओं के बीच, नोजिक राज्य फिलसोनिक हॉल, अजरबैजान राज्य अस्पिक ऑपरेटिक ऑपरेटिंग, और बैलेष।	ᱵᱟᱠᱩᱣᱟᱜ ᱞᱟᱠᱪᱟᱨ ᱴᱷᱟᱶᱠᱚ ᱢᱩᱫᱽᱨᱮ ᱢᱮᱱᱟᱜᱼᱟ ᱟᱡᱟᱨᱵᱟᱭᱡᱟᱱ ᱤᱥᱴᱮᱴ ᱯᱷᱤᱞᱦᱟᱨᱢᱮᱱᱤᱠ ᱦᱚᱞ, ᱟᱡᱟᱨᱵᱟᱭᱡᱟᱱ ᱤᱥᱴᱮᱴ ᱮᱠᱟᱰᱮᱢᱤᱠ ᱚᱯᱮᱨᱟ ᱟᱨ ᱵᱮᱞᱮ ᱛᱷᱤᱭᱮᱴᱟᱨ ᱾
यह बस्ती लंबे समय तक भुखमरी के खतरे में थी।	ᱠᱚᱞᱚᱱᱤ ᱫᱚ ᱡᱤᱞᱤᱧ ᱚᱠᱛᱚ ᱞᱟᱹᱜᱤᱫ ᱡᱚᱢ ᱵᱟᱝ ᱧᱟᱢᱚᱜ ᱨᱮᱭᱟᱜ ᱵᱟᱹᱲᱤᱡᱟᱜ ᱨᱮ ᱛᱟᱦᱮᱸ ᱠᱟᱱᱟ ᱾
ओह, ठीक है, तुम हमें यह सब सिखाना था, धन्यवाद.	ᱳᱦ,ᱴᱷᱤᱠ ᱜᱮᱭᱟ, ᱟᱢ ᱱᱚᱶᱟᱠᱚ ᱟᱞᱮᱢ ᱪᱮᱫ ᱟᱠᱟᱫ ᱞᱮᱭᱟ, ᱟᱢ ᱟᱭᱢᱟ ᱥᱟᱨᱦᱟᱣ ᱾
मोर्सन मा म्पोया के रूप में शहर बनाया... ... और यह स्पेन के व्यापारियों द्वारा स्पेन के व्यापारी जो व्यापार आधार स्थापित किया गया नाम suuueakay दिया गया.	ᱢᱚᱨᱚᱠᱠᱟᱱ ᱥᱩᱞᱛᱟᱱ ᱫᱚᱦᱲᱟᱭ ᱵᱮᱱᱟᱣ ᱠᱮᱫᱟ ᱥᱚᱦᱚᱨ ᱫᱟᱨᱩ ᱤ-ᱵᱟᱫᱽᱭᱟ ᱞᱮᱠᱟᱛᱮ ᱟᱨ ᱱᱚᱶᱟ ᱫᱚ ᱠᱟᱥᱟᱵᱽᱞᱟᱝᱠᱟ ᱧᱩᱛᱩᱢ ᱠᱚ ᱮᱢ ᱠᱮᱫᱟ ᱥᱯᱮᱱᱤᱥ ᱵᱮᱯᱟᱨᱤ ᱡᱟᱦᱟᱸᱭᱠᱚ ᱚᱸᱰᱮ ᱵᱮᱯᱟᱨ ᱰᱤ ᱠᱚ ᱵᱮᱱᱟᱣ ᱞᱮᱫᱟ᱾
ये प्रवाल जल - शैल विभिन्‍न प्रकार की विभिन्‍न जातियों के लिए घर हैं ।	ᱤᱥᱠᱩᱵᱟ ᱰᱨᱟᱭᱵᱷᱤᱝ ᱨᱮᱭᱟᱜ ᱡᱚᱛᱚ ᱛᱷᱟᱨ ᱞᱟᱹᱜᱤᱫ ᱢᱟᱫᱟᱝ ᱥᱚᱨᱮᱥᱟᱱ ᱟᱨ ᱱᱚᱶᱟ ᱯᱨᱚᱵᱟᱞᱼᱯᱟᱹᱪᱨᱤ ᱦᱩᱭᱩᱜ ᱠᱟᱱᱟ ᱱᱟᱱᱟᱦᱩᱱᱟᱹᱨ ᱟᱫᱳᱜᱠᱟᱱ ᱡᱟᱹᱛᱨᱮᱱ ᱨᱚᱝ ᱦᱟᱹᱠᱩ ᱨᱮᱭᱟᱜ ᱴᱷᱟᱶ ᱾
आप कल कार्यालय के लिए जाना है.	ᱡᱩᱫᱤ ᱟᱢ ᱫᱚ ᱜᱟᱯᱟ ᱚᱯᱷᱤᱥᱛᱮᱢ ᱪᱟᱞᱟᱜᱠᱷᱟᱱ ᱾
क्या ऐसी कोई अवधि है जिसमें एक व्यक्‍ति को अपनी शादी को पंजीकृत करना चाहिए?	ᱚᱠᱟ ᱚᱠᱛᱮᱱᱟᱝ ᱢᱮᱱᱟᱜᱼᱟ ᱡᱟᱦᱟᱸ ᱢᱩᱫᱨᱟ ᱢᱤᱫᱦᱚᱲ ᱩᱱᱠᱩᱣᱟᱜ ᱵᱟᱯᱞᱟ ᱴᱷᱟᱲᱚᱜᱟᱴᱟᱭ ᱦᱩᱭᱩᱜᱼᱟ ᱾
उन्होंने गोंजालेज के एस्कुएला ट्लाटेलोल्को में स्पैनिश और कल्याणकारी अधिकार पढ़ाए।	ᱩᱱᱤ ᱫᱚ ᱜᱚᱧᱡᱟᱞᱮᱡ ᱨᱮᱭᱟᱜ ᱮᱥᱠᱩᱭᱮᱞᱟ ᱴᱮᱴᱮᱞᱳᱞᱠᱳᱨᱮ ᱥᱯᱟᱹᱱᱤᱥ ᱟᱨ ᱵᱷᱟᱹᱞᱟᱹᱭ ᱨᱮᱭᱟᱜ ᱟᱹᱭᱫᱟᱹᱨᱮ ᱥᱮᱲᱟᱣᱟᱫᱠᱚ ᱛᱟᱦᱮᱸ ᱾
एंन्सन, टेक्सास: एंन्सन अमेरिकी राज्य टेक्सास का एक शहर है।	ᱟᱱᱥᱚᱱ, ᱴᱮᱠᱥᱟᱥ ᱟᱱᱥᱚᱱ ᱫᱚ ᱢᱟᱨᱠᱤᱱ ᱡᱩᱠᱛᱚᱨᱟᱥᱴᱨᱚ ᱨᱮᱭᱟᱜ ᱴᱮᱠᱥᱟᱥ ᱯᱚᱱᱚᱛ ᱨᱮᱭᱟᱜ ᱢᱤᱫᱴᱟᱝ ᱥᱟᱦᱟᱨ ᱾
उन्होंने हिंद महासागर में सत्ता पर कब्जा कर लिया और डच नौसेना को हराया।	ᱩᱱᱠᱩ ᱫᱚ ᱵᱷᱟᱨᱚᱛ ᱢᱟᱦᱟ ᱥᱟᱹᱢᱩᱫ ᱨᱮᱭᱟᱜ ᱫᱟᱲᱮ ᱠᱚ ᱫᱚᱠᱷᱚᱞᱟ ᱟᱨ ᱰᱟᱪ ᱨᱮᱱ ᱫᱟᱜᱯᱷᱟᱹᱫ ᱠᱚ ᱦᱟᱨᱟᱣ ᱠᱚᱣᱟ ᱾
आपने व्यंजन में बहुत अधिक मिर्च पाउडर डाल दिया और मेरा रक्तचाप बढ़ा दिया।	ᱟᱢ ᱛᱷᱟᱹᱨᱤ ᱨᱮ ᱟᱹᱰᱤ ᱰᱷᱮᱨ ᱢᱟᱹᱨᱤᱪ ᱜᱩᱰᱟᱹᱢ ᱮᱢ ᱟᱠᱟᱫᱟ ᱟᱨ ᱤᱧᱟᱹᱜ ᱢᱟᱭᱟᱢ ᱯᱮᱥᱟᱨ ᱮᱢ ᱵᱟᱹᱲᱛᱤ ᱟᱠᱟᱫᱟ ᱾
मुझे आगे बल्लेबाजी करने जाने से डर लग रहा है। मलिंगा ने यॉर्कर फेंकना शुरू कर दिया है और उनकी गेंद मेरे सिर पर लग सकती है।	ᱤᱧ ᱫᱚ ᱱᱚᱣᱟ ᱛᱟᱭᱚᱢ ᱵᱮᱴ ᱞᱟᱹᱜᱤᱫ ᱪᱟᱞᱟᱜ ᱵᱚᱛᱚᱨᱤᱧ ᱵᱩᱡᱷᱟᱹᱣᱮᱫᱟ ᱾ ᱢᱟᱞᱤᱝᱜᱟ ᱤᱭᱚᱨᱠᱟᱨ ᱵᱳᱞᱤᱝ ᱮ ᱮᱦᱚᱯ ᱟᱠᱟᱫᱟ ᱟᱨ ᱩᱱᱤᱭᱟᱜ ᱵᱚᱞ ᱤᱧᱟᱜ ᱵᱚᱦᱚᱜ ᱨᱮᱭ ᱜᱷᱟᱹᱞ ᱫᱟᱲᱮᱭᱟᱜᱼᱟ ᱾
उन्होंने उस क्षेत्र में रहने वाले स्वदेशी लोगों के अधिकारों की रक्षा की।	ᱩᱱᱤᱫᱚ ᱴᱚᱴᱷᱟᱨᱮ ᱜᱤᱨᱟᱹᱵᱟᱥᱚᱜ ᱠᱟᱱ ᱟᱹᱫᱤᱵᱟᱹᱥᱤ ᱠᱚᱣᱟᱜ ᱟᱹᱭᱫᱟᱹᱨᱮ ᱨᱩᱠᱷᱤᱭᱟᱹ ᱟᱠᱟᱫᱟ ᱾
अरेk, आप की जरूरत सबसे महत्वपूर्ण दस्तावेज़ एक पासपोर्ट है.	ᱡᱚᱛᱷᱟᱛ ᱜᱮᱭᱟ, ᱟᱢᱟᱜ ᱡᱚᱛᱚᱠᱷᱚᱱ ᱞᱟᱹᱠᱛᱤᱭᱟᱱᱟᱜ ᱱᱚᱛᱷᱤ ᱫᱚ ᱢᱤᱫᱴᱟᱝ ᱯᱟᱥᱯᱳᱴ ᱞᱟᱹᱠᱛᱤ ᱾
वह 1972 से 1979 तक चैंबर ऑफ डेप्युटीज में थे।	ᱩᱱᱤ ᱫᱚ ᱑᱙᱗᱒ ᱥᱟᱞ ᱠᱷᱚᱱ ᱑᱙᱗᱙ ᱥᱟᱞ ᱦᱟᱹᱵᱤᱡ ᱰᱮᱯᱩᱴᱤ ᱪᱮᱢᱵᱟᱨ ᱮ ᱛᱟᱦᱮᱸ ᱠᱟᱱᱟ ᱾
मीरा, हमने इस पर पहले ही चर्चा कर ली थी! मुझसे बार-बार वही सवाल पूछना बंद करो।	ᱟᱞᱮ ᱫᱚ ᱞᱟᱦᱟ ᱠᱷᱚᱱ ᱜᱮ ᱱᱤᱭᱟᱹ ᱵᱟᱵᱚᱫ ᱞᱮ ᱜᱟᱞᱚᱪ ᱞᱮᱫᱼᱟ ᱢᱤᱨᱟ ! ᱤᱧ ᱜᱷᱟᱱᱮ ᱜᱷᱟᱱᱮ ᱢᱤᱫ ᱠᱩᱠᱞᱤ ᱠᱩᱞᱤᱭᱤᱧ ᱫᱚ ᱵᱚᱱᱫᱚᱭ ᱢᱮ ᱾
जब आराना युद्ध करने से मना करती है, तो Karacry उसके साथ कोई धैर्य नहीं है.	ᱚᱨᱡᱩᱱ ᱡᱚᱠᱷᱚᱱ ᱞᱟᱹᱲᱦᱟᱹᱭ ᱞᱟᱹᱜᱤᱫ ᱮ ᱢᱟᱱᱟ ᱠᱮᱫᱟ, ᱠᱨᱤᱥᱱᱚᱼᱟᱜ ᱫᱷᱳᱨᱡᱚ ᱵᱟᱝ ᱛᱟᱸᱦᱮᱱᱟ ᱾
शुशनिग ने तुरंत सार्वजनिक रूप से कहा कि दंगों की खबरें झूठी थीं।	ᱥᱩᱥᱱᱤᱜ ᱫᱚ ᱟᱹᱰᱤ ᱩᱥᱟᱹᱨᱟ ᱦᱚᱲᱠᱚ ᱥᱟᱢᱟᱝ ᱨᱮᱭ ᱞᱟᱹᱭ ᱞᱮᱫᱟ ᱡᱮ ᱞᱟᱹᱲᱦᱟᱹᱭ ᱨᱮᱭᱟᱜ ᱚᱱᱚᱞ ᱠᱚᱫᱚ ᱮᱸᱲᱮ ᱜᱮᱭᱟ ᱾
भोजन उत्पादन, आर्थिक और सुरक्षा पर इसका असर स्वास्थ्य, राष्ट्रीय सुरक्षा और अर्थव्यवस्था के लिए ख़तरा भी समझा जाता है ।	ᱡᱚᱢᱟᱜ ᱥᱤᱨᱡᱟᱹᱣ, ᱠᱟᱹᱣᱰᱤ ᱟᱹᱨᱤ ᱟᱨ ᱨᱩᱠᱷᱤᱭᱟᱹ ᱪᱮᱛᱟᱱ ᱮᱥᱮᱨ ᱠᱷᱟᱹᱛᱤᱨᱟᱜ ᱛᱮ, ᱡᱤᱵᱟᱱᱩ ᱱᱟᱥᱟᱣ ᱴᱮᱠᱟᱣ ᱫᱟᱨᱟᱢ ᱫᱚ ᱦᱚᱲᱢᱚ ᱥᱟᱶᱟᱨ, ᱡᱟᱹᱛᱤᱭᱟᱹᱨᱤ ᱨᱩᱠᱷᱤᱭᱟᱹᱣ ᱟᱨ ᱠᱟᱹᱣᱰᱤ ᱟᱹᱨᱤ ᱞᱟᱹᱜᱤᱫ ᱫᱷᱚᱢᱠᱟᱣ ᱞᱮᱠᱟᱛᱮᱭ ᱞᱮᱠᱷᱟᱱ ᱟᱠᱟᱱᱟ ᱾
वर्तमान में, अन्ना न्यूयॉर्क, लॉस एंजिल्स और मियामी के बीच यात्रा करती हैं।	ᱱᱟᱦᱟᱜ, ᱟᱱᱟ ᱱᱤᱣᱩ ᱤᱭᱚᱨᱠ, ᱞᱚᱥ ᱮᱧᱡᱮᱞᱮᱥ ᱟᱨ ᱢᱤᱭᱟᱢᱤ ᱢᱩᱫᱨᱮᱭ ᱫᱟᱲᱱᱟ ᱾
दंगे में शामिल होने के आरोप में कई लोगों को जेल भेजा गया था।	ᱛᱟᱯᱟᱢ ᱨᱮ ᱡᱚᱯᱲᱟᱣ ᱛᱟᱱᱮᱱ ᱨᱮᱭᱟᱜ ᱞᱟᱹᱞᱤᱥ ᱛᱮ ᱵᱮᱥ ᱠᱤᱪᱷᱩᱜᱟᱱ ᱦᱚᱲ ᱡᱤᱦᱚᱞ ᱨᱮᱠᱚ ᱵᱷᱮᱡᱟ ᱟᱠᱟᱫ ᱠᱚᱣᱟ ᱾
मुझसे वापस मत बात करो.	ᱤᱧ ᱥᱟᱶ ᱟᱞᱚᱢ ᱨᱚᱯᱚᱲᱼᱟ ᱾
वह 1994 से सोशलिस्ट पार्टी की सदस्य हैं।	ᱩᱱᱤ ᱫᱚ ᱑᱙᱙᱔ ᱥᱟᱞ ᱠᱷᱚᱱ ᱥᱩᱥᱟᱹᱨᱤᱭᱟᱹ ᱜᱟᱫᱮᱞ ᱨᱮᱭ ᱨᱟᱹᱥᱭᱟᱹᱭ ᱛᱟᱦᱮᱸ ᱠᱟᱱᱟ ᱾
इस पेशे में बहुत - से लोगों के लिए रोज़ी - रोटी कमाने का इंतज़ाम करना भी ज़रूरी है ।	ᱨᱮᱱᱰᱤᱭᱚᱨ ᱯᱚᱨᱤ ᱥᱤᱢᱟᱹ ᱛᱟᱞᱟ ᱨᱮ ᱢᱤᱫᱴᱟᱹᱝ ᱢᱚᱦᱚᱛ ᱟᱡᱤᱣᱤᱠᱟ ᱢᱮᱱᱟᱜᱼᱟ ᱟᱨ ᱵᱮᱯᱟᱨ ᱨᱮᱭᱟᱜ ᱥᱩᱨ ᱥᱚᱝᱥᱠᱨᱩᱛᱤ ᱮᱴᱟᱜ ᱵᱮᱵᱥᱟᱭ ᱥᱟᱶᱛᱮ ᱦᱚᱸ ᱢᱚᱦᱚᱛ ᱢᱮᱱᱟᱜᱼᱟ᱾
विरोधी टीम के बारे में कोच की अपमानजनक टिप्पणियाँ अक्षम्य थीं।	ᱮᱴᱟᱜ ᱜᱟᱫᱮᱞ ᱤᱫᱤ ᱠᱟᱛᱮ ᱠᱳᱪ ᱟᱜ ᱵᱮᱢᱟᱱᱚᱛ ᱟᱱᱟᱜ ᱨᱚᱲ ᱠᱚᱫᱚ ᱛᱟᱦᱮᱸ ᱠᱟᱱᱟ ᱵᱤᱱᱼᱤᱠᱟᱹᱣᱟᱱ ᱾
परियाँ सभी प्रेमियों को आशीर्वाद देने के लिए अपने जादू का उपयोग करती हैं।	ᱵᱚᱝᱜᱟ ᱠᱩᱲᱤ ᱠᱚ ᱟᱠᱚᱣᱟᱜ ᱡᱟᱹᱫᱩ ᱵᱮᱣᱦᱟᱨ ᱠᱟᱛᱮ ᱥᱟᱱᱟᱢ ᱫᱩᱞᱟᱹᱲᱤᱭᱟᱹ ᱠᱚ ᱛᱷᱩᱢ ᱟᱠᱟᱫ ᱠᱚᱣᱟ ᱾
वैज्ञानिकों का कहना है कि संघर्ष से उत्पन्‍न होनेवाले विस्फोट अत्यधिक था ।	ᱥᱟᱬᱮᱥᱤᱭᱟᱹᱠᱚ ᱢᱮᱱ ᱟᱠᱟᱫ ᱟᱠᱟ ᱡᱮ ᱴᱷᱚᱠᱚᱨ ᱟᱛᱮ ᱵᱤᱥᱯᱷᱚᱴ ᱫᱚ ᱟᱹᱰᱤ ᱢᱟᱨᱟᱝ ᱜᱮ ᱛᱟᱦᱮᱸ ᱠᱟᱱᱟI
नहीं, baking डर नहीं है... ... और मैं भी एक भयानक घुड़सवार नहीं हूँ.	ᱵᱟᱝ, ᱵᱟᱭᱤᱠ ᱪᱟᱞᱟᱣ ᱫᱚ ᱵᱟᱝ ᱵᱚᱛᱚᱨᱟ ᱟᱨ ᱤᱧᱫᱚ ᱚᱱᱠᱟᱱ ᱵᱚᱛᱚᱨᱟᱱ ᱵᱟᱭᱤᱠ ᱪᱟᱞᱟᱣᱤᱡᱽ ᱫᱚ ᱵᱟᱝ ᱠᱟᱱᱟᱹᱧ ᱾
टाउनशेंड ने हॉफमैन को अपशब्द कहे और उन्हें मंच से गिराने की कोशिश की।	ᱴᱟᱣᱩᱱᱥᱮᱱᱰ ᱦᱚᱯᱷᱢᱮᱹᱱ ᱫᱚ ᱟᱹᱥᱤᱥᱮ ᱮᱢᱟᱫᱮ ᱛᱟᱦᱮᱸ ᱟᱨ ᱩᱱᱤ ᱫᱚ ᱥᱴᱮᱡ ᱠᱷᱚᱱ ᱪᱷᱤᱴᱠᱟᱹᱣ ᱠᱟᱭ ᱨᱮᱭᱟᱜ ᱮ ᱠᱩᱨᱩᱢᱩᱴᱩ ᱞᱮᱫᱟ ᱾
मेरे पास पंद्रह नारियल हैं।	ᱤᱧ ᱴᱷᱮᱱ ᱜᱮᱞ ᱢᱚᱬᱮ ᱜᱚᱴᱟᱝ ᱱᱟᱨᱤᱭᱟᱞ ᱢᱮᱱᱟᱜᱼᱟ ᱠᱚᱣᱟ।
सन्‌ 423.9 लाख साल पहले, सा. यु.	᱔.᱒-᱓.᱙ ᱢᱤᱞᱤᱭᱟᱱ ᱥᱮᱨᱢᱟ ᱞᱟᱦᱟ ᱨᱮᱱ ᱟᱥᱴᱨᱮᱞᱚᱯᱤᱛᱷᱮᱠᱟᱥ ᱡᱤᱣᱟᱥᱢ ᱨᱮ ᱫᱽᱣᱤᱯᱟᱫᱽ ᱠᱷᱟᱥ ᱠᱚ ᱧᱟᱢᱚᱜ ᱠᱟᱱᱟ, ᱦᱚᱭ ᱛᱚ ᱥᱟᱦᱮᱞᱛᱷᱨᱚᱯᱟᱥ ᱮᱭᱟᱭ ᱢᱤᱞᱤᱭᱟᱱ ᱥᱮᱨᱢᱟ ᱢᱟᱲᱟᱝ ᱵᱟᱨ ᱡᱟᱝᱜᱟ ᱦᱟᱛᱮ ᱠᱚ ᱥᱮᱱ ᱫᱟᱲᱮᱭᱟᱜ ᱠᱟᱱ ᱛᱟᱦᱮᱱᱟ᱾
जी हाँ, वह था, फिर Marthasthasamaa't के रूप में भी Marthu.	ᱦᱮᱸ ᱩᱱᱤᱭ ᱠᱚᱨᱟᱣ ᱟᱠᱟᱫᱟ, ᱚᱱᱟ ᱛᱟᱭᱚᱢ ᱟᱭ ᱮ ᱮᱥ ᱚᱯᱷᱤᱥᱟᱨ ᱵᱨᱚᱢᱵᱷ ᱫᱚᱛᱛᱚ ᱟᱜ ᱪᱩᱨᱤᱛᱨᱮ ᱢᱤᱴᱷᱩᱱ ᱪᱚᱠᱨᱚᱵᱚᱨᱛᱤ ᱦᱚᱸᱭ ᱛᱟᱦᱮᱸ ᱠᱟᱱᱟ ᱾
मुझे वाकई निराशा हुई है कि मेरी कार स्टार्ट नहीं हो रही है (ग्राहक)।	ᱤᱧ ᱥᱟᱹᱨᱤ ᱜᱮᱧ ᱠᱟᱺᱦᱤᱥ ᱮᱱᱟ ᱡᱮ ᱤᱧᱟᱹᱜ ᱜᱟᱹᱰᱤ ᱟᱨ ᱵᱟᱝ ᱪᱟᱹᱞᱩᱜ ᱠᱟᱱᱟ ᱾ (ᱜᱟᱦᱟᱠ)
मेरे पास ग्यारह मुर्गी हैं।	ᱤᱧ ᱴᱷᱮᱱ ᱜᱮᱞ ᱢᱤᱫ ᱜᱚᱴᱟᱝ ᱢᱩᱠᱨᱤ ᱢᱮᱱᱟᱜᱼᱟ ᱠᱚᱣᱟ।
नर्स सुई बदलना भूल गई और उसी से अगले मरीज को इंजेक्शन लगा दिया।	ᱱᱟᱨᱥ ᱫᱚ ᱥᱩᱭ ᱵᱚᱫᱚᱞ ᱮ ᱦᱤᱲᱤᱧ ᱠᱮᱫᱟ ᱟᱨ ᱚᱱᱟ ᱛᱮᱜᱮ ᱫᱚᱥᱟᱨ ᱨᱩᱜᱤᱭ ᱯᱟᱹᱴᱤ ᱠᱮᱫᱮᱭᱟ ᱾
सुप्रभात मैडम!	ᱥᱟᱹᱜᱩᱱ ᱥᱮᱛᱟᱜ ᱢᱟᱪᱮᱛᱟᱹᱱᱤ !
यह उपग्रह आधारित तकनीक का प्रयोग करता है जैसे कि पुराने भूमि पर आधारित हवा यातायात नियंत्रक को अधिक सटीक के साथ हवाई जहाज को सूचित करने के लिए और अधिक यथार्थ जानकारी देने के लिए।	ᱱᱟᱶᱟ ᱦᱟᱹᱣᱟ ᱭᱟᱛᱟᱭᱟᱛ ᱱᱤᱭᱚᱱᱛᱨᱚᱬ ᱫᱚ ᱰᱷᱮᱨ ᱥᱚᱴᱷᱤᱠᱛᱟ ᱫᱷᱟᱹᱵᱤᱡ ᱵᱤᱢᱟᱹᱱ ᱫᱚ ᱤᱝᱜᱤᱛ ᱠᱚᱨᱟᱣ ᱟᱨ ᱯᱟᱭᱞᱚᱴ ᱫᱚ ᱰᱷᱮᱨ ᱥᱚᱴᱤᱠ ᱡᱟᱹᱱᱠᱟᱹᱨᱤ ᱮᱢᱚᱜ ᱨᱮᱭᱟᱜ ᱚᱱᱩᱢᱚᱛᱤ ᱮᱢᱚᱜ ᱞᱟᱹᱜᱤᱫ ᱢᱟᱨᱮ ᱜᱽᱨᱟᱩᱸᱰᱼᱨᱮᱰᱟᱨᱼᱟᱹᱫᱷᱟᱹᱨᱤᱛ ᱛᱚᱠᱱᱤᱡ ᱨᱮᱭᱟᱜ ᱩᱞᱴᱟᱹ ᱨᱮ ᱩᱯᱜᱽᱨᱚᱦ ᱟᱹᱫᱷᱨᱤᱛ ᱛᱚᱠᱱᱤᱠ ᱨᱮᱭᱟᱜ ᱵᱮᱵᱷᱟᱨᱮᱫ ᱟᱭ᱾
मैनेजर को धमकी मत दो। मैंने सुना है कि उसके कमरे में बंदूक है।	ᱢᱚᱱᱮᱡᱟᱨ ᱟᱞᱚᱢ ᱵᱚᱛᱚᱨ ᱚᱪᱚᱭᱮᱭᱟ ᱾ ᱤᱧ ᱟᱸᱡᱚᱢᱟᱠᱟᱫᱟ ᱩᱱᱤᱭᱟᱜ ᱠᱟᱸᱫᱷᱟᱨᱮ ᱵᱟᱹᱫᱩᱠ ᱢᱮᱱᱟᱜ ᱟᱠᱟᱫ ᱛᱟᱭᱟ ᱾
ग्यारह	ᱜᱮᱞ ᱢᱤᱫ
मेट्रोपॉलिटन ओपेरा हाउस लिंकन सेंटर में इसका वार्षिक आठ सप्ताह का सत्र होता है।	ᱢᱮᱴᱨᱳᱯᱚᱞᱤᱴᱚᱱ ᱚᱯᱮᱨᱟ ᱦᱟᱣᱩᱥ ᱞᱤᱝᱠᱚᱱ ᱥᱮᱱᱴᱟᱨ ᱨᱮ ᱱᱚᱶᱟ ᱨᱮᱭᱟᱜ ᱢᱤᱫᱴᱟᱝ ᱥᱮᱨᱢᱟ ᱠᱤᱭᱟᱹ ᱤᱨᱟᱹᱞ ᱦᱟᱯᱛᱟ ᱨᱮᱭᱟᱜ ᱢᱩᱲᱥᱩᱢ ᱢᱮᱱᱟᱜᱼᱟ ᱾
हाँ, और हमारे ग्रह Smake नीचे टैग-टेमियर और आरके-बरो टैग टीम है.	ᱦᱮᱸ, ᱟᱨ ᱤᱭᱩᱥᱳᱥ ᱫᱚ ᱦᱩᱭᱩᱜ ᱠᱟᱱᱟ ᱥᱢᱮᱠᱰᱟᱣᱩᱱ ᱴᱮᱜᱼᱴᱤᱢ ᱪᱮᱢᱯᱤᱭᱚᱱ ᱟᱨ ᱟᱨᱠᱮᱼᱵᱨᱚ ᱫᱚ ᱦᱩᱭᱩᱜ ᱠᱟᱱᱟ ᱨᱚ ᱴᱮᱼᱴᱤᱢ ᱪᱮᱢᱯᱤᱭᱚᱱ ᱾
बहुत - से जर्मन लोग बादाम, हाज़ला और दूसरे पेड़ के फल भी पसंद करते हैं ।	ᱟᱭᱢᱟ ᱡᱟᱨᱢᱟᱱ ᱵᱮᱠᱰ ᱥᱟᱢᱟᱱ ᱨᱮ ᱵᱟᱫᱚᱢ, ᱦᱮᱡᱽᱞᱟᱱᱟᱴ ᱟᱨ ᱟᱭᱢᱟ ᱫᱟᱨᱮ ᱱᱟᱴ ᱦᱚᱸ ᱛᱟᱦᱮᱱ ᱠᱟᱱᱟ᱾ ᱵᱟᱰᱟᱭᱟᱱ ᱠᱮᱠ ᱚᱱᱠᱟ ᱫᱚ ᱢᱤᱫ ᱠᱚᱯ ᱠᱮᱴᱮᱡ ᱠᱚᱯᱷᱤ ᱥᱟᱶ ᱵᱤᱥᱮᱥ ᱨᱩᱯ ᱛᱮ ᱱᱟᱯᱟᱭ ᱛᱮ ᱡᱚᱲᱟᱣ ᱢᱮᱱᱟᱜᱼᱟ᱾
सिडनी ऑपरा हाउस के आस - पास, स्विट्‌ज़रलैंड को चित्रित करते हुए बर्नी म्युन के आस - पास आकर खेल में पहली बार सोने का पद पाने लगा ।	ᱥᱤᱰᱱᱤ ᱚᱯᱮᱨᱟ ᱦᱟᱣᱩᱥ ᱨᱮᱭᱟᱜ ᱟᱰᱮᱯᱟᱥᱮᱨᱮ ᱢᱮᱱᱟᱜ ᱥᱩᱭᱡᱟᱨᱞᱮᱱᱰᱨᱮᱱ ᱟᱹᱭᱩᱨᱤᱡᱽ ᱵᱨᱤᱡᱤᱴ ᱢᱮᱠᱢᱳᱦᱚᱱ ᱫᱚ ᱫᱤᱥᱟᱹᱢᱨᱮᱱ ᱵᱤᱥᱟᱹᱥ ᱥᱩᱵᱤᱫᱫᱷᱟ ᱧᱟᱢ ᱠᱷᱮᱞᱚᱰᱤᱭᱟᱹᱠᱩ ᱡᱮᱞᱮᱠᱟ ᱨᱩᱯᱟᱹ ᱡᱤᱛᱠᱟᱹᱨᱤᱭᱟᱹ ᱢᱤᱥᱮᱞᱤ ᱡᱳᱱᱥ ᱫᱚ ᱯᱟᱭᱨᱟᱜᱨᱮ, ᱥᱟᱭᱠᱮᱞ ᱪᱟᱞᱟᱣᱨᱮ ᱟᱨ ᱫᱟᱹᱲᱨᱮ ᱦᱤᱨᱟᱹᱣᱠᱟᱛᱮ ᱱᱤᱭᱟᱹ ᱠᱷᱮᱞᱚᱰᱨᱮ ᱯᱟᱹᱦᱤᱞ ᱥᱳᱱᱟ ᱨᱮᱭᱟᱜ ᱯᱚᱫᱚᱜᱽᱮ ᱡᱤᱛᱠᱟᱹᱨᱞᱮᱱᱟ ᱾
इसका उपयोग ऑडियो फाइलों की रिकॉर्डिंग, संपादन और निर्माण के लिए किया जाता है।	ᱱᱚᱶᱟ ᱫᱚ ᱨᱮᱠᱚᱨᱰᱤᱝ, ᱤᱰᱤᱴᱤᱝ ᱟᱨ ᱳᱰᱤᱣ ᱯᱷᱟᱭᱤᱞ ᱵᱮᱱᱟᱣ ᱞᱟᱹᱜᱤᱫ ᱵᱮᱣᱦᱟᱨᱚᱜᱼᱟ ᱾
अलीगढ़ राज्य के सबसे बड़े शहरों में से एक है।	ᱟᱞᱤᱜᱚᱲ ᱯᱚᱱᱚᱛ ᱨᱮᱭᱟᱜ ᱞᱟᱹᱴᱩ ᱥᱟᱦᱟᱨ ᱠᱚ  ᱢᱩᱫᱨᱮ ᱢᱤᱫᱴᱟᱝ ᱾
हज़ारों साल पहले, अरिस्तरखुस नामक एक व्यक्‍ति ने कहा कि सौर मण्डल सूर्य के चारों ओर फैल गया ।	ᱢᱤᱫ ᱦᱟᱡᱟᱨ ᱥᱮᱨᱢᱟ ᱜᱟᱱ ᱞᱟᱦᱟᱨᱮ ᱟᱨᱤᱥᱴᱟᱪᱩᱥ ᱧᱩᱛᱩᱢᱟᱱ ᱢᱤᱫ ᱦᱚᱲᱮ ᱢᱮᱱ ᱞᱮᱫ-ᱟ ᱡᱮ  ᱥᱳᱞᱟᱨ ᱥᱤᱥᱴᱚᱢ ᱥᱤᱧ ᱪᱟᱱᱫᱚ ᱵᱮᱲᱦᱟᱭᱛᱮ ᱟᱹᱪᱩᱨᱚᱜ ᱠᱟᱱᱟ᱾
आमतौर पर प्लास्टिक की फिल्म के बड़े - बड़े आकार होते हैं, क्योंकि इन्हें कम खर्चों में अधिकतम रेटिंग दी जाती है और शायद खुद को आत्म - सम्मान और दुःख दिया जा सकता है ।	ᱢᱩᱲᱩᱫ ᱯᱷᱤᱞᱴᱟᱨ ᱠᱮᱯᱟᱥᱤᱴᱟᱨ ᱥᱟᱫᱷᱟᱨᱚᱱ ᱜᱷᱟᱣ ᱪᱮᱛᱟᱱ ᱡᱟᱦᱟᱸ ᱞᱮᱠᱟᱱ ᱯᱞᱟᱥᱴᱤᱠ ᱯᱷᱤᱞᱤᱢ ᱞᱟᱜᱟᱣ ᱛᱟᱦᱮᱸᱱ ᱚᱱᱟᱨᱮ ᱯᱚᱴᱚᱢ ᱛᱟᱦᱮᱸᱱ, ᱠᱟᱨᱚᱱ ᱫᱚ ᱱᱚᱶᱟ ᱠᱚ ᱠᱚᱢ ᱠᱷᱚᱨᱚᱪ ᱛᱮ ᱦᱟᱭ ᱵᱷᱚᱞᱴᱮᱡ ᱵᱤᱡᱞᱤ ᱮᱢ ᱠᱟᱛᱮ ᱟᱨ ᱦᱚᱭᱛᱚ ᱜᱟᱞᱟᱜᱼᱟ ᱟᱨ ᱟᱯᱱᱟᱨᱼᱱᱤᱨᱟᱢᱚᱭ ᱥᱟᱶᱛᱮ ᱵᱮᱱᱟᱣ ᱟᱠᱟᱱ ᱾
ध्यान रखना.	ᱡᱚᱛᱚᱱᱚᱜ ᱢᱮ ᱾
एक ऐसी कला है जिसमें दर्शक दृष्टि और नाटकीय तत्वों में कलाकार होते हैं ।	ᱛᱷᱤᱭᱮᱴᱟᱨ ᱫᱚ ᱢᱤᱫ ᱞᱮᱠᱟᱱ ᱠᱟᱹᱨᱤ ᱡᱟᱦᱟᱸᱨᱮ ᱥᱤᱞᱯᱤᱠᱩ ᱧᱮᱞᱚᱜᱚᱜᱼᱟ ᱟᱨ ᱜᱟᱭᱟᱱ ᱨᱮᱭᱟᱜ ᱵᱷᱟᱱᱟᱨ ᱫᱩᱨᱤᱵᱜᱮ ᱠᱟᱹᱢᱤᱨᱮ ᱞᱟᱜᱟᱜᱼᱟ ᱾
इलिनॉय राज्य ने इकाइयाँ बनाने का आह्वान किया।	ᱤᱞᱤᱱᱚᱭ ᱯᱚᱱᱚᱛ ᱤᱭᱩᱱᱤᱴ ᱵᱮᱱᱟᱣ ᱞᱟᱹᱜᱤᱫ ᱢᱤᱫᱴᱟᱝ ᱱᱮᱣᱛᱟ ᱠᱚ ᱵᱟᱲᱟᱭ ᱦᱚᱪᱚ ᱞᱮᱫᱟ ᱾
वहाँ है, लेकिन सड़क यात्रा पर, आधा छुट्टी सड़क पर चला जाता है.	ᱚᱱᱟᱫᱚ ᱢᱮᱱᱟᱜᱼᱟ, ᱢᱮᱱᱠᱷᱟᱱ ᱨᱳᱰ ᱴᱨᱤᱯ ᱨᱮᱫᱚ, ᱟᱫᱷᱟ ᱪᱷᱩᱴᱤ ᱫᱚ ᱦᱚᱨ ᱨᱮᱜᱮ ᱪᱟᱞᱟᱜᱼᱟ ᱾
कुछ मरीज़ नाइजीरिया में रहे थे, जहाँ एरोका वायरस के कुछ मामले हुए हैं ।	ᱨᱩᱣᱟᱹ ᱦᱚᱲ ᱱᱟᱹᱭᱡᱤᱨᱤᱭᱟᱹ ᱛᱟᱦᱮᱸ ᱠᱟᱱᱟ, ᱡᱟᱦᱟᱸ ᱫᱚ ᱤᱵᱚᱞᱟ ᱣᱟᱭᱨᱚᱥ ᱨᱮᱭᱟᱜ ᱠᱤᱪᱷᱩ ᱢᱚᱢᱞᱟ ᱥᱟᱢᱟᱝ ᱦᱮᱡ ᱟᱠᱟᱱᱟ᱾
मुझे डर है कि अगर मैंने अपनी ऑनलाइन सुरक्षा की रक्षा के लिए आवश्यक कदम नहीं उठाए, तो मैं साइबर अपराधियों का निशाना बन जाऊँगा।	ᱤᱧ ᱵᱚᱛᱚᱨᱚᱜ ᱠᱟᱱᱟ ᱡᱮ ᱤᱧ ᱡᱩᱫᱤ ᱤᱧᱟᱜ ᱚᱱᱞᱟᱭᱤᱱ ᱱᱤᱨᱟᱹᱭ ᱫᱚᱦᱚ ᱨᱮᱭᱟᱜ ᱡᱟᱹᱨᱩᱲ ᱠᱟᱹᱢᱤ ᱦᱚᱨᱟ ᱵᱟᱹᱧ ᱦᱟᱛᱟᱣᱟ, ᱛᱟᱦᱚᱞᱮ ᱤᱧ ᱫᱚ ᱥᱟᱭᱵᱟᱨ ᱠᱟᱹᱭᱟᱱ ᱠᱚ ᱴᱷᱮᱱ ᱴᱟᱨᱜᱮᱴ ᱫᱩᱨᱤᱵ ᱨᱮᱧ ᱯᱷᱮᱨᱟᱜᱼᱟ ᱾
एक घंटा	ᱢᱤᱫ ᱴᱟᱲᱟᱝ
वे अधिक सुविधाजनक नहीं हैं?	ᱚᱱᱟᱠᱚᱫᱚ ᱟᱨᱦᱚᱸ ᱥᱩᱵᱤᱰᱟ ᱜᱮᱭᱟ ᱥᱮ ᱵᱟᱝ ?
यह निश्‍चित ही व्यर्थ है कि प्रयोग और पेशे के लिए नुकसान वास्तव में है या नहीं, अपराधी के ख़िलाफ़ एक कार्यवाही में मालिक द्वारा दावा किया जाता है या नहीं ।	ᱵᱮᱣᱦᱟᱨ ᱟᱨ ᱡᱤᱵᱠᱟᱹ ᱨᱮ ᱞᱟᱹᱜᱤᱫ ᱵᱟᱹᱲᱤᱡᱼᱟ ᱥᱟᱹᱨᱤᱭᱟᱜ ᱨᱮ ᱢᱟᱹᱞᱤᱠ ᱫᱟᱨᱟᱭᱛᱮ ᱵᱮᱜᱚᱨ ᱟᱹᱭᱫᱟᱹᱨ ᱠᱚ ᱵᱚᱞᱚᱱ ᱵᱤᱨᱩᱫᱷ ᱯᱟᱹᱣᱲᱤᱨᱮ ᱫᱟᱹᱵᱤ ᱦᱩᱭ ᱟᱠᱟᱱᱟ ᱥᱮ ᱵᱟᱝ ᱚᱱᱟ ᱫᱚ ᱵᱟᱝ ᱞᱟᱹᱠᱛᱤᱭᱟ ᱾
तिरासी	ᱟᱨ ᱜᱮᱞ ᱯᱮ
थीम में महिला वर्चस्व, बंधन, कामुक थप्पड़ और बीडीएसएम कथा शामिल हैं।	ᱛᱷᱤᱢᱠᱚ ᱢᱩᱫᱨᱮ ᱢᱮᱱᱟᱜᱼᱟ ᱛᱤᱨᱞᱟᱹ ᱠᱚᱣᱟᱜ ᱟᱹᱭᱫᱟᱹᱨ, ᱱᱟᱯᱟᱭ ᱥᱟᱹᱜᱟᱹᱭ, ᱤᱨᱳᱴᱤᱠ ᱥᱯᱮᱹᱝᱠᱤᱝ ᱟᱨ ᱵᱤ ᱰᱤ ᱮᱥ ᱮᱢ ᱯᱷᱤᱠᱥᱚᱱ ᱾
पकाए गए जानवर को फिर वलहैला में देवताओं और गिरे हुए योद्धाओं को खिलाया जाता है।	ᱤᱥᱤᱱ ᱟᱠᱟᱫᱮ ᱡᱤᱭᱟᱹᱞᱤ ᱫᱚ ᱚᱱᱟ ᱛᱟᱭᱚᱢ ᱵᱷᱟᱞᱦᱟᱞᱞᱟ ᱨᱮᱱ ᱵᱚᱸᱜᱟ ᱟᱨ ᱦᱟᱨᱟᱣ ᱦᱚᱪᱚᱜ ᱠᱟᱱ ᱯᱷᱟᱹᱫ ᱠᱚ ᱡᱚᱢ ᱦᱚᱪᱚ ᱠᱚ ᱦᱩᱭᱩᱜᱼᱟ ᱾
मई महीने में कोई खास गर्मी नहीं देखी गयी ।	ᱢᱮ ᱢᱟᱹᱱᱦᱟᱹ ᱨᱮ, ᱞᱟᱹᱭᱞᱮᱠᱟᱱ ᱞᱚᱞᱚᱥᱚᱝ ᱦᱟᱞᱚᱛ ᱫᱚ ᱵᱟᱝ ᱧᱮᱞᱟᱠᱟᱱᱟ ᱾
वह 2020 फिल्म चपाक में एक छोटी - सी भूमिका निभा रही थी ।	ᱩᱱᱤ ᱫᱚ ᱱᱚᱶᱟ ᱞᱟᱦᱟᱨᱮ ᱒᱐᱒᱐ ᱥᱟᱞ ᱨᱮᱭᱟᱜ ᱪᱷᱚᱯᱟᱠ ᱪᱚᱞᱚᱛᱪᱤᱛᱟᱹᱨ ᱨᱮ ᱢᱤᱫᱴᱟᱝ ᱦᱩᱰᱤᱧ ᱪᱩᱨᱤᱛ ᱨᱮᱭ ᱯᱟᱴ ᱞᱮᱫᱟ ᱾
इस वजह से मैं अपने दोस्त को दे सकती हूँ ताकि वह इस बारे में किसी से बात कर सके ।	ᱱᱚᱣᱟ ᱫᱚ ᱱᱤᱭᱟᱹ ᱞᱟᱹᱜᱤᱫᱽ ᱡᱟᱦᱟᱸᱛᱮ ᱫᱚ ᱤᱧ ᱤᱧᱨᱮᱱ ᱜᱟᱛᱤᱧ ᱮᱢ ᱫᱟᱲᱤᱭᱟᱭᱟ ᱟᱨ ᱩᱱᱤ ᱫᱚ ᱠᱳᱨᱥ ᱵᱟᱵᱚᱫ ᱵᱤᱪᱷᱱᱟᱹᱣ ᱥᱟᱹᱦᱤᱫᱽ ᱡᱟᱦᱟᱸᱭ ᱥᱟᱶ ᱠᱟᱛᱷᱟᱭ ᱢᱮᱱᱫᱟᱲᱤᱭᱟᱜᱽᱢᱟ ᱚᱱᱟ ᱞᱟᱹᱜᱤᱫᱽ ᱾
ᱤᱧ ᱫᱚ ᱱᱤᱛ ᱜᱮ ᱠᱚᱭᱚᱜ ᱠᱟᱱᱟᱹᱧ	मैं बस देख रहा हूँ
लेकिन, जो दो या तीन साल से मनन करते आए हैं, वे पहले से ही रक्‍ताधान के दबाव में आ गए ।	ᱮᱱᱨᱮᱦᱚᱸ , ᱡᱟᱦᱟᱸᱭ ᱠᱚ ᱵᱟᱨ ᱥᱮ ᱯᱮ ᱥᱮᱨᱢᱟ ᱞᱮᱛᱟᱲᱜᱮ ᱠᱚ ᱪᱟᱨᱪᱟᱣ ᱮᱫᱟ, ᱩᱱᱠᱩ ᱱᱤᱦᱟᱹᱛᱜᱮ ᱠᱚᱢ ᱢᱟᱭᱟᱝᱪᱟᱯ ᱧᱟᱢ ᱟᱠᱟᱱᱟ ᱾
फूलों पर पैर मत रखो! यदि आप ऐसा करेंगे तो मैं उन्हें बेच नहीं पाऊँगा!	ᱵᱟᱦᱟ ᱪᱮᱛᱟᱱ ᱟᱞᱚᱢ ᱞᱮᱵᱮᱫᱚᱜᱼᱟ ! ᱟᱢ ᱡᱩᱫᱤᱢ ᱞᱮᱵᱮᱫᱟ ᱚᱱᱟᱠᱚ ᱤᱧ ᱵᱟᱹᱧ ᱟᱹᱠᱷᱨᱤᱧ ᱫᱟᱲᱮᱭᱟᱜᱼᱟ !
इस इलाके की भाषा में दो भाषाएँ बोली जाती हैं, मगर अलग - अलग भाषाओं में रूसी भाषा इस्तेमाल की जाती है ।	ᱢᱳᱞᱫᱳᱵᱷᱟ ᱨᱮᱭᱟᱜ ᱨᱟᱡᱽᱫᱷᱟᱱᱤ ᱫᱚ ᱪᱤᱥᱤᱱᱟᱣ᱾ ᱴᱚᱴᱷᱟᱨᱤ ᱯᱟᱹᱨᱥᱤ ᱫᱚ ᱨᱳᱢᱟᱱᱤᱭᱟᱱ ᱠᱟᱱᱟ, ᱮᱱᱛᱮᱨᱮᱦᱚᱸ ᱨᱩᱥᱤᱭᱟᱱ ᱯᱟᱹᱨᱥᱤ ᱵᱟᱹᱲᱛᱤ ᱵᱮᱵᱷᱟᱨᱚᱜ ᱠᱟᱱᱟ᱾
मेरे दोस्त ने कहा, 'मैं रजनीकांत का बहुत बड़ा प्रशंसक हूँ। पिछले हफ्ते, मैं एक दोस्त के शादी के रिसेप्शन में गया और वे अपनी पूरी सादगी के साथ वहाँ मौजूद थे।'	ᱤᱧ ᱨᱮᱱ ᱜᱟᱛᱮ ᱢᱮᱱ ᱞᱮᱫᱟᱭ ᱡᱮ, ᱤᱧ ᱫᱚ ᱨᱚᱡᱚᱱᱤᱠᱚᱱᱛᱚ ᱨᱮᱱ ᱢᱤᱫ ᱢᱟᱨᱟᱝ ᱯᱷᱮᱱ ᱠᱟᱱᱟᱧ ᱾ "ᱪᱟᱞᱟᱣᱮᱱ ᱦᱟᱯᱛᱟ, ᱤᱧ ᱢᱤᱫ ᱜᱟᱛᱮᱭᱟᱜ ᱵᱟᱯᱞᱟ ᱨᱮ ᱨᱮᱥᱮᱯᱥᱚᱱ ᱨᱮᱭ ᱥᱮᱱ ᱞᱮᱱᱟ ᱟᱨ ᱩᱱᱤ ᱫᱚ ᱟᱭᱟᱜ ᱥᱟᱱᱟᱢ ᱥᱟᱡᱚᱥᱨᱮᱭ ᱛᱟᱦᱮᱸ ᱠᱟᱱᱟ ᱾"
वह 1983 से 1987 तक डेप्युटी चैंबर के सदस्य रहे।	ᱩᱱᱤᱫᱚ ᱑᱙᱘᱓ ᱠᱷᱚᱱ ᱑᱙᱘᱗ ᱥᱟᱞ ᱦᱟᱹᱵᱤᱡ ᱪᱮᱢᱵᱟᱨ ᱚᱯᱷ ᱰᱮᱯᱩᱴᱤᱡ ᱨᱮᱱ ᱨᱟᱹᱥᱭᱟᱹᱭ ᱛᱟᱦᱮᱸ ᱠᱟᱱᱟ ᱾
दुनिया के अलग - अलग इलाकों में लोगों को इसकी खोज - बीन करने का मौका मिलता है ।	ᱥᱤᱱᱫᱷᱩ ᱥᱚᱥᱱᱚᱜ ᱫᱚ ᱟᱭᱢᱟ ᱴᱚᱴᱷᱟ ᱨᱮ ᱟᱡᱟᱜ ᱞᱟᱜᱟᱱᱠᱟᱹᱨᱤ ᱜᱮᱭᱟᱱ ᱦᱚᱛᱮᱛᱮᱭ ᱩᱯᱨᱩᱢᱟ ᱾
सांसारिक ज्ञान का आदर करने और संसार के ज्ञान का आदर करने का दावा करने का दावा करते हैं ।	ᱩᱯᱟᱹᱱᱤᱥᱚᱫ ᱨᱮᱭᱟᱜ ᱗.᱑ ᱫᱷᱟᱨᱟᱨᱮ ᱥᱚᱱᱚᱛᱠᱩᱢᱟᱨᱟ ᱡᱳᱨᱟᱛᱮᱭ ᱞᱟᱹᱭᱟᱠᱟᱫᱟ, "ᱡᱮᱜᱮᱫᱽᱟᱱᱟᱜ ᱟᱹᱠᱤᱞ ᱠᱩ ᱯᱩᱡᱟᱹᱣᱟᱜᱽ ᱢᱮ ᱟᱨ ᱢᱟᱹᱱᱟᱜᱽ ᱢᱮ", ᱛᱚᱵᱮ ᱵᱨᱚᱦᱢᱚ ᱢᱮᱱᱛᱮ ᱚᱱᱟ ᱥᱟᱱᱟᱢ ᱟᱹᱠᱤᱞᱠᱩ ᱨᱮᱭᱟᱜ ᱜᱟᱸᱰᱚᱱ ᱢᱮ ᱾"
इसके लिए ज़रूरी है कि आप अपने खर्चों के बीच संतुलन बनाए रखें, हद - से - ज़्यादा ब्याज लें और नौकरी - पेशेवाली राजधानी की लगातार सैर करें ।	ᱯᱮᱢᱮᱱᱴ ᱨᱮᱭᱟᱜ ᱥᱛᱷᱤᱨ ᱵᱮᱞᱮᱱᱥ, ᱢᱟᱹᱡᱷᱟᱹᱨᱤ ᱤᱱᱴᱮᱨᱮᱥᱴ ᱨᱮᱴ ᱟᱨ ᱠᱚᱨᱯᱚᱨᱮᱴ ᱤᱱᱵᱷᱮᱥᱴᱢᱮᱱᱴ ᱞᱟᱹᱜᱤᱫ ᱵᱟᱦᱨᱮ ᱯᱩᱸᱡᱤ ᱫᱷᱚᱱ ᱨᱮᱭᱟᱜ ᱛᱷᱤᱨ ᱫᱷᱟᱨᱟ ᱡᱚᱜᱟᱣ ᱫᱚᱦᱚᱭ ᱫᱚ ᱟᱹᱰᱤ ᱜᱤ ᱡᱟᱹᱨᱩᱲᱟ ᱾
यह वेबसाइट के एप्लिकेशन लॉजिक के भीतर इसका पता लगाना या इसे साफ करना बेहद कठिन बना देता है।	ᱱᱚᱣᱟ ᱫᱚ ᱳᱣᱮᱵᱥᱟᱭᱤᱴ ᱮᱯᱞᱤᱠᱮᱥᱚᱱ ᱞᱚᱡᱤᱠ ᱢᱩᱫᱨᱮ ᱩᱨᱩᱢ ᱥᱮ ᱥᱮᱱᱤᱴᱟᱭᱤᱡ ᱞᱟᱹᱜᱤᱫ ᱟᱹᱰᱤᱜᱮᱭ ᱠᱚᱴᱷᱤᱱ ᱱᱟ ᱾
इसके अलावा, यह भी बताया गया है कि कौन - से कदम उठाए जा सकते हैं और कौन - से कदम उठाए जाएँगे ।	ᱩᱢᱢᱤᱫᱽᱣᱟᱛ ᱯᱨᱚᱠᱨᱤᱭᱟ ᱨᱮᱱᱟᱜ ᱥᱟᱱᱟᱢ ᱦᱟᱹᱴᱤᱧ ᱧᱮᱞ ᱞᱟᱹᱜᱤᱫ ᱛᱮ ᱯᱨᱚᱛᱤᱱᱤᱫᱷᱤ ᱠᱩᱞ ᱫᱟᱲᱮᱭᱟᱜᱼᱟ᱾ ᱧᱩᱦᱩᱢ ᱫᱚ, ᱵᱤᱥᱮᱥ ᱯᱨᱚᱠᱨᱤᱭᱟ ᱨᱮᱱᱟᱜ ᱯᱟᱞᱚᱱ ᱥᱟᱶ, ᱵᱷᱟᱨᱤ ᱱᱤᱜᱽᱨᱟᱱᱤ ᱨᱮ ᱥᱟᱶᱟᱭᱥᱮᱣᱟᱠ ᱦᱚᱛᱮᱛᱮ ᱵᱷᱚᱴ ᱨᱮᱱᱟᱜ ᱞᱮᱠᱷᱟ ᱦᱩᱭᱩᱜ ᱠᱟᱱᱟ᱾
ये शरणार्थी लहरों में पहुँचे और केवल विभाजन के समय ही नहीं आए ।	ᱱᱩᱝᱠᱩ ᱦᱮᱡᱽᱪᱟ ᱦᱚᱲ ᱫᱚ ᱜᱟᱫᱮᱞ ᱜᱟᱫᱮᱞ ᱦᱮᱡᱽᱟᱛᱮ ᱠᱩ ᱥᱮᱴᱮᱨᱮᱱᱟ, ᱟᱨ ᱮᱠᱮᱱ ᱫᱤᱥᱟᱹᱢᱦᱟᱹᱴᱤᱧ ᱚᱠᱛᱚᱨᱮᱜᱤ ᱫᱚ ᱱᱩᱝᱠᱩ ᱵᱟᱝᱠᱩ ᱦᱮᱡᱲᱟᱠᱟᱱᱟ ᱾
2010 की जनगणना के अनुसार, यहाँ की जनसंख्या 31,364 थी।	᱒᱐᱑᱐ ᱥᱟᱞ ᱨᱮᱭᱟᱜ ᱦᱚᱲ ᱞᱮᱠᱷᱟ ᱞᱮᱠᱟᱛᱮ, ᱦᱚᱲᱮᱞ ᱠᱚ ᱛᱟᱦᱮᱸ ᱠᱟᱱᱟ ᱓᱑,᱓᱖᱔ ᱦᱚᱲ ᱾
दो घंटे की अवधि में सरकारी इमारतों के पास तीन और बम विस्फोट हुए ।	ᱵᱟᱨ ᱴᱟᱲᱟᱝ ᱢᱩᱸᱫᱽᱨᱮ ᱥᱚᱨᱠᱟᱨᱤ ᱵᱤᱞᱰᱤᱝ ᱥᱩᱨ ᱨᱮ ᱟᱨᱦᱚᱸ ᱯᱮᱭᱟ ᱵᱚᱢ ᱵᱤᱥᱯᱷᱚᱴ ᱞᱮᱱᱟI
बहुत - से लोगों ने फरवरी की शुरूआत में अलग - अलग हार्डवेयर और सॉफ्टवेयर का इस्तेमाल करके खोज निकाली और मंगलवार को इसकी घोषणा की गयी ।	ᱟᱭᱢᱟ ᱦᱚᱲ ᱯᱷᱟᱹᱜᱩᱱ ᱨᱮᱭᱟᱜ ᱮᱛᱦᱚᱵ ᱫᱷᱟᱹᱵᱤᱡ ᱵᱷᱮᱜᱟᱨ ᱦᱟᱰᱣᱮᱨ ᱟᱨ ᱥᱚᱯᱷᱴᱣᱮᱨ ᱨᱮᱭᱟᱜ ᱵᱮᱵᱷᱟᱨ ᱠᱚᱨᱟᱣ ᱠᱟᱛᱮ ᱠᱷᱚᱡᱽ ᱨᱮᱭᱟᱜ ᱴᱷᱟᱹᱣᱠᱟᱹ ᱠᱮᱜᱼᱟᱭ ᱟᱨ ᱵᱟᱞᱮ ᱢᱟᱦᱟᱸ ᱦᱤᱞᱚᱜ ᱱᱟᱶᱟ ᱨᱮᱭᱟᱜ ᱜᱷᱚᱥᱱᱟ ᱠᱚᱨᱟᱣ ᱦᱩᱭᱮᱱᱟ᱾
एक लेखक के रूप में, उन्होंने 19 पुस्तकें प्रकाशित कीं और 22 नाटक लिखे।	ᱢᱤᱫᱦᱚᱲ ᱚᱱᱚᱞᱤᱭᱟᱹ ᱞᱮᱠᱟᱛᱮ, ᱩᱱᱤᱫᱚ ᱑᱙ ᱜᱚᱴᱟᱝ ᱯᱚᱛᱚᱵ ᱯᱟᱨᱥᱟᱞ ᱟᱠᱟᱫᱟ ᱟᱨ ᱒᱒ ᱜᱚᱴᱟᱝ ᱦᱩᱰᱤᱧ ᱜᱟᱭᱟᱱᱮ ᱚᱞ ᱟᱠᱟᱫᱟ ᱾
सबसे जाना - माना परिवहन चल रहा था, मानव दो लाख साल पहले होमो एथेनुस (जिसका अर्थ है खरे व्यक्‍ति) की चोटी के साथ सीधे चलना शुरू कर दिया ।	ᱯᱩᱭᱞᱩ ᱵᱟᱰᱟᱭ ᱯᱟᱨᱤᱣᱟᱦᱟᱱ ᱪᱟᱞᱟᱜ ᱠᱟᱱ ᱛᱟᱦᱮᱱᱟ, ᱢᱟᱹᱱᱢᱤ ᱫᱚ ᱵᱟᱨ ᱢᱤᱞᱤᱭᱟᱱ ᱥᱮᱨᱢᱟ ᱞᱟᱦᱟ ᱦᱚᱢᱚ ᱤᱨᱮᱠᱴᱟᱥ (ᱢᱮᱱ ᱫᱚ ᱱᱟᱯᱟᱭ ᱦᱚᱲ) ᱟᱜ ᱩᱫᱽᱵᱷᱟᱣ ᱥᱟᱶ ᱥᱚᱡᱷᱮ ᱥᱮᱱᱚᱜ ᱮᱛᱚᱦᱚᱵ ᱦᱩᱭ ᱞᱮᱱᱟ᱾
फिलीपींस में शैक्षणिक ग्रेडिंग: फिलीपींस में विभिन्न प्रकार की विश्वविद्यालय ग्रेडिंग प्रणालियाँ हैं।	ᱯᱷᱤᱞᱤᱯᱟᱭᱤᱱ ᱨᱮ ᱮᱠᱟᱰᱮᱢᱤᱠ ᱜᱨᱮᱰᱤᱝ ᱯᱷᱤᱞᱤᱯᱟᱭᱤᱱ ᱨᱮ ᱟᱭᱢᱟ ᱡᱮᱜᱮᱫᱵᱤᱨᱫᱟᱹᱜᱟᱲ ᱨᱮᱭᱟᱜ ᱜᱨᱮᱰᱤᱝ ᱥᱤᱥᱴᱮᱢ ᱢᱮᱱᱟᱜᱼᱟ ᱾
अक्टूबर 1991 में जब उत्तर पूर्वी और पूर्वी ग्रिड में एक - दूसरे से जुड़े हुए थे, तब पहले एक - दूसरे से जुड़े हुए ग्रिड की स्थापना की गयी ।	᱑᱙᱙᱑ ᱼᱨᱮᱭᱟᱜ ᱚᱠᱴᱚᱵᱚᱨ ᱪᱟᱸᱫᱚᱨᱮ ᱴᱚᱴᱷᱟᱠᱤᱭᱟᱹ ᱵᱤᱡᱽᱞᱤ ᱛᱟᱨ ᱠᱚ ᱯᱳᱭᱞᱳ ᱡᱚᱲᱟᱣ ᱦᱩᱭᱩᱜᱼᱟ, ᱡᱚᱠᱷᱚᱱ ᱩᱛᱛᱚᱨᱼᱯᱩᱨᱵᱚ ᱟᱨ ᱯᱩᱨᱵᱟᱧᱪᱚᱞᱤᱭᱚ ᱵᱤᱡᱽᱞᱤ ᱛᱟᱨ ᱠᱚ ᱡᱚᱲᱟᱣ ᱦᱩᱭᱩᱜᱼᱟ ᱾
पहली पाँच सालों के दौरान, मृत्यु पर आश्‍वासन दिया जाएगा ।	ᱯᱟᱹᱦᱤᱞ ᱢᱚᱸᱲᱮ ᱥᱮᱨᱢᱟᱨᱮ ᱜᱩᱡᱩᱜ ᱦᱩᱭᱞᱮᱱ ᱠᱷᱟᱱ, ᱜᱩᱡᱩᱜ ᱞᱟᱹᱜᱤᱫ ᱵᱤᱢᱟᱹᱣᱟᱠᱟᱱ ᱠᱟᱹᱣᱰᱤ ᱮᱢᱚᱜᱚᱜᱼᱟ ᱾
सन्‌ 1895 में, प्रथम पापो - जापानी युद्ध में हार जाने के बाद (1894-1895) सरकार शिमॉनस्की के उपचार की पुष्टि करती है, जिसके द्वारा यह जापान पर शासन करता है, जो १९४५ तक द्वीप पर शासन करता है ।	᱑᱘᱙᱕ ᱨᱮ, ᱯᱩᱭᱞᱩ ᱥᱤᱱᱳ-ᱡᱟᱱᱤᱡᱽ ᱞᱟᱹᱰᱷᱟᱹᱭ (᱑᱘᱙᱔-᱑᱘᱙᱕) ᱨᱮ ᱵᱟᱝ ᱫᱟᱲᱮᱜ ᱛᱟᱭᱚᱢ, ᱠᱣᱤᱝ ᱥᱚᱨᱠᱟᱨ ᱥᱤᱢᱳᱱᱳᱥᱮᱠᱤ ᱥᱚᱱᱫᱷᱤᱨᱮ ᱥᱩᱦᱤ ᱞᱮᱜᱼᱟᱭ, ᱚᱱᱟᱨᱮ ᱛᱟᱦᱮᱸ ᱠᱟᱱᱟ ᱠᱤ ᱛᱟᱭᱣᱟᱱ ᱨᱮᱭᱟᱜ ᱥᱳᱵᱷᱮᱨᱱᱤᱴᱤ ᱡᱟᱯᱟᱱᱮ ᱦᱟᱛᱟᱣᱟ, ᱡᱟᱦᱟᱸ ᱫᱚ ᱫᱤᱯ ᱨᱮ ᱑᱙᱔᱕ ᱦᱟᱹᱵᱤᱡᱼᱮ‌ ᱥᱟᱥᱚᱱ ᱞᱮᱫᱟ᱾
पचपन	ᱢᱚᱬᱮ ᱜᱮᱞ ᱢᱚᱬᱮ
सभी गुफा प्रवेश द्वार, जो "सात बहनें" नाम से लिए गए थे, व्यास में कम से कम 100 मीटर (3 से 820 फीट) हैं।	ᱡᱷᱚᱛᱚ ᱜᱷᱚᱝᱜᱚᱨ ᱫᱩᱣᱟᱹᱨ, ᱡᱟᱦᱟᱸ ᱫᱚ ᱫᱚ ᱥᱮᱵᱷᱮᱱ ᱥᱤᱥᱴᱚᱨ" ᱠᱚ ᱧᱩᱢ ᱟᱠᱟᱫᱟ, ᱚᱱᱟ ᱠᱚᱨᱮᱱᱟᱜ ᱰᱟᱭᱢᱤᱴᱚᱨ ᱫᱚ ᱚᱛᱤ ᱠᱚᱢᱨᱮ ᱑᱐᱐ ᱠᱷᱚᱱ ᱒᱕᱐ ᱢᱤᱴᱚᱨ (᱓᱒᱘ ᱠᱷᱚᱱ ᱘᱒᱐ ᱯᱷᱩᱴ) ᱦᱩᱭᱩᱜᱼᱟ᱾
राइट का 5 सितंबर 2020 को 104 वर्ष की आयु में निधन हो गया।	ᱨᱟᱭᱤᱴ ᱫᱚ ᱕ ᱥᱮᱯᱴᱮᱢᱵᱚᱨ, ᱒᱐᱒᱐ ᱥᱟᱞ ᱨᱮ ᱑᱐᱔ ᱥᱮᱨᱢᱟ ᱩᱢᱮᱨ ᱨᱮᱭ ᱜᱚᱡ ᱞᱮᱱᱟ ᱾
इसके फलस्वरूप, एक संगठन जो एक बाधा को पार करने के लिए साथ काम कर रहा है की प्रक्रिया ग्राहक की आवश्यकताओं की सेवा करने के लिए एक नयी नयी नयी नयी नयी प्रक्रिया की ओर ले जा सकता है।	ᱛᱮᱞᱟ ᱞᱮᱠᱷᱟᱛᱮ, ᱢᱤᱫ ᱥᱚᱝᱜᱚᱴᱷᱚᱱ ᱨᱮᱭᱟᱜ ᱯᱨᱚᱠᱨᱤᱭᱟᱹ ᱢᱤᱫ ᱵᱟᱹᱫᱷᱟᱹ ᱠᱚ ᱡᱷᱟᱹᱞ ᱠᱚᱨᱟᱣ ᱞᱟᱹᱜᱤᱫ ᱥᱟᱶᱛᱮ ᱠᱟᱹᱢᱤ ᱮᱫᱟᱭ, ᱡᱟᱦᱟᱸᱭ ᱛᱮ ᱜᱽᱨᱟᱦᱚᱠ ᱨᱮᱭᱟᱷ ᱠᱟᱹᱢᱤᱦᱚᱨᱟ ᱠᱚ ᱯᱩᱨᱟᱹᱣ ᱞᱟᱹᱜᱤᱫ ᱢᱤᱫᱴᱟᱹᱝ ᱱᱟᱶᱟ ᱚᱵᱷᱤᱱᱟᱹᱣ ᱯᱨᱚᱠᱨᱤᱭᱟᱹ ᱦᱩᱭ ᱫᱟᱲᱮᱭᱟᱜᱼᱟ᱾
क्या आप नयी हैरतअंगेज़ फिल्म देखना चाहते हैं?	ᱟᱢ ᱠᱤ ᱢᱟᱨᱵᱷᱮᱞᱟᱜᱽ ᱱᱟᱶᱟ ᱥᱤᱱᱟᱹᱢᱟ ᱧᱮᱞᱮᱢ ᱠᱷᱚᱡᱚᱜᱽᱠᱟᱱᱟ ?
सन्‌ 1958 और 1962 एशियाई खेलों में भी उसने सोने का पद हासिल किया ।	ᱚᱱᱟ ᱪᱷᱟᱰᱟ ᱠᱟᱛᱮᱜ ᱩᱱᱤᱫᱚ ᱑᱙᱕᱘ ᱟᱨ ᱑᱙᱖᱒ ᱨᱮᱭᱟᱜ ᱮᱥᱤᱭᱟᱱ ᱜᱮᱢᱥᱨᱮ ᱥᱚᱱᱟᱭ ᱧᱟᱢ ᱟᱠᱟᱫᱟ ᱾
यह चीन, पाकिस्तान, साथ ही भारत के माध्यम से आता है.	ᱱᱚᱶᱟᱫᱚ ᱪᱤᱱ, ᱯᱟᱠᱤᱥᱛᱟᱱ, ᱥᱟᱶ ᱥᱟᱶᱛᱮ ᱵᱷᱟᱨᱚᱛ ᱫᱤᱥᱚᱢ ᱛᱟᱞᱟ ᱛᱮᱦᱚᱸ ᱟᱹᱛᱩ ᱟᱠᱟᱱᱟ ᱾
एआरएम (ARM): हाथ (Arm) शरीर का एक ऊपरी अंग होता है।	ᱮ ᱟᱨ ᱮᱢ ᱫᱚ ᱢᱤᱫᱴᱟᱝ ᱛᱤ ᱨᱮᱭᱟᱜ ᱢᱤᱫᱯᱟᱦᱚᱴᱟ ᱫᱚ ᱦᱩᱭᱩᱜ ᱠᱟᱱᱟ ᱦᱚᱲᱢᱚ ᱨᱮᱭᱟᱜ ᱢᱤᱫᱴᱟᱝ ᱪᱮᱛᱟᱱ ᱨᱮᱭᱟᱜ ᱦᱤᱸᱥ ᱾
और मैं उसे एक संगीत स्कूल में भी भर्ती कर दूँगा.	ᱟᱨ ᱤᱧ ᱩᱱᱤᱤ ᱢᱤᱫᱴᱟᱝ ᱥᱮᱨᱮᱧ ᱟᱥᱲᱟᱨᱮᱧ ᱵᱷᱩᱨᱛᱤ ᱮᱭᱟ ᱾
जैसा कि आप जानते हैं कि मैं एक बहुत यात्रा करता हूँ और बहुत सारे फिल्म देखने के लिए।	ᱟᱢᱮᱢ ᱵᱟᱲᱟᱭᱟ ᱤᱧᱫᱚ ᱟᱹᱰᱤᱧ ᱥᱟᱸᱜᱷᱟᱨᱟ ᱟᱨ ᱥᱤᱱᱟᱹᱢᱟᱦᱚᱸ ᱰᱷᱮᱨ ᱤᱧ ᱧᱮᱞᱟ ᱾
वे दिन के 24 घंटे कंप्यूटर और इंटरनेट की सुविधा प्रदान करते हैं।	ᱩᱝᱠᱩ ᱫᱚ ᱒᱔ ᱴᱟᱬᱟᱝ ᱠᱚᱢᱯᱤᱭᱩᱴᱟᱨ ᱟᱨ ᱤᱱᱴᱟᱨᱱᱮᱴ ᱮᱠᱥᱮᱥ ᱠᱚ ᱚᱯᱷᱟᱨᱟ ᱾
शाफर्ट ने बिल को मजबूर किया था क्योंकि यह रोमी नागरिक के लिए उनके मौजूदा मार्ग को बदल नहीं गया था।	ᱥᱟᱦ ᱡᱳᱨ ᱮᱢᱞᱮᱫᱟ ᱡᱮ, ᱟᱹᱱ ᱫᱚ ᱢᱩᱥᱞᱟᱹ ᱵᱟᱝ ᱵᱤᱨᱩᱫᱷ ᱚᱡᱮᱛᱮ ᱱᱤᱭᱟᱹ ᱩᱱᱠᱩᱣᱟᱜ ᱛᱟᱦᱮᱱ ᱱᱟᱜᱟᱨᱤᱭᱟᱜ ᱰᱟᱦᱟᱨ ᱵᱟᱝ ᱯᱟᱞᱴᱟᱣ ᱞᱮᱫᱟ᱾
क्या आपने कभी इस तरह अध्ययन करने की सोची है?	ᱟᱢ ᱡᱟᱦᱟᱸ ᱛᱤᱥᱮᱢ ᱩᱭᱦᱟᱹᱨ ᱟᱠᱟᱫᱟ ᱱᱚᱝᱠᱟ ᱞᱮᱠᱟᱛᱮᱢ ᱯᱟᱲᱦᱟᱜᱼᱟ ᱢᱮᱱᱛᱮ ?
ᱜᱟᱯᱟ	कल
मैं रिपब्लिक के दिन की एक झलक अपने आप को प्रस्तुत कर रहा हूँ.	ᱤᱧ ᱫᱚ ᱯᱨᱚᱡᱟᱛᱚᱱᱛᱨᱚ ᱫᱤᱵᱚᱥ ᱨᱮᱭᱟᱜ ᱢᱤᱫᱽ ᱡᱷᱚᱞᱚᱠ ᱪᱤᱛᱟᱹᱨ ᱜᱤᱧ ᱟᱸᱠᱮᱫᱟ ᱾
ᱱᱚᱣᱟ ᱫᱚ ᱥᱩᱨ ᱨᱮ ᱜᱮᱭᱟ	यह निकट है
इन जगहों और सार्वजनिक क्षेत्रों में इन इमारतों को बेहतर विकास के लिए और साथ ही निजी क्षेत्र के लिए एक अगुवाई लेनी चाहिए ।	ᱥᱟᱸᱜᱷᱟᱨ ᱨᱮᱭᱟᱜ ᱱᱟᱯᱟᱭ ᱩᱛᱷᱱᱟᱹᱣ ᱞᱟᱹᱜᱤᱫ, ᱱᱚᱶᱟ ᱠᱚ ᱥᱩᱵᱤᱫᱟ ᱫᱚ ᱟᱯᱱᱟᱨ ᱟᱯᱱᱟᱨ ᱴᱚᱴᱷᱟ ᱠᱚᱨᱮ ᱩᱛᱷᱱᱟᱹᱣ ᱦᱩᱭᱩᱜᱼᱟ ᱟᱨ ᱱᱚᱶᱟ ᱞᱟᱹᱜᱤᱫ ᱥᱚᱨᱠᱟᱨᱤ ᱟᱨ ᱵᱮᱥᱚᱨᱠᱟᱨᱤ ᱠᱷᱟᱛ ᱞᱟᱦᱟ ᱦᱤᱡᱩᱜ ᱦᱩᱭᱩᱜ ᱛᱟᱠᱚᱣᱟ ᱾
2010 की जनगणना के अनुसार, वहाँ 32,297 लोग रहते थे।	᱒᱐᱑᱐ ᱥᱟᱞ ᱨᱮᱭᱟᱜ ᱦᱚᱲ ᱞᱮᱠᱷᱟ ᱞᱮᱠᱟᱛᱮ, ᱚᱰᱮ ᱓᱒,᱒᱙᱗ ᱦᱚᱲ ᱠᱚ ᱜᱤᱨᱟᱹᱵᱟᱥᱚᱜ ᱛᱟᱦᱮᱸ ᱾
बादल खाली रखने वाले उपग्रहों की एक पर्याप्त संख्या का अभ्य्य्य्यता एक बड़ा प्रतिबंध है जिसका उपयोग अभिकीय दूरस्थ अनुप्रयोगों के दौरान कृषि अनुप्रयोगों के लिए डेटा का उपयोग करने के लिए।	ᱠᱞᱟᱣᱩᱰᱼᱯᱷᱨᱤ ᱚᱯᱴᱤᱠᱟᱞ ᱥᱮᱴᱮᱞᱟᱭᱤᱴ ᱰᱟᱴᱟᱥᱮᱴ ᱨᱮᱭᱟᱜ ᱟᱹᱰᱤᱜᱟᱱ ᱞᱮᱠᱷᱟ ᱵᱟᱝᱧᱟᱢᱚᱜᱚᱜ ᱫᱚ ᱵᱟᱹᱨᱥᱟᱹ ᱢᱚᱨᱥᱩᱢ ᱚᱠᱛᱮ ᱨᱮ ᱪᱟᱥ ᱮᱯᱯᱞᱤᱠᱮᱥᱚᱱ ᱞᱟᱹᱜᱤᱛ ᱚᱯᱴᱤᱠᱟᱞ ᱨᱤᱢᱳᱴ ᱥᱮᱱᱥᱤᱝ ᱰᱟᱴᱟ ᱵᱮᱵᱚᱦᱟᱨ ᱞᱟᱹᱜᱤᱫ ᱢᱤᱴᱴᱮᱱ ᱢᱟᱨᱟᱝ ᱟᱱᱟᱴ ᱠᱟᱱᱟ ᱾
कैसे आप एक सवारी के लिए समय का प्रबंधन करने के लिए जा रहे हैं?	ᱨᱟᱭᱤᱰ ᱪᱟᱞᱟᱜ ᱞᱟᱹᱜᱤᱫ ᱚᱠᱛᱚ ᱪᱮᱠᱟᱛᱮᱢ ᱜᱚᱴᱟᱭᱟ ᱾
कंपनी को गूगल ने 40 करोड़ पाउंड में खरीदा था।	ᱠᱳᱢᱯᱟᱹᱱᱤ ᱫᱚ ᱜᱩᱜᱚᱞ ᱔᱐᱐ ᱤᱭᱩᱨᱳ ᱢᱤᱞᱤᱭᱚᱱ ᱛᱮᱭ ᱦᱟᱛᱟᱣ ᱟᱠᱟᱫᱟ ᱾
ब्लॉगर विद्यार्थी को लिखने में भी मदद कर सकते हैं ।	ᱵᱞᱚᱜᱽ ᱜᱤᱫᱽᱨᱟᱹ ᱠᱚᱣᱟᱜ ᱚᱞ ᱠᱚ ᱵᱮᱥ ᱛᱮᱭᱟᱨ ᱨᱮ ᱜᱚᱲᱚ ᱮᱢ ᱫᱟᱲᱮᱭᱟᱜᱼᱟᱭ᱾ ᱦᱮᱞᱮ ᱪᱮᱪᱮᱫᱤᱭᱟᱹ ᱫᱚ ᱟᱠᱚᱣᱟᱜ ᱵᱞᱚᱜᱽ ᱨᱮᱭᱟᱜ ᱚᱱᱩᱵᱷᱚᱣ ᱨᱮᱭᱟᱜ ᱮᱛᱦᱚᱵ ᱠᱷᱟᱨᱟᱯ ᱨᱚᱱᱚᱲ ᱞᱟᱹᱜᱤᱫ ᱟᱨ ᱣᱚᱨᱱᱤᱛ ᱥᱟᱶᱛᱮ ᱠᱚᱨᱟᱣ ᱮᱫᱟᱭ, ᱫᱚᱨᱥᱚᱠ ᱨᱮᱭᱟᱜ ᱛᱟᱦᱮᱸᱱ ᱠᱚ ᱚᱱᱰᱮ ᱢᱚᱱᱮ ᱠᱚ ᱵᱚᱫᱚᱞᱚᱜ ᱛᱟᱠᱚᱣᱟ᱾
पिछले महीने ईरान ने सालों में अपनी सबसे बुरी हवा की तबाही देखी जब एक हवाई - जहाज़ी विमान - चालक दल ने मॉस्को जाने की कोशिश की, जो पट्ट पर १68 मार रहा था ।	ᱞᱟᱦᱟ ᱪᱟᱸᱫᱚ ᱤᱨᱟᱱ ᱫᱚ ᱥᱮᱨᱢᱟ ᱨᱮ ᱟᱡᱟᱜ ᱥᱟᱱᱟᱢ ᱠᱷᱚᱱ ᱵᱟᱹᱲᱤᱡ ᱦᱚᱭ ᱟᱯᱫᱟ ᱧᱮᱞ ᱠᱮᱫᱼᱟᱭ ᱡᱚᱠᱷᱚᱱ ᱟᱨᱢᱮᱱᱤᱭᱟ ᱪᱟᱞᱟᱜ ᱠᱟᱱ ᱛᱟᱦᱮᱱ ᱢᱤᱫ ᱩᱰᱟᱹᱱ ᱜᱟᱹᱰᱤ ᱢᱟᱨᱟᱝ ᱜᱷᱟᱴᱚᱱ ᱦᱩᱭ ᱮᱱᱟ, ᱚᱱᱟ ᱨᱮ ᱑᱖᱘ ᱦᱚᱲ ᱠᱚ ᱜᱚᱡ ᱮᱱᱟ᱾
फल विक्रेता ने आम काटा और जब उसमें से भृंग (कीड़ा) रेंगता हुआ बाहर निकला तो मैं सिहर उठा।	ᱡᱚ ᱟᱹᱠᱷᱨᱤᱧᱤᱭᱟᱹ ᱩᱞᱼᱮ ᱜᱮᱫ  ᱠᱮᱫᱟ ᱟᱨ ᱩᱨᱩᱭ ᱛᱟᱲᱟᱢ ᱩᱰᱩᱠᱮᱱ ᱠᱷᱟᱱ ᱤᱧ ᱫᱩᱧ ᱵᱚᱛᱚᱨ ᱩᱛᱟᱹᱨ ᱮᱱᱟ ᱾
हमारी ग्राहक सेवा पर कॉल करने के लिए धन्यवाद। हमें मदद करने में खुशी होगी।	ᱟᱞᱮᱭᱟᱜ ᱜᱟᱦᱟᱠ ᱥᱮᱣᱟᱨᱮ ᱠᱚᱞ ᱞᱟᱹᱜᱤᱫᱛᱮ ᱟᱭᱢᱟ ᱥᱟᱨᱦᱟᱣ ᱾ ᱜᱚᱲᱚ ᱠᱟᱛᱮᱫ ᱟᱞᱮ ᱫᱚ ᱨᱟᱹᱥᱠᱟᱹ ᱞᱮ ᱵᱩᱡᱷᱮᱫᱟ ᱾
वह स्विट्जरलैंड की फ्री डेमोक्रेटिक पार्टी की सदस्य थीं।	ᱩᱱᱤ ᱫᱚ ᱥᱩᱭᱡᱟᱨᱞᱮᱹᱱᱰ ᱨᱮᱱ ᱯᱷᱨᱤ ᱰᱮᱢᱳᱠᱨᱮᱴᱤᱠ ᱯᱟᱨᱴᱤ ᱨᱮᱱ ᱨᱟᱹᱥᱭᱟᱹᱭ ᱛᱟᱦᱮᱸ ᱠᱟᱱᱟ ᱾
यह एक गतिशील बाजार निवेश से उनकी रक्षा कैसे करता है?	ᱪᱮᱫ ᱞᱮᱠᱟᱛᱮ ᱱᱚᱶᱟ ᱫᱚ ᱪᱟᱞᱟᱜᱠᱟᱱ ᱵᱟᱡᱟᱨ ᱨᱮᱭᱟᱜ ᱥᱚᱯᱚᱦᱚᱫ ᱠᱟᱹᱣᱰᱤ ᱠᱷᱚᱱ ᱮ ᱵᱟᱧᱪᱟᱣᱼᱟ ᱾
अंतर्राष्ट्रीय अधिकारियों का अर्थ है कि नए हवाई जहाज़ को ख़रीद नहीं सकते ।	ᱡᱮᱜᱮᱛᱤᱭᱟᱹᱨᱤ ᱯᱨᱚᱛᱤᱵᱚᱸᱫᱷ ᱨᱮᱱᱟᱜ ᱢᱮᱱᱮᱛ ᱫᱚ ᱠᱟᱱᱟ ᱡᱮ ᱱᱟᱶᱟ ᱩᱰᱟᱹᱱ ᱜᱟᱹᱰᱤ ᱵᱟᱝ ᱦᱟᱛᱟᱣ ᱦᱩᱭ ᱫᱟᱲᱮᱭᱟᱜᱼᱟ᱾
मेरे पास इक्यावन सेब हैं।	ᱤᱧ ᱴᱷᱮᱱ ᱢᱚᱬᱮ ᱜᱮᱞ ᱢᱤᱫ ᱜᱚᱴᱟᱝ ᱟᱢᱚᱞ ᱢᱮᱱᱟᱜᱼᱟ ᱠᱚᱣᱟ।
वे उनका पता, फोन नंबर, कार्यस्थल या तस्वीर ढूंढ सकते हैं।	ᱩᱝᱠᱩ ᱫᱚ ᱩᱝᱠᱩᱣᱟᱜ ᱴᱷᱤᱠᱟᱹᱱᱟ, ᱯᱷᱳᱱ ᱱᱚᱢᱵᱚᱨ, ᱠᱟᱹᱢᱤ ᱴᱷᱟᱸᱣ ᱥᱮ ᱪᱤᱛᱟᱹᱨ ᱠᱚ ᱥᱮᱸᱫᱨᱟ ᱧᱟᱢ ᱫᱟᱲᱮᱭᱟᱜᱼᱟ ᱾
केवल जब वह Amuundan की निराशा की हद को महसूस करता है ... ... ... अपनी मनोवृत्ति बदल जाता है और इस दुनिया में कुशल कार्यवाही के रहस्य सिखाना शुरू कर देता है.	ᱩᱱᱤ ᱡᱚᱠᱷᱚᱱ ᱚᱨᱡᱩᱱᱟᱜ ᱨᱟᱯᱩᱫ ᱟᱠᱟᱱ ᱟᱸᱥ ᱨᱮᱭᱟᱜ ᱥᱤᱢᱟᱹᱭ ᱵᱩᱡ ᱠᱮᱫᱟ ᱩᱱᱜᱮ ᱠᱨᱤᱥᱱᱚ ᱟᱡᱟᱜ ᱩᱭᱦᱟᱹᱨᱮ ᱵᱚᱫᱚᱞ ᱠᱮᱫᱟ ᱮ ᱱᱚᱣᱟ ᱫᱷᱟᱹᱨᱛᱤᱨᱮ ᱫᱦᱚᱨᱚᱢ ᱠᱚᱨᱚᱢ ᱨᱮᱭᱟᱜ ᱵᱷᱤᱛᱨᱤ ᱠᱟᱛᱷᱟ ᱪᱮᱪᱮᱫ ᱮ ᱮᱦᱚᱵ ᱠᱮᱫᱟ ᱾
अहमद फगीह का जन्म 1942 में मिजदा, लीबिया में हुआ था।	ᱟᱦᱚᱢᱮᱫ ᱯᱷᱟᱜᱤᱦᱚ ᱑᱙᱔᱒ ᱥᱟᱞ ᱨᱮ ᱞᱤᱵᱤᱭᱟᱨ ᱢᱤᱡᱫᱟᱛ ᱨᱮᱭ ᱡᱟᱱᱟᱢ ᱞᱮᱱᱟ ᱾
तीस	ᱯᱮ ᱜᱮᱞ
अब, अपनी बेटी के लिए, वह दो दस्तावेज़ों को तैयार करना होगा.	ᱱᱮᱛᱚᱜ, ᱟᱢᱨᱮᱱ ᱠᱤᱲᱤ ᱞᱟᱹᱜᱤᱫ, ᱩᱱᱤ ᱵᱟᱨᱭᱟ ᱱᱚᱛᱷᱤ ᱮᱢᱚᱜ ᱦᱩᱭᱩᱜ ᱛᱟᱢᱟ ᱾
बायरन और केली ने सेबास्टोपोल छोड़ दिया और देश भर से होते हुए ग्लेनरोवन चले गए।	ᱵᱟᱭᱨᱱ ᱟᱨ ᱠᱮᱞᱤ ᱫᱚ ᱥᱮᱵᱟᱥᱴᱳᱯᱚᱞ ᱵᱟᱹᱜᱤ ᱠᱟᱛᱮ ᱜᱚᱴᱟ ᱫᱤᱥᱚᱢ ᱜᱞᱮᱱᱨᱳᱭᱟᱱ ᱨᱮᱭᱟᱜ ᱡᱚᱥ ᱛᱮᱠᱤᱱ ᱥᱟᱸᱜᱷᱟᱨ ᱞᱮᱫᱟ ᱾
मेरे स्कूल के शिक्षक बहुत मिलनसार और सहज हैं और मुझे अपनी पढ़ाई में आनंद आता है।	ᱤᱧᱟᱹᱜ ᱵᱤᱨᱫᱟᱹᱜᱟᱲ ᱨᱮᱱ ᱥᱮᱪᱮᱫᱤᱭᱟᱹ ᱠᱚ ᱟᱹᱰᱤ ᱥᱟᱡᱟᱹᱣᱟᱱ ᱟᱨ ᱤᱧ ᱤᱧᱟᱹᱜ ᱯᱟᱲᱦᱟᱣ ᱠᱚ ᱢᱟᱱᱟᱣᱼᱟ ᱾
खेल कला, नृत्य, क्रिकेट, इत्यादि कर रहे हैं कुछ अच्छे खेल वह कोशिश कर सकते हैं.	ᱩᱱᱤᱫᱚ ᱢᱟᱨᱥᱟᱞ ᱟᱨᱴᱥ,ᱯᱟᱭᱨᱟᱜ,ᱠᱨᱤᱠᱮᱴ ᱮᱢᱟᱱ ᱛᱮᱭᱟᱜ ᱵᱷᱟᱜᱮ ᱠᱷᱮᱞᱚᱱᱰ ᱠᱚᱭ ᱨᱤᱠᱟᱹ ᱫᱟᱲᱮᱭᱟᱜᱼᱟ ᱾
क्या तुमने काई कानाथ मंदिर देखा था?	ᱟᱢ ᱠᱳᱭᱞᱟᱥᱱᱟᱛᱷ ᱢᱚᱱᱫᱤᱨ ᱮᱢ ᱧᱮᱞ ᱟᱠᱟᱫᱟ ?
एक टी. वी.	ᱴᱮᱞᱤᱵᱷᱤᱥᱚᱱ ᱨᱮᱭᱟᱜ ᱨᱤᱢᱚᱴ ᱞᱮᱠᱟᱱᱟᱜ, ᱠᱚᱱᱴᱨᱳᱞᱟᱨ ᱫᱚ ᱛᱷᱨᱤ-ᱰᱟᱭᱢᱮᱱᱥᱟᱱ ᱡᱟᱭᱜᱟ ᱨᱮ ᱚᱱᱟ ᱨᱮᱭᱟᱜ ᱴᱷᱟᱶ ᱯᱮᱠᱚᱬᱟᱠᱟᱨ ᱠᱚᱨᱟᱣ ᱞᱟᱹᱜᱤᱫ ᱵᱮᱵᱷᱟᱨᱤᱭᱟᱹ ᱟᱜ ᱴᱮᱞᱤᱵᱷᱤᱥᱚᱱ ᱥᱩᱨ ᱨᱮ ᱵᱟᱨᱭᱟ ᱥᱮᱱᱥᱟᱨ ᱮ ᱵᱮᱵᱷᱟᱨᱟ᱾
क्या यह आदमी अच्छा है?	ᱪᱮᱫ ᱱᱚᱣᱟ ᱦᱚᱲ ᱱᱟᱯᱟᱭ ᱠᱟᱱᱟ?
अनरी साकागुची एक जापानी वैरायटी एंटरटेनर हैं जिनका प्रतिनिधित्व एविला द्वारा किया जाता है।	ᱮᱹᱱᱤ ᱥᱟᱠᱟᱜᱩᱪᱤ ᱫᱚ ᱦᱩᱭᱩᱜ ᱠᱟᱱᱟ ᱢᱤᱫᱴᱟᱝ ᱡᱟᱯᱟᱱᱤ ᱵᱷᱮᱱᱮᱜᱟᱨ ᱨᱮᱭᱟᱜ ᱨᱟᱹᱥᱠᱟᱹᱣᱟᱱᱟᱜ ᱡᱟᱸᱦᱟᱫᱚ ᱮᱹᱵᱷᱤᱞᱟ ᱫᱟᱨᱟᱭᱛᱮ ᱢᱟᱲᱛᱮ ᱞᱮᱱᱟ ᱾
मैं इस साल से एक विदेशी भाषा लेने के लिए है.	ᱤᱧ ᱱᱚᱶᱟ ᱥᱮᱨᱢᱟ ᱠᱷᱚᱱ ᱢᱤᱫᱴᱟᱝ ᱵᱤᱞᱟᱹᱛ ᱯᱟᱹᱨᱥᱤ ᱦᱟᱛᱟᱣ ᱦᱩᱭᱩᱜ ᱛᱤᱧᱟᱹ ᱾
एनसीडी ए. डी. डी.	ᱵᱟᱝᱤᱪᱟᱹᱲᱚᱜ ᱨᱩᱣᱟᱹ ᱥᱟᱶ ᱡᱟᱸᱜᱮ ᱫᱟᱨᱟᱢ ᱞᱟᱹᱜᱤᱫ ᱮᱱᱹᱥᱤᱹᱰᱤ ᱡᱚᱴ ᱢᱚᱴᱟᱢᱩᱴᱤ ᱞᱮᱠᱟᱛᱮ ᱙᱐᱐ᱴᱤ ᱡᱟᱛᱤᱭᱟᱹᱨᱤ ᱨᱟᱹᱥᱤᱭᱟᱹ ᱥᱚᱢᱤᱛᱤ ᱢᱤᱫᱥᱟᱶᱛᱮᱭ ᱟᱹᱜᱩᱭᱮᱫᱟ ᱾
ऐसा लगता है कि सीईओ धोखेबाज था और वह बहुत सारा पैसा लेकर फरार हो गया (दोस्त 2)।	ᱧᱮᱞᱛᱮ ᱢᱚᱱᱮ ᱦᱩᱭᱩᱜ ᱠᱟᱱᱟ ᱥᱤ ᱤ ᱳ ᱢᱤᱫ ᱦᱚᱲ ᱵᱮᱼᱵᱟᱹᱲᱤᱡ ᱦᱚᱲ ᱮ ᱛᱟᱦᱮᱸ ᱠᱟᱱᱟ ᱟᱨ ᱩᱱᱤ ᱫᱚ ᱟᱭᱢᱟ ᱴᱟᱠᱟ ᱟᱛᱮᱭ ᱫᱟᱹᱲ ᱟᱠᱟᱫᱟ (ᱜᱟᱛᱮ ᱒)
एटीआई ने सन्‌ 1996 में लैपटॉप के लिए 3D-izओं का परिचय देने के द्वारा मोबाइल सेक्टर क्षेत्र में प्रवेश किया.	᱑᱙᱙᱖ᱼᱨᱮ ᱞᱮᱯᱴᱚᱯᱨᱮ ᱓ᱰᱤᱼᱜᱨᱟᱯᱷᱤᱠ ᱜᱚᱛᱤᱵᱟᱲᱦᱟᱣ ᱯᱚᱨᱛᱚᱱ ᱦᱚᱛᱮᱛᱮ ᱮᱴᱤᱟᱭ ᱫᱚ ᱪᱟᱞᱟᱜᱽᱠᱟᱱ ᱠᱚᱢᱯᱤᱭᱩᱴᱤᱝ ᱵᱤᱵᱷᱟᱹᱜᱨᱮᱭ ᱵᱚᱞᱚᱭᱮᱱᱟ ᱾
यह आंदोलन थोरो, लियो टॉल्स्टॉय और एलिस रेक्लस से प्रभावित था।	ᱟᱸᱫᱳᱲ ᱫᱚ ᱛᱷᱳᱨᱳ, ᱞᱤᱣ ᱴᱚᱞᱥᱴᱚᱭ ᱟᱨ ᱮᱞᱤᱥᱤ ᱨᱮᱠᱞᱟᱥ ᱫᱟᱨᱟᱭᱛᱮ ᱮᱥᱮᱨ ᱞᱮᱱᱟ ᱾
मैंने यूपीएससी की तैयारी के लिए एक साल का ब्रेक लिया लेकिन फिर भी इसे पास नहीं कर पाया। अब मैं क्या करूँ?	ᱤᱧ ᱫᱚ ᱤᱭᱩ ᱯᱤ ᱮᱥ ᱥᱤ ᱨᱮᱭᱟᱜ ᱥᱟᱯᱲᱟᱣ ᱞᱟᱹᱜᱤᱫ ᱢᱤᱫ ᱥᱮᱨᱢᱟ ᱪᱷᱩᱴᱤᱧ ᱦᱟᱛᱟᱣ ᱞᱮᱫᱟ ᱢᱮᱱᱠᱷᱟᱱ ᱱᱤᱛᱦᱚᱸ ᱚᱱᱟ ᱵᱟᱹᱧ ᱯᱟᱥ ᱫᱟᱲᱮᱭᱟᱠᱟᱫᱟ ᱾ ᱱᱤᱛᱚᱜ ᱤᱧ ᱫᱚ ᱪᱮᱫᱤᱧ ᱪᱮᱠᱟᱭᱟ ?
मैं 10 मील तक तैरने में सक्षम था लेकिन अब मैं 1 मील के बाद ही थक जाता हूँ।	ᱤᱧ ᱫᱚ ᱢᱟᱲᱟᱝ ᱨᱮ ᱑᱐ ᱢᱟᱭᱤᱞᱤᱧ ᱯᱟᱭᱨᱟ ᱫᱟᱲᱮᱭᱟᱜ ᱠᱟᱱ ᱛᱟᱦᱮᱠᱟᱱᱟ ᱢᱮᱱᱠᱷᱟᱱ ᱱᱤᱛᱚᱜ ᱤᱧ ᱫᱚ ᱑ ᱢᱟᱭᱤᱞ ᱛᱟᱭᱚᱢᱤᱧ ᱞᱟᱝᱜᱟᱜ ᱠᱟᱱᱟ ᱾
मैं तुम्हारे लिए कुछ और कर सकते हैं?	ᱟᱢ ᱞᱟᱹᱜᱤᱫ ᱟᱨ ᱡᱟᱦᱟᱱᱟᱜ ᱤᱧ ᱪᱤᱠᱟᱹ ᱫᱟᱲᱮᱭᱟᱜᱼᱟ ?
वहाँ इस्लामी इमारत के बारे में क्या?	ᱚᱸᱰᱮᱱᱟᱜ ᱢᱩᱥᱞᱟᱹ ᱠᱩᱸᱫᱟᱹᱣ ᱠᱟᱹᱨᱤ ᱨᱮᱭᱟᱜ ᱫᱚ ᱪᱮᱫ ᱦᱩᱭᱩᱜᱼᱟ ?
मुझे नहीं पता था कि यह कहाँ उपलब्ध था.	ᱚᱠᱟᱨᱮ ᱧᱟᱢᱚᱜᱼᱟ ᱚᱱᱟ ᱵᱟᱹᱧ ᱵᱟᱰᱟᱭ ᱠᱟᱱ ᱛᱟᱦᱮᱸ ᱾
कृपया मेरे फोन नंबर नीचे ध्यान दें.	ᱤᱧᱟᱜ ᱯᱷᱳᱱ ᱱᱚᱢᱵᱚᱨ ᱚᱞ ᱫᱚᱦᱚᱭ ᱢᱮ ᱾
हह ने विकासशील देशों को प्रोत्साहित किया "पहले प्रदूषण के पुराने रास्ते से दूर रहने के लिए और बाद में साफ सफाई."	ᱦᱩ ᱫᱚ ᱵᱤᱠᱥᱤᱛᱟᱜ ᱫᱤᱥᱟᱢ ᱠᱚ "ᱢᱟᱨᱮ ᱛᱚᱨᱠᱟ ᱨᱮᱭᱟᱜ ᱵᱟᱹᱲᱤᱡ ᱦᱚᱨ ᱠᱷᱚᱱ ᱵᱟᱸᱪᱟᱣ ᱟᱨ ᱛᱟᱭᱟᱢ ᱛᱮ ᱥᱟᱯᱷᱟ ᱯᱩᱨᱟᱹᱣ ᱞᱟᱹᱜᱤᱫ" ᱥᱟᱨᱦᱟᱣ ᱪᱟᱞ ᱟᱫ ᱠᱚᱣᱟᱭ᱾
मुझे अपने मोबाइल पर यह संदेश क्यों मिला कि गैस एजेंसी ने मेरा ऑर्डर रद्द कर दिया है?	ᱪᱮᱫᱟᱜ ᱤᱧᱟᱹᱜ ᱢᱳᱵᱟᱭᱤᱞ ᱨᱮ ᱢᱤᱫᱴᱟᱝ ᱰᱚᱜᱚᱨ ᱤᱧ ᱧᱟᱢ ᱟᱠᱟᱫᱟ ᱡᱮ ᱜᱮᱥ ᱮᱡᱮᱱᱥᱤ ᱤᱧᱟᱹᱜ ᱚᱰᱟᱨ ᱫᱚᱭ ᱵᱟᱹᱛᱤᱞ ᱟᱠᱟᱫᱟ ᱾
लिटरी कला उन साहित्यों के कार्य हैं जो शैली, प्रसंग, अक्षर, या कहानी में सुंदर हैं ।	ᱥᱟᱶᱦᱮᱫ ᱠᱟᱹᱨᱤ ᱫᱚ ᱦᱩᱭᱩᱜ ᱠᱟᱱᱟᱱ ᱥᱟᱶᱦᱮᱫ ᱨᱮᱭᱟᱜ ᱠᱟᱹᱢᱤ ᱡᱟᱦᱟᱸᱫᱚ ᱦᱚᱨᱟ,ᱥᱟᱛᱟᱢ,ᱪᱚᱨᱤᱛ ᱥᱮ ᱱᱟᱯᱟᱭ ᱠᱟᱹᱦᱤᱱᱤ ᱾ ᱥᱮᱨᱮᱧ ᱚᱱᱢᱦᱮ, ᱜᱟᱭᱟᱱ, ᱦᱩᱰᱤᱧ ᱠᱟᱹᱦᱤᱱᱤ ᱟᱨ ᱜᱟᱢᱟᱢ ᱥᱟᱱᱟᱢ ᱜᱮ ᱫᱟᱹᱭᱠᱟᱹ ᱠᱟᱱᱟ ᱾
इस कमीज का डिज़ाइन इतना डरावना (अजीब) है कि मैं इसे अपने जीवन में कभी नहीं पहनूंगा।	ᱱᱚᱶᱟ ᱟᱸᱜᱨᱚᱯ ᱨᱮᱭᱟᱜ ᱱᱚᱠᱥᱟ ᱱᱩᱱᱟᱹᱜ ᱜᱮ ᱵᱚᱛᱚᱨᱟᱱ ᱡᱮ ᱤᱧ ᱫᱚ ᱤᱧᱟᱜ ᱡᱤᱵᱚᱱ ᱨᱮ ᱱᱚᱣᱟ ᱵᱟᱹᱧ ᱦᱚᱨᱚᱜᱼᱟ ᱾
वे दिन में चारों ओर की सतह से ज़्यादा गर्म हैं और रात में गर्म हैं ।	ᱩᱱᱠᱩ ᱫᱚ ᱫᱤᱱ ᱵᱮᱲᱟ ᱟᱠᱚ ᱥᱩᱨ ᱥᱩᱯᱩᱨ ᱥᱚᱨᱯᱷᱮᱥ ᱠᱷᱚᱱ ᱨᱮᱭᱟᱲ ᱟᱨ ᱧᱤᱫᱟᱹ ᱫᱚ ᱩᱨᱜᱩᱢ ᱠᱚ ᱛᱟᱦᱮᱱ ᱠᱟᱱᱟ᱾
इसमें वोल्गेमुट कार्यशाला द्वारा बनाए गए 1,809 वुडकैट चित्र थे।	ᱳᱞᱡᱮᱢᱩᱴ ᱳᱣᱟᱨᱠᱥᱚᱯ ᱨᱮᱭᱟᱜ ᱑,᱘᱐᱙ ᱜᱚᱴᱟᱝ ᱠᱟᱴᱷ ᱢᱟᱜ ᱨᱮᱭᱟᱜ ᱪᱤᱛᱟᱹᱨ ᱛᱟᱦᱮᱸ ᱠᱟᱱᱟ ᱱᱚᱶᱟ ᱨᱮ ᱾
यह डॉवडा भवन में पूरी तरह से है.	ᱱᱚᱶᱟᱫᱚ ᱯᱩᱨᱟᱹᱜᱮ ᱫᱨᱟᱵᱤᱲ ᱵᱮᱱᱟᱣ ᱠᱟᱹᱨᱤ ᱠᱟᱱᱟ ᱾
आप उन लोगों को जानते हैं जिनमें वे असली खेल खिलाड़ियों की कहानी बता रहे हैं।	ᱟᱢᱮᱢ ᱵᱟᱰᱟᱭᱟ ᱩᱱᱠᱩᱫᱚ ᱥᱟᱹᱨᱤᱱ ᱠᱷᱮᱞ ᱠᱷᱮᱞᱚᱸᱰᱤᱭᱟᱹ ᱠᱚᱣᱟᱜ ᱠᱟᱹᱦᱤᱱᱤᱠᱚ ᱞᱟᱹᱭᱟ ᱾
इस शहर को दो मुख्य स्रोतों से पानी मिलता है: पानी और ज़मीन के पानी की सतह पर पानी और पानी की ज़रूरत पूरी करने के लिए ।	ᱫᱮᱨᱟᱫᱩᱱ ᱥᱟᱦᱟᱨ ᱟᱭᱟᱜ ᱪᱟᱹᱦᱤᱫᱟ ᱢᱮᱴᱟᱣ ᱞᱟᱹᱜᱤᱫ ᱛᱮ ᱵᱟᱨᱭᱟ ᱮᱛᱚᱦᱚᱵ ᱯᱷᱮᱰᱟᱛ ᱠᱷᱚᱱ ᱧᱩᱭ ᱫᱟᱜ ᱠᱚ ᱧᱟᱢᱟ ᱦᱟᱥᱟᱞᱟᱛᱟᱨ ᱨᱮᱭᱟᱜ ᱫᱟᱜ ᱟᱨ ᱫᱷᱟᱹᱨᱛᱤ ᱞᱟᱛᱟᱨ ᱨᱮᱭᱟᱜ ᱫᱟᱜ ᱾
दूसरी बातों में, शिक्षक का एक रूप है, लेकिन इसलिए यह Microsoft कार्यालय में छोटे कागजी आदमी है ।	ᱥᱠᱟᱯᱷᱳᱞᱰ ᱫᱚ ᱵᱟᱱᱟᱨ ᱵᱷᱚᱨᱪᱩᱣᱟᱞ ᱟᱨ ᱥᱟᱹᱨᱤ ᱦᱚᱸ ᱦᱩᱭ ᱫᱟᱲᱮᱭᱟᱜ-ᱟ, ᱮᱴᱟᱜ ᱢᱮᱱᱮᱛ ᱛᱮ, ᱢᱤᱫ ᱢᱟᱪᱮᱛ ᱫᱚ ᱥᱠᱟᱯᱷᱳᱞᱰ ᱨᱤᱱᱤᱡ ᱢᱤᱫ ᱯᱷᱚᱨᱢ ᱠᱟᱱᱟᱭ ᱢᱮᱱᱠᱷᱟᱱ ᱢᱟᱭᱠᱨᱳᱥᱚᱯᱷᱴ ᱚᱯᱷᱤᱥ ᱨᱮᱭᱟᱜ ᱠᱟᱹᱴᱤᱡ ᱯᱮᱯᱚᱨᱠᱞᱤᱯ ᱦᱚᱸ᱾
तारीफ के लिए धन्यवाद.	ᱥᱟᱨᱦᱟᱣ ᱞᱟᱹᱜᱤᱫᱛᱮ ᱟᱭᱢᱟ ᱥᱟᱨᱦᱟᱣ ᱾
वह अपनी जनजाति, टकेल्मा की सबसे बुजुर्ग सदस्य थीं।	ᱩᱱᱤ ᱫᱚᱭ ᱛᱟᱦᱮᱸ ᱠᱟᱱᱟ ᱟᱡᱟᱜ ᱯᱟᱹᱨᱤᱥ ᱨᱮᱱ ᱢᱟᱨᱮᱱ ᱩᱛᱟᱹᱨ ᱨᱟᱹᱥᱤᱭᱟᱹ, ᱴᱟᱠᱮᱞᱚᱢᱟ ᱾
मैं इस बार यात्रा पर नहीं आ पाऊँगा। मुझे रविवार तक एक असाइनमेंट जमा करना है।	ᱱᱚᱣᱟ ᱚᱠᱛᱚ ᱟᱨ ᱥᱟᱸᱜᱷᱟᱨ ᱨᱮ ᱵᱟᱹᱧ ᱦᱮᱡ ᱫᱟᱲᱮᱭᱟᱜᱼᱟ ᱾ ᱤᱧ ᱫᱚ ᱨᱳᱵ ᱵᱟᱨ ᱢᱩᱫᱨᱮ ᱢᱤᱫᱴᱟᱝ ᱮᱥᱟᱭᱮᱱᱢᱮᱱᱴ ᱡᱚᱢᱟ ᱦᱩᱭᱩᱜ ᱛᱤᱧᱟ ᱾
मैं उस मुख्य अहाते में इंतजार करेंगे जो द्वार के बहुत करीब है.	ᱤᱧ ᱫᱚ ᱢᱩᱞ ᱠᱮᱢᱯᱟᱥᱨᱮᱧ ᱛᱟᱹᱜᱤᱭᱟ ᱡᱟᱦᱟᱸ ᱫᱚ ᱵᱚᱞᱚᱱ ᱜᱮᱴ ᱠᱷᱚᱱ ᱟᱹᱰᱤᱜᱤ ᱥᱩᱨ ᱜᱮᱭᱟ ᱾
वे शिक्षा, टीम कार्य, इत्यादि के बारे में भी सीखते हैं ।	ᱩᱝᱠᱩ ᱫᱚ ᱟᱹᱨᱤᱪᱟᱹᱞᱤ, ᱴᱤᱢᱨᱮ ᱠᱟᱹᱢᱤ, ᱮᱢᱟᱱᱛᱮᱭᱟᱜᱽᱠᱩ ᱦᱚᱸ ᱠᱩ ᱪᱮᱫᱽᱫᱟᱲᱮᱭᱟᱜᱼᱟ ᱾
सूप पर फ्रांसीसी ध्वनि दिलचस्प लगता है तो हम उस में से दो होगा.	ᱯᱷᱨᱮᱧᱪ ᱯᱤᱭᱟᱸᱡᱽ ᱥᱩᱯᱫᱚ ᱵᱮᱥ ᱜᱮ ᱟᱸᱡᱚᱢᱚᱜ ᱠᱟᱱᱟ ᱚᱱᱟᱛᱮ ᱟᱞᱮᱴᱷᱮᱱ ᱱᱚᱶᱟᱠᱤᱱ ᱨᱮᱭᱟᱜ ᱵᱟᱱᱟᱨᱜᱮ ᱛᱟᱦᱮᱱᱟ ᱾
Mution नई आनुवंशिक परिवर्तनों को जोड़ता है, और चयन इसे व्यक्‍त किए गए परिवर्तनों के पूल से हटा देता है.	ᱢᱤᱭᱩᱴᱮᱥᱚᱱ ᱱᱟᱶᱟ ᱡᱮᱱᱮᱴᱤᱠ ᱣᱮᱨᱤᱮᱥᱚᱱ ᱮ ᱟᱹᱜᱩᱭᱟᱭ, ᱟᱨ ᱵᱟᱪᱷᱟᱣ ᱫᱚ ᱯᱟᱥᱱᱟᱣᱟᱜ ᱣᱮᱨᱤᱮᱥᱚᱱ ᱨᱮᱭᱟᱜ ᱯᱩᱞ ᱠᱷᱚᱱ ᱚᱪᱚᱜᱟᱭ᱾
NSDLP-PELP-PEREPPENTENTITITC सेवा सीमा और UTITIC सेवा सेवा विभाग के प्रबंधन के रूप में सेवा प्रदान किया गया है जैसे कि अनुप्रयोगों के काम चलाने के लिए प्रबंधन, सेवा विभाग, सेवा विभाग के विवरणों, निवेशकों, पत्रों के विवरणों, और पत्रों के विवरणों के रूप में, और पत्र पत्र पत्र पत्रों के साथ, और फिर पत्र मेल, और फिर पत्र की अनुमति दी गई है।	ᱟᱭᱠᱚᱨ ᱵᱤᱵᱷᱟᱹᱜ ᱦᱚᱛᱮᱛᱮ ᱟᱨᱫᱟᱥᱥᱟᱠᱟᱢ ᱟᱹᱨᱩᱯᱷᱮᱨᱟᱣ, ᱡᱟᱨᱣᱟᱭ, ᱟᱨ ᱩᱯᱩᱨᱩᱢ, ᱩᱢᱟᱹᱨ ᱟᱨ ᱴᱷᱤᱠᱟᱹᱱᱟᱨᱮᱭᱟᱜ ᱥᱟᱹᱵᱩᱫ ᱞᱮᱠᱟᱱ ᱟᱯᱱᱟᱨᱟᱜ ᱱᱚᱛᱷᱤ ᱧᱮᱞᱡᱚᱛᱚᱱ ᱟᱨ ᱵᱤᱰᱟᱹᱣ, ᱟᱨᱫᱟᱥᱤᱡᱽᱟᱜ ᱥᱩᱫᱷᱨᱟᱹᱣ, ᱠᱟᱨᱰ ᱟᱨ ᱪᱤᱴᱷᱤ ᱪᱷᱟᱯᱟ ᱟᱨ ᱚᱱᱟ ᱰᱟᱠᱡᱳᱜᱟᱡᱳᱜᱨᱮ ᱠᱩᱞᱨᱮᱭᱟᱜ ᱠᱟᱹᱢᱤᱭ ᱞᱟᱹᱜᱤᱫ ᱮᱱᱹᱮᱥᱹᱰᱤᱹᱮᱞ ᱤᱼᱜᱚᱵᱷᱚᱨᱱᱮᱱᱥ ᱤᱱᱯᱷᱨᱟᱥᱴᱨᱟᱠᱪᱟᱨ ᱞᱤᱢᱤᱴᱮᱰ (ᱞᱟᱦᱟᱱ ᱱᱮᱥᱚᱱᱟᱞ ᱥᱤᱠᱤᱩᱨᱤᱴᱤᱡᱽ ᱰᱤᱯᱳᱡᱤᱴᱟᱨᱤ ᱞᱤᱢᱤᱴᱮᱰ) ᱟᱨ ᱤᱭᱩᱴᱤᱟᱭ ᱤᱱᱯᱷᱨᱟᱥᱴᱨᱟᱠᱪᱟᱨ ᱴᱮᱠᱱᱳᱞᱚᱡᱤ ᱥᱟᱨᱵᱷᱤᱥᱮᱥ ᱞᱤᱢᱤᱴᱮᱰ (ᱤᱭᱩᱹᱴᱤᱹᱟᱭᱹᱴᱤᱹᱮᱥᱹᱮᱞ)ᱼᱞᱮᱠᱟ ᱧᱩᱢᱟᱱᱟᱜ ᱥᱚᱝᱥᱛᱷᱟᱠᱩ ᱪᱮᱛᱟᱱ ᱧᱮᱞᱡᱚᱛᱚᱛᱚᱱ ᱡᱚᱛᱱᱟᱣ ᱮᱢᱚᱜᱽᱤᱡᱽ ᱫᱟᱭᱤᱠ ᱮᱢ ᱦᱩᱭᱟᱠᱟᱱᱟ ᱾
हमारी सरकार बैंकिंग और वित्तीय क्षेत्र के पास जा रहा है सुनिश्चित करने के लिए किया गया है कि वित्तीय पहुँच और विस्तार विस्तार के दौरान और बाजारों को बढ़ा दें।	ᱵᱮᱝᱠᱤᱝ ᱟᱨ ᱠᱟᱹᱣᱰᱤᱟᱹᱨᱤ ᱠᱷᱟᱹᱛ ᱨᱮ ᱟᱵᱚᱨᱮᱱ ᱥᱟᱨᱠᱟᱨᱟᱜ ᱧᱮᱞᱦᱚᱨᱟ ᱦᱩᱭᱩᱜ ᱠᱟᱱᱟ ᱠᱟᱹᱣᱰᱤᱟᱹᱨᱤ ᱡᱚᱲᱟᱣ ᱵᱟᱲᱦᱟᱣ ᱟᱨ ᱵᱟᱡᱟᱨ ᱜᱟᱹᱦᱤᱨ ᱚᱠᱛᱮ ᱠᱮᱴᱮᱡᱽ ᱛᱚᱫᱟᱨᱚᱛ ᱟᱨ ᱥᱟᱢᱲᱟᱣ ᱴᱷᱟᱹᱣᱠᱟᱹᱭ ᱦᱩᱭᱩᱜᱼᱟ ᱾
बहुत बढ़िया दिन है!	ᱱᱟᱯᱟᱭ ᱫᱤᱱ ᱯᱟᱨᱚᱢ ᱢᱮ !
वॉशिंगटन पोस्ट ने असफलता पर सामने के एक लेख को प्रकाशित किया, टिप्पणी की: "वियंत्रलर सेना के साथ सब कुछ गलत का प्रतिनिधित्व करने के लिए आया था क्योंकि यह 21वीं सदी में प्रवेश कर रहा है: इसकी क्षमता जल्दी बढ़ने के लिए, परिवर्तन करने के लिए, अपने शिकार के साथ अपनी जुनून, अपने पोस्ट-C-C-Cet की पहचान युद्ध. "	ᱵᱤᱨᱛᱷᱟᱹᱠᱩ ᱪᱮᱛᱟᱱ ᱫᱚ ᱳᱣᱟᱥᱤᱝᱴᱚᱱ ᱯᱳᱥᱴ ᱫᱚ ᱯᱟᱹᱦᱤᱞ ᱥᱟᱠᱟᱢᱨᱮ ᱢᱤᱫᱴᱟᱝ ᱚᱱᱚᱞ ᱩᱪᱷᱟᱹᱱᱠᱟᱛᱮ ᱨᱚᱲᱟᱠᱟᱫᱟ ᱡᱮᱺ "᱒᱑ ᱥᱚᱛᱟᱵᱫᱤᱨᱮ ᱵᱚᱞᱚᱱᱚᱠᱛᱮ ᱥᱮᱱᱟᱯᱷᱟᱹᱫᱽᱟᱜ ᱜᱚᱨᱚᱵᱨᱮᱭᱟᱜ ᱦᱮᱞᱤᱠᱚᱯᱴᱟᱨᱠᱩ ᱡᱟᱹᱥᱛᱤ ᱵᱷᱩᱞ ᱨᱮᱟᱭᱜ ᱪᱤᱱᱦᱟᱹᱞᱮᱠᱟᱛᱮ ᱵᱮᱵᱚᱦᱟᱨ ᱦᱩᱭᱤᱫᱤᱜᱼᱟᱺ ᱛᱟᱹᱯᱤᱥ ᱪᱟᱞᱟᱜᱨᱮ ᱵᱟᱝᱫᱟᱲᱮᱜ, ᱵᱚᱫᱚᱞᱠᱩᱨᱮ ᱚᱱᱟᱨᱮᱭᱟᱜ ᱵᱤᱨᱟᱹᱫ, ᱜᱷᱟᱹᱞᱠᱩᱨᱮ ᱚᱱᱟᱨᱮᱭᱟᱜ ᱟᱵᱮᱥ, ᱨᱮᱭᱟᱲᱼᱞᱟᱹᱲᱦᱟᱹᱭ ᱛᱟᱭᱚᱢ ᱩᱱᱤᱭᱟᱜ ᱩᱯᱩᱨᱩᱢ ᱟᱱᱟᱴ ᱾"
तो अर्थव्यवस्था, कुशल और कुशल के बारे में लाने के लिए, सरकार के भवनों के पूर्व राष्ट्रपति और भारत के उपचर और राज्याता के अध्यक्ष और लोहहहहहह के अध्यक्ष ने दो चैनलों को मिलाने के लिए सहमत हुए।	ᱠᱟᱹᱣᱰᱤ ᱟᱹᱨᱤ, ᱠᱟᱹᱢᱤᱫᱟᱲᱤᱭᱟᱜ ᱟᱨ ᱠᱟᱹᱢᱤᱭᱟᱱᱟᱜ ᱡᱤᱭᱟᱹᱲ ᱞᱟᱹᱜᱤᱫ ᱛᱮ, ᱯᱟᱨᱞᱟᱢᱮᱱᱴ ᱦᱟᱣᱩᱥ ᱨᱮᱱ ᱵᱷᱟᱱᱟᱨ ᱯᱨᱤᱥᱟᱭᱰᱤᱝ ᱚᱯᱷᱤᱥᱟᱨ ᱠᱤᱱ ᱼ ᱩᱯᱟᱹ ᱵᱷᱟᱨᱚᱛ ᱨᱮᱱ ᱯᱚᱱᱚᱛ ᱜᱚᱝᱠᱮ ᱟᱨ ᱨᱟᱡᱡᱚ ᱥᱚᱵᱷᱟ ᱨᱮᱱ ᱪᱮᱭᱟᱨ ᱢᱮᱱ ᱟᱨ ᱞᱳᱠᱥᱚᱵᱷᱟ ᱨᱮᱱ ᱥᱯᱤᱠᱟᱨ ᱼ ᱵᱷᱟᱱᱟᱨ ᱪᱮᱱᱮᱞ ᱢᱤᱫ ᱨᱮᱠᱤᱱ ᱨᱟᱹᱡᱤᱭᱟᱠᱟᱱᱟ ᱾
मेरे पास छः बच्चा हैं।	ᱤᱧ ᱴᱷᱮᱱ ᱛᱩᱨᱩᱭ ᱜᱚᱴᱟᱝ ᱜᱤᱫᱽᱨᱟᱹ ᱢᱮᱱᱟᱜᱼᱟ ᱠᱚᱣᱟ।
स्पेक्ट्रम के दूसरे सिरे पर, एक स्पेक्ट्रम को एक ऐसी हस्ती में बदल देना पड़ता है जिसे लगता है कि वह या तो सब कुछ बदल रहा है और वह इसे अपना बना सकता है ।	ᱯᱥᱮᱠᱴᱨᱟᱢ ᱨᱮᱭᱟᱜ ᱮᱴᱟᱜ ᱥᱮᱫ, ᱢᱤᱫ ᱵᱟᱝ ᱵᱟᱲᱟᱭ ᱦᱚᱲ ᱨᱮ ᱵᱚᱫᱚᱞᱚᱜᱼᱟ ᱡᱟᱦᱟᱸᱭᱮ ᱢᱚᱱᱮᱭᱟ ᱩᱱᱠᱩ ᱜᱟᱶᱛᱟ ᱡᱟᱦᱟᱸ ᱠᱚ ᱠᱚᱨᱟᱣ ᱫᱟ ᱚᱱᱟ ᱵᱚᱫᱚᱞ ᱦᱩᱭᱩᱜ ᱛᱟᱠᱚᱣᱟ ᱟᱨ ᱟᱯᱱᱟᱨᱟᱜ ᱠᱚᱨᱟᱣ ᱦᱩᱭᱩᱜ ᱛᱟᱠᱚᱣᱟ᱾
हाँ भाई, मुझे दस्ताने भी चाहिए। क्या यह सचमुच मुफ़्त है? धन्यवाद!	ᱦᱮᱸ ᱵᱚᱭᱦᱟ, ᱤᱧ ᱦᱚᱸ ᱜᱞᱟᱵᱷᱥᱤᱧ ᱠᱷᱚᱡ ᱠᱟᱱᱟ ᱾ ᱱᱚᱣᱟ ᱫᱚ ᱪᱮᱫ ᱥᱟᱹᱨᱤᱜᱮ ᱵᱮᱜᱚᱨ ᱫᱟᱢᱛᱮ ᱠᱟᱱᱟ ? ᱟᱭᱢᱟ ᱥᱟᱨᱦᱟᱣ !
मुझे लगता है कि शास्त्रीय संगीत भारत का प्राण है कि समझते हैं.	ᱤᱧᱤᱧ ᱢᱚᱱᱮᱭᱟ ᱥᱟᱥᱛᱚᱨ ᱥᱮᱹᱨᱮᱹᱧ ᱫᱚ ᱵᱷᱟᱨᱚᱛ ᱨᱮᱭᱟᱜ ᱟᱛᱢᱟ ᱠᱟᱱᱟ ᱾
यह मेरे विचार में, एक विद्यार्थी के लिए सर्वोत्तम शौक है ।	ᱤᱧᱟᱹᱜ ᱠᱟᱛᱷᱟ ᱞᱮᱠᱟᱛᱮ, ᱱᱚᱶᱟᱫᱚ ᱡᱚᱛᱚᱠᱷᱚᱱ ᱱᱟᱯᱟᱭ ᱥᱚᱠ ᱠᱟᱱᱟ, ᱯᱟᱹᱴᱷᱣᱟᱹ ᱠᱚ ᱞᱟᱹᱜᱤᱫ ᱾
भारत के लिए यात्रा करने के लिए अधिकार प्राप्त करने के लिए भी ए-एस-व्स इंडिया आवश्यकताएं हैं।	ᱱᱚᱶᱟ ᱪᱷᱟᱰᱟᱜᱮ ᱤᱼᱵᱷᱤᱥᱟ ᱤᱱᱰᱤᱭᱟ ᱨᱮᱭᱟᱜ ᱥᱟᱹᱵᱩᱫ ᱨᱮᱭᱟᱜ ᱞᱟᱹᱠᱛᱤᱭᱟᱱ ᱢᱮᱱᱟᱜᱼᱟ ᱡᱟᱦᱟᱸ ᱵᱷᱟᱨᱚᱛ ᱨᱮ ᱥᱟᱸᱜᱷᱟᱨ ᱨᱮᱭᱟᱜ ᱥᱟᱹᱠᱷᱤᱭᱟᱹᱛ ᱧᱟᱢᱚᱜ ᱞᱟᱹᱜᱤᱫ ᱞᱟᱹᱠᱛᱤᱭᱟᱱ ᱾
बेरम एक प्रमुख ईश्‍वर (देव) और बौद्ध धर्म में स्वर्गीय राजा है ।	ᱵᱚᱭᱫᱽᱫᱷᱚ ᱫᱷᱚᱨᱚᱢ ᱨᱮᱱ ᱵᱨᱚᱢᱵᱷᱚ ᱫᱚᱭ ᱦᱩᱭᱩᱜ ᱠᱟᱱᱟ ᱢᱤᱫ ᱢᱩᱲᱩᱫ ᱵᱚᱸᱜᱟ (ᱫᱮᱵ) ᱟᱨ ᱥᱚᱨᱜᱚ ᱨᱮᱱ ᱨᱟᱡᱟ ᱾
अगर मुझे एक और हफ्ते के अंदर रहना होता, तो मैं अंदर - ही - अंदर पागल हो जाती ।	ᱤᱧᱫᱚ ᱯᱟᱜᱞᱟ ᱩᱛᱟᱹᱨ ᱠᱚᱜ ᱟᱹᱧ, ᱡᱩᱫᱤ ᱟᱨ ᱢᱤᱫ ᱦᱟᱯᱛᱟ ᱜᱟᱱ ᱚᱲᱟᱜ ᱵᱷᱤᱛᱤᱨ ᱨᱮᱧ ᱛᱟᱦᱮᱸ ᱞᱮᱱᱠᱷᱟᱱ ᱾
वैटिकन शहर के सभी नागरिक रोमन कैथोलिक हैं ।	ᱵᱷᱟᱴᱤᱠᱟᱱ ᱥᱤᱴᱤ ᱨᱤᱱ ᱥᱟᱱᱟᱢ ᱦᱚᱲ ᱜᱮ ᱨᱳᱢᱟᱱ ᱠᱟᱛᱷᱳᱞᱤᱠ ᱠᱟᱱᱟ ᱠᱚI
उन्होंने मानव मुंह और आंत में मौजूद बैक्टीरिया का भी अध्ययन किया।	ᱩᱱᱤ ᱫᱚ ᱦᱚᱲᱟᱜ ᱢᱚᱪᱟ ᱟᱨ ᱯᱚᱴᱟ ᱨᱮᱱ ᱵᱮᱹᱠᱴᱮᱨᱤᱭᱟ ᱦᱚᱭ ᱧᱮᱞ ᱞᱮᱫ ᱠᱚᱣᱟ ᱾
क्या आपने फैसला किया है कि आप भविष्य में क्या बनना चाहते हैं?	ᱟᱢ ᱪᱮᱫ ᱟᱜᱟᱢ ᱨᱮ ᱪᱮᱫ ᱦᱩᱭᱩᱜ ᱥᱟᱱᱟᱢᱮᱭᱟ ᱚᱱᱟᱢ ᱴᱷᱟᱹᱣᱠᱟᱹ ᱟᱠᱟᱫᱟ ?
रॉबर्ट बॉबी जॉर्ज से शादी की जाती है ।	ᱚᱧᱡᱩᱣᱟᱜ ᱵᱟᱯᱞᱟ ᱦᱩᱭᱞᱮᱱᱟ ᱨᱚᱵᱟᱨᱴ ᱵᱚᱵᱤ ᱡᱚᱨᱡᱽ ᱥᱟᱶ ᱡᱟᱦᱟᱸᱭ ᱫᱚᱭ ᱦᱩᱭᱩᱜᱠᱟᱱᱟ ᱴᱨᱤᱯᱚᱞ ᱡᱟᱢᱨᱮᱱ ᱞᱟᱦᱟᱱ ᱡᱟᱛᱤᱭᱚ ᱪᱚᱢᱯᱤᱭᱚᱱ ᱟᱨ ᱩᱱᱤᱨᱮᱱ ᱥᱮᱪᱮᱫᱤᱡᱽ ᱦᱚᱸ ᱾
इनमें से कुछ नाम कंप्यूटर आर्ट और मल्टीमीडिया आर्ट हैं।	ᱱᱚᱶᱟ ᱢᱩᱫᱨᱮ ᱠᱤᱪᱷᱩ ᱜᱟᱱ ᱧᱩᱛᱩᱢ ᱦᱩᱭᱩᱜ ᱠᱟᱱᱟ ᱠᱚᱢᱯᱤᱭᱩᱴᱟᱨ ᱟᱨᱴ ᱟᱨ ᱢᱟᱞᱴᱤᱢᱤᱰᱤᱭᱟ ᱟᱨᱴ ᱾
ब्रिटिश एयरवेज की वेबसाइट पर एयरलाइन की दरें आश्चर्यजनक रूप से कम हैं।	ᱵᱨᱤᱴᱤᱥ ᱮᱭᱟᱨᱳᱭᱮᱡᱽ ᱨᱮᱭᱟᱜ ᱳᱭᱮᱵᱽᱥᱟᱭᱤᱴ ᱨᱮ ᱮᱭᱟᱨᱞᱟᱭᱤᱱ  ᱨᱮᱭᱟᱜ ᱨᱮᱴ ᱟᱹᱰᱤ ᱠᱚᱢ ᱾
मैनेजर ने मेरी तरफ देखकर आँख मारी और फिर एक बहुत ही अजीब (डरावनी) मुस्कान के साथ मुझे घूर रहा था।	ᱢᱚᱱᱮᱡᱟᱨ ᱫᱚ ᱤᱧ ᱥᱮᱫ ᱮ ᱠᱚᱭᱚᱜ ᱧᱚᱜ ᱠᱮᱫᱟ ᱟᱨ ᱚᱱᱟ ᱚᱠᱛᱚ ᱟᱹᱰᱤ ᱵᱚᱛᱚᱨᱟᱱ ᱞᱟᱸᱫᱟ ᱟᱛᱮᱫ ᱤᱧ ᱥᱮᱫᱼᱮ ᱠᱚᱭᱚᱜ ᱞᱮᱫᱟ ᱾
सुप्रभात, लीआ!	ᱥᱟᱹᱜᱩᱱ ᱥᱮᱛᱟᱜ, ᱢᱤᱥ ᱞᱤᱭᱟ !
डिस्क विभाजन (पार्टिशन) एक संख्या से शुरू होकर दूसरी संख्या पर समाप्त होते हैं।	ᱰᱤᱥᱠ ᱯᱟᱨᱴᱤᱥᱚᱱ ᱫᱚ ᱢᱤᱫ ᱱᱟᱢᱵᱟᱨ ᱠᱷᱚᱱ ᱮᱛᱚᱦᱚᱵᱚᱼᱟ ᱟᱨ ᱮᱴᱟᱜ ᱱᱟᱢᱵᱟᱨ ᱨᱮ ᱢᱩᱪᱟᱹᱫᱚᱜᱼᱟ ᱾
एक व्यक्‍तिगत स्वर - पत्र के बिना एक व्यक्‍ति को प्राप्त करना असंभव है ।	ᱟᱱᱫᱟᱢᱟᱱ ᱨᱮᱭᱟᱜ ᱥᱚᱨᱮᱥ ᱫᱟᱜᱽᱨᱮ ᱩᱱᱩᱢᱚᱜᱽ ᱡᱟᱭᱜᱟᱠᱩ ᱢᱮᱱᱟᱜᱼᱟ ᱥᱟᱸᱜᱤᱧ ᱥᱮᱡᱽᱨᱮ ᱟᱨ ᱱᱤᱡᱽ ᱤᱭᱚᱴ ᱪᱟᱨᱴᱟᱨ ᱪᱷᱟᱰᱟ ᱥᱮᱴᱮᱨᱚᱜᱽ ᱫᱚ ᱵᱟᱝ ᱦᱩᱭᱫᱟᱲᱮᱭᱟᱜᱼᱟ ᱾
हाँ, और पूरे परेड का मेरा पसंदीदा हिस्सा भी.	ᱦᱮᱸ, ᱟᱨ ᱜᱚᱴᱟ ᱯᱮᱨᱮᱰ ᱨᱮᱭᱟᱜ ᱠᱩᱥᱤᱭᱟᱱᱟᱜ ᱦᱤᱸᱥ ᱦᱚᱸ ᱠᱟᱱᱟ ᱾
वह 1982 में हाउस ऑफ असेंबली में लौट आए।	ᱩᱱᱤ ᱫᱚ ᱑᱙᱘᱒ ᱥᱟᱞ ᱨᱮ ᱦᱟᱣᱩᱥ ᱚᱯᱷ ᱮᱹᱥᱮᱢᱵᱚᱞᱤ ᱨᱮᱭ ᱨᱩᱣᱟᱹᱲ ᱦᱮᱪ ᱞᱮᱱᱟ ᱾
मुझे एक टूरिस्ट ऑपरेटर से अपनी छुट्टियों के लिए बहुत बढ़िया दरें मिलीं।	ᱤᱧ ᱢᱤᱫᱴᱟᱝ ᱴᱩᱨᱤᱥᱴ ᱚᱯᱟᱨᱮᱴᱟᱨ ᱴᱷᱮᱱ ᱠᱷᱚᱱ ᱤᱧᱟᱹᱜ ᱪᱷᱩᱴᱤ ᱫᱤᱱ ᱞᱟᱹᱜᱤᱫ ᱠᱤᱪᱷᱩ ᱱᱟᱯᱟᱭ ᱜᱚᱱᱚᱝ ᱨᱮᱭᱟᱜ ᱦᱟᱨ ᱤᱧ ᱧᱟᱢ ᱟᱠᱟᱫᱟ ᱾
मैं कार में 30 किस्म के खेत बनाने का लक्ष्य रखा गया है और हर साल सन्‌ 2024 तक लोगों की अलग - अलग फसलें खड़ी की जाती हैं ।	ᱟᱭᱪᱤᱮᱟᱨ ᱫᱚ ᱵᱟᱹᱱᱤᱡ ᱟᱹᱜᱩ ᱵᱚᱫᱚᱞ ᱛᱮ ᱒᱐᱒᱔ ᱥᱟᱹᱦᱤᱛ ᱢᱩᱫᱨᱮ ᱓᱐ ᱞᱮᱠᱟᱱᱟᱜ ᱠᱟᱹᱢᱤᱦᱚᱨᱟ ᱞᱮᱜ ᱞᱮᱠᱟᱱᱟᱜ ᱢᱟᱴ ᱟᱨ ᱵᱟᱜᱣᱟᱱ ᱯᱷᱚᱥᱚᱞ ᱠᱚ ᱩᱛᱷᱱᱟᱹᱣ ᱨᱮᱭᱟᱜ ᱡᱚᱥ ᱮ ᱦᱟᱛᱟᱣ ᱟᱠᱟᱫᱟ
उनकी मृत्यु 6 जुलाई 2019 को लंदन में 62 वर्ष की आयु में हुई।	ᱩᱱᱤ ᱫᱚ ᱖᱒ ᱥᱮᱨᱢᱟ ᱩᱢᱮᱨ ᱨᱮ ᱖ ᱡᱩᱞᱟᱭ ᱒᱐᱑᱙ ᱢᱟᱹᱦᱤᱛ ᱨᱮ ᱞᱚᱱᱰᱚᱱ ᱨᱮᱭ ᱜᱚᱪ ᱞᱮᱱᱟ ᱾
ᱛᱮᱦᱮᱧ	आज
इसके अलावा, ऐसे खास टिकट भी उपलब्ध हैं जो आपको विशेष सुविधा देते हैं ।	ᱱᱚᱶᱟ ᱵᱮᱜᱚᱨ ᱦᱚᱸ ᱵᱤᱥᱮᱥ ᱴᱤᱠᱤᱴ ᱧᱟᱢᱚᱜᱼᱟ ᱡᱟᱦᱟᱸ ᱫᱚ ᱟᱢ ᱵᱚᱞᱚᱱ ᱨᱮᱭᱟᱜ ᱟᱹᱭᱫᱟᱹᱨ ᱮ ᱮᱢᱟᱢᱼᱟ ᱾
पड़ोस के गुंडों द्वारा रंगदारी वसूलने से रोकने के बाद हमें जान से मारने की धमकियाँ दी जा रही हैं।	ᱥᱳᱨᱥᱳᱯᱳᱨ ᱦᱚᱲ ᱠᱚ ᱠᱟᱹᱣᱰᱤ ᱟᱹᱫᱟᱹᱭ ᱵᱚᱱᱫᱚ ᱠᱚᱨᱟᱣ ᱛᱟᱭᱚᱢ ᱟᱞᱮ ᱜᱚᱡ ᱨᱮᱭᱟᱜ ᱦᱩᱢᱠᱤ ᱠᱚ ᱮᱢᱚᱜ ᱠᱟᱱᱟ ᱾
उनकी एकल प्रदर्शनी के चित्रों में इस 'ड्रीमिंग' की कहानियों को दर्शाया गया था।	ᱩᱱᱤᱭᱟᱜ ᱢᱤᱫ ᱩᱫᱩᱜ ᱨᱮ ᱟᱸᱠᱟᱣ ᱪᱤᱛᱟᱹᱨ ᱠᱚ ᱱᱚᱶᱟ ᱠᱩᱠᱢᱩᱨᱮᱭᱟᱜ ᱠᱟᱹᱦᱚᱱᱤ ᱠᱚᱭ ᱟᱸᱠᱟᱣ ᱟᱠᱟᱫᱟ ᱾
व्यापारियों ने बोट क्वे के किनारे एक-दूसरे के बिल्कुल पास गोदाम बनाए।	ᱵᱮᱯᱟᱨᱤᱭᱟᱹ ᱠᱚᱫᱚ ᱵᱳᱴ ᱠᱳᱭᱮ ᱥᱩᱨ ᱨᱮ ᱢᱤᱫᱦᱚᱲ ᱟᱨᱢᱤᱫᱦᱚᱲᱟᱜ ᱴᱷᱤᱠ ᱥᱩᱨ ᱨᱮ ᱜᱩᱫᱟᱹᱢ ᱠᱚ ᱵᱮᱱᱟᱣ ᱞᱮᱫᱟ ᱾
माइकल ने संगीत सीखने में दिलचस्पी ज़ाहिर की है ।	ᱢᱤᱥᱮᱞ ᱥᱮᱹᱨᱮᱹᱧ ᱥᱮᱬᱟᱭ ᱞᱟᱹᱜᱤᱫ ᱜᱚᱨᱚᱡᱽ ᱮ ᱥᱚᱫᱚᱨ ᱟᱠᱟᱫᱟ ᱾
वोबेन जर्मनी के 50 सबसे अमीर लोगों में से एक थे।	ᱳᱵᱵᱮᱱ ᱫᱚ ᱡᱟᱨᱢᱟᱱᱤ ᱨᱮᱱ ᱕᱐ ᱦᱚᱲ ᱠᱤᱥᱟᱹᱲ ᱦᱚᱲ ᱢᱩᱫᱨᱮ ᱢᱤᱫ ᱦᱚᱲᱮ ᱛᱟᱦᱮᱸ ᱠᱟᱱᱟ ᱾
मुझे विश्वास नहीं हो रहा कि हैरी स्टाइल्स इस सप्ताह मुंबई में प्रस्तुति दे रहे हैं।	ᱤᱧ ᱵᱟᱹᱧ ᱯᱟᱹᱛᱭᱟᱹᱣ ᱫᱟᱲᱮᱭᱟᱜ ᱠᱟᱱᱟ ᱦᱮᱨᱤ ᱥᱴᱟᱭᱤᱞᱥ ᱫᱚ ᱱᱚᱣᱟ ᱦᱟᱯᱛᱟᱨᱮ ᱢᱩᱢᱵᱟᱭ ᱨᱮᱭ ᱩᱫᱩᱜ ᱥᱚᱫᱚᱨᱮᱫ ᱠᱟᱱᱟ ᱾
आपका शुगर स्तर बहुत कम है, और आपका रक्तचाप भी बढ़ रहा है।	ᱟᱢᱟᱜ ᱥᱩᱜᱟᱨ ᱨᱮᱭᱟᱜ ᱢᱟᱛᱨᱟ ᱫᱚ ᱟᱹᱰᱤ ᱠᱚᱢ ᱜᱮᱭᱟ, ᱟᱨ ᱟᱢᱟᱜ ᱢᱟᱸᱭᱟᱱᱝ ᱨᱮᱭᱟᱜ ᱪᱟᱯ ᱦᱚᱸ ᱰᱷᱮᱨᱚᱜ ᱠᱟᱱᱟ ᱾
जब मैंने कोई दावा नहीं किया तो आप पिछले साल की तुलना में अधिक बीमा प्रीमियम क्यों बता रहे हैं? क्या आप मुझे धोखा देने की कोशिश कर रहे हैं?	ᱪᱮᱫᱟᱜ ᱟᱢ ᱫᱚ ᱪᱟᱞᱟᱣᱮᱱ ᱥᱮᱮᱨᱢᱟ ᱠᱷᱚᱱ ᱞᱟᱯᱷᱟᱝ ᱵᱤᱢᱟᱹ ᱫᱟᱹᱵᱤᱢ ᱥᱟᱵ ᱨᱟᱠᱟᱵ ᱮᱫᱟ ᱡᱚᱠᱷᱚᱱ ᱤᱧ ᱫᱚ ᱡᱟᱦᱟᱱ ᱫᱟᱹᱵᱤ ᱵᱟᱹᱧ ᱫᱚᱦᱚ ᱟᱠᱟᱫᱼᱟ ? ᱟᱢ ᱫᱚ ᱪᱮᱫ ᱤᱧ ᱮᱲᱮᱭᱤᱧᱮᱢ ᱠᱷᱚᱡ ᱠᱟᱱᱟ ?
उनके पात्र केवल कोरस (समूहगान) से नहीं बल्कि एक-दूसरे से भी बात करते थे।	ᱩᱱᱤᱭᱟᱜ ᱪᱩᱨᱤᱛ ᱠᱚᱫᱚ ᱢᱤᱫᱦᱚᱲ ᱟᱨ ᱢᱤᱫᱦᱚᱲ ᱥᱟᱞᱟᱜ ᱠᱟᱛᱷᱟᱭ ᱨᱚᱲᱮᱫ ᱛᱟᱦᱮᱸ ᱟᱨ ᱮᱠᱷᱮᱱ ᱠᱳᱨᱟᱥᱮᱱ ᱥᱟᱞᱟᱜ ᱫᱚ ᱵᱟᱝ ᱾
कंप्यूटर या कंप्यूटर के ज़रिए दूसरे कंप्यूटरों तक पहुँचने या उन्हें नुकसान पहुँचाने के लिए किसी कंप्यूटर या नेटवर्क पर हमला किया जाता है ।	ᱢᱤᱫ ᱥᱟᱭᱵᱟᱨ ᱫᱩᱥᱤ ᱦᱚᱲᱫᱚ ᱰᱮᱴᱟ ᱥᱮ ᱯᱚᱨᱤᱥᱮᱵᱟ ᱠᱚ ᱨᱟᱯᱩᱫ ᱥᱮ ᱵᱟᱲᱤᱡ ᱞᱟᱜᱤᱫ ᱛᱮ ᱟᱨ ᱢᱤᱫ ᱴᱟᱝ ᱠᱚᱢᱯᱤᱭᱩᱴᱟᱨ ᱨᱮ ᱵᱚᱞᱚᱱ ᱞᱟᱜᱤᱫ ᱢᱤᱫᱴᱟᱝ ᱠᱚᱢᱯᱤᱭᱩᱴᱟᱨ ᱥᱮ ᱱᱮᱴᱳᱣᱟᱨ ᱠᱚ ᱡᱟᱨᱯᱟᱭᱟ ᱾
इस शहर का नाम एक ज़मींदार जज एटकिंसन के नाम पर रखा गया था।	ᱥᱟᱦᱟᱨ ᱫᱚ ᱧᱩᱛᱩᱢ ᱞᱮᱱᱟ ᱡᱚᱨᱡᱽ ᱟᱴᱠᱤᱱᱥᱚᱱᱟᱜ ᱧᱩᱛᱩᱢᱛᱮ, ᱡᱟᱦᱟ ᱫᱚ ᱢᱤᱫᱦᱚᱲ ᱡᱩᱢᱤᱫᱟᱨᱮ ᱛᱟᱦᱮᱠᱟᱱᱟ ᱾
पानी के आस - पास एक त्योहार बनाना एक अच्छा विषय हो सकता है ।	ᱪᱷᱩᱴᱤ ᱢᱟᱱᱟᱣ ᱞᱟᱹᱜᱤᱱ ᱚᱱᱛᱚᱨᱫᱮᱥᱤ ᱫᱟᱜᱦᱚᱨ ᱢᱤᱫ ᱱᱟᱯᱟᱭ ᱛᱷᱤᱢ ᱦᱩᱭ ᱫᱟᱲᱮᱭᱟᱜᱼᱟ᱾
हम एक फिल्म योजना बना सकते हैं!	ᱟᱵᱩ ᱫᱚ ᱥᱤᱱᱟᱹᱢᱟ ᱧᱮᱞ ᱪᱟᱞᱟᱜᱽ ᱨᱮᱭᱟᱜ ᱵᱩᱱ ᱯᱞᱟᱱ ᱫᱟᱲᱤᱭᱟᱜᱽᱼᱟ !
यह संगीत सुनकर मुझे बहुत खुशी हो रही है। यह हमेशा मुझे अच्छे मूड में ला देता है।	ᱤᱧ ᱫᱚ ᱱᱚᱣᱟ ᱥᱮᱨᱮᱧ ᱟᱸᱡᱚᱢ ᱠᱟᱛᱮᱫ ᱟᱹᱰᱤ ᱠᱷᱩᱥᱤ ᱾ ᱱᱚᱣᱟ ᱫᱚ ᱤᱧ ᱥᱟᱱᱟᱢ ᱜᱷᱩᱲᱤ ᱵᱷᱟᱜᱮ ᱢᱚᱱᱮ ᱨᱮᱭ ᱫᱚᱦᱚᱭᱤᱧᱟ ᱾
शब्द सभ्यता लैटिन गृहस से आता है, जिसका अर्थ है लैटिन नागरिक, नागरिक, और नागरिक, मतलब शहर या शहर की दशा से संबंधित है, और यह भी कि समाज के आकार की परिभाषा देता है।	ᱥᱚᱵᱷᱭᱚᱛᱟ ᱟᱹᱲᱟᱹ ᱫᱚ ᱞᱮᱴᱤᱱ ᱱᱟᱹᱜᱽᱨᱤᱠ ᱠᱷᱚᱱ ᱦᱮᱡ ᱠᱟᱱᱟ, ᱡᱟᱦᱟᱸᱭ ᱨᱮᱭᱟᱜ ᱢᱮᱱᱮᱛ ᱫᱚ ᱱᱟᱜᱽᱨᱤᱠ ᱠᱟᱱᱟ, ᱞᱮᱴᱤᱱ ᱱᱟᱹᱜᱽᱨᱤᱠ ᱛᱮ ᱡᱩᱲᱟᱹᱣ ᱠᱟᱱᱟ, ᱡᱟᱦᱟᱸᱭ ᱨᱮᱭᱟᱜ ᱢᱮᱱᱮᱛ ᱫᱚ ᱱᱟᱜᱽᱨᱤᱠ ᱠᱟᱱᱟ, ᱟᱨ ᱱᱟᱜᱽᱨᱤᱠ, ᱡᱟᱦᱟᱸᱭ ᱨᱮᱭᱟᱜ ᱢᱮᱱᱮᱛ ᱫᱚ ᱥᱚᱦᱚᱨ ᱟᱨ ᱵᱟᱝ ᱥᱟᱦᱟᱨᱼᱯᱚᱱᱚᱛ ᱠᱟᱱᱟ, ᱟᱨ ᱱᱟᱶᱟ ᱦᱚᱸ ᱥᱟᱢᱟᱡᱽ ᱨᱮᱭᱟᱜ ᱟᱠᱟᱨ ᱠᱚ ᱢᱮᱱᱮᱛ ᱟᱜᱼᱟᱭ᱾
उस समय उसके पास केवल एक ही विमान था।	ᱚᱱᱟ ᱚᱠᱛᱚ ᱮᱠᱷᱮᱱ ᱢᱤᱫᱴᱟᱝ ᱥᱩᱢᱩᱝ ᱩᱰᱟᱹᱱ ᱜᱟᱹᱰᱤ ᱛᱟᱦᱮᱸ ᱠᱟᱱᱟ ᱾
वाह! मुझे नहीं पता था कि इस फिल्म में रजनीकांत हैं। इस फिल्म में उनका प्रवेश पूरी तरह से अप्रत्याशित था।	ᱳᱣᱟᱦ! ᱤᱧ ᱵᱟᱹᱧ ᱵᱟᱰᱟᱭᱠᱟᱱ ᱛᱟᱦᱮᱸᱠᱟᱱᱟ ᱱᱚᱣᱟ ᱪᱚᱞᱚᱛ ᱪᱤᱛᱟᱹᱨ ᱨᱮ ᱨᱚᱡᱚᱱᱤᱠᱟᱱᱛᱚ ᱢᱮᱱᱟᱭᱟ ᱾ ᱱᱚᱣᱟ ᱪᱚᱞᱚᱛ ᱪᱤᱛᱟᱹᱨ ᱨᱮ ᱩᱱᱤᱭᱟᱜ ᱵᱚᱞᱚᱱ ᱫᱚ ᱛᱟᱦᱮᱸᱠᱟᱱᱟ ᱮᱠᱫᱚᱢ ᱜᱮ ᱵᱟᱝ ᱟᱥᱟᱜ ᱞᱮᱠᱟᱱ ᱾
लेकिन, वह परमेश्‍वर की ओर से एक संदेश है जो मनुष्यजाति को बुराई से बचाने के लिए आया है ।	ᱡᱟᱸᱦᱟᱭᱮᱱᱜᱮ, ᱩᱱᱤᱫᱚ ᱢᱤᱫ ᱥᱳᱥᱟᱱᱛ ᱡᱟᱸᱦᱟᱭᱫᱚ ᱵᱟᱹᱲᱤᱡ ᱠᱷᱚᱱ ᱢᱟᱱᱶᱟᱡᱟᱹᱛᱤ ᱠᱚ ᱵᱟᱧᱪᱟᱣ ᱞᱟᱹᱜᱤᱫ ᱪᱟᱸᱫᱳᱣᱟᱜ ᱥᱟᱸᱫᱮᱥᱮ ᱟᱹᱜᱩᱣᱟᱠᱟᱫᱟ ᱾
कुछ अध्ययनों से यह भी पता चला है कि शरीर में बढ़ती कमी और बढ़ती जा रही खराब सेहत के बीच गहरा नाता है ।	ᱠᱤᱪᱷᱩ ᱠᱤᱪᱷᱩ ᱠᱷᱚᱸᱫᱨᱚᱱ ᱦᱚᱲᱢᱚᱥᱟᱶᱣᱟᱨ ᱵᱟᱝᱯᱮᱨᱮᱡᱚᱜ ᱨᱮ ᱡᱟᱹᱥᱛᱤ ᱟᱨ ᱮᱥᱹᱤᱹᱮᱥᱼᱨᱮ ᱡᱟᱹᱥᱛᱤᱜ ᱢᱩᱫᱨᱮ ᱢᱤᱫᱴᱟᱝ ᱥᱚᱢᱵᱚᱸᱫᱷᱮ ᱩᱫᱩᱜᱼᱟᱠᱟᱫᱟ ᱾
दो, पूरे दल की एक सूची, अपनी पहचान के साथ शामिल है.	ᱵᱟᱨ, ᱥᱮᱞᱮᱫ ᱢᱮᱱᱟᱜ ᱠᱚ ᱥᱟᱱᱟᱢ ᱠᱨᱩ ᱠᱚᱣᱟᱜ ᱛᱟᱞᱤᱠᱟ, ᱩᱱᱠᱚᱣᱟᱜ ᱩᱯᱨᱩᱢ ᱟᱛᱮ ᱾
मौसम बहुत ही खतरनाक हो सकता है ।	ᱜᱚᱢᱵᱷᱤᱨ ᱨᱤᱛᱩ ᱡᱟᱦᱟᱸᱱᱟᱜ ᱜᱤ ᱵᱚᱛᱚᱨᱟᱱ ᱚᱸᱦᱚᱨ ᱜᱷᱚᱴᱚᱱ ᱠᱚ ᱞᱟᱹᱜᱤᱫ ᱥᱟᱹᱠᱤᱞ ᱟᱹᱲᱟᱹ ᱠᱟᱱᱟ ᱡᱟᱦᱟᱸ ᱫᱚ ᱵᱟᱹᱲᱤᱡ, ᱜᱚᱢᱵᱷᱤᱨ ᱥᱟᱶᱛᱟ ᱵᱭᱟᱫᱷᱟᱱ ᱟᱨᱵᱟᱝ ᱢᱟᱹᱱᱢᱤ ᱡᱤᱭᱚᱱ ᱨᱮᱱᱟᱝ ᱦᱟᱹᱱ ᱨᱮᱱᱟᱜ ᱥᱟᱸᱵᱷᱟᱵ ᱢᱮᱱᱟᱜᱼᱟ᱾
जब उसने टिप्पणी के लिए पूछा, Mecak ने कहा, "माइक सुनने के दौरान एक बहुत कुछ बात करते हैं ... मैं तैयार हो रहा था तो मैं वास्तव में वह क्या कह रहा था नहीं सुना था. "	ᱨᱚᱲ ᱞᱟᱹᱜᱤᱫ ᱠᱩᱞᱤᱭᱮ ᱛᱟᱭᱚᱢ, ᱢᱤᱞᱟᱨ ᱮ ᱞᱟᱹᱭ ᱠᱮᱫᱟ, "ᱟᱼᱟᱸᱡᱚᱢ ᱡᱚᱠᱷᱮᱡ ᱢᱟᱭᱤᱠ ᱟᱹᱰᱤᱭᱮ ᱨᱚᱲᱼᱟ…ᱤᱧ ᱥᱟᱯᱲᱟᱣᱚᱜ ᱠᱟᱱ ᱛᱟᱦᱮᱸᱱᱟ ᱚᱱᱟ ᱛᱮ ᱟᱥᱚᱞ ᱨᱮ ᱵᱟᱹᱧ ᱟᱸᱡᱚᱢ ᱞᱮᱫᱟ ᱩᱱᱤ ᱪᱮᱫ ᱮ ᱞᱟᱹᱭᱮᱫᱟ᱾"
मेरे पास छः चावल हैं।	ᱤᱧ ᱴᱷᱮᱱ ᱛᱩᱨᱩᱭ ᱜᱚᱴᱟᱝ ᱪᱟᱣᱞ ᱢᱮᱱᱟᱜᱼᱟ ᱠᱚᱣᱟ।
प्रशंसकों द्वारा दिखाई गई अत्यधिक आक्रामकता घृणास्पद थी।	ᱵᱷᱚᱠᱛᱟ ᱠᱚ ᱫᱟᱨᱟᱭ ᱛᱮ ᱩᱫᱩᱜ ᱥᱚᱫᱚᱨᱟᱜ ᱟᱹᱰᱤ ᱵᱟᱹᱲᱛᱤ ᱡᱟᱨᱯᱟ ᱫᱚ ᱦᱤᱨᱠᱟᱹ ᱟᱱᱟᱜ ᱛᱟᱦᱮᱸ ᱠᱟᱱᱟ ᱾
फिर धीरे - धीरे यह गोल - पत्थर तक बढ़ जाता है ।	ᱱᱚᱣᱟ ᱫᱚ ᱵᱟᱹᱭ ᱵᱟᱹᱭᱛᱮ ᱥᱴᱨᱟᱴᱚᱯᱚᱡ ᱦᱟᱹᱵᱤᱡ ᱨᱟᱠᱟᱵᱚᱜᱼᱟ ᱾
फिर भी, जब ये देश कम पर्यटक पाते हैं, तो अकसर इन इलाकों के बारे में ज़्यादा जानकारी दी जाती है ।	ᱵᱷᱟᱱᱩᱣᱟᱛᱩ ᱟᱨ ᱥᱚᱞᱳᱢᱚᱱ ᱰᱷᱤᱯᱜᱟᱫᱮᱞ ᱫᱚ ᱥᱟᱪᱟᱨᱦᱮᱫᱽ ᱠᱩᱥᱤᱭᱟᱜ ᱥᱮᱡᱽᱛᱮ ᱚᱠᱟ ᱦᱤᱸᱥᱨᱮ ᱦᱚᱸ ᱵᱟᱠᱤᱱ ᱠᱚᱢᱼᱟ, ᱛᱚᱵᱮ ᱪᱮᱫᱟᱜ ᱥᱮ ᱱᱤᱭᱟᱹ ᱵᱷᱟᱱᱟᱨ ᱫᱤᱥᱚᱢᱨᱮ ᱥᱟᱝᱜᱷᱟᱨᱠᱩ ᱠᱚᱢ ᱠᱩ ᱦᱩᱭᱩᱜᱼᱟ ᱚᱱᱟᱛᱮ ᱱᱤᱭᱟᱹ ᱴᱚᱴᱷᱟᱨᱮᱭᱟᱜ ᱧᱮᱞᱡᱚᱝᱟᱜ ᱠᱩ ᱡᱟᱹᱥᱛᱤᱠᱟᱭᱛᱮᱜᱤ ᱡᱚᱛᱷᱟᱛ ᱢᱟᱹᱱ ᱵᱟᱝ ᱮᱢᱚᱜᱚᱜᱽᱼᱟ ᱾
ओह, वहाँ अन्य लोग हैं जो वोट देने के लिए योग्य नहीं हैं?	ᱳ, ᱮᱴᱟᱜ ᱦᱚᱲ ᱠᱚ ᱡᱟᱦᱟᱸᱭ ᱵᱷᱳᱴ ᱮᱢ ᱨᱮᱱ ᱡᱳᱜᱽᱜᱚ ᱠᱚ ᱵᱟᱝ ᱠᱟᱱ ?
चूँकि भोजन स्वादिष्ट था, मुझे आशा है कि आप हमें 5-स्टार रेटिंग देंगे (रेस्टोरेंट प्रबंधक)।	ᱡᱮᱦᱮᱛᱩ ᱡᱚᱢᱟᱜ ᱟᱹᱰᱤ ᱥᱤᱵᱤᱞ ᱛᱟᱦᱮᱸ ᱠᱟᱱᱟ, ᱤᱧ ᱟᱸᱥᱚᱜ ᱠᱟᱱᱟ ᱟᱢ ᱟᱞᱮ ᱢᱤᱫᱴᱟᱝ ᱕ᱼᱥᱴᱟᱨ ᱨᱮᱴᱤᱝ ᱮᱢ ᱮᱢᱟᱞᱮᱭᱟ  (ᱨᱮᱥᱛᱳᱨᱟ ᱢᱮᱱᱮᱡᱟᱨ) ᱾
मुझे पता है, मैं जेल में एक विद्यार्थी हूँ ।	ᱚᱱᱟ !ᱤᱧᱫᱚ ᱡᱟᱫᱚᱵᱯᱩᱨ ᱡᱮᱜᱮᱫ ᱵᱤᱨᱫᱟᱹᱜᱟᱲᱨᱮᱱ ᱯᱟᱹᱴᱷᱣᱟᱹ ᱠᱟᱱᱟᱹᱧ ᱾
रेववो के प्रयास भी जीन-Cards को कला निर्देशक के रूप में नियुक्‍त करने में शामिल थे और फोटोग्राफी ओविस ऑविस्टो को फिर से रद्द कर रहे थे.	ᱫᱚᱲᱦᱟᱛᱮ ᱵᱚᱫᱚᱞᱚᱜ ᱨᱮᱭᱟᱜ ᱨᱤᱠᱟᱹ ᱢᱩᱫᱨᱮ ᱡᱤᱱᱼᱪᱟᱨᱞᱥ ᱰᱤ ᱠᱟᱥᱴᱮᱞᱵᱟᱡᱟᱠ ᱫᱚ ᱠᱟᱹᱨᱤᱼᱟᱱᱟᱱᱜ ᱨᱮᱱ ᱪᱟᱪᱞᱟᱣᱤᱡᱽ ᱞᱮᱠᱟᱛᱮᱭ ᱵᱟᱦᱟᱞ ᱞᱮᱱᱟ ᱟᱨ ᱯᱷᱚᱴᱳᱜᱨᱟᱯᱷᱟᱨ ᱚᱞᱤᱵᱷᱤᱭᱮᱨᱳ ᱛᱳᱥᱠᱟᱱᱤ ᱫᱯ ᱫᱚᱲᱦᱟ ᱵᱟᱦᱟᱞ ᱦᱚᱸ ᱥᱮᱞᱮᱫ ᱞᱮᱱᱟ ᱾
माँ! आप दुकान में मुझ पर क्यों चिल्ला रही थीं, मुझे बहुत दुख हुआ।	ᱟᱭᱳ! ᱫᱳᱠᱟᱱ ᱨᱮ ᱤᱧ ᱞᱟᱹᱜᱤᱫ ᱪᱮᱫᱟᱜ ᱮᱢ ᱠᱤᱠᱭᱟᱹᱜ ᱠᱟᱱ ᱛᱟᱦᱮᱸᱠᱟᱱᱟ ᱪᱮᱫᱟᱜ, ᱚᱱᱟᱛᱮ ᱤᱧ ᱟᱹᱰᱤ ᱵᱟᱹᱲᱤᱡᱤᱧ ᱟᱹᱭᱠᱟᱹᱣᱮᱫ ᱠᱟᱱ ᱛᱟᱦᱮᱠᱟᱱᱟ ᱾
फिर भी, प्रोसेसर का मशीन कोड इसकी सीमाएं तय करता है।	ᱮᱱ ᱨᱮᱦᱚᱸ, ᱯᱨᱚᱥᱮᱥᱚᱨ ᱨᱮᱭᱟᱜ ᱢᱮᱥᱤᱱ ᱠᱳᱰ ᱫᱚ ᱥᱤᱢᱟᱹᱭ ᱴᱷᱟᱹᱣᱠᱟᱹᱭᱟ ᱾
हम सूप पर एक greon- fanch है.	ᱟᱞᱮᱴᱷᱮᱱ ᱜᱞᱩᱴᱮᱱᱼᱯᱷᱨᱤ ᱯᱷᱨᱮᱧᱪ ᱚᱱᱤᱭᱚᱱ ᱥᱩᱯ ᱢᱮᱱᱟᱜᱼᱟ ᱾
यह आस्ट्राखान ओब्लास्ट का सबसे बड़ा शहर और प्रशासनिक केंद्र है।	ᱱᱚᱣᱟ ᱫᱚ ᱟᱥᱴᱨᱟᱠᱷᱟᱱ ᱳᱵᱞᱟᱥᱴ ᱨᱮᱭᱟᱜ ᱢᱟᱨᱟᱝ ᱩᱛᱟᱹᱨ ᱥᱟᱦᱟᱨ ᱟᱨ ᱯᱨᱚᱥᱟᱥᱚᱱᱤᱠ ᱛᱟᱞᱢᱟ ᱠᱟᱱᱟ ᱾
बहुत - से लोगों ने जीव - विज्ञान और व्यवहार में ताल - मेल देखा है ।	ᱦᱚᱲᱢᱚ ᱨᱮᱭᱟᱜ ᱠᱟᱹᱢᱤ ᱥᱟᱮᱬᱥ ᱟᱨ ᱵᱮᱵᱷᱟᱨ ᱨᱮ ᱧᱮᱞ ᱠᱩᱜ ᱚᱝᱠᱟ ᱜᱮ ᱚᱱᱛᱚᱨᱡᱚᱛ ᱪᱚᱠᱨᱚ ᱨᱮᱭᱟᱜ ᱛᱟᱦᱮᱸᱱ ᱟᱨ ᱡᱮᱣᱤᱠ ᱜᱷᱩᱲᱤ ᱨᱮᱭᱟᱜ ᱢᱟᱫᱷᱭᱚᱢ ᱛᱮ ᱩᱱᱠᱩᱣᱟᱜ ᱩᱛᱯᱟᱹᱫᱚᱱ ᱪᱮᱛᱟᱱ ᱨᱮ ᱱᱤᱨᱵᱷᱚᱨᱚᱜ ᱠᱟᱱᱟ᱾
पोव्हाटन अंततः हार गए और बहुत सारी भूमि खो दी।	ᱯᱟᱣᱦᱟᱛᱟᱱ ᱫᱚ ᱢᱩᱪᱟᱹᱫ ᱦᱟᱹᱵᱤᱡ ᱮ ᱦᱟᱨᱟᱣ ᱮᱱᱟ ᱟᱨ ᱟᱭᱢᱟ ᱠᱷᱮᱛ ᱦᱟᱥᱟᱭ ᱟᱫ ᱞᱮᱫᱟ ᱾
हर बार जब श्री जयशंकर भारत के पक्ष में खड़े होते हैं, तो बहुत अच्छा लगता है।	ᱢᱤᱥᱴᱟᱨ ᱡᱚᱭᱥᱚᱝᱠᱚᱨ ᱡᱟᱦᱟᱸᱛᱤᱱ ᱫᱷᱟᱣ ᱜᱮ ᱵᱷᱟᱨᱚᱛ ᱦᱚᱭᱮᱛᱮᱭ ᱛᱤᱜᱩᱱᱟ ᱩᱱ ᱜᱮ ᱱᱟᱯᱟᱭ ᱟᱴᱠᱟᱨᱚᱜᱼᱟ ᱾
मेरे पास नवालीस किताब हैं।	ᱤᱧ ᱴᱷᱮᱱ ᱯᱳᱱ ᱜᱮᱞ ᱱᱟᱭ ᱜᱚᱴᱟᱝ ᱠᱤᱛᱟᱯ ᱢᱮᱱᱟᱜᱼᱟ ᱠᱚᱣᱟ।
पौधे ऑक्सीजन बनाते हैं जो मनुष्य साँस लेते हैं, और वे कार्बन-डिस्‌ में लेते हैं जो मनुष्य साँस लेता है (कि, साँस से बाहर है).	ᱫᱟᱨᱮ ᱠᱚᱫᱚ ᱚᱠᱥᱤᱡᱮᱱ ᱠᱚ ᱵᱮᱱᱟᱣᱟ ᱡᱟᱦᱟᱸ ᱛᱮᱠᱚ ᱥᱟᱦᱮᱫᱟ, ᱟᱨ ᱱᱩᱠᱩ ᱫᱚ ᱠᱟᱨᱵᱚᱱ ᱰᱟᱭᱚᱠᱥᱟᱭᱤᱰ ᱠᱚ ᱩᱰᱩᱠᱟ ᱡᱟᱦᱟᱸ ᱫᱟᱨᱮ ᱥᱟᱦᱮᱫᱟᱭ᱾
वे नेदरलैंड्‌स को भी शामिल करते हैं, आना योन को कल सुपर-जी में खड़ी कक्षा में नौवें काम करना है, और फिनलैंड के साथ कातहान उसी घटना में दसवां हिस्सा खत्म कर दिया है।	ᱱᱟᱶᱟ ᱨᱮ ᱱᱮᱫᱟᱨᱞᱮᱸᱫ ᱦᱚᱸ ᱢᱮᱱᱟᱭᱟ, ᱡᱟᱦᱟᱸᱭ ᱨᱮ ᱟᱱᱟ ᱡᱟᱠᱮᱢᱥᱚᱱ ᱜᱟᱯᱟ ᱥᱩᱯᱟᱹᱨ ᱡᱤ ᱨᱮ ᱢᱟᱹᱭᱡᱩ ᱠᱚᱣᱟᱜ ᱥᱛᱷᱟᱹᱭ ᱟᱥᱲᱟ ᱨᱮ ᱟᱨᱮ ᱮᱞ ᱨᱮ ᱛᱟᱦᱮᱸ ᱠᱟᱱᱟᱭ, ᱟᱨ ᱯᱷᱤᱱᱞᱮᱸᱰ ᱨᱮ ᱜᱮᱞ ᱛᱷᱟᱨ ᱨᱮ ᱠᱟᱴᱟ ᱥᱟᱨᱮᱱᱟ ᱛᱟᱦᱮᱸ ᱠᱟᱱᱟᱭ᱾
जल संतुलन जल - चक्र पर कुछ मानव प्रभावों के बारे में बताने के लिए उपयोगी है ।	ᱫᱟᱜ ᱡᱚᱠᱷᱟ ᱞᱮᱠᱷᱟ ᱫᱚ ᱦᱟᱭᱰᱨᱳᱞᱚᱡᱤᱠ ᱪᱚᱠᱠᱨᱚ ᱪᱮᱛᱟᱱ ᱢᱟᱹᱱᱢᱤᱭᱟᱜ ᱠᱤᱪᱷᱤ ᱮᱥᱮᱨ ᱦᱟᱯᱮᱢ ᱠᱟᱛᱷᱟ ᱞᱟᱹᱜᱤᱫ ᱞᱟᱹᱠᱛᱤᱭᱟ ᱾
यु. पूर्व रोमी साम्राज्य) को एक और नाम के तौर पर समझा जाता था, जिस ने जयिमिमिमिमिममेन के नाम की स्थापना की ।	ᱡᱟᱨᱯᱟᱣᱟᱱ ᱥᱮᱞᱩᱞᱳᱡᱽ ᱛᱩᱨᱠᱤᱠᱩ, ᱡᱟᱦᱟᱸᱭ ᱫᱚ ᱑᱐᱗᱗ᱼᱨᱮ ᱨᱟᱢ ᱥᱟᱞᱛᱟᱱᱮᱛᱼᱮ ᱛᱷᱟᱯᱚᱱᱞᱮᱫᱟ, ᱱᱤᱭᱟᱹ ᱵᱷᱤᱛᱨᱤ ᱨᱮᱭᱟᱜ ᱧᱩᱛᱩᱢ ᱫᱚ (ᱨᱩᱢᱟᱱᱟ "ᱨᱳᱢᱟᱱᱠᱩᱣᱟᱜ ᱫᱤᱥᱟᱹᱢ," ᱡᱟᱦᱟᱸ ᱫᱚ ᱦᱩᱭᱩᱜᱽᱠᱟᱱᱟ ᱢᱟᱨᱮᱱ ᱨᱳᱢᱟᱱ ᱯᱚᱱᱚᱛ) ᱯᱚᱱᱚᱛ ᱮᱨᱭᱟᱜ ᱟᱨ ᱢᱤᱫ ᱧᱩᱛᱩᱢ ᱞᱮᱠᱟᱛᱮᱠᱩ ᱵᱷᱟᱹᱵᱤᱛᱠᱮᱫᱟ ᱾
नौ	ᱱᱟᱭ
मैं सिर्फ समझ गया कि आपने कहा कि यह तुम्हारा पहला सड़क यात्रा है.	ᱛᱟᱹᱸᱜᱤᱭ ᱮᱢ ! ᱤᱧ ᱱᱮᱜᱼᱮ ᱜᱮᱧ ᱵᱩᱡᱷᱟᱹᱣ ᱠᱮᱫᱟ ᱡᱮ ᱟᱢᱮᱢ ᱞᱟᱹᱭᱮᱫ ᱛᱟᱦᱮᱸ ᱱᱚᱶᱟᱫᱚ ᱟᱢᱟᱜ ᱯᱳᱭᱞᱳ ᱨᱳᱰ ᱴᱨᱤᱯ ᱠᱟᱱᱟ ᱾
तुम कौन होते हो मुझे छत से अपने पौधे हटाने के लिए कहने वाले? तुम भाड़ में जाओ।	ᱤᱧᱟᱹᱜ ᱴᱮᱨᱟᱥ ᱠᱷᱚᱱ ᱫᱟᱨᱮ ᱚᱪᱚᱜ ᱞᱟᱹᱭ ᱨᱤᱱᱤᱡ ᱟᱢ ᱫᱚ ᱚᱠᱚᱭ ? ᱟᱢᱠᱤ ᱱᱚᱨᱚᱠ ᱨᱮᱢ ᱪᱟᱞᱟᱣ ᱫᱟᱲᱮᱭᱟᱜᱼᱟ ?
उसके पास भारत, पाकिस्तान, और यू. एस.	ᱜᱚᱴᱟ ᱵᱷᱟᱨᱯᱛ, ᱯᱟᱠᱤᱥᱛᱟᱱ ᱟᱨ ᱟᱢᱮᱨᱤᱠᱟᱵᱮᱲᱦᱟᱭᱛᱮ ᱩᱱᱤᱨᱮᱱ ᱦᱟᱡᱟᱨ ᱦᱟᱡᱟᱨ ᱪᱮᱞᱟᱠᱩ ᱛᱟᱦᱮᱸᱠᱟᱱᱟ ᱟᱨ ᱜᱚᱴᱟ ᱵᱷᱟᱨᱚᱛ ᱵᱮᱲᱦᱟᱭᱛᱮ ᱩᱱᱤᱨᱮᱱ ᱟᱭᱢᱟ ᱠᱷᱚᱞᱤᱯᱷᱟ ᱦᱚᱸᱠᱩ ᱛᱟᱦᱮᱸᱠᱟᱱᱟ ᱾
चाहे वे कैसी भी निगाहें क्यों न देखें, सरक, मोक, भालू, और लगभग सभी बड़े - बड़े जानवरों पर हमला हो सकता है ।	ᱪᱮᱫ ᱯᱷᱚᱨᱚᱠ ᱦᱚᱸ ᱵᱟᱹᱱᱩᱜ-ᱟ ᱩᱱᱠᱩ ᱛᱤᱱᱟᱹᱜ ᱵᱤᱱᱚᱢᱨᱚ ᱠᱚ ᱧᱮᱞᱚᱜ-ᱟ, ᱵᱤᱥᱚᱱ, ᱮᱞᱠ, ᱪᱩᱴᱤᱭᱟᱹᱠᱚ, ᱵᱟᱱᱟᱠᱚ, ᱟᱨ ᱯᱨᱟᱭ ᱡᱷᱚᱛᱚ ᱢᱟᱨᱟᱝ ᱡᱟᱱᱣᱟᱨ ᱠᱚ ᱟᱠᱨᱚᱢᱚᱬ ᱫᱟᱲᱮᱭᱟᱜ ᱜᱮᱭᱟᱠᱚI
ओह, यह अजीब है.	ᱳᱦ, ᱱᱚᱶᱟᱫᱚ ᱪᱤᱱᱛᱟ, ᱟᱱᱟᱜᱼᱜᱮ ᱾
मोंटपेलियर का एरोन्डिसमेंट: मोंटपेलियर का एरोन्डिसमेंट फ्रांस का एक एरोन्डिसमेंट है।	ᱢᱚᱱᱴᱯᱮᱞᱤᱭᱟ ᱨᱮᱭᱟᱜ ᱮᱹᱨᱳᱱᱰᱤᱥᱢᱮᱱᱴ ᱫᱚ ᱯᱷᱨᱟᱱᱥ ᱨᱮᱭᱟᱜ ᱢᱤᱫᱴᱟᱝ ᱮᱹᱨᱳᱱᱰᱤᱥᱢᱮᱱᱴ ᱾
डीएफएसजी (DFSG) डेबियन सोशल कॉन्ट्रैक्ट का हिस्सा है।	ᱰᱤ ᱮᱯᱷ ᱮᱥ ᱡᱤ ᱫᱚ ᱰᱮᱵᱤᱭᱟᱱ ᱥᱟᱣᱛᱟ ᱪᱩᱠᱛᱤ ᱨᱮᱭᱟᱜ ᱦᱤᱸᱥ ᱠᱟᱱᱟ ᱾
उस खेल में गंदे टैकल और जानबूझकर किए गए फाउल घिनौने थे।	ᱚᱱᱟ ᱠᱷᱮᱞᱳᱰ ᱨᱮ ᱟᱹᱰᱤ ᱵᱟᱹᱲᱤᱡ ᱴᱮᱹᱠᱚᱞ ᱟᱨ ᱤᱪᱽᱪᱷᱟᱹ ᱠᱟᱛᱮ ᱯᱷᱟᱣᱩᱞ ᱠᱚᱫᱚ ᱟᱹᱰᱤ ᱵᱮᱡᱟᱨᱟᱱᱟᱜ ᱛᱟᱦᱮᱸ ᱠᱟᱱᱟ ᱾
मुझे विश्वास नहीं हो रहा कि दुकान आज बंद है! आज कोई छुट्टी भी नहीं है।	ᱤᱧ ᱵᱟᱹᱧ ᱯᱟᱹᱛᱭᱟᱹᱣ ᱫᱟᱲᱮᱭᱟᱜ ᱠᱟᱱᱟ ᱡᱮ ᱛᱮᱦᱮᱧ ᱫᱚ ᱫᱚᱠᱟᱱ ᱵᱚᱱᱫᱚ ᱜᱮᱭᱟ ! ᱛᱮᱦᱮᱧ ᱦᱚᱸ ᱪᱷᱩᱴᱤ ᱵᱟᱹᱱᱩᱜᱼᱟ ᱾
क्या कभी जलवायु की प्रकृति ने आपको राज्य छोड़ने के लिए प्रेरित किया है?	ᱦᱚᱭᱞᱚᱝ ᱨᱮ ᱥᱟᱪᱟᱨᱦᱮᱫ ᱪᱮᱫ ᱟᱢ ᱯᱚᱱᱚᱛ ᱵᱟᱹᱜᱤ ᱨᱮᱭᱟᱜ ᱮ ᱵᱚᱲᱦᱮᱭᱮᱫ ᱢᱮᱭᱟ ?
इन सब बातों और अतिरिक्‍त विशिष्ट ऑन्टेरीयो को बाहरवालों द्वारा दी जानेवाली कनाडा कहा जाता है ।	ᱱᱚᱶᱟ ᱡᱷᱚᱛᱚ ᱡᱤᱱᱤᱥ ᱟᱨ ᱚᱸᱴᱟᱨᱤᱭᱟ ᱠᱚ ᱵᱟᱦᱨᱮ ᱦᱚᱲ ᱦᱚᱛᱮᱛᱮ ᱯᱟᱨ ᱮᱠᱥᱮᱞᱮᱸᱥ ᱨᱩᱯ ᱛᱮ ᱠᱟᱱᱟᱰᱟᱭᱤ ᱨᱮᱱᱟᱝ ᱨᱩᱯ ᱛᱮ ᱩᱡᱟᱜᱟᱨ ᱮᱫᱟᱭ᱾
मैंने अपनी तरफ से हुई त्रुटि को नोट कर लिया है और मुझे आपको सूचित करते हुए खुशी हो रही है कि कोई व्यक्ति एक घंटे के भीतर पत्र लाएगा (कूरियर)।	ᱤᱧ ᱫᱚ ᱟᱞᱮ ᱯᱟᱦᱴᱟ ᱥᱮᱫ ᱠᱷᱚᱱ ᱦᱤᱲᱤᱡ ᱨᱮᱭᱟᱜ ᱢᱤᱫᱴᱟᱝ ᱱᱳᱴ ᱤᱧ ᱠᱚᱨᱟᱣ  ᱟᱠᱟᱫᱟ ᱟᱨ ᱟᱢ ᱵᱟᱰᱟᱭ ᱦᱚᱪᱚ ᱠᱟᱛᱤᱧ ᱠᱩᱥᱤ ᱟᱠᱟᱱᱟ   ᱡᱮ ᱡᱟᱦᱟᱸᱭ ᱢᱤᱫ ᱴᱟᱲᱟᱝ ᱢᱩᱫᱨᱮ ᱪᱤᱴᱷᱤ ᱠᱚ ᱟᱹᱜᱩᱭᱟ (ᱠᱩᱨᱤᱭᱟᱨ)
कुछ सरकारी पहलें Swack Bakhhhyan की तरह (शुद्ध और पर्यावरण प्रदूषण पर पूरी तरह ध्यान देने के लिए, खुले हुए प्रवेश को समाप्त करने, और ठोस बेकार काम को रोकने के लिए) और नामी राज्य संघ ( प्रदूषण, चिकित्सा और नदी की पुनःसंत्रीय कमी) का उल्लेख करने के योग्य हैं।	ᱥᱚᱪᱪᱷᱚ ᱵᱷᱟᱨᱚᱛ ᱚᱵᱷᱤᱡᱟᱱ (ᱥᱟᱯᱷᱟᱼᱥᱟᱹᱯᱷᱤᱭ ᱪᱮᱛᱟᱱ ᱢᱟᱹᱱᱢᱤ ᱠᱚᱨᱮ ᱪᱤᱨᱜᱟᱹᱞ ᱟᱹᱜᱩᱭ ᱟᱨ ᱞᱟᱭᱚᱝ ᱨᱮᱭᱟᱜ ᱫᱩᱥᱱᱟᱹᱣ, ᱵᱟᱨᱦᱮᱨᱮ ᱴᱟᱹᱱᱰᱤᱛᱮᱭ ᱧᱮᱞ ᱥᱟᱢᱴᱟᱣ, ᱟᱨ ᱠᱮᱴᱮᱡ ᱫᱟᱱᱫᱮᱨ ᱛᱚᱫᱟᱨᱚᱠᱤᱭᱨᱮ ᱩᱛᱷᱱᱟᱹᱣ) ᱟᱨ ᱱᱟᱢᱟᱢᱤ ᱜᱟᱝᱜᱮ (ᱫᱩᱥᱱᱟᱹᱣᱨᱮ ᱧᱮᱞᱡᱚᱝ ᱞᱮᱠᱟᱱ ᱠᱚᱢᱟᱣ, ᱡᱚᱛᱱᱟᱣ ᱟᱨ ᱜᱚᱝᱜᱟ ᱱᱟᱹᱭ ᱨᱮᱭᱟᱜ ᱡᱤᱣᱮᱫ ᱨᱩᱣᱟᱹᱲ) ᱞᱮᱠᱟᱱ ᱠᱤᱪᱪᱷᱤ ᱥᱚᱨᱠᱟᱨᱤ ᱠᱟᱹᱢᱤᱦᱚᱨᱟ ᱫᱚ ᱱᱚᱸᱰᱮ ᱢᱟᱹᱱᱼᱮ ᱥᱚᱫᱚᱨᱮᱫᱟ ᱾
उन्हें अर्लिंग्टन, वर्जीनिया के अर्लिंग्टन राष्ट्रीय कब्रिस्तान में दफनाया गया था।	ᱩᱱᱤ ᱫᱚ ᱵᱷᱟᱨᱡᱤᱱᱤᱭᱟ ᱨᱮᱭᱟᱜ ᱟᱨᱞᱤᱝᱴᱚᱱ ᱨᱮᱭᱟᱜ ᱟᱨᱞᱤᱝᱴᱚᱱ ᱡᱟᱹᱛᱤᱭᱟᱹᱨᱤ ᱛᱚᱯᱟ ᱴᱷᱟᱣ ᱨᱮᱠᱚ ᱛᱚᱯᱟ ᱞᱮᱫᱮᱭᱟ ᱾
मुझसे 1000 लोगों की भीड़ के सामने बोलने के लिए कहा गया था। जैसे ही मैंने मंच पर कदम रखा, मेरे पैर कांपने लगे और मेरा मुंह सूख गया।	ᱤᱧᱫᱚ 1000 ᱨᱟᱹᱥᱤᱭᱟᱹ ᱠᱚ ᱥᱟᱢᱟᱝ ᱨᱮ ᱞᱟᱹᱭ ᱠᱚ ᱢᱮᱛᱟᱫᱤᱧ ᱛᱟᱦᱮᱸ ᱾ ᱢᱚᱧᱪᱚᱨᱮ ᱡᱟᱝᱜᱟ ᱫᱚᱦᱚ ᱥᱟᱣ ᱥᱟᱣᱛᱮ ᱤᱧᱟᱜ ᱡᱟᱸᱜᱟ ᱛᱷᱟᱨ ᱛᱷᱟᱨᱟᱜ ᱠᱟᱱ ᱛᱟᱦᱮᱸ ᱟᱨ ᱤᱧᱟᱜ ᱢᱚᱪᱟ ᱨᱚᱦᱚᱲ ᱞᱮᱱᱟ ᱾
सन्‌ 2000 में, सन्‌ 1990 में, जे. पी. पी.	ᱵᱤᱡᱮᱰᱤ ᱯᱨᱟᱹᱨᱛᱷᱤ ᱞᱮᱠᱟᱛᱮ ᱒᱐᱐᱐ ᱥᱟᱞᱨᱮ, ᱡᱮᱰᱤ ᱯᱨᱟᱹᱨᱛᱷᱤ ᱞᱮᱠᱟᱛᱮ ᱑᱙᱙᱐ᱼᱨᱮ ᱟᱨ ᱡᱮᱮᱱᱯᱤ ᱯᱨᱟᱹᱨᱛᱷᱤ ᱞᱮᱠᱟᱛᱮ ᱑᱙᱗᱗ᱼᱨᱮ ᱱᱤᱭᱟᱹ ᱜᱚᱫᱤᱨᱮᱭ ᱡᱤᱛᱠᱟᱹᱨᱮᱱᱟ ᱩᱱᱤᱨᱮᱱ ᱟᱯᱟᱛ ᱚᱫᱚᱭᱛᱚ ᱯᱨᱚᱥᱟᱫ ᱥᱤᱝ ᱾
कई पुस्तकें विशेष सॉफ्टवेयर के विवरण में विशेषज्ञता रखती हैं।	ᱟᱭᱢᱟ ᱯᱚᱛᱚᱵ ᱠᱚᱜᱮ ᱵᱤᱥᱟᱹᱥ ᱥᱚᱯᱷᱴᱳᱣᱮᱨ ᱨᱮᱭᱟᱜ ᱵᱚᱨᱱᱚᱱ ᱨᱮ ᱠᱚ ᱜᱟᱹᱠᱷᱩᱲᱟ ᱾
बार्टन को नव निर्मित मारा लिंगा भूमि अधिकार परिषद का प्रशासक नियुक्त किया गया था।	ᱵᱟᱨᱴᱚᱱ ᱨᱮ ᱱᱟᱶᱟᱛᱮ ᱵᱮᱱᱟᱣ ᱢᱟᱨᱟᱞᱤᱝᱜᱟ ᱞᱮᱹᱱᱰ ᱨᱟᱭᱤᱴᱥ ᱠᱟᱣᱩᱱᱥᱤᱞ ᱨᱮᱱ ᱯᱨᱚᱥᱟᱥᱚᱠ ᱠᱚ ᱵᱟᱦᱟᱞ ᱞᱮᱱᱟ ᱾
ᱫᱟᱭᱟ ᱠᱟᱛᱮ ᱱᱚᱣᱟ ᱚᱞ ᱢᱮ	कृपया इसे लिख लें
उस समय यह एक बहुत नया विचार था।	ᱱᱚᱶᱟ ᱚᱠᱛᱚᱨᱮ ᱱᱚᱶᱟ ᱫᱚ ᱢᱤᱫᱴᱟᱝ ᱟᱹᱰᱤ ᱱᱟᱣᱟ ᱩᱭᱦᱟᱹᱨ ᱛᱟᱦᱮᱸ ᱠᱟᱱᱟ ᱾
हाँ, और मुझे शक है कि अगर आप इसे समय पर घर बनाने में सक्षम हो जाएगा.	ᱦᱮᱸ, ᱟᱨ ᱤᱧᱟᱜ ᱦᱤᱸᱫᱤᱡᱽ ᱫᱚ ᱡᱩᱫᱤ ᱟᱢ ᱫᱚ ᱚᱠᱛᱚ ᱢᱩᱫᱨ ᱤᱧᱟᱜ ᱚᱲᱟᱜ ᱨᱮᱢ ᱥᱮᱴᱮᱨ ᱫᱟᱲᱮᱭᱟᱜᱼᱟ ᱾
1999 में उन्हें हंगेरियन फोटोग्राफर्स एसोसिएशन लाइफटाइम अचीवमेंट अवार्ड से सम्मानित किया गया।	᱑᱙᱙᱙ ᱥᱟᱞ ᱨᱮ ᱩᱱᱤ ᱫᱚ ᱦᱟᱝᱜᱮᱨᱤᱭᱟᱱ ᱯᱷᱳᱴᱳᱜᱨᱟᱯᱷᱟᱨ ᱮᱥᱳᱥᱤᱭᱮᱥᱚᱱ ᱞᱟᱭᱤᱯᱷ ᱴᱟᱭᱤᱢ ᱮᱪᱷᱤᱵᱷᱢᱮᱱᱴ ᱮᱣᱟᱨᱰᱮ ᱮᱢ ᱚᱪᱚᱞᱮᱱᱟ ᱾
सत्ताईस	ᱠᱩᱲᱤ ᱮᱭᱟᱭ
मैं इस विषय में इतना कमजोर हूँ कि मुझे इससे संबंधित किताबें पढ़ने से डर लगता है।	ᱤᱧ ᱫᱚ ᱱᱚᱣᱟ ᱥᱟᱛᱟᱢ ᱨᱮ ᱱᱩᱱᱟᱹᱜ ᱜᱮᱧ ᱵᱟᱹᱲᱤᱡ ᱜᱮᱭᱟ ᱡᱮ ᱤᱧ ᱫᱚ ᱱᱚᱣᱟ ᱥᱟᱣ ᱡᱚᱯᱚᱲᱟᱣ ᱯᱚᱛᱚᱵ ᱠᱚ ᱯᱟᱲᱦᱟᱣᱤᱧ ᱵᱚᱛᱚᱨᱟᱜᱼᱟ ᱾
मैं अपने काम शुरू करने से पहले रोज़ दिन भर काम करने की कोशिश करता हूँ ।	ᱤᱧ ᱫᱤᱱᱟᱹᱢᱜᱮ ᱥᱮᱛᱟᱜ ᱵᱮᱲᱟ ᱠᱟᱹᱢᱤ ᱮᱛᱚᱦᱚᱵ ᱢᱟᱲᱟᱝᱨᱮ ᱨᱮᱣᱟᱡᱽ ᱤᱧ ᱨᱤᱠᱟᱹᱭᱟ ᱾
इस वजह से इनकी मात्रा कम हो सकती है ।	ᱥᱴᱟᱥᱚᱥᱯᱷᱤᱭᱟᱨ ᱥᱟᱞᱯᱷᱮᱴ ᱮᱨᱳᱥᱚᱞ ᱨᱮᱭᱟᱜ ᱨᱟᱥᱟᱭᱱᱤᱠ ᱵᱤᱠᱨᱤᱭᱟ ᱳᱡᱚᱱ ᱛᱷᱟᱨ ᱨᱮᱭᱟᱜ ᱦᱟᱹᱱ ᱠᱚᱨᱟᱣ ᱫᱟᱲᱮᱭᱟᱜᱼᱟᱭ ᱟᱨ ᱦᱟᱭᱰᱨᱳᱡᱮᱱ ᱠᱞᱳᱨᱟᱭᱤᱰ (ᱮᱭᱤᱪ ᱥᱤ ᱟᱭ) ᱟᱨ ᱦᱟᱭᱰᱨᱳᱡᱮᱱ ᱯᱷᱚᱞᱳᱨᱟᱭᱤᱰ (ᱮᱭᱤᱪ ᱮᱯ) ᱞᱮᱠᱟᱱ ᱮᱥᱤᱰ ᱦᱟᱥᱟ ᱪᱮᱛᱟᱱ ᱮᱥᱤᱰ ᱫᱟᱜ ᱡᱟᱹᱲᱤ ᱠᱟᱛᱮ ᱧᱩᱨ ᱫᱟᱲᱮᱭᱟᱜᱼᱟ ᱾
उन दोनों के बीच कोई संबंध नहीं है.	ᱟᱥᱚᱞᱨᱮ ᱱᱚᱶᱟᱠᱤᱱ ᱢᱩᱫᱽᱨᱮ ᱚᱠᱟ ᱥᱟᱹᱜᱟᱹᱭᱜᱮ ᱵᱟᱹᱱᱩᱜᱼᱟ ᱿
उसका स्वास्थ्य बीमा स्टार स्वास्थ्य बीमा था ।	ᱩᱱᱤᱭᱟᱜ ᱥᱟᱶᱟᱨ ᱵᱤᱢᱟᱹᱫᱚ ᱥᱴᱟᱨ ᱥᱟᱶᱟᱨ ᱵᱤᱢᱟᱹ ᱛᱟᱦᱮᱸᱠᱟᱱᱟ ᱾
सन्‌ 2016 में, सन्‌ 1616 की जीत के बारे में बॉब डेंटन शहर में जीत हासिल करने में नाकाम रहा ।	ᱚᱛᱮ ᱢᱟᱦᱟᱸ, ᱥᱟᱨᱟ ᱰᱟᱱᱤᱭᱚᱥ, ᱥᱣᱮᱫᱤᱥ ᱟᱠᱟᱫᱮᱢᱤ ᱥᱟᱶᱦᱮᱫ ᱨᱮᱭᱟᱜ ᱱᱩᱵᱮᱞ ᱠᱩᱢᱩᱴ ᱨᱤᱱᱤᱡ ᱛᱷᱟᱱᱤᱛ ᱥᱩᱛᱨᱮᱛ, ᱥᱣᱮᱨᱤᱜᱽᱥ ᱨᱤᱰᱤᱭᱚ ᱨᱮᱭᱟᱜ ᱢᱤᱫ ᱯᱨᱚᱜᱨᱟᱢᱚᱨ ᱨᱮ ᱦᱚᱲ ᱛᱟᱞᱟᱨᱮ ᱞᱟᱹᱭ ᱞᱮᱜ-ᱟᱭ ᱡᱮ ᱒᱐᱑᱖ ᱨᱮ ᱥᱟᱶᱦᱮᱫ ᱨᱤᱱᱤᱡ ᱱᱳᱵᱮᱞ ᱡᱤᱛᱠᱟᱹᱨᱤᱭᱟᱹ ᱵᱚᱵᱽ ᱰᱟᱭᱞᱟᱱ ᱴᱷᱮᱱ ᱵᱟᱝ ᱥᱮᱴᱮᱨ ᱞᱮᱱᱟ, ᱱᱚᱶᱟ ᱫᱚ ᱚᱱᱟ ᱞᱟᱹᱜᱤᱫ ᱢᱤᱫ ᱠᱩᱨᱩᱢᱩᱴᱩ᱾
अगर मैं समय पर कक्षा में शामिल नहीं हुआ, तो मैडम मुझे फिर से डांटेंगी।	ᱤᱧ ᱫᱚ ᱡᱩᱫᱤ ᱚᱠᱛᱚ ᱞᱮᱠᱟᱛᱮ ᱠᱞᱟᱥ ᱨᱮ ᱵᱟᱹᱧ ᱥᱮᱞᱮᱫ ᱫᱟᱲᱮᱭᱟᱜᱼᱟ, ᱢᱟᱪᱮᱫᱟᱹᱱᱤ ᱫᱚ ᱤᱧ ᱟᱨᱦᱚᱸᱭ ᱮᱜᱮᱨᱤᱧᱟ ᱾
हमारे पास जेल के क्षेत्रों में 3 स्कूलों है.	ᱵᱚᱥᱛᱤ ᱴᱚᱴᱷᱟᱨᱮ ᱟᱞᱮᱭᱟᱜ ᱓ ᱤᱥᱠᱩᱞ ᱢᱮᱱᱟᱜᱼᱟ ᱾
क्या कोई रोमांचक टैग मेल खाता है?	ᱡᱟᱦᱟᱱ ᱪᱤᱨᱜᱟᱹᱞᱟᱱᱟᱜ ᱴᱮᱜ ᱢᱮᱪ ᱢᱮᱱᱟᱜᱼᱟ ?
तुम मेरे जीवन में बहुत सारा आनंद और खुशियाँ लाते हो। मैं तुम्हें पाकर खुद को भाग्यशाली महसूस करता हूँ।	ᱟᱢ ᱫᱚ ᱤᱧᱟᱜ ᱡᱤᱭᱚᱱ ᱨᱮ ᱟᱭᱢᱟ ᱨᱟᱹᱥᱠᱟᱹ ᱟᱨ ᱥᱩᱠᱷᱮᱢ ᱟᱹᱜᱩᱭᱟ ᱾ ᱟᱢ ᱧᱟᱢ ᱠᱟᱛᱮᱫ ᱤᱧ ᱵᱷᱟᱹᱜᱟᱱᱤᱧ ᱦᱩᱭ ᱟᱠᱟᱱᱟ ᱾
इस चैरिटी को बाद में ओपेरा नाज़ियोनेल कॉम्बैटेंटी कहा गया।	ᱫᱟᱱ ᱟᱱ ᱴᱷᱟᱣ ᱫᱚ ᱛᱟᱭᱚᱢᱛᱮ ᱚᱯᱮᱨᱟ ᱱᱟᱞᱤᱣᱱᱟᱞᱮ ᱠᱚᱢᱵᱮᱹᱴᱮᱱᱴᱤ ᱢᱮᱱᱛᱮ ᱞᱟᱹᱭ ᱦᱩᱭᱩᱜᱼᱟ ᱾
इसलिए मंदिर के दरवाज़े इस संसार में किसी भी पूर्वधारणा या सामाजिक पक्षपात के बिना सब के खुले हैं ।	ᱚᱱᱟᱛᱮ ᱜᱩᱨᱩᱫᱟᱨ ( ᱜᱩᱨᱩᱼᱟᱦ ᱚᱲᱟᱜ ) ᱧᱩᱛᱩᱢᱟᱱ ᱥᱤᱠᱷ ᱢᱩᱱᱫᱤᱨ ᱨᱮᱭᱟᱜ ᱫᱩᱣᱟᱹᱨᱱᱚᱶᱟ ᱫᱷᱟᱹᱨᱛᱤᱨᱮᱱ ᱥᱟᱱᱟᱢ ᱦᱚᱲᱠᱚ ᱞᱟᱹᱜᱤᱫ ᱡᱷᱤᱡᱽ ᱢᱮᱱᱟᱜᱼᱟ ᱡᱟᱸᱦᱟ ᱞᱮᱠᱟᱱ ᱵᱷᱮᱯᱮᱜᱮᱫ ᱥᱮ ᱥᱟᱶᱛᱟ ᱵᱷᱮᱯᱮᱜᱮᱫ ᱪᱷᱟᱰᱟᱜᱮ ᱾
A55 ऑटोरूट: A55 ऑटोरूट दक्षिणी फ्रांस में एक टोल-मुक्त मोटरवे है।	ᱮ᱕᱕ ᱚᱴᱳᱨᱩᱴ ᱮ᱕᱕ ᱚᱴᱳᱨᱩᱴ ᱫᱚ ᱫᱚᱠᱠᱷᱤᱱ ᱯᱷᱨᱟᱱᱥ ᱨᱮᱭᱟᱜ ᱢᱤᱫᱴᱟᱝ ᱵᱤᱱ ᱜᱚᱱᱚᱝ ᱨᱮᱭᱟᱜ ᱢᱳᱴᱚᱨᱣᱮ ᱾
सन्‌ 1851 में ब्रिटिश युग के दौरान बनाया गया था, यह संग्रहालय उन लोगों के लिए एक आदर्श जगह है जो इतिहास और कला की ओर प्रवृत्त हैं ।	᱑᱘᱕᱑ ᱥᱟᱹᱦᱤᱛ ᱨᱮ ᱵᱨᱤᱴᱤᱥ ᱡᱩᱜ ᱨᱮ ᱛᱷᱟᱯᱚᱱ ᱞᱮᱱᱟ, ᱡᱟᱹᱫᱩᱚᱲᱟᱜ ᱫᱳ ᱱᱟᱜᱟᱢ ᱟᱨ ᱠᱟᱹᱨᱤ ᱥᱮᱡᱽ ᱡᱟᱦᱟᱸᱭ ᱜᱚᱨᱚᱡ ᱢᱮᱱᱟᱜ ᱛᱟᱠᱚᱣᱟ ᱚᱱᱟᱠᱱ ᱦᱚᱲ ᱞᱟᱹᱜᱤᱫ ᱢᱤᱫ ᱱᱤᱯᱟᱹᱴ ᱴᱷᱟᱶ ᱠᱟᱱᱟ ᱾
मैं भाग्यशाली था कि मुझे आज 'आदिपुरुष' के लिए दोपहर के शो के टिकट मिल गए। क्या आपने इसे देखा?	ᱤᱧᱟᱹᱜ ᱚᱞᱚᱝ ᱵᱷᱟᱹᱜᱤᱭᱟ ᱡᱮ  ᱛᱮᱦᱮᱧ ᱤᱧ 'ᱟᱫᱤᱯᱩᱨᱩᱥ' ᱟᱜ ᱢᱮᱴᱤᱱᱤ ᱴᱤᱠᱤᱴᱤᱧ ᱧᱟᱢ ᱟᱠᱟᱫᱟ ᱾  ᱟᱢ ᱪᱮᱫ ᱱᱚᱶᱟᱢ ᱧᱮᱞ ᱟᱠᱟᱫᱟ?
यह बहुत अच्छा लग रहा था.	ᱚᱱᱟ ᱧᱮᱞ ᱛᱟᱭᱚᱢ ᱟᱹᱰᱤ ᱢᱚᱡᱽ ᱵᱩᱡᱷᱟᱹᱜ ᱠᱟᱱᱟ ᱾
ES अंततः ए.T.टी. में सैकड़ों नौकरियों का निर्माण किया. Kekyyyyyyyi, वापस कार्यालय कार्य, और अंत में stad A. T. Tieryy के मुख्यालय को प्लानी के लिए, टेक्सास.	ᱤᱹ ᱰᱤᱹ ᱮᱥ ᱢᱩᱪᱟᱹᱫᱽᱨᱮ ᱮᱹ ᱴᱤᱹ ᱠᱤᱭᱟᱨᱱᱤ ᱨᱮᱱ ᱥᱟᱭ ᱠᱷᱚᱱ ᱵᱟᱹᱲᱛᱤ ᱠᱟᱹᱢᱤᱭᱟᱹ ᱳᱰᱳᱠ ᱠᱮᱫ ᱠᱚᱣᱟ, ᱠᱷᱩᱛᱤ ᱯᱩᱨᱩᱱ ᱠᱚ ᱠᱚᱢ ᱠᱮᱫᱟ, ᱵᱮᱠᱼᱚᱯᱷᱤᱥ ᱠᱟᱹᱢᱤᱠᱚ ᱠᱩᱪᱤᱛ ᱠᱮᱫᱟ, ᱟᱨ ᱮᱹ ᱴᱤ ᱠᱤᱭᱟᱨᱱᱤᱼᱟᱜ ᱢᱩᱠᱷᱤᱭᱟᱹ ᱟᱹᱯᱤᱥ ᱢᱩᱪᱟᱹᱫ ᱦᱟᱹᱵᱤᱡᱽᱛᱮ ᱥᱤᱠᱟᱜᱳ ᱠᱷᱚᱱ ᱯᱞᱮᱱᱳᱨᱮ ᱩᱪᱷᱟᱹᱲ ᱦᱩᱭᱞᱮᱱᱟ ᱾
यह शब्द यूगा से लिया गया है ।	ᱡᱳᱜ ᱟᱹᱲᱟᱹ ᱫᱚ ᱥᱚᱝᱥᱠᱨᱤᱛ ᱨᱮᱭᱟᱜ ᱢᱩᱲᱩᱫ ᱭᱩᱡ ᱠᱷᱚᱱ ᱦᱮᱡ ᱟᱠᱟᱱᱟ, ᱡᱟᱸᱦᱟ ᱨᱮᱭᱟᱜ ᱢᱮᱱᱮᱫ ᱥᱮᱞᱮᱫ ᱠᱟᱜ ᱥᱮ ᱡᱟᱣᱨᱟ ᱠᱟᱜ ᱥᱮ ᱢᱤᱫ ᱴᱷᱮᱱᱚᱜ ᱾
मैंने आपको पहले ही दस बार बताया है कि मैंने अपने क्रेडिट कार्ड बिल का भुगतान करने की कोशिश की थी लेकिन बैंक सर्वर में कोई समस्या थी। यह मेरी गलती नहीं है!	ᱱᱤᱛ ᱫᱷᱟᱹᱵᱤᱡᱛᱮ ᱤᱧ ᱫᱚ ᱟᱢ ᱜᱮᱞ ᱫᱷᱟᱣᱤᱧ ᱢᱮᱱ ᱟᱠᱟᱫ ᱢᱮᱭᱟ ᱡᱮ ᱤᱧ ᱫᱚ ᱤᱧᱟᱜ ᱠᱨᱮᱰᱤᱴ ᱠᱟᱨᱰ ᱨᱮᱭᱟᱜ ᱵᱤᱞ ᱢᱮᱴᱟᱣ ᱨᱮᱭᱟᱜᱤᱧ ᱠᱩᱨᱩᱢᱩᱴᱩ ᱟᱠᱟᱫᱟ ᱢᱮᱱᱠᱷᱟᱱ ᱵᱮᱝᱠ ᱨᱮᱭᱟᱜ ᱥᱟᱨᱵᱷᱟᱨ ᱨᱮ ᱟᱡᱷᱟᱴ ᱛᱟᱦᱮᱠᱟᱱᱟ ᱾ ᱱᱚᱣᱟ ᱫᱚ ᱤᱧᱟᱜ ᱜᱟᱹᱞᱛᱤ ᱫᱚ ᱵᱟᱝ ᱠᱟᱱᱟ !
आप यहाँ मेरी मदद करने की उम्मीद नहीं कर सकते	ᱤᱧ ᱜᱚᱲᱚ ᱨᱮᱭᱟᱜ ᱫᱚ ᱱᱚᱸᱰᱮ ᱟᱞᱚᱢ ᱟᱸᱥ ᱵᱟᱲᱟᱜᱼᱟ ᱾
कॉफ़ी	ᱠᱚᱯᱷᱤ
आप के लिए, मैडम, हम तीन दस्तावेज़ों की जरूरत होगी.	ᱟᱢ ᱞᱟᱹᱜᱤᱫ, ᱢᱮᱢ, ᱟᱞᱮᱭᱟᱜ ᱯᱮᱭᱟ ᱱᱚᱛᱷᱤ ᱞᱟᱜᱟᱜᱼᱟ ᱾
असल घटनाओं से जुड़े रहने का क्या मतलब है?	ᱥᱟᱹᱨᱤᱭᱟᱜ ᱦᱟᱞᱚᱛ ᱥᱟᱶ ᱢᱮᱥᱟᱭ ᱢᱮᱱᱛᱮ ᱫᱚ ᱟᱢ ᱪᱮᱫ ᱵᱩᱡᱷᱟᱹᱣ ᱟᱪᱚᱭᱮᱫᱟ ?
जी हाँ, यह उनके लिए एक प्रोत्साहक होगा ।	ᱦᱮᱸ, ᱚᱱᱟ ᱫᱚ ᱩᱝᱠᱩ ᱞᱟᱹᱜᱤᱫ ᱩᱫᱜᱟᱹᱣᱟᱱᱟᱜᱽ ᱦᱩᱭᱩᱜᱼᱟ ᱾
शुभ संध्या	ᱥᱟᱹᱜᱩᱱ ᱥᱤᱸᱜᱟᱹᱲ
ZNm के बिना कोई सड़क यात्रा नहीं है और Dila Hy Hi गीत के बिना.	ᱡᱮᱰᱮᱱᱮᱢᱰᱤ ᱟᱨ ᱫᱤᱞ ᱪᱟᱦᱟᱛᱟ ᱦᱮ ᱥᱮᱨᱮᱧ ᱪᱷᱟᱰᱟ ᱚᱠᱟ ᱨᱳᱰ ᱴᱨᱤᱯ ᱜᱮ ᱵᱟᱝ ᱠᱟᱱᱟ ᱾
मुझे अपना ही पैसा वापस पाने के लिए 15 महीने तक इंतजार करना पड़ा।	ᱤᱧᱟᱹᱜ ᱠᱟᱹᱣᱰᱤ ᱨᱩᱣᱟᱹᱲ ᱧᱟᱢ ᱞᱟᱹᱜᱤᱫ ᱑᱕ ᱪᱟᱸᱫᱚ ᱛᱟᱺᱜᱤ ᱦᱩᱭᱩᱜ ᱛᱤᱧᱟᱹ ᱾
लेकिन, यह मुश्किल होगा 9 मई एक दिन है.	᱙ ᱢᱮ ᱚᱛᱮ ᱢᱟᱦᱟ ,ᱱᱚᱶᱟ ᱟᱡᱷᱟᱴ ᱦᱩᱭ ᱰᱟᱲᱮᱭᱟᱜᱼᱟ ᱾
हर शहर की अलग - अलग पसंद होती है ।	ᱯᱟᱧᱡᱟᱵ ᱨᱮᱭᱟᱜ ᱢᱤᱢᱤᱫ ᱥᱟᱦᱟᱨ ᱨᱮᱭᱟᱜ ᱵᱮᱜᱟᱨ ᱵᱮᱜᱟᱨ ᱠᱩᱥᱤᱭᱟᱜ ᱢᱮᱱᱟᱜᱼᱟ, ᱡᱮᱞᱮᱠᱟ ᱚᱢᱨᱤᱛᱥᱚᱨ ᱨᱮᱱ ᱦᱚᱲ ᱠᱩ ᱫᱚ ᱵᱤᱥᱟᱹᱥ ᱠᱟᱭᱛᱮ ᱚᱢᱨᱤᱛᱥᱚᱨᱤ ᱠᱩᱞᱪᱷ, ᱢᱚᱥᱞᱟᱣᱟᱱ ᱯᱟᱨᱟᱴᱷᱟ ᱟᱨ ᱛᱚᱣᱟ ᱫᱩᱨᱤᱵ ᱠᱩ ᱠᱩ ᱠᱩᱥᱤᱭᱟᱜᱼᱟ ᱾
मेरे पास सात मेज़ हैं।	ᱤᱧ ᱴᱷᱮᱱ ᱮᱭᱟᱭ ᱜᱚᱴᱟᱝ ᱴᱮᱵᱩᱞ ᱢᱮᱱᱟᱜᱼᱟ ᱠᱚᱣᱟ।
आप सिर्फ के रूप में अच्छी तरह से कीमत पुष्टि कर सकते हैं?	ᱟᱢ ᱫᱚ ᱪᱮᱫ ᱜᱚᱱᱚᱝ ᱦᱚᱸᱢ ᱴᱷᱟᱹᱣᱠᱟᱹ ᱫᱟᱲᱮᱭᱟᱜᱼᱟ ?
साइबरस्टॉकिंग तब होती है जब पीछा करने वाला उस व्यक्ति से संपर्क करने या उसका पीछा करने के लिए इंटरनेट का उपयोग करता है।	ᱥᱟᱭᱵᱟᱨᱥᱴᱮᱠᱤᱝ ᱫᱚ ᱦᱩᱭᱩᱜ ᱠᱟᱱᱟ ᱛᱤᱱᱨᱮ ᱥᱴᱚᱠᱟᱨ ᱫᱚ ᱩᱱᱤ ᱦᱚᱲ ᱥᱟᱶ ᱡᱳᱜᱟᱡᱳᱜ ᱨᱮᱭᱟᱜ ᱥᱮ ᱯᱟᱸᱡᱟᱭᱮ ᱞᱟᱹᱜᱤᱫ ᱤᱱᱴᱟᱨᱱᱮᱴᱼᱮ ᱵᱮᱵᱚᱦᱟᱨᱼᱟ ᱚᱱᱟ ᱾
बहुत धन्यवाद!	ᱱᱟᱯᱟᱭ ᱠᱟᱛᱷᱟ, ᱦᱳ ! ᱟᱭᱢᱟ ᱥᱟᱨᱦᱟᱣ !
जैसे ही रोलर कोस्टर की गति तेज हुई, एडेन के दिल की धड़कनें तेज हो गईं।	ᱨᱳᱞᱟᱨ ᱠᱳᱥᱴᱟᱨ ᱨᱮᱭᱟᱜ ᱜᱚᱛᱤ ᱰᱷᱮᱨᱚᱜ ᱥᱟᱶ ᱥᱟᱶᱛᱮ ᱮᱭᱰᱮᱱᱼᱟᱜ ᱱᱟᱹᱴᱠᱟᱹ ᱫᱚ ᱟᱹᱰᱤ ᱩᱥᱟᱹᱨᱟ ᱞᱮᱴᱮᱵᱚᱜ ᱠᱟᱱ ᱛᱟᱭ ᱛᱟᱦᱮᱸ ᱾
आज अनेक जीव - विज्ञानी मानते हैं कि भोजन - कर्मियों का एक समूह जीवित रहता है और आज जीवित है ।	ᱟᱭᱢᱟ ᱯᱮᱞᱮᱭᱳᱱᱴᱳᱞᱚᱡᱤᱥ ᱛᱤᱦᱤᱧ ᱠᱚ ᱢᱚᱱᱮᱭᱟ ᱡᱮ ᱰᱟᱭᱱᱮᱥᱚᱨ ᱨᱮᱱ ᱢᱤᱫ ᱜᱩᱥᱴᱤ ᱠᱚ ᱵᱟᱧᱪᱟᱣ ᱞᱮᱱᱟ ᱟᱨ ᱛᱤᱦᱤᱧ ᱦᱚᱸ ᱡᱤᱣᱟᱹᱫ ᱢᱮᱱᱟᱜ ᱠᱚᱣᱟ᱾ ᱟᱵᱚ ᱫᱚ ᱩᱱᱠᱩ ᱪᱮᱸᱬᱮ ᱵᱚ ᱢᱮᱛᱟ ᱠᱚᱣᱟ᱾
मैं आप भाग्य का सबसे अच्छा चाहते हैं.	ᱟᱢᱟᱜ ᱠᱟᱹᱢᱤ ᱥᱟᱹᱜᱩᱱᱚᱜ ᱢᱟᱧ ᱠᱷᱚᱡᱽ ᱠᱟᱱᱟ ᱾
तुम मेरे जीवन पर मजाक कर सकते हो जो तुम चाहते हो.	ᱟᱢᱮᱢ ᱠᱷᱚᱡᱽ ᱠᱷᱟᱱ ᱤᱧᱟᱜ ᱡᱤᱭᱚᱱ ᱵᱟᱵᱚᱫᱽᱮᱢ ᱡᱳᱠᱥ ᱫᱟᱲᱮᱭᱟᱜᱼᱟ ᱾
इस समय के दौरान, ब्रिटिश लोग बंगाल के गवर्नरों के साथ संघर्ष में आए।	ᱱᱤᱭᱟᱹ ᱚᱠᱛᱚ, ᱵᱟᱝᱞᱟ ᱨᱮ ᱢᱩᱜᱷᱚᱞ ᱯᱚᱱᱚᱛ ᱜᱚᱝᱠᱮ ᱥᱟᱶ ᱞᱟᱹᱲᱦᱟᱹᱭ ᱨᱮᱭ ᱡᱚᱯᱲᱟᱣ ᱞᱮᱱᱟᱭ ᱤᱝᱨᱮᱡ ᱥᱟᱶ᱾
हमारे बच्चों ने बहुत सोच-समझकर अपनी माँ के जन्मदिन पर एक लैपटॉप खरीदा और उनका दिन बना दिया।	ᱟᱵᱳᱨᱮᱱ ᱜᱤᱫᱽᱨᱟᱹ ᱠᱚ ᱟᱹᱰᱤ ᱩᱭᱦᱟᱹᱨ ᱠᱟᱛᱮ ᱟᱭᱳᱣᱟᱜ ᱡᱟᱱᱟᱢ ᱢᱟᱦᱟ ᱞᱟᱹᱜᱤᱫ ᱢᱤᱫᱴᱟᱝ ᱞᱮᱯᱴᱚᱯ ᱠᱤᱨᱤᱧ ᱞᱮᱫᱟ ᱟᱨ ᱩᱱᱤᱭᱟᱜ ᱫᱤᱱ ᱮ ᱵᱮᱱᱟᱣ ᱞᱮᱫᱟ ᱾
लंबे वाक्यांश की तुलना में यह कहना तेज़ और छोटा है।	ᱱᱚᱶᱟ ᱡᱮᱞᱮᱧ ᱟᱹᱭᱟᱹᱛ ᱦᱤᱸᱥ ᱚᱱᱟᱛᱟᱭᱚᱢ ᱩᱥᱟᱹᱨᱟ ᱟᱨ ᱠᱷᱟᱴᱚᱜᱼᱟ ᱾
मैच आधे घंटे में शुरू हो रहा है। आप सबने अभी तक वार्म-अप क्यों नहीं किया?	ᱟᱫᱷᱟ ᱴᱟᱲᱟᱝ ᱠᱷᱟᱱ ᱜᱮ ᱢᱮᱪ ᱫᱚ ᱮᱛᱚᱦᱚᱯᱚᱜᱼᱟ ᱾ ᱪᱮᱫᱟᱜ ᱟᱯᱮ ᱫᱚ ᱡᱚᱛᱚ ᱠᱚᱜᱮ ᱦᱚᱲᱢᱚ ᱵᱟᱝ ᱯᱮ ᱞᱚᱞᱚ ᱟᱠᱟᱫᱟ ?
हालाँकि, हमें अपने हाल के ग्राहकों से कई शिकायतें मिली हैं जिनमें कहा गया है कि उत्पाद बहुत सस्ता (घटिया) दिखता है।	ᱡᱟᱦᱟᱜᱮ ᱦᱩᱭᱩᱜ, ᱟᱞᱮ ᱫᱚ ᱟᱞᱮᱨᱮᱱ ᱱᱟᱦᱟᱜ ᱠᱤᱨᱤᱧᱤᱭᱟᱹ ᱠᱚ ᱴᱷᱮᱱ ᱠᱷᱚᱱ ᱟᱭᱢᱟ ᱞᱟᱹᱞᱤᱥᱞᱮ ᱧᱟᱢ ᱟᱠᱟᱫᱟ ᱡᱮ ᱫᱩᱨᱤᱵ ᱫᱚ ᱟᱹᱰᱤ ᱥᱚᱥᱛᱟ ᱜᱮ ᱧᱮᱞᱚᱜ ᱠᱟᱱᱟ ᱢᱮᱱᱛᱮ ᱾
यू. यू. एस. ए.	USA ᱡᱤᱢᱱᱟᱥᱴᱤᱠ ᱭᱩᱱᱟᱭᱴᱮᱰ ᱥᱴᱮᱴᱥ-ᱟᱜ ᱚᱞᱢᱯᱤᱠ ᱠᱩᱢᱩᱴᱟᱜ ᱪᱤᱴᱷᱤ ᱠᱚ ᱢᱟᱱᱟᱣᱮᱫᱟ ᱟᱨ ᱚᱞᱚᱢᱯᱤᱠ ᱜᱷᱟᱨᱚᱸᱡᱽ ᱨᱮᱭᱟᱜ ᱡᱟᱦᱟᱸ ᱠᱷᱚᱡᱽ ᱠᱚ ᱢᱟᱱᱟᱣ ᱟᱛᱮ ᱥᱟᱱᱟᱢ ᱠᱷᱮᱞᱚᱸᱰᱤᱭᱟᱹ ᱠᱚ ᱞᱟᱹᱜᱤᱫ ᱱᱟᱯᱟᱭ ᱥᱟᱪᱟᱨᱦᱮ ᱠᱚ ᱯᱟᱥᱱᱟᱣᱮᱫᱟ᱾
Answers.com: Answers.com एक क्विज़ वेबसाइट है जिसमें कर्मचारी सवाल और जवाब बनाते हैं।	ᱮᱱᱥᱟᱨ ᱰᱚᱴ ᱠᱚᱢ ᱫᱚ ᱦᱩᱭᱩᱜ ᱠᱟᱱᱟ ᱢᱤᱫᱴᱟᱝ ᱠᱩᱭᱤᱡ ᱚᱭᱮᱵᱽᱥᱟᱭᱤᱴ ᱡᱟᱸᱦᱟᱨᱮ ᱠᱟᱹᱢᱤᱭᱟᱹ ᱠᱚ ᱠᱩᱠᱞᱤ ᱟᱨ ᱛᱮᱞᱟ ᱠᱚ ᱵᱮᱱᱟᱣᱟ ᱾
एक से तीन से तीन मादा नर पुरुषों में से एक पर घमंड किया जाता है, और इसके साथ - साथ तीस मादा और बच्चे भी ।	ᱜᱚᱨᱚᱵᱽ ᱢᱮᱱᱫᱚ ᱢᱤᱫᱴᱮᱱ ᱠᱷᱚᱱ ᱯᱮᱭᱟ ᱜᱟᱱ ᱟᱹᱱᱰᱤᱭᱟᱹ ᱠᱩᱞ ᱠᱚ ᱛᱟᱦᱮᱱᱟ, ᱚᱱᱟ ᱥᱟᱶ ᱯᱮ ᱜᱮᱞ ᱠᱷᱚᱱ ᱡᱟᱹᱥᱛᱤ ᱮᱝᱜᱟ ᱠᱩᱞ ᱟᱨ ᱦᱚᱯᱚᱱ ᱠᱚ᱾
मेरे दोस्त ने उसके तख्तों के लिए वास्तव में अच्छी तरह से किया था, तो वह किसी भी मूल्य आधारित प्रवेश द्वार में इक्का कर सकते हैं.	ᱤᱧᱨᱮᱱ ᱜᱟᱛᱤ ᱩᱱᱤᱭᱟᱜᱽ ᱵᱳᱰ ᱞᱟᱹᱜᱤᱫᱽ ᱥᱟᱹᱨᱤᱜᱤ ᱵᱷᱟᱜᱤᱭ ᱠᱚᱨᱟᱣᱟᱠᱟᱫᱟ, ᱚᱱᱟᱛᱮ ᱩᱱᱤ ᱫᱚ ᱡᱟᱦᱟᱸᱞᱮᱠᱟᱱ ᱡᱳᱜᱢᱟᱱᱟᱱ ᱵᱚᱞᱚᱱ ᱵᱤᱰᱟᱹᱣ ᱨᱮᱜᱤ ᱫᱟᱣᱮ ᱧᱟᱢ ᱫᱟᱲᱮᱭᱟᱜᱽᱼᱟ ᱾
इस आयत का ज़्यादातर हिस्सा 31 मुख्य रावों में बाँट दिया गया है ।	ᱡᱮᱞᱮᱧ ᱟᱨ ᱚᱱᱚᱞᱤᱭᱟ ᱞᱮᱠᱟᱛᱮ ᱢᱤᱢᱤᱫ ᱯᱩᱛᱷᱤ ᱨᱟᱜ ᱨᱮᱭᱟᱜ ᱪᱮᱛᱟᱱ ᱥᱮᱪ ᱥᱚᱦᱚ ᱟᱭᱢᱟᱞᱟᱹᱴᱩ ᱫᱷᱚᱨᱚᱢ ᱯᱩᱛᱷ ᱫᱚ ᱓᱑ ᱴᱤ ᱢᱩᱬᱩᱛ ᱨᱟᱜ ᱛᱮ ᱦᱟᱹᱴᱤᱧ ᱢᱮᱱᱟᱜᱼᱟ᱾
मेरी कक्षा में यह छोटा लड़का है जो बहुत उदास रहता है और कोई उससे बात नहीं करता। मुझे उसके लिए बुरा लगता है।	ᱤᱧᱟᱹᱜ ᱪᱟᱱᱟᱪ ᱨᱮ ᱱᱩᱭ ᱟᱹᱰᱤ ᱠᱚᱢ ᱩᱢᱮᱨᱟᱱ ᱜᱤᱫᱽᱨᱟᱹ ᱢᱮᱱᱟᱭᱟ ᱡᱟᱦᱟᱸᱭ ᱫᱚ ᱟᱹᱰᱤ ᱢᱚᱱᱢᱚᱨᱟ ᱟᱨ ᱚᱠᱚᱭ ᱦᱚᱸ ᱩᱱᱤ ᱥᱟᱶ ᱵᱟᱝᱠᱚ ᱨᱚᱯᱚᱲᱟ ᱾ ᱤᱧ ᱫᱚ ᱩᱱᱤ ᱞᱟᱹᱜᱤᱫ ᱟᱹᱰᱤ ᱵᱟᱹᱲᱤᱡᱽ ᱤᱧ ᱟᱴᱠᱟᱨᱟ ᱾
मेरे दोस्तों और मुझे एक दस्तावेज़ शूट करने के लिए क्वाटब्रर से मिलने की जरूरत है.	ᱢᱤᱫᱴᱟᱝ ᱰᱚᱜᱚᱨᱪᱤᱛᱟᱹᱨ ᱨᱮᱭᱟᱜ ᱥᱩᱴᱤᱝ ᱞᱟᱹᱜᱤᱫ ᱤᱧ ᱟᱨ ᱤᱧᱨᱮᱱ ᱜᱟᱛᱮᱠᱚ ᱠᱩᱛᱩᱵ ᱢᱤᱱᱟᱨᱛᱮ ᱥᱮᱱᱚᱜ ᱦᱩᱭᱩᱜ ᱛᱟᱞᱮᱭᱟ ᱾
यह दिलचस्प गाँव के बारे में सैर करने के लिए आधा घंटे के लायक है.	ᱪᱚᱨᱚᱠ ᱟᱹᱛᱩ ᱨᱮ ᱟᱫᱷᱟ ᱴᱟᱬᱟᱝ ᱛᱟᱲᱟᱢ ᱵᱟᱲᱟᱭ ᱦᱚᱸ ᱟᱹᱰᱤ ᱜᱚᱱᱚᱝ ᱜᱮᱭᱟ᱾
जब मैं अकेले रहने वाले बुजुर्गों पर वृत्तचित्र देखता हूँ, तो यह इस बात की कठोर याद दिलाता है कि जब मैं बूढ़ा होऊँगा तो मेरे लिए यह कैसा हो सकता है।	ᱤᱧ ᱡᱚᱠᱷᱚᱱ ᱮᱥᱠᱟᱨ ᱩᱢᱮᱨᱟᱱ ᱦᱚᱲ ᱠᱚᱣᱟᱜ ᱰᱩᱠᱩᱢᱮᱱᱴᱟᱨᱤᱧ ᱧᱮᱞᱟ, ᱩᱱᱫᱚ ᱤᱧ ᱞᱟᱹᱜᱤᱫ ᱪᱮᱫ ᱞᱮᱠᱟ ᱦᱩᱭ ᱫᱟᱲᱮᱭᱟᱜᱼᱟ ᱚᱱᱟᱭ ᱩᱭᱦᱟᱹᱨᱟᱹᱧ ᱡᱚᱠᱷᱮᱡ ᱤᱧ ᱦᱟᱨᱟ ᱜᱚᱫᱚᱜᱼᱟ ᱾
आंध्र विश्वविद्यालय: आंध्र विश्वविद्यालय विशाखापत्तनम में स्थित एक सरकार द्वारा संचालित विश्वविद्यालय है।	ᱵᱤᱥᱟᱠᱷᱟᱯᱚᱛᱛᱚᱱᱚᱢ   ᱨᱮ ᱢᱮᱱᱟᱜ ᱚᱱᱫᱷᱨᱚ ᱡᱮᱜᱮᱫᱵᱤᱨᱫᱟᱹᱜᱟᱱ ᱫᱚ ᱢᱤᱫᱴᱟᱝ ᱥᱚᱨᱠᱟᱨ ᱪᱟᱪᱟᱞᱟᱣ ᱡᱮᱜᱮᱫ ᱢᱤᱨᱫᱟᱹᱜᱟᱲ ᱾
वह एसेक्स के कोलचेस्टर के पास मर्सी द्वीप पर रहते थे।	ᱩᱱᱤ ᱫᱚ ᱮᱥᱮᱠᱥ ᱨᱮᱭᱟᱜ ᱠᱳᱞᱪᱮᱥᱴᱟᱨ ᱥᱩᱨ ᱨᱮ ᱢᱟᱨᱥᱤ ᱰᱷᱤᱯ ᱨᱮᱭ ᱛᱟᱦᱮᱱ ᱛᱟᱦᱮᱸ ᱾
मेरे पास तीस तीन पेंसिल हैं।	ᱤᱧ ᱴᱷᱮᱱ ᱯᱮ ᱜᱮᱞ ᱯᱮ ᱜᱚᱴᱟᱝ ᱯᱮᱱᱥᱤᱞ ᱢᱮᱱᱟᱜᱼᱟ ᱠᱚᱣᱟ।
मनुष्यगो और अन्य सामान्य जातियों के कुछ नमूने भी हैं ।	ᱩᱞ ᱟᱨ ᱮᱴᱟᱜ ᱪᱚᱞ ᱢᱮᱱᱟᱜ ᱯᱨᱚᱡᱟᱹᱛᱤᱠᱩ ᱨᱮᱭᱟᱜ ᱦᱚᱸ ᱱᱟᱹᱢᱩᱱᱟ ᱢᱮᱱᱟᱜᱼᱟ ᱾
उन्होंने अपने बेटे, फ्रांस के लुई चौदहवें के लिए एक रीजेंट (कार्यवाहक शासक) के रूप में भी काम किया।	ᱩᱱᱤ ᱫᱚ ᱟᱡ ᱨᱮᱱ ᱜᱤᱫᱽᱨᱟᱹ ᱯᱷᱨᱟᱱᱥ ᱨᱮᱭᱟᱜ ᱞᱩᱭ ᱯᱩᱱᱜᱮᱞᱯᱩᱱ ᱞᱟᱹᱜᱤᱫ ᱢᱤᱫᱦᱚᱲ ᱨᱤᱡᱮᱱᱴ ᱞᱮᱠᱟᱛᱮᱦᱚᱭ ᱠᱟᱹᱢᱤ ᱞᱮᱫᱟ ᱾
यह डाउनटाउन लॉस एंजिल्स से लगभग चौदह मील दूर है।	ᱱᱚᱶᱟ ᱫᱚ ᱞᱚᱥ ᱮᱹᱧᱡᱮᱞᱮᱥ ᱥᱟᱦᱟᱨ ᱨᱮᱭᱟᱜ ᱛᱟᱞᱢᱟ ᱠᱷᱚᱱ ᱯᱨᱟᱭ ᱜᱮᱞᱯᱩᱱ ᱢᱟᱭᱤᱞ ᱥᱟᱹᱜᱤᱧ ᱨᱮ ᱾
फिर भी, ये समुद्र के किनारे से निकलनेवाली लहरों से निकल आती हैं, जो अकसर एक प्रवाल या समान होती हैं ।	ᱟᱨᱟᱭᱯᱤ ᱫᱷᱟᱹᱨᱟ ᱥᱚᱢᱩᱫᱟᱹᱭ ᱛᱚᱴ ᱠᱷᱚᱱ ᱨᱟᱹᱯᱩᱫ ᱨᱮᱭᱟᱜ ᱠᱷᱚᱱ ᱨᱩᱣᱟᱹᱲ ᱦᱟᱹᱡᱩᱜ ᱨᱮᱭᱟᱜ ᱯᱨᱚᱵᱷᱟᱣ ᱠᱟᱱᱟ, ᱚᱝᱠᱟ ᱜᱮ ᱢᱤᱫ ᱪᱚᱴᱟᱬ ᱟᱨ ᱵᱟᱝ ᱩᱱᱤ ᱞᱮᱠᱷᱟ ᱜᱮ᱾
उस वक्‍त एक महिला को गोली मार दी गयी ।	ᱛᱟᱭᱚᱢ ᱛᱮ ᱯᱷᱳᱴᱳᱜᱨᱟᱯᱷᱚᱨ ᱠᱚᱫᱚ ᱢᱤᱫ ᱩᱢᱮᱨᱟᱱ ᱵᱩᱰᱷᱤᱭᱟᱜ ᱡᱟᱭᱜᱟ ᱠᱚ ᱤᱫᱤ ᱞᱮᱫ-ᱟ ᱪᱮᱫᱟᱜ ᱥᱮ ᱩᱱᱤ ᱞᱟᱴᱨᱤᱱ ᱫᱚᱨᱠᱟᱨ ᱛᱟᱦᱮᱸ ᱠᱟᱱ ᱛᱟᱭᱟ, ᱢᱮᱱᱰᱳᱡᱟ ᱫᱚ ᱜᱩᱞᱤ ᱜᱚᱡ ᱞᱮᱫᱮᱭᱟᱠᱚI
मैं अपनी शादी को कानूनी निगम कैसे बना सकता हूँ?	ᱤᱧ ᱪᱮᱠᱟ ᱞᱮᱠᱟᱛᱮ ᱤᱧᱟᱹᱜ ᱵᱟᱯᱞᱟ ᱫᱚ ᱢᱤᱫᱴᱟᱝ ᱟᱹᱨᱤᱭᱟᱱ ᱟᱹᱱ ᱦᱮᱱᱟᱜ ᱛᱮᱫ ᱫᱟᱲᱮᱭᱟᱜᱼᱟᱧ ᱾
छी! घिनौना! इसका स्वाद सड़े हुए टमाटर जैसा है, मैं इस रेस्टोरेंट में फिर कभी खाना नहीं खाऊँगा।	ᱩᱦ ! ᱦᱤᱨᱠᱷᱟᱹᱜᱮ ! ᱱᱚᱣᱟ ᱨᱮᱭᱟᱜ ᱥᱤᱵᱤᱞ ᱫᱚ ᱥᱤᱭᱟ ᱴᱚᱢᱮᱴᱳ ᱞᱮᱠᱟ, ᱤᱧ ᱫᱚ ᱟᱨ ᱛᱤᱥ ᱦᱚᱸ ᱱᱚᱣᱟ ᱨᱮᱥᱴᱩᱨᱮᱱᱴ ᱨᱮ ᱵᱟᱹᱧ ᱡᱚᱢᱟ ᱾
पुरुषों के टीमों के बीच पहला T-20 अंतर्राष्ट्रीय प्रतियोगिता फरवरी 17, 2005 को ऑस्ट्रेलिया और न्यू ज़ीलैंड के बीच खेला गया.	ᱚᱥᱴᱨᱮᱞᱤᱭᱟ ᱟᱨ ᱱᱤᱣᱡᱤᱞᱮᱱᱰ ᱢᱩᱫ ᱠᱚᱲᱟ ᱦᱚᱯᱚᱱ ᱴᱤᱢ ᱛᱟᱞᱟᱨᱮ ᱯᱟᱹᱦᱤᱞ ᱴᱤᱼ᱒᱐ ᱡᱮᱜᱮᱫᱡᱟᱠᱟᱛ ᱢᱮᱪ ᱫᱚ ᱯᱷᱮᱵᱨᱟᱨᱤ ᱑᱗, ᱒᱐᱐᱕ ᱨᱮ ᱠᱷᱮᱞᱚᱰ ᱞᱮᱱᱟ ᱾
हैलो, यह सैमन मदद है?	ᱦᱮᱞᱳ, ᱱᱤᱭᱟᱹ ᱫᱚ ᱪᱮᱫᱽ ᱥᱚᱢᱟᱫᱷᱟᱱ ᱜᱚᱬᱚ ᱥᱮᱱᱴᱟᱨ ᱠᱟᱱᱟ ?
यह शहर तुर्की से भी ज़्यादा भूमध्य यूरोप का एक वातावरण है ।	ᱟᱭᱢᱟ ᱵᱳᱣᱞᱮᱵᱷᱟᱨᱰᱠᱚ, ᱠᱟᱸᱪ ᱥᱟᱢᱱᱟ ᱵᱤᱞᱰᱤᱝ ᱟᱨ ᱱᱟᱦᱟᱜ ᱥᱳᱯᱤᱝ ᱛᱟᱞᱢᱟᱠᱚ ᱯᱟᱨᱚᱢᱯᱚᱨᱤᱠ ᱟᱨᱟᱜ-ᱴᱟᱹᱭᱤᱞ ᱪᱷᱟᱸᱛ, ᱑᱘ ᱟᱱᱟᱜ ᱥᱮᱧᱪᱩᱨᱤ ᱨᱮᱱᱟᱜ ᱵᱟᱡᱟᱨ ᱟᱨᱮ ᱢᱟᱨᱮ ᱢᱚᱥᱡᱤᱫᱽ ᱠᱚ ᱟᱨ ᱪᱚᱨᱪ ᱥᱟᱶᱛᱮ ᱵᱤᱱᱫᱩ ᱟᱠᱟᱱᱟ, ᱦᱩᱭᱠᱮᱭᱟ ᱱᱚᱣᱟ ᱱᱟᱜᱟᱨ ᱨᱮ ᱯᱟᱨᱚᱢᱯᱚᱨᱤᱠ ᱛᱩᱨᱠᱤ ᱠᱷᱚᱱ ᱵᱷᱩᱢᱚᱫᱷᱭᱚᱥᱟᱜᱚᱨ ᱭᱩᱨᱳᱯ ᱯᱚᱨᱤᱵᱮᱥ ᱵᱟᱹᱲᱛᱤ ᱢᱮᱱᱟᱜᱼᱟ᱾
उन्होंने अगस्त 5 को प्रचार करते वक्‍त मंच पर कदम रखने के बाद इस दौरे को रद्द कर दिया है ।	᱕ ᱵᱷᱟᱫᱚᱨ ᱦᱤᱞᱚᱜ ᱯᱨᱚᱫᱚᱨᱥᱚᱱ ᱨᱮᱱᱟᱜ ᱫᱚᱣᱨ ᱢᱟᱧᱪ ᱠᱷᱚᱱ ᱧᱩᱨ ᱛᱟᱭᱚᱢ ᱢᱩᱬᱩᱛ ᱵᱟᱰᱚᱦᱤ ᱥᱴᱤᱣᱟᱱ ᱴᱟᱭᱞᱟᱨ ᱵᱟᱡᱟᱣ ᱮᱱ ᱛᱟᱭᱚᱢ ᱩᱱᱤ ᱫᱚᱣᱨᱟ ᱵᱚᱸᱫᱽ ᱠᱮᱫᱼᱟᱭ᱾
ओक, टैक्सी परिसर में प्रवेश कर सकते हैं?	ᱴᱷᱤᱠᱜᱮᱭᱟ, ᱠᱮᱵ ᱫᱚ ᱠᱮᱢᱯᱟᱥ ᱵᱷᱤᱛᱨᱤᱨᱮᱭ ᱵᱚᱞᱚᱫᱟᱲᱮᱭᱟᱜᱽᱼᱟ ?
मेरे पास नवासी पानी हैं।	ᱤᱧ ᱴᱷᱮᱱ ᱟᱨ ᱜᱮᱞ ᱱᱟᱭ ᱜᱚᱴᱟᱝ ᱫᱟᱜ ᱢᱮᱱᱟᱜᱼᱟ ᱠᱚᱣᱟ।
एबकॉड (Abcoude): एबकॉड डच प्रांत यूट्रेक्ट की एक पूर्व नगरपालिका है।	ᱟᱵᱠᱳᱰ ᱫᱚ ᱦᱩᱭᱩᱜ ᱠᱟᱱᱟ ᱰᱟᱪ ᱯᱨᱚᱫᱮᱥ ᱩᱴᱨᱮᱠᱷᱚᱴ ᱨᱮᱭᱟᱜ ᱢᱤᱫᱴᱟᱝ ᱢᱟᱨᱮᱱ ᱯᱳᱣᱨᱚᱥᱚᱵᱷᱟ ᱾
भारत में, भारत में, भारतीय संविधान के रीज़नेशन के अनुसार, सभी अपराधियों को वोट देने से अयोग्य ठहराया जाता है ।	ᱦᱮᱸ, ᱵᱷᱟᱨᱚᱛᱤᱭᱚ ᱥᱚᱝᱵᱤᱫᱷᱟᱱ ᱨᱮᱭᱟᱜ ᱡᱚᱱᱚᱯᱨᱛᱤᱱᱫᱷᱤᱛᱛᱚ ᱟᱭᱤᱱ, ᱑᱙᱕᱑ ᱞᱮᱠᱟᱛᱮ, ᱥᱟᱱᱟᱢ ᱫᱳᱥᱤ ᱵᱚᱱᱫᱤ ᱠᱚ ᱫᱚ ᱵᱷᱳᱴ ᱮᱢ ᱨᱮᱱ ᱳᱜᱽᱜᱚ ᱠᱚ ᱵᱟᱝ ᱠᱟᱱᱟ ᱾
जब भारत में 98% लोग आयकर नहीं देते हैं, तो मुझे क्यों देना चाहिए?	ᱵᱷᱟᱨᱚᱛ ᱨᱮᱱ ᱡᱚᱠᱷᱚᱱ 98% ᱦᱚᱲ ᱠᱷᱟᱡᱽᱱᱟ ᱵᱟᱝ ᱠᱚ ᱮᱢᱚᱜᱼᱟ ᱮᱱᱠᱷᱟᱱ ᱤᱧ ᱪᱮᱫᱟᱜ ᱤᱧ ᱮᱢᱚᱜᱼᱟ ?
जब वह 15 वर्ष के थे तब उन्होंने हाई स्कूल जाना छोड़ दिया।	᱑᱕ ᱥᱮᱨᱢᱟ ᱩᱢᱮᱨ ᱨᱮ ᱩᱱᱤ ᱫᱚ ᱞᱟᱯᱷᱟᱝ ᱥᱮᱪᱮᱫ ᱵᱤᱨᱫᱟᱹᱜᱟᱲ ᱨᱮ ᱪᱟᱞᱟᱣᱼᱮ ᱦᱟᱹᱯᱤᱫ ᱞᱮᱫᱟ ᱾
बहुत बहुत धन्यवाद!	ᱟᱭᱢᱟ ᱥᱟᱨᱦᱟᱣ !
यह कहाँ से आता है और यह कैसे एक अलग नाम है?	ᱚᱠᱟ ᱠᱷᱚᱱ ᱮᱛᱚᱦᱚᱵ ᱟᱠᱟᱱᱟ ᱟᱨ ᱚᱸᱰᱮ ᱪᱮᱫ ᱞᱮᱠᱟᱛᱮ ᱵᱷᱤᱱᱟᱹ ᱧᱩᱛᱩᱢᱚᱜ ᱠᱟᱱᱟ ?
जुलाई 4, पर कांग्रेस द्वारा उनके पद के बाद, एक हस्तलिखित मसौदा ने कॉनकर जॉन हैनचक और सचिव चार्ल्स थॉमस थॉमसन द्वारा हस्ताक्षर किए गए एक पत्र भेजा गया, जॉन डब्लू की छपाई की दुकान को छापने के लिए.	᱔ ᱡᱩᱞᱟᱭ ᱦᱤᱞᱚᱜ ᱫᱚ ᱠᱚᱝᱜᱽᱨᱮᱥ ᱦᱚᱛᱮᱛᱮ ᱱᱚᱶᱟ ᱟᱯᱱᱟᱨ ᱛᱟᱭᱚᱢ, ᱠᱚᱝᱜᱽᱨᱮᱥ ᱟᱜ ᱟᱫᱷᱭᱟᱪᱷ ᱡᱚᱱ ᱦᱮᱭᱱᱠᱟᱹᱠ ᱟᱨ ᱥᱟᱪᱤᱣ ᱪᱟᱨᱞᱥ ᱛᱷᱚᱢᱥᱚᱱ ᱦᱚᱛᱮᱛᱮ ᱦᱟᱥᱛᱟᱪᱷᱟᱨᱤᱛ ᱢᱤᱫ ᱦᱟᱥᱛᱞᱤᱠᱷᱤᱛ ᱢᱟᱥᱚᱫᱟ ᱠᱚ ᱠᱤᱪᱷᱩ ᱵᱽᱞᱚᱠ ᱥᱟᱺᱜᱤᱧ ᱡᱚᱱ ᱰᱟᱱᱞᱚᱯ ᱨᱮᱱᱟᱜ ᱪᱷᱟᱯᱟ ᱫᱩᱠᱟᱱ ᱨᱮ ᱠᱩᱞ ᱦᱩᱭ ᱞᱮᱱ ᱛᱟᱦᱮᱱᱟ᱾
पाकिस्तान से उत्तर - पश्‍चिमी भारत तक जानेवाले इंदु का नाम अरिमतिया से आया ।	ᱩᱛᱟᱹᱨᱼᱯᱚᱪᱷᱤᱢ ᱵᱦᱟᱨᱚᱛ ᱛᱟᱞᱟᱛᱮ ᱯᱟᱠᱤᱥᱛᱟᱱ ᱪᱟᱞᱟᱣ ᱟᱠᱟᱱ ᱥᱤᱱᱫᱷᱩ ᱫᱟᱜ ᱰᱟᱦᱟᱨ ᱨᱮᱭᱟᱜ ᱧᱩᱛᱩᱢ ᱥᱚᱝᱥᱠᱨᱤᱛ ᱟᱹᱲᱟᱹ ᱥᱤᱱᱫᱷᱩ ᱠᱷᱚᱱ ᱦᱮᱡᱽ ᱟᱠᱟᱱᱟ
यह एक ऑडियो-वीप बात का अधिक है.	ᱱᱚᱶᱟᱫᱚ ᱚᱰᱤᱭᱳ ᱵᱷᱤᱡᱩᱣᱟᱞ ᱠᱷᱚᱱ ᱰᱷᱮᱨ ᱜᱮᱭᱟ ᱾
आप एक सामान्य निवासी होना चाहिए भाग / उच्चता के क्षेत्र के एक सामान्य निवासी होना चाहिए जहाँ आप भर्ती होना चाहते हैं.	ᱟᱢ ᱡᱟᱦᱟᱸᱨᱮ ᱥᱮᱞᱮᱫᱚᱜ ᱥᱟᱱᱟᱭᱮᱫ ᱢᱮᱭᱟ ᱚᱱᱰᱮᱱᱟᱜ ᱴᱚᱴᱷᱟ / ᱯᱳᱞᱤᱝ ᱨᱮᱱ ᱢᱤᱫᱴᱟᱝ ᱥᱟᱫᱷᱟᱨᱚᱱ ᱜᱤᱨᱟᱹᱵᱟᱹᱥᱤ ᱦᱩᱭᱩᱜ ᱞᱟᱹᱠᱛᱤ ᱠᱟᱱ ᱛᱟᱢᱟ ᱾
व्यापार सेवा: ६,००,००० पंजीकृत कंपनियों के बराबर, १०.३ प्रतिशत व्यवसायीय कपड़ा के साथ, २,८००,००० से अधिक कर्मचारी इकाइयों के साथ.	ᱵᱮᱯᱟᱨᱤᱭᱟᱹ ᱯᱚᱨᱤᱮᱵᱟ ᱺ ᱖᱓᱐,᱐᱐᱐ ᱚᱞᱛᱚᱞ ᱟᱠᱟᱱ ᱠᱳᱢᱯᱟᱱᱤ, ᱜᱚᱲᱚᱼᱟᱱ ᱯᱷᱮᱵᱨᱤᱠ ᱠᱚ ᱨᱮᱭᱟᱜ ᱑᱐ᱹ᱓% ᱥᱚᱢᱟᱱ, ᱒,᱘᱐᱐,᱐᱐᱐ ᱠᱷᱚᱱ ᱵᱟᱹᱲᱛᱤ ᱠᱟᱹᱢᱤ ᱨᱮᱭᱟᱜ ᱤᱭᱩᱱᱤᱴ ᱥᱟᱶᱛᱮ ᱾
अपने पसंदीदा खिलाड़ी को हैट्रिक लगाते देख टॉम खुशी से झूम उठा।	ᱴᱚᱢ ᱡᱚᱠᱷᱚᱱ ᱟᱡ ᱨᱮᱱ ᱥᱚᱨᱮᱥ ᱠᱷᱮᱞᱳᱰᱤᱭᱟᱹ ᱦᱮᱴᱴᱨᱤᱠ ᱠᱚᱨᱟᱣ ᱮ ᱧᱮᱞ ᱠᱮᱫᱮᱭᱟ ᱩᱱ ᱩᱱᱤ ᱟᱹᱰᱤᱭ ᱨᱟᱹᱥᱠᱟᱹᱭᱮᱱᱟ ᱾
पेरी ने कहा कि वह आज रात के cuuus के परिणाम का पता लगाने के लिए टेक्सास में वापस जाएगा, तय करता है कि क्या इस प्रजाति में खुद के लिए आगे एक रास्ता है, लेकिन बाद में कहा कि वह हमेशा की दौड़ में रहता है और जनवरी 21 कोलियन प्राथमिक में संघर्ष करता है.	ᱯᱮᱨᱤ ᱮ ᱞᱟᱹᱭ ᱞᱮᱫᱟ ᱡᱮ ᱩᱱᱤ "ᱛᱤᱦᱤᱧ ᱧᱤᱫᱟᱹ ᱨᱮᱭᱟᱜ ᱠᱚᱠᱮᱥᱟᱥ ᱨᱮᱭᱟᱜ ᱚᱨᱡᱚ ᱠᱚ ᱛᱩᱞᱟᱹᱡᱚᱠᱷᱟ ᱞᱟᱹᱜᱤᱫ ᱴᱮᱠᱥᱟᱥ ᱮ ᱨᱩᱣᱟᱹᱲ ᱠᱟᱱᱟ, ᱱᱚᱣᱟᱭ ᱴᱷᱟᱹᱶᱠᱟᱹᱭ ᱡᱮ ᱤᱧ ᱞᱟᱹᱜᱤᱫ ᱱᱚᱣᱟ ᱨᱮᱥ ᱨᱮ ᱡᱟᱦᱟᱸᱱ ᱦᱚᱨ ᱢᱮᱱᱟᱜᱼᱟ ᱥᱮ ᱵᱟᱝ", ᱢᱮᱱᱠᱷᱟᱱ ᱛᱟᱭᱚᱢ ᱛᱮ ᱩᱱᱤᱭ ᱞᱟᱹᱭ ᱠᱮᱫᱟ ᱩᱱᱤ ᱨᱮᱥ ᱨᱮᱭ ᱛᱟᱦᱮᱸᱱᱟ ᱟᱨ ᱡᱟᱱᱩᱣᱟᱨᱤ ᱒᱑ ᱨᱮᱭᱟᱜ ᱮᱛᱚᱢ ᱠᱮᱨᱚᱞᱤᱱᱟ ᱦᱮᱯᱨᱟᱣ ᱨᱮᱭ ᱥᱮᱞᱮᱫᱚᱜᱼᱟ᱾
दूसरे बड़े - बड़े उद्योगों में वैज्ञानिक यंत्र, खेती - बाड़ी, खेती - बाड़ी, बिजली के सामान, मशीन उपकरण, किचक, खेल - कूद, सोने - चाँदी, साइकिल, कपड़े, और गन्‍ने की प्रक्रिया शामिल है ।	ᱮᱴᱟᱜ ᱮᱴᱟᱜ ᱢᱩᱲᱩᱛ ᱵᱤᱨᱤᱫ ᱠᱚ ᱢᱩᱫᱽᱨᱮ ᱥᱟᱬᱮᱥᱤᱭᱟᱹ ᱡᱚᱱᱛᱚᱨᱯᱟᱹᱛᱤ, ᱪᱟᱥ ᱫᱩᱨᱤᱵᱽ, ᱵᱳᱭᱫᱩᱛᱤᱠ ᱫᱩᱨᱤᱵᱽ, ᱠᱚᱞ ᱡᱚᱱᱛᱚᱨ, ᱞᱩᱜᱽᱲᱤ ᱛᱮᱹᱧ, ᱥᱤᱞᱟᱹᱭ ᱡᱚᱱᱛᱚᱨ, ᱠᱷᱮᱞᱼᱟᱜ ᱫᱩᱨᱤᱵᱽ, ᱥᱴᱟᱨᱪ, ᱠᱷᱚᱛ, ᱵᱟᱭᱥᱟᱭᱠᱮᱞ, ᱦᱚᱨᱚᱜ ᱵᱟᱸᱫᱮ ᱵᱮᱱᱟᱣ ᱟᱨ ᱯᱟᱭᱤᱱ ᱥᱩᱱᱩᱢ ᱥᱮ ᱪᱤᱱᱤ ᱵᱮᱱᱟᱣ ᱨᱮᱭᱟᱜ ᱠᱟᱹᱢᱤ ᱦᱚᱨᱟ ᱠᱚ ᱥᱮᱞᱮᱫ ᱢᱮᱱᱟᱜᱼᱟ ᱾
संयुक्‍त राज्य में, साम्यवादी प्रभुसत्ता के सिद्धांत के अधीन संसद के कार्य को अलग नहीं किया जा सकता, जबकि परिषद्‌ में आदेश दिया गया है, एक और क़िस्म के प्राथमिक कानून, नागरिक सेवा के लिए नागरिक सेवा - मंत्री (१९५) और Mercramicll.	ᱡᱩᱠᱛᱚᱨᱟᱡᱡᱚᱨᱮ ᱥᱚᱝᱥᱚᱫᱤᱭᱚ ᱥᱟᱨᱵᱚᱵᱷᱳᱣᱢᱚᱛᱛᱚ ᱨᱮᱭᱟᱜ ᱢᱚᱛᱚᱵᱟᱫ ᱜᱚᱵᱚᱞᱨᱮ ᱥᱚᱝᱥᱚᱫ ᱨᱮᱭᱟᱜ ᱟᱹᱱᱠᱩ ᱵᱟᱝ ᱵᱮᱜᱟᱨ ᱜᱟᱱᱚᱜᱽᱼᱟ ᱢᱮᱱᱠᱷᱟᱱ ᱯᱚᱨᱤᱥᱚᱫ ᱨᱮᱭᱟᱜ ᱟᱹᱨᱤ ᱡᱟᱦᱟᱸ ᱫᱚ ᱥᱚᱝᱥᱚᱫ ᱦᱚᱛᱮᱛᱮ ᱯᱟᱥ ᱦᱩᱭᱩᱜᱽ, ᱩᱝᱠᱩ ᱠᱚᱨᱟᱣ ᱜᱟᱱᱚᱜᱼᱟ (ᱧᱮᱞᱢᱮ ᱥᱤᱵᱷᱤᱞ ᱥᱟᱨᱵᱷᱤᱥ ᱤᱭᱩᱱᱤᱭᱚᱱᱟᱜ ᱯᱚᱨᱤᱥᱚᱫ ᱵᱚᱱᱟᱢ ᱥᱤᱵᱷᱤᱞ ᱥᱟᱨᱵᱷᱤᱥ ᱞᱟᱹᱜᱤᱫ ᱢᱚᱱᱛᱨᱤ (᱑᱙᱘᱕) ᱟᱨ ᱢᱤᱞᱟᱨ/ᱪᱮᱨᱤ (᱒᱐᱑᱙)) ᱾
जी हाँ, यह बीमा अपने नेटवर्क अस्पतालों के माध्यम से नकदी अस्पताल की सुविधा प्रदान करता है ।	ᱦᱮᱸ, ᱱᱚᱶᱟᱫᱚ ᱵᱤᱢᱟᱹᱫᱚ ᱩᱱᱠᱩ ᱱᱮᱴᱳᱣᱟᱨᱠ ᱦᱟᱥᱯᱟᱛᱟᱞ ᱦᱚᱛᱮᱛᱮ ᱯᱩᱭᱥᱟᱹ ᱵᱮᱜᱚᱨᱛᱮ ᱦᱟᱥᱯᱟᱛᱟᱞᱨᱮ ᱵᱷᱩᱨᱛᱤᱭ ᱨᱮᱭᱟᱜ ᱫᱟᱣᱼᱮ ᱮᱢᱚᱜᱼᱟ ᱾
इस नीति के मृत्यु लाभ क्या हैं?	ᱱᱚᱣᱟ ᱯᱚᱞᱤᱥᱤ ᱨᱮᱭᱟᱜ ᱜᱩᱡᱩᱜ ᱥᱩᱵᱤᱫᱷᱟ ᱠᱩ ᱫᱚ ᱪᱮᱫ ᱠᱩ ?
इन सभी शोधकर्ताओं ने अनास्तासी के काम का प्रतिनिधित्व किया।	ᱱᱩᱠᱩ ᱥᱟᱱᱟᱢ ᱠᱷᱚᱫᱽᱨᱚᱱᱤᱭᱟ, ᱠᱚ ᱟᱱᱟᱥᱛᱷᱟᱥᱤᱨ  ᱠᱟᱹᱢᱤᱨᱮᱭᱟᱜ ᱮ ᱢᱟᱲᱛᱮ ᱞᱮᱫᱟ ᱾
यह लाइब्रेरी वांछित लक्ष्य अनुक्रम के विरूद्ध चुना जा सकता है, जो कि रपटर जीन निर्माण के मध्य क्षेत्र में प्रविष्ट किया गया है.	ᱱᱤᱭᱟᱹ ᱞᱟᱭᱵᱨᱮᱨᱤᱴᱟᱜ ᱫᱚ ᱠᱩᱥᱤᱭᱟᱜ ᱴᱷᱟᱹᱣᱠᱟᱹ ᱛᱩᱝᱜᱤᱛᱷᱟᱨ ᱵᱟᱫᱠᱟᱛᱮᱜᱤ ᱵᱟᱪᱷᱟᱣᱞᱮᱱᱟ ᱡᱟᱦᱟᱸ ᱫᱚ ᱨᱤᱯᱳᱴᱟᱨ ᱡᱤᱱ ᱜᱚᱲᱦᱚᱱᱟᱜ ᱯᱚᱨᱛᱚᱱᱤᱡᱽ ᱴᱷᱟᱣᱨᱮ ᱟᱫᱮᱨ ᱦᱩᱭᱞᱮᱱᱟ ᱾
कुछ अनुमानों के अनुसार, भारत में भू - शक्‍ति की १०,००,००,००० शक्‍ति उपलब्ध है ।	ᱠᱤᱪᱷᱤ ᱚᱱᱢᱟᱱ ᱞᱮᱠᱟᱛᱮ, ᱵᱷᱟᱨᱚᱛᱨᱮ ᱑᱐,᱖᱐᱐ ᱢᱮᱜᱟᱣᱟᱴ ᱵᱷᱩᱛᱟᱯᱤᱭᱚ ᱫᱟᱲᱮ ᱢᱮᱱᱟᱜᱼᱟ ᱾
2000 की जनसंख्या जनगणना के अनुसार, अल्मेडा काउंटी में 1,443,741 लोग रहते हैं।	᱒᱐᱐᱐ ᱥᱟᱞ ᱨᱮᱭᱟᱜ ᱦᱚᱲᱞ ᱞᱮᱠᱷᱟ ᱞᱮᱠᱟᱛᱮ ᱑,᱔᱔᱓,᱗᱔᱑ ᱦᱚᱲ ᱟᱞᱚᱢᱮᱫᱟ ᱠᱟᱣᱩᱱᱴᱤ ᱨᱮᱠᱚ ᱜᱤᱨᱟᱹ ᱵᱟᱥᱚᱜᱼᱟ ᱾
उसके शोध ने दिखाया कि अगर एक हार्मोन यह काम कर रहा था ... ... यह बच्चे के शत्रु फेफड़ों की कमी को तेज़ करेगा.	ᱩᱱᱤᱭᱟᱜ ᱠᱷᱚᱸᱫᱽᱨᱚᱱ ᱨᱮ ᱵᱟᱲᱟᱭ ᱧᱟᱢ ᱟᱠᱟᱱᱟ ᱡᱮ ᱡᱩᱫᱤ ᱢᱤᱫ ᱦᱚᱨᱢᱳᱱ ᱪᱟᱪᱞᱟᱣ ᱦᱩᱭᱩᱜᱼᱟ ᱛᱚᱵᱮ ᱢᱤᱫ ᱜᱤᱫᱽᱨᱟᱹ ᱟᱜ ᱵᱷᱨᱩᱱ ᱨᱮᱭᱟᱜ ᱵᱳᱨᱳ ᱨᱮᱭᱟᱜ ᱢᱮᱪᱩᱨᱮᱥᱟᱱ ᱛᱚᱨᱟᱣ ᱤᱫᱤᱜᱼᱟ᱾
कविता के रूप में एक सतत प्रवाह का पता लगाया जा सकता है, जो कि संसार के साहित्य का सबसे पुराना दस्तावेज़ है ।	ᱚᱱᱚᱬᱦᱮᱨᱮ ᱥᱚᱝᱥᱠᱨᱤᱛ ᱚᱞ ᱨᱮᱭᱟᱜ ᱢᱤᱫ ᱵᱟᱝ ᱵᱷᱮᱜᱟᱨᱼᱟᱱ ᱞᱤᱸᱜᱤᱫᱚ ᱡᱮᱜᱮᱫ ᱡᱟᱠᱟᱛ ᱥᱟᱶᱦᱮᱫ ᱨᱮᱭᱟᱜ ᱢᱟᱨᱮ ᱩᱛᱟᱹᱨ ᱚᱞ ᱨᱤᱜᱵᱮᱫᱽ ᱨᱮ ᱧᱟᱢᱚᱜᱼᱟ ᱾
इन दस्तावेज़ों का आदर करने के लिए विदेशी सरकारों की इच्छा सिर्फ़ व्यापक वेरिएबल के रूप में है ।	ᱱᱚᱶᱟ ᱫᱚᱥᱛᱟᱵᱮᱡᱽ ᱨᱮᱭᱟᱜ ᱥᱚᱢᱟᱱ ᱠᱚᱨᱟᱣ ᱞᱟᱹᱜᱤᱫ ᱣᱤᱫᱮᱥ ᱥᱚᱨᱠᱟᱨ ᱨᱮᱭᱟᱜ ᱤᱪᱷᱟᱹ ᱵᱭᱟᱯᱚᱠ ᱦᱤᱥᱟᱹᱵ ᱛᱮ ᱵᱚᱫᱚᱞ ᱢᱮᱱᱟᱜᱼᱟ᱾
ᱢᱤᱫ	एक
सन्‌ 1970 के दशक में एक और परमाणु विज्ञान में रेडियोसिस और अधिक शोध की एक बढ़ती माँग को देखा गया ।	ᱨᱮᱰᱤᱳᱟᱭᱥᱳᱴᱳᱯ ᱠᱚ ᱨᱮᱭᱟᱜ ᱨᱟᱠᱟᱵ ᱤᱫᱤ ᱪᱟᱹᱦᱤᱫᱟ ᱟᱨ ᱯᱟᱨᱚᱢᱟᱱᱚᱵᱤᱠ ᱥᱟᱸᱲᱮᱥ ᱨᱮ ᱩᱛᱷᱱᱟᱹᱣᱟᱱ ᱠᱷᱚᱸᱫᱨᱚᱸᱫ, ᱛᱩᱞᱟᱹᱡᱚᱠᱷᱟ ᱞᱮᱠᱟᱛᱮ ᱪᱮᱴᱟᱱᱟᱱ ᱱᱤᱣᱩᱴᱨᱚᱱ ᱯᱷᱞᱟᱠᱥ ᱥᱟᱶᱛᱮ ᱟᱢ ᱢᱤᱫᱴᱟᱝ ᱪᱩᱞᱞᱤ ᱨᱮᱭᱟᱜ ᱞᱟᱹᱠᱛᱤ ᱑᱙᱗᱐ ᱜᱮᱞᱟᱝ ᱨᱮ ᱟᱹᱭᱠᱟᱹᱣ ᱞᱮᱱᱟ, ᱡᱟᱸᱦᱟ ᱫᱚ ᱢᱩᱪᱟᱹᱫ ᱦᱟᱹᱵᱤᱡ ᱵᱤᱮᱟᱨᱥᱤ, ᱴᱨᱚᱢᱵᱮ ᱨᱮ ᱟᱨᱼ᱕ ᱪᱩᱞᱦᱟᱹ (ᱛᱟᱭᱚᱢᱛᱮ ᱧᱩᱛᱩᱢ ᱵᱚᱫᱚᱞ ᱠᱟᱛᱮᱜ ᱫᱷᱨᱩᱵᱚ ᱪᱩᱞᱞᱤ) ᱵᱮᱱᱟᱣ ᱟᱨ ᱪᱟᱹᱞᱩ ᱞᱮᱱᱟ ᱾
मेरे पास तेरह घोड़ा हैं।	ᱤᱧ ᱴᱷᱮᱱ ᱜᱮᱞ ᱯᱮ ᱜᱚᱴᱟᱝ ᱜᱷᱚᱲᱟ ᱢᱮᱱᱟᱜᱼᱟ ᱠᱚᱣᱟ।
राज्य अपने तटीय क्षेत्रों में कई किनारों पर है, जैसे कि Rukeaa, Jaragau, Sagagau, Sagagaamaaamamaaaaa., भारतीय चट्टानों के रूप में गुफा के रूप में गुफा, और देश की दूसरी सबसे छोटी गुफा, loms.	ᱱᱚᱶᱟ ᱯᱚᱱᱚᱛ ᱨᱮᱭᱟᱜ ᱥᱟᱢᱩᱫᱽ ᱟᱲᱮ ᱛᱷᱚᱱᱚᱛ ᱠᱚᱨᱮ ᱠᱤᱪᱷᱤ ᱥᱟᱢᱩᱫᱽᱥᱳᱭᱠᱚᱛ ᱢᱮᱱᱟᱜᱼᱟ ᱡᱮᱞᱮᱠᱟ ᱨᱤᱥᱤᱠᱳᱱᱰᱟ, ᱢᱟᱭᱯᱟᱰᱩ, ᱥᱩᱨᱡᱚᱞᱚᱝᱠᱟ ᱮᱢᱟᱱ, ᱜᱷᱚᱝᱜᱚᱨ ᱢᱮᱱᱟᱜᱼᱟ ᱡᱮᱞᱮᱠᱟ ᱵᱳᱨᱟ ᱜᱷᱚᱝᱜᱚᱨ, ᱩᱱᱫᱟᱵᱷᱟᱞᱞᱤ ᱜᱷᱚᱝᱜᱚᱨ ᱡᱟᱦᱟᱸ ᱫᱚ ᱵᱷᱟᱨᱚᱛᱨᱮ ᱫᱦᱤᱨᱤ ᱠᱩᱱᱫᱟᱹᱣ ᱟᱹᱨᱤ ᱨᱮᱭᱟᱜ ᱪᱤᱛᱟᱹᱨ ᱮ ᱵᱚᱨᱱᱚᱱᱼᱟ ᱟᱨ ᱫᱤᱥᱚᱢ ᱨᱮᱭᱟᱜ ᱫᱚᱥᱟᱨ ᱡᱮᱹᱞᱮᱹᱧᱟᱱ ᱜᱷᱚᱝᱜᱚᱨ ᱵᱮᱞᱟᱢ ᱜᱷᱚᱝᱜᱚᱨ ᱾
पेट्रोल पंप वाला हैरान रह गया जब एक व्यक्ति पेट्रोल भराने के लिए मोटर चालित चारपाई पर सवार होकर आया।	ᱯᱮᱴᱨᱳᱞ ᱵᱟᱝᱠ ᱨᱮᱱ ᱦᱚᱲ ᱢᱤᱫ ᱦᱚᱲ ᱯᱮᱴᱨᱳᱞ ᱯᱮᱨᱮᱡ ᱞᱟᱹᱜᱤᱫ ᱢᱳᱴᱳᱨᱟᱭᱤᱡᱰ ᱪᱟᱨᱯᱳᱭ ᱨᱮ ᱪᱟᱞᱟᱣ ᱠᱟᱛᱮ ᱠᱚ ᱦᱮᱡ ᱞᱮᱱᱟ ᱾
ओह, हाँ! यह एक बहुत स्वस्थ व्यंजन है.	ᱳᱦ ᱦᱮᱸ, ᱱᱚᱶᱟᱫᱚ ᱟᱹᱰᱤ ᱥᱟᱶᱟᱨᱼᱟᱱ ᱡᱚᱢᱟᱜ ᱠᱟᱱᱟ ᱾
ओह, यह काम करना चाहिए.	ᱴᱷᱤᱠᱜᱮᱭᱟ, ᱚᱱᱟ ᱫᱚᱭ ᱠᱟᱹᱢᱤ ᱫᱟᱲᱮᱭᱟᱜᱽᱼᱟ ᱾
यह खेल सन्‌ 17वीं सदी के दूसरे भाग में मशहूर था ।	ᱮᱭᱟᱭᱜᱮᱞᱟᱝ ᱥᱚᱛᱟᱵᱫᱤ ᱨᱮᱭᱟᱜ ᱫᱚᱥᱟᱨ ᱚᱠᱛᱚᱨᱮ ᱠᱨᱤᱠᱮᱴ ᱫᱚ ᱟᱹᱰᱤ ᱡᱟᱹᱥᱛᱤ ᱦᱚᱲᱠᱩᱥᱤᱭᱟᱜ ᱠᱷᱮᱞᱚᱸᱰ ᱨᱮ ᱵᱮᱱᱟᱣ ᱮᱱᱟ ᱾
पोलैंड के पुरुषों की असमर्थता Nagazazel और Cargagaynyyyaa Targ में तेरहवाँ समाप्त हो गया। दक्षिण कोरिया के जॉन Sekeeek पार्क में पुरुषों के सुपर-G में बीस चौथाई समाप्त हो गया।	ᱯᱚᱞᱮᱸᱰ ᱨᱤᱱ ᱠᱚᱲᱟ ᱨᱤᱱ ᱫᱤᱵᱭᱟᱝ ᱥᱠᱤᱭᱟᱹᱨ ᱢᱟᱥᱤᱡᱽ ᱠᱨᱮᱡᱮᱞ ᱟᱨ ᱜᱟᱭᱤᱰ ᱟᱱᱟ ᱚᱜᱟᱨᱡᱤᱱᱥᱠᱟ ᱥᱩᱯᱟᱹᱨ ᱡᱤ ᱨᱮ ᱜᱮᱯᱮ ᱛᱷᱟᱨ ᱨᱮ ᱛᱟᱦᱮᱸ ᱠᱟᱱᱟᱭ᱾ ᱠᱚᱸᱭᱮ ᱠᱚᱨᱤᱭᱟ ᱨᱮᱭᱟᱜ ᱡᱟᱝ ᱥᱤᱭᱚᱨᱠ ᱯᱟᱨᱠ ᱠᱚᱲᱟ ᱨᱮᱭᱟᱜ ᱥᱩᱯᱟᱹᱨ ᱡᱤ ᱫᱩᱯᱲᱩᱵ ᱨᱮ ᱵᱟᱜᱮᱢᱚᱬᱮ ᱛᱷᱟᱨ ᱨᱮ ᱛᱟᱦᱮᱸ ᱞᱮᱱᱟᱭ᱾
यह अखमीरी चावल के साथ बनाया जाता है और यह अनिवार्य रूप से scuts किनारों के साथ एक कैंच है.	ᱱᱚᱶᱟᱫᱚ ᱟᱛᱟ ᱪᱟᱣᱞᱤ ᱜᱩᱸᱰᱟᱹᱛᱮ ᱵᱮᱱᱟᱣ ᱦᱩᱭᱩᱜᱼᱟ ᱟᱨ ᱱᱚᱶᱟᱫᱚ ᱠᱷᱟᱥᱛᱟ ᱯᱮᱱᱠᱮᱠ ᱞᱮᱠᱟᱱᱟᱜ ᱠᱟᱱᱟ ᱾
इस दल के एक सदस्य को सज़ा की जगह से मार डालने की इजाज़त दी जाती है, जिसमें सिर्फ एक ही लक्ष्य होता है कि वह मार डाला जाए ।	ᱜᱟᱫᱮᱞᱨᱮᱱ ᱢᱤᱫ ᱵᱟᱪᱷᱟᱣ ᱟᱠᱟᱱ ᱨᱟᱹᱥᱭᱟᱹ ᱯᱮᱱᱟᱞᱴᱤ ᱴᱷᱟᱶ ᱠᱷᱚᱱ ᱜᱳᱞ ᱨᱮ ᱛᱷᱤᱭᱟᱹᱭ ᱨᱮᱭᱟᱜ ᱪᱷᱟᱹᱲ ᱮᱢᱚᱜ ᱦᱩᱭᱩᱜᱼᱟ, ᱥᱟᱶᱛᱮ ᱜᱳᱞᱠᱤᱯᱟᱨ ᱦᱟᱨᱟᱣᱼᱮ ᱞᱟᱹᱜᱤᱫ ᱾
यह इंटरनॆट के माध्यम से संपत्ति और सेवाओं की बिक्री है ।	ᱱᱚᱣᱟ ᱫᱚ ᱤᱱᱴᱟᱨᱱᱮᱴ ᱛᱟᱞᱟᱛᱮ ᱫᱩᱨᱤᱵ ᱟᱨ ᱵᱷᱟᱹᱞᱟᱹᱭ ᱠᱟᱹᱢᱤ ᱨᱮᱭᱟᱜ ᱟᱹᱠᱷᱨᱤᱧ ᱾
ये समुदाय के मुख्य प्रतिनिधि हैं।	ᱤᱢᱟᱢᱠᱩ ᱢᱩᱫᱨᱮ ᱢᱤᱫᱴᱟᱝ ᱩᱠᱩ ᱵᱮᱞᱚᱴ ᱦᱚᱛᱮᱛᱮ ᱜᱟᱛᱟᱜᱨᱮᱱ ᱢᱩᱲᱩᱛ ᱟᱹᱭᱩᱨᱤᱡᱽ, ᱠᱚᱱᱥᱴᱮᱱᱴᱟ ᱢᱩᱯᱷᱛᱤᱠᱩ ᱵᱟᱪᱷᱱᱟᱣᱞᱤᱫᱤᱭᱟ ᱾
यदि वह / वह ठीक महसूस करता है, क्योंकि जैसे बॉक्स १२२ में बताया गया है, उस में दूसरा डूबने बाद में हो सकता है.	ᱰᱩᱵᱟᱹᱛᱮ ᱜᱷᱟᱹᱞᱟᱠᱟᱱ ᱢᱤᱫ ᱦᱚᱲᱟᱜ ᱢᱤᱴᱴᱮᱱ ᱢᱮᱰᱤᱠᱮᱞ ᱫᱚᱠᱴᱚᱨ ᱫᱟᱨᱟᱭᱛᱮ ᱴᱤᱠᱤᱪᱪᱷᱟᱭ ᱨᱮᱭᱟᱜ ᱡᱟᱹᱨᱩᱲ ᱢᱮᱱᱟᱜᱼᱟ, ᱮᱢᱚᱱᱠᱤ ᱡᱩᱫᱤ ᱩᱱᱤ ᱧᱮᱞᱚᱜᱼᱟ ᱵᱚᱜᱮᱭᱟᱠᱟᱱᱟ, ᱪᱮᱫᱟᱜ ᱥᱮ ᱵᱚᱠᱥ ᱑᱒ᱹ᱒ ᱨᱮ ᱵᱤᱪᱷᱱᱟᱹᱣᱟᱠᱟᱱ ᱞᱮᱠᱟ ᱛᱟᱭᱚᱢ ᱫᱟᱨᱟᱢ ᱩᱱᱤ ᱪᱮᱛᱟᱱ ᱫᱚᱲᱦᱟ ᱰᱩᱵᱟᱹ ᱦᱩᱭ ᱫᱟᱲᱤᱭᱟᱜᱼᱟ ᱾
इनमें डॉक्सिंग, हैकिंग, कॉपीराइट के मुद्दे, साइबर आतंकवाद और धोखाधड़ी शामिल हैं।	ᱱᱤᱭᱟᱹ ᱠᱚ ᱢᱩᱫᱨᱮ ᱢᱮᱱᱟᱜᱼᱟ ᱰᱚᱠᱥᱤᱝ, ᱦᱮᱠᱤᱝ, ᱠᱚᱯᱤᱨᱟᱭᱤᱴ ᱟᱱᱟᱴ, ᱥᱟᱭᱵᱟᱨ ᱵᱚᱛᱚᱨᱟᱱᱟᱜ ᱟᱨ ᱴᱷᱚᱠᱟᱣ ᱠᱚ ᱜᱮ ᱾
बिल, कृपया	ᱵᱤᱞ, ᱫᱟᱭᱟ ᱠᱟᱛᱮ
छी। मुझे अपने लैपटॉप पर फिल्में देखना पसंद नहीं है। यह इतनी छोटी स्क्रीन है।	ᱦᱟᱭ, ᱤᱧ ᱫᱚ ᱤᱧᱟᱜ ᱞᱮᱯᱴᱚᱯ ᱨᱮ ᱥᱤᱱᱟᱹᱢᱟ ᱧᱮᱞ ᱵᱟᱹᱧ ᱠᱩᱥᱤᱭᱟᱜᱼᱟ ᱾ ᱱᱚᱣᱟ ᱫᱚ ᱢᱤᱫᱴᱟᱝ ᱠᱟᱹᱴᱤᱡ ᱯᱚᱨᱫᱟ ᱠᱟᱱᱟ ᱾
जी हाँ, और यह पसंद - नापसंद पर आधारित एक मीठा या स्वादिष्ट स्वाद हो सकता है ।	ᱦᱮᱸ, ᱟᱨ ᱱᱚᱶᱟᱫᱚ ᱠᱩᱥᱤ ᱪᱮᱛᱟᱱ ᱴᱮᱸᱦᱟᱰ ᱠᱟᱛᱮᱜ ᱦᱮᱲᱮᱢ ᱟᱨ ᱥᱤᱵᱤᱞ ᱥᱚᱲᱚᱢ ᱦᱩᱭᱩᱜᱼᱟ ᱾
जहाज की दोनों ओर लटका हुआ सवार के पैरों के लिए समर्थन कर रहे हैं.	ᱨᱟᱭᱤᱰᱟᱹᱯ ᱫᱮᱡ ᱠᱚᱣᱟᱜ ᱠᱟᱴᱟ ᱛᱮ ᱥᱚᱢᱚᱨᱛᱷᱚᱱ ᱮᱫᱟᱭ ᱚᱠᱟ ᱫᱚ ᱥᱠᱟᱰᱟᱹᱢ ᱨᱮᱭᱟᱜ ᱵᱟᱨᱭᱟ ᱛᱚᱨᱚᱯᱷ ᱛᱮ ᱟᱹᱪᱩᱨᱚᱜᱼᱟ᱾
जब मैं इसे वापस लूँगा तो मेरे कुछ पैसे कटेंगे क्योंकि कंपनी ऐसा नहीं करती, लेकिन मैं इसे बदल दूँगा।	ᱱᱚᱶᱟ ᱡᱚᱠᱷᱚᱱ ᱤᱧ ᱨᱩᱣᱟᱹᱲ ᱤᱧ ᱧᱟᱢᱟ ᱛᱚᱠᱷᱚᱱ ᱤᱧᱟᱹᱜ ᱠᱤᱪᱷᱩ ᱠᱟᱹᱣᱰᱤ ᱞᱳᱠᱥᱟᱱᱚᱜ ᱛᱤᱧᱟᱹ ᱚᱡᱮ ᱫᱚ ᱠᱳᱢᱯᱟᱱᱤ ᱫᱚ ᱚᱱᱟ ᱵᱟᱭ ᱠᱚᱨᱟᱣᱼᱟ, ᱢᱮᱱᱠᱷᱟᱱ ᱤᱧ ᱫᱚ ᱱᱚᱶᱟᱧ ᱵᱚᱫᱚᱞᱼᱟ (ᱱᱚᱶᱟ ᱞᱟᱵᱷᱽ ᱫᱚ ᱵᱟᱝ ᱯᱩᱥᱴᱟᱹᱣᱼᱟ, ᱫᱟᱭᱟ ᱠᱟᱛᱮ ᱱᱚᱶᱟ ᱟᱹᱭᱟᱹᱛ ᱥᱟᱶ ᱟᱨᱦᱚᱸ ᱮᱴᱟᱜ ᱦᱟᱞᱚᱛ ᱮᱢ ᱢᱮ) ᱾
क्या सभी स्कूल, कॉलेज और कार्यालय कल बंद हैं?	ᱜᱟᱯᱟ ᱫᱚ ᱪᱮᱫᱽ ᱡᱚᱛᱚ ᱥᱠᱩᱞ ᱠᱚᱞᱮᱡᱽᱠᱩ ᱵᱚᱸᱫᱜᱤᱭᱟ ?
जवाब में, 9वीं इन्फैंट्री को काहिरा पर कब्जा करने के आदेश जारी किए गए थे।	ᱛᱮᱞᱟᱭ ᱨᱮ ᱠᱟᱭᱨᱳ ᱫᱚᱠᱷᱚᱞ ᱞᱟᱹᱜᱤᱫ ᱛᱟᱲᱟᱢ ᱯᱷᱟᱹᱫ ᱞᱟᱹᱜᱤᱫ ᱦᱩᱠᱩᱢ ᱡᱟᱹᱨᱤ ᱞᱮᱱᱟ ᱾
दो प्रकार के कृषि - प्रबंधों में जैविक कृषि और पारंपरिक कृषि - प्रबंध शामिल हैं ।	ᱵᱟᱨᱞᱮᱠᱟᱱ ᱪᱟᱥ ᱵᱮᱵᱚᱥᱛᱷᱟᱯᱚᱱᱟ ᱨᱤᱛᱤ ᱡᱟᱦᱟᱸ ᱢᱩᱫᱨᱮ ᱢᱮᱱᱟᱜᱼᱟ ᱡᱤᱵᱤᱭᱟᱹ ᱪᱟᱥ ᱟᱨ ᱦᱩᱭᱦᱤᱡᱩᱜᱠᱟᱱ ᱪᱟᱥ ᱜᱤ ᱾
लेकिन दस्तावेज़ अधीनता और सत्यापन के लिए आपको शाखा का दौरा करना होगा.	ᱢᱮᱱᱠᱷᱟᱱ ᱱᱚᱛᱷᱤ ᱡᱚᱢᱟ ᱟᱨ ᱧᱮᱞ ᱟᱨᱩᱭ ᱞᱟᱹᱜᱤᱫᱛᱮ ᱟᱢᱫᱚ ᱵᱨᱟᱧᱪ ᱛᱮ ᱪᱟᱞᱟᱜ ᱦᱩᱭᱩᱜ ᱛᱟᱢᱟ ᱾
इसमें कोई शक नहीं कि उसने अपनी शिकायतों के बारे में शक किया है ।	ᱚᱞᱚᱢᱯᱤᱠ ᱥᱟᱱᱟ ᱯᱚᱫᱟᱠ ᱵᱤᱡᱮᱛᱟ ᱫᱚ ᱡᱟᱹᱛᱤᱭᱟᱹᱨᱤ ᱢᱚᱱᱰᱟᱞ ᱠᱷᱮᱞ ᱨᱮ ᱑᱐᱐ ᱢᱤᱴᱚᱨ ᱟᱨ ᱒᱐᱐ ᱢᱤᱴᱚᱨ ᱯᱷᱨᱤᱥᱴᱟᱭᱤᱞ ᱟᱨ ᱯᱮᱭᱟ ᱨᱤᱠᱮ ᱨᱮ ᱛᱟᱦᱮᱸ ᱠᱟᱱᱟᱭ, ᱦᱮᱞᱮ ᱟᱡᱟᱜ ᱱᱟᱹᱞᱤᱥ ᱠᱷᱟᱹᱛᱤᱨ ᱛᱮ ᱟᱡᱟᱜ ᱯᱷᱩᱨᱛᱤ ᱥᱚᱱᱫᱮᱦ ᱨᱮ ᱢᱮᱱᱟᱜᱼᱟ᱾
आप अपनी कार नाम होगा.	ᱟᱢᱟᱜ ᱜᱟᱹᱰᱤ ᱨᱮᱭᱟᱜ ᱧᱩᱛᱩᱢ ᱮᱢᱦᱩᱭᱩᱜᱼᱟ ᱾
यह बहुत अद्भुत लग रहा है.	ᱟᱹᱰᱤ ᱦᱟᱦᱟᱲᱟ ᱵᱩᱡᱷᱟᱹᱜ ᱠᱟᱱᱟ ᱱᱚᱶᱟᱫᱚ ᱾
इसे पतली नींद में फेंका जा सकता है, जो टेढ़ी - मेढ़ी और हट सकती है ।	ᱱᱚᱶᱟ ᱱᱟᱱᱦᱟ ᱛᱟᱨ ᱛᱮᱦᱚᱸ ᱚᱨ ᱫᱟᱲᱮᱭᱟᱜᱼᱟ ᱡᱟᱦᱟᱸ ᱫᱚ ᱞᱟᱹᱴᱩᱢ ᱠᱟᱛᱮ ᱦᱤᱯᱤᱲ ᱫᱟᱲᱮᱭᱟᱜᱼᱟ᱾ ᱱᱚᱶᱟ ᱫᱚ ᱪᱷᱟᱯᱟ ᱦᱚᱸ ᱫᱟᱲᱮᱭᱟᱜᱼᱟ ᱟᱨᱵᱟᱝ ᱥᱤᱴ ᱠᱚ ᱵᱟᱹᱲᱤᱡ ᱫᱟᱲᱮᱭᱟᱜᱼᱟ᱾
राजा की ओर मुड़ गया और कोमलता से कहा, हे राजा, यह तुझे बुरा लगता है, कि एक बार वादा किए जाने से इनकार कर।	ᱵᱚᱥᱤᱥᱴᱷᱚ ᱱᱤᱛᱫᱚ ᱨᱟᱡᱟ ᱥᱮᱱ ᱠᱚᱭᱚᱜ ᱠᱟᱛᱮᱜ ᱵᱟᱹᱭ ᱵᱟᱹᱭᱛᱮᱭ ᱞᱟᱹᱭ ᱠᱮᱫᱟ ᱺ ''ᱨᱟᱡᱟ, ᱢᱤᱫ ᱫᱷᱟᱣ ᱠᱟᱛᱷᱟ ᱵᱷᱟᱸᱜᱚᱲ ᱟᱢ ᱞᱟᱹᱜᱤᱫ ᱵᱟᱹᱲᱤᱡ ᱦᱩᱭ ᱫᱟᱲᱮᱭᱟᱜᱼᱟ ''᱾
इस तरह व्यस्त शेड्‌यूल बनाने में आप अपना समय कैसे लगा सकते हैं?	ᱱᱩᱱᱟᱹᱜ ᱡᱚᱦᱚᱲ ᱨᱮᱦᱚᱸ ᱟᱢ ᱪᱮᱫ ᱞᱮᱠᱟᱛᱮ ᱟᱢᱟᱜ ᱥᱚᱠ ᱯᱟᱸᱡᱟᱭ ᱞᱟᱹᱜᱤᱫ ᱟᱢᱟᱜ ᱚᱠᱛᱚᱢ ᱪᱟᱪᱞᱟᱣᱼᱟ ?
आम तौर पर, सवाल के पूरा होने के बाद ध्यान आकर्षित किया जाता है और घर की मेज़ और व्यापार की सूची पर किसी भी अन्य वस्तु पर कागज़ों का रख - रखाव किया जाता है ।	ᱥᱟᱫᱷᱟᱨᱚᱱᱛᱚ,ᱠᱩᱠᱞᱤ ᱛᱮᱞᱟ ᱜᱷᱟᱹᱲᱤᱠᱥᱟᱹᱛ ᱛᱟᱭᱚᱢ ᱟᱨ ᱚᱲᱟᱜ ᱨᱮᱭᱟᱜ ᱴᱮᱵᱤᱞ ᱨᱮ ᱠᱟᱜᱚᱡ ᱟᱴᱮᱫ ᱠᱟᱛᱮᱜ ᱟᱨ ᱵᱟᱹᱱᱤᱡ ᱨᱮᱭᱟᱜ ᱯᱷᱚᱨᱫᱚ ᱨᱮ ᱮᱴᱟᱜ ᱡᱟᱸᱦᱟᱱᱟᱜ ᱡᱤᱱᱤᱥ ᱦᱟᱛᱟᱣ ᱞᱟᱦᱟᱨᱮ ᱠᱟᱱᱦᱮᱸᱲ ᱦᱟᱛᱟᱣ ᱦᱩᱭᱩᱜᱼᱟ ᱾
एसबीआई की इंटरनेट बैंकिंग बहुत अच्छी है। मैं बिना किसी समस्या के तुरंत पैसे ट्रांसफर कर सकता हूँ।	ᱮᱥ ᱵᱤ ᱟᱭ ᱼᱟᱜ ᱟᱹᱰᱤ ᱵᱷᱟᱜᱮ ᱤᱱᱴᱟᱨᱱᱮᱴ ᱵᱮᱝᱠᱤᱝ ᱢᱮᱱᱟᱜᱼᱟ ᱾ ᱤᱧ ᱫᱚ ᱡᱟᱦᱟᱱ ᱟᱡᱷᱟᱴ ᱪᱷᱟᱰᱟᱜᱮ ᱩᱥᱟᱹᱨᱟ ᱠᱟᱹᱣᱰᱤᱧ ᱴᱨᱟᱱᱥᱯᱷᱟᱨ ᱫᱟᱲᱮᱭᱟᱜᱼᱟ ᱾
सिर्फ इसलिए कि आप युवा हैं इसका मतलब यह नहीं है कि आप टीकाकरण छोड़ सकते हैं। क्या आपने नहीं सुना कि सरकार ने हम सभी के लिए टीकाकरण अनिवार्य कर दिया है?	ᱮᱠᱮᱱ ᱟᱢ ᱫᱚᱢ ᱡᱩᱣᱟᱹᱱᱜᱮ ᱤᱭᱟᱹᱛᱮ ᱵᱟᱭ ᱵᱩᱡᱷᱟᱹᱣᱼᱟ ᱡᱮ ᱟᱢ ᱫᱚ ᱵᱷᱮᱠᱥᱤᱱ ᱦᱟᱛᱟᱣᱮᱢ ᱮᱲᱟᱣᱼᱟ   ᱾ ᱟᱢ ᱪᱮᱫ ᱵᱟᱢ ᱟᱸᱡᱚᱢ ᱟᱠᱟᱫᱼᱟ ᱡᱮ ᱥᱚᱨᱠᱟᱨ ᱫᱚ ᱟᱞᱮ ᱡᱚᱛᱚ ᱞᱟᱹᱜᱤᱫ ᱴᱤᱠᱟᱹ ᱦᱟᱛᱟᱣ ᱵᱟᱫᱫᱷᱚ ᱟᱱᱟᱜ ᱟᱠᱟᱫᱟᱭ ?
मैंने सोचा था कि यह उसकी पहली भूमिका थी।	ᱤᱧ ᱧᱮᱞ ᱮᱫᱟ, ᱢᱚᱱᱮ ᱞᱮᱫᱟᱹᱧ ᱡᱮ ᱱᱚᱶᱟ ᱜᱮ ᱩᱱᱤᱭᱟᱜ ᱯᱳᱭᱞᱳ ᱪᱩᱨᱤᱛ ᱾
NPWS के एक साझेदारी में और ऑस्ट्रेलिया के शॉट्स संघ (WW), योग्य स्वयंसेवकों को भर्ती किया गया, Sporters के शिकार कार्यक्रम के तहत।	ᱟᱥᱳᱥᱤᱭᱮᱥᱳᱱ ᱟᱨ ᱮᱱᱹᱯᱤᱹᱰᱚᱵᱽᱞᱩᱹᱮᱥ ᱯᱟᱨᱴᱱᱚᱨᱥᱤᱯ ᱛᱮ , ᱥᱯᱳᱨᱴᱤᱝ ᱥᱩᱴᱚᱨᱥ ᱟᱥᱳᱥᱤᱭᱮᱥᱳᱱ ᱨᱮᱭᱟᱜ ᱥᱮᱸᱫᱽᱨᱟ ᱯᱨᱚᱜᱨᱟᱢ ᱦᱚᱛᱮᱛᱮ ᱡᱚᱜᱽᱭᱚ ᱥᱚᱭᱚᱝᱥᱮᱵᱚᱠ ᱠᱚᱣᱟᱜ ᱵᱷᱩᱨᱛᱤ ᱦᱩᱭ ᱞᱮᱱᱟI
कांता, तुम्हारे पास कितने अच्छे खिलौने हैं। क्या मैं उनसे खेल सकता हूँ?	ᱠᱟᱱᱛᱟ, ᱟᱢᱟᱜ ᱱᱩᱱᱟᱹᱜ ᱢᱚᱡ ᱠᱷᱮᱞᱚᱰᱟᱱᱟᱜ ᱢᱮᱱᱟᱜᱼᱟ ᱾ ᱤᱧ ᱫᱚ ᱪᱮᱫ ᱩᱝᱠᱩ ᱥᱟᱶᱤᱧ ᱠᱷᱮᱞᱼᱟ ?
2008-09 के दौरान, NRYA ने नौकरी के अवसर प्रदान किए 4 से अधिक घरों के लिए।	᱒᱐᱐᱘ ᱼ ᱐᱙ ᱥᱟᱹᱦᱤᱛ ᱨᱮ, ᱮᱱᱟᱨᱤᱡᱤᱮ ᱔ᱹ᱔᱗ ᱠᱳᱴᱤ ᱠᱷᱚᱱ ᱵᱟᱹᱲᱛᱤ ᱜᱷᱟᱸᱨᱚᱡ ᱞᱟᱹᱜᱤᱫ ᱠᱟᱹᱢᱤ ᱧᱟᱢ ᱨᱮᱭᱟᱜ ᱥᱩᱵᱤᱫᱟᱭ ᱮᱢ ᱞᱮᱱᱟ, ᱡᱟᱸᱦᱟᱨᱮ ᱒᱐᱐᱗ ᱼ ᱐᱘ ᱥᱟᱹᱦᱤᱛ ᱨᱮ ᱓ᱹ᱓᱙ ᱠᱳᱴᱤ ᱜᱷᱟᱸᱨᱚᱡ ᱥᱮᱞᱮᱫ ᱛᱟᱸᱦᱮᱠᱟᱱᱟ ᱾
ᱤᱧ ᱚᱱᱰᱮ ᱪᱤᱠᱟᱹᱛᱮᱧ ᱥᱮᱴᱮᱨᱚᱜᱼᱟ?	मैं वहां किस प्रकार पहुंचा?
यातायात के प्रवाह को बेहतर करने के लिए, सम्बन्ध तीन मुख्य विशेषताओं के बीच स्थापित किए गए हैं: (१) प्रवाह, (२) घनत्व, और (३) वेग ।	ᱭᱟᱛᱟᱭᱟᱛ ᱯᱨᱟᱣᱟᱦ ᱨᱮᱱᱟᱝ ᱱᱟᱯᱟᱭ ᱯᱨᱟᱛᱤᱱᱤᱫᱷᱤᱛᱣᱟ ᱠᱚᱨᱟᱣ ᱞᱟᱹᱜᱤᱫ, ᱯᱮᱭᱟ ᱥᱮᱬᱟ ᱵᱤᱥᱮᱛᱟ ᱛᱟᱞᱟ ᱥᱟᱹᱜᱟᱹᱭ ᱜᱟᱺᱴ ᱟᱠᱟᱱᱟᱺ (᱑) ᱯᱨᱚᱣᱟᱦ, (᱒) ᱜᱷᱟᱱᱟᱛᱣᱟ ᱟᱨ (᱓) ᱣᱮᱜ᱾
अड़तालीस	ᱯᱳᱱ ᱜᱮᱞ ᱟᱨ
ब्राश-श प्रवक्ता ने उत्तरी कोरिया के वादे का नाम दिया "एक प्रमुख कदम के लक्ष्य के लिए कोरियाई प्रायद्वीप के सहनीकरण प्राप्त करने के लक्ष्य पर।	ᱵᱩᱥ ᱨᱤᱱᱤᱡ ᱥᱯᱚᱠᱥ ᱯᱚᱨᱥᱚᱱ ᱡᱚᱨᱰᱟᱱᱡᱚᱱᱰᱨᱚᱭᱤ ᱱᱚᱨᱛᱷ ᱠᱳᱨᱤᱭᱟ ᱯᱨᱚᱛᱤᱥᱨᱩᱛᱤ ᱮᱢ ᱠᱫᱮᱭᱟᱭ ᱡᱮ "ᱠᱚᱨᱤᱭᱟ ᱩᱯᱚᱫᱤᱯ ᱨᱮ ᱵᱤᱰᱟᱹᱣ ᱜᱟᱱᱚᱜ ᱵᱮᱼᱱᱤᱣᱠᱞᱤᱨᱟᱭᱡᱮᱥᱟᱱ ᱡᱚᱥ ᱧᱟᱢ ᱞᱟᱹᱜᱤᱫ ᱢᱤᱫ ᱢᱟᱨᱟᱝ ᱥᱴᱮᱯ᱾"
मेरे वीडियो पर बिना किसी कारण के कॉपीराइट स्ट्राइक आ गई, भले ही मैंने पूरा वीडियो खुद रिकॉर्ड किया था।	ᱤᱧᱟᱹᱜ ᱵᱷᱤᱰᱤᱣᱳ ᱫᱚ ᱡᱟᱦᱟᱱ ᱚᱡᱮ ᱵᱮᱜᱚᱨ ᱜᱮ ᱢᱤᱫᱴᱟᱝ ᱠᱚᱯᱤᱨᱟᱭᱤᱴ ᱨᱮᱭ ᱟᱴᱚᱠ ᱟᱠᱟᱱᱟ ᱾ ᱮᱱᱛᱮ ᱨᱮᱦᱚᱸ ᱤᱧ ᱤᱧᱛᱮᱫ ᱜᱮ ᱯᱩᱨᱟᱹ ᱵᱷᱤᱰᱤᱭᱳᱧ ᱨᱮᱠᱚᱨᱰ ᱟᱠᱟᱫᱟ ᱾
नहीं, यह एक अलग सवारी से एक लंबे समय पहले था.	ᱵᱟᱝ, ᱱᱚᱶᱟᱫᱚ ᱟᱹᱰᱤ ᱫᱤᱱ ᱞᱟᱦᱟ ᱨᱮᱱᱟᱜ ᱢᱤᱫ ᱨᱟᱭᱤᱰ ᱛᱟᱦᱮᱸ ᱠᱟᱱᱟ ᱾
ᱥᱤᱸᱜᱟᱹᱲ ᱨᱮ	शाम को
छी। इस बैंक मैनेजर ने अपने कान साफ करने के लिए अपनी उंगली अपने कान में डाली।	ᱮᱭ ᱾ ᱱᱩᱭ ᱵᱮᱝᱠ ᱢᱮᱢᱱᱮᱡᱟᱨ ᱟᱭᱟᱜ ᱞᱩᱛᱩᱨ ᱨᱮ ᱠᱟᱹᱴᱩᱵᱼᱮ ᱟᱫᱮᱨ ᱟᱠᱟᱫ ᱛᱟᱦᱮᱠᱟᱱᱟ ᱥᱟᱯᱷᱟᱭ ᱞᱟᱹᱜᱤᱫ ᱛᱮ ᱾
अर्बोर: अर्बोर रोमानिया के सुसेवा काउंटी में स्थित एक कम्यून है।	ᱟᱵᱳᱨ ᱦᱩᱭᱩᱜ ᱠᱟᱱᱟ ᱢᱤᱫᱴᱟᱝ ᱠᱚᱢᱤᱣᱩᱱ ᱡᱟᱸᱦᱟᱫᱚ ᱨᱳᱢᱟᱱᱤᱭᱟ ᱨᱮᱭᱟᱜ ᱥᱩᱥᱮᱵᱷᱟ ᱠᱟᱣᱩᱱᱴᱤ ᱨᱮ ᱧᱟᱢᱚᱜᱼᱟ ᱾
छप्पन	ᱢᱚᱬᱮ ᱜᱮᱞ ᱛᱩᱨᱩᱭ
और इस ज्ञान के साथ, वे पेशेवर और तकनीकी शिक्षा का पीछा कर सकेंगे ।	ᱟᱨ ᱱᱚᱣᱟ ᱥᱠᱚᱞᱟᱨᱥᱤᱯ ᱦᱚᱛᱮᱛᱮ, ᱩᱝᱠᱩ ᱫᱚ ᱯᱨᱚᱯᱷᱮᱥᱚᱱᱟᱞ ᱟᱨ ᱴᱮᱠᱱᱤᱠᱮᱞ ᱥᱤᱠᱷᱱᱟᱹᱛᱠᱩ ᱦᱟᱛᱟᱣ ᱫᱟᱲᱤᱭᱟᱜᱽᱼᱟ ᱾
डिस्कोग्स पर जानकारी वेबसाइट के सदस्यों से आती है।	ᱰᱤᱥᱠᱳᱜᱚᱥ ᱨᱮᱭᱟᱜ ᱰᱚᱜᱚᱨ ᱫᱚ ᱳᱭᱮᱵᱽ ᱥᱟᱭᱤᱴ ᱨᱮᱱ ᱨᱟᱹᱥᱤᱭᱟᱹ ᱠᱚᱴᱷᱮᱱ ᱠᱷᱚᱱ ᱦᱤᱡᱩᱜᱼᱟ ᱾
खेती - बाड़ी के लिए मध्यम उधार और सभी विस्तारित गतिविधियों के लिए खेती पर किए गए उत्पादनों को कवर करेगा. (m)	ᱪᱟᱥ ᱟᱨ ᱨᱚᱯᱚᱲ ᱜᱚᱴᱟᱣᱟᱠᱟᱱ ᱠᱟᱹᱢᱤ ᱦᱚᱨᱟ ᱠᱩ ᱞᱟᱹᱜᱤᱫ ᱛᱟᱞᱟᱼᱢᱟᱞᱟ ᱟᱨ ᱡᱤᱞᱤᱧ ᱢᱤᱭᱟᱹᱫ ᱪᱟᱥ ᱡᱚᱱᱛᱚᱨᱯᱟᱹᱛᱤ ᱠᱤᱨᱤᱧ, ᱯᱟᱣᱟᱣ ᱟᱨ ᱠᱷᱟᱹᱨᱟᱹᱭ ᱨᱮ ᱦᱟᱛᱟᱣᱟᱠᱟᱱ ᱮᱴᱟᱜ ᱮᱢᱟᱱ ᱩᱛᱷᱱᱟᱹᱣᱟᱱᱟᱜ ᱠᱟᱹᱢᱤᱦᱚᱨᱟ ᱞᱟᱹᱜᱤᱫᱼᱮ ᱠᱚᱵᱷᱟᱨᱟ ᱾
आप के लिए इंतजार करने के लिए टैक्सी की जरूरत है, वहाँ अधिक आरोप होंगे.	ᱡᱩᱫᱤ ᱟᱢ ᱞᱟᱹᱜᱤᱫᱽ ᱠᱮᱵ ᱛᱟᱹᱜᱤᱭ ᱞᱟᱹᱜᱛᱤᱭᱟ, ᱚᱱᱟ ᱞᱟᱹᱜᱤᱫᱽ ᱫᱚᱲᱦᱟᱛᱮ ᱴᱟᱠᱟ ᱞᱟᱜᱟᱜᱽᱼᱟ ᱾
इस खोज से पक्षियों के पंखों के विकास की समझ भी मिलती है ।	ᱱᱚᱶᱟ ᱠᱷᱚᱡᱽ ᱪᱮᱬᱮ ᱨᱮ ᱤᱞ ᱦᱟᱨᱟᱜ ᱨᱮ ᱦᱚᱸ ᱚᱱᱛᱟᱨᱫᱽᱨᱤᱥᱴᱤ ᱯᱨᱚᱫᱟᱱ ᱮᱫᱟᱭ᱾
उनकी सफलता का रहस्य है पिरसिस की धारणा, एक विशेष कार्य जो हर बिल्ली को दूसरों के साथ होड़ लगाने से रोकता है ।	ᱱᱠᱩᱣᱟᱜ ᱨᱟᱹᱥ ᱠᱚ ᱨᱮᱭᱟᱜ ᱨᱟᱦᱚᱥᱭᱚ ᱫᱚ ᱟᱞᱟ ᱨᱮᱭᱟᱜ ᱚᱣᱫᱷᱤ ᱠᱟᱱᱟ, ᱢᱤᱫᱴᱟᱹᱝ ᱵᱤᱥᱮᱥ ᱠᱟᱹᱢᱤ ᱚᱠᱟ‌ ᱫᱚ ᱡᱷᱚᱛᱚ ᱯᱩᱥᱤ ᱠᱚ ᱫᱚᱦᱚᱭᱟ ᱡᱟᱦᱟᱸᱭ ᱫᱚ ᱮᱴᱟᱜ ᱠᱚ ᱥᱟᱞᱟᱜ ᱵᱟᱹᱭᱨᱚᱜ ᱠᱷᱚᱱ ᱵᱟᱹᱰ‌ ᱠᱚ ᱠᱟᱱᱟᱭ᱾
मैं निश्‍चित हूँ कि यह मेरे लिए भविष्य में चुनाव करने के लिए सहायक होगा ।	ᱤᱧ ᱴᱷᱤᱠᱟᱹᱭᱟ ᱡᱮ ᱱᱚᱶᱟ ᱟᱜᱟᱢ ᱨᱮ ᱵᱟᱪᱷᱱᱟᱣ ᱞᱟᱹᱜᱤᱫ ᱤᱧᱟᱹᱜ ᱞᱟᱹᱜᱤᱫ ᱥᱚᱦᱮᱫ ᱦᱩᱭᱩᱜᱼᱟ ᱾
ᱢᱚᱬᱮ	पांच
यह डेटा को संग्रहीत करने के लिए संबंधों और सेटों का उपयोग करता है।	ᱱᱚᱣᱟ ᱫᱚ ᱰᱮᱴᱟ ᱡᱚᱜᱟᱣ ᱨᱮ ᱥᱟᱹᱜᱟᱹᱭ ᱟᱨ ᱥᱮᱴᱼᱮ ᱵᱮᱵᱚᱦᱟᱨᱼᱟ ᱾
ब्रिटेन के पाउंड आम तौर पर द्वीपों में और स्टैनली क्रेडिट कार्ड और अमरीका के डॉलरों में भी स्वीकार किए जाएँगे ।	ᱵᱽᱨᱤᱴᱤᱥ ᱯᱟᱣᱩᱸᱰ ᱫᱚ ᱢᱮᱱ ᱞᱮᱠᱷᱟᱱ ᱫᱤᱯ ᱨᱮ ᱚᱠᱟᱨᱮ ᱦᱚᱸ ᱥᱣᱤᱠᱟᱹᱨᱚᱜᱼᱟ ᱟᱨ ᱥᱴᱮᱱᱞᱤ ᱠᱨᱮᱰᱤᱴ ᱠᱟᱰ ᱟᱨ ᱥᱟᱶᱛᱟ ᱨᱟᱡᱽ ᱟᱢᱮᱨᱤᱠᱟ ᱨᱮᱭᱟᱜ ᱵᱷᱤᱛᱨᱤ ᱨᱮ ᱦᱚᱸ ᱥᱣᱤᱠᱟᱹᱨᱚᱜ ᱜᱮᱭᱟ᱾
इसके अलावा, सरकार के बीच कर के नियमों और टारियों को रद्द करने का कोई अधिकार नहीं था ।	ᱱᱩᱠᱩ ᱴᱷᱮᱱ ᱯᱚᱱᱚᱛ ᱛᱟᱞᱟ ᱨᱮ ᱠᱟᱹᱱᱩᱱ ᱟᱨ ᱥᱩᱞᱠ ᱠᱚ ᱚᱣᱟᱹᱨᱼᱨᱟᱭᱤᱲ ᱞᱟᱹᱜᱤᱫ ᱪᱮᱫ ᱚᱫᱷᱤᱠᱟᱨ ᱵᱟᱝ ᱛᱟᱦᱮᱸ ᱠᱟᱱᱟ᱾
जी हाँ, खुद की जाँच करने पर उसे एहसास हुआ कि यह कितना मुश्‍किल है कि इलाज करना कितना मुश्‍किल है ।	ᱦᱮᱸ ᱾ ᱱᱤᱡᱽ ᱫᱟᱹᱞᱤᱛ ᱞᱮᱠᱟᱛᱮ ᱵᱩᱡᱷᱦᱟᱹᱣᱞᱮᱫᱟ ᱡᱮ ᱵᱷᱮᱯᱮᱜᱟᱨ ᱵᱟᱹᱲᱤᱡᱽ ᱚᱨᱡᱚ ᱡᱟᱸᱜᱮ ᱫᱟᱨᱟᱢ ᱫᱚ ᱛᱤᱱᱟᱹᱜ ᱟᱸᱴᱟ ᱢᱮᱱᱛᱮ ᱾
पचास	ᱢᱚᱬᱮ ᱜᱮᱞ
अगर मैं यह केस हार गया, तो मैं बर्बाद हो जाऊँगा।	ᱠᱮᱥ ᱨᱤᱧ ᱦᱟᱨᱟᱣ ᱞᱮᱱ ᱠᱷᱟᱱ ᱤᱧᱟᱹᱜ ᱥᱚᱨᱵᱚᱱᱟᱥ ᱦᱩᱭᱩᱜᱼᱟ ᱾
यह ज्ञान कब तक कायम रहेगा?	ᱱᱤᱭᱟᱹ ᱥᱠᱚᱞᱟᱨᱥᱤᱯ ᱫᱚ ᱛᱤᱱᱟᱹᱜᱽᱫᱤᱱ ᱛᱟᱦᱮᱸᱱᱟ ?
डीपिन: डीपिन एक मुफ्त ऑपरेटिंग सिस्टम है जो लिनक्स कर्नेल का उपयोग करता है।	ᱫᱤᱯᱤᱱ ᱫᱤᱯᱤᱱ ᱫᱚ ᱦᱩᱭᱩᱜ ᱠᱟᱱᱟ ᱢᱤᱫᱴᱟᱝ ᱵᱮᱜᱚᱨ ᱯᱚᱭᱥᱟᱛᱮᱱᱟᱜ ᱚᱯᱟᱨᱮᱴᱤᱝ ᱥᱤᱥᱴᱟᱢ ᱡᱟᱦᱟ ᱫᱚ ᱞᱤᱱᱟᱠᱥ ᱠᱟᱨᱱᱮᱞᱼᱮ ᱵᱮᱵᱚᱦᱟᱨᱼᱟ ᱾
एडिलेड दक्षिणी महासागर के निकट है और फ्लेरियू प्रायद्वीप के उत्तर में स्थित है।	ᱮᱹᱰᱤᱞᱮᱰ ᱫᱚ ᱫᱚᱠᱠᱷᱤᱱ ᱢᱟᱦᱟᱥᱟᱹᱢᱩᱫ ᱴᱷᱮᱱ ᱟᱨ ᱯᱷᱞᱩᱨᱤᱭᱩ ᱥᱟᱸᱜᱷᱟ ᱰᱷᱤᱯ ᱨᱮᱭᱟᱜ ᱩᱛᱛᱚᱨ ᱨᱮ ᱢᱮᱱᱟᱜᱼᱟ ᱾
इसके अतिरिक्‍त, 3 इडिओस ने सन्‌ 2014 में गृह विडियो विधकों के एक जापानी संगठन द्वारा आयोजित महान पुरस्कार जीता; 3 इडिओ को 2013 के सबसे अच्छे वीडियो रिलीज़ के रूप में चुना गया था, हज़ारों फिल्मों, और टी. वी.	ᱮᱱᱛᱮᱨᱮᱦᱚᱸ, ᱒᱐᱑᱔ᱼᱨᱮ ᱜᱷᱚᱨᱳᱣᱟ ᱵᱷᱤᱰᱤᱭᱳᱨᱮᱱ ᱠᱷᱩᱪᱨᱟᱹ ᱟᱹᱠᱷᱨᱤᱧ ᱠᱩᱣᱟᱜ ᱢᱤᱫ ᱡᱟᱯᱟᱱᱤ ᱥᱚᱝᱜᱚᱴᱷᱚᱱᱟᱜ ᱥᱟᱯᱲᱟᱣ ᱔ᱟᱜ ᱵᱷᱤᱰᱤᱭᱳᱣᱟᱥᱟᱱ ᱥᱤᱨᱯᱟᱹᱨᱮ ᱥᱚᱨᱮᱥ ᱥᱤᱨᱯᱟᱹᱭ ᱧᱟᱢᱠᱮᱫᱟ ᱛᱷᱨᱤ ᱤᱰᱤᱭᱚᱴᱥ; ᱜᱷᱚᱨᱳᱣᱟ ᱟᱨ ᱵᱤᱫᱟᱹᱥᱨᱮᱱ ᱦᱚᱞᱤᱭᱩᱰ ᱥᱟᱥᱟᱯᱲᱟᱣᱤᱡ ᱥᱟᱶ ᱦᱟᱡᱟᱨ ᱦᱟᱡᱟᱨ ᱪᱚᱞᱚᱛ ᱪᱤᱛᱟᱹᱨ, ᱮᱱᱤᱢᱳ ᱟᱨ ᱴᱮᱞᱤᱵᱷᱤᱥᱚᱱ ᱟᱠᱷᱲᱟ ᱛᱟᱭᱚᱢ ᱨᱮ ᱫᱚᱦᱚᱠᱟᱛᱮ ᱒᱐᱑᱓ᱼᱨᱮ ᱪᱦᱟᱹᱲᱧᱟᱢᱟᱠᱟᱱ ᱥᱚᱨᱮᱥ ᱩᱛᱟᱹᱨ ᱵᱷᱤᱰᱤᱭᱳ ᱞᱮᱠᱟᱛᱮᱭ ᱵᱟᱪᱷᱱᱟᱣ ᱞᱮᱱᱟ ᱛᱷᱨᱤ ᱤᱰᱤᱭᱚᱴ ᱾
जैसा मैंने तुमसे कहा था, मैं अपनी साइकिल पर लंबी मील की सवारी करना पसंद है.	ᱟᱢᱤᱧ ᱞᱟᱹᱭ ᱟᱠᱟᱫ ᱢᱮᱭᱟ, ᱤᱧᱫᱚ ᱤᱧᱟᱹᱜ ᱢᱚᱴᱚᱨᱜᱟᱹᱰᱤᱛᱮ ᱟᱹᱰᱤ ᱥᱟᱹᱜᱤᱧ ᱢᱟᱭᱤᱞ ᱪᱟᱞᱟᱜ ᱤᱧ ᱠᱩᱥᱤᱭᱟᱜᱼᱟ ᱾
इस अवसर पर, भारत के निवासी सुरक्षा के लिए अपने रास्ते पर चले गए, बिना किसी गोली - मुक्‍त किए भी ।	ᱱᱤᱭᱟᱹ ᱜᱷᱚᱴᱚᱱᱨᱮ, ᱵᱷᱟᱨᱚᱛᱤᱭᱟᱹᱠᱩ, ᱢᱤᱫᱴᱟᱝ ᱦᱚᱸ ᱜᱩᱞᱤ ᱵᱟᱝ ᱪᱟᱯᱟᱫᱲᱠᱟᱛᱮ ᱮᱲᱮᱠᱟᱛᱮ ᱟᱠᱩᱛᱮᱫ ᱱᱤᱨᱟᱹᱭ ᱰᱟᱦᱟᱨ ᱛᱮᱠᱩ ᱦᱮᱡᱽᱞᱮᱱᱟ ᱾
इस स्थल का अधिकांश भाग दक्षिण-पश्चिमी मैकॉन काउंटी में स्थित है।	ᱡᱟᱹᱥᱛᱤ ᱥᱟᱭᱴᱚᱴᱤ ᱜᱮ ᱫᱚᱠᱠᱷᱤᱱᱼᱯᱚᱥᱪᱷᱤᱢ ᱢᱮᱹᱠᱚᱱ ᱠᱟᱣᱩᱱᱴᱤ ᱨᱮ ᱛᱟᱦᱮᱸ ᱠᱟᱱᱟ ᱾
लेकिन मैं हालांकि परिणामों के बारे में और अधिक चिंतित हूँ.	ᱢᱮᱱᱠᱷᱟᱱ ᱱᱚᱶᱟ ᱦᱟᱞᱚᱛ ᱱᱤᱭᱟᱹᱛᱮ ᱤᱧ ᱟᱹᱰᱤᱧ ᱩᱭᱦᱟᱹᱨᱚᱜ ᱠᱟᱱᱟ ᱾
आपको एक डिबिट या क्रेडिट कार्ड की भी ज़रूरत है ।	ᱟᱢᱟᱜ ᱢᱤᱫᱴᱟᱝ ᱰᱮᱵᱤᱴ ᱥᱮ ᱠᱨᱮᱰᱤᱴ ᱠᱟᱨᱰ ᱦᱚᱸ ᱞᱟᱹᱠᱛᱤ ᱾
गिनती: एक।	ᱞᱮᱠᱷᱟ: ᱢᱤᱫ।
सतासी	ᱟᱨ ᱜᱮᱞ ᱮᱭᱟᱭ
कभी - कभी मौसम में भारी तूफानों, बर्फ की तूफानों, बर्फ के तूफानों और धूल - तूफान होते हैं ।	ᱥᱩᱨ ᱡᱟᱭᱜᱟ ᱠᱚᱨᱤᱱᱟ ᱟᱨ ᱦᱚᱭ ᱫᱟᱜ ᱨᱮᱭᱟᱜ ᱵᱚᱨᱚᱯᱷ ᱵᱟᱹᱨᱤ, ᱵᱟᱨᱚᱯᱷᱵᱟᱹᱨᱤ, ᱵᱚᱨᱚᱯᱷ ᱨᱮᱭᱟᱜ ᱛᱩᱯᱷᱟᱹᱱ, ᱟᱨ ᱫᱷᱩᱞ ᱛᱩᱯᱷᱟᱹᱱ ᱠᱚ ᱢᱮᱱᱟᱜᱼᱟ᱾
यह गाँव पास के द्वीप, एस्ट्रय के बारे में विचार देता है और वहाँ एक असाधारण ऑक्टा चर्च है ।	ᱦᱚᱞᱫᱟᱨᱥᱵᱷᱤᱠ ᱨᱮᱭᱟᱜ ᱟᱹᱛᱩ ᱥᱩᱨ ᱨᱮ ᱢᱮᱱᱟᱜ ᱮᱭᱤᱥᱴᱩᱨᱳᱭ ᱴᱟᱹᱯᱩ ᱧᱮᱞ ᱡᱚᱝ ᱨᱮᱭᱟᱜ ᱨᱟᱹᱥᱠᱟᱹ ᱮᱢ ᱮᱫᱼᱟᱭ ᱟᱨ ᱱᱚᱣᱟ ᱨᱮᱱᱟᱜ ᱢᱤᱫ ᱡᱩᱫᱟᱹ ᱤᱨᱟᱹᱞᱠᱚᱬ ᱪᱚᱨᱪ ᱢᱮᱱᱟᱜᱼᱟ᱾
मेरे पास तिरानवे घोड़ा हैं।	ᱤᱧ ᱴᱷᱮᱱ ᱱᱟᱭ ᱜᱮᱞ ᱯᱮ ᱜᱚᱴᱟᱝ ᱜᱷᱚᱲᱟ ᱢᱮᱱᱟᱜᱼᱟ ᱠᱚᱣᱟ।
अगर किसी भी व्यक्‍तिगत रोष होता, Manvery का नाम हत्यारेयों की सूची पर होता और शहीद नहीं.	ᱟᱯᱲᱮᱭᱟᱜ ᱡᱟᱦᱟᱸᱱ ᱨᱟᱜᱤ ᱮᱫᱽᱨᱮ ᱛᱟᱦᱮᱸ ᱞᱮᱱᱠᱷᱟᱱ ᱢᱚᱝᱜᱚᱞ ᱯᱟᱱᱰᱮᱭᱟᱜ ᱧᱩᱛᱩᱢ ᱥᱚᱦᱤᱫᱽ ᱫᱚ ᱵᱟᱝ ,ᱜᱷᱟᱛᱚᱠ ᱟᱜ ᱥᱤᱨᱟᱹᱞ ᱨᱮ ᱛᱟᱦᱮᱸ ᱠᱚᱜᱼᱟ᱾
सम्मेलन में शिखरों से सांस प्राप्त दृश्य शामिल हैं. दुनिया के सभी हिस्सों से सवार लगातार अपनी अंतहीन संभावनाओं के बीच नए मार्ग बना रहे हैं.	ᱥᱤᱠᱷᱚᱨ ᱥᱚᱢᱮᱞᱚᱱ ᱨᱮ ᱪᱟᱹᱴᱤ ᱠᱷᱚᱱ ᱜᱮ ᱥᱟᱦᱮᱫ ᱤᱫᱤ ᱨᱮᱭᱟᱜ ᱵᱤᱪᱟᱹᱨ ᱢᱮᱱᱟᱜᱼᱟ᱾ ᱡᱮᱜᱮᱛ ᱨᱮᱭᱟᱜ ᱡᱷᱚᱛᱚ ᱦᱟᱹᱴᱤᱧ ᱨᱮ ᱯᱚᱨᱵᱚᱛᱨᱚᱦᱤ ᱠᱚ ᱚᱝᱠᱟ ᱜᱮ ᱠᱟᱸᱛ ᱨᱮᱭᱟᱜ ᱚᱛᱚᱦᱤ ᱠᱷᱭᱚᱢᱛᱟ ᱛᱟᱞᱟ ᱨᱮ ᱱᱟᱶᱟ ᱰᱟᱦᱟᱨ ᱛᱮᱭᱟᱨ ᱠᱚᱨᱟᱣ ᱮᱫᱟᱭ᱾
टीम पर कोच का अनुशासन और नियंत्रण न होना निराशाजनक और घृणास्पद है।	ᱜᱟᱫᱮᱞ ᱪᱮᱛᱟᱱ ᱨᱮ ᱠᱳᱪ ᱟᱜ ᱵᱚᱱᱫᱮᱡ ᱟᱨ ᱥᱟᱢᱵᱲᱟᱣ ᱨᱮᱭᱟᱜ ᱚᱵᱷᱟᱵᱽ ᱫᱚ ᱟᱹᱰᱤ ᱵᱟᱹᱲᱤᱡ ᱜᱮᱭᱟ ᱾
आप इसे सन्‍निकट दस में भी देख सकते हैं ।	ᱥᱳᱱᱤ ᱴᱮᱱ ᱓ ᱨᱮ ᱟᱢ ᱦᱤᱱᱫᱤᱛᱮᱢ ᱧᱮᱞ ᱫᱟᱲᱮᱭᱟᱜᱼᱟ ᱾
अविश्वसनीय! मुझे नहीं पता था कि आपके पास सीमित संस्करण (लिमिटेड एडिशन) का प्लेटिनम क्रेडिट कार्ड है। बहुत कम लोगों को यह मिलता है।	ᱦᱟᱦᱟᱲᱟᱜᱮ ! ᱤᱧ ᱵᱟᱹᱧ ᱵᱟᱰᱟᱭ ᱠᱟᱱ ᱛᱟᱦᱮᱠᱟᱱᱟ ᱡᱮ ᱟᱢᱟᱜ ᱠᱚᱢ ᱚᱠᱛᱚ ᱨᱮᱭᱟᱜ ᱯᱞᱟᱴᱤᱱᱟᱢ ᱠᱟᱨᱰ ᱢᱮᱱᱟᱜ ᱛᱟᱢᱟ ᱾ ᱟᱹᱰᱤ ᱛᱷᱚᱲᱟ ᱦᱚᱲᱜᱮ ᱱᱚᱣᱟ ᱠᱚ ᱧᱟᱢᱟ ᱾
दिन के दौरान अपने शेयरों की कीमत बढ़ते देखने से बेहतर कोई अहसास नहीं है।	ᱥᱤᱧ ᱵᱮᱲᱟ ᱨᱮ ᱤᱧᱟᱹᱜ ᱥᱴᱚᱠ ᱨᱮᱭᱟᱜ ᱜᱚᱱᱚᱝ ᱵᱟᱹᱲᱛᱤᱜ ᱧᱮᱞ ᱠᱷᱚᱱ  ᱱᱟᱯᱟᱭ ᱟᱹᱱᱟᱹᱭᱠᱟᱹᱣ ᱟᱨ ᱵᱟᱹᱱᱩᱜᱼᱟ ᱾
सन्‌ 2005 में इस अभियान में भाग लेने और यह निर्धारित करने के लिए कि एफ. आई.	ᱠᱚᱝᱜᱽᱨᱮᱥ ᱫᱚ ᱱᱯᱟᱨᱚᱢ ᱢᱮᱱ ᱥᱮᱨᱢᱟ ᱒᱐᱐᱕ ᱨᱮ ᱯᱚᱨᱱᱚᱜᱽᱨᱟᱯᱷᱤ ᱯᱟᱦᱟᱞ ᱞᱟᱹᱜᱤᱫ ᱛᱮ ᱠᱟᱹᱣᱰᱤ ᱮᱢᱚᱜᱚᱜ ᱮᱦᱚᱵ ᱠᱮᱫᱟ ᱟᱨ FBI ᱠᱚᱣᱟᱜ ᱑᱐ ᱮᱡᱮᱸᱴ ᱠᱚ ᱡᱩᱣᱟᱹᱱ ᱯᱚᱨᱱᱚᱜᱽᱨᱟᱯᱷᱤ ᱞᱟᱹᱜᱤᱫ ᱰᱮᱰᱤᱠᱮᱴ ᱠᱚᱨᱟᱣ ᱞᱟᱠᱛᱤ᱾
अपने होशोहवास में कौन हरे धब्बों वाली गुलाबी रंग की कार चलाना चाहेगा?	ᱚᱠᱚᱭ ᱩᱝᱠᱩᱣᱟᱜ ᱵᱷᱟᱜᱮ ᱢᱚᱱᱮᱛᱮ ᱦᱟᱹᱲᱭᱟᱹᱲ ᱫᱟᱜ ᱟᱱᱟᱜ ᱜᱳᱞᱟᱯᱤ ᱨᱚᱝᱟᱱ ᱜᱟᱹᱰᱤ ᱪᱟᱞᱟᱣᱮ ᱠᱷᱚᱡᱟ ?
अर्थव्यवस्था चरमराने लगती है, जिससे समाज के लिए समस्याएं पैदा होती हैं।	ᱠᱟᱹᱣᱰᱤᱼᱟᱹᱨᱤ ᱵᱤᱨᱛᱷᱟᱹᱜ ᱮ ᱮᱛᱚᱦᱚᱵᱟ, ᱥᱟᱶᱛᱟ ᱞᱟᱹᱜᱤᱫ ᱟᱱᱟᱴᱮ ᱥᱤᱨᱡᱟᱹᱣᱟ ᱾
इंग्लैंड जाने वाली जनजातियों के बीच का अंतर महत्वपूर्ण नहीं था।	ᱤᱝᱞᱮᱹᱱᱰ ᱨᱮ ᱪᱟᱞᱟᱟᱣ ᱟᱠᱟᱱ ᱩᱯᱚᱡᱟᱹᱛᱤ ᱠᱚ ᱢᱩᱫᱨᱮ ᱵᱷᱮᱱᱮᱜᱟᱨ ᱫᱚ ᱧᱩᱛᱩᱢᱟᱱᱟᱜ ᱵᱟᱝ ᱛᱟᱦᱮᱸ ᱠᱟᱱᱟ ᱾
जी हाँ, यह काफ़ी समय से रहा है ।	ᱦᱮᱸ, ᱟᱹᱰᱤ ᱫᱤᱱ ᱦᱩᱭ ᱟᱠᱟᱱᱟ ᱾
नमस्ते	ᱡᱚᱦᱟᱨ
वे कुत्ते गुर्रा रहे हैं और मुझे घूर रहे हैं। अगर मैं उस तरफ गया तो वे मुझे काट सकते हैं।	ᱩᱝᱠᱩ ᱥᱮᱛᱟᱠᱩ ᱜᱚᱸᱫᱨᱟᱜ ᱠᱟᱱᱟ ᱟᱨ ᱤᱧ ᱥᱮᱡ ᱠᱚ ᱠᱚᱭᱚᱜ ᱟᱠᱟᱫᱟ ᱾ ᱤᱧ ᱫᱚ ᱚᱱᱛᱮᱧ ᱛᱟᱲᱟᱢ ᱞᱮᱠᱷᱟᱱ ᱩᱝᱠᱩ ᱫᱚ ᱤᱧ ᱠᱚ ᱜᱮᱨ ᱫᱟᱲᱮᱭᱟᱹᱧᱟ ᱾
अपने करियर के दौरान, लावोईसियर रसायन विज्ञान के अध्ययन में बड़े बदलाव लाए।	ᱩᱱᱤᱭᱟᱜ ᱠᱟᱹᱢᱤᱭᱟᱹ ᱡᱤᱭᱚᱱ ᱚᱠᱛᱚ, ᱞᱮᱹᱵᱷᱚᱭᱮᱥᱤᱭᱟᱨ ᱛᱮᱡᱟᱱ ᱨᱮᱭᱟᱜ ᱯᱟᱲᱦᱟᱣ ᱨᱮ ᱢᱟᱨᱟᱝ ᱵᱚᱫᱚᱞᱮ ᱟᱹᱜᱩ ᱞᱮᱫᱟ ᱾
रेडियो के परमाणु गुण और साथ ही औषधीय गुण भी विकसित करते हैं कि वे अपनी कुशलता या कैंचिक संस्था के रूप में प्रभावकारी रूप से दिखाने के लिए इसका इस्तेमाल करें ।	ᱨᱮᱰᱤᱭᱳᱯᱷᱟᱨᱢᱟᱥᱤᱭᱩᱴᱤᱠᱮᱞ ᱥᱟᱶ ᱨᱮᱰᱤᱭᱳᱱᱤᱭᱩᱠᱞᱟᱭᱤᱰ ᱨᱮᱭᱟᱜ ᱯᱟᱨᱚᱢᱟᱱᱚᱵᱤᱠ ᱩᱨᱜᱟᱹᱱ ᱟᱰᱮᱯᱟᱥᱮ ᱯᱷᱟᱨᱢᱟᱥᱤᱭᱩᱴᱤᱠᱮᱞ ᱨᱮᱭᱟᱜ ᱯᱷᱟᱨᱢᱟᱠᱳᱞᱚᱡᱤᱠᱮᱞ ᱩᱨᱜᱟᱹᱱᱠᱩ ᱰᱟᱭᱟᱜᱱᱚᱥᱴᱤᱠ ᱥᱮ ᱛᱷᱮᱨᱟᱯᱤᱭᱩᱴᱤᱠ ᱮᱡᱮᱱᱴ ᱞᱮᱠᱟᱛᱮ ᱩᱝᱠᱩᱣᱟᱜ ᱠᱟᱹᱢᱤᱦᱚᱨᱟ ᱩᱫᱩᱜ ᱞᱟᱹᱜᱤᱫᱠᱩ ᱵᱟᱹᱦᱞᱤᱭᱟᱠᱟᱱᱟ ᱾
हाँ, यह सही है!	ᱦᱮᱸ, ᱚᱱᱟ ᱡᱚᱛᱷᱟᱛ ᱜᱮᱭᱟ !
क्या आपको पता है कि अपिम कुए का भी नाम है ... ... ... क्या महान Pandi Panddi कुल के लिए?	ᱟᱢ ᱪᱮᱫ ᱵᱟᱰᱟᱭ ᱟᱢ ᱡᱮ ᱚᱱᱩᱯᱚᱢ ᱠᱷᱮᱨ ᱦᱚᱸ ᱠᱟᱥᱢᱤᱨᱤ ᱯᱚᱱᱰᱤᱛ ᱵᱚᱝᱥᱚ ᱨᱮᱱ ᱠᱟᱱᱟᱭ ?
अफ्रीका का यह भाग है, जहाँ आप पा सकते हैं एक भू - दृश्‍य अनुभव ।	ᱟᱯᱷᱨᱤᱠᱟᱨᱮᱭᱟᱜ ᱱᱚᱣᱟ ᱦᱤᱸᱥᱨᱮ ᱟᱢᱮᱢ ᱧᱟᱢᱟ ᱥᱟᱵᱷᱟᱱᱟᱨᱮ ᱫᱟᱲᱟᱱ ᱨᱮᱱᱟᱜ ᱮᱠᱫᱚᱢ ᱡᱚᱛᱚᱠᱷᱚᱱ ᱵᱷᱟᱜᱤ ᱵᱩᱡᱩᱱ, ᱠᱩᱞ, ᱪᱤᱛᱟᱹ ᱟᱨ ᱦᱟᱹᱛᱤ ᱥᱮᱸᱫᱨᱟᱠᱩ ᱞᱟᱹᱜᱤᱫ ᱞᱮᱱᱰ ᱨᱳᱵᱷᱟᱨᱨᱮ ᱫᱮᱡᱽᱠᱟᱛᱮ ᱢᱮᱰᱟᱱᱴᱟᱸᱰᱤ ᱵᱮᱲᱦᱟᱭᱛᱮ ᱫᱟᱲᱟᱱ ᱟᱜᱩᱭ ᱨᱮᱭᱟᱜ ᱵᱩᱡᱩᱱᱜᱤ ᱾
उनके पहले के लोगों ने, अरिमतिहीन टोन्‌ सीधे रूप से नहीं चलते थे ।	ᱩᱱᱠᱩ ᱨᱤᱱ ᱯᱟᱹᱦᱤᱞ ᱟᱹᱱᱤᱡ ᱠᱚ, ᱟᱥᱴᱨᱚᱞᱚᱯᱤᱛᱷᱮᱠᱚᱥ ᱦᱮᱣᱟ-ᱟᱱ ᱨᱮᱱᱟᱜ ᱞᱮᱠᱟ ᱥᱚᱡᱷᱮ ᱵᱟᱝᱠᱚ ᱪᱟᱞᱟᱜ ᱠᱟᱱ ᱛᱟᱦᱮᱸᱱᱟI
अधिकतम उम्र की प्रविष्टि क्या है?	ᱡᱚᱛᱚᱠᱷᱚᱱ ᱰᱷᱮᱨ ᱮᱱᱴᱨᱤ ᱩᱢᱮᱨ ᱫᱚ ᱛᱤᱱᱟᱹᱜ ?
हाल ही की तेज़ दर बढ़ रही है और अधिक बड़े दर की दिशा के बारे में मार्गदर्शन देने से आर्थिक परिस्थितियों, अत्यधिक अनुचितता, और ख़तरे में आयी है ।	ᱱᱮ ᱦᱟᱹᱞᱤ ᱞᱟᱥᱮᱨ ᱫᱚᱨ ᱵᱟᱹᱲᱛᱤ ᱟᱨ ᱟᱨᱦᱚᱸ ᱢᱟᱨᱟᱝ ᱫᱚᱨ ᱵᱟᱹᱲᱛᱤᱜ ᱥᱟᱛᱟᱢ ᱨᱮ ᱞᱟᱦᱟ ᱥᱮᱱᱟᱜ ᱩᱱᱩᱫᱩᱜ ᱠᱟᱹᱣᱰᱤ ᱦᱟᱞᱚᱛ ᱨᱮᱭᱟᱜ ᱠᱮᱴᱮᱡᱛᱮᱫ, ᱟᱹᱰᱤ ᱵᱟᱝᱛᱷᱤᱨ ᱟᱨ ᱵᱚᱛᱚᱨ ᱪᱟᱵᱟᱜ ᱨᱮᱭᱟᱜ ᱮ ᱥᱤᱨᱡᱟᱹᱣᱼᱟ ᱾
मेरे पास सोलह पानी हैं।	ᱤᱧ ᱴᱷᱮᱱ ᱜᱮᱞ ᱛᱩᱨᱩᱭ ᱜᱚᱴᱟᱝ ᱫᱟᱜ ᱢᱮᱱᱟᱜᱼᱟ ᱠᱚᱣᱟ।
मैं उन अलग-अलग कहानियों से तंग आ चुका हूँ जो आप सब मुझे सुना रहे हैं।	ᱟᱯᱮ ᱟᱹᱰᱤ ᱞᱮᱠᱟᱱ ᱠᱟᱦᱱᱤ ᱤᱧ ᱯᱮ ᱞᱟᱹᱭ ᱟᱠᱟᱫᱤᱧᱟᱹ ᱡᱟᱦᱟᱸ ᱤᱧ ᱮ ᱟᱹᱲᱤᱥ ᱞᱮᱫᱤᱧᱟᱹ ᱾
यह एक "ANEANANA की कल्पना करता है कि लोगों के बीच स्थिर और सामाजिक रूप से रहने के विचार और लोगों के बीच एक सामान्य पहचान बनाने और एक परवाह और समाज बनाने के द्वारा जो अनुकूलता, जीवन, पोषण, और लोगों की भलाई बढ़ रही है. "	ᱢᱤᱫ ᱥᱟᱱᱟᱢᱞᱮᱠᱟᱱ ᱩᱯᱨᱩᱢ ᱵᱮᱱᱟᱣ ᱟᱨ ᱦᱚᱲᱟᱜ ᱵᱷᱟᱞᱤ , ᱡᱤᱭᱟᱱ ᱰᱟᱦᱟᱨ, ᱟᱨ ᱯᱮᱨᱮᱡ ᱯᱩᱨᱟᱹᱱ ᱩᱛᱱᱟᱣ, ᱡᱚᱯᱚᱲᱟᱣ ᱟᱨ ᱱᱮᱦᱟᱞᱤ ᱢᱤᱫ ᱡᱚᱛᱚᱱ ᱞᱮᱠᱟᱱ ᱵᱤᱞᱦᱟᱹᱣᱞᱮᱠᱟᱱ ᱥᱚᱢᱟᱡ ᱵᱮᱱᱟᱣ ᱦᱚᱛᱮᱛᱮ ᱟᱥᱤᱭᱟᱱ ᱨᱮᱭᱟᱜ ᱫᱤᱥᱚᱢ ᱠᱚ ᱟᱨ ᱫᱤᱥᱭᱟᱹ ᱢᱩᱫᱨᱮ ᱢᱮᱱᱟᱜ ᱥᱚᱝᱦᱚᱛᱤ ᱟᱨ ᱢᱤᱫᱩᱞ ᱵᱮᱱᱟᱣ ᱨᱟᱠᱟᱵ ᱡᱚᱥ ᱥᱚᱦᱚ ᱫᱤᱥᱭᱟᱹ ᱛᱟᱞᱢᱟ ᱟᱨ ᱥᱟᱶᱛᱟᱞᱮᱠᱟᱛᱮ ᱫᱟᱹᱭᱤᱠ ᱢᱤᱫ ᱟᱥᱤᱭᱟᱱ ᱥᱚᱢᱟᱡ ᱱᱤᱭᱟᱹ ᱥᱟᱲᱭᱟᱲ ᱡᱳᱜᱟᱣ ᱮᱫᱟᱭ᱾
रेफरी, उसने गेंद पर थूका है। मैं अब इसे नहीं छूने वाला।	ᱨᱮᱯᱷᱟᱨᱤ, ᱩᱱᱤ ᱫᱚ ᱵᱚᱞ ᱨᱮᱭ ᱛᱷᱩ ᱠᱮᱫᱟ ᱾ ᱤᱧ ᱫᱚ ᱱᱤᱛᱚᱜ ᱚᱱᱟ ᱵᱟᱹᱧ ᱡᱚᱴᱮᱫ ᱞᱟᱹᱜᱤᱫᱚᱜ ᱠᱟᱱᱟ ᱾
डी. एन. ए.	ᱦᱟᱹᱨᱥᱤ ᱟᱨ ᱪᱮᱡᱽ ᱫᱚ ᱟᱠᱚ ᱱᱤᱡᱚᱨ ᱨᱮᱭᱟᱜ ᱰᱤᱹᱮᱱᱹᱮᱹ ᱫᱚ ᱢᱤᱫᱴᱟᱹᱝ ᱡᱤᱣᱟᱬᱩ ᱨᱮ ᱵᱚᱞᱚ ᱪᱷᱚ ᱞᱟᱹᱜᱩᱫ ᱯᱷᱮᱡᱽ ᱵᱟᱝᱠᱷᱟᱱ ᱣᱟᱭᱨᱟᱹᱥ ᱨᱮᱭᱟᱜ ᱵᱮᱵᱷᱟᱨ ᱠᱤᱱ ᱠᱚᱨᱟᱣ ᱠᱮᱜᱼᱟ᱾
ध्यान रखिए कि आप कपड़े को बहुत गर्म न होने दें (जिस वजह से ठोकर खा सकती है), या बहुत ज़्यादा तनाव में पड़ सकती है ।	ᱦᱩᱥᱤᱭᱟᱹᱨ ᱛᱟᱦᱮᱸᱱ ᱢᱮ ᱡᱮ ᱫᱚᱛᱚ ᱠᱚ ᱫᱚ ᱟᱞᱚ ᱞᱚᱞᱚ ᱪᱷᱚᱣᱟᱜᱼᱟ (ᱡᱟᱦᱟᱸ ᱫᱚ ᱪᱤᱱᱛᱟᱹ ᱨᱮᱭᱟᱜ ᱠᱟᱨᱚᱬ ᱠᱟᱱᱟ, ᱨᱟ ᱵᱟᱝ ᱪᱟᱨᱚᱢ ᱢᱟᱢᱞᱟ ᱨᱮ, ᱥᱠᱚᱪ)᱾
मैंने केला कल खरीदा था लेकिन यह पहले ही सड़ चुका है।	ᱤᱧ ᱦᱚᱞᱟᱜᱮ ᱠᱟᱭᱨᱟᱧ ᱠᱤᱨᱤᱧ ᱟᱠᱟᱫᱟ ᱢᱮᱱᱠᱷᱟᱱ ᱱᱤᱛ ᱛᱮᱜᱮ ᱥᱮᱭᱟᱭᱮᱱᱟ ᱾
लोग कई शताब्दियों से गुप्त कोड (कोड बनाना और तोड़ना) बनाते रहे हैं।	ᱢᱟᱹᱱᱢᱤ ᱫᱚ ᱟᱭᱢᱮ ᱥᱚᱛᱟᱵᱫᱤ ᱠᱷᱚᱱ ᱠᱳᱰ ᱵᱮᱱᱟᱣ ᱟᱨ ᱠᱚ ᱨᱟᱹᱯᱩᱫ ᱟᱹᱜᱩᱭᱮᱫ ᱠᱟᱱᱟ ᱾
ऐसा इसलिए था क्योंकि जापान अमेरिकी तेल पर निर्भर था।	ᱪᱮᱫᱟᱜᱥᱮ ᱡᱟᱯᱟᱱ ᱫᱚ ᱢᱟᱨᱠᱤᱱ ᱥᱩᱱᱩᱢ ᱪᱮᱛᱟᱱ ᱴᱮᱦᱟᱰᱠᱚ ᱛᱟᱦᱮᱠᱟᱱᱟ ᱾
इसके अलावा, कुछ समय के लिए, कुछ समय के लिए शक्‍ति कम हो गयी ।	ᱴᱚᱝᱜᱟᱱ ᱨᱮ ᱡᱟᱦᱟᱱ ᱢᱟᱨᱟᱝ ᱠᱷᱤᱛᱤ ᱟᱨ ᱵᱟᱝ ᱤᱧᱡᱩᱨᱤ ᱠᱚ ᱵᱟᱭ ᱦᱩᱭ ᱠᱟᱱᱟ, ᱢᱮᱱᱠᱷᱟᱱ ᱯᱟᱣᱟᱨ ᱫᱚ ᱴᱮᱢᱯᱚᱨᱟᱨᱤᱞᱤ ᱟᱫ ᱠᱟᱱᱟ, ᱡᱟᱦᱟᱸ ᱫᱚ PTWC ᱠᱚᱣᱟᱜ ᱥᱩᱱᱟᱹᱢᱤ ᱪᱮᱛᱟᱵᱚᱱᱤ ᱴᱚᱝᱜᱟᱱ ᱚᱛᱷᱚᱨᱤᱴᱤᱭ ᱵᱟᱝᱠᱚ ᱧᱟᱢ ᱫᱟᱲᱮᱭᱟᱜ-ᱟ᱾
माना जाता है कि विज्ञान के सभी विषयों पर अरस्तू का दृष्टिकोण है, जिसमें मनोविज्ञान भी शामिल है।	ᱢᱚᱱᱮᱥᱟᱮᱬᱥ ᱥᱟᱶᱛᱮ ᱥᱟᱮᱬᱥ ᱨᱮᱭᱟᱜ ᱡᱷᱚᱛᱚ ᱢᱟᱹᱢᱞᱟᱹ ᱨᱮ ᱟᱹᱨᱟᱹᱥᱛᱩ ᱨᱮᱭᱟᱜ ᱵᱤᱪᱟᱹᱨ ᱥᱟᱶᱛᱮ ᱢᱮᱱᱟᱜᱼᱟ᱾
चिंता मत करो 2 टिकट अच्छी तरह से व्यवस्थित किया जा सकता है.	ᱟᱞᱚᱢ ᱪᱤᱱᱛᱟᱹᱭᱟ ᱵᱟᱨᱮᱭᱟ ᱴᱤᱠᱤᱴ ᱨᱮᱭᱟᱜ ᱵᱮᱵᱚᱥᱛᱷᱟ ᱢᱚᱸᱡᱽᱛᱮᱜᱤ ᱦᱩᱭᱩᱜᱼᱟ ᱾
2010 की जनगणना के अनुसार, जनसंख्या 725 थी।	᱒᱐᱑᱐ ᱥᱟᱞ ᱨᱮᱭᱟᱜ ᱦᱚᱲ ᱞᱮᱠᱷᱟ ᱞᱮᱠᱟᱛᱮ, ᱦᱚᱲ ᱞᱮᱠᱷᱟ ᱛᱟᱦᱮᱠᱟᱱᱟ ᱗᱒᱕ ᱦᱚᱲ ᱾
WARATAbia बैकस्ल 20 22 में 8 मई को यू. एस.	ᱨᱮᱥᱚᱞᱢᱮᱱᱤᱭᱟ ᱵᱞᱮᱞᱠᱞᱟᱥ ᱒᱐᱒᱒ ᱢᱟᱨᱠᱤᱱ ᱡᱩᱠᱛᱚᱨᱟᱥᱴᱨᱚ ᱨᱮ ᱘ ᱢᱮ ᱘ ᱯᱤ ᱮᱢ ᱨᱮ ᱦᱩᱭᱩᱜᱼᱟ ᱾
फिर उसे पता चलता है कि जहाज दो घंटे के भीतर डूब जाएगा।	ᱱᱤᱭᱟᱹ ᱛᱟᱭᱚᱢ ᱩᱱᱤᱭ ᱵᱟᱲᱟᱭ ᱦᱚᱪᱚ ᱫᱟᱲᱮᱭᱟᱜᱼᱟ ᱡᱮ ᱵᱟᱨ ᱴᱟᱲᱟᱝ ᱢᱩᱫᱨᱮ ᱡᱟᱷᱟᱡ ᱫᱚ ᱰᱩᱵᱩᱡᱚᱼᱟ ᱾
सत्रह	ᱜᱮᱞ ᱮᱭᱟᱭ
इसके अलावा, भारत में हर साल तकरीबन 30,000 लोगों की मौत हो जाती है ।	ᱵᱮᱝᱠᱤᱝ ᱥᱩᱯᱟᱨᱵᱷᱟᱭᱥᱟᱨ ᱠᱩ ᱫᱚ ᱩᱢᱩᱞ ᱵᱮᱝᱠ ᱠᱩ ᱴᱷᱮᱱ ᱥᱮᱨᱣᱟ ᱟᱱᱟᱜ ᱵᱮᱝᱠ ᱠᱩᱣᱟᱜ ᱯᱟᱨᱥᱟᱞ ᱠᱩ ᱵᱤᱰᱟᱹᱣᱮᱫᱟ ᱟᱨ ᱱᱚᱣᱟ ᱫᱚ ᱟᱨᱦᱸ ᱵᱷᱟᱜᱤ ᱢᱩᱞᱫᱷᱚᱱ ᱟᱨ ᱞᱮᱦᱮᱭᱟᱱ ᱱᱤᱭᱟᱹᱢ ᱠᱩ ᱦᱚᱛᱮᱛᱮ ᱥᱟᱯ ᱫᱚᱦᱚᱭ ᱠᱩᱨᱩᱢᱩᱴᱩᱣᱟᱠᱟᱰᱟ ᱪᱮᱫᱟᱜ ᱥᱮ ᱱᱤᱭᱟᱹ ᱯᱟᱨᱥᱟᱞ ᱩᱢᱩᱞ ᱵᱮᱝᱠ ᱠᱩ ᱫᱚ ᱥᱮᱨᱣᱟ ᱟᱱᱟᱜ ᱠᱟᱹᱣᱰᱤ ᱤᱫᱤᱠᱟᱛᱮ ᱠᱷᱟᱹᱛ ᱟᱨ ᱠᱟᱹᱣᱰᱤ ᱟᱹᱨᱤ ᱟᱨᱦᱸ ᱥᱟᱫᱷᱟᱨᱚᱱ ᱞᱮᱠᱟᱛᱮᱭ ᱮᱥᱮᱨ ᱩᱪᱩ ᱫᱟᱲᱤᱭᱟᱜᱼᱟ ᱾
यह शुरू - शुरू में 7.5 Laks और बाद में 15 को दिखाता है.	ᱱᱚᱶᱟ ᱫᱚ ᱯᱳᱭᱞᱳ ᱨᱮ ᱗ᱹ᱕ ᱞᱚᱠᱷᱚ ᱟᱨ ᱛᱟᱭᱚᱢᱛᱮ ᱑᱕ ᱩᱫᱩᱜᱼᱟ ᱾
एक विवाह को कानूनी रूप से स्वीकार करने के लिए पंजीकृत किया जाना चाहिए ।	ᱢᱤᱫᱴᱟᱝ ᱵᱟᱯᱞᱟ ᱟᱹᱨᱤᱭᱟᱱ ᱥᱤᱠᱟᱹᱨ ᱠᱚᱨᱟᱣ ᱞᱟᱹᱜᱤᱫ ᱱᱤᱦᱟᱹᱛ ᱜᱮ ᱴᱷᱟᱲᱚ ᱜᱚᱴᱟ ᱦᱩᱭᱩᱜᱼᱟ ᱾
आमतौर पर वे त्सिली से हैं, शिकिवा मैं.11.2.2, जो कहता है: ज्‍घोवा, गोलोवा, गोलोवावावावा, आवावावावावावा में।	ᱢᱚᱱᱛᱨᱚᱠᱩ ᱫᱚ ᱴᱚᱭᱛᱮᱨᱤᱭᱳ ᱩᱯᱚᱱᱤᱥᱷᱚ, ᱥᱤᱠᱠᱷᱟᱵᱚᱞᱤ ᱾ ᱑᱑.᱒ ᱠᱷᱚᱱ ᱦᱮᱡᱽᱟᱠᱟᱱᱟ, ᱡᱟᱦᱟᱸᱫᱚᱭ ᱢᱮᱱᱟ ᱺ ᱢᱟᱛᱨᱤᱫᱮᱵᱷ ᱵᱷᱚᱵᱚ, ᱢᱤᱛᱨᱚᱫᱮᱵᱷ ᱵᱷᱚᱵᱚ, ᱯᱤᱛᱨᱩᱫᱮᱵᱷ ᱵᱷᱚᱵᱚ, ᱯᱩᱛᱨᱚᱫᱮᱵᱷ ᱵᱷᱚᱵᱚ, ᱟᱪᱟᱨᱡᱚᱫᱮᱵᱷ ᱵᱷᱚᱵᱚ, ᱚᱛᱤᱛᱷᱤᱫᱮᱵᱷ ᱵᱷᱚᱵᱚ ᱾
लेकिन जैसा आप कह रहे हैं वे इतना महँगा नहीं हैं ।	ᱢᱮᱱᱠᱷᱟᱱ ᱚᱱᱟ ᱫᱚ ᱟᱢᱮᱢ ᱢᱮᱱᱮᱫᱞᱮᱠᱟ ᱫᱚ ᱵᱟᱝ ᱜᱚᱱᱚᱝ ᱟ ᱾
छह	ᱛᱩᱨᱩᱭ
जब उनके कमांडर पर हमला किया गया तो भारतीय सैनिक भड़क उठे और दुश्मन पर जवाबी कार्रवाई की।	ᱵᱷᱟᱨᱚᱛᱤᱭᱟᱹ ᱯᱷᱟᱹᱫᱽ ᱠᱚᱫᱚ ᱩᱱᱠᱚ ᱨᱮᱱ ᱠᱚᱢᱟᱱᱰᱟᱨ ᱠᱚ ᱡᱟᱨᱯᱟ ᱞᱮᱫᱮᱭᱟ ᱟᱨ ᱵᱟᱹᱭᱨᱤ ᱵᱤᱨᱩᱫᱨᱮ ᱦᱟᱞᱟ ᱦᱟᱛᱟᱣ ᱦᱩᱭᱞᱮᱱᱟ ᱩᱱᱫᱚ ᱩᱱᱠᱩ ᱠᱚ ᱨᱟᱸᱜᱟᱣ ᱞᱮᱱᱟ ᱾
रेडियो 4 बाजारों से कई धूमकेतुओं और नाटक कार्यक्रम रेडियो 4 अतिरिक्त रेडियो पर प्रकाशित किए जा रहे हैं.	ᱨᱮᱰᱤᱣ ᱔ ᱨᱮ ᱢᱚᱦᱟᱯᱷᱮᱡᱠᱷᱟᱱᱟ ᱠᱷᱚᱱ ᱟᱭᱢᱟ ᱠᱚᱢᱮᱰᱤ ᱟᱨ ᱜᱟᱭᱟᱱ ᱟᱠᱷᱲᱟ ᱵᱤᱵᱤᱥᱤ ᱨᱮᱰᱤᱣ ᱔ ᱮᱠᱴᱨᱟᱼᱭ ᱩᱫᱩᱜ ᱥᱚᱫᱚᱨ ᱟᱠᱟᱱᱟ᱾
बहुत बहुत, पिताजी धन्यवाद.	ᱵᱟᱵᱟ, ᱟᱭᱢᱟ ᱥᱟᱨᱦᱟᱣ ᱾
मैंने अपने भाई को पहले ही बता दिया है और वह अपने टिकट पहले से ही लिख दिया है.	ᱤᱧ ᱫᱚ ᱵᱚᱭᱦᱟᱧ ᱵᱟᱰᱟᱭ ᱩᱪᱩᱣᱟᱠᱟᱫᱤᱭᱟ ᱟᱨ ᱩᱱᱤ ᱫᱚ ᱟᱢᱟᱜ ᱴᱤᱠᱤᱴᱠᱩᱭ ᱵᱩᱠᱟᱠᱟᱫᱟ ᱾
देखो! किनारे के पास एक शार्क है!	ᱧᱮᱞ ᱢᱮ ! ᱥᱟᱹᱢᱩᱫ ᱟᱲᱮ ᱨᱮ ᱢᱤᱫᱴᱟᱝ ᱥᱟᱨᱠᱼᱮ ᱦᱮᱡ ᱟᱠᱟᱱᱟ !
होटल का कर्मचारी बहुत असभ्य है। उसने कहा कि मैं कद्दू जैसा दिखता हूँ।	ᱦᱳᱴᱮᱞ ᱨᱮᱱ ᱠᱟᱹᱢᱤᱭᱟᱹ ᱠᱚ ᱟᱹᱰᱤ ᱵᱟᱹᱲᱤᱡ ᱾ ᱩᱱᱤᱭ ᱢᱮᱱᱠᱮᱫᱟ, ᱤᱧ ᱫᱚ ᱢᱤᱫᱴᱟᱝ ᱠᱚᱸᱰᱷᱟ ᱞᱮᱠᱟ ᱧᱮᱞᱛᱮ ᱾
जब मैं दूर था तो मेरी साइकिल पर एक पेड़ गिर गया, और अब मुझे पैदल घर वापस जाना पड़ रहा है।	ᱤᱧ ᱥᱟᱸᱜᱤᱧ ᱴᱷᱟᱶ ᱨᱮ ᱛᱟᱦᱮᱸᱱ ᱚᱠᱛᱚ ᱤᱧᱟᱹᱜ ᱥᱟᱭᱠᱮᱞ ᱪᱮᱛᱟᱱ ᱨᱮ ᱢᱤᱫᱴᱟᱝ ᱫᱟᱨᱮ ᱧᱩᱨ ᱮᱱᱟ, ᱟᱨ ᱱᱤᱛ ᱫᱚ ᱤᱧ ᱛᱟᱲᱟᱢ ᱛᱮ ᱚᱲᱟᱜ ᱨᱩᱣᱟᱹᱲ ᱦᱩᱭᱩᱜ ᱛᱤᱧᱟ ᱾
ओलंपिक फाइनल में अपने पहले गोता लगाने की तैयारी करते ही मिया का शरीर सुन्न पड़ गया।	ᱚᱞᱤᱢᱯᱤᱠ ᱯᱷᱟᱭᱱᱮᱞ ᱨᱮ ᱩᱱᱤᱭᱟᱜ ᱯᱳᱭᱞᱳ ᱰᱟᱭᱤᱵᱷ ᱞᱟᱹᱜᱤᱫ ᱥᱟᱯᱲᱟᱜ ᱚᱠᱛᱚ ᱢᱤᱭᱟᱣᱟᱜ ᱦᱚᱲᱢᱚ ᱠᱮᱴᱮᱡ ᱩᱛᱟᱹᱨᱚᱜ ᱛᱟᱭᱟ ᱾
मैं हिसाब बदलने के बाद कैसे पता लगा सकता हूँ?	ᱴᱟᱠᱟ ᱛᱩᱞᱟᱹᱣ ᱛᱟᱭᱚᱢ ᱤᱧ ᱪᱮᱫ ᱞᱮᱠᱟᱛᱮ ᱮᱠᱟᱣᱩᱱᱴ ᱵᱮᱞᱮᱱᱥ ᱤᱧ ᱵᱟᱰᱟᱭ ᱫᱟᱲᱮᱭᱟᱜᱼᱟ ?
इससे पहले कि संगठन नया हो, अगुवाई करने के लिए नए - नए इंतज़ाम करने चाहिए, साथ ही ज्ञान और संगठन के बारे में ज्ञान और संगठन के बारे में सीखना ज़रूरी है ।	ᱱᱟᱶᱟ ᱢᱟᱲᱟᱝ ᱨᱮ ᱡᱟᱦᱟᱸᱭ ᱥᱚᱝᱜᱚᱴᱷᱚᱱ ᱤᱱᱚᱣᱮᱴᱤᱵᱷ ᱛᱟᱦᱮᱸᱱᱟᱭ, ᱱᱮᱨᱩᱛ ᱠᱚ ᱱᱟᱹᱣᱟᱪᱟᱨ ᱨᱮᱭᱟᱜ ᱥᱚᱝᱥᱠᱨᱩᱛᱤ ᱥᱟᱶᱼᱥᱟᱶᱛᱮ ᱥᱟᱹᱡᱷᱟᱹ ᱜᱭᱟᱱ ᱟᱨ ᱥᱚᱝᱜᱚᱴᱷᱚᱱᱟᱛᱢᱚᱠ ᱥᱤᱠᱷᱭᱟᱹ ᱨᱮᱭᱟᱜ ᱱᱤᱨᱢᱟᱹᱬ ᱠᱚᱨᱟᱣ ᱫᱚᱨᱠᱟᱨᱚᱜ ᱠᱟᱱᱟ᱾
एक एरोन्डिसमेंट की राजधानी को सब-प्रीफेक्चर कहा जाता है।	ᱢᱤᱫᱴᱟᱝ ᱮᱹᱨᱳᱱᱰᱤᱥᱢᱮᱱᱴ ᱨᱮᱭᱟᱜ ᱨᱟᱡᱽᱜᱟᱲ ᱫᱚ ᱢᱤᱫᱴᱟᱝ ᱩᱯᱯᱨᱤᱯᱷᱮᱠᱪᱟᱨ ᱠᱚ ᱢᱮᱛᱟᱜᱼᱟ ᱾
जिन लोगों का सर्वे लिया गया है उनमें से 29 प्रतिशत लोगों को एक गणराज्य बनना चाहिए, जबकि ऑस्ट्रेलिया में 31 प्रतिशत लोगों को कभी एक गणराज्य नहीं बनना चाहिए ।	ᱥᱟᱹᱨᱣᱮᱠᱷᱚᱭᱚᱱ ᱨᱮᱭᱟᱜ ᱢᱤᱪᱟᱹᱫ ᱨᱮ ᱥᱮᱢᱞᱮᱫ ᱒᱙ ᱥᱚᱛ ᱦᱚᱲᱟᱜ ᱱᱟᱶᱟ ᱵᱩᱡᱟᱹᱣ ᱛᱟᱦᱮᱸ ᱠᱟᱱᱟ ᱡᱮ ᱚᱥᱴᱨᱮᱞᱤᱭᱟ ᱫᱚ ᱞᱚᱜᱚᱱ ᱜᱮ ᱢᱤᱫᱴᱟᱹᱝ ᱱᱟᱶᱟ ᱜᱚᱬᱨᱟᱡᱭᱚ ᱛᱮᱭᱟᱨᱚᱜ ᱢᱟᱸ, ᱦᱮᱞᱮ ᱓᱑ ᱥᱚᱛ ᱠᱚᱣᱟᱜ ᱵᱩᱡᱷᱟᱹᱣ ᱢᱮᱱᱟᱜ ᱛᱟᱠᱚᱣᱟ ᱡᱮ ᱚᱥᱴᱨᱮᱞᱤᱭᱟ ᱫᱚ ᱛᱤᱥ ᱦᱚᱸ ᱜᱚᱬᱨᱟᱡᱭᱚ ᱟᱞᱚ ᱛᱮᱭᱟᱨᱚᱜ ᱢᱟᱸ ᱢᱮᱱᱛᱮ᱾
स्कूल 1884 में बनाया गया था और इसमें 2 शिक्षक थे।	ᱵᱤᱨᱫᱟᱹᱜᱟᱲ ᱫᱚ ᱑᱘᱘᱔ ᱥᱟᱞ ᱨᱮ ᱵᱮᱱᱟᱣ ᱞᱮᱱᱟ ᱟᱨ ᱒ ᱦᱚᱲ ᱢᱟᱪᱮᱫ ᱠᱤᱱ ᱛᱟᱦᱮᱸ ᱠᱟᱱᱟ ᱾
मुझे इस बात पर बहुत गुस्सा आ रहा है कि ये हैकर्स सोचते हैं कि वे बस लोगों की निजता पर हमला कर सकते हैं और उनकी जानकारी चुरा सकते हैं। यह सत्ता का घोर दुरुपयोग है।	ᱤᱧ ᱨᱟᱸᱜᱟᱣ ᱟᱠᱟᱱᱟ ᱡᱮ ᱱᱩᱝᱠᱩ ᱦᱮᱠᱟᱨ ᱫᱚᱠᱚ ᱢᱚᱱᱮᱭᱟ ᱡᱮ ᱩᱝᱠᱩ ᱫᱚ ᱮᱠᱮᱱ ᱦᱚᱲ ᱠᱚᱣᱟᱜ ᱩᱠᱩᱛᱮᱱᱟᱜ ᱜᱮᱠᱚ ᱜᱷᱟᱹᱞ ᱫᱟᱲᱮᱭᱟᱜᱼᱟ ᱟᱨ ᱩᱝᱠᱩᱣᱟᱜ ᱛᱮᱛᱮᱫ ᱠᱚ ᱠᱩᱸᱵᱲᱩ ᱫᱟᱲᱮᱭᱟᱜᱼᱟ ᱾ ᱱᱚᱣᱟ ᱫᱚ ᱫᱟᱲᱮ ᱨᱮᱭᱟᱜ ᱥᱚᱫᱚᱨ ᱵᱟᱹᱲᱤᱡ ᱵᱮᱵᱚᱦᱟᱨ ᱠᱟᱱᱟ ᱾
गैर-कैंडी के मेहमानों को ऐंकर के पास जाना चाहिए एक आमोकेर एन्गक पार्क में प्रवेश करने के लिए।	ᱚᱝᱠᱳᱨ ᱯᱚᱛᱱᱚᱛᱟᱛᱛᱤᱠ ᱵᱟᱜᱣᱟᱱ ᱨᱮ ᱵᱚᱞᱚᱜ ᱞᱟᱹᱜᱤᱫ ᱵᱮᱼᱠᱚᱢᱵᱚᱰᱤᱭᱟᱹ ᱧᱮᱧᱮᱞᱤᱭᱟᱹ ᱠᱚ ᱱᱤᱦᱟᱹᱛ ᱜᱮ ᱢᱤᱫᱴᱟᱝ ᱟᱝᱠᱳᱨ ᱯᱟᱥ ᱦᱟᱛᱟᱣ ᱦᱩᱭᱩᱜ ᱛᱟᱠᱚᱣᱟ ᱾
आह! मुझे कभी आपसे इतनी गहरी भावनाएं महसूस होने की उम्मीद नहीं थी। यह एक अद्भुत आश्चर्य है।	ᱟᱦ! ᱤᱧ ᱫᱚ ᱟᱢ ᱞᱟᱹᱜᱤᱫ ᱱᱩᱱᱟᱹᱜ ᱠᱮᱴᱮᱡ ᱵᱩᱡᱷ ᱟᱹᱭᱠᱟᱹᱣ ᱵᱟᱹᱧ ᱟᱥ ᱟᱠᱟᱱ ᱛᱟᱦᱮᱠᱟᱱᱟ ᱾ ᱱᱚᱣᱟ ᱫᱚ ᱢᱤᱫᱴᱟᱝ ᱦᱟᱦᱟᱲᱟᱣᱟᱱᱟᱜ ᱦᱟᱦᱟᱲᱟ ᱾
आज आम तौर पर पुराने ज़माने में मशहूर हो रहे हैं, और विज्ञान की साइटों के रूप में रहते हैं.	ᱢᱟᱬᱟᱝ-ᱱᱟᱦᱟᱜ ᱯᱚᱨᱡᱚᱵᱮᱠᱷᱭᱚᱬ ᱠᱚ ᱟᱥᱚᱠᱟᱭᱛᱮ ᱱᱮᱛᱟᱨ ᱪᱚᱞᱚᱛ ᱢᱮᱱᱟᱜᱼᱟ, ᱟᱨ ᱢᱤᱣᱡᱤᱭᱚᱢ ᱠᱚᱨᱮ, ᱵᱟᱝᱢᱟ ᱥᱮᱪᱮᱫ ᱴᱷᱟᱣ ᱠᱚᱨᱮ ᱛᱟᱦᱮᱸᱱ ᱠᱟᱱᱟ᱾
या, आप अपने पोस्ट ऑफ़िस पासबुक, या पासपोर्ट की एक प्रति बना सकते हैं ।	ᱵᱟᱝᱠᱷᱟᱱ, ᱟᱢ ᱟᱢᱟᱜ ᱯᱳᱥᱴ ᱚᱯᱷᱤᱥ ᱯᱟᱥᱵᱩᱠ, ᱥᱮ ᱯᱟᱥᱯᱳᱨᱴ ᱨᱮᱭᱟᱜ ᱢᱤᱫᱴᱟᱝ ᱚᱱᱟᱞᱮᱠᱟᱱ ᱵᱮᱱᱟᱭ ᱫᱟᱲᱮᱭᱟᱜᱼᱟᱢ ᱾
उस में, उत्तरी क्षेत्र ने, मानो, मृत्यु का एक और ईश्‍वर उत्पन्‍न किया ।	ᱩᱱᱤ ᱦᱚᱛᱮᱛᱮ ᱡᱚᱢ (ᱫᱟᱹᱠᱠᱷᱤᱱ ᱴᱚᱴᱷᱟᱨᱮ ᱜᱤᱨᱟᱹᱵᱟᱥᱚᱜᱽᱠᱟᱱ ᱜᱩᱡᱩᱜᱽ ᱤᱥᱚᱨ)ᱼᱟᱴᱠᱟᱣᱮ ᱞᱟᱹᱜᱤᱫ ᱦᱮᱯᱮᱨᱟᱣᱨᱮ ᱢᱚᱱᱮᱜᱚᱴᱟᱣᱟᱠᱟᱫᱽ ᱟᱨᱦᱚᱸ ᱢᱤᱫ ᱜᱩᱡᱩᱜᱽ ᱤᱥᱚᱨ ᱥᱟᱢᱟᱝᱨᱮᱭ ᱟᱹᱜᱩᱠᱮᱫᱮᱭᱟ ᱩᱛᱛᱟᱹᱨ ᱴᱚᱴᱷᱟ ᱾
फ्रांसीसी लोग अमेरिकी पनीर और सॉस को बेस्वाद होने के साथ-साथ भयानक भी मानते हैं।	ᱯᱷᱨᱮᱧᱪ ᱠᱚᱫᱚ ᱟᱢᱮᱨᱤᱠᱟᱱ ᱯᱚᱱᱤᱨ ᱟᱨ ᱥᱚᱥ ᱫᱚ ᱟᱹᱰᱤ ᱵᱟᱹᱲᱤᱡ ᱟᱨ ᱥᱟᱵᱟᱜ ᱢᱮᱱᱛᱮ ᱠᱚ ᱢᱚᱱᱮᱭᱟ ᱾
आम तौर पर गाय - बैल ऐसे गाय - बैल बनाए जाते थे जो पहाड़ों या दूसरे पालतू इलाकों में घूमते थे ।	ᱟᱹᱥᱩᱞ ᱢᱮᱨᱚᱢ ᱠᱚᱫᱚ ᱜᱚᱴ ᱟᱛᱮ ᱠᱚ ᱫᱚᱦᱚ ᱠᱚᱣᱟᱜ ᱡᱟᱦᱟᱸ ᱵᱳᱨᱳ ᱪᱮᱛᱟᱱ ᱨᱮ ᱟᱨᱵᱟᱝ ᱛᱟᱥᱟᱫ ᱯᱩᱲᱭᱟᱹ ᱨᱮᱠᱚ ᱧᱮᱞᱚᱜ-ᱟ, ᱜᱚᱴᱟ ᱜᱮ ᱜᱳᱯᱤ ᱠᱩᱫ ᱫᱚ ᱜᱤᱫᱽᱨᱟᱹ ᱟᱨᱵᱟᱝ ᱵᱟᱪᱨᱟ ᱠᱚᱲᱟ ᱠᱚ ᱦᱩᱭ ᱠᱚᱜ-ᱟ, ᱡᱮᱢᱚᱱ ᱵᱷᱤᱰᱤ ᱜᱩᱯᱤ ᱠᱩᱫ ᱞᱮᱠᱟ᱾ ᱟᱹᱥᱩᱞ ᱨᱮᱭᱟᱜ ᱱᱚᱶᱟ ᱢᱮᱛᱷᱚᱰ ᱫᱚ ᱱᱤᱛ ᱦᱚᱸ ᱧᱮᱞᱚᱜ-ᱟ᱾
यह अल्मेरिया के धर्मप्रांत की सीट है।	ᱱᱚᱶᱟ ᱫᱚ ᱟᱞᱢᱮᱨᱤᱭᱟ ᱨᱮᱭᱟᱜ ᱰᱟᱭᱳᱥᱤᱥ ᱨᱮᱭᱟᱜ ᱥᱤᱴ ᱾
अंततः, लकड़ी के पहिये लोहे के पहियों द्वारा प्रतिस्थापित किए गए ।	ᱢᱩᱪᱟᱹᱫ ᱨᱮ, ᱠᱟᱴ ᱪᱟᱠᱟ ᱫᱚ ᱢᱮᱬᱦᱮᱫ ᱪᱟᱠᱟ ᱛᱮᱠᱚ ᱵᱚᱫᱚᱞ ᱠᱮᱜ-ᱟ᱾ ᱑᱗᱖᱗ ᱨᱮ ᱢᱮᱬᱦᱮᱫ ᱛᱮ ᱨᱮᱞ ᱠᱚ ᱮᱦᱚᱵ ᱞᱮᱜ-ᱟ᱾
यह सकारात्मक और नकारात्मक हो सकता है ।	ᱱᱚᱶᱟ ᱫᱚ ᱵᱷᱟᱜᱮ ᱥᱟᱶᱥᱟᱶᱛᱮ ᱵᱟᱹᱲᱤᱡ ᱦᱚᱸ ᱦᱩᱭ ᱫᱟᱲᱮᱭᱟᱜᱼᱟ ᱾
ये सिद्धांत कुछ लोगों पर गौर करते हैं, जो चाहते हैं कि जो कुछ वे करते हैं और जो कुछ उनके आस - पास होता है, उसे वे पूरा करें या कुछ भी करें ।	ᱱᱚᱣᱟ ᱛᱷᱤᱭᱳᱨᱤ ᱧᱮᱞᱟᱭ ᱡᱮ ᱟᱫᱚᱢ ᱦᱚᱲ ᱵᱟᱵᱚᱛ ᱛᱮ ᱪᱮᱫ ᱢᱮᱱᱟᱜᱼᱟ ᱡᱟᱦᱟᱸ ᱩᱱᱠᱩ ᱠᱚ ᱠᱷᱚᱡᱟ ᱟᱨ ᱠᱚ ᱠᱚᱨᱟᱣᱟ ᱟᱨ ᱩᱱᱠᱩᱣᱟᱜ ᱥᱟᱪᱟᱨᱦᱮ ᱨᱮ ᱪᱮᱫ ᱡᱤᱱᱤᱥ ᱩᱱᱠᱩ ᱚᱱᱟ ᱡᱟᱦᱟᱸᱱᱟᱜ ᱠᱚᱨᱟᱣ ᱟᱨ ᱵᱟᱝ ᱠᱚᱨᱟᱣ ᱞᱟᱹᱜᱤᱫ ᱠᱚ ᱩᱫᱽᱜᱟᱹᱣ ᱠᱚᱣᱟ᱾
मुझे आपसे घटिया स्तर के उत्पाद देने की उम्मीद नहीं थी।	ᱤᱧ ᱛᱤᱥ ᱦᱚᱸ ᱵᱟᱹᱧ ᱟᱥ ᱟᱠᱟᱱ ᱛᱟᱦᱮᱸ ᱡᱮ ᱟᱢ ᱤᱧ ᱢᱤᱫᱴᱟᱝ ᱱᱩᱱᱟᱹᱜ ᱞᱤᱪᱟᱹᱲ ᱫᱩᱨᱤᱵ ᱮᱢ ᱤᱢᱟᱹᱧᱟ ᱾
मृत लोगों की मिस्र की घाटी में, जीजा Pacio, या "Gacios" में अनेक पिरामिड हैं (जिस में सबसे बड़ी पिरामिड है), अनेक छोटी कब्रों, अनेक मंदिरों, और बड़े स्पैक्स में ।	⁣ᱢᱤᱥᱨᱚ ᱨᱮᱭᱟᱜ ᱜᱷᱟᱹᱴᱤ ᱨᱮ ᱜᱤᱡᱟ ᱯᱚᱴᱷᱟᱨ, ᱟᱨ ᱵᱟᱝ "ᱜᱤᱡᱟ ᱱᱮᱠᱨᱚᱯᱚᱞᱤᱥ" ᱨᱮ ᱟᱭᱢᱟ ᱯᱤᱨᱟᱢᱤᱰ (ᱡᱟᱦᱟᱸᱭ ᱠᱷᱚᱱ ᱡᱷᱚᱛᱚ ᱠᱷᱚᱱ ᱢᱟᱨᱟᱝ ᱯᱤᱨᱟᱢᱤᱰ ᱡᱷᱚᱛᱚ ᱠᱷᱚᱱ ᱢᱟᱨᱟᱝ ᱜᱮᱭᱟ), ᱟᱭᱢᱟᱸ ᱦᱟᱯᱚᱱ ᱢᱚᱠᱷᱵᱚᱨ, ᱟᱭᱢᱟᱸ ᱢᱚᱱᱫᱤᱨ ᱟᱨ ᱢᱟᱦᱟᱱ ᱥᱯᱷᱤᱠᱥ ᱢᱮᱱᱟᱭᱟ᱾
नुकसान क्या है?	ᱪᱮᱫ ᱠᱷᱩᱛᱤ ?
मेरा शुगर स्तर अब सामान्य है और मैं अपनी पसंद की कोई भी मिठाई खा सकता हूँ।	ᱤᱧᱟᱜ ᱥᱩᱜᱟᱨ ᱨᱮᱭᱟᱜ ᱢᱟᱛᱨᱟ ᱱᱤᱛᱚᱜ ᱥᱟᱵᱷᱟᱵᱤᱠ ᱜᱮᱭᱟ ᱟᱨ ᱤᱧ ᱫᱚ ᱡᱟᱦᱟᱱ ᱦᱮᱲᱮᱢᱟᱜ ᱜᱤᱧ ᱡᱚᱢ ᱫᱟᱲᱮᱭᱟᱜᱼᱟ ᱾
यदि आप किसी ग्राहक की बात नहीं सुनने वाले हैं, तो फीडबैक मांगने की जहमत न उठाएं (ग्राहक)।	ᱟᱢ ᱡᱩᱫᱤ ᱢᱤᱫ ᱦᱚᱲ ᱜᱟᱦᱟᱨᱼᱟᱜ ᱠᱟᱛᱷᱟ ᱵᱟᱢ ᱟᱸᱡᱚᱢ ᱞᱟᱹᱜᱤᱫᱚᱜᱼᱟ, ᱮᱱᱠᱷᱟᱱ ᱛᱮᱞᱟ ᱞᱟᱹᱜᱤᱫ ᱟᱞᱚᱢ ᱵᱮᱡᱟᱨᱚᱜᱼᱟ (ᱜᱟᱦᱟᱨ)
सिलेंडर पहुंचाने के लिए मैं आपको 500 रुपये अतिरिक्त नहीं दूँगा। यह दिनदहाड़े लूट है!	ᱥᱤᱞᱤᱱᱰᱟᱨ ᱥᱟᱨᱵᱷᱟᱣ ᱞᱟᱹᱜᱤᱫ ᱤᱧ ᱟᱢ ᱕᱐᱐ ᱠᱟᱹᱣᱰᱤ ᱡᱟᱹᱥᱛᱤ ᱵᱟᱹᱧ ᱮᱢᱟᱢᱟ ᱾ ᱱᱚᱶᱟ ᱫᱚ ᱥᱤᱧᱢᱟᱨᱥᱟᱞ ᱠᱩᱢᱵᱲᱩ !
लेकिन, 1940 के दशक के दौरान यह लोकप्रियता बहुत कम हो गई थी।	ᱜᱚᱱᱰᱟᱨ ᱫᱚ ᱞᱤᱥᱵᱚᱱ ᱨᱮᱭ ᱛᱟᱦᱮᱸ ᱠᱟᱱᱟ, ᱢᱮᱱᱠᱷᱟᱱ ᱰᱩᱨᱟᱨ ᱫᱚ ᱱᱚᱶᱟ ᱛᱤᱥ ᱦᱚᱸ ᱵᱟᱭ ᱧᱮᱞ ᱟᱠᱟᱫᱟ ᱾
एक सभ्यता एक अनोखी संस्कृति है जो लोगों के एक महान समूह द्वारा साझा है जो रहते हैं और काम करते हैं, समाज.	ᱢᱤᱫ ᱥᱚᱵᱷᱭᱚᱛᱟ ᱨᱮᱭᱟᱜ ᱣᱤᱞᱚᱠᱷᱭᱚᱬ ᱥᱚᱱᱥᱠᱨᱩᱛᱤ ᱠᱟᱱᱟ ᱚᱠᱟ ᱫᱚ ᱦᱚᱲ ᱠᱚ ᱞᱟᱹᱜᱤᱫ ᱟᱹᱰᱤ ᱢᱟᱨᱟᱝ ᱫᱚᱞ ᱞᱟᱹᱜᱤᱫ ᱥᱟᱸᱡᱷᱟ ᱠᱚᱨᱟᱣ ᱦᱩᱭᱩᱜ ᱠᱟᱱᱟ ᱚᱠᱟ ᱫᱚ ᱥᱚᱦᱠᱟᱨᱤ ᱦᱤᱥᱟᱹᱵ ᱛᱮ ᱛᱟᱦᱮᱱ ᱠᱟᱱᱟ ᱠᱚ ᱟᱨ ᱠᱟᱹᱢᱤ ᱮᱫᱟ ᱠᱚ, ᱢᱤᱫᱴᱟᱹᱝ ᱥᱚᱢᱟᱡᱽ᱾
ऊपर का मतलब है कि आप धक्का पर शुरू और धनुष धक्का देना चाहिए, और नीचे का मतलब है कि आप तेजी से शुरू करना चाहिए (जहाँ आपका हाथ धनुष पकड़ रहा है) और धनुष खींच.	ᱪᱮᱛᱟᱱ ᱢᱮᱱᱮᱛ ᱠᱟᱱᱟ ᱡᱮ ᱟᱢᱫᱚ ᱴᱤᱯ ᱠᱷᱚᱱᱟᱜ ᱮᱛᱚᱦᱚᱵ ᱫᱚᱨᱠᱟᱨ ᱟᱨ ᱟᱜᱥᱟᱨ ᱴᱷᱮᱞᱟᱣ ᱛᱟᱨᱟᱭ ᱢᱮ, ᱟᱨ ᱞᱟᱛᱟᱨ ᱢᱮᱱᱮᱛ ᱫᱚ ᱠᱟᱱᱟ ᱡᱮ ᱟᱢ ᱨᱚᱴᱮ ᱠᱷᱚᱱᱟᱜ ᱮᱛᱚᱦᱚᱵ ᱫᱚᱨᱠᱟᱨ (ᱡᱟᱦᱟᱸ ᱨᱮ ᱟᱢᱟᱜ ᱛᱤ ᱟᱜᱥᱟᱨ ᱥᱟᱵ ᱮᱫᱟᱭ) ᱟᱨ ᱟᱜᱥᱟᱨ ᱚᱨ ᱫᱚᱨᱠᱟᱨ᱾
जब हमने यह योजना बनायी थी... ... एक टिकट के लिए करीब 10k था.	ᱟᱞᱮᱞᱮ ᱜᱚᱴᱟᱞᱮᱫ ᱚᱠᱛᱮ ᱢᱤᱫᱴᱟᱝ ᱴᱤᱠᱤᱴ ᱨᱮᱭᱟᱜ ᱜᱚᱱᱚᱝ ᱫᱚ ᱑᱐ ᱦᱟᱡᱟᱨ ᱛᱟᱦᱮᱸᱠᱟᱱᱟ ᱾
समाजवादी लोगों की तरह एक साथ लाते हैं जो इतने बुरे स्तरों से लापरवाह महसूस करते हैं और उन्हें पहचान का भाव विकसित करने की अनुमति देते हैं.	ᱩᱯᱥᱟᱸᱥᱠᱨᱤᱛᱤ ᱠᱚ ᱨᱟᱹᱥᱤᱭᱟᱹ ᱠᱚᱣᱟᱜ ᱵᱚᱭᱚᱥ, ᱡᱟᱛᱤᱭᱛᱟ, ᱦᱟᱹᱴᱤᱧ, ᱴᱷᱟᱶ ᱟᱨ/ ᱥᱮ ᱡᱟᱱᱟᱝ ᱨᱮᱱᱟᱜ ᱠᱟᱨᱚᱱ ᱵᱤᱥᱤᱥᱴ ᱦᱩᱭ ᱫᱟᱲᱮᱭᱟᱜᱼᱟ᱾
अगर मैं मैच देखने के लिए आधी रात को उठा तो मेरे पिताजी मुझे डांट सकते हैं।	ᱛᱟᱞᱟ ᱧᱤᱫᱟᱹ ᱮᱵᱷᱮᱱ ᱠᱟᱛᱮᱫ ᱢᱮᱪ ᱧᱮᱞᱤᱧ ᱪᱟᱞᱟᱣ ᱞᱮᱱᱠᱷᱟᱱ ᱵᱟᱵᱟ ᱡᱟᱹᱱᱤᱡ ᱤᱧᱮ ᱮᱜᱮᱨ ᱠᱤᱧᱟ ᱾
मुझे गुस्सा आ रहा है कि कुछ कंपनियां अपने कर्मचारियों पर पड़ने वाले प्रभाव पर विचार किए बिना प्रक्रियाओं को स्वचालित करने के लिए एआई का उपयोग कर रही हैं।	ᱤᱧ ᱫᱚᱧ ᱨᱟᱸᱜᱟᱣ ᱟᱠᱟᱱᱟ ᱡᱮ ᱠᱤᱪᱷᱩ ᱠᱳᱢᱯᱟᱱᱤ ᱫᱚ ᱟᱠᱚᱨᱮᱱ ᱠᱟᱹᱢᱤᱭᱟᱹ ᱠᱚ ᱪᱮᱛᱟᱱ ᱮᱥᱮᱨ ᱵᱟᱝ ᱜᱩᱱᱤᱵᱷᱟᱵᱤ ᱠᱟᱛᱮᱫ ᱠᱟᱹᱢᱤᱦᱚᱨᱟ ᱠᱚ ᱟᱡ ᱟᱡᱛᱮ ᱠᱟᱹᱢᱤᱭ ᱞᱟᱹᱜᱤᱫ ᱮ ᱟᱭ ᱠᱚ ᱵᱮᱵᱚᱦᱟᱨᱮᱫ ᱠᱟᱱᱟ ᱾
यह युग जहाँ घटनाओं को सामान्य रूप से मध्य युग कहा जाता है, ११वीं, १२वीं, और १३वीं शताब्दियों में यूरोपीय इतिहास की अवधि का ज़िक्र किया गया है ।	᱑᱑ ᱟᱱᱟᱜ, ᱑᱒ ᱟᱱᱟᱜ ᱟᱨ ᱑᱓ ᱟᱱᱟᱜ ᱥᱮᱧᱪᱩᱨᱤ (ᱤᱥᱟᱹ ᱥᱮᱨᱢᱟ ᱑᱐᱐᱐-᱑᱓᱐᱐) ᱨᱮ ᱡᱟᱦᱟᱸ ᱩᱢᱮᱨ ᱨᱮ ᱜᱷᱟᱴᱚᱱ ᱦᱩᱭ ᱮᱱᱟ, ᱚᱱᱟ ᱫᱚ ᱚᱱᱠᱟ ᱛᱮ ᱪᱮᱛᱟᱱ ᱛᱟᱞᱟᱱᱟ ᱡᱩᱜᱽ ᱨᱮᱱᱟᱜ ᱞᱮᱠᱟᱛᱮ ᱥᱟᱹᱠᱷᱭᱟᱹᱛ ᱦᱩᱭ ᱟᱠᱟᱱᱟ᱾
जीवित वैक्सीन सुरक्षित हैं और एक मजबूत और प्रभावी बचाव प्रतिक्रियाओं को प्रोत्साहित कर रहे हैं कि लंबे समय से स्थायी रहे हैं.	ᱞᱟᱭᱤᱵᱷ ᱮᱴᱮᱱᱩᱣᱮᱴᱮᱰ ᱴᱤᱠᱟᱹᱠᱩ ᱫᱚ ᱱᱤᱨᱟᱹᱭ ᱟᱨ ᱢᱤᱫᱴᱟᱝ ᱫᱟᱲᱮᱭᱟᱱ ᱟᱨ ᱟᱡᱽᱛᱮ ᱴᱮᱠᱟᱣᱫᱟᱨᱟᱢ ᱫᱟᱲᱮᱭ ᱩᱫᱜᱟᱹᱣᱟ, ᱡᱟᱦᱟᱸ ᱫᱚ ᱰᱷᱮᱨ ᱚᱠᱛᱚ ᱞᱟᱹᱜᱤᱫᱽᱠᱟᱱᱟ ᱾
इस गाँव में एक भी नहीं खुला जगह नहीं है	ᱱᱤᱭᱟᱹ ᱟᱛᱩᱨᱮ ᱞᱟᱹᱭ ᱛᱮᱱᱟᱜ ᱞᱮᱠᱟᱜ ᱢᱤᱫᱴᱟᱝ ᱦᱚᱸ ᱵᱟᱝ ᱵᱮᱣᱦᱟᱨ ᱟᱠᱟᱱ ᱠᱷᱟᱹᱞᱤ ᱡᱟᱭᱜᱟ ᱵᱟᱹᱱᱩᱜᱼᱟ ᱾
यह दिखाता है कि इन पेशे के सदस्यों को गुप्त सेवा में सेवा करने की कोशिश करनी चाहिए ।	ᱱᱚᱶᱟᱫᱚ ᱫᱤᱥᱦᱩᱫᱤᱥᱮ ᱮᱢᱚᱜᱼᱟ ᱡᱮ ᱱᱚᱶᱟ ᱡᱤᱵᱠᱟᱹᱨᱮᱱ ᱨᱟᱹᱥᱤᱭᱟᱹ ᱠᱚᱣᱟᱜ ᱩᱠᱩ ᱠᱟᱹᱢᱤᱨᱮ ᱠᱟᱹᱢᱤᱭ ᱞᱟᱹᱜᱤᱫᱽᱛᱮ ᱠᱷᱚᱡᱚᱜ ᱞᱟᱹᱠᱛᱤ ᱠᱟᱱᱟ ᱾
यह इसलिए है क्योंकि भारत के पास पश्‍चिमी बायोमिमेटिक्स विज्ञान की अपनी और ठोस बुनियाद है ।	ᱱᱚᱣᱟ ᱨᱮᱭᱟᱜ ᱚᱡᱮ ᱫᱚ ᱦᱩᱭᱩᱜ ᱠᱟᱱᱟ ᱵᱷᱟᱨᱚᱛ ᱨᱮ ᱯᱚᱪᱷᱤᱢᱟ ᱡᱤᱵᱤᱭᱟᱹ ᱛᱤᱠᱤᱛᱪᱷᱟ ᱥᱟᱬᱮᱥ ᱨᱮᱭᱟᱜ ᱟᱹᱯᱱᱟᱛ ᱟᱨ ᱫᱟᱲᱮᱭᱟᱱ ᱴᱮᱸᱦᱟᱰ ᱨᱮᱭᱟᱜ ᱢᱤᱫ ᱯᱮᱨᱮᱡ ᱯᱩᱨᱩᱱ ᱟᱨ ᱩᱛᱷᱱᱟᱹᱣ ᱟᱱ ᱫᱤᱥᱟᱹᱢ ᱛᱤᱠᱤᱛᱪᱷᱟ ᱥᱮᱨᱣᱟ ᱢᱮᱱᱟᱜᱼᱟ ᱾
मैं अपनी नाक ढके बिना पल्लिकरनई के कचरे के ढेर के पास से गाड़ी नहीं चला पाता हूँ।	ᱤᱧ ᱫᱚ ᱢᱩᱸ ᱵᱟᱝ ᱵᱮᱫ ᱠᱟᱛᱮᱫ ᱯᱟᱞᱞᱤᱠᱟᱨᱟᱱᱟᱭ ᱨᱮᱭᱟᱜ ᱫᱟᱸᱫᱮᱨ ᱰᱷᱤᱯ ᱟᱲᱮᱛᱮ ᱜᱟᱺᱰᱤ ᱵᱟᱹᱧ ᱪᱟᱞᱟᱣ ᱫᱟᱲᱮᱭᱟᱜ ᱠᱟᱱᱟ ᱾
मेरे पास तीस दो पानी हैं।	ᱤᱧ ᱴᱷᱮᱱ ᱯᱮ ᱜᱮᱞ ᱵᱟᱨ ᱜᱚᱴᱟᱝ ᱫᱟᱜ ᱢᱮᱱᱟᱜᱼᱟ ᱠᱚᱣᱟ।
मुझे रोज सुबह नाले से भयानक बदबू आती है।	ᱤᱧ ᱫᱤᱱᱟᱹᱢ ᱦᱤᱞᱳᱜ ᱥᱮᱛᱟᱜᱨᱮ ᱰᱨᱮᱱ ᱠᱷᱚᱱ ᱟᱹᱰᱤ ᱵᱟᱹᱲᱤᱡ ᱥᱚᱧ ᱧᱟᱢᱼᱟ ᱾
मेरे इतने करीब मत खड़े होइए! क्या आप नहीं देख सकते कि मैं एटीएम में अपना पिन दर्ज कर रहा हूँ?	ᱤᱧ ᱩᱱᱟᱹᱜ ᱥᱩᱨ ᱨᱮ ᱟᱞᱚᱢ ᱛᱮᱸᱜᱚᱱᱟ ! ᱟᱢ ᱫᱚ ᱪᱮᱫ ᱵᱟᱢ ᱧᱮᱞ ᱧᱟᱧᱟᱢ ᱠᱟᱱᱟ ᱤᱧ ᱫᱚ ᱮ ᱴᱤ ᱮᱢ ᱨᱮ ᱤᱧᱟᱜ ᱯᱤᱱᱤᱧ ᱞᱤᱱᱮᱫ ᱠᱟᱱᱟ ?
ᱤᱧ ᱵᱟᱹᱧ ᱵᱩᱡᱷᱟᱹᱣ ᱫᱟᱲᱮᱭᱟᱜ ᱠᱟᱱᱟ	मुझे समझ नहीं आता
मैंने उसकी ऑटोबॉग्राफी भी पढ़ी ।	ᱩᱱᱤᱭᱟᱜ ᱡᱤᱭᱤᱱ ᱪᱚᱨᱤᱛ ᱤᱧ ᱯᱟᱲᱦᱟᱣ ᱟᱠᱟᱫᱟ ᱾
मुझे आशा है कि यह जल्दी ही हो जाता है, मुझे पता है कि अगर हम यहाँ से कुछ भी कर सकते हैं।	ᱤᱧ ᱟᱸᱥ ᱤᱧ ᱫᱚᱦᱚᱭᱮᱫᱟ ᱱᱚᱶᱟ ᱟᱹᱰᱤ ᱞᱚᱜᱚᱱ ᱵᱷᱟᱜᱮ ᱦᱩᱭᱩᱜᱼᱟ; ᱟᱵᱚ ᱱᱚᱸᱰᱮ ᱠᱷᱚᱱ ᱠᱟᱹᱪ ᱵᱚᱱ ᱠᱚᱨᱟᱣ ᱫᱟᱲᱮᱭᱟᱜᱼᱟ ᱥᱮ ᱪᱮᱫ ᱚᱱᱟ ᱤᱧ ᱵᱟᱰᱟᱭ ᱚᱪᱚᱤᱧ ᱢᱮ ᱾
मूल रूप से इसे पूरी तरह से सशस्त्र व्यक्ति के हेलमेट पर पहना गया होता।	ᱢᱩᱲᱩᱫ ᱞᱮᱠᱟᱛᱮ ᱱᱚᱣᱟ ᱫᱚ ᱢᱤᱫᱦᱚᱲ ᱯᱩᱨᱟᱹ ᱥᱚᱥᱚᱥᱛᱨᱚ ᱦᱚᱲᱟᱜ ᱦᱮᱞᱢᱮᱴ ᱨᱮ ᱦᱚᱨᱚᱜ ᱦᱩᱭᱩᱜ ᱠᱟᱱ ᱛᱟᱦᱮ ᱠᱟᱱᱟ ᱾
हैलो, मैं आ रहे महीने में शादी हो रही है.	ᱦᱮᱞᱳ, ᱫᱟᱨᱟᱭ ᱪᱟᱸᱫᱳ ᱨᱮ ᱤᱧᱟᱹᱜ ᱵᱟᱯᱞᱟ ᱦᱩᱭᱩᱜ ᱠᱟᱱᱟ ᱾
जी हाँ, सा. यु.	ᱦᱮᱸ, ᱙ ᱟᱱᱟᱜ ᱥᱚᱛᱟᱵᱫᱤ ᱨᱮ ᱱᱚᱶᱟ ᱞᱟ ᱦᱩᱭ ᱞᱮᱱᱟ,ᱤᱞᱳᱨᱟ ᱜᱩᱦᱟ ᱠᱚᱫᱚ ᱢᱚᱬᱮ ᱜᱚᱴᱟᱝ ᱢᱟᱨᱮ ᱡᱚᱭᱱᱚ ᱜᱩᱦᱟ ᱠᱚ ᱨᱮᱭᱟᱜ ᱢᱤᱫ ᱜᱩᱴ ᱢᱮᱱᱟᱜᱼᱟ ᱟᱨ ᱱᱚᱶᱟᱫᱚ ᱳᱣᱨᱚᱝᱜᱚᱵᱟᱫ ᱨᱮᱭᱟᱜ ᱢᱤᱫ ᱧᱩᱢᱟᱱ ᱩᱭᱦᱟᱹᱨ ᱵᱟᱛᱷᱟᱱᱮ ᱵᱮᱱᱟᱣ ᱟᱠᱟᱫᱟ ᱿
सन्‌ 1960 से लेकर सन्‌ 1960 के दौरान, बीज़ेजीस्की ने जॉन एफ.	᱑᱙᱖᱐ ᱦᱟᱹᱵᱤᱡ, ᱵᱨᱡᱮᱡᱤᱱᱥᱠᱤ ᱫᱚ ᱡᱚᱱ ᱮᱯᱷ. ᱠᱮᱱᱮᱰᱤ-ᱤᱡ ᱟᱰᱵᱷᱟᱭᱡᱚᱨ ᱞᱮᱠᱟᱛᱮ ᱠᱟᱹᱢᱤ ᱞᱮᱜ-ᱟᱭ ᱚᱱᱟ ᱛᱟᱭᱚᱢ ᱫᱚ ᱞᱤᱱᱰᱚᱱ ᱵᱤ. ᱡᱚᱱᱥᱚᱱ ᱟᱰᱢᱤᱱᱤᱥᱴᱨᱮᱥᱚᱱ᱾
सरकारी संग्रहालय में अलग - अलग किस्म के भू - विज्ञान, जीव - विज्ञानी, भू - विज्ञान और तरह - तरह की चीज़ें दिखायी देती हैं ।	ᱥᱚᱨᱠᱟᱨᱤ ᱡᱟᱹᱫᱩᱚᱲᱟᱜ ᱨᱮᱫᱚ ᱵᱷᱩᱛᱚᱛᱛᱚ, ᱯᱨᱟᱱᱤᱵᱤᱫᱫᱟ,ᱱᱨᱤᱛᱚᱛᱛᱚ ᱟᱨ ᱩᱫᱵᱷᱤᱛᱵᱤᱫᱫᱟ ᱨᱮᱭᱟᱜ ᱱᱟᱱᱟ ᱦᱩᱱᱟᱹᱨᱟᱱ ᱠᱚ ᱩᱫᱩᱜ ᱦᱩᱭᱩᱜᱼᱟ ᱿
इस छोटे सत्र पर विचार किया गया महत्त्वपूर्ण प्रश्‍न संघीय अनुसंयोग की रचना था ।	ᱱᱚᱶᱟ ᱠᱷᱟᱴᱚ ᱫᱩᱯᱲᱩᱵ ᱨᱮ ᱵᱟᱪᱷᱟᱣᱞᱮᱱ ᱞᱟᱹᱠᱛᱤᱭᱟᱱᱟᱜ ᱠᱩᱠᱞᱤᱫᱚ ᱛᱟᱸᱦᱮᱠᱟᱱᱟ ᱯᱷᱮᱰᱟᱨᱮᱞ ᱟᱹᱱᱥᱚᱵᱷᱟ ᱵᱮᱱᱟᱣ ᱾
मध्य युग से पहले मध्य युग और मध्य युग के बाद, सन्‌ 100 के आस - पास अधिवेशन के खत्म होते हैं ।	ᱪᱮᱛᱟᱱ ᱛᱟᱞᱟᱱᱟ ᱭᱩᱜᱽ ᱮᱛᱚᱦᱚᱵ ᱠᱷᱚᱱ ᱢᱟᱲᱟᱝ ᱛᱟᱦᱮᱸ ᱠᱟᱱᱟ ᱟᱨ ᱚᱱᱟ ᱛᱟᱭᱚᱢ ᱵᱤᱞᱚᱢ ᱠᱷᱚᱱ ᱛᱟᱞᱟᱱᱟ ᱡᱩᱜᱽ ᱛᱟᱦᱮᱸ ᱠᱟᱱᱟ, ᱡᱟᱦᱟᱸ ᱫᱚ ᱥᱟᱢᱮᱞᱟᱱ ᱦᱚᱛᱮᱛᱮ ᱑᱕᱐᱐ ᱜᱟᱱ ᱨᱮ ᱪᱟᱵᱟᱜ ᱠᱟᱱᱟ᱾
अगले दिन उनके अनुभवों के बारे में अपने परिवार से बात कीजिए ।	ᱫᱚᱥᱟᱨ ᱦᱤᱞᱚᱜ ᱨᱮᱱ ᱵᱷᱳᱴᱟᱨ ᱞᱮᱟᱛᱮ ᱩᱱᱠᱚᱣᱟᱜ ᱵᱩᱡᱩᱱ ᱵᱟᱨᱮᱛᱮ ᱟᱢᱟᱜ ᱚᱲᱟᱜ ᱨᱮᱱ ᱦᱚᱲ ᱠᱚ ᱥᱟᱞᱟᱜ ᱨᱚᱯᱚᱲ ᱢᱮ ᱾
एन. ए. (ए. डी. ए. डी.) से वर्तमान टी. वी.	᱒᱐᱑᱙ᱼᱨᱮᱭᱟᱜ ᱩᱲᱤᱥᱟ ᱵᱤᱫᱷᱟᱱᱥᱚᱵᱷᱟ ᱵᱟᱪᱷᱱᱟᱣ ᱨᱮᱭ ᱵᱟᱪᱷᱟᱣ ᱞᱮᱱᱟ ᱟᱨ ᱛᱟᱭᱚᱢ ᱫᱟᱨᱟᱢ ᱵᱤᱫᱷᱟᱱᱥᱚᱵᱷᱟ ᱨᱮᱱ ᱩᱯᱟᱫᱷᱚᱠᱚᱭ ᱞᱮᱠᱟᱛᱮᱭ ᱵᱮᱜᱚᱨ ᱦᱮᱯᱨᱟᱣ ᱟᱛᱮ ᱵᱟᱪᱷᱱᱟᱣ ᱠᱚ ( ᱩᱲᱤᱥᱟ ᱵᱤᱫᱷᱟᱱᱥᱚᱵᱷᱟ ᱵᱟᱪᱷᱱᱟᱣ ᱴᱚᱴᱷᱟ ᱨᱮᱱᱤᱡ ᱱᱟᱦᱟᱜ ᱵᱤᱫᱷᱟᱭᱠ ᱮ ᱦᱩᱭᱩᱜ ᱠᱟᱱᱟ ᱵᱤᱡᱮᱱᱰᱤ ᱨᱮᱱᱤᱡ ᱨᱚᱡᱚᱱᱤᱠᱟᱱᱛᱚ ᱥᱤᱝ)।
खराब काम करने के बावजूद, योजनाकार ने अपनी गलती स्वीकार नहीं की।	ᱵᱟᱹᱲᱤᱡ ᱠᱟᱹᱢᱤ ᱠᱟᱛᱮᱦᱚᱸ ᱟᱜᱟᱢᱼᱩᱭᱦᱟᱹᱨᱼᱤᱡ ᱫᱚ ᱟᱡᱟᱜ ᱫᱳᱥ ᱵᱟᱭ ᱥᱤᱠᱟᱹᱨ ᱞᱮᱫᱟ ᱾
मुझे पता है कि सभी खेलों का उद्देश्य उपयोगकर्ता को आकर्षित करना और उनकी लत लगाना है, इसलिए मैं अभी रुकने जा रहा हूँ (जेन जेड 2)।	ᱤᱧ ᱵᱟᱰᱟᱭᱟ ᱡᱮ ᱡᱚᱛᱚ ᱜᱮᱢ ᱨᱮᱭᱟᱜ ᱡᱚᱥ ᱜᱮ ᱦᱩᱭᱩᱜ ᱠᱟᱱᱟ ᱵᱮᱣᱦᱟᱨᱤᱭᱟᱹᱠᱚ ᱟᱴᱚᱠ ᱟᱨ ᱩᱱᱠᱚ ᱨᱤᱡᱷᱟᱹᱣ, ᱚᱱᱟᱛᱮ ᱤᱧ ᱱᱤᱛ ᱜᱮ ᱵᱚᱱᱫᱚᱧ ᱠᱷᱚᱡ ᱠᱟᱱᱟ (ᱡᱮᱱ ᱡᱮᱰ ᱒)
तो, मैं आप के साथ क्या मदद कर सकते हैं?	ᱟᱫᱚ, ᱪᱮᱫᱽᱛᱮ ᱟᱢᱤᱧ ᱜᱚᱲᱚ ᱫᱟᱲᱮᱭᱟᱢᱟ ?
1 और 4 में बताया गया था कि पहली बार जब एक सरकारी अधिकारी ने 4 सूट की इजाज़त दे दी, तो उस अधिकारी की इजाज़त के बिना और सन्‌ 1971 में एक अश्‍शूरिक क्षेत्र के मामलों में कानून - व्यवस्था लागू करने की इजाज़त दी गयी थी ।	ᱯᱳᱭᱞᱳ ᱟᱹᱯᱤᱞ ᱠᱟᱪᱷᱟᱦᱟᱹᱨᱤ ᱴᱨᱟᱭᱟᱞ ᱠᱳᱴ ᱨᱮᱭᱟᱜ ᱤᱥᱩ ᱱᱚᱢᱵᱚᱨ ᱨᱮᱭᱟᱜ ᱚᱨᱡᱚᱭ ᱩᱞᱴᱟᱹᱣ ᱞᱮᱫᱟ ᱑ ᱟᱨ ᱔ ᱟᱨ ᱮ ᱥᱟᱵ ᱠᱮᱫᱟ ᱡᱮ ᱯᱳᱭᱞᱳ ᱛᱮᱞᱟ ᱮᱢᱚᱜᱤᱡ ᱦᱚᱛᱮᱛᱮ ᱮᱢ ᱟᱠᱟᱱ ᱔ ᱢᱟᱢᱞᱟ ᱫᱚ ᱡᱚᱛᱷᱟᱛ ᱟᱹᱭᱫᱟᱹᱨᱤᱭᱟᱹ ᱟᱜ ᱠᱟᱛᱷᱟ ᱵᱮᱜᱚᱨ ᱧᱮᱞᱥᱟᱢᱴᱟᱣ ᱡᱳᱜᱢᱟᱱ ᱛᱟᱸᱦᱮᱠᱟᱱᱟ ᱪᱮᱫᱟᱜ ᱥᱮ ᱩᱱᱤᱫᱚ ᱢᱤᱫ ᱚᱱᱩᱯᱨᱚᱵᱮᱥᱠᱟᱨᱤᱭ ᱛᱟᱸᱦᱮᱠᱟᱱᱟ ᱟᱨ ᱑᱙᱗᱑ ᱟᱹᱱ ᱫᱟᱨᱟᱭᱛᱮ ᱪᱟᱞᱟᱜ ᱢᱤᱫ ᱵᱚᱥᱛᱤ ᱴᱚᱴᱷᱟ ᱜᱚᱵᱚᱞᱨᱮ ᱢᱤᱫ ᱚᱱᱩᱯᱨᱚᱵᱮᱥᱠᱟᱨᱤ ᱨᱮ ᱪᱷᱟᱹᱲ ᱧᱟᱢ ᱡᱚᱛᱷᱟᱛ ᱟᱹᱭᱫᱟᱹᱨᱤᱭᱟᱹ ᱨᱮᱭᱟᱜ ᱞᱟᱹᱠᱛᱤ ᱵᱟᱝ ᱛᱟᱸᱦᱮᱠᱟᱱᱟ ᱾
कुछ बाँग्लास सदियों पुराना हैं, एक टाइटेव आधार पर लोकप्रिय है, और नीचे समुदाय की परंपराओं के रूप में पारित कर दिया गया है, जबकि अन्य नए बनाए गए हैं.	ᱠᱤᱪᱷᱤ ᱵᱷᱚᱡᱚᱱ ᱫᱚ ᱥᱟᱭᱠᱟᱲᱟ ᱢᱟᱨᱮᱱ, ᱯᱮᱱᱼᱴᱚᱴᱷᱟ ᱠᱤᱭᱟᱹ ᱞᱮᱠᱟᱛᱮ ᱦᱚᱲ ᱠᱩᱥᱤᱭᱟᱱᱟᱜ ᱜᱮᱭᱟ ᱟᱨ ᱜᱟᱛᱟᱠ ᱨᱮᱭᱟᱜ ᱥᱮᱨᱣᱟ ᱞᱮᱠᱟᱛᱮ ᱥᱮᱱ ᱟᱠᱟᱱᱟ, ᱮᱴᱟᱜ ᱟᱜ ᱠᱚᱫᱚ ᱱᱟᱶᱟᱛᱮ ᱚᱞ ᱟᱠᱟᱱᱟ ᱾
पार्क अधिकारियों के अनुसार, कम - से - कम १०० मीटर की दूरी पर रहकर भालू और भेड़ियों और अन्य सभी जंगली जानवरों से २५ मीटर की दूरी पर रहना!	ᱯᱟᱨᱠ‌ ᱨᱤᱱ ᱚᱛᱷᱚᱨᱤᱴᱤᱭ ᱠᱚᱣᱟᱜ ᱞᱟᱹᱭ ᱞᱮᱠᱟᱛᱮ, ᱮᱴᱟᱜ ᱡᱩᱱᱛᱩ ᱠᱷᱚᱱ ᱵᱟᱱᱟ ᱠᱚᱫᱚ ᱑᱐᱐ ᱭᱟᱨᱰ/ᱢᱤᱴᱚᱨ ᱟᱨ ᱦᱟᱰᱜᱟᱨ ᱠᱚᱫᱚ ᱒᱕ ᱭᱟᱨᱰ/ᱢᱤᱴᱚᱨ ᱥᱟᱹᱝᱜᱤᱧ ᱨᱮ ᱛᱟᱦᱮᱱ ᱞᱟᱹᱠᱛᱤ ᱠᱟᱱᱟ᱾
उसका 1,000वीं टिकट था स्वीडिश राजा दाऊद के द्वारा महान "बहुत बड़े काम" जो सन्‌ 2000 में, डेविड क्लॉल्‌स पैंलर ऑफ वर्ल्ड रिकॉर्ड बुक में सूचीबद्ध किया गया है।	᱒᱐᱐᱐ ᱨᱮ ᱰᱮᱣᱤᱰ ᱠᱞᱚᱠᱟᱹᱨ ᱮᱨᱮᱱᱥᱴᱟᱞ ᱛᱮ ᱩᱱᱠᱤᱱᱟᱜ ᱑᱐᱐᱐ ᱛᱟᱢ ᱴᱤᱠᱚᱴ ᱟᱹᱰᱤ ᱱᱟᱯᱟᱭ "ᱥᱣᱤᱰᱤᱥ ᱠᱤᱝᱜᱥ ᱛᱮ ᱜᱽᱨᱮᱴ ᱰᱤᱰᱥ" ᱛᱟᱦᱮᱸ ᱠᱟᱱᱟ, ᱚᱠᱟ ᱫᱚ ᱜᱤᱱᱤᱡ ᱵᱩᱠ ᱣᱟᱞᱰ ᱨᱮᱠᱚᱰ ᱨᱮ ᱥᱩᱪᱤ ᱞᱟᱜᱼᱟ ᱠᱚ᱾
क्या आपके पास फुटबॉल स्टड्स की कोई जोड़ी नहीं बची है? मुझे लगता है कि तब मैं कल का मैच नहीं खेल पाऊँगा।	ᱟᱢ ᱴᱷᱮᱱ ᱪᱮᱫ ᱡᱟᱦᱟᱱ ᱡᱳᱲ ᱯᱷᱩᱴᱵᱚᱞ ᱵᱩᱴ ᱵᱟᱹᱠᱤ ᱢᱮᱱᱟᱜᱼᱟ ? ᱤᱧᱟᱜ ᱢᱚᱱᱮ ᱦᱩᱭᱩᱜ ᱠᱟᱱᱟ ᱤᱧ ᱫᱚ ᱜᱟᱯᱟᱱᱟᱜ ᱢᱮᱪ ᱵᱟᱹᱧ ᱠᱷᱮᱞ ᱫᱟᱲᱮᱭᱟᱜᱼᱟ ᱾
दिसंबर 1981 में कोर्सिका में एक एड्रिया हवाई जहाज दुर्घटनाग्रस्त हो गया था।	᱑᱙᱘᱑ ᱥᱟᱞ ᱨᱮᱭᱟᱜ ᱰᱤᱥᱮᱢᱵᱚᱨ ᱨᱮ, ᱠᱟᱨᱥᱤᱠᱟᱭ ᱨᱮ ᱢᱤᱫᱴᱟᱝ ᱮᱹᱰᱨᱤᱭᱟ ᱩᱰᱟᱹᱱ ᱜᱟᱹᱰᱤ ᱨᱟᱹᱯᱩᱫ ᱞᱮᱱᱟ ᱾
17वीं सदी के दौरान, तेरह राज्यों ने पहली बार एक कमज़ोर केंद्रीय सरकार बनायी थी, जिसमें से सिर्फ उसका ही हिस्सा था।	ᱟᱱᱫᱚᱲ ᱭᱤᱫᱷᱚ ᱡᱷᱚᱜ, ᱜᱮᱞᱯᱮ ᱜᱚᱴᱟᱝ ᱯᱚᱱᱚᱛ ᱯᱩᱭᱞᱩ ᱡᱮᱠᱷᱟ ᱢᱤᱫᱴᱟᱹᱝ ᱠᱚᱢᱡᱟᱨ ᱥᱚᱨᱠᱟᱨ ᱨᱮᱭᱟᱜ ᱜᱚᱴᱷᱚᱱ ᱦᱩᱭ ᱮᱱᱟ — ᱡᱟᱦᱟᱸᱭ ᱨᱮ ᱠᱚᱝᱜᱽᱨᱮᱥ ᱮᱠᱟᱞ ᱜᱮ ᱛᱟᱦᱮᱸᱟᱭ — ᱯᱚᱨᱚᱥᱚᱝ ᱨᱮᱭᱟᱜ ᱞᱮᱠᱷᱟ ᱦᱤᱥᱟᱹᱵ ᱛᱮ᱾
जो कोई उच्च अक्षांश या पर्वत पार करने के लिए जा रहा है... ... बर्फ, बर्फ, या ठंड तापमान की संभावना पर विचार करना चाहिए.	ᱡᱟᱦᱟᱸᱭ ᱜᱮ ᱪᱮᱛᱟᱱ ᱚᱠᱭᱟᱝᱥ ᱟᱨ ᱵᱟᱝ ᱯᱚᱨᱣᱚᱛ ᱪᱮᱛᱟᱱ ᱨᱮ ᱠᱟᱨᱟᱣ ᱪᱟᱠᱟᱜ ᱠᱟᱱᱟ ᱠᱚ, ᱩᱱᱤ ᱫᱚ ᱵᱚᱨᱯᱷ, ᱟᱨ ᱵᱟᱝ ᱨᱟᱵᱟᱝ ᱛᱟᱯᱢᱟᱱ ᱨᱮᱭᱟᱜ ᱥᱚᱢᱵᱷᱟᱣᱱᱟ ᱪᱮᱛᱟᱱ ᱨᱮ ᱣᱤᱪᱟᱹᱨ ᱠᱚᱨᱟᱣ ᱫᱚᱨᱠᱟᱨ ᱠᱟᱱᱟ᱾
मुझे विश्वास नहीं हो रहा कि आप मुझसे उस चीज़ के लिए शुल्क लेंगे जो आपकी गलती थी। यह पूरी तरह से अनैतिक है।	ᱤᱧ ᱵᱟᱹᱧ ᱯᱟᱹᱛᱭᱟᱹᱣ ᱫᱟᱲᱮᱭᱟᱜᱼᱟ ᱡᱮ ᱟᱢ ᱫᱚ ᱱᱚᱝᱠᱟᱱ ᱡᱟᱦᱟᱱ ᱞᱟᱹᱜᱤᱫ ᱤᱧ ᱴᱷᱮᱱ ᱠᱷᱚᱱ ᱯᱷᱤᱢ ᱦᱟᱛᱟᱣᱟ ᱡᱟᱦᱟ ᱫᱚ ᱟᱢᱟᱜ ᱜᱟᱹᱞᱛᱤ ᱛᱟᱦᱮᱠᱟᱱᱟ ᱾ ᱚᱱᱟ ᱫᱚ ᱮᱠᱟᱞᱜᱮ ᱵᱮᱴᱷᱤᱠ ᱠᱟᱱᱟ ᱾
दुकान-सह-घर (shophouse) बनाने की यह शैली जल्द ही ब्रिटिश मलाया के अन्य राज्यों में फैल गई।	ᱫᱳᱠᱟᱱ ᱚᱲᱟᱜ ᱵᱮᱱᱟᱣ ᱨᱮᱭᱟᱜ ᱱᱚᱶᱟ ᱥᱟᱡᱟᱣᱱᱟᱜ ᱟᱹᱰᱤ ᱩᱥᱟᱹᱨᱟ ᱵᱨᱤᱴᱤᱥ ᱢᱟᱞᱟᱭᱟ ᱮᱴᱟᱜ ᱮᱴᱟᱜ ᱯᱚᱱᱚᱛ ᱨᱮ ᱯᱟᱥᱱᱟᱣ ᱞᱮᱱᱟ ᱾
ये रिश्‍ते योजना बनाने, डिज़ाइन करने और सड़क की जगहों की देख - रेख करने में मदद करते हैं ।	ᱱᱟᱣᱟ ᱥᱟᱹᱜᱟᱹᱭ ᱰᱟᱦᱟᱨ ᱥᱩᱵᱤᱫᱷᱟ ᱠᱚᱨᱮᱱᱟᱜ ᱯᱚᱱᱛᱷᱟ, ᱰᱤᱡᱟᱭᱤᱱ ᱟᱨ ᱪᱟᱪᱞᱟᱣ ᱨᱮ ᱜᱚᱲᱚᱭ ᱮᱢᱚᱜᱚᱜ ᱠᱟᱱᱟ᱾
इस दिन डॉ. आर.	ᱱᱤᱭᱟᱹ ᱢᱟᱸᱦᱟ ᱫᱚ ᱡᱟᱣᱥᱮᱨᱢᱟ ᱰᱚᱠᱴᱚᱨ ᱵᱤᱹ ᱟᱨ ᱟᱢᱵᱮᱫᱠᱟᱨᱟᱜᱽ ᱡᱟᱱᱟᱢ ᱢᱟᱸᱦᱟ ᱞᱮᱠᱟᱛᱮ ᱢᱟᱱᱟᱜᱽᱠᱟᱱᱟ ᱾
अदन 1839 से 1967 तक ब्रिटिश साम्राज्य के नियंत्रण में था।	ᱮᱰᱮᱱ ᱫᱚ ᱑᱘᱓᱙ ᱥᱟᱞ ᱠᱷᱚᱱ ᱑᱙᱖᱗ ᱥᱟᱞ ᱦᱟᱹᱵᱤᱡ ᱵᱨᱤᱴᱤᱥ ᱨᱟᱡᱽᱯᱟᱴ ᱰᱟᱨᱟᱭᱛᱮ ᱥᱟᱢᱵᱲᱟᱣ ᱛᱟᱦᱮᱸ ᱠᱟᱱᱟ ᱾
मेरे पास दस दूध हैं।	ᱤᱧ ᱴᱷᱮᱱ ᱜᱮᱞ ᱜᱚᱴᱟᱝ ᱫᱩᱫᱷ ᱢᱮᱱᱟᱜᱼᱟ ᱠᱚᱣᱟ।
मटर को घने जंगलों और चाय संपत्ति से ढका जाता है ।	ᱢᱟᱱᱱᱟᱨ ᱫᱚ ᱜᱟᱹᱦᱤᱨ ᱵᱤᱨ ᱟᱨ ᱪᱟ ᱵᱟᱜᱣᱟᱱᱛᱮ ᱯᱚᱴᱚᱢ ᱟᱠᱟᱱᱟ ᱾
अभी उनसठ दिन बचे हैं।	ᱱᱤᱛᱚᱜ ᱛᱩᱨᱩᱭ ᱜᱮᱞ ᱱᱟᱭ ᱫᱤᱱ ᱛᱟᱭᱚᱢ ᱢᱮᱱᱟᱜᱼᱟ ᱠᱚᱣᱟ।
भारतीय कॉलेजों ने संयुक्त ध्वनि को कभी नहीं समझा, के. हरिहरे का कहना है, एक पुरस्कार फिल्म निर्माता और शिक्षक।	ᱵᱷᱟᱨᱚᱛ ᱨᱮᱭᱟᱜ ᱥᱤᱱᱮᱢᱟ ᱠᱚᱫᱚ ᱛᱤᱥᱨᱮᱦᱚᱸ ᱡᱳᱣᱜᱤᱠ ᱟᱹᱲᱟᱹ ᱵᱟᱝ ᱮ ᱵᱩᱡᱷᱟᱹᱣᱼᱟ ,ᱢᱮᱱ ᱮᱫᱟᱭ ᱦᱚᱨᱤᱡᱚᱱ, ᱢᱤᱫᱦᱚᱲ ᱥᱤᱨᱯᱟᱹ ᱡᱤᱛᱟᱹᱣᱤᱡ ᱪᱚᱞᱚᱛ ᱪᱤᱛᱟᱹᱨ ᱵᱮᱱᱟᱣ ᱤᱡ ᱟᱨ ᱪᱮᱱᱱᱟᱭ ᱨᱮᱱ ᱢᱟᱪᱮᱫ ᱾
वे इसे अनुभव करने वाले लोगों की भावनाओं को प्रभावित करने की उम्मीद करते हैं।	ᱩᱱᱠᱩ ᱟᱥᱚᱜ ᱟᱹᱧ ᱩᱱᱠᱩ ᱡᱟᱸᱦᱟᱭ ᱱᱚᱶᱟ ᱠᱚ ᱵᱷᱩᱡᱟᱹᱣᱼᱟ ᱩᱱᱠᱩᱣᱟᱜ ᱨᱟᱹᱥᱠᱟᱹᱨᱮᱭ ᱮᱥᱮᱨᱟ ᱾
दौड़ने के बाद वह बिना नहाए उसी पसीने से भीगी कमीज में सो गया।	ᱫᱟᱹᱲ ᱛᱟᱭᱚᱢ ᱵᱟᱝ ᱰᱟᱹᱵᱨᱟᱹ ᱠᱟᱛᱮᱫ ᱚᱱᱟ ᱩᱫᱜᱟᱹᱨ ᱞᱚᱦᱚᱫ ᱟᱜᱨᱚᱯ ᱜᱮ ᱦᱚᱨᱚᱜ ᱠᱟᱛᱮᱭ ᱡᱟᱹᱯᱤᱫᱼᱟ ᱾
यह पाठ एक प्रोसी-टेली का है, अलग-अलग अनुच्छेदों का एक साधारण संग्रह के साथ.	ᱡᱩᱫᱟᱹ ᱟᱠᱟᱨ ᱚᱱᱩᱪᱪᱷᱮᱫ ᱨᱮᱭᱟᱜ ᱢᱤᱫᱴᱟᱝ ᱵᱤᱪᱤᱛᱨᱚ ᱡᱟᱨᱣᱟᱭ ᱥᱟᱶ ᱯᱟᱲᱦᱟᱣᱦᱤᱸᱥ ᱫᱚ ᱢᱤᱫᱴᱟᱝ ᱥᱟᱸᱲᱮᱥ ᱞᱮᱠᱟᱱ ᱩᱯᱚᱱᱤᱥᱚᱫ ᱠᱟᱱᱟ ᱾
यह सन्‌ 1994 में एक अभिदान - सेवा के तौर पर पेश किया गया ।	ᱥᱟᱯᱛᱟ ᱨᱮ ᱮᱭᱟᱭ ᱢᱟᱦᱟ, ᱑᱓ ᱴᱟᱲᱟᱝ ᱠᱟᱛᱮ ᱩᱯᱚᱜᱨᱚᱦᱚ ᱥᱟᱸᱜᱤᱧ ᱧᱮᱱᱮᱞᱚᱢ ᱮᱢᱚᱜᱤᱡ ᱰᱤᱨᱮᱠᱴᱤᱵᱷᱤ ᱠᱩᱞᱟᱠᱟᱱ ᱢᱤᱫᱴᱟᱝ ᱨᱟᱹᱥᱤᱭᱟᱹᱟᱱᱟᱜ ᱯᱚᱨᱤᱥᱮᱵᱟ ᱦᱤᱥᱟᱹᱵᱛᱮ ᱱᱚᱶᱟ ᱑᱙᱙᱔ ᱨᱮ ᱡᱟᱹᱨᱤ ᱦᱩᱭᱩᱜᱼᱟ ᱾
माँ, चलो कल एक फिल्म के लिए चलते हैं.	ᱜᱚ, ᱜᱟᱯᱟ ᱢᱚᱵᱷᱤ ᱧᱮᱞᱵᱚᱱ ᱪᱚᱞᱚᱜᱼᱟ ᱾
विदेश जाने के बाद घर लौटने पर, आप नई संस्कृति के लिए अनुकूलित किया है और अपनी कुछ आदतों को अपने घर की संस्कृति से खो दिया है.	ᱵᱤᱫᱮᱥ ᱨᱮ ᱛᱟᱦᱮᱸ ᱠᱟᱛᱮ ᱚᱲᱟᱜ ᱥᱮᱫ ᱨᱩᱣᱟᱹᱲ ᱦᱟᱹᱡᱩᱜ ᱡᱷᱚᱜ, ᱟᱢ ᱫᱚ ᱱᱟᱣᱟ ᱟᱹᱨᱤᱪᱟᱹᱞᱤ ᱮᱢ ᱦᱟᱛᱟᱣ ᱠᱮᱜᱼᱟ ᱟᱨ ᱚᱲᱟᱜ ᱟᱹᱨᱤᱪᱟᱹᱞᱤ ᱠᱷᱚᱱ ᱟᱢᱟᱜ ᱯᱟᱹᱨᱠᱟᱹᱣ ᱠᱚ ᱟᱫ ᱠᱮᱜᱼᱟᱢI
आपका Windows Live कूटशब्द क्या है?	ᱪᱮᱫ ᱛᱟᱢ ᱧᱩᱛᱩᱢ ?
ᱵᱚᱱᱫᱚ	बंद
कौनसे दस्तावेज़ों को हर एक के प्रमाण के रूप में लिया जाएगा?	ᱡᱚᱛᱚ ᱨᱮᱭᱟᱜ ᱥᱟᱵᱩᱫ ᱦᱤᱥᱟᱹᱵᱛᱮ ᱚᱠᱟ ᱫᱚᱞᱤᱞ ᱦᱟᱛᱟᱣ ᱦᱩᱭᱩᱜᱼᱟ ?
खेती - बाड़ी को खेती - बाड़ी कहा जाता है ताकि खेती - बाड़ी करनेवाले और उसके परिवार की ज़रूरतों को पूरा कर सकें ।	ᱱᱤᱨᱣᱟᱦ ᱪᱟᱹᱥᱤ ᱫᱚ ᱩᱱᱠᱩ ᱪᱟᱹᱥᱤ ᱡᱟᱦᱟᱸᱭ ᱥᱩᱢᱩᱝ ᱪᱟᱥ ᱟᱨ ᱩᱱᱠᱩ ᱨᱤᱱ ᱜᱷᱟᱨᱚᱸᱡᱽ ᱠᱚᱣᱟᱜ ᱤᱪᱷᱟ ᱯᱩᱨᱟᱹᱣ ᱞᱟᱹᱜᱤᱫ ᱥᱟᱨᱮᱡ ᱡᱚᱢᱟᱜ ᱞᱟᱹᱜᱤᱫ ᱮ ᱪᱷᱩᱴᱟᱹᱣ ᱠᱚᱜ ᱠᱟᱱᱟ᱾
दूसरी ओर, अनेक देशों में हवा और हिमी परिस्थितियों सामान्य हैं, और यातायात अधिकतर साल - भर में ग़ायब होता जा रहा है ।	ᱮᱴᱟᱜ ᱯᱟᱦᱴᱟ ᱨᱮ, ᱟᱭᱢᱟ ᱫᱤᱥᱚᱢ ᱨᱮ ᱵᱚᱨᱯᱷᱤᱞᱟᱹ ᱟᱨ ᱵᱟᱨᱚᱯᱷ ᱨᱮᱭᱟᱜ ᱡᱟᱭᱜᱟ ᱥᱟᱢᱟᱱᱭᱚ ᱛᱟᱦᱮᱸᱱ ᱠᱟᱱᱟ, ᱲᱨ ᱠᱷᱟᱛᱟᱭᱟᱛ ᱡᱷᱟᱛᱟ ᱥᱮᱨᱢᱟ ᱫᱚᱣᱨ ᱨᱮ ᱰᱷᱮᱨ ᱱᱤᱨᱵᱚᱫᱷ ᱛᱟᱦᱮᱸᱱ ᱠᱟᱱᱟ᱾
स्पार्टा ने उस सत्र में चेक लीग कप और सुपर कप भी जीता था।	ᱚᱱᱟ ᱢᱩᱲᱥᱩᱢ ᱨᱮᱜᱮ ᱥᱯᱟᱨᱴᱟ ᱪᱮᱠ ᱞᱤᱜ ᱠᱟᱯ ᱟᱨ ᱥᱩᱯᱟᱨ ᱠᱟᱯ ᱦᱚᱸᱠᱚ ᱡᱤᱛᱟᱹᱣ ᱞᱮᱱᱟ ᱾
रॉस ने ला सेरेना में कार्लोस ब्लैक और साइमन केर स्कूल में पढ़ाई की।	ᱨᱚᱥᱞᱟ ᱥᱮᱨᱮᱱᱟᱨ ᱠᱟᱨᱞᱳᱥ ᱵᱞᱟᱠ ᱟᱨ ᱥᱟᱭᱢᱚᱱ ᱠᱮᱨᱚ ᱵᱤᱨᱫᱟᱹᱜᱟᱲ ᱨᱮᱭ ᱯᱟᱲᱦᱟᱣ ᱟᱠᱟᱱᱟ ᱾
हम बीमा कंपनी की ग्राहक सेवा टीम हैं और भले ही आपने हमें फोन न किया हो, हम आपके उपचार का 100% खर्च वहन करेंगे क्योंकि आपके अस्पताल ने हमें सूचित कर दिया था।	ᱟᱞᱮ ᱫᱚ ᱦᱩᱭᱩᱜ ᱠᱟᱱᱟᱞᱮ ᱵᱤᱢᱟᱹ ᱠᱳᱢᱯᱟᱱᱤ ᱨᱮᱱ ᱠᱤᱨᱤᱧᱤᱭᱟᱹ ᱯᱚᱨᱤᱥᱮᱵᱟ ᱜᱟᱫᱮᱞ ᱟᱨ ᱟᱢ ᱡᱩᱫᱤ ᱵᱟᱢ ᱠᱚᱞ ᱨᱮᱦᱚ, ᱟᱞᱮ ᱟᱢᱟᱜ ᱛᱤᱠᱤᱪᱪᱷᱟ ᱑᱐᱐% ᱯᱩᱨᱟᱹᱣᱟ ᱚᱡᱮ ᱫᱚ ᱟᱢᱟᱜ ᱦᱟᱥᱯᱟᱛᱟᱞ ᱟᱞᱮᱭ ᱵᱟᱰᱟᱭ ᱦᱚᱪᱚ ᱟᱠᱟᱫ ᱞᱮᱭᱟ ᱾
इस योजना ने प्रभावकारी साबित किया, अत्यावश्‍यक सैन्य और नागरिक सामग्री को काट डाला, हालाँकि इस ब्लॉक ने आम तौर पर पिछले दो दो शताब्दियों के अंतर्राष्ट्रीय समझौतेों द्वारा अंतर्राष्ट्रीय नियम का उल्लंघन किया ।	ᱢᱚᱦᱚᱛᱟᱱ ᱢᱤᱞᱤᱴᱟᱨᱤ ᱟᱨ ᱥᱟᱫᱷᱟᱨᱚᱱ ᱱᱟᱜᱽᱨᱤᱠ ᱦᱟᱹᱯᱴᱤᱧ ᱠᱚ ᱵᱚᱱᱫᱽ ᱟᱛᱮ ᱱᱚᱶᱟ ᱨᱚᱬᱱᱤᱛ ᱯᱨᱚᱵᱷᱟᱵᱽᱥᱟᱞᱤ ᱯᱚᱨᱢᱟᱬ ᱟᱠᱟᱱᱟ, ᱡᱚᱠᱷᱚᱱ ᱱᱚᱶᱟ ᱟᱠᱚᱴ ᱪᱟᱞᱟᱣᱮᱱ ᱵᱟᱨᱭᱟ ᱥᱮᱧᱪᱩᱨᱤ ᱨᱮᱭᱟᱜ ᱟᱭᱢᱟ ᱡᱮᱡᱟᱹᱛᱤᱭᱟᱹᱨᱤ ᱪᱩᱠᱛᱤ ᱛᱮ ᱢᱟᱱᱟᱣᱞᱮᱱ ᱡᱮᱡᱟᱹᱛᱤᱭᱟᱹᱨᱤ ᱨᱤᱛ ᱠᱚ ᱛᱟᱞᱚᱢ ᱞᱚᱴᱚᱢ ᱞᱮᱜᱼᱟ᱾
ᱫᱟᱭᱟ ᱠᱟᱛᱮ ᱵᱟᱹᱭ ᱵᱟᱹᱭ ᱛᱮ ᱨᱚᱲ ᱢᱮ	कृपया धीरे बोलें
राव किशन गोपाल मेरठ की विद्रोही सेना की उनकी सेना के कमांडर थे।	ᱨᱟᱣ ᱠᱤᱥᱟᱱ ᱜᱳᱯᱟᱞ ᱟᱡᱟᱜ ᱢᱤᱨᱟᱴ ᱨᱮᱱ ᱵᱤᱨᱵᱟᱱᱴᱟ ᱥᱮᱱᱟᱯᱷᱟᱹᱫ ᱨᱮᱱ ᱥᱮᱱᱟᱯᱚᱛᱤᱭ ᱛᱟᱦᱮᱸ ᱠᱟᱱᱟ ᱾
क्या आपके मनपसंद भोजन की कोई ज़रूरत है?	ᱞᱤᱴᱴᱤ ᱫᱚ ᱟᱢᱟᱜ ᱡᱚᱛᱚᱠᱷᱚᱱ ᱠᱩᱥᱤᱭᱟᱜ ᱡᱚᱢᱟᱜ ᱠᱟᱱᱟ ?
येन अवकेन ने एक महान काम किया है.	ᱯᱷᱟᱨᱦᱟᱱ ᱟᱠᱷᱛᱟᱨ ᱟᱹᱰᱤ ᱵᱷᱟᱜᱤᱭ ᱠᱟᱹᱢᱤ ᱟᱟᱠᱫᱟ ᱾
यह बाहर पागल है, नरम और Yyyy के अंदर, और इसमें smoky स्वाद बहुत अमीर है.	ᱱᱚᱶᱟᱫᱚ ᱵᱟᱨᱦᱮ ᱥᱮᱡᱝ ᱨᱟᱹᱪᱩᱜ ᱨᱟᱹᱪᱩᱜ ᱜᱮᱭᱟ, ᱵᱷᱤᱛᱨᱤ ᱨᱮᱫᱚ ᱞᱟᱹᱵᱤᱫ ᱟᱨ ᱞᱮᱦᱮ ᱜᱮᱭᱟ, ᱟᱨ ᱱᱚᱶᱟ ᱨᱮᱭᱟᱜ ᱥᱮᱠᱟᱣ ᱥᱚ ᱟᱹᱰᱤ ᱧᱩᱢᱟᱱ ᱜᱮᱭᱟ ᱾
मैं इसके बारे में वास्तव में उत्साहित हूँ.	ᱱᱚᱶᱟ ᱤᱫᱤ ᱠᱟᱛᱮᱜ ᱤᱧ ᱟᱹᱰᱤ ᱟᱴᱽᱤᱧ ᱨᱟᱹᱥᱠᱟᱹ ᱜᱮᱭᱟ ᱾
क्या मेरा हिंदी परीक्षा पत्र जांच लिया गया है? क्या मैं पास हो जाऊँगा? (छात्र)	ᱤᱧᱟᱹᱜ ᱦᱤᱱᱫᱤ ᱵᱤᱰᱟᱹᱣ ᱨᱮᱭᱟᱜ ᱠᱩᱠᱞᱤ ᱥᱟᱠᱟᱢ ᱫᱚ ᱪᱮᱫ ᱥᱩᱭᱤᱭᱟ ? ᱤᱧ ᱠᱤ ᱯᱟᱥ ᱟᱹᱧ ? (ᱯᱟᱹᱴᱷᱩᱣᱟᱹ)
यदि आप के करीब होना चाहते हैं... ... आप जल्दी से संगीत के लिए शिविरिंग साइट पाने के लिए जा रहे हैं.	ᱡᱩᱫᱤ ᱟᱢ ᱚᱱᱟ ᱠᱟᱨᱟᱣᱟᱦᱤ ᱥᱩᱨ ᱨᱮ ᱛᱟᱦᱮᱸ ᱥᱟᱱᱟᱢ ᱠᱟᱱᱟ ᱢᱮᱱᱠᱷᱟᱱ ᱛᱚ ᱟᱢ ᱥᱮᱨᱮᱧ ᱥᱩᱨ ᱛᱮ ᱢᱤᱫᱴᱟᱹᱝ ᱠᱮᱢᱯᱤᱝ ᱥᱟᱭᱤᱴ ᱮᱢᱚᱜ ᱞᱟᱹᱜᱤᱫ ᱞᱚᱜᱚᱱ ᱦᱮᱡ ᱛᱮ ᱯᱟᱲᱟᱣᱟᱢᱟ᱾
इस संघर्ष के दौरान, एमाउ आंदोलन ने आज़ादी पाने की कोशिश की ।	ᱢᱟᱣᱩ ᱟᱱᱫᱚᱞᱚᱱ ᱦᱚᱛᱮᱛᱮ ᱥᱟᱦᱟᱣ ᱟᱠᱟᱱ ᱯᱷᱩᱨᱜᱟᱹᱞ ᱠᱚᱣᱟᱜ ᱠᱩᱨᱩᱢᱩᱴᱩ ᱫᱚᱨᱟᱱ, ᱥᱚᱦᱚᱨ ᱨᱮ ᱢᱤᱫ ᱥᱟᱱᱛᱤᱯᱩᱨᱬ ᱥᱚᱵᱷᱟ ᱨᱮᱱᱟᱜ ᱯᱚᱨᱤᱬᱟᱢ ᱯᱮᱭᱨᱟᱢᱟᱣᱩᱱᱴ ᱪᱤᱯᱷ ᱛᱤᱯᱩᱣᱟ ᱛᱟᱢᱟᱥᱤᱥ ᱞᱤᱞᱳᱳᱷᱤᱭᱟᱜ ᱦᱟᱛᱭᱟ ᱦᱩᱭ ᱮᱱᱟ᱾
निकािका भारतीय तत्त्वज्ञानों में बौद्ध, बौद्ध, बौद्ध, यायता, कावाका, आजीविका, और अन्य लोग शामिल हैं ।	ᱱᱟᱥᱛᱤᱠ ᱵᱷᱟᱨᱛᱤᱭ ᱥᱟᱲᱮᱥ ᱢᱩᱫᱨᱮ ᱢᱮᱱᱟᱜᱼᱟ ᱵᱳᱫᱫᱷᱚ, ᱡᱳᱱ, ᱪᱟᱨᱵᱟᱠ, ᱟᱡᱤᱵᱤᱠᱟ ᱟᱨ ᱮᱴᱟᱜ ᱠᱚ᱾
यह वास्तव में एक अच्छा विचार है.	ᱚᱱᱟ ᱫᱚ ᱥᱟᱹᱨᱤᱜᱤ ᱵᱷᱟᱜᱤ ᱦᱩᱫᱤᱥ ᱾
आठ साल बाद, हेइजन ने पुरमेरेंड और ज़ांदम में नए स्टोर खोले।	ᱤᱨᱟᱹᱞ ᱥᱮᱨᱢᱟ ᱛᱟᱭᱚᱢ, ᱦᱮᱭᱡᱮᱱ ᱯᱩᱨᱢᱮᱨᱮᱱᱰ ᱟᱨ ᱡᱟᱭᱟᱱᱰᱟᱢ ᱰᱚ ᱱᱟᱣᱟ ᱥᱴᱳᱨ ᱮ ᱡᱷᱤᱡ ᱠᱮᱫᱟ ᱾
ट्रिस्टॉन ने अपने गंभीरता को स्त्रियों की दौड़ के साथ बना दिया।	ᱛᱤᱨᱞᱟᱹᱠᱩᱣᱟᱜ ᱦᱮᱯᱮᱨᱟᱣ ᱥᱟᱶᱛᱮ ᱚᱞᱤᱢᱯᱤᱠᱨᱮ ᱴᱨᱟᱭᱟᱛᱷᱞᱚᱱᱟᱜ ᱩᱯᱮᱞ ᱦᱩᱭᱞᱮᱱᱟ ᱾
अल्बेरोबेलो अपुलिया क्षेत्र में स्थित है और इसकी जनसंख्या 10,735 है।	ᱮᱹᱞᱵᱮᱨᱳᱵᱮᱞ ᱫᱚ ᱟᱯᱩᱞᱤᱭᱟ ᱴᱚᱴᱷᱟᱨᱮ ᱢᱮᱱᱟᱜᱼᱟ ᱟᱨ ᱱᱚᱰᱮ ᱑᱐,᱗᱓᱕ ᱦᱚᱲ ᱢᱮᱱᱟᱜ ᱠᱚᱣᱟ ᱾
फिल्म की रिलीज़ का जश्न मनाते हुए एक लड़का दीवार के ऊपर से नीचे गिर गया। मुझे उसके लिए बहुत दुख हो रहा है।	ᱪᱚᱞᱚᱛ ᱪᱤᱛᱟᱹᱨ ᱨᱮᱭᱟᱜ ᱪᱷᱟᱹᱲ ᱯᱟᱞᱟᱣ ᱞᱟᱹᱜᱤᱫ ᱛᱮ ᱯᱟᱹᱪᱨᱤ ᱪᱮᱛᱟᱱ ᱠᱷᱚᱱ ᱞᱟᱛᱟᱨ ᱨᱮᱭ ᱧᱩᱨᱮᱱᱟ ᱢᱤᱫᱴᱟᱝ ᱜᱤᱫᱽᱨᱟᱹ ᱾ ᱩᱱᱤ ᱞᱟᱹᱜᱤᱫ ᱤᱧ ᱟᱹᱰᱤ ᱵᱟᱹᱲᱤᱡᱤᱧ ᱵᱩᱡᱷᱦᱟᱹᱣ ᱮᱫ ᱠᱟᱱᱟ ᱾
यह सुनकर मुझे दुख हुआ कि इतने सारे लोग साइबर हमलों का शिकार हुए हैं और उन्होंने अपनी व्यक्तिगत जानकारी खो दी है।	ᱤᱧ ᱫᱚ ᱱᱚᱣᱟ ᱟᱸᱡᱚᱢ ᱠᱟᱛᱮᱫ ᱫᱩᱠᱷᱤᱧ ᱵᱩᱡᱷᱮᱫᱟ ᱡᱮ ᱟᱭᱢᱟ ᱦᱚᱲ ᱥᱟᱭᱵᱟᱨ ᱜᱷᱟᱹᱞ ᱟᱠᱟᱱᱟ ᱠᱚ ᱟᱨ ᱩᱝᱠᱩᱣᱟᱜ ᱱᱤᱡᱟᱹ ᱛᱮᱛᱮᱫ ᱠᱚ ᱟᱫ ᱟᱠᱟᱫᱟ ᱾
अस्पताल कहाँ है?	ᱦᱚᱥᱯᱤᱴᱟᱞ ᱚᱠᱟᱨᱮ ᱢᱮᱱᱟᱜᱼᱟ?
फिर से निर्माण के बाद उधार देने के उचित मूल्य की गणना की जाएगी जैसे कि मौजूदा नकदीय प्रवाहों में ब्याज का प्रतिनिधित्व करने के लिए प्रायोगिक किया जाता है फिर से निर्माण और मुख्य का प्रतिनिधित्व की दर पर ब्याज का प्रतिनिधित्व किया जाता है, बैंक के निर्माण और मुख्य के बारे में एक दर के रूप में भूल जाता है।	ᱫᱚᱦᱲᱟᱠᱟᱨᱛᱮ ᱜᱚᱴᱷᱚᱱ ᱛᱟᱭᱱᱚᱢ ᱨᱤᱱ ᱨᱮᱭᱟᱜ ᱱᱮᱡᱽᱡᱚ ᱜᱚᱱᱚᱝ ᱜᱚᱱᱚᱱᱟᱭᱟᱠᱚ ᱞᱚᱜᱚᱫᱽ ᱱᱟᱦᱟᱜ ᱨᱮᱭᱟᱜ ᱜᱚᱱᱚᱝ ᱞᱮᱠᱟᱛᱮᱠᱚ ᱜᱚᱱᱚᱱᱟ ᱦᱳᱭᱳᱜᱼᱟ ᱡᱟᱦᱟᱸ ᱫᱚ ᱫᱚᱦᱲᱟᱠᱟᱨᱛᱮ ᱵᱮᱱᱟᱣ ᱪᱮᱛᱟᱱ ᱜᱚᱴᱟ ᱟᱠᱟᱱ ᱥᱩᱫᱽ ᱦᱟᱨᱛᱮ ᱫᱚᱦᱲᱟ ᱠᱟᱨᱛᱮ ᱵᱮᱱᱟᱣ ᱟᱠᱟᱱ ᱵᱮᱝᱠ BPLR ᱨᱮ ᱥᱚᱢᱟᱱ ᱦᱟᱨᱛᱮ ᱪᱷᱟᱲ ᱠᱚ ᱮᱢᱚᱜᱼᱟ ᱾ᱫᱚᱦᱲᱟᱠᱟᱨᱛᱮ ᱵᱮᱱᱟᱣ ᱢᱟᱦᱤᱛ ᱫᱚ ᱨᱤᱱᱮ ᱦᱟᱛᱟᱣ ᱮᱫ ᱠᱟᱱ ᱛᱷᱚᱱᱚᱛ ᱞᱟᱜᱤᱫ ᱞᱟᱠᱛᱤᱭᱟᱱ ᱢᱮᱭᱟᱫᱽ ᱟᱱ ᱯᱨᱤᱢᱤᱭᱟᱢ ᱟᱨ ᱠᱨᱮᱰᱤᱴ ᱨᱤᱥᱠ ᱯᱨᱤᱢᱤᱭᱟᱢ ᱾
चौबीस	ᱠᱩᱲᱤ ᱯᱳᱱ
इस द्वीप पर सात सीटें हैं ।	ᱮᱭᱟᱭ ᱜᱚᱴᱟᱝ ᱟᱥᱚᱱ ᱟᱛᱮ ᱢᱤᱫᱠᱟᱸᱫᱷᱟᱼᱟᱱ ᱢᱤᱫᱴᱟᱝ ᱠᱳᱠᱳᱥ (ᱠᱤᱞᱤᱝ) ᱰᱷᱤᱯ ᱥᱟᱭᱟᱨ ᱯᱚᱨᱤᱥᱚᱫ ᱨᱮᱭᱟᱜ ᱪᱤᱱᱦᱟᱹ ᱢᱮᱱᱟᱜᱼᱟ ᱾
मैंने कल रात एक परेशान करने वाली फिल्म देखी, और तब से यह मेरे विचारों में बसी हुई है (दोस्त 2)।	ᱤᱧ ᱫᱚ ᱪᱟᱞᱟᱣᱮᱱ ᱧᱤᱫᱟᱹ  ᱢᱤᱫᱴᱟᱝ ᱟᱹᱲᱤᱥᱟᱱᱟᱜ ᱪᱚᱞᱚᱛ ᱪᱤᱛᱟᱹᱨ ᱤᱧ ᱧᱮᱞ ᱟᱠᱟᱫᱟ ᱟᱨ ᱱᱚᱶᱟ ᱫᱚ ᱩᱱ ᱠᱷᱚᱱ ᱜᱮ ᱤᱧᱟᱹᱜ ᱢᱚᱱ ᱨᱮ ᱜᱩᱨᱞᱟᱹᱜ ᱠᱟᱱᱟ ᱾ (ᱜᱟᱛᱮ 2)
जब एक पसंदीदा शिक्षक सेवानिवृत्त हुए तो हममें से अधिकांश लोग रो पड़े।	ᱥᱚᱨᱮᱥ ᱢᱟᱪᱮᱫ ᱡᱤᱨᱟᱹᱣᱮᱱ ᱠᱷᱟᱱᱮ ᱟᱞᱮᱨᱮᱱ ᱟᱭᱢᱟ ᱦᱚᱲ ᱠᱚ ᱨᱟᱜ ᱞᱮᱫᱟ ᱾
मैम, तुम भी भारत और इंदु के शब्दों की तस्वीर के बारे में कुछ ज़िक्र किया है, क्या आप उसे दोहरा सकते हैं?	ᱢᱟᱪᱮᱛᱟᱱᱤ, ᱟᱢ ᱵᱷᱟᱨᱚᱛ ᱟᱨ ᱥᱤᱱᱫᱷᱩ ᱟᱹᱲᱟᱹ ᱨᱮᱭᱟᱜ ᱡᱚᱯᱲᱟᱣ ᱵᱟᱨᱮᱛᱮ ᱠᱤᱪᱷᱤᱢ ᱞᱟᱹᱭ ᱞᱮᱫᱟ ; ᱟᱢ ᱪᱮᱫ ᱚᱱᱟ ᱫᱚᱲᱦᱟᱛᱮᱢ ᱞᱟᱹᱭᱟ ?
आम तौर पर, आधुनिक स्पेन के दौरान, अनेक ननों को मुख्य परिवारों से बना था जिनके पास वोट देने का साधन था और "कंटेन्स ” जो वार्षिक वेतन थे ।	ᱥᱟᱫᱷᱟᱨᱚᱱᱛᱚ, ᱱᱟᱦᱟᱜ ᱥᱯᱮᱱᱨᱮᱭᱟᱜ ᱯᱟᱹᱦᱤᱞ ᱡᱩᱜᱨᱮ, ᱟᱭᱢᱟ ᱥᱚᱱᱱᱟᱥᱤᱱᱤᱠᱩ ᱛᱟᱦᱮᱸᱠᱟᱱᱟ ᱥᱮᱨᱢᱟᱠᱤᱭᱟᱹ ᱠᱷᱚᱨᱚᱪ ᱞᱮᱠᱟᱛᱮ ᱥᱚᱱᱱᱟᱥᱤᱱᱤ ᱥᱚᱝᱜᱷᱚᱨᱮᱱ ᱯᱚᱱ ᱟᱨ "ᱧᱮᱞᱡᱚᱛᱱᱟᱣ ᱵᱷᱟᱛᱟ" ᱮᱢᱚᱜᱽᱨᱮ ᱫᱟᱲᱮᱢᱮᱱᱟᱜ ᱠᱤᱥᱟᱹᱲ ᱜᱷᱟᱨᱚᱸᱡᱽ ᱠᱷᱚᱱ ᱦᱮᱡᱽᱟᱠᱟᱱ ᱠᱩ ᱾
मुड़ने से पहले आपने इंडिकेटर क्यों नहीं दिया? आप कम से कम शीशे में तो देख सकते थे।	ᱪᱮᱫᱟᱜ ᱟᱢ ᱫᱚ ᱟᱹᱪᱩᱨ ᱢᱟᱲᱟᱝ ᱨᱮ ᱪᱤᱱᱦᱟᱹ ᱵᱟᱢ ᱩᱫᱩᱜ ᱟᱠᱟᱫᱟ? ᱟᱢ ᱫᱚ ᱱᱤᱦᱟᱹᱛ ᱜᱮ ᱟᱨᱥᱤᱨᱮᱢ ᱠᱚᱭᱚᱜ ᱫᱟᱲᱮᱭᱟᱜᱼᱟ ᱾
अंदरूनी बीमारियों का सबसे बढ़िया सबूत हो सकता है, नशीली दवाओं या ज़हरीली घरेलू रसायनों का एक खुला पात्र ।	ᱚᱱᱛᱚᱨ ᱵᱤᱥ ᱠᱟᱹᱢᱤ ᱨᱮᱭᱟᱜ ᱵᱷᱟᱜᱮ ᱩᱱᱩᱫᱩᱜ ᱫᱚ ᱨᱟᱱ ᱥᱮ ᱴᱚᱱᱥᱤᱠ ᱜᱷᱟᱨᱚᱸᱡᱤᱭᱟᱹ ᱠᱮᱢᱤᱠᱮᱞ ᱨᱮᱭᱟᱜ ᱯᱷᱟᱠᱟ ᱠᱚᱱᱴᱮᱱᱟᱨ ᱨᱮᱭᱟᱜ ᱛᱟᱦᱮᱸᱱ ᱦᱩᱭ ᱫᱟᱲᱮᱭᱟᱜᱼᱟ᱾
हैलो, मैं एक टैक्सी के बारे में फोन कर रहा हूँ एक यूनिवर्सिटी के होस्टल से मुझे Z वर्गेज में ले जाने के लिए।	ᱦᱮᱞᱳ, ᱤᱧ ᱫᱚ ᱡᱮᱜᱮᱫᱽᱵᱤᱫᱫᱟᱹᱜᱟᱲ ᱠᱷᱚᱱ ᱡᱮᱴ ᱥᱠᱩᱭᱮᱨ ᱢᱚᱞ ᱫᱷᱟᱹᱵᱤᱡᱽ ᱤᱫᱤᱭᱤᱧ ᱞᱟᱹᱜᱤᱫᱽ ᱢᱤᱫᱴᱟᱝ ᱠᱮᱵᱽ ᱵᱩᱠᱤᱝ ᱵᱟᱵᱚᱫᱽᱤᱧ ᱦᱚᱦᱚᱭᱮᱫᱽᱠᱟᱱ ᱛᱟᱦᱮᱸᱠᱟᱱᱟ ᱾
विश्‍वविद्यालय के खोजकर्ताओं ने कहा कि दो संस्थाएँ एक दूसरे को क्रिस्टल बनाने के लिए प्रतिक्रिया दिखाती हैं ।	ᱣᱤᱥᱣᱚᱵᱤᱫᱭᱟᱞᱚᱭ ᱨᱤᱱ ᱥᱚᱫᱷᱠᱚᱨᱛᱟ ᱠᱚ ᱢᱮᱱ ᱠᱮᱜᱼᱟ ᱡᱮ ᱵᱟᱨᱭᱟ ᱭᱚᱜᱤᱠ ᱠᱨᱤᱥᱴᱤᱭᱟᱹᱱ ᱛᱮᱭᱟᱨ ᱞᱟᱹᱜᱩᱫ ᱱᱤᱡᱚᱨ ᱵᱷᱤᱛᱨᱭ ᱨᱮ ᱥᱟᱹᱜᱟᱹᱭ ᱛᱟᱦᱮᱸ ᱫᱚᱨᱠᱟᱨ ᱠᱟᱱᱟ ᱚᱠᱟ ᱫᱚ ᱠᱤᱰᱱᱤ ᱨᱮᱭᱟᱜ ᱠᱟᱹᱢᱤ ᱨᱮ ᱵᱟᱹᱫᱷᱟᱹ ᱮᱢ ᱫᱟᱲᱮᱭᱟᱜᱼᱟᱭ᱾
साथ ही, जर्मनी के जहाज़, खासकर अमरीकी जहाज़ों का इस्तेमाल करते हुए, इस यातायात को रोकने की कोशिश कर रहे थे.	ᱚᱱᱟ ᱚᱠᱛᱚ ᱨᱮ, ᱡᱚᱨᱢᱟᱱ ᱱᱮᱵᱷᱤ, ᱭᱩ-ᱵᱳᱴ ᱠᱚ ᱵᱮᱵᱷᱟᱨᱟᱛᱮ ᱫᱚ, ᱱᱚᱶᱟ ᱴᱨᱟᱯᱷᱤᱠ ᱵᱚᱱᱫᱽ ᱞᱟᱹᱜᱤᱱ ᱠᱚ ᱠᱩᱨᱩᱢᱩᱴᱩ ᱞᱮᱫᱟ᱾
मौत के बारे में जनता की राय देश और अपराध के बीच काफी फर्क है.	ᱜᱚᱡᱽᱥᱟᱹᱡᱟᱹᱭ ᱤᱫᱤ ᱠᱟᱛᱮᱜ ᱦᱚᱲ ᱠᱚᱣᱟᱜ ᱫᱤᱥᱦᱩᱫᱤᱥ ᱫᱤᱥᱚᱢ ᱞᱮᱠᱟᱛᱮ ᱟᱨ ᱠᱟᱹᱭ ᱨᱮᱭᱟᱜ ᱴᱮᱸᱦᱟᱰᱛᱮ ᱵᱚᱫᱚᱞᱚᱜᱼᱟ ᱾
और इस तकनीक का असर समाजों पर होता है, न कि समाजों पर, न कि सामाजिक हालत में ।	ᱛᱟᱠᱱᱤᱠᱤ ᱰᱤᱴᱚᱨᱢᱤᱱᱤᱥᱢ ᱨᱮᱭᱟᱜ ᱵᱟᱲᱛᱤ ᱵᱤᱥᱲᱤ ᱫᱚ ᱵᱟᱨᱭᱟ ᱥᱟᱫᱷᱟᱨᱚᱱ ᱵᱤᱪᱟᱹᱨ ᱦᱟᱴᱤᱧᱟᱭ: ᱡᱮ ᱛᱟᱠᱱᱤᱠ ᱨᱮᱭᱟᱜ ᱞᱟᱦᱟᱱᱛᱤ ᱞᱟᱴᱩ ᱚᱠᱚᱡ ᱨᱮ ᱥᱟᱸᱥᱠᱨᱤᱛᱤᱠ ᱟᱨ ᱨᱟᱡᱽᱱᱤᱛᱤᱠ ᱯᱨᱟᱵᱷᱟᱣ ᱠᱷᱚᱱ ᱵᱮᱜᱟᱨ ᱢᱤᱫ ᱰᱟᱦᱟᱨ ᱨᱮᱭᱟᱜ ᱩᱭᱦᱮᱨᱟᱭ, ᱟᱨ ᱵᱚᱫᱚᱞ ᱨᱮ ᱚᱱᱟ ᱛᱟᱠᱱᱤᱠ ᱨᱮᱭᱟᱜ ᱥᱟᱢᱟᱡᱽ ᱨᱮ "ᱯᱨᱟᱵᱷᱟᱣ" ᱦᱩᱭᱩᱜ-ᱟ ᱡᱟᱦᱟ ᱫᱚ ᱥᱟᱢᱟᱡᱤᱠ ᱞᱮᱠᱟ ᱛᱮ ᱣᱟᱛᱟᱱᱩᱠᱩᱞᱤᱛ ᱦᱩᱭᱩᱜ ᱠᱟᱨᱚᱱ ᱛᱮ ᱱᱤᱦᱤᱛ ᱦᱩᱭᱩᱜ-ᱟ᱾
दिसंबर 2004 में, 94 वर्ष की आयु में बीमारी के कारण उनका निधन हो गया।	ᱨᱩᱣᱟᱹ ᱚᱡᱮ ᱛᱮ ᱙᱔ ᱥᱮᱨᱢᱟ ᱩᱢᱮᱨ ᱨᱮ ᱒᱐᱐᱔ ᱥᱟᱞ ᱨᱮᱱᱟᱜ ᱰᱤᱥᱮᱢᱵᱚᱨ ᱢᱟᱹᱱᱦᱟᱹ ᱨᱮᱭ ᱜᱚᱡ ᱞᱮᱱᱟ ᱾
तीन	ᱯᱮ
उस विशिष्ट ज़हर के लिए विशिष्ट मदद निर्देशों के लिए लेबल जाँचें.	ᱚᱱᱟ ᱜᱚᱴᱟᱣᱟᱠᱟᱱ ᱵᱤᱥ ᱞᱟᱹᱜᱤᱫ ᱜᱚᱴᱟᱣᱟᱠᱟᱱ ᱮᱛᱚᱦᱚᱵ ᱛᱤᱠᱤᱪᱷᱟᱹ ᱟᱫᱮᱥ ᱞᱟᱹᱜᱤᱫ ᱞᱮᱵᱮᱞ ᱧᱮᱞ ᱢᱮ᱾
हाल ही में न्यू यॉर्क शहर में एक सर्वे लिया गया था ।	ᱵᱮᱱᱟᱣ ᱫᱚᱦᱲᱟ ᱨᱮᱭᱟᱜ ᱯᱨᱚᱭᱟᱥ ᱨᱮᱭᱟᱜ ᱩᱫᱟᱨ ᱟᱞᱚᱪᱱᱟ ᱨᱮ ᱢᱮᱼᱢᱮᱱᱤᱡ ᱣᱟᱥᱤᱝᱴᱚᱱ ᱨᱤᱱᱤᱠ ᱵᱷᱤᱛᱨᱭ ᱥᱩᱛᱨᱚ ᱠᱚ ᱫᱩᱦᱲᱟᱹ ᱛᱮᱭᱟᱨ ᱠᱟᱨᱟᱣ ᱪᱷᱚ ᱞᱟᱹᱜᱩᱫ ᱫᱷᱭᱟᱱ ᱮᱢ ᱪᱷᱚ ᱠᱮᱜᱼᱟᱭ᱾
इन सालों के दौरान, एंटीपरेशन चिकित्सा के अन्य वर्ग विकसित किए गए और मिश्रण चिकित्सा में व्यापक स्वीकृति प्राप्त की गई, जैसे कि लूप्‌स, होस्‌, होस्फीति, 1963, होस्फीष, एस्टेंट (ICaputs), Alialcuts, Alivials, Alials, और एक ब्लॉक.	ᱛᱟᱭᱚᱢ ᱥᱮᱨᱢᱟ ᱠᱚᱨᱮ, ᱞᱩᱯ ᱵᱚᱦᱩᱢᱩᱛᱨᱚᱛᱟ (ᱞᱮᱹᱥᱤᱠᱥ/ᱯᱷᱤᱭᱩᱨᱳᱥᱮᱢᱟᱭᱤᱰ, ᱦᱚᱠᱷᱥᱚᱴ ᱯᱷᱟᱨᱢᱟᱥᱤᱭᱩᱴᱤᱠᱮᱹᱞᱥ, ᱑᱙᱖᱓), ᱵᱤᱴᱟ ᱵᱞᱚᱠᱟᱨ (ᱟᱭᱥᱤᱟᱭ ᱯᱷᱟᱨᱢᱟᱥᱤᱭᱩᱴᱤᱠᱮᱹᱞᱥ, ᱑᱙᱖᱔), ᱮᱱᱥᱤᱤ ᱤᱱᱦᱤᱵᱤᱴᱚᱨᱥ ᱟᱨ ᱮᱹᱱᱡᱤᱳᱴᱮᱱᱥᱤᱱ ᱨᱤᱥᱮᱯᱴᱚᱨ ᱵᱞᱚᱠᱟᱨ ᱥᱟᱞᱟᱜ ᱩᱪᱪᱚ ᱨᱚᱠᱛᱚᱪᱟᱯ ᱡᱟᱸᱜᱮᱫᱟᱨᱟᱢᱼᱟᱜ ᱨᱟᱱ ᱠᱚ ᱨᱮᱱᱟᱜ ᱮᱴᱟᱜ ᱮᱴᱟᱜ ᱛᱷᱟᱨᱠᱚ ᱯᱟᱥᱱᱟᱜᱼᱟ ᱟᱨ ᱢᱤᱞᱟᱹᱣ ᱠᱟᱛᱮ ᱛᱤᱠᱤᱪᱷᱟ ᱨᱮ ᱟᱹᱰᱤ ᱜᱮ ᱥᱟᱹᱠᱭᱟᱹᱛ ᱮ ᱧᱟᱢᱼᱟ ᱾
अलेक्सांद्रा क्रुनिच एक सर्बियाई टेनिस खिलाड़ी हैं।	ᱟᱞᱮᱠᱡᱟᱱᱰᱟᱨ ᱫᱚ ᱡᱚᱛᱚ ᱠᱷᱚᱱ ᱠᱚ ᱩᱭᱦᱟᱹᱨᱮᱭᱟ ᱨᱟᱹᱥᱤᱭᱟ ᱨᱮᱱ ᱢᱩᱪᱟᱹᱫ ᱡᱟᱨᱤᱱᱟ ᱞᱮᱠᱟᱛᱮ ᱾
अलास्का ने ऐथॆन्स, फेफ़्स और हान में विरोधों को देखा ।	ᱟᱞᱟᱥᱠᱟ ᱫᱚ ᱮᱝᱠᱚᱨᱮᱡᱽ, ᱯᱷᱮᱭᱟᱨᱵᱮᱝᱠᱥ ᱟᱨ ᱦᱮᱤᱱᱥᱨᱮ ᱵᱤᱠᱠᱷᱚᱵᱮ ᱥᱟᱦᱟᱣᱟᱠᱟᱫᱟ ᱾
वे दो छोटे लड़के उस बुजुर्ग महिला का बैंक पासवर्ड जानने के लिए उसके लैपटॉप में झांकने की कोशिश कर रहे हैं।	ᱩᱝᱠᱤᱱ ᱵᱟᱨᱮᱭᱟ ᱡᱩᱣᱟᱹᱱ ᱠᱚᱲᱟ ᱩᱱᱤ ᱵᱩᱰᱤᱜᱚᱣᱟᱜ ᱞᱮᱯᱴᱚᱯ ᱨᱮ ᱩᱱᱤᱭᱟᱜ ᱵᱮᱝᱠ ᱨᱮᱭᱟᱜ ᱯᱟᱥᱳᱣᱟᱨᱰ ᱚᱰᱚᱠ ᱨᱮᱭᱟᱜ ᱠᱤᱱ ᱠᱩᱨᱩᱢᱩᱴᱩᱭᱮᱫᱟ ᱾
उन्हें 2016 में नेशनल काउंसिल फॉर द सोशल स्टडीज के बोर्ड में नियुक्त किया गया था।	ᱟᱞᱮᱠᱡᱟᱱᱰᱟᱨ ᱫᱚ ᱓᱒᱓ ᱠᱷᱨᱤᱥᱴᱚᱯᱩᱨᱵᱟᱵᱫᱚ ᱨᱮ ᱵᱮᱹᱵᱤᱞᱚᱱ ᱨᱮ ᱵᱤᱱ ᱵᱟᱰᱟᱭ ᱚᱡᱮ ᱛᱮᱭ ᱜᱚᱡ ᱞᱮᱱᱟ ᱾
यह दिखाया गया है कि शुरू में टाइटेसिस ध्वनि कर्ता, पूर्वी टेक्सास के स्थानीय.	ᱥᱳ ᱨᱮ ᱢᱩᱞ ᱨᱩᱯ ᱛᱮ ᱥᱮᱭᱠᱤᱭᱟ ᱟᱲᱟᱝ ᱯᱟᱯᱟᱴᱤᱭᱟᱹ ᱠᱚ ᱩᱫᱩᱜ ᱮᱫ ᱛᱟᱦᱮᱱᱟ, ᱡᱟᱦᱟᱸ ᱫᱚ ᱥᱟᱢᱟᱝ ᱴᱮᱠᱥᱟᱥ ᱨᱤᱱ ᱛᱟᱦᱮᱱᱟᱱ ᱠᱚ ᱛᱟᱦᱮᱸ ᱠᱟᱱᱟ᱾
क्या तुम्हारे पास कोई और चारा है?	ᱟᱢᱟᱜ ᱪᱮᱫ ᱟᱨ ᱡᱟᱦᱟᱱ ᱠᱩᱠᱞᱤ ᱢᱮᱱᱟᱜᱼᱟ ?
यहाँ तक कि वह यह भी कहता है कि मानवी व्यवहार को समझाने की ऐसी क्षमताओं को घरेलू कुत्तों जैसे जानवरों में बाँटा जा सकता है ।	ᱩᱱᱠᱩ ᱱᱚᱶᱟ ᱦᱚᱸ ᱥᱩᱡᱷᱟᱹᱣ ᱠᱚ ᱮᱢ ᱠᱮᱜ-ᱟ ᱡᱮ ᱢᱟᱹᱱᱢᱤ ᱨᱮᱭᱟᱜ ᱵᱮᱵᱷᱟᱨ ᱠᱚᱨᱟᱣ ᱨᱮ ᱱᱚᱠᱟ ᱠᱷᱭᱚᱢᱛᱟ ᱜᱷᱟᱨᱚᱧᱡᱽ ᱥᱮᱛᱟ ᱡᱮᱞᱠᱟ ᱡᱤᱣ ᱛᱮ ᱥᱟᱡᱷᱟ ᱜᱟᱱᱚᱜ ᱜᱮᱭᱟ᱾
उस समय से १९४५ की रिपोर्ट में कहा गया था, "उस समय से साधारण व्यापार मशीनों पर भरोसा नहीं किया जा सकता था . "	ᱚᱱᱟ ᱚᱠᱛᱮ ᱠᱷᱚᱱ, ᱑᱙᱔᱕ ᱨᱮᱭᱟᱜ ᱨᱮᱛᱮᱫ ᱨᱮ ᱞᱟᱹᱭ ᱟᱠᱟᱱᱟ, "ᱠᱳᱞᱠᱟᱛᱟ ᱨᱮᱱ ᱜᱤᱨᱟᱹᱵᱟᱹᱥᱤ ᱫᱚ ᱡᱚᱢᱧᱩ ᱠᱷᱮᱛᱨᱚ ᱨᱮ ᱱᱚᱣᱟ ᱥᱟᱫᱷᱟᱨᱚᱱ ᱵᱟᱹᱱᱤᱡᱽ ᱵᱚᱱᱫᱮᱡ ᱪᱮᱛᱟᱱ ᱵᱷᱚᱨᱥᱟ ᱫᱚᱦᱚ ᱵᱟᱝ ᱪᱟᱞᱟᱜᱼᱟ ᱾"
एशिया कला के लिए समर्पित मुख्य दीर्घा है दीर्घा ३३, चीनी, भारतीय उप - क्षेत्र, और दक्षिण एशियाई वस्तुओं के व्यापक प्रदर्शन के साथ ।	ᱪᱤᱱ, ᱵᱷᱟᱨᱛᱤᱭ ᱩᱯᱢᱟᱦᱟᱫᱤᱥᱚᱢ ᱨᱮ ᱟᱨ ᱫᱚᱠᱠᱷᱤᱱ ᱼ ᱯᱩᱨᱩᱵ ᱮᱥᱤᱭᱟ ᱡᱤᱱᱤᱥ ᱠᱚ ᱟᱹᱰᱤ ᱟᱭᱢᱟ ᱯᱮᱨᱮᱡ ᱯᱩᱨᱟᱱ ᱥᱚᱦᱚ ᱡᱟᱫᱩᱚᱲᱟᱜᱨᱮ ᱢᱩᱬᱩᱛ ᱧᱮᱞ ᱥᱚᱫᱚᱨ ᱚᱲᱟᱜ ᱫᱚ, ᱡᱟᱦᱟ ᱮᱥᱤᱭᱟ ᱠᱟᱹᱨᱤᱨᱮ ᱢᱤᱢᱤᱫ ᱮᱢ ᱟᱠᱟᱱᱟ, ᱡᱟᱦᱟ ᱦᱩᱭᱩᱜ ᱠᱟᱱᱟ ᱓᱓ ᱱᱚᱢᱵᱚᱨ ᱜᱮᱞᱟᱨᱤ
लेकिन "सबसे लंबी दूरी" में डाल दिया जा रहा है... ... भूमध्य रेखा के कुछ डिग्री उत्तर... ... आप दोनों गर्मी से निपटने की आवश्यकता होगी... ... और मजबूत सूरज (जब आकाश स्पष्ट है).	ᱤᱠᱷᱟᱹᱱ ᱤᱠᱩᱣᱮᱴᱚᱨ ᱨᱮᱭᱟᱜ ᱮᱛᱚᱢ ᱨᱮ ᱢᱟᱛᱨᱚ "ᱰᱤᱜᱽᱨᱤ ᱮᱛᱚᱢ ᱨᱮ ᱢᱮᱱᱟᱜ" ᱩᱥᱩᱞ ᱴᱨᱳᱯᱷᱤᱠᱥ ᱨᱮ ᱫᱚᱦᱚ ᱞᱮᱠᱷᱟᱱ ᱟᱢ ᱞᱟᱹᱜᱤᱱ ᱞᱚᱞᱚ (ᱞᱮᱛᱟᱲ) ᱟᱨ ᱫᱟᱲᱮᱭᱟᱱ ᱥᱤᱧ ᱪᱟᱸᱫᱚ (ᱡᱚᱠᱷᱚᱱ ᱥᱮᱨᱢᱟ ᱥᱟᱯᱷᱟ,ᱯᱷᱩᱨᱪᱟᱹ) ᱥᱟᱶ ᱢᱩᱠᱟᱵᱤᱞᱟ ᱦᱩᱭᱩᱜᱼᱟ᱾
2011 में इसे ओरिमैटिला शहर में मिला दिया गया था।	ᱱᱚᱣᱟ ᱫᱚ ᱒᱐᱑᱑ ᱥᱟᱞ ᱨᱮ ᱳᱨᱤᱢᱟᱴᱤᱞᱟ ᱥᱟᱦᱟᱨ ᱥᱟᱶ ᱢᱤᱫ ᱞᱮᱱᱟ ᱾
मुझे यह फिल्म देखने में बहुत डर लग रहा है। इसमें बहुत सारी चुड़ैलें, भूत और डरावने जानवर हैं।	ᱱᱚᱶᱟ ᱪᱚᱞᱚᱛ ᱪᱤᱛᱟᱹᱨ ᱧᱮᱞᱛᱮ ᱟᱹᱰᱤᱧ ᱵᱚᱛᱚᱨᱜ ᱠᱟᱱᱟ ᱾ ᱱᱚᱶᱟ ᱨᱮ ᱟᱭᱢᱟ ᱰᱟᱹᱱ, ᱵᱷᱩᱛ, ᱵᱚᱛᱚᱨᱟᱱ ᱡᱟᱱᱣᱟᱨ ᱠᱚ ᱢᱮᱱᱟᱜ ᱠᱚᱣᱟ ᱾
उस वर्ष से 1914 तक, उन्होंने स्कूलों के लिए एस्पेरांतो के बारे में कक्षाएं आयोजित कीं।	ᱚᱱᱟ ᱥᱮᱨᱢᱟ ᱠᱷᱚᱱ ᱑᱙᱑᱔ ᱥᱟᱞ ᱦᱟᱹᱵᱤᱡ, ᱩᱱᱤ ᱫᱚ ᱮᱥᱯᱮᱨᱟᱱᱛᱳ ᱤᱫᱤ ᱠᱟᱛᱮ ᱤᱛᱩᱱ ᱟᱥᱲᱟ ᱠᱚ ᱞᱟᱹᱜᱤᱫ ᱮ ᱠᱞᱟᱥ ᱞᱮᱫᱟ ᱾
ठीक है, एक - स्क्रैप के बारे में क्या?	ᱴᱷᱤᱠᱜᱮᱭᱟ ᱾ ᱫᱚᱥᱟᱨᱟᱜ ᱼ ᱠᱷᱩᱫᱟᱹᱭᱠᱟᱹᱨᱤᱼᱟᱜ ᱫᱚ ᱪᱮᱫ ᱠᱷᱚᱵᱚᱨ ?
गिनती: सोलह।	ᱞᱮᱠᱷᱟ: ᱜᱮᱞ ᱛᱩᱨᱩᱭ।
मुझे अपने बारे में लोगों द्वारा कही जाने वाली सभी अच्छी बातें सुनना पसंद है।	ᱦᱚᱲ ᱠᱚ ᱤᱧ ᱤᱫᱤ ᱠᱟᱛᱮ ᱡᱟᱦᱟᱸ ᱪᱮᱫ ᱱᱟᱯᱟᱭ ᱠᱟᱛᱷᱟ ᱠᱚ ᱞᱟᱹᱭᱼᱟ, ᱚᱱᱟ ᱥᱟᱱᱟᱢᱟᱜ ᱱᱟᱯᱟᱭ ᱡᱤᱱᱤᱥ ᱟᱸᱡᱚᱢᱤᱧ  ᱠᱩᱥᱤᱭᱟᱜᱼᱟ ᱾
आप किसी भी अन्य झोपड़ियों में एक योग्य वोटर नहीं होगा.	ᱟᱢ ᱫᱚ ᱮᱴᱟᱜ ᱡᱟᱦᱟᱱ ᱵᱩᱛᱷ ᱨᱮᱱ ᱡᱳᱜᱽᱜᱚ ᱵᱷᱳᱴᱟᱨ ᱫᱚ ᱵᱟᱢ ᱦᱩᱭᱩᱜᱼᱟ ᱾᱾
तुम वहाँ हो!	ᱥᱟᱶᱛᱮ ᱩᱰᱟᱹᱱᱜᱟᱹᱰᱤᱹᱹᱹᱹᱹᱵᱩᱢᱹᱹᱹᱹᱹᱹᱟᱢ ᱚᱱᱰᱮ !
मेरे पास पंद्रह चावल हैं।	ᱤᱧ ᱴᱷᱮᱱ ᱜᱮᱞ ᱢᱚᱬᱮ ᱜᱚᱴᱟᱝ ᱪᱟᱣᱞ ᱢᱮᱱᱟᱜᱼᱟ ᱠᱚᱣᱟ।
एमिलिया च्यूट (30 नवंबर 1912-6 मार्च, 1957) एक भारतीय फ़िल्म निर्देशक, स्क्रीन बर्नर, और निर्माता, और 1940 और 1950 के हिन्दी स्कूल के प्रमुख फिल्म निर्देशक थे ।	ᱚᱢᱤᱭᱚ ᱪᱚᱠᱨᱚᱵᱚᱨᱨᱛᱤ (᱓᱐ ᱱᱚᱵᱷᱮᱢᱵᱚᱨ ᱑᱙᱑᱒ ᱼ ᱖ ᱢᱟᱨᱪ ᱑᱙᱕᱗) ᱑᱙᱔᱐ ᱟᱨ ᱑᱙᱕᱐ᱼᱫᱚᱥᱚᱠᱨᱮᱱ ᱢᱤᱫᱦᱚᱲ ᱵᱷᱟᱨᱚᱛᱤᱭᱟᱹ ᱪᱚᱞᱚᱛᱪᱤᱛᱟᱹᱨ ᱧᱮᱞᱡᱚᱛᱱᱟᱣᱤᱡᱽ, ᱪᱤᱛᱟᱹᱨᱜᱟᱭᱟᱱᱤᱭᱟᱹ ᱟᱨ ᱥᱟᱯᱲᱟᱣᱤᱡ, ᱟᱨ ᱦᱤᱱᱫᱤ ᱥᱤᱱᱮᱢᱟᱨᱮᱱ ᱢᱩᱠᱷᱭᱟᱹ ᱪᱚᱞᱚᱛᱪᱤᱛᱟᱹᱨ ᱧᱮᱞᱡᱚᱛᱚᱱᱤᱡᱼᱮ ᱛᱟᱦᱮᱸᱠᱟᱱᱟ ᱾
अगले सप्ताह	ᱫᱚᱥᱟᱨ ᱦᱟᱯᱛᱟ
ᱱᱚᱣᱟ ᱨᱮᱭᱟᱜ ᱢᱮᱱᱮᱛ ᱪᱮᱫ ᱠᱟᱱᱟ?	इसका क्या मतलब है?
यह देखना अच्छा है कि ए.आई. अब बोर्ड खेलों में इंसानों को हरा सकता है।	ᱱᱚᱣᱟ ᱧᱮᱞ ᱠᱟᱛᱮᱫ ᱵᱷᱟᱜᱮ ᱵᱩᱡᱚᱜ ᱠᱟᱱᱟ ᱡᱮ ᱮᱹ ᱟᱭ ᱫᱚ ᱱᱤᱛᱚᱜ ᱵᱳᱨᱰ ᱜᱮᱢ ᱨᱮ ᱢᱟᱹᱱᱢᱤᱭ ᱦᱤᱨᱟᱹᱣ ᱫᱟᱲᱮᱭᱟᱠᱚᱼᱟ ᱾
जनवरी 2012 में व्हाइट हाउस में ओबामा ने ‘ अमरीकी कार्य ’ यानी व्हाइट हाउस में काम करने के लिए एक पुकार जारी की ।	᱒᱐᱑᱒ ᱥᱟᱞᱨᱮ ᱡᱟᱱᱩᱭᱟᱨᱤᱨᱮ ᱳᱵᱟᱢᱟ ᱟᱢᱮᱨᱤᱠᱟ ᱦᱳᱭᱟᱭᱴ ᱦᱟᱭᱡ "ᱢᱟᱨᱠᱤᱱ ᱪᱟᱠᱨᱤ ᱤᱱᱥᱳᱨᱥᱤᱝ" ᱟᱜ ᱯᱷᱳᱨᱟᱢ ᱠᱷᱟᱴᱟᱣ ᱞᱟᱹᱜᱤᱫ ᱠᱟᱹᱢᱤᱭᱟᱹ ᱦᱚᱦᱚ ᱡᱟᱨᱤ ᱞᱮᱫᱟ᱾
यह पढ़ने के बाद मैंने सोचा कि मैं फिल्म देखेंगे.	ᱯᱟᱲᱦᱟᱣ ᱛᱟᱭᱚᱢ ᱩᱭᱦᱟᱹᱨ ᱠᱤᱫᱟᱹᱧ ᱚᱱᱟ ᱥᱤᱱᱟᱹᱢᱟᱧ ᱧᱮᱞᱟ ᱾
फ्लोरेंस शहर में कई लोग अलग-अलग नौकरियों में काम करते थे।	ᱟᱭᱢᱟ ᱦᱚᱲ ᱜᱮ ᱯᱷᱞᱳᱨᱮᱱᱥ ᱥᱟᱦᱟᱨ ᱨᱮ ᱟᱭᱢᱟ ᱪᱟᱠᱨᱤ ᱨᱮᱠᱚ ᱠᱟᱹᱢᱤ ᱞᱮᱫᱟ ᱾
ड्राइवर इंजन चालू रखकर ही अपनी कार में ईंधन भर रहा है। क्या हमें भागना नहीं चाहिए? मुझे लगता है कि कार में विस्फोट हो जाएगा।	ᱤᱱᱡᱤᱱ ᱫᱚ ᱪᱟᱞᱩ ᱫᱚᱦᱚ ᱠᱟᱛᱮ ᱰᱨᱟᱭᱵᱷᱟᱨ ᱫᱚ ᱟᱡᱟᱜ ᱜᱟᱹᱰᱤ ᱨᱮ ᱥᱩᱱᱩᱢ ᱮ ᱯᱮᱨᱮᱡᱼᱮᱫ ᱠᱟᱱᱟ ᱾ ᱵᱟᱵᱚᱱ ᱫᱟᱲᱼᱟ ? ᱤᱧᱟᱹᱜ ᱢᱚᱱᱮ ᱦᱩᱭᱩᱜ ᱠᱟᱱᱟ ᱜᱟᱹᱰᱤ ᱫᱚ ᱚᱴᱮᱡᱚᱜᱼᱟ ᱾
आपका स्वागत है.	ᱟᱢᱟᱜᱽ ᱥᱟᱹᱜᱩᱱ ᱫᱟᱨᱟᱢ ᱾
कुछ फिर से आबंटित संदेश स्पैम डाक में ईमेल संलग्नक के रूप में भेजा गया है.	ᱠᱤᱪᱷᱤ ᱨᱮᱱᱥᱚᱢᱳᱭᱮᱨ ᱥᱯᱮᱢ ᱢᱮᱞ ᱫᱚ ᱤᱢᱮᱞ ᱢᱮᱥᱟ ᱠᱟᱛᱮᱜ ᱠᱳᱞ ᱦᱩᱭᱩᱜᱼᱟ ᱾
विक्रम! आज तुम मंच पर बहुत आत्मविश्वास से बोले!	ᱵᱤᱠᱨᱚᱢ ! ᱛᱮᱦᱮᱧ ᱟᱢ ᱫᱚ ᱩᱥᱩᱞ ᱯᱤᱸᱰᱟᱹ ᱨᱮ ᱟᱹᱰᱤ ᱯᱟᱹᱛᱭᱟᱹᱣ ᱥᱟᱞᱟᱜ ᱠᱟᱛᱷᱟᱢ ᱨᱚᱲ ᱠᱮᱫᱟ !
यह निराशाजनक है कि कुछ राजनीतिक हित गरीब किसानों को सीधे पैसे मिलने से रोक रहे हैं।	ᱱᱚᱣᱟ ᱫᱚ ᱵᱚᱛᱚᱨᱟᱱᱟᱜ ᱡᱮ ᱠᱤᱪᱷᱩᱠ ᱨᱟᱡᱽᱼᱟᱹᱨᱤ ᱥᱟᱨᱛᱷᱚ ᱟᱱ ᱦᱚᱲ ᱱᱟᱪᱟᱨ ᱪᱟᱥᱤ ᱠᱚ ᱥᱚᱨᱟᱥᱚᱨᱤ  ᱠᱟᱹᱣᱰᱤ ᱧᱟᱢ ᱨᱮᱠᱚ ᱡᱟᱸᱜᱮᱭᱮᱫ ᱠᱚᱣᱟ ᱾
अपने पिता के निधन की खबर सुनकर मुझे ऐसा लगा जैसे किसी ने मेरी छाती पर भारी वजन रख दिया हो और मैं सांस नहीं ले पा रहा था।	ᱤᱧᱟᱹᱜ ᱮᱢᱚᱱ ᱢᱚᱱᱮ ᱦᱩᱭᱩᱜ ᱠᱟᱱᱟ ᱡᱮ ᱚᱠᱚᱭ ᱪᱚ ᱤᱧᱟᱹᱜ ᱠᱚᱲᱟᱢ ᱨᱮ ᱦᱟᱢᱟᱞ ᱠᱚ ᱞᱟᱫᱮ  ᱟᱠᱟᱫᱟ ᱟᱨ ᱤᱧ ᱵᱟᱵᱟᱣᱟᱜ ᱜᱚᱡ ᱨᱮᱭᱟᱜ ᱰᱚᱜᱚᱨ ᱧᱟᱢ ᱠᱟᱛᱮ ᱤᱧᱟᱹᱜ ᱥᱟᱸᱦᱮᱫ ᱦᱚᱸ ᱵᱟᱹᱧ ᱦᱟᱛᱟᱣ ᱫᱟᱲᱮᱭᱟᱜ ᱠᱟᱱ ᱛᱟᱦᱮᱸ ᱾
जब एक बार कहा गया, कि मैं करूँगा, आपके पास ऐसा करने के अलावा कोई विकल्प नहीं है.	ᱢᱤᱫᱫᱷᱟᱣᱮ ᱞᱟᱹᱭᱞᱮᱫᱟ, 'ᱤᱧ ᱫᱚᱧ ᱠᱚᱨᱟᱣᱟ', ᱱᱤᱭᱟᱹ ᱠᱚᱨᱟᱣ ᱵᱮᱜᱚᱨ ᱟᱢᱟᱜᱽ ᱟᱨ ᱮᱴᱟᱜ ᱩᱯᱟᱹᱭ ᱵᱟᱹᱱᱩᱜᱼᱟ ᱾
Pav Bazaz: यह माहाघू से एक तेजी से भोजन का भोजन भोजन है, जिसमें एक मोटी वनस्पति (बीजी) होता है और आम तौर पर मक्खन में तैयार किया जाता है और एक नरम रोटी रोल (pz) के साथ सेवा की.	ᱯᱟᱣ ᱵᱷᱟᱹᱡᱤᱺ ᱱᱚᱣᱟ ᱫᱚ ᱢᱚᱦᱟᱨᱟᱥᱴᱨᱚ ᱨᱮᱭᱟᱜ ᱯᱷᱥᱴ ᱯᱷᱩᱰ ᱰᱤᱥ ᱠᱟᱱᱟ, ᱱᱚᱣᱟ ᱨᱮ ᱢᱤᱛ ᱫᱟᱹᱨᱭᱟᱹ ᱟᱲᱟᱜ ᱥᱟᱠᱟᱢ ᱩᱛᱩ (ᱵᱷᱟᱹᱡᱤ) ᱛᱟᱸᱦᱮᱱᱟ ᱡᱟᱸᱦᱟ ᱫᱚ ᱢᱟᱠᱷᱚᱱ ᱛᱮ ᱵᱮᱱᱟᱜᱼᱟ ᱟᱨ ᱢᱤᱫᱴᱟᱝ ᱞᱟᱹᱵᱤᱫ ᱯᱤᱴᱷᱟᱹ (ᱯᱟᱣ) ᱛᱮ ᱟᱹᱲᱛᱤᱜᱼᱟ ᱾
आप मुझे मेरी उम्र की याद क्यों दिलाते रहते हैं?	ᱟᱢ ᱪᱮᱫ ᱞᱟᱹᱜᱤᱫ ᱤᱧᱟᱹᱜ ᱩᱢᱮᱨ ᱨᱮᱱᱟᱜ ᱠᱟᱛᱷᱟᱢ ᱫᱤᱥᱟᱹᱣᱟᱹᱧ ᱠᱟᱱᱟ ?
लेकिन, अगर हम केवल एक अस्थायी समाधान नहीं चाहते, तो हमें समस्याओं की जड़ मिलनी चाहिए, और हमें उन्हें निष्क्रिय करना चाहिए ।	ᱦᱚᱭ ᱛᱚ, ᱡᱩᱫᱤ ᱟᱵᱚ ᱥᱩᱢᱩᱝ ᱢᱤᱫ ᱟᱼᱟᱥᱛᱷᱭᱤ ᱥᱚᱞᱦᱮ ᱵᱟᱝ ᱢᱚᱱᱮᱭᱟᱜ ᱠᱟᱱᱟ, ᱛᱚᱵᱮ ᱟᱵᱚ ᱮᱴᱠᱮᱴᱚᱬᱮ ᱨᱮᱱᱟᱜ ᱨᱮᱦᱮᱫ ᱯᱟᱸᱡᱟ ᱦᱩᱭᱩᱜ ᱢᱟ, ᱟᱨ ᱟᱵᱚ ᱚᱱᱟ ᱱᱤᱥᱠᱨᱤᱭᱚ ᱦᱩᱭᱩᱜ ᱢᱟ᱾
खुद को संभालो, पापा। आपको ऐसी बातें नहीं कहनी चाहिए। क्या आपका दिमाग खराब हो गया है? (बेटा)।	ᱱᱚᱶᱟ ᱫᱚ ᱢᱤᱫ ᱥᱟᱶᱛᱮ ᱚᱨ ᱢᱮ, ᱵᱟᱵᱟ ᱾ ᱟᱢᱟᱜ ᱱᱚᱝᱠᱟᱱ   ᱠᱟᱛᱷᱟ ᱞᱟᱹᱭ ᱩᱪᱤᱛ ᱵᱟᱝ ᱠᱟᱱᱟ ᱾ ᱟᱢ ᱪᱮᱫ ᱟᱢᱟᱜ ᱢᱚᱱᱮ ᱠᱷᱚᱱᱮᱢ ᱥᱟᱦᱟ ᱟᱠᱟᱱᱟ? (ᱠᱚᱲᱟ ᱜᱤᱫᱽᱨᱟᱹ)
ᱱᱚᱣᱟ ᱫᱚ ᱥᱤᱵᱤᱞ ᱜᱮᱭᱟ	यह स्वादिष्ट है
सन्‌ 15वीं सदी में यूरोप से लेकर भारत तक यूरोप तक, पुर्तगाली खोजकर्ता, वामा डा गामा नाम के एक खोजकर्ता नेप काप पाया ।	ᱭᱩᱨᱩᱯ ᱠᱚᱣᱟᱜ ᱯᱨᱚᱵᱷᱟᱵᱽ ᱟᱨ ᱠᱳᱞᱳᱱᱤᱭᱟᱞᱤᱡᱤᱢ ᱫᱚ ᱑᱕ ᱟᱱᱟᱜ ᱥᱮᱧᱪᱩᱨᱤ ᱨᱮ ᱮᱛᱚᱦᱚᱵ ᱞᱮᱱᱟ, ᱡᱚᱠᱷᱚᱱ ᱯᱚᱨᱛᱩᱜᱤᱡᱽ ᱮᱠᱥᱯᱞᱳᱨᱚᱨ ᱵᱷᱟᱥᱠᱩᱰᱟᱜᱟᱢᱟ ᱭᱩᱨᱩᱯ ᱠᱷᱚᱱ ᱵᱷᱟᱨᱚᱛ ᱠᱮᱯ ᱦᱚᱨ-ᱮ ᱧᱟᱢ ᱞᱮᱜᱼᱟ᱾
मेरे पास छियासी बच्चा हैं।	ᱤᱧ ᱴᱷᱮᱱ ᱟᱨ ᱜᱮᱞ ᱛᱩᱨᱩᱭ ᱜᱚᱴᱟᱝ ᱜᱤᱫᱽᱨᱟᱹ ᱢᱮᱱᱟᱜᱼᱟ ᱠᱚᱣᱟ।
पिछले 3 महीनों से कोई बारिश नहीं हुई है। हम इस महीने पैसे नहीं कमा पाएंगे।	ᱪᱟᱞᱟᱣᱮᱱ ᱓ ᱪᱟᱸᱫᱳ ᱠᱷᱚᱱ ᱵᱟᱭ ᱫᱟᱜ ᱮᱫᱟ ᱾ ᱟᱞᱮ ᱫᱚ ᱱᱚᱣᱟ ᱪᱟᱸᱫᱚ ᱨᱮ ᱠᱟᱹᱣᱰᱤ ᱨᱳᱡᱜᱟᱨ ᱵᱟᱝ ᱞᱮ ᱫᱟᱲᱮᱭᱟᱜᱼᱟ ᱾
पुरुषों और महिलाओं के लिए अलग वज़न है: पुरुषों का भाला है 800 पाउंड महिलाओं के 600 की तुलना में , पुरुषों का भार महिलाओं के 20 पाउंड की तुलना में 35 पाउंड है पुरुषों की बीस पाउंड की तुलना में पुरुषों की तुलना में 1 पाउंड की तुलना में 16 पाउंड, और पुरुषों के 8 पाउंड फेंक दिया है।	ᱠᱚᱲᱟ ᱦᱚᱯᱚᱱ ᱟᱨ ᱛᱤᱨᱞᱟᱹᱠᱩᱣᱟᱜ ᱪᱟᱯᱟᱫ ᱥᱟᱯᱷᱟᱵ ᱠᱩᱨᱮᱱᱟᱜ ᱳᱡᱚᱱ ᱫᱚ ᱡᱩᱫᱟᱹ ᱦᱩᱭᱩᱜᱼᱟᱺ ᱛᱤᱨᱞᱟᱹᱠᱩᱣᱟᱜ ᱖᱐᱐ ᱠᱷᱚᱡᱽ ᱠᱚᱲᱟᱼᱦᱚᱲ ᱠᱩᱣᱟᱜ ᱡᱟᱵᱷᱞᱤᱱ ᱦᱩᱭᱩᱜᱼᱟ ᱘᱐᱐ ᱜᱨᱟᱢ ᱨᱮᱭᱟᱜ, ᱛᱤᱨᱞᱟᱹᱠᱩᱣᱟᱜ ᱒᱐ ᱠᱷᱚᱱ ᱠᱚᱲᱟᱼᱦᱚᱲ ᱠᱩᱣᱟᱜ ᱳᱡᱚᱱ ᱜᱤᱰᱤ ᱓᱕ ᱯᱟᱣᱩᱱᱰ ᱨᱮᱭᱟᱜ ᱦᱩᱭᱩᱜᱼᱟ, ᱛᱤᱨᱞᱟᱹ ᱠᱩᱣᱟᱜ ᱑ ᱠᱷᱚᱱ ᱠᱚᱲᱟᱼᱦᱚᱯᱚᱱ ᱠᱩᱣᱟᱜ ᱰᱤᱥᱠᱟᱥ ᱦᱩᱭᱩᱜᱼᱟ ᱒ ᱠᱤᱞᱳᱜᱨᱟᱢ ᱨᱮᱭᱟᱜ, ᱛᱤᱨᱞᱟᱹᱠᱩᱣᱟᱜ ᱘ ᱯᱟᱣᱩᱱᱰ ᱠᱷᱚᱱ ᱠᱚᱲᱟᱼᱦᱚᱲ ᱠᱩᱣᱟᱜ ᱥᱚᱴᱯᱩᱴ ᱦᱩᱭᱩᱜᱼᱟ ᱑᱖ ᱯᱟᱣᱩᱱᱰ ᱨᱮᱭᱟᱜ, ᱟᱨ ᱛᱤᱨᱞᱟᱹ ᱠᱩᱣᱟᱜ ᱘ ᱠᱷᱚᱱ ᱠᱚᱲᱟ ᱠᱩᱣᱟᱜ ᱦᱟᱹᱛᱩᱲᱤ ᱜᱤᱰᱤ ᱑᱖ ᱯᱟᱣᱩᱱᱰ ᱨᱮᱭᱟᱜ ᱦᱩᱭᱩᱜᱼᱟ ᱾
एक वक्‍त ऐसा आया जब भीड़ के एक सदस्य ने डरी रानी के सामने राजकीय पहरेदार का सिर हिला दिया ।	ᱢᱤᱫ ᱚᱠᱛᱚᱨᱮ ᱢᱟᱣᱵᱟᱫᱤ ᱫᱚᱞ ᱛᱟᱞᱟ ᱠᱷᱚᱱ ᱢᱤᱫ ᱦᱚᱲ ᱵᱷᱚᱨᱥᱟᱭᱤᱞᱮᱥ ᱨᱮ ᱜᱚᱡ ᱞᱮᱱ ᱨᱳᱭᱟᱞ ᱜᱟᱨᱰ-ᱟᱜ ᱵᱚᱦᱚᱜ  ᱵᱚᱛᱚᱨ ᱟᱠᱟᱱ ᱨᱟᱹᱱᱤ ᱥᱟᱢᱟᱝ ᱨᱮ ᱦᱤᱞᱟᱹᱣ ᱞᱮᱜ-ᱟᱭI
1 जनवरी 2010 की तरह, पुरुषों को सिर्फ कमर से घुटनों तक सूट पहनने की इजाज़त है ।	᱒᱐᱑᱐ ᱥᱟᱞ ᱨᱮᱭᱟᱜ ᱑ ᱞᱟ ᱡᱟᱱᱩᱣᱟᱨᱤ ᱞᱮᱠᱟᱛᱮ, ᱠᱚᱲᱟ ᱠᱚᱣᱟᱜ ᱰᱟᱸᱰᱟ ᱠᱷᱚᱱ ᱜᱳᱱᱴᱷᱮ ᱦᱟᱹᱵᱤᱡ ᱞᱩᱜᱽᱲᱤ ᱦᱚᱨᱚᱜ ᱨᱮᱭᱟᱜ ᱪᱷᱟᱹᱲ ᱢᱮᱱᱟᱜᱼᱟ ᱾
मैं हम अंत में जा रहे हैं विश्वास नहीं कर सकते.	ᱤᱧ ᱵᱟᱹᱧ ᱯᱟᱹᱛᱭᱟᱹᱣ ᱫᱟᱲᱮᱭᱟᱜ ᱠᱟᱱᱟ ᱢᱩᱪᱟᱹᱫ ᱦᱟᱹᱵᱤᱡ ᱛᱮᱞᱟᱝ ᱥᱮᱱᱚᱜ ᱠᱟᱱᱟ ᱾
मैं ड्राइव कर सकते हैं, कृपया?	ᱫᱟᱭᱟ ᱠᱟᱛᱮ , ᱤᱧ ᱪᱮᱫ ᱤᱧ ᱰᱨᱟᱭᱤᱵᱷ ᱫᱟᱲᱮᱭᱟᱜᱼᱟ ?
इन शैक्षिक कार्यक्रमों में हिस्सा लेने के लिए विशेष रूप से एक टी.	ᱡᱟᱣ ᱜᱮ ᱱᱚᱣᱟ ᱥᱮᱪᱮᱫ ᱠᱟᱹᱢᱤᱦᱚᱨᱟ ᱨᱮᱭᱟᱜ ᱵᱷᱩᱛᱤ ᱞᱟᱹᱜᱤᱫ ᱢᱤᱫ ᱥᱮᱪᱮᱫᱟᱱ ᱜᱚᱱᱚᱝ ᱦᱩᱭᱩᱜᱼᱟ᱾
इन्फ्रारेड छवियों से पता चलता है कि रात - दिन तापमान अलग - अलग होता है ।	ᱤᱱᱯᱷᱨᱟᱨᱮᱰ ᱪᱤᱛᱟᱹᱨ ᱛᱮ ᱴᱷᱤᱠᱟᱹᱜ ᱠᱟᱱᱟ ᱡᱮ ᱥᱤᱧ ᱟᱨ ᱧᱤᱫᱟᱹ ᱨᱮᱭᱟᱜ ᱛᱟᱯᱢᱟᱱ ᱚᱫᱚᱞᱵᱚᱫᱚᱞ ᱛᱮ ᱴᱷᱤᱠᱟᱹᱜ ᱠᱟᱱᱟ ᱡᱮ ᱱᱚᱣᱟ ᱠᱚᱫᱚ ᱜᱷᱚᱝᱜᱚᱨ ᱠᱟᱱᱟ᱾
अभिनेता ने एक प्रशंसक को धक्का दे दिया जब वह तस्वीर लेने की कोशिश कर रहा था और उसका फोन तोड़ दिया।	ᱯᱟᱴᱷᱚᱠᱤᱭᱟᱹ ᱢᱤᱫᱴᱟᱝ ᱪᱤᱛᱟᱹᱨ ᱨᱟᱠᱟᱵ ᱨᱮᱭᱟᱜ ᱨᱤᱠᱟᱹᱭ ᱚᱠᱛᱚ ᱩᱱᱤ ᱴᱷᱮᱱ ᱠᱷᱚᱱ ᱢᱤᱫ ᱦᱚᱲ ᱯᱷᱮᱱ ᱫᱚᱠᱚ ᱞᱟᱜᱟ ᱠᱮᱫᱮᱭᱟ ᱟᱨ ᱟᱡᱟᱜ ᱯᱷᱚᱱ ᱮ ᱨᱟᱹᱯᱩᱫ ᱠᱮᱫᱟ ᱾
मुझे करना है, वहाँ कार्यालय में इतना काम है.	ᱤᱧ ᱦᱚᱸ ᱪᱟᱞᱟᱜ ᱦᱩᱭᱩᱜᱛᱤᱧᱟ, ᱚᱯᱷᱤᱥ ᱨᱮ ᱟᱭᱢᱟ ᱠᱟᱹᱢᱤ ᱢᱮᱱᱟᱜᱛᱤᱧᱟ ᱾
अमरना काल वह समय है जब अमरना राजधानी थी।	ᱟᱢᱨᱱᱟ ᱨᱮᱭᱟᱜ ᱚᱠᱛᱚ ᱥᱤᱢᱟᱹ ᱫᱚ ᱦᱩᱭᱩᱜ ᱠᱟᱱᱟ ᱚᱱᱟ ᱚᱠᱛᱚ ᱡᱚᱠᱷᱚᱱ ᱟᱢᱨᱱᱟ ᱨᱟᱡᱽᱜᱟᱲ ᱛᱟᱦᱮᱸ ᱠᱟᱱᱟ ᱾
दानियुस ने कहा, अभी हम कुछ नहीं कर रहे हैं; मैं ने अपने सबसे निकट सहयोगियों को बुलाकर, बहुत ही दोस्ताना उत्तर दिए हैं।	ᱰᱟᱱᱤᱭᱚᱥ ᱞᱟᱹᱭ ᱠᱮᱫᱟᱭ, "ᱱᱤᱛᱚᱜ ᱫᱚ ᱟᱞᱮ ᱪᱮᱫ ᱦᱚᱸ ᱵᱟᱞᱮ ᱪᱤᱠᱟᱹᱭᱮᱫᱟ᱾ ᱤᱧ ᱟᱡᱤᱡ ᱜᱟᱛᱮ ᱴᱷᱮᱱ ᱯᱷᱚᱱ ᱟᱨ ᱤᱢᱮᱞ ᱞᱮᱫᱟ ᱟᱨ ᱟᱡ ᱠᱷᱟᱱ ᱟᱹᱰᱤ ᱜᱟᱛᱮ ᱞᱮᱠᱟᱱ ᱛᱮᱞᱟᱧ ᱧᱟᱢ ᱨᱩᱣᱟᱹᱲ ᱞᱮᱫᱟ᱾ ᱱᱤᱛ ᱵᱷᱩᱨ, ᱚᱱᱟᱜᱮ ᱡᱟᱹᱥᱛᱤᱭᱟ᱾"
मैंने एक गोली ली लेकिन अब मुझे साफ दिखाई नहीं दे रहा है और मेरे हाथ कांप रहे हैं।	ᱤᱧ ᱫᱚ ᱢᱤᱫᱴᱟᱝ ᱴᱮᱵᱞᱮᱴᱤᱧ ᱦᱟᱛᱟᱣ ᱠᱮᱫᱟ, ᱢᱮᱱᱠᱷᱟᱱ ᱱᱤᱛ ᱫᱚ ᱤᱧ ᱯᱩᱥᱴᱟᱹᱣ ᱵᱟᱹᱧ ᱧᱮᱞᱧᱟᱢ ᱮᱫᱟ ᱟᱨ ᱤᱧᱟᱹᱜ ᱛᱤ ᱫᱚ ᱛᱷᱟᱨᱛᱷᱟᱨᱟᱜ ᱠᱟᱱᱟ ᱾
मैं यह बकवास खेल अब और नहीं खेल सकता। यह बेतुके नियमों से भरा है जिसकी वजह से मैं कभी नहीं जीतता।	ᱤᱧ ᱫᱚ ᱟᱨ ᱱᱤᱭᱟᱹ ᱞᱮᱞᱦᱟ ᱠᱷᱮᱞ ᱫᱚ ᱵᱟᱹᱧ ᱠᱷᱮᱞ ᱫᱟᱲᱮᱭᱟᱜᱼᱟ ᱾ ᱱᱤᱭᱟᱹ ᱫᱚ ᱵᱳᱵᱟ ᱟᱹᱨᱤᱛᱮ ᱯᱮᱨᱮᱡ ᱟᱠᱟᱱᱟ ᱡᱟᱦᱟ ᱠᱷᱟᱹᱛᱤᱨᱛᱮ ᱤᱧ ᱫᱚ ᱛᱤᱥ ᱦᱚᱸ ᱵᱟᱹᱧ ᱡᱤᱛᱠᱟᱹᱨ ᱟᱠᱟᱱᱟ ᱾
इन सभी पैरामीटर्सों के लिए प्रदर्शनों को जोड़ा जाता था, प्रत्येक राज्य में सुविधाओं की गुणवत्ता के लिए एक स्वाभाविक श्रेणी बनाया जाता था ।	ᱱᱤᱭᱟᱹ ᱡᱚᱛᱚ ᱯᱟᱨᱟᱢᱤᱴᱟᱨᱠᱩ ᱞᱟᱹᱜᱤᱫ ᱢᱮᱥᱟ ᱥᱩᱪᱚᱠ, ᱢᱤᱫᱴᱟᱝ ᱜᱩᱱᱟᱱᱟᱜ ᱜᱨᱮᱰ ᱫᱚ ᱢᱤᱢᱤᱫ ᱨᱟᱡ ᱨᱮ ᱥᱩᱵᱤᱫᱷᱟ ᱠᱩ ᱨᱮᱭᱟᱜ ᱢᱟᱹᱱ ᱞᱟᱹᱜᱤᱫ ᱠᱟᱛᱷᱟ ᱮᱢ ᱦᱩᱭᱟᱠᱟᱱᱟ ᱾
माइकल एरॉनो और मेरेन दो जाने - माने शास्त्रीय सलाहकार हैं ।	ᱢᱟᱭᱠᱮᱞᱮᱱᱡᱮᱞᱳ ᱟᱨ ᱢᱟᱭᱨᱳᱱ ᱠᱤᱱ ᱛᱟᱦᱮᱸᱠᱟᱱᱟ ᱵᱟᱨᱦᱚᱲ ᱧᱩᱢᱩᱨᱩᱢ ᱥᱟᱥᱛᱨᱤᱭᱚ ᱠᱷᱩᱰᱟᱹᱭᱠᱟᱹᱨᱤ ᱾
सौ	ᱥᱟᱭ
भारतीय अंकन पश्‍चिमी व्यवस्था के अनुरूप दस में से चौथी शक्‍ति के माध्यम से दस सौ, दस, और दस हजार के बीच है ।	ᱵᱷᱟᱨᱛᱤ ᱮᱞᱠᱷᱟ ᱵᱚᱱᱫᱮᱡ ᱯᱚᱪᱷᱤᱢ ᱫᱤᱥᱚᱢ ᱵᱚᱱᱫᱮᱡ ᱜᱮᱞᱨᱮ ᱯᱩᱱᱟᱜ ᱫᱟᱲᱮ ᱦᱩᱭ ᱞᱮᱱᱟ ᱥᱩᱱ ᱚᱱᱠᱟᱞᱮᱠᱟ ᱺ ᱢᱤᱫ , ᱜᱮᱞ, ᱢᱤᱫᱥᱟᱭ, ᱢᱤᱫ ᱜᱮ ᱥᱟᱭ, ᱟᱨ ᱜᱮᱞ ᱜᱮ ᱥᱟᱭ᱾
साल्वाट की मृत्यु 9 फरवरी 2017 को परपिग्नन में 96 वर्ष की आयु में हुई।	ᱥᱟᱞᱵᱷᱟᱛ ᱫᱚ ᱙ ᱯᱷᱮᱵᱨᱩᱣᱟᱨᱤ ᱒᱐᱑᱗ ᱢᱟᱹᱦᱤᱛ ᱨᱮ ᱙᱖ ᱥᱮᱨᱢᱟ ᱩᱢᱮᱨ ᱨᱮ ᱯᱟᱨᱯᱤᱜᱚᱱᱟᱱ ᱨᱮᱭ ᱜᱚᱪ ᱞᱮᱱᱟ ᱾
छियासठ	ᱛᱩᱨᱩᱭ ᱜᱮᱞ ᱛᱩᱨᱩᱭ
यदि विघटनकारी नवाचार (disruptive innovation) का उपयोग किया जाता है, तो बाजार तीव्र गति से बढ़ेगा।	ᱱᱟᱥᱟᱣ ᱞᱮᱠᱟᱱ ᱩᱭᱦᱟᱹᱨ ᱵᱷᱟᱵᱱᱟ ᱵᱮᱣᱦᱟᱨ ᱦᱩᱭ ᱞᱮᱱ ᱠᱷᱟᱱ, ᱵᱟᱡᱟᱨ ᱫᱚ ᱢᱤᱫᱴᱟᱝ ᱟᱹᱰᱤ ᱩᱥᱟᱹᱨᱟ ᱛᱮ ᱵᱟᱹᱲᱛᱤ ᱪᱟᱞᱟᱜᱼᱟ ᱾
मैं आम तौर पर कुश्ती का एक बहुत नहीं देख रहा था लेकिन मैं इस साल वेलमेन के लिए आगे देख रहा था.	ᱤᱧᱫᱚ ᱥᱟᱫᱷᱟᱨᱚᱱᱚᱛᱚ ᱟᱹᱰᱤ ᱵᱟᱹᱲᱛᱤ ᱨᱮᱥᱞᱤᱝ ᱵᱟᱹᱧ ᱧᱮᱞᱟ ᱢᱮᱱᱠᱷᱟᱱ ᱱᱤᱭᱟᱹ ᱟᱮᱨᱢᱟ ᱨᱮᱥᱚᱞᱢᱮᱱᱤᱭᱟ ᱞᱟᱹᱜᱤᱫ ᱛᱟ>ᱜᱤᱧ ᱛᱟᱦᱮᱸᱠᱟᱱᱟ ᱾
डिवाइस के शुरुआती संस्करण ऑडियो सीडी नहीं चला सकते हैं।	ᱰᱤᱵᱷᱟᱭᱤᱥ ᱨᱮᱭᱟᱜ ᱯᱟᱹᱦᱤᱞ ᱵᱷᱟᱨᱥᱚᱱ ᱫᱚ ᱚᱰᱤᱭᱳ ᱥᱤᱰᱤ ᱠᱚ ᱵᱟᱭ ᱪᱟᱞᱟᱣ ᱫᱟᱲᱮᱭᱟᱜᱼᱟ ᱾
एक देश में राजनैतिक स्थिति का केवल संक्षिप्त सारांश है ।	ᱫᱤᱥᱟᱹ ᱩᱫᱩᱜ ᱫᱚ ᱥᱩᱢᱩᱝ ᱢᱤᱫᱴᱟᱹᱝ ᱫᱤᱥᱚᱢ ᱨᱮ ᱨᱟᱡᱽᱟᱹᱨᱤ ᱦᱟᱞᱚᱛ ᱨᱮᱱᱟᱝ ᱢᱤᱫ ᱡᱟᱭᱛᱮᱫ ᱜᱮ ᱠᱟᱱᱟI
आपके चेहरे से मैं देख सकता हूँ कि आप थीम पार्क में बहुत अच्छा समय बिता रहे हैं।	ᱟᱢᱟᱜ ᱢᱮᱫ ᱟᱦᱟ ᱧᱮᱞ ᱠᱟᱛᱮ, ᱤᱧ ᱵᱩᱡᱷᱟᱹᱣ ᱧᱟᱢ ᱮᱫᱟ ᱡᱮ ᱟᱢ ᱛᱷᱤᱢ ᱯᱟᱨᱠ ᱨᱮ ᱟᱹᱰᱤ ᱱᱟᱯᱟᱭ ᱚᱠᱛᱚᱢ ᱠᱷᱟᱸᱰᱟᱣ ᱮᱫᱟ ᱾
पहली T-20 अंतर्राष्ट्रीय मैच अगस्त 5, 2004 को इंग्लैंड और न्यू ज़ीलैंड की टीमों के बीच हुआ।	ᱤᱝᱞᱮᱱᱰ ᱟᱨ ᱱᱤᱣᱡᱤᱞᱮᱱᱰ ᱨᱮᱱ ᱛᱤᱨᱞᱟᱹ ᱦᱚᱯᱚᱱ ᱴᱤᱢ ᱛᱟᱞᱟᱨᱮ ᱯᱟᱹᱦᱤᱞ ᱴᱤᱼ᱒᱐ ᱡᱮᱜᱮᱫᱡᱟᱠᱟᱛ ᱢᱮᱪ ᱫᱚ ᱟᱜᱚᱥᱴ ᱕, ᱒᱐᱐᱔ ᱨᱮ ᱦᱩᱭᱞᱮᱱᱟ ᱾
टीम की विफलताओं की जिम्मेदारी लेने से कोच का इनकार करना अत्यधिक क्रोध दिलाने वाला है।	ᱜᱟᱫᱮᱞᱟᱜ ᱵᱤᱨᱛᱷᱟᱹ ᱨᱮᱭᱟᱜ  ᱫᱳᱥ ᱢᱟᱱᱟᱣᱨᱮ ᱠᱳᱪᱟᱜ ᱥᱟᱹᱠᱭᱟᱛ ᱫᱚ ᱵᱮᱡᱟᱨᱟᱱᱟᱜ ᱞᱮᱠᱟ ᱾
यही कारण है कि एक बड़ी संख्या है, और जरूरत में रहे विद्यार्थियों के लिए यह लाभदायक होगा.	ᱚᱱᱟ ᱫᱚ ᱟᱹᱰᱤ ᱢᱟᱨᱟᱝ ᱞᱮᱠᱷᱟ, ᱟᱨ ᱱᱤᱭᱟᱹ ᱫᱚ ᱯᱟᱹᱴᱷᱣᱟᱹᱠᱩ ᱞᱟᱹᱜᱤᱫᱽ ᱥᱩᱵᱤᱫᱷᱟ ᱦᱩᱭᱩᱜᱽᱼᱟ ᱡᱟᱦᱟᱸᱭ ᱠᱩ ᱫᱚ ᱞᱟᱹᱜᱛᱤᱭᱟ ᱾
मेरे पास दस सेब हैं।	ᱤᱧ ᱴᱷᱮᱱ ᱜᱮᱞ ᱜᱚᱴᱟᱝ ᱥᱮᱯ ᱢᱮᱱᱟᱜᱼᱟ ᱠᱚᱣᱟ।
मेरे पास सोलह पेंसिल हैं।	ᱤᱧ ᱴᱷᱮᱱ ᱜᱮᱞ ᱛᱩᱨᱩᱭ ᱜᱚᱴᱟᱝ ᱯᱮᱱᱥᱤᱞ ᱢᱮᱱᱟᱜᱼᱟ ᱠᱚᱣᱟ।
तुर्की की रक्षा करने के लिए रक्षात्मक लड़ाई - झगड़ों को भी ले जाएगा, जो कि कथन ने कहा है, यूरोपीय राष्ट्रों ने पुनर्भरण करने से इनकार कर दिया है ।	ᱥᱟᱵ ᱦᱚᱪᱚ ᱟᱠᱟᱱ ᱟᱭ.ᱮᱥ.ᱟᱭ.ᱮᱥ ᱯᱷᱟᱭᱴᱚᱨ ᱠᱚ ᱫᱚ ᱛᱩᱨᱠᱤ ᱦᱚᱨᱦᱚ ᱠᱚᱣᱟᱭ, ᱟᱨ ᱦᱚᱸ ᱠᱟᱛᱷᱟ ᱞᱮᱠᱟᱛᱮ, ᱭᱩᱨᱩᱯᱤᱭᱟᱱ ᱱᱮᱥᱚᱱ ᱱᱚᱶᱟ ᱟᱠᱚ ᱢᱩᱞᱩᱠ ᱛᱮ ᱨᱩᱣᱟᱹᱲᱮ ᱢᱟᱱᱟ ᱟᱠᱟᱫᱟ᱾
हिंकले को वाशिंगटन, डी.सी. के सेंट एलिजाबेथ अस्पताल में सीमित रखा गया था।	ᱦᱤᱝᱠᱞᱤ ᱫᱚ ᱣᱟᱥᱤᱝᱴᱚᱱ ᱰᱤᱹᱥᱤ ᱨᱮᱭᱟᱜ ᱥᱮᱹᱱᱴ ᱮᱞᱤᱡᱟᱵᱮᱛᱷ ᱦᱟᱸᱥᱯᱟᱛᱟᱞ ᱨᱮ ᱵᱚᱱᱫᱤᱭ ᱛᱟᱦᱮᱸ ᱠᱟᱱᱟ ᱾
ऊंचाई को घटाने के लिए रिलीज बटन को नीचे ले जाने के लिए दबाएँ.	ᱩᱥᱩᱞ ᱠᱚᱢ ᱞᱟᱹᱜᱤᱫ, ᱞᱟᱛᱟᱨ ᱥᱮᱡ ᱟᱲᱜᱳ ᱞᱟᱹᱜᱤᱫ ᱨᱤᱞᱤᱡ ᱵᱚᱛᱟᱢ ᱚᱛᱟᱭ ᱢᱮ ᱾
उन्होंने सात बच्चों को जन्म दिया लेकिन केवल तीन ही वयस्क होने तक जीवित रहे।	ᱩᱱᱤ ᱫᱚ ᱮᱭᱟᱭ ᱜᱚᱴᱟᱝ ᱜᱤᱫᱽᱨᱟᱹᱭ ᱡᱟᱱᱟᱢ ᱞᱮᱫ ᱠᱚᱣᱟ ᱢᱮᱱᱠᱷᱟᱱ ᱢᱮᱱᱠᱷᱟᱱ ᱯᱮᱭᱟ ᱠᱮᱴᱮᱪ ᱥᱮᱴᱮᱪ ᱦᱩᱭᱩᱜ ᱠᱷᱟᱹᱛᱤᱨ ᱛᱮᱠᱚ ᱵᱟᱧᱪᱟᱣ ᱞᱮᱱᱟ
मैं बाकी करना होगा.	ᱵᱟᱹᱠᱤᱭᱟᱜ ᱫᱚ ᱤᱧ ᱠᱚᱨᱟᱣᱼᱟ
उन लोगों के लिए अधिक लोकप्रिय विकल्प... ... एक साल की योजना बनाना और सीखना है.	ᱥᱮᱨᱢᱟ ᱛᱟᱞᱟ ᱨᱮᱭᱟᱜ ᱭᱳᱡᱽᱱᱟ ᱵᱮᱱᱟᱣᱤᱡ ᱞᱟᱹᱜᱤᱫ ᱢᱤᱫ ᱛᱟᱯᱤᱥ ᱠᱷᱚᱱ ᱵᱟᱹᱲᱛᱤ ᱞᱳᱠᱯᱨᱤᱭᱚ ᱣᱤᱠᱟᱞᱯ ᱭᱟᱛᱨᱟ ᱦᱩᱭᱩᱜᱼᱟ ᱟᱨ ᱥᱮᱸᱲᱟ ᱦᱩᱭᱩᱜᱼᱟ᱾
मैं लंबे मील की सवारी करना चाहते हैं, यह मेरे शौक है.	ᱤᱧᱫᱚ ᱡᱮᱞᱮᱧ ᱢᱟᱭᱤᱞ ᱦᱟᱹᱵᱤᱡᱽ ᱨᱟᱭᱤᱰ ᱤᱧ ᱠᱩᱥᱤᱭᱟᱜᱼᱟ, ᱱᱚᱶᱟᱫᱚ ᱤᱧᱟᱹᱜ ᱥᱚᱠ ᱠᱟᱱᱟ ᱾
1800 की जनगणना में नए डिस्ट्रिक्ट ऑफ कोलंबिया को शामिल किया गया था।	᱑᱘᱐᱐ ᱥᱟᱞ ᱨᱮᱭᱟᱜ ᱦᱚᱲᱞᱮᱠᱷᱟ ᱞᱮᱠᱟᱛᱮ ᱠᱚᱞᱚᱢᱵᱤᱭᱟ ᱨᱮᱭᱟᱜ ᱱᱟᱣᱟᱱ ᱦᱚᱱᱚᱛ ᱥᱮᱞᱮᱫ ᱛᱟᱦᱮᱸ ᱠᱟᱱᱟ ᱾
उस कार्य के अधीन भी विश्‍वासोत्पादक विवाह पंजीकृत किए जाने हैं ।	ᱵᱷᱤᱛᱟᱹᱨᱫᱷᱚᱨᱚᱢ ᱨᱮᱭᱟᱜ ᱵᱟᱯᱞᱟ ᱦᱚᱸ ᱚᱱᱟ ᱟᱹᱱ ᱨᱮᱭᱟᱜ ᱟᱶᱛᱟᱨᱮ ᱴᱷᱟᱲᱚᱜᱚᱴᱟ ᱦᱩᱭᱩᱜ ᱛᱟᱢᱟ ᱾
अरे गधे। जब उसके पास कोई नहीं था तो तुम्हें उसे गेंद पास करनी चाहिए थी। मैदान पर तुम क्या सोच रहे थे?	ᱟᱢ ᱜᱟᱫᱦᱟ ᱾ ᱩᱱᱤᱭᱟᱜ ᱟᱰᱮᱯᱟᱥᱮᱨᱮ ᱡᱚᱠᱷᱚᱱ ᱚᱠᱚᱭᱜᱮ ᱵᱟᱝ ᱠᱚ ᱛᱟᱦᱮᱠᱟᱱᱟ ᱛᱚᱠᱷᱚᱱ ᱟᱢᱟᱜ ᱞᱟᱹᱜᱛᱤ ᱛᱟᱦᱮᱠᱟᱱᱟ ᱩᱱᱤ ᱵᱚᱞ ᱯᱟᱥ ᱮᱢᱟᱭ ᱾ ᱜᱚᱰᱟᱨᱮ ᱪᱮᱫ ᱮᱢ ᱵᱷᱟᱹᱵᱤᱛᱚᱜ ᱠᱟᱱ ᱛᱟᱦᱮᱠᱟᱱᱟ ?
यह जूलियन कैलेंडर के गुरुवार से शुरू होने वाला एक सामान्य वर्ष था।	ᱱᱚᱶᱟ ᱫᱚ ᱡᱩᱞᱤᱭᱟᱱ ᱠᱮᱹᱞᱮᱱᱰᱟᱨ ᱨᱮᱭᱟᱜ ᱥᱟᱹᱨᱫᱤ ᱢᱟᱦᱟ ᱠᱷᱚᱱ ᱮᱛᱚᱦᱚᱵ ᱢᱤᱫᱴᱟᱝ ᱥᱟᱫᱷᱟᱨᱚᱱ ᱥᱮᱨᱢᱟ ᱛᱟᱦᱮᱸ ᱠᱟᱱᱟ ᱾
मोलडोवा एक बहुत ही शादीशुदा गणतंत्र है जिसने नृजातीय संघर्ष से पीड़ित किया है.	ᱢᱳᱞᱫᱳᱵᱷᱟ ᱫᱚ ᱢᱤᱫ ᱥᱟᱢᱮᱞᱟᱭ-ᱡᱟᱹᱛ ᱫᱤᱥᱣᱟᱹᱨᱟᱡᱽ ᱠᱟᱱᱟ ᱡᱟᱦᱟᱸ ᱫᱚ ᱡᱟᱹᱛᱤᱵᱟᱹᱫᱤ ᱞᱟᱹᱲᱦᱟᱹᱭ ᱨᱮ ᱢᱮᱱᱟᱜᱼᱟ᱾
यह स्वादिष्ट है	ᱱᱚᱣᱟ ᱫᱚ ᱥᱤᱵᱤᱞ ᱜᱮᱭᱟ
डिजीटाओएस (DigitaOS): डिजीटाओएस फ्लैशपॉइंट टेक्नोलॉजी द्वारा डिजिटल कैमरों के लिए बनाया गया एक ऑपरेटिंग सिस्टम है।	ᱰᱤᱜᱤᱴᱟᱣᱚᱥ ᱰᱤᱡᱤᱴᱟᱣᱚᱥ ᱫᱚ ᱦᱩᱭᱩᱜ ᱠᱟᱱᱟ ᱯᱷᱞᱟᱥᱯᱚᱭᱮᱱᱴ ᱞᱟᱜᱟᱱᱠᱟᱹᱨᱤ ᱫᱟᱨᱟᱭᱛᱮ ᱵᱮᱱᱟᱣ ᱰᱤᱡᱤᱴᱟᱞ ᱠᱮᱹᱢᱮᱨᱟ ᱞᱟᱹᱜᱤᱫ ᱢᱤᱫᱴᱟᱝ ᱚᱯᱟᱨᱮᱴᱤᱝ ᱥᱤᱥᱴᱮᱢ ᱾
स्थानीय अधिकारी इस पेड़ के आस - पास के निवासियों को चेतावनी दे रहे हैं, हवा की जांचरों को बंद कर दें और न पानी पीना.	ᱴᱷᱟᱶ ᱟᱫᱷᱤᱠᱟᱨᱤ ᱯᱞᱟᱱᱴ ᱨᱮᱱᱟᱜ ᱟᱲᱮ ᱯᱟᱥᱮᱡ ᱨᱤᱱᱤᱡ ᱛᱟᱦᱮᱱᱟᱱ ᱠᱚ ᱚᱲᱟᱜ ᱨᱮᱱᱟᱜ ᱵᱷᱤᱛᱨᱤ ᱨᱮ ᱛᱟᱦᱮᱱ, ᱦᱚᱭ ᱵᱚᱸᱫᱽ ᱞᱟᱹᱜᱤᱫ ᱨᱮᱱᱟᱜ ᱪᱮᱛᱟᱣᱟᱱᱤ ᱮᱢᱚᱜ ᱠᱟᱱᱟᱭ᱾
मैंने पिछले महीने में कमाए गए लगभग हर रुपये खर्च कर दिए हैं। मुझे नहीं लगता कि मैं इस महीने का किराया दे सकता हूँ।	ᱤᱧ ᱪᱟᱞᱟᱣᱮᱱ ᱪᱟᱸᱫᱚ ᱨᱮ ᱨᱳᱡᱜᱟᱨ ᱟᱠᱟᱫ ᱟᱭ ᱩᱢᱟᱹᱱ ᱡᱚᱛᱚ ᱨᱩᱯᱤ ᱜᱮᱧ ᱠᱷᱚᱨᱚᱪ ᱟᱠᱟᱫᱟ ᱾ ᱱᱚᱣᱟ ᱪᱟᱸᱫᱚ ᱨᱮ ᱵᱷᱟᱲᱟᱧ ᱮᱢ ᱫᱟᱲᱮᱭᱟᱜᱼᱟ ᱢᱮᱱᱛᱮ ᱢᱚᱱᱮ ᱵᱟᱝ ᱦᱩᱭᱩᱜ ᱠᱟᱱ ᱛᱤᱧᱟ ᱾
उसने पक्षपात के विरुद्ध व्यापक अभियान चलाया और विजयी हुआ ।	ᱩᱱᱤ ᱫᱚ ᱵᱷᱮᱯᱮᱜᱮᱫᱽ ᱵᱤᱨᱩᱫ ᱟᱭᱢᱟᱭ ᱯᱨᱚᱪᱟᱨᱟᱠᱟᱫᱟ ᱟᱨᱮ ᱡᱤᱛᱠᱟᱹᱨᱟᱠᱟᱱᱟ ᱾
मैंने पहले कभी इतनी साफ ट्रेन नहीं देखी! यह ट्रेन बहुत साफ है!	ᱤᱧ ᱫᱚ ᱱᱩᱱᱟᱹᱜ ᱥᱟᱯᱷᱟ ᱴᱨᱮᱱ ᱞᱟᱦᱟᱨᱮ ᱛᱤᱥ ᱦᱚᱸ ᱵᱟᱹᱧ ᱧᱮᱞ ᱟᱠᱟᱫᱟ ! ᱱᱚᱣᱟ ᱴᱨᱮᱱ ᱫᱚ ᱟᱹᱰᱤ ᱥᱟᱯᱷᱟ !
यह एयरट्रान (AirTran) नाम की एक छोटी एयरलाइन में विलय हो गई और 1997 में उसका नाम अपना लिया।	ᱱᱚᱶᱟ ᱫᱚ ᱮᱭᱟᱨ ᱴᱟᱨᱱ ᱧᱩᱛᱩᱢᱟᱱ ᱢᱤᱫᱴᱟᱝ ᱦᱩᱰᱤᱧ ᱮᱭᱟᱨᱞᱟᱭᱤᱱ ᱥᱟᱞᱟᱜ ᱢᱮᱥᱟ ᱟᱠᱟᱱᱟ ᱟᱨ ᱑᱙᱙᱗ ᱥᱟᱞ ᱨᱮ ᱱᱚᱶᱟ ᱨᱮᱭᱟᱜ ᱧᱩᱛᱩᱢ ᱟᱭᱩᱢᱟᱹᱱ ᱦᱩᱭ ᱞᱮᱱᱟ ᱾
औसतन सबसे ठंडा महीना जनवरी होता है, जिसका औसत तापमान इतना रहता है।	ᱜᱚᱲ ᱞᱚᱞᱚᱥᱚᱝ ᱢᱮᱥᱟ ᱡᱟᱱᱩᱣᱟᱨᱤ ᱫᱚ ᱨᱮᱭᱟᱲ ᱩᱛᱟᱹᱨ ᱪᱟᱸᱫᱚ ᱾
एक ऐसी कहानी शायद कथा - कहानियाँ हो, और यह काफ़ी हद तक विषयों को कवर कर सकती है ।	ᱢᱤᱫᱴᱟᱝ ᱪᱷᱟᱸᱫᱟᱛᱮ ᱛᱚᱞ ᱠᱟᱹᱦᱤᱱᱤ ᱫᱚ ᱵᱮᱱᱟᱣ ᱠᱟᱹᱦᱤᱱᱤ ᱥᱮ ᱵᱮᱜᱚᱨ ᱵᱮᱱᱟᱣ ᱠᱟᱹᱦᱤᱱᱤ ᱦᱩᱭ ᱫᱟᱲᱮᱭᱟᱜᱼᱟ ᱟᱨ ᱱᱚᱶᱟᱫᱚ ᱟᱭᱢᱟ ᱥᱟᱛᱟᱢ ᱯᱩᱨᱟᱹᱣ ᱫᱟᱲᱮᱭᱟᱜᱼᱟ ᱾
ज़रूर, मैं कर सकते हैं.	ᱴᱷᱤᱠᱟᱹᱱᱜᱮ, ᱤᱧ ᱱᱚᱶᱟᱧ ᱠᱚᱨᱟᱣ ᱫᱟᱲᱮᱭᱟᱜᱼᱟ ᱾
"निजी साझेदारी" और“ निजी रूप से संबंधित सम्बन्धों" की भी पहचान इग्नी और Mriy * द्वारा नए प्रेरणा के रूप में की गई जब वे वेबसाइटों के लिए प्रतिक्रियाओं की जाँच करते हैं.	“ᱱᱤᱡᱚᱨᱟᱜ ᱥᱮᱞᱮᱫᱚᱜ” ᱟᱨ “ᱞᱮᱛᱟᱲ ᱡᱚᱜᱟᱡᱳᱜᱽ” ᱫᱚ ᱮᱜᱽᱵᱷᱤ ᱟᱨ ᱢᱟᱠᱠᱚᱨᱰ (᱑᱙᱙᱘) ᱦᱚᱛᱮᱛᱮ ᱱᱟᱶᱟ ᱯᱨᱮᱨᱬᱟ ᱞᱮᱠᱟᱛᱮ ᱪᱤᱱᱦᱟᱹᱣ ᱮᱱᱟ, ᱡᱚᱠᱷᱚᱱ ᱩᱱᱠᱩ ᱣᱮᱵᱽᱥᱟᱭᱴ ᱨᱮ ᱫᱚᱨᱥᱚᱠ ᱠᱚᱣᱟᱜ ᱯᱨᱚᱛᱤᱠᱨᱤᱭᱟ ᱠᱚ ᱡᱟᱸᱪ ᱠᱮᱜᱼᱟ‌᱾
फोनिशियन एक सामी भाषा बोलते थे, जिसे आमतौर पर कनानी कहा जाता है।	ᱯᱷᱤᱱᱤᱥᱤᱭᱟᱱ ᱠᱚ ᱢᱤᱫᱴᱟᱝ ᱥᱮᱢᱮᱴᱤᱠ ᱯᱟᱹᱨᱥᱤ ᱛᱮᱠᱚ ᱨᱚᱲ ᱛᱟᱦᱮᱸ, ᱱᱚᱶᱟ ᱫᱚ ᱥᱟᱫᱷᱟᱨᱚᱱᱚᱛᱚ ᱠᱟᱱᱟᱱᱟᱭᱤᱴ ᱧᱩᱛᱩᱢ ᱛᱮ ᱩᱯᱨᱩᱢ ᱛᱟᱦᱮᱸ ᱠᱟᱱᱟ ᱾
1960 के खेल में 400 मीटर की दूरी पर?	᱑᱙᱖᱐ ᱥᱟᱹᱦᱤᱛ ᱨᱮᱭᱟᱜ ᱚᱞᱤᱢᱯᱤᱠᱥ ᱜᱮᱢᱥᱨᱮ ᱔᱐᱐ ᱢᱤᱴᱟᱨ ᱯᱷᱟᱭᱱᱟᱞ ᱨᱮ ?
1851 में नदी में और उसके किनारे जलोढ़ सोने की खोज की गई थी।	᱑᱘᱕᱑ ᱥᱟᱞ ᱨᱮ ᱜᱟᱰᱟᱨᱮ ᱟᱨ ᱚᱱᱟ ᱥᱩᱨ ᱨᱮ ᱯᱚᱞᱤ ᱦᱟᱥᱟ ᱥᱟᱢᱟᱱᱚᱢ ᱢᱩᱫᱟᱹᱢ ᱥᱤᱨᱡᱟᱹᱣ ᱞᱮᱱᱟ ᱾
WELPERS CONENERSIGERSEANANEEEGESERSESEGGESERSEN [के रूप मे वायुमंडल कम होता है, वे बादलों में प्रवेश कर रहे हैं, और वे दिन और रात के लिए उपयुक्त हैं सूरज के प्रकाश के प्रकाश से ऊर्जा की स्वतंत्रता के कारण.	ᱢᱟᱭᱠᱨᱳᱳᱭᱮᱵᱷ ᱨᱤᱢᱳᱴ ᱥᱮᱱᱥᱤᱝ ᱦᱚᱨᱟ ᱠᱚ ᱨᱮᱭᱟᱜ ᱥᱟᱱᱟᱢ ᱦᱚᱭᱞᱚᱝ ᱨᱮᱭᱟᱜ ᱫᱟᱲᱮ ᱢᱮᱱᱟᱜ ᱟ ᱡᱮᱦᱮᱛᱩ ᱦᱚᱭ ᱢᱟᱸᱰᱮᱨ ᱞᱟᱛᱟᱨ ᱯᱷᱨᱤᱠᱳᱭᱮᱱᱥᱤᱨᱮ ᱥᱟᱯᱷᱟ ᱜᱮᱭᱟ, ᱚᱱᱟᱫᱚ ᱨᱤᱢᱤᱞ ᱠᱚ ᱛᱟᱵᱽᱼᱟ, ᱟᱨ ᱵᱮᱲᱟ ᱛᱟᱨᱟᱥ ᱠᱷᱚᱱ ᱢᱟᱭᱠᱨᱳᱳᱭᱮᱵᱷ ᱥᱚᱱᱥᱚᱨ ᱠᱚ ᱯᱷᱩᱨᱜᱟᱹᱞ ᱠᱷᱟᱹᱛᱤᱨᱛᱮ ᱚᱱᱟᱫᱚ ᱥᱤᱧ ᱟᱨ ᱧᱤᱫᱟᱹ ᱚᱯᱨᱟᱥᱚᱱ ᱞᱟᱹᱜᱤᱫ ᱞᱟᱹᱜᱤᱫ ᱡᱚᱛᱷᱟᱛᱼᱟ ᱾
एक डिजिटल कैमरा कभी-कभी सैकड़ों या हजारों तस्वीरें रख सकता है।	ᱢᱤᱫᱴᱟᱝ ᱰᱤᱡᱤᱴᱟᱞ ᱠᱮᱹᱢᱮᱨᱟ ᱡᱟᱸᱦᱟᱛᱤᱱ ᱡᱟᱸᱦᱟᱛᱤᱱ ᱠᱚᱨᱮ ᱥᱟᱭ ᱥᱮ ᱥᱟᱥᱟᱭ ᱥᱟᱥᱟᱭ ᱪᱤᱛᱟᱹᱨᱮ ᱥᱟᱵ ᱫᱚᱦᱚ ᱫᱟᱲᱮᱭᱟᱜᱼᱟ ᱾
इसलिए कि विकास, आनुवंशिक और पर्यावरण दोनों कारणों से प्रभावित होता है ।	ᱪᱮᱫᱟᱜ ᱥᱮ ᱦᱟᱨᱟᱜ ᱫᱚ ᱡᱤᱱ ᱟᱱᱟᱜ ᱟᱨ ᱞᱟᱭᱚᱝ ᱟᱱᱟᱜ ᱵᱟᱱᱟᱨ ᱚᱡᱮᱛᱮ ᱮᱥᱮᱨᱚᱜᱼᱟ ᱾
पिरामिड ध्वनि और प्रकाश शो बच्चों के लिए क्षेत्र में सबसे दिलचस्प बातें हैं ।	ᱯᱤᱨᱟᱢᱤᱰ ᱥᱟᱩᱱᱰ ᱟᱨ ᱞᱟᱭᱤᱴ ᱥᱳ ᱫᱚ ᱜᱤᱫᱽᱨᱟᱹ ᱠᱚ ᱞᱟᱹᱜᱤᱫ ᱱᱚᱣᱟ ᱴᱚᱴᱷᱟ ᱨᱮᱭᱟᱜ ᱡᱚᱛᱚ ᱠᱷᱚᱱ ᱠᱷᱩᱥᱤᱭᱜ ᱡᱤᱱᱤᱥ ᱠᱚ ᱠᱷᱚᱱ ᱢᱤᱫ ᱠᱟᱱᱟ᱾
जबकि उनका अधिकांश भोजन हम से परिचित हो जाता, रोमियों के पास असाधारण या असाधारण दावत की वस्तुओं का भाग होता, जिसमें जंगली सूअर, मोर, घोंघा, और एक प्रकार की छड़ी भी शामिल थी जिसे आममोशी कहा जाता था	ᱡᱟᱦᱟᱸ ᱜᱮ ᱚᱱᱟ ᱨᱮᱱᱟᱜ ᱵᱟᱹᱲᱛᱤ ᱡᱚᱢᱟᱜ ᱫᱚ ᱟᱵᱚ ᱵᱟᱰᱟᱭ ᱢᱮᱱᱟᱜ ᱜᱮᱭᱟ, ᱨᱚᱢᱱᱚ ᱠᱚ ᱴᱷᱮᱱ ᱡᱟᱝᱜᱽᱞᱤ ᱥᱩᱠᱨᱤ, ᱢᱟᱨᱟᱜ, ᱜᱷᱚᱝᱜᱟ ᱟᱨ ᱢᱤᱫ ᱞᱮᱠᱟᱱ ᱠᱨᱤᱛᱟᱸᱠ ᱡᱟᱦᱟᱸ ᱫᱚ ᱰᱟᱨᱢᱦᱟᱣᱩᱥ ᱠᱚ ᱢᱮᱛᱟ ᱠᱚᱣᱟ, ᱥᱟᱶᱛᱮ ᱟᱡᱤᱵᱽ ᱥᱮ ᱟᱥᱟᱢᱟᱱᱭᱚ ᱫᱟᱣᱟᱛ ᱨᱮᱱᱟᱜ ᱥᱟᱢᱟᱱ ᱠᱚ ᱨᱮᱱᱟᱜ ᱦᱟᱹᱴᱤᱧ ᱛᱟᱦᱮᱸ ᱠᱟᱱᱟ᱾
इस पुल को सितंबर 2017 में पूरी तरह ऑपरेशन करने के लिए कहा गया है ।	ᱵᱽᱨᱤᱡᱽ ᱫᱚ ᱥᱮᱯᱴᱮᱢᱵᱚᱨ ᱒᱐᱑᱗ ᱨᱮ ᱯᱩᱨᱟᱹ ᱦᱤᱥᱟᱹᱵ ᱛᱮ ᱪᱟᱹᱞᱩ ᱚᱪᱚ ᱞᱟᱹᱜᱤᱫ ᱴᱷᱟᱹᱣᱠᱟᱹ ᱞᱮᱱᱟ, ᱛᱚᱠᱷᱚᱱ ᱵᱽᱨᱟᱡᱤᱞ ᱨᱮᱭᱟᱜ ᱠᱷᱟᱡᱽᱱᱟ ᱪᱮᱠᱯᱚᱭᱮᱸᱴ ᱠᱚ ᱯᱩᱨᱟᱹᱣ ᱨᱮᱱᱟᱜ ᱟᱥᱟ ᱛᱟᱦᱮᱱ ᱠᱟᱱᱟ᱾
हमने पिछली बार कार की समस्या ठीक कर दी थी और यह ठीक से स्टार्ट हो रही थी (मैकेनिक)।	ᱟᱞᱮ ᱫᱚ ᱪᱟᱞᱟᱣᱮᱱ ᱫᱷᱟᱣ ᱜᱟᱹᱰᱤ ᱨᱮᱭᱟᱜ ᱮᱴᱠᱮᱴᱚᱬᱮ ᱞᱮ ᱴᱷᱤᱠ ᱟᱠᱟᱫᱟ ᱟᱨ ᱱᱚᱣᱟ ᱫᱚ ᱱᱟᱯᱟᱭ ᱜᱮ ᱪᱟᱞᱟᱜ ᱠᱟᱱᱟ (ᱢᱮᱠᱟᱱᱤᱠ) ᱾
यह देखकर निराशा होती है कि भव्य समारोहों में कितना भोजन बर्बाद होता है, जबकि उसी समय अनाथालयों में बच्चे भूखे मर रहे होते हैं।	ᱴᱩᱣᱟᱹᱨ ᱟᱥᱨᱟᱭ ᱨᱮ ᱡᱚᱠᱷᱚᱱ ᱜᱤᱫᱽᱨᱟᱹ ᱠᱚ ᱨᱮᱸᱜᱮᱡ ᱛᱮᱠᱚ ᱛᱟᱦᱮᱱᱟ ᱩᱱᱫᱚ ᱢᱤᱫ ᱚᱠᱛᱚᱨᱮ ᱡᱟᱠᱡᱚᱢᱚᱠ ᱟᱠᱷᱲᱟ ᱨᱮ ᱛᱤᱱᱟᱹᱜ  ᱡᱚᱢᱟᱜ ᱵᱟᱹᱲᱤᱡᱚᱜᱼᱟ ᱚᱱᱟ ᱧᱮᱞᱛᱮᱧ ᱦᱟᱦᱟᱲᱟᱜ ᱟᱠᱟᱱᱟ ᱾
वे इस रेल - व्यवस्था के राजा बन गए ।	ᱨᱤᱞ ᱨᱳᱰ ᱛᱷᱨᱤᱞᱟᱨ ᱛᱩᱯᱷᱟᱱ ᱢᱮᱞ (᱑᱙᱓᱒) ᱠᱷᱚᱱ ᱮᱛᱚᱦᱚᱯ ᱠᱟᱛᱮ ᱩᱝᱠᱩ ᱫᱚ ᱱᱤᱭᱟᱹ ᱫᱷᱟᱨᱟ ᱨᱮᱱ ᱨᱟᱡᱟ ᱠᱩ ᱛᱟᱦᱮᱸᱠᱟᱱᱟ, ᱡᱟᱦᱟᱸ ᱫᱚ ᱪᱟᱞᱜ ᱠᱟᱱ ᱨᱤᱞ ᱜᱟᱹᱰᱤ ᱪᱷᱟᱫ ᱨᱮ ᱩᱫᱩᱜ ᱟᱠᱟᱱ ᱵᱮᱥ ᱠᱚᱭᱮᱠᱴᱤ ᱞᱟᱹᱲᱦᱟᱹᱭ ᱛᱟᱹᱞᱤᱠᱟ ᱭᱮ ᱩᱫᱩᱜᱼᱟ ᱾
अफ्रीका की सीडीसी पर आधारित है अफ्रीका सीडीसी कोरिड केंद्र जोड़ेंस, इथियोपिया में, जो कि संस्थान के आपातकालीन संचालन केंद्र में भी है।	ᱟᱯᱷᱨᱤᱠᱟ ᱥᱤᱹᱰᱤᱹᱥᱤ ᱤᱛᱷᱤᱭᱚᱯᱤᱭᱟ ᱨᱮᱭᱟᱜ ᱟᱫᱫᱤᱥ ᱟᱵᱮᱥᱛᱟ ᱨᱮ ᱟᱯᱷᱨᱤᱠᱟ ᱥᱤᱹᱰᱤᱹᱥᱤ ᱨᱮᱭᱟᱜ ᱡᱚᱯᱲᱟᱣ ᱛᱟᱞᱢᱟ ᱢᱮᱱᱟᱜᱼᱟ, ᱡᱟᱦᱟᱸ ᱨᱮ ᱮᱡᱮᱱᱥᱤ ᱨᱮᱭᱟᱜ ᱜᱟᱨᱥᱟᱨ ᱠᱟᱹᱢᱤ ᱛᱟᱞᱢᱟ ᱢᱮᱱᱟᱜᱼᱟ ᱾
यह सब पर नहीं किया जाता है.	ᱱᱚᱶᱟ ᱠᱚᱫᱚ ᱵᱟᱝ ᱠᱚᱨᱟᱣ ᱦᱩᱭᱩᱜᱼᱟ ᱾
विशेषाधिकार के रूप में, उन्हें क़तारों में खड़े होने की जरूरत नहीं है जब तक प्रक्षेपित दृश्य में.	ᱥᱩᱡᱳᱜᱽᱼᱥᱩᱫᱷᱟ ᱞᱮᱠᱟᱛᱮ, ᱩᱱᱠᱚ ᱯᱳᱞᱤᱝ ᱵᱩᱛᱷᱨᱮ ᱞᱟᱭᱤᱱ ᱨᱮ ᱵᱟᱝ ᱛᱤᱸᱜᱩᱱ ᱦᱩᱭᱩᱜ ᱛᱟᱠᱚᱣᱼᱟ ᱾
छी। जब आप पूरी तरह कीचड़ में सन जाते हैं तो आप डर्ट बाइकिंग का आनंद कैसे लेते हैं?	ᱤᱭᱚᱠ ᱾ ᱟᱢ ᱡᱚᱠᱷᱚᱱ ᱞᱚᱥᱚᱫᱛᱮ ᱯᱮᱨᱮᱡ ᱱᱳᱝᱨᱟ ᱵᱟᱭᱤᱠᱮᱢ ᱪᱟᱞᱟᱣᱼᱟ ᱛᱚᱠᱷᱚᱱ ᱪᱮᱫ ᱞᱮᱠᱟ ᱨᱟᱹᱥᱠᱟᱹᱢ ᱵᱩᱡᱷᱟᱹᱣᱼᱟ ?
मैं भी हर दिन pez करने का प्रबंधन नहीं कर सकता.	ᱫᱤᱱᱟᱹᱢ ᱦᱤᱞᱟᱹᱜ ᱨᱤᱣᱟᱡᱽ ᱦᱚᱸ ᱵᱟᱹᱧ ᱫᱟᱲᱮᱭᱟᱜ ᱠᱟᱱᱟ ᱾
अल्बर्टो गियाकोमेटी एक स्विस मूर्तिकार, चित्रकार, ड्राफ्ट्समैन और प्रिंटमेकर थे।	ᱩᱱᱤ ᱫᱚ ᱤᱞᱮᱠᱴᱨᱚᱱᱤᱠ ᱤᱱᱴᱟᱨᱢᱤᱰᱤᱭᱟ ᱨᱮ ᱟᱡᱟᱜ ᱠᱟᱹᱢᱤ ᱞᱟᱹᱜᱤᱫ ᱩᱯᱨᱩᱢᱮ ᱛᱟᱦᱮᱸ ᱠᱟᱱᱟ ᱾
अस्सी	ᱟᱨ ᱜᱮᱞ
इस ज्ञान के लिए कौन - सी कसौटी है?	ᱱᱤᱭᱟᱹ ᱥᱠᱚᱞᱟᱨᱥᱤᱯ ᱞᱟᱹᱜᱤᱫᱽ ᱟᱹᱨᱡᱤᱭ ᱨᱮᱭᱟᱜ ᱢᱟᱹᱱᱴᱷᱮᱸᱜᱟ ᱫᱚ ᱪᱮᱫᱽ ?
माइकल फेल्प्स एक महान तैराक हैं। मुझे नहीं पता कि उन्होंने इतने सारे पदक कैसे जीते!	ᱢᱟᱭᱠᱮᱞ ᱯᱷᱮᱞᱯᱥ ᱫᱚ ᱢᱤᱫ ᱥᱚᱨᱮᱥ ᱯᱟᱭᱨᱟᱠᱤᱭᱟᱹ ᱠᱟᱱᱟᱭ ᱾ ᱤᱧ ᱵᱟᱹᱧ ᱵᱟᱰᱟᱭᱟ ᱩᱱᱤ ᱫᱚ ᱪᱮᱠᱟᱛᱮ ᱱᱩᱱᱟᱹᱜ ᱜᱟᱱ ᱯᱚᱫᱚᱠᱼᱮ ᱡᱤᱛᱠᱟᱹᱨ ᱟᱠᱟᱱᱟ !
किसने सोचा होगा कि हमारी नई गैलरी के उद्घाटन के लिए 100 लोग आएंगे?	ᱚᱠᱚᱭ ᱵᱷᱟᱹᱵᱤᱛ ᱞᱮᱫᱟ ᱡᱮ ᱟᱵᱚᱣᱟᱜ ᱱᱟᱶᱟ ᱜᱮᱞᱟᱨᱤ ᱡᱷᱤᱡ ᱞᱟᱹᱜᱤᱫ ᱑᱐᱐ ᱦᱚᱲ ᱠᱚ ᱧᱮᱞᱚᱜᱚᱜᱼᱟ ?
तिरेसठ	ᱛᱩᱨᱩᱭ ᱜᱮᱞ ᱯᱮ
स्थानीय टैक्सी भी चेरापुँजी के लिए यात्रा करते हैं, और वे आपको कुछ दृष्टिकोणों और दृश्य देने के विकल्प देते हैं चेरापुँजी के मार्ग से (Elypaphys, और अन्य लोगों से देखें, और साथ ही चेम्व्‌जी sachogaka, और अन्य स्थानों में भी भेंट करते हैं।	ᱛᱷᱟᱹᱱᱤᱛ ᱴᱮᱠᱥᱤ ᱠᱚᱦᱚᱸ ᱪᱮᱨᱟᱯᱩᱧᱡᱤ ᱫᱷᱟᱹᱵᱤᱡ ᱪᱟᱞᱟᱜᱼᱟ ᱟᱨ ᱥᱤᱞᱚᱝ ᱠᱷᱚᱱ ᱪᱮᱨᱟᱯᱚᱧᱡᱤ ᱪᱟᱞᱟᱜ ᱰᱟᱦᱟᱨ ᱨᱮ ᱩᱱᱠᱩ ᱟᱢ ᱛᱦᱚᱲᱟᱜᱟᱱ ᱰᱤᱭᱯᱚᱭᱮᱱᱴ ᱟᱨ ᱧᱮᱧᱮᱞ ᱴᱷᱟᱶ ᱨᱮ ᱛᱮᱜᱚᱸ ᱨᱮᱭᱟᱜ ᱵᱷᱮᱜᱟᱨ ᱮ ᱮᱢᱞᱮᱫᱟ (ᱮᱞᱤᱯᱷᱮᱱᱴ ᱦᱩᱫᱦᱩᱫᱤ, ᱢᱟᱣᱚᱠᱰᱚᱠ ᱰᱤᱢᱯᱮᱯ ᱵᱷᱮᱞᱤ ᱵᱷᱤᱭ ᱟᱨ ᱮᱴᱟᱜ) ᱚᱱᱟ ᱥᱟᱶᱛᱮ ᱪᱮᱨᱟᱯᱩᱧᱡᱤ ᱨᱮᱭᱟᱜ ᱧᱮᱧᱮᱞ ᱴᱷᱟᱶᱠᱚᱨᱮ ᱛᱮᱜᱚᱸᱱ ᱨᱮᱭᱟᱜ ᱫᱟᱣ ᱛᱟᱦᱮᱸᱱ (ᱢᱟᱣᱥᱚᱢᱟᱭ ᱜᱚᱝᱦᱚᱨ, ᱪᱮᱨᱟᱯᱩᱧᱡᱤ ᱤᱠᱳ ᱯᱟᱨᱠ, ᱱᱳᱦᱳᱥᱚᱱᱛᱷᱤᱭᱟᱝ ᱦᱩᱫᱦᱩᱫᱤ ᱥᱮᱵᱷᱮᱱ ᱥᱤᱥᱴᱟᱨ ᱦᱩᱫᱦᱩᱫᱤ )᱾
सड़क पर उनसठ गाड़ी हैं।	ᱥᱚᱲᱚᱠ ᱨᱮ ᱢᱚᱬᱮ ᱜᱮᱞ ᱱᱟᱭ ᱜᱚᱴᱟᱝ ᱜᱟᱹᱲᱤ ᱢᱮᱱᱟᱜᱼᱟ ᱠᱚᱣᱟ।
आप राष्ट्रीय विद्वान विलल से अधिक विवरण डाउनलोड कर सकते हैं.	ᱟᱢ ᱫᱚ ᱱᱮᱥᱚᱱᱟᱞ ᱥᱠᱚᱞᱟᱨᱥᱤᱯ ᱯᱳᱨᱴᱟᱞ ᱠᱷᱚᱱ ᱟᱨᱦᱚᱸ ᱵᱤᱪᱷᱱᱟᱹᱣᱛᱮᱢ ᱰᱟᱭᱩᱱᱞᱳᱰ ᱫᱟᱲᱮᱭᱟᱜᱽᱼᱟ ᱾
राज्य-रूप सुविधाओं के साथ, FTI मैं एक सृजनात्मक भावना प्रदान करता हूँ... / मैं ... रोमांचक फिल्म बनाने के लिए दिलचस्प शब्दों की एक नयी भाषा के साथ।	ᱟᱹᱰᱤ ᱱᱟᱦᱟᱜ ᱥᱩᱵᱤᱫᱟ ᱥᱟᱶᱛᱮ, ᱮᱯᱷᱴᱤᱟᱭᱟᱭ ᱨᱟᱠᱟᱵ ᱟᱠᱟᱱ ᱪᱚᱞᱚᱛᱪᱤᱛᱟᱹᱨ ᱵᱮᱱᱟᱣ ᱠᱚᱣᱟᱜ ᱠᱟᱹᱨᱤᱼᱦᱩᱱᱟᱹᱨ ᱥᱚᱫᱚᱨ ᱨᱮᱭᱟᱜ ᱢᱤᱫ ᱥᱤᱨᱡᱟᱹᱣ ᱟᱱᱟᱜ ᱯᱟᱹᱨᱥᱤᱛᱮ ᱩᱫᱜᱟᱹᱣ ᱞᱟᱹᱜᱤᱫ ᱢᱤᱫ ᱥᱤᱨᱡᱚᱱ ᱟᱱᱟᱜ ᱞᱟᱭᱚᱝᱼᱮ ᱥᱟᱨᱵᱷᱟᱨᱟ ᱾
जापान में 26 नवंबर को टास्क फोर्स पर्ल हार्बर के लिए रवाना हुआ।	᱒᱖ ᱱᱚᱵᱷᱮᱢᱵᱚᱨ ᱡᱟᱯᱟᱱᱨᱮ ᱴᱟᱥᱠ ᱯᱷᱳᱨᱥ ᱫᱚ ᱯᱟᱨᱞ ᱦᱟᱨᱵᱟᱨ ᱥᱮᱡᱽ ᱪᱟᱞᱟᱜ ᱠᱚ ᱮᱦᱚᱯ ᱞᱮᱱᱟ ᱾
हसाबिस ने अपने विश्वविद्यालय मित्र और एलिक्सिर साझेदार डेविड सिल्वर को भी भर्ती किया।	ᱦᱟᱥᱟᱵᱤᱥ ᱫᱚ ᱩᱱᱤᱨᱮᱱ ᱡᱮᱜᱮᱫ ᱵᱤᱨᱫᱟᱹᱜᱟᱲ ᱨᱮᱱ ᱜᱟᱛᱮ ᱟᱨ ᱮᱞᱤᱠᱥᱤ ᱨᱮᱱ ᱵᱷᱟᱹᱜᱤᱫᱟᱨ ᱰᱮᱵᱷᱤᱰ ᱥᱤᱞᱵᱷᱟᱨ ᱦᱚᱸᱭ ᱵᱟᱹᱦᱞᱤ ᱞᱮᱫᱮᱭᱟ ᱾
पिताजी ने कितना निवेश किया है?	ᱵᱟᱵᱟ ᱛᱤᱱᱟᱹ ᱠᱟᱹᱣᱰᱤᱭ ᱮᱢ ᱟᱠᱟᱫᱟ ?
गोल्फ टूर्नामेंट में एक महत्वपूर्ण पुट का सामना करते समय रहीम तनावग्रस्त हो गया।	ᱜᱳᱞᱯᱷ ᱴᱩᱨᱱᱟᱢᱮᱱᱴ ᱨᱮᱭᱟᱜ ᱢᱤᱫᱴᱟᱝ ᱞᱟᱹᱠᱛᱤᱭᱟᱱ ᱯᱟᱨᱴ ᱨᱮᱭᱟᱜ ᱨᱮᱭ ᱥᱟᱢᱟᱝ ᱫᱟᱯᱨᱟᱢ ᱞᱮᱱ ᱠᱷᱟᱱ ᱨᱚᱦᱤᱢ ᱫᱚ ᱪᱤᱱᱛᱟᱹ ᱨᱮᱭ ᱯᱟᱲᱟᱜᱼᱟ ᱾
अच्छी खबर सुनते ही उनकी आँखें लाखों तारों की तरह चमक उठीं।	ᱱᱟᱯᱟᱭ ᱰᱚᱜᱚᱨ ᱟᱸᱡᱚᱢ  ᱠᱟᱛᱮ ᱩᱱᱤᱭᱟᱜ ᱢᱮᱫ ᱫᱚ ᱞᱚᱠᱽᱠᱷᱚ ᱤᱯᱤᱞ ᱞᱮᱠᱟ ᱡᱩᱞ ᱨᱟᱠᱟᱵ ᱮᱱᱟ ᱾
उसी तरह, जब द्रव को मज़बूत किया जाता है, तब RBI सरकार को खरीदेगा और इस प्रकार आर्थिक रूप से पैसा कम कर देगा ।	ᱱᱚᱝᱠᱟᱞᱮᱠᱟᱛᱮ, ᱞᱚᱜᱚᱫ ᱠᱟᱹᱣᱰᱤ ᱨᱮᱭᱟᱜ ᱜᱷᱟᱹᱴᱛᱤ ᱦᱩᱭᱞᱮᱱᱠᱷᱟᱱ ᱥᱚᱨᱠᱟᱨᱤ ᱨᱩᱠᱷᱭᱟᱹ ᱠᱤᱨᱤᱧᱠᱟᱛᱮ ᱠᱟᱹᱣᱰᱤᱟᱹᱨᱤᱨᱮ ᱟᱨᱵᱤᱟᱭ ᱠᱟᱹᱣᱰᱤ ᱨᱮᱭᱟᱜ ᱡᱳᱜᱟᱱᱼᱮ ᱵᱟᱲᱦᱟᱣᱟ ᱾
आप पूरी तरह से सही कर रहे हैं कि बीच वाले लोग हैं जो कीमत उठाते हैं.	ᱟᱢ ᱫᱚ ᱠᱷᱟᱹᱴᱤᱜᱤ ᱴᱷᱤᱠᱮᱢ ᱞᱟᱹᱭᱟᱠᱟᱫᱟ ᱡᱮ ᱢᱤᱰᱤᱞᱢᱮᱱᱠᱩ ᱜᱤ ᱜᱚᱱᱚᱝ ᱫᱚ ᱠᱩ ᱵᱟᱹᱲᱛᱤᱭᱟᱠᱟᱫᱟ ᱾
मेरे पास दस मुर्गी हैं।	ᱤᱧ ᱴᱷᱮᱱ ᱜᱮᱞ ᱜᱚᱴᱟᱝ ᱢᱩᱠᱨᱤ ᱢᱮᱱᱟᱜᱼᱟ ᱠᱚᱣᱟ।
भगवान का शुक्र है कि इस सप्ताह बारिश हुई। अब मेरी फसलें अच्छी तरह बढ़ेंगी।	ᱪᱟᱸᱫᱚ ᱵᱚᱸᱜᱟ ᱟᱭᱢᱟ ᱥᱟᱨᱦᱟᱣ ᱱᱤᱭᱟᱹ ᱦᱟᱯᱛᱟ ᱨᱮ ᱫᱟᱜ ᱡᱟᱹᱲᱤ ᱦᱩᱭ ᱟᱠᱟᱱᱟ ᱾ ᱱᱤᱛᱚᱜ ᱤᱧᱟᱜ ᱯᱷᱚᱞᱚᱱ ᱵᱷᱟᱜᱮ ᱦᱩᱭᱩᱜᱼᱟ ᱾
जीत के उम्मीदवार से भेंट करना जो नष्ट कर दिया गया है असंभव है, और संदर्भ अगले चिह्नित प्राथमिकताओं के लिए किया जाना चाहिए अगर किसी भी.	ᱡᱤᱛᱠᱟᱹᱨ ᱯᱨᱟᱛᱷᱤ ᱠᱷᱚᱱ ᱵᱟᱫ ᱟᱠᱟᱱ ᱯᱨᱟᱛᱷᱤ ᱴᱷᱮᱱ ᱵᱷᱳᱴ ᱵᱚᱱᱚᱫᱚᱞ ᱵᱟᱝ ᱦᱩᱭᱩᱜᱼᱟ, ᱟᱨ ᱥᱩᱨᱥᱩᱯᱩᱨ ᱪᱤᱱᱦᱟᱹᱟᱱ ᱡᱟᱦᱟᱸᱭ ᱠᱩᱥᱤᱭᱟᱱ ᱥᱩᱯᱩᱨᱦᱚᱲ ᱮᱢ ᱟᱹᱰᱤ ᱞᱟᱹᱠᱛᱤ ᱾
आम तौर पर, इस ऊर्जा का इस्तेमाल करने के लिए किया जाता है ।	ᱠᱩᱹᱰᱞᱤᱱᱤ ᱭᱚᱜᱟ ᱥᱟᱶᱛᱮ ᱠᱩᱸᱰᱞᱤᱱᱤ ᱫᱟᱲᱮ (ᱜᱮᱭᱟᱱ ᱫᱟᱲᱮ) ᱭᱚᱜᱟ ᱯᱚᱥᱪᱟᱨᱥ ᱠᱚ, ᱥᱟᱦᱮᱫ ᱮᱠᱥᱟᱨᱥᱟᱹᱭᱤᱡᱽ ᱢᱚᱫᱷᱭᱚᱢ ᱛᱮ ᱡᱟᱜᱽᱨᱤᱛᱚᱜ ᱠᱟᱱᱟ᱾
इन छः गवाहों को रजिस्टरों में हस्ताक्षर करना पड़ता है ।	ᱱᱩᱠᱩ ᱛᱩᱨᱩᱭᱦᱚᱲ ᱥᱟᱹᱠᱷᱤᱭᱟᱜ ᱡᱚᱛᱚᱜᱮ ᱨᱮᱡᱤᱥᱴᱟᱨ ᱨᱮ ᱥᱩᱦᱤ ᱦᱩᱭᱩᱜᱼᱟ ᱾
हाँ मैडम, धन्यवाद.	ᱦᱮᱸ ᱢᱟᱪᱮᱫᱟᱹᱱᱤ ᱜᱚᱝᱠᱮ, ᱟᱭᱢᱟ ᱥᱟᱨᱦᱟᱣ ᱾
आप उसे सीधे रूप से भुगतान भेज सकते हैं, कि आसान हो जाएगा.	ᱟᱢ ᱫᱚ ᱩᱱᱤᱜᱤ ᱠᱟᱹᱣᱰᱤᱢ ᱵᱷᱮᱡᱟ ᱫᱟᱲᱮᱣᱟᱭᱟ, ᱚᱱᱟᱜᱤ ᱟᱞᱜᱟ ᱦᱩᱭᱩᱜᱼᱟ ᱾
कि मुझे समझ में नहीं आया था, यह निश्चित रूप से उचित नहीं था.	ᱱᱟᱣᱟ ᱤᱧ ᱫᱚ ᱵᱟᱹᱧ ᱵᱩᱡᱷᱟᱹᱣ ᱫᱟᱲᱮᱭᱟᱫᱼᱟ; ᱱᱟᱶᱟ ᱥᱤᱫᱷᱟ ᱠᱟᱛᱷᱟ ᱛᱮ ᱵᱟᱭ ᱴᱷᱤᱠᱟ᱾
व्यापक भाव से, एक प्रशासनिक निर्णय को अलग अलग कर सकता है यदि यह मूर्खतापूर्ण है (जो कनाडा के कानून के अधीन है), "नए ब्रौनों के सर्वोच्च न्यायालय के स्तर पर मूर्खतापूर्वक मूर्खतापूर्ण अदालत ” के अनुसार चलना, वेने के नियम का पालन किया, और ब्रिटिश कानून में अनुचित रूप से, और ब्रिटिश कानून (सामान्यतावादी कानून) ।	ᱰᱷᱮᱨ ᱢᱮᱱᱛᱮ ᱨᱮ,ᱟᱶᱛᱟ ᱵᱟᱨᱦᱮ ᱠᱟᱹᱢᱤᱦᱚᱨᱟ ᱛᱟᱞᱟᱛᱮ, ᱡᱟᱦᱟᱸᱱ ᱯᱨᱚᱥᱟᱥᱚᱱᱤᱠ ᱴᱷᱟᱲᱚ ᱵᱮᱼᱡᱩᱠᱛᱤᱭᱟᱱ (ᱠᱟᱱᱟᱰᱤᱭᱚ ᱟᱹᱱ ᱞᱮᱠᱟᱛᱮ ᱪᱮᱛᱟᱱ ᱦᱩᱫᱟᱹ ᱟᱫᱟᱞᱚᱛ ᱨᱮ ᱰᱟᱱᱥᱢᱮᱭᱩᱨ ᱵᱚᱱᱟᱢ ᱱᱤᱭᱩ ᱵᱨᱮᱱᱰᱩᱭ ᱫᱚ " ᱯᱩᱥᱴᱟᱹᱣ ᱜᱮ ᱵᱮᱼᱡᱩᱠᱛᱤ ᱟᱱ" ᱱᱚᱶᱟ ᱢᱟᱱᱫᱚᱱᱰᱚ ᱮᱲᱟᱣ ᱞᱮᱠᱟᱛᱮ), ᱳᱭᱮᱰᱱᱮᱥᱵᱮᱨᱤ ᱵᱮᱼᱡᱩᱠᱛᱤᱟᱱ (ᱤᱝᱨᱮᱡ ᱟᱹᱱ ᱨᱮᱭᱟᱜ ᱥᱮᱞᱮᱫ ᱟᱠᱟᱱ) ᱵᱟᱝᱠᱷᱟᱱ ᱩᱭᱦᱟᱹᱨᱟᱱᱟᱜ ᱟᱨ ᱵᱮᱴᱮᱦᱟᱸᱴ ᱟᱱᱟᱜ (ᱢᱟᱨᱠᱤᱱ ᱯᱨᱚᱥᱟᱥᱚᱱᱤᱠ ᱦᱚᱨᱟ ᱟᱹᱱ ᱟᱨ ᱱᱤᱭᱤᱭᱟᱨᱠ ᱯᱚᱱᱚᱛ ᱟᱹᱱ ᱨᱮᱭᱟᱜ ᱥᱮᱞᱮᱫ ᱟᱱᱟᱜ) ᱦᱩᱭ ᱞᱮᱱᱠᱷᱟᱱ ᱫᱚᱲᱦᱟ ᱩᱭᱦᱟᱹᱨᱵᱷᱟᱵᱱᱟ ᱟᱫᱟᱞᱚᱛ ᱚᱱᱟ ᱫᱚᱭ ᱠᱷᱟᱨᱤᱪ ᱫᱟᱲᱮᱭᱟᱜᱼᱟ ᱾
वह इस रोज़मर्रा की ज़िंदगी से परे मामलों में गहरी दिलचस्पी रखता था ।	ᱢᱚᱦᱚᱢᱚᱫ ᱫᱚ ᱱᱚᱶᱟ ᱥᱚᱝᱥᱟᱨᱤᱠ ᱡᱤᱣᱚᱱ ᱠᱷᱚᱱ ᱯᱚᱨᱟᱣ ᱨᱮᱭᱟᱜ ᱢᱟᱹᱢᱞᱟᱹ ᱨᱮ ᱜᱟᱹᱦᱤᱨ ᱨᱩᱪᱤ ᱫᱚᱦᱚᱮᱫ ᱛᱟᱦᱮᱸᱡ᱾ ᱩᱱᱤ ᱪᱤᱱᱛᱟᱹ ᱞᱟᱹᱜᱤᱫ “ᱱᱩᱨ” (ᱯᱨᱚᱠᱟᱥ) ᱨᱮᱭᱟᱜ ᱵᱩᱨᱩ ᱨᱮ “ᱦᱤᱨᱟ‘” ᱧᱩᱛᱩᱢ ᱛᱮ ᱵᱟᱲᱟᱭ ᱡᱚᱝᱤᱡ ᱢᱤᱫᱴᱟᱹᱝ ᱜᱷᱚᱸᱜᱚᱨ ᱨᱮ ᱦᱮᱡ ᱵᱟᱲᱟᱜ ᱠᱟᱱᱟᱭ᱾
मैं इस की वजह से एक छुट्टी नहीं ले सकता.	ᱚᱱᱟ ᱞᱟᱹᱜᱤᱫᱛᱮ ᱪᱷᱩᱴᱤ ᱵᱟᱹᱧ ᱦᱟᱛᱟᱣ ᱫᱟᱲᱮᱭᱟᱜᱼᱟ ᱾
बच्चों के एक समूह को एक छोटा मूस (हिरण की प्रजाति) मिला और उन्होंने उसकी मदद करनी शुरू की।	ᱢᱤᱫ ᱜᱟᱫᱮᱞ ᱜᱤᱫᱽᱨᱟᱹ ᱢᱤᱫᱴᱟᱝ ᱪᱩᱴᱭᱟᱹ ᱠᱚ ᱯᱟᱸᱡᱟ ᱧᱟᱢ ᱠᱟᱛᱮ ᱩᱱᱤ ᱜᱚᱲᱚᱣᱟᱭ ᱠᱚ ᱮᱛᱚᱦᱚᱵ ᱟᱠᱟᱫᱟ ᱾
इन गैसों की जाँच करने पर एक व्यक्‍ति को यह पता चल जाता है कि उसे किस चीज़ की ज़रूरत है ।	ᱜᱮᱥᱴᱨᱳᱤᱱ ᱴᱮᱥᱴᱨᱟᱤᱱᱟᱞ ᱱᱟᱹᱞᱤ (ᱡᱤᱹᱟᱭ ᱱᱟᱹᱞᱤ, ᱯᱟᱪᱚᱠ ᱱᱟᱹᱞᱤ, ᱡᱚᱢ ᱱᱟᱹᱞᱤ) ᱦᱩᱭᱩᱜ ᱠᱟᱱᱟ ᱦᱟᱡᱟᱢᱡᱚᱱᱛᱚᱨ ᱱᱟᱹᱞᱤ ᱥᱮ ᱰᱟᱦᱟᱨ, ᱡᱟᱦᱟᱸ ᱢᱚᱪᱟ ᱠᱷᱚᱱ ᱤᱪᱦᱚᱨ ᱫᱷᱟᱹᱵᱤᱡ ᱪᱟᱞᱟᱜᱼᱟ ᱾
मुझे डर है कि फिल्म मेरे लिए बहुत अधिक गंभीर (तीव्र) हो सकती है और मैं इसे संभाल नहीं पाऊँगा।	ᱤᱧ ᱵᱚᱛᱚᱨᱚᱜ ᱠᱟᱱᱟ ᱡᱮ ᱪᱚᱞᱚᱛ ᱪᱤᱛᱟᱹᱨ ᱫᱚ ᱤᱧ ᱞᱟᱹᱜᱤᱫ ᱟᱹᱰᱤ ᱜᱟᱹᱦᱤᱨ ᱦᱩᱭ ᱫᱟᱲᱮᱭᱟᱜᱼᱟ ᱟᱨ ᱤᱧ ᱫᱚ ᱱᱚᱣᱟ ᱵᱟᱹᱧ ᱪᱟᱪᱟᱞᱟᱣ ᱫᱟᱲᱮᱭᱟᱜᱼᱟ ᱾
मेरे पास बारह कॉफ़ी हैं।	ᱤᱧ ᱴᱷᱮᱱ ᱜᱮᱞ ᱵᱟᱨ ᱜᱚᱴᱟᱝ ᱠᱚᱯᱷᱤ ᱢᱮᱱᱟᱜᱼᱟ ᱠᱚᱣᱟ।
एल्गोरिदम केवल किसी समस्या को हल करने के लिए चरणों की एक श्रृंखला है।	ᱢᱤᱫᱴᱟᱝ ᱮᱞᱜᱚᱨᱤᱫᱚᱢ ᱫᱚ ᱦᱩᱭᱩᱜ ᱠᱟᱱᱟ ᱢᱤᱫᱴᱟᱝ ᱟᱱᱟᱴ ᱥᱚᱞᱦᱮ ᱨᱮᱭᱟᱜ ᱠᱤᱪᱷᱩ ᱜᱟᱱ ᱦᱚᱨᱟ ᱾
मैं एक सप्ताह के लिए भेंट किया जाएगा.	ᱤᱧ ᱢᱤᱫ ᱥᱟᱯᱛᱟ ᱞᱟᱹᱜᱤᱫ ᱤᱧ ᱛᱩᱝᱠᱷᱤ ᱛᱚᱞᱚᱥᱟ ᱾
मैं उनमें से एक नोट बना देंगे.	ᱚᱱᱟᱠᱚ ᱛᱮ ᱤᱧ ᱢᱤᱫᱴᱟᱝ ᱱᱳᱴ ᱤᱧ ᱵᱮᱱᱟᱣᱼᱟ ᱾
स्टीवेन्सन अभिनेता मैकलीन स्टीवेन्सन के रिश्तेदार (सेकंड कजिन, वन्स रिमूव्ड) हैं।	ᱥᱴᱤᱵᱷᱮᱱᱥᱚᱱ ᱫᱚ ᱢᱤᱫᱦᱚᱲ ᱫᱚᱥᱟᱨ ᱢᱟᱨᱟᱝᱵᱟ ᱦᱚᱯᱚᱱᱮ ᱛᱟᱦᱮᱸ ᱠᱟᱱᱟ, ᱢᱤᱫᱼᱫᱷᱟᱣ ᱫᱚ ᱯᱟᱴᱷᱚᱠ ᱢᱮᱹᱠᱞᱤᱱ ᱥᱴᱤᱵᱷᱮᱱᱥᱚᱱ ᱴᱷᱮᱱ ᱠᱷᱚᱱ ᱵᱷᱮᱜᱟᱨ ᱦᱩᱭ ᱞᱮᱱᱟ ᱾
रामिन के मामले में जो विचार व्यक्त किया गया था वह Lallamasthy और याss. V. Wararth की राज्य (AIR 2006 SC66666.	ᱨᱚᱢᱮᱥ ᱠᱩᱢᱟᱨᱤᱭᱟᱜ ᱢᱟᱢᱞᱟᱨᱮ (ᱥᱩᱯᱨᱟ) ᱡᱟᱸᱦᱟ ᱧᱮᱞᱦᱚᱨᱟ ᱥᱚᱫᱚᱨ ᱦᱩᱭᱞᱮᱱᱟ ᱚᱱᱟ ᱞᱟᱞᱚᱱ ᱪᱳᱣᱰᱷᱨᱤ ᱟᱨ ᱳᱨᱥᱮ ᱨᱮ ᱫᱚᱲᱦᱟ ᱩᱪᱷᱟᱹᱱ ᱦᱩᱭᱞᱮᱱᱟ ᱾ ᱵᱷᱤ ᱵᱤᱦᱟᱨ ᱯᱚᱱᱚᱛ (ᱮ ᱟᱭ ᱟᱨ ᱒᱐᱐᱖ ᱮᱥ ᱥᱤ ᱓᱓᱗᱖ ) ᱾
महान मिस्री संग्रहालय है लंबे समय तक का प्रवेश करने के लिए मध्यन तार में मिस्री संग्रहालय, बहुत बड़े प्रदर्शन, भंडार और काम क्षेत्रों के साथ।	ᱢᱤᱫᱴᱟᱝ ᱟᱹᱰᱤ ᱞᱟᱹᱴᱩ ᱩᱫᱩᱜᱥᱚᱫᱚᱨ, ᱨᱟᱠᱷᱟᱫᱚᱦᱚ ᱚᱲᱟᱜ ᱟᱨ ᱠᱟᱹᱢᱤ ᱴᱷᱟᱶ ᱥᱟᱶᱛᱮ ᱛᱟᱦᱚᱨᱤ ᱴᱟᱸᱰᱤ ᱨᱮ ᱜᱨᱟᱱᱰ ᱢᱤᱥᱳᱨᱤᱭᱟᱹ ᱡᱟᱹᱫᱩᱚᱲᱟᱜ ᱦᱩᱭᱩᱜ ᱠᱟᱱᱟ ᱢᱟᱨᱮ ᱢᱤᱥᱚᱨᱤᱭᱟᱹ ᱡᱟᱹᱫᱩᱚᱲᱟᱜ ᱡᱮᱞᱮᱧ ᱛᱟᱸᱜᱤ ᱛᱟᱭᱚᱢ ᱮᱛᱚᱦᱚᱵ ᱛᱷᱟᱯᱚᱱ ᱾
मेरे पास चालीस सात पानी हैं।	ᱤᱧ ᱴᱷᱮᱱ ᱯᱩᱱ ᱜᱮᱞ ᱮᱭᱟᱭ ᱜᱚᱴᱟᱝ ᱫᱟᱜ ᱢᱮᱱᱟᱜᱼᱟ ᱠᱚᱣᱟ।
मुझे नहीं पता था कि हम दोनों का जन्मदिन एक ही दिन है!	ᱤᱧ ᱵᱟᱹᱧ ᱵᱟᱰᱟᱭᱟ ᱟᱞᱟᱝ ᱵᱟᱱᱟᱼᱦᱚᱲᱟᱜ ᱡᱟᱱᱟᱢ ᱢᱟᱦᱟ ᱢᱤᱫ ᱫᱤᱱᱨᱮ ᱛᱟᱦᱮᱸ ᱠᱟᱱᱟ !
हम भी कुछ महत्वपूर्ण भाषणों को संगठित करने जा रहे हैं, जिनमें 'एविडिटी का अनुपालन' का कार्यक्रम शामिल है।	ᱟᱞᱮ ᱫᱚ 'ᱟᱡᱟᱫᱤ ᱠᱟ ᱟᱢᱨᱤᱛ ᱢᱚᱦᱳᱛᱥᱚᱵ' ᱨᱮᱭᱟᱜ ᱯᱨᱳᱜᱨᱟᱢ ᱢᱟᱱᱟᱣ ᱥᱟᱶ ᱠᱚᱭᱮᱠᱴᱤ ᱧᱩᱢᱟᱱᱟᱜ ᱞᱮᱠᱪᱟᱨ ᱥᱟᱯᱲᱟᱣ ᱞᱮ ᱪᱟᱞᱟᱜᱽ ᱠᱟᱱᱟ ᱾
डेटा को टेलीफोन लाइन पर संयोजित या मल्टीप्लेक्स किया जाता है।	ᱰᱮᱴᱟ ᱴᱮᱞᱤᱯᱷᱳᱱ ᱞᱟᱹᱭᱤᱱ ᱨᱮ ᱡᱟᱣᱨᱟ ᱥᱮ ᱢᱟᱞᱴᱤᱯᱞᱮᱠᱥ ᱠᱚᱨᱟᱣ ᱦᱩᱭᱩᱜᱼᱟ ᱾
उन्होंने होलोकॉस्ट के दौरान लगभग 1,000 यहूदी बच्चों को बचाने में भाग लिया।	ᱩᱱᱤ ᱫᱚ ᱦᱞᱳᱠᱟᱥᱴ ᱚᱠᱛᱚ ᱯᱨᱟᱭ ᱑,᱐᱐᱐ ᱤᱦᱩᱫᱤ ᱜᱤᱫᱽᱨᱟᱹ ᱠᱚ ᱵᱟᱧᱪᱟᱣ ᱨᱮᱭ ᱥᱮᱞᱮᱫ ᱞᱮᱱᱟ ᱾
Asassssssss-gs और Bund- bugs गरीब हैं, अपने होस्ट के घर या आवास में रहने के लिए अनुकूल है.	ᱟᱥᱮᱥᱤᱱ-ᱵᱟᱜ ᱟᱨ ᱵᱮᱴ-ᱵᱟᱜ ᱵᱟᱱᱟᱨ ᱜᱮ ᱱᱤᱰᱤᱠᱳᱞᱚᱥ ᱠᱟᱱᱟ, ᱡᱟᱦᱟᱱ ᱫᱚ ᱟᱭ ᱨᱮ ᱯᱮᱲᱟ ᱣᱟᱜ ᱚᱲᱟᱜ ᱟᱨ ᱟᱲᱟᱜ ᱨᱮ ᱛᱟᱦᱮᱱ ᱞᱟᱹᱜᱤᱫ ᱜᱟᱱᱚᱜ ᱞᱮᱠᱟᱭ ᱵᱮᱱᱟᱣᱟ᱾
20 सितंबर 1970 को उत्तर प्रदेश के किसानों के एक परिवार में जन्मे।	ᱩᱛᱛᱚᱨ ᱯᱨᱚᱫᱮᱥ ᱨᱮᱭᱟᱜ ᱪᱟᱹᱥᱤ ᱜᱷᱟᱸᱨᱚᱡᱽ ᱨᱮ ᱑᱙᱗᱐ ᱥᱟᱞ ᱨᱮᱭᱟᱜ ᱒᱐ ᱥᱮᱯᱴᱮᱢᱵᱚᱨ ᱨᱮᱭ ᱡᱟᱱᱟᱢ ᱞᱮᱱᱟ ᱾
वह क्रैचिट परिवार को उनके छुट्टी के रात्रिभोज के लिए एक शानदार टर्की भेजता है।	ᱩᱱᱤ ᱫᱚ ᱠᱨᱟᱪᱤᱴ ᱜᱷᱟᱸᱨᱚᱡᱽ ᱩᱱᱠᱩᱣᱟᱜ ᱪᱷᱩᱴᱤ ᱦᱤᱞᱳᱜᱼᱟ ᱠᱤᱫᱩᱵᱽ ᱞᱟᱹᱜᱤᱫ ᱢᱤᱫᱴᱟᱝ ᱥᱤᱨᱯᱟᱹ ᱴᱟᱨᱠᱤᱭ ᱵᱷᱮᱡᱟ ᱞᱮᱫᱟ ᱾
बाद में	ᱛᱟᱭᱚᱢ ᱛᱮ
ख़ास विवाह कार्य के अधीन एक संयुक्‍त समूह के अधीन रहने के लिए कौनसे क़दम उठाए जाने हैं?	ᱥᱚᱨᱮᱥ ᱵᱟᱯᱞᱟ ᱟᱹᱱ ᱟᱶᱛᱟ ᱨᱮ ᱢᱤᱫᱴᱟᱝ ᱢᱤᱫᱟᱠᱟᱱ ᱦᱚᱞᱚᱯᱱᱟᱢᱟ ᱡᱚᱢᱟ ᱮᱢᱚᱜ ᱞᱟᱹᱜᱤᱫ ᱚᱠᱟ ᱯᱟᱹᱣᱲᱤ ᱠᱚ ᱯᱟᱡᱟᱸᱭ ᱦᱩᱭᱩᱜᱼᱟ ?
मैकडॉनल्ड्स का वह विज्ञापन जिसमें एक ग्राहक एक महिला कर्मचारी से फ़्लर्ट करता है, अपमानजनक है और इसका उद्देश्य महिलाओं को वस्तु के रूप में पेश करना है।	ᱢᱮᱠᱰᱚᱱᱟᱞᱥ ᱨᱮᱭᱟᱜ ᱰᱷᱟᱹᱨᱣᱟᱹᱜ ᱡᱟᱦᱟᱨᱮ ᱢᱤᱫ ᱦᱚᱲ ᱠᱤᱨᱤᱧᱤᱭᱟᱹ ᱢᱤᱫ ᱛᱤᱨᱞᱟᱹ ᱠᱟᱹᱢᱤᱭᱟᱹ ᱥᱟᱶ ᱟᱯᱚᱛᱛᱤ ᱟᱱᱟᱜ ᱯᱷᱞᱟᱴᱨᱮ ᱠᱚᱨᱟᱣ ᱟᱠᱟᱫᱟ ᱟᱨ ᱛᱤᱨᱞᱟᱹ ᱠᱚ ᱵᱟᱵᱚᱫᱛᱮ  ᱡᱤᱣᱤᱭ ᱩᱡᱟᱹᱲ ᱞᱟᱹᱜᱤᱫ ᱾
कुछ और ज़रूरी फसलें हैं, गेहूँ, सुलैमान, सुलैमान और सुलैमान ।	ᱮᱴᱟᱜ ᱧᱩᱛᱩᱢᱟᱱ ᱟᱱᱟᱡᱠᱩ ᱦᱩᱭᱩᱜᱽᱠᱟᱱᱟ ᱦᱩᱲᱩ, ᱛᱩᱞᱟᱹᱢ, ᱟᱹᱠᱷ, ᱵᱟᱡᱨᱟ, ᱨᱟᱜᱤ, ᱡᱳᱣᱟᱨ, ᱡᱚᱸᱰᱨᱟ, ᱵᱟᱨᱞᱤ ᱟᱨ ᱡᱚᱠᱩ ᱾
क्या उत्तर- पूर्वी व्यंजन आम तौर पर स्वादिष्ट हैं?	ᱩᱛᱛᱟᱹᱨᱼᱯᱩᱨᱩᱵ ᱨᱮᱭᱟᱜ ᱡᱚᱢᱟᱜ ᱫᱚ ᱪᱮᱫ ᱢᱚᱥᱞᱟ ᱟᱱᱟᱜ ᱜᱮᱭᱟ ?
इस जंग में जीत हासिल करनेवालों ने ऐसे विश्‍वासपूर्ण प्रदर्शनों को अनदेखा किया!	ᱜᱟᱹᱠᱷᱩᱲ ᱮᱱᱥᱮᱢᱵᱚᱞ ᱠᱟᱥᱴ ᱡᱟᱦᱟᱸ ᱞᱮᱠᱟ ᱯᱟᱹᱛᱤᱭᱟᱹᱣ ᱟᱱᱟᱜ ᱯᱟᱨᱯᱷᱚᱨᱢᱮᱱᱥ ᱥᱟᱨᱵᱷᱟᱨ ᱟᱭ !
इसलिए यह रिपोर्ट गॉर के अधिकारियों को भेजी गयी ।	ᱚᱱᱟ ᱞᱮᱠᱟᱛᱮ, ᱮᱢ ᱟᱠᱟᱱ ᱨᱤᱯᱳᱨᱴ ᱜᱩᱡᱨᱟᱴᱨᱮᱱ ᱟᱹᱢᱟᱹᱞᱤᱭᱟᱹ ᱠᱚᱴᱷᱮᱱ ᱠᱳᱞ ᱦᱩᱭᱞᱮᱱᱟ ᱾
हा हाँ!	ᱦᱟ ᱦᱟ ᱦᱮᱸ !
वर्षों को किस प्रकार बोला जाए, इस पर कई बहसें हैं।	ᱥᱮᱨᱢᱟ ᱠᱚᱨᱮ ᱚᱠᱟᱞᱮᱠᱟᱛᱮ ᱠᱟᱛᱷᱟ ᱨᱚᱲ ᱦᱩᱭᱩᱜᱼᱟ ᱚᱱᱟ ᱤᱫᱤ ᱠᱟᱛᱮ ᱟᱭᱢᱟ ᱨᱟᱯᱟᱪᱟᱜ ᱢᱮᱱᱟᱜᱼᱟ ᱾
ऑस्ट्रिया के आर्कड्यूक फ्रांज फर्डिनेंड की 1914 में हत्या कर दी गई थी।	᱑᱙᱑᱔ ᱥᱟᱞᱨᱮ ᱚᱥᱴᱨᱤᱭᱟᱨᱮᱱ ᱟᱨᱪᱰᱤᱭᱩᱠ ᱯᱷᱨᱟᱱᱪ ᱯᱷᱟᱨᱰᱤᱱᱟᱱᱰ ᱠᱚ ᱜᱚᱡᱽ ᱞᱮᱫᱮᱭᱟ ᱾
इस नदी ने सबसे प्राचीन मानवी नागरिकीकरण की शुरूआत की, इंदु का गृहीकरण और उसमें एक बड़ा ऐतिहासिक मूल्य रखा ।	ᱱᱚᱶᱟ ᱱᱟᱹᱭ ᱫᱚ ᱢᱟᱨᱟᱝ ᱩᱛᱟᱹᱨᱟᱱ ᱥᱮᱫᱟᱭ ᱢᱟᱹᱱᱢᱤ ᱥᱚᱥᱱᱚᱜ, ᱥᱤᱱᱫᱷᱩ ᱥᱚᱥᱱᱚᱜ ᱮ ᱡᱟᱱᱟᱢ ᱟᱠᱟᱫᱟ ᱟᱨ ᱢᱤᱫ ᱢᱟᱨᱟᱝ ᱱᱟᱜᱟᱢᱤᱭᱟᱹ ᱜᱚᱱᱚᱝ ᱮ ᱦᱟᱛᱟᱣ ᱟᱠᱟᱫᱟ ᱾
मैं भारत में साहित्यिक कला के बारे में कुछ सवाल पूछना चाहता हूँ.	ᱤᱧ ᱟᱢ ᱵᱷᱟᱨᱚᱛ ᱨᱮᱭᱟᱜ ᱥᱟᱶᱦᱮᱫ ᱠᱟᱹᱨᱤ ᱤᱫᱤ ᱠᱟᱛᱮᱜ ᱠᱤᱪᱷᱤ ᱠᱩᱠᱞᱤᱧ ᱠᱩᱞᱤ ᱢᱮᱭᱟ ?
कुछ देशों में कर देने के लिए यात्रा करनेवाले अकसर ढेर सारा पैसा बचा सकते हैं, खासकर शराब और तंबाकू जैसी चीज़ें ।	ᱦᱟᱢᱟᱞ ᱠᱟᱨᱟᱫᱷᱚᱨ ᱨᱤᱱ ᱫᱤᱥᱚᱢ ᱠᱚ ᱞᱟᱹᱜᱤᱫ ᱵᱟᱫᱷᱭᱚ ᱭᱟᱹᱛᱨᱭ ᱞᱟᱹᱜᱤᱫ ᱠᱚ ᱦᱚᱸ ᱚᱠᱟᱼᱚᱠᱟ ᱡᱷᱚᱜ ᱟᱹᱰᱤᱜᱟᱱ ᱯᱩᱭᱥᱟᱹ ᱵᱟᱸᱪᱟᱣ ᱫᱟᱲᱮᱭᱟᱜᱼᱟ ᱠᱚ, ᱢᱮᱱᱠᱷᱟᱱ ᱢᱟᱫᱟᱹᱠ ᱧᱩᱸ, ᱯᱚᱫᱟᱨᱛᱷ ᱟᱨ ᱫᱚᱠᱛᱟ ᱞᱮᱠᱷᱟ ᱩᱛᱯᱟᱹᱫᱽ᱾
मई 29 में सुरक्षा बल बलियों ने एक प्रदर्शन पर हमला किया... ... के-हरो-कोम के पड़ोस में गैस और गोलियों के साथ.	ᱴᱤᱭᱟᱨ ᱜᱮᱥ ᱟᱨ ᱜᱳᱞᱟᱠᱚ ᱥᱟᱶᱛᱮ ᱒᱙ ᱥᱟ ᱢᱮ ᱠᱷᱟᱨᱛᱩᱢ ᱨᱮᱭᱟᱜ ᱟᱞᱼᱠᱟᱠᱟᱠᱚᱞᱟ ᱥᱩᱨᱥᱩᱯᱩᱨ ᱴᱚᱴᱷᱟ ᱨᱮ ᱨᱩᱠᱷᱟᱹᱭᱟᱹ ᱯᱷᱟᱹᱫ ᱢᱤᱫᱴᱟᱝ ᱟᱸᱫᱳᱲ ᱠᱚ ᱩᱫᱩᱜ ᱥᱚᱫᱯᱨ ᱞᱮᱫᱟ ᱾
शायद पास की ओर एक और बगुलिया हो क्योंकि यह पतली - पतली होती है ।	ᱠᱨᱟᱥᱴ ᱱᱟᱱᱦᱟ ᱠᱷᱟᱹᱛᱤᱨ ᱛᱮ ᱥᱩᱨ ᱥᱮᱫ ᱟᱨᱦᱚᱸ ᱢᱟᱨᱤᱭᱟ ᱛᱟᱦᱮᱸ ᱫᱟᱲᱮᱭᱟᱜᱼᱟ᱾ᱱᱚᱣᱟ ᱫᱚ ᱞᱟᱵᱷᱟ ᱥᱟᱨᱯᱷᱮᱥ ᱪᱮᱛᱟᱱ ᱨᱮ ᱨᱟᱠᱟᱵ ᱦᱮᱡ ᱞᱟᱹᱜᱤᱫ ᱟᱞᱜᱟ ᱜᱮ ᱛᱟᱦᱮᱸ ᱠᱟᱱᱟ᱾
हैलो, साहब, मैं कहाँ शिकायत दर्ज कर सकते हैं?	ᱦᱮᱞᱳ, ᱥᱮᱨ, ᱤᱧ ᱛᱤᱱᱨᱮ ᱞᱟᱹᱞᱤᱥᱤᱧ ᱚᱞ ᱫᱟᱲᱮᱭᱟᱜᱼᱟ ?
सीHRI भी सभी लोगों को गारंटी देता है कि "अपने देश के सार्वजनिक मामलों के प्रशासन में, सीधे या अन्य रूप से भाग लेने के लिए"।	ᱥᱤᱹᱰᱤᱹᱮᱭᱤᱪᱹᱟᱨᱹᱟᱭ ᱡᱚᱛᱚᱜᱮ "ᱟᱭᱟᱜ ᱫᱤᱥᱚᱢ ᱨᱮᱱ ᱥᱟᱫᱷᱟᱨᱚᱱ ᱯᱨᱚᱥᱟᱥᱚᱱ ᱨᱮ ᱥᱟᱢᱟᱝ ᱫᱟᱯᱨᱟᱢ ᱵᱟᱝᱠᱷᱟᱱ ᱮᱴᱟᱜᱫᱟᱨᱟᱭ ᱛᱮ ᱥᱮᱞᱮᱫ ᱨᱮᱭᱟᱜ ᱟᱹᱭᱫᱟᱹᱨ" ᱨᱮᱭᱟᱜ ᱠᱤᱨᱭᱟᱹᱭ ᱮᱢ ᱞᱮᱫᱟ ᱾
ओवरबुकिंग के कारण आपकी फ्लाइट छूटने के लिए हम क्षमा चाहते हैं।	ᱟᱢᱟᱜ ᱯᱷᱟᱭᱤᱴ ᱵᱟᱝᱞᱮ ᱥᱟᱵ ᱦᱚᱪᱚ ᱫᱟᱲᱮᱭᱟᱜ ᱢᱮᱛᱮ ᱤᱠᱟᱹ ᱞᱮ ᱠᱷᱚᱡ ᱠᱟᱱᱟ ᱠᱟᱨᱚ ᱟᱞᱮᱭᱟᱜ ᱟᱹᱰᱤ ᱵᱟᱹᱲᱛᱤ ᱵᱩᱠ ᱢᱮᱱᱟᱜᱼᱟ ᱾
समय के गुज़रते, जैसे - जैसे नयी जनसंख्या अपने नए वातावरण के अनुकूल होने लगती है, वे अन्य जनसंख्या की तरह कम और कम दिखने लगते हैं ।	ᱚᱠᱛᱚ ᱥᱟᱶ, ᱱᱟᱶᱟ ᱦᱚᱲ ᱠᱚ ᱡᱚᱠᱷᱚᱱ ᱟᱠᱚᱣᱟᱜ ᱱᱟᱶᱟ ᱥᱟᱪᱟᱨᱦᱮ ᱠᱚ ᱦᱟᱛᱟᱣᱟ, ᱩᱱᱠᱩ ᱫᱚ ᱮᱴᱟᱜ ᱦᱚᱲ ᱠᱚ ᱞᱮᱠᱟ ᱠᱟᱹᱡ~ᱠᱟᱹᱡ ᱠᱚ ᱧᱮᱞ ᱤᱫᱤᱜᱼᱟ᱾
रात के बीच 150 से 200 प्रतियाँ बनाई गयीं, अब "ड्राइट कवरों के रूप में जाना जाता है।"	ᱧᱤᱫᱟᱹ ᱦᱟᱹᱵᱤᱡ ᱛᱮ ᱑᱕᱐ ᱟᱨ ᱒᱐᱐ ᱯᱨᱟᱛᱤ ᱵᱟᱱᱟᱣ ᱦᱩᱭ ᱞᱮᱱᱟ, ᱡᱟᱦᱟᱸ ᱫᱚ ᱱᱤᱛ "ᱰᱟᱱᱞᱚᱯ ᱵᱽᱨᱟᱰᱥᱟᱭᱤᱰᱥ" ᱨᱮᱱᱟᱜ ᱨᱩᱯ ᱨᱮ ᱵᱟᱰᱟᱭᱚᱜ ᱠᱟᱱᱟ᱾
मेरे पास दस चाय हैं।	ᱤᱧ ᱴᱷᱮᱱ ᱜᱮᱞ ᱜᱚᱴᱟᱝ ᱪᱟ ᱢᱮᱱᱟᱜᱼᱟ ᱠᱚᱣᱟ।
अमरीका के सबसे बड़े राज्य निगमों की 2018वीं सूची है ।	ᱡᱚᱛᱚᱨᱮ ᱟᱹᱠᱷᱨᱤᱧ ᱜᱚᱱᱚᱝ ᱦᱟᱨ ᱒᱐᱑᱘ ᱯᱷᱚᱨᱪᱩᱱ ᱕᱐᱐ ᱨᱮᱭᱟᱜ ᱢᱟᱨᱠᱤᱱ ᱡᱩᱠᱛᱚ ᱨᱟᱥᱴᱨᱚ ᱨᱮᱭᱟᱜ ᱞᱟᱹᱴᱩ ᱜᱟᱶᱛᱟ ᱠᱚ ᱛᱟᱹᱞᱤᱠᱟ ᱨᱮ ᱘᱖ ᱟᱱᱟᱜ ᱴᱷᱟᱶ ᱮ ᱦᱟᱢᱮᱴ ᱞᱮᱫᱟ ᱟᱢᱮᱨᱤᱠᱟᱱ ᱮᱠᱥᱯᱨᱮᱥ ᱾
गार्ड ने कहा कि आज भीड़ कम है। इसलिए वह हमें यहाँ अधिक देर तक रुकने दे रहा है।	ᱜᱟᱨᱰ ᱮ ᱞᱟᱹᱭᱠᱮᱫᱟ, ᱛᱮᱦᱮᱧ ᱫᱚ ᱵᱷᱤᱲ ᱟᱹᱰᱤ ᱠᱚᱢ ᱜᱮᱭᱟ ᱾ ᱚᱱᱟᱛᱮ ᱩᱱᱤ ᱫᱚ ᱛᱮᱦᱮᱧ ᱟᱞᱮ ᱱᱚᱸᱰᱮ ᱟᱹᱰᱤ ᱜᱷᱟᱹᱲᱤᱡ ᱮ ᱛᱟᱦᱮᱸ ᱚᱪᱚ ᱟᱞᱮ ᱠᱟᱱᱟ ᱾
तुम कभी कपड़े मत रखो.	ᱟᱢ ᱞᱩᱜᱽᱲᱤ ᱮᱠᱟᱞ ᱟᱞᱚᱢ ᱞᱟᱹᱴᱩᱢᱼᱟ ᱾
उनका विवाह 1945 से लेकर 1984 में अपनी मृत्यु तक अल्थिया पार्कर से रहा।	ᱩᱱᱤ ᱫᱚ ᱑᱙᱔᱕ ᱠᱷᱚᱱ ᱑᱙᱘᱔ ᱥᱟᱞ ᱟᱡᱟᱜ ᱜᱩᱡᱩᱜ ᱞᱟᱦᱟ ᱦᱟᱹᱵᱤᱡ ᱟᱞᱛᱷᱤᱭᱟ ᱯᱟᱨᱠᱟᱨ ᱥᱟᱞᱟᱜ ᱮ ᱵᱟᱯᱞᱟ ᱞᱮᱱᱟ ᱾
इसका उपयोग लोगों से कॉपीराइट कानूनों का पालन करवाने के लिए किया जाता है।	ᱱᱚᱶᱟ ᱫᱚ ᱦᱚᱲᱠᱚᱣᱟᱜ ᱠᱚᱯᱤᱨᱟᱭᱤᱴ ᱟᱹᱱ ᱯᱤᱪᱷᱟᱹᱭ ᱞᱟᱹᱜᱤᱫ ᱵᱮᱣᱦᱟᱨᱚᱜᱼᱟ ᱾
मैं तुरंत आपके शिकायतों को आगे बढ़ा देंगे.	ᱤᱧ ᱟᱹᱰᱤ ᱩᱥᱟᱹᱨᱟ ᱟᱢᱟᱜ ᱞᱟᱹᱞᱤᱥ ᱥᱩᱯᱟᱨᱵᱷᱟᱭᱡᱟᱨ ᱴᱷᱮᱱᱤᱧ ᱠᱩᱞᱼᱟ ᱾
मैंने इस शहर के हर स्टोर पर कॉल करने की कोशिश की, लेकिन उनके पास बिक्री के लिए कोई डिशवॉशर नहीं है।	ᱤᱧ ᱱᱚᱶᱟ ᱥᱟᱦᱟᱨ ᱨᱮᱭᱟᱜ ᱢᱤᱢᱤᱫ ᱫᱳᱠᱟᱱ ᱨᱮ ᱠᱚᱞ ᱨᱮᱭᱟᱜᱤᱧ ᱠᱩᱨᱩᱢᱩᱴᱩ ᱟᱠᱟᱫᱟ, ᱢᱮᱱᱠᱷᱟᱱ ᱩᱝᱠᱩᱣᱟᱜ ᱟᱹᱠᱷᱨᱤᱧ ᱞᱟᱹᱜᱤᱫ ᱢᱤᱫᱴᱟᱝ ᱦᱚᱸ ᱰᱤᱥᱳᱣᱟᱥᱟᱨ ᱵᱟᱹᱱᱩᱜᱼᱟ ᱾
अब लोग कंप्यूटर स्क्रीन पर संदेश लिख रहे हैं, और कभी - भी तेज़ होने के करीब नहीं आते ।	ᱦᱚᱲ ᱠᱚ ᱱᱤᱛ ᱠᱚᱢᱯᱭᱩᱴᱟᱨ ᱥᱠᱨᱤᱱ ᱨᱮ ᱠᱷᱚᱵᱚᱨ ᱠᱚ ᱚᱞᱮᱫᱼᱟ, ᱡᱟᱦᱟᱸ ᱛᱤᱱ ᱨᱮᱜᱮ ᱥᱟᱨᱯᱱᱟᱨ ᱨᱮᱱᱟᱜ ᱥᱩᱨ ᱫᱚ ᱵᱟᱝ ᱦᱤᱡᱩᱜ ᱠᱟᱱᱟ᱾
इसमें छः खंड हैं जिनमें सृजनात्मक और वैज्ञानिक रचना के पाँच आश्‍चर्यजनक कार्य हैं, जिनमें भू - विज्ञान, भूविज्ञान, आर्थिक सुंदरता, और कला हैं ।	ᱱᱚᱸᱰᱮ ᱯᱨᱚᱛᱱᱚᱛᱚᱛᱛᱚ, ᱵᱷᱩᱛᱚᱛᱛᱚ, ᱱᱟᱯᱟᱭ ᱠᱟᱹᱣᱰᱤᱟᱹᱨᱤ ᱟᱨ ᱜᱚᱲᱦᱚᱱ ᱟᱱᱟᱜ ᱠᱟᱹᱨᱤ ᱟᱨ ᱥᱟᱸᱲᱮᱥ ᱠᱟᱢᱤ ᱨᱮᱭᱟᱜ ᱢᱚᱸᱲᱮ ᱜᱚᱴᱟᱝ ᱜᱮᱞᱟᱨᱤ ᱥᱟᱶᱛᱮ ᱛᱩᱨᱩᱭ ᱜᱚᱴᱟᱝ ᱛᱷᱚᱱᱚᱛ ᱢᱮᱱᱟᱜᱼᱟ ᱿
लेकिन एक उच्च और उत्तम सिद्धांत के लिए भक्‍ति के माध्यम से इंसान का बहादुर काम किया गया.	ᱢᱮᱱᱠᱷᱟᱱ ᱢᱚᱝᱜᱚᱞ ᱯᱟᱱᱰᱮᱭᱟᱜ ᱫᱤᱞ ᱟᱱ ᱠᱟᱹᱢᱤ ᱫᱚ ᱢᱤᱫ ᱞᱟᱯᱷᱟᱝ ᱟᱨ ᱢᱚᱦᱚᱛᱟᱱ ᱟᱹᱨᱤ ᱪᱮᱛᱟᱱ ᱜᱚᱨᱚᱡ ᱛᱟᱞᱟᱛᱮ ᱠᱚᱨᱟᱣ ᱦᱩᱭᱞᱮᱱᱟ ᱾
अरे वाह! कौन जानता था कि श्याम इतना तेज धावक है?	ᱳᱣᱟᱦ! ᱚᱠᱚᱭ ᱵᱟᱰᱟᱭᱠᱟᱱ ᱛᱟᱦᱮᱸᱠᱟᱱᱟ ᱥᱮᱢ ᱫᱚ ᱱᱩᱱᱟᱹᱜ ᱛᱟᱹᱯᱤᱫ ᱫᱟᱹᱲ ᱜᱟᱹᱠᱷᱩᱲᱼᱮ ᱛᱟᱦᱮᱸᱠᱟᱱᱟ ᱢᱮᱱᱛᱮ ?
2010 में उन्हें इंटरनेशनल वूमेन ऑफ करेज अवार्ड मिला।	᱒᱐᱑᱐ ᱥᱟᱞ ᱨᱮ ᱩᱱᱤᱫᱚ ᱡᱮᱜᱮᱛᱤᱭᱟᱹ ᱫᱤᱞᱜᱟᱹᱨᱭᱟᱹ ᱥᱤᱨᱯᱟᱹᱭ ᱧᱟᱢ ᱞᱮᱫᱟ ᱾
मैं खो गया हूँ	ᱤᱧ ᱟᱫ ᱟᱠᱟᱱᱟᱹᱧ
वैज्ञानिक अंतरिक्ष में दूरदर्शी का प्रयोग करते हैं क्योंकि पृथ्वी का वायुमंडल हमारे प्रकाश और दृष्टिकोण को उलट देता है ।	ᱩᱯᱜᱽᱨᱚᱦ ᱫᱚ ᱢᱤᱫ ᱨᱚᱠᱮᱴ ᱛᱮ ᱚᱱᱛᱚᱨᱤᱠᱥ ᱨᱮ ᱠᱚ ᱵᱷᱮᱡᱟᱭᱟ᱾ ᱵᱚᱭᱜᱟᱱᱤᱠ ᱚᱱᱛᱚᱨᱤᱠᱥ ᱨᱮ ᱫᱩᱨᱵᱤᱱᱫ ᱨᱮᱭᱟᱜ ᱠᱚ ᱵᱮᱵᱷᱟᱨᱮᱫᱼᱟ ᱪᱮᱫᱟᱜ ᱥᱮ ᱫᱷᱟᱹᱨᱛᱤ ᱨᱮᱭᱟᱜ ᱣᱟᱭᱩᱢᱚᱱᱰᱚᱞ ᱟᱵᱚᱱᱟᱜ ᱛᱤᱱᱟᱹᱜ ᱜᱟᱱ ᱟᱨᱥᱟᱞ ᱟᱨ ᱧᱮᱞ ᱠᱚ ᱠᱷᱟᱨᱟᱯ ᱠᱟᱜ ᱠᱟᱱᱟᱭ᱾
योजना नैशनल विद्वानल पोर्टल के माध्यम से लागू की गयी है.	ᱥᱠᱤᱢ ᱫᱚ ᱱᱮᱥᱚᱱᱟᱞ ᱥᱠᱚᱞᱟᱨᱥᱤᱯ ᱯᱳᱨᱴᱟᱞ (ᱮᱱᱮᱥᱯᱤ) ᱛᱚᱨᱚᱯ ᱠᱷᱚᱱ ᱞᱟᱹᱜᱩᱣᱟᱠᱟᱱᱟ ᱾
मिस्र में खेती नील नदी के चक्र पर निर्भर थी।	ᱢᱤᱥᱚᱨ ᱨᱮᱭᱟᱜ ᱪᱟᱥ ᱟᱵᱟᱫ ᱠᱟᱹᱢᱤᱫᱚ  ᱛᱟᱦᱮᱸ ᱠᱟᱱᱟ ᱜᱰᱟ ᱟᱲᱮ ᱰᱷᱤᱯᱟᱹᱧ ᱪᱮᱛᱟᱱ ᱨᱮ ᱴᱮᱦᱟᱴ ᱛᱟᱦᱮᱸ ᱠᱟᱱᱟ
मैं तो, सुनिश्चित करने के लिए अगली बार आ जाएगा.	ᱮᱱᱠᱷᱟᱱ ᱤᱧᱫᱚ ᱛᱟᱭᱚᱢ ᱫᱟᱨᱟᱢ ᱫᱚᱧ ᱦᱤᱡᱩᱜ ᱠᱟᱱ ᱜᱮᱭᱟ,ᱥᱟᱹᱨᱤᱜᱮ !
काला, आप काम करने के लिए कब वापस आ रहे हैं?	ᱠᱚᱢᱚᱞᱟ, ᱟᱢ ᱛᱤᱱᱨᱮ ᱠᱟᱹᱢᱤᱨᱮᱢ ᱨᱩᱣᱟᱹᱲ ᱠᱟᱱᱟ ?
सफ़री एजेंटों द्वारा पहली बार या सीधे होटल के साथ नहीं, कोई सुधार या निवेदन किया जाना चाहिए.	ᱡᱟᱦᱟᱸ ᱜᱮ ᱥᱩᱫᱷᱨᱟᱹᱣ ᱥᱮ ᱟᱱᱩᱨᱳᱫᱷ ᱦᱚᱭ ᱛᱚ ᱴᱨᱮᱵᱷᱟᱞ ᱮᱡᱮᱱᱴ ᱨᱮᱱᱟᱜ ᱢᱟᱫᱷᱭᱚᱢ ᱠᱷᱚᱱ ᱢᱟᱲᱟᱝ ᱟᱨ ᱦᱚᱴᱚᱞ ᱥᱟᱶ ᱥᱚᱡᱷᱮ ᱦᱩᱭᱩᱜ ᱢᱟ᱾
बहुत बहुत धन्यवाद!	ᱟᱢ ᱟᱭᱢᱟ ᱥᱟᱨᱦᱟᱣ ᱾
क्योंकि पिग्मी पूर्व पूर्व है, यह गर्मी गर्म है जब यह उत्तरी बूथ में सर्दियों है और वापस आ रहा है.	ᱪᱮᱫᱟᱜ ᱥᱮ ᱢᱳᱱᱴᱮᱣᱤᱰᱤᱭᱳ ᱵᱷᱩᱢᱚᱫᱷᱭᱚ ᱨᱮᱠᱷᱟ ᱨᱮᱭᱟᱜ ᱠᱚᱧᱮ ᱥᱮᱫ ᱨᱮ ᱢᱮᱱᱟᱭ-ᱟ, ᱚᱱᱟ ᱠᱷᱟᱹᱛᱤᱨ ᱛᱮ ᱚᱱᱰᱮ ᱜᱚᱨᱚᱢ ᱢᱮᱱᱟᱜᱼᱟ ᱡᱚᱠᱷᱚᱱ ᱚᱱᱟ ᱮᱛᱚᱢ ᱜᱚᱞᱟᱨᱫᱷ ᱨᱮ ᱨᱟᱵᱟᱝ ᱢᱮᱱᱟᱜᱼᱟ ᱟᱨ ᱚᱱᱟ ᱨᱮᱭᱟᱜ ᱩᱞᱴᱟᱹ᱾
एक सहवास या तो "डाह" हो सकता है या तो द्रव की मात्रा पर निर्भर करता है.	ᱛᱚᱨᱚᱞ ᱨᱮᱱᱟᱜ ᱯᱚᱨᱤᱢᱟᱱ ᱟᱫᱷᱟᱨ ᱨᱮ ᱢᱤᱫ ᱩᱛᱩ "ᱨᱚᱦᱚᱲ" ᱥᱮ "ᱚᱫᱟ" ᱦᱩᱭ ᱫᱟᱲᱮᱭᱟᱜᱼᱟI
क्या मुझे उसे संगीत स्कूल में बुलानी चाहिए?	ᱪᱮᱫ ᱩᱱᱤ ᱥᱮᱨᱮᱧ ᱤᱛᱩᱱ ᱟᱥᱲᱟᱨᱮ ᱵᱷᱚᱨᱛᱤ ᱠᱟᱭ ᱤᱧᱟᱹᱜ ᱞᱟᱹᱠᱛᱤ ᱠᱟᱱᱟ ?
भारत में सभी सरकारी प्रशासकों को नागरिक सेवा अधिकारियों के तौर पर नियुक्‍त किया जाता है ।	ᱵᱷᱟᱨᱚᱛᱨᱮᱱ ᱨᱟᱡᱡᱚ ᱯᱨᱚᱥᱟᱥᱚᱱᱤᱠ ᱯᱚᱨᱤᱥᱮᱵᱟ ᱚᱯᱷᱤᱥᱟᱨ ᱠᱩ ᱫᱚᱠᱩ ᱦᱩᱭᱩᱜᱽᱠᱟᱱᱟ ᱵᱮᱜᱟᱨ ᱵᱮᱜᱟᱨ ᱢᱚᱦᱚᱠᱩᱢᱟᱨᱮᱱ ᱥᱚᱦᱮᱫᱤᱡᱽ ᱠᱟᱞᱮᱠᱴᱟᱨ ᱥᱮ ᱥᱟᱵ ᱫᱤᱥᱴᱨᱤᱠᱴ ᱢᱮᱡᱤᱥᱴᱨᱮᱴ, ᱵᱮᱜᱟᱨ ᱵᱮᱜᱟᱨ ᱢᱤᱩᱱᱤᱥᱤᱯᱟᱞ ᱠᱚᱨᱯᱚᱨᱮᱥᱚᱱ ᱳᱣᱟᱨᱰ ᱚᱯᱷᱤᱥᱟᱨ, ᱱᱚᱴᱤᱯᱷᱟᱭᱮᱰ ᱮᱨᱤᱭᱟ ᱠᱟᱣᱩᱱᱥᱤᱞ, ᱢᱤᱩᱱᱤᱥᱤᱯᱟᱞ ᱠᱟᱩᱱᱥᱤᱞ, ᱡᱤᱞᱟᱹ ᱯᱚᱨᱤᱥᱚᱫ, ᱵᱞᱚᱠ ᱯᱚᱨᱤᱥᱚᱫ, ᱟᱨ ᱜᱨᱟᱢ ᱯᱚᱧᱪᱟᱭᱮᱛ ᱟᱨ ᱯᱚᱱᱚᱛ ᱜᱚᱵᱚᱞᱨᱮᱭᱟᱜ ᱵᱮᱥᱟᱢᱚᱨᱤᱠ ᱠᱟᱹᱢᱤᱭᱟᱹᱠᱩ, ᱵᱮᱜᱟᱨ ᱵᱮᱜᱟᱨ ᱯᱚᱱᱚᱛ ᱥᱚᱪᱤᱵᱟᱞᱚᱭᱨᱮᱱ ᱥᱚᱪᱤᱵᱠᱩ ᱾
इस बात को ध्यान में रखते हुए आप क्या कर सकते हैं?	ᱠᱞᱚᱠᱤᱭᱟ ᱨᱮᱭᱟᱜ ᱤᱢᱯᱞᱟᱱᱴ ᱫᱚ ᱱᱚᱝᱠᱟᱱ ᱦᱚᱲ ᱦᱚᱸᱭ ᱩᱯᱠᱟᱹᱨ ᱠᱚᱣᱟ ᱡᱟᱸᱦᱟᱭ ᱠᱚᱣᱟᱜ ᱫᱚ ᱧᱩᱢᱟᱱᱟᱜ ᱟᱸᱡᱚᱢ ᱫᱟᱲᱮ ᱠᱚᱢᱚᱜᱼᱟ ᱾
आप इंदु के बारे में याद है?	ᱥᱤᱱᱫᱷᱩ ᱨᱮᱭᱟᱜ ᱠᱟᱛᱷᱟᱢ ᱩᱭᱦᱟᱹᱨ ᱮᱫᱟ ?
लेकिन अन्य कुछ भी नहीं है कि खेल के अलावा मुझे पसंद करता है, इसलिए मैं इसमें शामिल हो गया.	ᱢᱮᱱᱠᱷᱟᱱ ᱠᱷᱮᱞᱚᱸᱰ ᱪᱷᱟᱰᱟ ᱱᱚᱰᱮ ᱤᱧᱟᱹᱜ ᱠᱩᱥᱤᱭᱟᱜ ᱞᱮᱠᱟ ᱪᱮᱫ ᱦᱚᱸ ᱵᱟᱹᱱᱩᱜᱼᱟ, ᱚᱱᱟᱛᱮ ᱤᱧ ᱱᱚᱣᱟᱨᱮᱧ ᱥᱮᱞᱮᱫ ᱟᱠᱟᱱᱟ ᱾
उस वक्‍त उसने एक भारतीय राष्ट्रीय रिकॉर्ड तैयार किया जो 40 साल से टूट नहीं गया!	ᱚᱱᱟ ᱚᱠᱛᱚ ᱩᱱᱤᱫᱚ ᱯᱩᱱᱟᱜ ᱴᱷᱟᱶᱼᱮ ᱦᱟᱢᱮᱴ ᱞᱮᱫᱟ, ᱩᱱᱤᱫᱚ ᱢᱤᱫ ᱵᱷᱟᱨᱚᱛᱤᱭᱚ ᱡᱟᱹᱛᱤᱭᱟᱹᱨᱤ ᱨᱮᱠᱚᱨᱰᱼᱮ ᱵᱮᱱᱟᱣ ᱞᱮᱫᱟ ᱡᱟᱦᱟᱸᱫᱚ ᱔᱐ ᱥᱮᱨᱢᱟ ᱞᱮᱠᱟ ᱵᱟᱝ ᱯᱟᱨᱚᱢ ᱟᱠᱟᱱᱟ ᱾
आपका नाम क्या है?	ᱟᱢᱟᱜ ᱧᱩᱛᱩᱢ ᱪᱮᱫ?
जर्सी गायों को दूध मिलता है जिसमें करीब 5 प्रतिशत वसा होती है, जबकि हो सकता है कि होलैंड के दूध में 3.5 प्रतिशत वसा होती है ।	ᱡᱟᱹᱨᱥᱤ ᱜᱟᱹᱭ ᱫᱚ ᱕ ᱯᱟᱨᱥᱮᱱᱴ ᱞᱮᱠᱟ ᱯᱷᱮᱴ ᱩᱯᱟᱹᱫᱟᱱ ᱢᱮᱱᱟᱜ ᱛᱚᱣᱟ ᱠᱩ ᱮᱢᱚᱜᱼᱟ, ᱡᱟᱦᱟᱸ ᱨᱮ ᱦᱳᱞᱥᱴᱮᱭᱤᱱᱼᱯᱷᱨᱟᱭᱮᱥᱤᱭᱟᱱ ᱠᱩ ᱫᱳ ᱓ᱹ᱕ ᱯᱟᱨᱥᱮᱱᱴ ᱞᱮᱠᱟ ᱯᱷᱮᱴ ᱩᱯᱟᱹᱫᱟᱱ ᱢᱮᱱᱟᱜ ᱛᱚᱣᱟ ᱠᱩ ᱮᱢᱚᱜ ᱠᱟᱱᱟ ᱾
मेरे पास सतहत्तर घोड़ा हैं।	ᱤᱧ ᱴᱷᱮᱱ ᱮᱭᱟᱭ ᱜᱮᱞ ᱮᱭᱟᱭ ᱜᱚᱴᱟᱝ ᱜᱷᱚᱲᱟ ᱢᱮᱱᱟᱜᱼᱟ ᱠᱚᱣᱟ।
इस रिपोर्ट में इराक की ओर एक्ज़ैंड नीति के लगभग हर पहलू की अत्यधिक आलोचना की गयी है और यह तत्काल दिशा के परिवर्तन का आग्रह करता है ।	ᱤᱨᱟᱠ ᱨᱮᱭᱟᱜ ᱠᱷᱚᱵᱚᱨ ᱯᱨᱟᱛᱤ ᱠᱟᱹᱢᱤᱦᱚᱨᱟ ᱨᱮᱭᱟᱜ ᱱᱤᱛᱚᱜᱼᱟᱜ ᱱᱤᱛᱤ ᱨᱮ ᱛᱤᱱᱟᱹᱜ ᱜᱟᱱ ᱴᱷᱟᱹᱣ ᱨᱮ ᱰᱷᱮᱨ ᱟᱸᱴᱟᱠ ᱢᱮᱱᱟᱜᱼᱟ ᱟᱨ ᱱᱚᱶᱟ ᱱᱟᱠᱷᱟ ᱛᱚᱛᱠᱟᱞ ᱜᱮ ᱵᱚᱫᱚᱞ ᱥᱮᱫ ᱩᱫᱩᱜᱮᱫ ᱟᱭ᱾
हाँ, तुम ने कहा कि यह भी सीनू कहा जाता है।	ᱦᱮᱸ, ᱟᱢᱮᱢ ᱞᱟᱹᱭ ᱟᱠᱟᱫ ᱱᱚᱶᱟᱦᱚᱸ ᱥᱤᱱᱫᱷᱩ ᱠᱚ ᱢᱮᱱᱟ ᱾
अल्बर्ट एक ऐसा नाम है जो प्राचीन जर्मनिक भाषा से आया है।	ᱩᱱᱤ ᱫᱚ ᱱᱟᱵᱷᱟᱡᱳ ᱡᱟᱹᱛᱤᱭᱟᱜ ᱱᱤᱭᱩ ᱢᱮᱥᱠᱤᱠᱳ ᱨᱮᱦᱳᱵᱳᱛᱷᱚ ᱨᱮᱭ ᱡᱟᱱᱟᱢ ᱞᱮᱱᱟ ᱾
द फ्रेंड्स ऑफ द लाइब्रेरीज़, पुस्तकालयों के लिए एक सहायता समूह है।	ᱫᱟ ᱯᱷᱨᱮᱱᱰᱥ ᱚᱯᱷ ᱫᱟ ᱞᱟᱭᱵᱨᱮᱨᱤ ᱫᱚ ᱦᱩᱭᱩᱜ ᱠᱟᱱᱟ ᱯᱚᱛᱚᱵ ᱢᱩᱨᱟᱹᱭ ᱠᱚ ᱞᱟᱹᱜᱤᱫ ᱢᱤᱫᱴᱟᱝ ᱥᱚᱯᱚᱦᱚᱫ ᱜᱟᱛᱟᱠ ᱾
मगर नारियल केले, द्वीपों के रहनेवाले नारियल और गन्‍ने द्वीप - समूह के गरीब इलाकों में पाए जाते हैं ।	ᱢᱩᱲᱩᱫ ᱡᱚᱢᱟᱜ ᱟᱱᱟᱡ, ᱦᱩᱲᱩ ᱨᱮᱭᱟᱜ ᱟᱹᱰᱤᱜᱟᱱ ᱪᱟᱥ ᱟᱱᱫᱟᱢᱟᱱ ᱰᱷᱤᱯᱜᱟᱫᱮᱞ ᱨᱮ ᱦᱩᱭᱩᱜᱼᱟ, ᱟᱨ ᱱᱟᱲᱠᱮᱞ ᱟᱨ ᱥᱩᱯᱟᱹᱨᱤ ᱦᱩᱭᱩᱜ ᱠᱟᱱᱟ ᱱᱤᱠᱳᱵᱚᱨ ᱰᱷᱤᱯᱜᱟᱫᱮᱞ ᱨᱮᱭᱟᱜ ᱠᱟᱹᱣᱰᱤᱨᱳᱡᱜᱟᱨ ᱟᱨᱡᱟᱣ ᱫᱩᱨᱤᱵᱽ ᱾
ठीक है! धन्यवाद.	ᱴᱷᱤᱠ ᱜᱮᱭᱟ ! ᱟᱭᱢᱟ ᱥᱟᱨᱦᱟᱣ ᱾
क्या यह कक्षा है या मछली बाज़ार? आप सभी अभी बेंच पर खड़े हो जाइए!	ᱱᱚᱣᱟ ᱫᱚ ᱪᱮᱫ ᱠᱞᱟᱥ ᱥᱮ ᱦᱟᱠᱚ ᱵᱟᱡᱟᱨ ᱠᱟᱱᱟ ? ᱟᱯᱮ ᱫᱚ ᱡᱚᱛᱚ ᱠᱚᱜᱮ ᱱᱤᱛᱚᱜ ᱵᱮᱧᱪ ᱪᱮᱛᱟᱱ ᱛᱮᱸᱜᱚᱱ ᱯᱮ !
आपकी आयु कितनी है?	ᱟᱢᱟᱜ ᱛᱤᱱᱮᱜ ᱵᱚᱭᱮᱥ ᱦᱩᱭᱩᱜ ᱠᱟᱱ ᱛᱟᱢᱟ?
1828 में, उनका एक बेटा हुआ, जिसका नाम मिलार्ड पॉवर्स फिलमोर रखा गया।	᱑᱘᱒᱘ ᱥᱟᱞ ᱨᱮ, ᱢᱤᱞᱟᱨᱰ ᱯᱟᱣᱟᱨᱥᱚᱱ ᱯᱷᱤᱞᱢᱳᱨ ᱧᱩᱛᱩᱢ ᱛᱮ ᱟᱡ ᱨᱮᱱ ᱢᱤᱫᱴᱟᱝ ᱜᱤᱫᱽᱨᱟᱹᱭ ᱛᱟᱦᱮᱸ ᱠᱟᱱᱟ ᱾
मेरे पास सात केला हैं।	ᱤᱧ ᱴᱷᱮᱱ ᱮᱭᱟᱭ ᱜᱚᱴᱟᱝ ᱠᱮᱞᱟ ᱢᱮᱱᱟᱜᱼᱟ ᱠᱚᱣᱟ।
बांग्लादेश में 74.7% की शिक्षा दर है 2019: 77.4% पुरुषों और 71 लड़कियों के लिए.9% है.	᱒᱐᱑᱙ᱼᱨᱮᱭᱟᱜ ᱦᱤᱥᱟᱹᱵᱞᱮᱠᱟᱛᱮ ᱵᱟᱝᱞᱟᱫᱮᱥ ᱨᱮᱭᱟᱜ ᱥᱮᱪᱮᱫ ᱦᱟᱨ ᱗᱔ᱹ᱗%; ᱠᱚᱲᱟ ᱦᱚᱯᱚᱱᱠᱩ ᱢᱩᱫᱨᱮ ᱗᱑ᱹ᱙% ᱟᱨ ᱛᱤᱨᱞᱟᱹᱠᱩ ᱢᱩᱫᱨᱮ ᱗᱗ᱹ᱘% ᱾
मुझे डर है कि अगर मैं पर्याप्त सावधान नहीं रहा तो मैं पेंटिंग को नष्ट कर सकता हूँ।	ᱤᱧ ᱵᱚᱛᱚᱨᱚᱜ ᱠᱟᱱᱟ ᱡᱩᱫᱤ ᱤᱧ ᱫᱚ ᱵᱷᱟᱜᱮ ᱥᱟᱹᱦᱤᱫ ᱵᱟᱹᱧ ᱥᱚᱱᱛᱚᱨᱚᱜᱼᱟ ᱛᱟᱦᱚᱞᱮ ᱪᱤᱛᱟᱹᱨ ᱫᱚ ᱱᱚᱥᱴᱚ ᱫᱟᱲᱮᱭᱟᱜᱼᱟ ᱾
बाद में रिपोर्टों ने कहा कि विमान को बम ख़तरा हो गया और वापस अफगानिस्तान में आ गया ।	ᱛᱟᱭᱚᱢ ᱟᱱᱟᱜ ᱨᱤᱯᱚᱨᱴᱤᱧ ᱨᱮ ᱢᱮᱱ ᱠᱮᱫᱟ ᱡᱮ ᱩᱰᱟᱹᱱ ᱜᱟᱰᱤ ᱫᱚ ᱵᱚᱢ ᱨᱮᱱᱟᱜ ᱪᱮᱛᱟᱣ ᱧᱟᱢ ᱟᱠᱟᱫᱟ ᱟᱨ ᱚᱱᱟ ᱠᱟᱸᱫᱷᱟᱨ ᱨᱮ ᱟᱬᱜᱚᱱ ᱛᱩᱞᱩᱡ ᱨᱩᱣᱟᱹᱲ ᱠᱮᱫᱟ ᱠᱚ ᱟᱯᱷᱜᱚᱱᱤᱥᱛᱟᱱ᱾
एमिटी, अर्कांसस: एमिटी अमेरिकी राज्य अर्कांसस का एक शहर है।	ᱮᱹᱢᱤᱴᱤ, ᱟᱨᱠᱟᱱᱥᱟᱥ ᱮᱹᱢᱤᱴᱤ ᱫᱚ ᱢᱟᱨᱠᱤᱱ ᱡᱩᱠᱛᱚᱨᱟᱥᱴᱨᱚ ᱨᱮᱭᱟᱜ ᱟᱨᱠᱟᱱᱥᱟᱥ ᱯᱚᱱᱚᱛ ᱨᱮᱭᱟᱜ ᱢᱤᱫᱴᱟᱝ ᱥᱟᱦᱟᱨ ᱾
सुशांत सिंह राजपूत की आत्महत्या की खबर सुनकर बहुत निराशा हुई।	ᱥᱩᱥᱟᱱᱛᱚ ᱥᱤᱝ ᱨᱟᱡᱯᱩᱛᱟᱜ ᱟᱡᱛᱮ ᱜᱚᱡ ᱨᱮᱭᱟᱜ ᱠᱷᱚᱵᱚᱨ ᱟᱸᱡᱚᱢ ᱠᱟᱛᱮ ᱢᱚᱱᱮ ᱟᱹᱰᱤ ᱵᱟᱹᱲᱤᱡ ᱮᱱ ᱛᱤᱧᱟ ᱾
7 मार्च, स्टेट- रन मीडिया और मानव अधिकार समूहों ने सार्वजनिक अस्पताल, यूनिवर्सिटी और मंदिरों के भंडारों की पुष्टि की ।	᱗ ᱤ ᱢᱟᱨᱪ, ᱯᱚᱱᱚᱛ ᱪᱟᱪᱟᱞᱟᱣᱤᱡ ᱢᱤᱰᱤᱭᱟ ᱟᱨ ᱢᱟᱱᱣᱟ ᱟᱹᱭᱫᱟᱹᱨᱟᱱ ᱜᱟᱫᱮᱞ ᱠᱚ ᱨᱩᱠᱷᱟᱹᱭᱟ ᱯᱷᱟᱹᱫ ᱫᱟᱨᱟᱭ ᱛᱮ ᱥᱚᱨᱠᱟᱨᱟᱜ ᱦᱟᱸᱥᱯᱟᱛᱟᱞ, ᱡᱮᱜᱮᱫ ᱵᱤᱨᱫᱽᱟᱜᱟᱲ ᱟᱨ ᱢᱩᱱᱫᱤᱞ ᱥᱩᱯᱩᱨ ᱜᱚᱵᱚᱞ ᱠᱚᱨᱟᱣ ᱨᱮᱭᱟᱜ ᱠᱷᱚᱵᱚᱨ ᱴᱷᱤᱠᱟᱱ ᱠᱟᱛᱮ ᱾
वे तर्क करते हैं कि व्यक्‍तित्व विकारों के सिद्धांत और निदान सामाजिक या यहाँ तक कि आर्थिक विचार पर निश्‍चित रूप से आधारित हैं ।	ᱩᱱᱠᱩᱣᱟᱜ ᱡᱩᱠᱛᱤᱛᱮ, ᱦᱚᱲᱟᱜ ᱟᱡᱟᱨ ᱛᱮ ᱨᱮᱛᱮᱫ ᱟᱨ ᱨᱳᱜ ᱴᱷᱟᱹᱣᱠᱟᱹ ᱜᱚᱴᱟ ᱞᱟᱹᱜᱤᱫ ᱠᱮᱴᱮᱡ ᱢᱟᱪᱷᱛᱮ ᱥᱟᱶᱛᱟ, ᱱᱚᱝᱠᱟᱜᱤ ᱥᱟᱶᱛᱟ ᱨᱟᱡᱟᱹᱨᱤ ᱟᱨ ᱠᱟᱹᱣᱰᱤ ᱟᱹᱨᱤ ᱵᱟᱪᱷᱱᱟᱣ ᱵᱩᱱᱤᱭᱟᱹᱫᱽ᱾
इसके अलावा, इस बात से भी पता चलता है कि गंध का आकर्षण और दूसरे जीव - जंतुओं को आकर्षित करता है, इसलिए खाने - पीने की चीज़ें लेने या खाना पकाने से दूर रहिए और एक साफ शिविर बनाए रखिए ।	ᱚᱱᱟ ᱵᱟᱫᱽ ᱟᱛᱮ, ᱥᱟᱵᱽᱫᱷᱟᱱ ᱵᱚᱱ ᱛᱟᱦᱮᱱ ᱢᱟ ᱥᱚᱻ ᱫᱚ ᱵᱟᱱᱟ ᱟᱨ ᱮᱴᱟᱜ ᱡᱩᱱᱛᱩ ᱠᱚᱭ ᱜᱚᱦᱚᱲ ᱟᱹᱜᱩ ᱠᱚᱣᱟ, ᱚᱱᱟ ᱞᱟᱹᱜᱤᱫ ᱥᱚᱻᱣᱟᱱ ᱡᱚᱢᱟᱜ ᱤᱫᱤ ᱥᱮ ᱪᱚᱸᱫᱟ ᱠᱷᱚᱱ ᱨᱩᱠᱷᱤᱭᱟᱹᱜ ᱯᱮ ᱟᱨ ᱢᱤᱫ ᱥᱟᱯᱷᱟ ᱠᱮᱸᱯ ᱫᱚᱦᱚᱭ ᱯᱮ᱾
लगभग 3 मिनट में लॉन्च करने के लिए, एक बोर्ड-बोर्ड कैमरा ने ईंधन टैंकों से दूर रोकने के कई टुकड़ों को दिखाया.	ᱞᱚᱧᱪ ᱨᱮᱭᱟᱜ ᱟᱢᱫᱟᱡᱽ ᱴᱤᱲᱤᱡ ᱛᱟᱭᱚᱢ, ᱢᱤᱫ ᱚᱱᱼᱵᱚᱨᱰ ᱠᱮᱢᱮᱨᱟ ᱯᱷᱤᱭᱩᱞ ᱴᱮᱸᱠ ᱠᱷᱚᱱ ᱤᱱᱥᱩᱞᱮᱥᱟᱱ ᱯᱷᱚᱢ ᱨᱮᱭᱟᱜ ᱟᱭᱢᱟ ᱦᱟᱹᱴᱤᱧ ᱪᱷᱟᱲᱟᱣ ᱮ ᱩᱫᱩᱜ ᱠᱮᱫᱟ᱾
मैं नहीं जानता कि अगर आप यह पता है या नहीं, लेकिन मध्य अमेरिका से अधिकांश संपत्ति इस देश कर्तव्य-स्वतंत्र में आया था।	ᱤᱧ ᱵᱟᱹᱧ ᱵᱟᱲᱟᱭᱟ ᱡᱮ ᱟᱢ ᱵᱟᱲᱟᱭᱟᱢ ᱥᱮ ᱵᱟᱝᱟ, ᱢᱮᱱᱠᱷᱟᱱ ᱛᱟᱞᱟ ᱟᱢᱮᱨᱤᱠᱟ ᱠᱷᱚᱱ ᱰᱷᱮᱨ ᱡᱤᱱᱤᱥ ᱱᱚᱶᱟ ᱫᱤᱥᱚᱢ ᱨᱮ ᱥᱩᱞᱠ ᱢᱩᱯᱷᱚᱛ ᱦᱮᱡ ᱮᱱᱟ᱾
मैं उसके जैसे एक भयानक खिलाड़ी बनने के बाद एक प्राप्त करना चाहते हैं.	ᱤᱧᱦᱚᱸ ᱩᱱᱤ ᱞᱮᱠᱟ ᱢᱤᱫ ᱦᱟᱦᱟᱲᱟᱜᱼᱟᱱ ᱠᱷᱮᱞᱚᱱᱰᱤᱭᱟᱹ ᱦᱩᱭ ᱛᱟᱭᱚᱢ ᱢᱤᱫᱴᱟᱝ ᱧᱟᱢ ᱤᱧ ᱠᱷᱚᱡᱽ ᱠᱟᱱᱟ ᱾
अल्जीरियाई राष्ट्रवाद चार अलग-अलग समूहों के प्रयासों से उभरा।	ᱯᱩᱱᱭᱟᱹ ᱵᱷᱮᱜᱟᱨ ᱵᱷᱮᱜᱟᱨ ᱜᱟᱛᱟᱠ ᱨᱮᱭᱟᱜ ᱠᱩᱨᱩᱢᱩᱴᱩ ᱛᱮ ᱟᱞᱡᱮᱨᱤᱭᱚ ᱡᱟᱹᱛᱤᱭᱟᱹᱨᱤ ᱵᱟᱫ ᱨᱮᱭᱟᱜ ᱥᱤᱨᱡᱟᱹᱣ ᱞᱮᱱᱟ ᱾
मामा रुवाण्डा के पास नैशनल रिपब्लिक ऑफ कांगो का एक पर्यटक शहर है ।	ᱜᱚᱢᱟ ᱫᱚ ᱰᱮᱢᱚᱠᱨᱮᱴᱤᱠ ᱨᱤᱯᱚᱵᱽᱞᱤᱠ ᱚᱯᱷ ᱠᱚᱝᱜᱚ ᱥᱚᱦᱚᱨ ᱨᱮᱭᱟᱜ ᱴᱩᱨᱤᱥᱴ ᱥᱚᱦᱚᱨ ᱠᱟᱱᱟ ᱚᱠᱟ ᱫᱚ ᱯᱩᱨᱩᱵᱽ ᱩᱛᱟᱹᱨ ᱨᱩᱣᱟᱱᱰᱟ ᱥᱩᱨ ᱨᱮ ᱢᱮᱱᱟᱜᱼᱟ᱾
कल मेरे सबसे अच्छे दोस्त ने स्कूल छोड़ दिया क्योंकि वह दूसरे देश में जा रहा था।	ᱞᱟᱦᱟ ᱫᱤᱱ ᱤᱧᱨᱮᱱ ᱡᱚᱛᱚ ᱠᱷᱚᱱ ᱵᱷᱟᱜᱮ ᱜᱟᱛᱮ ᱤᱥᱠᱩᱞ ᱠᱷᱚᱱ ᱚᱰᱚᱠ ᱠᱟᱛᱮᱭ ᱪᱟᱞᱟᱜ ᱠᱟᱱᱟ ᱪᱮᱫᱟᱜ ᱥᱮ ᱩᱱᱤ ᱫᱚ ᱮᱴᱟᱜ ᱫᱤᱥᱚᱢ ᱨᱮᱭ ᱪᱟᱞᱟᱜ ᱠᱟᱱᱟ ᱾
अट्ठाईस	ᱠᱩᱲᱤ ᱟᱨ
इस खेल के सीक्वल, डियाब्लो II और III बनाए गए थे।	ᱜᱮᱢ ᱨᱮᱭᱟᱜ ᱥᱤᱠᱩᱣᱟᱞ, ᱰᱟᱭᱟᱵᱞᱳ II ᱟᱨ III ᱵᱮᱱᱟᱣ ᱦᱩᱭ ᱞᱮᱱᱟ ᱾
यहाँ से चुनाव करने के लिए 17,000 द्वीपों में एक छाता है ।	᱑᱗᱐᱐᱐ ᱟᱭᱤᱞᱮᱭᱱᱰ ᱥᱟᱶ ᱵᱟᱪᱷᱟᱣ ᱞᱟᱹᱜᱤᱫ, ᱤᱱᱰᱳᱱᱮᱥᱤᱭᱟ ᱡᱚᱢᱟᱜ ᱢᱤᱫ ᱪᱷᱟᱛᱨᱤ ᱟᱣᱫᱷᱤ ᱢᱮᱱᱟᱜᱼᱟ ᱡᱟᱦᱟᱸ ᱫᱚ ᱫᱤᱥᱚᱢ ᱨᱮ ᱧᱟᱢ ᱟᱠᱟᱱ ᱟᱭᱢᱟ ᱞᱮᱠᱟᱱ ᱴᱚᱴᱷᱟ ᱨᱮᱱᱟᱜ ᱡᱚᱢ ᱧᱩ ᱠᱚ ᱠᱚᱵᱷᱚᱨ ᱮᱫᱼᱟᱭ᱾
बाएँ मुड़ें	ᱞᱮᱸᱜᱟ ᱥᱮᱫ ᱟᱹᱪᱩᱨᱚᱜ ᱢᱮ
वह तर्क करता है कि ध्वनि ट्रैक का सार, मूल रूप से, पारंपरिक मठों का एक औपचारिक उत्सव था ।	ᱩᱱᱤ ᱡᱩᱠᱛᱤᱭ ᱮᱢ ᱞᱮᱫᱟ ᱡᱮ ᱥᱟᱣᱩᱱᱴᱨᱮᱠ ᱫᱚ ᱢᱩᱲᱩᱫ ᱨᱮ ᱳᱭᱛᱤᱡᱽᱡᱷᱚ ᱥᱮᱫᱛᱮ ᱯᱨᱚᱛᱱᱚᱛᱟᱛᱤᱠ ᱱᱮᱭᱟᱢ ᱨᱮᱭᱟᱜ ᱟᱠᱷᱲᱟ ᱩᱱᱩᱰᱷᱟᱹᱣ ᱛᱟᱦᱮᱸ ᱠᱟᱱᱟ ᱾
नौकरी कर्मचारियों के सरकारी बीमा बीमा बीमा बीमा बीमा कंपनी, हैदराबाद, यू. एस.	ᱟᱨᱹᱥᱤᱹᱟᱭᱹ ᱫᱚ ᱟᱹᱫᱤᱨᱩᱯ ᱩᱫᱜᱟᱹᱣ ᱞᱟᱹᱜᱤᱫ ᱜᱚᱲᱚ ᱠᱟᱛᱮ ᱦᱟᱭᱫᱨᱟᱵᱟᱫ ᱨᱮᱭᱟᱜ ᱮᱢᱯᱞᱚᱭᱤᱡ ᱤᱥᱴᱮᱴ ᱤᱱᱥᱩᱨᱮᱱᱥ ᱠᱳᱨᱯᱚᱨᱮᱥᱚᱱ ᱢᱮᱰᱤᱠᱮᱞ ᱠᱳᱞᱮᱡ, ᱟᱨ ᱪᱤᱠᱠᱤᱥᱟ ᱨᱮ ᱵᱮᱣᱦᱟᱨ ᱟᱠᱟᱱ ᱫᱩᱨᱤᱵᱽ ᱵᱤᱰᱟᱹᱣ, ᱢᱩᱞᱞᱟᱭᱚᱱ, ᱟᱨ ᱥᱤᱠᱟᱹᱨᱟᱱᱟᱜ ᱨᱮ ᱜᱚᱲᱚ ᱠᱟᱛᱮ ᱯᱳᱥᱴᱜᱨᱟᱡᱩᱭᱮᱴ ᱤᱱᱥᱴᱤᱴᱩᱭᱮᱴ ᱚᱯ ᱢᱮᱰᱤᱠᱮᱞ ᱮᱰᱩᱠᱮᱥᱚᱱ ᱮᱸᱱᱰ ᱨᱤᱥᱟᱨᱪ ᱾
जीवीर देश का एक महत्त्वपूर्ण ऐतिहासिक और आयामी क्षेत्र भी है। इसलिए, भूमि की अर्थव्यवस्था पर भी इसका प्रभाव है।	ᱜᱵᱟᱞᱤᱭᱚᱨ ᱫᱤᱥᱚᱢᱨᱮ ᱢᱤᱫᱴᱟᱝ ᱧᱩᱛᱩᱢᱟᱱ ᱥᱮᱨᱣᱟ ᱟᱨ ᱥᱟᱝᱜᱷᱟᱨ ᱛᱷᱚᱱᱚᱛ, ᱚᱝᱠᱟᱞᱮᱠᱟ, ᱫᱤᱥᱚᱢ ᱠᱟᱹᱣᱰᱤ ᱟᱹᱨᱤ ᱪᱮᱛᱟᱱ ᱱᱤᱭᱟᱹ ᱥᱟᱝᱜᱷᱟᱨ ᱛᱷᱚᱱᱚᱛ ᱨᱮᱭᱟᱜ ᱢᱤᱫᱴᱟᱝ ᱚᱨᱥᱚᱝ ᱢᱮᱱᱟᱜᱼᱟ᱾
यदि आप साहित्य लेना चाहते हैं, तो फ्रांसीसी इसके लिए सर्वोत्तम होगा ।	ᱟᱢ ᱡᱚᱫᱤ ᱥᱟᱶᱷᱮᱫ ᱟᱸᱜᱚᱪ ᱥᱟᱱᱟᱢᱮᱭᱟ ᱮᱱᱠᱷᱟᱱ ᱯᱷᱚᱨᱟᱥᱤ ᱦᱩᱭᱩᱜᱼᱟ ᱚᱱᱟ ᱞᱟᱹᱜᱤᱫ ᱥᱚᱨᱮᱥ ᱾
पैंतीस	ᱯᱮ ᱜᱮᱞ ᱢᱚᱬᱮ
संयुक्‍त राष्ट्र शांतिवादी, जो 2010 के भूकंप के बाद हैती में आई है, इस बीमारी के फैलने का दोष लगाया जा रहा है जो सेना की छावनी के पास शुरू हुई.	UN ᱯᱤᱥᱢᱮᱠᱚᱨ, ᱚᱠᱚᱭ ᱫᱚ ᱵᱷᱩᱢᱤᱠᱚᱢᱯᱚ ᱦᱟᱭᱴᱤ ᱒᱐᱑᱐ ᱛᱟᱭᱚᱢ ᱠᱚ ᱦᱮᱡᱼᱟ, ᱫᱚ ᱴᱨᱩᱯ ᱵᱟᱥᱟ ᱴᱷᱮᱱ ᱵᱮᱢᱟᱨ ᱯᱟᱥᱱᱟᱣ ᱨᱮᱭᱟᱜ ᱢᱩᱞ ᱠᱟᱨᱚᱬ ᱛᱮ ᱠᱚ ᱫᱚᱥ ᱠᱚᱣᱟ᱾
इस सेवा में शामिल होने के बारे में आपके स्थानीय टेलिफोन सेवा दाता को अधिक जानकारी मिलनी चाहिए ।	ᱟᱢᱟᱜ ᱴᱚᱴᱷᱟ ᱴᱮᱞᱤᱯᱷᱚᱱ ᱥᱮᱣᱟ ᱮᱢᱚᱜᱤᱡ ᱱᱚᱣᱟ ᱥᱮᱣᱟ ᱥᱮᱞᱮᱫ ᱵᱟᱠᱷᱨᱟ ᱵᱟᱹᱲᱛᱤ ᱞᱟᱹᱭ ᱫᱟᱲᱮᱭᱟᱜᱼᱟᱭ᱾
चूँकि कई कंप्यूटर एक साथ काम करते हैं, यह उन्हें एक सुपरकंप्यूटर जितना शक्तिशाली बनाता है।	ᱟᱭᱢᱟ ᱠᱚᱢᱯᱤᱭᱩᱴᱟᱨ ᱢᱤᱫᱥᱟᱣᱛᱮ ᱠᱟᱹᱢᱤ ᱨᱮᱭᱟᱜ ᱚᱡᱮᱛᱮ, ᱱᱚᱶᱟ ᱫᱚ ᱩᱱᱠᱩᱣᱟᱜ ᱥᱩᱯᱟᱨ ᱠᱚᱢᱯᱤᱭᱩᱴᱟᱨ ᱞᱮᱠᱟ ᱫᱟᱲᱮᱭ ᱥᱤᱨᱡᱟᱹᱣᱟ ᱾
